Symbol,Company,GICS_Sector,GICS_Sub_Industry,Current_Price,52_Week_High,52_Week_Low,SMA_5,SMA_10,SMA_20,SMA_50,SMA_100,SMA_125,SMA_200
MMM,3M,Industrials,Industrial Conglomerates,162.04,174.69,120.31,160.9,162.62,165.67,165.36,159.76,158.07,152.22
AOS,A. O. Smith,Industrials,Building Products,67.72,76.52,57.94,67.91,68.13,67.59,66.8,69.19,69.2,67.56
ABT,Abbott Laboratories,Health Care,Health Care Equipment,124.71,139.33,109.37,124.94,125.73,125.27,126.31,129.15,129.04,129.35
ABBV,AbbVie,Health Care,Biotechnology,229.75,243.06,160.33,228.63,226.47,226.11,226.68,220.8,214.39,203.86
ACN,Accenture,Information Technology,IT Consulting & Other Services,270.74,394.41,229.4,270.88,271.64,268.61,254.87,250.78,257.03,274.68
ADBE,Adobe Inc.,Information Technology,Application Software,352.86,465.7,311.59,354.33,353.76,344.11,338.58,344.84,349.35,363.24
AMD,Advanced Micro Devices,Information Technology,Semiconductors,214.83,267.08,76.48,214.63,209.98,214.48,229.18,201.35,192.46,160.93
AES,AES Corporation,Utilities,Independent Power Producers & Energy Traders,14.06,15.32,9.16,13.86,13.78,13.85,13.95,13.59,13.38,12.36
AFL,Aflac,Financials,Life & Health Insurance,109.83,115.24,95.64,110.32,110.36,109.6,109.6,108.52,106.94,105.92
A,Agilent Technologies,Health Care,Life Sciences Tools & Services,138.31,160.27,96.03,138.15,138.38,142.43,145.08,135.56,132.01,124.48
APD,Air Products,Materials,Industrial Gases,247.45,334.71,229.11,244.56,244.32,247.59,251.16,266.31,271.08,271.87
ABNB,Airbnb,Consumer Discretionary,"Hotels, Resorts & Cruise Lines",136.86,163.93,99.88,136.47,134.23,128.24,124.65,124.24,126.72,126.61
AKAM,Akamai Technologies,Information Technology,Internet Services & Infrastructure,88.16,103.75,67.51,89.11,88.17,87.34,83.34,79.72,79.47,79.04
ALB,Albemarle Corporation,Materials,Specialty Chemicals,149.9,152.08,48.7,147.27,140.76,134.27,116.23,99.26,93.77,81.56
ARE,Alexandria Real Estate Equities,Real Estate,Office REITs,48.47,100.23,44.1,48.37,47.94,48.14,55.23,67.41,69.34,71.61
ALGN,Align Technology,Health Care,Health Care Supplies,158.59,237.23,122.0,158.03,160.32,158.11,145.41,140.2,149.79,159.15
ALLE,Allegion,Industrials,Building Products,160.6,180.68,116.14,160.57,160.7,161.39,164.92,168.76,166.04,154.34
LNT,Alliant Energy,Utilities,Electric Utilities,65.16,69.59,54.52,65.11,65.29,65.68,66.86,66.03,65.36,63.49
ALL,Allstate,Financials,Property & Casualty Insurance,207.83,214.88,173.06,207.94,208.23,207.02,203.04,203.94,201.99,200.55
GOOGL,Alphabet Inc. (Class A),Communication Services,Interactive Media & Services,313.43,328.62,140.14,311.76,308.21,312.68,292.88,260.86,245.81,214.82
GOOG,Alphabet Inc. (Class C),Communication Services,Interactive Media & Services,314.9,328.46,142.27,313.24,309.56,313.68,293.59,261.54,246.54,215.89
MO,Altria,Consumer Staples,Tobacco,57.56,67.51,47.59,58.39,58.67,58.61,59.37,62.3,61.55,59.75
AMZN,Amazon,Consumer Discretionary,Broadline Retail,232.84,258.6,161.38,230.63,227.25,229.09,230.41,228.15,227.47,216.32
AMCR,Amcor,Materials,Paper & Plastic Packaging Products & Materials,8.27,10.3,7.67,8.28,8.29,8.32,8.29,8.37,8.61,8.84
AEE,Ameren,Utilities,Multi-Utilities,99.69,105.97,84.34,99.36,98.87,99.47,101.82,101.11,100.27,98.48
AEP,American Electric Power,Utilities,Electric Utilities,115.59,124.8,86.88,115.03,114.99,116.36,118.31,114.57,112.88,108.85
AXP,American Express,Financials,Consumer Finance,381.29,387.49,219.32,380.79,380.1,374.18,363.67,343.12,336.66,314.57
AIG,American International Group,Financials,Multi-line Insurance,86.36,87.29,67.79,86.39,85.91,81.64,78.88,79.08,79.24,80.3
AMT,American Tower,Real Estate,Telecom Tower REITs,176.37,232.28,168.28,174.12,176.35,177.77,181.07,188.6,194.7,201.05
AWK,American Water Works,Utilities,Water Utilities,130.47,152.71,115.89,130.88,131.99,130.82,132.03,135.9,136.74,138.35
AMP,Ameriprise Financial,Financials,Asset Management & Custody Banks,501.57,574.69,392.21,497.2,493.29,483.62,469.78,483.53,491.93,491.18
AME,Ametek,Industrials,Electrical Components & Equipment,208.31,210.14,144.31,206.93,204.32,201.52,195.99,190.57,188.48,182.25
AMGN,Amgen,Health Care,Biotechnology,332.07,346.38,248.95,331.26,327.65,329.06,320.2,302.13,300.61,293.81
APH,Amphenol,Information Technology,Electronic Components,137.55,144.09,56.16,136.61,132.69,135.99,135.54,125.96,121.12,105.2
ADI,Analog Devices,Information Technology,Semiconductors,276.37,284.23,156.76,276.18,276.5,276.06,252.36,246.56,244.08,229.77
AON,Aon plc,Financials,Insurance Brokers,356.89,411.24,322.37,354.98,353.96,350.24,346.15,355.11,355.33,359.61
APA,APA Corporation,Energy,Oil & Gas Exploration & Production,24.07,27.72,13.04,24.26,24.49,25.31,24.21,23.31,22.43,20.53
APO,Apollo Global Management,Financials,Asset Management & Custody Banks,148.38,172.65,101.44,148.17,147.56,143.05,133.43,134.03,136.43,135.04
AAPL,Apple Inc.,Information Technology,"Technology Hardware, Storage & Peripherals",273.71,288.62,168.63,272.9,273.55,276.96,271.45,255.47,246.34,230.49
AMAT,Applied Materials,Information Technology,Semiconductor Materials & Equipment,262.44,276.1,122.8,259.77,258.0,261.95,242.91,213.94,208.94,189.19
APTV,Aptiv,Consumer Discretionary,Automotive Parts & Equipment,76.89,88.8,47.19,77.1,77.34,77.41,79.54,79.96,77.89,71.95
ACGL,Arch Capital Group,Financials,Property & Casualty Insurance,96.01,97.6,82.45,96.54,96.03,94.26,91.19,90.96,90.44,91.24
ADM,Archer Daniels Midland,Consumer Staples,Agricultural Products & Services,57.84,64.46,39.88,57.84,58.42,58.91,59.25,59.83,58.64,54.38
ANET,Arista Networks,Information Technology,Communications Equipment,131.78,164.94,59.43,131.14,127.95,128.82,135.58,138.77,133.23,115.46
AJG,Arthur J. Gallagher & Co.,Financials,Insurance Brokers,260.94,348.85,236.34,258.41,255.91,249.51,255.64,277.11,282.71,299.78
AIZ,Assurant,Financials,Multi-line Insurance,240.27,243.76,172.97,240.79,237.49,230.68,222.84,217.66,211.52,206.0
T,AT&T,Communication Services,Integrated Telecommunication Services,24.6,29.47,20.72,24.43,24.38,24.76,25.12,26.58,26.72,26.77
ATO,Atmos Energy,Utilities,Gas Utilities,168.03,179.62,133.16,167.69,168.42,169.15,172.34,169.24,166.12,160.91
ADSK,Autodesk,Information Technology,Application Software,300.59,329.09,232.67,299.39,297.51,300.84,300.57,304.44,303.76,294.96
ADP,Automatic Data Processing,Industrials,Human Resource & Employment Services,258.62,324.5,245.59,258.28,261.11,259.25,260.41,276.97,281.85,288.96
AZO,AutoZone,Consumer Discretionary,Automotive Retail,3447.46,4388.11,3162.0,3434.65,3434.5,3585.66,3726.94,3938.68,3906.57,3821.94
AVB,AvalonBay Communities,Real Estate,Multi-Family Residential REITs,182.88,224.32,166.73,181.85,180.34,179.52,180.1,184.85,187.32,192.79
AVY,Avery Dennison,Materials,Paper & Plastic Packaging Products & Materials,182.5,192.3,154.46,181.52,182.41,178.77,174.37,170.17,171.24,171.91
AXON,Axon Enterprise,Industrials,Aerospace & Defense,584.61,885.92,469.24,592.23,574.56,562.55,603.72,676.65,692.46,679.68
BKR,Baker Hughes,Energy,Oil & Gas Equipment & Services,45.15,51.12,33.06,45.18,45.44,47.26,47.53,46.64,45.58,42.85
BALL,Ball Corporation,Materials,"Metal, Glass & Plastic Containers",52.52,59.82,43.01,52.27,52.01,50.26,48.98,49.76,51.35,51.43
BAC,Bank of America,Financials,Diversified Banks,56.15,56.54,32.53,55.9,55.36,54.53,53.12,51.27,50.39,47.03
BAX,Baxter International,Health Care,Health Care Equipment,19.32,37.25,17.39,19.06,19.14,18.87,19.42,21.44,22.7,25.66
BDX,Becton Dickinson,Health Care,Health Care Equipment,196.27,246.65,160.6,196.08,196.78,194.82,189.31,189.08,186.61,187.19
BBY,Best Buy,Consumer Discretionary,Computer & Electronics Retail,69.42,87.0,52.85,70.37,71.21,72.56,76.0,74.34,72.86,70.37
TECH,Bio-Techne,Health Care,Life Sciences Tools & Services,59.06,78.83,45.8,58.95,58.35,60.2,60.92,57.79,57.04,55.08
BIIB,Biogen,Health Care,Biotechnology,176.43,185.17,110.04,175.42,174.04,176.54,165.39,153.17,148.62,140.65
BLK,BlackRock,Financials,Asset Management & Custody Banks,1089.17,1214.03,762.34,1082.61,1078.24,1071.44,1074.37,1102.7,1099.54,1037.43
BX,Blackstone Inc.,Financials,Asset Management & Custody Banks,155.43,188.42,113.15,154.72,153.41,152.34,148.95,159.74,160.6,151.51
XYZ,"Block, Inc.",Financials,Transaction & Payment Processing Services,66.23,94.25,44.27,65.54,64.92,63.72,67.4,71.78,72.07,66.89
BK,BNY Mellon,Financials,Asset Management & Custody Banks,117.61,119.4,69.31,117.23,116.25,115.35,111.09,107.98,105.67,97.4
BA,Boeing,Industrials,Aerospace & Defense,216.48,242.69,128.88,216.48,211.36,205.34,202.46,212.99,215.52,204.42
BKNG,Booking Holdings,Consumer Discretionary,"Hotels, Resorts & Cruise Lines",5444.49,5818.24,4074.35,5426.2,5401.37,5255.45,5095.1,5277.39,5349.38,5220.27
BSX,Boston Scientific,Health Care,Health Care Equipment,96.07,109.5,85.98,96.06,94.86,95.74,98.54,99.99,100.92,100.96
BMY,Bristol Myers Squibb,Health Care,Pharmaceuticals,54.58,61.0,42.38,54.48,54.02,52.33,48.48,47.04,46.9,47.88
AVGO,Broadcom,Information Technology,Semiconductors,352.17,413.82,137.28,346.57,342.66,368.41,361.21,343.08,330.96,285.77
BR,Broadridge Financial Solutions,Industrials,Data Processing & Outsourced Services,228.02,269.71,209.84,227.59,228.01,227.87,226.09,236.59,237.56,236.4
BRO,Brown & Brown,Financials,Insurance Brokers,80.67,125.05,76.17,80.4,80.86,80.04,81.1,87.62,90.51,99.06
BLDR,Builders FirstSource,Industrials,Building Products,103.64,175.12,94.35,103.56,104.33,107.41,109.81,121.34,122.98,120.92
BG,Bunge Global,Consumer Staples,Agricultural Products & Services,88.97,98.82,65.12,89.49,90.98,92.49,93.97,87.85,85.44,82.03
BXP,"BXP, Inc.",Real Estate,Office REITs,69.35,78.59,52.95,69.11,69.8,70.23,70.83,71.13,70.55,68.52
CHRW,C.H. Robinson,Industrials,Air Freight & Logistics,164.55,167.9,83.39,165.11,162.44,159.95,150.16,138.77,131.16,117.04
CDNS,Cadence Design Systems,Information Technology,Application Software,318.76,376.45,221.56,317.19,317.52,323.57,323.7,336.75,335.64,316.67
CZR,Caesars Entertainment,Consumer Discretionary,Casinos & Gaming,24.76,40.0,18.25,24.62,24.33,23.86,22.03,23.74,24.81,25.71
CPT,Camden Property Trust,Real Estate,Multi-Family Residential REITs,109.11,121.85,96.2,108.26,106.83,105.1,102.96,104.05,105.32,108.11
CPB,Campbell's Company (The),Consumer Staples,Packaged Foods & Meats,28.1,42.36,27.64,28.19,28.4,28.95,30.03,31.01,31.06,32.48
COF,Capital One,Financials,Consumer Finance,248.9,249.65,141.84,247.05,243.69,236.32,223.31,220.58,219.42,205.73
CAH,Cardinal Health,Health Care,Health Care Distributors,208.01,214.93,115.86,206.21,202.46,202.06,194.1,172.89,170.22,160.64
KMX,CarMax,Consumer Discretionary,Automotive Retail,39.22,89.47,30.26,38.69,39.64,39.51,38.97,46.91,50.11,56.91
CCL,Carnival,Consumer Discretionary,"Hotels, Resorts & Cruise Lines",30.77,32.89,15.07,31.4,29.78,27.94,27.56,28.88,29.0,26.09
CARR,Carrier Global,Industrials,Building Products,53.55,80.78,50.3,53.47,53.19,53.59,55.06,58.66,61.78,63.75
CAT,Caterpillar Inc.,Industrials,Construction Machinery & Heavy Transportation Equipment,583.22,627.5,264.29,581.61,581.23,588.21,566.56,507.03,488.39,429.49
CBOE,Cboe Global Markets,Financials,Financial Exchanges & Data,255.23,262.98,186.22,253.01,251.47,252.53,250.13,245.64,244.26,235.67
CBRE,CBRE Group,Real Estate,Real Estate Services,164.76,171.0,108.45,163.85,161.9,160.63,157.63,158.44,155.8,144.99
CDW,CDW Corporation,Information Technology,Technology Distributors,139.89,219.61,135.03,139.38,141.85,143.84,146.28,153.82,158.41,161.85
COR,Cencora,Health Care,Health Care Distributors,340.67,377.54,222.21,340.44,342.38,343.82,347.05,322.5,316.52,304.02
CNC,Centene Corporation,Health Care,Managed Health Care,40.41,66.81,25.08,39.77,39.72,39.22,37.29,34.49,33.64,43.07
CNP,CenterPoint Energy,Utilities,Multi-Utilities,38.22,40.28,29.87,37.96,38.04,38.2,38.86,38.49,38.14,37.44
CF,CF Industries,Materials,Fertilizers & Agricultural Chemicals,77.4,103.22,66.16,77.85,78.2,78.28,80.79,83.43,85.33,84.28
CRL,Charles River Laboratories,Health Care,Life Sciences Tools & Services,203.7,204.47,91.86,201.96,198.6,191.52,182.24,170.86,169.35,157.92
SCHW,Charles Schwab Corporation,Financials,Investment Banking & Brokerage,101.71,102.28,65.3,100.99,98.67,96.42,94.72,94.63,94.49,89.88
CHTR,Charter Communications,Communication Services,Cable & Satellite,207.34,437.06,193.0,206.42,207.57,205.53,215.95,241.24,264.88,307.87
CVX,Chevron Corporation,Energy,Integrated Oil & Gas,149.83,163.27,127.59,149.68,149.21,149.96,151.42,152.67,151.84,147.62
CMG,Chipotle Mexican Grill,Consumer Discretionary,Restaurants,37.89,62.43,29.75,37.83,37.15,35.63,35.08,38.11,40.68,44.41
CB,Chubb Limited,Financials,Property & Casualty Insurance,312.89,314.68,250.52,312.21,311.71,304.37,293.0,285.19,283.09,284.99
CHD,Church & Dwight,Consumer Staples,Household Products,85.38,115.32,81.05,85.08,85.12,84.4,84.8,87.75,89.38,93.13
CI,Cigna,Health Care,Health Care Services,276.02,344.64,238.17,274.42,274.79,271.6,274.91,284.2,286.46,298.06
CINF,Cincinnati Financial,Financials,Property & Casualty Insurance,164.67,168.98,120.97,165.94,165.87,164.31,161.2,157.67,155.51,150.18
CTAS,Cintas,Industrials,Diversified Support Services,191.05,228.23,179.31,190.49,189.33,187.25,186.53,196.21,200.74,204.56
CSCO,Cisco,Information Technology,Communications Equipment,78.04,80.82,51.49,78.12,77.72,77.92,75.19,71.56,70.81,66.96
C,Citigroup,Financials,Diversified Banks,120.54,122.84,54.39,118.89,115.46,111.43,104.31,100.53,98.43,88.13
CFG,Citizens Financial Group,Financials,Regional Banks,59.75,60.1,31.67,59.64,59.02,57.45,53.69,52.2,51.21,46.55
CLX,Clorox,Consumer Staples,Household Products,98.32,158.46,96.66,98.06,99.68,101.99,106.34,113.48,115.61,121.87
CME,CME Group,Financials,Financial Exchanges & Data,276.51,286.76,220.42,274.14,272.92,272.61,271.6,269.02,270.17,268.95
CMS,CMS Energy,Utilities,Multi-Utilities,69.94,75.54,62.07,69.8,70.04,70.87,72.56,72.13,71.82,71.24
KO,Coca-Cola Company (The),Consumer Staples,Soft Drinks & Non-alcoholic Beverages,69.83,72.91,58.88,70.02,70.3,70.46,70.06,68.62,68.62,68.96
CTSH,Cognizant,Information Technology,IT Consulting & Other Services,85.46,89.37,64.7,85.34,84.57,82.37,75.78,72.38,72.98,74.13
COIN,Coinbase,Financials,Financial Exchanges & Data,237.64,444.65,142.58,242.54,246.66,258.94,287.08,307.21,320.64,285.06
CL,Colgate-Palmolive,Consumer Staples,Household Products,79.8,98.37,74.55,79.48,79.16,78.63,78.41,80.05,81.52,84.68
CMCSA,Comcast,Communication Services,Cable & Satellite,29.61,37.31,25.75,29.52,29.34,28.21,28.06,30.04,30.87,32.1
CAG,Conagra Brands,Consumer Staples,Packaged Foods & Meats,17.23,27.05,16.6,17.18,17.5,17.41,17.49,18.02,18.17,19.92
COP,ConocoPhillips,Energy,Oil & Gas Exploration & Production,91.31,103.48,77.84,92.22,92.9,92.78,89.57,91.39,91.6,90.96
ED,Consolidated Edison,Utilities,Multi-Utilities,99.17,112.03,84.37,98.86,99.03,97.85,98.6,98.69,98.94,100.8
STZ,Constellation Brands,Consumer Staples,Distillers & Vintners,139.04,223.22,126.45,139.1,140.55,140.98,136.08,142.03,147.38,158.42
CEG,Constellation Energy,Utilities,Electric Utilities,359.29,412.23,160.75,359.56,357.45,360.44,361.84,347.21,342.35,309.73
COO,Cooper Companies (The),Health Care,Health Care Supplies,82.5,100.24,61.78,82.91,82.41,80.46,75.59,72.52,72.62,74.45
CPRT,Copart,Industrials,Diversified Support Services,39.29,63.85,38.18,39.19,39.08,38.95,40.92,43.78,44.41,48.64
GLW,Corning Inc.,Information Technology,Electronic Components,89.67,96.64,36.82,88.99,87.99,87.76,86.14,80.13,75.17,64.38
CPAY,Corpay,Financials,Transaction & Payment Processing Services,310.01,400.81,252.84,311.02,311.06,306.87,290.05,298.0,304.53,314.12
CTVA,Corteva,Materials,Fertilizers & Agricultural Chemicals,67.26,77.02,53.0,67.03,66.6,66.25,64.74,67.13,68.37,67.22
CSGP,CoStar Group,Real Estate,Real Estate Services,66.93,97.43,62.0,66.46,65.76,66.87,69.17,77.81,79.89,79.23
COST,Costco,Consumer Staples,Consumer Staples Merchandise Retail,873.47,1073.82,844.06,861.15,863.14,881.33,903.71,927.15,932.8,949.47
CTRA,Coterra,Energy,Oil & Gas Exploration & Production,25.69,29.04,21.87,25.65,25.75,26.32,25.41,24.51,24.41,24.75
CRWD,CrowdStrike,Information Technology,Systems Software,481.02,566.9,298.0,480.28,482.94,498.95,514.06,483.71,482.2,459.41
CCI,Crown Castle,Real Estate,Telecom Tower REITs,88.32,113.13,80.07,87.22,87.86,88.29,90.35,93.22,95.25,96.38
CSX,CSX Corporation,Industrials,Rail Transportation,36.65,37.54,25.91,36.61,36.75,36.41,35.65,34.93,34.78,32.88
CMI,Cummins,Industrials,Construction Machinery & Heavy Transportation Equipment,519.38,526.5,256.13,516.01,511.99,510.03,472.77,439.99,421.36,378.79
CVS,CVS Health,Health Care,Health Care Services,79.51,85.15,41.86,78.55,78.58,78.24,78.93,75.72,73.09,69.82
DHR,Danaher Corporation,Health Care,Life Sciences Tools & Services,230.0,256.97,170.43,229.03,227.17,227.08,221.81,211.25,208.73,203.96
DRI,Darden Restaurants,Consumer Discretionary,Restaurants,188.24,224.86,169.0,188.86,188.09,182.99,180.56,189.64,193.12,196.62
DDOG,Datadog,Information Technology,Application Software,138.03,201.69,81.63,139.91,140.26,147.26,159.24,149.41,148.12,133.66
DVA,DaVita,Health Care,Health Care Services,113.77,179.6,113.12,114.92,116.85,117.61,120.63,126.52,129.83,134.75
DAY,Dayforce,Industrials,Human Resource & Employment Services,69.14,75.14,48.01,69.17,69.21,69.15,68.85,67.51,65.45,62.38
DECK,Deckers Brands,Consumer Discretionary,Footwear,102.85,223.98,78.91,101.17,101.82,99.25,91.77,100.35,101.33,105.29
DE,Deere & Company,Industrials,Agricultural & Farm Machinery,468.48,530.24,398.95,468.29,475.58,473.58,472.68,473.65,480.59,481.8
DELL,Dell Technologies,Information Technology,"Technology Hardware, Storage & Peripherals",129.51,168.08,65.33,127.71,128.36,132.72,139.43,137.2,135.15,122.06
DAL,Delta Air Lines,Industrials,Passenger Airlines,70.85,72.34,34.41,71.09,70.75,68.89,62.98,60.86,59.41,54.24
DVN,Devon Energy,Energy,Oil & Gas Exploration & Production,35.63,38.23,25.37,36.09,36.17,36.76,34.82,34.48,34.12,33.31
DXCM,Dexcom,Health Care,Health Care Equipment,67.52,93.25,54.11,67.06,66.6,66.07,64.14,68.98,72.01,73.96
FANG,Diamondback Energy,Energy,Oil & Gas Exploration & Production,145.88,175.92,111.64,147.51,149.84,153.63,147.61,144.35,143.8,142.08
DLR,Digital Realty,Real Estate,Data Center REITs,154.7,182.13,127.13,153.45,151.92,155.49,161.57,164.75,166.14,162.95
DG,Dollar General,Consumer Staples,Consumer Staples Merchandise Retail,135.45,138.46,65.27,136.24,135.15,126.62,111.95,109.27,109.42,103.91
DLTR,Dollar Tree,Consumer Staples,Consumer Staples Merchandise Retail,123.85,132.48,61.8,123.14,126.32,121.91,109.89,105.83,106.68,97.87
D,Dominion Energy,Utilities,Multi-Utilities,59.1,62.17,46.43,58.58,59.16,59.18,59.65,59.6,59.03,56.8
DPZ,Domino's,Consumer Discretionary,Restaurants,425.46,493.24,390.88,427.29,430.77,426.11,415.05,426.14,433.46,444.07
DASH,DoorDash,Consumer Discretionary,Specialized Consumer Services,234.57,285.5,155.4,233.69,230.31,224.65,226.41,242.99,243.04,226.39
DOV,Dover Corporation,Industrials,Industrial Machinery & Supplies & Components,199.99,219.84,141.82,199.04,198.45,194.62,184.89,178.53,179.82,177.56
DOW,Dow Inc.,Materials,Commodity Chemicals,23.25,39.24,19.82,23.18,23.23,23.43,22.87,22.88,23.55,25.56
DHI,D. R. Horton,Consumer Discretionary,Homebuilding,145.77,183.98,109.46,145.89,150.09,153.62,150.41,158.36,154.54,142.78
DTE,DTE Energy,Utilities,Multi-Utilities,129.02,142.5,112.5,128.46,128.72,129.74,134.05,135.38,134.97,133.66
DUK,Duke Energy,Utilities,Electric Utilities,117.07,128.91,101.53,116.64,116.58,117.11,121.26,121.68,120.76,118.8
DD,DuPont,Materials,Specialty Chemicals,41.19,41.85,22.13,41.21,40.91,40.6,38.25,34.97,34.11,31.83
EMN,Eastman Chemical Company,Materials,Specialty Chemicals,63.39,99.23,55.35,63.11,63.55,62.44,60.82,62.24,64.61,69.55
ETN,Eaton Corporation,Industrials,Electrical Components & Equipment,322.38,398.4,230.37,321.41,323.39,332.69,351.82,356.99,359.76,338.64
EBAY,eBay Inc.,Consumer Discretionary,Broadline Retail,85.23,100.76,58.09,84.51,83.85,83.42,85.48,89.02,87.16,80.5
ECL,Ecolab,Materials,Specialty Chemicals,265.9,284.56,219.93,265.44,263.48,263.2,264.0,268.53,268.11,262.05
EIX,Edison International,Utilities,Electric Utilities,59.37,76.53,46.27,60.05,59.57,58.54,57.84,56.1,55.09,54.49
EW,Edwards Lifesciences,Health Care,Health Care Equipment,86.72,87.89,65.94,86.29,85.29,85.06,83.33,80.49,79.95,77.68
EA,Electronic Arts,Communication Services,Interactive Home Entertainment,204.71,204.84,114.66,204.29,204.11,203.68,201.87,190.48,182.98,169.34
ELV,Elevance Health,Health Care,Managed Health Care,348.82,451.93,270.83,344.06,348.25,341.48,333.27,324.78,321.77,351.53
EMR,Emerson Electric,Industrials,Electrical Components & Equipment,135.49,149.03,88.93,135.05,134.65,135.02,132.61,132.05,133.91,126.09
ENPH,Enphase Energy,Information Technology,Semiconductor Materials & Equipment,33.08,76.9,25.78,32.98,32.49,31.57,31.5,33.99,34.83,40.07
ETR,Entergy,Utilities,Electric Utilities,92.71,97.93,72.67,92.24,92.41,93.25,94.5,92.35,90.77,87.3
EOG,EOG Resources,Energy,Oil & Gas Exploration & Production,103.25,134.2,99.8,103.29,103.95,107.15,106.93,111.32,112.77,113.17
EPAM,EPAM Systems,Information Technology,IT Consulting & Other Services,211.23,269.0,138.15,209.81,208.8,204.9,182.89,170.75,170.35,169.83
EQT,EQT Corporation,Energy,Oil & Gas Exploration & Production,53.74,62.23,43.11,53.9,54.17,56.7,56.44,54.34,54.37,53.98
EFX,Equifax,Industrials,Research & Consulting Services,221.38,279.27,198.73,220.31,219.55,215.65,215.11,230.5,234.88,240.81
EQIX,Equinix,Real Estate,Data Center REITs,762.82,943.1,689.25,759.62,755.99,747.17,779.73,779.46,777.96,798.74
EQR,Equity Residential,Real Estate,Multi-Family Residential REITs,62.97,73.58,58.19,62.34,61.85,61.52,60.96,62.38,63.03,64.72
ERIE,Erie Indemnity,Financials,Insurance Brokers,282.44,451.6,273.59,284.04,285.99,287.49,294.56,314.85,321.9,341.95
ESS,Essex Property Trust,Real Estate,Multi-Family Residential REITs,261.69,307.81,239.32,260.15,259.66,258.58,258.11,259.57,263.28,269.08
EL,Estée Lauder Companies (The),Consumer Staples,Personal Care Products,107.47,110.37,47.76,107.85,106.2,103.98,97.56,93.32,92.34,81.73
EG,Everest Group,Financials,Reinsurance,336.74,368.99,302.44,335.39,332.12,322.82,324.23,333.55,333.78,338.39
EVRG,Evergy,Utilities,Electric Utilities,72.73,78.59,57.4,72.64,73.13,73.7,75.35,73.98,72.85,70.12
ES,Eversource Energy,Utilities,Electric Utilities,67.19,74.42,50.49,66.78,67.13,66.67,69.29,67.56,66.86,64.18
EXC,Exelon,Utilities,Electric Utilities,43.51,48.09,35.76,43.54,43.74,44.05,45.45,44.81,44.43,44.07
EXE,Expand Energy,Energy,Oil & Gas Exploration & Production,109.21,126.62,90.25,109.23,109.33,114.5,111.75,105.32,104.72,106.11
EXPE,Expedia Group,Consumer Discretionary,"Hotels, Resorts & Cruise Lines",287.85,292.42,129.24,288.24,285.23,274.79,251.16,232.31,222.09,199.8
EXPD,Expeditors International,Industrials,Air Freight & Logistics,152.24,155.04,99.26,152.27,151.51,150.22,138.49,129.27,126.41,120.93
EXR,Extra Space Storage,Real Estate,Self-Storage REITs,130.55,155.55,116.98,130.21,131.07,130.17,133.75,136.36,137.98,139.06
XOM,ExxonMobil,Energy,Integrated Oil & Gas,119.09,120.47,95.18,118.51,117.78,117.53,116.03,113.19,112.4,109.95
FFIV,"F5, Inc.",Information Technology,Communications Equipment,263.05,346.0,223.76,260.63,260.23,253.97,255.46,289.49,291.82,285.43
FDS,FactSet,Financials,Financial Exchanges & Data,291.69,487.33,249.51,290.43,289.92,286.74,279.05,307.46,330.79,369.68
FICO,Fair Isaac,Information Technology,Application Software,1750.99,2217.6,1300.0,1739.77,1766.01,1771.81,1721.51,1619.79,1609.62,1708.31
FAST,Fastenal,Industrials,Trading Companies & Distributors,41.53,50.37,34.62,41.84,42.03,41.48,41.27,44.51,44.57,42.73
FRT,Federal Realty Investment Trust,Real Estate,Retail REITs,102.13,108.26,78.83,101.73,101.26,99.41,98.4,97.87,96.91,95.3
FDX,FedEx,Industrials,Air Freight & Logistics,296.11,296.42,190.85,293.75,288.47,281.48,265.25,247.4,243.82,234.6
FIS,Fidelity National Information Services,Financials,Transaction & Payment Processing Services,67.16,82.1,59.15,66.81,66.66,66.27,65.27,66.38,68.94,71.52
FITB,Fifth Third Bancorp,Financials,Regional Banks,48.35,48.71,31.68,48.15,47.97,46.64,43.94,43.94,43.62,41.18
FSLR,First Solar,Information Technology,Semiconductors,269.97,285.99,116.56,272.63,264.82,263.12,256.33,232.51,221.06,192.34
FE,FirstEnergy,Utilities,Electric Utilities,44.79,47.73,36.45,44.59,44.5,44.9,45.69,44.78,43.89,42.41
FI,Fiserv,Financials,Transaction & Payment Processing Services,67.95,238.59,59.56,68.05,68.21,66.41,76.7,104.69,115.46,142.78
F,Ford Motor Company,Consumer Discretionary,Automobile Manufacturers,13.31,13.99,8.11,13.38,13.46,13.33,13.04,12.29,12.05,11.22
FTNT,Fortinet,Information Technology,Systems Software,81.33,114.82,70.12,81.03,81.05,82.12,82.64,81.95,86.23,91.54
FTV,Fortive,Industrials,Industrial Machinery & Supplies & Components,55.65,62.51,45.35,55.47,55.22,54.51,52.19,50.25,50.39,51.31
FOXA,Fox Corporation (Class A),Communication Services,Broadcasting,73.91,74.63,46.21,72.85,72.0,69.85,65.71,62.43,61.07,57.9
FOX,Fox Corporation (Class B),Communication Services,Broadcasting,65.62,65.66,42.96,64.64,63.86,62.31,59.0,56.33,55.26,52.77
BEN,Franklin Resources,Financials,Asset Management & Custody Banks,24.17,25.72,15.81,24.23,23.93,23.49,22.86,23.51,23.66,22.24
FCX,Freeport-McMoRan,Materials,Copper,52.92,53.76,27.35,51.31,49.47,47.12,43.35,42.87,43.07,41.17
GRMN,Garmin,Consumer Discretionary,Consumer Electronics,205.69,260.57,167.16,204.27,204.76,202.91,209.37,223.93,223.33,214.03
IT,Gartner,Information Technology,IT Consulting & Other Services,252.02,584.01,222.54,250.96,248.32,239.47,238.38,242.63,266.47,324.55
GE,GE Aerospace,Industrials,Aerospace & Defense,315.24,318.06,158.93,313.89,306.29,297.39,301.04,292.82,286.5,260.08
GEHC,GE HealthCare,Health Care,Health Care Equipment,83.55,94.66,57.57,83.42,83.26,83.02,78.41,76.36,76.07,74.4
GEV,GE Vernova,Industrials,Heavy Electrical Equipment,663.26,731.0,251.84,662.42,660.5,646.0,604.3,611.64,606.04,528.59
GEN,Gen Digital,Information Technology,Systems Software,27.73,31.94,22.45,27.63,27.63,27.29,26.74,27.96,28.3,27.82
GNRC,Generac,Industrials,Electrical Components & Equipment,140.42,203.25,99.5,140.02,145.64,152.79,160.33,171.47,169.01,152.02
GD,General Dynamics,Industrials,Aerospace & Defense,342.35,360.5,235.63,343.23,340.55,339.32,341.4,333.02,327.03,305.93
GIS,General Mills,Consumer Staples,Packaged Foods & Meats,46.99,65.04,45.15,47.18,47.4,46.8,47.12,48.14,48.5,50.71
GM,General Motors,Consumer Discretionary,Automobile Manufacturers,83.04,83.68,41.28,82.81,82.04,79.02,72.52,65.04,62.51,56.83
GPC,Genuine Parts Company,Consumer Discretionary,Distributors,125.82,141.97,101.6,125.16,127.27,128.35,127.78,131.84,130.7,125.86
GILD,Gilead Sciences,Health Care,Biotechnology,124.64,127.86,86.16,124.79,122.5,122.25,122.04,117.9,116.41,112.1
GPN,Global Payments,Financials,Transaction & Payment Processing Services,80.21,113.83,65.33,80.75,81.32,79.88,79.09,82.39,82.1,81.89
GL,Globe Life,Financials,Life & Health Insurance,141.99,147.54,106.36,142.01,140.81,136.98,134.71,137.32,135.21,130.27
GDDY,GoDaddy,Information Technology,Internet Services & Infrastructure,126.81,216.0,121.94,126.8,125.96,127.01,128.73,135.5,142.05,156.12
GS,Goldman Sachs,Financials,Investment Banking & Brokerage,908.47,919.1,432.73,902.69,891.88,871.77,817.1,787.71,771.44,695.06
HAL,Halliburton,Energy,Oil & Gas Equipment & Services,27.93,29.67,18.31,28.01,27.95,27.86,26.81,24.58,23.98,22.96
HIG,Hartford (The),Financials,Property & Casualty Insurance,138.74,140.5,103.19,139.22,138.51,135.59,131.31,131.03,129.25,126.63
HAS,Hasbro,Consumer Discretionary,Leisure Products,82.39,85.15,47.63,81.79,81.54,81.74,78.73,77.65,77.13,71.13
HCA,HCA Healthcare,Health Care,Health Care Facilities,476.84,519.23,287.82,473.99,473.92,481.47,472.16,439.32,423.97,397.66
DOC,Healthpeak Properties,Real Estate,Health Care REITs,16.08,20.21,15.71,15.98,16.19,16.67,17.33,17.51,17.49,17.46
HSIC,Henry Schein,Health Care,Health Care Distributors,76.07,82.49,60.56,76.74,76.83,75.35,71.26,69.22,69.64,69.42
HSY,Hershey Company (The),Consumer Staples,Packaged Foods & Meats,184.17,195.98,135.68,185.45,186.24,184.25,180.25,182.47,180.86,173.85
HPE,Hewlett Packard Enterprise,Information Technology,"Technology Hardware, Storage & Peripherals",24.45,26.28,11.75,24.52,24.2,23.67,23.08,23.17,22.62,20.26
HLT,Hilton Worldwide,Consumer Discretionary,"Hotels, Resorts & Cruise Lines",293.32,294.92,195.7,292.56,289.54,282.95,273.66,270.68,270.69,257.81
HOLX,Hologic,Health Care,Health Care Equipment,74.5,75.34,51.9,74.75,74.88,74.88,74.23,70.64,69.61,66.08
HD,Home Depot (The),Consumer Discretionary,Home Improvement Retail,349.56,424.01,320.39,346.65,351.43,352.04,361.34,380.49,377.61,369.1
HON,Honeywell,Industrials,Industrial Conglomerates,197.17,225.29,166.32,196.93,197.2,194.63,195.19,197.38,201.18,200.34
HRL,Hormel Foods,Consumer Staples,Packaged Foods & Meats,24.24,31.17,21.03,24.09,24.02,23.82,23.14,24.4,25.34,26.85
HST,Host Hotels & Resorts,Real Estate,Hotel & Resort REITs,18.42,18.72,11.93,18.49,18.48,18.0,17.37,17.0,16.8,15.91
HWM,Howmet Aerospace,Industrials,Aerospace & Defense,211.4,212.52,104.84,208.96,202.47,198.96,200.36,191.82,190.15,174.96
HPQ,HP Inc.,Information Technology,"Technology Hardware, Storage & Peripherals",23.26,33.78,20.52,23.16,23.77,24.37,25.09,26.02,25.77,25.56
HUBB,Hubbell Incorporated,Industrials,Industrial Machinery & Supplies & Components,454.8,482.66,296.56,452.11,445.63,442.09,440.7,434.8,432.35,406.1
HUM,Humana,Health Care,Managed Health Care,258.2,314.25,206.15,258.33,261.4,257.08,259.26,268.86,262.23,257.74
HBAN,Huntington Bancshares,Financials,Regional Banks,17.76,17.95,11.6,17.77,17.68,17.26,16.2,16.52,16.53,15.83
HII,Huntington Ingalls Industries,Industrials,Aerospace & Defense,351.47,360.2,155.24,350.32,337.84,325.81,312.87,293.05,285.63,259.88
IBM,IBM,Information Technology,IT Consulting & Other Services,304.48,324.9,209.2,303.32,304.14,305.95,302.01,280.21,278.63,268.63
IEX,IDEX Corporation,Industrials,Industrial Machinery & Supplies & Components,179.83,223.39,151.55,179.53,178.63,177.6,171.75,167.15,169.21,171.92
IDXX,Idexx Laboratories,Health Care,Health Care Equipment,688.23,769.98,356.14,692.24,695.18,706.95,692.27,666.26,643.08,577.39
ITW,Illinois Tool Works,Industrials,Industrial Machinery & Supplies & Components,252.29,273.07,212.05,251.56,252.87,251.43,248.28,253.7,254.17,249.01
INCY,Incyte,Health Care,Biotechnology,99.95,109.28,53.56,100.94,99.07,99.31,98.96,91.83,87.63,78.45
IR,Ingersoll Rand,Industrials,Industrial Machinery & Supplies & Components,81.23,95.76,65.56,80.93,80.46,80.25,78.59,79.17,80.44,79.98
PODD,Insulet Corporation,Health Care,Health Care Equipment,288.76,354.88,230.05,288.85,290.27,297.87,314.07,319.28,313.63,302.56
INTC,Intel,Information Technology,Semiconductors,36.29,44.02,17.67,36.4,36.7,38.89,38.01,33.04,30.85,27.27
ICE,Intercontinental Exchange,Financials,Financial Exchanges & Data,163.32,188.26,140.7,161.93,161.43,159.57,155.1,163.39,167.06,168.46
IFF,International Flavors & Fragrances,Materials,Specialty Chemicals,67.38,86.08,58.78,66.6,65.41,65.83,65.01,64.16,66.08,69.32
IP,International Paper,Materials,Paper & Plastic Packaging Products & Materials,39.71,57.79,35.35,39.21,38.91,38.86,39.83,43.15,44.54,45.42
IPG,Interpublic Group of Companies (The),Communication Services,Advertising,24.57,,,25.12,25.04,25.18,26.03,25.78,25.34,25.2
INTU,Intuit,Information Technology,Application Software,676.21,812.22,530.03,674.34,669.62,661.62,660.11,670.4,690.57,679.83
ISRG,Intuitive Surgical,Health Care,Health Care Equipment,578.18,616.0,425.0,576.99,566.01,565.53,550.1,503.13,504.56,509.65
IVZ,Invesco,Financials,Asset Management & Custody Banks,26.97,27.48,11.23,27.12,26.68,26.11,24.39,23.19,22.3,19.26
INVH,Invitation Homes,Real Estate,Single-Family Residential REITs,27.42,34.75,25.73,27.09,26.88,26.88,27.54,28.37,28.95,30.33
IQV,IQVIA,Health Care,Life Sciences Tools & Services,226.58,234.3,134.65,224.56,223.43,224.35,220.21,205.14,199.06,182.97
IRM,Iron Mountain,Real Estate,Other Specialized REITs,82.01,108.27,70.45,81.08,80.96,82.47,91.1,93.35,94.01,92.78
JBHT,J.B. Hunt,Industrials,Cargo Ground Transportation,198.35,204.43,121.7,198.19,197.45,192.76,177.27,158.45,156.44,149.95
JBL,Jabil,Information Technology,Electronic Manufacturing Services,236.08,237.05,108.52,232.41,225.15,222.74,214.14,213.3,215.08,193.72
JKHY,Jack Henry & Associates,Financials,Transaction & Payment Processing Services,186.29,194.03,143.64,185.32,186.11,182.64,168.88,162.6,165.18,169.17
J,Jacobs Solutions,Industrials,Construction & Engineering,135.33,168.03,104.43,135.41,134.73,135.92,145.3,146.97,145.06,136.47
JNJ,Johnson & Johnson,Health Care,Pharmaceuticals,207.44,215.19,136.5,206.94,208.84,206.7,198.36,188.23,182.68,171.31
JCI,Johnson Controls,Industrials,Building Products,121.91,123.78,67.78,120.78,118.85,117.12,115.88,111.5,110.59,102.84
JPM,JPMorgan Chase,Financials,Diversified Banks,327.61,330.86,200.22,324.6,320.51,316.07,309.47,305.24,302.24,282.65
K,Kellanova,Consumer Staples,Packaged Foods & Meats,83.44,83.49,75.95,83.32,83.2,83.01,82.65,80.64,80.17,80.35
KVUE,Kenvue,Consumer Staples,Personal Care Products,17.22,24.41,13.85,17.1,17.16,17.12,16.27,17.42,18.18,19.71
KDP,Keurig Dr Pepper,Consumer Staples,Soft Drinks & Non-alcoholic Beverages,28.03,35.62,25.03,28.01,28.35,28.52,27.76,28.32,29.29,30.77
KEY,KeyCorp,Financials,Regional Banks,21.18,21.25,12.29,21.11,20.9,20.08,18.47,18.37,18.27,17.09
KEYS,Keysight Technologies,Information Technology,Electronic Equipment & Instruments,206.32,214.58,121.43,204.62,204.23,205.62,187.99,178.24,175.4,166.88
KMB,Kimberly-Clark,Consumer Staples,Household Products,101.05,145.82,98.03,100.53,101.56,102.96,106.42,115.89,118.0,123.38
KIM,Kimco Realty,Real Estate,Retail REITs,20.33,22.68,17.3,20.18,20.24,20.16,20.48,20.93,20.94,20.62
KMI,Kinder Morgan,Energy,Oil & Gas Storage & Transportation,27.12,30.15,23.17,26.99,26.77,27.0,26.74,26.83,26.93,26.89
KKR,KKR & Co.,Financials,Asset Management & Custody Banks,130.6,169.44,85.77,130.88,132.33,131.26,124.05,130.59,133.08,126.87
KLAC,KLA Corporation,Information Technology,Semiconductor Materials & Equipment,1280.04,1286.81,547.89,1267.42,1237.39,1223.3,1189.46,1080.39,1046.61,931.77
KHC,Kraft Heinz,Consumer Staples,Packaged Foods & Meats,24.09,31.87,23.33,24.1,24.36,24.54,24.55,25.31,25.59,26.11
KR,Kroger,Consumer Staples,Food Retail,63.22,74.13,56.96,62.63,62.77,63.57,65.01,66.47,67.26,67.38
LHX,L3Harris,Industrials,Aerospace & Defense,296.98,306.84,189.46,295.1,289.53,284.59,286.19,283.63,279.54,258.63
LH,Labcorp,Health Care,Health Care Services,254.33,292.94,207.68,253.81,256.25,259.76,263.16,269.09,266.29,256.58
LRCX,Lam Research,Information Technology,Semiconductor Materials & Equipment,178.34,179.8,55.98,175.67,168.61,164.77,157.29,137.13,129.41,110.26
LW,Lamb Weston,Consumer Staples,Packaged Foods & Meats,42.28,66.87,41.41,42.66,51.1,55.24,58.78,57.8,56.82,55.23
LVS,Las Vegas Sands,Consumer Discretionary,Casinos & Gaming,66.39,70.45,29.72,66.55,66.58,66.88,63.2,58.24,56.53,49.92
LDOS,Leidos,Industrials,Diversified Support Services,186.0,205.3,122.37,185.93,184.96,186.45,188.86,186.06,181.19,167.52
LEN,Lennar,Consumer Discretionary,Homebuilding,104.62,143.63,97.13,105.89,110.67,117.94,121.26,124.95,122.58,117.41
LII,Lennox International,Industrials,Building Products,497.89,687.72,443.19,496.42,495.79,498.72,493.13,525.04,542.93,548.93
LLY,Lilly (Eli),Health Care,Pharmaceuticals,1075.49,1111.99,621.5,1074.41,1061.47,1041.77,975.33,860.19,843.39,820.53
LIN,Linde plc,Materials,Industrial Gases,424.57,483.05,387.78,423.9,421.76,411.38,419.88,445.51,449.48,450.71
LYV,Live Nation Entertainment,Communication Services,Movies & Entertainment,146.15,175.25,112.88,143.68,141.66,139.03,141.33,151.54,151.05,145.13
LKQ,LKQ Corporation,Consumer Discretionary,Distributors,30.57,43.32,28.13,30.16,30.21,29.82,30.0,30.31,31.19,34.19
LMT,Lockheed Martin,Industrials,Aerospace & Defense,483.16,512.11,404.07,481.83,479.58,467.68,469.87,467.08,461.57,459.67
L,Loews Corporation,Financials,Multi-line Insurance,106.34,109.06,78.83,107.17,106.14,105.31,103.39,100.5,98.66,94.57
LOW,Lowe's,Consumer Discretionary,Home Improvement Retail,244.38,273.63,203.22,242.41,245.03,245.28,239.79,246.56,242.0,234.24
LULU,Lululemon Athletica,Consumer Discretionary,"Apparel, Accessories & Luxury Goods",208.68,423.32,159.25,210.72,209.46,196.97,181.24,181.89,190.29,225.2
LYB,LyondellBasell,Materials,Specialty Chemicals,43.14,72.64,40.42,43.07,43.29,44.21,44.05,47.12,49.38,52.08
MTB,M&T Bank,Financials,Regional Banks,207.07,208.26,147.35,206.67,205.58,200.8,189.91,191.3,191.62,184.65
MPC,Marathon Petroleum,Energy,Oil & Gas Refining & Marketing,163.89,201.29,113.25,165.82,171.98,181.56,187.6,182.97,180.85,168.25
MKTX,MarketAxess,Financials,Financial Exchanges & Data,182.35,230.09,155.48,181.62,180.87,173.94,169.43,174.99,182.27,195.2
MAR,Marriott International,Consumer Discretionary,"Hotels, Resorts & Cruise Lines",315.43,316.69,203.87,313.71,309.86,303.09,288.03,276.34,275.53,265.12
MMC,Marsh McLennan,Financials,Insurance Brokers,187.15,245.83,174.18,186.17,186.36,184.53,183.23,193.02,195.93,206.96
MLM,Martin Marietta Materials,Materials,Construction Materials,644.78,664.29,440.13,638.63,633.12,626.28,617.99,617.42,607.47,574.15
MAS,Masco,Industrials,Building Products,64.61,80.67,55.74,64.36,64.57,64.17,64.07,67.72,67.4,65.91
MA,Mastercard,Financials,Transaction & Payment Processing Services,579.92,600.98,463.61,576.73,572.24,559.23,555.45,567.42,565.99,559.56
MTCH,Match Group,Communication Services,Interactive Media & Services,32.62,38.99,26.09,32.81,32.72,33.26,32.81,34.52,34.21,32.54
MKC,McCormick & Company,Consumer Staples,Packaged Foods & Meats,68.93,84.63,62.64,68.84,68.48,66.62,66.23,67.01,67.93,70.54
MCD,McDonald's,Consumer Discretionary,Restaurants,310.68,321.79,270.23,313.38,315.52,311.89,306.69,305.22,303.15,303.14
MCK,McKesson Corporation,Health Care,Health Care Distributors,827.4,894.75,563.37,823.64,818.21,819.94,827.03,769.21,757.69,734.57
MDT,Medtronic,Health Care,Health Care Equipment,96.36,106.33,77.43,97.49,98.04,99.89,97.31,95.34,94.15,90.49
MRK,Merck & Co.,Health Care,Pharmaceuticals,106.56,107.04,71.26,104.77,102.17,100.81,93.95,88.24,86.67,83.97
META,Meta Platforms,Communication Services,Interactive Media & Services,663.04,795.06,478.72,663.16,657.81,655.49,656.96,702.74,706.32,671.33
MET,MetLife,Financials,Life & Health Insurance,80.34,85.61,63.78,81.04,81.65,79.89,78.39,78.89,78.39,77.71
MTD,Mettler Toledo,Health Care,Life Sciences Tools & Services,1419.26,1525.17,946.69,1413.19,1403.26,1413.87,1415.71,1348.4,1322.79,1251.57
MGM,MGM Resorts,Consumer Discretionary,Casinos & Gaming,37.72,41.32,25.3,37.33,37.12,36.51,33.97,34.75,35.28,33.93
MCHP,Microchip Technology,Information Technology,Semiconductors,65.0,75.98,33.33,65.37,65.52,64.21,60.49,62.48,64.11,60.09
MU,Micron Technology,Information Technology,Semiconductors,285.58,290.83,61.44,278.21,257.63,250.61,234.8,191.12,175.97,145.12
MSFT,Microsoft,Information Technology,Systems Software,487.29,553.5,342.95,486.6,482.28,483.92,497.69,504.54,505.09,474.73
MAA,Mid-America Apartment Communities,Real Estate,Multi-Family Residential REITs,137.63,168.08,125.75,136.44,135.36,134.28,132.41,135.54,137.79,143.7
MRNA,Moderna,Health Care,Biotechnology,32.75,48.92,22.28,32.94,31.41,28.85,26.84,26.39,27.44,27.48
MHK,Mohawk Industries,Consumer Discretionary,Home Furnishings,109.94,143.13,96.24,109.07,109.83,111.09,113.06,121.01,119.58,114.5
MOH,Molina Healthcare,Health Care,Managed Health Care,164.45,359.97,133.4,163.86,164.02,158.54,156.74,168.34,174.31,226.87
TAP,Molson Coors Beverage Company,Consumer Staples,Brewers,46.31,62.82,42.5,46.58,47.17,46.6,45.77,46.76,47.17,49.86
MDLZ,Mondelez International,Consumer Staples,Packaged Foods & Meats,54.56,70.58,52.78,54.43,54.3,54.81,56.8,59.33,60.93,62.62
MPWR,Monolithic Power Systems,Information Technology,Semiconductors,950.46,1123.38,437.16,945.91,941.85,950.41,966.64,921.62,885.1,789.14
MNST,Monster Beverage,Consumer Staples,Soft Drinks & Non-alcoholic Beverages,77.26,78.31,45.7,77.25,76.02,75.04,72.09,68.43,66.79,64.4
MCO,Moody's Corporation,Financials,Financial Exchanges & Data,520.03,527.9,376.55,513.09,502.92,495.6,486.72,492.29,494.5,481.71
MS,Morgan Stanley,Financials,Investment Banking & Brokerage,181.89,182.34,92.37,179.96,178.02,176.41,168.15,159.83,155.92,142.52
MOS,Mosaic Company (The),Materials,Fertilizers & Agricultural Chemicals,24.26,37.63,21.79,24.18,24.34,24.23,25.6,29.17,30.51,30.53
MSI,Motorola Solutions,Information Technology,Communications Equipment,376.7,489.48,359.36,374.85,371.46,371.3,390.33,426.42,425.59,422.12
MSCI,MSCI Inc.,Financials,Financial Exchanges & Data,585.0,627.03,482.15,578.59,567.22,556.47,559.72,560.39,560.85,557.06
NDAQ,"Nasdaq, Inc.",Financials,Financial Exchanges & Data,99.17,99.17,64.26,97.73,95.65,92.95,89.49,90.68,90.76,86.15
NTAP,NetApp,Information Technology,"Technology Hardware, Storage & Peripherals",110.36,126.11,71.18,110.61,111.74,113.91,113.42,114.83,112.85,105.55
NFLX,Netflix,Communication Services,Movies & Entertainment,94.33,134.12,82.11,93.82,94.14,97.76,106.07,113.69,115.44,113.37
NEM,Newmont,Materials,Gold,105.66,106.34,36.25,104.36,101.65,96.83,90.13,83.95,79.29,69.01
NWSA,News Corp (Class A),Communication Services,Publishing,26.25,31.61,23.3,26.29,26.19,25.98,26.01,27.57,27.94,27.71
NWS,News Corp (Class B),Communication Services,Publishing,29.92,35.47,26.17,29.92,29.74,29.52,29.61,31.28,31.8,31.65
NEE,NextEra Energy,Utilities,Multi-Utilities,80.26,86.94,60.35,80.02,80.58,81.78,82.74,78.54,77.29,73.92
NKE,"Nike, Inc.",Consumer Discretionary,"Apparel, Accessories & Luxury Goods",60.67,80.55,51.34,58.79,62.76,63.99,64.12,68.42,69.52,66.17
NI,NiSource,Utilities,Multi-Utilities,41.71,44.58,34.53,41.52,41.5,41.8,42.57,42.17,41.83,40.63
NDSN,Nordson Corporation,Industrials,Industrial Machinery & Supplies & Components,243.78,250.6,163.26,242.59,239.65,237.61,234.47,228.72,226.27,215.69
NSC,Norfolk Southern,Industrials,Rail Transportation,291.64,300.79,198.48,291.85,293.6,293.19,287.5,285.5,282.14,263.53
NTRS,Northern Trust,Financials,Asset Management & Custody Banks,140.15,141.25,80.06,140.15,139.33,136.26,130.58,129.48,128.83,117.99
NOC,Northrop Grumman,Industrials,Aerospace & Defense,577.15,638.31,418.96,578.53,573.07,563.4,570.75,579.78,570.97,539.5
NCLH,Norwegian Cruise Line Holdings,Consumer Discretionary,"Hotels, Resorts & Cruise Lines",22.83,29.29,14.21,23.28,22.36,20.66,20.47,22.58,22.71,21.02
NRG,NRG Energy,Utilities,Independent Power Producers & Energy Traders,160.53,180.08,78.84,158.47,157.81,162.3,165.58,161.32,160.28,147.04
NUE,Nucor,Materials,Steel,166.14,168.07,96.79,163.75,162.66,162.15,152.37,146.45,145.18,134.84
NVDA,Nvidia,Information Technology,Semiconductors,191.58,212.18,86.6,186.82,180.82,181.36,186.08,182.77,180.05,159.09
NVR,"NVR, Inc.",Consumer Discretionary,Homebuilding,7371.51,8618.28,6562.85,7378.33,7460.62,7487.05,7410.3,7738.5,7722.5,7519.57
NXPI,NXP Semiconductors,Information Technology,Semiconductors,223.41,250.74,146.07,225.97,226.49,223.41,211.89,217.41,218.33,209.23
ORLY,O’Reilly Automotive,Consumer Discretionary,Automotive Retail,92.24,108.72,78.3,91.89,92.62,95.3,96.94,100.43,99.29,96.23
OXY,Occidental Petroleum,Energy,Oil & Gas Exploration & Production,39.78,52.05,34.2,39.95,40.03,40.9,41.06,43.08,43.2,42.83
ODFL,Old Dominion,Industrials,Cargo Ground Transportation,159.47,208.11,125.76,158.83,158.23,153.72,143.17,144.22,147.63,152.16
OMC,Omnicom Group,Communication Services,Advertising,79.97,86.12,67.1,79.7,80.02,76.38,75.13,75.62,74.91,74.22
ON,ON Semiconductor,Information Technology,Semiconductors,54.85,67.95,31.04,55.44,54.95,54.55,51.58,50.58,51.91,48.74
OKE,Oneok,Energy,Oil & Gas Storage & Transportation,72.71,105.47,64.02,72.78,72.62,73.52,70.32,71.19,72.74,76.66
ORCL,Oracle Corporation,Information Technology,Application Software,198.44,345.12,117.98,196.32,190.36,200.56,228.45,249.08,247.32,214.06
OTIS,Otis Worldwide,Industrials,Industrial Machinery & Supplies & Components,87.59,105.37,83.46,87.52,87.86,87.6,89.08,88.7,89.74,92.19
PCAR,Paccar,Industrials,Construction Machinery & Heavy Transportation Equipment,111.65,113.11,82.75,111.85,111.2,109.3,102.1,99.5,98.78,96.06
PKG,Packaging Corporation of America,Materials,Paper & Plastic Packaging Products & Materials,208.54,236.7,169.57,206.41,205.04,201.46,200.26,204.05,203.07,197.1
PLTR,Palantir Technologies,Information Technology,Application Software,189.12,207.52,63.4,192.96,188.23,183.18,181.12,176.68,171.33,149.18
PANW,Palo Alto Networks,Information Technology,Systems Software,188.08,223.61,144.15,187.96,187.38,190.17,200.75,197.82,196.84,192.38
PSKY,Paramount Skydance Corporation,Communication Services,Movies & Entertainment,13.56,20.78,9.89,13.5,13.5,14.14,15.13,15.64,15.07,13.77
PH,Parker Hannifin,Industrials,Industrial Machinery & Supplies & Components,889.27,908.35,484.88,885.09,879.94,876.5,829.91,788.34,773.81,718.5
PAYX,Paychex,Industrials,Human Resource & Employment Services,114.07,158.49,108.0,113.98,114.69,113.49,114.96,123.39,127.19,134.57
PAYC,Paycom,Industrials,Human Resource & Employment Services,160.42,266.71,156.14,161.72,163.21,163.5,172.65,194.74,201.7,213.27
PYPL,PayPal,Financials,Transaction & Payment Processing Services,59.96,93.03,55.72,59.82,60.24,61.03,63.92,66.34,67.79,68.01
PNR,Pentair,Industrials,Industrial Machinery & Supplies & Components,105.63,113.69,73.68,105.12,104.81,104.82,106.03,107.23,106.63,101.12
PEP,PepsiCo,Consumer Staples,Soft Drinks & Non-alcoholic Beverages,143.6,155.29,123.93,145.25,147.79,147.33,146.56,144.79,143.15,139.44
PFE,Pfizer,Health Care,Pharmaceuticals,25.03,27.21,19.83,25.07,25.32,25.47,24.97,24.71,24.58,23.88
PCG,PG&E Corporation,Utilities,Multi-Utilities,15.78,20.33,12.95,15.83,15.65,15.47,15.94,15.61,15.25,15.66
PM,Philip Morris International,Consumer Staples,Tobacco,161.1,183.57,113.18,160.47,158.83,155.2,154.04,158.34,160.77,162.62
PSX,Phillips 66,Energy,Oil & Gas Refining & Marketing,127.69,144.96,88.51,128.62,131.9,135.9,135.09,131.77,130.23,123.29
PNW,Pinnacle West Capital,Utilities,Multi-Utilities,88.39,93.67,78.26,87.95,88.12,88.12,89.0,88.92,89.01,89.22
PNC,PNC Financial Services,Financials,Diversified Banks,213.7,214.59,141.09,212.45,211.35,205.05,192.27,194.3,193.87,183.62
POOL,Pool Corporation,Consumer Discretionary,Distributors,232.35,368.69,228.51,231.69,234.64,237.83,252.55,282.19,286.72,292.68
PPG,PPG Industries,Materials,Specialty Chemicals,104.2,121.53,88.43,103.29,103.41,102.01,99.76,103.28,105.09,105.75
PPL,PPL Corporation,Utilities,Electric Utilities,35.03,37.96,30.24,34.76,34.51,34.4,35.64,35.87,35.64,35.05
PFG,Principal Financial Group,Financials,Life & Health Insurance,89.29,92.1,66.44,89.32,89.54,88.14,84.1,81.8,81.08,79.17
PG,Procter & Gamble,Consumer Staples,Personal Care Products,144.74,176.43,138.14,143.91,144.61,144.08,146.86,150.37,151.2,155.02
PGR,Progressive Corporation,Financials,Property & Casualty Insurance,227.13,292.65,199.9,226.86,228.95,227.74,222.37,233.47,236.3,250.65
PLD,Prologis,Real Estate,Industrial REITs,128.6,130.68,83.15,128.07,128.25,127.93,125.52,118.19,115.78,111.11
PRU,Prudential Financial,Financials,Life & Health Insurance,113.97,118.31,86.97,114.51,115.54,113.3,107.26,105.33,104.67,103.45
PEG,Public Service Enterprise Group,Utilities,Electric Utilities,80.36,89.82,72.92,80.45,80.22,79.97,81.06,81.52,81.93,80.87
PTC,PTC Inc.,Information Technology,Application Software,176.39,219.69,133.38,177.22,176.27,176.0,182.85,194.9,195.33,182.37
PSA,Public Storage,Real Estate,Self-Storage REITs,260.61,309.54,248.69,260.54,264.3,266.74,275.2,279.47,279.87,282.61
PHM,PulteGroup,Consumer Discretionary,Homebuilding,118.82,141.59,87.56,118.88,121.57,124.13,121.47,125.76,123.23,114.79
PWR,Quanta Services,Industrials,Construction & Engineering,433.04,473.99,226.97,432.3,430.95,445.65,442.73,418.61,413.68,375.15
QCOM,Qualcomm,Information Technology,Semiconductors,174.95,204.9,118.79,174.79,175.41,174.83,172.2,166.03,163.79,157.35
DGX,Quest Diagnostics,Health Care,Health Care Services,176.2,197.55,146.66,175.92,178.02,180.37,182.5,181.81,179.46,176.31
RL,Ralph Lauren Corporation,Consumer Discretionary,"Apparel, Accessories & Luxury Goods",358.88,380.0,175.49,362.59,366.0,363.5,344.43,325.1,318.04,289.43
RJF,Raymond James Financial,Financials,Investment Banking & Brokerage,165.03,177.15,116.85,165.12,163.55,162.4,160.77,163.92,163.37,155.41
RTX,RTX Corporation,Industrials,Aerospace & Defense,185.12,188.0,110.77,184.99,182.11,176.97,174.91,166.61,163.32,151.44
O,Realty Income,Real Estate,Retail REITs,56.66,60.33,48.85,56.45,57.0,57.28,57.41,57.79,57.42,56.38
REG,Regency Centers,Real Estate,Retail REITs,69.4,75.09,61.52,69.15,68.39,68.33,69.19,69.89,69.74,69.65
REGN,Regeneron Pharmaceuticals,Health Care,Biotechnology,781.88,792.77,475.17,779.62,763.68,747.14,694.8,633.79,617.76,600.95
RF,Regions Financial Corporation,Financials,Regional Banks,27.79,27.98,17.18,27.71,27.61,26.95,25.3,25.59,25.41,23.63
RSG,Republic Services,Industrials,Environmental & Facilities Services,213.14,257.43,197.66,213.09,213.66,213.35,213.46,221.28,224.86,231.97
RMD,ResMed,Health Care,Health Care Equipment,245.21,293.11,198.6,245.17,246.7,249.1,251.86,264.42,264.35,253.1
RVTY,Revvity,Health Care,Health Care Equipment,96.71,128.0,81.3,97.02,97.39,99.81,96.9,92.52,93.26,94.51
ROK,Rockwell Automation,Industrials,Electrical Components & Equipment,399.52,415.89,212.49,398.21,398.01,399.59,380.96,361.6,358.51,328.39
ROL,"Rollins, Inc.",Industrials,Environmental & Facilities Services,60.56,61.84,44.8,60.63,60.31,60.29,58.86,57.93,57.57,56.62
ROP,Roper Technologies,Information Technology,Electronic Equipment & Instruments,450.4,592.47,435.42,449.03,448.12,446.44,454.16,485.21,498.96,523.86
ROST,Ross Stores,Consumer Discretionary,Apparel Retail,181.24,185.85,121.41,181.32,182.07,180.12,168.85,158.81,153.76,146.93
RCL,Royal Caribbean Group,Consumer Discretionary,"Hotels, Resorts & Cruise Lines",285.76,365.38,163.05,293.3,288.57,275.36,276.04,301.87,308.46,280.1
SPGI,S&P Global,Financials,Financial Exchanges & Data,528.68,576.91,424.77,522.81,513.19,504.21,495.11,509.65,513.71,507.28
CRM,Salesforce,Information Technology,Application Software,265.85,364.71,221.6,263.82,260.51,254.65,248.73,246.1,249.41,256.35
SBAC,SBA Communications,Real Estate,Telecom Tower REITs,192.62,241.44,184.43,191.55,191.39,190.65,193.4,197.48,203.92,211.46
SLB,Schlumberger,Energy,Oil & Gas Equipment & Services,37.76,43.29,30.37,38.07,38.3,38.11,36.54,35.29,35.12,35.1
STX,Seagate Technology,Information Technology,"Technology Hardware, Storage & Peripherals",285.48,308.12,62.49,286.1,285.78,282.11,263.94,228.81,212.76,170.35
SRE,Sempra,Utilities,Multi-Utilities,88.57,95.03,60.49,88.22,88.01,88.87,90.58,87.18,85.09,80.12
NOW,ServiceNow,Information Technology,Systems Software,153.72,239.62,135.73,154.53,156.48,162.38,170.28,176.03,179.76,181.63
SHW,Sherwin-Williams,Materials,Specialty Chemicals,325.14,378.76,306.78,323.85,325.76,329.59,334.14,343.44,343.17,343.28
SPG,Simon Property Group,Real Estate,Retail REITs,187.52,189.05,131.37,187.0,185.3,183.08,180.13,177.71,174.24,166.55
SWKS,Skyworks Solutions,Information Technology,Semiconductors,64.34,91.61,46.48,64.65,65.21,66.73,68.82,71.44,71.52,69.14
SJM,J.M. Smucker Company (The),Consumer Staples,Packaged Foods & Meats,99.48,117.94,91.46,98.9,99.82,100.36,102.71,105.17,105.07,106.02
SW,Smurfit Westrock,Materials,Paper & Plastic Packaging Products & Materials,38.61,54.55,32.73,38.24,38.02,37.06,37.27,40.54,41.65,41.97
SNA,Snap-on,Industrials,Industrial Machinery & Supplies & Components,353.9,356.07,283.93,351.07,349.86,347.28,341.06,335.06,331.75,325.4
SOLV,Solventum,Health Care,Health Care Technology,80.46,88.2,60.7,80.71,80.97,82.47,77.32,74.99,74.83,73.58
SO,Southern Company,Utilities,Electric Utilities,87.2,100.02,77.85,86.35,86.22,86.64,90.01,91.52,91.65,90.26
LUV,Southwest Airlines,Industrials,Passenger Airlines,41.34,43.54,23.55,41.58,41.46,39.28,35.11,33.45,33.57,32.37
SWK,Stanley Black & Decker,Industrials,Industrial Machinery & Supplies & Components,75.23,87.08,52.01,74.55,74.02,73.33,69.62,71.22,70.82,68.65
SBUX,Starbucks,Consumer Discretionary,Restaurants,84.95,115.04,73.95,85.58,85.83,85.35,84.55,84.93,86.34,86.59
STT,State Street Corporation,Financials,Asset Management & Custody Banks,132.29,133.0,71.77,130.92,129.31,126.22,120.06,116.44,114.91,105.78
STLD,Steel Dynamics,Materials,Steel,175.27,178.36,102.41,175.58,173.53,170.95,161.24,147.69,144.16,137.5
STE,Steris,Health Care,Health Care Equipment,255.74,268.6,199.47,255.26,253.84,257.03,253.43,248.87,244.79,239.37
SYK,Stryker Corporation,Health Care,Health Care Equipment,354.23,403.95,327.71,355.1,354.23,357.82,364.18,371.42,375.45,374.09
SMCI,Supermicro,Information Technology,"Technology Hardware, Storage & Peripherals",30.78,66.44,25.71,30.85,30.88,32.55,38.97,42.81,44.82,42.48
SYF,Synchrony Financial,Financials,Consumer Finance,85.92,86.48,39.98,85.62,84.58,82.55,77.12,75.01,73.94,66.82
SNPS,Synopsys,Information Technology,Application Software,478.25,651.73,365.74,474.89,465.66,462.19,437.66,485.43,505.5,489.38
SYY,Sysco,Consumer Staples,Food Distributors,74.25,83.13,66.22,74.31,74.73,74.34,75.28,77.82,77.83,75.49
TMUS,T-Mobile US,Communication Services,Wireless Telecommunication Services,200.65,273.15,194.01,197.97,197.88,201.36,208.35,224.6,226.36,233.07
TROW,T. Rowe Price,Financials,Asset Management & Custody Banks,104.74,115.38,74.96,104.31,103.99,103.48,101.91,102.86,102.47,97.38
TTWO,Take-Two Interactive,Communication Services,Interactive Home Entertainment,255.46,264.79,177.35,250.45,247.0,246.85,247.11,245.29,242.68,235.17
TPR,"Tapestry, Inc.",Consumer Discretionary,"Apparel, Accessories & Luxury Goods",131.15,131.4,57.71,129.04,126.26,120.57,113.07,110.33,108.53,95.71
TRGP,Targa Resources,Energy,Oil & Gas Storage & Transportation,182.62,213.78,143.19,182.55,181.56,180.39,169.14,166.12,166.18,167.8
TGT,Target Corporation,Consumer Staples,Consumer Staples Merchandise Retail,99.16,138.95,83.44,96.64,97.32,94.93,92.09,92.33,94.09,94.33
TEL,TE Connectivity,Information Technology,Electronic Manufacturing Services,232.28,250.67,115.38,232.07,229.68,231.77,233.58,222.44,215.3,190.78
TDY,Teledyne Technologies,Information Technology,Electronic Equipment & Instruments,517.31,595.99,419.0,516.95,513.11,511.46,516.26,537.05,537.72,518.13
TER,Teradyne,Information Technology,Semiconductor Materials & Equipment,199.29,205.0,65.55,197.74,194.47,195.08,176.64,149.81,138.97,117.22
TSLA,"Tesla, Inc.",Consumer Discretionary,Automobile Manufacturers,477.47,498.83,214.25,483.67,479.31,461.1,444.18,413.56,393.65,355.97
TXN,Texas Instruments,Information Technology,Semiconductors,177.01,218.15,136.55,177.27,177.2,177.64,169.22,177.45,182.18,179.31
TPL,Texas Pacific Land Corporation,Energy,Oil & Gas Exploration & Production,287.8,485.16,269.23,296.71,290.93,293.94,304.51,304.37,309.91,348.59
TXT,Textron,Industrials,Aerospace & Defense,90.18,91.22,57.66,90.38,88.87,86.33,83.18,82.5,82.39,78.7
TMO,Thermo Fisher Scientific,Health Care,Life Sciences Tools & Services,579.59,608.82,384.82,576.44,572.51,574.48,571.39,531.16,513.33,483.45
TJX,TJX Companies,Consumer Discretionary,Apparel Retail,157.01,157.83,111.06,156.28,155.99,154.26,148.55,143.45,139.62,133.85
TKO,TKO Group Holdings,Communication Services,Movies & Entertainment,217.7,218.11,131.77,216.06,212.93,205.23,192.84,191.52,187.04,175.82
TTD,Trade Desk (The),Communication Services,Advertising,38.38,127.59,35.65,37.7,37.24,38.23,43.01,47.61,54.27,57.38
TSCO,Tractor Supply,Consumer Discretionary,Other Specialty Retail,51.65,63.47,46.26,51.64,52.1,52.92,53.77,56.15,56.26,54.24
TT,Trane Technologies,Industrials,Building Products,392.25,475.11,296.82,391.77,390.84,398.3,412.99,415.43,420.78,407.3
TDG,TransDigm Group,Industrials,Aerospace & Defense,1312.38,1519.36,1107.45,1303.82,1290.08,1314.47,1315.94,1306.54,1338.21,1326.9
TRV,Travelers Companies (The),Financials,Property & Casualty Insurance,291.8,295.68,226.54,292.53,291.31,287.21,280.88,276.6,272.82,268.08
TRMB,Trimble Inc.,Information Technology,Electronic Equipment & Instruments,80.12,87.5,52.91,80.69,80.32,81.28,79.85,80.42,80.66,75.74
TFC,Truist Financial,Financials,Diversified Banks,50.58,50.86,32.34,50.49,50.19,48.94,46.0,45.27,44.96,42.46
TYL,Tyler Technologies,Information Technology,Application Software,461.05,661.31,445.64,461.5,456.69,459.22,471.8,507.69,520.33,538.03
TSN,Tyson Foods,Consumer Staples,Packaged Foods & Meats,58.56,62.66,50.12,58.34,58.61,57.92,54.77,54.65,54.41,55.27
USB,U.S. Bancorp,Financials,Diversified Banks,54.91,55.15,34.43,54.67,54.16,52.67,49.35,48.38,47.85,45.35
UBER,Uber,Industrials,Passenger Ground Transportation,81.32,101.99,60.02,80.8,81.07,84.83,89.17,92.12,92.02,87.81
UDR,"UDR, Inc.",Real Estate,Multi-Family Residential REITs,36.46,44.96,32.94,36.14,36.0,35.78,35.35,36.35,37.02,38.43
ULTA,Ulta Beauty,Consumer Discretionary,Other Specialty Retail,608.17,616.34,309.01,606.32,599.37,584.72,545.45,537.88,529.27,482.05
UNP,Union Pacific Corporation,Industrials,Rail Transportation,233.47,250.85,200.99,234.3,235.9,234.7,226.41,224.66,225.05,223.43
UAL,United Airlines Holdings,Industrials,Passenger Airlines,114.32,116.32,52.0,114.53,112.28,108.74,101.07,101.0,98.3,89.09
UPS,United Parcel Service,Industrials,Air Freight & Logistics,100.42,128.18,80.6,100.78,100.81,98.76,94.36,89.11,90.22,92.61
URI,United Rentals,Industrials,Trading Companies & Distributors,826.82,1019.33,522.49,819.72,813.91,810.05,845.01,893.16,879.27,796.41
UNH,UnitedHealth Group,Health Care,Managed Health Care,331.02,594.32,231.57,327.2,331.29,329.68,333.18,326.9,317.77,347.22
UHS,Universal Health Services,Health Care,Health Care Facilities,227.54,246.13,152.04,227.2,225.47,228.35,224.61,206.86,199.75,192.22
VLO,Valero Energy,Energy,Oil & Gas Refining & Marketing,164.47,184.46,96.76,163.49,165.13,170.63,170.64,161.93,157.92,144.94
VTR,Ventas,Real Estate,Health Care REITs,79.6,81.89,55.47,79.32,79.02,79.42,76.72,72.37,70.9,68.58
VLTO,Veralto,Industrials,Environmental & Facilities Services,101.69,109.99,83.69,101.84,100.84,100.71,100.51,103.36,103.32,100.76
VRSN,Verisign,Information Technology,Internet Services & Infrastructure,246.24,308.75,197.81,245.45,244.09,246.28,247.53,260.84,264.94,264.71
VRSK,Verisk Analytics,Industrials,Research & Consulting Services,220.35,321.24,196.59,219.23,218.64,219.47,221.14,238.95,250.01,268.55
VZ,Verizon,Communication Services,Integrated Telecommunication Services,40.43,45.09,35.79,40.09,40.42,40.59,40.35,41.48,41.51,41.64
VRTX,Vertex Pharmaceuticals,Health Care,Biotechnology,462.65,519.68,362.5,460.27,456.1,449.95,434.35,414.02,423.72,440.49
VTRS,Viatris,Health Care,Pharmaceuticals,12.32,12.49,6.6,12.11,11.89,11.45,10.8,10.37,10.08,9.41
VICI,Vici Properties,Real Estate,Hotel & Resort REITs,28.09,33.01,26.43,27.88,28.01,27.85,28.94,30.38,30.74,30.66
V,Visa Inc.,Financials,Transaction & Payment Processing Services,355.06,374.11,297.39,352.98,349.52,340.11,338.16,340.68,342.51,343.62
VST,Vistra Corp.,Utilities,Electric Utilities,161.43,219.51,90.17,161.89,164.62,167.72,178.29,189.3,190.47,172.88
VMC,Vulcan Materials Company,Materials,Construction Materials,293.98,311.21,213.97,292.84,292.26,293.27,291.23,293.04,288.18,274.72
WRB,W. R. Berkley Corporation,Financials,Property & Casualty Insurance,70.47,77.72,54.51,70.19,69.55,69.38,72.17,72.2,71.39,70.43
GWW,W. W. Grainger,Industrials,Industrial Machinery & Supplies & Components,1024.45,1129.04,887.81,1027.79,1025.27,998.43,969.41,973.76,984.02,998.47
WAB,Wabtec,Industrials,Construction Machinery & Heavy Transportation Equipment,219.01,222.47,151.24,219.23,216.54,214.43,206.56,199.82,200.81,196.83
WMT,Walmart,Consumer Staples,Consumer Staples Merchandise Retail,111.88,117.45,79.27,112.27,114.07,113.73,107.82,104.63,103.01,99.3
DIS,Walt Disney Company (The),Communication Services,Movies & Entertainment,113.48,123.85,79.22,112.96,112.03,109.03,108.95,111.53,113.23,109.03
WBD,Warner Bros. Discovery,Communication Services,Broadcasting,28.82,30.0,7.52,28.74,28.81,27.51,24.14,19.71,18.25,14.99
WM,Waste Management,Industrials,Environmental & Facilities Services,220.85,239.91,193.36,219.71,218.95,215.92,211.02,216.0,218.04,222.05
WAT,Waters Corporation,Health Care,Life Sciences Tools & Services,385.53,423.56,275.05,383.15,381.84,388.7,375.85,339.18,333.7,339.21
WEC,WEC Energy Group,Utilities,Electric Utilities,105.4,117.25,88.91,104.96,104.84,105.69,109.79,109.59,108.75,107.06
WFC,Wells Fargo,Financials,Diversified Banks,95.11,95.85,57.46,94.44,93.41,91.16,87.52,83.98,83.3,78.72
WELL,Welltower,Real Estate,Health Care REITs,187.54,209.05,120.99,186.91,187.88,193.85,189.8,178.85,174.63,164.58
WST,West Pharmaceutical Services,Health Care,Health Care Supplies,274.32,347.77,186.94,275.18,271.96,273.25,274.87,264.12,257.68,241.96
WDC,Western Digital,Information Technology,"Technology Hardware, Storage & Peripherals",181.18,188.77,28.72,179.37,176.11,172.07,156.5,126.77,115.14,89.48
WY,Weyerhaeuser,Real Estate,Timber REITs,23.7,30.64,20.96,23.64,23.55,22.87,22.67,23.77,24.1,24.86
WSM,"Williams-Sonoma, Inc.",Consumer Discretionary,Homefurnishing Retail,188.44,217.31,128.49,189.6,188.16,184.64,186.68,191.8,188.94,177.03
WMB,Williams Companies,Energy,Oil & Gas Storage & Transportation,59.42,65.01,50.3,59.16,59.09,60.07,59.44,59.24,58.91,58.45
WTW,Willis Towers Watson,Financials,Insurance Brokers,333.92,352.79,291.3,333.14,331.26,325.53,323.61,329.24,325.01,320.24
WDAY,"Workday, Inc.",Information Technology,Application Software,220.64,283.68,205.33,217.91,217.91,218.13,226.01,228.45,229.51,234.99
WYNN,Wynn Resorts,Consumer Discretionary,Casinos & Gaming,124.73,134.72,64.8,125.73,125.65,126.68,123.99,122.07,119.27,106.17
XEL,Xcel Energy,Utilities,Multi-Utilities,74.27,83.01,61.07,73.78,74.02,75.76,78.71,76.75,75.41,72.76
XYL,Xylem Inc.,Industrials,Industrial Machinery & Supplies & Components,138.7,153.83,99.59,138.65,137.98,138.69,143.18,142.96,140.9,133.13
YUM,Yum! Brands,Consumer Discretionary,Restaurants,153.29,160.96,119.81,154.23,153.49,150.09,147.85,146.92,146.75,146.44
ZBRA,Zebra Technologies,Information Technology,Electronic Equipment & Instruments,245.97,427.76,205.73,247.93,254.15,258.03,262.84,286.42,294.59,286.81
ZBH,Zimmer Biomet,Health Care,Health Care Equipment,90.77,113.87,85.33,89.87,90.62,92.19,94.34,97.76,96.99,97.63
ZTS,Zoetis,Health Care,Pharmaceuticals,126.18,175.6,115.25,124.25,122.91,122.01,127.61,137.91,140.74,147.25
