Symbol,Company,GICS_Sector,GICS_Sub_Industry,Current_Price,High_52_Week,Low_52_Week,SMA5,SMA10,SMA20,SMA50,SMA200,Score,Target_Pcnt,Target_Price,Stop_Loss
MMM,3M,Industrials,Industrial Conglomerates,162.14,173.09,124.36,160.92,162.63,165.68,165.36,152.22,0.0,7.29,173.96,157.4
AOS,A. O. Smith,Industrials,Building Products,67.76,73.9,58.72,67.92,68.13,67.6,66.8,67.56,0.1,2.3,69.32,65.87
ABT,Abbott Laboratories,Health Care,Health Care Equipment,124.71,138.33,109.61,124.94,125.73,125.27,126.31,129.35,0.2,3.57,129.16,121.39
ABBV,AbbVie,Health Care,Biotechnology,229.6,242.63,165.03,228.6,226.46,226.1,226.68,203.86,-0.2,0.62,231.02,221.17
ACN,Accenture,Information Technology,IT Consulting & Other Services,270.58,394.31,232.56,270.85,271.62,268.6,254.87,274.68,0.1,3.6,280.32,256.89
ADBE,Adobe Inc.,Information Technology,Application Software,352.92,464.11,312.4,354.34,353.77,344.11,338.58,363.24,0.1,4.55,368.98,319.23
AMD,Advanced Micro Devices,Information Technology,Semiconductors,215.07,264.33,78.21,214.68,210.01,214.49,229.18,160.93,0.0,5.58,227.07,201.89
AES,AES Corporation,Utilities,Independent Power Producers & Energy Traders,14.04,15.18,9.38,13.86,13.78,13.85,13.94,12.36,0.0,0.93,14.17,13.53
AFL,Aflac,Financials,Life & Health Insurance,109.94,114.41,97.05,110.34,110.37,109.6,109.6,105.92,0.0,1.57,111.67,107.53
A,Agilent Technologies,Health Care,Life Sciences Tools & Services,138.3,157.2,98.88,138.15,138.38,142.43,145.08,124.48,-0.2,10.19,152.39,132.48
APD,Air Products,Materials,Industrial Gases,246.99,331.69,230.76,244.47,244.27,247.57,251.15,271.86,0.0,7.64,265.86,229.28
ABNB,Airbnb,Consumer Discretionary,"Hotels, Resorts & Cruise Lines",136.84,161.42,105.69,136.47,134.23,128.24,124.65,126.61,-0.1,3.66,141.85,114.64
AKAM,Akamai Technologies,Information Technology,Internet Services & Infrastructure,88.26,102.1,68.21,89.13,88.18,87.34,83.35,79.04,0.0,2.7,90.64,84.05
ALB,Albemarle Corporation,Materials,Specialty Chemicals,149.74,149.74,50.01,147.24,140.74,134.26,116.22,81.56,0.0,1.22,151.57,116.95
ARE,Alexandria Real Estate Equities,Real Estate,Office REITs,48.44,98.01,44.97,48.37,47.94,48.14,55.23,71.61,-0.2,9.93,53.25,43.03
ALGN,Align Technology,Health Care,Health Care Supplies,158.1,234.89,124.88,157.93,160.27,158.09,145.4,159.15,0.1,6.36,168.16,148.02
ALLE,Allegion,Industrials,Building Products,160.59,179.47,118.08,160.57,160.7,161.39,164.92,154.34,0.0,3.31,165.91,156.86
LNT,Alliant Energy,Utilities,Electric Utilities,65.14,69.47,54.87,65.1,65.29,65.67,66.86,63.49,0.0,4.22,67.89,63.46
ALL,Allstate,Financials,Property & Casualty Insurance,207.74,213.64,177.51,207.92,208.23,207.02,203.03,200.55,-0.2,2.89,213.74,200.3
GOOGL,Alphabet Inc. (Class A),Communication Services,Interactive Media & Services,313.38,323.23,144.3,311.75,308.2,312.68,292.88,214.81,0.0,3.69,324.94,300.41
GOOG,Alphabet Inc. (Class C),Communication Services,Interactive Media & Services,314.8,323.43,146.18,313.22,309.55,313.67,293.59,215.89,0.0,3.39,325.47,301.88
MO,Altria,Consumer Staples,Tobacco,57.52,66.65,48.28,58.39,58.67,58.6,59.37,59.75,0.0,3.48,59.52,57.69
AMZN,Amazon,Consumer Discretionary,Broadline Retail,232.76,254.0,167.32,230.61,227.24,229.09,230.41,216.32,0.0,1.71,236.74,221.45
AMCR,Amcor,Materials,Paper & Plastic Packaging Products & Materials,8.27,10.15,7.82,8.28,8.29,8.32,8.29,8.84,0.1,3.02,8.52,8.12
AEE,Ameren,Utilities,Multi-Utilities,99.61,105.59,84.39,99.35,98.86,99.46,101.82,98.48,-0.2,3.56,103.16,95.76
AEP,American Electric Power,Utilities,Electric Utilities,115.42,123.77,87.28,115.0,114.97,116.36,118.31,108.84,-0.4,5.04,121.24,111.48
AXP,American Express,Financials,Consumer Finance,381.06,384.89,230.22,380.74,380.07,374.16,363.67,314.56,0.0,2.43,390.32,358.0
AIG,American International Group,Financials,Multi-line Insurance,86.36,86.59,69.02,86.39,85.91,81.64,78.88,80.3,-0.1,5.11,90.77,72.52
AMT,American Tower,Real Estate,Telecom Tower REITs,176.33,230.32,169.21,174.12,176.34,177.77,181.07,201.04,-0.2,4.26,183.84,171.69
AWK,American Water Works,Utilities,Water Utilities,130.42,149.23,118.11,130.87,131.98,130.82,132.02,138.35,0.2,2.85,134.14,127.5
AMP,Ameriprise Financial,Financials,Asset Management & Custody Banks,501.01,567.86,418.0,497.09,493.24,483.59,469.77,491.17,0.1,2.4,513.03,454.16
AME,Ametek,Industrials,Electrical Components & Equipment,208.31,208.56,150.67,206.93,204.32,201.52,195.99,182.25,0.2,0.49,209.33,193.7
AMGN,Amgen,Health Care,Biotechnology,332.18,345.46,250.44,331.28,327.66,329.06,320.21,293.81,0.0,4.55,347.29,310.84
APH,Amphenol,Information Technology,Electronic Components,137.54,143.57,58.79,136.61,132.69,135.99,135.54,105.2,0.0,5.31,144.84,127.13
ADI,Analog Devices,Information Technology,Semiconductors,276.14,283.39,162.63,276.14,276.48,276.05,252.36,229.77,0.2,3.38,285.47,266.64
AON,Aon plc,Financials,Insurance Brokers,356.84,407.61,326.07,354.97,353.96,350.24,346.15,359.61,-0.1,0.84,359.84,340.65
APA,APA Corporation,Energy,Oil & Gas Exploration & Production,24.03,27.1,13.47,24.26,24.49,25.31,24.21,20.53,0.0,14.02,27.4,23.22
APO,Apollo Global Management,Financials,Asset Management & Custody Banks,148.45,172.42,107.48,148.18,147.56,143.05,133.43,135.04,0.1,5.17,156.12,129.98
AAPL,Apple Inc.,Information Technology,"Technology Hardware, Storage & Peripherals",273.89,286.19,171.83,272.94,273.57,276.97,271.45,230.49,-0.2,4.19,285.37,268.57
AMAT,Applied Materials,Information Technology,Semiconductor Materials & Equipment,262.39,275.15,125.98,259.76,257.99,261.94,242.91,189.19,-0.2,5.0,275.51,248.37
APP,AppLovin,Information Technology,Application Software,712.16,733.6,219.37,724.62,699.77,687.32,627.72,458.76,0.2,6.41,757.81,616.8
APTV,Aptiv,Consumer Discretionary,Automotive Parts & Equipment,76.89,87.98,47.92,77.1,77.34,77.41,79.54,71.95,0.2,3.03,79.22,75.6
ACGL,Arch Capital Group,Financials,Property & Casualty Insurance,96.03,97.12,84.72,96.54,96.03,94.26,91.19,91.24,0.1,2.26,98.2,90.32
ADM,Archer Daniels Midland,Consumer Staples,Agricultural Products & Services,57.84,63.67,40.67,57.84,58.42,58.91,59.25,54.38,0.0,5.5,61.02,56.79
ARES,Ares Management,Financials,Asset Management & Custody Banks,168.82,192.89,115.76,168.52,169.45,167.31,155.91,161.71,0.1,6.09,179.1,155.52
ANET,Arista Networks,Information Technology,Communications Equipment,131.91,162.03,64.37,131.17,127.96,128.82,135.59,115.46,0.0,2.12,134.71,122.94
AJG,Arthur J. Gallagher & Co.,Financials,Insurance Brokers,260.81,346.41,237.85,258.38,255.9,249.5,255.64,299.78,0.0,1.2,263.94,235.07
AIZ,Assurant,Financials,Multi-line Insurance,240.12,241.89,177.67,240.76,237.47,230.67,222.84,206.0,0.0,2.34,245.74,215.6
T,AT&T,Communication Services,Integrated Telecommunication Services,24.67,29.3,20.9,24.45,24.38,24.76,25.12,26.77,0.0,4.95,25.89,23.62
ATO,Atmos Energy,Utilities,Gas Utilities,167.85,178.17,133.5,167.66,168.4,169.14,172.34,160.91,0.0,3.58,173.86,164.42
ADSK,Autodesk,Information Technology,Application Software,300.5,326.79,238.84,299.37,297.5,300.83,300.57,294.96,0.2,3.08,309.76,291.92
ADP,Automatic Data Processing,Industrials,Human Resource & Employment Services,258.61,321.43,247.46,258.28,261.11,259.25,260.41,288.96,0.2,2.93,266.19,252.31
AZO,AutoZone,Consumer Discretionary,Automotive Retail,3448.36,4354.54,3185.71,3434.83,3434.59,3585.7,3726.96,3821.94,-0.2,15.73,3990.79,3180.62
AVB,AvalonBay Communities,Real Estate,Multi-Family Residential REITs,182.93,222.25,173.92,181.86,180.34,179.52,180.1,192.79,-0.2,0.79,184.38,174.67
AVY,Avery Dennison,Materials,Paper & Plastic Packaging Products & Materials,181.98,191.81,156.63,181.42,182.36,178.74,174.36,171.91,0.0,3.03,187.49,169.99
AXON,Axon Enterprise,Industrials,Aerospace & Defense,584.38,870.97,496.65,592.19,574.54,562.54,603.71,679.68,0.0,3.19,603.02,522.07
BKR,Baker Hughes,Energy,Oil & Gas Equipment & Services,45.21,50.61,34.43,45.19,45.45,47.26,47.53,42.85,-0.2,13.76,51.43,43.09
BALL,Ball Corporation,Materials,"Metal, Glass & Plastic Containers",52.49,59.23,44.42,52.27,52.01,50.25,48.98,51.43,0.1,2.84,53.98,46.53
BAC,Bank of America,Financials,Diversified Banks,56.1,56.25,33.82,55.9,55.36,54.53,53.12,47.03,0.2,0.78,56.54,52.51
BAX,Baxter International,Health Care,Health Care Equipment,19.28,36.1,17.41,19.05,19.14,18.87,19.42,25.66,0.0,1.71,19.61,18.13
BDX,Becton Dickinson,Health Care,Health Care Equipment,196.15,243.81,162.39,196.05,196.77,194.81,189.31,187.19,0.0,2.9,201.84,187.79
BRK-B,Berkshire Hathaway,Financials,Multi-Sector Holdings,498.25,539.8,442.66,498.92,500.8,501.16,497.39,498.22,0.1,2.82,512.3,490.03
BBY,Best Buy,Consumer Discretionary,Computer & Electronics Retail,69.38,86.45,53.98,70.37,71.21,72.56,76.0,70.37,0.0,10.48,76.65,68.46
TECH,Bio-Techne,Health Care,Life Sciences Tools & Services,59.06,78.3,46.53,58.95,58.35,60.2,60.92,55.08,-0.2,9.82,64.86,55.53
BIIB,Biogen,Health Care,Biotechnology,176.47,182.09,113.38,175.42,174.05,176.54,165.39,140.65,-0.2,4.08,183.67,169.42
BLK,BlackRock,Financials,Asset Management & Custody Banks,1088.84,1196.76,803.7,1082.55,1078.21,1071.43,1074.37,1037.43,-0.2,1.73,1107.68,1035.22
BX,Blackstone Inc.,Financials,Asset Management & Custody Banks,155.38,187.02,117.47,154.71,153.41,152.34,148.95,151.51,0.1,1.99,158.47,146.2
XYZ,"Block, Inc.",Financials,Transaction & Payment Processing Services,66.26,92.95,46.53,65.55,64.92,63.72,67.41,66.89,0.0,1.86,67.49,59.95
BK,BNY Mellon,Financials,Asset Management & Custody Banks,117.55,118.68,72.12,117.22,116.24,115.35,111.09,97.4,0.2,1.83,119.7,110.99
BA,Boeing,Industrials,Aerospace & Defense,216.42,237.38,136.59,216.47,211.35,205.34,202.46,204.42,0.1,2.57,221.98,188.68
BKNG,Booking Holdings,Consumer Discretionary,"Hotels, Resorts & Cruise Lines",5446.9,5794.84,4141.9,5426.68,5401.61,5255.57,5095.15,5220.28,0.1,3.04,5612.49,4898.56
BSX,Boston Scientific,Health Care,Health Care Equipment,96.04,108.14,89.32,96.06,94.86,95.74,98.54,100.96,-0.2,5.58,101.4,90.09
BMY,Bristol Myers Squibb,Health Care,Pharmaceuticals,54.53,60.79,42.6,54.47,54.02,52.33,48.48,47.88,0.2,3.17,56.26,48.4
AVGO,Broadcom,Information Technology,Semiconductors,352.26,412.18,145.42,346.59,342.67,368.42,361.21,285.77,0.2,20.44,424.26,312.57
BR,Broadridge Financial Solutions,Industrials,Data Processing & Outsourced Services,227.93,264.73,214.68,227.57,228.0,227.86,226.08,236.4,-0.3,1.52,231.39,224.34
BRO,Brown & Brown,Financials,Insurance Brokers,80.65,123.81,76.42,80.4,80.86,80.04,81.1,99.06,0.0,2.32,82.52,77.56
BF-B,Brown–Forman,Consumer Staples,Distillers & Vintners,26.17,38.7,25.25,27.26,28.55,29.21,28.25,29.64,-0.3,21.9,31.9,26.53
BLDR,Builders FirstSource,Industrials,Building Products,103.58,173.51,94.85,103.55,104.32,107.4,109.8,120.92,0.0,10.98,114.95,99.86
BG,Bunge Global,Consumer Staples,Agricultural Products & Services,88.94,97.09,66.74,89.49,90.98,92.49,93.97,82.03,-0.2,9.23,97.15,87.83
BXP,"BXP, Inc.",Real Estate,Office REITs,69.32,78.2,55.53,69.1,69.8,70.23,70.83,68.52,0.0,4.85,72.68,67.77
CHRW,C.H. Robinson,Industrials,Air Freight & Logistics,164.42,166.46,85.64,165.08,162.43,159.94,150.16,117.04,0.2,1.94,167.61,152.27
CDNS,Cadence Design Systems,Information Technology,Application Software,318.85,373.37,231.64,317.2,317.53,323.58,323.7,316.67,0.0,7.77,343.62,303.51
CPT,Camden Property Trust,Real Estate,Multi-Family Residential REITs,109.03,120.87,96.61,108.24,106.83,105.09,102.96,108.11,0.1,1.0,110.12,100.07
CPB,Campbell's Company (The),Consumer Staples,Packaged Foods & Meats,28.08,40.61,27.68,28.18,28.4,28.94,30.03,32.48,0.0,9.01,30.61,27.28
COF,Capital One,Financials,Consumer Finance,248.61,248.61,149.12,247.0,243.66,236.3,223.3,205.73,0.0,2.28,254.28,218.33
CAH,Cardinal Health,Health Care,Health Care Distributors,207.96,213.73,116.25,206.2,202.46,202.06,194.1,160.64,0.2,1.41,210.89,193.22
CCL,Carnival,Consumer Discretionary,"Hotels, Resorts & Cruise Lines",30.8,32.49,16.43,31.41,29.78,27.94,27.56,26.09,0.2,5.23,32.41,23.47
CARR,Carrier Global,Industrials,Building Products,53.5,80.42,50.36,53.4,53.25,53.63,55.13,63.8,-0.2,2.82,55.01,52.24
CAT,Caterpillar Inc.,Industrials,Construction Machinery & Heavy Transportation Equipment,582.56,625.61,270.85,581.47,581.17,588.18,566.54,429.49,0.0,6.25,618.97,557.38
CBOE,Cboe Global Markets,Financials,Financial Exchanges & Data,255.35,260.88,189.73,253.03,251.49,252.53,250.13,235.67,0.0,1.24,258.52,246.55
CBRE,CBRE Group,Real Estate,Real Estate Services,164.66,165.9,113.94,163.83,161.89,160.62,157.62,144.99,0.0,0.71,165.83,155.42
CDW,CDW Corporation,Information Technology,Technology Distributors,139.81,203.07,136.03,139.36,141.84,143.84,146.28,161.85,-0.2,7.4,150.16,137.52
COR,Cencora,Health Care,Health Care Distributors,340.68,374.75,222.96,340.44,342.38,343.83,347.05,304.02,0.0,5.62,359.83,327.83
CNC,Centene Corporation,Health Care,Managed Health Care,40.33,65.89,25.21,39.76,39.72,39.21,37.29,43.07,-0.3,1.49,40.93,37.5
CNP,CenterPoint Energy,Utilities,Multi-Utilities,38.22,40.0,30.14,37.96,38.04,38.2,38.86,37.44,-0.2,2.9,39.33,37.08
CF,CF Industries,Materials,Fertilizers & Agricultural Chemicals,77.29,101.28,67.27,77.83,78.19,78.28,80.79,84.28,0.2,3.92,80.32,76.23
CRL,Charles River Laboratories,Health Care,Life Sciences Tools & Services,204.0,204.0,99.75,202.02,198.63,191.54,182.25,157.92,0.0,2.63,209.37,173.7
SCHW,Charles Schwab Corporation,Financials,Investment Banking & Brokerage,101.67,101.85,68.45,100.99,98.67,96.42,94.72,89.88,0.0,0.8,102.48,90.35
CHTR,Charter Communications,Communication Services,Cable & Satellite,207.27,427.25,194.22,206.41,207.56,205.53,215.95,307.87,0.2,3.53,214.59,196.47
CVX,Chevron Corporation,Energy,Integrated Oil & Gas,149.74,162.83,129.22,149.66,149.21,149.96,151.42,147.62,0.0,2.12,152.91,147.0
CMG,Chipotle Mexican Grill,Consumer Discretionary,Restaurants,37.9,62.24,29.81,37.83,37.15,35.63,35.08,44.41,0.1,2.77,38.95,32.31
CB,Chubb Limited,Financials,Property & Casualty Insurance,312.81,313.32,256.04,312.2,311.7,304.36,293.0,284.99,0.2,2.31,320.04,288.69
CHD,Church & Dwight,Consumer Staples,Household Products,85.39,112.09,81.52,85.08,85.12,84.4,84.8,93.14,-0.2,1.37,86.56,82.24
CI,Cigna,Health Care,Health Care Services,276.07,334.83,243.04,274.43,274.8,271.6,274.92,298.06,-0.2,1.71,280.79,262.41
CINF,Cincinnati Financial,Financials,Property & Casualty Insurance,164.57,167.6,124.49,165.92,165.86,164.3,161.2,150.18,0.0,2.45,168.6,160.0
CTAS,Cintas,Industrials,Diversified Support Services,190.86,226.65,180.61,190.45,189.31,187.24,186.53,204.56,0.1,0.91,192.6,181.89
CSCO,Cisco,Information Technology,Communications Equipment,78.06,80.25,52.55,78.12,77.72,77.92,75.19,66.96,0.2,2.47,79.99,75.84
C,Citigroup,Financials,Diversified Banks,120.46,121.56,56.95,118.87,115.45,111.43,104.3,88.13,0.0,1.34,122.07,100.79
CFG,Citizens Financial Group,Financials,Regional Banks,59.74,59.88,33.29,59.64,59.02,57.45,53.69,46.55,0.0,2.54,61.26,53.64
CLX,Clorox,Consumer Staples,Household Products,98.35,158.04,97.43,98.07,99.68,102.0,106.34,121.87,-0.2,10.05,108.23,95.77
CME,CME Group,Financials,Financial Exchanges & Data,276.54,286.69,221.6,274.15,272.92,272.61,271.6,268.95,0.0,1.32,280.19,265.04
CMS,CMS Energy,Utilities,Multi-Utilities,69.96,75.44,63.06,69.8,70.04,70.87,72.56,71.24,-0.2,5.47,73.79,67.94
KO,Coca-Cola Company (The),Consumer Staples,Soft Drinks & Non-alcoholic Beverages,69.81,72.61,59.07,70.01,70.29,70.45,70.06,68.96,0.2,3.02,71.92,68.99
CTSH,Cognizant,Information Technology,IT Consulting & Other Services,85.51,89.26,65.18,85.35,84.57,82.37,75.78,74.13,-0.2,2.68,87.8,76.94
COIN,Coinbase,Financials,Financial Exchanges & Data,237.16,419.78,151.47,242.44,246.61,258.92,287.07,285.06,-0.2,21.16,287.34,230.49
CL,Colgate-Palmolive,Consumer Staples,Household Products,79.84,95.74,74.98,79.48,79.16,78.64,78.41,84.68,-0.1,1.4,80.96,76.31
CMCSA,Comcast,Communication Services,Cable & Satellite,29.78,37.15,26.46,29.65,29.13,28.06,28.06,32.13,0.0,3.12,30.71,25.41
CAG,Conagra Brands,Consumer Staples,Packaged Foods & Meats,17.22,26.19,16.7,17.18,17.5,17.41,17.49,19.92,0.0,4.94,18.07,16.75
COP,ConocoPhillips,Energy,Oil & Gas Exploration & Production,91.2,103.38,80.54,92.2,92.88,92.78,89.57,90.96,0.1,6.45,97.08,88.47
ED,Consolidated Edison,Utilities,Multi-Utilities,99.13,110.5,85.06,98.85,99.03,97.85,98.6,100.8,-0.2,2.03,101.14,94.56
STZ,Constellation Brands,Consumer Staples,Distillers & Vintners,138.95,219.82,127.65,139.08,140.54,140.97,136.08,158.42,0.1,7.12,148.84,133.11
CEG,Constellation Energy,Utilities,Electric Utilities,359.02,403.49,170.33,359.5,357.43,360.43,361.83,309.73,-0.2,4.28,374.39,346.47
COO,Cooper Companies (The),Health Care,Health Care Supplies,82.47,99.45,64.32,82.9,82.41,80.45,75.59,74.45,0.0,3.63,85.46,75.45
CPRT,Copart,Industrials,Diversified Support Services,39.22,63.84,38.41,39.18,39.07,38.95,40.92,48.64,-0.2,0.66,39.48,38.41
GLW,Corning Inc.,Information Technology,Electronic Components,89.66,95.97,38.56,88.98,87.99,87.76,86.14,64.38,0.2,5.25,94.37,81.16
CPAY,Corpay,Financials,Transaction & Payment Processing Services,309.87,389.55,255.0,311.0,311.05,306.87,290.04,314.12,0.1,3.46,320.59,293.15
CTVA,Corteva,Materials,Fertilizers & Agricultural Chemicals,67.22,76.73,55.1,67.02,66.6,66.25,64.74,67.22,-0.1,0.7,67.69,64.81
CSGP,CoStar Group,Real Estate,Real Estate Services,66.96,96.83,63.62,66.46,65.76,66.87,69.17,79.23,-0.2,4.61,70.05,63.7
COST,Costco,Consumer Staples,Consumer Staples Merchandise Retail,872.51,1072.45,850.0,860.96,863.04,881.28,903.69,949.47,-0.2,6.17,926.34,836.22
CTRA,Coterra,Energy,Oil & Gas Exploration & Production,25.68,28.82,22.01,25.65,25.74,26.32,25.41,24.75,0.2,7.67,27.65,24.99
CRWD,CrowdStrike,Information Technology,Systems Software,480.89,557.53,308.86,480.25,482.93,498.94,514.06,459.41,-0.2,11.08,534.17,463.73
CCI,Crown Castle,Real Estate,Telecom Tower REITs,88.28,111.32,80.2,87.22,87.85,88.29,90.35,96.38,0.0,2.92,90.86,85.72
CSX,CSX Corporation,Industrials,Rail Transportation,36.63,37.39,26.38,36.61,36.75,36.4,35.65,32.88,0.2,3.03,37.74,35.07
CMI,Cummins,Industrials,Construction Machinery & Heavy Transportation Equipment,519.42,524.53,263.13,516.02,512.0,510.03,472.77,378.79,0.0,1.55,527.47,492.6
CVS,CVS Health,Health Care,Health Care Services,79.57,82.45,42.14,78.56,78.59,78.25,78.93,69.82,-0.2,1.97,81.14,75.35
DHR,Danaher Corporation,Health Care,Life Sciences Tools & Services,229.98,249.37,174.06,229.02,227.17,227.08,221.81,203.96,0.0,1.16,232.65,221.5
DRI,Darden Restaurants,Consumer Discretionary,Restaurants,188.09,222.41,169.21,188.82,188.08,182.98,180.56,196.61,0.1,3.41,194.5,171.47
DDOG,Datadog,Information Technology,Application Software,138.07,199.72,87.0,139.91,140.27,147.26,159.24,133.66,-0.2,17.59,162.36,132.17
DVA,DaVita,Health Care,Health Care Services,113.82,177.35,113.82,114.93,116.86,117.62,120.63,134.75,0.0,6.91,121.68,113.55
DAY,Dayforce,Industrials,Human Resource & Employment Services,69.14,74.23,49.33,69.17,69.21,69.15,68.85,62.38,0.2,0.26,69.32,68.98
DECK,Deckers Brands,Consumer Discretionary,Footwear,102.76,223.11,79.54,101.15,101.81,99.25,91.77,105.29,-0.1,4.85,107.74,90.75
DE,Deere & Company,Industrials,Agricultural & Farm Machinery,468.52,527.96,404.45,468.3,475.58,473.58,472.68,481.8,0.1,4.34,488.85,458.29
DELL,Dell Technologies,Information Technology,"Technology Hardware, Storage & Peripherals",129.63,164.88,70.63,127.73,128.37,132.73,139.43,122.06,0.0,10.41,143.12,122.33
DAL,Delta Air Lines,Industrials,Passenger Airlines,70.75,72.06,35.54,71.07,70.74,68.89,62.98,54.24,0.0,4.16,73.69,64.09
DVN,Devon Energy,Energy,Oil & Gas Exploration & Production,35.57,38.16,26.26,36.08,36.16,36.76,34.82,33.31,0.2,7.73,38.32,35.2
DXCM,Dexcom,Health Care,Health Care Equipment,67.53,90.75,54.84,67.06,66.6,66.07,64.14,73.96,-0.1,1.85,68.78,63.37
FANG,Diamondback Energy,Energy,Oil & Gas Exploration & Production,145.79,175.21,116.78,147.49,149.83,153.63,147.61,142.08,0.0,11.91,163.15,144.09
DLR,Digital Realty,Real Estate,Data Center REITs,154.69,178.07,133.15,153.45,151.92,155.49,161.57,162.95,-0.2,6.19,164.27,146.7
DG,Dollar General,Consumer Staples,Consumer Staples Merchandise Retail,137.48,137.52,67.25,136.4,135.63,128.05,112.58,104.23,-0.2,7.78,148.18,107.93
DLTR,Dollar Tree,Consumer Staples,Consumer Staples Merchandise Retail,123.75,131.17,61.92,123.12,126.31,121.91,109.89,97.87,0.2,9.8,135.88,107.94
D,Dominion Energy,Utilities,Multi-Utilities,59.06,62.07,47.97,58.57,59.16,59.18,59.65,56.8,-0.2,3.64,61.21,57.15
DPZ,Domino's,Consumer Discretionary,Restaurants,425.48,491.7,395.61,427.3,430.77,426.11,415.05,444.07,0.1,3.41,439.99,412.22
DASH,DoorDash,Consumer Discretionary,Specialized Consumer Services,234.24,281.74,163.16,233.63,230.28,224.63,226.4,226.39,-0.2,3.68,242.86,206.4
DOV,Dover Corporation,Industrials,Industrial Machinery & Supplies & Components,199.95,204.14,149.86,199.04,198.44,194.62,184.89,177.56,0.0,2.53,205.01,184.24
DOW,Dow Inc.,Materials,Commodity Chemicals,23.24,39.0,20.27,23.18,23.22,23.43,22.87,25.56,-0.1,5.38,24.49,22.36
DHI,D. R. Horton,Consumer Discretionary,Homebuilding,145.56,183.47,114.08,145.84,150.07,153.6,150.41,142.78,0.2,13.23,164.82,142.39
DTE,DTE Energy,Utilities,Multi-Utilities,129.03,142.03,113.76,128.46,128.72,129.74,134.05,133.66,-0.2,3.33,133.33,126.14
DUK,Duke Energy,Utilities,Electric Utilities,117.09,127.92,102.17,116.64,116.58,117.11,121.26,118.8,-0.2,3.9,121.66,112.56
DD,DuPont,Materials,Specialty Chemicals,41.17,41.49,22.69,41.2,40.91,40.6,38.25,31.83,0.0,1.46,41.77,39.43
ETN,Eaton Corporation,Industrials,Electrical Components & Equipment,322.58,391.62,244.95,321.45,323.41,332.7,351.82,338.64,-0.2,10.02,354.9,310.5
EBAY,eBay Inc.,Consumer Discretionary,Broadline Retail,85.12,100.1,58.89,84.49,83.84,83.41,85.48,80.5,-0.2,0.47,85.52,81.3
ECL,Ecolab,Materials,Specialty Chemicals,265.78,283.99,223.93,265.41,263.47,263.19,263.99,262.05,-0.2,2.91,273.51,252.86
EIX,Edison International,Utilities,Electric Utilities,59.34,75.82,46.84,60.05,59.57,58.54,57.84,54.49,0.0,2.97,61.1,55.99
EW,Edwards Lifesciences,Health Care,Health Care Equipment,86.75,86.82,67.07,86.29,85.29,85.06,83.33,77.69,0.0,0.71,87.37,82.76
EA,Electronic Arts,Communication Services,Interactive Home Entertainment,204.72,204.78,115.97,204.3,204.11,203.68,201.87,169.34,-0.2,0.15,205.03,202.33
ELV,Elevance Health,Health Care,Managed Health Care,348.9,445.96,271.77,344.08,348.26,341.48,333.27,351.53,-0.3,3.9,362.51,320.45
EME,Emcor,Industrials,Construction & Engineering,626.99,777.0,341.52,622.4,619.36,620.67,643.92,553.97,-0.2,2.22,640.91,600.44
EMR,Emerson Electric,Industrials,Electrical Components & Equipment,135.45,148.4,92.96,135.04,134.64,135.01,132.61,126.09,-0.2,2.88,139.35,130.68
ETR,Entergy,Utilities,Electric Utilities,92.76,97.52,73.2,92.25,92.42,93.25,94.51,87.3,-0.4,3.34,95.86,90.64
EOG,EOG Resources,Energy,Oil & Gas Exploration & Production,103.18,133.44,101.78,103.28,103.95,107.14,106.93,113.17,-0.1,10.78,114.3,99.99
EPAM,EPAM Systems,Information Technology,IT Consulting & Other Services,210.91,267.63,142.2,209.75,208.77,204.88,182.88,169.82,0.0,3.89,219.11,190.66
EQT,EQT Corporation,Energy,Oil & Gas Exploration & Production,53.71,61.17,43.66,53.9,54.17,56.7,56.44,53.98,0.0,16.09,62.35,51.05
EFX,Equifax,Industrials,Research & Consulting Services,221.31,278.79,203.71,220.3,219.54,215.65,215.1,240.8,0.1,1.69,225.05,206.26
EQIX,Equinix,Real Estate,Data Center REITs,761.78,938.45,726.09,759.41,755.89,747.12,779.71,798.73,0.0,1.13,770.39,723.82
EQR,Equity Residential,Real Estate,Multi-Family Residential REITs,62.98,72.76,58.7,62.34,61.85,61.52,60.96,64.72,-0.1,0.11,63.05,59.98
ERIE,Erie Indemnity,Financials,Insurance Brokers,282.17,445.35,275.0,283.98,285.97,287.47,294.56,341.95,0.2,6.72,301.13,273.83
ESS,Essex Property Trust,Real Estate,Multi-Family Residential REITs,261.59,305.43,247.18,260.13,259.65,258.58,258.11,269.08,-0.1,1.23,264.81,252.35
EL,Estée Lauder Companies (The),Consumer Staples,Personal Care Products,107.63,108.65,49.43,107.88,106.22,103.99,97.56,81.73,0.2,4.14,112.09,95.89
EG,Everest Group,Financials,Reinsurance,336.93,368.76,304.91,335.43,332.14,322.83,324.23,338.39,0.0,1.84,343.13,302.53
EVRG,Evergy,Utilities,Electric Utilities,72.74,78.01,57.62,72.64,73.13,73.7,75.35,70.12,-0.2,4.51,76.02,71.39
ES,Eversource Energy,Utilities,Electric Utilities,67.18,74.05,52.39,66.78,67.13,66.67,69.29,64.18,-0.2,1.37,68.1,65.24
EXC,Exelon,Utilities,Electric Utilities,43.51,47.82,35.99,43.54,43.74,44.05,45.45,44.07,0.0,5.49,45.9,42.19
EXE,Expand Energy,Energy,Oil & Gas Exploration & Production,109.2,122.89,92.58,109.22,109.33,114.5,111.75,106.1,0.0,15.25,125.85,103.14
EXPE,Expedia Group,Consumer Discretionary,"Hotels, Resorts & Cruise Lines",287.98,289.29,135.82,288.27,285.24,274.79,251.16,199.8,0.2,3.78,298.87,250.73
EXPD,Expeditors International,Industrials,Air Freight & Logistics,152.21,153.02,101.6,152.26,151.51,150.22,138.49,120.93,0.0,1.61,154.66,145.78
EXR,Extra Space Storage,Real Estate,Self-Storage REITs,130.44,154.13,122.37,130.19,131.06,130.17,133.74,139.06,-0.2,2.67,133.92,126.42
XOM,ExxonMobil,Energy,Integrated Oil & Gas,118.99,119.54,97.25,118.49,117.77,117.52,116.02,109.95,0.0,1.16,120.37,114.67
FFIV,"F5, Inc.",Information Technology,Communications Equipment,263.68,343.17,223.99,260.76,260.29,254.0,255.47,285.44,0.0,3.24,272.22,235.78
FDS,FactSet,Financials,Financial Exchanges & Data,291.66,485.96,252.61,290.42,289.91,286.74,279.05,369.68,-0.1,2.79,299.8,273.67
FICO,Fair Isaac,Information Technology,Application Software,1754.2,2206.01,1311.26,1740.41,1766.33,1771.97,1721.57,1708.32,0.0,4.51,1833.31,1710.67
FAST,Fastenal,Industrials,Trading Companies & Distributors,41.54,50.13,34.82,41.84,42.03,41.48,41.27,42.73,0.1,3.32,42.92,40.04
FRT,Federal Realty Investment Trust,Real Estate,Retail REITs,102.08,108.06,81.67,101.72,101.25,99.41,98.4,95.3,0.2,1.38,103.49,95.33
FDX,FedEx,Industrials,Air Freight & Logistics,295.98,295.98,194.55,293.73,288.46,281.48,265.25,234.6,0.0,1.01,298.97,263.97
FIS,Fidelity National Information Services,Financials,Transaction & Payment Processing Services,67.1,81.57,61.13,66.8,66.66,66.26,65.27,71.52,-0.1,0.8,67.64,64.89
FITB,Fifth Third Bancorp,Financials,Regional Banks,48.38,48.39,32.73,48.15,47.97,46.64,43.94,41.18,0.0,3.51,50.08,43.2
FSLR,First Solar,Information Technology,Semiconductors,269.88,284.59,120.38,272.61,264.81,263.12,256.33,192.34,0.0,3.52,279.38,246.85
FE,FirstEnergy,Utilities,Electric Utilities,44.79,47.72,36.81,44.59,44.49,44.9,45.69,42.41,-0.2,4.02,46.59,43.21
FISV,Fiserv,Financials,Transaction & Payment Processing Services,67.28,237.79,59.77,67.9,68.13,66.73,76.76,142.8,0.0,5.22,70.79,62.68
F,Ford Motor Company,Consumer Discretionary,Automobile Manufacturers,13.31,13.76,8.35,13.38,13.46,13.33,13.04,11.22,0.0,3.46,13.77,12.88
FTNT,Fortinet,Information Technology,Systems Software,81.35,114.57,74.39,81.03,81.05,82.12,82.64,91.54,-0.4,5.19,85.57,78.66
FTV,Fortive,Industrials,Industrial Machinery & Supplies & Components,55.65,62.25,46.44,55.47,55.22,54.51,52.19,51.31,0.0,1.29,56.37,52.65
FOXA,Fox Corporation (Class A),Communication Services,Broadcasting,74.43,74.43,46.99,73.49,72.26,70.32,66.05,58.01,0.0,1.67,75.67,64.97
FOX,Fox Corporation (Class B),Communication Services,Broadcasting,65.62,65.62,43.59,64.64,63.86,62.31,59.0,52.77,0.0,1.3,66.47,58.15
BEN,Franklin Resources,Financials,Asset Management & Custody Banks,24.16,25.67,16.21,24.22,23.93,23.49,22.86,22.24,0.2,1.9,24.62,22.35
FCX,Freeport-McMoRan,Materials,Copper,52.94,52.94,28.82,51.31,49.47,47.12,43.35,41.17,0.0,0.25,53.07,41.18
GRMN,Garmin,Consumer Discretionary,Consumer Electronics,205.52,258.66,171.47,204.23,204.75,202.9,209.37,214.03,0.2,2.91,211.5,194.28
IT,Gartner,Information Technology,IT Consulting & Other Services,251.95,548.38,224.13,250.95,248.32,239.46,238.38,324.55,0.1,2.69,258.73,220.19
GE,GE Aerospace,Industrials,Aerospace & Defense,314.96,316.75,166.03,313.84,306.26,297.38,301.04,260.08,0.0,1.42,319.43,275.32
GEHC,GE HealthCare,Health Care,Health Care Equipment,83.54,93.35,58.67,83.42,83.26,83.01,78.41,74.4,0.2,3.33,86.32,79.71
GEV,GE Vernova,Industrials,Heavy Electrical Equipment,663.51,723.0,269.69,662.47,660.53,646.02,604.3,528.6,0.0,8.57,720.37,571.67
GEN,Gen Digital,Information Technology,Systems Software,27.72,31.88,23.2,27.63,27.63,27.29,26.74,27.82,0.1,2.02,28.28,26.3
GNRC,Generac,Industrials,Electrical Components & Equipment,140.8,202.85,101.92,140.09,145.68,152.8,160.34,152.02,-0.2,23.0,173.18,132.43
GD,General Dynamics,Industrials,Aerospace & Defense,341.62,353.77,238.33,343.08,340.48,339.29,341.38,305.93,-0.2,1.36,346.27,332.29
GIS,General Mills,Consumer Staples,Packaged Foods & Meats,46.97,63.06,45.64,47.18,47.4,46.8,47.12,50.71,0.0,3.34,48.54,45.06
GM,General Motors,Consumer Discretionary,Automobile Manufacturers,83.0,83.03,42.15,82.8,82.03,79.01,72.51,56.83,-0.2,3.95,86.28,71.74
GPC,Genuine Parts Company,Consumer Discretionary,Distributors,125.75,141.64,103.09,125.15,127.27,128.35,127.78,125.86,0.2,6.16,133.5,123.2
GILD,Gilead Sciences,Health Care,Biotechnology,124.61,127.23,86.72,124.78,122.49,122.24,122.04,112.1,0.0,1.64,126.65,117.83
GPN,Global Payments,Financials,Transaction & Payment Processing Services,80.1,112.42,66.86,80.72,81.31,79.88,79.09,81.89,0.3,4.66,83.83,75.92
GL,Globe Life,Financials,Life & Health Insurance,141.86,146.27,108.59,141.98,140.8,136.97,134.71,130.27,0.2,2.69,145.68,128.28
GDDY,GoDaddy,Information Technology,Internet Services & Infrastructure,126.66,214.35,123.81,126.77,125.94,127.01,128.73,156.12,0.0,2.83,130.24,123.76
GS,Goldman Sachs,Financials,Investment Banking & Brokerage,907.63,911.03,455.22,902.52,891.79,871.72,817.09,695.05,0.2,3.02,935.04,808.4
HAL,Halliburton,Energy,Oil & Gas Equipment & Services,27.91,29.12,18.84,28.0,27.94,27.86,26.81,22.96,0.0,5.45,29.43,26.29
HIG,Hartford (The),Financials,Property & Casualty Insurance,138.74,139.72,104.54,139.22,138.51,135.59,131.31,126.63,0.2,2.85,142.69,128.48
HAS,Hasbro,Consumer Discretionary,Leisure Products,82.43,83.96,49.29,81.8,81.55,81.75,78.73,71.13,-0.2,1.25,83.46,80.03
HCA,HCA Healthcare,Health Care,Health Care Facilities,476.78,515.08,294.49,473.98,473.91,481.47,472.16,397.66,-0.2,5.68,503.86,459.06
DOC,Healthpeak Properties,Real Estate,Health Care REITs,16.08,19.82,15.78,15.98,16.19,16.67,17.33,17.46,-0.2,12.06,18.02,15.31
HSIC,Henry Schein,Health Care,Health Care Distributors,76.17,81.91,62.03,76.76,76.84,75.35,71.26,69.42,0.2,3.65,78.95,71.75
HSY,Hershey Company (The),Consumer Staples,Packaged Foods & Meats,184.12,194.06,140.14,185.44,186.24,184.24,180.25,173.85,0.0,3.59,190.73,177.76
HPE,Hewlett Packard Enterprise,Information Technology,"Technology Hardware, Storage & Peripherals",24.48,26.09,12.28,24.53,24.21,23.67,23.08,20.26,0.0,5.19,25.75,21.58
HLT,Hilton Worldwide,Consumer Discretionary,"Hotels, Resorts & Cruise Lines",293.79,293.79,200.93,292.65,289.59,282.98,273.67,257.82,0.2,1.94,299.49,266.48
HOLX,Hologic,Health Care,Health Care Equipment,74.5,75.19,52.73,74.75,74.88,74.88,74.23,66.08,-0.4,0.93,75.19,74.57
HD,Home Depot (The),Consumer Discretionary,Home Improvement Retail,349.52,420.7,329.16,346.64,351.43,352.04,361.34,369.1,0.2,3.25,360.88,343.21
HON,Honeywell,Industrials,Industrial Conglomerates,197.08,224.06,169.57,196.92,197.19,194.63,195.19,200.34,-0.2,1.76,200.55,188.71
HRL,Hormel Foods,Consumer Staples,Packaged Foods & Meats,24.22,30.86,21.29,24.09,24.01,23.82,23.14,26.85,0.1,1.4,24.56,23.09
HST,Host Hotels & Resorts,Real Estate,Hotel & Resort REITs,18.42,18.64,12.39,18.49,18.48,18.0,17.37,15.91,0.2,3.42,19.05,16.96
HWM,Howmet Aerospace,Industrials,Aerospace & Defense,211.17,212.17,109.08,208.91,202.45,198.94,200.36,174.96,-0.2,0.53,212.29,185.6
HPQ,HP Inc.,Information Technology,"Technology Hardware, Storage & Peripherals",23.27,33.25,21.17,23.16,23.77,24.37,25.09,25.56,-0.2,12.08,26.08,22.65
HUBB,Hubbell Incorporated,Industrials,Industrial Machinery & Supplies & Components,454.3,471.0,312.92,452.01,445.58,442.07,440.69,406.1,0.0,1.79,462.43,421.69
HUM,Humana,Health Care,Managed Health Care,257.95,310.91,219.64,258.28,261.37,257.07,259.26,257.74,0.0,5.68,272.6,241.55
HBAN,Huntington Bancshares,Financials,Regional Banks,17.76,17.92,12.15,17.77,17.68,17.26,16.2,15.83,0.2,3.15,18.32,16.19
HII,Huntington Ingalls Industries,Industrials,Aerospace & Defense,350.5,355.45,156.09,350.13,337.74,325.76,312.85,259.88,0.2,2.1,357.86,293.66
IBM,IBM,Information Technology,IT Consulting & Other Services,304.26,314.98,211.92,303.27,304.12,305.94,302.0,268.63,0.0,2.88,313.02,298.87
IEX,IDEX Corporation,Industrials,Industrial Machinery & Supplies & Components,179.73,221.67,156.86,179.51,178.62,177.59,171.74,171.92,-0.1,1.2,181.89,173.3
IDXX,Idexx Laboratories,Health Care,Health Care Equipment,688.26,766.68,361.04,692.24,695.18,706.95,692.28,577.39,0.2,7.63,740.77,673.16
ITW,Illinois Tool Works,Industrials,Industrial Machinery & Supplies & Components,252.25,269.49,215.75,251.55,252.87,251.43,248.28,249.01,-0.1,2.26,257.95,244.91
INCY,Incyte,Health Care,Biotechnology,99.93,108.26,55.17,100.94,99.07,99.31,98.96,78.45,0.0,4.89,104.82,93.8
IR,Ingersoll Rand,Industrials,Industrial Machinery & Supplies & Components,81.17,94.14,66.7,80.92,80.46,80.25,78.59,79.97,-0.1,2.11,82.88,77.62
PODD,Insulet Corporation,Health Care,Health Care Equipment,288.76,352.82,237.06,288.85,290.27,297.87,314.07,302.56,-0.2,10.58,319.31,276.42
INTC,Intel,Information Technology,Semiconductors,36.3,43.76,18.13,36.4,36.7,38.89,38.01,27.27,0.2,20.5,43.74,34.03
IBKR,Interactive Brokers,Financials,Investment Banking & Brokerage,66.04,72.99,35.93,65.61,64.35,64.75,66.29,57.96,0.0,1.94,67.32,62.19
ICE,Intercontinental Exchange,Financials,Financial Exchanges & Data,163.33,187.37,141.2,161.93,161.43,159.57,155.1,168.46,0.1,0.76,164.57,154.58
IFF,International Flavors & Fragrances,Materials,Specialty Chemicals,67.43,85.71,59.19,66.61,65.41,65.83,65.01,69.32,-0.1,2.8,69.32,62.34
IP,International Paper,Materials,Paper & Plastic Packaging Products & Materials,39.71,57.74,35.6,39.21,38.91,38.86,39.83,45.42,0.0,0.6,39.95,37.78
INTU,Intuit,Information Technology,Application Software,676.19,805.92,541.4,674.33,669.62,661.62,660.11,679.83,-0.1,2.04,689.98,633.27
ISRG,Intuitive Surgical,Health Care,Health Care Equipment,578.08,610.45,429.59,576.97,566.0,565.53,550.09,509.65,0.2,1.41,586.23,544.83
IVZ,Invesco,Financials,Asset Management & Custody Banks,26.98,27.34,11.76,27.12,26.68,26.11,24.39,19.26,0.2,4.08,28.08,24.15
INVH,Invitation Homes,Real Estate,Single-Family Residential REITs,27.41,34.43,25.8,27.08,26.88,26.88,27.54,30.33,0.0,2.04,27.97,25.8
IQV,IQVIA,Health Care,Life Sciences Tools & Services,226.45,231.92,137.0,224.54,223.42,224.34,220.2,182.97,-0.2,1.5,229.85,218.84
IRM,Iron Mountain,Real Estate,Other Specialized REITs,81.94,107.44,74.93,81.06,80.95,82.47,91.09,92.78,-0.2,5.55,86.49,78.44
JBHT,J.B. Hunt,Industrials,Cargo Ground Transportation,198.49,199.58,123.62,198.21,197.46,192.76,177.27,149.95,0.0,4.16,206.75,178.79
JBL,Jabil,Information Technology,Electronic Manufacturing Services,235.92,235.92,116.73,232.38,225.14,222.73,214.13,193.72,0.2,1.63,239.77,205.71
JKHY,Jack Henry & Associates,Financials,Transaction & Payment Processing Services,186.05,189.35,145.77,185.27,186.09,182.63,168.88,169.17,-0.3,3.4,192.38,172.87
J,Jacobs Solutions,Industrials,Construction & Engineering,135.33,164.04,108.92,135.41,134.73,135.92,145.3,136.47,-0.2,3.98,140.72,131.12
JNJ,Johnson & Johnson,Health Care,Pharmaceuticals,207.35,214.17,137.84,206.92,208.83,206.69,198.36,171.31,0.2,2.98,213.53,199.86
JCI,Johnson Controls,Industrials,Building Products,121.86,122.66,70.88,120.77,118.85,117.11,115.88,102.84,0.2,0.18,122.08,112.15
JPM,JPMorgan Chase,Financials,Diversified Banks,327.36,329.17,208.26,324.55,320.48,316.06,309.47,282.64,0.0,0.65,329.49,302.62
KVUE,Kenvue,Consumer Staples,Personal Care Products,17.22,23.7,13.93,17.1,17.16,17.12,16.27,19.71,-0.1,1.39,17.46,16.78
KDP,Keurig Dr Pepper,Consumer Staples,Soft Drinks & Non-alcoholic Beverages,28.02,35.14,25.3,28.01,28.35,28.52,27.76,30.77,0.1,5.82,29.65,27.39
KEY,KeyCorp,Financials,Regional Banks,21.17,21.21,12.78,21.11,20.9,20.08,18.47,17.09,0.0,4.63,22.15,18.01
KEYS,Keysight Technologies,Information Technology,Electronic Equipment & Instruments,206.41,214.14,127.02,204.63,204.24,205.62,187.99,166.88,0.0,4.25,215.18,196.05
KMB,Kimberly-Clark,Consumer Staples,Household Products,101.03,142.87,98.85,100.53,101.56,102.96,106.42,123.38,0.0,6.06,107.15,98.76
KIM,Kimco Realty,Real Estate,Retail REITs,20.33,22.52,18.04,20.18,20.24,20.16,20.48,20.62,0.0,0.98,20.53,19.8
KMI,Kinder Morgan,Energy,Oil & Gas Storage & Transportation,27.12,29.9,24.4,27.0,26.77,27.0,26.74,26.89,-0.1,2.62,27.83,26.17
KKR,KKR & Co.,Financials,Asset Management & Custody Banks,130.55,166.13,92.38,130.87,132.33,131.26,124.04,126.87,-0.1,8.78,142.01,120.5
KLAC,KLA Corporation,Information Technology,Semiconductor Materials & Equipment,1279.89,1279.89,572.94,1267.39,1237.38,1223.29,1189.45,931.77,0.0,0.87,1291.03,1155.56
KHC,Kraft Heinz,Consumer Staples,Packaged Foods & Meats,24.08,30.79,23.35,24.09,24.36,24.54,24.55,26.11,0.0,5.48,25.4,23.68
KR,Kroger,Consumer Staples,Food Retail,63.23,73.58,57.2,62.63,62.77,63.57,65.01,67.38,-0.2,6.28,67.2,59.93
LHX,L3Harris,Industrials,Aerospace & Defense,296.53,305.49,190.99,295.01,289.48,284.57,286.18,258.63,-0.2,1.13,299.88,269.26
LH,Labcorp,Health Care,Health Care Services,254.33,290.15,210.49,253.81,256.25,259.76,263.16,256.58,0.0,6.26,270.25,249.28
LRCX,Lam Research,Information Technology,Semiconductor Materials & Equipment,178.34,178.34,58.73,175.67,168.61,164.77,157.29,110.26,0.0,0.78,179.73,149.81
LW,Lamb Weston,Consumer Staples,Packaged Foods & Meats,42.27,66.17,41.8,42.66,51.1,55.24,58.78,55.23,0.0,65.15,69.81,40.67
LVS,Las Vegas Sands,Consumer Discretionary,Casinos & Gaming,66.42,69.49,30.23,66.56,66.58,66.88,63.2,49.92,0.0,3.45,68.71,65.06
LDOS,Leidos,Industrials,Diversified Support Services,185.88,199.1,125.54,185.91,184.95,186.45,188.86,167.52,0.0,3.33,192.07,180.83
LEN,Lennar,Consumer Discretionary,Homebuilding,104.61,141.8,101.41,105.88,110.67,117.94,121.26,117.41,0.0,30.33,136.34,99.54
LII,Lennox International,Industrials,Building Products,497.65,662.88,444.26,496.37,495.76,498.71,493.12,548.93,-0.1,3.1,513.08,484.32
LLY,Lilly (Eli),Health Care,Pharmaceuticals,1075.23,1109.94,623.36,1074.35,1061.44,1041.76,975.32,820.53,0.0,2.53,1102.43,981.06
LIN,Linde plc,Materials,Industrial Gases,424.32,481.82,389.38,423.85,421.73,411.36,419.87,450.71,0.0,2.49,434.89,387.84
LYV,Live Nation Entertainment,Communication Services,Movies & Entertainment,145.99,174.06,115.79,143.65,141.64,139.02,141.33,145.13,0.0,1.4,148.03,130.01
LKQ,LKQ Corporation,Consumer Discretionary,Distributors,30.57,42.58,28.17,30.16,30.21,29.82,30.0,34.19,-0.2,2.16,31.23,28.4
LMT,Lockheed Martin,Industrials,Aerospace & Defense,482.76,510.37,404.69,481.75,479.54,467.66,469.86,459.66,-0.2,3.03,497.39,437.95
L,Loews Corporation,Financials,Multi-line Insurance,106.36,108.26,80.73,107.17,106.14,105.32,103.39,94.57,0.0,2.52,109.04,101.59
LOW,Lowe's,Consumer Discretionary,Home Improvement Retail,244.38,271.68,208.44,242.41,245.03,245.28,239.79,234.24,0.0,2.4,250.25,240.32
LULU,Lululemon Athletica,Consumer Discretionary,"Apparel, Accessories & Luxury Goods",208.63,421.16,159.87,210.71,209.45,196.97,181.24,225.2,0.1,6.68,222.57,171.37
LYB,LyondellBasell,Materials,Specialty Chemicals,43.16,71.62,41.19,43.07,43.29,44.21,44.05,52.08,0.1,10.57,47.72,40.7
MTB,M&T Bank,Financials,Regional Banks,207.15,207.24,153.05,206.69,205.59,200.8,189.91,184.65,0.0,2.89,213.14,188.47
MPC,Marathon Petroleum,Energy,Oil & Gas Refining & Marketing,164.04,199.13,116.64,165.85,171.99,181.57,187.6,168.25,0.0,24.34,203.97,159.18
MAR,Marriott International,Consumer Discretionary,"Hotels, Resorts & Cruise Lines",315.37,315.37,209.55,313.7,309.86,303.09,288.03,265.12,0.2,2.1,321.99,284.19
MMC,Marsh McLennan,Financials,Insurance Brokers,187.12,242.13,176.58,186.17,186.36,184.53,183.23,206.96,-0.1,0.84,188.69,180.36
MLM,Martin Marietta Materials,Materials,Construction Materials,644.41,655.98,450.65,638.56,633.08,626.26,617.98,574.15,0.0,0.2,645.7,606.79
MAS,Masco,Industrials,Building Products,64.58,80.35,57.89,64.36,64.56,64.17,64.07,65.91,-0.1,2.34,66.09,62.25
MA,Mastercard,Financials,Transaction & Payment Processing Services,579.58,598.17,477.88,576.66,572.21,559.21,555.45,559.56,0.1,1.48,588.16,530.25
MTCH,Match Group,Communication Services,Interactive Media & Services,32.67,38.56,26.72,32.82,32.73,33.26,32.82,32.54,0.2,5.6,34.5,32.02
MKC,McCormick & Company,Consumer Staples,Packaged Foods & Meats,68.88,83.15,63.3,68.83,68.48,66.61,66.23,70.54,0.1,2.96,70.92,62.31
MCD,McDonald's,Consumer Discretionary,Restaurants,310.68,319.65,273.36,313.38,315.52,311.89,306.69,303.14,0.0,3.48,321.49,302.28
MCK,McKesson Corporation,Health Care,Health Care Distributors,827.19,888.45,563.82,823.6,818.19,819.92,827.03,734.56,0.0,3.71,857.88,781.99
MDT,Medtronic,Health Care,Health Care Equipment,96.41,105.35,77.74,97.5,98.04,99.89,97.31,90.49,0.0,8.3,104.41,95.38
MRK,Merck & Co.,Health Care,Pharmaceuticals,106.52,106.52,71.42,104.76,102.17,100.81,93.95,83.97,0.0,0.23,106.76,94.86
META,Meta Platforms,Communication Services,Interactive Media & Services,662.64,788.82,483.57,663.08,657.77,655.47,656.95,671.33,0.0,1.78,674.43,636.54
MET,MetLife,Financials,Life & Health Insurance,80.37,84.55,66.92,81.05,81.65,79.89,78.39,77.71,0.2,4.88,84.29,75.49
MTD,Mettler Toledo,Health Care,Life Sciences Tools & Services,1419.53,1506.02,970.15,1413.24,1403.29,1413.88,1415.71,1251.57,0.0,3.37,1467.37,1360.42
MGM,MGM Resorts,Consumer Discretionary,Casinos & Gaming,37.73,40.37,25.79,37.33,37.12,36.51,33.97,33.93,0.0,1.38,38.25,34.77
MCHP,Microchip Technology,Information Technology,Semiconductors,64.92,74.07,34.52,65.36,65.51,64.21,60.48,60.09,0.2,12.17,72.82,55.59
MU,Micron Technology,Information Technology,Semiconductors,285.48,286.68,64.62,278.19,257.62,250.61,234.8,145.12,0.0,0.9,288.05,213.17
MSFT,Microsoft,Information Technology,Systems Software,487.4,541.06,352.67,486.62,482.3,483.93,497.69,474.73,0.0,1.49,494.66,473.2
MAA,Mid-America Apartment Communities,Real Estate,Multi-Family Residential REITs,137.56,165.69,126.28,136.43,135.35,134.27,132.41,143.7,-0.1,0.81,138.67,129.88
MRNA,Moderna,Health Care,Biotechnology,31.11,47.53,22.36,32.97,31.56,29.15,26.91,27.46,0.1,13.11,35.19,23.11
MHK,Mohawk Industries,Consumer Discretionary,Home Furnishings,109.87,139.75,97.99,109.06,109.83,111.08,113.06,114.5,0.0,5.82,116.26,105.9
MOH,Molina Healthcare,Health Care,Managed Health Care,164.89,353.24,134.51,163.95,164.06,158.56,156.75,226.87,0.1,5.06,173.23,143.88
TAP,Molson Coors Beverage Company,Consumer Staples,Brewers,46.32,61.12,42.77,46.58,47.17,46.6,45.77,49.86,-0.1,4.53,48.42,44.78
MDLZ,Mondelez International,Consumer Staples,Packaged Foods & Meats,54.51,70.19,53.79,54.42,54.3,54.81,56.8,62.62,-0.2,4.2,56.8,52.82
MPWR,Monolithic Power Systems,Information Technology,Semiconductors,949.62,1105.05,453.43,945.74,941.77,950.37,966.62,789.14,0.2,3.85,986.18,914.52
MNST,Monster Beverage,Consumer Staples,Soft Drinks & Non-alcoholic Beverages,77.25,77.67,46.16,77.25,76.02,75.04,72.09,64.4,0.2,1.06,78.07,72.0
MCO,Moody's Corporation,Financials,Financial Exchanges & Data,519.94,523.49,394.44,513.07,502.92,495.6,486.72,481.7,0.2,-0.31,518.33,472.87
MS,Morgan Stanley,Financials,Investment Banking & Brokerage,181.8,181.8,97.76,179.94,178.02,176.41,168.15,142.52,0.2,1.31,184.18,168.64
MOS,Mosaic Company (The),Materials,Fertilizers & Agricultural Chemicals,24.27,37.21,22.27,24.18,24.34,24.23,25.6,30.53,0.2,4.94,25.47,23.0
MSI,Motorola Solutions,Information Technology,Communications Equipment,376.4,487.57,363.49,374.79,371.43,371.28,390.32,422.12,0.2,0.88,379.71,362.85
MSCI,MSCI Inc.,Financials,Financial Exchanges & Data,584.27,620.46,501.79,578.45,567.14,556.43,559.7,557.06,0.0,0.47,587.02,525.87
NDAQ,"Nasdaq, Inc.",Financials,Financial Exchanges & Data,99.14,99.14,65.81,97.72,95.65,92.95,89.49,86.15,0.0,0.53,99.67,86.23
NTAP,NetApp,Information Technology,"Technology Hardware, Storage & Peripherals",110.35,125.81,75.4,110.61,111.74,113.91,113.42,105.55,0.0,8.83,120.09,107.73
NFLX,Netflix,Communication Services,Movies & Entertainment,94.22,133.91,82.84,93.8,94.13,97.75,106.07,113.37,0.0,15.49,108.81,86.7
NEM,Newmont,Materials,Gold,105.67,105.67,36.38,104.36,101.65,96.83,90.13,69.01,0.0,2.37,108.17,85.48
NWSA,News Corp (Class A),Communication Services,Publishing,26.25,31.03,23.89,26.29,26.19,25.98,26.01,27.71,-0.2,1.22,26.57,25.39
NWS,News Corp (Class B),Communication Services,Publishing,29.93,35.06,27.33,29.92,29.74,29.52,29.61,31.65,-0.2,0.77,30.16,28.87
NEE,NextEra Energy,Utilities,Multi-Utilities,80.24,86.29,62.68,80.01,80.58,81.77,82.74,73.92,-0.2,6.8,85.7,77.85
NKE,"Nike, Inc.",Consumer Discretionary,"Apparel, Accessories & Luxury Goods",60.74,79.84,52.31,58.8,62.77,63.99,64.12,66.17,-0.2,16.18,70.57,57.41
NI,NiSource,Utilities,Multi-Utilities,41.71,44.13,34.59,41.52,41.5,41.8,42.57,40.63,0.0,3.48,43.16,40.44
NDSN,Nordson Corporation,Industrials,Industrial Machinery & Supplies & Components,243.71,243.71,165.71,242.58,239.65,237.6,234.47,215.69,0.2,0.23,244.27,230.93
NSC,Norfolk Southern,Industrials,Rail Transportation,291.41,299.49,203.11,291.8,293.57,293.18,287.5,263.53,0.0,2.18,297.76,288.61
NTRS,Northern Trust,Financials,Asset Management & Custody Banks,140.14,140.7,82.84,140.15,139.33,136.26,130.58,117.99,0.2,2.73,143.97,128.55
NOC,Northrop Grumman,Industrials,Aerospace & Defense,576.9,635.37,426.05,578.48,573.04,563.39,570.74,539.5,-0.2,1.85,587.57,539.22
NCLH,Norwegian Cruise Line Holdings,Consumer Discretionary,"Hotels, Resorts & Cruise Lines",22.78,29.07,15.5,23.28,22.36,20.66,20.47,21.02,0.1,7.29,24.44,16.89
NRG,NRG Energy,Utilities,Independent Power Producers & Energy Traders,160.9,178.04,82.84,158.55,157.84,162.32,165.59,147.04,-0.2,7.61,173.14,151.5
NUE,Nucor,Materials,Steel,166.16,166.57,102.37,163.75,162.67,162.15,152.37,134.84,0.0,0.83,167.54,156.76
NVDA,Nvidia,Information Technology,Semiconductors,191.59,207.03,94.29,186.82,180.82,181.36,186.08,159.09,-0.2,0.04,191.67,171.06
NVR,"NVR, Inc.",Consumer Discretionary,Homebuilding,7377.13,8543.0,6700.0,7379.45,7461.18,7487.33,7410.41,7519.6,0.1,4.04,7675.17,7299.3
NXPI,NXP Semiconductors,Information Technology,Semiconductors,223.45,241.33,151.41,225.98,226.49,223.41,211.89,209.23,0.2,8.77,243.05,203.79
ORLY,O’Reilly Automotive,Consumer Discretionary,Automotive Retail,92.21,107.82,78.66,91.89,92.62,95.3,96.94,96.23,-0.2,10.81,102.18,88.41
OXY,Occidental Petroleum,Energy,Oil & Gas Exploration & Production,39.74,51.56,35.51,39.94,40.03,40.9,41.06,42.83,0.0,8.0,42.92,38.89
ODFL,Old Dominion,Industrials,Cargo Ground Transportation,159.37,207.79,126.04,158.81,158.22,153.71,143.17,152.16,0.1,5.35,167.9,139.52
OMC,Omnicom Group,Communication Services,Advertising,79.94,85.14,67.93,79.69,80.02,76.38,75.13,74.22,0.2,6.05,84.78,67.98
ON,ON Semiconductor,Information Technology,Semiconductors,54.9,67.9,31.95,55.45,54.95,54.55,51.58,48.75,0.2,5.96,58.17,50.94
OKE,Oneok,Energy,Oil & Gas Storage & Transportation,72.7,104.36,64.31,72.78,72.62,73.52,70.32,76.66,0.1,4.83,76.21,70.84
ORCL,Oracle Corporation,Information Technology,Application Software,198.19,327.76,122.35,196.27,190.34,200.55,228.44,214.05,-0.2,14.37,226.67,174.44
OTIS,Otis Worldwide,Industrials,Industrial Machinery & Supplies & Components,87.57,102.87,84.13,87.52,87.86,87.6,89.08,92.19,0.2,1.7,89.06,86.13
PCAR,Paccar,Industrials,Construction Machinery & Heavy Transportation Equipment,111.64,112.81,84.46,111.85,111.2,109.3,102.1,96.06,0.0,3.0,114.99,103.61
PKG,Packaging Corporation of America,Materials,Paper & Plastic Packaging Products & Materials,208.54,236.16,172.76,206.42,205.04,201.46,200.26,197.1,0.0,1.28,211.21,191.72
PLTR,Palantir Technologies,Information Technology,Application Software,189.04,207.18,64.98,192.94,188.22,183.17,181.12,149.17,0.0,5.43,199.3,167.03
PANW,Palo Alto Networks,Information Technology,Systems Software,188.09,221.38,152.44,187.96,187.38,190.17,200.75,192.38,0.0,5.25,197.96,182.37
PSKY,Paramount Skydance Corporation,Communication Services,Movies & Entertainment,13.55,19.65,10.01,13.5,13.5,14.14,15.13,13.77,0.0,17.27,15.89,12.39
PH,Parker Hannifin,Industrials,Industrial Machinery & Supplies & Components,888.47,899.13,513.45,884.93,879.86,876.46,829.9,718.5,0.0,1.29,899.93,853.04
PAYX,Paychex,Industrials,Human Resource & Employment Services,114.01,157.06,108.46,113.97,114.68,113.49,114.96,134.57,-0.4,2.43,116.78,110.2
PAYC,Paycom,Industrials,Human Resource & Employment Services,160.33,264.67,159.21,161.7,163.2,163.49,172.65,213.27,0.2,4.67,167.82,159.17
PYPL,PayPal,Financials,Transaction & Payment Processing Services,59.96,91.6,57.28,59.82,60.24,61.03,63.92,68.01,0.2,5.34,63.16,58.9
PNR,Pentair,Industrials,Industrial Machinery & Supplies & Components,105.59,112.34,75.59,105.12,104.81,104.82,106.03,101.12,0.0,1.22,106.88,102.76
PEP,PepsiCo,Consumer Staples,Soft Drinks & Non-alcoholic Beverages,143.64,152.22,124.61,145.25,147.8,147.33,146.56,139.44,0.2,5.92,152.14,142.51
PFE,Pfizer,Health Care,Pharmaceuticals,25.03,26.9,20.47,25.07,25.32,25.47,24.97,23.88,0.2,4.95,26.27,24.67
PCG,PG&E Corporation,Utilities,Multi-Utilities,15.78,20.3,12.98,15.83,15.65,15.47,15.94,15.66,-0.2,2.79,16.22,14.71
PM,Philip Morris International,Consumer Staples,Tobacco,161.16,181.86,114.18,160.48,158.83,155.2,154.05,162.62,-0.1,2.08,164.51,145.9
PSX,Phillips 66,Energy,Oil & Gas Refining & Marketing,127.61,143.81,90.32,128.6,131.89,135.9,135.09,123.29,0.0,15.16,146.96,124.84
PNW,Pinnacle West Capital,Utilities,Multi-Utilities,88.34,92.82,78.54,87.94,88.12,88.12,89.0,89.22,0.0,1.88,90.0,86.24
PNC,PNC Financial Services,Financials,Diversified Banks,213.67,213.67,145.61,212.44,211.35,205.05,192.27,183.62,0.0,3.24,220.59,189.51
POOL,Pool Corporation,Consumer Discretionary,Distributors,232.38,358.43,230.21,231.7,234.64,237.83,252.55,292.68,0.0,6.36,247.16,228.5
PPG,PPG Industries,Materials,Specialty Chemicals,104.22,121.09,89.82,103.3,103.41,102.01,99.76,105.75,-0.1,0.88,105.14,98.88
PPL,PPL Corporation,Utilities,Electric Utilities,34.97,37.66,30.69,34.7,34.35,34.47,35.69,35.04,-0.2,3.66,36.25,32.69
PFG,Principal Financial Group,Financials,Life & Health Insurance,89.31,91.54,67.57,89.32,89.54,88.14,84.1,79.17,0.2,3.89,92.78,83.51
PG,Procter & Gamble,Consumer Staples,Personal Care Products,144.8,172.77,138.34,143.92,144.61,144.08,146.86,155.02,0.0,3.23,149.48,138.69
PGR,Progressive Corporation,Financials,Property & Casualty Insurance,227.15,290.89,203.7,226.87,228.95,227.74,222.37,250.65,-0.1,3.33,234.71,220.76
PLD,Prologis,Real Estate,Industrial REITs,128.57,129.65,87.44,128.06,128.25,127.93,125.52,111.11,0.0,1.03,129.89,125.97
PRU,Prudential Financial,Financials,Life & Health Insurance,113.89,117.6,91.53,114.49,115.53,113.3,107.26,103.45,0.2,4.95,119.53,107.06
PEG,Public Service Enterprise Group,Utilities,Electric Utilities,80.38,88.72,75.32,80.45,80.23,79.98,81.06,80.87,0.0,2.08,82.05,77.9
PTC,PTC Inc.,Information Technology,Application Software,176.41,216.53,136.74,177.23,176.27,176.01,182.85,182.37,0.2,1.55,179.14,172.86
PSA,Public Storage,Real Estate,Self-Storage REITs,260.58,308.4,258.1,260.53,264.3,266.74,275.2,282.61,-0.2,6.17,276.66,256.8
PHM,PulteGroup,Consumer Discretionary,Homebuilding,118.81,140.9,91.48,118.88,121.57,124.13,121.47,114.79,0.0,10.5,131.29,116.96
PWR,Quanta Services,Industrials,Construction & Engineering,432.64,466.91,236.5,432.22,430.91,445.63,442.73,375.14,0.2,10.39,477.59,413.68
QCOM,Qualcomm,Information Technology,Semiconductors,175.0,186.73,122.59,174.8,175.42,174.83,172.2,157.35,0.0,4.18,182.32,167.35
DGX,Quest Diagnostics,Health Care,Health Care Services,176.07,192.35,148.06,175.89,178.01,180.37,182.5,176.31,-0.2,6.58,187.66,173.09
Q,Qnity Electronics,Information Technology,Semiconductor Materials & Equipment,84.27,,,82.48,80.18,81.32,,,0.1,3.36,87.1,75.53
RL,Ralph Lauren Corporation,Consumer Discretionary,"Apparel, Accessories & Luxury Goods",358.91,371.7,181.18,362.6,366.0,363.5,344.43,289.43,0.0,4.26,374.2,352.79
RJF,Raymond James Financial,Financials,Investment Banking & Brokerage,165.0,175.92,122.89,165.12,163.55,162.4,160.77,155.41,0.0,2.45,169.04,155.74
RTX,RTX Corporation,Industrials,Aerospace & Defense,184.99,186.38,112.01,184.96,182.1,176.96,174.91,151.44,0.2,2.15,188.97,164.94
O,Realty Income,Real Estate,Retail REITs,56.63,60.07,49.07,56.45,57.0,57.28,57.41,56.38,0.0,3.5,58.61,55.95
REG,Regency Centers,Real Estate,Retail REITs,69.38,74.66,63.5,69.14,68.39,68.33,69.19,69.65,0.0,1.69,70.55,66.1
REGN,Regeneron Pharmaceuticals,Health Care,Biotechnology,782.05,787.32,481.73,779.65,763.7,747.15,694.8,600.95,0.2,2.3,800.04,694.26
RF,Regions Financial Corporation,Financials,Regional Banks,27.78,27.84,17.76,27.71,27.61,26.95,25.3,23.63,-0.2,3.35,28.71,25.18
RSG,Republic Services,Industrials,Environmental & Facilities Services,213.12,256.75,198.59,213.09,213.66,213.35,213.46,231.97,0.0,2.17,217.74,208.94
RMD,ResMed,Health Care,Health Care Equipment,245.1,293.03,203.19,245.15,246.69,249.1,251.86,253.1,-0.2,4.81,256.89,241.32
RVTY,Revvity,Health Care,Health Care Equipment,96.71,126.56,82.44,97.01,97.39,99.81,96.9,94.51,0.2,9.13,105.54,94.07
HOOD,Robinhood Markets,Financials,Investment Banking & Brokerage,118.81,152.46,34.17,120.64,119.03,125.09,128.06,95.92,0.0,17.49,139.59,110.59
ROK,Rockwell Automation,Industrials,Electrical Components & Equipment,399.23,413.05,216.41,398.15,397.98,399.58,380.95,328.38,0.2,3.13,411.73,387.41
ROL,"Rollins, Inc.",Industrials,Environmental & Facilities Services,60.55,61.5,45.1,60.63,60.31,60.29,58.86,56.62,-0.2,2.35,61.97,58.61
ROP,Roper Technologies,Information Technology,Electronic Equipment & Instruments,450.59,591.12,439.64,449.07,448.13,446.45,454.16,523.86,-0.2,0.46,452.66,440.24
ROST,Ross Stores,Consumer Discretionary,Apparel Retail,181.18,184.28,121.95,181.31,182.06,180.12,168.85,146.93,0.2,2.29,185.33,174.9
RCL,Royal Caribbean Group,Consumer Discretionary,"Hotels, Resorts & Cruise Lines",285.82,364.72,176.89,293.31,288.58,275.36,276.04,280.1,0.0,6.91,305.57,245.14
SPGI,S&P Global,Financials,Financial Exchanges & Data,528.47,562.06,435.88,522.77,513.17,504.2,495.11,507.28,0.1,-0.04,528.26,480.16
CRM,Salesforce,Information Technology,Application Software,265.95,357.62,225.01,263.84,260.52,254.66,248.73,256.35,0.1,4.27,277.31,232.0
SNDK,Sandisk,Information Technology,"Technology Hardware, Storage & Peripherals",250.94,,,244.92,226.82,223.13,213.94,94.48,0.2,2.26,256.61,189.65
SBAC,SBA Communications,Real Estate,Telecom Tower REITs,192.77,239.71,186.46,191.59,191.4,190.65,193.4,211.46,0.0,0.85,194.41,186.9
SLB,Schlumberger,Energy,Oil & Gas Equipment & Services,37.76,42.4,31.19,38.07,38.3,38.11,36.54,35.1,0.0,6.73,40.3,35.93
STX,Seagate Technology,Information Technology,"Technology Hardware, Storage & Peripherals",285.65,307.04,65.81,286.13,285.79,282.12,263.94,170.35,0.0,6.75,304.93,259.3
SRE,Sempra,Utilities,Multi-Utilities,88.58,94.03,62.32,88.23,88.01,88.87,90.58,80.12,-0.2,3.95,92.08,85.66
NOW,ServiceNow,Information Technology,Systems Software,153.71,234.08,144.33,154.53,156.48,162.38,170.28,181.63,-0.2,15.46,177.47,147.3
SHW,Sherwin-Williams,Materials,Specialty Chemicals,325.02,374.36,311.42,323.82,325.74,329.58,334.13,343.28,0.0,5.38,342.51,316.66
SPG,Simon Property Group,Real Estate,Retail REITs,187.47,188.29,135.26,186.99,185.3,183.08,180.13,166.55,0.2,0.77,188.91,177.24
SWKS,Skyworks Solutions,Information Technology,Semiconductors,64.33,90.17,47.71,64.65,65.21,66.73,68.82,69.14,0.0,9.53,70.46,63.0
SJM,J.M. Smucker Company (The),Consumer Staples,Packaged Foods & Meats,99.44,115.07,92.55,98.89,99.82,100.36,102.7,106.02,0.0,3.79,103.21,97.51
SW,Smurfit Westrock,Materials,Paper & Plastic Packaging Products & Materials,38.62,54.52,32.79,38.24,38.03,37.06,37.27,41.97,-0.2,2.2,39.47,34.65
SNA,Snap-on,Industrials,Industrial Machinery & Supplies & Components,353.73,353.73,286.43,351.04,349.84,347.27,341.06,325.4,0.0,0.6,355.85,338.68
SOLS,Solstice Advanced Materials,Materials,Specialty Chemicals,49.87,,,49.74,49.29,48.5,,,-0.1,2.15,50.94,46.06
SOLV,Solventum,Health Care,Health Care Technology,80.36,85.77,63.01,80.69,80.95,82.46,77.32,73.58,0.0,7.84,86.66,78.27
SO,Southern Company,Utilities,Electric Utilities,87.18,98.91,78.34,86.35,86.21,86.64,90.01,90.26,-0.2,3.23,90.0,83.28
LUV,Southwest Airlines,Industrials,Passenger Airlines,41.35,42.24,23.77,41.58,41.47,39.28,35.11,32.37,0.0,7.69,44.53,34.04
SWK,Stanley Black & Decker,Industrials,Industrial Machinery & Supplies & Components,75.19,86.37,53.89,74.54,74.02,73.33,69.62,68.65,0.2,2.19,76.84,69.82
SBUX,Starbucks,Consumer Discretionary,Restaurants,84.91,113.43,77.9,85.57,85.83,85.35,84.55,86.59,-0.1,4.3,88.56,82.14
STT,State Street Corporation,Financials,Asset Management & Custody Banks,132.27,132.27,74.25,130.91,129.31,126.22,120.06,105.78,0.0,2.01,134.93,117.51
STLD,Steel Dynamics,Materials,Steel,175.29,177.2,108.4,175.58,173.53,170.95,161.24,137.5,0.0,1.69,178.25,163.64
STE,Steris,Health Care,Health Care Equipment,255.57,267.99,200.94,255.22,253.82,257.02,253.43,239.37,-0.2,3.87,265.46,248.57
SYK,Stryker Corporation,Health Care,Health Care Equipment,354.12,402.61,335.89,355.08,354.22,357.81,364.18,374.09,0.2,4.82,371.19,344.44
SMCI,Supermicro,Information Technology,"Technology Hardware, Storage & Peripherals",30.77,60.71,26.85,30.85,30.88,32.55,38.97,42.48,0.0,17.68,36.21,28.88
SYF,Synchrony Financial,Financials,Consumer Finance,85.88,86.06,43.2,85.61,84.58,82.55,77.11,66.82,0.0,2.69,88.19,76.91
SNPS,Synopsys,Information Technology,Application Software,478.18,645.35,380.9,474.87,465.65,462.19,437.66,489.38,0.1,2.85,491.81,432.55
SYY,Sysco,Consumer Staples,Food Distributors,74.21,82.73,67.09,74.3,74.72,74.34,75.28,75.49,0.2,2.87,76.34,72.33
TMUS,T-Mobile US,Communication Services,Wireless Telecommunication Services,200.42,269.54,195.16,197.92,197.86,201.35,208.35,233.07,-0.2,5.76,211.96,190.73
TROW,T. Rowe Price,Financials,Asset Management & Custody Banks,104.72,111.66,77.29,104.3,103.99,103.48,101.91,97.38,0.0,1.23,106.01,100.95
TTWO,Take-Two Interactive,Communication Services,Interactive Home Entertainment,255.82,262.29,178.61,250.53,247.04,246.87,247.12,235.17,0.0,-0.86,253.62,240.13
TPR,"Tapestry, Inc.",Consumer Discretionary,"Apparel, Accessories & Luxury Goods",131.23,131.23,59.9,129.05,126.27,120.57,113.07,95.71,0.0,2.36,134.33,106.81
TRGP,Targa Resources,Energy,Oil & Gas Storage & Transportation,182.47,212.51,145.33,182.52,181.55,180.39,169.13,167.8,0.0,2.83,187.63,173.14
TGT,Target Corporation,Consumer Staples,Consumer Staples Merchandise Retail,99.15,136.48,83.68,96.64,97.32,94.93,92.09,94.33,0.1,1.71,100.85,89.01
TEL,TE Connectivity,Information Technology,Electronic Manufacturing Services,232.29,249.0,121.04,232.07,229.68,231.77,233.58,190.78,0.2,4.36,242.42,221.12
TDY,Teledyne Technologies,Information Technology,Electronic Equipment & Instruments,516.81,593.62,435.54,516.85,513.06,511.43,516.25,518.13,-0.2,2.36,529.01,493.87
TER,Teradyne,Information Technology,Semiconductor Materials & Equipment,199.27,204.01,67.74,197.74,194.47,195.08,176.64,117.22,-0.2,4.65,208.54,181.63
TSLA,"Tesla, Inc.",Consumer Discretionary,Automobile Manufacturers,477.54,489.88,221.86,483.69,479.32,461.11,444.18,355.97,0.2,5.15,502.13,420.06
TXN,Texas Instruments,Information Technology,Semiconductors,177.1,217.72,142.07,177.28,177.21,177.64,169.22,179.31,-0.1,4.71,185.44,169.84
TPL,Texas Pacific Land Corporation,Energy,Oil & Gas Exploration & Production,287.8,474.47,273.56,296.71,290.93,293.94,304.51,348.59,0.2,8.6,312.55,275.34
TXT,Textron,Industrials,Aerospace & Defense,90.15,90.88,60.68,90.37,88.87,86.33,83.18,78.7,0.2,2.27,92.2,80.47
TMO,Thermo Fisher Scientific,Health Care,Life Sciences Tools & Services,579.64,604.6,389.62,576.45,572.51,574.48,571.39,483.45,0.0,1.63,589.09,559.89
TJX,TJX Companies,Consumer Discretionary,Apparel Retail,156.97,157.29,111.77,156.27,155.98,154.26,148.55,133.85,0.0,1.25,158.93,149.59
TKO,TKO Group Holdings,Communication Services,Movies & Entertainment,217.96,217.98,137.6,216.11,212.95,205.24,192.85,175.82,0.0,2.05,222.43,188.06
TTD,Trade Desk (The),Communication Services,Advertising,38.34,126.58,36.19,37.69,37.24,38.22,43.01,57.38,-0.2,6.08,40.67,35.77
TSCO,Tractor Supply,Consumer Discretionary,Other Specialty Retail,51.35,62.38,47.42,51.44,52.06,52.76,53.68,54.24,0.0,6.91,54.9,50.61
TT,Trane Technologies,Industrials,Building Products,392.05,471.46,313.81,391.73,390.82,398.29,412.98,407.3,0.0,6.39,417.1,379.46
TDG,TransDigm Group,Industrials,Aerospace & Defense,1311.96,1516.55,1152.5,1303.73,1290.04,1314.45,1315.93,1326.89,-0.2,4.93,1376.64,1252.29
TRV,Travelers Companies (The),Financials,Property & Casualty Insurance,292.0,293.84,228.7,292.57,291.33,287.22,280.88,268.08,0.2,2.13,298.22,276.23
TRMB,Trimble Inc.,Information Technology,Electronic Equipment & Instruments,80.12,85.24,55.12,80.69,80.32,81.28,79.85,75.74,0.0,4.44,83.68,78.88
TFC,Truist Financial,Financials,Diversified Banks,50.54,50.74,33.53,50.48,50.18,48.94,46.0,42.46,0.0,2.71,51.91,45.97
TYL,Tyler Technologies,Information Technology,Application Software,461.03,646.74,447.0,461.49,456.69,459.22,471.8,538.03,-0.2,2.3,471.63,446.82
TSN,Tyson Foods,Consumer Staples,Packaged Foods & Meats,58.55,62.13,50.27,58.34,58.61,57.92,54.77,55.27,-0.1,2.68,60.12,55.72
USB,U.S. Bancorp,Financials,Diversified Banks,54.94,54.94,35.62,54.68,54.16,52.67,49.35,45.35,0.0,2.64,56.39,48.95
UBER,Uber,Industrials,Passenger Ground Transportation,81.35,100.1,60.32,80.81,81.08,84.83,89.17,87.81,-0.2,14.96,93.52,76.14
UDR,"UDR, Inc.",Real Estate,Multi-Family Residential REITs,36.44,44.54,33.56,36.14,36.0,35.78,35.35,38.43,-0.1,0.96,36.79,34.77
ULTA,Ulta Beauty,Consumer Discretionary,Other Specialty Retail,607.6,612.95,314.47,606.21,599.31,584.7,545.43,482.05,0.2,4.58,635.43,533.99
UNP,Union Pacific Corporation,Industrials,Rail Transportation,233.47,248.49,204.53,234.3,235.9,234.7,226.41,223.43,0.2,2.78,239.96,229.44
UAL,United Airlines Holdings,Industrials,Passenger Airlines,114.29,116.02,56.15,114.53,112.28,108.74,101.07,89.09,0.2,2.88,117.58,99.89
UPS,United Parcel Service,Industrials,Air Freight & Logistics,100.46,127.5,81.17,100.79,100.81,98.76,94.36,92.61,0.0,3.31,103.79,93.73
URI,United Rentals,Industrials,Trading Companies & Distributors,827.13,1017.86,548.35,819.78,813.94,810.07,845.02,796.41,-0.2,0.95,834.99,785.19
UNH,UnitedHealth Group,Health Care,Managed Health Care,331.24,587.56,234.7,327.24,331.31,329.69,333.19,347.22,-0.2,3.06,341.38,318.01
UHS,Universal Health Services,Health Care,Health Care Facilities,227.45,243.98,154.65,227.18,225.46,228.35,224.61,192.22,-0.4,5.4,239.73,216.95
VLO,Valero Energy,Energy,Oil & Gas Refining & Marketing,163.97,184.27,102.32,163.89,164.33,170.11,170.72,145.15,-0.2,11.28,182.47,157.74
VTR,Ventas,Real Estate,Health Care REITs,79.58,81.0,55.68,79.32,79.02,79.42,76.72,68.58,0.0,2.37,81.47,77.36
VLTO,Veralto,Industrials,Environmental & Facilities Services,101.59,109.64,85.14,101.82,100.83,100.7,100.51,100.75,-0.1,2.08,103.7,97.7
VRSN,Verisign,Information Technology,Internet Services & Infrastructure,246.38,304.16,199.74,245.48,244.1,246.29,247.53,264.71,0.0,2.94,253.62,238.94
VRSK,Verisk Analytics,Industrials,Research & Consulting Services,220.28,319.65,207.57,219.21,218.64,219.46,221.14,268.55,-0.2,2.29,225.32,213.61
VZ,Verizon,Communication Services,Integrated Telecommunication Services,40.42,44.3,36.0,40.09,40.42,40.59,40.35,41.64,-0.1,2.92,41.6,39.59
VRTX,Vertex Pharmaceuticals,Health Care,Biotechnology,462.25,513.76,366.54,460.19,456.06,449.93,434.35,440.49,-0.1,1.97,471.36,428.48
VTRS,Viatris,Health Care,Pharmaceuticals,12.34,12.34,7.0,12.11,11.89,11.45,10.8,9.41,0.0,1.46,12.52,10.38
VICI,Vici Properties,Real Estate,Hotel & Resort REITs,28.07,32.93,26.65,27.87,28.0,27.85,28.94,30.66,-0.2,1.57,28.51,27.19
V,Visa Inc.,Financials,Transaction & Payment Processing Services,355.08,371.92,304.76,352.99,349.52,340.11,338.16,343.62,0.1,1.73,361.22,318.99
VST,Vistra Corp.,Utilities,Electric Utilities,161.58,217.62,97.7,161.92,164.64,167.73,178.3,172.88,0.0,10.51,178.56,156.89
VMC,Vulcan Materials Company,Materials,Construction Materials,294.04,308.54,219.27,292.85,292.27,293.28,291.23,274.72,-0.2,1.91,299.66,286.9
WRB,W. R. Berkley Corporation,Financials,Property & Casualty Insurance,70.49,77.23,55.22,70.19,69.55,69.38,72.17,70.43,-0.2,5.36,74.27,64.5
GWW,W. W. Grainger,Industrials,Industrial Machinery & Supplies & Components,1024.75,1122.37,913.57,1027.85,1025.3,998.45,969.42,998.47,0.1,3.7,1062.67,934.25
WAB,Wabtec,Industrials,Construction Machinery & Heavy Transportation Equipment,218.88,221.71,159.62,219.21,216.52,214.42,206.56,196.83,0.2,1.41,221.97,206.88
WMT,Walmart,Consumer Staples,Consumer Staples Merchandise Retail,111.88,116.79,81.24,112.27,114.08,113.73,107.82,99.3,-0.2,5.01,117.49,109.98
DIS,Walt Disney Company (The),Communication Services,Movies & Entertainment,113.33,123.18,80.83,112.93,112.01,109.02,108.95,109.03,0.1,2.25,115.88,102.17
WBD,Warner Bros. Discovery,Communication Services,Broadcasting,28.83,29.98,7.69,28.75,28.81,27.51,24.14,14.99,0.0,9.71,31.63,23.39
WM,Waste Management,Industrials,Environmental & Facilities Services,220.82,239.43,196.01,219.7,218.94,215.91,211.02,222.05,-0.1,1.16,223.38,208.45
WAT,Waters Corporation,Health Care,Life Sciences Tools & Services,385.52,417.28,277.72,383.15,381.84,388.7,375.85,339.21,0.0,4.95,404.6,372.81
WEC,WEC Energy Group,Utilities,Electric Utilities,105.43,116.56,89.09,104.96,104.84,105.69,109.79,107.06,-0.2,4.13,109.78,101.59
WFC,Wells Fargo,Financials,Diversified Banks,95.07,95.3,59.98,94.43,93.41,91.16,87.52,78.72,0.0,1.92,96.9,85.42
WELL,Welltower,Real Estate,Health Care REITs,187.51,208.22,121.91,186.9,187.88,193.84,189.8,164.58,0.0,11.6,209.26,178.42
WST,West Pharmaceutical Services,Health Care,Health Care Supplies,274.21,346.74,189.89,275.16,271.94,273.24,274.86,241.96,-0.2,3.37,283.45,263.02
WDC,Western Digital,Information Technology,"Technology Hardware, Storage & Peripherals",181.3,187.2,30.42,179.39,176.12,172.07,156.5,89.48,0.0,4.14,188.81,155.35
WY,Weyerhaeuser,Real Estate,Timber REITs,23.68,30.38,21.15,23.64,23.55,22.87,22.67,24.86,0.1,3.25,24.45,21.29
WSM,"Williams-Sonoma, Inc.",Consumer Discretionary,Homefurnishing Retail,188.34,215.07,135.95,189.58,188.15,184.63,186.68,177.03,-0.2,2.99,193.97,175.3
WMB,Williams Companies,Energy,Oil & Gas Storage & Transportation,59.35,63.95,52.14,59.15,59.09,60.07,59.43,58.45,0.2,5.44,62.58,57.55
WTW,Willis Towers Watson,Financials,Insurance Brokers,334.21,349.93,294.27,333.2,331.29,325.54,323.62,320.24,0.0,1.2,338.22,312.85
WDAY,"Workday, Inc.",Information Technology,Application Software,220.76,277.82,210.47,217.93,217.93,218.14,226.01,234.99,0.0,1.87,224.89,211.38
WYNN,Wynn Resorts,Consumer Discretionary,Casinos & Gaming,124.82,133.09,65.64,125.74,125.66,126.69,123.99,106.17,0.0,5.88,132.16,121.22
XEL,Xcel Energy,Utilities,Multi-Utilities,74.25,82.11,61.84,73.77,74.02,75.76,78.71,72.76,-0.4,8.62,80.65,70.87
XYL,Xylem Inc.,Industrials,Industrial Machinery & Supplies & Components,138.7,152.52,101.96,138.65,137.98,138.69,143.18,133.13,-0.2,1.8,141.2,136.18
YUM,Yum! Brands,Consumer Discretionary,Restaurants,153.34,160.2,120.91,154.24,153.5,150.1,147.85,146.44,0.2,3.28,158.37,141.82
ZBRA,Zebra Technologies,Information Technology,Electronic Equipment & Instruments,245.91,421.11,213.54,247.92,254.14,258.03,262.84,286.81,-0.2,11.8,274.93,241.14
ZBH,Zimmer Biomet,Health Care,Health Care Equipment,90.67,112.61,87.55,89.85,90.62,92.18,94.34,97.63,0.0,6.1,96.2,88.17
ZTS,Zoetis,Health Care,Pharmaceuticals,126.18,173.89,115.75,124.25,122.91,122.01,127.61,147.25,0.2,2.0,128.7,115.33
