Symbol,Company,GICS_Sector,GICS_Sub_Industry,Current_Price,52_Week_High,52_Week_Low,SMA_5,SMA_10,SMA_20,SMA_50,SMA_100,SMA_125,SMA_200
MMM,3M,Industrials,Industrial Conglomerates,168.79,174.69,120.31,166.42,168.4,168.3,163.79,158.49,156.95,151.55
AOS,A. O. Smith,Industrials,Building Products,68.73,76.52,57.94,67.76,67.33,65.93,67.11,69.42,68.88,67.47
ABT,Abbott Laboratories,Health Care,Health Care Equipment,125.25,139.33,109.21,122.88,124.45,126.3,127.49,129.27,129.58,129.74
ABBV,AbbVie,Health Care,Biotechnology,222.45,243.06,160.33,223.54,225.22,228.39,227.07,217.55,211.16,202.95
ACN,Accenture,Information Technology,IT Consulting & Other Services,271.63,394.41,229.4,270.05,267.75,256.42,250.34,250.56,258.84,277.6
ADBE,Adobe Inc.,Information Technology,Application Software,355.99,552.3,311.59,346.6,338.04,329.58,336.64,345.32,351.46,367.22
AMD,Advanced Micro Devices,Information Technology,Semiconductors,221.43,267.08,76.48,220.71,218.97,221.2,229.3,197.52,186.45,155.39
AES,AES Corporation,Utilities,Independent Power Producers & Energy Traders,13.81,15.32,9.16,13.89,13.89,13.85,14.04,13.52,13.12,12.23
AFL,Aflac,Financials,Life & Health Insurance,110.0,115.24,95.64,108.42,108.81,109.92,109.7,107.5,106.38,105.72
A,Agilent Technologies,Health Care,Life Sciences Tools & Services,139.26,160.27,96.03,141.74,145.07,147.26,145.3,133.65,130.47,123.83
APD,Air Products,Materials,Industrial Gases,241.63,334.71,229.11,237.78,248.92,252.55,254.77,270.4,273.26,274.44
ABNB,Airbnb,Consumer Discretionary,"Hotels, Resorts & Cruise Lines",128.45,163.93,99.88,126.28,123.4,119.8,122.06,124.28,126.53,126.63
AKAM,Akamai Technologies,Information Technology,Internet Services & Infrastructure,86.49,103.75,67.51,85.87,86.2,87.27,81.03,78.75,78.82,78.77
ALB,Albemarle Corporation,Materials,Specialty Chemicals,131.79,136.1,48.84,131.22,128.34,124.73,107.77,93.28,88.15,78.68
ARE,Alexandria Real Estate Equities,Real Estate,Office REITs,46.47,100.23,44.1,45.76,47.62,49.52,60.38,70.05,70.96,73.78
ALGN,Align Technology,Health Care,Health Care Supplies,165.18,246.19,122.0,162.06,157.7,148.68,140.11,141.49,151.57,159.69
ALLE,Allegion,Industrials,Building Products,160.46,180.68,116.14,160.36,161.51,162.02,167.69,169.14,164.63,152.79
LNT,Alliant Energy,Utilities,Electric Utilities,65.53,69.59,54.52,64.99,65.67,66.93,67.23,65.95,64.95,63.34
ALL,Allstate,Financials,Property & Casualty Insurance,207.09,214.88,173.06,203.4,205.32,208.23,202.83,202.81,200.98,200.0
GOOGL,Alphabet Inc. (Class A),Communication Services,Interactive Media & Services,308.83,328.62,140.14,314.45,316.05,308.41,281.49,250.51,235.98,208.54
GOOG,Alphabet Inc. (Class C),Communication Services,Interactive Media & Services,310.35,328.46,142.27,315.45,316.85,308.96,282.11,251.15,236.68,209.64
MO,Altria,Consumer Staples,Tobacco,58.77,67.51,47.59,58.49,58.52,58.44,60.63,62.4,61.53,59.56
AMZN,Amazon,Consumer Discretionary,Broadline Retail,225.99,258.6,161.38,228.57,230.22,228.56,229.16,228.01,226.54,215.19
AMCR,Amcor,Materials,Paper & Plastic Packaging Products & Materials,8.26,10.3,7.67,8.23,8.32,8.4,8.23,8.48,8.67,8.91
AEE,Ameren,Utilities,Multi-Utilities,97.54,105.97,83.94,97.9,99.26,101.67,102.6,101.14,99.91,98.38
AEP,American Electric Power,Utilities,Electric Utilities,114.26,124.8,86.88,115.55,117.74,119.86,118.48,114.02,111.73,108.21
AXP,American Express,Financials,Consumer Finance,380.9,387.49,219.32,373.51,369.82,361.32,354.02,336.16,331.2,309.81
AIG,American International Group,Financials,Multi-line Insurance,84.62,87.1,68.15,80.26,78.62,77.36,78.57,78.73,79.5,80.44
AMT,American Tower,Real Estate,Telecom Tower REITs,181.21,232.28,168.28,181.19,179.19,179.93,183.02,192.13,197.66,202.3
AWK,American Water Works,Utilities,Water Utilities,131.16,152.71,115.89,129.32,129.77,130.09,133.45,136.6,137.23,138.64
AMP,Ameriprise Financial,Financials,Asset Management & Custody Banks,493.89,574.69,392.21,488.94,477.77,463.32,468.58,485.15,493.57,491.35
AME,Ametek,Industrials,Electrical Components & Equipment,201.06,204.43,144.31,200.16,199.07,196.27,192.05,188.41,186.55,181.23
AMGN,Amgen,Health Care,Biotechnology,317.39,346.38,245.31,317.05,327.66,333.42,313.67,299.29,296.91,292.92
APH,Amphenol,Information Technology,Electronic Components,129.13,144.37,56.27,137.11,138.37,136.81,134.11,123.73,118.63,102.23
ADI,Analog Devices,Information Technology,Semiconductors,279.31,284.23,156.76,279.93,277.11,258.1,245.05,241.91,240.86,227.19
AON,Aon plc,Financials,Insurance Brokers,353.06,411.24,322.37,346.02,346.43,347.59,347.46,355.59,355.34,361.75
APA,APA Corporation,Energy,Oil & Gas Exploration & Production,25.91,27.72,13.04,26.14,26.22,25.29,24.06,22.82,22.01,20.26
APO,Apollo Global Management,Financials,Asset Management & Custody Banks,148.15,176.99,101.44,145.77,140.17,134.36,129.25,133.82,135.62,134.49
AAPL,Apple Inc.,Information Technology,"Technology Hardware, Storage & Peripherals",277.89,288.62,168.63,277.95,280.27,276.28,267.72,249.64,241.08,228.62
AMAT,Applied Materials,Information Technology,Semiconductor Materials & Equipment,258.45,276.1,122.8,267.8,266.52,249.91,235.72,207.29,203.12,184.39
APTV,Aptiv,Consumer Discretionary,Automotive Parts & Equipment,78.71,88.8,47.19,78.12,77.59,76.49,80.78,79.11,77.21,71.38
ACGL,Arch Capital Group,Financials,Property & Casualty Insurance,93.94,97.4,82.45,92.44,92.49,92.52,90.42,90.16,90.02,91.02
ADM,Archer Daniels Midland,Consumer Staples,Agricultural Products & Services,59.81,64.46,39.88,58.79,59.29,59.21,59.82,59.46,58.2,53.84
ANET,Arista Networks,Information Technology,Communications Equipment,125.11,164.94,59.43,130.2,129.13,127.04,139.29,137.89,130.82,113.47
AJG,Arthur J. Gallagher & Co.,Financials,Insurance Brokers,255.35,348.85,236.34,244.24,243.94,247.56,264.19,280.44,287.19,303.12
AIZ,Assurant,Financials,Multi-line Insurance,229.34,231.13,172.97,224.9,224.07,224.99,219.12,212.85,208.43,204.39
T,AT&T,Communication Services,Integrated Telecommunication Services,24.58,29.47,20.72,24.52,24.99,25.33,25.41,26.85,26.95,26.84
ATO,Atmos Energy,Utilities,Gas Utilities,168.66,179.62,133.05,167.18,169.11,171.75,173.41,168.02,164.95,159.95
ADSK,Autodesk,Information Technology,Application Software,298.1,329.09,232.67,300.25,303.65,298.9,303.06,304.92,304.07,293.33
ADP,Automatic Data Processing,Industrials,Human Resource & Employment Services,265.91,326.59,247.18,261.37,260.11,256.17,266.67,282.52,286.71,292.59
AZO,AutoZone,Consumer Discretionary,Automotive Retail,3439.5,4388.11,3162.0,3518.69,3685.33,3783.57,3843.37,3977.44,3919.2,3827.56
AVB,AvalonBay Communities,Real Estate,Multi-Family Residential REITs,176.42,224.32,166.73,176.36,178.15,178.74,181.09,185.84,188.83,194.29
AVY,Avery Dennison,Materials,Paper & Plastic Packaging Products & Materials,183.36,198.81,154.46,178.07,176.31,172.69,170.32,169.0,170.66,171.8
AXON,Axon Enterprise,Industrials,Aerospace & Defense,566.6,885.92,469.24,563.16,553.19,543.14,627.65,692.54,708.14,677.5
BKR,Baker Hughes,Energy,Oil & Gas Equipment & Services,46.74,51.12,33.06,47.46,48.73,48.79,47.77,46.58,45.06,42.69
BALL,Ball Corporation,Materials,"Metal, Glass & Plastic Containers",50.83,59.82,43.01,48.48,48.65,48.5,48.24,50.22,51.62,51.41
BAC,Bank of America,Financials,Diversified Banks,55.15,55.29,32.53,54.25,53.87,52.87,52.12,50.5,49.7,46.39
BAX,Baxter International,Health Care,Health Care Equipment,19.0,37.25,17.39,18.5,18.63,18.43,20.07,22.02,23.48,26.36
BDX,Becton Dickinson,Health Care,Health Care Equipment,201.2,246.65,160.6,195.67,193.67,192.53,187.99,187.5,184.6,188.33
BBY,Best Buy,Consumer Discretionary,Computer & Electronics Retail,73.47,88.15,53.55,73.66,74.3,75.4,77.71,74.74,73.46,71.48
TECH,Bio-Techne,Health Care,Life Sciences Tools & Services,58.84,78.83,45.8,59.81,61.48,61.37,61.24,57.64,56.48,55.22
BIIB,Biogen,Health Care,Biotechnology,174.85,185.17,110.04,176.24,178.32,175.92,161.02,149.24,145.19,139.33
BLK,BlackRock,Financials,Asset Management & Custody Banks,1090.66,1214.03,762.34,1081.84,1069.49,1045.23,1089.98,1105.02,1093.8,1030.75
BX,Blackstone Inc.,Financials,Asset Management & Custody Banks,150.99,188.42,113.15,153.82,151.72,146.48,150.29,161.37,159.67,151.1
XYZ,"Block, Inc.",Financials,Transaction & Payment Processing Services,64.61,98.99,44.27,62.82,62.3,62.16,69.67,72.93,72.06,66.64
BK,BNY Mellon,Financials,Asset Management & Custody Banks,117.0,119.4,69.31,116.89,114.94,111.76,109.28,106.57,103.76,95.94
BA,Boeing,Industrials,Aerospace & Defense,204.74,242.69,128.88,202.16,200.9,193.36,203.36,214.34,214.84,202.07
BKNG,Booking Holdings,Consumer Discretionary,"Hotels, Resorts & Cruise Lines",5324.1,5818.24,4074.35,5250.83,5151.41,4985.35,5063.16,5288.57,5352.6,5187.2
BSX,Boston Scientific,Health Care,Health Care Equipment,92.44,109.5,85.98,92.65,95.71,97.66,98.78,100.96,101.54,101.19
BMY,Bristol Myers Squibb,Health Care,Pharmaceuticals,52.42,61.0,42.38,51.43,50.96,49.17,46.71,46.27,46.28,48.06
AVGO,Broadcom,Information Technology,Semiconductors,357.77,414.61,137.54,396.9,390.4,376.73,361.95,339.4,325.73,279.43
BR,Broadridge Financial Solutions,Industrials,Data Processing & Outsourced Services,229.59,270.85,210.73,228.17,228.84,227.81,228.03,239.5,239.25,237.64
BRO,Brown & Brown,Financials,Insurance Brokers,81.39,125.05,76.17,78.9,79.32,79.7,83.63,88.94,92.54,100.74
BLDR,Builders FirstSource,Industrials,Building Products,108.19,175.24,94.35,108.02,110.09,106.4,113.85,123.82,123.77,122.26
BG,Bunge Global,Consumer Staples,Agricultural Products & Services,92.46,98.82,65.12,92.12,93.64,94.24,92.58,86.65,84.8,81.18
BXP,"BXP, Inc.",Real Estate,Office REITs,71.28,78.59,52.95,70.15,70.55,70.53,71.31,70.91,70.44,68.32
CHRW,C.H. Robinson,Industrials,Air Freight & Logistics,157.16,162.14,83.39,156.25,157.34,155.32,144.16,133.67,126.14,114.09
CDNS,Cadence Design Systems,Information Technology,Application Software,324.25,376.45,221.56,334.02,330.86,318.69,327.75,339.99,334.41,313.27
CZR,Caesars Entertainment,Consumer Discretionary,Casinos & Gaming,24.48,40.0,18.25,23.82,23.51,22.31,21.92,24.02,25.1,25.95
CPT,Camden Property Trust,Real Estate,Multi-Family Residential REITs,104.14,123.08,97.17,103.16,104.18,104.15,102.96,105.21,106.7,109.68
CPB,Campbell's Company (The),Consumer Staples,Packaged Foods & Meats,28.85,42.36,27.85,28.8,29.33,30.06,30.43,31.34,31.23,32.96
COF,Capital One,Financials,Consumer Finance,237.39,243.31,141.84,235.17,230.78,219.58,217.25,217.59,216.44,202.74
CAH,Cardinal Health,Health Care,Health Care Distributors,198.01,214.93,112.98,198.28,200.23,204.8,185.62,168.72,167.43,157.15
KMX,CarMax,Consumer Discretionary,Automotive Retail,41.15,91.25,30.26,40.46,39.63,37.47,39.9,48.57,52.08,58.63
CCL,Carnival,Consumer Discretionary,"Hotels, Resorts & Cruise Lines",27.75,32.8,15.07,26.68,26.29,25.98,27.31,28.85,28.66,25.7
CARR,Carrier Global,Industrials,Building Products,53.02,80.78,50.3,53.29,53.79,53.31,55.94,60.34,63.08,64.25
CAT,Caterpillar Inc.,Industrials,Construction Machinery & Heavy Transportation Equipment,599.73,627.5,264.29,606.31,597.59,577.71,552.84,493.74,473.26,418.53
CBOE,Cboe Global Markets,Financials,Financial Exchanges & Data,253.18,262.98,186.22,251.92,253.08,254.82,248.24,245.06,242.63,233.91
CBRE,CBRE Group,Real Estate,Real Estate Services,159.17,171.0,108.45,157.54,159.1,157.43,156.05,157.6,153.96,143.73
CDW,CDW Corporation,Information Technology,Technology Distributors,145.32,219.61,135.03,147.56,145.94,143.53,148.14,156.82,160.73,163.06
COR,Cencora,Health Care,Health Care Distributors,346.13,377.54,222.21,341.31,342.99,354.57,341.69,317.72,313.1,300.06
CNC,Centene Corporation,Health Care,Managed Health Care,40.83,66.81,25.08,39.18,38.86,38.15,36.87,33.3,34.69,43.94
CNP,CenterPoint Energy,Utilities,Multi-Utilities,37.73,40.28,29.87,37.72,38.14,38.91,39.05,38.49,37.98,37.24
CF,CF Industries,Materials,Fertilizers & Agricultural Chemicals,78.89,103.22,66.16,77.52,78.38,78.91,82.66,84.68,86.5,84.18
CRL,Charles River Laboratories,Health Care,Life Sciences Tools & Services,192.64,200.1,91.86,191.01,185.89,177.45,177.31,168.53,165.7,156.54
SCHW,Charles Schwab Corporation,Financials,Investment Banking & Brokerage,96.21,99.14,65.3,95.5,94.51,93.16,93.72,94.42,93.78,88.79
CHTR,Charter Communications,Communication Services,Cable & Satellite,207.21,437.06,193.0,208.47,204.2,201.97,227.13,248.66,278.22,315.14
CVX,Chevron Corporation,Energy,Integrated Oil & Gas,150.22,163.27,127.59,149.91,150.62,150.99,151.74,152.79,151.36,147.62
CMG,Chipotle Mexican Grill,Consumer Discretionary,Restaurants,36.12,66.74,29.75,34.45,34.27,33.08,35.79,38.72,41.88,45.07
CB,Chubb Limited,Financials,Property & Casualty Insurance,308.33,308.95,250.52,301.86,298.24,297.31,288.02,281.19,281.15,283.79
CHD,Church & Dwight,Consumer Staples,Household Products,84.57,115.32,81.05,83.14,83.62,83.63,85.23,88.56,90.1,94.26
CI,Cigna,Health Care,Health Care Services,274.08,344.64,238.17,267.04,268.25,270.29,279.67,284.59,289.45,299.61
CINF,Cincinnati Financial,Financials,Property & Casualty Insurance,165.59,169.86,121.6,163.2,163.4,164.21,161.07,156.8,154.75,149.75
CTAS,Cintas,Industrials,Diversified Support Services,187.39,228.23,179.31,185.58,185.3,184.82,187.19,199.11,202.92,205.07
CSCO,Cisco,Information Technology,Communications Equipment,77.91,80.82,51.49,79.16,78.22,77.54,73.6,70.65,70.02,66.24
C,Citigroup,Financials,Diversified Banks,111.69,113.26,54.39,110.57,108.21,104.1,100.86,98.47,95.87,86.08
CFG,Citizens Financial Group,Financials,Regional Banks,58.15,59.31,31.67,57.33,56.29,54.2,52.32,51.18,49.98,45.75
CLX,Clorox,Consumer Staples,Household Products,103.91,163.03,98.2,102.32,103.91,103.74,109.86,115.72,116.97,123.99
CME,CME Group,Financials,Financial Exchanges & Data,273.33,288.09,221.44,270.52,272.75,275.34,271.53,270.59,271.22,269.24
CMS,CMS Energy,Utilities,Multi-Utilities,69.82,75.54,62.07,70.1,71.13,72.71,73.11,72.31,71.69,71.29
KO,Coca-Cola Company (The),Consumer Staples,Soft Drinks & Non-alcoholic Beverages,70.55,72.91,58.88,70.04,70.41,70.93,69.33,68.4,68.51,68.89
CTSH,Cognizant,Information Technology,IT Consulting & Other Services,83.65,89.37,64.7,82.47,80.76,77.46,72.61,71.31,72.43,74.01
COIN,Coinbase,Financials,Financial Exchanges & Data,268.73,444.65,142.58,272.88,270.82,265.08,309.28,317.49,326.62,283.32
CL,Colgate-Palmolive,Consumer Staples,Household Products,78.33,98.37,74.55,77.29,77.91,78.65,78.08,80.56,82.11,85.23
CMCSA,Comcast,Communication Services,Cable & Satellite,27.33,38.9,25.75,27.19,27.15,27.04,28.18,30.33,31.21,32.35
CAG,Conagra Brands,Consumer Staples,Packaged Foods & Meats,17.75,27.05,16.6,17.4,17.31,17.42,17.63,18.1,18.37,20.25
COP,ConocoPhillips,Energy,Oil & Gas Exploration & Production,95.86,103.48,77.84,95.14,93.39,90.78,89.21,91.48,91.43,90.87
ED,Consolidated Edison,Utilities,Multi-Utilities,97.71,112.03,84.37,96.01,96.4,98.48,98.74,98.89,98.88,100.85
STZ,Constellation Brands,Consumer Staples,Distillers & Vintners,147.46,238.63,126.45,146.18,142.51,137.23,136.11,144.74,148.82,160.08
CEG,Constellation Energy,Utilities,Electric Utilities,352.3,412.23,160.75,361.96,362.22,355.44,364.9,345.32,339.19,303.52
COO,Cooper Companies (The),Health Care,Health Care Supplies,82.05,100.47,61.78,80.29,78.91,76.68,73.29,71.6,71.72,74.64
CPRT,Copart,Industrials,Diversified Support Services,38.8,63.85,38.18,38.71,38.8,39.53,41.88,44.41,45.07,49.3
GLW,Corning Inc.,Information Technology,Electronic Components,88.46,96.64,36.82,91.6,87.96,84.77,85.62,77.6,72.5,62.48
CPAY,Corpay,Financials,Transaction & Payment Processing Services,315.64,400.81,252.84,309.5,304.66,294.17,285.94,299.52,305.54,315.65
CTVA,Corteva,Materials,Fertilizers & Agricultural Chemicals,65.92,77.02,53.0,65.6,65.77,65.54,64.08,67.61,68.88,66.92
CSGP,CoStar Group,Real Estate,Real Estate Services,68.26,97.43,63.82,67.57,67.93,67.67,71.48,80.46,80.97,79.75
COST,Costco,Consumer Staples,Consumer Staples Merchandise Retail,883.03,1073.82,867.12,883.58,896.47,899.03,915.82,934.04,941.69,955.36
CTRA,Coterra,Energy,Oil & Gas Exploration & Production,26.44,29.04,21.87,26.68,26.86,26.46,24.99,24.33,24.42,24.75
CRWD,CrowdStrike,Information Technology,Systems Software,505.85,566.9,298.0,515.24,514.62,513.48,516.99,481.76,483.12,453.76
CCI,Crown Castle,Real Estate,Telecom Tower REITs,91.14,114.47,81.02,90.93,89.76,90.12,92.8,95.98,97.19,97.69
CSX,CSX Corporation,Industrials,Rail Transportation,37.28,37.38,25.91,36.85,36.25,35.31,35.5,34.79,34.45,32.6
CMI,Cummins,Industrials,Construction Machinery & Heavy Transportation Equipment,511.24,526.5,256.13,513.41,509.39,492.7,456.88,426.55,407.32,371.01
CVS,CVS Health,Health Care,Health Care Services,79.21,85.15,41.77,78.76,77.79,77.96,78.72,74.12,72.2,69.14
DHR,Danaher Corporation,Health Care,Life Sciences Tools & Services,227.52,256.97,170.43,227.6,227.06,226.14,218.22,208.9,206.57,203.05
DRI,Darden Restaurants,Consumer Discretionary,Restaurants,182.21,224.86,154.97,180.33,178.15,176.22,180.32,190.81,195.16,196.66
DDOG,Datadog,Information Technology,Application Software,146.37,201.69,81.63,150.86,152.89,160.0,162.83,149.79,147.43,132.32
DVA,DaVita,Health Care,Health Care Services,121.71,179.6,113.97,118.89,118.58,118.63,122.59,128.9,131.47,136.03
DAY,Dayforce,Industrials,Human Resource & Employment Services,69.25,79.13,48.01,69.11,69.1,69.03,68.74,66.46,64.5,61.8
DECK,Deckers Brands,Consumer Discretionary,Footwear,101.36,223.98,78.91,101.09,98.02,91.05,91.29,100.96,101.34,106.55
DE,Deere & Company,Industrials,Agricultural & Farm Machinery,484.39,530.24,398.95,471.69,473.57,475.99,468.86,476.86,483.26,481.68
DELL,Dell Technologies,Information Technology,"Technology Hardware, Storage & Peripherals",130.15,168.08,65.33,137.6,136.76,131.28,143.55,137.43,134.53,120.48
DAL,Delta Air Lines,Industrials,Passenger Airlines,70.06,71.56,34.41,69.04,67.63,63.51,60.76,59.29,57.77,53.44
DVN,Devon Energy,Energy,Oil & Gas Exploration & Production,37.58,38.48,25.53,37.7,37.65,36.73,34.61,34.4,34.09,33.42
DXCM,Dexcom,Health Care,Health Care Equipment,67.04,93.25,54.11,67.1,65.9,63.2,64.1,70.54,73.25,74.5
FANG,Diamondback Energy,Energy,Oil & Gas Exploration & Production,156.93,175.92,111.64,157.99,157.86,153.08,146.69,144.07,143.22,141.75
DLR,Digital Realty,Real Estate,Data Center REITs,153.86,183.82,128.14,159.75,159.71,159.1,166.61,168.02,168.93,164.05
DG,Dollar General,Consumer Staples,Consumer Staples Merchandise Retail,132.59,135.08,65.27,128.19,122.79,113.23,106.13,106.94,107.9,101.49
DLTR,Dollar Tree,Consumer Staples,Consumer Staples Merchandise Retail,129.66,130.6,61.8,124.78,119.4,111.54,103.45,104.82,104.74,95.26
D,Dominion Energy,Utilities,Multi-Utilities,59.17,62.17,46.43,58.46,58.91,59.84,59.89,59.49,58.66,56.53
DPZ,Domino's,Consumer Discretionary,Restaurants,431.13,495.24,392.47,423.87,424.31,416.05,413.57,431.02,436.53,447.12
DASH,DoorDash,Consumer Discretionary,Specialized Consumer Services,227.67,285.5,155.4,225.58,221.91,210.32,234.28,244.67,243.14,224.47
DOV,Dover Corporation,Industrials,Industrial Machinery & Supplies & Components,199.76,219.84,141.82,195.62,192.25,187.13,178.56,176.93,178.37,176.96
DOW,Dow Inc.,Materials,Commodity Chemicals,24.07,39.29,19.82,23.84,23.65,22.9,22.66,22.88,23.81,26.1
DHI,D. R. Horton,Consumer Discretionary,Homebuilding,156.43,183.98,109.46,153.74,156.89,151.27,152.11,158.12,152.81,141.85
DTE,DTE Energy,Utilities,Multi-Utilities,129.96,143.79,113.52,130.19,131.23,133.83,137.3,137.28,136.29,134.83
DUK,Duke Energy,Utilities,Electric Utilities,115.13,128.91,101.53,114.8,116.75,119.91,122.71,121.88,120.58,118.67
DD,DuPont,Materials,Specialty Chemicals,40.92,41.83,22.13,40.91,40.4,39.46,36.73,34.01,33.19,31.43
EMN,Eastman Chemical Company,Materials,Specialty Chemicals,65.21,100.53,56.08,63.53,62.43,60.78,61.1,63.54,66.18,71.74
ETN,Eaton Corporation,Industrials,Electrical Components & Equipment,331.61,398.4,230.37,344.11,340.55,339.96,361.35,362.44,361.06,336.78
EBAY,eBay Inc.,Consumer Discretionary,Broadline Retail,85.31,100.76,58.09,84.02,83.23,82.44,86.74,89.1,86.54,79.69
ECL,Ecolab,Materials,Specialty Chemicals,262.69,285.35,220.55,258.38,262.41,263.83,266.71,269.31,268.84,262.75
EIX,Edison International,Utilities,Electric Utilities,58.3,78.45,46.27,57.28,57.46,57.97,56.84,55.42,54.32,54.19
EW,Edwards Lifesciences,Health Care,Health Care Equipment,83.16,87.89,65.94,83.78,84.48,85.01,81.42,79.93,79.26,77.01
EA,Electronic Arts,Communication Services,Interactive Home Entertainment,203.88,204.64,114.66,203.68,203.44,202.31,201.14,185.99,179.44,166.21
ELV,Elevance Health,Health Care,Managed Health Care,359.33,451.93,270.83,344.2,336.98,331.45,334.14,318.75,323.63,353.8
EMR,Emerson Electric,Industrials,Electrical Components & Equipment,136.59,149.03,88.93,136.87,135.7,132.14,131.91,132.94,133.54,125.16
ENPH,Enphase Energy,Information Technology,Semiconductor Materials & Equipment,32.11,76.9,25.78,32.14,30.98,29.24,32.16,34.07,35.22,41.25
ETR,Entergy,Utilities,Electric Utilities,92.23,97.93,71.14,93.0,93.55,94.32,95.08,91.95,89.94,86.82
EOG,EOG Resources,Energy,Oil & Gas Exploration & Production,108.17,134.2,99.8,109.82,110.37,108.97,107.91,112.66,113.94,113.93
EPAM,EPAM Systems,Information Technology,IT Consulting & Other Services,209.62,269.0,138.15,208.81,203.26,192.47,172.07,166.49,167.61,169.28
EQT,EQT Corporation,Energy,Oil & Gas Exploration & Production,55.35,62.23,41.77,57.17,58.69,58.55,56.62,54.19,54.71,53.71
EFX,Equifax,Industrials,Research & Consulting Services,219.49,279.27,198.73,214.91,212.47,210.73,217.46,232.51,237.48,241.89
EQIX,Equinix,Real Estate,Data Center REITs,749.07,964.38,689.25,743.64,737.93,749.59,786.93,781.56,783.57,803.5
EQR,Equity Residential,Real Estate,Multi-Family Residential REITs,60.99,73.58,58.19,60.59,61.11,60.62,61.02,62.6,63.39,65.08
ERIE,Erie Indemnity,Financials,Insurance Brokers,288.5,451.6,273.59,280.13,288.28,289.93,300.83,321.05,326.17,348.73
ESS,Essex Property Trust,Real Estate,Multi-Family Residential REITs,258.36,307.81,239.32,255.22,256.98,257.45,258.12,260.4,264.71,270.69
EL,Estée Lauder Companies (The),Consumer Staples,Personal Care Products,104.03,109.62,47.76,104.46,102.76,96.12,94.93,91.9,90.21,80.07
EG,Everest Group,Financials,Reinsurance,327.51,368.99,302.44,317.26,314.83,314.72,328.31,333.47,334.13,339.29
EVRG,Evergy,Utilities,Electric Utilities,73.78,78.59,57.4,73.5,73.89,75.06,76.04,73.65,72.39,69.73
ES,Eversource Energy,Utilities,Electric Utilities,68.08,75.25,51.06,67.55,67.04,67.56,70.85,68.09,67.22,64.51
EXC,Exelon,Utilities,Electric Utilities,43.56,48.09,34.68,43.4,44.0,45.07,45.9,44.79,44.31,44.01
EXE,Expand Energy,Energy,Oil & Gas Exploration & Production,112.88,126.62,90.25,116.09,118.76,117.95,111.0,104.42,105.34,105.53
EXPE,Expedia Group,Consumer Discretionary,"Hotels, Resorts & Cruise Lines",274.81,282.96,129.24,271.14,266.26,257.65,238.66,223.0,213.4,195.06
EXPD,Expeditors International,Industrials,Air Freight & Logistics,151.93,154.48,99.26,150.41,149.51,145.74,132.48,125.98,123.66,119.43
EXR,Extra Space Storage,Real Estate,Self-Storage REITs,134.33,157.45,118.4,130.47,130.97,131.12,137.47,138.97,140.58,141.5
XOM,ExxonMobil,Energy,Integrated Oil & Gas,118.77,120.47,95.18,118.42,117.56,117.21,114.98,112.36,111.77,109.42
FFIV,"F5, Inc.",Information Technology,Communications Equipment,262.48,346.0,223.76,258.24,250.04,241.39,268.98,293.71,294.12,286.18
FDS,FactSet,Financials,Financial Exchanges & Data,292.01,491.19,249.51,289.24,285.03,279.12,277.46,317.71,341.01,376.45
FICO,Fair Isaac,Information Technology,Application Software,1845.36,2217.6,1300.0,1787.11,1781.57,1772.43,1716.92,1593.01,1615.16,1710.95
FAST,Fastenal,Industrials,Trading Companies & Distributors,41.97,50.37,34.62,41.16,41.09,40.5,41.87,44.88,44.5,42.54
FRT,Federal Realty Investment Trust,Real Estate,Retail REITs,99.33,111.1,78.83,97.61,97.62,97.46,97.71,97.02,96.31,95.15
FDX,FedEx,Industrials,Air Freight & Logistics,284.5,289.89,191.82,281.07,276.79,272.53,257.02,243.0,240.26,233.83
FIS,Fidelity National Information Services,Financials,Transaction & Payment Processing Services,67.03,83.94,59.15,66.3,66.04,64.91,65.36,67.46,69.88,71.62
FITB,Fifth Third Bancorp,Financials,Regional Banks,48.09,48.71,31.68,46.89,45.77,44.02,43.09,43.37,43.01,40.79
FSLR,First Solar,Information Technology,Semiconductors,254.99,281.55,116.56,259.87,259.64,258.41,249.95,224.97,212.75,186.39
FE,FirstEnergy,Utilities,Electric Utilities,44.15,47.73,36.45,44.43,44.95,45.88,46.01,44.52,43.51,42.1
FI,Fiserv,Financials,Transaction & Payment Processing Services,68.16,238.59,59.56,66.59,65.34,63.47,86.96,111.13,122.63,149.82
F,Ford Motor Company,Consumer Discretionary,Automobile Manufacturers,13.74,13.84,8.11,13.4,13.24,13.11,12.73,12.06,11.83,11.03
FTNT,Fortinet,Information Technology,Systems Software,82.02,114.82,70.12,82.62,83.27,81.8,83.35,83.8,87.82,92.51
FTV,Fortive,Industrials,Industrial Machinery & Supplies & Components,54.84,62.51,45.35,54.58,53.94,52.89,51.09,49.71,50.21,51.42
FOXA,Fox Corporation (Class A),Communication Services,Broadcasting,71.22,72.7,45.48,70.86,68.96,66.96,63.72,61.13,60.0,57.22
FOX,Fox Corporation (Class B),Communication Services,Broadcasting,63.21,64.22,42.96,62.71,61.25,59.78,57.08,55.17,54.32,52.19
BEN,Franklin Resources,Financials,Asset Management & Custody Banks,23.5,25.72,15.81,23.37,23.14,22.51,22.72,23.54,23.56,22.01
FCX,Freeport-McMoRan,Materials,Copper,47.46,49.0,27.35,46.36,45.22,42.95,41.87,42.15,42.5,40.55
GRMN,Garmin,Consumer Discretionary,Consumer Electronics,208.53,261.69,167.87,206.62,203.23,197.52,219.02,226.9,224.08,215.52
IT,Gartner,Information Technology,IT Consulting & Other Services,232.9,584.01,222.54,230.62,230.63,230.22,237.68,250.2,277.35,334.93
GE,GE Aerospace,Industrials,Aerospace & Defense,300.14,316.67,158.62,288.93,288.67,292.46,299.55,289.6,282.12,255.12
GEHC,GE HealthCare,Health Care,Health Care Equipment,83.79,94.66,57.57,84.09,83.15,79.43,76.73,75.51,75.3,74.5
GEV,GE Vernova,Industrials,Heavy Electrical Equipment,671.4,731.0,251.84,669.16,638.67,607.44,597.13,610.61,594.82,512.49
GEN,Gen Digital,Information Technology,Systems Software,27.59,31.94,22.45,27.38,27.07,26.7,26.63,28.12,28.4,27.79
GNRC,Generac,Industrials,Electrical Components & Equipment,160.98,203.25,99.5,163.87,160.86,153.5,165.61,174.32,168.36,151.47
GD,General Dynamics,Industrials,Aerospace & Defense,338.24,360.5,235.63,338.45,337.75,339.43,341.05,330.4,322.8,302.18
GIS,General Mills,Consumer Staples,Packaged Foods & Meats,46.62,65.04,45.15,46.03,46.13,46.78,47.4,48.28,48.75,51.27
GM,General Motors,Consumer Discretionary,Automobile Manufacturers,80.87,81.54,41.28,79.08,76.74,73.47,67.98,62.37,60.09,55.26
GPC,Genuine Parts Company,Consumer Discretionary,Distributors,131.48,141.97,101.6,130.32,129.64,128.05,128.93,132.11,130.08,125.61
GILD,Gilead Sciences,Health Care,Biotechnology,120.43,128.7,86.73,121.11,122.26,124.22,121.6,117.72,116.01,112.37
GPN,Global Payments,Financials,Transaction & Payment Processing Services,81.9,116.28,65.53,79.91,79.3,76.32,80.23,82.62,82.05,82.89
GL,Globe Life,Financials,Life & Health Insurance,139.37,147.54,101.59,135.89,133.61,133.15,133.94,137.03,133.8,129.52
GDDY,GoDaddy,Information Technology,Internet Services & Infrastructure,124.83,216.0,121.94,126.52,127.77,127.0,130.08,138.73,145.77,158.33
GS,Goldman Sachs,Financials,Investment Banking & Brokerage,890.83,919.1,432.73,886.87,858.54,822.9,796.31,771.91,754.45,680.17
HAL,Halliburton,Energy,Oil & Gas Equipment & Services,28.5,29.67,18.31,28.66,28.02,27.03,25.95,24.05,23.48,22.8
HIG,Hartford (The),Financials,Property & Casualty Insurance,135.24,138.03,103.19,132.11,132.55,133.53,129.82,129.62,128.23,125.6
HAS,Hasbro,Consumer Discretionary,Leisure Products,81.74,85.15,47.63,81.77,81.86,80.29,77.26,77.01,76.28,70.23
HCA,HCA Healthcare,Health Care,Health Care Facilities,482.92,520.0,288.25,481.53,487.21,489.41,463.8,428.82,417.64,391.22
DOC,Healthpeak Properties,Real Estate,Health Care REITs,16.59,20.35,16.08,16.63,17.09,17.42,17.83,17.68,17.64,17.71
HSIC,Henry Schein,Health Care,Health Care Distributors,76.54,82.49,60.56,75.19,74.06,73.47,69.03,68.55,69.31,69.22
HSY,Hershey Company (The),Consumer Staples,Packaged Foods & Meats,182.15,195.98,135.68,180.67,181.66,182.82,181.08,182.26,179.41,173.3
HPE,Hewlett Packard Enterprise,Information Technology,"Technology Hardware, Storage & Peripherals",23.85,26.44,11.82,24.46,23.46,22.33,23.34,22.94,22.32,20.04
HLT,Hilton Worldwide,Consumer Discretionary,"Hotels, Resorts & Cruise Lines",280.33,287.4,195.7,273.76,275.9,274.88,268.41,268.6,268.11,255.94
HOLX,Hologic,Health Care,Health Care Equipment,75.02,77.32,51.9,74.88,74.89,74.67,72.88,69.9,68.87,65.55
HD,Home Depot (The),Consumer Discretionary,Home Improvement Retail,358.98,424.01,320.39,352.55,353.09,348.79,367.07,382.35,377.85,370.01
HON,Honeywell,Industrials,Industrial Conglomerates,193.52,225.29,166.32,192.32,192.2,191.96,194.4,198.23,202.05,200.24
HRL,Hormel Foods,Consumer Staples,Packaged Foods & Meats,24.15,32.43,21.03,23.81,23.72,23.18,23.09,24.77,25.75,27.05
HST,Host Hotels & Resorts,Real Estate,Hotel & Resort REITs,18.35,18.51,11.93,17.77,17.6,17.49,16.99,16.76,16.57,15.76
HWM,Howmet Aerospace,Industrials,Aerospace & Defense,198.6,211.83,104.84,194.38,194.84,198.17,198.04,190.24,188.26,171.57
HPQ,HP Inc.,Information Technology,"Technology Hardware, Storage & Peripherals",24.74,33.78,20.52,25.04,25.02,24.19,25.65,26.12,25.78,25.77
HUBB,Hubbell Incorporated,Industrials,Industrial Machinery & Supplies & Components,447.95,482.66,296.56,447.83,440.21,431.11,435.61,433.51,428.93,401.64
HUM,Humana,Health Care,Managed Health Care,268.63,314.25,206.15,259.71,255.05,244.7,263.11,267.25,260.66,257.56
HBAN,Huntington Bancshares,Financials,Regional Banks,17.77,18.01,11.7,17.43,17.13,16.45,16.08,16.53,16.55,15.84
HII,Huntington Ingalls Industries,Industrials,Aerospace & Defense,328.0,332.08,155.24,321.74,315.22,312.12,303.29,286.28,278.08,252.94
IBM,IBM,Information Technology,IT Consulting & Other Services,309.08,324.9,209.2,310.43,307.81,303.39,298.3,275.72,277.3,266.12
IEX,IDEX Corporation,Industrials,Industrial Machinery & Supplies & Components,178.94,226.85,151.55,177.23,177.07,172.31,169.16,166.47,168.84,172.21
IDXX,Idexx Laboratories,Health Care,Health Care Equipment,701.87,769.98,356.14,703.38,713.61,715.26,680.68,655.97,631.04,565.58
ITW,Illinois Tool Works,Industrials,Industrial Machinery & Supplies & Components,257.86,273.07,212.05,252.71,250.86,247.75,248.08,253.99,253.4,249.22
INCY,Incyte,Health Care,Biotechnology,94.66,109.28,53.56,95.56,98.58,101.25,96.52,89.59,85.4,77.13
IR,Ingersoll Rand,Industrials,Industrial Machinery & Supplies & Components,81.52,102.88,65.56,80.73,80.16,78.42,78.41,79.45,80.6,80.11
PODD,Insulet Corporation,Health Care,Health Care Equipment,295.71,354.88,230.05,295.09,302.33,316.41,318.53,319.22,314.94,301.17
INTC,Intel,Information Technology,Semiconductors,37.9,44.02,17.67,39.8,40.81,38.25,38.07,31.59,29.79,26.57
ICE,Intercontinental Exchange,Financials,Financial Exchanges & Data,163.15,188.82,141.12,160.33,158.78,156.26,155.13,165.94,168.89,169.29
IFF,International Flavors & Fragrances,Materials,Specialty Chemicals,63.21,87.0,59.14,64.35,66.03,66.52,64.5,65.11,67.03,70.36
IP,International Paper,Materials,Paper & Plastic Packaging Products & Materials,38.62,57.79,35.35,38.58,38.73,38.17,41.06,44.14,45.0,45.94
IPG,Interpublic Group of Companies (The),Communication Services,Advertising,24.57,31.81,21.93,25.12,25.04,25.18,26.03,25.78,25.34,25.2
INTU,Intuit,Information Technology,Application Software,670.36,812.22,530.03,664.16,657.24,652.31,657.86,680.96,697.37,676.58
ISRG,Intuitive Surgical,Health Care,Health Care Equipment,547.36,616.0,425.0,560.73,565.05,562.96,525.2,495.55,501.05,508.15
IVZ,Invesco,Financials,Asset Management & Custody Banks,26.28,27.31,11.23,26.51,25.73,24.59,23.8,22.67,21.45,18.75
INVH,Invitation Homes,Real Estate,Single-Family Residential REITs,26.36,35.13,26.02,26.43,27.0,27.49,28.02,29.01,29.67,30.93
IQV,IQVIA,Health Care,Life Sciences Tools & Services,222.19,234.3,134.65,222.54,224.48,224.01,216.48,202.2,194.23,181.3
IRM,Iron Mountain,Real Estate,Other Specialized REITs,83.38,111.25,71.19,85.29,84.57,85.63,96.17,95.67,96.44,93.88
JBHT,J.B. Hunt,Industrials,Cargo Ground Transportation,198.07,204.43,121.7,195.08,190.47,178.06,166.92,153.68,152.4,148.16
JBL,Jabil,Information Technology,Electronic Manufacturing Services,222.0,237.05,108.52,227.95,221.46,211.2,209.92,213.05,213.98,189.89
JKHY,Jack Henry & Associates,Financials,Transaction & Payment Processing Services,187.47,194.03,143.64,184.15,180.52,174.41,162.41,161.31,164.63,168.81
J,Jacobs Solutions,Industrials,Construction & Engineering,135.69,168.03,104.43,137.0,137.22,138.23,149.03,147.58,144.6,135.9
JNJ,Johnson & Johnson,Health Care,Pharmaceuticals,211.87,211.91,136.5,206.0,205.05,203.69,194.82,184.39,178.45,169.22
JCI,Johnson Controls,Industrials,Building Products,114.98,123.78,67.78,115.92,115.25,115.22,113.88,110.4,109.47,101.08
JPM,JPMorgan Chase,Financials,Diversified Banks,318.47,322.25,200.22,312.34,312.18,307.33,306.77,302.86,299.18,279.06
K,Kellanova,Consumer Staples,Packaged Foods & Meats,83.44,83.49,75.95,83.38,83.25,83.04,82.68,80.68,80.21,80.36
KVUE,Kenvue,Consumer Staples,Personal Care Products,17.38,24.41,13.85,17.16,17.08,16.86,16.07,17.82,18.44,19.96
KDP,Keurig Dr Pepper,Consumer Staples,Soft Drinks & Non-alcoholic Beverages,29.5,35.62,25.03,29.31,28.85,28.09,27.36,28.75,29.61,30.97
KEY,KeyCorp,Financials,Regional Banks,20.59,20.84,12.29,20.23,19.5,18.52,17.92,18.09,17.94,16.85
KEYS,Keysight Technologies,Information Technology,Electronic Equipment & Instruments,209.07,214.58,121.43,211.21,208.12,194.74,181.57,174.69,172.44,164.66
KMB,Kimberly-Clark,Consumer Staples,Household Products,103.3,145.82,98.03,102.93,103.9,103.86,109.59,118.1,119.76,125.02
KIM,Kimco Realty,Real Estate,Retail REITs,20.17,23.89,17.3,20.01,20.07,20.07,20.62,21.0,20.96,20.64
KMI,Kinder Morgan,Energy,Oil & Gas Storage & Transportation,26.75,30.15,23.17,26.95,27.17,27.07,26.85,26.89,27.0,26.84
KKR,KKR & Co.,Financials,Asset Management & Custody Banks,137.0,169.44,85.77,137.47,131.65,124.84,122.62,132.02,132.71,126.3
KLAC,KLA Corporation,Information Technology,Semiconductor Materials & Equipment,1191.82,1282.32,547.89,1225.42,1210.84,1174.09,1156.75,1049.61,1020.44,906.87
KHC,Kraft Heinz,Consumer Staples,Packaged Foods & Meats,24.49,31.87,23.33,24.39,24.63,24.7,24.65,25.56,25.63,26.35
KR,Kroger,Consumer Staples,Food Retail,63.12,74.13,56.96,62.57,63.95,65.19,65.79,67.13,67.79,67.43
LHX,L3Harris,Industrials,Aerospace & Defense,288.1,306.84,189.46,284.58,280.6,281.05,287.47,282.02,276.44,254.95
LH,Labcorp,Health Care,Health Care Services,263.88,292.94,207.68,261.72,262.79,263.51,267.13,269.67,266.56,256.21
LRCX,Lam Research,Information Technology,Semiconductor Materials & Equipment,160.07,169.69,55.98,165.12,161.36,154.73,152.15,130.62,123.97,106.04
LW,Lamb Weston,Consumer Staples,Packaged Foods & Meats,59.46,81.86,46.97,59.14,59.42,58.36,61.16,58.41,57.0,55.24
LVS,Las Vegas Sands,Consumer Discretionary,Casinos & Gaming,64.72,70.45,29.72,66.18,66.84,66.25,60.21,56.89,54.77,48.91
LDOS,Leidos,Industrials,Diversified Support Services,189.91,205.77,122.65,187.86,188.25,188.65,190.63,184.43,179.24,165.55
LEN,Lennar,Consumer Discretionary,Homebuilding,118.88,155.09,97.13,119.19,123.97,123.1,123.41,125.43,122.43,117.88
LII,Lennox International,Industrials,Building Products,505.7,687.72,443.19,506.05,502.34,485.39,500.92,536.91,547.45,552.89
LLY,Lilly (Eli),Health Care,Pharmaceuticals,1024.74,1111.99,621.5,1001.51,1016.99,1037.97,933.74,833.9,822.7,812.1
LIN,Linde plc,Materials,Industrial Gases,415.98,483.05,387.78,398.34,401.71,406.31,426.6,449.27,452.09,452.23
LYV,Live Nation Entertainment,Communication Services,Movies & Entertainment,142.51,175.25,112.88,140.07,137.5,134.1,143.55,152.37,151.55,144.69
LKQ,LKQ Corporation,Consumer Discretionary,Distributors,30.97,43.32,28.13,29.85,29.56,29.54,29.89,30.29,31.64,34.7
LMT,Lockheed Martin,Industrials,Aerospace & Defense,479.11,512.11,404.07,470.84,458.26,458.67,474.15,461.31,460.06,458.4
L,Loews Corporation,Financials,Multi-line Insurance,104.22,109.06,78.83,103.09,104.12,105.12,102.59,99.13,97.45,93.61
LOW,Lowe's,Consumer Discretionary,Home Improvement Retail,246.94,273.63,203.22,245.74,245.99,238.72,238.49,245.03,239.91,233.89
LULU,Lululemon Athletica,Consumer Discretionary,"Apparel, Accessories & Luxury Goods",206.29,423.32,159.25,189.25,186.7,178.9,174.37,181.61,191.87,231.11
LYB,LyondellBasell,Materials,Specialty Chemicals,44.53,72.64,40.42,43.99,44.82,44.4,44.61,48.21,50.26,53.23
MTB,M&T Bank,Financials,Regional Banks,203.65,207.29,147.35,201.51,197.51,191.2,186.32,189.69,190.18,183.27
MPC,Marathon Petroleum,Energy,Oil & Gas Refining & Marketing,185.7,201.29,113.25,188.9,190.34,191.78,190.46,182.84,180.49,166.77
MKTX,MarketAxess,Financials,Financial Exchanges & Data,179.09,237.97,155.48,174.07,168.53,167.44,167.58,177.34,185.05,196.07
MAR,Marriott International,Consumer Discretionary,"Hotels, Resorts & Cruise Lines",299.33,309.43,203.87,290.88,295.77,293.94,279.91,272.32,272.15,262.89
MMC,Marsh McLennan,Financials,Insurance Brokers,185.68,245.83,174.18,182.59,182.92,181.89,186.47,194.4,198.0,209.06
MLM,Martin Marietta Materials,Materials,Construction Materials,627.46,664.29,440.13,623.43,619.94,611.81,618.51,612.85,600.91,566.68
MAS,Masco,Industrials,Building Products,64.01,80.67,55.74,63.14,63.7,62.62,64.59,67.96,67.23,66.26
MA,Mastercard,Financials,Transaction & Payment Processing Services,570.23,600.98,463.61,550.09,548.19,543.52,554.9,566.68,564.26,558.44
MTCH,Match Group,Communication Services,Interactive Media & Services,33.17,38.99,26.09,33.66,33.78,33.03,32.85,34.63,34.05,32.45
MKC,McCormick & Company,Consumer Staples,Packaged Foods & Meats,66.97,84.63,62.64,64.86,64.7,65.66,65.76,67.18,68.3,71.11
MCD,McDonald's,Consumer Discretionary,Restaurants,316.75,320.72,270.23,311.51,308.93,307.17,303.37,303.56,301.04,302.6
MCK,McKesson Corporation,Health Care,Health Care Distributors,814.22,894.75,555.78,807.16,815.06,839.64,816.55,759.08,750.76,726.67
MDT,Medtronic,Health Care,Health Care Equipment,99.78,106.33,76.99,100.24,101.19,101.23,97.13,94.68,93.22,90.18
MRK,Merck & Co.,Health Care,Pharmaceuticals,99.78,105.84,71.87,98.45,99.8,99.17,91.74,86.96,85.62,84.13
META,Meta Platforms,Communication Services,Interactive Media & Services,645.64,795.71,479.11,654.45,653.48,632.42,667.49,709.93,710.5,670.6
MET,MetLife,Financials,Life & Health Insurance,82.01,85.61,63.78,80.0,78.68,77.19,78.33,78.31,78.15,77.64
MTD,Mettler Toledo,Health Care,Life Sciences Tools & Services,1396.46,1525.17,946.69,1395.34,1416.45,1427.43,1398.38,1334.29,1306.05,1245.17
MGM,MGM Resorts,Consumer Discretionary,Casinos & Gaming,37.35,41.32,25.3,36.64,36.1,34.36,33.16,34.73,35.05,33.72
MCHP,Microchip Technology,Information Technology,Semiconductors,67.04,75.98,33.33,67.65,64.25,57.79,60.33,62.66,64.35,59.64
MU,Micron Technology,Information Technology,Semiconductors,241.21,264.75,61.44,252.54,244.07,235.39,222.24,177.68,166.21,137.56
MSFT,Microsoft,Information Technology,Systems Software,478.5,553.5,342.95,484.71,484.2,485.8,504.01,507.78,505.37,470.46
MAA,Mid-America Apartment Communities,Real Estate,Multi-Family Residential REITs,131.95,168.08,125.75,131.66,132.8,132.69,132.03,136.35,138.47,144.89
MRNA,Moderna,Health Care,Biotechnology,29.99,48.92,22.28,28.97,27.14,25.8,26.12,26.36,27.09,27.54
MHK,Mohawk Industries,Consumer Discretionary,Home Furnishings,112.46,143.13,96.24,110.42,112.0,110.43,115.54,121.82,119.04,114.78
MOH,Molina Healthcare,Health Care,Managed Health Care,168.85,359.97,133.4,161.73,155.12,148.48,163.0,167.97,183.72,233.74
TAP,Molson Coors Beverage Company,Consumer Staples,Brewers,47.63,62.82,42.5,46.68,46.18,45.91,45.5,46.89,47.17,50.39
MDLZ,Mondelez International,Consumer Staples,Packaged Foods & Meats,54.15,70.58,52.78,54.14,54.98,55.72,58.15,60.39,61.82,63.1
MPWR,Monolithic Power Systems,Information Technology,Semiconductors,946.92,1123.38,437.16,970.79,960.85,927.58,970.31,904.3,868.38,773.05
MNST,Monster Beverage,Consumer Staples,Soft Drinks & Non-alcoholic Beverages,74.1,76.28,45.7,73.59,73.96,73.52,70.65,66.97,65.82,63.45
MCO,Moody's Corporation,Financials,Financial Exchanges & Data,485.92,527.9,376.55,484.98,487.8,483.22,482.82,492.78,492.66,480.05
MS,Morgan Stanley,Financials,Investment Banking & Brokerage,178.38,181.98,92.37,178.81,175.67,169.24,164.11,156.48,152.78,139.82
MOS,Mosaic Company (The),Materials,Fertilizers & Agricultural Chemicals,26.25,37.63,21.79,24.53,24.32,24.27,27.09,30.21,31.31,30.51
MSI,Motorola Solutions,Information Technology,Communications Equipment,363.82,491.11,363.43,369.07,371.78,371.62,406.38,433.15,429.79,425.59
MSCI,MSCI Inc.,Financials,Financial Exchanges & Data,548.61,634.4,482.16,542.11,544.21,552.48,557.28,558.92,560.06,556.61
NDAQ,"Nasdaq, Inc.",Financials,Financial Exchanges & Data,93.27,97.06,64.26,91.91,90.52,89.0,88.24,90.6,90.13,85.24
NTAP,NetApp,Information Technology,"Technology Hardware, Storage & Peripherals",115.92,126.11,71.18,117.85,116.53,112.3,114.87,114.15,112.3,104.69
NFLX,Netflix,Communication Services,Movies & Entertainment,95.12,134.12,82.11,95.08,100.13,104.1,110.77,115.75,117.83,113.34
NEM,Newmont,Materials,Gold,98.28,102.04,36.25,95.04,92.76,89.71,87.62,80.48,76.12,66.34
NWSA,News Corp (Class A),Communication Services,Publishing,26.24,31.61,23.3,26.03,25.83,25.63,26.14,27.84,28.13,27.77
NWS,News Corp (Class B),Communication Services,Publishing,29.69,35.47,26.17,29.51,29.32,29.12,29.73,31.61,32.04,31.73
NEE,NextEra Energy,Utilities,Multi-Utilities,81.82,86.94,60.35,80.9,82.52,83.48,83.18,77.62,76.53,73.47
NKE,"Nike, Inc.",Consumer Discretionary,"Apparel, Accessories & Luxury Goods",67.38,80.55,51.34,65.56,65.53,64.11,65.19,69.58,69.53,66.77
NI,NiSource,Utilities,Multi-Utilities,41.41,44.58,34.39,41.44,41.82,42.48,42.86,42.21,41.67,40.5
NDSN,Nordson Corporation,Industrials,Industrial Machinery & Supplies & Components,234.23,251.85,163.83,234.57,236.04,234.06,233.68,227.19,225.0,214.9
NSC,Norfolk Southern,Industrials,Rail Transportation,297.29,300.79,198.48,293.63,293.31,289.09,287.38,284.05,279.2,260.93
NTRS,Northern Trust,Financials,Asset Management & Custody Banks,138.53,140.75,80.06,136.61,133.99,130.37,128.71,128.41,127.24,116.26
NOC,Northrop Grumman,Industrials,Aerospace & Defense,570.21,638.31,418.96,557.96,553.76,558.79,579.11,579.72,565.04,534.92
NCLH,Norwegian Cruise Line Holdings,Consumer Discretionary,"Hotels, Resorts & Cruise Lines",20.87,29.29,14.21,19.7,19.2,18.6,20.65,22.74,22.47,20.93
NRG,NRG Energy,Utilities,Independent Power Producers & Energy Traders,161.51,180.08,78.84,166.23,166.0,165.6,167.07,161.9,160.09,144.17
NUE,Nucor,Materials,Steel,164.96,168.07,96.79,162.66,162.18,157.17,147.76,144.52,142.59,133.39
NVDA,Nvidia,Information Technology,Semiconductors,175.57,212.18,86.6,182.16,181.75,181.96,186.85,182.33,177.79,156.06
NVR,"NVR, Inc.",Consumer Discretionary,Homebuilding,7511.5,8989.75,6562.85,7456.74,7513.9,7408.88,7466.02,7767.26,7705.6,7514.79
NXPI,NXP Semiconductors,Information Technology,Semiconductors,229.63,250.74,146.07,229.45,223.89,207.17,210.65,216.56,217.34,208.46
ORLY,O’Reilly Automotive,Consumer Discretionary,Automotive Retail,94.24,108.72,78.3,94.84,97.23,98.53,98.71,101.03,99.06,96.09
OXY,Occidental Petroleum,Energy,Oil & Gas Exploration & Production,41.08,52.05,34.2,41.29,41.71,41.6,41.7,43.42,43.44,43.09
ODFL,Old Dominion,Industrials,Cargo Ground Transportation,159.33,208.11,125.76,155.23,151.63,141.57,139.71,143.84,147.72,152.84
OMC,Omnicom Group,Communication Services,Advertising,79.94,90.2,67.76,76.76,74.29,73.54,75.39,75.65,74.89,74.94
ON,ON Semiconductor,Information Technology,Semiconductors,54.99,70.58,31.04,55.53,54.63,50.9,50.58,50.59,51.78,48.28
OKE,Oneok,Energy,Oil & Gas Storage & Transportation,73.58,105.47,64.02,74.17,74.51,72.45,69.85,71.77,73.19,77.42
ORCL,Oracle Corporation,Information Technology,Application Software,189.38,345.12,117.98,210.66,209.5,209.87,247.14,254.33,248.74,212.42
OTIS,Otis Worldwide,Industrials,Industrial Machinery & Supplies & Components,88.0,105.37,83.46,87.36,87.25,87.57,89.48,88.55,90.3,92.74
PCAR,Paccar,Industrials,Construction Machinery & Heavy Transportation Equipment,111.87,114.5,83.8,111.35,109.4,104.78,100.27,99.48,98.58,96.92
PKG,Packaging Corporation of America,Materials,Paper & Plastic Packaging Products & Materials,204.98,238.15,170.61,200.62,199.19,198.59,202.28,204.51,202.89,198.02
PLTR,Palantir Technologies,Information Technology,Application Software,183.87,207.52,63.4,184.53,179.66,172.26,179.47,174.02,167.76,144.41
PANW,Palo Alto Networks,Information Technology,Systems Software,191.87,223.61,144.15,193.11,193.13,192.7,205.11,197.72,197.93,192.15
PSKY,Paramount Skydance Corporation,Communication Services,Movies & Entertainment,13.85,20.86,9.92,14.38,14.63,15.17,16.0,15.64,15.04,13.73
PH,Parker Hannifin,Industrials,Industrial Machinery & Supplies & Components,884.73,908.35,484.88,883.14,875.36,855.94,805.11,774.42,758.76,707.13
PAYX,Paychex,Industrials,Human Resource & Employment Services,115.53,158.49,108.0,113.65,112.68,111.69,116.85,125.91,129.35,136.05
PAYC,Paycom,Industrials,Human Resource & Employment Services,166.04,266.71,156.14,164.52,164.28,163.03,179.54,200.97,206.56,215.48
PYPL,PayPal,Financials,Transaction & Payment Processing Services,61.76,93.03,55.72,61.3,61.72,61.36,65.94,67.39,68.64,68.41
PNR,Pentair,Industrials,Industrial Machinery & Supplies & Components,106.07,113.69,73.68,104.66,104.92,104.38,107.01,107.01,106.27,100.39
PEP,PepsiCo,Consumer Staples,Soft Drinks & Non-alcoholic Beverages,149.97,155.29,123.93,147.8,147.13,146.37,145.9,143.99,141.68,139.47
PFE,Pfizer,Health Care,Pharmaceuticals,25.82,27.21,19.83,25.7,25.62,25.43,24.93,24.57,24.44,23.86
PCG,PG&E Corporation,Utilities,Multi-Utilities,15.16,20.33,12.95,15.0,15.19,15.59,16.03,15.48,15.12,15.68
PM,Philip Morris International,Consumer Staples,Tobacco,153.46,183.57,113.18,150.57,151.17,153.23,153.55,158.44,162.23,162.17
PSX,Phillips 66,Energy,Oil & Gas Refining & Marketing,141.48,144.96,88.51,141.53,140.36,137.96,134.9,130.96,129.39,122.85
PNW,Pinnacle West Capital,Utilities,Multi-Utilities,87.67,93.67,78.26,87.06,87.8,88.63,89.52,89.02,88.95,89.26
PNC,PNC Financial Services,Financials,Diversified Banks,210.63,213.03,141.09,205.78,200.75,193.39,188.2,192.38,191.45,181.97
POOL,Pool Corporation,Consumer Discretionary,Distributors,240.84,373.87,229.63,238.39,240.75,240.02,263.85,289.28,290.73,297.6
PPG,PPG Industries,Materials,Specialty Chemicals,103.3,122.47,88.43,101.26,100.95,99.08,99.18,103.67,105.58,106.08
PPL,PPL Corporation,Utilities,Electric Utilities,33.97,37.96,30.24,33.58,34.03,35.06,36.08,35.95,35.54,35.0
PFG,Principal Financial Group,Financials,Life & Health Insurance,90.25,92.03,66.44,89.42,87.37,85.1,82.61,80.65,80.11,78.85
PG,Procter & Gamble,Consumer Staples,Personal Care Products,142.84,176.43,138.14,140.28,143.02,145.43,147.61,151.1,152.09,156.18
PGR,Progressive Corporation,Financials,Property & Casualty Insurance,234.65,292.65,199.9,227.48,227.12,226.59,224.44,234.81,238.83,252.99
PLD,Prologis,Real Estate,Industrial REITs,130.1,131.7,83.8,128.9,128.77,126.98,124.1,117.09,114.92,111.44
PRU,Prudential Financial,Financials,Life & Health Insurance,116.98,117.95,86.97,114.36,111.94,108.81,104.72,103.99,103.77,103.02
PEG,Public Service Enterprise Group,Utilities,Electric Utilities,78.96,89.82,72.92,78.69,79.34,80.44,81.22,82.12,82.01,80.75
PTC,PTC Inc.,Information Technology,Application Software,178.0,219.69,133.38,174.95,175.74,174.52,188.05,198.04,194.75,181.58
PSA,Public Storage,Real Estate,Self-Storage REITs,274.52,316.95,251.43,270.02,272.14,271.44,283.53,283.87,284.57,287.22
PHM,PulteGroup,Consumer Discretionary,Homebuilding,126.26,141.88,87.74,125.93,126.86,123.13,122.72,125.58,122.17,114.27
PWR,Quanta Services,Industrials,Construction & Engineering,439.44,473.99,226.97,457.92,457.81,449.85,442.55,416.37,409.35,366.95
QCOM,Qualcomm,Information Technology,Semiconductors,178.99,204.9,118.79,178.76,175.41,170.11,170.08,164.01,162.27,156.35
DGX,Quest Diagnostics,Health Care,Health Care Services,182.42,197.55,146.3,180.99,182.06,185.28,183.38,181.05,179.45,175.97
RL,Ralph Lauren Corporation,Consumer Discretionary,"Apparel, Accessories & Luxury Goods",370.74,374.62,175.49,361.61,361.33,352.4,336.3,319.08,311.14,283.75
RJF,Raymond James Financial,Financials,Investment Banking & Brokerage,163.31,177.15,116.85,164.66,161.93,158.56,160.85,164.19,162.39,154.49
RTX,RTX Corporation,Industrials,Aerospace & Defense,178.51,180.6,110.77,174.82,172.18,172.7,171.31,164.19,160.52,148.98
O,Realty Income,Real Estate,Retail REITs,57.56,60.33,48.85,57.16,57.55,57.09,57.72,57.7,57.35,56.29
REG,Regency Centers,Real Estate,Retail REITs,67.83,75.93,62.21,67.69,68.7,69.46,70.36,70.82,70.59,70.61
REGN,Regeneron Pharmaceuticals,Health Care,Biotechnology,738.05,790.98,475.17,721.38,726.38,734.63,660.17,615.11,599.69,597.85
RF,Regions Financial Corporation,Financials,Regional Banks,27.62,27.98,17.18,27.12,26.53,25.53,24.83,25.37,25.02,23.35
RSG,Republic Services,Industrials,Environmental & Facilities Services,213.6,257.43,197.66,210.62,212.69,214.1,215.21,223.35,227.19,232.82
RMD,ResMed,Health Care,Health Care Equipment,250.74,293.11,198.6,250.24,250.99,250.11,257.18,267.19,264.88,252.26
RVTY,Revvity,Health Care,Health Care Equipment,100.55,128.0,81.3,101.31,101.83,99.75,95.91,92.17,93.19,95.21
ROK,Rockwell Automation,Industrials,Electrical Components & Equipment,406.64,415.89,212.49,406.55,402.25,390.99,371.3,357.32,353.14,322.64
ROL,"Rollins, Inc.",Industrials,Environmental & Facilities Services,59.81,61.84,44.8,59.32,60.11,59.97,58.28,57.67,57.26,56.22
ROP,Roper Technologies,Information Technology,Electronic Equipment & Instruments,446.01,592.47,435.42,444.3,444.74,444.65,465.27,494.52,507.19,529.74
ROST,Ross Stores,Consumer Discretionary,Apparel Retail,182.35,185.0,121.41,180.42,178.81,173.19,163.46,154.88,149.81,144.74
RCL,Royal Caribbean Group,Consumer Discretionary,"Hotels, Resorts & Cruise Lines",279.46,365.38,163.05,264.05,263.46,260.62,279.86,305.5,308.02,276.97
SPGI,S&P Global,Financials,Financial Exchanges & Data,501.6,576.91,424.77,494.66,495.52,493.74,489.23,511.96,513.55,506.8
CRM,Salesforce,Information Technology,Application Software,262.56,365.3,221.96,261.93,252.4,241.91,245.77,246.48,250.22,257.83
SBAC,SBA Communications,Real Estate,Telecom Tower REITs,191.1,241.44,184.43,190.68,189.59,192.42,192.9,200.58,206.65,212.56
SLB,Schlumberger,Energy,Oil & Gas Equipment & Services,39.45,43.29,30.37,39.25,38.28,36.97,35.62,34.91,34.82,35.16
STX,Seagate Technology,Information Technology,"Technology Hardware, Storage & Peripherals",285.23,308.93,62.66,292.05,280.03,268.76,253.66,217.29,202.44,161.95
SRE,Sempra,Utilities,Multi-Utilities,88.76,95.03,60.49,88.27,89.2,90.51,91.19,86.48,84.06,79.23
NOW,ServiceNow,Information Technology,Systems Software,867.74,1198.09,678.66,859.44,846.98,833.03,876.07,896.65,915.19,912.47
SHW,Sherwin-Williams,Materials,Specialty Chemicals,328.5,378.76,306.78,326.47,331.9,333.22,335.9,344.61,344.11,344.63
SPG,Simon Property Group,Real Estate,Retail REITs,182.1,186.14,131.37,180.47,180.67,180.65,178.45,175.53,172.04,165.75
SWKS,Skyworks Solutions,Information Technology,Semiconductors,67.03,91.61,46.48,68.37,68.36,65.89,70.32,71.76,72.0,69.18
SJM,J.M. Smucker Company (The),Consumer Staples,Packaged Foods & Meats,101.57,117.94,91.46,100.45,100.64,102.74,103.52,105.83,104.7,106.45
SW,Smurfit Westrock,Materials,Paper & Plastic Packaging Products & Materials,37.17,54.55,32.73,36.74,36.24,35.24,37.92,41.25,41.95,42.32
SNA,Snap-on,Industrials,Industrial Machinery & Supplies & Components,349.7,356.07,283.93,347.99,345.67,339.22,338.14,332.31,328.46,324.43
SOLV,Solventum,Health Care,Health Care Technology,82.78,88.2,60.7,82.04,83.73,82.27,75.76,74.29,74.36,73.44
SO,Southern Company,Utilities,Electric Utilities,84.47,100.02,77.85,84.87,86.4,88.09,91.8,92.15,91.82,90.33
LUV,Southwest Airlines,Industrials,Passenger Airlines,41.3,42.2,23.55,39.59,37.75,35.38,33.48,32.52,32.85,31.83
SWK,Stanley Black & Decker,Industrials,Industrial Machinery & Supplies & Components,75.69,87.08,52.01,74.47,73.13,69.39,68.76,70.72,70.15,68.99
SBUX,Starbucks,Consumer Discretionary,Restaurants,85.37,115.04,73.95,83.93,84.7,84.68,83.63,85.32,86.69,87.46
STT,State Street Corporation,Financials,Asset Management & Custody Banks,127.86,131.36,71.77,127.32,124.01,119.63,117.58,114.75,112.86,103.95
STLD,Steel Dynamics,Materials,Steel,171.69,174.31,102.41,169.5,168.76,163.96,156.04,143.39,140.9,135.29
STE,Steris,Health Care,Health Care Equipment,251.85,268.6,199.47,256.37,258.78,259.96,250.75,246.43,243.6,238.11
SYK,Stryker Corporation,Health Care,Health Care Equipment,353.96,403.95,327.71,352.71,359.69,363.03,366.83,374.81,377.51,375.17
SMCI,Supermicro,Information Technology,"Technology Hardware, Storage & Peripherals",32.45,66.44,25.71,34.35,34.07,33.8,43.3,45.22,45.88,42.86
SYF,Synchrony Financial,Financials,Consumer Finance,84.11,86.22,39.98,83.02,81.2,77.57,74.61,73.7,72.41,65.46
SNPS,Synopsys,Information Technology,Application Software,455.49,651.73,365.74,468.04,462.48,429.14,436.95,499.44,506.83,488.3
SYY,Sysco,Consumer Staples,Food Distributors,74.34,83.13,66.22,73.49,73.77,74.7,76.15,78.22,77.78,75.44
TMUS,T-Mobile US,Communication Services,Wireless Telecommunication Services,195.14,273.15,194.01,198.32,203.45,206.62,213.39,228.24,228.4,235.89
TROW,T. Rowe Price,Financials,Asset Management & Custody Banks,104.74,117.55,75.88,104.63,104.46,102.12,103.1,103.98,102.86,98.15
TTWO,Take-Two Interactive,Communication Services,Interactive Home Entertainment,241.94,264.79,177.35,245.28,246.29,242.63,248.91,243.21,242.16,233.36
TPR,"Tapestry, Inc.",Consumer Discretionary,"Apparel, Accessories & Luxury Goods",122.99,125.18,57.71,119.94,116.28,110.54,110.83,108.67,105.53,93.45
TRGP,Targa Resources,Energy,Oil & Gas Storage & Transportation,183.46,213.78,143.19,183.09,180.04,175.58,164.84,164.59,165.26,167.91
TGT,Target Corporation,Consumer Staples,Consumer Staples Merchandise Retail,97.04,138.95,83.44,95.06,93.18,90.38,90.36,92.63,93.89,94.98
TEL,TE Connectivity,Information Technology,Electronic Manufacturing Services,231.27,250.67,115.38,237.97,234.37,230.33,232.06,220.23,210.69,187.08
TDY,Teledyne Technologies,Information Technology,Electronic Equipment & Instruments,518.39,595.99,419.0,516.87,511.69,504.12,528.13,540.58,536.64,517.3
TER,Teradyne,Information Technology,Semiconductor Materials & Equipment,193.35,205.0,65.55,200.86,196.83,182.33,167.04,141.23,131.33,113.07
TSLA,"Tesla, Inc.",Consumer Discretionary,Automobile Manufacturers,457.42,488.54,214.25,448.1,445.62,427.75,435.55,398.36,382.52,346.07
TXN,Texas Instruments,Information Technology,Semiconductors,179.55,218.15,136.55,180.67,179.2,169.51,169.0,178.02,183.83,179.65
TPL,Texas Pacific Land Corporation,Energy,Oil & Gas Exploration & Production,845.51,1455.48,836.72,882.66,889.12,896.44,922.77,921.15,943.08,1067.07
TXT,Textron,Industrials,Aerospace & Defense,87.36,88.12,57.67,85.52,84.24,82.76,82.36,81.57,81.65,78.02
TMO,Thermo Fisher Scientific,Health Care,Life Sciences Tools & Services,571.57,609.27,385.11,571.11,574.95,578.67,564.67,522.56,501.41,481.49
TJX,TJX Companies,Consumer Discretionary,Apparel Retail,156.19,157.72,111.06,154.97,152.96,150.9,145.95,140.73,137.22,132.19
TKO,TKO Group Holdings,Communication Services,Movies & Entertainment,207.2,212.49,132.26,201.87,199.6,192.54,189.58,187.96,184.92,173.39
TTD,Trade Desk (The),Communication Services,Advertising,36.75,136.42,36.62,38.35,38.93,39.35,45.73,52.06,56.58,58.6
TSCO,Tractor Supply,Consumer Discretionary,Other Specialty Retail,52.02,63.47,46.26,52.48,53.18,53.4,54.12,56.62,56.25,54.34
TT,Trane Technologies,Industrials,Building Products,391.65,475.11,296.82,398.09,402.77,407.68,418.58,420.66,423.32,405.07
TDG,TransDigm Group,Industrials,Aerospace & Defense,1301.05,1519.36,1107.45,1317.33,1332.94,1338.83,1314.89,1323.96,1344.03,1325.65
TRV,Travelers Companies (The),Financials,Property & Casualty Insurance,284.51,295.68,226.54,280.51,282.4,285.33,278.01,273.57,270.7,266.31
TRMB,Trimble Inc.,Information Technology,Electronic Equipment & Instruments,80.78,87.5,52.91,81.96,82.18,80.03,79.6,80.77,80.18,75.21
TFC,Truist Financial,Financials,Diversified Banks,49.85,50.26,32.34,48.95,48.03,46.62,44.81,44.64,44.25,42.05
TYL,Tyler Technologies,Information Technology,Application Software,455.01,661.31,450.0,455.62,460.3,463.19,480.12,518.15,529.2,544.26
TSN,Tyson Foods,Consumer Staples,Packaged Foods & Meats,59.83,62.66,50.12,57.84,57.47,56.01,53.69,54.12,54.09,55.31
USB,U.S. Bancorp,Financials,Diversified Banks,53.49,53.98,34.43,52.72,51.63,49.52,48.04,47.54,47.07,44.83
UBER,Uber,Industrials,Passenger Ground Transportation,85.49,101.99,59.33,87.35,88.39,87.79,91.98,92.86,92.6,87.53
UDR,"UDR, Inc.",Real Estate,Multi-Family Residential REITs,35.54,44.96,32.94,35.23,35.47,35.37,35.33,36.62,37.3,38.75
ULTA,Ulta Beauty,Consumer Discretionary,Other Specialty Retail,599.72,611.9,309.01,597.21,576.17,546.35,537.14,530.21,519.7,470.81
UNP,Union Pacific Corporation,Industrials,Rail Transportation,239.67,250.85,200.99,235.65,234.42,229.04,225.27,223.33,224.19,223.62
UAL,United Airlines Holdings,Industrials,Passenger Airlines,107.21,116.0,52.0,106.71,105.72,100.29,98.59,98.86,95.71,87.8
UPS,United Parcel Service,Industrials,Air Freight & Logistics,100.75,128.18,80.6,98.68,97.2,95.54,91.25,88.02,89.92,93.14
URI,United Rentals,Industrials,Trading Companies & Distributors,819.42,1019.33,522.49,808.36,806.62,806.04,875.78,898.7,872.82,787.41
UNH,UnitedHealth Group,Health Care,Managed Health Care,341.32,594.32,231.57,330.73,329.45,323.72,338.41,320.36,315.71,353.48
UHS,Universal Health Services,Health Care,Health Care Facilities,222.21,246.13,152.04,224.23,229.11,231.16,220.59,201.04,196.07,189.86
VLO,Valero Energy,Energy,Oil & Gas Refining & Marketing,168.47,184.46,96.76,173.05,175.05,175.79,170.13,159.86,156.13,143.33
VTR,Ventas,Real Estate,Health Care REITs,77.83,81.89,55.47,78.77,79.54,79.51,74.79,71.24,69.68,68.03
VLTO,Veralto,Industrials,Environmental & Facilities Services,99.05,109.99,83.69,98.71,100.36,99.87,100.97,103.7,103.18,100.63
VRSN,Verisign,Information Technology,Internet Services & Infrastructure,242.38,308.75,189.47,244.46,247.51,249.09,251.4,263.84,267.68,264.36
VRSK,Verisk Analytics,Industrials,Research & Consulting Services,217.39,321.9,197.0,216.63,219.98,220.97,226.07,245.08,256.84,272.51
VZ,Verizon,Communication Services,Integrated Telecommunication Services,40.86,45.09,35.79,40.49,40.74,40.85,40.4,41.64,41.54,41.7
VRTX,Vertex Pharmaceuticals,Health Care,Biotechnology,452.45,519.68,362.5,444.41,445.68,437.66,425.94,414.0,422.86,441.94
VTRS,Viatris,Health Care,Pharmaceuticals,11.64,12.5,6.6,11.42,11.1,10.8,10.43,10.1,9.85,9.28
VICI,Vici Properties,Real Estate,Hotel & Resort REITs,28.66,33.54,26.86,28.04,28.13,28.66,29.96,31.25,31.49,31.27
V,Visa Inc.,Financials,Transaction & Payment Processing Services,347.38,374.11,297.39,334.42,332.0,330.25,337.7,340.42,342.26,343.43
VST,Vistra Corp.,Utilities,Electric Utilities,170.2,219.82,90.3,168.18,170.2,172.46,185.8,193.06,192.35,171.13
VMC,Vulcan Materials Company,Materials,Construction Materials,295.93,311.21,213.97,295.76,294.16,290.72,293.28,291.47,285.77,271.98
WRB,W. R. Berkley Corporation,Financials,Property & Casualty Insurance,69.34,78.96,55.38,67.96,69.48,73.47,74.52,73.19,72.66,71.15
GWW,W. W. Grainger,Industrials,Industrial Machinery & Supplies & Components,1021.17,1159.35,887.81,993.38,978.85,956.08,956.59,971.99,984.32,996.82
WAB,Wabtec,Industrials,Construction Machinery & Heavy Transportation Equipment,215.18,220.89,151.24,214.07,212.98,207.38,202.95,197.61,199.87,195.1
WMT,Walmart,Consumer Staples,Consumer Staples Merchandise Retail,116.68,116.88,79.43,114.8,114.23,109.64,106.17,103.39,101.95,98.51
DIS,Walt Disney Company (The),Communication Services,Movies & Entertainment,111.41,124.69,79.76,109.27,107.45,105.85,109.42,112.89,114.47,109.45
WBD,Warner Bros. Discovery,Communication Services,Broadcasting,29.49,29.81,7.52,28.12,26.21,24.63,22.04,18.15,16.81,14.09
WM,Waste Management,Industrials,Environmental & Facilities Services,215.95,239.91,193.36,211.34,212.78,213.02,210.61,216.86,218.77,222.32
WAT,Waters Corporation,Health Care,Life Sciences Tools & Services,384.76,423.56,275.05,390.34,393.69,392.12,366.49,331.37,331.18,339.13
WEC,WEC Energy Group,Utilities,Electric Utilities,103.75,117.25,88.91,104.06,105.7,108.5,111.43,109.82,108.57,106.99
WFC,Wells Fargo,Financials,Diversified Banks,92.75,93.42,57.46,90.99,89.61,86.96,85.21,82.78,82.08,77.71
WELL,Welltower,Real Estate,Health Care REITs,186.63,209.05,120.99,191.87,197.66,199.08,186.5,176.64,172.02,162.81
WST,West Pharmaceutical Services,Health Care,Health Care Supplies,267.48,347.77,186.94,268.43,273.56,270.77,273.52,262.15,253.79,239.98
WDC,Western Digital,Information Technology,"Technology Hardware, Storage & Peripherals",175.61,188.77,28.72,176.82,169.27,161.27,146.47,117.48,106.87,83.51
WY,Weyerhaeuser,Real Estate,Timber REITs,23.42,30.64,20.96,22.81,22.3,21.95,22.77,23.92,24.25,25.12
WSM,"Williams-Sonoma, Inc.",Consumer Discretionary,Homefurnishing Retail,186.23,217.31,128.49,184.51,181.74,180.06,187.02,191.86,186.81,176.75
WMB,Williams Companies,Energy,Oil & Gas Storage & Transportation,60.06,65.55,50.57,60.99,61.46,60.6,60.61,59.65,59.47,58.7
WTW,Willis Towers Watson,Financials,Insurance Brokers,325.4,352.79,291.3,321.71,320.23,319.51,325.55,327.4,322.69,320.12
WDAY,"Workday, Inc.",Information Technology,Application Software,224.64,283.68,205.33,222.94,219.25,221.55,229.44,229.87,231.01,236.54
WYNN,Wynn Resorts,Consumer Discretionary,Casinos & Gaming,123.47,134.72,64.8,124.65,127.19,124.74,122.94,120.49,116.71,104.45
XEL,Xcel Energy,Utilities,Multi-Utilities,75.47,83.01,61.07,75.25,76.83,78.7,80.01,76.61,74.9,72.49
XYL,Xylem Inc.,Industrials,Industrial Machinery & Supplies & Components,137.38,153.83,99.59,138.24,139.08,139.72,144.77,142.79,140.05,132.63
YUM,Yum! Brands,Consumer Discretionary,Restaurants,150.7,160.96,119.81,145.65,146.52,148.33,146.15,146.0,145.91,146.53
ZBRA,Zebra Technologies,Information Technology,Electronic Equipment & Instruments,269.61,427.76,205.73,268.82,263.6,251.77,270.4,293.56,298.01,288.72
ZBH,Zimmer Biomet,Health Care,Health Care Equipment,91.77,113.87,85.33,92.47,93.18,92.79,95.69,98.05,97.03,98.3
ZTS,Zoetis,Health Care,Pharmaceuticals,118.97,179.47,115.25,117.72,120.19,121.07,131.12,140.22,143.1,149.17
