Symbol,Company,GICS_Sector,GICS_Sub_Industry,Current_Price,High_52_Week,Low_52_Week,SMA5,SMA10,SMA20,SMA50,SMA200,Score,Target_Pcnt,Target_Price,Stop_Loss
MMM,3M,Industrials,Industrial Conglomerates,168.53,173.09,123.2,166.37,168.37,168.29,163.78,151.55,0.0,3.0,173.59,162.98
AOS,A. O. Smith,Industrials,Building Products,68.71,73.9,58.72,67.76,67.33,65.93,67.11,67.47,0.0,1.0,69.4,62.46
ABT,Abbott Laboratories,Health Care,Health Care Equipment,125.07,138.33,109.61,122.85,124.43,126.29,127.48,129.74,-0.2,5.28,131.67,120.92
ABBV,AbbVie,Health Care,Biotechnology,222.23,242.63,165.03,223.5,225.2,228.38,227.07,202.95,0.2,6.45,236.56,220.19
ACN,Accenture,Information Technology,IT Consulting & Other Services,271.74,394.31,232.56,270.07,267.76,256.43,250.34,277.6,0.1,3.33,280.79,232.06
ADBE,Adobe Inc.,Information Technology,Application Software,356.08,549.93,312.4,346.62,338.05,329.59,336.65,367.22,0.2,-0.6,353.94,305.24
AMD,Advanced Micro Devices,Information Technology,Semiconductors,210.75,264.33,78.21,219.27,218.29,219.34,230.12,155.95,0.0,13.82,239.88,198.81
AES,AES Corporation,Utilities,Independent Power Producers & Energy Traders,13.79,15.18,9.38,13.88,13.89,13.85,14.04,12.23,0.0,2.25,14.1,13.61
AFL,Aflac,Financials,Life & Health Insurance,110.01,114.41,97.05,108.43,108.81,109.92,109.7,105.72,0.0,2.6,112.87,106.98
A,Agilent Technologies,Health Care,Life Sciences Tools & Services,139.33,157.2,98.88,141.75,145.07,147.26,145.3,123.83,0.0,12.57,156.84,137.68
APD,Air Products,Materials,Industrial Gases,241.54,331.69,230.76,237.76,248.91,252.55,254.77,274.44,-0.2,12.27,271.18,233.91
ABNB,Airbnb,Consumer Discretionary,"Hotels, Resorts & Cruise Lines",128.47,161.42,105.69,126.29,123.4,119.8,122.07,126.63,0.0,0.78,129.47,110.13
AKAM,Akamai Technologies,Information Technology,Internet Services & Infrastructure,86.63,102.1,68.21,85.9,86.21,87.28,81.04,78.77,0.2,4.51,90.54,84.02
ALB,Albemarle Corporation,Materials,Specialty Chemicals,131.82,134.59,50.16,131.22,128.34,124.73,107.77,78.68,0.0,3.61,136.58,112.88
ARE,Alexandria Real Estate Equities,Real Estate,Office REITs,46.39,98.01,44.97,45.74,47.61,49.52,60.38,73.77,0.0,20.05,55.69,43.35
ALGN,Align Technology,Health Care,Health Care Supplies,165.1,239.52,124.88,162.05,157.69,148.68,140.11,159.69,-0.1,3.14,170.28,127.07
ALLE,Allegion,Industrials,Building Products,159.98,179.47,118.08,160.27,161.46,162.0,167.68,152.79,0.0,4.5,167.18,156.82
LNT,Alliant Energy,Utilities,Electric Utilities,65.43,69.47,54.87,64.97,65.66,66.93,67.23,63.34,-0.2,6.88,69.93,63.93
ALL,Allstate,Financials,Property & Casualty Insurance,206.98,213.64,177.51,203.38,205.31,208.22,202.83,200.0,-0.2,4.45,216.19,200.25
GOOGL,Alphabet Inc. (Class A),Communication Services,Interactive Media & Services,308.73,323.23,144.3,314.43,316.04,308.41,281.48,208.54,0.2,9.25,337.29,279.52
GOOG,Alphabet Inc. (Class C),Communication Services,Interactive Media & Services,310.18,323.43,146.18,315.42,316.83,308.95,282.11,209.64,0.2,8.92,337.85,280.06
MO,Altria,Consumer Staples,Tobacco,58.74,66.65,48.28,58.49,58.51,58.44,60.63,59.56,-0.2,0.9,59.27,57.61
AMZN,Amazon,Consumer Discretionary,Broadline Retail,226.15,254.0,167.32,228.6,230.23,228.57,229.16,215.19,0.0,5.25,238.02,219.1
AMCR,Amcor,Materials,Paper & Plastic Packaging Products & Materials,8.25,10.15,7.82,8.23,8.32,8.4,8.23,8.91,0.1,4.85,8.65,8.15
AEE,Ameren,Utilities,Multi-Utilities,97.33,105.59,84.39,97.86,99.24,101.66,102.59,98.38,0.0,10.12,107.18,96.14
AEP,American Electric Power,Utilities,Electric Utilities,114.13,123.77,87.28,114.87,116.77,119.49,118.51,108.27,0.0,10.31,125.9,113.09
AXP,American Express,Financials,Consumer Finance,380.35,384.89,230.22,373.4,369.76,361.29,354.01,309.81,0.0,1.33,385.41,337.17
AIG,American International Group,Financials,Multi-line Insurance,84.56,86.75,68.89,80.24,78.62,77.36,78.57,80.44,-0.2,-2.7,82.28,72.44
AMT,American Tower,Real Estate,Telecom Tower REITs,181.18,230.32,169.21,181.18,179.19,179.92,183.02,202.3,0.0,1.56,184.01,175.84
AWK,American Water Works,Utilities,Water Utilities,130.98,149.23,118.11,129.28,129.75,130.08,133.45,138.64,0.0,1.57,133.04,127.12
AMP,Ameriprise Financial,Financials,Asset Management & Custody Banks,493.27,567.86,418.0,488.82,477.71,463.29,468.57,491.34,0.0,1.28,499.58,427.01
AME,Ametek,Industrials,Electrical Components & Equipment,200.78,203.84,150.67,200.1,199.04,196.25,192.05,181.23,0.2,1.55,203.89,188.62
AMGN,Amgen,Health Care,Biotechnology,317.38,345.46,250.44,319.55,330.46,334.23,313.23,292.83,-0.2,11.35,353.4,315.08
APH,Amphenol,Information Technology,Electronic Components,128.9,143.85,58.9,137.06,138.35,136.8,134.11,102.23,-0.2,11.82,144.14,129.46
ADI,Analog Devices,Information Technology,Semiconductors,278.69,283.39,162.63,279.8,277.04,258.07,245.04,227.19,0.2,7.91,300.73,215.41
AON,Aon plc,Financials,Insurance Brokers,352.8,407.61,326.07,345.97,346.41,347.58,347.45,361.75,0.1,0.52,354.63,340.51
APA,APA Corporation,Energy,Oil & Gas Exploration & Production,25.83,27.1,13.47,26.13,26.21,25.29,24.06,20.26,0.2,6.16,27.42,23.15
APO,Apollo Global Management,Financials,Asset Management & Custody Banks,147.61,176.13,107.48,145.66,140.11,134.34,129.24,134.49,-0.1,1.43,149.72,118.95
AAPL,Apple Inc.,Information Technology,"Technology Hardware, Storage & Peripherals",277.75,286.19,171.83,277.93,280.26,276.27,267.71,228.62,0.2,3.45,287.33,265.23
AMAT,Applied Materials,Information Technology,Semiconductor Materials & Equipment,257.48,275.15,125.98,267.61,266.42,249.86,235.7,184.38,0.4,11.53,287.17,212.56
APP,AppLovin,Information Technology,Application Software,673.43,724.62,219.37,701.61,682.26,615.92,610.92,440.18,0.2,12.79,759.56,472.27
APTV,Aptiv,Consumer Discretionary,Automotive Parts & Equipment,78.67,87.98,47.92,78.11,77.59,76.49,80.78,71.38,0.2,2.81,80.88,72.1
ACGL,Arch Capital Group,Financials,Property & Casualty Insurance,93.95,96.94,84.72,92.44,92.49,92.52,90.42,91.02,-0.3,0.51,94.43,90.61
ADM,Archer Daniels Midland,Consumer Staples,Agricultural Products & Services,59.81,63.67,40.67,58.79,59.29,59.21,59.82,53.84,0.0,2.32,61.2,57.22
ANET,Arista Networks,Information Technology,Communications Equipment,124.83,162.03,64.37,130.15,129.1,127.02,139.28,113.47,0.2,8.29,135.18,118.86
AJG,Arthur J. Gallagher & Co.,Financials,Insurance Brokers,255.55,346.41,237.85,244.28,243.96,247.57,264.19,303.12,0.2,1.56,259.54,235.6
AIZ,Assurant,Financials,Multi-line Insurance,229.78,229.78,177.67,224.98,224.12,225.01,219.13,204.39,0.2,-0.06,229.64,220.38
T,AT&T,Communication Services,Integrated Telecommunication Services,24.57,29.3,20.9,24.52,24.99,25.33,25.41,26.84,0.0,7.29,26.36,24.3
ATO,Atmos Energy,Utilities,Gas Utilities,168.55,178.17,133.41,167.16,169.1,171.74,173.41,159.95,-0.2,5.57,177.94,165.55
ADSK,Autodesk,Information Technology,Application Software,298.12,326.79,238.84,300.26,303.65,298.9,303.06,293.33,0.4,4.64,311.95,285.85
ADP,Automatic Data Processing,Industrials,Human Resource & Employment Services,265.42,323.5,249.06,261.27,260.06,256.15,266.66,292.58,0.2,0.08,265.63,246.66
AZO,AutoZone,Consumer Discretionary,Automotive Retail,3447.76,4354.54,3185.71,3520.34,3686.16,3783.98,3843.53,3827.6,0.0,19.68,4126.28,3441.69
AVB,AvalonBay Communities,Real Estate,Multi-Family Residential REITs,176.17,222.25,173.92,176.31,178.13,178.72,181.09,194.29,-0.2,3.89,183.02,174.42
AVY,Avery Dennison,Materials,Paper & Plastic Packaging Products & Materials,183.18,193.53,156.63,178.04,176.29,172.68,170.31,171.8,0.3,-0.53,182.21,163.15
AXON,Axon Enterprise,Industrials,Aerospace & Defense,567.98,870.97,496.65,563.44,553.32,543.21,627.68,677.51,0.2,1.24,575.02,511.39
BKR,Baker Hughes,Energy,Oil & Gas Equipment & Services,46.67,50.61,34.43,47.45,48.72,48.79,47.77,42.69,0.2,9.24,50.98,46.6
BALL,Ball Corporation,Materials,"Metal, Glass & Plastic Containers",50.81,59.23,44.42,48.47,48.65,48.49,48.24,51.41,0.1,-0.67,50.47,46.51
BAC,Bank of America,Financials,Diversified Banks,54.97,54.97,33.82,54.21,53.86,52.86,52.11,46.39,0.0,0.55,55.27,50.45
BAX,Baxter International,Health Care,Health Care Equipment,18.95,36.1,17.41,18.49,18.63,18.42,20.07,26.36,0.2,2.01,19.33,17.52
BDX,Becton Dickinson,Health Care,Health Care Equipment,201.05,243.81,162.39,195.64,193.66,192.52,187.98,188.33,0.1,-0.75,199.54,185.5
BRK-B,Berkshire Hathaway,Financials,Multi-Sector Holdings,497.97,539.8,442.66,494.58,499.93,503.18,496.61,498.17,0.1,3.47,515.25,491.09
BBY,Best Buy,Consumer Discretionary,Computer & Electronics Retail,73.31,87.59,54.69,73.63,74.29,75.39,77.71,71.48,0.0,8.88,79.82,70.96
TECH,Bio-Techne,Health Care,Life Sciences Tools & Services,58.65,78.3,46.53,59.77,61.46,61.36,61.24,55.22,0.2,13.06,66.31,56.41
BIIB,Biogen,Health Care,Biotechnology,174.04,182.09,113.38,176.07,178.24,175.88,161.0,139.33,0.2,7.52,187.13,164.65
BLK,BlackRock,Financials,Asset Management & Custody Banks,1088.62,1196.76,803.7,1081.43,1069.28,1045.13,1089.94,1030.74,-0.2,1.66,1106.69,983.52
BX,Blackstone Inc.,Financials,Asset Management & Custody Banks,150.29,187.02,117.47,153.68,151.65,146.44,150.28,151.1,0.0,5.53,158.6,134.28
XYZ,"Block, Inc.",Financials,Transaction & Payment Processing Services,64.38,98.19,46.53,62.78,62.28,62.15,69.66,66.64,-0.2,3.03,66.33,57.97
BK,BNY Mellon,Financials,Asset Management & Custody Banks,116.93,118.68,72.12,116.87,114.93,111.76,109.28,95.94,0.2,2.15,119.44,104.08
BA,Boeing,Industrials,Aerospace & Defense,204.4,237.38,136.59,202.09,200.86,193.34,203.35,202.07,0.0,3.57,211.7,175.0
BKNG,Booking Holdings,Consumer Discretionary,"Hotels, Resorts & Cruise Lines",5327.13,5794.84,4141.9,5251.43,5151.71,4985.5,5063.22,5187.22,-0.2,1.46,5404.91,4565.97
BSX,Boston Scientific,Health Care,Health Care Equipment,92.22,108.14,88.03,92.61,95.69,97.65,98.78,101.19,-0.2,13.25,104.44,90.86
BMY,Bristol Myers Squibb,Health Care,Pharmaceuticals,52.44,60.79,42.6,51.43,50.97,49.17,46.71,48.06,0.1,2.15,53.57,44.77
AVGO,Broadcom,Information Technology,Semiconductors,356.4,412.97,145.7,396.63,390.27,376.66,361.92,279.42,0.0,19.41,425.58,327.74
BR,Broadridge Financial Solutions,Industrials,Data Processing & Outsourced Services,230.04,265.85,215.58,228.26,228.88,227.83,228.04,237.64,-0.2,0.86,232.02,223.64
BRO,Brown & Brown,Financials,Insurance Brokers,81.25,123.81,76.42,78.87,79.3,79.69,83.62,100.74,0.2,0.68,81.8,77.58
BF-B,Brown–Forman,Consumer Staples,Distillers & Vintners,30.81,43.65,25.25,30.37,30.07,29.02,28.05,29.9,0.1,1.79,31.36,26.68
BLDR,Builders FirstSource,Industrials,Building Products,107.98,173.51,94.85,107.98,110.06,106.39,113.85,122.25,0.2,9.46,118.19,94.59
BG,Bunge Global,Consumer Staples,Agricultural Products & Services,92.33,97.09,66.74,92.09,93.62,94.24,92.58,81.18,0.2,5.73,97.62,90.86
BXP,"BXP, Inc.",Real Estate,Office REITs,71.14,78.2,55.53,70.12,70.53,70.52,71.3,68.31,0.0,2.81,73.14,67.9
CHRW,C.H. Robinson,Industrials,Air Freight & Logistics,156.56,159.8,85.64,156.13,157.28,155.29,144.15,114.09,0.2,3.72,162.38,148.19
CDNS,Cadence Design Systems,Information Technology,Application Software,324.3,373.37,231.64,334.03,330.86,318.69,327.75,313.27,0.0,7.07,347.23,290.17
CPT,Camden Property Trust,Real Estate,Multi-Family Residential REITs,103.95,122.09,97.58,103.13,104.16,104.14,102.95,109.68,-0.1,3.14,107.21,101.07
CPB,Campbell's Company (The),Consumer Staples,Packaged Foods & Meats,28.43,41.67,28.18,28.94,29.49,30.18,30.49,33.01,0.0,12.84,32.08,28.29
COF,Capital One,Financials,Consumer Finance,236.49,239.29,149.12,234.99,230.69,219.53,217.24,202.73,0.2,3.61,245.03,194.04
CAH,Cardinal Health,Health Care,Health Care Distributors,197.88,213.73,114.18,198.26,200.22,204.8,185.61,157.15,0.2,9.08,215.85,193.75
CCL,Carnival,Consumer Discretionary,"Hotels, Resorts & Cruise Lines",27.72,32.49,16.43,26.67,26.29,25.98,27.3,25.7,0.4,-1.19,27.39,24.57
CARR,Carrier Global,Industrials,Building Products,52.88,80.42,50.36,53.26,53.78,53.3,55.94,64.25,0.0,5.33,55.7,50.89
CAT,Caterpillar Inc.,Industrials,Construction Machinery & Heavy Transportation Equipment,598.09,625.61,270.85,605.98,597.43,577.63,552.81,418.53,0.2,4.48,624.88,530.39
CBOE,Cboe Global Markets,Financials,Financial Exchanges & Data,252.87,260.88,189.73,251.85,253.05,254.81,248.24,233.9,0.0,2.83,260.03,249.59
CBRE,CBRE Group,Real Estate,Real Estate Services,159.24,165.9,113.94,157.55,159.1,157.43,156.05,143.73,-0.2,4.06,165.71,149.16
CDW,CDW Corporation,Information Technology,Technology Distributors,144.82,203.07,136.03,147.46,145.89,143.5,148.13,163.06,0.2,3.86,150.41,136.59
COR,Cencora,Health Care,Health Care Distributors,345.9,374.75,222.96,341.26,342.97,354.56,341.68,300.06,0.0,10.07,380.73,328.4
CNC,Centene Corporation,Health Care,Managed Health Care,40.8,65.89,25.21,39.18,38.86,38.14,36.87,43.94,-0.1,0.76,41.11,35.18
CNP,CenterPoint Energy,Utilities,Multi-Utilities,37.69,40.0,30.14,37.71,38.14,38.91,39.05,37.24,-0.2,7.85,40.65,37.17
CF,CF Industries,Materials,Fertilizers & Agricultural Chemicals,78.92,101.28,67.27,77.53,78.38,78.91,82.66,84.18,-0.2,4.73,82.65,75.17
CRL,Charles River Laboratories,Health Care,Life Sciences Tools & Services,192.36,197.04,99.75,190.95,185.86,177.43,177.3,156.54,0.2,3.38,198.86,155.99
SCHW,Charles Schwab Corporation,Financials,Investment Banking & Brokerage,96.08,98.41,68.45,95.48,94.5,93.15,93.72,88.79,-0.2,0.91,96.95,89.35
CHTR,Charter Communications,Communication Services,Cable & Satellite,206.79,427.25,194.22,208.38,204.16,201.95,227.13,315.14,0.2,2.33,211.61,192.29
CVX,Chevron Corporation,Energy,Integrated Oil & Gas,150.12,162.83,129.22,149.89,150.61,150.98,151.74,147.62,0.2,2.98,154.59,147.36
CMG,Chipotle Mexican Grill,Consumer Discretionary,Restaurants,36.13,66.16,29.81,34.46,34.27,33.08,35.79,45.07,0.0,0.64,36.36,29.8
CB,Chubb Limited,Financials,Property & Casualty Insurance,308.18,308.18,256.04,301.83,298.22,297.3,288.01,283.79,0.2,-1.14,304.67,289.95
CHD,Church & Dwight,Consumer Staples,Household Products,84.61,112.09,81.52,83.14,83.62,83.64,85.23,94.26,0.0,0.89,85.36,81.91
CI,Cigna,Health Care,Health Care Services,274.06,334.83,243.04,267.03,268.25,270.29,279.67,299.61,0.0,1.8,278.99,261.58
CINF,Cincinnati Financial,Financials,Property & Casualty Insurance,165.44,168.48,125.14,163.17,163.38,164.2,161.07,149.75,-0.2,2.03,168.8,159.6
CTAS,Cintas,Industrials,Diversified Support Services,186.94,226.65,180.61,185.49,185.25,184.79,187.18,205.06,0.0,0.6,188.06,181.53
CSCO,Cisco,Information Technology,Communications Equipment,77.8,80.25,52.55,79.14,78.21,77.54,73.6,66.24,0.0,2.92,80.07,75.0
C,Citigroup,Financials,Diversified Banks,111.29,111.74,56.95,110.49,108.17,104.08,100.85,86.08,0.0,2.14,113.67,94.5
CFG,Citizens Financial Group,Financials,Regional Banks,57.94,58.46,33.29,57.29,56.27,54.19,52.31,45.75,0.0,2.31,59.28,49.1
CLX,Clorox,Consumer Staples,Household Products,103.97,158.93,98.43,102.33,103.91,103.74,109.86,123.99,0.0,4.89,109.05,98.43
CME,CME Group,Financials,Financial Exchanges & Data,272.98,288.01,222.62,270.45,272.71,275.32,271.52,269.23,0.2,4.12,284.23,266.39
CMS,CMS Energy,Utilities,Multi-Utilities,69.71,75.44,63.06,70.08,71.12,72.71,73.11,71.29,-0.2,9.65,76.44,68.98
KO,Coca-Cola Company (The),Consumer Staples,Soft Drinks & Non-alcoholic Beverages,70.51,72.61,59.07,70.03,70.41,70.93,69.33,68.89,-0.2,3.29,72.83,69.03
CTSH,Cognizant,Information Technology,IT Consulting & Other Services,83.47,89.26,65.18,82.43,80.74,77.46,72.61,74.01,-0.1,2.37,85.45,69.46
COIN,Coinbase,Financials,Financial Exchanges & Data,267.79,419.78,151.47,272.69,270.73,265.04,309.26,283.32,-0.2,7.58,288.09,241.98
CL,Colgate-Palmolive,Consumer Staples,Household Products,78.32,95.74,74.98,77.28,77.9,78.65,78.08,85.23,0.1,3.45,81.02,76.27
CMCSA,Comcast,Communication Services,Cable & Satellite,27.29,38.78,26.46,27.18,27.15,27.04,28.18,32.35,0.2,1.83,27.79,26.29
CAG,Conagra Brands,Consumer Staples,Packaged Foods & Meats,17.73,26.38,16.7,17.4,17.31,17.42,17.63,20.25,0.0,1.35,17.97,16.87
COP,ConocoPhillips,Energy,Oil & Gas Exploration & Production,95.88,103.38,80.54,95.14,93.39,90.78,89.21,90.87,0.1,1.41,97.23,84.33
ED,Consolidated Edison,Utilities,Multi-Utilities,97.58,110.5,85.06,95.98,96.39,98.48,98.74,100.85,0.0,5.69,103.13,93.83
STZ,Constellation Brands,Consumer Staples,Distillers & Vintners,147.49,233.95,127.65,146.18,142.51,137.24,136.12,160.08,-0.1,1.64,149.91,124.57
CEG,Constellation Energy,Utilities,Electric Utilities,352.21,403.49,170.33,361.94,362.21,355.44,364.9,303.52,0.0,6.96,376.72,334.16
COO,Cooper Companies (The),Health Care,Health Care Supplies,82.16,99.45,64.32,80.31,78.92,76.69,73.29,74.64,0.1,1.66,83.52,69.85
CPRT,Copart,Industrials,Diversified Support Services,38.74,63.84,38.41,38.69,38.8,39.53,41.88,49.3,0.0,7.61,41.69,37.36
GLW,Corning Inc.,Information Technology,Electronic Components,88.5,95.97,38.56,91.61,87.96,84.77,85.62,62.48,-0.2,6.19,93.98,75.56
CPAY,Corpay,Financials,Transaction & Payment Processing Services,314.94,389.55,255.0,309.36,304.59,294.13,285.92,315.64,0.1,1.72,320.36,267.9
CTVA,Corteva,Materials,Fertilizers & Agricultural Chemicals,65.84,76.73,55.1,65.58,65.76,65.54,64.07,66.92,-0.1,2.13,67.24,63.83
CSGP,CoStar Group,Real Estate,Real Estate Services,68.15,96.83,65.52,67.55,67.92,67.66,71.48,79.75,-0.2,2.01,69.52,65.8
COST,Costco,Consumer Staples,Consumer Staples Merchandise Retail,882.78,1072.45,874.41,883.53,896.44,899.01,915.82,955.36,0.0,5.03,927.18,870.89
CTRA,Coterra,Energy,Oil & Gas Exploration & Production,26.42,28.82,22.01,26.67,26.86,26.46,24.99,24.75,0.2,4.28,27.55,25.37
CRWD,CrowdStrike,Information Technology,Systems Software,504.68,557.53,308.86,515.01,514.5,513.42,516.96,453.76,0.0,5.83,534.1,492.74
CCI,Crown Castle,Real Estate,Telecom Tower REITs,91.22,112.64,81.15,90.94,89.77,90.12,92.8,97.69,-0.2,1.24,92.35,87.9
CSX,CSX Corporation,Industrials,Rail Transportation,37.19,37.19,26.38,36.83,36.24,35.3,35.5,32.6,-0.2,1.18,37.63,32.97
CMI,Cummins,Industrials,Construction Machinery & Heavy Transportation Equipment,509.7,524.53,263.13,513.1,509.24,492.62,456.85,371.0,0.2,4.86,534.47,450.8
CVS,CVS Health,Health Care,Health Care Services,78.84,82.45,41.98,78.68,77.75,77.94,78.72,69.14,-0.2,2.66,80.94,74.95
DHR,Danaher Corporation,Health Care,Life Sciences Tools & Services,226.79,249.37,174.06,227.46,226.99,226.1,218.21,203.05,0.2,2.45,232.35,219.84
DRI,Darden Restaurants,Consumer Discretionary,Restaurants,182.04,222.41,155.17,180.3,178.14,176.21,180.32,196.66,-0.2,1.08,184.01,168.42
DDOG,Datadog,Information Technology,Application Software,146.25,199.72,87.0,150.84,152.88,159.99,162.82,132.32,-0.2,23.73,180.96,139.02
DVA,DaVita,Health Care,Health Care Services,121.69,177.35,115.2,118.89,118.58,118.63,122.59,136.03,0.0,0.65,122.48,114.78
DAY,Dayforce,Industrials,Human Resource & Employment Services,69.23,78.29,49.33,69.1,69.1,69.03,68.74,61.8,0.0,0.01,69.24,68.82
DECK,Deckers Brands,Consumer Discretionary,Footwear,101.74,223.11,79.54,101.16,98.05,91.06,91.29,106.55,0.0,4.53,106.35,75.78
DE,Deere & Company,Industrials,Agricultural & Farm Machinery,481.12,527.96,404.45,471.03,473.24,475.83,468.8,481.66,-0.3,2.44,492.86,458.77
DELL,Dell Technologies,Information Technology,"Technology Hardware, Storage & Peripherals",129.57,164.88,70.63,137.49,136.7,131.25,143.54,120.48,0.2,12.44,145.69,116.81
DAL,Delta Air Lines,Industrials,Passenger Airlines,69.98,70.56,35.54,69.02,67.62,63.51,60.76,53.44,0.0,4.62,73.21,53.81
DVN,Devon Energy,Energy,Oil & Gas Exploration & Production,37.54,38.41,26.43,37.69,37.65,36.73,34.61,33.42,0.0,3.3,38.78,34.68
DXCM,Dexcom,Health Care,Health Care Equipment,66.77,90.75,54.84,67.04,65.88,63.19,64.1,74.5,-0.2,4.1,69.51,56.87
FANG,Diamondback Energy,Energy,Oil & Gas Exploration & Production,156.54,175.21,116.78,157.91,157.82,153.06,146.68,141.75,0.2,4.2,163.11,143.0
DLR,Digital Realty,Real Estate,Data Center REITs,154.12,181.88,134.22,159.8,159.73,159.12,166.62,164.05,-0.2,6.46,164.08,154.15
DG,Dollar General,Consumer Staples,Consumer Staples Merchandise Retail,132.56,132.68,67.25,128.19,122.79,113.23,106.13,101.49,0.0,3.09,136.66,89.8
DLTR,Dollar Tree,Consumer Staples,Consumer Staples Merchandise Retail,129.43,129.97,61.92,124.73,119.38,111.53,103.44,95.26,0.0,1.17,130.94,92.12
D,Dominion Energy,Utilities,Multi-Utilities,59.11,62.07,47.97,58.45,58.91,59.83,59.89,56.53,0.0,5.16,62.16,57.51
DPZ,Domino's,Consumer Discretionary,Restaurants,431.07,493.69,397.21,423.86,424.31,416.05,413.57,447.12,-0.1,1.46,437.36,394.74
DASH,DoorDash,Consumer Discretionary,Specialized Consumer Services,226.48,281.74,163.16,225.34,221.79,210.26,234.25,224.47,0.2,5.02,237.85,182.67
DOV,Dover Corporation,Industrials,Industrial Machinery & Supplies & Components,199.34,204.14,149.86,195.54,192.2,187.11,178.56,176.96,0.0,0.34,200.02,174.2
DOW,Dow Inc.,Materials,Commodity Chemicals,23.98,39.0,20.27,23.82,23.64,22.89,22.66,26.09,-0.1,4.88,25.15,20.64
DHI,D. R. Horton,Consumer Discretionary,Homebuilding,156.25,183.47,114.08,153.7,156.87,151.26,152.11,141.85,0.0,7.67,168.23,134.3
DTE,DTE Energy,Utilities,Multi-Utilities,129.74,143.32,114.72,130.15,131.21,133.82,137.29,134.83,-0.2,7.47,139.43,128.21
DUK,Duke Energy,Utilities,Electric Utilities,115.04,127.92,102.07,114.78,116.74,119.9,122.71,118.67,-0.2,10.49,127.11,112.7
DD,DuPont,Materials,Specialty Chemicals,40.84,41.49,22.69,40.9,40.39,39.46,36.73,31.43,0.0,2.35,41.8,37.12
ETN,Eaton Corporation,Industrials,Electrical Components & Equipment,331.05,391.62,244.95,344.0,340.5,339.93,361.34,336.78,0.0,6.96,354.09,325.78
EBAY,eBay Inc.,Consumer Discretionary,Broadline Retail,84.99,100.1,58.89,83.95,83.2,82.42,86.74,79.69,0.0,0.04,85.02,79.82
ECL,Ecolab,Materials,Specialty Chemicals,262.36,284.78,224.56,258.32,262.38,263.81,266.71,262.75,-0.2,5.69,277.29,250.33
EIX,Edison International,Utilities,Electric Utilities,58.22,77.36,46.84,57.26,57.45,57.96,56.84,54.19,-0.2,2.27,59.54,56.38
EW,Edwards Lifesciences,Health Care,Health Care Equipment,83.18,86.82,67.07,83.79,84.49,85.01,81.42,77.01,-0.2,4.92,87.27,82.75
EA,Electronic Arts,Communication Services,Interactive Home Entertainment,203.85,203.92,115.97,203.67,203.44,202.31,201.14,166.21,0.0,0.44,204.75,199.88
ELV,Elevance Health,Health Care,Managed Health Care,359.7,445.96,271.77,344.28,337.02,331.47,334.15,353.8,-0.2,-1.36,354.81,308.13
EME,Emcor,Industrials,Construction & Engineering,619.07,777.0,341.52,627.73,622.38,613.72,653.96,543.33,-0.2,3.79,642.53,584.92
EMR,Emerson Electric,Industrials,Electrical Components & Equipment,136.33,148.4,92.96,136.82,135.68,132.12,131.9,125.16,0.0,3.23,140.73,123.51
ETR,Entergy,Utilities,Electric Utilities,92.1,97.52,71.18,92.98,93.54,94.31,95.08,86.82,-0.2,5.19,96.88,91.75
EOG,EOG Resources,Energy,Oil & Gas Exploration & Production,108.15,133.44,101.83,109.82,110.37,108.97,107.91,113.93,0.1,4.52,113.04,104.9
EPAM,EPAM Systems,Information Technology,IT Consulting & Other Services,209.45,267.63,142.2,208.78,203.24,192.46,172.06,169.28,0.0,3.39,216.55,168.37
EQT,EQT Corporation,Energy,Oil & Gas Exploration & Production,55.34,61.17,42.04,57.17,58.69,58.55,56.62,53.71,0.0,11.78,61.86,55.24
EFX,Equifax,Industrials,Research & Consulting Services,219.57,278.79,203.71,214.93,212.48,210.73,217.46,241.89,0.4,-0.02,219.53,201.95
EQIX,Equinix,Real Estate,Data Center REITs,746.94,953.43,726.09,743.21,737.71,749.49,786.89,803.49,-0.2,4.41,779.88,719.11
EQR,Equity Residential,Real Estate,Multi-Family Residential REITs,60.94,72.76,58.7,60.58,61.1,60.61,61.02,65.08,0.0,2.71,62.59,58.64
ERIE,Erie Indemnity,Financials,Insurance Brokers,288.7,445.35,275.0,280.17,288.3,289.94,300.84,348.74,-0.4,5.31,304.03,275.84
ESS,Essex Property Trust,Real Estate,Multi-Family Residential REITs,258.13,305.43,247.18,254.63,257.51,257.21,258.23,270.87,0.0,2.43,264.4,250.02
EL,Estée Lauder Companies (The),Consumer Staples,Personal Care Products,103.85,107.28,49.43,104.42,102.74,96.11,94.93,80.07,0.2,6.76,110.87,81.36
EG,Everest Group,Financials,Reinsurance,326.86,368.76,304.91,317.13,314.77,314.69,328.3,339.29,0.4,-0.19,326.24,303.13
EVRG,Evergy,Utilities,Electric Utilities,73.64,78.01,57.62,73.47,73.88,75.06,76.03,69.73,-0.2,5.74,77.87,72.25
ES,Eversource Energy,Utilities,Electric Utilities,68.01,74.88,52.98,67.53,67.03,67.55,70.85,64.51,-0.2,7.85,73.35,61.75
EXC,Exelon,Utilities,Electric Utilities,43.51,47.82,34.95,43.39,43.99,45.06,45.9,44.01,-0.2,9.38,47.59,42.54
EXE,Expand Energy,Energy,Oil & Gas Exploration & Production,112.72,122.89,91.44,116.06,118.74,117.94,111.0,105.53,-0.2,9.77,123.73,112.15
EXPE,Expedia Group,Consumer Discretionary,"Hotels, Resorts & Cruise Lines",274.56,281.15,135.82,271.09,266.23,257.64,238.66,195.06,0.2,2.52,281.48,233.8
EXPD,Expeditors International,Industrials,Air Freight & Logistics,151.66,153.02,101.6,150.36,149.48,145.73,132.47,119.43,0.0,2.38,155.27,136.19
EXR,Extra Space Storage,Real Estate,Self-Storage REITs,134.16,156.01,123.86,130.44,130.95,131.11,137.46,141.5,-0.2,0.53,134.87,127.35
XOM,ExxonMobil,Energy,Integrated Oil & Gas,118.69,119.54,97.25,118.4,117.55,117.21,114.98,109.42,0.2,1.26,120.19,114.22
FFIV,"F5, Inc.",Information Technology,Communications Equipment,263.02,343.17,223.99,258.35,250.09,241.41,269.0,286.18,0.2,0.67,264.78,218.05
FDS,FactSet,Financials,Financial Exchanges & Data,291.47,485.96,252.61,289.13,284.98,279.1,277.45,376.44,0.1,0.9,294.09,264.09
FICO,Fair Isaac,Information Technology,Application Software,1838.05,2206.01,1311.26,1785.65,1780.84,1772.06,1716.78,1710.91,0.2,-0.12,1835.84,1708.31
FAST,Fastenal,Industrials,Trading Companies & Distributors,41.92,50.13,34.82,41.15,41.08,40.5,41.87,42.54,0.2,0.31,42.05,38.94
FRT,Federal Realty Investment Trust,Real Estate,Retail REITs,99.27,109.5,81.67,97.6,97.61,97.46,97.71,95.15,-0.2,0.19,99.46,95.45
FDX,FedEx,Industrials,Air Freight & Logistics,283.78,284.78,195.55,280.93,276.71,272.5,257.01,233.82,0.0,0.7,285.77,259.23
FIS,Fidelity National Information Services,Financials,Transaction & Payment Processing Services,67.03,83.38,61.13,66.3,66.04,64.91,65.36,71.62,-0.2,1.25,67.87,61.95
FITB,Fifth Third Bancorp,Financials,Regional Banks,48.02,48.39,32.73,46.87,45.77,44.01,43.09,40.79,0.0,0.67,48.34,39.68
FSLR,First Solar,Information Technology,Semiconductors,254.26,277.39,120.38,259.72,259.57,258.37,249.93,186.39,0.0,7.43,273.15,243.59
FE,FirstEnergy,Utilities,Electric Utilities,44.15,47.72,36.81,44.43,44.95,45.88,46.01,42.1,-0.2,8.95,48.1,43.67
FISV,Fiserv,Financials,Transaction & Payment Processing Services,68.56,237.79,59.77,67.05,66.04,63.67,87.05,149.84,-0.2,0.96,69.22,58.12
F,Ford Motor Company,Consumer Discretionary,Automobile Manufacturers,13.7,13.7,8.35,13.39,13.23,13.11,12.73,11.03,0.2,-0.36,13.65,12.56
FTNT,Fortinet,Information Technology,Systems Software,82.16,114.57,74.39,82.65,83.29,81.81,83.35,92.51,-0.2,4.55,85.9,77.73
FTV,Fortive,Industrials,Industrial Machinery & Supplies & Components,54.76,62.25,46.44,54.56,53.93,52.89,51.09,51.42,0.1,1.95,55.83,49.95
FOXA,Fox Corporation (Class A),Communication Services,Broadcasting,71.3,71.82,45.64,70.87,68.97,66.96,63.72,57.22,0.0,0.98,72.0,61.92
FOX,Fox Corporation (Class B),Communication Services,Broadcasting,63.27,63.44,43.32,62.72,61.26,59.79,57.08,52.19,0.0,0.49,63.58,55.99
BEN,Franklin Resources,Financials,Asset Management & Custody Banks,23.43,25.67,16.21,23.36,23.13,22.51,22.72,22.01,-0.2,2.48,24.01,21.01
FCX,Freeport-McMoRan,Materials,Copper,47.28,48.11,28.82,46.33,45.2,42.95,41.86,40.55,0.0,2.03,48.24,37.66
GRMN,Garmin,Consumer Discretionary,Consumer Electronics,208.34,259.77,172.21,206.58,203.21,197.51,219.02,215.52,0.2,1.4,211.26,183.78
IT,Gartner,Information Technology,IT Consulting & Other Services,232.96,548.38,224.13,230.63,230.63,230.22,237.69,334.93,0.0,1.29,235.97,224.47
GE,GE Aerospace,Industrials,Aerospace & Defense,299.27,314.28,158.97,288.76,288.58,292.41,299.53,255.12,0.0,1.7,304.36,280.46
GEHC,GE HealthCare,Health Care,Health Care Equipment,83.66,93.35,58.67,84.06,83.13,79.42,76.72,74.49,0.2,6.28,88.91,69.94
GEV,GE Vernova,Industrials,Heavy Electrical Equipment,670.2,723.0,269.69,668.92,638.55,607.38,597.1,512.48,0.0,4.19,698.28,516.47
GEN,Gen Digital,Information Technology,Systems Software,27.5,31.88,23.2,27.36,27.07,26.69,26.62,27.79,0.1,0.87,27.74,25.64
GNRC,Generac,Industrials,Electrical Components & Equipment,160.64,202.85,101.92,163.8,160.83,153.49,165.61,151.47,0.0,6.32,170.79,136.18
GD,General Dynamics,Industrials,Aerospace & Defense,337.94,353.77,238.33,338.39,337.72,339.41,341.05,302.18,0.0,2.23,345.48,333.37
GIS,General Mills,Consumer Staples,Packaged Foods & Meats,46.56,63.77,45.64,46.02,46.12,46.77,47.4,51.27,-0.2,3.78,48.32,45.23
GM,General Motors,Consumer Discretionary,Automobile Manufacturers,80.76,80.85,42.15,79.06,76.73,73.46,67.98,55.26,0.0,1.2,81.73,65.2
GPC,Genuine Parts Company,Consumer Discretionary,Distributors,131.54,141.64,103.09,130.33,129.65,128.05,128.94,125.61,-0.2,1.12,133.01,123.1
GILD,Gilead Sciences,Health Care,Biotechnology,120.27,128.07,87.29,121.07,122.25,124.21,121.59,112.37,0.2,7.41,129.18,119.24
GPN,Global Payments,Financials,Transaction & Payment Processing Services,81.64,115.79,67.06,79.86,79.28,76.3,80.23,82.89,0.0,1.65,82.99,69.61
GL,Globe Life,Financials,Life & Health Insurance,139.17,146.27,103.56,135.85,133.59,133.14,133.94,129.52,0.0,-0.76,138.11,128.17
GDDY,GoDaddy,Information Technology,Internet Services & Infrastructure,124.91,214.35,124.23,126.54,127.78,127.0,130.08,158.33,0.2,4.57,130.62,123.39
GS,Goldman Sachs,Financials,Investment Banking & Brokerage,890.42,911.03,455.22,886.79,858.5,822.88,796.3,680.17,0.2,2.33,911.17,734.58
HAL,Halliburton,Energy,Oil & Gas Equipment & Services,28.43,29.12,18.84,28.65,28.01,27.02,25.95,22.8,0.2,3.66,29.47,24.57
HIG,Hartford (The),Financials,Property & Casualty Insurance,135.25,136.97,104.54,132.11,132.55,133.53,129.82,125.6,0.0,2.37,138.46,128.6
HAS,Hasbro,Consumer Discretionary,Leisure Products,81.6,83.96,49.29,81.74,81.85,80.29,77.26,70.23,0.2,4.58,85.34,75.23
HCA,HCA Healthcare,Health Care,Health Care Facilities,483.14,515.85,294.93,481.57,487.23,489.42,463.8,391.22,0.0,6.77,515.85,462.99
DOC,Healthpeak Properties,Real Estate,Health Care REITs,16.59,20.01,16.25,16.63,17.09,17.42,17.83,17.71,-0.2,12.0,18.58,16.27
HSIC,Henry Schein,Health Care,Health Care Distributors,76.37,81.91,62.03,75.16,74.04,73.46,69.02,69.21,0.1,0.88,77.04,69.88
HSY,Hershey Company (The),Consumer Staples,Packaged Foods & Meats,181.41,194.06,140.14,180.52,181.59,182.78,181.07,173.29,0.0,3.99,188.65,176.9
HPE,Hewlett Packard Enterprise,Information Technology,"Technology Hardware, Storage & Peripherals",23.78,26.25,12.35,24.44,23.46,22.33,23.34,20.04,-0.2,6.35,25.29,19.36
HLT,Hilton Worldwide,Consumer Discretionary,"Hotels, Resorts & Cruise Lines",279.95,285.77,200.93,273.69,275.86,274.86,268.4,255.94,-0.2,3.0,288.35,261.37
HOLX,Hologic,Health Care,Health Care Equipment,75.01,75.53,52.73,74.88,74.89,74.67,72.88,65.55,0.0,0.43,75.33,74.0
HD,Home Depot (The),Consumer Discretionary,Home Improvement Retail,358.6,420.7,329.16,352.47,353.05,348.77,367.06,370.01,0.2,2.31,366.88,330.65
HON,Honeywell,Industrials,Industrial Conglomerates,193.06,224.06,169.57,192.23,192.15,191.93,194.39,200.24,0.0,1.94,196.81,187.07
HRL,Hormel Foods,Consumer Staples,Packaged Foods & Meats,24.17,31.79,21.29,23.82,23.73,23.19,23.09,27.05,0.1,1.41,24.51,21.86
HST,Host Hotels & Resorts,Real Estate,Hotel & Resort REITs,18.33,18.33,12.39,17.77,17.6,17.49,16.99,15.76,0.2,-0.6,18.22,16.76
HWM,Howmet Aerospace,Industrials,Aerospace & Defense,198.33,209.74,107.4,194.32,194.81,198.16,198.04,171.56,0.0,4.15,206.56,189.76
HPQ,HP Inc.,Information Technology,"Technology Hardware, Storage & Peripherals",24.73,33.5,21.17,25.04,25.02,24.19,25.65,25.77,-0.2,6.35,26.3,22.07
HUBB,Hubbell Incorporated,Industrials,Industrial Machinery & Supplies & Components,447.63,471.0,312.92,447.77,440.18,431.1,435.6,401.64,0.0,2.04,456.76,405.45
HUM,Humana,Health Care,Managed Health Care,268.58,310.91,219.64,259.7,255.05,244.7,263.11,257.56,0.0,0.75,270.59,218.81
HBAN,Huntington Bancshares,Financials,Regional Banks,17.74,17.91,12.26,17.43,17.13,16.44,16.08,15.84,0.0,1.69,18.04,14.85
HII,Huntington Ingalls Industries,Industrials,Aerospace & Defense,327.63,327.63,156.09,321.66,315.19,312.11,303.28,252.94,0.4,-0.44,326.19,298.01
IBM,IBM,Information Technology,IT Consulting & Other Services,307.94,314.98,211.92,310.2,307.7,303.33,298.28,266.12,0.2,3.03,317.27,289.38
IEX,IDEX Corporation,Industrials,Industrial Machinery & Supplies & Components,178.81,224.77,156.86,177.2,177.05,172.3,169.15,172.21,0.1,3.23,184.59,160.01
IDXX,Idexx Laboratories,Health Care,Health Care Equipment,700.58,766.68,361.04,703.12,713.48,715.2,680.66,565.57,0.0,9.75,768.89,661.52
ITW,Illinois Tool Works,Industrials,Industrial Machinery & Supplies & Components,257.7,269.49,215.75,252.68,250.84,247.74,248.08,249.22,0.0,-0.19,257.21,238.27
INCY,Incyte,Health Care,Biotechnology,94.64,108.26,55.17,95.55,98.57,101.25,96.52,77.13,0.0,14.69,108.54,93.96
IR,Ingersoll Rand,Industrials,Industrial Machinery & Supplies & Components,81.52,101.58,66.7,80.73,80.16,78.42,78.41,80.11,-0.1,2.91,83.89,72.96
PODD,Insulet Corporation,Health Care,Health Care Equipment,295.33,352.82,237.06,295.02,302.29,316.39,318.52,301.17,-0.2,18.1,348.78,284.02
INTC,Intel,Information Technology,Semiconductors,37.76,43.76,18.13,39.77,40.8,38.24,38.07,26.57,-0.2,17.74,44.46,32.02
IBKR,Interactive Brokers,Financials,Investment Banking & Brokerage,64.09,72.99,35.93,65.64,65.07,64.23,67.34,57.17,0.2,4.98,67.28,61.19
ICE,Intercontinental Exchange,Financials,Financial Exchanges & Data,163.21,187.92,141.62,160.35,158.78,156.26,155.13,169.29,0.3,-0.04,163.14,149.38
IFF,International Flavors & Fragrances,Materials,Specialty Chemicals,63.24,86.24,59.55,64.36,66.04,66.52,64.5,70.36,-0.1,11.4,70.45,62.59
IP,International Paper,Materials,Paper & Plastic Packaging Products & Materials,38.75,57.74,35.6,38.6,38.75,38.18,41.06,45.94,-0.2,4.34,40.43,35.92
INTU,Intuit,Information Technology,Application Software,669.72,805.92,541.4,664.03,657.18,652.28,657.84,676.58,0.0,1.44,679.36,625.18
ISRG,Intuitive Surgical,Health Care,Health Care Equipment,541.87,610.45,429.59,554.03,561.89,561.77,527.17,508.05,-0.2,7.69,583.54,540.0
IVZ,Invesco,Financials,Asset Management & Custody Banks,26.24,27.0,11.76,26.5,25.73,24.59,23.8,18.75,0.2,4.61,27.45,21.72
INVH,Invitation Homes,Real Estate,Single-Family Residential REITs,26.33,34.81,26.09,26.42,27.0,27.49,28.02,30.93,0.0,9.65,28.87,26.11
IQV,IQVIA,Health Care,Life Sciences Tools & Services,221.55,231.92,137.0,222.42,224.42,223.98,216.47,181.29,0.0,5.48,233.69,214.28
IRM,Iron Mountain,Real Estate,Other Specialized REITs,83.3,109.59,75.72,85.27,84.56,85.63,96.17,93.88,0.0,8.13,90.07,81.19
JBHT,J.B. Hunt,Industrials,Cargo Ground Transportation,197.6,199.55,123.62,194.99,190.43,178.04,166.91,148.15,0.0,3.9,205.31,150.76
JBL,Jabil,Information Technology,Electronic Manufacturing Services,221.04,234.36,116.73,227.75,221.36,211.16,209.9,189.88,0.2,6.46,235.32,187.0
JKHY,Jack Henry & Associates,Financials,Transaction & Payment Processing Services,187.21,189.36,145.77,184.09,180.49,174.39,162.41,168.81,-0.1,1.27,189.59,159.2
J,Jacobs Solutions,Industrials,Construction & Engineering,135.67,164.04,108.92,137.0,137.22,138.23,149.03,135.9,0.0,11.9,151.81,124.66
JNJ,Johnson & Johnson,Health Care,Pharmaceuticals,211.58,211.58,137.84,205.94,205.02,203.67,194.81,169.22,0.0,0.06,211.71,195.65
JCI,Johnson Controls,Industrials,Building Products,114.58,122.66,70.88,115.84,115.21,115.2,113.87,101.07,0.0,2.97,117.98,112.42
JPM,JPMorgan Chase,Financials,Diversified Banks,317.77,320.41,208.26,312.2,312.11,307.29,306.76,279.06,0.0,1.01,320.98,293.61
K,Kellanova,Consumer Staples,Packaged Foods & Meats,83.44,83.45,76.43,83.38,83.25,83.04,82.68,80.36,-0.2,0.1,83.52,82.56
KVUE,Kenvue,Consumer Staples,Personal Care Products,17.35,23.7,13.93,17.15,17.07,16.85,16.06,19.96,0.1,1.84,17.67,16.04
KDP,Keurig Dr Pepper,Consumer Staples,Soft Drinks & Non-alcoholic Beverages,29.5,35.14,25.3,29.31,28.85,28.09,27.36,30.97,0.1,1.12,29.83,26.35
KEY,KeyCorp,Financials,Regional Banks,20.55,20.69,12.78,20.23,19.49,18.52,17.91,16.85,0.0,1.75,20.91,16.13
KEYS,Keysight Technologies,Information Technology,Electronic Equipment & Instruments,208.5,214.14,127.02,211.1,208.06,194.71,181.56,164.65,0.2,8.32,225.85,163.58
KMB,Kimberly-Clark,Consumer Staples,Household Products,103.19,142.87,98.85,102.9,103.89,103.85,109.58,125.02,0.2,4.13,107.45,100.25
KIM,Kimco Realty,Real Estate,Retail REITs,20.14,23.46,18.04,20.0,20.07,20.07,20.62,20.64,0.0,1.74,20.49,19.66
KMI,Kinder Morgan,Energy,Oil & Gas Storage & Transportation,26.75,29.9,24.4,26.95,27.17,27.07,26.85,26.84,0.0,3.81,27.77,26.37
KKR,KKR & Co.,Financials,Asset Management & Custody Banks,136.52,166.13,92.38,137.37,131.61,124.82,122.61,126.3,0.1,4.03,142.02,107.62
KLAC,KLA Corporation,Information Technology,Semiconductor Materials & Equipment,1187.58,1246.18,572.94,1224.57,1210.42,1173.88,1156.66,906.85,0.0,6.28,1262.16,1085.55
KHC,Kraft Heinz,Consumer Staples,Packaged Foods & Meats,24.43,30.79,23.35,24.38,24.62,24.7,24.65,26.35,0.1,4.18,25.45,23.94
KR,Kroger,Consumer Staples,Food Retail,63.15,73.58,57.2,62.58,63.95,65.19,65.79,67.43,-0.2,9.61,69.22,61.16
LHX,L3Harris,Industrials,Aerospace & Defense,287.37,305.49,190.99,284.44,280.52,281.02,287.46,254.95,0.0,1.39,291.36,270.66
LH,Labcorp,Health Care,Health Care Services,263.68,290.15,210.49,261.68,262.77,263.5,267.13,256.21,0.2,2.59,270.51,256.49
LRCX,Lam Research,Information Technology,Semiconductor Materials & Equipment,159.37,168.71,58.73,164.98,161.29,154.7,152.13,106.04,0.0,7.34,171.07,138.32
LW,Lamb Weston,Consumer Staples,Packaged Foods & Meats,59.42,80.24,47.44,59.13,59.41,58.35,61.16,55.24,0.0,3.23,61.34,55.37
LVS,Las Vegas Sands,Consumer Discretionary,Casinos & Gaming,64.58,69.49,30.23,66.15,66.83,66.24,60.2,48.91,0.2,7.49,69.42,63.06
LDOS,Leidos,Industrials,Diversified Support Services,190.2,199.55,125.82,187.92,188.28,188.66,190.63,165.55,0.0,1.44,192.94,184.39
LEN,Lennar,Consumer Discretionary,Homebuilding,118.55,150.54,101.41,119.13,123.94,123.09,123.41,117.88,0.0,14.09,135.25,110.93
LII,Lennox International,Industrials,Building Products,506.29,662.88,444.26,506.17,502.4,485.42,500.93,552.89,0.0,4.52,529.17,441.64
LLY,Lilly (Eli),Health Care,Pharmaceuticals,1024.37,1109.94,623.36,1001.44,1016.96,1037.96,933.73,812.1,0.2,7.9,1105.3,970.64
LIN,Linde plc,Materials,Industrial Gases,416.14,481.82,389.38,398.38,401.73,406.31,426.6,452.23,0.2,1.58,422.72,389.93
LYV,Live Nation Entertainment,Communication Services,Movies & Entertainment,143.04,174.06,115.79,140.18,137.55,134.12,143.56,144.69,0.2,0.64,143.96,124.3
LKQ,LKQ Corporation,Consumer Discretionary,Distributors,30.95,42.58,28.17,29.85,29.55,29.54,29.89,34.7,0.0,-0.23,30.88,28.2
LMT,Lockheed Martin,Industrials,Aerospace & Defense,479.27,510.37,404.69,470.87,458.27,458.68,474.15,458.4,-0.2,0.34,480.9,436.44
L,Loews Corporation,Financials,Multi-line Insurance,104.23,108.26,80.73,103.09,104.12,105.12,102.59,93.61,0.2,4.42,108.84,101.4
LOW,Lowe's,Consumer Discretionary,Home Improvement Retail,246.9,271.68,208.44,245.73,245.98,238.72,238.49,233.89,0.2,3.9,256.53,220.9
LULU,Lululemon Athletica,Consumer Discretionary,"Apparel, Accessories & Luxury Goods",207.79,421.16,159.87,189.55,186.85,178.97,174.4,231.12,0.1,-3.55,200.41,157.53
LYB,LyondellBasell,Materials,Specialty Chemicals,44.54,71.62,41.19,43.99,44.82,44.4,44.61,53.23,0.2,8.82,48.47,40.34
MTB,M&T Bank,Financials,Regional Banks,203.28,205.75,153.05,201.44,197.47,191.19,186.31,183.27,0.0,1.63,206.59,175.77
MPC,Marathon Petroleum,Energy,Oil & Gas Refining & Marketing,185.55,199.13,116.64,188.87,190.33,191.78,190.46,166.77,0.2,7.13,198.78,184.78
MAR,Marriott International,Consumer Discretionary,"Hotels, Resorts & Cruise Lines",298.73,306.65,209.55,290.76,295.71,293.91,279.89,262.89,0.0,4.24,311.4,276.41
MMC,Marsh McLennan,Financials,Insurance Brokers,185.88,242.13,176.58,182.63,182.94,181.9,186.48,209.06,0.2,-0.02,185.84,177.97
MLM,Martin Marietta Materials,Materials,Construction Materials,629.37,655.98,450.65,623.81,620.13,611.91,618.55,566.69,-0.2,1.27,637.36,586.43
MAS,Masco,Industrials,Building Products,63.89,80.35,57.89,63.12,63.68,62.61,64.59,66.26,0.0,4.12,66.52,58.7
MA,Mastercard,Financials,Transaction & Payment Processing Services,570.18,598.17,477.88,550.08,548.18,543.52,554.9,558.44,0.0,-1.07,564.08,522.98
MTCH,Match Group,Communication Services,Interactive Media & Services,33.16,38.56,26.72,33.66,33.78,33.03,32.85,32.45,0.2,5.43,34.96,31.1
MKC,McCormick & Company,Consumer Staples,Packaged Foods & Meats,66.87,83.15,63.3,64.84,64.69,65.66,65.76,71.11,0.0,2.81,68.75,62.56
MCD,McDonald's,Consumer Discretionary,Restaurants,317.06,317.06,273.36,311.58,308.97,307.18,303.38,302.6,0.2,-0.48,315.54,298.83
MCK,McKesson Corporation,Health Care,Health Care Distributors,814.96,888.45,560.41,807.31,815.13,839.68,816.56,726.67,0.0,10.21,898.17,781.18
MDT,Medtronic,Health Care,Health Care Equipment,99.75,105.35,77.44,100.55,101.74,101.05,97.05,90.13,0.2,6.73,106.46,95.64
MRK,Merck & Co.,Health Care,Pharmaceuticals,99.76,105.66,72.03,98.44,99.8,99.17,91.74,84.13,0.2,6.64,106.38,91.96
META,Meta Platforms,Communication Services,Interactive Media & Services,644.35,789.47,483.96,654.19,653.35,632.36,667.47,670.6,0.4,6.32,685.07,579.61
MET,MetLife,Financials,Life & Health Insurance,81.86,84.55,66.92,79.97,78.66,77.19,78.32,77.64,0.0,-0.34,81.58,72.79
MTD,Mettler Toledo,Health Care,Life Sciences Tools & Services,1393.67,1506.02,970.15,1394.78,1416.17,1427.29,1398.33,1245.16,0.2,7.79,1502.24,1352.37
MGM,MGM Resorts,Consumer Discretionary,Casinos & Gaming,37.35,40.37,25.79,36.64,36.1,34.36,33.16,33.72,-0.1,3.37,38.61,30.11
MCHP,Microchip Technology,Information Technology,Semiconductors,69.09,74.07,34.52,67.4,62.9,57.15,60.3,59.58,-0.2,3.3,71.37,42.93
MU,Micron Technology,Information Technology,Semiconductors,240.38,263.71,64.62,252.38,243.99,235.35,222.22,137.55,0.0,10.3,265.14,205.56
MSFT,Microsoft,Information Technology,Systems Software,478.1,541.06,352.67,484.63,484.16,485.78,504.01,470.45,0.0,5.6,504.87,466.67
MAA,Mid-America Apartment Communities,Real Estate,Multi-Family Residential REITs,131.76,165.69,126.28,131.63,132.78,132.68,132.02,144.88,-0.1,3.69,136.62,128.73
MRNA,Moderna,Health Care,Biotechnology,29.86,47.53,22.36,28.95,27.13,25.8,26.12,27.54,-0.2,0.47,30.0,21.6
MHK,Mohawk Industries,Consumer Discretionary,Home Furnishings,112.28,139.75,97.99,110.38,111.98,110.42,115.53,114.78,-0.2,5.71,118.69,102.15
MOH,Molina Healthcare,Health Care,Managed Health Care,169.12,353.24,134.51,161.79,155.14,148.49,163.01,233.74,0.2,-1.18,167.12,129.85
TAP,Molson Coors Beverage Company,Consumer Staples,Brewers,47.67,61.12,42.77,46.68,46.19,45.91,45.5,50.39,0.3,-0.63,47.37,44.45
MDLZ,Mondelez International,Consumer Staples,Packaged Foods & Meats,53.79,70.19,53.79,54.29,55.32,55.86,58.3,63.14,-0.2,7.81,57.99,53.73
MPWR,Monolithic Power Systems,Information Technology,Semiconductors,941.75,1105.05,453.43,969.76,960.34,927.32,970.2,773.02,-0.2,6.82,1005.98,848.62
MNST,Monster Beverage,Consumer Staples,Soft Drinks & Non-alcoholic Beverages,74.03,75.95,46.16,73.58,73.95,73.51,70.65,63.45,0.2,2.55,75.92,71.1
MCO,Moody's Corporation,Financials,Financial Exchanges & Data,484.89,523.49,394.44,484.78,487.7,483.17,482.8,480.05,0.0,2.66,497.79,468.55
MS,Morgan Stanley,Financials,Investment Banking & Brokerage,178.1,180.29,97.76,178.75,175.64,169.23,164.1,139.82,0.2,3.41,184.17,154.28
MOS,Mosaic Company (The),Materials,Fertilizers & Agricultural Chemicals,26.23,37.21,22.27,24.52,24.32,24.27,27.09,30.51,0.4,-2.06,25.69,22.85
MSI,Motorola Solutions,Information Technology,Communications Equipment,364.29,489.19,364.29,369.16,371.83,371.64,406.39,425.59,0.2,4.1,379.23,364.05
MSCI,MSCI Inc.,Financials,Financial Exchanges & Data,548.63,628.02,501.79,542.11,544.22,552.49,557.28,556.61,-0.4,4.29,572.17,532.83
NDAQ,"Nasdaq, Inc.",Financials,Financial Exchanges & Data,93.35,96.38,65.81,91.93,90.53,89.01,88.24,85.24,0.2,0.42,93.74,84.28
NTAP,NetApp,Information Technology,"Technology Hardware, Storage & Peripherals",115.54,125.81,75.4,117.77,116.49,112.28,114.86,104.69,0.0,5.43,121.81,102.75
NFLX,Netflix,Communication Services,Movies & Entertainment,95.41,133.91,82.84,95.14,100.16,104.11,110.77,113.34,-0.2,21.81,116.22,92.01
NEM,Newmont,Materials,Gold,98.18,99.42,36.38,95.02,92.75,89.7,87.61,66.34,0.0,0.2,98.38,81.03
NWSA,News Corp (Class A),Communication Services,Publishing,26.24,31.03,23.89,26.03,25.83,25.63,26.14,27.77,0.2,0.57,26.39,24.87
NWS,News Corp (Class B),Communication Services,Publishing,29.67,35.06,27.33,29.5,29.32,29.12,29.73,31.73,0.0,0.98,29.96,28.28
NEE,NextEra Energy,Utilities,Multi-Utilities,81.71,86.29,62.68,80.88,82.51,83.47,83.18,73.47,0.2,6.36,86.91,80.03
NKE,"Nike, Inc.",Consumer Discretionary,"Apparel, Accessories & Luxury Goods",67.43,79.84,52.31,65.57,65.53,64.12,65.19,66.77,0.0,0.56,67.81,60.43
NI,NiSource,Utilities,Multi-Utilities,41.4,44.13,34.46,41.44,41.82,42.48,42.86,40.5,0.0,6.59,44.13,40.83
NDSN,Nordson Corporation,Industrials,Industrial Machinery & Supplies & Components,233.83,245.88,166.29,234.49,236.0,234.04,233.67,214.9,0.0,3.46,241.92,226.17
NSC,Norfolk Southern,Industrials,Rail Transportation,297.09,298.97,203.11,293.59,293.29,289.08,287.37,260.93,0.2,0.89,299.73,278.44
NTRS,Northern Trust,Financials,Asset Management & Custody Banks,138.32,140.09,82.84,136.57,133.97,130.36,128.71,116.26,0.2,1.07,139.8,120.92
NOC,Northrop Grumman,Industrials,Aerospace & Defense,570.17,635.37,426.05,557.95,553.75,558.79,579.11,534.92,0.2,0.6,573.59,544.0
NCLH,Norwegian Cruise Line Holdings,Consumer Discretionary,"Hotels, Resorts & Cruise Lines",20.86,29.07,15.5,19.7,19.2,18.6,20.65,20.93,0.4,-2.64,20.31,16.9
NRG,NRG Energy,Utilities,Independent Power Producers & Energy Traders,161.49,178.04,82.84,166.23,166.0,165.6,167.07,144.17,0.0,6.36,171.76,159.44
NUE,Nucor,Materials,Steel,166.57,166.57,102.37,161.56,161.63,156.21,147.24,133.23,0.0,1.51,169.09,143.34
NVDA,Nvidia,Information Technology,Semiconductors,175.72,207.03,94.29,182.19,181.77,181.97,186.85,156.06,0.0,7.53,188.95,174.99
NVR,"NVR, Inc.",Consumer Discretionary,Homebuilding,7500.88,8848.69,6700.0,7454.61,7512.84,7408.35,7465.81,7514.74,-0.2,3.15,7737.16,7079.49
NXPI,NXP Semiconductors,Information Technology,Semiconductors,229.11,241.33,151.41,229.35,223.84,207.15,210.64,208.45,0.0,6.27,243.48,170.83
ORLY,O’Reilly Automotive,Consumer Discretionary,Automotive Retail,94.35,107.82,78.66,94.86,97.24,98.54,98.71,96.09,-0.2,9.71,103.51,93.57
OXY,Occidental Petroleum,Energy,Oil & Gas Exploration & Production,41.12,51.56,35.51,41.3,41.71,41.6,41.71,43.09,0.0,3.6,42.6,40.61
ODFL,Old Dominion,Industrials,Cargo Ground Transportation,158.7,207.79,126.04,155.1,151.57,141.54,139.7,152.83,0.1,3.33,163.98,119.11
OMC,Omnicom Group,Communication Services,Advertising,79.96,88.93,68.6,76.77,74.29,73.55,75.39,74.94,0.0,-1.39,78.85,68.24
ON,ON Semiconductor,Information Technology,Semiconductors,54.85,67.97,31.95,55.51,54.61,50.9,50.58,48.28,0.2,7.89,59.18,42.61
OKE,Oneok,Energy,Oil & Gas Storage & Transportation,73.55,104.36,64.31,74.17,74.5,72.45,69.85,77.42,0.1,4.83,77.1,67.8
ORCL,Oracle Corporation,Information Technology,Application Software,189.85,327.76,122.35,210.75,209.55,209.89,247.15,212.42,0.0,21.8,231.24,188.54
OTIS,Otis Worldwide,Industrials,Industrial Machinery & Supplies & Components,88.02,102.87,84.13,87.36,87.25,87.57,89.49,92.74,0.0,1.27,89.14,86.0
PCAR,Paccar,Industrials,Construction Machinery & Heavy Transportation Equipment,111.67,113.48,85.53,111.31,109.38,104.77,100.27,96.92,0.2,4.24,116.4,93.13
PKG,Packaging Corporation of America,Materials,Paper & Plastic Packaging Products & Materials,204.92,237.61,173.82,200.61,199.19,198.59,202.28,198.02,-0.2,0.9,206.76,190.42
PLTR,Palantir Technologies,Information Technology,Application Software,182.96,207.18,64.98,184.35,179.57,172.22,179.45,144.41,-0.2,4.54,191.27,153.16
PANW,Palo Alto Networks,Information Technology,Systems Software,191.8,221.38,152.44,193.1,193.12,192.69,205.11,192.15,-0.2,7.12,205.46,179.93
PSKY,Paramount Skydance Corporation,Communication Services,Movies & Entertainment,13.81,19.73,10.05,14.37,14.63,15.17,16.0,13.73,0.0,20.93,16.7,13.63
PH,Parker Hannifin,Industrials,Industrial Machinery & Supplies & Components,883.11,899.13,513.45,882.82,875.2,855.86,805.08,707.12,0.2,2.43,904.57,807.12
PAYX,Paychex,Industrials,Human Resource & Employment Services,115.59,157.06,108.46,113.66,112.68,111.7,116.85,136.05,0.4,-0.49,115.02,108.37
PAYC,Paycom,Industrials,Human Resource & Employment Services,166.27,264.67,159.21,164.56,164.3,163.04,179.54,215.48,0.2,0.75,167.52,158.58
PYPL,PayPal,Financials,Transaction & Payment Processing Services,61.83,91.6,57.28,61.32,61.73,61.37,65.94,68.41,0.0,2.77,63.54,59.2
PNR,Pentair,Industrials,Industrial Machinery & Supplies & Components,105.88,112.34,75.59,104.63,104.9,104.37,107.0,100.39,0.0,1.48,107.45,101.29
PEP,PepsiCo,Consumer Staples,Soft Drinks & Non-alcoholic Beverages,149.7,152.79,124.61,147.74,147.11,146.36,145.9,139.47,0.0,0.04,149.76,142.95
PFE,Pfizer,Health Care,Pharmaceuticals,25.79,26.9,20.47,25.69,25.62,25.42,24.93,23.86,0.0,1.67,26.22,24.63
PCG,PG&E Corporation,Utilities,Multi-Utilities,15.16,20.3,12.98,15.0,15.19,15.59,16.03,15.68,-0.2,9.23,16.56,14.63
PM,Philip Morris International,Consumer Staples,Tobacco,153.3,181.86,114.18,150.54,151.16,153.23,153.55,162.17,-0.2,3.99,159.42,147.03
PSX,Phillips 66,Energy,Oil & Gas Refining & Marketing,141.59,143.81,90.32,141.55,140.37,137.97,134.9,122.85,0.2,2.1,144.56,131.36
PNW,Pinnacle West Capital,Utilities,Multi-Utilities,87.47,92.82,78.54,87.02,87.78,88.62,89.52,89.26,0.0,3.94,90.92,86.32
PNC,PNC Financial Services,Financials,Diversified Banks,210.48,211.49,145.61,205.75,200.73,193.38,188.2,181.97,0.0,0.68,211.91,174.84
POOL,Pool Corporation,Consumer Discretionary,Distributors,240.43,369.6,230.21,238.31,240.7,240.0,263.84,297.6,-0.2,3.19,248.1,231.89
PPG,PPG Industries,Materials,Specialty Chemicals,103.22,121.09,89.82,101.25,100.94,99.08,99.18,106.08,-0.2,0.87,104.12,94.03
PPL,PPL Corporation,Utilities,Electric Utilities,33.96,37.66,30.6,33.57,34.03,35.06,36.08,35.0,-0.2,10.19,37.42,32.69
PFG,Principal Financial Group,Financials,Life & Health Insurance,90.11,91.54,67.57,89.39,87.35,85.09,82.61,78.85,0.2,1.19,91.18,79.0
PG,Procter & Gamble,Consumer Staples,Personal Care Products,142.76,172.77,138.34,140.26,143.01,145.43,147.61,156.18,0.0,6.61,152.2,138.66
PGR,Progressive Corporation,Financials,Property & Casualty Insurance,234.65,290.89,203.7,227.48,227.12,226.59,224.44,252.99,0.1,-1.02,232.26,220.93
PLD,Prologis,Real Estate,Industrial REITs,130.02,130.56,88.13,128.88,128.76,126.98,124.1,111.44,0.2,1.52,132.0,121.97
PRU,Prudential Financial,Financials,Life & Health Insurance,116.84,117.05,91.53,114.33,111.92,108.8,104.72,103.02,0.0,0.21,117.09,100.51
PEG,Public Service Enterprise Group,Utilities,Electric Utilities,78.95,88.72,75.32,78.68,79.34,80.44,81.22,80.75,-0.2,5.38,83.2,77.67
PTC,PTC Inc.,Information Technology,Application Software,176.24,216.53,136.74,175.5,175.82,174.6,187.51,181.65,-0.2,1.92,179.62,169.58
PSA,Public Storage,Real Estate,Self-Storage REITs,274.61,311.8,260.94,270.04,272.14,271.44,283.53,287.22,0.2,1.45,278.59,264.29
PHM,PulteGroup,Consumer Discretionary,Homebuilding,126.14,141.19,91.67,125.91,126.85,123.12,122.72,114.27,0.2,6.32,134.11,112.13
PWR,Quanta Services,Industrials,Construction & Engineering,437.39,466.91,236.5,457.51,457.6,449.75,442.51,366.94,0.0,8.88,476.23,423.25
QCOM,Qualcomm,Information Technology,Semiconductors,178.57,186.73,122.59,178.67,175.37,170.08,170.07,156.35,0.2,2.66,183.32,156.85
DGX,Quest Diagnostics,Health Care,Health Care Services,181.57,192.35,148.06,181.01,182.73,185.54,183.33,175.9,0.2,6.3,193.01,178.08
Q,Qnity Electronics,Information Technology,Semiconductor Materials & Equipment,78.51,,,83.78,82.2,80.38,,,0.3,11.12,87.24,73.52
RL,Ralph Lauren Corporation,Consumer Discretionary,"Apparel, Accessories & Luxury Goods",370.12,371.22,181.18,361.48,361.27,352.37,336.28,283.75,0.2,3.68,383.74,320.99
RJF,Raymond James Financial,Financials,Investment Banking & Brokerage,163.18,175.92,122.89,164.63,161.91,158.55,160.84,154.49,0.0,2.68,167.55,149.55
RTX,RTX Corporation,Industrials,Aerospace & Defense,178.28,178.73,112.01,174.77,172.16,172.68,171.31,148.98,0.2,-0.11,178.08,167.28
O,Realty Income,Real Estate,Retail REITs,57.56,60.07,48.92,57.16,57.55,57.09,57.72,56.29,0.0,1.51,58.43,55.76
REG,Regency Centers,Real Estate,Retail REITs,67.81,75.5,64.21,67.69,68.7,69.46,70.36,70.61,0.0,6.24,72.04,66.89
REGN,Regeneron Pharmaceuticals,Health Care,Biotechnology,736.77,787.32,481.73,721.12,726.26,734.57,660.15,597.84,0.2,7.44,791.59,677.58
RF,Regions Financial Corporation,Financials,Regional Banks,27.58,27.84,17.76,27.12,26.52,25.52,24.83,23.35,0.0,1.27,27.93,23.11
RSG,Republic Services,Industrials,Environmental & Facilities Services,213.59,256.75,198.59,210.62,212.68,214.1,215.21,232.82,0.0,3.29,220.62,207.58
RMD,ResMed,Health Care,Health Care Equipment,250.7,293.03,203.19,250.23,250.99,250.11,257.18,252.26,0.0,2.85,257.84,242.36
RVTY,Revvity,Health Care,Health Care Equipment,100.35,126.56,82.44,101.27,101.81,99.74,95.91,95.21,0.0,8.43,108.81,90.67
HOOD,Robinhood Markets,Financials,Investment Banking & Brokerage,119.22,152.46,34.17,130.08,130.23,123.7,132.44,92.52,0.2,19.49,142.46,104.93
ROK,Rockwell Automation,Industrials,Electrical Components & Equipment,405.27,413.05,216.41,406.28,402.11,390.92,371.28,322.63,0.2,3.5,419.45,362.39
ROL,"Rollins, Inc.",Industrials,Environmental & Facilities Services,59.76,61.5,45.1,59.31,60.1,59.97,58.28,56.22,0.0,4.22,62.28,57.66
ROP,Roper Technologies,Information Technology,Electronic Equipment & Instruments,445.89,591.12,439.64,444.27,444.73,444.64,465.27,529.74,-0.2,0.78,449.37,439.9
ROST,Ross Stores,Consumer Discretionary,Apparel Retail,181.97,183.13,121.95,180.35,178.77,173.17,163.45,144.74,0.0,4.02,189.29,157.06
RCL,Royal Caribbean Group,Consumer Discretionary,"Hotels, Resorts & Cruise Lines",279.5,364.72,176.89,264.06,263.47,260.62,279.86,276.97,0.4,-0.39,278.41,242.83
SPGI,S&P Global,Financials,Financial Exchanges & Data,501.52,562.06,435.88,494.65,495.51,493.73,489.22,506.8,-0.1,0.03,501.67,485.78
CRM,Salesforce,Information Technology,Application Software,262.83,358.19,225.37,261.99,252.42,241.92,245.77,257.83,0.0,2.73,270.01,213.83
SBAC,SBA Communications,Real Estate,Telecom Tower REITs,190.89,239.71,186.46,190.64,189.57,192.41,192.9,212.56,0.0,4.19,198.89,185.94
SLB,Schlumberger,Energy,Oil & Gas Equipment & Services,39.37,42.4,31.19,39.24,38.27,36.97,35.61,35.16,0.2,2.18,40.23,33.71
STX,Seagate Technology,Information Technology,"Technology Hardware, Storage & Peripherals",284.32,307.85,65.98,291.87,279.94,268.71,253.65,161.94,0.0,6.68,303.31,234.1
SRE,Sempra,Utilities,Multi-Utilities,88.68,94.03,62.32,88.26,89.19,90.51,91.19,79.22,-0.2,6.0,94.0,87.02
NOW,ServiceNow,Information Technology,Systems Software,867.26,1170.39,721.65,859.35,846.93,833.01,876.06,912.46,0.0,0.75,873.76,792.22
SHW,Sherwin-Williams,Materials,Specialty Chemicals,328.51,374.36,311.42,326.47,331.9,333.22,335.9,344.63,0.0,5.53,346.68,319.77
SPG,Simon Property Group,Real Estate,Retail REITs,181.97,185.39,135.26,180.44,180.66,180.65,178.45,165.75,-0.2,1.24,184.23,177.06
SWKS,Skyworks Solutions,Information Technology,Semiconductors,66.93,90.17,47.71,68.35,68.35,65.88,70.32,69.18,0.2,6.93,71.57,60.2
SJM,J.M. Smucker Company (The),Consumer Staples,Packaged Foods & Meats,101.43,115.07,92.55,100.42,100.63,102.73,103.52,106.45,0.0,6.66,108.19,97.27
SW,Smurfit Westrock,Materials,Paper & Plastic Packaging Products & Materials,37.1,54.52,32.79,36.73,36.24,35.24,37.92,42.32,0.2,2.35,37.97,32.5
SNA,Snap-on,Industrials,Industrial Machinery & Supplies & Components,349.63,351.49,286.43,347.98,345.66,339.21,338.14,324.43,0.0,1.64,355.36,323.08
SOLS,Solstice Advanced Materials,Materials,Specialty Chemicals,49.98,,,48.68,47.94,46.13,,,-0.1,2.3,51.13,41.14
SOLV,Solventum,Health Care,Health Care Technology,82.69,85.77,63.01,82.02,83.72,82.27,75.75,73.43,0.2,7.67,89.03,75.5
SO,Southern Company,Utilities,Electric Utilities,84.43,98.91,78.34,84.86,86.39,88.09,91.8,90.33,0.0,9.5,92.45,83.73
LUV,Southwest Airlines,Industrials,Passenger Airlines,41.17,41.17,23.77,39.57,37.74,35.37,33.48,31.83,0.0,0.34,41.31,29.43
SWK,Stanley Black & Decker,Industrials,Industrial Machinery & Supplies & Components,75.62,86.37,53.89,74.45,73.13,69.38,68.76,68.99,0.1,4.24,78.83,59.94
SBUX,Starbucks,Consumer Discretionary,Restaurants,85.3,113.43,77.9,83.92,84.69,84.67,83.63,87.46,-0.3,2.44,87.38,81.96
STT,State Street Corporation,Financials,Asset Management & Custody Banks,127.5,129.6,74.25,127.25,123.98,119.61,117.57,103.95,0.2,2.16,130.25,108.96
STLD,Steel Dynamics,Materials,Steel,171.9,173.01,108.4,169.54,168.78,163.97,156.04,135.29,0.2,2.75,176.63,151.32
STE,Steris,Health Care,Health Care Equipment,251.37,267.99,200.94,256.28,258.73,259.93,250.74,238.11,0.0,6.91,268.74,251.13
SYK,Stryker Corporation,Health Care,Health Care Equipment,352.97,402.61,335.89,354.72,361.41,364.0,367.08,375.33,0.0,7.27,378.63,349.36
SMCI,Supermicro,Information Technology,"Technology Hardware, Storage & Peripherals",32.41,60.71,26.85,34.34,34.06,33.8,43.3,42.86,0.0,11.57,36.16,31.45
SYF,Synchrony Financial,Financials,Consumer Finance,83.92,85.66,43.2,82.98,81.18,77.56,74.6,65.46,0.0,2.75,86.23,68.9
SNPS,Synopsys,Information Technology,Application Software,455.96,645.35,380.9,468.13,462.52,429.17,436.96,488.3,0.0,9.56,499.55,358.79
SYY,Sysco,Consumer Staples,Food Distributors,74.36,82.73,67.09,73.49,73.77,74.7,76.15,75.44,0.0,3.74,77.14,72.26
TMUS,T-Mobile US,Communication Services,Wireless Telecommunication Services,194.96,269.54,194.96,198.28,203.43,206.61,213.39,235.89,-0.2,11.81,217.98,195.23
TROW,T. Rowe Price,Financials,Asset Management & Custody Banks,104.63,115.8,78.24,104.61,104.45,102.11,103.1,98.15,-0.2,3.18,107.96,96.26
TTWO,Take-Two Interactive,Communication Services,Interactive Home Entertainment,241.91,262.29,178.61,245.27,246.29,242.62,248.9,233.36,0.2,4.33,252.38,232.85
TPR,"Tapestry, Inc.",Consumer Discretionary,"Apparel, Accessories & Luxury Goods",122.88,123.49,59.9,119.92,116.27,110.53,110.83,93.45,0.0,1.19,124.34,96.72
TRGP,Targa Resources,Energy,Oil & Gas Storage & Transportation,183.04,212.51,145.33,183.01,180.0,175.56,164.83,167.91,0.1,1.9,186.52,164.62
TGT,Target Corporation,Consumer Staples,Consumer Staples Merchandise Retail,97.0,136.48,83.68,95.05,93.18,90.38,90.36,94.98,0.1,0.56,97.54,83.23
TEL,TE Connectivity,Information Technology,Electronic Manufacturing Services,230.96,249.0,121.04,237.91,234.34,230.32,232.06,187.08,0.0,6.29,245.49,215.15
TDY,Teledyne Technologies,Information Technology,Electronic Equipment & Instruments,517.53,593.62,435.54,516.7,511.6,504.08,528.11,517.29,0.2,1.66,526.12,482.04
TER,Teradyne,Information Technology,Semiconductor Materials & Equipment,192.93,204.01,67.74,200.77,196.79,182.31,167.03,113.07,0.2,11.38,214.89,149.73
TSLA,"Tesla, Inc.",Consumer Discretionary,Automobile Manufacturers,456.14,479.86,221.86,447.85,445.49,427.68,435.53,346.07,-0.2,2.93,469.5,385.84
TXN,Texas Instruments,Information Technology,Semiconductors,179.24,217.72,142.07,180.61,179.17,169.49,169.0,179.64,0.1,6.37,190.66,148.33
TPL,Texas Pacific Land Corporation,Energy,Oil & Gas Exploration & Production,846.02,1423.41,846.02,882.76,889.17,896.47,922.78,1067.07,0.0,15.29,975.38,817.59
TXT,Textron,Industrials,Aerospace & Defense,87.29,87.34,60.69,85.51,84.23,82.75,82.36,78.02,0.2,-0.32,87.01,78.5
TMO,Thermo Fisher Scientific,Health Care,Life Sciences Tools & Services,570.91,605.06,389.91,570.98,574.89,578.64,564.65,481.49,-0.2,4.48,596.49,560.82
TJX,TJX Companies,Consumer Discretionary,Apparel Retail,156.05,156.05,111.77,154.94,152.95,150.9,145.95,132.19,0.0,1.0,157.61,144.18
TKO,TKO Group Holdings,Communication Services,Movies & Entertainment,206.86,206.86,138.12,201.81,199.56,192.52,189.58,173.39,0.2,1.39,209.74,175.3
TTD,Trade Desk (The),Communication Services,Advertising,36.74,135.02,36.74,38.35,38.93,39.34,45.73,58.6,0.0,13.09,41.55,37.14
TSCO,Tractor Supply,Consumer Discretionary,Other Specialty Retail,52.04,62.38,47.42,52.48,53.18,53.4,54.13,54.34,0.0,6.28,55.31,51.49
TT,Trane Technologies,Industrials,Building Products,391.13,471.46,313.81,397.98,402.72,407.65,418.57,405.07,-0.4,8.33,423.71,391.59
TDG,TransDigm Group,Industrials,Aerospace & Defense,1299.26,1516.55,1152.5,1316.97,1332.76,1338.74,1314.86,1325.64,-0.1,5.68,1373.06,1304.43
TRV,Travelers Companies (The),Financials,Property & Casualty Insurance,284.5,293.36,228.7,280.51,282.4,285.33,278.01,266.31,0.2,3.5,294.46,276.2
TRMB,Trimble Inc.,Information Technology,Electronic Equipment & Instruments,80.71,85.24,55.12,81.94,82.18,80.03,79.6,75.21,0.2,6.15,85.67,74.38
TFC,Truist Financial,Financials,Diversified Banks,49.69,49.7,33.53,48.92,48.01,46.62,44.81,42.04,0.0,0.78,50.08,43.15
TYL,Tyler Technologies,Information Technology,Application Software,454.89,646.74,453.04,455.59,460.28,463.18,480.12,544.25,0.0,4.46,475.18,451.16
TSN,Tyson Foods,Consumer Staples,Packaged Foods & Meats,59.81,62.13,50.27,57.83,57.47,56.01,53.69,55.31,0.1,1.24,60.55,51.48
USB,U.S. Bancorp,Financials,Diversified Banks,53.48,53.58,35.62,52.72,51.62,49.52,48.04,44.83,0.0,1.91,54.5,44.55
UBER,Uber,Industrials,Passenger Ground Transportation,85.26,100.1,59.93,87.3,88.36,87.78,91.98,87.53,-0.2,10.39,94.12,81.43
UDR,"UDR, Inc.",Real Estate,Multi-Family Residential REITs,35.5,44.54,33.56,35.23,35.47,35.37,35.33,38.75,-0.1,3.1,36.6,34.14
ULTA,Ulta Beauty,Consumer Discretionary,Other Specialty Retail,598.43,602.97,314.47,596.95,576.04,546.29,537.12,470.81,0.2,3.56,619.73,472.86
UNP,Union Pacific Corporation,Industrials,Rail Transportation,239.34,248.49,204.53,235.58,234.39,229.02,225.26,223.62,0.0,1.01,241.76,216.28
UAL,United Airlines Holdings,Industrials,Passenger Airlines,107.1,110.52,56.15,106.68,105.71,100.28,98.58,87.8,0.2,5.62,113.12,87.45
UPS,United Parcel Service,Industrials,Air Freight & Logistics,100.54,127.5,81.17,98.64,97.18,95.53,91.25,93.14,0.3,-0.02,100.52,90.54
URI,United Rentals,Industrials,Trading Companies & Distributors,816.69,1017.86,548.35,807.81,806.34,805.9,875.72,787.4,-0.2,2.29,835.39,776.37
UNH,UnitedHealth Group,Health Care,Managed Health Care,340.85,587.56,234.7,330.63,329.4,323.7,338.4,353.48,-0.2,0.13,341.29,306.09
UHS,Universal Health Services,Health Care,Health Care Facilities,222.28,243.98,154.65,224.24,229.11,231.17,220.59,189.86,-0.2,10.34,245.26,217.07
VLO,Valero Energy,Energy,Oil & Gas Refining & Marketing,168.45,184.27,102.32,173.05,175.04,175.79,170.13,143.33,-0.2,8.61,182.95,168.63
VTR,Ventas,Real Estate,Health Care REITs,77.81,81.0,55.68,78.76,79.53,79.51,74.79,68.03,-0.2,4.88,81.61,77.4
VLTO,Veralto,Industrials,Environmental & Facilities Services,98.9,109.64,85.14,98.68,100.34,99.86,100.97,100.63,-0.2,4.9,103.75,95.96
VRSN,Verisign,Information Technology,Internet Services & Infrastructure,241.97,304.16,189.78,244.38,247.47,249.07,251.39,264.36,-0.2,6.05,256.61,241.52
VRSK,Verisk Analytics,Industrials,Research & Consulting Services,217.4,320.32,208.0,216.63,219.98,220.97,226.08,272.51,-0.2,4.75,227.73,214.21
VZ,Verizon,Communication Services,Integrated Telecommunication Services,40.83,44.3,36.0,40.48,40.74,40.84,40.4,41.7,-0.1,2.28,41.76,39.93
VRTX,Vertex Pharmaceuticals,Health Care,Biotechnology,451.73,513.76,366.54,444.27,445.61,437.62,425.92,441.94,-0.1,2.11,461.26,413.97
VTRS,Viatris,Health Care,Pharmaceuticals,11.62,12.2,7.0,11.42,11.1,10.8,10.43,9.28,0.0,0.09,11.63,9.97
VICI,Vici Properties,Real Estate,Hotel & Resort REITs,28.63,33.46,27.08,28.04,28.13,28.66,29.96,31.27,-0.2,5.1,30.09,27.23
V,Visa Inc.,Financials,Transaction & Payment Processing Services,346.94,371.92,304.76,334.33,331.96,330.22,337.69,343.42,0.2,-1.15,342.95,317.5
VST,Vistra Corp.,Utilities,Electric Utilities,169.88,217.92,97.84,168.12,170.17,172.45,185.8,171.13,0.0,6.45,180.84,164.05
VMC,Vulcan Materials Company,Materials,Construction Materials,296.09,308.54,219.27,295.79,294.17,290.73,293.28,271.98,-0.2,2.01,302.04,279.4
WRB,W. R. Berkley Corporation,Financials,Property & Casualty Insurance,69.29,78.46,56.11,67.95,69.48,73.46,74.51,71.15,-0.2,18.52,82.12,64.8
GWW,W. W. Grainger,Industrials,Industrial Machinery & Supplies & Components,1019.67,1145.25,913.57,993.08,978.7,956.01,956.56,996.82,0.2,-0.21,1017.53,894.5
WAB,Wabtec,Industrials,Construction Machinery & Heavy Transportation Equipment,214.69,217.77,159.62,213.97,212.93,207.36,202.94,195.1,0.2,2.8,220.7,194.01
WMT,Walmart,Consumer Staples,Consumer Staples Merchandise Retail,116.42,116.42,81.4,114.75,114.2,109.63,106.16,98.5,0.2,3.08,120.01,99.25
DIS,Walt Disney Company (The),Communication Services,Movies & Entertainment,111.4,124.01,81.37,109.27,107.44,105.85,109.42,109.45,0.4,-0.56,110.78,100.92
WBD,Warner Bros. Discovery,Communication Services,Broadcasting,29.94,29.94,7.69,28.89,26.8,25.02,22.25,14.19,0.2,-0.3,29.85,20.18
WM,Waste Management,Industrials,Environmental & Facilities Services,215.83,239.43,196.01,211.31,212.76,213.01,210.61,222.32,-0.3,1.44,218.94,207.08
WAT,Waters Corporation,Health Care,Life Sciences Tools & Services,384.01,417.28,277.72,390.19,393.62,392.08,366.47,339.12,0.2,7.45,412.62,371.54
WEC,WEC Energy Group,Utilities,Electric Utilities,103.65,116.56,89.09,104.04,105.69,108.49,111.43,106.99,0.0,10.75,114.79,102.2
WFC,Wells Fargo,Financials,Diversified Banks,92.38,92.59,59.98,90.92,89.57,86.94,85.2,77.7,0.0,0.91,93.22,80.67
WELL,Welltower,Real Estate,Health Care REITs,186.3,208.22,121.65,191.8,197.62,199.07,186.5,162.81,-0.4,13.45,211.36,186.79
WST,West Pharmaceutical Services,Health Care,Health Care Supplies,266.87,346.74,189.89,268.3,273.5,270.74,273.5,239.98,0.0,7.42,286.67,254.82
WDC,Western Digital,Information Technology,"Technology Hardware, Storage & Peripherals",175.04,187.2,30.42,176.7,169.21,161.24,146.46,83.5,0.2,5.57,184.79,137.69
WY,Weyerhaeuser,Real Estate,Timber REITs,23.41,30.38,21.15,22.81,22.3,21.95,22.77,25.12,0.2,-0.81,23.22,20.68
WSM,"Williams-Sonoma, Inc.",Consumer Discretionary,Homefurnishing Retail,186.24,215.07,135.95,184.51,181.74,180.06,187.02,176.75,0.0,1.09,188.27,171.86
WMB,Williams Companies,Energy,Oil & Gas Storage & Transportation,60.0,64.48,50.69,60.98,61.46,60.6,60.61,58.7,-0.2,5.2,63.12,58.08
WTW,Willis Towers Watson,Financials,Insurance Brokers,325.68,349.93,294.27,321.77,320.26,319.52,325.55,320.12,0.0,0.02,325.75,313.29
WDAY,"Workday, Inc.",Information Technology,Application Software,224.62,278.35,210.47,222.93,219.25,221.55,229.44,236.54,0.0,3.63,232.77,210.32
WYNN,Wynn Resorts,Consumer Discretionary,Casinos & Gaming,123.37,133.09,65.64,124.63,127.18,124.73,122.94,104.45,0.0,8.75,134.16,115.29
XEL,Xcel Energy,Utilities,Multi-Utilities,75.37,82.11,61.84,75.22,76.82,78.7,80.01,72.49,-0.2,10.57,83.34,74.06
XYL,Xylem Inc.,Industrials,Industrial Machinery & Supplies & Components,137.26,152.52,101.96,138.21,139.06,139.71,144.76,132.63,-0.2,3.93,142.65,136.78
YUM,Yum! Brands,Consumer Discretionary,Restaurants,150.6,160.2,120.91,145.64,146.51,148.32,146.15,146.53,0.1,2.61,154.53,142.12
ZBRA,Zebra Technologies,Information Technology,Electronic Equipment & Instruments,269.18,421.11,213.54,268.73,263.55,251.75,270.39,288.72,0.0,4.0,279.95,223.56
ZBH,Zimmer Biomet,Health Care,Health Care Equipment,91.72,112.61,87.55,92.46,93.17,92.79,95.69,98.3,0.2,6.89,98.04,87.53
ZTS,Zoetis,Health Care,Pharmaceuticals,118.89,176.49,115.75,117.71,120.19,121.06,131.12,149.17,0.0,8.58,129.09,113.04
