Symbol,Company,GICS_Sector,GICS_Sub_Industry,Current_Price,High_52_Week,Low_52_Week,SMA5,SMA10,SMA20,SMA50,SMA200,Score,Target_Pcnt,Target_Price,Stop_Loss
MMM,3M,Industrials,Industrial Conglomerates,154.38,160.2,122.88,153.74,155.2,152.4,151.6,142.7,0.2,3.47,159.74,145.06
AOS,A. O. Smith,Industrials,Building Products,71.75,88.84,59.04,72.16,71.96,71.34,68.68,67.84,0.2,2.02,73.2,69.49
ABT,Abbott Laboratories,Health Care,Health Care Equipment,132.0,138.95,108.68,131.54,131.31,129.98,131.0,125.89,0.2,1.78,134.35,125.61
ABBV,AbbVie,Health Care,Biotechnology,209.5,212.84,160.57,207.62,203.96,198.7,191.96,185.88,0.2,1.19,211.99,185.4
AES,AES Corporation,Utilities,Independent Power Producers & Energy Traders,12.97,19.11,9.5,13.23,13.1,13.11,12.25,11.59,0.2,4.7,13.58,12.63
ABNB,Airbnb,Consumer Discretionary,"Hotels, Resorts & Cruise Lines",126.43,161.42,105.69,125.6,123.81,128.25,132.9,131.76,0.2,11.69,141.21,115.3
ALLE,Allegion,Industrials,Building Products,167.21,169.86,118.08,167.99,167.27,166.11,153.95,138.33,0.2,1.61,169.9,162.3
LNT,Alliant Energy,Utilities,Electric Utilities,66.11,66.34,54.87,65.5,65.34,65.22,62.94,60.67,0.2,1.15,66.87,63.57
ALL,Allstate,Financials,Property & Casualty Insurance,206.55,213.62,175.45,208.88,208.2,204.07,199.17,196.38,0.4,4.63,216.11,192.04
GOOGL,Alphabet Inc. (Class A),Communication Services,Interactive Media & Services,199.75,205.89,144.53,201.61,201.87,198.0,186.2,177.14,0.2,3.45,206.64,189.36
GOOG,Alphabet Inc. (Class C),Communication Services,Interactive Media & Services,200.62,207.22,146.4,202.5,202.72,198.83,187.13,178.64,0.2,3.43,207.5,190.16
MO,Altria,Consumer Staples,Tobacco,67.68,67.68,46.47,66.73,66.06,63.74,60.88,55.86,0.2,1.99,69.03,58.45
AEP,American Electric Power,Utilities,Electric Utilities,113.14,114.06,87.97,112.41,112.45,111.89,106.87,100.74,0.2,1.98,115.38,108.39
AXP,American Express,Financials,Consumer Finance,308.17,328.13,230.81,307.04,304.67,303.0,306.97,292.35,0.2,2.0,314.33,291.68
AIG,American International Group,Financials,Multi-line Insurance,82.59,87.26,69.3,81.36,80.22,79.25,81.6,78.76,0.6,-0.13,82.48,76.01
AMT,American Tower,Real Estate,Telecom Tower REITs,209.73,235.15,170.7,207.03,205.99,210.0,216.65,204.04,0.4,6.32,222.98,197.0
AWK,American Water Works,Utilities,Water Utilities,145.87,150.19,118.87,144.66,144.18,142.71,141.41,135.85,0.2,1.25,147.69,137.71
AME,Ametek,Industrials,Electrical Components & Equipment,183.44,196.4,151.15,183.19,183.72,182.81,180.88,179.88,0.2,2.41,187.86,177.75
AMGN,Amgen,Health Care,Biotechnology,295.76,329.11,254.27,295.37,291.48,294.55,293.48,286.79,0.4,4.08,307.83,281.26
ADI,Analog Devices,Information Technology,Semiconductors,246.95,246.95,163.85,237.09,233.93,229.65,234.03,216.05,0.6,-1.09,244.26,215.04
APTV,Aptiv,Consumer Discretionary,Automotive Parts & Equipment,74.37,76.14,47.92,75.11,72.99,70.02,69.74,62.81,0.4,5.04,78.12,61.93
ACGL,Arch Capital Group,Financials,Property & Casualty Insurance,93.54,109.22,84.99,91.86,90.72,89.21,89.44,92.26,0.2,-0.01,93.53,84.89
ADM,Archer Daniels Midland,Consumer Staples,Agricultural Products & Services,61.12,61.12,41.01,59.94,59.1,57.02,54.77,49.71,0.2,1.28,61.9,52.15
ANET,Arista Networks,Information Technology,Communications Equipment,132.03,141.25,64.37,134.32,136.42,129.7,112.98,100.78,0.2,12.19,148.12,111.28
AJG,Arthur J. Gallagher & Co.,Financials,Insurance Brokers,305.38,348.08,274.44,299.25,295.38,293.51,306.76,312.19,0.2,1.71,310.6,276.44
T,AT&T,Communication Services,Integrated Telecommunication Services,29.44,29.44,18.62,29.1,28.73,28.2,27.89,25.53,0.2,0.1,29.47,26.93
ATO,Atmos Energy,Utilities,Gas Utilities,166.79,166.98,126.27,165.62,165.62,161.38,157.1,149.62,0.4,2.23,170.51,152.25
ADSK,Autodesk,Information Technology,Application Software,286.06,321.27,238.84,288.06,286.94,294.59,297.93,290.34,0.2,8.88,311.46,277.72
ADP,Automatic Data Processing,Industrials,Human Resource & Employment Services,304.94,325.19,259.17,304.83,303.99,304.59,305.15,301.41,0.2,2.11,311.37,297.81
AZO,AutoZone,Consumer Discretionary,Automotive Retail,4127.69,4158.1,2981.19,4092.29,4056.3,3981.84,3804.45,3548.36,0.4,1.93,4207.35,3756.2
BALL,Ball Corporation,Materials,"Metal, Glass & Plastic Containers",52.71,67.18,44.77,53.14,53.54,55.14,56.48,54.29,0.2,13.19,59.66,50.63
BAC,Bank of America,Financials,Diversified Banks,48.26,48.93,34.19,47.91,47.42,47.07,46.87,44.14,0.2,2.2,49.32,44.82
BLK,BlackRock,Financials,Asset Management & Custody Banks,1124.75,1160.16,811.42,1130.56,1138.55,1125.98,1080.98,998.14,0.2,3.19,1160.63,1091.29
BKNG,Booking Holdings,Consumer Discretionary,"Hotels, Resorts & Cruise Lines",5710.74,5815.92,3673.94,5584.18,5508.53,5519.63,5567.34,5089.68,0.4,0.07,5714.74,5324.81
BSX,Boston Scientific,Health Care,Health Care Equipment,105.21,107.76,78.48,104.25,103.64,104.47,103.83,99.17,0.2,2.13,107.45,101.49
BR,Broadridge Financial Solutions,Industrials,Data Processing & Outsourced Services,260.83,266.89,204.4,261.25,261.91,257.96,246.97,236.07,0.2,4.45,272.44,243.48
BG,Bunge Global,Consumer Staples,Agricultural Products & Services,83.4,97.93,67.23,81.32,81.6,80.21,78.96,77.36,0.4,1.46,84.62,75.8
CHRW,C.H. Robinson,Industrials,Air Freight & Logistics,122.8,123.82,86.41,122.38,120.62,115.2,104.11,100.43,0.2,6.73,131.06,99.33
CDNS,Cadence Design Systems,Information Technology,Application Software,347.57,371.03,231.64,349.21,349.88,353.17,328.12,298.35,0.2,7.22,372.66,333.7
CARR,Carrier Global,Industrials,Building Products,65.01,81.67,55.21,66.14,66.02,68.09,71.72,68.94,0.4,18.18,76.83,59.36
CAT,Caterpillar Inc.,Industrials,Construction Machinery & Heavy Transportation Equipment,417.89,438.02,271.63,415.0,414.4,422.72,402.68,363.76,0.2,5.74,441.88,403.57
CBOE,Cboe Global Markets,Financials,Financial Exchanges & Data,249.25,253.24,189.73,248.18,248.44,247.0,238.16,217.0,0.2,2.15,254.61,239.38
CBRE,CBRE Group,Real Estate,Real Estate Services,159.12,160.84,111.5,159.34,157.99,156.09,145.76,135.1,0.2,2.64,163.32,148.87
COR,Cencora,Health Care,Health Care Distributors,303.23,303.69,217.68,296.96,293.3,290.42,292.86,266.8,0.4,-0.35,302.17,278.67
CF,CF Industries,Materials,Fertilizers & Agricultural Chemicals,86.36,101.88,67.67,85.23,84.18,87.67,91.84,85.25,0.2,11.58,96.36,78.98
CVX,Chevron Corporation,Energy,Integrated Oil & Gas,155.55,164.65,130.67,153.84,153.46,152.62,149.28,147.11,0.2,0.39,156.16,149.09
CB,Chubb Limited,Financials,Property & Casualty Insurance,278.82,301.45,256.04,275.89,274.22,271.01,277.21,279.63,0.2,0.06,278.99,263.04
CINF,Cincinnati Financial,Financials,Property & Casualty Insurance,152.96,157.35,125.84,151.97,151.94,150.86,148.68,143.89,0.2,1.61,155.42,146.31
CTAS,Cintas,Industrials,Diversified Support Services,216.11,227.2,181.05,216.02,219.77,221.13,220.01,209.68,0.2,5.33,227.63,214.63
CFG,Citizens Financial Group,Financials,Regional Banks,48.46,49.45,33.59,48.5,48.26,48.02,46.24,43.06,0.2,2.35,49.6,46.45
CME,CME Group,Financials,Financial Exchanges & Data,273.32,289.38,198.12,272.75,275.62,277.76,275.73,254.72,0.2,5.06,287.15,268.36
CMS,CMS Energy,Utilities,Multi-Utilities,72.78,74.4,63.54,72.63,72.84,72.85,71.02,69.26,0.2,2.38,74.51,71.19
KO,Coca-Cola Company (The),Consumer Staples,Soft Drinks & Non-alcoholic Beverages,70.66,73.38,59.94,70.11,70.23,69.62,69.92,67.38,0.2,0.98,71.35,67.9
COIN,Coinbase,Financials,Financial Exchanges & Data,300.28,419.78,147.35,309.0,314.97,329.64,341.28,269.97,0.2,29.82,389.82,269.47
CAG,Conagra Brands,Consumer Staples,Packaged Foods & Meats,19.3,30.97,18.26,19.19,19.3,19.03,19.66,23.54,0.2,2.18,19.72,18.35
CTVA,Corteva,Materials,Fertilizers & Agricultural Chemicals,72.98,77.12,53.02,72.48,72.1,72.07,73.28,64.69,0.6,0.69,73.48,70.66
CRWD,CrowdStrike,Information Technology,Systems Software,414.06,514.1,246.39,421.21,424.98,439.65,467.74,405.66,0.2,14.87,475.63,403.67
CCI,Crown Castle,Real Estate,Telecom Tower REITs,102.8,115.16,82.06,102.06,102.38,104.8,103.67,97.7,0.2,7.61,110.62,98.98
CSX,CSX Corporation,Industrials,Rail Transportation,35.87,36.52,26.58,36.14,35.96,35.73,34.27,32.22,0.2,1.87,36.54,34.93
CMI,Cummins,Industrials,Construction Machinery & Heavy Transportation Equipment,394.2,406.8,265.61,398.83,398.01,383.84,353.39,341.32,0.2,5.46,415.72,351.96
CVS,CVS Health,Health Care,Health Care Services,71.43,71.43,42.33,70.4,68.06,64.99,64.99,60.04,0.2,1.25,72.32,57.66
DRI,Darden Restaurants,Consumer Discretionary,Restaurants,206.54,224.21,149.25,206.93,205.63,204.79,210.54,193.7,0.4,1.04,208.69,200.89
DDOG,Datadog,Information Technology,Application Software,129.15,168.65,87.0,128.58,128.49,135.28,135.72,127.44,0.2,17.68,151.98,118.58
DXCM,Dexcom,Health Care,Health Care Equipment,80.62,90.75,59.83,80.99,80.18,81.16,82.85,79.69,0.4,11.59,89.96,72.36
DLR,Digital Realty,Real Estate,Data Center REITs,163.78,191.46,135.17,165.52,167.03,170.7,172.78,167.35,0.2,9.65,179.58,161.82
DLTR,Dollar Tree,Consumer Staples,Consumer Staples Merchandise Retail,112.59,117.16,61.21,112.79,113.85,114.53,107.99,83.01,0.2,4.09,117.19,111.87
D,Dominion Energy,Utilities,Multi-Utilities,61.25,62.1,49.07,61.12,61.35,60.55,58.13,55.16,0.2,3.07,63.13,57.96
DPZ,Domino's,Consumer Discretionary,Restaurants,446.86,495.6,397.58,447.28,445.97,454.79,457.64,455.34,0.2,7.83,481.85,427.72
DHI,D. R. Horton,Consumer Discretionary,Homebuilding,161.87,194.88,114.44,164.83,162.33,155.56,141.03,137.13,0.4,6.02,171.61,139.51
DUK,Duke Energy,Utilities,Electric Utilities,124.14,124.85,102.96,123.26,123.63,122.36,118.74,113.97,0.2,2.31,127.01,117.71
ETN,Eaton Corporation,Industrials,Electrical Components & Equipment,345.38,392.76,245.66,349.03,354.4,366.73,359.02,328.7,0.2,15.7,399.6,333.87
EBAY,eBay Inc.,Consumer Discretionary,Broadline Retail,98.86,100.77,55.96,99.53,98.24,92.6,83.29,70.37,0.4,8.74,107.5,77.71
ECL,Ecolab,Materials,Specialty Chemicals,283.06,285.47,225.1,282.62,279.79,272.71,269.61,253.95,0.4,2.11,289.03,256.4
EW,Edwards Lifesciences,Health Care,Health Care Equipment,81.16,81.39,64.54,79.61,78.73,79.1,77.47,73.6,0.2,0.47,81.54,76.65
EA,Electronic Arts,Communication Services,Interactive Home Entertainment,171.55,179.01,116.21,171.48,173.65,165.01,157.78,148.22,0.4,7.52,184.45,145.57
ELV,Elevance Health,Health Care,Managed Health Care,309.6,553.55,274.66,310.1,301.76,292.19,326.45,380.9,0.2,2.23,316.5,267.87
EMR,Emerson Electric,Industrials,Electrical Components & Equipment,130.09,149.04,93.37,131.23,132.05,137.25,136.19,122.63,0.2,15.63,150.42,124.07
ETR,Entergy,Utilities,Electric Utilities,89.22,91.02,57.69,88.97,89.58,89.26,85.22,80.7,0.2,2.7,91.63,86.89
EQT,EQT Corporation,Energy,Oil & Gas Exploration & Production,52.05,60.26,31.49,51.46,51.52,51.84,54.76,50.66,0.2,2.63,53.42,50.26
EXE,Expand Energy,Energy,Oil & Gas Exploration & Production,95.45,120.67,68.08,94.13,94.92,97.22,104.74,102.18,0.4,7.94,103.03,91.41
EXPE,Expedia Group,Consumer Discretionary,"Hotels, Resorts & Cruise Lines",205.35,209.68,129.25,206.64,204.11,193.8,182.65,176.65,0.4,5.31,216.25,171.35
EXPD,Expeditors International,Industrials,Air Freight & Logistics,118.41,129.72,102.14,119.79,119.59,117.73,116.09,114.46,0.2,3.81,122.92,112.55
XOM,ExxonMobil,Energy,Integrated Oil & Gas,109.23,121.0,98.11,107.68,106.72,107.6,109.2,108.14,0.4,2.38,111.83,103.38
FFIV,"F5, Inc.",Information Technology,Communications Equipment,314.23,326.47,195.73,315.42,318.77,314.3,302.87,277.41,0.2,5.33,330.98,297.62
FAST,Fastenal,Industrials,Trading Companies & Distributors,49.14,49.9,31.72,49.31,48.88,47.63,45.0,40.02,0.4,2.73,50.48,44.77
FIS,Fidelity National Information Services,Financials,Transaction & Payment Processing Services,69.55,89.62,67.79,69.84,70.63,74.06,77.95,77.83,0.2,20.29,83.66,64.47
FITB,Fifth Third Bancorp,Financials,Regional Banks,42.88,47.14,33.02,42.81,42.53,42.16,41.76,40.95,0.2,1.75,43.63,40.69
FSLR,First Solar,Information Technology,Semiconductors,192.0,255.75,120.38,205.74,194.51,188.73,174.75,165.59,0.4,9.94,211.08,166.37
FE,FirstEnergy,Utilities,Electric Utilities,43.48,43.95,37.17,43.36,43.46,42.89,41.1,40.09,0.2,2.64,44.63,41.14
F,Ford Motor Company,Consumer Discretionary,Automobile Manufacturers,11.33,11.75,8.45,11.46,11.37,11.17,11.05,10.03,0.4,3.27,11.7,10.64
FOXA,Fox Corporation (Class A),Communication Services,Broadcasting,59.03,59.89,38.72,58.42,57.57,56.57,55.98,52.11,0.2,2.0,60.21,52.93
FOX,Fox Corporation (Class B),Communication Services,Broadcasting,53.98,54.58,35.86,53.47,52.57,51.73,51.32,48.46,0.2,2.07,55.1,48.35
FCX,Freeport-McMoRan,Materials,Copper,41.72,51.16,28.93,41.72,41.91,41.58,42.84,39.77,0.4,6.35,44.37,38.78
GRMN,Garmin,Consumer Discretionary,Consumer Electronics,229.59,239.99,159.72,231.63,232.41,230.36,219.98,210.23,0.2,5.17,241.46,219.27
GEN,Gen Digital,Information Technology,Systems Software,31.19,32.03,23.31,31.37,31.3,30.29,29.92,28.09,0.4,4.84,32.7,27.88
GNRC,Generac,Industrials,Electrical Components & Equipment,190.55,202.85,101.92,195.24,196.97,189.19,161.18,148.61,0.2,15.27,219.65,158.74
GD,General Dynamics,Industrials,Aerospace & Defense,316.53,317.49,239.38,315.54,315.41,314.23,301.06,275.38,0.2,0.41,317.83,310.63
GM,General Motors,Consumer Discretionary,Automobile Manufacturers,56.51,59.72,42.35,56.58,55.66,54.21,52.27,50.3,0.4,2.0,57.64,50.79
GPC,Genuine Parts Company,Consumer Discretionary,Distributors,136.33,140.16,104.68,137.4,136.41,134.24,128.0,121.23,0.4,2.69,140.0,128.47
GILD,Gilead Sciences,Health Care,Biotechnology,116.14,120.47,72.41,117.84,118.83,115.97,112.43,102.91,0.2,5.44,122.46,109.49
GL,Globe Life,Financials,Life & Health Insurance,139.62,143.27,96.43,137.38,138.38,138.79,128.3,120.33,0.2,2.66,143.33,134.24
HIG,Hartford (The),Financials,Property & Casualty Insurance,133.2,133.97,105.42,131.86,130.71,127.91,125.5,119.18,0.4,1.23,134.84,120.97
HAS,Hasbro,Consumer Discretionary,Leisure Products,79.41,80.8,49.75,79.94,79.04,77.27,74.88,63.5,0.4,2.62,81.49,73.04
HCA,HCA Healthcare,Health Care,Health Care Facilities,404.26,412.92,295.46,401.31,394.55,374.87,373.11,343.09,0.4,3.71,419.26,330.49
HSY,Hershey Company (The),Consumer Staples,Packaged Foods & Meats,179.36,196.72,141.22,179.62,178.78,182.54,174.81,166.54,0.2,6.61,191.22,173.88
HPE,Hewlett Packard Enterprise,Information Technology,"Technology Hardware, Storage & Peripherals",21.82,24.05,12.42,21.4,21.26,20.84,20.14,19.23,0.4,0.73,21.98,19.71
HLT,Hilton Worldwide,Consumer Discretionary,"Hotels, Resorts & Cruise Lines",269.19,278.65,201.16,269.54,268.3,267.35,265.42,249.49,0.2,2.87,276.92,257.77
HON,Honeywell,Industrials,Industrial Conglomerates,217.42,239.16,180.99,216.87,216.64,218.29,225.69,217.16,0.2,2.72,223.33,213.24
HRL,Hormel Foods,Consumer Staples,Packaged Foods & Meats,28.91,32.6,27.75,28.54,28.58,28.51,29.43,29.64,0.2,0.62,29.09,27.92
HST,Host Hotels & Resorts,Real Estate,Hotel & Resort REITs,16.15,18.25,12.54,15.99,15.85,15.84,15.88,15.8,0.2,2.79,16.6,15.07
HBAN,Huntington Bancshares,Financials,Regional Banks,16.66,17.67,12.37,16.67,16.54,16.45,16.56,15.9,0.2,2.4,17.06,15.85
HII,Huntington Ingalls Industries,Industrials,Aerospace & Defense,266.48,278.86,157.56,266.56,266.9,266.75,254.11,212.77,0.2,3.08,274.69,258.79
IBM,IBM,Information Technology,IT Consulting & Other Services,239.4,292.8,190.58,240.48,239.29,246.48,268.64,244.45,0.4,9.81,262.89,230.07
IDXX,Idexx Laboratories,Health Care,Health Care Equipment,633.05,682.78,361.04,639.66,647.86,621.21,567.19,473.02,0.2,12.06,709.4,533.04
ITW,Illinois Tool Works,Industrials,Industrial Machinery & Supplies & Components,261.0,273.51,217.09,260.96,260.9,258.8,254.51,252.59,0.2,1.95,266.09,251.52
INCY,Incyte,Health Care,Biotechnology,86.53,86.92,55.17,86.01,84.12,79.93,73.24,69.49,0.2,4.28,90.23,69.63
PODD,Insulet Corporation,Health Care,Health Care Equipment,327.85,333.0,180.69,326.53,317.87,303.69,300.48,279.7,0.4,2.71,336.73,270.67
INTC,Intel,Information Technology,Semiconductors,23.5,27.39,18.13,24.11,22.91,21.51,22.01,21.7,0.4,7.15,25.18,17.84
ICE,Intercontinental Exchange,Financials,Financial Exchanges & Data,179.23,188.45,142.02,179.59,181.71,183.81,182.06,167.49,0.2,6.05,190.07,177.54
INTU,Intuit,Information Technology,Application Software,697.76,807.39,542.39,706.38,712.28,748.89,758.36,662.42,0.2,18.57,827.33,670.41
IVZ,Invesco,Financials,Asset Management & Custody Banks,20.67,21.6,11.86,20.88,20.87,20.94,18.34,16.49,0.2,4.98,21.7,20.17
J,Jacobs Solutions,Industrials,Construction & Engineering,147.32,152.18,109.42,147.27,148.27,145.68,137.96,130.89,0.2,3.43,152.37,139.0
JNJ,Johnson & Johnson,Health Care,Pharmaceuticals,178.93,178.93,139.73,177.69,175.75,172.17,163.15,154.96,0.2,0.9,180.54,163.8
JCI,Johnson Controls,Industrials,Building Products,104.75,111.73,66.66,104.9,105.32,105.77,105.64,89.25,0.2,5.1,110.09,101.46
KDP,Keurig Dr Pepper,Consumer Staples,Soft Drinks & Non-alcoholic Beverages,35.2,36.99,29.97,35.0,34.83,34.1,33.61,32.85,0.2,1.39,35.69,32.52
KEYS,Keysight Technologies,Information Technology,Electronic Equipment & Instruments,160.59,185.11,127.02,162.08,163.86,163.69,163.41,160.73,0.2,5.77,169.86,157.54
KKR,KKR & Co.,Financials,Asset Management & Custody Banks,137.84,166.38,92.52,139.67,142.32,144.53,138.58,134.92,0.2,11.06,153.09,135.98
KLAC,KLA Corporation,Information Technology,Semiconductor Materials & Equipment,872.39,953.34,573.9,876.67,903.86,902.52,901.68,747.28,0.2,9.04,951.25,853.8
LHX,L3Harris,Industrials,Aerospace & Defense,276.11,278.26,192.63,273.39,271.85,273.19,262.93,230.71,0.2,1.18,279.37,267.0
LH,Labcorp,Health Care,Health Care Services,276.56,278.1,210.19,274.26,271.79,267.01,260.83,243.88,0.4,0.59,278.19,255.81
LVS,Las Vegas Sands,Consumer Discretionary,Casinos & Gaming,53.51,54.33,30.35,53.44,53.52,52.93,48.74,44.91,0.2,1.64,54.39,51.47
LDOS,Leidos,Industrials,Diversified Support Services,180.44,199.72,126.1,179.02,178.71,171.79,163.19,151.84,0.2,4.39,188.36,155.22
LIN,Linde plc,Materials,Industrial Gases,480.71,482.36,410.23,480.32,477.09,472.34,469.06,453.08,0.2,0.86,484.84,459.81
LYV,Live Nation Entertainment,Communication Services,Movies & Entertainment,162.47,162.9,92.78,162.06,159.68,154.94,150.47,138.88,0.4,2.14,165.95,143.93
LMT,Lockheed Martin,Industrials,Aerospace & Defense,447.2,602.16,410.74,442.5,437.58,430.83,449.25,467.64,0.4,0.45,449.21,412.47
L,Loews Corporation,Financials,Multi-line Insurance,96.36,96.7,76.27,95.68,95.09,93.4,91.67,87.07,0.4,1.23,97.55,89.25
MTB,M&T Bank,Financials,Regional Banks,192.43,217.42,155.42,191.34,190.86,190.08,192.0,187.86,0.4,2.15,196.57,183.61
MPC,Marathon Petroleum,Energy,Oil & Gas Refining & Marketing,164.94,181.25,117.23,163.49,161.56,164.77,168.48,151.17,0.2,5.74,174.41,155.13
MAR,Marriott International,Consumer Discretionary,"Hotels, Resorts & Cruise Lines",262.27,302.99,210.58,264.81,264.32,265.15,268.76,266.56,0.4,5.64,277.06,253.25
MA,Mastercard,Financials,Transaction & Payment Processing Services,591.92,592.68,463.77,587.19,581.97,573.56,564.5,545.97,0.4,0.28,593.58,553.57
MTCH,Match Group,Communication Services,Interactive Media & Services,36.79,38.74,26.87,37.55,37.34,35.98,33.46,31.82,0.2,7.26,39.46,32.49
MCK,McKesson Corporation,Health Care,Health Care Distributors,706.0,735.33,477.52,686.02,676.74,689.62,707.5,654.81,0.2,3.2,728.59,650.64
MTD,Mettler Toledo,Health Care,Life Sciences Tools & Services,1278.0,1499.7,970.15,1308.22,1298.42,1270.34,1224.3,1216.78,0.2,5.1,1343.18,1197.45
MGM,MGM Resorts,Consumer Discretionary,Casinos & Gaming,36.22,41.99,25.79,36.27,35.81,36.14,36.01,34.2,0.4,6.43,38.55,33.74
MCHP,Microchip Technology,Information Technology,Semiconductors,66.1,80.56,35.07,65.77,64.79,66.43,69.46,59.3,0.2,7.88,71.31,61.55
MDLZ,Mondelez International,Consumer Staples,Packaged Foods & Meats,62.94,73.6,55.34,62.54,62.11,63.75,66.29,63.74,0.2,10.17,69.34,58.16
MPWR,Monolithic Power Systems,Information Technology,Semiconductors,820.74,939.39,454.23,833.72,832.16,798.19,752.78,654.0,0.2,8.79,892.88,703.49
MNST,Monster Beverage,Consumer Staples,Soft Drinks & Non-alcoholic Beverages,64.36,64.69,46.16,64.3,64.22,62.15,61.72,56.89,0.4,3.33,66.5,57.8
NFLX,Netflix,Communication Services,Movies & Entertainment,1206.21,1339.13,665.77,1223.65,1220.85,1195.61,1229.94,1040.89,0.2,3.76,1251.56,1139.61
NEM,Newmont,Materials,Gold,70.09,70.09,36.61,68.96,68.86,66.93,62.03,49.68,0.2,2.87,72.1,61.76
NWSA,News Corp (Class A),Communication Services,Publishing,29.74,30.38,23.97,29.64,29.33,29.32,29.22,28.21,0.4,1.18,30.09,28.55
NWS,News Corp (Class B),Communication Services,Publishing,34.47,34.89,26.94,34.3,33.91,33.74,33.65,32.01,0.4,0.61,34.68,32.8
NEE,NextEra Energy,Utilities,Multi-Utilities,76.08,83.49,63.6,75.98,74.12,72.68,73.03,70.98,0.2,0.84,76.72,68.64
NKE,"Nike, Inc.",Consumer Discretionary,"Apparel, Accessories & Luxury Goods",76.18,87.95,52.92,76.74,76.04,75.96,71.93,69.85,0.2,3.47,78.82,73.1
NDSN,Nordson Corporation,Industrials,Industrial Machinery & Supplies & Components,219.93,261.43,166.9,215.7,215.47,215.2,216.32,214.06,0.2,1.16,222.48,207.92
NSC,Norfolk Southern,Industrials,Rail Transportation,284.35,285.53,204.09,283.18,281.68,280.49,268.22,247.11,0.2,0.79,286.6,274.38
NOC,Northrop Grumman,Industrials,Aerospace & Defense,597.21,597.21,429.46,588.95,585.27,582.83,539.67,495.98,0.2,0.09,597.75,567.92
NRG,NRG Energy,Utilities,Independent Power Producers & Energy Traders,145.89,173.91,75.33,148.3,151.16,156.68,154.54,118.54,0.4,18.62,173.05,140.3
NUE,Nucor,Materials,Steel,143.25,165.5,102.79,144.54,143.1,141.97,136.87,128.95,0.2,3.33,148.02,135.92
NXPI,NXP Semiconductors,Information Technology,Semiconductors,223.93,252.0,152.79,228.55,223.72,219.63,220.74,209.94,0.2,6.76,239.07,200.19
ORLY,O’Reilly Automotive,Consumer Discretionary,Automotive Retail,102.87,104.44,73.94,102.57,102.58,101.4,95.29,89.12,0.2,2.74,105.69,97.12
ON,ON Semiconductor,Information Technology,Semiconductors,48.81,77.87,31.95,49.93,49.79,51.65,54.24,52.64,0.2,22.72,59.9,43.39
PANW,Palo Alto Networks,Information Technology,Systems Software,183.32,208.28,152.44,180.51,176.36,178.79,190.64,187.38,0.6,9.06,199.93,157.66
PSKY,Paramount Skydance Corporation,Communication Services,Movies & Entertainment,16.03,16.03,9.8,14.14,13.17,12.84,12.7,11.54,0.6,-1.62,15.77,9.91
PAYC,Paycom,Industrials,Human Resource & Employment Services,225.32,265.71,154.16,224.53,222.62,227.09,230.39,224.51,0.4,6.88,240.82,213.35
PNR,Pentair,Industrials,Industrial Machinery & Supplies & Components,104.44,109.01,75.76,105.43,105.45,103.92,103.23,98.02,0.2,3.53,108.13,99.71
PFE,Pfizer,Health Care,Pharmaceuticals,25.74,28.21,20.83,25.33,25.07,24.56,24.43,24.22,0.4,0.62,25.9,23.22
PM,Philip Morris International,Consumer Staples,Tobacco,174.49,183.57,114.49,169.78,168.92,166.1,173.78,151.79,0.6,-0.22,174.11,158.1
PSX,Phillips 66,Energy,Oil & Gas Refining & Marketing,124.45,135.19,91.09,122.85,121.12,121.52,122.83,117.95,0.2,2.02,126.96,116.09
PNC,PNC Financial Services,Financials,Diversified Banks,194.0,209.23,146.94,193.05,192.27,191.43,189.18,183.56,0.4,1.5,196.91,185.94
PPL,PPL Corporation,Utilities,Electric Utilities,36.72,37.24,30.49,36.67,36.72,36.38,35.22,34.03,0.2,1.61,37.31,35.44
PTC,PTC Inc.,Information Technology,Application Software,211.95,216.41,136.74,209.37,207.65,208.58,192.54,178.34,0.2,2.54,217.33,199.84
PHM,PulteGroup,Consumer Discretionary,Homebuilding,125.37,148.13,91.82,127.84,126.29,121.87,113.62,110.57,0.4,5.77,132.6,111.13
QCOM,Qualcomm,Information Technology,Semiconductors,154.13,175.11,123.92,156.51,154.65,153.4,155.62,155.02,0.2,6.72,164.49,142.32
DGX,Quest Diagnostics,Health Care,Health Care Services,183.72,184.4,144.81,181.93,180.11,175.27,174.76,166.31,0.4,1.32,186.15,164.41
O,Realty Income,Real Estate,Retail REITs,59.58,61.73,49.83,58.97,58.3,57.6,57.26,55.05,0.4,0.0,59.58,55.61
RF,Regions Financial Corporation,Financials,Regional Banks,25.74,26.62,18.13,25.72,25.54,25.51,24.54,23.12,0.2,3.19,26.56,24.46
RSG,Republic Services,Industrials,Environmental & Facilities Services,235.44,257.46,196.49,234.33,234.27,235.19,240.55,230.05,0.2,3.49,243.66,226.71
RMD,ResMed,Health Care,Health Care Equipment,288.34,290.83,203.67,286.89,285.66,282.14,266.49,242.68,0.2,1.59,292.92,271.35
RCL,Royal Caribbean Group,Consumer Discretionary,"Hotels, Resorts & Cruise Lines",325.03,352.84,154.84,324.99,316.81,321.07,316.08,253.08,0.4,7.22,348.5,293.65
SPGI,S&P Global,Financials,Financial Exchanges & Data,552.44,564.15,437.5,554.32,557.01,552.0,532.86,510.55,0.2,4.02,574.65,529.35
SBAC,SBA Communications,Real Estate,Telecom Tower REITs,220.89,245.74,190.85,219.99,219.42,222.83,228.72,219.2,0.4,5.29,232.58,213.07
STX,Seagate Technology,Information Technology,"Technology Hardware, Storage & Peripherals",154.6,158.7,66.19,156.81,155.44,153.48,146.35,107.35,0.2,3.82,160.51,146.45
SOLV,Solventum,Health Care,Health Care Technology,72.0,84.04,59.45,71.86,72.42,72.63,73.78,72.2,0.4,3.68,74.65,70.61
LUV,Southwest Airlines,Industrials,Passenger Airlines,31.07,37.7,23.9,31.33,30.77,30.75,32.75,31.41,0.2,5.47,32.77,28.72
STT,State Street Corporation,Financials,Asset Management & Custody Banks,112.36,113.6,74.79,111.53,111.51,111.38,107.51,96.52,0.2,1.44,113.98,108.77
STLD,Steel Dynamics,Materials,Steel,125.76,152.49,106.43,126.35,125.95,125.73,129.05,128.17,0.4,4.44,131.34,120.13
STE,Steris,Health Care,Health Care Equipment,247.5,251.96,201.46,246.96,245.62,236.7,234.98,224.88,0.4,3.28,255.62,217.77
SYK,Stryker Corporation,Health Care,Health Care Equipment,384.83,403.53,336.65,386.03,381.85,385.39,386.94,378.22,0.2,5.01,404.11,366.69
SMCI,Supermicro,Information Technology,"Technology Hardware, Storage & Peripherals",42.31,62.38,18.01,43.88,44.72,50.28,48.86,39.12,0.2,50.08,63.5,37.06
SYY,Sysco,Consumer Staples,Food Distributors,79.72,82.19,67.53,79.79,80.36,80.14,77.85,74.19,0.2,2.71,81.88,78.4
TTWO,Take-Two Interactive,Communication Services,Interactive Home Entertainment,227.87,243.05,147.66,229.93,229.15,226.95,233.06,210.07,0.6,3.59,236.05,217.86
TEL,TE Connectivity,Information Technology,Electronic Manufacturing Services,200.3,209.34,121.47,202.33,203.09,203.87,185.42,157.05,0.2,4.79,209.89,197.84
TXN,Texas Instruments,Information Technology,Semiconductors,200.71,219.66,143.34,197.26,193.72,189.44,199.69,186.28,0.8,0.27,201.25,177.62
TXT,Textron,Industrials,Aerospace & Defense,79.48,91.11,60.7,79.28,79.12,78.57,80.24,76.75,0.4,1.62,80.77,76.37
TJX,TJX Companies,Consumer Discretionary,Apparel Retail,137.51,138.27,110.73,135.22,133.86,130.56,126.41,123.6,0.2,0.88,138.72,122.4
TKO,TKO Group Holdings,Communication Services,Movies & Entertainment,184.24,191.28,113.12,185.23,183.78,174.68,173.13,154.79,0.4,6.76,196.69,152.67
TSCO,Tractor Supply,Consumer Discretionary,Other Specialty Retail,61.0,62.28,47.8,61.18,60.34,59.57,56.75,54.2,0.4,1.84,62.12,57.02
TT,Trane Technologies,Industrials,Building Products,422.27,472.54,314.52,425.93,429.02,436.62,435.28,392.55,0.2,10.73,467.58,405.66
TDG,TransDigm Group,Industrials,Aerospace & Defense,1393.14,1620.83,1225.77,1394.22,1401.97,1475.54,1497.96,1378.79,0.2,19.79,1668.84,1282.18
TRV,Travelers Companies (The),Financials,Property & Casualty Insurance,274.92,275.2,213.32,269.74,267.96,264.7,262.9,255.38,0.4,-0.11,274.62,254.78
TFC,Truist Financial,Financials,Diversified Banks,44.07,46.42,33.92,44.28,44.11,43.74,43.1,42.03,0.2,3.2,45.48,42.0
USB,U.S. Bancorp,Financials,Diversified Banks,46.17,51.9,36.0,46.17,45.95,45.51,45.43,44.95,0.2,2.47,47.31,43.72
UBER,Uber,Industrials,Passenger Ground Transportation,94.23,97.48,59.93,93.97,92.4,90.75,90.72,77.96,0.2,1.48,95.62,85.87
UDR,"UDR, Inc.",Real Estate,Multi-Family Residential REITs,38.56,45.23,37.29,38.57,38.29,38.76,39.85,41.36,0.2,4.8,40.41,37.11
ULTA,Ulta Beauty,Consumer Discretionary,Other Specialty Retail,520.18,532.71,314.47,518.26,516.31,514.93,492.09,416.63,0.2,2.02,530.69,499.18
URI,United Rentals,Industrials,Trading Companies & Distributors,890.12,932.23,549.5,906.11,902.47,887.69,814.31,733.4,0.2,5.09,935.43,839.92
VLO,Valero Energy,Energy,Oil & Gas Refining & Marketing,140.29,153.55,102.97,138.47,136.27,136.87,139.28,129.62,0.4,2.42,143.69,130.04
VTR,Ventas,Real Estate,Health Care REITs,69.12,69.55,56.07,68.25,68.24,67.81,65.46,63.7,0.2,0.98,69.8,65.83
VLTO,Veralto,Industrials,Environmental & Facilities Services,108.47,113.22,85.23,107.89,108.05,106.79,103.22,100.52,0.2,1.72,110.34,103.24
VRSN,Verisign,Information Technology,Internet Services & Infrastructure,272.24,305.1,175.69,269.78,268.17,272.39,279.0,241.6,0.4,8.39,295.08,249.71
VRSK,Verisk Analytics,Industrials,Research & Consulting Services,271.91,320.87,260.0,269.46,267.17,272.32,291.94,290.96,0.2,7.94,293.5,251.13
VZ,Verizon,Communication Services,Integrated Telecommunication Services,45.03,45.06,36.62,44.73,44.05,43.39,42.55,41.31,0.4,0.16,45.1,41.67
VICI,Vici Properties,Real Estate,Hotel & Resort REITs,32.96,33.93,27.46,32.62,32.73,32.89,32.82,31.0,0.2,2.15,33.67,32.1
V,Visa Inc.,Financials,Transaction & Payment Processing Services,343.69,372.65,265.57,343.46,341.36,342.92,348.39,336.57,0.2,3.45,355.55,330.31
VMC,Vulcan Materials Company,Materials,Construction Materials,288.28,295.15,219.65,289.78,289.94,283.24,271.36,262.94,0.2,3.63,298.74,267.72
WRB,W. R. Berkley Corporation,Financials,Property & Casualty Insurance,72.51,74.57,55.33,71.6,71.15,70.26,70.6,65.44,0.4,0.3,72.73,67.8
WAB,Wabtec,Industrials,Construction Machinery & Heavy Transportation Equipment,191.41,214.1,159.36,191.18,191.65,191.14,201.29,194.21,0.2,2.8,196.77,185.52
WBA,Walgreens Boots Alliance,Consumer Staples,Drug Retail,12.19,12.93,8.01,12.09,12.0,11.84,11.61,10.74,0.4,0.33,12.23,11.46
DIS,Walt Disney Company (The),Communication Services,Movies & Entertainment,116.21,124.01,81.37,116.29,115.31,116.79,119.03,108.72,0.4,4.95,121.96,111.62
WM,Waste Management,Industrials,Environmental & Facilities Services,229.61,241.26,199.11,227.83,230.04,230.46,229.72,224.1,0.2,3.12,236.77,224.15
WELL,Welltower,Real Estate,Health Care REITs,166.94,168.94,114.21,164.36,164.61,164.97,158.32,144.73,0.2,2.27,170.73,159.21
WDC,Western Digital,Information Technology,"Technology Hardware, Storage & Peripherals",74.66,78.69,30.48,75.5,75.53,74.59,68.0,52.32,0.2,6.82,79.75,69.43
WSM,"Williams-Sonoma, Inc.",Consumer Discretionary,Homefurnishing Retail,197.21,215.83,126.49,200.81,202.61,197.65,178.67,174.21,0.2,7.96,212.91,182.39
WMB,Williams Companies,Energy,Oil & Gas Storage & Transportation,57.8,62.87,42.67,57.11,57.45,58.2,58.83,57.0,0.2,4.39,60.34,56.05
XYL,Xylem Inc.,Industrials,Industrial Machinery & Supplies & Components,140.22,144.62,102.53,141.12,141.99,140.44,133.84,124.65,0.2,6.5,149.33,131.54
YUM,Yum! Brands,Consumer Discretionary,Restaurants,148.01,161.74,122.07,149.38,146.31,145.31,145.98,142.67,0.2,2.51,151.73,138.9
