Symbol,Company,GICS_Sector,GICS_Sub_Industry,Current_Price,High_52_Week,Low_52_Week,SMA5,SMA10,SMA20,SMA50,SMA200,Score,Target_Pcnt,Target_Price,Stop_Loss
MMM,3M,Industrials,Industrial Conglomerates,154.38,160.2,122.88,153.74,155.2,152.4,151.6,142.7,0.2,3.47,159.74,145.06
AOS,A. O. Smith,Industrials,Building Products,71.75,88.84,59.04,72.16,71.96,71.34,68.68,67.84,0.2,2.02,73.2,69.49
ABT,Abbott Laboratories,Health Care,Health Care Equipment,132.0,138.95,108.68,131.54,131.31,129.98,131.0,125.89,0.2,1.78,134.35,125.61
ABBV,AbbVie,Health Care,Biotechnology,209.5,212.84,160.57,207.62,203.96,198.7,191.96,185.88,0.2,1.19,211.99,185.4
ACN,Accenture,Information Technology,IT Consulting & Other Services,253.99,394.31,237.87,252.21,246.86,254.96,278.74,321.17,-0.2,11.15,282.31,227.6
ADBE,Adobe Inc.,Information Technology,Application Software,353.43,586.55,333.65,356.0,349.28,351.73,368.54,416.44,-0.2,5.91,374.32,329.14
AMD,Advanced Micro Devices,Information Technology,Semiconductors,163.71,184.42,78.21,169.82,173.45,173.31,153.95,124.69,-0.2,12.81,184.68,161.93
AES,AES Corporation,Utilities,Independent Power Producers & Energy Traders,12.97,19.11,9.5,13.23,13.1,13.11,12.25,11.59,0.2,4.7,13.58,12.63
AFL,Aflac,Financials,Life & Health Insurance,108.19,112.86,97.56,106.48,105.18,102.48,102.37,104.19,0.0,0.67,108.91,96.03
A,Agilent Technologies,Health Care,Life Sciences Tools & Services,117.15,151.96,99.08,118.74,117.9,117.09,117.72,124.03,-0.2,4.19,122.06,112.12
APD,Air Products,Materials,Industrial Gases,293.52,333.89,247.03,290.94,290.3,290.52,287.83,292.68,-0.2,1.66,298.39,282.66
ABNB,Airbnb,Consumer Discretionary,"Hotels, Resorts & Cruise Lines",126.43,161.42,105.69,125.6,123.81,128.25,132.9,131.76,0.2,11.69,141.21,115.3
AKAM,Akamai Technologies,Information Technology,Internet Services & Infrastructure,76.32,106.67,68.21,75.71,74.14,75.42,77.6,84.82,0.0,5.77,80.72,70.13
ALB,Albemarle Corporation,Materials,Specialty Chemicals,78.94,109.53,50.43,80.58,80.02,75.46,70.83,76.49,0.0,10.51,87.24,63.67
ARE,Alexandria Real Estate Equities,Real Estate,Office REITs,77.41,117.87,66.61,77.29,75.57,76.53,75.85,86.1,-0.2,4.95,81.24,71.82
ALGN,Align Technology,Health Care,Health Care Supplies,140.67,257.17,129.01,143.08,141.92,153.0,175.73,191.52,0.0,46.49,206.07,99.93
ALLE,Allegion,Industrials,Building Products,167.21,169.86,118.08,167.99,167.27,166.11,153.95,138.33,0.2,1.61,169.9,162.3
LNT,Alliant Energy,Utilities,Electric Utilities,66.11,66.34,54.87,65.5,65.34,65.22,62.94,60.67,0.2,1.15,66.87,63.57
ALL,Allstate,Financials,Property & Casualty Insurance,206.55,213.62,175.45,208.88,208.2,204.07,199.17,196.38,0.4,4.63,216.11,192.04
GOOGL,Alphabet Inc. (Class A),Communication Services,Interactive Media & Services,199.75,205.89,144.53,201.61,201.87,198.0,186.2,177.14,0.2,3.45,206.64,189.36
GOOG,Alphabet Inc. (Class C),Communication Services,Interactive Media & Services,200.62,207.22,146.4,202.5,202.72,198.83,187.13,178.64,0.2,3.43,207.5,190.16
MO,Altria,Consumer Staples,Tobacco,67.68,67.68,46.47,66.73,66.06,63.74,60.88,55.86,0.2,1.99,69.03,58.45
AMZN,Amazon,Consumer Discretionary,Broadline Retail,221.95,242.06,167.32,227.26,225.73,225.12,222.12,212.03,0.0,7.25,238.04,212.2
AMCR,Amcor,Materials,Paper & Plastic Packaging Products & Materials,8.65,10.94,8.45,8.59,9.07,9.29,9.37,9.48,-0.2,18.15,10.22,8.36
AEE,Ameren,Utilities,Multi-Utilities,101.5,103.26,79.24,101.17,101.35,101.2,98.34,95.05,0.0,1.89,103.42,98.98
AEP,American Electric Power,Utilities,Electric Utilities,113.14,114.06,87.97,112.41,112.45,111.89,106.87,100.74,0.2,1.98,115.38,108.39
AXP,American Express,Financials,Consumer Finance,308.17,328.13,230.81,307.04,304.67,303.0,306.97,292.35,0.2,2.0,314.33,291.68
AIG,American International Group,Financials,Multi-line Insurance,82.59,87.26,69.3,81.36,80.22,79.25,81.6,78.76,0.6,-0.13,82.48,76.01
AMT,American Tower,Real Estate,Telecom Tower REITs,209.73,235.15,170.7,207.03,205.99,210.0,216.65,204.04,0.4,6.32,222.98,197.0
AWK,American Water Works,Utilities,Water Utilities,145.87,150.19,118.87,144.66,144.18,142.71,141.41,135.85,0.2,1.25,147.69,137.71
AMP,Ameriprise Financial,Financials,Asset Management & Custody Banks,505.23,569.83,419.45,505.12,507.72,509.27,519.34,516.83,0.0,3.34,522.1,496.47
AME,Ametek,Industrials,Electrical Components & Equipment,183.44,196.4,151.15,183.19,183.72,182.81,180.88,179.88,0.2,2.41,187.86,177.75
AMGN,Amgen,Health Care,Biotechnology,295.76,329.11,254.27,295.37,291.48,294.55,293.48,286.79,0.4,4.08,307.83,281.26
APH,Amphenol,Information Technology,Electronic Components,108.81,111.85,58.99,109.54,109.99,108.39,102.1,79.76,0.0,3.48,112.6,104.19
ADI,Analog Devices,Information Technology,Semiconductors,246.95,246.95,163.85,237.09,233.93,229.65,234.03,216.05,0.6,-1.09,244.26,215.04
AON,Aon plc,Financials,Insurance Brokers,375.27,407.61,334.09,370.9,369.01,364.88,358.34,369.14,-0.2,0.76,378.12,351.63
APA,APA Corporation,Energy,Oil & Gas Exploration & Production,20.63,27.9,13.62,20.42,20.35,19.67,19.34,19.65,-0.2,3.15,21.28,18.07
APO,Apollo Global Management,Financials,Asset Management & Custody Banks,134.01,176.82,105.37,136.94,139.24,141.92,142.3,147.48,-0.2,12.19,150.35,133.49
AAPL,Apple Inc.,Information Technology,"Technology Hardware, Storage & Peripherals",224.9,258.1,172.0,228.79,229.6,219.57,211.47,220.48,0.0,7.34,241.41,197.72
AMAT,Applied Materials,Information Technology,Semiconductor Materials & Equipment,159.84,212.29,126.59,161.66,174.43,179.07,182.97,169.14,0.0,25.37,200.39,157.74
APTV,Aptiv,Consumer Discretionary,Automotive Parts & Equipment,74.37,76.14,47.92,75.11,72.99,70.02,69.74,62.81,0.4,5.04,78.12,61.93
ACGL,Arch Capital Group,Financials,Property & Casualty Insurance,93.54,109.22,84.99,91.86,90.72,89.21,89.44,92.26,0.2,-0.01,93.53,84.89
ADM,Archer Daniels Midland,Consumer Staples,Agricultural Products & Services,61.12,61.12,41.01,59.94,59.1,57.02,54.77,49.71,0.2,1.28,61.9,52.15
ANET,Arista Networks,Information Technology,Communications Equipment,132.03,141.25,64.37,134.32,136.42,129.7,112.98,100.78,0.2,12.19,148.12,111.28
AJG,Arthur J. Gallagher & Co.,Financials,Insurance Brokers,305.38,348.08,274.44,299.25,295.38,293.51,306.76,312.19,0.2,1.71,310.6,276.44
AIZ,Assurant,Financials,Multi-line Insurance,214.8,226.12,179.02,213.12,211.05,200.74,195.98,202.98,0.0,4.72,224.94,176.53
T,AT&T,Communication Services,Integrated Telecommunication Services,29.44,29.44,18.62,29.1,28.73,28.2,27.89,25.53,0.2,0.1,29.47,26.93
ATO,Atmos Energy,Utilities,Gas Utilities,166.79,166.98,126.27,165.62,165.62,161.38,157.1,149.62,0.4,2.23,170.51,152.25
ADSK,Autodesk,Information Technology,Application Software,286.06,321.27,238.84,288.06,286.94,294.59,297.93,290.34,0.2,8.88,311.46,277.72
ADP,Automatic Data Processing,Industrials,Human Resource & Employment Services,304.94,325.19,259.17,304.83,303.99,304.59,305.15,301.41,0.2,2.11,311.37,297.81
AZO,AutoZone,Consumer Discretionary,Automotive Retail,4127.69,4158.1,2981.19,4092.29,4056.3,3981.84,3804.45,3548.36,0.4,1.93,4207.35,3756.2
AVB,AvalonBay Communities,Real Estate,Multi-Family Residential REITs,190.43,232.03,182.72,190.27,189.05,190.25,197.89,208.52,-0.2,5.68,201.25,179.26
AVY,Avery Dennison,Materials,Paper & Plastic Packaging Products & Materials,175.88,219.16,158.75,174.78,174.84,172.4,176.32,181.71,0.0,2.48,180.24,164.54
AXON,Axon Enterprise,Industrials,Aerospace & Defense,763.51,870.97,354.62,765.71,777.37,778.34,773.09,652.9,0.0,13.97,870.17,686.52
BKR,Baker Hughes,Energy,Oil & Gas Equipment & Services,43.46,48.05,32.21,42.99,42.95,43.71,41.06,41.07,-0.4,5.78,45.97,41.45
BALL,Ball Corporation,Materials,"Metal, Glass & Plastic Containers",52.71,67.18,44.77,53.14,53.54,55.14,56.48,54.29,0.2,13.19,59.66,50.63
BAC,Bank of America,Financials,Diversified Banks,48.26,48.93,34.19,47.91,47.42,47.07,46.87,44.14,0.2,2.2,49.32,44.82
BAX,Baxter International,Health Care,Health Care Equipment,23.85,39.64,21.76,24.05,23.99,24.48,27.62,30.51,0.0,21.34,28.94,20.02
BDX,Becton Dickinson,Health Care,Health Care Equipment,196.63,246.46,164.16,196.96,195.67,187.97,180.14,205.23,0.0,4.13,204.75,171.18
BRK-B,Berkshire Hathaway,Financials,Multi-Sector Holdings,488.59,539.8,442.29,483.66,477.54,474.6,479.0,486.4,0.0,0.64,491.72,457.46
BBY,Best Buy,Consumer Discretionary,Computer & Electronics Retail,72.39,99.54,55.4,72.44,71.45,68.96,69.18,75.32,0.0,3.15,74.67,63.26
TECH,Bio-Techne,Health Care,Life Sciences Tools & Services,54.0,79.93,46.59,54.0,53.15,54.14,52.89,60.79,-0.2,9.93,59.36,48.91
BIIB,Biogen,Health Care,Biotechnology,139.12,206.18,113.38,138.3,134.92,132.33,130.62,138.46,-0.2,1.09,140.64,124.03
BLK,BlackRock,Financials,Asset Management & Custody Banks,1124.75,1160.16,811.42,1130.56,1138.55,1125.98,1080.98,998.14,0.2,3.19,1160.63,1091.29
BX,Blackstone Inc.,Financials,Asset Management & Custody Banks,163.44,194.8,118.51,167.21,170.01,170.98,160.13,157.5,-0.4,9.35,178.72,163.25
XYZ,"Block, Inc.",Financials,Transaction & Payment Processing Services,74.09,98.92,46.53,75.02,74.91,76.09,71.41,72.21,-0.2,8.3,80.24,71.94
BK,BNY Mellon,Financials,Asset Management & Custody Banks,101.78,103.61,63.75,101.37,102.21,101.78,96.33,85.14,-0.2,1.94,103.75,99.82
BA,Boeing,Industrials,Aerospace & Defense,224.46,236.41,136.59,228.55,229.7,228.08,220.68,184.99,0.0,5.66,237.16,219.0
BKNG,Booking Holdings,Consumer Discretionary,"Hotels, Resorts & Cruise Lines",5710.74,5815.92,3673.94,5584.18,5508.53,5519.63,5567.34,5089.68,0.4,0.07,5714.74,5324.81
BSX,Boston Scientific,Health Care,Health Care Equipment,105.21,107.76,78.48,104.25,103.64,104.47,103.83,99.17,0.2,2.13,107.45,101.49
BMY,Bristol Myers Squibb,Health Care,Pharmaceuticals,48.43,61.62,43.31,48.33,47.57,46.67,47.04,52.16,-0.2,2.68,49.73,43.62
AVGO,Broadcom,Information Technology,Semiconductors,289.6,312.83,135.46,297.56,302.98,299.64,281.54,222.53,-0.2,8.54,314.33,284.94
BR,Broadridge Financial Solutions,Industrials,Data Processing & Outsourced Services,260.83,266.89,204.4,261.25,261.91,257.96,246.97,236.07,0.2,4.45,272.44,243.48
BRO,Brown & Brown,Financials,Insurance Brokers,96.4,124.07,91.23,96.07,95.4,94.78,102.05,108.62,-0.2,5.01,101.23,88.33
BF-B,Brown–Forman,Consumer Staples,Distillers & Vintners,30.46,48.58,25.65,30.48,30.55,30.28,28.75,33.77,-0.4,3.48,31.52,29.04
BLDR,Builders FirstSource,Industrials,Building Products,133.22,201.83,105.63,135.5,135.85,133.53,126.9,138.68,-0.4,6.81,142.29,124.77
BG,Bunge Global,Consumer Staples,Agricultural Products & Services,83.4,97.93,67.23,81.32,81.6,80.21,78.96,77.36,0.4,1.46,84.62,75.8
BXP,"BXP, Inc.",Real Estate,Office REITs,66.42,86.01,56.05,66.06,65.01,66.1,68.21,68.92,-0.2,6.23,70.56,61.63
CHRW,C.H. Robinson,Industrials,Air Freight & Logistics,122.8,123.82,86.41,122.38,120.62,115.2,104.11,100.43,0.2,6.73,131.06,99.33
CDNS,Cadence Design Systems,Information Technology,Application Software,347.57,371.03,231.64,349.21,349.88,353.17,328.12,298.35,0.2,7.22,372.66,333.7
CZR,Caesars Entertainment,Consumer Discretionary,Casinos & Gaming,25.0,45.55,23.18,25.3,25.05,25.89,27.77,30.94,0.0,16.56,29.14,22.64
CPT,Camden Property Trust,Real Estate,Multi-Family Residential REITs,108.02,123.69,104.05,107.46,106.48,108.02,111.64,114.53,-0.2,5.31,113.76,102.28
CPB,Campbell's Company (The),Consumer Staples,Packaged Foods & Meats,32.57,49.89,30.28,32.5,32.41,32.43,31.81,36.88,-0.4,1.17,32.95,31.92
COF,Capital One,Financials,Consumer Finance,212.01,220.48,134.82,214.59,214.13,212.85,211.41,190.71,0.0,3.73,219.92,205.8
CAH,Cardinal Health,Health Care,Health Care Distributors,151.57,167.63,106.71,150.58,151.26,153.97,158.85,137.24,0.0,6.66,161.66,146.27
KMX,CarMax,Consumer Discretionary,Automotive Retail,57.89,89.19,54.66,58.26,57.56,57.42,62.53,72.91,-0.2,4.99,60.78,54.06
CCL,Carnival,Consumer Discretionary,"Hotels, Resorts & Cruise Lines",29.27,30.74,15.32,29.57,29.53,29.54,28.23,24.37,0.0,4.51,30.59,28.48
CARR,Carrier Global,Industrials,Building Products,65.01,81.67,55.21,66.14,66.02,68.09,71.72,68.94,0.4,18.18,76.83,59.36
CAT,Caterpillar Inc.,Industrials,Construction Machinery & Heavy Transportation Equipment,417.89,438.02,271.63,415.0,414.4,422.72,402.68,363.76,0.2,5.74,441.88,403.57
CBOE,Cboe Global Markets,Financials,Financial Exchanges & Data,249.25,253.24,189.73,248.18,248.44,247.0,238.16,217.0,0.2,2.15,254.61,239.38
CBRE,CBRE Group,Real Estate,Real Estate Services,159.12,160.84,111.5,159.34,157.99,156.09,145.76,135.1,0.2,2.64,163.32,148.87
CDW,CDW Corporation,Information Technology,Technology Distributors,164.18,226.97,144.0,165.65,164.9,169.1,174.03,175.75,-0.2,11.34,182.8,155.41
COR,Cencora,Health Care,Health Care Distributors,303.23,303.69,217.68,296.96,293.3,290.42,292.86,266.8,0.4,-0.35,302.17,278.67
CNC,Centene Corporation,Health Care,Managed Health Care,28.81,80.23,25.21,29.0,27.6,26.86,35.82,53.98,-0.2,3.26,29.75,23.97
CNP,CenterPoint Energy,Utilities,Multi-Utilities,38.0,39.16,25.32,38.11,38.35,38.45,37.21,34.7,0.0,3.45,39.31,37.6
CF,CF Industries,Materials,Fertilizers & Agricultural Chemicals,86.36,101.88,67.67,85.23,84.18,87.67,91.84,85.25,0.2,11.58,96.36,78.98
CRL,Charles River Laboratories,Health Care,Life Sciences Tools & Services,154.54,220.69,99.75,157.25,154.75,161.51,157.42,161.15,-0.2,17.64,181.8,141.21
SCHW,Charles Schwab Corporation,Financials,Investment Banking & Brokerage,95.82,98.69,60.96,95.87,96.61,96.72,93.39,82.65,0.0,2.98,98.68,94.75
CHTR,Charter Communications,Communication Services,Cable & Satellite,267.98,427.25,256.57,267.24,264.69,269.9,345.01,364.65,0.0,10.35,295.72,244.08
CVX,Chevron Corporation,Energy,Integrated Oil & Gas,155.55,164.65,130.67,153.84,153.46,152.62,149.28,147.11,0.2,0.39,156.16,149.09
CMG,Chipotle Mexican Grill,Consumer Discretionary,Restaurants,42.91,66.16,41.44,43.33,42.92,43.26,49.6,53.6,0.0,6.06,45.51,41.02
CB,Chubb Limited,Financials,Property & Casualty Insurance,278.82,301.45,256.04,275.89,274.22,271.01,277.21,279.63,0.2,0.06,278.99,263.04
CHD,Church & Dwight,Consumer Staples,Household Products,94.96,112.48,90.63,93.84,92.89,93.35,95.42,101.69,0.0,2.13,96.98,89.72
CI,Cigna,Health Care,Health Care Services,300.95,361.79,262.23,300.56,291.27,284.97,301.1,306.63,0.0,3.68,312.02,257.91
CINF,Cincinnati Financial,Financials,Property & Casualty Insurance,152.96,157.35,125.84,151.97,151.94,150.86,148.68,143.89,0.2,1.61,155.42,146.31
CTAS,Cintas,Industrials,Diversified Support Services,216.11,227.2,181.05,216.02,219.77,221.13,220.01,209.68,0.2,5.33,227.63,214.63
CSCO,Cisco,Information Technology,Communications Equipment,67.02,71.79,47.21,66.81,68.76,68.54,67.88,61.59,0.0,6.94,71.67,65.4
C,Citigroup,Financials,Diversified Banks,92.59,95.74,55.59,93.48,93.83,93.45,88.44,75.6,-0.2,4.01,96.3,90.61
CFG,Citizens Financial Group,Financials,Regional Banks,48.46,49.45,33.59,48.5,48.26,48.02,46.24,43.06,0.2,2.35,49.6,46.45
CLX,Clorox,Consumer Staples,Household Products,119.84,165.31,116.82,120.71,121.41,123.12,123.38,141.73,-0.4,6.67,127.83,118.41
CME,CME Group,Financials,Financial Exchanges & Data,273.32,289.38,198.12,272.75,275.62,277.76,275.73,254.72,0.2,5.06,287.15,268.36
CMS,CMS Energy,Utilities,Multi-Utilities,72.78,74.4,63.54,72.63,72.84,72.85,71.02,69.26,0.2,2.38,74.51,71.19
KO,Coca-Cola Company (The),Consumer Staples,Soft Drinks & Non-alcoholic Beverages,70.66,73.38,59.94,70.11,70.23,69.62,69.92,67.38,0.2,0.98,71.35,67.9
CTSH,Cognizant,Information Technology,IT Consulting & Other Services,71.08,89.65,65.92,70.44,69.8,70.94,74.89,77.51,-0.2,5.84,75.23,66.66
COIN,Coinbase,Financials,Financial Exchanges & Data,300.28,419.78,147.35,309.0,314.97,329.64,341.28,269.97,0.2,29.82,389.82,269.47
CL,Colgate-Palmolive,Consumer Staples,Household Products,86.28,106.38,83.06,85.5,85.26,85.14,87.55,89.55,0.0,1.56,87.63,82.65
CMCSA,Comcast,Communication Services,Cable & Satellite,33.6,43.96,31.41,33.53,32.87,32.79,34.14,35.8,0.0,1.85,34.22,31.37
CAG,Conagra Brands,Consumer Staples,Packaged Foods & Meats,19.3,30.97,18.26,19.19,19.3,19.03,19.66,23.54,0.2,2.18,19.72,18.35
COP,ConocoPhillips,Energy,Oil & Gas Exploration & Production,94.78,111.14,81.29,94.4,94.17,94.02,93.07,95.17,-0.2,2.27,96.93,91.11
ED,Consolidated Edison,Utilities,Multi-Utilities,101.5,111.42,85.77,100.97,102.11,102.37,100.98,98.97,0.0,3.46,105.01,99.73
STZ,Constellation Brands,Consumer Staples,Distillers & Vintners,164.93,252.91,159.07,166.32,168.08,169.49,167.75,187.68,-0.2,6.12,175.02,163.94
CEG,Constellation Energy,Utilities,Electric Utilities,312.52,354.46,170.52,317.72,324.62,331.79,320.56,270.58,0.0,13.19,353.74,309.84
COO,Cooper Companies (The),Health Care,Health Care Supplies,73.04,111.23,66.91,73.47,72.89,72.11,72.06,84.41,-0.2,3.7,75.74,68.49
CPRT,Copart,Industrials,Diversified Support Services,47.68,63.84,45.33,47.51,47.21,46.7,47.4,55.03,0.0,0.96,48.14,45.26
GLW,Corning Inc.,Information Technology,Electronic Components,64.89,65.77,38.85,64.99,65.3,63.45,56.78,49.73,0.0,6.86,69.34,57.56
CPAY,Corpay,Financials,Transaction & Payment Processing Services,317.66,389.55,283.07,317.78,314.06,318.65,326.03,343.3,0.0,6.1,337.04,300.26
CTVA,Corteva,Materials,Fertilizers & Agricultural Chemicals,72.98,77.12,53.02,72.48,72.1,72.07,73.28,64.69,0.6,0.69,73.48,70.66
CSGP,CoStar Group,Real Estate,Real Estate Services,88.36,96.83,69.29,88.68,89.44,92.37,86.86,78.93,-0.2,12.27,99.2,85.53
COST,Costco,Consumer Staples,Consumer Staples Merchandise Retail,969.68,1073.97,869.13,979.3,981.17,963.7,970.33,971.64,-0.2,3.82,1006.72,920.66
CTRA,Coterra,Energy,Oil & Gas Exploration & Production,23.44,29.06,21.86,23.41,23.64,23.73,24.55,25.4,-0.2,3.97,24.37,23.08
CRWD,CrowdStrike,Information Technology,Systems Software,414.06,514.1,246.39,421.21,424.98,439.65,467.74,405.66,0.2,14.87,475.63,403.67
CCI,Crown Castle,Real Estate,Telecom Tower REITs,102.8,115.16,82.06,102.06,102.38,104.8,103.67,97.7,0.2,7.61,110.62,98.98
CSX,CSX Corporation,Industrials,Rail Transportation,35.87,36.52,26.58,36.14,35.96,35.73,34.27,32.22,0.2,1.87,36.54,34.93
CMI,Cummins,Industrials,Construction Machinery & Heavy Transportation Equipment,394.2,406.8,265.61,398.83,398.01,383.84,353.39,341.32,0.2,5.46,415.72,351.96
CVS,CVS Health,Health Care,Health Care Services,71.43,71.43,42.33,70.4,68.06,64.99,64.99,60.04,0.2,1.25,72.32,57.66
DHR,Danaher Corporation,Health Care,Life Sciences Tools & Services,203.9,276.83,174.36,209.49,207.28,203.83,200.59,210.73,-0.2,5.22,214.54,193.11
DRI,Darden Restaurants,Consumer Discretionary,Restaurants,206.54,224.21,149.25,206.93,205.63,204.79,210.54,193.7,0.4,1.04,208.69,200.89
DDOG,Datadog,Information Technology,Application Software,129.15,168.65,87.0,128.58,128.49,135.28,135.72,127.44,0.2,17.68,151.98,118.58
DVA,DaVita,Health Care,Health Care Services,137.58,177.35,127.69,136.06,134.0,136.77,139.47,148.84,0.0,7.7,148.17,125.38
DAY,Dayforce,Industrials,Human Resource & Employment Services,69.0,81.8,49.33,64.27,58.09,57.29,57.16,63.49,0.0,-0.49,68.66,45.92
DECK,Deckers Brands,Consumer Discretionary,Footwear,104.69,223.11,95.32,104.56,103.9,105.96,104.34,141.53,0.0,8.81,113.91,98.01
DE,Deere & Company,Industrials,Agricultural & Farm Machinery,486.76,529.8,367.41,489.77,496.44,503.68,508.39,471.37,0.0,8.2,526.67,480.68
DELL,Dell Technologies,Information Technology,"Technology Hardware, Storage & Peripherals",127.83,142.14,70.88,133.58,136.35,133.92,126.73,112.64,0.0,11.41,142.42,125.43
DAL,Delta Air Lines,Industrials,Passenger Airlines,57.84,68.45,35.65,59.74,58.27,55.9,53.24,54.64,0.0,7.28,62.05,49.75
DVN,Devon Energy,Energy,Oil & Gas Exploration & Production,33.89,43.73,26.61,33.7,33.54,33.24,33.27,33.71,-0.2,2.04,34.58,31.91
DXCM,Dexcom,Health Care,Health Care Equipment,80.62,90.75,59.83,80.99,80.18,81.16,82.85,79.69,0.4,11.59,89.96,72.36
FANG,Diamondback Energy,Energy,Oil & Gas Exploration & Production,138.0,194.36,117.58,138.91,138.87,142.53,142.29,150.47,-0.2,9.77,151.48,133.58
DLR,Digital Realty,Real Estate,Data Center REITs,163.78,191.46,135.17,165.52,167.03,170.7,172.78,167.35,0.2,9.65,179.58,161.82
DG,Dollar General,Consumer Staples,Consumer Staples Merchandise Retail,112.49,121.87,67.66,113.04,114.17,111.58,111.91,89.24,0.0,5.72,118.92,104.25
DLTR,Dollar Tree,Consumer Staples,Consumer Staples Merchandise Retail,112.59,117.16,61.21,112.79,113.85,114.53,107.99,83.01,0.2,4.09,117.19,111.87
D,Dominion Energy,Utilities,Multi-Utilities,61.25,62.1,49.07,61.12,61.35,60.55,58.13,55.16,0.2,3.07,63.13,57.96
DPZ,Domino's,Consumer Discretionary,Restaurants,446.86,495.6,397.58,447.28,445.97,454.79,457.64,455.34,0.2,7.83,481.85,427.72
DASH,DoorDash,Consumer Discretionary,Specialized Consumer Services,245.18,270.99,123.56,247.74,251.99,252.42,241.86,199.66,-0.2,8.65,266.39,238.45
DOV,Dover Corporation,Industrials,Industrial Machinery & Supplies & Components,177.41,205.3,150.71,177.91,177.86,178.7,182.1,185.56,0.0,4.93,186.16,171.25
DOW,Dow Inc.,Materials,Commodity Chemicals,23.69,52.18,20.87,23.58,22.8,23.01,26.3,33.16,-0.2,9.03,25.83,20.2
DHI,D. R. Horton,Consumer Discretionary,Homebuilding,161.87,194.88,114.44,164.83,162.33,155.56,141.03,137.13,0.4,6.02,171.61,139.51
DTE,DTE Energy,Utilities,Multi-Utilities,140.2,141.49,114.13,139.35,139.82,139.2,135.88,128.8,0.0,1.34,142.08,136.33
DUK,Duke Energy,Utilities,Electric Utilities,124.14,124.85,102.96,123.26,123.63,122.36,118.74,113.97,0.2,2.31,127.01,117.71
DD,DuPont,Materials,Specialty Chemicals,74.55,88.16,54.8,73.82,72.9,72.67,72.13,73.67,0.0,2.13,76.14,69.2
EMN,Eastman Chemical Company,Materials,Specialty Chemicals,66.01,110.6,58.79,66.13,64.97,66.49,73.21,85.17,-0.2,18.09,77.95,55.02
ETN,Eaton Corporation,Industrials,Electrical Components & Equipment,345.38,392.76,245.66,349.03,354.4,366.73,359.02,328.7,0.2,15.7,399.6,333.87
EBAY,eBay Inc.,Consumer Discretionary,Broadline Retail,98.86,100.77,55.96,99.53,98.24,92.6,83.29,70.37,0.4,8.74,107.5,77.71
ECL,Ecolab,Materials,Specialty Chemicals,283.06,285.47,225.1,282.62,279.79,272.71,269.61,253.95,0.4,2.11,289.03,256.4
EIX,Edison International,Utilities,Electric Utilities,53.81,84.75,47.56,55.45,55.45,54.47,52.03,59.5,-0.4,6.84,57.49,51.46
EW,Edwards Lifesciences,Health Care,Health Care Equipment,81.16,81.39,64.54,79.61,78.73,79.1,77.47,73.6,0.2,0.47,81.54,76.65
EA,Electronic Arts,Communication Services,Interactive Home Entertainment,171.55,179.01,116.21,171.48,173.65,165.01,157.78,148.22,0.4,7.52,184.45,145.57
ELV,Elevance Health,Health Care,Managed Health Care,309.6,553.55,274.66,310.1,301.76,292.19,326.45,380.9,0.2,2.23,316.5,267.87
EMR,Emerson Electric,Industrials,Electrical Components & Equipment,130.09,149.04,93.37,131.23,132.05,137.25,136.19,122.63,0.2,15.63,150.42,124.07
ENPH,Enphase Energy,Information Technology,Semiconductor Materials & Equipment,34.58,123.65,30.11,35.42,34.21,33.43,37.62,54.6,0.0,6.36,36.78,30.09
ETR,Entergy,Utilities,Electric Utilities,89.22,91.02,57.69,88.97,89.58,89.26,85.22,80.7,0.2,2.7,91.63,86.89
EOG,EOG Resources,Energy,Oil & Gas Exploration & Production,118.51,134.72,102.81,118.18,118.13,118.48,119.59,120.62,0.0,3.15,122.24,114.73
EPAM,EPAM Systems,Information Technology,IT Consulting & Other Services,166.4,267.63,143.33,164.54,160.55,159.92,167.32,197.39,0.0,4.19,173.37,146.47
EQT,EQT Corporation,Energy,Oil & Gas Exploration & Production,52.05,60.26,31.49,51.46,51.52,51.84,54.76,50.66,0.2,2.63,53.42,50.26
EFX,Equifax,Industrials,Research & Consulting Services,245.45,305.2,205.11,247.41,245.89,244.07,253.25,253.63,0.0,2.65,251.95,236.18
EQIX,Equinix,Real Estate,Data Center REITs,772.19,968.75,731.64,771.76,773.48,777.84,796.01,859.0,-0.2,3.43,798.68,757.01
EQR,Equity Residential,Real Estate,Multi-Family Residential REITs,64.27,75.24,61.2,64.11,63.63,64.11,66.11,68.57,-0.2,4.33,67.05,61.17
ERIE,Erie Indemnity,Financials,Insurance Brokers,359.82,537.71,339.09,362.67,363.12,359.05,353.53,386.67,-0.4,2.61,369.21,348.9
ESS,Essex Property Trust,Real Estate,Multi-Family Residential REITs,262.76,308.41,252.08,260.6,257.86,262.41,275.76,282.31,-0.2,8.25,284.44,240.39
EL,Estée Lauder Companies (The),Consumer Staples,Personal Care Products,87.72,99.31,49.8,89.17,90.22,90.97,85.8,72.59,-0.2,8.11,94.83,87.1
EG,Everest Group,Financials,Reinsurance,348.06,400.34,324.54,338.64,335.55,333.31,335.33,347.8,0.0,-1.15,344.06,322.55
EVRG,Evergy,Utilities,Electric Utilities,72.54,73.27,56.09,72.2,72.46,71.86,69.85,65.57,0.0,2.81,74.58,69.15
ES,Eversource Energy,Utilities,Electric Utilities,65.42,66.62,53.58,65.38,65.53,65.74,65.06,60.65,0.0,1.99,66.72,64.76
EXC,Exelon,Utilities,Electric Utilities,44.64,46.54,35.25,44.57,44.7,44.45,43.44,41.55,0.0,1.95,45.51,43.4
EXE,Expand Energy,Energy,Oil & Gas Exploration & Production,95.45,120.67,68.08,94.13,94.92,97.22,104.74,102.18,0.4,7.94,103.03,91.41
EXPE,Expedia Group,Consumer Discretionary,"Hotels, Resorts & Cruise Lines",205.35,209.68,129.25,206.64,204.11,193.8,182.65,176.65,0.4,5.31,216.25,171.35
EXPD,Expeditors International,Industrials,Air Freight & Logistics,118.41,129.72,102.14,119.79,119.59,117.73,116.09,114.46,0.2,3.81,122.92,112.55
EXR,Extra Space Storage,Real Estate,Self-Storage REITs,139.03,177.29,125.24,138.41,137.4,140.06,145.26,148.0,-0.2,8.29,150.56,129.56
XOM,ExxonMobil,Energy,Integrated Oil & Gas,109.23,121.0,98.11,107.68,106.72,107.6,109.2,108.14,0.4,2.38,111.83,103.38
FFIV,"F5, Inc.",Information Technology,Communications Equipment,314.23,326.47,195.73,315.42,318.77,314.3,302.87,277.41,0.2,5.33,330.98,297.62
FDS,FactSet,Financials,Financial Exchanges & Data,376.96,492.37,369.62,375.89,376.14,388.81,416.32,446.28,0.0,11.42,420.01,357.6
FICO,Fair Isaac,Information Technology,Application Software,1361.72,2382.4,1311.26,1356.81,1338.84,1385.83,1580.68,1868.28,0.0,12.51,1532.07,1239.6
FAST,Fastenal,Industrials,Trading Companies & Distributors,49.14,49.9,31.72,49.31,48.88,47.63,45.0,40.02,0.4,2.73,50.48,44.77
FRT,Federal Realty Investment Trust,Real Estate,Retail REITs,96.31,113.73,82.59,95.41,94.09,93.5,94.14,99.32,-0.2,0.54,96.83,90.17
FDX,FedEx,Industrials,Air Freight & Logistics,225.28,300.06,196.8,228.12,228.53,228.04,229.22,244.73,0.0,7.05,241.16,214.92
FIS,Fidelity National Information Services,Financials,Transaction & Payment Processing Services,69.55,89.62,67.79,69.84,70.63,74.06,77.95,77.83,0.2,20.29,83.66,64.47
FITB,Fifth Third Bancorp,Financials,Regional Banks,42.88,47.14,33.02,42.81,42.53,42.16,41.76,40.95,0.2,1.75,43.63,40.69
FSLR,First Solar,Information Technology,Semiconductors,192.0,255.75,120.38,205.74,194.51,188.73,174.75,165.59,0.4,9.94,211.08,166.37
FE,FirstEnergy,Utilities,Electric Utilities,43.48,43.95,37.17,43.36,43.46,42.89,41.1,40.09,0.2,2.64,44.63,41.14
FI,Fiserv,Financials,Transaction & Payment Processing Services,140.0,237.79,132.22,138.57,135.95,136.81,154.67,192.72,-0.2,2.4,143.36,130.26
F,Ford Motor Company,Consumer Discretionary,Automobile Manufacturers,11.33,11.75,8.45,11.46,11.37,11.17,11.05,10.03,0.4,3.27,11.7,10.64
FTNT,Fortinet,Information Technology,Systems Software,77.75,114.57,74.39,79.06,77.93,87.97,97.36,98.61,-0.2,43.22,111.35,64.59
FTV,Fortive,Industrials,Industrial Machinery & Supplies & Components,47.76,62.46,46.55,47.97,47.79,48.32,50.77,54.81,0.0,7.01,51.11,45.53
FOXA,Fox Corporation (Class A),Communication Services,Broadcasting,59.03,59.89,38.72,58.42,57.57,56.57,55.98,52.11,0.2,2.0,60.21,52.93
FOX,Fox Corporation (Class B),Communication Services,Broadcasting,53.98,54.58,35.86,53.47,52.57,51.73,51.32,48.46,0.2,2.07,55.1,48.35
BEN,Franklin Resources,Financials,Asset Management & Custody Banks,24.52,26.03,16.43,24.86,25.19,24.93,24.25,20.94,0.0,6.0,25.99,23.88
FCX,Freeport-McMoRan,Materials,Copper,41.72,51.16,28.93,41.72,41.91,41.58,42.84,39.77,0.4,6.35,44.37,38.78
GRMN,Garmin,Consumer Discretionary,Consumer Electronics,229.59,239.99,159.72,231.63,232.41,230.36,219.98,210.23,0.2,5.17,241.46,219.27
IT,Gartner,Information Technology,IT Consulting & Other Services,244.66,551.8,225.98,241.87,237.95,275.2,343.01,442.4,0.0,54.16,377.17,173.23
GE,GE Aerospace,Industrials,Aerospace & Defense,268.71,279.63,159.16,267.48,270.58,271.25,259.25,211.38,0.0,3.43,277.93,264.57
GEHC,GE HealthCare,Health Care,Health Care Equipment,73.15,93.69,58.69,73.51,73.6,73.21,73.89,77.94,0.0,6.62,77.99,68.44
GEV,GE Vernova,Industrials,Heavy Electrical Equipment,606.0,664.55,181.78,612.13,627.75,639.86,573.09,412.73,-0.2,11.92,678.24,601.48
GEN,Gen Digital,Information Technology,Systems Software,31.19,32.03,23.31,31.37,31.3,30.29,29.92,28.09,0.4,4.84,32.7,27.88
GNRC,Generac,Industrials,Electrical Components & Equipment,190.55,202.85,101.92,195.24,196.97,189.19,161.18,148.61,0.2,15.27,219.65,158.74
GD,General Dynamics,Industrials,Aerospace & Defense,316.53,317.49,239.38,315.54,315.41,314.23,301.06,275.38,0.2,0.41,317.83,310.63
GIS,General Mills,Consumer Staples,Packaged Foods & Meats,49.81,72.16,48.94,49.67,49.61,49.59,50.74,56.71,0.0,1.53,50.57,48.61
GM,General Motors,Consumer Discretionary,Automobile Manufacturers,56.51,59.72,42.35,56.58,55.66,54.21,52.27,50.3,0.4,2.0,57.64,50.79
GPC,Genuine Parts Company,Consumer Discretionary,Distributors,136.33,140.16,104.68,137.4,136.41,134.24,128.0,121.23,0.4,2.69,140.0,128.47
GILD,Gilead Sciences,Health Care,Biotechnology,116.14,120.47,72.41,117.84,118.83,115.97,112.43,102.91,0.2,5.44,122.46,109.49
GPN,Global Payments,Financials,Transaction & Payment Processing Services,85.72,118.42,67.25,86.25,84.91,83.36,81.18,94.23,0.0,4.28,89.39,77.32
GL,Globe Life,Financials,Life & Health Insurance,139.62,143.27,96.43,137.38,138.38,138.79,128.3,120.33,0.2,2.66,143.33,134.24
GDDY,GoDaddy,Information Technology,Internet Services & Infrastructure,146.03,214.35,133.35,145.4,142.35,150.96,164.86,182.59,0.0,16.92,170.74,131.17
GS,Goldman Sachs,Financials,Investment Banking & Brokerage,715.95,747.2,459.93,723.94,729.55,726.77,700.76,609.09,-0.2,4.14,745.59,707.96
HAL,Halliburton,Energy,Oil & Gas Equipment & Services,21.28,31.33,19.1,21.19,21.09,21.55,21.63,24.13,-0.2,7.8,22.94,20.17
HIG,Hartford (The),Financials,Property & Casualty Insurance,133.2,133.97,105.42,131.86,130.71,127.91,125.5,119.18,0.4,1.23,134.84,120.97
HAS,Hasbro,Consumer Discretionary,Leisure Products,79.41,80.8,49.75,79.94,79.04,77.27,74.88,63.5,0.4,2.62,81.49,73.04
HCA,HCA Healthcare,Health Care,Health Care Facilities,404.26,412.92,295.46,401.31,394.55,374.87,373.11,343.09,0.4,3.71,419.26,330.49
DOC,Healthpeak Properties,Real Estate,Health Care REITs,17.28,21.82,16.53,17.2,17.04,17.02,17.45,18.68,0.0,1.04,17.46,16.58
HSIC,Henry Schein,Health Care,Health Care Distributors,68.21,81.91,62.7,68.04,67.67,68.05,70.49,71.28,0.0,4.69,71.41,64.69
HSY,Hershey Company (The),Consumer Staples,Packaged Foods & Meats,179.36,196.72,141.22,179.62,178.78,182.54,174.81,166.54,0.2,6.61,191.22,173.88
HPE,Hewlett Packard Enterprise,Information Technology,"Technology Hardware, Storage & Peripherals",21.82,24.05,12.42,21.4,21.26,20.84,20.14,19.23,0.4,0.73,21.98,19.71
HLT,Hilton Worldwide,Consumer Discretionary,"Hotels, Resorts & Cruise Lines",269.19,278.65,201.16,269.54,268.3,267.35,265.42,249.49,0.2,2.87,276.92,257.77
HOLX,Hologic,Health Care,Health Care Equipment,67.17,83.72,52.73,67.77,67.99,67.38,65.85,66.43,-0.2,3.22,69.33,65.43
HD,Home Depot (The),Consumer Discretionary,Home Improvement Retail,397.7,426.0,333.17,400.14,397.96,388.1,373.45,380.0,0.0,3.47,411.5,364.68
HON,Honeywell,Industrials,Industrial Conglomerates,217.42,239.16,180.99,216.87,216.64,218.29,225.69,217.16,0.2,2.72,223.33,213.24
HRL,Hormel Foods,Consumer Staples,Packaged Foods & Meats,28.91,32.6,27.75,28.54,28.58,28.51,29.43,29.64,0.2,0.62,29.09,27.92
HST,Host Hotels & Resorts,Real Estate,Hotel & Resort REITs,16.15,18.25,12.54,15.99,15.85,15.84,15.88,15.8,0.2,2.79,16.6,15.07
HWM,Howmet Aerospace,Industrials,Aerospace & Defense,173.25,192.01,91.19,172.28,175.57,180.08,179.69,142.43,0.0,10.93,192.19,167.98
HPQ,HP Inc.,Information Technology,"Technology Hardware, Storage & Peripherals",26.58,38.15,21.63,26.72,26.59,25.89,25.32,29.0,0.0,3.61,27.54,24.24
HUBB,Hubbell Incorporated,Industrials,Industrial Machinery & Supplies & Components,427.57,467.52,314.89,430.04,430.02,430.41,418.58,400.05,0.0,4.15,445.31,415.48
HUM,Humana,Health Care,Managed Health Care,294.47,366.52,220.41,289.26,281.79,264.66,246.69,259.55,-0.2,3.18,303.83,225.5
HBAN,Huntington Bancshares,Financials,Regional Banks,16.66,17.67,12.37,16.67,16.54,16.45,16.56,15.9,0.2,2.4,17.06,15.85
HII,Huntington Ingalls Industries,Industrials,Aerospace & Defense,266.48,278.86,157.56,266.56,266.9,266.75,254.11,212.77,0.2,3.08,274.69,258.79
IBM,IBM,Information Technology,IT Consulting & Other Services,239.4,292.8,190.58,240.48,239.29,246.48,268.64,244.45,0.4,9.81,262.89,230.07
IEX,IDEX Corporation,Industrials,Industrial Machinery & Supplies & Components,162.38,233.54,157.53,164.26,163.71,165.88,173.99,191.38,0.0,12.82,183.2,148.57
IDXX,Idexx Laboratories,Health Care,Health Care Equipment,633.05,682.78,361.04,639.66,647.86,621.21,567.19,473.02,0.2,12.06,709.4,533.04
ITW,Illinois Tool Works,Industrials,Industrial Machinery & Supplies & Components,261.0,273.51,217.09,260.96,260.9,258.8,254.51,252.59,0.2,1.95,266.09,251.52
INCY,Incyte,Health Care,Biotechnology,86.53,86.92,55.17,86.01,84.12,79.93,73.24,69.49,0.2,4.28,90.23,69.63
IR,Ingersoll Rand,Industrials,Industrial Machinery & Supplies & Components,77.45,105.27,66.72,78.71,78.52,80.13,82.95,86.39,-0.2,14.05,88.33,71.92
PODD,Insulet Corporation,Health Care,Health Care Equipment,327.85,333.0,180.69,326.53,317.87,303.69,300.48,279.7,0.4,2.71,336.73,270.67
INTC,Intel,Information Technology,Semiconductors,23.5,27.39,18.13,24.11,22.91,21.51,22.01,21.7,0.4,7.15,25.18,17.84
ICE,Intercontinental Exchange,Financials,Financial Exchanges & Data,179.23,188.45,142.02,179.59,181.71,183.81,182.06,167.49,0.2,6.05,190.07,177.54
IFF,International Flavors & Fragrances,Materials,Specialty Chemicals,66.13,104.49,63.46,65.84,65.3,68.15,72.53,79.06,0.0,14.97,76.03,60.27
IP,International Paper,Materials,Paper & Plastic Packaging Products & Materials,48.03,58.45,43.05,47.16,47.3,48.35,48.65,50.89,-0.4,13.47,54.5,42.21
IPG,Interpublic Group of Companies (The),Communication Services,Advertising,26.53,31.12,22.6,26.38,25.91,25.44,24.89,26.02,0.0,1.43,26.91,23.97
INTU,Intuit,Information Technology,Application Software,697.76,807.39,542.39,706.38,712.28,748.89,758.36,662.42,0.2,18.57,827.33,670.41
ISRG,Intuitive Surgical,Health Care,Health Care Equipment,469.88,610.45,451.58,478.21,477.06,481.31,504.8,530.04,0.0,6.21,499.06,463.57
IVZ,Invesco,Financials,Asset Management & Custody Banks,20.67,21.6,11.86,20.88,20.87,20.94,18.34,16.49,0.2,4.98,21.7,20.17
INVH,Invitation Homes,Real Estate,Single-Family Residential REITs,30.58,36.03,29.76,30.42,30.28,30.57,31.85,32.28,-0.2,3.83,31.75,29.39
IQV,IQVIA,Health Care,Life Sciences Tools & Services,185.39,251.55,137.0,190.68,187.89,187.67,172.94,179.37,-0.2,7.87,199.98,175.36
IRM,Iron Mountain,Real Estate,Other Specialized REITs,90.55,125.19,76.34,91.13,91.29,93.56,97.68,98.28,-0.2,10.44,100.0,87.12
JBHT,J.B. Hunt,Industrials,Cargo Ground Transportation,143.4,195.43,123.94,143.83,142.95,143.3,145.38,155.81,0.0,3.92,149.02,137.58
JBL,Jabil,Information Technology,Electronic Manufacturing Services,205.06,230.3,100.84,209.24,215.96,219.39,215.28,164.82,0.0,14.0,233.77,205.01
JKHY,Jack Henry & Associates,Financials,Transaction & Payment Processing Services,163.26,190.67,158.52,161.78,161.14,165.82,173.91,174.66,-0.2,8.52,177.17,154.47
J,Jacobs Solutions,Industrials,Construction & Engineering,147.32,152.18,109.42,147.27,148.27,145.68,137.96,130.89,0.2,3.43,152.37,139.0
JNJ,Johnson & Johnson,Health Care,Pharmaceuticals,178.93,178.93,139.73,177.69,175.75,172.17,163.15,154.96,0.2,0.9,180.54,163.8
JCI,Johnson Controls,Industrials,Building Products,104.75,111.73,66.66,104.9,105.32,105.77,105.64,89.25,0.2,5.1,110.09,101.46
JPM,JPMorgan Chase,Financials,Diversified Banks,291.47,299.63,199.83,291.28,291.23,292.77,287.28,256.84,-0.2,2.82,299.69,285.84
K,Kellanova,Consumer Staples,Packaged Foods & Meats,79.99,82.31,77.85,80.06,80.09,80.0,79.76,80.62,-0.4,0.38,80.29,79.72
KVUE,Kenvue,Consumer Staples,Personal Care Products,21.44,24.0,19.25,21.37,21.35,21.52,21.37,21.97,0.0,4.1,22.32,20.73
KDP,Keurig Dr Pepper,Consumer Staples,Soft Drinks & Non-alcoholic Beverages,35.2,36.99,29.97,35.0,34.83,34.1,33.61,32.85,0.2,1.39,35.69,32.52
KEY,KeyCorp,Financials,Regional Banks,18.15,19.26,13.06,18.15,18.01,17.99,17.71,16.77,0.0,2.87,18.67,17.31
KEYS,Keysight Technologies,Information Technology,Electronic Equipment & Instruments,160.59,185.11,127.02,162.08,163.86,163.69,163.41,160.73,0.2,5.77,169.86,157.54
KMB,Kimberly-Clark,Consumer Staples,Household Products,132.97,146.03,122.21,132.69,133.56,131.96,130.49,132.57,-0.4,4.62,139.11,124.81
KIM,Kimco Realty,Real Estate,Retail REITs,21.55,24.93,18.48,21.44,21.26,21.33,21.3,21.64,-0.2,2.18,22.02,20.64
KMI,Kinder Morgan,Energy,Oil & Gas Storage & Transportation,26.82,30.24,19.94,26.54,26.67,27.1,27.44,26.92,0.0,5.59,28.32,25.89
KKR,KKR & Co.,Financials,Asset Management & Custody Banks,137.84,166.38,92.52,139.67,142.32,144.53,138.58,134.92,0.2,11.06,153.09,135.98
KLAC,KLA Corporation,Information Technology,Semiconductor Materials & Equipment,872.39,953.34,573.9,876.67,903.86,902.52,901.68,747.28,0.2,9.04,951.25,853.8
KHC,Kraft Heinz,Consumer Staples,Packaged Foods & Meats,27.5,34.7,25.61,27.51,27.57,27.67,27.11,28.62,-0.4,4.18,28.65,26.69
KR,Kroger,Consumer Staples,Food Retail,71.42,73.97,50.47,70.68,71.33,71.07,70.46,65.29,0.0,4.24,74.45,67.69
LHX,L3Harris,Industrials,Aerospace & Defense,276.11,278.26,192.63,273.39,271.85,273.19,262.93,230.71,0.2,1.18,279.37,267.0
LH,Labcorp,Health Care,Health Care Services,276.56,278.1,210.19,274.26,271.79,267.01,260.83,243.88,0.4,0.59,278.19,255.81
LRCX,Lam Research,Information Technology,Semiconductor Materials & Equipment,98.41,107.38,58.94,99.26,101.94,99.72,98.01,81.68,0.0,8.1,106.38,93.06
LW,Lamb Weston,Consumer Staples,Packaged Foods & Meats,54.66,80.72,47.73,54.68,53.91,54.99,53.4,58.21,-0.2,9.92,60.08,49.91
LVS,Las Vegas Sands,Consumer Discretionary,Casinos & Gaming,53.51,54.33,30.35,53.44,53.52,52.93,48.74,44.91,0.2,1.64,54.39,51.47
LDOS,Leidos,Industrials,Diversified Support Services,180.44,199.72,126.1,179.02,178.71,171.79,163.19,151.84,0.2,4.39,188.36,155.22
LEN,Lennar,Consumer Discretionary,Homebuilding,129.14,183.45,101.84,131.42,128.43,122.49,115.52,123.89,0.0,5.71,136.51,108.48
LII,Lennox International,Industrials,Building Products,570.64,674.16,506.5,592.98,593.08,605.41,594.56,596.24,0.0,13.99,650.47,560.35
LLY,Lilly (Eli),Health Care,Pharmaceuticals,709.82,952.73,624.28,703.55,675.59,715.38,756.55,786.8,-0.2,16.42,826.37,604.4
LIN,Linde plc,Materials,Industrial Gases,480.71,482.36,410.23,480.32,477.09,472.34,469.06,453.08,0.2,0.86,484.84,459.81
LYV,Live Nation Entertainment,Communication Services,Movies & Entertainment,162.47,162.9,92.78,162.06,159.68,154.94,150.47,138.88,0.4,2.14,165.95,143.93
LKQ,LKQ Corporation,Consumer Discretionary,Distributors,30.59,43.02,28.96,30.86,30.52,30.24,34.51,37.65,-0.2,4.74,32.04,28.45
LMT,Lockheed Martin,Industrials,Aerospace & Defense,447.2,602.16,410.74,442.5,437.58,430.83,449.25,467.64,0.4,0.45,449.21,412.47
L,Loews Corporation,Financials,Multi-line Insurance,96.36,96.7,76.27,95.68,95.09,93.4,91.67,87.07,0.4,1.23,97.55,89.25
LOW,Lowe's,Consumer Discretionary,Home Improvement Retail,255.65,278.66,209.46,254.42,250.73,240.98,228.61,238.03,-0.2,3.1,263.58,218.4
LULU,Lululemon Athletica,Consumer Discretionary,"Apparel, Accessories & Luxury Goods",198.18,421.16,186.44,199.21,196.05,199.5,220.23,306.72,-0.2,9.28,216.57,182.44
LYB,LyondellBasell,Materials,Specialty Chemicals,55.47,93.12,48.34,54.19,52.49,54.35,58.59,65.89,-0.2,14.37,63.44,45.26
MTB,M&T Bank,Financials,Regional Banks,192.43,217.42,155.42,191.34,190.86,190.08,192.0,187.86,0.4,2.15,196.57,183.61
MPC,Marathon Petroleum,Energy,Oil & Gas Refining & Marketing,164.94,181.25,117.23,163.49,161.56,164.77,168.48,151.17,0.2,5.74,174.41,155.13
MKTX,MarketAxess,Financials,Financial Exchanges & Data,186.85,289.47,183.68,187.44,187.45,195.21,208.74,219.05,0.0,15.36,215.55,174.87
MAR,Marriott International,Consumer Discretionary,"Hotels, Resorts & Cruise Lines",262.27,302.99,210.58,264.81,264.32,265.15,268.76,266.56,0.4,5.64,277.06,253.25
MMC,Marsh McLennan,Financials,Insurance Brokers,211.11,243.22,197.78,209.62,207.59,204.99,210.16,220.43,0.0,1.07,213.37,196.62
MLM,Martin Marietta Materials,Materials,Construction Materials,600.74,620.08,451.86,604.3,608.04,597.91,571.8,540.34,0.0,4.22,626.09,569.71
MAS,Masco,Industrials,Building Products,72.32,84.25,58.18,73.28,72.4,70.18,66.76,70.01,0.0,4.65,75.68,64.68
MA,Mastercard,Financials,Transaction & Payment Processing Services,591.92,592.68,463.77,587.19,581.97,573.56,564.5,545.97,0.4,0.28,593.58,553.57
MTCH,Match Group,Communication Services,Interactive Media & Services,36.79,38.74,26.87,37.55,37.34,35.98,33.46,31.82,0.2,7.26,39.46,32.49
MKC,McCormick & Company,Consumer Staples,Packaged Foods & Meats,71.07,83.73,68.41,69.62,69.8,70.29,72.12,75.2,0.0,1.74,72.31,68.28
MCD,McDonald's,Consumer Discretionary,Restaurants,313.22,319.48,276.57,310.97,308.03,305.29,299.25,299.45,0.0,0.29,314.13,296.46
MCK,McKesson Corporation,Health Care,Health Care Distributors,706.0,735.33,477.52,686.02,676.74,689.62,707.5,654.81,0.2,3.2,728.59,650.64
MDT,Medtronic,Health Care,Health Care Equipment,91.1,93.22,78.03,92.01,92.26,91.56,89.48,86.23,0.0,3.47,94.26,88.85
MRK,Merck & Co.,Health Care,Pharmaceuticals,86.08,115.53,72.74,84.82,83.06,82.08,81.49,87.22,-0.2,0.58,86.58,77.58
META,Meta Platforms,Communication Services,Interactive Media & Services,739.1,790.0,484.29,758.18,767.83,755.04,728.38,641.69,-0.2,9.65,810.42,699.7
MET,MetLife,Financials,Life & Health Insurance,79.24,86.38,67.4,78.41,77.55,76.48,77.41,79.08,-0.2,0.85,79.91,73.04
MTD,Mettler Toledo,Health Care,Life Sciences Tools & Services,1278.0,1499.7,970.15,1308.22,1298.42,1270.34,1224.3,1216.78,0.2,5.1,1343.18,1197.45
MGM,MGM Resorts,Consumer Discretionary,Casinos & Gaming,36.22,41.99,25.79,36.27,35.81,36.14,36.01,34.2,0.4,6.43,38.55,33.74
MCHP,Microchip Technology,Information Technology,Semiconductors,66.1,80.56,35.07,65.77,64.79,66.43,69.46,59.3,0.2,7.88,71.31,61.55
MU,Micron Technology,Information Technology,Semiconductors,115.79,127.79,64.66,119.89,121.94,116.0,118.18,99.67,0.0,11.76,129.41,102.6
MSFT,Microsoft,Information Technology,Systems Software,504.24,535.64,353.91,511.4,517.31,519.6,504.91,438.82,-0.4,6.35,536.26,502.94
MAA,Mid-America Apartment Communities,Real Estate,Multi-Family Residential REITs,141.01,167.59,138.38,141.35,140.39,142.65,146.31,152.63,-0.2,7.05,150.95,134.36
MRNA,Moderna,Health Care,Biotechnology,26.22,86.94,23.65,27.43,26.8,28.32,29.15,33.13,-0.2,28.11,33.59,23.05
MHK,Mohawk Industries,Consumer Discretionary,Home Furnishings,124.17,161.25,97.99,126.24,125.9,122.55,113.57,117.07,-0.2,5.95,131.56,113.55
MOH,Molina Healthcare,Health Care,Managed Health Care,172.83,360.77,152.31,171.38,164.58,161.49,214.64,284.71,-0.2,1.09,174.71,148.25
TAP,Molson Coors Beverage Company,Consumer Staples,Brewers,51.74,62.37,47.24,51.43,51.21,50.38,49.85,55.31,0.0,1.57,52.55,48.21
MDLZ,Mondelez International,Consumer Staples,Packaged Foods & Meats,62.94,73.6,55.34,62.54,62.11,63.75,66.29,63.74,0.2,10.17,69.34,58.16
MPWR,Monolithic Power Systems,Information Technology,Semiconductors,820.74,939.39,454.23,833.72,832.16,798.19,752.78,654.0,0.2,8.79,892.88,703.49
MNST,Monster Beverage,Consumer Staples,Soft Drinks & Non-alcoholic Beverages,64.36,64.69,46.16,64.3,64.22,62.15,61.72,56.89,0.4,3.33,66.5,57.8
MCO,Moody's Corporation,Financials,Financial Exchanges & Data,509.47,524.53,395.22,512.42,514.29,513.07,500.26,478.88,0.0,2.53,522.36,503.8
MS,Morgan Stanley,Financials,Investment Banking & Brokerage,144.04,148.51,93.79,144.33,145.23,143.4,140.0,127.83,0.0,2.87,148.17,138.62
MOS,Mosaic Company (The),Materials,Fertilizers & Agricultural Chemicals,32.61,37.81,22.62,32.41,32.21,33.69,35.19,29.43,0.0,16.04,37.84,29.54
MSI,Motorola Solutions,Information Technology,Communications Equipment,462.43,500.78,393.68,461.29,462.38,449.44,429.63,441.19,0.0,3.18,477.14,421.74
MSCI,MSCI Inc.,Financials,Financial Exchanges & Data,567.27,630.0,503.37,564.47,559.29,556.65,560.54,570.15,-0.2,1.3,574.64,538.66
NDAQ,"Nasdaq, Inc.",Financials,Financial Exchanges & Data,93.96,96.94,66.19,94.26,95.22,95.58,91.39,81.49,-0.2,3.78,97.51,93.65
NTAP,NetApp,Information Technology,"Technology Hardware, Storage & Peripherals",107.78,130.77,75.73,108.61,108.19,106.11,105.38,106.22,-0.2,3.16,111.19,101.03
NFLX,Netflix,Communication Services,Movies & Entertainment,1206.21,1339.13,665.77,1223.65,1220.85,1195.61,1229.94,1040.89,0.2,3.76,1251.56,1139.61
NEM,Newmont,Materials,Gold,70.09,70.09,36.61,68.96,68.86,66.93,62.03,49.68,0.2,2.87,72.1,61.76
NWSA,News Corp (Class A),Communication Services,Publishing,29.74,30.38,23.97,29.64,29.33,29.32,29.22,28.21,0.4,1.18,30.09,28.55
NWS,News Corp (Class B),Communication Services,Publishing,34.47,34.89,26.94,34.3,33.91,33.74,33.65,32.01,0.4,0.61,34.68,32.8
NEE,NextEra Energy,Utilities,Multi-Utilities,76.08,83.49,63.6,75.98,74.12,72.68,73.03,70.98,0.2,0.84,76.72,68.64
NKE,"Nike, Inc.",Consumer Discretionary,"Apparel, Accessories & Luxury Goods",76.18,87.95,52.92,76.74,76.04,75.96,71.93,69.85,0.2,3.47,78.82,73.1
NI,NiSource,Utilities,Multi-Utilities,42.29,43.33,31.24,42.15,42.28,42.26,40.78,38.39,0.0,2.18,43.21,41.31
NDSN,Nordson Corporation,Industrials,Industrial Machinery & Supplies & Components,219.93,261.43,166.9,215.7,215.47,215.2,216.32,214.06,0.2,1.16,222.48,207.92
NSC,Norfolk Southern,Industrials,Rail Transportation,284.35,285.53,204.09,283.18,281.68,280.49,268.22,247.11,0.2,0.79,286.6,274.38
NTRS,Northern Trust,Financials,Asset Management & Custody Banks,127.31,132.06,83.52,127.12,126.83,127.62,124.38,107.86,0.0,3.37,131.6,123.64
NOC,Northrop Grumman,Industrials,Aerospace & Defense,597.21,597.21,429.46,588.95,585.27,582.83,539.67,495.98,0.2,0.09,597.75,567.92
NCLH,Norwegian Cruise Line Holdings,Consumer Discretionary,"Hotels, Resorts & Cruise Lines",23.36,29.07,15.5,24.1,24.16,24.29,22.37,22.6,-0.6,9.16,25.5,23.08
NRG,NRG Energy,Utilities,Independent Power Producers & Energy Traders,145.89,173.91,75.33,148.3,151.16,156.68,154.54,118.54,0.4,18.62,173.05,140.3
NUE,Nucor,Materials,Steel,143.25,165.5,102.79,144.54,143.1,141.97,136.87,128.95,0.2,3.33,148.02,135.92
NVDA,Nvidia,Information Technology,Semiconductors,174.98,183.16,94.3,177.7,180.0,178.75,166.29,137.63,-0.2,5.66,184.88,172.62
NVR,"NVR, Inc.",Consumer Discretionary,Homebuilding,7953.9,9924.4,6700.0,8123.9,8072.9,7930.52,7640.07,7759.71,-0.2,4.74,8330.91,7530.09
NXPI,NXP Semiconductors,Information Technology,Semiconductors,223.93,252.0,152.79,228.55,223.72,219.63,220.74,209.94,0.2,6.76,239.07,200.19
ORLY,O’Reilly Automotive,Consumer Discretionary,Automotive Retail,102.87,104.44,73.94,102.57,102.58,101.4,95.29,89.12,0.2,2.74,105.69,97.12
OXY,Occidental Petroleum,Energy,Oil & Gas Exploration & Production,44.56,56.27,35.91,44.32,44.33,44.14,44.17,45.56,-0.2,2.51,45.68,42.61
ODFL,Old Dominion,Industrials,Cargo Ground Transportation,149.75,230.8,141.85,151.28,149.77,150.78,158.47,175.34,0.0,9.6,164.13,137.43
OMC,Omnicom Group,Communication Services,Advertising,77.48,102.78,69.22,77.07,75.68,74.42,73.24,80.54,0.0,1.38,78.55,70.28
ON,ON Semiconductor,Information Technology,Semiconductors,48.81,77.87,31.95,49.93,49.79,51.65,54.24,52.64,0.2,22.72,59.9,43.39
OKE,Oneok,Energy,Oil & Gas Storage & Transportation,74.02,112.93,73.04,73.63,74.05,76.58,78.85,89.77,-0.2,11.94,82.86,70.31
ORCL,Oracle Corporation,Information Technology,Application Software,233.16,256.43,122.56,240.04,244.59,247.58,233.3,179.98,-0.4,11.83,260.74,234.42
OTIS,Otis Worldwide,Industrials,Industrial Machinery & Supplies & Components,87.57,104.22,84.52,88.06,87.66,87.03,93.12,95.69,-0.2,2.4,89.67,84.38
PCAR,Paccar,Industrials,Construction Machinery & Heavy Transportation Equipment,97.54,113.98,85.82,98.36,98.43,98.28,96.39,100.14,-0.4,3.67,101.12,95.44
PKG,Packaging Corporation of America,Materials,Paper & Plastic Packaging Products & Materials,210.35,244.28,174.83,198.85,198.36,197.73,197.23,206.45,0.0,-1.3,207.62,187.85
PLTR,Palantir Technologies,Information Technology,Application Software,156.18,186.97,30.16,164.23,174.31,169.15,153.13,105.77,-0.2,23.9,193.51,144.79
PANW,Palo Alto Networks,Information Technology,Systems Software,183.32,208.28,152.44,180.51,176.36,178.79,190.64,187.38,0.6,9.06,199.93,157.66
PSKY,Paramount Skydance Corporation,Communication Services,Movies & Entertainment,16.03,16.03,9.8,14.14,13.17,12.84,12.7,11.54,0.6,-1.62,15.77,9.91
PH,Parker Hannifin,Industrials,Industrial Machinery & Supplies & Components,733.05,762.05,515.78,737.28,740.42,732.47,710.32,663.64,0.0,3.79,760.83,704.15
PAYX,Paychex,Industrials,Human Resource & Employment Services,138.41,158.58,121.81,138.42,138.3,140.62,143.61,144.47,-0.2,6.76,147.77,133.47
PAYC,Paycom,Industrials,Human Resource & Employment Services,225.32,265.71,154.16,224.53,222.62,227.09,230.39,224.51,0.4,6.88,240.82,213.35
PYPL,PayPal,Financials,Transaction & Payment Processing Services,67.55,91.81,57.41,68.69,68.62,69.64,72.18,75.62,0.0,12.07,75.7,63.59
PNR,Pentair,Industrials,Industrial Machinery & Supplies & Components,104.44,109.01,75.76,105.43,105.45,103.92,103.23,98.02,0.2,3.53,108.13,99.71
PEP,PepsiCo,Consumer Staples,Soft Drinks & Non-alcoholic Beverages,148.98,173.24,127.06,150.36,148.67,144.97,138.89,143.47,0.0,3.06,153.54,136.4
PFE,Pfizer,Health Care,Pharmaceuticals,25.74,28.21,20.83,25.33,25.07,24.56,24.43,24.22,0.4,0.62,25.9,23.22
PCG,PG&E Corporation,Utilities,Multi-Utilities,14.67,21.53,13.0,15.15,15.19,14.82,14.16,16.81,-0.6,8.52,15.92,13.73
PM,Philip Morris International,Consumer Staples,Tobacco,174.49,183.57,114.49,169.78,168.92,166.1,173.78,151.79,0.6,-0.22,174.11,158.1
PSX,Phillips 66,Energy,Oil & Gas Refining & Marketing,124.45,135.19,91.09,122.85,121.12,121.52,122.83,117.95,0.2,2.02,126.96,116.09
PNW,Pinnacle West Capital,Utilities,Multi-Utilities,91.16,93.78,79.36,91.44,91.97,91.32,90.25,88.75,0.0,3.63,94.47,88.18
PNC,PNC Financial Services,Financials,Diversified Banks,194.0,209.23,146.94,193.05,192.27,191.43,189.18,183.56,0.4,1.5,196.91,185.94
POOL,Pool Corporation,Consumer Discretionary,Distributors,308.63,385.63,283.92,317.24,316.34,314.18,304.59,324.77,-0.2,6.63,329.09,299.27
PPG,PPG Industries,Materials,Specialty Chemicals,111.57,131.36,90.49,111.85,110.53,108.97,111.63,112.76,-0.2,4.16,116.21,101.73
PPL,PPL Corporation,Utilities,Electric Utilities,36.72,37.24,30.49,36.67,36.72,36.38,35.22,34.03,0.2,1.61,37.31,35.44
PFG,Principal Financial Group,Financials,Life & Health Insurance,78.67,88.8,68.88,78.27,77.81,77.7,78.54,79.33,0.0,2.71,80.8,74.61
PG,Procter & Gamble,Consumer Staples,Personal Care Products,158.73,176.3,150.47,157.34,155.94,154.65,156.45,162.81,-0.2,0.95,160.24,149.08
PGR,Progressive Corporation,Financials,Property & Casualty Insurance,248.95,291.0,232.57,249.3,248.11,245.79,252.07,259.92,0.0,1.7,253.18,238.39
PLD,Prologis,Real Estate,Industrial REITs,108.39,127.92,88.91,108.27,106.8,106.98,107.11,108.67,-0.2,2.3,110.88,103.08
PRU,Prudential Financial,Financials,Life & Health Insurance,107.17,124.75,92.74,106.08,104.95,103.23,103.72,108.06,-0.2,0.72,107.94,98.53
PEG,Public Service Enterprise Group,Utilities,Electric Utilities,83.29,92.39,76.52,84.5,85.9,87.07,84.49,82.94,-0.2,8.92,90.72,83.42
PTC,PTC Inc.,Information Technology,Application Software,211.95,216.41,136.74,209.37,207.65,208.58,192.54,178.34,0.2,2.54,217.33,199.84
PSA,Public Storage,Real Estate,Self-Storage REITs,286.76,354.44,263.65,284.91,283.06,283.21,287.86,297.09,0.0,1.81,291.95,274.47
PHM,PulteGroup,Consumer Discretionary,Homebuilding,125.37,148.13,91.82,127.84,126.29,121.87,113.62,110.57,0.4,5.77,132.6,111.13
PWR,Quanta Services,Industrials,Construction & Engineering,378.21,421.68,236.56,379.5,381.68,391.57,384.14,325.76,0.0,10.56,418.15,365.0
QCOM,Qualcomm,Information Technology,Semiconductors,154.13,175.11,123.92,156.51,154.65,153.4,155.62,155.02,0.2,6.72,164.49,142.32
DGX,Quest Diagnostics,Health Care,Health Care Services,183.72,184.4,144.81,181.93,180.11,175.27,174.76,166.31,0.4,1.32,186.15,164.41
RL,Ralph Lauren Corporation,Consumer Discretionary,"Apparel, Accessories & Luxury Goods",285.46,304.45,164.3,287.46,290.63,294.64,285.12,248.96,0.0,8.09,308.55,280.74
RJF,Raymond James Financial,Financials,Investment Banking & Brokerage,162.03,171.46,113.62,163.27,164.31,165.48,159.12,153.03,0.0,4.82,169.84,161.11
RTX,RTX Corporation,Industrials,Aerospace & Defense,156.32,157.71,112.45,155.23,154.87,155.49,149.94,130.67,0.0,0.84,157.63,153.35
O,Realty Income,Real Estate,Retail REITs,59.58,61.73,49.83,58.97,58.3,57.6,57.26,55.05,0.4,0.0,59.58,55.61
REG,Regency Centers,Real Estate,Retail REITs,71.22,76.25,64.84,71.22,71.46,71.67,70.93,71.38,-0.4,3.13,73.45,69.9
REGN,Regeneron Pharmaceuticals,Health Care,Biotechnology,598.16,1196.63,482.34,582.88,570.32,564.49,548.2,636.85,0.0,-1.19,591.04,537.94
RF,Regions Financial Corporation,Financials,Regional Banks,25.74,26.62,18.13,25.72,25.54,25.51,24.54,23.12,0.2,3.19,26.56,24.46
RSG,Republic Services,Industrials,Environmental & Facilities Services,235.44,257.46,196.49,234.33,234.27,235.19,240.55,230.05,0.2,3.49,243.66,226.71
RMD,ResMed,Health Care,Health Care Equipment,288.34,290.83,203.67,286.89,285.66,282.14,266.49,242.68,0.2,1.59,292.92,271.35
RVTY,Revvity,Health Care,Health Care Equipment,89.67,127.41,85.8,90.65,89.43,90.19,94.41,104.78,0.0,9.39,98.09,82.29
ROK,Rockwell Automation,Industrials,Electrical Components & Equipment,339.52,357.15,217.21,341.29,339.92,342.96,338.88,292.41,-0.2,5.87,359.45,326.48
ROL,"Rollins, Inc.",Industrials,Environmental & Facilities Services,58.0,58.48,45.24,57.76,57.91,57.81,56.73,52.73,0.0,1.31,58.76,56.86
ROP,Roper Technologies,Information Technology,Electronic Equipment & Instruments,526.94,592.1,501.26,532.39,529.08,539.18,551.57,556.04,-0.2,7.18,564.77,513.62
ROST,Ross Stores,Consumer Discretionary,Apparel Retail,145.62,155.29,122.55,146.57,147.02,143.82,136.0,140.46,-0.2,4.29,151.87,135.77
RCL,Royal Caribbean Group,Consumer Discretionary,"Hotels, Resorts & Cruise Lines",325.03,352.84,154.84,324.99,316.81,321.07,316.08,253.08,0.4,7.22,348.5,293.65
SPGI,S&P Global,Financials,Financial Exchanges & Data,552.44,564.15,437.5,554.32,557.01,552.0,532.86,510.55,0.2,4.02,574.65,529.35
CRM,Salesforce,Information Technology,Application Software,245.83,366.29,231.66,244.94,239.99,248.52,258.67,291.81,-0.2,10.6,271.89,225.16
SBAC,SBA Communications,Real Estate,Telecom Tower REITs,220.89,245.74,190.85,219.99,219.42,222.83,228.72,219.2,0.4,5.29,232.58,213.07
SLB,Schlumberger,Energy,Oil & Gas Equipment & Services,33.81,44.61,31.68,33.36,33.17,33.6,34.52,37.54,0.0,5.15,35.55,31.64
STX,Seagate Technology,Information Technology,"Technology Hardware, Storage & Peripherals",154.6,158.7,66.19,156.81,155.44,153.48,146.35,107.35,0.2,3.82,160.51,146.45
SRE,Sempra,Utilities,Multi-Utilities,81.13,92.47,63.23,81.68,81.72,81.62,77.94,78.43,-0.2,2.38,83.06,80.18
NOW,ServiceNow,Information Technology,Systems Software,876.97,1170.39,721.65,882.66,870.98,905.35,956.85,973.5,-0.2,13.46,995.01,815.72
SHW,Sherwin-Williams,Materials,Specialty Chemicals,363.86,397.11,312.15,364.43,361.75,351.51,346.48,352.12,0.0,3.32,375.94,327.08
SPG,Simon Property Group,Real Estate,Retail REITs,173.43,183.07,138.55,173.66,171.24,168.5,164.32,165.83,0.0,1.79,176.53,160.46
SWKS,Skyworks Solutions,Information Technology,Semiconductors,74.52,106.51,48.7,74.67,73.57,71.48,73.06,74.14,0.0,3.21,76.91,66.06
SJM,J.M. Smucker Company (The),Consumer Staples,Packaged Foods & Meats,112.96,117.29,93.48,112.05,111.22,109.76,104.27,107.59,0.0,0.51,113.54,105.98
SW,Smurfit Westrock,Materials,Paper & Plastic Packaging Products & Materials,43.69,55.13,37.46,42.88,43.24,44.21,44.42,46.97,-0.4,9.84,47.99,40.44
SNA,Snap-on,Industrials,Industrial Machinery & Supplies & Components,321.38,364.18,264.02,322.84,323.05,321.88,318.08,328.34,-0.4,2.4,329.09,314.67
SOLV,Solventum,Health Care,Health Care Technology,72.0,84.04,59.45,71.86,72.42,72.63,73.78,72.2,0.4,3.68,74.65,70.61
SO,Southern Company,Utilities,Electric Utilities,94.62,95.24,78.98,93.98,93.84,94.03,92.24,87.34,0.0,0.62,95.21,92.85
LUV,Southwest Airlines,Industrials,Passenger Airlines,31.07,37.7,23.9,31.33,30.77,30.75,32.75,31.41,0.2,5.47,32.77,28.72
SWK,Stanley Black & Decker,Industrials,Industrial Machinery & Supplies & Components,73.13,106.67,55.14,74.37,73.18,71.25,70.02,75.01,0.0,5.87,77.42,65.08
SBUX,Starbucks,Consumer Discretionary,Restaurants,88.56,114.25,78.61,90.43,91.36,90.87,92.1,93.63,-0.2,7.07,94.82,86.92
STT,State Street Corporation,Financials,Asset Management & Custody Banks,112.36,113.6,74.79,111.53,111.51,111.38,107.51,96.52,0.2,1.44,113.98,108.77
STLD,Steel Dynamics,Materials,Steel,125.76,152.49,106.43,126.35,125.95,125.73,129.05,128.17,0.4,4.44,131.34,120.13
STE,Steris,Health Care,Health Care Equipment,247.5,251.96,201.46,246.96,245.62,236.7,234.98,224.88,0.4,3.28,255.62,217.77
SYK,Stryker Corporation,Health Care,Health Care Equipment,384.83,403.53,336.65,386.03,381.85,385.39,386.94,378.22,0.2,5.01,404.11,366.69
SMCI,Supermicro,Information Technology,"Technology Hardware, Storage & Peripherals",42.31,62.38,18.01,43.88,44.72,50.28,48.86,39.12,0.2,50.08,63.5,37.06
SYF,Synchrony Financial,Financials,Consumer Finance,71.23,72.83,43.38,71.54,71.45,70.7,68.34,61.8,0.0,3.65,73.83,67.57
SNPS,Synopsys,Information Technology,Application Software,598.17,645.35,380.9,611.07,615.16,619.49,567.28,508.9,-0.2,7.99,645.96,593.01
SYY,Sysco,Consumer Staples,Food Distributors,79.72,82.19,67.53,79.79,80.36,80.14,77.85,74.19,0.2,2.71,81.88,78.4
TMUS,T-Mobile US,Communication Services,Wireless Telecommunication Services,258.16,271.83,190.96,257.04,253.25,246.64,237.48,240.85,0.0,1.3,261.52,231.77
TROW,T. Rowe Price,Financials,Asset Management & Custody Banks,104.53,120.07,79.19,106.05,106.72,105.73,101.67,101.94,-0.4,4.76,109.51,101.95
TTWO,Take-Two Interactive,Communication Services,Interactive Home Entertainment,227.87,243.05,147.66,229.93,229.15,226.95,233.06,210.07,0.6,3.59,236.05,217.86
TPR,"Tapestry, Inc.",Consumer Discretionary,"Apparel, Accessories & Luxury Goods",98.39,113.53,39.27,99.17,103.3,106.28,98.06,76.99,0.0,18.99,117.07,95.49
TRGP,Targa Resources,Energy,Oil & Gas Storage & Transportation,162.1,213.93,138.82,162.0,164.15,164.75,167.36,179.38,-0.2,4.31,169.09,160.41
TGT,Target Corporation,Consumer Staples,Consumer Staples Merchandise Retail,97.06,154.72,86.82,101.82,103.1,102.66,100.96,112.2,-0.2,11.23,107.96,97.36
TEL,TE Connectivity,Information Technology,Electronic Manufacturing Services,200.3,209.34,121.47,202.33,203.09,203.87,185.42,157.05,0.2,4.79,209.89,197.84
TDY,Teledyne Technologies,Information Technology,Electronic Equipment & Instruments,542.44,563.66,415.45,540.49,543.48,547.5,529.82,495.37,0.0,3.02,558.82,536.19
TER,Teradyne,Information Technology,Semiconductor Materials & Equipment,109.3,139.64,67.86,109.85,109.89,105.7,96.92,100.31,-0.2,9.18,119.33,92.07
TSLA,"Tesla, Inc.",Consumer Discretionary,Automobile Manufacturers,320.11,479.86,205.75,327.81,332.35,323.82,321.21,327.95,-0.4,8.0,345.72,301.94
TXN,Texas Instruments,Information Technology,Semiconductors,200.71,219.66,143.34,197.26,193.72,189.44,199.69,186.28,0.8,0.27,201.25,177.62
TPL,Texas Pacific Land Corporation,Energy,Oil & Gas Exploration & Production,880.28,1723.85,784.85,890.29,882.01,919.38,992.59,1229.83,0.0,14.99,1012.23,826.57
TXT,Textron,Industrials,Aerospace & Defense,79.48,91.11,60.7,79.28,79.12,78.57,80.24,76.75,0.4,1.62,80.77,76.37
TMO,Thermo Fisher Scientific,Health Care,Life Sciences Tools & Services,483.76,622.18,390.26,490.68,482.38,475.69,441.11,483.99,0.0,3.82,502.24,449.17
TJX,TJX Companies,Consumer Discretionary,Apparel Retail,137.51,138.27,110.73,135.22,133.86,130.56,126.41,123.6,0.2,0.88,138.72,122.4
TKO,TKO Group Holdings,Communication Services,Movies & Entertainment,184.24,191.28,113.12,185.23,183.78,174.68,173.13,154.79,0.4,6.76,196.69,152.67
TTD,Trade Desk (The),Communication Services,Advertising,52.3,139.51,45.27,52.89,53.02,70.21,72.73,86.77,-0.2,100.19,104.7,35.72
TSCO,Tractor Supply,Consumer Discretionary,Other Specialty Retail,61.0,62.28,47.8,61.18,60.34,59.57,56.75,54.2,0.4,1.84,62.12,57.02
TT,Trane Technologies,Industrials,Building Products,422.27,472.54,314.52,425.93,429.02,436.62,435.28,392.55,0.2,10.73,467.58,405.66
TDG,TransDigm Group,Industrials,Aerospace & Defense,1393.14,1620.83,1225.77,1394.22,1401.97,1475.54,1497.96,1378.79,0.2,19.79,1668.84,1282.18
TRV,Travelers Companies (The),Financials,Property & Casualty Insurance,274.92,275.2,213.32,269.74,267.96,264.7,262.9,255.38,0.4,-0.11,274.62,254.78
TRMB,Trimble Inc.,Information Technology,Electronic Equipment & Instruments,80.27,85.24,54.15,81.33,82.47,83.25,79.68,72.24,-0.4,7.36,86.18,80.32
TFC,Truist Financial,Financials,Diversified Banks,44.07,46.42,33.92,44.28,44.11,43.74,43.1,42.03,0.2,3.2,45.48,42.0
TYL,Tyler Technologies,Information Technology,Application Software,566.67,646.74,521.68,568.95,574.08,577.53,575.72,584.97,-0.2,8.2,613.14,541.95
TSN,Tyson Foods,Consumer Staples,Packaged Foods & Meats,56.97,64.25,52.3,56.63,56.73,55.35,55.09,57.56,0.0,3.07,58.72,51.99
USB,U.S. Bancorp,Financials,Diversified Banks,46.17,51.9,36.0,46.17,45.95,45.51,45.43,44.95,0.2,2.47,47.31,43.72
UBER,Uber,Industrials,Passenger Ground Transportation,94.23,97.48,59.93,93.97,92.4,90.75,90.72,77.96,0.2,1.48,95.62,85.87
UDR,"UDR, Inc.",Real Estate,Multi-Family Residential REITs,38.56,45.23,37.29,38.57,38.29,38.76,39.85,41.36,0.2,4.8,40.41,37.11
ULTA,Ulta Beauty,Consumer Discretionary,Other Specialty Retail,520.18,532.71,314.47,518.26,516.31,514.93,492.09,416.63,0.2,2.02,530.69,499.18
UNP,Union Pacific Corporation,Industrials,Rail Transportation,225.3,251.7,207.02,223.12,222.1,222.93,226.77,229.63,0.0,1.19,227.98,217.89
UAL,United Airlines Holdings,Industrials,Passenger Airlines,97.18,110.52,41.33,100.5,97.85,93.37,86.86,87.15,0.0,7.85,104.81,81.93
UPS,United Parcel Service,Industrials,Air Freight & Logistics,86.15,130.93,82.93,86.85,86.33,87.25,94.42,106.64,0.0,12.19,96.65,77.85
URI,United Rentals,Industrials,Trading Companies & Distributors,890.12,932.23,549.5,906.11,902.47,887.69,814.31,733.4,0.2,5.09,935.43,839.92
UNH,UnitedHealth Group,Health Care,Managed Health Care,303.35,615.84,237.77,303.99,282.81,269.41,288.72,435.67,0.0,4.14,315.91,222.91
UHS,Universal Health Services,Health Care,Health Care Facilities,183.95,240.75,154.95,181.46,178.37,170.69,173.4,182.36,0.0,2.33,188.24,153.14
VLO,Valero Energy,Energy,Oil & Gas Refining & Marketing,140.29,153.55,102.97,138.47,136.27,136.87,139.28,129.62,0.4,2.42,143.69,130.04
VTR,Ventas,Real Estate,Health Care REITs,69.12,69.55,56.07,68.25,68.24,67.81,65.46,63.7,0.2,0.98,69.8,65.83
VLTO,Veralto,Industrials,Environmental & Facilities Services,108.47,113.22,85.23,107.89,108.05,106.79,103.22,100.52,0.2,1.72,110.34,103.24
VRSN,Verisign,Information Technology,Internet Services & Infrastructure,272.24,305.1,175.69,269.78,268.17,272.39,279.0,241.6,0.4,8.39,295.08,249.71
VRSK,Verisk Analytics,Industrials,Research & Consulting Services,271.91,320.87,260.0,269.46,267.17,272.32,291.94,290.96,0.2,7.94,293.5,251.13
VZ,Verizon,Communication Services,Integrated Telecommunication Services,45.03,45.06,36.62,44.73,44.05,43.39,42.55,41.31,0.4,0.16,45.1,41.67
VRTX,Vertex Pharmaceuticals,Health Care,Biotechnology,397.46,516.74,366.54,393.05,388.02,413.79,440.49,457.6,-0.2,23.68,491.58,335.99
VTRS,Viatris,Health Care,Pharmaceuticals,10.69,13.02,7.16,10.65,10.4,9.73,9.33,9.95,-0.2,4.86,11.21,8.24
VICI,Vici Properties,Real Estate,Hotel & Resort REITs,32.96,33.93,27.46,32.62,32.73,32.89,32.82,31.0,0.2,2.15,33.67,32.1
V,Visa Inc.,Financials,Transaction & Payment Processing Services,343.69,372.65,265.57,343.46,341.36,342.92,348.39,336.57,0.2,3.45,355.55,330.31
VST,Vistra Corp.,Utilities,Electric Utilities,190.28,214.06,73.19,194.6,199.24,201.61,193.23,156.56,0.0,12.86,214.75,188.47
VMC,Vulcan Materials Company,Materials,Construction Materials,288.28,295.15,219.65,289.78,289.94,283.24,271.36,262.94,0.2,3.63,298.74,267.72
WRB,W. R. Berkley Corporation,Financials,Property & Casualty Insurance,72.51,74.57,55.33,71.6,71.15,70.26,70.6,65.44,0.4,0.3,72.73,67.8
GWW,W. W. Grainger,Industrials,Industrial Machinery & Supplies & Components,994.07,1212.97,915.74,987.43,974.21,983.36,1018.1,1051.31,0.0,7.22,1065.84,900.9
WAB,Wabtec,Industrials,Construction Machinery & Heavy Transportation Equipment,191.41,214.1,159.36,191.18,191.65,191.14,201.29,194.21,0.2,2.8,196.77,185.52
WBA,Walgreens Boots Alliance,Consumer Staples,Drug Retail,12.19,12.93,8.01,12.09,12.0,11.84,11.61,10.74,0.4,0.33,12.23,11.46
WMT,Walmart,Consumer Staples,Consumer Staples Merchandise Retail,97.96,104.27,73.82,100.5,101.44,100.25,97.69,93.84,-0.2,6.95,104.77,95.73
DIS,Walt Disney Company (The),Communication Services,Movies & Entertainment,116.21,124.01,81.37,116.29,115.31,116.79,119.03,108.72,0.4,4.95,121.96,111.62
WBD,Warner Bros. Discovery,Communication Services,Broadcasting,11.59,13.7,6.94,11.67,11.51,12.24,11.79,10.37,0.0,20.45,13.96,10.53
WM,Waste Management,Industrials,Environmental & Facilities Services,229.61,241.26,199.11,227.83,230.04,230.46,229.72,224.1,0.2,3.12,236.77,224.15
WAT,Waters Corporation,Health Care,Life Sciences Tools & Services,290.44,417.28,277.72,293.17,290.22,290.57,315.12,356.37,0.0,5.69,306.97,274.18
WEC,WEC Energy Group,Utilities,Electric Utilities,108.48,110.37,87.54,107.92,108.36,108.49,106.12,101.74,0.0,1.8,110.43,106.54
WFC,Wells Fargo,Financials,Diversified Banks,77.83,83.83,50.45,77.61,78.03,78.8,78.88,73.71,0.0,6.54,82.92,74.68
WELL,Welltower,Real Estate,Health Care REITs,166.94,168.94,114.21,164.36,164.61,164.97,158.32,144.73,0.2,2.27,170.73,159.21
WST,West Pharmaceutical Services,Health Care,Health Care Supplies,242.63,347.02,190.04,245.06,243.89,244.76,231.64,258.6,-0.2,6.34,258.01,231.51
WDC,Western Digital,Information Technology,"Technology Hardware, Storage & Peripherals",74.66,78.69,30.48,75.5,75.53,74.59,68.0,52.32,0.2,6.82,79.75,69.43
WY,Weyerhaeuser,Real Estate,Timber REITs,25.77,33.15,24.49,25.93,25.87,25.75,25.98,27.79,-0.2,3.07,26.56,24.94
WSM,"Williams-Sonoma, Inc.",Consumer Discretionary,Homefurnishing Retail,197.21,215.83,126.49,200.81,202.61,197.65,178.67,174.21,0.2,7.96,212.91,182.39
WMB,Williams Companies,Energy,Oil & Gas Storage & Transportation,57.8,62.87,42.67,57.11,57.45,58.2,58.83,57.0,0.2,4.39,60.34,56.05
WTW,Willis Towers Watson,Financials,Insurance Brokers,337.15,338.92,278.22,333.69,332.01,323.66,311.74,315.51,-0.2,2.23,344.67,302.67
WDAY,"Workday, Inc.",Information Technology,Application Software,227.58,279.91,210.47,228.56,223.82,227.35,233.31,248.83,-0.2,6.46,242.28,212.41
WYNN,Wynn Resorts,Consumer Discretionary,Casinos & Gaming,110.89,112.83,65.78,110.52,110.21,109.27,103.7,90.23,0.0,2.03,113.14,105.39
XEL,Xcel Energy,Utilities,Multi-Utilities,73.16,74.24,57.95,72.74,72.74,72.87,70.3,68.44,-0.2,1.48,74.24,71.49
XYL,Xylem Inc.,Industrials,Industrial Machinery & Supplies & Components,140.22,144.62,102.53,141.12,141.99,140.44,133.84,124.65,0.2,6.5,149.33,131.54
YUM,Yum! Brands,Consumer Discretionary,Restaurants,148.01,161.74,122.07,149.38,146.31,145.31,145.98,142.67,0.2,2.51,151.73,138.9
ZBRA,Zebra Technologies,Information Technology,Electronic Equipment & Instruments,308.51,421.11,213.54,312.14,318.45,323.07,317.04,327.89,-0.2,12.67,347.6,298.53
ZBH,Zimmer Biomet,Health Care,Health Care Equipment,104.42,115.11,89.98,103.95,102.62,98.21,95.22,101.84,0.0,3.55,108.13,88.3
ZTS,Zoetis,Health Care,Pharmaceuticals,155.61,194.12,143.44,154.89,152.61,150.73,154.15,161.89,0.0,1.03,157.21,144.25
