Symbol,Company,GICS_Sector,GICS_Sub_Industry,Current_Price,52_Week_High,52_Week_Low,SMA_5,SMA_10,SMA_20,SMA_50,SMA_100,SMA_125,SMA_200
MMM,3M,Industrials,Industrial Conglomerates,154.38,164.15,121.39,153.74,155.2,152.4,151.6,146.53,146.99,142.7
AOS,A. O. Smith,Industrials,Building Products,71.75,90.29,58.25,72.16,71.96,71.34,68.68,66.96,66.81,67.84
ABT,Abbott Laboratories,Health Care,Health Care Equipment,132.0,139.95,108.25,131.54,131.31,129.98,131.0,130.71,130.74,125.89
ABBV,AbbVie,Health Care,Biotechnology,209.5,214.8,159.42,207.62,203.96,198.7,191.96,188.0,191.5,185.88
ACN,Accenture,Information Technology,IT Consulting & Other Services,253.99,394.41,236.67,252.21,246.86,254.96,278.74,290.96,298.18,321.17
ADBE,Adobe Inc.,Information Technology,Application Software,353.43,587.75,330.04,356.0,349.28,351.73,368.54,376.35,384.68,416.44
AMD,Advanced Micro Devices,Information Technology,Semiconductors,163.71,186.65,76.48,169.82,173.45,173.31,153.95,128.45,123.44,124.69
AES,AES Corporation,Utilities,Independent Power Producers & Energy Traders,12.97,19.17,9.28,13.23,13.1,13.11,12.25,11.37,11.41,11.59
AFL,Aflac,Financials,Life & Health Insurance,108.19,113.54,96.14,106.48,105.18,102.48,102.37,103.52,104.16,104.19
A,Agilent Technologies,Health Care,Life Sciences Tools & Services,117.15,153.19,96.23,118.74,117.9,117.09,117.72,113.31,115.31,124.03
APD,Air Products,Materials,Industrial Gases,293.52,336.92,242.14,290.94,290.3,290.52,287.83,279.29,283.01,292.68
ABNB,Airbnb,Consumer Discretionary,"Hotels, Resorts & Cruise Lines",126.43,163.93,99.88,125.6,123.81,128.25,132.9,128.78,129.39,131.76
AKAM,Akamai Technologies,Information Technology,Internet Services & Infrastructure,76.32,106.8,67.51,75.71,74.14,75.42,77.6,77.5,78.25,84.82
ALB,Albemarle Corporation,Materials,Specialty Chemicals,78.94,112.1,49.11,80.58,80.02,75.46,70.83,64.66,66.79,76.49
ARE,Alexandria Real Estate Equities,Real Estate,Office REITs,77.41,118.73,66.16,77.29,75.57,76.53,75.85,74.76,78.97,86.1
ALGN,Align Technology,Health Care,Health Care Supplies,140.67,262.87,127.7,143.08,141.92,153.0,175.73,175.11,174.44,191.52
ALLE,Allegion,Industrials,Building Products,167.21,170.51,116.14,167.99,167.27,166.11,153.95,144.6,141.13,138.33
LNT,Alliant Energy,Utilities,Electric Utilities,66.11,67.02,54.71,65.5,65.34,65.22,62.94,61.82,61.92,60.67
ALL,Allstate,Financials,Property & Casualty Insurance,206.55,214.76,174.74,208.88,208.2,204.07,199.17,199.28,199.52,196.38
GOOGL,Alphabet Inc. (Class A),Communication Services,Interactive Media & Services,199.75,206.56,140.36,201.61,201.87,198.0,186.2,173.53,172.24,177.14
GOOG,Alphabet Inc. (Class C),Communication Services,Interactive Media & Services,200.62,208.21,142.49,202.5,202.72,198.83,187.13,174.85,173.69,178.64
MO,Altria,Consumer Staples,Tobacco,67.68,67.87,46.28,66.73,66.06,63.74,60.88,59.23,58.49,55.86
AMZN,Amazon,Consumer Discretionary,Broadline Retail,221.95,242.52,161.38,227.26,225.73,225.12,222.12,207.81,206.56,212.03
AMCR,Amcor,Materials,Paper & Plastic Packaging Products & Materials,8.65,11.04,8.25,8.59,9.07,9.29,9.37,9.27,9.36,9.48
AEE,Ameren,Utilities,Multi-Utilities,101.5,103.59,78.91,101.17,101.35,101.2,98.34,97.6,97.72,95.05
AEP,American Electric Power,Utilities,Electric Utilities,113.14,115.08,87.57,112.41,112.45,111.89,106.87,105.03,104.72,100.74
AXP,American Express,Financials,Consumer Finance,308.17,329.14,219.87,307.04,304.67,303.0,306.97,290.98,287.67,292.35
AIG,American International Group,Financials,Multi-line Insurance,82.59,87.61,68.55,81.36,80.22,79.25,81.6,82.04,81.92,78.76
AMT,American Tower,Real Estate,Telecom Tower REITs,209.73,235.86,169.77,207.03,205.99,210.0,216.65,215.04,213.23,204.04
AWK,American Water Works,Utilities,Water Utilities,145.87,153.69,116.64,144.66,144.18,142.71,141.41,142.06,141.48,135.85
AMP,Ameriprise Financial,Financials,Asset Management & Custody Banks,505.23,576.69,393.57,505.12,507.72,509.27,519.34,502.49,501.75,516.83
AME,Ametek,Industrials,Electrical Components & Equipment,183.44,197.35,144.77,183.19,183.72,182.81,180.88,175.46,176.34,179.88
AMGN,Amgen,Health Care,Biotechnology,295.76,332.94,249.07,295.37,291.48,294.55,293.48,287.53,292.16,286.79
APH,Amphenol,Information Technology,Electronic Components,108.81,112.35,56.35,109.54,109.99,108.39,102.1,89.99,84.96,79.76
ADI,Analog Devices,Information Technology,Semiconductors,246.95,250.18,157.93,237.09,233.93,229.65,234.03,217.53,217.18,216.05
AON,Aon plc,Financials,Insurance Brokers,375.27,411.24,322.37,370.9,369.01,364.88,358.34,361.22,368.24,369.14
APA,APA Corporation,Energy,Oil & Gas Exploration & Production,20.63,28.02,13.18,20.42,20.35,19.67,19.34,17.96,18.3,19.65
APO,Apollo Global Management,Financials,Asset Management & Custody Banks,134.01,187.59,101.84,136.94,139.24,141.92,142.3,136.56,137.14,147.48
AAPL,Apple Inc.,Information Technology,"Technology Hardware, Storage & Peripherals",224.9,259.18,168.8,228.79,229.6,219.57,211.47,207.01,210.84,220.48
AMAT,Applied Materials,Information Technology,Semiconductor Materials & Equipment,159.84,214.09,123.39,161.66,174.43,179.07,182.97,168.06,165.23,169.14
APTV,Aptiv,Consumer Discretionary,Automotive Parts & Equipment,74.37,77.09,47.19,75.11,72.99,70.02,69.74,65.0,64.8,62.81
ACGL,Arch Capital Group,Financials,Property & Casualty Insurance,93.54,110.75,82.49,91.86,90.72,89.21,89.44,91.12,91.37,92.26
ADM,Archer Daniels Midland,Consumer Staples,Agricultural Products & Services,61.12,61.72,40.22,59.94,59.1,57.02,54.77,50.84,49.97,49.71
ANET,Arista Networks,Information Technology,Communications Equipment,132.03,141.99,59.43,134.32,136.42,129.7,112.98,98.61,95.9,100.78
AJG,Arthur J. Gallagher & Co.,Financials,Insurance Brokers,305.38,350.53,272.64,299.25,295.38,293.51,306.76,319.46,321.87,312.19
AIZ,Assurant,Financials,Multi-line Insurance,214.8,227.97,174.28,213.12,211.05,200.74,195.98,195.89,198.13,202.98
T,AT&T,Communication Services,Integrated Telecommunication Services,29.44,29.56,18.52,29.1,28.73,28.2,27.89,27.5,27.27,25.53
ATO,Atmos Energy,Utilities,Gas Utilities,166.79,167.85,125.94,165.62,165.62,161.38,157.1,156.11,154.68,149.62
ADSK,Autodesk,Information Technology,Application Software,286.06,326.62,232.67,288.06,286.94,294.59,297.93,288.45,284.03,290.34
ADP,Automatic Data Processing,Industrials,Human Resource & Employment Services,304.94,328.29,258.07,304.83,303.99,304.59,305.15,305.38,304.44,301.41
AZO,AutoZone,Consumer Discretionary,Automotive Retail,4127.69,4187.39,2898.57,4092.29,4056.3,3981.84,3804.45,3754.98,3719.29,3548.36
AVB,AvalonBay Communities,Real Estate,Multi-Family Residential REITs,190.43,233.48,178.86,190.27,189.05,190.25,197.89,200.25,202.73,208.52
AVY,Avery Dennison,Materials,Paper & Plastic Packaging Products & Materials,175.88,221.17,156.18,174.78,174.84,172.4,176.32,175.27,176.13,181.71
AXON,Axon Enterprise,Industrials,Aerospace & Defense,763.51,885.92,346.71,765.71,777.37,778.34,773.09,711.14,676.94,652.9
BKR,Baker Hughes,Energy,Oil & Gas Equipment & Services,43.46,48.6,31.55,42.99,42.95,43.71,41.06,39.2,39.94,41.07
BALL,Ball Corporation,Materials,"Metal, Glass & Plastic Containers",52.71,67.39,43.35,53.14,53.54,55.14,56.48,53.79,53.35,54.29
BAC,Bank of America,Financials,Diversified Banks,48.26,49.31,32.88,47.91,47.42,47.07,46.87,43.88,43.51,44.14
BAX,Baxter International,Health Care,Health Care Equipment,23.85,39.87,21.33,24.05,23.99,24.48,27.62,28.92,30.02,30.51
BDX,Becton Dickinson,Health Care,Health Care Equipment,196.63,249.34,162.35,196.96,195.67,187.97,180.14,183.22,191.74,205.23
BBY,Best Buy,Consumer Discretionary,Computer & Electronics Retail,72.39,99.71,54.24,72.44,71.45,68.96,69.18,68.0,69.64,75.32
TECH,Bio-Techne,Health Care,Life Sciences Tools & Services,54.0,80.52,45.87,54.0,53.15,54.14,52.89,51.5,53.47,60.79
BIIB,Biogen,Health Care,Biotechnology,139.12,207.59,110.04,138.3,134.92,132.33,130.62,127.29,130.29,138.46
BLK,BlackRock,Financials,Asset Management & Custody Banks,1124.75,1171.89,769.66,1130.56,1138.55,1125.98,1080.98,1004.02,991.8,998.14
BX,Blackstone Inc.,Financials,Asset Management & Custody Banks,163.44,196.67,114.16,167.21,170.01,170.98,160.13,147.64,147.43,157.5
XYZ,"Block, Inc.",Financials,Transaction & Payment Processing Services,74.09,99.26,44.27,75.02,74.91,76.09,71.41,63.94,63.16,72.21
BK,BNY Mellon,Financials,Asset Management & Custody Banks,101.78,104.47,63.52,101.37,102.21,101.78,96.33,89.62,88.42,85.14
BA,Boeing,Industrials,Aerospace & Defense,224.46,242.69,128.88,228.55,229.7,228.08,220.68,202.71,195.83,184.99
BKNG,Booking Holdings,Consumer Discretionary,"Hotels, Resorts & Cruise Lines",5710.74,5839.41,3637.26,5584.18,5508.53,5519.63,5567.34,5291.09,5171.49,5089.68
BSX,Boston Scientific,Health Care,Health Care Equipment,105.21,108.94,78.08,104.25,103.64,104.47,103.83,102.33,101.96,99.17
BMY,Bristol Myers Squibb,Health Care,Pharmaceuticals,48.43,61.84,42.96,48.33,47.57,46.67,47.04,48.01,50.1,52.16
AVGO,Broadcom,Information Technology,Semiconductors,289.6,317.35,133.38,297.56,302.98,299.64,281.54,243.25,232.65,222.53
BR,Broadridge Financial Solutions,Industrials,Data Processing & Outsourced Services,260.83,271.91,203.77,261.25,261.91,257.96,246.97,241.7,240.18,236.07
BRO,Brown & Brown,Financials,Insurance Brokers,96.4,125.31,90.24,96.07,95.4,94.78,102.05,107.71,109.87,108.62
BLDR,Builders FirstSource,Industrials,Building Products,133.22,203.14,102.6,135.5,135.85,133.53,126.9,121.38,123.47,138.68
BG,Bunge Global,Consumer Staples,Agricultural Products & Services,83.4,98.35,65.6,81.32,81.6,80.21,78.96,77.78,76.77,77.36
BXP,"BXP, Inc.",Real Estate,Office REITs,66.42,86.38,53.45,66.06,65.01,66.1,68.21,66.43,66.38,68.92
CHRW,C.H. Robinson,Industrials,Air Freight & Logistics,122.8,124.94,84.13,122.38,120.62,115.2,104.11,98.65,98.67,100.43
CDNS,Cadence Design Systems,Information Technology,Application Software,347.57,376.45,221.56,349.21,349.88,353.17,328.12,307.75,296.39,298.35
CZR,Caesars Entertainment,Consumer Discretionary,Casinos & Gaming,25.0,45.93,21.4,25.3,25.05,25.89,27.77,27.37,27.77,30.94
CPT,Camden Property Trust,Real Estate,Multi-Family Residential REITs,108.02,124.31,101.41,107.46,106.48,108.02,111.64,113.04,114.26,114.53
CPB,Campbell's Company (The),Consumer Staples,Packaged Foods & Meats,32.57,50.77,29.39,32.5,32.41,32.43,31.81,33.74,34.73,36.88
COF,Capital One,Financials,Consumer Finance,212.01,231.82,129.97,214.59,214.13,212.85,211.41,196.44,192.88,190.71
CAH,Cardinal Health,Health Care,Health Care Distributors,151.57,168.44,104.89,150.58,151.26,153.97,158.85,151.35,146.8,137.24
KMX,CarMax,Consumer Discretionary,Automotive Retail,57.89,91.25,54.53,58.26,57.56,57.42,62.53,65.08,67.26,72.91
CCL,Carnival,Consumer Discretionary,"Hotels, Resorts & Cruise Lines",29.27,31.01,15.07,29.57,29.53,29.54,28.23,24.37,23.76,24.37
CARR,Carrier Global,Industrials,Building Products,65.01,82.31,53.89,66.14,66.02,68.09,71.72,69.09,68.37,68.94
CAT,Caterpillar Inc.,Industrials,Construction Machinery & Heavy Transportation Equipment,417.89,441.15,265.05,415.0,414.4,422.72,402.68,362.62,357.34,363.76
CBOE,Cboe Global Markets,Financials,Financial Exchanges & Data,249.25,255.27,186.22,248.18,248.44,247.0,238.16,229.55,226.31,217.0
CBRE,CBRE Group,Real Estate,Real Estate Services,159.12,161.81,108.45,159.34,157.99,156.09,145.76,134.93,134.48,135.1
CDW,CDW Corporation,Information Technology,Technology Distributors,164.18,229.02,136.84,165.65,164.9,169.1,174.03,171.01,170.86,175.75
COR,Cencora,Health Care,Health Care Distributors,303.23,308.18,216.84,296.96,293.3,290.42,292.86,289.1,283.0,266.8
CNC,Centene Corporation,Health Care,Managed Health Care,28.81,80.59,25.08,29.0,27.6,26.86,35.82,47.8,50.05,53.98
CNP,CenterPoint Energy,Utilities,Multi-Utilities,38.0,39.39,25.19,38.11,38.35,38.45,37.21,37.17,36.66,34.7
CF,CF Industries,Materials,Fertilizers & Agricultural Chemicals,86.36,103.84,66.56,85.23,84.18,87.67,91.84,86.64,84.59,85.25
CRL,Charles River Laboratories,Health Care,Life Sciences Tools & Services,154.54,230.02,91.86,157.25,154.75,161.51,157.42,143.49,148.27,161.15
SCHW,Charles Schwab Corporation,Financials,Investment Banking & Brokerage,95.82,99.42,60.38,95.87,96.61,96.72,93.39,87.61,85.47,82.65
CHTR,Charter Communications,Communication Services,Cable & Satellite,267.98,437.06,254.67,267.24,264.69,269.9,345.01,362.55,363.02,364.65
CVX,Chevron Corporation,Energy,Integrated Oil & Gas,155.55,165.09,129.01,153.84,153.46,152.62,149.28,143.44,145.78,147.11
CMG,Chipotle Mexican Grill,Consumer Discretionary,Restaurants,42.91,66.74,41.18,43.33,42.92,43.26,49.6,49.94,50.11,53.6
CB,Chubb Limited,Financials,Property & Casualty Insurance,278.82,305.88,250.52,275.89,274.22,271.01,277.21,282.42,283.43,279.63
CHD,Church & Dwight,Consumer Staples,Household Products,94.96,115.72,90.22,93.84,92.89,93.35,95.42,97.14,99.43,101.69
CI,Cigna,Health Care,Health Care Services,300.95,365.71,256.89,300.56,291.27,284.97,301.1,311.66,312.03,306.63
CINF,Cincinnati Financial,Financials,Property & Casualty Insurance,152.96,158.92,122.28,151.97,151.94,150.86,148.68,145.15,144.56,143.89
CTAS,Cintas,Industrials,Diversified Support Services,216.11,228.77,179.74,216.02,219.77,221.13,220.01,216.4,212.89,209.68
CSCO,Cisco,Information Technology,Communications Equipment,67.02,72.55,46.57,66.81,68.76,68.54,67.88,63.8,63.29,61.59
C,Citigroup,Financials,Diversified Banks,92.59,96.28,54.51,93.48,93.83,93.45,88.44,78.97,77.5,75.6
CFG,Citizens Financial Group,Financials,Regional Banks,48.46,49.55,31.96,48.5,48.26,48.02,46.24,42.19,42.02,43.06
CLX,Clorox,Consumer Staples,Household Products,119.84,166.9,116.17,120.71,121.41,123.12,123.38,129.15,132.51,141.73
CME,CME Group,Financials,Financial Exchanges & Data,273.32,289.46,197.54,272.75,275.62,277.76,275.73,273.19,269.89,254.72
CMS,CMS Energy,Utilities,Multi-Utilities,72.78,75.33,62.54,72.63,72.84,72.85,71.02,70.99,71.16,69.26
KO,Coca-Cola Company (The),Consumer Staples,Soft Drinks & Non-alcoholic Beverages,70.66,73.85,59.75,70.11,70.23,69.62,69.92,70.45,70.26,67.38
CTSH,Cognizant,Information Technology,IT Consulting & Other Services,71.08,89.77,64.98,70.44,69.8,70.94,74.89,75.27,76.27,77.51
COIN,Coinbase,Financials,Financial Exchanges & Data,300.28,444.65,142.58,309.0,314.97,329.64,341.28,277.9,262.13,269.97
CL,Colgate-Palmolive,Consumer Staples,Household Products,86.28,106.9,82.4,85.5,85.26,85.14,87.55,89.35,89.61,89.55
CMCSA,Comcast,Communication Services,Cable & Satellite,33.6,44.12,31.03,33.53,32.87,32.79,34.14,34.18,34.43,35.8
CAG,Conagra Brands,Consumer Staples,Packaged Foods & Meats,19.3,31.36,18.18,19.19,19.3,19.03,19.66,21.57,22.28,23.54
COP,ConocoPhillips,Energy,Oil & Gas Exploration & Production,94.78,112.56,78.56,94.4,94.17,94.02,93.07,90.7,91.75,95.17
ED,Consolidated Edison,Utilities,Multi-Utilities,101.5,112.97,85.07,100.97,102.11,102.37,100.98,103.39,103.27,98.97
STZ,Constellation Brands,Consumer Staples,Distillers & Vintners,164.93,255.51,158.43,166.32,168.08,169.49,167.75,174.94,175.56,187.68
CEG,Constellation Energy,Utilities,Electric Utilities,312.52,356.57,160.94,317.72,324.62,331.79,320.56,285.8,273.65,270.58
COO,Cooper Companies (The),Health Care,Health Care Supplies,73.04,112.38,65.0,73.47,72.89,72.11,72.06,75.23,77.16,84.41
CPRT,Copart,Industrials,Diversified Support Services,47.68,64.38,45.05,47.51,47.21,46.7,47.4,52.65,52.99,55.03
GLW,Corning Inc.,Information Technology,Electronic Components,64.89,66.5,37.1,64.99,65.3,63.45,56.78,51.13,50.35,49.73
CPAY,Corpay,Financials,Transaction & Payment Processing Services,317.66,400.81,269.02,317.78,314.06,318.65,326.03,325.96,330.82,343.3
CTVA,Corteva,Materials,Fertilizers & Agricultural Chemicals,72.98,77.41,52.94,72.48,72.1,72.07,73.28,68.93,67.38,64.69
CSGP,CoStar Group,Real Estate,Real Estate Services,88.36,97.43,68.26,88.68,89.44,92.37,86.86,82.01,81.21,78.93
COST,Costco,Consumer Staples,Consumer Staples Merchandise Retail,969.68,1075.34,862.73,979.3,981.17,963.7,970.33,981.31,977.17,971.64
CTRA,Coterra,Energy,Oil & Gas Exploration & Production,23.44,29.29,21.55,23.41,23.64,23.73,24.55,24.68,25.14,25.4
CRWD,CrowdStrike,Information Technology,Systems Software,414.06,517.98,242.25,421.21,424.98,439.65,467.74,442.64,427.02,405.66
CCI,Crown Castle,Real Estate,Telecom Tower REITs,102.8,115.8,81.93,102.06,102.38,104.8,103.67,102.02,100.98,97.7
CSX,CSX Corporation,Industrials,Rail Transportation,35.87,37.25,26.11,36.14,35.96,35.73,34.27,31.82,31.54,32.22
CMI,Cummins,Industrials,Construction Machinery & Heavy Transportation Equipment,394.2,408.38,258.55,398.83,398.01,383.84,353.39,329.41,330.65,341.32
CVS,CVS Health,Health Care,Health Care Services,71.43,72.12,42.12,70.4,68.06,64.99,64.99,64.63,64.61,60.04
DHR,Danaher Corporation,Health Care,Life Sciences Tools & Services,203.9,278.43,170.73,209.49,207.28,203.83,200.59,196.52,198.95,210.73
DRI,Darden Restaurants,Consumer Discretionary,Restaurants,206.54,226.68,146.44,206.93,205.63,204.79,210.54,206.59,203.87,193.7
DDOG,Datadog,Information Technology,Application Software,129.15,170.08,81.63,128.58,128.49,135.28,135.72,120.95,118.37,127.44
DVA,DaVita,Health Care,Health Care Services,137.58,179.6,126.07,136.06,134.0,136.77,139.47,141.09,142.18,148.84
DAY,Dayforce,Industrials,Human Resource & Employment Services,69.0,82.69,48.01,64.27,58.09,57.29,57.16,57.19,57.37,63.49
DECK,Deckers Brands,Consumer Discretionary,Footwear,104.69,223.98,93.72,104.56,103.9,105.96,104.34,108.55,112.04,141.53
DE,Deere & Company,Industrials,Agricultural & Farm Machinery,486.76,532.1,366.59,489.77,496.44,503.68,508.39,494.6,490.62,471.37
DELL,Dell Technologies,Information Technology,"Technology Hardware, Storage & Peripherals",127.83,145.54,65.56,133.58,136.35,133.92,126.73,112.05,109.12,112.64
DAL,Delta Air Lines,Industrials,Passenger Airlines,57.84,69.36,34.52,59.74,58.27,55.9,53.24,49.1,49.5,54.64
DVN,Devon Energy,Energy,Oil & Gas Exploration & Production,33.89,44.6,25.71,33.7,33.54,33.24,33.27,32.29,32.85,33.71
DXCM,Dexcom,Health Care,Health Care Equipment,80.62,93.25,57.52,80.99,80.18,81.16,82.85,79.86,79.3,79.69
FANG,Diamondback Energy,Energy,Oil & Gas Exploration & Production,138.0,195.31,112.4,138.91,138.87,142.53,142.29,138.95,141.09,150.47
DLR,Digital Realty,Real Estate,Data Center REITs,163.78,193.72,129.05,165.52,167.03,170.7,172.78,165.92,162.72,167.35
DG,Dollar General,Consumer Staples,Consumer Staples Merchandise Retail,112.49,123.68,65.67,113.04,114.17,111.58,111.91,103.42,98.43,89.24
DLTR,Dollar Tree,Consumer Staples,Consumer Staples Merchandise Retail,112.59,118.06,60.49,112.79,113.85,114.53,107.99,95.51,90.19,83.01
D,Dominion Energy,Utilities,Multi-Utilities,61.25,62.46,47.5,61.12,61.35,60.55,58.13,56.15,55.78,55.16
DPZ,Domino's,Consumer Discretionary,Restaurants,446.86,497.15,390.2,447.28,445.97,454.79,457.64,464.79,463.56,455.34
DASH,DoorDash,Consumer Discretionary,Specialized Consumer Services,245.18,278.15,122.32,247.74,251.99,252.42,241.86,217.49,212.02,199.66
DOV,Dover Corporation,Industrials,Industrial Machinery & Supplies & Components,177.41,221.09,142.63,177.91,177.86,178.7,182.1,177.21,178.78,185.56
DOW,Dow Inc.,Materials,Commodity Chemicals,23.69,52.49,20.4,23.58,22.8,23.01,26.3,27.54,29.22,33.16
DHI,D. R. Horton,Consumer Discretionary,Homebuilding,161.87,197.64,109.8,164.83,162.33,155.56,141.03,131.56,130.91,137.13
DTE,DTE Energy,Utilities,Multi-Utilities,140.2,142.05,112.71,139.35,139.82,139.2,135.88,134.85,134.32,128.8
DUK,Duke Energy,Utilities,Electric Utilities,124.14,126.75,102.41,123.26,123.63,122.36,118.74,117.77,117.36,113.97
DD,DuPont,Materials,Specialty Chemicals,74.55,88.67,53.45,73.82,72.9,72.67,72.13,68.88,70.56,73.67
EMN,Eastman Chemical Company,Materials,Specialty Chemicals,66.01,111.31,56.78,66.13,64.97,66.49,73.21,75.88,79.08,85.17
ETN,Eaton Corporation,Industrials,Electrical Components & Equipment,345.38,399.56,231.05,349.03,354.4,366.73,359.02,329.02,320.63,328.7
EBAY,eBay Inc.,Consumer Discretionary,Broadline Retail,98.86,101.15,55.4,99.53,98.24,92.6,83.29,76.24,74.25,70.37
ECL,Ecolab,Materials,Specialty Chemicals,283.06,286.04,221.08,282.62,279.79,272.71,269.61,260.12,259.7,253.95
EIX,Edison International,Utilities,Electric Utilities,53.81,85.03,46.98,55.45,55.45,54.47,52.03,53.59,53.76,59.5
EW,Edwards Lifesciences,Health Care,Health Care Equipment,81.16,83.0,64.01,79.61,78.73,79.1,77.47,75.86,74.84,73.6
EA,Electronic Arts,Communication Services,Interactive Home Entertainment,171.55,180.9,114.9,171.48,173.65,165.01,157.78,152.0,149.22,148.22
ELV,Elevance Health,Health Care,Managed Health Care,309.6,558.44,273.71,310.1,301.76,292.19,326.45,366.87,375.81,380.9
EMR,Emerson Electric,Industrials,Electrical Components & Equipment,130.09,149.68,89.31,131.23,132.05,137.25,136.19,123.15,121.26,122.63
ENPH,Enphase Energy,Information Technology,Semiconductor Materials & Equipment,34.58,130.08,29.89,35.42,34.21,33.43,37.62,42.84,46.43,54.6
ETR,Entergy,Utilities,Electric Utilities,89.22,91.79,57.35,88.97,89.58,89.26,85.22,83.59,83.48,80.7
EOG,EOG Resources,Energy,Oil & Gas Exploration & Production,118.51,135.49,100.76,118.18,118.13,118.48,119.59,115.47,117.09,120.62
EPAM,EPAM Systems,Information Technology,IT Consulting & Other Services,166.4,269.0,138.15,164.54,160.55,159.92,167.32,166.67,171.31,197.39
EQT,EQT Corporation,Energy,Oil & Gas Exploration & Production,52.05,60.83,31.05,51.46,51.52,51.84,54.76,53.69,52.98,50.66
EFX,Equifax,Industrials,Research & Consulting Services,245.45,308.07,199.6,247.41,245.89,244.07,253.25,252.75,250.68,253.63
EQIX,Equinix,Real Estate,Data Center REITs,772.19,977.63,693.42,771.76,773.48,777.84,796.01,816.25,823.76,859.0
EQR,Equity Residential,Real Estate,Multi-Family Residential REITs,64.27,76.06,58.81,64.11,63.63,64.11,66.11,67.15,67.72,68.57
ERIE,Erie Indemnity,Financials,Insurance Brokers,359.82,539.84,331.01,362.67,363.12,359.05,353.53,364.5,375.45,386.67
ESS,Essex Property Trust,Real Estate,Multi-Family Residential REITs,262.76,310.81,241.65,260.6,257.86,262.41,275.76,276.75,280.73,282.31
EL,Estée Lauder Companies (The),Consumer Staples,Personal Care Products,87.72,101.93,48.12,89.17,90.22,90.97,85.8,73.52,72.6,72.59
EG,Everest Group,Financials,Reinsurance,348.06,400.59,318.14,338.64,335.55,333.31,335.33,340.52,342.95,347.8
EVRG,Evergy,Utilities,Electric Utilities,72.54,73.97,56.07,72.2,72.46,71.86,69.85,68.2,67.85,65.57
ES,Eversource Energy,Utilities,Electric Utilities,65.42,67.15,51.64,65.38,65.53,65.74,65.06,62.84,62.32,60.65
EXC,Exelon,Utilities,Electric Utilities,44.64,47.26,34.98,44.57,44.7,44.45,43.44,43.89,43.73,41.55
EXE,Expand Energy,Energy,Oil & Gas Exploration & Production,95.45,121.47,66.93,94.13,94.92,97.22,104.74,106.24,105.24,102.18
EXPE,Expedia Group,Consumer Discretionary,"Hotels, Resorts & Cruise Lines",205.35,213.0,125.89,206.64,204.11,193.8,182.65,171.71,173.03,176.65
EXPD,Expeditors International,Industrials,Air Freight & Logistics,118.41,129.91,99.78,119.79,119.59,117.73,116.09,113.51,114.29,114.46
EXR,Extra Space Storage,Real Estate,Self-Storage REITs,139.03,178.97,119.72,138.41,137.4,140.06,145.26,144.33,145.04,148.0
XOM,ExxonMobil,Energy,Integrated Oil & Gas,109.23,121.93,96.01,107.68,106.72,107.6,109.2,106.86,107.48,108.14
FFIV,"F5, Inc.",Information Technology,Communications Equipment,314.23,334.0,195.06,315.42,318.77,314.3,302.87,287.49,285.0,277.41
FDS,FactSet,Financials,Financial Exchanges & Data,376.96,496.49,365.76,375.89,376.14,388.81,416.32,427.86,430.73,446.28
FICO,Fair Isaac,Information Technology,Application Software,1361.72,2402.52,1300.0,1356.81,1338.84,1385.83,1580.68,1736.03,1755.17,1868.28
FAST,Fastenal,Industrials,Trading Companies & Distributors,49.14,50.06,31.19,49.31,48.88,47.63,45.0,42.44,41.43,40.02
FRT,Federal Realty Investment Trust,Real Estate,Retail REITs,96.31,114.28,79.72,95.41,94.09,93.5,94.14,93.67,94.47,99.32
FDX,FedEx,Industrials,Air Freight & Logistics,225.28,303.39,193.05,228.12,228.53,228.04,229.22,222.81,227.35,244.73
FIS,Fidelity National Information Services,Financials,Transaction & Payment Processing Services,69.55,90.63,66.18,69.84,70.63,74.06,77.95,77.29,76.04,77.83
FITB,Fifth Third Bancorp,Financials,Regional Banks,42.88,47.75,31.96,42.81,42.53,42.16,41.76,39.21,39.28,40.95
FSLR,First Solar,Information Technology,Semiconductors,192.0,262.72,116.56,205.74,194.51,188.73,174.75,159.77,154.68,165.59
FE,FirstEnergy,Utilities,Electric Utilities,43.48,44.06,36.81,43.36,43.46,42.89,41.1,41.0,40.56,40.09
FI,Fiserv,Financials,Transaction & Payment Processing Services,140.0,238.59,128.22,138.57,135.95,136.81,154.67,170.16,180.51,192.72
F,Ford Motor Company,Consumer Discretionary,Automobile Manufacturers,11.33,11.81,8.21,11.46,11.37,11.17,11.05,10.45,10.26,10.03
FTNT,Fortinet,Information Technology,Systems Software,77.75,114.82,70.12,79.06,77.93,87.97,97.36,98.86,99.35,98.61
FTV,Fortive,Industrials,Industrial Machinery & Supplies & Components,47.76,62.72,45.45,47.97,47.79,48.32,50.77,51.49,52.66,54.81
FOXA,Fox Corporation (Class A),Communication Services,Broadcasting,59.03,60.24,38.53,58.42,57.57,56.57,55.98,54.06,54.17,52.11
FOX,Fox Corporation (Class B),Communication Services,Broadcasting,53.98,54.93,35.71,53.47,52.57,51.73,51.32,49.77,49.97,48.46
BEN,Franklin Resources,Financials,Asset Management & Custody Banks,24.52,26.08,16.03,24.86,25.19,24.93,24.25,21.97,21.43,20.94
FCX,Freeport-McMoRan,Materials,Copper,41.72,51.85,27.45,41.72,41.91,41.58,42.84,39.83,39.47,39.77
GRMN,Garmin,Consumer Discretionary,Consumer Electronics,229.59,244.52,159.09,231.63,232.41,230.36,219.98,208.22,209.78,210.23
IT,Gartner,Information Technology,IT Consulting & Other Services,244.66,584.01,223.65,241.87,237.95,275.2,343.01,382.62,398.53,442.4
GE,GE Aerospace,Industrials,Aerospace & Defense,268.71,281.5,158.81,267.48,270.58,271.25,259.25,235.73,228.67,211.38
GEHC,GE HealthCare,Health Care,Health Care Equipment,73.15,94.71,57.59,73.51,73.6,73.21,73.89,71.44,74.03,77.94
GEV,GE Vernova,Industrials,Heavy Electrical Equipment,606.0,677.29,172.73,612.13,627.75,639.86,573.09,482.91,449.34,412.73
GEN,Gen Digital,Information Technology,Systems Software,31.19,32.09,22.55,31.37,31.3,30.29,29.92,28.25,28.03,28.09
GNRC,Generac,Industrials,Electrical Components & Equipment,190.55,203.25,99.5,195.24,196.97,189.19,161.18,140.27,138.82,148.61
GD,General Dynamics,Industrials,Aerospace & Defense,316.53,322.5,236.67,315.54,315.41,314.23,301.06,286.28,280.82,275.38
GIS,General Mills,Consumer Staples,Packaged Foods & Meats,49.81,72.88,48.59,49.67,49.61,49.59,50.74,52.95,54.19,56.71
GM,General Motors,Consumer Discretionary,Automobile Manufacturers,56.51,60.75,41.47,56.58,55.66,54.21,52.27,49.57,49.29,50.3
GPC,Genuine Parts Company,Consumer Discretionary,Distributors,136.33,140.8,103.16,137.4,136.41,134.24,128.0,123.67,123.15,121.23
GILD,Gilead Sciences,Health Care,Biotechnology,116.14,121.83,72.02,117.84,118.83,115.97,112.43,108.79,109.18,102.91
GPN,Global Payments,Financials,Transaction & Payment Processing Services,85.72,119.03,65.72,86.25,84.91,83.36,81.18,80.43,84.0,94.23
GL,Globe Life,Financials,Life & Health Insurance,139.62,144.0,96.29,137.38,138.38,138.79,128.3,124.81,124.97,120.33
GDDY,GoDaddy,Information Technology,Internet Services & Infrastructure,146.03,216.0,132.51,145.4,142.35,150.96,164.86,172.4,173.44,182.59
GS,Goldman Sachs,Financials,Investment Banking & Brokerage,715.95,749.05,437.2,723.94,729.55,726.77,700.76,629.4,617.18,609.09
HAL,Halliburton,Energy,Oil & Gas Equipment & Services,21.28,31.9,18.56,21.19,21.09,21.55,21.63,21.18,21.94,24.13
HIG,Hartford (The),Financials,Property & Casualty Insurance,133.2,134.12,104.05,131.86,130.71,127.91,125.5,124.5,123.2,119.18
HAS,Hasbro,Consumer Discretionary,Leisure Products,79.41,81.25,48.07,79.94,79.04,77.27,74.88,67.52,66.29,63.5
HCA,HCA Healthcare,Health Care,Health Care Facilities,404.26,414.51,288.77,401.31,394.55,374.87,373.11,364.3,356.41,343.09
DOC,Healthpeak Properties,Real Estate,Health Care REITs,17.28,22.06,16.35,17.2,17.04,17.02,17.45,17.48,17.93,18.68
HSIC,Henry Schein,Health Care,Health Care Distributors,68.21,82.49,60.56,68.04,67.67,68.05,70.49,69.28,69.76,71.28
HSY,Hershey Company (The),Consumer Staples,Packaged Foods & Meats,179.36,202.98,136.73,179.62,178.78,182.54,174.81,168.21,168.66,166.54
HPE,Hewlett Packard Enterprise,Information Technology,"Technology Hardware, Storage & Peripherals",21.82,24.28,11.88,21.4,21.26,20.84,20.14,18.18,17.93,19.23
HLT,Hilton Worldwide,Consumer Discretionary,"Hotels, Resorts & Cruise Lines",269.19,279.46,195.92,269.54,268.3,267.35,265.42,249.62,248.05,249.49
HOLX,Hologic,Health Care,Health Care Equipment,67.17,84.39,51.9,67.77,67.99,67.38,65.85,62.3,62.33,66.43
HD,Home Depot (The),Consumer Discretionary,Home Improvement Retail,397.7,431.63,324.29,400.14,397.96,388.1,373.45,367.17,367.0,380.0
HON,Honeywell,Industrials,Industrial Conglomerates,217.42,240.47,177.52,216.87,216.64,218.29,225.69,217.97,216.07,217.16
HRL,Hormel Foods,Consumer Staples,Packaged Foods & Meats,28.91,32.84,27.07,28.54,28.58,28.51,29.43,29.59,29.46,29.64
HST,Host Hotels & Resorts,Real Estate,Hotel & Resort REITs,16.15,18.53,12.06,15.99,15.85,15.84,15.88,15.14,15.11,15.8
HWM,Howmet Aerospace,Industrials,Aerospace & Defense,173.25,193.13,90.47,172.28,175.57,180.08,179.69,163.69,156.89,142.43
HPQ,HP Inc.,Information Technology,"Technology Hardware, Storage & Peripherals",26.58,38.63,20.97,26.72,26.59,25.89,25.32,25.42,26.2,29.0
HUBB,Hubbell Incorporated,Industrials,Industrial Machinery & Supplies & Components,427.57,476.65,298.43,430.04,430.02,430.41,418.58,390.38,381.87,400.05
HUM,Humana,Health Care,Managed Health Care,294.47,377.69,206.87,289.26,281.79,264.66,246.69,249.1,251.36,259.55
HBAN,Huntington Bancshares,Financials,Regional Banks,16.66,17.91,11.8,16.67,16.54,16.45,16.56,15.62,15.49,15.9
HII,Huntington Ingalls Industries,Industrials,Aerospace & Defense,266.48,293.14,156.7,266.56,266.9,266.75,254.11,236.6,227.57,212.77
IBM,IBM,Information Technology,IT Consulting & Other Services,239.4,294.17,188.43,240.48,239.29,246.48,268.64,258.07,255.98,244.45
IEX,IDEX Corporation,Industrials,Industrial Machinery & Supplies & Components,162.38,235.67,152.2,164.26,163.71,165.88,173.99,175.18,177.2,191.38
IDXX,Idexx Laboratories,Health Care,Health Care Equipment,633.05,688.12,356.14,639.66,647.86,621.21,567.19,515.8,498.52,473.02
ITW,Illinois Tool Works,Industrials,Industrial Machinery & Supplies & Components,261.0,274.77,213.36,260.96,260.9,258.8,254.51,247.01,248.56,252.59
INCY,Incyte,Health Care,Biotechnology,86.53,87.24,53.56,86.01,84.12,79.93,73.24,67.57,67.45,69.49
IR,Ingersoll Rand,Industrials,Industrial Machinery & Supplies & Components,77.45,105.95,65.58,78.71,78.52,80.13,82.95,80.41,80.81,86.39
PODD,Insulet Corporation,Health Care,Health Care Equipment,327.85,334.18,180.31,326.53,317.87,303.69,300.48,291.92,286.08,279.7
INTC,Intel,Information Technology,Semiconductors,23.5,27.55,17.67,24.11,22.91,21.51,22.01,21.29,21.62,21.7
ICE,Intercontinental Exchange,Financials,Financial Exchanges & Data,179.23,189.35,141.51,179.59,181.71,183.81,182.06,175.65,174.79,167.49
IFF,International Flavors & Fragrances,Materials,Specialty Chemicals,66.13,105.18,62.33,65.84,65.3,68.15,72.53,73.89,74.94,79.06
IP,International Paper,Materials,Paper & Plastic Packaging Products & Materials,48.03,58.71,42.44,47.16,47.3,48.35,48.65,47.73,48.59,50.89
IPG,Interpublic Group of Companies (The),Communication Services,Advertising,26.53,32.2,22.2,26.38,25.91,25.44,24.89,24.55,24.92,26.02
INTU,Intuit,Information Technology,Application Software,697.76,813.7,531.0,706.38,712.28,748.89,758.36,704.88,683.55,662.42
ISRG,Intuitive Surgical,Health Care,Health Care Equipment,469.88,616.0,425.0,478.21,477.06,481.31,504.8,513.85,515.51,530.04
IVZ,Invesco,Financials,Asset Management & Custody Banks,20.67,21.64,11.33,20.88,20.87,20.94,18.34,16.14,16.02,16.49
INVH,Invitation Homes,Real Estate,Single-Family Residential REITs,30.58,36.53,29.11,30.42,30.28,30.57,31.85,32.6,32.7,32.28
IQV,IQVIA,Health Care,Life Sciences Tools & Services,185.39,252.88,134.65,190.68,187.89,187.67,172.94,161.14,166.05,179.37
IRM,Iron Mountain,Real Estate,Other Specialized REITs,90.55,127.24,71.77,91.13,91.29,93.56,97.68,94.48,92.94,98.28
JBHT,J.B. Hunt,Industrials,Cargo Ground Transportation,143.4,198.61,122.01,143.83,142.95,143.3,145.38,141.16,143.63,155.81
JBL,Jabil,Information Technology,Electronic Manufacturing Services,205.06,232.75,99.48,209.24,215.96,219.39,215.28,183.37,175.31,164.82
JKHY,Jack Henry & Associates,Financials,Transaction & Payment Processing Services,163.26,195.38,157.8,161.78,161.14,165.82,173.91,175.29,175.5,174.66
J,Jacobs Solutions,Industrials,Construction & Engineering,147.32,152.4,104.91,147.27,148.27,145.68,137.96,129.81,128.29,130.89
JNJ,Johnson & Johnson,Health Care,Pharmaceuticals,178.93,180.61,138.38,177.69,175.75,172.17,163.15,158.12,159.05,154.96
JCI,Johnson Controls,Industrials,Building Products,104.75,112.63,66.5,104.9,105.32,105.77,105.64,97.05,93.88,89.25
JPM,JPMorgan Chase,Financials,Diversified Banks,291.47,301.29,196.2,291.28,291.23,292.77,287.28,267.66,262.63,256.84
K,Kellanova,Consumer Staples,Packaged Foods & Meats,79.99,82.65,77.7,80.06,80.09,80.0,79.76,80.8,80.99,80.62
KVUE,Kenvue,Consumer Staples,Personal Care Products,21.44,24.71,19.2,21.37,21.35,21.52,21.37,22.08,22.25,21.97
KDP,Keurig Dr Pepper,Consumer Staples,Soft Drinks & Non-alcoholic Beverages,35.2,37.26,29.71,35.0,34.83,34.1,33.61,33.69,33.59,32.85
KEY,KeyCorp,Financials,Regional Banks,18.15,19.33,12.56,18.15,18.01,17.99,17.71,16.41,16.31,16.77
KEYS,Keysight Technologies,Information Technology,Electronic Equipment & Instruments,160.59,186.2,121.43,162.08,163.86,163.69,163.41,156.62,156.53,160.73
KMB,Kimberly-Clark,Consumer Staples,Household Products,132.97,149.05,121.86,132.69,133.56,131.96,130.49,133.28,134.43,132.57
KIM,Kimco Realty,Real Estate,Retail REITs,21.55,24.97,17.71,21.44,21.26,21.33,21.3,20.88,20.88,21.64
KMI,Kinder Morgan,Energy,Oil & Gas Storage & Transportation,26.82,30.49,19.68,26.54,26.67,27.1,27.44,27.16,27.05,26.92
KKR,KKR & Co.,Financials,Asset Management & Custody Banks,137.84,169.7,85.9,139.67,142.32,144.53,138.58,126.49,125.14,134.92
KLAC,KLA Corporation,Information Technology,Semiconductor Materials & Equipment,872.39,957.18,548.81,876.67,903.86,902.52,901.68,808.25,787.04,747.28
KHC,Kraft Heinz,Consumer Staples,Packaged Foods & Meats,27.5,35.08,25.44,27.51,27.57,27.67,27.11,27.52,28.01,28.62
KR,Kroger,Consumer Staples,Food Retail,71.42,74.52,49.68,70.68,71.33,71.07,70.46,69.46,68.47,65.29
LHX,L3Harris,Industrials,Aerospace & Defense,276.11,280.52,191.09,273.39,271.85,273.19,262.93,243.11,236.19,230.71
LH,Labcorp,Health Care,Health Care Services,276.56,283.47,208.77,274.26,271.79,267.01,260.83,249.51,248.08,243.88
LRCX,Lam Research,Information Technology,Semiconductor Materials & Equipment,98.41,108.02,56.18,99.26,101.94,99.72,98.01,86.66,84.7,81.68
LW,Lamb Weston,Consumer Staples,Packaged Foods & Meats,54.66,82.35,47.25,54.68,53.91,54.99,53.4,53.15,52.81,58.21
LVS,Las Vegas Sands,Consumer Discretionary,Casinos & Gaming,53.51,55.65,29.84,53.44,53.52,52.93,48.74,43.21,43.14,44.91
LDOS,Leidos,Industrials,Diversified Support Services,180.44,201.22,122.92,179.02,178.71,171.79,163.19,154.77,150.5,151.84
LEN,Lennar,Consumer Discretionary,Homebuilding,129.14,184.74,97.54,131.42,128.43,122.49,115.52,111.58,113.0,123.89
LII,Lennox International,Industrials,Building Products,570.64,689.44,497.88,592.98,593.08,605.41,594.56,576.49,577.96,596.24
LLY,Lilly (Eli),Health Care,Pharmaceuticals,709.82,965.15,622.41,703.55,675.59,715.38,756.55,764.16,782.76,786.8
LIN,Linde plc,Materials,Industrial Gases,480.71,486.38,407.35,480.32,477.09,472.34,469.06,461.26,460.69,453.08
LYV,Live Nation Entertainment,Communication Services,Movies & Entertainment,162.47,164.06,92.57,162.06,159.68,154.94,150.47,142.88,140.28,138.88
LKQ,LKQ Corporation,Consumer Discretionary,Distributors,30.59,43.77,28.65,30.86,30.52,30.24,34.51,37.24,37.99,37.65
LMT,Lockheed Martin,Industrials,Aerospace & Defense,447.2,606.41,410.11,442.5,437.58,430.83,449.25,457.26,456.15,467.64
L,Loews Corporation,Financials,Multi-line Insurance,96.36,97.13,74.95,95.68,95.09,93.4,91.67,89.49,88.9,87.07
LOW,Lowe's,Consumer Discretionary,Home Improvement Retail,255.65,281.56,204.22,254.42,250.73,240.98,228.61,225.83,227.13,238.03
LULU,Lululemon Athletica,Consumer Discretionary,"Apparel, Accessories & Luxury Goods",198.18,423.32,185.95,199.21,196.05,199.5,220.23,253.08,269.87,306.72
LYB,LyondellBasell,Materials,Specialty Chemicals,55.47,93.74,47.55,54.19,52.49,54.35,58.59,57.85,60.63,65.89
MTB,M&T Bank,Financials,Regional Banks,192.43,221.09,149.64,191.34,190.86,190.08,192.0,182.39,181.65,187.86
MPC,Marathon Petroleum,Energy,Oil & Gas Refining & Marketing,164.94,182.09,113.82,163.49,161.56,164.77,168.48,156.27,153.62,151.17
MKTX,MarketAxess,Financials,Financial Exchanges & Data,186.85,292.5,182.26,187.44,187.45,195.21,208.74,213.13,211.68,219.05
MAR,Marriott International,Consumer Discretionary,"Hotels, Resorts & Cruise Lines",262.27,306.04,204.87,264.81,264.32,265.15,268.76,257.71,257.25,266.56
MMC,Marsh McLennan,Financials,Insurance Brokers,211.11,246.94,196.27,209.62,207.59,204.99,210.16,218.73,221.64,220.43
MLM,Martin Marietta Materials,Materials,Construction Materials,600.74,630.45,441.31,604.3,608.04,597.91,571.8,547.24,533.42,540.34
MAS,Masco,Industrials,Building Products,72.32,85.23,56.02,73.28,72.4,70.18,66.76,64.69,66.06,70.01
MA,Mastercard,Financials,Transaction & Payment Processing Services,591.92,593.91,459.26,587.19,581.97,573.56,564.5,557.58,554.96,545.97
MTCH,Match Group,Communication Services,Interactive Media & Services,36.79,39.2,26.24,37.55,37.34,35.98,33.46,31.49,31.41,31.82
MKC,McCormick & Company,Consumer Staples,Packaged Foods & Meats,71.07,85.22,68.23,69.62,69.8,70.29,72.12,73.37,74.84,75.2
MCD,McDonald's,Consumer Discretionary,Restaurants,313.22,324.48,273.39,310.97,308.03,305.29,299.25,305.04,305.09,299.45
MCK,McKesson Corporation,Health Care,Health Care Distributors,706.0,737.89,462.92,686.02,676.74,689.62,707.5,703.6,692.38,654.81
MDT,Medtronic,Health Care,Health Care Equipment,91.1,94.71,77.57,92.01,92.26,91.56,89.48,86.6,87.31,86.23
MRK,Merck & Co.,Health Care,Pharmaceuticals,86.08,116.37,72.58,84.82,83.06,82.08,81.49,80.14,82.33,87.22
META,Meta Platforms,Communication Services,Interactive Media & Services,739.1,796.25,479.43,758.18,767.83,755.04,728.38,661.18,653.12,641.69
MET,MetLife,Financials,Life & Health Insurance,79.24,87.17,64.24,78.41,77.55,76.48,77.41,76.64,77.48,79.08
MTD,Mettler Toledo,Health Care,Life Sciences Tools & Services,1278.0,1521.01,946.69,1308.22,1298.42,1270.34,1224.3,1164.17,1179.48,1216.78
MGM,MGM Resorts,Consumer Discretionary,Casinos & Gaming,36.22,42.54,25.3,36.27,35.81,36.14,36.01,33.59,33.38,34.2
MCHP,Microchip Technology,Information Technology,Semiconductors,66.1,80.85,33.87,65.77,64.79,66.43,69.46,60.17,59.08,59.3
MU,Micron Technology,Information Technology,Semiconductors,115.79,129.73,61.48,119.89,121.94,116.0,118.18,101.98,100.46,99.67
MSFT,Microsoft,Information Technology,Systems Software,504.24,555.45,344.16,511.4,517.31,519.6,504.91,462.22,447.68,438.82
MAA,Mid-America Apartment Communities,Real Estate,Multi-Family Residential REITs,141.01,170.0,137.32,141.35,140.39,142.65,146.31,151.26,153.35,152.63
MRNA,Moderna,Health Care,Biotechnology,26.22,89.8,23.15,27.43,26.8,28.32,29.15,27.72,28.83,33.13
MHK,Mohawk Industries,Consumer Discretionary,Home Furnishings,124.17,164.29,96.24,126.24,125.9,122.55,113.57,109.25,110.48,117.07
MOH,Molina Healthcare,Health Care,Managed Health Care,172.83,365.23,151.95,171.38,164.58,161.49,214.64,267.08,276.08,284.71
TAP,Molson Coors Beverage Company,Consumer Staples,Brewers,51.74,64.07,46.94,51.43,51.21,50.38,49.85,53.08,54.37,55.31
MDLZ,Mondelez International,Consumer Staples,Packaged Foods & Meats,62.94,73.95,53.2,62.54,62.11,63.75,66.29,66.19,65.87,63.74
MPWR,Monolithic Power Systems,Information Technology,Semiconductors,820.74,951.76,437.93,833.72,832.16,798.19,752.78,684.3,668.34,654.0
MNST,Monster Beverage,Consumer Staples,Soft Drinks & Non-alcoholic Beverages,64.36,66.75,45.7,64.3,64.22,62.15,61.72,61.15,60.03,56.89
MCO,Moody's Corporation,Financials,Financial Exchanges & Data,509.47,528.95,377.3,512.42,514.29,513.07,500.26,478.84,476.68,478.88
MS,Morgan Stanley,Financials,Investment Banking & Brokerage,144.04,149.08,91.36,144.33,145.23,143.4,140.0,129.24,127.3,127.83
MOS,Mosaic Company (The),Materials,Fertilizers & Agricultural Chemicals,32.61,38.23,22.14,32.41,32.21,33.69,35.19,33.0,31.52,29.43
MSI,Motorola Solutions,Information Technology,Communications Equipment,462.43,503.98,387.87,461.29,462.38,449.44,429.63,424.42,424.04,441.19
MSCI,MSCI Inc.,Financials,Financial Exchanges & Data,567.27,636.39,483.67,564.47,559.29,556.65,560.54,555.08,556.66,570.15
NDAQ,"Nasdaq, Inc.",Financials,Financial Exchanges & Data,93.96,97.63,64.64,94.26,95.22,95.58,91.39,84.48,82.87,81.49
NTAP,NetApp,Information Technology,"Technology Hardware, Storage & Peripherals",107.78,133.34,71.49,108.61,108.19,106.11,105.38,98.62,98.2,106.22
NFLX,Netflix,Communication Services,Movies & Entertainment,1206.21,1341.15,660.8,1223.65,1220.85,1195.61,1229.94,1162.07,1119.46,1040.89
NEM,Newmont,Materials,Gold,70.09,70.76,36.47,68.96,68.86,66.93,62.03,57.0,54.58,49.68
NWSA,News Corp (Class A),Communication Services,Publishing,29.74,30.75,23.38,29.64,29.33,29.32,29.22,28.21,28.06,28.21
NWS,News Corp (Class B),Communication Services,Publishing,34.47,35.58,26.25,34.3,33.91,33.74,33.65,32.51,32.24,32.01
NEE,NextEra Energy,Utilities,Multi-Utilities,76.08,84.15,61.22,75.98,74.12,72.68,73.03,70.71,70.69,70.98
NKE,"Nike, Inc.",Consumer Discretionary,"Apparel, Accessories & Luxury Goods",76.18,89.11,51.93,76.74,76.04,75.96,71.93,65.49,67.07,69.85
NI,NiSource,Utilities,Multi-Utilities,42.29,43.51,31.11,42.15,42.28,42.26,40.78,39.75,39.6,38.39
NDSN,Nordson Corporation,Industrials,Industrial Machinery & Supplies & Components,219.93,263.91,164.43,215.7,215.47,215.2,216.32,205.28,205.61,214.06
NSC,Norfolk Southern,Industrials,Rail Transportation,284.35,288.64,199.43,283.18,281.68,280.49,268.22,248.84,245.96,247.11
NTRS,Northern Trust,Financials,Asset Management & Custody Banks,127.31,133.0,81.05,127.12,126.83,127.62,124.38,111.19,109.25,107.86
NOC,Northrop Grumman,Industrials,Aerospace & Defense,597.21,598.83,422.32,588.95,585.27,582.83,539.67,514.18,507.5,495.98
NCLH,Norwegian Cruise Line Holdings,Consumer Discretionary,"Hotels, Resorts & Cruise Lines",23.36,29.29,14.21,24.1,24.16,24.29,22.37,20.0,20.16,22.6
NRG,NRG Energy,Utilities,Independent Power Producers & Energy Traders,145.89,175.96,74.96,148.3,151.16,156.68,154.54,139.61,131.11,118.54
NUE,Nucor,Materials,Steel,143.25,168.24,97.18,144.54,143.1,141.97,136.87,125.59,126.35,128.95
NVDA,Nvidia,Information Technology,Semiconductors,174.98,184.48,86.61,177.7,180.0,178.75,166.29,143.0,137.9,137.63
NVR,"NVR, Inc.",Consumer Discretionary,Homebuilding,7953.9,9964.77,6562.85,8123.9,8072.9,7930.52,7640.07,7394.89,7371.37,7759.71
NXPI,NXP Semiconductors,Information Technology,Semiconductors,223.93,254.98,147.4,228.55,223.72,219.63,220.74,204.99,205.87,209.94
ORLY,O’Reilly Automotive,Consumer Discretionary,Automotive Retail,102.87,104.86,73.11,102.57,102.58,101.4,95.29,93.51,92.78,89.12
OXY,Occidental Petroleum,Energy,Oil & Gas Exploration & Production,44.56,57.35,34.59,44.32,44.33,44.14,44.17,42.63,43.57,45.56
ODFL,Old Dominion,Industrials,Cargo Ground Transportation,149.75,232.21,140.91,151.28,149.77,150.78,158.47,158.85,161.11,175.34
OMC,Omnicom Group,Communication Services,Advertising,77.48,104.25,68.37,77.07,75.68,74.42,73.24,73.66,75.05,80.54
ON,ON Semiconductor,Information Technology,Semiconductors,48.81,78.61,31.04,49.93,49.79,51.65,54.24,47.6,47.11,52.64
OKE,Oneok,Energy,Oil & Gas Storage & Transportation,74.02,113.92,72.18,73.63,74.05,76.58,78.85,80.71,83.41,89.77
ORCL,Oracle Corporation,Information Technology,Application Software,233.16,260.87,118.18,240.04,244.59,247.58,233.3,190.95,183.58,179.98
OTIS,Otis Worldwide,Industrials,Industrial Machinery & Supplies & Components,87.57,105.86,83.85,88.06,87.66,87.03,93.12,94.54,95.67,95.69
PCAR,Paccar,Industrials,Construction Machinery & Heavy Transportation Equipment,97.54,114.66,84.08,98.36,98.43,98.28,96.39,94.1,95.64,100.14
PKG,Packaging Corporation of America,Materials,Paper & Plastic Packaging Products & Materials,210.35,246.22,171.6,198.85,198.36,197.73,197.23,192.63,194.08,206.45
PLTR,Palantir Technologies,Information Technology,Application Software,156.18,190.0,29.31,164.23,174.31,169.15,153.13,132.09,122.97,105.77
PANW,Palo Alto Networks,Information Technology,Systems Software,183.32,210.39,144.15,180.51,176.36,178.79,190.64,186.12,185.52,187.38
PSKY,Paramount Skydance Corporation,Communication Services,Movies & Entertainment,16.03,17.53,9.78,14.14,13.17,12.84,12.7,12.12,12.0,11.54
PH,Parker Hannifin,Industrials,Industrial Machinery & Supplies & Components,733.05,763.99,487.08,737.28,740.42,732.47,710.32,665.36,658.22,663.64
PAYX,Paychex,Industrials,Human Resource & Employment Services,138.41,160.03,121.21,138.42,138.3,140.62,143.61,146.44,146.47,144.47
PAYC,Paycom,Industrials,Human Resource & Employment Services,225.32,267.76,152.34,224.53,222.62,227.09,230.39,233.48,229.93,224.51
PYPL,PayPal,Financials,Transaction & Payment Processing Services,67.55,93.66,55.85,68.69,68.62,69.64,72.18,69.78,69.77,75.62
PNR,Pentair,Industrials,Industrial Machinery & Supplies & Components,104.44,109.84,73.85,105.43,105.45,103.92,103.23,97.3,95.59,98.02
PEP,PepsiCo,Consumer Staples,Soft Drinks & Non-alcoholic Beverages,148.98,174.44,126.36,150.36,148.67,144.97,138.89,136.85,139.26,143.47
PFE,Pfizer,Health Care,Pharmaceuticals,25.74,28.43,20.18,25.33,25.07,24.56,24.43,23.46,23.79,24.22
PCG,PG&E Corporation,Utilities,Multi-Utilities,14.67,21.62,12.97,15.15,15.19,14.82,14.16,15.51,15.71,16.81
PM,Philip Morris International,Consumer Staples,Tobacco,174.49,185.29,113.63,169.78,168.92,166.1,173.78,170.54,166.74,151.79
PSX,Phillips 66,Energy,Oil & Gas Refining & Marketing,124.45,135.71,89.26,122.85,121.12,121.52,122.83,115.41,116.97,117.95
PNW,Pinnacle West Capital,Utilities,Multi-Utilities,91.16,94.64,79.08,91.44,91.97,91.32,90.25,90.52,90.58,88.75
PNC,PNC Financial Services,Financials,Diversified Banks,194.0,210.46,142.39,193.05,192.27,191.43,189.18,177.03,176.58,183.56
POOL,Pool Corporation,Consumer Discretionary,Distributors,308.63,391.14,281.15,317.24,316.34,314.18,304.59,303.97,309.76,324.77
PPG,PPG Industries,Materials,Specialty Chemicals,111.57,133.97,89.08,111.85,110.53,108.97,111.63,108.96,109.39,112.76
PPL,PPL Corporation,Utilities,Electric Utilities,36.72,37.38,30.32,36.67,36.72,36.38,35.22,35.02,34.88,34.03
PFG,Principal Financial Group,Financials,Life & Health Insurance,78.67,89.5,67.72,78.27,77.81,77.7,78.54,77.35,78.61,79.33
PG,Procter & Gamble,Consumer Staples,Personal Care Products,158.73,177.66,149.91,157.34,155.94,154.65,156.45,159.62,161.34,162.81
PGR,Progressive Corporation,Financials,Property & Casualty Insurance,248.95,292.77,228.37,249.3,248.11,245.79,252.07,264.37,267.16,259.92
PLD,Prologis,Real Estate,Industrial REITs,108.39,128.08,84.54,108.27,106.8,106.98,107.11,105.39,107.21,108.67
PRU,Prudential Financial,Financials,Life & Health Insurance,107.17,125.75,88.12,106.08,104.95,103.23,103.72,102.44,103.54,108.06
PEG,Public Service Enterprise Group,Utilities,Electric Utilities,83.29,93.08,74.08,84.5,85.9,87.07,84.49,82.07,81.76,82.94
PTC,PTC Inc.,Information Technology,Application Software,211.95,219.69,133.38,209.37,207.65,208.58,192.54,175.72,172.6,178.34
PSA,Public Storage,Real Estate,Self-Storage REITs,286.76,359.28,254.04,284.91,283.06,283.21,287.86,290.86,292.06,297.09
PHM,PulteGroup,Consumer Discretionary,Homebuilding,125.37,148.55,87.88,127.84,126.29,121.87,113.62,106.79,106.24,110.57
PWR,Quanta Services,Industrials,Construction & Engineering,378.21,424.94,227.02,379.5,381.68,391.57,384.14,345.94,328.4,325.76
QCOM,Qualcomm,Information Technology,Semiconductors,154.13,179.1,120.08,156.51,154.65,153.4,155.62,149.93,151.11,155.02
DGX,Quest Diagnostics,Health Care,Health Care Services,183.72,185.26,144.09,181.93,180.11,175.27,174.76,173.04,172.24,166.31
RL,Ralph Lauren Corporation,Consumer Discretionary,"Apparel, Accessories & Luxury Goods",285.46,306.34,162.15,287.46,290.63,294.64,285.12,262.76,257.51,248.96
RJF,Raymond James Financial,Financials,Investment Banking & Brokerage,162.03,173.13,112.35,163.27,164.31,165.48,159.12,150.01,148.79,153.03
RTX,RTX Corporation,Industrials,Aerospace & Defense,156.32,158.09,111.21,155.23,154.87,155.49,149.94,139.59,137.61,130.67
O,Realty Income,Real Estate,Retail REITs,59.58,61.9,49.76,58.97,58.3,57.6,57.26,56.35,56.17,55.05
REG,Regency Centers,Real Estate,Retail REITs,71.22,76.68,62.82,71.22,71.46,71.67,70.93,70.95,71.26,71.38
REGN,Regeneron Pharmaceuticals,Health Care,Biotechnology,598.16,1206.03,475.77,582.88,570.32,564.49,548.2,558.29,582.58,636.85
RF,Regions Financial Corporation,Financials,Regional Banks,25.74,27.09,17.53,25.72,25.54,25.51,24.54,22.59,22.44,23.12
RSG,Republic Services,Industrials,Environmental & Facilities Services,235.44,258.14,195.62,234.33,234.27,235.19,240.55,243.35,241.37,230.05
RMD,ResMed,Health Care,Health Care Equipment,288.34,292.47,199.07,286.89,285.66,282.14,266.49,250.03,245.07,242.68
RVTY,Revvity,Health Care,Health Care Equipment,89.67,129.23,85.12,90.65,89.43,90.19,94.41,94.16,97.55,104.78
ROK,Rockwell Automation,Industrials,Electrical Components & Equipment,339.52,359.54,213.27,341.29,339.92,342.96,338.88,305.59,298.08,292.41
ROL,"Rollins, Inc.",Industrials,Environmental & Facilities Services,58.0,58.96,44.94,57.76,57.91,57.81,56.73,56.21,55.3,52.73
ROP,Roper Technologies,Information Technology,Electronic Equipment & Instruments,526.94,593.46,498.03,532.39,529.08,539.18,551.57,558.11,561.91,556.04
ROST,Ross Stores,Consumer Discretionary,Apparel Retail,145.62,161.83,122.01,146.57,147.02,143.82,136.0,138.3,136.69,140.46
RCL,Royal Caribbean Group,Consumer Discretionary,"Hotels, Resorts & Cruise Lines",325.03,355.91,152.4,324.99,316.81,321.07,316.08,271.28,261.14,253.08
SPGI,S&P Global,Financials,Financial Exchanges & Data,552.44,579.05,426.35,554.32,557.01,552.0,532.86,514.04,512.3,510.55
CRM,Salesforce,Information Technology,Application Software,245.83,367.42,226.48,244.94,239.99,248.52,258.67,262.96,267.33,291.81
SBAC,SBA Communications,Real Estate,Telecom Tower REITs,220.89,249.02,190.65,219.99,219.42,222.83,228.72,228.11,225.92,219.2
SLB,Schlumberger,Energy,Oil & Gas Equipment & Services,33.81,45.17,30.85,33.36,33.17,33.6,34.52,34.52,35.74,37.54
STX,Seagate Technology,Information Technology,"Technology Hardware, Storage & Peripherals",154.6,159.36,62.86,156.81,155.44,153.48,146.35,120.57,114.49,107.35
SRE,Sempra,Utilities,Multi-Utilities,81.13,93.45,61.37,81.68,81.72,81.62,77.94,75.64,74.5,78.43
NOW,ServiceNow,Information Technology,Systems Software,876.97,1198.09,678.66,882.66,870.98,905.35,956.85,941.17,925.16,973.5
SHW,Sherwin-Williams,Materials,Specialty Chemicals,363.86,397.81,307.5,364.43,361.75,351.51,346.48,346.45,346.54,352.12
SPG,Simon Property Group,Real Estate,Retail REITs,173.43,185.37,134.57,173.66,171.24,168.5,164.32,160.17,161.84,165.83
SWKS,Skyworks Solutions,Information Technology,Semiconductors,74.52,107.64,47.45,74.67,73.57,71.48,73.06,68.84,68.5,74.14
SJM,J.M. Smucker Company (The),Consumer Staples,Packaged Foods & Meats,112.96,121.73,92.38,112.05,111.22,109.76,104.27,108.04,108.41,107.59
SW,Smurfit Westrock,Materials,Paper & Plastic Packaging Products & Materials,43.69,55.46,36.31,42.88,43.24,44.21,44.42,43.28,43.83,46.97
SNA,Snap-on,Industrials,Industrial Machinery & Supplies & Components,321.38,366.68,262.13,322.84,323.05,321.88,318.08,317.5,319.93,328.34
SOLV,Solventum,Health Care,Health Care Technology,72.0,85.92,58.76,71.86,72.42,72.63,73.78,71.9,72.89,72.2
SO,Southern Company,Utilities,Electric Utilities,94.62,95.68,78.5,93.98,93.84,94.03,92.24,90.41,89.99,87.34
LUV,Southwest Airlines,Industrials,Passenger Airlines,31.07,37.96,23.68,31.33,30.77,30.75,32.75,31.15,31.2,31.41
SWK,Stanley Black & Decker,Industrials,Industrial Machinery & Supplies & Components,73.13,107.4,53.22,74.37,73.18,71.25,70.02,66.82,69.75,75.01
SBUX,Starbucks,Consumer Discretionary,Restaurants,88.56,115.87,74.48,90.43,91.36,90.87,92.1,88.25,91.08,93.63
STT,State Street Corporation,Financials,Asset Management & Custody Banks,112.36,114.28,72.29,111.53,111.51,111.38,107.51,98.56,96.85,96.52
STLD,Steel Dynamics,Materials,Steel,125.76,153.72,102.78,126.35,125.95,125.73,129.05,127.77,127.48,128.17
STE,Steris,Health Care,Health Care Equipment,247.5,252.2,199.99,246.96,245.62,236.7,234.98,232.76,231.11,224.88
SYK,Stryker Corporation,Health Care,Health Care Equipment,384.83,404.87,328.46,386.03,381.85,385.39,386.94,378.98,378.36,378.22
SMCI,Supermicro,Information Technology,"Technology Hardware, Storage & Peripherals",42.31,66.44,17.25,43.88,44.72,50.28,48.86,42.86,42.39,39.12
SYF,Synchrony Financial,Financials,Consumer Finance,71.23,73.44,40.15,71.54,71.45,70.7,68.34,60.98,59.75,61.8
SNPS,Synopsys,Information Technology,Application Software,598.17,651.73,365.74,611.07,615.16,619.49,567.28,513.57,500.55,508.9
SYY,Sysco,Consumer Staples,Food Distributors,79.72,82.64,66.65,79.79,80.36,80.14,77.85,74.68,74.32,74.19
TMUS,T-Mobile US,Communication Services,Wireless Telecommunication Services,258.16,275.47,190.58,257.04,253.25,246.64,237.48,242.63,246.41,240.85
TROW,T. Rowe Price,Financials,Asset Management & Custody Banks,104.53,121.15,76.8,106.05,106.72,105.73,101.67,95.84,95.81,101.94
TTWO,Take-Two Interactive,Communication Services,Interactive Home Entertainment,227.87,245.08,146.76,229.93,229.15,226.95,233.06,227.27,223.63,210.07
TPR,"Tapestry, Inc.",Consumer Discretionary,"Apparel, Accessories & Luxury Goods",98.39,114.05,38.51,99.17,103.3,106.28,98.06,85.56,83.61,76.99
TRGP,Targa Resources,Energy,Oil & Gas Storage & Transportation,162.1,215.2,138.14,162.0,164.15,164.75,167.36,166.9,171.81,179.38
TGT,Target Corporation,Consumer Staples,Consumer Staples Merchandise Retail,97.06,161.18,85.44,101.82,103.1,102.66,100.96,97.6,100.02,112.2
TEL,TE Connectivity,Information Technology,Electronic Manufacturing Services,200.3,212.76,115.79,202.33,203.09,203.87,185.42,166.47,162.7,157.05
TDY,Teledyne Technologies,Information Technology,Electronic Equipment & Instruments,542.44,570.56,415.02,540.49,543.48,547.5,529.82,504.55,503.2,495.37
TER,Teradyne,Information Technology,Semiconductor Materials & Equipment,109.3,143.79,65.67,109.85,109.89,105.7,96.92,87.36,89.28,100.31
TSLA,"Tesla, Inc.",Consumer Discretionary,Automobile Manufacturers,320.11,488.54,202.59,327.81,332.35,323.82,321.21,307.54,298.93,327.95
TXN,Texas Instruments,Information Technology,Semiconductors,200.71,220.1,137.77,197.26,193.72,189.44,199.69,184.6,184.32,186.28
TPL,Texas Pacific Land Corporation,Energy,Oil & Gas Exploration & Production,880.28,1762.86,763.79,890.29,882.01,919.38,992.59,1129.32,1170.93,1229.83
TXT,Textron,Industrials,Aerospace & Defense,79.48,91.39,57.69,79.28,79.12,78.57,80.24,75.53,75.15,76.75
TMO,Thermo Fisher Scientific,Health Care,Life Sciences Tools & Services,483.76,625.84,385.46,490.68,482.38,475.69,441.11,431.94,449.59,483.99
TJX,TJX Companies,Consumer Discretionary,Apparel Retail,137.51,145.58,109.83,135.22,133.86,130.56,126.41,126.67,125.01,123.6
TKO,TKO Group Holdings,Communication Services,Movies & Entertainment,184.24,194.76,112.59,185.23,183.78,174.68,173.13,165.06,161.81,154.79
TTD,Trade Desk (The),Communication Services,Advertising,52.3,141.53,42.96,52.89,53.02,70.21,72.73,67.45,66.38,86.77
TSCO,Tractor Supply,Consumer Discretionary,Other Specialty Retail,61.0,63.99,46.64,61.18,60.34,59.57,56.75,53.76,53.77,54.2
TT,Trane Technologies,Industrials,Building Products,422.27,476.19,297.5,425.93,429.02,436.62,435.28,409.82,396.93,392.55
TDG,TransDigm Group,Industrials,Aerospace & Defense,1393.14,1623.83,1183.6,1394.22,1401.97,1475.54,1497.96,1444.53,1426.39,1378.79
TRV,Travelers Companies (The),Financials,Property & Casualty Insurance,274.92,276.69,211.81,269.74,267.96,264.7,262.9,262.63,261.33,255.38
TRMB,Trimble Inc.,Information Technology,Electronic Equipment & Instruments,80.27,87.5,52.91,81.33,82.47,83.25,79.68,72.63,71.99,72.24
TFC,Truist Financial,Financials,Diversified Banks,44.07,47.29,32.72,44.28,44.11,43.74,43.1,40.55,40.7,42.03
TYL,Tyler Technologies,Information Technology,Application Software,566.67,661.31,513.52,568.95,574.08,577.53,575.72,569.19,572.78,584.97
TSN,Tyson Foods,Consumer Staples,Packaged Foods & Meats,56.97,65.23,51.85,56.63,56.73,55.35,55.09,56.45,57.21,57.56
USB,U.S. Bancorp,Financials,Diversified Banks,46.17,52.21,34.8,46.17,45.95,45.51,45.43,43.24,43.14,44.95
UBER,Uber,Industrials,Passenger Ground Transportation,94.23,97.71,59.33,93.97,92.4,90.75,90.72,85.74,83.41,77.96
UDR,"UDR, Inc.",Real Estate,Multi-Family Residential REITs,38.56,45.63,35.84,38.57,38.29,38.76,39.85,40.46,41.0,41.36
ULTA,Ulta Beauty,Consumer Discretionary,Other Specialty Retail,520.18,534.1,309.01,518.26,516.31,514.93,492.09,445.61,427.33,416.63
UNP,Union Pacific Corporation,Industrials,Rail Transportation,225.3,253.9,203.43,223.12,222.1,222.93,226.77,223.47,226.47,229.63
UAL,United Airlines Holdings,Industrials,Passenger Airlines,97.18,116.0,40.96,100.5,97.85,93.37,86.86,79.8,80.12,87.15
UPS,United Parcel Service,Industrials,Air Freight & Logistics,86.15,136.36,82.72,86.85,86.33,87.25,94.42,94.82,98.36,106.64
URI,United Rentals,Industrials,Trading Companies & Distributors,890.12,933.32,523.58,906.11,902.47,887.69,814.31,733.35,711.34,733.4
UNH,UnitedHealth Group,Health Care,Managed Health Care,303.35,621.24,234.6,303.99,282.81,269.41,288.72,345.13,373.41,435.67
UHS,Universal Health Services,Health Care,Health Care Facilities,183.95,242.48,152.33,181.46,178.37,170.69,173.4,177.73,177.65,182.36
VLO,Valero Energy,Energy,Oil & Gas Refining & Marketing,140.29,153.86,97.37,138.47,136.27,136.87,139.28,129.62,129.25,129.62
VTR,Ventas,Real Estate,Health Care REITs,69.12,70.82,55.85,68.25,68.24,67.81,65.46,65.43,65.76,63.7
VLTO,Veralto,Industrials,Environmental & Facilities Services,108.47,114.62,83.77,107.89,108.05,106.79,103.22,99.5,99.24,100.52
VRSN,Verisign,Information Technology,Internet Services & Infrastructure,272.24,309.71,174.64,269.78,268.17,272.39,279.0,272.6,265.93,241.6
VRSK,Verisk Analytics,Industrials,Research & Consulting Services,271.91,322.46,259.01,269.46,267.17,272.32,291.94,296.58,295.68,290.96
VZ,Verizon,Communication Services,Integrated Telecommunication Services,45.03,45.87,36.41,44.73,44.05,43.39,42.55,42.65,42.62,41.31
VRTX,Vertex Pharmaceuticals,Health Care,Biotechnology,397.46,519.88,362.5,393.05,388.02,413.79,440.49,452.61,461.21,457.6
VTRS,Viatris,Health Care,Pharmaceuticals,10.69,13.19,6.75,10.65,10.4,9.73,9.33,8.79,8.9,9.95
VICI,Vici Properties,Real Estate,Hotel & Resort REITs,32.96,34.01,27.24,32.62,32.73,32.89,32.82,32.04,31.92,31.0
V,Visa Inc.,Financials,Transaction & Payment Processing Services,343.69,374.85,263.46,343.46,341.36,342.92,348.39,347.53,346.62,336.57
VST,Vistra Corp.,Utilities,Electric Utilities,190.28,216.85,72.39,194.6,199.24,201.61,193.23,165.71,157.77,156.56
VMC,Vulcan Materials Company,Materials,Construction Materials,288.28,296.62,214.34,289.78,289.94,283.24,271.36,263.25,257.75,262.94
WRB,W. R. Berkley Corporation,Financials,Property & Casualty Insurance,72.51,75.77,54.76,71.6,71.15,70.26,70.6,70.67,69.12,65.44
GWW,W. W. Grainger,Industrials,Industrial Machinery & Supplies & Components,994.07,1219.65,889.92,987.43,974.21,983.36,1018.1,1025.19,1017.02,1051.31
WAB,Wabtec,Industrials,Construction Machinery & Heavy Transportation Equipment,191.41,215.82,151.42,191.18,191.65,191.14,201.29,194.96,192.25,194.21
WBA,Walgreens Boots Alliance,Consumer Staples,Drug Retail,12.19,13.25,7.98,12.09,12.0,11.84,11.61,11.34,11.29,10.74
WMT,Walmart,Consumer Staples,Consumer Staples Merchandise Retail,97.96,104.51,73.01,100.5,101.44,100.25,97.69,96.13,94.76,93.84
DIS,Walt Disney Company (The),Communication Services,Movies & Entertainment,116.21,124.69,79.76,116.29,115.31,116.79,119.03,109.18,108.01,108.72
WBD,Warner Bros. Discovery,Communication Services,Broadcasting,11.59,13.87,6.78,11.67,11.51,12.24,11.79,10.39,10.47,10.37
WM,Waste Management,Industrials,Environmental & Facilities Services,229.61,241.74,198.19,227.83,230.04,230.46,229.72,230.39,229.63,224.1
WAT,Waters Corporation,Health Care,Life Sciences Tools & Services,290.44,423.56,275.05,293.17,290.22,290.57,315.12,329.36,338.53,356.37
WEC,WEC Energy Group,Utilities,Electric Utilities,108.48,110.99,87.18,107.92,108.36,108.49,106.12,105.82,105.55,101.74
WFC,Wells Fargo,Financials,Diversified Banks,77.83,84.33,49.13,77.61,78.03,78.8,78.88,74.64,74.11,73.71
WELL,Welltower,Real Estate,Health Care REITs,166.94,170.34,113.38,164.36,164.61,164.97,158.32,152.98,152.11,144.73
WST,West Pharmaceutical Services,Health Care,Health Care Supplies,242.63,351.24,187.09,245.06,243.89,244.76,231.64,221.83,222.84,258.6
WDC,Western Digital,Information Technology,"Technology Hardware, Storage & Peripherals",74.66,78.8,28.78,75.5,75.53,74.59,68.0,56.11,53.76,52.32
WY,Weyerhaeuser,Real Estate,Timber REITs,25.77,33.31,23.91,25.93,25.87,25.75,25.98,25.99,26.71,27.79
WSM,"Williams-Sonoma, Inc.",Consumer Discretionary,Homefurnishing Retail,197.21,218.08,123.89,200.81,202.61,197.65,178.67,167.23,169.03,174.21
WMB,Williams Companies,Energy,Oil & Gas Storage & Transportation,57.8,63.45,42.38,57.11,57.45,58.2,58.83,58.5,58.16,57.0
WTW,Willis Towers Watson,Financials,Insurance Brokers,337.15,342.16,277.14,333.69,332.01,323.66,311.74,312.01,315.81,315.51
WDAY,"Workday, Inc.",Information Technology,Application Software,227.58,294.0,205.33,228.56,223.82,227.35,233.31,238.68,241.23,248.83
WYNN,Wynn Resorts,Consumer Discretionary,Casinos & Gaming,110.89,113.25,64.93,110.52,110.21,109.27,103.7,93.5,92.09,90.23
XEL,Xcel Energy,Utilities,Multi-Utilities,73.16,74.57,57.65,72.74,72.74,72.87,70.3,69.79,69.58,68.44
XYL,Xylem Inc.,Industrials,Industrial Machinery & Supplies & Components,140.22,145.33,100.15,141.12,141.99,140.44,133.84,126.55,126.13,124.65
YUM,Yum! Brands,Consumer Discretionary,Restaurants,148.01,162.5,120.96,149.38,146.31,145.31,145.98,146.15,148.05,142.67
ZBRA,Zebra Technologies,Information Technology,Electronic Equipment & Instruments,308.51,427.76,205.73,312.14,318.45,323.07,317.04,291.06,291.46,327.89
ZBH,Zimmer Biomet,Health Care,Health Care Equipment,104.42,115.64,88.99,103.95,102.62,98.21,95.22,96.62,98.88,101.84
ZTS,Zoetis,Health Care,Pharmaceuticals,155.61,197.92,138.77,154.89,152.61,150.73,154.15,155.91,157.55,161.89
