Symbol,Company,GICS_Sector,GICS_Sub_Industry,Current_Price,52_Week_High,52_Week_Low,SMA_5,SMA_10,SMA_20,SMA_50,SMA_100,SMA_125,SMA_200
MMM,3M,Industrials,Industrial Conglomerates,156.66,163.4,120.83,156.13,155.17,155.26,153.58,149.32,147.39,144.28
AOS,A. O. Smith,Industrials,Building Products,73.25,90.29,58.25,72.92,72.61,72.42,71.17,68.52,67.61,67.81
ABT,Abbott Laboratories,Health Care,Health Care Equipment,131.33,139.95,109.57,131.8,132.06,131.91,130.3,131.42,130.57,127.24
ABBV,AbbVie,Health Care,Biotechnology,217.61,221.77,159.42,215.65,213.74,211.08,200.25,192.89,192.2,188.69
ACN,Accenture,Information Technology,IT Consulting & Other Services,237.87,394.41,235.92,243.13,248.94,252.37,262.74,284.91,287.17,313.26
ADBE,Adobe Inc.,Information Technology,Application Software,347.1,587.75,330.04,350.25,349.73,353.48,357.13,375.75,374.51,404.35
AMD,Advanced Micro Devices,Information Technology,Semiconductors,161.16,186.65,76.48,158.15,157.96,162.36,163.1,139.54,131.14,126.26
AES,AES Corporation,Utilities,Independent Power Producers & Energy Traders,13.03,19.17,9.28,12.84,12.93,13.14,13.02,11.79,11.67,11.58
AFL,Aflac,Financials,Life & Health Insurance,108.41,113.54,96.14,107.95,107.39,107.29,103.78,103.78,104.34,104.21
A,Agilent Technologies,Health Care,Life Sciences Tools & Services,125.63,153.19,96.23,125.19,126.18,123.23,119.72,116.36,115.21,123.36
APD,Air Products,Materials,Industrial Gases,289.52,336.92,242.14,290.3,290.37,291.96,291.78,283.1,281.69,291.17
ABNB,Airbnb,Consumer Discretionary,"Hotels, Resorts & Cruise Lines",120.37,163.93,99.88,122.64,123.95,125.91,130.26,130.68,128.27,130.97
AKAM,Akamai Technologies,Information Technology,Internet Services & Infrastructure,76.46,106.8,67.51,77.48,77.66,77.38,77.15,77.94,77.82,83.58
ALB,Albemarle Corporation,Materials,Specialty Chemicals,81.04,111.49,48.84,75.36,77.71,79.75,76.23,67.72,67.11,74.33
ARE,Alexandria Real Estate Equities,Real Estate,Office REITs,85.57,118.73,66.16,84.59,83.86,81.85,79.21,75.3,77.17,84.38
ALGN,Align Technology,Health Care,Health Care Supplies,131.06,262.87,127.7,133.48,134.76,139.1,160.41,171.3,169.75,184.89
ALLE,Allegion,Industrials,Building Products,176.2,177.75,116.14,173.76,172.02,170.97,163.65,152.03,146.9,140.92
LNT,Alliant Energy,Utilities,Electric Utilities,64.73,67.11,54.71,64.45,64.48,65.12,64.43,62.53,62.25,61.2
ALL,Allstate,Financials,Property & Casualty Insurance,196.89,213.71,173.88,199.98,201.8,203.42,200.12,199.83,199.31,196.31
GOOGL,Alphabet Inc. (Class A),Communication Services,Interactive Media & Services,251.61,252.4,140.23,242.32,235.41,220.51,202.51,185.05,179.3,181.1
GOOG,Alphabet Inc. (Class C),Communication Services,Interactive Media & Services,251.76,252.75,142.36,242.68,235.77,221.07,203.28,186.1,180.57,182.51
MO,Altria,Consumer Staples,Tobacco,64.89,68.6,46.28,66.06,66.3,66.6,63.24,60.86,59.95,57.02
AMZN,Amazon,Consumer Discretionary,Broadline Retail,231.43,242.52,161.38,231.62,231.33,229.69,226.92,215.89,210.02,214.14
AMCR,Amcor,Materials,Paper & Plastic Packaging Products & Materials,8.28,11.04,8.16,8.26,8.29,8.43,9.1,9.14,9.17,9.36
AEE,Ameren,Utilities,Multi-Utilities,100.47,102.85,80.57,100.01,99.76,99.99,99.22,97.42,97.34,95.34
AEP,American Electric Power,Utilities,Electric Utilities,109.1,115.08,87.57,108.8,108.84,110.69,109.57,106.03,105.58,102.08
AXP,American Express,Financials,Consumer Finance,327.26,332.46,219.87,325.92,326.68,321.64,313.11,302.8,293.86,295.62
AIG,American International Group,Financials,Multi-line Insurance,77.03,87.61,68.55,78.23,79.33,80.7,80.25,81.83,81.93,79.23
AMT,American Tower,Real Estate,Telecom Tower REITs,192.5,234.33,169.77,194.5,195.63,201.27,210.63,212.77,212.73,204.32
AWK,American Water Works,Utilities,Water Utilities,137.58,153.69,116.64,139.02,140.24,142.37,142.0,141.63,141.91,136.58
AMP,Ameriprise Financial,Financials,Asset Management & Custody Banks,487.65,576.69,393.57,494.21,498.47,505.11,514.56,509.81,502.22,513.47
AME,Ametek,Industrials,Electrical Components & Equipment,189.56,197.35,144.77,189.28,187.96,186.58,183.4,179.81,177.0,179.68
AMGN,Amgen,Health Care,Biotechnology,274.4,330.26,247.06,278.4,280.67,285.53,290.65,284.82,286.56,283.63
APH,Amphenol,Information Technology,Electronic Components,119.24,120.8,56.35,118.65,114.69,112.27,107.64,97.79,91.28,83.1
ADI,Analog Devices,Information Technology,Semiconductors,244.91,257.11,157.31,246.75,246.88,246.81,238.1,227.76,220.11,218.03
AON,Aon plc,Financials,Insurance Brokers,363.8,411.24,322.37,367.35,369.68,370.06,363.54,360.26,364.52,368.58
APA,APA Corporation,Energy,Oil & Gas Exploration & Production,22.91,26.13,13.18,22.74,22.87,22.26,20.5,19.03,18.73,19.73
APO,Apollo Global Management,Financials,Asset Management & Custody Banks,138.48,187.59,101.84,136.19,135.02,135.34,141.54,138.33,136.78,145.6
AAPL,Apple Inc.,Information Technology,"Technology Hardware, Storage & Peripherals",236.7,259.18,168.8,232.39,234.75,231.96,221.47,212.44,211.13,221.1
AMAT,Applied Materials,Information Technology,Semiconductor Materials & Equipment,170.93,213.48,123.04,167.16,163.27,162.86,177.64,171.48,165.83,167.37
APTV,Aptiv,Consumer Discretionary,Automotive Parts & Equipment,82.8,84.72,47.19,82.61,81.43,79.63,73.51,69.43,66.87,64.9
ACGL,Arch Capital Group,Financials,Property & Casualty Insurance,89.86,110.75,82.49,90.92,91.33,91.62,89.8,91.04,91.39,91.94
ADM,Archer Daniels Midland,Consumer Staples,Agricultural Products & Services,60.53,64.38,40.22,61.42,61.81,61.82,57.88,53.56,51.95,50.61
ANET,Arista Networks,Information Technology,Communications Equipment,145.43,156.32,59.43,146.1,142.78,138.43,127.01,109.38,102.74,104.03
AJG,Arthur J. Gallagher & Co.,Financials,Insurance Brokers,289.4,349.78,272.05,295.79,298.18,299.09,300.0,313.87,317.29,312.18
AIZ,Assurant,Financials,Multi-line Insurance,208.49,227.13,173.64,211.06,212.42,213.19,200.77,198.56,198.49,202.65
T,AT&T,Communication Services,Integrated Telecommunication Services,29.62,29.79,20.22,29.46,29.35,29.17,28.3,27.88,27.66,26.13
ATO,Atmos Energy,Utilities,Gas Utilities,165.81,167.99,130.9,165.34,165.25,165.42,160.47,157.54,156.14,150.81
ADSK,Autodesk,Information Technology,Application Software,321.07,329.09,232.67,322.73,322.34,306.21,300.51,296.96,289.79,290.83
ADP,Automatic Data Processing,Industrials,Human Resource & Employment Services,290.87,326.59,266.62,293.49,295.39,299.35,301.23,304.79,302.55,300.15
AZO,AutoZone,Consumer Discretionary,Automotive Retail,4233.3,4388.11,2898.57,4290.8,4251.86,4200.24,3990.55,3845.76,3808.36,3637.16
AVB,AvalonBay Communities,Real Estate,Multi-Family Residential REITs,192.84,233.48,178.86,194.54,193.54,192.93,194.61,199.32,200.01,206.2
AVY,Avery Dennison,Materials,Paper & Plastic Packaging Products & Materials,164.85,219.94,155.31,166.13,166.93,170.11,172.97,174.25,173.71,178.38
AXON,Axon Enterprise,Industrials,Aerospace & Defense,760.79,885.92,364.6,749.51,741.56,754.38,761.37,743.97,705.18,668.29
BKR,Baker Hughes,Energy,Oil & Gas Equipment & Services,46.28,48.6,32.15,46.42,46.0,45.08,43.33,40.33,40.34,41.38
BALL,Ball Corporation,Materials,"Metal, Glass & Plastic Containers",49.91,67.13,43.18,50.54,50.62,51.62,54.7,54.1,53.11,53.42
BAC,Bank of America,Financials,Diversified Banks,50.59,51.09,32.69,50.47,50.18,49.63,47.91,45.71,44.34,44.36
BAX,Baxter International,Health Care,Health Care Equipment,23.8,39.59,21.18,24.14,24.05,24.11,25.44,27.89,28.46,29.58
BDX,Becton Dickinson,Health Care,Health Care Equipment,185.74,248.0,161.47,188.41,189.09,191.86,185.42,179.83,186.56,201.4
BBY,Best Buy,Consumer Discretionary,Computer & Electronics Retail,74.55,99.71,54.24,76.5,76.27,74.92,71.2,70.05,69.29,74.43
TECH,Bio-Techne,Health Care,Life Sciences Tools & Services,51.62,80.52,45.87,52.25,52.94,54.09,53.81,51.83,52.46,59.31
BIIB,Biogen,Health Care,Biotechnology,143.32,204.18,110.04,144.65,142.64,139.65,134.21,130.27,129.9,136.35
BLK,BlackRock,Financials,Asset Management & Custody Banks,1115.11,1166.38,766.05,1116.25,1109.27,1118.58,1110.87,1038.54,1010.89,1002.09
BX,Blackstone Inc.,Financials,Asset Management & Custody Banks,183.8,196.67,114.16,180.09,175.06,172.07,169.86,154.74,150.79,157.25
XYZ,"Block, Inc.",Financials,Transaction & Payment Processing Services,74.63,99.26,44.27,74.2,74.95,76.28,75.05,67.62,65.27,71.7
BK,BNY Mellon,Financials,Asset Management & Custody Banks,106.42,106.81,66.45,105.45,104.99,104.14,101.03,94.08,91.09,87.42
BA,Boeing,Industrials,Aerospace & Defense,215.75,242.69,128.88,221.74,226.98,228.78,228.4,214.38,204.15,191.58
BKNG,Booking Holdings,Consumer Discretionary,"Hotels, Resorts & Cruise Lines",5559.83,5829.37,3786.72,5512.56,5528.4,5582.52,5584.93,5455.28,5273.49,5131.25
BSX,Boston Scientific,Health Care,Health Care Equipment,99.87,109.5,80.64,104.05,105.71,105.5,104.76,104.02,102.68,100.59
BMY,Bristol Myers Squibb,Health Care,Pharmaceuticals,46.35,61.84,42.96,46.89,46.99,47.36,47.06,47.14,48.66,51.52
AVGO,Broadcom,Information Technology,Semiconductors,364.09,374.23,137.78,357.97,337.71,317.55,301.65,268.05,249.25,234.76
BR,Broadridge Financial Solutions,Industrials,Data Processing & Outsourced Services,249.79,270.85,204.08,251.43,251.05,254.65,250.61,244.21,241.86,237.8
BRO,Brown & Brown,Financials,Insurance Brokers,90.88,125.31,90.24,92.93,94.1,95.23,97.79,103.98,107.0,107.47
BLDR,Builders FirstSource,Industrials,Building Products,140.17,203.14,102.6,142.03,142.42,140.72,135.02,124.91,124.54,135.82
BG,Bunge Global,Consumer Staples,Agricultural Products & Services,80.3,97.07,65.6,82.07,82.28,83.1,79.72,79.19,78.19,77.28
BXP,"BXP, Inc.",Real Estate,Office REITs,77.81,86.38,53.45,75.5,75.16,72.01,69.49,68.3,67.34,68.64
CHRW,C.H. Robinson,Industrials,Air Freight & Logistics,133.27,134.91,83.72,130.08,128.61,126.76,114.32,103.93,102.06,101.74
CDNS,Cadence Design Systems,Information Technology,Application Software,351.52,376.45,221.56,350.0,350.11,349.39,342.77,323.1,309.76,302.42
CZR,Caesars Entertainment,Consumer Discretionary,Casinos & Gaming,25.9,45.93,21.4,25.58,25.72,25.95,27.11,27.53,27.22,29.92
CPT,Camden Property Trust,Real Estate,Multi-Family Residential REITs,108.37,124.31,101.41,109.82,109.97,109.55,110.29,112.73,113.06,114.0
CPB,Campbell's Company (The),Consumer Staples,Packaged Foods & Meats,32.87,50.18,29.39,33.42,33.29,32.81,32.25,32.95,33.92,36.04
COF,Capital One,Financials,Consumer Finance,226.53,231.82,133.11,224.11,223.31,221.84,217.51,205.95,198.4,194.27
CAH,Cardinal Health,Health Care,Health Care Distributors,150.27,168.44,104.89,151.04,150.45,149.85,154.54,154.11,149.78,139.76
KMX,CarMax,Consumer Discretionary,Automotive Retail,60.42,91.25,54.53,60.4,60.49,60.18,60.36,63.33,65.1,71.62
CCL,Carnival,Consumer Discretionary,"Hotels, Resorts & Cruise Lines",31.24,32.8,15.07,31.63,31.55,31.24,30.17,26.56,25.05,24.97
CARR,Carrier Global,Industrials,Building Products,61.24,82.31,53.89,62.24,63.18,64.82,69.24,69.86,68.28,68.16
CAT,Caterpillar Inc.,Industrials,Construction Machinery & Heavy Transportation Equipment,435.94,441.15,265.05,427.97,423.71,424.51,420.08,383.44,368.81,367.04
CBOE,Cboe Global Markets,Financials,Financial Exchanges & Data,234.09,255.27,186.22,234.32,234.0,239.04,240.88,232.9,229.57,219.73
CBRE,CBRE Group,Real Estate,Real Estate Services,165.56,167.56,108.45,164.04,162.85,162.31,154.05,141.73,138.22,137.51
CDW,CDW Corporation,Information Technology,Technology Distributors,163.13,227.65,136.33,166.57,166.23,165.84,170.37,172.75,169.52,173.59
COR,Cencora,Health Care,Health Care Distributors,291.4,308.18,216.84,298.34,296.48,294.97,292.95,291.38,288.24,271.02
CNC,Centene Corporation,Health Care,Managed Health Care,32.64,77.29,25.08,32.46,30.85,29.92,28.83,42.75,46.39,51.56
CNP,CenterPoint Energy,Utilities,Multi-Utilities,38.29,39.16,25.67,38.02,37.82,37.82,37.59,37.22,36.95,35.16
CF,CF Industries,Materials,Fertilizers & Agricultural Chemicals,85.35,103.84,66.56,85.73,85.4,85.69,88.89,88.63,85.77,85.36
CRL,Charles River Laboratories,Health Care,Life Sciences Tools & Services,152.24,230.02,91.86,155.1,158.74,159.8,160.55,149.62,147.19,158.12
SCHW,Charles Schwab Corporation,Financials,Investment Banking & Brokerage,92.1,99.42,60.38,93.1,94.1,95.16,95.21,90.87,87.91,84.14
CHTR,Charter Communications,Communication Services,Cable & Satellite,260.72,437.06,251.8,262.88,262.49,265.47,302.95,349.9,350.46,354.71
CVX,Chevron Corporation,Energy,Integrated Oil & Gas,157.31,165.09,129.01,157.06,157.06,156.89,153.56,146.11,146.55,147.58
CMG,Chipotle Mexican Grill,Consumer Discretionary,Restaurants,38.58,66.74,38.3,38.87,40.0,41.44,45.47,48.67,48.76,52.17
CB,Chubb Limited,Financials,Property & Casualty Insurance,274.33,305.88,250.52,277.95,277.95,276.51,274.4,280.81,282.47,279.39
CHD,Church & Dwight,Consumer Staples,Household Products,91.25,115.72,90.22,93.3,93.87,93.69,94.47,95.37,97.37,100.66
CI,Cigna,Health Care,Health Care Services,297.14,363.87,255.6,302.04,301.86,300.73,294.2,306.37,309.48,303.71
CINF,Cincinnati Financial,Financials,Property & Casualty Insurance,155.13,158.92,122.28,154.95,154.36,153.79,151.2,148.33,146.3,144.51
CTAS,Cintas,Industrials,Diversified Support Services,199.71,228.77,179.74,202.01,203.53,208.54,215.57,217.15,213.75,208.91
CSCO,Cisco,Information Technology,Communications Equipment,67.02,72.55,47.56,67.34,67.39,67.58,68.2,65.58,64.04,62.49
C,Citigroup,Financials,Diversified Banks,99.79,100.16,54.71,98.51,97.07,96.03,93.47,84.39,80.67,78.03
CFG,Citizens Financial Group,Financials,Regional Banks,51.34,52.85,31.96,51.69,51.76,51.05,49.1,44.74,43.29,43.64
CLX,Clorox,Consumer Staples,Household Products,122.82,166.9,116.17,123.95,124.02,121.7,123.66,126.39,129.15,138.58
CME,CME Group,Financials,Financial Exchanges & Data,258.83,288.09,203.31,260.99,262.53,265.91,272.27,272.91,270.19,257.39
CMS,CMS Energy,Utilities,Multi-Utilities,71.58,75.33,62.54,71.41,71.35,71.84,71.83,70.96,71.16,69.67
KO,Coca-Cola Company (The),Consumer Staples,Soft Drinks & Non-alcoholic Beverages,66.21,73.85,59.75,67.3,67.82,68.64,69.23,70.03,70.07,67.87
CTSH,Cognizant,Information Technology,IT Consulting & Other Services,68.59,89.77,64.98,69.65,70.63,71.07,72.56,75.38,74.89,77.01
COIN,Coinbase,Financials,Financial Exchanges & Data,327.02,444.65,142.58,321.63,312.21,310.29,341.13,300.12,275.87,272.73
CL,Colgate-Palmolive,Consumer Staples,Household Products,82.13,104.1,81.6,83.39,83.81,84.33,85.81,88.03,88.71,88.97
CMCSA,Comcast,Communication Services,Cable & Satellite,32.62,44.12,31.03,33.25,33.61,33.68,33.76,34.11,34.25,35.11
CAG,Conagra Brands,Consumer Staples,Packaged Foods & Meats,18.67,31.17,18.18,19.21,19.17,19.16,19.1,20.62,21.51,22.95
COP,ConocoPhillips,Energy,Oil & Gas Exploration & Production,92.33,112.56,78.56,93.01,93.88,95.18,94.14,91.68,92.0,94.11
ED,Consolidated Edison,Utilities,Multi-Utilities,97.0,112.97,85.07,97.26,97.39,98.79,100.43,101.81,102.9,99.23
STZ,Constellation Brands,Consumer Staples,Distillers & Vintners,135.42,255.51,135.25,141.35,144.49,153.98,163.64,170.24,172.14,181.09
CEG,Constellation Energy,Utilities,Electric Utilities,330.42,356.57,160.94,318.54,311.79,313.27,321.51,303.9,284.25,276.78
COO,Cooper Companies (The),Health Care,Health Care Supplies,65.48,112.38,61.78,67.31,67.39,69.82,71.49,73.78,74.94,81.76
CPRT,Copart,Industrials,Diversified Support Services,47.6,64.38,45.05,48.3,48.54,48.4,47.37,51.16,52.27,54.43
GLW,Corning Inc.,Information Technology,Electronic Components,77.98,78.32,36.95,75.56,72.87,69.45,62.78,55.56,53.2,51.43
CPAY,Corpay,Financials,Transaction & Payment Processing Services,304.86,400.81,269.02,308.75,312.91,317.77,321.91,326.73,326.84,339.92
CTVA,Corteva,Materials,Fertilizers & Agricultural Chemicals,70.07,77.22,53.14,72.33,72.58,72.96,72.81,70.97,68.8,65.71
CSGP,CoStar Group,Real Estate,Real Estate Services,88.97,97.43,68.26,87.45,87.99,88.7,89.33,83.76,82.69,80.03
COST,Costco,Consumer Staples,Consumer Staples Merchandise Retail,960.1,1075.34,862.73,965.57,960.77,960.57,960.24,981.45,973.26,974.67
CTRA,Coterra,Energy,Oil & Gas Exploration & Production,24.18,29.29,21.65,24.23,24.22,23.99,24.01,24.45,24.88,25.37
CRWD,CrowdStrike,Information Technology,Systems Software,444.77,517.98,252.48,432.53,424.75,423.55,446.4,452.69,435.03,412.72
CCI,Crown Castle,Real Estate,Telecom Tower REITs,93.57,115.8,81.93,94.61,95.37,98.38,102.56,101.65,101.47,97.47
CSX,CSX Corporation,Industrials,Rail Transportation,32.5,37.1,26.01,32.41,32.42,33.24,34.15,32.45,31.65,31.92
CMI,Cummins,Industrials,Construction Machinery & Heavy Transportation Equipment,414.2,415.3,257.24,407.11,402.11,400.32,377.21,346.23,336.7,343.71
CVS,CVS Health,Health Care,Health Care Services,73.46,75.55,42.12,73.77,73.4,72.43,66.97,65.71,65.78,61.54
DHR,Danaher Corporation,Health Care,Life Sciences Tools & Services,188.54,278.43,170.73,192.13,196.18,202.01,200.78,198.16,197.97,207.61
DRI,Darden Restaurants,Consumer Discretionary,Restaurants,212.16,226.68,151.75,212.3,210.89,208.8,207.6,208.66,206.35,197.48
DDOG,Datadog,Information Technology,Application Software,138.65,170.08,81.63,138.78,136.55,133.82,137.4,127.66,121.65,127.84
DVA,DaVita,Health Care,Health Care Services,130.95,179.6,126.07,133.27,134.72,135.99,138.3,139.22,141.08,147.36
DAY,Dayforce,Industrials,Human Resource & Employment Services,68.91,82.69,48.01,68.94,69.16,68.87,61.13,59.51,58.85,62.83
DECK,Deckers Brands,Consumer Discretionary,Footwear,118.66,223.98,93.72,116.91,119.26,115.14,108.86,110.15,110.4,137.02
DE,Deere & Company,Industrials,Agricultural & Farm Machinery,469.11,532.1,377.78,472.61,473.9,481.69,497.14,499.39,491.22,477.64
DELL,Dell Technologies,Information Technology,"Technology Hardware, Storage & Peripherals",126.8,145.54,65.56,124.59,124.24,127.68,129.32,119.17,112.77,112.07
DAL,Delta Air Lines,Industrials,Passenger Airlines,58.42,69.36,34.52,60.16,60.67,60.67,57.19,52.44,50.44,54.58
DVN,Devon Energy,Energy,Oil & Gas Exploration & Production,33.77,42.42,25.71,34.73,35.0,34.93,33.86,33.01,32.95,33.49
DXCM,Dexcom,Health Care,Health Care Equipment,75.58,93.25,57.52,76.44,77.47,77.99,80.88,81.68,78.99,80.08
FANG,Diamondback Energy,Energy,Oil & Gas Exploration & Production,134.53,195.31,112.4,137.15,139.66,141.42,141.82,140.3,140.65,147.73
DLR,Digital Realty,Real Estate,Data Center REITs,175.04,193.72,129.05,172.22,167.28,167.02,170.63,169.79,164.86,166.55
DG,Dollar General,Consumer Staples,Consumer Staples Merchandise Retail,104.52,117.95,65.67,105.07,107.19,109.56,110.61,106.43,102.6,91.88
DLTR,Dollar Tree,Consumer Staples,Consumer Staples Merchandise Retail,97.26,118.06,60.49,97.85,100.34,106.28,109.86,100.44,94.74,86.22
D,Dominion Energy,Utilities,Multi-Utilities,60.58,61.75,46.96,59.78,58.99,59.47,58.82,56.64,55.82,54.87
DPZ,Domino's,Consumer Discretionary,Restaurants,449.95,497.15,393.57,453.63,459.46,455.12,459.19,464.57,463.47,457.07
DASH,DoorDash,Consumer Discretionary,Specialized Consumer Services,258.09,278.15,126.9,258.04,252.94,249.99,248.47,229.14,219.88,206.08
DOV,Dover Corporation,Industrials,Industrial Machinery & Supplies & Components,171.94,220.46,142.22,174.67,175.79,177.76,180.81,179.2,177.09,183.45
DOW,Dow Inc.,Materials,Commodity Chemicals,24.17,51.74,20.11,24.44,24.29,24.15,24.77,26.51,27.34,31.22
DHI,D. R. Horton,Consumer Discretionary,Homebuilding,172.09,197.64,109.8,177.0,176.99,172.12,156.11,139.98,136.77,137.96
DTE,DTE Energy,Utilities,Multi-Utilities,136.45,142.05,112.71,136.16,135.97,137.28,137.21,135.61,135.09,130.31
DUK,Duke Energy,Utilities,Electric Utilities,122.37,126.75,102.41,121.63,121.32,122.32,120.81,118.46,118.23,114.99
DD,DuPont,Materials,Specialty Chemicals,77.11,88.2,53.17,77.05,76.93,76.28,74.47,70.88,70.09,72.92
EMN,Eastman Chemical Company,Materials,Specialty Chemicals,65.15,111.31,56.78,66.58,67.64,67.75,70.47,74.22,75.81,82.68
ETN,Eaton Corporation,Industrials,Electrical Components & Equipment,375.54,398.4,230.37,362.4,354.55,352.04,362.12,341.98,328.54,327.57
EBAY,eBay Inc.,Consumer Discretionary,Broadline Retail,90.36,100.83,55.44,91.47,91.61,93.99,88.41,80.54,77.42,72.73
ECL,Ecolab,Materials,Specialty Chemicals,270.61,286.04,221.08,271.57,272.97,276.99,272.4,265.98,261.46,256.44
EIX,Edison International,Utilities,Electric Utilities,55.86,85.03,46.98,55.72,55.22,55.26,53.77,53.56,54.0,57.52
EW,Edwards Lifesciences,Health Care,Health Care Equipment,76.05,83.0,64.01,77.94,79.48,80.1,78.82,77.43,76.05,74.6
EA,Electronic Arts,Communication Services,Interactive Home Entertainment,171.76,180.7,114.77,170.07,169.44,170.38,162.85,156.45,153.61,148.86
ELV,Elevance Health,Health Care,Managed Health Care,306.91,549.9,272.22,310.74,311.89,311.12,304.82,346.38,362.49,371.44
EMR,Emerson Electric,Industrials,Electrical Components & Equipment,135.66,149.68,89.31,134.79,133.32,132.86,137.14,128.41,123.62,123.41
ENPH,Enphase Energy,Information Technology,Semiconductor Materials & Equipment,37.98,126.19,29.89,37.6,37.7,37.33,36.75,40.07,43.54,52.13
ETR,Entergy,Utilities,Electric Utilities,90.19,91.79,59.28,89.16,88.32,88.64,87.49,84.76,84.17,82.0
EOG,EOG Resources,Energy,Oil & Gas Exploration & Production,117.54,135.49,100.76,118.65,119.71,120.25,119.49,116.94,116.77,120.02
EPAM,EPAM Systems,Information Technology,IT Consulting & Other Services,154.55,269.0,138.15,157.32,163.74,167.21,165.43,169.08,167.48,192.57
EQT,EQT Corporation,Energy,Oil & Gas Exploration & Production,49.98,60.83,31.25,50.66,51.14,51.39,52.82,53.95,53.35,51.43
EFX,Equifax,Industrials,Research & Consulting Services,256.88,307.44,199.2,254.18,248.57,247.97,248.92,256.06,250.94,252.31
EQIX,Equinix,Real Estate,Data Center REITs,791.68,977.63,693.42,787.58,777.88,778.74,776.46,816.92,812.54,850.14
EQR,Equity Residential,Real Estate,Multi-Family Residential REITs,65.28,76.06,58.81,66.22,65.86,65.3,65.43,67.03,67.1,68.14
ERIE,Erie Indemnity,Financials,Insurance Brokers,321.81,539.84,321.81,331.99,333.39,345.85,351.3,354.25,364.97,381.04
ESS,Essex Property Trust,Real Estate,Multi-Family Residential REITs,264.63,310.81,241.65,266.61,265.35,264.99,270.29,275.31,276.88,280.33
EL,Estée Lauder Companies (The),Consumer Staples,Personal Care Products,87.4,101.55,47.94,86.8,88.22,88.98,89.24,78.49,74.77,74.32
EG,Everest Group,Financials,Reinsurance,339.84,400.59,318.14,343.66,343.7,342.37,337.06,339.79,342.07,346.26
EVRG,Evergy,Utilities,Electric Utilities,72.21,73.29,56.68,71.95,71.63,71.65,70.52,68.49,67.99,65.87
ES,Eversource Energy,Utilities,Electric Utilities,65.52,67.15,51.64,64.83,64.1,64.48,65.18,63.92,62.82,61.03
EXC,Exelon,Utilities,Electric Utilities,43.43,47.26,34.98,43.34,43.33,43.87,43.8,43.65,43.83,42.06
EXE,Expand Energy,Energy,Oil & Gas Exploration & Production,95.58,121.47,68.81,95.77,96.08,95.56,98.57,105.15,104.97,102.57
EXPE,Expedia Group,Consumer Discretionary,"Hotels, Resorts & Cruise Lines",228.24,229.0,129.12,221.0,217.83,214.22,197.75,181.69,177.14,179.57
EXPD,Expeditors International,Industrials,Air Freight & Logistics,124.18,129.91,99.78,122.67,121.89,121.2,118.23,115.41,114.8,114.71
EXR,Extra Space Storage,Real Estate,Self-Storage REITs,143.73,178.97,119.72,145.81,145.13,142.86,143.87,145.37,144.26,146.75
XOM,ExxonMobil,Energy,Integrated Oil & Gas,112.35,121.93,96.01,111.96,111.79,111.23,109.91,107.93,108.05,107.8
FFIV,"F5, Inc.",Information Technology,Communications Equipment,324.1,337.39,202.68,326.49,319.91,317.93,311.19,297.33,290.19,283.66
FDS,FactSet,Financials,Financial Exchanges & Data,344.43,495.04,343.65,362.28,366.69,372.02,395.29,417.81,420.22,436.66
FICO,Fair Isaac,Information Technology,Application Software,1555.21,2402.52,1300.0,1554.55,1538.75,1476.78,1477.85,1682.89,1716.02,1809.86
FAST,Fastenal,Industrials,Trading Companies & Distributors,47.76,50.63,33.48,47.68,48.36,49.1,47.31,44.14,42.98,40.86
FRT,Federal Realty Investment Trust,Real Estate,Retail REITs,101.08,114.28,79.72,101.06,100.99,99.56,96.07,95.22,94.64,98.58
FDX,FedEx,Industrials,Air Freight & Logistics,225.69,301.45,191.82,227.1,225.73,227.57,228.4,223.94,223.5,238.93
FIS,Fidelity National Information Services,Financials,Transaction & Payment Processing Services,66.93,90.1,65.8,67.22,67.7,68.67,73.69,76.32,75.52,76.0
FITB,Fifth Third Bancorp,Financials,Regional Banks,45.36,47.75,31.96,45.42,45.56,44.91,43.48,40.89,39.98,40.99
FSLR,First Solar,Information Technology,Semiconductors,207.0,262.72,116.56,203.77,202.63,201.85,187.73,171.4,162.74,166.14
FE,FirstEnergy,Utilities,Electric Utilities,43.59,44.4,36.81,43.52,43.47,43.5,42.34,41.62,41.15,40.36
FI,Fiserv,Financials,Transaction & Payment Processing Services,132.65,238.59,128.22,134.24,135.12,136.8,144.22,158.29,169.4,186.7
F,Ford Motor Company,Consumer Discretionary,Automobile Manufacturers,11.68,11.99,8.21,11.61,11.65,11.66,11.39,10.84,10.57,10.14
FTNT,Fortinet,Information Technology,Systems Software,81.0,114.82,70.12,80.18,79.0,78.89,89.71,96.37,96.31,97.73
FTV,Fortive,Industrials,Industrial Machinery & Supplies & Components,48.56,62.64,45.4,48.45,47.98,48.08,49.16,51.1,51.35,54.1
FOXA,Fox Corporation (Class A),Communication Services,Broadcasting,58.77,62.69,38.35,58.32,59.72,59.26,57.12,55.3,54.54,53.04
FOX,Fox Corporation (Class B),Communication Services,Broadcasting,53.08,57.02,35.53,52.71,54.18,53.97,52.18,50.73,50.13,49.19
BEN,Franklin Resources,Financials,Asset Management & Custody Banks,24.36,26.08,16.03,24.55,24.93,25.06,24.91,23.16,22.18,21.32
FCX,Freeport-McMoRan,Materials,Copper,45.64,51.85,27.45,45.01,45.53,44.27,43.68,41.7,40.52,39.82
GRMN,Garmin,Consumer Discretionary,Consumer Electronics,235.83,244.52,159.09,237.91,237.53,236.04,230.12,215.48,212.18,212.71
IT,Gartner,Information Technology,IT Consulting & Other Services,246.89,584.01,223.65,242.84,244.16,244.6,292.36,357.71,368.41,419.73
GE,GE Aerospace,Industrials,Aerospace & Defense,286.78,287.11,158.81,281.94,279.85,274.99,269.58,250.58,238.8,219.29
GEHC,GE HealthCare,Health Care,Health Care Equipment,77.76,94.71,57.59,77.37,75.89,74.93,74.53,72.94,72.66,77.18
GEV,GE Vernova,Industrials,Heavy Electrical Equipment,628.68,677.29,199.26,627.53,607.55,610.93,608.75,530.83,487.97,435.25
GEN,Gen Digital,Information Technology,Systems Software,28.76,32.09,22.55,29.26,29.44,30.23,30.08,29.1,28.39,28.16
GNRC,Generac,Industrials,Electrical Components & Equipment,185.71,203.25,99.5,184.95,182.29,186.83,176.92,151.66,145.46,148.7
GD,General Dynamics,Industrials,Aerospace & Defense,326.98,330.18,236.67,325.43,324.23,322.15,313.82,295.21,289.5,277.97
GIS,General Mills,Consumer Staples,Packaged Foods & Meats,49.01,72.65,48.29,49.98,49.93,49.69,49.93,51.71,52.87,55.65
GM,General Motors,Consumer Discretionary,Automobile Manufacturers,58.95,60.6,41.36,58.3,58.2,57.92,54.97,51.61,50.56,50.43
GPC,Genuine Parts Company,Consumer Discretionary,Distributors,139.04,143.1,102.41,140.31,139.14,138.33,132.85,126.91,124.52,122.03
GILD,Gilead Sciences,Health Care,Biotechnology,112.54,121.83,79.42,115.19,114.54,114.97,114.03,110.15,109.43,104.89
GPN,Global Payments,Financials,Transaction & Payment Processing Services,84.16,118.69,65.53,85.49,86.24,86.81,83.8,80.63,82.32,91.95
GL,Globe Life,Financials,Life & Health Insurance,142.43,144.0,99.34,141.33,140.88,140.08,134.49,127.81,127.1,122.96
GDDY,GoDaddy,Information Technology,Internet Services & Infrastructure,145.55,216.0,132.51,146.62,145.92,146.18,154.91,168.33,169.72,179.77
GS,Goldman Sachs,Financials,Investment Banking & Brokerage,786.76,793.17,434.87,777.01,757.54,745.25,726.75,666.09,637.3,620.69
HAL,Halliburton,Energy,Oil & Gas Equipment & Services,21.79,31.66,18.43,22.14,22.11,21.92,21.69,21.11,21.44,23.39
HIG,Hartford (The),Financials,Property & Casualty Insurance,131.46,135.17,103.64,131.86,132.14,132.1,127.33,126.52,124.77,120.13
HAS,Hasbro,Consumer Discretionary,Leisure Products,76.0,82.19,48.07,78.13,78.89,79.85,77.69,71.75,68.54,65.0
HCA,HCA Healthcare,Health Care,Health Care Facilities,403.17,420.98,288.77,403.78,408.31,405.99,382.89,375.77,367.61,348.04
DOC,Healthpeak Properties,Real Estate,Health Care REITs,18.25,22.06,16.35,18.1,18.08,17.81,17.68,17.43,17.71,18.44
HSIC,Henry Schein,Health Care,Health Care Distributors,68.81,82.49,60.56,68.49,68.29,68.5,69.31,69.8,69.25,71.13
HSY,Hershey Company (The),Consumer Staples,Packaged Foods & Meats,185.56,202.98,136.73,185.88,185.82,183.46,179.57,171.6,170.05,167.6
HPE,Hewlett Packard Enterprise,Information Technology,"Technology Hardware, Storage & Peripherals",24.84,25.1,11.88,24.55,23.84,23.01,21.63,19.63,18.69,19.44
HLT,Hilton Worldwide,Consumer Discretionary,"Hotels, Resorts & Cruise Lines",271.25,279.81,195.81,274.45,275.14,274.29,271.4,259.44,251.47,251.66
HOLX,Hologic,Health Care,Health Care Equipment,63.8,84.39,51.9,65.37,65.94,66.65,66.36,63.45,62.76,65.39
HD,Home Depot (The),Consumer Discretionary,Home Improvement Retail,422.71,429.19,322.47,419.48,415.74,409.38,388.46,375.06,370.27,379.25
HON,Honeywell,Industrials,Industrial Conglomerates,211.74,240.47,177.52,212.88,214.02,216.79,222.57,221.16,217.18,216.98
HRL,Hormel Foods,Consumer Staples,Packaged Foods & Meats,24.73,32.84,23.71,25.14,25.25,26.67,28.15,29.0,29.13,29.38
HST,Host Hotels & Resorts,Real Estate,Hotel & Resort REITs,17.66,18.53,12.06,17.59,17.46,17.08,16.44,15.76,15.37,15.83
HWM,Howmet Aerospace,Industrials,Aerospace & Defense,189.25,193.13,92.51,184.4,180.69,177.05,180.54,172.39,163.29,147.73
HPQ,HP Inc.,Information Technology,"Technology Hardware, Storage & Peripherals",27.75,38.25,20.76,28.24,28.5,27.77,26.24,25.86,25.75,28.11
HUBB,Hubbell Incorporated,Industrials,Industrial Machinery & Supplies & Components,438.11,475.24,297.55,441.21,437.48,436.47,430.02,405.99,391.96,398.35
HUM,Humana,Health Care,Managed Health Care,275.42,326.65,206.87,275.44,292.95,294.19,264.64,253.02,256.32,260.96
HBAN,Huntington Bancshares,Financials,Regional Banks,17.63,18.03,11.8,17.69,17.7,17.46,17.0,16.3,15.83,15.97
HII,Huntington Ingalls Industries,Industrials,Aerospace & Defense,273.02,291.7,155.93,272.56,271.29,270.12,264.21,246.3,237.66,218.07
IBM,IBM,Information Technology,IT Consulting & Other Services,256.24,294.17,197.92,256.54,252.01,247.05,257.02,260.34,255.84,247.78
IEX,IDEX Corporation,Industrials,Industrial Machinery & Supplies & Components,161.16,235.67,152.2,161.68,162.58,163.93,169.82,174.57,174.25,186.53
IDXX,Idexx Laboratories,Health Care,Health Care Equipment,643.99,688.12,356.14,644.77,643.35,642.23,603.53,554.47,525.26,490.68
ITW,Illinois Tool Works,Industrials,Industrial Machinery & Supplies & Components,263.87,274.77,213.36,263.67,264.04,264.31,260.67,252.26,249.55,252.58
INCY,Incyte,Health Care,Biotechnology,83.14,87.99,53.56,84.85,85.58,85.29,78.51,71.77,69.36,70.14
IR,Ingersoll Rand,Industrials,Industrial Machinery & Supplies & Components,79.05,105.95,65.58,79.75,79.46,79.58,81.89,81.49,80.4,84.64
PODD,Insulet Corporation,Health Care,Health Care Equipment,340.29,353.5,225.28,342.09,344.34,337.91,311.6,305.77,296.24,286.32
INTC,Intel,Information Technology,Semiconductors,24.77,27.55,17.67,24.53,24.45,24.42,22.92,21.96,21.9,21.7
ICE,Intercontinental Exchange,Financials,Financial Exchanges & Data,172.23,189.35,141.51,173.61,174.1,176.36,180.53,178.17,175.56,169.12
IFF,International Flavors & Fragrances,Materials,Specialty Chemicals,64.37,105.18,62.33,65.18,65.59,66.12,69.65,72.79,73.19,77.17
IP,International Paper,Materials,Paper & Plastic Packaging Products & Materials,45.57,58.71,42.44,46.29,47.32,47.82,49.05,47.84,48.09,50.26
IPG,Interpublic Group of Companies (The),Communication Services,Advertising,26.29,31.81,21.93,26.39,26.57,26.49,25.47,24.68,24.65,25.61
INTU,Intuit,Information Technology,Application Software,651.33,813.7,531.0,657.01,662.85,671.06,725.12,717.31,692.35,662.45
ISRG,Intuitive Surgical,Health Care,Health Care Equipment,433.99,616.0,425.0,451.41,455.87,465.33,484.88,510.19,506.22,524.56
IVZ,Invesco,Financials,Asset Management & Custody Banks,22.34,22.78,11.33,22.34,22.1,21.77,20.52,17.57,16.82,16.89
INVH,Invitation Homes,Real Estate,Single-Family Residential REITs,29.65,35.99,29.11,30.16,30.2,30.49,31.02,32.24,32.4,32.12
IQV,IQVIA,Health Care,Life Sciences Tools & Services,185.97,248.03,134.65,187.48,186.52,188.14,182.26,166.5,166.12,177.85
IRM,Iron Mountain,Real Estate,Other Specialized REITs,99.82,127.24,71.77,97.89,94.44,93.09,95.06,96.32,93.82,96.57
JBHT,J.B. Hunt,Industrials,Cargo Ground Transportation,136.35,198.61,122.01,138.73,141.53,143.15,145.27,142.43,141.88,152.5
JBL,Jabil,Information Technology,Electronic Manufacturing Services,216.06,232.75,102.37,213.87,210.19,209.12,216.9,195.95,183.75,171.11
JKHY,Jack Henry & Associates,Financials,Transaction & Payment Processing Services,158.43,194.68,157.23,160.36,160.91,161.5,167.6,172.81,173.01,173.0
J,Jacobs Solutions,Industrials,Construction & Engineering,146.74,152.07,104.68,146.12,145.31,146.27,143.17,134.46,131.04,131.05
JNJ,Johnson & Johnson,Health Care,Pharmaceuticals,177.4,179.84,137.37,177.34,177.81,177.29,169.95,161.01,159.84,155.99
JCI,Johnson Controls,Industrials,Building Products,107.81,112.63,67.78,107.45,106.9,106.85,106.72,101.94,97.28,91.33
JPM,JPMorgan Chase,Financials,Diversified Banks,308.9,309.94,198.56,303.95,301.01,298.37,294.16,278.94,269.92,262.09
K,Kellanova,Consumer Staples,Packaged Foods & Meats,79.05,82.04,77.13,79.32,79.33,79.31,79.29,79.91,80.17,80.09
KVUE,Kenvue,Consumer Staples,Personal Care Products,18.25,24.71,17.15,18.69,19.23,20.18,20.98,21.68,21.86,21.75
KDP,Keurig Dr Pepper,Consumer Staples,Soft Drinks & Non-alcoholic Beverages,26.75,37.26,26.69,27.32,28.01,30.18,32.3,32.79,33.06,32.61
KEY,KeyCorp,Financials,Regional Banks,18.84,19.41,12.43,19.08,19.06,18.83,18.31,17.05,16.57,16.68
KEYS,Keysight Technologies,Information Technology,Electronic Equipment & Instruments,171.76,186.2,121.43,170.8,168.72,166.29,164.88,161.49,157.9,161.39
KMB,Kimberly-Clark,Consumer Staples,Household Products,125.47,147.59,120.67,128.38,128.38,129.18,129.17,130.63,131.88,131.22
KIM,Kimco Realty,Real Estate,Retail REITs,22.34,24.7,17.52,22.37,22.39,22.06,21.53,21.05,20.85,21.29
KMI,Kinder Morgan,Energy,Oil & Gas Storage & Transportation,27.36,30.49,19.84,27.31,26.98,26.82,27.12,27.27,27.16,26.99
KKR,KKR & Co.,Financials,Asset Management & Custody Banks,144.65,169.7,85.9,141.94,139.48,139.58,142.43,132.21,127.53,134.13
KLAC,KLA Corporation,Information Technology,Semiconductor Materials & Equipment,988.91,990.0,548.81,952.51,914.02,897.17,907.1,849.45,812.88,767.87
KHC,Kraft Heinz,Consumer Staples,Packaged Foods & Meats,25.63,34.37,25.07,26.32,26.57,26.95,27.11,26.84,27.22,27.93
KR,Kroger,Consumer Staples,Food Retail,67.41,74.52,50.49,67.52,67.8,68.68,70.17,69.48,68.96,66.14
LHX,L3Harris,Industrials,Aerospace & Defense,281.89,282.22,190.25,277.61,275.2,274.86,270.18,252.38,243.93,231.95
LH,Labcorp,Health Care,Health Care Services,275.4,282.74,208.23,276.82,276.29,276.17,265.32,257.36,251.33,246.59
LRCX,Lam Research,Information Technology,Semiconductor Materials & Equipment,119.21,119.33,56.18,112.94,106.79,103.88,101.45,92.87,88.26,84.2
LW,Lamb Weston,Consumer Staples,Packaged Foods & Meats,56.09,82.35,47.25,56.52,56.71,56.31,54.45,53.6,53.56,56.59
LVS,Las Vegas Sands,Consumer Discretionary,Casinos & Gaming,53.09,58.05,29.84,53.96,54.47,54.89,52.6,46.69,44.59,45.4
LDOS,Leidos,Industrials,Diversified Support Services,182.73,201.22,122.92,182.22,180.57,180.73,172.12,161.64,156.76,152.04
LEN,Lennar,Consumer Discretionary,Homebuilding,133.77,184.74,97.54,137.03,137.43,135.14,124.02,116.28,115.08,121.79
LII,Lennox International,Industrials,Building Products,551.85,689.44,497.88,556.09,558.9,568.83,594.38,578.93,574.67,591.76
LLY,Lilly (Eli),Health Care,Pharmaceuticals,748.19,935.2,622.41,753.02,744.69,730.26,740.61,758.92,765.61,783.48
LIN,Linde plc,Materials,Industrial Gases,476.73,484.83,406.06,477.7,474.8,476.94,471.37,464.86,461.72,453.81
LYV,Live Nation Entertainment,Communication Services,Movies & Entertainment,172.38,175.25,96.75,172.27,168.46,166.54,157.11,149.35,144.73,142.06
LKQ,LKQ Corporation,Consumer Discretionary,Distributors,31.55,43.77,28.65,32.23,32.24,31.88,32.83,35.83,36.82,37.26
LMT,Lockheed Martin,Industrials,Aerospace & Defense,473.25,602.02,407.14,467.24,461.76,453.79,444.16,454.94,453.63,458.24
L,Loews Corporation,Financials,Multi-line Insurance,96.92,98.33,74.95,96.93,96.79,96.45,93.83,91.16,90.35,88.21
LOW,Lowe's,Consumer Discretionary,Home Improvement Retail,272.09,281.56,204.22,270.38,267.89,262.71,243.19,233.02,230.83,238.14
LULU,Lululemon Athletica,Consumer Discretionary,"Apparel, Accessories & Luxury Goods",159.98,423.32,159.25,163.04,175.59,188.95,203.77,240.89,249.87,296.3
LYB,LyondellBasell,Materials,Specialty Chemicals,52.58,89.94,46.44,54.41,54.61,54.91,56.32,56.26,57.22,62.57
MTB,M&T Bank,Financials,Regional Banks,196.57,219.44,148.52,198.23,198.99,197.21,194.2,187.16,182.98,186.06
MPC,Marathon Petroleum,Energy,Oil & Gas Refining & Marketing,179.94,186.28,113.82,181.48,180.7,175.82,172.22,164.47,158.47,153.33
MKTX,MarketAxess,Financials,Financial Exchanges & Data,181.68,292.5,178.2,185.56,184.44,185.74,197.26,208.45,209.68,212.49
MAR,Marriott International,Consumer Discretionary,"Hotels, Resorts & Cruise Lines",265.14,305.27,204.35,265.2,265.72,266.6,268.47,264.14,257.27,265.27
MMC,Marsh McLennan,Financials,Insurance Brokers,198.11,246.94,196.27,201.03,202.92,205.63,206.5,214.68,218.04,219.14
MLM,Martin Marietta Materials,Materials,Construction Materials,611.08,632.26,440.72,617.8,618.53,613.19,593.27,567.92,550.86,541.48
MAS,Masco,Industrials,Building Products,73.46,85.23,56.02,73.79,73.95,73.91,70.2,66.51,66.25,69.69
MA,Mastercard,Financials,Transaction & Payment Processing Services,582.96,601.77,464.22,583.1,586.71,589.08,574.19,569.51,560.36,551.81
MTCH,Match Group,Communication Services,Interactive Media & Services,37.47,39.2,26.24,37.87,37.83,37.57,35.6,32.87,32.23,32.28
MKC,McCormick & Company,Consumer Staples,Packaged Foods & Meats,65.95,85.22,65.95,68.58,69.27,69.76,70.6,72.35,73.39,74.75
MCD,McDonald's,Consumer Discretionary,Restaurants,302.07,322.65,271.85,306.87,311.07,310.83,303.75,304.13,304.38,299.62
MCK,McKesson Corporation,Health Care,Health Care Distributors,702.88,737.01,462.37,709.18,700.42,692.65,697.62,704.47,698.69,662.11
MDT,Medtronic,Health Care,Health Care Equipment,93.43,95.29,77.57,93.62,93.24,92.66,91.51,88.06,87.54,86.83
MRK,Merck & Co.,Health Care,Pharmaceuticals,81.02,116.25,72.58,83.52,84.01,84.45,82.85,80.78,81.42,86.21
META,Meta Platforms,Communication Services,Interactive Media & Services,764.7,796.25,479.43,757.77,751.44,750.97,742.35,696.12,668.1,656.19
MET,MetLife,Financials,Life & Health Insurance,80.46,87.17,64.24,80.03,80.21,80.17,77.97,77.92,77.48,79.11
MTD,Mettler Toledo,Health Care,Life Sciences Tools & Services,1260.13,1521.01,946.69,1268.11,1279.33,1289.37,1257.8,1201.18,1182.46,1217.99
MGM,MGM Resorts,Consumer Discretionary,Casinos & Gaming,35.64,42.54,25.3,35.5,36.44,37.18,36.98,34.96,33.95,34.22
MCHP,Microchip Technology,Information Technology,Semiconductors,63.17,79.31,33.63,64.48,64.49,65.42,67.76,63.8,59.89,58.76
MU,Micron Technology,Information Technology,Semiconductors,157.77,160.34,61.48,148.16,136.51,127.65,120.71,111.02,105.08,101.81
MSFT,Microsoft,Information Technology,Systems Software,515.36,554.54,343.59,505.01,503.67,505.38,510.17,482.56,461.64,445.29
MAA,Mid-America Apartment Communities,Real Estate,Multi-Family Residential REITs,140.61,170.0,137.32,142.76,143.35,143.07,145.0,149.38,150.9,151.91
MRNA,Moderna,Health Care,Biotechnology,23.88,75.37,23.15,24.31,24.4,25.2,28.34,27.52,27.7,31.56
MHK,Mohawk Industries,Consumer Discretionary,Home Furnishings,137.08,164.29,96.24,136.74,135.9,132.79,123.35,113.85,112.9,116.6
MOH,Molina Healthcare,Health Care,Managed Health Care,176.11,365.23,151.95,181.22,178.74,176.65,179.33,242.05,259.21,273.94
TAP,Molson Coors Beverage Company,Consumer Staples,Brewers,47.82,63.47,46.5,48.77,49.27,50.01,49.78,51.1,52.64,54.15
MDLZ,Mondelez International,Consumer Staples,Packaged Foods & Meats,61.6,73.87,53.2,62.09,61.81,62.03,64.5,65.46,65.51,63.53
MPWR,Monolithic Power Systems,Information Technology,Semiconductors,849.71,947.45,437.93,847.46,846.68,845.1,794.46,736.04,699.67,669.46
MNST,Monster Beverage,Consumer Staples,Soft Drinks & Non-alcoholic Beverages,64.35,66.75,45.7,63.8,63.41,63.22,61.73,61.92,61.13,57.58
MCO,Moody's Corporation,Financials,Financial Exchanges & Data,508.76,528.95,377.3,510.76,505.52,508.37,508.02,491.3,481.33,482.05
MS,Morgan Stanley,Financials,Investment Banking & Brokerage,156.64,158.48,92.91,155.17,152.06,149.62,145.07,136.24,131.26,129.77
MOS,Mosaic Company (The),Materials,Fertilizers & Agricultural Chemicals,34.05,37.97,21.99,33.39,32.97,32.84,34.07,33.98,32.41,29.79
MSI,Motorola Solutions,Information Technology,Communications Equipment,482.43,503.98,387.87,482.81,480.32,471.73,448.84,433.17,430.93,440.64
MSCI,MSCI Inc.,Financials,Financial Exchanges & Data,576.61,636.39,483.67,575.54,567.01,568.09,562.88,559.98,557.4,568.88
NDAQ,"Nasdaq, Inc.",Financials,Financial Exchanges & Data,92.86,97.36,64.46,94.29,94.02,94.15,93.31,87.85,84.93,82.59
NTAP,NetApp,Information Technology,"Technology Hardware, Storage & Peripherals",124.16,133.34,71.49,123.98,121.05,115.89,109.74,104.31,100.55,106.15
NFLX,Netflix,Communication Services,Movies & Entertainment,1202.26,1341.15,677.88,1221.03,1229.15,1224.14,1218.03,1208.48,1155.69,1073.1
NEM,Newmont,Materials,Gold,79.36,80.07,36.35,78.52,77.02,73.87,67.36,60.78,58.47,52.13
NWSA,News Corp (Class A),Communication Services,Publishing,29.89,30.65,23.3,29.35,29.27,29.47,29.36,28.7,28.21,28.18
NWS,News Corp (Class B),Communication Services,Publishing,32.85,35.47,26.17,32.26,32.74,33.5,33.64,33.01,32.39,32.08
NEE,NextEra Energy,Utilities,Multi-Utilities,71.5,83.5,60.75,71.11,71.14,72.79,72.64,71.08,70.34,70.28
NKE,"Nike, Inc.",Consumer Discretionary,"Apparel, Accessories & Luxury Goods",73.03,88.65,51.67,73.64,74.07,75.65,74.97,68.17,66.64,69.58
NI,NiSource,Utilities,Multi-Utilities,40.54,43.51,32.37,40.78,40.82,41.59,41.4,40.25,39.91,38.87
NDSN,Nordson Corporation,Industrials,Industrial Machinery & Supplies & Components,225.92,262.94,163.83,224.25,223.9,222.53,218.5,211.13,207.04,211.02
NSC,Norfolk Southern,Industrials,Rail Transportation,277.16,291.69,199.43,274.34,276.12,278.26,275.55,258.27,251.17,248.52
NTRS,Northern Trust,Financials,Asset Management & Custody Banks,130.26,132.18,80.54,129.02,128.64,128.72,127.25,116.95,112.03,109.29
NOC,Northrop Grumman,Industrials,Aerospace & Defense,574.54,598.64,420.66,576.99,579.77,583.61,565.37,523.96,519.95,500.62
NCLH,Norwegian Cruise Line Holdings,Consumer Discretionary,"Hotels, Resorts & Cruise Lines",26.01,29.29,14.21,26.08,25.62,25.1,24.27,21.36,20.69,22.49
NRG,NRG Energy,Utilities,Independent Power Producers & Energy Traders,166.08,175.96,76.3,160.46,153.77,150.45,153.46,148.76,138.07,123.25
NUE,Nucor,Materials,Steel,141.57,168.24,97.18,141.91,143.74,145.45,142.89,131.2,128.2,128.67
NVDA,Nvidia,Information Technology,Semiconductors,177.75,184.47,86.61,176.16,172.92,175.63,174.48,154.27,145.2,140.13
NVR,"NVR, Inc.",Consumer Discretionary,Homebuilding,8277.95,9964.77,6562.85,8367.58,8365.07,8233.46,7942.33,7574.41,7497.58,7690.97
NXPI,NXP Semiconductors,Information Technology,Semiconductors,219.27,253.03,147.4,220.85,224.28,228.88,224.58,214.04,207.91,210.37
ORLY,O’Reilly Automotive,Consumer Discretionary,Automotive Retail,106.29,108.42,73.33,106.73,105.7,104.4,100.16,95.48,94.79,91.06
OXY,Occidental Petroleum,Energy,Oil & Gas Exploration & Production,45.47,55.34,34.4,45.67,45.94,45.71,44.66,43.31,43.28,45.03
ODFL,Old Dominion,Industrials,Cargo Ground Transportation,145.25,231.78,140.65,146.81,148.24,150.42,154.49,157.72,157.97,169.69
OMC,Omnicom Group,Communication Services,Advertising,76.85,103.32,67.76,77.12,77.7,77.51,74.74,73.65,74.06,78.16
ON,ON Semiconductor,Information Technology,Semiconductors,48.11,76.06,31.04,48.43,48.49,49.45,52.96,49.73,47.56,51.07
OKE,Oneok,Energy,Oil & Gas Storage & Transportation,72.61,113.92,70.63,72.83,73.1,73.81,76.69,79.03,81.06,87.4
ORCL,Oracle Corporation,Information Technology,Application Software,302.14,345.72,118.18,294.4,261.5,248.76,246.15,210.0,195.69,185.43
OTIS,Otis Worldwide,Industrials,Industrial Machinery & Supplies & Components,89.63,105.86,83.85,88.74,87.6,87.62,90.18,93.0,94.1,94.79
PCAR,Paccar,Industrials,Construction Machinery & Heavy Transportation Equipment,102.17,114.66,84.08,100.53,99.32,99.56,98.35,95.62,95.12,99.49
PKG,Packaging Corporation of America,Materials,Paper & Plastic Packaging Products & Materials,211.81,246.22,171.6,214.22,215.34,211.81,204.76,197.03,195.74,204.88
PLTR,Palantir Technologies,Information Technology,Application Software,171.21,190.0,34.53,167.22,161.34,160.29,160.36,143.7,132.65,113.97
PANW,Palo Alto Networks,Information Technology,Systems Software,201.28,210.39,144.15,198.16,195.7,190.32,188.24,190.4,186.69,187.32
PSKY,Paramount Skydance Corporation,Communication Services,Movies & Entertainment,18.58,19.05,9.8,17.03,15.96,15.43,13.78,12.87,12.55,11.92
PH,Parker Hannifin,Industrials,Industrial Machinery & Supplies & Components,759.96,779.77,485.92,761.79,758.31,754.01,734.78,694.84,673.06,668.11
PAYX,Paychex,Industrials,Human Resource & Employment Services,131.97,160.03,128.21,134.0,134.98,136.89,140.07,145.16,145.06,144.11
PAYC,Paycom,Industrials,Human Resource & Employment Services,218.2,267.33,157.01,222.11,222.48,224.99,226.64,235.25,231.06,224.39
PYPL,PayPal,Financials,Transaction & Payment Processing Services,67.11,93.66,55.85,66.92,67.86,68.61,70.74,70.88,69.61,74.43
PNR,Pentair,Industrials,Industrial Machinery & Supplies & Components,110.65,112.91,73.85,110.52,109.71,108.55,106.06,101.68,98.19,98.5
PEP,PepsiCo,Consumer Staples,Soft Drinks & Non-alcoholic Beverages,140.64,172.75,125.14,142.83,144.38,145.94,142.45,136.01,137.42,141.14
PFE,Pfizer,Health Care,Pharmaceuticals,23.97,28.43,20.18,24.4,24.57,24.88,24.66,23.89,23.73,24.21
PCG,PG&E Corporation,Utilities,Multi-Utilities,15.34,21.62,12.97,15.35,15.23,15.18,14.56,15.24,15.58,16.37
PM,Philip Morris International,Consumer Staples,Tobacco,161.64,185.29,114.24,165.14,164.17,166.37,168.78,172.07,168.53,155.03
PSX,Phillips 66,Energy,Oil & Gas Refining & Marketing,131.18,135.47,89.26,131.64,131.59,129.81,126.13,120.25,118.08,118.58
PNW,Pinnacle West Capital,Utilities,Multi-Utilities,87.42,94.64,79.08,87.8,88.26,89.45,90.35,90.16,90.39,88.85
PNC,PNC Financial Services,Financials,Diversified Banks,202.46,210.46,142.39,201.9,203.54,201.72,196.54,184.77,180.04,184.04
POOL,Pool Corporation,Consumer Discretionary,Distributors,324.78,391.14,281.15,324.32,321.39,319.27,313.07,306.12,307.21,321.64
PPG,PPG Industries,Materials,Specialty Chemicals,109.45,133.97,89.08,110.03,110.01,111.06,111.36,110.67,109.26,111.94
PPL,PPL Corporation,Utilities,Electric Utilities,35.97,37.09,30.41,35.87,35.87,36.11,35.75,34.98,34.88,34.07
PFG,Principal Financial Group,Financials,Life & Health Insurance,82.95,88.63,67.06,81.57,80.74,79.82,78.81,77.64,77.52,78.42
PG,Procter & Gamble,Consumer Staples,Personal Care Products,156.83,177.66,149.91,158.03,158.46,157.87,156.03,158.53,159.76,162.27
PGR,Progressive Corporation,Financials,Property & Casualty Insurance,245.65,292.77,228.37,246.48,246.38,247.02,246.48,260.35,262.84,259.51
PLD,Prologis,Real Estate,Industrial REITs,114.27,127.91,84.54,113.48,112.95,111.93,109.17,107.51,106.65,108.78
PRU,Prudential Financial,Financials,Life & Health Insurance,105.45,125.75,88.12,106.11,106.58,107.39,104.7,103.8,103.6,107.13
PEG,Public Service Enterprise Group,Utilities,Electric Utilities,82.97,92.35,73.5,81.88,81.24,82.03,83.85,81.65,81.42,82.03
PTC,PTC Inc.,Information Technology,Application Software,204.15,219.69,133.38,204.96,208.96,210.88,205.6,186.11,179.13,179.92
PSA,Public Storage,Real Estate,Self-Storage REITs,286.56,359.28,254.04,290.52,291.73,290.44,287.18,291.95,290.96,294.49
PHM,PulteGroup,Consumer Discretionary,Homebuilding,134.84,148.55,87.88,136.55,136.77,133.42,123.38,112.86,110.2,111.04
PWR,Quanta Services,Industrials,Construction & Engineering,385.68,424.94,227.02,384.3,379.47,379.95,387.86,365.18,344.58,330.25
QCOM,Qualcomm,Information Technology,Semiconductors,161.22,178.09,119.4,160.43,159.62,158.35,155.66,152.55,150.85,154.03
DGX,Quest Diagnostics,Health Care,Health Care Services,180.62,185.62,144.09,181.96,181.41,181.19,175.66,175.59,173.53,168.23
RL,Ralph Lauren Corporation,Consumer Discretionary,"Apparel, Accessories & Luxury Goods",315.77,321.77,171.05,313.93,313.58,301.9,296.49,278.94,265.48,256.88
RJF,Raymond James Financial,Financials,Investment Banking & Brokerage,168.26,173.13,114.32,168.38,167.91,166.87,164.51,155.64,151.73,153.9
RTX,RTX Corporation,Industrials,Aerospace & Defense,158.37,161.26,111.21,155.72,156.52,156.92,154.22,144.71,141.35,133.78
O,Realty Income,Real Estate,Retail REITs,60.22,61.61,49.53,59.95,59.21,58.82,57.63,56.73,56.34,55.12
REG,Regency Centers,Real Estate,Retail REITs,70.97,75.93,62.21,71.52,71.89,71.52,70.75,70.67,70.49,70.75
REGN,Regeneron Pharmaceuticals,Health Care,Biotechnology,572.59,1165.58,475.77,562.63,565.39,574.28,563.94,557.51,566.63,619.4
RF,Regions Financial Corporation,Financials,Regional Banks,26.9,27.61,17.36,26.99,27.02,26.66,25.69,23.6,22.89,23.08
RSG,Republic Services,Industrials,Environmental & Facilities Services,228.14,258.14,195.62,229.28,230.37,232.27,235.85,241.97,241.27,231.97
RMD,ResMed,Health Care,Health Care Equipment,271.19,293.81,199.07,273.12,273.61,279.11,273.99,260.26,251.35,245.56
RVTY,Revvity,Health Care,Health Care Equipment,84.0,129.23,81.36,84.02,84.99,87.89,91.37,92.63,94.27,102.36
ROK,Rockwell Automation,Industrials,Electrical Components & Equipment,346.44,359.54,213.27,344.85,342.7,344.56,344.89,323.34,307.5,298.03
ROL,"Rollins, Inc.",Industrials,Environmental & Facilities Services,56.43,58.96,44.94,57.14,56.92,57.06,56.89,56.68,56.0,53.35
ROP,Roper Technologies,Information Technology,Electronic Equipment & Instruments,505.23,593.46,498.03,513.61,518.01,524.28,537.71,552.36,554.92,553.48
ROST,Ross Stores,Consumer Discretionary,Apparel Retail,147.05,156.94,121.69,148.87,149.96,148.56,141.96,140.32,138.49,140.84
RCL,Royal Caribbean Group,Consumer Discretionary,"Hotels, Resorts & Cruise Lines",329.79,366.5,160.72,340.65,347.57,345.91,336.39,296.39,277.39,263.06
SPGI,S&P Global,Financials,Financial Exchanges & Data,543.99,578.04,425.6,545.34,542.98,547.28,542.15,525.41,516.39,513.53
CRM,Salesforce,Information Technology,Application Software,242.52,367.42,226.48,245.24,248.25,248.28,252.97,262.33,262.34,286.04
SBAC,SBA Communications,Real Estate,Telecom Tower REITs,198.05,247.78,186.81,196.5,196.81,206.36,218.84,224.46,223.18,216.95
SLB,Schlumberger,Energy,Oil & Gas Equipment & Services,34.77,44.81,30.61,35.66,35.65,35.17,34.54,34.3,34.91,36.76
STX,Seagate Technology,Information Technology,"Technology Hardware, Storage & Peripherals",211.12,214.2,62.86,197.71,189.68,176.09,160.62,137.71,125.89,113.98
SRE,Sempra,Utilities,Multi-Utilities,83.39,93.45,61.37,82.63,82.09,82.03,80.31,77.8,76.02,77.97
NOW,ServiceNow,Information Technology,Systems Software,947.42,1198.09,678.66,934.38,925.44,908.29,927.77,962.43,929.9,965.47
SHW,Sherwin-Williams,Materials,Specialty Chemicals,357.08,397.81,307.5,360.94,364.21,365.28,353.54,351.54,348.28,351.18
SPG,Simon Property Group,Real Estate,Retail REITs,183.76,184.5,132.99,181.75,180.31,177.27,168.96,163.16,161.09,164.61
SWKS,Skyworks Solutions,Information Technology,Semiconductors,72.87,99.23,47.01,74.13,74.28,74.67,72.91,71.17,68.94,72.78
SJM,J.M. Smucker Company (The),Consumer Staples,Packaged Foods & Meats,102.24,121.73,92.38,108.36,109.96,110.37,108.46,107.42,108.43,107.67
SW,Smurfit Westrock,Materials,Paper & Plastic Packaging Products & Materials,44.47,55.46,36.31,45.0,45.88,45.4,45.33,44.07,43.71,46.55
SNA,Snap-on,Industrials,Industrial Machinery & Supplies & Components,339.72,366.68,266.2,330.42,328.18,327.33,323.91,318.99,319.7,327.02
SOLV,Solventum,Health Care,Health Care Technology,73.21,85.92,60.7,72.9,72.74,72.66,73.09,72.67,72.24,72.38
SO,Southern Company,Utilities,Electric Utilities,92.28,95.68,78.5,91.89,91.77,92.64,93.08,90.97,90.48,87.89
LUV,Southwest Airlines,Industrials,Passenger Airlines,31.43,37.75,23.55,31.38,31.55,31.83,32.55,31.82,31.3,31.31
SWK,Stanley Black & Decker,Industrials,Industrial Machinery & Supplies & Components,78.56,106.2,52.62,77.87,76.55,75.47,72.29,68.44,68.19,73.41
SBUX,Starbucks,Consumer Discretionary,Restaurants,82.68,115.87,74.48,82.73,84.73,86.67,89.99,88.37,88.52,92.77
STT,State Street Corporation,Financials,Asset Management & Custody Banks,112.12,116.37,72.29,112.06,112.52,113.16,111.3,103.76,99.83,98.17
STLD,Steel Dynamics,Materials,Steel,131.58,153.72,102.78,131.85,131.79,130.8,129.6,130.08,128.15,127.46
STE,Steris,Health Care,Health Care Equipment,247.81,253.0,199.47,248.47,246.26,246.66,236.94,236.54,233.33,226.59
SYK,Stryker Corporation,Health Care,Health Care Equipment,377.11,404.87,328.46,384.99,388.32,389.26,388.69,384.85,379.73,379.18
SMCI,Supermicro,Information Technology,"Technology Hardware, Storage & Peripherals",45.38,66.44,17.25,44.23,42.32,42.99,48.07,44.47,42.56,40.59
SYF,Synchrony Financial,Financials,Consumer Finance,76.28,77.41,40.15,75.69,75.72,74.73,72.04,65.46,62.32,62.85
SNPS,Synopsys,Information Technology,Application Software,419.2,651.73,365.74,454.98,526.82,566.2,586.7,536.23,514.32,509.77
SYY,Sysco,Consumer Staples,Food Distributors,79.87,83.17,66.65,80.65,81.13,80.52,79.7,76.18,75.22,74.7
TMUS,T-Mobile US,Communication Services,Wireless Telecommunication Services,239.74,274.51,192.73,241.19,246.23,249.68,242.34,240.33,243.79,241.37
TROW,T. Rowe Price,Financials,Asset Management & Custody Banks,104.17,121.15,76.8,105.86,106.81,107.05,105.62,99.28,97.08,101.46
TTWO,Take-Two Interactive,Communication Services,Interactive Home Entertainment,247.25,250.45,146.76,246.39,244.09,237.51,233.27,232.43,227.75,215.01
TPR,"Tapestry, Inc.",Consumer Discretionary,"Apparel, Accessories & Luxury Goods",110.17,113.62,40.64,106.8,105.48,102.52,103.7,91.42,86.66,80.81
TRGP,Targa Resources,Energy,Oil & Gas Storage & Transportation,163.33,215.2,141.47,163.93,163.93,163.68,165.39,165.57,168.76,177.41
TGT,Target Corporation,Consumer Staples,Consumer Staples Merchandise Retail,88.56,155.5,85.44,90.35,91.39,95.16,99.74,97.61,97.47,108.36
TEL,TE Connectivity,Information Technology,Electronic Manufacturing Services,211.15,215.22,115.38,210.47,208.81,206.66,198.04,178.43,169.85,161.2
TDY,Teledyne Technologies,Information Technology,Electronic Equipment & Instruments,556.66,570.56,418.91,553.76,549.37,545.81,545.14,517.64,509.91,501.16
TER,Teradyne,Information Technology,Semiconductor Materials & Equipment,114.07,143.64,65.6,114.95,117.31,115.8,105.96,94.17,91.14,101.11
TSLA,"Tesla, Inc.",Consumer Discretionary,Automobile Manufacturers,410.04,488.54,212.11,373.91,356.88,347.25,330.42,323.87,309.7,331.09
TXN,Texas Instruments,Information Technology,Semiconductors,178.2,220.1,137.77,182.84,187.08,194.63,196.91,190.85,185.34,185.62
TPL,Texas Pacific Land Corporation,Energy,Oil & Gas Exploration & Production,923.52,1759.83,785.02,927.49,921.99,913.05,941.2,1075.24,1115.8,1191.43
TXT,Textron,Industrials,Aerospace & Defense,82.23,91.21,57.67,81.44,81.18,80.77,80.96,77.94,76.13,76.43
TMO,Thermo Fisher Scientific,Health Care,Life Sciences Tools & Services,474.46,622.14,385.46,480.86,484.61,488.01,466.28,438.32,444.97,480.24
TJX,TJX Companies,Consumer Discretionary,Apparel Retail,141.17,145.58,109.83,140.26,140.05,138.18,131.27,128.99,127.55,125.37
TKO,TKO Group Holdings,Communication Services,Movies & Entertainment,204.49,212.48,113.06,200.15,195.72,190.75,179.22,172.3,167.52,160.4
TTD,Trade Desk (The),Communication Services,Advertising,45.54,141.53,42.96,46.89,49.84,51.56,66.57,67.62,64.62,80.92
TSCO,Tractor Supply,Consumer Discretionary,Other Specialty Retail,59.61,63.75,46.46,59.55,60.07,60.83,59.2,55.06,54.41,54.48
TT,Trane Technologies,Industrials,Building Products,402.44,475.11,296.82,408.96,410.32,416.7,430.37,422.0,405.2,392.78
TDG,TransDigm Group,Industrials,Aerospace & Defense,1288.13,1519.36,1107.45,1290.46,1288.17,1298.44,1377.57,1360.89,1339.68,1295.86
TRV,Travelers Companies (The),Financials,Property & Casualty Insurance,276.3,280.0,220.97,275.89,275.29,272.93,265.24,265.42,262.89,256.14
TRMB,Trimble Inc.,Information Technology,Electronic Equipment & Instruments,81.01,87.5,52.91,80.99,80.39,80.95,81.88,76.05,73.49,73.14
TFC,Truist Financial,Financials,Diversified Banks,44.78,47.46,32.72,45.14,45.81,45.67,44.7,42.16,41.24,42.19
TYL,Tyler Technologies,Information Technology,Application Software,539.46,661.31,513.52,548.55,552.94,557.27,566.69,567.79,567.76,580.73
TSN,Tyson Foods,Consumer Staples,Packaged Foods & Meats,54.0,63.75,51.39,55.29,55.76,56.1,54.96,55.33,56.25,56.78
USB,U.S. Bancorp,Financials,Diversified Banks,49.29,52.21,34.8,49.26,49.0,48.31,46.85,44.92,43.87,44.98
UBER,Uber,Industrials,Passenger Ground Transportation,98.85,98.86,59.33,95.82,94.22,94.65,92.7,89.45,86.07,79.8
UDR,"UDR, Inc.",Real Estate,Multi-Family Residential REITs,37.76,45.63,35.84,38.44,38.57,38.72,39.27,40.13,40.42,41.05
ULTA,Ulta Beauty,Consumer Discretionary,Other Specialty Retail,526.08,539.0,309.01,518.38,521.97,521.35,509.74,471.41,449.08,428.82
UNP,Union Pacific Corporation,Industrials,Rail Transportation,216.25,252.32,202.16,215.69,218.28,220.3,223.25,222.27,222.55,227.21
UAL,United Airlines Holdings,Industrials,Passenger Airlines,104.55,116.0,47.46,106.73,106.49,104.51,95.77,86.3,82.75,88.51
UPS,United Parcel Service,Industrials,Air Freight & Logistics,84.02,136.36,82.0,84.25,84.56,85.98,90.09,93.22,94.76,103.45
URI,United Rentals,Industrials,Trading Companies & Distributors,947.9,980.53,523.58,947.13,954.98,942.28,884.94,791.37,753.95,742.81
UNH,UnitedHealth Group,Health Care,Managed Health Care,347.89,621.24,234.6,349.74,331.14,317.8,292.8,311.65,353.88,414.6
UHS,Universal Health Services,Health Care,Health Care Facilities,189.58,242.21,152.16,188.92,186.92,184.61,176.13,178.93,178.77,180.79
VLO,Valero Energy,Energy,Oil & Gas Refining & Marketing,157.57,163.02,97.37,158.44,157.14,151.01,144.91,136.34,132.82,131.25
VTR,Ventas,Real Estate,Health Care REITs,69.85,70.82,55.85,69.31,68.56,68.28,67.21,65.7,65.9,64.14
VLTO,Veralto,Industrials,Environmental & Facilities Services,107.8,114.62,83.77,107.39,106.65,107.11,105.56,102.07,100.31,100.78
VRSN,Verisign,Information Technology,Internet Services & Infrastructure,287.96,309.71,174.64,286.41,281.94,276.14,277.41,277.81,271.24,249.33
VRSK,Verisk Analytics,Industrials,Research & Consulting Services,255.08,322.46,254.66,262.99,266.18,267.48,278.75,292.74,292.26,289.75
VZ,Verizon,Communication Services,Integrated Telecommunication Services,43.87,45.87,36.41,43.81,43.85,44.15,43.17,42.84,42.83,41.67
VRTX,Vertex Pharmaceuticals,Health Care,Biotechnology,393.21,519.88,362.5,394.03,395.61,393.6,422.71,438.2,448.92,450.79
VTRS,Viatris,Health Care,Pharmaceuticals,9.6,13.04,6.68,10.08,10.28,10.4,9.7,9.14,8.92,9.7
VICI,Vici Properties,Real Estate,Hotel & Resort REITs,33.08,34.01,27.24,33.13,33.28,33.24,33.13,32.41,32.17,31.25
V,Visa Inc.,Financials,Transaction & Payment Processing Services,339.05,374.85,266.36,340.82,344.15,345.82,346.49,350.24,346.89,339.95
VST,Vistra Corp.,Utilities,Electric Utilities,213.52,217.9,78.48,206.05,196.99,195.08,197.01,179.03,166.73,160.96
VMC,Vulcan Materials Company,Materials,Construction Materials,294.03,302.21,214.34,295.5,294.41,292.44,281.76,272.33,265.19,263.95
WRB,W. R. Berkley Corporation,Financials,Property & Casualty Insurance,72.79,75.77,54.76,72.96,72.64,72.12,70.5,71.39,70.42,66.5
GWW,W. W. Grainger,Industrials,Industrial Machinery & Supplies & Components,1012.62,1219.65,889.92,1004.06,1007.52,1006.73,1007.29,1031.26,1019.87,1038.72
WAB,Wabtec,Industrials,Construction Machinery & Heavy Transportation Equipment,188.34,215.82,151.42,189.8,191.07,192.29,197.2,198.34,193.95,193.96
WBA,Walgreens Boots Alliance,Consumer Staples,Drug Retail,11.98,13.25,7.98,11.98,12.03,11.93,11.67,11.39,11.33,10.81
WMT,Walmart,Consumer Staples,Consumer Staples Merchandise Retail,103.69,104.51,76.74,102.51,101.35,99.71,98.73,97.75,95.78,95.06
DIS,Walt Disney Company (The),Communication Services,Movies & Entertainment,115.62,124.69,79.76,116.36,117.3,117.37,118.27,114.05,109.56,109.77
WBD,Warner Bros. Discovery,Communication Services,Broadcasting,19.46,19.59,7.08,15.86,13.91,12.87,12.55,11.12,10.78,10.68
WM,Waste Management,Industrials,Environmental & Facilities Services,216.13,240.84,197.45,217.84,219.92,222.81,226.03,228.65,228.24,223.63
WAT,Waters Corporation,Health Care,Life Sciences Tools & Services,299.04,423.56,275.05,298.09,299.24,297.9,299.52,324.06,328.35,350.26
WEC,WEC Energy Group,Utilities,Electric Utilities,110.97,111.26,89.63,109.63,108.37,107.96,107.51,106.26,106.02,102.79
WFC,Wells Fargo,Financials,Diversified Banks,81.41,84.33,49.13,81.04,80.74,80.29,80.15,77.26,75.24,74.58
WELL,Welltower,Real Estate,Health Care REITs,168.92,170.99,120.11,168.69,168.35,167.05,163.43,156.68,154.5,147.42
WST,West Pharmaceutical Services,Health Care,Health Care Supplies,257.53,351.24,187.09,256.41,252.61,249.16,241.18,228.37,225.88,252.97
WDC,Western Digital,Information Technology,"Technology Hardware, Storage & Peripherals",102.39,103.78,28.74,97.15,92.93,85.49,76.64,64.42,59.21,55.33
WY,Weyerhaeuser,Real Estate,Timber REITs,24.82,33.04,23.71,25.18,25.33,25.63,25.58,25.71,25.99,27.19
WSM,"Williams-Sonoma, Inc.",Consumer Discretionary,Homefurnishing Retail,201.07,218.08,123.89,201.37,199.95,198.4,190.65,175.63,170.98,178.99
WMB,Williams Companies,Energy,Oil & Gas Storage & Transportation,58.4,62.92,42.53,58.28,57.57,57.17,57.59,58.13,57.97,56.76
WTW,Willis Towers Watson,Financials,Insurance Brokers,333.7,342.16,282.71,334.53,331.66,332.4,321.72,313.76,316.18,317.3
WDAY,"Workday, Inc.",Information Technology,Application Software,222.75,294.0,205.33,226.0,228.64,227.98,229.12,239.04,238.01,246.32
WYNN,Wynn Resorts,Consumer Discretionary,Casinos & Gaming,122.85,128.53,64.93,122.51,123.0,120.09,113.42,101.19,96.53,92.93
XEL,Xcel Energy,Utilities,Multi-Utilities,73.05,74.57,60.59,72.72,72.48,72.7,71.93,70.37,70.09,68.9
XYL,Xylem Inc.,Industrials,Industrial Machinery & Supplies & Components,141.74,144.93,99.87,140.07,140.3,141.23,137.92,131.26,127.71,125.87
YUM,Yum! Brands,Consumer Discretionary,Restaurants,148.9,161.72,120.38,147.87,146.56,146.83,146.0,145.4,146.28,143.12
ZBRA,Zebra Technologies,Information Technology,Electronic Equipment & Instruments,320.91,427.76,205.73,313.59,311.96,314.29,321.48,303.44,293.88,321.81
ZBH,Zimmer Biomet,Health Care,Health Care Equipment,100.96,114.14,88.99,102.89,103.97,104.86,99.36,96.85,98.74,101.53
ZTS,Zoetis,Health Care,Pharmaceuticals,146.25,197.92,138.77,148.85,150.78,153.07,152.03,156.11,155.94,160.17
