Symbol,Company,GICS_Sector,GICS_Sub_Industry,Current_Price,High_52_Week,Low_52_Week,SMA5,SMA10,SMA20,SMA50,SMA200,Score,Target_Pcnt,Target_Price,Stop_Loss
MMM,3M,Industrials,Industrial Conglomerates,156.66,159.47,122.31,156.13,155.17,155.26,153.58,144.28,0.0,1.67,159.28,151.26
AOS,A. O. Smith,Industrials,Building Products,73.25,88.84,59.04,72.92,72.61,72.42,71.17,67.81,0.2,1.57,74.4,70.44
ABT,Abbott Laboratories,Health Care,Health Care Equipment,131.33,138.95,110.09,131.8,132.06,131.91,130.3,127.24,0.0,1.88,133.8,130.01
ABBV,AbbVie,Health Care,Biotechnology,217.61,220.22,160.57,215.65,213.74,211.08,200.25,188.69,0.2,0.43,218.55,203.62
ACN,Accenture,Information Technology,IT Consulting & Other Services,237.87,394.31,237.87,243.13,248.94,252.37,262.74,313.26,-0.4,11.37,264.92,239.83
ADBE,Adobe Inc.,Information Technology,Application Software,347.1,586.55,333.65,350.25,349.73,353.48,357.13,404.35,0.2,4.88,364.04,342.94
AMD,Advanced Micro Devices,Information Technology,Semiconductors,161.16,184.42,78.21,158.15,157.96,162.36,163.1,126.26,-0.2,8.0,174.05,150.66
AES,AES Corporation,Utilities,Independent Power Producers & Energy Traders,13.03,19.11,9.5,12.84,12.93,13.14,13.02,11.58,0.2,5.22,13.71,12.57
AFL,Aflac,Financials,Life & Health Insurance,108.41,112.86,97.56,107.95,107.39,107.29,103.78,104.21,-0.3,0.98,109.47,105.12
A,Agilent Technologies,Health Care,Life Sciences Tools & Services,125.63,151.96,99.08,125.19,126.18,123.23,119.72,123.36,-0.1,4.05,130.72,115.75
APD,Air Products,Materials,Industrial Gases,289.52,333.89,247.03,290.3,290.37,291.96,291.78,291.17,0.2,2.9,297.92,285.98
ABNB,Airbnb,Consumer Discretionary,"Hotels, Resorts & Cruise Lines",120.37,161.42,105.69,122.64,123.95,125.91,130.26,130.97,-0.2,9.18,131.42,120.39
AKAM,Akamai Technologies,Information Technology,Internet Services & Infrastructure,76.46,106.67,68.21,77.48,77.66,77.38,77.15,83.58,-0.1,4.03,79.54,75.22
ALB,Albemarle Corporation,Materials,Specialty Chemicals,81.04,108.94,50.16,75.36,77.71,79.75,76.23,74.33,-0.2,7.49,87.11,72.39
ARE,Alexandria Real Estate Equities,Real Estate,Office REITs,85.57,117.87,66.61,84.59,83.86,81.85,79.21,84.38,0.1,1.87,87.17,76.54
ALGN,Align Technology,Health Care,Health Care Supplies,131.06,257.17,129.01,133.48,134.76,139.1,160.41,184.89,0.0,13.79,149.13,129.06
ALLE,Allegion,Industrials,Building Products,176.2,177.18,118.08,173.76,172.02,170.97,163.65,140.92,0.2,0.14,176.45,165.49
LNT,Alliant Energy,Utilities,Electric Utilities,64.73,66.97,54.87,64.45,64.48,65.12,64.43,61.2,0.2,3.21,66.81,63.44
ALL,Allstate,Financials,Property & Casualty Insurance,196.89,212.57,177.81,199.98,201.8,203.42,200.12,196.31,0.2,6.93,210.53,196.3
GOOGL,Alphabet Inc. (Class A),Communication Services,Interactive Media & Services,251.61,251.61,144.4,242.32,235.41,220.51,202.51,181.1,0.0,0.96,254.03,187.0
GOOG,Alphabet Inc. (Class C),Communication Services,Interactive Media & Services,251.76,251.76,146.27,242.68,235.77,221.07,203.28,182.51,0.0,0.95,254.15,187.99
MO,Altria,Consumer Staples,Tobacco,64.89,67.68,46.47,66.06,66.3,66.6,63.24,57.02,-0.4,4.65,67.91,65.29
AMZN,Amazon,Consumer Discretionary,Broadline Retail,231.43,242.06,167.32,231.62,231.33,229.69,226.92,214.14,-0.2,2.61,237.47,221.92
AMCR,Amcor,Materials,Paper & Plastic Packaging Products & Materials,8.28,10.94,8.19,8.26,8.29,8.43,9.1,9.36,0.0,5.43,8.73,8.13
AEE,Ameren,Utilities,Multi-Utilities,100.47,102.53,81.1,100.01,99.76,99.99,99.22,95.34,0.0,1.04,101.51,98.46
AEP,American Electric Power,Utilities,Electric Utilities,109.1,114.06,87.97,108.8,108.84,110.69,109.57,102.08,0.0,5.23,114.81,106.57
AXP,American Express,Financials,Consumer Finance,327.26,331.28,230.81,325.92,326.68,321.64,313.11,295.62,0.0,3.21,337.77,305.51
AIG,American International Group,Financials,Multi-line Insurance,77.03,87.26,69.3,78.23,79.33,80.7,80.25,79.23,-0.2,9.49,84.34,77.06
AMT,American Tower,Real Estate,Telecom Tower REITs,192.5,232.72,170.7,194.5,195.63,201.27,210.63,204.32,-0.2,11.13,213.93,188.61
AWK,American Water Works,Utilities,Water Utilities,137.58,150.19,118.87,139.02,140.24,142.37,142.0,136.58,0.2,7.2,147.49,137.25
AMP,Ameriprise Financial,Financials,Asset Management & Custody Banks,487.65,569.83,419.45,494.21,498.47,505.11,514.56,513.47,-0.2,7.62,524.81,485.42
AME,Ametek,Industrials,Electrical Components & Equipment,189.56,196.4,151.15,189.28,187.96,186.58,183.4,179.68,0.2,0.89,191.25,181.92
AMGN,Amgen,Health Care,Biotechnology,274.4,326.46,252.22,278.4,280.67,285.53,290.65,283.63,0.0,8.31,297.2,273.87
APH,Amphenol,Information Technology,Electronic Components,119.24,119.47,58.99,118.65,114.69,112.27,107.64,83.1,0.0,0.6,119.96,104.58
ADI,Analog Devices,Information Technology,Semiconductors,244.91,254.62,163.21,246.75,246.88,246.81,238.1,218.03,-0.2,6.03,259.68,233.93
AON,Aon plc,Financials,Insurance Brokers,363.8,407.61,334.44,367.35,369.68,370.06,363.54,368.58,-0.1,3.76,377.48,362.63
APA,APA Corporation,Energy,Oil & Gas Exploration & Production,22.91,25.74,13.62,22.74,22.87,22.26,20.5,19.73,0.0,6.5,24.4,20.12
APO,Apollo Global Management,Financials,Asset Management & Custody Banks,138.48,176.82,107.9,136.19,135.02,135.34,141.54,145.6,0.0,0.48,139.14,131.53
AAPL,Apple Inc.,Information Technology,"Technology Hardware, Storage & Peripherals",236.7,258.1,172.0,232.39,234.75,231.96,221.47,221.1,0.0,1.8,240.96,222.96
AMAT,Applied Materials,Information Technology,Semiconductor Materials & Equipment,170.93,211.69,126.23,167.16,163.27,162.86,177.64,167.37,0.4,-0.43,170.2,155.52
APTV,Aptiv,Consumer Discretionary,Automotive Parts & Equipment,82.8,83.72,47.92,82.61,81.43,79.63,73.51,64.9,0.2,2.44,84.82,74.43
ACGL,Arch Capital Group,Financials,Property & Casualty Insurance,89.86,109.22,84.99,90.92,91.33,91.62,89.8,91.94,0.1,4.33,93.75,89.5
ADM,Archer Daniels Midland,Consumer Staples,Agricultural Products & Services,60.53,64.21,41.01,61.42,61.81,61.82,57.88,50.61,-0.2,6.06,64.2,59.45
ANET,Arista Networks,Information Technology,Communications Equipment,145.43,153.04,64.37,146.1,142.78,138.43,127.01,104.03,0.2,3.29,150.21,126.66
AJG,Arthur J. Gallagher & Co.,Financials,Insurance Brokers,289.4,347.33,273.85,295.79,298.18,299.09,300.0,312.18,-0.2,5.79,306.16,292.01
AIZ,Assurant,Financials,Multi-line Insurance,208.49,225.29,178.36,211.06,212.42,213.19,200.77,202.65,-0.3,4.62,218.12,208.25
T,AT&T,Communication Services,Integrated Telecommunication Services,29.62,29.62,20.4,29.46,29.35,29.17,28.3,26.13,0.0,0.61,29.8,28.55
ATO,Atmos Energy,Utilities,Gas Utilities,165.81,167.34,131.79,165.34,165.25,165.42,160.47,150.81,0.0,1.01,167.48,163.36
ADSK,Autodesk,Information Technology,Application Software,321.07,326.79,238.84,322.73,322.34,306.21,300.51,290.83,0.2,6.19,340.94,271.47
ADP,Automatic Data Processing,Industrials,Human Resource & Employment Services,290.87,323.5,267.3,293.49,295.39,299.35,301.23,300.15,-0.2,6.11,308.64,290.06
AZO,AutoZone,Consumer Discretionary,Automotive Retail,4233.3,4354.54,2981.19,4290.8,4251.86,4200.24,3990.55,3637.16,0.2,2.63,4344.64,4055.64
AVB,AvalonBay Communities,Real Estate,Multi-Family Residential REITs,192.84,232.03,182.72,194.54,193.54,192.93,194.61,206.2,0.0,2.4,197.47,188.39
AVY,Avery Dennison,Materials,Paper & Plastic Packaging Products & Materials,164.85,217.94,157.86,166.13,166.93,170.11,172.97,178.38,0.0,7.65,177.46,162.77
AXON,Axon Enterprise,Industrials,Aerospace & Defense,760.79,870.97,379.61,749.51,741.56,754.38,761.37,668.29,0.0,3.72,789.09,719.67
BKR,Baker Hughes,Energy,Oil & Gas Equipment & Services,46.28,48.05,32.57,46.42,46.0,45.08,43.33,41.38,0.2,2.79,47.57,42.58
BALL,Ball Corporation,Materials,"Metal, Glass & Plastic Containers",49.91,66.93,44.6,50.54,50.62,51.62,54.7,53.42,0.0,7.83,53.82,49.43
BAC,Bank of America,Financials,Diversified Banks,50.59,50.75,34.0,50.47,50.18,49.63,47.91,44.36,-0.2,1.92,51.56,47.7
BAX,Baxter International,Health Care,Health Care Equipment,23.8,39.36,21.61,24.14,24.05,24.11,25.44,29.58,0.2,4.2,24.8,23.43
BDX,Becton Dickinson,Health Care,Health Care Equipment,185.74,245.13,163.27,188.41,189.09,191.86,185.42,201.4,-0.3,7.14,199.0,184.71
BRK-B,Berkshire Hathaway,Financials,Multi-Sector Holdings,491.54,539.8,442.29,493.0,496.81,493.76,481.91,488.92,0.1,3.21,507.32,480.21
BBY,Best Buy,Consumer Discretionary,Computer & Electronics Retail,74.55,99.54,55.4,76.5,76.27,74.92,71.2,74.43,0.1,5.42,78.59,71.25
TECH,Bio-Techne,Health Care,Life Sciences Tools & Services,51.62,79.93,46.59,52.25,52.94,54.09,53.81,59.31,0.1,11.29,57.45,50.72
BIIB,Biogen,Health Care,Biotechnology,143.32,201.44,113.38,144.65,142.64,139.65,134.21,136.35,0.1,2.91,147.49,131.81
BLK,BlackRock,Financials,Asset Management & Custody Banks,1115.11,1154.71,807.61,1116.25,1109.27,1118.58,1110.87,1002.09,-0.2,2.67,1144.88,1092.24
BX,Blackstone Inc.,Financials,Asset Management & Custody Banks,183.8,194.8,118.51,180.09,175.06,172.07,169.86,157.25,0.4,-0.34,183.18,160.97
XYZ,"Block, Inc.",Financials,Transaction & Payment Processing Services,74.63,98.92,46.53,74.2,74.95,76.28,75.05,71.7,0.2,8.35,80.86,71.7
BK,BNY Mellon,Financials,Asset Management & Custody Banks,106.42,106.48,67.13,105.45,104.99,104.14,101.03,87.42,0.0,0.99,107.47,100.8
BA,Boeing,Industrials,Aerospace & Defense,215.75,237.38,136.59,221.74,226.98,228.78,228.4,191.58,-0.2,11.69,240.97,216.58
BKNG,Booking Holdings,Consumer Discretionary,"Hotels, Resorts & Cruise Lines",5559.83,5805.92,3843.13,5512.56,5528.4,5582.52,5584.93,5131.25,-0.2,3.13,5733.85,5431.32
BSX,Boston Scientific,Health Care,Health Care Equipment,99.87,108.14,82.52,104.05,105.71,105.5,104.76,100.59,0.0,9.57,109.43,101.57
BMY,Bristol Myers Squibb,Health Care,Pharmaceuticals,46.35,61.62,43.31,46.89,46.99,47.36,47.06,51.52,0.1,4.85,48.6,46.11
AVGO,Broadcom,Information Technology,Semiconductors,364.09,369.57,145.95,357.97,337.71,317.55,301.65,234.76,0.0,2.27,372.35,262.75
BR,Broadridge Financial Solutions,Industrials,Data Processing & Outsourced Services,249.79,265.85,205.08,251.43,251.05,254.65,250.61,237.8,0.2,5.29,263.0,246.3
BRO,Brown & Brown,Financials,Insurance Brokers,90.88,124.07,90.88,92.93,94.1,95.23,97.79,107.47,-0.4,8.26,98.39,92.08
BF-B,Brown–Forman,Consumer Staples,Distillers & Vintners,27.36,48.21,25.45,27.41,27.89,29.0,29.23,32.58,0.0,15.24,31.53,26.47
BLDR,Builders FirstSource,Industrials,Building Products,140.17,201.83,105.63,142.03,142.42,140.72,135.02,135.82,-0.1,6.51,149.3,132.14
BG,Bunge Global,Consumer Staples,Agricultural Products & Services,80.3,96.95,67.23,82.07,82.28,83.1,79.72,77.28,0.0,9.03,87.55,78.66
BXP,"BXP, Inc.",Real Estate,Office REITs,77.81,86.01,56.05,75.5,75.16,72.01,69.49,68.64,0.2,2.33,79.62,64.41
CHRW,C.H. Robinson,Industrials,Air Freight & Logistics,133.27,133.27,85.99,130.08,128.61,126.76,114.32,101.74,0.0,-0.11,133.12,120.39
CDNS,Cadence Design Systems,Information Technology,Application Software,351.52,371.03,231.64,350.0,350.11,349.39,342.77,302.42,-0.4,2.67,360.91,337.85
CZR,Caesars Entertainment,Consumer Discretionary,Casinos & Gaming,25.9,45.55,23.18,25.58,25.72,25.95,27.11,29.92,0.2,5.48,27.32,24.58
CPT,Camden Property Trust,Real Estate,Multi-Family Residential REITs,108.37,123.69,104.05,109.82,109.97,109.55,110.29,114.0,0.0,3.79,112.48,106.62
CPB,Campbell's Company (The),Consumer Staples,Packaged Foods & Meats,32.87,49.57,30.28,33.42,33.29,32.81,32.25,36.04,-0.1,4.47,34.34,31.27
COF,Capital One,Financials,Consumer Finance,226.53,227.22,135.88,224.11,223.31,221.84,217.51,194.27,-0.2,1.71,230.4,213.28
CAH,Cardinal Health,Health Care,Health Care Distributors,150.27,167.63,106.71,151.04,150.45,149.85,154.54,139.76,-0.2,1.9,153.13,146.58
KMX,CarMax,Consumer Discretionary,Automotive Retail,60.42,89.19,54.66,60.4,60.49,60.18,60.36,71.62,0.0,3.67,62.64,57.73
CCL,Carnival,Consumer Discretionary,"Hotels, Resorts & Cruise Lines",31.24,32.49,16.43,31.63,31.55,31.24,30.17,24.97,0.0,6.05,33.13,29.34
CARR,Carrier Global,Industrials,Building Products,61.24,81.67,55.21,62.24,63.18,64.82,69.24,68.16,-0.2,12.38,68.82,60.81
CAT,Caterpillar Inc.,Industrials,Construction Machinery & Heavy Transportation Equipment,435.94,438.02,271.63,427.97,423.71,424.51,420.08,367.04,0.0,0.87,439.73,409.27
CBOE,Cboe Global Markets,Financials,Financial Exchanges & Data,234.09,253.24,189.73,234.32,234.0,239.04,240.88,219.73,-0.2,7.63,251.95,226.12
CBRE,CBRE Group,Real Estate,Real Estate Services,165.56,165.9,113.94,164.04,162.85,162.31,154.05,137.51,0.0,0.76,166.82,157.8
CDW,CDW Corporation,Information Technology,Technology Distributors,163.13,225.45,143.46,166.57,166.23,165.84,170.37,173.59,0.2,4.34,170.21,161.46
COR,Cencora,Health Care,Health Care Distributors,291.4,303.69,217.68,298.34,296.48,294.97,292.95,271.02,0.2,4.54,304.63,285.31
CNC,Centene Corporation,Health Care,Managed Health Care,32.64,76.57,25.21,32.46,30.85,29.92,28.83,51.56,0.1,1.59,33.16,26.68
CNP,CenterPoint Energy,Utilities,Multi-Utilities,38.29,38.94,26.91,38.02,37.82,37.82,37.59,35.16,0.0,0.29,38.4,37.24
CF,CF Industries,Materials,Fertilizers & Agricultural Chemicals,85.35,101.88,67.67,85.73,85.4,85.69,88.89,85.36,0.2,2.89,87.82,83.57
CRL,Charles River Laboratories,Health Care,Life Sciences Tools & Services,152.24,220.69,99.75,155.1,158.74,159.8,160.55,158.12,0.0,10.04,167.52,152.06
SCHW,Charles Schwab Corporation,Financials,Investment Banking & Brokerage,92.1,98.69,60.96,93.1,94.1,95.16,95.21,84.14,-0.2,7.08,98.62,91.7
CHTR,Charter Communications,Communication Services,Cable & Satellite,260.72,427.25,256.57,262.88,262.49,265.47,302.95,354.71,0.0,5.04,273.86,257.07
CVX,Chevron Corporation,Energy,Integrated Oil & Gas,157.31,164.65,130.67,157.06,157.06,156.89,153.56,147.58,0.2,2.99,162.01,151.77
CMG,Chipotle Mexican Grill,Consumer Discretionary,Restaurants,38.58,66.16,38.58,38.87,40.0,41.44,45.47,52.17,0.0,16.36,44.89,37.98
CB,Chubb Limited,Financials,Property & Casualty Insurance,274.33,301.45,256.04,277.95,277.95,276.51,274.4,279.39,0.1,2.8,282.01,271.0
CHD,Church & Dwight,Consumer Staples,Household Products,91.25,112.48,90.63,93.3,93.87,93.69,94.47,100.66,-0.2,5.3,96.09,91.3
CI,Cigna,Health Care,Health Care Services,297.14,359.97,260.91,302.04,301.86,300.73,294.2,303.71,-0.1,2.96,305.94,295.53
CINF,Cincinnati Financial,Financials,Property & Casualty Insurance,155.13,157.35,125.84,154.95,154.36,153.79,151.2,144.51,0.0,1.14,156.9,150.68
CTAS,Cintas,Industrials,Diversified Support Services,199.71,227.2,181.05,202.01,203.53,208.54,215.57,208.91,-0.2,9.99,219.66,197.41
CSCO,Cisco,Information Technology,Communications Equipment,67.02,71.79,48.29,67.34,67.39,67.58,68.2,62.49,0.0,3.13,69.12,66.04
C,Citigroup,Financials,Diversified Banks,99.79,99.79,55.62,98.51,97.07,96.03,93.47,78.03,0.0,0.05,99.84,92.22
CFG,Citizens Financial Group,Financials,Regional Banks,51.34,52.51,33.59,51.69,51.76,51.05,49.1,43.64,0.2,4.56,53.68,48.41
CLX,Clorox,Consumer Staples,Household Products,122.82,165.31,116.82,123.95,124.02,121.7,123.66,138.58,-0.2,3.64,127.29,116.12
CME,CME Group,Financials,Financial Exchanges & Data,258.83,288.01,204.06,260.99,262.53,265.91,272.27,257.39,-0.2,6.01,274.39,257.44
CMS,CMS Energy,Utilities,Multi-Utilities,71.58,74.4,63.54,71.41,71.35,71.84,71.83,69.67,0.0,2.29,73.22,70.45
KO,Coca-Cola Company (The),Consumer Staples,Soft Drinks & Non-alcoholic Beverages,66.21,73.38,59.94,67.3,67.82,68.64,69.23,67.87,-0.4,7.16,70.95,66.33
CTSH,Cognizant,Information Technology,IT Consulting & Other Services,68.59,89.65,65.92,69.65,70.63,71.07,72.56,77.01,-0.2,6.76,73.23,68.9
COIN,Coinbase,Financials,Financial Exchanges & Data,327.02,419.78,151.47,321.63,312.21,310.29,341.13,272.73,0.0,0.18,327.61,292.96
CL,Colgate-Palmolive,Consumer Staples,Household Products,82.13,104.01,82.13,83.39,83.81,84.33,85.81,88.97,-0.2,5.2,86.4,82.27
CMCSA,Comcast,Communication Services,Cable & Satellite,32.62,43.96,31.41,33.25,33.61,33.68,33.76,35.11,-0.2,5.55,34.43,32.93
CAG,Conagra Brands,Consumer Staples,Packaged Foods & Meats,18.67,30.88,18.26,19.21,19.17,19.16,19.1,22.95,0.1,5.41,19.68,18.64
COP,ConocoPhillips,Energy,Oil & Gas Exploration & Production,92.33,111.14,81.29,93.01,93.88,95.18,94.14,94.11,0.2,8.26,99.96,90.4
ED,Consolidated Edison,Utilities,Multi-Utilities,97.0,111.42,85.77,97.26,97.39,98.79,100.43,99.23,0.0,5.32,102.16,95.42
STZ,Constellation Brands,Consumer Staples,Distillers & Vintners,135.42,252.91,135.42,141.35,144.49,153.98,163.64,181.09,0.0,28.76,174.37,133.58
CEG,Constellation Energy,Utilities,Electric Utilities,330.42,354.46,170.52,318.54,311.79,313.27,321.51,276.78,0.4,-0.4,329.1,297.44
COO,Cooper Companies (The),Health Care,Health Care Supplies,65.48,111.23,64.58,67.31,67.39,69.82,71.49,81.76,-0.2,17.14,76.7,62.94
CPRT,Copart,Industrials,Diversified Support Services,47.6,63.84,45.33,48.3,48.54,48.4,47.37,54.43,-0.1,4.16,49.58,47.22
GLW,Corning Inc.,Information Technology,Electronic Components,77.98,77.98,38.69,75.56,72.87,69.45,62.78,51.43,0.2,-0.17,77.85,61.05
CPAY,Corpay,Financials,Transaction & Payment Processing Services,304.86,389.55,283.07,308.75,312.91,317.77,321.91,339.92,0.0,8.8,331.69,303.83
CTVA,Corteva,Materials,Fertilizers & Agricultural Chemicals,70.07,76.93,54.65,72.33,72.58,72.96,72.81,65.71,0.0,7.09,75.04,70.87
CSGP,CoStar Group,Real Estate,Real Estate Services,88.97,96.83,69.29,87.45,87.99,88.7,89.33,80.03,-0.2,2.42,91.12,86.28
COST,Costco,Consumer Staples,Consumer Staples Merchandise Retail,960.1,1073.97,869.13,965.57,960.77,960.57,960.24,974.67,-0.1,3.2,990.82,930.29
CTRA,Coterra,Energy,Oil & Gas Exploration & Production,24.18,29.06,21.94,24.23,24.22,23.99,24.01,25.37,-0.2,2.85,24.87,23.1
CRWD,CrowdStrike,Information Technology,Systems Software,444.77,514.1,257.1,432.53,424.75,423.55,446.4,412.72,0.4,-0.7,441.66,405.42
CCI,Crown Castle,Real Estate,Telecom Tower REITs,93.57,115.16,82.06,94.61,95.37,98.38,102.56,97.47,-0.2,12.44,105.21,91.54
CSX,CSX Corporation,Industrials,Rail Transportation,32.5,36.37,26.47,32.41,32.42,33.24,34.15,31.92,-0.4,11.14,36.12,30.37
CMI,Cummins,Industrials,Construction Machinery & Heavy Transportation Equipment,414.2,414.2,264.26,407.11,402.11,400.32,377.21,343.71,0.2,-0.5,412.13,388.5
CVS,CVS Health,Health Care,Health Care Services,73.46,74.98,42.33,73.77,73.4,72.43,66.97,61.54,0.0,2.56,75.34,69.52
DHR,Danaher Corporation,Health Care,Life Sciences Tools & Services,188.54,276.83,174.36,192.13,196.18,202.01,200.78,207.61,-0.1,14.56,215.99,188.02
DRI,Darden Restaurants,Consumer Discretionary,Restaurants,212.16,224.21,152.57,212.3,210.89,208.8,207.6,197.48,0.2,0.78,213.81,203.78
DDOG,Datadog,Information Technology,Application Software,138.65,168.65,87.0,138.78,136.55,133.82,137.4,127.84,0.0,2.99,142.8,124.85
DVA,DaVita,Health Care,Health Care Services,130.95,177.35,127.69,133.27,134.72,135.99,138.3,147.36,-0.2,7.41,140.65,131.33
DAY,Dayforce,Industrials,Human Resource & Employment Services,68.91,81.8,49.33,68.94,69.16,68.87,61.13,62.83,0.1,3.08,71.03,66.71
DECK,Deckers Brands,Consumer Discretionary,Footwear,118.66,223.11,95.32,116.91,119.26,115.14,108.86,137.02,0.1,7.45,127.5,102.77
DE,Deere & Company,Industrials,Agricultural & Farm Machinery,469.11,529.8,381.62,472.61,473.9,481.69,497.14,477.64,-0.2,6.44,499.32,464.06
DELL,Dell Technologies,Information Technology,"Technology Hardware, Storage & Peripherals",126.8,142.14,70.88,124.59,124.24,127.68,129.32,112.07,-0.2,8.15,137.13,118.23
DAL,Delta Air Lines,Industrials,Passenger Airlines,58.42,68.45,35.65,60.16,60.67,60.67,57.19,54.58,-0.4,7.58,62.85,58.49
DVN,Devon Energy,Energy,Oil & Gas Exploration & Production,33.77,42.08,26.61,34.73,35.0,34.93,33.86,33.49,0.2,8.5,36.64,33.21
DXCM,Dexcom,Health Care,Health Care Equipment,75.58,90.75,59.83,76.44,77.47,77.99,80.88,80.08,0.0,9.84,83.02,72.96
FANG,Diamondback Energy,Energy,Oil & Gas Exploration & Production,134.53,194.36,117.58,137.15,139.66,141.42,141.82,147.73,0.0,11.85,150.47,132.38
DLR,Digital Realty,Real Estate,Data Center REITs,175.04,191.46,135.17,172.22,167.28,167.02,170.63,166.55,-0.2,0.29,175.55,158.49
DG,Dollar General,Consumer Staples,Consumer Staples Merchandise Retail,104.52,116.32,67.66,105.07,107.19,109.56,110.61,91.88,-0.2,10.66,115.66,103.46
DLTR,Dollar Tree,Consumer Staples,Consumer Staples Merchandise Retail,97.26,117.16,61.21,97.85,100.34,106.28,109.86,86.22,-0.2,22.91,119.54,93.01
D,Dominion Energy,Utilities,Multi-Utilities,60.58,61.39,48.51,59.78,58.99,59.47,58.82,54.87,0.0,1.32,61.38,57.57
DPZ,Domino's,Consumer Discretionary,Restaurants,449.95,495.6,398.04,453.63,459.46,455.12,459.19,457.07,0.0,4.4,469.75,440.5
DASH,DoorDash,Consumer Discretionary,Specialized Consumer Services,258.09,270.99,129.88,258.04,252.94,249.99,248.47,206.08,0.0,0.86,260.31,239.66
DOV,Dover Corporation,Industrials,Industrial Machinery & Supplies & Components,171.94,204.71,150.28,174.67,175.79,177.76,180.81,183.45,-0.2,6.72,183.49,172.04
DOW,Dow Inc.,Materials,Commodity Chemicals,24.17,51.44,20.57,24.44,24.29,24.15,24.77,31.22,0.0,4.51,25.26,23.05
DHI,D. R. Horton,Consumer Discretionary,Homebuilding,172.09,194.88,114.44,177.0,176.99,172.12,156.11,137.96,0.2,7.05,184.22,160.01
DTE,DTE Energy,Utilities,Multi-Utilities,136.45,141.49,114.13,136.16,135.97,137.28,137.21,130.31,0.0,3.11,140.69,133.86
DUK,Duke Energy,Utilities,Electric Utilities,122.37,124.85,102.96,121.63,121.32,122.32,120.81,114.99,-0.2,2.08,124.92,119.72
DD,DuPont,Materials,Specialty Chemicals,77.11,87.69,54.51,77.05,76.93,76.28,74.47,72.92,0.0,2.78,79.25,73.31
EMN,Eastman Chemical Company,Materials,Specialty Chemicals,65.15,110.6,58.79,66.58,67.64,67.75,70.47,82.68,0.0,8.46,70.66,64.85
ETN,Eaton Corporation,Industrials,Electrical Components & Equipment,375.54,391.62,244.95,362.4,354.55,352.04,362.12,327.57,0.2,-2.0,368.03,336.06
EBAY,eBay Inc.,Consumer Discretionary,Broadline Retail,90.36,100.46,56.61,91.47,91.61,93.99,88.41,72.73,-0.2,11.44,100.7,87.29
ECL,Ecolab,Materials,Specialty Chemicals,270.61,285.47,225.1,271.57,272.97,276.99,272.4,256.44,0.2,5.81,286.33,267.66
EIX,Edison International,Utilities,Electric Utilities,55.86,84.75,47.56,55.72,55.22,55.26,53.77,57.52,-0.1,1.86,56.9,53.62
EW,Edwards Lifesciences,Health Care,Health Care Equipment,76.05,81.83,64.54,77.94,79.48,80.1,78.82,74.6,0.0,9.56,83.32,76.88
EA,Electronic Arts,Communication Services,Interactive Home Entertainment,171.76,178.81,116.08,170.07,169.44,170.38,162.85,148.86,-0.2,1.32,174.03,166.75
ELV,Elevance Health,Health Care,Managed Health Care,306.91,543.57,273.17,310.74,311.89,311.12,304.82,371.44,-0.1,4.17,319.71,302.53
EMR,Emerson Electric,Industrials,Electrical Components & Equipment,135.66,149.04,93.37,134.79,133.32,132.86,137.14,123.41,0.2,0.66,136.56,129.15
ENPH,Enphase Energy,Information Technology,Semiconductor Materials & Equipment,37.98,119.74,30.11,37.6,37.7,37.33,36.75,52.13,-0.1,4.21,39.58,35.07
ETR,Entergy,Utilities,Electric Utilities,90.19,91.02,60.0,89.16,88.32,88.64,87.49,82.0,0.2,0.63,90.76,86.51
EOG,EOG Resources,Energy,Oil & Gas Exploration & Production,117.54,134.72,102.81,118.65,119.71,120.25,119.49,120.02,0.1,6.77,125.5,114.99
EPAM,EPAM Systems,Information Technology,IT Consulting & Other Services,154.55,267.63,143.33,157.32,163.74,167.21,165.43,192.57,-0.1,17.2,181.13,153.28
EQT,EQT Corporation,Energy,Oil & Gas Exploration & Production,49.98,60.26,32.43,50.66,51.14,51.39,52.82,51.43,0.0,5.76,52.86,49.93
EFX,Equifax,Industrials,Research & Consulting Services,256.88,304.58,204.69,254.18,248.57,247.97,248.92,252.31,-0.2,1.48,260.68,235.27
EQIX,Equinix,Real Estate,Data Center REITs,791.68,968.75,731.64,787.58,777.88,778.74,776.46,850.14,-0.1,0.85,798.41,759.07
EQR,Equity Residential,Real Estate,Multi-Family Residential REITs,65.28,75.24,61.2,66.22,65.86,65.3,65.43,68.14,0.0,3.09,67.3,63.31
ERIE,Erie Indemnity,Financials,Insurance Brokers,321.81,537.71,321.81,331.99,333.39,345.85,351.3,381.04,-0.2,15.93,373.07,318.61
ESS,Essex Property Trust,Real Estate,Multi-Family Residential REITs,264.63,308.41,252.08,266.61,265.35,264.99,270.29,280.33,0.2,2.63,271.59,258.4
EL,Estée Lauder Companies (The),Consumer Staples,Personal Care Products,87.4,98.93,49.61,86.8,88.22,88.98,89.24,74.32,0.0,6.69,93.25,84.7
EG,Everest Group,Financials,Reinsurance,339.84,400.34,324.54,343.66,343.7,342.37,337.06,346.26,-0.1,3.23,350.82,333.93
EVRG,Evergy,Utilities,Electric Utilities,72.21,72.6,56.74,71.95,71.63,71.65,70.52,65.87,-0.2,0.57,72.62,70.68
ES,Eversource Energy,Utilities,Electric Utilities,65.52,66.62,53.58,64.83,64.1,64.48,65.18,61.03,0.2,1.45,66.47,62.48
EXC,Exelon,Utilities,Electric Utilities,43.43,46.54,35.25,43.34,43.33,43.87,43.8,42.06,0.2,3.89,45.12,42.61
EXE,Expand Energy,Energy,Oil & Gas Exploration & Production,95.58,120.67,70.05,95.77,96.08,95.56,98.57,102.57,0.2,2.76,98.22,92.9
EXPE,Expedia Group,Consumer Discretionary,"Hotels, Resorts & Cruise Lines",228.24,228.24,131.38,221.0,217.83,214.22,197.75,179.57,0.2,-1.24,225.41,203.02
EXPD,Expeditors International,Industrials,Air Freight & Logistics,124.18,129.72,102.14,122.67,121.89,121.2,118.23,114.71,0.4,-0.2,123.93,118.48
EXR,Extra Space Storage,Real Estate,Self-Storage REITs,143.73,177.29,125.24,145.81,145.13,142.86,143.87,146.75,0.2,3.65,148.98,136.75
XOM,ExxonMobil,Energy,Integrated Oil & Gas,112.35,121.0,98.11,111.96,111.79,111.23,109.91,107.8,0.0,2.72,115.41,107.06
FFIV,"F5, Inc.",Information Technology,Communications Equipment,324.1,334.59,205.95,326.49,319.91,317.93,311.19,283.66,0.2,1.88,330.19,305.66
FDS,FactSet,Financials,Financial Exchanges & Data,344.43,490.93,344.43,362.28,366.69,372.02,395.29,436.66,-0.2,13.04,389.34,354.69
FICO,Fair Isaac,Information Technology,Application Software,1555.21,2382.4,1311.26,1554.55,1538.75,1476.78,1477.85,1809.86,0.0,4.72,1628.62,1324.93
FAST,Fastenal,Industrials,Trading Companies & Distributors,47.76,50.39,33.99,47.68,48.36,49.1,47.31,40.86,-0.2,7.12,51.16,47.03
FRT,Federal Realty Investment Trust,Real Estate,Retail REITs,101.08,113.73,82.59,101.06,100.99,99.56,96.07,98.58,-0.1,2.8,103.91,95.2
FDX,FedEx,Industrials,Air Freight & Logistics,225.69,298.15,195.55,227.1,225.73,227.57,228.4,238.93,0.2,3.7,234.04,221.11
FIS,Fidelity National Information Services,Financials,Transaction & Payment Processing Services,66.93,89.09,66.37,67.22,67.7,68.67,73.69,76.0,0.0,6.2,71.08,66.26
FITB,Fifth Third Bancorp,Financials,Regional Banks,45.36,47.14,33.02,45.42,45.56,44.91,43.48,40.99,0.2,3.77,47.07,42.75
FSLR,First Solar,Information Technology,Semiconductors,207.0,255.75,120.38,203.77,202.63,201.85,187.73,166.14,0.0,3.63,214.51,189.18
FE,FirstEnergy,Utilities,Electric Utilities,43.59,43.95,37.17,43.52,43.47,43.5,42.34,40.36,0.0,0.78,43.93,43.07
FI,Fiserv,Financials,Transaction & Payment Processing Services,132.65,237.79,132.14,134.24,135.12,136.8,144.22,186.7,0.0,6.36,141.09,132.51
F,Ford Motor Company,Consumer Discretionary,Automobile Manufacturers,11.68,11.91,8.45,11.61,11.65,11.66,11.39,10.14,0.2,2.31,11.95,11.36
FTNT,Fortinet,Information Technology,Systems Software,81.0,114.57,74.39,80.18,79.0,78.89,89.71,97.73,-0.2,0.83,81.67,76.1
FTV,Fortive,Industrials,Industrial Machinery & Supplies & Components,48.56,62.39,46.49,48.45,47.98,48.08,49.16,54.1,0.0,1.57,49.32,46.85
FOXA,Fox Corporation (Class A),Communication Services,Broadcasting,58.77,62.48,38.55,58.32,59.72,59.26,57.12,53.04,-0.2,5.24,61.85,56.67
FOX,Fox Corporation (Class B),Communication Services,Broadcasting,53.08,56.81,35.67,52.71,54.18,53.97,52.18,49.19,-0.2,6.24,56.39,51.54
BEN,Franklin Resources,Financials,Asset Management & Custody Banks,24.36,26.03,16.43,24.55,24.93,25.06,24.91,21.32,0.2,6.61,25.97,24.14
FCX,Freeport-McMoRan,Materials,Copper,45.64,51.16,28.93,45.01,45.53,44.27,43.68,39.82,0.0,4.18,47.55,40.99
GRMN,Garmin,Consumer Discretionary,Consumer Electronics,235.83,241.82,159.72,237.91,237.53,236.04,230.12,212.71,0.0,2.99,242.88,229.2
IT,Gartner,Information Technology,IT Consulting & Other Services,246.89,551.8,225.98,242.84,244.16,244.6,292.36,419.73,-0.2,2.78,253.75,235.45
GE,GE Aerospace,Industrials,Aerospace & Defense,286.78,286.78,159.16,281.94,279.85,274.99,269.58,219.29,0.0,0.18,287.3,262.68
GEHC,GE HealthCare,Health Care,Health Care Equipment,77.76,93.69,58.69,77.37,75.89,74.93,74.53,77.18,-0.1,1.4,78.85,71.01
GEV,GE Vernova,Industrials,Heavy Electrical Equipment,628.68,664.55,214.85,627.53,607.55,610.93,608.75,435.25,0.0,2.99,647.48,574.4
GEN,Gen Digital,Information Technology,Systems Software,28.76,32.03,23.31,29.26,29.44,30.23,30.08,28.16,0.2,11.27,32.0,28.46
GNRC,Generac,Industrials,Electrical Components & Equipment,185.71,202.85,101.92,184.95,182.29,186.83,176.92,148.7,0.0,7.21,199.1,174.57
GD,General Dynamics,Industrials,Aerospace & Defense,326.98,329.62,239.38,325.43,324.23,322.15,313.82,277.97,0.0,0.89,329.89,314.42
GIS,General Mills,Consumer Staples,Packaged Foods & Meats,49.01,72.02,48.44,49.98,49.93,49.69,49.93,55.65,0.2,3.55,50.75,48.63
GM,General Motors,Consumer Discretionary,Automobile Manufacturers,58.95,59.57,42.24,58.3,58.2,57.92,54.97,50.43,0.0,0.97,59.52,56.31
GPC,Genuine Parts Company,Consumer Discretionary,Distributors,139.04,142.77,103.92,140.31,139.14,138.33,132.85,122.03,0.2,2.33,142.28,134.37
GILD,Gilead Sciences,Health Care,Biotechnology,112.54,120.47,80.39,115.19,114.54,114.97,114.03,104.89,0.0,5.6,118.84,111.09
GPN,Global Payments,Financials,Transaction & Payment Processing Services,84.16,118.08,67.06,85.49,86.24,86.81,83.8,91.95,-0.1,6.36,89.51,84.12
GL,Globe Life,Financials,Life & Health Insurance,142.43,143.27,101.39,141.33,140.88,140.08,134.49,122.96,0.0,0.58,143.26,136.89
GDDY,GoDaddy,Information Technology,Internet Services & Infrastructure,145.55,214.35,133.35,146.62,145.92,146.18,154.91,179.77,0.0,2.62,149.36,143.0
GS,Goldman Sachs,Financials,Investment Banking & Brokerage,786.76,786.76,457.48,777.01,757.54,745.25,726.75,620.69,0.2,0.15,787.94,702.59
HAL,Halliburton,Energy,Oil & Gas Equipment & Services,21.79,31.1,18.96,22.14,22.11,21.92,21.69,23.39,-0.1,5.46,22.98,20.87
HIG,Hartford (The),Financials,Property & Casualty Insurance,131.46,134.7,105.0,131.86,132.14,132.1,127.33,120.13,0.2,2.27,134.44,129.74
HAS,Hasbro,Consumer Discretionary,Leisure Products,76.0,81.85,49.75,78.13,78.89,79.85,77.69,65.0,-0.4,8.88,82.75,76.95
HCA,HCA Healthcare,Health Care,Health Care Facilities,403.17,420.77,295.46,403.78,408.31,405.99,382.89,348.04,0.2,3.89,418.85,393.14
DOC,Healthpeak Properties,Real Estate,Health Care REITs,18.25,21.82,16.53,18.1,18.08,17.81,17.68,18.44,0.1,1.7,18.56,17.07
HSIC,Henry Schein,Health Care,Health Care Distributors,68.81,81.91,62.7,68.49,68.29,68.5,69.31,71.13,0.0,1.82,70.06,66.94
HSY,Hershey Company (The),Consumer Staples,Packaged Foods & Meats,185.56,194.38,141.22,185.88,185.82,183.46,179.57,167.6,-0.2,1.77,188.84,178.08
HPE,Hewlett Packard Enterprise,Information Technology,"Technology Hardware, Storage & Peripherals",24.84,24.86,12.42,24.55,23.84,23.01,21.63,19.44,0.0,1.49,25.21,20.81
HLT,Hilton Worldwide,Consumer Discretionary,"Hotels, Resorts & Cruise Lines",271.25,278.5,201.05,274.45,275.14,274.29,271.4,251.66,0.0,3.24,280.04,268.55
HOLX,Hologic,Health Care,Health Care Equipment,63.8,83.72,52.73,65.37,65.94,66.65,66.36,65.39,-0.2,7.9,68.84,64.45
HD,Home Depot (The),Consumer Discretionary,Home Improvement Retail,422.71,423.6,331.29,419.48,415.74,409.38,388.46,379.25,0.2,0.99,426.89,391.87
HON,Honeywell,Industrials,Industrial Conglomerates,211.74,239.16,180.99,212.88,214.02,216.79,222.57,216.98,-0.2,5.68,223.77,209.81
HRL,Hormel Foods,Consumer Staples,Packaged Foods & Meats,24.73,32.6,24.73,25.14,25.25,26.67,28.15,29.38,-0.2,21.88,30.14,23.19
HST,Host Hotels & Resorts,Real Estate,Hotel & Resort REITs,17.66,18.25,12.54,17.59,17.46,17.08,16.44,15.83,0.2,3.06,18.2,15.95
HWM,Howmet Aerospace,Industrials,Aerospace & Defense,189.25,192.01,93.97,184.4,180.69,177.05,180.54,147.73,0.2,-1.03,187.3,166.8
HPQ,HP Inc.,Information Technology,"Technology Hardware, Storage & Peripherals",27.75,37.77,21.42,28.24,28.5,27.77,26.24,28.11,0.1,6.63,29.59,25.95
HUBB,Hubbell Incorporated,Industrials,Industrial Machinery & Supplies & Components,438.11,466.13,313.96,441.21,437.48,436.47,430.02,398.35,0.0,2.44,448.8,424.14
HUM,Humana,Health Care,Managed Health Care,275.42,320.23,220.41,275.44,292.95,294.19,264.64,260.96,-0.2,16.27,320.23,268.15
HBAN,Huntington Bancshares,Financials,Regional Banks,17.63,17.88,12.37,17.69,17.7,17.46,17.0,15.97,0.2,3.74,18.29,16.64
HII,Huntington Ingalls Industries,Industrials,Aerospace & Defense,273.02,277.49,156.78,272.56,271.29,270.12,264.21,218.07,0.0,1.34,276.68,263.56
IBM,IBM,Information Technology,IT Consulting & Other Services,256.24,292.8,199.27,256.54,252.01,247.05,257.02,247.78,0.0,1.59,260.31,233.77
IEX,IDEX Corporation,Industrials,Industrial Machinery & Supplies & Components,161.16,233.54,157.53,161.68,162.58,163.93,169.82,186.53,0.2,4.39,168.23,159.64
IDXX,Idexx Laboratories,Health Care,Health Care Equipment,643.99,682.78,361.04,644.77,643.35,642.23,603.53,490.68,0.0,1.43,653.2,631.25
ITW,Illinois Tool Works,Industrials,Industrial Machinery & Supplies & Components,263.87,273.51,217.09,263.67,264.04,264.31,260.67,252.58,0.2,2.05,269.28,259.33
INCY,Incyte,Health Care,Biotechnology,83.14,86.96,55.17,84.85,85.58,85.29,78.51,70.14,0.2,5.32,87.56,83.03
IR,Ingersoll Rand,Industrials,Industrial Machinery & Supplies & Components,79.05,105.27,66.72,79.75,79.46,79.58,81.89,84.64,0.2,3.45,81.78,77.38
PODD,Insulet Corporation,Health Care,Health Care Equipment,340.29,352.82,227.79,342.09,344.34,337.91,311.6,286.32,0.2,4.01,353.94,321.9
INTC,Intel,Information Technology,Semiconductors,24.77,27.39,18.13,24.53,24.45,24.42,22.92,21.7,0.0,2.3,25.34,23.49
IBKR,Interactive Brokers,Financials,Investment Banking & Brokerage,62.25,67.54,30.61,62.8,62.74,62.65,62.67,51.68,-0.4,3.78,64.6,60.7
ICE,Intercontinental Exchange,Financials,Financial Exchanges & Data,172.23,188.45,142.02,173.61,174.1,176.36,180.53,169.12,-0.2,5.45,181.62,171.12
IFF,International Flavors & Fragrances,Materials,Specialty Chemicals,64.37,104.49,63.46,65.18,65.59,66.12,69.65,77.17,0.2,5.58,67.96,64.29
IP,International Paper,Materials,Paper & Plastic Packaging Products & Materials,45.57,58.45,43.05,46.29,47.32,47.82,49.05,50.26,0.0,10.07,50.16,45.48
IPG,Interpublic Group of Companies (The),Communication Services,Advertising,26.29,30.52,22.33,26.39,26.57,26.49,25.47,25.61,0.1,3.31,27.16,25.81
INTU,Intuit,Information Technology,Application Software,651.33,807.39,542.39,657.01,662.85,671.06,725.12,662.45,0.0,8.55,707.02,635.1
ISRG,Intuitive Surgical,Health Care,Health Care Equipment,433.99,610.45,433.99,451.41,455.87,465.33,484.88,524.56,-0.4,13.2,491.28,439.38
IVZ,Invesco,Financials,Asset Management & Custody Banks,22.34,22.55,11.86,22.34,22.1,21.77,20.52,16.89,0.0,2.28,22.85,20.69
INVH,Invitation Homes,Real Estate,Single-Family Residential REITs,29.65,35.78,29.65,30.16,30.2,30.49,31.02,32.12,0.0,5.7,31.34,29.63
IQV,IQVIA,Health Care,Life Sciences Tools & Services,185.97,244.62,137.0,187.48,186.52,188.14,182.26,177.85,0.0,4.19,193.76,182.51
IRM,Iron Mountain,Real Estate,Other Specialized REITs,99.82,125.19,76.34,97.89,94.44,93.09,95.06,96.57,0.2,-0.76,99.06,87.12
JBHT,J.B. Hunt,Industrials,Cargo Ground Transportation,136.35,195.43,123.94,138.73,141.53,143.15,145.27,152.5,-0.2,9.73,149.62,136.67
JBL,Jabil,Information Technology,Electronic Manufacturing Services,216.06,230.3,103.6,213.87,210.19,209.12,216.9,171.11,0.0,0.63,217.42,200.81
JKHY,Jack Henry & Associates,Financials,Transaction & Payment Processing Services,158.43,189.99,157.95,160.36,160.91,161.5,167.6,173.0,-0.2,3.83,164.5,158.5
J,Jacobs Solutions,Industrials,Construction & Engineering,146.74,151.85,109.18,146.12,145.31,146.27,143.17,131.05,0.0,1.84,149.44,143.1
JNJ,Johnson & Johnson,Health Care,Pharmaceuticals,177.4,178.76,138.72,177.34,177.81,177.29,169.95,155.99,0.0,1.08,179.32,175.25
JCI,Johnson Controls,Industrials,Building Products,107.81,111.73,69.98,107.45,106.9,106.85,106.72,91.33,0.0,1.42,109.34,104.35
JPM,JPMorgan Chase,Financials,Diversified Banks,308.9,308.9,199.83,303.95,301.01,298.37,294.16,262.09,0.2,-0.03,308.81,287.94
K,Kellanova,Consumer Staples,Packaged Foods & Meats,79.05,81.71,77.28,79.32,79.33,79.31,79.29,80.09,0.1,0.97,79.82,78.8
KVUE,Kenvue,Consumer Staples,Personal Care Products,18.25,24.0,18.25,18.69,19.23,20.18,20.98,21.75,-0.2,23.51,22.54,17.81
KDP,Keurig Dr Pepper,Consumer Staples,Soft Drinks & Non-alcoholic Beverages,26.75,36.99,26.75,27.32,28.01,30.18,32.3,32.61,0.0,35.14,36.15,24.21
KEY,KeyCorp,Financials,Regional Banks,18.84,19.23,12.92,19.08,19.06,18.83,18.31,16.68,0.2,4.67,19.72,17.95
KEYS,Keysight Technologies,Information Technology,Electronic Equipment & Instruments,171.76,185.11,127.02,170.8,168.72,166.29,164.88,161.39,0.0,0.9,173.31,159.27
KMB,Kimberly-Clark,Consumer Staples,Household Products,125.47,144.6,121.02,128.38,128.38,129.18,129.17,131.22,-0.1,5.85,132.81,125.55
KIM,Kimco Realty,Real Estate,Retail REITs,22.34,24.65,18.27,22.37,22.39,22.06,21.53,21.29,0.0,2.91,22.99,21.13
KMI,Kinder Morgan,Energy,Oil & Gas Storage & Transportation,27.36,30.24,20.05,27.31,26.98,26.82,27.12,26.99,-0.2,0.77,27.57,26.07
KKR,KKR & Co.,Financials,Asset Management & Custody Banks,144.65,166.38,92.52,141.94,139.48,139.58,142.43,134.13,-0.2,0.08,144.77,134.38
KLAC,KLA Corporation,Information Technology,Semiconductor Materials & Equipment,988.91,988.91,573.9,952.51,914.02,897.17,907.1,767.87,-0.2,-1.7,972.1,822.27
KHC,Kraft Heinz,Consumer Staples,Packaged Foods & Meats,25.63,34.07,25.24,26.32,26.57,26.95,27.11,27.93,-0.2,9.4,28.04,25.85
KR,Kroger,Consumer Staples,Food Retail,67.41,73.97,53.53,67.52,67.8,68.68,70.17,66.14,-0.2,5.99,71.45,65.92
LHX,L3Harris,Industrials,Aerospace & Defense,281.89,281.89,191.79,277.61,275.2,274.86,270.18,231.95,0.4,-0.34,280.93,268.8
LH,Labcorp,Health Care,Health Care Services,275.4,279.72,209.65,276.82,276.29,276.17,265.32,246.59,0.2,1.97,280.83,271.52
LRCX,Lam Research,Information Technology,Semiconductor Materials & Equipment,119.21,119.21,58.94,112.94,106.79,103.88,101.45,84.2,0.0,-2.37,116.38,91.37
LW,Lamb Weston,Consumer Staples,Packaged Foods & Meats,56.09,80.72,47.73,56.52,56.71,56.31,54.45,56.59,0.1,3.78,58.21,54.4
LVS,Las Vegas Sands,Consumer Discretionary,Casinos & Gaming,53.09,57.71,30.35,53.96,54.47,54.89,52.6,45.4,-0.2,9.06,57.9,51.87
LDOS,Leidos,Industrials,Diversified Support Services,182.73,199.72,126.1,182.22,180.57,180.73,172.12,152.04,0.0,1.11,184.76,176.69
LEN,Lennar,Consumer Discretionary,Homebuilding,133.77,183.45,101.84,137.03,137.43,135.14,124.02,121.79,0.2,6.22,142.09,128.19
LII,Lennox International,Industrials,Building Products,551.85,674.16,506.5,556.09,558.9,568.83,594.38,591.76,0.0,9.72,605.49,532.2
LLY,Lilly (Eli),Health Care,Pharmaceuticals,748.19,927.92,624.28,753.02,744.69,730.26,740.61,783.48,-0.2,2.74,768.69,691.83
LIN,Linde plc,Materials,Industrial Gases,476.73,483.59,408.92,477.7,474.8,476.94,471.37,453.81,0.0,1.72,484.93,468.93
LYV,Live Nation Entertainment,Communication Services,Movies & Entertainment,172.38,174.06,97.27,172.27,168.46,166.54,157.11,142.06,0.2,1.11,174.29,158.78
LKQ,LKQ Corporation,Consumer Discretionary,Distributors,31.55,43.02,28.96,32.23,32.24,31.88,32.83,37.26,0.0,5.13,33.17,30.6
LMT,Lockheed Martin,Industrials,Aerospace & Defense,473.25,597.79,407.77,467.24,461.76,453.79,444.16,458.24,-0.1,0.32,474.76,432.8
L,Loews Corporation,Financials,Multi-line Insurance,96.92,98.05,76.27,96.93,96.79,96.45,93.83,88.21,0.0,1.07,97.96,94.94
LOW,Lowe's,Consumer Discretionary,Home Improvement Retail,272.09,278.66,209.46,270.38,267.89,262.71,243.19,238.14,0.0,1.38,275.84,249.57
LULU,Lululemon Athletica,Consumer Discretionary,"Apparel, Accessories & Luxury Goods",159.98,421.16,159.87,163.04,175.59,188.95,203.77,296.3,0.0,40.94,225.48,152.42
LYB,LyondellBasell,Materials,Specialty Chemicals,52.58,89.15,47.21,54.41,54.61,54.91,56.32,62.57,0.0,10.04,57.86,51.95
MTB,M&T Bank,Financials,Regional Banks,196.57,215.8,154.27,198.23,198.99,197.21,194.2,186.06,0.2,4.13,204.69,189.72
MPC,Marathon Petroleum,Energy,Oil & Gas Refining & Marketing,179.94,183.18,117.23,181.48,180.7,175.82,172.22,153.33,0.2,5.16,189.22,162.42
MKTX,MarketAxess,Financials,Financial Exchanges & Data,181.68,289.47,180.13,185.56,184.44,185.74,197.26,212.49,0.0,5.64,191.93,179.57
MAR,Marriott International,Consumer Discretionary,"Hotels, Resorts & Cruise Lines",265.14,302.22,210.04,265.2,265.72,266.6,268.47,265.27,0.0,2.7,272.3,260.91
MMC,Marsh McLennan,Financials,Insurance Brokers,198.11,243.22,197.78,201.03,202.92,205.63,206.5,219.14,-0.2,7.44,212.85,198.43
MLM,Martin Marietta Materials,Materials,Construction Materials,611.08,631.12,451.25,617.8,618.53,613.19,593.27,541.48,0.0,3.03,629.6,596.77
MAS,Masco,Industrials,Building Products,73.46,84.25,58.18,73.79,73.95,73.91,70.2,69.69,0.2,3.61,76.11,71.71
MA,Mastercard,Financials,Transaction & Payment Processing Services,582.96,598.96,478.51,583.1,586.71,589.08,574.19,551.81,0.0,2.85,599.57,578.56
MTCH,Match Group,Communication Services,Interactive Media & Services,37.47,38.77,26.87,37.87,37.83,37.57,35.6,32.28,0.2,2.83,38.53,36.6
MKC,McCormick & Company,Consumer Staples,Packaged Foods & Meats,65.95,83.73,65.95,68.58,69.27,69.76,70.6,74.75,-0.2,9.6,72.28,67.25
MCD,McDonald's,Consumer Discretionary,Restaurants,302.07,317.67,275.0,306.87,311.07,310.83,303.75,299.62,-0.4,5.34,318.2,303.45
MCK,McKesson Corporation,Health Care,Health Care Distributors,702.88,734.45,476.95,709.18,700.42,692.65,697.62,662.11,-0.2,2.21,718.41,666.93
MDT,Medtronic,Health Care,Health Care Equipment,93.43,94.25,78.03,93.62,93.24,92.66,91.51,86.83,0.0,1.31,94.65,90.67
MRK,Merck & Co.,Health Care,Pharmaceuticals,81.02,115.53,72.74,83.52,84.01,84.45,82.85,86.21,-0.3,7.31,86.94,81.97
META,Meta Platforms,Communication Services,Interactive Media & Services,764.7,790.0,484.29,757.77,751.44,750.97,742.35,656.19,0.0,0.47,768.29,733.67
MET,MetLife,Financials,Life & Health Insurance,80.46,86.38,67.4,80.03,80.21,80.17,77.97,79.11,-0.3,2.22,82.25,78.1
MTD,Mettler Toledo,Health Care,Life Sciences Tools & Services,1260.13,1499.7,970.15,1268.11,1279.33,1289.37,1257.8,1217.99,0.0,5.57,1330.32,1248.46
MGM,MGM Resorts,Consumer Discretionary,Casinos & Gaming,35.64,41.99,25.79,35.5,36.44,37.18,36.98,34.22,0.2,12.82,40.21,34.15
MCHP,Microchip Technology,Information Technology,Semiconductors,63.17,78.29,34.83,64.48,64.49,65.42,67.76,58.76,0.0,8.49,68.53,62.32
MU,Micron Technology,Information Technology,Semiconductors,157.77,157.77,64.66,148.16,136.51,127.65,120.71,101.81,0.2,-2.14,154.39,100.92
MSFT,Microsoft,Information Technology,Systems Software,515.36,534.76,353.33,505.01,503.67,505.38,510.17,445.29,0.0,0.1,515.88,494.9
MAA,Mid-America Apartment Communities,Real Estate,Multi-Family Residential REITs,140.61,167.59,138.38,142.76,143.35,143.07,145.0,151.91,0.0,4.03,146.28,139.86
MRNA,Moderna,Health Care,Biotechnology,23.88,71.99,23.51,24.31,24.4,25.2,28.34,31.56,0.2,16.54,27.83,22.57
MHK,Mohawk Industries,Consumer Discretionary,Home Furnishings,137.08,161.25,97.99,136.74,135.9,132.79,123.35,116.6,0.0,3.46,141.82,123.77
MOH,Molina Healthcare,Health Care,Managed Health Care,176.11,360.77,152.31,181.22,178.74,176.65,179.33,273.94,0.4,5.32,185.48,167.81
TAP,Molson Coors Beverage Company,Consumer Staples,Brewers,47.82,61.78,46.8,48.77,49.27,50.01,49.78,54.15,-0.1,8.87,52.06,47.96
MDLZ,Mondelez International,Consumer Staples,Packaged Foods & Meats,61.6,73.43,55.34,62.09,61.81,62.03,64.5,63.53,0.2,2.74,63.29,60.77
MPWR,Monolithic Power Systems,Information Technology,Semiconductors,849.71,936.74,454.23,847.46,846.68,845.1,794.46,669.46,0.0,2.69,872.57,817.6
MNST,Monster Beverage,Consumer Staples,Soft Drinks & Non-alcoholic Beverages,64.35,64.69,46.16,63.8,63.41,63.22,61.73,57.58,0.0,0.99,64.99,61.45
MCO,Moody's Corporation,Financials,Financial Exchanges & Data,508.76,524.53,395.22,510.76,505.52,508.37,508.02,482.05,0.0,2.19,519.9,496.85
MS,Morgan Stanley,Financials,Investment Banking & Brokerage,156.64,156.64,93.84,155.17,152.06,149.62,145.07,129.77,-0.2,0.45,157.34,141.89
MOS,Mosaic Company (The),Materials,Fertilizers & Agricultural Chemicals,34.05,37.55,22.47,33.39,32.97,32.84,34.07,29.79,0.0,0.09,34.08,31.61
MSI,Motorola Solutions,Information Technology,Communications Equipment,482.43,500.78,393.68,482.81,480.32,471.73,448.84,440.64,0.0,1.77,490.97,452.48
MSCI,MSCI Inc.,Financials,Financial Exchanges & Data,576.61,630.0,503.37,575.54,567.01,568.09,562.88,568.88,-0.1,1.74,586.64,549.56
NDAQ,"Nasdaq, Inc.",Financials,Financial Exchanges & Data,92.86,96.67,66.01,94.29,94.02,94.15,93.31,82.59,-0.2,2.78,95.44,92.86
NTAP,NetApp,Information Technology,"Technology Hardware, Storage & Peripherals",124.16,129.06,75.73,123.98,121.05,115.89,109.74,106.15,0.0,2.94,127.81,103.97
NFLX,Netflix,Communication Services,Movies & Entertainment,1202.26,1339.13,686.8,1221.03,1229.15,1224.14,1218.03,1073.1,0.0,5.14,1264.06,1184.18
NEM,Newmont,Materials,Gold,79.36,79.65,36.49,78.52,77.02,73.87,67.36,52.13,0.0,2.38,81.25,66.49
NWSA,News Corp (Class A),Communication Services,Publishing,29.89,30.4,23.89,29.35,29.27,29.47,29.36,28.18,0.0,1.27,30.27,28.66
NWS,News Corp (Class B),Communication Services,Publishing,32.85,35.06,26.86,32.26,32.74,33.5,33.64,32.08,-0.4,7.55,35.33,31.68
NEE,NextEra Energy,Utilities,Multi-Utilities,71.5,82.85,63.11,71.11,71.14,72.79,72.64,70.28,0.2,7.38,76.78,68.79
NKE,"Nike, Inc.",Consumer Discretionary,"Apparel, Accessories & Luxury Goods",73.03,87.5,52.64,73.64,74.07,75.65,74.97,69.58,0.2,8.46,79.21,72.08
NI,NiSource,Utilities,Multi-Utilities,40.54,43.33,32.68,40.78,40.82,41.59,41.4,38.87,0.0,7.2,43.46,39.73
NDSN,Nordson Corporation,Industrials,Industrial Machinery & Supplies & Components,225.92,260.48,166.29,224.25,223.9,222.53,218.5,211.02,0.2,2.09,230.64,214.42
NSC,Norfolk Southern,Industrials,Rail Transportation,277.16,285.53,204.09,274.34,276.12,278.26,275.55,248.52,-0.2,3.31,286.33,270.19
NTRS,Northern Trust,Financials,Asset Management & Custody Banks,130.26,131.24,83.34,129.02,128.64,128.72,127.25,109.29,-0.2,1.11,131.71,125.73
NOC,Northrop Grumman,Industrials,Aerospace & Defense,574.54,594.87,427.78,576.99,579.77,583.61,565.37,500.62,-0.2,3.56,594.99,572.21
NCLH,Norwegian Cruise Line Holdings,Consumer Discretionary,"Hotels, Resorts & Cruise Lines",26.01,29.07,15.5,26.08,25.62,25.1,24.27,22.49,0.0,2.88,26.76,23.44
NRG,NRG Energy,Utilities,Independent Power Producers & Energy Traders,166.08,173.91,78.57,160.46,153.77,150.45,153.46,123.25,0.0,-1.65,163.34,137.57
NUE,Nucor,Materials,Steel,141.57,165.5,102.79,141.91,143.74,145.45,142.89,128.67,0.0,6.81,151.21,139.69
NVDA,Nvidia,Information Technology,Semiconductors,177.75,183.15,94.3,176.16,172.92,175.63,174.48,140.13,-0.2,3.78,184.47,166.79
NVR,"NVR, Inc.",Consumer Discretionary,Homebuilding,8277.95,9924.4,6700.0,8367.58,8365.07,8233.46,7942.33,7690.97,0.0,3.59,8575.13,7891.62
NXPI,NXP Semiconductors,Information Technology,Semiconductors,219.27,252.0,152.79,220.85,224.28,228.88,224.58,210.37,0.2,10.21,241.66,216.12
ORLY,O’Reilly Automotive,Consumer Discretionary,Automotive Retail,106.29,107.82,73.94,106.73,105.7,104.4,100.16,91.06,0.2,1.53,107.92,100.88
OXY,Occidental Petroleum,Energy,Oil & Gas Exploration & Production,45.47,54.77,35.72,45.67,45.94,45.71,44.66,45.03,-0.1,5.37,47.91,43.51
ODFL,Old Dominion,Industrials,Cargo Ground Transportation,145.25,230.37,141.59,146.81,148.24,150.42,154.49,169.69,0.0,8.19,157.15,143.7
OMC,Omnicom Group,Communication Services,Advertising,76.85,101.86,68.6,77.12,77.7,77.51,74.74,78.16,0.1,3.38,79.45,75.58
ON,ON Semiconductor,Information Technology,Semiconductors,48.11,74.7,31.95,48.43,48.49,49.45,52.96,51.07,0.2,7.71,51.82,47.07
OKE,Oneok,Energy,Oil & Gas Storage & Transportation,72.61,112.93,71.36,72.83,73.1,73.81,76.69,87.4,0.0,5.03,76.26,71.37
ORCL,Oracle Corporation,Information Technology,Application Software,302.14,328.33,122.56,294.4,261.5,248.76,246.15,185.43,0.2,2.6,310.0,187.52
OTIS,Otis Worldwide,Industrials,Industrial Machinery & Supplies & Components,89.63,104.22,84.52,88.74,87.6,87.62,90.18,94.79,0.0,0.31,89.91,85.32
PCAR,Paccar,Industrials,Construction Machinery & Heavy Transportation Equipment,102.17,113.98,85.82,100.53,99.32,99.56,98.35,99.49,-0.1,0.78,102.97,96.14
PKG,Packaging Corporation of America,Materials,Paper & Plastic Packaging Products & Materials,211.81,244.28,174.83,214.22,215.34,211.81,204.76,204.88,0.1,6.44,225.45,198.16
PLTR,Palantir Technologies,Information Technology,Application Software,171.21,186.97,34.91,167.22,161.34,160.29,160.36,113.97,-0.2,0.55,172.15,148.42
PANW,Palo Alto Networks,Information Technology,Systems Software,201.28,208.28,152.44,198.16,195.7,190.32,188.24,187.32,0.2,1.04,203.37,177.26
PSKY,Paramount Skydance Corporation,Communication Services,Movies & Entertainment,18.58,18.79,10.07,17.03,15.96,15.43,13.78,11.92,0.2,-1.83,18.24,12.62
PH,Parker Hannifin,Industrials,Industrial Machinery & Supplies & Components,759.96,769.67,514.56,761.79,758.31,754.01,734.78,668.11,-0.2,1.91,774.48,733.52
PAYX,Paychex,Industrials,Human Resource & Employment Services,131.97,158.58,128.82,134.0,134.98,136.89,140.07,144.11,-0.4,7.13,141.38,132.41
PAYC,Paycom,Industrials,Human Resource & Employment Services,218.2,265.28,158.91,222.11,222.48,224.99,226.64,224.39,0.0,6.33,232.01,217.98
PYPL,PayPal,Financials,Transaction & Payment Processing Services,67.11,91.81,57.41,66.92,67.86,68.61,70.74,74.43,-0.2,5.98,71.12,66.11
PNR,Pentair,Industrials,Industrial Machinery & Supplies & Components,110.65,112.59,75.76,110.52,109.71,108.55,106.06,98.5,0.2,1.92,112.77,104.32
PEP,PepsiCo,Consumer Staples,Soft Drinks & Non-alcoholic Beverages,140.64,170.76,125.83,142.83,144.38,145.94,142.45,141.14,0.2,7.43,151.09,140.8
PFE,Pfizer,Health Care,Pharmaceuticals,23.97,28.21,20.83,24.4,24.57,24.88,24.66,24.21,0.2,7.8,25.84,23.92
PCG,PG&E Corporation,Utilities,Multi-Utilities,15.34,21.53,13.0,15.35,15.23,15.18,14.56,16.37,-0.1,2.54,15.73,14.63
PM,Philip Morris International,Consumer Staples,Tobacco,161.64,183.57,115.19,165.14,164.17,166.37,168.78,155.03,0.2,7.32,173.47,159.26
PSX,Phillips 66,Energy,Oil & Gas Refining & Marketing,131.18,133.86,91.09,131.64,131.59,129.81,126.13,118.58,0.2,4.51,137.1,122.51
PNW,Pinnacle West Capital,Utilities,Multi-Utilities,87.42,93.78,79.36,87.8,88.26,89.45,90.35,88.85,-0.2,5.64,92.35,86.54
PNC,PNC Financial Services,Financials,Diversified Banks,202.46,209.23,146.94,201.9,203.54,201.72,196.54,184.04,0.2,4.14,210.84,192.59
POOL,Pool Corporation,Consumer Discretionary,Distributors,324.78,385.63,283.92,324.32,321.39,319.27,313.07,321.64,0.1,3.28,335.43,303.11
PPG,PPG Industries,Materials,Specialty Chemicals,109.45,131.36,90.49,110.03,110.01,111.06,111.36,111.94,0.0,4.05,113.88,108.23
PPL,PPL Corporation,Utilities,Electric Utilities,35.97,36.96,30.49,35.87,35.87,36.11,35.75,34.07,0.0,2.34,36.81,35.42
PFG,Principal Financial Group,Financials,Life & Health Insurance,82.95,87.94,68.21,81.57,80.74,79.82,78.81,78.42,0.4,-0.12,82.85,76.8
PG,Procter & Gamble,Consumer Staples,Personal Care Products,156.83,176.3,150.47,158.03,158.46,157.87,156.03,162.27,-0.1,2.33,160.48,155.25
PGR,Progressive Corporation,Financials,Property & Casualty Insurance,245.65,291.0,234.89,246.48,246.38,247.02,246.48,259.51,0.3,2.44,251.64,242.39
PLD,Prologis,Real Estate,Industrial REITs,114.27,125.88,88.91,113.48,112.95,111.93,109.17,108.78,0.2,1.83,116.36,107.5
PRU,Prudential Financial,Financials,Life & Health Insurance,105.45,124.75,92.74,106.11,106.58,107.39,104.7,107.13,-0.1,4.79,110.5,104.29
PEG,Public Service Enterprise Group,Utilities,Electric Utilities,82.97,91.66,75.92,81.88,81.24,82.03,83.85,82.03,0.2,1.88,84.53,79.52
PTC,PTC Inc.,Information Technology,Application Software,204.15,216.53,136.74,204.96,208.96,210.88,205.6,179.92,-0.2,7.1,218.64,203.12
PSA,Public Storage,Real Estate,Self-Storage REITs,286.56,354.44,263.65,290.52,291.73,290.44,287.18,294.49,-0.1,4.01,298.05,282.82
PHM,PulteGroup,Consumer Discretionary,Homebuilding,134.84,148.13,91.82,136.55,136.77,133.42,123.38,111.04,0.2,5.24,141.91,124.94
PWR,Quanta Services,Industrials,Construction & Engineering,385.68,421.68,236.56,384.3,379.47,379.95,387.86,330.25,-0.2,1.16,390.15,369.74
QCOM,Qualcomm,Information Technology,Semiconductors,161.22,174.12,123.21,160.43,159.62,158.35,155.66,154.03,0.2,1.07,162.95,153.74
DGX,Quest Diagnostics,Health Care,Health Care Services,180.62,184.4,144.81,181.96,181.41,181.19,175.66,168.23,0.2,2.35,184.86,177.52
RL,Ralph Lauren Corporation,Consumer Discretionary,"Apparel, Accessories & Luxury Goods",315.77,320.75,172.79,313.93,313.58,301.9,296.49,256.88,0.2,3.44,326.63,277.18
RJF,Raymond James Financial,Financials,Investment Banking & Brokerage,168.26,171.46,115.38,168.38,167.91,166.87,164.51,153.9,-0.2,2.18,171.93,161.81
RTX,RTX Corporation,Industrials,Aerospace & Defense,158.37,160.66,112.45,155.72,156.52,156.92,154.22,133.78,-0.2,1.82,161.25,152.59
O,Realty Income,Real Estate,Retail REITs,60.22,61.45,49.6,59.95,59.21,58.82,57.63,55.12,0.2,0.56,60.56,57.09
REG,Regency Centers,Real Estate,Retail REITs,70.97,75.5,64.21,71.52,71.89,71.52,70.75,70.75,-0.1,2.83,72.98,70.07
REGN,Regeneron Pharmaceuticals,Health Care,Biotechnology,572.59,1159.49,482.34,562.63,565.39,574.28,563.94,619.4,-0.1,4.44,598.01,550.51
RF,Regions Financial Corporation,Financials,Regional Banks,26.9,27.36,17.95,26.99,27.02,26.66,25.69,23.08,0.2,3.72,27.9,25.43
RSG,Republic Services,Industrials,Environmental & Facilities Services,228.14,257.46,196.49,229.28,230.37,232.27,235.85,231.97,-0.2,4.07,237.43,227.11
RMD,ResMed,Health Care,Health Care Equipment,271.19,293.73,203.67,273.12,273.61,279.11,273.99,245.56,0.0,8.27,293.62,264.59
RVTY,Revvity,Health Care,Health Care Equipment,84.0,127.41,82.5,84.02,84.99,87.89,91.37,102.36,-0.2,12.55,94.54,81.25
ROK,Rockwell Automation,Industrials,Electrical Components & Equipment,346.44,357.15,217.21,344.85,342.7,344.56,344.89,298.03,-0.2,2.26,354.27,334.83
ROL,"Rollins, Inc.",Industrials,Environmental & Facilities Services,56.43,58.48,45.24,57.14,56.92,57.06,56.89,53.35,0.4,3.56,58.44,55.68
ROP,Roper Technologies,Information Technology,Electronic Equipment & Instruments,505.23,592.1,501.26,513.61,518.01,524.28,537.71,553.48,-0.4,7.07,540.95,507.61
ROST,Ross Stores,Consumer Discretionary,Apparel Retail,147.05,154.88,122.22,148.87,149.96,148.56,141.96,140.84,0.2,3.77,152.59,144.52
RCL,Royal Caribbean Group,Consumer Discretionary,"Hotels, Resorts & Cruise Lines",329.79,365.84,163.77,340.65,347.57,345.91,336.39,263.06,-0.2,12.4,370.68,321.12
SPGI,S&P Global,Financials,Financial Exchanges & Data,543.99,563.17,436.73,545.34,542.98,547.28,542.15,513.53,0.2,2.63,558.3,536.28
CRM,Salesforce,Information Technology,Application Software,242.52,366.29,231.66,245.24,248.25,248.28,252.97,286.04,0.0,6.07,257.24,239.31
SBAC,SBA Communications,Real Estate,Telecom Tower REITs,198.05,244.52,189.91,196.5,196.81,206.36,218.84,216.95,-0.2,15.26,228.27,184.45
SLB,Schlumberger,Energy,Oil & Gas Equipment & Services,34.77,44.26,31.43,35.66,35.65,35.17,34.54,36.76,-0.1,7.36,37.33,33.01
STX,Seagate Technology,Information Technology,"Technology Hardware, Storage & Peripherals",211.12,211.12,66.19,197.71,189.68,176.09,160.62,113.98,0.2,-1.44,208.08,144.11
SRE,Sempra,Utilities,Multi-Utilities,83.39,92.47,63.23,82.63,82.09,82.03,80.31,77.97,0.2,0.95,84.18,79.89
NOW,ServiceNow,Information Technology,Systems Software,947.42,1170.39,721.65,934.38,925.44,908.29,927.77,965.47,-0.2,0.84,955.38,861.24
SHW,Sherwin-Williams,Materials,Specialty Chemicals,357.08,397.11,312.15,360.94,364.21,365.28,353.54,351.18,0.2,5.04,375.08,355.5
SPG,Simon Property Group,Real Estate,Retail REITs,183.76,183.9,136.92,181.75,180.31,177.27,168.96,164.61,0.0,0.66,184.97,169.56
SWKS,Skyworks Solutions,Information Technology,Semiconductors,72.87,98.66,48.25,74.13,74.28,74.67,72.91,72.78,0.0,5.27,76.71,72.63
SJM,J.M. Smucker Company (The),Consumer Staples,Packaged Foods & Meats,102.24,116.99,93.48,108.36,109.96,110.37,108.46,107.67,0.0,13.3,115.84,104.89
SW,Smurfit Westrock,Materials,Paper & Plastic Packaging Products & Materials,44.47,55.13,37.46,45.0,45.88,45.4,45.33,46.55,-0.1,8.77,48.37,42.43
SNA,Snap-on,Industrials,Industrial Machinery & Supplies & Components,339.72,364.18,270.86,330.42,328.18,327.33,323.91,327.02,0.1,-0.86,336.8,317.86
SOLV,Solventum,Health Care,Health Care Technology,73.21,84.04,63.01,72.9,72.74,72.66,73.09,72.38,-0.2,1.67,74.43,70.89
SO,Southern Company,Utilities,Electric Utilities,92.28,95.24,78.98,91.89,91.77,92.64,93.08,87.89,-0.2,2.85,94.91,90.37
LUV,Southwest Airlines,Industrials,Passenger Airlines,31.43,37.49,23.77,31.38,31.55,31.83,32.55,31.31,0.0,5.89,33.28,30.38
SWK,Stanley Black & Decker,Industrials,Industrial Machinery & Supplies & Components,78.56,105.48,54.53,77.87,76.55,75.47,72.29,73.41,0.1,1.76,79.94,71.0
SBUX,Starbucks,Consumer Discretionary,Restaurants,82.68,114.25,78.61,82.73,84.73,86.67,89.99,92.77,0.0,11.9,92.52,80.83
STT,State Street Corporation,Financials,Asset Management & Custody Banks,112.12,115.82,74.79,112.06,112.52,113.16,111.3,98.17,0.0,3.69,116.26,110.06
STLD,Steel Dynamics,Materials,Steel,131.58,152.49,108.79,131.85,131.79,130.8,129.6,127.46,0.2,3.53,136.22,125.37
STE,Steris,Health Care,Health Care Equipment,247.81,252.43,200.94,248.47,246.26,246.66,236.94,226.59,0.0,1.91,252.54,240.77
SYK,Stryker Corporation,Health Care,Health Care Equipment,377.11,403.53,336.65,384.99,388.32,389.26,388.69,379.18,0.0,5.72,398.68,379.84
SMCI,Supermicro,Information Technology,"Technology Hardware, Storage & Peripherals",45.38,60.71,18.01,44.23,42.32,42.99,48.07,40.59,0.2,2.64,46.58,39.4
SYF,Synchrony Financial,Financials,Consumer Finance,76.28,76.86,43.38,75.69,75.72,74.73,72.04,62.85,-0.2,2.66,78.31,71.15
SNPS,Synopsys,Information Technology,Application Software,419.2,645.35,380.9,454.98,526.82,566.2,586.7,509.77,0.0,70.9,716.41,415.97
SYY,Sysco,Consumer Staples,Food Distributors,79.87,82.51,67.53,80.65,81.13,80.52,79.7,74.7,0.2,3.14,82.38,78.66
TMUS,T-Mobile US,Communication Services,Wireless Telecommunication Services,239.74,270.87,193.92,241.19,246.23,249.68,242.34,241.37,0.0,9.06,261.46,237.92
TROW,T. Rowe Price,Financials,Asset Management & Custody Banks,104.17,120.07,79.19,105.86,106.81,107.05,105.62,101.46,0.0,6.08,110.5,103.59
TTWO,Take-Two Interactive,Communication Services,Interactive Home Entertainment,247.25,248.78,147.66,246.39,244.09,237.51,233.27,215.01,0.2,1.9,251.95,223.08
TPR,"Tapestry, Inc.",Consumer Discretionary,"Apparel, Accessories & Luxury Goods",110.17,113.1,41.29,106.8,105.48,102.52,103.7,80.81,0.0,-0.7,109.4,95.64
TRGP,Targa Resources,Energy,Oil & Gas Storage & Transportation,163.33,213.93,143.44,163.93,163.93,163.68,165.39,177.41,0.2,2.94,168.13,159.21
TGT,Target Corporation,Consumer Staples,Consumer Staples Merchandise Retail,88.56,154.72,86.82,90.35,91.39,95.16,99.74,108.36,0.0,17.66,104.2,86.12
TEL,TE Connectivity,Information Technology,Electronic Manufacturing Services,211.15,212.4,121.04,210.47,208.81,206.66,198.04,161.2,0.0,0.99,213.24,200.09
TDY,Teledyne Technologies,Information Technology,Electronic Equipment & Instruments,556.66,566.11,426.75,553.76,549.37,545.81,545.14,501.16,0.0,0.57,559.83,531.81
TER,Teradyne,Information Technology,Semiconductor Materials & Equipment,114.07,139.5,67.79,114.95,117.31,115.8,105.96,101.11,-0.2,7.83,123.0,108.6
TSLA,"Tesla, Inc.",Consumer Discretionary,Automobile Manufacturers,410.04,479.86,213.65,373.91,356.88,347.25,330.42,331.09,0.1,-4.76,390.52,303.96
TXN,Texas Instruments,Information Technology,Semiconductors,178.2,219.66,143.34,182.84,187.08,194.63,196.91,185.62,0.0,19.46,212.88,176.39
TPL,Texas Pacific Land Corporation,Energy,Oil & Gas Exploration & Production,923.52,1720.9,790.51,927.49,921.99,913.05,941.2,1191.43,0.0,2.83,949.66,876.41
TXT,Textron,Industrials,Aerospace & Defense,82.23,90.23,60.69,81.44,81.18,80.77,80.96,76.43,0.0,0.8,82.89,78.64
TMO,Thermo Fisher Scientific,Health Care,Life Sciences Tools & Services,474.46,618.62,390.26,480.86,484.61,488.01,466.28,480.24,-0.3,5.55,500.79,475.26
TJX,TJX Companies,Consumer Discretionary,Apparel Retail,141.17,141.17,110.73,140.26,140.05,138.18,131.27,125.37,0.0,1.01,142.6,133.76
TKO,TKO Group Holdings,Communication Services,Movies & Entertainment,204.49,204.49,114.41,200.15,195.72,190.75,179.22,160.4,0.0,0.05,204.59,176.89
TTD,Trade Desk (The),Communication Services,Advertising,45.54,139.51,45.15,46.89,49.84,51.56,66.57,80.92,0.2,27.21,57.93,45.19
TSCO,Tractor Supply,Consumer Discretionary,Other Specialty Retail,59.61,62.65,47.62,59.55,60.07,60.83,59.2,54.48,0.2,5.57,62.93,58.72
TT,Trane Technologies,Industrials,Building Products,402.44,471.46,313.81,408.96,410.32,416.7,430.37,392.78,-0.2,7.45,432.42,400.99
TDG,TransDigm Group,Industrials,Aerospace & Defense,1288.13,1516.55,1152.5,1290.46,1288.17,1298.44,1377.57,1295.86,0.0,3.04,1327.29,1269.56
TRV,Travelers Companies (The),Financials,Property & Casualty Insurance,276.3,279.43,222.29,275.89,275.29,272.93,265.24,256.14,0.2,1.48,280.39,265.47
TRMB,Trimble Inc.,Information Technology,Electronic Equipment & Instruments,81.01,85.24,55.12,80.99,80.39,80.95,81.88,73.14,0.0,2.88,83.34,78.55
TFC,Truist Financial,Financials,Diversified Banks,44.78,47.07,33.92,45.14,45.81,45.67,44.7,42.19,0.0,6.23,47.57,43.77
TYL,Tyler Technologies,Information Technology,Application Software,539.46,646.74,521.68,548.55,552.94,557.27,566.69,580.73,-0.4,6.39,573.93,540.61
TSN,Tyson Foods,Consumer Staples,Packaged Foods & Meats,54.0,62.84,51.83,55.29,55.76,56.1,54.96,56.78,-0.3,6.52,57.52,54.68
USB,U.S. Bancorp,Financials,Diversified Banks,49.29,51.9,36.0,49.26,49.0,48.31,46.85,44.98,0.0,2.43,50.49,46.12
UBER,Uber,Industrials,Passenger Ground Transportation,98.85,98.85,59.93,95.82,94.22,94.65,92.7,79.8,0.2,-0.74,98.12,91.18
UDR,"UDR, Inc.",Real Estate,Multi-Family Residential REITs,37.76,45.23,37.29,38.44,38.57,38.72,39.27,41.05,-0.2,4.71,39.54,37.91
ULTA,Ulta Beauty,Consumer Discretionary,Other Specialty Retail,526.08,533.81,314.47,518.38,521.97,521.35,509.74,428.82,-0.4,2.62,539.86,502.84
UNP,Union Pacific Corporation,Industrials,Rail Transportation,216.25,249.94,205.73,215.69,218.28,220.3,223.25,227.21,0.0,4.93,226.91,213.69
UAL,United Airlines Holdings,Industrials,Passenger Airlines,104.55,110.52,49.65,106.73,106.49,104.51,95.77,88.51,0.2,5.22,110.01,99.01
UPS,United Parcel Service,Industrials,Air Freight & Logistics,84.02,130.93,82.93,84.25,84.56,85.98,90.09,103.45,0.0,6.0,89.06,82.9
URI,United Rentals,Industrials,Trading Companies & Distributors,947.9,975.23,549.5,947.13,954.98,942.28,884.94,742.81,0.2,3.99,985.72,898.8
UNH,UnitedHealth Group,Health Care,Managed Health Care,347.89,615.84,237.77,349.74,331.14,317.8,292.8,414.6,-0.1,2.31,355.93,279.69
UHS,Universal Health Services,Health Care,Health Care Facilities,189.58,240.49,154.78,188.92,186.92,184.61,176.13,180.79,0.1,1.26,191.97,177.26
VLO,Valero Energy,Energy,Oil & Gas Refining & Marketing,157.57,161.83,102.97,158.44,157.14,151.01,144.91,131.25,0.2,5.15,165.68,136.34
VTR,Ventas,Real Estate,Health Care REITs,69.85,69.85,56.07,69.31,68.56,68.28,67.21,64.14,0.0,0.04,69.88,66.69
VLTO,Veralto,Industrials,Environmental & Facilities Services,107.8,113.22,85.23,107.39,106.65,107.11,105.56,100.78,0.2,1.82,109.76,104.46
VRSN,Verisign,Information Technology,Internet Services & Infrastructure,287.96,305.1,175.69,286.41,281.94,276.14,277.41,249.33,0.0,0.83,290.35,261.93
VRSK,Verisk Analytics,Industrials,Research & Consulting Services,255.08,320.87,255.08,262.99,266.18,267.48,278.75,289.75,-0.4,8.01,275.51,259.46
VZ,Verizon,Communication Services,Integrated Telecommunication Services,43.87,45.06,36.62,43.81,43.85,44.15,43.17,41.67,-0.2,2.76,45.08,43.21
VRTX,Vertex Pharmaceuticals,Health Care,Biotechnology,393.21,516.74,366.54,394.03,395.61,393.6,422.71,450.79,0.0,1.95,400.88,386.31
VTRS,Viatris,Health Care,Pharmaceuticals,9.6,12.87,7.08,10.08,10.28,10.4,9.7,9.7,-0.5,13.44,10.89,9.92
VICI,Vici Properties,Real Estate,Hotel & Resort REITs,33.08,33.93,27.46,33.13,33.28,33.24,33.13,31.25,0.0,2.78,34.0,32.48
V,Visa Inc.,Financials,Transaction & Payment Processing Services,339.05,372.65,267.75,340.82,344.15,345.82,346.49,339.95,0.0,4.64,354.78,336.86
VST,Vistra Corp.,Utilities,Electric Utilities,213.52,214.06,79.91,206.05,196.99,195.08,197.01,160.96,0.0,-1.29,210.77,179.41
VMC,Vulcan Materials Company,Materials,Construction Materials,294.03,301.65,219.65,295.5,294.41,292.44,281.76,263.95,0.0,1.8,299.32,285.55
WRB,W. R. Berkley Corporation,Financials,Property & Casualty Insurance,72.79,74.57,55.33,72.96,72.64,72.12,70.5,66.5,0.0,1.35,73.77,70.48
GWW,W. W. Grainger,Industrials,Industrial Machinery & Supplies & Components,1012.62,1212.97,915.74,1004.06,1007.52,1006.73,1007.29,1038.72,-0.2,1.85,1031.35,982.1
WAB,Wabtec,Industrials,Construction Machinery & Heavy Transportation Equipment,188.34,214.1,159.81,189.8,191.07,192.29,197.2,193.96,0.0,4.41,196.65,187.94
WMT,Walmart,Consumer Staples,Consumer Staples Merchandise Retail,103.69,104.27,77.29,102.51,101.35,99.71,98.73,95.06,0.2,1.29,105.03,94.39
DIS,Walt Disney Company (The),Communication Services,Movies & Entertainment,115.62,124.01,81.37,116.36,117.3,117.37,118.27,109.77,0.0,3.26,119.39,115.36
WBD,Warner Bros. Discovery,Communication Services,Broadcasting,19.46,19.46,7.33,15.86,13.91,12.87,12.55,10.68,0.2,-10.12,17.49,8.25
WM,Waste Management,Industrials,Environmental & Facilities Services,216.13,240.36,198.36,217.84,219.92,222.81,226.03,223.63,-0.2,6.66,230.52,215.09
WAT,Waters Corporation,Health Care,Life Sciences Tools & Services,299.04,417.28,277.72,298.09,299.24,297.9,299.52,350.26,-0.2,2.98,307.95,287.84
WEC,WEC Energy Group,Utilities,Electric Utilities,110.97,110.97,89.8,109.63,108.37,107.96,107.51,102.79,0.2,-0.26,110.68,105.23
WFC,Wells Fargo,Financials,Diversified Banks,81.41,83.83,50.45,81.04,80.74,80.29,80.15,74.58,0.0,2.59,83.52,77.06
WELL,Welltower,Real Estate,Health Care REITs,168.92,169.36,120.86,168.69,168.35,167.05,163.43,147.42,0.0,1.12,170.81,163.28
WST,West Pharmaceutical Services,Health Care,Health Care Supplies,257.53,347.02,190.04,256.41,252.61,249.16,241.18,252.97,0.1,0.8,259.59,238.72
WDC,Western Digital,Information Technology,"Technology Hardware, Storage & Peripherals",102.39,102.39,30.45,97.15,92.93,85.49,76.64,55.33,0.0,0.26,102.66,68.32
WY,Weyerhaeuser,Real Estate,Timber REITs,24.82,32.88,24.29,25.18,25.33,25.63,25.58,27.19,0.1,7.37,26.65,24.61
WSM,"Williams-Sonoma, Inc.",Consumer Discretionary,Homefurnishing Retail,201.07,215.83,127.65,201.37,199.95,198.4,190.65,178.99,0.0,3.74,208.59,188.21
WMB,Williams Companies,Energy,Oil & Gas Storage & Transportation,58.4,62.34,43.11,58.28,57.57,57.17,57.59,56.76,-0.2,0.67,58.79,55.55
WTW,Willis Towers Watson,Financials,Insurance Brokers,333.7,340.45,285.03,334.53,331.66,332.4,321.72,317.3,0.0,2.28,341.31,323.49
WDAY,"Workday, Inc.",Information Technology,Application Software,222.75,279.91,210.47,226.0,228.64,227.98,229.12,246.32,0.0,5.5,235.0,220.96
WYNN,Wynn Resorts,Consumer Discretionary,Casinos & Gaming,122.85,126.75,65.78,122.51,123.0,120.09,113.42,92.93,0.2,6.64,131.01,109.17
XEL,Xcel Energy,Utilities,Multi-Utilities,73.05,74.26,60.63,72.72,72.48,72.7,71.93,68.9,-0.2,1.08,73.84,71.56
XYL,Xylem Inc.,Industrials,Industrial Machinery & Supplies & Components,141.74,144.22,102.25,140.07,140.3,141.23,137.92,125.87,0.0,2.08,144.69,137.76
YUM,Yum! Brands,Consumer Discretionary,Restaurants,148.9,160.96,121.48,147.87,146.56,146.83,146.0,143.12,0.0,1.28,150.81,142.87
ZBRA,Zebra Technologies,Information Technology,Electronic Equipment & Instruments,320.91,421.11,213.54,313.59,311.96,314.29,321.48,321.81,0.0,1.5,325.72,302.87
ZBH,Zimmer Biomet,Health Care,Health Care Equipment,100.96,112.89,89.98,102.89,103.97,104.86,99.36,101.53,-0.5,7.3,108.33,101.39
ZTS,Zoetis,Health Care,Pharmaceuticals,146.25,194.12,143.44,148.85,150.78,153.07,152.03,160.17,-0.3,8.64,158.89,147.25
