Symbol,Company,GICS_Sector,GICS_Sub_Industry,Current_Price,High_52_Week,Low_52_Week,SMA5,SMA10,SMA20,SMA50,SMA200,Score,Target_Pcnt,Target_Price,Stop_Loss
MMM,3M,Industrials,Industrial Conglomerates,162.01,173.09,124.36,160.92,161.94,165.17,165.59,152.31,-0.2,6.82,173.06,157.28
AOS,A. O. Smith,Industrials,Building Products,68.12,73.9,58.72,67.94,68.07,67.7,66.78,67.58,-0.3,1.69,69.27,66.13
ABT,Abbott Laboratories,Health Care,Health Care Equipment,124.65,138.33,109.61,124.81,125.67,125.07,126.25,129.34,0.2,3.15,128.58,121.56
ABBV,AbbVie,Health Care,Biotechnology,230.75,242.63,165.03,229.46,227.24,226.27,226.76,203.98,-0.2,0.38,231.63,220.93
ACN,Accenture,Information Technology,IT Consulting & Other Services,271.88,394.31,232.56,270.88,271.7,269.72,255.64,274.47,0.1,2.18,277.81,261.62
ADBE,Adobe Inc.,Information Technology,Application Software,353.11,464.11,312.4,353.97,353.52,345.8,339.08,363.12,0.1,4.34,368.43,323.17
AMD,Advanced Micro Devices,Information Technology,Semiconductors,215.61,264.33,78.21,215.1,210.48,214.39,228.8,161.52,0.0,5.25,226.93,201.86
AES,AES Corporation,Utilities,Independent Power Producers & Energy Traders,14.12,15.18,9.38,13.98,13.81,13.85,13.94,12.38,-0.2,0.5,14.19,13.52
AFL,Aflac,Financials,Life & Health Insurance,110.1,114.41,97.05,110.28,110.37,109.59,109.68,105.96,-0.2,1.41,111.65,107.53
A,Agilent Technologies,Health Care,Life Sciences Tools & Services,138.2,157.2,98.88,138.36,138.24,141.67,145.03,124.59,-0.2,8.81,150.38,132.97
APD,Air Products,Materials,Industrial Gases,247.81,331.69,230.76,246.12,244.8,246.93,251.05,271.67,0.0,6.59,264.14,229.71
ABNB,Airbnb,Consumer Discretionary,"Hotels, Resorts & Cruise Lines",136.88,161.42,105.69,136.78,135.08,129.24,124.93,126.7,-0.1,3.96,142.3,116.17
AKAM,Akamai Technologies,Information Technology,Internet Services & Infrastructure,88.09,102.1,68.21,88.93,88.42,87.28,83.65,79.09,0.0,2.68,90.45,84.1
ALB,Albemarle Corporation,Materials,Specialty Chemicals,144.48,150.01,50.01,147.02,141.94,135.01,117.22,81.92,0.2,5.74,152.77,117.26
ARE,Alexandria Real Estate Equities,Real Estate,Office REITs,49.21,98.01,44.97,48.65,48.21,47.92,54.71,71.39,-0.2,6.48,52.4,43.44
ALGN,Align Technology,Health Care,Health Care Supplies,158.39,234.89,124.88,158.13,159.6,158.66,145.98,159.14,0.1,5.69,167.4,149.92
ALLE,Allegion,Industrials,Building Products,161.54,179.47,118.08,160.91,160.79,161.17,164.6,154.53,0.0,2.24,165.16,157.18
LNT,Alliant Energy,Utilities,Electric Utilities,65.48,69.47,54.87,65.29,65.32,65.48,66.83,63.52,-0.2,2.08,66.84,64.12
ALL,Allstate,Financials,Property & Casualty Insurance,209.29,213.64,177.51,208.79,208.44,206.89,203.34,200.6,0.0,1.92,213.31,200.46
GOOGL,Alphabet Inc. (Class A),Communication Services,Interactive Media & Services,313.33,323.23,144.3,313.01,308.62,312.36,294.12,215.57,0.0,3.46,324.17,300.54
GOOG,Alphabet Inc. (Class C),Communication Services,Interactive Media & Services,314.37,323.43,146.18,314.4,309.95,313.41,294.85,216.64,0.0,3.34,324.87,301.95
MO,Altria,Consumer Staples,Tobacco,57.67,65.45,47.41,57.69,57.72,57.59,58.22,58.7,0.0,1.14,58.33,56.85
AMZN,Amazon,Consumer Discretionary,Broadline Retail,232.35,254.0,167.32,231.56,227.83,229.03,230.77,216.51,-0.2,1.82,236.58,221.5
AMCR,Amcor,Materials,Paper & Plastic Packaging Products & Materials,8.44,10.15,7.82,8.32,8.32,8.32,8.29,8.84,-0.1,0.71,8.5,8.13
AEE,Ameren,Utilities,Multi-Utilities,100.37,105.59,84.39,99.77,99.19,99.21,101.74,98.5,-0.2,1.31,101.68,96.74
AEP,American Electric Power,Utilities,Electric Utilities,115.65,123.77,87.28,115.28,115.15,115.96,118.3,108.92,-0.2,3.29,119.45,112.47
AXP,American Express,Financials,Consumer Finance,376.4,384.89,230.22,380.72,379.46,374.72,364.73,315.17,0.0,3.71,390.36,359.06
AIG,American International Group,Financials,Multi-line Insurance,86.72,86.72,69.02,86.55,86.15,82.19,79.09,80.34,-0.1,5.13,91.17,73.22
AMT,American Tower,Real Estate,Telecom Tower REITs,175.72,230.32,169.21,174.79,175.86,177.5,180.75,200.91,0.0,4.38,183.42,171.58
AWK,American Water Works,Utilities,Water Utilities,131.15,149.23,118.11,131.08,131.95,130.88,131.8,138.3,0.2,2.31,134.18,127.58
AMP,Ameriprise Financial,Financials,Asset Management & Custody Banks,499.02,567.86,418.0,499.22,493.86,485.8,470.45,491.34,0.1,2.82,513.09,458.5
AME,Ametek,Industrials,Electrical Components & Equipment,208.82,208.82,150.67,208.07,205.05,202.09,196.49,182.44,0.2,0.72,210.32,193.86
AMGN,Amgen,Health Care,Biotechnology,330.36,345.46,250.44,332.03,329.0,328.34,320.95,293.94,0.0,4.43,344.99,311.68
APH,Amphenol,Information Technology,Electronic Components,137.05,143.57,58.79,136.94,133.49,135.8,135.73,105.58,0.0,5.38,144.42,127.19
ADI,Analog Devices,Information Technology,Semiconductors,275.1,283.39,162.63,276.41,276.13,276.62,253.06,230.14,0.2,3.38,284.4,268.85
AON,Aon plc,Financials,Insurance Brokers,357.67,407.61,326.07,356.46,354.33,350.42,346.44,359.44,-0.1,0.76,360.39,340.43
APA,APA Corporation,Energy,Oil & Gas Exploration & Production,24.39,27.1,13.47,24.34,24.35,25.29,24.25,20.56,0.0,12.3,27.39,23.18
APO,Apollo Global Management,Financials,Asset Management & Custody Banks,147.55,171.95,107.48,148.44,147.52,143.84,133.97,135.13,-0.1,5.72,155.99,131.69
AAPL,Apple Inc.,Information Technology,"Technology Hardware, Storage & Peripherals",273.7,286.19,171.83,272.85,273.07,276.69,271.97,230.81,-0.2,4.2,285.2,268.19
AMAT,Applied Materials,Information Technology,Semiconductor Materials & Equipment,262.82,275.15,125.98,260.95,258.3,262.45,243.61,189.76,-0.2,4.74,275.28,249.62
APP,AppLovin,Information Technology,Application Software,697.29,733.6,219.37,720.21,702.64,692.31,629.6,460.9,0.2,7.61,750.35,634.25
APTV,Aptiv,Consumer Discretionary,Automotive Parts & Equipment,76.86,87.98,47.92,76.82,77.15,77.37,79.41,72.02,0.2,3.04,79.2,75.55
ACGL,Arch Capital Group,Financials,Property & Casualty Insurance,96.53,97.12,84.72,96.58,96.27,94.38,91.39,91.27,0.2,1.96,98.42,90.34
ADM,Archer Daniels Midland,Consumer Staples,Agricultural Products & Services,58.21,63.67,40.67,57.84,58.25,58.78,59.17,54.44,0.0,4.33,60.73,56.83
ARES,Ares Management,Financials,Asset Management & Custody Banks,169.27,192.89,115.76,169.22,169.1,167.98,156.48,161.87,0.1,5.48,178.55,157.41
ANET,Arista Networks,Information Technology,Communications Equipment,134.59,162.03,64.37,131.85,128.94,129.01,135.36,115.73,0.0,0.58,135.37,122.66
AJG,Arthur J. Gallagher & Co.,Financials,Insurance Brokers,263.14,346.41,237.85,260.47,256.74,250.34,255.33,299.5,0.0,1.08,265.98,234.71
AIZ,Assurant,Financials,Multi-line Insurance,241.74,241.89,177.67,241.3,238.72,231.39,223.53,206.2,0.0,2.23,247.13,215.67
T,AT&T,Communication Services,Integrated Telecommunication Services,24.77,29.3,20.9,24.57,24.4,24.7,25.09,26.77,0.0,3.63,25.67,23.72
ATO,Atmos Energy,Utilities,Gas Utilities,169.02,178.17,133.5,168.18,168.49,168.79,172.22,161.03,-0.2,1.84,172.13,165.45
ADSK,Autodesk,Information Technology,Application Software,301.93,326.79,238.84,299.78,297.95,300.77,300.62,295.23,0.2,2.55,309.63,291.92
ADP,Automatic Data Processing,Industrials,Human Resource & Employment Services,259.97,321.43,247.46,258.73,260.52,259.57,260.04,288.84,0.0,2.33,266.03,253.13
AZO,AutoZone,Consumer Discretionary,Automotive Retail,3411.59,4354.54,3185.71,3438.75,3431.22,3558.58,3715.04,3821.27,0.0,15.28,3932.88,3184.39
AVB,AvalonBay Communities,Real Estate,Multi-Family Residential REITs,183.89,222.25,173.92,182.87,181.07,179.64,180.09,192.7,-0.2,0.49,184.79,174.48
AVY,Avery Dennison,Materials,Paper & Plastic Packaging Products & Materials,182.39,191.81,156.63,181.78,182.39,179.32,174.85,171.96,0.0,2.83,187.55,171.07
AXON,Axon Enterprise,Industrials,Aerospace & Defense,583.04,870.97,496.65,589.85,576.36,564.66,602.32,679.92,0.0,3.7,604.61,524.67
BKR,Baker Hughes,Energy,Oil & Gas Equipment & Services,45.5,50.61,34.43,45.36,45.32,47.03,47.55,42.87,-0.2,12.15,51.03,43.02
BALL,Ball Corporation,Materials,"Metal, Glass & Plastic Containers",53.29,59.23,44.42,52.55,52.27,50.46,49.09,51.44,-0.1,2.1,54.41,46.52
BAC,Bank of America,Financials,Diversified Banks,55.38,56.25,33.82,55.93,55.39,54.63,53.22,47.11,0.2,2.24,56.62,52.65
BAX,Baxter International,Health Care,Health Care Equipment,19.27,36.1,17.41,19.13,19.16,18.9,19.35,25.58,-0.2,2.08,19.67,18.14
BDX,Becton Dickinson,Health Care,Health Care Equipment,195.44,243.81,162.39,196.06,196.24,194.94,189.54,187.07,0.0,3.32,201.93,187.96
BRK-B,Berkshire Hathaway,Financials,Multi-Sector Holdings,501.09,539.8,442.66,500.24,500.96,500.52,497.64,498.2,-0.3,1.78,510.01,491.03
BBY,Best Buy,Consumer Discretionary,Computer & Electronics Retail,67.65,86.45,53.98,69.58,70.75,72.04,75.81,70.37,-0.2,11.97,75.75,68.33
TECH,Bio-Techne,Health Care,Life Sciences Tools & Services,59.06,78.3,46.53,59.14,58.42,59.93,60.87,55.08,-0.2,8.65,64.17,55.7
BIIB,Biogen,Health Care,Biotechnology,177.56,182.09,113.38,176.1,174.45,176.35,166.11,140.85,-0.2,3.08,183.03,169.66
BLK,BlackRock,Financials,Asset Management & Custody Banks,1088.68,1196.76,803.7,1088.1,1078.1,1073.71,1072.81,1038.44,0.0,1.77,1107.95,1039.45
BX,Blackstone Inc.,Financials,Asset Management & Custody Banks,155.45,187.02,117.47,155.48,153.84,152.79,148.93,151.62,0.1,1.92,158.43,147.15
XYZ,"Block, Inc.",Financials,Transaction & Payment Processing Services,65.93,92.95,46.53,65.67,65.04,63.68,67.23,66.95,-0.2,2.12,67.33,60.03
BK,BNY Mellon,Financials,Asset Management & Custody Banks,117.47,118.68,72.12,117.53,116.28,115.61,111.31,97.59,0.0,1.97,119.78,111.43
BA,Boeing,Industrials,Aerospace & Defense,217.96,237.38,136.59,217.25,212.71,206.79,202.58,204.71,0.1,2.09,222.52,191.05
BKNG,Booking Holdings,Consumer Discretionary,"Hotels, Resorts & Cruise Lines",5443.12,5794.84,4141.9,5435.21,5415.08,5282.12,5105.02,5226.1,0.1,3.04,5608.59,4955.59
BSX,Boston Scientific,Health Care,Health Care Equipment,95.83,108.14,89.32,96.11,95.19,95.46,98.5,100.96,-0.2,4.81,100.44,90.47
BMY,Bristol Myers Squibb,Health Care,Pharmaceuticals,54.27,60.79,42.6,54.51,54.21,52.59,48.7,47.86,0.0,3.81,56.34,48.83
AVGO,Broadcom,Information Technology,Semiconductors,349.82,412.18,145.42,348.59,341.71,365.79,361.14,286.58,0.2,20.05,419.96,311.63
BR,Broadridge Financial Solutions,Industrials,Data Processing & Outsourced Services,227.74,264.73,214.68,227.98,227.79,227.9,226.14,236.42,-0.3,1.62,231.43,224.39
BRO,Brown & Brown,Financials,Insurance Brokers,81.11,123.81,76.42,80.61,80.82,80.08,80.98,98.88,0.0,1.85,82.61,77.56
BF-B,Brown–Forman,Consumer Staples,Distillers & Vintners,26.16,38.32,25.25,26.8,28.1,29.08,28.21,29.6,-0.1,22.59,32.07,26.09
BLDR,Builders FirstSource,Industrials,Building Products,103.38,173.51,94.85,103.55,103.85,106.98,109.42,120.83,0.0,10.61,114.35,99.62
BG,Bunge Global,Consumer Staples,Agricultural Products & Services,89.35,97.09,66.74,89.09,90.64,92.16,93.87,82.12,-0.2,8.2,96.68,87.63
BXP,"BXP, Inc.",Real Estate,Office REITs,69.24,78.2,55.53,69.21,69.58,70.07,70.81,68.56,0.0,4.49,72.35,67.79
CHRW,C.H. Robinson,Industrials,Air Freight & Logistics,163.85,166.46,85.64,164.6,163.13,160.23,150.93,117.38,0.0,2.57,168.06,152.4
CDNS,Cadence Design Systems,Information Technology,Application Software,318.03,373.37,231.64,317.84,317.02,323.89,323.57,317.05,0.2,7.98,343.41,304.38
CPT,Camden Property Trust,Real Estate,Multi-Family Residential REITs,110.15,120.87,96.61,108.86,107.55,105.35,103.15,108.1,-0.1,0.65,110.87,99.83
CPB,Campbell's Company (The),Consumer Staples,Packaged Foods & Meats,28.17,40.61,27.68,28.11,28.35,28.83,29.98,32.44,0.0,7.77,30.36,27.3
COF,Capital One,Financials,Consumer Finance,246.5,249.32,149.12,247.69,244.59,237.71,224.2,206.14,0.0,3.23,254.46,220.97
CAH,Cardinal Health,Health Care,Health Care Distributors,207.57,213.73,116.25,207.19,203.43,201.84,195.19,161.05,0.2,1.09,209.83,193.84
CCL,Carnival,Consumer Discretionary,"Hotels, Resorts & Cruise Lines",30.55,32.49,16.43,31.27,30.06,28.17,27.61,26.15,0.2,6.87,32.65,23.69
CARR,Carrier Global,Industrials,Building Products,53.76,80.42,50.36,53.48,53.28,53.53,55.01,63.7,0.0,1.82,54.74,52.32
CAT,Caterpillar Inc.,Industrials,Construction Machinery & Heavy Transportation Equipment,578.93,625.61,270.85,582.1,579.32,588.36,567.34,430.74,0.0,6.91,618.93,557.8
CBOE,Cboe Global Markets,Financials,Financial Exchanges & Data,256.93,260.88,189.73,255.13,251.96,252.51,250.56,235.89,0.0,0.56,258.37,246.65
CBRE,CBRE Group,Real Estate,Real Estate Services,164.46,165.9,113.94,164.4,162.38,160.76,157.81,145.21,0.0,1.06,166.2,155.31
CDW,CDW Corporation,Information Technology,Technology Distributors,138.8,203.07,136.03,138.97,141.22,143.56,146.04,161.74,-0.2,8.26,150.26,136.87
COR,Cencora,Health Care,Health Care Distributors,339.6,374.75,222.96,340.25,341.78,342.38,347.47,304.44,0.0,4.1,353.52,331.21
CNC,Centene Corporation,Health Care,Managed Health Care,40.79,65.89,25.21,40.15,39.73,39.3,37.39,42.99,-0.1,0.93,41.17,37.43
CNP,CenterPoint Energy,Utilities,Multi-Utilities,38.51,40.0,30.14,38.15,38.12,38.13,38.85,37.47,-0.2,1.09,38.93,37.33
CF,CF Industries,Materials,Fertilizers & Agricultural Chemicals,77.8,101.28,67.27,77.68,78.07,78.24,80.7,84.29,0.2,3.17,80.27,76.2
CRL,Charles River Laboratories,Health Care,Life Sciences Tools & Services,203.32,203.66,99.75,203.21,199.63,192.78,182.81,158.1,0.0,3.36,210.15,175.4
SCHW,Charles Schwab Corporation,Financials,Investment Banking & Brokerage,101.44,101.89,68.45,101.56,99.17,96.86,94.89,90.03,0.0,1.63,103.09,90.63
CHTR,Charter Communications,Communication Services,Cable & Satellite,208.68,427.25,194.22,207.12,207.76,205.95,215.01,307.19,0.0,2.91,214.75,197.15
CVX,Chevron Corporation,Energy,Integrated Oil & Gas,151.32,162.83,129.22,150.43,149.37,149.98,151.45,147.64,0.0,1.08,152.95,147.01
CMG,Chipotle Mexican Grill,Consumer Discretionary,Restaurants,37.13,61.47,29.81,37.71,37.24,35.76,34.98,44.36,0.1,5.25,39.08,32.43
CB,Chubb Limited,Financials,Property & Casualty Insurance,314.98,314.98,256.04,313.2,312.42,305.34,293.95,285.13,0.0,1.99,321.25,289.42
CHD,Church & Dwight,Consumer Staples,Household Products,85.53,112.09,81.52,85.17,85.21,84.42,84.77,93.02,-0.2,1.26,86.61,82.22
CI,Cigna,Health Care,Health Care Services,275.95,334.83,243.04,275.33,274.97,271.64,274.65,297.91,-0.2,1.79,280.89,262.38
CINF,Cincinnati Financial,Financials,Property & Casualty Insurance,165.48,167.6,124.49,165.78,165.93,164.25,161.5,150.32,-0.2,1.8,168.46,160.05
CTAS,Cintas,Industrials,Diversified Support Services,190.91,226.65,180.61,191.18,189.68,187.5,186.67,204.57,0.1,1.14,193.09,181.91
CSCO,Cisco,Information Technology,Communications Equipment,77.67,80.25,52.55,78.0,77.72,77.96,75.37,67.05,0.2,2.99,79.99,75.93
C,Citigroup,Financials,Diversified Banks,118.27,121.56,56.95,119.55,116.1,112.16,104.76,88.39,0.0,3.62,122.55,101.77
CFG,Citizens Financial Group,Financials,Regional Banks,59.26,59.88,33.29,59.67,59.11,57.71,53.91,46.65,0.0,3.41,61.28,54.15
CLX,Clorox,Consumer Staples,Household Products,98.53,158.04,97.43,98.11,99.7,102.01,106.34,121.87,-0.2,9.82,108.21,95.8
CME,CME Group,Financials,Financial Exchanges & Data,278.46,286.69,221.6,276.06,273.43,272.54,271.95,269.06,0.0,0.49,279.82,265.26
CMS,CMS Energy,Utilities,Multi-Utilities,70.35,75.44,63.06,70.04,70.09,70.61,72.48,71.24,-0.2,3.27,72.65,68.57
KO,Coca-Cola Company (The),Consumer Staples,Soft Drinks & Non-alcoholic Beverages,70.14,72.61,59.07,70.04,70.26,70.33,70.12,68.97,0.2,1.81,71.41,69.26
CTSH,Cognizant,Information Technology,IT Consulting & Other Services,85.27,89.26,65.18,85.33,84.71,82.75,76.18,74.17,-0.2,3.07,87.89,77.62
COIN,Coinbase,Financials,Financial Exchanges & Data,234.35,419.78,151.47,240.24,243.27,256.98,285.14,285.34,-0.2,22.3,286.61,227.36
CL,Colgate-Palmolive,Consumer Staples,Household Products,79.73,95.74,74.98,79.46,79.15,78.63,78.41,84.68,-0.1,1.52,80.94,76.32
CMCSA,Comcast,Communication Services,Cable & Satellite,29.66,37.15,26.46,29.53,29.34,28.21,28.06,32.1,0.1,4.01,30.85,25.57
CAG,Conagra Brands,Consumer Staples,Packaged Foods & Meats,17.52,26.19,16.7,17.22,17.48,17.4,17.48,19.88,-0.2,2.91,18.03,16.76
COP,ConocoPhillips,Energy,Oil & Gas Exploration & Production,92.64,103.38,80.54,92.4,92.63,92.99,89.71,90.96,0.1,4.53,96.84,89.14
ED,Consolidated Edison,Utilities,Multi-Utilities,99.63,110.5,85.06,99.2,99.25,97.82,98.59,100.78,-0.2,1.41,101.03,94.61
STZ,Constellation Brands,Consumer Staples,Distillers & Vintners,138.7,218.72,127.65,139.91,139.72,141.11,136.1,158.23,0.1,7.25,148.76,133.48
CEG,Constellation Energy,Utilities,Electric Utilities,360.08,403.49,170.33,360.72,358.38,360.29,361.14,310.49,-0.2,3.9,374.12,346.46
COO,Cooper Companies (The),Health Care,Health Care Supplies,82.27,99.45,64.32,82.84,82.44,80.68,75.81,74.47,0.0,4.07,85.62,75.74
CPRT,Copart,Industrials,Diversified Support Services,39.54,63.84,38.41,39.29,39.17,38.98,40.83,48.57,0.2,0.1,39.58,38.38
GLW,Corning Inc.,Information Technology,Electronic Components,89.57,95.97,38.56,88.97,87.98,87.76,86.14,64.38,0.2,5.35,94.36,81.16
CPAY,Corpay,Financials,Transaction & Payment Processing Services,309.98,389.55,255.0,311.09,310.47,307.59,290.7,314.03,0.1,3.36,320.4,294.79
CTVA,Corteva,Materials,Fertilizers & Agricultural Chemicals,67.58,76.73,55.1,67.32,66.77,66.28,64.88,67.27,-0.1,0.31,67.79,64.76
CSGP,CoStar Group,Real Estate,Real Estate Services,67.49,96.83,63.62,66.93,65.69,66.81,69.04,79.19,-0.2,3.53,69.87,63.75
COST,Costco,Consumer Staples,Consumer Staples Merchandise Retail,867.7,1072.45,850.0,863.54,861.45,879.03,902.58,949.37,-0.2,6.24,921.84,836.19
CTRA,Coterra,Energy,Oil & Gas Exploration & Production,26.16,28.82,22.01,25.83,25.74,26.29,25.49,24.76,0.0,5.5,27.6,24.99
CRWD,CrowdStrike,Information Technology,Systems Software,476.71,557.53,308.86,479.4,480.15,497.33,513.96,460.13,-0.2,11.91,533.49,461.2
CCI,Crown Castle,Real Estate,Telecom Tower REITs,88.78,111.32,80.2,87.75,87.74,88.22,90.19,96.37,-0.2,2.1,90.64,85.79
CSX,CSX Corporation,Industrials,Rail Transportation,36.75,37.39,26.38,36.66,36.69,36.47,35.67,32.92,0.2,2.64,37.72,35.22
CMI,Cummins,Industrials,Construction Machinery & Heavy Transportation Equipment,515.98,524.53,263.13,517.82,512.56,510.92,474.66,379.82,0.0,2.25,527.59,494.25
CVS,CVS Health,Health Care,Health Care Services,79.96,82.45,42.14,79.02,78.65,78.23,78.92,69.9,-0.2,1.4,81.08,75.38
DHR,Danaher Corporation,Health Care,Life Sciences Tools & Services,231.05,249.03,173.81,230.15,227.42,227.02,221.92,203.82,0.2,0.83,232.97,221.09
DRI,Darden Restaurants,Consumer Discretionary,Restaurants,187.42,222.41,169.21,188.39,188.62,183.39,180.57,196.67,0.3,4.03,194.97,171.81
DDOG,Datadog,Information Technology,Application Software,138.2,199.72,87.0,139.52,139.51,146.18,158.98,133.86,-0.2,16.17,160.55,131.82
DVA,DaVita,Health Care,Health Care Services,113.74,177.35,113.74,114.67,116.11,117.33,120.4,134.62,0.0,6.89,121.58,113.07
DAY,Dayforce,Industrials,Human Resource & Employment Services,69.2,74.15,49.33,69.16,69.21,69.16,68.87,62.46,0.0,0.17,69.32,68.99
DECK,Deckers Brands,Consumer Discretionary,Footwear,103.62,223.11,79.54,102.05,102.08,100.04,91.87,105.23,-0.1,3.29,107.03,93.05
DE,Deere & Company,Industrials,Agricultural & Farm Machinery,470.27,527.96,404.45,468.32,474.17,473.89,472.95,481.84,0.1,3.91,488.66,459.12
DELL,Dell Technologies,Information Technology,"Technology Hardware, Storage & Peripherals",127.68,164.88,70.63,127.91,128.1,132.42,138.96,122.24,0.0,12.05,143.07,121.79
DAL,Delta Air Lines,Industrials,Passenger Airlines,69.33,72.06,35.54,70.74,70.7,69.15,63.16,54.37,0.2,5.91,73.43,64.88
DVN,Devon Energy,Energy,Oil & Gas Exploration & Production,36.28,38.16,26.26,36.18,36.07,36.74,34.91,33.33,0.2,5.54,38.29,35.18
DXCM,Dexcom,Health Care,Health Care Equipment,67.67,90.75,54.84,67.39,66.68,66.29,64.17,73.95,0.1,1.67,68.8,63.77
FANG,Diamondback Energy,Energy,Oil & Gas Exploration & Production,149.04,175.21,116.78,147.78,149.12,153.48,147.83,142.12,0.4,9.45,163.12,143.82
DLR,Digital Realty,Real Estate,Data Center REITs,155.81,178.07,133.15,154.68,152.29,155.35,161.24,163.02,-0.2,5.26,164.01,146.7
DG,Dollar General,Consumer Staples,Consumer Staples Merchandise Retail,137.53,137.84,67.25,136.52,136.1,129.47,113.26,104.53,-0.2,7.69,148.11,110.83
DLTR,Dollar Tree,Consumer Staples,Consumer Staples Merchandise Retail,123.96,131.17,61.92,122.39,125.73,122.58,110.49,98.16,0.2,9.39,135.6,109.55
D,Dominion Energy,Utilities,Multi-Utilities,59.33,62.07,47.97,58.58,59.17,59.05,59.64,56.83,0.0,2.12,60.59,57.51
DPZ,Domino's,Consumer Discretionary,Restaurants,422.19,491.7,395.61,425.45,430.0,426.33,415.19,444.08,0.1,4.18,439.84,412.82
DASH,DoorDash,Consumer Discretionary,Specialized Consumer Services,230.55,281.74,163.16,232.83,230.56,226.23,225.67,226.65,-0.1,4.11,240.03,212.44
DOV,Dover Corporation,Industrials,Industrial Machinery & Supplies & Components,199.26,204.14,149.86,199.69,198.48,195.33,185.56,177.68,0.0,2.87,204.98,185.69
DOW,Dow Inc.,Materials,Commodity Chemicals,23.33,39.0,20.27,23.2,23.17,23.4,22.91,25.51,-0.1,4.8,24.45,22.36
DHI,D. R. Horton,Consumer Discretionary,Homebuilding,145.49,183.47,114.08,145.66,149.05,152.97,150.28,142.89,0.2,12.96,164.35,141.6
DTE,DTE Energy,Utilities,Multi-Utilities,129.71,142.03,113.76,128.88,128.83,129.43,133.84,133.66,-0.2,1.55,131.72,127.15
DUK,Duke Energy,Utilities,Electric Utilities,117.58,127.92,102.17,117.07,116.82,116.79,121.09,118.82,-0.2,2.15,120.11,113.48
DD,DuPont,Materials,Specialty Chemicals,40.85,41.49,22.69,41.14,40.91,40.66,38.42,31.88,0.2,2.28,41.78,39.54
ETN,Eaton Corporation,Industrials,Electrical Components & Equipment,321.55,391.62,244.95,322.12,322.33,331.46,350.73,338.84,0.0,9.88,353.32,309.59
EBAY,eBay Inc.,Consumer Discretionary,Broadline Retail,87.38,100.1,58.89,85.05,84.05,83.65,85.41,80.62,0.0,-1.17,86.36,80.93
ECL,Ecolab,Materials,Specialty Chemicals,265.48,283.99,223.93,265.79,263.72,262.75,263.91,262.13,-0.2,2.38,271.8,253.7
EIX,Edison International,Utilities,Electric Utilities,60.25,75.58,46.84,60.11,59.78,58.62,57.92,54.52,0.0,1.73,61.29,55.95
EW,Edwards Lifesciences,Health Care,Health Care Equipment,87.0,87.0,67.07,86.58,85.69,85.08,83.62,77.78,0.0,0.52,87.45,82.71
EA,Electronic Arts,Communication Services,Interactive Home Entertainment,204.37,204.79,115.97,204.4,204.18,203.81,201.96,169.68,0.0,0.26,204.9,202.71
ELV,Elevance Health,Health Care,Managed Health Care,348.78,445.96,271.77,345.89,347.33,342.14,333.34,351.22,-0.3,4.17,363.32,320.94
EME,Emcor,Industrials,Construction & Engineering,624.85,777.0,341.52,625.11,619.49,621.16,642.67,555.23,-0.2,2.63,641.28,601.02
EMR,Emerson Electric,Industrials,Electrical Components & Equipment,135.43,148.4,92.96,135.58,134.55,135.13,132.76,126.23,-0.2,2.94,139.41,130.85
ETR,Entergy,Utilities,Electric Utilities,93.21,97.52,73.2,92.61,92.51,93.04,94.46,87.36,-0.2,1.66,94.76,91.32
EOG,EOG Resources,Energy,Oil & Gas Exploration & Production,104.7,133.44,101.78,103.9,103.65,107.0,106.91,113.1,-0.1,9.07,114.2,99.81
EPAM,EPAM Systems,Information Technology,IT Consulting & Other Services,211.97,267.63,142.2,210.41,209.06,206.16,184.29,169.99,0.0,2.91,218.14,194.19
EQT,EQT Corporation,Energy,Oil & Gas Exploration & Production,54.54,61.17,43.66,54.08,54.09,56.4,56.47,54.01,-0.2,13.24,61.76,51.04
EFX,Equifax,Industrials,Research & Consulting Services,222.44,278.79,203.71,221.1,219.78,216.19,215.03,240.74,0.1,1.59,225.98,206.4
EQIX,Equinix,Real Estate,Data Center REITs,765.02,938.45,726.09,761.02,757.51,747.78,778.89,798.47,0.0,0.97,772.44,723.14
EQR,Equity Residential,Real Estate,Multi-Family Residential REITs,63.26,72.76,58.7,62.74,62.1,61.6,61.0,64.7,-0.1,0.11,63.33,59.87
ERIE,Erie Indemnity,Financials,Insurance Brokers,287.92,445.35,275.0,284.85,286.05,287.11,294.08,341.32,0.0,4.28,300.24,273.97
ESS,Essex Property Trust,Real Estate,Multi-Family Residential REITs,263.15,305.43,247.18,261.39,260.26,258.58,258.23,269.0,-0.1,0.63,264.81,252.37
EL,Estée Lauder Companies (The),Consumer Staples,Personal Care Products,106.79,108.65,49.43,107.64,106.49,104.63,97.77,81.94,0.0,4.32,111.4,97.85
EG,Everest Group,Financials,Reinsurance,340.64,368.76,304.91,337.42,333.55,324.17,324.24,338.37,0.0,1.44,345.55,302.8
EVRG,Evergy,Utilities,Electric Utilities,73.01,78.01,57.62,72.76,73.05,73.47,75.28,70.16,-0.2,2.63,74.93,72.02
ES,Eversource Energy,Utilities,Electric Utilities,67.39,74.05,52.39,66.84,67.14,66.72,69.23,64.23,-0.2,1.17,68.18,65.25
EXC,Exelon,Utilities,Electric Utilities,43.69,47.82,35.99,43.56,43.76,43.88,45.38,44.08,0.0,3.18,45.08,42.67
EXE,Expand Energy,Energy,Oil & Gas Exploration & Production,111.96,122.89,92.58,109.93,109.28,114.01,112.03,106.17,0.0,11.52,124.86,103.17
EXPE,Expedia Group,Consumer Discretionary,"Hotels, Resorts & Cruise Lines",286.92,289.29,135.82,287.71,286.47,276.33,252.63,200.45,0.0,4.29,299.23,253.45
EXPD,Expeditors International,Industrials,Air Freight & Logistics,151.27,153.02,101.6,151.95,151.46,150.48,139.16,121.11,0.2,2.15,154.52,146.43
EXR,Extra Space Storage,Real Estate,Self-Storage REITs,130.7,154.13,122.37,130.38,130.87,130.14,133.36,139.03,-0.2,2.41,133.85,126.43
XOM,ExxonMobil,Energy,Integrated Oil & Gas,120.78,120.78,97.25,119.34,117.98,117.77,116.25,110.02,0.0,0.07,120.86,114.67
FFIV,"F5, Inc.",Information Technology,Communications Equipment,259.69,343.17,223.99,261.2,259.94,255.0,254.75,285.45,0.3,4.73,271.97,238.02
FDS,FactSet,Financials,Financial Exchanges & Data,293.87,485.96,252.61,291.58,290.1,287.59,279.4,369.04,-0.1,2.18,300.28,274.9
FICO,Fair Isaac,Information Technology,Application Software,1771.67,2206.01,1311.26,1744.86,1758.9,1770.22,1724.58,1708.46,0.0,3.27,1829.6,1710.85
FAST,Fastenal,Industrials,Trading Companies & Distributors,41.41,50.13,34.82,41.65,41.97,41.53,41.27,42.76,0.1,3.57,42.89,40.18
FRT,Federal Realty Investment Trust,Real Estate,Retail REITs,102.13,108.06,81.67,101.92,101.54,99.59,98.49,95.35,0.2,1.69,103.86,95.32
FDX,FedEx,Industrials,Air Freight & Logistics,292.42,296.33,194.55,294.53,289.44,282.4,266.39,234.88,0.0,2.68,300.26,264.55
FIS,Fidelity National Information Services,Financials,Transaction & Payment Processing Services,67.76,81.57,61.13,67.16,66.73,66.39,65.32,71.52,0.1,0.15,67.86,64.92
FITB,Fifth Third Bancorp,Financials,Regional Banks,47.94,48.41,32.73,48.18,47.96,46.87,44.09,41.24,0.0,4.34,50.02,43.71
FSLR,First Solar,Information Technology,Semiconductors,269.65,284.59,120.38,273.11,266.27,262.95,256.96,193.02,0.2,3.42,278.87,247.03
FE,FirstEnergy,Utilities,Electric Utilities,44.95,47.72,36.81,44.74,44.57,44.77,45.66,42.44,-0.2,2.02,45.86,43.68
FISV,Fiserv,Financials,Transaction & Payment Processing Services,67.37,237.79,59.77,67.83,68.01,67.04,75.69,142.08,0.0,4.35,70.3,63.77
F,Ford Motor Company,Consumer Discretionary,Automobile Manufacturers,13.27,13.76,8.35,13.34,13.41,13.33,13.07,11.24,0.0,3.77,13.77,12.88
FTNT,Fortinet,Information Technology,Systems Software,80.71,114.57,74.39,81.17,80.92,82.11,82.6,91.47,-0.2,6.05,85.59,78.63
FTV,Fortive,Industrials,Industrial Machinery & Supplies & Components,56.17,62.25,46.44,55.73,55.35,54.65,52.34,51.32,0.0,0.73,56.58,52.72
FOXA,Fox Corporation (Class A),Communication Services,Broadcasting,73.95,74.3,46.99,73.9,72.53,70.74,66.38,58.12,0.0,2.52,75.81,65.67
FOX,Fox Corporation (Class B),Communication Services,Broadcasting,65.29,65.42,43.59,64.94,64.06,62.65,59.27,52.86,0.0,1.9,66.53,58.77
BEN,Franklin Resources,Financials,Asset Management & Custody Banks,24.36,25.67,16.21,24.3,24.02,23.58,22.91,22.27,0.2,1.4,24.7,22.45
FCX,Freeport-McMoRan,Materials,Copper,51.72,53.04,28.82,51.84,49.92,47.56,43.56,41.24,0.0,3.5,53.53,41.6
GRMN,Garmin,Consumer Discretionary,Consumer Electronics,205.85,258.66,171.47,205.08,204.49,203.46,208.57,214.03,0.0,2.62,211.24,195.68
IT,Gartner,Information Technology,IT Consulting & Other Services,253.87,548.38,224.13,251.7,250.38,240.55,238.74,323.57,0.1,2.66,260.62,220.49
GE,GE Aerospace,Industrials,Aerospace & Defense,312.11,316.75,166.03,314.85,307.5,298.07,301.29,260.68,0.0,2.87,321.07,275.07
GEHC,GE HealthCare,Health Care,Health Care Equipment,83.37,93.35,58.67,83.53,83.21,83.19,78.61,74.41,0.2,3.38,86.19,80.18
GEV,GE Vernova,Industrials,Heavy Electrical Equipment,663.28,723.0,269.69,663.46,659.68,649.19,605.53,530.41,0.0,8.66,720.72,577.65
GEN,Gen Digital,Information Technology,Systems Software,27.68,31.88,23.2,27.65,27.63,27.36,26.77,27.83,0.1,2.13,28.27,26.44
GNRC,Generac,Industrials,Electrical Components & Equipment,138.61,202.85,101.92,139.98,143.44,152.14,159.25,152.08,-0.2,25.14,173.46,130.82
GD,General Dynamics,Industrials,Aerospace & Defense,340.89,353.77,238.33,343.5,340.88,339.28,341.6,306.35,-0.2,1.58,346.28,332.28
GIS,General Mills,Consumer Staples,Packaged Foods & Meats,46.97,63.06,45.64,47.01,47.43,46.78,47.11,50.65,0.0,3.28,48.51,45.06
GM,General Motors,Consumer Discretionary,Automobile Manufacturers,82.97,83.06,42.15,82.94,82.25,79.5,73.03,57.01,-0.2,4.23,86.48,72.51
GPC,Genuine Parts Company,Consumer Discretionary,Distributors,124.4,141.64,103.09,124.97,126.57,128.11,127.61,125.9,0.2,7.32,133.51,122.72
GILD,Gilead Sciences,Health Care,Biotechnology,124.6,127.23,86.72,124.86,123.0,122.23,122.19,112.18,0.0,1.61,126.61,117.86
GPN,Global Payments,Financials,Transaction & Payment Processing Services,80.25,112.42,66.86,80.65,81.15,80.13,79.03,81.84,0.1,4.1,83.54,76.71
GL,Globe Life,Financials,Life & Health Insurance,141.89,146.27,108.59,142.5,141.08,137.35,134.88,130.37,0.2,3.09,146.27,128.43
GDDY,GoDaddy,Information Technology,Internet Services & Infrastructure,126.74,214.35,123.81,126.76,126.18,126.97,128.71,155.89,0.0,2.72,130.19,123.75
GS,Goldman Sachs,Financials,Investment Banking & Brokerage,895.02,911.03,455.22,902.71,892.44,875.35,819.89,696.94,0.0,4.47,935.03,815.66
HAL,Halliburton,Energy,Oil & Gas Equipment & Services,28.15,29.12,18.84,28.1,27.9,27.97,26.94,22.98,-0.2,4.09,29.3,26.63
HIG,Hartford (The),Financials,Property & Casualty Insurance,139.05,139.72,104.54,139.21,138.88,135.72,131.62,126.75,0.2,2.82,142.97,128.46
HAS,Hasbro,Consumer Discretionary,Leisure Products,82.74,83.96,49.29,81.98,81.68,81.76,78.92,71.26,-0.2,0.92,83.5,80.02
HCA,HCA Healthcare,Health Care,Health Care Facilities,473.18,515.08,294.49,474.09,472.86,479.77,473.25,398.46,-0.2,5.44,498.92,460.59
DOC,Healthpeak Properties,Real Estate,Health Care REITs,16.06,19.82,15.78,16.0,16.14,16.56,17.29,17.44,-0.2,10.59,17.76,15.37
HSIC,Henry Schein,Health Care,Health Care Distributors,76.52,81.91,62.03,76.58,76.83,75.45,71.55,69.45,0.0,3.32,79.06,71.83
HSY,Hershey Company (The),Consumer Staples,Packaged Foods & Meats,180.95,194.06,140.14,183.79,186.16,183.89,180.16,173.92,0.0,5.16,190.29,177.51
HPE,Hewlett Packard Enterprise,Information Technology,"Technology Hardware, Storage & Peripherals",24.28,26.09,12.28,24.5,24.26,23.79,23.12,20.31,0.0,5.85,25.7,21.89
HLT,Hilton Worldwide,Consumer Discretionary,"Hotels, Resorts & Cruise Lines",291.86,293.48,200.93,292.51,290.72,283.3,274.35,258.17,0.2,2.86,300.21,266.41
HOLX,Hologic,Health Care,Health Care Equipment,74.51,75.19,52.73,74.66,74.83,74.86,74.35,66.15,-0.4,0.94,75.21,74.52
HD,Home Depot (The),Consumer Discretionary,Home Improvement Retail,347.05,420.7,329.16,347.11,350.19,351.68,360.59,369.14,0.2,3.92,360.65,342.68
HON,Honeywell,Industrials,Industrial Conglomerates,197.4,224.06,169.57,196.63,197.59,194.9,195.33,200.37,-0.2,1.75,200.85,188.96
HRL,Hormel Foods,Consumer Staples,Packaged Foods & Meats,24.18,30.86,21.29,24.2,24.03,23.87,23.15,26.83,0.1,1.61,24.57,23.17
HST,Host Hotels & Resorts,Real Estate,Hotel & Resort REITs,18.4,18.64,12.39,18.47,18.48,18.04,17.41,15.93,0.0,3.75,19.09,17.0
HWM,Howmet Aerospace,Industrials,Aerospace & Defense,209.64,212.17,109.08,210.15,203.59,199.2,200.72,175.39,-0.2,1.67,213.14,185.25
HPQ,HP Inc.,Information Technology,"Technology Hardware, Storage & Peripherals",22.68,33.25,21.17,23.04,23.57,24.3,25.01,25.54,-0.2,15.34,26.16,22.43
HUBB,Hubbell Incorporated,Industrials,Industrial Machinery & Supplies & Components,452.84,471.0,312.92,454.2,446.13,443.17,441.21,406.73,0.0,2.36,463.53,422.82
HUM,Humana,Health Care,Managed Health Care,258.33,309.85,218.89,257.71,259.73,256.95,258.25,256.92,0.0,5.13,271.58,242.33
HBAN,Huntington Bancshares,Financials,Regional Banks,17.61,17.92,12.15,17.75,17.67,17.33,16.25,15.85,0.0,3.75,18.27,16.38
HII,Huntington Ingalls Industries,Industrials,Aerospace & Defense,345.39,355.45,156.09,352.0,339.65,327.38,314.14,260.65,0.2,4.27,360.14,294.62
IBM,IBM,Information Technology,IT Consulting & Other Services,307.39,314.98,211.92,304.72,304.02,305.93,302.68,268.97,-0.2,1.79,312.89,298.96
IEX,IDEX Corporation,Industrials,Industrial Machinery & Supplies & Components,180.02,221.67,156.86,180.08,178.79,177.93,172.06,171.94,0.0,1.13,182.05,173.8
IDXX,Idexx Laboratories,Health Care,Health Care Equipment,685.61,766.68,361.04,689.34,693.35,703.6,693.25,578.78,0.2,6.66,731.27,675.95
ITW,Illinois Tool Works,Industrials,Industrial Machinery & Supplies & Components,252.42,269.49,215.75,252.05,252.33,251.6,248.4,249.04,-0.1,2.23,258.05,245.13
INCY,Incyte,Health Care,Biotechnology,98.87,108.26,55.17,100.21,99.43,99.04,99.2,78.61,-0.2,5.22,104.03,94.06
IR,Ingersoll Rand,Industrials,Industrial Machinery & Supplies & Components,81.0,94.14,66.7,81.28,80.39,80.29,78.7,79.98,-0.1,2.41,82.95,77.63
PODD,Insulet Corporation,Health Care,Health Care Equipment,288.04,352.82,237.06,288.51,289.49,295.91,313.5,302.78,0.0,8.67,313.01,278.8
INTC,Intel,Information Technology,Semiconductors,36.65,43.76,18.13,36.34,36.57,38.69,38.0,27.33,0.2,18.91,43.58,33.79
IBKR,Interactive Brokers,Financials,Investment Banking & Brokerage,65.46,72.99,35.93,65.87,64.49,64.79,66.24,58.09,0.0,2.93,67.38,62.19
ICE,Intercontinental Exchange,Financials,Financial Exchanges & Data,164.15,187.37,141.2,162.74,161.59,159.95,155.33,168.44,0.1,0.63,165.18,154.72
IFF,International Flavors & Fragrances,Materials,Specialty Chemicals,67.47,85.71,59.19,66.62,65.42,65.84,65.02,69.32,-0.1,2.76,69.33,62.34
IP,International Paper,Materials,Paper & Plastic Packaging Products & Materials,39.85,57.74,35.6,39.57,39.06,38.89,39.71,45.38,-0.2,0.53,40.06,37.73
INTU,Intuit,Information Technology,Application Software,673.68,805.92,541.4,674.88,669.93,663.62,660.65,680.3,-0.1,2.34,689.44,637.79
ISRG,Intuitive Surgical,Health Care,Health Care Equipment,575.61,610.45,429.59,577.55,569.31,565.62,552.91,510.15,0.2,1.89,586.49,544.77
IVZ,Invesco,Financials,Asset Management & Custody Banks,26.85,27.34,11.76,27.09,26.74,26.23,24.48,19.32,0.0,4.54,28.07,24.4
INVH,Invitation Homes,Real Estate,Single-Family Residential REITs,27.72,34.43,25.8,27.28,27.05,26.88,27.53,30.31,0.0,0.79,27.94,25.81
IQV,IQVIA,Health Care,Life Sciences Tools & Services,227.39,231.92,137.0,225.97,223.98,224.23,220.65,183.2,0.0,0.86,229.35,219.12
IRM,Iron Mountain,Real Estate,Other Specialized REITs,82.6,107.44,74.93,81.57,80.96,82.33,90.65,92.78,-0.2,4.25,86.11,78.54
JBHT,J.B. Hunt,Industrials,Cargo Ground Transportation,198.16,199.58,123.62,198.27,197.39,193.96,177.85,150.2,0.0,3.51,205.12,182.82
JBL,Jabil,Information Technology,Electronic Manufacturing Services,234.45,236.11,116.73,233.98,226.36,223.93,214.63,194.24,0.2,2.7,240.78,207.09
JKHY,Jack Henry & Associates,Financials,Transaction & Payment Processing Services,186.5,189.35,145.77,185.69,186.0,183.26,169.56,169.23,-0.2,3.1,192.28,174.24
J,Jacobs Solutions,Industrials,Construction & Engineering,135.46,164.04,108.92,135.68,134.7,135.96,144.89,136.56,-0.2,3.88,140.72,131.21
JNJ,Johnson & Johnson,Health Care,Pharmaceuticals,208.13,214.17,137.84,207.33,208.51,206.77,198.71,171.56,0.0,2.64,213.62,199.9
JCI,Johnson Controls,Industrials,Building Products,121.76,122.66,70.88,121.26,119.57,117.4,116.13,103.07,0.2,0.83,122.77,112.02
JPM,JPMorgan Chase,Financials,Diversified Banks,324.55,329.17,208.26,326.13,321.14,316.66,310.0,283.16,0.0,1.86,330.59,302.72
KVUE,Kenvue,Consumer Staples,Personal Care Products,17.25,23.7,13.93,17.14,17.15,17.11,16.33,19.68,-0.1,1.1,17.44,16.79
KDP,Keurig Dr Pepper,Consumer Staples,Soft Drinks & Non-alcoholic Beverages,28.2,35.14,25.3,28.09,28.23,28.54,27.77,30.75,0.1,5.11,29.64,27.44
KEY,KeyCorp,Financials,Regional Banks,20.99,21.21,12.78,21.11,20.93,20.22,18.56,17.13,0.0,5.43,22.13,18.31
KEYS,Keysight Technologies,Information Technology,Electronic Equipment & Instruments,207.03,214.14,127.02,205.47,204.02,206.06,188.87,167.18,0.0,3.83,214.96,197.15
KMB,Kimberly-Clark,Consumer Staples,Household Products,101.0,142.87,98.85,100.52,101.56,102.95,106.42,123.38,0.0,6.09,107.15,98.76
KIM,Kimco Realty,Real Estate,Retail REITs,20.39,22.51,18.04,20.26,20.26,20.16,20.46,20.63,0.0,0.69,20.53,19.8
KMI,Kinder Morgan,Energy,Oil & Gas Storage & Transportation,27.4,29.9,24.4,27.19,26.85,27.01,26.75,26.89,-0.1,1.64,27.85,26.16
KKR,KKR & Co.,Financials,Asset Management & Custody Banks,129.49,166.13,92.38,130.62,131.6,131.61,124.28,126.97,-0.1,9.35,141.6,121.62
KLAC,KLA Corporation,Information Technology,Semiconductor Materials & Equipment,1262.0,1279.6,572.94,1270.6,1244.16,1227.61,1192.75,934.69,0.0,2.5,1293.55,1161.66
KHC,Kraft Heinz,Consumer Staples,Packaged Foods & Meats,24.32,30.79,23.35,24.06,24.35,24.49,24.54,26.09,0.0,3.7,25.22,23.75
KR,Kroger,Consumer Staples,Food Retail,62.74,73.58,57.2,62.7,62.73,63.34,64.89,67.37,-0.2,6.1,66.57,60.12
LHX,L3Harris,Industrials,Aerospace & Defense,296.07,305.49,190.99,296.78,290.42,285.45,286.45,259.07,-0.2,1.77,301.31,269.58
LH,Labcorp,Health Care,Health Care Services,252.76,290.15,210.49,253.86,255.06,258.94,262.55,256.67,0.0,6.44,269.04,248.85
LRCX,Lam Research,Information Technology,Semiconductor Materials & Equipment,175.74,178.07,58.73,176.31,170.11,165.76,157.95,110.76,0.0,2.88,180.8,150.71
LW,Lamb Weston,Consumer Staples,Packaged Foods & Meats,41.82,66.17,41.8,42.21,49.3,54.37,58.32,55.2,0.0,67.29,69.96,38.78
LVS,Las Vegas Sands,Consumer Discretionary,Casinos & Gaming,65.57,69.49,30.23,66.24,66.59,66.74,63.53,50.04,0.0,4.58,68.57,64.92
LDOS,Leidos,Industrials,Diversified Support Services,185.89,199.1,125.54,186.15,184.61,186.21,188.9,167.79,0.0,3.01,191.49,180.93
LEN,Lennar,Consumer Discretionary,Homebuilding,103.87,141.8,101.41,105.12,109.14,116.58,120.89,117.36,0.0,29.83,134.85,98.32
LII,Lennox International,Industrials,Building Products,497.02,662.88,444.26,496.49,494.94,498.64,492.59,548.65,-0.1,3.23,513.07,484.24
LLY,Lilly (Eli),Health Care,Pharmaceuticals,1083.59,1109.94,623.36,1077.29,1067.3,1042.29,980.68,821.98,0.2,1.91,1104.29,980.31
LIN,Linde plc,Materials,Industrial Gases,426.91,481.82,389.38,425.04,422.84,412.29,419.57,450.6,0.0,2.31,436.77,387.81
LYV,Live Nation Entertainment,Communication Services,Movies & Entertainment,144.91,174.06,115.79,144.38,141.8,139.68,141.19,145.27,0.0,2.35,148.32,131.06
LKQ,LKQ Corporation,Consumer Discretionary,Distributors,30.65,42.58,28.17,30.35,30.18,29.87,30.02,34.15,-0.2,2.22,31.33,28.4
LMT,Lockheed Martin,Industrials,Aerospace & Defense,489.08,510.37,404.69,484.8,480.45,469.41,469.86,459.82,-0.2,2.21,499.89,438.93
L,Loews Corporation,Financials,Multi-line Insurance,106.28,108.26,80.73,107.12,106.35,105.24,103.56,94.67,0.0,2.38,108.81,101.67
LOW,Lowe's,Consumer Discretionary,Home Improvement Retail,244.49,271.68,208.44,242.43,245.04,245.29,239.79,234.24,0.0,2.36,250.26,240.33
LULU,Lululemon Athletica,Consumer Discretionary,"Apparel, Accessories & Luxury Goods",212.24,421.16,159.87,211.33,210.21,198.39,182.2,224.72,0.1,5.6,224.13,172.64
LYB,LyondellBasell,Materials,Specialty Chemicals,43.49,71.62,41.19,43.17,43.21,44.01,44.03,51.96,0.0,8.42,47.15,40.86
MTB,M&T Bank,Financials,Regional Banks,204.92,207.28,153.05,206.54,205.71,201.62,190.47,184.85,0.0,3.82,212.75,190.49
MPC,Marathon Petroleum,Energy,Oil & Gas Refining & Marketing,164.1,199.13,116.64,164.94,169.79,180.07,187.27,168.4,0.0,23.72,203.02,157.13
MAR,Marriott International,Consumer Discretionary,"Hotels, Resorts & Cruise Lines",313.99,315.58,209.55,314.51,311.41,303.56,289.15,265.51,0.2,2.89,323.06,284.05
MMC,Marsh McLennan,Financials,Insurance Brokers,187.8,242.13,176.58,186.76,186.51,184.74,183.25,206.76,-0.1,0.69,189.1,180.38
MLM,Martin Marietta Materials,Materials,Construction Materials,637.83,655.98,450.65,639.45,634.1,627.06,618.28,575.03,0.0,1.46,647.14,606.95
MAS,Masco,Industrials,Building Products,64.55,80.35,57.89,64.47,64.64,64.16,64.01,65.89,-0.1,2.35,66.07,62.26
MA,Mastercard,Financials,Transaction & Payment Processing Services,578.6,598.17,477.88,577.94,572.88,560.62,556.02,559.86,0.1,2.05,590.46,530.76
MTCH,Match Group,Communication Services,Interactive Media & Services,32.36,38.56,26.72,32.66,32.63,33.21,32.81,32.55,0.2,6.67,34.52,31.89
MKC,McCormick & Company,Consumer Staples,Packaged Foods & Meats,69.07,83.15,63.3,68.94,68.71,66.7,66.28,70.49,0.1,2.97,71.12,62.27
MCD,McDonald's,Consumer Discretionary,Restaurants,308.52,319.65,273.36,311.92,314.7,311.82,306.79,303.22,0.0,4.21,321.51,302.13
MCK,McKesson Corporation,Health Care,Health Care Distributors,829.42,888.45,563.82,825.65,819.85,817.43,828.14,735.51,0.0,1.76,844.02,790.85
MDT,Medtronic,Health Care,Health Care Equipment,96.25,105.35,77.74,97.04,97.69,99.44,97.34,90.52,0.0,7.49,103.46,95.43
MRK,Merck & Co.,Health Care,Pharmaceuticals,106.92,106.92,71.42,105.98,102.94,100.97,94.43,84.05,0.0,0.45,107.4,94.54
META,Meta Platforms,Communication Services,Interactive Media & Services,659.23,788.82,483.57,663.3,659.39,656.1,655.92,671.68,0.1,2.36,674.79,637.42
MET,MetLife,Financials,Life & Health Insurance,80.01,84.55,66.92,80.72,81.43,80.06,78.44,77.73,0.2,5.22,84.19,75.93
MTD,Mettler Toledo,Health Care,Life Sciences Tools & Services,1419.14,1506.02,970.15,1416.68,1405.89,1411.03,1416.91,1252.66,0.0,2.61,1456.18,1365.83
MGM,MGM Resorts,Consumer Discretionary,Casinos & Gaming,37.11,40.37,25.79,37.28,37.09,36.6,34.08,33.97,0.0,3.07,38.25,34.94
MCHP,Microchip Technology,Information Technology,Semiconductors,64.57,74.07,34.52,65.29,65.25,64.76,60.48,60.16,0.2,11.29,71.86,57.65
MU,Micron Technology,Information Technology,Semiconductors,293.52,293.52,64.62,283.57,262.78,253.42,236.61,146.12,0.0,0.34,294.52,212.33
MSFT,Microsoft,Information Technology,Systems Software,487.71,541.06,352.67,486.68,482.33,483.94,497.7,474.73,0.0,1.43,494.68,473.19
MAA,Mid-America Apartment Communities,Real Estate,Multi-Family Residential REITs,139.12,165.69,126.28,137.46,136.08,134.45,132.57,143.61,-0.1,0.14,139.31,129.58
MRNA,Moderna,Health Care,Biotechnology,31.13,47.53,22.36,32.45,31.73,29.41,26.99,27.45,0.3,13.49,35.33,23.5
MHK,Mohawk Industries,Consumer Discretionary,Home Furnishings,109.52,139.75,97.99,109.46,109.56,110.78,112.72,114.5,0.0,5.45,115.49,106.08
MOH,Molina Healthcare,Health Care,Managed Health Care,165.99,353.24,134.51,164.4,163.81,159.44,156.29,226.14,0.1,4.62,173.66,145.23
TAP,Molson Coors Beverage Company,Consumer Staples,Brewers,46.69,61.12,42.77,46.4,47.09,46.64,45.77,49.81,-0.1,3.73,48.43,44.84
MDLZ,Mondelez International,Consumer Staples,Packaged Foods & Meats,54.99,70.19,53.79,54.54,54.4,54.69,56.67,62.58,-0.2,2.25,56.23,53.14
MPWR,Monolithic Power Systems,Information Technology,Semiconductors,933.09,1105.05,453.43,944.27,940.1,950.45,964.68,790.95,0.0,5.65,985.81,915.11
MNST,Monster Beverage,Consumer Staples,Soft Drinks & Non-alcoholic Beverages,77.91,77.91,46.16,77.59,76.42,75.18,72.25,64.51,0.2,0.72,78.47,71.9
MCO,Moody's Corporation,Financials,Financial Exchanges & Data,519.92,523.49,394.44,516.46,506.26,497.06,487.76,482.13,0.0,0.4,522.0,472.11
MS,Morgan Stanley,Financials,Investment Banking & Brokerage,180.09,181.87,97.76,180.57,178.19,176.93,168.57,142.87,0.0,2.29,184.21,169.65
MOS,Mosaic Company (The),Materials,Fertilizers & Agricultural Chemicals,24.04,37.21,22.27,24.24,24.13,24.23,25.5,30.52,0.2,5.91,25.46,22.99
MSI,Motorola Solutions,Information Technology,Communications Equipment,377.48,487.57,363.49,376.42,372.89,371.77,389.17,421.97,0.2,0.82,380.58,362.95
MSCI,MSCI Inc.,Financials,Financial Exchanges & Data,585.5,620.46,501.79,582.04,570.66,557.56,560.8,557.31,-0.2,0.88,590.65,524.46
NDAQ,"Nasdaq, Inc.",Financials,Financial Exchanges & Data,99.11,99.35,65.81,98.51,96.22,93.39,89.72,86.29,0.0,1.46,100.56,86.21
NTAP,NetApp,Information Technology,"Technology Hardware, Storage & Peripherals",109.98,125.81,75.4,110.26,111.18,113.84,113.23,105.65,0.0,9.26,120.16,107.52
NFLX,Netflix,Communication Services,Movies & Entertainment,94.22,133.91,82.84,93.81,94.06,97.1,105.59,113.4,0.0,13.84,107.26,86.94
NEM,Newmont,Materials,Gold,99.77,105.78,36.38,104.08,101.82,97.28,90.17,69.28,0.2,8.61,108.36,86.21
NWSA,News Corp (Class A),Communication Services,Publishing,26.23,31.03,23.89,26.31,26.18,26.01,26.01,27.71,-0.2,1.33,26.58,25.43
NWS,News Corp (Class B),Communication Services,Publishing,29.82,35.06,27.33,29.92,29.75,29.53,29.61,31.65,-0.2,1.21,30.18,28.89
NEE,NextEra Energy,Utilities,Multi-Utilities,80.61,86.29,62.68,80.26,80.5,81.5,82.66,73.97,-0.4,5.25,84.84,78.15
NKE,"Nike, Inc.",Consumer Discretionary,"Apparel, Accessories & Luxury Goods",61.11,79.84,52.31,59.32,62.15,63.85,64.02,66.12,-0.2,15.4,70.52,57.17
NI,NiSource,Utilities,Multi-Utilities,41.96,44.13,34.59,41.72,41.56,41.69,42.55,40.65,0.0,1.38,42.54,40.84
NDSN,Nordson Corporation,Industrials,Industrial Machinery & Supplies & Components,243.49,243.99,165.71,243.26,240.56,237.95,234.72,215.91,0.2,0.67,245.12,230.77
NSC,Norfolk Southern,Industrials,Rail Transportation,292.0,299.49,203.11,291.83,293.03,293.15,287.58,263.87,0.0,1.98,297.78,288.54
NTRS,Northern Trust,Financials,Asset Management & Custody Banks,139.85,140.7,82.84,140.23,139.46,136.72,130.9,118.22,0.2,3.05,144.12,129.33
NOC,Northrop Grumman,Industrials,Aerospace & Defense,579.18,635.37,426.05,580.72,574.03,563.87,570.41,539.98,-0.2,1.68,588.91,538.83
NCLH,Norwegian Cruise Line Holdings,Consumer Discretionary,"Hotels, Resorts & Cruise Lines",22.34,29.07,15.5,23.14,22.51,20.86,20.46,21.04,0.1,9.94,24.56,17.15
NRG,NRG Energy,Utilities,Independent Power Producers & Energy Traders,160.82,178.04,82.84,159.47,157.78,161.89,165.41,147.39,0.0,7.08,172.21,151.57
NUE,Nucor,Materials,Steel,165.31,166.57,102.37,165.02,162.71,162.45,153.02,135.03,0.0,1.56,167.89,157.01
NVDA,Nvidia,Information Technology,Semiconductors,187.89,207.03,94.29,187.99,182.0,181.85,186.18,159.45,-0.2,2.26,192.14,171.57
NVR,"NVR, Inc.",Consumer Discretionary,Homebuilding,7347.23,8543.0,6700.0,7369.96,7444.63,7479.58,7405.34,7520.71,0.1,4.48,7676.39,7282.74
NXPI,NXP Semiconductors,Information Technology,Semiconductors,220.24,241.33,151.41,224.66,225.64,224.69,211.95,209.34,0.2,8.58,239.14,210.25
ORLY,O’Reilly Automotive,Consumer Discretionary,Automotive Retail,91.61,107.82,78.66,92.02,92.38,94.8,96.75,96.26,-0.2,10.46,101.19,88.4
OXY,Occidental Petroleum,Energy,Oil & Gas Exploration & Production,40.4,51.56,35.51,40.12,39.97,40.84,41.05,42.81,-0.2,5.99,42.82,38.87
ODFL,Old Dominion,Industrials,Cargo Ground Transportation,159.96,207.79,126.04,159.35,158.28,154.96,143.61,152.15,-0.1,4.09,166.5,143.42
OMC,Omnicom Group,Communication Services,Advertising,80.73,85.14,67.93,79.81,80.16,76.88,75.22,74.24,0.2,5.41,85.1,68.66
ON,ON Semiconductor,Information Technology,Semiconductors,54.1,67.02,31.95,55.23,54.87,54.75,51.61,48.81,0.2,6.82,57.79,51.7
OKE,Oneok,Energy,Oil & Gas Storage & Transportation,73.68,104.36,64.31,73.21,72.64,73.57,70.48,76.58,-0.3,3.46,76.23,70.91
ORCL,Oracle Corporation,Information Technology,Application Software,195.2,327.76,122.35,196.88,190.84,200.2,226.08,214.3,-0.2,15.99,226.41,174.0
OTIS,Otis Worldwide,Industrials,Industrial Machinery & Supplies & Components,87.85,102.87,84.13,87.69,87.84,87.55,89.03,92.14,0.0,1.2,88.9,86.2
PCAR,Paccar,Industrials,Construction Machinery & Heavy Transportation Equipment,111.49,112.81,84.46,111.86,111.35,109.67,102.46,96.14,0.0,3.08,114.92,104.43
PKG,Packaging Corporation of America,Materials,Paper & Plastic Packaging Products & Materials,208.9,236.16,172.76,207.7,205.58,201.79,200.37,197.21,0.0,1.53,212.1,191.48
PLTR,Palantir Technologies,Information Technology,Application Software,184.5,207.18,64.98,191.1,188.29,183.96,181.24,149.7,0.2,7.64,198.6,169.31
PANW,Palo Alto Networks,Information Technology,Systems Software,187.02,221.38,152.44,188.06,186.95,190.03,200.39,192.44,0.0,5.83,197.92,182.13
PSKY,Paramount Skydance Corporation,Communication Services,Movies & Entertainment,13.51,19.65,10.01,13.59,13.48,14.02,15.07,13.78,0.0,15.32,15.58,12.47
PH,Parker Hannifin,Industrials,Industrial Machinery & Supplies & Components,892.03,899.13,513.45,888.3,880.54,877.96,833.24,720.02,0.0,1.03,901.22,854.66
PAYX,Paychex,Industrials,Human Resource & Employment Services,114.12,157.06,108.46,114.37,114.57,113.62,114.74,134.44,-0.2,2.37,116.82,110.42
PAYC,Paycom,Industrials,Human Resource & Employment Services,160.91,264.67,159.21,161.35,162.64,163.48,171.87,213.06,0.2,4.3,167.83,159.14
PYPL,PayPal,Financials,Transaction & Payment Processing Services,59.51,91.6,57.28,59.76,60.03,60.87,63.8,67.98,0.0,5.8,62.96,58.79
PNR,Pentair,Industrials,Industrial Machinery & Supplies & Components,105.76,112.34,75.59,105.51,104.79,104.85,105.97,101.23,0.0,1.13,106.96,102.75
PEP,PepsiCo,Consumer Staples,Soft Drinks & Non-alcoholic Beverages,144.24,152.22,124.61,144.5,147.17,147.19,146.43,139.44,0.2,5.5,152.17,142.2
PFE,Pfizer,Health Care,Pharmaceuticals,25.08,26.9,20.47,25.06,25.25,25.44,25.0,23.88,0.2,4.63,26.24,24.63
PCG,PG&E Corporation,Utilities,Multi-Utilities,16.0,20.3,12.98,15.89,15.73,15.46,15.93,15.66,0.0,1.19,16.19,14.72
PM,Philip Morris International,Consumer Staples,Tobacco,162.05,180.22,113.15,160.63,158.51,154.17,152.83,161.24,0.1,1.33,164.21,144.14
PSX,Phillips 66,Energy,Oil & Gas Refining & Marketing,128.62,143.81,90.32,128.58,130.62,135.49,135.12,123.34,0.0,14.26,146.96,124.02
PNW,Pinnacle West Capital,Utilities,Multi-Utilities,88.91,92.82,78.54,88.28,88.23,88.03,88.94,89.22,0.0,0.64,89.48,86.57
PNC,PNC Financial Services,Financials,Diversified Banks,212.7,213.89,145.61,212.98,211.58,206.16,192.96,183.86,0.0,3.7,220.57,191.74
POOL,Pool Corporation,Consumer Discretionary,Distributors,229.52,358.43,229.52,231.22,233.58,237.13,251.37,292.25,0.0,7.49,246.71,227.54
PPG,PPG Industries,Materials,Specialty Chemicals,104.32,121.09,89.82,103.65,103.5,102.23,99.85,105.72,0.1,1.03,105.39,99.07
PPL,PPL Corporation,Utilities,Electric Utilities,35.08,37.66,30.69,34.77,34.52,34.41,35.64,35.05,-0.2,2.57,35.98,32.83
PFG,Principal Financial Group,Financials,Life & Health Insurance,89.15,91.54,67.57,89.38,89.47,88.4,84.33,79.22,0.2,3.94,92.66,84.15
PG,Procter & Gamble,Consumer Staples,Personal Care Products,144.75,172.77,138.34,143.97,144.8,143.91,146.78,154.92,0.0,2.92,148.98,138.84
PGR,Progressive Corporation,Financials,Property & Casualty Insurance,228.54,290.89,203.7,227.72,228.32,227.73,222.5,250.4,-0.3,2.7,234.71,220.76
PLD,Prologis,Real Estate,Industrial REITs,128.27,129.65,87.44,128.3,128.17,127.98,125.68,111.22,0.0,1.31,129.95,126.01
PRU,Prudential Financial,Financials,Life & Health Insurance,113.32,117.6,91.53,114.17,115.18,113.56,107.56,103.52,0.2,5.32,119.35,107.77
PEG,Public Service Enterprise Group,Utilities,Electric Utilities,80.75,88.72,75.32,80.6,80.41,79.87,81.0,80.89,0.0,0.95,81.52,78.22
PTC,PTC Inc.,Information Technology,Application Software,175.58,216.53,136.74,176.74,176.24,176.02,182.32,182.48,0.4,2.04,179.16,172.87
PSA,Public Storage,Real Estate,Self-Storage REITs,259.4,308.4,258.1,260.6,263.05,266.13,274.32,282.49,-0.2,6.51,276.29,255.97
PHM,PulteGroup,Consumer Discretionary,Homebuilding,118.69,140.9,91.48,118.75,120.86,123.74,121.38,114.88,0.0,10.46,131.1,116.37
PWR,Quanta Services,Industrials,Construction & Engineering,432.14,466.91,236.5,433.32,430.32,444.0,442.62,376.05,0.2,9.96,475.18,412.82
QCOM,Qualcomm,Information Technology,Semiconductors,174.0,186.73,122.59,174.51,174.97,175.16,172.41,157.47,0.0,4.48,181.8,168.52
DGX,Quest Diagnostics,Health Care,Health Care Services,175.41,192.35,148.06,175.74,177.28,179.67,182.27,176.35,-0.2,6.07,186.06,173.29
Q,Qnity Electronics,Information Technology,Semiconductor Materials & Equipment,83.57,,,83.24,80.63,81.44,,,0.1,4.46,87.3,75.58
RL,Ralph Lauren Corporation,Consumer Discretionary,"Apparel, Accessories & Luxury Goods",357.31,370.76,180.73,360.84,363.89,362.13,344.26,289.42,0.0,4.36,372.89,351.38
RJF,Raymond James Financial,Financials,Investment Banking & Brokerage,164.01,175.92,122.89,165.38,163.59,162.79,160.86,155.54,0.0,2.99,168.91,156.65
RTX,RTX Corporation,Industrials,Aerospace & Defense,184.76,186.38,112.01,185.55,182.73,177.46,175.48,151.73,0.2,2.79,189.91,165.0
O,Realty Income,Real Estate,Retail REITs,56.76,60.07,49.07,56.54,56.91,57.24,57.37,56.39,0.0,3.19,58.57,55.91
REG,Regency Centers,Real Estate,Retail REITs,69.69,74.66,63.5,69.4,68.67,68.3,69.17,69.66,-0.2,1.08,70.44,66.17
REGN,Regeneron Pharmaceuticals,Health Care,Biotechnology,780.42,787.32,481.73,782.73,767.91,747.31,699.1,601.48,0.2,2.59,800.63,693.99
RF,Regions Financial Corporation,Financials,Regional Banks,27.58,27.84,17.76,27.69,27.61,27.07,25.39,23.67,0.0,3.88,28.65,25.48
RSG,Republic Services,Industrials,Environmental & Facilities Services,213.37,256.75,198.59,213.14,213.69,213.36,213.46,231.97,0.0,2.06,217.77,208.96
RMD,ResMed,Health Care,Health Care Equipment,242.87,293.03,203.19,244.67,245.72,248.43,251.32,253.22,-0.2,5.43,256.06,240.81
RVTY,Revvity,Health Care,Health Care Equipment,97.25,126.56,82.44,97.23,97.08,99.45,96.97,94.44,0.2,7.84,104.87,94.03
HOOD,Robinhood Markets,Financials,Investment Banking & Brokerage,117.11,152.46,34.17,119.66,118.73,124.49,127.76,96.32,0.0,19.0,139.36,109.62
ROK,Rockwell Automation,Industrials,Electrical Components & Equipment,397.33,413.05,216.41,398.56,397.25,399.68,381.98,329.11,0.2,3.63,411.75,387.58
ROL,"Rollins, Inc.",Industrials,Environmental & Facilities Services,60.68,61.5,45.1,60.76,60.38,60.25,58.97,56.67,-0.2,1.94,61.86,58.65
ROP,Roper Technologies,Information Technology,Electronic Equipment & Instruments,450.61,591.12,439.64,450.24,448.63,446.68,453.18,523.32,-0.2,0.57,453.18,440.18
ROST,Ross Stores,Consumer Discretionary,Apparel Retail,180.77,184.28,121.95,180.98,181.93,180.36,169.37,147.23,0.2,2.46,185.22,175.5
RCL,Royal Caribbean Group,Consumer Discretionary,"Hotels, Resorts & Cruise Lines",281.39,363.48,176.29,290.24,288.02,275.27,274.8,279.53,0.1,8.49,305.28,245.25
SPGI,S&P Global,Financials,Financial Exchanges & Data,530.23,562.06,435.88,526.49,516.19,505.82,496.31,507.55,-0.1,0.41,532.4,479.23
CRM,Salesforce,Information Technology,Application Software,266.73,357.62,225.01,265.23,261.03,256.49,249.16,256.33,0.1,3.75,276.73,236.25
SNDK,Sandisk,Information Technology,"Technology Hardware, Storage & Peripherals",244.81,,,246.18,230.6,224.16,215.94,95.45,0.2,5.72,258.81,189.51
SBAC,SBA Communications,Real Estate,Telecom Tower REITs,193.91,239.71,186.46,192.33,191.61,190.63,193.35,211.37,0.0,0.2,194.3,186.96
SLB,Schlumberger,Energy,Oil & Gas Equipment & Services,37.97,42.4,31.19,38.05,38.15,38.21,36.65,35.1,0.0,5.77,40.16,36.27
STX,Seagate Technology,Information Technology,"Technology Hardware, Storage & Peripherals",282.62,307.04,65.81,283.66,285.42,282.48,265.1,171.35,0.0,7.97,305.14,259.82
SRE,Sempra,Utilities,Multi-Utilities,88.85,94.03,62.32,88.61,88.05,88.61,90.55,80.24,-0.2,2.18,90.79,86.44
NOW,ServiceNow,Information Technology,Systems Software,154.48,234.08,144.33,154.4,154.64,161.99,169.8,181.6,-0.2,14.86,177.44,146.54
SHW,Sherwin-Williams,Materials,Specialty Chemicals,325.53,374.36,311.42,324.84,325.47,328.7,334.04,343.21,0.2,4.43,339.95,317.45
SPG,Simon Property Group,Real Estate,Retail REITs,187.46,188.29,135.26,187.54,185.86,183.26,180.39,166.72,0.2,1.05,189.43,177.09
SWKS,Skyworks Solutions,Information Technology,Semiconductors,63.99,90.17,47.71,64.49,64.9,66.63,68.62,69.13,0.0,10.25,70.55,62.71
SJM,J.M. Smucker Company (The),Consumer Staples,Packaged Foods & Meats,99.19,115.07,92.55,99.04,99.6,100.12,102.64,105.97,0.2,3.24,102.4,97.84
SW,Smurfit Westrock,Materials,Paper & Plastic Packaging Products & Materials,38.78,54.52,32.79,38.4,38.2,37.22,37.23,41.95,-0.2,2.29,39.67,34.77
SNA,Snap-on,Industrials,Industrial Machinery & Supplies & Components,351.51,354.0,286.43,352.13,349.93,347.86,341.26,325.57,0.0,1.28,356.01,339.72
SOLS,Solstice Advanced Materials,Materials,Specialty Chemicals,49.19,,,49.49,49.2,48.57,,,0.1,3.66,50.99,46.15
SOLV,Solventum,Health Care,Health Care Technology,80.25,85.77,63.01,80.44,80.69,82.22,77.5,73.62,0.0,7.55,86.31,78.13
SO,Southern Company,Utilities,Electric Utilities,87.56,98.91,78.34,86.8,86.52,86.46,89.81,90.26,0.2,1.83,89.16,83.75
LUV,Southwest Airlines,Industrials,Passenger Airlines,41.19,42.06,23.67,41.44,41.32,39.45,35.12,32.29,0.0,7.62,44.33,34.57
SWK,Stanley Black & Decker,Industrials,Industrial Machinery & Supplies & Components,75.05,86.37,53.89,75.04,73.98,73.55,69.78,68.64,0.2,2.52,76.94,70.17
SBUX,Starbucks,Consumer Discretionary,Restaurants,85.56,113.43,77.9,85.05,85.87,85.28,84.59,86.55,-0.1,3.31,88.39,82.17
STT,State Street Corporation,Financials,Asset Management & Custody Banks,131.65,132.28,74.25,131.54,129.7,126.85,120.43,106.03,0.0,2.7,135.2,118.49
STLD,Steel Dynamics,Materials,Steel,172.8,177.2,108.4,175.32,173.63,171.21,161.85,137.76,0.0,3.26,178.43,163.98
STE,Steris,Health Care,Health Care Equipment,256.53,267.99,200.94,255.63,254.28,256.52,253.75,239.55,-0.2,2.85,263.84,249.21
SYK,Stryker Corporation,Health Care,Health Care Equipment,352.77,402.61,335.89,354.61,354.1,356.9,363.85,374.05,0.2,4.58,368.93,344.87
SMCI,Supermicro,Information Technology,"Technology Hardware, Storage & Peripherals",30.17,60.71,26.85,30.64,30.65,32.36,38.49,42.44,0.0,19.72,36.12,28.59
SYF,Synchrony Financial,Financials,Consumer Finance,84.85,86.06,43.2,85.67,84.65,82.93,77.42,66.99,0.0,3.87,88.13,77.73
SNPS,Synopsys,Information Technology,Application Software,478.84,645.35,380.9,477.69,468.14,465.18,438.41,489.63,0.1,1.82,487.55,442.79
SYY,Sysco,Consumer Staples,Food Distributors,74.37,82.73,67.09,74.28,74.73,74.25,75.19,75.51,0.2,2.27,76.06,72.43
TMUS,T-Mobile US,Communication Services,Wireless Telecommunication Services,202.93,269.54,195.16,199.28,198.69,201.07,207.91,232.8,0.2,4.04,211.13,191.02
TROW,T. Rowe Price,Financials,Asset Management & Custody Banks,104.66,111.66,77.29,104.58,104.1,103.66,101.96,97.46,0.0,1.28,106.0,101.31
TTWO,Take-Two Interactive,Communication Services,Interactive Home Entertainment,255.96,262.29,178.61,252.29,248.51,247.38,247.06,235.43,0.2,-0.28,255.24,239.52
TPR,"Tapestry, Inc.",Consumer Discretionary,"Apparel, Accessories & Luxury Goods",130.74,131.3,59.9,130.13,127.03,121.67,113.37,96.02,0.0,3.27,135.02,108.31
TRGP,Targa Resources,Energy,Oil & Gas Storage & Transportation,184.11,212.51,145.33,183.64,181.68,180.85,169.92,167.83,0.0,2.06,187.9,173.8
TGT,Target Corporation,Consumer Staples,Consumer Staples Merchandise Retail,98.14,136.48,83.68,96.74,97.46,95.32,92.28,94.32,0.1,3.03,101.11,89.54
TEL,TE Connectivity,Information Technology,Electronic Manufacturing Services,231.93,249.0,121.04,232.5,229.88,232.07,233.73,191.24,0.2,4.52,242.41,221.74
TDY,Teledyne Technologies,Information Technology,Electronic Equipment & Instruments,517.88,593.62,435.54,518.53,513.08,512.38,515.38,518.32,-0.2,2.2,529.27,495.47
TER,Teradyne,Information Technology,Semiconductor Materials & Equipment,197.11,204.01,67.74,198.05,194.81,195.82,177.79,117.78,-0.2,5.44,207.83,183.81
TSLA,"Tesla, Inc.",Consumer Discretionary,Automobile Manufacturers,461.93,489.88,221.86,479.36,479.38,462.58,444.8,357.07,0.2,8.44,500.92,424.23
TXN,Texas Instruments,Information Technology,Semiconductors,175.6,217.72,142.07,177.1,176.8,178.0,169.25,179.34,-0.1,5.13,184.61,171.39
TPL,Texas Pacific Land Corporation,Energy,Oil & Gas Exploration & Production,293.66,474.47,273.56,295.47,292.32,294.23,304.14,347.97,0.0,6.46,312.63,275.84
TXT,Textron,Industrials,Aerospace & Defense,88.97,90.88,60.68,90.29,89.06,86.63,83.33,78.79,0.2,3.88,92.42,80.84
TMO,Thermo Fisher Scientific,Health Care,Life Sciences Tools & Services,584.72,604.6,389.62,580.04,573.91,574.25,572.38,483.85,0.0,0.54,587.88,560.63
TJX,TJX Companies,Consumer Discretionary,Apparel Retail,156.37,157.29,111.77,156.65,156.02,154.49,148.83,134.07,0.0,1.77,159.14,149.84
TKO,TKO Group Holdings,Communication Services,Movies & Entertainment,216.48,217.98,137.6,216.62,213.79,206.38,193.42,176.21,0.0,3.11,223.21,189.54
TTD,Trade Desk (The),Communication Services,Advertising,38.31,126.58,36.19,37.68,37.24,38.22,43.01,57.38,-0.2,6.16,40.67,35.77
TSCO,Tractor Supply,Consumer Discretionary,Other Specialty Retail,50.72,62.38,47.42,51.31,51.93,52.55,53.6,54.24,0.0,7.77,54.66,50.45
TT,Trane Technologies,Industrials,Building Products,394.08,471.46,313.81,392.69,391.16,396.94,412.56,407.59,-0.2,4.67,412.48,381.39
TDG,TransDigm Group,Industrials,Aerospace & Defense,1315.83,1516.55,1152.5,1310.99,1291.89,1312.09,1317.2,1327.24,-0.2,4.17,1370.7,1253.54
TRV,Travelers Companies (The),Financials,Property & Casualty Insurance,291.95,293.84,228.7,292.4,292.0,287.24,281.51,268.27,0.2,2.16,298.26,276.22
TRMB,Trimble Inc.,Information Technology,Electronic Equipment & Instruments,80.1,85.24,55.12,80.55,80.31,81.22,79.89,75.81,0.0,4.46,83.67,78.77
TFC,Truist Financial,Financials,Diversified Banks,50.03,50.74,33.53,50.49,50.2,49.12,46.19,42.52,0.0,3.76,51.91,46.33
TYL,Tyler Technologies,Information Technology,Application Software,461.15,646.74,447.0,462.15,457.24,458.8,471.1,537.57,0.2,1.98,470.28,447.3
TSN,Tyson Foods,Consumer Staples,Packaged Foods & Meats,58.56,62.13,50.27,58.36,58.48,57.98,54.9,55.27,-0.1,2.78,60.19,55.77
USB,U.S. Bancorp,Financials,Diversified Banks,54.52,54.99,35.62,54.76,54.28,52.95,49.53,45.42,0.0,3.37,56.36,49.53
UBER,Uber,Industrials,Passenger Ground Transportation,81.61,100.1,60.32,81.25,80.72,84.53,88.95,87.87,0.0,14.25,93.24,75.82
UDR,"UDR, Inc.",Real Estate,Multi-Family Residential REITs,36.63,44.54,33.56,36.35,36.12,35.79,35.36,38.41,-0.1,0.57,36.84,34.75
ULTA,Ulta Beauty,Consumer Discretionary,Other Specialty Retail,606.09,612.95,314.47,607.83,599.75,588.05,546.81,483.5,0.2,4.76,634.94,541.19
UNP,Union Pacific Corporation,Industrials,Rail Transportation,234.54,248.49,204.53,234.36,235.35,234.9,226.64,223.45,0.2,2.24,239.79,230.0
UAL,United Airlines Holdings,Industrials,Passenger Airlines,111.47,116.02,56.15,113.97,112.72,109.2,101.33,89.3,0.2,5.42,117.51,100.89
UPS,United Parcel Service,Industrials,Air Freight & Logistics,99.56,127.5,81.17,100.34,100.68,98.95,94.67,92.56,0.2,4.27,103.81,94.09
URI,United Rentals,Industrials,Trading Companies & Distributors,820.73,1017.86,548.35,821.6,814.26,810.38,841.38,797.57,-0.2,1.83,835.75,785.05
UNH,UnitedHealth Group,Health Care,Managed Health Care,329.29,587.56,234.7,327.73,330.12,329.81,332.7,346.51,0.0,3.7,341.47,318.15
UHS,Universal Health Services,Health Care,Health Care Facilities,225.68,243.98,154.65,226.86,225.79,227.47,225.04,192.54,-0.4,4.82,236.56,218.38
VLO,Valero Energy,Energy,Oil & Gas Refining & Marketing,165.41,184.27,102.32,164.44,164.05,169.54,170.93,145.36,-0.2,9.83,181.67,157.41
VTR,Ventas,Real Estate,Health Care REITs,79.53,81.0,55.68,79.41,79.19,79.37,76.92,68.65,0.0,2.29,81.35,77.39
VLTO,Veralto,Industrials,Environmental & Facilities Services,101.33,109.64,85.14,102.0,101.11,100.71,100.5,100.79,-0.1,2.36,103.72,97.7
VRSN,Verisign,Information Technology,Internet Services & Infrastructure,245.32,304.16,200.98,245.73,244.43,245.95,247.25,264.78,0.0,3.06,252.83,239.08
VRSK,Verisk Analytics,Industrials,Research & Consulting Services,225.27,319.65,207.57,220.67,219.5,219.5,221.07,268.24,0.0,0.09,225.47,213.52
VZ,Verizon,Communication Services,Integrated Telecommunication Services,40.47,44.3,36.0,40.23,40.38,40.56,40.35,41.63,-0.1,2.64,41.54,39.59
VRTX,Vertex Pharmaceuticals,Health Care,Biotechnology,459.26,513.76,366.54,460.93,456.84,451.24,435.37,440.27,-0.1,2.72,471.75,430.74
VTRS,Viatris,Health Care,Pharmaceuticals,12.41,12.41,7.0,12.2,11.97,11.54,10.84,9.43,0.0,1.69,12.62,10.45
VICI,Vici Properties,Real Estate,Hotel & Resort REITs,28.25,32.93,26.65,27.99,28.02,27.85,28.9,30.65,-0.2,0.85,28.49,27.2
V,Visa Inc.,Financials,Transaction & Payment Processing Services,354.85,371.92,304.76,354.09,350.21,341.13,338.57,343.76,0.1,2.3,363.01,319.26
VST,Vistra Corp.,Utilities,Electric Utilities,161.88,217.62,97.7,161.75,163.85,166.9,177.33,173.1,0.2,9.21,176.79,157.01
VMC,Vulcan Materials Company,Materials,Construction Materials,291.66,308.54,219.27,292.84,291.85,293.01,291.15,275.06,0.0,2.57,299.16,286.86
WRB,W. R. Berkley Corporation,Financials,Property & Casualty Insurance,70.78,77.23,55.22,70.49,69.81,69.1,72.14,70.48,-0.2,2.9,72.83,65.37
GWW,W. W. Grainger,Industrials,Industrial Machinery & Supplies & Components,1027.34,1122.37,913.57,1028.22,1025.74,1002.36,970.91,998.87,0.1,3.51,1063.4,941.32
WAB,Wabtec,Industrials,Construction Machinery & Heavy Transportation Equipment,217.74,221.71,159.62,219.61,216.9,214.9,207.05,197.05,0.2,2.01,222.12,207.69
WMT,Walmart,Consumer Staples,Consumer Staples Merchandise Retail,112.57,116.79,81.24,111.88,113.65,113.84,107.94,99.44,0.2,4.21,117.31,110.37
DIS,Walt Disney Company (The),Communication Services,Movies & Entertainment,114.1,123.18,80.83,113.55,112.36,109.55,109.05,109.13,0.1,1.95,116.32,102.78
WBD,Warner Bros. Discovery,Communication Services,Broadcasting,28.74,29.98,7.69,28.93,28.69,27.75,24.35,15.08,0.0,9.85,31.57,23.93
WM,Waste Management,Industrials,Environmental & Facilities Services,222.82,239.43,196.01,221.06,219.69,216.22,211.23,222.07,-0.1,0.66,224.29,208.14
WAT,Waters Corporation,Health Care,Life Sciences Tools & Services,385.86,417.28,277.72,384.82,381.95,387.85,376.88,339.32,0.0,4.25,402.26,373.45
WEC,WEC Energy Group,Utilities,Electric Utilities,105.68,116.56,89.09,105.32,105.03,105.37,109.6,107.07,-0.2,2.42,108.24,102.5
WFC,Wells Fargo,Financials,Diversified Banks,94.63,95.3,59.98,94.79,93.61,91.61,87.74,78.86,0.2,2.52,97.01,86.21
WELL,Welltower,Real Estate,Health Care REITs,189.42,208.22,121.91,187.65,188.18,192.92,190.17,164.8,-0.2,9.24,206.92,178.91
WST,West Pharmaceutical Services,Health Care,Health Care Supplies,275.76,346.74,189.89,275.82,272.77,273.17,275.04,242.22,-0.2,2.73,283.29,263.05
WDC,Western Digital,Information Technology,"Technology Hardware, Storage & Peripherals",179.91,187.2,30.42,179.2,176.5,172.92,157.58,90.17,0.0,5.32,189.48,156.36
WY,Weyerhaeuser,Real Estate,Timber REITs,23.77,30.38,21.15,23.71,23.6,22.95,22.68,24.84,0.1,3.28,24.55,21.35
WSM,"Williams-Sonoma, Inc.",Consumer Discretionary,Homefurnishing Retail,186.95,215.07,135.95,188.84,188.11,184.99,186.69,177.15,0.0,3.85,194.15,175.84
WMB,Williams Companies,Energy,Oil & Gas Storage & Transportation,59.81,63.95,52.14,59.49,59.11,60.04,59.39,58.47,0.0,4.58,62.55,57.54
WTW,Willis Towers Watson,Financials,Insurance Brokers,334.44,349.93,294.27,333.65,332.08,326.23,323.76,320.33,0.0,1.47,339.36,313.11
WDAY,"Workday, Inc.",Information Technology,Application Software,219.1,277.82,210.47,218.02,217.38,218.31,225.84,234.9,0.2,2.68,224.97,211.64
WYNN,Wynn Resorts,Consumer Discretionary,Casinos & Gaming,122.17,133.09,65.64,124.5,125.47,126.34,124.11,106.37,0.2,8.12,132.09,120.58
XEL,Xcel Energy,Utilities,Multi-Utilities,74.14,82.11,61.84,74.1,73.94,75.37,78.57,72.8,-0.2,7.0,79.33,71.41
XYL,Xylem Inc.,Industrials,Industrial Machinery & Supplies & Components,138.61,152.52,101.96,138.77,138.14,138.59,143.06,133.22,-0.2,1.67,140.92,136.25
YUM,Yum! Brands,Consumer Discretionary,Restaurants,152.32,160.2,120.91,153.94,153.61,150.08,148.04,146.45,0.2,3.95,158.34,141.82
ZBRA,Zebra Technologies,Information Technology,Electronic Equipment & Instruments,245.33,421.11,213.54,246.73,251.87,257.67,261.87,286.68,-0.2,12.2,275.26,240.08
ZBH,Zimmer Biomet,Health Care,Health Care Equipment,90.67,112.61,87.55,90.18,90.53,91.85,94.16,97.55,0.0,4.85,95.07,88.62
ZTS,Zoetis,Health Care,Pharmaceuticals,126.31,173.89,115.75,125.07,123.68,121.92,127.28,147.09,0.2,1.58,128.31,115.53
