Symbol,Company,GICS_Sector,GICS_Sub_Industry,Current_Price,52_Week_High,52_Week_Low,SMA_5,SMA_10,SMA_20,SMA_50,SMA_100,SMA_125,SMA_200
MMM,3M,Industrials,Industrial Conglomerates,161.98,174.69,120.31,160.91,161.93,165.17,165.59,159.88,158.15,152.31
AOS,A. O. Smith,Industrials,Building Products,68.02,76.52,57.94,67.92,68.06,67.7,66.78,69.16,69.2,67.58
ABT,Abbott Laboratories,Health Care,Health Care Equipment,124.66,139.33,109.37,124.81,125.67,125.07,126.25,129.09,128.96,129.34
ABBV,AbbVie,Health Care,Biotechnology,230.73,243.06,160.33,229.46,227.24,226.27,226.76,221.16,214.74,203.98
ACN,Accenture,Information Technology,IT Consulting & Other Services,271.61,394.41,229.4,270.82,271.68,269.71,255.63,251.02,256.8,274.47
ADBE,Adobe Inc.,Information Technology,Application Software,353.02,465.7,311.59,353.95,353.51,345.8,339.07,344.92,349.05,363.12
AMD,Advanced Micro Devices,Information Technology,Semiconductors,215.52,267.08,76.48,215.08,210.47,214.38,228.8,201.88,193.09,161.51
AES,AES Corporation,Utilities,Independent Power Producers & Energy Traders,14.1,15.32,9.16,13.98,13.81,13.85,13.93,13.6,13.41,12.38
AFL,Aflac,Financials,Life & Health Insurance,109.96,115.24,95.64,110.25,110.36,109.58,109.67,108.61,106.98,105.96
A,Agilent Technologies,Health Care,Life Sciences Tools & Services,137.96,160.27,96.03,138.31,138.21,141.66,145.02,135.81,132.16,124.59
APD,Air Products,Materials,Industrial Gases,247.79,334.71,229.11,246.12,244.8,246.92,251.05,265.92,270.79,271.67
ABNB,Airbnb,Consumer Discretionary,"Hotels, Resorts & Cruise Lines",136.79,163.93,99.88,136.77,135.07,129.23,124.92,124.3,126.73,126.7
AKAM,Akamai Technologies,Information Technology,Internet Services & Infrastructure,88.01,103.75,67.51,88.92,88.41,87.27,83.65,79.86,79.54,79.09
ALB,Albemarle Corporation,Materials,Specialty Chemicals,144.56,152.08,48.7,147.03,141.95,135.02,117.22,100.04,94.42,81.93
ARE,Alexandria Real Estate Equities,Real Estate,Office REITs,49.17,100.23,44.1,48.64,48.2,47.92,54.71,67.17,69.15,71.39
ALGN,Align Technology,Health Care,Health Care Supplies,158.1,237.23,122.0,158.07,159.57,158.65,145.98,140.41,149.5,159.14
ALLE,Allegion,Industrials,Building Products,161.36,180.68,116.14,160.88,160.78,161.16,164.6,168.73,166.15,154.53
LNT,Alliant Energy,Utilities,Electric Utilities,65.47,69.59,54.52,65.29,65.31,65.48,66.83,66.03,65.4,63.52
ALL,Allstate,Financials,Property & Casualty Insurance,208.81,214.88,173.06,208.7,208.39,206.86,203.33,203.96,202.07,200.6
GOOGL,Alphabet Inc. (Class A),Communication Services,Interactive Media & Services,313.37,328.62,140.14,313.02,308.62,312.36,294.12,262.04,246.91,215.57
GOOG,Alphabet Inc. (Class C),Communication Services,Interactive Media & Services,314.4,328.46,142.27,314.41,309.95,313.41,294.85,262.72,247.65,216.64
MO,Altria,Consumer Staples,Tobacco,57.67,66.3,46.73,57.69,57.72,57.59,58.22,61.16,60.47,58.7
AMZN,Amazon,Consumer Discretionary,Broadline Retail,232.29,258.6,161.38,231.55,227.82,229.03,230.76,228.25,227.56,216.51
AMCR,Amcor,Materials,Paper & Plastic Packaging Products & Materials,8.44,10.3,7.67,8.32,8.32,8.32,8.29,8.36,8.61,8.84
AEE,Ameren,Utilities,Multi-Utilities,100.28,105.97,84.34,99.75,99.18,99.21,101.74,101.11,100.32,98.5
AEP,American Electric Power,Utilities,Electric Utilities,115.68,124.8,86.88,115.29,115.16,115.96,118.3,114.61,112.98,108.92
AXP,American Express,Financials,Consumer Finance,375.97,387.49,219.32,380.63,379.41,374.7,364.73,343.92,337.1,315.17
AIG,American International Group,Financials,Multi-line Insurance,86.54,87.29,67.79,86.51,86.13,82.19,79.09,79.16,79.25,80.34
AMT,American Tower,Real Estate,Telecom Tower REITs,175.67,232.28,168.28,174.78,175.85,177.49,180.75,188.29,194.32,200.91
AWK,American Water Works,Utilities,Water Utilities,131.03,152.71,115.89,131.06,131.94,130.88,131.8,135.81,136.67,138.3
AMP,Ameriprise Financial,Financials,Asset Management & Custody Banks,498.33,574.69,392.21,499.09,493.79,485.76,470.43,483.45,491.64,491.33
AME,Ametek,Industrials,Electrical Components & Equipment,208.56,210.14,144.31,208.02,205.02,202.08,196.48,190.81,188.69,182.44
AMGN,Amgen,Health Care,Biotechnology,330.17,346.38,248.95,331.99,328.98,328.34,320.95,302.64,300.97,293.94
APH,Amphenol,Information Technology,Electronic Components,136.99,144.09,56.16,136.92,133.48,135.8,135.73,126.24,121.44,105.58
ADI,Analog Devices,Information Technology,Semiconductors,275.69,284.23,156.76,276.53,276.19,276.65,253.07,247.13,244.38,230.15
AON,Aon plc,Financials,Insurance Brokers,357.29,411.24,322.37,356.38,354.29,350.4,346.43,355.04,355.34,359.43
APA,APA Corporation,Energy,Oil & Gas Exploration & Production,24.32,27.72,13.04,24.33,24.34,25.28,24.25,23.38,22.47,20.56
APO,Apollo Global Management,Financials,Asset Management & Custody Banks,147.58,172.65,101.44,148.44,147.52,143.84,133.97,134.06,136.49,135.13
AAPL,Apple Inc.,Information Technology,"Technology Hardware, Storage & Peripherals",273.63,288.62,168.63,272.83,273.06,276.68,271.97,256.08,246.87,230.81
AMAT,Applied Materials,Information Technology,Semiconductor Materials & Equipment,261.9,276.1,122.8,259.67,257.94,261.92,242.9,213.94,208.94,189.19
APTV,Aptiv,Consumer Discretionary,Automotive Parts & Equipment,76.74,88.8,47.19,76.8,77.14,77.37,79.41,80.07,77.93,72.02
ACGL,Arch Capital Group,Financials,Property & Casualty Insurance,96.37,97.6,82.45,96.54,96.26,94.37,91.39,91.03,90.48,91.27
ADM,Archer Daniels Midland,Consumer Staples,Agricultural Products & Services,58.16,64.46,39.88,57.83,58.25,58.78,59.17,59.86,58.67,54.44
ANET,Arista Networks,Information Technology,Communications Equipment,134.43,164.94,59.43,131.82,128.92,129.01,135.35,138.73,133.52,115.73
AJG,Arthur J. Gallagher & Co.,Financials,Insurance Brokers,262.84,348.85,236.34,260.41,256.71,250.33,255.32,276.89,282.27,299.5
AIZ,Assurant,Financials,Multi-line Insurance,241.44,243.76,172.97,241.24,238.69,231.38,223.53,217.99,211.88,206.2
T,AT&T,Communication Services,Integrated Telecommunication Services,24.77,29.47,20.72,24.57,24.4,24.7,25.09,26.55,26.69,26.77
ATO,Atmos Energy,Utilities,Gas Utilities,168.85,179.62,133.16,168.14,168.48,168.78,172.22,169.38,166.26,161.03
ADSK,Autodesk,Information Technology,Application Software,301.68,329.09,232.67,299.73,297.92,300.76,300.61,304.4,303.68,295.23
ADP,Automatic Data Processing,Industrials,Human Resource & Employment Services,259.89,324.5,245.59,258.72,260.51,259.57,260.04,276.58,281.48,288.84
AZO,AutoZone,Consumer Discretionary,Automotive Retail,3410.77,4388.11,3162.0,3438.58,3431.13,3558.54,3715.02,3932.07,3904.12,3821.27
AVB,AvalonBay Communities,Real Estate,Multi-Family Residential REITs,183.64,224.32,166.73,182.82,181.04,179.62,180.09,184.84,187.18,192.7
AVY,Avery Dennison,Materials,Paper & Plastic Packaging Products & Materials,182.31,192.3,154.46,181.76,182.39,179.31,174.84,170.34,171.26,171.96
AXON,Axon Enterprise,Industrials,Aerospace & Defense,582.8,885.92,469.24,589.8,576.33,564.64,602.31,673.83,690.91,679.92
BKR,Baker Hughes,Energy,Oil & Gas Equipment & Services,45.47,51.12,33.06,45.35,45.31,47.03,47.55,46.66,45.64,42.87
BALL,Ball Corporation,Materials,"Metal, Glass & Plastic Containers",53.24,59.82,43.01,52.54,52.26,50.46,49.09,49.77,51.32,51.44
BAC,Bank of America,Financials,Diversified Banks,55.33,56.55,32.53,55.92,55.38,54.63,53.22,51.38,50.45,47.11
BAX,Baxter International,Health Care,Health Care Equipment,19.38,37.25,17.39,19.07,19.14,18.87,19.42,21.44,22.7,25.66
BDX,Becton Dickinson,Health Care,Health Care Equipment,195.41,246.65,160.6,196.05,196.24,194.94,189.54,189.33,186.77,187.07
BBY,Best Buy,Consumer Discretionary,Computer & Electronics Retail,67.72,87.0,52.85,69.59,70.76,72.04,75.81,74.36,72.85,70.37
TECH,Bio-Techne,Health Care,Life Sciences Tools & Services,59.08,78.83,45.8,59.14,58.42,59.93,60.87,57.89,57.09,55.08
BIIB,Biogen,Health Care,Biotechnology,177.44,185.17,110.04,176.07,174.44,176.34,166.11,153.65,149.0,140.84
BLK,BlackRock,Financials,Asset Management & Custody Banks,1087.67,1214.03,762.34,1087.9,1078.0,1073.66,1072.79,1102.46,1099.88,1038.43
BX,Blackstone Inc.,Financials,Asset Management & Custody Banks,155.34,188.42,113.15,155.46,153.82,152.78,148.92,159.61,160.64,151.62
XYZ,"Block, Inc.",Financials,Transaction & Payment Processing Services,65.98,94.25,44.27,65.68,65.05,63.68,67.23,71.68,72.05,66.95
BK,BNY Mellon,Financials,Asset Management & Custody Banks,117.41,119.4,69.31,117.52,116.27,115.61,111.31,108.14,105.89,97.59
BA,Boeing,Industrials,Aerospace & Defense,217.97,242.69,128.88,217.25,212.72,206.79,202.58,212.92,215.58,204.71
BKNG,Booking Holdings,Consumer Discretionary,"Hotels, Resorts & Cruise Lines",5441.83,5818.24,4074.35,5434.95,5414.96,5282.06,5104.99,5276.6,5347.2,5226.09
BSX,Boston Scientific,Health Care,Health Care Equipment,95.82,109.5,85.98,96.1,95.19,95.46,98.5,99.92,100.85,100.96
BMY,Bristol Myers Squibb,Health Care,Pharmaceuticals,54.26,61.0,42.38,54.51,54.21,52.59,48.7,47.15,46.96,47.86
AVGO,Broadcom,Information Technology,Semiconductors,352.13,413.82,137.28,346.57,342.65,368.41,361.21,343.08,330.96,285.77
BR,Broadridge Financial Solutions,Industrials,Data Processing & Outsourced Services,227.54,269.71,209.84,227.94,227.77,227.89,226.13,236.22,237.44,236.42
BRO,Brown & Brown,Financials,Insurance Brokers,80.78,125.05,76.17,80.42,80.87,80.05,81.1,87.62,90.51,99.06
BLDR,Builders FirstSource,Industrials,Building Products,103.26,175.12,94.35,103.53,103.84,106.98,109.42,121.07,122.8,120.83
BG,Bunge Global,Consumer Staples,Agricultural Products & Services,89.27,98.82,65.12,89.08,90.63,92.15,93.87,87.95,85.52,82.12
BXP,"BXP, Inc.",Real Estate,Office REITs,69.15,78.59,52.95,69.19,69.57,70.07,70.81,71.16,70.57,68.56
CHRW,C.H. Robinson,Industrials,Air Freight & Logistics,163.66,167.9,83.39,164.56,163.11,160.22,150.92,139.24,131.69,117.38
CDNS,Cadence Design Systems,Information Technology,Application Software,317.92,376.45,221.56,317.81,317.01,323.88,323.57,336.33,335.71,317.05
CZR,Caesars Entertainment,Consumer Discretionary,Casinos & Gaming,24.08,40.0,18.25,24.57,24.28,23.9,22.08,23.74,24.77,25.7
CPT,Camden Property Trust,Real Estate,Multi-Family Residential REITs,110.0,121.85,96.2,108.83,107.53,105.34,103.15,104.11,105.32,108.1
CPB,Campbell's Company (The),Consumer Staples,Packaged Foods & Meats,28.14,42.36,27.64,28.11,28.35,28.83,29.98,30.97,31.04,32.44
COF,Capital One,Financials,Consumer Finance,246.15,249.73,141.84,247.62,244.56,237.69,224.19,220.93,219.68,206.14
CAH,Cardinal Health,Health Care,Health Care Distributors,207.46,214.93,115.86,207.17,203.42,201.83,195.19,173.4,170.57,161.05
KMX,CarMax,Consumer Discretionary,Automotive Retail,38.97,89.47,30.26,38.8,39.45,39.53,38.88,46.73,49.86,56.76
CCL,Carnival,Consumer Discretionary,"Hotels, Resorts & Cruise Lines",30.53,32.89,15.07,31.27,30.06,28.17,27.6,28.9,29.01,26.15
CARR,Carrier Global,Industrials,Building Products,53.72,80.78,50.3,53.47,53.27,53.53,55.01,58.54,61.62,63.7
CAT,Caterpillar Inc.,Industrials,Construction Machinery & Heavy Transportation Equipment,579.72,627.5,264.29,582.26,579.39,588.4,567.36,508.56,489.92,430.74
CBOE,Cboe Global Markets,Financials,Financial Exchanges & Data,256.26,262.98,186.22,254.99,251.89,252.48,250.55,245.73,244.47,235.88
CBRE,CBRE Group,Real Estate,Real Estate Services,164.24,171.0,108.45,164.36,162.36,160.75,157.8,158.52,155.98,145.2
CDW,CDW Corporation,Information Technology,Technology Distributors,138.65,219.61,135.03,138.95,141.2,143.56,146.04,153.56,158.08,161.73
COR,Cencora,Health Care,Health Care Distributors,339.58,377.54,222.21,340.25,341.77,342.38,347.47,323.07,316.88,304.44
CNC,Centene Corporation,Health Care,Managed Health Care,40.79,66.81,25.08,40.15,39.73,39.3,37.39,34.64,33.52,42.99
CNP,CenterPoint Energy,Utilities,Multi-Utilities,38.47,40.28,29.87,38.15,38.11,38.13,38.85,38.5,38.16,37.46
CF,CF Industries,Materials,Fertilizers & Agricultural Chemicals,77.69,103.22,66.16,77.66,78.06,78.23,80.7,83.32,85.22,84.29
CRL,Charles River Laboratories,Health Care,Life Sciences Tools & Services,203.32,205.0,91.86,203.21,199.63,192.78,182.81,171.39,169.74,158.1
SCHW,Charles Schwab Corporation,Financials,Investment Banking & Brokerage,101.41,102.28,65.3,101.55,99.17,96.86,94.89,94.68,94.58,90.03
CHTR,Charter Communications,Communication Services,Cable & Satellite,208.61,437.06,193.0,207.11,207.75,205.95,215.01,240.71,263.2,307.19
CVX,Chevron Corporation,Energy,Integrated Oil & Gas,151.05,163.27,127.59,150.38,149.34,149.97,151.45,152.68,151.91,147.64
CMG,Chipotle Mexican Grill,Consumer Discretionary,Restaurants,37.08,62.11,29.75,37.7,37.24,35.75,34.98,38.05,40.51,44.36
CB,Chubb Limited,Financials,Property & Casualty Insurance,314.64,315.08,250.52,313.14,312.39,305.32,293.94,285.65,283.29,285.13
CHD,Church & Dwight,Consumer Staples,Household Products,85.49,115.32,81.05,85.17,85.21,84.41,84.77,87.68,89.29,93.02
CI,Cigna,Health Care,Health Care Services,275.81,344.64,238.17,275.31,274.95,271.63,274.65,284.29,286.02,297.9
CINF,Cincinnati Financial,Financials,Property & Casualty Insurance,165.15,168.98,120.97,165.71,165.9,164.24,161.49,157.8,155.65,150.32
CTAS,Cintas,Industrials,Diversified Support Services,190.94,228.23,179.31,191.18,189.68,187.5,186.68,195.89,200.48,204.57
CSCO,Cisco,Information Technology,Communications Equipment,77.6,80.82,51.49,77.98,77.71,77.96,75.37,71.64,70.89,67.05
C,Citigroup,Financials,Diversified Banks,118.18,122.84,54.39,119.53,116.09,112.16,104.75,100.79,98.7,88.39
CFG,Citizens Financial Group,Financials,Regional Banks,59.19,60.1,31.67,59.66,59.11,57.71,53.91,52.33,51.32,46.65
CLX,Clorox,Consumer Staples,Household Products,99.39,158.46,96.66,98.32,99.24,101.58,106.0,113.24,115.44,121.65
CME,CME Group,Financials,Financial Exchanges & Data,278.41,286.76,220.42,276.05,273.42,272.53,271.95,269.01,270.21,269.06
CMS,CMS Energy,Utilities,Multi-Utilities,70.28,75.54,62.07,70.03,70.08,70.61,72.48,72.11,71.83,71.24
KO,Coca-Cola Company (The),Consumer Staples,Soft Drinks & Non-alcoholic Beverages,70.12,72.91,58.88,70.04,70.26,70.33,70.12,68.64,68.62,68.97
CTSH,Cognizant,Information Technology,IT Consulting & Other Services,85.21,89.37,64.7,85.32,84.71,82.75,76.18,72.53,73.02,74.17
COIN,Coinbase,Financials,Financial Exchanges & Data,233.73,444.65,142.58,240.11,243.21,256.95,285.13,306.5,319.82,285.34
CL,Colgate-Palmolive,Consumer Staples,Household Products,79.76,98.37,74.55,79.74,79.29,78.6,78.45,80.0,81.43,84.63
CMCSA,Comcast,Communication Services,Cable & Satellite,29.88,37.31,25.75,29.59,29.61,28.37,28.07,30.02,30.82,32.09
CAG,Conagra Brands,Consumer Staples,Packaged Foods & Meats,17.5,27.05,16.6,17.21,17.48,17.39,17.48,18.01,18.15,19.88
COP,ConocoPhillips,Energy,Oil & Gas Exploration & Production,92.55,103.48,77.84,92.39,92.62,92.99,89.71,91.41,91.62,90.96
ED,Consolidated Edison,Utilities,Multi-Utilities,99.65,112.03,84.37,99.2,99.25,97.82,98.59,98.66,98.95,100.78
STZ,Constellation Brands,Consumer Staples,Distillers & Vintners,138.5,223.22,126.45,139.87,139.7,141.1,136.09,141.74,147.18,158.22
CEG,Constellation Energy,Utilities,Electric Utilities,359.77,412.23,160.75,360.66,358.35,360.27,361.14,347.45,342.78,310.49
COO,Cooper Companies (The),Health Care,Health Care Supplies,82.18,100.24,61.78,82.82,82.43,80.67,75.8,72.66,72.69,74.47
CPRT,Copart,Industrials,Diversified Support Services,39.53,63.85,38.18,39.29,39.17,38.98,40.83,43.71,44.33,48.57
GLW,Corning Inc.,Information Technology,Electronic Components,89.07,96.64,36.82,89.21,88.06,88.0,86.19,80.38,75.46,64.6
CPAY,Corpay,Financials,Transaction & Payment Processing Services,309.86,400.81,252.84,311.07,310.46,307.58,290.7,297.95,304.3,314.03
CTVA,Corteva,Materials,Fertilizers & Agricultural Chemicals,67.6,77.02,53.0,67.32,66.77,66.28,64.88,67.1,68.32,67.27
CSGP,CoStar Group,Real Estate,Real Estate Services,67.34,97.43,62.0,66.9,65.68,66.8,69.03,77.52,79.78,79.19
COST,Costco,Consumer Staples,Consumer Staples Merchandise Retail,867.34,1073.82,844.06,863.47,861.42,879.01,902.57,926.15,931.87,949.37
CTRA,Coterra,Energy,Oil & Gas Exploration & Production,26.16,29.04,21.87,25.83,25.74,26.29,25.49,24.54,24.42,24.76
CRWD,CrowdStrike,Information Technology,Systems Software,476.01,566.9,298.0,479.26,480.09,497.3,513.94,483.96,482.07,460.13
CCI,Crown Castle,Real Estate,Telecom Tower REITs,88.78,113.13,80.07,87.75,87.74,88.22,90.19,93.08,95.14,96.37
CSX,CSX Corporation,Industrials,Rail Transportation,36.72,37.54,25.91,36.65,36.68,36.47,35.67,34.94,34.81,32.92
CMI,Cummins,Industrials,Construction Machinery & Heavy Transportation Equipment,515.3,526.5,256.13,517.68,512.49,510.88,474.65,441.36,422.86,379.82
CVS,CVS Health,Health Care,Health Care Services,79.96,85.15,41.86,79.02,78.65,78.23,78.92,75.89,73.19,69.9
DHR,Danaher Corporation,Health Care,Life Sciences Tools & Services,230.82,256.62,170.19,230.1,227.4,227.01,221.92,211.32,208.69,203.82
DRI,Darden Restaurants,Consumer Discretionary,Restaurants,187.47,224.86,169.0,188.4,188.62,183.39,180.57,189.48,192.89,196.67
DDOG,Datadog,Information Technology,Application Software,138.04,201.69,81.63,139.49,139.5,146.18,158.98,149.42,148.16,133.86
DVA,DaVita,Health Care,Health Care Services,113.64,179.6,112.54,114.65,116.1,117.32,120.4,126.38,129.57,134.62
DAY,Dayforce,Industrials,Human Resource & Employment Services,69.19,75.14,48.01,69.16,69.21,69.16,68.87,67.66,65.55,62.46
DECK,Deckers Brands,Consumer Discretionary,Footwear,103.6,223.98,78.91,102.04,102.08,100.04,91.87,100.33,101.32,105.23
DE,Deere & Company,Industrials,Agricultural & Farm Machinery,468.93,530.24,398.95,468.38,475.62,473.6,472.69,473.66,480.59,481.8
DELL,Dell Technologies,Information Technology,"Technology Hardware, Storage & Peripherals",127.62,168.08,65.33,127.89,128.1,132.42,138.96,137.2,135.21,122.24
DAL,Delta Air Lines,Industrials,Passenger Airlines,69.33,72.34,34.41,70.74,70.7,69.15,63.16,61.02,59.57,54.37
DVN,Devon Energy,Energy,Oil & Gas Exploration & Production,36.2,38.23,25.37,36.17,36.06,36.73,34.91,34.52,34.16,33.33
DXCM,Dexcom,Health Care,Health Care Equipment,67.55,93.25,54.11,67.37,66.67,66.28,64.16,68.89,71.88,73.95
FANG,Diamondback Energy,Energy,Oil & Gas Exploration & Production,148.91,175.92,111.64,147.75,149.11,153.47,147.83,144.42,143.89,142.12
DLR,Digital Realty,Real Estate,Data Center REITs,155.79,182.13,127.13,154.68,152.29,155.35,161.24,164.65,166.04,163.02
DG,Dollar General,Consumer Staples,Consumer Staples Merchandise Retail,137.23,139.83,65.27,136.46,136.07,129.46,113.25,109.8,109.81,104.53
DLTR,Dollar Tree,Consumer Staples,Consumer Staples Merchandise Retail,124.0,132.48,61.8,122.4,125.74,122.58,110.49,105.91,106.86,98.16
D,Dominion Energy,Utilities,Multi-Utilities,59.33,62.17,46.43,58.58,59.17,59.05,59.64,59.59,59.06,56.83
DPZ,Domino's,Consumer Discretionary,Restaurants,421.74,493.24,390.88,425.36,429.95,426.31,415.18,425.95,433.2,444.07
DASH,DoorDash,Consumer Discretionary,Specialized Consumer Services,230.51,285.5,155.4,232.82,230.55,226.22,225.67,242.71,242.98,226.65
DOV,Dover Corporation,Industrials,Industrial Machinery & Supplies & Components,199.18,219.84,141.82,199.67,198.47,195.33,185.56,178.79,179.93,177.68
DOW,Dow Inc.,Materials,Commodity Chemicals,23.33,39.24,19.82,23.2,23.17,23.4,22.91,22.9,23.52,25.51
DHI,D. R. Horton,Consumer Discretionary,Homebuilding,145.57,183.98,109.46,145.67,149.05,152.97,150.28,158.29,154.64,142.89
DTE,DTE Energy,Utilities,Multi-Utilities,129.72,142.5,112.5,128.88,128.83,129.43,133.84,135.31,134.97,133.66
DUK,Duke Energy,Utilities,Electric Utilities,117.57,128.91,101.53,117.06,116.82,116.79,121.09,121.62,120.77,118.82
DD,DuPont,Materials,Specialty Chemicals,40.84,41.85,22.13,41.14,40.91,40.66,38.42,35.08,34.2,31.88
EMN,Eastman Chemical Company,Materials,Specialty Chemicals,63.77,99.23,55.35,63.18,63.52,62.57,60.91,62.28,64.51,69.43
ETN,Eaton Corporation,Industrials,Electrical Components & Equipment,321.58,398.4,230.37,322.12,322.33,331.46,350.73,356.64,359.5,338.84
EBAY,eBay Inc.,Consumer Discretionary,Broadline Retail,87.3,100.76,58.09,85.03,84.05,83.64,85.41,88.98,87.25,80.62
ECL,Ecolab,Materials,Specialty Chemicals,265.32,284.56,219.93,265.75,263.71,262.74,263.9,268.51,268.06,262.13
EIX,Edison International,Utilities,Electric Utilities,60.18,76.53,46.27,60.1,59.77,58.61,57.92,56.16,55.17,54.52
EW,Edwards Lifesciences,Health Care,Health Care Equipment,86.89,87.89,65.94,86.56,85.68,85.08,83.61,80.57,80.03,77.78
EA,Electronic Arts,Communication Services,Interactive Home Entertainment,204.37,204.84,114.66,204.4,204.18,203.81,201.96,190.9,183.34,169.68
ELV,Elevance Health,Health Care,Managed Health Care,348.48,451.93,270.83,345.83,347.3,342.13,333.34,325.54,321.43,351.22
EMR,Emerson Electric,Industrials,Electrical Components & Equipment,135.34,149.03,88.93,135.57,134.54,135.12,132.76,132.07,133.92,126.23
ENPH,Enphase Energy,Information Technology,Semiconductor Materials & Equipment,33.22,76.9,25.78,32.96,32.58,31.79,31.41,34.02,34.76,39.94
ETR,Entergy,Utilities,Electric Utilities,93.23,97.93,72.67,92.61,92.52,93.04,94.46,92.39,90.87,87.36
EOG,EOG Resources,Energy,Oil & Gas Exploration & Production,104.58,134.2,99.8,103.87,103.63,107.0,106.91,111.22,112.65,113.1
EPAM,EPAM Systems,Information Technology,IT Consulting & Other Services,212.03,269.0,138.15,210.42,209.06,206.16,184.29,171.36,170.62,169.99
EQT,EQT Corporation,Energy,Oil & Gas Exploration & Production,54.5,62.23,43.18,54.07,54.08,56.4,56.47,54.37,54.37,54.01
EFX,Equifax,Industrials,Research & Consulting Services,222.21,279.27,198.73,221.06,219.75,216.18,215.03,230.34,234.56,240.74
EQIX,Equinix,Real Estate,Data Center REITs,765.16,943.1,689.25,761.04,757.52,747.79,778.89,779.48,777.8,798.47
EQR,Equity Residential,Real Estate,Multi-Family Residential REITs,63.22,73.58,58.19,62.73,62.09,61.6,61.0,62.38,63.01,64.7
ERIE,Erie Indemnity,Financials,Insurance Brokers,287.62,451.6,273.59,284.79,286.02,287.09,294.08,314.15,321.41,341.32
ESS,Essex Property Trust,Real Estate,Multi-Family Residential REITs,263.11,307.81,239.32,261.38,260.25,258.58,258.23,259.68,263.13,269.0
EL,Estée Lauder Companies (The),Consumer Staples,Personal Care Products,106.8,110.37,47.76,107.64,106.49,104.63,97.77,93.5,92.52,81.94
EG,Everest Group,Financials,Reinsurance,339.64,368.99,302.44,337.22,333.45,324.12,324.22,333.67,333.77,338.37
EVRG,Evergy,Utilities,Electric Utilities,72.93,78.59,57.4,72.74,73.05,73.47,75.28,73.99,72.89,70.16
ES,Eversource Energy,Utilities,Electric Utilities,67.27,74.42,50.49,66.82,67.12,66.71,69.22,67.6,66.89,64.23
EXC,Exelon,Utilities,Electric Utilities,43.67,48.09,35.76,43.55,43.76,43.88,45.38,44.8,44.44,44.08
EXE,Expand Energy,Energy,Oil & Gas Exploration & Production,111.77,126.62,90.25,109.89,109.26,114.0,112.03,105.44,104.74,106.17
EXPE,Expedia Group,Consumer Discretionary,"Hotels, Resorts & Cruise Lines",286.79,292.42,129.24,287.69,286.46,276.33,252.62,233.33,223.0,200.45
EXPD,Expeditors International,Industrials,Air Freight & Logistics,151.08,155.04,99.26,151.91,151.44,150.47,139.16,129.6,126.68,121.11
EXR,Extra Space Storage,Real Estate,Self-Storage REITs,130.68,155.55,116.98,130.38,130.87,130.14,133.36,136.32,137.85,139.03
XOM,ExxonMobil,Energy,Integrated Oil & Gas,120.57,121.3,95.18,119.29,117.96,117.76,116.24,113.35,112.51,110.02
FFIV,"F5, Inc.",Information Technology,Communications Equipment,259.46,346.0,223.76,261.16,259.91,254.99,254.74,288.87,291.53,285.45
FDS,FactSet,Financials,Financial Exchanges & Data,293.68,487.33,249.51,291.54,290.08,287.58,279.39,306.51,329.56,369.04
FICO,Fair Isaac,Information Technology,Application Software,1774.27,2217.6,1300.0,1745.38,1759.16,1770.35,1724.63,1623.62,1609.09,1708.47
FAST,Fastenal,Industrials,Trading Companies & Distributors,41.37,50.37,34.62,41.65,41.97,41.53,41.27,44.46,44.56,42.76
FRT,Federal Realty Investment Trust,Real Estate,Retail REITs,102.07,108.26,78.83,101.91,101.53,99.59,98.49,97.97,96.99,95.35
FDX,FedEx,Industrials,Air Freight & Logistics,292.74,296.99,190.85,294.59,289.48,282.42,266.4,248.09,244.32,234.88
FIS,Fidelity National Information Services,Financials,Transaction & Payment Processing Services,67.69,82.1,59.15,67.15,66.72,66.38,65.32,66.37,68.83,71.52
FITB,Fifth Third Bancorp,Financials,Regional Banks,47.87,48.71,31.68,48.16,47.95,46.86,44.09,44.01,43.67,41.24
FSLR,First Solar,Information Technology,Semiconductors,269.75,285.99,116.56,273.13,266.28,262.95,256.96,233.35,221.91,193.02
FE,FirstEnergy,Utilities,Electric Utilities,44.97,47.73,36.45,44.74,44.57,44.77,45.66,44.81,43.94,42.44
FI,Fiserv,Financials,Transaction & Payment Processing Services,67.5,238.59,59.56,67.95,68.15,66.74,75.63,104.02,114.62,142.06
F,Ford Motor Company,Consumer Discretionary,Automobile Manufacturers,13.27,13.99,8.11,13.34,13.41,13.33,13.07,12.31,12.07,11.24
FTNT,Fortinet,Information Technology,Systems Software,80.71,114.82,70.12,81.17,80.92,82.11,82.6,81.8,86.05,91.47
FTV,Fortive,Industrials,Industrial Machinery & Supplies & Components,56.15,62.51,45.35,55.72,55.35,54.65,52.34,50.34,50.41,51.32
FOXA,Fox Corporation (Class A),Communication Services,Broadcasting,73.88,74.67,46.21,73.88,72.52,70.73,66.38,62.83,61.36,58.12
FOX,Fox Corporation (Class B),Communication Services,Broadcasting,65.23,65.73,42.96,64.93,64.06,62.65,59.27,56.48,55.37,52.86
BEN,Franklin Resources,Financials,Asset Management & Custody Banks,24.4,25.72,15.81,24.31,24.02,23.58,22.91,23.5,23.67,22.27
FCX,Freeport-McMoRan,Materials,Copper,51.65,53.77,27.35,51.83,49.91,47.56,43.55,42.99,43.13,41.24
GRMN,Garmin,Consumer Discretionary,Consumer Electronics,205.71,260.57,167.16,205.05,204.48,203.46,208.57,223.71,223.3,214.03
IT,Gartner,Information Technology,IT Consulting & Other Services,253.71,584.01,222.54,251.67,250.37,240.55,238.74,242.73,265.25,323.57
GE,GE Aerospace,Industrials,Aerospace & Defense,311.88,318.06,158.93,314.81,307.48,298.06,301.28,293.22,287.01,260.68
GEHC,GE HealthCare,Health Care,Health Care Equipment,83.36,94.66,57.57,83.52,83.21,83.19,78.61,76.5,76.13,74.41
GEV,GE Vernova,Industrials,Heavy Electrical Equipment,663.36,731.0,251.84,663.48,659.69,649.19,605.54,611.63,607.31,530.41
GEN,Gen Digital,Information Technology,Systems Software,27.67,31.94,22.45,27.65,27.63,27.36,26.77,27.95,28.28,27.83
GNRC,Generac,Industrials,Electrical Components & Equipment,138.9,203.25,99.5,140.04,143.47,152.16,159.26,170.92,168.95,152.08
GD,General Dynamics,Industrials,Aerospace & Defense,340.77,360.5,235.63,343.48,340.87,339.27,341.6,333.29,327.43,306.35
GIS,General Mills,Consumer Staples,Packaged Foods & Meats,46.94,65.04,45.15,47.01,47.43,46.78,47.11,48.12,48.46,50.65
GM,General Motors,Consumer Discretionary,Automobile Manufacturers,82.92,83.68,41.28,82.93,82.24,79.49,73.03,65.35,62.76,57.01
GPC,Genuine Parts Company,Consumer Discretionary,Distributors,124.32,141.97,101.6,124.95,126.56,128.1,127.61,131.77,130.71,125.9
GILD,Gilead Sciences,Health Care,Biotechnology,124.64,127.86,86.16,124.87,123.0,122.23,122.19,118.06,116.53,112.18
GPN,Global Payments,Financials,Transaction & Payment Processing Services,80.2,113.83,65.33,80.64,81.15,80.13,79.03,82.35,82.09,81.84
GL,Globe Life,Financials,Life & Health Insurance,141.83,147.54,106.36,142.49,141.07,137.35,134.88,137.34,135.35,130.37
GDDY,GoDaddy,Information Technology,Internet Services & Infrastructure,126.68,216.0,121.94,126.75,126.17,126.97,128.71,135.23,141.63,155.89
GS,Goldman Sachs,Financials,Investment Banking & Brokerage,894.29,919.1,432.73,902.56,892.37,875.31,819.87,789.46,772.99,696.94
HAL,Halliburton,Energy,Oil & Gas Equipment & Services,28.12,29.67,18.31,28.1,27.9,27.97,26.94,24.65,24.04,22.98
HIG,Hartford (The),Financials,Property & Casualty Insurance,138.87,140.5,103.19,139.18,138.86,135.71,131.61,131.14,129.36,126.75
HAS,Hasbro,Consumer Discretionary,Leisure Products,82.75,85.15,47.63,81.98,81.68,81.76,78.92,77.72,77.19,71.26
HCA,HCA Healthcare,Health Care,Health Care Facilities,473.17,519.23,287.82,474.09,472.86,479.76,473.25,440.4,424.66,398.46
DOC,Healthpeak Properties,Real Estate,Health Care REITs,16.05,20.21,15.71,16.0,16.14,16.56,17.29,17.5,17.48,17.44
HSIC,Henry Schein,Health Care,Health Care Distributors,76.4,82.49,60.56,76.56,76.82,75.44,71.55,69.33,69.66,69.45
HSY,Hershey Company (The),Consumer Staples,Packaged Foods & Meats,181.18,195.98,135.68,183.84,186.18,183.9,180.17,182.42,180.92,173.92
HPE,Hewlett Packard Enterprise,Information Technology,"Technology Hardware, Storage & Peripherals",24.25,26.28,11.75,24.49,24.26,23.79,23.12,23.21,22.66,20.31
HLT,Hilton Worldwide,Consumer Discretionary,"Hotels, Resorts & Cruise Lines",291.7,294.92,195.7,292.48,290.7,283.29,274.35,270.99,270.88,258.17
HOLX,Hologic,Health Care,Health Care Equipment,74.5,75.34,51.9,74.66,74.83,74.86,74.35,70.72,69.68,66.15
HD,Home Depot (The),Consumer Discretionary,Home Improvement Retail,347.2,424.01,320.39,347.14,350.21,351.68,360.59,380.14,377.44,369.14
HON,Honeywell,Industrials,Industrial Conglomerates,197.46,225.29,166.32,196.64,197.6,194.91,195.33,197.31,200.98,200.37
HRL,Hormel Foods,Consumer Staples,Packaged Foods & Meats,24.17,31.17,21.03,24.2,24.03,23.87,23.15,24.36,25.3,26.83
HST,Host Hotels & Resorts,Real Estate,Hotel & Resort REITs,18.38,18.72,11.93,18.47,18.48,18.04,17.41,17.04,16.82,15.93
HWM,Howmet Aerospace,Industrials,Aerospace & Defense,209.46,212.52,104.84,210.12,203.57,199.19,200.72,192.09,190.42,175.39
HPQ,HP Inc.,Information Technology,"Technology Hardware, Storage & Peripherals",22.69,33.78,20.52,23.04,23.57,24.3,25.01,26.01,25.75,25.54
HUBB,Hubbell Incorporated,Industrials,Industrial Machinery & Supplies & Components,452.64,482.66,296.56,454.16,446.11,443.16,441.21,435.12,432.71,406.72
HUM,Humana,Health Care,Managed Health Care,258.26,313.18,205.45,257.7,259.73,256.95,258.24,267.99,261.41,256.92
HBAN,Huntington Bancshares,Financials,Regional Banks,17.59,17.95,11.6,17.74,17.67,17.33,16.25,16.54,16.54,15.85
HII,Huntington Ingalls Industries,Industrials,Aerospace & Defense,345.39,360.2,155.24,352.0,339.65,327.38,314.14,293.85,286.44,260.65
IBM,IBM,Information Technology,IT Consulting & Other Services,307.11,324.9,209.2,304.67,303.99,305.91,302.67,280.79,278.79,268.96
IEX,IDEX Corporation,Industrials,Industrial Machinery & Supplies & Components,179.99,223.39,151.55,180.07,178.79,177.93,172.06,167.37,169.22,171.94
IDXX,Idexx Laboratories,Health Care,Health Care Equipment,685.91,769.98,356.14,689.4,693.38,703.61,693.25,666.88,644.22,578.79
ITW,Illinois Tool Works,Industrials,Industrial Machinery & Supplies & Components,252.4,273.07,212.05,252.04,252.32,251.6,248.4,253.67,254.16,249.04
INCY,Incyte,Health Care,Biotechnology,99.01,109.28,53.56,100.24,99.45,99.05,99.2,92.04,87.88,78.61
IR,Ingersoll Rand,Industrials,Industrial Machinery & Supplies & Components,80.93,95.76,65.56,81.27,80.38,80.28,78.7,79.21,80.41,79.98
PODD,Insulet Corporation,Health Care,Health Care Equipment,287.6,354.88,230.05,288.42,289.44,295.88,313.5,319.38,313.53,302.78
INTC,Intel,Information Technology,Semiconductors,36.72,44.02,17.67,36.36,36.58,38.69,38.0,33.21,30.96,27.33
ICE,Intercontinental Exchange,Financials,Financial Exchanges & Data,163.98,188.26,140.7,162.71,161.57,159.94,155.33,163.17,166.93,168.44
IFF,International Flavors & Fragrances,Materials,Specialty Chemicals,67.85,86.08,58.78,67.04,65.91,65.78,65.13,64.18,66.03,69.28
IP,International Paper,Materials,Paper & Plastic Packaging Products & Materials,39.85,57.79,35.35,39.57,39.06,38.89,39.71,43.1,44.47,45.38
IPG,Interpublic Group of Companies (The),Communication Services,Advertising,24.57,,,25.12,25.04,25.18,26.03,25.78,25.34,25.2
INTU,Intuit,Information Technology,Application Software,674.23,812.22,530.03,674.99,669.99,663.64,660.66,669.36,689.75,680.31
ISRG,Intuitive Surgical,Health Care,Health Care Equipment,575.2,616.0,425.0,577.47,569.26,565.6,552.9,504.14,504.85,510.14
IVZ,Invesco,Financials,Asset Management & Custody Banks,26.85,27.48,11.23,27.09,26.74,26.23,24.48,23.25,22.39,19.32
INVH,Invitation Homes,Real Estate,Single-Family Residential REITs,27.72,34.75,25.73,27.28,27.05,26.88,27.53,28.35,28.91,30.31
IQV,IQVIA,Health Care,Life Sciences Tools & Services,227.24,234.3,134.65,225.94,223.96,224.23,220.64,205.64,199.58,183.2
IRM,Iron Mountain,Real Estate,Other Specialized REITs,82.59,108.27,70.45,81.57,80.96,82.33,90.65,93.3,93.88,92.78
JBHT,J.B. Hunt,Industrials,Cargo Ground Transportation,197.82,204.43,121.7,198.2,197.36,193.95,177.84,159.0,156.82,150.19
JBL,Jabil,Information Technology,Electronic Manufacturing Services,234.54,237.05,108.52,234.0,226.37,223.93,214.63,213.44,215.22,194.24
JKHY,Jack Henry & Associates,Financials,Transaction & Payment Processing Services,186.52,194.03,143.64,185.69,186.0,183.26,169.56,162.81,165.22,169.23
J,Jacobs Solutions,Industrials,Construction & Engineering,135.36,168.03,104.43,135.66,134.69,135.96,144.89,146.86,145.08,136.56
JNJ,Johnson & Johnson,Health Care,Pharmaceuticals,208.0,215.19,136.5,207.3,208.5,206.76,198.71,188.63,183.12,171.56
JCI,Johnson Controls,Industrials,Building Products,121.7,123.78,67.78,121.25,119.56,117.39,116.13,111.67,110.73,103.07
JPM,JPMorgan Chase,Financials,Diversified Banks,327.91,330.86,200.22,324.66,320.54,316.09,309.48,305.24,302.24,282.65
K,Kellanova,Consumer Staples,Packaged Foods & Meats,83.44,83.49,75.95,83.32,83.2,83.01,82.65,80.64,80.17,80.35
KVUE,Kenvue,Consumer Staples,Personal Care Products,17.22,24.41,13.85,17.13,17.15,17.11,16.33,17.39,18.16,19.68
KDP,Keurig Dr Pepper,Consumer Staples,Soft Drinks & Non-alcoholic Beverages,28.17,35.62,25.03,28.08,28.23,28.54,27.77,28.27,29.25,30.75
KEY,KeyCorp,Financials,Regional Banks,20.99,21.25,12.29,21.12,20.93,20.22,18.56,18.41,18.3,17.13
KEYS,Keysight Technologies,Information Technology,Electronic Equipment & Instruments,207.1,214.58,121.43,205.49,204.03,206.06,188.87,178.7,175.74,167.18
KMB,Kimberly-Clark,Consumer Staples,Household Products,101.26,145.82,98.03,100.65,101.37,102.63,106.08,115.57,117.78,123.21
KIM,Kimco Realty,Real Estate,Retail REITs,20.39,22.68,17.3,20.26,20.26,20.16,20.46,20.93,20.94,20.63
KMI,Kinder Morgan,Energy,Oil & Gas Storage & Transportation,27.38,30.15,23.17,27.19,26.85,27.01,26.75,26.84,26.92,26.89
KKR,KKR & Co.,Financials,Asset Management & Custody Banks,129.51,169.44,85.77,130.62,131.6,131.61,124.29,130.44,133.05,126.97
KLAC,KLA Corporation,Information Technology,Semiconductor Materials & Equipment,1261.96,1286.81,547.89,1270.59,1244.15,1227.6,1192.75,1084.16,1049.54,934.69
KHC,Kraft Heinz,Consumer Staples,Packaged Foods & Meats,24.26,31.87,23.33,24.05,24.35,24.48,24.54,25.29,25.57,26.09
KR,Kroger,Consumer Staples,Food Retail,62.76,74.13,56.96,62.71,62.73,63.34,64.89,66.37,67.19,67.37
LHX,L3Harris,Industrials,Aerospace & Defense,296.26,306.84,189.46,296.82,290.44,285.46,286.45,283.84,279.91,259.07
LH,Labcorp,Health Care,Health Care Services,252.89,292.94,207.68,253.89,255.08,258.95,262.55,269.02,266.2,256.67
LRCX,Lam Research,Information Technology,Semiconductor Materials & Equipment,175.78,179.8,55.98,176.32,170.11,165.76,157.95,137.93,130.04,110.76
LW,Lamb Weston,Consumer Staples,Packaged Foods & Meats,41.82,66.87,41.41,42.21,49.3,54.37,58.32,57.71,56.74,55.2
LVS,Las Vegas Sands,Consumer Discretionary,Casinos & Gaming,65.58,70.45,29.72,66.24,66.59,66.74,63.53,58.37,56.68,50.04
LDOS,Leidos,Industrials,Diversified Support Services,185.68,205.3,122.37,186.11,184.59,186.2,188.89,186.18,181.39,167.79
LEN,Lennar,Consumer Discretionary,Homebuilding,103.88,143.63,97.13,105.12,109.14,116.58,120.89,124.8,122.5,117.36
LII,Lennox International,Industrials,Building Products,496.61,687.72,443.19,496.41,494.9,498.62,492.59,524.07,542.13,548.65
LLY,Lilly (Eli),Health Care,Pharmaceuticals,1082.7,1111.99,621.5,1077.11,1067.21,1042.24,980.66,863.61,845.88,821.97
LIN,Linde plc,Materials,Industrial Gases,424.77,483.05,387.78,423.94,421.78,411.39,419.88,445.51,449.48,450.71
LYV,Live Nation Entertainment,Communication Services,Movies & Entertainment,144.67,175.25,112.88,144.33,141.78,139.67,141.18,151.49,151.01,145.27
LKQ,LKQ Corporation,Consumer Discretionary,Distributors,30.61,43.32,28.13,30.34,30.17,29.87,30.02,30.32,31.14,34.15
LMT,Lockheed Martin,Industrials,Aerospace & Defense,489.12,512.11,404.07,484.8,480.46,469.41,469.86,467.69,461.81,459.82
L,Loews Corporation,Financials,Multi-line Insurance,106.16,109.06,78.83,107.1,106.33,105.23,103.56,100.62,98.77,94.67
LOW,Lowe's,Consumer Discretionary,Home Improvement Retail,243.89,273.63,203.22,243.12,244.7,245.36,239.83,246.63,242.14,234.36
LULU,Lululemon Athletica,Consumer Discretionary,"Apparel, Accessories & Luxury Goods",211.97,423.32,159.25,211.28,210.18,198.37,182.19,182.04,190.03,224.72
LYB,LyondellBasell,Materials,Specialty Chemicals,43.51,72.64,40.42,43.17,43.21,44.01,44.04,47.09,49.26,51.96
MTB,M&T Bank,Financials,Regional Banks,204.5,208.26,147.35,206.45,205.67,201.6,190.46,191.52,191.71,184.84
MPC,Marathon Petroleum,Energy,Oil & Gas Refining & Marketing,164.07,201.29,113.25,164.93,169.79,180.07,187.27,183.0,180.81,168.4
MKTX,MarketAxess,Financials,Financial Exchanges & Data,184.22,230.09,155.48,182.81,181.44,174.98,169.72,174.98,181.97,195.07
MAR,Marriott International,Consumer Discretionary,"Hotels, Resorts & Cruise Lines",314.16,316.69,203.87,314.54,311.42,303.57,289.15,276.87,275.83,265.51
MMC,Marsh McLennan,Financials,Insurance Brokers,187.66,245.83,174.18,186.73,186.49,184.73,183.25,192.86,195.7,206.76
MLM,Martin Marietta Materials,Materials,Construction Materials,638.31,664.29,440.13,639.55,634.15,627.08,618.29,617.84,608.13,575.03
MAS,Masco,Industrials,Building Products,64.51,80.67,55.74,64.47,64.64,64.16,64.01,67.68,67.39,65.89
MA,Mastercard,Financials,Transaction & Payment Processing Services,578.05,600.98,463.61,577.83,572.82,560.59,556.01,567.51,566.11,559.86
MTCH,Match Group,Communication Services,Interactive Media & Services,32.34,38.99,26.09,32.66,32.63,33.2,32.81,34.47,34.21,32.55
MKC,McCormick & Company,Consumer Staples,Packaged Foods & Meats,69.12,84.63,62.64,68.95,68.72,66.7,66.28,67.01,67.87,70.49
MCD,McDonald's,Consumer Discretionary,Restaurants,308.38,321.79,270.23,311.89,314.69,311.81,306.79,305.26,303.26,303.22
MCK,McKesson Corporation,Health Care,Health Care Distributors,828.92,894.75,563.37,825.55,819.8,817.41,828.13,770.48,758.52,735.51
MDT,Medtronic,Health Care,Health Care Equipment,96.52,106.33,77.43,97.52,98.05,99.9,97.32,95.34,94.15,90.49
MRK,Merck & Co.,Health Care,Pharmaceuticals,106.83,107.59,71.26,105.96,102.93,100.97,94.43,88.53,86.89,84.04
META,Meta Platforms,Communication Services,Interactive Media & Services,659.14,795.06,478.72,663.28,659.38,656.09,655.91,701.63,705.85,671.68
MET,MetLife,Financials,Life & Health Insurance,79.98,85.61,63.78,80.72,81.43,80.06,78.44,78.93,78.39,77.73
MTD,Mettler Toledo,Health Care,Life Sciences Tools & Services,1420.52,1525.17,946.69,1416.96,1406.03,1411.1,1416.94,1350.4,1324.52,1252.66
MGM,MGM Resorts,Consumer Discretionary,Casinos & Gaming,37.12,41.32,25.3,37.28,37.09,36.6,34.08,34.77,35.28,33.97
MCHP,Microchip Technology,Information Technology,Semiconductors,64.66,75.98,33.33,65.31,65.26,64.76,60.48,62.48,64.07,60.16
MU,Micron Technology,Information Technology,Semiconductors,293.75,293.95,61.44,283.62,262.81,253.44,236.61,192.96,177.35,146.12
MSFT,Microsoft,Information Technology,Systems Software,487.1,553.5,342.95,486.92,483.18,483.7,497.23,504.19,505.06,475.28
MAA,Mid-America Apartment Communities,Real Estate,Multi-Family Residential REITs,138.95,168.08,125.75,137.42,136.06,134.44,132.57,135.54,137.74,143.61
MRNA,Moderna,Health Care,Biotechnology,31.11,48.92,22.28,32.45,31.73,29.41,26.99,26.47,27.48,27.45
MHK,Mohawk Industries,Consumer Discretionary,Home Furnishings,109.46,143.13,96.24,109.45,109.56,110.78,112.71,120.9,119.58,114.5
MOH,Molina Healthcare,Health Care,Managed Health Care,166.04,359.97,133.4,164.41,163.81,159.45,156.3,168.48,173.19,226.14
TAP,Molson Coors Beverage Company,Consumer Staples,Brewers,46.6,62.82,42.5,46.39,47.08,46.63,45.77,46.73,47.16,49.81
MDLZ,Mondelez International,Consumer Staples,Packaged Foods & Meats,54.64,70.58,52.78,54.44,54.31,54.82,56.8,59.33,60.93,62.62
MPWR,Monolithic Power Systems,Information Technology,Semiconductors,933.51,1123.38,437.16,944.36,940.14,950.48,964.69,922.87,886.57,790.95
MNST,Monster Beverage,Consumer Staples,Soft Drinks & Non-alcoholic Beverages,77.78,78.31,45.7,77.57,76.41,75.18,72.24,68.61,66.9,64.51
MCO,Moody's Corporation,Financials,Financial Exchanges & Data,519.95,527.9,376.55,516.46,506.26,497.06,487.77,492.34,494.66,482.13
MS,Morgan Stanley,Financials,Investment Banking & Brokerage,180.02,182.34,92.37,180.56,178.18,176.93,168.57,160.22,156.25,142.87
MOS,Mosaic Company (The),Materials,Fertilizers & Agricultural Chemicals,24.03,37.63,21.79,24.24,24.13,24.22,25.5,29.11,30.41,30.52
MSI,Motorola Solutions,Information Technology,Communications Equipment,377.4,489.48,359.36,376.4,372.89,371.76,389.17,425.8,425.22,421.96
MSCI,MSCI Inc.,Financials,Financial Exchanges & Data,585.59,627.03,482.15,582.05,570.67,557.56,560.8,560.8,560.91,557.31
NDAQ,"Nasdaq, Inc.",Financials,Financial Exchanges & Data,99.35,99.42,64.26,97.76,95.67,92.96,89.5,90.69,90.77,86.15
NTAP,NetApp,Information Technology,"Technology Hardware, Storage & Peripherals",109.96,126.11,71.18,110.25,111.18,113.84,113.23,114.9,112.89,105.65
NFLX,Netflix,Communication Services,Movies & Entertainment,94.15,134.12,82.11,93.8,94.05,97.1,105.59,113.45,115.16,113.4
NEM,Newmont,Materials,Gold,99.61,106.34,36.25,104.05,101.8,97.28,90.17,84.28,79.62,69.28
NWSA,News Corp (Class A),Communication Services,Publishing,26.24,31.61,23.3,26.31,26.18,26.01,26.01,27.54,27.91,27.71
NWS,News Corp (Class B),Communication Services,Publishing,29.82,35.47,26.17,29.92,29.75,29.53,29.61,31.24,31.76,31.65
NEE,NextEra Energy,Utilities,Multi-Utilities,80.48,86.94,60.35,80.23,80.48,81.49,82.66,78.65,77.35,73.97
NKE,"Nike, Inc.",Consumer Discretionary,"Apparel, Accessories & Luxury Goods",61.19,80.55,51.34,59.34,62.16,63.85,64.02,68.29,69.43,66.12
NI,NiSource,Utilities,Multi-Utilities,41.9,44.58,34.53,41.71,41.55,41.69,42.55,42.17,41.85,40.65
NDSN,Nordson Corporation,Industrials,Industrial Machinery & Supplies & Components,243.55,250.6,163.26,243.27,240.57,237.95,234.72,229.06,226.47,215.91
NSC,Norfolk Southern,Industrials,Rail Transportation,292.0,300.79,198.48,291.83,293.03,293.15,287.58,285.59,282.39,263.87
NTRS,Northern Trust,Financials,Asset Management & Custody Banks,139.83,141.25,80.06,140.22,139.46,136.72,130.9,129.63,128.93,118.22
NOC,Northrop Grumman,Industrials,Aerospace & Defense,579.12,638.31,418.96,580.71,574.02,563.87,570.41,579.73,571.6,539.98
NCLH,Norwegian Cruise Line Holdings,Consumer Discretionary,"Hotels, Resorts & Cruise Lines",22.38,29.29,14.21,23.15,22.51,20.86,20.46,22.56,22.72,21.04
NRG,NRG Energy,Utilities,Independent Power Producers & Energy Traders,160.81,180.08,78.84,159.46,157.78,161.89,165.41,161.45,160.32,147.39
NUE,Nucor,Materials,Steel,165.43,168.07,96.79,165.04,162.72,162.46,153.03,146.73,145.44,135.03
NVDA,Nvidia,Information Technology,Semiconductors,188.09,212.18,86.6,188.03,182.02,181.86,186.18,182.85,180.32,159.45
NVR,"NVR, Inc.",Consumer Discretionary,Homebuilding,7345.12,8618.28,6562.85,7369.54,7444.42,7479.48,7405.3,7733.36,7720.0,7520.7
NXPI,NXP Semiconductors,Information Technology,Semiconductors,220.07,250.74,146.07,224.62,225.63,224.69,211.95,217.57,218.34,209.34
ORLY,O’Reilly Automotive,Consumer Discretionary,Automotive Retail,91.61,108.72,78.3,92.02,92.38,94.8,96.75,100.3,99.3,96.26
OXY,Occidental Petroleum,Energy,Oil & Gas Exploration & Production,40.38,52.05,34.2,40.12,39.97,40.84,41.05,43.06,43.18,42.81
ODFL,Old Dominion,Industrials,Cargo Ground Transportation,159.9,208.11,125.76,159.33,158.27,154.96,143.61,144.33,147.56,152.15
OMC,Omnicom Group,Communication Services,Advertising,80.64,86.12,67.1,79.79,80.15,76.87,75.22,75.71,74.98,74.24
ON,ON Semiconductor,Information Technology,Semiconductors,54.07,67.95,31.04,55.23,54.87,54.75,51.61,50.65,51.92,48.8
OKE,Oneok,Energy,Oil & Gas Storage & Transportation,73.63,105.47,64.02,73.2,72.64,73.57,70.48,71.19,72.7,76.58
ORCL,Oracle Corporation,Information Technology,Application Software,197.99,345.12,117.98,196.23,190.32,200.54,228.44,249.08,247.32,214.05
OTIS,Otis Worldwide,Industrials,Industrial Machinery & Supplies & Components,87.81,105.37,83.46,87.68,87.83,87.55,89.03,88.72,89.64,92.14
PCAR,Paccar,Industrials,Construction Machinery & Heavy Transportation Equipment,111.54,113.11,82.75,111.87,111.36,109.68,102.46,99.66,98.91,96.14
PKG,Packaging Corporation of America,Materials,Paper & Plastic Packaging Products & Materials,208.74,236.7,169.57,207.67,205.57,201.78,200.36,204.24,203.14,197.21
PLTR,Palantir Technologies,Information Technology,Application Software,184.5,207.52,63.4,191.1,188.29,183.96,181.24,176.72,171.76,149.7
PANW,Palo Alto Networks,Information Technology,Systems Software,186.85,223.61,144.15,188.03,186.93,190.02,200.39,197.96,196.75,192.44
PSKY,Paramount Skydance Corporation,Communication Services,Movies & Entertainment,13.51,20.78,9.89,13.59,13.48,14.02,15.07,15.67,15.08,13.78
PH,Parker Hannifin,Industrials,Industrial Machinery & Supplies & Components,892.21,908.35,484.88,888.33,880.56,877.97,833.24,790.31,775.34,720.02
PAYX,Paychex,Industrials,Human Resource & Employment Services,114.01,158.49,108.0,114.35,114.56,113.61,114.74,123.15,126.94,134.44
PAYC,Paycom,Industrials,Human Resource & Employment Services,160.91,266.71,156.14,161.35,162.64,163.48,171.87,194.13,201.12,213.06
PYPL,PayPal,Financials,Transaction & Payment Processing Services,59.51,93.03,55.72,59.76,60.03,60.87,63.8,66.25,67.66,67.98
PNR,Pentair,Industrials,Industrial Machinery & Supplies & Components,105.72,113.69,73.68,105.5,104.79,104.85,105.97,107.27,106.64,101.23
PEP,PepsiCo,Consumer Staples,Soft Drinks & Non-alcoholic Beverages,144.24,155.29,123.93,144.5,147.17,147.19,146.43,144.85,143.24,139.44
PFE,Pfizer,Health Care,Pharmaceuticals,25.06,27.21,19.83,25.05,25.25,25.44,25.0,24.72,24.59,23.88
PCG,PG&E Corporation,Utilities,Multi-Utilities,16.0,20.33,12.95,15.89,15.73,15.46,15.93,15.62,15.26,15.66
PM,Philip Morris International,Consumer Staples,Tobacco,162.15,181.91,112.16,160.64,158.52,154.17,152.83,156.9,159.23,161.24
PSX,Phillips 66,Energy,Oil & Gas Refining & Marketing,128.73,144.96,88.51,128.6,130.63,135.49,135.12,131.88,130.29,123.34
PNW,Pinnacle West Capital,Utilities,Multi-Utilities,88.93,93.67,78.26,88.28,88.24,88.03,88.94,88.9,89.01,89.22
PNC,PNC Financial Services,Financials,Diversified Banks,212.69,214.59,141.09,212.98,211.58,206.16,192.96,194.56,194.06,183.86
POOL,Pool Corporation,Consumer Discretionary,Distributors,229.31,368.69,228.19,231.18,233.56,237.12,251.37,281.41,286.14,292.25
PPG,PPG Industries,Materials,Specialty Chemicals,104.38,121.53,88.43,103.66,103.5,102.24,99.85,103.28,105.01,105.72
PPL,PPL Corporation,Utilities,Electric Utilities,35.26,37.96,30.24,34.96,34.64,34.34,35.6,35.87,35.66,35.06
PFG,Principal Financial Group,Financials,Life & Health Insurance,89.19,92.1,66.44,89.38,89.48,88.41,84.33,81.94,81.16,79.22
PG,Procter & Gamble,Consumer Staples,Personal Care Products,144.74,176.43,138.14,143.97,144.8,143.91,146.78,150.3,151.09,154.92
PGR,Progressive Corporation,Financials,Property & Casualty Insurance,228.47,292.65,199.9,227.7,228.31,227.72,222.5,233.28,236.01,250.4
PLD,Prologis,Real Estate,Industrial REITs,128.24,130.68,83.15,128.29,128.17,127.98,125.68,118.43,115.96,111.22
PRU,Prudential Financial,Financials,Life & Health Insurance,113.31,118.31,86.97,114.17,115.17,113.55,107.56,105.45,104.72,103.52
PEG,Public Service Enterprise Group,Utilities,Electric Utilities,80.39,89.82,72.92,80.45,80.23,79.98,81.06,81.52,81.93,80.87
PTC,PTC Inc.,Information Technology,Application Software,175.56,219.69,133.38,176.74,176.24,176.02,182.32,194.5,195.36,182.48
PSA,Public Storage,Real Estate,Self-Storage REITs,259.28,309.54,248.69,260.57,263.04,266.13,274.32,279.31,279.61,282.49
PHM,PulteGroup,Consumer Discretionary,Homebuilding,118.67,141.59,87.56,118.74,120.85,123.73,121.38,125.76,123.31,114.88
PWR,Quanta Services,Industrials,Construction & Engineering,432.42,473.99,226.97,433.38,430.35,444.01,442.62,419.05,414.15,376.06
QCOM,Qualcomm,Information Technology,Semiconductors,174.09,204.9,118.79,174.53,174.98,175.16,172.41,166.32,163.92,157.47
DGX,Quest Diagnostics,Health Care,Health Care Services,175.35,197.55,146.66,175.72,177.27,179.67,182.27,181.84,179.44,176.35
RL,Ralph Lauren Corporation,Consumer Discretionary,"Apparel, Accessories & Luxury Goods",357.39,379.04,175.05,360.86,363.9,362.13,344.26,324.84,317.93,289.42
RJF,Raymond James Financial,Financials,Investment Banking & Brokerage,163.86,177.15,116.85,165.35,163.58,162.78,160.85,163.9,163.45,155.54
RTX,RTX Corporation,Industrials,Aerospace & Defense,184.68,188.0,110.77,185.53,182.72,177.46,175.48,166.92,163.65,151.73
O,Realty Income,Real Estate,Retail REITs,56.74,60.33,48.85,56.54,56.91,57.24,57.37,57.8,57.43,56.39
REG,Regency Centers,Real Estate,Retail REITs,69.63,75.09,61.52,69.39,68.67,68.3,69.17,69.87,69.74,69.66
REGN,Regeneron Pharmaceuticals,Health Care,Biotechnology,779.93,792.77,475.17,782.63,767.86,747.28,699.09,636.09,619.75,601.48
RF,Regions Financial Corporation,Financials,Regional Banks,27.58,27.98,17.18,27.69,27.61,27.07,25.39,25.62,25.44,23.67
RSG,Republic Services,Industrials,Environmental & Facilities Services,214.55,257.43,197.66,213.42,213.78,213.23,213.39,221.08,224.63,231.9
RMD,ResMed,Health Care,Health Care Equipment,242.71,293.11,198.6,244.64,245.7,248.42,251.32,264.05,264.25,253.22
RVTY,Revvity,Health Care,Health Care Equipment,97.23,128.0,81.3,97.22,97.07,99.45,96.97,92.64,93.25,94.44
ROK,Rockwell Automation,Industrials,Electrical Components & Equipment,397.09,415.89,212.49,398.51,397.23,399.66,381.97,362.31,359.0,329.11
ROL,"Rollins, Inc.",Industrials,Environmental & Facilities Services,60.68,61.84,44.8,60.76,60.38,60.25,58.97,57.96,57.61,56.67
ROP,Roper Technologies,Information Technology,Electronic Equipment & Instruments,450.45,592.47,435.42,450.21,448.62,446.67,453.17,484.31,498.0,523.32
ROST,Ross Stores,Consumer Discretionary,Apparel Retail,180.8,185.85,121.41,180.98,181.93,180.36,169.37,159.16,154.17,147.23
RCL,Royal Caribbean Group,Consumer Discretionary,"Hotels, Resorts & Cruise Lines",285.67,364.14,162.49,292.48,287.68,274.46,275.12,300.85,307.41,279.15
SPGI,S&P Global,Financials,Financial Exchanges & Data,530.37,576.91,424.77,526.52,516.2,505.83,496.31,509.36,513.74,507.55
CRM,Salesforce,Information Technology,Application Software,266.65,364.71,221.6,265.21,261.02,256.49,249.16,246.29,249.38,256.33
SBAC,SBA Communications,Real Estate,Telecom Tower REITs,193.96,241.44,184.43,192.34,191.61,190.63,193.35,197.24,203.58,211.37
SLB,Schlumberger,Energy,Oil & Gas Equipment & Services,37.94,43.29,30.37,38.05,38.15,38.21,36.65,35.35,35.15,35.1
STX,Seagate Technology,Information Technology,"Technology Hardware, Storage & Peripherals",283.02,308.12,62.49,283.74,285.46,282.5,265.11,230.18,213.88,171.35
SRE,Sempra,Utilities,Multi-Utilities,88.85,95.03,60.49,88.61,88.05,88.61,90.55,87.27,85.2,80.24
NOW,ServiceNow,Information Technology,Systems Software,154.64,239.62,135.73,154.43,154.66,162.0,169.8,175.75,179.38,181.6
SHW,Sherwin-Williams,Materials,Specialty Chemicals,325.5,378.76,306.78,324.84,325.47,328.69,334.04,343.21,342.95,343.21
SPG,Simon Property Group,Real Estate,Retail REITs,187.32,189.05,131.37,187.52,185.85,183.26,180.39,177.95,174.45,166.72
SWKS,Skyworks Solutions,Information Technology,Semiconductors,64.0,91.61,46.48,64.49,64.9,66.63,68.62,71.41,71.42,69.13
SJM,J.M. Smucker Company (The),Consumer Staples,Packaged Foods & Meats,99.22,117.94,91.46,99.04,99.6,100.12,102.64,105.09,105.06,105.97
SW,Smurfit Westrock,Materials,Paper & Plastic Packaging Products & Materials,38.76,54.55,32.73,38.39,38.19,37.22,37.22,40.51,41.6,41.95
SNA,Snap-on,Industrials,Industrial Machinery & Supplies & Components,351.38,356.07,283.93,352.11,349.92,347.85,341.26,335.39,332.06,325.57
SOLV,Solventum,Health Care,Health Care Technology,80.16,88.2,60.7,80.43,80.68,82.21,77.5,75.06,74.85,73.62
SO,Southern Company,Utilities,Electric Utilities,87.62,100.02,77.85,86.81,86.53,86.46,89.81,91.46,91.63,90.26
LUV,Southwest Airlines,Industrials,Passenger Airlines,41.19,43.35,23.45,41.44,41.32,39.45,35.12,33.43,33.49,32.29
SWK,Stanley Black & Decker,Industrials,Industrial Machinery & Supplies & Components,75.04,87.08,52.01,75.04,73.97,73.55,69.78,71.3,70.87,68.64
SBUX,Starbucks,Consumer Discretionary,Restaurants,85.49,115.04,73.95,85.03,85.86,85.28,84.59,84.91,86.28,86.55
STT,State Street Corporation,Financials,Asset Management & Custody Banks,131.69,133.0,71.77,131.55,129.71,126.85,120.43,116.66,115.11,106.03
STLD,Steel Dynamics,Materials,Steel,172.88,178.36,102.41,175.34,173.64,171.21,161.85,148.21,144.51,137.76
STE,Steris,Health Care,Health Care Equipment,256.36,268.6,199.47,255.6,254.26,256.52,253.75,249.23,244.9,239.55
SYK,Stryker Corporation,Health Care,Health Care Equipment,352.81,403.95,327.71,354.62,354.1,356.9,363.85,371.21,375.11,374.05
SMCI,Supermicro,Information Technology,"Technology Hardware, Storage & Peripherals",30.17,66.44,25.71,30.64,30.65,32.36,38.49,42.64,44.68,42.44
SYF,Synchrony Financial,Financials,Consumer Finance,84.87,86.48,39.98,85.67,84.66,82.93,77.42,75.17,74.08,66.99
SNPS,Synopsys,Information Technology,Application Software,478.9,651.73,365.74,477.7,468.14,465.18,438.41,483.95,505.15,489.63
SYY,Sysco,Consumer Staples,Food Distributors,74.35,83.13,66.22,74.28,74.73,74.25,75.19,77.76,77.82,75.51
TMUS,T-Mobile US,Communication Services,Wireless Telecommunication Services,202.84,273.15,194.01,199.26,198.68,201.07,207.91,224.26,226.07,232.8
TROW,T. Rowe Price,Financials,Asset Management & Custody Banks,104.72,115.38,74.96,104.6,104.1,103.66,101.96,102.88,102.54,97.46
TTWO,Take-Two Interactive,Communication Services,Interactive Home Entertainment,256.29,264.79,177.35,252.36,248.55,247.39,247.06,245.59,242.81,235.44
TPR,"Tapestry, Inc.",Consumer Discretionary,"Apparel, Accessories & Luxury Goods",130.8,131.4,57.71,130.14,127.04,121.67,113.37,110.53,108.88,96.02
TRGP,Targa Resources,Energy,Oil & Gas Storage & Transportation,184.05,213.78,143.19,183.63,181.67,180.84,169.92,166.35,166.3,167.83
TGT,Target Corporation,Consumer Staples,Consumer Staples Merchandise Retail,98.18,138.95,83.44,96.75,97.46,95.33,92.28,92.28,94.06,94.32
TEL,TE Connectivity,Information Technology,Electronic Manufacturing Services,232.0,250.67,115.38,232.52,229.89,232.08,233.74,222.76,215.8,191.24
TDY,Teledyne Technologies,Information Technology,Electronic Equipment & Instruments,517.66,595.99,419.0,518.49,513.06,512.37,515.38,536.73,537.76,518.32
TER,Teradyne,Information Technology,Semiconductor Materials & Equipment,197.37,205.0,65.55,198.1,194.83,195.84,177.79,150.73,139.81,117.78
TSLA,"Tesla, Inc.",Consumer Discretionary,Automobile Manufacturers,461.1,498.83,214.25,479.2,479.3,462.53,444.78,414.95,394.92,357.06
TXN,Texas Instruments,Information Technology,Semiconductors,175.76,218.15,136.55,177.14,176.82,178.0,169.25,177.36,181.93,179.34
TPL,Texas Pacific Land Corporation,Energy,Oil & Gas Exploration & Production,293.55,485.16,269.23,295.44,292.31,294.23,304.14,304.14,309.42,347.97
TXT,Textron,Industrials,Aerospace & Defense,88.93,91.22,57.66,90.28,89.05,86.63,83.33,82.62,82.46,78.79
TMO,Thermo Fisher Scientific,Health Care,Life Sciences Tools & Services,584.91,608.82,384.82,580.08,573.93,574.26,572.38,532.54,514.66,483.85
TJX,TJX Companies,Consumer Discretionary,Apparel Retail,156.38,157.83,111.06,156.66,156.02,154.49,148.83,143.7,139.88,134.07
TKO,TKO Group Holdings,Communication Services,Movies & Entertainment,216.55,218.11,131.77,216.63,213.79,206.38,193.43,192.14,187.37,176.21
TTD,Trade Desk (The),Communication Services,Advertising,38.53,127.59,35.65,37.94,37.42,38.17,42.78,47.09,53.99,57.3
TSCO,Tractor Supply,Consumer Discretionary,Other Specialty Retail,50.76,63.47,46.26,51.32,51.94,52.56,53.6,55.99,56.23,54.24
TT,Trane Technologies,Industrials,Building Products,394.1,475.11,296.82,392.69,391.17,396.94,412.56,415.11,420.47,407.59
TDG,TransDigm Group,Industrials,Aerospace & Defense,1316.36,1519.36,1107.45,1311.1,1291.94,1312.12,1317.21,1306.56,1337.39,1327.24
TRV,Travelers Companies (The),Financials,Property & Casualty Insurance,291.82,295.68,226.54,292.38,291.99,287.23,281.51,276.87,273.04,268.27
TRMB,Trimble Inc.,Information Technology,Electronic Equipment & Instruments,80.09,87.5,52.91,80.55,80.31,81.22,79.89,80.38,80.69,75.81
TFC,Truist Financial,Financials,Diversified Banks,50.03,50.86,32.34,50.49,50.21,49.12,46.19,45.35,45.02,42.52
TYL,Tyler Technologies,Information Technology,Application Software,460.7,661.31,445.64,462.06,457.2,458.78,471.09,506.18,519.3,537.56
TSN,Tyson Foods,Consumer Staples,Packaged Foods & Meats,58.56,62.66,50.12,58.36,58.48,57.98,54.9,54.69,54.42,55.27
USB,U.S. Bancorp,Financials,Diversified Banks,54.53,55.15,34.43,54.76,54.28,52.95,49.53,48.49,47.92,45.42
UBER,Uber,Industrials,Passenger Ground Transportation,81.57,101.99,60.02,81.24,80.71,84.53,88.95,92.04,91.94,87.87
UDR,"UDR, Inc.",Real Estate,Multi-Family Residential REITs,36.65,44.96,32.94,36.35,36.12,35.79,35.36,36.34,36.99,38.41
ULTA,Ulta Beauty,Consumer Discretionary,Other Specialty Retail,606.64,616.34,309.01,607.94,599.81,588.08,546.82,538.78,530.33,483.51
UNP,Union Pacific Corporation,Industrials,Rail Transportation,234.51,250.85,200.99,234.35,235.35,234.9,226.64,224.78,225.06,223.45
UAL,United Airlines Holdings,Industrials,Passenger Airlines,111.49,116.32,52.0,113.98,112.72,109.2,101.33,101.23,98.55,89.3
UPS,United Parcel Service,Industrials,Air Freight & Logistics,99.58,128.18,80.6,100.34,100.68,98.95,94.67,89.27,90.21,92.56
URI,United Rentals,Industrials,Trading Companies & Distributors,819.71,1019.33,522.49,821.4,814.16,810.33,841.36,892.79,879.67,797.56
UNH,UnitedHealth Group,Health Care,Managed Health Care,331.83,594.32,231.57,327.36,331.37,329.72,333.2,326.9,317.78,347.23
UHS,Universal Health Services,Health Care,Health Care Facilities,225.65,246.13,152.04,226.86,225.79,227.47,225.04,207.49,200.04,192.54
VLO,Valero Energy,Energy,Oil & Gas Refining & Marketing,165.6,184.46,96.76,164.48,164.07,169.55,170.93,162.54,158.41,145.36
VTR,Ventas,Real Estate,Health Care REITs,79.57,81.89,55.47,79.42,79.2,79.37,76.92,72.48,71.04,68.65
VLTO,Veralto,Industrials,Environmental & Facilities Services,101.38,109.99,83.69,102.01,101.11,100.72,100.5,103.31,103.31,100.79
VRSN,Verisign,Information Technology,Internet Services & Infrastructure,245.13,308.75,199.17,245.69,244.41,245.94,247.25,260.58,264.6,264.78
VRSK,Verisk Analytics,Industrials,Research & Consulting Services,225.32,321.24,196.59,220.68,219.51,219.5,221.07,238.56,249.32,268.24
VZ,Verizon,Communication Services,Integrated Telecommunication Services,40.46,45.09,35.79,40.23,40.38,40.56,40.35,41.47,41.49,41.63
VRTX,Vertex Pharmaceuticals,Health Care,Biotechnology,459.24,519.68,362.5,460.93,456.84,451.24,435.37,414.76,423.78,440.27
VTRS,Viatris,Health Care,Pharmaceuticals,12.4,12.49,6.6,12.2,11.97,11.54,10.84,10.41,10.11,9.43
VICI,Vici Properties,Real Estate,Hotel & Resort REITs,28.25,33.01,26.43,27.99,28.02,27.85,28.9,30.35,30.71,30.65
V,Visa Inc.,Financials,Transaction & Payment Processing Services,354.76,374.11,297.39,354.07,350.2,341.13,338.56,340.85,342.52,343.76
VST,Vistra Corp.,Utilities,Electric Utilities,161.92,219.51,90.17,161.76,163.85,166.9,177.33,188.92,190.29,173.1
VMC,Vulcan Materials Company,Materials,Construction Materials,291.56,311.21,213.97,292.82,291.84,293.0,291.15,293.15,288.41,275.06
WRB,W. R. Berkley Corporation,Financials,Property & Casualty Insurance,70.79,77.72,54.51,70.49,69.81,69.1,72.14,72.22,71.38,70.48
GWW,W. W. Grainger,Industrials,Industrial Machinery & Supplies & Components,1027.18,1129.04,887.81,1028.19,1025.72,1002.35,970.91,974.47,983.86,998.87
WAB,Wabtec,Industrials,Construction Machinery & Heavy Transportation Equipment,217.76,222.47,151.24,219.62,216.9,214.9,207.05,200.13,200.89,197.05
WMT,Walmart,Consumer Staples,Consumer Staples Merchandise Retail,112.62,117.45,79.27,111.89,113.65,113.84,107.94,104.73,103.12,99.44
DIS,Walt Disney Company (The),Communication Services,Movies & Entertainment,114.1,123.85,79.22,113.55,112.36,109.55,109.05,111.53,113.17,109.13
WBD,Warner Bros. Discovery,Communication Services,Broadcasting,28.75,30.0,7.52,28.94,28.69,27.75,24.35,19.87,18.39,15.08
WM,Waste Management,Industrials,Environmental & Facilities Services,222.77,239.91,193.36,221.05,219.69,216.22,211.23,215.93,218.01,222.07
WAT,Waters Corporation,Health Care,Life Sciences Tools & Services,385.76,423.56,275.05,384.8,381.94,387.84,376.88,340.27,333.93,339.32
WEC,WEC Energy Group,Utilities,Electric Utilities,105.74,117.25,88.91,105.34,105.04,105.38,109.6,109.57,108.78,107.07
WFC,Wells Fargo,Financials,Diversified Banks,94.62,95.85,57.46,94.79,93.61,91.61,87.74,84.16,83.41,78.86
WELL,Welltower,Real Estate,Health Care REITs,189.38,209.05,120.99,187.64,188.18,192.92,190.17,179.08,174.95,164.8
WST,West Pharmaceutical Services,Health Care,Health Care Supplies,275.86,347.77,186.94,275.84,272.78,273.18,275.04,264.5,258.11,242.22
WDC,Western Digital,Information Technology,"Technology Hardware, Storage & Peripherals",180.05,188.77,28.72,179.23,176.51,172.93,157.59,127.84,116.08,90.17
WY,Weyerhaeuser,Real Estate,Timber REITs,23.77,30.64,20.96,23.71,23.6,22.95,22.68,23.76,24.08,24.84
WSM,"Williams-Sonoma, Inc.",Consumer Discretionary,Homefurnishing Retail,187.05,217.31,128.49,188.86,188.12,185.0,186.69,191.68,189.09,177.15
WMB,Williams Companies,Energy,Oil & Gas Storage & Transportation,59.79,65.01,50.3,59.49,59.11,60.04,59.39,59.26,58.93,58.47
WTW,Willis Towers Watson,Financials,Insurance Brokers,334.39,352.79,291.3,333.64,332.08,326.23,323.75,329.34,325.24,320.33
WDAY,"Workday, Inc.",Information Technology,Application Software,218.99,283.68,205.33,217.99,217.37,218.3,225.84,228.35,229.35,234.9
WYNN,Wynn Resorts,Consumer Discretionary,Casinos & Gaming,122.21,134.72,64.8,124.51,125.47,126.34,124.11,122.22,119.44,106.37
XEL,Xcel Energy,Utilities,Multi-Utilities,74.15,83.01,61.07,74.1,73.94,75.37,78.57,76.77,75.46,72.8
XYL,Xylem Inc.,Industrials,Industrial Machinery & Supplies & Components,138.58,153.83,99.59,138.77,138.13,138.59,143.06,142.91,140.97,133.22
YUM,Yum! Brands,Consumer Discretionary,Restaurants,152.39,160.96,119.81,153.95,153.62,150.09,148.04,147.04,146.77,146.45
ZBRA,Zebra Technologies,Information Technology,Electronic Equipment & Instruments,245.57,427.76,205.73,246.78,251.9,257.69,261.88,285.8,294.03,286.68
ZBH,Zimmer Biomet,Health Care,Health Care Equipment,90.66,113.87,85.33,90.18,90.53,91.85,94.16,97.76,96.96,97.55
ZTS,Zoetis,Health Care,Pharmaceuticals,126.37,175.6,115.25,125.08,123.69,121.92,127.28,137.71,140.49,147.09
