Symbol,Company,GICS_Sector,GICS_Sub_Industry,Current_Price,52_Week_High,52_Week_Low,SMA_5,SMA_10,SMA_20,SMA_50,SMA_100,SMA_125,SMA_200
MMM,3M,Industrials,Industrial Conglomerates,158.8,163.4,120.83,155.37,155.12,155.41,153.85,151.59,148.16,145.94
AOS,A. O. Smith,Industrials,Building Products,73.54,88.41,58.25,73.05,72.61,72.91,72.13,69.36,68.35,67.83
ABT,Abbott Laboratories,Health Care,Health Care Equipment,132.99,139.95,109.57,133.41,134.28,133.42,131.63,131.85,131.23,128.51
ABBV,AbbVie,Health Care,Biotechnology,236.56,244.81,159.42,231.25,226.24,221.1,209.53,197.74,194.43,192.02
ACN,Accenture,Information Technology,IT Consulting & Other Services,244.34,394.41,229.4,244.12,240.75,242.56,250.79,277.32,280.19,305.76
ADBE,Adobe Inc.,Information Technology,Application Software,351.48,557.9,330.04,353.55,356.69,355.4,354.0,373.58,371.27,393.33
AMD,Advanced Micro Devices,Information Technology,Semiconductors,169.73,186.65,76.48,163.27,161.66,159.37,165.96,147.77,136.9,127.83
AES,AES Corporation,Utilities,Independent Power Producers & Energy Traders,14.29,19.17,9.28,13.84,13.49,13.15,13.18,12.21,11.78,11.62
AFL,Aflac,Financials,Life & Health Insurance,110.6,113.54,96.14,111.15,109.82,108.8,105.86,104.25,104.4,104.37
A,Agilent Technologies,Health Care,Life Sciences Tools & Services,138.7,152.88,96.03,130.45,127.59,126.89,122.0,118.83,115.97,122.41
APD,Air Products,Materials,Industrial Gases,270.6,334.71,240.55,268.79,272.71,280.32,286.02,282.51,278.64,286.6
ABNB,Airbnb,Consumer Discretionary,"Hotels, Resorts & Cruise Lines",121.49,163.93,99.88,122.37,123.27,123.23,126.5,130.65,128.15,130.01
AKAM,Akamai Technologies,Information Technology,Internet Services & Infrastructure,78.01,106.8,67.51,76.38,76.17,76.79,76.47,77.35,77.3,82.23
ALB,Albemarle Corporation,Materials,Specialty Chemicals,87.61,111.49,48.84,85.63,83.69,80.92,78.79,71.05,68.05,72.96
ARE,Alexandria Real Estate Equities,Real Estate,Office REITs,83.7,115.77,65.12,83.23,83.85,83.84,79.73,75.72,75.27,81.97
ALGN,Align Technology,Health Care,Health Care Supplies,128.7,256.22,122.0,126.8,127.86,130.79,142.87,164.83,166.06,178.03
ALLE,Allegion,Industrials,Building Products,177.74,180.34,116.14,176.37,176.48,175.55,170.59,157.07,151.88,143.36
LNT,Alliant Energy,Utilities,Electric Utilities,66.31,67.55,54.71,66.74,65.76,64.99,65.15,63.15,62.53,61.51
ALL,Allstate,Financials,Property & Casualty Insurance,210.01,215.7,173.88,211.88,209.88,204.99,203.75,201.23,199.57,196.88
GOOGL,Alphabet Inc. (Class A),Communication Services,Interactive Media & Services,245.69,256.0,140.23,244.86,247.61,245.46,219.68,196.71,188.44,185.85
GOOG,Alphabet Inc. (Class C),Communication Services,Interactive Media & Services,246.43,256.7,142.36,245.41,248.19,245.9,220.32,197.59,189.55,187.19
MO,Altria,Consumer Staples,Tobacco,65.75,67.51,45.54,65.9,65.33,65.2,64.18,60.91,59.99,56.92
AMZN,Amazon,Consumer Discretionary,Broadline Retail,222.41,242.52,161.38,220.91,222.27,227.3,226.86,220.68,213.06,214.62
AMCR,Amcor,Materials,Paper & Plastic Packaging Products & Materials,8.23,11.02,7.9,8.16,8.13,8.21,8.72,9.0,9.03,9.24
AEE,Ameren,Utilities,Multi-Utilities,102.92,104.52,82.82,103.28,101.71,100.63,100.39,97.89,97.63,96.07
AEP,American Electric Power,Utilities,Electric Utilities,113.46,115.08,87.57,111.53,109.66,108.85,110.54,106.51,106.06,103.03
AXP,American Express,Financials,Consumer Finance,330.48,349.19,219.87,335.04,337.94,333.27,319.11,311.39,301.03,298.04
AIG,American International Group,Financials,Multi-line Insurance,79.64,87.1,68.15,78.74,77.89,77.8,78.88,80.9,80.81,79.03
AMT,American Tower,Real Estate,Telecom Tower REITs,191.17,232.28,168.28,192.45,192.12,192.68,201.24,207.94,208.99,202.09
AWK,American Water Works,Utilities,Water Utilities,135.59,153.69,116.64,136.85,136.31,137.47,140.65,140.5,141.27,136.9
AMP,Ameriprise Financial,Financials,Asset Management & Custody Banks,490.66,576.69,393.57,493.48,492.92,492.28,503.47,512.1,502.49,509.23
AME,Ametek,Industrials,Electrical Components & Equipment,186.13,197.03,144.53,186.96,186.84,187.56,185.05,182.02,178.11,179.07
AMGN,Amgen,Health Care,Biotechnology,297.4,330.26,247.06,285.01,283.37,280.66,286.93,285.69,284.05,284.27
APH,Amphenol,Information Technology,Electronic Components,123.58,126.06,56.27,123.12,123.41,120.34,113.34,103.49,96.99,86.22
ADI,Analog Devices,Information Technology,Semiconductors,241.67,257.11,157.31,243.8,245.46,246.19,239.61,234.42,224.58,220.01
AON,Aon plc,Financials,Insurance Brokers,360.73,411.24,322.37,357.63,355.14,359.8,363.72,360.48,360.58,367.16
APA,APA Corporation,Energy,Oil & Gas Exploration & Production,23.88,26.13,13.18,24.45,24.21,23.67,21.82,20.11,19.17,19.91
APO,Apollo Global Management,Financials,Asset Management & Custody Banks,127.23,187.59,101.84,133.3,137.34,137.14,138.92,139.06,136.61,143.32
AAPL,Apple Inc.,Information Technology,"Technology Hardware, Storage & Peripherals",257.13,259.18,168.8,255.42,254.23,244.84,231.78,218.44,214.52,221.74
AMAT,Applied Materials,Information Technology,Semiconductor Materials & Equipment,223.59,226.4,123.04,210.99,204.75,187.47,179.2,177.73,171.11,169.07
APTV,Aptiv,Consumer Discretionary,Automotive Parts & Equipment,87.36,87.73,47.19,86.53,85.86,84.29,77.44,73.03,69.33,66.76
ACGL,Arch Capital Group,Financials,Property & Casualty Insurance,89.08,110.75,82.49,90.17,89.61,89.79,89.9,90.64,90.8,91.37
ADM,Archer Daniels Midland,Consumer Staples,Agricultural Products & Services,59.11,64.38,40.22,59.8,60.38,61.02,59.59,55.31,53.44,51.21
ANET,Arista Networks,Information Technology,Communications Equipment,144.46,156.32,59.43,145.06,145.01,144.76,136.48,117.34,109.36,106.66
AJG,Arthur J. Gallagher & Co.,Financials,Insurance Brokers,308.67,349.78,273.89,306.82,304.58,300.2,297.47,310.46,313.7,312.4
AIZ,Assurant,Financials,Multi-line Insurance,218.36,227.13,173.64,216.5,214.7,212.46,207.38,201.21,198.97,202.17
T,AT&T,Communication Services,Integrated Telecommunication Services,27.01,29.79,20.36,27.84,28.25,28.82,28.59,28.04,27.81,26.51
ATO,Atmos Energy,Utilities,Gas Utilities,168.85,171.2,133.63,169.4,167.24,165.93,163.57,158.53,157.82,152.32
ADSK,Autodesk,Information Technology,Application Software,320.91,329.09,232.67,319.84,321.48,322.12,306.78,302.74,295.52,291.9
ADP,Automatic Data Processing,Industrials,Human Resource & Employment Services,289.87,326.59,267.86,291.84,291.44,292.08,298.38,304.02,301.77,299.74
AZO,AutoZone,Consumer Discretionary,Automotive Retail,4253.71,4388.11,2980.1,4252.76,4195.81,4223.19,4111.52,3910.71,3858.67,3699.77
AVB,AvalonBay Communities,Real Estate,Multi-Family Residential REITs,190.1,231.37,177.24,191.91,191.55,191.95,190.58,195.87,196.53,202.34
AVY,Avery Dennison,Materials,Paper & Plastic Packaging Products & Materials,162.68,217.77,155.31,161.7,162.03,164.18,168.6,173.39,172.37,175.96
AXON,Axon Enterprise,Industrials,Aerospace & Defense,720.53,885.92,395.37,714.87,731.26,739.91,757.42,759.35,724.35,673.88
BKR,Baker Hughes,Energy,Oil & Gas Equipment & Services,48.4,50.93,33.21,49.31,49.05,47.74,45.61,41.97,40.86,41.8
BALL,Ball Corporation,Materials,"Metal, Glass & Plastic Containers",50.48,67.13,43.18,50.09,49.36,49.81,52.41,53.92,52.93,52.77
BAC,Bank of America,Financials,Diversified Banks,50.48,52.88,32.69,51.48,51.68,51.13,49.13,47.22,45.4,44.74
BAX,Baxter International,Health Care,Health Care Equipment,23.23,37.43,21.18,22.74,22.67,23.33,23.98,26.94,27.39,28.99
BDX,Becton Dickinson,Health Care,Health Care Equipment,191.6,248.0,161.47,187.66,186.51,187.61,188.03,180.35,182.48,199.34
BBY,Best Buy,Consumer Discretionary,Computer & Electronics Retail,76.62,98.08,53.55,76.28,74.73,74.86,71.77,70.32,68.76,72.81
TECH,Bio-Techne,Health Care,Life Sciences Tools & Services,62.09,80.37,45.87,56.34,54.25,53.43,54.1,52.36,51.88,57.91
BIIB,Biogen,Health Care,Biotechnology,155.25,195.0,110.04,145.09,142.12,142.94,137.46,133.27,130.33,135.29
BLK,BlackRock,Financials,Asset Management & Custody Banks,1160.54,1183.5,766.05,1159.9,1148.56,1132.94,1125.51,1069.27,1031.81,1010.12
BX,Blackstone Inc.,Financials,Asset Management & Custody Banks,166.58,196.67,114.16,171.4,176.88,178.43,173.97,160.63,154.48,156.86
XYZ,"Block, Inc.",Financials,Transaction & Payment Processing Services,76.81,99.26,44.27,74.31,75.27,75.17,76.19,70.49,67.04,70.52
BK,BNY Mellon,Financials,Asset Management & Custody Banks,106.38,110.87,68.8,108.29,108.55,107.07,104.37,97.62,93.74,89.28
BA,Boeing,Industrials,Aerospace & Defense,217.43,242.69,128.88,217.36,215.95,218.71,225.32,218.56,208.69,195.37
BKNG,Booking Holdings,Consumer Discretionary,"Hotels, Resorts & Cruise Lines",5424.55,5829.37,4032.06,5435.44,5468.91,5489.95,5524.53,5515.26,5361.71,5149.67
BSX,Boston Scientific,Health Care,Health Care Equipment,96.22,109.5,80.64,96.98,97.37,100.25,103.14,103.34,102.35,101.07
BMY,Bristol Myers Squibb,Health Care,Pharmaceuticals,45.73,61.84,42.96,45.31,44.9,45.77,46.47,46.77,47.28,50.79
AVGO,Broadcom,Information Technology,Semiconductors,338.18,373.59,137.54,332.78,336.14,343.86,316.85,286.24,265.57,245.42
BR,Broadridge Financial Solutions,Industrials,Data Processing & Outsourced Services,233.69,270.85,205.06,236.02,237.29,243.29,250.97,244.83,242.14,238.29
BRO,Brown & Brown,Financials,Insurance Brokers,93.45,125.31,89.99,93.36,92.92,92.95,94.44,101.49,103.99,106.41
BLDR,Builders FirstSource,Industrials,Building Products,127.72,201.53,102.6,122.7,121.68,130.97,133.78,126.09,124.18,132.21
BG,Bunge Global,Consumer Staples,Agricultural Products & Services,83.02,96.01,65.6,82.23,80.43,81.37,81.31,79.61,78.86,77.02
BXP,"BXP, Inc.",Real Estate,Office REITs,75.61,85.58,52.95,75.01,75.06,75.34,70.51,69.26,67.75,67.91
CHRW,C.H. Robinson,Industrials,Air Freight & Logistics,134.77,138.0,83.72,132.7,133.49,132.17,123.66,109.83,105.65,103.6
CDNS,Cadence Design Systems,Information Technology,Application Software,347.24,376.45,221.56,349.82,357.01,354.65,352.22,330.74,319.77,305.46
CZR,Caesars Entertainment,Consumer Discretionary,Casinos & Gaming,26.9,45.93,21.4,26.96,26.47,26.14,26.13,27.38,27.17,29.16
CPT,Camden Property Trust,Real Estate,Multi-Family Residential REITs,104.42,123.08,100.41,105.65,106.04,107.1,107.46,110.58,110.7,112.05
CPB,Campbell's Company (The),Consumer Staples,Packaged Foods & Meats,31.6,47.58,29.39,31.62,32.45,32.98,32.64,32.57,33.35,35.36
COF,Capital One,Financials,Consumer Finance,213.78,231.82,141.57,217.5,221.1,222.65,218.76,211.04,203.32,196.64
CAH,Cardinal Health,Health Care,Health Care Distributors,158.46,167.89,105.46,156.02,153.29,151.51,151.83,154.76,151.23,141.4
KMX,CarMax,Consumer Discretionary,Automotive Retail,46.07,91.25,42.75,45.42,50.39,55.37,57.24,61.62,62.76,69.5
CCL,Carnival,Consumer Discretionary,"Hotels, Resorts & Cruise Lines",28.85,32.8,15.07,29.23,29.89,30.7,30.4,27.99,26.08,25.25
CARR,Carrier Global,Industrials,Building Products,58.9,82.31,53.89,59.21,59.42,60.96,64.99,69.1,67.72,67.2
CAT,Caterpillar Inc.,Industrials,Construction Machinery & Heavy Transportation Equipment,490.57,495.98,265.05,477.18,472.93,453.67,435.89,403.62,383.06,371.93
CBOE,Cboe Global Markets,Financials,Financial Exchanges & Data,241.49,255.27,186.22,243.61,241.53,237.95,241.87,235.23,231.71,221.82
CBRE,CBRE Group,Real Estate,Real Estate Services,155.63,167.56,108.45,157.34,159.0,161.55,159.16,146.48,141.32,138.94
CDW,CDW Corporation,Information Technology,Technology Distributors,159.42,223.63,136.33,160.86,161.17,163.92,166.24,172.54,169.33,172.62
COR,Cencora,Health Care,Health Care Distributors,308.57,315.23,216.84,309.59,303.63,299.42,294.24,292.98,291.23,274.79
CNC,Centene Corporation,Health Care,Managed Health Care,36.82,75.28,25.08,35.66,34.46,33.03,29.73,39.28,43.65,49.93
CNP,CenterPoint Energy,Utilities,Multi-Utilities,38.29,40.5,27.87,38.64,38.55,38.22,38.13,37.28,37.23,35.61
CF,CF Industries,Materials,Fertilizers & Agricultural Chemicals,89.84,103.84,66.56,89.72,88.78,86.94,87.22,89.79,86.92,85.34
CRL,Charles River Laboratories,Health Care,Life Sciences Tools & Services,175.36,230.02,91.86,159.57,155.24,155.76,159.75,153.98,146.73,155.36
SCHW,Charles Schwab Corporation,Financials,Investment Banking & Brokerage,92.7,99.42,61.62,94.55,94.26,93.5,95.39,92.48,89.54,84.95
CHTR,Charter Communications,Communication Services,Cable & Satellite,269.61,437.06,251.8,273.87,269.9,266.5,270.19,335.04,339.99,346.79
CVX,Chevron Corporation,Energy,Integrated Oil & Gas,153.37,165.09,129.01,155.9,156.91,157.03,155.55,149.12,146.17,147.82
CMG,Chipotle Mexican Grill,Consumer Discretionary,Restaurants,40.27,66.74,38.3,39.68,39.64,39.51,41.65,47.25,47.69,50.62
CB,Chubb Limited,Financials,Property & Casualty Insurance,281.37,305.88,250.52,281.06,278.46,277.39,274.37,279.81,280.53,279.14
CHD,Church & Dwight,Consumer Staples,Household Products,88.4,115.72,85.08,87.36,87.37,90.31,92.21,94.49,95.4,99.41
CI,Cigna,Health Care,Health Care Services,296.98,352.15,255.6,289.94,289.42,294.76,291.14,301.01,306.29,301.99
CINF,Cincinnati Financial,Financials,Property & Casualty Insurance,160.51,160.64,121.6,158.33,156.5,155.08,152.53,149.67,146.66,143.91
CTAS,Cintas,Industrials,Diversified Support Services,202.91,228.77,179.74,203.99,202.54,202.07,211.53,216.03,213.98,207.82
CSCO,Cisco,Information Technology,Communications Equipment,68.31,72.55,50.91,68.08,67.91,67.65,68.1,66.9,64.85,63.12
C,Citigroup,Financials,Diversified Banks,97.34,105.59,54.71,100.83,101.71,100.29,96.65,88.71,83.95,80.1
CFG,Citizens Financial Group,Financials,Regional Banks,52.98,54.5,31.96,53.18,53.12,52.5,50.49,46.77,44.62,44.11
CLX,Clorox,Consumer Staples,Household Products,122.25,166.9,116.17,123.12,122.34,123.52,122.86,124.58,127.08,136.0
CME,CME Group,Financials,Financial Exchanges & Data,265.43,288.09,204.81,268.8,266.17,263.58,269.66,271.86,270.55,259.8
CMS,CMS Energy,Utilities,Multi-Utilities,71.83,75.33,62.54,72.41,71.68,71.33,72.05,70.86,71.01,69.97
KO,Coca-Cola Company (The),Consumer Staples,Soft Drinks & Non-alcoholic Beverages,66.1,73.29,59.3,66.18,66.27,66.56,67.94,68.91,69.24,67.64
CTSH,Cognizant,Information Technology,IT Consulting & Other Services,67.0,89.77,64.98,66.93,67.25,68.66,70.32,74.48,73.98,76.24
COIN,Coinbase,Financials,Financial Exchanges & Data,372.07,444.65,142.58,340.46,332.52,326.31,325.69,317.02,291.08,274.01
CL,Colgate-Palmolive,Consumer Staples,Household Products,78.31,101.54,78.18,79.45,79.88,81.51,83.59,86.64,87.6,88.12
CMCSA,Comcast,Communication Services,Cable & Satellite,30.4,43.66,30.38,31.0,31.12,31.91,32.48,33.46,33.44,34.15
CAG,Conagra Brands,Consumer Staples,Packaged Foods & Meats,19.18,31.04,17.89,18.6,18.47,18.8,18.95,19.98,20.81,22.44
COP,ConocoPhillips,Energy,Oil & Gas Exploration & Production,93.38,112.56,78.56,95.55,94.76,93.94,94.62,92.47,91.36,93.62
ED,Consolidated Edison,Utilities,Multi-Utilities,97.64,112.97,85.07,99.1,98.42,97.68,99.85,100.38,101.98,99.44
STZ,Constellation Brands,Consumer Staples,Distillers & Vintners,140.51,253.14,131.2,136.62,134.73,137.47,154.57,163.53,167.47,174.55
CEG,Constellation Energy,Utilities,Electric Utilities,357.46,357.67,160.94,340.59,338.31,327.16,326.12,316.03,296.94,282.43
COO,Cooper Companies (The),Health Care,Health Care Supplies,69.12,110.13,61.78,68.19,67.99,67.5,69.9,71.92,73.41,79.54
CPRT,Copart,Industrials,Diversified Support Services,44.57,64.38,44.23,44.82,45.09,46.42,46.95,49.12,51.24,53.31
GLW,Corning Inc.,Information Technology,Electronic Components,82.52,84.34,36.95,81.46,80.6,78.12,69.82,60.24,56.69,53.52
CPAY,Corpay,Financials,Transaction & Payment Processing Services,286.98,400.81,269.02,290.8,294.22,301.82,313.1,323.25,321.34,335.07
CTVA,Corteva,Materials,Fertilizers & Agricultural Chemicals,63.49,77.22,53.14,65.69,67.52,69.66,71.33,71.71,69.45,66.19
CSGP,CoStar Group,Real Estate,Real Estate Services,83.9,97.43,68.26,83.99,84.58,86.29,89.43,84.68,83.34,80.44
COST,Costco,Consumer Staples,Consumer Staples Merchandise Retail,916.77,1075.34,862.73,918.51,931.92,947.49,953.6,974.09,974.26,972.07
CTRA,Coterra,Energy,Oil & Gas Exploration & Production,23.15,29.29,21.84,23.65,23.55,23.88,23.87,24.4,24.41,25.28
CRWD,CrowdStrike,Information Technology,Systems Software,496.8,517.98,272.67,491.4,488.62,464.38,446.54,460.2,447.22,420.9
CCI,Crown Castle,Real Estate,Telecom Tower REITs,95.46,114.47,81.02,95.83,94.91,94.36,99.17,99.6,99.61,96.17
CSX,CSX Corporation,Industrials,Rail Transportation,35.57,37.1,26.01,35.18,34.38,33.47,34.2,33.24,32.14,31.87
CMI,Cummins,Industrials,Construction Machinery & Heavy Transportation Equipment,432.59,433.0,257.24,423.42,422.18,415.41,397.93,362.81,347.51,347.01
CVS,CVS Health,Health Care,Health Care Services,77.45,77.76,42.12,76.21,75.86,74.67,70.08,66.95,66.75,62.86
DHR,Danaher Corporation,Health Care,Life Sciences Tools & Services,210.33,277.73,170.43,198.47,193.16,193.32,199.58,197.54,196.15,204.54
DRI,Darden Restaurants,Consumer Discretionary,Restaurants,193.49,226.68,151.84,191.47,188.74,199.07,202.93,207.82,205.53,199.09
DDOG,Datadog,Information Technology,Application Software,151.57,170.08,81.63,146.2,141.88,139.54,136.75,132.42,125.47,126.7
DVA,DaVita,Health Care,Health Care Services,132.1,179.6,126.07,131.85,131.73,132.22,135.21,137.89,139.01,145.39
DAY,Dayforce,Industrials,Human Resource & Employment Services,68.99,82.69,48.01,68.9,68.86,68.9,64.18,60.99,59.92,62.14
DECK,Deckers Brands,Consumer Discretionary,Footwear,103.8,223.98,93.72,103.08,107.15,112.32,110.63,109.5,109.74,131.14
DE,Deere & Company,Industrials,Agricultural & Farm Machinery,461.82,530.24,381.67,459.41,463.49,467.51,484.85,497.11,489.0,477.07
DELL,Dell Technologies,Information Technology,"Technology Hardware, Storage & Peripherals",147.37,152.1,65.56,140.7,136.85,131.47,131.79,124.6,117.09,112.77
DAL,Delta Air Lines,Industrials,Passenger Airlines,57.08,69.36,34.52,56.96,57.67,58.83,58.01,54.32,51.77,54.25
DVN,Devon Energy,Energy,Oil & Gas Exploration & Production,34.32,42.12,25.53,35.44,35.03,34.86,34.18,33.34,32.63,33.23
DXCM,Dexcom,Health Care,Health Care Equipment,66.44,93.25,57.52,66.67,67.43,72.19,76.98,80.81,78.88,79.46
FANG,Diamondback Energy,Energy,Oil & Gas Exploration & Production,143.19,195.31,112.4,144.33,143.27,140.7,142.42,141.51,139.25,146.09
DLR,Digital Realty,Real Estate,Data Center REITs,173.75,192.35,128.14,171.93,172.39,170.93,169.42,170.24,166.46,164.52
DG,Dollar General,Consumer Staples,Consumer Staples Merchandise Retail,101.4,117.95,65.67,101.9,102.45,104.25,108.4,107.86,104.53,93.57
DLTR,Dollar Tree,Consumer Staples,Consumer Staples Merchandise Retail,90.24,118.06,60.49,92.84,93.85,95.99,106.2,101.98,97.29,87.71
D,Dominion Energy,Utilities,Multi-Utilities,61.09,61.75,46.96,60.88,60.59,59.98,59.75,57.59,56.51,55.24
DPZ,Domino's,Consumer Discretionary,Restaurants,431.24,495.24,392.06,432.25,428.69,439.26,448.47,456.34,458.76,453.53
DASH,DoorDash,Consumer Discretionary,Specialized Consumer Services,270.09,278.15,140.53,268.94,266.13,261.97,255.06,238.97,227.85,211.82
DOV,Dover Corporation,Industrials,Industrial Machinery & Supplies & Components,166.75,220.46,142.22,166.92,167.82,171.2,175.78,179.02,176.15,181.31
DOW,Dow Inc.,Materials,Commodity Chemicals,23.69,51.7,20.11,23.1,23.04,23.71,23.44,25.83,26.22,30.09
DHI,D. R. Horton,Consumer Discretionary,Homebuilding,171.47,193.34,109.8,170.08,168.17,172.19,164.65,145.77,141.04,138.43
DTE,DTE Energy,Utilities,Multi-Utilities,139.28,141.96,111.81,140.21,138.72,136.85,137.25,134.99,134.37,130.49
DUK,Duke Energy,Utilities,Electric Utilities,121.57,126.75,102.41,122.71,122.53,121.8,122.11,118.84,118.7,115.74
DD,DuPont,Materials,Specialty Chemicals,80.99,87.71,53.17,78.07,77.45,77.37,75.16,72.5,70.4,72.65
EMN,Eastman Chemical Company,Materials,Specialty Chemicals,64.37,107.55,56.08,62.95,63.36,64.89,65.98,71.85,72.54,79.44
ETN,Eaton Corporation,Industrials,Electrical Components & Equipment,376.76,398.4,230.37,371.52,371.59,366.61,363.54,351.97,337.6,327.87
EBAY,eBay Inc.,Consumer Discretionary,Broadline Retail,88.4,100.83,55.44,89.85,90.85,91.0,91.79,83.48,79.95,74.52
ECL,Ecolab,Materials,Specialty Chemicals,274.0,285.35,220.55,272.3,269.41,269.53,271.91,268.09,262.62,257.3
EIX,Edison International,Utilities,Electric Utilities,54.49,85.03,46.98,55.26,55.06,55.17,54.83,53.52,53.85,55.81
EW,Edwards Lifesciences,Health Care,Health Care Equipment,76.65,83.0,64.01,76.83,75.68,76.63,78.43,77.51,76.48,74.82
EA,Electronic Arts,Communication Services,Interactive Home Entertainment,201.0,203.75,114.77,199.95,185.6,178.09,170.99,160.81,157.64,150.05
ELV,Elevance Health,Health Care,Managed Health Care,340.24,515.26,272.22,326.86,323.27,316.95,304.92,334.5,351.29,366.88
EMR,Emerson Electric,Industrials,Electrical Components & Equipment,133.05,149.68,89.31,130.65,131.19,132.16,134.56,131.66,125.77,123.45
ENPH,Enphase Energy,Information Technology,Semiconductor Materials & Equipment,37.74,113.83,29.89,36.54,37.41,37.83,35.97,38.99,41.06,49.84
ETR,Entergy,Utilities,Electric Utilities,93.57,94.31,62.53,93.19,91.66,90.06,89.41,85.76,84.95,83.07
EOG,EOG Resources,Energy,Oil & Gas Exploration & Production,110.4,135.49,100.76,112.89,114.55,116.67,118.53,117.66,115.89,119.3
EPAM,EPAM Systems,Information Technology,IT Consulting & Other Services,152.77,269.0,138.15,152.44,153.53,155.99,160.92,168.1,165.48,186.57
EQT,EQT Corporation,Energy,Oil & Gas Exploration & Production,55.76,60.83,34.99,54.97,53.2,51.85,51.91,54.08,53.29,51.95
EFX,Equifax,Industrials,Research & Consulting Services,232.35,293.4,199.2,250.52,253.39,254.55,248.13,255.42,252.4,251.94
EQIX,Equinix,Real Estate,Data Center REITs,772.6,977.63,693.42,780.37,786.71,784.38,780.89,809.13,808.8,839.01
EQR,Equity Residential,Real Estate,Multi-Family Residential REITs,63.48,75.25,58.19,64.19,64.31,64.73,64.19,65.75,65.92,66.93
ERIE,Erie Indemnity,Financials,Insurance Brokers,314.61,537.36,307.17,314.81,315.76,322.48,342.73,348.05,355.07,374.37
ESS,Essex Property Trust,Real Estate,Multi-Family Residential REITs,263.88,307.81,239.32,265.4,264.42,264.29,262.68,271.08,270.95,275.76
EL,Estée Lauder Companies (The),Consumer Staples,Personal Care Products,88.77,97.46,47.94,87.78,87.1,87.39,89.21,82.21,77.01,75.03
EG,Everest Group,Financials,Reinsurance,351.05,400.59,318.14,349.88,344.83,342.26,338.63,339.0,340.3,344.27
EVRG,Evergy,Utilities,Electric Utilities,76.09,76.46,56.68,75.49,74.25,72.95,71.93,69.33,68.71,66.65
ES,Eversource Energy,Utilities,Electric Utilities,71.79,71.99,51.06,70.97,69.58,66.49,65.33,64.46,62.97,60.92
EXC,Exelon,Utilities,Electric Utilities,44.97,47.26,34.98,44.68,44.25,43.73,44.06,43.46,43.83,42.5
EXE,Expand Energy,Energy,Oil & Gas Exploration & Production,107.86,121.47,78.19,107.17,104.08,100.29,98.3,104.89,104.46,103.04
EXPE,Expedia Group,Consumer Discretionary,"Hotels, Resorts & Cruise Lines",217.69,229.0,129.46,218.55,219.29,220.11,207.68,189.46,182.49,181.82
EXPD,Expeditors International,Industrials,Air Freight & Logistics,123.06,129.5,99.78,122.36,121.47,122.23,120.1,117.19,115.3,114.86
EXR,Extra Space Storage,Real Estate,Self-Storage REITs,141.47,173.69,118.4,140.96,139.67,141.98,140.47,143.54,142.43,143.95
XOM,ExxonMobil,Energy,Integrated Oil & Gas,111.29,121.93,96.01,113.49,113.64,112.96,110.7,109.13,107.99,107.9
FFIV,"F5, Inc.",Information Technology,Communications Equipment,327.18,337.39,213.24,325.04,325.72,325.28,318.43,304.99,296.19,288.3
FDS,FactSet,Financials,Financial Exchanges & Data,281.88,495.04,280.23,287.09,287.87,320.94,359.39,400.39,405.32,424.63
FICO,Fair Isaac,Information Technology,Application Software,1784.68,2402.52,1300.0,1567.63,1548.06,1547.55,1469.11,1622.08,1683.22,1760.15
FAST,Fastenal,Industrials,Trading Companies & Distributors,48.17,50.63,33.96,48.5,48.06,47.84,48.13,45.17,44.0,41.4
FRT,Federal Realty Investment Trust,Real Estate,Retail REITs,99.01,113.0,78.83,99.21,98.8,99.3,96.34,94.95,94.08,96.78
FDX,FedEx,Industrials,Air Freight & Logistics,242.32,301.45,191.82,238.42,235.78,231.23,228.97,226.84,223.09,235.72
FIS,Fidelity National Information Services,Financials,Transaction & Payment Processing Services,66.45,90.1,63.0,65.78,65.0,66.14,69.98,74.76,74.67,74.83
FITB,Fifth Third Bancorp,Financials,Regional Banks,44.22,47.33,31.68,44.63,44.78,44.96,43.64,41.72,40.32,40.59
FSLR,First Solar,Information Technology,Semiconductors,232.13,252.9,116.56,224.21,221.07,213.17,199.99,182.48,172.01,167.39
FE,FirstEnergy,Utilities,Electric Utilities,45.46,46.26,36.81,45.62,44.68,44.05,43.44,41.93,41.72,40.63
FI,Fiserv,Financials,Transaction & Payment Processing Services,125.76,238.59,124.89,128.16,129.21,131.67,134.96,151.16,160.02,181.36
F,Ford Motor Company,Consumer Discretionary,Automobile Manufacturers,12.22,12.43,8.21,12.11,11.88,11.76,11.51,11.1,10.78,10.25
FTNT,Fortinet,Information Technology,Systems Software,86.29,114.82,70.12,84.9,84.58,82.35,84.25,93.85,94.83,96.89
FTV,Fortive,Industrials,Industrial Machinery & Supplies & Components,49.78,62.58,45.4,49.26,48.75,48.55,48.39,50.74,50.63,53.41
FOXA,Fox Corporation (Class A),Communication Services,Broadcasting,62.06,65.3,40.74,62.21,61.61,60.41,58.55,56.8,55.25,54.0
FOX,Fox Corporation (Class B),Communication Services,Broadcasting,55.88,59.29,37.5,56.28,55.62,54.6,53.26,51.92,50.64,49.92
BEN,Franklin Resources,Financials,Asset Management & Custody Banks,22.91,25.72,15.81,22.92,23.26,23.73,24.35,23.42,22.36,21.18
FCX,Freeport-McMoRan,Materials,Copper,38.87,50.7,27.45,38.01,39.85,42.59,42.58,42.23,40.71,39.71
GRMN,Garmin,Consumer Discretionary,Consumer Electronics,257.74,258.41,158.5,249.03,242.72,239.86,234.77,221.16,214.64,213.8
IT,Gartner,Information Technology,IT Consulting & Other Services,257.23,584.01,223.65,259.28,259.61,253.02,262.71,336.12,351.0,402.86
GE,GE Aerospace,Industrials,Aerospace & Defense,299.45,306.88,158.62,297.88,299.28,291.69,279.64,262.45,248.41,226.97
GEHC,GE HealthCare,Health Care,Health Care Equipment,76.82,94.71,57.59,74.6,74.27,75.58,74.33,73.75,72.06,76.69
GEV,GE Vernova,Industrials,Heavy Electrical Equipment,606.23,677.29,248.02,606.98,617.33,616.85,624.36,561.4,518.72,453.47
GEN,Gen Digital,Information Technology,Systems Software,28.08,32.09,22.55,28.44,28.66,28.92,29.76,29.46,28.57,28.05
GNRC,Generac,Industrials,Electrical Components & Equipment,169.99,203.25,99.5,167.87,170.59,177.24,183.03,159.27,149.95,148.11
GD,General Dynamics,Industrials,Aerospace & Defense,341.05,341.64,236.67,337.06,330.33,327.61,321.15,302.93,296.04,281.77
GIS,General Mills,Consumer Staples,Packaged Foods & Meats,50.32,71.87,48.29,50.24,50.27,50.09,49.78,51.08,52.05,54.76
GM,General Motors,Consumer Discretionary,Automobile Manufacturers,59.36,62.14,41.36,60.81,60.1,59.27,56.87,53.41,51.73,50.83
GPC,Genuine Parts Company,Consumer Discretionary,Distributors,140.39,143.1,102.41,138.81,138.29,139.03,136.37,129.87,126.63,123.08
GILD,Gilead Sciences,Health Care,Biotechnology,110.56,120.99,80.42,111.49,112.31,113.1,113.85,110.83,109.12,105.65
GPN,Global Payments,Financials,Transaction & Payment Processing Services,86.42,118.69,65.53,85.06,85.69,85.74,85.01,81.85,81.11,89.96
GL,Globe Life,Financials,Life & Health Insurance,139.44,147.83,99.63,142.29,143.5,142.46,140.39,130.61,128.57,125.31
GDDY,GoDaddy,Information Technology,Internet Services & Infrastructure,134.0,216.0,131.29,137.22,140.61,143.35,147.37,162.88,165.63,175.78
GS,Goldman Sachs,Financials,Investment Banking & Brokerage,779.38,825.25,434.87,793.57,797.19,786.06,751.21,698.62,662.76,634.2
HAL,Halliburton,Energy,Oil & Gas Equipment & Services,24.38,31.66,18.43,24.8,24.25,23.2,22.28,21.62,21.35,23.01
HIG,Hartford (The),Financials,Property & Casualty Insurance,132.94,135.17,103.64,132.92,132.15,131.74,129.98,127.72,125.9,121.06
HAS,Hasbro,Consumer Discretionary,Leisure Products,75.17,82.19,48.07,75.77,75.23,76.28,77.47,73.78,70.15,65.77
HCA,HCA Healthcare,Health Care,Health Care Facilities,426.69,429.44,288.25,423.79,416.95,411.12,393.84,384.07,374.79,353.5
DOC,Healthpeak Properties,Real Estate,Health Care REITs,19.18,21.94,16.26,19.09,18.85,18.48,17.73,17.51,17.53,18.22
HSIC,Henry Schein,Health Care,Health Care Distributors,66.03,82.49,60.56,66.02,66.85,67.62,68.08,69.92,69.0,70.57
HSY,Hershey Company (The),Consumer Staples,Packaged Foods & Meats,189.02,202.98,136.73,187.42,188.65,188.13,184.85,174.88,172.55,168.55
HPE,Hewlett Packard Enterprise,Information Technology,"Technology Hardware, Storage & Peripherals",24.48,25.36,11.82,24.42,24.56,24.43,22.55,20.62,19.53,19.55
HLT,Hilton Worldwide,Consumer Discretionary,"Hotels, Resorts & Cruise Lines",258.91,279.81,195.81,259.83,262.25,267.57,268.94,263.7,255.05,252.36
HOLX,Hologic,Health Care,Health Care Equipment,67.91,84.39,51.9,67.36,67.03,66.51,66.91,64.81,63.33,64.71
HD,Home Depot (The),Consumer Discretionary,Home Improvement Retail,395.01,429.19,322.47,402.82,406.99,413.11,400.21,382.02,375.91,378.68
HON,Honeywell,Industrials,Industrial Conglomerates,211.01,240.47,177.52,209.83,209.31,210.97,215.67,221.59,217.22,215.97
HRL,Hormel Foods,Consumer Staples,Packaged Foods & Meats,24.66,32.84,23.71,24.71,24.62,24.9,26.79,28.4,28.63,28.93
HST,Host Hotels & Resorts,Real Estate,Hotel & Resort REITs,17.11,18.32,11.93,17.15,17.15,17.25,16.54,15.99,15.51,15.62
HWM,Howmet Aerospace,Industrials,Aerospace & Defense,191.08,198.48,98.55,193.45,192.33,188.38,182.54,178.33,169.51,152.58
HPQ,HP Inc.,Information Technology,"Technology Hardware, Storage & Peripherals",26.48,38.25,20.76,26.8,27.33,27.82,26.9,26.17,25.75,27.63
HUBB,Hubbell Incorporated,Industrials,Industrial Machinery & Supplies & Components,423.42,475.24,297.55,427.17,430.26,434.51,432.85,416.28,401.82,396.87
HUM,Humana,Health Care,Managed Health Care,256.62,314.25,206.15,254.75,255.45,267.34,271.38,252.37,254.69,258.34
HBAN,Huntington Bancshares,Financials,Regional Banks,17.04,17.93,11.7,17.22,17.32,17.43,16.97,16.53,15.97,15.86
HII,Huntington Ingalls Industries,Industrials,Aerospace & Defense,282.22,291.7,155.93,282.89,279.05,275.74,270.45,252.99,245.55,223.79
IBM,IBM,Information Technology,IT Consulting & Other Services,286.72,294.17,197.92,283.9,277.85,267.37,254.54,264.7,258.92,250.9
IEX,IDEX Corporation,Industrials,Industrial Machinery & Supplies & Components,165.18,235.67,152.2,163.12,161.56,161.93,164.49,172.75,172.26,182.25
IDXX,Idexx Laboratories,Health Care,Health Care Equipment,633.84,688.12,356.14,631.12,634.96,640.56,631.26,577.69,547.94,504.04
ITW,Illinois Tool Works,Industrials,Industrial Machinery & Supplies & Components,260.73,273.07,212.05,260.12,259.4,260.85,259.91,253.58,249.31,250.44
INCY,Incyte,Health Care,Biotechnology,86.28,88.66,53.56,84.88,84.6,84.91,82.65,74.94,71.79,70.85
IR,Ingersoll Rand,Industrials,Industrial Machinery & Supplies & Components,84.18,105.95,65.58,83.03,82.13,80.98,80.51,82.17,80.49,83.22
PODD,Insulet Corporation,Health Care,Health Care Equipment,312.21,353.5,225.37,311.11,319.98,329.81,319.9,313.78,302.2,289.81
INTC,Intel,Information Technology,Semiconductors,37.3,37.57,17.67,35.35,32.97,29.1,25.11,23.4,22.74,22.31
ICE,Intercontinental Exchange,Financials,Financial Exchanges & Data,160.98,188.82,141.12,165.56,167.11,169.94,176.75,177.55,174.61,169.42
IFF,International Flavors & Fragrances,Materials,Specialty Chemicals,61.51,104.48,59.73,61.06,61.42,62.98,65.72,70.5,71.13,74.98
IP,International Paper,Materials,Paper & Plastic Packaging Products & Materials,46.65,58.71,42.44,46.14,46.12,46.45,47.8,48.03,47.48,49.65
IPG,Interpublic Group of Companies (The),Communication Services,Advertising,26.26,31.81,21.93,26.82,26.36,26.42,25.92,24.94,24.73,25.44
INTU,Intuit,Information Technology,Application Software,681.86,813.7,531.0,687.44,691.39,676.62,705.36,724.76,700.45,665.12
ISRG,Intuitive Surgical,Health Care,Health Care Equipment,443.01,616.0,425.0,441.72,442.18,445.98,464.73,499.7,500.1,517.9
IVZ,Invesco,Financials,Asset Management & Custody Banks,23.61,23.83,11.33,23.07,22.74,22.5,21.73,18.71,17.61,17.22
INVH,Invitation Homes,Real Estate,Single-Family Residential REITs,28.7,35.13,28.58,29.05,29.12,29.4,29.99,31.31,31.63,31.58
IQV,IQVIA,Health Care,Life Sciences Tools & Services,204.34,237.34,134.65,191.67,187.78,187.71,187.92,171.26,166.93,176.93
IRM,Iron Mountain,Real Estate,Other Specialized REITs,103.3,126.21,71.19,101.76,101.93,99.37,95.17,96.95,94.7,94.9
JBHT,J.B. Hunt,Industrials,Cargo Ground Transportation,134.2,198.61,122.01,134.06,133.07,135.92,140.81,142.73,140.47,149.26
JBL,Jabil,Information Technology,Electronic Manufacturing Services,215.69,237.14,108.57,215.61,220.55,217.22,216.27,205.21,192.08,176.65
JKHY,Jack Henry & Associates,Financials,Transaction & Payment Processing Services,146.31,194.68,144.13,148.42,149.55,154.77,160.74,170.07,170.31,171.58
J,Jacobs Solutions,Industrials,Construction & Engineering,153.99,154.35,104.68,150.53,149.4,147.9,146.49,138.11,133.99,131.9
JNJ,Johnson & Johnson,Health Care,Pharmaceuticals,185.98,186.59,137.37,183.76,180.02,178.56,175.07,164.41,161.92,158.02
JCI,Johnson Controls,Industrials,Building Products,108.66,112.63,67.78,108.53,108.13,107.74,106.91,104.88,100.03,92.99
JPM,JPMorgan Chase,Financials,Diversified Banks,307.55,318.01,199.85,313.09,313.23,308.67,300.4,287.58,277.45,266.68
K,Kellanova,Consumer Staples,Packaged Foods & Meats,82.65,83.0,76.48,81.41,79.25,79.23,79.3,79.61,79.94,80.1
KVUE,Kenvue,Consumer Staples,Personal Care Products,15.73,24.71,15.47,16.11,16.61,17.56,19.83,20.89,21.22,21.37
KDP,Keurig Dr Pepper,Consumer Staples,Soft Drinks & Non-alcoholic Beverages,25.74,36.61,25.27,25.6,25.84,26.51,30.15,31.5,32.0,31.94
KEY,KeyCorp,Financials,Regional Banks,18.45,19.41,12.43,18.68,18.75,18.87,18.46,17.58,16.9,16.72
KEYS,Keysight Technologies,Information Technology,Electronic Equipment & Instruments,175.16,186.2,121.43,173.96,175.04,173.19,167.82,165.18,160.21,161.67
KMB,Kimberly-Clark,Consumer Staples,Household Products,122.62,147.59,120.67,123.02,123.32,125.55,128.15,129.9,130.43,130.71
KIM,Kimco Realty,Real Estate,Retail REITs,21.36,24.7,17.52,21.6,21.67,22.0,21.66,21.27,20.98,21.13
KMI,Kinder Morgan,Energy,Oil & Gas Storage & Transportation,28.22,30.49,21.07,28.28,27.92,27.56,27.23,27.44,27.17,27.06
KKR,KKR & Co.,Financials,Asset Management & Custody Banks,124.63,169.7,85.9,130.11,136.73,139.46,141.63,135.42,129.88,132.95
KLAC,KLA Corporation,Information Technology,Semiconductor Materials & Equipment,1139.26,1155.0,548.81,1095.03,1079.02,1019.7,944.06,898.32,851.35,795.07
KHC,Kraft Heinz,Consumer Staples,Packaged Foods & Meats,26.07,34.37,25.07,26.03,26.2,26.28,26.88,26.6,26.92,27.67
KR,Kroger,Consumer Staples,Food Retail,66.36,74.52,53.78,66.43,65.87,66.59,68.83,68.82,68.98,66.56
LHX,L3Harris,Industrials,Aerospace & Defense,296.1,305.94,190.25,298.5,292.02,285.17,277.73,261.95,252.37,235.58
LH,Labcorp,Health Care,Health Care Services,279.44,289.2,208.23,281.78,280.05,278.39,272.93,262.69,256.08,249.46
LRCX,Lam Research,Information Technology,Semiconductor Materials & Equipment,146.99,147.35,56.07,136.62,132.98,123.45,109.27,100.29,93.93,87.64
LW,Lamb Weston,Consumer Staples,Packaged Foods & Meats,62.14,82.35,47.25,58.62,56.51,56.66,56.0,54.29,53.92,55.36
LVS,Las Vegas Sands,Consumer Discretionary,Casinos & Gaming,55.05,58.05,29.84,54.57,53.87,53.69,53.8,48.83,46.01,45.45
LDOS,Leidos,Industrials,Diversified Support Services,192.89,200.78,122.65,188.8,187.62,184.79,178.24,166.31,161.71,153.44
LEN,Lennar,Consumer Discretionary,Homebuilding,128.33,181.28,97.54,127.26,125.85,131.38,127.98,118.84,116.36,119.64
LII,Lennox International,Industrials,Building Products,546.61,687.72,496.64,530.6,528.92,542.61,572.9,575.72,569.43,582.34
LLY,Lilly (Eli),Health Care,Pharmaceuticals,819.85,931.67,622.41,771.86,756.97,754.42,735.15,750.82,758.7,781.05
LIN,Linde plc,Materials,Industrial Gases,469.48,484.83,406.06,472.44,474.68,475.34,473.68,468.41,463.35,455.64
LYV,Live Nation Entertainment,Communication Services,Movies & Entertainment,156.67,175.25,107.65,161.02,162.22,166.04,161.19,153.26,148.58,143.79
LKQ,LKQ Corporation,Consumer Discretionary,Distributors,31.31,43.77,28.65,30.74,30.55,31.27,31.0,34.85,35.75,36.77
LMT,Lockheed Martin,Industrials,Aerospace & Defense,499.36,602.02,407.14,495.4,488.76,478.39,451.88,457.41,457.91,457.02
L,Loews Corporation,Financials,Multi-line Insurance,101.67,101.79,74.95,100.44,99.24,97.97,95.74,92.71,91.28,89.06
LOW,Lowe's,Consumer Discretionary,Home Improvement Retail,247.33,281.56,204.22,251.41,255.53,262.81,252.81,237.83,234.1,237.54
LULU,Lululemon Athletica,Consumer Discretionary,"Apparel, Accessories & Luxury Goods",178.2,423.32,159.25,177.82,175.67,170.17,188.85,227.93,235.53,284.37
LYB,LyondellBasell,Materials,Specialty Chemicals,49.33,89.21,46.44,49.06,49.91,51.99,53.29,55.69,55.46,61.04
MTB,M&T Bank,Financials,Regional Banks,195.63,219.44,148.52,197.4,198.68,198.55,194.6,190.97,185.44,185.47
MPC,Marathon Petroleum,Energy,Oil & Gas Refining & Marketing,192.24,201.61,113.82,194.49,192.56,187.36,176.09,171.11,163.23,155.93
MKTX,MarketAxess,Financials,Financial Exchanges & Data,169.59,292.5,168.74,174.49,176.55,180.71,187.92,202.71,205.91,207.95
MAR,Marriott International,Consumer Discretionary,"Hotels, Resorts & Cruise Lines",266.4,305.27,204.35,263.91,263.7,264.48,265.37,266.78,259.79,263.8
MMC,Marsh McLennan,Financials,Insurance Brokers,199.57,246.94,195.01,200.44,199.11,199.69,203.23,211.5,214.06,217.51
MLM,Martin Marietta Materials,Materials,Construction Materials,627.87,634.84,440.72,622.64,618.19,618.02,607.99,580.35,564.74,543.88
MAS,Masco,Industrials,Building Products,71.0,85.23,56.02,70.42,70.9,72.43,71.68,67.96,66.48,69.17
MA,Mastercard,Financials,Transaction & Payment Processing Services,577.33,601.77,464.22,570.64,572.79,579.27,579.22,573.1,564.13,555.1
MTCH,Match Group,Communication Services,Interactive Media & Services,34.76,39.2,26.24,35.49,36.13,37.06,36.61,33.78,32.83,32.58
MKC,McCormick & Company,Consumer Staples,Packaged Foods & Meats,68.09,85.22,63.66,67.05,65.95,67.18,69.08,71.18,71.93,74.02
MCD,McDonald's,Consumer Discretionary,Restaurants,299.88,322.65,271.85,302.5,302.77,304.93,305.58,302.9,304.04,300.38
MCK,McKesson Corporation,Health Care,Health Care Distributors,758.7,776.14,478.28,763.74,745.24,722.93,702.26,708.61,705.22,670.44
MDT,Medtronic,Health Care,Health Care Equipment,95.48,95.99,77.57,94.74,94.84,94.34,92.85,89.58,88.21,87.62
MRK,Merck & Co.,Health Care,Pharmaceuticals,89.51,110.69,71.87,84.14,81.98,82.25,82.18,80.28,79.95,84.31
META,Meta Platforms,Communication Services,Interactive Media & Services,727.05,795.71,479.11,733.18,747.39,754.87,752.36,719.86,684.9,665.75
MET,MetLife,Financials,Life & Health Insurance,81.33,87.17,64.24,81.86,81.07,80.32,78.85,78.59,77.48,78.92
MTD,Mettler Toledo,Health Care,Life Sciences Tools & Services,1300.54,1521.01,946.69,1242.75,1244.63,1262.22,1270.19,1224.43,1189.23,1217.72
MGM,MGM Resorts,Consumer Discretionary,Casinos & Gaming,34.75,42.54,25.3,35.25,35.03,35.36,36.31,35.4,34.36,34.08
MCHP,Microchip Technology,Information Technology,Semiconductors,66.13,78.04,33.63,64.59,64.89,64.95,65.59,66.18,61.48,58.89
MU,Micron Technology,Information Technology,Semiconductors,183.75,186.18,61.48,170.88,166.67,157.9,133.21,122.22,112.71,106.07
MSFT,Microsoft,Information Technology,Systems Software,515.74,554.54,343.59,515.89,513.83,509.2,512.5,495.66,475.02,450.44
MAA,Mid-America Apartment Communities,Real Estate,Multi-Family Residential REITs,136.26,170.0,136.07,138.43,139.46,140.89,142.29,146.68,148.65,150.83
MRNA,Moderna,Health Care,Biotechnology,28.37,67.55,23.15,26.32,25.97,25.33,26.61,27.42,27.15,30.43
MHK,Mohawk Industries,Consumer Discretionary,Home Furnishings,129.34,164.29,96.24,128.77,128.45,132.39,128.1,117.02,114.47,116.26
MOH,Molina Healthcare,Health Care,Managed Health Care,194.25,359.97,151.95,192.67,188.29,183.59,172.94,224.51,245.02,266.46
TAP,Molson Coors Beverage Company,Consumer Staples,Brewers,46.18,63.47,43.8,45.61,45.35,46.94,48.79,49.78,51.26,53.26
MDLZ,Mondelez International,Consumer Staples,Packaged Foods & Meats,61.78,71.73,52.78,62.48,62.78,62.29,62.63,64.53,64.78,63.08
MPWR,Monolithic Power Systems,Information Technology,Semiconductors,930.51,945.78,437.16,907.61,908.33,884.4,838.29,773.67,730.68,689.05
MNST,Monster Beverage,Consumer Staples,Soft Drinks & Non-alcoholic Beverages,67.58,67.89,45.7,66.92,65.67,64.93,63.3,62.7,61.92,58.36
MCO,Moody's Corporation,Financials,Financial Exchanges & Data,482.17,528.95,377.3,479.21,478.93,492.59,503.74,495.4,483.65,481.46
MS,Morgan Stanley,Financials,Investment Banking & Brokerage,155.3,163.98,92.93,158.48,159.06,156.79,149.76,141.74,135.59,131.81
MOS,Mosaic Company (The),Materials,Fertilizers & Agricultural Chemicals,34.76,37.97,21.99,34.66,34.54,33.97,33.64,34.56,33.19,30.36
MSI,Motorola Solutions,Information Technology,Communications Equipment,448.03,502.83,387.0,454.59,460.22,469.82,459.92,437.93,433.7,438.28
MSCI,MSCI Inc.,Financials,Financial Exchanges & Data,560.77,636.39,483.67,563.02,564.29,567.6,562.31,563.02,557.69,566.07
NDAQ,"Nasdaq, Inc.",Financials,Financial Exchanges & Data,87.34,97.36,64.46,87.78,88.07,90.73,93.24,89.48,86.28,83.13
NTAP,NetApp,Information Technology,"Technology Hardware, Storage & Peripherals",120.07,133.34,71.49,119.1,121.27,122.31,113.94,108.48,103.89,106.05
NFLX,Netflix,Communication Services,Movies & Entertainment,1162.53,1341.15,677.88,1189.87,1203.44,1213.24,1207.35,1219.01,1182.15,1092.68
NEM,Newmont,Materials,Gold,86.43,87.93,36.35,85.3,84.37,81.21,73.56,64.69,62.17,54.86
NWSA,News Corp (Class A),Communication Services,Publishing,28.55,31.61,23.3,29.94,30.21,29.92,29.54,29.08,28.54,28.25
NWS,News Corp (Class B),Communication Services,Publishing,32.28,35.47,26.17,33.48,33.62,33.21,33.5,33.26,32.71,32.18
NEE,NextEra Energy,Utilities,Multi-Utilities,78.18,83.5,60.75,76.88,74.86,72.79,72.54,72.1,70.8,70.26
NKE,"Nike, Inc.",Consumer Discretionary,"Apparel, Accessories & Luxury Goods",74.57,87.69,51.67,71.47,71.09,72.22,74.45,70.04,67.24,69.22
NI,NiSource,Utilities,Multi-Utilities,43.1,43.71,32.69,43.05,42.26,41.31,41.83,40.58,40.17,39.21
NDSN,Nordson Corporation,Industrials,Industrial Machinery & Supplies & Components,232.25,262.94,163.83,228.42,226.2,225.51,220.7,216.02,209.55,209.4
NSC,Norfolk Southern,Industrials,Rail Transportation,298.3,301.47,199.43,298.9,294.87,285.63,282.08,267.44,257.43,250.5
NTRS,Northern Trust,Financials,Asset Management & Custody Banks,133.24,135.48,80.54,133.25,132.09,130.58,128.89,121.82,115.59,110.95
NOC,Northrop Grumman,Industrials,Aerospace & Defense,605.01,610.85,420.66,601.65,590.66,584.22,582.69,538.14,529.11,507.86
NCLH,Norwegian Cruise Line Holdings,Consumer Discretionary,"Hotels, Resorts & Cruise Lines",24.57,29.29,14.21,24.64,24.96,25.33,24.82,22.39,21.26,22.36
NRG,NRG Energy,Utilities,Independent Power Producers & Energy Traders,167.3,175.96,79.04,165.01,165.64,162.35,157.13,155.64,145.12,127.7
NUE,Nucor,Materials,Steel,139.02,167.56,96.79,136.59,135.46,138.49,141.28,133.29,129.08,127.58
NVDA,Nvidia,Information Technology,Semiconductors,188.89,191.05,86.61,184.55,181.61,177.68,177.82,163.14,152.08,142.78
NVR,"NVR, Inc.",Consumer Discretionary,Homebuilding,8071.61,9964.77,6562.85,8054.13,8021.4,8181.13,8068.49,7699.3,7581.15,7625.25
NXPI,NXP Semiconductors,Information Technology,Semiconductors,227.71,251.87,146.73,226.5,226.24,224.01,223.47,218.23,209.95,209.71
ORLY,O’Reilly Automotive,Consumer Discretionary,Automotive Retail,104.97,108.72,75.93,106.42,105.13,105.49,103.35,97.16,96.09,92.46
OXY,Occidental Petroleum,Energy,Oil & Gas Exploration & Production,44.23,55.34,34.4,46.95,46.69,46.42,45.4,44.23,43.18,44.93
ODFL,Old Dominion,Industrials,Cargo Ground Transportation,140.6,231.78,133.69,140.05,140.08,143.4,148.27,156.08,155.48,165.04
OMC,Omnicom Group,Communication Services,Advertising,76.85,103.32,67.76,78.4,77.08,77.22,75.91,73.98,73.86,76.86
ON,ON Semiconductor,Information Technology,Semiconductors,48.74,76.06,31.04,49.26,50.0,49.57,50.6,51.11,48.35,49.85
OKE,Oneok,Energy,Oil & Gas Storage & Transportation,72.47,113.92,70.63,73.08,72.83,72.77,74.84,77.89,78.55,85.29
ORCL,Oracle Corporation,Information Technology,Application Software,288.78,345.72,118.18,285.05,297.57,291.18,261.96,230.12,211.5,192.94
OTIS,Otis Worldwide,Industrials,Industrial Machinery & Supplies & Components,92.24,105.86,83.85,91.54,90.35,89.54,88.03,92.42,92.91,94.19
PCAR,Paccar,Industrials,Construction Machinery & Heavy Transportation Equipment,99.08,114.66,84.08,99.09,98.22,99.36,99.03,96.82,95.28,98.66
PKG,Packaging Corporation of America,Materials,Paper & Plastic Packaging Products & Materials,215.64,244.78,170.61,216.13,214.68,214.2,206.74,200.1,196.58,202.17
PLTR,Palantir Technologies,Information Technology,Application Software,187.05,190.0,36.05,182.17,181.38,173.73,168.58,152.09,142.08,121.07
PANW,Palo Alto Networks,Information Technology,Systems Software,209.3,210.39,144.15,205.21,204.86,202.07,190.33,193.05,189.37,187.8
PSKY,Paramount Skydance Corporation,Communication Services,Movies & Entertainment,18.62,20.86,9.92,18.97,19.02,17.93,15.28,13.77,13.25,12.4
PH,Parker Hannifin,Industrials,Industrial Machinery & Supplies & Components,758.14,779.77,485.92,755.16,754.54,756.07,745.34,713.65,687.29,672.23
PAYX,Paychex,Industrials,Human Resource & Employment Services,123.42,160.03,119.02,126.19,127.56,130.58,136.27,142.98,143.12,143.32
PAYC,Paycom,Industrials,Human Resource & Employment Services,201.38,267.33,158.79,208.89,213.31,216.83,222.91,233.18,230.52,223.1
PYPL,PayPal,Financials,Transaction & Payment Processing Services,68.93,93.66,55.85,67.93,67.74,67.63,69.0,71.01,69.58,73.1
PNR,Pentair,Industrials,Industrial Machinery & Supplies & Components,112.36,112.91,73.85,110.6,110.08,110.33,107.26,104.18,100.54,98.66
PEP,PepsiCo,Consumer Staples,Soft Drinks & Non-alcoholic Beverages,142.31,170.89,125.14,141.3,141.33,141.88,143.46,137.34,136.99,140.23
PFE,Pfizer,Health Care,Pharmaceuticals,27.08,28.43,20.18,25.48,24.73,24.54,24.63,24.16,23.73,24.22
PCG,PG&E Corporation,Utilities,Multi-Utilities,15.63,21.59,12.95,15.27,14.96,15.04,14.93,14.94,15.33,15.98
PM,Philip Morris International,Consumer Staples,Tobacco,157.91,185.29,114.24,161.77,162.46,163.28,164.87,171.15,169.47,157.37
PSX,Phillips 66,Energy,Oil & Gas Refining & Marketing,134.94,142.35,89.26,136.52,134.98,133.37,128.1,124.23,119.38,119.05
PNW,Pinnacle West Capital,Utilities,Multi-Utilities,87.89,94.64,79.08,88.03,87.32,87.35,89.43,89.46,89.86,88.71
PNC,PNC Financial Services,Financials,Diversified Banks,198.16,210.46,142.39,200.54,202.21,202.54,198.36,190.19,183.37,183.99
POOL,Pool Corporation,Consumer Discretionary,Distributors,312.05,391.14,281.15,309.61,310.73,318.62,316.27,308.55,306.69,317.85
PPG,PPG Industries,Materials,Specialty Chemicals,104.52,130.26,89.08,104.28,105.59,107.65,108.97,110.79,108.99,110.87
PPL,PPL Corporation,Utilities,Electric Utilities,36.4,37.31,30.41,36.79,36.43,36.07,36.12,35.06,35.04,34.28
PFG,Principal Financial Group,Financials,Life & Health Insurance,84.26,88.63,67.06,83.06,82.5,81.76,79.44,78.67,77.47,78.46
PG,Procter & Gamble,Consumer Staples,Personal Care Products,152.05,177.66,149.91,152.98,153.11,155.8,155.67,157.87,158.56,161.12
PGR,Progressive Corporation,Financials,Property & Casualty Insurance,243.5,292.77,228.37,244.96,242.91,244.09,245.28,255.92,259.23,258.87
PLD,Prologis,Real Estate,Industrial REITs,116.12,123.15,83.8,115.11,114.35,113.71,110.08,108.16,106.33,108.04
PRU,Prudential Financial,Financials,Life & Health Insurance,101.94,125.75,88.12,103.38,103.24,104.18,104.62,104.18,103.02,105.96
PEG,Public Service Enterprise Group,Utilities,Electric Utilities,81.58,92.35,73.5,82.59,82.18,81.7,83.69,82.04,81.5,81.63
PTC,PTC Inc.,Information Technology,Application Software,203.02,219.69,133.38,203.05,203.75,205.2,208.06,192.25,183.86,180.17
PSA,Public Storage,Real Estate,Self-Storage REITs,289.16,355.59,251.43,288.7,284.55,286.26,284.21,288.06,287.53,288.89
PHM,PulteGroup,Consumer Discretionary,Homebuilding,134.88,148.31,87.74,133.15,131.66,134.09,128.45,116.6,113.03,111.05
PWR,Quanta Services,Industrials,Construction & Engineering,420.86,431.24,226.97,414.04,404.71,393.03,390.18,377.24,358.64,334.29
QCOM,Qualcomm,Information Technology,Semiconductors,168.85,178.09,119.4,167.24,168.55,165.27,158.75,155.92,152.35,154.78
DGX,Quest Diagnostics,Health Care,Health Care Services,180.96,191.49,144.09,186.29,185.89,184.02,179.52,176.79,175.46,170.0
RL,Ralph Lauren Corporation,Consumer Discretionary,"Apparel, Accessories & Luxury Goods",322.38,322.62,175.49,314.79,311.5,311.55,301.86,288.79,273.94,261.7
RJF,Raymond James Financial,Financials,Investment Banking & Brokerage,166.46,177.15,116.85,171.11,172.2,170.17,167.53,159.44,154.58,154.03
RTX,RTX Corporation,Industrials,Aerospace & Defense,166.63,168.28,111.21,165.63,162.82,159.68,157.68,149.47,144.44,136.7
O,Realty Income,Real Estate,Retail REITs,60.08,61.34,49.31,60.28,59.76,59.59,58.23,57.0,56.59,55.25
REG,Regency Centers,Real Estate,Retail REITs,71.88,75.93,62.21,72.12,71.55,71.45,71.29,70.74,70.49,70.71
REGN,Regeneron Pharmaceuticals,Health Care,Biotechnology,600.0,1057.07,475.77,577.37,577.49,573.96,570.77,557.45,560.27,607.79
RF,Regions Financial Corporation,Financials,Regional Banks,26.2,27.61,17.36,26.38,26.56,26.78,26.18,24.44,23.45,23.15
RSG,Republic Services,Industrials,Environmental & Facilities Services,222.57,258.14,196.11,227.32,227.16,227.71,232.11,239.33,240.13,232.85
RMD,ResMed,Health Care,Health Care Equipment,276.64,293.81,199.07,272.51,272.73,273.35,277.86,264.97,256.82,247.41
RVTY,Revvity,Health Care,Health Care Equipment,91.46,129.23,81.36,87.83,86.54,85.84,88.5,91.76,92.15,100.44
ROK,Rockwell Automation,Industrials,Electrical Components & Equipment,348.69,359.54,213.27,347.13,345.41,344.91,344.6,334.93,316.52,301.45
ROL,"Rollins, Inc.",Industrials,Environmental & Facilities Services,58.31,59.12,44.94,58.43,57.12,56.88,57.24,56.78,56.41,53.83
ROP,Roper Technologies,Information Technology,Electronic Equipment & Instruments,497.59,593.46,492.25,498.9,501.35,507.22,524.64,544.6,546.84,549.97
ROST,Ross Stores,Consumer Discretionary,Apparel Retail,156.17,157.01,121.69,153.03,150.06,149.29,146.63,141.54,140.81,140.57
RCL,Royal Caribbean Group,Consumer Discretionary,"Hotels, Resorts & Cruise Lines",320.11,365.38,163.05,322.66,324.93,330.81,331.14,309.05,288.34,267.5
SPGI,S&P Global,Financials,Financial Exchanges & Data,476.63,578.04,425.6,484.71,490.87,515.63,535.74,526.29,516.29,512.55
CRM,Salesforce,Information Technology,Application Software,238.88,366.78,226.09,240.02,242.83,243.99,247.18,258.44,258.56,278.9
SBAC,SBA Communications,Real Estate,Telecom Tower REITs,191.7,247.78,186.81,193.43,195.37,196.14,209.42,219.68,220.95,215.47
SLB,Schlumberger,Energy,Oil & Gas Equipment & Services,34.11,44.81,30.61,34.84,34.62,35.05,34.46,34.45,34.27,36.32
STX,Seagate Technology,Information Technology,"Technology Hardware, Storage & Peripherals",254.74,264.83,62.66,238.58,231.16,215.62,180.92,155.31,140.24,122.06
SRE,Sempra,Utilities,Multi-Utilities,89.28,92.78,60.93,88.98,86.72,84.14,82.36,78.77,77.16,77.22
NOW,ServiceNow,Information Technology,Systems Software,910.1,1198.09,678.66,923.93,930.82,933.17,917.23,960.33,941.35,954.99
SHW,Sherwin-Williams,Materials,Specialty Chemicals,343.9,397.81,307.5,343.24,343.69,352.11,354.15,351.51,348.76,348.66
SPG,Simon Property Group,Real Estate,Retail REITs,185.01,188.43,132.99,185.94,184.14,182.69,174.73,166.83,163.45,165.28
SWKS,Skyworks Solutions,Information Technology,Semiconductors,77.37,97.73,47.01,77.43,79.03,76.88,74.03,73.13,70.3,72.33
SJM,J.M. Smucker Company (The),Consumer Staples,Packaged Foods & Meats,107.8,121.73,92.38,108.32,108.46,108.35,109.23,106.86,107.99,107.33
SW,Smurfit Westrock,Materials,Paper & Plastic Packaging Products & Materials,41.88,55.46,36.31,42.29,42.81,43.96,44.57,44.4,43.58,45.9
SNA,Snap-on,Industrials,Industrial Machinery & Supplies & Components,349.13,366.68,277.22,345.47,341.87,336.57,328.91,323.17,320.81,326.01
SOLV,Solventum,Health Care,Health Care Technology,74.6,85.92,60.7,72.84,72.74,73.09,72.83,73.51,72.05,72.52
SO,Southern Company,Utilities,Electric Utilities,93.89,95.68,78.5,94.38,93.79,92.72,93.27,91.44,90.94,88.48
LUV,Southwest Airlines,Industrials,Passenger Airlines,32.31,37.75,23.55,32.36,32.49,32.05,31.55,32.36,31.25,31.3
SWK,Stanley Black & Decker,Industrials,Industrial Machinery & Supplies & Components,74.04,105.95,52.62,73.95,74.52,76.34,73.53,70.55,68.12,72.86
SBUX,Starbucks,Consumer Discretionary,Restaurants,86.72,115.87,74.48,84.95,84.84,84.13,87.64,88.75,87.34,91.87
STT,State Street Corporation,Financials,Asset Management & Custody Banks,115.12,117.21,71.77,114.99,113.78,112.5,111.92,106.24,101.71,98.59
STLD,Steel Dynamics,Materials,Steel,144.39,153.16,102.41,140.47,138.73,136.36,130.75,130.91,129.18,127.07
STE,Steris,Health Care,Health Care Equipment,242.4,253.0,199.47,245.12,246.35,247.34,242.11,239.59,235.8,228.7
SYK,Stryker Corporation,Health Care,Health Care Equipment,366.4,403.95,327.71,367.49,370.16,376.73,382.78,383.96,379.04,377.66
SMCI,Supermicro,Information Technology,"Technology Hardware, Storage & Peripherals",52.5,66.44,17.25,49.0,47.71,45.72,47.14,46.21,43.58,41.1
SYF,Synchrony Financial,Financials,Consumer Finance,70.28,77.41,40.15,71.81,73.48,74.5,73.09,68.23,64.49,63.32
SNPS,Synopsys,Information Technology,Application Software,471.14,651.73,365.74,484.54,487.86,484.61,561.92,538.31,517.86,505.73
SYY,Sysco,Consumer Staples,Food Distributors,83.27,83.47,66.65,82.44,82.11,81.71,80.81,77.68,76.23,75.0
TMUS,T-Mobile US,Communication Services,Wireless Telecommunication Services,230.14,274.51,199.92,235.64,236.97,239.36,244.29,239.22,241.36,241.33
TROW,T. Rowe Price,Financials,Asset Management & Custody Banks,101.71,119.7,75.88,102.48,103.5,104.36,104.86,100.2,97.29,99.37
TTWO,Take-Two Interactive,Communication Services,Interactive Home Entertainment,256.94,261.47,146.76,257.36,252.98,249.91,237.51,235.79,232.0,219.17
TPR,"Tapestry, Inc.",Consumer Discretionary,"Apparel, Accessories & Luxury Goods",115.56,117.0,42.3,112.62,112.86,110.21,106.87,96.77,90.88,84.12
TRGP,Targa Resources,Energy,Oil & Gas Storage & Transportation,162.65,215.2,143.68,168.31,168.53,166.37,165.43,165.86,165.77,175.85
TGT,Target Corporation,Consumer Staples,Consumer Staples Merchandise Retail,89.51,155.5,85.44,89.01,88.22,89.33,96.11,96.95,96.06,105.79
TEL,TE Connectivity,Information Technology,Electronic Manufacturing Services,221.11,223.74,115.38,219.43,218.16,214.71,208.4,187.73,177.53,165.58
TDY,Teledyne Technologies,Information Technology,Electronic Equipment & Instruments,582.17,586.28,419.0,579.95,573.09,563.17,553.03,530.57,517.11,507.11
TER,Teradyne,Information Technology,Semiconductor Materials & Equipment,144.52,145.35,65.6,138.58,134.87,125.48,115.51,101.33,95.81,102.14
TSLA,"Tesla, Inc.",Consumer Discretionary,Automobile Manufacturers,436.0,488.54,212.11,444.76,437.61,410.36,361.17,343.89,327.63,335.22
TXN,Texas Instruments,Information Technology,Semiconductors,182.32,220.1,137.77,182.84,182.17,182.46,188.71,193.59,185.86,184.96
TPL,Texas Pacific Land Corporation,Energy,Oil & Gas Exploration & Production,967.74,1759.83,844.11,946.86,927.82,923.97,921.24,1024.08,1073.62,1159.1
TXT,Textron,Industrials,Aerospace & Defense,86.35,91.21,57.67,84.71,83.88,83.01,80.77,79.75,77.23,76.42
TMO,Thermo Fisher Scientific,Health Care,Life Sciences Tools & Services,524.96,617.82,385.11,493.4,481.85,481.75,480.45,446.02,442.09,476.92
TJX,TJX Companies,Consumer Discretionary,Apparel Retail,142.49,145.58,109.83,143.59,141.88,140.98,135.91,130.86,129.87,126.44
TKO,TKO Group Holdings,Communication Services,Movies & Entertainment,198.0,212.49,113.01,200.62,199.77,199.65,186.34,176.69,172.01,163.82
TTD,Trade Desk (The),Communication Services,Advertising,50.88,141.53,42.96,49.2,47.71,47.49,58.39,66.48,63.66,75.28
TSCO,Tractor Supply,Consumer Discretionary,Other Specialty Retail,56.23,63.75,46.46,56.45,57.24,58.43,59.37,56.06,54.87,54.58
TT,Trane Technologies,Industrials,Building Products,423.53,475.11,296.82,420.1,413.04,410.27,422.73,426.2,412.01,392.98
TDG,TransDigm Group,Industrials,Aerospace & Defense,1283.81,1519.36,1107.45,1297.53,1295.48,1290.76,1333.04,1358.54,1340.13,1302.98
TRV,Travelers Companies (The),Financials,Property & Casualty Insurance,280.04,280.27,220.97,278.15,277.1,276.14,270.19,267.24,264.68,257.59
TRMB,Trimble Inc.,Information Technology,Electronic Equipment & Instruments,80.21,87.5,52.91,80.89,81.13,81.02,81.95,78.34,74.83,73.6
TFC,Truist Financial,Financials,Diversified Banks,45.36,47.46,32.72,45.72,45.73,45.58,44.99,43.19,41.83,42.22
TYL,Tyler Technologies,Information Technology,Application Software,498.19,661.31,494.64,516.21,522.5,534.75,556.19,565.1,562.41,574.11
TSN,Tyson Foods,Consumer Staples,Packaged Foods & Meats,54.42,63.75,51.39,54.27,54.06,54.58,55.03,54.84,55.57,56.29
USB,U.S. Bancorp,Financials,Diversified Banks,47.91,51.66,34.43,48.3,48.63,48.65,47.04,45.58,44.17,44.41
UBER,Uber,Industrials,Passenger Ground Transportation,96.61,101.99,59.33,97.84,98.03,96.51,93.75,91.58,88.52,81.68
UDR,"UDR, Inc.",Real Estate,Multi-Family Residential REITs,36.4,45.5,35.84,36.94,37.09,37.65,38.37,39.53,39.78,40.62
ULTA,Ulta Beauty,Consumer Discretionary,Other Specialty Retail,557.82,559.42,309.01,553.26,540.56,531.05,523.27,490.72,467.37,437.9
UNP,Union Pacific Corporation,Industrials,Rail Transportation,234.52,252.32,202.16,235.4,231.38,224.17,222.68,224.28,222.14,226.86
UAL,United Airlines Holdings,Industrials,Passenger Airlines,94.83,116.0,52.0,96.21,99.62,102.96,99.14,90.06,85.69,88.72
UPS,United Parcel Service,Industrials,Air Freight & Logistics,85.57,136.36,82.0,84.34,84.09,84.3,86.26,92.1,92.28,100.8
URI,United Rentals,Industrials,Trading Companies & Distributors,978.22,980.53,523.58,957.39,949.41,950.38,923.56,831.31,787.2,749.89
UNH,UnitedHealth Group,Health Care,Managed Health Care,353.72,617.34,233.13,347.32,345.96,342.37,304.34,302.49,334.4,397.35
UHS,Universal Health Services,Health Care,Health Care Facilities,205.54,239.23,152.16,203.08,199.03,193.62,181.63,181.48,180.15,180.78
VLO,Valero Energy,Energy,Oil & Gas Refining & Marketing,164.7,178.43,97.37,170.08,169.51,164.58,150.53,143.25,136.85,133.57
VTR,Ventas,Real Estate,Health Care REITs,69.59,70.52,55.47,69.43,68.42,68.27,67.69,65.48,65.56,64.19
VLTO,Veralto,Industrials,Environmental & Facilities Services,106.46,114.5,83.69,105.72,105.63,106.25,106.42,103.48,101.1,100.64
VRSN,Verisign,Information Technology,Internet Services & Infrastructure,275.44,309.71,174.64,279.73,281.93,283.77,277.14,278.83,274.96,255.33
VRSK,Verisk Analytics,Industrials,Research & Consulting Services,247.43,321.9,239.83,248.87,246.13,253.18,264.08,285.96,287.05,286.58
VZ,Verizon,Communication Services,Integrated Telecommunication Services,43.4,45.87,36.41,43.61,43.46,43.65,43.61,42.97,42.88,41.83
VRTX,Vertex Pharmaceuticals,Health Care,Biotechnology,408.85,519.88,362.5,397.15,389.02,390.87,402.07,426.48,437.43,445.84
VTRS,Viatris,Health Care,Pharmaceuticals,10.11,13.04,6.68,9.85,9.77,9.91,9.88,9.33,9.03,9.53
VICI,Vici Properties,Real Estate,Hotel & Resort REITs,32.75,33.54,26.86,32.66,32.24,32.41,32.55,32.11,31.84,30.95
V,Visa Inc.,Financials,Transaction & Payment Processing Services,345.95,374.85,271.33,342.54,341.1,341.25,343.81,350.05,346.83,341.91
VST,Vistra Corp.,Utilities,Electric Utilities,202.65,219.82,90.3,201.05,204.24,203.72,200.32,188.2,174.97,164.18
VMC,Vulcan Materials Company,Materials,Construction Materials,303.37,309.17,214.34,302.99,299.78,297.59,290.15,277.59,271.62,264.95
WRB,W. R. Berkley Corporation,Financials,Property & Casualty Insurance,76.18,76.97,54.89,76.02,75.03,73.81,71.87,71.72,71.21,67.24
GWW,W. W. Grainger,Industrials,Industrial Machinery & Supplies & Components,953.75,1219.65,889.92,951.68,960.56,980.7,989.74,1023.6,1018.78,1025.12
WAB,Wabtec,Industrials,Construction Machinery & Heavy Transportation Equipment,197.87,215.82,151.42,198.23,195.91,192.8,192.5,199.27,195.01,193.51
WBA,Walgreens Boots Alliance,Consumer Staples,Drug Retail,11.98,,,11.98,12.03,11.93,11.67,11.39,11.33,10.81
WMT,Walmart,Consumer Staples,Consumer Staples Merchandise Retail,101.7,106.11,78.22,102.59,102.64,102.65,100.61,98.57,97.52,95.73
DIS,Walt Disney Company (The),Communication Services,Movies & Entertainment,112.14,124.69,79.76,113.57,113.28,114.88,116.36,116.68,111.17,109.69
WBD,Warner Bros. Discovery,Communication Services,Broadcasting,19.24,20.24,7.25,19.3,19.46,17.66,14.37,12.49,11.67,11.23
WM,Waste Management,Industrials,Environmental & Facilities Services,216.91,240.84,197.52,219.15,218.39,217.8,223.97,227.03,227.2,223.5
WAT,Waters Corporation,Health Care,Life Sciences Tools & Services,321.92,423.56,275.05,304.54,300.57,301.25,296.25,318.63,321.65,344.76
WEC,WEC Energy Group,Utilities,Electric Utilities,112.03,114.97,89.63,113.34,112.17,110.62,109.09,106.85,106.64,103.79
WFC,Wells Fargo,Financials,Diversified Banks,80.5,86.66,53.23,82.97,83.75,82.41,80.78,78.9,76.53,75.26
WELL,Welltower,Real Estate,Health Care REITs,175.5,180.4,120.11,176.82,173.19,170.51,167.44,159.68,156.82,150.02
WST,West Pharmaceutical Services,Health Care,Health Care Supplies,273.16,351.24,187.09,265.75,260.1,257.85,250.98,234.48,229.39,248.95
WDC,Western Digital,Information Technology,"Technology Hardware, Storage & Peripherals",131.26,137.37,28.74,121.11,115.17,106.6,88.55,73.49,66.53,59.15
WY,Weyerhaeuser,Real Estate,Timber REITs,24.93,32.98,23.71,24.81,24.56,24.88,25.31,25.61,25.55,26.79
WSM,"Williams-Sonoma, Inc.",Consumer Discretionary,Homefurnishing Retail,196.14,218.08,123.89,196.04,197.7,199.09,197.4,181.23,174.76,180.11
WMB,Williams Companies,Energy,Oil & Gas Storage & Transportation,64.06,65.55,43.71,63.82,62.69,60.44,58.68,58.64,58.28,57.23
WTW,Willis Towers Watson,Financials,Insurance Brokers,345.78,347.74,283.14,343.52,341.1,336.54,329.25,317.09,315.83,317.96
WDAY,"Workday, Inc.",Information Technology,Application Software,232.1,294.0,205.33,239.88,240.03,234.03,230.3,238.03,237.33,244.53
WYNN,Wynn Resorts,Consumer Discretionary,Casinos & Gaming,133.34,134.15,64.93,131.01,128.99,125.93,118.29,107.12,101.21,95.16
XEL,Xcel Energy,Utilities,Multi-Utilities,79.6,81.15,60.12,79.98,77.26,74.68,73.22,70.69,70.3,68.88
XYL,Xylem Inc.,Industrials,Industrial Machinery & Supplies & Components,149.01,149.93,99.87,146.27,144.38,142.43,141.22,134.47,130.26,127.07
YUM,Yum! Brands,Consumer Discretionary,Restaurants,151.35,161.72,120.38,152.64,150.74,149.04,146.54,145.83,145.63,144.01
ZBRA,Zebra Technologies,Information Technology,Electronic Equipment & Instruments,295.85,427.76,205.73,296.3,303.99,309.7,316.73,310.71,296.45,315.38
ZBH,Zimmer Biomet,Health Care,Health Care Equipment,99.17,113.87,88.77,98.52,98.95,100.55,100.4,96.75,97.24,100.66
ZTS,Zoetis,Health Care,Pharmaceuticals,146.49,194.19,138.77,145.26,144.23,146.65,149.84,154.81,154.17,158.22
