Symbol,Company,GICS_Sector,GICS_Sub_Industry,Current_Price,High_52_Week,Low_52_Week,SMA5,SMA10,SMA20,SMA50,SMA200,Score,Target_Pcnt,Target_Price,Stop_Loss
MMM,3M,Industrials,Industrial Conglomerates,167.23,167.23,122.31,158.54,155.14,155.36,155.36,147.92,0.2,-1.69,164.4,146.32
ABBV,AbbVie,Health Care,Biotechnology,228.68,242.63,159.42,229.71,228.88,228.76,218.22,194.77,0.2,4.69,239.41,218.13
AMD,Advanced Micro Devices,Information Technology,Semiconductors,230.23,240.56,78.21,235.29,229.74,204.52,179.94,134.75,0.2,16.47,268.15,140.89
ALB,Albemarle Corporation,Materials,Specialty Chemicals,91.27,108.94,50.16,93.36,94.39,90.97,84.48,73.27,0.2,9.62,100.05,81.89
ALGN,Align Technology,Health Care,Health Care Supplies,135.58,240.52,124.88,133.4,131.24,129.93,134.5,172.17,0.2,0.72,136.56,123.3
LNT,Alliant Energy,Utilities,Electric Utilities,68.56,68.63,54.87,68.21,68.06,67.52,65.95,62.23,0.2,1.09,69.31,65.73
MO,Altria,Consumer Staples,Tobacco,64.43,66.65,45.73,64.38,64.94,65.36,65.31,57.98,0.2,3.77,66.86,63.87
AMZN,Amazon,Consumer Discretionary,Broadline Retail,217.95,242.06,167.32,216.79,218.01,219.51,225.35,214.21,0.2,3.94,226.54,212.49
AEE,Ameren,Utilities,Multi-Utilities,105.38,105.69,83.42,105.34,104.66,104.03,101.57,97.28,0.2,1.03,106.47,101.59
AMT,American Tower,Real Estate,Telecom Tower REITs,191.19,230.32,169.21,191.88,189.11,189.69,194.78,202.7,0.2,2.48,195.93,183.45
AMGN,Amgen,Health Care,Biotechnology,295.98,321.88,252.22,299.01,296.42,292.13,287.67,287.04,0.4,4.9,310.48,273.79
APH,Amphenol,Information Technology,Electronic Components,128.93,128.93,58.9,126.81,125.41,124.4,118.31,90.01,0.2,-0.32,128.52,120.28
ADM,Archer Daniels Midland,Consumer Staples,Agricultural Products & Services,61.91,64.21,41.01,62.61,62.21,61.54,61.45,52.13,0.2,3.51,64.08,58.99
AIZ,Assurant,Financials,Multi-line Insurance,210.17,225.29,178.36,209.39,213.69,215.63,213.71,202.49,0.2,6.5,223.83,207.43
ATO,Atmos Energy,Utilities,Gas Utilities,177.1,179.19,134.17,176.93,176.84,173.8,168.57,155.04,0.2,2.35,181.26,166.35
BKR,Baker Hughes,Energy,Oil & Gas Equipment & Services,47.3,50.55,34.6,46.03,45.79,47.43,46.28,42.23,0.2,8.46,51.3,43.55
BALL,Ball Corporation,Materials,"Metal, Glass & Plastic Containers",49.75,65.23,44.6,48.84,48.12,48.86,50.28,52.29,0.2,2.65,51.07,46.66
BRK-B,Berkshire Hathaway,Financials,Multi-Sector Holdings,491.81,539.8,442.29,491.68,492.86,496.03,493.62,493.37,0.2,2.51,504.15,487.92
BBY,Best Buy,Consumer Discretionary,Computer & Electronics Retail,81.37,89.54,54.69,80.66,78.2,77.11,74.94,72.43,0.2,1.34,82.46,71.77
TECH,Bio-Techne,Health Care,Life Sciences Tools & Services,63.79,78.41,46.59,62.65,61.03,59.36,55.95,57.08,0.1,4.94,66.94,51.77
BA,Boeing,Industrials,Aerospace & Defense,216.59,237.38,136.59,215.1,214.61,216.48,222.23,198.23,0.2,3.09,223.28,209.67
BSX,Boston Scientific,Health Care,Health Care Equipment,103.85,108.14,83.62,100.26,98.29,97.63,101.17,101.62,0.4,-2.14,101.63,93.64
BLDR,Builders FirstSource,Industrials,Building Products,122.57,189.03,105.63,123.24,124.15,124.2,131.99,130.48,0.2,7.22,131.42,116.99
CPT,Camden Property Trust,Real Estate,Multi-Family Residential REITs,104.4,122.47,101.67,103.03,102.44,103.56,106.04,111.35,0.2,2.16,106.66,100.47
COF,Capital One,Financials,Consumer Finance,220.38,229.74,149.68,213.36,211.69,214.04,219.01,199.0,0.2,2.22,225.27,202.79
CARR,Carrier Global,Industrials,Building Products,56.74,80.73,55.21,57.44,57.35,58.34,61.67,66.45,0.4,7.17,60.81,55.87
CBOE,Cboe Global Markets,Financials,Financial Exchanges & Data,237.35,253.24,189.73,236.66,239.22,240.64,239.77,224.93,0.2,4.19,247.29,233.98
CBRE,CBRE Group,Real Estate,Real Estate Services,163.77,165.9,113.94,159.41,156.4,156.05,159.69,140.62,0.2,-0.76,162.53,149.59
CNP,CenterPoint Energy,Utilities,Multi-Utilities,40.05,40.22,27.88,39.92,39.65,39.27,38.48,36.18,0.2,0.92,40.42,38.11
CRL,Charles River Laboratories,Health Care,Life Sciences Tools & Services,187.0,220.69,99.75,182.57,176.35,170.14,162.73,154.64,0.2,3.69,193.9,146.38
C,Citigroup,Financials,Diversified Banks,96.3,103.49,57.29,97.44,97.28,98.46,97.79,82.1,0.2,7.4,103.43,93.5
CFG,Citizens Financial Group,Financials,Regional Banks,50.62,54.0,33.59,49.89,50.43,51.8,51.45,44.71,0.2,8.79,55.07,48.54
CMS,CMS Energy,Utilities,Multi-Utilities,75.16,75.31,63.54,74.86,74.49,73.52,72.4,70.59,0.2,1.04,75.94,71.1
KO,Coca-Cola Company (The),Consumer Staples,Soft Drinks & Non-alcoholic Beverages,70.81,72.82,59.48,69.3,68.13,67.19,67.61,68.1,0.2,-0.93,70.15,64.24
CTSH,Cognizant,Information Technology,IT Consulting & Other Services,68.36,89.65,65.47,67.08,67.01,67.16,69.08,75.49,0.2,0.91,68.98,65.34
ED,Consolidated Edison,Utilities,Multi-Utilities,101.94,111.42,85.77,101.5,101.57,100.43,99.41,100.39,0.1,1.25,103.21,97.65
STZ,Constellation Brands,Consumer Staples,Distillers & Vintners,140.2,240.13,131.78,140.55,140.86,139.41,146.16,168.82,0.2,3.72,145.42,133.41
GLW,Corning Inc.,Information Technology,Electronic Components,84.14,87.19,38.69,85.34,85.36,84.05,76.42,56.22,0.2,5.54,88.8,79.3
CSX,CSX Corporation,Industrials,Rail Transportation,35.92,36.67,26.47,36.18,36.04,35.71,34.4,32.15,0.2,3.4,37.14,34.29
DHR,Danaher Corporation,Health Care,Life Sciences Tools & Services,218.1,270.45,174.06,213.45,209.16,205.28,202.07,203.13,0.1,3.56,225.86,184.68
DDOG,Datadog,Information Technology,Application Software,154.21,168.65,87.0,154.16,157.87,153.71,141.76,127.35,0.2,9.69,169.15,138.26
DVA,DaVita,Health Care,Health Care Services,129.08,177.35,123.91,127.33,126.36,128.57,132.23,143.71,0.2,3.87,134.08,123.06
DELL,Dell Technologies,Information Technology,"Technology Hardware, Storage & Peripherals",150.13,163.95,70.63,149.35,150.64,146.88,136.36,114.86,0.2,8.61,163.06,130.71
FANG,Diamondback Energy,Energy,Oil & Gas Exploration & Production,142.28,181.42,117.58,140.71,141.34,143.77,142.17,145.16,0.1,5.52,150.13,137.42
DLTR,Dollar Tree,Consumer Staples,Consumer Staples Merchandise Retail,100.47,117.16,61.21,97.78,94.97,92.92,99.99,89.11,0.2,0.84,101.31,84.53
DOV,Dover Corporation,Industrials,Industrial Machinery & Supplies & Components,167.61,204.71,150.28,168.44,165.23,165.75,172.05,179.65,0.2,2.17,171.25,160.26
DTE,DTE Energy,Utilities,Multi-Utilities,142.69,143.32,113.22,142.35,141.64,141.05,138.31,132.17,0.2,0.76,143.77,138.31
DUK,Duke Energy,Utilities,Electric Utilities,129.03,129.03,102.96,128.45,127.65,125.55,123.58,117.26,0.2,1.12,130.48,120.64
DD,DuPont,Materials,Specialty Chemicals,79.71,84.81,54.51,79.9,78.31,78.29,77.05,72.83,0.2,3.31,82.35,74.23
EW,Edwards Lifesciences,Health Care,Health Care Equipment,76.84,81.83,65.75,75.09,74.38,75.47,77.35,74.88,0.2,2.2,78.53,72.4
ELV,Elevance Health,Health Care,Managed Health Care,345.21,448.26,273.17,349.2,350.87,344.0,324.26,365.97,0.1,7.58,371.38,316.64
ETR,Entergy,Utilities,Electric Utilities,96.0,97.65,65.13,96.05,96.11,95.15,91.41,84.65,0.2,2.89,98.77,91.52
EPAM,EPAM Systems,Information Technology,IT Consulting & Other Services,156.47,267.63,142.2,148.65,147.28,149.63,158.03,180.15,0.2,1.12,158.22,141.02
EXE,Expand Energy,Energy,Oil & Gas Exploration & Production,104.39,120.67,80.65,103.35,103.17,105.24,99.96,103.73,0.1,6.42,111.09,99.39
EXPE,Expedia Group,Consumer Discretionary,"Hotels, Resorts & Cruise Lines",226.39,228.24,136.05,219.82,218.34,218.15,216.55,184.25,0.2,0.23,226.91,209.38
FDX,FedEx,Industrials,Air Freight & Logistics,239.41,298.15,195.55,239.35,235.85,238.05,232.12,233.34,0.1,3.5,247.79,228.32
FOXA,Fox Corporation (Class A),Communication Services,Broadcasting,58.58,63.06,41.32,58.11,58.05,59.84,59.6,54.73,0.2,8.79,63.73,55.94
FCX,Freeport-McMoRan,Materials,Copper,40.78,47.85,28.82,41.43,41.72,40.24,42.43,39.77,0.2,9.44,44.63,35.84
GRMN,Garmin,Consumer Discretionary,Consumer Electronics,247.55,259.77,159.13,248.75,249.84,250.55,241.41,216.98,0.2,5.97,262.33,238.76
IT,Gartner,Information Technology,IT Consulting & Other Services,251.03,551.8,225.98,244.12,243.34,249.75,248.13,385.77,0.3,6.98,268.55,230.95
GE,GE Aerospace,Industrials,Aerospace & Defense,297.89,306.63,158.97,301.44,299.58,299.07,287.3,236.27,0.2,2.63,305.72,292.43
GM,General Motors,Consumer Discretionary,Automobile Manufacturers,67.31,67.31,42.24,61.53,58.95,59.3,58.5,51.3,0.2,-2.45,65.66,52.95
GILD,Gilead Sciences,Health Care,Biotechnology,121.46,124.08,83.79,121.86,119.82,116.4,115.17,107.61,0.2,2.85,124.92,107.88
HAL,Halliburton,Energy,Oil & Gas Equipment & Services,26.31,31.1,18.96,23.65,23.1,23.82,22.78,22.8,0.1,0.15,26.35,21.3
HCA,HCA Healthcare,Health Care,Health Care Facilities,441.19,441.19,294.93,430.42,423.55,424.81,412.3,362.25,0.4,-0.16,440.48,409.15
HSY,Hershey Company (The),Consumer Staples,Packaged Foods & Meats,184.2,195.56,141.22,186.22,188.6,189.43,186.62,170.14,0.2,6.77,196.67,182.2
HLT,Hilton Worldwide,Consumer Discretionary,"Hotels, Resorts & Cruise Lines",275.06,278.5,201.05,263.96,263.63,261.7,267.98,253.32,0.4,-1.83,270.03,253.38
HOLX,Hologic,Health Care,Health Care Equipment,73.93,83.72,52.73,71.63,69.29,68.36,67.45,64.47,0.2,-1.27,72.99,63.73
HON,Honeywell,Industrials,Industrial Conglomerates,206.61,239.16,180.99,205.57,204.7,207.04,211.96,214.64,0.2,3.16,213.14,200.93
HST,Host Hotels & Resorts,Real Estate,Hotel & Resort REITs,16.8,18.04,12.39,16.48,16.36,16.64,16.77,15.57,0.2,3.93,17.46,15.82
ITW,Illinois Tool Works,Industrials,Industrial Machinery & Supplies & Components,252.96,271.83,215.75,251.74,249.21,253.81,258.67,250.3,0.2,4.75,264.98,242.65
INCY,Incyte,Health Care,Biotechnology,88.06,88.15,55.17,87.28,86.38,85.82,85.52,72.08,0.2,1.46,89.35,82.29
INTC,Intel,Information Technology,Semiconductors,36.92,38.12,18.13,37.4,37.12,36.5,29.77,23.5,0.2,5.66,39.01,33.98
IPG,Interpublic Group of Companies (The),Communication Services,Advertising,27.78,30.1,22.33,26.82,26.67,26.73,26.47,25.38,0.2,0.0,27.78,25.68
INTU,Intuit,Information Technology,Application Software,670.77,805.92,541.4,663.79,657.12,667.73,673.01,665.28,0.2,4.32,699.75,635.69
INVH,Invitation Homes,Real Estate,Single-Family Residential REITs,28.89,34.81,27.94,28.63,28.43,28.58,29.41,31.39,0.2,1.59,29.35,27.81
JKHY,Jack Henry & Associates,Financials,Transaction & Payment Processing Services,157.0,189.99,146.26,154.97,153.65,151.0,156.19,170.01,0.2,0.38,157.6,144.42
J,Jacobs Solutions,Industrials,Construction & Engineering,157.7,164.44,109.18,159.23,157.53,154.83,150.15,133.61,0.4,3.99,163.99,145.65
JCI,Johnson Controls,Industrials,Building Products,108.54,111.73,70.88,109.7,108.69,108.52,107.55,95.02,0.2,2.75,111.52,105.51
KDP,Keurig Dr Pepper,Consumer Staples,Soft Drinks & Non-alcoholic Beverages,27.39,35.84,25.3,27.71,27.03,26.29,28.26,31.6,0.2,2.7,28.13,24.45
KEYS,Keysight Technologies,Information Technology,Electronic Equipment & Instruments,164.69,185.11,127.02,164.28,164.5,168.8,168.61,161.9,0.2,8.43,178.57,159.04
KMI,Kinder Morgan,Energy,Oil & Gas Storage & Transportation,27.56,30.24,23.42,27.43,27.4,27.8,27.3,27.16,0.2,3.96,28.65,26.95
KLAC,KLA Corporation,Information Technology,Semiconductor Materials & Equipment,1114.32,1152.89,573.9,1124.02,1079.4,1085.84,994.34,826.31,0.2,5.35,1173.94,997.76
LHX,L3Harris,Industrials,Aerospace & Defense,288.97,306.76,191.79,288.0,291.37,295.2,283.94,241.47,0.2,6.54,307.87,282.54
LH,Labcorp,Health Care,Health Care Services,282.84,290.93,211.06,285.51,282.24,280.83,277.9,253.21,0.2,2.13,288.86,272.8
LRCX,Lam Research,Information Technology,Semiconductor Materials & Equipment,141.25,149.15,58.83,142.84,140.75,139.83,121.39,92.42,0.2,7.55,151.91,127.74
LW,Lamb Weston,Consumer Staples,Packaged Foods & Meats,64.75,80.72,47.73,65.01,64.53,62.25,58.47,55.1,0.2,7.27,69.46,55.03
MLM,Martin Marietta Materials,Materials,Construction Materials,622.5,656.85,451.25,626.23,633.2,629.5,619.88,551.25,0.2,4.37,649.7,609.28
MCK,McKesson Corporation,Health Care,Health Care Distributors,795.62,795.62,496.98,786.43,779.7,766.87,723.42,684.31,0.2,0.76,801.67,732.09
MET,MetLife,Financials,Life & Health Insurance,78.56,86.38,67.4,78.52,79.97,80.94,80.25,78.97,0.2,7.08,84.12,77.76
MTD,Mettler Toledo,Health Care,Life Sciences Tools & Services,1381.44,1411.52,970.15,1366.63,1330.62,1301.32,1292.48,1224.25,0.2,2.25,1412.52,1190.15
MOH,Molina Healthcare,Health Care,Managed Health Care,195.13,353.24,152.31,194.13,194.66,195.4,183.84,259.67,0.1,4.51,203.93,186.85
MDLZ,Mondelez International,Consumer Staples,Packaged Foods & Meats,61.97,70.19,54.9,62.12,61.8,62.06,61.94,63.32,0.1,1.98,63.2,60.92
MPWR,Monolithic Power Systems,Information Technology,Semiconductors,1001.4,1031.59,453.43,1018.63,993.47,958.79,897.68,715.52,0.2,5.43,1055.78,861.76
NDAQ,"Nasdaq, Inc.",Financials,Financial Exchanges & Data,87.42,96.67,66.01,88.63,89.2,88.59,91.38,83.92,0.2,4.0,90.92,86.25
NTAP,NetApp,Information Technology,"Technology Hardware, Storage & Peripherals",116.76,128.5,75.4,118.31,118.67,118.94,117.59,105.77,0.2,4.84,122.41,115.47
NEE,NextEra Energy,Utilities,Multi-Utilities,82.84,85.79,63.11,84.24,84.3,81.57,76.12,71.2,0.2,7.15,88.76,74.38
NI,NiSource,Utilities,Multi-Utilities,44.13,44.17,33.44,43.63,43.32,43.29,42.19,39.76,0.2,0.63,44.41,42.16
NDSN,Nordson Corporation,Industrials,Industrial Machinery & Supplies & Components,234.15,260.48,166.29,234.58,233.05,231.35,226.06,211.01,0.2,1.96,238.74,223.95
NTRS,Northern Trust,Financials,Asset Management & Custody Banks,125.48,134.6,83.34,126.45,127.29,129.92,129.3,112.88,0.2,8.53,136.18,123.65
NVR,"NVR, Inc.",Consumer Discretionary,Homebuilding,7697.16,9655.67,6700.0,7683.06,7645.26,7823.68,8048.71,7589.16,0.2,7.04,8239.04,7408.49
OMC,Omnicom Group,Communication Services,Advertising,81.23,101.44,68.6,78.57,78.13,78.24,77.47,76.39,0.2,-0.02,81.21,75.26
OTIS,Otis Worldwide,Industrials,Industrial Machinery & Supplies & Components,91.42,103.74,84.52,91.52,90.82,90.97,89.21,94.05,0.1,1.6,92.88,89.06
PKG,Packaging Corporation of America,Materials,Paper & Plastic Packaging Products & Materials,208.74,242.86,173.82,206.28,207.77,211.14,210.27,201.11,0.2,5.0,219.18,203.1
PYPL,PayPal,Financials,Transaction & Payment Processing Services,68.07,91.81,57.41,68.16,69.24,69.5,68.93,71.88,0.1,10.43,75.17,63.83
PNR,Pentair,Industrials,Industrial Machinery & Supplies & Components,109.34,112.59,75.76,109.03,109.18,109.99,109.26,99.24,0.2,3.07,112.7,107.28
PEP,PepsiCo,Consumer Staples,Soft Drinks & Non-alcoholic Beverages,153.03,168.5,125.83,153.25,151.26,146.02,145.44,140.2,0.2,2.79,157.3,134.74
PFE,Pfizer,Health Care,Pharmaceuticals,24.72,27.37,20.83,24.6,24.67,25.17,24.9,24.24,0.2,10.92,27.42,22.92
PCG,PG&E Corporation,Utilities,Multi-Utilities,16.58,21.5,12.98,16.59,16.41,15.99,15.44,15.74,0.1,4.34,17.3,14.67
PNW,Pinnacle West Capital,Utilities,Multi-Utilities,92.62,93.78,79.36,92.75,92.7,90.91,89.77,89.39,0.2,3.16,95.55,86.26
PPG,PPG Industries,Materials,Specialty Chemicals,102.16,125.75,90.49,102.26,100.83,102.24,107.17,109.72,0.2,4.02,106.27,98.21
PFG,Principal Financial Group,Financials,Life & Health Insurance,79.14,86.65,68.21,78.9,79.85,81.45,80.56,78.86,0.2,7.88,85.38,77.53
PLD,Prologis,Real Estate,Industrial REITs,125.95,127.18,88.13,124.87,120.1,117.79,113.77,109.19,0.2,1.08,127.31,108.28
QCOM,Qualcomm,Information Technology,Semiconductors,169.27,173.55,123.21,166.53,163.84,165.77,162.59,155.59,0.2,2.36,173.26,158.27
RTX,RTX Corporation,Industrials,Aerospace & Defense,177.98,177.98,112.45,165.35,162.19,164.19,160.01,140.15,0.2,-1.44,175.42,152.95
RSG,Republic Services,Industrials,Environmental & Facilities Services,223.28,256.75,195.95,220.48,221.78,223.68,227.69,233.67,0.2,2.75,229.42,217.94
ROST,Ross Stores,Consumer Discretionary,Apparel Retail,156.05,157.45,122.22,156.29,154.61,153.4,150.15,140.85,0.2,1.81,158.87,147.93
SBAC,SBA Communications,Real Estate,Telecom Tower REITs,197.38,241.34,187.49,197.3,193.67,192.81,200.5,214.85,0.2,1.32,199.99,185.64
STX,Seagate Technology,Information Technology,"Technology Hardware, Storage & Peripherals",215.05,256.84,65.98,219.09,218.21,226.95,201.08,131.53,0.2,18.41,254.64,199.27
SRE,Sempra,Utilities,Multi-Utilities,92.06,94.01,62.78,91.9,91.61,90.91,85.46,77.69,0.2,2.91,94.74,87.07
NOW,ServiceNow,Information Technology,Systems Software,935.65,1170.39,721.65,918.56,913.75,915.97,913.34,942.78,0.1,0.88,943.88,888.02
SHW,Sherwin-Williams,Materials,Specialty Chemicals,333.81,397.11,312.15,333.14,333.19,337.31,351.65,347.98,0.2,4.05,347.33,327.29
SJM,J.M. Smucker Company (The),Consumer Staples,Packaged Foods & Meats,104.75,116.56,93.48,104.81,104.13,106.01,108.24,107.13,0.2,5.33,110.33,101.69
SNA,Snap-on,Industrials,Industrial Machinery & Supplies & Components,343.01,364.18,288.55,342.71,337.42,340.13,333.73,326.14,0.2,2.53,351.69,328.57
STLD,Steel Dynamics,Materials,Steel,148.56,153.82,108.4,146.81,146.16,143.78,136.57,129.23,0.2,2.28,151.95,135.62
SYK,Stryker Corporation,Health Care,Health Care Equipment,388.35,402.61,335.89,378.6,373.25,370.95,378.97,378.37,0.2,-1.4,382.91,358.99
TEL,TE Connectivity,Information Technology,Electronic Manufacturing Services,229.1,229.1,121.04,226.09,223.02,221.61,213.86,171.16,0.2,0.03,229.17,214.04
TER,Teradyne,Information Technology,Semiconductor Materials & Equipment,138.84,147.87,67.79,139.76,139.32,139.86,126.36,103.12,0.2,6.89,148.41,131.33
TXT,Textron,Industrials,Aerospace & Defense,82.58,89.3,60.69,82.2,82.52,83.83,82.31,76.86,0.4,5.93,87.48,80.17
TKO,TKO Group Holdings,Communication Services,Movies & Entertainment,186.97,205.33,113.99,187.41,188.04,193.34,192.81,167.19,0.2,9.63,204.98,181.72
TSCO,Tractor Supply,Consumer Discretionary,Other Specialty Retail,54.83,62.65,47.62,55.05,54.99,55.34,58.28,54.69,0.2,4.25,57.16,53.51
UBER,Uber,Industrials,Passenger Ground Transportation,92.21,100.1,59.93,92.75,93.6,95.83,95.27,84.04,0.2,9.38,100.86,90.8
UDR,"UDR, Inc.",Real Estate,Multi-Family Residential REITs,36.6,44.54,35.6,36.29,36.17,36.18,37.22,39.75,0.2,0.79,36.89,35.46
UAL,United Airlines Holdings,Industrials,Passenger Airlines,96.27,110.52,56.15,99.0,99.95,98.34,101.76,88.86,0.2,7.69,103.67,93.0
UNH,UnitedHealth Group,Health Care,Managed Health Care,361.49,611.98,236.28,360.92,360.65,357.06,333.91,387.97,0.1,3.03,372.44,341.69
VRTX,Vertex Pharmaceuticals,Health Care,Biotechnology,426.44,516.74,366.54,419.45,414.74,407.63,397.83,445.32,0.1,1.13,431.26,384.03
WBD,Warner Bros. Discovery,Communication Services,Broadcasting,20.53,20.53,7.33,19.13,18.46,18.77,16.03,11.77,0.2,0.05,20.54,17.0
WEC,WEC Energy Group,Utilities,Electric Utilities,117.4,117.5,89.8,116.9,116.23,114.89,111.05,105.45,0.2,0.89,118.44,111.33
WST,West Pharmaceutical Services,Health Care,Health Care Supplies,277.0,347.02,190.04,273.82,268.1,266.94,256.97,244.64,0.2,0.89,279.47,254.42
WDC,Western Digital,Information Technology,"Technology Hardware, Storage & Peripherals",120.47,131.31,30.45,123.11,120.31,120.68,101.97,64.38,0.2,11.19,133.95,107.4
WMB,Williams Companies,Energy,Oil & Gas Storage & Transportation,62.16,64.48,49.82,62.51,62.71,63.25,60.03,57.95,0.2,3.94,64.61,61.89
WTW,Willis Towers Watson,Financials,Insurance Brokers,333.78,349.93,287.2,330.48,334.61,339.55,335.24,319.97,0.2,5.63,352.57,326.53
XEL,Xcel Energy,Utilities,Multi-Utilities,80.69,81.85,61.02,80.97,80.99,80.6,75.65,69.98,0.2,2.43,82.65,78.55
XYL,Xylem Inc.,Industrials,Industrial Machinery & Supplies & Components,145.99,149.9,102.25,146.14,146.02,146.45,143.47,129.18,0.2,3.24,150.72,142.18
YUM,Yum! Brands,Consumer Discretionary,Restaurants,147.38,160.96,121.48,146.54,144.6,147.59,147.23,144.96,0.2,5.49,155.47,139.7
ZBH,Zimmer Biomet,Health Care,Health Care Equipment,103.98,112.61,89.76,102.25,99.62,99.13,101.61,100.25,0.2,-0.17,103.8,94.45
