Symbol,Company,GICS_Sector,GICS_Sub_Industry,Current_Price,High_52_Week,Low_52_Week,SMA5,SMA10,SMA20,SMA50,SMA200,Score,Target_Pcnt,Target_Price,Stop_Loss
MMM,3M,Industrials,Industrial Conglomerates,167.23,167.23,122.31,158.54,155.14,155.36,155.36,147.92,0.2,-1.69,164.4,146.32
AOS,A. O. Smith,Industrials,Building Products,68.2,77.09,59.04,69.62,69.13,70.81,71.85,67.96,-0.2,9.46,74.65,66.97
ABT,Abbott Laboratories,Health Care,Health Care Equipment,127.95,138.33,109.61,128.23,129.88,131.44,131.68,129.3,-0.2,6.03,135.67,127.22
ABBV,AbbVie,Health Care,Biotechnology,228.68,242.63,159.42,229.71,228.88,228.76,218.22,194.77,0.2,4.69,239.41,218.13
ACN,Accenture,Information Technology,IT Consulting & Other Services,249.14,394.31,232.56,242.85,243.47,244.28,246.87,298.26,0.0,2.51,255.39,233.16
ADBE,Adobe Inc.,Information Technology,Application Software,354.09,552.96,329.23,343.51,340.84,346.21,351.51,386.03,0.0,2.93,364.46,327.94
AMD,Advanced Micro Devices,Information Technology,Semiconductors,230.23,240.56,78.21,235.29,229.74,204.52,179.94,134.75,0.2,16.47,268.15,140.89
AES,AES Corporation,Utilities,Independent Power Producers & Energy Traders,14.29,16.25,9.5,14.48,14.46,14.24,13.56,11.78,0.0,8.19,15.46,13.03
AFL,Aflac,Financials,Life & Health Insurance,107.85,113.07,97.56,107.85,109.29,110.42,108.54,105.0,0.0,5.63,113.92,106.92
A,Agilent Technologies,Health Care,Life Sciences Tools & Services,145.87,151.65,98.88,143.51,141.02,137.34,128.94,122.88,0.0,3.84,151.47,123.21
APD,Air Products,Materials,Industrial Gases,253.15,331.69,245.41,253.69,256.85,262.92,278.23,284.7,0.0,9.24,276.54,249.31
ABNB,Airbnb,Consumer Discretionary,"Hotels, Resorts & Cruise Lines",127.5,161.42,105.69,126.41,123.64,122.52,124.25,129.32,-0.2,0.59,128.25,116.8
AKAM,Akamai Technologies,Information Technology,Internet Services & Infrastructure,74.71,106.15,68.21,74.18,74.12,75.39,76.27,80.74,0.0,5.23,78.62,72.16
ALB,Albemarle Corporation,Materials,Specialty Chemicals,91.27,108.94,50.16,93.36,94.39,90.97,84.48,73.27,0.2,9.62,100.05,81.89
ARE,Alexandria Real Estate Equities,Real Estate,Office REITs,77.77,112.76,65.57,76.3,75.5,78.55,79.97,80.78,-0.4,10.6,86.01,71.1
ALGN,Align Technology,Health Care,Health Care Supplies,135.58,240.52,124.88,133.4,131.24,129.93,134.5,172.17,0.2,0.72,136.56,123.3
ALLE,Allegion,Industrials,Building Products,175.5,179.47,118.08,177.59,176.32,176.4,173.9,146.51,-0.2,2.46,179.82,172.98
LNT,Alliant Energy,Utilities,Electric Utilities,68.56,68.63,54.87,68.21,68.06,67.52,65.95,62.23,0.2,1.09,69.31,65.73
ALL,Allstate,Financials,Property & Casualty Insurance,194.79,214.65,178.34,194.61,200.33,205.81,204.69,197.79,0.0,12.95,220.02,191.61
GOOGL,Alphabet Inc. (Class A),Communication Services,Interactive Media & Services,251.69,256.55,144.4,252.69,248.22,246.92,234.31,189.78,0.0,1.67,255.89,237.94
GOOG,Alphabet Inc. (Class C),Communication Services,Interactive Media & Services,252.53,257.02,146.27,253.31,248.88,247.65,234.95,191.08,0.0,1.6,256.57,238.73
MO,Altria,Consumer Staples,Tobacco,64.43,66.65,45.73,64.38,64.94,65.36,65.31,57.98,0.2,3.77,66.86,63.87
AMZN,Amazon,Consumer Discretionary,Broadline Retail,217.95,242.06,167.32,216.79,218.01,219.51,225.35,214.21,0.2,3.94,226.54,212.49
AMCR,Amcor,Materials,Paper & Plastic Packaging Products & Materials,8.14,10.7,7.82,8.14,8.06,8.08,8.3,9.15,-0.2,1.84,8.29,7.87
AEE,Ameren,Utilities,Multi-Utilities,105.38,105.69,83.42,105.34,104.66,104.03,101.57,97.28,0.2,1.03,106.47,101.59
AEP,American Electric Power,Utilities,Electric Utilities,117.27,118.53,87.97,117.52,117.52,115.34,112.21,104.96,0.0,3.91,121.86,108.83
AXP,American Express,Financials,Consumer Finance,352.0,355.22,230.22,345.29,335.3,333.7,327.42,299.87,0.0,0.81,354.85,312.55
AIG,American International Group,Financials,Multi-line Insurance,78.94,86.75,68.89,77.88,79.99,80.14,79.71,79.71,-0.1,7.5,84.86,75.41
AMT,American Tower,Real Estate,Telecom Tower REITs,191.19,230.32,169.21,191.88,189.11,189.69,194.78,202.7,0.2,2.48,195.93,183.45
AWK,American Water Works,Utilities,Water Utilities,143.73,150.19,118.87,144.07,142.81,140.38,140.75,138.2,0.0,2.03,146.65,134.11
AMP,Ameriprise Financial,Financials,Asset Management & Custody Banks,472.75,569.83,419.45,472.55,478.32,485.81,495.56,505.84,0.0,6.77,504.76,466.89
AME,Ametek,Industrials,Electrical Components & Equipment,184.94,196.08,150.9,186.12,184.7,184.88,185.74,179.23,-0.2,2.44,189.45,180.3
AMGN,Amgen,Health Care,Biotechnology,295.98,321.88,252.22,299.01,296.42,292.13,287.67,287.04,0.4,4.9,310.48,273.79
APH,Amphenol,Information Technology,Electronic Components,128.93,128.93,58.9,126.81,125.41,124.4,118.31,90.01,0.2,-0.32,128.52,120.28
ADI,Analog Devices,Information Technology,Semiconductors,240.36,254.62,163.21,243.49,238.88,240.58,243.56,221.95,-0.2,4.58,251.37,229.78
AON,Aon plc,Financials,Insurance Brokers,343.1,407.61,334.44,344.07,351.06,355.61,361.93,367.1,-0.2,8.17,371.13,340.09
APA,APA Corporation,Energy,Oil & Gas Exploration & Production,22.89,25.12,13.62,22.7,22.8,23.7,22.98,20.07,0.0,12.15,25.67,21.73
APO,Apollo Global Management,Financials,Asset Management & Custody Banks,126.53,176.82,107.9,123.98,123.95,127.28,133.3,140.17,-0.2,8.99,137.91,116.64
AAPL,Apple Inc.,Information Technology,"Technology Hardware, Storage & Peripherals",258.45,262.77,172.0,256.64,252.73,254.52,243.02,221.97,0.0,2.16,264.03,245.03
AMAT,Applied Materials,Information Technology,Semiconductor Materials & Equipment,220.56,228.13,126.23,225.48,222.29,217.4,189.56,172.98,0.0,6.32,234.5,200.28
APP,AppLovin,Information Technology,Application Software,564.82,718.54,158.85,577.68,584.1,625.04,561.69,396.79,0.0,28.91,728.11,521.95
APTV,Aptiv,Consumer Discretionary,Automotive Parts & Equipment,84.48,87.98,47.92,83.94,83.12,84.69,82.04,68.5,0.0,4.98,88.69,80.7
ACGL,Arch Capital Group,Financials,Property & Casualty Insurance,87.88,103.17,84.99,87.06,89.4,90.19,90.54,91.28,0.0,7.65,94.6,85.78
ADM,Archer Daniels Midland,Consumer Staples,Agricultural Products & Services,61.91,64.21,41.01,62.61,62.21,61.54,61.45,52.13,0.2,3.51,64.08,58.99
ANET,Arista Networks,Information Technology,Communications Equipment,146.59,158.23,64.37,145.62,147.01,146.8,142.6,109.12,0.0,6.66,156.35,137.26
AJG,Arthur J. Gallagher & Co.,Financials,Insurance Brokers,283.04,347.33,274.22,280.39,290.38,298.87,298.56,313.38,-0.1,13.57,321.45,276.29
AIZ,Assurant,Financials,Multi-line Insurance,210.17,225.29,178.36,209.39,213.69,215.63,213.71,202.49,0.2,6.5,223.83,207.43
T,AT&T,Communication Services,Integrated Telecommunication Services,25.55,29.3,20.58,26.05,25.97,26.48,27.86,26.52,0.0,10.14,28.14,24.82
ATO,Atmos Energy,Utilities,Gas Utilities,177.1,179.19,134.17,176.93,176.84,173.8,168.57,155.04,0.2,2.35,181.26,166.35
ADSK,Autodesk,Information Technology,Application Software,308.15,326.79,238.84,306.03,306.36,312.55,309.78,292.69,0.0,6.04,326.76,298.35
ADP,Automatic Data Processing,Industrials,Human Resource & Employment Services,283.95,323.5,273.96,282.48,283.8,287.58,293.54,299.51,-0.2,4.16,295.76,279.38
AZO,AutoZone,Consumer Discretionary,Automotive Retail,3997.26,4354.54,2981.19,4002.02,4023.37,4106.84,4146.5,3755.15,-0.2,8.01,4317.44,3896.32
AVB,AvalonBay Communities,Real Estate,Multi-Family Residential REITs,189.32,229.94,181.07,186.99,185.95,188.05,189.8,200.36,0.0,2.35,193.77,182.33
AVY,Avery Dennison,Materials,Paper & Plastic Packaging Products & Materials,179.04,211.15,157.49,164.32,161.83,161.75,166.31,174.31,0.0,-4.86,170.34,153.16
AXON,Axon Enterprise,Industrials,Aerospace & Defense,701.09,870.97,423.5,682.82,691.08,703.82,734.57,679.46,-0.2,6.93,749.68,657.95
BKR,Baker Hughes,Energy,Oil & Gas Equipment & Services,47.3,50.55,34.6,46.03,45.79,47.43,46.28,42.23,0.2,8.46,51.3,43.55
BALL,Ball Corporation,Materials,"Metal, Glass & Plastic Containers",49.75,65.23,44.6,48.84,48.12,48.86,50.28,52.29,0.2,2.65,51.07,46.66
BAC,Bank of America,Financials,Diversified Banks,51.1,52.42,34.0,51.28,50.6,50.82,50.24,45.23,0.0,3.6,52.94,48.7
BAX,Baxter International,Health Care,Health Care Equipment,22.93,36.11,21.61,22.97,22.7,22.75,23.43,28.58,0.0,3.71,23.78,21.73
BDX,Becton Dickinson,Health Care,Health Care Equipment,188.11,245.13,163.27,188.5,187.99,188.55,190.0,196.98,-0.2,3.82,195.3,181.8
BRK-B,Berkshire Hathaway,Financials,Multi-Sector Holdings,491.81,539.8,442.29,491.68,492.86,496.03,493.62,493.37,0.2,2.51,504.15,487.92
BBY,Best Buy,Consumer Discretionary,Computer & Electronics Retail,81.37,89.54,54.69,80.66,78.2,77.11,74.94,72.43,0.2,1.34,82.46,71.77
TECH,Bio-Techne,Health Care,Life Sciences Tools & Services,63.79,78.41,46.59,62.65,61.03,59.36,55.95,57.08,0.1,4.94,66.94,51.77
BIIB,Biogen,Health Care,Biotechnology,147.72,185.9,113.38,145.17,145.57,146.69,142.56,135.17,0.0,7.78,159.21,134.17
BLK,BlackRock,Financials,Asset Management & Custody Banks,1129.68,1202.59,807.61,1150.44,1160.4,1161.1,1139.18,1020.01,0.0,6.09,1198.48,1123.68
BX,Blackstone Inc.,Financials,Asset Management & Custody Banks,161.72,194.8,118.51,159.57,159.83,164.68,171.01,156.11,-0.4,9.52,177.12,152.25
XYZ,"Block, Inc.",Financials,Transaction & Payment Processing Services,75.92,98.92,46.53,75.98,76.27,76.14,76.27,69.63,-0.2,6.3,80.7,71.59
BK,BNY Mellon,Financials,Asset Management & Custody Banks,107.03,109.75,72.47,107.05,106.89,107.27,105.81,91.42,-0.2,2.74,109.96,104.58
BA,Boeing,Industrials,Aerospace & Defense,216.59,237.38,136.59,215.1,214.61,216.48,222.23,198.23,0.2,3.09,223.28,209.67
BKNG,Booking Holdings,Consumer Discretionary,"Hotels, Resorts & Cruise Lines",5230.59,5805.92,4149.83,5136.16,5165.25,5280.83,5440.67,5162.85,0.0,7.16,5605.1,4956.33
BSX,Boston Scientific,Health Care,Health Care Equipment,103.85,108.14,83.62,100.26,98.29,97.63,101.17,101.62,0.4,-2.14,101.63,93.64
BMY,Bristol Myers Squibb,Health Care,Pharmaceuticals,44.39,60.79,42.72,43.91,43.91,44.26,45.49,49.39,0.0,3.72,46.04,42.48
AVGO,Broadcom,Information Technology,Semiconductors,340.3,368.94,145.7,347.14,345.75,340.66,329.79,253.27,0.0,5.13,357.76,323.56
BR,Broadridge Financial Solutions,Industrials,Data Processing & Outsourced Services,232.95,265.85,206.47,230.26,231.75,233.79,244.77,238.87,-0.2,2.79,239.45,228.12
BRO,Brown & Brown,Financials,Insurance Brokers,89.2,124.07,87.42,88.07,91.5,92.77,93.82,105.73,-0.2,10.47,98.54,86.99
BF-B,Brown–Forman,Consumer Staples,Distillers & Vintners,28.09,47.66,25.45,28.54,27.84,27.64,28.3,30.81,-0.2,2.95,28.92,26.36
BLDR,Builders FirstSource,Industrials,Building Products,122.57,189.03,105.63,123.24,124.15,124.2,131.99,130.48,0.2,7.22,131.42,116.99
BG,Bunge Global,Consumer Staples,Agricultural Products & Services,95.48,97.5,67.23,96.06,89.88,86.2,83.77,77.81,0.0,3.45,98.77,73.63
BXP,"BXP, Inc.",Real Estate,Office REITs,73.2,83.19,55.53,71.46,71.06,72.87,72.21,67.88,0.0,5.15,76.97,68.77
CHRW,C.H. Robinson,Industrials,Air Freight & Logistics,127.15,137.09,85.99,127.25,127.09,130.29,128.93,105.38,0.0,7.89,137.18,123.4
CDNS,Cadence Design Systems,Information Technology,Application Software,330.51,373.37,231.64,328.79,330.17,339.9,347.3,307.63,-0.2,9.5,361.91,317.89
CPT,Camden Property Trust,Real Estate,Multi-Family Residential REITs,104.4,122.47,101.67,103.03,102.44,103.56,106.04,111.35,0.2,2.16,106.66,100.47
CPB,Campbell's Company (The),Consumer Staples,Packaged Foods & Meats,31.38,45.59,29.8,31.01,30.56,30.94,31.89,34.27,-0.2,2.58,32.19,29.69
COF,Capital One,Financials,Consumer Finance,220.38,229.74,149.68,213.36,211.69,214.04,219.01,199.0,0.2,2.22,225.27,202.79
CAH,Cardinal Health,Health Care,Health Care Distributors,159.52,167.08,106.36,157.03,156.34,155.8,151.99,144.19,0.0,0.76,160.73,150.88
KMX,CarMax,Consumer Discretionary,Automotive Retail,43.86,89.19,42.9,43.55,43.71,44.61,53.62,66.76,0.0,6.84,46.86,42.36
CCL,Carnival,Consumer Discretionary,"Hotels, Resorts & Cruise Lines",30.0,32.49,16.43,29.07,28.74,28.96,30.22,25.48,0.0,1.63,30.49,27.44
CARR,Carrier Global,Industrials,Building Products,56.74,80.73,55.21,57.44,57.35,58.34,61.67,66.45,0.4,7.17,60.81,55.87
CAT,Caterpillar Inc.,Industrials,Construction Machinery & Heavy Transportation Equipment,513.91,539.41,270.85,526.94,518.53,500.16,458.66,381.36,0.0,6.36,546.59,453.72
CBOE,Cboe Global Markets,Financials,Financial Exchanges & Data,237.35,253.24,189.73,236.66,239.22,240.64,239.77,224.93,0.2,4.19,247.29,233.98
CBRE,CBRE Group,Real Estate,Real Estate Services,163.77,165.9,113.94,159.41,156.4,156.05,159.69,140.62,0.2,-0.76,162.53,149.59
CDW,CDW Corporation,Information Technology,Technology Distributors,156.36,217.28,143.46,154.36,151.53,155.27,161.29,171.24,0.0,5.54,165.02,145.52
COR,Cencora,Health Care,Health Care Distributors,330.8,330.8,223.33,326.22,321.78,314.59,302.57,281.2,-0.2,0.31,331.83,297.38
CNC,Centene Corporation,Health Care,Managed Health Care,36.02,65.89,25.21,35.73,36.08,36.34,32.71,48.3,-0.3,7.63,38.77,33.91
CNP,CenterPoint Energy,Utilities,Multi-Utilities,40.05,40.22,27.88,39.92,39.65,39.27,38.48,36.18,0.2,0.92,40.42,38.11
CF,CF Industries,Materials,Fertilizers & Agricultural Chemicals,85.93,101.88,67.67,83.94,85.6,87.96,86.65,85.55,0.0,9.26,93.89,82.03
CRL,Charles River Laboratories,Health Care,Life Sciences Tools & Services,187.0,220.69,99.75,182.57,176.35,170.14,162.73,154.64,0.2,3.69,193.9,146.38
SCHW,Charles Schwab Corporation,Financials,Investment Banking & Brokerage,94.31,98.69,68.65,94.38,93.91,94.13,94.53,86.32,-0.2,2.18,96.37,91.88
CHTR,Charter Communications,Communication Services,Cable & Satellite,244.94,427.25,244.94,251.49,257.15,266.25,265.7,340.28,-0.3,17.31,287.34,245.16
CVX,Chevron Corporation,Energy,Integrated Oil & Gas,155.57,164.65,130.67,153.73,152.56,154.1,155.79,148.69,0.0,2.47,159.41,148.78
CMG,Chipotle Mexican Grill,Consumer Discretionary,Restaurants,41.61,66.16,38.58,41.84,41.47,40.89,41.09,49.19,-0.2,3.15,42.92,38.86
CB,Chubb Limited,Financials,Property & Casualty Insurance,276.52,301.45,256.04,270.08,276.32,279.68,277.37,279.57,-0.3,5.73,292.36,266.98
CHD,Church & Dwight,Consumer Staples,Household Products,88.12,112.48,85.84,87.98,87.51,87.67,90.64,98.24,0.0,1.79,89.7,85.64
CI,Cigna,Health Care,Health Care Services,307.87,336.71,260.91,302.51,301.15,298.66,298.06,304.05,-0.1,2.38,315.2,282.11
CINF,Cincinnati Financial,Financials,Property & Casualty Insurance,155.47,165.69,125.14,154.21,156.47,158.53,155.32,145.07,0.0,7.13,166.56,150.5
CTAS,Cintas,Industrials,Diversified Support Services,193.54,227.2,181.05,190.96,189.82,195.99,203.1,207.97,-0.2,8.31,209.62,182.36
CSCO,Cisco,Information Technology,Communications Equipment,70.66,71.36,52.55,70.25,69.48,68.84,67.92,63.58,0.0,0.86,71.27,66.4
C,Citigroup,Financials,Diversified Banks,96.3,103.49,57.29,97.44,97.28,98.46,97.79,82.1,0.2,7.4,103.43,93.5
CFG,Citizens Financial Group,Financials,Regional Banks,50.62,54.0,33.59,49.89,50.43,51.8,51.45,44.71,0.2,8.79,55.07,48.54
CLX,Clorox,Consumer Staples,Household Products,118.18,165.31,116.82,119.0,119.32,120.67,121.47,133.25,0.0,5.38,124.54,116.81
CME,CME Group,Financials,Financial Exchanges & Data,267.81,288.01,211.73,266.9,268.14,267.47,266.36,262.47,0.0,2.01,273.19,261.74
CMS,CMS Energy,Utilities,Multi-Utilities,75.16,75.31,63.54,74.86,74.49,73.52,72.4,70.59,0.2,1.04,75.94,71.1
KO,Coca-Cola Company (The),Consumer Staples,Soft Drinks & Non-alcoholic Beverages,70.81,72.82,59.48,69.3,68.13,67.19,67.61,68.1,0.2,-0.93,70.15,64.24
CTSH,Cognizant,Information Technology,IT Consulting & Other Services,68.36,89.65,65.47,67.08,67.01,67.16,69.08,75.49,0.2,0.91,68.98,65.34
COIN,Coinbase,Financials,Financial Exchanges & Data,320.33,419.78,151.47,333.8,344.78,349.3,329.38,279.45,0.0,24.21,397.88,300.73
CL,Colgate-Palmolive,Consumer Staples,Household Products,79.86,97.39,76.47,78.78,78.01,78.22,81.15,86.7,0.0,0.39,80.17,76.26
CMCSA,Comcast,Communication Services,Cable & Satellite,29.4,43.5,29.26,29.55,29.64,30.3,31.82,33.68,0.0,7.96,31.74,28.86
CAG,Conagra Brands,Consumer Staples,Packaged Foods & Meats,18.78,28.08,18.04,18.55,18.48,18.57,18.86,21.89,0.0,2.61,19.27,17.87
COP,ConocoPhillips,Energy,Oil & Gas Exploration & Production,87.41,110.98,81.29,86.85,87.86,91.56,93.48,93.22,-0.2,13.88,99.54,83.58
ED,Consolidated Edison,Utilities,Multi-Utilities,101.94,111.42,85.77,101.5,101.57,100.43,99.41,100.39,0.1,1.25,103.21,97.65
STZ,Constellation Brands,Consumer Staples,Distillers & Vintners,140.2,240.13,131.78,140.55,140.86,139.41,146.16,168.82,0.2,3.72,145.42,133.41
CEG,Constellation Energy,Utilities,Electric Utilities,350.06,403.95,170.52,372.38,378.8,363.53,336.63,292.47,-0.2,16.4,407.47,319.59
COO,Cooper Companies (The),Health Care,Health Care Supplies,74.45,107.82,64.32,73.59,71.54,70.15,69.78,78.03,-0.1,0.55,74.86,65.45
CPRT,Copart,Industrials,Diversified Support Services,44.93,63.84,43.88,44.77,44.52,44.64,46.46,52.32,-0.2,1.36,45.54,43.75
GLW,Corning Inc.,Information Technology,Electronic Components,84.14,87.19,38.69,85.34,85.36,84.05,76.42,56.22,0.2,5.54,88.8,79.3
CPAY,Corpay,Financials,Transaction & Payment Processing Services,283.06,389.55,277.5,283.9,285.06,287.75,303.66,331.01,0.0,4.92,296.99,278.52
CTVA,Corteva,Materials,Fertilizers & Agricultural Chemicals,63.12,76.93,54.65,61.89,62.13,63.66,68.77,66.6,-0.2,7.97,68.15,59.17
CSGP,CoStar Group,Real Estate,Real Estate Services,77.19,96.83,69.29,75.47,75.66,79.26,84.65,80.78,0.0,12.81,87.08,71.44
COST,Costco,Consumer Staples,Consumer Staples Merchandise Retail,944.68,1073.97,869.72,936.05,939.02,929.1,947.41,971.02,0.0,1.11,955.17,903.07
CTRA,Coterra,Energy,Oil & Gas Exploration & Production,23.3,29.06,21.94,23.08,23.14,23.46,23.75,25.22,0.0,4.76,24.41,22.51
CRWD,CrowdStrike,Information Technology,Systems Software,500.11,514.1,296.87,494.91,496.39,493.72,459.59,430.42,-0.2,2.71,513.66,473.76
CCI,Crown Castle,Real Estate,Telecom Tower REITs,97.7,112.64,81.15,98.15,97.64,96.53,96.71,96.78,-0.2,1.63,99.29,93.76
CSX,CSX Corporation,Industrials,Rail Transportation,35.92,36.67,26.47,36.18,36.04,35.71,34.4,32.15,0.2,3.4,37.14,34.29
CMI,Cummins,Industrials,Construction Machinery & Heavy Transportation Equipment,407.98,438.88,264.26,414.89,416.33,421.83,411.84,352.14,-0.2,7.84,439.97,403.71
CVS,CVS Health,Health Care,Health Care Services,82.01,83.04,42.33,82.28,80.48,78.44,74.87,65.38,0.0,2.0,83.65,73.24
DHR,Danaher Corporation,Health Care,Life Sciences Tools & Services,218.1,270.45,174.06,213.45,209.16,205.28,202.07,203.13,0.1,3.56,225.86,184.68
DRI,Darden Restaurants,Consumer Discretionary,Restaurants,187.41,222.41,154.1,187.69,186.52,188.01,197.23,198.36,0.0,3.17,193.35,182.65
DDOG,Datadog,Information Technology,Application Software,154.21,168.65,87.0,154.16,157.87,153.71,141.76,127.35,0.2,9.69,169.15,138.26
DVA,DaVita,Health Care,Health Care Services,129.08,177.35,123.91,127.33,126.36,128.57,132.23,143.71,0.2,3.87,134.08,123.06
DAY,Dayforce,Industrials,Human Resource & Employment Services,68.5,81.8,49.33,68.34,68.32,68.61,67.82,61.73,-0.2,1.07,69.23,67.99
DECK,Deckers Brands,Consumer Discretionary,Footwear,100.89,223.11,95.07,100.58,99.09,100.84,108.72,123.63,-0.2,5.45,106.39,95.29
DE,Deere & Company,Industrials,Agricultural & Farm Machinery,462.36,527.96,384.05,460.06,453.84,457.15,470.02,479.24,-0.2,1.8,470.68,443.59
DELL,Dell Technologies,Information Technology,"Technology Hardware, Storage & Peripherals",150.13,163.95,70.63,149.35,150.64,146.88,136.36,114.86,0.2,8.61,163.06,130.71
DAL,Delta Air Lines,Industrials,Passenger Airlines,60.0,68.24,35.54,60.82,60.19,58.55,59.38,54.03,-0.2,4.2,62.52,54.58
DVN,Devon Energy,Energy,Oil & Gas Exploration & Production,32.41,39.08,26.43,32.03,32.55,33.9,34.3,33.37,0.0,13.98,36.94,30.85
DXCM,Dexcom,Health Care,Health Care Equipment,70.7,90.75,59.83,68.36,67.18,67.04,72.86,78.66,0.0,-1.17,69.87,64.2
FANG,Diamondback Energy,Energy,Oil & Gas Exploration & Production,142.28,181.42,117.58,140.71,141.34,143.77,142.17,145.16,0.1,5.52,150.13,137.42
DLR,Digital Realty,Real Estate,Data Center REITs,172.41,190.11,134.22,172.73,172.6,172.98,169.7,164.36,0.0,2.74,177.13,168.84
DG,Dollar General,Consumer Staples,Consumer Staples Merchandise Retail,103.58,115.62,67.25,105.03,103.49,101.76,105.59,94.99,0.0,3.95,107.67,95.86
DLTR,Dollar Tree,Consumer Staples,Consumer Staples Merchandise Retail,100.47,117.16,61.21,97.78,94.97,92.92,99.99,89.11,0.2,0.84,101.31,84.53
D,Dominion Energy,Utilities,Multi-Utilities,60.9,61.69,48.51,60.88,61.02,60.94,60.22,55.89,0.0,1.69,61.93,59.95
DPZ,Domino's,Consumer Discretionary,Restaurants,424.82,493.69,397.61,420.17,416.25,421.05,437.03,452.74,-0.2,3.27,438.71,403.4
DASH,DoorDash,Consumer Discretionary,Specialized Consumer Services,252.31,281.74,150.92,261.88,266.75,269.25,259.59,218.71,-0.2,12.19,283.07,255.44
DOV,Dover Corporation,Industrials,Industrial Machinery & Supplies & Components,167.61,204.71,150.28,168.44,165.23,165.75,172.05,179.65,0.2,2.17,171.25,160.26
DOW,Dow Inc.,Materials,Commodity Chemicals,21.7,48.53,20.57,21.77,21.71,22.36,23.29,29.0,0.0,10.32,23.94,20.78
DHI,D. R. Horton,Consumer Discretionary,Homebuilding,158.21,184.21,114.44,155.44,154.48,161.32,166.83,139.66,0.0,11.93,177.08,145.57
DTE,DTE Energy,Utilities,Multi-Utilities,142.69,143.32,113.22,142.35,141.64,141.05,138.31,132.17,0.2,0.76,143.77,138.31
DUK,Duke Energy,Utilities,Electric Utilities,129.03,129.03,102.96,128.45,127.65,125.55,123.58,117.26,0.2,1.12,130.48,120.64
DD,DuPont,Materials,Specialty Chemicals,79.71,84.81,54.51,79.9,78.31,78.29,77.05,72.83,0.2,3.31,82.35,74.23
EMN,Eastman Chemical Company,Materials,Specialty Chemicals,61.2,103.52,58.06,61.27,60.68,61.77,64.53,77.5,0.0,5.67,64.67,58.86
ETN,Eaton Corporation,Industrials,Electrical Components & Equipment,360.6,391.62,244.95,372.13,373.83,373.09,363.31,330.5,-0.2,6.35,383.5,362.69
EBAY,eBay Inc.,Consumer Discretionary,Broadline Retail,95.37,100.46,56.61,93.84,91.92,91.53,92.88,76.58,-0.2,0.46,95.81,87.24
ECL,Ecolab,Materials,Specialty Chemicals,276.0,284.78,224.56,276.35,274.33,274.43,274.31,260.01,0.0,2.18,282.02,266.84
EIX,Edison International,Utilities,Electric Utilities,58.08,83.47,46.84,57.49,55.91,55.0,54.69,53.56,0.0,0.83,58.56,51.44
EW,Edwards Lifesciences,Health Care,Health Care Equipment,76.84,81.83,65.75,75.09,74.38,75.47,77.35,74.88,0.2,2.2,78.53,72.4
EA,Electronic Arts,Communication Services,Interactive Home Entertainment,200.75,202.05,116.08,200.51,200.39,198.65,182.38,153.65,-0.2,6.09,212.98,184.34
ELV,Elevance Health,Health Care,Managed Health Care,345.21,448.26,273.17,349.2,350.87,344.0,324.26,365.97,0.1,7.58,371.38,316.64
EME,Emcor,Industrials,Construction & Engineering,662.93,700.18,341.52,685.86,681.47,668.78,641.33,509.71,0.0,6.94,708.94,628.62
EMR,Emerson Electric,Industrials,Electrical Components & Equipment,130.11,149.04,93.37,130.16,129.66,130.7,131.83,123.94,0.0,3.7,134.92,126.46
ETR,Entergy,Utilities,Electric Utilities,96.0,97.65,65.13,96.05,96.11,95.15,91.41,84.65,0.2,2.89,98.77,91.52
EOG,EOG Resources,Energy,Oil & Gas Exploration & Production,106.21,133.44,101.83,106.22,107.34,109.33,114.77,117.47,-0.2,8.39,115.12,103.54
EPAM,EPAM Systems,Information Technology,IT Consulting & Other Services,156.47,267.63,142.2,148.65,147.28,149.63,158.03,180.15,0.2,1.12,158.22,141.02
EQT,EQT Corporation,Energy,Oil & Gas Exploration & Production,53.49,60.26,35.15,54.59,54.34,54.95,52.71,52.69,0.0,7.63,57.57,52.33
EFX,Equifax,Industrials,Research & Consulting Services,230.64,279.44,204.69,229.16,229.28,237.44,245.38,250.11,-0.2,12.04,258.41,216.48
EQIX,Equinix,Real Estate,Data Center REITs,829.05,968.75,731.64,820.58,815.78,800.09,788.58,830.57,-0.1,0.82,835.85,764.34
EQR,Equity Residential,Real Estate,Multi-Family Residential REITs,63.74,74.44,60.55,62.52,62.27,62.88,63.8,66.47,0.0,1.69,64.82,60.95
ERIE,Erie Indemnity,Financials,Insurance Brokers,322.74,470.74,310.72,318.73,319.74,317.87,331.31,366.44,0.0,1.43,327.36,308.4
ESS,Essex Property Trust,Real Estate,Multi-Family Residential REITs,264.22,305.43,249.65,260.84,259.32,261.57,261.91,274.58,0.0,1.4,267.92,255.23
EL,Estée Lauder Companies (The),Consumer Staples,Personal Care Products,98.63,102.52,49.61,99.45,96.19,92.49,90.34,76.45,0.0,4.29,102.86,82.13
EG,Everest Group,Financials,Reinsurance,348.42,384.58,324.54,347.7,349.33,351.56,344.74,344.12,0.0,4.2,363.05,340.05
EVRG,Evergy,Utilities,Electric Utilities,78.73,78.73,57.24,78.2,77.94,77.0,73.9,67.92,0.0,1.45,79.87,74.13
ES,Eversource Energy,Utilities,Electric Utilities,73.12,73.49,52.98,72.62,72.16,71.83,67.35,62.12,0.0,1.64,74.32,69.34
EXC,Exelon,Utilities,Electric Utilities,48.11,48.24,35.25,47.9,47.53,46.35,44.86,43.26,0.0,2.18,49.16,43.53
EXE,Expand Energy,Energy,Oil & Gas Exploration & Production,104.39,120.67,80.65,103.35,103.17,105.24,99.96,103.73,0.1,6.42,111.09,99.39
EXPE,Expedia Group,Consumer Discretionary,"Hotels, Resorts & Cruise Lines",226.39,228.24,136.05,219.82,218.34,218.15,216.55,184.25,0.2,0.23,226.91,209.38
EXPD,Expeditors International,Industrials,Air Freight & Logistics,118.61,125.62,102.14,119.65,117.63,119.98,120.82,115.35,0.0,6.21,125.98,113.97
EXR,Extra Space Storage,Real Estate,Self-Storage REITs,152.09,165.33,123.86,151.53,148.48,144.85,142.3,144.1,-0.1,1.24,153.98,135.72
XOM,ExxonMobil,Energy,Integrated Oil & Gas,114.71,118.64,98.11,112.6,112.28,113.08,112.06,108.5,0.0,1.38,116.29,109.87
FFIV,"F5, Inc.",Information Technology,Communications Equipment,297.83,343.17,213.57,297.96,317.85,322.75,321.21,292.97,0.0,18.88,354.06,291.42
FDS,FactSet,Financials,Financial Exchanges & Data,289.92,490.93,275.01,287.82,286.1,284.8,327.91,410.84,-0.2,1.51,294.3,275.3
FICO,Fair Isaac,Information Technology,Application Software,1573.94,2382.4,1311.26,1599.26,1630.64,1648.42,1544.44,1733.47,-0.3,19.17,1875.66,1421.14
FAST,Fastenal,Industrials,Trading Companies & Distributors,42.6,50.39,35.0,42.67,43.31,45.71,47.49,41.96,-0.2,19.74,51.01,40.4
FRT,Federal Realty Investment Trust,Real Estate,Retail REITs,101.0,112.47,81.67,99.56,98.3,98.52,98.17,96.16,0.0,0.06,101.06,95.98
FDX,FedEx,Industrials,Air Freight & Logistics,239.41,298.15,195.55,239.35,235.85,238.05,232.12,233.34,0.1,3.5,247.79,228.32
FIS,Fidelity National Information Services,Financials,Transaction & Payment Processing Services,67.88,89.02,63.37,67.24,67.32,66.82,67.62,73.93,0.0,2.11,69.31,64.33
FITB,Fifth Third Bancorp,Financials,Regional Banks,41.69,46.72,32.73,41.38,42.07,43.21,43.95,40.64,-0.2,10.34,46.0,40.42
FSLR,First Solar,Information Technology,Semiconductors,223.36,244.4,120.38,229.77,230.4,228.35,213.22,170.57,-0.2,7.42,239.93,216.77
FE,FirstEnergy,Utilities,Electric Utilities,47.29,47.69,37.17,47.07,47.11,46.44,44.69,41.22,0.0,1.78,48.13,44.75
FI,Fiserv,Financials,Transaction & Payment Processing Services,125.25,237.79,118.0,123.02,123.15,125.34,131.42,175.63,-0.2,4.88,131.36,119.32
F,Ford Motor Company,Consumer Discretionary,Automobile Manufacturers,12.43,12.7,8.45,12.13,11.85,11.99,11.78,10.43,0.0,2.49,12.74,11.23
FTNT,Fortinet,Information Technology,Systems Software,84.66,114.57,74.39,84.18,84.1,84.61,81.7,96.07,-0.3,2.62,86.88,82.35
FTV,Fortive,Industrials,Industrial Machinery & Supplies & Components,49.08,62.32,46.49,49.1,48.87,49.13,48.56,52.9,-0.1,3.04,50.57,47.68
FOXA,Fox Corporation (Class A),Communication Services,Broadcasting,58.58,63.06,41.32,58.11,58.05,59.84,59.6,54.73,0.2,8.79,63.73,55.94
FOX,Fox Corporation (Class B),Communication Services,Broadcasting,52.49,57.29,37.95,52.05,52.0,53.77,53.91,50.42,0.0,9.85,57.66,49.88
BEN,Franklin Resources,Financials,Asset Management & Custody Banks,22.59,25.67,16.21,22.45,22.71,22.94,23.91,21.41,-0.2,5.31,23.79,22.08
FCX,Freeport-McMoRan,Materials,Copper,40.78,47.85,28.82,41.43,41.72,40.24,42.43,39.77,0.2,9.44,44.63,35.84
GRMN,Garmin,Consumer Discretionary,Consumer Electronics,247.55,259.77,159.13,248.75,249.84,250.55,241.41,216.98,0.2,5.97,262.33,238.76
IT,Gartner,Information Technology,IT Consulting & Other Services,251.03,551.8,225.98,244.12,243.34,249.75,248.13,385.77,0.3,6.98,268.55,230.95
GE,GE Aerospace,Industrials,Aerospace & Defense,297.89,306.63,158.97,301.44,299.58,299.07,287.3,236.27,0.2,2.63,305.72,292.43
GEHC,GE HealthCare,Health Care,Health Care Equipment,76.14,93.39,58.69,75.03,73.78,74.24,74.64,76.36,-0.2,2.14,77.77,70.72
GEV,GE Vernova,Industrials,Heavy Electrical Equipment,576.0,664.27,269.69,591.38,610.3,608.63,612.79,472.42,0.0,11.72,643.51,573.76
GEN,Gen Digital,Information Technology,Systems Software,27.21,32.03,23.31,26.85,26.84,27.46,29.01,28.01,-0.2,6.47,28.97,25.95
GNRC,Generac,Industrials,Electrical Components & Equipment,183.09,202.85,101.92,190.9,184.61,175.89,182.13,149.6,0.0,8.01,197.76,154.03
GD,General Dynamics,Industrials,Aerospace & Defense,338.24,344.98,238.33,335.57,335.4,336.44,326.93,286.07,0.0,2.84,347.85,325.06
GIS,General Mills,Consumer Staples,Packaged Foods & Meats,49.18,66.06,47.71,48.53,48.51,49.03,49.11,53.2,-0.2,2.6,50.46,47.61
GM,General Motors,Consumer Discretionary,Automobile Manufacturers,67.31,67.31,42.24,61.53,58.95,59.3,58.5,51.3,0.2,-2.45,65.66,52.95
GPC,Genuine Parts Company,Consumer Discretionary,Distributors,132.86,142.77,103.92,133.21,132.68,135.25,137.03,124.47,0.0,6.35,141.3,129.2
GILD,Gilead Sciences,Health Care,Biotechnology,121.46,124.08,83.79,121.86,119.82,116.4,115.17,107.61,0.2,2.85,124.92,107.88
GPN,Global Payments,Financials,Transaction & Payment Processing Services,85.67,118.08,67.06,85.89,85.62,85.91,86.33,88.2,0.0,4.11,89.19,82.63
GL,Globe Life,Financials,Life & Health Insurance,135.63,146.27,102.63,135.09,136.23,137.92,139.45,127.04,0.0,6.4,144.31,131.54
GDDY,GoDaddy,Information Technology,Internet Services & Infrastructure,132.33,214.35,128.0,130.85,131.37,134.18,141.07,170.82,0.0,7.17,141.82,126.55
GS,Goldman Sachs,Financials,Investment Banking & Brokerage,744.6,806.32,457.48,755.15,764.56,778.06,765.4,648.65,0.0,9.08,812.21,743.87
HAL,Halliburton,Energy,Oil & Gas Equipment & Services,26.31,31.1,18.96,23.65,23.1,23.82,22.78,22.8,0.1,0.15,26.35,21.3
HIG,Hartford (The),Financials,Property & Casualty Insurance,124.88,134.7,105.0,124.46,127.0,129.95,130.99,122.5,-0.2,9.71,137.01,122.9
HAS,Hasbro,Consumer Discretionary,Leisure Products,75.16,81.85,49.75,74.8,73.93,74.69,77.06,67.06,0.0,2.75,77.23,72.14
HCA,HCA Healthcare,Health Care,Health Care Facilities,441.19,441.19,294.93,430.42,423.55,424.81,412.3,362.25,0.4,-0.16,440.48,409.15
DOC,Healthpeak Properties,Real Estate,Health Care REITs,18.62,21.58,16.35,18.56,18.34,18.65,18.09,18.07,-0.4,4.46,19.45,17.85
HSIC,Henry Schein,Health Care,Health Care Distributors,63.51,81.91,62.03,63.34,63.41,64.62,66.89,70.1,0.0,6.13,67.4,61.85
HSY,Hershey Company (The),Consumer Staples,Packaged Foods & Meats,184.2,195.56,141.22,186.22,188.6,189.43,186.62,170.14,0.2,6.77,196.67,182.2
HPE,Hewlett Packard Enterprise,Information Technology,"Technology Hardware, Storage & Peripherals",23.09,26.25,12.35,22.94,24.02,24.34,23.63,19.77,0.0,13.86,26.29,22.38
HLT,Hilton Worldwide,Consumer Discretionary,"Hotels, Resorts & Cruise Lines",275.06,278.5,201.05,263.96,263.63,261.7,267.98,253.32,0.4,-1.83,270.03,253.38
HOLX,Hologic,Health Care,Health Care Equipment,73.93,83.72,52.73,71.63,69.29,68.36,67.45,64.47,0.2,-1.27,72.99,63.73
HD,Home Depot (The),Consumer Discretionary,Home Improvement Retail,388.97,423.6,331.29,389.61,385.69,391.67,402.51,378.54,-0.2,5.58,410.67,372.68
HON,Honeywell,Industrials,Industrial Conglomerates,206.61,239.16,180.99,205.57,204.7,207.04,211.96,214.64,0.2,3.16,213.14,200.93
HRL,Hormel Foods,Consumer Staples,Packaged Foods & Meats,24.15,32.19,23.26,23.99,23.77,23.98,25.24,28.11,-0.2,2.24,24.69,23.26
HST,Host Hotels & Resorts,Real Estate,Hotel & Resort REITs,16.8,18.04,12.39,16.48,16.36,16.64,16.77,15.57,0.2,3.93,17.46,15.82
HWM,Howmet Aerospace,Industrials,Aerospace & Defense,191.23,197.18,99.44,192.46,191.05,191.52,184.53,158.18,-0.2,3.01,196.99,186.05
HPQ,HP Inc.,Information Technology,"Technology Hardware, Storage & Peripherals",27.66,37.77,21.42,27.61,27.51,27.14,27.49,27.29,-0.2,3.29,28.57,25.71
HUBB,Hubbell Incorporated,Industrials,Industrial Machinery & Supplies & Components,422.63,466.13,313.96,428.82,425.16,423.33,431.13,396.59,0.0,3.67,438.14,408.51
HUM,Humana,Health Care,Managed Health Care,287.72,310.91,219.64,281.84,277.48,273.72,280.31,260.62,0.0,6.49,306.39,241.03
HBAN,Huntington Bancshares,Financials,Regional Banks,15.87,17.87,12.26,15.7,15.89,16.47,16.95,15.87,-0.2,12.1,17.79,15.14
HII,Huntington Ingalls Industries,Industrials,Aerospace & Defense,283.64,291.94,156.78,283.92,285.35,284.41,276.3,230.68,0.0,3.49,293.54,275.29
IBM,IBM,Information Technology,IT Consulting & Other Services,287.51,293.87,199.27,282.09,281.06,283.63,263.79,255.4,0.0,2.05,293.4,273.87
IEX,IDEX Corporation,Industrials,Industrial Machinery & Supplies & Components,166.35,232.54,156.86,166.73,164.76,164.11,163.35,178.34,-0.1,1.77,169.29,158.92
IDXX,Idexx Laboratories,Health Care,Health Care Equipment,633.78,682.78,361.04,637.41,634.13,631.56,639.25,519.17,-0.2,1.84,645.44,617.67
ITW,Illinois Tool Works,Industrials,Industrial Machinery & Supplies & Components,252.96,271.83,215.75,251.74,249.21,253.81,258.67,250.3,0.2,4.75,264.98,242.65
INCY,Incyte,Health Care,Biotechnology,88.06,88.15,55.17,87.28,86.38,85.82,85.52,72.08,0.2,1.46,89.35,82.29
IR,Ingersoll Rand,Industrials,Industrial Machinery & Supplies & Components,78.13,105.27,66.72,77.84,77.38,79.96,79.88,82.21,-0.1,9.61,85.64,74.28
PODD,Insulet Corporation,Health Care,Health Care Equipment,329.22,352.82,230.58,323.98,320.01,316.45,326.83,293.65,0.0,0.05,329.38,303.52
INTC,Intel,Information Technology,Semiconductors,36.92,38.12,18.13,37.4,37.12,36.5,29.77,23.5,0.2,5.66,39.01,33.98
IBKR,Interactive Brokers,Financials,Investment Banking & Brokerage,64.77,72.62,35.97,66.55,68.4,68.69,65.32,54.67,0.0,12.68,72.98,64.41
ICE,Intercontinental Exchange,Financials,Financial Exchanges & Data,156.95,187.92,141.62,155.2,156.73,160.27,169.15,170.0,0.0,7.89,169.33,151.2
IFF,International Flavors & Fragrances,Materials,Specialty Chemicals,64.82,101.84,59.55,64.16,62.42,61.77,63.71,73.48,0.0,0.23,64.97,58.57
IP,International Paper,Materials,Paper & Plastic Packaging Products & Materials,47.95,58.45,43.05,47.35,46.81,46.49,47.08,49.22,-0.2,0.08,47.99,44.99
IPG,Interpublic Group of Companies (The),Communication Services,Advertising,27.78,30.1,22.33,26.82,26.67,26.73,26.47,25.38,0.2,0.0,27.78,25.68
INTU,Intuit,Information Technology,Application Software,670.77,805.92,541.4,663.79,657.12,667.73,673.01,665.28,0.2,4.32,699.75,635.69
ISRG,Intuitive Surgical,Health Care,Health Care Equipment,527.03,610.45,429.59,465.8,451.01,447.39,455.46,512.17,0.0,-7.54,487.29,407.49
IVZ,Invesco,Financials,Asset Management & Custody Banks,22.78,24.13,11.86,22.83,23.09,23.24,22.41,17.67,-0.2,6.89,24.35,22.13
INVH,Invitation Homes,Real Estate,Single-Family Residential REITs,28.89,34.81,27.94,28.63,28.43,28.58,29.41,31.39,0.2,1.59,29.35,27.81
IQV,IQVIA,Health Care,Life Sciences Tools & Services,217.86,231.19,137.0,211.78,207.17,200.99,193.2,177.56,0.0,2.41,223.11,178.89
IRM,Iron Mountain,Real Estate,Other Specialized REITs,103.95,124.18,75.72,104.91,104.26,103.73,98.1,94.99,0.0,3.41,107.49,99.98
JBHT,J.B. Hunt,Industrials,Cargo Ground Transportation,168.53,195.43,123.94,167.48,153.34,145.12,142.69,147.77,-0.1,1.98,171.87,118.36
JBL,Jabil,Information Technology,Electronic Manufacturing Services,198.75,234.45,116.78,204.59,202.9,206.54,210.65,180.88,-0.2,10.43,219.48,193.59
JKHY,Jack Henry & Associates,Financials,Transaction & Payment Processing Services,157.0,189.99,146.26,154.97,153.65,151.0,156.19,170.01,0.2,0.38,157.6,144.42
J,Jacobs Solutions,Industrials,Construction & Engineering,157.7,164.44,109.18,159.23,157.53,154.83,150.15,133.61,0.4,3.99,163.99,145.65
JNJ,Johnson & Johnson,Health Care,Pharmaceuticals,192.94,193.72,138.72,192.78,191.86,188.52,181.39,161.49,-0.2,2.28,197.34,179.72
JCI,Johnson Controls,Industrials,Building Products,108.54,111.73,70.88,109.7,108.69,108.52,107.55,95.02,0.2,2.75,111.52,105.51
JPM,JPMorgan Chase,Financials,Diversified Banks,294.11,314.53,208.26,297.93,301.18,305.55,301.95,270.21,0.0,7.84,317.17,293.95
K,Kellanova,Consumer Staples,Packaged Foods & Meats,83.02,83.09,76.96,83.01,82.93,82.23,80.28,80.37,-0.3,2.91,85.44,79.01
KVUE,Kenvue,Consumer Staples,Personal Care Products,15.19,24.0,14.11,14.9,15.66,15.86,18.17,21.0,0.0,12.97,17.16,14.56
KDP,Keurig Dr Pepper,Consumer Staples,Soft Drinks & Non-alcoholic Beverages,27.39,35.84,25.3,27.71,27.03,26.29,28.26,31.6,0.2,2.7,28.13,24.45
KEY,KeyCorp,Financials,Regional Banks,17.47,19.23,12.92,17.23,17.48,18.04,18.46,16.79,-0.2,10.65,19.33,16.74
KEYS,Keysight Technologies,Information Technology,Electronic Equipment & Instruments,164.69,185.11,127.02,164.28,164.5,168.8,168.61,161.9,0.2,8.43,178.57,159.04
KMB,Kimberly-Clark,Consumer Staples,Household Products,120.21,144.6,119.27,120.42,120.06,121.12,125.52,130.2,0.0,3.17,124.02,118.22
KIM,Kimco Realty,Real Estate,Retail REITs,22.41,24.65,18.27,22.01,21.62,21.57,21.79,21.05,0.0,-0.49,22.3,20.83
KMI,Kinder Morgan,Energy,Oil & Gas Storage & Transportation,27.56,30.24,23.42,27.43,27.4,27.8,27.3,27.16,0.2,3.96,28.65,26.95
KKR,KKR & Co.,Financials,Asset Management & Custody Banks,123.3,166.38,92.52,120.44,121.5,125.26,135.03,131.1,-0.2,10.0,135.63,114.88
KLAC,KLA Corporation,Information Technology,Semiconductor Materials & Equipment,1114.32,1152.89,573.9,1124.02,1079.4,1085.84,994.34,826.31,0.2,5.35,1173.94,997.76
KHC,Kraft Heinz,Consumer Staples,Packaged Foods & Meats,25.64,33.73,25.04,25.52,25.35,25.56,26.32,27.39,-0.2,2.69,26.33,24.8
KR,Kroger,Consumer Staples,Food Retail,68.6,73.97,54.62,68.64,68.39,67.38,67.81,67.06,-0.2,2.06,70.01,64.76
LHX,L3Harris,Industrials,Aerospace & Defense,288.97,306.76,191.79,288.0,291.37,295.2,283.94,241.47,0.2,6.54,307.87,282.54
LH,Labcorp,Health Care,Health Care Services,282.84,290.93,211.06,285.51,282.24,280.83,277.9,253.21,0.2,2.13,288.86,272.8
LRCX,Lam Research,Information Technology,Semiconductor Materials & Equipment,141.25,149.15,58.83,142.84,140.75,139.83,121.39,92.42,0.2,7.55,151.91,127.74
LW,Lamb Weston,Consumer Staples,Packaged Foods & Meats,64.75,80.72,47.73,65.01,64.53,62.25,58.47,55.1,0.2,7.27,69.46,55.03
LVS,Las Vegas Sands,Consumer Discretionary,Casinos & Gaming,50.62,57.71,30.35,49.73,49.37,51.4,53.17,45.4,-0.4,11.26,56.32,46.47
LDOS,Leidos,Industrials,Diversified Support Services,188.47,199.29,125.82,188.21,188.29,189.91,184.91,156.64,0.0,5.84,199.48,180.33
LEN,Lennar,Consumer Discretionary,Homebuilding,127.14,171.93,101.41,125.98,122.88,124.12,129.19,118.36,0.0,3.18,131.18,117.07
LII,Lennox International,Industrials,Building Products,493.07,672.47,493.07,524.74,526.46,531.67,550.7,575.93,-0.2,13.82,561.21,502.15
LLY,Lilly (Eli),Health Care,Pharmaceuticals,812.43,925.78,624.28,808.63,819.03,806.93,761.41,784.64,-0.1,9.4,888.8,725.08
LIN,Linde plc,Materials,Industrial Gases,449.92,483.59,408.92,449.34,452.6,461.77,470.82,458.33,-0.2,7.06,481.68,441.85
LYV,Live Nation Entertainment,Communication Services,Movies & Entertainment,156.15,174.06,114.73,155.41,154.47,156.47,162.02,145.3,-0.2,5.1,164.11,148.83
LKQ,LKQ Corporation,Consumer Discretionary,Distributors,30.35,43.02,28.68,30.18,29.76,30.15,31.0,36.36,0.0,3.79,31.5,28.8
LMT,Lockheed Martin,Industrials,Aerospace & Defense,487.14,597.79,407.77,494.19,499.22,499.87,474.57,458.85,-0.2,6.19,517.29,482.44
L,Loews Corporation,Financials,Multi-line Insurance,100.01,103.05,76.29,99.13,100.3,100.72,98.2,90.27,0.0,3.56,103.57,97.86
LOW,Lowe's,Consumer Discretionary,Home Improvement Retail,243.53,273.02,209.46,243.77,240.25,244.03,254.9,237.11,-0.2,5.65,257.29,230.76
LULU,Lululemon Athletica,Consumer Discretionary,"Apparel, Accessories & Luxury Goods",178.29,421.16,159.87,172.83,171.12,173.5,180.69,269.64,0.0,2.44,182.64,164.36
LYB,LyondellBasell,Materials,Specialty Chemicals,45.2,82.69,44.91,45.62,46.03,47.53,51.37,59.47,-0.2,12.32,50.77,44.29
MTB,M&T Bank,Financials,Regional Banks,182.12,215.8,154.27,181.04,182.88,188.84,193.78,185.35,-0.2,11.26,202.63,175.06
MPC,Marathon Petroleum,Energy,Oil & Gas Refining & Marketing,188.54,198.69,117.23,184.66,184.21,188.89,181.75,159.52,-0.4,5.86,199.59,178.2
MAR,Marriott International,Consumer Discretionary,"Hotels, Resorts & Cruise Lines",272.07,302.22,210.04,264.08,264.42,264.98,265.63,262.75,-0.2,0.25,272.75,257.21
MMC,Marsh McLennan,Financials,Insurance Brokers,189.31,242.13,186.48,188.85,197.35,199.01,201.41,215.83,-0.2,11.97,211.97,186.05
MLM,Martin Marietta Materials,Materials,Construction Materials,622.5,656.85,451.25,626.23,633.2,629.5,619.88,551.25,0.2,4.37,649.7,609.28
MAS,Masco,Industrials,Building Products,68.98,82.76,58.18,68.75,67.79,68.85,71.64,68.82,0.0,4.31,71.95,65.75
MA,Mastercard,Financials,Transaction & Payment Processing Services,571.36,598.17,477.88,564.12,563.26,568.05,578.83,557.35,0.0,2.1,583.36,552.77
MTCH,Match Group,Communication Services,Interactive Media & Services,33.17,38.56,26.72,32.8,32.53,33.61,35.89,32.48,-0.2,9.47,36.31,30.91
MKC,McCormick & Company,Consumer Staples,Packaged Foods & Meats,68.58,83.15,63.86,67.48,66.52,66.46,67.61,72.83,-0.2,0.47,68.9,64.02
MCD,McDonald's,Consumer Discretionary,Restaurants,310.11,317.67,275.0,307.76,303.95,302.1,305.97,301.34,0.0,0.44,311.47,292.74
MCK,McKesson Corporation,Health Care,Health Care Distributors,795.62,795.62,496.98,786.43,779.7,766.87,723.42,684.31,0.2,0.76,801.67,732.09
MDT,Medtronic,Health Care,Health Care Equipment,95.9,98.43,78.03,95.69,95.79,95.91,94.28,88.83,0.0,2.67,98.46,93.36
MRK,Merck & Co.,Health Care,Pharmaceuticals,87.61,102.83,72.03,86.05,85.83,85.43,83.89,83.6,0.0,5.55,92.47,78.39
META,Meta Platforms,Communication Services,Interactive Media & Services,733.41,789.47,483.96,725.57,720.85,724.03,744.56,674.01,-0.2,2.16,749.25,698.82
MET,MetLife,Financials,Life & Health Insurance,78.56,86.38,67.4,78.52,79.97,80.94,80.25,78.97,0.2,7.08,84.12,77.76
MTD,Mettler Toledo,Health Care,Life Sciences Tools & Services,1381.44,1411.52,970.15,1366.63,1330.62,1301.32,1292.48,1224.25,0.2,2.25,1412.52,1190.15
MGM,MGM Resorts,Consumer Discretionary,Casinos & Gaming,32.68,41.99,25.79,32.14,32.06,33.23,35.26,33.93,0.0,10.62,36.15,30.31
MCHP,Microchip Technology,Information Technology,Semiconductors,64.5,76.79,34.83,65.92,65.0,65.14,65.3,59.52,0.0,5.67,68.16,62.13
MU,Micron Technology,Information Technology,Semiconductors,198.47,206.77,64.62,202.49,195.81,186.49,155.88,113.1,0.0,8.61,215.56,157.42
MSFT,Microsoft,Information Technology,Systems Software,520.54,534.76,353.33,516.04,515.46,516.79,511.67,456.37,-0.2,1.28,527.2,506.38
MAA,Mid-America Apartment Communities,Real Estate,Multi-Family Residential REITs,134.36,165.69,131.43,132.96,132.84,134.43,138.11,148.11,-0.2,2.96,138.34,130.51
MRNA,Moderna,Health Care,Biotechnology,26.85,55.22,23.51,26.95,26.98,26.87,26.03,29.5,-0.1,8.27,29.07,24.66
MHK,Mohawk Industries,Consumer Discretionary,Home Furnishings,128.3,161.25,97.99,128.47,125.19,126.07,129.66,116.6,0.0,4.08,133.53,118.6
MOH,Molina Healthcare,Health Care,Managed Health Care,195.13,353.24,152.31,194.13,194.66,195.4,183.84,259.67,0.1,4.51,203.93,186.85
TAP,Molson Coors Beverage Company,Consumer Staples,Brewers,46.59,61.78,44.09,46.82,46.52,46.07,47.94,52.52,0.0,1.85,47.45,44.7
MDLZ,Mondelez International,Consumer Staples,Packaged Foods & Meats,61.97,70.19,54.9,62.12,61.8,62.06,61.94,63.32,0.1,1.98,63.2,60.92
MPWR,Monolithic Power Systems,Information Technology,Semiconductors,1001.4,1031.59,453.43,1018.63,993.47,958.79,897.68,715.52,0.2,5.43,1055.78,861.76
MNST,Monster Beverage,Consumer Staples,Soft Drinks & Non-alcoholic Beverages,69.72,70.22,46.16,69.75,69.18,68.11,65.49,59.52,-0.2,1.95,71.08,65.13
MCO,Moody's Corporation,Financials,Financial Exchanges & Data,472.79,524.53,395.22,474.35,478.18,479.88,494.89,481.93,0.0,4.22,492.74,467.03
MS,Morgan Stanley,Financials,Investment Banking & Brokerage,158.12,162.65,98.35,159.6,157.93,157.9,154.06,134.24,0.0,3.13,163.07,152.72
MOS,Mosaic Company (The),Materials,Fertilizers & Agricultural Chemicals,29.65,37.55,22.47,29.43,30.17,32.49,32.85,30.88,-0.2,26.41,37.48,27.51
MSI,Motorola Solutions,Information Technology,Communications Equipment,446.86,499.65,392.79,445.12,449.53,452.74,463.22,437.54,-0.2,4.33,466.21,439.28
MSCI,MSCI Inc.,Financials,Financial Exchanges & Data,537.61,630.0,503.37,536.47,543.89,553.98,561.86,562.52,-0.2,7.55,578.2,529.77
NDAQ,"Nasdaq, Inc.",Financials,Financial Exchanges & Data,87.42,96.67,66.01,88.63,89.2,88.59,91.38,83.92,0.2,4.0,90.92,86.25
NTAP,NetApp,Information Technology,"Technology Hardware, Storage & Peripherals",116.76,128.5,75.4,118.31,118.67,118.94,117.59,105.77,0.2,4.84,122.41,115.47
NFLX,Netflix,Communication Services,Movies & Entertainment,1116.37,1339.13,749.12,1195.85,1206.8,1197.38,1212.36,1113.16,-0.2,12.72,1258.37,1136.42
NEM,Newmont,Materials,Gold,87.01,98.27,36.49,91.45,90.11,88.1,80.29,58.47,-0.2,9.87,95.6,80.6
NWSA,News Corp (Class A),Communication Services,Publishing,26.25,31.03,23.89,26.2,26.25,27.66,28.88,28.17,-0.2,18.48,31.1,24.23
NWS,News Corp (Class B),Communication Services,Publishing,29.85,35.06,27.33,29.76,29.72,31.16,32.61,32.15,-0.2,15.98,34.62,27.71
NEE,NextEra Energy,Utilities,Multi-Utilities,82.84,85.79,63.11,84.24,84.3,81.57,76.12,71.2,0.2,7.15,88.76,74.38
NKE,"Nike, Inc.",Consumer Discretionary,"Apparel, Accessories & Luxury Goods",69.08,80.35,52.64,67.85,67.6,69.19,72.55,68.75,-0.2,6.67,73.69,64.69
NI,NiSource,Utilities,Multi-Utilities,44.13,44.17,33.44,43.63,43.32,43.29,42.19,39.76,0.2,0.63,44.41,42.16
NDSN,Nordson Corporation,Industrials,Industrial Machinery & Supplies & Components,234.15,260.48,166.29,234.58,233.05,231.35,226.06,211.01,0.2,1.96,238.74,223.95
NSC,Norfolk Southern,Industrials,Rail Transportation,288.63,300.41,204.09,289.57,290.07,294.1,285.81,254.64,-0.2,4.96,302.95,285.24
NTRS,Northern Trust,Financials,Asset Management & Custody Banks,125.48,134.6,83.34,126.45,127.29,129.92,129.3,112.88,0.2,8.53,136.18,123.65
NOC,Northrop Grumman,Industrials,Aerospace & Defense,596.48,637.95,427.78,598.26,610.45,609.31,592.88,518.25,-0.2,6.9,637.64,581.01
NCLH,Norwegian Cruise Line Holdings,Consumer Discretionary,"Hotels, Resorts & Cruise Lines",23.63,29.07,15.5,23.32,23.27,23.84,24.6,22.18,0.0,6.98,25.28,22.4
NRG,NRG Energy,Utilities,Independent Power Producers & Energy Traders,160.42,173.91,83.06,165.94,166.41,165.62,158.8,132.93,0.0,7.18,171.94,159.31
NUE,Nucor,Materials,Steel,136.65,164.83,102.37,135.64,136.23,136.34,140.27,129.0,0.0,2.86,140.56,132.11
NVDA,Nvidia,Information Technology,Semiconductors,180.28,192.57,94.3,181.82,183.3,184.04,179.49,146.17,0.0,6.5,192.0,176.08
NVR,"NVR, Inc.",Consumer Discretionary,Homebuilding,7697.16,9655.67,6700.0,7683.06,7645.26,7823.68,8048.71,7589.16,0.2,7.04,8239.04,7408.49
NXPI,NXP Semiconductors,Information Technology,Semiconductors,217.16,250.84,152.09,218.22,216.79,221.64,224.97,210.43,-0.2,7.71,233.9,209.36
ORLY,O’Reilly Automotive,Consumer Discretionary,Automotive Retail,101.21,107.82,76.44,101.25,101.62,103.18,103.71,93.92,-0.2,6.44,107.73,98.62
OXY,Occidental Petroleum,Energy,Oil & Gas Exploration & Production,41.73,51.86,35.72,41.12,41.89,44.06,45.13,44.63,-0.2,17.49,49.03,39.1
ODFL,Old Dominion,Industrials,Cargo Ground Transportation,141.02,230.37,134.31,140.45,138.45,139.77,145.0,161.91,0.0,3.13,145.43,134.11
OMC,Omnicom Group,Communication Services,Advertising,81.23,101.44,68.6,78.57,78.13,78.24,77.47,76.39,0.2,-0.02,81.21,75.26
ON,ON Semiconductor,Information Technology,Semiconductors,51.93,74.7,31.95,53.48,51.31,50.39,50.13,48.83,0.0,5.37,54.72,46.06
OKE,Oneok,Energy,Oil & Gas Storage & Transportation,69.59,112.93,67.22,68.48,69.08,71.0,72.58,83.37,-0.2,8.0,75.16,66.85
ORCL,Oracle Corporation,Information Technology,Application Software,272.66,327.76,122.35,285.86,292.98,289.6,273.1,201.28,0.0,13.78,310.23,268.99
OTIS,Otis Worldwide,Industrials,Industrial Machinery & Supplies & Components,91.42,103.74,84.52,91.52,90.82,90.97,89.21,94.05,0.1,1.6,92.88,89.06
PCAR,Paccar,Industrials,Construction Machinery & Heavy Transportation Equipment,99.8,113.98,85.82,97.4,95.88,96.94,98.49,98.08,0.0,1.59,101.39,92.49
PKG,Packaging Corporation of America,Materials,Paper & Plastic Packaging Products & Materials,208.74,242.86,173.82,206.28,207.77,211.14,210.27,201.11,0.2,5.0,219.18,203.1
PLTR,Palantir Technologies,Information Technology,Application Software,175.49,187.05,41.41,178.97,179.23,180.03,171.77,128.2,0.0,6.57,187.02,173.04
PANW,Palo Alto Networks,Information Technology,Systems Software,212.42,217.79,152.44,210.41,210.33,209.01,198.89,189.32,0.0,2.46,217.65,200.37
PSKY,Paramount Skydance Corporation,Communication Services,Movies & Entertainment,16.57,19.73,10.05,16.75,17.05,17.98,16.8,12.9,0.0,20.46,19.96,16.0
PH,Parker Hannifin,Industrials,Industrial Machinery & Supplies & Components,741.39,769.67,514.56,739.8,735.74,745.45,749.88,679.14,0.0,3.98,770.9,719.96
PAYX,Paychex,Industrials,Human Resource & Employment Services,126.61,158.58,123.42,126.76,126.81,126.41,131.87,142.59,-0.2,2.11,129.28,123.55
PAYC,Paycom,Industrials,Human Resource & Employment Services,202.35,265.28,163.33,202.3,201.52,204.27,215.15,222.45,-0.2,6.66,215.83,192.71
PYPL,PayPal,Financials,Transaction & Payment Processing Services,68.07,91.81,57.41,68.16,69.24,69.5,68.93,71.88,0.1,10.43,75.17,63.83
PNR,Pentair,Industrials,Industrial Machinery & Supplies & Components,109.34,112.59,75.76,109.03,109.18,109.99,109.26,99.24,0.2,3.07,112.7,107.28
PEP,PepsiCo,Consumer Staples,Soft Drinks & Non-alcoholic Beverages,153.03,168.5,125.83,153.25,151.26,146.02,145.44,140.2,0.2,2.79,157.3,134.74
PFE,Pfizer,Health Care,Pharmaceuticals,24.72,27.37,20.83,24.6,24.67,25.17,24.9,24.24,0.2,10.92,27.42,22.92
PCG,PG&E Corporation,Utilities,Multi-Utilities,16.58,21.5,12.98,16.59,16.41,15.99,15.44,15.74,0.1,4.34,17.3,14.67
PM,Philip Morris International,Consumer Staples,Tobacco,156.86,181.86,114.18,156.19,157.46,157.75,161.52,158.52,0.0,4.44,163.82,151.67
PSX,Phillips 66,Energy,Oil & Gas Refining & Marketing,131.4,139.46,91.09,129.59,129.6,132.36,130.69,120.45,0.0,6.05,139.35,125.38
PNW,Pinnacle West Capital,Utilities,Multi-Utilities,92.62,93.78,79.36,92.75,92.7,90.91,89.77,89.39,0.2,3.16,95.55,86.26
PNC,PNC Financial Services,Financials,Diversified Banks,181.2,207.33,145.61,180.61,183.16,189.85,195.67,182.2,-0.2,13.25,205.21,174.51
POOL,Pool Corporation,Consumer Discretionary,Distributors,297.59,385.63,283.92,294.93,293.85,300.56,312.1,314.61,0.0,6.18,315.98,285.14
PPG,PPG Industries,Materials,Specialty Chemicals,102.16,125.75,90.49,102.26,100.83,102.24,107.17,109.72,0.2,4.02,106.27,98.21
PPL,PPL Corporation,Utilities,Electric Utilities,37.75,37.97,30.58,37.54,37.51,37.19,36.54,34.69,0.0,1.06,38.15,36.24
PFG,Principal Financial Group,Financials,Life & Health Insurance,79.14,86.65,68.21,78.9,79.85,81.45,80.56,78.86,0.2,7.88,85.38,77.53
PG,Procter & Gamble,Consumer Staples,Personal Care Products,152.2,176.3,147.42,151.36,150.11,151.2,154.69,160.07,0.0,1.66,154.73,147.69
PGR,Progressive Corporation,Financials,Property & Casualty Insurance,222.63,290.89,219.38,222.19,229.63,236.8,242.26,258.45,-0.2,14.87,255.74,217.86
PLD,Prologis,Real Estate,Industrial REITs,125.95,127.18,88.13,124.87,120.1,117.79,113.77,109.19,0.2,1.08,127.31,108.28
PRU,Prudential Financial,Financials,Life & Health Insurance,102.09,124.75,92.74,101.2,101.58,102.46,104.7,105.12,0.0,3.08,105.23,99.68
PEG,Public Service Enterprise Group,Utilities,Electric Utilities,83.79,91.66,75.92,84.17,83.18,82.59,82.42,81.61,0.0,1.75,85.26,79.91
PTC,PTC Inc.,Information Technology,Application Software,203.03,216.53,136.74,203.66,202.43,202.8,206.61,181.17,-0.2,1.55,206.18,199.43
PSA,Public Storage,Real Estate,Self-Storage REITs,310.88,337.69,260.94,309.06,303.65,296.56,289.92,289.44,0.0,1.0,313.99,279.14
PHM,PulteGroup,Consumer Discretionary,Homebuilding,120.21,143.14,91.67,123.02,122.66,127.57,130.53,112.09,-0.2,15.31,138.61,116.54
PWR,Quanta Services,Industrials,Construction & Engineering,412.21,443.45,236.5,432.35,430.88,424.66,398.99,341.54,0.0,8.84,448.65,400.68
QCOM,Qualcomm,Information Technology,Semiconductors,169.27,173.55,123.21,166.53,163.84,165.77,162.59,155.59,0.2,2.36,173.26,158.27
DGX,Quest Diagnostics,Health Care,Health Care Services,181.17,190.41,144.64,186.51,185.36,184.3,182.22,171.64,0.0,5.73,191.55,177.05
RL,Ralph Lauren Corporation,Consumer Discretionary,"Apparel, Accessories & Luxury Goods",332.12,334.98,181.18,330.2,323.7,320.48,309.62,268.49,0.0,1.57,337.33,303.62
RJF,Raymond James Financial,Financials,Investment Banking & Brokerage,166.04,175.92,122.89,163.69,162.9,166.06,166.92,154.69,-0.2,5.4,175.01,157.12
RTX,RTX Corporation,Industrials,Aerospace & Defense,177.98,177.98,112.45,165.35,162.19,164.19,160.01,140.15,0.2,-1.44,175.42,152.95
O,Realty Income,Real Estate,Retail REITs,60.27,60.73,49.38,60.03,59.41,59.7,59.05,55.86,0.0,1.33,61.07,58.33
REG,Regency Centers,Real Estate,Retail REITs,72.6,75.5,64.21,72.19,71.84,71.78,71.45,70.71,0.0,0.48,72.95,70.61
REGN,Regeneron Pharmaceuticals,Health Care,Biotechnology,584.74,964.37,482.34,577.61,572.93,575.21,575.74,598.17,-0.2,2.99,602.22,548.23
RF,Regions Financial Corporation,Financials,Regional Banks,24.11,27.4,17.95,23.89,24.34,25.26,26.06,23.27,-0.2,13.48,27.36,23.16
RSG,Republic Services,Industrials,Environmental & Facilities Services,223.28,256.75,195.95,220.48,221.78,223.68,227.69,233.67,0.2,2.75,229.42,217.94
RMD,ResMed,Health Care,Health Care Equipment,266.48,293.73,203.67,268.84,270.69,273.12,276.34,250.33,-0.2,6.25,283.14,263.1
RVTY,Revvity,Health Care,Health Care Equipment,95.68,126.56,82.44,95.05,92.91,91.05,88.99,99.0,-0.1,3.07,98.62,83.48
HOOD,Robinhood Markets,Financials,Investment Banking & Brokerage,127.22,152.46,23.49,131.24,135.74,137.77,122.52,78.26,-0.2,21.74,154.88,120.66
ROK,Rockwell Automation,Industrials,Electrical Components & Equipment,350.3,357.15,217.21,350.59,346.48,346.54,345.41,305.72,0.0,1.72,356.33,336.74
ROL,"Rollins, Inc.",Industrials,Environmental & Facilities Services,56.7,58.74,45.24,56.03,56.28,57.22,56.96,54.55,0.0,4.81,59.43,55.01
ROP,Roper Technologies,Information Technology,Electronic Equipment & Instruments,508.95,591.12,494.21,506.79,508.73,505.47,513.83,548.06,0.0,2.27,520.5,490.45
ROST,Ross Stores,Consumer Discretionary,Apparel Retail,156.05,157.45,122.22,156.29,154.61,153.4,150.15,140.85,0.2,1.81,158.87,147.93
RCL,Royal Caribbean Group,Consumer Discretionary,"Hotels, Resorts & Cruise Lines",317.98,364.72,176.89,307.28,307.93,313.58,327.69,272.86,0.0,3.87,330.29,296.88
SPGI,S&P Global,Financials,Financial Exchanges & Data,479.74,563.17,436.73,477.27,480.9,481.96,517.17,511.5,0.0,2.5,491.73,472.21
CRM,Salesforce,Information Technology,Application Software,256.64,365.66,231.26,252.68,247.55,244.14,245.28,272.33,0.0,0.51,257.95,230.35
SBAC,SBA Communications,Real Estate,Telecom Tower REITs,197.38,241.34,187.49,197.3,193.67,192.81,200.5,214.85,0.2,1.32,199.99,185.64
SLB,Schlumberger,Energy,Oil & Gas Equipment & Services,34.9,43.04,31.43,33.48,32.97,33.78,34.41,36.05,0.0,2.87,35.9,31.67
STX,Seagate Technology,Information Technology,"Technology Hardware, Storage & Peripherals",215.05,256.84,65.98,219.09,218.21,226.95,201.08,131.53,0.2,18.41,254.64,199.27
SRE,Sempra,Utilities,Multi-Utilities,92.06,94.01,62.78,91.9,91.61,90.91,85.46,77.69,0.2,2.91,94.74,87.07
NOW,ServiceNow,Information Technology,Systems Software,935.65,1170.39,721.65,918.56,913.75,915.97,913.34,942.78,0.1,0.88,943.88,888.02
SHW,Sherwin-Williams,Materials,Specialty Chemicals,333.81,397.11,312.15,333.14,333.19,337.31,351.65,347.98,0.2,4.05,347.33,327.29
SPG,Simon Property Group,Real Estate,Retail REITs,179.98,187.67,136.92,178.4,177.68,180.53,178.81,166.03,0.0,4.52,188.12,172.95
SWKS,Skyworks Solutions,Information Technology,Semiconductors,73.96,94.39,48.25,75.26,73.95,75.52,75.5,71.47,0.0,8.38,80.16,70.88
SJM,J.M. Smucker Company (The),Consumer Staples,Packaged Foods & Meats,104.75,116.56,93.48,104.81,104.13,106.01,108.24,107.13,0.2,5.33,110.33,101.69
SW,Smurfit Westrock,Materials,Paper & Plastic Packaging Products & Materials,42.66,55.13,37.46,42.02,41.9,41.97,43.7,45.18,0.0,1.9,43.47,40.48
SNA,Snap-on,Industrials,Industrial Machinery & Supplies & Components,343.01,364.18,288.55,342.71,337.42,340.13,333.73,326.14,0.2,2.53,351.69,328.57
SOLV,Solventum,Health Care,Health Care Technology,72.76,84.04,63.01,72.43,71.84,72.27,72.66,72.88,0.0,2.34,74.46,70.08
SO,Southern Company,Utilities,Electric Utilities,97.48,99.72,78.98,97.68,98.03,96.43,94.18,89.66,0.0,2.77,100.18,92.67
LUV,Southwest Airlines,Industrials,Passenger Airlines,33.76,37.49,23.77,33.94,33.15,32.76,32.23,31.32,0.0,2.28,34.53,30.99
SWK,Stanley Black & Decker,Industrials,Industrial Machinery & Supplies & Components,69.23,101.22,54.53,68.99,67.83,70.86,73.72,72.25,-0.2,12.1,77.61,64.11
SBUX,Starbucks,Consumer Discretionary,Restaurants,85.5,114.25,78.46,85.13,82.79,83.32,85.35,91.39,0.0,3.08,88.13,78.5
STT,State Street Corporation,Financials,Asset Management & Custody Banks,113.22,117.23,74.25,113.44,114.17,114.85,113.2,99.95,-0.2,4.61,118.44,111.26
STLD,Steel Dynamics,Materials,Steel,148.56,153.82,108.4,146.81,146.16,143.78,136.57,129.23,0.2,2.28,151.95,135.62
STE,Steris,Health Care,Health Care Equipment,242.37,252.43,200.94,241.43,239.24,241.46,244.8,231.08,-0.2,2.43,248.26,234.66
SYK,Stryker Corporation,Health Care,Health Care Equipment,388.35,402.61,335.89,378.6,373.25,370.95,378.97,378.37,0.2,-1.4,382.91,358.99
SMCI,Supermicro,Information Technology,"Technology Hardware, Storage & Peripherals",52.5,60.71,18.01,53.68,54.1,52.63,47.42,42.63,-0.2,13.52,59.6,45.66
SYF,Synchrony Financial,Financials,Consumer Finance,73.01,76.86,43.38,72.21,71.53,71.66,73.44,63.77,0.0,2.57,74.89,68.42
SNPS,Synopsys,Information Technology,Application Software,454.3,645.35,380.9,450.91,450.55,466.5,516.14,503.08,0.0,11.18,505.09,427.91
SYY,Sysco,Consumer Staples,Food Distributors,78.6,82.73,67.09,79.28,79.14,80.16,80.29,74.82,0.0,5.57,82.98,77.35
TMUS,T-Mobile US,Communication Services,Wireless Telecommunication Services,227.4,270.87,209.08,228.47,227.85,230.21,240.41,241.87,-0.2,5.14,239.09,221.32
TROW,T. Rowe Price,Financials,Asset Management & Custody Banks,102.76,118.63,78.24,103.62,104.27,103.95,105.02,98.9,0.0,4.2,107.08,100.81
TTWO,Take-Two Interactive,Communication Services,Interactive Home Entertainment,255.56,262.29,156.88,259.74,258.33,257.42,246.92,224.32,0.0,3.64,264.86,249.98
TPR,"Tapestry, Inc.",Consumer Discretionary,"Apparel, Accessories & Luxury Goods",115.33,117.14,42.76,116.43,115.09,114.21,108.67,87.72,-0.2,3.96,119.9,108.53
TRGP,Targa Resources,Energy,Oil & Gas Storage & Transportation,154.46,213.93,146.3,150.36,151.87,159.59,162.65,174.38,0.0,14.44,176.76,142.41
TGT,Target Corporation,Consumer Staples,Consumer Staples Merchandise Retail,94.02,150.74,85.53,92.17,90.27,89.63,92.53,103.02,0.0,-0.33,93.71,85.54
TEL,TE Connectivity,Information Technology,Electronic Manufacturing Services,229.1,229.1,121.04,226.09,223.02,221.61,213.86,171.16,0.2,0.03,229.17,214.04
TDY,Teledyne Technologies,Information Technology,Electronic Equipment & Instruments,543.73,593.62,435.54,562.61,566.17,574.26,559.31,514.44,0.0,9.87,597.4,551.11
TER,Teradyne,Information Technology,Semiconductor Materials & Equipment,138.84,147.87,67.79,139.76,139.32,139.86,126.36,103.12,0.2,6.89,148.41,131.33
TSLA,"Tesla, Inc.",Consumer Discretionary,Automobile Manufacturers,438.97,479.86,213.65,439.41,434.64,437.42,393.84,335.4,0.0,4.17,457.28,417.58
TXN,Texas Instruments,Information Technology,Semiconductors,170.71,219.66,143.34,176.64,175.82,178.76,186.29,184.43,-0.2,9.34,186.65,170.87
TPL,Texas Pacific Land Corporation,Energy,Oil & Gas Exploration & Production,925.86,1720.9,853.36,933.22,919.16,934.27,919.98,1143.67,-0.1,5.85,980.02,888.51
TXT,Textron,Industrials,Aerospace & Defense,82.58,89.3,60.69,82.2,82.52,83.83,82.31,76.86,0.4,5.93,87.48,80.17
TMO,Thermo Fisher Scientific,Health Care,Life Sciences Tools & Services,567.2,605.06,389.91,548.95,538.25,523.57,500.15,478.03,0.0,2.96,583.99,463.15
TJX,TJX Companies,Consumer Discretionary,Apparel Retail,143.06,145.16,110.99,143.34,142.63,142.68,139.9,127.93,0.0,1.94,145.84,139.51
TKO,TKO Group Holdings,Communication Services,Movies & Entertainment,186.97,205.33,113.99,187.41,188.04,193.34,192.81,167.19,0.2,9.63,204.98,181.72
TTD,Trade Desk (The),Communication Services,Advertising,53.89,139.51,43.93,52.04,51.97,51.24,50.63,70.2,-0.1,3.12,55.57,46.91
TSCO,Tractor Supply,Consumer Discretionary,Other Specialty Retail,54.83,62.65,47.62,55.05,54.99,55.34,58.28,54.69,0.2,4.25,57.16,53.51
TT,Trane Technologies,Industrials,Building Products,408.5,471.46,313.81,416.56,418.08,419.3,416.58,395.94,0.0,5.35,430.35,408.24
TDG,TransDigm Group,Industrials,Aerospace & Defense,1314.19,1516.55,1152.5,1292.07,1285.7,1289.27,1294.6,1309.51,0.0,1.35,1331.93,1246.6
TRV,Travelers Companies (The),Financials,Property & Casualty Insurance,268.49,284.97,229.61,265.33,268.67,274.33,273.53,259.99,0.0,7.33,288.17,260.51
TRMB,Trimble Inc.,Information Technology,Electronic Equipment & Instruments,79.1,85.24,55.12,78.52,78.12,79.35,80.51,74.11,0.0,4.31,82.51,76.19
TFC,Truist Financial,Financials,Diversified Banks,43.6,47.07,33.92,42.91,43.13,44.29,45.05,42.32,-0.4,7.87,47.03,41.55
TYL,Tyler Technologies,Information Technology,Application Software,513.05,646.74,485.73,508.83,506.97,508.76,535.38,567.91,-0.2,3.6,531.52,486.02
TSN,Tyson Foods,Consumer Staples,Packaged Foods & Meats,52.72,62.84,51.58,52.44,52.36,53.21,54.67,56.01,0.0,4.65,55.17,51.24
USB,U.S. Bancorp,Financials,Diversified Banks,47.33,51.35,35.62,46.68,46.55,47.29,47.65,44.41,0.0,4.12,49.28,45.3
UBER,Uber,Industrials,Passenger Ground Transportation,92.21,100.1,59.93,92.75,93.6,95.83,95.27,84.04,0.2,9.38,100.86,90.8
UDR,"UDR, Inc.",Real Estate,Multi-Family Residential REITs,36.6,44.54,35.6,36.29,36.17,36.18,37.22,39.75,0.2,0.79,36.89,35.46
ULTA,Ulta Beauty,Consumer Discretionary,Other Specialty Retail,519.33,566.91,314.47,527.95,537.26,546.22,532.4,445.85,-0.2,10.35,573.08,519.36
UNP,Union Pacific Corporation,Industrials,Rail Transportation,225.24,249.94,205.73,225.83,226.48,230.63,224.76,227.14,-0.1,6.45,239.77,221.5
UAL,United Airlines Holdings,Industrials,Passenger Airlines,96.27,110.52,56.15,99.0,99.95,98.34,101.76,88.86,0.2,7.69,103.67,93.0
UPS,United Parcel Service,Industrials,Air Freight & Logistics,87.08,130.93,82.58,86.82,85.36,85.17,85.49,98.42,-0.2,1.36,88.26,82.08
URI,United Rentals,Industrials,Trading Companies & Distributors,991.5,1020.0,549.5,996.02,990.56,978.75,955.83,768.8,-0.2,3.37,1024.91,932.62
UNH,UnitedHealth Group,Health Care,Managed Health Care,361.49,611.98,236.28,360.92,360.65,357.06,333.91,387.97,0.1,3.03,372.44,341.69
UHS,Universal Health Services,Health Care,Health Care Facilities,210.4,233.16,154.78,206.65,203.75,203.98,192.92,182.51,0.0,0.52,211.49,196.46
VLO,Valero Energy,Energy,Oil & Gas Refining & Marketing,161.87,175.63,102.97,158.78,159.85,163.64,157.25,136.5,-0.2,7.81,174.51,152.76
VTR,Ventas,Real Estate,Health Care REITs,70.46,71.5,55.68,70.47,69.21,69.14,68.25,65.02,0.0,1.36,71.42,66.86
VLTO,Veralto,Industrials,Environmental & Facilities Services,103.8,112.58,85.14,103.25,102.63,104.07,105.78,100.72,-0.2,3.6,107.54,100.6
VRSN,Verisign,Information Technology,Internet Services & Infrastructure,251.94,305.1,175.69,261.98,262.75,269.59,274.29,259.94,-0.2,13.79,286.68,252.48
VRSK,Verisk Analytics,Industrials,Research & Consulting Services,237.47,320.32,229.06,234.24,238.49,242.85,254.32,284.09,0.0,7.16,254.47,231.23
VZ,Verizon,Communication Services,Integrated Telecommunication Services,39.8,44.3,36.0,40.36,40.25,41.22,42.43,41.33,-0.2,9.75,43.68,38.76
VRTX,Vertex Pharmaceuticals,Health Care,Biotechnology,426.44,516.74,366.54,419.45,414.74,407.63,397.83,445.32,0.1,1.13,431.26,384.03
VTRS,Viatris,Health Care,Pharmaceuticals,10.41,12.87,7.08,10.28,10.09,10.0,10.15,9.4,-0.2,0.96,10.51,9.49
VICI,Vici Properties,Real Estate,Hotel & Resort REITs,31.27,33.46,27.08,31.05,31.05,31.71,32.2,31.17,-0.2,6.08,33.17,30.25
V,Visa Inc.,Financials,Transaction & Payment Processing Services,345.36,372.65,279.77,342.85,344.23,344.64,344.59,344.11,0.0,2.59,354.3,334.97
VST,Vistra Corp.,Utilities,Electric Utilities,185.83,217.92,97.84,195.67,201.11,201.33,199.82,168.33,0.0,15.84,215.27,187.39
VMC,Vulcan Materials Company,Materials,Construction Materials,293.67,309.07,219.65,295.66,299.75,301.1,296.43,267.63,0.0,5.42,309.59,292.59
WRB,W. R. Berkley Corporation,Financials,Property & Casualty Insurance,75.02,78.46,56.03,74.24,75.87,76.14,73.8,68.52,-0.2,5.35,79.03,73.25
GWW,W. W. Grainger,Industrials,Industrial Machinery & Supplies & Components,968.0,1212.97,915.74,964.0,958.93,957.05,981.89,1016.77,-0.2,0.75,975.26,938.87
WAB,Wabtec,Industrials,Construction Machinery & Heavy Transportation Equipment,193.43,214.1,159.81,195.06,194.86,196.65,193.8,193.77,0.0,4.38,201.9,191.38
WMT,Walmart,Consumer Staples,Consumer Staples Merchandise Retail,107.14,109.03,80.03,106.92,105.66,104.18,102.01,96.66,0.0,1.65,108.91,99.44
DIS,Walt Disney Company (The),Communication Services,Movies & Entertainment,113.08,124.01,81.37,111.98,111.32,112.18,114.75,109.71,0.0,1.83,115.15,109.22
WBD,Warner Bros. Discovery,Communication Services,Broadcasting,20.53,20.53,7.33,19.13,18.46,18.77,16.03,11.77,0.2,0.05,20.54,17.0
WM,Waste Management,Industrials,Environmental & Facilities Services,216.46,240.36,198.36,215.1,216.12,217.45,220.04,224.46,0.0,2.37,221.59,213.31
WAT,Waters Corporation,Health Care,Life Sciences Tools & Services,348.67,417.28,277.72,342.11,337.39,324.32,308.69,342.18,-0.1,3.33,360.28,288.34
WEC,WEC Energy Group,Utilities,Electric Utilities,117.4,117.5,89.8,116.9,116.23,114.89,111.05,105.45,0.2,0.89,118.44,111.33
WFC,Wells Fargo,Financials,Diversified Banks,83.88,86.46,60.29,84.39,82.94,82.54,81.53,76.15,0.0,4.35,87.53,77.55
WELL,Welltower,Real Estate,Health Care REITs,175.94,179.38,122.12,175.19,171.77,173.24,169.35,153.36,0.0,2.74,180.76,165.72
WST,West Pharmaceutical Services,Health Care,Health Care Supplies,277.0,347.02,190.04,273.82,268.1,266.94,256.97,244.64,0.2,0.89,279.47,254.42
WDC,Western Digital,Information Technology,"Technology Hardware, Storage & Peripherals",120.47,131.31,30.45,123.11,120.31,120.68,101.97,64.38,0.2,11.19,133.95,107.4
WY,Weyerhaeuser,Real Estate,Timber REITs,23.61,31.52,23.3,23.57,23.78,24.26,24.94,26.54,0.0,7.5,25.38,23.15
WSM,"Williams-Sonoma, Inc.",Consumer Discretionary,Homefurnishing Retail,187.99,215.07,127.2,188.19,187.99,191.51,195.68,179.76,0.0,7.11,201.36,181.66
WMB,Williams Companies,Energy,Oil & Gas Storage & Transportation,62.16,64.48,49.82,62.51,62.71,63.25,60.03,57.95,0.2,3.94,64.61,61.89
WTW,Willis Towers Watson,Financials,Insurance Brokers,333.78,349.93,287.2,330.48,334.61,339.55,335.24,319.97,0.2,5.63,352.57,326.53
WDAY,"Workday, Inc.",Information Technology,Application Software,242.83,279.91,210.47,238.31,237.15,237.99,232.72,242.45,-0.1,2.31,248.44,227.56
WYNN,Wynn Resorts,Consumer Discretionary,Casinos & Gaming,119.39,133.34,65.78,119.24,118.63,123.0,121.51,97.42,0.0,12.5,134.31,111.68
XEL,Xcel Energy,Utilities,Multi-Utilities,80.69,81.85,61.02,80.97,80.99,80.6,75.65,69.98,0.2,2.43,82.65,78.55
XYL,Xylem Inc.,Industrials,Industrial Machinery & Supplies & Components,145.99,149.9,102.25,146.14,146.02,146.45,143.47,129.18,0.2,3.24,150.72,142.18
YUM,Yum! Brands,Consumer Discretionary,Restaurants,147.38,160.96,121.48,146.54,144.6,147.59,147.23,144.96,0.2,5.49,155.47,139.7
ZBRA,Zebra Technologies,Information Technology,Electronic Equipment & Instruments,302.63,421.11,213.54,299.51,293.65,296.54,308.3,308.69,0.0,3.03,311.8,281.29
ZBH,Zimmer Biomet,Health Care,Health Care Equipment,103.98,112.61,89.76,102.25,99.62,99.13,101.61,100.25,0.2,-0.17,103.8,94.45
ZTS,Zoetis,Health Care,Pharmaceuticals,147.11,187.23,141.11,145.12,143.79,144.17,148.41,156.76,0.0,0.54,147.9,140.43
