Symbol,Company,GICS_Sector,GICS_Sub_Industry,Current_Price,52_Week_High,52_Week_Low,SMA_5,SMA_10,SMA_20,SMA_50,SMA_100,SMA_125,SMA_200
MMM,3M,Industrials,Industrial Conglomerates,167.23,169.18,120.83,158.54,155.14,155.36,155.36,152.5,150.84,147.92
AOS,A. O. Smith,Industrials,Building Products,68.2,78.71,58.25,69.62,69.13,70.81,71.85,69.67,69.2,67.96
ABT,Abbott Laboratories,Health Care,Health Care Equipment,127.95,139.33,109.21,128.23,129.88,131.44,131.68,131.19,131.17,129.3
ABBV,AbbVie,Health Care,Biotechnology,228.68,243.06,158.28,229.71,228.88,228.76,218.22,203.03,199.28,194.77
ACN,Accenture,Information Technology,IT Consulting & Other Services,249.14,394.41,229.4,242.85,243.47,244.28,246.87,267.31,275.78,298.26
ADBE,Adobe Inc.,Information Technology,Application Software,354.09,557.9,327.5,343.51,340.84,346.21,351.51,364.17,370.51,386.03
AMD,Advanced Micro Devices,Information Technology,Semiconductors,230.23,242.88,76.48,235.29,229.74,204.52,179.94,163.07,151.81,134.75
AES,AES Corporation,Utilities,Independent Power Producers & Energy Traders,14.29,16.68,9.28,14.48,14.46,14.24,13.56,12.72,12.28,11.78
AFL,Aflac,Financials,Life & Health Insurance,107.85,113.9,96.14,107.85,109.29,110.42,108.54,105.2,105.03,105.0
A,Agilent Technologies,Health Care,Life Sciences Tools & Services,145.87,152.88,96.03,143.51,141.02,137.34,128.94,122.92,120.25,122.88
APD,Air Products,Materials,Industrial Gases,253.15,334.71,240.55,253.69,256.85,262.92,278.23,281.16,278.69,284.7
ABNB,Airbnb,Consumer Discretionary,"Hotels, Resorts & Cruise Lines",127.5,163.93,99.88,126.41,123.64,122.52,124.25,129.31,129.18,129.32
AKAM,Akamai Technologies,Information Technology,Internet Services & Infrastructure,74.71,106.76,67.51,74.18,74.12,75.39,76.27,77.04,77.45,80.74
ALB,Albemarle Corporation,Materials,Specialty Chemicals,91.27,111.49,48.84,93.36,94.39,90.97,84.48,75.95,72.36,73.27
ARE,Alexandria Real Estate Equities,Real Estate,Office REITs,77.77,114.45,65.12,76.3,75.5,78.55,79.97,76.83,75.43,80.78
ALGN,Align Technology,Health Care,Health Care Supplies,135.58,246.19,122.0,133.4,131.24,129.93,134.5,157.75,162.24,172.17
ALLE,Allegion,Industrials,Building Products,175.5,180.68,116.14,177.59,176.32,176.4,173.9,161.84,157.67,146.51
LNT,Alliant Energy,Utilities,Electric Utilities,68.56,69.16,54.71,68.21,68.06,67.52,65.95,64.1,63.46,62.23
ALL,Allstate,Financials,Property & Casualty Insurance,194.79,215.7,173.88,194.61,200.33,205.81,204.69,201.2,201.14,197.79
GOOGL,Alphabet Inc. (Class A),Communication Services,Interactive Media & Services,251.69,257.33,140.23,252.69,248.22,246.92,234.31,208.03,199.11,189.78
GOOG,Alphabet Inc. (Class C),Communication Services,Interactive Media & Services,252.53,257.88,142.36,253.31,248.88,247.65,234.95,208.85,200.05,191.08
MO,Altria,Consumer Staples,Tobacco,64.43,67.51,45.65,64.38,64.94,65.36,65.31,62.07,61.09,57.98
AMZN,Amazon,Consumer Discretionary,Broadline Retail,217.95,242.52,161.38,216.79,218.01,219.51,225.35,222.57,217.67,214.21
AMCR,Amcor,Materials,Paper & Plastic Packaging Products & Materials,8.14,10.81,7.81,8.14,8.06,8.08,8.3,8.85,8.91,9.15
AEE,Ameren,Utilities,Multi-Utilities,105.38,106.73,82.82,105.34,104.66,104.03,101.57,99.22,98.59,97.28
AEP,American Electric Power,Utilities,Electric Utilities,117.27,120.46,87.57,117.52,117.52,115.34,112.21,108.75,107.61,104.96
AXP,American Express,Financials,Consumer Finance,352.0,357.73,219.32,345.29,335.3,333.7,327.42,316.14,309.72,299.87
AIG,American International Group,Financials,Multi-line Insurance,78.94,87.1,68.15,77.88,79.99,80.14,79.71,80.7,80.92,79.71
AMT,American Tower,Real Estate,Telecom Tower REITs,191.19,232.28,168.28,191.88,189.11,189.69,194.78,205.2,206.52,202.7
AWK,American Water Works,Utilities,Water Utilities,143.73,153.69,116.64,144.07,142.81,140.38,140.75,140.76,141.06,138.2
AMP,Ameriprise Financial,Financials,Asset Management & Custody Banks,472.75,576.69,393.57,472.55,478.32,485.81,495.56,507.78,505.53,505.84
AME,Ametek,Industrials,Electrical Components & Equipment,184.94,197.03,144.53,186.12,184.7,184.88,185.74,182.71,181.06,179.23
AMGN,Amgen,Health Care,Biotechnology,295.98,330.26,247.06,299.01,296.42,292.13,287.67,289.09,285.9,287.04
APH,Amphenol,Information Technology,Electronic Components,128.93,135.93,56.27,126.81,125.41,124.4,118.31,108.89,103.7,90.01
ADI,Analog Devices,Information Technology,Semiconductors,240.36,257.11,157.31,243.49,238.88,240.58,243.56,237.26,231.52,221.95
AON,Aon plc,Financials,Insurance Brokers,343.1,411.24,322.37,344.07,351.06,355.61,361.93,359.87,359.09,367.1
APA,APA Corporation,Energy,Oil & Gas Exploration & Production,22.89,25.8,13.18,22.7,22.8,23.7,22.98,20.99,20.11,20.07
APO,Apollo Global Management,Financials,Asset Management & Custody Banks,126.53,187.59,101.84,123.98,123.95,127.28,133.3,137.36,136.91,140.17
AAPL,Apple Inc.,Information Technology,"Technology Hardware, Storage & Peripherals",258.45,265.29,168.8,256.64,252.73,254.52,243.02,225.29,221.17,221.97
AMAT,Applied Materials,Information Technology,Semiconductor Materials & Equipment,220.56,232.07,123.04,225.48,222.29,217.4,189.56,185.69,180.31,172.98
APTV,Aptiv,Consumer Discretionary,Automotive Parts & Equipment,84.48,88.8,47.19,83.94,83.12,84.69,82.04,75.32,72.97,68.5
ACGL,Arch Capital Group,Financials,Property & Casualty Insurance,87.88,104.23,82.49,87.06,89.4,90.19,90.54,90.18,90.74,91.28
ADM,Archer Daniels Midland,Consumer Staples,Agricultural Products & Services,61.91,64.57,40.22,62.61,62.21,61.54,61.45,57.24,55.35,52.13
ANET,Arista Networks,Information Technology,Communications Equipment,146.59,162.68,59.43,145.62,147.01,146.8,142.6,124.95,117.93,109.12
AJG,Arthur J. Gallagher & Co.,Financials,Insurance Brokers,283.04,349.78,273.89,280.39,290.38,298.87,298.56,304.64,310.34,313.38
AIZ,Assurant,Financials,Multi-line Insurance,210.17,227.13,173.64,209.39,213.69,215.63,213.71,203.66,202.08,202.49
T,AT&T,Communication Services,Integrated Telecommunication Services,25.55,29.47,20.15,26.05,25.97,26.48,27.86,27.63,27.49,26.52
ATO,Atmos Energy,Utilities,Gas Utilities,177.1,179.7,133.63,176.93,176.84,173.8,168.57,161.53,160.5,155.04
ADSK,Autodesk,Information Technology,Application Software,308.15,329.09,232.67,306.03,306.36,312.55,309.78,304.58,301.33,292.69
ADP,Automatic Data Processing,Industrials,Human Resource & Employment Services,283.95,326.59,269.86,282.48,283.8,287.58,293.54,299.78,301.46,299.51
AZO,AutoZone,Consumer Discretionary,Automotive Retail,3997.26,4388.11,2980.1,4002.02,4023.37,4106.84,4146.5,3951.27,3908.79,3755.15
AVB,AvalonBay Communities,Real Estate,Multi-Family Residential REITs,189.32,231.37,177.24,186.99,185.95,188.05,189.8,193.87,195.57,200.36
AVY,Avery Dennison,Materials,Paper & Plastic Packaging Products & Materials,179.04,215.68,155.31,164.32,161.83,161.75,166.31,171.01,171.76,174.31
AXON,Axon Enterprise,Industrials,Aerospace & Defense,701.09,885.92,422.38,682.82,691.08,703.82,734.57,754.63,740.81,679.46
BKR,Baker Hughes,Energy,Oil & Gas Equipment & Services,47.3,50.93,33.21,46.03,45.79,47.43,46.28,43.29,41.96,42.23
BALL,Ball Corporation,Materials,"Metal, Glass & Plastic Containers",49.75,66.23,43.18,48.84,48.12,48.86,50.28,53.29,53.06,52.29
BAC,Bank of America,Financials,Diversified Banks,51.1,52.88,32.69,51.28,50.6,50.82,50.24,48.19,46.97,45.23
BAX,Baxter International,Health Care,Health Care Equipment,22.93,37.27,21.18,22.97,22.7,22.75,23.43,25.86,26.77,28.58
BDX,Becton Dickinson,Health Care,Health Care Equipment,188.11,248.0,161.47,188.5,187.99,188.55,190.0,182.81,181.28,196.98
BBY,Best Buy,Consumer Discretionary,Computer & Electronics Retail,81.37,91.62,53.55,80.66,78.2,77.11,74.94,71.48,70.75,72.43
TECH,Bio-Techne,Health Care,Life Sciences Tools & Services,63.79,80.37,45.87,62.65,61.03,59.36,55.95,54.08,53.09,57.08
BIIB,Biogen,Health Care,Biotechnology,147.72,190.4,110.04,145.17,145.57,146.69,142.56,136.25,133.73,135.17
BLK,BlackRock,Financials,Asset Management & Custody Banks,1129.68,1219.94,766.05,1150.44,1160.4,1161.1,1139.18,1096.75,1065.69,1020.01
BX,Blackstone Inc.,Financials,Asset Management & Custody Banks,161.72,196.67,114.16,159.57,159.83,164.68,171.01,163.41,158.42,156.11
XYZ,"Block, Inc.",Financials,Transaction & Payment Processing Services,75.92,99.26,44.27,75.98,76.27,76.14,76.27,73.04,69.67,69.63
BK,BNY Mellon,Financials,Asset Management & Custody Banks,107.03,110.87,69.65,107.05,106.89,107.27,105.81,100.17,97.23,91.42
BA,Boeing,Industrials,Aerospace & Defense,216.59,242.69,128.88,215.1,214.61,216.48,222.23,220.26,215.39,198.23
BKNG,Booking Holdings,Consumer Discretionary,"Hotels, Resorts & Cruise Lines",5230.59,5829.37,4082.14,5136.16,5165.25,5280.83,5440.67,5498.14,5440.21,5162.85
BSX,Boston Scientific,Health Care,Health Care Equipment,103.85,109.5,80.64,100.26,98.29,97.63,101.17,102.36,102.72,101.62
BMY,Bristol Myers Squibb,Health Care,Pharmaceuticals,44.39,61.0,42.38,43.91,43.91,44.26,45.49,45.93,46.03,49.39
AVGO,Broadcom,Information Technology,Semiconductors,340.3,373.59,137.54,347.14,345.75,340.66,329.79,301.93,284.96,253.27
BR,Broadridge Financial Solutions,Industrials,Data Processing & Outsourced Services,232.95,270.85,205.06,230.26,231.75,233.79,244.77,244.13,242.54,238.87
BRO,Brown & Brown,Financials,Insurance Brokers,89.2,125.31,86.79,88.07,91.5,92.77,93.82,98.92,101.31,105.73
BLDR,Builders FirstSource,Industrials,Building Products,122.57,194.79,102.6,123.24,124.15,124.2,131.99,127.68,124.94,130.48
BG,Bunge Global,Consumer Staples,Agricultural Products & Services,95.48,99.41,65.6,96.06,89.88,86.2,83.77,80.9,80.34,77.81
BXP,"BXP, Inc.",Real Estate,Office REITs,73.2,85.24,52.95,71.46,71.06,72.87,72.21,70.21,69.02,67.88
CHRW,C.H. Robinson,Industrials,Air Freight & Logistics,127.15,138.0,83.72,127.25,127.09,130.29,128.93,114.43,110.1,105.38
CDNS,Cadence Design Systems,Information Technology,Application Software,330.51,376.45,221.56,328.79,330.17,339.9,347.3,334.08,328.73,307.63
CZR,Caesars Entertainment,Consumer Discretionary,Casinos & Gaming,22.61,45.65,21.4,22.14,22.22,24.23,25.23,26.57,26.92,28.41
CPT,Camden Property Trust,Real Estate,Multi-Family Residential REITs,104.4,123.08,100.41,103.03,102.44,103.56,106.04,108.91,110.04,111.35
CPB,Campbell's Company (The),Consumer Staples,Packaged Foods & Meats,31.38,46.46,29.03,31.01,30.56,30.94,31.89,31.75,32.26,34.27
COF,Capital One,Financials,Consumer Finance,220.38,231.82,142.38,213.36,211.69,214.04,219.01,213.78,208.78,199.0
CAH,Cardinal Health,Health Care,Health Care Distributors,159.52,167.89,105.46,157.03,156.34,155.8,151.99,155.42,154.07,144.19
KMX,CarMax,Consumer Discretionary,Automotive Retail,43.86,91.25,42.34,43.55,43.71,44.61,53.62,58.63,60.04,66.76
CCL,Carnival,Consumer Discretionary,"Hotels, Resorts & Cruise Lines",30.0,32.8,15.07,29.07,28.74,28.96,30.22,28.82,27.31,25.48
CARR,Carrier Global,Industrials,Building Products,56.74,81.19,53.89,57.44,57.35,58.34,61.67,67.03,67.66,66.45
CAT,Caterpillar Inc.,Industrials,Construction Machinery & Heavy Transportation Equipment,513.91,543.43,264.29,526.94,518.53,500.16,458.66,425.58,406.94,381.36
CBOE,Cboe Global Markets,Financials,Financial Exchanges & Data,237.35,255.27,186.22,236.66,239.22,240.64,239.77,237.35,234.71,224.93
CBRE,CBRE Group,Real Estate,Real Estate Services,163.77,167.56,108.45,159.41,156.4,156.05,159.69,150.52,145.51,140.62
CDW,CDW Corporation,Information Technology,Technology Distributors,156.36,220.59,136.33,154.36,151.53,155.27,161.29,168.12,169.73,171.24
COR,Cencora,Health Care,Health Care Distributors,330.8,331.73,222.57,326.22,321.78,314.59,302.57,297.16,295.39,281.2
CNC,Centene Corporation,Health Care,Managed Health Care,36.02,70.11,25.08,35.73,36.08,36.34,32.71,36.14,40.85,48.3
CNP,CenterPoint Energy,Utilities,Multi-Utilities,40.05,40.5,27.87,39.92,39.65,39.27,38.48,37.64,37.6,36.18
CF,CF Industries,Materials,Fertilizers & Agricultural Chemicals,85.93,103.84,66.56,83.94,85.6,87.96,86.65,89.7,88.59,85.55
CRL,Charles River Laboratories,Health Care,Life Sciences Tools & Services,187.0,230.02,91.86,182.57,176.35,170.14,162.73,159.11,153.69,154.64
SCHW,Charles Schwab Corporation,Financials,Investment Banking & Brokerage,94.31,99.42,65.48,94.38,93.91,94.13,94.53,93.38,91.72,86.32
CHTR,Charter Communications,Communication Services,Cable & Satellite,244.94,437.06,244.2,251.49,257.15,266.25,265.7,314.3,331.94,340.28
CVX,Chevron Corporation,Energy,Integrated Oil & Gas,155.57,165.09,129.01,153.73,152.56,154.1,155.79,151.42,148.25,148.69
CMG,Chipotle Mexican Grill,Consumer Discretionary,Restaurants,41.61,66.74,38.3,41.84,41.47,40.89,41.09,45.9,46.91,49.19
CB,Chubb Limited,Financials,Property & Casualty Insurance,276.52,305.88,250.52,270.08,276.32,279.68,277.37,278.41,280.23,279.57
CHD,Church & Dwight,Consumer Staples,Household Products,88.12,115.72,85.08,87.98,87.51,87.67,90.64,93.4,93.73,98.24
CI,Cigna,Health Care,Health Care Services,307.87,346.57,255.6,302.51,301.15,298.66,298.06,299.85,303.91,304.05
CINF,Cincinnati Financial,Financials,Property & Casualty Insurance,155.47,166.9,121.6,154.21,156.47,158.53,155.32,151.34,149.88,145.07
CTAS,Cintas,Industrials,Diversified Support Services,193.54,228.77,179.74,190.96,189.82,195.99,203.1,212.1,212.97,207.97
CSCO,Cisco,Information Technology,Communications Equipment,70.66,72.11,51.49,70.25,69.48,68.84,67.92,67.48,66.05,63.58
C,Citigroup,Financials,Diversified Banks,96.3,105.59,54.71,97.44,97.28,98.46,97.79,91.9,87.93,82.1
CFG,Citizens Financial Group,Financials,Regional Banks,50.62,55.24,31.96,49.89,50.43,51.8,51.45,48.28,46.46,44.71
CLX,Clorox,Consumer Staples,Household Products,118.18,166.9,116.17,119.0,119.32,120.67,121.47,122.85,125.1,133.25
CME,CME Group,Financials,Financial Exchanges & Data,267.81,288.09,204.81,266.9,268.14,267.47,266.36,270.54,271.61,262.47
CMS,CMS Energy,Utilities,Multi-Utilities,75.16,76.11,62.54,74.86,74.49,73.52,72.4,71.48,71.32,70.59
KO,Coca-Cola Company (The),Consumer Staples,Soft Drinks & Non-alcoholic Beverages,70.81,73.29,59.3,69.3,68.13,67.19,67.61,68.57,68.93,68.1
CTSH,Cognizant,Information Technology,IT Consulting & Other Services,68.36,89.77,64.98,67.08,67.01,67.16,69.08,72.66,73.76,75.49
COIN,Coinbase,Financials,Financial Exchanges & Data,320.33,444.65,142.58,333.8,344.78,349.3,329.38,331.05,311.26,279.45
CL,Colgate-Palmolive,Consumer Staples,Household Products,79.86,98.37,76.17,78.78,78.01,78.22,81.15,84.39,85.5,86.7
CMCSA,Comcast,Communication Services,Cable & Satellite,29.4,43.66,29.15,29.55,29.64,30.3,31.82,32.87,33.08,33.68
CAG,Conagra Brands,Consumer Staples,Packaged Foods & Meats,18.78,28.64,17.89,18.55,18.48,18.57,18.86,19.45,20.12,21.89
COP,ConocoPhillips,Energy,Oil & Gas Exploration & Production,87.41,112.56,78.56,86.85,87.86,91.56,93.48,92.73,91.8,93.22
ED,Consolidated Edison,Utilities,Multi-Utilities,101.94,112.97,85.07,101.5,101.57,100.43,99.41,100.18,101.18,100.39
STZ,Constellation Brands,Consumer Staples,Distillers & Vintners,140.2,241.11,131.2,140.55,140.86,139.41,146.16,157.3,162.99,168.82
CEG,Constellation Energy,Utilities,Electric Utilities,350.06,412.7,160.94,372.38,378.8,363.53,336.63,327.21,316.44,292.47
COO,Cooper Companies (The),Health Care,Health Care Supplies,74.45,109.04,61.78,73.59,71.54,70.15,69.78,70.67,72.69,78.03
CPRT,Copart,Industrials,Diversified Support Services,44.93,64.38,43.32,44.77,44.52,44.64,46.46,47.14,49.65,52.32
GLW,Corning Inc.,Information Technology,Electronic Components,84.14,87.78,36.95,85.34,85.36,84.05,76.42,65.47,61.65,56.22
CPAY,Corpay,Financials,Transaction & Payment Processing Services,283.06,400.81,269.02,283.9,285.06,287.75,303.66,315.96,319.28,331.01
CTVA,Corteva,Materials,Fertilizers & Agricultural Chemicals,63.12,77.22,53.14,61.89,62.13,63.66,68.77,70.87,69.91,66.6
CSGP,CoStar Group,Real Estate,Real Estate Services,77.19,97.43,68.26,75.47,75.66,79.26,84.65,84.99,83.23,80.78
COST,Costco,Consumer Staples,Consumer Staples Merchandise Retail,944.68,1075.34,864.06,936.05,939.02,929.1,947.41,962.29,971.45,971.02
CTRA,Coterra,Energy,Oil & Gas Exploration & Production,23.3,29.29,21.84,23.08,23.14,23.46,23.75,24.26,24.25,25.22
CRWD,CrowdStrike,Information Technology,Systems Software,500.11,517.98,294.68,494.91,496.39,493.72,459.59,466.95,461.54,430.42
CCI,Crown Castle,Real Estate,Telecom Tower REITs,97.7,114.47,81.02,98.15,97.64,96.53,96.71,99.39,99.54,96.78
CSX,CSX Corporation,Industrials,Rail Transportation,35.92,37.19,26.01,36.18,36.04,35.71,34.4,33.97,33.1,32.15
CMI,Cummins,Industrials,Construction Machinery & Heavy Transportation Equipment,407.98,440.51,257.24,414.89,416.33,421.83,411.84,376.36,363.46,352.14
CVS,CVS Health,Health Care,Health Care Services,82.01,83.52,42.12,82.28,80.48,78.44,74.87,69.49,68.28,65.38
DHR,Danaher Corporation,Health Care,Life Sciences Tools & Services,218.1,272.56,170.43,213.45,209.16,205.28,202.07,200.11,198.65,203.13
DRI,Darden Restaurants,Consumer Discretionary,Restaurants,187.41,224.86,153.25,187.69,186.52,188.01,197.23,203.64,203.25,198.36
DDOG,Datadog,Information Technology,Application Software,154.21,170.08,81.63,154.16,157.87,153.71,141.76,138.19,132.82,127.35
DVA,DaVita,Health Care,Health Care Services,129.08,179.6,122.93,127.33,126.36,128.57,132.23,135.96,137.04,143.71
DAY,Dayforce,Industrials,Human Resource & Employment Services,68.5,82.69,48.01,68.34,68.32,68.61,67.82,62.36,61.54,61.73
DECK,Deckers Brands,Consumer Discretionary,Footwear,100.89,223.98,93.72,100.58,99.09,100.84,108.72,106.75,108.94,123.63
DE,Deere & Company,Industrials,Agricultural & Farm Machinery,462.36,530.24,381.67,460.06,453.84,457.15,470.02,489.76,490.2,479.24
DELL,Dell Technologies,Information Technology,"Technology Hardware, Storage & Peripherals",150.13,165.51,65.33,149.35,150.64,146.88,136.36,129.69,124.41,114.86
DAL,Delta Air Lines,Industrials,Passenger Airlines,60.0,69.15,34.41,60.82,60.19,58.55,59.38,55.54,53.81,54.03
DVN,Devon Energy,Energy,Oil & Gas Exploration & Production,32.41,39.94,25.53,32.03,32.55,33.9,34.3,33.54,33.1,33.37
DXCM,Dexcom,Health Care,Health Care Equipment,70.7,93.25,57.52,68.36,67.18,67.04,72.86,78.22,78.98,78.66
FANG,Diamondback Energy,Energy,Oil & Gas Exploration & Production,142.28,182.18,112.4,140.71,141.34,143.77,142.17,142.27,140.98,145.16
DLR,Digital Realty,Real Estate,Data Center REITs,172.41,192.35,128.14,172.73,172.6,172.98,169.7,171.22,169.83,164.36
DG,Dollar General,Consumer Staples,Consumer Staples Merchandise Retail,103.58,117.24,65.27,105.03,103.49,101.76,105.59,108.16,105.22,94.99
DLTR,Dollar Tree,Consumer Staples,Consumer Staples Merchandise Retail,100.47,118.06,60.49,97.78,94.97,92.92,99.99,102.59,99.28,89.11
D,Dominion Energy,Utilities,Multi-Utilities,60.9,62.52,46.96,60.88,61.02,60.94,60.22,58.49,57.59,55.89
DPZ,Domino's,Consumer Discretionary,Restaurants,424.82,495.24,392.47,420.17,416.25,421.05,437.03,447.43,453.98,452.74
DASH,DoorDash,Consumer Discretionary,Specialized Consumer Services,252.31,285.5,150.26,261.88,266.75,269.25,259.59,248.46,238.2,218.71
DOV,Dover Corporation,Industrials,Industrial Machinery & Supplies & Components,167.61,220.46,142.22,168.44,165.23,165.75,172.05,176.8,176.77,179.65
DOW,Dow Inc.,Materials,Commodity Chemicals,21.7,49.44,20.11,21.77,21.71,22.36,23.29,24.96,25.66,29.0
DHI,D. R. Horton,Consumer Discretionary,Homebuilding,158.21,191.23,109.8,155.44,154.48,161.32,166.83,150.89,145.22,139.66
DTE,DTE Energy,Utilities,Multi-Utilities,142.69,143.79,111.81,142.35,141.64,141.05,138.31,136.1,135.67,132.17
DUK,Duke Energy,Utilities,Electric Utilities,129.03,130.03,102.41,128.45,127.65,125.55,123.58,120.57,119.76,117.26
DD,DuPont,Materials,Specialty Chemicals,79.71,85.99,53.17,79.9,78.31,78.29,77.05,74.0,72.54,72.83
EMN,Eastman Chemical Company,Materials,Specialty Chemicals,61.2,104.63,56.08,61.27,60.68,61.77,64.53,69.29,70.93,77.5
ETN,Eaton Corporation,Industrials,Electrical Components & Equipment,360.6,398.4,230.37,372.13,373.83,373.09,363.31,358.91,349.6,330.5
EBAY,eBay Inc.,Consumer Discretionary,Broadline Retail,95.37,100.83,55.44,93.84,91.92,91.53,92.88,86.41,83.09,76.58
ECL,Ecolab,Materials,Specialty Chemicals,276.0,285.35,220.55,276.35,274.33,274.43,274.31,270.52,267.26,260.01
EIX,Edison International,Utilities,Electric Utilities,58.08,83.74,46.27,57.49,55.91,55.0,54.69,52.75,53.14,53.56
EW,Edwards Lifesciences,Health Care,Health Care Equipment,76.84,83.0,64.89,75.09,74.38,75.47,77.35,77.29,77.03,74.88
EA,Electronic Arts,Communication Services,Interactive Home Entertainment,200.75,203.75,114.77,200.51,200.39,198.65,182.38,168.17,164.29,153.65
ELV,Elevance Health,Health Care,Managed Health Care,345.21,454.26,272.22,349.2,350.87,344.0,324.26,329.81,343.1,365.97
EMR,Emerson Electric,Industrials,Electrical Components & Equipment,130.11,149.68,89.31,130.16,129.66,130.7,131.83,133.33,129.37,123.94
ENPH,Enphase Energy,Information Technology,Semiconductor Materials & Equipment,36.08,92.62,29.89,36.97,36.47,36.54,36.98,37.86,39.34,47.4
ETR,Entergy,Utilities,Electric Utilities,96.0,98.58,64.83,96.05,96.11,95.15,91.41,87.79,86.69,84.65
EOG,EOG Resources,Energy,Oil & Gas Exploration & Production,106.21,134.2,99.8,106.22,107.34,109.33,114.77,116.17,114.91,117.47
EPAM,EPAM Systems,Information Technology,IT Consulting & Other Services,156.47,269.0,138.15,148.65,147.28,149.63,158.03,163.55,165.42,180.15
EQT,EQT Corporation,Energy,Oil & Gas Exploration & Production,53.49,60.83,34.99,54.59,54.34,54.95,52.71,54.01,54.0,52.69
EFX,Equifax,Industrials,Research & Consulting Services,230.64,279.93,199.2,229.16,229.28,237.44,245.38,250.34,253.31,250.11
EQIX,Equinix,Real Estate,Data Center REITs,829.05,977.63,693.42,820.58,815.78,800.09,788.58,801.18,812.89,830.57
EQR,Equity Residential,Real Estate,Multi-Family Residential REITs,63.74,75.25,58.19,62.52,62.27,62.88,63.8,64.91,65.63,66.47
ERIE,Erie Indemnity,Financials,Insurance Brokers,322.74,474.3,305.49,318.73,319.74,317.87,331.31,341.49,344.31,366.44
ESS,Essex Property Trust,Real Estate,Multi-Family Residential REITs,264.22,307.81,239.32,260.84,259.32,261.57,261.91,268.9,270.41,274.58
EL,Estée Lauder Companies (The),Consumer Staples,Personal Care Products,98.63,104.53,47.94,99.45,96.19,92.49,90.34,86.4,81.57,76.45
EG,Everest Group,Financials,Reinsurance,348.42,387.65,318.14,347.7,349.33,351.56,344.74,340.51,341.25,344.12
EVRG,Evergy,Utilities,Electric Utilities,78.73,79.32,56.9,78.2,77.94,77.0,73.9,71.12,70.09,67.92
ES,Eversource Energy,Utilities,Electric Utilities,73.12,74.46,51.06,72.62,72.16,71.83,67.35,65.83,64.83,62.12
EXC,Exelon,Utilities,Electric Utilities,48.11,48.51,34.98,47.9,47.53,46.35,44.86,44.0,44.04,43.26
EXE,Expand Energy,Energy,Oil & Gas Exploration & Production,104.39,121.47,80.07,103.35,103.17,105.24,99.96,103.76,104.89,103.73
EXPE,Expedia Group,Consumer Discretionary,"Hotels, Resorts & Cruise Lines",226.39,240.98,129.46,219.82,218.34,218.15,216.55,197.0,190.2,184.25
EXPD,Expeditors International,Industrials,Air Freight & Logistics,118.61,128.27,99.78,119.65,117.63,119.98,120.82,117.9,116.64,115.35
EXR,Extra Space Storage,Real Estate,Self-Storage REITs,152.09,168.1,118.4,151.53,148.48,144.85,142.3,143.73,143.86,144.1
XOM,ExxonMobil,Energy,Integrated Oil & Gas,114.71,119.89,96.01,112.6,112.28,113.08,112.06,110.33,109.11,108.5
FFIV,"F5, Inc.",Information Technology,Communications Equipment,297.83,346.0,213.24,297.96,317.85,322.75,321.21,310.31,303.56,292.97
FDS,FactSet,Financials,Financial Exchanges & Data,289.92,495.04,272.5,287.82,286.1,284.8,327.91,375.6,390.16,410.84
FICO,Fair Isaac,Information Technology,Application Software,1573.94,2402.52,1300.0,1599.26,1630.64,1648.42,1544.44,1591.45,1664.93,1733.47
FAST,Fastenal,Industrials,Trading Companies & Distributors,42.6,50.63,34.8,42.67,43.31,45.71,47.49,45.7,44.63,41.96
FRT,Federal Realty Investment Trust,Real Estate,Retail REITs,101.0,113.0,78.83,99.56,98.3,98.52,98.17,95.61,95.12,96.16
FDX,FedEx,Industrials,Air Freight & Logistics,239.41,301.45,191.82,239.35,235.85,238.05,232.12,229.25,226.74,233.34
FIS,Fidelity National Information Services,Financials,Transaction & Payment Processing Services,67.88,90.1,63.0,67.24,67.32,66.82,67.62,73.23,74.14,73.93
FITB,Fifth Third Bancorp,Financials,Regional Banks,41.69,47.33,31.68,41.38,42.07,43.21,43.95,42.38,41.3,40.64
FSLR,First Solar,Information Technology,Semiconductors,223.36,248.04,116.56,229.77,230.4,228.35,213.22,191.29,183.45,170.57
FE,FirstEnergy,Utilities,Electric Utilities,47.29,47.99,36.81,47.07,47.11,46.44,44.69,42.67,42.49,41.22
FI,Fiserv,Financials,Transaction & Payment Processing Services,125.25,238.59,117.84,123.02,123.15,125.34,131.42,144.99,150.91,175.63
F,Ford Motor Company,Consumer Discretionary,Automobile Manufacturers,12.43,12.8,8.21,12.13,11.85,11.99,11.78,11.32,11.09,10.43
FTNT,Fortinet,Information Technology,Systems Software,84.66,114.82,70.12,84.18,84.1,84.61,81.7,91.2,93.68,96.07
FTV,Fortive,Industrials,Industrial Machinery & Supplies & Components,49.08,62.58,45.4,49.1,48.87,49.13,48.56,50.07,50.63,52.9
FOXA,Fox Corporation (Class A),Communication Services,Broadcasting,58.58,65.3,41.2,58.11,58.05,59.84,59.6,57.36,56.4,54.73
FOX,Fox Corporation (Class B),Communication Services,Broadcasting,52.49,59.29,37.77,52.05,52.0,53.77,53.91,52.23,51.5,50.42
BEN,Franklin Resources,Financials,Asset Management & Custody Banks,22.59,25.72,15.81,22.45,22.71,22.94,23.91,23.65,22.99,21.41
FCX,Freeport-McMoRan,Materials,Copper,40.78,49.37,27.35,41.43,41.72,40.24,42.43,42.5,41.56,39.77
GRMN,Garmin,Consumer Discretionary,Consumer Electronics,247.55,261.69,158.51,248.75,249.84,250.55,241.41,228.37,221.95,216.98
IT,Gartner,Information Technology,IT Consulting & Other Services,251.03,584.01,223.65,244.12,243.34,249.75,248.13,308.38,333.9,385.77
GE,GE Aerospace,Industrials,Aerospace & Defense,297.89,316.53,158.62,301.44,299.57,299.07,287.3,271.82,261.63,236.27
GEHC,GE HealthCare,Health Care,Health Care Equipment,76.14,94.71,57.59,75.03,73.78,74.24,74.64,74.11,73.39,76.36
GEV,GE Vernova,Industrials,Heavy Electrical Equipment,576.0,677.01,251.84,591.38,610.3,608.63,612.79,583.42,551.28,472.42
GEN,Gen Digital,Information Technology,Systems Software,27.21,32.09,22.55,26.85,26.84,27.46,29.01,29.29,28.9,28.01
GNRC,Generac,Industrials,Electrical Components & Equipment,183.09,203.25,99.5,190.9,184.61,175.89,182.13,166.76,157.69,149.6
GD,General Dynamics,Industrials,Aerospace & Defense,338.24,345.85,235.63,335.57,335.4,336.44,326.93,310.46,302.78,286.07
GIS,General Mills,Consumer Staples,Packaged Foods & Meats,49.18,67.27,47.48,48.53,48.51,49.03,49.11,49.9,50.59,53.2
GM,General Motors,Consumer Discretionary,Automobile Manufacturers,67.31,67.58,41.36,61.53,58.95,59.3,58.5,54.73,53.34,51.3
GPC,Genuine Parts Company,Consumer Discretionary,Distributors,132.86,143.1,102.41,133.21,132.68,135.25,137.03,131.24,129.08,124.47
GILD,Gilead Sciences,Health Care,Biotechnology,121.46,124.61,83.12,121.86,119.82,116.4,115.17,112.81,110.79,107.61
GPN,Global Payments,Financials,Transaction & Payment Processing Services,85.67,118.69,65.53,85.89,85.62,85.91,86.33,82.97,81.93,88.2
GL,Globe Life,Financials,Life & Health Insurance,135.63,147.54,99.43,135.09,136.23,137.92,139.45,132.57,130.2,127.04
GDDY,GoDaddy,Information Technology,Internet Services & Infrastructure,132.33,216.0,127.65,130.85,131.37,134.18,141.07,155.5,161.37,170.82
GS,Goldman Sachs,Financials,Investment Banking & Brokerage,744.6,825.25,434.87,755.15,764.56,778.06,765.4,722.65,693.6,648.65
HAL,Halliburton,Energy,Oil & Gas Equipment & Services,26.31,31.66,18.43,23.65,23.1,23.82,22.78,22.07,21.66,22.8
HIG,Hartford (The),Financials,Property & Casualty Insurance,124.88,135.17,103.64,124.46,127.0,129.95,130.99,127.75,127.45,122.5
HAS,Hasbro,Consumer Discretionary,Leisure Products,75.16,82.19,48.07,74.8,73.93,74.69,77.06,74.98,72.64,67.06
HCA,HCA Healthcare,Health Care,Health Care Facilities,441.19,443.41,288.25,430.42,423.55,424.81,412.3,390.92,385.34,362.25
DOC,Healthpeak Properties,Real Estate,Health Care REITs,18.62,21.81,16.17,18.56,18.34,18.65,18.09,17.66,17.51,18.07
HSIC,Henry Schein,Health Care,Health Care Distributors,63.51,82.49,60.56,63.34,63.41,64.62,66.89,68.85,68.94,70.1
HSY,Hershey Company (The),Consumer Staples,Packaged Foods & Meats,184.2,202.98,136.73,186.22,188.6,189.43,186.62,179.53,175.69,170.14
HPE,Hewlett Packard Enterprise,Information Technology,"Technology Hardware, Storage & Peripherals",23.09,26.44,11.82,22.94,24.02,24.34,23.63,21.58,20.65,19.77
HLT,Hilton Worldwide,Consumer Discretionary,"Hotels, Resorts & Cruise Lines",275.06,279.81,195.81,263.96,263.63,261.7,267.98,265.28,260.9,253.32
HOLX,Hologic,Health Care,Health Care Equipment,73.93,84.39,51.9,71.63,69.29,68.36,67.45,66.34,64.51,64.47
HD,Home Depot (The),Consumer Discretionary,Home Improvement Retail,388.97,429.19,322.47,389.61,385.69,391.67,402.51,384.62,380.29,378.54
HON,Honeywell,Industrials,Industrial Conglomerates,206.61,240.47,177.52,205.57,204.7,207.04,211.96,219.43,218.66,214.64
HRL,Hormel Foods,Consumer Staples,Packaged Foods & Meats,24.15,32.43,23.06,23.99,23.77,23.98,25.24,27.29,27.64,28.11
HST,Host Hotels & Resorts,Real Estate,Hotel & Resort REITs,16.8,18.32,11.93,16.48,16.36,16.64,16.77,16.2,15.87,15.57
HWM,Howmet Aerospace,Industrials,Aerospace & Defense,191.23,200.0,98.55,192.46,191.05,191.52,184.53,182.07,177.1,158.18
HPQ,HP Inc.,Information Technology,"Technology Hardware, Storage & Peripherals",27.66,38.25,20.76,27.61,27.51,27.14,27.49,26.14,26.21,27.29
HUBB,Hubbell Incorporated,Industrials,Industrial Machinery & Supplies & Components,422.63,475.24,297.55,428.82,425.16,423.33,431.13,421.19,411.35,396.59
HUM,Humana,Health Care,Managed Health Care,287.72,314.25,206.15,281.84,277.48,273.72,280.31,259.12,255.93,260.62
HBAN,Huntington Bancshares,Financials,Regional Banks,15.87,17.93,11.7,15.7,15.89,16.47,16.95,16.62,16.31,15.87
HII,Huntington Ingalls Industries,Industrials,Aerospace & Defense,283.64,296.03,155.93,283.92,285.35,284.41,276.3,261.68,254.46,230.68
IBM,IBM,Information Technology,IT Consulting & Other Services,287.51,301.04,197.92,282.09,281.06,283.63,263.79,268.08,264.78,255.4
IEX,IDEX Corporation,Industrials,Industrial Machinery & Supplies & Components,166.35,234.67,151.55,166.73,164.76,164.11,163.35,169.4,171.59,178.34
IDXX,Idexx Laboratories,Health Care,Health Care Equipment,633.78,688.12,356.14,637.41,634.13,631.56,639.25,594.63,573.83,519.17
ITW,Illinois Tool Works,Industrials,Industrial Machinery & Supplies & Components,252.96,273.07,212.05,251.74,249.21,253.81,258.67,254.61,251.95,250.3
INCY,Incyte,Health Care,Biotechnology,88.06,92.86,53.56,87.28,86.38,85.82,85.52,78.12,74.97,72.08
IR,Ingersoll Rand,Industrials,Industrial Machinery & Supplies & Components,78.13,105.95,65.58,77.84,77.38,79.96,79.88,81.65,81.3,82.21
PODD,Insulet Corporation,Health Care,Health Care Equipment,329.22,353.5,226.5,323.98,320.01,316.45,326.83,313.09,309.67,293.65
INTC,Intel,Information Technology,Semiconductors,36.92,39.65,17.67,37.4,37.12,36.5,29.77,25.65,24.67,23.5
ICE,Intercontinental Exchange,Financials,Financial Exchanges & Data,156.95,188.82,141.12,155.2,156.73,160.27,169.15,175.17,174.73,170.0
IFF,International Flavors & Fragrances,Materials,Specialty Chemicals,64.82,102.78,59.14,64.16,62.42,61.77,63.71,68.64,70.04,73.48
IP,International Paper,Materials,Paper & Plastic Packaging Products & Materials,47.95,58.71,42.44,47.35,46.81,46.49,47.08,47.84,47.57,49.22
IPG,Interpublic Group of Companies (The),Communication Services,Advertising,27.78,31.81,21.93,26.82,26.67,26.73,26.47,25.31,25.1,25.38
INTU,Intuit,Information Technology,Application Software,670.77,812.22,530.03,663.79,657.12,667.73,673.01,718.98,708.09,665.28
ISRG,Intuitive Surgical,Health Care,Health Care Equipment,527.03,616.0,425.0,465.8,451.01,447.39,455.46,484.97,496.4,512.17
IVZ,Invesco,Financials,Asset Management & Custody Banks,22.78,24.54,11.33,22.83,23.09,23.24,22.41,19.91,18.81,17.67
INVH,Invitation Homes,Real Estate,Single-Family Residential REITs,28.89,35.13,27.71,28.63,28.43,28.58,29.41,30.65,31.22,31.39
IQV,IQVIA,Health Care,Life Sciences Tools & Services,217.86,235.32,134.65,211.78,207.17,200.99,193.2,180.17,173.43,177.56
IRM,Iron Mountain,Real Estate,Other Specialized REITs,103.95,126.21,71.19,104.91,104.26,103.73,98.1,98.08,97.36,94.99
JBHT,J.B. Hunt,Industrials,Cargo Ground Transportation,168.53,198.61,122.01,167.48,153.34,145.12,142.69,143.74,142.55,147.77
JBL,Jabil,Information Technology,Electronic Manufacturing Services,198.75,237.14,108.57,204.59,202.9,206.54,210.65,210.31,200.07,180.88
JKHY,Jack Henry & Associates,Financials,Transaction & Payment Processing Services,157.0,194.68,144.12,154.97,153.65,151.0,156.19,166.06,168.29,170.01
J,Jacobs Solutions,Industrials,Construction & Engineering,157.7,166.22,104.68,159.23,157.53,154.83,150.15,142.38,138.74,133.61
JNJ,Johnson & Johnson,Health Care,Pharmaceuticals,192.94,194.48,137.37,192.78,191.86,188.52,181.39,170.14,166.38,161.49
JCI,Johnson Controls,Industrials,Building Products,108.54,112.63,67.78,109.7,108.69,108.52,107.55,106.38,103.7,95.02
JPM,JPMorgan Chase,Financials,Diversified Banks,294.11,316.47,200.22,297.93,301.18,305.55,301.95,292.01,284.53,270.21
K,Kellanova,Consumer Staples,Packaged Foods & Meats,83.02,83.11,76.48,83.01,82.93,82.23,80.28,79.86,80.14,80.37
KVUE,Kenvue,Consumer Staples,Personal Care Products,15.19,24.71,14.05,14.9,15.66,15.86,18.17,19.8,20.52,21.0
KDP,Keurig Dr Pepper,Consumer Staples,Soft Drinks & Non-alcoholic Beverages,27.39,36.17,25.03,27.71,27.03,26.29,28.26,30.63,31.14,31.6
KEY,KeyCorp,Financials,Regional Banks,17.47,19.41,12.43,17.23,17.48,18.04,18.46,17.85,17.35,16.79
KEYS,Keysight Technologies,Information Technology,Electronic Equipment & Instruments,164.69,186.2,121.43,164.28,164.5,168.8,168.61,165.84,163.79,161.9
KMB,Kimberly-Clark,Consumer Staples,Household Products,120.21,147.59,118.18,120.42,120.06,121.12,125.52,127.54,128.78,130.2
KIM,Kimco Realty,Real Estate,Retail REITs,22.41,24.7,17.52,22.01,21.62,21.57,21.79,21.39,21.2,21.05
KMI,Kinder Morgan,Energy,Oil & Gas Storage & Transportation,27.56,30.49,23.22,27.43,27.4,27.8,27.3,27.45,27.38,27.16
KKR,KKR & Co.,Financials,Asset Management & Custody Banks,123.3,169.7,85.9,120.44,121.5,125.26,135.03,135.42,132.21,131.1
KLAC,KLA Corporation,Information Technology,Semiconductor Materials & Equipment,1114.32,1161.18,548.81,1124.02,1079.4,1085.84,994.34,941.11,900.84,826.31
KHC,Kraft Heinz,Consumer Staples,Packaged Foods & Meats,25.64,34.37,24.8,25.52,25.35,25.56,26.32,26.46,26.57,27.39
KR,Kroger,Consumer Staples,Food Retail,68.6,74.52,54.49,68.64,68.39,67.38,67.81,68.84,68.92,67.06
LHX,L3Harris,Industrials,Aerospace & Defense,288.97,308.12,190.25,288.0,291.37,295.2,283.94,270.82,261.61,241.47
LH,Labcorp,Health Care,Health Care Services,282.84,293.72,208.23,285.51,282.24,280.83,277.9,267.62,262.76,253.21
LRCX,Lam Research,Information Technology,Semiconductor Materials & Equipment,141.25,153.7,56.07,142.84,140.75,139.83,121.39,108.5,102.52,92.42
LW,Lamb Weston,Consumer Staples,Packaged Foods & Meats,64.75,82.35,47.25,65.01,64.53,62.25,58.47,55.96,55.12,55.1
LVS,Las Vegas Sands,Consumer Discretionary,Casinos & Gaming,50.62,58.05,29.84,49.73,49.37,51.4,53.17,50.08,47.98,45.4
LDOS,Leidos,Industrials,Diversified Support Services,188.47,200.78,122.65,188.21,188.29,189.91,184.91,171.45,167.55,156.64
LEN,Lennar,Consumer Discretionary,Homebuilding,127.14,179.02,97.13,125.98,122.88,124.12,129.19,120.54,117.92,118.36
LII,Lennox International,Industrials,Building Products,493.07,687.72,485.47,524.74,526.46,531.67,550.7,568.93,568.89,575.93
LLY,Lilly (Eli),Health Care,Pharmaceuticals,812.43,931.67,622.41,808.63,819.03,806.93,761.41,764.07,765.05,784.64
LIN,Linde plc,Materials,Industrial Gases,449.92,484.83,406.06,449.34,452.6,461.77,470.82,468.63,465.34,458.33
LYV,Live Nation Entertainment,Communication Services,Movies & Entertainment,156.15,175.25,112.88,155.41,154.47,156.47,162.02,154.84,151.68,145.3
LKQ,LKQ Corporation,Consumer Discretionary,Distributors,30.35,43.77,28.42,30.18,29.76,30.15,31.0,33.33,34.59,36.36
LMT,Lockheed Martin,Industrials,Aerospace & Defense,487.14,602.02,407.14,494.19,499.22,499.87,474.57,462.93,463.37,458.85
L,Loews Corporation,Financials,Multi-line Insurance,100.01,103.52,74.95,99.13,100.3,100.72,98.2,94.45,93.12,90.27
LOW,Lowe's,Consumer Discretionary,Home Improvement Retail,243.53,277.33,204.22,243.77,240.25,244.03,254.9,239.7,236.76,237.11
LULU,Lululemon Athletica,Consumer Discretionary,"Apparel, Accessories & Luxury Goods",178.29,423.32,159.25,172.83,171.12,173.5,180.69,207.61,225.71,269.64
LYB,LyondellBasell,Materials,Specialty Chemicals,45.2,84.44,44.88,45.62,46.03,47.53,51.37,54.49,54.63,59.47
MTB,M&T Bank,Financials,Regional Banks,182.12,219.44,148.52,181.04,182.88,188.84,193.78,191.51,188.47,185.35
MPC,Marathon Petroleum,Energy,Oil & Gas Refining & Marketing,188.54,201.61,113.82,184.66,184.21,188.89,181.75,174.84,170.12,159.52
MKTX,MarketAxess,Financials,Financial Exchanges & Data,171.85,292.5,161.61,171.61,172.32,172.62,179.86,196.6,201.01,204.08
MAR,Marriott International,Consumer Discretionary,"Hotels, Resorts & Cruise Lines",272.07,305.27,204.35,264.08,264.42,264.98,265.63,266.72,264.8,262.75
MMC,Marsh McLennan,Financials,Insurance Brokers,189.31,245.83,185.12,188.85,197.35,199.01,201.41,206.61,210.35,215.83
MLM,Martin Marietta Materials,Materials,Construction Materials,622.5,665.18,440.72,626.23,633.2,629.5,619.88,591.39,581.42,551.25
MAS,Masco,Industrials,Building Products,68.98,84.43,56.02,68.75,67.79,68.85,71.64,68.46,67.32,68.82
MA,Mastercard,Financials,Transaction & Payment Processing Services,571.36,600.98,463.61,564.12,563.26,568.05,578.83,571.23,569.98,557.35
MTCH,Match Group,Communication Services,Interactive Media & Services,33.17,38.99,26.09,32.8,32.53,33.61,35.89,34.11,33.14,32.48
MKC,McCormick & Company,Consumer Staples,Packaged Foods & Meats,68.58,84.63,63.22,67.48,66.52,66.46,67.61,69.88,70.57,72.83
MCD,McDonald's,Consumer Discretionary,Restaurants,310.11,322.65,271.85,307.76,303.95,302.1,305.97,301.66,303.6,301.34
MCK,McKesson Corporation,Health Care,Health Care Distributors,795.62,797.25,490.22,786.43,779.7,766.87,723.42,717.2,715.04,684.31
MDT,Medtronic,Health Care,Health Care Equipment,95.9,99.37,77.57,95.69,95.79,95.91,94.28,91.43,89.78,88.83
MRK,Merck & Co.,Health Care,Pharmaceuticals,87.61,105.27,71.87,86.05,85.83,85.43,83.89,81.83,80.94,83.6
META,Meta Platforms,Communication Services,Interactive Media & Services,733.41,795.71,479.11,725.57,720.85,724.03,744.56,730.7,707.09,674.01
MET,MetLife,Financials,Life & Health Insurance,78.56,87.17,64.24,78.52,79.97,80.94,80.25,78.86,78.57,78.97
MTD,Mettler Toledo,Health Care,Life Sciences Tools & Services,1381.44,1438.46,946.69,1366.63,1330.62,1301.32,1292.48,1248.98,1223.07,1224.25
MGM,MGM Resorts,Consumer Discretionary,Casinos & Gaming,32.68,42.54,25.3,32.14,32.06,33.23,35.26,35.34,34.75,33.93
MCHP,Microchip Technology,Information Technology,Semiconductors,64.5,77.17,33.63,65.92,65.0,65.14,65.3,67.09,64.42,59.52
MU,Micron Technology,Information Technology,Semiconductors,198.47,214.75,61.44,202.49,195.81,186.49,155.88,135.93,126.54,113.1
MSFT,Microsoft,Information Technology,Systems Software,520.54,554.54,343.59,516.04,515.46,516.79,511.67,504.58,491.3,456.37
MAA,Mid-America Apartment Communities,Real Estate,Multi-Family Residential REITs,134.36,168.08,131.17,132.96,132.84,134.43,138.11,142.03,144.94,148.11
MRNA,Moderna,Health Care,Biotechnology,26.85,57.69,23.15,26.95,26.98,26.87,26.03,27.6,27.31,29.5
MHK,Mohawk Industries,Consumer Discretionary,Home Furnishings,128.3,164.29,96.24,128.47,125.19,126.07,129.66,119.8,116.86,116.6
MOH,Molina Healthcare,Health Care,Managed Health Care,195.13,359.97,151.95,194.13,194.66,195.4,183.84,208.13,229.84,259.67
TAP,Molson Coors Beverage Company,Consumer Staples,Brewers,46.59,63.47,43.8,46.82,46.52,46.07,47.94,48.7,49.91,52.52
MDLZ,Mondelez International,Consumer Staples,Packaged Foods & Meats,61.97,70.58,52.78,62.12,61.8,62.06,61.94,64.13,64.36,63.32
MPWR,Monolithic Power Systems,Information Technology,Semiconductors,1001.4,1041.5,437.16,1018.63,993.47,958.79,897.68,814.24,782.73,715.52
MNST,Monster Beverage,Consumer Staples,Soft Drinks & Non-alcoholic Beverages,69.72,70.72,45.7,69.75,69.18,68.11,65.49,63.54,63.13,59.52
MCO,Moody's Corporation,Financials,Financial Exchanges & Data,472.79,528.95,377.3,474.35,478.18,479.88,494.89,495.44,490.26,481.93
MS,Morgan Stanley,Financials,Investment Banking & Brokerage,158.12,166.77,92.93,159.6,157.93,157.9,154.06,145.9,141.36,134.24
MOS,Mosaic Company (The),Materials,Fertilizers & Agricultural Chemicals,29.65,37.97,21.99,29.43,30.17,32.49,32.85,34.13,33.85,30.88
MSI,Motorola Solutions,Information Technology,Communications Equipment,446.86,502.83,387.0,445.12,449.53,452.74,463.22,442.67,437.84,437.54
MSCI,MSCI Inc.,Financials,Financial Exchanges & Data,537.61,636.39,483.67,536.47,543.89,553.98,561.86,561.02,559.88,562.52
NDAQ,"Nasdaq, Inc.",Financials,Financial Exchanges & Data,87.42,97.36,64.46,88.63,89.2,88.59,91.38,90.55,88.32,83.92
NTAP,NetApp,Information Technology,"Technology Hardware, Storage & Peripherals",116.76,132.76,71.18,118.31,118.67,118.94,117.59,110.83,107.68,105.77
NFLX,Netflix,Communication Services,Movies & Entertainment,1116.37,1341.15,744.26,1195.85,1206.8,1197.38,1212.36,1221.59,1209.3,1113.16
NEM,Newmont,Materials,Gold,87.01,98.58,36.35,91.45,90.11,88.1,80.29,70.03,66.41,58.47
NWSA,News Corp (Class A),Communication Services,Publishing,26.25,31.61,23.3,26.2,26.25,27.66,28.88,28.88,28.66,28.17
NWS,News Corp (Class B),Communication Services,Publishing,29.85,35.47,26.17,29.76,29.72,31.16,32.61,32.92,32.78,32.15
NEE,NextEra Energy,Utilities,Multi-Utilities,82.84,86.74,60.75,84.24,84.3,81.57,76.12,74.05,72.87,71.2
NKE,"Nike, Inc.",Consumer Discretionary,"Apparel, Accessories & Luxury Goods",69.08,81.29,51.67,67.85,67.6,69.19,72.55,71.06,68.71,68.75
NI,NiSource,Utilities,Multi-Utilities,44.13,44.52,33.4,43.63,43.32,43.29,42.19,41.26,40.78,39.76
NDSN,Nordson Corporation,Industrials,Industrial Machinery & Supplies & Components,234.15,262.94,163.83,234.58,233.05,231.35,226.06,220.65,215.55,211.01
NSC,Norfolk Southern,Industrials,Rail Transportation,288.63,302.24,199.43,289.57,290.07,294.1,285.81,274.55,266.11,254.64
NTRS,Northern Trust,Financials,Asset Management & Custody Banks,125.48,135.48,80.54,126.45,127.29,129.92,129.3,125.06,120.21,112.88
NOC,Northrop Grumman,Industrials,Aerospace & Defense,596.48,640.9,420.66,598.26,610.45,609.31,592.88,558.34,541.58,518.25
NCLH,Norwegian Cruise Line Holdings,Consumer Discretionary,"Hotels, Resorts & Cruise Lines",23.63,29.29,14.21,23.32,23.27,23.84,24.6,23.11,22.05,22.18
NRG,NRG Energy,Utilities,Independent Power Producers & Energy Traders,160.42,175.96,79.04,165.94,166.41,165.62,158.8,157.06,153.14,132.93
NUE,Nucor,Materials,Steel,136.65,167.56,96.79,135.64,136.23,136.34,140.27,136.66,132.19,129.0
NVDA,Nvidia,Information Technology,Semiconductors,180.28,195.62,86.61,181.82,183.3,184.04,179.49,170.25,161.09,146.17
NVR,"NVR, Inc.",Consumer Discretionary,Homebuilding,7697.16,9867.0,6562.85,7683.06,7645.26,7823.68,8048.71,7774.96,7649.98,7589.16
NXPI,NXP Semiconductors,Information Technology,Semiconductors,217.16,251.87,146.73,218.22,216.79,221.64,224.97,220.72,215.51,210.43
ORLY,O’Reilly Automotive,Consumer Discretionary,Automotive Retail,101.21,108.72,76.22,101.25,101.62,103.18,103.71,98.72,97.26,93.92
OXY,Occidental Petroleum,Energy,Oil & Gas Exploration & Production,41.73,52.36,34.4,41.12,41.89,44.06,45.13,44.38,43.68,44.63
ODFL,Old Dominion,Industrials,Cargo Ground Transportation,141.02,231.78,133.69,140.45,138.45,139.77,145.0,152.32,153.98,161.91
OMC,Omnicom Group,Communication Services,Advertising,81.23,103.32,67.76,78.57,78.13,78.24,77.47,74.61,74.53,76.39
ON,ON Semiconductor,Information Technology,Semiconductors,51.93,76.06,31.04,53.48,51.31,50.39,50.13,52.11,50.07,48.83
OKE,Oneok,Energy,Oil & Gas Storage & Transportation,69.59,113.92,66.56,68.48,69.08,71.0,72.58,76.18,77.32,83.37
ORCL,Oracle Corporation,Information Technology,Application Software,272.66,345.12,117.98,285.86,292.98,289.6,273.1,248.12,229.18,201.28
OTIS,Otis Worldwide,Industrials,Industrial Machinery & Supplies & Components,91.42,105.86,83.85,91.52,90.82,90.97,89.21,91.63,92.49,94.05
PCAR,Paccar,Industrials,Construction Machinery & Heavy Transportation Equipment,99.8,114.66,84.08,97.4,95.88,96.94,98.49,97.03,96.14,98.08
PKG,Packaging Corporation of America,Materials,Paper & Plastic Packaging Products & Materials,208.74,244.78,170.61,206.28,207.77,211.14,210.27,202.82,199.47,201.11
PLTR,Palantir Technologies,Information Technology,Application Software,175.49,190.0,40.9,178.97,179.23,180.03,171.77,159.66,152.01,128.2
PANW,Palo Alto Networks,Information Technology,Systems Software,212.42,217.94,144.15,210.41,210.33,209.01,198.89,195.99,194.45,189.32
PSKY,Paramount Skydance Corporation,Communication Services,Movies & Entertainment,16.57,20.86,9.92,16.75,17.05,17.98,16.8,14.57,14.0,12.9
PH,Parker Hannifin,Industrials,Industrial Machinery & Supplies & Components,741.39,779.77,485.92,739.8,735.74,745.45,749.88,723.97,707.95,679.14
PAYX,Paychex,Industrials,Human Resource & Employment Services,126.61,160.03,119.02,126.76,126.81,126.41,131.87,139.04,141.39,142.59
PAYC,Paycom,Industrials,Human Resource & Employment Services,202.35,267.33,161.57,202.3,201.52,204.27,215.15,225.28,229.48,222.45
PYPL,PayPal,Financials,Transaction & Payment Processing Services,68.07,93.66,55.85,68.16,69.24,69.5,68.93,70.81,70.6,71.88
PNR,Pentair,Industrials,Industrial Machinery & Supplies & Components,109.34,113.95,73.85,109.03,109.18,109.99,109.26,105.77,103.7,99.24
PEP,PepsiCo,Consumer Staples,Soft Drinks & Non-alcoholic Beverages,153.03,170.89,125.14,153.25,151.26,146.02,145.44,140.13,137.91,140.2
PFE,Pfizer,Health Care,Pharmaceuticals,24.72,27.69,20.18,24.6,24.67,25.17,24.9,24.51,24.14,24.24
PCG,PG&E Corporation,Utilities,Multi-Utilities,16.58,21.59,12.95,16.59,16.41,15.99,15.44,14.83,15.28,15.74
PM,Philip Morris International,Consumer Staples,Tobacco,156.86,183.57,113.18,156.19,157.46,157.75,161.52,167.63,168.01,158.52
PSX,Phillips 66,Energy,Oil & Gas Refining & Marketing,131.4,142.35,89.26,129.59,129.6,132.36,130.69,126.15,123.16,120.45
PNW,Pinnacle West Capital,Utilities,Multi-Utilities,92.62,94.64,79.08,92.75,92.7,90.91,89.77,89.8,90.03,89.39
PNC,PNC Financial Services,Financials,Diversified Banks,181.2,208.54,141.09,180.61,183.16,189.85,195.67,190.3,185.67,182.2
POOL,Pool Corporation,Consumer Discretionary,Distributors,297.59,391.14,281.15,294.93,293.85,300.56,312.1,307.09,306.09,314.61
PPG,PPG Industries,Materials,Specialty Chemicals,102.16,128.12,89.08,102.26,100.83,102.24,107.17,109.37,109.31,109.72
PPL,PPL Corporation,Utilities,Electric Utilities,37.75,38.27,30.49,37.54,37.51,37.19,36.54,35.55,35.37,34.69
PFG,Principal Financial Group,Financials,Life & Health Insurance,79.14,87.76,67.06,78.9,79.85,81.45,80.56,79.07,78.54,78.86
PG,Procter & Gamble,Consumer Staples,Personal Care Products,152.2,177.66,146.97,151.36,150.11,151.2,154.69,156.06,157.15,160.07
PGR,Progressive Corporation,Financials,Property & Casualty Insurance,222.63,292.65,217.2,222.19,229.63,236.8,242.26,249.19,255.38,258.45
PLD,Prologis,Real Estate,Industrial REITs,125.95,127.5,83.8,124.87,120.1,117.79,113.77,109.97,108.87,109.19
PRU,Prudential Financial,Financials,Life & Health Insurance,102.09,125.75,88.12,101.2,101.58,102.46,104.7,104.03,103.6,105.12
PEG,Public Service Enterprise Group,Utilities,Electric Utilities,83.79,92.35,73.5,84.17,83.18,82.59,82.42,82.76,81.81,81.61
PTC,PTC Inc.,Information Technology,Application Software,203.03,219.69,133.38,203.66,202.43,202.8,206.61,196.76,190.42,181.17
PSA,Public Storage,Real Estate,Self-Storage REITs,310.88,342.02,251.43,309.06,303.65,296.56,289.92,288.57,289.81,289.44
PHM,PulteGroup,Consumer Discretionary,Homebuilding,120.21,148.31,87.74,123.02,122.66,127.57,130.53,120.05,116.32,112.09
PWR,Quanta Services,Industrials,Construction & Engineering,412.21,446.6,226.97,432.35,430.88,424.66,398.99,389.83,377.34,341.54
QCOM,Qualcomm,Information Technology,Semiconductors,169.27,178.09,119.4,166.53,163.84,165.77,162.59,158.23,155.71,155.59
DGX,Quest Diagnostics,Health Care,Health Care Services,181.17,197.55,144.18,186.51,185.36,184.3,182.22,177.61,176.82,171.64
RL,Ralph Lauren Corporation,Consumer Discretionary,"Apparel, Accessories & Luxury Goods",332.12,340.61,175.49,330.2,323.7,320.48,309.62,295.82,287.68,268.49
RJF,Raymond James Financial,Financials,Investment Banking & Brokerage,166.04,177.15,116.85,163.69,162.9,166.06,166.92,161.52,158.2,154.69
RTX,RTX Corporation,Industrials,Aerospace & Defense,177.98,178.76,111.21,165.35,162.19,164.19,160.01,153.79,149.04,140.15
O,Realty Income,Real Estate,Retail REITs,60.27,61.34,49.31,60.03,59.41,59.7,59.05,57.7,57.15,55.86
REG,Regency Centers,Real Estate,Retail REITs,72.6,75.93,62.21,72.19,71.84,71.78,71.45,70.83,70.85,70.71
REGN,Regeneron Pharmaceuticals,Health Care,Biotechnology,584.74,987.01,475.77,577.61,572.93,575.21,575.74,556.32,561.31,598.17
RF,Regions Financial Corporation,Financials,Regional Banks,24.11,27.61,17.36,23.89,24.34,25.26,26.06,24.9,24.11,23.27
RSG,Republic Services,Industrials,Environmental & Facilities Services,223.28,257.43,195.57,220.48,221.78,223.68,227.69,235.1,237.65,233.67
RMD,ResMed,Health Care,Health Care Equipment,266.48,293.81,199.07,268.84,270.69,273.12,276.34,268.77,263.64,250.33
RVTY,Revvity,Health Care,Health Care Equipment,95.68,129.14,81.3,95.05,92.91,91.05,88.99,91.77,91.92,99.0
ROK,Rockwell Automation,Industrials,Electrical Components & Equipment,350.3,360.65,213.27,350.59,346.48,346.54,345.41,340.53,329.56,305.72
ROL,"Rollins, Inc.",Industrials,Environmental & Facilities Services,56.7,59.12,44.94,56.03,56.28,57.22,56.96,56.84,56.74,54.55
ROP,Roper Technologies,Information Technology,Electronic Equipment & Instruments,508.95,592.47,491.43,506.79,508.73,505.47,513.83,534.99,541.49,548.06
ROST,Ross Stores,Consumer Discretionary,Apparel Retail,156.05,158.0,121.69,156.29,154.61,153.4,150.15,142.54,142.79,140.85
RCL,Royal Caribbean Group,Consumer Discretionary,"Hotels, Resorts & Cruise Lines",317.98,365.38,163.05,307.28,307.93,313.58,327.69,317.75,301.46,272.86
SPGI,S&P Global,Financials,Financial Exchanges & Data,479.74,578.04,425.6,477.27,480.9,481.96,517.17,521.61,518.6,511.5
CRM,Salesforce,Information Technology,Application Software,256.64,366.78,226.09,252.68,247.55,244.14,245.28,253.48,258.16,272.33
SBAC,SBA Communications,Real Estate,Telecom Tower REITs,197.38,243.84,185.45,197.3,193.67,192.81,200.5,214.65,217.98,214.85
SLB,Schlumberger,Energy,Oil & Gas Equipment & Services,34.9,43.66,30.61,33.48,32.97,33.78,34.41,34.36,34.24,36.05
STX,Seagate Technology,Information Technology,"Technology Hardware, Storage & Peripherals",215.05,264.83,62.66,219.09,218.21,226.95,201.08,171.31,157.16,131.53
SRE,Sempra,Utilities,Multi-Utilities,92.06,95.72,60.93,91.9,91.61,90.91,85.46,81.01,79.83,77.69
NOW,ServiceNow,Information Technology,Systems Software,935.65,1198.09,678.66,918.56,913.75,915.97,913.34,945.02,955.29,942.78
SHW,Sherwin-Williams,Materials,Specialty Chemicals,333.81,397.81,307.5,333.14,333.19,337.31,351.65,348.56,349.37,347.98
SPG,Simon Property Group,Real Estate,Retail REITs,179.98,188.43,132.99,178.4,177.68,180.53,178.81,169.68,167.18,166.03
SWKS,Skyworks Solutions,Information Technology,Semiconductors,73.96,94.69,47.01,75.26,73.95,75.52,75.5,73.73,72.47,71.47
SJM,J.M. Smucker Company (The),Consumer Staples,Packaged Foods & Meats,104.75,121.73,92.38,104.81,104.13,106.01,108.24,106.0,107.08,107.13
SW,Smurfit Westrock,Materials,Paper & Plastic Packaging Products & Materials,42.66,55.46,36.31,42.02,41.9,41.97,43.7,44.03,43.77,45.18
SNA,Snap-on,Industrials,Industrial Machinery & Supplies & Components,343.01,366.68,286.03,342.71,337.43,340.13,333.73,325.48,323.63,326.14
SOLV,Solventum,Health Care,Health Care Technology,72.76,85.92,60.7,72.43,71.84,72.27,72.66,73.38,72.76,72.88
SO,Southern Company,Utilities,Electric Utilities,97.48,100.84,78.5,97.68,98.03,96.43,94.18,92.81,91.94,89.66
LUV,Southwest Airlines,Industrials,Passenger Airlines,33.76,37.75,23.55,33.94,33.15,32.76,32.23,32.52,32.1,31.32
SWK,Stanley Black & Decker,Industrials,Industrial Machinery & Supplies & Components,69.23,102.04,52.62,68.99,67.83,70.86,73.72,70.87,69.44,72.25
SBUX,Starbucks,Consumer Discretionary,Restaurants,85.5,115.87,74.48,85.13,82.79,83.32,85.35,88.49,87.44,91.39
STT,State Street Corporation,Financials,Asset Management & Custody Banks,113.22,118.24,71.77,113.44,114.17,114.85,113.2,108.92,105.68,99.95
STLD,Steel Dynamics,Materials,Steel,148.56,156.24,102.41,146.81,146.16,143.78,136.57,133.06,132.42,129.23
STE,Steris,Health Care,Health Care Equipment,242.37,253.0,199.47,241.43,239.24,241.46,244.8,239.27,238.21,231.08
SYK,Stryker Corporation,Health Care,Health Care Equipment,388.35,403.95,327.71,378.6,373.25,370.95,378.97,382.37,381.81,378.37
SMCI,Supermicro,Information Technology,"Technology Hardware, Storage & Peripherals",52.5,66.44,17.25,53.68,54.1,52.63,47.42,48.0,46.02,42.63
SYF,Synchrony Financial,Financials,Consumer Finance,73.01,77.41,40.15,72.21,71.53,71.66,73.44,69.98,67.24,63.77
SNPS,Synopsys,Information Technology,Application Software,454.3,651.73,365.74,450.91,450.55,466.5,516.14,532.55,523.14,503.08
SYY,Sysco,Consumer Staples,Food Distributors,78.6,83.13,66.22,79.28,79.14,80.16,80.29,78.35,76.78,74.82
TMUS,T-Mobile US,Communication Services,Wireless Telecommunication Services,227.4,274.51,206.21,228.47,227.85,230.21,240.41,237.61,238.31,241.87
TROW,T. Rowe Price,Financials,Asset Management & Custody Banks,102.76,119.7,75.88,103.62,104.27,103.95,105.02,101.75,99.61,98.9
TTWO,Take-Two Interactive,Communication Services,Interactive Home Entertainment,255.56,264.79,154.13,259.74,258.33,257.42,246.92,239.98,237.61,224.32
TPR,"Tapestry, Inc.",Consumer Discretionary,"Apparel, Accessories & Luxury Goods",115.33,118.56,42.3,116.43,115.09,114.21,108.67,101.65,96.66,87.72
TRGP,Targa Resources,Energy,Oil & Gas Storage & Transportation,154.46,215.2,144.14,150.36,151.87,159.59,162.65,164.98,164.6,174.38
TGT,Target Corporation,Consumer Staples,Consumer Staples Merchandise Retail,94.02,152.54,85.36,92.17,90.27,89.63,92.53,96.21,95.91,103.02
TEL,TE Connectivity,Information Technology,Electronic Manufacturing Services,229.1,237.5,115.38,226.09,223.02,221.61,213.86,196.51,188.09,171.16
TDY,Teledyne Technologies,Information Technology,Electronic Equipment & Instruments,543.73,595.99,419.0,562.61,566.17,574.26,559.31,541.59,530.2,514.44
TER,Teradyne,Information Technology,Semiconductor Materials & Equipment,138.84,150.71,65.6,139.76,139.32,139.86,126.36,109.7,103.47,103.12
TSLA,"Tesla, Inc.",Consumer Discretionary,Automobile Manufacturers,438.97,488.54,212.11,439.41,434.64,437.42,393.84,356.72,348.95,335.4
TXN,Texas Instruments,Information Technology,Semiconductors,170.71,220.1,137.77,176.64,175.82,178.76,186.29,192.63,188.93,184.43
TPL,Texas Pacific Land Corporation,Energy,Oil & Gas Exploration & Production,925.86,1759.83,844.11,933.22,919.16,934.27,919.98,970.45,1039.46,1143.67
TXT,Textron,Industrials,Aerospace & Defense,82.58,91.21,57.67,82.2,82.52,83.83,82.31,80.96,79.35,76.86
TMO,Thermo Fisher Scientific,Health Care,Life Sciences Tools & Services,567.2,609.27,385.11,548.95,538.25,523.57,500.15,464.41,453.88,478.03
TJX,TJX Companies,Consumer Discretionary,Apparel Retail,143.06,146.46,110.34,143.34,142.63,142.68,139.9,132.63,131.85,127.93
TKO,TKO Group Holdings,Communication Services,Movies & Entertainment,186.97,212.49,113.01,187.41,188.04,193.34,192.81,181.06,177.06,167.19
TTD,Trade Desk (The),Communication Services,Advertising,53.89,141.53,42.96,52.04,51.97,51.24,50.63,63.1,64.02,70.2
TSCO,Tractor Supply,Consumer Discretionary,Other Specialty Retail,54.83,63.75,46.46,55.05,54.99,55.34,58.28,56.67,55.41,54.69
TT,Trane Technologies,Industrials,Building Products,408.5,475.11,296.82,416.56,418.08,419.3,416.58,425.52,421.88,395.94
TDG,TransDigm Group,Industrials,Aerospace & Defense,1314.19,1519.36,1107.45,1292.07,1285.7,1289.27,1294.6,1351.39,1346.81,1309.51
TRV,Travelers Companies (The),Financials,Property & Casualty Insurance,268.49,287.95,227.43,265.33,268.67,274.33,273.53,267.75,267.56,259.99
TRMB,Trimble Inc.,Information Technology,Electronic Equipment & Instruments,79.1,87.5,52.91,78.52,78.12,79.35,80.51,79.37,77.12,74.11
TFC,Truist Financial,Financials,Diversified Banks,43.6,47.46,32.72,42.91,43.13,44.29,45.05,43.73,42.78,42.32
TYL,Tyler Technologies,Information Technology,Application Software,513.05,661.31,483.56,508.83,506.97,508.76,535.38,555.9,556.62,567.91
TSN,Tyson Foods,Consumer Staples,Packaged Foods & Meats,52.72,63.75,51.07,52.44,52.36,53.21,54.67,54.56,54.84,56.01
USB,U.S. Bancorp,Financials,Diversified Banks,47.33,51.66,34.43,46.68,46.55,47.29,47.65,46.13,45.24,44.41
UBER,Uber,Industrials,Passenger Ground Transportation,92.21,101.99,59.33,92.75,93.6,95.83,95.27,92.41,91.11,84.04
UDR,"UDR, Inc.",Real Estate,Multi-Family Residential REITs,36.6,44.96,35.21,36.29,36.17,36.18,37.22,38.46,38.93,39.75
ULTA,Ulta Beauty,Consumer Discretionary,Other Specialty Retail,519.33,572.23,309.01,527.95,537.26,546.22,532.4,508.52,487.92,445.85
UNP,Union Pacific Corporation,Industrials,Rail Transportation,225.24,252.32,202.16,225.83,226.48,230.63,224.76,225.02,223.75,227.14
UAL,United Airlines Holdings,Industrials,Passenger Airlines,96.27,116.0,52.0,99.0,99.95,98.34,101.76,93.05,89.52,88.86
UPS,United Parcel Service,Industrials,Air Freight & Logistics,87.08,136.36,82.0,86.82,85.36,85.17,85.49,90.66,91.42,98.42
URI,United Rentals,Industrials,Trading Companies & Distributors,991.5,1021.47,523.58,996.02,990.56,978.75,955.83,870.32,832.72,768.8
UNH,UnitedHealth Group,Health Care,Managed Health Care,361.49,617.34,233.13,360.92,360.65,357.06,333.91,310.75,317.33,387.97
UHS,Universal Health Services,Health Care,Health Care Facilities,210.4,236.81,152.16,206.65,203.75,203.98,192.92,183.35,183.78,182.51
VLO,Valero Energy,Energy,Oil & Gas Refining & Marketing,161.87,178.43,97.37,158.78,159.85,163.64,157.25,147.56,142.75,136.5
VTR,Ventas,Real Estate,Health Care REITs,70.46,72.02,55.47,70.47,69.21,69.14,68.25,66.26,65.95,65.02
VLTO,Veralto,Industrials,Environmental & Facilities Services,103.8,114.5,83.69,103.25,102.63,104.07,105.78,103.86,102.71,100.72
VRSN,Verisign,Information Technology,Internet Services & Infrastructure,251.94,309.71,174.64,261.98,262.75,269.59,274.29,277.24,277.36,259.94
VRSK,Verisk Analytics,Industrials,Research & Consulting Services,237.47,321.9,228.09,234.24,238.49,242.85,254.32,276.27,281.79,284.09
VZ,Verizon,Communication Services,Integrated Telecommunication Services,39.8,45.09,35.79,40.36,40.25,41.22,42.43,42.03,42.03,41.33
VRTX,Vertex Pharmaceuticals,Health Care,Biotechnology,426.44,519.88,362.5,419.45,414.74,407.63,397.83,422.94,429.41,445.32
VTRS,Viatris,Health Care,Pharmaceuticals,10.41,13.04,6.68,10.28,10.09,10.0,10.15,9.56,9.33,9.4
VICI,Vici Properties,Real Estate,Hotel & Resort REITs,31.27,33.54,26.86,31.05,31.05,31.71,32.2,32.19,31.92,31.17
V,Visa Inc.,Financials,Transaction & Payment Processing Services,345.36,374.85,278.82,342.85,344.23,344.64,344.59,348.13,349.1,344.11
VST,Vistra Corp.,Utilities,Electric Utilities,185.83,219.82,90.3,195.67,201.11,201.33,199.82,194.55,185.04,168.33
VMC,Vulcan Materials Company,Materials,Construction Materials,293.67,311.74,214.34,295.66,299.75,301.1,296.43,282.05,278.67,267.63
WRB,W. R. Berkley Corporation,Financials,Property & Casualty Insurance,75.02,78.48,55.38,74.24,75.87,76.14,73.8,72.27,72.2,68.52
GWW,W. W. Grainger,Industrials,Industrial Machinery & Supplies & Components,968.0,1219.65,889.92,964.0,958.93,957.05,981.89,1006.7,1017.25,1016.77
WAB,Wabtec,Industrials,Construction Machinery & Heavy Transportation Equipment,193.43,215.82,151.42,195.06,194.86,196.65,193.8,198.41,197.9,193.77
WBA,Walgreens Boots Alliance,Consumer Staples,Drug Retail,11.98,,,11.98,12.03,11.93,11.67,11.39,11.33,10.81
WMT,Walmart,Consumer Staples,Consumer Staples Merchandise Retail,107.14,109.58,79.43,106.92,105.66,104.17,102.01,99.69,99.13,96.66
DIS,Walt Disney Company (The),Communication Services,Movies & Entertainment,113.08,124.69,79.76,111.98,111.32,112.18,114.75,116.72,114.16,109.71
WBD,Warner Bros. Discovery,Communication Services,Broadcasting,20.53,21.22,7.25,19.13,18.46,18.77,16.03,13.78,12.83,11.77
WM,Waste Management,Industrials,Environmental & Facilities Services,216.46,240.84,197.52,215.1,216.12,217.45,220.04,225.11,226.23,224.46
WAT,Waters Corporation,Health Care,Life Sciences Tools & Services,348.67,423.56,275.05,342.11,337.39,324.32,308.69,315.77,322.6,342.18
WEC,WEC Energy Group,Utilities,Electric Utilities,117.4,118.18,89.63,116.9,116.23,114.89,111.05,108.37,107.85,105.45
WFC,Wells Fargo,Financials,Diversified Banks,83.88,87.47,57.76,84.39,82.94,82.54,81.53,80.01,78.61,76.15
WELL,Welltower,Real Estate,Health Care REITs,175.94,180.4,121.46,175.19,171.77,173.24,169.35,163.0,160.11,153.36
WST,West Pharmaceutical Services,Health Care,Health Care Supplies,277.0,351.24,187.09,273.82,268.1,266.94,256.97,242.38,236.28,244.64
WDC,Western Digital,Information Technology,"Technology Hardware, Storage & Peripherals",120.47,137.4,28.74,123.11,120.31,120.68,101.97,83.49,76.21,64.38
WY,Weyerhaeuser,Real Estate,Timber REITs,23.61,32.15,23.23,23.57,23.78,24.26,24.94,25.39,25.42,26.54
WSM,"Williams-Sonoma, Inc.",Consumer Discretionary,Homefurnishing Retail,187.99,217.31,123.45,188.19,187.99,191.51,195.68,183.74,179.35,179.76
WMB,Williams Companies,Energy,Oil & Gas Storage & Transportation,62.16,65.55,49.72,62.51,62.71,63.25,60.03,59.36,59.07,57.95
WTW,Willis Towers Watson,Financials,Insurance Brokers,333.78,352.79,283.83,330.48,334.61,339.55,335.24,321.23,318.41,319.97
WDAY,"Workday, Inc.",Information Technology,Application Software,242.83,294.0,205.33,238.31,237.15,237.99,232.72,234.71,238.78,242.45
WYNN,Wynn Resorts,Consumer Discretionary,Casinos & Gaming,119.39,134.23,64.93,119.24,118.63,123.0,121.51,110.83,106.4,97.42
XEL,Xcel Energy,Utilities,Multi-Utilities,80.69,83.01,60.62,80.97,80.99,80.6,75.65,72.4,71.74,69.98
XYL,Xylem Inc.,Industrials,Industrial Machinery & Supplies & Components,145.99,151.16,99.87,146.14,146.02,146.45,143.47,137.45,134.58,129.18
YUM,Yum! Brands,Consumer Discretionary,Restaurants,147.38,161.72,120.38,146.54,144.6,147.59,147.23,145.94,145.89,144.96
ZBRA,Zebra Technologies,Information Technology,Electronic Equipment & Instruments,302.63,427.76,205.73,299.51,293.65,296.54,308.3,310.95,304.09,308.69
ZBH,Zimmer Biomet,Health Care,Health Care Equipment,103.98,113.87,88.77,102.25,99.62,99.13,101.61,97.5,97.14,100.25
ZTS,Zoetis,Health Care,Pharmaceuticals,147.11,190.68,138.77,145.12,143.79,144.17,148.41,152.23,153.66,156.76
