Symbol,Company,GICS_Sector,GICS_Sub_Industry,Current_Price,High_52_Week,Low_52_Week,SMA5,SMA10,SMA20,SMA50,SMA200,Score,Target_Pcnt,Target_Price,Stop_Loss
MMM,3M,Industrials,Industrial Conglomerates,153.08,159.46,122.31,153.98,155.04,155.1,153.23,143.67,0.0,4.0,159.2,150.98
AOS,A. O. Smith,Industrials,Building Products,72.0,88.84,59.04,72.61,72.12,72.28,70.68,67.78,0.2,3.0,74.16,70.4
ABT,Abbott Laboratories,Health Care,Health Care Equipment,131.95,138.95,110.09,132.42,132.06,131.62,130.53,126.91,0.2,1.26,133.61,129.64
ABBV,AbbVie,Health Care,Biotechnology,210.42,213.0,160.57,211.53,210.43,208.27,197.88,187.67,0.0,2.33,215.32,201.22
ACN,Accenture,Information Technology,IT Consulting & Other Services,251.99,394.31,237.87,253.92,255.45,253.02,267.52,315.49,0.0,4.56,263.48,242.58
ADBE,Adobe Inc.,Information Technology,Application Software,354.06,586.55,333.65,350.9,352.21,353.27,359.92,407.44,-0.2,3.2,365.39,341.14
AMD,Advanced Micro Devices,Information Technology,Semiconductors,155.82,184.42,78.21,156.46,160.96,166.51,161.49,125.85,0.2,17.94,183.77,149.23
AES,AES Corporation,Utilities,Independent Power Producers & Energy Traders,12.72,19.11,9.5,12.88,13.15,13.18,12.86,11.58,-0.2,7.78,13.71,12.65
AFL,Aflac,Financials,Life & Health Insurance,106.28,112.86,97.56,106.97,106.9,106.5,103.45,104.23,-0.3,2.89,109.35,103.65
A,Agilent Technologies,Health Care,Life Sciences Tools & Services,126.25,151.96,99.08,127.37,124.97,122.03,119.33,123.44,0.1,2.91,129.92,114.14
APD,Air Products,Materials,Industrial Gases,287.14,333.89,247.03,289.43,291.7,292.04,291.45,291.81,0.1,3.68,297.71,286.39
ABNB,Airbnb,Consumer Discretionary,"Hotels, Resorts & Cruise Lines",123.81,161.42,105.69,124.5,126.78,126.23,131.26,131.21,0.0,5.85,131.05,121.42
AKAM,Akamai Technologies,Information Technology,Internet Services & Infrastructure,78.16,106.67,68.21,78.07,78.01,76.72,77.33,83.84,-0.2,2.64,80.22,73.22
ALB,Albemarle Corporation,Materials,Specialty Chemicals,72.58,109.53,50.43,79.1,81.41,81.03,75.74,75.33,-0.4,19.96,87.07,75.0
ARE,Alexandria Real Estate Equities,Real Estate,Office REITs,83.72,117.87,66.61,83.69,82.62,79.86,78.43,84.71,0.1,3.43,86.59,73.13
ALGN,Align Technology,Health Care,Health Care Supplies,135.93,257.17,129.01,135.79,138.3,141.1,165.32,186.74,0.0,9.74,149.17,133.03
ALLE,Allegion,Industrials,Building Products,169.97,173.1,118.08,170.67,170.57,169.61,161.43,140.19,0.2,2.04,173.44,165.79
LNT,Alliant Energy,Utilities,Electric Utilities,64.01,66.97,54.87,64.38,64.82,65.19,64.11,61.13,0.2,4.36,66.8,63.58
ALL,Allstate,Financials,Property & Casualty Insurance,200.12,212.57,177.81,202.97,202.94,204.78,199.93,196.24,0.0,5.49,211.11,198.45
GOOGL,Alphabet Inc. (Class A),Communication Services,Interactive Media & Services,239.63,239.63,144.4,234.2,222.06,212.48,197.27,179.65,0.2,-0.36,238.77,186.2
GOOG,Alphabet Inc. (Class C),Communication Services,Interactive Media & Services,239.94,239.94,146.27,234.48,222.55,213.15,198.09,181.09,0.2,-0.41,238.96,187.36
MO,Altria,Consumer Staples,Tobacco,66.19,67.68,46.47,66.35,66.53,66.54,62.67,56.76,0.2,2.51,67.85,65.22
AMZN,Amazon,Consumer Discretionary,Broadline Retail,238.24,242.06,167.32,233.62,231.19,229.1,226.19,213.56,0.2,-0.15,237.88,220.31
AMCR,Amcor,Materials,Paper & Plastic Packaging Products & Materials,8.19,10.94,8.19,8.28,8.4,8.63,9.2,9.39,0.0,16.12,9.51,7.76
AEE,Ameren,Utilities,Multi-Utilities,99.2,103.26,80.71,100.12,100.16,100.75,99.52,95.82,0.2,3.31,102.48,99.02
AEP,American Electric Power,Utilities,Electric Utilities,108.36,114.06,87.97,108.54,110.11,111.41,109.09,101.79,0.0,6.39,115.28,107.53
AXP,American Express,Financials,Consumer Finance,324.34,331.28,230.81,326.07,326.28,317.54,312.86,294.88,0.2,3.87,336.89,298.2
AIG,American International Group,Financials,Multi-line Insurance,78.48,87.26,69.3,79.91,80.83,81.0,80.73,79.15,0.0,6.93,83.92,78.07
AMT,American Tower,Real Estate,Telecom Tower REITs,194.6,235.15,170.7,195.58,199.55,203.29,212.87,204.38,-0.2,9.97,214.0,192.59
AWK,American Water Works,Utilities,Water Utilities,140.09,150.19,118.87,141.2,142.25,143.28,142.07,136.52,0.2,4.85,146.88,139.68
AMP,Ameriprise Financial,Financials,Asset Management & Custody Banks,493.34,569.83,419.45,498.83,507.36,508.38,518.03,514.81,0.0,6.44,525.11,491.63
AME,Ametek,Industrials,Electrical Components & Equipment,187.48,196.4,151.15,187.16,186.55,185.53,182.82,179.77,0.2,0.94,189.24,181.81
AMGN,Amgen,Health Care,Biotechnology,279.97,326.46,252.22,281.55,284.55,287.52,291.52,283.69,0.0,5.99,296.74,278.29
APH,Amphenol,Information Technology,Electronic Components,116.79,116.79,58.99,112.24,111.13,110.53,106.0,82.16,0.2,-2.29,114.12,106.94
ADI,Analog Devices,Information Technology,Semiconductors,248.18,254.62,163.21,246.98,249.59,244.22,237.7,217.28,0.0,5.21,261.11,227.32
AON,Aon plc,Financials,Insurance Brokers,366.38,407.61,334.44,370.88,369.73,369.95,362.47,368.82,-0.1,2.83,376.75,363.14
APA,APA Corporation,Energy,Oil & Gas Exploration & Production,21.66,25.74,13.62,22.56,22.75,21.76,20.16,19.7,0.2,11.36,24.12,19.39
APO,Apollo Global Management,Financials,Asset Management & Custody Banks,134.42,176.82,105.37,133.56,134.64,136.19,141.99,146.16,0.0,5.72,142.11,130.28
AAPL,Apple Inc.,Information Technology,"Technology Hardware, Storage & Peripherals",234.35,258.1,172.0,238.03,234.44,231.95,219.68,221.02,0.1,2.58,240.4,223.52
AMAT,Applied Materials,Information Technology,Semiconductor Materials & Equipment,163.5,211.69,126.23,160.56,161.53,165.57,179.11,167.43,-0.2,13.3,185.25,145.89
APTV,Aptiv,Consumer Discretionary,Automotive Parts & Equipment,82.14,82.3,47.92,80.99,80.3,77.83,72.59,64.31,0.0,1.94,83.73,71.92
ACGL,Arch Capital Group,Financials,Property & Casualty Insurance,89.61,109.22,84.99,91.38,91.36,91.37,89.7,92.06,0.1,4.9,94.0,88.73
ADM,Archer Daniels Midland,Consumer Staples,Agricultural Products & Services,62.19,64.21,41.01,62.22,62.4,61.35,57.31,50.42,0.2,4.12,64.75,57.95
ANET,Arista Networks,Information Technology,Communications Equipment,141.91,142.85,64.37,140.66,137.95,136.66,123.34,103.05,0.0,1.07,143.43,129.88
AJG,Arthur J. Gallagher & Co.,Financials,Insurance Brokers,298.5,347.33,273.85,299.88,300.0,298.54,301.81,312.21,0.0,2.62,306.32,290.76
AIZ,Assurant,Financials,Multi-line Insurance,211.1,225.29,178.36,213.08,214.15,213.25,199.44,202.82,0.1,3.23,217.92,208.57
T,AT&T,Communication Services,Integrated Telecommunication Services,29.42,29.59,20.03,29.31,29.15,29.0,28.21,25.98,-0.2,0.88,29.68,28.33
ATO,Atmos Energy,Utilities,Gas Utilities,164.07,167.34,127.91,164.89,165.37,165.33,159.38,150.4,-0.2,1.93,167.24,163.43
ADSK,Autodesk,Information Technology,Application Software,325.19,326.79,238.84,323.16,310.65,298.81,299.7,290.63,0.0,2.27,332.57,265.05
ADP,Automatic Data Processing,Industrials,Human Resource & Employment Services,297.24,325.19,264.09,298.34,300.61,302.42,303.9,301.76,-0.2,3.98,309.07,295.76
AZO,AutoZone,Consumer Discretionary,Automotive Retail,4291.12,4291.12,2981.19,4235.17,4213.69,4143.92,3945.0,3612.97,0.0,0.55,4314.72,3973.17
AVB,AvalonBay Communities,Real Estate,Multi-Family Residential REITs,195.24,232.03,182.72,193.78,193.45,191.95,195.28,206.81,-0.2,0.85,196.9,187.02
AVY,Avery Dennison,Materials,Paper & Plastic Packaging Products & Materials,166.88,217.94,157.86,167.43,169.09,172.06,174.08,178.96,0.0,7.38,179.2,164.91
AXON,Axon Enterprise,Industrials,Aerospace & Defense,731.98,870.97,354.62,731.29,746.79,755.51,764.53,665.65,0.0,8.04,790.83,720.17
BKR,Baker Hughes,Energy,Oil & Gas Equipment & Services,45.45,48.05,32.21,45.6,45.36,44.31,42.71,41.31,0.2,2.82,46.73,41.9
BALL,Ball Corporation,Materials,"Metal, Glass & Plastic Containers",50.41,66.93,44.6,50.58,51.28,52.26,55.27,53.6,-0.2,8.51,54.7,49.83
BAC,Bank of America,Financials,Diversified Banks,50.29,50.46,34.0,49.93,50.05,48.94,47.71,44.26,0.0,2.35,51.47,46.41
BAX,Baxter International,Health Care,Health Care Equipment,24.45,39.36,21.61,24.02,24.19,24.1,25.97,29.74,-0.2,1.31,24.77,23.44
BDX,Becton Dickinson,Health Care,Health Care Equipment,190.49,245.13,163.27,190.45,190.89,193.16,184.38,202.02,-0.3,4.49,199.04,187.29
BRK-B,Berkshire Hathaway,Financials,Multi-Sector Holdings,492.72,539.8,442.29,498.93,498.66,490.35,481.28,488.49,0.3,3.54,510.16,470.56
BBY,Best Buy,Consumer Discretionary,Computer & Electronics Retail,77.02,99.54,55.4,76.54,75.26,73.96,70.72,74.59,0.1,1.22,77.96,69.96
TECH,Bio-Techne,Health Care,Life Sciences Tools & Services,54.2,79.93,46.59,53.8,54.44,54.46,53.86,59.66,-0.1,5.13,56.98,51.94
BIIB,Biogen,Health Care,Biotechnology,143.6,201.44,113.38,141.44,138.48,137.55,133.06,136.59,0.1,0.64,144.52,130.57
BLK,BlackRock,Financials,Asset Management & Custody Banks,1105.67,1154.71,807.61,1101.52,1112.49,1124.46,1106.08,999.88,0.2,4.89,1159.74,1089.12
BX,Blackstone Inc.,Financials,Asset Management & Custody Banks,173.17,194.8,118.51,170.74,170.97,170.54,167.47,157.35,-0.2,2.11,176.82,164.26
XYZ,"Block, Inc.",Financials,Transaction & Payment Processing Services,75.51,98.92,46.53,75.56,77.26,76.67,74.63,72.06,0.2,6.86,80.69,72.66
BK,BNY Mellon,Financials,Asset Management & Custody Banks,104.77,106.1,64.89,104.54,104.87,103.51,99.87,86.85,0.0,1.83,106.69,100.33
BA,Boeing,Industrials,Aerospace & Defense,229.52,237.38,136.59,230.64,233.19,231.54,227.76,190.1,0.0,4.12,238.98,224.11
BKNG,Booking Holdings,Consumer Discretionary,"Hotels, Resorts & Cruise Lines",5571.83,5805.92,3704.78,5559.39,5582.66,5573.52,5603.09,5122.47,-0.2,3.1,5744.56,5402.55
BSX,Boston Scientific,Health Care,Health Care Equipment,108.09,108.14,81.6,107.65,106.84,105.51,104.92,100.34,0.2,0.84,109.0,102.03
BMY,Bristol Myers Squibb,Health Care,Pharmaceuticals,47.23,61.62,43.31,47.06,47.16,47.53,47.04,51.71,-0.1,3.13,48.71,46.34
AVGO,Broadcom,Information Technology,Semiconductors,336.67,345.65,135.46,325.14,312.82,306.87,294.29,230.75,0.2,0.12,337.07,276.66
BR,Broadridge Financial Solutions,Industrials,Data Processing & Outsourced Services,252.37,266.89,204.4,251.73,253.88,257.37,250.76,238.17,0.2,5.31,265.77,248.97
BRO,Brown & Brown,Financials,Insurance Brokers,93.47,124.07,91.23,94.88,95.51,95.73,99.08,107.81,-0.2,4.3,97.49,93.96
BF-B,Brown–Forman,Consumer Staples,Distillers & Vintners,27.46,48.21,25.45,28.07,28.76,29.57,29.25,32.82,-0.1,15.29,31.66,27.49
BLDR,Builders FirstSource,Industrials,Building Products,140.45,201.83,105.63,143.43,141.78,140.08,133.6,136.52,0.1,5.84,148.65,131.52
BG,Bunge Global,Consumer Staples,Agricultural Products & Services,84.15,96.95,67.23,83.04,83.5,83.13,79.55,77.37,-0.2,3.99,87.51,78.75
BXP,"BXP, Inc.",Real Estate,Office REITs,72.4,86.01,56.05,74.82,73.12,69.75,68.84,68.65,0.2,7.15,77.58,61.92
CHRW,C.H. Robinson,Industrials,Air Freight & Logistics,126.05,128.66,85.99,126.69,127.22,124.55,111.62,101.24,0.2,3.79,130.83,118.27
CDNS,Cadence Design Systems,Information Technology,Application Software,361.77,371.03,231.64,354.01,350.85,350.05,340.11,301.59,0.4,-0.5,359.96,340.15
CZR,Caesars Entertainment,Consumer Discretionary,Casinos & Gaming,25.39,45.55,23.18,25.75,26.18,25.88,27.4,30.16,0.2,7.72,27.35,24.42
CPT,Camden Property Trust,Real Estate,Multi-Family Residential REITs,111.63,123.69,104.05,110.73,110.47,108.91,110.6,114.18,-0.2,1.15,112.91,104.92
CPB,Campbell's Company (The),Consumer Staples,Packaged Foods & Meats,33.74,49.89,30.28,33.61,32.71,32.62,32.07,36.23,-0.1,0.95,34.06,31.18
COF,Capital One,Financials,Consumer Finance,222.48,227.22,134.82,222.35,223.89,220.36,216.85,193.41,-0.2,3.03,229.22,211.49
CAH,Cardinal Health,Health Care,Health Care Distributors,150.94,167.63,106.71,150.14,149.52,149.35,155.63,139.13,-0.2,1.06,152.54,146.15
KMX,CarMax,Consumer Discretionary,Automotive Retail,61.38,89.19,54.66,60.92,60.96,59.71,61.14,71.99,0.0,2.33,62.81,56.61
CCL,Carnival,Consumer Discretionary,"Hotels, Resorts & Cruise Lines",31.57,32.49,15.67,31.56,31.75,30.92,29.97,24.84,-0.2,4.37,32.95,28.9
CARR,Carrier Global,Industrials,Building Products,63.47,81.67,55.21,64.12,64.95,65.63,70.23,68.41,0.0,7.85,68.45,62.81
CAT,Caterpillar Inc.,Industrials,Construction Machinery & Heavy Transportation Equipment,418.09,438.02,271.63,419.86,423.32,421.01,417.04,366.09,0.0,4.51,436.95,405.07
CBOE,Cboe Global Markets,Financials,Financial Exchanges & Data,232.43,253.24,189.73,233.79,235.28,241.34,240.66,219.19,0.0,9.54,254.6,228.09
CBRE,CBRE Group,Real Estate,Real Estate Services,162.09,164.98,113.55,162.16,162.09,161.07,152.24,136.88,0.0,2.33,165.87,156.27
CDW,CDW Corporation,Information Technology,Technology Distributors,168.95,225.45,143.46,167.23,165.79,165.59,171.53,173.76,0.2,0.3,169.46,161.72
COR,Cencora,Health Care,Health Care Distributors,298.67,303.69,217.68,295.37,293.35,293.63,292.7,269.9,0.0,1.17,302.16,285.11
CNC,Centene Corporation,Health Care,Managed Health Care,31.06,76.57,25.21,29.52,29.21,28.79,29.76,52.09,0.4,-0.52,30.9,26.68
CNP,CenterPoint Energy,Utilities,Multi-Utilities,37.54,38.94,26.61,37.54,37.63,37.83,37.42,35.01,0.2,2.37,38.43,37.23
CF,CF Industries,Materials,Fertilizers & Agricultural Chemicals,84.66,101.88,67.67,84.52,85.69,85.44,89.43,85.39,0.2,3.87,87.94,82.95
CRL,Charles River Laboratories,Health Care,Life Sciences Tools & Services,157.38,220.69,99.75,161.6,162.23,159.9,160.6,158.85,-0.2,6.09,166.96,152.84
SCHW,Charles Schwab Corporation,Financials,Investment Banking & Brokerage,93.67,98.69,60.96,94.6,95.62,95.98,95.05,83.88,0.2,5.66,98.97,92.99
CHTR,Charter Communications,Communication Services,Cable & Satellite,263.35,427.25,256.57,261.89,263.89,266.07,315.05,357.19,0.0,4.16,274.31,257.84
CVX,Chevron Corporation,Energy,Integrated Oil & Gas,154.85,164.65,130.67,155.65,157.66,156.13,152.52,147.55,0.2,4.44,161.73,150.52
CMG,Chipotle Mexican Grill,Consumer Discretionary,Restaurants,39.46,66.16,39.46,40.67,41.48,42.37,46.94,52.59,-0.2,13.43,44.76,39.98
CB,Chubb Limited,Financials,Property & Casualty Insurance,276.99,301.45,256.04,277.99,276.01,275.61,275.01,279.45,-0.1,1.41,280.9,270.32
CHD,Church & Dwight,Consumer Staples,Household Products,94.91,112.48,90.63,94.76,93.77,93.62,94.81,101.01,-0.2,1.11,95.96,91.27
CI,Cigna,Health Care,Health Care Services,302.01,359.97,260.91,302.24,300.45,297.77,296.01,304.06,0.1,2.73,310.25,285.28
CINF,Cincinnati Financial,Financials,Property & Casualty Insurance,153.69,157.35,125.84,153.93,153.72,153.26,150.63,144.41,0.0,1.42,155.87,150.66
CTAS,Cintas,Industrials,Diversified Support Services,202.07,227.2,181.05,204.36,207.19,212.39,217.01,209.24,0.0,11.45,225.21,199.58
CSCO,Cisco,Information Technology,Communications Equipment,67.34,71.79,47.21,67.36,67.99,67.98,68.32,62.27,0.0,4.84,70.6,65.36
C,Citigroup,Financials,Diversified Banks,97.34,97.34,55.59,96.14,96.15,95.25,92.45,77.4,-0.2,0.5,97.83,92.67
CFG,Citizens Financial Group,Financials,Regional Banks,51.71,52.51,33.59,51.86,51.85,50.42,48.64,43.52,0.2,3.67,53.61,47.23
CLX,Clorox,Consumer Staples,Household Products,125.68,165.31,116.82,125.22,121.89,121.41,123.55,139.4,0.0,0.84,126.74,116.09
CME,CME Group,Financials,Financial Exchanges & Data,261.53,289.38,205.04,264.57,266.32,269.62,274.65,257.77,0.0,6.37,278.19,261.06
CMS,CMS Energy,Utilities,Multi-Utilities,70.91,74.4,63.54,71.24,71.45,72.09,71.65,69.59,0.2,3.86,73.65,70.53
KO,Coca-Cola Company (The),Consumer Staples,Soft Drinks & Non-alcoholic Beverages,67.86,73.38,59.94,68.1,68.45,69.24,69.55,67.76,0.0,4.92,71.2,67.28
CTSH,Cognizant,Information Technology,IT Consulting & Other Services,70.78,89.65,65.92,71.41,71.68,71.06,73.38,77.16,0.2,3.45,73.22,68.89
COIN,Coinbase,Financials,Financial Exchanges & Data,318.78,419.78,147.35,305.83,306.32,310.43,343.26,272.5,0.0,2.89,327.99,292.85
CL,Colgate-Palmolive,Consumer Staples,Household Products,84.28,105.49,83.06,84.22,84.15,84.75,86.48,89.16,0.2,2.66,86.52,82.98
CMCSA,Comcast,Communication Services,Cable & Satellite,33.67,43.96,31.41,33.88,33.86,33.62,33.97,35.29,0.0,2.76,34.6,32.64
CAG,Conagra Brands,Consumer Staples,Packaged Foods & Meats,19.42,30.97,18.26,19.26,19.09,19.21,19.21,23.08,0.0,1.49,19.71,18.71
COP,ConocoPhillips,Energy,Oil & Gas Exploration & Production,91.86,111.14,81.29,93.33,95.8,95.44,94.01,94.44,-0.1,8.7,99.85,91.02
ED,Consolidated Edison,Utilities,Multi-Utilities,96.98,111.42,85.77,97.47,98.07,99.83,100.6,99.19,0.0,7.24,104.0,95.66
STZ,Constellation Brands,Consumer Staples,Distillers & Vintners,145.98,252.91,145.88,146.58,152.4,159.84,165.85,183.01,0.0,21.61,177.53,142.16
CEG,Constellation Energy,Utilities,Electric Utilities,300.82,354.46,170.52,303.75,308.6,314.33,320.62,275.16,-0.2,10.82,333.37,295.3
COO,Cooper Companies (The),Health Care,Health Care Supplies,68.25,111.23,64.58,68.05,68.54,71.09,71.93,82.41,-0.2,13.93,77.76,64.42
CPRT,Copart,Industrials,Diversified Support Services,48.07,63.84,45.33,48.7,48.68,48.17,47.44,54.62,-0.1,3.31,49.66,46.68
GLW,Corning Inc.,Information Technology,Electronic Components,72.39,72.39,38.69,70.96,69.3,67.26,60.88,50.85,0.2,-0.17,72.27,62.25
CPAY,Corpay,Financials,Transaction & Payment Processing Services,313.12,389.55,283.07,316.13,319.97,319.43,324.23,341.23,0.0,5.31,329.75,309.09
CTVA,Corteva,Materials,Fertilizers & Agricultural Chemicals,72.5,76.93,54.59,72.56,73.35,72.82,73.09,65.45,-0.2,3.08,74.73,70.9
CSGP,CoStar Group,Real Estate,Real Estate Services,88.14,96.83,69.29,88.52,88.94,88.92,88.87,79.81,0.0,3.1,90.87,86.98
COST,Costco,Consumer Staples,Consumer Staples Merchandise Retail,979.25,1073.97,869.13,964.05,953.82,964.02,962.06,974.24,0.1,1.95,998.35,929.71
CTRA,Coterra,Energy,Oil & Gas Exploration & Production,23.85,29.06,21.86,24.03,24.17,23.91,24.06,25.41,0.0,3.73,24.74,23.09
CRWD,CrowdStrike,Information Technology,Systems Software,423.51,514.1,246.39,418.97,421.43,422.62,451.85,411.19,0.2,3.39,437.87,407.37
CCI,Crown Castle,Real Estate,Telecom Tower REITs,94.5,115.16,82.06,95.41,97.36,99.79,103.24,97.58,-0.2,11.96,105.8,93.79
CSX,CSX Corporation,Industrials,Rail Transportation,32.2,36.37,26.47,32.42,32.4,33.95,34.21,31.96,-0.2,16.12,37.39,30.5
CMI,Cummins,Industrials,Construction Machinery & Heavy Transportation Equipment,394.78,404.74,264.26,397.02,398.05,398.37,370.71,342.69,0.2,2.65,405.24,391.5
CVS,CVS Health,Health Care,Health Care Services,71.75,74.09,42.33,72.56,72.57,70.92,66.43,61.15,0.2,5.64,75.8,66.03
DHR,Danaher Corporation,Health Care,Life Sciences Tools & Services,194.33,276.83,174.36,198.33,201.78,205.49,201.54,208.44,-0.1,10.82,215.36,195.63
DRI,Darden Restaurants,Consumer Discretionary,Restaurants,211.85,224.21,150.91,210.25,208.52,207.59,208.03,196.44,0.0,-0.25,211.32,203.87
DDOG,Datadog,Information Technology,Application Software,140.46,168.65,87.0,135.47,134.77,131.62,137.47,127.91,-0.2,0.06,140.54,122.7
DVA,DaVita,Health Care,Health Care Services,136.71,177.35,127.69,136.12,136.76,136.34,139.19,147.95,0.2,2.49,140.11,132.57
DAY,Dayforce,Industrials,Human Resource & Employment Services,68.9,81.8,49.33,69.27,69.44,65.64,60.11,62.99,0.1,14.18,78.67,52.62
DECK,Deckers Brands,Consumer Discretionary,Footwear,115.41,223.11,95.32,120.11,119.16,112.53,107.9,138.31,0.3,10.22,127.2,97.86
DE,Deere & Company,Industrials,Agricultural & Farm Machinery,475.6,529.8,376.26,474.96,480.25,486.67,500.55,476.56,-0.2,6.84,508.13,465.24
DELL,Dell Technologies,Information Technology,"Technology Hardware, Storage & Peripherals",121.29,142.14,70.88,123.96,126.05,130.49,129.11,112.29,0.2,18.2,143.36,117.62
DAL,Delta Air Lines,Industrials,Passenger Airlines,60.68,68.45,35.65,61.09,61.27,60.52,56.35,54.64,0.2,3.54,62.83,58.21
DVN,Devon Energy,Energy,Oil & Gas Exploration & Production,34.31,42.08,26.61,34.85,35.34,34.68,33.7,33.55,0.2,6.73,36.62,32.75
DXCM,Dexcom,Health Care,Health Care Equipment,78.4,90.75,59.83,79.32,77.38,78.85,81.55,80.05,0.0,6.72,83.67,74.04
FANG,Diamondback Energy,Energy,Oil & Gas Exploration & Production,136.29,194.36,117.58,139.46,143.61,141.82,141.96,148.56,0.0,10.19,150.18,133.47
DLR,Digital Realty,Real Estate,Data Center REITs,163.98,191.46,135.17,162.55,164.96,165.71,170.5,166.74,-0.2,4.11,170.72,160.7
DG,Dollar General,Consumer Staples,Consumer Staples Merchandise Retail,104.55,116.32,67.66,108.14,109.33,111.45,111.33,91.24,-0.2,11.72,116.8,106.1
DLTR,Dollar Tree,Consumer Staples,Consumer Staples Merchandise Retail,96.3,117.16,61.21,99.82,105.7,109.51,110.11,85.56,-0.2,25.78,121.13,97.89
D,Dominion Energy,Utilities,Multi-Utilities,58.85,61.39,48.51,58.27,58.7,59.62,58.54,54.78,0.2,4.93,61.75,57.48
DPZ,Domino's,Consumer Discretionary,Restaurants,458.97,495.6,398.04,463.62,459.64,454.36,459.29,456.81,-0.2,2.43,470.12,438.58
DASH,DoorDash,Consumer Discretionary,Specialized Consumer Services,256.53,270.99,123.56,250.32,248.27,249.0,247.04,204.4,0.0,0.8,258.58,239.42
DOV,Dover Corporation,Industrials,Industrial Machinery & Supplies & Components,174.68,204.71,150.28,176.7,178.31,178.57,181.72,183.93,0.0,4.96,183.34,173.78
DOW,Dow Inc.,Materials,Commodity Chemicals,24.14,51.44,20.57,24.09,24.25,23.75,25.01,31.56,0.2,5.26,25.41,22.09
DHI,D. R. Horton,Consumer Discretionary,Homebuilding,177.88,194.88,114.44,178.52,173.71,169.43,152.55,137.65,0.2,2.38,182.11,156.74
DTE,DTE Energy,Utilities,Multi-Utilities,135.11,141.49,114.13,135.67,136.37,138.0,136.85,129.98,0.2,5.07,141.96,134.05
DUK,Duke Energy,Utilities,Electric Utilities,120.38,124.85,102.96,120.71,121.72,122.61,120.4,114.78,0.2,4.15,125.38,119.85
DD,DuPont,Materials,Specialty Chemicals,76.75,87.69,54.51,77.01,76.93,75.41,74.01,72.99,0.2,3.34,79.31,71.51
EMN,Eastman Chemical Company,Materials,Specialty Chemicals,67.6,110.6,58.79,68.35,68.68,67.59,71.42,83.36,0.2,4.84,70.87,64.3
ETN,Eaton Corporation,Industrials,Electrical Components & Equipment,348.23,391.62,244.95,347.59,348.96,350.2,361.41,327.54,-0.2,3.33,359.83,340.58
EBAY,eBay Inc.,Consumer Discretionary,Broadline Retail,92.46,100.46,56.61,92.27,92.21,95.53,87.15,72.12,-0.2,11.0,102.63,88.43
ECL,Ecolab,Materials,Specialty Chemicals,270.66,285.47,225.1,273.55,275.82,278.59,272.43,255.84,-0.2,5.81,286.39,270.79
EIX,Edison International,Utilities,Electric Utilities,54.77,84.75,47.56,54.51,54.95,55.25,53.42,58.06,-0.1,3.87,56.89,53.62
EW,Edwards Lifesciences,Health Care,Health Care Equipment,79.8,81.83,64.54,80.63,80.96,80.16,78.8,74.46,0.0,4.17,83.13,77.18
EA,Electronic Arts,Communication Services,Interactive Home Entertainment,166.04,178.81,116.08,167.72,169.76,171.63,161.77,148.76,-0.2,7.46,178.43,164.83
ELV,Elevance Health,Health Care,Managed Health Care,315.09,546.53,274.66,313.31,313.78,310.06,311.19,375.12,0.0,3.39,325.77,294.35
EMR,Emerson Electric,Industrials,Electrical Components & Equipment,132.05,149.04,93.37,131.99,132.47,132.38,137.19,123.26,0.0,2.23,134.99,129.77
ENPH,Enphase Energy,Information Technology,Semiconductor Materials & Equipment,37.94,119.74,30.11,38.0,37.78,36.56,37.04,52.65,-0.2,6.19,40.29,32.84
ETR,Entergy,Utilities,Electric Utilities,87.01,91.02,59.06,87.39,87.97,88.73,86.85,81.69,0.2,4.64,91.05,86.41
EOG,EOG Resources,Energy,Oil & Gas Exploration & Production,117.31,134.72,102.81,119.01,121.45,120.26,119.63,120.29,-0.1,6.92,125.43,115.09
EPAM,EPAM Systems,Information Technology,IT Consulting & Other Services,165.02,267.63,143.33,168.21,171.01,167.67,167.37,194.23,-0.1,9.24,180.27,155.07
EQT,EQT Corporation,Energy,Oil & Gas Exploration & Production,50.25,60.26,31.49,51.19,51.66,51.62,53.26,51.32,0.0,5.51,53.02,50.23
EFX,Equifax,Industrials,Research & Consulting Services,252.01,304.58,204.69,246.55,244.85,246.43,249.44,252.17,0.0,1.89,256.77,236.09
EQIX,Equinix,Real Estate,Data Center REITs,779.54,968.75,731.64,769.78,776.53,776.27,776.37,852.56,0.0,1.63,792.25,760.28
EQR,Equity Residential,Real Estate,Multi-Family Residential REITs,66.62,75.24,61.2,66.02,65.51,64.8,65.51,68.27,-0.2,0.53,66.97,62.62
ERIE,Erie Indemnity,Financials,Insurance Brokers,331.55,537.71,328.17,333.49,341.22,352.74,352.4,382.75,-0.1,14.44,379.43,326.08
ESS,Essex Property Trust,Real Estate,Multi-Family Residential REITs,268.86,308.41,252.08,265.74,265.98,263.2,271.73,280.91,0.0,1.22,272.14,254.24
EL,Estée Lauder Companies (The),Consumer Staples,Personal Care Products,88.7,98.93,49.61,89.23,90.15,90.01,89.18,73.91,0.0,5.86,93.9,86.13
EG,Everest Group,Financials,Reinsurance,340.61,400.34,324.54,342.8,342.31,340.18,336.55,346.85,-0.1,2.91,350.52,329.85
EVRG,Evergy,Utilities,Electric Utilities,71.1,72.6,56.74,71.29,71.4,71.62,70.25,65.67,0.0,2.07,72.57,70.67
ES,Eversource Energy,Utilities,Electric Utilities,63.88,66.62,53.58,63.4,63.8,64.62,65.12,60.93,-0.2,4.57,66.8,62.45
EXC,Exelon,Utilities,Electric Utilities,43.09,46.54,35.25,43.25,43.59,44.14,43.76,41.95,0.2,5.57,45.49,42.79
EXE,Expand Energy,Energy,Oil & Gas Exploration & Production,94.73,120.67,68.08,95.7,96.23,95.33,99.7,102.57,0.2,3.43,97.98,92.68
EXPE,Expedia Group,Consumer Discretionary,"Hotels, Resorts & Cruise Lines",217.7,217.7,129.01,215.78,214.56,211.15,193.79,178.74,0.0,1.04,219.96,202.35
EXPD,Expeditors International,Industrials,Air Freight & Logistics,120.96,129.72,102.14,121.13,121.22,120.72,117.77,114.61,-0.2,1.4,122.65,118.79
EXR,Extra Space Storage,Real Estate,Self-Storage REITs,144.88,177.29,125.24,145.24,143.51,141.02,144.23,147.05,0.0,1.85,147.56,134.48
XOM,ExxonMobil,Energy,Integrated Oil & Gas,110.65,121.0,98.11,110.81,112.06,110.01,109.66,107.9,0.2,4.48,115.61,104.4
FFIV,"F5, Inc.",Information Technology,Communications Equipment,325.41,326.47,198.93,317.06,315.69,316.88,308.78,281.99,0.0,0.35,326.55,307.23
FDS,FactSet,Financials,Financial Exchanges & Data,372.86,490.93,368.54,371.9,373.44,374.45,402.28,439.02,0.0,2.94,383.82,365.06
FICO,Fair Isaac,Information Technology,Application Software,1546.56,2382.4,1311.26,1531.28,1502.88,1431.24,1500.71,1825.17,0.0,3.13,1594.97,1267.57
FAST,Fastenal,Industrials,Trading Companies & Distributors,47.9,50.39,32.26,48.77,49.31,49.33,46.9,40.76,-0.2,6.22,50.88,47.79
FRT,Federal Realty Investment Trust,Real Estate,Retail REITs,100.33,113.73,82.59,101.16,100.44,98.06,95.54,98.76,0.1,3.62,103.96,92.16
FDX,FedEx,Industrials,Air Freight & Logistics,225.75,298.15,195.55,224.95,226.73,227.75,228.93,240.13,0.0,3.73,234.17,221.32
FIS,Fidelity National Information Services,Financials,Transaction & Payment Processing Services,68.64,89.62,67.79,68.65,69.09,69.95,75.27,76.79,0.0,5.57,72.46,67.44
FITB,Fifth Third Bancorp,Financials,Regional Banks,45.42,47.14,33.02,45.67,45.58,44.37,43.25,40.99,0.2,3.61,47.06,41.68
FSLR,First Solar,Information Technology,Semiconductors,203.06,255.75,120.38,202.95,199.07,198.54,185.1,165.77,0.0,6.61,216.48,180.58
FE,FirstEnergy,Utilities,Electric Utilities,43.36,43.95,37.17,43.4,43.5,43.52,42.03,40.29,0.2,1.38,43.96,43.08
FI,Fiserv,Financials,Transaction & Payment Processing Services,136.41,237.79,132.22,135.92,136.81,136.95,147.38,188.38,0.0,3.26,140.86,133.05
F,Ford Motor Company,Consumer Discretionary,Automobile Manufacturers,11.49,11.91,8.45,11.64,11.72,11.61,11.36,10.12,0.2,4.09,11.96,11.25
FTNT,Fortinet,Information Technology,Systems Software,79.84,114.57,74.39,78.41,78.28,78.54,91.61,97.98,-0.2,1.44,80.99,76.09
FTV,Fortive,Industrials,Industrial Machinery & Supplies & Components,47.71,62.53,46.55,47.63,47.85,48.02,49.55,54.39,0.2,2.75,49.02,47.01
FOXA,Fox Corporation (Class A),Communication Services,Broadcasting,58.64,62.48,38.55,60.7,60.09,59.23,56.91,52.79,0.4,5.88,62.09,56.38
FOX,Fox Corporation (Class B),Communication Services,Broadcasting,53.02,56.81,35.67,55.2,54.74,54.03,52.07,49.0,0.2,6.66,56.55,51.52
BEN,Franklin Resources,Financials,Asset Management & Custody Banks,24.56,26.03,16.43,25.14,25.32,25.28,24.9,21.24,0.0,6.39,26.13,24.43
FCX,Freeport-McMoRan,Materials,Copper,43.89,51.16,28.93,45.83,45.11,43.69,43.62,39.78,0.2,7.2,47.05,40.33
GRMN,Garmin,Consumer Discretionary,Consumer Electronics,238.5,241.82,159.72,237.99,237.53,235.33,228.06,212.07,0.0,1.43,241.91,228.74
IT,Gartner,Information Technology,IT Consulting & Other Services,246.28,551.8,225.98,244.55,246.21,243.9,305.14,425.27,-0.2,3.14,254.01,233.78
GE,GE Aerospace,Industrials,Aerospace & Defense,276.24,282.27,159.16,277.94,276.36,272.62,266.84,217.19,0.0,2.25,282.46,262.78
GEHC,GE HealthCare,Health Care,Health Care Equipment,78.71,93.69,58.69,75.82,74.65,74.36,74.41,77.3,0.0,-1.35,77.65,71.07
GEV,GE Vernova,Industrials,Heavy Electrical Equipment,605.7,664.55,197.94,592.77,603.85,611.28,599.24,429.43,-0.2,7.35,650.22,572.37
GEN,Gen Digital,Information Technology,Systems Software,29.47,32.03,23.31,29.61,29.95,30.71,30.12,28.16,0.2,9.98,32.41,29.01
GNRC,Generac,Industrials,Electrical Components & Equipment,181.8,202.85,101.92,180.08,182.84,189.66,173.92,148.65,0.2,13.1,205.62,173.71
GD,General Dynamics,Industrials,Aerospace & Defense,321.33,325.46,239.38,322.43,323.37,319.91,311.11,276.97,0.2,1.98,327.69,312.14
GIS,General Mills,Consumer Staples,Packaged Foods & Meats,50.35,72.16,48.44,50.08,49.6,49.62,50.13,55.89,0.0,0.42,50.56,48.69
GM,General Motors,Consumer Discretionary,Automobile Manufacturers,58.01,59.57,42.24,58.02,58.25,57.34,54.42,50.37,0.0,3.12,59.82,54.85
GPC,Genuine Parts Company,Consumer Discretionary,Distributors,138.95,140.22,103.92,138.76,138.2,137.42,131.55,121.59,0.0,1.36,140.84,134.0
GILD,Gilead Sciences,Health Care,Biotechnology,115.76,120.47,76.26,114.49,113.94,115.83,113.74,104.33,-0.2,4.4,120.85,110.81
GPN,Global Payments,Financials,Transaction & Payment Processing Services,86.91,118.42,67.25,87.23,87.62,87.12,83.73,92.8,0.1,3.7,90.13,84.11
GL,Globe Life,Financials,Life & Health Insurance,140.46,143.27,100.46,140.53,140.32,139.4,132.96,122.3,0.0,1.49,142.55,136.25
GDDY,GoDaddy,Information Technology,Internet Services & Infrastructure,148.88,214.35,133.35,146.12,146.53,145.63,157.45,180.68,-0.2,0.57,149.73,141.54
GS,Goldman Sachs,Financials,Investment Banking & Brokerage,763.92,763.92,457.48,744.69,743.74,736.7,721.1,616.66,0.2,-0.38,761.02,712.41
HAL,Halliburton,Energy,Oil & Gas Equipment & Services,21.75,31.1,18.96,21.94,22.11,21.68,21.6,23.56,-0.1,5.15,22.87,20.48
HIG,Hartford (The),Financials,Property & Casualty Insurance,130.84,134.7,105.0,132.2,132.13,131.67,126.75,119.82,0.2,2.87,134.6,128.74
HAS,Hasbro,Consumer Discretionary,Leisure Products,78.64,81.85,49.75,79.43,80.28,80.12,77.53,64.64,0.2,4.69,82.33,77.91
HCA,HCA Healthcare,Health Care,Health Care Facilities,413.4,420.77,295.46,414.29,409.59,404.23,381.33,346.6,0.2,1.76,420.68,387.77
DOC,Healthpeak Properties,Real Estate,Health Care REITs,18.06,21.82,16.53,18.1,17.97,17.6,17.65,18.49,0.0,2.38,18.49,16.7
HSIC,Henry Schein,Health Care,Health Care Distributors,67.65,81.91,62.7,67.95,68.48,68.37,69.75,71.24,0.2,3.28,69.87,66.87
HSY,Hershey Company (The),Consumer Staples,Packaged Foods & Meats,187.69,196.72,141.22,186.14,184.53,181.91,178.54,167.27,0.2,0.48,188.59,175.22
HPE,Hewlett Packard Enterprise,Information Technology,"Technology Hardware, Storage & Peripherals",23.88,24.05,12.42,23.38,23.05,22.34,21.32,19.37,0.0,0.71,24.05,20.63
HLT,Hilton Worldwide,Consumer Discretionary,"Hotels, Resorts & Cruise Lines",274.97,278.5,201.05,275.63,275.78,273.38,271.02,251.19,0.0,1.82,279.97,266.77
HOLX,Hologic,Health Care,Health Care Equipment,66.72,83.72,52.73,66.53,66.64,67.28,66.37,65.66,0.4,3.19,68.85,65.71
HD,Home Depot (The),Consumer Discretionary,Home Improvement Retail,415.34,423.6,331.29,414.27,409.62,404.97,384.32,378.84,0.2,1.11,419.95,390.01
HON,Honeywell,Industrials,Industrial Conglomerates,214.2,239.16,180.99,214.47,217.46,217.7,224.49,217.21,-0.2,4.18,223.15,212.24
HRL,Hormel Foods,Consumer Staples,Packaged Foods & Meats,25.52,32.6,25.03,25.45,26.07,27.38,28.57,29.46,-0.2,20.3,30.7,24.06
HST,Host Hotels & Resorts,Real Estate,Hotel & Resort REITs,17.44,18.25,12.54,17.41,17.29,16.73,16.31,15.81,0.2,3.33,18.02,15.43
HWM,Howmet Aerospace,Industrials,Aerospace & Defense,178.98,192.01,91.19,178.13,176.57,175.15,180.06,146.36,-0.2,1.23,181.18,169.12
HPQ,HP Inc.,Information Technology,"Technology Hardware, Storage & Peripherals",29.04,38.15,21.63,29.07,28.53,27.74,26.27,28.55,0.1,2.44,29.75,25.73
HUBB,Hubbell Incorporated,Industrials,Industrial Machinery & Supplies & Components,437.24,466.13,313.96,435.17,436.74,434.85,427.52,398.47,-0.2,2.02,446.07,423.6
HUM,Humana,Health Care,Managed Health Care,273.02,353.16,220.41,303.06,302.3,295.22,262.17,261.21,-0.2,16.77,318.81,271.63
HBAN,Huntington Bancshares,Financials,Regional Banks,17.64,17.88,12.37,17.7,17.71,17.25,16.96,15.96,0.2,3.51,18.26,16.25
HII,Huntington Ingalls Industries,Industrials,Aerospace & Defense,267.07,277.49,156.78,269.49,270.73,268.63,262.0,216.37,0.2,2.71,274.31,262.95
IBM,IBM,Information Technology,IT Consulting & Other Services,259.11,292.8,195.22,251.0,247.32,243.45,259.7,246.93,0.4,-1.63,254.89,232.02
IEX,IDEX Corporation,Industrials,Industrial Machinery & Supplies & Components,162.01,233.54,157.53,163.46,164.12,164.85,171.22,187.78,0.2,4.29,168.96,160.75
IDXX,Idexx Laboratories,Health Care,Health Care Equipment,655.6,682.78,361.04,645.16,644.2,644.87,595.54,486.19,0.0,0.74,660.45,629.28
ITW,Illinois Tool Works,Industrials,Industrial Machinery & Supplies & Components,262.18,273.51,217.09,264.4,264.77,263.95,259.9,252.59,0.2,2.91,269.81,258.08
INCY,Incyte,Health Care,Biotechnology,85.6,86.96,55.17,86.24,85.43,85.39,77.21,69.86,0.0,2.69,87.9,82.87
IR,Ingersoll Rand,Industrials,Industrial Machinery & Supplies & Components,79.66,105.27,66.72,79.51,79.7,79.51,82.34,85.1,0.2,2.64,81.76,77.26
PODD,Insulet Corporation,Health Care,Health Care Equipment,352.82,352.82,214.75,348.16,342.94,332.8,308.78,284.8,0.0,1.45,357.94,307.66
INTC,Intel,Information Technology,Semiconductors,24.44,27.39,18.13,24.4,24.47,24.13,22.75,21.7,0.0,5.61,25.81,22.45
IBKR,Interactive Brokers,Financials,Investment Banking & Brokerage,62.21,67.54,30.35,62.34,62.55,62.96,62.18,51.36,0.0,5.84,65.84,60.07
ICE,Intercontinental Exchange,Financials,Financial Exchanges & Data,173.46,188.45,142.02,174.25,175.61,178.04,181.24,168.77,-0.2,6.01,183.88,172.19
IFF,International Flavors & Fragrances,Materials,Specialty Chemicals,65.07,104.49,63.46,65.7,66.32,66.21,70.47,77.63,0.2,4.27,67.85,64.57
IP,International Paper,Materials,Paper & Plastic Packaging Products & Materials,46.88,58.45,43.05,47.89,48.44,48.09,49.26,50.48,0.0,6.38,49.87,46.31
IPG,Interpublic Group of Companies (The),Communication Services,Advertising,26.59,30.52,22.33,26.81,26.62,26.33,25.35,25.63,-0.1,2.97,27.38,25.28
INTU,Intuit,Information Technology,Application Software,670.89,807.39,542.39,670.47,667.23,682.98,735.19,662.38,-0.2,8.26,726.31,639.66
ISRG,Intuitive Surgical,Health Care,Health Care Equipment,467.54,610.45,441.18,460.02,466.17,471.75,492.42,526.51,-0.2,4.97,490.78,452.74
IVZ,Invesco,Financials,Asset Management & Custody Banks,22.23,22.23,11.86,21.98,21.95,21.53,20.02,16.78,0.0,1.26,22.51,20.55
INVH,Invitation Homes,Real Estate,Single-Family Residential REITs,30.29,35.78,29.76,30.24,30.56,30.53,31.23,32.18,0.2,3.3,31.29,29.77
IQV,IQVIA,Health Care,Life Sciences Tools & Services,189.64,244.62,137.0,186.74,187.35,188.58,180.28,178.04,-0.2,2.27,193.94,183.22
IRM,Iron Mountain,Real Estate,Other Specialized REITs,96.67,125.19,76.34,92.43,91.92,91.9,95.26,96.9,0.2,-1.77,94.96,88.84
JBHT,J.B. Hunt,Industrials,Cargo Ground Transportation,141.0,195.43,123.94,143.68,144.17,144.34,146.19,153.33,0.0,5.12,148.22,140.46
JBL,Jabil,Information Technology,Electronic Manufacturing Services,209.22,230.3,100.84,207.93,207.27,210.21,217.33,169.39,0.0,6.62,223.07,197.34
JKHY,Jack Henry & Associates,Financials,Transaction & Payment Processing Services,162.75,189.99,157.95,161.96,161.86,161.57,169.22,173.2,-0.2,1.12,164.57,158.56
J,Jacobs Solutions,Industrials,Construction & Engineering,143.71,151.85,109.18,144.2,145.59,146.78,141.98,130.76,-0.2,4.96,150.84,142.72
JNJ,Johnson & Johnson,Health Care,Pharmaceuticals,176.96,178.76,138.72,178.06,177.42,176.47,168.06,155.43,0.2,1.86,180.25,172.68
JCI,Johnson Controls,Industrials,Building Products,106.29,111.73,66.66,106.42,107.13,106.35,106.54,90.82,-0.2,2.66,109.12,103.57
JPM,JPMorgan Chase,Financials,Diversified Banks,297.85,303.82,199.83,297.69,298.85,295.68,293.0,260.78,-0.2,2.0,303.81,287.54
K,Kellanova,Consumer Staples,Packaged Foods & Meats,79.48,81.71,77.28,79.45,79.24,79.37,79.29,80.08,-0.1,0.5,79.88,78.86
KVUE,Kenvue,Consumer Staples,Personal Care Products,18.87,24.0,18.43,19.38,20.05,20.73,21.15,21.84,-0.2,20.08,22.66,18.8
KDP,Keurig Dr Pepper,Consumer Staples,Soft Drinks & Non-alcoholic Beverages,27.61,36.99,27.61,28.45,28.82,31.68,32.8,32.7,0.0,36.62,37.72,25.65
KEY,KeyCorp,Financials,Regional Banks,19.1,19.18,12.92,19.06,19.09,18.6,18.21,16.67,0.2,3.14,19.7,17.51
KEYS,Keysight Technologies,Information Technology,Electronic Equipment & Instruments,169.1,185.11,127.02,167.71,166.17,165.31,164.4,161.25,0.0,1.05,170.88,159.75
KMB,Kimberly-Clark,Consumer Staples,Household Products,130.97,144.6,121.02,129.06,128.57,130.11,129.35,131.31,-0.1,2.3,133.98,126.24
KIM,Kimco Realty,Real Estate,Retail REITs,22.36,24.65,18.27,22.48,22.28,21.79,21.43,21.32,0.2,2.73,22.97,20.62
KMI,Kinder Morgan,Energy,Oil & Gas Storage & Transportation,26.64,30.24,19.94,26.63,26.73,26.67,27.19,26.99,0.2,1.54,27.05,26.3
KKR,KKR & Co.,Financials,Asset Management & Custody Banks,137.39,166.38,92.52,136.76,138.27,140.11,141.74,134.36,0.0,6.91,146.88,133.33
KLAC,KLA Corporation,Information Technology,Semiconductor Materials & Equipment,917.73,953.34,573.9,889.8,883.83,890.29,902.85,761.09,0.0,3.3,948.02,832.53
KHC,Kraft Heinz,Consumer Staples,Packaged Foods & Meats,26.67,34.12,25.24,26.95,27.08,27.15,27.1,27.99,0.1,4.8,27.95,26.36
KR,Kroger,Consumer Staples,Food Retail,67.63,73.97,50.47,67.88,68.03,69.27,70.41,65.94,-0.2,6.99,72.36,66.18
LHX,L3Harris,Industrials,Aerospace & Defense,270.71,277.04,191.79,272.14,273.88,272.86,267.99,231.2,0.0,2.64,277.86,267.87
LH,Labcorp,Health Care,Health Care Services,278.11,278.67,209.65,276.61,276.64,274.9,264.12,245.78,0.0,1.11,281.2,268.6
LRCX,Lam Research,Information Technology,Semiconductor Materials & Equipment,105.57,107.38,58.94,102.35,102.03,101.87,100.11,83.32,0.0,2.29,107.99,95.75
LW,Lamb Weston,Consumer Staples,Packaged Foods & Meats,57.12,80.72,47.73,57.0,56.84,55.87,54.11,56.96,0.1,2.35,58.46,53.27
LVS,Las Vegas Sands,Consumer Discretionary,Casinos & Gaming,54.0,57.71,30.35,54.39,55.72,54.9,52.01,45.3,-0.2,7.13,57.85,51.95
LDOS,Leidos,Industrials,Diversified Support Services,179.03,199.72,126.1,178.55,180.16,179.92,170.4,151.61,0.2,2.42,183.36,176.49
LEN,Lennar,Consumer Discretionary,Homebuilding,137.45,183.45,101.84,138.78,135.94,133.64,122.07,122.27,0.1,3.12,141.74,125.55
LII,Lennox International,Industrials,Building Products,558.08,674.16,506.5,564.6,561.85,577.36,597.5,593.35,0.2,10.63,617.4,537.32
LLY,Lilly (Eli),Health Care,Pharmaceuticals,750.61,927.92,624.28,739.44,736.71,713.59,742.49,783.22,-0.2,2.67,770.65,656.56
LIN,Linde plc,Materials,Industrial Gases,473.44,481.18,408.92,472.05,475.18,476.21,470.92,453.14,0.0,2.11,483.43,469.0
LYV,Live Nation Entertainment,Communication Services,Movies & Entertainment,170.3,170.3,92.78,165.61,165.88,163.98,155.28,141.35,0.0,-0.1,170.13,157.83
LKQ,LKQ Corporation,Consumer Discretionary,Distributors,32.31,43.02,28.96,32.32,32.2,31.63,33.27,37.36,0.0,2.45,33.1,30.15
LMT,Lockheed Martin,Industrials,Aerospace & Defense,457.06,597.79,407.77,457.2,454.7,446.64,443.39,459.31,0.1,1.78,465.2,428.1
L,Loews Corporation,Financials,Multi-line Insurance,95.91,97.53,76.27,96.6,96.48,96.01,93.4,87.96,0.2,1.75,97.59,94.43
LOW,Lowe's,Consumer Discretionary,Home Improvement Retail,269.03,278.66,209.46,267.45,262.86,258.88,239.55,237.91,0.2,1.09,271.96,245.8
LULU,Lululemon Athletica,Consumer Discretionary,"Apparel, Accessories & Luxury Goods",165.69,421.16,165.69,181.24,192.18,195.82,210.31,299.27,-0.2,33.35,220.95,170.7
LYB,LyondellBasell,Materials,Specialty Chemicals,54.39,89.15,47.21,54.52,55.35,54.27,56.73,63.01,0.2,7.56,58.5,50.04
MTB,M&T Bank,Financials,Regional Banks,199.8,215.8,154.27,199.9,199.71,195.77,194.14,186.31,0.2,2.55,204.89,186.65
MPC,Marathon Petroleum,Energy,Oil & Gas Refining & Marketing,183.18,183.18,117.23,180.53,179.32,171.71,171.39,152.83,0.0,2.86,188.42,155.01
MKTX,MarketAxess,Financials,Financial Exchanges & Data,188.17,289.47,180.13,184.91,184.84,186.35,200.04,214.0,-0.2,2.23,192.37,180.35
MAR,Marriott International,Consumer Discretionary,"Hotels, Resorts & Cruise Lines",264.0,302.22,210.04,266.14,267.08,266.69,269.35,265.55,0.0,3.14,272.29,261.1
MMC,Marsh McLennan,Financials,Insurance Brokers,201.88,243.22,197.78,204.09,205.09,206.87,207.64,219.55,0.0,5.03,212.03,201.71
MLM,Martin Marietta Materials,Materials,Construction Materials,614.22,627.09,451.25,618.82,616.96,612.16,588.18,540.82,-0.2,2.02,626.63,597.73
MAS,Masco,Industrials,Building Products,73.45,84.25,58.18,74.33,73.98,73.78,69.57,69.74,0.1,3.76,76.21,71.35
MA,Mastercard,Financials,Transaction & Payment Processing Services,584.0,598.96,473.4,588.75,590.36,588.38,572.65,550.45,0.0,2.87,600.76,576.0
MTCH,Match Group,Communication Services,Interactive Media & Services,38.21,38.77,26.87,38.03,37.62,37.61,35.14,32.14,0.0,1.88,38.93,36.3
MKC,McCormick & Company,Consumer Staples,Packaged Foods & Meats,69.63,83.73,68.41,70.13,70.07,70.08,71.19,74.9,0.2,3.09,71.78,68.38
MCD,McDonald's,Consumer Discretionary,Restaurants,312.52,317.67,275.0,314.62,313.19,310.62,302.75,299.18,0.2,2.02,318.83,302.42
MCK,McKesson Corporation,Health Care,Health Care Distributors,705.55,734.45,476.95,694.44,689.23,683.93,698.45,660.29,-0.2,0.58,709.64,658.19
MDT,Medtronic,Health Care,Health Care Equipment,94.07,94.07,78.03,93.01,92.74,92.46,91.08,86.62,0.0,0.12,94.18,90.73
MRK,Merck & Co.,Health Care,Pharmaceuticals,84.61,115.53,72.74,84.33,84.35,84.3,82.67,86.46,-0.1,2.92,87.08,81.53
META,Meta Platforms,Communication Services,Interactive Media & Services,765.7,790.0,484.29,751.23,748.25,756.69,739.68,652.29,-0.2,3.01,788.75,724.6
MET,MetLife,Financials,Life & Health Insurance,79.29,86.38,67.4,80.14,80.56,79.59,77.95,79.15,-0.1,4.26,82.67,76.51
MTD,Mettler Toledo,Health Care,Life Sciences Tools & Services,1285.31,1499.7,970.15,1292.41,1289.22,1298.76,1252.59,1216.43,0.0,3.7,1332.87,1264.65
MGM,MGM Resorts,Consumer Discretionary,Casinos & Gaming,36.0,41.99,25.79,36.8,38.05,37.31,37.08,34.27,0.0,11.22,40.04,34.58
MCHP,Microchip Technology,Information Technology,Semiconductors,64.76,78.29,34.83,64.74,65.18,65.55,68.33,58.75,0.2,5.78,68.5,62.59
MU,Micron Technology,Information Technology,Semiconductors,135.24,135.24,64.66,128.2,123.47,122.28,118.35,100.78,0.0,-1.48,133.24,111.32
MSFT,Microsoft,Information Technology,Systems Software,498.41,534.76,353.33,500.99,503.52,508.5,509.16,443.42,-0.2,5.36,525.12,491.87
MAA,Mid-America Apartment Communities,Real Estate,Multi-Family Residential REITs,145.43,167.59,138.38,144.58,144.22,142.61,145.45,152.15,-0.2,0.87,146.7,138.52
MRNA,Moderna,Health Care,Biotechnology,24.47,79.51,23.65,24.55,24.53,25.71,28.74,31.84,0.0,16.22,28.44,22.98
MHK,Mohawk Industries,Consumer Discretionary,Home Furnishings,135.46,161.25,97.99,136.04,133.93,131.15,121.11,116.6,0.2,3.05,139.59,122.71
MOH,Molina Healthcare,Health Care,Managed Health Care,181.54,360.77,152.31,175.92,176.93,172.7,186.5,276.14,0.2,2.52,186.11,159.28
TAP,Molson Coors Beverage Company,Consumer Staples,Brewers,49.45,61.78,46.8,49.7,49.85,50.46,49.77,54.35,0.1,5.08,51.96,48.97
MDLZ,Mondelez International,Consumer Staples,Packaged Foods & Meats,62.57,73.6,55.34,61.69,61.68,61.99,65.05,63.55,-0.2,1.15,63.29,60.69
MPWR,Monolithic Power Systems,Information Technology,Semiconductors,857.87,936.74,454.23,852.74,849.86,845.01,786.9,663.98,0.0,1.87,873.91,816.11
MNST,Monster Beverage,Consumer Staples,Soft Drinks & Non-alcoholic Beverages,63.35,64.69,46.16,63.16,62.67,63.29,61.66,57.38,-0.2,2.73,65.08,61.5
MCO,Moody's Corporation,Financials,Financial Exchanges & Data,507.96,524.53,395.22,502.16,505.0,509.69,507.16,481.26,0.0,2.98,523.1,496.3
MS,Morgan Stanley,Financials,Investment Banking & Brokerage,152.22,152.22,93.79,149.63,149.6,147.84,143.9,129.26,0.0,0.18,152.49,143.2
MOS,Mosaic Company (The),Materials,Fertilizers & Agricultural Chemicals,32.16,37.55,22.47,32.37,32.81,32.46,34.32,29.62,0.2,4.6,33.64,31.27
MSI,Motorola Solutions,Information Technology,Communications Equipment,477.93,500.78,393.68,477.61,472.96,468.09,443.98,440.76,0.2,1.13,483.33,452.83
MSCI,MSCI Inc.,Financials,Financial Exchanges & Data,569.16,630.0,503.37,561.54,563.94,564.42,563.13,568.98,-0.1,2.06,580.88,547.98
NDAQ,"Nasdaq, Inc.",Financials,Financial Exchanges & Data,94.88,96.94,66.19,94.28,94.47,94.61,93.18,82.53,-0.2,1.13,95.95,93.27
NTAP,NetApp,Information Technology,"Technology Hardware, Storage & Peripherals",123.12,129.06,75.73,119.67,116.53,112.83,108.34,106.1,0.2,-0.7,122.26,103.4
NFLX,Netflix,Communication Services,Movies & Entertainment,1263.25,1339.13,665.77,1247.1,1233.89,1227.01,1225.49,1066.65,0.2,-0.19,1260.85,1193.14
NEM,Newmont,Materials,Gold,75.92,76.17,36.49,75.58,74.47,71.75,65.75,51.39,0.0,2.44,77.77,65.73
NWSA,News Corp (Class A),Communication Services,Publishing,29.42,30.5,23.97,29.41,29.42,29.56,29.48,28.27,-0.2,3.2,30.36,28.77
NWS,News Corp (Class B),Communication Services,Publishing,32.45,35.17,26.94,33.18,33.54,33.93,33.91,32.17,-0.2,8.57,35.23,32.62
NEE,NextEra Energy,Utilities,Multi-Utilities,70.07,82.85,63.11,70.65,71.76,72.99,72.67,70.35,0.2,9.86,76.98,69.0
NKE,"Nike, Inc.",Consumer Discretionary,"Apparel, Accessories & Luxury Goods",73.6,87.5,52.64,74.35,75.64,76.11,74.99,69.57,-0.2,7.5,79.12,73.1
NI,NiSource,Utilities,Multi-Utilities,40.49,43.33,32.26,40.54,41.4,41.9,41.3,38.79,0.0,7.9,43.69,40.11
NDSN,Nordson Corporation,Industrials,Industrial Machinery & Supplies & Components,222.11,261.43,166.9,224.25,224.57,221.59,218.84,212.33,0.4,3.91,230.79,212.39
NSC,Norfolk Southern,Industrials,Rail Transportation,273.45,285.53,204.09,276.95,276.98,279.51,274.34,248.2,-0.2,4.88,286.79,272.24
NTRS,Northern Trust,Financials,Asset Management & Custody Banks,128.88,131.24,83.34,128.23,129.26,128.14,127.24,108.82,-0.2,2.15,131.65,124.63
NOC,Northrop Grumman,Industrials,Aerospace & Defense,571.63,594.87,427.78,579.02,583.28,584.02,559.08,498.77,0.0,3.99,594.44,573.62
NCLH,Norwegian Cruise Line Holdings,Consumer Discretionary,"Hotels, Resorts & Cruise Lines",25.37,29.07,15.5,25.3,25.11,24.73,23.86,22.5,-0.2,1.93,25.86,23.61
NRG,NRG Energy,Utilities,Independent Power Producers & Energy Traders,152.26,173.91,75.33,148.51,147.62,148.65,153.04,121.89,0.0,1.96,155.24,142.07
NUE,Nucor,Materials,Steel,141.02,165.5,102.79,144.49,146.57,145.87,142.33,128.76,0.0,7.09,151.02,140.73
NVDA,Nvidia,Information Technology,Semiconductors,170.76,183.16,94.3,169.67,173.69,176.5,172.84,139.49,0.0,9.32,186.67,166.32
NVR,"NVR, Inc.",Consumer Discretionary,Homebuilding,8276.25,9924.4,6700.0,8383.85,8238.36,8190.01,7880.01,7702.7,0.2,2.74,8503.02,7876.89
NXPI,NXP Semiconductors,Information Technology,Semiconductors,223.69,252.0,152.79,225.9,231.16,230.4,225.03,210.36,0.0,7.64,240.78,220.02
ORLY,O’Reilly Automotive,Consumer Discretionary,Automotive Retail,106.92,106.92,73.94,105.41,104.51,103.44,98.85,90.53,0.2,-0.48,106.41,100.47
OXY,Occidental Petroleum,Energy,Oil & Gas Exploration & Production,45.14,55.07,35.91,45.87,46.54,45.65,44.66,45.35,-0.1,6.56,48.1,43.2
ODFL,Old Dominion,Industrials,Cargo Ground Transportation,148.22,230.37,141.59,149.39,150.44,151.32,156.18,171.05,0.2,5.71,156.68,145.95
OMC,Omnicom Group,Communication Services,Advertising,77.73,101.86,68.6,78.43,77.87,77.08,74.44,78.55,0.1,3.07,80.12,74.03
ON,ON Semiconductor,Information Technology,Semiconductors,48.62,74.7,31.95,48.49,49.4,50.0,53.46,51.47,0.2,7.94,52.48,47.52
OKE,Oneok,Energy,Oil & Gas Storage & Transportation,71.84,112.93,71.36,72.82,74.05,74.1,77.3,88.16,-0.2,6.5,76.51,71.7
ORCL,Oracle Corporation,Information Technology,Application Software,241.51,256.43,122.56,231.85,232.1,236.8,239.6,183.07,0.0,4.96,253.49,220.11
OTIS,Otis Worldwide,Industrials,Industrial Machinery & Supplies & Components,88.01,104.22,84.52,86.91,86.83,87.39,91.0,94.99,-0.2,1.43,89.27,85.5
PCAR,Paccar,Industrials,Construction Machinery & Heavy Transportation Equipment,97.53,113.98,85.82,97.85,99.05,99.15,98.03,99.63,-0.1,4.44,101.86,96.43
PKG,Packaging Corporation of America,Materials,Paper & Plastic Packaging Products & Materials,214.07,244.28,174.83,215.98,215.33,208.44,203.52,205.38,0.1,5.52,225.89,190.99
PLTR,Palantir Technologies,Information Technology,Application Software,162.36,186.97,30.33,156.52,157.21,163.08,157.55,111.85,-0.2,13.52,184.31,141.84
PANW,Palo Alto Networks,Information Technology,Systems Software,197.55,208.28,152.44,194.65,191.72,185.8,188.4,187.26,0.0,1.33,200.18,171.41
PSKY,Paramount Skydance Corporation,Communication Services,Movies & Entertainment,15.2,16.03,9.8,15.04,14.97,14.64,13.42,11.79,0.2,11.18,16.9,12.37
PH,Parker Hannifin,Industrials,Industrial Machinery & Supplies & Components,755.24,766.28,514.56,755.89,757.8,750.44,730.22,666.68,-0.2,2.17,771.63,729.27
PAYX,Paychex,Industrials,Human Resource & Employment Services,134.41,158.58,125.82,135.65,136.91,137.58,140.99,144.23,-0.2,4.84,140.92,134.24
PAYC,Paycom,Industrials,Human Resource & Employment Services,222.49,265.28,153.91,223.35,224.35,224.01,227.38,224.39,0.0,4.85,233.28,214.76
PYPL,PayPal,Financials,Transaction & Payment Processing Services,67.68,91.81,57.41,68.49,69.18,69.13,71.46,74.79,0.0,4.76,70.9,67.36
PNR,Pentair,Industrials,Industrial Machinery & Supplies & Components,109.13,110.68,75.76,109.47,108.89,107.71,105.58,98.37,0.2,2.15,111.48,103.95
PEP,PepsiCo,Consumer Staples,Soft Drinks & Non-alcoholic Beverages,143.1,171.56,125.83,144.77,145.72,146.86,141.71,141.36,0.2,5.46,150.91,142.8
PFE,Pfizer,Health Care,Pharmaceuticals,24.71,28.21,20.83,24.69,24.78,25.02,24.68,24.2,0.0,4.13,25.73,24.31
PCG,PG&E Corporation,Utilities,Multi-Utilities,14.97,21.53,13.0,15.04,15.09,15.14,14.44,16.48,-0.1,4.41,15.63,14.65
PM,Philip Morris International,Consumer Staples,Tobacco,164.74,183.57,115.19,162.68,164.46,166.62,169.85,154.26,-0.2,5.27,173.42,159.8
PSX,Phillips 66,Energy,Oil & Gas Refining & Marketing,132.29,133.86,91.09,131.23,131.89,127.72,125.44,118.51,0.2,3.95,137.52,117.92
PNW,Pinnacle West Capital,Utilities,Multi-Utilities,87.38,93.78,79.36,88.45,89.01,90.3,90.47,88.88,0.0,6.92,93.43,87.17
PNC,PNC Financial Services,Financials,Diversified Banks,200.41,209.23,146.94,204.19,204.89,199.79,195.65,184.01,0.2,5.51,211.45,188.12
POOL,Pool Corporation,Consumer Discretionary,Distributors,321.87,385.63,283.92,321.82,317.61,318.73,311.0,322.33,0.1,4.09,335.03,302.43
PPG,PPG Industries,Materials,Specialty Chemicals,109.38,131.36,90.49,109.94,110.65,111.27,111.82,112.13,0.0,4.3,114.08,108.46
PPL,PPL Corporation,Utilities,Electric Utilities,35.73,37.24,30.73,36.01,36.27,36.53,35.83,34.28,0.2,4.56,37.36,35.7
PFG,Principal Financial Group,Financials,Life & Health Insurance,80.07,87.94,68.21,80.09,79.86,78.85,78.63,78.42,0.0,1.76,81.48,76.22
PG,Procter & Gamble,Consumer Staples,Personal Care Products,159.46,176.3,150.47,159.17,157.95,157.26,156.18,162.5,-0.1,0.93,160.94,153.57
PGR,Progressive Corporation,Financials,Property & Casualty Insurance,243.26,291.0,234.89,245.76,245.85,247.08,247.7,259.67,0.0,3.71,252.28,241.86
PLD,Prologis,Real Estate,Industrial REITs,111.97,127.92,88.91,112.55,112.45,110.33,108.62,108.74,0.1,3.73,116.15,104.51
PRU,Prudential Financial,Financials,Life & Health Insurance,105.54,124.75,92.74,106.67,107.8,107.13,104.77,107.43,-0.1,4.96,110.77,103.49
PEG,Public Service Enterprise Group,Utilities,Electric Utilities,79.99,92.39,76.52,80.88,81.74,83.42,84.45,82.81,-0.2,9.81,87.84,79.01
PTC,PTC Inc.,Information Technology,Application Software,204.03,216.53,136.74,211.23,212.64,211.18,203.07,179.66,-0.4,6.94,218.19,204.18
PSA,Public Storage,Real Estate,Self-Storage REITs,290.1,354.44,263.65,293.32,292.11,288.69,287.63,295.19,0.3,2.91,298.54,278.83
PHM,PulteGroup,Consumer Discretionary,Homebuilding,136.72,148.13,91.82,137.92,134.74,131.65,121.18,110.87,0.2,2.92,140.71,122.59
PWR,Quanta Services,Industrials,Construction & Engineering,373.47,421.68,236.56,374.4,377.61,379.04,387.1,329.23,-0.2,3.91,388.07,370.0
QCOM,Qualcomm,Information Technology,Semiconductors,158.66,174.12,123.21,158.97,158.96,157.31,155.58,153.9,0.0,1.88,161.64,152.97
DGX,Quest Diagnostics,Health Care,Health Care Services,182.68,184.4,144.81,181.66,180.8,180.63,175.3,167.8,0.0,0.96,184.43,176.83
RL,Ralph Lauren Corporation,Consumer Discretionary,"Apparel, Accessories & Luxury Goods",309.79,320.75,170.17,312.98,305.83,298.05,293.31,254.67,0.2,3.19,319.67,276.44
RJF,Raymond James Financial,Financials,Investment Banking & Brokerage,165.59,171.46,113.62,166.9,167.69,166.07,163.5,153.75,0.0,3.16,170.82,161.31
RTX,RTX Corporation,Industrials,Aerospace & Defense,151.75,160.66,112.45,156.06,157.7,156.49,153.24,133.01,-0.2,6.15,161.08,151.91
O,Realty Income,Real Estate,Retail REITs,59.49,61.45,49.6,58.82,58.44,58.35,57.39,55.01,0.0,0.39,59.72,56.98
REG,Regency Centers,Real Estate,Retail REITs,72.39,76.25,64.84,72.99,72.65,72.09,71.35,71.45,-0.1,1.77,73.67,70.52
REGN,Regeneron Pharmaceuticals,Health Care,Biotechnology,556.53,1159.49,482.34,563.87,573.22,574.5,561.85,622.91,-0.1,7.54,598.49,550.5
RF,Regions Financial Corporation,Financials,Regional Banks,26.82,27.36,17.95,27.04,27.02,26.35,25.45,23.05,0.0,3.8,27.84,24.85
RSG,Republic Services,Industrials,Environmental & Facilities Services,229.07,257.46,196.49,230.65,232.27,232.98,236.89,231.63,-0.2,3.45,236.97,229.0
RMD,ResMed,Health Care,Health Care Equipment,279.19,293.73,203.67,275.74,276.67,281.79,272.76,244.93,0.0,5.53,294.63,268.96
RVTY,Revvity,Health Care,Health Care Equipment,85.04,127.41,83.36,85.4,87.41,89.1,92.62,102.91,0.0,10.94,94.34,83.86
ROK,Rockwell Automation,Industrials,Electrical Components & Equipment,342.95,357.15,217.21,341.58,344.32,344.15,344.38,296.69,-0.2,3.17,353.82,334.5
ROL,"Rollins, Inc.",Industrials,Environmental & Facilities Services,57.32,58.48,45.24,56.83,56.67,57.18,56.81,53.19,0.0,2.08,58.51,55.84
ROP,Roper Technologies,Information Technology,Electronic Equipment & Instruments,519.67,592.1,501.26,522.56,523.78,526.69,542.24,554.24,0.0,3.56,538.17,515.23
ROST,Ross Stores,Consumer Discretionary,Apparel Retail,149.04,155.29,122.55,151.02,150.12,148.72,140.8,141.04,-0.1,2.48,152.74,144.71
RCL,Royal Caribbean Group,Consumer Discretionary,"Hotels, Resorts & Cruise Lines",345.31,365.84,154.84,352.74,355.96,340.65,335.01,260.98,0.2,9.03,376.49,304.83
SPGI,S&P Global,Financials,Financial Exchanges & Data,547.71,563.17,436.73,542.23,544.9,550.25,540.74,512.71,-0.2,3.02,564.25,536.23
CRM,Salesforce,Information Technology,Application Software,252.06,366.29,231.66,251.11,251.31,246.8,255.21,287.77,0.0,3.29,260.35,233.25
SBAC,SBA Communications,Real Estate,Telecom Tower REITs,191.47,244.52,189.91,195.01,201.49,210.3,221.83,217.32,0.0,20.96,231.6,189.0
SLB,Schlumberger,Energy,Oil & Gas Equipment & Services,35.78,44.26,31.43,35.68,35.75,34.63,34.48,36.89,-0.1,4.28,37.31,31.94
STX,Seagate Technology,Information Technology,"Technology Hardware, Storage & Peripherals",191.59,191.59,66.19,185.86,177.21,167.38,156.5,111.93,0.2,-0.01,191.57,143.17
SRE,Sempra,Utilities,Multi-Utilities,80.32,92.47,63.23,81.04,81.61,81.77,79.69,78.14,-0.2,3.93,83.48,80.05
NOW,ServiceNow,Information Technology,Systems Software,933.67,1170.39,721.65,920.95,911.49,893.12,934.89,967.54,-0.2,1.2,944.87,841.36
SHW,Sherwin-Williams,Materials,Specialty Chemicals,361.38,397.11,312.15,367.57,366.46,365.84,352.72,351.5,0.2,3.64,374.53,357.15
SPG,Simon Property Group,Real Estate,Retail REITs,179.39,183.07,138.55,181.11,179.95,176.74,169.32,166.37,0.2,2.68,184.2,169.28
SWKS,Skyworks Solutions,Information Technology,Semiconductors,75.06,98.66,48.25,74.82,74.91,74.51,73.12,72.93,0.0,2.68,77.07,71.95
SJM,J.M. Smucker Company (The),Consumer Staples,Packaged Foods & Meats,110.85,116.99,93.48,111.87,110.22,110.98,107.96,107.71,-0.4,3.54,114.77,107.2
SW,Smurfit Westrock,Materials,Paper & Plastic Packaging Products & Materials,45.36,55.13,37.46,46.42,46.49,45.14,45.39,46.73,0.0,6.83,48.46,41.81
SNA,Snap-on,Industrials,Industrial Machinery & Supplies & Components,322.64,364.18,264.02,325.78,326.48,325.93,322.57,327.41,-0.1,3.22,333.03,318.82
SOLV,Solventum,Health Care,Health Care Technology,72.9,84.04,63.01,72.8,72.74,72.63,73.47,72.3,0.0,2.14,74.46,70.81
SO,Southern Company,Utilities,Electric Utilities,91.21,95.24,78.98,91.47,92.03,92.93,92.99,87.77,0.0,4.37,95.2,90.66
LUV,Southwest Airlines,Industrials,Passenger Airlines,30.99,37.49,23.77,31.51,32.13,31.7,32.7,31.31,0.0,7.68,33.37,30.02
SWK,Stanley Black & Decker,Industrials,Industrial Machinery & Supplies & Components,76.74,105.48,54.53,76.23,75.01,74.47,71.59,73.51,0.1,2.23,78.45,70.49
SBUX,Starbucks,Consumer Discretionary,Restaurants,83.81,114.25,78.61,85.53,86.79,88.65,90.84,93.08,0.0,12.4,94.2,83.1
STT,State Street Corporation,Financials,Asset Management & Custody Banks,112.05,115.82,74.79,112.74,113.79,113.12,110.98,97.81,0.2,3.81,116.32,109.93
STLD,Steel Dynamics,Materials,Steel,130.29,152.49,106.43,131.98,131.58,129.79,129.53,127.65,0.2,4.13,135.67,123.92
STE,Steris,Health Care,Health Care Equipment,248.39,251.96,201.46,245.57,245.73,246.47,236.75,226.44,0.0,1.26,251.52,241.43
SYK,Stryker Corporation,Health Care,Health Care Equipment,392.76,403.53,336.65,392.22,391.96,388.45,389.63,379.22,-0.2,1.79,399.79,377.1
SMCI,Supermicro,Information Technology,"Technology Hardware, Storage & Peripherals",42.92,60.71,18.01,40.83,41.96,43.25,48.37,40.28,-0.4,10.34,47.36,39.13
SYF,Synchrony Financial,Financials,Consumer Finance,76.07,76.86,43.38,75.83,75.88,74.07,71.46,62.61,0.0,2.47,77.95,70.19
SNPS,Synopsys,Information Technology,Application Software,604.37,645.35,380.9,601.13,601.25,606.61,595.42,512.41,-0.2,3.69,626.67,586.56
SYY,Sysco,Consumer Staples,Food Distributors,80.85,82.51,67.53,81.68,80.89,80.58,79.38,74.55,0.2,2.15,82.59,78.57
TMUS,T-Mobile US,Communication Services,Wireless Telecommunication Services,242.72,270.87,190.29,248.63,250.15,251.75,242.17,241.2,-0.4,6.96,259.61,243.89
TROW,T. Rowe Price,Financials,Asset Management & Custody Banks,107.15,120.07,79.19,108.07,107.98,107.62,105.08,101.63,0.0,3.5,110.9,104.35
TTWO,Take-Two Interactive,Communication Services,Interactive Home Entertainment,247.86,248.78,147.66,243.17,238.78,235.01,232.84,213.82,0.4,-0.43,246.79,223.23
TPR,"Tapestry, Inc.",Consumer Discretionary,"Apparel, Accessories & Luxury Goods",105.18,113.1,39.64,104.73,103.06,102.04,102.12,79.78,-0.2,5.11,110.55,93.53
TRGP,Targa Resources,Energy,Oil & Gas Storage & Transportation,161.28,213.93,141.11,162.85,164.39,163.93,166.01,178.16,0.0,4.69,168.84,159.02
TGT,Target Corporation,Consumer Staples,Consumer Staples Merchandise Retail,90.91,154.72,86.82,92.13,93.99,98.01,100.67,109.09,0.0,18.71,107.92,88.1
TEL,TE Connectivity,Information Technology,Electronic Manufacturing Services,208.65,208.74,121.04,207.96,207.34,205.34,194.85,159.92,0.0,0.93,210.59,200.08
TDY,Teledyne Technologies,Information Technology,Electronic Equipment & Instruments,544.76,563.66,421.77,546.35,543.6,543.75,541.69,499.54,-0.2,1.42,552.5,534.98
TER,Teradyne,Information Technology,Semiconductor Materials & Equipment,115.07,139.5,67.79,118.59,118.47,115.13,104.14,100.9,0.2,6.92,123.03,107.24
TSLA,"Tesla, Inc.",Consumer Discretionary,Automobile Manufacturers,346.97,479.86,210.73,343.37,342.73,338.44,324.95,330.38,-0.1,2.63,356.1,320.8
TXN,Texas Instruments,Information Technology,Semiconductors,185.03,219.66,143.34,188.36,195.96,196.9,199.19,185.86,-0.2,13.79,210.55,183.24
TPL,Texas Pacific Land Corporation,Energy,Oil & Gas Exploration & Production,900.12,1720.9,783.51,908.06,915.14,902.58,951.77,1203.17,0.2,4.71,942.52,862.65
TXT,Textron,Industrials,Aerospace & Defense,80.53,90.25,60.7,81.15,80.92,80.4,80.95,76.47,0.0,2.58,82.61,78.2
TMO,Thermo Fisher Scientific,Health Care,Life Sciences Tools & Services,482.41,622.18,390.26,487.34,488.33,488.73,461.52,480.86,-0.1,3.46,499.1,478.38
TJX,TJX Companies,Consumer Discretionary,Apparel Retail,139.97,141.02,110.73,140.11,138.68,136.72,130.01,124.94,0.2,1.47,142.03,131.42
TKO,TKO Group Holdings,Communication Services,Movies & Entertainment,196.43,200.47,113.12,193.52,190.34,188.39,177.37,159.04,0.0,0.45,197.31,179.47
TTD,Trade Desk (The),Communication Services,Advertising,52.4,139.51,45.27,52.44,53.13,52.98,68.8,82.51,0.0,5.57,55.32,50.65
TSCO,Tractor Supply,Consumer Discretionary,Other Specialty Retail,59.08,62.65,47.62,60.09,61.05,60.81,58.75,54.37,-0.2,6.42,62.87,58.75
TT,Trane Technologies,Industrials,Building Products,409.41,472.54,314.52,411.93,416.1,421.84,433.34,393.69,-0.2,7.05,438.27,405.39
TDG,TransDigm Group,Industrials,Aerospace & Defense,1312.09,1516.55,1146.91,1287.33,1298.62,1305.15,1388.32,1293.76,-0.2,1.77,1335.31,1274.94
TRV,Travelers Companies (The),Financials,Property & Casualty Insurance,273.55,279.43,223.19,275.85,273.75,271.83,265.2,256.75,0.2,2.29,279.81,263.85
TRMB,Trimble Inc.,Information Technology,Electronic Equipment & Instruments,80.06,85.24,54.15,80.08,80.56,81.4,81.57,72.93,0.0,5.58,84.53,78.27
TFC,Truist Financial,Financials,Diversified Banks,45.29,47.07,33.92,46.26,46.45,45.56,44.61,42.2,0.2,5.23,47.66,43.47
TYL,Tyler Technologies,Information Technology,Application Software,558.41,646.74,521.68,558.51,557.22,562.52,570.12,581.84,-0.2,3.6,578.51,546.55
TSN,Tyson Foods,Consumer Staples,Packaged Foods & Meats,55.84,63.67,51.83,56.09,56.3,56.33,55.07,56.9,-0.3,2.58,57.28,55.38
USB,U.S. Bancorp,Financials,Diversified Banks,49.37,51.9,36.0,48.91,48.79,47.72,46.66,44.98,0.2,1.66,50.19,45.24
UBER,Uber,Industrials,Passenger Ground Transportation,95.45,97.48,59.93,93.14,94.01,93.79,92.45,79.28,-0.2,2.01,97.37,90.21
UDR,"UDR, Inc.",Real Estate,Multi-Family Residential REITs,38.98,45.23,37.29,38.81,38.87,38.71,39.43,41.15,0.0,1.39,39.52,37.9
ULTA,Ulta Beauty,Consumer Discretionary,Other Specialty Retail,513.85,533.81,314.47,521.82,522.48,522.25,506.05,425.25,-0.2,5.3,541.08,503.4
UNP,Union Pacific Corporation,Industrials,Rail Transportation,216.05,249.94,205.73,219.69,220.59,221.12,224.67,227.53,-0.2,4.67,226.14,216.09
UAL,United Airlines Holdings,Industrials,Passenger Airlines,105.65,110.52,46.01,106.44,105.53,103.03,93.67,88.26,0.0,3.06,108.88,97.18
UPS,United Parcel Service,Industrials,Air Freight & Logistics,84.4,130.93,82.93,84.71,85.88,86.44,91.5,104.3,0.0,5.44,88.99,83.9
URI,United Rentals,Industrials,Trading Companies & Distributors,945.33,975.23,549.5,960.14,956.41,936.65,871.16,740.4,0.0,4.01,983.24,890.07
UNH,UnitedHealth Group,Health Care,Managed Health Care,347.92,615.84,237.77,320.36,312.71,303.21,289.87,419.25,0.1,-2.58,338.94,267.48
UHS,Universal Health Services,Health Care,Health Care Facilities,186.43,240.49,154.78,185.91,183.69,182.21,175.73,180.93,0.1,1.51,189.25,175.17
VLO,Valero Energy,Energy,Oil & Gas Refining & Marketing,161.83,161.83,102.97,157.35,154.19,146.6,143.4,130.85,0.0,1.22,163.8,129.41
VTR,Ventas,Real Estate,Health Care REITs,68.26,69.55,56.07,67.88,67.84,67.96,66.69,64.0,-0.2,1.0,68.94,66.99
VLTO,Veralto,Industrials,Environmental & Facilities Services,105.03,113.22,85.23,105.86,106.18,107.19,105.12,100.72,-0.2,4.61,109.87,104.51
VRSN,Verisign,Information Technology,Internet Services & Infrastructure,285.71,305.1,175.69,279.98,276.08,272.04,277.34,247.2,0.0,-0.8,283.42,260.65
VRSK,Verisk Analytics,Industrials,Research & Consulting Services,268.66,320.87,260.0,270.1,268.58,268.16,282.41,290.22,0.0,2.01,274.06,262.26
VZ,Verizon,Communication Services,Integrated Telecommunication Services,43.57,45.06,36.62,43.84,43.94,44.11,43.09,41.6,0.0,3.58,45.13,43.08
VRTX,Vertex Pharmaceuticals,Health Care,Biotechnology,396.48,516.74,366.54,396.28,394.17,393.25,427.52,451.93,-0.2,1.05,400.64,385.86
VTRS,Viatris,Health Care,Pharmaceuticals,10.45,12.87,7.08,10.46,10.47,10.47,9.63,9.76,0.1,2.78,10.74,10.2
VICI,Vici Properties,Real Estate,Hotel & Resort REITs,33.12,33.93,27.46,33.39,33.48,33.16,33.12,31.2,0.0,2.78,34.04,32.28
V,Visa Inc.,Financials,Transaction & Payment Processing Services,343.99,372.65,267.75,346.27,348.46,346.28,347.71,339.31,-0.2,3.06,354.52,338.02
VST,Vistra Corp.,Utilities,Electric Utilities,193.78,214.06,73.19,189.53,190.9,193.99,195.44,159.95,-0.4,6.39,206.16,181.8
VMC,Vulcan Materials Company,Materials,Construction Materials,292.44,298.91,219.65,293.31,292.37,291.75,279.18,263.6,0.0,1.57,297.03,286.46
WRB,W. R. Berkley Corporation,Financials,Property & Casualty Insurance,72.28,74.57,55.33,72.37,71.95,71.68,70.42,66.24,0.0,1.2,73.15,70.21
GWW,W. W. Grainger,Industrials,Industrial Machinery & Supplies & Components,994.85,1212.97,915.74,1006.58,1010.67,999.83,1010.15,1042.19,0.0,4.24,1037.03,962.6
WAB,Wabtec,Industrials,Construction Machinery & Heavy Transportation Equipment,190.06,214.1,159.81,191.84,193.12,192.7,198.94,194.09,0.2,3.38,196.48,188.91
WMT,Walmart,Consumer Staples,Consumer Staples Merchandise Retail,102.29,104.27,75.9,101.09,98.85,99.43,98.34,94.75,0.2,1.92,104.25,94.62
DIS,Walt Disney Company (The),Communication Services,Movies & Entertainment,117.37,124.01,81.37,118.06,118.03,117.25,118.87,109.72,0.0,2.03,119.75,114.75
WBD,Warner Bros. Discovery,Communication Services,Broadcasting,12.26,13.7,6.94,12.08,11.97,11.86,12.11,10.54,-0.2,1.22,12.41,11.31
WM,Waste Management,Industrials,Environmental & Facilities Services,219.16,241.26,199.11,221.53,223.54,225.73,227.56,224.48,-0.2,6.18,232.7,218.75
WAT,Waters Corporation,Health Care,Life Sciences Tools & Services,300.52,417.28,277.72,301.19,299.27,296.78,303.88,351.53,-0.2,2.53,308.12,285.44
WEC,WEC Energy Group,Utilities,Electric Utilities,107.56,110.37,89.8,107.42,107.08,107.58,106.97,102.54,0.0,1.65,109.33,105.82
WFC,Wells Fargo,Financials,Diversified Banks,80.76,83.83,50.45,80.24,81.12,79.76,80.18,74.42,-0.4,3.07,83.24,76.29
WELL,Welltower,Real Estate,Health Care REITs,168.85,169.36,120.86,168.23,167.81,165.95,162.06,146.77,0.0,0.94,170.44,161.46
WST,West Pharmaceutical Services,Health Care,Health Care Supplies,252.04,347.02,190.04,250.48,247.9,246.58,238.26,254.07,0.1,0.25,252.67,240.49
WDC,Western Digital,Information Technology,"Technology Hardware, Storage & Peripherals",94.54,94.54,30.45,91.25,86.05,81.07,74.0,54.36,0.2,-0.63,93.94,68.21
WY,Weyerhaeuser,Real Estate,Timber REITs,25.27,32.88,24.29,25.55,25.61,25.76,25.65,27.29,0.1,5.46,26.65,24.88
WSM,"Williams-Sonoma, Inc.",Consumer Discretionary,Homefurnishing Retail,202.64,215.83,127.65,200.67,196.17,199.49,188.09,178.22,0.0,4.4,211.56,187.42
WMB,Williams Companies,Energy,Oil & Gas Storage & Transportation,57.57,62.87,42.67,57.39,57.48,57.36,58.14,57.22,0.0,1.11,58.21,56.51
WTW,Willis Towers Watson,Financials,Insurance Brokers,329.48,339.25,284.76,329.6,329.12,331.5,319.36,316.76,0.2,2.92,339.1,323.9
WDAY,"Workday, Inc.",Information Technology,Application Software,230.73,279.91,210.47,231.64,229.9,227.3,230.31,247.1,-0.2,2.53,236.57,218.04
WYNN,Wynn Resorts,Consumer Discretionary,Casinos & Gaming,121.49,126.75,65.78,122.69,123.47,117.74,111.7,92.28,0.0,7.25,130.3,105.19
XEL,Xcel Energy,Utilities,Multi-Utilities,72.02,74.26,60.63,72.22,72.34,72.6,71.55,68.82,0.0,2.37,73.73,71.47
XYL,Xylem Inc.,Industrials,Industrial Machinery & Supplies & Components,137.55,144.22,102.25,139.96,141.29,141.49,137.12,125.52,-0.4,5.23,144.74,138.22
YUM,Yum! Brands,Consumer Discretionary,Restaurants,145.78,160.96,121.48,145.31,145.4,146.11,146.04,142.77,0.0,3.11,150.31,141.89
ZBRA,Zebra Technologies,Information Technology,Electronic Equipment & Instruments,312.17,421.11,213.54,311.35,314.49,317.08,321.72,323.31,0.0,6.78,333.34,300.83
ZBH,Zimmer Biomet,Health Care,Health Care Equipment,103.85,112.89,89.98,104.82,105.46,104.83,98.6,101.66,0.1,4.25,108.26,101.39
ZTS,Zoetis,Health Care,Pharmaceuticals,149.79,194.12,143.44,152.1,153.47,153.81,152.76,160.69,-0.1,5.37,157.83,149.79
