Symbol,Company,GICS_Sector,GICS_Sub_Industry,Current_Price,High_52_Week,Low_52_Week,SMA5,SMA10,SMA20,SMA50,SMA200,Score,Target_Pcnt,Target_Price,Stop_Loss
MMM,3M,Industrials,Industrial Conglomerates,155.52,159.46,122.31,154.98,155.55,154.89,152.95,143.29,-0.2,2.49,159.39,150.38
AOS,A. O. Smith,Industrials,Building Products,72.64,88.84,59.04,71.34,71.94,71.9,70.17,67.75,0.0,1.57,73.78,70.01
ABT,Abbott Laboratories,Health Care,Health Care Equipment,132.81,138.95,110.09,132.1,132.0,131.65,130.66,126.64,0.0,0.81,133.89,129.43
ABBV,AbbVie,Health Care,Biotechnology,213.0,213.0,160.57,211.02,209.92,206.41,196.22,186.94,0.0,1.31,215.79,197.03
ACN,Accenture,Information Technology,IT Consulting & Other Services,252.94,394.31,237.87,255.88,256.12,250.88,269.9,316.95,0.0,4.69,264.8,236.95
ADBE,Adobe Inc.,Information Technology,Application Software,344.31,586.55,333.65,349.82,353.91,350.83,361.85,409.8,-0.2,6.63,367.14,334.53
AMD,Advanced Micro Devices,Information Technology,Semiconductors,161.79,184.42,78.21,163.49,164.6,169.46,160.94,125.62,0.2,12.79,182.48,156.44
AES,AES Corporation,Utilities,Independent Power Producers & Energy Traders,12.81,19.11,9.5,13.29,13.31,13.2,12.72,11.58,-0.2,6.79,13.68,12.71
AFL,Aflac,Financials,Life & Health Insurance,108.55,112.86,97.56,106.77,107.35,105.94,103.26,104.26,-0.1,1.23,109.89,102.0
A,Agilent Technologies,Health Care,Life Sciences Tools & Services,128.48,151.96,99.08,125.91,122.45,120.01,118.79,123.44,0.3,-0.44,127.91,112.11
APD,Air Products,Materials,Industrial Gases,289.97,333.89,247.03,292.51,293.81,291.81,290.98,292.2,-0.1,2.86,298.26,285.35
ABNB,Airbnb,Consumer Discretionary,"Hotels, Resorts & Cruise Lines",125.37,161.42,105.69,127.77,128.01,125.59,131.78,131.34,0.2,5.49,132.25,118.93
AKAM,Akamai Technologies,Information Technology,Internet Services & Infrastructure,77.19,106.67,68.21,77.85,77.49,75.74,77.39,83.97,-0.2,4.24,80.46,71.02
ALB,Albemarle Corporation,Materials,Specialty Chemicals,79.27,109.53,50.43,81.75,81.95,80.54,74.8,75.68,0.1,10.63,87.7,73.39
ARE,Alexandria Real Estate Equities,Real Estate,Office REITs,82.89,117.87,66.61,81.93,81.09,78.19,77.7,84.96,0.1,2.4,84.88,71.5
ALGN,Align Technology,Health Care,Health Care Supplies,134.7,257.17,129.01,137.46,140.63,141.18,168.35,188.05,0.0,10.77,149.21,133.14
ALLE,Allegion,Industrials,Building Products,170.75,172.24,118.08,169.44,170.0,168.46,159.73,139.7,0.0,1.59,173.46,163.46
LNT,Alliant Energy,Utilities,Electric Utilities,64.72,66.97,54.87,64.8,65.48,65.41,63.85,61.06,0.2,3.26,66.83,63.99
ALL,Allstate,Financials,Property & Casualty Insurance,208.33,212.57,177.81,204.49,203.86,205.44,199.45,196.14,-0.2,1.17,210.77,200.12
GOOGL,Alphabet Inc. (Class A),Communication Services,Interactive Media & Services,232.3,232.3,144.53,219.77,212.78,207.16,193.71,178.88,0.2,-2.94,225.47,188.87
GOOG,Alphabet Inc. (Class C),Communication Services,Interactive Media & Services,232.66,232.66,146.4,220.33,213.43,207.91,194.56,180.33,0.2,-2.88,225.96,189.87
MO,Altria,Consumer Staples,Tobacco,66.59,67.68,46.47,66.8,66.92,66.28,62.23,56.56,0.2,2.67,68.37,64.19
AMZN,Amazon,Consumer Discretionary,Broadline Retail,235.68,242.06,167.32,229.52,228.42,227.13,225.11,213.1,0.2,-0.3,234.97,219.29
AMCR,Amcor,Materials,Paper & Plastic Packaging Products & Materials,8.35,10.94,8.35,8.46,8.52,8.84,9.25,9.42,-0.2,18.56,9.9,7.79
AEE,Ameren,Utilities,Multi-Utilities,100.88,103.26,80.71,100.01,100.6,101.01,99.24,95.66,-0.2,1.78,102.68,99.34
AEP,American Electric Power,Utilities,Electric Utilities,108.64,114.06,87.97,110.31,111.72,112.07,108.69,101.57,-0.4,5.59,114.71,109.44
AXP,American Express,Financials,Consumer Finance,330.65,331.28,230.81,328.76,323.0,313.16,312.04,294.27,0.2,1.71,336.3,290.0
AIG,American International Group,Financials,Multi-line Insurance,81.73,87.26,69.3,81.41,82.06,80.84,81.07,79.09,-0.4,3.19,84.34,77.35
AMT,American Tower,Real Estate,Telecom Tower REITs,195.09,235.15,170.7,199.65,204.17,205.1,214.25,204.32,-0.2,9.59,213.8,196.41
AWK,American Water Works,Utilities,Water Utilities,141.57,150.19,118.87,142.02,143.53,143.74,141.88,136.38,0.2,3.62,146.69,140.79
AMP,Ameriprise Financial,Financials,Asset Management & Custody Banks,511.9,569.83,419.45,512.67,513.22,510.13,519.98,515.8,0.0,1.81,521.17,499.08
AME,Ametek,Industrials,Electrical Components & Equipment,187.87,196.4,151.15,185.71,185.79,184.69,182.32,179.84,0.0,0.29,188.41,180.96
AMGN,Amgen,Health Care,Biotechnology,280.1,326.46,252.22,284.84,287.73,287.88,291.24,283.63,0.0,5.76,296.23,279.54
APH,Amphenol,Information Technology,Electronic Components,112.75,112.75,58.99,110.7,110.14,110.05,105.07,81.52,0.0,-0.4,112.3,107.81
ADI,Analog Devices,Information Technology,Semiconductors,246.11,254.62,163.21,248.51,250.23,240.44,236.94,216.65,0.2,6.72,262.65,218.22
AON,Aon plc,Financials,Insurance Brokers,373.49,407.61,334.44,370.6,371.17,369.58,361.5,368.94,-0.3,0.87,376.74,362.42
APA,APA Corporation,Energy,Oil & Gas Exploration & Production,23.44,25.74,13.62,23.23,22.55,21.39,19.91,19.69,0.2,2.65,24.06,18.72
APO,Apollo Global Management,Financials,Asset Management & Custody Banks,134.76,176.82,105.37,135.17,134.81,137.35,142.35,146.59,0.0,6.57,143.61,131.09
AAPL,Apple Inc.,Information Technology,"Technology Hardware, Storage & Peripherals",239.78,258.1,172.0,234.53,231.23,230.16,217.5,220.86,0.1,-0.43,238.75,221.56
AMAT,Applied Materials,Information Technology,Semiconductor Materials & Equipment,158.24,211.69,126.23,159.62,161.13,168.69,180.31,167.59,-0.2,21.27,191.9,145.48
APTV,Aptiv,Consumer Discretionary,Automotive Parts & Equipment,80.45,80.45,47.92,79.66,78.98,75.56,71.77,63.88,0.2,5.2,84.63,66.48
ACGL,Arch Capital Group,Financials,Property & Casualty Insurance,92.22,109.22,84.99,91.83,92.06,91.16,89.66,92.15,0.1,2.11,94.17,88.14
ADM,Archer Daniels Midland,Consumer Staples,Agricultural Products & Services,61.94,64.21,41.01,62.2,62.48,60.6,56.69,50.24,0.0,4.59,64.78,56.43
ANET,Arista Networks,Information Technology,Communications Equipment,141.17,141.25,64.37,137.44,135.31,136.22,120.79,102.34,0.0,0.54,141.93,130.52
AJG,Arthur J. Gallagher & Co.,Financials,Insurance Brokers,300.22,348.08,274.44,301.77,301.5,297.67,303.56,312.78,0.0,2.62,308.09,287.25
AIZ,Assurant,Financials,Multi-line Insurance,216.51,225.29,178.36,215.73,214.97,211.97,198.47,202.88,-0.1,2.03,220.91,203.05
T,AT&T,Communication Services,Integrated Telecommunication Services,29.58,29.58,19.51,29.19,29.05,28.82,28.11,25.87,0.0,0.3,29.67,27.98
ATO,Atmos Energy,Utilities,Gas Utilities,164.79,167.34,127.91,165.41,165.8,165.08,158.61,150.06,0.2,1.63,167.48,162.69
ADSK,Autodesk,Information Technology,Application Software,319.93,321.27,238.84,311.96,298.98,293.31,298.38,290.28,0.2,-0.47,318.43,268.19
ADP,Automatic Data Processing,Industrials,Human Resource & Employment Services,301.19,325.19,264.09,301.59,303.12,303.49,304.15,301.72,-0.2,2.45,308.57,298.42
AZO,AutoZone,Consumer Discretionary,Automotive Retail,4232.96,4232.96,2981.19,4199.58,4176.16,4112.86,3902.35,3596.26,-0.2,0.82,4267.67,3958.2
AVB,AvalonBay Communities,Real Estate,Multi-Family Residential REITs,192.72,232.03,182.72,192.65,192.57,190.7,195.67,207.23,0.0,1.78,196.15,185.24
AVY,Avery Dennison,Materials,Paper & Plastic Packaging Products & Materials,167.03,217.94,157.86,168.61,171.48,172.38,174.52,179.37,0.0,7.1,178.89,165.87
AXON,Axon Enterprise,Industrials,Aerospace & Defense,730.16,870.97,354.62,745.65,756.02,772.07,768.66,663.67,0.2,15.26,841.58,702.58
BKR,Baker Hughes,Energy,Oil & Gas Equipment & Services,46.32,48.05,32.21,45.53,44.95,43.93,42.24,41.26,0.4,-0.15,46.25,41.6
BALL,Ball Corporation,Materials,"Metal, Glass & Plastic Containers",50.42,66.93,44.6,51.19,51.94,52.7,55.61,53.75,-0.4,8.98,54.95,50.45
BAC,Bank of America,Financials,Diversified Banks,50.62,50.74,34.19,50.47,50.02,48.55,47.79,44.44,0.2,2.69,51.98,45.12
BAX,Baxter International,Health Care,Health Care Equipment,23.58,39.36,21.61,24.04,24.13,23.96,26.33,29.85,0.0,4.96,24.75,23.18
BDX,Becton Dickinson,Health Care,Health Care Equipment,191.26,246.46,164.16,190.65,193.37,194.07,184.09,203.56,-0.3,4.84,200.52,187.64
BRK-B,Berkshire Hathaway,Financials,Multi-Sector Holdings,506.91,539.8,442.29,502.48,496.41,485.62,480.69,488.11,-0.1,1.03,512.13,459.09
BBY,Best Buy,Consumer Discretionary,Computer & Electronics Retail,77.05,99.54,55.4,74.54,74.39,72.68,70.19,74.75,0.1,0.53,77.46,67.89
TECH,Bio-Techne,Health Care,Life Sciences Tools & Services,52.92,79.93,46.59,53.73,54.95,53.85,53.73,59.87,-0.1,9.3,57.84,49.86
BIIB,Biogen,Health Care,Biotechnology,139.94,204.95,113.38,137.21,137.39,135.59,132.15,136.87,0.1,2.78,143.83,127.34
BLK,BlackRock,Financials,Asset Management & Custody Banks,1108.76,1160.16,811.42,1116.13,1126.21,1131.78,1106.73,1003.45,0.0,4.97,1163.87,1099.7
BX,Blackstone Inc.,Financials,Asset Management & Custody Banks,169.9,194.8,118.51,170.04,169.67,170.05,165.94,157.44,-0.2,3.71,176.2,163.9
XYZ,"Block, Inc.",Financials,Transaction & Payment Processing Services,75.75,98.92,46.53,77.64,77.87,76.52,74.04,72.22,0.2,6.89,80.97,72.07
BK,BNY Mellon,Financials,Asset Management & Custody Banks,105.56,106.1,64.89,105.33,104.37,103.31,99.01,86.44,0.0,0.86,106.47,100.15
BA,Boeing,Industrials,Aerospace & Defense,230.75,237.38,136.59,234.27,232.32,231.16,226.28,188.76,0.2,3.64,239.15,223.16
BKNG,Booking Holdings,Consumer Discretionary,"Hotels, Resorts & Cruise Lines",5585.86,5815.92,3711.15,5585.08,5638.2,5559.43,5614.71,5122.33,-0.2,3.39,5775.22,5343.59
BSX,Boston Scientific,Health Care,Health Care Equipment,107.29,107.76,81.14,106.55,106.15,104.78,104.76,100.04,0.0,0.71,108.05,101.51
BMY,Bristol Myers Squibb,Health Care,Pharmaceuticals,46.69,61.62,43.31,47.13,47.4,47.33,46.98,51.84,-0.1,5.1,49.07,45.6
AVGO,Broadcom,Information Technology,Semiconductors,306.1,312.83,135.46,302.55,298.89,301.64,290.03,228.15,-0.2,2.83,314.76,288.53
BR,Broadridge Financial Solutions,Industrials,Data Processing & Outsourced Services,252.02,266.89,204.4,253.3,256.16,259.32,249.95,237.76,-0.2,6.4,268.15,250.5
BRO,Brown & Brown,Financials,Insurance Brokers,95.49,124.07,91.23,95.88,96.13,95.56,99.94,108.03,0.0,2.5,97.88,93.25
BF-B,Brown–Forman,Consumer Staples,Distillers & Vintners,28.2,48.21,25.45,28.75,29.56,29.96,29.13,33.0,-0.1,11.99,31.58,28.35
BLDR,Builders FirstSource,Industrials,Building Products,143.27,201.83,105.63,139.16,139.98,137.82,131.83,137.01,-0.3,2.34,146.62,129.01
BG,Bunge Global,Consumer Staples,Agricultural Products & Services,81.13,96.95,67.23,82.53,84.09,82.78,79.35,77.41,0.0,7.38,87.12,78.44
BXP,"BXP, Inc.",Real Estate,Office REITs,75.29,86.01,56.05,73.13,71.17,68.05,68.34,68.66,-0.2,0.19,75.43,60.67
CHRW,C.H. Robinson,Industrials,Air Freight & Logistics,127.84,129.29,86.41,128.7,127.29,123.7,110.22,101.46,-0.2,3.35,132.12,115.29
CDNS,Cadence Design Systems,Information Technology,Application Software,349.33,371.03,231.64,348.84,347.75,349.15,336.77,300.66,0.0,1.96,356.18,342.13
CZR,Caesars Entertainment,Consumer Discretionary,Casinos & Gaming,25.75,45.55,23.18,26.11,26.22,25.59,27.56,30.33,0.2,6.8,27.5,23.68
CPT,Camden Property Trust,Real Estate,Multi-Family Residential REITs,110.34,123.69,104.05,110.21,109.71,108.04,110.68,114.26,-0.2,1.69,112.2,103.89
CPB,Campbell's Company (The),Consumer Staples,Packaged Foods & Meats,32.66,49.89,30.28,32.28,32.37,32.41,31.88,36.36,-0.1,2.27,33.4,31.41
COF,Capital One,Financials,Consumer Finance,226.32,227.22,134.82,225.06,222.91,218.26,216.13,192.82,0.2,2.05,230.96,205.56
CAH,Cardinal Health,Health Care,Health Care Distributors,149.34,167.63,106.71,149.55,149.02,150.23,156.52,138.66,0.0,4.64,156.27,144.19
KMX,CarMax,Consumer Discretionary,Automotive Retail,60.95,89.19,54.66,60.87,60.39,58.84,61.48,72.24,0.0,3.25,62.93,54.76
CCL,Carnival,Consumer Discretionary,"Hotels, Resorts & Cruise Lines",31.76,32.49,15.67,31.73,31.47,30.49,29.65,24.73,0.0,3.84,32.98,28.0
CARR,Carrier Global,Industrials,Building Products,63.54,81.67,55.21,64.18,65.37,65.76,70.7,68.55,-0.2,7.71,68.44,63.08
CAT,Caterpillar Inc.,Industrials,Construction Machinery & Heavy Transportation Equipment,420.22,438.02,271.63,421.07,425.51,419.92,414.44,365.48,-0.2,3.94,436.78,403.06
CBOE,Cboe Global Markets,Financials,Financial Exchanges & Data,234.17,253.24,189.73,234.53,239.81,244.14,240.38,218.69,0.0,9.83,257.19,231.09
CBRE,CBRE Group,Real Estate,Real Estate Services,161.69,164.98,113.55,160.9,161.95,159.73,150.69,136.4,0.0,2.66,165.99,153.47
CDW,CDW Corporation,Information Technology,Technology Distributors,166.25,225.45,143.46,164.5,164.78,164.42,172.01,173.87,-0.2,1.29,168.39,160.43
COR,Cencora,Health Care,Health Care Distributors,292.7,303.69,217.68,292.84,292.86,291.81,292.65,269.06,0.0,3.42,302.71,280.91
CNC,Centene Corporation,Health Care,Managed Health Care,28.65,80.23,25.21,29.15,29.05,28.15,31.21,52.52,0.0,8.62,31.12,25.18
CNP,CenterPoint Energy,Utilities,Multi-Utilities,37.46,38.94,26.61,37.64,37.74,37.98,37.34,34.9,0.0,3.28,38.69,37.26
CF,CF Industries,Materials,Fertilizers & Agricultural Chemicals,84.18,101.88,67.67,86.06,86.23,85.01,89.78,85.4,0.2,5.44,88.76,81.26
CRL,Charles River Laboratories,Health Care,Life Sciences Tools & Services,162.31,220.69,99.75,162.48,161.94,158.11,159.97,159.3,-0.2,3.6,168.15,148.05
SCHW,Charles Schwab Corporation,Financials,Investment Banking & Brokerage,97.63,98.69,60.96,96.58,96.48,96.54,94.84,83.68,-0.2,0.68,98.29,94.8
CHTR,Charter Communications,Communication Services,Cable & Satellite,259.51,427.25,256.57,262.87,266.92,265.34,323.15,359.09,0.0,6.07,275.26,255.42
CVX,Chevron Corporation,Energy,Integrated Oil & Gas,157.69,164.65,130.67,159.5,158.6,155.83,151.81,147.56,0.2,2.75,162.03,149.63
CMG,Chipotle Mexican Grill,Consumer Discretionary,Restaurants,41.41,66.16,41.41,41.9,42.4,42.65,47.82,52.88,0.0,6.57,44.13,41.16
CB,Chubb Limited,Financials,Property & Casualty Insurance,279.88,301.45,256.04,276.65,275.92,274.6,275.4,279.57,-0.2,0.32,280.78,268.42
CHD,Church & Dwight,Consumer Staples,Household Products,95.23,112.48,90.63,93.4,93.51,93.07,94.79,101.21,0.0,0.29,95.51,90.63
CI,Cigna,Health Care,Health Care Services,304.03,361.79,262.23,301.02,301.14,294.71,298.66,305.8,0.0,3.76,315.46,273.94
CINF,Cincinnati Financial,Financials,Property & Casualty Insurance,155.59,157.35,125.84,153.81,153.83,152.81,150.14,144.34,0.0,0.33,156.1,149.52
CTAS,Cintas,Industrials,Diversified Support Services,206.84,227.2,181.05,207.26,210.61,215.53,218.01,209.42,-0.2,10.23,228.0,203.08
CSCO,Cisco,Information Technology,Communications Equipment,67.99,71.79,47.21,68.4,68.03,68.54,68.39,62.12,0.0,5.49,71.72,65.35
C,Citigroup,Financials,Diversified Banks,97.08,97.08,55.59,96.06,95.57,94.63,91.68,76.97,-0.2,0.8,97.86,91.41
CFG,Citizens Financial Group,Financials,Regional Banks,52.51,52.51,33.59,52.04,51.33,49.71,48.15,43.42,0.0,1.89,53.5,45.91
CLX,Clorox,Consumer Staples,Household Products,124.63,165.31,116.82,120.73,119.98,120.94,123.03,139.95,0.2,0.33,125.04,116.85
CME,CME Group,Financials,Financial Exchanges & Data,267.43,289.38,203.47,267.09,269.14,272.76,275.34,257.09,0.0,5.89,283.18,262.35
CMS,CMS Energy,Utilities,Multi-Utilities,71.54,74.4,63.54,71.4,71.94,72.45,71.49,69.52,0.2,3.45,74.01,70.89
KO,Coca-Cola Company (The),Consumer Staples,Soft Drinks & Non-alcoholic Beverages,68.25,73.38,59.94,68.73,69.09,69.65,69.67,67.66,0.0,4.5,71.32,67.99
CTSH,Cognizant,Information Technology,IT Consulting & Other Services,71.45,89.65,65.92,71.8,71.86,70.72,73.73,77.25,0.0,2.6,73.31,68.13
COIN,Coinbase,Financials,Financial Exchanges & Data,306.8,419.78,147.35,305.14,306.93,311.47,346.54,272.45,0.2,6.86,327.85,295.1
CL,Colgate-Palmolive,Consumer Staples,Household Products,83.67,106.38,83.06,83.87,84.42,84.76,86.66,89.26,0.0,3.38,86.5,83.03
CMCSA,Comcast,Communication Services,Cable & Satellite,33.95,43.96,31.41,33.9,33.88,33.28,34.03,35.41,-0.2,3.06,34.99,31.56
CAG,Conagra Brands,Consumer Staples,Packaged Foods & Meats,18.94,30.97,18.26,18.97,19.09,19.19,19.25,23.17,0.2,3.85,19.67,18.71
COP,ConocoPhillips,Energy,Oil & Gas Exploration & Production,95.77,111.14,81.29,97.37,97.15,95.51,93.85,94.71,0.1,4.1,99.7,91.33
ED,Consolidated Edison,Utilities,Multi-Utilities,97.8,111.42,85.77,97.85,99.21,100.79,100.61,99.14,0.2,7.44,105.08,96.51
STZ,Constellation Brands,Consumer Staples,Distillers & Vintners,145.88,252.91,145.88,152.93,157.98,163.44,166.67,184.33,-0.2,22.51,178.72,148.17
CEG,Constellation Energy,Utilities,Electric Utilities,309.06,354.46,170.52,310.45,311.81,319.39,321.73,274.04,-0.2,9.66,338.92,299.87
COO,Cooper Companies (The),Health Care,Health Care Supplies,68.0,111.23,64.58,66.49,70.2,71.35,72.04,82.88,-0.2,14.29,77.72,64.98
CPRT,Copart,Industrials,Diversified Support Services,49.97,63.84,45.33,48.83,48.64,47.85,47.42,54.75,0.3,-0.36,49.79,45.9
GLW,Corning Inc.,Information Technology,Electronic Components,69.72,69.72,38.69,68.64,67.4,66.21,59.65,50.45,0.0,-0.29,69.52,62.89
CPAY,Corpay,Financials,Transaction & Payment Processing Services,319.94,389.55,283.07,321.59,322.97,317.86,325.0,342.01,0.2,4.11,333.09,302.64
CTVA,Corteva,Materials,Fertilizers & Agricultural Chemicals,72.65,76.93,54.55,73.42,73.51,72.62,73.16,65.2,0.0,3.08,74.89,70.36
CSGP,CoStar Group,Real Estate,Real Estate Services,89.1,96.83,69.29,88.98,89.38,89.76,88.42,79.58,-0.2,5.45,93.96,85.55
COST,Costco,Consumer Staples,Consumer Staples Merchandise Retail,955.9,1073.97,869.13,946.56,949.34,965.65,962.78,973.37,0.1,4.83,1002.07,929.26
CTRA,Coterra,Energy,Oil & Gas Exploration & Production,24.39,29.06,21.86,24.4,24.12,23.89,24.17,25.43,-0.2,1.35,24.72,23.05
CRWD,CrowdStrike,Information Technology,Systems Software,412.46,514.1,246.39,420.97,419.85,422.96,456.44,409.96,0.0,6.19,437.99,407.93
CCI,Crown Castle,Real Estate,Telecom Tower REITs,95.46,115.16,82.06,97.5,99.86,101.29,103.61,97.65,-0.2,11.62,106.55,96.03
CSX,CSX Corporation,Industrials,Rail Transportation,32.66,36.37,26.47,32.43,32.97,34.36,34.22,31.99,0.0,15.19,37.62,31.11
CMI,Cummins,Industrials,Construction Machinery & Heavy Transportation Equipment,400.93,404.74,264.26,397.73,397.91,396.48,366.14,342.07,0.0,1.88,408.47,384.5
CVS,CVS Health,Health Care,Health Care Services,73.69,74.09,42.33,73.28,72.38,69.83,66.13,60.87,0.0,3.45,76.23,63.42
DHR,Danaher Corporation,Health Care,Life Sciences Tools & Services,199.03,276.83,174.36,202.67,204.8,205.77,201.69,208.95,-0.1,7.84,214.63,196.92
DRI,Darden Restaurants,Consumer Discretionary,Restaurants,210.19,224.21,150.91,208.03,207.28,206.46,208.28,195.73,-0.2,0.1,210.4,202.53
DDOG,Datadog,Information Technology,Application Software,131.78,168.65,87.0,135.34,132.35,130.78,137.08,127.76,0.0,5.05,138.43,123.12
DVA,DaVita,Health Care,Health Care Services,135.56,177.35,127.69,136.45,137.38,135.2,139.48,148.27,0.2,4.56,141.74,128.66
DAY,Dayforce,Industrials,Human Resource & Employment Services,69.55,81.8,49.33,69.61,69.49,62.98,59.27,63.09,-0.1,13.66,79.05,46.9
DECK,Deckers Brands,Consumer Discretionary,Footwear,123.91,223.11,95.32,121.65,116.55,110.09,106.98,139.19,-0.1,1.56,125.84,94.33
DE,Deere & Company,Industrials,Agricultural & Farm Machinery,474.9,529.8,376.26,478.26,484.28,491.35,502.42,475.34,-0.2,8.54,515.46,467.26
DELL,Dell Technologies,Information Technology,"Technology Hardware, Storage & Peripherals",126.67,142.14,70.88,125.57,128.1,132.53,129.11,112.42,0.2,13.94,144.33,120.73
DAL,Delta Air Lines,Industrials,Passenger Airlines,60.55,68.45,35.65,61.34,60.9,59.38,55.61,54.68,0.2,6.89,64.72,54.04
DVN,Devon Energy,Energy,Oil & Gas Exploration & Production,35.58,42.08,26.61,35.81,35.47,34.43,33.56,33.6,0.1,3.4,36.79,32.07
DXCM,Dexcom,Health Care,Health Care Equipment,80.76,90.75,59.83,76.88,77.57,78.66,81.94,80.0,0.0,3.43,83.53,73.8
FANG,Diamondback Energy,Energy,Oil & Gas Exploration & Production,142.74,194.36,117.58,146.56,145.04,142.06,142.03,149.14,0.1,5.18,150.13,133.99
DLR,Digital Realty,Real Estate,Data Center REITs,162.84,191.46,135.17,164.7,165.78,166.78,170.99,166.94,0.0,5.56,171.89,161.67
DG,Dollar General,Consumer Staples,Consumer Staples Merchandise Retail,108.44,116.32,67.66,109.81,110.8,112.64,111.65,90.76,0.0,8.12,117.25,108.05
DLTR,Dollar Tree,Consumer Staples,Consumer Staples Merchandise Retail,100.25,117.16,61.21,107.06,109.78,112.04,110.13,85.06,0.0,19.8,120.1,103.98
D,Dominion Energy,Utilities,Multi-Utilities,58.79,62.1,49.07,59.31,60.01,60.7,59.0,55.35,0.2,6.68,62.72,58.68
DPZ,Domino's,Consumer Discretionary,Restaurants,462.6,495.6,397.58,460.75,456.6,451.07,458.6,456.35,-0.2,1.02,467.32,434.83
DASH,DoorDash,Consumer Discretionary,Specialized Consumer Services,248.78,270.99,123.56,246.86,246.65,250.61,246.25,203.21,-0.2,6.37,264.63,236.61
DOV,Dover Corporation,Industrials,Industrial Machinery & Supplies & Components,178.36,204.71,150.28,177.76,179.21,178.11,182.01,184.26,0.0,3.08,183.85,172.36
DOW,Dow Inc.,Materials,Commodity Chemicals,23.91,51.44,20.57,24.22,24.25,23.26,25.16,31.81,0.2,7.95,25.81,20.72
DHI,D. R. Horton,Consumer Discretionary,Homebuilding,176.69,194.88,114.44,171.5,169.49,165.51,149.32,137.34,-0.2,0.26,177.15,153.87
DTE,DTE Energy,Utilities,Multi-Utilities,136.41,141.49,114.13,136.14,137.58,138.7,136.6,129.7,0.2,4.24,142.19,135.2
DUK,Duke Energy,Utilities,Electric Utilities,120.87,124.85,102.96,121.82,122.77,123.23,120.1,114.6,-0.2,3.87,125.55,120.92
DD,DuPont,Materials,Specialty Chemicals,77.15,87.69,54.51,76.53,76.46,74.3,73.46,73.04,0.2,2.8,79.31,69.3
EMN,Eastman Chemical Company,Materials,Specialty Chemicals,68.6,110.6,58.79,68.82,68.51,66.51,71.87,83.82,0.0,4.78,71.88,61.13
ETN,Eaton Corporation,Industrials,Electrical Components & Equipment,348.22,391.62,244.95,347.89,348.16,352.02,361.29,327.64,-0.2,4.6,364.24,339.79
EBAY,eBay Inc.,Consumer Discretionary,Broadline Retail,93.03,100.46,56.61,91.24,93.96,95.66,86.01,71.64,0.2,10.32,102.63,88.68
ECL,Ecolab,Materials,Specialty Chemicals,274.94,285.47,225.1,275.8,278.38,278.42,271.98,255.41,0.0,4.27,286.68,270.15
EIX,Edison International,Utilities,Electric Utilities,54.67,84.75,47.56,55.33,55.09,55.33,53.17,58.45,-0.1,3.9,56.8,53.86
EW,Edwards Lifesciences,Health Care,Health Care Equipment,80.96,81.83,64.54,81.3,81.25,79.83,78.63,74.27,0.0,2.66,83.11,76.56
EA,Electronic Arts,Communication Services,Interactive Home Entertainment,168.03,178.81,116.08,170.06,171.01,171.79,161.17,148.68,-0.2,6.81,179.47,164.1
ELV,Elevance Health,Health Care,Managed Health Care,308.05,553.55,274.66,316.21,314.1,306.63,315.03,376.4,0.2,6.49,328.04,285.22
EMR,Emerson Electric,Industrials,Electrical Components & Equipment,133.1,149.04,93.37,132.11,132.36,132.32,137.12,123.17,-0.2,1.4,134.96,129.68
ENPH,Enphase Energy,Information Technology,Semiconductor Materials & Equipment,36.52,119.74,30.11,37.17,37.24,35.58,37.15,53.0,-0.2,9.01,39.81,31.35
ETR,Entergy,Utilities,Electric Utilities,88.18,91.02,59.06,87.8,88.59,89.12,86.49,81.47,0.2,3.32,91.11,87.13
EOG,EOG Resources,Energy,Oil & Gas Exploration & Production,121.6,134.72,102.81,123.49,122.27,120.07,119.75,120.51,-0.1,3.36,125.69,114.45
EPAM,EPAM Systems,Information Technology,IT Consulting & Other Services,168.09,267.63,143.33,173.48,172.51,166.1,167.83,195.3,0.2,7.9,181.37,150.82
EQT,EQT Corporation,Energy,Oil & Gas Exploration & Production,51.8,60.26,31.49,51.99,51.98,51.71,53.69,51.2,0.0,2.16,52.92,50.5
EFX,Equifax,Industrials,Research & Consulting Services,240.6,304.58,204.69,240.25,244.35,244.69,249.72,252.15,0.0,5.94,254.89,234.51
EQIX,Equinix,Real Estate,Data Center REITs,767.93,968.75,731.64,774.85,778.76,776.24,776.81,854.26,0.0,3.09,791.66,760.82
EQR,Equity Residential,Real Estate,Multi-Family Residential REITs,65.59,75.24,61.2,65.14,64.96,64.28,65.52,68.34,0.0,0.88,66.17,62.38
ERIE,Erie Indemnity,Financials,Insurance Brokers,336.43,537.71,328.17,341.68,349.88,356.14,352.71,383.79,0.1,12.34,377.95,334.33
ESS,Essex Property Trust,Real Estate,Multi-Family Residential REITs,264.5,308.41,252.08,264.95,265.21,261.25,272.62,281.32,0.0,2.54,271.22,251.27
EL,Estée Lauder Companies (The),Consumer Staples,Personal Care Products,87.46,98.93,49.61,90.6,90.13,90.18,88.56,73.52,0.0,7.49,94.01,86.34
EG,Everest Group,Financials,Reinsurance,345.26,400.34,324.54,344.18,343.63,338.59,336.4,347.21,0.1,1.8,351.47,325.7
EVRG,Evergy,Utilities,Electric Utilities,71.58,72.6,56.74,71.34,71.64,71.73,70.04,65.52,-0.2,1.4,72.58,70.87
ES,Eversource Energy,Utilities,Electric Utilities,63.42,66.62,53.58,63.76,64.3,64.94,65.09,60.87,-0.2,5.53,66.93,62.95
EXC,Exelon,Utilities,Electric Utilities,43.34,46.54,35.25,43.51,44.05,44.4,43.7,41.87,0.2,5.15,45.57,43.23
EXE,Expand Energy,Energy,Oil & Gas Exploration & Production,96.66,120.67,68.08,97.19,96.23,95.73,101.03,102.55,0.0,2.22,98.81,92.64
EXPE,Expedia Group,Consumer Discretionary,"Hotels, Resorts & Cruise Lines",216.52,216.52,129.01,214.14,212.8,207.38,190.84,178.19,0.0,2.94,222.89,191.88
EXPD,Expeditors International,Industrials,Air Freight & Logistics,121.64,129.72,102.14,120.94,120.74,120.15,117.32,114.58,-0.2,1.24,123.15,117.15
EXR,Extra Space Storage,Real Estate,Self-Storage REITs,143.84,177.29,125.24,142.76,141.79,139.56,144.19,147.24,0.2,0.75,144.92,134.2
XOM,ExxonMobil,Energy,Integrated Oil & Gas,112.4,121.0,98.11,113.33,112.31,109.3,109.56,108.01,0.0,3.09,115.87,102.74
FFIV,"F5, Inc.",Information Technology,Communications Equipment,314.35,326.47,198.85,312.33,314.21,316.64,307.13,280.78,-0.2,3.59,325.64,307.67
FDS,FactSet,Financials,Financial Exchanges & Data,369.48,490.93,368.54,371.43,375.3,375.65,406.18,440.68,0.0,4.56,386.33,364.97
FICO,Fair Isaac,Information Technology,Application Software,1518.92,2382.4,1311.26,1514.51,1461.36,1398.69,1518.88,1836.36,0.0,2.02,1549.6,1247.72
FAST,Fastenal,Industrials,Trading Companies & Distributors,50.27,50.39,31.58,49.76,49.88,49.29,46.49,40.54,0.0,1.41,50.98,47.61
FRT,Federal Realty Investment Trust,Real Estate,Retail REITs,100.99,113.73,82.59,100.11,99.45,96.57,95.05,98.87,0.1,2.07,103.08,90.07
FDX,FedEx,Industrials,Air Freight & Logistics,225.28,300.06,196.8,227.43,229.55,229.01,230.21,242.6,0.0,4.71,235.89,222.11
FIS,Fidelity National Information Services,Financials,Transaction & Payment Processing Services,68.71,89.62,67.79,68.95,69.69,70.19,75.98,77.06,0.0,5.57,72.54,67.84
FITB,Fifth Third Bancorp,Financials,Regional Banks,46.26,47.14,33.02,45.76,45.13,43.75,42.97,41.0,0.0,1.51,46.96,40.53
FSLR,First Solar,Information Technology,Semiconductors,201.87,255.75,120.38,198.27,197.3,195.59,182.08,165.61,0.2,6.75,215.5,175.68
FE,FirstEnergy,Utilities,Electric Utilities,43.47,43.95,37.17,43.5,43.58,43.52,41.8,40.25,0.2,1.13,43.96,43.07
FI,Fiserv,Financials,Transaction & Payment Processing Services,136.18,237.79,132.22,137.11,137.84,136.53,149.53,189.52,0.0,3.85,141.42,131.63
F,Ford Motor Company,Consumer Discretionary,Automobile Manufacturers,11.68,11.91,8.45,11.7,11.71,11.53,11.29,10.1,0.0,2.83,12.01,11.06
FTNT,Fortinet,Information Technology,Systems Software,76.44,114.57,74.39,77.6,77.92,77.8,93.04,98.18,0.0,6.23,81.2,74.41
FTV,Fortive,Industrials,Industrial Machinery & Supplies & Components,47.58,62.46,46.55,47.57,48.05,47.9,49.89,54.47,0.2,3.26,49.13,46.68
FOXA,Fox Corporation (Class A),Communication Services,Broadcasting,60.81,60.81,38.55,60.05,59.57,58.18,56.63,52.56,0.2,2.61,62.4,53.97
FOX,Fox Corporation (Class B),Communication Services,Broadcasting,55.32,55.34,35.67,54.77,54.39,53.1,51.85,48.81,0.2,3.05,57.01,49.19
BEN,Franklin Resources,Financials,Asset Management & Custody Banks,25.74,26.03,16.43,25.58,25.41,25.32,24.81,21.18,0.0,1.4,26.1,24.53
FCX,Freeport-McMoRan,Materials,Copper,46.07,51.16,28.93,45.2,44.29,43.05,43.47,39.73,-0.2,0.26,46.19,39.92
GRMN,Garmin,Consumer Discretionary,Consumer Electronics,237.66,241.82,159.72,238.35,235.81,234.08,226.09,211.6,0.0,1.43,241.06,227.1
IT,Gartner,Information Technology,IT Consulting & Other Services,236.73,551.8,225.98,246.83,245.97,241.21,314.57,429.48,0.2,8.15,256.02,226.4
GE,GE Aerospace,Industrials,Aerospace & Defense,282.27,282.27,159.16,276.96,273.39,272.15,265.3,215.68,0.2,-0.32,281.37,262.94
GEHC,GE HealthCare,Health Care,Health Care Equipment,74.12,93.69,58.69,73.11,73.69,73.54,74.19,77.37,-0.2,2.13,75.7,71.37
GEV,GE Vernova,Industrials,Heavy Electrical Equipment,598.81,664.55,192.18,600.44,606.59,619.16,594.05,425.39,0.2,10.68,662.76,575.56
GEN,Gen Digital,Information Technology,Systems Software,29.53,32.03,23.31,29.82,30.45,30.72,30.09,28.16,0.2,10.36,32.59,28.85
GNRC,Generac,Industrials,Electrical Components & Equipment,178.18,202.85,101.92,181.0,185.98,191.62,171.46,148.66,-0.2,16.01,206.71,176.54
GD,General Dynamics,Industrials,Aerospace & Defense,322.44,325.46,239.38,323.82,322.28,318.65,309.04,276.4,0.0,1.46,327.15,310.15
GIS,General Mills,Consumer Staples,Packaged Foods & Meats,49.61,72.16,48.44,49.29,49.43,49.54,50.11,56.06,0.0,1.39,50.3,48.77
GM,General Motors,Consumer Discretionary,Automobile Manufacturers,58.15,59.72,42.35,58.3,58.22,56.76,54.0,50.48,0.0,3.9,60.42,53.11
GPC,Genuine Parts Company,Consumer Discretionary,Distributors,141.25,141.25,104.68,138.44,138.59,137.38,131.27,122.19,0.0,0.4,141.82,132.95
GILD,Gilead Sciences,Health Care,Biotechnology,112.77,120.47,76.26,112.8,113.77,116.01,113.29,103.91,0.2,8.34,122.18,109.84
GPN,Global Payments,Financials,Transaction & Payment Processing Services,87.28,118.42,67.25,87.61,87.87,86.21,83.18,93.22,0.1,4.64,91.33,81.09
GL,Globe Life,Financials,Life & Health Insurance,141.45,143.27,100.46,140.48,140.28,139.38,131.9,121.83,0.0,0.77,142.54,136.21
GDDY,GoDaddy,Information Technology,Internet Services & Infrastructure,144.92,214.35,133.35,145.79,146.21,144.49,159.29,181.24,0.0,5.14,152.37,136.61
GS,Goldman Sachs,Financials,Investment Banking & Brokerage,748.9,748.9,457.48,740.56,737.84,731.94,716.95,614.12,-0.2,1.0,756.39,707.51
HAL,Halliburton,Energy,Oil & Gas Equipment & Services,22.47,31.1,18.96,22.32,22.08,21.49,21.5,23.67,-0.2,1.82,22.88,20.09
HIG,Hartford (The),Financials,Property & Casualty Insurance,134.7,134.7,105.0,132.65,132.64,131.12,126.33,119.59,0.2,0.5,135.37,126.86
HAS,Hasbro,Consumer Discretionary,Leisure Products,80.4,81.85,49.75,80.39,80.74,79.76,77.08,64.35,0.2,3.21,82.98,76.53
HCA,HCA Healthcare,Health Care,Health Care Facilities,411.59,412.92,295.46,407.32,405.56,398.51,378.91,345.43,0.0,1.76,418.83,378.16
DOC,Healthpeak Properties,Real Estate,Health Care REITs,18.0,21.82,16.53,17.9,17.76,17.38,17.59,18.52,-0.2,1.28,18.23,16.52
HSIC,Henry Schein,Health Care,Health Care Distributors,67.78,81.91,62.7,68.38,68.62,68.03,70.03,71.26,0.2,3.6,70.22,65.84
HSY,Hershey Company (The),Consumer Staples,Packaged Foods & Meats,185.3,196.72,141.22,183.9,182.6,181.03,177.28,166.99,0.2,1.19,187.51,174.54
HPE,Hewlett Packard Enterprise,Information Technology,"Technology Hardware, Storage & Peripherals",23.16,24.05,12.42,22.88,22.64,21.88,21.01,19.33,0.2,1.81,23.58,20.18
HLT,Hilton Worldwide,Consumer Discretionary,"Hotels, Resorts & Cruise Lines",278.06,278.5,201.05,276.26,275.3,271.32,270.04,250.8,0.0,1.35,281.81,260.83
HOLX,Hologic,Health Care,Health Care Equipment,66.39,83.72,52.73,66.6,66.89,67.48,66.26,65.83,-0.2,3.96,69.02,65.93
HD,Home Depot (The),Consumer Discretionary,Home Improvement Retail,411.69,426.0,333.17,407.99,407.51,402.16,383.11,380.68,0.0,1.54,418.03,386.27
HON,Honeywell,Industrials,Industrial Conglomerates,215.16,239.16,180.99,217.52,219.23,217.84,225.1,217.38,-0.2,3.64,222.99,212.68
HRL,Hormel Foods,Consumer Staples,Packaged Foods & Meats,25.24,32.6,25.03,25.26,27.11,27.83,28.83,29.51,0.0,22.19,30.84,24.82
HST,Host Hotels & Resorts,Real Estate,Hotel & Resort REITs,17.59,18.25,12.54,17.27,17.06,16.41,16.19,15.8,0.0,1.71,17.89,14.93
HWM,Howmet Aerospace,Industrials,Aerospace & Defense,179.53,192.01,91.19,175.5,174.46,175.42,180.08,145.36,-0.2,1.5,182.22,168.62
HPQ,HP Inc.,Information Technology,"Technology Hardware, Storage & Peripherals",28.92,38.15,21.63,28.69,27.94,27.2,26.0,28.65,0.1,1.14,29.25,25.15
HUBB,Hubbell Incorporated,Industrials,Industrial Machinery & Supplies & Components,437.16,466.13,313.96,434.32,435.96,431.87,425.47,398.45,-0.2,2.65,448.74,414.99
HUM,Humana,Health Care,Managed Health Care,312.0,366.52,220.41,307.12,302.29,290.12,258.71,260.86,-0.1,2.64,320.24,260.0
HBAN,Huntington Bancshares,Financials,Regional Banks,17.88,17.88,12.37,17.76,17.54,17.0,16.89,15.95,0.2,2.18,18.27,15.73
HII,Huntington Ingalls Industries,Industrials,Aerospace & Defense,269.98,277.49,156.78,270.75,270.24,267.92,260.04,215.18,0.0,1.53,274.11,261.74
IBM,IBM,Information Technology,IT Consulting & Other Services,247.18,292.8,195.22,244.4,243.04,241.62,261.76,246.16,-0.2,0.51,248.44,234.79
IEX,IDEX Corporation,Industrials,Industrial Machinery & Supplies & Components,164.86,233.54,157.53,163.61,164.71,164.02,171.9,188.71,0.0,3.31,170.32,157.71
IDXX,Idexx Laboratories,Health Care,Health Care Equipment,640.44,682.78,361.04,641.59,641.05,645.31,588.3,482.76,0.2,3.26,661.32,629.29
ITW,Illinois Tool Works,Industrials,Industrial Machinery & Supplies & Components,265.67,273.51,217.09,263.92,264.98,262.73,258.72,252.59,0.0,1.69,270.16,255.29
INCY,Incyte,Health Care,Biotechnology,85.44,86.96,55.17,85.34,85.19,84.24,76.17,69.72,0.2,4.81,89.55,78.92
IR,Ingersoll Rand,Industrials,Industrial Machinery & Supplies & Components,79.2,105.27,66.72,78.84,79.37,78.89,82.57,85.43,0.2,3.52,81.99,75.79
PODD,Insulet Corporation,Health Care,Health Care Equipment,346.47,346.47,206.69,342.48,336.62,326.03,306.35,283.46,0.0,1.86,352.91,299.15
INTC,Intel,Information Technology,Semiconductors,24.61,27.39,18.13,24.42,24.41,23.47,22.63,21.7,0.2,8.7,26.75,20.19
IBKR,Interactive Brokers,Financials,Investment Banking & Brokerage,64.28,67.54,30.21,63.41,62.94,63.59,61.7,50.97,-0.2,3.41,66.47,60.71
ICE,Intercontinental Exchange,Financials,Financial Exchanges & Data,174.52,188.45,142.02,175.7,177.36,179.97,181.67,168.49,-0.2,7.38,187.4,172.55
IFF,International Flavors & Fragrances,Materials,Specialty Chemicals,65.53,104.49,63.46,66.48,66.72,65.91,70.97,77.94,0.0,4.24,68.31,63.51
IP,International Paper,Materials,Paper & Plastic Packaging Products & Materials,48.31,58.45,43.05,48.86,48.77,48.01,49.18,50.6,0.0,3.17,49.84,46.19
IPG,Interpublic Group of Companies (The),Communication Services,Advertising,26.84,30.52,22.33,26.49,26.54,25.98,25.17,25.62,0.1,2.31,27.46,24.5
INTU,Intuit,Information Technology,Application Software,668.29,807.39,542.39,666.83,667.42,693.05,740.96,662.59,-0.2,12.7,753.16,632.96
ISRG,Intuitive Surgical,Health Care,Health Care Equipment,454.52,610.45,441.18,462.38,467.18,472.12,496.12,527.47,-0.2,8.01,490.93,453.32
IVZ,Invesco,Financials,Asset Management & Custody Banks,21.96,22.06,11.86,21.85,21.71,21.27,19.62,16.7,0.0,2.09,22.42,20.13
INVH,Invitation Homes,Real Estate,Single-Family Residential REITs,30.35,36.03,29.76,30.63,30.76,30.5,31.38,32.22,0.0,3.2,31.32,29.68
IQV,IQVIA,Health Care,Life Sciences Tools & Services,184.08,248.84,137.0,186.4,187.31,187.28,178.47,178.15,-0.2,6.27,195.62,178.94
IRM,Iron Mountain,Real Estate,Other Specialized REITs,91.08,125.19,76.34,90.93,91.42,91.41,95.75,97.18,0.0,2.94,93.76,89.07
JBHT,J.B. Hunt,Industrials,Cargo Ground Transportation,145.28,195.43,123.94,144.78,145.03,143.81,146.23,153.93,-0.2,2.68,149.17,138.46
JBL,Jabil,Information Technology,Electronic Manufacturing Services,207.97,230.3,100.84,205.59,206.8,212.14,217.71,168.17,-0.4,9.47,227.66,196.62
JKHY,Jack Henry & Associates,Financials,Transaction & Payment Processing Services,161.87,190.67,158.52,162.06,162.56,161.89,170.73,173.94,0.0,2.13,165.32,158.47
J,Jacobs Solutions,Industrials,Construction & Engineering,143.74,151.85,109.18,145.1,146.46,147.19,141.04,130.66,-0.2,4.91,150.8,143.57
JNJ,Johnson & Johnson,Health Care,Pharmaceuticals,178.76,178.76,138.72,177.49,177.34,175.54,166.46,154.99,-0.2,0.95,180.46,170.62
JCI,Johnson Controls,Industrials,Building Products,107.09,111.73,66.66,106.79,107.01,106.14,106.4,90.47,-0.4,1.82,109.04,103.24
JPM,JPMorgan Chase,Financials,Diversified Banks,303.82,303.82,199.83,301.1,298.6,294.69,292.41,259.96,0.0,0.15,304.28,285.1
K,Kellanova,Consumer Staples,Packaged Foods & Meats,79.48,81.71,77.28,79.05,79.2,79.36,79.19,80.06,-0.1,0.44,79.83,78.89
KVUE,Kenvue,Consumer Staples,Personal Care Products,20.54,24.0,19.25,20.6,20.88,21.12,21.28,21.9,0.0,6.77,21.93,20.31
KDP,Keurig Dr Pepper,Consumer Staples,Soft Drinks & Non-alcoholic Beverages,29.25,36.99,28.91,29.13,30.57,32.64,33.09,32.75,0.0,29.85,37.98,27.29
KEY,KeyCorp,Financials,Regional Banks,19.18,19.18,12.92,19.08,18.92,18.34,18.08,16.65,0.2,2.66,19.69,16.98
KEYS,Keysight Technologies,Information Technology,Electronic Equipment & Instruments,166.95,185.11,127.02,165.2,164.82,164.38,164.14,161.0,0.0,1.53,169.5,159.25
KMB,Kimberly-Clark,Consumer Staples,Household Products,129.17,146.03,122.21,128.77,130.11,132.02,130.39,132.58,0.1,6.11,137.06,126.99
KIM,Kimco Realty,Real Estate,Retail REITs,22.79,24.93,18.48,22.48,22.29,21.76,21.55,21.58,0.1,0.79,22.97,20.54
KMI,Kinder Morgan,Energy,Oil & Gas Storage & Transportation,26.71,30.24,19.94,26.83,26.76,26.72,27.31,26.99,0.0,1.46,27.1,26.33
KKR,KKR & Co.,Financials,Asset Management & Custody Banks,137.35,166.38,92.52,138.1,138.94,140.84,141.4,134.56,0.0,7.14,147.16,134.51
KLAC,KLA Corporation,Information Technology,Semiconductor Materials & Equipment,873.29,953.34,573.9,865.91,872.88,890.25,901.82,756.74,0.0,8.54,947.87,832.68
KHC,Kraft Heinz,Consumer Staples,Packaged Foods & Meats,26.96,34.2,25.24,27.02,27.2,27.19,27.0,28.03,0.1,3.67,27.95,26.44
KR,Kroger,Consumer Staples,Food Retail,67.84,73.97,50.47,68.0,68.81,70.17,70.62,65.78,-0.2,9.51,74.29,66.04
LHX,L3Harris,Industrials,Aerospace & Defense,272.99,278.26,192.63,275.18,275.83,273.73,267.6,231.77,0.2,2.28,279.21,268.24
LH,Labcorp,Health Care,Health Care Services,275.23,278.58,209.65,275.23,276.12,272.78,262.92,245.13,0.0,2.67,282.58,262.98
LRCX,Lam Research,Information Technology,Semiconductor Materials & Equipment,100.42,107.38,58.94,99.89,100.65,101.33,99.64,82.82,-0.2,6.61,107.06,95.61
LW,Lamb Weston,Consumer Staples,Packaged Foods & Meats,55.77,80.72,47.73,56.53,56.33,55.0,53.82,57.24,0.3,4.82,58.46,51.53
LVS,Las Vegas Sands,Consumer Discretionary,Casinos & Gaming,55.11,57.71,30.35,56.57,56.05,54.76,51.38,45.2,0.2,5.21,57.98,51.54
LDOS,Leidos,Industrials,Diversified Support Services,178.58,199.72,126.1,179.89,180.9,179.55,168.97,151.35,0.2,2.96,183.87,175.23
LEN,Lennar,Consumer Discretionary,Homebuilding,138.07,183.45,101.84,134.22,133.74,130.6,120.2,122.59,-0.3,1.97,140.79,120.41
LII,Lennox International,Industrials,Building Products,561.37,674.16,506.5,553.46,563.5,579.45,597.03,593.95,0.0,10.29,619.13,539.79
LLY,Lilly (Eli),Health Care,Pharmaceuticals,742.91,949.27,624.28,736.09,726.75,697.65,745.31,783.37,-0.2,4.13,773.59,621.71
LIN,Linde plc,Materials,Industrial Gases,472.39,482.71,410.23,475.75,478.36,477.16,471.72,454.16,0.0,2.82,485.71,468.62
LYV,Live Nation Entertainment,Communication Services,Movies & Entertainment,162.98,166.62,92.78,164.71,164.98,161.62,154.08,140.79,0.2,5.07,171.24,151.99
LKQ,LKQ Corporation,Consumer Discretionary,Distributors,32.3,43.02,28.96,32.22,31.88,31.14,33.52,37.43,-0.2,2.91,33.24,29.05
LMT,Lockheed Martin,Industrials,Aerospace & Defense,456.85,597.79,407.77,452.72,449.84,441.31,443.09,460.22,0.0,1.07,461.74,420.9
L,Loews Corporation,Financials,Multi-line Insurance,97.53,97.53,76.27,96.79,96.45,95.61,93.01,87.76,0.2,0.45,97.97,93.25
LOW,Lowe's,Consumer Discretionary,Home Improvement Retail,264.57,278.66,209.46,259.92,259.48,254.25,236.55,237.85,-0.3,1.68,269.01,239.49
LULU,Lululemon Athletica,Consumer Discretionary,"Apparel, Accessories & Luxury Goods",206.09,421.16,186.44,202.42,202.84,199.09,214.25,301.56,0.2,2.05,210.31,187.87
LYB,LyondellBasell,Materials,Specialty Chemicals,54.3,89.15,47.21,55.31,55.8,53.27,56.86,63.34,0.2,9.37,59.39,47.16
MTB,M&T Bank,Financials,Regional Banks,202.36,215.8,154.27,199.88,198.42,193.5,193.65,186.44,0.0,1.31,205.01,181.98
MPC,Marathon Petroleum,Energy,Oil & Gas Refining & Marketing,178.98,181.25,117.23,179.43,175.65,168.39,170.45,152.43,0.0,3.22,184.74,152.04
MKTX,MarketAxess,Financials,Financial Exchanges & Data,180.13,289.47,180.13,181.66,185.13,186.13,202.0,215.1,0.0,6.72,192.23,180.04
MAR,Marriott International,Consumer Discretionary,"Hotels, Resorts & Cruise Lines",268.85,302.22,210.04,267.3,267.87,265.68,269.55,265.73,-0.2,1.76,273.58,257.79
MMC,Marsh McLennan,Financials,Insurance Brokers,206.11,243.22,197.78,205.81,207.05,206.93,208.39,219.8,0.0,2.79,211.86,201.99
MLM,Martin Marietta Materials,Materials,Construction Materials,618.97,619.25,451.25,614.72,611.63,609.4,583.36,540.22,-0.2,0.61,622.75,596.08
MAS,Masco,Industrials,Building Products,73.98,84.25,58.18,73.13,73.68,72.88,68.86,69.78,-0.1,3.57,76.62,69.13
MA,Mastercard,Financials,Transaction & Payment Processing Services,595.64,598.96,473.4,593.31,593.29,586.1,570.42,549.46,0.0,1.56,604.93,567.25
MTCH,Match Group,Communication Services,Interactive Media & Services,37.39,38.74,26.87,37.27,37.23,37.26,34.67,32.01,0.2,3.77,38.8,35.73
MKC,McCormick & Company,Consumer Staples,Packaged Foods & Meats,70.13,83.73,68.41,69.8,70.39,70.05,71.5,74.94,0.0,2.25,71.71,68.39
MCD,McDonald's,Consumer Discretionary,Restaurants,316.99,317.67,275.0,314.27,312.76,309.26,301.11,298.8,0.2,0.41,318.29,300.23
MCK,McKesson Corporation,Health Care,Health Care Distributors,691.45,734.45,476.95,687.99,687.42,679.54,699.93,658.96,0.0,1.9,704.59,654.47
MDT,Medtronic,Health Care,Health Care Equipment,92.85,93.33,78.03,92.64,92.33,92.3,90.62,86.5,-0.2,1.15,93.92,90.69
MRK,Merck & Co.,Health Care,Pharmaceuticals,84.05,115.53,72.74,84.21,84.89,83.69,82.36,86.61,-0.1,4.25,87.62,79.75
META,Meta Platforms,Communication Services,Interactive Media & Services,748.65,790.0,484.29,742.12,745.93,758.01,737.64,649.35,0.0,5.58,790.42,725.57
MET,MetLife,Financials,Life & Health Insurance,81.75,86.38,67.4,81.01,80.87,78.94,77.93,79.18,-0.1,2.07,83.44,74.43
MTD,Mettler Toledo,Health Care,Life Sciences Tools & Services,1287.79,1499.7,970.15,1283.31,1287.58,1290.94,1245.89,1214.86,0.0,3.98,1339.04,1242.88
MGM,MGM Resorts,Consumer Discretionary,Casinos & Gaming,37.03,41.99,25.79,38.67,38.4,37.03,36.94,34.28,0.4,9.15,40.42,33.64
MCHP,Microchip Technology,Information Technology,Semiconductors,64.43,78.29,34.83,64.31,65.92,65.14,68.64,58.71,-0.2,7.36,69.17,61.1
MU,Micron Technology,Information Technology,Semiconductors,124.21,127.79,64.66,120.48,118.66,120.1,117.95,100.25,0.0,2.85,127.75,112.45
MSFT,Microsoft,Information Technology,Systems Software,507.97,534.76,353.33,506.95,505.93,512.02,508.99,442.2,0.0,3.84,527.48,496.59
MAA,Mid-America Apartment Communities,Real Estate,Multi-Family Residential REITs,144.0,167.59,138.38,143.93,143.28,141.89,145.47,152.27,0.0,1.23,145.77,138.01
MRNA,Moderna,Health Care,Biotechnology,24.28,79.51,23.65,24.22,24.96,25.9,28.88,32.05,-0.2,17.55,28.54,23.26
MHK,Mohawk Industries,Consumer Discretionary,Home Furnishings,135.42,161.25,97.99,132.34,131.45,128.49,119.04,116.62,0.0,1.58,137.56,119.42
MOH,Molina Healthcare,Health Care,Managed Health Care,170.83,360.77,152.31,177.33,176.0,169.4,193.51,277.94,0.0,9.34,186.79,152.01
TAP,Molson Coors Beverage Company,Consumer Staples,Brewers,49.91,62.37,47.24,50.14,50.83,50.91,50.06,55.03,0.1,5.17,52.49,49.33
MDLZ,Mondelez International,Consumer Staples,Packaged Foods & Meats,60.9,73.6,55.34,61.34,61.88,61.97,65.35,63.57,0.0,3.89,63.27,60.67
MPWR,Monolithic Power Systems,Information Technology,Semiconductors,848.11,936.74,454.23,838.71,841.31,835.59,778.93,659.67,0.0,3.11,874.49,796.71
MNST,Monster Beverage,Consumer Staples,Soft Drinks & Non-alcoholic Beverages,63.45,64.69,46.16,62.81,62.74,63.3,61.6,57.25,-0.2,3.2,65.48,61.13
MCO,Moody's Corporation,Financials,Financial Exchanges & Data,499.76,524.53,395.22,502.78,507.08,510.87,505.84,480.77,0.2,4.73,523.4,498.36
MS,Morgan Stanley,Financials,Investment Banking & Brokerage,150.53,150.53,93.79,149.71,148.66,146.79,143.22,128.97,0.0,1.16,152.28,141.29
MOS,Mosaic Company (The),Materials,Fertilizers & Agricultural Chemicals,32.62,37.81,22.62,33.18,33.1,32.61,34.72,29.71,0.0,3.92,33.9,31.31
MSI,Motorola Solutions,Information Technology,Communications Equipment,478.62,500.78,393.68,474.87,467.94,464.29,440.33,440.89,-0.1,0.44,480.73,447.86
MSCI,MSCI Inc.,Financials,Financial Exchanges & Data,557.19,630.0,503.37,559.8,565.64,561.29,563.29,569.36,-0.2,4.35,581.43,541.13
NDAQ,"Nasdaq, Inc.",Financials,Financial Exchanges & Data,94.3,96.94,66.19,94.33,94.44,94.95,92.82,82.28,0.0,2.76,96.9,93.01
NTAP,NetApp,Information Technology,"Technology Hardware, Storage & Peripherals",118.83,129.06,75.73,116.14,113.15,110.47,107.36,106.03,0.4,-0.56,118.16,102.78
NFLX,Netflix,Communication Services,Movies & Entertainment,1257.48,1339.13,665.77,1227.49,1221.6,1219.93,1228.55,1060.43,0.0,-0.39,1252.58,1187.34
NEM,Newmont,Materials,Gold,74.88,75.86,36.61,74.71,73.03,70.9,64.87,51.03,0.0,1.52,76.02,65.77
NWSA,News Corp (Class A),Communication Services,Publishing,29.3,30.5,23.97,29.2,29.57,29.42,29.47,28.25,-0.2,3.92,30.45,28.38
NWS,News Corp (Class B),Communication Services,Publishing,33.17,35.17,26.94,33.44,33.99,33.9,33.94,32.15,-0.2,6.09,35.19,32.62
NEE,NextEra Energy,Utilities,Multi-Utilities,70.87,82.85,63.11,71.86,73.29,73.24,72.67,70.4,0.2,8.17,76.66,69.82
NKE,"Nike, Inc.",Consumer Discretionary,"Apparel, Accessories & Luxury Goods",75.35,87.5,52.64,75.77,76.73,76.1,74.45,69.58,0.2,5.03,79.14,73.05
NI,NiSource,Utilities,Multi-Utilities,39.83,43.33,32.25,41.63,42.09,42.19,41.25,38.72,0.0,8.99,43.41,40.96
NDSN,Nordson Corporation,Industrials,Industrial Machinery & Supplies & Components,226.01,261.43,166.9,224.09,224.53,219.61,218.23,212.74,0.2,2.15,230.87,208.34
NSC,Norfolk Southern,Industrials,Rail Transportation,279.76,285.53,204.09,278.8,278.93,280.11,273.06,247.94,-0.2,2.41,286.5,273.72
NTRS,Northern Trust,Financials,Asset Management & Custody Banks,129.49,132.06,83.86,130.25,130.27,128.42,127.73,109.15,-0.2,2.59,132.84,124.01
NOC,Northrop Grumman,Industrials,Aerospace & Defense,579.76,594.87,427.78,584.68,586.79,584.39,553.77,497.38,0.2,2.41,593.73,575.08
NCLH,Norwegian Cruise Line Holdings,Consumer Discretionary,"Hotels, Resorts & Cruise Lines",25.59,29.07,15.5,25.18,24.86,24.56,23.52,22.52,0.0,0.31,25.67,23.46
NRG,NRG Energy,Utilities,Independent Power Producers & Energy Traders,147.95,173.91,75.33,146.84,146.43,149.16,153.61,121.02,-0.2,5.54,156.15,142.17
NUE,Nucor,Materials,Steel,144.94,165.5,102.79,147.02,147.41,144.98,141.46,128.78,0.2,5.07,152.29,137.67
NVDA,Nvidia,Information Technology,Semiconductors,171.66,183.16,94.3,173.48,176.36,178.47,172.06,139.11,-0.2,8.76,186.7,170.25
NVR,"NVR, Inc.",Consumer Discretionary,Homebuilding,8407.77,9924.4,6700.0,8192.06,8135.58,8098.06,7810.56,7711.45,0.2,0.03,8410.29,7785.59
NXPI,NXP Semiconductors,Information Technology,Semiconductors,225.39,252.0,152.79,232.03,233.11,227.51,224.55,210.24,0.0,9.96,247.84,207.18
ORLY,O’Reilly Automotive,Consumer Discretionary,Automotive Retail,105.04,105.04,73.94,103.95,103.46,103.05,97.8,90.16,0.2,-0.08,104.96,101.14
OXY,Occidental Petroleum,Energy,Oil & Gas Exploration & Production,46.61,55.07,35.91,47.22,46.58,45.41,44.5,45.42,0.1,3.35,48.17,42.64
ODFL,Old Dominion,Industrials,Cargo Ground Transportation,148.81,230.37,141.59,149.33,151.79,150.42,156.86,172.05,0.2,6.12,157.92,142.91
OMC,Omnicom Group,Communication Services,Advertising,78.54,101.86,68.6,77.53,77.68,76.1,73.94,78.82,0.1,2.28,80.33,71.88
ON,ON Semiconductor,Information Technology,Semiconductors,48.06,74.7,31.95,49.03,49.9,49.79,53.74,51.72,0.0,9.88,52.81,46.77
OKE,Oneok,Energy,Oil & Gas Storage & Transportation,74.38,112.93,73.04,75.03,74.79,74.49,77.78,88.67,0.0,2.35,76.13,72.86
ORCL,Oracle Corporation,Information Technology,Application Software,223.0,256.43,122.56,227.64,231.32,238.77,237.99,182.26,0.0,15.72,258.06,219.47
OTIS,Otis Worldwide,Industrials,Industrial Machinery & Supplies & Components,86.5,104.22,84.52,86.11,86.89,87.25,91.56,95.16,0.0,3.19,89.26,85.23
PCAR,Paccar,Industrials,Construction Machinery & Heavy Transportation Equipment,98.21,113.98,85.82,98.79,99.52,98.92,97.79,99.79,-0.3,3.93,102.07,95.77
PKG,Packaging Corporation of America,Materials,Paper & Plastic Packaging Products & Materials,216.72,244.28,174.83,216.14,213.83,205.32,201.8,205.61,0.1,2.91,223.03,187.61
PLTR,Palantir Technologies,Information Technology,Application Software,156.14,186.97,30.16,156.59,157.26,167.09,156.48,110.42,0.0,22.97,192.01,142.17
PANW,Palo Alto Networks,Information Technology,Systems Software,192.35,208.28,152.44,191.19,188.15,181.5,188.76,187.24,-0.2,2.71,197.56,165.42
PSKY,Paramount Skydance Corporation,Communication Services,Movies & Entertainment,14.74,16.03,9.8,14.73,15.23,13.98,13.25,11.72,0.2,18.79,17.51,10.46
PH,Parker Hannifin,Industrials,Industrial Machinery & Supplies & Components,756.96,766.28,514.56,755.6,753.44,745.67,725.96,665.67,-0.2,1.94,771.65,719.67
PAYX,Paychex,Industrials,Human Resource & Employment Services,137.32,158.58,125.82,137.42,138.15,138.33,141.28,144.31,0.0,2.99,141.43,135.23
PAYC,Paycom,Industrials,Human Resource & Employment Services,224.5,265.28,153.91,223.74,226.18,224.63,227.45,224.34,0.0,4.69,235.03,214.24
PYPL,PayPal,Financials,Transaction & Payment Processing Services,68.46,91.81,57.41,69.52,69.44,69.06,71.77,75.05,0.2,3.75,71.03,67.09
PNR,Pentair,Industrials,Industrial Machinery & Supplies & Components,110.06,110.06,75.76,107.98,107.94,106.58,105.1,98.3,0.2,1.02,111.18,101.97
PEP,PepsiCo,Consumer Staples,Soft Drinks & Non-alcoholic Beverages,146.89,173.24,127.06,148.29,148.29,148.23,142.13,142.91,0.1,3.68,152.3,144.16
PFE,Pfizer,Health Care,Pharmaceuticals,24.54,28.21,20.83,24.73,25.04,24.98,24.62,24.19,0.0,5.05,25.78,24.18
PCG,PG&E Corporation,Utilities,Multi-Utilities,15.23,21.53,13.0,15.23,15.11,15.17,14.39,16.57,-0.3,2.3,15.58,14.75
PM,Philip Morris International,Consumer Staples,Tobacco,161.15,183.57,115.19,164.93,166.91,167.6,170.84,153.71,-0.2,7.9,173.88,161.32
PSX,Phillips 66,Energy,Oil & Gas Refining & Marketing,131.58,133.86,91.09,132.47,130.88,125.68,124.67,118.43,0.2,4.2,137.11,114.26
PNW,Pinnacle West Capital,Utilities,Multi-Utilities,89.28,93.78,79.36,89.1,89.84,91.04,90.46,88.89,0.2,5.3,94.01,88.06
PNC,PNC Financial Services,Financials,Diversified Banks,207.36,209.23,146.94,206.17,203.67,197.63,194.45,184.0,0.2,1.91,211.32,183.93
POOL,Pool Corporation,Consumer Discretionary,Distributors,315.8,385.63,283.92,310.26,314.13,315.18,308.86,322.72,0.1,4.59,330.3,300.06
PPG,PPG Industries,Materials,Specialty Chemicals,109.64,131.36,90.49,110.17,111.35,110.64,111.98,112.29,0.0,5.15,115.29,105.98
PPL,PPL Corporation,Utilities,Electric Utilities,36.5,37.24,30.73,36.43,36.54,36.61,35.69,34.23,0.0,1.89,37.19,36.04
PFG,Principal Financial Group,Financials,Life & Health Insurance,81.3,88.8,68.88,80.43,80.32,78.91,79.24,79.23,-0.2,1.08,82.18,75.64
PG,Procter & Gamble,Consumer Staples,Personal Care Products,159.19,176.3,150.47,157.61,157.45,156.44,156.09,162.6,-0.1,0.66,160.24,152.63
PGR,Progressive Corporation,Financials,Property & Casualty Insurance,249.01,291.0,234.89,246.95,246.77,247.26,248.74,259.78,0.0,1.24,252.1,242.41
PLD,Prologis,Real Estate,Industrial REITs,112.61,127.92,88.91,112.26,111.76,109.17,108.14,108.71,-0.1,2.5,115.43,102.92
PRU,Prudential Financial,Financials,Life & Health Insurance,108.84,124.75,92.74,108.42,108.71,106.44,104.74,107.66,-0.1,3.05,112.16,100.73
PEG,Public Service Enterprise Group,Utilities,Electric Utilities,81.73,92.39,76.52,81.96,82.57,84.44,84.61,82.9,-0.2,8.61,88.77,80.12
PTC,PTC Inc.,Information Technology,Application Software,213.25,216.53,136.74,213.33,213.71,210.39,200.61,179.35,-0.4,2.25,218.05,202.74
PSA,Public Storage,Real Estate,Self-Storage REITs,292.22,354.44,263.65,291.68,290.88,286.83,287.34,295.65,0.0,1.39,296.28,277.37
PHM,PulteGroup,Consumer Discretionary,Homebuilding,137.61,148.13,91.82,133.3,131.86,128.84,119.07,110.7,0.0,0.15,137.82,119.86
PWR,Quanta Services,Industrials,Construction & Engineering,376.09,421.68,236.56,377.82,379.09,380.84,387.36,328.49,-0.2,3.65,389.82,371.87
QCOM,Qualcomm,Information Technology,Semiconductors,159.71,175.11,123.92,159.46,158.48,156.15,156.27,154.77,-0.2,3.09,164.65,147.67
DGX,Quest Diagnostics,Health Care,Health Care Services,180.11,184.4,144.81,179.83,180.19,179.68,174.95,167.41,0.2,2.21,184.09,175.26
RL,Ralph Lauren Corporation,Consumer Discretionary,"Apparel, Accessories & Luxury Goods",320.75,320.75,169.83,307.94,298.62,294.52,291.15,253.12,0.0,-1.89,314.69,274.35
RJF,Raymond James Financial,Financials,Investment Banking & Brokerage,171.09,171.46,113.62,168.82,167.32,165.86,162.68,153.67,0.2,-0.15,170.83,160.89
RTX,RTX Corporation,Industrials,Aerospace & Defense,158.68,160.66,112.45,158.81,158.23,156.49,152.51,132.45,-0.2,1.29,160.73,152.26
O,Realty Income,Real Estate,Retail REITs,58.28,61.45,49.6,58.06,58.24,58.01,57.21,54.93,0.0,1.9,59.39,56.63
REG,Regency Centers,Real Estate,Retail REITs,73.56,76.25,64.84,72.57,72.29,71.94,71.19,71.43,0.1,-0.39,73.27,70.6
REGN,Regeneron Pharmaceuticals,Health Care,Biotechnology,567.22,1174.34,482.34,573.85,580.39,573.39,559.28,625.93,-0.1,5.77,599.95,546.82
RF,Regions Financial Corporation,Financials,Regional Banks,27.36,27.36,17.95,27.08,26.77,25.98,25.21,23.02,0.0,1.83,27.86,24.1
RSG,Republic Services,Industrials,Environmental & Facilities Services,233.85,257.46,196.49,233.31,233.77,234.03,237.77,231.3,0.0,1.23,236.73,231.33
RMD,ResMed,Health Care,Health Care Equipment,273.81,293.73,203.67,272.78,279.89,282.34,271.4,244.26,-0.2,7.72,294.95,269.74
RVTY,Revvity,Health Care,Health Care Equipment,85.7,127.41,83.36,87.25,89.21,89.16,93.34,103.29,0.0,9.98,94.25,84.06
ROK,Rockwell Automation,Industrials,Electrical Components & Equipment,341.86,357.15,217.21,342.18,345.65,342.37,343.33,295.76,-0.2,4.16,356.08,328.66
ROL,"Rollins, Inc.",Industrials,Environmental & Facilities Services,56.86,58.48,45.24,56.52,56.84,57.39,56.74,53.08,0.2,3.68,58.95,55.84
ROP,Roper Technologies,Information Technology,Electronic Equipment & Instruments,527.12,592.1,501.26,524.63,527.03,528.55,544.88,554.71,0.0,2.38,539.67,517.41
ROST,Ross Stores,Consumer Discretionary,Apparel Retail,152.81,155.29,122.55,150.2,148.99,147.98,139.41,140.89,0.3,-0.44,152.14,143.83
RCL,Royal Caribbean Group,Consumer Discretionary,"Hotels, Resorts & Cruise Lines",360.06,365.84,154.84,359.64,352.57,333.92,331.83,259.19,0.2,4.63,376.73,291.11
SPGI,S&P Global,Financials,Financial Exchanges & Data,540.26,563.17,436.73,543.03,547.52,552.12,539.13,512.09,-0.2,4.62,565.22,539.04
CRM,Salesforce,Information Technology,Application Software,244.01,366.29,231.66,252.82,250.0,244.75,256.34,288.87,0.2,6.2,259.14,230.37
SBAC,SBA Communications,Real Estate,Telecom Tower REITs,195.17,244.52,189.91,201.47,209.97,214.26,224.03,217.67,-0.2,18.26,230.81,197.71
SLB,Schlumberger,Energy,Oil & Gas Equipment & Services,36.01,44.26,31.43,35.87,35.43,34.12,34.34,36.99,-0.2,2.78,37.01,31.24
STX,Seagate Technology,Information Technology,"Technology Hardware, Storage & Peripherals",183.98,183.98,66.19,174.12,168.09,161.44,153.53,110.51,0.2,-2.43,179.51,143.37
SRE,Sempra,Utilities,Multi-Utilities,82.12,92.47,63.23,82.25,82.1,81.98,79.36,78.28,0.0,1.29,83.18,80.79
NOW,ServiceNow,Information Technology,Systems Software,898.56,1170.39,721.65,915.08,897.17,883.93,939.94,968.89,0.0,3.26,927.85,840.04
SHW,Sherwin-Williams,Materials,Specialty Chemicals,365.78,397.11,312.15,364.35,365.94,363.11,351.12,351.63,-0.1,2.52,375.0,351.21
SPG,Simon Property Group,Real Estate,Retail REITs,181.52,183.07,138.55,180.05,178.17,174.35,168.01,166.25,0.0,1.41,184.08,164.62
SWKS,Skyworks Solutions,Information Technology,Semiconductors,74.64,98.71,48.25,74.26,74.96,73.63,73.03,73.01,0.2,4.54,78.03,69.23
SJM,J.M. Smucker Company (The),Consumer Staples,Packaged Foods & Meats,112.34,116.99,93.48,110.19,110.49,110.7,106.96,107.62,-0.5,1.91,114.49,106.91
SW,Smurfit Westrock,Materials,Paper & Plastic Packaging Products & Materials,46.17,55.13,37.46,46.8,46.13,44.67,45.15,46.79,-0.2,4.05,48.04,41.3
SNA,Snap-on,Industrials,Industrial Machinery & Supplies & Components,328.77,364.18,264.02,325.29,326.98,324.89,321.44,327.75,-0.3,1.36,333.24,316.54
SOLV,Solventum,Health Care,Health Care Technology,72.38,84.04,63.01,72.27,72.55,72.48,73.56,72.21,-0.2,2.45,74.15,70.82
SO,Southern Company,Utilities,Electric Utilities,91.87,95.24,78.98,92.03,92.88,93.36,92.91,87.68,0.2,3.69,95.26,91.46
LUV,Southwest Airlines,Industrials,Passenger Airlines,31.12,37.49,23.77,32.21,32.31,31.38,32.71,31.31,0.0,8.64,33.81,28.94
SWK,Stanley Black & Decker,Industrials,Industrial Machinery & Supplies & Components,74.74,105.48,54.53,73.45,74.11,73.02,70.9,73.58,-0.1,4.23,77.9,68.14
SBUX,Starbucks,Consumer Discretionary,Restaurants,87.01,114.25,78.61,88.05,87.73,89.64,91.24,93.27,0.0,8.11,94.07,85.2
STT,State Street Corporation,Financials,Asset Management & Custody Banks,114.06,115.82,74.79,114.11,114.4,112.83,110.51,97.52,0.0,2.24,116.61,109.04
STLD,Steel Dynamics,Materials,Steel,130.86,152.49,106.43,130.39,130.81,128.2,129.34,127.72,-0.2,3.21,135.06,121.34
STE,Steris,Health Care,Health Care Equipment,243.39,251.96,201.46,243.54,246.31,245.4,236.27,226.0,0.2,3.66,252.3,238.52
SYK,Stryker Corporation,Health Care,Health Care Equipment,394.34,403.53,336.65,390.78,391.13,386.07,389.54,379.1,-0.2,1.26,399.31,372.82
SMCI,Supermicro,Information Technology,"Technology Hardware, Storage & Peripherals",40.7,60.71,18.01,41.42,42.65,43.9,48.78,39.95,-0.2,17.4,47.78,40.03
SYF,Synchrony Financial,Financials,Consumer Finance,76.86,76.86,43.38,76.18,75.04,73.11,70.85,62.44,0.2,1.55,78.05,68.16
SNPS,Synopsys,Information Technology,Application Software,601.96,645.35,380.9,600.36,600.26,608.82,588.9,511.31,0.0,4.68,630.13,587.51
SYY,Sysco,Consumer Staples,Food Distributors,82.51,82.51,67.53,80.83,80.34,80.38,78.94,74.43,0.4,-0.45,82.14,78.63
TMUS,T-Mobile US,Communication Services,Wireless Telecommunication Services,252.12,270.87,190.29,252.47,252.23,251.54,241.3,241.01,0.2,2.91,259.46,243.62
TROW,T. Rowe Price,Financials,Asset Management & Custody Banks,111.52,120.07,79.19,107.68,107.66,107.17,104.36,101.73,0.0,-0.47,111.0,103.34
TTWO,Take-Two Interactive,Communication Services,Interactive Home Entertainment,240.65,243.05,147.66,237.73,234.02,231.52,232.56,212.85,0.0,0.79,242.55,220.48
TPR,"Tapestry, Inc.",Consumer Discretionary,"Apparel, Accessories & Luxury Goods",105.82,113.53,39.79,103.49,101.57,102.94,101.38,79.35,0.2,6.23,112.41,93.46
TRGP,Targa Resources,Energy,Oil & Gas Storage & Transportation,166.54,213.93,141.11,166.31,164.63,164.63,166.68,178.63,0.0,1.6,169.2,160.06
TGT,Target Corporation,Consumer Staples,Consumer Staples Merchandise Retail,92.71,154.72,86.82,94.06,95.78,99.81,100.97,109.94,0.0,17.5,108.93,90.7
TEL,TE Connectivity,Information Technology,Electronic Manufacturing Services,208.54,208.6,121.04,206.72,205.78,204.06,192.38,159.01,0.0,0.64,209.87,198.25
TDY,Teledyne Technologies,Information Technology,Electronic Equipment & Instruments,547.0,563.66,420.0,541.96,543.05,543.65,539.16,498.4,-0.2,1.02,552.58,534.74
TER,Teradyne,Information Technology,Semiconductor Materials & Equipment,119.39,139.64,67.86,119.15,117.3,113.45,102.59,100.79,0.2,3.03,123.01,103.89
TSLA,"Tesla, Inc.",Consumer Discretionary,Automobile Manufacturers,338.53,479.86,210.6,336.37,338.98,335.77,323.61,330.01,-0.3,4.24,352.88,318.67
TXN,Texas Instruments,Information Technology,Semiconductors,187.29,219.66,143.34,197.88,201.36,196.8,200.31,186.07,-0.4,12.54,210.78,182.83
TPL,Texas Pacific Land Corporation,Energy,Oil & Gas Exploration & Production,928.93,1720.9,783.51,926.58,913.75,896.48,960.96,1210.15,0.2,1.88,946.39,846.55
TXT,Textron,Industrials,Aerospace & Defense,81.33,90.25,60.7,80.24,80.62,79.77,80.86,76.52,-0.2,1.48,82.53,77.0
TMO,Thermo Fisher Scientific,Health Care,Life Sciences Tools & Services,489.49,622.18,390.26,488.81,489.51,484.49,456.89,481.26,-0.1,3.77,507.94,461.02
TJX,TJX Companies,Consumer Discretionary,Apparel Retail,141.02,141.02,110.73,138.56,137.62,135.45,128.95,124.62,0.0,0.01,141.03,129.85
TKO,TKO Group Holdings,Communication Services,Movies & Entertainment,190.08,191.28,113.12,188.35,186.67,184.05,176.16,157.89,0.0,5.12,199.81,168.27
TTD,Trade Desk (The),Communication Services,Advertising,51.92,139.51,45.27,53.98,53.26,54.94,69.81,83.54,0.0,35.65,70.43,39.46
TSCO,Tractor Supply,Consumer Discretionary,Other Specialty Retail,60.64,62.65,47.62,61.34,61.45,60.73,58.27,54.28,0.2,3.76,62.92,58.54
TT,Trane Technologies,Industrials,Building Products,413.15,472.54,314.52,414.5,418.89,424.24,434.36,393.59,-0.2,6.3,439.18,409.3
TDG,TransDigm Group,Industrials,Aerospace & Defense,1281.81,1516.55,1146.91,1296.43,1303.18,1309.16,1393.66,1292.05,0.0,4.38,1337.95,1280.42
TRV,Travelers Companies (The),Financials,Property & Casualty Insurance,279.43,279.43,223.19,274.22,273.78,270.39,264.48,256.49,0.4,-0.02,279.37,261.41
TRMB,Trimble Inc.,Information Technology,Electronic Equipment & Instruments,79.71,85.24,54.15,79.98,80.78,81.74,81.22,72.78,0.2,6.61,84.98,78.5
TFC,Truist Financial,Financials,Diversified Banks,47.07,47.07,33.92,46.7,46.24,45.08,44.35,42.18,0.2,1.81,47.92,42.24
TYL,Tyler Technologies,Information Technology,Application Software,554.23,646.74,521.68,555.94,557.05,567.24,571.22,582.48,-0.2,7.25,594.41,540.05
TSN,Tyson Foods,Consumer Staples,Packaged Foods & Meats,56.18,63.67,51.83,56.29,56.56,56.36,54.98,57.0,-0.1,1.98,57.29,55.43
USB,U.S. Bancorp,Financials,Diversified Banks,49.17,51.9,36.0,48.75,48.37,47.05,46.41,44.98,0.2,2.01,50.16,43.94
UBER,Uber,Industrials,Passenger Ground Transportation,91.98,97.48,59.93,93.49,94.55,93.39,92.34,78.95,0.0,5.87,97.38,89.41
UDR,"UDR, Inc.",Real Estate,Multi-Family Residential REITs,38.82,45.23,37.29,38.84,38.86,38.59,39.5,41.22,0.0,1.88,39.55,37.62
ULTA,Ulta Beauty,Consumer Discretionary,Other Specialty Retail,529.5,533.81,314.47,523.29,525.04,519.97,502.58,423.01,-0.4,2.77,544.17,495.76
UNP,Union Pacific Corporation,Industrials,Rail Transportation,223.06,249.94,205.73,222.27,222.46,221.46,225.26,227.71,0.0,1.2,225.74,217.19
UAL,United Airlines Holdings,Industrials,Passenger Airlines,106.05,110.52,43.87,105.39,103.78,100.36,91.94,88.02,0.2,4.87,111.21,89.5
UPS,United Parcel Service,Industrials,Air Freight & Logistics,84.48,130.93,82.93,85.94,86.77,86.49,92.34,104.92,0.0,5.22,88.89,84.08
URI,United Rentals,Industrials,Trading Companies & Distributors,964.66,964.66,549.5,956.05,943.29,921.02,857.88,738.46,0.0,2.24,986.27,855.77
UNH,UnitedHealth Group,Health Care,Managed Health Care,310.38,615.84,237.77,307.84,305.92,291.43,288.47,423.07,0.1,8.24,335.96,246.89
UHS,Universal Health Services,Health Care,Health Care Facilities,185.68,240.49,154.78,182.23,182.74,179.71,175.1,181.11,0.1,1.76,188.95,170.48
VLO,Valero Energy,Energy,Oil & Gas Refining & Marketing,155.39,155.39,102.97,153.64,149.87,142.69,141.96,130.52,0.0,2.26,158.9,126.48
VTR,Ventas,Real Estate,Health Care REITs,67.72,69.55,56.07,67.74,67.88,68.04,66.37,63.91,0.0,2.05,69.11,66.96
VLTO,Veralto,Industrials,Environmental & Facilities Services,106.6,113.22,85.23,105.93,106.89,107.42,104.81,100.67,-0.2,3.0,109.8,105.05
VRSN,Verisign,Information Technology,Internet Services & Infrastructure,277.08,305.1,175.69,273.95,272.03,270.15,277.38,245.66,0.2,-0.01,277.05,263.25
VRSK,Verisk Analytics,Industrials,Research & Consulting Services,270.05,320.87,260.0,267.56,268.39,267.41,284.53,290.38,-0.2,1.1,273.02,261.79
VZ,Verizon,Communication Services,Integrated Telecommunication Services,44.18,45.06,36.62,43.98,44.18,44.01,42.95,41.54,0.0,2.33,45.21,42.81
VRTX,Vertex Pharmaceuticals,Health Care,Biotechnology,396.93,516.74,366.54,395.52,393.54,389.69,430.37,453.07,-0.2,2.35,406.26,373.11
VTRS,Viatris,Health Care,Pharmaceuticals,10.33,12.87,7.08,10.48,10.5,10.33,9.53,9.78,0.1,7.07,11.06,9.6
VICI,Vici Properties,Real Estate,Hotel & Resort REITs,33.5,33.93,27.46,33.51,33.46,33.1,33.06,31.16,0.0,1.37,33.96,32.23
V,Visa Inc.,Financials,Transaction & Payment Processing Services,350.99,372.65,267.75,350.71,349.76,344.95,347.88,338.79,-0.2,1.69,356.92,332.99
VST,Vistra Corp.,Utilities,Electric Utilities,189.73,214.06,73.19,189.89,191.0,195.89,195.48,159.23,0.2,10.06,208.82,182.95
VMC,Vulcan Materials Company,Materials,Construction Materials,292.33,295.15,219.65,291.04,290.85,290.06,276.9,263.35,0.0,1.42,296.48,283.65
WRB,W. R. Berkley Corporation,Financials,Property & Casualty Insurance,72.92,74.57,55.33,72.02,71.86,71.39,70.42,66.04,0.0,0.25,73.1,69.68
GWW,W. W. Grainger,Industrials,Industrial Machinery & Supplies & Components,1028.03,1212.97,915.74,1018.32,1015.0,991.92,1011.64,1044.78,-0.2,1.9,1047.56,936.3
WAB,Wabtec,Industrials,Construction Machinery & Heavy Transportation Equipment,193.78,214.1,159.81,193.27,193.74,192.51,199.8,194.15,-0.2,1.53,196.74,188.29
WMT,Walmart,Consumer Staples,Consumer Staples Merchandise Retail,100.93,104.27,75.9,98.26,97.43,99.68,98.04,94.48,0.2,4.08,105.05,94.32
DIS,Walt Disney Company (The),Communication Services,Movies & Entertainment,118.81,124.01,81.37,118.1,117.9,116.44,119.05,109.62,-0.2,1.36,120.43,112.45
WBD,Warner Bros. Discovery,Communication Services,Broadcasting,11.77,13.7,6.94,11.8,11.86,11.7,12.04,10.5,0.0,5.52,12.42,10.98
WM,Waste Management,Industrials,Environmental & Facilities Services,224.95,241.26,199.11,225.21,225.78,228.09,228.07,224.44,0.2,4.75,235.64,220.53
WAT,Waters Corporation,Health Care,Life Sciences Tools & Services,299.69,417.28,277.72,297.14,296.8,292.89,306.71,352.41,0.0,2.4,306.88,278.91
WEC,WEC Energy Group,Utilities,Electric Utilities,107.48,110.37,89.8,106.64,107.2,107.85,106.65,102.36,0.0,2.37,110.03,105.66
WFC,Wells Fargo,Financials,Diversified Banks,81.83,83.83,50.45,81.66,80.94,79.42,80.14,74.32,-0.2,1.77,83.28,75.57
WELL,Welltower,Real Estate,Health Care REITs,167.68,168.94,119.83,167.71,166.84,165.82,161.08,146.25,0.0,1.42,170.06,161.59
WST,West Pharmaceutical Services,Health Care,Health Care Supplies,247.54,347.02,190.04,246.53,246.08,244.88,236.31,255.08,-0.1,1.1,250.26,239.5
WDC,Western Digital,Information Technology,"Technology Hardware, Storage & Peripherals",90.49,90.49,30.48,84.16,81.2,78.36,72.27,53.74,0.2,-4.23,86.66,70.06
WY,Weyerhaeuser,Real Estate,Timber REITs,25.55,32.88,24.29,25.37,25.72,25.69,25.66,27.35,0.1,4.11,26.6,24.78
WSM,"Williams-Sonoma, Inc.",Consumer Discretionary,Homefurnishing Retail,202.91,215.83,126.49,192.65,195.19,199.02,185.59,177.13,0.0,3.87,210.76,187.27
WMB,Williams Companies,Energy,Oil & Gas Storage & Transportation,57.58,62.87,42.67,57.71,57.49,57.47,58.43,57.19,0.0,1.37,58.37,56.57
WTW,Willis Towers Watson,Financials,Insurance Brokers,329.84,339.25,284.76,327.22,331.3,331.06,317.59,316.46,0.2,2.85,339.24,322.89
WDAY,"Workday, Inc.",Information Technology,Application Software,231.13,279.91,210.47,230.55,227.76,225.46,230.59,247.59,-0.2,2.15,236.1,214.81
WYNN,Wynn Resorts,Consumer Discretionary,Casinos & Gaming,122.89,126.75,65.78,125.47,121.32,115.57,109.97,91.82,0.2,5.45,129.59,101.55
XEL,Xcel Energy,Utilities,Multi-Utilities,72.24,74.26,60.46,72.31,72.74,72.74,71.28,68.76,0.0,2.19,73.82,71.66
XYL,Xylem Inc.,Industrials,Industrial Machinery & Supplies & Components,141.94,144.22,102.25,141.51,142.02,141.97,136.44,125.23,0.0,1.87,144.59,139.35
YUM,Yum! Brands,Consumer Discretionary,Restaurants,143.67,160.96,121.48,144.94,145.63,145.34,146.09,142.57,0.0,4.98,150.82,139.87
ZBRA,Zebra Technologies,Information Technology,Electronic Equipment & Instruments,311.25,421.11,213.54,312.62,315.6,317.4,321.34,324.44,0.0,7.15,333.5,301.3
ZBH,Zimmer Biomet,Health Care,Health Care Equipment,104.76,115.11,89.98,105.19,105.98,104.0,97.83,101.75,0.1,4.3,109.26,98.74
ZTS,Zoetis,Health Care,Pharmaceuticals,153.2,194.12,143.44,153.94,154.73,153.3,153.02,161.02,0.1,3.66,158.81,147.81
