Symbol,Company,GICS_Sector,GICS_Sub_Industry,Current_Price,52_Week_High,52_Week_Low,SMA_5,SMA_10,SMA_20,SMA_50,SMA_100,SMA_125,SMA_200
MMM,3M,Industrials,Industrial Conglomerates,155.52,163.4,120.83,154.98,155.55,154.89,152.95,147.64,146.92,143.29
AOS,A. O. Smith,Industrials,Building Products,72.64,90.29,58.25,71.34,71.94,71.9,70.17,67.81,67.25,67.75
ABT,Abbott Laboratories,Health Care,Health Care Equipment,132.81,139.95,109.57,132.1,132.0,131.65,130.66,131.16,130.48,126.64
ABBV,AbbVie,Health Care,Biotechnology,213.0,214.8,159.42,211.02,209.92,206.41,196.22,189.94,191.94,186.94
ACN,Accenture,Information Technology,IT Consulting & Other Services,252.94,394.41,236.67,255.88,256.12,250.88,269.9,287.49,291.51,316.95
ADBE,Adobe Inc.,Information Technology,Application Software,344.31,587.75,330.04,349.82,353.91,350.83,361.85,375.56,378.27,409.8
AMD,Advanced Micro Devices,Information Technology,Semiconductors,161.79,186.65,76.48,163.49,164.6,169.46,160.94,134.92,127.98,125.62
AES,AES Corporation,Utilities,Independent Power Producers & Energy Traders,12.81,19.17,9.28,13.29,13.31,13.2,12.72,11.58,11.6,11.58
AFL,Aflac,Financials,Life & Health Insurance,108.55,113.54,96.14,106.77,107.35,105.94,103.26,103.68,104.23,104.26
A,Agilent Technologies,Health Care,Life Sciences Tools & Services,128.48,153.19,96.23,125.91,122.45,120.01,118.79,114.71,114.92,123.44
APD,Air Products,Materials,Industrial Gases,289.97,336.92,242.14,292.51,293.81,291.81,290.98,281.22,281.99,292.2
ABNB,Airbnb,Consumer Discretionary,"Hotels, Resorts & Cruise Lines",125.37,163.93,99.88,127.77,128.01,125.59,131.78,130.0,128.48,131.34
AKAM,Akamai Technologies,Information Technology,Internet Services & Infrastructure,77.19,106.8,67.51,77.85,77.49,75.74,77.39,77.65,78.06,83.97
ALB,Albemarle Corporation,Materials,Specialty Chemicals,79.27,112.1,49.11,81.75,81.95,80.54,74.8,66.45,67.29,75.68
ARE,Alexandria Real Estate Equities,Real Estate,Office REITs,82.89,118.73,66.16,81.93,81.09,78.19,77.7,74.7,77.83,84.96
ALGN,Align Technology,Health Care,Health Care Supplies,134.7,262.87,127.7,137.46,140.63,141.18,168.35,173.65,171.5,188.05
ALLE,Allegion,Industrials,Building Products,170.75,172.95,116.14,169.44,170.0,168.46,159.73,148.66,144.28,139.7
LNT,Alliant Energy,Utilities,Electric Utilities,64.72,67.11,54.71,64.8,65.48,65.41,63.85,62.21,62.1,61.06
ALL,Allstate,Financials,Property & Casualty Insurance,208.33,213.71,173.88,204.49,203.86,205.44,199.45,199.21,199.33,196.14
GOOGL,Alphabet Inc. (Class A),Communication Services,Interactive Media & Services,232.3,232.37,140.36,219.77,212.78,207.16,193.71,179.15,175.3,178.88
GOOG,Alphabet Inc. (Class C),Communication Services,Interactive Media & Services,232.66,232.77,142.49,220.33,213.43,207.91,194.56,180.34,176.66,180.33
MO,Altria,Consumer Staples,Tobacco,66.59,68.6,46.28,66.8,66.92,66.28,62.23,60.2,59.41,56.56
AMZN,Amazon,Consumer Discretionary,Broadline Retail,235.68,242.52,161.38,229.52,228.42,227.13,225.11,211.97,208.03,213.1
AMCR,Amcor,Materials,Paper & Plastic Packaging Products & Materials,8.35,11.04,8.25,8.46,8.52,8.84,9.25,9.21,9.26,9.42
AEE,Ameren,Utilities,Multi-Utilities,100.88,103.59,79.7,100.01,100.6,101.01,99.24,97.9,97.87,95.66
AEP,American Electric Power,Utilities,Electric Utilities,108.64,115.08,87.57,110.31,111.72,112.07,108.69,105.76,105.28,101.57
AXP,American Express,Financials,Consumer Finance,330.65,332.07,219.87,328.76,323.0,313.16,312.04,297.58,290.22,294.27
AIG,American International Group,Financials,Multi-line Insurance,81.73,87.61,68.55,81.41,82.06,80.84,81.07,81.99,82.09,79.09
AMT,American Tower,Real Estate,Telecom Tower REITs,195.09,235.86,169.77,199.65,204.17,205.1,214.25,214.3,213.41,204.32
AWK,American Water Works,Utilities,Water Utilities,141.57,153.69,116.64,142.02,143.53,143.74,141.88,142.05,142.07,136.38
AMP,Ameriprise Financial,Financials,Asset Management & Custody Banks,511.9,576.69,393.57,512.67,513.22,510.13,519.98,507.74,501.54,515.8
AME,Ametek,Industrials,Electrical Components & Equipment,187.87,197.35,144.77,185.71,185.79,184.69,182.32,177.68,176.36,179.84
AMGN,Amgen,Health Care,Biotechnology,280.1,330.26,247.06,284.84,287.73,287.88,291.24,284.8,288.43,283.63
APH,Amphenol,Information Technology,Electronic Components,112.75,112.78,56.35,110.7,110.14,110.05,105.07,94.2,88.25,81.52
ADI,Analog Devices,Information Technology,Semiconductors,246.11,257.11,157.31,248.51,250.23,240.44,236.94,222.79,218.03,216.65
AON,Aon plc,Financials,Insurance Brokers,373.49,411.24,322.37,370.6,371.17,369.58,361.5,360.42,366.08,368.94
APA,APA Corporation,Energy,Oil & Gas Exploration & Production,23.44,26.58,13.18,23.23,22.55,21.39,19.91,18.49,18.51,19.69
APO,Apollo Global Management,Financials,Asset Management & Custody Banks,134.76,187.59,101.84,135.17,134.81,137.35,142.35,137.54,136.56,146.59
AAPL,Apple Inc.,Information Technology,"Technology Hardware, Storage & Peripherals",239.78,259.18,168.8,234.53,231.23,230.16,217.5,209.88,210.31,220.86
AMAT,Applied Materials,Information Technology,Semiconductor Materials & Equipment,158.24,213.48,123.04,159.62,161.13,168.69,180.31,169.66,165.0,167.59
APTV,Aptiv,Consumer Discretionary,Automotive Parts & Equipment,80.45,81.13,47.19,79.66,78.98,75.56,71.77,67.22,65.83,63.88
ACGL,Arch Capital Group,Financials,Property & Casualty Insurance,92.22,110.75,82.49,91.83,92.06,91.16,89.66,91.13,91.41,92.15
ADM,Archer Daniels Midland,Consumer Staples,Agricultural Products & Services,61.94,64.38,40.22,62.2,62.48,60.6,56.69,52.46,51.15,50.24
ANET,Arista Networks,Information Technology,Communications Equipment,141.17,142.46,59.43,137.44,135.31,136.22,120.79,104.24,99.19,102.34
AJG,Arthur J. Gallagher & Co.,Financials,Insurance Brokers,300.22,350.53,272.64,301.77,301.5,297.67,303.56,316.93,319.48,312.78
AIZ,Assurant,Financials,Multi-line Insurance,216.51,227.13,173.64,215.73,214.97,211.97,198.47,196.98,198.14,202.88
T,AT&T,Communication Services,Integrated Telecommunication Services,29.58,29.7,19.03,29.19,29.05,28.82,28.11,27.7,27.47,25.87
ATO,Atmos Energy,Utilities,Gas Utilities,164.79,167.99,127.77,165.41,165.8,165.08,158.61,156.79,155.13,150.06
ADSK,Autodesk,Information Technology,Application Software,319.93,326.62,232.67,311.96,298.98,293.31,298.38,292.49,285.84,290.28
ADP,Automatic Data Processing,Industrials,Human Resource & Employment Services,301.19,328.29,262.35,301.59,303.12,303.49,304.15,306.22,304.02,301.72
AZO,AutoZone,Consumer Discretionary,Automotive Retail,4232.96,4238.19,2898.57,4199.58,4176.16,4112.86,3902.35,3800.49,3770.12,3596.26
AVB,AvalonBay Communities,Real Estate,Multi-Family Residential REITs,192.72,233.48,178.86,192.65,192.57,190.7,195.67,199.63,200.8,207.23
AVY,Avery Dennison,Materials,Paper & Plastic Packaging Products & Materials,167.03,219.94,155.31,168.61,171.48,172.38,174.52,174.4,174.36,179.37
AXON,Axon Enterprise,Industrials,Aerospace & Defense,730.16,885.92,346.71,745.65,756.02,772.07,768.66,731.3,693.63,663.67
BKR,Baker Hughes,Energy,Oil & Gas Equipment & Services,46.32,48.6,31.55,45.53,44.95,43.93,42.24,39.74,40.1,41.26
BALL,Ball Corporation,Materials,"Metal, Glass & Plastic Containers",50.42,67.13,43.18,51.19,51.94,52.7,55.61,53.88,53.18,53.75
BAC,Bank of America,Financials,Diversified Banks,50.62,50.92,32.88,50.47,50.02,48.55,47.79,45.01,44.0,44.44
BAX,Baxter International,Health Care,Health Care Equipment,23.58,39.59,21.18,24.04,24.13,23.96,26.33,28.15,29.06,29.85
BDX,Becton Dickinson,Health Care,Health Care Equipment,191.26,249.34,162.35,190.65,193.37,194.07,184.09,181.46,189.49,203.56
BBY,Best Buy,Consumer Discretionary,Computer & Electronics Retail,77.05,99.71,54.24,74.54,74.39,72.68,70.19,68.93,69.06,74.75
TECH,Bio-Techne,Health Care,Life Sciences Tools & Services,52.92,80.52,45.87,53.73,54.95,53.85,53.73,51.61,52.93,59.87
BIIB,Biogen,Health Care,Biotechnology,139.94,206.7,110.04,137.21,137.39,135.59,132.15,128.43,129.92,136.87
BLK,BlackRock,Financials,Asset Management & Custody Banks,1108.76,1171.89,769.66,1116.13,1126.21,1131.78,1106.73,1026.29,1004.57,1003.45
BX,Blackstone Inc.,Financials,Asset Management & Custody Banks,169.9,196.67,114.16,170.04,169.67,170.05,165.94,151.15,148.65,157.44
XYZ,"Block, Inc.",Financials,Transaction & Payment Processing Services,75.75,99.26,44.27,77.64,77.87,76.52,74.04,66.19,64.26,72.22
BK,BNY Mellon,Financials,Asset Management & Custody Banks,105.56,106.57,64.5,105.33,104.37,103.31,99.01,92.03,89.77,86.44
BA,Boeing,Industrials,Aerospace & Defense,230.75,242.69,128.88,234.27,232.32,231.16,226.28,209.8,200.38,188.76
BKNG,Booking Holdings,Consumer Discretionary,"Hotels, Resorts & Cruise Lines",5585.86,5839.41,3680.94,5585.08,5638.2,5559.43,5614.71,5396.13,5222.12,5122.33
BSX,Boston Scientific,Health Care,Health Care Equipment,107.29,108.94,80.5,106.55,106.15,104.78,104.76,103.27,102.21,100.04
BMY,Bristol Myers Squibb,Health Care,Pharmaceuticals,46.69,61.84,42.96,47.13,47.4,47.33,46.98,47.3,49.35,51.84
AVGO,Broadcom,Information Technology,Semiconductors,306.1,317.35,133.38,302.55,298.89,301.64,290.03,255.52,240.19,228.15
BR,Broadridge Financial Solutions,Industrials,Data Processing & Outsourced Services,252.02,271.91,203.77,253.3,256.16,259.32,249.95,243.82,241.47,237.76
BRO,Brown & Brown,Financials,Insurance Brokers,95.49,125.31,90.24,95.88,96.13,95.56,99.94,105.67,108.38,108.03
BLDR,Builders FirstSource,Industrials,Building Products,143.27,203.14,102.6,139.16,139.98,137.82,131.83,123.02,123.74,137.01
BG,Bunge Global,Consumer Staples,Agricultural Products & Services,81.13,98.06,65.6,82.53,84.09,82.78,79.35,78.74,77.66,77.41
BXP,"BXP, Inc.",Real Estate,Office REITs,75.29,86.38,53.45,73.13,71.17,68.05,68.34,67.34,66.73,68.66
CHRW,C.H. Robinson,Industrials,Air Freight & Logistics,127.84,131.17,84.13,128.7,127.29,123.7,110.22,101.69,100.82,101.46
CDNS,Cadence Design Systems,Information Technology,Application Software,349.33,376.45,221.56,348.84,347.75,349.15,336.77,316.61,303.62,300.66
CZR,Caesars Entertainment,Consumer Discretionary,Casinos & Gaming,25.75,45.93,21.4,26.11,26.22,25.59,27.56,27.51,27.33,30.33
CPT,Camden Property Trust,Real Estate,Multi-Family Residential REITs,110.34,124.31,101.41,110.21,109.71,108.04,110.68,112.72,113.47,114.26
CPB,Campbell's Company (The),Consumer Staples,Packaged Foods & Meats,32.66,50.77,29.39,32.28,32.37,32.41,31.88,33.21,34.22,36.36
COF,Capital One,Financials,Consumer Finance,226.32,231.82,129.97,225.06,222.91,218.26,216.13,201.72,195.25,192.82
CAH,Cardinal Health,Health Care,Health Care Distributors,149.34,168.44,104.89,149.55,149.02,150.23,156.52,152.88,148.38,138.66
KMX,CarMax,Consumer Discretionary,Automotive Retail,60.95,91.25,54.53,60.87,60.39,58.84,61.48,63.68,65.77,72.24
CCL,Carnival,Consumer Discretionary,"Hotels, Resorts & Cruise Lines",31.76,32.77,15.07,31.73,31.47,30.49,29.65,25.59,24.38,24.73
CARR,Carrier Global,Industrials,Building Products,63.54,82.31,53.89,64.18,65.37,65.76,70.7,69.59,68.43,68.55
CAT,Caterpillar Inc.,Industrials,Construction Machinery & Heavy Transportation Equipment,420.22,441.15,265.05,421.07,425.51,419.92,414.44,373.89,363.87,365.48
CBOE,Cboe Global Markets,Financials,Financial Exchanges & Data,234.17,255.27,186.22,234.53,239.81,244.14,240.38,231.61,228.4,218.69
CBRE,CBRE Group,Real Estate,Real Estate Services,161.69,165.41,108.45,160.9,161.95,159.73,150.69,138.47,136.12,136.4
CDW,CDW Corporation,Information Technology,Technology Distributors,166.25,227.65,136.33,164.5,164.78,164.42,172.01,171.49,169.46,173.87
COR,Cencora,Health Care,Health Care Distributors,292.7,308.18,216.84,292.84,292.86,291.81,292.65,290.4,285.98,269.06
CNC,Centene Corporation,Health Care,Managed Health Care,28.65,80.59,25.08,29.15,29.05,28.15,31.21,44.85,47.92,52.52
CNP,CenterPoint Energy,Utilities,Multi-Utilities,37.46,39.16,25.67,37.64,37.74,37.98,37.34,37.12,36.75,34.9
CF,CF Industries,Materials,Fertilizers & Agricultural Chemicals,84.18,103.84,66.56,86.06,86.23,85.01,89.78,87.77,85.26,85.4
CRL,Charles River Laboratories,Health Care,Life Sciences Tools & Services,162.31,230.02,91.86,162.48,161.94,158.11,159.97,145.93,147.99,159.3
SCHW,Charles Schwab Corporation,Financials,Investment Banking & Brokerage,97.63,99.42,60.38,96.58,96.48,96.54,94.84,89.67,86.84,83.68
CHTR,Charter Communications,Communication Services,Cable & Satellite,259.51,437.06,254.67,262.87,266.92,265.34,323.15,354.93,355.82,359.09
CVX,Chevron Corporation,Energy,Integrated Oil & Gas,157.69,165.09,129.01,159.5,158.6,155.83,151.81,144.46,146.33,147.56
CMG,Chipotle Mexican Grill,Consumer Discretionary,Restaurants,41.41,66.74,41.03,41.9,42.4,42.65,47.82,49.3,49.34,52.88
CB,Chubb Limited,Financials,Property & Casualty Insurance,279.88,305.88,250.52,276.65,275.92,274.6,275.4,281.27,283.09,279.57
CHD,Church & Dwight,Consumer Staples,Household Products,95.23,115.72,90.22,93.4,93.51,93.07,94.79,96.06,98.27,101.21
CI,Cigna,Health Care,Health Care Services,304.03,365.71,256.89,301.02,301.14,294.71,298.66,309.61,311.68,305.8
CINF,Cincinnati Financial,Financials,Property & Casualty Insurance,155.59,158.92,122.28,153.81,153.83,152.81,150.14,146.69,145.49,144.34
CTAS,Cintas,Industrials,Diversified Support Services,206.84,228.77,179.74,207.26,210.61,215.53,218.01,217.32,213.33,209.42
CSCO,Cisco,Information Technology,Communications Equipment,67.99,72.55,46.57,68.4,68.03,68.54,68.39,64.78,63.66,62.12
C,Citigroup,Financials,Diversified Banks,97.08,97.49,54.51,96.06,95.57,94.63,91.68,81.91,78.98,76.97
CFG,Citizens Financial Group,Financials,Regional Banks,52.51,52.53,31.96,52.04,51.33,49.71,48.15,43.55,42.61,43.42
CLX,Clorox,Consumer Staples,Household Products,124.63,166.9,116.17,120.73,119.98,120.94,123.03,127.27,130.32,139.95
CME,CME Group,Financials,Financial Exchanges & Data,267.43,289.46,198.79,267.09,269.14,272.76,275.34,274.15,271.26,257.09
CMS,CMS Energy,Utilities,Multi-Utilities,71.54,75.33,62.54,71.4,71.94,72.45,71.49,70.98,71.17,69.52
KO,Coca-Cola Company (The),Consumer Staples,Soft Drinks & Non-alcoholic Beverages,68.25,73.85,59.75,68.73,69.09,69.65,69.67,70.34,70.19,67.66
CTSH,Cognizant,Information Technology,IT Consulting & Other Services,71.45,89.77,64.98,71.8,71.86,70.72,73.73,75.32,75.45,77.25
COIN,Coinbase,Financials,Financial Exchanges & Data,306.8,444.65,142.58,305.14,306.93,311.47,346.54,290.43,268.83,272.45
CL,Colgate-Palmolive,Consumer Staples,Household Products,83.67,106.9,82.4,83.87,84.42,84.76,86.66,88.74,89.16,89.26
CMCSA,Comcast,Communication Services,Cable & Satellite,33.95,44.12,31.03,33.9,33.88,33.28,34.03,34.12,34.35,35.41
CAG,Conagra Brands,Consumer Staples,Packaged Foods & Meats,18.94,31.36,18.18,18.97,19.09,19.19,19.25,21.0,21.87,23.17
COP,ConocoPhillips,Energy,Oil & Gas Exploration & Production,95.77,112.56,78.56,97.37,97.15,95.51,93.85,91.19,92.09,94.71
ED,Consolidated Edison,Utilities,Multi-Utilities,97.8,112.97,85.07,97.85,99.21,100.79,100.61,102.68,103.24,99.14
STZ,Constellation Brands,Consumer Staples,Distillers & Vintners,145.88,255.51,144.81,152.93,157.98,163.44,166.67,173.09,174.34,184.33
CEG,Constellation Energy,Utilities,Electric Utilities,309.06,356.57,160.94,310.45,311.81,319.39,321.73,296.21,278.54,274.04
COO,Cooper Companies (The),Health Care,Health Care Supplies,68.0,112.38,61.78,66.49,70.2,71.35,72.04,74.55,75.66,82.88
CPRT,Copart,Industrials,Diversified Support Services,49.97,64.38,45.05,48.83,48.64,47.85,47.42,51.96,52.53,54.75
GLW,Corning Inc.,Information Technology,Electronic Components,69.72,70.64,36.95,68.64,67.4,66.21,59.65,53.22,51.57,50.45
CPAY,Corpay,Financials,Transaction & Payment Processing Services,319.94,400.81,269.02,321.59,322.97,317.86,325.0,326.49,328.12,342.01
CTVA,Corteva,Materials,Fertilizers & Agricultural Chemicals,72.65,77.22,53.14,73.42,73.51,72.62,73.16,70.06,68.09,65.2
CSGP,CoStar Group,Real Estate,Real Estate Services,89.1,97.43,68.26,88.98,89.38,89.76,88.42,83.16,82.15,79.58
COST,Costco,Consumer Staples,Consumer Staples Merchandise Retail,955.9,1075.34,862.73,946.56,949.34,965.65,962.78,981.82,970.75,973.37
CTRA,Coterra,Energy,Oil & Gas Exploration & Production,24.39,29.29,21.55,24.4,24.12,23.89,24.17,24.5,25.01,25.43
CRWD,CrowdStrike,Information Technology,Systems Software,412.46,517.98,242.25,420.97,419.85,422.96,456.44,448.97,429.92,409.96
CCI,Crown Castle,Real Estate,Telecom Tower REITs,95.46,115.8,81.93,97.5,99.86,101.29,103.61,102.03,101.56,97.65
CSX,CSX Corporation,Industrials,Rail Transportation,32.66,37.1,26.01,32.43,32.97,34.36,34.22,32.11,31.51,31.99
CMI,Cummins,Industrials,Construction Machinery & Heavy Transportation Equipment,400.93,406.31,257.24,397.73,397.91,396.48,366.14,337.47,332.22,342.07
CVS,CVS Health,Health Care,Health Care Services,73.69,74.53,42.12,73.28,72.38,69.83,66.13,65.23,65.28,60.87
DHR,Danaher Corporation,Health Care,Life Sciences Tools & Services,199.03,278.43,170.73,202.67,204.8,205.77,201.69,197.81,198.7,208.95
DRI,Darden Restaurants,Consumer Discretionary,Restaurants,210.19,226.68,149.33,208.03,207.28,206.46,208.28,207.65,204.94,195.73
DDOG,Datadog,Information Technology,Application Software,131.78,170.08,81.63,135.34,132.35,130.78,137.08,124.39,119.68,127.76
DVA,DaVita,Health Care,Health Care Services,135.56,179.6,126.07,136.45,137.38,135.2,139.48,139.86,141.75,148.27
DAY,Dayforce,Industrials,Human Resource & Employment Services,69.55,82.69,48.01,69.61,69.49,62.98,59.27,58.5,58.04,63.09
DECK,Deckers Brands,Consumer Discretionary,Footwear,123.91,223.98,93.72,121.65,116.55,110.09,106.98,109.32,110.57,139.19
DE,Deere & Company,Industrials,Agricultural & Farm Machinery,474.9,532.1,373.4,478.26,484.28,491.35,502.42,497.99,491.4,475.34
DELL,Dell Technologies,Information Technology,"Technology Hardware, Storage & Peripherals",126.67,145.54,65.56,125.57,128.1,132.53,129.11,116.28,110.98,112.42
DAL,Delta Air Lines,Industrials,Passenger Airlines,60.55,69.36,34.52,61.34,60.9,59.38,55.61,51.02,49.7,54.68
DVN,Devon Energy,Energy,Oil & Gas Exploration & Production,35.58,42.71,25.71,35.81,35.47,34.43,33.56,32.62,32.92,33.6
DXCM,Dexcom,Health Care,Health Care Equipment,80.76,93.25,57.52,76.88,77.57,78.66,81.94,81.0,78.66,80.0
FANG,Diamondback Energy,Energy,Oil & Gas Exploration & Production,142.74,195.31,112.4,146.56,145.04,142.06,142.03,139.76,141.01,149.14
DLR,Digital Realty,Real Estate,Data Center REITs,162.84,193.72,129.05,164.7,165.78,166.78,170.99,168.18,163.59,166.94
DG,Dollar General,Consumer Staples,Consumer Staples Merchandise Retail,108.44,117.95,65.67,109.81,110.8,112.64,111.65,105.39,101.06,90.76
DLTR,Dollar Tree,Consumer Staples,Consumer Staples Merchandise Retail,100.25,118.06,60.49,107.06,109.78,112.04,110.13,98.86,92.9,85.06
D,Dominion Energy,Utilities,Multi-Utilities,58.79,62.46,47.5,59.31,60.01,60.7,59.0,56.77,56.14,55.35
DPZ,Domino's,Consumer Discretionary,Restaurants,462.6,497.15,390.2,460.75,456.6,451.07,458.6,465.36,462.4,456.35
DASH,DoorDash,Consumer Discretionary,Specialized Consumer Services,248.78,278.15,122.32,246.86,246.65,250.61,246.25,223.79,215.81,203.21
DOV,Dover Corporation,Industrials,Industrial Machinery & Supplies & Components,178.36,220.46,142.22,177.76,179.21,178.11,182.01,178.18,177.34,184.26
DOW,Dow Inc.,Materials,Commodity Chemicals,23.91,51.74,20.11,24.22,24.25,23.26,25.16,26.7,27.96,31.81
DHI,D. R. Horton,Consumer Discretionary,Homebuilding,176.69,197.64,109.8,171.5,169.49,165.51,149.32,135.87,133.98,137.34
DTE,DTE Energy,Utilities,Multi-Utilities,136.41,142.05,112.71,136.14,137.58,138.7,136.6,135.3,134.81,129.7
DUK,Duke Energy,Utilities,Electric Utilities,120.87,126.75,102.41,121.82,122.77,123.23,120.1,118.27,117.95,114.6
DD,DuPont,Materials,Specialty Chemicals,77.15,88.2,53.17,76.53,76.46,74.3,73.46,69.64,70.01,73.04
EMN,Eastman Chemical Company,Materials,Specialty Chemicals,68.6,111.31,56.78,68.82,68.51,66.51,71.87,74.91,77.19,83.82
ETN,Eaton Corporation,Industrials,Electrical Components & Equipment,348.22,398.4,230.37,347.89,348.16,352.02,361.29,335.71,324.44,327.64
EBAY,eBay Inc.,Consumer Discretionary,Broadline Retail,93.03,100.83,55.44,91.24,93.96,95.66,86.01,78.69,75.96,71.64
ECL,Ecolab,Materials,Specialty Chemicals,274.94,286.04,221.08,275.8,278.38,278.42,271.98,263.42,260.56,255.41
EIX,Edison International,Utilities,Electric Utilities,54.67,85.03,46.98,55.33,55.09,55.33,53.17,53.61,53.99,58.45
EW,Edwards Lifesciences,Health Care,Health Care Equipment,80.96,83.0,64.01,81.3,81.25,79.83,78.63,76.84,75.52,74.27
EA,Electronic Arts,Communication Services,Interactive Home Entertainment,168.03,180.7,114.77,170.06,171.01,171.79,161.17,154.66,151.88,148.68
ELV,Elevance Health,Health Care,Managed Health Care,308.05,558.44,273.71,316.21,314.1,306.63,315.03,356.31,370.25,376.4
EMR,Emerson Electric,Industrials,Electrical Components & Equipment,133.1,149.68,89.31,132.11,132.36,132.32,137.12,125.93,122.35,123.17
ENPH,Enphase Energy,Information Technology,Semiconductor Materials & Equipment,36.52,126.19,29.89,37.17,37.24,35.58,37.15,41.1,44.8,53.0
ETR,Entergy,Utilities,Electric Utilities,88.18,91.79,58.27,87.8,88.59,89.12,86.49,84.25,83.79,81.47
EOG,EOG Resources,Energy,Oil & Gas Exploration & Production,121.6,135.49,100.76,123.49,122.27,120.07,119.75,116.19,116.96,120.51
EPAM,EPAM Systems,Information Technology,IT Consulting & Other Services,168.09,269.0,138.15,173.48,172.51,166.1,167.83,168.26,169.07,195.3
EQT,EQT Corporation,Energy,Oil & Gas Exploration & Production,51.8,60.83,31.05,51.99,51.98,51.71,53.69,53.86,53.24,51.2
EFX,Equifax,Industrials,Research & Consulting Services,240.6,307.44,199.2,240.25,244.35,244.69,249.72,253.97,250.27,252.15
EQIX,Equinix,Real Estate,Data Center REITs,767.93,977.63,693.42,774.85,778.76,776.24,776.81,816.34,815.47,854.26
EQR,Equity Residential,Real Estate,Multi-Family Residential REITs,65.59,76.06,58.81,65.14,64.96,64.28,65.52,67.04,67.22,68.34
ERIE,Erie Indemnity,Financials,Insurance Brokers,336.43,539.84,323.76,341.68,349.88,356.14,352.71,359.68,370.34,383.79
ESS,Essex Property Trust,Real Estate,Multi-Family Residential REITs,264.5,310.81,241.65,264.95,265.21,261.25,272.62,275.51,278.24,281.32
EL,Estée Lauder Companies (The),Consumer Staples,Personal Care Products,87.46,101.55,47.94,90.6,90.13,90.18,88.56,76.16,73.7,73.52
EG,Everest Group,Financials,Reinsurance,345.26,400.59,318.14,344.18,343.63,338.59,336.4,340.17,342.65,347.21
EVRG,Evergy,Utilities,Electric Utilities,71.58,73.29,56.68,71.34,71.64,71.73,70.04,68.11,67.61,65.52
ES,Eversource Energy,Utilities,Electric Utilities,63.42,67.15,51.64,63.76,64.3,64.94,65.09,63.39,62.58,60.87
EXC,Exelon,Utilities,Electric Utilities,43.34,47.26,34.98,43.51,44.05,44.4,43.7,43.83,43.8,41.87
EXE,Expand Energy,Energy,Oil & Gas Exploration & Production,96.66,121.47,66.93,97.19,96.23,95.73,101.03,105.58,105.14,102.55
EXPE,Expedia Group,Consumer Discretionary,"Hotels, Resorts & Cruise Lines",216.52,217.0,125.66,214.14,212.8,207.38,190.84,176.82,174.19,178.19
EXPD,Expeditors International,Industrials,Air Freight & Logistics,121.64,129.91,99.78,120.94,120.74,120.15,117.32,114.37,114.56,114.58
EXR,Extra Space Storage,Real Estate,Self-Storage REITs,143.84,178.97,119.72,142.76,141.79,139.56,144.19,144.73,144.31,147.24
XOM,ExxonMobil,Energy,Integrated Oil & Gas,112.4,121.93,96.01,113.33,112.31,109.3,109.56,107.35,107.89,108.01
FFIV,"F5, Inc.",Information Technology,Communications Equipment,314.35,334.0,197.34,312.33,314.21,316.64,307.13,292.75,286.93,280.78
FDS,FactSet,Financials,Financial Exchanges & Data,369.48,495.04,362.41,371.43,375.3,375.65,406.18,421.93,424.02,440.68
FICO,Fair Isaac,Information Technology,Application Software,1518.92,2402.52,1300.0,1514.51,1461.36,1398.69,1518.88,1706.89,1728.65,1836.36
FAST,Fastenal,Industrials,Trading Companies & Distributors,50.27,50.63,31.05,49.76,49.88,49.29,46.49,43.58,42.38,40.54
FRT,Federal Realty Investment Trust,Real Estate,Retail REITs,100.99,114.28,79.72,100.11,99.45,96.57,95.05,94.51,94.32,98.87
FDX,FedEx,Industrials,Air Freight & Logistics,225.28,303.39,193.05,227.43,229.55,229.01,230.21,223.79,225.78,242.6
FIS,Fidelity National Information Services,Financials,Transaction & Payment Processing Services,68.71,90.63,66.18,68.95,69.69,70.19,75.98,77.11,76.07,77.06
FITB,Fifth Third Bancorp,Financials,Regional Banks,46.26,47.75,31.96,45.76,45.13,43.75,42.97,40.08,39.57,41.0
FSLR,First Solar,Information Technology,Semiconductors,201.87,262.72,116.56,198.27,197.3,195.59,182.08,166.07,158.88,165.61
FE,FirstEnergy,Utilities,Electric Utilities,43.47,44.4,36.81,43.5,43.58,43.52,41.8,41.42,40.86,40.25
FI,Fiserv,Financials,Transaction & Payment Processing Services,136.18,238.59,128.22,137.11,137.84,136.53,149.53,163.61,173.86,189.52
F,Ford Motor Company,Consumer Discretionary,Automobile Manufacturers,11.68,11.99,8.21,11.7,11.71,11.53,11.29,10.68,10.45,10.1
FTNT,Fortinet,Information Technology,Systems Software,76.44,114.82,70.12,77.6,77.92,77.8,93.04,97.5,97.27,98.18
FTV,Fortive,Industrials,Industrial Machinery & Supplies & Components,47.58,62.72,45.45,47.57,48.05,47.9,49.89,51.22,51.84,54.47
FOXA,Fox Corporation (Class A),Communication Services,Broadcasting,60.81,61.28,38.35,60.05,59.57,58.18,56.63,54.53,54.16,52.56
FOX,Fox Corporation (Class B),Communication Services,Broadcasting,55.32,55.81,35.53,54.77,54.39,53.1,51.85,50.11,49.85,48.81
BEN,Franklin Resources,Financials,Asset Management & Custody Banks,25.74,26.08,16.03,25.58,25.41,25.32,24.81,22.66,21.87,21.18
FCX,Freeport-McMoRan,Materials,Copper,46.07,51.85,27.45,45.2,44.29,43.05,43.47,40.85,40.04,39.73
GRMN,Garmin,Consumer Discretionary,Consumer Electronics,237.66,244.52,159.09,238.35,235.81,234.08,226.09,212.07,210.76,211.6
IT,Gartner,Information Technology,IT Consulting & Other Services,236.73,584.01,223.65,246.83,245.97,241.21,314.57,368.73,380.77,429.48
GE,GE Aerospace,Industrials,Aerospace & Defense,282.27,282.29,158.81,276.96,273.39,272.15,265.3,243.76,233.98,215.68
GEHC,GE HealthCare,Health Care,Health Care Equipment,74.12,94.71,57.59,73.11,73.69,73.54,74.19,71.89,73.03,77.37
GEV,GE Vernova,Industrials,Heavy Electrical Equipment,598.81,677.29,187.18,600.44,606.59,619.16,594.05,510.24,470.1,425.39
GEN,Gen Digital,Information Technology,Systems Software,29.53,32.09,22.55,29.82,30.45,30.72,30.09,28.73,28.26,28.16
GNRC,Generac,Industrials,Electrical Components & Equipment,178.18,203.25,99.5,181.0,185.98,191.62,171.46,146.52,142.51,148.66
GD,General Dynamics,Industrials,Aerospace & Defense,322.44,326.02,236.67,323.82,322.28,318.65,309.04,291.71,286.01,276.4
GIS,General Mills,Consumer Staples,Packaged Foods & Meats,49.61,72.88,48.29,49.29,49.43,49.54,50.11,52.2,53.44,56.06
GM,General Motors,Consumer Discretionary,Automobile Manufacturers,58.15,60.75,41.47,58.3,58.22,56.76,54.0,50.76,50.1,50.48
GPC,Genuine Parts Company,Consumer Discretionary,Distributors,141.25,143.48,103.16,138.44,138.59,137.38,131.27,125.88,124.4,122.19
GILD,Gilead Sciences,Health Care,Biotechnology,112.77,121.83,75.31,112.8,113.77,116.01,113.29,109.38,109.3,103.91
GPN,Global Payments,Financials,Transaction & Payment Processing Services,87.28,119.03,65.72,87.61,87.87,86.21,83.18,80.29,83.03,93.22
GL,Globe Life,Financials,Life & Health Insurance,141.45,144.0,98.18,140.48,140.28,139.38,131.9,126.37,126.13,121.83
GDDY,GoDaddy,Information Technology,Internet Services & Infrastructure,144.92,216.0,132.51,145.79,146.21,144.49,159.29,170.04,171.3,181.24
GS,Goldman Sachs,Financials,Investment Banking & Brokerage,748.9,749.32,434.87,740.56,737.84,731.94,716.95,647.44,624.28,614.12
HAL,Halliburton,Energy,Oil & Gas Equipment & Services,22.47,31.66,18.43,22.32,22.08,21.49,21.5,21.05,21.57,23.67
HIG,Hartford (The),Financials,Property & Casualty Insurance,134.7,135.16,103.64,132.65,132.64,131.12,126.33,125.42,123.93,119.59
HAS,Hasbro,Consumer Discretionary,Leisure Products,80.4,82.19,48.07,80.39,80.74,79.76,77.08,69.85,67.53,64.35
HCA,HCA Healthcare,Health Care,Health Care Facilities,411.59,417.2,288.77,407.32,405.56,398.51,378.91,370.32,362.8,345.43
DOC,Healthpeak Properties,Real Estate,Health Care REITs,18.0,22.06,16.35,17.9,17.76,17.38,17.59,17.42,17.8,18.52
HSIC,Henry Schein,Health Care,Health Care Distributors,67.78,82.49,60.56,68.38,68.62,68.03,70.03,69.5,69.45,71.26
HSY,Hershey Company (The),Consumer Staples,Packaged Foods & Meats,185.3,202.98,136.73,183.9,182.6,181.03,177.28,170.08,169.35,166.99
HPE,Hewlett Packard Enterprise,Information Technology,"Technology Hardware, Storage & Peripherals",23.16,24.28,11.88,22.88,22.64,21.88,21.01,18.96,18.18,19.33
HLT,Hilton Worldwide,Consumer Discretionary,"Hotels, Resorts & Cruise Lines",278.06,279.73,195.81,276.26,275.3,271.32,270.04,254.88,249.13,250.8
HOLX,Hologic,Health Care,Health Care Equipment,66.39,84.39,51.9,66.6,66.89,67.48,66.26,62.89,62.58,65.83
HD,Home Depot (The),Consumer Discretionary,Home Improvement Retail,411.69,431.63,324.29,407.99,407.51,402.16,383.11,372.15,368.83,380.68
HON,Honeywell,Industrials,Industrial Conglomerates,215.16,240.47,177.52,217.52,219.23,217.84,225.1,219.89,216.87,217.38
HRL,Hormel Foods,Consumer Staples,Packaged Foods & Meats,25.24,32.84,23.71,25.26,27.11,27.83,28.83,29.34,29.35,29.51
HST,Host Hotels & Resorts,Real Estate,Hotel & Resort REITs,17.59,18.53,12.06,17.27,17.06,16.41,16.19,15.47,15.22,15.8
HWM,Howmet Aerospace,Industrials,Aerospace & Defense,179.53,193.13,90.47,175.5,174.46,175.42,180.08,168.26,160.07,145.36
HPQ,HP Inc.,Information Technology,"Technology Hardware, Storage & Peripherals",28.92,38.63,20.97,28.69,27.94,27.2,26.0,25.75,25.99,28.65
HUBB,Hubbell Incorporated,Industrials,Industrial Machinery & Supplies & Components,437.16,475.24,297.55,434.32,435.96,431.87,425.47,399.03,386.28,398.45
HUM,Humana,Health Care,Managed Health Care,312.0,377.69,206.87,307.12,302.29,290.12,258.71,252.21,254.49,260.86
HBAN,Huntington Bancshares,Financials,Regional Banks,17.88,17.92,11.8,17.76,17.54,17.0,16.89,15.99,15.64,15.95
HII,Huntington Ingalls Industries,Industrials,Aerospace & Defense,269.98,291.7,155.93,270.75,270.24,267.92,260.04,242.33,233.34,215.18
IBM,IBM,Information Technology,IT Consulting & Other Services,247.18,294.17,193.86,244.4,243.04,241.62,261.76,258.94,255.47,246.16
IEX,IDEX Corporation,Industrials,Industrial Machinery & Supplies & Components,164.86,235.67,152.2,163.61,164.71,164.02,171.9,174.72,175.36,188.71
IDXX,Idexx Laboratories,Health Care,Health Care Equipment,640.44,688.12,356.14,641.59,641.05,645.31,588.3,537.69,512.7,482.76
ITW,Illinois Tool Works,Industrials,Industrial Machinery & Supplies & Components,265.67,274.77,213.36,263.92,264.98,262.73,258.72,249.87,249.04,252.59
INCY,Incyte,Health Care,Biotechnology,85.44,87.99,53.56,85.34,85.19,84.24,76.17,69.84,68.38,69.72
IR,Ingersoll Rand,Industrials,Industrial Machinery & Supplies & Components,79.2,105.95,65.58,78.84,79.37,78.89,82.57,80.93,80.54,85.43
PODD,Insulet Corporation,Health Care,Health Care Equipment,346.47,350.0,199.69,342.48,336.62,326.03,306.35,299.14,290.93,283.46
INTC,Intel,Information Technology,Semiconductors,24.61,27.55,17.67,24.42,24.41,23.47,22.63,21.61,21.76,21.7
ICE,Intercontinental Exchange,Financials,Financial Exchanges & Data,174.52,189.35,141.51,175.7,177.36,179.97,181.67,177.06,175.3,168.49
IFF,International Flavors & Fragrances,Materials,Specialty Chemicals,65.53,105.18,62.33,66.48,66.72,65.91,70.97,73.29,73.99,77.94
IP,International Paper,Materials,Paper & Plastic Packaging Products & Materials,48.31,58.71,42.44,48.86,48.77,48.01,49.18,47.76,48.26,50.6
IPG,Interpublic Group of Companies (The),Communication Services,Advertising,26.84,31.81,21.93,26.49,26.54,25.98,25.17,24.47,24.63,25.62
INTU,Intuit,Information Technology,Application Software,668.29,813.7,531.0,666.83,667.42,693.05,740.96,711.96,688.41,662.59
ISRG,Intuitive Surgical,Health Care,Health Care Equipment,454.52,616.0,425.0,462.38,467.18,472.12,496.12,512.08,508.21,527.47
IVZ,Invesco,Financials,Asset Management & Custody Banks,21.96,22.25,11.33,21.85,21.71,21.27,19.62,16.89,16.41,16.7
INVH,Invitation Homes,Real Estate,Single-Family Residential REITs,30.35,36.53,29.11,30.63,30.76,30.5,31.38,32.43,32.56,32.22
IQV,IQVIA,Health Care,Life Sciences Tools & Services,184.08,252.69,134.65,186.4,187.31,187.28,178.47,163.6,166.02,178.15
IRM,Iron Mountain,Real Estate,Other Specialized REITs,91.08,127.24,71.77,90.93,91.42,91.41,95.75,95.36,93.15,97.18
JBHT,J.B. Hunt,Industrials,Cargo Ground Transportation,145.28,198.61,122.01,144.78,145.03,143.81,146.23,141.72,142.63,153.93
JBL,Jabil,Information Technology,Electronic Manufacturing Services,207.97,232.75,99.48,205.59,206.8,212.14,217.71,190.38,179.4,168.17
JKHY,Jack Henry & Associates,Financials,Transaction & Payment Processing Services,161.87,195.38,157.8,162.06,162.56,161.89,170.73,174.15,174.63,173.94
J,Jacobs Solutions,Industrials,Construction & Engineering,143.74,152.07,104.68,145.1,146.46,147.19,141.04,132.33,129.62,130.66
JNJ,Johnson & Johnson,Health Care,Pharmaceuticals,178.76,179.84,137.37,177.49,177.34,175.54,166.46,159.27,158.96,154.99
JCI,Johnson Controls,Industrials,Building Products,107.09,112.63,66.5,106.79,107.01,106.14,106.4,99.81,95.66,90.47
JPM,JPMorgan Chase,Financials,Diversified Banks,303.82,304.42,196.2,301.1,298.6,294.69,292.41,274.1,265.9,259.96
K,Kellanova,Consumer Staples,Packaged Foods & Meats,79.48,82.04,77.13,79.05,79.2,79.36,79.19,80.04,80.27,80.06
KVUE,Kenvue,Consumer Staples,Personal Care Products,20.54,24.71,19.2,20.6,20.88,21.12,21.28,21.94,22.1,21.9
KDP,Keurig Dr Pepper,Consumer Staples,Soft Drinks & Non-alcoholic Beverages,29.25,37.26,28.59,29.13,30.57,32.64,33.09,33.31,33.35,32.75
KEY,KeyCorp,Financials,Regional Banks,19.18,19.29,12.43,19.08,18.92,18.34,18.08,16.68,16.34,16.65
KEYS,Keysight Technologies,Information Technology,Electronic Equipment & Instruments,166.95,186.2,121.43,165.2,164.82,164.38,164.14,159.02,156.88,161.0
KMB,Kimberly-Clark,Consumer Staples,Household Products,129.17,149.05,121.86,128.77,130.11,132.03,130.39,132.56,133.79,132.58
KIM,Kimco Realty,Real Estate,Retail REITs,22.79,24.97,17.71,22.48,22.29,21.76,21.55,21.1,20.96,21.58
KMI,Kinder Morgan,Energy,Oil & Gas Storage & Transportation,26.71,30.49,19.68,26.83,26.76,26.72,27.31,27.2,27.11,26.99
KKR,KKR & Co.,Financials,Asset Management & Custody Banks,137.35,169.7,85.9,138.1,138.94,140.84,141.4,129.5,125.94,134.56
KLAC,KLA Corporation,Information Technology,Semiconductor Materials & Equipment,873.29,957.18,548.81,865.91,872.88,890.25,901.82,828.98,798.87,756.74
KHC,Kraft Heinz,Consumer Staples,Packaged Foods & Meats,26.96,34.58,25.07,27.02,27.2,27.19,27.0,26.99,27.42,28.03
KR,Kroger,Consumer Staples,Food Retail,67.84,74.52,49.68,68.0,68.81,70.17,70.62,69.61,68.85,65.78
LHX,L3Harris,Industrials,Aerospace & Defense,272.99,280.52,191.09,275.18,275.83,273.73,267.6,249.31,241.35,231.77
LH,Labcorp,Health Care,Health Care Services,275.23,282.74,208.23,275.23,276.12,272.78,262.92,253.33,249.24,245.13
LRCX,Lam Research,Information Technology,Semiconductor Materials & Equipment,100.42,108.02,56.18,99.89,100.65,101.33,99.64,89.72,86.35,82.82
LW,Lamb Weston,Consumer Staples,Packaged Foods & Meats,55.77,82.35,47.25,56.53,56.33,55.0,53.82,53.33,53.23,57.24
LVS,Las Vegas Sands,Consumer Discretionary,Casinos & Gaming,55.11,58.05,29.84,56.57,56.05,54.76,51.38,45.17,44.01,45.2
LDOS,Leidos,Industrials,Diversified Support Services,178.58,201.22,122.92,179.89,180.9,179.55,168.97,158.77,154.17,151.35
LEN,Lennar,Consumer Discretionary,Homebuilding,138.07,184.74,97.54,134.22,133.74,130.6,120.2,113.88,114.02,122.59
LII,Lennox International,Industrials,Building Products,561.37,689.44,497.88,553.46,563.5,579.45,597.03,578.11,575.58,593.95
LLY,Lilly (Eli),Health Care,Pharmaceuticals,742.91,962.29,622.41,736.09,726.75,697.65,745.31,761.02,769.85,783.37
LIN,Linde plc,Materials,Industrial Gases,472.39,486.38,407.35,475.75,478.36,477.16,471.72,464.17,461.94,454.16
LYV,Live Nation Entertainment,Communication Services,Movies & Entertainment,162.98,167.94,92.57,164.71,164.97,161.62,154.08,146.32,141.99,140.79
LKQ,LKQ Corporation,Consumer Discretionary,Distributors,32.3,43.77,28.65,32.22,31.88,31.14,33.52,36.45,37.35,37.43
LMT,Lockheed Martin,Industrials,Aerospace & Defense,456.85,602.02,407.14,452.72,449.84,441.31,443.09,454.7,453.46,460.22
L,Loews Corporation,Financials,Multi-line Insurance,97.53,97.75,74.95,96.79,96.45,95.61,93.01,90.35,89.7,87.76
LOW,Lowe's,Consumer Discretionary,Home Improvement Retail,264.57,281.56,204.22,259.92,259.48,254.25,236.55,229.22,228.48,237.85
LULU,Lululemon Athletica,Consumer Discretionary,"Apparel, Accessories & Luxury Goods",206.09,423.32,185.95,202.42,202.84,199.09,214.25,247.3,258.76,301.56
LYB,LyondellBasell,Materials,Specialty Chemicals,54.3,90.16,46.44,55.31,55.8,53.27,56.86,56.24,58.13,63.34
MTB,M&T Bank,Financials,Regional Banks,202.36,219.44,148.52,199.88,198.42,193.5,193.65,184.24,181.45,186.44
MPC,Marathon Petroleum,Energy,Oil & Gas Refining & Marketing,178.98,183.5,113.82,179.43,175.65,168.39,170.45,160.49,156.0,152.43
MKTX,MarketAxess,Financials,Financial Exchanges & Data,180.13,292.5,178.2,181.66,185.13,186.13,202.0,210.91,211.01,215.1
MAR,Marriott International,Consumer Discretionary,"Hotels, Resorts & Cruise Lines",268.85,305.27,204.35,267.3,267.87,265.68,269.55,260.94,256.23,265.73
MMC,Marsh McLennan,Financials,Insurance Brokers,206.11,246.94,196.27,205.81,207.05,206.93,208.39,216.35,219.68,219.8
MLM,Martin Marietta Materials,Materials,Construction Materials,618.97,629.6,440.72,614.72,611.63,609.4,583.36,558.99,542.38,540.22
MAS,Masco,Industrials,Building Products,73.98,85.23,56.02,73.13,73.68,72.88,68.86,65.57,66.07,69.78
MA,Mastercard,Financials,Transaction & Payment Processing Services,595.64,601.77,464.22,593.31,593.29,586.1,570.42,564.66,557.3,549.46
MTCH,Match Group,Communication Services,Interactive Media & Services,37.39,39.2,26.24,37.27,37.23,37.26,34.67,32.22,31.84,32.01
MKC,McCormick & Company,Consumer Staples,Packaged Foods & Meats,70.13,85.22,68.23,69.8,70.39,70.05,71.5,72.76,74.06,74.94
MCD,McDonald's,Consumer Discretionary,Restaurants,316.99,322.65,271.85,314.27,312.76,309.26,301.11,304.13,304.06,298.8
MCK,McKesson Corporation,Health Care,Health Care Distributors,691.45,737.01,462.37,687.99,687.42,679.54,699.93,703.52,695.54,658.96
MDT,Medtronic,Health Care,Health Care Equipment,92.85,94.71,77.57,92.64,92.33,92.3,90.62,87.28,87.44,86.5
MRK,Merck & Co.,Health Care,Pharmaceuticals,84.05,116.37,72.58,84.21,84.89,83.69,82.36,80.34,81.93,86.61
META,Meta Platforms,Communication Services,Interactive Media & Services,748.65,796.25,479.43,742.12,745.93,758.01,737.64,679.01,659.72,649.35
MET,MetLife,Financials,Life & Health Insurance,81.75,87.17,64.24,81.01,80.87,78.94,77.93,77.3,77.42,79.18
MTD,Mettler Toledo,Health Care,Life Sciences Tools & Services,1287.79,1521.01,946.69,1283.31,1287.58,1290.94,1245.89,1183.23,1180.47,1214.86
MGM,MGM Resorts,Consumer Discretionary,Casinos & Gaming,37.03,42.54,25.3,38.67,38.4,37.03,36.94,34.5,33.71,34.28
MCHP,Microchip Technology,Information Technology,Semiconductors,64.43,79.31,33.63,64.31,65.92,65.14,68.64,61.95,59.24,58.71
MU,Micron Technology,Information Technology,Semiconductors,124.21,129.73,61.48,120.48,118.66,120.1,117.95,105.85,102.35,100.25
MSFT,Microsoft,Information Technology,Systems Software,507.97,554.54,343.59,506.95,505.93,512.02,508.99,473.56,454.96,442.2
MAA,Mid-America Apartment Communities,Real Estate,Multi-Family Residential REITs,144.0,170.0,137.32,143.93,143.28,141.89,145.47,150.12,151.89,152.27
MRNA,Moderna,Health Care,Biotechnology,24.28,79.96,23.15,24.22,24.96,25.9,28.88,27.6,28.28,32.05
MHK,Mohawk Industries,Consumer Discretionary,Home Furnishings,135.42,164.29,96.24,132.34,131.45,128.49,119.04,111.42,111.59,116.62
MOH,Molina Healthcare,Health Care,Managed Health Care,170.83,365.23,151.95,177.33,176.0,169.4,193.51,252.55,267.04,277.94
TAP,Molson Coors Beverage Company,Consumer Staples,Brewers,49.91,64.07,46.94,50.14,50.83,50.91,50.06,52.22,53.71,55.03
MDLZ,Mondelez International,Consumer Staples,Packaged Foods & Meats,60.9,73.95,53.2,61.34,61.88,61.97,65.35,65.81,65.69,63.57
MPWR,Monolithic Power Systems,Information Technology,Semiconductors,848.11,947.45,437.93,838.71,841.31,835.59,778.93,713.14,684.96,659.67
MNST,Monster Beverage,Consumer Staples,Soft Drinks & Non-alcoholic Beverages,63.45,66.75,45.7,62.81,62.74,63.3,61.6,61.57,60.66,57.25
MCO,Moody's Corporation,Financials,Financial Exchanges & Data,499.76,528.95,377.3,502.78,507.08,510.87,505.84,485.53,477.84,480.77
MS,Morgan Stanley,Financials,Investment Banking & Brokerage,150.53,150.75,91.36,149.71,148.66,146.79,143.22,133.02,129.0,128.97
MOS,Mosaic Company (The),Materials,Fertilizers & Agricultural Chemicals,32.62,38.23,22.14,33.18,33.1,32.61,34.72,33.75,32.17,29.71
MSI,Motorola Solutions,Information Technology,Communications Equipment,478.62,503.98,387.87,474.87,467.94,464.29,440.33,428.91,427.19,440.89
MSCI,MSCI Inc.,Financials,Financial Exchanges & Data,557.19,636.39,483.67,559.8,565.64,561.29,563.29,557.77,556.0,569.36
NDAQ,"Nasdaq, Inc.",Financials,Financial Exchanges & Data,94.3,97.63,64.64,94.33,94.44,94.95,92.82,86.52,83.96,82.28
NTAP,NetApp,Information Technology,"Technology Hardware, Storage & Peripherals",118.83,133.34,71.49,116.14,113.15,110.47,107.36,101.45,98.76,106.03
NFLX,Netflix,Communication Services,Movies & Entertainment,1257.48,1341.15,660.8,1227.49,1221.6,1219.93,1228.55,1190.43,1137.59,1060.43
NEM,Newmont,Materials,Gold,74.88,76.52,36.47,74.71,73.03,70.9,64.87,59.34,56.79,51.03
NWSA,News Corp (Class A),Communication Services,Publishing,29.3,30.75,23.38,29.2,29.57,29.42,29.47,28.55,28.16,28.25
NWS,News Corp (Class B),Communication Services,Publishing,33.17,35.58,26.25,33.44,33.99,33.9,33.94,32.93,32.39,32.15
NEE,NextEra Energy,Utilities,Multi-Utilities,70.87,83.5,60.75,71.86,73.29,73.24,72.67,70.69,70.42,70.4
NKE,"Nike, Inc.",Consumer Discretionary,"Apparel, Accessories & Luxury Goods",75.35,88.65,51.67,75.77,76.73,76.1,74.45,66.84,66.63,69.58
NI,NiSource,Utilities,Multi-Utilities,39.83,43.51,31.99,41.63,42.09,42.19,41.25,40.09,39.78,38.72
NDSN,Nordson Corporation,Industrials,Industrial Machinery & Supplies & Components,226.01,263.91,164.43,224.09,224.53,219.61,218.23,208.84,206.77,212.74
NSC,Norfolk Southern,Industrials,Rail Transportation,279.76,291.69,199.43,278.8,278.93,280.11,273.06,254.15,248.75,247.94
NTRS,Northern Trust,Financials,Asset Management & Custody Banks,129.49,133.0,81.05,130.25,130.27,128.42,127.73,114.77,110.96,109.15
NOC,Northrop Grumman,Industrials,Aerospace & Defense,579.76,598.64,420.66,584.68,586.79,584.39,553.77,519.89,514.67,497.38
NCLH,Norwegian Cruise Line Holdings,Consumer Discretionary,"Hotels, Resorts & Cruise Lines",25.59,29.29,14.21,25.18,24.86,24.56,23.52,20.7,20.32,22.52
NRG,NRG Energy,Utilities,Independent Power Producers & Energy Traders,147.95,175.96,74.96,146.84,146.43,149.16,153.61,144.49,134.34,121.02
NUE,Nucor,Materials,Steel,144.94,168.24,97.18,147.02,147.41,144.98,141.46,128.84,127.43,128.78
NVDA,Nvidia,Information Technology,Semiconductors,171.66,184.48,86.61,173.48,176.36,178.47,172.06,149.48,141.88,139.11
NVR,"NVR, Inc.",Consumer Discretionary,Homebuilding,8407.77,9964.77,6562.85,8192.06,8135.58,8098.06,7810.56,7487.43,7436.03,7711.45
NXPI,NXP Semiconductors,Information Technology,Semiconductors,225.39,253.03,147.4,232.03,233.11,227.51,224.55,210.39,207.02,210.24
ORLY,O’Reilly Automotive,Consumer Discretionary,Automotive Retail,105.04,105.13,73.11,103.95,103.46,103.05,97.8,94.51,93.77,90.16
OXY,Occidental Petroleum,Energy,Oil & Gas Exploration & Production,46.61,55.64,34.59,47.22,46.58,45.41,44.5,43.02,43.54,45.42
ODFL,Old Dominion,Industrials,Cargo Ground Transportation,148.81,231.78,140.65,149.33,151.79,150.42,156.86,157.96,159.09,172.05
OMC,Omnicom Group,Communication Services,Advertising,78.54,103.32,67.76,77.53,77.68,76.1,73.94,73.31,74.2,78.82
ON,ON Semiconductor,Information Technology,Semiconductors,48.06,76.41,31.04,49.03,49.9,49.79,53.74,48.78,47.28,51.72
OKE,Oneok,Energy,Oil & Gas Storage & Transportation,74.38,113.92,72.18,75.03,74.79,74.49,77.78,79.67,82.1,88.67
ORCL,Oracle Corporation,Information Technology,Application Software,223.0,260.87,118.18,227.64,231.32,238.77,237.99,199.64,188.49,182.26
OTIS,Otis Worldwide,Industrials,Industrial Machinery & Supplies & Components,86.5,105.86,83.85,86.11,86.89,87.25,91.56,93.61,94.79,95.16
PCAR,Paccar,Industrials,Construction Machinery & Heavy Transportation Equipment,98.21,114.66,84.08,98.79,99.52,98.92,97.79,94.78,95.29,99.79
PKG,Packaging Corporation of America,Materials,Paper & Plastic Packaging Products & Materials,216.72,246.22,171.6,216.14,213.83,205.32,201.8,194.98,194.66,205.61
PLTR,Palantir Technologies,Information Technology,Application Software,156.14,190.0,29.31,156.59,157.26,167.09,156.48,138.76,128.09,110.42
PANW,Palo Alto Networks,Information Technology,Systems Software,192.35,210.39,144.15,191.19,188.15,181.5,188.76,188.3,185.69,187.24
PSKY,Paramount Skydance Corporation,Communication Services,Movies & Entertainment,14.74,17.53,9.78,14.73,15.23,13.98,13.25,12.47,12.28,11.72
PH,Parker Hannifin,Industrials,Industrial Machinery & Supplies & Components,756.96,771.47,485.92,755.6,753.44,745.67,725.96,680.74,664.55,665.67
PAYX,Paychex,Industrials,Human Resource & Employment Services,137.32,160.03,125.38,137.42,138.15,138.33,141.28,145.77,145.71,144.31
PAYC,Paycom,Industrials,Human Resource & Employment Services,224.5,267.33,152.1,223.74,226.18,224.63,227.45,234.65,230.31,224.34
PYPL,PayPal,Financials,Transaction & Payment Processing Services,68.46,93.66,55.85,69.52,69.44,69.06,71.77,70.46,69.68,75.05
PNR,Pentair,Industrials,Industrial Machinery & Supplies & Components,110.06,110.09,73.85,107.98,107.94,106.58,105.1,99.66,96.8,98.3
PEP,PepsiCo,Consumer Staples,Soft Drinks & Non-alcoholic Beverages,146.89,174.44,126.36,148.29,148.29,148.23,142.13,137.14,139.06,142.91
PFE,Pfizer,Health Care,Pharmaceuticals,24.54,28.43,20.18,24.73,25.04,24.98,24.62,23.67,23.76,24.19
PCG,PG&E Corporation,Utilities,Multi-Utilities,15.23,21.62,12.97,15.23,15.11,15.17,14.39,15.37,15.64,16.57
PM,Philip Morris International,Consumer Staples,Tobacco,161.15,185.29,114.24,164.93,166.91,167.6,170.84,171.7,167.7,153.71
PSX,Phillips 66,Energy,Oil & Gas Refining & Marketing,131.58,135.47,89.26,132.47,130.88,125.68,124.67,117.77,117.62,118.43
PNW,Pinnacle West Capital,Utilities,Multi-Utilities,89.28,94.64,79.08,89.1,89.84,91.04,90.46,90.44,90.54,88.89
PNC,PNC Financial Services,Financials,Diversified Banks,207.36,210.46,142.39,206.17,203.67,197.63,194.45,181.16,178.21,184.0
POOL,Pool Corporation,Consumer Discretionary,Distributors,315.8,391.14,281.15,310.26,314.13,315.18,308.86,304.48,307.76,322.72
PPG,PPG Industries,Materials,Specialty Chemicals,109.64,133.97,89.08,110.17,111.35,110.64,111.98,109.88,109.35,112.29
PPL,PPL Corporation,Utilities,Electric Utilities,36.5,37.38,30.65,36.43,36.54,36.61,35.69,35.19,35.04,34.23
PFG,Principal Financial Group,Financials,Life & Health Insurance,81.3,89.5,67.72,80.43,80.32,78.91,79.24,77.68,78.28,79.23
PG,Procter & Gamble,Consumer Staples,Personal Care Products,159.19,177.66,149.91,157.61,157.45,156.44,156.09,159.06,160.36,162.6
PGR,Progressive Corporation,Financials,Property & Casualty Insurance,249.01,292.77,228.37,246.95,246.77,247.26,248.74,262.05,264.79,259.78
PLD,Prologis,Real Estate,Industrial REITs,112.61,128.08,84.54,112.26,111.76,109.17,108.14,106.44,106.63,108.71
PRU,Prudential Financial,Financials,Life & Health Insurance,108.84,125.75,88.12,108.42,108.71,106.44,104.74,103.16,103.53,107.66
PEG,Public Service Enterprise Group,Utilities,Electric Utilities,81.73,93.08,74.08,81.96,82.57,84.44,84.61,82.29,81.91,82.9
PTC,PTC Inc.,Information Technology,Application Software,213.25,219.69,133.38,213.33,213.71,210.39,200.61,181.7,176.36,179.35
PSA,Public Storage,Real Estate,Self-Storage REITs,292.22,359.28,254.04,291.68,290.88,286.83,287.34,291.57,291.38,295.65
PHM,PulteGroup,Consumer Discretionary,Homebuilding,137.61,148.55,87.88,133.3,131.86,128.84,119.07,109.86,108.32,110.7
PWR,Quanta Services,Industrials,Construction & Engineering,376.09,424.94,227.02,377.82,379.09,380.84,387.36,357.17,337.26,328.49
QCOM,Qualcomm,Information Technology,Semiconductors,159.71,179.1,120.08,159.46,158.48,156.15,156.27,151.71,151.33,154.77
DGX,Quest Diagnostics,Health Care,Health Care Services,180.11,185.62,144.09,179.83,180.19,179.68,174.95,174.4,172.8,167.41
RL,Ralph Lauren Corporation,Consumer Discretionary,"Apparel, Accessories & Luxury Goods",320.75,321.5,166.58,307.94,298.62,294.52,291.15,271.23,260.32,253.12
RJF,Raymond James Financial,Financials,Investment Banking & Brokerage,171.09,173.13,112.35,168.82,167.32,165.86,162.68,153.25,150.2,153.67
RTX,RTX Corporation,Industrials,Aerospace & Defense,158.68,161.26,111.21,158.81,158.23,156.49,152.51,142.56,139.79,132.45
O,Realty Income,Real Estate,Retail REITs,58.28,61.61,49.53,58.06,58.24,58.01,57.21,56.46,56.11,54.93
REG,Regency Centers,Real Estate,Retail REITs,73.56,76.68,62.82,72.57,72.29,71.94,71.19,71.19,71.12,71.43
REGN,Regeneron Pharmaceuticals,Health Care,Biotechnology,567.22,1187.45,475.77,573.85,580.39,573.39,559.28,557.37,574.04,625.93
RF,Regions Financial Corporation,Financials,Regional Banks,27.36,27.36,17.36,27.08,26.77,25.98,25.21,23.04,22.55,23.02
RSG,Republic Services,Industrials,Environmental & Facilities Services,233.85,258.14,195.62,233.31,233.77,234.03,237.77,242.91,241.38,231.3
RMD,ResMed,Health Care,Health Care Equipment,273.81,293.81,199.07,272.78,279.89,282.34,271.4,255.9,248.59,244.26
RVTY,Revvity,Health Care,Health Care Equipment,85.7,129.23,81.36,87.25,89.21,89.16,93.34,93.25,95.88,103.29
ROK,Rockwell Automation,Industrials,Electrical Components & Equipment,341.86,359.54,213.27,342.18,345.65,342.37,343.33,315.3,302.92,295.76
ROL,"Rollins, Inc.",Industrials,Environmental & Facilities Services,56.86,58.96,44.94,56.52,56.84,57.39,56.74,56.54,55.67,53.08
ROP,Roper Technologies,Information Technology,Electronic Equipment & Instruments,527.12,593.46,498.03,524.63,527.03,528.55,544.88,555.18,557.99,554.71
ROST,Ross Stores,Consumer Discretionary,Apparel Retail,152.81,157.36,122.01,150.2,148.99,147.98,139.41,139.96,137.59,140.89
RCL,Royal Caribbean Group,Consumer Discretionary,"Hotels, Resorts & Cruise Lines",360.06,366.5,152.4,359.64,352.57,333.92,331.83,285.8,269.91,259.19
SPGI,S&P Global,Financials,Financial Exchanges & Data,540.26,578.04,425.6,543.03,547.52,552.12,539.13,519.68,513.05,512.09
CRM,Salesforce,Information Technology,Application Software,244.01,367.42,226.48,252.82,250.0,244.75,256.34,262.42,264.05,288.87
SBAC,SBA Communications,Real Estate,Telecom Tower REITs,195.17,247.78,189.7,201.47,209.97,214.26,224.03,226.39,224.36,217.67
SLB,Schlumberger,Energy,Oil & Gas Equipment & Services,36.01,44.81,30.61,35.87,35.43,34.12,34.34,34.17,35.15,36.99
STX,Seagate Technology,Information Technology,"Technology Hardware, Storage & Peripherals",183.98,184.11,62.86,174.12,168.09,161.44,153.53,129.15,119.79,110.51
SRE,Sempra,Utilities,Multi-Utilities,82.12,93.45,61.37,82.25,82.1,81.98,79.36,76.95,75.25,78.28
NOW,ServiceNow,Information Technology,Systems Software,898.56,1198.09,678.66,915.08,897.17,883.93,939.94,952.12,923.98,968.89
SHW,Sherwin-Williams,Materials,Specialty Chemicals,365.78,397.81,307.5,364.35,365.94,363.11,351.12,349.26,347.38,351.63
SPG,Simon Property Group,Real Estate,Retail REITs,181.52,185.37,134.57,180.05,178.17,174.35,168.01,162.56,161.83,166.25
SWKS,Skyworks Solutions,Information Technology,Semiconductors,74.64,104.47,47.01,74.26,74.96,73.63,73.03,69.86,68.6,73.01
SJM,J.M. Smucker Company (The),Consumer Staples,Packaged Foods & Meats,112.34,121.73,92.38,110.19,110.49,110.7,106.96,107.75,108.54,107.62
SW,Smurfit Westrock,Materials,Paper & Plastic Packaging Products & Materials,46.17,55.46,36.31,46.8,46.13,44.67,45.15,43.71,43.6,46.79
SNA,Snap-on,Industrials,Industrial Machinery & Supplies & Components,328.77,366.68,262.13,325.29,326.98,324.89,321.44,318.03,319.62,327.75
SOLV,Solventum,Health Care,Health Care Technology,72.38,85.92,60.7,72.27,72.55,72.48,73.56,72.16,72.36,72.21
SO,Southern Company,Utilities,Electric Utilities,91.87,95.68,78.5,92.03,92.88,93.36,92.91,90.81,90.33,87.68
LUV,Southwest Airlines,Industrials,Passenger Airlines,31.12,37.75,23.55,32.21,32.31,31.38,32.71,31.36,31.22,31.31
SWK,Stanley Black & Decker,Industrials,Industrial Machinery & Supplies & Components,74.74,106.2,52.62,73.45,74.11,73.02,70.9,66.95,68.36,73.58
SBUX,Starbucks,Consumer Discretionary,Restaurants,87.01,115.87,74.48,88.05,87.73,89.64,91.24,88.25,89.37,93.27
STT,State Street Corporation,Financials,Asset Management & Custody Banks,114.06,116.37,72.29,114.11,114.4,112.83,110.51,101.54,98.33,97.52
STLD,Steel Dynamics,Materials,Steel,130.86,153.72,102.78,130.39,130.81,128.2,129.34,129.0,127.58,127.72
STE,Steris,Health Care,Health Care Equipment,243.39,252.46,199.99,243.54,246.31,245.4,236.27,235.21,232.73,226.0
SYK,Stryker Corporation,Health Care,Health Care Equipment,394.34,404.87,328.46,390.78,391.13,386.07,389.54,382.0,378.64,379.1
SMCI,Supermicro,Information Technology,"Technology Hardware, Storage & Peripherals",40.7,66.44,17.25,41.42,42.65,43.9,48.78,43.69,42.4,39.95
SYF,Synchrony Financial,Financials,Consumer Finance,76.86,77.15,40.15,76.18,75.04,73.11,70.85,63.44,61.03,62.44
SNPS,Synopsys,Information Technology,Application Software,601.96,651.73,365.74,600.36,600.26,608.82,588.9,530.54,511.04,511.31
SYY,Sysco,Consumer Staples,Food Distributors,82.51,82.64,66.65,80.83,80.34,80.38,78.94,75.48,74.8,74.43
TMUS,T-Mobile US,Communication Services,Wireless Telecommunication Services,252.12,274.51,189.91,252.47,252.23,251.54,241.3,241.4,244.63,241.01
TROW,T. Rowe Price,Financials,Asset Management & Custody Banks,111.52,121.15,76.8,107.68,107.66,107.17,104.36,97.81,96.34,101.73
TTWO,Take-Two Interactive,Communication Services,Interactive Home Entertainment,240.65,245.08,146.76,237.73,234.02,231.52,232.56,230.01,225.42,212.85
TPR,"Tapestry, Inc.",Consumer Discretionary,"Apparel, Accessories & Luxury Goods",105.82,114.05,39.51,103.49,101.57,102.94,101.38,88.75,85.01,79.35
TRGP,Targa Resources,Energy,Oil & Gas Storage & Transportation,166.54,215.2,139.32,166.31,164.63,164.63,166.68,165.8,169.89,178.63
TGT,Target Corporation,Consumer Staples,Consumer Staples Merchandise Retail,92.71,155.5,85.44,94.06,95.78,99.81,100.97,97.62,98.36,109.94
TEL,TE Connectivity,Information Technology,Electronic Manufacturing Services,208.54,212.01,115.38,206.72,205.78,204.06,192.38,172.72,166.19,159.01
TDY,Teledyne Technologies,Information Technology,Electronic Equipment & Instruments,547.0,570.56,416.0,541.96,543.05,543.65,539.16,511.38,506.24,498.4
TER,Teradyne,Information Technology,Semiconductor Materials & Equipment,119.39,143.79,65.67,119.15,117.3,113.45,102.59,91.16,89.9,100.79
TSLA,"Tesla, Inc.",Consumer Discretionary,Automobile Manufacturers,338.53,488.54,209.64,336.37,338.98,335.77,323.61,315.27,302.7,330.01
TXN,Texas Instruments,Information Technology,Semiconductors,187.29,220.1,137.77,197.88,201.36,196.8,200.31,188.18,184.96,186.07
TPL,Texas Pacific Land Corporation,Energy,Oil & Gas Exploration & Production,928.93,1759.83,762.48,926.58,913.75,896.48,960.96,1099.41,1138.43,1210.15
TXT,Textron,Industrials,Aerospace & Defense,81.33,91.23,57.69,80.24,80.62,79.77,80.86,76.82,75.71,76.52
TMO,Thermo Fisher Scientific,Health Care,Life Sciences Tools & Services,489.49,625.84,385.46,488.81,489.51,484.49,456.89,434.94,446.93,481.26
TJX,TJX Companies,Consumer Discretionary,Apparel Retail,141.02,145.58,109.83,138.56,137.62,135.45,128.95,128.03,126.13,124.62
TKO,TKO Group Holdings,Communication Services,Movies & Entertainment,190.08,194.76,112.59,188.35,186.67,184.05,176.16,168.63,164.36,157.89
TTD,Trade Desk (The),Communication Services,Advertising,51.92,141.53,42.96,53.98,53.26,54.94,69.81,67.67,65.18,83.54
TSCO,Tractor Supply,Consumer Discretionary,Other Specialty Retail,60.64,63.75,46.46,61.34,61.45,60.73,58.27,54.39,54.05,54.28
TT,Trane Technologies,Industrials,Building Products,413.15,476.19,297.5,414.5,418.89,424.24,434.36,417.67,402.19,393.59
TDG,TransDigm Group,Industrials,Aerospace & Defense,1281.81,1519.36,1107.45,1296.43,1303.18,1309.16,1393.66,1357.74,1337.6,1292.05
TRV,Travelers Companies (The),Financials,Property & Casualty Insurance,279.43,280.69,221.86,274.22,273.78,270.39,264.48,264.72,262.83,256.49
TRMB,Trimble Inc.,Information Technology,Electronic Equipment & Instruments,79.71,87.5,52.91,79.98,80.78,81.74,81.22,74.46,72.76,72.78
TFC,Truist Financial,Financials,Diversified Banks,47.07,47.29,32.72,46.7,46.24,45.08,44.35,41.43,40.91,42.18
TYL,Tyler Technologies,Information Technology,Application Software,554.23,661.31,513.52,555.94,557.05,567.24,571.23,568.88,568.69,582.48
TSN,Tyson Foods,Consumer Staples,Packaged Foods & Meats,56.18,64.65,51.39,56.29,56.56,56.36,54.98,55.64,56.48,57.0
USB,U.S. Bancorp,Financials,Diversified Banks,49.17,52.21,34.8,48.75,48.37,47.05,46.41,44.13,43.43,44.98
UBER,Uber,Industrials,Passenger Ground Transportation,91.98,97.71,59.33,93.49,94.55,93.39,92.34,87.96,84.79,78.95
UDR,"UDR, Inc.",Real Estate,Multi-Family Residential REITs,38.82,45.63,35.84,38.84,38.86,38.59,39.5,40.26,40.66,41.22
ULTA,Ulta Beauty,Consumer Discretionary,Other Specialty Retail,529.5,539.0,309.01,523.29,525.04,519.97,502.58,460.52,439.36,423.01
UNP,Union Pacific Corporation,Industrials,Rail Transportation,223.06,252.32,202.16,222.27,222.46,221.46,225.26,222.23,223.72,227.71
UAL,United Airlines Holdings,Industrials,Passenger Airlines,106.05,116.0,43.52,105.39,103.78,100.36,91.94,83.46,80.98,88.02
UPS,United Parcel Service,Industrials,Air Freight & Logistics,84.48,136.36,82.72,85.94,86.77,86.49,92.34,93.84,96.4,104.92
URI,United Rentals,Industrials,Trading Companies & Distributors,964.66,966.65,523.58,956.05,943.29,921.02,857.88,765.37,734.56,738.46
UNH,UnitedHealth Group,Health Care,Managed Health Care,310.38,621.24,234.6,307.84,305.92,291.43,288.47,324.17,361.88,423.07
UHS,Universal Health Services,Health Care,Health Care Facilities,185.68,242.21,152.16,182.23,182.74,179.71,175.1,177.67,177.73,181.11
VLO,Valero Energy,Energy,Oil & Gas Refining & Marketing,155.39,159.26,97.37,153.64,149.87,142.69,141.96,132.83,130.97,130.52
VTR,Ventas,Real Estate,Health Care REITs,67.72,70.82,55.85,67.74,67.88,68.04,66.37,65.56,65.75,63.91
VLTO,Veralto,Industrials,Environmental & Facilities Services,106.6,114.62,83.77,105.93,106.89,107.42,104.81,100.82,99.78,100.67
VRSN,Verisign,Information Technology,Internet Services & Infrastructure,277.08,309.71,174.64,273.95,272.03,270.15,277.38,275.03,268.5,245.66
VRSK,Verisk Analytics,Industrials,Research & Consulting Services,270.05,322.46,259.01,267.56,268.39,267.41,284.53,294.57,293.72,290.38
VZ,Verizon,Communication Services,Integrated Telecommunication Services,44.18,45.87,36.41,43.98,44.18,44.01,42.95,42.79,42.77,41.54
VRTX,Vertex Pharmaceuticals,Health Care,Biotechnology,396.93,519.88,362.5,395.52,393.54,389.69,430.37,444.82,454.77,453.07
VTRS,Viatris,Health Care,Pharmaceuticals,10.33,13.04,6.68,10.48,10.5,10.33,9.53,8.94,8.86,9.78
VICI,Vici Properties,Real Estate,Hotel & Resort REITs,33.5,34.01,27.24,33.51,33.46,33.1,33.06,32.3,32.07,31.16
V,Visa Inc.,Financials,Transaction & Payment Processing Services,350.99,374.85,266.36,350.71,349.76,344.95,347.88,349.44,346.48,338.79
VST,Vistra Corp.,Utilities,Electric Utilities,189.73,216.85,72.39,189.89,191.0,195.89,195.48,172.86,162.08,159.23
VMC,Vulcan Materials Company,Materials,Construction Materials,292.33,296.62,214.34,291.04,290.85,290.06,276.9,268.43,261.25,263.35
WRB,W. R. Berkley Corporation,Financials,Property & Casualty Insurance,72.92,75.77,54.76,72.02,71.86,71.39,70.42,71.08,69.83,66.04
GWW,W. W. Grainger,Industrials,Industrial Machinery & Supplies & Components,1028.03,1219.65,889.92,1018.32,1015.0,991.92,1011.64,1030.42,1018.5,1044.78
WAB,Wabtec,Industrials,Construction Machinery & Heavy Transportation Equipment,193.78,215.82,151.42,193.27,193.74,192.51,199.8,196.95,193.21,194.15
WBA,Walgreens Boots Alliance,Consumer Staples,Drug Retail,11.98,13.25,7.98,11.98,12.03,11.93,11.67,11.39,11.33,10.81
WMT,Walmart,Consumer Staples,Consumer Staples Merchandise Retail,100.93,104.51,75.56,98.26,97.43,99.68,98.04,97.1,94.89,94.48
DIS,Walt Disney Company (The),Communication Services,Movies & Entertainment,118.81,124.69,79.76,118.1,117.9,116.44,119.05,111.76,108.58,109.62
WBD,Warner Bros. Discovery,Communication Services,Broadcasting,11.77,13.87,6.78,11.8,11.86,11.7,12.04,10.64,10.53,10.5
WM,Waste Management,Industrials,Environmental & Facilities Services,224.95,241.74,198.19,225.21,225.78,228.09,228.07,230.25,229.4,224.44
WAT,Waters Corporation,Health Care,Life Sciences Tools & Services,299.69,423.56,275.05,297.14,296.8,292.89,306.71,325.72,332.75,352.41
WEC,WEC Energy Group,Utilities,Electric Utilities,107.48,110.99,89.63,106.64,107.2,107.85,106.65,106.06,105.78,102.36
WFC,Wells Fargo,Financials,Diversified Banks,81.83,84.33,49.13,81.66,80.94,79.42,80.14,76.07,74.57,74.32
WELL,Welltower,Real Estate,Health Care REITs,167.68,170.34,118.03,167.71,166.84,165.82,161.08,154.97,153.25,146.25
WST,West Pharmaceutical Services,Health Care,Health Care Supplies,247.54,351.24,187.09,246.53,246.08,244.88,236.31,225.16,224.35,255.08
WDC,Western Digital,Information Technology,"Technology Hardware, Storage & Peripherals",90.49,90.9,28.78,84.16,81.2,78.36,72.27,60.28,56.29,53.74
WY,Weyerhaeuser,Real Estate,Timber REITs,25.55,33.04,23.71,25.37,25.72,25.69,25.66,25.69,26.21,27.35
WSM,"Williams-Sonoma, Inc.",Consumer Discretionary,Homefurnishing Retail,202.91,218.08,123.89,192.65,195.19,199.02,185.59,171.37,169.45,177.13
WMB,Williams Companies,Energy,Oil & Gas Storage & Transportation,57.58,63.45,42.4,57.71,57.49,57.47,58.43,58.55,58.29,57.19
WTW,Willis Towers Watson,Financials,Insurance Brokers,329.84,342.16,280.03,327.22,331.3,331.06,317.59,312.98,315.66,316.46
WDAY,"Workday, Inc.",Information Technology,Application Software,231.13,294.0,205.33,230.55,227.76,225.46,230.59,238.87,238.97,247.59
WYNN,Wynn Resorts,Consumer Discretionary,Casinos & Gaming,122.89,128.53,64.93,125.47,121.32,115.57,109.97,97.82,94.5,91.82
XEL,Xcel Energy,Utilities,Multi-Utilities,72.24,74.57,59.07,72.31,72.74,72.74,71.28,70.15,69.83,68.76
XYL,Xylem Inc.,Industrials,Industrial Machinery & Supplies & Components,141.94,144.93,99.87,141.51,142.02,141.97,136.44,129.08,126.8,125.23
YUM,Yum! Brands,Consumer Discretionary,Restaurants,143.67,161.72,120.38,144.94,145.63,145.34,146.09,145.05,146.72,142.57
ZBRA,Zebra Technologies,Information Technology,Electronic Equipment & Instruments,311.25,427.76,205.73,312.62,315.6,317.4,321.34,297.35,292.09,324.44
ZBH,Zimmer Biomet,Health Care,Health Care Equipment,104.76,115.64,88.99,105.19,105.97,104.0,97.83,96.49,98.99,101.75
ZTS,Zoetis,Health Care,Pharmaceuticals,153.2,197.92,138.77,153.94,154.73,153.3,153.02,155.97,156.72,161.02
