Symbol,Company,GICS_Sector,GICS_Sub_Industry,Current_Price,52_Week_High,52_Week_Low,SMA_5,SMA_10,SMA_20,SMA_50,SMA_100,SMA_125,SMA_200
MMM,3M,Industrials,Industrial Conglomerates,152.88,163.4,120.83,155.76,155.57,155.58,154.48,151.94,149.21,146.68
AOS,A. O. Smith,Industrials,Building Products,69.73,86.19,58.25,71.59,72.32,72.49,72.13,69.46,68.78,67.88
ABT,Abbott Laboratories,Health Care,Health Care Equipment,133.31,139.95,109.7,133.79,133.6,133.92,132.31,131.99,131.63,129.07
ABBV,AbbVie,Health Care,Biotechnology,230.69,244.81,159.42,231.77,231.51,225.82,213.71,200.19,196.6,193.61
ACN,Accenture,Information Technology,IT Consulting & Other Services,252.04,394.41,229.4,249.95,247.04,242.56,247.89,273.84,278.8,303.17
ADBE,Adobe Inc.,Information Technology,Application Software,347.47,557.9,330.04,348.29,350.92,354.35,351.9,370.84,371.25,390.73
AMD,Advanced Micro Devices,Information Technology,Semiconductors,232.89,240.1,76.48,209.67,186.47,173.11,169.74,152.55,141.82,129.98
AES,AES Corporation,Utilities,Independent Power Producers & Energy Traders,14.57,17.54,9.28,14.51,14.18,13.58,13.29,12.33,11.95,11.68
AFL,Aflac,Financials,Life & Health Insurance,111.17,113.9,96.14,112.28,111.71,110.1,107.02,104.65,104.84,104.66
A,Agilent Technologies,Health Care,Life Sciences Tools & Services,140.11,152.88,96.03,140.55,135.5,130.39,124.12,120.19,117.51,122.56
APD,Air Products,Materials,Industrial Gases,262.71,334.71,240.55,268.92,268.86,275.63,283.56,282.39,279.1,285.95
ABNB,Airbnb,Consumer Discretionary,"Hotels, Resorts & Cruise Lines",120.15,163.93,99.88,120.11,121.24,122.32,124.58,129.81,128.52,129.75
AKAM,Akamai Technologies,Information Technology,Internet Services & Infrastructure,75.5,106.8,67.51,76.96,76.67,76.46,76.2,77.3,77.49,81.74
ALB,Albemarle Corporation,Materials,Specialty Chemicals,96.5,111.49,48.84,91.79,88.71,84.75,80.35,72.62,69.49,72.92
ARE,Alexandria Real Estate Equities,Real Estate,Office REITs,74.43,115.77,65.12,78.31,80.77,82.61,79.66,76.14,75.37,81.57
ALGN,Align Technology,Health Care,Health Care Supplies,131.87,246.19,122.0,131.82,129.31,129.71,135.57,162.0,165.12,175.72
ALLE,Allegion,Industrials,Building Products,175.45,180.34,116.14,177.08,176.73,176.69,171.87,158.78,154.1,144.44
LNT,Alliant Energy,Utilities,Electric Utilities,67.24,68.52,54.71,67.62,67.18,65.83,65.49,63.51,62.87,61.76
ALL,Allstate,Financials,Property & Casualty Insurance,208.99,215.7,173.88,210.56,211.22,207.41,205.54,201.66,200.58,197.39
GOOGL,Alphabet Inc. (Class A),Communication Services,Interactive Media & Services,241.53,256.0,140.23,245.54,245.2,247.45,224.85,200.87,192.28,187.21
GOOG,Alphabet Inc. (Class C),Communication Services,Interactive Media & Services,242.21,256.7,142.36,246.55,245.98,248.07,225.5,201.73,193.35,188.54
MO,Altria,Consumer Staples,Tobacco,65.72,67.51,45.54,65.78,65.84,65.35,64.88,61.43,60.45,57.31
AMZN,Amazon,Consumer Discretionary,Broadline Retail,227.74,242.52,161.38,223.03,221.97,224.72,226.01,221.42,214.86,214.52
AMCR,Amcor,Materials,Paper & Plastic Packaging Products & Materials,7.82,11.02,7.81,8.0,8.08,8.14,8.56,8.95,9.0,9.2
AEE,Ameren,Utilities,Multi-Utilities,103.0,105.67,82.82,103.99,103.63,101.73,100.9,98.36,98.02,96.51
AEP,American Electric Power,Utilities,Electric Utilities,116.91,119.06,87.57,116.6,114.06,110.95,111.31,107.35,106.69,103.71
AXP,American Express,Financials,Consumer Finance,324.44,349.19,219.87,327.69,331.36,333.76,321.03,312.81,304.49,298.85
AIG,American International Group,Financials,Multi-line Insurance,83.17,87.1,68.15,83.05,80.9,79.02,79.34,80.94,80.98,79.35
AMT,American Tower,Real Estate,Telecom Tower REITs,185.32,232.28,168.28,186.73,189.59,190.95,197.93,207.04,208.24,202.18
AWK,American Water Works,Utilities,Water Utilities,141.05,153.69,116.64,140.26,138.55,137.45,140.76,140.67,141.25,137.29
AMP,Ameriprise Financial,Financials,Asset Management & Custody Banks,491.38,576.69,393.57,493.03,493.25,492.14,500.99,510.83,504.68,508.22
AME,Ametek,Industrials,Electrical Components & Equipment,183.31,197.03,144.53,182.93,184.95,186.22,185.49,182.17,179.24,179.04
AMGN,Amgen,Health Care,Biotechnology,295.43,330.26,247.06,295.52,290.27,284.28,286.3,287.16,284.56,285.2
APH,Amphenol,Information Technology,Electronic Components,126.25,126.49,56.27,124.44,123.78,122.67,115.26,105.43,99.49,87.52
ADI,Analog Devices,Information Technology,Semiconductors,237.88,257.11,157.31,238.81,241.3,243.91,240.65,235.15,227.18,220.73
AON,Aon plc,Financials,Insurance Brokers,360.42,411.24,322.37,364.45,361.04,358.83,364.08,360.93,360.48,367.39
APA,APA Corporation,Energy,Oil & Gas Exploration & Production,23.66,25.88,13.18,24.6,24.53,24.17,22.34,20.46,19.56,20.01
APO,Apollo Global Management,Financials,Asset Management & Custody Banks,123.54,187.59,101.84,125.4,129.35,134.96,136.62,138.17,136.99,142.16
AAPL,Apple Inc.,Information Technology,"Technology Hardware, Storage & Peripherals",254.04,259.24,168.8,256.66,256.04,250.57,236.23,220.69,217.35,221.93
AMAT,Applied Materials,Information Technology,Semiconductor Materials & Equipment,220.3,226.49,123.04,218.16,214.57,200.92,182.23,180.13,174.45,170.38
APTV,Aptiv,Consumer Discretionary,Automotive Parts & Equipment,82.71,88.8,47.19,85.6,86.07,85.18,79.08,73.9,70.69,67.46
ACGL,Arch Capital Group,Financials,Property & Casualty Insurance,92.23,110.69,82.49,92.31,91.24,90.13,90.43,90.59,90.96,91.41
ADM,Archer Daniels Midland,Consumer Staples,Agricultural Products & Services,61.31,64.38,40.22,61.98,60.89,61.0,60.34,55.97,54.21,51.52
ANET,Arista Networks,Information Technology,Communications Equipment,158.23,159.8,59.43,151.18,148.12,146.12,139.87,120.1,112.6,107.65
AJG,Arthur J. Gallagher & Co.,Financials,Insurance Brokers,302.25,349.78,273.89,307.73,307.27,302.6,298.16,309.17,313.33,313.08
AIZ,Assurant,Financials,Multi-line Insurance,218.45,227.13,173.64,219.14,217.82,214.41,210.85,202.22,200.34,202.38
T,AT&T,Communication Services,Integrated Telecommunication Services,26.1,29.79,20.36,26.29,27.06,28.06,28.45,28.02,27.82,26.61
ATO,Atmos Energy,Utilities,Gas Utilities,174.93,177.01,133.63,173.82,171.61,168.15,165.4,159.56,158.93,153.24
ADSK,Autodesk,Information Technology,Application Software,310.32,329.09,232.67,315.65,317.75,319.7,307.88,303.73,298.15,292.3
ADP,Automatic Data Processing,Industrials,Human Resource & Employment Services,285.89,326.59,269.86,290.28,291.06,290.93,296.74,303.07,302.05,299.77
AZO,AutoZone,Consumer Discretionary,Automotive Retail,3967.28,4388.11,2980.1,4094.1,4173.43,4178.67,4137.41,3930.42,3879.87,3719.66
AVB,AvalonBay Communities,Real Estate,Multi-Family Residential REITs,185.85,231.37,177.24,187.61,189.76,190.56,189.49,195.14,196.48,201.63
AVY,Avery Dennison,Materials,Paper & Plastic Packaging Products & Materials,160.81,217.77,155.31,162.07,161.88,162.87,167.47,172.48,172.27,175.33
AXON,Axon Enterprise,Industrials,Aerospace & Defense,734.04,885.92,420.49,722.63,718.75,735.58,756.52,759.4,732.33,676.17
BKR,Baker Hughes,Energy,Oil & Gas Equipment & Services,47.89,50.93,33.21,48.38,48.85,48.31,45.88,42.51,41.36,42.0
BALL,Ball Corporation,Materials,"Metal, Glass & Plastic Containers",47.77,66.86,43.18,48.98,49.53,49.38,51.46,53.72,53.03,52.59
BAC,Bank of America,Financials,Diversified Banks,49.79,52.88,32.69,50.19,50.83,51.16,49.35,47.54,46.0,44.9
BAX,Baxter International,Health Care,Health Care Equipment,22.51,37.43,21.18,23.03,22.89,23.02,23.44,26.55,27.18,28.85
BDX,Becton Dickinson,Health Care,Health Care Equipment,189.08,248.0,161.47,192.23,189.95,188.05,189.04,181.37,182.09,198.6
BBY,Best Buy,Consumer Discretionary,Computer & Electronics Retail,75.23,94.94,53.55,75.97,76.13,74.8,72.75,70.54,69.46,72.63
TECH,Bio-Techne,Health Care,Life Sciences Tools & Services,59.9,80.37,45.87,60.9,58.62,55.31,54.37,52.9,52.28,57.59
BIIB,Biogen,Health Care,Biotechnology,149.61,194.13,110.04,153.34,149.22,145.43,139.83,134.77,131.75,135.4
BLK,BlackRock,Financials,Asset Management & Custody Banks,1167.43,1184.13,766.05,1167.72,1163.81,1147.53,1130.89,1079.57,1045.16,1013.67
BX,Blackstone Inc.,Financials,Asset Management & Custody Banks,160.65,196.67,114.16,164.67,168.04,175.67,172.84,161.51,156.06,156.57
XYZ,"Block, Inc.",Financials,Transaction & Payment Processing Services,80.85,99.26,44.27,79.14,76.72,76.24,76.17,71.58,68.14,70.23
BK,BNY Mellon,Financials,Asset Management & Custody Banks,106.82,110.87,69.65,106.56,107.42,107.61,104.92,98.55,95.02,90.04
BA,Boeing,Industrials,Aerospace & Defense,216.0,242.69,128.88,219.83,218.6,216.78,224.25,219.36,211.63,196.53
BKNG,Booking Holdings,Consumer Discretionary,"Hotels, Resorts & Cruise Lines",5191.93,5829.37,4082.14,5280.62,5358.03,5429.1,5490.26,5517.91,5399.11,5155.1
BSX,Boston Scientific,Health Care,Health Care Equipment,97.28,109.5,80.64,96.8,96.89,97.8,102.19,102.98,102.53,101.25
BMY,Bristol Myers Squibb,Health Care,Pharmaceuticals,44.68,61.0,42.38,44.89,44.79,44.75,45.64,46.13,46.35,49.87
AVGO,Broadcom,Information Technology,Semiconductors,345.02,373.59,137.54,340.16,336.47,341.73,321.45,291.83,272.69,248.19
BR,Broadridge Financial Solutions,Industrials,Data Processing & Outsourced Services,234.12,270.85,205.06,235.5,235.76,239.27,249.55,244.76,242.64,238.53
BRO,Brown & Brown,Financials,Insurance Brokers,95.5,125.31,89.99,95.28,94.32,93.25,94.11,100.75,103.22,106.23
BLDR,Builders FirstSource,Industrials,Building Products,127.76,201.53,102.6,127.97,125.34,126.74,133.29,126.49,124.49,131.48
BG,Bunge Global,Consumer Staples,Agricultural Products & Services,81.27,95.23,65.6,83.17,82.7,81.3,81.94,79.77,79.34,77.15
BXP,"BXP, Inc.",Real Estate,Office REITs,71.45,85.58,52.95,73.69,74.35,75.18,70.97,69.69,68.38,67.9
CHRW,C.H. Robinson,Industrials,Air Freight & Logistics,128.9,138.0,83.72,133.3,133.0,133.65,126.95,111.65,107.43,104.27
CDNS,Cadence Design Systems,Information Technology,Application Software,348.67,376.45,221.56,348.96,349.39,353.55,352.56,332.28,323.99,306.52
CZR,Caesars Entertainment,Consumer Discretionary,Casinos & Gaming,23.0,45.93,21.4,24.93,25.95,25.89,25.74,27.1,27.18,28.9
CPT,Camden Property Trust,Real Estate,Multi-Family Residential REITs,101.94,123.08,100.41,103.11,104.38,105.47,106.56,109.95,110.54,111.8
CPB,Campbell's Company (The),Consumer Staples,Packaged Foods & Meats,29.89,47.0,29.03,30.95,31.13,31.99,32.14,32.01,32.7,34.7
COF,Capital One,Financials,Consumer Finance,210.74,231.82,142.38,212.92,215.21,220.28,218.76,211.81,205.51,197.49
CAH,Cardinal Health,Health Care,Health Care Distributors,157.21,167.89,105.46,156.26,156.14,153.07,151.77,155.11,152.4,142.43
KMX,CarMax,Consumer Discretionary,Automotive Retail,44.11,91.25,42.75,45.31,45.37,51.5,55.81,60.47,61.62,68.53
CCL,Carnival,Consumer Discretionary,"Hotels, Resorts & Cruise Lines",28.45,32.8,15.07,28.75,28.99,29.96,30.29,28.29,26.53,25.33
CARR,Carrier Global,Industrials,Building Products,58.1,82.31,53.89,59.31,59.26,59.82,63.31,68.37,67.8,66.95
CAT,Caterpillar Inc.,Industrials,Construction Machinery & Heavy Transportation Equipment,500.36,509.48,265.05,496.48,486.83,471.87,442.33,411.03,391.56,375.16
CBOE,Cboe Global Markets,Financials,Financial Exchanges & Data,240.77,255.27,186.22,239.86,241.74,239.4,241.55,236.31,232.96,222.9
CBRE,CBRE Group,Real Estate,Real Estate Services,152.46,167.56,108.45,153.3,155.32,158.95,159.4,147.59,142.76,139.44
CDW,CDW Corporation,Information Technology,Technology Distributors,151.79,223.63,136.33,156.12,158.49,160.8,163.81,170.95,169.67,172.19
COR,Cencora,Health Care,Health Care Distributors,314.12,315.23,217.87,308.3,308.94,302.08,296.15,294.31,292.56,276.81
CNC,Centene Corporation,Health Care,Managed Health Care,37.83,73.5,25.08,38.21,36.94,34.88,30.88,38.16,42.69,49.41
CNP,CenterPoint Energy,Utilities,Multi-Utilities,39.11,40.5,27.87,39.28,38.96,38.61,38.27,37.41,37.38,35.81
CF,CF Industries,Materials,Fertilizers & Agricultural Chemicals,88.61,103.84,66.56,90.68,90.2,88.27,87.01,90.05,87.75,85.49
CRL,Charles River Laboratories,Health Care,Life Sciences Tools & Services,172.14,230.02,91.86,173.6,166.58,159.34,159.35,155.6,148.61,155.02
SCHW,Charles Schwab Corporation,Financials,Investment Banking & Brokerage,94.02,99.42,63.45,93.98,94.27,93.73,95.06,92.84,90.45,85.41
CHTR,Charter Communications,Communication Services,Cable & Satellite,265.0,437.06,251.8,275.72,274.79,269.65,266.79,328.08,337.62,344.48
CVX,Chevron Corporation,Energy,Integrated Oil & Gas,151.64,165.09,129.01,153.57,154.74,156.49,155.53,149.86,146.83,148.1
CMG,Chipotle Mexican Grill,Consumer Discretionary,Restaurants,40.89,66.74,38.3,41.24,40.46,39.93,41.26,46.73,47.41,50.06
CB,Chubb Limited,Financials,Property & Casualty Insurance,284.33,305.88,250.52,286.2,283.63,279.33,276.18,279.74,280.84,279.48
CHD,Church & Dwight,Consumer Staples,Household Products,87.62,115.72,85.08,88.67,88.02,88.84,91.45,94.22,94.84,99.0
CI,Cigna,Health Care,Health Care Services,306.13,352.15,255.6,306.8,298.37,295.64,292.51,300.99,305.89,302.87
CINF,Cincinnati Financial,Financials,Property & Casualty Insurance,161.68,166.9,121.6,164.28,161.31,157.89,154.12,150.52,148.08,144.41
CTAS,Cintas,Industrials,Diversified Support Services,191.75,228.77,179.74,198.28,201.13,200.88,209.15,215.12,214.12,207.72
CSCO,Cisco,Information Technology,Communications Equipment,69.96,72.11,50.89,69.22,68.45,67.8,67.84,66.87,65.04,63.06
C,Citigroup,Financials,Diversified Banks,95.92,105.59,54.71,97.24,99.03,100.37,96.89,89.82,85.46,80.82
CFG,Citizens Financial Group,Financials,Regional Banks,51.85,55.24,31.96,52.96,53.07,52.81,50.91,47.35,45.36,44.36
CLX,Clorox,Consumer Staples,Household Products,120.0,166.9,116.17,120.39,121.75,122.3,122.17,123.87,126.4,135.03
CME,CME Group,Financials,Financial Exchanges & Data,268.84,288.09,204.81,264.82,266.81,264.49,268.61,271.67,271.04,260.73
CMS,CMS Energy,Utilities,Multi-Utilities,73.28,75.33,62.54,73.16,72.79,71.82,72.19,71.04,71.12,70.17
KO,Coca-Cola Company (The),Consumer Staples,Soft Drinks & Non-alcoholic Beverages,66.37,73.29,59.3,66.41,66.29,66.36,67.75,68.77,69.15,67.76
CTSH,Cognizant,Information Technology,IT Consulting & Other Services,68.61,89.77,64.98,68.08,67.51,68.0,69.61,73.86,73.96,75.96
COIN,Coinbase,Financials,Financial Exchanges & Data,387.0,444.65,142.58,383.23,361.84,344.15,325.68,323.79,299.88,276.14
CL,Colgate-Palmolive,Consumer Staples,Household Products,77.81,100.36,77.09,78.07,78.76,79.99,82.69,86.12,87.15,87.79
CMCSA,Comcast,Communication Services,Cable & Satellite,30.08,43.66,30.06,30.69,30.84,31.25,32.23,33.28,33.34,33.99
CAG,Conagra Brands,Consumer Staples,Packaged Foods & Meats,18.5,28.75,17.89,18.79,18.7,18.65,18.94,19.8,20.56,22.25
COP,ConocoPhillips,Energy,Oil & Gas Exploration & Production,91.95,112.56,78.56,94.0,94.78,94.21,94.45,92.6,91.75,93.58
ED,Consolidated Edison,Utilities,Multi-Utilities,100.8,112.97,85.07,99.96,99.53,98.34,99.73,100.34,101.77,99.74
STZ,Constellation Brands,Consumer Staples,Distillers & Vintners,142.97,242.37,131.2,141.36,138.99,136.49,151.37,161.14,166.12,172.37
CEG,Constellation Energy,Utilities,Electric Utilities,383.23,386.86,160.94,367.3,353.94,342.02,329.82,320.02,304.01,285.82
COO,Cooper Companies (The),Health Care,Health Care Supplies,69.75,109.37,61.78,69.92,69.06,67.92,69.55,71.31,73.23,78.95
CPRT,Copart,Industrials,Diversified Support Services,44.04,64.38,44.0,44.55,44.69,45.41,46.77,48.21,50.77,52.92
GLW,Corning Inc.,Information Technology,Electronic Components,87.19,87.75,36.95,85.64,83.55,81.22,72.59,62.17,58.5,54.49
CPAY,Corpay,Financials,Transaction & Payment Processing Services,290.85,400.81,269.02,289.83,290.31,296.29,308.8,320.21,321.08,333.59
CTVA,Corteva,Materials,Fertilizers & Agricultural Chemicals,62.75,77.22,53.14,63.83,64.76,67.5,70.45,71.51,69.75,66.35
CSGP,CoStar Group,Real Estate,Real Estate Services,77.53,97.43,68.26,80.62,82.3,84.5,88.07,84.92,83.56,80.63
COST,Costco,Consumer Staples,Consumer Staples Merchandise Retail,942.89,1075.34,864.06,919.76,919.14,935.67,952.4,969.72,973.85,970.74
CTRA,Coterra,Energy,Oil & Gas Exploration & Production,23.62,29.29,21.84,23.9,23.77,23.83,23.88,24.38,24.38,25.28
CRWD,CrowdStrike,Information Technology,Systems Software,509.13,517.98,286.78,497.91,494.65,482.49,449.72,463.33,453.39,424.19
CCI,Crown Castle,Real Estate,Telecom Tower REITs,96.62,114.47,81.02,95.52,95.68,94.8,97.83,99.48,99.63,96.29
CSX,CSX Corporation,Industrials,Rail Transportation,36.05,37.1,26.01,36.05,35.62,34.38,34.28,33.51,32.49,31.96
CMI,Cummins,Industrials,Construction Machinery & Heavy Transportation Equipment,426.69,440.51,257.24,433.78,428.6,423.44,404.74,368.03,353.79,349.02
CVS,CVS Health,Health Care,Health Care Services,76.74,79.2,42.12,77.02,76.62,75.7,71.76,67.75,67.21,63.68
DHR,Danaher Corporation,Health Care,Life Sciences Tools & Services,204.48,277.73,170.43,208.98,203.73,196.6,200.07,198.3,197.26,204.01
DRI,Darden Restaurants,Consumer Discretionary,Restaurants,186.69,226.68,151.84,190.52,190.99,193.82,201.65,207.05,205.6,199.73
DDOG,Datadog,Information Technology,Application Software,164.07,170.08,81.63,158.38,152.29,144.58,137.66,134.49,128.18,126.85
DVA,DaVita,Health Care,Health Care Services,126.38,179.6,126.07,128.92,130.38,130.72,133.59,137.16,138.2,144.88
DAY,Dayforce,Industrials,Human Resource & Employment Services,68.52,82.69,48.01,68.82,68.86,68.85,65.13,61.46,60.58,61.96
DECK,Deckers Brands,Consumer Discretionary,Footwear,98.85,223.98,93.72,100.7,101.89,108.25,109.56,108.16,109.45,128.48
DE,Deere & Company,Industrials,Agricultural & Farm Machinery,456.22,530.24,381.67,459.73,459.57,463.94,479.74,494.87,490.2,477.84
DELL,Dell Technologies,Information Technology,"Technology Hardware, Storage & Peripherals",155.95,166.1,65.56,151.57,146.13,138.42,133.73,126.72,120.12,113.7
DAL,Delta Air Lines,Industrials,Passenger Airlines,59.57,69.36,34.52,57.77,57.36,58.0,58.34,54.66,52.54,54.19
DVN,Devon Energy,Energy,Oil & Gas Exploration & Production,34.35,42.12,25.53,34.76,35.1,34.89,34.32,33.42,32.89,33.32
DXCM,Dexcom,Health Care,Health Care Equipment,68.08,93.25,57.52,67.06,66.87,69.51,74.81,79.89,79.03,79.22
FANG,Diamondback Energy,Energy,Oil & Gas Exploration & Production,144.21,192.59,112.4,147.75,146.04,143.12,142.43,141.81,140.23,145.91
DLR,Digital Realty,Real Estate,Data Center REITs,175.21,192.35,128.14,175.57,173.75,173.27,169.32,170.78,167.97,164.47
DG,Dollar General,Consumer Staples,Consumer Staples Merchandise Retail,98.67,117.24,65.27,98.07,99.68,101.58,106.95,107.66,104.31,93.61
DLTR,Dollar Tree,Consumer Staples,Consumer Staples Merchandise Retail,89.02,118.06,60.49,87.91,90.38,93.22,103.53,102.04,97.97,88.17
D,Dominion Energy,Utilities,Multi-Utilities,60.26,62.37,46.96,60.95,60.91,60.5,60.07,57.96,56.94,55.48
DPZ,Domino's,Consumer Discretionary,Restaurants,405.33,495.24,392.06,415.98,424.11,428.89,442.62,453.02,457.77,453.03
DASH,DoorDash,Consumer Discretionary,Specialized Consumer Services,275.44,285.08,141.26,277.25,273.09,267.7,258.16,242.98,232.04,214.43
DOV,Dover Corporation,Industrials,Industrial Machinery & Supplies & Components,162.3,220.46,142.22,164.95,165.94,168.23,173.84,178.07,176.54,180.6
DOW,Dow Inc.,Materials,Commodity Chemicals,22.08,50.35,20.11,22.88,22.99,23.36,23.25,25.51,26.07,29.72
DHI,D. R. Horton,Consumer Discretionary,Homebuilding,151.39,193.34,109.8,163.54,166.81,168.03,166.5,147.73,142.79,138.94
DTE,DTE Energy,Utilities,Multi-Utilities,140.07,143.79,111.81,141.17,140.69,138.47,137.71,135.43,134.92,131.1
DUK,Duke Energy,Utilities,Electric Utilities,124.71,126.75,102.41,124.68,123.69,122.74,122.73,119.43,119.09,116.24
DD,DuPont,Materials,Specialty Chemicals,77.84,85.99,53.17,79.13,78.6,77.83,75.67,73.02,71.26,72.68
EMN,Eastman Chemical Company,Materials,Specialty Chemicals,61.04,107.33,56.08,62.7,62.82,63.85,64.71,70.98,72.08,78.73
ETN,Eaton Corporation,Industrials,Electrical Components & Equipment,377.19,398.4,230.37,375.66,373.59,372.07,362.22,354.42,342.25,328.7
EBAY,eBay Inc.,Consumer Discretionary,Broadline Retail,90.13,100.83,55.44,91.84,90.84,90.86,93.02,84.59,81.18,75.24
ECL,Ecolab,Materials,Specialty Chemicals,272.54,285.35,220.55,277.84,275.07,270.97,273.08,269.33,264.47,258.21
EIX,Edison International,Utilities,Electric Utilities,53.07,83.74,46.27,53.73,54.08,54.26,54.23,52.63,53.08,54.42
EW,Edwards Lifesciences,Health Care,Health Care Equipment,75.19,83.0,64.51,76.26,76.54,75.83,78.14,77.51,76.79,74.89
EA,Electronic Arts,Communication Services,Interactive Home Entertainment,200.05,203.75,114.77,200.25,200.1,186.01,175.83,163.37,160.24,151.23
ELV,Elevance Health,Health Care,Managed Health Care,358.13,501.08,272.22,355.68,341.27,328.2,311.89,332.88,348.44,366.63
EMR,Emerson Electric,Industrials,Electrical Components & Equipment,131.53,149.68,89.31,133.1,131.88,132.01,133.13,132.33,127.21,123.65
ENPH,Enphase Energy,Information Technology,Semiconductor Materials & Equipment,36.71,105.92,29.89,36.59,36.57,37.44,36.18,38.4,40.4,48.99
ETR,Entergy,Utilities,Electric Utilities,95.62,98.58,62.53,96.23,94.71,92.13,90.28,86.52,85.66,83.66
EOG,EOG Resources,Energy,Oil & Gas Exploration & Production,111.92,135.49,100.76,110.83,111.86,114.72,117.54,117.48,116.05,119.08
EPAM,EPAM Systems,Information Technology,IT Consulting & Other Services,150.53,269.0,138.15,151.62,152.03,153.4,159.25,166.42,165.63,184.25
EQT,EQT Corporation,Energy,Oil & Gas Exploration & Production,54.92,60.83,34.99,56.34,55.66,53.2,52.27,54.12,53.64,52.27
EFX,Equifax,Industrials,Research & Consulting Services,233.25,292.84,199.2,236.98,243.75,250.78,247.43,253.57,253.38,251.28
EQIX,Equinix,Real Estate,Data Center REITs,808.33,977.63,693.42,793.52,786.95,787.92,780.88,805.88,810.31,835.58
EQR,Equity Residential,Real Estate,Multi-Family Residential REITs,61.97,75.25,58.19,62.46,63.33,63.89,63.82,65.43,65.92,66.76
ERIE,Erie Indemnity,Financials,Insurance Brokers,320.45,531.01,305.49,320.31,316.89,317.99,337.74,344.55,350.7,370.53
ESS,Essex Property Trust,Real Estate,Multi-Family Residential REITs,259.05,307.81,239.32,261.81,263.6,263.63,260.8,270.23,271.04,275.28
EL,Estée Lauder Companies (The),Consumer Staples,Personal Care Products,93.97,96.49,47.94,91.82,89.8,88.29,89.33,83.6,78.58,75.41
EG,Everest Group,Financials,Reinsurance,351.77,395.49,318.14,359.01,354.44,346.58,341.23,339.78,341.26,344.48
EVRG,Evergy,Utilities,Electric Utilities,76.69,78.56,56.68,77.26,76.38,74.4,72.77,69.98,69.25,67.1
ES,Eversource Energy,Utilities,Electric Utilities,72.39,74.46,51.06,72.79,71.88,68.9,66.07,65.03,63.69,61.36
EXC,Exelon,Utilities,Electric Utilities,46.66,47.26,34.98,46.22,45.45,44.47,44.33,43.63,43.91,42.76
EXE,Expand Energy,Energy,Oil & Gas Exploration & Production,105.98,121.47,80.07,107.77,107.47,103.38,99.24,104.72,104.82,103.4
EXPE,Expedia Group,Consumer Discretionary,"Hotels, Resorts & Cruise Lines",216.81,240.98,129.46,217.69,218.12,220.19,210.94,192.0,185.38,182.78
EXPD,Expeditors International,Industrials,Air Freight & Logistics,116.22,128.27,99.78,121.29,121.82,122.13,120.74,117.5,115.9,115.01
EXR,Extra Space Storage,Real Estate,Self-Storage REITs,143.08,168.1,118.4,142.55,141.76,141.4,139.87,143.41,142.93,143.86
XOM,ExxonMobil,Energy,Integrated Oil & Gas,112.91,119.92,96.01,113.73,113.61,113.67,111.03,109.46,108.5,108.12
FFIV,"F5, Inc.",Information Technology,Communications Equipment,342.35,343.84,213.24,333.93,329.49,327.6,321.8,307.56,299.6,290.22
FDS,FactSet,Financials,Financial Exchanges & Data,283.08,495.04,272.5,279.76,283.43,298.31,345.9,391.4,400.09,419.57
FICO,Fair Isaac,Information Technology,Application Software,1708.77,2402.52,1300.0,1796.83,1682.23,1609.58,1496.49,1604.18,1684.99,1752.2
FAST,Fastenal,Industrials,Trading Companies & Distributors,46.71,50.63,33.96,47.47,47.99,47.74,48.18,45.52,44.43,41.64
FRT,Federal Realty Investment Trust,Real Estate,Retail REITs,97.16,113.0,78.83,98.09,98.65,98.75,96.84,95.12,94.58,96.54
FDX,FedEx,Industrials,Air Freight & Logistics,237.0,301.45,191.82,242.18,240.3,235.2,229.73,227.53,224.58,234.93
FIS,Fidelity National Information Services,Financials,Transaction & Payment Processing Services,68.57,90.1,63.0,67.81,66.8,66.13,68.68,74.26,74.62,74.5
FITB,Fifth Third Bancorp,Financials,Regional Banks,43.79,47.33,31.68,43.84,44.24,44.65,43.81,41.98,40.73,40.62
FSLR,First Solar,Information Technology,Semiconductors,234.3,237.2,116.56,230.65,227.43,219.91,204.85,184.95,176.19,168.47
FE,FirstEnergy,Utilities,Electric Utilities,46.67,47.35,36.81,46.41,46.01,44.81,43.96,42.18,42.04,40.83
FI,Fiserv,Financials,Transaction & Payment Processing Services,125.96,238.59,124.89,126.35,127.26,129.53,133.49,148.54,157.01,179.43
F,Ford Motor Company,Consumer Discretionary,Automobile Manufacturers,11.5,12.8,8.21,12.11,12.11,11.89,11.62,11.18,10.91,10.32
FTNT,Fortinet,Information Technology,Systems Software,86.19,114.82,70.12,85.95,85.43,83.86,82.43,92.98,94.61,96.63
FTV,Fortive,Industrials,Industrial Machinery & Supplies & Components,49.3,62.58,45.4,49.84,49.55,48.99,48.29,50.48,50.69,53.24
FOXA,Fox Corporation (Class A),Communication Services,Broadcasting,58.87,65.3,40.85,60.78,61.49,60.68,59.04,57.12,55.72,54.33
FOX,Fox Corporation (Class B),Communication Services,Broadcasting,52.66,59.29,37.58,54.46,55.37,54.7,53.57,52.12,51.0,50.15
BEN,Franklin Resources,Financials,Asset Management & Custody Banks,23.63,25.72,15.81,23.52,23.22,23.52,24.27,23.53,22.62,21.27
FCX,Freeport-McMoRan,Materials,Copper,43.31,49.55,27.45,41.37,39.69,41.55,42.41,42.37,41.15,39.75
GRMN,Garmin,Consumer Discretionary,Consumer Electronics,256.5,261.69,158.51,257.46,253.24,244.82,237.32,224.05,217.7,215.03
IT,Gartner,Information Technology,IT Consulting & Other Services,244.5,584.01,223.65,249.48,254.38,254.78,252.47,326.23,345.44,396.74
GE,GE Aerospace,Industrials,Aerospace & Defense,299.35,306.88,158.62,299.77,298.83,296.9,282.57,266.22,253.44,230.38
GEHC,GE HealthCare,Health Care,Health Care Equipment,74.22,94.71,57.59,75.36,74.98,75.09,74.23,73.85,72.62,76.6
GEV,GE Vernova,Industrials,Heavy Electrical Equipment,634.27,677.29,251.95,612.81,609.89,616.76,621.56,570.67,531.4,460.56
GEN,Gen Digital,Information Technology,Systems Software,27.04,32.09,22.55,27.43,27.93,28.39,29.48,29.39,28.71,28.03
GNRC,Generac,Industrials,Electrical Components & Equipment,171.92,203.25,99.5,168.0,167.94,173.25,183.86,161.26,152.29,148.25
GD,General Dynamics,Industrials,Aerospace & Defense,342.77,347.37,236.67,344.55,340.81,332.77,324.24,306.43,299.57,283.9
GIS,General Mills,Consumer Staples,Packaged Foods & Meats,49.21,70.25,48.29,50.09,50.16,50.03,49.77,50.91,51.78,54.43
GM,General Motors,Consumer Discretionary,Automobile Manufacturers,55.92,62.14,41.36,57.58,59.19,59.14,57.37,53.79,52.29,51.0
GPC,Genuine Parts Company,Consumer Discretionary,Distributors,131.52,143.1,102.41,135.88,137.35,137.97,136.74,130.52,127.65,123.61
GILD,Gilead Sciences,Health Care,Biotechnology,116.74,120.99,81.73,115.61,113.55,113.21,114.06,111.62,109.62,106.3
GPN,Global Payments,Financials,Transaction & Payment Processing Services,87.18,118.69,65.53,87.79,86.42,86.05,85.45,82.12,81.27,89.36
GL,Globe Life,Financials,Life & Health Insurance,136.45,147.54,99.43,135.94,138.98,141.13,140.04,131.15,129.09,125.85
GDDY,GoDaddy,Information Technology,Internet Services & Infrastructure,133.8,216.0,131.29,135.31,136.26,140.4,144.36,160.22,164.39,174.04
GS,Goldman Sachs,Financials,Investment Banking & Brokerage,779.96,825.25,434.87,786.58,790.08,792.79,757.57,707.85,675.18,639.82
HAL,Halliburton,Energy,Oil & Gas Equipment & Services,23.4,31.66,18.43,24.05,24.43,23.69,22.44,21.77,21.51,22.95
HIG,Hartford (The),Financials,Property & Casualty Insurance,130.13,135.17,103.64,132.59,132.75,132.01,130.95,127.97,126.72,121.68
HAS,Hasbro,Consumer Discretionary,Leisure Products,74.64,82.19,48.07,75.14,75.46,75.3,77.47,74.29,71.09,66.21
HCA,HCA Healthcare,Health Care,Health Care Facilities,418.87,439.01,288.25,429.16,426.48,416.12,402.5,386.88,378.68,356.63
DOC,Healthpeak Properties,Real Estate,Health Care REITs,18.45,21.94,16.26,19.01,19.05,18.72,17.88,17.62,17.58,18.21
HSIC,Henry Schein,Health Care,Health Care Distributors,64.57,82.49,60.56,65.45,65.74,66.89,67.54,69.65,69.04,70.38
HSY,Hershey Company (The),Consumer Staples,Packaged Foods & Meats,192.58,202.98,136.73,194.57,191.0,190.18,185.84,176.58,173.94,169.12
HPE,Hewlett Packard Enterprise,Information Technology,"Technology Hardware, Storage & Peripherals",26.25,26.44,11.82,25.29,24.86,24.78,23.01,21.0,20.01,19.66
HLT,Hilton Worldwide,Consumer Discretionary,"Hotels, Resorts & Cruise Lines",260.1,279.81,195.81,259.48,259.65,263.62,267.74,263.99,257.1,252.63
HOLX,Hologic,Health Care,Health Care Equipment,68.62,84.39,51.9,68.05,67.71,66.93,67.13,65.37,63.67,64.61
HD,Home Depot (The),Consumer Discretionary,Home Improvement Retail,377.69,429.19,322.47,386.54,394.68,405.2,401.57,382.75,377.62,378.45
HON,Honeywell,Industrials,Industrial Conglomerates,204.23,240.47,177.52,208.22,209.03,209.51,214.25,221.1,217.99,215.52
HRL,Hormel Foods,Consumer Staples,Packaged Foods & Meats,23.77,32.84,23.71,24.12,24.42,24.58,26.32,28.13,28.42,28.76
HST,Host Hotels & Resorts,Real Estate,Hotel & Resort REITs,16.19,18.32,11.93,16.48,16.82,17.05,16.57,16.06,15.65,15.6
HWM,Howmet Aerospace,Industrials,Aerospace & Defense,188.83,198.48,98.55,190.33,191.89,190.73,182.67,179.87,172.36,154.57
HPQ,HP Inc.,Information Technology,"Technology Hardware, Storage & Peripherals",26.97,38.25,20.76,26.76,26.78,27.33,27.04,26.1,25.92,27.49
HUBB,Hubbell Incorporated,Industrials,Industrial Machinery & Supplies & Components,418.89,475.24,297.55,415.51,421.34,428.23,430.86,417.88,405.37,396.37
HUM,Humana,Health Care,Managed Health Care,290.6,314.25,206.15,292.56,273.66,268.55,276.86,255.3,255.54,259.52
HBAN,Huntington Bancshares,Financials,Regional Banks,16.34,17.93,11.7,16.67,16.95,17.22,16.98,16.58,16.13,15.87
HII,Huntington Ingalls Industries,Industrials,Aerospace & Defense,286.14,291.7,155.93,287.02,284.95,279.68,273.08,256.1,249.46,226.22
IBM,IBM,Information Technology,IT Consulting & Other Services,288.23,301.04,197.92,289.87,286.88,275.95,257.58,266.24,261.53,252.59
IEX,IDEX Corporation,Industrials,Industrial Machinery & Supplies & Components,165.85,235.67,152.2,166.52,164.82,162.77,163.08,171.65,172.34,181.02
IDXX,Idexx Laboratories,Health Care,Health Care Equipment,628.75,688.12,356.14,628.98,630.05,636.08,637.62,583.56,557.8,509.22
ITW,Illinois Tool Works,Industrials,Industrial Machinery & Supplies & Components,248.29,273.07,212.05,255.1,257.61,258.83,259.64,254.04,250.6,250.34
INCY,Incyte,Health Care,Biotechnology,84.75,88.66,53.56,86.28,85.58,84.92,83.96,76.17,72.91,71.3
IR,Ingersoll Rand,Industrials,Industrial Machinery & Supplies & Components,78.48,105.95,65.58,81.64,82.33,81.28,79.96,82.07,80.97,82.85
PODD,Insulet Corporation,Health Care,Health Care Equipment,320.38,353.5,225.37,314.03,312.57,322.0,322.12,313.49,304.64,291.1
INTC,Intel,Information Technology,Semiconductors,37.8,38.68,17.67,37.16,36.26,32.25,26.73,24.16,23.43,22.74
ICE,Intercontinental Exchange,Financials,Financial Exchanges & Data,159.3,188.82,141.12,160.47,163.01,166.67,174.42,176.93,174.86,169.66
IFF,International Flavors & Fragrances,Materials,Specialty Chemicals,60.15,104.48,59.73,61.23,61.14,61.99,64.41,69.8,70.77,74.39
IP,International Paper,Materials,Paper & Plastic Packaging Products & Materials,46.42,58.71,42.44,46.41,46.28,46.26,47.02,47.93,47.49,49.48
IPG,Interpublic Group of Companies (The),Communication Services,Advertising,26.55,31.81,21.93,26.87,26.85,26.46,26.08,25.05,24.88,25.41
INTU,Intuit,Information Technology,Application Software,644.92,813.7,531.0,662.15,674.8,675.55,691.98,724.88,704.32,665.29
ISRG,Intuitive Surgical,Health Care,Health Care Equipment,443.76,616.0,425.0,446.97,444.35,442.21,459.91,493.89,498.9,515.69
IVZ,Invesco,Financials,Asset Management & Custody Banks,23.9,24.54,11.33,24.03,23.55,22.96,21.99,19.15,18.08,17.4
INVH,Invitation Homes,Real Estate,Single-Family Residential REITs,28.0,35.13,27.96,28.24,28.64,28.97,29.67,31.05,31.52,31.51
IQV,IQVIA,Health Care,Life Sciences Tools & Services,203.0,237.34,134.65,203.22,197.45,191.54,188.57,174.1,169.04,177.13
IRM,Iron Mountain,Real Estate,Other Specialized REITs,104.95,126.21,71.19,105.48,103.62,102.06,95.93,97.37,95.78,94.92
JBHT,J.B. Hunt,Industrials,Cargo Ground Transportation,142.62,198.61,122.01,141.76,137.91,136.06,140.27,142.44,140.8,148.47
JBL,Jabil,Information Technology,Electronic Manufacturing Services,204.71,237.14,108.57,203.63,209.62,215.2,214.19,207.1,195.21,178.31
JKHY,Jack Henry & Associates,Financials,Transaction & Payment Processing Services,149.32,194.68,144.12,148.47,148.44,151.48,158.03,168.54,169.52,170.9
J,Jacobs Solutions,Industrials,Construction & Engineering,155.44,157.64,104.68,155.54,153.04,150.41,147.82,139.58,135.75,132.47
JNJ,Johnson & Johnson,Health Care,Pharmaceuticals,191.08,192.05,137.37,189.29,186.52,181.5,177.34,166.5,163.56,159.21
JCI,Johnson Controls,Industrials,Building Products,107.76,112.63,67.78,108.57,108.55,108.12,106.96,105.5,101.43,93.7
JPM,JPMorgan Chase,Financials,Diversified Banks,305.53,316.47,200.22,306.99,309.28,309.73,299.99,288.42,279.65,267.28
K,Kellanova,Consumer Staples,Packaged Foods & Meats,82.86,83.0,76.48,82.8,82.11,80.06,79.65,79.7,80.02,80.2
KVUE,Kenvue,Consumer Staples,Personal Care Products,16.84,24.71,15.47,16.13,16.12,16.93,19.23,20.52,21.01,21.24
KDP,Keurig Dr Pepper,Consumer Staples,Soft Drinks & Non-alcoholic Beverages,25.85,36.17,25.03,25.58,25.59,26.02,29.39,31.14,31.68,31.78
KEY,KeyCorp,Financials,Regional Banks,18.18,19.41,12.43,18.37,18.53,18.69,18.48,17.69,17.1,16.75
KEYS,Keysight Technologies,Information Technology,Electronic Equipment & Instruments,171.1,186.2,121.43,172.01,172.98,173.75,168.35,165.56,161.8,161.85
KMB,Kimberly-Clark,Consumer Staples,Household Products,119.55,147.59,119.36,120.93,121.97,123.37,127.66,129.27,129.94,130.54
KIM,Kimco Realty,Real Estate,Retail REITs,21.23,24.7,17.52,21.38,21.49,21.73,21.64,21.29,21.07,21.09
KMI,Kinder Morgan,Energy,Oil & Gas Storage & Transportation,27.52,30.49,22.08,28.01,28.15,27.83,27.3,27.47,27.29,27.13
KKR,KKR & Co.,Financials,Asset Management & Custody Banks,124.06,169.7,85.9,125.61,127.86,136.07,139.09,135.38,130.94,132.36
KLAC,KLA Corporation,Information Technology,Semiconductor Materials & Equipment,1053.47,1155.0,548.81,1088.41,1091.72,1060.61,961.69,913.34,869.87,806.3
KHC,Kraft Heinz,Consumer Staples,Packaged Foods & Meats,25.04,34.37,24.85,25.37,25.7,25.92,26.61,26.53,26.81,27.56
KR,Kroger,Consumer Staples,Food Retail,67.56,74.52,53.78,66.73,66.58,66.39,68.51,68.79,69.01,66.71
LHX,L3Harris,Industrials,Aerospace & Defense,298.2,308.12,190.25,301.36,299.93,291.85,280.82,265.98,256.25,237.76
LH,Labcorp,Health Care,Health Care Services,277.78,289.2,208.23,277.38,279.58,278.4,274.33,264.23,258.3,250.71
LRCX,Lam Research,Information Technology,Semiconductor Materials & Equipment,141.0,153.7,56.07,143.77,140.19,132.62,113.84,103.28,97.14,89.36
LW,Lamb Weston,Consumer Staples,Packaged Foods & Meats,64.58,82.35,47.25,63.64,61.13,58.28,56.46,54.89,54.28,55.06
LVS,Las Vegas Sands,Consumer Discretionary,Casinos & Gaming,51.86,58.05,29.84,52.03,53.3,53.16,53.81,49.32,46.81,45.47
LDOS,Leidos,Industrials,Diversified Support Services,194.05,200.78,122.65,196.58,192.69,188.94,181.75,168.37,164.17,154.66
LEN,Lennar,Consumer Discretionary,Homebuilding,117.91,181.28,97.54,123.33,125.29,127.29,128.85,119.48,117.05,119.18
LII,Lennox International,Industrials,Building Products,534.34,687.72,496.64,547.04,538.82,537.6,563.07,573.32,570.03,579.92
LLY,Lilly (Eli),Health Care,Pharmaceuticals,855.35,931.67,622.41,845.92,808.89,779.53,740.93,756.18,763.36,782.97
LIN,Linde plc,Materials,Industrial Gases,458.16,484.83,406.06,466.33,469.38,473.23,473.48,469.24,464.88,456.72
LYV,Live Nation Entertainment,Communication Services,Movies & Entertainment,152.75,175.25,110.58,154.06,157.54,162.15,161.37,153.77,149.79,144.26
LKQ,LKQ Corporation,Consumer Discretionary,Distributors,29.31,43.77,28.65,30.21,30.48,30.71,30.93,34.28,35.37,36.63
LMT,Lockheed Martin,Industrials,Aerospace & Defense,507.76,602.02,407.14,510.32,502.86,490.24,461.18,460.1,460.72,457.84
L,Loews Corporation,Financials,Multi-line Insurance,102.24,103.5,74.95,102.47,101.45,99.45,96.89,93.4,92.05,89.55
LOW,Lowe's,Consumer Discretionary,Home Improvement Retail,234.67,281.56,204.22,240.03,245.72,255.27,254.02,238.3,235.03,237.27
LULU,Lululemon Athletica,Consumer Discretionary,"Apparel, Accessories & Luxury Goods",173.48,423.32,159.25,174.24,176.03,172.17,184.77,220.93,232.04,279.14
LYB,LyondellBasell,Materials,Specialty Chemicals,47.67,87.79,46.44,48.73,48.9,50.47,52.13,55.28,55.26,60.51
MTB,M&T Bank,Financials,Regional Banks,188.04,219.44,148.52,190.05,193.72,196.33,194.4,191.3,186.76,185.49
MPC,Marathon Petroleum,Energy,Oil & Gas Refining & Marketing,187.56,201.61,113.82,190.89,192.69,189.65,178.0,172.6,166.0,157.31
MKTX,MarketAxess,Financials,Financial Exchanges & Data,172.23,292.5,161.61,170.18,172.33,176.46,184.02,200.58,204.45,206.46
MAR,Marriott International,Consumer Discretionary,"Hotels, Resorts & Cruise Lines",266.14,305.27,204.35,268.22,266.06,265.18,264.83,266.63,261.8,263.43
MMC,Marsh McLennan,Financials,Insurance Brokers,206.0,245.83,194.14,203.41,201.57,199.36,202.2,209.51,212.26,216.4
MLM,Martin Marietta Materials,Materials,Construction Materials,633.81,640.0,440.72,634.12,628.38,620.96,613.51,584.59,571.44,546.27
MAS,Masco,Industrials,Building Products,67.4,85.23,56.02,68.78,69.6,70.94,71.88,68.04,66.79,69.01
MA,Mastercard,Financials,Transaction & Payment Processing Services,564.55,601.77,464.22,576.02,573.33,577.12,580.37,573.0,567.45,556.39
MTCH,Match Group,Communication Services,Interactive Media & Services,32.48,38.99,26.09,33.42,34.36,35.71,36.35,33.83,32.87,32.46
MKC,McCormick & Company,Consumer Staples,Packaged Foods & Meats,66.11,85.22,63.66,66.95,67.0,66.47,68.59,70.8,71.63,73.73
MCD,McDonald's,Consumer Discretionary,Restaurants,293.81,322.65,271.85,296.31,299.41,301.31,305.41,302.28,303.95,300.55
MCK,McKesson Corporation,Health Care,Health Care Distributors,757.96,776.14,484.62,748.64,756.19,734.29,706.1,711.23,708.43,674.91
MDT,Medtronic,Health Care,Health Care Equipment,96.5,99.37,77.57,97.77,96.26,95.45,93.4,90.23,88.83,88.08
MRK,Merck & Co.,Health Care,Pharmaceuticals,87.5,107.6,71.87,87.9,86.02,83.31,82.71,80.94,80.32,84.08
META,Meta Platforms,Communication Services,Interactive Media & Services,733.51,795.71,479.11,718.13,725.66,745.86,753.42,723.42,692.34,668.46
MET,MetLife,Financials,Life & Health Insurance,81.98,87.17,64.24,82.3,82.08,81.0,79.41,78.71,77.99,78.99
MTD,Mettler Toledo,Health Care,Life Sciences Tools & Services,1307.57,1486.76,946.69,1320.91,1281.83,1270.38,1275.93,1232.77,1201.38,1219.72
MGM,MGM Resorts,Consumer Discretionary,Casinos & Gaming,32.45,42.54,25.3,33.15,34.2,34.64,35.83,35.33,34.59,34.04
MCHP,Microchip Technology,Information Technology,Semiconductors,65.86,77.17,33.63,66.17,65.38,65.21,65.28,66.47,62.6,59.13
MU,Micron Technology,Information Technology,Semiconductors,192.33,201.0,61.44,190.67,180.72,171.06,140.98,126.9,117.5,108.23
MSFT,Microsoft,Information Technology,Systems Software,522.4,554.54,343.59,523.43,519.66,515.41,513.66,499.31,481.26,452.44
MAA,Mid-America Apartment Communities,Real Estate,Multi-Family Residential REITs,134.91,170.0,134.35,135.94,137.19,138.83,140.81,145.49,148.08,150.48
MRNA,Moderna,Health Care,Biotechnology,27.53,59.73,23.15,27.76,27.04,26.06,26.05,27.57,27.25,30.11
MHK,Mohawk Industries,Consumer Discretionary,Home Furnishings,119.57,164.29,96.24,123.95,126.36,128.91,128.59,117.77,115.28,116.28
MOH,Molina Healthcare,Health Care,Managed Health Care,200.36,359.97,151.95,201.82,197.24,189.07,176.95,218.71,239.49,264.1
TAP,Molson Coors Beverage Company,Consumer Staples,Brewers,46.01,63.47,43.8,45.97,45.79,46.04,48.4,49.34,50.73,52.96
MDLZ,Mondelez International,Consumer Staples,Packaged Foods & Meats,61.0,70.58,52.78,61.94,62.21,62.37,61.98,64.44,64.67,63.15
MPWR,Monolithic Power Systems,Information Technology,Semiconductors,979.25,986.63,437.16,958.51,933.06,910.23,861.85,785.66,749.35,697.88
MNST,Monster Beverage,Consumer Staples,Soft Drinks & Non-alcoholic Beverages,69.03,69.28,45.7,68.03,67.48,66.16,64.03,63.02,62.36,58.76
MCO,Moody's Corporation,Financials,Financial Exchanges & Data,492.46,528.95,377.3,487.89,483.55,487.6,501.49,495.6,486.75,481.75
MS,Morgan Stanley,Financials,Investment Banking & Brokerage,156.27,163.98,92.93,156.71,157.6,157.98,151.2,143.09,137.77,132.67
MOS,Mosaic Company (The),Materials,Fertilizers & Agricultural Chemicals,33.44,37.97,21.99,34.7,34.68,34.44,33.46,34.61,33.64,30.61
MSI,Motorola Solutions,Information Technology,Communications Equipment,457.63,502.83,387.0,457.68,456.14,464.15,462.73,440.01,435.83,438.18
MSCI,MSCI Inc.,Financials,Financial Exchanges & Data,558.3,636.39,483.67,563.86,563.44,566.18,563.7,562.91,559.59,565.04
NDAQ,"Nasdaq, Inc.",Financials,Financial Exchanges & Data,91.4,97.36,64.46,89.1,88.44,89.38,92.67,89.9,87.1,83.4
NTAP,NetApp,Information Technology,"Technology Hardware, Storage & Peripherals",120.31,132.76,71.18,119.85,119.22,121.29,114.93,109.07,105.08,105.62
NFLX,Netflix,Communication Services,Movies & Entertainment,1231.07,1341.15,677.88,1190.6,1190.24,1200.74,1208.64,1220.85,1194.08,1099.7
NEM,Newmont,Materials,Gold,85.21,89.37,36.35,87.19,86.24,83.71,75.96,66.57,63.8,56.08
NWSA,News Corp (Class A),Communication Services,Publishing,26.46,31.61,23.3,27.46,28.7,29.45,29.36,29.04,28.65,28.23
NWS,News Corp (Class B),Communication Services,Publishing,29.71,35.47,26.17,31.0,32.24,32.79,33.25,33.17,32.82,32.19
NEE,NextEra Energy,Utilities,Multi-Utilities,83.71,84.82,60.75,82.63,79.75,75.79,73.7,72.65,71.51,70.57
NKE,"Nike, Inc.",Consumer Discretionary,"Apparel, Accessories & Luxury Goods",68.06,82.92,51.67,69.83,70.65,71.16,73.75,70.45,67.82,69.06
NI,NiSource,Utilities,Multi-Utilities,42.94,44.52,32.69,43.69,43.37,42.09,42.03,40.86,40.43,39.42
NDSN,Nordson Corporation,Industrials,Industrial Machinery & Supplies & Components,233.76,262.94,163.83,233.3,230.86,227.75,222.2,217.63,211.87,209.83
NSC,Norfolk Southern,Industrials,Rail Transportation,294.89,302.24,199.43,297.43,298.17,291.33,283.89,270.26,260.92,252.03
NTRS,Northern Trust,Financials,Asset Management & Custody Banks,129.99,135.48,80.54,131.56,132.41,131.47,129.09,123.13,117.4,111.71
NOC,Northrop Grumman,Industrials,Aerospace & Defense,635.01,640.9,420.66,624.53,613.09,595.5,588.31,546.09,534.37,511.74
NCLH,Norwegian Cruise Line Holdings,Consumer Discretionary,"Hotels, Resorts & Cruise Lines",23.29,29.29,14.21,23.86,24.25,24.9,24.85,22.62,21.56,22.3
NRG,NRG Energy,Utilities,Independent Power Producers & Energy Traders,168.25,175.96,79.04,165.72,165.37,165.44,157.75,156.19,148.2,129.58
NUE,Nucor,Materials,Steel,138.17,167.56,96.79,137.09,136.84,137.01,140.74,134.32,130.3,128.04
NVDA,Nvidia,Information Technology,Semiconductors,192.57,195.3,86.61,187.98,186.26,181.65,179.04,165.95,155.52,144.19
NVR,"NVR, Inc.",Consumer Discretionary,Homebuilding,7619.24,9964.77,6562.85,7892.59,7973.36,8044.78,8080.1,7728.23,7614.63,7613.13
NXPI,NXP Semiconductors,Information Technology,Semiconductors,221.42,251.87,146.73,225.39,225.94,224.69,223.63,219.06,212.39,210.06
ORLY,O’Reilly Automotive,Consumer Discretionary,Automotive Retail,99.72,108.72,76.22,102.08,104.25,104.46,103.73,97.77,96.57,92.94
OXY,Occidental Petroleum,Energy,Oil & Gas Exploration & Production,44.52,54.12,34.4,45.03,45.99,46.28,45.43,44.32,43.46,44.92
ODFL,Old Dominion,Industrials,Cargo Ground Transportation,141.28,231.78,133.69,142.31,141.18,141.69,146.38,154.63,155.0,163.73
OMC,Omnicom Group,Communication Services,Advertising,77.6,103.32,67.76,78.62,78.51,77.37,76.34,74.14,74.14,76.67
ON,ON Semiconductor,Information Technology,Semiconductors,49.97,76.06,31.04,49.73,49.5,49.81,49.82,51.35,48.94,49.44
OKE,Oneok,Energy,Oil & Gas Storage & Transportation,71.25,113.92,70.63,72.34,72.71,72.73,73.96,77.26,78.27,84.67
ORCL,Oracle Corporation,Information Technology,Application Software,296.96,345.72,118.18,289.51,287.28,296.11,266.19,236.59,217.88,195.97
OTIS,Otis Worldwide,Industrials,Industrial Machinery & Supplies & Components,89.72,105.86,83.85,90.75,91.14,90.26,88.33,92.12,92.84,94.1
PCAR,Paccar,Industrials,Construction Machinery & Heavy Transportation Equipment,95.22,114.66,84.08,96.85,97.97,98.81,98.71,96.9,95.6,98.43
PKG,Packaging Corporation of America,Materials,Paper & Plastic Packaging Products & Materials,211.39,244.78,170.61,212.54,214.33,213.64,207.75,201.29,197.85,201.8
PLTR,Palantir Technologies,Information Technology,Application Software,185.47,190.0,39.01,180.76,181.47,178.79,170.93,154.78,146.03,123.73
PANW,Palo Alto Networks,Information Technology,Systems Software,215.17,217.94,144.15,212.75,208.98,206.0,191.89,194.07,191.48,188.22
PSKY,Paramount Skydance Corporation,Communication Services,Movies & Entertainment,17.97,20.86,9.92,18.64,18.8,18.7,15.82,14.11,13.56,12.6
PH,Parker Hannifin,Industrials,Industrial Machinery & Supplies & Components,738.74,779.77,485.92,753.89,754.52,754.09,747.42,717.67,695.72,674.73
PAYX,Paychex,Industrials,Human Resource & Employment Services,125.21,160.03,119.02,125.56,125.87,128.28,134.15,141.66,142.54,143.05
PAYC,Paycom,Industrials,Human Resource & Employment Services,202.59,267.33,158.79,202.69,205.79,211.6,219.49,230.42,230.52,222.61
PYPL,PayPal,Financials,Transaction & Payment Processing Services,75.75,93.66,55.85,73.41,70.67,69.12,68.84,71.07,70.13,72.71
PNR,Pentair,Industrials,Industrial Machinery & Supplies & Components,109.85,113.95,73.85,111.32,110.96,110.55,108.13,104.83,101.83,98.85
PEP,PepsiCo,Consumer Staples,Soft Drinks & Non-alcoholic Beverages,144.71,170.89,125.14,141.2,141.25,141.27,143.39,137.99,136.99,139.99
PFE,Pfizer,Health Care,Pharmaceuticals,25.24,28.43,20.18,26.2,25.84,24.91,24.81,24.36,23.91,24.26
PCG,PG&E Corporation,Utilities,Multi-Utilities,16.24,21.59,12.95,16.22,15.75,15.32,15.16,14.89,15.33,15.9
PM,Philip Morris International,Consumer Staples,Tobacco,156.85,183.57,113.18,154.7,157.48,159.7,162.86,169.1,168.15,156.76
PSX,Phillips 66,Energy,Oil & Gas Refining & Marketing,131.09,142.35,89.26,132.14,134.33,133.5,128.85,124.76,120.84,119.55
PNW,Pinnacle West Capital,Utilities,Multi-Utilities,91.59,94.64,79.08,91.3,89.67,88.16,89.63,89.57,89.98,88.92
PNC,PNC Financial Services,Financials,Diversified Banks,190.67,210.46,142.39,193.74,197.14,200.31,198.3,191.06,185.09,184.05
POOL,Pool Corporation,Consumer Discretionary,Distributors,296.24,391.14,281.15,303.19,306.4,312.54,314.68,308.04,306.69,316.69
PPG,PPG Industries,Materials,Specialty Chemicals,99.6,129.03,89.08,102.17,103.22,105.62,108.0,110.27,109.21,110.43
PPL,PPL Corporation,Utilities,Electric Utilities,36.94,37.81,30.41,37.11,36.95,36.43,36.23,35.23,35.19,34.43
PFG,Principal Financial Group,Financials,Life & Health Insurance,82.69,88.63,67.06,83.29,83.18,82.49,79.88,78.84,77.96,78.67
PG,Procter & Gamble,Consumer Staples,Personal Care Products,150.58,177.66,149.58,151.3,152.14,153.9,155.13,157.46,158.23,160.73
PGR,Progressive Corporation,Financials,Property & Casualty Insurance,242.16,292.65,228.28,243.06,243.97,243.38,245.06,253.9,258.32,258.82
PLD,Prologis,Real Estate,Industrial REITs,114.45,123.15,83.8,116.12,115.61,114.74,110.88,108.59,107.24,108.35
PRU,Prudential Financial,Financials,Life & Health Insurance,102.56,125.75,88.12,103.28,103.33,103.51,104.71,104.12,103.33,105.7
PEG,Public Service Enterprise Group,Utilities,Electric Utilities,81.4,92.35,73.5,81.51,82.05,81.89,83.13,82.26,81.65,81.6
PTC,PTC Inc.,Information Technology,Application Software,201.72,219.69,133.38,203.08,203.07,203.86,208.02,193.83,186.31,180.39
PSA,Public Storage,Real Estate,Self-Storage REITs,294.01,342.02,251.43,293.01,290.85,286.95,284.97,287.82,288.38,288.77
PHM,PulteGroup,Consumer Discretionary,Homebuilding,121.41,148.31,87.74,130.35,131.75,132.09,129.91,117.92,114.41,111.47
PWR,Quanta Services,Industrials,Construction & Engineering,429.92,443.97,226.97,428.77,421.4,405.18,391.81,381.64,365.7,336.72
QCOM,Qualcomm,Information Technology,Semiconductors,165.66,178.09,119.4,167.34,167.29,167.14,159.58,156.76,153.82,155.14
DGX,Quest Diagnostics,Health Care,Health Care Services,181.44,190.64,143.81,180.4,182.93,182.9,179.94,176.33,175.43,170.0
RL,Ralph Lauren Corporation,Consumer Discretionary,"Apparel, Accessories & Luxury Goods",322.93,330.11,175.49,323.93,319.36,314.78,304.36,291.6,279.14,264.22
RJF,Raymond James Financial,Financials,Investment Banking & Brokerage,164.15,177.15,116.85,165.88,168.5,170.03,167.36,160.14,156.11,154.31
RTX,RTX Corporation,Industrials,Aerospace & Defense,162.18,170.85,111.21,167.08,166.35,162.65,158.78,151.25,146.28,138.01
O,Realty Income,Real Estate,Retail REITs,58.66,61.34,49.31,59.52,59.9,59.67,58.52,57.26,56.88,55.46
REG,Regency Centers,Real Estate,Retail REITs,71.33,75.93,62.21,71.38,71.75,71.26,71.36,70.73,70.68,70.69
REGN,Regeneron Pharmaceuticals,Health Care,Biotechnology,569.9,1019.99,475.77,580.5,578.93,578.46,572.92,557.56,560.95,604.28
RF,Regions Financial Corporation,Financials,Regional Banks,25.31,27.61,17.36,25.72,26.05,26.46,26.16,24.63,23.74,23.21
RSG,Republic Services,Industrials,Environmental & Facilities Services,221.69,257.43,195.57,223.42,225.12,225.74,229.7,237.81,239.07,232.71
RMD,ResMed,Health Care,Health Care Equipment,277.88,293.81,199.07,280.7,276.6,274.48,278.45,266.6,259.68,248.55
RVTY,Revvity,Health Care,Health Care Equipment,91.66,129.23,81.36,92.41,90.12,87.64,88.02,91.69,92.03,99.93
ROK,Rockwell Automation,Industrials,Electrical Components & Equipment,342.8,359.54,213.27,346.62,346.87,345.7,343.86,337.06,321.29,302.91
ROL,"Rollins, Inc.",Industrials,Environmental & Facilities Services,56.59,59.12,44.94,57.94,58.19,57.09,57.29,56.9,56.65,54.09
ROP,Roper Technologies,Information Technology,Electronic Equipment & Instruments,518.07,592.47,491.43,511.12,504.6,504.77,519.02,540.59,544.87,548.57
ROST,Ross Stores,Consumer Discretionary,Apparel Retail,149.98,157.03,121.69,151.45,152.24,149.6,147.94,141.61,141.61,140.63
RCL,Royal Caribbean Group,Consumer Discretionary,"Hotels, Resorts & Cruise Lines",306.99,365.38,163.05,312.28,317.47,322.12,328.08,312.27,293.36,269.43
SPGI,S&P Global,Financials,Financial Exchanges & Data,487.61,578.04,425.6,481.88,483.29,499.98,530.9,524.6,517.52,512.23
CRM,Salesforce,Information Technology,Application Software,245.33,366.78,226.09,242.33,241.17,242.49,244.68,256.1,258.31,276.32
SBAC,SBA Communications,Real Estate,Telecom Tower REITs,187.49,247.78,186.51,188.88,191.15,194.68,205.39,217.83,220.05,215.1
SLB,Schlumberger,Energy,Oil & Gas Equipment & Services,33.13,43.85,30.61,34.07,34.46,34.59,34.37,34.39,34.3,36.23
STX,Seagate Technology,Information Technology,"Technology Hardware, Storage & Peripherals",221.7,264.83,62.66,233.34,235.96,226.16,189.22,161.75,146.83,125.61
SRE,Sempra,Utilities,Multi-Utilities,91.64,95.72,60.93,92.58,90.78,87.12,83.6,79.67,78.28,77.41
NOW,ServiceNow,Information Technology,Systems Software,917.95,1198.09,678.66,912.34,918.14,928.82,910.03,954.4,947.49,950.29
SHW,Sherwin-Williams,Materials,Specialty Chemicals,333.22,397.81,307.5,338.26,340.75,344.92,354.34,350.6,349.27,348.26
SPG,Simon Property Group,Real Estate,Retail REITs,178.84,188.43,132.99,180.08,183.01,182.56,176.31,167.82,164.95,165.53
SWKS,Skyworks Solutions,Information Technology,Semiconductors,73.64,97.73,47.01,75.62,76.52,77.07,74.49,73.35,71.21,72.04
SJM,J.M. Smucker Company (The),Consumer Staples,Packaged Foods & Meats,105.12,121.73,92.38,106.9,107.61,107.28,109.09,106.7,107.81,107.28
SW,Smurfit Westrock,Materials,Paper & Plastic Packaging Products & Materials,42.89,55.46,36.31,41.93,42.11,42.95,43.99,44.23,43.68,45.65
SNA,Snap-on,Industrials,Industrial Machinery & Supplies & Components,331.79,366.68,277.22,339.17,342.32,339.64,330.35,323.95,321.84,326.0
SOLV,Solventum,Health Care,Health Care Technology,71.8,85.92,60.7,72.83,72.84,73.04,72.74,73.49,72.34,72.64
SO,Southern Company,Utilities,Electric Utilities,96.13,96.79,78.5,95.75,95.07,93.78,93.42,91.96,91.31,88.86
LUV,Southwest Airlines,Industrials,Passenger Airlines,31.68,37.75,23.55,32.32,32.34,32.28,31.59,32.41,31.51,31.31
SWK,Stanley Black & Decker,Industrials,Industrial Machinery & Supplies & Components,69.72,105.27,52.62,73.08,73.52,75.11,73.78,70.69,68.7,72.72
SBUX,Starbucks,Consumer Discretionary,Restaurants,79.78,115.87,74.48,81.93,83.44,83.68,86.54,88.58,87.34,91.66
STT,State Street Corporation,Financials,Asset Management & Custody Banks,117.23,118.24,71.77,116.82,115.9,113.89,112.43,107.27,103.32,99.13
STLD,Steel Dynamics,Materials,Steel,147.78,153.16,102.41,144.76,142.61,139.36,132.41,131.46,130.44,127.76
STE,Steris,Health Care,Health Care Equipment,239.42,253.0,199.47,241.29,243.2,245.75,243.46,239.81,236.91,229.54
SYK,Stryker Corporation,Health Care,Health Care Equipment,370.2,403.95,327.71,370.3,368.9,372.03,379.87,383.08,380.0,377.83
SMCI,Supermicro,Information Technology,"Technology Hardware, Storage & Peripherals",57.98,66.44,17.25,55.66,52.33,49.08,46.97,46.92,44.49,41.65
SYF,Synchrony Financial,Financials,Consumer Finance,70.99,77.41,40.15,71.09,71.45,73.39,73.05,68.75,65.52,63.47
SNPS,Synopsys,Information Technology,Application Software,484.41,651.73,365.74,479.8,482.17,472.69,548.2,536.62,521.17,505.08
SYY,Sysco,Consumer Staples,Food Distributors,78.04,83.13,66.22,79.95,80.93,81.0,80.35,77.64,76.18,74.61
TMUS,T-Mobile US,Communication Services,Wireless Telecommunication Services,226.21,274.51,205.77,227.14,231.39,235.14,242.88,238.7,240.5,241.46
TROW,T. Rowe Price,Financials,Asset Management & Custody Banks,106.01,119.7,75.88,105.32,103.9,104.22,104.93,100.72,98.22,99.2
TTWO,Take-Two Interactive,Communication Services,Interactive Home Entertainment,256.69,262.19,151.32,257.98,257.67,253.06,240.82,237.28,234.31,221.01
TPR,"Tapestry, Inc.",Consumer Discretionary,"Apparel, Accessories & Luxury Goods",113.48,117.77,42.3,115.19,113.91,112.69,107.58,98.41,92.97,85.44
TRGP,Targa Resources,Energy,Oil & Gas Storage & Transportation,161.3,215.2,148.27,164.23,166.27,166.78,165.24,165.76,165.83,175.56
TGT,Target Corporation,Consumer Staples,Consumer Staples Merchandise Retail,89.1,155.5,85.44,89.35,89.18,88.78,94.64,96.58,95.96,104.83
TEL,TE Connectivity,Information Technology,Electronic Manufacturing Services,222.46,226.4,115.38,222.55,220.99,217.95,209.96,190.81,181.44,167.51
TDY,Teledyne Technologies,Information Technology,Electronic Equipment & Instruments,576.44,595.99,419.0,586.85,583.4,572.32,556.39,535.18,522.68,510.05
TER,Teradyne,Information Technology,Semiconductor Materials & Equipment,145.19,150.71,65.6,144.69,141.64,132.28,120.57,104.39,98.72,102.63
TSLA,"Tesla, Inc.",Consumer Discretionary,Automobile Manufacturers,435.54,488.54,212.11,438.08,441.42,431.84,373.24,348.87,335.4,334.9
TXN,Texas Instruments,Information Technology,Semiconductors,178.96,220.1,137.77,179.95,181.4,181.09,188.02,193.26,186.94,184.87
TPL,Texas Pacific Land Corporation,Energy,Oil & Gas Exploration & Production,909.79,1759.83,844.11,948.72,947.79,932.22,918.18,1002.0,1065.31,1153.8
TXT,Textron,Industrials,Aerospace & Defense,84.64,91.21,57.67,86.02,85.36,84.12,81.47,80.24,78.16,76.6
TMO,Thermo Fisher Scientific,Health Care,Life Sciences Tools & Services,534.68,609.27,385.11,539.46,516.43,495.19,486.48,452.19,446.3,477.35
TJX,TJX Companies,Consumer Discretionary,Apparel Retail,138.56,145.58,110.34,141.27,142.43,141.27,137.47,131.36,130.63,126.94
TKO,TKO Group Holdings,Communication Services,Movies & Entertainment,186.47,212.49,113.01,194.82,197.72,199.12,188.99,178.36,174.13,165.11
TTD,Trade Desk (The),Communication Services,Advertising,54.09,141.53,42.96,53.27,51.23,48.42,55.1,65.24,63.86,73.34
TSCO,Tractor Supply,Consumer Discretionary,Other Specialty Retail,54.22,63.75,46.46,54.47,55.46,57.15,58.97,56.19,55.04,54.59
TT,Trane Technologies,Industrials,Building Products,418.64,475.11,296.82,423.4,421.75,412.6,419.0,426.37,415.96,393.91
TDG,TransDigm Group,Industrials,Aerospace & Defense,1275.44,1519.36,1107.45,1285.25,1291.39,1289.22,1311.1,1356.81,1344.12,1305.58
TRV,Travelers Companies (The),Financials,Property & Casualty Insurance,274.41,287.95,222.43,281.89,280.02,278.03,272.55,268.04,266.38,258.66
TRMB,Trimble Inc.,Information Technology,Electronic Equipment & Instruments,79.19,87.5,52.91,80.1,80.5,80.79,81.47,78.78,75.73,73.79
TFC,Truist Financial,Financials,Diversified Banks,44.25,47.46,32.72,44.89,45.3,45.39,45.03,43.4,42.23,42.27
TYL,Tyler Technologies,Information Technology,Application Software,506.46,661.31,483.56,501.75,508.98,520.96,550.76,561.74,560.74,571.56
TSN,Tyson Foods,Consumer Staples,Packaged Foods & Meats,51.58,63.75,51.39,53.41,53.84,53.96,55.06,54.79,55.39,56.18
USB,U.S. Bancorp,Financials,Diversified Banks,47.1,51.66,34.43,47.48,47.89,48.39,47.23,45.78,44.61,44.41
UBER,Uber,Industrials,Passenger Ground Transportation,96.0,101.99,59.33,97.96,97.9,97.51,94.59,91.95,89.73,82.62
UDR,"UDR, Inc.",Real Estate,Multi-Family Residential REITs,35.79,45.5,35.74,36.12,36.53,36.98,37.96,39.26,39.67,40.47
ULTA,Ulta Beauty,Consumer Discretionary,Other Specialty Retail,561.15,572.23,309.01,561.42,557.34,542.11,527.83,498.19,475.84,441.36
UNP,Union Pacific Corporation,Industrials,Rail Transportation,231.54,252.32,202.16,234.05,234.73,228.44,223.75,224.63,223.02,227.09
UAL,United Airlines Holdings,Industrials,Passenger Airlines,101.34,116.0,52.0,97.7,96.95,100.54,99.83,90.99,87.15,88.8
UPS,United Parcel Service,Industrials,Air Freight & Logistics,85.28,136.36,82.0,86.18,85.26,84.73,85.35,91.56,92.01,99.95
URI,United Rentals,Industrials,Trading Companies & Distributors,980.43,1004.92,523.58,986.31,971.85,957.2,933.81,844.87,803.81,755.99
UNH,UnitedHealth Group,Health Care,Managed Health Care,367.69,617.34,233.13,364.05,355.68,349.71,313.54,305.26,327.05,394.21
UHS,Universal Health Services,Health Care,Health Care Facilities,201.6,239.23,152.16,206.12,204.6,198.19,186.37,182.16,181.36,181.41
VLO,Valero Energy,Energy,Oil & Gas Refining & Marketing,162.01,178.43,97.37,162.29,166.18,165.55,152.65,144.76,139.08,134.61
VTR,Ventas,Real Estate,Health Care REITs,67.69,70.52,55.47,68.71,69.07,68.42,67.96,65.73,65.75,64.47
VLTO,Veralto,Industrials,Environmental & Facilities Services,102.87,114.5,83.69,104.99,105.36,105.89,106.53,103.72,101.77,100.7
VRSN,Verisign,Information Technology,Internet Services & Infrastructure,261.95,309.71,174.64,268.78,274.25,279.89,275.25,278.38,276.18,257.21
VRSK,Verisk Analytics,Industrials,Research & Consulting Services,241.27,321.9,239.83,244.99,246.93,247.5,259.47,283.02,285.56,285.76
VZ,Verizon,Communication Services,Integrated Telecommunication Services,40.83,45.87,36.41,41.73,42.67,43.13,43.51,42.93,42.88,41.91
VRTX,Vertex Pharmaceuticals,Health Care,Biotechnology,414.86,519.88,362.5,410.5,403.82,394.8,396.31,425.35,434.82,444.88
VTRS,Viatris,Health Care,Pharmaceuticals,9.99,13.04,6.68,10.08,9.97,9.84,9.98,9.41,9.14,9.48
VICI,Vici Properties,Real Estate,Hotel & Resort REITs,30.98,33.54,26.86,31.85,32.26,32.17,32.48,32.17,31.94,31.03
V,Visa Inc.,Financials,Transaction & Payment Processing Services,347.04,374.85,272.1,349.99,346.26,343.19,343.5,349.63,348.15,342.84
VST,Vistra Corp.,Utilities,Electric Utilities,210.0,219.82,90.3,203.71,202.38,205.55,200.93,190.76,178.89,165.79
VMC,Vulcan Materials Company,Materials,Construction Materials,302.9,309.17,214.34,303.52,303.25,299.36,293.29,279.28,274.5,265.82
WRB,W. R. Berkley Corporation,Financials,Property & Casualty Insurance,77.52,78.4,55.17,77.39,76.71,75.05,72.76,72.02,71.7,67.72
GWW,W. W. Grainger,Industrials,Industrial Machinery & Supplies & Components,968.53,1219.65,889.92,962.01,956.85,971.46,981.14,1017.93,1019.73,1021.48
WAB,Wabtec,Industrials,Construction Machinery & Heavy Transportation Equipment,195.62,215.82,151.42,198.85,198.54,194.71,192.85,199.05,196.36,193.6
WBA,Walgreens Boots Alliance,Consumer Staples,Drug Retail,11.98,,,11.98,12.03,11.93,11.67,11.39,11.33,10.81
WMT,Walmart,Consumer Staples,Consumer Staples Merchandise Retail,101.77,106.11,78.31,102.54,102.56,102.88,101.14,98.87,98.21,95.96
DIS,Walt Disney Company (The),Communication Services,Movies & Entertainment,110.99,124.69,79.76,112.13,112.85,113.56,115.51,116.71,112.27,109.7
WBD,Warner Bros. Discovery,Communication Services,Broadcasting,17.67,20.24,7.25,18.45,18.87,19.0,14.88,12.96,12.08,11.41
WM,Waste Management,Industrials,Environmental & Facilities Services,217.53,240.84,197.52,218.5,218.82,217.81,222.78,226.76,227.1,223.79
WAT,Waters Corporation,Health Care,Life Sciences Tools & Services,330.45,423.56,275.05,326.49,315.51,307.29,298.78,317.13,321.83,343.69
WEC,WEC Energy Group,Utilities,Electric Utilities,113.88,115.9,89.63,114.3,113.82,112.1,109.73,107.41,107.12,104.35
WFC,Wells Fargo,Financials,Diversified Banks,79.89,86.66,55.83,80.42,81.7,82.49,80.56,79.16,77.25,75.54
WELL,Welltower,Real Estate,Health Care REITs,167.27,180.4,120.11,171.72,174.27,171.31,168.41,161.02,158.13,151.18
WST,West Pharmaceutical Services,Health Care,Health Care Supplies,263.58,351.24,187.09,267.62,266.69,261.01,251.71,237.18,232.09,247.42
WDC,Western Digital,Information Technology,"Technology Hardware, Storage & Peripherals",119.7,137.4,28.74,123.48,122.29,113.92,93.93,77.23,70.16,61.04
WY,Weyerhaeuser,Real Estate,Timber REITs,24.44,32.6,23.71,24.73,24.77,24.65,25.21,25.54,25.52,26.71
WSM,"Williams-Sonoma, Inc.",Consumer Discretionary,Homefurnishing Retail,189.29,218.08,123.89,193.01,194.53,196.62,198.14,182.26,176.67,180.23
WMB,Williams Companies,Energy,Oil & Gas Storage & Transportation,63.1,65.55,46.87,63.73,63.77,62.01,59.25,58.97,58.67,57.52
WTW,Willis Towers Watson,Financials,Insurance Brokers,337.39,352.79,283.83,345.52,344.52,340.07,333.18,319.09,317.38,318.92
WDAY,"Workday, Inc.",Information Technology,Application Software,238.22,294.0,205.33,236.9,238.39,235.91,230.1,236.32,238.02,243.63
WYNN,Wynn Resorts,Consumer Discretionary,Casinos & Gaming,123.55,134.23,64.93,123.26,127.13,126.15,119.68,108.46,103.34,96.0
XEL,Xcel Energy,Utilities,Multi-Utilities,81.26,82.54,60.12,81.24,80.61,77.05,74.17,71.33,70.88,69.28
XYL,Xylem Inc.,Industrials,Industrial Machinery & Supplies & Components,146.81,151.16,99.87,148.58,147.43,144.69,142.94,135.6,131.99,127.84
YUM,Yum! Brands,Consumer Discretionary,Restaurants,142.69,161.72,120.38,146.98,149.81,149.11,146.73,145.93,145.77,144.39
ZBRA,Zebra Technologies,Information Technology,Electronic Equipment & Instruments,298.79,427.76,205.73,301.93,299.12,307.09,313.56,310.8,299.51,313.06
ZBH,Zimmer Biomet,Health Care,Health Care Equipment,97.37,113.87,88.77,98.88,98.7,99.3,100.74,96.87,97.05,100.49
ZTS,Zoetis,Health Care,Pharmaceuticals,143.39,194.19,138.77,144.29,144.78,144.98,149.16,154.04,154.01,157.59
