Symbol,Company,GICS_Sector,GICS_Sub_Industry,Current_Price,High_52_Week,Low_52_Week,SMA5,SMA10,SMA20,SMA50,SMA200,Score,Target_Pcnt,Target_Price,Stop_Loss
MMM,3M,Industrials,Industrial Conglomerates,162.01,173.09,123.2,165.68,165.99,167.91,164.25,151.76,0.2,7.49,174.14,161.67
AOS,A. O. Smith,Industrials,Building Products,68.02,73.9,58.72,68.42,67.88,66.59,66.88,67.52,0.0,2.71,69.86,63.33
ABT,Abbott Laboratories,Health Care,Health Care Equipment,126.17,138.33,109.61,126.05,124.66,125.86,127.13,129.6,0.0,3.27,130.3,121.41
ABBV,AbbVie,Health Care,Biotechnology,224.9,242.63,165.03,224.66,224.94,227.22,226.77,203.27,0.2,4.2,234.35,220.09
ACN,Accenture,Information Technology,IT Consulting & Other Services,275.47,394.31,232.56,272.95,270.96,259.62,251.48,276.92,0.1,3.31,284.59,234.66
ADBE,Adobe Inc.,Information Technology,Application Software,354.73,464.11,312.4,352.13,346.22,333.26,336.82,365.87,0.0,2.02,361.9,304.64
AMD,Advanced Micro Devices,Information Technology,Semiconductors,198.18,264.33,78.21,209.43,214.52,214.21,230.82,157.53,-0.2,15.03,227.97,200.46
AES,AES Corporation,Utilities,Independent Power Producers & Energy Traders,13.44,15.18,9.38,13.75,13.82,13.83,14.0,12.28,-0.2,5.21,14.14,13.52
AFL,Aflac,Financials,Life & Health Insurance,110.26,114.41,97.05,110.03,109.19,109.66,109.59,105.77,0.2,1.51,111.92,107.4
A,Agilent Technologies,Health Care,Life Sciences Tools & Services,136.61,157.2,98.88,140.55,142.89,146.55,145.18,123.95,0.0,15.31,157.52,135.58
APD,Air Products,Materials,Industrial Gases,244.7,331.69,230.76,243.74,244.45,250.99,253.17,273.53,-0.4,10.4,270.15,231.83
ABNB,Airbnb,Consumer Discretionary,"Hotels, Resorts & Cruise Lines",134.43,161.42,105.69,130.93,127.47,121.96,122.82,126.51,-0.2,0.43,135.01,108.9
AKAM,Akamai Technologies,Information Technology,Internet Services & Infrastructure,88.14,102.1,68.21,86.75,86.13,87.23,81.62,78.86,0.0,2.77,90.58,83.89
ALB,Albemarle Corporation,Materials,Specialty Chemicals,134.68,134.68,50.01,132.98,129.7,126.66,110.03,79.37,0.0,2.66,138.26,115.06
ARE,Alexandria Real Estate Equities,Real Estate,Office REITs,46.97,98.01,44.97,46.34,47.1,49.31,59.67,73.53,0.0,17.86,55.36,43.25
ALGN,Align Technology,Health Care,Health Care Supplies,160.4,234.89,124.88,163.06,161.06,152.89,141.95,159.46,0.1,7.37,172.22,133.57
ALLE,Allegion,Industrials,Building Products,160.87,179.47,118.08,161.83,160.57,162.11,166.74,153.33,0.0,3.98,167.27,156.94
LNT,Alliant Energy,Utilities,Electric Utilities,65.51,69.47,54.87,65.23,65.34,66.71,67.17,63.36,-0.2,6.5,69.77,63.65
ALL,Allstate,Financials,Property & Casualty Insurance,208.82,213.64,177.51,208.85,205.6,208.22,202.87,200.21,0.0,3.46,216.05,200.39
GOOGL,Alphabet Inc. (Class A),Communication Services,Interactive Media & Services,297.29,323.23,144.3,306.76,312.33,311.78,284.91,210.58,-0.2,11.41,331.21,292.34
GOOG,Alphabet Inc. (Class C),Communication Services,Interactive Media & Services,298.46,323.43,146.18,307.95,313.3,312.39,285.54,211.66,-0.2,11.16,331.77,293.02
MO,Altria,Consumer Staples,Tobacco,59.17,66.65,48.28,59.01,58.64,58.55,60.22,59.64,0.2,0.57,59.51,57.6
AMZN,Amazon,Consumer Discretionary,Broadline Retail,221.88,254.0,167.32,224.69,226.87,227.41,229.26,215.42,0.0,6.75,236.86,217.96
AMCR,Amcor,Materials,Paper & Plastic Packaging Products & Materials,8.34,10.15,7.82,8.29,8.26,8.37,8.25,8.89,-0.1,3.48,8.63,8.12
AEE,Ameren,Utilities,Multi-Utilities,98.81,105.59,84.39,98.14,98.77,101.13,102.42,98.37,-0.2,7.74,106.46,95.81
AEP,American Electric Power,Utilities,Electric Utilities,114.61,123.77,87.28,114.67,115.49,118.31,118.5,108.44,-0.2,8.78,124.67,111.96
AXP,American Express,Financials,Consumer Finance,375.68,384.89,230.22,381.29,374.97,366.4,357.08,311.15,0.0,3.68,389.51,343.28
AIG,American International Group,Financials,Multi-line Insurance,86.11,86.3,68.53,84.68,80.95,78.29,78.36,80.1,-0.2,0.03,86.14,70.44
AMT,American Tower,Real Estate,Telecom Tower REITs,178.88,230.32,169.21,180.05,179.69,179.58,182.65,202.06,0.2,2.44,183.24,175.9
AWK,American Water Works,Utilities,Water Utilities,133.74,149.23,118.11,132.45,130.6,130.43,133.14,138.61,-0.2,0.32,134.17,126.68
AMP,Ameriprise Financial,Financials,Asset Management & Custody Banks,487.68,567.86,418.0,491.6,486.14,469.51,468.32,490.91,0.1,3.84,506.41,432.61
AME,Ametek,Industrials,Electrical Components & Equipment,199.25,203.84,150.67,201.96,200.44,197.83,193.2,181.48,0.4,2.88,204.99,190.68
AMGN,Amgen,Health Care,Biotechnology,326.64,345.46,250.44,322.76,323.43,331.61,315.63,293.27,0.2,7.77,352.02,311.2
APH,Amphenol,Information Technology,Electronic Components,126.17,143.57,58.79,130.55,134.76,135.91,134.17,103.0,0.0,14.96,145.05,126.78
ADI,Analog Devices,Information Technology,Semiconductors,270.88,283.39,162.63,278.49,278.59,264.96,247.33,227.97,0.2,11.64,302.41,227.51
AON,Aon plc,Financials,Insurance Brokers,351.32,407.61,326.07,348.93,347.16,347.79,346.95,361.19,-0.1,1.14,355.33,340.26
APA,APA Corporation,Energy,Oil & Gas Exploration & Production,24.67,27.1,13.47,25.16,25.84,25.28,24.06,20.35,-0.2,11.31,27.46,23.1
APO,Apollo Global Management,Financials,Asset Management & Custody Banks,146.39,175.68,107.48,147.75,144.4,137.44,130.51,134.55,0.1,4.69,153.26,121.63
AAPL,Apple Inc.,Information Technology,"Technology Hardware, Storage & Peripherals",273.59,286.19,171.83,275.72,277.2,277.05,268.76,229.17,-0.2,4.71,286.48,267.63
AMAT,Applied Materials,Information Technology,Semiconductor Materials & Equipment,247.74,275.15,125.98,259.43,264.51,254.41,238.06,185.93,-0.2,15.58,286.34,222.49
APP,AppLovin,Information Technology,Application Software,658.47,724.62,219.37,679.72,689.2,635.18,613.05,445.27,0.4,16.52,767.25,503.13
APTV,Aptiv,Consumer Discretionary,Automotive Parts & Equipment,76.58,87.98,47.92,78.01,77.48,76.49,80.19,71.58,0.0,5.47,80.77,72.2
ACGL,Arch Capital Group,Financials,Property & Casualty Insurance,95.96,96.94,84.72,94.53,93.24,92.97,90.65,91.05,0.3,-0.06,95.9,90.04
ADM,Archer Daniels Midland,Consumer Staples,Agricultural Products & Services,58.48,63.67,40.67,59.32,58.92,59.21,59.66,54.05,0.0,4.6,61.17,57.25
ARES,Ares Management,Financials,Asset Management & Custody Banks,168.39,194.14,116.52,173.07,171.26,162.27,154.22,162.09,0.3,8.99,183.53,141.01
ANET,Arista Networks,Information Technology,Communications Equipment,122.42,162.03,64.37,126.72,128.22,126.64,137.97,114.02,0.2,10.0,134.66,118.62
AJG,Arthur J. Gallagher & Co.,Financials,Insurance Brokers,250.53,346.41,237.85,249.35,245.37,246.9,261.89,302.27,-0.2,2.62,257.09,236.71
AIZ,Assurant,Financials,Multi-line Insurance,237.57,237.57,177.67,232.29,227.57,226.35,220.09,204.83,0.2,-1.18,234.77,217.95
T,AT&T,Communication Services,Integrated Telecommunication Services,24.39,29.3,20.9,24.33,24.61,25.14,25.3,26.81,-0.2,8.24,26.4,23.88
ATO,Atmos Energy,Utilities,Gas Utilities,169.79,178.17,133.41,168.8,168.64,171.01,173.27,160.25,-0.4,4.26,177.02,165.0
ADSK,Autodesk,Information Technology,Application Software,292.34,326.79,238.84,296.33,300.36,298.46,301.86,293.51,0.2,6.65,311.78,285.14
ADP,Automatic Data Processing,Industrials,Human Resource & Employment Services,265.59,321.43,247.46,264.36,261.08,256.82,263.47,290.05,0.0,0.82,267.77,245.86
AZO,AutoZone,Consumer Discretionary,Automotive Retail,3394.75,4354.54,3185.71,3438.22,3594.09,3741.03,3812.8,3827.02,0.0,21.97,4140.58,3341.4
AVB,AvalonBay Communities,Real Estate,Multi-Family Residential REITs,182.05,222.25,173.92,177.84,178.11,178.99,180.74,193.88,0.2,0.74,183.4,174.58
AVY,Avery Dennison,Materials,Paper & Plastic Packaging Products & Materials,183.68,191.81,156.63,181.85,178.74,173.96,171.17,171.81,0.1,0.93,185.39,162.52
AXON,Axon Enterprise,Industrials,Aerospace & Defense,550.83,870.97,496.65,560.6,557.27,544.34,617.73,677.87,0.0,4.52,575.73,512.95
BKR,Baker Hughes,Energy,Oil & Gas Equipment & Services,45.26,50.61,34.43,46.3,47.44,48.42,47.6,42.74,-0.2,13.94,51.57,45.28
BALL,Ball Corporation,Materials,"Metal, Glass & Plastic Containers",51.77,59.23,44.42,51.05,49.55,49.15,48.39,51.42,0.1,0.31,51.93,46.38
BAC,Bank of America,Financials,Diversified Banks,54.56,55.33,33.82,54.88,54.38,53.36,52.4,46.56,0.2,2.47,55.91,50.81
BAX,Baxter International,Health Care,Health Care Equipment,19.33,36.1,17.41,19.19,18.76,18.61,19.83,26.14,0.0,1.71,19.66,17.56
BDX,Becton Dickinson,Health Care,Health Care Equipment,195.15,243.81,162.39,198.59,195.53,193.43,188.31,187.96,0.2,3.07,201.14,185.71
BRK-B,Berkshire Hathaway,Financials,Multi-Sector Holdings,503.96,539.8,442.66,501.11,499.22,502.94,496.83,498.13,-0.3,2.15,514.8,491.08
BBY,Best Buy,Consumer Discretionary,Computer & Electronics Retail,71.57,86.45,53.98,72.66,72.68,74.18,76.56,70.43,0.0,10.1,78.8,69.55
TECH,Bio-Techne,Health Care,Life Sciences Tools & Services,57.18,78.3,46.53,58.42,59.72,61.22,61.03,55.18,0.2,16.33,66.52,55.91
BIIB,Biogen,Health Care,Biotechnology,171.65,182.09,113.38,173.1,176.26,176.78,162.06,139.8,0.2,8.25,185.81,167.75
BLK,BlackRock,Financials,Asset Management & Custody Banks,1067.75,1196.76,803.7,1080.65,1075.37,1048.02,1085.95,1031.86,-0.2,3.86,1108.97,987.05
BX,Blackstone Inc.,Financials,Asset Management & Custody Banks,152.94,187.02,117.47,152.13,152.82,148.44,149.49,151.08,0.0,4.03,159.1,137.77
XYZ,"Block, Inc.",Financials,Transaction & Payment Processing Services,63.85,94.55,46.53,64.16,63.0,62.94,68.84,66.67,0.0,3.77,66.26,59.62
BK,BNY Mellon,Financials,Asset Management & Custody Banks,113.62,118.68,72.12,116.13,115.74,112.77,109.81,96.37,0.2,5.69,120.08,105.45
BA,Boeing,Industrials,Aerospace & Defense,206.67,237.38,136.59,204.79,203.31,195.49,202.57,202.65,0.0,4.45,215.87,175.1
BKNG,Booking Holdings,Consumer Discretionary,"Hotels, Resorts & Cruise Lines",5348.69,5794.84,4141.9,5364.93,5268.96,5066.03,5066.6,5194.55,0.0,3.91,5557.82,4574.45
BSX,Boston Scientific,Health Care,Health Care Equipment,94.04,108.14,88.03,92.7,93.78,96.44,98.57,101.03,-0.2,9.58,103.05,89.84
BMY,Bristol Myers Squibb,Health Care,Pharmaceuticals,53.78,60.79,42.6,53.18,52.35,50.26,47.25,48.01,0.1,2.92,55.35,45.17
AVGO,Broadcom,Information Technology,Semiconductors,327.1,412.97,145.7,354.9,376.61,375.97,361.95,281.63,0.2,30.68,427.45,324.47
BR,Broadridge Financial Solutions,Industrials,Data Processing & Outsourced Services,228.59,264.73,214.68,229.17,228.37,227.54,226.73,236.49,-0.1,1.19,231.31,223.75
BRO,Brown & Brown,Financials,Insurance Brokers,80.44,123.81,76.42,80.98,79.65,79.83,82.82,100.18,0.0,2.3,82.29,77.37
BF-B,Brown–Forman,Consumer Staples,Distillers & Vintners,30.41,43.65,25.25,30.34,30.12,29.14,28.1,29.89,0.1,3.29,31.41,26.87
BLDR,Builders FirstSource,Industrials,Building Products,103.75,173.51,94.85,105.99,107.3,106.92,112.44,121.79,0.0,13.57,117.83,96.01
BG,Bunge Global,Consumer Staples,Agricultural Products & Services,93.0,97.09,66.74,92.52,92.93,94.05,92.95,81.39,0.2,4.85,97.51,90.59
BXP,"BXP, Inc.",Real Estate,Office REITs,69.75,78.2,55.53,70.81,70.25,70.58,71.12,68.35,0.2,4.92,73.18,67.99
CHRW,C.H. Robinson,Industrials,Air Freight & Logistics,159.67,159.8,85.64,158.64,157.21,156.37,145.65,115.0,0.0,2.19,163.17,149.57
CDNS,Cadence Design Systems,Information Technology,Application Software,312.82,373.37,231.64,324.85,330.76,318.71,326.27,313.94,-0.4,10.93,347.01,290.41
CPT,Camden Property Trust,Real Estate,Multi-Family Residential REITs,107.94,122.09,97.58,105.28,104.23,104.71,103.11,109.46,0.1,-0.17,107.76,101.67
CPB,Campbell's Company (The),Consumer Staples,Packaged Foods & Meats,28.73,41.2,28.18,28.57,28.85,29.69,30.26,32.8,0.0,10.3,31.69,27.69
COF,Capital One,Financials,Consumer Finance,239.44,241.61,149.12,239.6,235.76,225.07,218.89,203.46,0.0,4.52,250.26,199.89
CAH,Cardinal Health,Health Care,Health Care Distributors,198.96,213.73,114.18,198.67,198.8,204.16,187.4,157.87,0.2,8.38,215.63,192.7
CCL,Carnival,Consumer Discretionary,"Hotels, Resorts & Cruise Lines",28.14,32.49,16.43,28.08,26.99,26.37,27.27,25.78,0.0,1.28,28.5,24.24
CARR,Carrier Global,Industrials,Building Products,52.31,80.42,50.36,53.08,53.35,53.26,55.54,64.1,0.0,6.33,55.62,50.89
CAT,Caterpillar Inc.,Industrials,Construction Machinery & Heavy Transportation Equipment,560.59,625.61,270.85,592.56,597.13,581.93,558.08,422.26,-0.2,11.45,624.78,539.07
CBOE,Cboe Global Markets,Financials,Financial Exchanges & Data,251.62,260.88,189.73,250.3,251.45,253.42,248.84,234.47,0.2,3.0,259.17,247.66
CBRE,CBRE Group,Real Estate,Real Estate Services,159.9,165.9,113.94,159.9,158.99,158.77,156.4,144.02,0.0,3.19,165.0,152.53
CDW,CDW Corporation,Information Technology,Technology Distributors,142.73,203.07,136.03,145.48,146.08,143.98,147.39,162.64,0.2,5.35,150.37,137.58
COR,Cencora,Health Care,Health Care Distributors,342.91,374.75,222.96,345.09,341.86,351.88,344.08,301.44,0.0,10.2,377.89,325.87
CNC,Centene Corporation,Health Care,Managed Health Care,38.83,65.89,25.21,39.91,39.14,38.54,36.94,43.66,-0.1,6.7,41.43,35.65
CNP,CenterPoint Energy,Utilities,Multi-Utilities,38.28,40.0,30.14,37.94,38.02,38.68,39.01,37.31,-0.4,5.28,40.3,37.06
CF,CF Industries,Materials,Fertilizers & Agricultural Chemicals,78.92,101.28,67.27,78.61,78.12,78.34,81.92,84.21,-0.2,1.77,80.32,76.36
CRL,Charles River Laboratories,Health Care,Life Sciences Tools & Services,196.25,198.15,99.75,195.78,190.5,180.77,178.2,156.88,0.2,3.83,203.77,157.77
SCHW,Charles Schwab Corporation,Financials,Investment Banking & Brokerage,96.74,98.41,68.45,96.18,95.22,93.43,93.81,88.96,-0.2,0.83,97.54,89.32
CHTR,Charter Communications,Communication Services,Cable & Satellite,210.55,427.25,194.22,210.0,207.82,203.22,222.97,312.78,0.2,1.92,214.59,191.85
CVX,Chevron Corporation,Energy,Integrated Oil & Gas,149.67,162.83,129.22,149.39,149.78,150.15,151.52,147.61,0.0,2.16,152.9,147.41
CMG,Chipotle Mexican Grill,Consumer Discretionary,Restaurants,37.22,64.8,29.81,35.96,34.92,33.88,35.48,44.81,0.0,0.24,37.31,30.45
CB,Chubb Limited,Financials,Property & Casualty Insurance,312.72,312.72,256.04,310.16,303.55,299.76,289.56,284.21,0.2,-0.07,312.5,287.02
CHD,Church & Dwight,Consumer Staples,Household Products,86.57,112.09,81.52,84.6,83.96,83.86,85.14,94.02,0.2,-0.61,86.04,81.68
CI,Cigna,Health Care,Health Care Services,274.46,334.83,243.04,274.94,269.74,271.25,277.92,299.2,0.0,2.32,280.83,261.67
CINF,Cincinnati Financial,Financials,Property & Casualty Insurance,167.03,168.48,125.14,165.43,163.81,164.64,161.18,149.97,0.0,1.38,169.34,159.94
CTAS,Cintas,Industrials,Diversified Support Services,187.28,226.65,180.61,187.94,186.22,185.27,186.47,204.8,-0.2,0.98,189.12,181.44
CSCO,Cisco,Information Technology,Communications Equipment,76.18,80.25,52.55,77.81,78.34,77.48,74.12,66.46,0.2,5.13,80.09,74.86
C,Citigroup,Financials,Diversified Banks,111.38,112.8,56.95,111.8,110.51,106.04,101.74,86.64,0.2,4.09,115.94,96.15
CFG,Citizens Financial Group,Financials,Regional Banks,58.75,58.75,33.29,58.41,57.36,55.39,52.64,45.97,0.0,2.57,60.26,50.52
CLX,Clorox,Consumer Staples,Household Products,101.35,158.49,98.43,101.95,102.46,103.64,108.75,123.26,0.0,7.6,109.05,98.22
CME,CME Group,Financials,Financial Exchanges & Data,273.04,286.69,221.6,270.89,270.71,273.3,270.72,268.23,0.0,2.81,280.71,265.87
CMS,CMS Energy,Utilities,Multi-Utilities,70.2,75.44,63.06,70.09,70.42,72.12,72.98,71.27,-0.2,8.18,75.94,68.31
KO,Coca-Cola Company (The),Consumer Staples,Soft Drinks & Non-alcoholic Beverages,70.63,72.61,59.07,70.32,70.26,70.95,69.61,68.92,-0.2,3.13,72.84,69.06
CTSH,Cognizant,Information Technology,IT Consulting & Other Services,83.65,89.26,65.18,83.82,82.49,79.3,73.6,74.03,-0.1,3.66,86.71,71.89
COIN,Coinbase,Financials,Financial Exchanges & Data,252.61,419.78,151.47,262.92,268.69,262.77,303.99,283.72,0.0,12.98,285.4,240.15
CL,Colgate-Palmolive,Consumer Staples,Household Products,79.75,95.74,74.98,78.74,78.02,78.74,78.18,85.07,-0.1,1.76,81.15,76.33
CMCSA,Comcast,Communication Services,Cable & Satellite,30.41,37.45,26.46,28.64,27.87,27.35,28.09,32.27,0.0,-3.42,29.37,25.33
CAG,Conagra Brands,Consumer Staples,Packaged Foods & Meats,17.92,26.19,16.7,17.79,17.46,17.51,17.59,20.15,-0.2,1.12,18.12,16.89
COP,ConocoPhillips,Energy,Oil & Gas Exploration & Production,94.97,103.38,80.54,94.47,94.23,91.32,89.17,90.9,0.1,3.2,98.01,84.63
ED,Consolidated Edison,Utilities,Multi-Utilities,100.18,110.5,85.06,98.33,97.11,98.1,98.79,100.84,0.0,1.68,101.86,94.35
STZ,Constellation Brands,Consumer Staples,Distillers & Vintners,140.12,233.73,127.65,144.85,142.81,138.16,136.11,159.76,0.3,6.75,149.58,126.75
CEG,Constellation Energy,Utilities,Electric Utilities,340.61,403.49,170.33,358.79,360.13,357.79,364.54,305.28,0.0,10.36,375.9,339.67
COO,Cooper Companies (The),Health Care,Health Care Supplies,82.3,99.45,64.32,81.81,80.48,78.14,74.0,74.5,0.1,2.53,84.38,71.9
CPRT,Copart,Industrials,Diversified Support Services,39.15,63.84,38.41,38.86,38.79,39.18,41.54,49.07,-0.2,4.27,40.82,37.55
GLW,Corning Inc.,Information Technology,Electronic Components,85.54,95.97,38.56,88.85,88.92,85.6,85.75,63.07,0.0,10.26,94.32,76.87
CPAY,Corpay,Financials,Transaction & Payment Processing Services,308.49,389.55,255.0,313.09,308.9,299.54,287.28,314.9,0.1,4.62,322.74,276.35
CTVA,Corteva,Materials,Fertilizers & Agricultural Chemicals,66.19,76.73,55.1,65.94,65.8,65.73,64.18,67.0,-0.3,1.41,67.12,64.35
CSGP,CoStar Group,Real Estate,Real Estate Services,64.9,96.83,63.62,65.6,66.63,67.19,70.39,79.58,-0.2,8.43,70.37,64.0
COST,Costco,Consumer Staples,Consumer Staples Merchandise Retail,861.09,1072.45,860.39,870.2,879.19,891.67,912.75,952.68,-0.2,7.72,927.57,855.73
CTRA,Coterra,Energy,Oil & Gas Exploration & Production,25.97,28.82,22.01,26.21,26.64,26.4,25.08,24.75,-0.2,6.28,27.6,25.2
CRWD,CrowdStrike,Information Technology,Systems Software,473.06,557.53,308.86,494.3,504.94,506.83,516.54,455.19,-0.2,12.6,532.67,480.98
CCI,Crown Castle,Real Estate,Telecom Tower REITs,88.4,111.32,80.2,89.29,89.08,88.84,91.4,96.52,0.0,2.83,90.9,86.78
CSX,CSX Corporation,Industrials,Rail Transportation,36.69,37.39,26.38,37.04,36.75,35.72,35.56,32.69,0.2,3.79,38.08,33.36
CMI,Cummins,Industrials,Construction Machinery & Heavy Transportation Equipment,496.78,524.53,263.13,512.4,511.58,500.19,461.42,373.37,0.2,7.25,532.8,467.58
CVS,CVS Health,Health Care,Health Care Services,77.84,82.45,41.98,79.21,78.22,78.06,78.85,69.37,0.0,4.29,81.18,74.93
DHR,Danaher Corporation,Health Care,Life Sciences Tools & Services,222.86,249.37,174.06,226.96,226.63,226.52,219.01,203.35,0.2,4.13,232.06,220.98
DRI,Darden Restaurants,Consumer Discretionary,Restaurants,190.49,222.41,155.17,185.61,181.82,178.51,180.1,196.59,0.2,-0.81,188.95,168.08
DDOG,Datadog,Information Technology,Application Software,136.52,199.72,87.0,142.9,147.7,153.82,161.92,132.68,-0.2,24.96,170.6,137.05
DVA,DaVita,Health Care,Health Care Services,118.51,177.35,115.2,119.1,118.22,118.43,122.1,135.75,0.2,2.76,121.78,115.08
DAY,Dayforce,Industrials,Human Resource & Employment Services,69.28,77.46,49.33,69.24,69.15,69.08,68.75,61.95,0.0,0.07,69.33,68.84
DECK,Deckers Brands,Consumer Discretionary,Footwear,102.76,223.11,79.54,102.7,101.22,94.22,91.44,106.05,0.1,6.8,109.75,78.69
DE,Deere & Company,Industrials,Agricultural & Farm Machinery,482.27,527.96,404.45,483.29,477.27,477.49,470.35,482.01,-0.1,2.87,496.11,458.9
DELL,Dell Technologies,Information Technology,"Technology Hardware, Storage & Peripherals",127.86,164.88,70.63,132.14,135.79,131.93,142.67,121.0,0.0,13.64,145.3,118.55
DAL,Delta Air Lines,Industrials,Passenger Airlines,69.86,71.27,35.54,70.53,69.15,65.55,61.57,53.64,0.2,6.9,74.68,56.41
DVN,Devon Energy,Energy,Oil & Gas Exploration & Production,36.97,38.16,26.26,36.56,37.02,36.6,34.48,33.23,0.2,4.19,38.52,34.67
DXCM,Dexcom,Health Care,Health Care Equipment,65.79,90.75,54.84,66.76,66.4,64.26,64.07,74.21,0.1,5.82,69.62,58.89
FANG,Diamondback Energy,Energy,Oil & Gas Exploration & Production,154.77,175.21,116.78,154.32,156.57,153.71,147.0,141.84,0.2,5.42,163.16,144.25
DLR,Digital Realty,Real Estate,Data Center REITs,148.74,179.92,133.15,152.38,156.72,156.84,163.84,162.74,-0.4,10.36,164.15,149.52
DG,Dollar General,Consumer Staples,Consumer Staples Merchandise Retail,136.93,136.93,67.25,134.05,130.36,117.94,108.36,102.44,0.0,5.32,144.21,91.67
DLTR,Dollar Tree,Consumer Staples,Consumer Staples Merchandise Retail,128.55,131.17,61.92,130.14,125.33,115.59,106.01,96.18,0.0,7.05,137.61,93.58
D,Dominion Energy,Utilities,Multi-Utilities,59.97,62.07,47.97,59.33,58.93,59.73,59.84,56.62,0.0,3.32,61.96,57.49
DPZ,Domino's,Consumer Discretionary,Restaurants,439.01,491.7,395.61,434.46,426.2,419.27,413.0,444.71,0.1,1.08,443.75,394.8
DASH,DoorDash,Consumer Discretionary,Specialized Consumer Services,221.8,281.74,163.16,225.75,225.06,212.66,231.21,224.91,-0.2,9.31,242.45,182.88
DOV,Dover Corporation,Industrials,Industrial Machinery & Supplies & Components,196.1,204.14,149.86,198.88,195.32,189.73,180.5,177.07,0.2,3.68,203.32,176.13
DOW,Dow Inc.,Materials,Commodity Chemicals,23.11,39.0,20.27,23.59,23.43,23.09,22.67,25.92,-0.1,8.7,25.12,21.06
DHI,D. R. Horton,Consumer Discretionary,Homebuilding,151.6,183.47,114.08,154.97,155.12,153.5,151.25,142.3,0.2,10.39,167.35,139.65
DTE,DTE Energy,Utilities,Multi-Utilities,128.69,142.03,113.69,128.87,129.21,131.52,135.38,133.61,-0.2,6.33,136.84,126.22
DUK,Duke Energy,Utilities,Electric Utilities,117.72,127.92,102.07,115.95,115.87,118.84,122.31,118.71,-0.4,6.54,125.42,112.25
DD,DuPont,Materials,Specialty Chemicals,40.72,41.49,22.69,40.84,40.67,39.73,37.17,31.55,0.0,3.39,42.1,37.36
ETN,Eaton Corporation,Industrials,Electrical Components & Equipment,313.84,391.62,244.95,331.86,337.45,337.16,358.41,337.46,-0.4,12.93,354.42,319.88
EBAY,eBay Inc.,Consumer Discretionary,Broadline Retail,82.74,100.1,58.89,82.8,82.84,82.25,86.31,79.86,0.2,2.14,84.51,79.98
ECL,Ecolab,Materials,Specialty Chemicals,262.22,283.99,223.93,259.89,259.47,263.47,265.27,261.95,0.0,5.37,276.3,250.64
EIX,Edison International,Utilities,Electric Utilities,59.68,76.68,46.84,58.67,57.91,58.08,57.14,54.29,0.0,0.3,59.86,56.3
EW,Edwards Lifesciences,Health Care,Health Care Equipment,84.74,86.82,67.07,84.32,84.51,84.97,81.75,77.15,0.2,2.81,87.12,82.81
EA,Electronic Arts,Communication Services,Interactive Home Entertainment,203.68,204.2,115.97,203.85,203.72,202.65,201.29,166.96,0.0,0.67,205.04,200.25
ELV,Elevance Health,Health Care,Managed Health Care,344.77,445.96,271.77,351.72,341.06,333.68,334.17,353.4,-0.2,4.14,359.04,308.31
EME,Emcor,Industrials,Construction & Engineering,592.78,777.0,341.52,621.61,623.2,613.27,651.93,545.43,0.0,8.65,644.06,582.5
EMR,Emerson Electric,Industrials,Electrical Components & Equipment,131.35,148.4,92.96,135.78,136.11,133.21,131.98,125.44,0.0,7.35,141.0,125.41
ETR,Entergy,Utilities,Electric Utilities,92.09,97.52,71.18,92.86,93.25,94.01,94.92,86.94,-0.2,4.97,96.67,91.34
EOG,EOG Resources,Energy,Oil & Gas Exploration & Production,104.92,133.44,101.78,106.03,108.59,108.12,107.59,113.69,-0.1,8.16,113.48,102.77
EPAM,EPAM Systems,Information Technology,IT Consulting & Other Services,204.43,267.63,142.2,208.63,207.16,196.81,175.38,169.38,0.0,7.54,219.84,173.78
EQT,EQT Corporation,Energy,Oil & Gas Exploration & Production,54.28,61.17,42.04,55.22,57.52,57.97,56.51,53.76,0.0,14.74,62.28,53.67
EFX,Equifax,Industrials,Research & Consulting Services,217.74,278.79,203.71,217.81,214.09,211.87,216.68,241.63,0.0,1.28,220.53,203.21
EQIX,Equinix,Real Estate,Data Center REITs,747.2,939.3,726.09,754.24,745.39,746.62,785.46,801.45,-0.2,2.94,769.17,724.07
EQR,Equity Residential,Real Estate,Multi-Family Residential REITs,62.08,72.76,58.7,61.1,60.95,60.93,60.94,64.92,-0.2,0.84,62.6,59.26
ERIE,Erie Indemnity,Financials,Insurance Brokers,288.37,445.35,275.0,283.38,286.75,289.96,299.64,347.27,-0.2,5.43,304.03,275.88
ESS,Essex Property Trust,Real Estate,Multi-Family Residential REITs,263.07,305.43,247.18,258.22,256.82,258.08,258.0,270.24,0.1,0.74,265.02,251.13
EL,Estée Lauder Companies (The),Consumer Staples,Personal Care Products,105.18,107.28,49.43,104.69,103.98,97.77,95.54,80.4,0.2,6.22,111.72,83.82
EG,Everest Group,Financials,Reinsurance,326.97,368.76,304.91,324.56,317.94,315.16,327.05,339.06,0.2,0.39,328.25,302.09
EVRG,Evergy,Utilities,Electric Utilities,73.73,78.01,57.62,73.66,73.57,74.71,75.87,69.85,-0.2,5.13,77.51,71.91
ES,Eversource Energy,Utilities,Electric Utilities,67.13,74.88,52.98,67.8,67.5,66.63,70.56,64.63,0.0,2.8,69.01,64.25
EXC,Exelon,Utilities,Electric Utilities,44.36,47.82,34.95,43.73,43.67,44.72,45.81,44.03,-0.4,6.15,47.09,42.35
EXE,Expand Energy,Energy,Oil & Gas Exploration & Production,109.25,122.89,91.44,110.7,115.17,116.69,111.08,105.72,0.0,14.93,125.56,107.82
EXPE,Expedia Group,Consumer Discretionary,"Hotels, Resorts & Cruise Lines",283.58,285.02,135.82,281.48,272.9,262.84,242.53,196.44,0.2,2.43,290.47,235.22
EXPD,Expeditors International,Industrials,Air Freight & Logistics,150.04,153.02,101.6,151.19,150.18,146.77,133.56,119.77,0.0,3.68,155.56,137.98
EXR,Extra Space Storage,Real Estate,Self-Storage REITs,131.8,154.13,122.37,132.02,129.79,129.88,135.29,139.58,-0.2,1.68,134.01,125.75
XOM,ExxonMobil,Energy,Integrated Oil & Gas,114.68,119.54,97.25,118.07,117.61,116.99,115.12,109.51,-0.2,4.66,120.02,113.95
FFIV,"F5, Inc.",Information Technology,Communications Equipment,256.11,343.17,223.99,260.9,256.02,245.78,264.84,285.78,0.0,5.33,269.76,221.8
FDS,FactSet,Financials,Financial Exchanges & Data,296.44,485.96,252.61,292.24,288.44,281.33,278.14,374.84,0.1,0.65,298.37,264.28
FICO,Fair Isaac,Information Technology,Application Software,1754.81,2206.01,1311.26,1805.09,1786.03,1778.81,1712.4,1709.61,0.0,4.88,1840.44,1717.09
FAST,Fastenal,Industrials,Trading Companies & Distributors,41.81,50.13,34.82,41.88,41.5,40.73,41.67,42.59,0.0,1.94,42.62,38.84
FRT,Federal Realty Investment Trust,Real Estate,Retail REITs,101.88,109.5,81.67,99.84,98.38,97.99,97.82,95.15,0.4,-0.8,101.06,94.9
FDX,FedEx,Industrials,Air Freight & Logistics,282.5,283.33,194.55,282.48,278.98,273.88,258.03,233.11,0.2,1.75,287.44,260.32
FIS,Fidelity National Information Services,Financials,Transaction & Payment Processing Services,66.32,82.23,61.13,66.68,66.07,65.16,65.35,71.58,-0.2,2.67,68.09,62.24
FITB,Fifth Third Bancorp,Financials,Regional Banks,47.63,48.39,32.73,47.92,46.84,44.92,43.32,40.89,0.0,3.76,49.42,40.42
FSLR,First Solar,Information Technology,Semiconductors,253.83,277.39,120.38,259.17,258.23,258.87,251.56,188.26,0.0,7.62,273.17,244.58
FE,FirstEnergy,Utilities,Electric Utilities,44.36,47.72,36.81,44.3,44.63,45.7,45.96,42.16,-0.2,8.34,48.06,43.34
FISV,Fiserv,Financials,Transaction & Payment Processing Services,68.05,237.79,59.77,68.33,67.25,64.54,83.58,147.34,-0.2,4.09,70.83,58.25
F,Ford Motor Company,Consumer Discretionary,Automobile Manufacturers,13.32,13.76,8.35,13.61,13.38,13.19,12.81,11.1,0.2,3.75,13.82,12.55
FTNT,Fortinet,Information Technology,Systems Software,79.86,114.57,74.39,81.71,82.93,81.79,83.08,92.13,-0.2,7.56,85.9,77.67
FTV,Fortive,Industrials,Industrial Machinery & Supplies & Components,55.28,62.25,46.44,55.14,54.54,53.55,51.4,51.36,0.2,1.7,56.22,50.87
FOXA,Fox Corporation (Class A),Communication Services,Broadcasting,71.32,71.82,46.62,71.17,70.33,67.88,64.28,57.44,0.0,2.68,73.23,62.53
FOX,Fox Corporation (Class B),Communication Services,Broadcasting,63.11,63.44,43.59,63.08,62.34,60.47,57.53,52.35,0.2,2.36,64.6,56.33
BEN,Franklin Resources,Financials,Asset Management & Custody Banks,23.62,25.67,16.21,23.5,23.36,22.69,22.73,22.06,-0.2,2.62,24.24,21.13
FCX,Freeport-McMoRan,Materials,Copper,47.91,48.11,28.82,47.69,46.45,44.14,42.32,40.74,0.0,3.44,49.56,38.72
GRMN,Garmin,Consumer Discretionary,Consumer Electronics,202.13,258.66,171.47,206.93,204.98,198.97,215.07,214.36,0.0,5.33,212.9,185.04
IT,Gartner,Information Technology,IT Consulting & Other Services,251.76,548.38,224.13,242.4,236.14,233.33,237.44,331.3,0.0,-1.79,247.25,219.41
GE,GE Aerospace,Industrials,Aerospace & Defense,292.23,314.28,158.97,296.03,291.21,291.99,299.44,256.56,0.0,3.68,302.98,280.99
GEHC,GE HealthCare,Health Care,Health Care Equipment,82.63,93.35,58.67,83.87,83.79,81.16,77.17,74.45,0.2,6.75,88.21,74.12
GEV,GE Vernova,Industrials,Heavy Electrical Equipment,614.41,723.0,269.69,671.58,658.85,621.04,600.7,517.58,0.2,16.52,715.91,526.17
GEN,Gen Digital,Information Technology,Systems Software,27.86,31.88,23.2,27.61,27.34,26.82,26.62,27.8,0.1,0.43,27.98,25.66
GNRC,Generac,Industrials,Electrical Components & Equipment,145.55,202.85,101.92,157.55,160.4,154.75,164.86,151.8,0.0,17.24,170.64,138.86
GD,General Dynamics,Industrials,Aerospace & Defense,335.36,353.77,238.33,338.5,338.4,338.7,340.73,303.52,0.0,2.7,344.41,332.98
GIS,General Mills,Consumer Staples,Packaged Foods & Meats,48.58,63.06,45.64,47.12,46.48,46.81,47.26,51.09,0.2,-0.21,48.48,45.14
GM,General Motors,Consumer Discretionary,Automobile Manufacturers,80.61,81.98,42.15,81.22,79.1,75.39,69.36,55.78,0.0,4.44,84.19,66.59
GPC,Genuine Parts Company,Consumer Discretionary,Distributors,127.78,141.64,103.09,130.93,130.03,128.66,128.5,125.76,0.2,4.45,133.47,123.86
GILD,Gilead Sciences,Health Care,Biotechnology,121.95,128.07,87.29,121.01,121.44,123.77,121.87,112.44,0.2,6.09,129.38,118.15
GPN,Global Payments,Financials,Transaction & Payment Processing Services,81.93,113.35,66.86,81.35,79.95,76.94,79.76,82.43,0.0,2.61,84.07,69.8
GL,Globe Life,Financials,Life & Health Insurance,138.91,146.27,103.56,138.85,135.34,134.03,134.13,129.65,-0.2,1.2,140.58,127.49
GDDY,GoDaddy,Information Technology,Internet Services & Infrastructure,125.88,214.35,123.81,125.04,126.57,126.71,129.42,157.53,0.0,3.57,130.37,123.04
GS,Goldman Sachs,Financials,Investment Banking & Brokerage,871.1,911.03,455.22,887.77,876.37,838.18,801.75,684.45,0.2,6.16,924.76,751.62
HAL,Halliburton,Energy,Oil & Gas Equipment & Services,27.82,29.12,18.84,28.23,28.31,27.19,26.18,22.85,0.2,6.87,29.73,24.66
HIG,Hartford (The),Financials,Property & Casualty Insurance,138.4,138.67,104.54,136.07,133.45,134.27,130.11,125.82,0.2,1.25,140.13,128.42
HAS,Hasbro,Consumer Discretionary,Leisure Products,81.4,83.96,49.29,81.69,81.45,81.0,77.65,70.52,0.2,4.05,84.7,77.29
HCA,HCA Healthcare,Health Care,Health Care Facilities,470.93,515.08,294.49,476.68,479.65,488.38,465.53,393.12,-0.2,9.49,515.62,461.12
DOC,Healthpeak Properties,Real Estate,Health Care REITs,16.43,19.95,16.25,16.55,16.68,17.28,17.68,17.67,-0.2,13.27,18.61,15.95
HSIC,Henry Schein,Health Care,Health Care Distributors,76.9,81.91,62.03,76.69,75.06,74.08,69.46,69.27,0.2,1.51,78.06,70.1
HSY,Hershey Company (The),Consumer Staples,Packaged Foods & Meats,188.54,194.06,140.14,185.64,183.26,184.05,180.77,173.54,0.0,0.9,190.24,177.87
HPE,Hewlett Packard Enterprise,Information Technology,"Technology Hardware, Storage & Peripherals",23.95,26.25,12.35,24.14,24.08,22.7,23.3,20.12,-0.2,7.64,25.78,19.61
HLT,Hilton Worldwide,Consumer Discretionary,"Hotels, Resorts & Cruise Lines",293.58,293.58,200.93,284.74,277.97,277.98,270.17,256.34,0.0,-0.15,293.14,262.8
HOLX,Hologic,Health Care,Health Care Equipment,75.04,75.19,52.73,74.98,74.95,74.77,73.17,65.67,0.0,0.45,75.38,74.15
HD,Home Depot (The),Consumer Discretionary,Home Improvement Retail,357.01,420.7,329.16,356.76,353.59,349.65,365.14,369.65,0.0,2.65,366.47,332.83
HON,Honeywell,Industrials,Industrial Conglomerates,200.47,224.06,169.57,196.74,194.15,192.45,194.57,200.29,0.0,-0.92,198.63,186.27
HRL,Hormel Foods,Consumer Staples,Packaged Foods & Meats,23.93,31.61,21.29,23.81,23.83,23.31,23.07,27.01,0.1,2.63,24.56,22.06
HST,Host Hotels & Resorts,Real Estate,Hotel & Resort REITs,18.59,18.64,12.39,18.4,17.88,17.66,17.1,15.81,0.2,0.48,18.68,16.65
HWM,Howmet Aerospace,Industrials,Aerospace & Defense,191.7,209.74,107.4,195.66,194.3,197.13,198.3,172.52,0.0,7.15,205.41,188.85
HPQ,HP Inc.,Information Technology,"Technology Hardware, Storage & Peripherals",24.48,33.25,21.17,24.79,25.02,24.41,25.55,25.71,0.0,7.11,26.22,22.6
HUBB,Hubbell Incorporated,Industrials,Industrial Machinery & Supplies & Components,428.32,471.0,312.92,444.48,442.9,433.37,437.14,402.86,0.0,6.97,458.17,408.58
HUM,Humana,Health Care,Managed Health Care,260.57,310.91,219.64,265.68,260.27,249.1,261.49,257.59,-0.2,6.47,277.43,220.77
HBAN,Huntington Bancshares,Financials,Regional Banks,17.75,17.91,12.26,17.72,17.36,16.66,16.11,15.86,0.0,2.99,18.28,15.04
HII,Huntington Ingalls Industries,Industrials,Aerospace & Defense,319.69,329.16,156.09,325.86,320.37,314.41,305.69,255.25,0.2,3.58,331.13,297.7
IBM,IBM,Information Technology,IT Consulting & Other Services,303.84,314.98,211.92,307.13,308.39,304.54,299.28,266.99,0.0,4.3,316.91,292.18
IEX,IDEX Corporation,Industrials,Industrial Machinery & Supplies & Components,176.47,221.67,156.86,178.02,177.43,173.62,169.57,172.09,0.3,4.63,184.64,162.59
IDXX,Idexx Laboratories,Health Care,Health Care Equipment,694.47,766.68,361.04,699.51,706.07,716.63,683.23,568.14,0.0,10.39,766.63,666.62
ITW,Illinois Tool Works,Industrials,Industrial Machinery & Supplies & Components,251.9,269.49,215.75,254.43,251.6,248.65,247.77,249.15,-0.1,2.36,257.84,239.45
INCY,Incyte,Health Care,Biotechnology,98.0,108.26,55.17,97.04,97.52,100.36,97.19,77.53,0.0,9.65,107.46,93.27
IR,Ingersoll Rand,Industrials,Industrial Machinery & Supplies & Components,78.09,99.75,66.7,80.91,80.3,79.27,78.23,80.07,-0.1,7.04,83.59,74.95
PODD,Insulet Corporation,Health Care,Health Care Equipment,290.0,352.82,237.06,292.02,296.61,310.21,317.25,301.45,-0.2,18.77,344.43,276.01
INTC,Intel,Information Technology,Semiconductors,36.06,43.76,18.13,37.64,39.17,38.56,38.07,26.79,0.0,22.71,44.25,32.86
IBKR,Interactive Brokers,Financials,Investment Banking & Brokerage,62.49,72.99,35.93,63.73,64.71,64.03,66.93,57.36,0.0,7.38,67.1,60.97
ICE,Intercontinental Exchange,Financials,Financial Exchanges & Data,161.02,187.37,141.2,161.47,159.73,157.2,154.67,168.64,0.1,1.58,163.56,150.84
IFF,International Flavors & Fragrances,Materials,Specialty Chemicals,65.67,86.24,59.55,64.19,64.99,66.39,64.7,70.14,0.1,7.34,70.49,62.29
IP,International Paper,Materials,Paper & Plastic Packaging Products & Materials,38.68,57.74,35.6,38.7,38.69,38.42,40.63,45.73,0.2,4.5,40.42,36.42
INTU,Intuit,Information Technology,Application Software,664.12,805.92,541.4,667.0,664.61,653.84,657.54,677.51,-0.2,2.69,681.98,625.72
ISRG,Intuitive Surgical,Health Care,Health Care Equipment,556.78,610.45,429.59,552.11,558.55,563.19,533.74,507.91,0.2,4.55,582.11,544.26
IVZ,Invesco,Financials,Asset Management & Custody Banks,26.4,27.0,11.76,26.48,26.06,24.9,23.89,18.84,0.2,4.77,27.66,22.14
INVH,Invitation Homes,Real Estate,Single-Family Residential REITs,27.36,34.81,26.09,26.8,26.78,27.35,27.95,30.83,-0.2,4.82,28.68,26.02
IQV,IQVIA,Health Care,Life Sciences Tools & Services,222.54,231.92,137.0,223.22,223.14,224.71,217.59,181.85,0.0,4.71,233.02,216.38
IRM,Iron Mountain,Real Estate,Other Specialized REITs,79.71,107.44,74.93,82.55,83.27,83.57,93.76,92.82,-0.2,9.17,87.02,80.13
JBHT,J.B. Hunt,Industrials,Cargo Ground Transportation,194.75,199.55,123.62,197.36,193.03,181.46,169.16,148.53,0.0,6.9,208.19,154.74
JBL,Jabil,Information Technology,Electronic Manufacturing Services,216.45,234.36,116.73,221.37,222.91,213.68,210.8,190.93,0.2,9.25,236.47,190.88
JKHY,Jack Henry & Associates,Financials,Transaction & Payment Processing Services,188.01,189.35,145.77,186.93,183.4,176.83,164.05,168.95,-0.1,2.09,191.94,161.73
J,Jacobs Solutions,Industrials,Construction & Engineering,131.87,164.04,108.92,134.66,137.03,136.3,148.16,135.98,0.0,11.04,146.43,126.18
JNJ,Johnson & Johnson,Health Care,Pharmaceuticals,210.91,214.17,137.84,211.19,206.85,205.81,196.26,169.96,0.2,1.2,213.44,198.17
JCI,Johnson Controls,Industrials,Building Products,116.63,122.66,70.88,117.25,115.96,115.33,114.26,101.43,0.0,1.38,118.24,112.43
JPM,JPMorgan Chase,Financials,Diversified Banks,315.45,320.41,208.26,317.38,314.39,309.71,307.29,280.0,0.0,2.68,323.9,295.51
KVUE,Kenvue,Consumer Staples,Personal Care Products,17.31,23.7,13.93,17.28,17.14,16.98,16.16,19.87,-0.1,2.31,17.71,16.26
KDP,Keurig Dr Pepper,Consumer Staples,Soft Drinks & Non-alcoholic Beverages,28.12,35.14,25.3,28.98,28.98,28.31,27.55,30.9,0.1,6.44,29.93,26.69
KEY,KeyCorp,Financials,Regional Banks,20.8,20.8,12.78,20.61,19.95,18.87,18.01,16.89,0.0,2.79,21.38,16.36
KEYS,Keysight Technologies,Information Technology,Electronic Equipment & Instruments,197.53,214.14,127.02,206.57,208.53,198.75,183.43,165.36,0.2,14.55,226.27,171.23
KMB,Kimberly-Clark,Consumer Staples,Household Products,102.9,142.87,98.85,102.97,102.94,103.9,108.53,124.51,0.2,4.39,107.42,100.38
KIM,Kimco Realty,Real Estate,Retail REITs,20.47,23.46,18.04,20.25,20.13,20.12,20.59,20.63,-0.2,0.54,20.58,19.65
KMI,Kinder Morgan,Energy,Oil & Gas Storage & Transportation,26.69,29.9,24.4,26.66,27.01,26.98,26.78,26.85,0.1,3.97,27.75,26.2
KKR,KKR & Co.,Financials,Asset Management & Custody Banks,132.29,166.13,92.38,135.97,134.53,127.45,123.05,126.36,0.3,8.6,143.67,111.23
KLAC,KLA Corporation,Information Technology,Semiconductor Materials & Equipment,1173.65,1246.18,572.94,1221.44,1219.17,1182.3,1160.6,912.06,0.0,8.28,1270.83,1093.82
KHC,Kraft Heinz,Consumer Staples,Packaged Foods & Meats,24.84,30.79,23.35,24.57,24.49,24.74,24.62,26.28,0.1,2.42,25.44,24.04
KR,Kroger,Consumer Staples,Food Retail,63.74,73.58,57.2,62.78,62.73,64.61,65.62,67.44,-0.4,7.8,68.71,60.5
LHX,L3Harris,Industrials,Aerospace & Defense,278.62,305.49,190.99,285.36,283.08,280.43,286.49,256.15,0.2,4.15,290.18,270.69
LH,Labcorp,Health Care,Health Care Services,256.12,290.15,210.49,260.86,260.79,262.85,266.4,256.27,0.0,5.68,270.67,255.03
LRCX,Lam Research,Information Technology,Semiconductor Materials & Equipment,154.55,168.71,58.73,162.27,162.39,156.95,153.11,107.32,0.0,11.48,172.29,141.59
LW,Lamb Weston,Consumer Staples,Packaged Foods & Meats,59.54,80.24,47.44,59.59,59.41,58.83,60.97,55.39,0.0,3.21,61.45,56.22
LVS,Las Vegas Sands,Consumer Discretionary,Casinos & Gaming,66.51,69.49,30.23,66.45,66.49,66.57,61.15,49.25,0.2,4.53,69.52,63.61
LDOS,Leidos,Industrials,Diversified Support Services,181.46,199.1,125.54,185.79,186.5,187.29,189.4,165.98,-0.2,6.25,192.8,181.77
LEN,Lennar,Consumer Discretionary,Homebuilding,112.28,144.6,101.41,117.62,119.67,123.05,122.88,117.87,0.2,20.54,135.34,110.75
LII,Lennox International,Industrials,Building Products,488.57,662.88,444.26,499.55,501.81,487.39,498.26,551.85,0.0,8.15,528.39,446.41
LLY,Lilly (Eli),Health Care,Pharmaceuticals,1041.56,1109.94,623.36,1038.99,1019.32,1042.16,946.46,814.18,0.0,6.51,1109.37,974.92
LIN,Linde plc,Materials,Industrial Gases,422.29,481.82,389.38,416.46,405.81,406.89,423.85,451.68,0.2,0.61,424.87,388.93
LYV,Live Nation Entertainment,Communication Services,Movies & Entertainment,136.53,174.06,115.79,140.26,139.63,134.96,142.54,144.66,0.0,6.43,145.31,124.62
LKQ,LKQ Corporation,Consumer Discretionary,Distributors,29.95,42.58,28.17,30.49,29.8,29.59,29.87,34.54,-0.2,3.47,30.99,28.18
LMT,Lockheed Martin,Industrials,Aerospace & Defense,473.79,510.37,404.69,478.08,469.12,460.46,472.51,458.99,-0.2,2.72,486.68,434.23
L,Loews Corporation,Financials,Multi-line Insurance,106.01,108.26,80.73,104.87,103.82,105.22,102.76,93.9,0.0,2.76,108.94,101.49
LOW,Lowe's,Consumer Discretionary,Home Improvement Retail,247.9,271.68,208.44,247.7,246.68,242.27,238.88,233.99,0.2,3.18,255.78,228.75
LULU,Lululemon Athletica,Consumer Discretionary,"Apparel, Accessories & Luxury Goods",208.63,421.16,159.87,202.73,194.02,184.98,176.32,228.92,-0.1,0.99,210.7,159.25
LYB,LyondellBasell,Materials,Specialty Chemicals,43.99,71.62,41.19,43.96,43.66,44.46,44.35,52.87,0.1,10.05,48.41,40.52
MTB,M&T Bank,Financials,Regional Banks,205.95,205.95,153.05,205.02,200.5,193.5,186.91,183.47,0.0,1.89,209.84,177.16
MPC,Marathon Petroleum,Energy,Oil & Gas Refining & Marketing,174.02,199.13,116.64,181.84,186.16,188.97,189.69,167.29,-0.2,14.65,199.51,178.43
MAR,Marriott International,Consumer Discretionary,"Hotels, Resorts & Cruise Lines",310.15,310.15,209.55,301.61,297.49,296.84,281.65,263.25,0.2,1.73,315.52,278.17
MMC,Marsh McLennan,Financials,Insurance Brokers,186.0,242.13,176.58,184.97,183.66,182.45,185.92,208.57,-0.2,0.8,187.49,177.4
MLM,Martin Marietta Materials,Materials,Construction Materials,618.53,655.98,450.65,628.45,624.3,617.08,618.21,569.05,0.0,3.27,638.76,595.43
MAS,Masco,Industrials,Building Products,64.93,80.35,57.89,64.65,63.79,63.38,64.35,66.14,-0.2,2.66,66.66,60.11
MA,Mastercard,Financials,Transaction & Payment Processing Services,565.54,598.17,477.88,567.2,554.07,548.13,554.21,558.45,-0.2,1.34,573.12,523.14
MTCH,Match Group,Communication Services,Interactive Media & Services,32.4,38.56,26.72,32.72,33.4,33.13,32.77,32.48,0.2,7.53,34.84,31.41
MKC,McCormick & Company,Consumer Staples,Packaged Foods & Meats,68.74,83.15,63.3,67.14,65.36,66.09,65.81,70.98,-0.1,1.41,69.71,62.47
MCD,McDonald's,Consumer Discretionary,Restaurants,318.43,318.73,273.36,315.62,312.9,309.2,304.64,302.86,0.2,0.35,319.54,298.86
MCK,McKesson Corporation,Health Care,Health Care Distributors,806.82,888.45,560.41,813.82,809.8,833.83,820.79,729.25,0.0,10.8,893.96,773.66
MDT,Medtronic,Health Care,Health Care Equipment,98.32,105.35,77.44,98.85,99.92,101.32,97.14,90.29,-0.2,7.54,105.73,96.91
MRK,Merck & Co.,Health Care,Pharmaceuticals,99.44,104.76,71.42,99.12,98.55,99.27,91.67,83.57,0.0,5.49,104.9,93.63
META,Meta Platforms,Communication Services,Interactive Media & Services,653.8,788.82,483.57,650.87,656.05,639.38,663.34,670.06,0.2,5.12,687.27,591.47
MET,MetLife,Financials,Life & Health Insurance,82.51,84.55,66.92,81.89,79.96,77.75,78.36,77.63,0.0,0.81,83.18,72.33
MTD,Mettler Toledo,Health Care,Life Sciences Tools & Services,1380.41,1506.02,970.15,1401.35,1403.21,1426.97,1400.85,1246.38,0.2,8.89,1503.13,1350.86
MGM,MGM Resorts,Consumer Discretionary,Casinos & Gaming,36.22,40.37,25.79,37.02,36.33,34.82,33.26,33.75,0.1,7.43,38.91,30.74
MCHP,Microchip Technology,Information Technology,Semiconductors,63.82,74.07,34.52,66.63,66.58,59.91,60.34,59.77,0.2,16.86,74.58,45.24
MU,Micron Technology,Information Technology,Semiconductors,226.57,263.71,64.62,239.24,242.31,234.35,224.88,139.67,0.0,16.37,263.66,205.05
MSFT,Microsoft,Information Technology,Systems Software,478.43,541.06,352.67,478.33,481.72,481.85,501.27,471.77,0.0,3.26,494.03,469.68
MAA,Mid-America Apartment Communities,Real Estate,Multi-Family Residential REITs,137.18,165.69,126.28,133.63,132.61,133.27,132.0,144.44,-0.1,0.01,137.19,129.34
MRNA,Moderna,Health Care,Biotechnology,30.24,47.53,22.36,29.83,28.76,26.56,26.24,27.53,0.1,4.3,31.54,21.57
MHK,Mohawk Industries,Consumer Discretionary,Home Furnishings,109.14,139.75,97.99,111.22,110.57,111.23,114.6,114.7,0.2,8.25,118.14,104.32
MOH,Molina Healthcare,Health Care,Managed Health Care,162.02,353.24,134.51,163.36,158.07,150.79,161.36,232.33,0.0,4.15,168.74,132.84
TAP,Molson Coors Beverage Company,Consumer Staples,Brewers,48.08,61.12,42.77,47.64,46.71,46.23,45.63,50.22,-0.1,0.23,48.19,44.27
MDLZ,Mondelez International,Consumer Staples,Packaged Foods & Meats,53.82,70.19,53.79,53.95,54.53,55.49,57.81,63.0,-0.2,7.51,57.86,53.13
MPWR,Monolithic Power Systems,Information Technology,Semiconductors,916.49,1105.05,453.43,949.05,958.68,934.71,969.99,778.3,0.2,9.75,1005.85,863.58
MNST,Monster Beverage,Consumer Staples,Soft Drinks & Non-alcoholic Beverages,74.27,75.95,46.16,74.16,73.93,73.88,70.97,63.65,0.2,2.42,76.07,71.68
MCO,Moody's Corporation,Financials,Financial Exchanges & Data,497.89,523.49,394.44,488.78,489.54,485.36,483.34,480.02,0.0,0.51,500.43,470.28
MS,Morgan Stanley,Financials,Investment Banking & Brokerage,174.95,180.29,97.76,177.59,177.47,171.55,165.32,140.58,0.4,5.98,185.41,157.68
MOS,Mosaic Company (The),Materials,Fertilizers & Agricultural Chemicals,24.08,37.21,22.27,24.76,24.27,24.16,26.45,30.53,0.0,5.69,25.45,22.86
MSI,Motorola Solutions,Information Technology,Communications Equipment,374.94,487.57,363.49,366.79,368.71,369.3,399.84,423.31,0.2,0.36,376.29,362.3
MSCI,MSCI Inc.,Financials,Financial Exchanges & Data,560.91,620.46,501.79,553.27,545.78,551.9,556.87,556.29,0.0,1.75,570.73,533.04
NDAQ,"Nasdaq, Inc.",Financials,Financial Exchanges & Data,93.51,96.38,65.81,93.36,91.95,90.11,88.56,85.44,0.2,1.36,94.78,85.43
NTAP,NetApp,Information Technology,"Technology Hardware, Storage & Peripherals",110.65,125.81,75.4,115.27,115.91,112.58,114.52,104.84,-0.4,9.93,121.64,103.52
NFLX,Netflix,Communication Services,Movies & Entertainment,94.61,133.91,82.84,94.44,96.19,101.47,109.41,113.29,-0.2,19.73,113.28,89.66
NEM,Newmont,Materials,Gold,98.71,99.69,36.38,98.8,95.2,91.49,88.31,67.19,0.2,3.19,101.86,81.11
NWSA,News Corp (Class A),Communication Services,Publishing,26.11,31.03,23.89,26.07,25.98,25.68,26.03,27.74,0.0,1.3,26.45,24.92
NWS,News Corp (Class B),Communication Services,Publishing,29.57,35.06,27.33,29.51,29.45,29.18,29.6,31.69,0.0,1.49,30.01,28.34
NEE,NextEra Energy,Utilities,Multi-Utilities,80.28,86.29,62.68,81.22,81.41,83.0,83.17,73.65,-0.2,8.05,86.74,79.26
NKE,"Nike, Inc.",Consumer Discretionary,"Apparel, Accessories & Luxury Goods",65.94,79.84,52.31,67.21,66.03,64.74,65.0,66.62,0.0,4.23,68.73,60.76
NI,NiSource,Utilities,Multi-Utilities,41.29,44.13,34.46,41.53,41.56,42.25,42.73,40.52,0.0,6.47,43.96,40.55
NDSN,Nordson Corporation,Industrials,Industrial Machinery & Supplies & Components,237.88,238.93,166.29,236.56,236.66,235.05,233.89,215.23,0.0,1.9,242.4,227.7
NSC,Norfolk Southern,Industrials,Rail Transportation,294.77,299.49,203.11,295.86,294.54,291.18,287.31,261.78,0.2,2.13,301.05,281.31
NTRS,Northern Trust,Financials,Asset Management & Custody Banks,138.01,140.09,82.84,138.71,135.74,131.81,129.0,116.58,0.2,2.48,141.43,122.18
NOC,Northrop Grumman,Industrials,Aerospace & Defense,561.76,635.37,426.05,567.21,559.76,560.04,576.38,536.55,0.0,2.68,576.82,543.27
NCLH,Norwegian Cruise Line Holdings,Consumer Discretionary,"Hotels, Resorts & Cruise Lines",21.67,29.07,15.5,21.25,20.11,19.16,20.5,20.92,0.0,0.42,21.76,16.56
NRG,NRG Energy,Utilities,Independent Power Producers & Energy Traders,149.76,178.04,82.84,160.4,163.34,164.35,166.63,145.0,-0.2,16.18,173.99,154.71
NUE,Nucor,Materials,Steel,160.19,166.57,102.37,163.23,161.99,159.15,149.26,133.84,0.2,5.76,169.42,148.9
NVDA,Nvidia,Information Technology,Semiconductors,171.66,207.03,94.29,176.32,180.17,180.31,186.19,156.91,-0.2,9.29,187.61,173.02
NVR,"NVR, Inc.",Consumer Discretionary,Homebuilding,7470.01,8543.0,6700.0,7532.31,7498.03,7462.04,7437.06,7519.75,0.1,3.7,7746.4,7177.4
NXPI,NXP Semiconductors,Information Technology,Semiconductors,224.38,241.33,151.41,229.19,228.38,212.72,210.8,208.72,0.2,10.93,248.9,176.52
ORLY,O’Reilly Automotive,Consumer Discretionary,Automotive Retail,92.8,107.82,78.66,93.78,95.33,97.74,98.13,96.13,-0.2,11.92,103.86,91.61
OXY,Occidental Petroleum,Energy,Oil & Gas Exploration & Production,40.78,51.56,35.51,40.43,41.09,41.28,41.41,43.0,0.0,4.95,42.8,39.77
ODFL,Old Dominion,Industrials,Cargo Ground Transportation,156.04,207.79,126.04,157.77,155.54,145.5,140.63,152.59,0.1,7.79,168.2,122.81
OMC,Omnicom Group,Communication Services,Advertising,82.9,87.76,68.6,80.3,76.25,74.49,75.55,74.96,0.0,-1.35,81.78,67.19
ON,ON Semiconductor,Information Technology,Semiconductors,53.31,67.9,31.95,54.78,55.01,52.12,50.88,48.42,0.4,11.87,59.64,44.61
OKE,Oneok,Energy,Oil & Gas Storage & Transportation,73.06,104.36,64.31,72.84,74.04,72.86,69.9,77.11,-0.3,5.24,76.89,68.83
ORCL,Oracle Corporation,Information Technology,Application Software,177.51,327.76,122.35,187.98,203.69,204.29,240.97,212.77,-0.2,29.76,230.34,178.25
OTIS,Otis Worldwide,Industrials,Industrial Machinery & Supplies & Components,88.65,102.87,84.13,88.21,87.55,87.61,89.36,92.59,0.0,0.64,89.22,85.99
PCAR,Paccar,Industrials,Construction Machinery & Heavy Transportation Equipment,111.96,113.48,85.53,112.29,111.24,107.28,101.16,97.05,0.2,4.44,116.93,97.63
PKG,Packaging Corporation of America,Materials,Paper & Plastic Packaging Products & Materials,202.6,237.61,173.82,203.73,200.19,199.19,201.85,197.98,-0.2,2.49,207.64,190.73
PLTR,Palantir Technologies,Information Technology,Application Software,178.19,207.18,64.98,184.06,183.12,174.08,179.75,145.9,0.0,9.28,194.73,153.43
PANW,Palo Alto Networks,Information Technology,Systems Software,184.21,221.38,152.44,187.85,191.71,190.09,203.63,192.14,-0.2,8.62,200.09,180.11
PSKY,Paramount Skydance Corporation,Communication Services,Movies & Entertainment,13.27,19.73,10.05,13.79,14.11,14.84,15.68,13.76,-0.2,24.94,16.58,13.1
PH,Parker Hannifin,Industrials,Industrial Machinery & Supplies & Components,866.26,899.13,513.45,881.64,879.37,863.64,812.15,710.6,0.2,4.51,905.33,821.92
PAYX,Paychex,Industrials,Human Resource & Employment Services,117.24,157.06,108.46,115.07,113.78,112.18,116.57,135.72,0.4,-0.69,116.43,107.93
PAYC,Paycom,Industrials,Human Resource & Employment Services,166.6,264.67,159.21,164.97,164.72,163.15,177.3,214.68,0.2,0.65,167.68,158.62
PYPL,PayPal,Financials,Transaction & Payment Processing Services,60.44,91.6,57.28,61.17,61.29,61.24,65.29,68.28,0.2,4.78,63.33,59.15
PNR,Pentair,Industrials,Industrial Machinery & Supplies & Components,103.6,112.34,75.59,104.84,104.59,104.42,106.67,100.5,0.2,3.51,107.24,101.61
PEP,PepsiCo,Consumer Staples,Soft Drinks & Non-alcoholic Beverages,150.3,152.22,124.61,150.32,148.21,147.09,146.59,139.51,0.0,0.92,151.68,142.51
PFE,Pfizer,Health Care,Pharmaceuticals,25.1,26.9,20.47,25.74,25.73,25.5,24.9,23.87,0.0,5.14,26.39,24.61
PCG,PG&E Corporation,Utilities,Multi-Utilities,15.76,20.3,12.98,15.28,15.19,15.47,15.99,15.66,-0.2,2.98,16.23,14.71
PM,Philip Morris International,Consumer Staples,Tobacco,158.4,181.86,114.18,155.87,152.42,153.78,153.82,162.27,-0.2,1.55,160.86,146.71
PSX,Phillips 66,Energy,Oil & Gas Refining & Marketing,132.27,143.81,90.32,138.09,139.2,137.43,135.11,123.05,-0.2,9.59,144.95,129.91
PNW,Pinnacle West Capital,Utilities,Multi-Utilities,88.9,92.82,78.54,87.93,87.68,88.54,89.43,89.24,0.0,2.14,90.8,86.28
PNC,PNC Financial Services,Financials,Diversified Banks,210.62,211.49,145.61,210.71,205.65,197.81,189.18,182.39,0.0,2.77,216.45,179.16
POOL,Pool Corporation,Consumer Discretionary,Distributors,236.21,358.43,230.21,238.42,238.97,239.53,260.98,296.55,0.0,4.91,247.81,231.26
PPG,PPG Industries,Materials,Specialty Chemicals,103.97,121.09,89.82,103.54,101.96,100.3,99.26,106.0,-0.1,1.39,105.42,95.19
PPL,PPL Corporation,Utilities,Electric Utilities,34.42,37.66,30.6,34.02,33.8,34.73,35.93,35.0,-0.2,7.09,36.86,32.6
PFG,Principal Financial Group,Financials,Life & Health Insurance,89.26,91.54,67.57,90.24,88.57,85.86,82.86,78.9,0.2,3.1,92.03,79.69
PG,Procter & Gamble,Consumer Staples,Personal Care Products,147.78,172.77,138.34,144.34,142.83,145.32,147.33,155.81,0.0,2.89,152.05,138.59
PGR,Progressive Corporation,Financials,Property & Casualty Insurance,226.88,290.89,203.7,232.07,228.26,227.58,223.74,252.22,0.1,3.49,234.8,220.37
PLD,Prologis,Real Estate,Industrial REITs,128.36,129.65,87.44,128.78,127.84,126.61,123.63,110.66,0.0,2.12,131.08,122.14
PRU,Prudential Financial,Financials,Life & Health Insurance,115.52,117.6,91.53,116.4,113.65,110.07,105.3,103.08,0.0,2.87,118.84,101.3
PEG,Public Service Enterprise Group,Utilities,Electric Utilities,79.92,88.72,75.32,79.66,79.29,80.17,81.18,80.77,0.0,3.43,82.66,77.68
PTC,PTC Inc.,Information Technology,Application Software,174.91,216.53,136.74,175.58,175.49,174.32,186.31,181.77,0.0,2.18,178.72,169.91
PSA,Public Storage,Real Estate,Self-Storage REITs,267.57,311.8,260.94,269.75,271.0,270.86,282.5,286.91,0.0,3.93,278.09,263.63
PHM,PulteGroup,Consumer Discretionary,Homebuilding,122.67,140.9,91.48,125.36,125.62,124.3,121.9,114.38,-0.2,8.4,132.97,115.62
PWR,Quanta Services,Industrials,Construction & Engineering,414.74,466.91,236.5,443.64,452.08,449.52,442.56,368.64,-0.2,15.17,477.66,421.38
QCOM,Qualcomm,Information Technology,Semiconductors,172.73,186.73,122.59,177.53,177.03,171.31,170.62,156.71,0.4,6.98,184.79,157.84
DGX,Quest Diagnostics,Health Care,Health Care Services,178.21,192.35,148.06,180.41,181.28,184.55,183.39,176.04,0.2,8.29,192.98,176.12
Q,Qnity Electronics,Information Technology,Semiconductor Materials & Equipment,76.63,,,79.1,81.66,79.8,,,0.3,13.31,86.83,72.78
RL,Ralph Lauren Corporation,Consumer Discretionary,"Apparel, Accessories & Luxury Goods",366.45,371.7,181.18,366.56,362.83,356.45,338.17,284.79,0.2,4.89,384.37,328.54
RJF,Raymond James Financial,Financials,Investment Banking & Brokerage,160.92,175.92,122.89,163.31,163.02,158.97,160.6,154.59,0.0,4.39,167.98,149.97
RTX,RTX Corporation,Industrials,Aerospace & Defense,176.81,182.11,112.01,178.99,175.55,173.45,172.04,149.73,0.0,2.38,181.02,165.9
O,Realty Income,Real Estate,Retail REITs,57.77,60.07,48.92,57.65,57.6,57.25,57.62,56.34,-0.2,1.51,58.64,55.86
REG,Regency Centers,Real Estate,Retail REITs,68.02,74.66,63.5,67.49,67.43,68.56,69.4,69.73,-0.2,4.69,71.21,65.91
REGN,Regeneron Pharmaceuticals,Health Care,Biotechnology,750.51,787.32,481.73,744.5,728.32,740.4,666.72,598.51,0.0,5.59,792.46,688.36
RF,Regions Financial Corporation,Financials,Regional Banks,27.59,27.84,17.76,27.59,27.08,26.02,24.94,23.43,0.0,3.26,28.49,23.54
RSG,Republic Services,Industrials,Environmental & Facilities Services,215.24,256.75,198.59,212.66,213.11,214.67,214.88,232.61,0.0,2.46,220.53,208.81
RMD,ResMed,Health Care,Health Care Equipment,246.4,293.03,203.19,250.14,250.68,250.45,255.93,252.43,0.0,4.61,257.76,243.16
RVTY,Revvity,Health Care,Health Care Equipment,96.76,126.56,82.44,99.3,100.19,100.51,96.19,95.02,0.0,11.21,107.61,93.41
HOOD,Robinhood Markets,Financials,Investment Banking & Brokerage,116.81,152.46,34.17,118.87,127.12,123.65,130.72,93.56,0.0,21.85,142.33,104.96
ROK,Rockwell Automation,Industrials,Electrical Components & Equipment,390.08,413.05,216.41,402.21,403.23,394.96,374.36,324.48,0.2,7.18,418.09,371.83
ROL,"Rollins, Inc.",Industrials,Environmental & Facilities Services,60.18,61.5,45.1,59.58,59.88,60.16,58.34,56.3,0.0,3.21,62.11,58.2
ROP,Roper Technologies,Information Technology,Electronic Equipment & Instruments,453.12,591.12,439.64,446.44,445.42,444.78,461.73,527.71,0.0,-0.59,450.45,439.09
ROST,Ross Stores,Consumer Discretionary,Apparel Retail,182.63,184.28,121.95,182.91,180.53,176.7,165.36,145.44,0.0,3.66,189.31,164.1
RCL,Royal Caribbean Group,Consumer Discretionary,"Hotels, Resorts & Cruise Lines",286.5,364.72,176.89,282.76,269.18,265.8,278.03,277.71,0.0,0.58,288.16,243.45
SPGI,S&P Global,Financials,Financial Exchanges & Data,509.94,562.06,435.88,501.6,497.77,495.67,490.67,506.49,0.1,-0.81,505.81,485.51
CRM,Salesforce,Information Technology,Application Software,259.11,358.19,225.37,258.64,258.6,244.61,246.62,257.3,0.0,5.73,273.96,215.28
SNDK,Sandisk,Information Technology,"Technology Hardware, Storage & Peripherals",206.91,,,213.18,218.55,216.17,200.76,88.76,0.2,18.11,244.38,187.94
SBAC,SBA Communications,Real Estate,Telecom Tower REITs,191.27,239.71,186.46,191.78,190.79,191.63,193.08,212.21,0.0,2.96,196.93,186.32
SLB,Schlumberger,Energy,Oil & Gas Equipment & Services,38.51,42.4,31.19,38.96,38.79,37.33,35.87,35.14,0.2,5.45,40.61,34.05
STX,Seagate Technology,Information Technology,"Technology Hardware, Storage & Peripherals",277.75,307.85,65.98,289.39,285.86,272.78,256.33,164.76,0.0,10.82,307.8,237.76
SRE,Sempra,Utilities,Multi-Utilities,86.94,94.03,62.32,88.17,88.55,90.1,91.03,79.41,-0.2,8.11,93.99,86.21
NOW,ServiceNow,Information Technology,Systems Software,788.1,1170.39,721.65,813.39,832.22,824.41,868.11,910.4,-0.2,11.66,879.99,768.8
SHW,Sherwin-Williams,Materials,Specialty Chemicals,327.81,374.36,311.42,328.42,328.51,333.3,335.22,344.22,0.0,5.66,346.36,320.23
SPG,Simon Property Group,Real Estate,Retail REITs,184.14,185.39,135.26,182.94,181.45,181.24,178.73,165.85,0.0,0.61,185.26,177.21
SWKS,Skyworks Solutions,Information Technology,Semiconductors,64.89,90.17,47.71,66.5,67.74,66.22,69.75,69.21,0.2,10.09,71.44,61.0
SJM,J.M. Smucker Company (The),Consumer Staples,Packaged Foods & Meats,100.51,115.07,92.55,100.5,100.26,101.97,103.26,106.37,0.0,5.8,106.34,97.6
SW,Smurfit Westrock,Materials,Paper & Plastic Packaging Products & Materials,38.1,54.52,32.79,37.71,36.96,35.81,37.72,42.16,0.0,1.94,38.84,32.77
SNA,Snap-on,Industrials,Industrial Machinery & Supplies & Components,345.93,351.95,286.43,349.73,348.07,342.52,338.74,324.74,0.2,3.02,356.38,328.67
SOLS,Solstice Advanced Materials,Materials,Specialty Chemicals,48.73,,,49.15,48.3,47.08,,,-0.1,4.54,50.94,43.22
SOLV,Solventum,Health Care,Health Care Technology,79.97,85.77,63.01,81.64,82.35,82.97,76.21,73.45,-0.2,9.82,87.82,78.11
SO,Southern Company,Utilities,Electric Utilities,87.47,98.91,78.34,85.67,85.71,87.49,91.3,90.31,-0.2,4.64,91.53,83.45
LUV,Southwest Airlines,Industrials,Passenger Airlines,41.33,42.17,23.77,41.43,39.67,36.8,34.03,32.0,0.0,5.35,43.54,30.06
SWK,Stanley Black & Decker,Industrials,Industrial Machinery & Supplies & Components,71.58,86.37,53.89,74.15,73.55,70.82,68.72,68.87,0.3,10.28,78.94,62.69
SBUX,Starbucks,Consumer Discretionary,Restaurants,85.44,113.43,77.9,85.2,84.57,84.88,83.79,87.06,-0.1,2.42,87.51,82.25
STT,State Street Corporation,Financials,Asset Management & Custody Banks,127.31,129.6,74.25,128.14,126.53,121.64,118.24,104.46,0.2,4.12,132.56,110.73
STLD,Steel Dynamics,Materials,Steel,172.52,173.01,108.4,170.97,169.12,165.39,157.08,135.67,0.2,2.57,176.95,153.82
STE,Steris,Health Care,Health Care Equipment,251.33,267.99,200.94,252.54,256.45,259.26,251.42,238.58,0.2,7.16,269.33,249.18
SYK,Stryker Corporation,Health Care,Health Care Equipment,351.85,402.61,335.89,353.18,355.09,361.88,365.89,374.65,0.0,7.48,378.17,345.58
SMCI,Supermicro,Information Technology,"Technology Hardware, Storage & Peripherals",30.05,60.71,26.85,31.89,33.36,33.18,41.92,42.74,0.0,19.43,35.89,30.47
SYF,Synchrony Financial,Financials,Consumer Finance,83.04,85.66,43.2,83.9,82.56,79.32,75.35,65.85,0.2,4.89,87.1,71.54
SNPS,Synopsys,Information Technology,Application Software,456.27,645.35,380.9,460.9,464.24,439.53,435.88,488.42,0.3,10.16,502.63,376.45
SYY,Sysco,Consumer Staples,Food Distributors,75.57,82.73,67.09,74.94,74.01,74.72,75.82,75.47,0.2,2.09,77.15,72.29
TMUS,T-Mobile US,Communication Services,Wireless Telecommunication Services,199.7,269.54,195.16,196.87,200.31,204.22,211.68,234.87,-0.2,7.72,215.12,193.33
TROW,T. Rowe Price,Financials,Asset Management & Custody Banks,104.17,113.27,77.29,103.8,103.85,101.82,101.87,97.05,-0.2,2.75,107.03,96.61
TTWO,Take-Two Interactive,Communication Services,Interactive Home Entertainment,241.44,262.29,178.61,243.79,245.53,243.62,248.38,233.71,0.2,4.25,251.7,235.55
TPR,"Tapestry, Inc.",Consumer Discretionary,"Apparel, Accessories & Luxury Goods",122.56,123.58,59.9,122.09,118.84,112.73,111.16,93.85,0.2,3.54,126.9,98.56
TRGP,Targa Resources,Energy,Oil & Gas Storage & Transportation,181.98,212.51,145.33,181.92,181.66,177.06,165.89,167.73,-0.1,3.06,187.55,166.57
TGT,Target Corporation,Consumer Staples,Consumer Staples Merchandise Retail,98.18,136.48,83.68,97.49,95.25,91.71,90.95,94.7,0.1,2.29,100.43,82.99
TEL,TE Connectivity,Information Technology,Electronic Manufacturing Services,222.73,249.0,121.04,230.96,233.69,229.14,232.33,188.23,0.0,9.62,244.16,214.13
TDY,Teledyne Technologies,Information Technology,Electronic Equipment & Instruments,501.55,593.62,435.54,512.34,513.26,504.28,524.59,517.18,0.0,4.85,525.88,482.67
TER,Teradyne,Information Technology,Semiconductor Materials & Equipment,183.93,204.01,67.74,193.65,197.46,185.84,169.8,114.32,-0.2,17.52,216.15,155.54
TSLA,"Tesla, Inc.",Consumer Discretionary,Automobile Manufacturers,469.17,489.88,221.86,468.04,458.59,438.82,437.95,349.0,0.0,4.27,489.2,388.41
TXN,Texas Instruments,Information Technology,Semiconductors,174.34,217.72,142.07,178.19,179.57,172.41,168.91,179.44,0.3,9.69,191.23,153.6
TPL,Texas Pacific Land Corporation,Energy,Oil & Gas Exploration & Production,890.18,1423.41,820.69,866.66,887.78,882.87,918.51,1061.75,-0.2,5.32,937.54,828.24
TXT,Textron,Industrials,Aerospace & Defense,87.12,87.94,60.68,87.08,85.53,83.77,82.38,78.22,0.2,1.48,88.41,79.13
TMO,Thermo Fisher Scientific,Health Care,Life Sciences Tools & Services,562.61,604.6,389.62,571.8,571.0,577.67,565.93,481.86,-0.2,5.99,596.31,559.04
TJX,TJX Companies,Consumer Discretionary,Apparel Retail,155.32,156.71,111.77,155.67,153.94,151.89,146.49,132.51,0.2,1.8,158.12,145.66
TKO,TKO Group Holdings,Communication Services,Movies & Entertainment,212.2,212.2,137.6,208.3,203.87,195.73,189.68,173.7,0.0,1.8,216.02,175.42
TTD,Trade Desk (The),Communication Services,Advertising,37.19,135.02,36.19,36.74,38.11,38.71,44.77,58.13,0.0,10.67,41.16,36.26
TSCO,Tractor Supply,Consumer Discretionary,Other Specialty Retail,53.49,62.38,47.42,52.57,52.99,53.25,54.03,54.32,0.0,2.86,55.02,51.49
TT,Trane Technologies,Industrials,Building Products,381.86,471.46,313.81,393.45,396.95,404.34,416.58,405.76,-0.4,10.97,423.75,384.93
TDG,TransDigm Group,Industrials,Aerospace & Defense,1258.46,1516.55,1152.5,1286.65,1310.83,1328.19,1313.89,1325.6,-0.3,10.2,1386.82,1269.62
TRV,Travelers Companies (The),Financials,Property & Casualty Insurance,290.65,293.36,228.7,287.81,283.57,286.15,278.46,266.86,0.2,1.8,295.88,276.42
TRMB,Trimble Inc.,Information Technology,Electronic Equipment & Instruments,79.0,85.24,55.12,80.65,81.48,80.56,79.56,75.35,0.0,7.84,85.19,75.93
TFC,Truist Financial,Financials,Diversified Banks,50.08,50.08,33.53,49.82,48.94,47.45,45.11,42.14,0.0,1.84,51.0,43.89
TYL,Tyler Technologies,Information Technology,Application Software,451.08,646.74,447.0,451.54,456.91,461.31,478.01,542.65,-0.2,5.62,476.43,446.19
TSN,Tyson Foods,Consumer Staples,Packaged Foods & Meats,58.51,62.13,50.27,59.14,57.86,56.86,53.99,55.3,0.1,4.31,61.03,52.7
USB,U.S. Bancorp,Financials,Diversified Banks,53.72,53.72,35.62,53.58,52.71,50.64,48.39,44.96,0.0,3.15,55.41,45.87
UBER,Uber,Industrials,Passenger Ground Transportation,79.19,100.1,60.21,82.5,86.06,86.14,90.93,87.61,-0.2,17.89,93.36,78.91
UDR,"UDR, Inc.",Real Estate,Multi-Family Residential REITs,36.49,44.54,33.56,35.72,35.45,35.52,35.34,38.67,-0.1,0.66,36.73,34.32
ULTA,Ulta Beauty,Consumer Discretionary,Other Specialty Retail,586.62,602.97,314.47,592.42,589.05,557.49,538.92,474.37,0.2,7.59,631.14,483.83
UNP,Union Pacific Corporation,Industrials,Rail Transportation,236.82,248.49,204.53,237.85,236.29,231.66,225.5,223.58,0.2,2.8,243.45,219.87
UAL,United Airlines Holdings,Industrials,Passenger Airlines,110.49,112.48,56.15,109.18,107.35,102.96,99.41,88.1,0.2,4.5,115.46,90.46
UPS,United Parcel Service,Industrials,Air Freight & Logistics,101.13,127.5,81.17,100.54,98.45,96.55,92.19,92.96,0.1,1.24,102.38,90.72
URI,United Rentals,Industrials,Trading Companies & Distributors,791.03,1017.86,548.35,813.52,806.08,804.04,868.51,789.16,0.0,5.12,831.53,776.52
UNH,UnitedHealth Group,Health Care,Managed Health Care,331.82,587.56,234.7,337.14,332.12,326.63,337.05,351.61,-0.2,3.99,345.06,308.19
UHS,Universal Health Services,Health Care,Health Care Facilities,224.5,243.98,154.65,223.69,226.17,231.04,221.29,190.35,-0.2,9.28,245.33,216.76
VLO,Valero Energy,Energy,Oil & Gas Refining & Marketing,162.91,184.27,102.32,166.77,170.78,173.36,170.32,143.91,0.0,12.16,182.72,163.99
VTR,Ventas,Real Estate,Health Care REITs,78.78,81.0,55.68,78.15,79.28,79.56,75.17,68.14,0.2,3.49,81.53,77.59
VLTO,Veralto,Industrials,Environmental & Facilities Services,100.01,109.64,85.14,99.41,99.79,100.1,100.59,100.64,0.0,3.75,103.76,96.44
VRSN,Verisign,Information Technology,Internet Services & Infrastructure,244.56,304.16,189.78,243.02,245.67,248.33,250.28,264.42,-0.2,4.87,256.47,240.17
VRSK,Verisk Analytics,Industrials,Research & Consulting Services,219.61,319.65,207.57,217.6,217.85,220.45,223.94,270.76,0.0,3.33,226.92,213.97
VZ,Verizon,Communication Services,Integrated Telecommunication Services,40.74,44.3,36.0,40.68,40.77,40.78,40.36,41.7,-0.1,2.23,41.65,39.92
VRTX,Vertex Pharmaceuticals,Health Care,Biotechnology,449.65,513.76,366.54,450.18,450.59,439.49,427.97,441.66,-0.1,3.44,465.12,413.85
VTRS,Viatris,Health Care,Pharmaceuticals,11.68,11.98,7.0,11.61,11.36,10.95,10.52,9.32,0.2,2.23,11.94,9.97
VICI,Vici Properties,Real Estate,Hotel & Resort REITs,28.29,33.46,27.08,28.4,28.11,28.42,29.73,31.23,-0.2,3.36,29.24,27.6
V,Visa Inc.,Financials,Transaction & Payment Processing Services,345.07,371.92,304.76,346.11,336.79,333.27,337.46,343.26,0.0,1.2,349.21,317.33
VST,Vistra Corp.,Utilities,Electric Utilities,160.05,217.92,97.84,169.29,168.58,171.34,183.79,171.72,0.0,13.2,181.18,161.5
VMC,Vulcan Materials Company,Materials,Construction Materials,285.44,308.54,219.27,294.03,293.81,291.6,292.68,272.45,-0.2,5.47,301.05,282.15
WRB,W. R. Berkley Corporation,Financials,Property & Casualty Insurance,69.04,78.46,56.11,68.73,68.64,72.63,74.19,71.21,-0.2,17.83,81.35,63.9
GWW,W. W. Grainger,Industrials,Industrial Machinery & Supplies & Components,1019.68,1129.76,913.57,1025.25,998.4,971.33,960.7,997.24,0.1,2.2,1042.11,900.55
WAB,Wabtec,Industrials,Construction Machinery & Heavy Transportation Equipment,212.1,217.77,159.62,214.91,213.88,208.51,203.45,195.4,0.2,4.51,221.67,195.35
WMT,Walmart,Consumer Staples,Consumer Staples Merchandise Retail,115.56,116.79,81.24,115.95,115.03,111.51,106.76,98.6,0.2,4.43,120.68,102.34
DIS,Walt Disney Company (The),Communication Services,Movies & Entertainment,110.66,123.18,80.83,110.87,108.5,106.01,108.63,108.72,0.0,1.63,112.46,99.56
WBD,Warner Bros. Discovery,Communication Services,Broadcasting,28.32,29.98,7.69,29.28,28.2,25.89,22.86,14.46,0.2,10.06,31.17,20.62
WM,Waste Management,Industrials,Environmental & Facilities Services,220.03,239.43,196.01,216.98,214.05,214.56,210.7,222.17,-0.1,0.21,220.49,208.62
WAT,Waters Corporation,Health Care,Life Sciences Tools & Services,376.62,417.28,277.72,385.72,389.63,392.04,368.48,339.16,-0.2,9.6,412.78,371.3
WEC,WEC Energy Group,Utilities,Electric Utilities,104.95,116.56,89.09,104.41,104.71,107.52,110.93,107.0,-0.2,8.3,113.66,101.37
WFC,Wells Fargo,Financials,Diversified Banks,92.5,92.9,59.98,92.59,91.26,88.23,85.93,77.97,0.2,2.82,95.11,81.35
WELL,Welltower,Real Estate,Health Care REITs,189.98,208.22,121.65,188.51,193.85,198.16,187.52,163.37,0.0,11.47,211.77,184.54
WST,West Pharmaceutical Services,Health Care,Health Care Supplies,269.18,346.74,189.89,269.4,272.84,271.59,273.51,240.39,0.0,6.42,286.46,256.73
WDC,Western Digital,Information Technology,"Technology Hardware, Storage & Peripherals",166.4,187.2,30.42,175.31,172.77,163.32,149.22,85.38,0.2,12.77,187.65,138.99
WY,Weyerhaeuser,Real Estate,Timber REITs,23.82,30.38,21.15,23.41,22.76,22.24,22.7,25.03,0.0,0.08,23.84,20.64
WSM,"Williams-Sonoma, Inc.",Consumer Discretionary,Homefurnishing Retail,185.38,215.07,135.95,186.54,182.7,180.39,186.53,176.71,0.0,1.99,189.07,171.71
WMB,Williams Companies,Energy,Oil & Gas Storage & Transportation,58.85,63.95,50.27,59.38,60.48,60.02,59.84,58.27,0.2,6.37,62.6,57.45
WTW,Willis Towers Watson,Financials,Insurance Brokers,329.14,349.93,294.27,326.05,323.01,320.69,324.9,320.07,-0.2,0.3,330.13,311.25
WDAY,"Workday, Inc.",Information Technology,Application Software,216.53,278.35,210.47,219.21,219.86,219.85,228.23,235.92,0.2,6.41,230.41,209.29
WYNN,Wynn Resorts,Consumer Discretionary,Casinos & Gaming,125.32,133.09,65.64,125.22,125.23,125.68,123.09,105.02,0.0,6.96,134.04,117.32
XEL,Xcel Energy,Utilities,Multi-Utilities,73.32,82.11,61.84,74.52,75.36,77.68,79.6,72.55,0.0,13.04,82.88,72.48
XYL,Xylem Inc.,Industrials,Industrial Machinery & Supplies & Components,136.67,152.52,101.96,137.94,138.33,139.2,144.08,132.76,-0.2,4.09,142.26,136.14
YUM,Yum! Brands,Consumer Discretionary,Restaurants,153.47,160.2,120.91,151.5,147.78,149.07,146.44,146.5,0.1,1.71,156.09,142.05
ZBRA,Zebra Technologies,Information Technology,Electronic Equipment & Instruments,253.8,421.11,213.54,265.02,264.19,253.64,268.47,288.16,0.0,10.19,279.66,227.61
ZBH,Zimmer Biomet,Health Care,Health Care Equipment,91.43,112.61,87.55,92.06,92.59,93.01,95.36,98.17,0.0,7.0,97.83,88.19
ZTS,Zoetis,Health Care,Pharmaceuticals,123.15,173.89,115.75,120.74,119.47,121.53,129.8,148.5,-0.2,5.12,129.46,113.61
