Symbol,Company,GICS_Sector,GICS_Sub_Industry,Current_Price,52_Week_High,52_Week_Low,SMA_5,SMA_10,SMA_20,SMA_50,SMA_100,SMA_125,SMA_200
MMM,3M,Industrials,Industrial Conglomerates,162.17,174.69,120.31,165.71,166.0,167.92,164.25,158.92,157.48,151.76
AOS,A. O. Smith,Industrials,Building Products,68.02,76.52,57.94,68.42,67.88,66.59,66.88,69.32,69.02,67.52
ABT,Abbott Laboratories,Health Care,Health Care Equipment,126.38,139.33,109.21,126.09,124.68,125.87,127.13,129.32,129.49,129.6
ABBV,AbbVie,Health Care,Biotechnology,225.13,243.06,160.33,224.71,224.96,227.23,226.77,218.67,212.2,203.27
ACN,Accenture,Information Technology,IT Consulting & Other Services,274.92,394.41,229.4,272.84,270.9,259.59,251.47,250.42,258.32,276.92
ADBE,Adobe Inc.,Information Technology,Application Software,354.86,473.62,311.59,352.15,346.23,333.27,336.83,344.75,350.8,365.87
AMD,Advanced Micro Devices,Information Technology,Semiconductors,198.15,267.08,76.48,209.42,214.52,214.21,230.82,199.17,188.99,157.53
AES,AES Corporation,Utilities,Independent Power Producers & Energy Traders,13.47,15.32,9.16,13.76,13.82,13.83,14.0,13.53,13.21,12.28
AFL,Aflac,Financials,Life & Health Insurance,110.32,115.24,95.64,110.04,109.2,109.66,109.6,107.78,106.59,105.77
A,Agilent Technologies,Health Care,Life Sciences Tools & Services,136.81,160.27,96.03,140.59,142.91,146.56,145.18,134.02,130.84,123.95
APD,Air Products,Materials,Industrial Gases,245.04,334.71,229.11,243.81,244.49,251.0,253.18,268.87,272.63,273.53
ABNB,Airbnb,Consumer Discretionary,"Hotels, Resorts & Cruise Lines",133.98,163.93,99.88,130.84,127.43,121.93,122.81,124.01,126.54,126.51
AKAM,Akamai Technologies,Information Technology,Internet Services & Infrastructure,88.06,103.75,67.51,86.73,86.12,87.23,81.61,78.96,79.03,78.86
ALB,Albemarle Corporation,Materials,Specialty Chemicals,134.64,138.69,48.7,132.97,129.7,126.66,110.03,94.59,89.68,79.37
ARE,Alexandria Real Estate Equities,Real Estate,Office REITs,47.55,100.23,44.1,46.79,46.47,49.14,59.02,69.39,70.62,73.28
ALGN,Align Technology,Health Care,Health Care Supplies,160.57,237.23,122.0,163.1,161.08,152.9,141.95,140.2,151.16,159.46
ALLE,Allegion,Industrials,Building Products,160.75,180.68,116.14,161.8,160.56,162.1,166.74,169.05,165.22,153.33
LNT,Alliant Energy,Utilities,Electric Utilities,65.57,69.59,54.52,65.24,65.35,66.71,67.17,65.97,65.05,63.36
ALL,Allstate,Financials,Property & Casualty Insurance,208.81,214.88,173.06,208.85,205.6,208.22,202.87,203.35,201.35,200.21
GOOGL,Alphabet Inc. (Class A),Communication Services,Interactive Media & Services,297.41,328.62,140.14,306.78,312.34,311.79,284.92,253.87,239.16,210.58
GOOG,Alphabet Inc. (Class C),Communication Services,Interactive Media & Services,298.55,328.46,142.27,307.96,313.31,312.4,285.54,254.51,239.86,211.67
MO,Altria,Consumer Staples,Tobacco,59.21,67.51,47.59,59.02,58.64,58.56,60.22,62.43,61.55,59.64
AMZN,Amazon,Consumer Discretionary,Broadline Retail,222.06,258.6,161.38,224.73,226.89,227.42,229.26,227.71,226.78,215.42
AMCR,Amcor,Materials,Paper & Plastic Packaging Products & Materials,8.36,10.3,7.67,8.3,8.27,8.37,8.25,8.44,8.65,8.89
AEE,Ameren,Utilities,Multi-Utilities,98.81,105.97,83.94,98.14,98.77,101.13,102.42,101.14,100.01,98.37
AEP,American Electric Power,Utilities,Electric Utilities,114.75,124.8,86.88,114.7,115.5,118.32,118.51,114.33,112.21,108.44
AXP,American Express,Financials,Consumer Finance,375.68,387.49,219.32,381.29,374.97,366.4,357.08,338.28,333.26,311.15
AIG,American International Group,Financials,Multi-line Insurance,86.15,86.64,67.79,84.68,80.95,78.3,78.36,78.52,79.13,80.1
AMT,American Tower,Real Estate,Telecom Tower REITs,179.07,232.28,168.28,180.09,179.71,179.59,182.65,191.13,197.1,202.06
AWK,American Water Works,Utilities,Water Utilities,134.16,152.71,115.89,132.53,130.64,130.45,133.15,136.47,137.1,138.61
AMP,Ameriprise Financial,Financials,Asset Management & Custody Banks,487.73,574.69,392.21,491.61,486.14,469.52,468.32,484.34,493.19,490.91
AME,Ametek,Industrials,Electrical Components & Equipment,199.49,204.43,144.31,202.01,200.46,197.85,193.21,189.09,187.16,181.48
AMGN,Amgen,Health Care,Biotechnology,326.51,346.38,245.31,322.74,323.42,331.61,315.63,300.05,297.89,293.27
APH,Amphenol,Information Technology,Electronic Components,126.31,144.09,56.16,130.58,134.77,135.92,134.17,124.19,119.25,103.0
ADI,Analog Devices,Information Technology,Semiconductors,270.85,284.23,156.76,278.48,278.59,264.96,247.33,243.41,242.05,227.96
AON,Aon plc,Financials,Insurance Brokers,351.76,411.24,322.37,349.02,347.21,347.81,346.96,355.35,355.37,361.19
APA,APA Corporation,Energy,Oil & Gas Exploration & Production,24.73,27.72,13.04,25.17,25.85,25.28,24.06,22.99,22.12,20.35
APO,Apollo Global Management,Financials,Asset Management & Custody Banks,146.59,176.93,101.44,147.79,144.42,137.45,130.52,133.74,135.97,134.56
AAPL,Apple Inc.,Information Technology,"Technology Hardware, Storage & Peripherals",273.3,288.62,168.63,275.67,277.17,277.03,268.76,251.46,242.93,229.17
AMAT,Applied Materials,Information Technology,Semiconductor Materials & Equipment,248.22,276.1,122.8,259.53,264.55,254.44,238.07,209.36,205.16,185.93
APTV,Aptiv,Consumer Discretionary,Automotive Parts & Equipment,76.64,88.8,47.19,78.02,77.49,76.49,80.2,79.31,77.44,71.58
ACGL,Arch Capital Group,Financials,Property & Casualty Insurance,96.0,97.4,82.45,94.54,93.24,92.97,90.65,90.33,90.13,91.06
ADM,Archer Daniels Midland,Consumer Staples,Agricultural Products & Services,58.58,64.46,39.88,59.34,58.93,59.21,59.66,59.6,58.34,54.05
ANET,Arista Networks,Information Technology,Communications Equipment,122.42,164.94,59.43,126.72,128.22,126.64,137.97,138.17,131.68,114.02
AJG,Arthur J. Gallagher & Co.,Financials,Insurance Brokers,251.21,348.85,236.34,249.49,245.44,246.94,261.91,279.26,286.18,302.27
AIZ,Assurant,Financials,Multi-line Insurance,237.06,237.96,172.97,232.19,227.52,226.33,220.08,214.37,209.38,204.83
T,AT&T,Communication Services,Integrated Telecommunication Services,24.39,29.47,20.72,24.33,24.61,25.14,25.3,26.75,26.88,26.81
ATO,Atmos Energy,Utilities,Gas Utilities,170.05,179.62,133.05,168.85,168.66,171.02,173.27,168.47,165.39,160.25
ADSK,Autodesk,Information Technology,Application Software,292.63,329.09,232.67,296.39,300.39,298.47,301.87,304.71,304.0,293.51
ADP,Automatic Data Processing,Industrials,Human Resource & Employment Services,265.46,324.5,245.59,264.33,261.06,256.81,263.46,279.54,283.94,290.05
AZO,AutoZone,Consumer Discretionary,Automotive Retail,3398.32,4388.11,3162.0,3438.94,3594.45,3741.21,3812.88,3969.47,3916.46,3827.03
AVB,AvalonBay Communities,Real Estate,Multi-Family Residential REITs,181.75,224.32,166.73,177.78,178.08,178.98,180.73,185.44,188.47,193.88
AVY,Avery Dennison,Materials,Paper & Plastic Packaging Products & Materials,183.89,193.31,154.46,181.89,178.76,173.97,171.18,169.15,170.84,171.81
AXON,Axon Enterprise,Industrials,Aerospace & Defense,551.24,885.92,469.24,560.68,557.31,544.36,617.73,687.29,702.78,677.87
BKR,Baker Hughes,Energy,Oil & Gas Equipment & Services,45.37,51.12,33.06,46.32,47.45,48.43,47.61,46.59,45.23,42.74
BALL,Ball Corporation,Materials,"Metal, Glass & Plastic Containers",52.0,59.82,43.01,51.09,49.57,49.16,48.4,50.02,51.54,51.42
BAC,Bank of America,Financials,Diversified Banks,54.53,56.07,32.53,54.87,54.37,53.36,52.4,50.71,49.95,46.56
BAX,Baxter International,Health Care,Health Care Equipment,19.32,37.25,17.39,19.19,18.75,18.61,19.83,21.74,23.23,26.14
BDX,Becton Dickinson,Health Care,Health Care Equipment,195.33,246.65,160.6,198.63,195.55,193.44,188.32,187.96,185.32,187.96
BBY,Best Buy,Consumer Discretionary,Computer & Electronics Retail,71.57,87.0,52.85,72.66,72.68,74.18,76.56,73.89,72.59,70.43
TECH,Bio-Techne,Health Care,Life Sciences Tools & Services,57.22,78.83,45.8,58.42,59.73,61.22,61.03,57.61,56.67,55.18
BIIB,Biogen,Health Care,Biotechnology,171.73,185.17,110.04,173.11,176.27,176.78,162.06,150.49,146.29,139.8
BLK,BlackRock,Financials,Asset Management & Custody Banks,1066.85,1214.03,762.34,1080.47,1075.28,1047.97,1085.93,1104.08,1095.37,1031.86
BX,Blackstone Inc.,Financials,Asset Management & Custody Banks,153.08,188.42,113.15,152.16,152.83,148.44,149.49,160.67,160.08,151.08
XYZ,"Block, Inc.",Financials,Transaction & Payment Processing Services,63.82,95.78,44.27,64.15,63.0,62.94,68.84,72.44,72.08,66.67
BK,BNY Mellon,Financials,Asset Management & Custody Banks,113.64,119.4,69.31,116.13,115.74,112.77,109.81,107.02,104.36,96.37
BA,Boeing,Industrials,Aerospace & Defense,206.58,242.69,128.88,204.78,203.3,195.48,202.57,213.52,215.02,202.65
BKNG,Booking Holdings,Consumer Discretionary,"Hotels, Resorts & Cruise Lines",5346.88,5818.24,4074.35,5364.57,5268.78,5065.94,5066.56,5281.77,5355.69,5194.54
BSX,Boston Scientific,Health Care,Health Care Equipment,94.04,109.5,85.98,92.7,93.78,96.44,98.57,100.57,101.34,101.03
BMY,Bristol Myers Squibb,Health Care,Pharmaceuticals,53.63,61.0,42.38,53.15,52.34,50.25,47.25,46.47,46.47,48.01
AVGO,Broadcom,Information Technology,Semiconductors,327.13,414.61,137.54,354.91,376.62,375.97,361.95,340.79,327.83,281.63
BR,Broadridge Financial Solutions,Industrials,Data Processing & Outsourced Services,228.64,269.71,209.84,229.18,228.38,227.54,226.73,237.83,238.08,236.49
BRO,Brown & Brown,Financials,Insurance Brokers,80.59,125.05,76.17,81.01,79.66,79.83,82.82,88.3,91.91,100.18
BLDR,Builders FirstSource,Industrials,Building Products,103.34,175.12,94.35,105.91,107.26,106.9,112.43,122.88,123.62,121.79
BG,Bunge Global,Consumer Staples,Agricultural Products & Services,93.21,98.82,65.12,92.57,92.95,94.06,92.95,86.98,84.94,81.39
BXP,"BXP, Inc.",Real Estate,Office REITs,69.72,78.59,52.95,70.8,70.25,70.58,71.12,70.91,70.45,68.35
CHRW,C.H. Robinson,Industrials,Air Freight & Logistics,159.74,162.14,83.39,158.66,157.22,156.37,145.65,135.38,127.73,115.0
CDNS,Cadence Design Systems,Information Technology,Application Software,313.02,376.45,221.56,324.89,330.78,318.72,326.28,339.69,334.65,313.95
CZR,Caesars Entertainment,Consumer Discretionary,Casinos & Gaming,23.9,40.0,18.25,24.0,23.68,22.69,21.81,23.92,25.05,25.86
CPT,Camden Property Trust,Real Estate,Multi-Family Residential REITs,107.81,123.08,97.17,105.25,104.22,104.71,103.11,105.03,106.52,109.46
CPB,Campbell's Company (The),Consumer Staples,Packaged Foods & Meats,28.78,42.36,27.85,28.58,28.86,29.69,30.26,31.23,31.17,32.8
COF,Capital One,Financials,Consumer Finance,239.48,244.82,141.84,239.61,235.76,225.08,218.89,218.46,217.53,203.46
CAH,Cardinal Health,Health Care,Health Care Distributors,199.26,214.93,112.98,198.73,198.83,204.18,187.41,169.57,167.99,157.87
KMX,CarMax,Consumer Discretionary,Automotive Retail,41.23,91.25,30.26,41.09,40.27,38.6,39.59,47.98,51.48,58.01
CCL,Carnival,Consumer Discretionary,"Hotels, Resorts & Cruise Lines",28.06,32.8,15.07,28.06,26.98,26.36,27.27,28.81,28.77,25.78
CARR,Carrier Global,Industrials,Building Products,52.33,80.78,50.3,53.09,53.35,53.26,55.55,59.53,62.68,64.1
CAT,Caterpillar Inc.,Industrials,Construction Machinery & Heavy Transportation Equipment,561.93,627.5,264.29,592.83,597.27,582.0,558.1,498.2,478.6,422.27
CBOE,Cboe Global Markets,Financials,Financial Exchanges & Data,251.73,262.98,186.22,250.32,251.46,253.42,248.85,245.19,243.18,234.47
CBRE,CBRE Group,Real Estate,Real Estate Services,159.85,171.0,108.45,159.89,158.98,158.76,156.4,158.01,154.6,144.02
CDW,CDW Corporation,Information Technology,Technology Distributors,143.48,219.61,135.03,145.63,146.16,144.01,147.4,155.76,160.13,162.64
COR,Cencora,Health Care,Health Care Distributors,342.95,377.54,222.21,345.1,341.87,351.88,344.08,319.43,314.33,301.44
CNC,Centene Corporation,Health Care,Managed Health Care,38.79,66.81,25.08,39.9,39.13,38.54,36.94,33.66,34.32,43.65
CNP,CenterPoint Energy,Utilities,Multi-Utilities,38.31,40.28,29.87,37.95,38.02,38.68,39.01,38.51,38.05,37.31
CF,CF Industries,Materials,Fertilizers & Agricultural Chemicals,79.06,103.22,66.16,78.64,78.14,78.35,81.92,84.28,85.99,84.21
CRL,Charles River Laboratories,Health Care,Life Sciences Tools & Services,196.69,200.58,91.86,195.87,190.55,180.79,178.21,168.96,166.56,156.89
SCHW,Charles Schwab Corporation,Financials,Investment Banking & Brokerage,96.58,99.14,65.3,96.14,95.2,93.42,93.81,94.41,93.89,88.96
CHTR,Charter Communications,Communication Services,Cable & Satellite,210.38,437.06,193.0,209.97,207.8,203.22,222.96,245.09,274.17,312.78
CVX,Chevron Corporation,Energy,Integrated Oil & Gas,149.68,163.27,127.59,149.39,149.78,150.15,151.52,152.68,151.44,147.61
CMG,Chipotle Mexican Grill,Consumer Discretionary,Restaurants,37.13,65.35,29.75,35.95,34.91,33.88,35.47,38.43,41.5,44.81
CB,Chubb Limited,Financials,Property & Casualty Insurance,312.72,313.46,250.52,310.16,303.55,299.76,289.56,282.51,281.84,284.21
CHD,Church & Dwight,Consumer Staples,Household Products,86.46,115.32,81.05,84.58,83.95,83.85,85.13,88.34,89.95,94.02
CI,Cigna,Health Care,Health Care Services,274.56,344.64,238.17,274.96,269.75,271.26,277.92,284.14,288.62,299.2
CINF,Cincinnati Financial,Financials,Property & Casualty Insurance,167.01,169.86,121.6,165.43,163.81,164.64,161.18,157.19,155.12,149.97
CTAS,Cintas,Industrials,Diversified Support Services,187.59,228.23,179.31,188.0,186.25,185.29,186.48,198.11,202.17,204.81
CSCO,Cisco,Information Technology,Communications Equipment,76.17,80.82,51.49,77.81,78.34,77.48,74.12,70.93,70.31,66.46
C,Citigroup,Financials,Diversified Banks,111.35,113.52,54.39,111.79,110.51,106.04,101.73,98.99,96.7,86.64
CFG,Citizens Financial Group,Financials,Regional Banks,58.62,59.31,31.67,58.39,57.34,55.38,52.64,51.48,50.41,45.97
CLX,Clorox,Consumer Staples,Household Products,101.41,160.33,98.2,101.96,102.47,103.64,108.75,114.94,116.55,123.26
CME,CME Group,Financials,Financial Exchanges & Data,273.08,286.76,220.42,270.89,270.72,273.3,270.72,269.3,270.05,268.23
CMS,CMS Energy,Utilities,Multi-Utilities,70.28,75.54,62.07,70.11,70.43,72.13,72.98,72.28,71.74,71.27
KO,Coca-Cola Company (The),Consumer Staples,Soft Drinks & Non-alcoholic Beverages,70.69,72.91,58.88,70.33,70.27,70.95,69.61,68.49,68.57,68.92
CTSH,Cognizant,Information Technology,IT Consulting & Other Services,83.79,89.37,64.7,83.85,82.5,79.31,73.6,71.56,72.58,74.03
COIN,Coinbase,Financials,Financial Exchanges & Data,244.41,444.65,142.58,256.78,265.44,261.91,301.36,313.27,325.72,283.88
CL,Colgate-Palmolive,Consumer Staples,Household Products,79.7,98.37,74.55,78.73,78.02,78.74,78.18,80.33,81.92,85.07
CMCSA,Comcast,Communication Services,Cable & Satellite,30.34,38.29,25.75,28.62,27.86,27.35,28.09,30.2,31.1,32.27
CAG,Conagra Brands,Consumer Staples,Packaged Foods & Meats,17.93,27.05,16.6,17.79,17.46,17.51,17.59,18.08,18.31,20.15
COP,ConocoPhillips,Energy,Oil & Gas Exploration & Production,95.03,103.48,77.84,94.48,94.23,91.32,89.17,91.45,91.43,90.9
ED,Consolidated Edison,Utilities,Multi-Utilities,100.18,112.03,84.37,98.33,97.11,98.1,98.79,98.87,98.88,100.84
STZ,Constellation Brands,Consumer Staples,Distillers & Vintners,140.32,235.71,126.45,144.89,142.83,138.17,136.12,144.07,148.52,159.76
CEG,Constellation Energy,Utilities,Electric Utilities,341.17,412.23,160.75,358.9,360.19,357.82,364.56,346.21,340.38,305.29
COO,Cooper Companies (The),Health Care,Health Care Supplies,82.33,100.24,61.78,81.82,80.48,78.14,74.0,71.83,72.01,74.5
CPRT,Copart,Industrials,Diversified Support Services,39.1,63.85,38.18,38.86,38.78,39.18,41.54,44.19,44.85,49.07
GLW,Corning Inc.,Information Technology,Electronic Components,85.4,96.64,36.82,88.82,88.91,85.59,85.75,78.54,73.38,63.07
CPAY,Corpay,Financials,Transaction & Payment Processing Services,308.99,400.81,252.84,313.19,308.95,299.57,287.29,298.83,305.35,314.91
CTVA,Corteva,Materials,Fertilizers & Agricultural Chemicals,66.34,77.02,53.0,65.97,65.82,65.74,64.18,67.41,68.69,67.0
CSGP,CoStar Group,Real Estate,Real Estate Services,64.89,97.43,62.0,65.59,66.63,67.18,70.39,79.59,80.59,79.58
COST,Costco,Consumer Staples,Consumer Staples Merchandise Retail,862.68,1073.82,844.06,870.52,879.35,891.75,912.78,931.94,938.97,952.69
CTRA,Coterra,Energy,Oil & Gas Exploration & Production,25.95,29.04,21.87,26.21,26.64,26.4,25.08,24.37,24.41,24.75
CRWD,CrowdStrike,Information Technology,Systems Software,473.79,566.9,298.0,494.44,505.01,506.87,516.55,482.23,483.08,455.2
CCI,Crown Castle,Real Estate,Telecom Tower REITs,88.39,113.13,80.07,89.29,89.07,88.84,91.4,94.25,95.84,96.52
CSX,CSX Corporation,Industrials,Rail Transportation,36.69,37.54,25.91,37.04,36.75,35.72,35.56,34.84,34.57,32.69
CMI,Cummins,Industrials,Construction Machinery & Heavy Transportation Equipment,497.29,526.5,256.13,512.51,511.63,500.22,461.43,430.88,412.06,373.37
CVS,CVS Health,Health Care,Health Care Services,78.12,85.15,41.77,79.27,78.25,78.07,78.86,74.71,72.52,69.37
DHR,Danaher Corporation,Health Care,Life Sciences Tools & Services,223.15,256.97,170.43,227.02,226.66,226.54,219.02,209.55,207.3,203.35
DRI,Darden Restaurants,Consumer Discretionary,Restaurants,189.83,224.86,154.97,185.47,181.75,178.48,180.09,190.37,194.34,196.59
DDOG,Datadog,Information Technology,Application Software,137.0,201.69,81.63,143.0,147.75,153.85,161.93,149.5,147.72,132.68
DVA,DaVita,Health Care,Health Care Services,118.65,179.6,113.97,119.13,118.23,118.44,122.1,128.35,131.17,135.75
DAY,Dayforce,Industrials,Human Resource & Employment Services,69.29,78.06,48.01,69.24,69.15,69.08,68.75,66.75,64.81,61.95
DECK,Deckers Brands,Consumer Discretionary,Footwear,102.39,223.98,78.91,102.62,101.18,94.2,91.43,100.72,101.38,106.05
DE,Deere & Company,Industrials,Agricultural & Farm Machinery,481.46,530.24,398.95,483.13,477.19,477.45,470.34,476.04,482.43,482.0
DELL,Dell Technologies,Information Technology,"Technology Hardware, Storage & Peripherals",127.78,168.08,65.33,132.12,135.78,131.92,142.67,137.43,134.87,121.0
DAL,Delta Air Lines,Industrials,Passenger Airlines,69.9,72.34,34.41,70.54,69.16,65.55,61.57,59.77,58.34,53.64
DVN,Devon Energy,Energy,Oil & Gas Exploration & Production,36.98,38.23,25.37,36.56,37.02,36.6,34.48,34.27,33.93,33.23
DXCM,Dexcom,Health Care,Health Care Equipment,65.76,93.25,54.11,66.75,66.4,64.26,64.07,69.87,72.89,74.21
FANG,Diamondback Energy,Energy,Oil & Gas Exploration & Production,154.91,175.92,111.64,154.35,156.58,153.71,147.0,144.31,143.33,141.84
DLR,Digital Realty,Real Estate,Data Center REITs,148.65,182.18,127.13,152.36,156.71,156.83,163.84,165.94,167.04,162.74
DG,Dollar General,Consumer Staples,Consumer Staples Merchandise Retail,137.02,137.6,65.27,134.07,130.37,117.94,108.36,107.8,108.47,102.44
DLTR,Dollar Tree,Consumer Staples,Consumer Staples Merchandise Retail,128.14,132.48,61.8,130.06,125.29,115.57,106.01,105.29,105.51,96.17
D,Dominion Energy,Utilities,Multi-Utilities,60.04,62.17,46.43,59.34,58.93,59.73,59.84,59.56,58.82,56.62
DPZ,Domino's,Consumer Discretionary,Restaurants,438.28,493.24,390.88,434.32,426.13,419.23,412.99,428.14,434.52,444.71
DASH,DoorDash,Consumer Discretionary,Specialized Consumer Services,222.09,285.5,155.4,225.8,225.09,212.68,231.22,244.04,243.27,224.91
DOV,Dover Corporation,Industrials,Industrial Machinery & Supplies & Components,196.14,219.84,141.82,198.89,195.32,189.73,180.51,177.31,178.93,177.07
DOW,Dow Inc.,Materials,Commodity Chemicals,23.1,39.24,19.82,23.59,23.43,23.09,22.67,22.83,23.69,25.92
DHI,D. R. Horton,Consumer Discretionary,Homebuilding,151.51,183.98,109.46,154.95,155.12,153.5,151.25,158.42,153.61,142.29
DTE,DTE Energy,Utilities,Multi-Utilities,128.8,142.5,112.5,128.9,129.22,131.53,135.38,135.82,135.04,133.62
DUK,Duke Energy,Utilities,Electric Utilities,117.68,128.91,101.53,115.94,115.86,118.83,122.31,121.87,120.67,118.71
DD,DuPont,Materials,Specialty Chemicals,40.72,41.83,22.13,40.84,40.67,39.73,37.17,34.29,33.5,31.55
EMN,Eastman Chemical Company,Materials,Specialty Chemicals,64.29,99.23,55.35,64.23,62.59,60.94,60.39,62.37,65.11,70.41
ETN,Eaton Corporation,Industrials,Electrical Components & Equipment,314.48,398.4,230.37,331.99,337.52,337.19,358.42,360.56,360.93,337.46
EBAY,eBay Inc.,Consumer Discretionary,Broadline Retail,82.9,100.76,58.09,82.84,82.85,82.26,86.31,89.09,86.6,79.86
ECL,Ecolab,Materials,Specialty Chemicals,262.26,284.56,219.93,259.9,259.47,263.47,265.27,268.37,268.1,261.95
EIX,Edison International,Utilities,Electric Utilities,59.82,77.91,46.27,58.69,57.93,58.08,57.14,55.65,54.58,54.29
EW,Edwards Lifesciences,Health Care,Health Care Equipment,84.78,87.89,65.94,84.33,84.52,84.97,81.76,80.07,79.44,77.15
EA,Electronic Arts,Communication Services,Interactive Home Entertainment,203.62,204.64,114.66,203.84,203.71,202.65,201.29,187.03,180.3,166.96
ELV,Elevance Health,Health Care,Managed Health Care,345.1,451.93,270.83,351.79,341.09,333.7,334.17,320.1,323.27,353.41
EMR,Emerson Electric,Industrials,Electrical Components & Equipment,131.68,149.03,88.93,135.85,136.15,133.23,131.98,132.55,133.72,125.44
ENPH,Enphase Energy,Information Technology,Semiconductor Materials & Equipment,31.86,76.9,25.78,32.06,31.79,29.8,31.86,33.96,35.12,40.89
ETR,Entergy,Utilities,Electric Utilities,92.25,97.93,71.14,92.9,93.26,94.02,94.92,92.14,90.25,86.94
EOG,EOG Resources,Energy,Oil & Gas Exploration & Production,104.92,134.2,99.8,106.03,108.59,108.12,107.59,112.22,113.5,113.69
EPAM,EPAM Systems,Information Technology,IT Consulting & Other Services,204.9,269.0,138.15,208.73,207.21,196.84,175.39,167.63,168.62,169.38
EQT,EQT Corporation,Energy,Oil & Gas Exploration & Production,54.44,62.23,41.77,55.25,57.53,57.98,56.52,54.21,54.63,53.76
EFX,Equifax,Industrials,Research & Consulting Services,218.01,279.27,198.73,217.87,214.12,211.88,216.68,231.95,236.9,241.63
EQIX,Equinix,Real Estate,Data Center REITs,747.57,950.23,689.25,754.31,745.42,746.63,785.47,780.69,780.72,801.45
EQR,Equity Residential,Real Estate,Multi-Family Residential REITs,62.08,73.58,58.19,61.1,60.95,60.93,60.94,62.45,63.24,64.92
ERIE,Erie Indemnity,Financials,Insurance Brokers,288.73,451.6,273.59,283.45,286.79,289.98,299.65,319.6,325.22,347.27
ESS,Essex Property Trust,Real Estate,Multi-Family Residential REITs,262.96,307.81,239.32,258.2,256.81,258.07,257.99,259.91,264.41,270.24
EL,Estée Lauder Companies (The),Consumer Staples,Personal Care Products,105.08,109.62,47.76,104.67,103.97,97.77,95.54,92.21,90.68,80.4
EG,Everest Group,Financials,Reinsurance,327.42,368.99,302.44,324.65,317.99,315.19,327.06,333.34,334.05,339.06
EVRG,Evergy,Utilities,Electric Utilities,73.82,78.59,57.4,73.68,73.58,74.72,75.87,73.82,72.59,69.85
ES,Eversource Energy,Utilities,Electric Utilities,67.35,75.25,51.06,67.84,67.52,66.64,70.56,68.17,67.36,64.63
EXC,Exelon,Utilities,Electric Utilities,44.4,48.09,34.68,43.74,43.68,44.72,45.81,44.82,44.36,44.03
EXE,Expand Energy,Energy,Oil & Gas Exploration & Production,109.33,126.62,90.25,110.71,115.17,116.7,111.08,104.78,105.11,105.72
EXPE,Expedia Group,Consumer Discretionary,"Hotels, Resorts & Cruise Lines",283.72,289.99,129.24,281.51,272.91,262.85,242.53,225.89,216.31,196.44
EXPD,Expeditors International,Industrials,Air Freight & Logistics,149.99,155.04,99.26,151.18,150.17,146.76,133.55,126.65,124.25,119.76
EXR,Extra Space Storage,Real Estate,Self-Storage REITs,131.85,155.55,116.98,132.03,129.8,129.89,135.29,136.86,138.61,139.58
XOM,ExxonMobil,Energy,Integrated Oil & Gas,117.6,120.47,95.18,117.68,117.58,116.91,115.21,112.59,111.88,109.58
FFIV,"F5, Inc.",Information Technology,Communications Equipment,256.38,346.0,223.76,260.95,256.05,245.79,264.85,292.46,293.44,285.79
FDS,FactSet,Financials,Financial Exchanges & Data,296.16,491.19,249.51,292.19,288.41,281.31,278.14,315.25,338.98,374.83
FICO,Fair Isaac,Information Technology,Application Software,1750.45,2217.6,1300.0,1804.22,1785.59,1778.59,1712.31,1600.69,1615.19,1709.59
FAST,Fastenal,Industrials,Trading Companies & Distributors,41.83,50.37,34.62,41.89,41.5,40.73,41.67,44.78,44.52,42.59
FRT,Federal Realty Investment Trust,Real Estate,Retail REITs,101.79,111.1,78.83,99.82,98.38,97.98,97.81,97.19,96.45,95.15
FDX,FedEx,Industrials,Air Freight & Logistics,282.63,288.42,190.85,282.51,278.99,273.89,258.03,243.08,240.52,233.11
FIS,Fidelity National Information Services,Financials,Transaction & Payment Processing Services,66.32,83.54,59.15,66.68,66.07,65.16,65.35,67.18,69.67,71.58
FITB,Fifth Third Bancorp,Financials,Regional Banks,47.65,48.71,31.68,47.92,46.84,44.92,43.32,43.53,43.25,40.89
FSLR,First Solar,Information Technology,Semiconductors,254.52,281.55,116.56,259.31,258.3,258.9,251.57,227.16,215.43,188.26
FE,FirstEnergy,Utilities,Electric Utilities,44.44,47.73,36.45,44.31,44.64,45.7,45.96,44.59,43.6,42.16
FI,Fiserv,Financials,Transaction & Payment Processing Services,67.7,238.59,59.56,68.03,67.14,64.21,83.5,108.94,120.35,147.32
F,Ford Motor Company,Consumer Discretionary,Automobile Manufacturers,13.32,13.99,8.11,13.61,13.38,13.19,12.81,12.13,11.91,11.1
FTNT,Fortinet,Information Technology,Systems Software,79.88,114.82,70.12,81.71,82.93,81.79,83.09,83.09,87.34,92.13
FTV,Fortive,Industrials,Industrial Machinery & Supplies & Components,55.33,62.51,45.35,55.15,54.55,53.55,51.4,49.83,50.28,51.36
FOXA,Fox Corporation (Class A),Communication Services,Broadcasting,71.29,72.96,45.63,71.16,70.32,67.88,64.28,61.57,60.4,57.44
FOX,Fox Corporation (Class B),Communication Services,Broadcasting,63.09,64.22,42.96,63.08,62.34,60.47,57.53,55.51,54.64,52.35
BEN,Franklin Resources,Financials,Asset Management & Custody Banks,23.64,25.72,15.81,23.5,23.36,22.69,22.73,23.52,23.59,22.06
FCX,Freeport-McMoRan,Materials,Copper,47.92,49.0,27.35,47.69,46.45,44.14,42.32,42.25,42.67,40.74
GRMN,Garmin,Consumer Discretionary,Consumer Electronics,202.34,260.57,167.16,206.97,205.0,198.98,215.08,225.12,223.33,214.36
IT,Gartner,Information Technology,IT Consulting & Other Services,251.6,584.01,222.54,242.37,236.13,233.32,237.43,247.01,273.75,331.3
GE,GE Aerospace,Industrials,Aerospace & Defense,292.63,316.67,158.62,296.11,291.25,292.01,299.45,290.42,283.58,256.56
GEHC,GE HealthCare,Health Care,Health Care Equipment,82.62,94.66,57.57,83.87,83.79,81.16,77.17,75.69,75.58,74.45
GEV,GE Vernova,Industrials,Heavy Electrical Equipment,617.44,731.0,251.84,672.18,659.16,621.19,600.76,611.31,598.99,517.6
GEN,Gen Digital,Information Technology,Systems Software,27.84,31.94,22.45,27.6,27.33,26.82,26.62,28.07,28.37,27.8
GNRC,Generac,Industrials,Electrical Components & Equipment,146.29,203.25,99.5,157.7,160.48,154.79,164.88,174.26,169.02,151.8
GD,General Dynamics,Industrials,Aerospace & Defense,335.8,360.5,235.63,338.59,338.45,338.72,340.74,331.16,324.26,303.52
GIS,General Mills,Consumer Staples,Packaged Foods & Meats,48.58,65.04,45.15,47.12,46.48,46.81,47.26,48.21,48.65,51.09
GM,General Motors,Consumer Discretionary,Automobile Manufacturers,80.61,83.04,41.28,81.22,79.1,75.39,69.36,63.23,60.89,55.78
GPC,Genuine Parts Company,Consumer Discretionary,Distributors,128.02,141.97,101.6,130.98,130.06,128.67,128.51,132.07,130.38,125.76
GILD,Gilead Sciences,Health Care,Biotechnology,121.92,128.7,86.73,121.0,121.44,123.76,121.87,117.84,116.22,112.44
GPN,Global Payments,Financials,Transaction & Payment Processing Services,82.04,114.79,65.33,81.38,79.96,76.94,79.77,82.33,81.9,82.43
GL,Globe Life,Financials,Life & Health Insurance,138.88,147.54,102.85,138.84,135.33,134.03,134.13,137.18,134.14,129.65
GDDY,GoDaddy,Information Technology,Internet Services & Infrastructure,125.89,216.0,121.94,125.05,126.57,126.71,129.42,137.49,144.53,157.53
GS,Goldman Sachs,Financials,Investment Banking & Brokerage,870.41,919.1,432.73,887.63,876.3,838.15,801.74,776.77,760.49,684.44
HAL,Halliburton,Energy,Oil & Gas Equipment & Services,27.76,29.67,18.31,28.22,28.31,27.19,26.17,24.21,23.61,22.85
HIG,Hartford (The),Financials,Property & Casualty Insurance,138.43,139.92,103.19,136.08,133.45,134.27,130.11,129.97,128.48,125.82
HAS,Hasbro,Consumer Discretionary,Leisure Products,81.39,85.15,47.63,81.68,81.45,81.0,77.65,77.21,76.61,70.52
HCA,HCA Healthcare,Health Care,Health Care Facilities,471.38,519.23,287.82,476.77,479.7,488.4,465.54,432.25,419.39,393.12
DOC,Healthpeak Properties,Real Estate,Health Care REITs,16.45,20.33,16.08,16.55,16.68,17.28,17.68,17.65,17.64,17.67
HSIC,Henry Schein,Health Care,Health Care Distributors,76.8,82.49,60.56,76.67,75.05,74.07,69.46,68.66,69.41,69.27
HSY,Hershey Company (The),Consumer Staples,Packaged Foods & Meats,188.62,195.98,135.68,185.66,183.27,184.06,180.77,182.44,179.91,173.54
HPE,Hewlett Packard Enterprise,Information Technology,"Technology Hardware, Storage & Peripherals",23.93,26.44,11.82,24.14,24.08,22.7,23.3,23.05,22.47,20.12
HLT,Hilton Worldwide,Consumer Discretionary,"Hotels, Resorts & Cruise Lines",293.84,294.69,195.7,284.79,277.99,277.99,270.18,269.14,269.09,256.34
HOLX,Hologic,Health Care,Health Care Equipment,75.04,75.34,51.9,74.98,74.95,74.77,73.17,70.07,69.05,65.67
HD,Home Depot (The),Consumer Discretionary,Home Improvement Retail,356.62,424.01,320.39,356.68,353.55,349.63,365.13,381.9,378.12,369.65
HON,Honeywell,Industrials,Industrial Conglomerates,200.56,225.29,166.32,196.76,194.16,192.45,194.57,197.91,201.86,200.29
HRL,Hormel Foods,Consumer Staples,Packaged Foods & Meats,23.97,31.78,21.03,23.82,23.83,23.31,23.07,24.67,25.66,27.01
HST,Host Hotels & Resorts,Real Estate,Hotel & Resort REITs,18.58,18.67,11.93,18.4,17.88,17.66,17.1,16.83,16.65,15.81
HWM,Howmet Aerospace,Industrials,Aerospace & Defense,191.63,211.83,104.84,195.65,194.29,197.12,198.3,190.44,188.81,172.52
HPQ,HP Inc.,Information Technology,"Technology Hardware, Storage & Peripherals",24.48,33.78,20.52,24.79,25.02,24.41,25.55,26.1,25.81,25.71
HUBB,Hubbell Incorporated,Industrials,Industrial Machinery & Supplies & Components,428.72,482.66,296.56,444.56,442.94,433.39,437.15,433.53,430.0,402.86
HUM,Humana,Health Care,Managed Health Care,260.13,314.25,206.15,265.59,260.23,249.08,261.49,268.21,261.25,257.59
HBAN,Huntington Bancshares,Financials,Regional Banks,17.73,18.04,11.7,17.71,17.35,16.66,16.11,16.55,16.58,15.86
HII,Huntington Ingalls Industries,Industrials,Aerospace & Defense,320.49,333.31,155.24,326.02,320.45,314.45,305.71,288.2,280.32,255.26
IBM,IBM,Information Technology,IT Consulting & Other Services,303.8,324.9,209.2,307.12,308.39,304.54,299.28,277.14,277.93,266.99
IEX,IDEX Corporation,Industrials,Industrial Machinery & Supplies & Components,176.6,223.39,151.55,178.05,177.45,173.62,169.57,166.33,168.89,172.09
IDXX,Idexx Laboratories,Health Care,Health Care Equipment,695.37,769.98,356.14,699.69,706.16,716.68,683.25,658.69,633.81,568.14
ITW,Illinois Tool Works,Industrials,Industrial Machinery & Supplies & Components,252.08,273.07,212.05,254.47,251.62,248.66,247.78,253.83,253.62,249.15
INCY,Incyte,Health Care,Biotechnology,97.97,109.28,53.56,97.03,97.52,100.36,97.19,90.42,86.11,77.53
IR,Ingersoll Rand,Industrials,Industrial Machinery & Supplies & Components,78.19,101.02,65.56,80.93,80.32,79.27,78.23,79.22,80.58,80.07
PODD,Insulet Corporation,Health Care,Health Care Equipment,289.87,354.88,230.05,292.0,296.6,310.21,317.25,319.23,314.63,301.44
INTC,Intel,Information Technology,Semiconductors,36.09,44.02,17.67,37.65,39.17,38.56,38.07,32.06,30.17,26.79
ICE,Intercontinental Exchange,Financials,Financial Exchanges & Data,160.94,188.26,140.7,161.45,159.72,157.2,154.67,164.79,167.95,168.64
IFF,International Flavors & Fragrances,Materials,Specialty Chemicals,65.74,86.61,59.14,64.2,65.0,66.4,64.7,64.8,66.82,70.14
IP,International Paper,Materials,Paper & Plastic Packaging Products & Materials,38.67,57.79,35.35,38.69,38.69,38.42,40.63,43.67,44.85,45.73
IPG,Interpublic Group of Companies (The),Communication Services,Advertising,24.57,31.81,21.93,25.12,25.04,25.18,26.03,25.78,25.34,25.2
INTU,Intuit,Information Technology,Application Software,663.88,812.22,530.03,666.95,664.59,653.83,657.54,677.23,695.09,677.51
ISRG,Intuitive Surgical,Health Care,Health Care Equipment,556.53,616.0,425.0,552.06,558.52,563.18,533.73,497.88,502.35,507.91
IVZ,Invesco,Financials,Asset Management & Custody Banks,26.38,27.31,11.23,26.48,26.06,24.9,23.89,22.77,21.64,18.84
INVH,Invitation Homes,Real Estate,Single-Family Residential REITs,27.33,35.13,26.02,26.79,26.77,27.35,27.95,28.87,29.52,30.83
IQV,IQVIA,Health Care,Life Sciences Tools & Services,222.01,234.3,134.65,223.11,223.09,224.68,217.58,202.9,195.86,181.85
IRM,Iron Mountain,Real Estate,Other Specialized REITs,79.7,109.06,70.45,82.55,83.27,83.57,93.76,94.2,94.98,92.82
JBHT,J.B. Hunt,Industrials,Cargo Ground Transportation,194.66,204.43,121.7,197.34,193.02,181.45,169.16,154.62,153.31,148.53
JBL,Jabil,Information Technology,Electronic Manufacturing Services,216.42,237.05,108.52,221.36,222.91,213.68,210.8,212.9,214.32,190.93
JKHY,Jack Henry & Associates,Financials,Transaction & Payment Processing Services,187.95,194.03,143.64,186.92,183.39,176.83,164.05,161.51,164.76,168.95
J,Jacobs Solutions,Industrials,Construction & Engineering,132.41,168.03,104.43,134.77,137.09,136.33,148.18,147.4,144.69,135.98
JNJ,Johnson & Johnson,Health Care,Pharmaceuticals,211.01,215.19,136.5,211.21,206.86,205.81,196.26,185.76,179.95,169.96
JCI,Johnson Controls,Industrials,Building Products,116.67,123.78,67.78,117.25,115.97,115.34,114.26,110.55,109.72,101.43
JPM,JPMorgan Chase,Financials,Diversified Banks,314.98,322.88,200.22,317.29,314.34,309.69,307.28,303.47,300.3,280.0
K,Kellanova,Consumer Staples,Packaged Foods & Meats,83.44,83.49,75.95,83.32,83.2,83.01,82.65,80.64,80.17,80.35
KVUE,Kenvue,Consumer Staples,Personal Care Products,17.29,24.41,13.85,17.28,17.14,16.98,16.16,17.68,18.35,19.87
KDP,Keurig Dr Pepper,Consumer Staples,Soft Drinks & Non-alcoholic Beverages,28.11,35.62,25.03,28.98,28.98,28.31,27.55,28.62,29.52,30.9
KEY,KeyCorp,Financials,Regional Banks,20.77,20.89,12.29,20.6,19.95,18.87,18.0,18.14,18.02,16.89
KEYS,Keysight Technologies,Information Technology,Electronic Equipment & Instruments,197.44,214.58,121.43,206.55,208.52,198.75,183.43,175.8,173.48,165.36
KMB,Kimberly-Clark,Consumer Staples,Household Products,102.77,145.82,98.03,102.94,102.92,103.89,108.52,117.44,119.21,124.51
KIM,Kimco Realty,Real Estate,Retail REITs,20.47,23.89,17.3,20.25,20.13,20.12,20.59,20.98,20.96,20.63
KMI,Kinder Morgan,Energy,Oil & Gas Storage & Transportation,26.72,30.15,23.17,26.66,27.01,26.98,26.78,26.88,26.98,26.85
KKR,KKR & Co.,Financials,Asset Management & Custody Banks,132.29,169.44,85.77,135.97,134.53,127.45,123.05,131.48,132.99,126.36
KLAC,KLA Corporation,Information Technology,Semiconductor Materials & Equipment,1175.4,1282.32,547.89,1221.79,1219.35,1182.39,1160.64,1055.94,1025.84,912.07
KHC,Kraft Heinz,Consumer Staples,Packaged Foods & Meats,24.82,31.87,23.33,24.57,24.49,24.74,24.62,25.46,25.63,26.28
KR,Kroger,Consumer Staples,Food Retail,63.78,74.13,56.96,62.79,62.73,64.61,65.62,66.9,67.68,67.44
LHX,L3Harris,Industrials,Aerospace & Defense,278.71,306.84,189.46,285.38,283.09,280.44,286.49,282.46,277.29,256.15
LH,Labcorp,Health Care,Health Care Services,255.85,292.94,207.68,260.8,260.76,262.84,266.39,269.5,266.52,256.27
LRCX,Lam Research,Information Technology,Semiconductor Materials & Equipment,154.97,169.69,55.98,162.35,162.44,156.97,153.11,132.52,125.64,107.32
LW,Lamb Weston,Consumer Staples,Packaged Foods & Meats,59.58,81.86,46.97,59.6,59.42,58.84,60.97,58.44,57.16,55.39
LVS,Las Vegas Sands,Consumer Discretionary,Casinos & Gaming,66.48,70.45,29.72,66.45,66.49,66.56,61.15,57.36,55.39,49.25
LDOS,Leidos,Industrials,Diversified Support Services,181.6,205.3,122.37,185.82,186.51,187.29,189.4,184.66,179.68,165.98
LEN,Lennar,Consumer Discretionary,Homebuilding,112.25,149.21,97.13,117.61,119.67,123.05,122.88,125.49,122.74,117.87
LII,Lennox International,Industrials,Building Products,488.82,687.72,443.19,499.6,501.83,487.4,498.27,533.41,546.58,551.85
LLY,Lilly (Eli),Health Care,Pharmaceuticals,1041.99,1111.99,621.5,1039.07,1019.36,1042.18,946.46,841.34,829.35,814.18
LIN,Linde plc,Materials,Industrial Gases,422.17,483.05,387.78,416.44,405.8,406.89,423.85,447.88,451.26,451.68
LYV,Live Nation Entertainment,Communication Services,Movies & Entertainment,136.46,175.25,112.88,140.25,139.62,134.96,142.54,151.95,151.34,144.66
LKQ,LKQ Corporation,Consumer Discretionary,Distributors,29.95,43.32,28.13,30.49,29.8,29.59,29.87,30.26,31.49,34.54
LMT,Lockheed Martin,Industrials,Aerospace & Defense,475.26,512.11,404.07,478.37,469.26,460.53,472.54,463.25,460.38,459.0
L,Loews Corporation,Financials,Multi-line Insurance,105.91,109.06,78.83,104.85,103.81,105.21,102.76,99.56,97.85,93.9
LOW,Lowe's,Consumer Discretionary,Home Improvement Retail,247.8,273.63,203.22,247.68,246.68,242.27,238.87,245.68,240.82,233.99
LULU,Lululemon Athletica,Consumer Discretionary,"Apparel, Accessories & Luxury Goods",208.58,423.32,159.25,202.72,194.01,184.97,176.32,181.26,191.3,228.92
LYB,LyondellBasell,Materials,Specialty Chemicals,43.97,72.64,40.42,43.96,43.66,44.46,44.35,47.73,49.96,52.87
MTB,M&T Bank,Financials,Regional Banks,206.08,207.34,147.35,205.05,200.51,193.51,186.91,189.99,190.63,183.47
MPC,Marathon Petroleum,Energy,Oil & Gas Refining & Marketing,174.65,201.29,113.25,181.97,186.22,189.01,189.7,183.08,180.78,167.29
MKTX,MarketAxess,Financials,Financial Exchanges & Data,181.6,233.1,155.48,179.42,174.5,168.49,168.3,176.46,184.1,195.88
MAR,Marriott International,Consumer Discretionary,"Hotels, Resorts & Cruise Lines",310.52,311.65,203.87,301.68,297.53,296.86,281.65,273.09,273.07,263.25
MMC,Marsh McLennan,Financials,Insurance Brokers,186.01,245.83,174.18,184.98,183.66,182.45,185.92,193.98,197.58,208.57
MLM,Martin Marietta Materials,Materials,Construction Materials,619.35,664.29,440.13,628.61,624.38,617.13,618.22,614.3,603.07,569.05
MAS,Masco,Industrials,Building Products,64.93,80.67,55.74,64.65,63.79,63.38,64.35,67.89,67.34,66.14
MA,Mastercard,Financials,Transaction & Payment Processing Services,565.89,600.98,463.61,567.27,554.1,548.15,554.22,566.73,564.79,558.46
MTCH,Match Group,Communication Services,Interactive Media & Services,32.49,38.99,26.09,32.74,33.41,33.13,32.77,34.58,34.1,32.48
MKC,McCormick & Company,Consumer Staples,Packaged Foods & Meats,68.71,84.63,62.64,67.14,65.36,66.09,65.81,67.15,68.25,70.98
MCD,McDonald's,Consumer Discretionary,Restaurants,318.5,320.72,270.23,315.63,312.9,309.2,304.65,304.26,301.78,302.86
MCK,McKesson Corporation,Health Care,Health Care Distributors,808.56,894.75,555.78,814.17,809.97,833.91,820.82,762.25,752.94,729.26
MDT,Medtronic,Health Care,Health Care Equipment,98.25,106.33,76.99,98.83,99.92,101.31,97.14,94.87,93.55,90.29
MRK,Merck & Co.,Health Care,Pharmaceuticals,99.64,104.94,71.26,99.16,98.57,99.28,91.67,86.73,85.43,83.57
META,Meta Platforms,Communication Services,Interactive Media & Services,654.31,795.06,478.72,650.97,656.1,639.4,663.35,707.5,709.01,670.06
MET,MetLife,Financials,Life & Health Insurance,82.5,85.61,63.78,81.89,79.96,77.75,78.36,78.42,78.24,77.63
MTD,Mettler Toledo,Health Care,Life Sciences Tools & Services,1382.12,1525.17,946.69,1401.69,1403.38,1427.06,1400.89,1336.89,1309.96,1246.39
MGM,MGM Resorts,Consumer Discretionary,Casinos & Gaming,36.84,41.32,25.3,36.95,36.24,34.58,33.22,34.73,35.08,33.73
MCHP,Microchip Technology,Information Technology,Semiconductors,63.82,75.98,33.33,66.63,66.58,59.91,60.34,62.59,64.31,59.77
MU,Micron Technology,Information Technology,Semiconductors,226.54,264.75,61.44,239.23,242.31,234.35,224.88,181.31,168.86,139.67
MSFT,Microsoft,Information Technology,Systems Software,478.45,553.5,342.95,478.33,481.73,481.85,501.27,506.76,505.36,471.77
MAA,Mid-America Apartment Communities,Real Estate,Multi-Family Residential REITs,137.03,168.08,125.75,133.6,132.59,133.26,132.0,135.91,138.2,144.44
MRNA,Moderna,Health Care,Biotechnology,30.34,48.92,22.28,29.85,28.77,26.56,26.25,26.24,27.19,27.53
MHK,Mohawk Industries,Consumer Discretionary,Home Furnishings,109.14,143.13,96.24,111.22,110.57,111.23,114.6,121.56,119.32,114.7
MOH,Molina Healthcare,Health Care,Managed Health Care,162.09,359.97,133.4,163.38,158.08,150.79,161.37,167.94,181.58,232.33
TAP,Molson Coors Beverage Company,Consumer Staples,Brewers,48.1,62.82,42.5,47.65,46.72,46.23,45.63,46.84,47.17,50.22
MDLZ,Mondelez International,Consumer Staples,Packaged Foods & Meats,53.81,70.58,52.78,53.94,54.53,55.49,57.81,60.07,61.64,63.0
MPWR,Monolithic Power Systems,Information Technology,Semiconductors,913.36,1123.38,437.16,948.42,958.37,934.56,969.93,910.81,874.39,778.29
MNST,Monster Beverage,Consumer Staples,Soft Drinks & Non-alcoholic Beverages,74.28,76.28,45.7,74.16,73.93,73.88,70.97,67.27,66.01,63.65
MCO,Moody's Corporation,Financials,Financial Exchanges & Data,498.73,527.9,376.55,488.95,489.62,485.4,483.36,492.49,493.11,480.02
MS,Morgan Stanley,Financials,Investment Banking & Brokerage,174.83,181.98,92.37,177.57,177.46,171.54,165.32,157.55,153.89,140.58
MOS,Mosaic Company (The),Materials,Fertilizers & Agricultural Chemicals,24.12,37.63,21.79,24.77,24.28,24.16,26.46,29.85,31.04,30.53
MSI,Motorola Solutions,Information Technology,Communications Equipment,374.91,489.48,359.36,366.78,368.71,369.3,399.84,430.0,427.52,423.31
MSCI,MSCI Inc.,Financials,Financial Exchanges & Data,561.14,627.03,482.16,553.32,545.8,551.91,556.88,559.28,560.39,556.3
NDAQ,"Nasdaq, Inc.",Financials,Financial Exchanges & Data,93.57,97.06,64.26,93.37,91.95,90.11,88.56,90.58,90.31,85.44
NTAP,NetApp,Information Technology,"Technology Hardware, Storage & Peripherals",110.65,126.11,71.18,115.27,115.91,112.58,114.52,114.29,112.45,104.84
NFLX,Netflix,Communication Services,Movies & Entertainment,94.78,134.12,82.11,94.48,96.21,101.48,109.42,115.05,117.15,113.29
NEM,Newmont,Materials,Gold,98.89,102.13,36.25,98.83,95.21,91.5,88.31,81.55,77.1,67.19
NWSA,News Corp (Class A),Communication Services,Publishing,26.04,31.61,23.3,26.06,25.98,25.68,26.02,27.74,28.08,27.74
NWS,News Corp (Class B),Communication Services,Publishing,29.5,35.47,26.17,29.49,29.45,29.17,29.59,31.49,31.98,31.69
NEE,NextEra Energy,Utilities,Multi-Utilities,80.43,86.94,60.35,81.25,81.42,83.01,83.17,77.93,76.78,73.65
NKE,"Nike, Inc.",Consumer Discretionary,"Apparel, Accessories & Luxury Goods",67.12,80.55,51.34,67.18,66.0,64.55,65.05,69.43,69.67,66.67
NI,NiSource,Utilities,Multi-Utilities,41.29,44.58,34.39,41.53,41.56,42.25,42.73,42.21,41.74,40.52
NDSN,Nordson Corporation,Industrials,Industrial Machinery & Supplies & Components,237.62,251.47,163.83,236.51,236.63,235.04,233.88,227.58,225.42,215.23
NSC,Norfolk Southern,Industrials,Rail Transportation,294.85,300.79,198.48,295.88,294.55,291.18,287.31,284.55,280.31,261.78
NTRS,Northern Trust,Financials,Asset Management & Custody Banks,137.72,140.75,80.06,138.66,135.71,131.79,128.99,128.63,127.71,116.58
NOC,Northrop Grumman,Industrials,Aerospace & Defense,562.81,638.31,418.96,567.42,559.86,560.09,576.4,579.86,566.81,536.56
NCLH,Norwegian Cruise Line Holdings,Consumer Discretionary,"Hotels, Resorts & Cruise Lines",21.69,29.29,14.21,21.26,20.11,19.16,20.5,22.67,22.54,20.92
NRG,NRG Energy,Utilities,Independent Power Producers & Energy Traders,150.4,180.08,78.84,160.52,163.4,164.38,166.64,161.9,160.22,145.0
NUE,Nucor,Materials,Steel,160.43,168.07,96.79,163.28,162.01,159.17,149.27,145.07,143.51,133.84
NVDA,Nvidia,Information Technology,Semiconductors,171.56,212.18,86.6,176.3,180.16,180.31,186.19,182.34,178.52,156.91
NVR,"NVR, Inc.",Consumer Discretionary,Homebuilding,7475.34,8724.65,6562.85,7533.38,7498.57,7462.31,7437.17,7759.42,7717.7,7519.77
NXPI,NXP Semiconductors,Information Technology,Semiconductors,224.1,250.74,146.07,229.13,228.36,212.7,210.8,216.7,217.81,208.72
ORLY,O’Reilly Automotive,Consumer Discretionary,Automotive Retail,92.83,108.72,78.3,93.79,95.33,97.74,98.13,100.91,99.17,96.13
OXY,Occidental Petroleum,Energy,Oil & Gas Exploration & Production,40.77,52.05,34.2,40.43,41.09,41.28,41.41,43.29,43.31,43.0
ODFL,Old Dominion,Industrials,Cargo Ground Transportation,156.04,208.11,125.76,157.77,155.54,145.5,140.63,143.58,147.74,152.59
OMC,Omnicom Group,Communication Services,Advertising,80.64,89.09,67.76,78.37,75.21,73.99,75.46,75.7,74.99,74.94
ON,ON Semiconductor,Information Technology,Semiconductors,54.56,70.58,31.04,55.14,55.4,51.74,50.78,50.56,51.82,48.37
OKE,Oneok,Energy,Oil & Gas Storage & Transportation,73.18,105.47,64.02,72.87,74.05,72.87,69.9,71.56,73.02,77.11
ORCL,Oracle Corporation,Information Technology,Application Software,177.98,345.12,117.98,188.07,203.74,204.32,240.98,252.5,248.18,212.77
OTIS,Otis Worldwide,Industrials,Industrial Machinery & Supplies & Components,88.69,105.37,83.46,88.22,87.55,87.61,89.36,88.56,90.16,92.59
PCAR,Paccar,Industrials,Construction Machinery & Heavy Transportation Equipment,111.99,114.5,83.8,112.29,111.24,107.28,101.16,99.84,99.11,97.05
PKG,Packaging Corporation of America,Materials,Paper & Plastic Packaging Products & Materials,202.7,238.15,170.61,203.75,200.2,199.19,201.85,204.47,203.18,197.98
PLTR,Palantir Technologies,Information Technology,Application Software,178.32,207.52,63.4,184.09,183.14,174.08,179.75,174.8,168.83,145.9
PANW,Palo Alto Networks,Information Technology,Systems Software,184.44,223.61,144.15,187.89,191.73,190.1,203.64,197.2,197.58,192.14
PSKY,Paramount Skydance Corporation,Communication Services,Movies & Entertainment,13.25,20.86,9.92,13.79,14.11,14.84,15.68,15.65,15.08,13.76
PH,Parker Hannifin,Industrials,Industrial Machinery & Supplies & Components,865.16,908.35,484.88,881.42,879.26,863.59,812.13,778.68,764.16,710.59
PAYX,Paychex,Industrials,Human Resource & Employment Services,117.18,158.49,108.0,115.06,113.77,112.18,116.57,125.32,128.82,135.72
PAYC,Paycom,Industrials,Human Resource & Employment Services,166.63,266.71,156.14,164.98,164.72,163.15,177.31,198.79,204.87,214.68
PYPL,PayPal,Financials,Transaction & Payment Processing Services,60.33,93.03,55.72,61.15,61.28,61.23,65.29,66.88,68.43,68.28
PNR,Pentair,Industrials,Industrial Machinery & Supplies & Components,103.58,113.69,73.68,104.83,104.59,104.42,106.67,107.03,106.39,100.5
PEP,PepsiCo,Consumer Staples,Soft Drinks & Non-alcoholic Beverages,150.26,155.29,123.93,150.31,148.2,147.09,146.59,144.3,142.26,139.51
PFE,Pfizer,Health Care,Pharmaceuticals,25.09,27.21,19.83,25.74,25.73,25.5,24.9,24.61,24.5,23.87
PCG,PG&E Corporation,Utilities,Multi-Utilities,15.77,20.33,12.95,15.28,15.19,15.47,15.99,15.53,15.16,15.66
PM,Philip Morris International,Consumer Staples,Tobacco,158.76,183.57,113.18,155.94,152.45,153.8,153.83,158.44,161.71,162.27
PSX,Phillips 66,Energy,Oil & Gas Refining & Marketing,132.79,144.96,88.51,138.19,139.25,137.46,135.12,131.32,129.7,123.05
PNW,Pinnacle West Capital,Utilities,Multi-Utilities,88.87,93.67,78.26,87.92,87.67,88.54,89.42,89.01,88.98,89.24
PNC,PNC Financial Services,Financials,Diversified Banks,210.45,213.03,141.09,210.68,205.63,197.8,189.18,192.88,192.37,182.39
POOL,Pool Corporation,Consumer Discretionary,Distributors,235.77,368.69,229.63,238.33,238.93,239.51,260.97,287.53,289.97,296.55
PPG,PPG Industries,Materials,Specialty Chemicals,103.93,121.66,88.43,103.53,101.96,100.3,99.26,103.39,105.51,106.0
PPL,PPL Corporation,Utilities,Electric Utilities,34.42,37.96,30.24,34.02,33.8,34.73,35.93,35.91,35.57,35.0
PFG,Principal Financial Group,Financials,Life & Health Insurance,89.23,92.1,66.44,90.23,88.57,85.86,82.86,80.86,80.36,78.9
PG,Procter & Gamble,Consumer Staples,Personal Care Products,147.69,176.43,138.14,144.33,142.82,145.31,147.33,150.77,151.84,155.81
PGR,Progressive Corporation,Financials,Property & Casualty Insurance,227.24,292.65,199.9,232.14,228.3,227.6,223.75,234.38,238.09,252.23
PLD,Prologis,Real Estate,Industrial REITs,128.22,130.32,83.15,128.75,127.83,126.6,123.63,116.59,114.43,110.66
PRU,Prudential Financial,Financials,Life & Health Insurance,115.52,118.31,86.97,116.4,113.65,110.07,105.3,104.28,104.02,103.08
PEG,Public Service Enterprise Group,Utilities,Electric Utilities,79.93,89.82,72.92,79.66,79.29,80.17,81.18,81.95,82.0,80.77
PTC,PTC Inc.,Information Technology,Application Software,175.0,219.69,133.38,175.6,175.5,174.32,186.32,197.2,194.89,181.77
PSA,Public Storage,Real Estate,Self-Storage REITs,267.77,312.95,251.43,269.79,271.02,270.87,282.5,283.51,284.21,286.91
PHM,PulteGroup,Consumer Discretionary,Homebuilding,122.83,141.59,87.56,125.39,125.64,124.3,121.9,125.58,122.52,114.38
PWR,Quanta Services,Industrials,Construction & Engineering,415.61,473.99,226.97,443.82,452.16,449.57,442.58,416.59,410.4,368.65
QCOM,Qualcomm,Information Technology,Semiconductors,172.98,204.9,118.79,177.58,177.06,171.33,170.62,164.56,162.85,156.71
DGX,Quest Diagnostics,Health Care,Health Care Services,178.26,197.55,146.3,180.42,181.28,184.56,183.4,181.25,179.48,176.04
RL,Ralph Lauren Corporation,Consumer Discretionary,"Apparel, Accessories & Luxury Goods",366.92,377.72,175.49,366.65,362.88,356.48,338.18,320.53,312.8,284.8
RJF,Raymond James Financial,Financials,Investment Banking & Brokerage,161.09,177.15,116.85,163.35,163.04,158.98,160.61,164.07,162.62,154.59
RTX,RTX Corporation,Industrials,Aerospace & Defense,176.92,182.28,110.77,179.01,175.56,173.46,172.04,164.94,161.33,149.73
O,Realty Income,Real Estate,Retail REITs,57.83,60.33,48.85,57.66,57.6,57.25,57.62,57.75,57.4,56.34
REG,Regency Centers,Real Estate,Retail REITs,68.03,75.09,61.52,67.49,67.43,68.56,69.4,69.98,69.77,69.73
REGN,Regeneron Pharmaceuticals,Health Care,Biotechnology,750.69,790.98,475.17,744.54,728.33,740.41,666.73,618.98,603.63,598.52
RF,Regions Financial Corporation,Financials,Regional Banks,27.59,27.98,17.18,27.59,27.08,26.02,24.94,25.42,25.17,23.43
RSG,Republic Services,Industrials,Environmental & Facilities Services,215.24,257.43,197.66,212.66,213.11,214.67,214.88,222.77,226.68,232.61
RMD,ResMed,Health Care,Health Care Equipment,246.92,293.11,198.6,250.24,250.73,250.48,255.94,266.7,264.86,252.43
RVTY,Revvity,Health Care,Health Care Equipment,96.85,128.0,81.3,99.32,100.2,100.51,96.19,92.09,93.26,95.02
ROK,Rockwell Automation,Industrials,Electrical Components & Equipment,390.58,415.89,212.49,402.31,403.28,394.99,374.37,358.6,355.03,324.48
ROL,"Rollins, Inc.",Industrials,Environmental & Facilities Services,60.2,61.84,44.8,59.59,59.89,60.16,58.34,57.71,57.33,56.3
ROP,Roper Technologies,Information Technology,Electronic Equipment & Instruments,453.31,592.47,435.42,446.48,445.44,444.79,461.73,491.13,504.51,527.71
ROST,Ross Stores,Consumer Discretionary,Apparel Retail,182.43,185.85,121.41,182.87,180.51,176.69,165.35,156.23,151.13,145.44
RCL,Royal Caribbean Group,Consumer Discretionary,"Hotels, Resorts & Cruise Lines",285.81,365.38,163.05,282.62,269.11,265.77,278.02,303.53,308.45,277.7
SPGI,S&P Global,Financials,Financial Exchanges & Data,510.26,576.91,424.77,501.67,497.8,495.68,490.68,511.15,513.6,506.49
CRM,Salesforce,Information Technology,Application Software,258.95,365.3,221.96,258.6,258.58,244.6,246.61,246.1,250.12,257.3
SBAC,SBA Communications,Real Estate,Telecom Tower REITs,190.93,241.44,184.43,191.71,190.76,191.61,193.07,199.44,205.81,212.21
SLB,Schlumberger,Energy,Oil & Gas Equipment & Services,38.54,43.29,30.37,38.97,38.79,37.33,35.87,35.01,34.89,35.14
STX,Seagate Technology,Information Technology,"Technology Hardware, Storage & Peripherals",277.12,308.93,62.66,289.26,285.79,272.75,256.32,221.3,206.15,164.76
SRE,Sempra,Utilities,Multi-Utilities,87.04,95.03,60.49,88.19,88.56,90.11,91.04,86.64,84.3,79.41
NOW,ServiceNow,Information Technology,Systems Software,787.37,1198.09,678.66,813.25,832.15,824.37,868.1,890.45,910.17,910.39
SHW,Sherwin-Williams,Materials,Specialty Chemicals,328.05,378.76,306.78,328.47,328.54,333.31,335.23,344.34,344.05,344.22
SPG,Simon Property Group,Real Estate,Retail REITs,184.32,186.14,131.37,182.98,181.47,181.25,178.74,176.18,172.76,165.86
SWKS,Skyworks Solutions,Information Technology,Semiconductors,64.95,91.61,46.48,66.51,67.75,66.22,69.75,71.62,71.9,69.21
SJM,J.M. Smucker Company (The),Consumer Staples,Packaged Foods & Meats,100.65,117.94,91.46,100.52,100.28,101.98,103.26,105.7,104.81,106.37
SW,Smurfit Westrock,Materials,Paper & Plastic Packaging Products & Materials,38.12,54.55,32.73,37.71,36.96,35.81,37.72,40.94,41.85,42.16
SNA,Snap-on,Industrials,Industrial Machinery & Supplies & Components,345.85,356.07,283.93,349.71,348.07,342.52,338.74,333.05,329.58,324.74
SOLV,Solventum,Health Care,Health Care Technology,79.97,88.2,60.7,81.64,82.35,82.97,76.21,74.5,74.55,73.45
SO,Southern Company,Utilities,Electric Utilities,87.57,100.02,77.85,85.69,85.72,87.5,91.3,91.94,91.8,90.31
LUV,Southwest Airlines,Industrials,Passenger Airlines,41.33,43.54,23.55,41.43,39.67,36.8,34.03,32.78,33.11,32.0
SWK,Stanley Black & Decker,Industrials,Industrial Machinery & Supplies & Components,71.72,87.08,52.01,74.18,73.57,70.83,68.73,70.75,70.39,68.87
SBUX,Starbucks,Consumer Discretionary,Restaurants,85.4,115.04,73.95,85.19,84.56,84.88,83.79,85.1,86.55,87.06
STT,State Street Corporation,Financials,Asset Management & Custody Banks,127.33,131.36,71.77,128.14,126.53,121.65,118.24,115.24,113.59,104.46
STLD,Steel Dynamics,Materials,Steel,172.89,173.86,102.41,171.04,169.16,165.4,157.09,144.22,141.53,135.67
STE,Steris,Health Care,Health Care Equipment,251.26,268.6,199.47,252.53,256.45,259.25,251.42,247.19,244.01,238.58
SYK,Stryker Corporation,Health Care,Health Care Equipment,352.62,403.95,327.71,353.34,355.17,361.92,365.9,373.42,377.05,374.65
SMCI,Supermicro,Information Technology,"Technology Hardware, Storage & Peripherals",30.06,66.44,25.71,31.89,33.36,33.18,41.92,44.48,45.56,42.74
SYF,Synchrony Financial,Financials,Consumer Finance,83.12,86.22,39.98,83.92,82.57,79.33,75.35,74.04,72.95,65.85
SNPS,Synopsys,Information Technology,Application Software,456.41,651.73,365.74,460.93,464.26,439.54,435.88,495.12,506.45,488.43
SYY,Sysco,Consumer Staples,Food Distributors,75.62,83.13,66.22,74.95,74.02,74.72,75.82,78.09,77.83,75.47
TMUS,T-Mobile US,Communication Services,Wireless Telecommunication Services,199.73,273.15,194.01,196.88,200.31,204.22,211.68,226.94,227.88,234.87
TROW,T. Rowe Price,Financials,Asset Management & Custody Banks,104.15,115.38,74.96,103.8,103.85,101.82,101.87,102.71,101.95,97.05
TTWO,Take-Two Interactive,Communication Services,Interactive Home Entertainment,241.53,264.79,177.35,243.81,245.54,243.63,248.39,243.59,242.27,233.71
TPR,"Tapestry, Inc.",Consumer Discretionary,"Apparel, Accessories & Luxury Goods",122.62,125.73,57.71,122.1,118.85,112.73,111.17,108.98,106.18,93.85
TRGP,Targa Resources,Energy,Oil & Gas Storage & Transportation,182.32,213.78,143.19,181.99,181.7,177.07,165.9,165.07,165.56,167.73
TGT,Target Corporation,Consumer Staples,Consumer Staples Merchandise Retail,98.22,138.95,83.44,97.5,95.26,91.71,90.95,92.46,94.01,94.7
TEL,TE Connectivity,Information Technology,Electronic Manufacturing Services,222.85,250.67,115.38,230.98,233.7,229.15,232.33,220.82,212.22,188.23
TDY,Teledyne Technologies,Information Technology,Electronic Equipment & Instruments,502.21,595.99,419.0,512.47,513.33,504.32,524.6,539.57,536.84,517.18
TER,Teradyne,Information Technology,Semiconductor Materials & Equipment,183.97,205.0,65.55,193.66,197.47,185.85,169.8,144.22,133.83,114.32
TSLA,"Tesla, Inc.",Consumer Discretionary,Automobile Manufacturers,489.88,491.5,214.25,464.5,456.35,435.42,437.22,401.82,385.15,348.02
TXN,Texas Instruments,Information Technology,Semiconductors,174.4,218.15,136.55,178.2,179.58,172.41,168.91,177.81,183.39,179.44
TPL,Texas Pacific Land Corporation,Energy,Oil & Gas Exploration & Production,890.7,1455.48,807.7,866.76,887.83,882.89,918.52,918.79,939.45,1061.75
TXT,Textron,Industrials,Aerospace & Defense,87.12,88.18,57.66,87.08,85.53,83.77,82.38,81.77,81.88,78.22
TMO,Thermo Fisher Scientific,Health Care,Life Sciences Tools & Services,564.24,608.82,384.82,572.12,571.16,577.75,565.96,524.91,505.29,481.87
TJX,TJX Companies,Consumer Discretionary,Apparel Retail,155.47,157.83,111.06,155.7,153.96,151.9,146.5,141.33,137.76,132.51
TKO,TKO Group Holdings,Communication Services,Movies & Entertainment,212.5,216.14,131.77,208.36,203.9,195.74,189.69,188.53,185.16,173.7
TTD,Trade Desk (The),Communication Services,Advertising,37.13,136.42,35.65,36.73,38.1,38.71,44.77,50.56,55.82,58.13
TSCO,Tractor Supply,Consumer Discretionary,Other Specialty Retail,53.54,63.47,46.26,52.58,52.99,53.26,54.04,56.45,56.29,54.32
TT,Trane Technologies,Industrials,Building Products,382.5,475.11,296.82,393.58,397.01,404.37,416.6,418.35,422.64,405.76
TDG,TransDigm Group,Industrials,Aerospace & Defense,1258.56,1519.36,1107.45,1286.67,1310.84,1328.2,1313.89,1317.08,1342.49,1325.6
TRV,Travelers Companies (The),Financials,Property & Casualty Insurance,290.65,295.68,226.54,287.81,283.57,286.15,278.46,274.56,271.37,266.86
TRMB,Trimble Inc.,Information Technology,Electronic Equipment & Instruments,79.07,87.5,52.91,80.67,81.48,80.56,79.56,80.62,80.38,75.36
TFC,Truist Financial,Financials,Diversified Banks,50.12,50.43,32.34,49.83,48.94,47.45,45.11,44.81,44.51,42.14
TYL,Tyler Technologies,Information Technology,Application Software,450.9,661.31,445.64,451.5,456.89,461.3,478.0,515.92,527.15,542.65
TSN,Tyson Foods,Consumer Staples,Packaged Foods & Meats,58.47,62.66,50.12,59.13,57.85,56.86,53.99,54.3,54.21,55.3
USB,U.S. Bancorp,Financials,Diversified Banks,53.76,54.03,34.43,53.59,52.71,50.64,48.39,47.78,47.35,44.96
UBER,Uber,Industrials,Passenger Ground Transportation,79.14,101.99,59.33,82.49,86.06,86.14,90.92,92.55,92.52,87.61
UDR,"UDR, Inc.",Real Estate,Multi-Family Residential REITs,36.47,44.96,32.94,35.71,35.45,35.52,35.34,36.54,37.24,38.67
ULTA,Ulta Beauty,Consumer Discretionary,Other Specialty Retail,587.98,611.9,309.01,592.69,589.18,557.55,538.95,532.43,522.51,474.37
UNP,Union Pacific Corporation,Industrials,Rail Transportation,237.03,250.85,200.99,237.89,236.31,231.67,225.5,223.8,224.64,223.58
UAL,United Airlines Holdings,Industrials,Passenger Airlines,110.52,116.0,52.0,109.19,107.35,102.96,99.41,99.43,96.58,88.1
UPS,United Parcel Service,Industrials,Air Freight & Logistics,101.21,128.18,80.6,100.56,98.46,96.55,92.19,88.07,90.03,92.96
URI,United Rentals,Industrials,Trading Companies & Distributors,791.51,1019.33,522.49,813.61,806.13,804.07,868.52,897.13,874.53,789.16
UNH,UnitedHealth Group,Health Care,Managed Health Care,331.68,594.32,231.57,337.11,332.11,326.62,337.05,322.12,316.52,351.61
UHS,Universal Health Services,Health Care,Health Care Facilities,224.64,246.13,152.04,223.72,226.19,231.05,221.3,202.42,196.92,190.35
VLO,Valero Energy,Energy,Oil & Gas Refining & Marketing,163.16,184.46,96.76,166.82,170.81,173.37,170.32,160.58,156.75,143.91
VTR,Ventas,Real Estate,Health Care REITs,78.78,81.89,55.47,78.15,79.28,79.56,75.17,71.49,69.96,68.14
VLTO,Veralto,Industrials,Environmental & Facilities Services,100.04,109.99,83.69,99.42,99.79,100.1,100.59,103.6,103.25,100.64
VRSN,Verisign,Information Technology,Internet Services & Infrastructure,244.15,308.75,189.47,242.93,245.63,248.31,250.27,262.81,267.07,264.42
VRSK,Verisk Analytics,Industrials,Research & Consulting Services,219.54,321.24,196.59,217.59,217.85,220.45,223.94,242.27,254.22,270.76
VZ,Verizon,Communication Services,Integrated Telecommunication Services,40.76,45.09,35.79,40.68,40.77,40.79,40.36,41.6,41.55,41.7
VRTX,Vertex Pharmaceuticals,Health Care,Biotechnology,449.61,519.68,362.5,450.17,450.59,439.49,427.97,413.66,423.0,441.66
VTRS,Viatris,Health Care,Pharmaceuticals,11.68,12.16,6.6,11.61,11.36,10.95,10.52,10.17,9.93,9.32
VICI,Vici Properties,Real Estate,Hotel & Resort REITs,28.31,33.54,26.86,28.4,28.12,28.42,29.73,31.13,31.41,31.23
V,Visa Inc.,Financials,Transaction & Payment Processing Services,344.99,374.11,297.39,346.09,336.79,333.27,337.46,340.17,342.29,343.26
VST,Vistra Corp.,Utilities,Electric Utilities,160.87,219.82,90.3,169.45,168.66,171.38,183.81,192.25,192.02,171.73
VMC,Vulcan Materials Company,Materials,Construction Materials,285.7,311.21,213.97,294.09,293.84,291.61,292.68,291.81,286.28,272.45
WRB,W. R. Berkley Corporation,Financials,Property & Casualty Insurance,69.06,78.96,55.38,68.73,68.64,72.63,74.19,73.19,72.61,71.21
GWW,W. W. Grainger,Industrials,Industrial Machinery & Supplies & Components,1019.52,1139.81,887.81,1025.22,998.39,971.32,960.69,971.32,984.02,997.24
WAB,Wabtec,Industrials,Construction Machinery & Heavy Transportation Equipment,212.35,219.63,151.24,214.96,213.91,208.52,203.46,197.91,200.07,195.4
WMT,Walmart,Consumer Staples,Consumer Staples Merchandise Retail,115.51,117.45,79.27,115.94,115.03,111.51,106.76,103.76,102.25,98.6
DIS,Walt Disney Company (The),Communication Services,Movies & Entertainment,110.72,123.85,79.22,110.88,108.51,106.01,108.63,111.85,113.57,108.72
WBD,Warner Bros. Discovery,Communication Services,Broadcasting,28.31,30.0,7.52,29.28,28.2,25.89,22.86,18.77,17.41,14.46
WM,Waste Management,Industrials,Environmental & Facilities Services,220.0,239.91,193.36,216.98,214.05,214.56,210.7,216.6,218.47,222.17
WAT,Waters Corporation,Health Care,Life Sciences Tools & Services,377.13,423.56,275.05,385.82,389.68,392.07,368.49,332.92,331.79,339.16
WEC,WEC Energy Group,Utilities,Electric Utilities,104.83,117.25,88.91,104.39,104.7,107.51,110.92,109.76,108.63,107.0
WFC,Wells Fargo,Financials,Diversified Banks,92.55,94.26,57.46,92.6,91.27,88.23,85.94,83.07,82.54,77.97
WELL,Welltower,Real Estate,Health Care REITs,190.07,209.05,120.99,188.53,193.86,198.17,187.52,177.58,172.97,163.37
WST,West Pharmaceutical Services,Health Care,Health Care Supplies,269.24,347.77,186.94,269.41,272.85,271.59,273.51,262.13,254.63,240.39
WDC,Western Digital,Information Technology,"Technology Hardware, Storage & Peripherals",166.12,188.77,28.72,175.26,172.74,163.31,149.22,120.55,109.57,85.37
WY,Weyerhaeuser,Real Estate,Timber REITs,23.82,30.64,20.96,23.41,22.76,22.24,22.7,23.86,24.2,25.03
WSM,"Williams-Sonoma, Inc.",Consumer Discretionary,Homefurnishing Retail,185.87,217.31,128.49,186.64,182.75,180.41,186.54,191.96,187.26,176.71
WMB,Williams Companies,Energy,Oil & Gas Storage & Transportation,58.85,65.01,50.16,59.38,60.48,60.02,59.84,59.21,58.99,58.27
WTW,Willis Towers Watson,Financials,Insurance Brokers,329.33,352.79,291.3,326.09,323.03,320.7,324.91,327.84,323.27,320.07
WDAY,"Workday, Inc.",Information Technology,Application Software,216.67,283.68,205.33,219.24,219.88,219.86,228.23,229.17,230.45,235.92
WYNN,Wynn Resorts,Consumer Discretionary,Casinos & Gaming,125.39,134.72,64.8,125.24,125.24,125.68,123.09,120.99,117.64,105.02
XEL,Xcel Energy,Utilities,Multi-Utilities,73.28,83.01,61.07,74.51,75.36,77.68,79.6,76.69,75.1,72.55
XYL,Xylem Inc.,Industrials,Industrial Machinery & Supplies & Components,136.69,153.83,99.59,137.94,138.33,139.2,144.08,142.98,140.36,132.76
YUM,Yum! Brands,Consumer Discretionary,Restaurants,153.35,160.96,119.81,151.48,147.77,149.07,146.44,146.26,146.27,146.5
ZBRA,Zebra Technologies,Information Technology,Electronic Equipment & Instruments,254.13,427.76,205.73,265.09,264.23,253.66,268.48,291.98,297.45,288.16
ZBH,Zimmer Biomet,Health Care,Health Care Equipment,91.53,113.87,85.33,92.08,92.6,93.02,95.36,97.94,97.06,98.17
ZTS,Zoetis,Health Care,Pharmaceuticals,123.1,176.94,115.25,120.73,119.47,121.53,129.8,139.35,142.27,148.5
