Symbol,Company,GICS_Sector,GICS_Sub_Industry,Current_Price,52_Week_High,52_Week_Low,SMA_5,SMA_10,SMA_20,SMA_50,SMA_100,SMA_125,SMA_200
MMM,3M,Industrials,Industrial Conglomerates,159.47,163.4,120.83,155.08,155.03,154.92,153.4,148.77,147.28,143.97
AOS,A. O. Smith,Industrials,Building Products,74.3,90.29,58.25,73.29,72.32,72.37,70.96,68.31,67.51,67.81
ABT,Abbott Laboratories,Health Care,Health Care Equipment,132.65,139.95,109.57,131.82,131.96,131.7,130.35,131.38,130.46,127.07
ABBV,AbbVie,Health Care,Biotechnology,220.22,221.76,159.42,212.93,211.97,209.85,199.07,191.94,192.06,188.2
ACN,Accenture,Information Technology,IT Consulting & Other Services,244.15,394.41,236.67,249.95,252.92,253.21,265.29,285.75,288.47,314.43
ADBE,Adobe Inc.,Information Technology,Application Software,350.55,587.75,330.04,352.48,351.15,353.83,358.35,375.72,375.29,405.95
AMD,Advanced Micro Devices,Information Technology,Semiconductors,155.67,186.65,76.48,154.72,159.1,164.3,162.24,138.06,130.23,126.04
AES,AES Corporation,Utilities,Independent Power Producers & Energy Traders,12.85,19.17,9.28,12.79,13.04,13.16,12.95,11.72,11.66,11.58
AFL,Aflac,Financials,Life & Health Insurance,108.69,113.54,96.14,107.09,106.93,106.89,103.57,103.71,104.31,104.22
A,Agilent Technologies,Health Care,Life Sciences Tools & Services,126.73,153.19,96.23,126.8,126.35,122.69,119.58,115.9,115.16,123.43
APD,Air Products,Materials,Industrial Gases,294.52,336.92,242.14,289.59,291.05,291.97,291.78,282.47,281.67,291.51
ABNB,Airbnb,Consumer Discretionary,"Hotels, Resorts & Cruise Lines",123.05,163.93,99.88,123.74,125.76,126.25,130.84,130.51,128.32,131.11
AKAM,Akamai Technologies,Information Technology,Internet Services & Infrastructure,79.2,106.8,67.51,78.31,78.08,77.15,77.26,77.87,77.9,83.74
ALB,Albemarle Corporation,Materials,Specialty Chemicals,75.05,112.1,49.11,76.9,79.33,80.47,76.19,67.58,67.44,75.01
ARE,Alexandria Real Estate Equities,Real Estate,Office REITs,84.74,118.73,66.16,84.54,83.23,80.86,78.86,75.09,77.34,84.55
ALGN,Align Technology,Health Care,Health Care Supplies,135.91,262.87,127.7,136.15,136.81,140.23,163.03,172.13,170.33,185.85
ALLE,Allegion,Industrials,Building Products,177.18,177.74,116.14,172.51,170.97,170.19,162.54,151.01,146.11,140.56
LNT,Alliant Energy,Utilities,Electric Utilities,64.66,67.11,54.71,64.27,64.53,65.11,64.27,62.42,62.2,61.17
ALL,Allstate,Financials,Property & Casualty Insurance,202.47,213.71,173.88,200.89,202.69,204.22,199.99,199.63,199.44,196.32
GOOGL,Alphabet Inc. (Class A),Communication Services,Interactive Media & Services,240.37,242.25,140.23,237.6,228.59,216.21,199.82,183.11,177.99,180.29
GOOG,Alphabet Inc. (Class C),Communication Services,Interactive Media & Services,240.78,242.57,142.36,237.88,229.01,216.83,200.62,184.2,179.29,181.71
MO,Altria,Consumer Staples,Tobacco,66.36,68.6,46.28,66.22,66.51,66.59,62.99,60.69,59.81,56.89
AMZN,Amazon,Consumer Discretionary,Broadline Retail,229.95,242.52,161.38,233.34,231.43,229.81,226.6,214.7,209.5,213.82
AMCR,Amcor,Materials,Paper & Plastic Packaging Products & Materials,8.33,11.04,8.16,8.25,8.36,8.47,9.16,9.16,9.19,9.38
AEE,Ameren,Utilities,Multi-Utilities,100.31,102.85,80.42,99.6,99.45,99.95,99.0,97.33,97.3,95.25
AEP,American Electric Power,Utilities,Electric Utilities,108.74,115.08,87.57,108.22,109.27,111.01,109.3,105.95,105.49,101.94
AXP,American Express,Financials,Consumer Finance,329.32,332.46,219.87,325.73,327.24,319.67,313.12,301.21,292.85,295.3
AIG,American International Group,Financials,Multi-line Insurance,78.72,87.61,68.55,78.64,80.02,80.91,80.44,81.87,82.01,79.2
AMT,American Tower,Real Estate,Telecom Tower REITs,196.55,235.86,169.77,195.37,197.51,202.37,211.77,213.25,212.96,204.37
AWK,American Water Works,Utilities,Water Utilities,139.63,153.69,116.64,140.37,141.2,142.9,142.03,141.79,141.98,136.56
AMP,Ameriprise Financial,Financials,Asset Management & Custody Banks,500.97,576.69,393.57,493.61,503.14,506.71,516.51,509.1,502.12,514.2
AME,Ametek,Industrials,Electrical Components & Equipment,192.03,197.35,144.77,188.61,187.16,185.91,183.13,179.16,176.8,179.74
AMGN,Amgen,Health Care,Biotechnology,282.73,330.26,247.06,281.01,282.92,287.09,291.44,284.74,287.12,283.73
APH,Amphenol,Information Technology,Electronic Components,119.47,120.8,56.35,115.27,112.98,111.37,106.84,96.71,90.39,82.64
ADI,Analog Devices,Information Technology,Semiconductors,248.24,257.11,157.31,247.94,248.22,245.6,238.08,226.37,219.52,217.69
AON,Aon plc,Financials,Insurance Brokers,372.25,411.24,322.37,368.31,369.45,369.94,362.92,360.11,364.92,368.72
APA,APA Corporation,Energy,Oil & Gas Exploration & Production,22.98,26.13,13.18,22.59,22.91,22.02,20.35,18.88,18.67,19.72
APO,Apollo Global Management,Financials,Asset Management & Custody Banks,136.4,187.59,101.84,134.09,134.63,135.47,141.74,137.98,136.73,145.87
AAPL,Apple Inc.,Information Technology,"Technology Hardware, Storage & Peripherals",230.03,259.18,168.8,233.75,234.14,231.64,220.56,211.66,210.77,221.03
AMAT,Applied Materials,Information Technology,Semiconductor Materials & Equipment,170.15,213.48,123.04,164.37,162.0,163.37,178.47,170.82,165.6,167.42
APTV,Aptiv,Consumer Discretionary,Automotive Parts & Equipment,83.72,84.47,47.19,82.04,80.85,78.77,73.1,68.81,66.55,64.61
ACGL,Arch Capital Group,Financials,Property & Casualty Insurance,92.29,110.75,82.49,90.94,91.39,91.63,89.71,91.05,91.44,92.02
ADM,Archer Daniels Midland,Consumer Staples,Agricultural Products & Services,61.42,64.38,40.22,62.05,62.13,61.62,57.65,53.28,51.72,50.52
ANET,Arista Networks,Information Technology,Communications Equipment,153.04,156.32,59.43,145.71,141.57,137.88,125.39,107.9,101.81,103.62
AJG,Arthur J. Gallagher & Co.,Financials,Insurance Brokers,300.61,349.78,272.05,298.12,299.62,299.0,300.92,314.47,317.81,312.26
AIZ,Assurant,Financials,Multi-line Insurance,213.31,227.13,173.64,211.35,213.54,213.31,200.02,198.04,198.5,202.76
T,AT&T,Communication Services,Integrated Telecommunication Services,29.49,29.79,20.22,29.32,29.25,29.1,28.24,27.82,27.61,26.05
ATO,Atmos Energy,Utilities,Gas Utilities,166.39,167.99,129.65,164.94,165.18,165.29,159.86,157.35,155.86,150.61
ADSK,Autodesk,Information Technology,Application Software,324.52,329.09,232.67,325.33,318.65,302.72,300.24,295.71,288.79,290.81
ADP,Automatic Data Processing,Industrials,Human Resource & Employment Services,298.03,328.29,265.21,296.41,299.0,301.71,303.33,306.25,304.1,301.78
AZO,AutoZone,Consumer Discretionary,Automotive Retail,4354.54,4388.11,2898.57,4272.17,4235.87,4172.43,3968.53,3832.68,3797.32,3625.23
AVB,AvalonBay Communities,Real Estate,Multi-Family Residential REITs,196.83,233.48,178.86,194.92,193.79,192.53,194.94,199.49,200.22,206.52
AVY,Avery Dennison,Materials,Paper & Plastic Packaging Products & Materials,168.55,219.94,155.31,167.32,167.96,171.11,173.66,174.35,173.91,178.7
AXON,Axon Enterprise,Industrials,Aerospace & Defense,751.11,885.92,353.91,739.93,742.79,753.74,762.43,739.77,701.94,667.04
BKR,Baker Hughes,Energy,Oil & Gas Equipment & Services,46.97,48.6,31.55,46.11,45.82,44.74,43.05,40.16,40.28,41.35
BALL,Ball Corporation,Materials,"Metal, Glass & Plastic Containers",51.12,67.13,43.18,50.7,50.94,51.92,55.02,54.04,53.13,53.52
BAC,Bank of America,Financials,Diversified Banks,50.75,50.96,32.69,50.08,50.13,49.27,47.82,45.44,44.18,44.32
BAX,Baxter International,Health Care,Health Care Equipment,24.49,39.59,21.18,24.29,24.16,24.14,25.72,27.98,28.62,29.66
BDX,Becton Dickinson,Health Care,Health Care Equipment,190.56,248.0,161.47,190.48,190.05,192.67,185.0,180.03,187.16,201.73
BBY,Best Buy,Consumer Discretionary,Computer & Electronics Retail,78.46,99.71,54.24,77.17,75.85,74.57,71.06,69.78,69.22,74.53
TECH,Bio-Techne,Health Care,Life Sciences Tools & Services,53.21,80.52,45.87,53.38,53.55,54.3,53.88,51.77,52.63,59.5
BIIB,Biogen,Health Care,Biotechnology,148.84,204.18,110.04,143.41,140.31,138.92,133.77,129.75,129.86,136.49
BLK,BlackRock,Financials,Asset Management & Custody Banks,1134.18,1166.38,766.05,1109.36,1110.12,1120.87,1108.95,1033.39,1007.92,1001.01
BX,Blackstone Inc.,Financials,Asset Management & Custody Banks,183.92,196.67,114.16,175.72,172.88,171.13,168.7,153.51,150.15,157.35
XYZ,"Block, Inc.",Financials,Transaction & Payment Processing Services,74.23,99.26,44.27,74.85,76.24,76.5,74.87,67.21,65.02,71.89
BK,BNY Mellon,Financials,Asset Management & Custody Banks,105.6,106.57,64.5,104.42,104.87,103.71,100.44,93.45,90.69,87.13
BA,Boeing,Industrials,Aerospace & Defense,219.99,242.69,128.88,227.52,230.89,230.62,228.33,213.28,203.28,190.88
BKNG,Booking Holdings,Consumer Discretionary,"Hotels, Resorts & Cruise Lines",5498.0,5829.37,3692.85,5524.03,5549.75,5577.63,5592.54,5435.15,5257.33,5127.73
BSX,Boston Scientific,Health Care,Health Care Equipment,104.34,109.5,80.64,106.6,106.58,105.73,104.86,103.88,102.63,100.48
BMY,Bristol Myers Squibb,Health Care,Pharmaceuticals,47.54,61.84,42.96,47.16,47.14,47.54,47.09,47.19,48.85,51.63
AVGO,Broadcom,Information Technology,Semiconductors,359.63,374.23,137.78,349.28,325.92,312.23,298.07,264.16,246.56,232.77
BR,Broadridge Financial Solutions,Industrials,Data Processing & Outsourced Services,254.82,271.91,204.82,252.35,252.82,256.4,251.1,244.73,242.42,238.47
BRO,Brown & Brown,Financials,Insurance Brokers,94.24,125.31,90.24,94.07,94.97,95.54,98.43,104.44,107.42,107.65
BLDR,Builders FirstSource,Industrials,Building Products,146.56,203.14,102.6,144.87,142.01,140.33,134.46,124.38,124.31,136.18
BG,Bunge Global,Consumer Staples,Agricultural Products & Services,81.94,97.07,65.6,83.42,82.97,83.13,79.65,79.13,78.06,77.32
BXP,"BXP, Inc.",Real Estate,Office REITs,76.23,86.38,53.45,75.02,74.08,70.79,69.13,68.0,67.14,68.64
CHRW,C.H. Robinson,Industrials,Air Freight & Logistics,131.02,131.18,83.72,127.35,127.71,125.55,112.93,103.05,101.51,101.46
CDNS,Cadence Design Systems,Information Technology,Application Software,354.7,376.45,221.56,353.33,351.08,349.58,341.62,321.24,308.22,302.04
CZR,Caesars Entertainment,Consumer Discretionary,Casinos & Gaming,25.9,45.93,21.4,25.93,26.02,25.94,27.27,27.54,27.26,30.04
CPT,Camden Property Trust,Real Estate,Multi-Family Residential REITs,110.76,124.31,101.41,110.7,110.46,109.3,110.48,112.77,113.19,114.1
CPB,Campbell's Company (The),Consumer Staples,Packaged Foods & Meats,33.76,50.77,29.39,33.78,33.03,32.75,32.19,33.03,34.0,36.14
COF,Capital One,Financials,Consumer Finance,224.35,231.82,129.97,222.38,223.72,221.12,217.27,204.78,197.47,193.85
CAH,Cardinal Health,Health Care,Health Care Distributors,152.47,168.44,104.89,150.51,150.03,149.71,155.03,153.73,149.41,139.46
KMX,CarMax,Consumer Discretionary,Automotive Retail,61.25,91.25,54.53,60.78,60.83,59.97,60.8,63.4,65.28,71.83
CCL,Carnival,Consumer Discretionary,"Hotels, Resorts & Cruise Lines",32.47,32.8,15.07,31.71,31.72,31.1,30.11,26.28,24.87,24.91
CARR,Carrier Global,Industrials,Building Products,62.3,82.31,53.89,63.88,64.03,65.23,69.79,69.8,68.37,68.3
CAT,Caterpillar Inc.,Industrials,Construction Machinery & Heavy Transportation Equipment,431.38,441.15,265.05,423.65,422.36,422.4,418.6,380.5,367.28,366.59
CBOE,Cboe Global Markets,Financials,Financial Exchanges & Data,236.37,255.27,186.22,234.05,234.29,240.19,240.77,232.49,229.26,219.49
CBRE,CBRE Group,Real Estate,Real Estate Services,165.9,167.56,108.45,163.7,162.3,161.7,153.17,140.77,137.62,137.2
CDW,CDW Corporation,Information Technology,Technology Distributors,165.73,227.65,136.33,168.61,166.55,165.9,171.09,172.46,169.58,173.71
COR,Cencora,Health Care,Health Care Distributors,302.8,308.18,216.84,297.63,295.23,294.63,292.8,291.09,287.63,270.49
CNC,Centene Corporation,Health Care,Managed Health Care,34.08,77.29,25.08,30.85,30.0,29.4,28.85,43.27,46.8,51.83
CNP,CenterPoint Energy,Utilities,Multi-Utilities,38.24,39.16,25.67,37.73,37.69,37.8,37.48,37.18,36.9,35.09
CF,CF Industries,Materials,Fertilizers & Agricultural Chemicals,86.13,103.84,66.56,85.33,85.7,85.68,89.22,88.41,85.62,85.39
CRL,Charles River Laboratories,Health Care,Life Sciences Tools & Services,159.74,230.02,91.86,159.28,160.88,160.17,160.74,148.67,147.52,158.55
SCHW,Charles Schwab Corporation,Financials,Investment Banking & Brokerage,93.94,99.42,60.38,93.07,94.82,95.58,95.14,90.52,87.66,84.01
CHTR,Charter Communications,Communication Services,Cable & Satellite,263.92,437.06,251.8,263.13,263.0,265.81,309.05,351.2,351.91,355.95
CVX,Chevron Corporation,Energy,Integrated Oil & Gas,158.25,165.09,129.01,155.71,157.61,156.58,153.13,145.61,146.51,147.58
CMG,Chipotle Mexican Grill,Consumer Discretionary,Restaurants,38.96,66.74,38.3,39.57,40.73,41.94,46.2,48.84,48.94,52.39
CB,Chubb Limited,Financials,Property & Casualty Insurance,282.89,305.88,250.52,278.44,277.54,276.39,274.63,280.96,282.76,279.45
CHD,Church & Dwight,Consumer Staples,Household Products,94.42,115.72,90.22,94.54,93.97,93.72,94.7,95.58,97.63,100.85
CI,Cigna,Health Care,Health Care Services,305.87,363.87,255.6,303.3,301.56,299.95,294.94,306.92,309.67,303.94
CINF,Cincinnati Financial,Financials,Property & Casualty Insurance,156.76,158.92,122.28,153.92,153.86,153.45,150.85,147.8,146.11,144.47
CTAS,Cintas,Industrials,Diversified Support Services,204.5,228.77,179.74,203.05,205.16,210.31,216.21,217.17,213.62,209.1
CSCO,Cisco,Information Technology,Communications Equipment,67.69,72.55,46.57,67.39,67.89,67.68,68.28,65.33,63.93,62.39
C,Citigroup,Financials,Diversified Banks,98.82,99.04,54.51,96.92,96.49,95.53,92.97,83.65,80.17,77.71
CFG,Citizens Financial Group,Financials,Regional Banks,51.76,52.85,31.96,51.74,51.89,50.76,48.91,44.4,43.1,43.59
CLX,Clorox,Consumer Staples,Household Products,124.41,166.9,116.17,125.26,123.0,121.57,123.68,126.68,129.5,139.0
CME,CME Group,Financials,Financial Exchanges & Data,262.38,288.09,203.31,261.17,263.49,267.15,272.84,272.9,270.16,256.97
CMS,CMS Energy,Utilities,Multi-Utilities,71.67,75.33,62.54,71.21,71.3,71.92,71.74,70.96,71.17,69.64
KO,Coca-Cola Company (The),Consumer Staples,Soft Drinks & Non-alcoholic Beverages,67.62,73.85,59.75,67.74,68.23,68.95,69.41,70.15,70.11,67.83
CTSH,Cognizant,Information Technology,IT Consulting & Other Services,70.55,89.77,64.98,70.7,71.25,71.12,73.01,75.37,75.05,77.1
COIN,Coinbase,Financials,Financial Exchanges & Data,323.95,444.65,142.58,311.87,308.5,309.91,342.33,297.27,273.64,272.47
CL,Colgate-Palmolive,Consumer Staples,Household Products,84.06,105.39,82.29,84.17,84.02,84.55,86.19,88.27,88.81,89.07
CMCSA,Comcast,Communication Services,Cable & Satellite,33.4,44.12,31.03,33.69,33.8,33.71,33.88,34.12,34.28,35.21
CAG,Conagra Brands,Consumer Staples,Packaged Foods & Meats,19.44,31.36,18.18,19.39,19.18,19.2,19.17,20.74,21.61,23.02
COP,ConocoPhillips,Energy,Oil & Gas Exploration & Production,94.13,112.56,78.56,92.93,95.15,95.41,94.18,91.57,92.08,94.27
ED,Consolidated Edison,Utilities,Multi-Utilities,97.7,112.97,85.07,97.29,97.57,99.24,100.51,102.07,103.03,99.22
STZ,Constellation Brands,Consumer Staples,Distillers & Vintners,142.98,255.51,142.25,145.28,149.1,157.12,165.03,171.2,172.83,182.08
CEG,Constellation Energy,Utilities,Electric Utilities,318.0,356.57,160.94,307.84,309.15,312.96,320.78,301.29,282.49,276.01
COO,Cooper Companies (The),Health Care,Health Care Supplies,68.46,112.38,61.78,68.25,67.37,70.55,71.77,74.04,75.17,82.1
CPRT,Copart,Industrials,Diversified Support Services,48.9,64.38,45.05,48.56,48.69,48.3,47.42,51.39,52.35,54.55
GLW,Corning Inc.,Information Technology,Electronic Components,75.47,77.08,36.95,73.23,70.93,68.23,61.79,54.83,52.7,51.13
CPAY,Corpay,Financials,Transaction & Payment Processing Services,313.6,400.81,269.02,311.95,316.77,319.05,323.19,326.67,327.42,340.63
CTVA,Corteva,Materials,Fertilizers & Agricultural Chemicals,72.99,77.22,53.14,72.5,72.96,72.9,73.0,70.72,68.61,65.59
CSGP,CoStar Group,Real Estate,Real Estate Services,87.06,97.43,68.26,87.8,88.39,88.79,89.09,83.59,82.56,79.93
COST,Costco,Consumer Staples,Consumer Staples Merchandise Retail,964.32,1075.34,862.73,967.04,956.8,961.54,961.01,981.49,972.36,974.59
CTRA,Coterra,Energy,Oil & Gas Exploration & Production,24.37,29.29,21.55,24.08,24.24,23.96,24.04,24.46,24.93,25.4
CRWD,CrowdStrike,Information Technology,Systems Software,433.38,517.98,242.25,425.49,423.23,422.14,448.99,451.19,433.73,411.96
CCI,Crown Castle,Real Estate,Telecom Tower REITs,95.58,115.8,81.93,94.83,96.16,99.07,102.9,101.81,101.59,97.53
CSX,CSX Corporation,Industrials,Rail Transportation,32.85,37.1,26.01,32.41,32.42,33.61,34.19,32.35,31.61,31.94
CMI,Cummins,Industrials,Construction Machinery & Heavy Transportation Equipment,411.03,413.66,257.24,401.67,399.7,399.1,373.96,343.46,335.23,343.23
CVS,CVS Health,Health Care,Health Care Services,74.67,75.0,42.12,72.89,73.08,71.78,66.66,65.51,65.63,61.35
DHR,Danaher Corporation,Health Care,Life Sciences Tools & Services,195.16,278.43,170.73,196.18,199.43,204.14,201.33,198.14,198.32,208.06
DRI,Darden Restaurants,Consumer Discretionary,Restaurants,213.4,226.68,149.33,211.53,209.78,208.23,207.84,208.39,205.9,196.99
DDOG,Datadog,Information Technology,Application Software,139.15,170.08,81.63,138.25,136.8,132.65,137.7,126.71,121.09,127.95
DVA,DaVita,Health Care,Health Care Services,133.24,179.6,126.07,134.92,135.69,136.27,138.72,139.26,141.31,147.69
DAY,Dayforce,Industrials,Human Resource & Employment Services,69.02,82.69,48.01,69.03,69.32,67.29,60.63,59.19,58.65,62.93
DECK,Deckers Brands,Consumer Discretionary,Footwear,117.87,223.98,93.72,117.0,119.32,113.62,108.37,109.88,110.39,137.71
DE,Deere & Company,Industrials,Agricultural & Farm Machinery,476.46,532.1,373.4,475.64,476.95,483.09,499.17,498.92,491.33,477.32
DELL,Dell Technologies,Information Technology,"Technology Hardware, Storage & Peripherals",125.37,145.54,65.56,123.79,124.68,128.95,129.24,118.31,112.28,112.2
DAL,Delta Air Lines,Industrials,Passenger Airlines,60.44,69.36,34.52,61.09,61.21,60.72,56.83,52.05,50.24,54.62
DVN,Devon Energy,Energy,Oil & Gas Exploration & Production,35.29,42.42,25.71,34.88,35.35,34.88,33.83,32.93,32.96,33.53
DXCM,Dexcom,Health Care,Health Care Equipment,76.0,93.25,57.52,77.78,77.33,78.45,81.17,81.49,78.91,80.06
FANG,Diamondback Energy,Energy,Oil & Gas Exploration & Production,138.42,195.31,112.4,138.07,142.32,141.9,142.01,140.24,140.87,148.18
DLR,Digital Realty,Real Estate,Data Center REITs,174.67,193.72,129.05,167.4,166.05,166.24,170.56,169.23,164.46,166.65
DG,Dollar General,Consumer Staples,Consumer Staples Merchandise Retail,105.39,117.95,65.67,106.88,108.35,110.49,111.0,106.26,102.19,91.57
DLTR,Dollar Tree,Consumer Staples,Consumer Staples Merchandise Retail,99.39,118.06,60.49,99.01,103.04,107.95,110.07,100.12,94.22,85.91
D,Dominion Energy,Utilities,Multi-Utilities,60.01,61.75,46.96,58.88,58.76,59.49,58.67,56.46,55.71,54.83
DPZ,Domino's,Consumer Discretionary,Restaurants,456.62,497.15,390.2,459.22,459.98,455.11,459.27,465.05,463.23,457.0
DASH,DoorDash,Consumer Discretionary,Specialized Consumer Services,260.19,278.15,122.73,254.32,250.59,248.95,247.7,227.46,218.74,205.25
DOV,Dover Corporation,Industrials,Industrial Machinery & Supplies & Components,178.1,220.46,142.22,176.83,177.3,178.26,181.43,178.95,177.23,183.74
DOW,Dow Inc.,Materials,Commodity Chemicals,25.02,51.74,20.11,24.29,24.26,24.0,24.92,26.57,27.52,31.39
DHI,D. R. Horton,Consumer Discretionary,Homebuilding,181.01,197.64,109.8,180.17,175.84,171.1,154.45,138.92,135.99,137.82
DTE,DTE Energy,Utilities,Multi-Utilities,136.76,142.05,112.71,135.77,135.96,137.55,137.0,135.53,135.05,130.15
DUK,Duke Energy,Utilities,Electric Utilities,122.11,126.75,102.41,120.92,121.37,122.38,120.57,118.4,118.17,114.89
DD,DuPont,Materials,Specialty Chemicals,77.99,88.2,53.17,77.28,76.9,75.86,74.3,70.54,70.08,72.96
EMN,Eastman Chemical Company,Materials,Specialty Chemicals,67.93,111.31,56.78,67.71,68.26,67.74,71.02,74.45,76.19,83.04
ETN,Eaton Corporation,Industrials,Electrical Components & Equipment,360.08,398.4,230.37,353.82,350.85,350.28,361.66,339.79,327.31,327.56
EBAY,eBay Inc.,Consumer Discretionary,Broadline Retail,92.46,100.83,55.44,92.38,91.81,94.86,87.82,80.05,77.02,72.44
ECL,Ecolab,Materials,Specialty Chemicals,274.88,286.04,221.08,272.71,274.26,277.87,272.46,265.22,261.12,256.15
EIX,Edison International,Utilities,Electric Utilities,56.22,85.03,46.98,54.86,55.1,55.23,53.6,53.55,54.0,57.79
EW,Edwards Lifesciences,Health Care,Health Care Equipment,78.01,83.0,64.01,79.45,80.38,80.24,78.82,77.29,75.94,74.54
EA,Electronic Arts,Communication Services,Interactive Home Entertainment,169.89,180.7,114.77,168.58,169.32,170.84,162.21,155.88,153.1,148.81
ELV,Elevance Health,Health Care,Managed Health Care,314.89,549.9,272.22,310.69,312.59,310.27,306.33,348.34,364.29,372.3
EMR,Emerson Electric,Industrials,Electrical Components & Equipment,137.47,149.68,89.31,133.69,132.9,132.6,137.25,127.65,123.25,123.33
ENPH,Enphase Energy,Information Technology,Semiconductor Materials & Equipment,37.32,126.19,29.89,38.17,37.67,36.9,36.91,40.37,43.91,52.4
ETR,Entergy,Utilities,Electric Utilities,89.86,91.79,58.27,87.98,87.89,88.58,87.12,84.57,84.08,81.84
EOG,EOG Resources,Energy,Oil & Gas Exploration & Production,120.0,135.49,100.76,118.63,121.06,120.4,119.66,116.77,116.83,120.17
EPAM,EPAM Systems,Information Technology,IT Consulting & Other Services,157.85,269.0,138.15,161.98,167.73,167.53,166.47,168.91,167.95,193.47
EQT,EQT Corporation,Energy,Oil & Gas Exploration & Production,50.96,60.83,31.05,50.95,51.47,51.59,53.03,53.9,53.36,51.38
EFX,Equifax,Industrials,Research & Consulting Services,260.23,307.44,199.2,252.09,246.17,247.06,249.12,255.51,250.63,252.26
EQIX,Equinix,Real Estate,Data Center REITs,797.48,977.63,693.42,779.36,777.11,777.09,776.31,816.58,813.3,851.39
EQR,Equity Residential,Real Estate,Multi-Family Residential REITs,66.89,76.06,58.81,66.51,65.83,65.1,65.47,67.06,67.14,68.21
ERIE,Erie Indemnity,Financials,Insurance Brokers,337.92,539.84,323.76,334.16,337.92,349.56,351.84,355.61,366.41,381.95
ESS,Essex Property Trust,Real Estate,Multi-Family Residential REITs,268.81,310.81,241.65,267.03,265.99,264.18,271.01,275.41,277.3,280.64
EL,Estée Lauder Companies (The),Consumer Staples,Personal Care Products,86.81,101.55,47.94,88.2,89.4,89.41,89.35,77.87,74.48,74.14
EG,Everest Group,Financials,Reinsurance,348.44,400.59,318.14,341.73,342.96,341.36,336.7,339.86,342.3,346.62
EVRG,Evergy,Utilities,Electric Utilities,72.3,73.29,56.68,71.48,71.41,71.58,70.38,68.37,67.89,65.77
ES,Eversource Energy,Utilities,Electric Utilities,65.05,67.15,51.64,63.87,63.81,64.47,65.13,63.74,62.74,60.98
EXC,Exelon,Utilities,Electric Utilities,43.5,47.26,34.98,43.27,43.39,43.99,43.77,43.71,43.83,42.0
EXE,Expand Energy,Energy,Oil & Gas Exploration & Production,95.84,121.47,66.93,95.41,96.3,95.48,99.05,105.24,105.07,102.59
EXPE,Expedia Group,Consumer Discretionary,"Hotels, Resorts & Cruise Lines",221.36,222.1,125.66,217.34,215.74,212.39,195.68,180.17,176.15,179.15
EXPD,Expeditors International,Industrials,Air Freight & Logistics,123.35,129.91,99.78,121.66,121.3,120.81,118.02,115.04,114.66,114.66
EXR,Extra Space Storage,Real Estate,Self-Storage REITs,148.31,178.97,119.72,146.5,144.63,142.0,144.14,145.23,144.24,146.92
XOM,ExxonMobil,Energy,Integrated Oil & Gas,112.14,121.93,96.01,110.87,112.1,110.65,109.85,107.78,108.02,107.87
FFIV,"F5, Inc.",Information Technology,Communications Equipment,334.59,337.39,197.34,324.64,318.49,317.34,310.2,295.93,289.27,282.89
FDS,FactSet,Financials,Financial Exchanges & Data,370.5,495.04,360.82,370.29,370.86,373.82,399.02,419.07,421.54,437.95
FICO,Fair Isaac,Information Technology,Application Software,1596.56,2402.52,1300.0,1548.73,1531.62,1454.89,1489.82,1688.79,1720.4,1817.83
FAST,Fastenal,Industrials,Trading Companies & Distributors,47.33,50.63,32.2,47.88,48.82,49.21,47.11,43.98,42.77,40.68
FRT,Federal Realty Investment Trust,Real Estate,Retail REITs,101.8,114.28,79.72,101.4,100.76,98.8,95.83,95.03,94.53,98.67
FDX,FedEx,Industrials,Air Freight & Logistics,228.81,301.45,191.82,226.3,226.14,227.58,228.84,223.45,223.71,239.56
FIS,Fidelity National Information Services,Financials,Transaction & Payment Processing Services,67.71,90.1,65.8,67.84,68.2,69.06,74.26,76.52,75.58,76.17
FITB,Fifth Third Bancorp,Financials,Regional Banks,45.27,47.75,31.96,45.46,45.61,44.65,43.39,40.65,39.86,40.99
FSLR,First Solar,Information Technology,Semiconductors,203.31,262.72,116.56,203.7,200.99,200.41,186.67,169.89,161.59,165.94
FE,FirstEnergy,Utilities,Electric Utilities,43.59,44.4,36.81,43.4,43.45,43.49,42.17,41.57,41.07,40.33
FI,Fiserv,Financials,Transaction & Payment Processing Services,135.7,238.59,128.22,134.9,136.01,137.02,145.84,159.84,170.72,187.56
F,Ford Motor Company,Consumer Discretionary,Automobile Manufacturers,11.76,11.99,8.21,11.62,11.66,11.63,11.39,10.8,10.53,10.13
FTNT,Fortinet,Information Technology,Systems Software,80.89,114.82,70.12,79.88,78.74,78.67,90.65,96.63,96.57,97.86
FTV,Fortive,Industrials,Industrial Machinery & Supplies & Components,49.57,62.73,45.5,48.18,47.87,48.06,49.39,51.18,51.56,54.29
FOXA,Fox Corporation (Class A),Communication Services,Broadcasting,58.73,62.69,38.35,59.71,59.88,59.29,57.0,55.08,54.43,52.92
FOX,Fox Corporation (Class B),Communication Services,Broadcasting,52.84,57.02,35.53,54.09,54.43,54.05,52.1,50.55,50.05,49.09
BEN,Franklin Resources,Financials,Asset Management & Custody Banks,24.86,26.08,16.03,24.72,25.15,25.15,24.92,23.02,22.1,21.28
FCX,Freeport-McMoRan,Materials,Copper,45.92,51.85,27.45,45.54,45.37,43.99,43.69,41.47,40.42,39.8
GRMN,Garmin,Consumer Discretionary,Consumer Electronics,241.18,244.52,159.09,238.51,238.43,235.71,229.21,214.5,211.79,212.42
IT,Gartner,Information Technology,IT Consulting & Other Services,241.12,584.01,223.65,242.43,244.63,243.98,298.39,360.7,371.81,422.46
GE,GE Aerospace,Industrials,Aerospace & Defense,281.56,286.91,158.81,279.3,278.13,273.44,268.03,248.57,237.44,218.24
GEHC,GE HealthCare,Health Care,Health Care Equipment,77.96,94.71,57.59,77.31,75.21,74.57,74.49,72.62,72.74,77.23
GEV,GE Vernova,Industrials,Heavy Electrical Equipment,634.15,677.29,198.75,613.14,606.79,610.58,604.1,524.67,483.1,432.41
GEN,Gen Digital,Information Technology,Systems Software,29.67,32.09,22.55,29.56,29.69,30.47,30.12,29.0,28.37,28.17
GNRC,Generac,Industrials,Electrical Components & Equipment,187.86,203.25,99.5,183.99,182.49,188.22,175.58,150.13,144.6,148.71
GD,General Dynamics,Industrials,Aerospace & Defense,329.62,329.99,236.67,323.92,323.87,320.97,312.5,294.13,288.45,277.47
GIS,General Mills,Consumer Staples,Packaged Foods & Meats,50.61,72.88,48.29,50.33,49.81,49.71,50.07,51.87,53.02,55.78
GM,General Motors,Consumer Discretionary,Automobile Manufacturers,58.71,60.6,41.36,58.11,58.13,57.67,54.72,51.32,50.4,50.41
GPC,Genuine Parts Company,Consumer Discretionary,Distributors,142.77,143.07,102.41,140.11,138.77,137.99,132.3,126.34,124.21,121.83
GILD,Gilead Sciences,Health Care,Biotechnology,117.86,121.83,76.27,115.96,114.38,115.48,113.95,109.96,109.39,104.63
GPN,Global Payments,Financials,Transaction & Payment Processing Services,86.68,119.03,65.72,86.77,87.19,87.27,83.92,80.55,82.71,92.52
GL,Globe Life,Financials,Life & Health Insurance,142.49,144.0,98.18,140.43,140.45,139.54,133.62,127.34,126.84,122.63
GDDY,GoDaddy,Information Technology,Internet Services & Infrastructure,148.59,216.0,132.51,147.15,146.47,146.12,156.15,168.78,170.25,180.26
GS,Goldman Sachs,Financials,Investment Banking & Brokerage,784.73,793.16,434.87,759.66,750.11,740.41,724.05,660.53,633.42,618.73
HAL,Halliburton,Energy,Oil & Gas Equipment & Services,22.31,31.66,18.43,22.11,22.21,21.83,21.67,21.09,21.49,23.48
HIG,Hartford (The),Financials,Property & Casualty Insurance,133.22,135.17,103.64,131.52,132.09,131.94,126.99,126.19,124.55,119.99
HAS,Hasbro,Consumer Discretionary,Leisure Products,79.95,82.19,48.07,79.07,79.73,80.14,77.7,71.22,68.25,64.84
HCA,HCA Healthcare,Health Care,Health Care Facilities,402.85,420.98,288.77,409.9,408.61,405.05,381.82,374.1,366.31,347.27
DOC,Healthpeak Properties,Real Estate,Health Care REITs,18.14,22.06,16.35,18.17,18.03,17.7,17.67,17.43,17.74,18.47
HSIC,Henry Schein,Health Care,Health Care Distributors,69.55,82.49,60.56,68.36,68.37,68.4,69.53,69.7,69.29,71.18
HSY,Hershey Company (The),Consumer Staples,Packaged Foods & Meats,185.55,202.98,136.73,186.37,185.14,182.78,179.18,171.18,169.77,167.45
HPE,Hewlett Packard Enterprise,Information Technology,"Technology Hardware, Storage & Peripherals",24.86,24.96,11.88,24.04,23.46,22.66,21.49,19.43,18.54,19.4
HLT,Hilton Worldwide,Consumer Discretionary,"Hotels, Resorts & Cruise Lines",278.22,279.81,195.81,275.28,275.77,273.88,271.34,258.12,250.81,251.45
HOLX,Hologic,Health Care,Health Care Equipment,66.38,84.39,51.9,66.38,66.49,67.03,66.4,63.32,62.72,65.54
HD,Home Depot (The),Consumer Discretionary,Home Improvement Retail,423.42,429.19,322.47,418.18,412.16,406.87,386.34,373.53,369.09,379.08
HON,Honeywell,Industrials,Industrial Conglomerates,215.31,240.47,177.52,214.04,215.78,217.32,223.64,220.82,217.11,217.11
HRL,Hormel Foods,Consumer Staples,Packaged Foods & Meats,25.42,32.84,23.71,25.41,25.34,27.01,28.37,29.11,29.2,29.43
HST,Host Hotels & Resorts,Real Estate,Hotel & Resort REITs,17.68,18.53,12.06,17.51,17.39,16.9,16.39,15.67,15.32,15.82
HWM,Howmet Aerospace,Industrials,Aerospace & Defense,184.21,193.13,90.78,180.92,178.21,175.67,180.18,171.07,162.33,147.03
HPQ,HP Inc.,Information Technology,"Technology Hardware, Storage & Peripherals",28.34,38.25,20.76,28.71,28.56,27.64,26.16,25.77,25.75,28.2
HUBB,Hubbell Incorporated,Industrials,Industrial Machinery & Supplies & Components,450.93,475.24,297.55,440.63,437.47,435.84,429.06,403.89,390.4,398.5
HUM,Humana,Health Care,Managed Health Care,278.72,343.66,206.87,288.72,297.92,294.98,263.28,252.53,256.01,261.14
HBAN,Huntington Bancshares,Financials,Regional Banks,17.74,18.03,11.8,17.68,17.72,17.36,16.99,16.22,15.78,15.97
HII,Huntington Ingalls Industries,Industrials,Aerospace & Defense,276.07,291.7,155.93,271.23,270.99,269.29,263.25,245.12,236.47,217.25
IBM,IBM,Information Technology,IT Consulting & Other Services,257.01,294.17,197.3,255.52,249.96,245.41,258.34,259.95,255.72,247.42
IEX,IDEX Corporation,Industrials,Industrial Machinery & Supplies & Components,164.49,235.67,152.2,163.15,163.38,164.45,170.63,174.6,174.59,187.2
IDXX,Idexx Laboratories,Health Care,Health Care Equipment,645.16,688.12,356.14,646.91,644.25,643.21,599.62,549.9,521.68,488.43
ITW,Illinois Tool Works,Industrials,Industrial Machinery & Supplies & Components,266.37,274.77,213.36,264.8,264.36,264.01,260.43,251.6,249.37,252.62
INCY,Incyte,Health Care,Biotechnology,86.17,87.99,53.56,86.24,85.79,85.64,77.92,71.25,69.07,70.02
IR,Ingersoll Rand,Industrials,Industrial Machinery & Supplies & Components,81.02,105.95,65.58,80.45,79.65,79.61,82.2,81.33,80.45,84.88
PODD,Insulet Corporation,Health Care,Health Care Equipment,337.94,353.5,217.82,345.27,343.88,335.66,310.01,303.77,294.92,285.54
INTC,Intel,Information Technology,Semiconductors,24.61,27.55,17.67,24.56,24.49,24.39,22.83,21.86,21.9,21.7
ICE,Intercontinental Exchange,Financials,Financial Exchanges & Data,176.17,189.35,141.51,174.0,174.85,177.25,180.9,177.85,175.53,168.96
IFF,International Flavors & Fragrances,Materials,Specialty Chemicals,66.35,105.18,62.33,65.62,66.05,66.2,70.11,72.96,73.43,77.41
IP,International Paper,Materials,Paper & Plastic Packaging Products & Materials,46.53,58.71,42.44,47.2,48.03,47.94,49.21,47.82,48.17,50.38
IPG,Interpublic Group of Companies (The),Communication Services,Advertising,26.7,31.81,21.93,26.68,26.59,26.42,25.42,24.62,24.64,25.62
INTU,Intuit,Information Technology,Application Software,660.52,813.7,531.0,666.43,666.63,677.56,730.22,715.85,691.55,662.52
ISRG,Intuitive Surgical,Health Care,Health Care Equipment,455.85,616.0,425.0,462.05,462.21,469.02,488.91,510.82,506.94,525.63
IVZ,Invesco,Financials,Asset Management & Custody Banks,22.55,22.78,11.33,22.19,22.02,21.65,20.28,17.37,16.7,16.83
INVH,Invitation Homes,Real Estate,Single-Family Residential REITs,30.62,35.99,29.11,30.25,30.44,30.53,31.13,32.31,32.45,32.16
IQV,IQVIA,Health Care,Life Sciences Tools & Services,190.69,248.03,134.65,187.91,187.15,188.5,181.37,165.61,166.09,177.98
IRM,Iron Mountain,Real Estate,Other Specialized REITs,98.83,127.24,71.77,95.51,93.22,92.41,95.14,95.98,93.64,96.75
JBHT,J.B. Hunt,Industrials,Cargo Ground Transportation,141.45,198.61,122.01,141.22,143.0,143.83,145.88,142.23,142.06,152.93
JBL,Jabil,Information Technology,Electronic Manufacturing Services,214.28,232.75,99.48,211.7,208.64,209.25,217.25,194.27,182.51,170.26
JKHY,Jack Henry & Associates,Financials,Transaction & Payment Processing Services,161.42,194.68,157.23,161.61,161.54,161.49,168.42,173.02,173.27,173.11
J,Jacobs Solutions,Industrials,Construction & Engineering,148.74,152.07,104.68,145.47,145.28,146.38,142.58,133.83,130.62,130.92
JNJ,Johnson & Johnson,Health Care,Pharmaceuticals,178.5,179.84,137.37,177.56,177.52,176.95,169.02,160.56,159.56,155.72
JCI,Johnson Controls,Industrials,Building Products,107.82,112.63,67.22,107.06,106.92,106.51,106.64,101.29,96.84,91.08
JPM,JPMorgan Chase,Financials,Diversified Banks,305.56,305.73,196.2,298.25,299.68,296.82,293.57,277.41,268.68,261.43
K,Kellanova,Consumer Staples,Packaged Foods & Meats,79.58,82.04,77.13,79.47,79.26,79.34,79.29,79.96,80.2,80.08
KVUE,Kenvue,Consumer Staples,Personal Care Products,18.85,24.71,17.15,18.65,19.63,20.43,21.06,21.76,21.92,21.79
KDP,Keurig Dr Pepper,Consumer Staples,Soft Drinks & Non-alcoholic Beverages,27.59,37.26,27.1,27.78,28.46,30.95,32.57,32.95,33.16,32.66
KEY,KeyCorp,Financials,Regional Banks,19.16,19.41,12.43,19.12,19.1,18.74,18.28,16.95,16.51,16.68
KEYS,Keysight Technologies,Information Technology,Electronic Equipment & Instruments,172.37,186.2,121.43,169.77,167.49,165.57,164.69,160.73,157.61,161.38
KMB,Kimberly-Clark,Consumer Staples,Household Products,129.47,147.59,120.67,129.62,128.57,129.7,129.34,130.82,132.05,131.28
KIM,Kimco Realty,Real Estate,Retail REITs,22.46,24.7,17.52,22.48,22.36,21.92,21.49,21.0,20.81,21.31
KMI,Kinder Morgan,Energy,Oil & Gas Storage & Transportation,27.57,30.49,19.68,26.93,26.88,26.75,27.15,27.23,27.15,26.99
KKR,KKR & Co.,Financials,Asset Management & Custody Banks,145.01,169.7,85.9,139.18,138.64,139.59,142.12,131.33,127.06,134.27
KLAC,KLA Corporation,Information Technology,Semiconductor Materials & Equipment,959.28,963.89,548.81,924.74,895.33,890.84,904.87,842.44,808.66,764.42
KHC,Kraft Heinz,Consumer Staples,Packaged Foods & Meats,26.52,34.37,25.07,26.81,26.91,27.08,27.13,26.91,27.28,27.97
KR,Kroger,Consumer Staples,Food Retail,67.23,74.52,49.68,67.53,67.76,68.83,70.24,69.56,68.92,66.04
LHX,L3Harris,Industrials,Aerospace & Defense,280.63,280.69,190.25,274.65,274.31,273.77,269.1,251.02,242.8,231.58
LH,Labcorp,Health Care,Health Care Services,279.72,282.74,208.23,277.33,276.28,275.51,264.66,256.13,250.72,246.2
LRCX,Lam Research,Information Technology,Semiconductor Materials & Equipment,115.58,115.9,56.18,107.31,103.6,102.41,100.68,91.77,87.63,83.74
LW,Lamb Weston,Consumer Staples,Packaged Foods & Meats,57.12,82.35,47.25,57.14,56.83,56.13,54.3,53.5,53.49,56.78
LVS,Las Vegas Sands,Consumer Discretionary,Casinos & Gaming,54.71,58.05,29.84,54.13,55.35,54.95,52.38,46.28,44.43,45.35
LDOS,Leidos,Industrials,Diversified Support Services,185.13,201.22,122.92,180.39,180.14,180.2,171.33,160.76,156.0,151.85
LEN,Lennar,Consumer Discretionary,Homebuilding,140.09,184.74,97.54,139.68,136.95,134.71,123.1,115.67,114.8,122.05
LII,Lennox International,Industrials,Building Products,567.28,689.44,497.88,568.53,561.0,573.56,596.58,578.92,575.18,592.78
LLY,Lilly (Eli),Health Care,Pharmaceuticals,756.28,935.2,622.41,745.47,740.78,724.29,741.67,760.27,766.63,783.41
LIN,Linde plc,Materials,Industrial Gases,483.59,484.83,406.06,474.78,474.66,476.73,471.19,464.2,461.33,453.51
LYV,Live Nation Entertainment,Communication Services,Movies & Entertainment,174.06,174.41,93.64,169.62,167.16,165.36,156.15,148.41,143.89,141.72
LKQ,LKQ Corporation,Consumer Discretionary,Distributors,32.92,43.77,28.65,32.46,32.34,31.82,33.08,36.02,36.97,37.32
LMT,Lockheed Martin,Industrials,Aerospace & Defense,470.73,602.02,407.14,462.93,457.83,449.98,443.64,454.57,453.44,458.79
L,Loews Corporation,Financials,Multi-line Insurance,98.05,98.18,74.95,96.55,96.67,96.24,93.61,90.91,90.18,88.09
LOW,Lowe's,Consumer Discretionary,Home Improvement Retail,272.4,281.56,204.22,270.19,265.06,260.77,241.37,231.86,230.04,238.03
LULU,Lululemon Athletica,Consumer Discretionary,"Apparel, Accessories & Luxury Goods",165.78,423.32,162.8,166.25,184.34,192.64,207.25,242.85,252.42,297.87
LYB,LyondellBasell,Materials,Specialty Chemicals,55.47,89.94,46.44,54.79,55.05,54.73,56.6,56.28,57.49,62.8
MTB,M&T Bank,Financials,Regional Banks,197.83,219.44,148.52,198.92,199.4,196.5,194.29,186.35,182.58,186.21
MPC,Marathon Petroleum,Energy,Oil & Gas Refining & Marketing,182.31,186.28,113.82,181.73,180.58,173.96,171.99,163.42,157.86,153.09
MKTX,MarketAxess,Financials,Financial Exchanges & Data,188.46,292.5,178.2,187.19,184.42,186.22,198.61,209.2,210.16,213.23
MAR,Marriott International,Consumer Discretionary,"Hotels, Resorts & Cruise Lines",267.94,305.27,204.35,265.43,266.36,266.54,268.96,263.17,256.92,265.43
MMC,Marsh McLennan,Financials,Insurance Brokers,203.46,246.94,196.27,202.26,204.04,206.29,207.0,214.97,218.52,219.37
MLM,Martin Marietta Materials,Materials,Construction Materials,631.12,632.26,440.72,622.36,618.54,612.86,591.03,565.39,548.75,541.26
MAS,Masco,Industrials,Building Products,75.22,85.23,56.02,74.74,73.93,73.91,69.92,66.25,66.2,69.73
MA,Mastercard,Financials,Transaction & Payment Processing Services,588.73,601.77,464.22,584.59,588.95,589.18,573.51,568.22,559.51,551.15
MTCH,Match Group,Communication Services,Interactive Media & Services,38.02,39.2,26.24,38.21,37.74,37.65,35.4,32.7,32.12,32.22
MKC,McCormick & Company,Consumer Staples,Packaged Foods & Meats,69.81,85.22,67.71,69.82,69.81,70.01,70.92,72.49,73.59,74.84
MCD,McDonald's,Consumer Discretionary,Restaurants,308.43,322.65,271.85,310.81,312.54,311.18,303.31,304.26,304.3,299.41
MCK,McKesson Corporation,Health Care,Health Care Distributors,719.8,737.01,462.37,703.2,695.59,689.2,697.8,704.08,697.8,661.27
MDT,Medtronic,Health Care,Health Care Equipment,94.25,94.71,77.57,93.31,92.97,92.54,91.29,87.83,87.51,86.73
MRK,Merck & Co.,Health Care,Pharmaceuticals,85.15,116.25,72.58,84.52,84.36,84.61,82.84,80.69,81.6,86.36
META,Meta Platforms,Communication Services,Interactive Media & Services,750.9,796.25,479.43,754.67,748.4,753.33,740.59,690.76,665.63,654.19
MET,MetLife,Financials,Life & Health Insurance,80.34,87.17,64.24,79.59,80.3,79.87,77.93,77.72,77.47,79.14
MTD,Mettler Toledo,Health Care,Life Sciences Tools & Services,1282.72,1521.01,946.69,1288.25,1285.78,1294.69,1255.7,1195.72,1182.02,1217.47
MGM,MGM Resorts,Consumer Discretionary,Casinos & Gaming,35.34,42.54,25.3,36.03,37.35,37.28,37.08,34.85,33.9,34.25
MCHP,Microchip Technology,Information Technology,Semiconductors,65.02,79.31,33.63,65.15,64.73,65.57,68.1,63.31,59.72,58.77
MU,Micron Technology,Information Technology,Semiconductors,150.57,156.26,61.48,137.73,129.11,124.21,119.29,109.24,104.19,101.26
MSFT,Microsoft,Information Technology,Systems Software,501.01,554.54,343.59,498.6,502.78,506.16,509.43,479.55,459.63,444.29
MAA,Mid-America Apartment Communities,Real Estate,Multi-Family Residential REITs,144.09,170.0,137.32,144.21,144.07,142.98,145.28,149.65,151.21,152.04
MRNA,Moderna,Health Care,Biotechnology,25.39,79.96,23.15,24.83,24.52,25.57,28.6,27.55,27.87,31.72
MHK,Mohawk Industries,Consumer Discretionary,Home Furnishings,139.75,164.29,96.24,137.86,135.1,131.99,122.33,113.16,112.55,116.62
MOH,Molina Healthcare,Health Care,Managed Health Care,188.44,365.23,151.95,179.87,178.6,175.15,181.76,244.71,261.35,275.09
TAP,Molson Coors Beverage Company,Consumer Staples,Brewers,49.13,63.47,46.5,49.58,49.62,50.28,49.81,51.28,52.8,54.26
MDLZ,Mondelez International,Consumer Staples,Packaged Foods & Meats,62.05,73.95,53.2,62.11,61.73,62.03,64.8,65.58,65.54,63.54
MPWR,Monolithic Power Systems,Information Technology,Semiconductors,840.38,947.45,437.93,856.72,847.72,844.67,791.25,729.38,696.12,666.76
MNST,Monster Beverage,Consumer Staples,Soft Drinks & Non-alcoholic Beverages,63.8,66.75,45.7,63.09,62.95,63.21,61.67,61.8,60.98,57.48
MCO,Moody's Corporation,Financials,Financial Exchanges & Data,518.7,528.95,377.3,507.88,505.33,509.16,507.61,489.49,480.34,481.7
MS,Morgan Stanley,Financials,Investment Banking & Brokerage,156.48,157.76,91.36,151.94,150.83,148.62,144.51,135.25,130.59,129.52
MOS,Mosaic Company (The),Materials,Fertilizers & Agricultural Chemicals,33.68,37.97,21.99,32.81,32.88,32.66,34.21,33.85,32.28,29.71
MSI,Motorola Solutions,Information Technology,Communications Equipment,490.3,503.98,387.87,481.46,478.16,469.62,446.5,431.83,429.92,440.76
MSCI,MSCI Inc.,Financials,Financial Exchanges & Data,585.48,636.39,483.67,569.51,564.65,566.15,563.02,559.03,557.03,568.88
NDAQ,"Nasdaq, Inc.",Financials,Financial Exchanges & Data,95.88,97.63,64.64,94.78,94.55,94.55,93.42,87.66,84.85,82.69
NTAP,NetApp,Information Technology,"Technology Hardware, Storage & Peripherals",125.09,133.34,71.49,122.33,119.23,114.4,109.07,103.46,100.03,106.14
NFLX,Netflix,Communication Services,Movies & Entertainment,1203.5,1341.15,660.8,1240.61,1234.05,1228.08,1221.86,1204.85,1151.51,1070.13
NEM,Newmont,Materials,Gold,79.65,79.77,36.35,77.18,75.85,72.81,66.58,60.28,57.95,51.76
NWSA,News Corp (Class A),Communication Services,Publishing,29.52,30.65,23.3,29.36,29.23,29.46,29.36,28.63,28.16,28.18
NWS,News Corp (Class B),Communication Services,Publishing,32.27,35.47,26.17,32.67,33.0,33.66,33.71,32.96,32.36,32.08
NEE,NextEra Energy,Utilities,Multi-Utilities,71.32,83.5,60.75,70.62,71.24,72.96,72.69,70.94,70.35,70.31
NKE,"Nike, Inc.",Consumer Discretionary,"Apparel, Accessories & Luxury Goods",74.33,88.65,51.67,74.05,74.91,75.97,75.09,67.83,66.62,69.59
NI,NiSource,Utilities,Multi-Utilities,41.13,43.51,32.09,40.58,41.11,41.74,41.34,40.19,39.88,38.84
NDSN,Nordson Corporation,Industrials,Industrial Machinery & Supplies & Components,227.98,263.91,164.43,224.99,224.54,222.3,219.18,210.97,207.51,212.1
NSC,Norfolk Southern,Industrials,Rail Transportation,274.0,291.69,199.43,274.63,276.71,278.83,274.95,257.09,250.45,248.38
NTRS,Northern Trust,Financials,Asset Management & Custody Banks,129.48,132.18,80.54,128.02,128.73,128.38,127.3,116.09,111.5,109.06
NOC,Northrop Grumman,Industrials,Aerospace & Defense,582.95,598.64,420.66,579.43,582.06,584.24,562.34,522.32,518.49,499.75
NCLH,Norwegian Cruise Line Holdings,Consumer Discretionary,"Hotels, Resorts & Cruise Lines",26.94,29.29,14.21,25.59,25.38,24.9,24.08,21.16,20.58,22.5
NRG,NRG Energy,Utilities,Independent Power Producers & Energy Traders,157.92,175.96,76.12,153.36,150.1,149.03,153.11,147.35,136.94,122.55
NUE,Nucor,Materials,Steel,143.75,168.24,97.18,143.59,145.3,145.79,142.77,130.53,128.01,128.75
NVDA,Nvidia,Information Technology,Semiconductors,177.17,184.48,86.61,172.12,172.8,175.98,173.71,152.69,144.29,139.8
NVR,"NVR, Inc.",Consumer Discretionary,Homebuilding,8532.98,9964.77,6562.85,8438.02,8315.04,8220.5,7916.31,7550.49,7479.64,7697.27
NXPI,NXP Semiconductors,Information Technology,Semiconductors,223.21,253.03,147.4,223.68,227.86,229.99,225.09,213.11,207.7,210.4
ORLY,O’Reilly Automotive,Consumer Discretionary,Automotive Retail,107.82,108.07,73.11,106.22,105.08,103.86,99.5,95.18,94.51,90.8
OXY,Occidental Petroleum,Energy,Oil & Gas Exploration & Production,46.02,55.34,34.4,45.61,46.29,45.6,44.58,43.18,43.29,45.08
ODFL,Old Dominion,Industrials,Cargo Ground Transportation,149.4,231.78,140.65,149.15,149.24,151.0,155.49,157.83,158.27,170.41
OMC,Omnicom Group,Communication Services,Advertising,77.84,103.32,67.76,77.99,77.76,77.33,74.63,73.54,74.09,78.37
ON,ON Semiconductor,Information Technology,Semiconductors,49.02,76.06,31.04,48.75,48.89,49.76,53.29,49.46,47.49,51.28
OKE,Oneok,Energy,Oil & Gas Storage & Transportation,73.3,113.92,70.63,72.5,73.76,73.97,77.02,79.19,81.41,87.8
ORCL,Oracle Corporation,Information Technology,Application Software,307.86,345.72,118.18,269.8,248.72,243.71,243.59,206.55,193.35,184.36
OTIS,Otis Worldwide,Industrials,Industrial Machinery & Supplies & Components,89.38,105.86,83.85,87.88,87.0,87.41,90.57,93.15,94.27,94.89
PCAR,Paccar,Industrials,Construction Machinery & Heavy Transportation Equipment,101.76,114.66,84.08,99.05,98.92,99.22,98.18,95.32,95.07,99.57
PKG,Packaging Corporation of America,Materials,Paper & Plastic Packaging Products & Materials,217.03,246.22,171.6,216.07,216.1,209.95,204.3,196.42,195.46,205.16
PLTR,Palantir Technologies,Information Technology,Application Software,164.36,190.0,33.62,160.53,158.56,161.06,158.83,142.12,131.29,112.88
PANW,Palo Alto Networks,Information Technology,Systems Software,198.33,210.39,144.15,197.01,194.1,187.97,188.27,189.66,186.45,187.29
PSKY,Paramount Skydance Corporation,Communication Services,Movies & Entertainment,17.46,17.58,9.78,15.59,15.16,14.97,13.55,12.71,12.43,11.84
PH,Parker Hannifin,Industrials,Industrial Machinery & Supplies & Components,769.67,779.77,485.92,761.79,758.69,751.66,732.95,690.74,670.69,667.51
PAYX,Paychex,Industrials,Human Resource & Employment Services,135.46,160.03,125.65,134.76,136.09,137.33,140.55,145.28,145.24,144.19
PAYC,Paycom,Industrials,Human Resource & Employment Services,226.37,267.33,157.01,223.63,223.69,224.58,227.04,235.01,230.92,224.46
PYPL,PayPal,Financials,Transaction & Payment Processing Services,67.27,93.66,55.85,67.45,68.48,68.84,71.12,70.75,69.64,74.61
PNR,Pentair,Industrials,Industrial Machinery & Supplies & Components,112.59,112.91,73.85,110.46,109.22,108.05,105.87,101.12,97.8,98.45
PEP,PepsiCo,Consumer Staples,Soft Drinks & Non-alcoholic Beverages,144.23,172.75,125.14,143.62,145.23,146.54,142.15,135.97,137.5,141.28
PFE,Pfizer,Health Care,Pharmaceuticals,24.86,28.43,20.18,24.71,24.72,25.0,24.7,23.84,23.74,24.21
PCG,PG&E Corporation,Utilities,Multi-Utilities,15.73,21.62,12.97,15.12,15.18,15.15,14.5,15.27,15.6,16.42
PM,Philip Morris International,Consumer Staples,Tobacco,167.9,185.29,114.24,164.44,164.69,166.55,169.32,172.03,168.33,154.66
PSX,Phillips 66,Energy,Oil & Gas Refining & Marketing,132.52,135.47,89.26,131.6,132.04,128.9,125.92,119.57,118.0,118.55
PNW,Pinnacle West Capital,Utilities,Multi-Utilities,88.37,94.64,79.08,88.04,88.57,89.83,90.42,90.25,90.46,88.87
PNC,PNC Financial Services,Financials,Diversified Banks,202.75,210.46,142.39,202.64,204.41,200.79,196.23,183.74,179.53,184.04
POOL,Pool Corporation,Consumer Discretionary,Distributors,329.8,391.14,281.15,327.51,318.88,319.12,312.11,305.6,307.19,322.0
PPG,PPG Industries,Materials,Specialty Chemicals,111.83,133.97,89.08,110.3,110.24,111.23,111.66,110.45,109.29,112.04
PPL,PPL Corporation,Utilities,Electric Utilities,35.98,37.09,30.41,35.66,35.91,36.16,35.64,34.96,34.86,34.04
PFG,Principal Financial Group,Financials,Life & Health Insurance,82.08,88.63,67.06,80.38,80.09,79.25,78.7,77.39,77.5,78.42
PG,Procter & Gamble,Consumer Staples,Personal Care Products,158.63,177.66,149.91,158.89,158.25,157.54,156.13,158.7,159.91,162.41
PGR,Progressive Corporation,Financials,Property & Casualty Insurance,248.8,292.77,228.37,245.65,246.3,247.23,246.99,260.63,263.49,259.64
PLD,Prologis,Real Estate,Industrial REITs,114.82,128.08,84.54,113.0,112.63,111.07,108.91,107.18,106.59,108.75
PRU,Prudential Financial,Financials,Life & Health Insurance,106.99,125.75,88.12,105.95,107.18,107.28,104.75,103.6,103.6,107.29
PEG,Public Service Enterprise Group,Utilities,Electric Utilities,82.03,92.35,73.5,80.76,81.04,82.28,83.76,81.59,81.38,82.1
PTC,PTC Inc.,Information Technology,Application Software,207.03,219.69,133.38,208.44,210.88,211.11,204.4,184.86,178.37,179.82
PSA,Public Storage,Real Estate,Self-Storage REITs,294.92,359.28,254.04,293.25,292.47,289.69,287.48,291.94,291.07,294.86
PHM,PulteGroup,Consumer Discretionary,Homebuilding,138.66,148.55,87.88,138.56,135.93,132.69,122.35,112.07,109.67,110.96
PWR,Quanta Services,Industrials,Construction & Engineering,389.64,424.94,227.02,380.26,379.04,379.45,387.69,362.65,342.66,329.82
QCOM,Qualcomm,Information Technology,Semiconductors,161.51,178.09,119.4,159.84,159.29,157.9,155.66,152.04,150.75,153.94
DGX,Quest Diagnostics,Health Care,Health Care Services,183.46,185.62,144.09,182.46,181.15,180.93,175.43,175.28,173.34,168.02
RL,Ralph Lauren Corporation,Consumer Discretionary,"Apparel, Accessories & Luxury Goods",316.35,321.77,167.44,311.95,309.94,299.41,294.96,276.75,263.93,255.8
RJF,Raymond James Financial,Financials,Investment Banking & Brokerage,171.08,173.13,112.35,166.93,167.88,166.34,164.1,154.9,151.3,153.84
RTX,RTX Corporation,Industrials,Aerospace & Defense,157.65,161.26,111.21,155.23,157.02,156.63,153.71,143.95,140.91,133.4
O,Realty Income,Real Estate,Retail REITs,60.16,61.61,49.53,59.5,58.78,58.58,57.5,56.66,56.26,55.07
REG,Regency Centers,Real Estate,Retail REITs,72.24,76.68,62.82,72.7,72.63,72.12,71.39,71.34,71.16,71.45
REGN,Regeneron Pharmaceuticals,Health Care,Biotechnology,568.2,1165.58,475.77,562.48,568.16,574.88,563.16,557.62,568.3,621.12
RF,Regions Financial Corporation,Financials,Regional Banks,27.04,27.61,17.36,26.99,27.04,26.52,25.59,23.44,22.79,23.06
RSG,Republic Services,Industrials,Environmental & Facilities Services,232.21,258.14,195.62,229.53,231.42,232.7,236.3,242.21,241.34,231.83
RMD,ResMed,Health Care,Health Care Equipment,274.61,293.81,199.07,276.16,274.47,280.53,273.4,259.08,250.6,245.27
RVTY,Revvity,Health Care,Health Care Equipment,85.68,129.23,81.36,85.23,86.24,88.56,92.07,92.79,94.73,102.64
ROK,Rockwell Automation,Industrials,Electrical Components & Equipment,350.54,359.54,213.27,343.46,342.82,344.34,344.81,321.01,306.11,297.38
ROL,"Rollins, Inc.",Industrials,Environmental & Facilities Services,58.22,58.96,44.94,57.11,56.82,57.11,56.85,56.64,55.91,53.27
ROP,Roper Technologies,Information Technology,Electronic Equipment & Instruments,517.38,593.46,498.03,518.43,521.53,526.12,540.1,553.07,555.91,553.93
ROST,Ross Stores,Consumer Discretionary,Apparel Retail,151.1,156.94,121.69,150.22,150.01,148.48,141.3,140.09,138.11,140.79
RCL,Royal Caribbean Group,Consumer Discretionary,"Hotels, Resorts & Cruise Lines",350.23,366.5,152.4,348.07,353.86,343.91,336.28,293.61,275.5,262.1
SPGI,S&P Global,Financials,Financial Exchanges & Data,550.88,578.04,425.6,544.48,543.75,548.8,541.46,523.65,515.51,513.18
CRM,Salesforce,Information Technology,Application Software,246.28,367.42,226.48,248.79,250.8,247.81,254.09,262.27,262.92,286.99
SBAC,SBA Communications,Real Estate,Telecom Tower REITs,199.44,247.78,186.81,194.71,198.09,208.19,220.27,225.0,223.47,217.13
SLB,Schlumberger,Energy,Oil & Gas Equipment & Services,36.03,44.81,30.61,35.91,35.89,34.94,34.56,34.28,35.0,36.83
STX,Seagate Technology,Information Technology,"Technology Hardware, Storage & Peripherals",196.81,199.24,62.86,191.77,182.94,171.24,158.51,135.12,124.04,112.92
SRE,Sempra,Utilities,Multi-Utilities,83.47,93.45,61.37,81.26,81.76,81.82,79.96,77.54,75.79,78.05
NOW,ServiceNow,Information Technology,Systems Software,938.28,1198.09,678.66,929.73,922.41,900.38,931.33,958.89,928.39,966.63
SHW,Sherwin-Williams,Materials,Specialty Chemicals,368.68,397.81,307.5,367.03,365.69,365.88,353.3,350.89,347.99,351.43
SPG,Simon Property Group,Real Estate,Retail REITs,183.9,184.16,132.99,180.6,179.27,176.03,168.21,162.4,160.72,164.51
SWKS,Skyworks Solutions,Information Technology,Semiconductors,74.68,99.23,47.01,74.83,74.55,74.73,73.08,70.82,68.86,72.87
SJM,J.M. Smucker Company (The),Consumer Staples,Packaged Foods & Meats,110.86,121.73,92.38,111.17,110.68,110.92,108.4,107.61,108.5,107.73
SW,Smurfit Westrock,Materials,Paper & Plastic Packaging Products & Materials,45.64,55.46,36.31,45.97,46.38,45.26,45.44,43.99,43.7,46.66
SNA,Snap-on,Industrials,Industrial Machinery & Supplies & Components,331.98,366.68,262.79,326.89,326.09,325.98,323.2,318.11,319.53,327.22
SOLV,Solventum,Health Care,Health Care Technology,73.79,85.92,60.7,73.05,72.66,72.56,73.29,72.5,72.26,72.35
SO,Southern Company,Utilities,Electric Utilities,92.13,95.68,78.5,91.5,91.77,92.75,93.01,90.92,90.43,87.83
LUV,Southwest Airlines,Industrials,Passenger Airlines,31.72,37.75,23.55,31.38,31.8,31.77,32.64,31.67,31.3,31.31
SWK,Stanley Black & Decker,Industrials,Industrial Machinery & Supplies & Components,79.52,106.2,52.62,78.01,75.73,75.01,71.99,68.0,68.21,73.47
SBUX,Starbucks,Consumer Discretionary,Restaurants,82.36,115.87,74.48,83.73,85.89,87.6,90.44,88.33,88.76,92.94
STT,State Street Corporation,Financials,Asset Management & Custody Banks,112.94,116.37,72.29,112.07,113.09,113.16,111.2,103.15,99.4,98.0
STLD,Steel Dynamics,Materials,Steel,133.99,153.72,102.78,133.23,131.81,130.39,129.7,129.76,128.05,127.58
STE,Steris,Health Care,Health Care Equipment,252.43,252.54,199.47,247.65,245.34,246.29,236.48,235.95,232.97,226.24
SYK,Stryker Corporation,Health Care,Health Care Equipment,388.79,404.87,328.46,389.99,390.39,389.26,389.22,384.1,379.56,379.23
SMCI,Supermicro,Information Technology,"Technology Hardware, Storage & Peripherals",43.95,66.44,17.25,42.25,41.83,43.01,48.21,44.17,42.51,40.45
SYF,Synchrony Financial,Financials,Consumer Finance,76.01,77.41,40.15,75.51,75.85,74.36,71.79,64.89,61.96,62.73
SNPS,Synopsys,Information Technology,Application Software,438.1,651.73,365.74,527.49,563.93,585.68,591.25,535.94,514.76,511.16
SYY,Sysco,Consumer Staples,Food Distributors,81.04,83.17,66.65,81.22,81.02,80.5,79.56,76.0,75.09,74.63
TMUS,T-Mobile US,Communication Services,Wireless Telecommunication Services,241.39,274.51,191.68,244.03,248.25,250.77,242.24,240.6,244.04,241.3
TROW,T. Rowe Price,Financials,Asset Management & Custody Banks,105.69,121.15,76.8,107.16,107.42,107.36,105.43,98.86,96.88,101.56
TTWO,Take-Two Interactive,Communication Services,Interactive Home Entertainment,246.54,250.45,146.76,245.38,241.55,236.1,232.99,231.64,227.09,214.42
TPR,"Tapestry, Inc.",Consumer Discretionary,"Apparel, Accessories & Luxury Goods",106.87,113.62,39.6,105.27,104.19,101.47,102.88,90.52,86.05,80.29
TRGP,Targa Resources,Energy,Oil & Gas Storage & Transportation,165.24,215.2,139.32,162.56,164.43,163.63,165.7,165.59,169.19,177.8
TGT,Target Corporation,Consumer Staples,Consumer Staples Merchandise Retail,91.52,155.5,85.44,91.58,92.82,96.6,100.31,97.67,97.69,108.66
TEL,TE Connectivity,Information Technology,Electronic Manufacturing Services,212.4,215.22,115.38,209.6,208.16,206.03,196.55,176.82,168.8,160.58
TDY,Teledyne Technologies,Information Technology,Electronic Equipment & Instruments,566.11,570.56,416.0,550.23,546.1,544.18,543.43,515.66,508.92,500.42
TER,Teradyne,Information Technology,Semiconductor Materials & Equipment,115.56,143.64,65.6,117.51,118.27,115.53,105.18,93.31,90.74,101.04
TSLA,"Tesla, Inc.",Consumer Discretionary,Automobile Manufacturers,368.81,488.54,212.11,352.16,344.26,340.26,326.92,320.46,307.15,330.52
TXN,Texas Instruments,Information Technology,Semiconductors,184.35,220.1,137.77,185.43,191.65,196.0,198.26,190.12,185.26,185.76
TPL,Texas Pacific Land Corporation,Energy,Oil & Gas Exploration & Production,938.99,1759.83,762.48,915.7,921.14,909.6,946.87,1082.15,1122.13,1198.27
TXT,Textron,Industrials,Aerospace & Defense,82.24,91.23,57.69,81.6,80.92,80.57,80.99,77.62,76.02,76.47
TMO,Thermo Fisher Scientific,Health Care,Life Sciences Tools & Services,491.41,625.84,385.46,486.12,487.46,489.02,464.34,437.34,445.66,480.6
TJX,TJX Companies,Consumer Discretionary,Apparel Retail,140.83,145.58,109.83,140.15,139.36,137.43,130.67,128.66,127.11,125.16
TKO,TKO Group Holdings,Communication Services,Movies & Entertainment,202.24,203.17,112.59,197.65,193.0,189.39,178.17,171.14,166.54,159.72
TTD,Trade Desk (The),Communication Services,Advertising,45.24,141.53,42.96,49.58,51.78,52.17,67.72,67.68,64.78,81.75
TSCO,Tractor Supply,Consumer Discretionary,Other Specialty Retail,60.02,63.75,46.46,59.63,60.49,60.8,58.99,54.85,54.28,54.42
TT,Trane Technologies,Industrials,Building Products,414.88,475.11,296.82,414.07,413.81,419.04,431.67,420.49,404.34,392.89
TDG,TransDigm Group,Industrials,Aerospace & Defense,1293.3,1519.36,1107.45,1291.4,1293.92,1301.48,1383.17,1359.76,1339.46,1294.76
TRV,Travelers Companies (The),Financials,Property & Casualty Insurance,279.43,279.75,220.97,274.34,273.73,271.77,264.52,264.94,262.62,255.94
TRMB,Trimble Inc.,Information Technology,Electronic Equipment & Instruments,82.85,87.5,52.91,81.02,80.5,81.15,81.78,75.57,73.31,73.05
TFC,Truist Financial,Financials,Diversified Banks,45.3,47.46,32.72,45.65,46.17,45.64,44.69,41.96,41.16,42.2
TYL,Tyler Technologies,Information Technology,Application Software,553.99,661.31,513.52,556.87,556.41,560.31,568.46,568.14,568.19,581.34
TSN,Tyson Foods,Consumer Staples,Packaged Foods & Meats,56.08,63.75,51.39,55.89,56.09,56.25,55.05,55.44,56.32,56.85
USB,U.S. Bancorp,Financials,Diversified Banks,49.32,52.21,34.8,49.07,48.91,48.02,46.79,44.7,43.74,44.99
UBER,Uber,Industrials,Passenger Ground Transportation,94.68,97.71,59.33,93.94,93.71,94.11,92.52,88.98,85.66,79.53
UDR,"UDR, Inc.",Real Estate,Multi-Family Residential REITs,38.92,45.63,35.84,38.79,38.81,38.75,39.35,40.18,40.5,41.11
ULTA,Ulta Beauty,Consumer Discretionary,Other Specialty Retail,521.89,539.0,309.01,517.18,520.23,521.68,507.98,468.45,446.47,427.01
UNP,Union Pacific Corporation,Industrials,Rail Transportation,216.04,252.32,202.16,216.97,219.62,220.72,224.04,222.24,222.86,227.41
UAL,United Airlines Holdings,Industrials,Passenger Airlines,109.36,116.0,47.01,107.38,106.39,103.96,94.81,85.51,82.24,88.4
UPS,United Parcel Service,Industrials,Air Freight & Logistics,84.65,136.36,82.0,84.45,85.2,86.25,90.84,93.4,95.23,103.88
URI,United Rentals,Industrials,Trading Companies & Distributors,959.59,980.53,523.58,959.04,957.55,939.5,878.76,783.92,748.77,741.77
UNH,UnitedHealth Group,Health Care,Managed Health Care,353.61,621.24,234.6,336.79,322.32,311.56,291.12,313.11,356.13,416.95
UHS,Universal Health Services,Health Care,Health Care Facilities,190.79,242.21,152.16,187.83,185.03,183.38,175.88,178.3,178.45,180.85
VLO,Valero Energy,Energy,Oil & Gas Refining & Marketing,157.59,163.02,97.37,158.41,156.03,148.93,144.31,135.38,132.37,131.05
VTR,Ventas,Real Estate,Health Care REITs,69.45,70.82,55.85,68.59,68.17,68.07,66.94,65.65,65.85,64.06
VLTO,Veralto,Industrials,Environmental & Facilities Services,109.1,114.62,83.77,106.55,106.24,107.01,105.35,101.66,100.14,100.75
VRSN,Verisign,Information Technology,Internet Services & Infrastructure,289.37,309.71,174.64,284.31,279.13,274.23,277.27,276.94,270.44,248.28
VRSK,Verisk Analytics,Industrials,Research & Consulting Services,266.24,322.46,259.01,268.2,267.88,268.4,280.51,293.33,292.75,290.05
VZ,Verizon,Communication Services,Integrated Telecommunication Services,44.14,45.87,36.41,43.78,43.88,44.14,43.13,42.81,42.8,41.64
VRTX,Vertex Pharmaceuticals,Health Care,Biotechnology,397.37,519.88,362.5,394.75,395.14,393.36,425.29,440.01,450.76,451.36
VTRS,Viatris,Health Care,Pharmaceuticals,10.17,13.04,6.68,10.37,10.42,10.48,9.68,9.09,8.91,9.73
VICI,Vici Properties,Real Estate,Hotel & Resort REITs,33.15,34.01,27.24,33.26,33.38,33.18,33.14,32.39,32.15,31.22
V,Visa Inc.,Financials,Transaction & Payment Processing Services,343.49,374.85,266.36,342.22,346.47,346.39,347.16,349.95,346.77,339.64
VST,Vistra Corp.,Utilities,Electric Utilities,204.05,216.85,73.98,196.61,193.25,193.91,196.13,176.99,165.34,160.48
VMC,Vulcan Materials Company,Materials,Construction Materials,301.65,302.21,214.34,296.45,293.74,292.22,280.61,271.17,264.19,263.82
WRB,W. R. Berkley Corporation,Financials,Property & Casualty Insurance,73.78,75.77,54.76,72.52,72.27,71.91,70.41,71.3,70.26,66.37
GWW,W. W. Grainger,Industrials,Industrial Machinery & Supplies & Components,1014.69,1219.65,889.92,998.97,1008.65,1003.13,1008.58,1030.78,1019.23,1040.56
WAB,Wabtec,Industrials,Construction Machinery & Heavy Transportation Equipment,192.18,215.82,151.42,191.19,192.23,192.44,198.21,197.95,193.81,194.06
WBA,Walgreens Boots Alliance,Consumer Staples,Drug Retail,11.98,13.25,7.98,11.98,12.03,11.93,11.67,11.39,11.33,10.81
WMT,Walmart,Consumer Staples,Consumer Staples Merchandise Retail,102.65,104.51,76.53,101.63,99.95,99.38,98.49,97.55,95.49,94.91
DIS,Walt Disney Company (The),Communication Services,Movies & Entertainment,117.08,124.69,79.76,117.4,117.75,117.38,118.58,113.42,109.28,109.76
WBD,Warner Bros. Discovery,Communication Services,Broadcasting,16.17,17.24,6.78,13.09,12.44,12.13,12.23,10.89,10.63,10.59
WM,Waste Management,Industrials,Environmental & Facilities Services,220.5,241.74,198.19,219.29,222.25,224.5,227.17,229.71,229.22,224.5
WAT,Waters Corporation,Health Care,Life Sciences Tools & Services,302.45,423.56,275.05,302.34,299.74,297.43,301.67,324.59,329.65,351.0
WEC,WEC Energy Group,Utilities,Electric Utilities,109.72,110.99,89.63,108.36,107.5,107.66,107.21,106.17,105.93,102.67
WFC,Wells Fargo,Financials,Diversified Banks,81.25,84.33,49.13,80.08,80.87,79.97,80.19,76.92,75.06,74.51
WELL,Welltower,Real Estate,Health Care REITs,168.47,170.99,120.11,168.52,168.11,166.39,162.71,156.18,154.17,147.09
WST,West Pharmaceutical Services,Health Care,Health Care Supplies,263.74,351.24,187.09,254.98,250.75,248.23,239.82,227.46,225.48,253.59
WDC,Western Digital,Information Technology,"Technology Hardware, Storage & Peripherals",96.15,97.78,28.74,94.21,89.14,83.04,75.27,63.14,58.32,54.83
WY,Weyerhaeuser,Real Estate,Timber REITs,25.83,33.04,23.71,25.66,25.52,25.73,25.64,25.7,26.06,27.25
WSM,"Williams-Sonoma, Inc.",Consumer Discretionary,Homefurnishing Retail,203.52,218.08,123.89,202.9,197.78,198.94,189.59,174.44,170.52,178.7
WMB,Williams Companies,Energy,Oil & Gas Storage & Transportation,59.33,63.45,42.4,57.94,57.83,57.49,58.07,58.58,58.44,57.24
WTW,Willis Towers Watson,Financials,Insurance Brokers,340.45,342.16,280.03,332.33,329.78,331.8,320.49,313.42,315.99,317.06
WDAY,"Workday, Inc.",Information Technology,Application Software,226.67,294.0,205.33,229.35,229.95,228.08,229.78,238.93,238.4,246.77
WYNN,Wynn Resorts,Consumer Discretionary,Casinos & Gaming,123.86,128.53,64.93,122.36,123.92,118.89,112.73,100.26,95.95,92.61
XEL,Xcel Energy,Utilities,Multi-Utilities,72.85,74.57,60.59,72.32,72.31,72.6,71.72,70.3,70.02,68.87
XYL,Xylem Inc.,Industrials,Industrial Machinery & Supplies & Components,141.8,144.93,99.87,139.53,140.52,141.15,137.52,130.61,127.4,125.7
YUM,Yum! Brands,Consumer Discretionary,Restaurants,149.14,161.72,120.38,146.7,145.82,146.59,146.0,145.24,146.36,142.95
ZBRA,Zebra Technologies,Information Technology,Electronic Equipment & Instruments,316.01,427.76,205.73,312.39,312.51,314.89,321.69,301.6,293.33,322.59
ZBH,Zimmer Biomet,Health Care,Health Care Equipment,104.26,114.14,88.99,104.17,104.68,104.9,99.03,96.74,98.88,101.6
ZTS,Zoetis,Health Care,Pharmaceuticals,150.61,197.92,138.77,150.98,152.46,153.7,152.48,156.12,156.18,160.45
