Symbol,Company,GICS_Sector,GICS_Sub_Industry,Current_Price,High_52_Week,Low_52_Week,SMA5,SMA10,SMA20,SMA50,SMA200,Score,Target_Pcnt,Target_Price,Stop_Loss
MMM,3M,Industrials,Industrial Conglomerates,159.47,159.47,122.31,155.08,155.03,154.92,153.4,143.97,0.0,-0.31,158.98,150.86
AOS,A. O. Smith,Industrials,Building Products,74.3,88.84,59.04,73.29,72.32,72.37,70.96,67.81,0.2,0.01,74.31,70.43
ABT,Abbott Laboratories,Health Care,Health Care Equipment,132.65,138.95,110.09,131.82,131.96,131.7,130.35,127.07,-0.2,0.81,133.72,129.68
ABBV,AbbVie,Health Care,Biotechnology,220.22,220.22,160.57,212.93,211.97,209.85,199.07,188.2,0.2,-1.74,216.39,203.32
ACN,Accenture,Information Technology,IT Consulting & Other Services,244.15,394.31,237.87,249.95,252.92,253.21,265.29,314.43,-0.2,7.55,262.58,243.84
ADBE,Adobe Inc.,Information Technology,Application Software,350.55,586.55,333.65,352.48,351.15,353.83,358.35,405.95,0.0,3.85,364.05,343.61
AMD,Advanced Micro Devices,Information Technology,Semiconductors,155.67,184.42,78.21,154.72,159.1,164.3,162.24,126.04,0.2,15.37,179.6,149.01
AES,AES Corporation,Utilities,Independent Power Producers & Energy Traders,12.85,19.11,9.5,12.79,13.04,13.16,12.95,11.58,0.0,6.85,13.73,12.59
AFL,Aflac,Financials,Life & Health Insurance,108.69,112.86,97.56,107.09,106.93,106.89,103.57,104.22,-0.3,0.54,109.28,104.5
A,Agilent Technologies,Health Care,Life Sciences Tools & Services,126.73,151.96,99.08,126.8,126.35,122.69,119.58,123.43,0.1,2.97,130.49,114.9
APD,Air Products,Materials,Industrial Gases,294.52,333.89,247.03,289.59,291.05,291.97,291.78,291.51,0.0,1.14,297.88,286.07
ABNB,Airbnb,Consumer Discretionary,"Hotels, Resorts & Cruise Lines",123.05,161.42,105.69,123.74,125.76,126.25,130.84,131.11,0.0,6.41,130.94,121.56
AKAM,Akamai Technologies,Information Technology,Internet Services & Infrastructure,79.2,106.67,68.21,78.31,78.08,77.15,77.26,83.74,-0.2,0.96,79.96,74.34
ALB,Albemarle Corporation,Materials,Specialty Chemicals,75.05,109.53,50.43,76.9,79.32,80.47,76.19,75.01,0.0,16.86,87.7,73.24
ARE,Alexandria Real Estate Equities,Real Estate,Office REITs,84.74,117.87,66.61,84.54,83.23,80.86,78.86,84.55,0.1,2.61,86.95,74.77
ALGN,Align Technology,Health Care,Health Care Supplies,135.91,257.17,129.01,136.15,136.81,140.23,163.03,185.85,0.0,9.61,148.97,131.49
ALLE,Allegion,Industrials,Building Products,177.18,177.18,118.08,172.51,170.97,170.19,162.54,140.56,0.2,-1.25,174.97,165.41
LNT,Alliant Energy,Utilities,Electric Utilities,64.66,66.97,54.87,64.27,64.53,65.11,64.27,61.17,0.2,3.31,66.8,63.42
ALL,Allstate,Financials,Property & Casualty Insurance,202.47,212.57,177.81,200.89,202.69,204.22,199.99,196.32,0.2,4.08,210.73,197.71
GOOGL,Alphabet Inc. (Class A),Communication Services,Interactive Media & Services,240.37,240.37,144.4,237.6,228.59,216.21,199.82,180.29,0.0,2.38,246.09,186.34
GOOG,Alphabet Inc. (Class C),Communication Services,Interactive Media & Services,240.78,240.78,146.27,237.88,229.01,216.83,200.62,181.71,0.0,2.27,246.25,187.41
MO,Altria,Consumer Staples,Tobacco,66.36,67.68,46.47,66.22,66.51,66.59,62.99,56.89,0.2,2.17,67.8,65.38
AMZN,Amazon,Consumer Discretionary,Broadline Retail,229.95,242.06,167.32,233.34,231.43,229.81,226.6,213.82,0.2,3.31,237.56,222.07
AMCR,Amcor,Materials,Paper & Plastic Packaging Products & Materials,8.33,10.94,8.19,8.25,8.36,8.47,9.16,9.38,0.0,5.76,8.81,8.14
AEE,Ameren,Utilities,Multi-Utilities,100.31,102.53,81.1,99.6,99.45,99.95,99.0,95.25,-0.2,1.14,101.45,98.45
AEP,American Electric Power,Utilities,Electric Utilities,108.74,114.06,87.97,108.22,109.27,111.01,109.3,101.94,0.0,5.88,115.13,106.88
AXP,American Express,Financials,Consumer Finance,329.32,331.28,230.81,325.73,327.24,319.67,313.12,295.3,0.2,2.56,337.75,301.6
AIG,American International Group,Financials,Multi-line Insurance,78.72,87.26,69.3,78.64,80.02,80.91,80.44,79.2,0.0,6.78,84.06,77.77
AMT,American Tower,Real Estate,Telecom Tower REITs,196.55,235.15,170.7,195.37,197.51,202.37,211.77,204.37,-0.2,8.94,214.12,190.63
AWK,American Water Works,Utilities,Water Utilities,139.63,150.19,118.87,140.37,141.2,142.9,142.03,136.56,0.2,5.49,147.3,138.5
AMP,Ameriprise Financial,Financials,Asset Management & Custody Banks,500.97,569.83,419.45,493.61,503.14,506.71,516.51,514.2,-0.2,4.71,524.57,488.85
AME,Ametek,Industrials,Electrical Components & Equipment,192.03,196.4,151.15,188.61,187.16,185.91,183.13,179.74,0.4,-0.74,190.61,181.22
AMGN,Amgen,Health Care,Biotechnology,282.73,326.46,252.22,281.01,282.92,287.09,291.44,283.73,0.0,5.09,297.12,277.07
APH,Amphenol,Information Technology,Electronic Components,119.47,119.47,58.99,115.27,112.98,111.37,106.84,82.64,0.0,-1.47,117.71,105.03
ADI,Analog Devices,Information Technology,Semiconductors,248.24,254.62,163.21,247.94,248.22,245.6,238.08,217.69,0.2,5.14,261.0,230.2
AON,Aon plc,Financials,Insurance Brokers,372.25,407.61,334.44,368.31,369.45,369.94,362.92,368.72,-0.3,1.3,377.09,362.79
APA,APA Corporation,Energy,Oil & Gas Exploration & Production,22.98,25.74,13.62,22.59,22.91,22.02,20.35,19.72,0.0,5.96,24.35,19.69
APO,Apollo Global Management,Financials,Asset Management & Custody Banks,136.4,176.82,105.37,134.09,134.63,135.47,141.74,145.87,0.0,2.44,139.73,131.2
AAPL,Apple Inc.,Information Technology,"Technology Hardware, Storage & Peripherals",230.03,258.1,172.0,233.75,234.14,231.64,220.56,221.03,-0.3,4.48,240.34,222.96
AMAT,Applied Materials,Information Technology,Semiconductor Materials & Equipment,170.15,211.69,126.23,164.37,162.0,163.37,178.47,167.42,0.2,3.43,175.99,150.77
APTV,Aptiv,Consumer Discretionary,Automotive Parts & Equipment,83.72,83.72,47.92,82.04,80.85,78.77,73.1,64.61,0.0,0.81,84.4,73.14
ACGL,Arch Capital Group,Financials,Property & Casualty Insurance,92.29,109.22,84.99,90.94,91.39,91.63,89.71,92.02,-0.1,1.44,93.62,89.63
ADM,Archer Daniels Midland,Consumer Staples,Agricultural Products & Services,61.42,64.21,41.01,62.05,62.13,61.62,57.65,50.52,-0.2,5.01,64.5,58.75
ANET,Arista Networks,Information Technology,Communications Equipment,153.04,153.04,64.37,145.71,141.57,137.88,125.39,103.62,0.2,-2.5,149.21,126.55
AJG,Arthur J. Gallagher & Co.,Financials,Insurance Brokers,300.61,347.33,273.85,298.12,299.62,299.0,300.92,312.26,0.0,1.78,305.96,292.04
AIZ,Assurant,Financials,Multi-line Insurance,213.31,225.29,178.36,211.35,213.54,213.31,200.02,202.76,0.1,2.12,217.83,208.78
T,AT&T,Communication Services,Integrated Telecommunication Services,29.49,29.59,20.4,29.32,29.25,29.1,28.24,26.05,-0.2,0.68,29.69,28.5
ATO,Atmos Energy,Utilities,Gas Utilities,166.39,167.34,131.79,164.94,165.18,165.29,159.86,150.61,0.0,0.55,167.31,163.28
ADSK,Autodesk,Information Technology,Application Software,324.52,326.79,238.84,325.33,318.65,302.72,300.24,290.81,0.2,4.21,338.18,267.26
ADP,Automatic Data Processing,Industrials,Human Resource & Employment Services,298.03,325.19,268.69,296.41,299.0,301.71,303.33,301.78,-0.2,3.91,309.68,293.75
AZO,AutoZone,Consumer Discretionary,Automotive Retail,4354.54,4354.54,2981.19,4272.17,4235.87,4172.43,3968.53,3625.23,0.2,-0.16,4347.57,3997.12
AVB,AvalonBay Communities,Real Estate,Multi-Family Residential REITs,196.83,232.03,182.72,194.92,193.79,192.53,194.94,206.52,-0.2,0.23,197.28,187.76
AVY,Avery Dennison,Materials,Paper & Plastic Packaging Products & Materials,168.55,217.94,157.86,167.32,167.96,171.11,173.66,178.7,0.0,5.8,178.33,163.9
AXON,Axon Enterprise,Industrials,Aerospace & Defense,751.11,870.97,359.35,739.93,742.79,753.74,762.43,667.04,-0.2,4.96,788.37,719.12
BKR,Baker Hughes,Energy,Oil & Gas Equipment & Services,46.97,48.05,32.21,46.11,45.82,44.74,43.05,41.35,0.2,0.79,47.34,42.14
BALL,Ball Corporation,Materials,"Metal, Glass & Plastic Containers",51.12,66.93,44.6,50.7,50.94,51.92,55.02,53.52,0.0,6.08,54.23,49.62
BAC,Bank of America,Financials,Diversified Banks,50.75,50.75,34.0,50.08,50.13,49.27,47.82,44.32,0.0,1.73,51.63,46.92
BAX,Baxter International,Health Care,Health Care Equipment,24.49,39.36,21.61,24.29,24.16,24.14,25.72,29.66,-0.2,1.31,24.81,23.47
BDX,Becton Dickinson,Health Care,Health Care Equipment,190.56,245.13,163.27,190.48,190.05,192.67,185.0,201.73,-0.3,4.37,198.89,186.45
BRK-B,Berkshire Hathaway,Financials,Multi-Sector Holdings,496.91,539.8,442.29,494.65,498.56,492.31,481.51,488.74,-0.1,2.39,508.79,475.84
BBY,Best Buy,Consumer Discretionary,Computer & Electronics Retail,78.46,99.54,55.4,77.17,75.85,74.57,71.06,74.53,0.1,0.28,78.68,70.45
TECH,Bio-Techne,Health Care,Life Sciences Tools & Services,53.21,79.93,46.59,53.38,53.55,54.3,53.88,59.5,0.1,7.5,57.2,51.4
BIIB,Biogen,Health Care,Biotechnology,148.84,201.44,113.38,143.41,140.31,138.92,133.77,136.49,0.3,-1.65,146.38,131.44
BLK,BlackRock,Financials,Asset Management & Custody Banks,1134.18,1154.71,807.61,1109.36,1110.12,1120.87,1108.95,1001.01,-0.2,1.55,1151.76,1090.03
BX,Blackstone Inc.,Financials,Asset Management & Custody Banks,183.92,194.8,118.51,175.72,172.88,171.13,168.7,157.35,0.0,-2.2,179.87,162.4
XYZ,"Block, Inc.",Financials,Transaction & Payment Processing Services,74.23,98.92,46.53,74.85,76.24,76.5,74.87,71.89,0.2,8.76,80.73,72.26
BK,BNY Mellon,Financials,Asset Management & Custody Banks,105.6,106.1,65.97,104.42,104.87,103.71,100.44,87.13,-0.2,1.26,106.93,100.49
BA,Boeing,Industrials,Aerospace & Defense,219.99,237.38,136.59,227.52,230.89,230.62,228.33,190.88,-0.2,8.91,239.59,221.63
BKNG,Booking Holdings,Consumer Discretionary,"Hotels, Resorts & Cruise Lines",5498.0,5805.92,3800.21,5524.03,5549.75,5577.63,5592.54,5127.73,0.0,4.36,5737.71,5417.43
BSX,Boston Scientific,Health Care,Health Care Equipment,104.34,108.14,82.52,106.6,106.58,105.73,104.86,100.48,0.0,4.18,108.7,102.77
BMY,Bristol Myers Squibb,Health Care,Pharmaceuticals,47.54,61.62,43.31,47.16,47.14,47.54,47.09,51.63,-0.3,2.31,48.64,46.44
AVGO,Broadcom,Information Technology,Semiconductors,359.63,369.57,145.95,349.28,325.92,312.23,298.07,232.77,0.2,-0.34,358.41,266.06
BR,Broadridge Financial Solutions,Industrials,Data Processing & Outsourced Services,254.82,266.89,205.88,252.35,252.82,256.4,251.1,238.47,0.0,3.89,264.73,248.06
BRO,Brown & Brown,Financials,Insurance Brokers,94.24,124.07,91.23,94.07,94.97,95.54,98.43,107.65,-0.2,3.81,97.83,93.25
BF-B,Brown–Forman,Consumer Staples,Distillers & Vintners,27.44,48.21,25.45,27.73,28.24,29.26,29.26,32.7,0.1,15.27,31.63,26.89
BLDR,Builders FirstSource,Industrials,Building Products,146.56,201.83,105.63,144.87,142.01,140.33,134.46,136.18,-0.1,1.71,149.07,131.59
BG,Bunge Global,Consumer Staples,Agricultural Products & Services,81.94,96.95,67.23,83.42,82.97,83.13,79.65,77.32,0.0,6.8,87.51,78.75
BXP,"BXP, Inc.",Real Estate,Office REITs,76.23,86.01,56.05,75.02,74.08,70.79,69.13,68.64,0.2,2.83,78.39,63.2
CHRW,C.H. Robinson,Industrials,Air Freight & Logistics,131.02,131.02,85.99,127.35,127.71,125.55,112.93,101.46,-0.2,0.29,131.4,119.71
CDNS,Cadence Design Systems,Information Technology,Application Software,354.7,371.03,231.64,353.33,351.08,349.58,341.62,302.04,-0.4,1.71,360.77,338.39
CZR,Caesars Entertainment,Consumer Discretionary,Casinos & Gaming,25.9,45.55,23.18,25.93,26.02,25.94,27.27,30.04,0.2,5.41,27.3,24.59
CPT,Camden Property Trust,Real Estate,Multi-Family Residential REITs,110.76,123.69,104.05,110.7,110.46,109.3,110.48,114.1,-0.2,1.81,112.76,105.83
CPB,Campbell's Company (The),Consumer Staples,Packaged Foods & Meats,33.76,49.57,30.28,33.78,33.03,32.75,32.19,36.14,-0.1,1.54,34.28,31.21
COF,Capital One,Financials,Consumer Finance,224.35,227.22,134.82,222.38,223.72,221.12,217.27,193.85,-0.2,2.41,229.76,212.48
CAH,Cardinal Health,Health Care,Health Care Distributors,152.47,167.63,106.71,150.51,150.03,149.71,155.03,139.46,-0.2,0.21,152.79,146.63
KMX,CarMax,Consumer Discretionary,Automotive Retail,61.25,89.19,54.66,60.78,60.83,59.97,60.8,71.83,-0.2,2.47,62.76,57.18
CCL,Carnival,Consumer Discretionary,"Hotels, Resorts & Cruise Lines",32.47,32.49,16.14,31.71,31.72,31.1,30.11,24.91,-0.2,2.06,33.14,29.06
CARR,Carrier Global,Industrials,Building Products,62.3,81.67,55.21,63.88,64.03,65.23,69.79,68.3,-0.2,10.05,68.56,61.9
CAT,Caterpillar Inc.,Industrials,Construction Machinery & Heavy Transportation Equipment,431.38,438.02,271.63,423.65,422.36,422.4,418.6,366.59,-0.2,1.54,438.02,406.78
CBOE,Cboe Global Markets,Financials,Financial Exchanges & Data,236.37,253.24,189.73,234.05,234.29,240.19,240.77,219.49,-0.2,7.15,253.27,227.11
CBRE,CBRE Group,Real Estate,Real Estate Services,165.9,165.9,113.94,163.7,162.3,161.7,153.17,137.2,0.0,0.25,166.31,157.09
CDW,CDW Corporation,Information Technology,Technology Distributors,165.73,225.45,143.46,168.61,166.55,165.9,171.09,173.71,0.2,2.71,170.22,161.57
COR,Cencora,Health Care,Health Care Distributors,302.8,303.69,217.68,297.63,295.23,294.63,292.8,270.49,0.0,0.25,303.56,285.69
CNC,Centene Corporation,Health Care,Managed Health Care,34.08,76.57,25.21,30.85,30.0,29.4,28.85,51.83,0.3,-5.52,32.2,26.59
CNP,CenterPoint Energy,Utilities,Multi-Utilities,38.24,38.94,26.87,37.73,37.69,37.8,37.48,35.09,-0.2,0.24,38.33,37.26
CF,CF Industries,Materials,Fertilizers & Agricultural Chemicals,86.13,101.88,67.67,85.33,85.7,85.68,89.22,85.39,0.0,1.99,87.84,83.52
CRL,Charles River Laboratories,Health Care,Life Sciences Tools & Services,159.74,220.69,99.75,159.28,160.88,160.17,160.74,158.55,0.0,4.39,166.75,153.57
SCHW,Charles Schwab Corporation,Financials,Investment Banking & Brokerage,93.94,98.69,60.96,93.07,94.82,95.58,95.14,84.01,0.0,5.18,98.81,92.35
CHTR,Charter Communications,Communication Services,Cable & Satellite,263.92,427.25,256.57,263.13,263.0,265.81,309.05,355.95,0.0,3.82,274.0,257.63
CVX,Chevron Corporation,Energy,Integrated Oil & Gas,158.25,164.65,130.67,155.71,157.61,156.58,153.13,147.58,0.0,2.35,161.97,151.2
CMG,Chipotle Mexican Grill,Consumer Discretionary,Restaurants,38.96,66.16,38.71,39.57,40.73,41.94,46.2,52.39,0.0,15.63,45.05,38.82
CB,Chubb Limited,Financials,Property & Casualty Insurance,282.89,301.45,256.04,278.44,277.54,276.39,274.63,279.45,0.1,-0.36,281.87,270.91
CHD,Church & Dwight,Consumer Staples,Household Products,94.42,112.48,90.63,94.54,93.97,93.72,94.7,100.85,-0.2,1.65,95.98,91.46
CI,Cigna,Health Care,Health Care Services,305.87,359.97,260.91,303.3,301.56,299.95,294.94,303.94,0.1,0.49,307.37,292.53
CINF,Cincinnati Financial,Financials,Property & Casualty Insurance,156.76,157.35,125.84,153.92,153.86,153.45,150.85,144.47,0.0,-0.26,156.35,150.54
CTAS,Cintas,Industrials,Diversified Support Services,204.5,227.2,181.05,203.05,205.16,210.31,216.21,209.1,-0.2,8.45,221.78,198.84
CSCO,Cisco,Information Technology,Communications Equipment,67.69,71.79,47.49,67.39,67.89,67.68,68.28,62.39,0.0,2.56,69.42,65.93
C,Citigroup,Financials,Diversified Banks,98.82,98.82,55.59,96.92,96.49,95.53,92.97,77.71,0.2,-0.2,98.62,92.44
CFG,Citizens Financial Group,Financials,Regional Banks,51.76,52.51,33.59,51.74,51.89,50.76,48.91,43.59,0.0,3.77,53.71,47.82
CLX,Clorox,Consumer Staples,Household Products,124.41,165.31,116.82,125.26,123.0,121.57,123.68,139.0,0.0,2.14,127.07,116.07
CME,CME Group,Financials,Financial Exchanges & Data,262.38,288.01,204.06,261.17,263.49,267.15,272.84,256.97,-0.2,5.08,275.71,258.6
CMS,CMS Energy,Utilities,Multi-Utilities,71.67,74.4,63.54,71.21,71.3,71.92,71.74,69.64,0.2,2.34,73.35,70.5
KO,Coca-Cola Company (The),Consumer Staples,Soft Drinks & Non-alcoholic Beverages,67.62,73.38,59.94,67.74,68.23,68.95,69.41,67.83,0.0,4.82,70.88,67.03
CTSH,Cognizant,Information Technology,IT Consulting & Other Services,70.55,89.65,65.92,70.7,71.25,71.12,73.01,77.1,0.0,3.61,73.1,69.14
COIN,Coinbase,Financials,Financial Exchanges & Data,323.95,419.78,151.47,311.87,308.5,309.91,342.33,272.47,0.0,0.69,326.19,293.65
CL,Colgate-Palmolive,Consumer Staples,Household Products,84.06,104.49,83.06,84.17,84.02,84.55,86.19,89.07,0.2,2.65,86.29,82.81
CMCSA,Comcast,Communication Services,Cable & Satellite,33.4,43.96,31.41,33.69,33.8,33.71,33.88,35.21,-0.2,2.78,34.33,33.09
CAG,Conagra Brands,Consumer Staples,Packaged Foods & Meats,19.44,30.93,18.26,19.39,19.18,19.2,19.17,23.02,-0.1,1.23,19.68,18.72
COP,ConocoPhillips,Energy,Oil & Gas Exploration & Production,94.13,111.14,81.29,92.93,95.15,95.41,94.18,94.27,0.1,6.07,99.84,90.99
ED,Consolidated Edison,Utilities,Multi-Utilities,97.7,111.42,85.77,97.29,97.57,99.24,100.51,99.22,0.0,5.36,102.94,95.54
STZ,Constellation Brands,Consumer Staples,Distillers & Vintners,142.98,252.91,142.9,145.28,149.1,157.12,165.03,182.08,0.0,23.06,175.95,138.29
CEG,Constellation Energy,Utilities,Electric Utilities,318.0,354.46,170.52,307.84,309.15,312.96,320.78,276.01,0.2,3.05,327.7,298.24
COO,Cooper Companies (The),Health Care,Health Care Supplies,68.46,111.23,64.58,68.25,67.37,70.55,71.77,82.1,-0.4,12.8,77.22,63.88
CPRT,Copart,Industrials,Diversified Support Services,48.9,63.84,45.33,48.56,48.69,48.3,47.42,54.55,-0.1,1.7,49.73,46.86
GLW,Corning Inc.,Information Technology,Electronic Components,75.47,75.47,38.69,73.23,70.93,68.23,61.79,51.13,0.2,-0.68,74.96,61.5
CPAY,Corpay,Financials,Transaction & Payment Processing Services,313.6,389.55,283.07,311.95,316.77,319.05,323.19,340.63,0.0,5.43,330.63,307.48
CTVA,Corteva,Materials,Fertilizers & Agricultural Chemicals,72.99,76.93,54.59,72.5,72.96,72.9,73.0,65.59,-0.2,2.26,74.64,71.17
CSGP,CoStar Group,Real Estate,Real Estate Services,87.06,96.83,69.29,87.8,88.39,88.79,89.09,79.93,-0.2,4.65,91.11,86.47
COST,Costco,Consumer Staples,Consumer Staples Merchandise Retail,964.32,1073.97,869.13,967.04,956.8,961.54,961.01,974.59,0.1,2.95,992.77,930.36
CTRA,Coterra,Energy,Oil & Gas Exploration & Production,24.37,29.06,21.86,24.08,24.24,23.96,24.04,25.4,-0.2,1.89,24.83,23.1
CRWD,CrowdStrike,Information Technology,Systems Software,433.38,514.1,247.74,425.49,423.23,422.14,448.99,411.96,0.0,0.69,436.37,407.89
CCI,Crown Castle,Real Estate,Telecom Tower REITs,95.58,115.16,82.06,94.83,96.16,99.07,102.9,97.53,-0.2,10.43,105.55,92.58
CSX,CSX Corporation,Industrials,Rail Transportation,32.85,36.37,26.47,32.41,32.42,33.61,34.19,31.94,-0.2,12.39,36.92,30.3
CMI,Cummins,Industrials,Construction Machinery & Heavy Transportation Equipment,411.03,411.03,264.26,401.67,399.7,399.1,373.96,343.23,0.2,-0.75,407.95,390.26
CVS,CVS Health,Health Care,Health Care Services,74.67,74.67,42.33,72.89,73.08,71.78,66.66,61.35,0.0,1.26,75.61,67.95
DHR,Danaher Corporation,Health Care,Life Sciences Tools & Services,195.16,276.83,174.36,196.18,199.43,204.14,201.33,208.06,0.1,10.7,216.04,192.22
DRI,Darden Restaurants,Consumer Discretionary,Restaurants,213.4,224.21,150.91,211.53,209.78,208.23,207.84,196.99,0.2,-0.3,212.76,203.68
DDOG,Datadog,Information Technology,Application Software,139.15,168.65,87.0,138.25,136.8,132.65,137.7,127.95,-0.2,2.33,142.39,122.91
DVA,DaVita,Health Care,Health Care Services,133.24,177.35,127.69,134.92,135.69,136.27,138.72,147.69,0.0,5.21,140.18,132.36
DAY,Dayforce,Industrials,Human Resource & Employment Services,69.02,81.8,49.33,69.03,69.32,67.29,60.63,62.93,0.1,11.52,76.97,57.61
DECK,Deckers Brands,Consumer Discretionary,Footwear,117.87,223.11,95.32,117.0,119.32,113.62,108.37,137.71,-0.1,8.21,127.55,99.69
DE,Deere & Company,Industrials,Agricultural & Farm Machinery,476.46,529.8,381.62,475.64,476.95,483.09,499.17,477.32,-0.2,4.76,499.14,467.03
DELL,Dell Technologies,Information Technology,"Technology Hardware, Storage & Peripherals",125.37,142.14,70.88,123.79,124.68,128.95,129.24,112.2,-0.2,11.91,140.3,117.59
DAL,Delta Air Lines,Industrials,Passenger Airlines,60.44,68.45,35.65,61.09,61.21,60.72,56.83,54.62,0.2,3.86,62.77,58.66
DVN,Devon Energy,Energy,Oil & Gas Exploration & Production,35.29,42.08,26.61,34.88,35.35,34.88,33.83,33.53,0.0,3.91,36.67,33.09
DXCM,Dexcom,Health Care,Health Care Equipment,76.0,90.75,59.83,77.78,77.33,78.45,81.17,80.06,0.2,9.83,83.47,73.43
FANG,Diamondback Energy,Energy,Oil & Gas Exploration & Production,138.42,194.36,117.58,138.07,142.32,141.9,142.01,148.18,0.0,8.46,150.13,133.68
DLR,Digital Realty,Real Estate,Data Center REITs,174.67,191.46,135.17,167.4,166.05,166.24,170.56,166.65,0.4,-0.81,173.26,159.23
DG,Dollar General,Consumer Staples,Consumer Staples Merchandise Retail,105.39,116.32,67.66,106.88,108.35,110.49,111.0,91.57,-0.2,10.1,116.03,104.95
DLTR,Dollar Tree,Consumer Staples,Consumer Staples Merchandise Retail,99.39,117.16,61.21,99.01,103.04,107.95,110.07,85.91,-0.2,21.23,120.49,95.4
D,Dominion Energy,Utilities,Multi-Utilities,60.01,61.39,48.51,58.88,58.76,59.49,58.67,54.83,0.0,2.33,61.41,57.56
DPZ,Domino's,Consumer Discretionary,Restaurants,456.62,495.6,398.04,459.22,459.98,455.11,459.27,457.0,0.0,2.87,469.72,440.49
DASH,DoorDash,Consumer Discretionary,Specialized Consumer Services,260.19,270.99,125.81,254.32,250.59,248.95,247.7,205.25,0.2,-0.91,257.82,240.09
DOV,Dover Corporation,Industrials,Industrial Machinery & Supplies & Components,178.1,204.71,150.28,176.83,177.3,178.26,181.43,183.74,0.0,2.68,182.87,173.65
DOW,Dow Inc.,Materials,Commodity Chemicals,25.02,51.44,20.57,24.29,24.26,24.0,24.92,31.39,-0.2,0.76,25.21,22.78
DHI,D. R. Horton,Consumer Discretionary,Homebuilding,181.01,194.88,114.44,180.17,175.84,171.1,154.45,137.82,0.2,1.46,183.65,158.54
DTE,DTE Energy,Utilities,Multi-Utilities,136.76,141.49,114.13,135.77,135.96,137.55,137.0,130.15,0.2,3.23,141.18,133.93
DUK,Duke Energy,Utilities,Electric Utilities,122.11,124.85,102.96,120.92,121.37,122.38,120.57,114.89,0.0,2.37,125.0,119.76
DD,DuPont,Materials,Specialty Chemicals,77.99,87.69,54.51,77.28,76.9,75.86,74.3,72.96,0.2,1.74,79.35,72.37
EMN,Eastman Chemical Company,Materials,Specialty Chemicals,67.93,110.6,58.79,67.71,68.26,67.74,71.02,83.04,0.2,3.96,70.62,64.85
ETN,Eaton Corporation,Industrials,Electrical Components & Equipment,360.08,391.62,244.95,353.82,350.85,350.28,361.66,327.56,0.2,0.0,360.08,340.47
EBAY,eBay Inc.,Consumer Discretionary,Broadline Retail,92.46,100.46,56.61,92.38,91.81,94.86,87.82,72.44,0.2,10.17,101.86,87.87
ECL,Ecolab,Materials,Specialty Chemicals,274.88,285.47,225.1,272.71,274.26,277.87,272.46,256.15,0.2,4.27,286.62,269.11
EIX,Edison International,Utilities,Electric Utilities,56.22,84.75,47.56,54.86,55.1,55.23,53.6,57.79,-0.3,1.09,56.83,53.63
EW,Edwards Lifesciences,Health Care,Health Care Equipment,78.01,81.83,64.54,79.45,80.38,80.24,78.82,74.54,0.0,6.29,82.92,77.57
EA,Electronic Arts,Communication Services,Interactive Home Entertainment,169.89,178.81,116.08,168.58,169.32,170.84,162.21,148.81,0.0,3.71,176.19,165.48
ELV,Elevance Health,Health Care,Managed Health Care,314.89,543.57,273.17,310.69,312.59,310.27,306.33,372.3,-0.1,2.14,321.63,298.91
EMR,Emerson Electric,Industrials,Electrical Components & Equipment,137.47,149.04,93.37,133.69,132.9,132.6,137.25,123.33,0.4,-1.1,135.96,129.24
ENPH,Enphase Energy,Information Technology,Semiconductor Materials & Equipment,37.32,119.74,30.11,38.17,37.67,36.9,36.91,52.4,0.0,7.64,40.17,33.63
ETR,Entergy,Utilities,Electric Utilities,89.86,91.02,59.06,87.98,87.89,88.58,87.12,81.84,-0.2,0.82,90.6,86.56
EOG,EOG Resources,Energy,Oil & Gas Exploration & Production,120.0,134.72,102.81,118.63,121.06,120.4,119.66,120.17,-0.1,4.54,125.45,115.35
EPAM,EPAM Systems,Information Technology,IT Consulting & Other Services,157.85,267.63,143.33,161.98,167.73,167.53,166.47,193.47,0.1,14.32,180.45,154.59
EQT,EQT Corporation,Energy,Oil & Gas Exploration & Production,50.96,60.26,31.7,50.95,51.47,51.59,53.03,51.38,0.2,4.04,53.02,50.16
EFX,Equifax,Industrials,Research & Consulting Services,260.23,304.58,204.69,252.09,246.17,247.06,249.12,252.26,0.0,-0.71,258.38,235.72
EQIX,Equinix,Real Estate,Data Center REITs,797.48,968.75,731.64,779.36,777.11,777.09,776.31,851.39,0.3,-0.25,795.49,758.73
EQR,Equity Residential,Real Estate,Multi-Family Residential REITs,66.89,75.24,61.2,66.51,65.82,65.1,65.47,68.21,-0.2,0.48,67.21,62.99
ERIE,Erie Indemnity,Financials,Insurance Brokers,337.92,537.71,328.17,334.16,337.92,349.56,351.84,381.95,-0.2,11.52,376.85,322.26
ESS,Essex Property Trust,Real Estate,Multi-Family Residential REITs,268.81,308.41,252.08,267.03,265.99,264.18,271.01,280.64,0.0,1.2,272.04,256.33
EL,Estée Lauder Companies (The),Consumer Staples,Personal Care Products,86.81,98.93,49.61,88.2,89.4,89.41,89.35,74.14,0.2,6.98,92.87,85.96
EG,Everest Group,Financials,Reinsurance,348.44,400.34,324.54,341.73,342.96,341.36,336.7,346.62,-0.1,0.59,350.5,332.2
EVRG,Evergy,Utilities,Electric Utilities,72.3,72.6,56.74,71.48,71.41,71.58,70.38,65.77,-0.2,0.24,72.47,70.7
ES,Eversource Energy,Utilities,Electric Utilities,65.05,66.62,53.58,63.87,63.81,64.47,65.13,60.98,-0.2,2.14,66.44,62.5
EXC,Exelon,Utilities,Electric Utilities,43.5,46.54,35.25,43.27,43.39,43.99,43.77,42.0,0.2,4.09,45.28,42.7
EXE,Expand Energy,Energy,Oil & Gas Exploration & Production,95.84,120.67,68.48,95.41,96.3,95.48,99.05,102.59,0.2,2.4,98.14,92.82
EXPE,Expedia Group,Consumer Discretionary,"Hotels, Resorts & Cruise Lines",221.36,221.36,129.01,217.34,215.74,212.39,195.68,179.15,-0.2,0.02,221.4,203.37
EXPD,Expeditors International,Industrials,Air Freight & Logistics,123.35,129.72,102.14,121.66,121.3,120.81,118.02,114.66,0.0,-0.31,122.97,118.65
EXR,Extra Space Storage,Real Estate,Self-Storage REITs,148.31,177.29,125.24,146.5,144.63,142.0,144.14,146.92,0.0,0.28,148.73,135.28
XOM,ExxonMobil,Energy,Integrated Oil & Gas,112.14,121.0,98.11,110.87,112.1,110.65,109.85,107.87,0.0,3.12,115.64,105.67
FFIV,"F5, Inc.",Information Technology,Communications Equipment,334.59,334.59,201.28,324.64,318.49,317.34,310.2,282.89,0.4,-1.62,329.17,305.5
FDS,FactSet,Financials,Financial Exchanges & Data,370.5,490.93,361.76,370.29,370.86,373.82,399.02,437.95,0.0,3.82,384.65,362.99
FICO,Fair Isaac,Information Technology,Application Software,1596.56,2382.4,1311.26,1548.73,1531.62,1454.89,1489.82,1817.83,0.0,1.53,1620.99,1288.73
FAST,Fastenal,Industrials,Trading Companies & Distributors,47.33,50.39,33.07,47.88,48.82,49.21,47.11,40.68,-0.4,7.84,51.04,47.39
FRT,Federal Realty Investment Trust,Real Estate,Retail REITs,101.8,113.73,82.59,101.4,100.76,98.8,95.83,98.67,0.1,2.31,104.15,93.45
FDX,FedEx,Industrials,Air Freight & Logistics,228.81,298.15,195.55,226.3,226.14,227.58,228.84,239.56,-0.2,2.28,234.03,221.12
FIS,Fidelity National Information Services,Financials,Transaction & Payment Processing Services,67.71,89.09,66.37,67.84,68.2,69.06,74.26,76.17,0.0,5.54,71.46,66.66
FITB,Fifth Third Bancorp,Financials,Regional Banks,45.27,47.14,33.02,45.46,45.61,44.65,43.39,40.99,0.2,4.04,47.1,42.19
FSLR,First Solar,Information Technology,Semiconductors,203.31,255.75,120.38,203.7,200.99,200.41,186.67,165.94,0.0,6.24,216.0,184.83
FE,FirstEnergy,Utilities,Electric Utilities,43.59,43.95,37.17,43.4,43.45,43.49,42.17,40.33,0.0,0.69,43.89,43.08
FI,Fiserv,Financials,Transaction & Payment Processing Services,135.7,237.79,132.14,134.9,136.01,137.02,145.84,187.56,0.0,3.77,140.82,133.22
F,Ford Motor Company,Consumer Discretionary,Automobile Manufacturers,11.76,11.91,8.45,11.62,11.66,11.63,11.39,10.13,0.0,1.62,11.95,11.31
FTNT,Fortinet,Information Technology,Systems Software,80.89,114.57,74.39,79.88,78.74,78.67,90.65,97.86,-0.2,0.54,81.33,76.01
FTV,Fortive,Industrials,Industrial Machinery & Supplies & Components,49.57,62.47,46.55,48.18,47.87,48.06,49.39,54.29,0.2,-0.67,49.24,46.89
FOXA,Fox Corporation (Class A),Communication Services,Broadcasting,58.73,62.48,38.55,59.71,59.88,59.29,57.0,52.92,-0.2,5.38,61.89,56.69
FOX,Fox Corporation (Class B),Communication Services,Broadcasting,52.84,56.81,35.67,54.09,54.43,54.05,52.1,49.09,-0.2,6.76,56.41,51.68
BEN,Franklin Resources,Financials,Asset Management & Custody Banks,24.86,26.03,16.43,24.72,25.15,25.15,24.92,21.28,0.0,4.63,26.01,24.29
FCX,Freeport-McMoRan,Materials,Copper,45.92,51.16,28.93,45.54,45.37,43.99,43.69,39.8,0.0,3.2,47.39,40.59
GRMN,Garmin,Consumer Discretionary,Consumer Electronics,241.18,241.82,159.72,238.51,238.43,235.71,229.21,212.42,-0.2,0.61,242.65,228.76
IT,Gartner,Information Technology,IT Consulting & Other Services,241.12,551.8,225.98,242.43,244.63,243.98,298.39,422.46,0.0,5.06,253.32,234.65
GE,GE Aerospace,Industrials,Aerospace & Defense,281.56,283.41,159.16,279.3,278.13,273.44,268.03,218.24,0.0,1.02,284.43,262.45
GEHC,GE HealthCare,Health Care,Health Care Equipment,77.96,93.69,58.69,77.31,75.21,74.57,74.49,77.23,-0.1,0.38,78.26,70.89
GEV,GE Vernova,Industrials,Heavy Electrical Equipment,634.15,664.55,201.62,613.14,606.79,610.58,604.1,432.41,0.0,1.95,646.52,574.62
GEN,Gen Digital,Information Technology,Systems Software,29.67,32.03,23.31,29.56,29.69,30.47,30.12,28.17,0.2,8.29,32.13,28.81
GNRC,Generac,Industrials,Electrical Components & Equipment,187.86,202.85,101.92,183.99,182.49,188.22,175.58,148.71,0.0,7.71,202.34,174.1
GD,General Dynamics,Industrials,Aerospace & Defense,329.62,329.62,239.38,323.92,323.87,320.97,312.5,277.47,0.0,-0.11,329.26,312.69
GIS,General Mills,Consumer Staples,Packaged Foods & Meats,50.61,72.02,48.44,50.33,49.81,49.71,50.07,55.78,-0.2,0.22,50.72,48.69
GM,General Motors,Consumer Discretionary,Automobile Manufacturers,58.71,59.57,42.24,58.11,58.13,57.67,54.72,50.41,0.0,1.28,59.46,55.87
GPC,Genuine Parts Company,Consumer Discretionary,Distributors,142.77,142.77,103.92,140.11,138.77,137.99,132.3,121.83,0.4,-0.7,141.77,134.21
GILD,Gilead Sciences,Health Care,Biotechnology,117.86,120.47,78.41,115.96,114.38,115.48,113.95,104.63,0.0,1.62,119.77,111.19
GPN,Global Payments,Financials,Transaction & Payment Processing Services,86.68,118.42,67.25,86.77,87.19,87.27,83.92,92.52,0.1,3.33,89.57,84.96
GL,Globe Life,Financials,Life & Health Insurance,142.49,143.27,100.46,140.43,140.45,139.54,133.62,122.63,0.0,0.34,142.97,136.12
GDDY,GoDaddy,Information Technology,Internet Services & Infrastructure,148.59,214.35,133.35,147.15,146.47,146.12,156.15,180.26,-0.2,0.59,149.47,142.79
GS,Goldman Sachs,Financials,Investment Banking & Brokerage,784.73,784.73,457.48,759.66,750.11,740.41,724.05,618.73,0.2,-1.22,775.16,705.65
HAL,Halliburton,Energy,Oil & Gas Equipment & Services,22.31,31.1,18.96,22.11,22.21,21.83,21.67,23.48,-0.1,3.05,22.99,20.67
HIG,Hartford (The),Financials,Property & Casualty Insurance,133.22,134.7,105.0,131.52,132.09,131.94,126.99,119.99,0.0,0.95,134.49,129.39
HAS,Hasbro,Consumer Discretionary,Leisure Products,79.95,81.85,49.75,79.07,79.73,80.14,77.7,64.84,0.2,2.96,82.32,77.97
HCA,HCA Healthcare,Health Care,Health Care Facilities,402.85,420.77,295.46,409.9,408.61,405.05,381.82,347.27,-0.2,4.16,419.61,390.51
DOC,Healthpeak Properties,Real Estate,Health Care REITs,18.14,21.82,16.53,18.17,18.03,17.7,17.67,18.47,0.1,2.15,18.53,16.88
HSIC,Henry Schein,Health Care,Health Care Distributors,69.55,81.91,62.7,68.36,68.37,68.4,69.53,71.18,0.0,0.6,69.97,66.82
HSY,Hershey Company (The),Consumer Staples,Packaged Foods & Meats,185.55,196.32,141.22,186.37,185.14,182.78,179.18,167.45,0.2,1.74,188.78,176.78
HPE,Hewlett Packard Enterprise,Information Technology,"Technology Hardware, Storage & Peripherals",24.86,24.86,12.42,24.04,23.46,22.66,21.49,19.4,0.2,-0.48,24.74,20.57
HLT,Hilton Worldwide,Consumer Discretionary,"Hotels, Resorts & Cruise Lines",278.22,278.5,201.05,275.28,275.77,273.88,271.34,251.45,-0.2,0.79,280.42,267.34
HOLX,Hologic,Health Care,Health Care Equipment,66.38,83.72,52.73,66.38,66.49,67.03,66.4,65.54,0.0,3.27,68.55,65.5
HD,Home Depot (The),Consumer Discretionary,Home Improvement Retail,423.42,423.6,331.29,418.18,412.16,406.87,386.34,379.08,0.4,-0.06,423.17,390.56
HON,Honeywell,Industrials,Industrial Conglomerates,215.31,239.16,180.99,214.04,215.78,217.32,223.64,217.11,-0.2,3.75,223.38,211.26
HRL,Hormel Foods,Consumer Staples,Packaged Foods & Meats,25.42,32.6,24.97,25.41,25.34,27.01,28.37,29.43,-0.2,19.63,30.41,23.62
HST,Host Hotels & Resorts,Real Estate,Hotel & Resort REITs,17.68,18.25,12.54,17.51,17.39,16.9,16.39,15.82,0.2,2.77,18.17,15.63
HWM,Howmet Aerospace,Industrials,Aerospace & Defense,184.21,192.01,92.89,180.92,178.21,175.67,180.18,147.03,0.2,-0.45,183.38,167.95
HPQ,HP Inc.,Information Technology,"Technology Hardware, Storage & Peripherals",28.34,37.77,21.42,28.71,28.56,27.64,26.16,28.2,0.1,4.45,29.6,25.68
HUBB,Hubbell Incorporated,Industrials,Industrial Machinery & Supplies & Components,450.93,466.13,313.96,440.63,437.47,435.84,429.06,398.5,0.2,-0.45,448.9,422.79
HUM,Humana,Health Care,Managed Health Care,278.72,341.87,220.41,288.72,297.92,294.98,263.28,261.14,-0.2,14.53,319.22,270.75
HBAN,Huntington Bancshares,Financials,Regional Banks,17.74,17.88,12.37,17.68,17.72,17.36,16.99,15.97,0.2,3.1,18.29,16.43
HII,Huntington Ingalls Industries,Industrials,Aerospace & Defense,276.07,277.49,156.78,271.23,270.99,269.29,263.25,217.25,0.2,-0.08,275.85,262.74
IBM,IBM,Information Technology,IT Consulting & Other Services,257.01,292.8,199.27,255.52,249.96,245.41,258.34,247.42,0.0,0.57,258.47,232.33
IEX,IDEX Corporation,Industrials,Industrial Machinery & Supplies & Components,164.49,233.54,157.53,163.15,163.38,164.45,170.63,187.2,0.0,2.4,168.44,160.47
IDXX,Idexx Laboratories,Health Care,Health Care Equipment,645.16,682.78,361.04,646.91,644.25,643.21,599.62,488.43,0.0,1.65,655.81,630.64
ITW,Illinois Tool Works,Industrials,Industrial Machinery & Supplies & Components,266.37,273.51,217.09,264.8,264.36,264.01,260.43,252.62,0.0,1.21,269.59,258.41
INCY,Incyte,Health Care,Biotechnology,86.17,86.96,55.17,86.24,85.79,85.64,77.92,70.02,0.0,1.53,87.49,83.78
IR,Ingersoll Rand,Industrials,Industrial Machinery & Supplies & Components,81.02,105.27,66.72,80.45,79.65,79.61,82.2,84.88,0.0,1.04,81.86,77.37
PODD,Insulet Corporation,Health Care,Health Care Equipment,337.94,352.82,226.5,345.27,343.88,335.66,310.01,285.54,0.2,5.13,355.28,316.03
INTC,Intel,Information Technology,Semiconductors,24.61,27.39,18.13,24.56,24.49,24.39,22.83,21.7,0.0,2.93,25.33,23.46
IBKR,Interactive Brokers,Financials,Investment Banking & Brokerage,63.34,67.54,30.12,61.87,62.64,62.7,62.47,51.46,-0.2,2.1,64.67,60.73
ICE,Intercontinental Exchange,Financials,Financial Exchanges & Data,176.17,188.45,142.02,174.0,174.85,177.25,180.9,168.96,-0.4,3.85,182.95,171.55
IFF,International Flavors & Fragrances,Materials,Specialty Chemicals,66.35,104.49,63.46,65.62,66.05,66.2,70.11,77.41,0.0,2.26,67.85,64.55
IP,International Paper,Materials,Paper & Plastic Packaging Products & Materials,46.53,58.45,43.05,47.2,48.03,47.94,49.21,50.38,0.0,7.37,49.96,45.92
IPG,Interpublic Group of Companies (The),Communication Services,Advertising,26.7,30.52,22.33,26.68,26.59,26.42,25.42,25.62,-0.1,2.1,27.26,25.58
INTU,Intuit,Information Technology,Application Software,660.52,807.39,542.39,666.43,666.63,677.56,730.22,662.52,0.0,8.73,718.18,636.92
ISRG,Intuitive Surgical,Health Care,Health Care Equipment,455.85,610.45,441.18,462.05,462.21,469.02,488.91,525.63,-0.2,7.52,490.13,447.89
IVZ,Invesco,Financials,Asset Management & Custody Banks,22.55,22.55,11.86,22.19,22.02,21.65,20.28,16.83,-0.2,0.62,22.69,20.61
INVH,Invitation Homes,Real Estate,Single-Family Residential REITs,30.62,35.78,29.76,30.25,30.44,30.53,31.13,32.16,0.0,2.22,31.3,29.77
IQV,IQVIA,Health Care,Life Sciences Tools & Services,190.69,244.62,137.0,187.91,187.15,188.5,181.37,177.98,-0.2,1.82,194.16,182.84
IRM,Iron Mountain,Real Estate,Other Specialized REITs,98.83,125.19,76.34,95.51,93.22,92.41,95.14,96.75,0.2,-1.63,97.22,87.59
JBHT,J.B. Hunt,Industrials,Cargo Ground Transportation,141.45,195.43,123.94,141.22,143.0,143.83,145.88,152.93,0.0,5.27,148.9,138.76
JBL,Jabil,Information Technology,Electronic Manufacturing Services,214.28,230.3,101.44,211.7,208.64,209.25,217.25,170.26,0.0,1.71,217.94,200.55
JKHY,Jack Henry & Associates,Financials,Transaction & Payment Processing Services,161.42,189.99,157.95,161.61,161.54,161.49,168.42,173.11,0.0,1.89,164.47,158.52
J,Jacobs Solutions,Industrials,Construction & Engineering,148.74,151.85,109.18,145.47,145.28,146.38,142.58,130.92,0.0,0.63,149.68,143.08
JNJ,Johnson & Johnson,Health Care,Pharmaceuticals,178.5,178.76,138.72,177.56,177.52,176.95,169.02,155.72,0.0,0.64,179.64,174.26
JCI,Johnson Controls,Industrials,Building Products,107.82,111.73,69.11,107.06,106.92,106.51,106.64,91.08,-0.2,1.47,109.4,103.62
JPM,JPMorgan Chase,Financials,Diversified Banks,305.56,305.56,199.83,298.25,299.68,296.82,293.57,261.43,0.0,0.04,305.68,287.96
K,Kellanova,Consumer Staples,Packaged Foods & Meats,79.58,81.71,77.28,79.47,79.26,79.34,79.29,80.08,-0.1,0.35,79.86,78.83
KVUE,Kenvue,Consumer Staples,Personal Care Products,18.85,24.0,18.43,18.65,19.63,20.43,21.06,21.79,-0.2,19.84,22.59,18.26
KDP,Keurig Dr Pepper,Consumer Staples,Soft Drinks & Non-alcoholic Beverages,27.59,36.99,27.44,27.78,28.46,30.95,32.57,32.66,0.0,34.32,37.06,24.84
KEY,KeyCorp,Financials,Regional Banks,19.16,19.23,12.92,19.12,19.1,18.74,18.28,16.68,0.2,3.13,19.76,17.72
KEYS,Keysight Technologies,Information Technology,Electronic Equipment & Instruments,172.37,185.11,127.02,169.77,167.49,165.57,164.69,161.38,0.2,-0.28,171.89,159.25
KMB,Kimberly-Clark,Consumer Staples,Household Products,129.47,144.6,121.02,129.62,128.57,129.7,129.34,131.28,-0.1,2.85,133.16,126.24
KIM,Kimco Realty,Real Estate,Retail REITs,22.46,24.65,18.27,22.48,22.36,21.92,21.49,21.31,0.2,2.58,23.04,20.81
KMI,Kinder Morgan,Energy,Oil & Gas Storage & Transportation,27.57,30.24,19.94,26.93,26.88,26.75,27.15,26.99,0.2,-0.76,27.36,26.14
KKR,KKR & Co.,Financials,Asset Management & Custody Banks,145.01,166.38,92.52,139.18,138.64,139.59,142.12,134.27,0.2,-0.03,144.97,134.22
KLAC,KLA Corporation,Information Technology,Semiconductor Materials & Equipment,959.28,959.28,573.9,924.74,895.32,890.84,904.87,764.42,0.0,-0.86,951.03,830.68
KHC,Kraft Heinz,Consumer Staples,Packaged Foods & Meats,26.52,34.07,25.24,26.81,26.91,27.08,27.13,27.97,0.0,5.24,27.91,26.25
KR,Kroger,Consumer Staples,Food Retail,67.23,73.97,50.47,67.53,67.76,68.83,70.24,66.04,-0.2,6.44,71.56,66.1
LHX,L3Harris,Industrials,Aerospace & Defense,280.63,280.63,191.79,274.65,274.31,273.77,269.1,231.58,0.0,-0.51,279.2,268.35
LH,Labcorp,Health Care,Health Care Services,279.72,279.72,209.65,277.33,276.28,275.51,264.66,246.2,0.0,0.58,281.34,269.69
LRCX,Lam Research,Information Technology,Semiconductor Materials & Equipment,115.58,115.58,58.94,107.31,103.6,102.41,100.68,83.74,0.0,-4.01,110.95,93.88
LW,Lamb Weston,Consumer Staples,Packaged Foods & Meats,57.12,80.72,47.73,57.14,56.83,56.13,54.3,56.78,-0.1,2.12,58.33,53.93
LVS,Las Vegas Sands,Consumer Discretionary,Casinos & Gaming,54.71,57.71,30.35,54.13,55.35,54.95,52.38,45.35,0.2,5.76,57.86,52.04
LDOS,Leidos,Industrials,Diversified Support Services,185.13,199.72,126.1,180.39,180.14,180.2,171.33,151.85,0.0,-0.55,184.11,176.28
LEN,Lennar,Consumer Discretionary,Homebuilding,140.09,183.45,101.84,139.68,136.95,134.71,123.1,122.05,0.0,1.34,141.97,127.45
LII,Lennox International,Industrials,Building Products,567.28,674.16,506.5,568.53,561.0,573.56,596.58,592.78,0.0,7.62,610.51,536.62
LLY,Lilly (Eli),Health Care,Pharmaceuticals,756.28,927.92,624.28,745.47,740.78,724.29,741.67,783.41,-0.2,1.32,766.26,682.33
LIN,Linde plc,Materials,Industrial Gases,483.59,483.59,408.92,474.78,474.66,476.73,471.19,453.51,-0.2,0.18,484.46,469.02
LYV,Live Nation Entertainment,Communication Services,Movies & Entertainment,174.06,174.06,96.06,169.62,167.16,165.36,156.15,141.72,0.2,-0.99,172.34,158.39
LKQ,LKQ Corporation,Consumer Discretionary,Distributors,32.92,43.02,28.96,32.46,32.34,31.82,33.08,37.32,-0.2,0.67,33.14,30.49
LMT,Lockheed Martin,Industrials,Aerospace & Defense,470.73,597.79,407.77,462.93,457.83,449.98,443.64,458.79,0.3,-0.17,469.93,430.04
L,Loews Corporation,Financials,Multi-line Insurance,98.05,98.05,76.27,96.55,96.67,96.24,93.61,88.09,0.2,-0.27,97.79,94.69
LOW,Lowe's,Consumer Discretionary,Home Improvement Retail,272.4,278.66,209.46,270.19,265.06,260.77,241.37,238.03,0.0,0.44,273.6,247.94
LULU,Lululemon Athletica,Consumer Discretionary,"Apparel, Accessories & Luxury Goods",165.78,421.16,163.9,166.25,184.34,192.64,207.25,297.87,0.0,34.97,223.75,161.51
LYB,LyondellBasell,Materials,Specialty Chemicals,55.47,89.15,47.21,54.79,55.05,54.73,56.6,62.8,0.0,4.54,57.99,51.46
MTB,M&T Bank,Financials,Regional Banks,197.83,215.8,154.27,198.92,199.4,196.5,194.29,186.21,0.2,3.63,205.01,187.98
MPC,Marathon Petroleum,Energy,Oil & Gas Refining & Marketing,182.31,183.18,117.23,181.73,180.58,173.96,171.99,153.09,0.2,3.93,189.47,158.43
MKTX,MarketAxess,Financials,Financial Exchanges & Data,188.46,289.47,180.13,187.19,184.42,186.22,198.61,213.23,-0.2,2.02,192.27,180.18
MAR,Marriott International,Consumer Discretionary,"Hotels, Resorts & Cruise Lines",267.94,302.22,210.04,265.43,266.36,266.54,268.96,265.43,-0.2,1.62,272.28,260.8
MMC,Marsh McLennan,Financials,Insurance Brokers,203.46,243.22,197.78,202.26,204.04,206.29,207.0,219.37,0.0,4.43,212.47,200.1
MLM,Martin Marietta Materials,Materials,Construction Materials,631.12,631.12,451.25,622.36,618.54,612.86,591.03,541.26,0.0,-0.28,629.35,596.39
MAS,Masco,Industrials,Building Products,75.22,84.25,58.18,74.74,73.93,73.91,69.92,69.73,0.0,1.18,76.11,71.71
MA,Mastercard,Financials,Transaction & Payment Processing Services,588.73,598.96,478.51,584.59,588.95,589.18,573.51,551.15,0.0,1.81,599.39,578.95
MTCH,Match Group,Communication Services,Interactive Media & Services,38.02,38.77,26.87,38.21,37.74,37.65,35.4,32.22,0.0,1.95,38.76,36.54
MKC,McCormick & Company,Consumer Staples,Packaged Foods & Meats,69.81,83.73,68.41,69.82,69.81,70.01,70.92,74.84,0.0,2.79,71.76,68.26
MCD,McDonald's,Consumer Discretionary,Restaurants,308.43,317.67,275.0,310.81,312.54,311.18,303.31,299.41,-0.2,2.89,317.34,305.01
MCK,McKesson Corporation,Health Care,Health Care Distributors,719.8,734.45,476.95,703.2,695.59,689.2,697.8,661.27,0.0,-0.62,715.34,663.06
MDT,Medtronic,Health Care,Health Care Equipment,94.25,94.25,78.03,93.31,92.97,92.54,91.29,86.73,0.0,0.17,94.41,90.66
MRK,Merck & Co.,Health Care,Pharmaceuticals,85.15,115.53,72.74,84.52,84.36,84.61,82.84,86.36,-0.3,1.66,86.56,82.67
META,Meta Platforms,Communication Services,Interactive Media & Services,750.9,790.0,484.29,754.67,748.4,753.33,740.59,654.19,-0.2,3.76,779.13,727.56
MET,MetLife,Financials,Life & Health Insurance,80.34,86.38,67.4,79.59,80.3,79.87,77.93,79.14,-0.1,2.59,82.42,77.33
MTD,Mettler Toledo,Health Care,Life Sciences Tools & Services,1282.72,1499.7,970.15,1288.25,1285.78,1294.69,1255.7,1217.47,0.0,3.89,1332.62,1256.81
MGM,MGM Resorts,Consumer Discretionary,Casinos & Gaming,35.34,41.99,25.79,36.03,37.35,37.28,37.08,34.25,0.2,13.36,40.06,34.5
MCHP,Microchip Technology,Information Technology,Semiconductors,65.02,78.29,34.83,65.15,64.73,65.57,68.1,58.77,0.2,5.32,68.48,62.66
MU,Micron Technology,Information Technology,Semiconductors,150.57,150.57,64.66,137.73,129.11,124.21,119.29,101.26,0.2,-5.61,142.12,106.28
MSFT,Microsoft,Information Technology,Systems Software,501.01,534.76,353.33,498.6,502.78,506.16,509.43,444.29,-0.2,3.67,519.4,492.94
MAA,Mid-America Apartment Communities,Real Estate,Multi-Family Residential REITs,144.09,167.59,138.38,144.21,144.07,142.98,145.28,152.04,0.0,1.6,146.4,139.56
MRNA,Moderna,Health Care,Biotechnology,25.39,79.51,23.65,24.83,24.52,25.57,28.6,31.72,0.0,11.46,28.3,22.83
MHK,Mohawk Industries,Consumer Discretionary,Home Furnishings,139.75,161.25,97.99,137.86,135.1,131.99,122.33,116.62,0.2,0.87,140.97,123.01
MOH,Molina Healthcare,Health Care,Managed Health Care,188.44,360.77,152.31,179.87,178.6,175.15,181.76,275.09,0.4,-0.77,186.99,163.31
TAP,Molson Coors Beverage Company,Consumer Staples,Brewers,49.13,61.78,46.8,49.58,49.62,50.28,49.81,54.26,0.1,5.72,51.94,48.63
MDLZ,Mondelez International,Consumer Staples,Packaged Foods & Meats,62.05,73.43,55.34,62.11,61.73,62.03,64.8,63.54,0.2,2.01,63.3,60.76
MPWR,Monolithic Power Systems,Information Technology,Semiconductors,840.38,936.74,454.23,856.72,847.72,844.67,791.25,666.76,0.2,3.87,872.9,816.4
MNST,Monster Beverage,Consumer Staples,Soft Drinks & Non-alcoholic Beverages,63.8,64.69,46.16,63.09,62.95,63.21,61.67,57.48,-0.2,1.8,64.95,61.47
MCO,Moody's Corporation,Financials,Financial Exchanges & Data,518.7,524.53,395.22,507.88,505.33,509.16,507.61,481.7,0.0,0.67,522.18,496.16
MS,Morgan Stanley,Financials,Investment Banking & Brokerage,156.48,156.48,93.82,151.94,150.83,148.62,144.51,129.52,0.0,-0.88,155.1,142.15
MOS,Mosaic Company (The),Materials,Fertilizers & Agricultural Chemicals,33.68,37.55,22.47,32.81,32.88,32.66,34.21,29.71,0.0,0.27,33.77,31.55
MSI,Motorola Solutions,Information Technology,Communications Equipment,490.3,500.78,393.68,481.46,478.16,469.62,446.5,440.76,0.2,-0.37,488.49,450.74
MSCI,MSCI Inc.,Financials,Financial Exchanges & Data,585.48,630.0,503.37,569.51,564.65,566.15,563.02,568.88,0.1,-0.36,583.37,548.95
NDAQ,"Nasdaq, Inc.",Financials,Financial Exchanges & Data,95.88,96.94,66.19,94.78,94.55,94.55,93.42,82.69,0.0,-0.13,95.76,93.35
NTAP,NetApp,Information Technology,"Technology Hardware, Storage & Peripherals",125.09,129.06,75.73,122.33,119.23,114.4,109.07,106.14,0.0,0.38,125.57,103.24
NFLX,Netflix,Communication Services,Movies & Entertainment,1203.5,1339.13,673.62,1240.61,1234.05,1228.08,1221.86,1070.13,0.2,4.96,1263.19,1192.92
NEM,Newmont,Materials,Gold,79.65,79.65,36.49,77.18,75.85,72.81,66.58,51.76,0.0,0.2,79.81,65.8
NWSA,News Corp (Class A),Communication Services,Publishing,29.52,30.4,23.89,29.36,29.23,29.46,29.36,28.18,0.0,2.47,30.25,28.68
NWS,News Corp (Class B),Communication Services,Publishing,32.27,35.06,26.86,32.67,33.0,33.66,33.71,32.08,-0.2,9.67,35.39,31.92
NEE,NextEra Energy,Utilities,Multi-Utilities,71.32,82.85,63.11,70.62,71.24,72.96,72.69,70.31,0.2,7.96,77.0,68.91
NKE,"Nike, Inc.",Consumer Discretionary,"Apparel, Accessories & Luxury Goods",74.33,87.5,52.64,74.05,74.91,75.97,75.09,69.59,0.4,6.4,79.09,72.86
NI,NiSource,Utilities,Multi-Utilities,41.13,43.33,32.56,40.58,41.11,41.74,41.34,38.84,-0.2,5.91,43.56,39.92
NDSN,Nordson Corporation,Industrials,Industrial Machinery & Supplies & Components,227.98,261.43,166.9,224.99,224.54,222.3,219.18,212.1,0.2,1.55,231.51,213.09
NSC,Norfolk Southern,Industrials,Rail Transportation,274.0,285.53,204.09,274.63,276.71,278.83,274.95,248.38,0.0,4.73,286.96,270.71
NTRS,Northern Trust,Financials,Asset Management & Custody Banks,129.48,131.24,83.34,128.02,128.73,128.38,127.3,109.06,-0.2,1.65,131.62,125.14
NOC,Northrop Grumman,Industrials,Aerospace & Defense,582.95,594.87,427.78,579.43,582.06,584.24,562.34,499.75,0.2,1.95,594.32,574.14
NCLH,Norwegian Cruise Line Holdings,Consumer Discretionary,"Hotels, Resorts & Cruise Lines",26.94,29.07,15.5,25.59,25.38,24.9,24.08,22.5,0.2,-2.08,26.38,23.43
NRG,NRG Energy,Utilities,Independent Power Producers & Energy Traders,157.92,173.91,76.74,153.36,150.1,149.03,153.11,122.55,0.0,-0.32,157.41,140.63
NUE,Nucor,Materials,Steel,143.75,165.5,102.79,143.59,145.3,145.79,142.77,128.75,0.0,5.01,150.95,140.63
NVDA,Nvidia,Information Technology,Semiconductors,177.17,183.16,94.3,172.12,172.8,175.98,173.71,139.8,-0.2,4.65,185.41,166.57
NVR,"NVR, Inc.",Consumer Discretionary,Homebuilding,8532.98,9924.4,6700.0,8438.02,8315.04,8220.5,7916.31,7697.27,0.2,0.22,8551.75,7889.66
NXPI,NXP Semiconductors,Information Technology,Semiconductors,223.21,252.0,152.79,223.68,227.86,229.99,225.09,210.4,0.0,7.96,240.98,219.01
ORLY,O’Reilly Automotive,Consumer Discretionary,Automotive Retail,107.82,107.82,73.94,106.22,105.08,103.86,99.5,90.8,0.4,-0.47,107.31,100.41
OXY,Occidental Petroleum,Energy,Oil & Gas Exploration & Production,46.02,54.77,35.72,45.61,46.29,45.6,44.58,45.08,-0.1,4.15,47.93,43.27
ODFL,Old Dominion,Industrials,Cargo Ground Transportation,149.4,230.37,141.59,149.15,149.24,151.0,155.49,170.41,0.0,4.88,156.69,145.31
OMC,Omnicom Group,Communication Services,Advertising,77.84,101.86,68.6,77.99,77.76,77.33,74.63,78.37,-0.1,2.43,79.73,74.93
ON,ON Semiconductor,Information Technology,Semiconductors,49.02,74.7,31.95,48.75,48.89,49.76,53.29,51.28,0.2,6.55,52.23,47.29
OKE,Oneok,Energy,Oil & Gas Storage & Transportation,73.3,112.93,71.36,72.5,73.76,73.97,77.02,87.8,0.0,4.16,76.35,71.59
ORCL,Oracle Corporation,Information Technology,Application Software,307.86,328.33,122.56,269.8,248.72,243.71,243.59,184.36,0.2,-3.95,295.7,191.7
OTIS,Otis Worldwide,Industrials,Industrial Machinery & Supplies & Components,89.38,104.22,84.52,87.88,87.0,87.41,90.57,94.89,0.2,0.01,89.39,85.42
PCAR,Paccar,Industrials,Construction Machinery & Heavy Transportation Equipment,101.76,113.98,85.82,99.05,98.92,99.22,98.18,99.57,-0.3,0.35,102.12,96.31
PKG,Packaging Corporation of America,Materials,Paper & Plastic Packaging Products & Materials,217.03,244.28,174.83,216.07,216.1,209.95,204.3,205.16,0.1,4.51,226.82,193.09
PLTR,Palantir Technologies,Information Technology,Application Software,164.36,186.97,34.76,160.53,158.56,161.06,158.83,112.88,0.0,7.28,176.33,145.81
PANW,Palo Alto Networks,Information Technology,Systems Software,198.33,208.28,152.44,197.01,194.1,187.97,188.27,187.29,0.0,2.06,202.42,173.53
PSKY,Paramount Skydance Corporation,Communication Services,Movies & Entertainment,17.46,17.46,9.8,15.59,15.16,14.97,13.55,11.84,0.2,-3.44,16.86,13.07
PH,Parker Hannifin,Industrials,Industrial Machinery & Supplies & Components,769.67,769.67,514.56,761.79,758.69,751.66,732.95,667.51,0.0,0.68,774.9,728.4
PAYX,Paychex,Industrials,Human Resource & Employment Services,135.46,158.58,128.82,134.76,136.09,137.33,140.55,144.19,-0.2,4.17,141.11,133.54
PAYC,Paycom,Industrials,Human Resource & Employment Services,226.37,265.28,158.91,223.63,223.69,224.58,227.04,224.46,0.0,2.88,232.89,216.27
PYPL,PayPal,Financials,Transaction & Payment Processing Services,67.27,91.81,57.41,67.45,68.48,68.84,71.12,74.61,0.0,5.74,71.13,66.56
PNR,Pentair,Industrials,Industrial Machinery & Supplies & Components,112.59,112.59,75.76,110.46,109.22,108.05,105.87,98.45,0.4,-0.25,112.31,103.79
PEP,PepsiCo,Consumer Staples,Soft Drinks & Non-alcoholic Beverages,144.23,171.19,125.83,143.62,145.23,146.54,142.15,141.28,0.2,4.73,151.05,142.03
PFE,Pfizer,Health Care,Pharmaceuticals,24.86,28.21,20.83,24.71,24.72,25.0,24.7,24.21,0.0,3.46,25.72,24.28
PCG,PG&E Corporation,Utilities,Multi-Utilities,15.73,21.53,13.0,15.12,15.18,15.15,14.5,16.42,-0.1,-0.25,15.69,14.62
PM,Philip Morris International,Consumer Staples,Tobacco,167.9,183.57,115.19,164.44,164.69,166.55,169.32,154.66,0.0,3.25,173.36,159.76
PSX,Phillips 66,Energy,Oil & Gas Refining & Marketing,132.52,133.86,91.09,131.6,132.04,128.9,125.92,118.55,0.2,3.77,137.52,120.3
PNW,Pinnacle West Capital,Utilities,Multi-Utilities,88.37,93.78,79.36,88.04,88.57,89.83,90.42,88.87,-0.2,4.98,92.77,86.89
PNC,PNC Financial Services,Financials,Diversified Banks,202.75,209.23,146.94,202.64,204.41,200.79,196.23,184.04,0.2,4.25,211.37,190.21
POOL,Pool Corporation,Consumer Discretionary,Distributors,329.8,385.63,283.92,327.51,318.88,319.12,312.11,322.0,0.1,1.62,335.14,303.1
PPG,PPG Industries,Materials,Specialty Chemicals,111.83,131.36,90.49,110.3,110.24,111.23,111.66,112.04,-0.2,1.93,113.99,108.48
PPL,PPL Corporation,Utilities,Electric Utilities,35.98,36.96,30.49,35.66,35.91,36.16,35.64,34.04,0.2,2.61,36.92,35.41
PFG,Principal Financial Group,Financials,Life & Health Insurance,82.08,87.94,68.21,80.38,80.09,79.25,78.7,78.42,0.2,-0.17,81.94,76.56
PG,Procter & Gamble,Consumer Staples,Personal Care Products,158.63,176.3,150.47,158.89,158.25,157.54,156.13,162.41,-0.1,1.5,161.01,154.06
PGR,Progressive Corporation,Financials,Property & Casualty Insurance,248.8,291.0,234.89,245.65,246.3,247.23,246.99,259.64,0.1,1.32,252.08,242.36
PLD,Prologis,Real Estate,Industrial REITs,114.82,127.92,88.91,113.0,112.63,111.07,108.91,108.75,0.2,1.2,116.2,105.94
PRU,Prudential Financial,Financials,Life & Health Insurance,106.99,124.75,92.74,105.95,107.18,107.28,104.75,107.29,-0.1,3.38,110.61,103.94
PEG,Public Service Enterprise Group,Utilities,Electric Utilities,82.03,91.66,75.92,80.76,81.04,82.28,83.76,82.1,-0.4,4.25,85.52,79.05
PTC,PTC Inc.,Information Technology,Application Software,207.03,216.53,136.74,208.44,210.88,211.11,204.4,179.82,-0.2,5.42,218.25,203.97
PSA,Public Storage,Real Estate,Self-Storage REITs,294.92,354.44,263.65,293.25,292.47,289.69,287.48,294.86,0.1,1.29,298.72,280.66
PHM,PulteGroup,Consumer Discretionary,Homebuilding,138.66,148.13,91.82,138.56,135.93,132.69,122.35,110.96,0.0,1.98,141.41,123.97
PWR,Quanta Services,Industrials,Construction & Engineering,389.64,421.68,236.56,380.26,379.04,379.45,387.69,329.82,0.4,-0.09,389.29,369.62
QCOM,Qualcomm,Information Technology,Semiconductors,161.51,174.12,123.21,159.84,159.29,157.9,155.66,153.94,0.0,0.32,162.03,153.78
DGX,Quest Diagnostics,Health Care,Health Care Services,183.46,184.4,144.81,182.46,181.15,180.93,175.43,168.02,0.0,0.7,184.74,177.12
RL,Ralph Lauren Corporation,Consumer Discretionary,"Apparel, Accessories & Luxury Goods",316.35,320.75,170.17,311.95,309.94,299.41,294.96,255.8,0.2,2.16,323.18,275.64
RJF,Raymond James Financial,Financials,Investment Banking & Brokerage,171.08,171.46,114.36,166.93,167.88,166.34,164.1,153.84,-0.2,0.17,171.37,161.31
RTX,RTX Corporation,Industrials,Aerospace & Defense,157.65,160.66,112.45,155.23,157.02,156.63,153.71,133.4,-0.2,2.24,161.18,152.09
O,Realty Income,Real Estate,Retail REITs,60.16,61.45,49.6,59.5,58.78,58.58,57.5,55.07,0.2,-0.12,60.09,57.07
REG,Regency Centers,Real Estate,Retail REITs,72.24,76.25,64.84,72.7,72.63,72.12,71.39,71.45,-0.1,2.01,73.69,70.54
REGN,Regeneron Pharmaceuticals,Health Care,Biotechnology,568.2,1159.49,482.34,562.48,568.16,574.88,563.16,621.12,0.1,5.28,598.2,551.55
RF,Regions Financial Corporation,Financials,Regional Banks,27.04,27.36,17.95,26.99,27.04,26.52,25.59,23.06,0.0,3.14,27.89,25.15
RSG,Republic Services,Industrials,Environmental & Facilities Services,232.21,257.46,196.49,229.53,231.42,232.7,236.3,231.83,-0.4,2.12,237.13,228.28
RMD,ResMed,Health Care,Health Care Equipment,274.61,293.73,203.67,276.16,274.47,280.53,273.4,245.27,0.0,7.14,294.22,266.84
RVTY,Revvity,Health Care,Health Care Equipment,85.68,127.41,82.5,85.23,86.24,88.56,92.07,102.64,0.0,10.41,94.6,82.52
ROK,Rockwell Automation,Industrials,Electrical Components & Equipment,350.54,357.15,217.21,343.46,342.82,344.34,344.81,297.38,-0.4,1.04,354.19,334.5
ROL,"Rollins, Inc.",Industrials,Environmental & Facilities Services,58.22,58.48,45.24,57.11,56.82,57.11,56.85,53.27,0.2,0.41,58.46,55.75
ROP,Roper Technologies,Information Technology,Electronic Equipment & Instruments,517.38,592.1,501.26,518.43,521.53,526.12,540.1,553.93,-0.2,4.21,539.16,513.09
ROST,Ross Stores,Consumer Discretionary,Apparel Retail,151.1,154.88,122.22,150.22,150.01,148.48,141.3,140.79,0.0,1.01,152.63,144.35
RCL,Royal Caribbean Group,Consumer Discretionary,"Hotels, Resorts & Cruise Lines",350.23,365.84,156.58,348.07,353.86,343.91,336.28,262.1,0.2,7.04,374.89,312.95
SPGI,S&P Global,Financials,Financial Exchanges & Data,550.88,563.17,436.73,544.48,543.75,548.8,541.46,513.18,-0.4,2.0,561.9,535.7
CRM,Salesforce,Information Technology,Application Software,246.28,366.29,231.66,248.79,250.8,247.81,254.09,286.99,0.2,5.03,258.67,236.94
SBAC,SBA Communications,Real Estate,Telecom Tower REITs,199.44,244.52,189.91,194.71,198.09,208.19,220.27,217.13,-0.2,15.53,230.41,185.97
SLB,Schlumberger,Energy,Oil & Gas Equipment & Services,36.03,44.26,31.43,35.91,35.89,34.94,34.56,36.83,-0.1,4.08,37.5,32.38
STX,Seagate Technology,Information Technology,"Technology Hardware, Storage & Peripherals",196.81,196.81,66.19,191.77,182.94,171.24,158.51,112.92,0.0,1.21,199.19,143.29
SRE,Sempra,Utilities,Multi-Utilities,83.47,92.47,63.23,81.26,81.76,81.82,79.96,78.05,0.0,0.26,83.69,79.96
NOW,ServiceNow,Information Technology,Systems Software,938.28,1170.39,721.65,929.73,922.41,900.38,931.33,966.63,-0.2,1.36,951.04,849.7
SHW,Sherwin-Williams,Materials,Specialty Chemicals,368.68,397.11,312.15,367.03,365.69,365.88,353.3,351.43,0.0,1.6,374.58,357.18
SPG,Simon Property Group,Real Estate,Retail REITs,183.9,183.9,136.92,180.6,179.27,176.03,168.21,164.51,0.2,-0.18,183.57,168.49
SWKS,Skyworks Solutions,Information Technology,Semiconductors,74.68,98.66,48.25,74.83,74.55,74.73,73.08,72.87,0.0,2.62,76.64,72.82
SJM,J.M. Smucker Company (The),Consumer Staples,Packaged Foods & Meats,110.86,116.99,93.48,111.17,110.68,110.92,108.4,107.73,-0.2,3.45,114.68,107.15
SW,Smurfit Westrock,Materials,Paper & Plastic Packaging Products & Materials,45.64,55.13,37.46,45.97,46.38,45.26,45.44,46.66,-0.2,6.31,48.52,41.99
SNA,Snap-on,Industrials,Industrial Machinery & Supplies & Components,331.98,364.18,268.8,326.89,326.09,325.98,323.2,327.22,-0.3,0.34,333.11,318.86
SOLV,Solventum,Health Care,Health Care Technology,73.79,84.04,63.01,73.05,72.66,72.56,73.29,72.35,0.0,0.8,74.38,70.74
SO,Southern Company,Utilities,Electric Utilities,92.13,95.24,78.98,91.5,91.77,92.75,93.01,87.83,0.0,3.16,95.04,90.46
LUV,Southwest Airlines,Industrials,Passenger Airlines,31.72,37.49,23.77,31.38,31.8,31.77,32.64,31.31,0.0,5.08,33.33,30.21
SWK,Stanley Black & Decker,Industrials,Industrial Machinery & Supplies & Components,79.52,105.48,54.53,78.01,75.73,75.01,71.99,73.47,0.3,-0.34,79.25,70.76
SBUX,Starbucks,Consumer Discretionary,Restaurants,82.36,114.25,78.61,83.73,85.89,87.6,90.44,92.94,0.0,13.31,93.32,81.88
STT,State Street Corporation,Financials,Asset Management & Custody Banks,112.94,115.82,74.79,112.07,113.09,113.16,111.2,98.0,0.2,3.03,116.36,109.97
STLD,Steel Dynamics,Materials,Steel,133.99,152.49,106.43,133.23,131.81,130.39,129.7,127.58,0.0,1.71,136.28,124.5
STE,Steris,Health Care,Health Care Equipment,252.43,252.43,200.94,247.65,245.34,246.29,236.48,226.24,0.2,-0.17,252.0,240.58
SYK,Stryker Corporation,Health Care,Health Care Equipment,388.79,403.53,336.65,389.99,390.39,389.26,389.22,379.23,0.0,2.51,398.55,379.98
SMCI,Supermicro,Information Technology,"Technology Hardware, Storage & Peripherals",43.95,60.71,18.01,42.25,41.83,43.01,48.21,40.45,0.2,6.17,46.66,39.37
SYF,Synchrony Financial,Financials,Consumer Finance,76.01,76.86,43.38,75.51,75.85,74.36,71.79,62.73,-0.2,2.85,78.18,70.55
SNPS,Synopsys,Information Technology,Application Software,438.1,645.35,380.9,527.49,563.93,585.68,591.25,511.16,-0.2,60.5,703.15,468.19
SYY,Sysco,Consumer Staples,Food Distributors,81.04,82.51,67.53,81.22,81.02,80.5,79.56,74.63,0.0,1.65,82.38,78.61
TMUS,T-Mobile US,Communication Services,Wireless Telecommunication Services,241.39,270.87,193.74,244.03,248.25,250.77,242.24,241.3,0.0,8.12,260.99,240.54
TROW,T. Rowe Price,Financials,Asset Management & Custody Banks,105.69,120.07,79.19,107.16,107.42,107.36,105.43,101.56,0.0,4.62,110.57,104.15
TTWO,Take-Two Interactive,Communication Services,Interactive Home Entertainment,246.54,248.78,147.66,245.38,241.55,236.1,232.99,214.42,0.2,1.14,249.35,222.86
TPR,"Tapestry, Inc.",Consumer Discretionary,"Apparel, Accessories & Luxury Goods",106.87,113.1,40.43,105.27,104.19,101.47,102.88,80.29,-0.2,0.82,107.75,95.2
TRGP,Targa Resources,Energy,Oil & Gas Storage & Transportation,165.24,213.93,141.35,162.56,164.43,163.63,165.7,177.8,0.0,1.68,168.02,159.25
TGT,Target Corporation,Consumer Staples,Consumer Staples Merchandise Retail,91.52,154.72,86.82,91.58,92.82,96.6,100.31,108.66,-0.2,15.81,105.99,87.21
TEL,TE Connectivity,Information Technology,Electronic Manufacturing Services,212.4,212.4,121.04,209.6,208.16,206.03,196.55,160.58,0.2,-0.02,212.36,199.7
TDY,Teledyne Technologies,Information Technology,Electronic Equipment & Instruments,566.11,566.11,425.67,550.23,546.1,544.18,543.43,500.42,0.2,-1.68,556.6,531.79
TER,Teradyne,Information Technology,Semiconductor Materials & Equipment,115.56,139.5,67.79,117.51,118.27,115.53,105.18,101.04,0.2,6.69,123.29,107.77
TSLA,"Tesla, Inc.",Consumer Discretionary,Automobile Manufacturers,368.81,479.86,213.65,352.16,344.26,340.26,326.92,330.52,0.1,-1.69,362.58,317.93
TXN,Texas Instruments,Information Technology,Semiconductors,184.35,219.66,143.34,185.43,191.65,196.0,198.26,185.76,-0.2,14.77,211.58,180.44
TPL,Texas Pacific Land Corporation,Energy,Oil & Gas Exploration & Production,938.99,1720.9,783.51,915.7,921.14,909.6,946.87,1198.27,0.0,0.81,946.6,872.61
TXT,Textron,Industrials,Aerospace & Defense,82.24,90.25,60.7,81.6,80.92,80.57,80.99,76.47,-0.2,0.6,82.73,78.42
TMO,Thermo Fisher Scientific,Health Care,Life Sciences Tools & Services,491.41,622.18,390.26,486.12,487.46,489.02,464.34,480.6,-0.3,1.64,499.47,478.57
TJX,TJX Companies,Consumer Discretionary,Apparel Retail,140.83,141.02,110.73,140.15,139.36,137.43,130.67,125.16,0.0,1.26,142.6,132.25
TKO,TKO Group Holdings,Communication Services,Movies & Entertainment,202.24,202.24,113.12,197.65,193.0,189.39,178.17,159.72,0.2,-0.93,200.36,178.43
TTD,Trade Desk (The),Communication Services,Advertising,45.24,139.51,45.24,49.58,51.78,52.17,67.72,81.75,0.0,26.11,57.05,47.29
TSCO,Tractor Supply,Consumer Discretionary,Other Specialty Retail,60.02,62.65,47.62,59.63,60.49,60.8,58.99,54.42,0.2,4.87,62.94,58.67
TT,Trane Technologies,Industrials,Building Products,414.88,471.46,313.81,414.07,413.81,419.04,431.67,392.89,0.0,4.09,431.85,406.25
TDG,TransDigm Group,Industrials,Aerospace & Defense,1293.3,1516.55,1152.5,1291.4,1293.92,1301.48,1383.17,1294.76,0.0,2.74,1328.74,1274.28
TRV,Travelers Companies (The),Financials,Property & Casualty Insurance,279.43,279.43,222.29,274.34,273.73,271.77,264.52,255.94,0.2,0.05,279.57,263.97
TRMB,Trimble Inc.,Information Technology,Electronic Equipment & Instruments,82.85,85.24,54.91,81.02,80.5,81.15,81.78,73.05,0.0,1.22,83.86,78.43
TFC,Truist Financial,Financials,Diversified Banks,45.3,47.07,33.92,45.65,46.17,45.64,44.69,42.2,0.0,5.08,47.6,43.69
TYL,Tyler Technologies,Information Technology,Application Software,553.99,646.74,521.68,556.87,556.41,560.31,568.46,581.34,-0.2,3.95,575.87,544.76
TSN,Tyson Foods,Consumer Staples,Packaged Foods & Meats,56.08,62.84,51.83,55.89,56.09,56.25,55.05,56.85,-0.3,1.98,57.19,55.31
USB,U.S. Bancorp,Financials,Diversified Banks,49.32,51.9,36.0,49.07,48.91,48.02,46.79,44.99,0.2,2.21,50.41,45.64
UBER,Uber,Industrials,Passenger Ground Transportation,94.68,97.48,59.93,93.94,93.71,94.11,92.52,79.53,-0.2,2.74,97.27,90.95
UDR,"UDR, Inc.",Real Estate,Multi-Family Residential REITs,38.92,45.23,37.29,38.79,38.81,38.75,39.35,41.11,0.0,1.46,39.49,38.0
ULTA,Ulta Beauty,Consumer Discretionary,Other Specialty Retail,521.89,533.81,314.47,517.18,520.23,521.68,507.98,427.01,-0.4,3.46,539.95,503.42
UNP,Union Pacific Corporation,Industrials,Rail Transportation,216.04,249.94,205.73,216.97,219.62,220.72,224.04,227.41,0.0,4.86,226.54,214.88
UAL,United Airlines Holdings,Industrials,Passenger Airlines,109.36,110.52,48.42,107.38,106.39,103.96,94.81,88.4,-0.2,0.59,110.01,97.91
UPS,United Parcel Service,Industrials,Air Freight & Logistics,84.65,130.93,82.93,84.45,85.2,86.25,90.84,103.88,0.0,5.28,89.12,83.38
URI,United Rentals,Industrials,Trading Companies & Distributors,959.59,975.23,549.5,959.04,957.55,939.5,878.76,741.77,0.0,2.75,985.98,893.03
UNH,UnitedHealth Group,Health Care,Managed Health Care,353.61,615.84,237.77,336.79,322.32,311.56,291.12,416.95,0.1,-1.53,348.2,274.93
UHS,Universal Health Services,Health Care,Health Care Facilities,190.79,240.49,154.78,187.83,185.03,183.38,175.88,180.85,0.3,-0.24,190.33,176.43
VLO,Valero Energy,Energy,Oil & Gas Refining & Marketing,157.59,161.83,102.97,158.41,156.03,148.93,144.31,131.05,0.2,4.92,165.34,132.51
VTR,Ventas,Real Estate,Health Care REITs,69.45,69.55,56.07,68.59,68.17,68.07,66.94,64.06,0.2,-0.16,69.34,66.8
VLTO,Veralto,Industrials,Environmental & Facilities Services,109.1,113.22,85.23,106.55,106.24,107.01,105.35,100.75,-0.2,0.38,109.51,104.52
VRSN,Verisign,Information Technology,Internet Services & Infrastructure,289.37,305.1,175.69,284.31,279.13,274.23,277.27,248.28,0.0,-0.7,287.34,261.11
VRSK,Verisk Analytics,Industrials,Research & Consulting Services,266.24,320.87,260.0,268.2,267.88,268.4,280.51,290.05,0.0,2.68,273.38,263.43
VZ,Verizon,Communication Services,Integrated Telecommunication Services,44.14,45.06,36.62,43.78,43.88,44.14,43.13,41.64,-0.2,2.2,45.11,43.17
VRTX,Vertex Pharmaceuticals,Health Care,Biotechnology,397.37,516.74,366.54,394.75,395.14,393.36,425.29,451.36,-0.2,0.86,400.79,385.95
VTRS,Viatris,Health Care,Pharmaceuticals,10.17,12.87,7.08,10.37,10.42,10.48,9.68,9.73,-0.5,5.31,10.71,10.24
VICI,Vici Properties,Real Estate,Hotel & Resort REITs,33.15,33.93,27.46,33.26,33.38,33.18,33.14,31.22,0.0,2.71,34.05,32.32
V,Visa Inc.,Financials,Transaction & Payment Processing Services,343.49,372.65,267.75,342.22,346.47,346.39,347.16,339.64,0.0,3.14,354.28,338.52
VST,Vistra Corp.,Utilities,Electric Utilities,204.05,214.06,75.55,196.61,193.25,193.91,196.13,160.48,-0.2,0.85,205.78,182.03
VMC,Vulcan Materials Company,Materials,Construction Materials,301.65,301.65,219.65,296.45,293.74,292.22,280.61,263.82,0.4,-0.88,299.0,285.46
WRB,W. R. Berkley Corporation,Financials,Property & Casualty Insurance,73.78,74.57,55.33,72.52,72.27,71.91,70.41,66.37,0.2,-0.49,73.42,70.4
GWW,W. W. Grainger,Industrials,Industrial Machinery & Supplies & Components,1014.69,1212.97,915.74,998.97,1008.65,1003.13,1008.58,1040.56,-0.2,2.01,1035.09,971.12
WAB,Wabtec,Industrials,Construction Machinery & Heavy Transportation Equipment,192.18,214.1,159.81,191.19,192.23,192.44,198.21,194.06,0.2,2.19,196.39,188.49
WMT,Walmart,Consumer Staples,Consumer Staples Merchandise Retail,102.65,104.27,77.29,101.63,99.95,99.38,98.49,94.91,0.2,1.38,104.07,94.69
DIS,Walt Disney Company (The),Communication Services,Movies & Entertainment,117.08,124.01,81.37,117.4,117.75,117.38,118.58,109.76,0.0,1.97,119.39,115.36
WBD,Warner Bros. Discovery,Communication Services,Broadcasting,16.17,16.17,6.94,13.09,12.44,12.13,12.23,10.59,-0.2,-13.05,14.06,10.2
WM,Waste Management,Industrials,Environmental & Facilities Services,220.5,241.26,199.11,219.29,222.25,224.5,227.17,224.5,-0.2,4.93,231.37,217.64
WAT,Waters Corporation,Health Care,Life Sciences Tools & Services,302.45,417.28,277.72,302.34,299.74,297.43,301.67,351.0,-0.2,1.82,307.95,286.91
WEC,WEC Energy Group,Utilities,Electric Utilities,109.72,110.37,89.8,108.36,107.5,107.66,107.21,102.67,0.2,-0.05,109.67,105.65
WFC,Wells Fargo,Financials,Diversified Banks,81.25,83.83,50.45,80.08,80.87,79.97,80.19,74.51,-0.2,2.63,83.39,76.56
WELL,Welltower,Real Estate,Health Care REITs,168.47,169.36,120.86,168.52,168.11,166.39,162.71,147.09,0.0,1.39,170.81,161.95
WST,West Pharmaceutical Services,Health Care,Health Care Supplies,263.74,347.02,190.04,254.98,250.75,248.23,239.82,253.59,0.3,-2.26,257.78,238.68
WDC,Western Digital,Information Technology,"Technology Hardware, Storage & Peripherals",96.15,96.15,30.45,94.21,89.14,83.04,75.27,54.83,0.0,1.92,98.0,68.08
WY,Weyerhaeuser,Real Estate,Timber REITs,25.83,32.88,24.29,25.66,25.52,25.73,25.64,27.25,-0.1,3.06,26.62,24.84
WSM,"Williams-Sonoma, Inc.",Consumer Discretionary,Homefurnishing Retail,203.52,215.83,127.65,202.9,197.78,198.94,189.59,178.7,0.2,3.03,209.69,188.19
WMB,Williams Companies,Energy,Oil & Gas Storage & Transportation,59.33,62.87,42.98,57.94,57.83,57.49,58.07,57.24,0.0,-0.88,58.81,56.17
WTW,Willis Towers Watson,Financials,Insurance Brokers,340.45,340.45,284.76,332.33,329.78,331.8,320.49,317.06,0.2,-0.06,340.25,323.35
WDAY,"Workday, Inc.",Information Technology,Application Software,226.67,279.91,210.47,229.35,229.95,228.08,229.78,246.77,0.0,3.67,234.99,221.17
WYNN,Wynn Resorts,Consumer Discretionary,Casinos & Gaming,123.86,126.75,65.78,122.36,123.92,118.89,112.73,92.61,0.0,5.93,131.2,106.59
XEL,Xcel Energy,Utilities,Multi-Utilities,72.85,74.26,60.63,72.32,72.31,72.6,71.72,68.87,-0.2,1.21,73.73,71.47
XYL,Xylem Inc.,Industrials,Industrial Machinery & Supplies & Components,141.8,144.22,102.25,139.53,140.52,141.15,137.52,125.7,0.0,1.99,144.62,137.69
YUM,Yum! Brands,Consumer Discretionary,Restaurants,149.14,160.96,121.48,146.7,145.82,146.59,146.0,142.95,0.0,0.74,150.24,142.93
ZBRA,Zebra Technologies,Information Technology,Electronic Equipment & Instruments,316.01,421.11,213.54,312.39,312.51,314.89,321.69,322.59,-0.2,3.63,327.48,302.31
ZBH,Zimmer Biomet,Health Care,Health Care Equipment,104.26,112.89,89.98,104.17,104.68,104.9,99.03,101.6,0.1,3.76,108.18,101.62
ZTS,Zoetis,Health Care,Pharmaceuticals,150.61,194.12,143.44,150.98,152.46,153.7,152.48,160.45,-0.1,4.91,158.0,149.41
