Symbol,Company,GICS_Sector,GICS_Sub_Industry,Current_Price,52_Week_High,52_Week_Low,SMA_5,SMA_10,SMA_20,SMA_50,SMA_100,SMA_125,SMA_200
MMM,3M,Industrials,Industrial Conglomerates,169.45,174.69,120.31,166.33,168.81,168.4,163.59,158.31,156.76,151.45
AOS,A. O. Smith,Industrials,Building Products,68.55,76.52,57.94,67.62,67.06,65.79,67.19,69.44,68.84,67.45
ABT,Abbott Laboratories,Health Care,Health Care Equipment,123.35,139.33,109.21,122.86,124.82,126.51,127.63,129.27,129.65,129.78
ABBV,AbbVie,Health Care,Biotechnology,222.94,243.06,160.33,224.06,225.64,228.83,227.3,217.21,210.88,202.83
ACN,Accenture,Information Technology,IT Consulting & Other Services,270.67,394.41,229.4,269.1,265.61,255.23,249.8,250.71,259.17,278.01
ADBE,Adobe Inc.,Information Technology,Application Software,349.86,552.83,311.59,344.54,334.4,328.44,336.54,345.48,351.82,367.63
AMD,Advanced Micro Devices,Information Technology,Semiconductors,220.85,267.08,76.48,220.59,218.91,221.17,229.29,197.51,186.45,155.39
AES,AES Corporation,Utilities,Independent Power Producers & Energy Traders,13.99,15.32,9.16,13.91,13.92,13.85,14.04,13.52,13.1,12.21
AFL,Aflac,Financials,Life & Health Insurance,109.06,115.24,95.64,108.32,108.86,110.15,109.7,107.42,106.31,105.7
A,Agilent Technologies,Health Care,Life Sciences Tools & Services,142.56,160.27,96.03,142.92,146.46,147.63,145.28,133.45,130.3,123.76
APD,Air Products,Materials,Industrial Gases,243.05,334.71,229.11,241.45,250.79,253.59,255.34,270.93,273.54,274.76
ABNB,Airbnb,Consumer Discretionary,"Hotels, Resorts & Cruise Lines",128.34,163.93,99.88,125.53,122.29,119.45,121.93,124.4,126.61,126.69
AKAM,Akamai Technologies,Information Technology,Internet Services & Infrastructure,85.36,103.75,67.51,85.26,86.49,87.38,80.86,78.69,78.77,78.73
ALB,Albemarle Corporation,Materials,Specialty Chemicals,134.9,135.13,48.84,129.96,128.19,123.88,106.89,92.75,87.58,78.41
ARE,Alexandria Real Estate Equities,Real Estate,Office REITs,45.62,100.69,44.1,45.57,48.34,49.82,61.13,70.41,71.15,74.02
ALGN,Align Technology,Health Care,Health Care Supplies,163.79,246.19,122.0,160.45,155.89,147.39,139.38,141.88,151.7,159.79
ALLE,Allegion,Industrials,Building Products,164.08,180.68,116.14,159.96,162.01,162.2,168.03,169.07,164.43,152.62
LNT,Alliant Energy,Utilities,Electric Utilities,64.98,69.59,54.52,64.99,66.06,67.03,67.24,65.93,64.9,63.33
ALL,Allstate,Financials,Property & Casualty Insurance,206.51,214.88,173.06,202.38,205.78,208.37,202.87,202.7,200.9,199.92
GOOGL,Alphabet Inc. (Class A),Communication Services,Interactive Media & Services,312.42,328.62,140.14,316.9,317.16,306.89,280.22,249.32,234.92,207.84
GOOG,Alphabet Inc. (Class C),Communication Services,Interactive Media & Services,313.74,328.46,142.27,317.76,317.81,307.39,280.83,249.96,235.62,208.94
MO,Altria,Consumer Staples,Tobacco,58.63,67.51,47.59,58.32,58.53,58.39,60.76,62.4,61.52,59.53
AMZN,Amazon,Consumer Discretionary,Broadline Retail,229.42,258.6,161.38,229.11,230.86,229.09,229.07,228.02,226.45,215.1
AMCR,Amcor,Materials,Paper & Plastic Packaging Products & Materials,8.34,10.3,7.67,8.24,8.34,8.41,8.23,8.5,8.68,8.92
AEE,Ameren,Utilities,Multi-Utilities,97.3,105.97,83.94,98.23,100.07,102.0,102.69,101.15,99.88,98.37
AEP,American Electric Power,Utilities,Electric Utilities,113.92,124.8,86.88,115.48,117.7,119.84,118.47,114.02,111.73,108.21
AXP,American Express,Financials,Consumer Finance,385.13,385.86,219.32,371.45,368.28,360.52,353.0,335.43,330.5,309.37
AIG,American International Group,Financials,Multi-line Insurance,82.75,87.1,68.15,78.72,77.77,77.04,78.47,78.67,79.5,80.4
AMT,American Tower,Real Estate,Telecom Tower REITs,181.3,232.28,168.28,180.63,179.15,179.9,183.22,192.6,197.91,202.39
AWK,American Water Works,Utilities,Water Utilities,130.01,152.71,115.89,128.97,129.66,130.1,133.52,136.69,137.29,138.64
AMP,Ameriprise Financial,Financials,Asset Management & Custody Banks,497.58,574.69,392.21,485.37,473.85,461.54,468.46,485.54,493.69,491.48
AME,Ametek,Industrials,Electrical Components & Equipment,203.77,204.24,144.31,199.89,198.72,195.9,191.75,188.2,186.36,181.15
AMGN,Amgen,Health Care,Biotechnology,315.44,346.38,245.31,319.16,330.27,334.13,313.19,299.14,296.68,292.82
APH,Amphenol,Information Technology,Electronic Components,138.88,144.37,56.27,139.11,139.53,137.1,134.0,123.44,118.34,101.91
ADI,Analog Devices,Information Technology,Semiconductors,282.57,282.98,156.76,279.96,275.53,255.93,244.26,241.37,240.46,226.89
AON,Aon plc,Financials,Insurance Brokers,346.37,411.24,322.37,344.24,346.42,347.43,347.59,355.61,355.3,361.99
APA,APA Corporation,Energy,Oil & Gas Exploration & Production,25.75,27.72,13.04,26.34,26.11,25.22,24.01,22.75,21.96,20.22
APO,Apollo Global Management,Financials,Asset Management & Custody Banks,150.59,176.99,101.44,143.81,138.56,133.38,128.83,133.84,135.5,134.48
AAPL,Apple Inc.,Information Technology,"Technology Hardware, Storage & Peripherals",277.91,288.62,168.63,278.11,280.35,276.03,267.29,248.99,240.44,228.41
AMAT,Applied Materials,Information Technology,Semiconductor Materials & Equipment,269.73,276.1,122.8,269.64,265.86,248.11,235.01,206.56,202.46,183.87
APTV,Aptiv,Consumer Discretionary,Automotive Parts & Equipment,79.75,88.8,47.19,77.62,77.46,76.6,80.95,79.04,77.13,71.31
ACGL,Arch Capital Group,Financials,Property & Casualty Insurance,93.56,97.4,82.45,91.98,92.48,92.46,90.32,90.11,90.0,91.01
ADM,Archer Daniels Midland,Consumer Staples,Agricultural Products & Services,59.76,64.46,39.88,58.6,59.37,59.13,59.79,59.41,58.15,53.77
ANET,Arista Networks,Information Technology,Communications Equipment,133.83,164.94,59.43,130.79,129.63,127.27,139.67,137.76,130.57,113.3
AJG,Arthur J. Gallagher & Co.,Financials,Insurance Brokers,247.12,348.85,236.34,241.01,243.05,247.57,265.23,280.97,287.66,303.49
AIZ,Assurant,Financials,Multi-line Insurance,226.79,231.13,172.97,223.36,223.75,224.77,218.86,212.4,208.18,204.28
T,AT&T,Communication Services,Integrated Telecommunication Services,24.38,29.47,20.72,24.68,25.14,25.39,25.46,26.88,26.97,26.85
ATO,Atmos Energy,Utilities,Gas Utilities,166.59,179.62,133.05,167.61,169.83,172.14,173.39,167.89,164.79,159.84
ADSK,Autodesk,Information Technology,Application Software,301.73,329.09,232.67,302.14,304.25,298.89,303.53,304.96,304.09,293.26
ADP,Automatic Data Processing,Industrials,Human Resource & Employment Services,264.54,326.59,247.18,260.49,259.04,255.6,267.15,282.89,287.03,292.79
AZO,AutoZone,Consumer Discretionary,Automotive Retail,3481.65,4388.11,3162.0,3597.83,3738.07,3803.19,3859.9,3980.89,3920.61,3827.65
AVB,AvalonBay Communities,Real Estate,Multi-Family Residential REITs,175.73,224.32,166.73,176.62,178.67,178.75,181.36,186.08,189.05,194.5
AVY,Avery Dennison,Materials,Paper & Plastic Packaging Products & Materials,181.65,199.52,154.46,177.27,175.12,172.29,169.89,168.94,170.59,171.8
AXON,Axon Enterprise,Industrials,Aerospace & Defense,585.23,885.92,469.24,560.87,550.96,542.88,630.82,693.96,709.88,677.32
BKR,Baker Hughes,Energy,Oil & Gas Equipment & Services,47.53,51.12,33.06,47.97,49.08,48.84,47.8,46.56,44.99,42.68
BALL,Ball Corporation,Materials,"Metal, Glass & Plastic Containers",49.2,59.82,43.01,48.12,48.5,48.34,48.23,50.3,51.66,51.41
BAC,Bank of America,Financials,Diversified Banks,54.61,54.83,32.53,54.02,53.7,52.75,52.02,50.42,49.61,46.33
BAX,Baxter International,Health Care,Health Care Equipment,18.79,37.25,17.39,18.38,18.59,18.41,20.15,22.11,23.57,26.44
BDX,Becton Dickinson,Health Care,Health Care Equipment,200.2,246.65,160.6,193.97,192.82,192.05,187.77,187.29,184.35,188.42
BBY,Best Buy,Consumer Discretionary,Computer & Electronics Retail,74.68,88.15,53.55,73.74,74.86,75.52,77.77,74.68,73.42,71.53
TECH,Bio-Techne,Health Care,Life Sciences Tools & Services,60.08,78.83,45.8,60.34,62.03,61.45,61.3,57.6,56.42,55.23
BIIB,Biogen,Health Care,Biotechnology,172.99,185.17,110.04,177.62,179.09,175.44,160.64,148.81,144.84,139.16
BLK,BlackRock,Financials,Asset Management & Custody Banks,1101.69,1214.03,762.34,1078.11,1064.63,1043.91,1091.26,1105.21,1092.86,1029.93
BX,Blackstone Inc.,Financials,Asset Management & Custody Banks,154.51,188.42,113.15,154.13,151.31,145.92,150.58,161.55,159.56,151.12
XYZ,"Block, Inc.",Financials,Transaction & Payment Processing Services,63.44,98.99,44.27,62.09,62.5,62.04,69.91,73.08,72.06,66.64
BK,BNY Mellon,Financials,Asset Management & Custody Banks,119.07,119.4,69.31,116.37,114.49,111.48,109.07,106.39,103.55,95.78
BA,Boeing,Industrials,Aerospace & Defense,200.06,242.69,128.88,201.46,199.26,192.82,203.6,214.62,214.81,201.92
BKNG,Booking Holdings,Consumer Discretionary,"Hotels, Resorts & Cruise Lines",5247.5,5818.24,4074.35,5218.98,5106.31,4970.83,5064.32,5292.16,5352.55,5184.83
BSX,Boston Scientific,Health Care,Health Care Equipment,91.72,109.5,85.98,93.66,96.62,98.29,98.86,101.11,101.61,101.23
BMY,Bristol Myers Squibb,Health Care,Pharmaceuticals,51.06,61.0,42.38,51.35,50.63,48.97,46.56,46.23,46.23,48.08
AVGO,Broadcom,Information Technology,Semiconductors,406.01,414.61,137.54,403.32,394.89,375.82,361.55,338.65,324.87,278.62
BR,Broadridge Financial Solutions,Industrials,Data Processing & Outsourced Services,231.82,270.85,210.73,228.72,228.72,227.62,228.12,239.63,239.32,237.67
BRO,Brown & Brown,Financials,Insurance Brokers,77.51,125.05,76.17,78.31,79.31,79.66,84.12,89.38,92.96,101.09
BLDR,Builders FirstSource,Industrials,Building Products,109.31,175.46,94.35,108.27,110.43,106.16,114.23,124.08,123.79,122.41
BG,Bunge Global,Consumer Staples,Agricultural Products & Services,93.28,98.82,65.12,92.35,94.0,94.43,92.38,86.49,84.74,81.07
BXP,"BXP, Inc.",Real Estate,Office REITs,71.69,78.93,52.95,69.76,70.66,70.51,71.39,70.91,70.44,68.3
CHRW,C.H. Robinson,Industrials,Air Freight & Logistics,159.88,162.14,83.39,156.27,157.46,155.02,143.71,133.09,125.62,113.79
CDNS,Cadence Design Systems,Information Technology,Application Software,334.7,376.45,221.56,336.53,329.55,318.24,328.2,340.0,334.21,312.89
CZR,Caesars Entertainment,Consumer Discretionary,Casinos & Gaming,23.78,40.0,18.25,23.51,23.36,22.06,21.96,24.08,25.11,25.99
CPT,Camden Property Trust,Real Estate,Multi-Family Residential REITs,104.08,123.08,97.17,103.09,104.39,104.03,102.96,105.31,106.77,109.76
CPB,Campbell's Company (The),Consumer Staples,Packaged Foods & Meats,28.61,42.36,27.85,28.98,29.51,30.19,30.49,31.39,31.25,33.01
COF,Capital One,Financials,Consumer Finance,239.41,243.31,141.84,233.85,228.96,218.51,216.77,217.4,216.11,202.53
CAH,Cardinal Health,Health Care,Health Care Distributors,198.17,214.93,112.98,198.42,201.64,205.2,184.82,168.32,167.13,156.8
KMX,CarMax,Consumer Discretionary,Automotive Retail,41.56,91.25,30.26,39.98,39.37,37.15,39.99,48.79,52.28,58.83
CCL,Carnival,Consumer Discretionary,"Hotels, Resorts & Cruise Lines",27.86,32.8,15.07,26.31,26.09,25.9,27.33,28.88,28.63,25.68
CARR,Carrier Global,Industrials,Building Products,53.97,80.78,50.3,53.51,53.96,53.4,56.05,60.6,63.22,64.3
CAT,Caterpillar Inc.,Industrials,Construction Machinery & Heavy Transportation Equipment,625.25,626.81,264.29,606.93,595.16,575.38,550.62,492.0,471.34,417.21
CBOE,Cboe Global Markets,Financials,Financial Exchanges & Data,252.13,262.98,186.22,252.04,253.68,255.21,248.03,244.95,242.41,233.68
CBRE,CBRE Group,Real Estate,Real Estate Services,161.19,171.0,108.45,158.02,159.44,157.17,155.99,157.46,153.77,143.64
CDW,CDW Corporation,Information Technology,Technology Distributors,149.8,219.61,135.03,147.73,145.83,143.56,148.4,157.17,160.93,163.22
COR,Cencora,Health Care,Health Care Distributors,342.49,377.54,222.21,339.61,345.07,355.41,340.88,317.16,312.64,299.56
CNC,Centene Corporation,Health Care,Managed Health Care,40.53,66.81,25.08,38.7,38.72,37.91,36.79,33.18,34.8,44.02
CNP,CenterPoint Energy,Utilities,Multi-Utilities,37.24,40.28,29.87,37.84,38.36,38.99,39.06,38.47,37.96,37.22
CF,CF Industries,Materials,Fertilizers & Agricultural Chemicals,78.97,103.22,66.16,77.38,78.39,79.17,82.87,84.82,86.67,84.18
CRL,Charles River Laboratories,Health Care,Life Sciences Tools & Services,194.7,202.72,91.86,189.39,184.47,176.29,176.97,168.28,165.37,156.41
SCHW,Charles Schwab Corporation,Financials,Investment Banking & Brokerage,97.01,99.14,65.3,95.02,94.16,93.1,93.65,94.41,93.72,88.69
CHTR,Charter Communications,Communication Services,Cable & Satellite,211.65,437.06,193.0,207.96,203.45,201.83,228.37,250.57,279.57,315.9
CVX,Chevron Corporation,Energy,Integrated Oil & Gas,150.54,163.27,127.59,149.83,150.69,151.16,151.77,152.78,151.3,147.63
CMG,Chipotle Mexican Grill,Consumer Discretionary,Restaurants,34.87,66.74,29.75,34.02,34.11,32.85,35.87,38.88,42.01,45.15
CB,Chubb Limited,Financials,Property & Casualty Insurance,306.02,308.31,250.52,299.2,297.03,296.71,287.48,280.81,280.97,283.65
CHD,Church & Dwight,Consumer Staples,Household Products,83.43,115.32,81.05,83.1,83.66,83.63,85.29,88.67,90.2,94.38
CI,Cigna,Health Care,Health Care Services,272.17,344.64,238.17,265.29,268.4,270.05,280.09,284.86,289.74,299.72
CINF,Cincinnati Financial,Financials,Property & Casualty Insurance,164.85,169.86,121.6,162.51,163.58,164.22,160.97,156.65,154.59,149.63
CTAS,Cintas,Industrials,Diversified Support Services,188.52,228.23,179.31,185.39,185.13,184.8,187.48,199.43,203.19,205.14
CSCO,Cisco,Information Technology,Communications Equipment,79.25,80.82,51.49,79.17,78.12,77.51,73.4,70.55,69.92,66.16
C,Citigroup,Financials,Diversified Banks,111.67,112.34,54.39,110.0,107.4,103.55,100.56,98.3,95.59,85.91
CFG,Citizens Financial Group,Financials,Regional Banks,58.63,59.3,31.67,56.85,55.92,53.89,52.21,51.09,49.84,45.68
CLX,Clorox,Consumer Staples,Household Products,102.81,163.47,98.2,102.52,104.31,103.75,110.2,115.97,117.11,124.22
CME,CME Group,Financials,Financial Exchanges & Data,271.98,288.09,221.44,269.94,273.52,275.83,271.36,270.61,271.16,269.1
CMS,CMS Energy,Utilities,Multi-Utilities,69.45,75.54,62.07,70.3,71.66,72.9,73.14,72.33,71.67,71.29
KO,Coca-Cola Company (The),Consumer Staples,Soft Drinks & Non-alcoholic Beverages,69.0,72.91,58.88,69.91,70.6,70.93,69.23,68.38,68.51,68.89
CTSH,Cognizant,Information Technology,IT Consulting & Other Services,83.88,89.37,64.7,81.9,80.17,76.95,72.28,71.24,72.39,74.01
COIN,Coinbase,Financials,Financial Exchanges & Data,270.34,444.65,142.58,273.34,271.36,265.87,311.37,318.79,326.57,283.03
CL,Colgate-Palmolive,Consumer Staples,Household Products,77.31,98.37,74.55,77.25,78.12,78.67,78.07,80.65,82.19,85.28
CMCSA,Comcast,Communication Services,Cable & Satellite,27.5,38.9,25.75,27.17,27.08,27.07,28.24,30.41,31.26,32.38
CAG,Conagra Brands,Consumer Staples,Packaged Foods & Meats,17.58,27.05,16.6,17.26,17.31,17.41,17.65,18.11,18.4,20.28
COP,ConocoPhillips,Energy,Oil & Gas Exploration & Production,96.48,103.48,77.84,94.66,92.65,90.4,89.14,91.45,91.4,90.87
ED,Consolidated Edison,Utilities,Multi-Utilities,95.53,112.03,84.37,95.76,96.66,98.6,98.72,98.92,98.89,100.84
STZ,Constellation Brands,Consumer Staples,Distillers & Vintners,150.49,239.24,126.45,145.35,141.49,136.39,135.97,145.01,148.93,160.2
CEG,Constellation Energy,Utilities,Electric Utilities,377.81,412.23,160.75,363.3,363.35,354.56,364.98,345.02,338.82,303.0
COO,Cooper Companies (The),Health Care,Health Care Supplies,81.88,100.47,61.78,80.11,78.48,76.15,73.03,71.51,71.62,74.68
CPRT,Copart,Industrials,Diversified Support Services,38.69,63.85,38.18,38.69,38.82,39.67,41.99,44.49,45.15,49.38
GLW,Corning Inc.,Information Technology,Electronic Components,96.01,96.64,36.82,91.11,87.54,84.45,85.49,77.27,72.2,62.28
CPAY,Corpay,Financials,Transaction & Payment Processing Services,316.05,400.81,252.84,308.45,302.65,292.53,285.36,299.8,305.67,315.89
CTVA,Corteva,Materials,Fertilizers & Agricultural Chemicals,66.05,77.02,53.0,65.62,65.91,65.54,64.02,67.68,68.94,66.9
CSGP,CoStar Group,Real Estate,Real Estate Services,67.42,97.43,63.82,67.51,67.98,67.68,71.79,80.68,81.08,79.78
COST,Costco,Consumer Staples,Consumer Staples Merchandise Retail,883.56,1073.82,868.14,885.72,899.43,901.08,916.46,934.59,942.47,956.03
CTRA,Coterra,Energy,Oil & Gas Exploration & Production,26.36,29.04,21.87,26.84,26.89,26.43,24.92,24.29,24.42,24.75
CRWD,CrowdStrike,Information Technology,Systems Software,514.98,566.9,298.0,515.94,514.68,514.55,516.75,481.29,482.88,453.12
CCI,Crown Castle,Real Estate,Telecom Tower REITs,91.7,114.47,81.02,90.53,89.76,90.08,92.88,96.15,97.24,97.68
CSX,CSX Corporation,Industrials,Rail Transportation,36.97,37.28,25.91,36.62,36.04,35.17,35.46,34.76,34.41,32.57
CMI,Cummins,Industrials,Construction Machinery & Heavy Transportation Equipment,522.86,526.5,256.13,513.18,508.01,490.39,455.26,425.02,405.78,370.25
CVS,CVS Health,Health Care,Health Care Services,80.5,85.15,41.77,77.97,77.87,77.95,78.67,73.94,72.1,69.05
DHR,Danaher Corporation,Health Care,Life Sciences Tools & Services,231.46,256.97,170.43,227.17,226.89,225.77,217.86,208.59,206.35,202.93
DRI,Darden Restaurants,Consumer Discretionary,Restaurants,183.54,224.86,154.97,179.48,177.92,175.89,180.52,191.06,195.47,196.7
DDOG,Datadog,Information Technology,Application Software,149.55,201.69,81.63,151.8,154.22,161.96,162.92,149.76,147.23,132.15
DVA,DaVita,Health Care,Health Care Services,120.77,179.6,113.97,118.11,118.42,118.72,122.81,129.2,131.61,136.15
DAY,Dayforce,Industrials,Human Resource & Employment Services,69.19,79.33,48.01,69.08,69.09,69.02,68.73,66.36,64.42,61.77
DECK,Deckers Brands,Consumer Discretionary,Footwear,101.03,223.98,78.91,100.69,96.65,90.12,91.33,101.02,101.36,106.73
DE,Deere & Company,Industrials,Agricultural & Farm Machinery,477.0,530.24,398.95,470.04,471.68,475.49,468.43,477.16,483.56,481.64
DELL,Dell Technologies,Information Technology,"Technology Hardware, Storage & Peripherals",138.34,168.08,65.33,139.3,137.05,131.45,143.88,137.4,134.39,120.36
DAL,Delta Air Lines,Industrials,Passenger Airlines,70.17,70.7,34.41,68.37,66.99,62.98,60.49,59.15,57.6,53.38
DVN,Devon Energy,Energy,Oil & Gas Exploration & Production,37.44,38.48,25.53,37.66,37.59,36.6,34.55,34.35,34.07,33.4
DXCM,Dexcom,Health Care,Health Care Equipment,69.24,93.25,54.11,66.85,65.58,62.85,64.1,70.74,73.38,74.61
FANG,Diamondback Energy,Energy,Oil & Gas Exploration & Production,156.56,175.92,111.64,158.23,157.38,152.43,146.39,143.91,143.16,141.72
DLR,Digital Realty,Real Estate,Data Center REITs,158.33,183.82,128.14,161.82,160.28,159.29,167.0,168.25,169.09,164.05
DG,Dollar General,Consumer Staples,Consumer Staples Merchandise Retail,131.63,135.08,65.27,127.94,120.37,111.76,105.47,106.69,107.73,101.19
DLTR,Dollar Tree,Consumer Staples,Consumer Staples Merchandise Retail,129.82,130.53,61.8,123.3,117.5,110.21,102.66,104.67,104.49,94.98
D,Dominion Energy,Utilities,Multi-Utilities,57.99,62.17,46.43,58.29,59.18,59.88,59.91,59.46,58.61,56.51
DPZ,Domino's,Consumer Discretionary,Restaurants,432.52,495.24,392.47,420.72,423.05,414.87,413.55,431.46,436.7,447.34
DASH,DoorDash,Consumer Discretionary,Specialized Consumer Services,226.34,285.5,155.4,225.41,219.17,208.79,235.16,244.82,243.11,224.32
DOV,Dover Corporation,Industrials,Industrial Machinery & Supplies & Components,201.04,219.84,141.82,193.84,190.78,186.2,177.89,176.83,178.2,176.93
DOW,Dow Inc.,Materials,Commodity Chemicals,24.54,39.6,19.82,23.61,23.62,22.83,22.65,22.93,23.85,26.15
DHI,D. R. Horton,Consumer Discretionary,Homebuilding,155.29,183.98,109.46,154.19,157.15,150.62,152.4,158.03,152.55,141.7
DTE,DTE Energy,Utilities,Multi-Utilities,130.77,143.79,113.52,130.45,131.94,134.22,137.49,137.35,136.3,134.83
DUK,Duke Energy,Utilities,Electric Utilities,114.05,128.91,101.53,115.01,117.6,120.26,122.81,121.9,120.56,118.66
DD,DuPont,Materials,Specialty Chemicals,41.48,41.8,22.13,40.83,40.28,39.44,36.59,33.92,33.09,31.39
EMN,Eastman Chemical Company,Materials,Specialty Chemicals,65.63,100.53,56.08,62.75,62.1,60.64,61.08,63.67,66.27,71.88
ETN,Eaton Corporation,Industrials,Electrical Components & Equipment,350.01,398.4,230.37,345.25,341.95,341.07,362.24,362.91,361.1,336.56
EBAY,eBay Inc.,Consumer Discretionary,Broadline Retail,84.41,100.76,58.09,83.45,82.98,82.38,86.8,89.07,86.47,79.58
ECL,Ecolab,Materials,Specialty Chemicals,260.84,285.35,220.55,257.68,263.61,263.77,266.93,269.36,268.85,262.76
EIX,Edison International,Utilities,Electric Utilities,57.93,78.47,46.27,57.23,57.52,58.01,56.75,55.35,54.23,54.14
EW,Edwards Lifesciences,Health Care,Health Care Equipment,84.09,87.89,65.94,84.36,84.82,85.15,81.29,79.86,79.19,76.95
EA,Electronic Arts,Communication Services,Interactive Home Entertainment,203.68,204.64,114.66,203.69,203.24,202.18,201.08,185.48,179.01,165.84
ELV,Elevance Health,Health Care,Managed Health Care,360.6,451.93,270.83,338.56,334.74,329.83,333.73,318.1,323.74,353.93
EMR,Emerson Electric,Industrials,Electrical Components & Equipment,139.8,149.03,88.93,137.08,135.41,131.72,131.83,133.03,133.47,125.07
ENPH,Enphase Energy,Information Technology,Semiconductor Materials & Equipment,32.89,76.9,25.78,31.94,30.64,29.07,32.27,34.11,35.33,41.4
ETR,Entergy,Utilities,Electric Utilities,93.28,97.93,71.14,93.39,94.07,94.43,95.09,91.9,89.85,86.78
EOG,EOG Resources,Energy,Oil & Gas Exploration & Production,109.5,134.2,99.8,110.62,110.34,109.02,107.94,112.75,114.04,114.02
EPAM,EPAM Systems,Information Technology,IT Consulting & Other Services,211.21,269.0,138.15,207.63,201.01,191.01,170.93,166.11,167.32,169.28
EQT,EQT Corporation,Energy,Oil & Gas Exploration & Production,55.9,62.23,41.77,58.2,59.22,58.79,56.63,54.15,54.72,53.66
EFX,Equifax,Industrials,Research & Consulting Services,221.26,279.27,198.73,213.45,211.83,210.11,217.72,232.77,237.86,242.0
EQIX,Equinix,Real Estate,Data Center REITs,755.22,964.38,689.25,742.36,738.46,751.28,787.33,781.95,784.6,804.23
EQR,Equity Residential,Real Estate,Multi-Family Residential REITs,60.58,73.58,58.19,60.59,61.18,60.53,61.07,62.67,63.44,65.13
ERIE,Erie Indemnity,Financials,Insurance Brokers,277.82,451.6,273.59,281.5,288.87,289.81,301.3,321.79,326.7,349.29
ESS,Essex Property Trust,Real Estate,Multi-Family Residential REITs,257.57,307.81,239.32,254.51,257.45,257.18,258.22,260.71,264.88,270.87
EL,Estée Lauder Companies (The),Consumer Staples,Personal Care Products,105.42,109.61,47.76,104.65,101.75,95.39,94.62,91.75,89.97,79.91
EG,Everest Group,Financials,Reinsurance,323.66,368.99,302.44,313.61,313.44,314.68,328.77,333.55,334.22,339.37
EVRG,Evergy,Utilities,Electric Utilities,73.4,78.59,57.4,73.41,74.28,75.16,76.07,73.6,72.33,69.7
ES,Eversource Energy,Utilities,Electric Utilities,67.38,75.25,51.06,67.26,66.93,67.83,70.93,68.07,67.18,64.47
EXC,Exelon,Utilities,Electric Utilities,43.03,48.09,34.68,43.44,44.35,45.16,45.92,44.78,44.29,44.01
EXE,Expand Energy,Energy,Oil & Gas Exploration & Production,114.21,126.62,90.25,118.06,119.65,118.2,110.89,104.25,105.37,105.44
EXPE,Expedia Group,Consumer Discretionary,"Hotels, Resorts & Cruise Lines",281.08,282.96,129.24,268.85,264.34,257.25,237.51,222.17,212.52,194.65
EXPD,Expeditors International,Industrials,Air Freight & Logistics,153.29,153.82,99.26,150.37,148.95,145.05,131.89,125.61,123.36,119.25
EXR,Extra Space Storage,Real Estate,Self-Storage REITs,132.93,157.5,118.4,129.5,130.85,130.99,137.61,139.12,140.69,141.57
XOM,ExxonMobil,Energy,Integrated Oil & Gas,119.28,120.47,95.18,117.92,117.25,117.15,114.81,112.25,111.7,109.36
FFIV,"F5, Inc.",Information Technology,Communications Equipment,263.81,346.0,223.76,255.24,247.64,240.17,270.27,294.08,294.33,286.32
FDS,FactSet,Financials,Financial Exchanges & Data,292.1,491.19,249.51,289.08,283.61,278.39,277.24,318.93,342.02,377.24
FICO,Fair Isaac,Information Technology,Application Software,1823.12,2250.45,1300.0,1777.21,1777.35,1766.89,1715.65,1589.85,1614.89,1710.89
FAST,Fastenal,Industrials,Trading Companies & Distributors,41.78,50.37,34.62,41.07,40.93,40.44,41.99,44.93,44.5,42.51
FRT,Federal Realty Investment Trust,Real Estate,Retail REITs,99.02,111.1,78.83,97.23,97.58,97.39,97.71,96.98,96.26,95.16
FDX,FedEx,Industrials,Air Freight & Logistics,285.14,289.89,191.82,279.1,275.94,271.69,256.19,242.52,239.77,233.67
FIS,Fidelity National Information Services,Financials,Transaction & Payment Processing Services,67.03,83.94,59.15,66.11,65.85,64.84,65.33,67.59,69.98,71.62
FITB,Fifth Third Bancorp,Financials,Regional Banks,48.56,48.71,31.68,46.39,45.33,43.74,43.02,43.31,42.93,40.76
FSLR,First Solar,Information Technology,Semiconductors,270.31,281.55,116.56,259.89,261.18,258.36,249.44,224.19,212.09,185.81
FE,FirstEnergy,Utilities,Electric Utilities,44.06,47.73,36.45,44.58,45.31,45.96,46.03,44.48,43.47,42.06
FI,Fiserv,Financials,Transaction & Payment Processing Services,66.57,238.59,59.56,66.17,64.6,63.28,88.12,112.11,123.39,150.62
F,Ford Motor Company,Consumer Discretionary,Automobile Manufacturers,13.62,13.81,8.11,13.26,13.19,13.09,12.7,12.03,11.8,11.0
FTNT,Fortinet,Information Technology,Systems Software,82.41,114.82,70.12,83.59,83.18,81.75,83.43,84.03,87.98,92.64
FTV,Fortive,Industrials,Industrial Machinery & Supplies & Components,55.43,62.51,45.35,54.36,53.8,52.75,50.99,49.68,50.2,51.44
FOXA,Fox Corporation (Class A),Communication Services,Broadcasting,71.96,72.7,45.48,70.32,68.4,66.67,63.54,60.98,59.88,57.15
FOX,Fox Corporation (Class B),Communication Services,Broadcasting,63.57,64.22,42.96,62.27,60.77,59.58,56.93,55.05,54.22,52.14
BEN,Franklin Resources,Financials,Asset Management & Custody Banks,23.48,25.72,15.81,23.35,23.05,22.45,22.71,23.54,23.55,21.99
FCX,Freeport-McMoRan,Materials,Copper,47.88,48.78,27.35,45.87,44.75,42.6,41.69,42.12,42.45,40.5
GRMN,Garmin,Consumer Discretionary,Consumer Electronics,211.03,261.69,167.87,205.68,201.93,196.86,220.01,227.12,224.04,215.59
IT,Gartner,Information Technology,IT Consulting & Other Services,231.91,584.01,222.54,229.84,230.54,230.04,238.16,251.44,278.75,336.21
GE,GE Aerospace,Industrials,Aerospace & Defense,288.89,316.67,158.62,285.79,288.55,292.68,299.55,289.23,281.61,254.63
GEHC,GE HealthCare,Health Care,Health Care Equipment,86.03,94.66,57.57,84.42,82.76,78.94,76.59,75.44,75.21,74.52
GEV,GE Vernova,Industrials,Heavy Electrical Equipment,701.82,731.0,251.84,660.67,631.27,601.66,595.77,610.16,593.33,510.75
GEN,Gen Digital,Information Technology,Systems Software,27.73,31.94,22.45,27.27,26.95,26.64,26.63,28.15,28.41,27.79
GNRC,Generac,Industrials,Electrical Components & Equipment,167.44,203.25,99.5,164.1,159.91,153.18,165.79,174.24,168.08,151.35
GD,General Dynamics,Industrials,Aerospace & Defense,341.33,360.5,235.63,338.23,338.07,339.71,341.07,330.17,322.3,301.73
GIS,General Mills,Consumer Staples,Packaged Foods & Meats,46.24,65.04,45.15,45.9,46.2,46.81,47.46,48.32,48.79,51.33
GM,General Motors,Consumer Discretionary,Automobile Manufacturers,80.89,81.22,41.28,78.12,76.0,73.01,67.55,62.09,59.83,55.09
GPC,Genuine Parts Company,Consumer Discretionary,Distributors,133.94,141.97,101.6,130.06,129.43,127.81,129.09,132.12,129.98,125.55
GILD,Gilead Sciences,Health Care,Biotechnology,123.39,128.7,86.73,121.3,122.82,124.46,121.4,117.65,115.93,112.32
GPN,Global Payments,Financials,Transaction & Payment Processing Services,81.83,116.28,65.53,79.29,78.68,75.99,80.32,82.64,82.01,83.0
GL,Globe Life,Financials,Life & Health Insurance,139.01,147.54,99.78,134.28,133.15,132.84,133.94,136.88,133.65,129.44
GDDY,GoDaddy,Information Technology,Internet Services & Infrastructure,126.46,216.0,121.94,127.33,128.11,127.33,130.27,139.15,146.2,158.58
GS,Goldman Sachs,Financials,Investment Banking & Brokerage,914.59,919.1,432.73,880.33,852.01,818.61,794.07,770.14,752.33,678.71
HAL,Halliburton,Energy,Oil & Gas Equipment & Services,29.21,29.67,18.31,28.67,27.78,26.95,25.87,23.98,23.43,22.78
HIG,Hartford (The),Financials,Property & Casualty Insurance,135.14,138.03,103.19,130.92,132.65,133.42,129.76,129.48,128.14,125.5
HAS,Hasbro,Consumer Discretionary,Leisure Products,83.96,85.04,47.63,81.64,81.95,80.12,77.12,76.95,76.17,70.14
HCA,HCA Healthcare,Health Care,Health Care Facilities,481.71,520.0,288.25,482.16,489.68,488.9,462.66,427.51,416.71,390.39
DOC,Healthpeak Properties,Real Estate,Health Care REITs,16.73,20.54,16.08,16.72,17.26,17.47,17.88,17.7,17.65,17.72
HSIC,Henry Schein,Health Care,Health Care Distributors,76.19,82.49,60.56,74.6,73.86,73.31,68.82,68.53,69.26,69.19
HSY,Hershey Company (The),Consumer Staples,Packaged Foods & Meats,181.66,195.98,135.68,180.72,182.26,182.55,181.19,182.24,179.3,173.23
HPE,Hewlett Packard Enterprise,Information Technology,"Technology Hardware, Storage & Peripherals",24.42,26.44,11.82,24.33,23.25,22.28,23.35,22.91,22.27,20.02
HLT,Hilton Worldwide,Consumer Discretionary,"Hotels, Resorts & Cruise Lines",278.18,287.4,195.7,272.15,276.37,274.35,267.98,268.46,267.84,255.84
HOLX,Hologic,Health Care,Health Care Equipment,74.85,80.31,51.9,74.88,74.89,74.63,72.74,69.81,68.79,65.49
HD,Home Depot (The),Consumer Discretionary,Home Improvement Retail,358.16,424.01,320.39,351.82,352.73,349.16,367.75,382.48,377.78,370.13
HON,Honeywell,Industrials,Industrial Conglomerates,193.99,225.29,166.32,191.91,192.08,192.22,194.48,198.52,202.18,200.25
HRL,Hormel Foods,Consumer Staples,Packaged Foods & Meats,23.74,32.43,21.03,23.86,23.63,23.11,23.09,24.83,25.79,27.07
HST,Host Hotels & Resorts,Real Estate,Hotel & Resort REITs,18.2,18.33,11.93,17.57,17.54,17.45,16.96,16.75,16.54,15.75
HWM,Howmet Aerospace,Industrials,Aerospace & Defense,195.66,211.83,104.84,192.81,195.42,198.3,197.88,190.11,188.04,171.24
HPQ,HP Inc.,Information Technology,"Technology Hardware, Storage & Peripherals",25.34,34.85,20.76,25.44,25.22,24.45,25.98,26.43,26.08,26.11
HUBB,Hubbell Incorporated,Industrials,Industrial Machinery & Supplies & Components,463.33,482.66,296.56,446.45,438.61,430.55,435.1,433.36,428.46,401.22
HUM,Humana,Health Care,Managed Health Care,265.44,314.25,206.15,257.35,252.66,243.05,262.85,266.91,260.37,257.5
HBAN,Huntington Bancshares,Financials,Regional Banks,17.95,18.01,11.7,17.27,16.99,16.35,16.07,16.52,16.53,15.83
HII,Huntington Ingalls Industries,Industrials,Aerospace & Defense,326.94,330.45,155.24,317.1,313.81,311.3,302.35,285.63,277.28,252.15
IBM,IBM,Information Technology,IT Consulting & Other Services,310.11,324.9,209.2,310.08,307.7,303.14,297.81,275.41,277.05,265.82
IEX,IDEX Corporation,Industrials,Industrial Machinery & Supplies & Components,181.25,226.85,151.55,176.95,176.57,171.71,168.87,166.52,168.84,172.27
IDXX,Idexx Laboratories,Health Care,Health Care Equipment,705.83,769.98,356.14,705.49,718.54,715.16,679.29,654.34,629.64,564.26
ITW,Illinois Tool Works,Industrials,Industrial Machinery & Supplies & Components,257.39,273.07,212.05,251.08,250.0,247.12,248.14,254.03,253.27,249.21
INCY,Incyte,Health Care,Biotechnology,96.29,109.28,53.56,97.17,99.57,101.8,96.36,89.35,85.21,77.02
IR,Ingersoll Rand,Industrials,Industrial Machinery & Supplies & Components,83.23,103.07,65.56,80.35,80.02,78.15,78.46,79.5,80.6,80.12
PODD,Insulet Corporation,Health Care,Health Care Equipment,293.99,354.88,230.05,296.81,305.46,318.25,318.86,319.12,315.03,301.02
INTC,Intel,Information Technology,Semiconductors,39.33,44.02,17.67,40.46,41.06,38.14,38.05,31.44,29.65,26.5
ICE,Intercontinental Exchange,Financials,Financial Exchanges & Data,162.48,188.82,141.12,159.14,158.13,155.7,155.08,166.11,169.01,169.32
IFF,International Flavors & Fragrances,Materials,Specialty Chemicals,63.08,87.37,59.14,65.11,66.64,66.72,64.47,65.25,67.13,70.44
IP,International Paper,Materials,Paper & Plastic Packaging Products & Materials,39.25,57.79,35.35,38.7,38.84,38.12,41.21,44.28,45.06,46.02
IPG,Interpublic Group of Companies (The),Communication Services,Advertising,24.57,31.81,21.93,25.12,25.04,25.18,26.03,25.78,25.34,25.2
INTU,Intuit,Information Technology,Application Software,675.54,812.22,530.03,664.72,653.57,651.28,658.05,682.0,698.13,676.22
ISRG,Intuitive Surgical,Health Care,Health Care Equipment,545.59,616.0,425.0,560.37,564.88,562.87,525.16,495.53,501.03,508.15
IVZ,Invesco,Financials,Asset Management & Custody Banks,27.1,27.31,11.23,26.52,25.56,24.47,23.75,22.62,21.36,18.7
INVH,Invitation Homes,Real Estate,Single-Family Residential REITs,26.62,35.13,26.02,26.6,27.19,27.59,28.07,29.07,29.72,30.96
IQV,IQVIA,Health Care,Life Sciences Tools & Services,224.82,234.3,134.65,223.05,225.15,224.02,216.1,201.91,193.72,181.11
IRM,Iron Mountain,Real Estate,Other Specialized REITs,88.14,111.33,71.19,85.5,84.87,86.04,96.57,95.82,96.59,93.92
JBHT,J.B. Hunt,Industrials,Cargo Ground Transportation,200.01,204.43,121.7,193.24,188.11,176.49,165.64,153.2,151.95,147.96
JBL,Jabil,Information Technology,Electronic Manufacturing Services,233.51,237.05,108.52,227.41,220.26,210.15,209.78,213.11,213.64,189.54
JKHY,Jack Henry & Associates,Financials,Transaction & Payment Processing Services,187.02,194.03,143.64,182.96,179.15,173.26,161.58,161.23,164.57,168.72
J,Jacobs Solutions,Industrials,Construction & Engineering,136.4,168.03,104.43,137.84,137.07,139.08,149.38,147.63,144.55,135.84
JNJ,Johnson & Johnson,Health Care,Pharmaceuticals,209.98,211.23,136.5,204.01,204.55,202.8,194.28,183.94,177.98,168.97
JCI,Johnson Controls,Industrials,Building Products,117.75,123.78,67.78,115.71,115.35,115.47,113.75,110.34,109.38,100.92
JPM,JPMorgan Chase,Financials,Diversified Banks,317.56,322.25,200.22,311.69,311.65,306.89,306.53,302.63,298.77,278.75
K,Kellanova,Consumer Staples,Packaged Foods & Meats,83.44,83.49,75.95,83.32,83.2,83.01,82.65,80.64,80.17,80.35
KVUE,Kenvue,Consumer Staples,Personal Care Products,17.32,24.41,13.85,17.07,17.07,16.82,16.03,17.87,18.47,19.98
KDP,Keurig Dr Pepper,Consumer Staples,Soft Drinks & Non-alcoholic Beverages,29.49,35.62,25.03,29.15,28.69,27.97,27.28,28.79,29.64,30.99
KEY,KeyCorp,Financials,Regional Banks,20.73,20.82,12.29,19.98,19.26,18.37,17.87,18.07,17.9,16.82
KEYS,Keysight Technologies,Information Technology,Electronic Equipment & Instruments,214.01,214.53,121.43,211.47,206.99,193.2,180.89,174.28,172.07,164.4
KMB,Kimberly-Clark,Consumer Staples,Household Products,103.29,145.82,98.03,102.83,104.34,103.84,109.94,118.31,119.95,125.18
KIM,Kimco Realty,Real Estate,Retail REITs,20.18,23.89,17.3,20.01,20.1,20.08,20.64,21.02,20.97,20.64
KMI,Kinder Morgan,Energy,Oil & Gas Storage & Transportation,26.75,30.15,23.17,27.15,27.22,27.08,26.87,26.88,27.0,26.83
KKR,KKR & Co.,Financials,Asset Management & Custody Banks,143.27,169.44,85.77,136.05,130.23,124.05,122.38,132.13,132.61,126.28
KLAC,KLA Corporation,Information Technology,Semiconductor Materials & Equipment,1241.93,1282.32,547.89,1229.1,1208.78,1172.28,1155.57,1046.59,1017.99,904.36
KHC,Kraft Heinz,Consumer Staples,Packaged Foods & Meats,24.33,31.87,23.33,24.35,24.72,24.7,24.67,25.59,25.64,26.37
KR,Kroger,Consumer Staples,Food Retail,62.3,74.13,56.66,62.51,64.37,65.32,65.85,67.22,67.8,67.43
LHX,L3Harris,Industrials,Aerospace & Defense,290.65,306.84,189.46,282.82,279.73,281.05,287.62,281.82,276.11,254.52
LH,Labcorp,Health Care,Health Care Services,264.49,292.94,207.68,260.57,263.26,263.66,267.43,269.52,266.55,256.12
LRCX,Lam Research,Information Technology,Semiconductor Materials & Equipment,168.21,169.69,55.98,164.74,160.88,154.36,151.87,129.98,123.43,105.62
LW,Lamb Weston,Consumer Staples,Packaged Foods & Meats,59.52,81.86,46.97,59.19,59.38,58.28,61.2,58.38,56.96,55.2
LVS,Las Vegas Sands,Consumer Discretionary,Casinos & Gaming,65.99,70.45,29.72,66.44,67.17,66.28,60.01,56.73,54.59,48.8
LDOS,Leidos,Industrials,Diversified Support Services,190.25,205.77,122.65,187.19,188.34,188.7,190.68,184.17,178.9,165.24
LEN,Lennar,Consumer Discretionary,Homebuilding,119.1,155.63,97.13,120.19,125.21,123.22,123.59,125.41,122.35,117.88
LII,Lennox International,Industrials,Building Products,514.42,687.72,443.19,507.15,501.61,483.91,501.73,538.44,547.73,553.35
LLY,Lilly (Eli),Health Care,Pharmaceuticals,1006.84,1111.99,621.5,998.12,1021.81,1037.68,929.56,831.59,820.92,811.47
LIN,Linde plc,Materials,Industrial Gases,402.98,483.05,387.78,395.0,400.96,406.84,427.63,449.78,452.46,452.42
LYV,Live Nation Entertainment,Communication Services,Movies & Entertainment,140.83,175.25,112.88,139.23,136.29,133.76,143.81,152.47,151.54,144.68
LKQ,LKQ Corporation,Consumer Discretionary,Distributors,31.07,43.32,28.13,29.55,29.43,29.55,29.89,30.36,31.69,34.74
LMT,Lockheed Martin,Industrials,Aerospace & Defense,476.76,512.11,404.07,465.83,455.97,457.43,474.52,460.67,459.92,458.18
L,Loews Corporation,Financials,Multi-line Insurance,104.68,109.06,78.83,102.82,104.49,105.13,102.54,99.01,97.33,93.52
LOW,Lowe's,Consumer Discretionary,Home Improvement Retail,248.05,273.63,203.22,246.04,245.54,237.94,238.48,244.84,239.64,233.86
LULU,Lululemon Athletica,Consumer Discretionary,"Apparel, Accessories & Luxury Goods",186.1,423.32,159.25,185.81,184.39,177.02,173.79,181.78,192.14,231.89
LYB,LyondellBasell,Materials,Specialty Chemicals,45.01,72.64,40.42,43.73,45.12,44.38,44.68,48.4,50.36,53.36
MTB,M&T Bank,Financials,Regional Banks,206.6,207.26,147.35,199.97,196.1,190.31,186.14,189.59,189.97,183.17
MPC,Marathon Petroleum,Energy,Oil & Gas Refining & Marketing,187.05,201.29,113.25,189.85,191.14,192.18,190.57,182.73,180.32,166.57
MKTX,MarketAxess,Financials,Financial Exchanges & Data,177.74,240.22,155.48,171.68,167.0,167.14,167.38,177.65,185.4,196.11
MAR,Marriott International,Consumer Discretionary,"Hotels, Resorts & Cruise Lines",296.3,309.43,203.87,289.5,296.3,293.3,279.23,272.05,271.81,262.77
MMC,Marsh McLennan,Financials,Insurance Brokers,183.43,245.83,174.18,181.81,182.69,181.8,186.75,194.63,198.23,209.29
MLM,Martin Marietta Materials,Materials,Construction Materials,634.4,664.29,440.13,623.28,619.67,610.62,618.55,612.33,600.24,565.95
MAS,Masco,Industrials,Building Products,64.47,80.67,55.74,62.94,63.76,62.49,64.72,67.99,67.21,66.31
MA,Mastercard,Financials,Transaction & Payment Processing Services,563.41,600.98,463.61,545.16,546.22,542.79,555.03,566.59,564.23,558.4
MTCH,Match Group,Communication Services,Interactive Media & Services,33.11,38.99,26.09,33.92,33.79,33.0,32.88,34.64,34.02,32.44
MKC,McCormick & Company,Consumer Staples,Packaged Foods & Meats,66.1,84.63,62.64,64.16,64.77,65.63,65.78,67.23,68.35,71.18
MCD,McDonald's,Consumer Discretionary,Restaurants,309.58,320.72,270.23,310.38,308.24,306.61,303.0,303.34,300.85,302.53
MCK,McKesson Corporation,Health Care,Health Care Distributors,808.74,894.75,555.78,804.68,820.98,840.86,815.29,757.99,749.94,725.65
MDT,Medtronic,Health Care,Health Care Equipment,99.83,106.33,76.99,100.57,101.75,101.05,97.05,94.59,93.12,90.13
MRK,Merck & Co.,Health Care,Pharmaceuticals,98.78,105.84,71.87,98.39,100.28,98.82,91.53,86.8,85.46,84.07
META,Meta Platforms,Communication Services,Interactive Media & Services,650.91,795.71,479.11,659.64,653.53,630.55,669.08,710.58,710.94,670.65
MET,MetLife,Financials,Life & Health Insurance,82.06,85.61,63.78,79.29,78.11,77.06,78.3,78.26,78.11,77.64
MTD,Mettler Toledo,Health Care,Life Sciences Tools & Services,1413.0,1525.17,946.69,1397.3,1423.62,1427.79,1396.29,1332.81,1304.28,1244.42
MGM,MGM Resorts,Consumer Discretionary,Casinos & Gaming,37.4,41.32,25.3,36.38,35.89,34.13,33.11,34.74,35.02,33.71
MCHP,Microchip Technology,Information Technology,Semiconductors,68.7,75.98,33.33,67.32,62.87,57.13,60.29,62.68,64.34,59.58
MU,Micron Technology,Information Technology,Semiconductors,259.07,264.75,61.44,251.87,243.66,235.21,221.1,176.38,165.24,136.81
MSFT,Microsoft,Information Technology,Systems Software,483.49,553.5,342.95,485.65,485.56,486.99,504.74,508.03,505.36,470.02
MAA,Mid-America Apartment Communities,Real Estate,Multi-Family Residential REITs,133.18,168.08,125.75,131.65,133.22,132.63,132.09,136.54,138.59,145.04
MRNA,Moderna,Health Care,Biotechnology,29.55,48.92,22.28,28.5,26.74,25.55,26.09,26.41,27.05,27.55
MHK,Mohawk Industries,Consumer Discretionary,Home Furnishings,112.8,143.13,96.24,110.09,112.36,110.21,115.88,121.86,118.96,114.8
MOH,Molina Healthcare,Health Care,Managed Health Care,167.82,359.97,133.4,158.52,153.15,147.0,163.53,168.19,184.7,234.37
TAP,Molson Coors Beverage Company,Consumer Staples,Brewers,47.2,62.82,42.5,46.2,46.04,45.85,45.46,46.93,47.18,50.45
MDLZ,Mondelez International,Consumer Staples,Packaged Foods & Meats,53.76,70.58,52.78,54.28,55.32,55.86,58.3,60.54,61.91,63.14
MPWR,Monolithic Power Systems,Information Technology,Semiconductors,978.24,1123.38,437.16,973.41,958.65,926.29,969.91,901.98,866.4,771.33
MNST,Monster Beverage,Consumer Staples,Soft Drinks & Non-alcoholic Beverages,72.29,76.28,45.7,73.48,74.03,73.35,70.52,66.82,65.73,63.33
MCO,Moody's Corporation,Financials,Financial Exchanges & Data,485.17,527.9,376.55,487.03,488.25,483.4,482.72,492.98,492.58,480.07
MS,Morgan Stanley,Financials,Investment Banking & Brokerage,181.05,181.98,92.37,178.59,174.88,168.64,163.65,156.11,152.39,139.56
MOS,Mosaic Company (The),Materials,Fertilizers & Agricultural Chemicals,25.25,37.63,21.79,24.01,24.13,24.22,27.26,30.32,31.39,30.5
MSI,Motorola Solutions,Information Technology,Communications Equipment,366.72,491.11,365.4,370.92,372.24,372.53,408.03,433.71,430.12,425.89
MSCI,MSCI Inc.,Financials,Financial Exchanges & Data,548.56,634.4,482.15,539.83,545.62,553.58,557.47,558.69,560.01,556.74
NDAQ,"Nasdaq, Inc.",Financials,Financial Exchanges & Data,93.71,97.06,64.26,91.27,90.24,88.69,88.11,90.54,90.07,85.18
NTAP,NetApp,Information Technology,"Technology Hardware, Storage & Peripherals",119.29,126.11,71.18,118.16,116.11,111.99,114.94,114.05,112.2,104.7
NFLX,Netflix,Communication Services,Movies & Entertainment,92.71,134.12,82.11,97.93,102.58,106.2,111.65,116.23,118.26,113.37
NEM,Newmont,Materials,Gold,99.39,100.4,36.25,93.33,92.01,89.27,87.37,80.11,75.79,66.05
NWSA,News Corp (Class A),Communication Services,Publishing,26.14,31.61,23.3,26.0,25.78,25.63,26.19,27.87,28.14,27.78
NWS,News Corp (Class B),Communication Services,Publishing,29.63,35.47,26.17,29.5,29.3,29.13,29.78,31.65,32.06,31.74
NEE,NextEra Energy,Utilities,Multi-Utilities,81.24,86.94,60.35,81.16,82.97,83.56,83.1,77.52,76.46,73.4
NKE,"Nike, Inc.",Consumer Discretionary,"Apparel, Accessories & Luxury Goods",67.44,80.55,51.34,65.19,65.18,64.01,65.32,69.66,69.48,66.82
NI,NiSource,Utilities,Multi-Utilities,41.64,44.58,34.39,41.55,42.09,42.56,42.88,42.2,41.65,40.49
NDSN,Nordson Corporation,Industrials,Industrial Machinery & Supplies & Components,232.45,252.46,163.83,235.12,236.18,233.91,233.6,227.02,224.84,214.76
NSC,Norfolk Southern,Industrials,Rail Transportation,293.43,300.79,198.48,292.88,292.73,288.37,287.36,283.85,278.82,260.63
NTRS,Northern Trust,Financials,Asset Management & Custody Banks,139.73,140.05,80.06,135.48,133.16,129.83,128.58,128.25,127.01,116.1
NOC,Northrop Grumman,Industrials,Aerospace & Defense,561.77,638.31,418.96,554.06,553.9,558.16,579.79,579.68,564.44,534.34
NCLH,Norwegian Cruise Line Holdings,Consumer Discretionary,"Hotels, Resorts & Cruise Lines",20.53,29.29,14.21,19.3,18.96,18.49,20.73,22.77,22.45,20.94
NRG,NRG Energy,Utilities,Independent Power Producers & Energy Traders,170.31,180.08,78.84,166.47,166.77,165.82,167.17,161.88,160.02,143.88
NUE,Nucor,Materials,Steel,166.29,168.01,96.79,161.5,161.6,156.2,147.24,144.31,142.23,133.23
NVDA,Nvidia,Information Technology,Semiconductors,183.78,212.18,86.6,184.02,181.83,183.17,187.24,182.14,177.23,155.53
NVR,"NVR, Inc.",Consumer Discretionary,Homebuilding,7510.3,9068.15,6562.85,7461.88,7513.4,7396.04,7477.21,7771.13,7703.27,7513.14
NXPI,NXP Semiconductors,Information Technology,Semiconductors,231.46,250.74,146.07,228.84,220.3,205.69,210.58,216.49,217.21,208.37
ORLY,O’Reilly Automotive,Consumer Discretionary,Automotive Retail,93.84,108.72,78.3,95.74,97.96,98.73,98.92,101.04,99.01,96.07
OXY,Occidental Petroleum,Energy,Oil & Gas Exploration & Production,41.04,52.05,34.2,41.48,41.76,41.63,41.76,43.45,43.46,43.12
ODFL,Old Dominion,Industrials,Cargo Ground Transportation,158.52,208.11,125.76,154.31,149.16,140.35,139.32,143.9,147.71,152.91
OMC,Omnicom Group,Communication Services,Advertising,80.22,91.07,67.76,75.49,73.47,73.21,75.33,75.63,74.81,74.93
ON,ON Semiconductor,Information Technology,Semiconductors,55.9,70.58,31.04,55.47,54.14,50.56,50.45,50.63,51.77,48.24
OKE,Oneok,Energy,Oil & Gas Storage & Transportation,73.46,105.47,64.02,74.69,74.41,72.23,69.81,71.83,73.24,77.52
ORCL,Oracle Corporation,Information Technology,Application Software,199.46,345.12,117.98,216.42,210.82,211.31,249.13,254.85,248.91,212.29
OTIS,Otis Worldwide,Industrials,Industrial Machinery & Supplies & Components,87.43,105.37,83.46,86.99,87.3,87.66,89.56,88.55,90.36,92.78
PCAR,Paccar,Industrials,Construction Machinery & Heavy Transportation Equipment,112.52,114.42,83.8,110.99,108.73,104.0,100.0,99.37,98.42,96.88
PKG,Packaging Corporation of America,Materials,Paper & Plastic Packaging Products & Materials,205.07,238.15,170.61,199.27,199.08,198.29,202.49,204.51,202.76,198.03
PLTR,Palantir Technologies,Information Technology,Application Software,187.36,207.52,63.4,184.07,178.1,171.67,179.53,173.73,167.42,143.92
PANW,Palo Alto Networks,Information Technology,Systems Software,190.35,223.61,144.15,194.5,192.96,193.34,205.46,197.79,197.98,192.13
PSKY,Paramount Skydance Corporation,Communication Services,Movies & Entertainment,14.19,20.86,9.92,14.3,14.85,15.25,16.1,15.63,15.03,13.72
PH,Parker Hannifin,Industrials,Industrial Machinery & Supplies & Components,897.55,901.31,484.88,881.88,872.9,853.72,802.51,772.81,756.94,705.95
PAYX,Paychex,Industrials,Human Resource & Employment Services,112.88,158.49,108.0,112.38,111.97,111.33,117.15,126.48,129.92,136.35
PAYC,Paycom,Industrials,Human Resource & Employment Services,166.93,266.71,156.14,164.62,163.87,162.99,180.25,201.67,207.2,215.73
PYPL,PayPal,Financials,Transaction & Payment Processing Services,61.72,93.03,55.72,61.41,61.82,61.54,66.08,67.54,68.73,68.45
PNR,Pentair,Industrials,Industrial Machinery & Supplies & Components,105.72,113.69,73.68,104.27,104.82,104.41,107.12,106.98,106.2,100.32
PEP,PepsiCo,Consumer Staples,Soft Drinks & Non-alcoholic Beverages,148.92,155.29,123.93,146.78,146.86,146.05,145.72,143.92,141.51,139.45
PFE,Pfizer,Health Care,Pharmaceuticals,25.75,27.21,19.83,25.73,25.61,25.42,24.94,24.55,24.42,23.85
PCG,PG&E Corporation,Utilities,Multi-Utilities,14.84,20.33,12.95,15.0,15.28,15.67,16.04,15.47,15.1,15.68
PM,Philip Morris International,Consumer Staples,Tobacco,150.76,183.57,113.18,149.4,151.55,153.31,153.61,158.54,162.44,162.16
PSX,Phillips 66,Energy,Oil & Gas Refining & Marketing,143.64,144.96,88.51,141.15,139.93,137.82,134.75,130.8,129.23,122.76
PNW,Pinnacle West Capital,Utilities,Multi-Utilities,86.49,93.67,78.26,87.11,88.1,88.67,89.51,89.05,88.94,89.26
PNC,PNC Financial Services,Financials,Diversified Banks,211.7,211.91,141.09,203.27,198.78,192.07,187.92,192.24,191.14,181.83
POOL,Pool Corporation,Consumer Discretionary,Distributors,241.13,374.15,229.63,238.29,241.11,240.32,265.26,290.02,291.12,298.09
PPG,PPG Industries,Materials,Specialty Chemicals,102.68,123.27,88.43,100.79,100.61,98.82,99.19,103.79,105.61,106.12
PPL,PPL Corporation,Utilities,Electric Utilities,33.35,37.96,30.24,33.48,34.28,35.17,36.12,35.97,35.54,35.0
PFG,Principal Financial Group,Financials,Life & Health Insurance,91.36,92.03,66.44,88.84,86.73,84.77,82.47,80.54,79.99,78.82
PG,Procter & Gamble,Consumer Staples,Personal Care Products,140.36,176.43,138.14,140.32,143.51,145.67,147.77,151.24,152.21,156.31
PGR,Progressive Corporation,Financials,Property & Casualty Insurance,229.68,292.65,199.9,224.98,226.45,225.98,224.6,234.93,239.07,253.21
PLD,Prologis,Real Estate,Industrial REITs,130.91,131.34,83.8,128.54,128.65,126.7,123.83,116.88,114.72,111.39
PRU,Prudential Financial,Financials,Life & Health Insurance,116.97,117.94,86.97,113.29,111.06,108.28,104.39,103.85,103.65,102.97
PEG,Public Service Enterprise Group,Utilities,Electric Utilities,79.03,89.82,72.92,78.7,79.73,80.58,81.26,82.19,82.02,80.75
PTC,PTC Inc.,Information Technology,Application Software,177.67,219.69,133.38,174.89,175.71,174.51,188.04,198.03,194.75,181.58
PSA,Public Storage,Real Estate,Self-Storage REITs,274.07,321.22,251.43,269.6,272.17,271.44,283.83,284.0,284.71,287.33
PHM,PulteGroup,Consumer Discretionary,Homebuilding,127.5,141.88,87.74,126.06,126.94,122.73,122.89,125.51,121.97,114.15
PWR,Quanta Services,Industrials,Construction & Engineering,466.93,473.99,226.97,462.17,460.35,449.23,442.18,416.02,408.73,366.04
QCOM,Qualcomm,Information Technology,Semiconductors,180.46,204.9,118.79,177.76,174.16,169.8,169.85,163.79,162.07,156.21
DGX,Quest Diagnostics,Health Care,Health Care Services,181.68,197.55,146.3,181.03,182.74,185.55,183.34,180.93,179.44,175.9
RL,Ralph Lauren Corporation,Consumer Discretionary,"Apparel, Accessories & Luxury Goods",365.8,374.0,175.49,360.78,360.81,350.41,335.29,318.29,310.31,283.23
RJF,Raymond James Financial,Financials,Investment Banking & Brokerage,163.89,177.15,116.85,164.62,161.25,158.45,160.91,164.16,162.26,154.42
RTX,RTX Corporation,Industrials,Aerospace & Defense,178.26,180.6,110.77,173.51,171.9,172.48,171.08,163.96,160.26,148.74
O,Realty Income,Real Estate,Retail REITs,57.18,60.33,48.85,57.34,57.55,57.03,57.76,57.69,57.33,56.28
REG,Regency Centers,Real Estate,Retail REITs,67.91,75.93,62.21,67.89,69.05,69.57,70.44,70.85,70.61,70.63
REGN,Regeneron Pharmaceuticals,Health Care,Biotechnology,744.15,790.98,475.17,716.91,730.33,732.3,657.34,613.42,597.94,597.64
RF,Regions Financial Corporation,Financials,Regional Banks,27.93,27.94,17.18,26.87,26.29,25.38,24.8,25.35,24.97,23.32
RSG,Republic Services,Industrials,Environmental & Facilities Services,211.31,257.43,197.66,211.23,213.04,213.73,215.39,223.64,227.46,232.91
RMD,ResMed,Health Care,Health Care Equipment,252.3,293.11,198.6,251.38,251.49,250.17,257.68,267.41,264.88,252.16
RVTY,Revvity,Health Care,Health Care Equipment,103.58,128.0,81.3,101.29,102.18,99.37,95.72,92.16,93.16,95.26
ROK,Rockwell Automation,Industrials,Electrical Components & Equipment,413.77,415.85,212.49,406.22,401.24,389.61,370.13,356.82,352.47,322.02
ROL,"Rollins, Inc.",Industrials,Environmental & Facilities Services,59.4,61.84,44.8,59.62,60.26,59.86,58.24,57.62,57.24,56.18
ROP,Roper Technologies,Information Technology,Electronic Equipment & Instruments,445.29,592.47,435.42,444.5,444.71,444.71,466.27,495.61,508.13,530.36
ROST,Ross Stores,Consumer Discretionary,Apparel Retail,182.65,183.9,121.41,179.35,178.12,172.12,162.92,154.41,149.39,144.51
RCL,Royal Caribbean Group,Consumer Discretionary,"Hotels, Resorts & Cruise Lines",280.68,365.38,163.05,259.89,262.24,259.48,280.7,306.23,307.9,276.76
SPGI,S&P Global,Financials,Financial Exchanges & Data,496.77,576.91,424.77,493.89,495.16,493.72,488.69,512.17,513.55,506.9
CRM,Salesforce,Information Technology,Application Software,262.16,365.3,221.96,261.5,249.17,240.79,245.29,246.52,250.22,257.99
SBAC,SBA Communications,Real Estate,Telecom Tower REITs,192.83,241.44,184.43,190.38,189.91,192.56,192.89,201.02,206.94,212.68
SLB,Schlumberger,Energy,Oil & Gas Equipment & Services,40.34,43.29,30.37,39.05,37.93,36.8,35.5,34.86,34.78,35.16
STX,Seagate Technology,Information Technology,"Technology Hardware, Storage & Peripherals",307.86,308.91,62.66,290.77,279.18,267.62,253.05,215.96,201.2,161.02
SRE,Sempra,Utilities,Multi-Utilities,88.9,95.72,60.93,89.02,90.31,91.28,91.84,86.99,84.53,79.7
NOW,ServiceNow,Information Technology,Systems Software,866.74,1198.09,678.66,856.62,841.37,832.09,876.9,897.53,916.28,912.73
SHW,Sherwin-Williams,Materials,Specialty Chemicals,328.86,378.76,306.78,327.3,333.38,333.68,336.18,344.74,344.15,344.74
SPG,Simon Property Group,Real Estate,Retail REITs,182.04,186.14,131.37,180.15,180.88,180.63,178.47,175.33,171.81,165.71
SWKS,Skyworks Solutions,Information Technology,Semiconductors,67.94,91.61,46.48,68.76,68.22,65.89,70.5,71.8,72.03,69.16
SJM,J.M. Smucker Company (The),Consumer Staples,Packaged Foods & Meats,100.87,117.94,91.46,100.15,100.9,103.12,103.62,105.88,104.64,106.47
SW,Smurfit Westrock,Materials,Paper & Plastic Packaging Products & Materials,38.1,54.55,32.73,36.54,36.1,35.14,38.02,41.35,42.0,42.39
SNA,Snap-on,Industrials,Industrial Machinery & Supplies & Components,351.24,356.07,283.93,347.45,344.68,338.4,338.07,332.07,328.12,324.33
SOLV,Solventum,Health Care,Health Care Technology,82.71,88.2,60.7,82.55,83.97,81.89,75.59,74.21,74.29,73.44
SO,Southern Company,Utilities,Electric Utilities,84.34,100.02,77.85,85.15,87.02,88.37,91.97,92.24,91.84,90.34
LUV,Southwest Airlines,Industrials,Passenger Airlines,40.6,41.13,23.55,38.88,37.09,34.96,33.3,32.47,32.78,31.77
SWK,Stanley Black & Decker,Industrials,Industrial Machinery & Supplies & Components,76.22,87.08,52.01,73.76,72.6,68.92,68.71,70.68,70.06,69.02
SBUX,Starbucks,Consumer Discretionary,Restaurants,84.83,115.04,73.95,83.9,84.88,84.7,83.65,85.41,86.74,87.6
STT,State Street Corporation,Financials,Asset Management & Custody Banks,129.38,130.03,71.77,126.43,123.11,119.14,117.32,114.57,112.6,103.79
STLD,Steel Dynamics,Materials,Steel,172.68,173.86,102.41,168.14,168.34,163.09,155.49,142.98,140.58,135.08
STE,Steris,Health Care,Health Care Equipment,253.77,268.6,199.47,258.91,260.35,260.45,250.58,246.17,243.52,237.95
SYK,Stryker Corporation,Health Care,Health Care Equipment,353.39,403.95,327.71,354.81,361.45,364.02,367.08,375.27,377.68,375.33
SMCI,Supermicro,Information Technology,"Technology Hardware, Storage & Peripherals",33.95,66.44,25.71,34.79,34.2,33.93,43.7,45.41,45.97,42.91
SYF,Synchrony Financial,Financials,Consumer Finance,85.77,86.21,39.98,82.29,80.53,77.06,74.32,73.57,72.22,65.34
SNPS,Synopsys,Information Technology,Application Software,476.54,651.73,365.74,470.15,458.66,426.03,437.25,501.02,507.02,488.29
SYY,Sysco,Consumer Staples,Food Distributors,74.19,83.13,66.22,73.23,73.95,74.73,76.32,78.28,77.77,75.44
TMUS,T-Mobile US,Communication Services,Wireless Telecommunication Services,195.32,273.15,194.65,201.21,204.84,207.54,214.07,228.6,228.67,236.22
TROW,T. Rowe Price,Financials,Asset Management & Custody Banks,105.0,118.29,75.88,105.01,104.23,102.07,103.04,103.99,102.76,98.12
TTWO,Take-Two Interactive,Communication Services,Interactive Home Entertainment,242.31,264.79,177.35,246.44,246.69,242.4,249.2,243.07,242.14,233.19
TPR,"Tapestry, Inc.",Consumer Discretionary,"Apparel, Accessories & Luxury Goods",122.7,123.06,57.71,118.44,114.79,109.37,110.66,108.51,105.21,93.25
TRGP,Targa Resources,Energy,Oil & Gas Storage & Transportation,185.35,213.78,143.19,182.47,179.19,174.88,164.4,164.38,165.15,167.95
TGT,Target Corporation,Consumer Staples,Consumer Staples Merchandise Retail,96.8,138.95,83.44,94.06,92.53,90.05,90.18,92.71,93.88,95.09
TEL,TE Connectivity,Information Technology,Electronic Manufacturing Services,245.15,250.67,115.38,238.76,233.95,230.63,231.88,219.94,210.17,186.68
TDY,Teledyne Technologies,Information Technology,Electronic Equipment & Instruments,524.93,595.99,419.0,518.02,509.99,503.56,529.44,540.88,536.41,517.22
TER,Teradyne,Information Technology,Semiconductor Materials & Equipment,202.44,205.0,65.55,202.04,195.54,181.06,166.03,140.21,130.47,112.64
TSLA,"Tesla, Inc.",Consumer Discretionary,Automobile Manufacturers,445.64,488.54,214.25,447.37,442.77,424.91,435.1,397.1,381.48,345.19
TXN,Texas Instruments,Information Technology,Semiconductors,181.02,218.15,136.55,181.14,178.01,168.61,169.01,178.05,183.96,179.68
TPL,Texas Pacific Land Corporation,Energy,Oil & Gas Exploration & Production,889.31,1455.48,836.72,898.37,890.74,903.47,925.15,921.96,945.02,1069.57
TXT,Textron,Industrials,Aerospace & Defense,86.71,87.94,57.67,84.72,83.8,82.45,82.34,81.56,81.57,77.95
TMO,Thermo Fisher Scientific,Health Care,Life Sciences Tools & Services,576.99,609.27,385.11,570.97,576.69,579.0,563.7,521.48,500.06,481.23
TJX,TJX Companies,Consumer Discretionary,Apparel Retail,155.26,157.72,111.06,154.32,152.5,150.4,145.66,140.42,136.96,132.02
TKO,TKO Group Holdings,Communication Services,Movies & Entertainment,203.09,212.49,132.26,200.64,198.15,191.25,189.38,187.55,184.6,173.09
TTD,Trade Desk (The),Communication Services,Advertising,37.01,137.03,36.88,39.01,39.21,39.65,46.01,52.54,56.85,58.78
TSCO,Tractor Supply,Consumer Discretionary,Other Specialty Retail,51.62,63.47,46.26,52.85,53.44,53.59,54.2,56.69,56.24,54.35
TT,Trane Technologies,Industrials,Building Products,403.2,475.11,296.82,400.01,405.73,408.83,419.21,421.32,423.59,404.82
TDG,TransDigm Group,Industrials,Aerospace & Defense,1313.44,1519.36,1107.45,1325.68,1338.45,1339.83,1314.47,1325.86,1344.27,1325.44
TRV,Travelers Companies (The),Financials,Property & Casualty Insurance,282.72,295.68,226.54,279.54,283.1,285.41,277.89,273.35,270.53,266.14
TRMB,Trimble Inc.,Information Technology,Electronic Equipment & Instruments,83.12,87.5,52.91,82.46,82.23,79.83,79.58,80.8,80.12,75.16
TFC,Truist Financial,Financials,Diversified Banks,49.85,50.26,32.34,48.51,47.71,46.38,44.71,44.59,44.16,42.02
TYL,Tyler Technologies,Information Technology,Application Software,452.48,661.31,450.0,458.23,461.63,463.69,480.96,519.2,530.26,545.0
TSN,Tyson Foods,Consumer Staples,Packaged Foods & Meats,59.46,62.66,50.12,57.24,57.23,55.71,53.57,54.06,54.04,55.3
USB,U.S. Bancorp,Financials,Diversified Banks,53.56,53.73,34.43,51.83,50.72,48.93,47.81,47.38,46.89,44.74
UBER,Uber,Industrials,Passenger Ground Transportation,84.16,101.99,59.33,89.62,88.61,88.51,92.43,92.97,92.59,87.42
UDR,"UDR, Inc.",Real Estate,Multi-Family Residential REITs,35.63,44.96,32.94,35.17,35.56,35.32,35.33,36.67,37.34,38.79
ULTA,Ulta Beauty,Consumer Discretionary,Other Specialty Retail,593.58,611.9,309.01,597.6,570.1,543.07,536.31,529.29,518.68,469.65
UNP,Union Pacific Corporation,Industrials,Rail Transportation,235.4,250.85,200.99,234.63,233.43,228.03,225.12,223.21,224.04,223.61
UAL,United Airlines Holdings,Industrials,Passenger Airlines,107.85,116.0,52.0,106.15,105.14,99.76,98.33,98.69,95.48,87.72
UPS,United Parcel Service,Industrials,Air Freight & Logistics,100.32,128.18,80.6,97.47,96.69,95.22,90.92,88.01,89.89,93.2
URI,United Rentals,Industrials,Trading Companies & Distributors,835.27,1019.33,522.49,804.14,806.34,807.3,878.94,898.52,871.77,786.47
UNH,UnitedHealth Group,Health Care,Managed Health Care,336.71,594.32,231.57,328.2,328.07,323.17,338.61,319.83,315.41,354.06
UHS,Universal Health Services,Health Care,Health Care Facilities,223.99,246.13,152.04,225.88,231.17,231.39,220.24,200.45,195.65,189.67
VLO,Valero Energy,Energy,Oil & Gas Refining & Marketing,171.62,184.46,96.76,174.13,175.85,176.09,170.02,159.62,155.86,143.12
VTR,Ventas,Real Estate,Health Care REITs,77.19,81.89,55.47,79.31,79.81,79.48,74.62,71.13,69.55,67.98
VLTO,Veralto,Industrials,Environmental & Facilities Services,98.61,109.99,83.69,99.31,100.56,99.84,101.12,103.72,103.17,100.63
VRSN,Verisign,Information Technology,Internet Services & Infrastructure,244.28,308.75,189.47,245.93,248.49,249.52,252.05,264.3,267.97,264.32
VRSK,Verisk Analytics,Industrials,Research & Consulting Services,216.12,321.9,197.0,217.37,220.73,220.98,226.67,245.87,257.57,272.87
VZ,Verizon,Communication Services,Integrated Telecommunication Services,40.26,45.09,35.79,40.66,40.77,40.86,40.43,41.65,41.54,41.7
VRTX,Vertex Pharmaceuticals,Health Care,Biotechnology,445.85,519.68,362.5,445.0,443.79,436.76,425.07,414.25,422.85,442.05
VTRS,Viatris,Health Care,Pharmaceuticals,11.59,12.5,6.6,11.28,11.01,10.76,10.4,10.07,9.83,9.27
VICI,Vici Properties,Real Estate,Hotel & Resort REITs,28.08,33.54,26.86,27.85,28.14,28.75,30.04,31.3,31.51,31.29
V,Visa Inc.,Financials,Transaction & Payment Processing Services,346.08,374.11,297.39,331.28,330.76,329.7,337.67,340.49,342.31,343.46
VST,Vistra Corp.,Utilities,Electric Utilities,173.99,219.82,90.3,167.45,171.0,172.5,186.44,193.35,192.4,170.92
VMC,Vulcan Materials Company,Materials,Construction Materials,300.06,311.21,213.97,295.7,294.37,290.17,293.43,291.2,285.49,271.72
WRB,W. R. Berkley Corporation,Financials,Property & Casualty Insurance,69.19,78.96,55.38,67.41,70.3,73.84,74.65,73.18,72.69,71.11
GWW,W. W. Grainger,Industrials,Industrial Machinery & Supplies & Components,1029.56,1159.35,887.81,983.68,971.31,951.63,955.14,972.15,984.66,996.72
WAB,Wabtec,Industrials,Construction Machinery & Heavy Transportation Equipment,218.09,219.63,151.24,214.09,212.35,206.85,202.61,197.6,199.78,194.93
WMT,Walmart,Consumer Staples,Consumer Staples Merchandise Retail,115.6,116.27,79.43,114.5,113.62,108.94,105.87,103.18,101.77,98.4
DIS,Walt Disney Company (The),Communication Services,Movies & Entertainment,111.15,124.69,79.76,107.99,106.72,105.65,109.42,113.0,114.53,109.44
WBD,Warner Bros. Discovery,Communication Services,Broadcasting,29.46,29.81,7.52,28.11,26.21,24.63,22.04,18.15,16.81,14.09
WM,Waste Management,Industrials,Environmental & Facilities Services,211.71,239.91,193.36,210.8,212.85,212.39,210.61,216.96,218.9,222.37
WAT,Waters Corporation,Health Care,Life Sciences Tools & Services,392.02,423.56,275.05,392.31,395.54,391.84,365.23,330.47,330.88,339.07
WEC,WEC Energy Group,Utilities,Electric Utilities,103.22,117.25,88.91,104.4,106.51,108.84,111.58,109.86,108.56,106.99
WFC,Wells Fargo,Financials,Diversified Banks,93.05,93.42,57.46,90.5,88.97,86.58,84.96,82.69,81.92,77.62
WELL,Welltower,Real Estate,Health Care REITs,184.58,209.05,120.99,195.33,199.78,199.29,186.26,176.38,171.72,162.62
WST,West Pharmaceutical Services,Health Care,Health Care Supplies,271.45,347.77,186.94,270.76,274.43,270.68,273.6,261.73,253.44,239.75
WDC,Western Digital,Information Technology,"Technology Hardware, Storage & Peripherals",188.29,188.66,28.72,175.69,168.14,160.4,145.61,116.42,105.94,82.88
WY,Weyerhaeuser,Real Estate,Timber REITs,23.22,30.9,20.96,22.47,22.18,21.89,22.79,23.94,24.27,25.15
WSM,"Williams-Sonoma, Inc.",Consumer Discretionary,Homefurnishing Retail,189.35,217.31,128.49,183.15,181.12,180.08,187.2,191.83,186.58,176.77
WMB,Williams Companies,Energy,Oil & Gas Storage & Transportation,60.8,65.55,50.57,61.52,61.54,60.57,60.69,59.62,59.45,58.68
WTW,Willis Towers Watson,Financials,Insurance Brokers,323.58,352.79,291.3,320.37,319.59,319.35,325.91,327.22,322.44,320.15
WDAY,"Workday, Inc.",Information Technology,Application Software,224.54,283.68,205.33,222.1,218.4,221.52,229.6,230.04,231.18,236.72
WYNN,Wynn Resorts,Consumer Discretionary,Casinos & Gaming,124.47,134.72,64.8,124.99,127.67,124.68,123.12,120.33,116.43,104.27
XEL,Xcel Energy,Utilities,Multi-Utilities,74.59,83.01,61.07,75.57,77.49,78.93,80.09,76.58,74.83,72.45
XYL,Xylem Inc.,Industrials,Industrial Machinery & Supplies & Components,140.24,153.83,99.59,138.6,139.42,140.2,144.99,142.73,139.96,132.58
YUM,Yum! Brands,Consumer Discretionary,Restaurants,148.65,160.96,119.81,144.61,146.75,148.27,146.16,145.96,145.84,146.54
ZBRA,Zebra Technologies,Information Technology,Electronic Equipment & Instruments,273.31,427.76,205.73,267.81,261.89,250.36,270.92,294.23,298.2,288.92
ZBH,Zimmer Biomet,Health Care,Health Care Equipment,92.4,113.87,85.33,92.96,93.75,92.73,95.84,98.1,97.03,98.35
ZTS,Zoetis,Health Care,Pharmaceuticals,117.39,179.47,115.25,117.6,121.09,121.16,131.66,140.56,143.45,149.39
