Symbol,Company,GICS_Sector,GICS_Sub_Industry,Current_Price,High_52_Week,Low_52_Week,SMA5,SMA10,SMA20,SMA50,SMA200,Score,Target_Pcnt,Target_Price,Stop_Loss
MMM,3M,Industrials,Industrial Conglomerates,169.53,173.09,123.2,166.34,168.82,168.4,163.59,151.45,-0.2,2.5,173.77,163.03
AOS,A. O. Smith,Industrials,Building Products,68.56,73.9,58.72,67.62,67.06,65.79,67.19,67.45,0.0,0.67,69.02,62.57
ABT,Abbott Laboratories,Health Care,Health Care Equipment,123.39,138.33,109.61,122.87,124.83,126.51,127.63,129.79,-0.2,6.97,131.99,121.03
ABBV,AbbVie,Health Care,Biotechnology,222.79,242.63,165.03,224.03,225.63,228.82,227.3,202.83,0.2,6.3,236.83,220.81
ACN,Accenture,Information Technology,IT Consulting & Other Services,271.01,394.31,232.56,269.17,265.65,255.25,249.81,278.01,0.1,2.92,278.92,231.57
ADBE,Adobe Inc.,Information Technology,Application Software,343.13,549.93,312.4,340.31,331.17,327.8,336.42,368.09,0.0,1.12,346.97,308.64
AMD,Advanced Micro Devices,Information Technology,Semiconductors,220.38,264.33,78.21,220.5,218.86,221.15,229.28,155.39,0.0,11.05,244.73,197.55
AES,AES Corporation,Utilities,Independent Power Producers & Energy Traders,13.93,15.18,9.38,13.89,13.91,13.84,14.04,12.21,0.0,1.22,14.1,13.59
AFL,Aflac,Financials,Life & Health Insurance,109.22,114.41,97.05,108.35,108.87,110.16,109.71,105.71,0.2,4.08,113.68,106.65
A,Agilent Technologies,Health Care,Life Sciences Tools & Services,142.72,157.2,98.88,142.95,146.48,147.64,145.28,123.76,0.0,9.67,156.52,138.75
APD,Air Products,Materials,Industrial Gases,243.06,331.69,230.76,241.45,250.79,253.59,255.34,274.76,-0.2,11.95,272.11,235.06
ABNB,Airbnb,Consumer Discretionary,"Hotels, Resorts & Cruise Lines",128.43,161.42,105.69,125.54,122.3,119.46,121.93,126.69,0.2,-0.03,128.39,110.52
AKAM,Akamai Technologies,Information Technology,Internet Services & Infrastructure,85.55,102.1,68.21,85.29,86.51,87.39,80.86,78.73,0.2,5.98,90.67,84.1
ALB,Albemarle Corporation,Materials,Specialty Chemicals,134.77,134.77,50.16,129.93,128.18,123.88,106.89,78.41,0.2,0.96,136.06,111.68
ARE,Alexandria Real Estate Equities,Real Estate,Office REITs,45.62,98.28,44.97,45.57,48.34,49.82,61.13,74.02,0.2,22.56,55.91,43.72
ALGN,Align Technology,Health Care,Health Care Supplies,163.71,239.52,124.88,160.44,155.89,147.39,139.37,159.79,-0.1,2.58,167.93,126.83
ALLE,Allegion,Industrials,Building Products,164.02,179.47,118.08,159.95,162.0,162.19,168.02,152.62,-0.2,2.02,167.33,157.04
LNT,Alliant Energy,Utilities,Electric Utilities,64.94,69.47,54.87,64.98,66.06,67.03,67.24,63.33,-0.2,7.73,69.96,64.1
ALL,Allstate,Financials,Property & Casualty Insurance,206.94,213.64,177.51,202.46,205.82,208.39,202.88,199.92,-0.2,4.56,216.38,200.4
GOOGL,Alphabet Inc. (Class A),Communication Services,Interactive Media & Services,311.78,323.23,144.3,316.77,317.09,306.86,280.21,207.84,0.2,8.59,338.56,275.17
GOOG,Alphabet Inc. (Class C),Communication Services,Interactive Media & Services,313.04,323.43,146.18,317.62,317.74,307.35,280.82,208.94,0.2,8.3,339.02,275.68
MO,Altria,Consumer Staples,Tobacco,58.72,66.65,48.28,58.34,58.54,58.39,60.77,59.53,-0.2,0.9,59.25,57.53
AMZN,Amazon,Consumer Discretionary,Broadline Retail,229.49,254.0,167.32,229.12,230.86,229.1,229.07,215.1,0.0,4.26,239.27,218.94
AMCR,Amcor,Materials,Paper & Plastic Packaging Products & Materials,8.32,10.15,7.82,8.24,8.34,8.41,8.23,8.92,-0.1,4.21,8.67,8.16
AEE,Ameren,Utilities,Multi-Utilities,97.4,105.59,84.39,98.25,100.08,102.0,102.69,98.37,0.0,10.07,107.21,96.8
AEP,American Electric Power,Utilities,Electric Utilities,113.98,123.77,87.28,115.5,117.71,119.84,118.47,108.21,0.0,10.42,125.86,113.83
AXP,American Express,Financials,Consumer Finance,385.39,385.39,230.22,371.5,368.31,360.54,353.0,309.37,0.2,-0.56,383.23,337.86
AIG,American International Group,Financials,Multi-line Insurance,82.9,86.75,68.89,78.75,77.78,77.05,78.47,80.41,-0.2,-2.58,80.76,73.34
AMT,American Tower,Real Estate,Telecom Tower REITs,181.39,230.32,169.21,180.65,179.16,179.91,183.22,202.39,0.0,1.42,183.97,175.85
AWK,American Water Works,Utilities,Water Utilities,130.27,149.23,118.11,129.02,129.68,130.11,133.52,138.64,0.2,2.18,133.11,127.12
AMP,Ameriprise Financial,Financials,Asset Management & Custody Banks,496.62,567.86,418.0,485.18,473.75,461.49,468.44,491.47,0.0,-0.4,494.63,428.34
AME,Ametek,Industrials,Electrical Components & Equipment,203.7,203.7,150.67,199.88,198.71,195.9,191.74,181.15,0.4,-0.21,203.27,188.52
AMGN,Amgen,Health Care,Biotechnology,315.55,345.46,250.44,319.18,330.28,334.14,313.19,292.82,-0.2,12.07,353.64,314.65
APH,Amphenol,Information Technology,Electronic Components,138.76,143.85,58.9,139.09,139.52,137.1,133.99,101.91,-0.2,3.43,143.52,130.67
ADI,Analog Devices,Information Technology,Semiconductors,282.68,282.68,162.63,279.98,275.55,255.93,244.26,226.89,0.0,5.55,298.37,213.5
AON,Aon plc,Financials,Insurance Brokers,346.11,407.61,326.07,344.19,346.39,347.42,347.59,361.99,0.0,2.36,354.28,340.56
APA,APA Corporation,Energy,Oil & Gas Exploration & Production,25.75,27.1,13.47,26.34,26.11,25.22,24.01,20.22,0.2,6.17,27.34,23.1
APO,Apollo Global Management,Financials,Asset Management & Custody Banks,150.49,176.13,107.48,143.79,138.55,133.37,128.83,134.48,0.1,-1.83,147.74,119.01
AAPL,Apple Inc.,Information Technology,"Technology Hardware, Storage & Peripherals",278.17,286.19,171.83,278.16,280.38,276.04,267.3,228.41,0.2,3.23,287.15,264.92
AMAT,Applied Materials,Information Technology,Semiconductor Materials & Equipment,268.93,275.15,125.98,269.48,265.78,248.07,234.99,183.87,0.2,6.66,286.84,209.28
APP,AppLovin,Information Technology,Application Software,718.41,724.62,219.37,705.6,675.01,610.13,611.15,438.42,0.0,4.91,753.68,466.56
APTV,Aptiv,Consumer Discretionary,Automotive Parts & Equipment,79.79,87.98,47.92,77.63,77.46,76.6,80.95,71.31,-0.2,1.92,81.32,71.88
ACGL,Arch Capital Group,Financials,Property & Casualty Insurance,93.64,96.94,84.72,92.0,92.49,92.46,90.33,91.01,-0.3,0.65,94.25,90.67
ADM,Archer Daniels Midland,Consumer Staples,Agricultural Products & Services,59.89,63.67,40.67,58.62,59.38,59.14,59.79,53.77,-0.2,2.07,61.13,57.14
ANET,Arista Networks,Information Technology,Communications Equipment,133.75,162.03,64.37,130.77,129.62,127.26,139.66,113.3,0.0,1.21,135.37,119.16
AJG,Arthur J. Gallagher & Co.,Financials,Insurance Brokers,246.74,346.41,237.85,240.93,243.01,247.55,265.22,303.49,-0.2,5.21,259.6,235.51
AIZ,Assurant,Financials,Multi-line Insurance,226.78,227.71,177.67,223.35,223.74,224.77,218.86,204.28,0.0,0.86,228.73,220.8
T,AT&T,Communication Services,Integrated Telecommunication Services,24.38,29.3,20.9,24.68,25.14,25.39,25.46,26.85,-0.2,8.12,26.36,24.42
ATO,Atmos Energy,Utilities,Gas Utilities,166.72,178.17,133.41,167.63,169.84,172.15,173.39,159.84,-0.2,7.13,178.61,165.68
ADSK,Autodesk,Information Technology,Application Software,301.65,326.79,238.84,302.13,304.24,298.89,303.53,293.26,0.0,3.42,311.97,285.8
ADP,Automatic Data Processing,Industrials,Human Resource & Employment Services,264.16,323.5,249.06,260.41,259.0,255.58,267.14,292.79,0.4,-0.08,263.95,247.2
AZO,AutoZone,Consumer Discretionary,Automotive Retail,3475.68,4354.54,3185.71,3596.64,3737.47,3802.89,3859.78,3827.62,-0.2,18.17,4107.21,3498.66
AVB,AvalonBay Communities,Real Estate,Multi-Family Residential REITs,175.57,222.25,173.92,176.58,178.66,178.74,181.36,194.5,-0.2,4.25,183.03,174.45
AVY,Avery Dennison,Materials,Paper & Plastic Packaging Products & Materials,181.7,197.24,156.63,177.28,175.12,172.3,169.89,171.8,0.3,-0.58,180.65,163.94
AXON,Axon Enterprise,Industrials,Aerospace & Defense,581.14,870.97,496.65,560.05,550.55,542.68,630.73,677.3,0.4,-1.37,573.18,512.18
BKR,Baker Hughes,Energy,Oil & Gas Equipment & Services,47.57,50.61,34.43,47.98,49.08,48.84,47.8,42.68,0.0,6.96,50.88,46.8
BALL,Ball Corporation,Materials,"Metal, Glass & Plastic Containers",49.13,59.23,44.42,48.1,48.49,48.34,48.23,51.41,-0.3,1.81,50.02,46.65
BAC,Bank of America,Financials,Diversified Banks,54.6,54.6,33.82,54.02,53.7,52.75,52.02,46.33,0.0,0.66,54.96,50.53
BAX,Baxter International,Health Care,Health Care Equipment,18.75,36.1,17.41,18.38,18.59,18.4,20.15,26.44,-0.2,2.77,19.27,17.54
BDX,Becton Dickinson,Health Care,Health Care Equipment,199.91,243.81,162.39,193.91,192.8,192.04,187.76,188.41,0.1,-1.1,197.71,186.36
BRK-B,Berkshire Hathaway,Financials,Multi-Sector Holdings,495.03,539.8,442.66,495.69,501.43,503.9,496.56,498.19,0.1,4.36,516.61,491.21
BBY,Best Buy,Consumer Discretionary,Computer & Electronics Retail,74.71,87.59,54.69,73.74,74.86,75.52,77.77,71.53,0.0,6.89,79.86,71.18
TECH,Bio-Techne,Health Care,Life Sciences Tools & Services,60.47,78.3,46.53,60.42,62.07,61.47,61.31,55.23,0.0,9.59,66.27,56.67
BIIB,Biogen,Health Care,Biotechnology,174.2,182.09,113.38,177.87,179.21,175.5,160.66,139.16,0.2,7.73,187.67,163.33
BLK,BlackRock,Financials,Asset Management & Custody Banks,1100.66,1196.76,803.7,1077.9,1064.52,1043.86,1091.24,1029.92,-0.2,0.18,1102.64,985.05
BX,Blackstone Inc.,Financials,Asset Management & Custody Banks,154.44,187.02,117.47,154.12,151.3,145.92,150.58,151.12,0.0,2.53,158.35,133.5
XYZ,"Block, Inc.",Financials,Transaction & Payment Processing Services,63.5,98.19,46.53,62.1,62.51,62.04,69.91,66.64,-0.2,4.08,66.09,58.0
BK,BNY Mellon,Financials,Asset Management & Custody Banks,119.04,119.04,72.12,116.36,114.48,111.48,109.07,95.78,0.2,-0.15,118.86,104.1
BA,Boeing,Industrials,Aerospace & Defense,199.52,237.38,136.59,201.35,199.2,192.79,203.59,201.91,0.0,5.42,210.33,175.24
BKNG,Booking Holdings,Consumer Discretionary,"Hotels, Resorts & Cruise Lines",5251.21,5794.84,4141.9,5219.72,5106.68,4971.01,5064.4,5184.85,-0.2,2.04,5358.33,4583.81
BSX,Boston Scientific,Health Care,Health Care Equipment,91.81,108.14,88.03,93.68,96.63,98.29,98.86,101.23,0.0,14.7,105.31,91.27
BMY,Bristol Myers Squibb,Health Care,Pharmaceuticals,51.08,60.79,42.6,51.35,50.63,48.97,46.56,48.08,0.1,3.95,53.1,44.85
AVGO,Broadcom,Information Technology,Semiconductors,407.1,412.97,145.7,403.54,394.99,375.88,361.57,278.63,0.0,4.82,426.72,325.02
BR,Broadridge Financial Solutions,Industrials,Data Processing & Outsourced Services,231.82,265.85,215.58,228.72,228.72,227.62,228.12,237.67,-0.2,0.01,231.84,223.39
BRO,Brown & Brown,Financials,Insurance Brokers,79.34,123.81,76.42,78.25,79.2,79.62,83.86,100.91,0.0,2.87,81.62,77.62
BF-B,Brown–Forman,Consumer Staples,Distillers & Vintners,30.88,43.84,25.25,30.29,29.87,28.87,27.99,29.91,0.1,0.78,31.12,26.63
BLDR,Builders FirstSource,Industrials,Building Products,109.43,173.51,94.85,108.3,110.45,106.16,114.23,122.41,0.0,7.8,117.97,94.36
BG,Bunge Global,Consumer Staples,Agricultural Products & Services,93.32,97.09,66.74,92.36,94.0,94.43,92.38,81.07,0.2,4.79,97.79,91.07
BXP,"BXP, Inc.",Real Estate,Office REITs,71.64,78.2,55.53,69.75,70.66,70.51,71.39,68.3,0.0,2.07,73.12,67.9
CHRW,C.H. Robinson,Industrials,Air Freight & Logistics,159.91,159.91,85.64,156.28,157.46,155.02,143.71,113.79,0.0,1.52,162.34,147.7
CDNS,Cadence Design Systems,Information Technology,Application Software,335.15,373.37,231.64,336.62,329.59,318.26,328.21,312.89,0.0,3.43,346.65,289.87
CPT,Camden Property Trust,Real Estate,Multi-Family Residential REITs,104.18,122.09,97.58,103.11,104.4,104.03,102.96,109.76,-0.1,2.98,107.28,100.79
CPB,Campbell's Company (The),Consumer Staples,Packaged Foods & Meats,28.72,41.67,28.18,29.0,29.52,30.2,30.49,33.01,0.0,11.59,32.05,28.35
COF,Capital One,Financials,Consumer Finance,239.44,239.44,149.12,233.86,228.97,218.51,216.77,202.53,0.0,1.42,242.84,194.19
CAH,Cardinal Health,Health Care,Health Care Distributors,198.07,213.73,114.18,198.4,201.63,205.19,184.82,156.79,0.2,8.96,215.82,194.57
CCL,Carnival,Consumer Discretionary,"Hotels, Resorts & Cruise Lines",27.89,32.49,16.43,26.31,26.1,25.91,27.33,25.68,0.4,-2.87,27.09,24.72
CARR,Carrier Global,Industrials,Building Products,53.92,80.42,50.36,53.5,53.95,53.4,56.05,64.3,-0.2,3.71,55.92,50.88
CAT,Caterpillar Inc.,Industrials,Construction Machinery & Heavy Transportation Equipment,625.33,625.33,270.85,606.94,595.16,575.39,550.63,417.21,0.2,-0.42,622.7,528.08
CBOE,Cboe Global Markets,Financials,Financial Exchanges & Data,252.14,260.88,189.73,252.04,253.68,255.21,248.03,233.68,0.0,3.38,260.66,249.75
CBRE,CBRE Group,Real Estate,Real Estate Services,161.15,165.9,113.94,158.01,159.43,157.16,155.99,143.64,0.0,2.8,165.66,148.67
CDW,CDW Corporation,Information Technology,Technology Distributors,149.77,203.07,136.03,147.73,145.83,143.56,148.4,163.22,-0.2,0.5,150.52,136.6
COR,Cencora,Health Care,Health Care Distributors,344.09,374.75,222.96,339.93,345.23,355.49,340.92,299.56,0.0,10.94,381.73,329.24
CNC,Centene Corporation,Health Care,Managed Health Care,40.53,65.89,25.21,38.7,38.72,37.91,36.79,44.02,-0.1,0.54,40.75,35.07
CNP,CenterPoint Energy,Utilities,Multi-Utilities,37.3,40.0,30.14,37.85,38.36,38.99,39.06,37.22,-0.2,8.98,40.65,37.33
CF,CF Industries,Materials,Fertilizers & Agricultural Chemicals,79.07,101.28,67.27,77.4,78.4,79.17,82.88,84.18,-0.2,5.58,83.48,74.87
CRL,Charles River Laboratories,Health Care,Life Sciences Tools & Services,194.1,197.05,99.75,189.27,184.41,176.26,176.96,156.4,-0.2,1.38,196.78,155.74
SCHW,Charles Schwab Corporation,Financials,Investment Banking & Brokerage,96.85,98.41,68.45,94.98,94.14,93.09,93.64,88.69,0.0,-0.14,96.71,89.47
CHTR,Charter Communications,Communication Services,Cable & Satellite,211.78,427.25,194.22,207.99,203.47,201.83,228.38,315.9,0.4,-0.24,211.27,192.4
CVX,Chevron Corporation,Energy,Integrated Oil & Gas,150.65,162.83,129.22,149.85,150.7,151.16,151.77,147.63,-0.2,2.87,154.97,147.36
CMG,Chipotle Mexican Grill,Consumer Discretionary,Restaurants,34.92,66.16,29.81,34.03,34.11,32.85,35.87,45.15,0.2,2.78,35.89,29.8
CB,Chubb Limited,Financials,Property & Casualty Insurance,306.24,306.24,256.04,299.25,297.05,296.72,287.48,283.65,0.2,-1.31,302.23,291.22
CHD,Church & Dwight,Consumer Staples,Household Products,83.46,112.09,81.52,83.1,83.67,83.63,85.3,94.38,0.2,2.29,85.37,81.9
CI,Cigna,Health Care,Health Care Services,272.39,334.83,243.04,265.34,268.43,270.06,280.1,299.72,0.0,2.28,278.6,261.51
CINF,Cincinnati Financial,Financials,Property & Casualty Insurance,164.87,168.48,125.14,162.52,163.58,164.22,160.97,149.63,-0.2,2.41,168.84,159.59
CTAS,Cintas,Industrials,Diversified Support Services,188.41,226.65,180.61,185.37,185.12,184.8,187.48,205.14,0.2,-0.2,188.03,181.56
CSCO,Cisco,Information Technology,Communications Equipment,79.29,80.25,52.55,79.18,78.12,77.52,73.4,66.16,0.2,0.96,80.05,74.98
C,Citigroup,Financials,Diversified Banks,111.58,111.58,56.95,109.98,107.39,103.54,100.56,85.91,0.0,0.92,112.61,94.48
CFG,Citizens Financial Group,Financials,Regional Banks,58.61,58.61,33.29,56.85,55.91,53.89,52.21,45.68,0.0,0.38,58.83,48.95
CLX,Clorox,Consumer Staples,Household Products,102.85,161.59,98.43,102.52,104.31,103.76,110.2,124.22,0.0,6.05,109.07,98.44
CME,CME Group,Financials,Financial Exchanges & Data,272.04,288.01,222.62,269.96,273.52,275.83,271.36,269.1,0.2,4.91,285.4,266.26
CMS,CMS Energy,Utilities,Multi-Utilities,69.48,75.44,63.06,70.31,71.67,72.91,73.14,71.29,0.0,10.05,76.46,69.36
KO,Coca-Cola Company (The),Consumer Staples,Soft Drinks & Non-alcoholic Beverages,69.07,72.61,59.07,69.92,70.61,70.93,69.24,68.89,-0.2,5.46,72.84,69.02
CTSH,Cognizant,Information Technology,IT Consulting & Other Services,83.81,89.26,65.18,81.88,80.17,76.94,72.27,74.0,-0.1,0.98,84.63,69.26
COIN,Coinbase,Financials,Financial Exchanges & Data,269.31,419.78,151.47,273.14,271.26,265.82,311.35,283.02,-0.2,7.75,290.18,241.46
CL,Colgate-Palmolive,Consumer Staples,Household Products,77.09,95.74,74.98,77.2,78.1,78.66,78.07,85.28,0.1,5.14,81.05,76.27
CMCSA,Comcast,Communication Services,Cable & Satellite,27.47,38.78,26.46,27.16,27.07,27.07,28.24,32.38,0.2,1.57,27.9,26.24
CAG,Conagra Brands,Consumer Staples,Packaged Foods & Meats,17.59,26.38,16.7,17.26,17.32,17.41,17.65,20.28,0.0,1.99,17.94,16.88
COP,ConocoPhillips,Energy,Oil & Gas Exploration & Production,96.57,103.38,80.54,94.67,92.65,90.41,89.14,90.87,0.3,-0.13,96.44,84.37
ED,Consolidated Edison,Utilities,Multi-Utilities,95.58,110.5,85.06,95.77,96.66,98.6,98.72,100.84,0.0,8.07,103.29,93.91
STZ,Constellation Brands,Consumer Staples,Distillers & Vintners,150.71,236.59,127.65,145.39,141.52,136.4,135.98,160.2,0.1,-1.25,148.83,123.99
CEG,Constellation Energy,Utilities,Electric Utilities,378.16,403.49,170.33,363.37,363.38,354.57,364.99,303.0,0.0,-0.18,377.48,331.68
COO,Cooper Companies (The),Health Care,Health Care Supplies,81.82,99.45,64.32,80.1,78.47,76.15,73.03,74.68,0.1,1.16,82.77,69.53
CPRT,Copart,Industrials,Diversified Support Services,38.67,63.84,38.41,38.68,38.82,39.67,41.99,49.38,0.0,8.56,41.98,37.35
GLW,Corning Inc.,Information Technology,Electronic Components,96.01,96.01,38.56,91.11,87.54,84.45,85.49,62.28,-0.2,-2.53,93.58,75.32
CPAY,Corpay,Financials,Transaction & Payment Processing Services,316.12,389.55,255.0,308.46,302.66,292.53,285.36,315.89,0.1,0.38,317.32,267.75
CTVA,Corteva,Materials,Fertilizers & Agricultural Chemicals,66.11,76.73,55.1,65.63,65.92,65.55,64.02,66.9,-0.3,1.74,67.26,63.83
CSGP,CoStar Group,Real Estate,Real Estate Services,67.27,96.83,65.52,67.48,67.96,67.67,71.79,79.78,0.0,3.4,69.56,65.78
COST,Costco,Consumer Staples,Consumer Staples Merchandise Retail,882.68,1072.45,874.41,885.55,899.34,901.04,916.44,956.02,0.0,5.42,930.52,871.56
CTRA,Coterra,Energy,Oil & Gas Exploration & Production,26.39,28.82,22.01,26.85,26.89,26.43,24.92,24.75,0.2,4.4,27.55,25.31
CRWD,CrowdStrike,Information Technology,Systems Software,514.82,557.53,308.86,515.91,514.67,514.54,516.75,453.12,0.0,4.1,535.93,493.14
CCI,Crown Castle,Real Estate,Telecom Tower REITs,91.74,112.64,81.15,90.54,89.77,90.09,92.88,97.68,-0.2,0.56,92.25,87.92
CSX,CSX Corporation,Industrials,Rail Transportation,36.96,37.09,26.38,36.61,36.04,35.17,35.46,32.57,0.0,0.95,37.31,33.03
CMI,Cummins,Industrials,Construction Machinery & Heavy Transportation Equipment,522.69,524.53,263.13,513.15,507.99,490.38,455.26,370.25,0.0,1.96,532.93,447.84
CVS,CVS Health,Health Care,Health Care Services,80.64,82.45,41.98,78.0,77.88,77.95,78.67,69.06,-0.2,0.37,80.94,74.97
DHR,Danaher Corporation,Health Care,Life Sciences Tools & Services,231.44,249.37,174.06,227.16,226.89,225.77,217.86,202.93,0.0,0.33,232.2,219.35
DRI,Darden Restaurants,Consumer Discretionary,Restaurants,183.81,222.41,155.17,179.54,177.94,175.9,180.52,196.7,0.0,-0.26,183.33,168.48
DDOG,Datadog,Information Technology,Application Software,149.28,199.72,87.0,151.75,154.2,161.95,162.92,132.15,-0.2,23.82,184.84,139.05
DVA,DaVita,Health Care,Health Care Services,120.85,177.35,115.2,118.13,118.43,118.72,122.81,136.15,0.0,1.67,122.87,114.57
DAY,Dayforce,Industrials,Human Resource & Employment Services,69.21,78.29,49.33,69.08,69.09,69.02,68.73,61.77,0.0,0.01,69.22,68.81
DECK,Deckers Brands,Consumer Discretionary,Footwear,100.93,223.11,79.54,100.67,96.64,90.11,91.33,106.73,0.0,3.91,104.88,75.34
DE,Deere & Company,Industrials,Agricultural & Farm Machinery,476.95,527.96,404.45,470.03,471.68,475.49,468.43,481.64,-0.3,3.24,492.4,458.58
DELL,Dell Technologies,Information Technology,"Technology Hardware, Storage & Peripherals",138.48,164.88,70.63,139.33,137.07,131.46,143.88,120.36,0.0,5.37,145.92,117.01
DAL,Delta Air Lines,Industrials,Passenger Airlines,70.09,70.09,35.54,68.35,66.99,62.98,60.49,53.38,0.0,3.08,72.25,53.71
DVN,Devon Energy,Energy,Oil & Gas Exploration & Production,37.42,38.41,26.43,37.66,37.59,36.6,34.55,33.4,0.2,3.47,38.72,34.47
DXCM,Dexcom,Health Care,Health Care Equipment,69.55,90.75,54.84,66.91,65.61,62.87,64.1,74.61,0.0,-0.43,69.25,56.48
FANG,Diamondback Energy,Energy,Oil & Gas Exploration & Production,156.2,175.21,116.78,158.15,157.34,152.41,146.38,141.72,0.2,4.32,162.95,141.88
DLR,Digital Realty,Real Estate,Data Center REITs,158.07,181.88,134.22,161.77,160.26,159.28,167.0,164.05,0.2,3.59,163.74,154.81
DG,Dollar General,Consumer Staples,Consumer Staples Merchandise Retail,131.36,132.37,67.25,127.89,120.35,111.74,105.47,101.18,0.0,1.6,133.46,90.02
DLTR,Dollar Tree,Consumer Staples,Consumer Staples Merchandise Retail,130.03,130.03,61.92,123.34,117.52,110.22,102.66,94.98,0.2,-1.48,128.11,92.32
D,Dominion Energy,Utilities,Multi-Utilities,58.17,62.07,47.97,58.32,59.2,59.89,59.91,56.51,0.0,6.91,62.19,57.58
DPZ,Domino's,Consumer Discretionary,Restaurants,432.84,493.69,397.21,420.79,423.08,414.89,413.56,447.34,-0.1,0.52,435.09,394.67
DASH,DoorDash,Consumer Discretionary,Specialized Consumer Services,226.05,281.74,163.16,225.35,219.14,208.77,235.16,224.32,0.2,4.51,236.24,181.31
DOV,Dover Corporation,Industrials,Industrial Machinery & Supplies & Components,201.38,204.14,149.86,193.91,190.81,186.22,177.9,176.93,0.2,-1.64,198.08,174.37
DOW,Dow Inc.,Materials,Commodity Chemicals,24.59,39.25,20.27,23.62,23.63,22.83,22.65,26.15,-0.1,1.79,25.03,20.63
DHI,D. R. Horton,Consumer Discretionary,Homebuilding,155.24,183.47,114.08,154.18,157.15,150.62,152.4,141.7,0.0,8.06,167.75,133.49
DTE,DTE Energy,Utilities,Multi-Utilities,130.85,143.32,114.72,130.46,131.95,134.22,137.49,134.83,-0.2,6.79,139.73,128.71
DUK,Duke Energy,Utilities,Electric Utilities,114.03,127.92,102.07,115.0,117.6,120.26,122.81,118.66,0.0,11.59,127.25,113.27
DD,DuPont,Materials,Specialty Chemicals,41.51,41.51,22.69,40.83,40.29,39.44,36.59,31.39,0.0,0.55,41.74,37.14
ETN,Eaton Corporation,Industrials,Electrical Components & Equipment,349.38,391.62,244.95,345.13,341.88,341.03,362.23,336.56,-0.2,1.81,355.7,326.35
EBAY,eBay Inc.,Consumer Discretionary,Broadline Retail,84.58,100.1,58.89,83.48,83.0,82.39,86.8,79.58,0.0,0.34,84.87,79.9
ECL,Ecolab,Materials,Specialty Chemicals,260.5,284.78,224.56,257.62,263.57,263.75,266.92,262.76,-0.2,6.44,277.28,250.22
EIX,Edison International,Utilities,Electric Utilities,57.86,78.2,46.84,57.22,57.51,58.0,56.75,54.14,0.0,3.09,59.65,56.35
EW,Edwards Lifesciences,Health Care,Health Care Equipment,83.96,86.82,67.07,84.33,84.81,85.14,81.29,76.95,0.2,3.99,87.31,82.97
EA,Electronic Arts,Communication Services,Interactive Home Entertainment,203.69,203.92,115.97,203.69,203.24,202.18,201.08,165.84,0.0,0.42,204.55,199.8
ELV,Elevance Health,Health Care,Managed Health Care,360.3,445.96,271.77,338.5,334.71,329.82,333.73,353.93,-0.2,-3.05,349.31,310.32
EME,Emcor,Industrials,Construction & Engineering,639.72,777.0,341.52,628.66,621.99,613.72,654.79,542.25,-0.2,0.44,642.53,584.9
EMR,Emerson Electric,Industrials,Electrical Components & Equipment,139.73,148.4,92.96,137.06,135.4,131.71,131.83,125.07,-0.2,0.42,140.32,123.11
ETR,Entergy,Utilities,Electric Utilities,93.3,97.52,71.18,93.4,94.08,94.43,95.09,86.78,-0.2,3.74,96.79,92.07
EOG,EOG Resources,Energy,Oil & Gas Exploration & Production,109.36,133.44,101.83,110.59,110.33,109.02,107.93,114.02,0.1,3.39,113.07,104.97
EPAM,EPAM Systems,Information Technology,IT Consulting & Other Services,211.09,267.63,142.2,207.6,200.99,191.01,170.93,169.28,0.0,1.52,214.3,167.71
EQT,EQT Corporation,Energy,Oil & Gas Exploration & Production,55.81,61.17,42.04,58.18,59.21,58.78,56.62,53.66,0.0,10.86,61.87,55.69
EFX,Equifax,Industrials,Research & Consulting Services,221.35,278.79,203.71,213.47,211.84,210.12,217.72,242.0,0.4,-1.39,218.27,201.95
EQIX,Equinix,Real Estate,Data Center REITs,754.02,953.43,726.09,742.12,738.34,751.22,787.31,804.22,-0.2,4.06,784.63,717.79
EQR,Equity Residential,Real Estate,Multi-Family Residential REITs,60.55,72.76,58.7,60.59,61.17,60.53,61.07,65.13,0.2,3.35,62.58,58.48
ERIE,Erie Indemnity,Financials,Insurance Brokers,276.58,445.35,275.0,281.25,288.74,289.75,301.28,349.28,-0.2,10.02,304.29,275.2
ESS,Essex Property Trust,Real Estate,Multi-Family Residential REITs,257.21,305.43,247.18,254.44,257.41,257.17,258.22,270.87,0.0,2.77,264.33,249.99
EL,Estée Lauder Companies (The),Consumer Staples,Personal Care Products,105.49,107.28,49.43,104.66,101.76,95.4,94.62,79.91,0.2,4.23,109.95,80.84
EG,Everest Group,Financials,Reinsurance,323.49,368.76,304.91,313.58,313.42,314.68,328.77,339.37,0.2,0.85,326.24,303.13
EVRG,Evergy,Utilities,Electric Utilities,73.55,78.01,57.62,73.44,74.3,75.17,76.07,69.7,-0.2,5.89,77.88,72.45
ES,Eversource Energy,Utilities,Electric Utilities,67.4,74.88,52.98,67.26,66.94,67.83,70.93,64.47,-0.2,10.12,74.22,61.44
EXC,Exelon,Utilities,Electric Utilities,43.04,47.82,34.95,43.44,44.35,45.16,45.92,44.01,-0.2,10.57,47.59,42.72
EXE,Expand Energy,Energy,Oil & Gas Exploration & Production,113.91,122.89,91.44,118.0,119.62,118.18,110.88,105.44,-0.2,8.44,123.52,112.84
EXPE,Expedia Group,Consumer Discretionary,"Hotels, Resorts & Cruise Lines",280.99,280.99,135.82,268.83,264.33,257.25,237.51,194.65,0.4,-0.29,280.18,234.32
EXPD,Expeditors International,Industrials,Air Freight & Logistics,153.41,153.41,101.6,150.4,148.96,145.05,131.9,119.25,-0.2,0.95,154.87,135.25
EXR,Extra Space Storage,Real Estate,Self-Storage REITs,132.69,156.01,123.86,129.45,130.82,130.98,137.6,141.57,-0.2,1.34,134.47,127.5
XOM,ExxonMobil,Energy,Integrated Oil & Gas,119.39,119.54,97.25,117.94,117.26,117.15,114.81,109.36,0.2,0.55,120.05,114.26
FFIV,"F5, Inc.",Information Technology,Communications Equipment,263.68,343.17,223.99,255.21,247.63,240.17,270.26,286.32,0.4,-0.96,261.15,219.18
FDS,FactSet,Financials,Financial Exchanges & Data,291.82,485.96,252.61,289.02,283.59,278.38,277.24,377.23,0.1,0.18,292.35,264.42
FICO,Fair Isaac,Information Technology,Application Software,1822.66,2206.01,1311.26,1777.11,1777.3,1766.86,1715.64,1710.89,-0.2,0.07,1823.94,1709.76
FAST,Fastenal,Industrials,Trading Companies & Distributors,41.77,50.13,34.82,41.07,40.93,40.44,41.99,42.51,-0.2,0.22,41.86,39.01
FRT,Federal Realty Investment Trust,Real Estate,Retail REITs,98.98,109.5,81.67,97.23,97.58,97.38,97.71,95.16,-0.2,0.27,99.25,95.52
FDX,FedEx,Industrials,Air Freight & Logistics,285.44,285.44,195.55,279.16,275.97,271.71,256.19,233.68,0.2,-0.42,284.24,259.19
FIS,Fidelity National Information Services,Financials,Transaction & Payment Processing Services,66.6,83.38,61.13,65.73,65.65,64.78,65.32,71.62,-0.2,1.25,67.43,62.12
FITB,Fifth Third Bancorp,Financials,Regional Banks,48.44,48.44,32.73,46.36,45.32,43.74,43.02,40.76,0.2,-1.49,47.72,39.76
FSLR,First Solar,Information Technology,Semiconductors,270.72,277.39,120.38,259.97,261.22,258.38,249.45,185.81,-0.2,0.72,272.67,244.08
FE,FirstEnergy,Utilities,Electric Utilities,44.12,47.72,36.81,44.59,45.31,45.96,46.03,42.07,-0.2,8.86,48.03,43.9
FISV,Fiserv,Financials,Transaction & Payment Processing Services,68.18,237.79,59.77,66.59,65.34,63.47,88.2,150.64,-0.2,0.57,68.57,58.37
F,Ford Motor Company,Consumer Discretionary,Automobile Manufacturers,13.62,13.68,8.35,13.26,13.19,13.09,12.7,11.0,0.2,-0.37,13.57,12.61
FTNT,Fortinet,Information Technology,Systems Software,82.46,114.57,74.39,83.6,83.18,81.75,83.43,92.64,-0.4,4.11,85.85,77.66
FTV,Fortive,Industrials,Industrial Machinery & Supplies & Components,55.42,62.25,46.44,54.35,53.8,52.75,50.99,51.44,-0.1,0.29,55.58,49.91
FOXA,Fox Corporation (Class A),Communication Services,Broadcasting,72.03,72.03,45.64,70.34,68.41,66.68,63.54,57.15,0.2,-0.89,71.39,61.96
FOX,Fox Corporation (Class B),Communication Services,Broadcasting,63.65,63.65,43.32,62.28,60.78,59.58,56.93,52.14,0.2,-0.9,63.08,56.08
BEN,Franklin Resources,Financials,Asset Management & Custody Banks,23.48,25.67,16.21,23.35,23.05,22.45,22.71,21.99,-0.2,1.75,23.89,21.01
FCX,Freeport-McMoRan,Materials,Copper,47.81,47.81,28.82,45.85,44.74,42.59,41.69,40.5,0.0,-0.61,47.52,37.67
GRMN,Garmin,Consumer Discretionary,Consumer Electronics,210.57,259.77,172.21,205.59,201.89,196.84,220.0,215.58,0.4,-0.45,209.62,184.06
IT,Gartner,Information Technology,IT Consulting & Other Services,232.12,548.38,224.13,229.89,230.56,230.05,238.16,336.22,0.0,1.51,235.63,224.49
GE,GE Aerospace,Industrials,Aerospace & Defense,288.52,314.28,158.97,285.71,288.51,292.66,299.54,254.63,0.0,5.83,305.34,279.99
GEHC,GE HealthCare,Health Care,Health Care Equipment,86.06,93.35,58.67,84.42,82.77,78.94,76.59,74.52,0.2,2.84,88.5,69.38
GEV,GE Vernova,Industrials,Heavy Electrical Equipment,701.57,723.0,269.69,660.62,631.24,601.64,595.76,510.75,0.2,-1.71,689.57,513.74
GEN,Gen Digital,Information Technology,Systems Software,27.7,31.88,23.2,27.26,26.95,26.64,26.63,27.79,0.3,-0.32,27.61,25.67
GNRC,Generac,Industrials,Electrical Components & Equipment,167.13,202.85,101.92,164.04,159.88,153.16,165.78,151.35,0.0,1.76,170.07,136.25
GD,General Dynamics,Industrials,Aerospace & Defense,340.5,353.77,238.33,338.06,337.99,339.67,341.06,301.73,-0.2,1.6,345.95,333.38
GIS,General Mills,Consumer Staples,Packaged Foods & Meats,46.25,63.77,45.64,45.9,46.2,46.81,47.46,51.33,0.0,4.58,48.37,45.25
GM,General Motors,Consumer Discretionary,Automobile Manufacturers,80.83,80.83,42.15,78.11,75.99,73.01,67.55,55.09,0.2,-0.31,80.58,65.44
GPC,Genuine Parts Company,Consumer Discretionary,Distributors,134.0,141.64,103.09,130.08,129.44,127.82,129.09,125.55,0.0,-1.09,132.54,123.09
GILD,Gilead Sciences,Health Care,Biotechnology,123.5,128.07,87.29,121.32,122.83,124.47,121.4,112.32,0.0,4.53,129.09,119.84
GPN,Global Payments,Financials,Transaction & Payment Processing Services,81.91,115.79,67.06,79.3,78.69,75.99,80.32,83.0,-0.2,0.38,82.22,69.76
GL,Globe Life,Financials,Life & Health Insurance,139.12,146.27,102.79,134.3,133.16,132.84,133.94,129.44,0.0,-1.53,136.99,128.69
GDDY,GoDaddy,Information Technology,Internet Services & Infrastructure,126.29,214.35,124.23,127.3,128.09,127.32,130.27,158.58,0.2,3.89,131.2,123.45
GS,Goldman Sachs,Financials,Investment Banking & Brokerage,914.12,914.12,455.22,880.24,851.96,818.59,794.06,678.71,0.2,-1.29,902.33,734.85
HAL,Halliburton,Energy,Oil & Gas Equipment & Services,29.24,29.24,18.84,28.68,27.79,26.95,25.87,22.78,0.0,0.31,29.33,24.57
HIG,Hartford (The),Financials,Property & Casualty Insurance,135.5,136.97,104.54,130.99,132.69,133.43,129.76,125.5,0.0,2.08,138.32,128.55
HAS,Hasbro,Consumer Discretionary,Leisure Products,83.84,83.84,49.29,81.62,81.93,80.11,77.12,70.14,0.2,1.61,85.19,75.03
HCA,HCA Healthcare,Health Care,Health Care Facilities,481.49,515.85,294.93,482.11,489.66,488.89,462.66,390.39,0.0,7.2,516.16,461.6
DOC,Healthpeak Properties,Real Estate,Health Care REITs,16.69,20.17,16.25,16.71,17.25,17.46,17.88,17.72,-0.2,11.2,18.56,16.37
HSIC,Henry Schein,Health Care,Health Care Distributors,76.45,81.91,62.03,74.65,73.88,73.32,68.82,69.19,0.1,0.3,76.68,69.96
HSY,Hershey Company (The),Consumer Staples,Packaged Foods & Meats,181.43,194.06,140.14,180.67,182.24,182.54,181.19,173.23,0.0,4.15,188.96,176.12
HPE,Hewlett Packard Enterprise,Information Technology,"Technology Hardware, Storage & Peripherals",24.49,26.25,12.35,24.34,23.26,22.28,23.35,20.02,-0.2,2.82,25.18,19.38
HLT,Hilton Worldwide,Consumer Discretionary,"Hotels, Resorts & Cruise Lines",278.67,285.77,200.93,272.24,276.42,274.37,267.98,255.84,-0.2,3.29,287.84,260.9
HOLX,Hologic,Health Care,Health Care Equipment,74.84,76.83,52.73,74.88,74.89,74.63,72.74,65.49,0.0,0.61,75.3,73.96
HD,Home Depot (The),Consumer Discretionary,Home Improvement Retail,358.4,420.7,329.16,351.86,352.75,349.17,367.75,370.13,0.2,2.78,368.36,329.96
HON,Honeywell,Industrials,Industrial Conglomerates,193.66,224.06,169.57,191.84,192.05,192.21,194.48,200.25,0.0,2.17,197.86,186.54
HRL,Hormel Foods,Consumer Staples,Packaged Foods & Meats,23.75,32.19,21.29,23.86,23.63,23.11,23.09,27.07,0.1,2.65,24.38,21.85
HST,Host Hotels & Resorts,Real Estate,Hotel & Resort REITs,18.24,18.24,12.39,17.58,17.54,17.45,16.97,15.75,0.2,-0.77,18.1,16.81
HWM,Howmet Aerospace,Industrials,Aerospace & Defense,195.46,209.74,107.4,192.77,195.4,198.29,197.88,171.24,0.0,5.82,206.84,189.75
HPQ,HP Inc.,Information Technology,"Technology Hardware, Storage & Peripherals",25.34,33.89,21.42,25.44,25.22,24.45,25.98,26.11,-0.2,4.78,26.55,22.35
HUBB,Hubbell Incorporated,Industrials,Industrial Machinery & Supplies & Components,462.6,471.0,312.92,446.3,438.53,430.51,435.08,401.22,0.2,-1.62,455.11,405.94
HUM,Humana,Health Care,Managed Health Care,265.23,310.91,219.64,257.3,252.64,243.04,262.85,257.5,0.0,0.46,266.45,219.65
HBAN,Huntington Bancshares,Financials,Regional Banks,17.93,17.93,12.26,17.26,16.99,16.34,16.07,15.83,0.2,-0.39,17.86,14.83
HII,Huntington Ingalls Industries,Industrials,Aerospace & Defense,327.45,327.45,156.09,317.2,313.86,311.33,302.36,252.16,0.4,-1.15,323.68,298.98
IBM,IBM,Information Technology,IT Consulting & Other Services,309.76,314.98,211.92,310.01,307.67,303.13,297.81,265.81,0.2,2.29,316.85,289.42
IEX,IDEX Corporation,Industrials,Industrial Machinery & Supplies & Components,181.52,224.77,156.86,177.0,176.59,171.73,168.87,172.28,0.1,1.3,183.88,159.58
IDXX,Idexx Laboratories,Health Care,Health Care Equipment,706.9,766.68,361.04,705.71,718.65,715.21,679.31,564.27,0.0,8.77,768.9,661.56
ITW,Illinois Tool Works,Industrials,Industrial Machinery & Supplies & Components,257.68,269.49,215.75,251.13,250.02,247.13,248.14,249.21,0.0,-0.83,255.54,238.73
INCY,Incyte,Health Care,Biotechnology,96.25,108.26,55.17,97.16,99.57,101.8,96.36,77.02,0.0,12.84,108.61,94.98
IR,Ingersoll Rand,Industrials,Industrial Machinery & Supplies & Components,83.16,101.74,66.7,80.34,80.01,78.14,78.46,80.12,-0.2,0.34,83.44,72.85
PODD,Insulet Corporation,Health Care,Health Care Equipment,294.23,352.82,237.06,296.86,305.48,318.26,318.86,301.02,-0.2,18.9,349.84,286.67
INTC,Intel,Information Technology,Semiconductors,39.33,43.76,18.13,40.46,41.06,38.14,38.05,26.5,0.4,12.97,44.43,31.85
IBKR,Interactive Brokers,Financials,Investment Banking & Brokerage,66.18,72.99,35.93,65.74,65.17,64.38,67.48,57.1,0.0,2.24,67.66,61.1
ICE,Intercontinental Exchange,Financials,Financial Exchanges & Data,162.32,187.92,141.62,159.11,158.11,155.69,155.07,169.32,0.3,-0.34,161.77,149.62
IFF,International Flavors & Fragrances,Materials,Specialty Chemicals,63.17,86.65,59.55,65.13,66.65,66.73,64.47,70.44,-0.3,11.41,70.38,63.07
IP,International Paper,Materials,Paper & Plastic Packaging Products & Materials,39.42,57.74,35.6,38.74,38.86,38.13,41.22,46.02,-0.2,2.56,40.43,35.83
INTU,Intuit,Information Technology,Application Software,675.72,805.92,541.4,664.75,653.59,651.29,658.05,676.22,0.0,0.21,677.14,625.45
ISRG,Intuitive Surgical,Health Care,Health Care Equipment,545.92,610.45,429.59,560.44,564.91,562.88,525.17,508.15,-0.2,6.78,582.93,542.85
IVZ,Invesco,Financials,Asset Management & Custody Banks,27.18,27.18,11.76,26.54,25.57,24.47,23.75,18.7,0.0,0.4,27.29,21.66
INVH,Invitation Homes,Real Estate,Single-Family Residential REITs,26.61,34.81,26.09,26.6,27.19,27.59,28.07,30.96,0.0,8.61,28.9,26.29
IQV,IQVIA,Health Care,Life Sciences Tools & Services,225.21,231.92,137.0,223.12,225.19,224.04,216.11,181.11,-0.2,3.75,233.66,214.43
IRM,Iron Mountain,Real Estate,Other Specialized REITs,88.14,109.59,75.72,85.5,84.87,86.04,96.57,93.92,-0.2,3.24,91.0,81.07
JBHT,J.B. Hunt,Industrials,Cargo Ground Transportation,201.02,201.02,123.62,193.45,188.21,176.55,165.66,147.96,0.0,0.98,202.99,150.1
JBL,Jabil,Information Technology,Electronic Manufacturing Services,233.73,234.36,116.73,227.45,220.28,210.17,209.78,189.55,0.0,0.16,234.1,186.22
JKHY,Jack Henry & Associates,Financials,Transaction & Payment Processing Services,187.24,189.35,145.77,183.01,179.17,173.27,161.58,168.72,-0.1,0.32,187.84,158.72
J,Jacobs Solutions,Industrials,Construction & Engineering,136.23,164.04,108.92,137.81,137.05,139.07,149.38,135.84,-0.2,13.04,153.99,124.13
JNJ,Johnson & Johnson,Health Care,Pharmaceuticals,209.76,209.76,137.84,203.96,204.53,202.78,194.27,168.96,-0.2,0.57,210.96,194.61
JCI,Johnson Controls,Industrials,Building Products,117.92,122.66,70.88,115.74,115.37,115.47,113.75,100.92,0.0,0.89,118.97,111.98
JPM,JPMorgan Chase,Financials,Diversified Banks,317.78,320.41,208.26,311.73,311.68,306.9,306.53,278.75,0.0,0.65,319.85,293.97
K,Kellanova,Consumer Staples,Packaged Foods & Meats,83.44,83.45,76.43,83.32,83.2,83.01,82.65,80.35,0.0,0.04,83.47,82.55
KVUE,Kenvue,Consumer Staples,Personal Care Products,17.34,23.7,13.93,17.08,17.08,16.83,16.03,19.98,0.1,1.56,17.61,16.04
KDP,Keurig Dr Pepper,Consumer Staples,Soft Drinks & Non-alcoholic Beverages,29.52,35.14,25.3,29.16,28.69,27.97,27.28,30.99,0.1,0.47,29.66,26.28
KEY,KeyCorp,Financials,Regional Banks,20.72,20.72,12.78,19.97,19.26,18.37,17.87,16.82,0.2,-0.53,20.61,16.12
KEYS,Keysight Technologies,Information Technology,Electronic Equipment & Instruments,214.19,214.19,127.02,211.51,207.01,193.2,180.89,164.4,0.0,4.79,224.45,161.97
KMB,Kimberly-Clark,Consumer Staples,Household Products,103.58,142.87,98.85,102.88,104.37,103.86,109.95,125.18,0.0,3.74,107.45,100.26
KIM,Kimco Realty,Real Estate,Retail REITs,20.17,23.58,18.04,20.01,20.1,20.08,20.64,20.64,-0.2,1.59,20.49,19.66
KMI,Kinder Morgan,Energy,Oil & Gas Storage & Transportation,26.77,29.9,24.4,27.15,27.22,27.08,26.87,26.83,0.0,3.74,27.77,26.38
KKR,KKR & Co.,Financials,Asset Management & Custody Banks,143.48,166.13,92.38,136.09,130.25,124.06,122.38,126.28,0.1,-1.99,140.62,107.48
KLAC,KLA Corporation,Information Technology,Semiconductor Materials & Equipment,1239.86,1239.86,572.94,1228.69,1208.58,1172.17,1155.53,904.35,0.0,1.58,1259.45,1084.89
KHC,Kraft Heinz,Consumer Staples,Packaged Foods & Meats,24.35,30.79,23.35,24.36,24.72,24.7,24.67,26.37,0.1,4.52,25.45,23.95
KR,Kroger,Consumer Staples,Food Retail,62.32,73.58,57.2,62.51,64.38,65.32,65.85,67.43,-0.2,11.07,69.22,61.42
LHX,L3Harris,Industrials,Aerospace & Defense,289.97,305.49,190.99,282.69,279.67,281.01,287.61,254.52,0.0,0.48,291.36,270.66
LH,Labcorp,Health Care,Health Care Services,264.71,290.15,210.49,260.62,263.28,263.67,267.43,256.12,0.0,2.32,270.85,256.48
LRCX,Lam Research,Information Technology,Semiconductor Materials & Equipment,168.1,168.26,58.73,164.72,160.87,154.35,151.87,105.62,0.0,1.42,170.49,138.21
LW,Lamb Weston,Consumer Staples,Packaged Foods & Meats,59.63,80.24,47.44,59.21,59.39,58.28,61.21,55.2,0.0,2.72,61.25,55.32
LVS,Las Vegas Sands,Consumer Discretionary,Casinos & Gaming,66.04,69.49,30.23,66.45,67.17,66.29,60.01,48.8,0.2,5.07,69.39,63.18
LDOS,Leidos,Industrials,Diversified Support Services,190.37,199.55,125.82,187.21,188.35,188.71,190.68,165.24,-0.2,1.42,193.07,184.34
LEN,Lennar,Consumer Discretionary,Homebuilding,119.07,153.88,101.41,120.18,125.2,123.22,123.59,117.88,0.0,13.58,135.24,111.2
LII,Lennox International,Industrials,Building Products,514.15,662.88,444.26,507.1,501.58,483.9,501.72,553.35,0.0,2.43,526.64,441.16
LLY,Lilly (Eli),Health Care,Pharmaceuticals,1006.48,1109.94,623.36,998.05,1021.78,1037.66,929.56,811.46,0.2,9.82,1105.32,969.96
LIN,Linde plc,Materials,Industrial Gases,404.0,481.82,389.38,395.2,401.06,406.9,427.65,452.42,-0.2,5.24,425.17,388.64
LYV,Live Nation Entertainment,Communication Services,Movies & Entertainment,141.11,174.06,115.79,139.28,136.32,133.77,143.82,144.68,-0.2,1.11,142.68,124.87
LKQ,LKQ Corporation,Consumer Discretionary,Distributors,31.08,42.58,28.17,29.56,29.43,29.55,29.89,34.74,0.2,-0.51,30.92,28.18
LMT,Lockheed Martin,Industrials,Aerospace & Defense,476.65,510.37,404.69,465.81,455.96,457.42,474.52,458.18,0.0,0.29,478.03,436.84
L,Loews Corporation,Financials,Multi-line Insurance,104.82,108.26,80.73,102.84,104.5,105.13,102.54,93.52,0.2,3.84,108.85,101.43
LOW,Lowe's,Consumer Discretionary,Home Improvement Retail,248.51,271.68,208.44,246.13,245.58,237.97,238.48,233.87,0.0,2.89,255.69,220.25
LULU,Lululemon Athletica,Consumer Discretionary,"Apparel, Accessories & Luxury Goods",186.02,421.16,159.87,185.79,184.39,177.02,173.79,231.89,-0.1,4.37,194.15,159.9
LYB,LyondellBasell,Materials,Specialty Chemicals,45.11,71.62,41.19,43.75,45.13,44.39,44.68,53.36,0.0,7.4,48.45,40.32
MTB,M&T Bank,Financials,Regional Banks,206.6,206.6,153.05,199.97,196.1,190.31,186.14,183.17,0.2,-0.74,205.07,175.54
MPC,Marathon Petroleum,Energy,Oil & Gas Refining & Marketing,187.54,199.13,116.64,189.95,191.19,192.2,190.58,166.57,0.2,5.88,198.57,185.84
MAR,Marriott International,Consumer Discretionary,"Hotels, Resorts & Cruise Lines",296.41,306.65,209.55,289.52,296.31,293.31,279.23,262.77,0.0,4.9,310.93,275.7
MMC,Marsh McLennan,Financials,Insurance Brokers,183.62,242.13,176.58,181.85,182.71,181.81,186.75,209.29,0.2,0.99,185.44,178.19
MLM,Martin Marietta Materials,Materials,Construction Materials,633.86,655.98,450.65,623.17,619.62,610.59,618.54,565.94,-0.2,0.25,635.44,585.72
MAS,Masco,Industrials,Building Products,64.48,80.35,57.89,62.94,63.76,62.5,64.72,66.31,0.0,2.9,66.35,58.64
MA,Mastercard,Financials,Transaction & Payment Processing Services,563.33,598.17,477.88,545.14,546.21,542.79,555.03,558.4,0.2,-0.54,560.29,525.28
MTCH,Match Group,Communication Services,Interactive Media & Services,33.28,38.56,26.72,33.95,33.8,33.01,32.88,32.44,0.2,5.02,34.95,31.06
MKC,McCormick & Company,Consumer Staples,Packaged Foods & Meats,66.2,83.15,63.3,64.18,64.78,65.63,65.78,71.18,-0.2,3.76,68.69,62.57
MCD,McDonald's,Consumer Discretionary,Restaurants,309.7,315.78,273.36,310.41,308.25,306.62,303.0,302.53,0.0,1.27,313.63,299.59
MCK,McKesson Corporation,Health Care,Health Care Distributors,812.52,888.45,560.41,805.44,821.36,841.05,815.36,725.67,0.0,10.62,898.81,783.34
MDT,Medtronic,Health Care,Health Care Equipment,99.84,105.35,77.44,100.57,101.75,101.05,97.05,90.13,0.2,6.63,106.46,95.65
MRK,Merck & Co.,Health Care,Pharmaceuticals,98.91,105.66,72.03,98.41,100.29,98.83,91.54,84.07,0.2,7.69,106.52,91.13
META,Meta Platforms,Communication Services,Interactive Media & Services,651.05,789.47,483.96,659.67,653.54,630.55,669.09,670.65,0.2,5.02,683.73,577.37
MET,MetLife,Financials,Life & Health Insurance,82.24,84.55,66.92,79.32,78.13,77.07,78.3,77.64,0.0,-1.43,81.06,73.08
MTD,Mettler Toledo,Health Care,Life Sciences Tools & Services,1413.12,1506.02,970.15,1397.32,1423.63,1427.79,1396.29,1244.42,0.0,6.27,1501.72,1353.86
MGM,MGM Resorts,Consumer Discretionary,Casinos & Gaming,37.42,40.37,25.79,36.38,35.89,34.13,33.11,33.71,-0.1,2.08,38.2,30.07
MCHP,Microchip Technology,Information Technology,Semiconductors,68.9,74.07,34.52,67.36,62.89,57.14,60.29,59.58,-0.2,3.53,71.33,42.95
MU,Micron Technology,Information Technology,Semiconductors,259.14,263.71,64.62,251.88,243.67,235.21,221.1,136.81,0.0,2.27,265.02,205.4
MSFT,Microsoft,Information Technology,Systems Software,483.47,541.06,352.67,485.65,485.55,486.99,504.74,470.02,-0.2,4.88,507.06,466.94
MAA,Mid-America Apartment Communities,Real Estate,Multi-Family Residential REITs,133.08,165.69,126.28,131.63,133.21,132.62,132.08,145.04,-0.1,2.69,136.66,128.58
MRNA,Moderna,Health Care,Biotechnology,29.52,47.53,22.36,28.49,26.73,25.55,26.09,27.55,0.0,-0.75,29.3,21.79
MHK,Mohawk Industries,Consumer Discretionary,Home Furnishings,112.69,139.75,97.99,110.07,112.34,110.2,115.87,114.8,-0.2,5.15,118.49,101.92
MOH,Molina Healthcare,Health Care,Managed Health Care,167.79,353.24,134.51,158.51,153.15,147.0,163.53,234.37,0.2,-2.41,163.75,130.26
TAP,Molson Coors Beverage Company,Consumer Staples,Brewers,47.27,61.12,42.77,46.22,46.04,45.86,45.46,50.45,0.1,-0.28,47.14,44.57
MDLZ,Mondelez International,Consumer Staples,Packaged Foods & Meats,53.74,70.19,53.74,54.28,55.32,55.86,58.3,63.14,-0.2,7.93,58.0,53.72
MPWR,Monolithic Power Systems,Information Technology,Semiconductors,979.41,1105.05,453.43,973.65,958.77,926.34,969.94,771.33,-0.2,2.56,1004.48,848.2
MNST,Monster Beverage,Consumer Staples,Soft Drinks & Non-alcoholic Beverages,72.38,75.95,46.16,73.5,74.04,73.36,70.52,63.33,0.2,4.97,75.98,70.74
MCO,Moody's Corporation,Financials,Financial Exchanges & Data,485.54,523.49,394.44,487.11,488.29,483.42,482.73,480.08,-0.2,2.63,498.31,468.53
MS,Morgan Stanley,Financials,Investment Banking & Brokerage,181.32,181.32,97.76,178.64,174.9,168.66,163.65,139.56,0.0,1.08,183.28,154.03
MOS,Mosaic Company (The),Materials,Fertilizers & Agricultural Chemicals,25.31,37.21,22.27,24.02,24.14,24.23,27.26,30.5,0.2,0.59,25.46,23.0
MSI,Motorola Solutions,Information Technology,Communications Equipment,366.9,489.19,366.9,370.95,372.25,372.54,408.04,425.89,0.2,3.87,381.1,363.99
MSCI,MSCI Inc.,Financials,Financial Exchanges & Data,549.1,628.02,501.79,539.93,545.67,553.61,557.48,556.74,-0.4,4.69,574.85,532.35
NDAQ,"Nasdaq, Inc.",Financials,Financial Exchanges & Data,93.85,96.38,65.81,91.3,90.26,88.7,88.11,85.18,0.2,-0.86,93.04,84.35
NTAP,NetApp,Information Technology,"Technology Hardware, Storage & Peripherals",119.29,125.81,75.4,118.16,116.11,111.99,114.94,104.7,0.0,1.84,121.48,102.49
NFLX,Netflix,Communication Services,Movies & Entertainment,93.95,133.91,82.84,96.08,101.36,105.11,111.19,113.34,0.0,25.07,117.5,92.71
NEM,Newmont,Materials,Gold,99.57,99.57,36.38,93.36,92.02,89.28,87.38,66.05,0.2,-2.51,97.07,81.48
NWSA,News Corp (Class A),Communication Services,Publishing,26.17,31.03,23.89,26.0,25.78,25.63,26.19,27.78,0.2,0.92,26.41,24.86
NWS,News Corp (Class B),Communication Services,Publishing,29.69,35.06,27.33,29.51,29.31,29.13,29.78,31.74,0.0,1.01,29.99,28.28
NEE,NextEra Energy,Utilities,Multi-Utilities,81.33,86.29,62.68,81.18,82.98,83.56,83.1,73.4,0.2,6.84,86.89,80.23
NKE,"Nike, Inc.",Consumer Discretionary,"Apparel, Accessories & Luxury Goods",67.51,79.84,52.31,65.21,65.19,64.02,65.32,66.82,0.0,-0.15,67.41,60.62
NI,NiSource,Utilities,Multi-Utilities,41.67,44.13,34.46,41.55,42.09,42.56,42.88,40.49,0.0,5.93,44.14,40.97
NDSN,Nordson Corporation,Industrials,Industrial Machinery & Supplies & Components,233.04,249.15,166.29,235.24,236.24,233.94,233.61,214.76,0.0,3.77,241.83,226.05
NSC,Norfolk Southern,Industrials,Rail Transportation,293.57,298.97,203.11,292.91,292.74,288.38,287.36,260.63,0.2,1.7,298.56,278.2
NTRS,Northern Trust,Financials,Asset Management & Custody Banks,139.77,139.77,82.84,135.49,133.16,129.83,128.58,116.1,0.0,-0.91,138.5,121.17
NOC,Northrop Grumman,Industrials,Aerospace & Defense,560.96,635.37,426.05,553.89,553.82,558.12,579.77,534.33,0.2,1.98,572.07,544.2
NCLH,Norwegian Cruise Line Holdings,Consumer Discretionary,"Hotels, Resorts & Cruise Lines",20.52,29.07,15.5,19.3,18.96,18.49,20.73,20.94,0.4,-3.31,19.84,17.14
NRG,NRG Energy,Utilities,Independent Power Producers & Energy Traders,170.04,178.04,82.84,166.41,166.74,165.8,167.16,143.88,-0.2,0.91,171.59,160.03
NUE,Nucor,Materials,Steel,166.68,166.68,102.37,161.58,161.64,156.22,147.24,133.24,0.0,1.46,169.11,143.33
NVDA,Nvidia,Information Technology,Semiconductors,180.33,207.03,94.29,183.41,181.84,182.5,187.1,155.78,0.2,4.92,189.2,175.79
NVR,"NVR, Inc.",Consumer Discretionary,Homebuilding,7510.5,8857.62,6700.0,7461.92,7513.42,7396.05,7477.21,7513.14,-0.2,2.9,7728.3,7063.68
NXPI,NXP Semiconductors,Information Technology,Semiconductors,231.39,241.33,151.41,228.83,220.29,205.69,210.58,208.37,-0.2,3.98,240.6,170.77
ORLY,O’Reilly Automotive,Consumer Discretionary,Automotive Retail,93.85,107.82,78.66,95.75,97.96,98.73,98.93,96.07,-0.4,10.11,103.34,94.13
OXY,Occidental Petroleum,Energy,Oil & Gas Exploration & Production,41.1,51.56,35.51,41.49,41.77,41.63,41.76,43.12,0.2,3.67,42.61,40.65
ODFL,Old Dominion,Industrials,Cargo Ground Transportation,158.63,207.79,126.04,154.33,149.17,140.35,139.32,152.91,0.1,1.78,161.45,119.26
OMC,Omnicom Group,Communication Services,Advertising,80.24,89.28,68.6,75.5,73.48,73.21,75.33,74.93,0.0,-3.19,77.68,68.74
ON,ON Semiconductor,Information Technology,Semiconductors,55.8,67.97,31.95,55.45,54.13,50.55,50.45,48.24,0.2,5.18,58.69,42.42
OKE,Oneok,Energy,Oil & Gas Storage & Transportation,73.57,104.36,64.31,74.72,74.42,72.24,69.81,77.52,0.1,4.7,77.03,67.45
ORCL,Oracle Corporation,Information Technology,Application Software,199.82,327.76,122.35,216.5,210.85,211.33,249.14,212.29,0.0,15.45,230.69,191.96
OTIS,Otis Worldwide,Industrials,Industrial Machinery & Supplies & Components,87.5,102.87,84.13,87.0,87.31,87.66,89.56,92.78,0.0,2.4,89.6,85.73
PCAR,Paccar,Industrials,Construction Machinery & Heavy Transportation Equipment,112.6,113.48,85.53,111.01,108.74,104.0,100.0,96.88,0.0,2.74,115.69,92.32
PKG,Packaging Corporation of America,Materials,Paper & Plastic Packaging Products & Materials,205.26,237.61,173.82,199.31,199.1,198.3,202.49,198.03,0.0,0.33,205.94,190.66
PLTR,Palantir Technologies,Information Technology,Application Software,187.03,207.18,64.98,184.01,178.07,171.65,179.52,143.92,-0.2,1.57,189.97,153.33
PANW,Palo Alto Networks,Information Technology,Systems Software,190.81,221.38,152.44,194.59,193.0,193.37,205.47,192.13,-0.2,8.56,207.14,179.59
PSKY,Paramount Skydance Corporation,Communication Services,Movies & Entertainment,14.27,19.73,10.05,14.31,14.86,15.25,16.1,13.72,0.0,16.54,16.63,13.87
PH,Parker Hannifin,Industrials,Industrial Machinery & Supplies & Components,898.36,898.36,513.45,882.04,872.98,853.76,802.53,705.95,0.0,0.3,901.06,806.49
PAYX,Paychex,Industrials,Human Resource & Employment Services,114.51,157.06,108.46,112.93,112.28,111.5,116.99,136.19,0.4,-0.2,114.28,108.72
PAYC,Paycom,Industrials,Human Resource & Employment Services,166.93,264.67,159.21,164.62,163.87,162.99,180.25,215.73,0.2,0.27,167.38,158.59
PYPL,PayPal,Financials,Transaction & Payment Processing Services,61.74,91.6,57.28,61.41,61.82,61.54,66.08,68.45,0.0,4.1,64.27,58.81
PNR,Pentair,Industrials,Industrial Machinery & Supplies & Components,105.85,112.34,75.59,104.29,104.83,104.42,107.13,100.32,0.0,1.65,107.6,101.23
PEP,PepsiCo,Consumer Staples,Soft Drinks & Non-alcoholic Beverages,149.12,153.7,124.61,146.82,146.88,146.06,145.73,139.45,0.0,0.13,149.31,142.8
PFE,Pfizer,Health Care,Pharmaceuticals,25.75,26.9,20.47,25.73,25.61,25.42,24.94,23.85,0.0,1.79,26.21,24.63
PCG,PG&E Corporation,Utilities,Multi-Utilities,14.81,20.3,12.98,14.99,15.28,15.67,16.04,15.68,-0.2,12.9,16.72,14.61
PM,Philip Morris International,Consumer Staples,Tobacco,150.92,181.86,114.18,149.43,151.57,153.32,153.61,162.16,0.0,5.73,159.57,147.06
PSX,Phillips 66,Energy,Oil & Gas Refining & Marketing,143.8,143.81,90.32,141.18,139.95,137.82,134.75,122.76,0.2,0.34,144.29,131.36
PNW,Pinnacle West Capital,Utilities,Multi-Utilities,86.51,92.82,78.54,87.11,88.1,88.67,89.51,89.26,0.0,5.14,90.96,86.39
PNC,PNC Financial Services,Financials,Diversified Banks,211.81,211.81,145.61,203.29,198.79,192.07,187.92,181.83,0.2,-1.16,209.35,174.8
POOL,Pool Corporation,Consumer Discretionary,Distributors,240.96,369.6,230.21,238.26,241.09,240.31,265.26,298.09,-0.2,3.27,248.84,231.79
PPG,PPG Industries,Materials,Specialty Chemicals,102.8,122.19,89.82,100.81,100.62,98.82,99.19,106.12,-0.2,0.69,103.51,94.13
PPL,PPL Corporation,Utilities,Electric Utilities,33.38,37.66,30.6,33.48,34.29,35.17,36.12,35.0,0.0,12.46,37.54,32.79
PFG,Principal Financial Group,Financials,Life & Health Insurance,91.68,91.68,67.57,88.9,86.76,84.78,82.48,78.83,0.2,-1.32,90.47,79.1
PG,Procter & Gamble,Consumer Staples,Personal Care Products,140.57,172.77,138.34,140.36,143.53,145.68,147.77,156.31,0.0,8.45,152.45,138.91
PGR,Progressive Corporation,Financials,Property & Casualty Insurance,230.24,290.89,203.7,225.09,226.51,226.01,224.61,253.21,-0.1,0.1,230.47,221.56
PLD,Prologis,Real Estate,Industrial REITs,131.08,131.08,88.13,128.58,128.66,126.71,123.84,111.39,0.2,0.52,131.76,121.65
PRU,Prudential Financial,Financials,Life & Health Insurance,117.37,117.37,91.53,113.36,111.1,108.3,104.4,102.98,0.2,-1.3,115.84,100.75
PEG,Public Service Enterprise Group,Utilities,Electric Utilities,79.06,88.72,75.32,78.7,79.74,80.58,81.26,80.75,-0.2,5.36,83.3,77.86
PTC,PTC Inc.,Information Technology,Application Software,177.82,216.53,136.74,174.92,175.72,174.51,188.05,181.58,-0.2,0.92,179.46,169.57
PSA,Public Storage,Real Estate,Self-Storage REITs,274.15,315.23,260.94,269.62,272.18,271.45,283.83,287.34,-0.2,1.62,278.59,264.3
PHM,PulteGroup,Consumer Discretionary,Homebuilding,127.5,141.19,91.67,126.06,126.95,122.73,122.89,114.15,0.0,4.95,133.81,111.66
PWR,Quanta Services,Industrials,Construction & Engineering,467.08,467.08,236.5,462.2,460.37,449.23,442.18,366.04,0.0,2.14,477.08,421.38
QCOM,Qualcomm,Information Technology,Semiconductors,180.72,186.73,122.59,177.81,174.18,169.81,169.85,156.21,0.0,0.97,182.47,157.14
DGX,Quest Diagnostics,Health Care,Health Care Services,181.93,192.35,148.06,181.08,182.77,185.56,183.34,175.9,0.2,6.08,192.99,178.13
Q,Qnity Electronics,Information Technology,Semiconductor Materials & Equipment,84.97,,,84.52,82.48,80.76,,,-0.1,3.53,87.97,73.54
RL,Ralph Lauren Corporation,Consumer Discretionary,"Apparel, Accessories & Luxury Goods",367.05,371.22,181.18,361.03,360.94,350.47,335.32,283.23,0.0,4.01,381.77,319.16
RJF,Raymond James Financial,Financials,Investment Banking & Brokerage,164.1,175.92,122.89,164.66,161.27,158.46,160.91,154.43,0.0,1.96,167.32,149.6
RTX,RTX Corporation,Industrials,Aerospace & Defense,178.29,178.73,112.01,173.51,171.91,172.48,171.08,148.74,0.2,-0.48,177.43,167.51
O,Realty Income,Real Estate,Retail REITs,56.67,60.07,48.92,57.55,57.52,57.0,57.81,56.26,0.0,3.0,58.37,55.64
REG,Regency Centers,Real Estate,Retail REITs,67.86,75.5,64.21,67.88,69.05,69.57,70.44,70.63,0.0,6.13,72.02,67.12
REGN,Regeneron Pharmaceuticals,Health Care,Biotechnology,744.2,787.32,481.73,716.92,730.34,732.31,657.35,597.64,0.0,6.4,791.83,672.79
RF,Regions Financial Corporation,Financials,Regional Banks,27.93,27.93,17.76,26.88,26.29,25.38,24.8,23.32,0.2,-1.04,27.64,23.12
RSG,Republic Services,Industrials,Environmental & Facilities Services,211.49,256.75,198.59,211.27,213.06,213.74,215.4,232.91,0.0,4.56,221.13,206.34
RMD,ResMed,Health Care,Health Care Equipment,252.13,293.03,203.19,251.35,251.48,250.16,257.68,252.16,-0.2,2.3,257.93,242.39
RVTY,Revvity,Health Care,Health Care Equipment,103.54,126.56,82.44,101.28,102.18,99.37,95.72,95.26,-0.2,5.09,108.81,89.93
HOOD,Robinhood Markets,Financials,Investment Banking & Brokerage,122.69,152.46,34.17,132.49,131.08,123.78,132.96,92.16,0.0,16.12,142.47,105.09
ROK,Rockwell Automation,Industrials,Electrical Components & Equipment,414.37,414.37,216.41,406.34,401.3,389.64,370.15,322.02,0.0,0.9,418.1,361.17
ROL,"Rollins, Inc.",Industrials,Environmental & Facilities Services,59.41,61.5,45.1,59.63,60.27,59.86,58.24,56.18,0.0,5.02,62.39,57.33
ROP,Roper Technologies,Information Technology,Electronic Equipment & Instruments,445.74,591.12,439.64,444.59,444.76,444.73,466.28,530.36,-0.2,0.87,449.62,439.83
ROST,Ross Stores,Consumer Discretionary,Apparel Retail,182.66,182.66,121.95,179.35,178.13,172.12,162.92,144.51,0.0,3.15,188.41,155.84
RCL,Royal Caribbean Group,Consumer Discretionary,"Hotels, Resorts & Cruise Lines",281.29,364.72,176.89,260.01,262.3,259.51,280.71,276.76,0.4,-2.03,275.58,243.46
SPGI,S&P Global,Financials,Financial Exchanges & Data,496.83,562.06,435.88,493.9,495.17,493.72,488.69,506.9,-0.3,0.98,501.7,485.74
CRM,Salesforce,Information Technology,Application Software,262.18,358.19,225.37,261.5,249.18,240.79,245.29,257.99,0.0,1.9,267.16,214.42
SBAC,SBA Communications,Real Estate,Telecom Tower REITs,192.87,239.71,186.46,190.39,189.91,192.56,192.89,212.68,-0.2,3.19,199.02,186.1
SLB,Schlumberger,Energy,Oil & Gas Equipment & Services,40.4,42.4,31.19,39.07,37.93,36.81,35.51,35.16,0.2,-1.21,39.91,33.71
STX,Seagate Technology,Information Technology,"Technology Hardware, Storage & Peripherals",307.49,307.49,65.98,290.69,279.14,267.61,253.05,161.02,0.2,-1.96,301.46,233.75
SRE,Sempra,Utilities,Multi-Utilities,88.95,94.72,62.78,89.03,90.31,91.28,91.84,79.7,-0.2,6.57,94.79,87.76
NOW,ServiceNow,Information Technology,Systems Software,866.6,1170.39,721.65,856.59,841.36,832.08,876.9,912.73,0.0,0.44,870.41,793.75
SHW,Sherwin-Williams,Materials,Specialty Chemicals,328.88,374.36,311.42,327.31,333.38,333.68,336.18,344.75,0.0,5.55,347.13,320.22
SPG,Simon Property Group,Real Estate,Retail REITs,182.08,185.39,135.26,180.16,180.89,180.63,178.47,165.71,-0.2,1.16,184.19,177.06
SWKS,Skyworks Solutions,Information Technology,Semiconductors,68.08,90.17,47.71,68.79,68.24,65.9,70.51,69.16,0.0,5.16,71.59,60.21
SJM,J.M. Smucker Company (The),Consumer Staples,Packaged Foods & Meats,101.0,115.07,92.55,100.17,100.91,103.12,103.62,106.47,0.0,8.14,109.22,97.03
SW,Smurfit Westrock,Materials,Paper & Plastic Packaging Products & Materials,38.08,54.52,32.79,36.53,36.1,35.14,38.02,42.39,0.4,-0.84,37.76,32.53
SNA,Snap-on,Industrials,Industrial Machinery & Supplies & Components,351.9,351.9,286.43,347.58,344.75,338.44,338.08,324.33,0.0,0.62,354.08,322.8
SOLS,Solstice Advanced Materials,Materials,Specialty Chemicals,50.35,,,48.13,47.72,45.93,,,-0.1,0.52,50.61,41.24
SOLV,Solventum,Health Care,Health Care Technology,82.75,85.77,63.01,82.56,83.97,81.89,75.59,73.44,0.2,7.93,89.31,74.47
SO,Southern Company,Utilities,Electric Utilities,84.36,98.91,78.34,85.15,87.03,88.37,91.97,90.34,0.0,9.73,92.57,84.18
LUV,Southwest Airlines,Industrials,Passenger Airlines,40.58,40.58,23.77,38.87,37.09,34.96,33.3,31.77,0.2,-0.69,40.3,29.61
SWK,Stanley Black & Decker,Industrials,Industrial Machinery & Supplies & Components,76.32,86.37,53.89,73.78,72.61,68.92,68.71,69.02,-0.1,2.14,77.95,59.89
SBUX,Starbucks,Consumer Discretionary,Restaurants,83.85,113.43,77.9,83.93,85.07,84.79,83.63,87.72,-0.1,4.54,87.66,81.92
STT,State Street Corporation,Financials,Asset Management & Custody Banks,129.39,129.39,74.25,126.43,123.11,119.14,117.32,103.79,0.0,-0.21,129.12,109.16
STLD,Steel Dynamics,Materials,Steel,172.74,172.74,108.4,168.15,168.34,163.1,155.49,135.08,0.2,1.77,175.8,150.41
STE,Steris,Health Care,Health Care Equipment,253.65,267.99,200.94,258.89,260.33,260.45,250.58,237.95,0.0,5.7,268.11,252.79
SYK,Stryker Corporation,Health Care,Health Care Equipment,353.22,402.61,335.89,354.77,361.44,364.01,367.08,375.33,0.0,7.19,378.62,349.41
SMCI,Supermicro,Information Technology,"Technology Hardware, Storage & Peripherals",33.96,60.71,26.85,34.79,34.2,33.93,43.7,42.91,-0.2,6.77,36.26,31.6
SYF,Synchrony Financial,Financials,Consumer Finance,85.78,85.78,43.2,82.3,80.53,77.06,74.33,65.34,0.2,-0.47,85.38,68.74
SNPS,Synopsys,Information Technology,Application Software,478.79,645.35,380.9,470.6,458.88,426.14,437.29,488.3,-0.2,3.85,497.22,355.07
SYY,Sysco,Consumer Staples,Food Distributors,74.21,82.73,67.09,73.24,73.95,74.73,76.32,75.44,-0.2,3.99,77.17,72.3
TMUS,T-Mobile US,Communication Services,Wireless Telecommunication Services,195.26,269.54,195.26,201.2,204.83,207.53,214.07,236.22,-0.2,11.63,217.97,197.1
TROW,T. Rowe Price,Financials,Asset Management & Custody Banks,105.06,117.05,78.24,105.02,104.24,102.07,103.04,98.12,-0.2,2.67,107.87,96.27
TTWO,Take-Two Interactive,Communication Services,Interactive Home Entertainment,242.4,262.29,178.61,246.46,246.7,242.41,249.21,233.19,0.2,4.13,252.41,232.39
TPR,"Tapestry, Inc.",Consumer Discretionary,"Apparel, Accessories & Luxury Goods",122.63,122.63,59.9,118.43,114.78,109.36,110.66,93.25,0.0,-0.15,122.45,96.29
TRGP,Targa Resources,Energy,Oil & Gas Storage & Transportation,185.26,212.51,145.33,182.45,179.18,174.87,164.39,167.95,-0.1,0.1,185.45,164.31
TGT,Target Corporation,Consumer Staples,Consumer Staples Merchandise Retail,96.84,136.48,83.68,94.07,92.53,90.06,90.18,95.09,0.2,-0.34,96.51,83.6
TEL,TE Connectivity,Information Technology,Electronic Manufacturing Services,245.37,249.0,121.04,238.81,233.97,230.64,231.88,186.68,-0.2,0.35,246.23,215.05
TDY,Teledyne Technologies,Information Technology,Electronic Equipment & Instruments,524.78,593.62,435.54,517.99,509.97,503.56,529.44,517.22,0.2,0.05,525.04,482.05
TER,Teradyne,Information Technology,Semiconductor Materials & Equipment,202.92,204.01,67.74,202.13,195.58,181.09,166.04,112.64,0.2,5.26,213.59,148.57
TSLA,"Tesla, Inc.",Consumer Discretionary,Automobile Manufacturers,445.02,479.86,221.86,447.25,442.7,424.88,435.09,345.19,-0.2,4.67,465.8,383.95
TXN,Texas Instruments,Information Technology,Semiconductors,180.99,217.72,142.07,181.13,178.01,168.61,169.01,179.68,0.0,4.65,189.41,147.8
TPL,Texas Pacific Land Corporation,Energy,Oil & Gas Exploration & Production,889.31,1423.41,851.79,898.37,890.74,903.47,925.15,1069.57,0.0,11.11,988.11,818.83
TXT,Textron,Industrials,Aerospace & Defense,86.68,87.34,60.69,84.71,83.8,82.45,82.34,77.95,0.2,-0.6,86.16,78.75
TMO,Thermo Fisher Scientific,Health Care,Life Sciences Tools & Services,577.8,605.06,389.91,571.13,576.77,579.04,563.71,481.24,-0.2,3.24,596.52,561.56
TJX,TJX Companies,Consumer Discretionary,Apparel Retail,155.67,155.67,111.77,153.33,152.29,150.0,145.43,131.86,0.0,0.36,156.23,143.76
TKO,TKO Group Holdings,Communication Services,Movies & Entertainment,202.93,205.33,138.12,200.6,198.13,191.24,189.37,173.09,0.2,2.22,207.44,175.05
TTD,Trade Desk (The),Communication Services,Advertising,36.97,135.02,36.97,39.0,39.2,39.65,46.01,58.78,0.0,13.69,42.03,37.26
TSCO,Tractor Supply,Consumer Discretionary,Other Specialty Retail,51.7,62.38,47.42,52.87,53.44,53.59,54.2,54.35,0.0,7.76,55.71,51.47
TT,Trane Technologies,Industrials,Building Products,403.72,471.46,313.81,400.11,405.78,408.85,419.22,404.83,0.0,4.84,423.26,394.46
TDG,TransDigm Group,Industrials,Aerospace & Defense,1313.69,1516.55,1152.5,1325.73,1338.48,1339.84,1314.47,1325.44,-0.1,4.32,1370.44,1309.29
TRV,Travelers Companies (The),Financials,Property & Casualty Insurance,283.06,293.36,228.7,279.6,283.14,285.42,277.9,266.15,0.2,4.06,294.55,276.3
TRMB,Trimble Inc.,Information Technology,Electronic Equipment & Instruments,83.24,85.24,55.12,82.48,82.24,79.84,79.58,75.16,0.0,2.85,85.61,74.06
TFC,Truist Financial,Financials,Diversified Banks,49.9,49.9,33.53,48.52,47.71,46.38,44.72,42.02,0.2,-0.46,49.67,43.1
TYL,Tyler Technologies,Information Technology,Application Software,453.14,646.74,453.04,458.36,461.7,463.73,480.97,545.0,0.0,4.89,475.3,452.16
TSN,Tyson Foods,Consumer Staples,Packaged Foods & Meats,59.49,62.13,50.27,57.24,57.23,55.71,53.58,55.3,0.1,0.81,59.97,51.45
USB,U.S. Bancorp,Financials,Diversified Banks,53.78,53.78,35.62,52.32,51.2,49.23,47.93,44.78,0.0,0.35,53.97,44.48
UBER,Uber,Industrials,Passenger Ground Transportation,85.64,100.1,59.93,88.55,88.61,88.11,92.21,87.47,0.0,10.42,94.56,81.67
UDR,"UDR, Inc.",Real Estate,Multi-Family Residential REITs,35.62,44.54,33.56,35.17,35.56,35.32,35.33,38.79,-0.4,2.75,36.6,34.04
ULTA,Ulta Beauty,Consumer Discretionary,Other Specialty Retail,594.27,602.97,314.47,597.74,570.17,543.1,536.32,469.65,0.2,3.11,612.75,473.43
UNP,Union Pacific Corporation,Industrials,Rail Transportation,235.57,248.49,204.53,234.67,233.45,228.03,225.13,223.61,0.2,2.02,240.33,215.74
UAL,United Airlines Holdings,Industrials,Passenger Airlines,107.84,110.52,56.15,106.15,105.14,99.76,98.33,87.72,0.0,4.03,112.19,87.33
UPS,United Parcel Service,Industrials,Air Freight & Logistics,100.43,127.5,81.17,97.49,96.7,95.22,90.92,93.2,0.3,-0.77,99.66,90.78
URI,United Rentals,Industrials,Trading Companies & Distributors,835.14,1017.86,548.35,804.12,806.32,807.29,878.94,786.47,-0.2,0.7,840.99,773.61
UNH,UnitedHealth Group,Health Care,Managed Health Care,336.61,587.56,234.7,328.18,328.06,323.17,338.61,354.06,0.0,0.78,339.24,307.1
UHS,Universal Health Services,Health Care,Health Care Facilities,223.79,243.98,154.65,225.84,231.15,231.38,220.24,189.67,-0.2,9.51,245.07,217.68
VLO,Valero Energy,Energy,Oil & Gas Refining & Marketing,171.71,184.27,102.32,174.15,175.86,176.09,170.03,143.12,0.0,6.27,182.48,169.72
VTR,Ventas,Real Estate,Health Care REITs,77.1,81.0,55.68,79.29,79.8,79.47,74.62,67.98,-0.4,5.98,81.71,77.23
VLTO,Veralto,Industrials,Environmental & Facilities Services,98.79,109.64,85.14,99.35,100.58,99.85,101.12,100.63,-0.2,5.03,103.76,95.94
VRSN,Verisign,Information Technology,Internet Services & Infrastructure,244.56,304.16,189.78,245.99,248.52,249.53,252.05,264.32,-0.2,4.8,256.3,242.77
VRSK,Verisk Analytics,Industrials,Research & Consulting Services,216.37,320.32,208.0,217.42,220.76,220.99,226.68,272.87,-0.2,5.24,227.71,214.27
VZ,Verizon,Communication Services,Integrated Telecommunication Services,40.24,44.3,36.0,40.66,40.77,40.86,40.43,41.7,0.1,3.83,41.78,39.94
VRTX,Vertex Pharmaceuticals,Health Care,Biotechnology,446.04,513.76,366.54,445.04,443.81,436.77,425.07,442.05,-0.1,3.03,459.56,413.98
VTRS,Viatris,Health Care,Pharmaceuticals,11.59,12.2,7.0,11.28,11.01,10.76,10.4,9.27,0.2,-0.78,11.5,10.01
VICI,Vici Properties,Real Estate,Hotel & Resort REITs,28.06,33.46,27.08,27.85,28.14,28.75,30.04,31.29,-0.2,8.27,30.38,27.12
V,Visa Inc.,Financials,Transaction & Payment Processing Services,346.35,371.92,304.76,331.33,330.78,329.72,337.68,343.46,0.4,-1.69,340.5,318.93
VST,Vistra Corp.,Utilities,Electric Utilities,174.48,217.92,97.84,167.55,171.05,172.52,186.45,170.92,-0.2,3.65,180.85,164.21
VMC,Vulcan Materials Company,Materials,Construction Materials,300.1,308.54,219.27,295.71,294.37,290.17,293.43,271.72,-0.2,0.53,301.69,278.64
WRB,W. R. Berkley Corporation,Financials,Property & Casualty Insurance,69.25,78.46,56.11,67.42,70.31,73.84,74.65,71.11,-0.2,19.02,82.42,65.27
GWW,W. W. Grainger,Industrials,Industrial Machinery & Supplies & Components,1030.93,1147.24,913.57,983.96,971.45,951.7,955.17,996.73,0.0,-2.42,1005.98,897.45
WAB,Wabtec,Industrials,Construction Machinery & Heavy Transportation Equipment,218.01,218.01,159.62,214.07,212.34,206.85,202.6,194.93,0.2,0.85,219.86,193.84
WMT,Walmart,Consumer Staples,Consumer Staples Merchandise Retail,115.62,115.62,81.4,114.51,113.62,108.94,105.87,98.4,0.2,3.17,119.29,98.6
DIS,Walt Disney Company (The),Communication Services,Movies & Entertainment,111.17,124.01,81.37,107.99,106.72,105.65,109.43,109.44,0.4,-1.15,109.89,101.41
WBD,Warner Bros. Discovery,Communication Services,Broadcasting,29.47,29.53,7.69,28.11,26.21,24.63,22.04,14.09,0.2,-1.43,29.05,20.21
WM,Waste Management,Industrials,Environmental & Facilities Services,211.73,239.43,196.01,210.8,212.85,212.39,210.61,222.37,-0.1,3.63,219.42,205.36
WAT,Waters Corporation,Health Care,Life Sciences Tools & Services,391.92,417.28,277.72,392.29,395.53,391.83,365.22,339.07,0.2,5.34,412.85,370.82
WEC,WEC Energy Group,Utilities,Electric Utilities,103.28,116.56,89.09,104.41,106.51,108.84,111.58,106.99,0.0,11.19,114.84,102.85
WFC,Wells Fargo,Financials,Diversified Banks,93.0,93.0,59.98,90.49,88.96,86.58,84.96,77.62,0.0,-0.55,92.49,80.67
WELL,Welltower,Real Estate,Health Care REITs,184.76,208.22,121.65,195.36,199.79,199.3,186.26,162.62,-0.4,14.09,210.79,187.81
WST,West Pharmaceutical Services,Health Care,Health Care Supplies,271.73,346.74,189.89,270.81,274.46,270.69,273.61,239.75,0.0,5.48,286.62,254.77
WDC,Western Digital,Information Technology,"Technology Hardware, Storage & Peripherals",188.46,188.46,30.42,175.72,168.16,160.4,145.61,82.88,0.2,-2.66,183.45,137.37
WY,Weyerhaeuser,Real Estate,Timber REITs,23.22,30.38,21.15,22.47,22.18,21.89,22.79,25.15,0.4,-1.03,22.98,20.8
WSM,"Williams-Sonoma, Inc.",Consumer Discretionary,Homefurnishing Retail,189.94,215.07,135.95,183.27,181.18,180.11,187.21,176.77,0.2,-0.76,188.5,171.71
WMB,Williams Companies,Energy,Oil & Gas Storage & Transportation,60.85,64.48,50.69,61.53,61.54,60.58,60.69,58.68,0.0,3.73,63.12,58.03
WTW,Willis Towers Watson,Financials,Insurance Brokers,324.65,349.93,294.27,320.59,319.7,319.41,325.94,320.15,0.0,0.17,325.2,313.61
WDAY,"Workday, Inc.",Information Technology,Application Software,224.15,278.35,210.47,222.02,218.36,221.5,229.59,236.72,0.0,3.81,232.69,210.31
WYNN,Wynn Resorts,Consumer Discretionary,Casinos & Gaming,124.62,133.09,65.64,125.02,127.69,124.69,123.13,104.27,0.0,7.65,134.15,115.23
XEL,Xcel Energy,Utilities,Multi-Utilities,74.65,82.11,61.84,75.58,77.49,78.94,80.09,72.45,0.0,11.67,83.36,74.51
XYL,Xylem Inc.,Industrials,Industrial Machinery & Supplies & Components,140.29,152.52,101.96,138.61,139.43,140.21,145.0,132.58,-0.2,2.85,144.29,136.12
YUM,Yum! Brands,Consumer Discretionary,Restaurants,148.82,160.2,120.91,144.65,146.77,148.28,146.16,146.54,0.1,3.76,154.42,142.15
ZBRA,Zebra Technologies,Information Technology,Electronic Equipment & Instruments,273.6,421.11,213.54,267.87,261.92,250.37,270.92,288.92,0.0,1.51,277.73,223.03
ZBH,Zimmer Biomet,Health Care,Health Care Equipment,92.36,112.61,87.55,92.95,93.74,92.72,95.84,98.35,0.2,6.16,98.05,87.39
ZTS,Zoetis,Health Care,Pharmaceuticals,117.43,176.49,115.75,117.61,121.09,121.17,131.66,149.39,0.0,9.98,129.15,113.18
