Symbol,Company,GICS_Sector,GICS_Sub_Industry,Current_Price,52_Week_High,52_Week_Low,SMA_5,SMA_10,SMA_20,SMA_50,SMA_100,SMA_125,SMA_200
MMM,3M,Industrials,Industrial Conglomerates,171.6,171.63,120.83,162.58,157.02,156.29,155.6,152.76,151.13,148.14
AOS,A. O. Smith,Industrials,Building Products,69.04,78.71,58.25,69.55,69.06,70.69,71.75,69.74,69.24,67.96
ABT,Abbott Laboratories,Health Care,Health Care Equipment,126.34,139.33,109.21,127.98,129.24,131.12,131.63,131.13,131.16,129.37
ABBV,AbbVie,Health Care,Biotechnology,228.25,243.06,158.28,229.99,228.8,229.33,218.78,203.47,199.64,195.04
ACN,Accenture,Information Technology,IT Consulting & Other Services,249.81,394.41,229.4,246.01,243.25,245.14,246.96,266.68,275.44,297.78
ADBE,Adobe Inc.,Information Technology,Application Software,354.12,557.9,327.5,348.48,341.51,346.21,351.57,363.68,370.4,385.65
AMD,Advanced Micro Devices,Information Technology,Semiconductors,234.99,242.88,76.48,235.38,229.95,208.21,180.95,164.28,152.92,135.28
AES,AES Corporation,Utilities,Independent Power Producers & Energy Traders,14.2,16.4,9.28,14.36,14.43,14.3,13.58,12.76,12.32,11.78
AFL,Aflac,Financials,Life & Health Insurance,107.55,113.9,96.14,108.01,108.93,110.32,108.58,105.25,105.04,105.04
A,Agilent Technologies,Health Care,Life Sciences Tools & Services,147.46,152.88,96.03,144.79,141.76,138.63,129.49,123.29,120.58,122.94
APD,Air Products,Materials,Industrial Gases,254.93,334.71,240.55,254.04,256.07,262.46,277.49,280.96,278.62,284.58
ABNB,Airbnb,Consumer Discretionary,"Hotels, Resorts & Cruise Lines",127.35,163.93,99.88,127.31,124.36,122.8,124.3,129.29,129.22,129.28
AKAM,Akamai Technologies,Information Technology,Internet Services & Infrastructure,74.61,105.98,67.51,74.51,74.03,75.35,76.25,77.03,77.4,80.65
ALB,Albemarle Corporation,Materials,Specialty Chemicals,97.36,111.49,48.84,93.77,94.47,91.59,84.81,76.38,72.68,73.31
ARE,Alexandria Real Estate Equities,Real Estate,Office REITs,76.91,113.98,65.12,76.64,75.75,78.26,80.03,76.93,75.45,80.7
ALGN,Align Technology,Health Care,Health Care Supplies,136.0,246.19,122.0,134.64,131.66,130.48,134.31,157.33,161.86,171.76
ALLE,Allegion,Industrials,Building Products,171.22,180.68,116.14,176.33,175.9,176.31,173.93,162.16,157.95,146.72
LNT,Alliant Energy,Utilities,Electric Utilities,68.6,69.16,54.71,68.41,68.2,67.69,66.02,64.17,63.53,62.29
ALL,Allstate,Financials,Property & Casualty Insurance,194.46,215.7,173.88,194.53,198.88,205.05,204.43,201.04,201.17,197.84
GOOGL,Alphabet Inc. (Class A),Communication Services,Interactive Media & Services,253.08,257.33,140.23,253.02,249.37,247.29,235.34,208.88,199.84,190.06
GOOG,Alphabet Inc. (Class C),Communication Services,Interactive Media & Services,253.73,257.88,142.36,253.68,250.03,248.01,235.97,209.69,200.77,191.36
MO,Altria,Consumer Staples,Tobacco,64.57,67.51,45.82,64.44,64.82,65.33,65.32,62.13,61.16,58.06
AMZN,Amazon,Consumer Discretionary,Broadline Retail,221.09,242.52,161.38,218.12,217.35,219.66,225.28,222.72,217.93,214.18
AMCR,Amcor,Materials,Paper & Plastic Packaging Products & Materials,8.23,10.81,7.81,8.16,8.1,8.09,8.27,8.85,8.9,9.15
AEE,Ameren,Utilities,Multi-Utilities,104.33,106.73,82.82,105.17,104.79,104.21,101.63,99.3,98.65,97.37
AEP,American Electric Power,Utilities,Electric Utilities,116.18,120.46,87.57,117.25,117.45,115.76,112.27,108.89,107.7,105.1
AXP,American Express,Financials,Consumer Finance,354.93,357.73,219.32,351.65,338.43,334.48,328.4,316.75,310.45,300.15
AIG,American International Group,Financials,Multi-line Insurance,78.85,87.1,68.15,78.24,79.55,80.22,79.7,80.64,80.91,79.75
AMT,American Tower,Real Estate,Telecom Tower REITs,190.3,232.28,168.28,191.65,189.61,189.6,194.54,205.0,206.39,202.77
AWK,American Water Works,Utilities,Water Utilities,142.58,153.69,116.64,143.94,142.96,140.76,140.73,140.77,141.06,138.31
AMP,Ameriprise Financial,Financials,Asset Management & Custody Banks,478.15,576.69,393.57,474.64,476.99,485.12,494.94,507.47,505.65,505.6
AME,Ametek,Industrials,Electrical Components & Equipment,189.2,197.03,144.53,187.06,185.29,185.12,185.79,182.85,181.25,179.28
AMGN,Amgen,Health Care,Biotechnology,292.89,330.26,247.06,298.43,296.17,293.22,287.78,289.16,286.03,287.25
APH,Amphenol,Information Technology,Electronic Components,135.31,136.52,56.27,128.4,126.32,125.05,118.82,109.35,104.18,90.34
ADI,Analog Devices,Information Technology,Semiconductors,243.29,257.11,157.31,243.82,239.43,240.37,243.69,237.56,231.93,222.09
AON,Aon plc,Financials,Insurance Brokers,341.35,411.24,322.37,343.72,349.15,355.1,361.34,359.53,359.14,367.08
APA,APA Corporation,Energy,Oil & Gas Exploration & Production,24.62,25.51,13.04,22.87,22.7,23.48,22.81,20.83,19.95,19.86
APO,Apollo Global Management,Financials,Asset Management & Custody Banks,123.05,187.59,101.84,124.43,123.9,126.62,132.95,137.29,136.83,139.95
AAPL,Apple Inc.,Information Technology,"Technology Hardware, Storage & Peripherals",259.58,265.29,168.8,259.07,253.28,254.66,243.54,225.87,221.58,222.05
AMAT,Applied Materials,Information Technology,Semiconductor Materials & Equipment,228.47,232.07,123.04,225.63,223.11,218.84,190.34,186.41,180.93,173.24
APTV,Aptiv,Consumer Discretionary,Automotive Parts & Equipment,84.97,88.8,47.19,84.24,83.35,84.71,82.25,75.52,73.2,68.62
ACGL,Arch Capital Group,Financials,Property & Casualty Insurance,87.46,103.39,82.49,87.3,88.93,90.08,90.49,90.09,90.71,91.27
ADM,Archer Daniels Midland,Consumer Staples,Agricultural Products & Services,62.51,64.57,40.22,62.53,62.33,61.61,61.52,57.39,55.48,52.2
ANET,Arista Networks,Information Technology,Communications Equipment,152.76,162.68,59.43,146.97,146.46,147.29,142.89,125.58,118.53,109.29
AJG,Arthur J. Gallagher & Co.,Financials,Insurance Brokers,282.49,349.78,273.89,280.85,288.41,297.84,298.32,304.0,310.04,313.42
AIZ,Assurant,Financials,Multi-line Insurance,211.58,227.13,173.64,210.17,213.0,215.41,213.69,203.75,202.25,202.52
T,AT&T,Communication Services,Integrated Telecommunication Services,24.62,29.47,20.15,25.73,25.85,26.31,27.79,27.61,27.47,26.53
ATO,Atmos Energy,Utilities,Gas Utilities,175.75,179.7,133.63,176.81,176.93,174.27,168.76,161.75,160.66,155.25
ADSK,Autodesk,Information Technology,Application Software,309.84,329.09,232.67,308.03,306.31,312.03,310.23,304.73,301.65,292.77
ADP,Automatic Data Processing,Industrials,Human Resource & Employment Services,281.55,326.59,269.86,282.76,283.36,287.21,293.1,299.37,301.41,299.5
AZO,AutoZone,Consumer Discretionary,Automotive Retail,3850.0,4388.11,2980.1,3970.44,4011.64,4092.53,4142.77,3952.27,3910.71,3757.93
AVB,AvalonBay Communities,Real Estate,Multi-Family Residential REITs,189.04,231.37,177.24,187.91,186.26,188.01,189.79,193.73,195.46,200.27
AVY,Avery Dennison,Materials,Paper & Plastic Packaging Products & Materials,186.28,215.68,155.31,169.71,164.38,163.13,166.47,171.13,171.9,174.32
AXON,Axon Enterprise,Industrials,Aerospace & Defense,716.39,885.92,422.38,695.67,689.32,704.04,733.59,754.21,741.71,680.19
BKR,Baker Hughes,Energy,Oil & Gas Equipment & Services,48.89,50.93,33.21,46.88,45.89,47.37,46.4,43.41,42.06,42.27
BALL,Ball Corporation,Materials,"Metal, Glass & Plastic Containers",49.7,65.34,43.18,49.17,48.32,48.92,50.18,53.26,53.05,52.27
BAC,Bank of America,Financials,Diversified Banks,51.76,52.88,32.69,51.54,50.8,50.82,50.33,48.27,47.07,45.26
BAX,Baxter International,Health Care,Health Care Equipment,22.99,37.27,21.18,22.98,22.75,22.82,23.41,25.8,26.72,28.55
BDX,Becton Dickinson,Health Care,Health Care Equipment,186.53,248.0,161.47,188.75,187.74,188.84,189.84,183.0,181.15,196.78
BBY,Best Buy,Consumer Discretionary,Computer & Electronics Retail,82.43,90.84,53.55,81.44,78.92,77.52,75.15,71.64,70.88,72.44
TECH,Bio-Techne,Health Care,Life Sciences Tools & Services,66.06,80.37,45.87,63.54,61.65,60.14,56.17,54.26,53.22,57.04
BIIB,Biogen,Health Care,Biotechnology,150.08,187.58,110.04,146.73,145.61,147.42,142.86,136.44,133.98,135.15
BLK,BlackRock,Financials,Asset Management & Custody Banks,1125.0,1219.94,766.05,1141.17,1156.15,1159.98,1138.59,1098.32,1067.5,1020.65
BX,Blackstone Inc.,Financials,Asset Management & Custody Banks,154.98,196.67,114.16,158.98,159.27,163.65,170.57,163.58,158.61,156.03
XYZ,"Block, Inc.",Financials,Transaction & Payment Processing Services,78.56,99.26,44.27,76.78,76.04,76.38,76.3,73.21,69.83,69.56
BK,BNY Mellon,Financials,Asset Management & Custody Banks,106.68,110.87,69.65,107.04,106.88,107.15,105.9,100.35,97.46,91.57
BA,Boeing,Industrials,Aerospace & Defense,217.77,242.69,128.88,216.28,214.79,216.69,221.92,220.32,215.7,198.46
BKNG,Booking Holdings,Consumer Discretionary,"Hotels, Resorts & Cruise Lines",5093.47,5829.37,4082.14,5164.39,5155.41,5256.72,5433.77,5493.88,5442.39,5163.9
BSX,Boston Scientific,Health Care,Health Care Equipment,102.39,109.5,80.64,101.18,98.8,97.85,101.17,102.35,102.73,101.68
BMY,Bristol Myers Squibb,Health Care,Pharmaceuticals,43.83,61.0,42.38,44.0,43.83,44.31,45.42,45.89,46.0,49.34
AVGO,Broadcom,Information Technology,Semiconductors,344.29,373.59,137.54,345.16,345.68,341.07,330.51,302.9,286.18,253.82
BR,Broadridge Financial Solutions,Industrials,Data Processing & Outsourced Services,232.1,270.85,205.06,231.41,231.54,233.65,244.2,244.05,242.51,238.91
BRO,Brown & Brown,Financials,Insurance Brokers,88.77,125.31,86.79,88.34,90.83,92.57,93.68,98.68,101.1,105.67
BLDR,Builders FirstSource,Industrials,Building Products,124.2,194.36,102.6,123.49,123.8,124.57,131.59,127.87,124.97,130.38
BG,Bunge Global,Consumer Staples,Agricultural Products & Services,96.69,99.41,65.6,96.33,91.42,87.06,84.06,81.09,80.48,77.92
BXP,"BXP, Inc.",Real Estate,Office REITs,73.73,84.26,52.95,72.13,71.29,72.82,72.38,70.29,69.1,67.9
CHRW,C.H. Robinson,Industrials,Air Freight & Logistics,125.41,138.0,83.72,127.14,126.74,129.87,129.03,114.73,110.39,105.5
CDNS,Cadence Design Systems,Information Technology,Application Software,337.27,376.45,221.56,331.4,329.03,339.21,347.06,334.52,329.11,307.77
CZR,Caesars Entertainment,Consumer Discretionary,Casinos & Gaming,23.08,45.65,21.4,22.41,22.23,24.09,25.18,26.54,26.88,28.36
CPT,Camden Property Trust,Real Estate,Multi-Family Residential REITs,104.98,123.08,100.41,103.66,102.74,103.56,106.03,108.81,109.98,111.32
CPB,Campbell's Company (The),Consumer Staples,Packaged Foods & Meats,31.05,46.18,29.03,31.08,30.68,30.9,31.87,31.73,32.23,34.23
COF,Capital One,Financials,Consumer Finance,220.04,231.82,142.38,216.74,212.62,213.92,219.09,214.07,209.09,199.19
CAH,Cardinal Health,Health Care,Health Care Distributors,159.16,167.89,105.46,158.21,156.54,156.34,152.22,155.47,154.25,144.4
KMX,CarMax,Consumer Discretionary,Automotive Retail,43.12,91.25,42.34,43.52,43.62,44.49,53.31,58.42,59.86,66.58
CCL,Carnival,Consumer Discretionary,"Hotels, Resorts & Cruise Lines",29.44,32.8,15.07,29.32,28.84,28.91,30.19,28.88,27.4,25.51
CARR,Carrier Global,Industrials,Building Products,57.12,81.09,53.89,57.51,57.25,58.26,61.47,66.9,67.64,66.4
CAT,Caterpillar Inc.,Industrials,Construction Machinery & Heavy Transportation Equipment,520.5,543.43,264.29,523.16,520.69,503.06,460.82,427.36,408.67,382.17
CBOE,Cboe Global Markets,Financials,Financial Exchanges & Data,237.25,255.27,186.22,236.92,238.87,240.31,239.61,237.41,234.9,225.16
CBRE,CBRE Group,Real Estate,Real Estate Services,164.2,171.0,108.45,161.17,157.58,156.45,159.78,150.92,145.86,140.77
CDW,CDW Corporation,Information Technology,Technology Distributors,158.48,220.59,136.33,155.84,152.2,155.34,161.12,167.96,169.74,171.14
COR,Cencora,Health Care,Health Care Distributors,328.56,331.94,222.57,328.05,323.22,316.08,303.33,297.53,295.74,281.7
CNC,Centene Corporation,Health Care,Managed Health Care,34.36,70.11,25.08,35.47,35.73,36.34,32.86,35.93,40.66,48.16
CNP,CenterPoint Energy,Utilities,Multi-Utilities,39.6,40.5,27.87,39.91,39.7,39.33,38.5,37.67,37.62,36.23
CF,CF Industries,Materials,Fertilizers & Agricultural Chemicals,86.93,103.84,66.56,84.72,85.43,87.82,86.67,89.65,88.66,85.54
CRL,Charles River Laboratories,Health Care,Life Sciences Tools & Services,190.97,230.02,91.86,185.78,178.24,172.41,163.45,159.67,154.3,154.65
SCHW,Charles Schwab Corporation,Financials,Investment Banking & Brokerage,94.6,99.42,65.48,94.62,93.97,94.12,94.51,93.44,91.84,86.42
CHTR,Charter Communications,Communication Services,Cable & Satellite,243.92,437.06,243.61,249.21,255.04,264.92,265.19,312.8,330.9,339.75
CVX,Chevron Corporation,Energy,Integrated Oil & Gas,156.56,165.09,129.01,154.7,153.05,153.89,155.84,151.62,148.41,148.76
CMG,Chipotle Mexican Grill,Consumer Discretionary,Restaurants,41.8,66.74,38.3,41.85,41.56,41.01,41.06,45.82,46.83,49.11
CB,Chubb Limited,Financials,Property & Casualty Insurance,282.94,305.88,250.52,273.03,276.18,279.91,277.52,278.25,280.27,279.65
CHD,Church & Dwight,Consumer Staples,Household Products,86.71,115.72,85.08,87.88,87.42,87.72,90.51,93.28,93.63,98.17
CI,Cigna,Health Care,Health Care Services,305.07,346.57,255.6,305.31,301.05,299.71,298.44,299.78,303.7,304.2
CINF,Cincinnati Financial,Financials,Property & Casualty Insurance,155.72,166.9,121.6,155.08,155.87,158.59,155.37,151.4,150.06,145.16
CTAS,Cintas,Industrials,Diversified Support Services,192.34,228.77,179.74,192.56,189.87,195.5,202.45,211.76,212.84,208.01
CSCO,Cisco,Information Technology,Communications Equipment,70.27,72.11,51.49,70.49,69.51,68.98,67.93,67.55,66.16,63.64
C,Citigroup,Financials,Diversified Banks,96.69,105.59,54.71,97.52,97.35,98.19,97.83,92.11,88.17,82.23
CFG,Citizens Financial Group,Financials,Regional Banks,50.96,55.24,31.96,50.4,50.34,51.71,51.5,48.39,46.57,44.75
CLX,Clorox,Consumer Staples,Household Products,116.33,165.17,114.96,118.0,117.96,119.23,120.13,121.48,123.67,131.7
CME,CME Group,Financials,Financial Exchanges & Data,268.9,288.09,204.81,268.18,268.14,267.48,266.29,270.35,271.66,262.7
CMS,CMS Energy,Utilities,Multi-Utilities,74.56,76.11,62.54,74.83,74.62,73.7,72.42,71.53,71.35,70.65
KO,Coca-Cola Company (The),Consumer Staples,Soft Drinks & Non-alcoholic Beverages,69.94,73.29,59.3,69.77,68.49,67.39,67.61,68.56,68.92,68.15
CTSH,Cognizant,Information Technology,IT Consulting & Other Services,68.03,89.77,64.98,67.59,66.96,67.23,69.04,72.54,73.73,75.46
COIN,Coinbase,Financials,Financial Exchanges & Data,322.76,444.65,142.58,332.3,338.36,350.1,329.3,331.81,312.17,279.63
CL,Colgate-Palmolive,Consumer Staples,Household Products,78.44,98.37,76.17,78.96,78.12,78.18,81.0,84.27,85.39,86.66
CMCSA,Comcast,Communication Services,Cable & Satellite,29.3,43.66,29.15,29.56,29.56,30.2,31.75,32.83,33.05,33.65
CAG,Conagra Brands,Consumer Staples,Packaged Foods & Meats,18.47,28.22,17.89,18.59,18.48,18.59,18.84,19.42,20.08,21.86
COP,ConocoPhillips,Energy,Oil & Gas Exploration & Production,90.08,112.56,78.56,87.49,87.67,91.22,93.38,92.77,91.8,93.18
ED,Consolidated Edison,Utilities,Multi-Utilities,100.77,112.97,85.07,101.44,101.57,100.55,99.35,100.16,101.12,100.46
STZ,Constellation Brands,Consumer Staples,Distillers & Vintners,139.72,241.11,131.2,140.63,140.54,139.76,145.55,156.96,162.65,168.42
CEG,Constellation Energy,Utilities,Electric Utilities,365.8,412.7,160.94,366.23,377.06,365.5,337.4,327.74,317.58,292.98
COO,Cooper Companies (The),Health Care,Health Care Supplies,74.52,109.04,61.78,74.19,72.01,70.53,69.79,70.74,72.64,77.94
CPRT,Copart,Industrials,Diversified Support Services,44.67,64.38,43.32,44.89,44.58,44.63,46.4,47.08,49.52,52.26
GLW,Corning Inc.,Information Technology,Electronic Components,85.84,87.78,36.95,85.16,85.22,84.39,76.83,65.83,61.99,56.41
CPAY,Corpay,Financials,Transaction & Payment Processing Services,284.45,400.81,269.02,285.29,284.42,287.37,303.02,315.58,318.98,330.72
CTVA,Corteva,Materials,Fertilizers & Agricultural Chemicals,63.48,77.22,53.14,62.39,62.2,63.48,68.6,70.8,69.93,66.64
CSGP,CoStar Group,Real Estate,Real Estate Services,77.66,97.43,68.26,76.13,75.67,78.99,84.45,85.04,83.19,80.81
COST,Costco,Consumer Staples,Consumer Staples Merchandise Retail,942.05,1075.34,864.06,939.33,938.94,929.04,946.67,961.16,971.19,971.13
CTRA,Coterra,Energy,Oil & Gas Exploration & Production,23.74,29.29,21.84,23.32,23.15,23.46,23.75,24.25,24.24,25.21
CRWD,CrowdStrike,Information Technology,Systems Software,521.98,522.42,294.68,502.86,497.68,496.16,461.39,467.38,462.32,431.2
CCI,Crown Castle,Real Estate,Telecom Tower REITs,98.27,114.47,81.02,98.19,97.81,96.74,96.66,99.4,99.54,96.84
CSX,CSX Corporation,Industrials,Rail Transportation,35.53,37.19,26.01,36.09,35.99,35.8,34.39,34.02,33.16,32.17
CMI,Cummins,Industrials,Construction Machinery & Heavy Transportation Equipment,417.74,440.51,257.24,413.91,415.43,422.01,412.1,377.38,364.48,352.47
CVS,CVS Health,Health Care,Health Care Services,81.07,83.52,42.12,82.22,80.92,78.77,75.17,69.67,68.41,65.57
DHR,Danaher Corporation,Health Care,Life Sciences Tools & Services,222.73,267.62,170.43,215.81,210.98,207.36,202.35,200.45,198.86,203.06
DRI,Darden Restaurants,Consumer Discretionary,Restaurants,186.46,224.86,153.25,187.49,186.65,188.05,196.86,203.37,203.17,198.4
DDOG,Datadog,Information Technology,Application Software,156.59,170.08,81.63,155.24,157.12,154.71,142.32,138.58,133.26,127.4
DVA,DaVita,Health Care,Health Care Services,128.02,179.6,122.93,127.89,126.52,128.45,132.1,135.89,136.95,143.59
DAY,Dayforce,Industrials,Human Resource & Employment Services,68.5,82.69,48.01,68.38,68.32,68.59,68.12,62.47,61.62,61.71
DECK,Deckers Brands,Consumer Discretionary,Footwear,102.54,223.98,93.72,101.28,99.46,100.67,108.64,106.72,108.89,123.1
DE,Deere & Company,Industrials,Agricultural & Farm Machinery,469.42,530.24,381.67,462.51,455.16,457.36,469.17,489.41,490.3,479.52
DELL,Dell Technologies,Information Technology,"Technology Hardware, Storage & Peripherals",154.23,165.51,65.33,150.04,150.53,148.07,136.67,130.16,124.89,115.02
DAL,Delta Air Lines,Industrials,Passenger Airlines,58.77,69.15,34.41,60.5,60.13,58.66,59.37,55.64,53.95,54.03
DVN,Devon Energy,Energy,Oil & Gas Exploration & Production,33.44,39.44,25.53,32.32,32.46,33.78,34.3,33.57,33.12,33.37
DXCM,Dexcom,Health Care,Health Care Equipment,71.06,93.25,57.52,69.31,67.48,67.17,72.68,78.07,78.97,78.62
FANG,Diamondback Energy,Energy,Oil & Gas Exploration & Production,147.17,182.18,112.4,142.25,141.64,143.84,142.34,142.38,141.08,145.07
DLR,Digital Realty,Real Estate,Data Center REITs,175.39,192.35,128.14,173.02,172.62,173.18,169.86,171.27,169.97,164.36
DG,Dollar General,Consumer Staples,Consumer Staples Merchandise Retail,102.99,117.24,65.27,104.85,103.93,101.8,105.35,108.22,105.3,95.13
DLTR,Dollar Tree,Consumer Staples,Consumer Staples Merchandise Retail,100.62,118.06,60.49,99.1,96.13,93.25,99.69,102.69,99.44,89.23
D,Dominion Energy,Utilities,Multi-Utilities,60.68,62.52,46.96,60.9,61.06,60.99,60.21,58.53,57.67,55.93
DPZ,Domino's,Consumer Discretionary,Restaurants,421.76,495.24,392.47,421.13,417.89,421.0,436.48,447.02,453.49,452.76
DASH,DoorDash,Consumer Discretionary,Specialized Consumer Services,254.59,285.5,150.26,259.46,264.67,268.88,259.59,248.88,238.74,219.11
DOV,Dover Corporation,Industrials,Industrial Machinery & Supplies & Components,181.22,220.46,142.22,171.46,167.12,166.53,172.02,176.85,176.87,179.62
DOW,Dow Inc.,Materials,Commodity Chemicals,24.51,48.61,20.11,22.3,21.96,22.48,23.33,24.94,25.62,28.93
DHI,D. R. Horton,Consumer Discretionary,Homebuilding,158.55,184.55,109.8,156.57,155.19,161.0,166.69,151.31,145.5,139.76
DTE,DTE Energy,Utilities,Multi-Utilities,141.54,143.79,111.81,142.35,141.79,141.24,138.33,136.18,135.74,132.3
DUK,Duke Energy,Utilities,Electric Utilities,127.26,130.03,102.41,128.42,127.91,125.8,123.63,120.68,119.84,117.38
DD,DuPont,Materials,Specialty Chemicals,81.29,85.99,53.17,80.53,78.65,78.62,77.21,74.15,72.67,72.86
EMN,Eastman Chemical Company,Materials,Specialty Chemicals,63.08,103.72,56.08,61.85,60.89,61.86,64.48,69.16,70.85,77.39
ETN,Eaton Corporation,Industrials,Electrical Components & Equipment,372.4,398.4,230.37,371.49,373.36,373.47,363.61,359.46,350.28,330.64
EBAY,eBay Inc.,Consumer Discretionary,Broadline Retail,95.52,100.83,55.44,94.71,92.46,91.65,92.78,86.62,83.32,76.75
ECL,Ecolab,Materials,Specialty Chemicals,275.02,285.35,220.55,277.23,274.58,274.82,274.19,270.63,267.56,260.23
EIX,Edison International,Utilities,Electric Utilities,57.27,83.74,46.27,57.6,56.33,55.2,54.73,52.78,53.15,53.48
EW,Edwards Lifesciences,Health Care,Health Care Equipment,76.53,83.0,64.89,75.86,74.51,75.53,77.33,77.27,77.03,74.89
EA,Electronic Arts,Communication Services,Interactive Home Entertainment,200.62,203.75,114.77,200.56,200.44,200.27,182.83,168.72,164.72,153.92
ELV,Elevance Health,Health Care,Managed Health Care,346.28,454.26,272.22,348.82,349.69,345.48,325.33,329.54,342.53,365.83
EMR,Emerson Electric,Industrials,Electrical Components & Equipment,133.19,149.68,89.31,131.02,129.82,130.85,131.81,133.48,129.6,124.01
ENPH,Enphase Energy,Information Technology,Semiconductor Materials & Equipment,35.64,92.62,29.89,36.59,36.36,36.46,37.01,37.8,39.25,47.22
ETR,Entergy,Utilities,Electric Utilities,95.67,98.58,64.83,95.98,96.12,95.41,91.51,87.92,86.79,84.76
EOG,EOG Resources,Energy,Oil & Gas Exploration & Production,108.08,134.2,99.8,106.59,107.06,108.93,114.56,116.16,114.88,117.4
EPAM,EPAM Systems,Information Technology,IT Consulting & Other Services,156.73,269.0,138.15,151.56,147.9,149.97,157.95,163.42,165.4,179.78
EQT,EQT Corporation,Energy,Oil & Gas Exploration & Production,53.56,60.83,34.99,54.66,54.2,54.93,52.76,53.98,54.03,52.73
EFX,Equifax,Industrials,Research & Consulting Services,231.31,279.93,199.2,229.98,229.08,236.42,244.95,250.05,253.11,250.03
EQIX,Equinix,Real Estate,Data Center REITs,831.93,977.63,693.42,824.41,818.14,802.54,789.63,800.65,812.92,830.11
EQR,Equity Residential,Real Estate,Multi-Family Residential REITs,63.33,75.25,58.19,62.89,62.4,62.86,63.8,64.86,65.6,66.46
ERIE,Erie Indemnity,Financials,Insurance Brokers,325.69,469.77,305.49,321.48,320.27,318.58,330.48,341.18,344.04,366.07
ESS,Essex Property Trust,Real Estate,Multi-Family Residential REITs,263.76,307.81,239.32,262.08,259.79,261.7,262.06,268.75,270.36,274.58
EL,Estée Lauder Companies (The),Consumer Staples,Personal Care Products,99.49,104.53,47.94,99.99,96.74,93.27,90.43,86.73,81.9,76.59
EG,Everest Group,Financials,Reinsurance,349.27,387.65,318.14,349.39,349.08,351.76,344.99,340.49,341.23,344.08
EVRG,Evergy,Utilities,Electric Utilities,77.89,79.32,56.9,78.27,78.06,77.22,74.0,71.24,70.18,68.02
ES,Eversource Energy,Utilities,Electric Utilities,73.89,74.46,51.06,73.13,72.31,72.1,67.52,65.92,64.97,62.22
EXC,Exelon,Utilities,Electric Utilities,47.6,48.51,34.98,47.95,47.62,46.54,44.91,44.04,44.06,43.32
EXE,Expand Energy,Energy,Oil & Gas Exploration & Production,104.46,121.47,80.07,104.53,103.02,105.24,100.15,103.63,104.9,103.76
EXPE,Expedia Group,Consumer Discretionary,"Hotels, Resorts & Cruise Lines",215.65,240.98,129.46,220.24,218.23,218.17,216.68,197.49,190.65,184.41
EXPD,Expeditors International,Industrials,Air Freight & Logistics,118.47,128.27,99.78,119.69,117.86,119.84,120.75,117.98,116.72,115.39
EXR,Extra Space Storage,Real Estate,Self-Storage REITs,150.81,168.1,118.4,151.29,149.25,145.5,142.58,143.74,143.96,144.13
XOM,ExxonMobil,Energy,Integrated Oil & Gas,115.98,119.89,96.01,113.67,112.58,113.1,112.25,110.46,109.19,108.55
FFIV,"F5, Inc.",Information Technology,Communications Equipment,301.86,346.0,213.24,299.26,313.8,321.64,320.73,310.47,303.81,293.18
FDS,FactSet,Financials,Financial Exchanges & Data,286.84,495.04,272.5,289.59,286.48,284.95,326.15,373.92,389.08,409.97
FICO,Fair Isaac,Information Technology,Application Software,1615.36,2402.52,1300.0,1598.3,1621.3,1651.77,1550.05,1590.12,1662.24,1731.71
FAST,Fastenal,Industrials,Trading Companies & Distributors,42.99,50.63,34.8,42.87,42.94,45.46,47.37,45.72,44.66,41.99
FRT,Federal Realty Investment Trust,Real Estate,Retail REITs,100.78,113.0,78.83,100.11,98.67,98.66,98.31,95.69,95.19,96.15
FDX,FedEx,Industrials,Air Freight & Logistics,238.17,301.45,191.82,239.61,235.97,238.13,232.3,229.48,226.98,233.18
FIS,Fidelity National Information Services,Financials,Transaction & Payment Processing Services,67.52,90.1,63.0,67.58,67.22,67.01,67.52,73.13,74.06,73.88
FITB,Fifth Third Bancorp,Financials,Regional Banks,42.07,47.33,31.68,41.72,41.9,43.07,43.94,42.42,41.36,40.64
FSLR,First Solar,Information Technology,Semiconductors,229.0,248.04,116.56,228.01,229.87,228.65,214.1,192.08,184.15,170.76
FE,FirstEnergy,Utilities,Electric Utilities,46.52,48.2,36.81,47.02,47.1,46.56,44.74,42.72,42.53,41.26
FI,Fiserv,Financials,Transaction & Payment Processing Services,123.96,238.59,117.84,124.21,122.95,125.1,131.21,144.61,150.49,175.22
F,Ford Motor Company,Consumer Discretionary,Automobile Manufacturers,12.34,12.8,8.21,12.25,11.93,12.02,11.79,11.35,11.11,10.45
FTNT,Fortinet,Information Technology,Systems Software,84.93,114.82,70.12,84.53,83.97,84.7,81.81,91.03,93.55,96.0
FTV,Fortive,Industrials,Industrial Machinery & Supplies & Components,49.62,62.58,45.4,49.28,48.9,49.22,48.58,50.04,50.62,52.86
FOXA,Fox Corporation (Class A),Communication Services,Broadcasting,58.81,65.3,41.2,58.47,58.04,59.77,59.6,57.4,56.48,54.78
FOX,Fox Corporation (Class B),Communication Services,Broadcasting,52.83,59.29,37.77,52.36,52.01,53.69,53.9,52.26,51.56,50.45
BEN,Franklin Resources,Financials,Asset Management & Custody Banks,22.67,25.72,15.81,22.57,22.62,22.92,23.85,23.67,23.02,21.43
FCX,Freeport-McMoRan,Materials,Copper,41.23,49.37,27.35,41.34,41.53,40.54,42.4,42.51,41.59,39.79
GRMN,Garmin,Consumer Discretionary,Consumer Electronics,250.17,261.69,158.51,249.44,249.21,251.22,241.7,228.86,222.37,217.2
IT,Gartner,Information Technology,IT Consulting & Other Services,250.92,584.01,223.65,247.07,243.98,249.18,248.3,306.59,332.57,384.56
GE,GE Aerospace,Industrials,Aerospace & Defense,306.39,316.53,158.62,302.75,300.28,299.55,288.06,272.41,262.5,236.94
GEHC,GE HealthCare,Health Care,Health Care Equipment,77.26,94.71,57.59,75.81,74.08,74.53,74.68,74.18,73.46,76.34
GEV,GE Vernova,Industrials,Heavy Electrical Equipment,595.15,677.01,251.84,590.06,606.42,608.03,612.02,584.52,553.06,473.54
GEN,Gen Digital,Information Technology,Systems Software,27.19,32.09,22.55,27.0,26.85,27.39,28.91,29.28,28.91,28.01
GNRC,Generac,Industrials,Electrical Components & Equipment,189.04,203.25,99.5,190.18,186.32,177.13,181.85,167.45,158.3,149.75
GD,General Dynamics,Industrials,Aerospace & Defense,341.5,345.85,235.63,337.75,335.42,337.37,327.44,311.15,303.36,286.51
GIS,General Mills,Consumer Staples,Packaged Foods & Meats,47.93,66.21,47.48,48.58,48.44,48.99,49.09,49.85,50.53,53.14
GM,General Motors,Consumer Discretionary,Automobile Manufacturers,66.85,68.48,41.36,63.43,60.04,59.62,58.73,54.92,53.5,51.37
GPC,Genuine Parts Company,Consumer Discretionary,Distributors,133.26,143.1,102.41,133.11,132.86,135.1,136.95,131.31,129.23,124.56
GILD,Gilead Sciences,Health Care,Biotechnology,120.74,124.61,83.12,122.44,120.22,116.88,115.2,112.95,110.95,107.77
GPN,Global Payments,Financials,Transaction & Payment Processing Services,87.48,118.69,65.53,86.65,85.66,86.04,86.36,83.1,82.05,88.07
GL,Globe Life,Financials,Life & Health Insurance,135.7,147.54,99.43,135.51,136.16,137.57,139.39,132.71,130.3,127.17
GDDY,GoDaddy,Information Technology,Internet Services & Infrastructure,132.43,216.0,127.65,131.74,131.23,133.75,140.85,155.01,160.96,170.49
GS,Goldman Sachs,Financials,Investment Banking & Brokerage,750.78,825.25,434.87,753.69,761.64,775.86,765.6,724.2,695.29,649.53
HAL,Halliburton,Energy,Oil & Gas Equipment & Services,27.22,31.66,18.43,24.73,23.48,23.95,22.9,22.15,21.71,22.8
HIG,Hartford (The),Financials,Property & Casualty Insurance,125.25,135.17,103.64,124.71,126.51,129.63,130.88,127.71,127.51,122.59
HAS,Hasbro,Consumer Discretionary,Leisure Products,77.94,82.19,48.07,75.51,74.26,74.86,77.03,75.11,72.79,67.17
HCA,HCA Healthcare,Health Care,Health Care Facilities,440.16,447.09,288.25,434.53,425.67,426.08,413.31,391.52,386.24,362.97
DOC,Healthpeak Properties,Real Estate,Health Care REITs,18.54,21.81,16.17,18.6,18.36,18.65,18.12,17.68,17.52,18.07
HSIC,Henry Schein,Health Care,Health Care Distributors,63.59,82.49,60.56,63.65,63.31,64.52,66.78,68.79,68.93,70.05
HSY,Hershey Company (The),Consumer Staples,Packaged Foods & Meats,181.58,202.98,136.73,185.17,187.5,189.25,186.68,179.75,175.86,170.23
HPE,Hewlett Packard Enterprise,Information Technology,"Technology Hardware, Storage & Peripherals",23.19,26.44,11.82,23.08,23.71,24.28,23.67,21.64,20.71,19.78
HLT,Hilton Worldwide,Consumer Discretionary,"Hotels, Resorts & Cruise Lines",267.63,279.81,195.81,265.99,264.38,262.02,267.88,265.47,261.28,253.44
HOLX,Hologic,Health Care,Health Care Equipment,73.89,84.39,51.9,72.7,69.82,68.76,67.55,66.46,64.64,64.47
HD,Home Depot (The),Consumer Discretionary,Home Improvement Retail,385.03,429.19,322.47,389.14,386.42,390.55,402.11,384.83,380.54,378.55
HON,Honeywell,Industrials,Industrial Conglomerates,220.67,240.47,177.52,209.07,206.35,207.69,212.0,219.39,218.85,214.65
HRL,Hormel Foods,Consumer Staples,Packaged Foods & Meats,23.77,32.43,23.06,24.0,23.8,23.96,25.14,27.23,27.6,28.08
HST,Host Hotels & Resorts,Real Estate,Hotel & Resort REITs,16.63,18.32,11.93,16.57,16.41,16.61,16.78,16.21,15.9,15.57
HWM,Howmet Aerospace,Industrials,Aerospace & Defense,200.1,200.2,98.55,194.14,192.18,192.03,184.99,182.35,177.61,158.62
HPQ,HP Inc.,Information Technology,"Technology Hardware, Storage & Peripherals",27.83,38.25,20.76,27.74,27.59,27.19,27.51,26.18,26.23,27.26
HUBB,Hubbell Incorporated,Industrials,Industrial Machinery & Supplies & Components,433.27,475.24,297.55,429.71,426.6,423.97,430.94,421.72,411.96,396.57
HUM,Humana,Health Care,Managed Health Care,291.3,314.25,206.15,286.65,277.55,275.6,280.51,259.73,256.16,260.77
HBAN,Huntington Bancshares,Financials,Regional Banks,15.86,17.93,11.7,15.8,15.84,16.4,16.94,16.62,16.33,15.87
HII,Huntington Ingalls Industries,Industrials,Aerospace & Defense,290.09,296.03,155.93,285.41,285.75,285.35,276.74,262.37,254.99,231.21
IBM,IBM,Information Technology,IT Consulting & Other Services,285.0,301.04,197.92,283.9,280.74,283.81,264.69,268.31,265.22,255.74
IEX,IDEX Corporation,Industrials,Industrial Machinery & Supplies & Components,168.37,234.67,151.55,167.39,165.08,164.6,163.34,169.3,171.57,178.15
IDXX,Idexx Laboratories,Health Care,Health Care Equipment,638.6,688.12,356.14,637.66,635.12,632.59,638.74,595.87,575.44,520.22
ITW,Illinois Tool Works,Industrials,Industrial Machinery & Supplies & Components,257.44,273.07,212.05,253.84,250.13,253.87,258.51,254.79,252.12,250.36
INCY,Incyte,Health Care,Biotechnology,89.31,92.86,53.56,87.68,86.84,86.21,85.59,78.36,75.21,72.16
IR,Ingersoll Rand,Industrials,Industrial Machinery & Supplies & Components,80.36,105.95,65.58,78.75,77.57,79.95,79.87,81.64,81.34,82.15
PODD,Insulet Corporation,Health Care,Health Care Equipment,323.46,353.5,226.5,325.42,320.32,316.44,327.13,313.08,310.17,293.92
INTC,Intel,Information Technology,Semiconductors,38.16,39.65,17.67,37.66,37.15,36.71,30.09,25.84,24.81,23.59
ICE,Intercontinental Exchange,Financials,Financial Exchanges & Data,157.45,188.82,141.12,156.02,156.54,159.78,168.68,174.95,174.69,170.06
IFF,International Flavors & Fragrances,Materials,Specialty Chemicals,65.77,102.45,59.14,64.8,62.98,62.06,63.7,68.55,69.97,73.4
IP,International Paper,Materials,Paper & Plastic Packaging Products & Materials,49.1,58.71,42.44,47.84,47.08,46.68,47.1,47.86,47.59,49.2
IPG,Interpublic Group of Companies (The),Communication Services,Advertising,27.53,31.81,21.93,27.05,26.77,26.81,26.51,25.35,25.13,25.39
INTU,Intuit,Information Technology,Application Software,677.72,812.22,530.03,669.94,660.4,667.04,672.36,718.13,708.54,665.57
ISRG,Intuitive Surgical,Health Care,Health Care Equipment,551.3,616.0,425.0,489.13,461.76,453.05,456.84,484.95,496.69,512.21
IVZ,Invesco,Financials,Asset Management & Custody Banks,22.68,24.54,11.33,22.81,22.96,23.26,22.44,19.99,18.88,17.69
INVH,Invitation Homes,Real Estate,Single-Family Residential REITs,28.91,35.13,27.71,28.72,28.52,28.58,29.38,30.61,31.18,31.38
IQV,IQVIA,Health Care,Life Sciences Tools & Services,219.91,231.34,134.65,214.61,208.86,203.15,193.79,180.98,173.98,177.66
IRM,Iron Mountain,Real Estate,Other Specialized REITs,103.93,126.21,71.19,104.54,104.16,103.89,98.32,98.14,97.5,95.01
JBHT,J.B. Hunt,Industrials,Cargo Ground Transportation,166.74,198.61,122.01,166.92,155.76,146.83,143.11,144.05,142.86,147.73
JBL,Jabil,Information Technology,Electronic Manufacturing Services,206.57,237.14,108.57,203.96,203.09,206.35,210.4,210.7,200.55,181.15
JKHY,Jack Henry & Associates,Financials,Transaction & Payment Processing Services,155.72,194.68,144.12,155.53,154.29,151.37,156.05,165.82,168.18,169.95
J,Jacobs Solutions,Industrials,Construction & Engineering,160.77,166.22,104.68,160.17,158.06,155.55,150.33,142.75,139.07,133.76
JNJ,Johnson & Johnson,Health Care,Pharmaceuticals,192.47,194.48,137.37,192.85,192.0,189.26,181.78,170.53,166.71,161.75
JCI,Johnson Controls,Industrials,Building Products,110.55,112.63,67.78,109.94,108.97,108.76,107.64,106.48,103.93,95.18
JPM,JPMorgan Chase,Financials,Diversified Banks,294.54,316.47,200.22,297.13,300.08,304.68,302.06,292.34,284.96,270.5
K,Kellanova,Consumer Staples,Packaged Foods & Meats,83.03,83.11,76.48,83.03,82.95,82.53,80.35,79.87,80.15,80.38
KVUE,Kenvue,Consumer Staples,Personal Care Products,15.09,24.71,14.05,15.09,15.48,15.8,18.04,19.71,20.46,20.98
KDP,Keurig Dr Pepper,Consumer Staples,Soft Drinks & Non-alcoholic Beverages,27.55,35.9,25.03,27.68,27.2,26.39,28.12,30.58,31.09,31.59
KEY,KeyCorp,Financials,Regional Banks,17.52,19.41,12.43,17.37,17.41,17.97,18.45,17.87,17.38,16.79
KEYS,Keysight Technologies,Information Technology,Electronic Equipment & Instruments,168.38,186.2,121.43,165.47,164.23,168.61,168.57,165.94,163.99,161.91
KMB,Kimberly-Clark,Consumer Staples,Household Products,118.76,147.59,117.49,120.23,119.98,120.98,125.22,127.34,128.69,130.18
KIM,Kimco Realty,Real Estate,Retail REITs,22.22,24.7,17.52,22.14,21.72,21.6,21.8,21.41,21.22,21.05
KMI,Kinder Morgan,Energy,Oil & Gas Storage & Transportation,26.25,30.49,23.22,27.24,27.28,27.71,27.29,27.43,27.38,27.16
KKR,KKR & Co.,Financials,Asset Management & Custody Banks,120.96,169.7,85.9,121.13,121.19,124.52,134.5,135.41,132.27,130.95
KLAC,KLA Corporation,Information Technology,Semiconductor Materials & Equipment,1159.0,1163.1,548.81,1136.06,1089.96,1090.84,998.57,945.09,904.58,828.68
KHC,Kraft Heinz,Consumer Staples,Packaged Foods & Meats,25.41,34.07,24.8,25.57,25.39,25.54,26.28,26.45,26.55,27.37
KR,Kroger,Consumer Staples,Food Retail,68.66,74.52,54.49,68.6,68.5,67.54,67.79,68.85,68.91,67.1
LHX,L3Harris,Industrials,Aerospace & Defense,293.28,308.12,190.25,289.8,290.87,295.4,284.42,271.35,262.24,241.93
LH,Labcorp,Health Care,Health Care Services,284.0,293.72,208.23,285.57,282.86,281.22,278.14,267.99,263.22,253.49
LRCX,Lam Research,Information Technology,Semiconductor Materials & Equipment,147.54,153.7,56.07,143.88,141.4,140.8,122.21,109.16,103.13,92.77
LW,Lamb Weston,Consumer Staples,Packaged Foods & Meats,65.16,82.35,47.25,65.05,64.59,62.86,58.68,56.07,55.23,55.12
LVS,Las Vegas Sands,Consumer Discretionary,Casinos & Gaming,56.89,58.05,29.84,51.28,49.87,51.59,53.22,50.24,48.15,45.44
LDOS,Leidos,Industrials,Diversified Support Services,191.39,200.78,122.65,189.6,188.02,190.36,185.1,171.96,167.92,156.86
LEN,Lennar,Consumer Discretionary,Homebuilding,127.34,171.44,97.13,126.88,123.87,124.32,129.13,120.78,118.09,118.35
LII,Lennox International,Industrials,Building Products,494.99,687.72,485.47,518.95,522.53,530.67,548.39,568.39,568.66,575.37
LLY,Lilly (Eli),Health Care,Pharmaceuticals,821.04,931.67,622.41,808.97,815.6,812.25,764.65,764.82,764.58,784.94
LIN,Linde plc,Materials,Industrial Gases,450.08,484.83,406.06,450.51,451.79,460.59,470.34,468.51,465.38,458.53
LYV,Live Nation Entertainment,Communication Services,Movies & Entertainment,153.33,175.25,112.88,155.74,154.53,156.03,161.91,154.99,151.84,145.42
LKQ,LKQ Corporation,Consumer Discretionary,Distributors,30.62,43.77,28.42,30.34,29.89,30.18,30.99,33.24,34.54,36.33
LMT,Lockheed Martin,Industrials,Aerospace & Defense,488.05,591.7,407.14,493.15,497.25,500.05,475.54,463.05,463.51,459.01
L,Loews Corporation,Financials,Multi-line Insurance,99.94,103.52,74.95,99.48,100.07,100.76,98.29,94.56,93.23,90.36
LOW,Lowe's,Consumer Discretionary,Home Improvement Retail,243.87,275.13,203.22,243.21,240.23,242.38,253.45,238.74,235.81,235.95
LULU,Lululemon Athletica,Consumer Discretionary,"Apparel, Accessories & Luxury Goods",179.06,423.32,159.25,175.72,171.68,173.85,180.26,206.17,225.0,268.56
LYB,LyondellBasell,Materials,Specialty Chemicals,46.81,82.83,44.87,45.81,45.95,47.42,51.27,54.43,54.56,59.36
MTB,M&T Bank,Financials,Regional Banks,181.09,219.44,148.52,181.53,182.19,187.96,193.57,191.53,188.6,185.31
MPC,Marathon Petroleum,Energy,Oil & Gas Refining & Marketing,195.96,201.61,113.82,187.62,185.05,188.87,182.45,175.22,170.61,159.81
MKTX,MarketAxess,Financials,Financial Exchanges & Data,171.53,292.5,161.61,171.7,172.25,172.29,179.52,196.13,200.64,203.83
MAR,Marriott International,Consumer Discretionary,"Hotels, Resorts & Cruise Lines",269.7,305.27,204.35,266.21,264.77,265.42,265.64,266.81,265.08,262.75
MMC,Marsh McLennan,Financials,Insurance Brokers,188.08,245.83,185.12,189.17,195.56,198.56,201.0,206.16,210.12,215.74
MLM,Martin Marietta Materials,Materials,Construction Materials,619.35,665.18,440.72,625.27,631.75,630.07,619.88,592.17,582.35,551.77
MAS,Masco,Industrials,Building Products,69.49,82.03,56.02,69.05,68.0,68.8,71.54,68.55,67.4,68.81
MA,Mastercard,Financials,Transaction & Payment Processing Services,573.77,600.98,463.61,568.9,564.18,568.41,578.76,571.17,570.31,557.68
MTCH,Match Group,Communication Services,Interactive Media & Services,32.75,38.99,26.09,32.88,32.56,33.46,35.78,34.14,33.16,32.47
MKC,McCormick & Company,Consumer Staples,Packaged Foods & Meats,67.37,84.63,63.22,67.63,66.7,66.62,67.55,69.82,70.52,72.8
MCD,McDonald's,Consumer Discretionary,Restaurants,306.97,322.65,271.85,308.08,305.27,302.34,306.05,301.62,303.55,301.43
MCK,McKesson Corporation,Health Care,Health Care Distributors,792.97,799.41,490.22,789.94,783.2,769.69,726.04,717.92,715.84,685.38
MDT,Medtronic,Health Care,Health Care Equipment,94.21,99.37,77.57,95.53,95.56,95.91,94.31,91.54,89.87,88.91
MRK,Merck & Co.,Health Care,Pharmaceuticals,87.18,103.53,71.87,86.7,85.79,85.91,83.99,81.96,80.99,83.55
META,Meta Platforms,Communication Services,Interactive Media & Services,734.0,795.71,479.11,729.95,720.9,723.28,743.65,731.35,708.59,674.54
MET,MetLife,Financials,Life & Health Insurance,78.17,87.17,64.24,78.59,79.59,80.83,80.27,78.86,78.6,78.96
MTD,Mettler Toledo,Health Care,Life Sciences Tools & Services,1437.75,1438.46,946.69,1382.26,1343.64,1312.73,1294.76,1251.95,1226.07,1225.17
MGM,MGM Resorts,Consumer Discretionary,Casinos & Gaming,33.07,42.54,25.3,32.42,32.13,33.16,35.19,35.35,34.77,33.93
MCHP,Microchip Technology,Information Technology,Semiconductors,65.09,77.17,33.63,65.86,64.93,65.15,65.3,67.15,64.57,59.56
MU,Micron Technology,Information Technology,Semiconductors,206.71,214.75,61.44,203.32,197.25,188.99,157.53,137.02,127.55,113.64
MSFT,Microsoft,Information Technology,Systems Software,520.56,554.54,343.59,517.83,515.27,517.47,511.68,505.18,492.34,456.85
MAA,Mid-America Apartment Communities,Real Estate,Multi-Family Residential REITs,134.43,168.08,131.17,133.56,132.95,134.29,138.04,141.85,144.77,148.06
MRNA,Moderna,Health Care,Biotechnology,26.25,57.69,23.15,26.77,26.85,26.95,26.02,27.59,27.3,29.42
MHK,Mohawk Industries,Consumer Discretionary,Home Furnishings,128.9,155.56,96.24,128.86,126.12,126.24,129.58,120.11,117.04,116.66
MOH,Molina Healthcare,Health Care,Managed Health Care,161.0,359.97,151.95,188.62,190.73,193.98,183.84,206.77,228.61,258.98
TAP,Molson Coors Beverage Company,Consumer Staples,Brewers,45.62,63.47,43.8,46.54,46.48,46.13,47.82,48.64,49.83,52.48
MDLZ,Mondelez International,Consumer Staples,Packaged Foods & Meats,61.01,70.58,52.78,62.0,61.8,62.01,61.92,64.07,64.33,63.34
MPWR,Monolithic Power Systems,Information Technology,Semiconductors,1070.8,1076.0,437.16,1027.42,1002.62,967.84,901.89,818.29,786.64,717.74
MNST,Monster Beverage,Consumer Staples,Soft Drinks & Non-alcoholic Beverages,69.89,70.72,45.7,69.7,69.27,68.37,65.6,63.6,63.22,59.61
MCO,Moody's Corporation,Financials,Financial Exchanges & Data,479.3,528.95,377.3,476.5,476.87,480.21,494.08,495.44,490.6,481.97
MS,Morgan Stanley,Financials,Investment Banking & Brokerage,159.31,166.77,92.93,159.46,158.23,157.91,154.29,146.22,141.72,134.41
MOS,Mosaic Company (The),Materials,Fertilizers & Agricultural Chemicals,29.65,37.97,21.99,29.48,29.79,32.23,32.8,34.06,33.86,30.91
MSI,Motorola Solutions,Information Technology,Communications Equipment,444.83,502.83,387.0,446.65,448.25,452.2,462.73,442.94,437.97,437.5
MSCI,MSCI Inc.,Financials,Financial Exchanges & Data,538.75,636.39,483.67,537.55,541.94,552.69,561.32,560.78,559.93,562.26
NDAQ,"Nasdaq, Inc.",Financials,Financial Exchanges & Data,88.82,97.36,64.46,88.8,88.94,88.69,91.25,90.6,88.43,83.99
NTAP,NetApp,Information Technology,"Technology Hardware, Storage & Peripherals",117.79,132.76,71.18,117.99,118.42,118.82,117.76,111.03,107.92,105.78
NFLX,Netflix,Communication Services,Movies & Entertainment,1113.59,1341.15,744.26,1181.85,1195.06,1192.65,1210.54,1220.53,1209.4,1114.32
NEM,Newmont,Materials,Gold,88.91,98.58,36.35,89.58,90.48,88.36,80.7,70.37,66.69,58.73
NWSA,News Corp (Class A),Communication Services,Publishing,26.4,31.61,23.3,26.3,26.25,27.47,28.81,28.86,28.66,28.17
NWS,News Corp (Class B),Communication Services,Publishing,30.14,35.47,26.17,29.89,29.77,31.0,32.53,32.9,32.78,32.15
NEE,NextEra Energy,Utilities,Multi-Utilities,83.25,86.74,60.75,83.88,84.25,82.0,76.35,74.18,73.02,71.27
NKE,"Nike, Inc.",Consumer Discretionary,"Apparel, Accessories & Luxury Goods",69.68,81.06,51.67,68.42,67.77,69.21,72.41,71.15,68.81,68.75
NI,NiSource,Utilities,Multi-Utilities,43.87,44.52,33.4,43.76,43.41,43.39,42.21,41.31,40.82,39.8
NDSN,Nordson Corporation,Industrials,Industrial Machinery & Supplies & Components,235.95,262.94,163.83,235.37,233.27,232.07,226.37,220.91,215.94,211.17
NSC,Norfolk Southern,Industrials,Rail Transportation,283.83,302.24,199.43,288.63,288.96,293.56,285.85,274.95,266.63,254.89
NTRS,Northern Trust,Financials,Asset Management & Custody Banks,124.74,135.48,80.54,126.48,126.76,129.58,129.29,125.25,120.49,113.0
NOC,Northrop Grumman,Industrials,Aerospace & Defense,605.74,640.9,420.66,599.61,607.53,610.31,593.4,559.59,542.67,519.03
NCLH,Norwegian Cruise Line Holdings,Consumer Discretionary,"Hotels, Resorts & Cruise Lines",23.48,29.29,14.21,23.44,23.29,23.77,24.58,23.17,22.1,22.17
NRG,NRG Energy,Utilities,Independent Power Producers & Energy Traders,163.81,175.96,79.04,164.71,165.96,165.67,158.98,157.12,153.59,133.26
NUE,Nucor,Materials,Steel,138.45,167.56,96.79,136.8,136.26,136.55,140.13,136.85,132.38,129.09
NVDA,Nvidia,Information Technology,Semiconductors,182.16,195.62,86.61,181.89,182.26,184.26,179.5,170.7,161.66,146.33
NVR,"NVR, Inc.",Consumer Discretionary,Homebuilding,7679.41,9645.0,6562.85,7697.77,7651.27,7812.32,8036.37,7781.32,7654.84,7587.62
NXPI,NXP Semiconductors,Information Technology,Semiconductors,220.73,251.87,146.73,218.88,216.72,221.33,224.8,221.02,215.74,210.48
ORLY,O’Reilly Automotive,Consumer Discretionary,Automotive Retail,98.27,108.72,76.22,100.67,101.47,102.86,103.62,98.78,97.32,94.01
OXY,Occidental Petroleum,Energy,Oil & Gas Exploration & Production,42.88,52.36,34.4,41.49,41.72,43.86,45.09,44.4,43.71,44.6
ODFL,Old Dominion,Industrials,Cargo Ground Transportation,135.86,231.78,133.69,140.0,137.9,139.54,144.65,152.08,153.9,161.68
OMC,Omnicom Group,Communication Services,Advertising,80.33,103.32,67.76,79.2,78.41,78.46,77.56,74.73,74.58,76.38
ON,ON Semiconductor,Information Technology,Semiconductors,51.78,76.06,31.04,53.24,51.49,50.49,50.13,52.2,50.17,48.77
OKE,Oneok,Energy,Oil & Gas Storage & Transportation,69.76,113.92,66.56,68.98,68.93,70.82,72.47,76.06,77.2,83.23
ORCL,Oracle Corporation,Information Technology,Application Software,280.07,345.12,117.98,279.27,291.3,289.07,273.82,249.26,230.32,201.86
OTIS,Otis Worldwide,Industrials,Industrial Machinery & Supplies & Components,92.97,105.86,83.85,91.98,91.15,91.15,89.3,91.63,92.5,94.06
PCAR,Paccar,Industrials,Construction Machinery & Heavy Transportation Equipment,99.38,114.66,84.08,98.24,96.29,97.13,98.47,97.11,96.2,98.05
PKG,Packaging Corporation of America,Materials,Paper & Plastic Packaging Products & Materials,213.26,244.78,170.61,207.87,207.96,211.15,210.54,203.05,199.72,201.07
PLTR,Palantir Technologies,Information Technology,Application Software,180.48,190.0,40.9,179.44,178.73,180.1,171.69,160.14,152.55,128.73
PANW,Palo Alto Networks,Information Technology,Systems Software,215.02,217.94,144.15,212.31,210.31,209.65,199.65,196.19,194.73,189.5
PSKY,Paramount Skydance Corporation,Communication Services,Movies & Entertainment,16.47,20.86,9.92,16.66,16.9,17.85,16.83,14.62,14.04,12.93
PH,Parker Hannifin,Industrials,Industrial Machinery & Supplies & Components,766.2,779.77,485.92,747.8,738.48,746.5,750.0,725.05,709.32,679.79
PAYX,Paychex,Industrials,Human Resource & Employment Services,124.75,160.03,119.02,126.41,126.76,126.32,131.6,138.72,141.26,142.55
PAYC,Paycom,Industrials,Human Resource & Employment Services,200.25,267.33,161.57,202.25,201.29,203.54,214.73,224.69,229.27,222.42
PYPL,PayPal,Financials,Transaction & Payment Processing Services,69.66,93.66,55.85,68.88,68.63,69.65,68.91,70.8,70.64,71.78
PNR,Pentair,Industrials,Industrial Machinery & Supplies & Components,110.7,113.95,73.85,109.43,109.26,110.11,109.29,105.89,103.87,99.3
PEP,PepsiCo,Consumer Staples,Soft Drinks & Non-alcoholic Beverages,151.51,168.44,125.14,153.01,151.94,146.6,145.51,140.36,138.08,140.25
PFE,Pfizer,Health Care,Pharmaceuticals,24.67,27.69,20.18,24.69,24.61,25.22,24.89,24.53,24.16,24.23
PCG,PG&E Corporation,Utilities,Multi-Utilities,16.3,21.59,12.95,16.55,16.41,16.08,15.46,14.82,15.27,15.72
PM,Philip Morris International,Consumer Staples,Tobacco,157.7,183.57,113.18,156.54,157.54,157.51,161.39,167.41,167.93,158.72
PSX,Phillips 66,Energy,Oil & Gas Refining & Marketing,135.81,142.35,89.26,131.08,130.07,132.2,130.98,126.38,123.43,120.57
PNW,Pinnacle West Capital,Utilities,Multi-Utilities,92.56,94.64,79.08,92.66,92.8,91.23,89.76,89.83,90.04,89.45
PNC,PNC Financial Services,Financials,Diversified Banks,181.95,208.54,141.09,181.33,182.46,188.9,195.47,190.41,185.88,182.17
POOL,Pool Corporation,Consumer Discretionary,Distributors,300.31,391.14,281.15,296.96,294.25,300.33,311.52,307.11,306.18,314.47
PPG,PPG Industries,Materials,Specialty Chemicals,103.5,127.64,89.08,102.76,101.22,102.22,106.99,109.31,109.33,109.67
PPL,PPL Corporation,Utilities,Electric Utilities,37.36,38.27,30.49,37.55,37.55,37.25,36.55,35.58,35.39,34.73
PFG,Principal Financial Group,Financials,Life & Health Insurance,79.44,87.76,67.06,79.11,79.52,81.35,80.6,79.1,78.6,78.88
PG,Procter & Gamble,Consumer Staples,Personal Care Products,152.21,177.66,146.97,151.88,150.28,151.21,154.63,155.92,157.09,160.04
PGR,Progressive Corporation,Financials,Property & Casualty Insurance,220.59,292.65,217.2,221.96,227.47,235.72,241.7,248.51,255.03,258.38
PLD,Prologis,Real Estate,Industrial REITs,125.77,127.5,83.8,125.79,121.23,118.42,114.18,110.16,109.07,109.3
PRU,Prudential Financial,Financials,Life & Health Insurance,101.76,125.75,88.12,101.58,101.5,102.41,104.61,104.02,103.62,105.05
PEG,Public Service Enterprise Group,Utilities,Electric Utilities,82.73,92.35,73.5,83.84,83.31,82.68,82.33,82.78,81.83,81.6
PTC,PTC Inc.,Information Technology,Application Software,204.67,219.69,133.38,204.2,202.72,202.89,206.53,197.14,190.83,181.27
PSA,Public Storage,Real Estate,Self-Storage REITs,306.28,342.02,251.43,308.97,304.88,297.87,290.44,288.6,289.98,289.54
PHM,PulteGroup,Consumer Discretionary,Homebuilding,120.86,141.88,87.74,122.41,122.6,127.18,130.35,120.29,116.47,112.15
PWR,Quanta Services,Industrials,Construction & Engineering,427.36,446.6,226.97,430.32,430.62,426.01,399.94,390.65,378.46,342.04
QCOM,Qualcomm,Information Technology,Semiconductors,170.03,178.09,119.4,167.72,164.28,165.78,162.87,158.48,155.89,155.65
DGX,Quest Diagnostics,Health Care,Health Care Services,183.23,197.55,146.3,185.79,185.54,184.23,182.32,177.72,176.91,171.81
RL,Ralph Lauren Corporation,Consumer Discretionary,"Apparel, Accessories & Luxury Goods",336.29,340.61,175.49,332.83,325.03,322.2,310.32,296.44,288.62,268.97
RJF,Raymond James Financial,Financials,Investment Banking & Brokerage,165.08,177.15,116.85,164.67,162.99,165.74,166.95,161.72,158.43,154.72
RTX,RTX Corporation,Industrials,Aerospace & Defense,179.44,179.98,111.21,169.82,163.91,165.13,160.49,154.21,149.48,140.48
O,Realty Income,Real Estate,Retail REITs,60.22,61.15,49.31,60.22,59.57,59.73,59.11,57.75,57.19,55.91
REG,Regency Centers,Real Estate,Retail REITs,72.48,75.93,62.21,72.34,71.95,71.85,71.47,70.85,70.87,70.72
REGN,Regeneron Pharmaceuticals,Health Care,Biotechnology,575.69,968.6,475.77,578.92,573.51,576.22,576.04,557.18,561.11,597.48
RF,Regions Financial Corporation,Financials,Regional Banks,24.1,27.61,17.36,24.04,24.22,25.13,26.03,24.93,24.15,23.27
RSG,Republic Services,Industrials,Environmental & Facilities Services,223.11,257.43,195.57,221.46,221.92,223.52,227.51,234.76,237.5,233.79
RMD,ResMed,Health Care,Health Care Equipment,265.26,293.81,199.07,267.89,269.42,273.01,275.89,268.99,263.88,250.49
RVTY,Revvity,Health Care,Health Care Equipment,97.57,129.14,81.3,95.77,93.51,91.78,89.13,91.85,91.95,98.91
ROK,Rockwell Automation,Industrials,Electrical Components & Equipment,357.16,360.7,213.27,352.41,347.91,347.39,345.6,340.94,330.44,306.12
ROL,"Rollins, Inc.",Industrials,Environmental & Facilities Services,56.79,59.12,44.94,56.34,56.3,57.24,56.94,56.82,56.75,54.61
ROP,Roper Technologies,Information Technology,Electronic Equipment & Instruments,479.96,592.47,456.98,502.77,504.92,504.76,512.99,534.14,540.88,547.94
ROST,Ross Stores,Consumer Discretionary,Apparel Retail,156.66,158.03,121.69,156.58,155.28,153.76,150.29,142.69,142.93,140.86
RCL,Royal Caribbean Group,Consumer Discretionary,"Hotels, Resorts & Cruise Lines",316.88,365.38,163.05,310.96,308.92,313.19,327.78,318.31,302.31,273.31
SPGI,S&P Global,Financials,Financial Exchanges & Data,482.7,578.04,425.6,479.4,480.41,481.85,515.59,521.31,518.64,511.46
CRM,Salesforce,Information Technology,Application Software,255.05,366.78,226.09,254.49,248.52,244.85,245.65,253.42,258.06,271.96
SBAC,SBA Communications,Real Estate,Telecom Tower REITs,196.1,242.78,185.45,197.03,194.53,192.84,200.05,214.31,217.79,214.85
SLB,Schlumberger,Energy,Oil & Gas Equipment & Services,36.01,43.66,30.61,34.1,33.25,33.86,34.46,34.39,34.26,36.04
STX,Seagate Technology,Information Technology,"Technology Hardware, Storage & Peripherals",226.41,264.83,62.66,219.17,218.68,227.32,202.48,172.39,158.32,132.23
SRE,Sempra,Utilities,Multi-Utilities,91.81,95.72,60.93,92.03,91.63,91.2,85.67,81.16,79.98,77.74
NOW,ServiceNow,Information Technology,Systems Software,939.17,1198.09,678.66,927.49,915.87,917.0,914.85,944.29,955.24,942.09
SHW,Sherwin-Williams,Materials,Specialty Chemicals,331.75,397.81,307.5,333.2,333.04,336.9,350.93,348.33,349.38,347.96
SPG,Simon Property Group,Real Estate,Retail REITs,178.71,188.43,132.99,178.79,177.67,180.34,178.97,169.87,167.38,166.09
SWKS,Skyworks Solutions,Information Technology,Semiconductors,75.78,94.69,47.01,75.52,74.16,75.34,75.55,73.81,72.59,71.41
SJM,J.M. Smucker Company (The),Consumer Staples,Packaged Foods & Meats,102.59,121.73,92.38,104.55,103.88,105.75,108.06,105.92,106.99,107.11
SW,Smurfit Westrock,Materials,Paper & Plastic Packaging Products & Materials,43.02,55.46,36.31,42.36,41.91,42.01,43.66,44.04,43.78,45.14
SNA,Snap-on,Industrials,Industrial Machinery & Supplies & Components,346.67,366.68,286.03,343.21,338.91,340.62,334.03,325.81,323.96,326.23
SOLV,Solventum,Health Care,Health Care Technology,72.27,85.92,60.7,72.59,71.89,72.36,72.62,73.37,72.81,72.9
SO,Southern Company,Utilities,Electric Utilities,96.15,100.84,78.5,97.22,98.03,96.55,94.22,92.88,92.0,89.74
LUV,Southwest Airlines,Industrials,Passenger Airlines,31.65,37.75,23.55,33.61,33.15,32.75,32.25,32.51,32.15,31.31
SWK,Stanley Black & Decker,Industrials,Industrial Machinery & Supplies & Components,70.4,100.86,52.62,69.49,67.9,70.71,73.63,70.95,69.53,72.21
SBUX,Starbucks,Consumer Discretionary,Restaurants,85.44,115.87,74.48,85.35,83.36,83.4,85.18,88.5,87.46,91.36
STT,State Street Corporation,Financials,Asset Management & Custody Banks,114.61,118.24,71.77,113.77,113.91,114.91,113.28,109.12,105.9,100.04
STLD,Steel Dynamics,Materials,Steel,150.72,156.24,102.41,148.43,146.46,144.53,137.0,133.22,132.62,129.4
STE,Steris,Health Care,Health Care Equipment,241.85,253.0,199.47,241.74,239.49,241.34,244.71,239.28,238.35,231.28
SYK,Stryker Corporation,Health Care,Health Care Equipment,383.06,403.95,327.71,381.36,374.53,371.71,379.07,382.41,381.97,378.49
SMCI,Supermicro,Information Technology,"Technology Hardware, Storage & Peripherals",47.92,66.44,17.25,52.49,53.1,52.71,47.46,48.07,46.11,42.68
SYF,Synchrony Financial,Financials,Consumer Finance,73.24,77.41,40.15,72.8,71.76,71.6,73.45,70.13,67.42,63.8
SNPS,Synopsys,Information Technology,Application Software,456.09,651.73,365.74,454.08,447.72,464.94,512.89,532.45,523.21,502.86
SYY,Sysco,Consumer Staples,Food Distributors,78.21,83.13,66.22,79.16,79.16,80.04,80.22,78.41,76.85,74.84
TMUS,T-Mobile US,Communication Services,Wireless Telecommunication Services,219.99,274.51,206.21,227.18,227.23,229.31,239.81,237.39,238.22,241.92
TROW,T. Rowe Price,Financials,Asset Management & Custody Banks,102.49,119.7,75.88,103.49,103.92,103.91,104.9,101.88,99.74,98.86
TTWO,Take-Two Interactive,Communication Services,Interactive Home Entertainment,254.53,264.79,156.53,258.8,258.11,257.89,247.29,240.25,237.84,224.65
TPR,"Tapestry, Inc.",Consumer Discretionary,"Apparel, Accessories & Luxury Goods",114.9,118.56,42.3,116.11,115.23,114.57,108.71,102.02,97.04,87.96
TRGP,Targa Resources,Energy,Oil & Gas Storage & Transportation,156.8,215.2,144.14,152.46,151.42,158.84,162.45,164.94,164.45,174.25
TGT,Target Corporation,Consumer Staples,Consumer Staples Merchandise Retail,94.25,152.54,85.36,93.01,90.78,89.98,92.31,96.23,95.91,102.82
TEL,TE Connectivity,Information Technology,Electronic Manufacturing Services,234.09,237.5,115.38,228.07,224.18,222.59,214.43,197.25,188.82,171.62
TDY,Teledyne Technologies,Information Technology,Electronic Equipment & Instruments,536.69,595.99,419.0,557.65,562.2,572.8,559.04,542.02,530.83,514.85
TER,Teradyne,Information Technology,Semiconductor Materials & Equipment,145.04,150.71,65.6,140.91,139.31,140.47,126.98,110.35,104.02,103.15
TSLA,"Tesla, Inc.",Consumer Discretionary,Automobile Manufacturers,448.98,488.54,212.11,443.46,435.98,438.7,396.04,357.78,350.26,335.59
TXN,Texas Instruments,Information Technology,Semiconductors,172.19,220.1,137.77,175.98,175.14,178.27,185.87,192.53,189.02,184.35
TPL,Texas Pacific Land Corporation,Energy,Oil & Gas Exploration & Production,937.64,1759.83,844.11,933.11,921.95,934.87,921.12,968.74,1036.31,1142.25
TXT,Textron,Industrials,Aerospace & Defense,79.47,89.19,57.67,81.77,82.0,83.68,82.27,81.02,79.44,76.88
TMO,Thermo Fisher Scientific,Health Care,Life Sciences Tools & Services,571.91,609.27,385.11,555.97,541.97,529.2,501.9,466.18,455.07,478.21
TJX,TJX Companies,Consumer Discretionary,Apparel Retail,142.4,146.46,110.34,143.31,143.01,142.72,140.08,132.78,131.98,128.04
TKO,TKO Group Holdings,Communication Services,Movies & Entertainment,186.85,212.49,113.01,187.22,188.07,192.9,192.74,181.34,177.3,167.42
TTD,Trade Desk (The),Communication Services,Advertising,54.13,141.53,42.96,52.88,51.98,51.61,50.63,62.9,64.02,69.84
TSCO,Tractor Supply,Consumer Discretionary,Other Specialty Retail,56.35,63.75,46.46,55.29,55.2,55.33,58.22,56.75,55.46,54.71
TT,Trane Technologies,Industrials,Building Products,415.85,475.11,296.82,416.55,417.81,419.78,416.22,425.39,422.44,396.12
TDG,TransDigm Group,Industrials,Aerospace & Defense,1350.0,1519.36,1107.45,1312.18,1293.16,1292.27,1294.91,1351.29,1347.29,1310.41
TRV,Travelers Companies (The),Financials,Property & Casualty Insurance,269.1,287.95,227.43,266.84,268.14,274.08,273.55,267.7,267.65,260.14
TRMB,Trimble Inc.,Information Technology,Electronic Equipment & Instruments,80.7,87.5,52.91,79.09,78.28,79.39,80.43,79.47,77.27,74.16
TFC,Truist Financial,Financials,Diversified Banks,43.61,47.46,32.72,43.42,43.06,44.18,45.02,43.78,42.83,42.32
TYL,Tyler Technologies,Information Technology,Application Software,516.25,661.31,483.56,512.77,507.94,508.46,534.1,555.41,556.55,567.61
TSN,Tyson Foods,Consumer Staples,Packaged Foods & Meats,51.81,63.75,51.07,52.37,52.39,53.11,54.56,54.52,54.77,55.99
USB,U.S. Bancorp,Financials,Diversified Banks,47.82,51.66,34.43,47.11,46.62,47.25,47.68,46.18,45.31,44.41
UBER,Uber,Industrials,Passenger Ground Transportation,94.61,101.99,59.33,93.17,93.46,95.68,95.34,92.52,91.25,84.18
UDR,"UDR, Inc.",Real Estate,Multi-Family Residential REITs,36.31,44.96,35.21,36.37,36.22,36.18,37.18,38.42,38.89,39.73
ULTA,Ulta Beauty,Consumer Discretionary,Other Specialty Retail,524.48,572.23,309.01,525.39,533.6,545.47,532.23,509.01,489.05,446.32
UNP,Union Pacific Corporation,Industrials,Rail Transportation,220.04,252.32,202.16,225.03,225.33,230.03,224.73,225.05,223.82,227.11
UAL,United Airlines Holdings,Industrials,Passenger Airlines,95.68,116.0,52.0,98.5,99.38,98.17,101.68,93.19,89.74,88.85
UPS,United Parcel Service,Industrials,Air Freight & Logistics,87.03,136.36,82.0,87.1,85.53,85.4,85.5,90.57,91.36,98.27
URI,United Rentals,Industrials,Trading Companies & Distributors,914.3,1021.47,523.58,977.75,983.95,977.9,955.47,872.57,834.99,769.97
UNH,UnitedHealth Group,Health Care,Managed Health Care,360.45,617.34,233.13,361.68,359.93,357.81,335.71,311.34,316.91,387.25
UHS,Universal Health Services,Health Care,Health Care Facilities,208.63,234.15,152.16,207.53,204.46,204.53,193.52,183.57,184.07,182.65
VLO,Valero Energy,Energy,Oil & Gas Refining & Marketing,173.13,178.43,97.37,162.13,160.96,163.57,157.98,148.02,143.24,136.77
VTR,Ventas,Real Estate,Health Care REITs,69.96,72.02,55.47,70.56,69.44,69.25,68.29,66.33,65.97,65.09
VLTO,Veralto,Industrials,Environmental & Facilities Services,104.87,114.5,83.69,103.84,102.83,104.09,105.68,103.91,102.81,100.74
VRSN,Verisign,Information Technology,Internet Services & Infrastructure,250.58,309.71,174.64,260.14,261.61,267.93,273.97,277.0,277.19,260.15
VRSK,Verisk Analytics,Industrials,Research & Consulting Services,234.79,321.9,228.09,235.38,237.85,242.39,253.74,275.45,281.39,283.91
VZ,Verizon,Communication Services,Integrated Telecommunication Services,38.4,45.09,35.79,39.97,40.07,41.01,42.34,41.99,42.01,41.33
VRTX,Vertex Pharmaceuticals,Health Care,Biotechnology,422.63,519.88,362.5,422.25,415.51,409.67,398.37,422.72,428.84,445.42
VTRS,Viatris,Health Care,Pharmaceuticals,10.31,13.04,6.68,10.32,10.12,10.04,10.15,9.57,9.35,9.39
VICI,Vici Properties,Real Estate,Hotel & Resort REITs,31.42,33.54,26.86,31.19,31.1,31.68,32.18,32.2,31.93,31.19
V,Visa Inc.,Financials,Transaction & Payment Processing Services,345.96,374.85,278.82,344.97,344.12,345.19,344.66,347.94,349.19,344.28
VST,Vistra Corp.,Utilities,Electric Utilities,191.37,219.82,90.3,191.86,199.25,200.81,199.55,194.79,185.56,168.47
VMC,Vulcan Materials Company,Materials,Construction Materials,292.06,311.74,214.34,294.82,298.67,300.96,296.37,282.35,279.03,267.81
WRB,W. R. Berkley Corporation,Financials,Property & Casualty Insurance,75.24,78.48,55.38,74.56,75.64,76.17,73.88,72.28,72.24,68.61
GWW,W. W. Grainger,Industrials,Industrial Machinery & Supplies & Components,964.07,1219.65,889.92,965.9,958.49,957.67,981.53,1005.62,1016.89,1016.35
WAB,Wabtec,Industrials,Construction Machinery & Heavy Transportation Equipment,196.95,215.82,151.42,195.73,195.0,196.77,193.86,198.37,198.01,193.8
WBA,Walgreens Boots Alliance,Consumer Staples,Drug Retail,11.98,,,11.98,12.03,11.93,11.67,11.39,11.33,10.81
WMT,Walmart,Consumer Staples,Consumer Staples Merchandise Retail,106.86,109.58,79.43,107.0,106.17,104.37,102.14,99.76,99.22,96.74
DIS,Walt Disney Company (The),Communication Services,Movies & Entertainment,113.03,124.69,79.76,112.61,111.53,112.19,114.68,116.73,114.34,109.72
WBD,Warner Bros. Discovery,Communication Services,Broadcasting,21.25,21.55,7.25,19.72,18.82,18.85,16.22,13.89,12.93,11.82
WM,Waste Management,Industrials,Environmental & Facilities Services,216.11,240.84,197.52,215.67,215.98,217.4,219.78,224.86,226.14,224.54
WAT,Waters Corporation,Health Care,Life Sciences Tools & Services,355.68,423.56,275.05,346.27,339.91,327.71,309.87,315.89,322.75,342.08
WEC,WEC Energy Group,Utilities,Electric Utilities,115.91,118.19,89.63,116.85,116.43,115.12,111.19,108.46,107.93,105.58
WFC,Wells Fargo,Financials,Diversified Banks,84.46,87.47,57.76,84.48,83.4,82.55,81.66,80.11,78.74,76.22
WELL,Welltower,Real Estate,Health Care REITs,176.06,180.4,121.46,175.98,172.65,173.46,169.61,163.22,160.36,153.62
WST,West Pharmaceutical Services,Health Care,Health Care Supplies,307.25,351.24,187.09,281.83,272.47,269.58,258.19,243.36,237.03,244.52
WDC,Western Digital,Information Technology,"Technology Hardware, Storage & Peripherals",125.72,137.4,28.74,123.07,120.91,121.6,102.97,84.22,76.89,64.76
WY,Weyerhaeuser,Real Estate,Timber REITs,23.85,31.95,23.23,23.61,23.72,24.25,24.89,25.38,25.41,26.52
WSM,"Williams-Sonoma, Inc.",Consumer Discretionary,Homefurnishing Retail,188.03,217.31,123.45,188.42,187.93,190.89,195.25,184.05,179.66,179.71
WMB,Williams Companies,Energy,Oil & Gas Storage & Transportation,58.93,65.55,49.72,61.79,62.29,63.03,60.06,59.35,59.08,57.97
WTW,Willis Towers Watson,Financials,Insurance Brokers,331.38,352.79,283.83,331.16,334.01,339.27,335.19,321.39,318.66,320.11
WDAY,"Workday, Inc.",Information Technology,Application Software,243.28,294.0,205.33,241.45,237.65,238.02,233.13,234.66,238.81,242.4
WYNN,Wynn Resorts,Consumer Discretionary,Casinos & Gaming,125.4,134.23,64.93,121.13,118.82,122.97,121.78,111.21,106.75,97.63
XEL,Xcel Energy,Utilities,Multi-Utilities,80.41,83.01,60.62,80.84,80.9,80.76,75.81,72.51,71.84,70.06
XYL,Xylem Inc.,Industrials,Industrial Machinery & Supplies & Components,147.69,151.16,99.87,146.71,146.1,146.76,143.56,137.68,134.83,129.34
YUM,Yum! Brands,Consumer Discretionary,Restaurants,146.37,161.72,120.38,147.14,144.96,147.39,147.27,145.97,145.89,145.05
ZBRA,Zebra Technologies,Information Technology,Electronic Equipment & Instruments,313.89,427.76,205.73,303.5,295.16,297.14,307.82,311.23,304.63,308.29
ZBH,Zimmer Biomet,Health Care,Health Care Equipment,103.16,113.87,88.77,102.9,100.2,99.45,101.62,97.62,97.16,100.25
ZTS,Zoetis,Health Care,Pharmaceuticals,146.39,187.7,138.77,145.74,144.09,144.43,148.29,152.0,153.61,156.67
