Symbol,Company,GICS_Sector,GICS_Sub_Industry,Current_Price,High_52_Week,Low_52_Week,SMA5,SMA10,SMA20,SMA50,SMA200,Score,Target_Pcnt,Target_Price,Stop_Loss
MMM,3M,Industrials,Industrial Conglomerates,171.6,171.6,122.31,162.58,157.02,156.29,155.6,148.14,0.0,-2.28,167.69,144.89
AOS,A. O. Smith,Industrials,Building Products,69.04,76.7,59.04,69.55,69.06,70.69,71.75,67.96,-0.2,8.04,74.59,66.79
ABT,Abbott Laboratories,Health Care,Health Care Equipment,126.34,138.33,109.61,127.98,129.24,131.12,131.63,129.37,-0.4,7.53,135.85,126.4
ABBV,AbbVie,Health Care,Biotechnology,228.25,242.63,159.42,229.99,228.8,229.33,218.78,195.04,0.2,4.49,238.5,220.16
ACN,Accenture,Information Technology,IT Consulting & Other Services,249.81,394.31,232.56,246.01,243.25,245.14,246.96,297.78,0.0,2.12,255.11,235.17
ADBE,Adobe Inc.,Information Technology,Application Software,354.12,552.96,329.23,348.48,341.51,346.21,351.57,385.65,0.0,2.93,364.5,327.94
AMD,Advanced Micro Devices,Information Technology,Semiconductors,234.99,240.56,78.21,235.38,229.95,208.21,180.95,135.28,0.2,14.86,269.91,146.52
AES,AES Corporation,Utilities,Independent Power Producers & Energy Traders,14.2,16.13,9.5,14.36,14.43,14.3,13.58,11.78,0.0,8.31,15.38,13.22
AFL,Aflac,Financials,Life & Health Insurance,107.55,113.07,97.56,108.01,108.93,110.32,108.58,105.04,0.0,6.02,114.02,106.62
A,Agilent Technologies,Health Care,Life Sciences Tools & Services,147.46,151.65,98.88,144.79,141.76,138.63,129.49,122.94,0.0,2.7,151.44,125.81
APD,Air Products,Materials,Industrial Gases,254.93,331.69,245.41,254.04,256.07,262.46,277.49,284.58,-0.2,8.46,276.5,248.43
ABNB,Airbnb,Consumer Discretionary,"Hotels, Resorts & Cruise Lines",127.35,161.42,105.69,127.31,124.36,122.8,124.3,129.28,-0.2,1.2,128.88,116.72
AKAM,Akamai Technologies,Information Technology,Internet Services & Infrastructure,74.61,105.46,68.21,74.51,74.03,75.35,76.25,80.65,0.2,5.33,78.59,72.11
ALB,Albemarle Corporation,Materials,Specialty Chemicals,97.36,108.94,50.16,93.77,94.47,91.59,84.81,73.31,0.0,3.35,100.62,82.56
ARE,Alexandria Real Estate Equities,Real Estate,Office REITs,76.91,112.76,65.57,76.64,75.75,78.26,80.03,80.7,-0.2,11.14,85.48,71.04
ALGN,Align Technology,Health Care,Health Care Supplies,136.0,240.52,124.88,134.64,131.66,130.48,134.31,171.76,0.0,0.87,137.18,123.78
ALLE,Allegion,Industrials,Building Products,171.22,179.47,118.08,176.33,175.9,176.31,173.93,146.72,-0.4,5.21,180.14,172.48
LNT,Alliant Energy,Utilities,Electric Utilities,68.6,68.63,54.87,68.41,68.2,67.69,66.02,62.29,0.2,0.86,69.19,66.19
ALL,Allstate,Financials,Property & Casualty Insurance,194.46,214.65,178.34,194.53,198.88,205.05,204.43,197.84,0.0,13.11,219.95,190.14
GOOGL,Alphabet Inc. (Class A),Communication Services,Interactive Media & Services,253.08,256.55,144.4,253.02,249.37,247.29,235.34,190.06,0.0,1.41,256.65,237.93
GOOG,Alphabet Inc. (Class C),Communication Services,Interactive Media & Services,253.73,257.02,146.27,253.68,250.03,248.01,235.97,191.36,0.0,1.4,257.28,238.72
MO,Altria,Consumer Staples,Tobacco,64.57,66.65,46.33,64.44,64.82,65.33,65.32,58.06,0.2,3.55,66.86,63.8
AMZN,Amazon,Consumer Discretionary,Broadline Retail,221.09,242.06,167.32,218.12,217.35,219.66,225.28,214.18,0.0,2.53,226.68,212.63
AMCR,Amcor,Materials,Paper & Plastic Packaging Products & Materials,8.23,10.7,7.82,8.16,8.1,8.09,8.27,9.15,-0.2,0.85,8.3,7.88
AEE,Ameren,Utilities,Multi-Utilities,104.33,105.69,83.42,105.17,104.79,104.21,101.63,97.37,0.2,1.73,106.13,102.28
AEP,American Electric Power,Utilities,Electric Utilities,116.18,118.53,87.97,117.25,117.45,115.76,112.27,105.1,0.2,4.41,121.3,110.22
AXP,American Express,Financials,Consumer Finance,354.93,355.22,230.22,351.65,338.43,334.48,328.4,300.15,0.0,0.72,357.49,311.49
AIG,American International Group,Financials,Multi-line Insurance,78.85,86.75,68.89,78.24,79.55,80.22,79.7,79.75,-0.1,7.52,84.78,75.67
AMT,American Tower,Real Estate,Telecom Tower REITs,190.3,230.32,169.21,191.65,189.61,189.6,194.54,202.77,0.0,2.87,195.76,183.45
AWK,American Water Works,Utilities,Water Utilities,142.58,150.19,118.87,143.94,142.96,140.76,140.73,138.31,0.2,2.82,146.6,134.91
AMP,Ameriprise Financial,Financials,Asset Management & Custody Banks,478.15,569.83,419.45,474.64,476.99,485.12,494.94,505.6,0.0,5.43,504.11,466.14
AME,Ametek,Industrials,Electrical Components & Equipment,189.2,196.08,150.9,187.06,185.29,185.12,185.79,179.28,-0.2,0.45,190.05,180.17
AMGN,Amgen,Health Care,Biotechnology,292.89,321.88,252.22,298.43,296.17,293.22,287.78,287.25,0.2,5.45,308.85,277.6
APH,Amphenol,Information Technology,Electronic Components,135.31,135.31,58.9,128.4,126.32,125.05,118.82,90.34,0.4,-3.02,131.22,118.87
ADI,Analog Devices,Information Technology,Semiconductors,243.29,254.62,163.21,243.82,239.43,240.37,243.69,222.09,-0.2,3.07,250.76,229.97
AON,Aon plc,Financials,Insurance Brokers,341.35,407.61,334.44,343.72,349.15,355.1,361.34,367.08,-0.2,8.91,371.76,338.44
APA,APA Corporation,Energy,Oil & Gas Exploration & Production,24.62,24.84,13.47,22.87,22.7,23.48,22.81,19.86,0.0,3.41,25.46,21.5
APO,Apollo Global Management,Financials,Asset Management & Custody Banks,123.05,176.82,107.9,124.43,123.9,126.62,132.95,139.95,0.0,11.0,136.59,116.66
AAPL,Apple Inc.,Information Technology,"Technology Hardware, Storage & Peripherals",259.58,262.77,172.0,259.07,253.28,254.66,243.54,222.05,0.2,1.84,264.36,244.96
AMAT,Applied Materials,Information Technology,Semiconductor Materials & Equipment,228.47,228.47,126.23,225.63,223.11,218.84,190.34,173.24,0.0,2.65,234.52,203.17
APP,AppLovin,Information Technology,Application Software,589.7,718.54,158.95,574.48,583.04,622.53,564.56,397.96,0.0,23.2,726.51,518.56
APTV,Aptiv,Consumer Discretionary,Automotive Parts & Equipment,84.97,87.98,47.92,84.24,83.35,84.71,82.25,68.62,0.0,4.4,88.71,80.71
ACGL,Arch Capital Group,Financials,Property & Casualty Insurance,87.46,102.5,84.99,87.3,88.93,90.08,90.49,91.27,0.0,8.22,94.65,85.52
ADM,Archer Daniels Midland,Consumer Staples,Agricultural Products & Services,62.51,64.21,41.01,62.53,62.33,61.61,61.52,52.2,0.0,2.67,64.18,59.04
ANET,Arista Networks,Information Technology,Communications Equipment,152.76,158.23,64.37,146.97,146.46,147.29,142.89,109.29,-0.2,2.78,157.01,137.57
AJG,Arthur J. Gallagher & Co.,Financials,Insurance Brokers,282.49,347.33,274.22,280.85,288.41,297.84,298.32,313.42,-0.2,13.78,321.42,274.27
AIZ,Assurant,Financials,Multi-line Insurance,211.58,225.29,178.36,210.17,213.0,215.41,213.69,202.52,0.2,5.77,223.79,207.03
T,AT&T,Communication Services,Integrated Telecommunication Services,24.62,29.3,20.58,25.73,25.85,26.31,27.79,26.53,0.0,13.77,28.01,24.62
ATO,Atmos Energy,Utilities,Gas Utilities,175.75,179.19,134.17,176.81,176.93,174.27,168.76,155.25,0.2,2.96,180.95,167.58
ADSK,Autodesk,Information Technology,Application Software,309.84,326.79,238.84,308.03,306.31,312.03,310.23,292.77,-0.2,5.16,325.83,298.23
ADP,Automatic Data Processing,Industrials,Human Resource & Employment Services,281.55,323.5,273.96,282.76,283.36,287.21,293.1,299.5,-0.2,5.05,295.77,278.63
AZO,AutoZone,Consumer Discretionary,Automotive Retail,3850.0,4354.54,2981.19,3970.44,4011.64,4092.53,4142.77,3757.93,-0.4,12.47,4330.1,3854.8
AVB,AvalonBay Communities,Real Estate,Multi-Family Residential REITs,189.04,229.94,181.07,187.91,186.26,188.01,189.79,200.27,0.0,2.47,193.71,182.33
AVY,Avery Dennison,Materials,Paper & Plastic Packaging Products & Materials,186.28,208.19,157.49,169.71,164.38,163.13,166.47,174.32,0.0,-5.13,176.72,149.54
AXON,Axon Enterprise,Industrials,Aerospace & Defense,716.39,870.97,423.5,695.67,689.32,704.04,733.59,680.19,0.0,4.71,750.13,657.97
BKR,Baker Hughes,Energy,Oil & Gas Equipment & Services,48.89,50.55,34.6,46.88,45.89,47.37,46.4,42.27,0.4,4.54,51.11,43.62
BALL,Ball Corporation,Materials,"Metal, Glass & Plastic Containers",49.7,64.53,44.6,49.17,48.32,48.92,50.18,52.27,0.2,2.92,51.15,46.7
BAC,Bank of America,Financials,Diversified Banks,51.76,52.42,34.0,51.54,50.8,50.82,50.33,45.26,0.0,2.26,52.93,48.71
BAX,Baxter International,Health Care,Health Care Equipment,22.99,36.11,21.61,22.98,22.75,22.82,23.41,28.55,0.0,3.22,23.73,21.91
BDX,Becton Dickinson,Health Care,Health Care Equipment,186.53,245.13,163.27,188.75,187.74,188.84,189.84,196.78,0.0,4.33,194.61,183.07
BRK-B,Berkshire Hathaway,Financials,Multi-Sector Holdings,490.16,539.8,442.29,491.95,492.2,495.79,493.88,493.57,0.2,2.88,504.28,487.29
BBY,Best Buy,Consumer Discretionary,Computer & Electronics Retail,82.43,89.54,54.69,81.44,78.92,77.52,75.15,72.44,0.2,0.9,83.17,71.88
TECH,Bio-Techne,Health Care,Life Sciences Tools & Services,66.06,78.41,46.59,63.54,61.65,60.14,56.17,57.04,-0.1,1.54,67.08,53.19
BIIB,Biogen,Health Care,Biotechnology,150.08,185.9,113.38,146.73,145.61,147.42,142.86,135.15,-0.2,5.9,158.93,135.9
BLK,BlackRock,Financials,Asset Management & Custody Banks,1125.0,1202.59,807.61,1141.17,1156.15,1159.98,1138.59,1020.65,0.0,6.68,1200.15,1119.76
BX,Blackstone Inc.,Financials,Asset Management & Custody Banks,154.98,194.8,118.51,158.98,159.27,163.65,170.57,156.03,-0.2,13.37,175.7,151.6
XYZ,"Block, Inc.",Financials,Transaction & Payment Processing Services,78.56,98.92,46.53,76.78,76.04,76.38,76.3,69.56,0.0,2.99,80.91,71.86
BK,BNY Mellon,Financials,Asset Management & Custody Banks,106.68,109.75,72.47,107.04,106.88,107.15,105.9,91.57,0.0,2.85,109.72,104.58
BA,Boeing,Industrials,Aerospace & Defense,217.77,237.38,136.59,216.28,214.79,216.69,221.92,198.46,0.0,2.58,223.39,210.0
BKNG,Booking Holdings,Consumer Discretionary,"Hotels, Resorts & Cruise Lines",5093.47,5805.92,4149.83,5164.39,5155.41,5256.72,5433.77,5163.9,0.2,9.18,5561.05,4952.42
BSX,Boston Scientific,Health Care,Health Care Equipment,102.39,108.14,83.62,101.18,98.8,97.85,101.17,101.68,0.2,-0.04,102.35,93.35
BMY,Bristol Myers Squibb,Health Care,Pharmaceuticals,43.83,60.79,42.72,44.0,43.83,44.31,45.42,49.34,0.2,4.91,45.98,42.64
AVGO,Broadcom,Information Technology,Semiconductors,344.29,368.94,145.7,345.16,345.68,341.07,330.51,253.82,0.0,4.02,358.13,324.03
BR,Broadridge Financial Solutions,Industrials,Data Processing & Outsourced Services,232.1,265.85,206.47,231.41,231.54,233.65,244.2,238.91,0.0,3.12,239.34,227.96
BRO,Brown & Brown,Financials,Insurance Brokers,88.77,124.07,87.42,88.34,90.83,92.57,93.68,105.67,-0.2,11.07,98.6,86.54
BF-B,Brown–Forman,Consumer Staples,Distillers & Vintners,28.11,47.66,25.45,28.51,27.91,27.71,28.25,30.77,-0.2,2.92,28.93,26.48
BLDR,Builders FirstSource,Industrials,Building Products,124.2,189.03,105.63,123.49,123.8,124.57,131.59,130.38,0.2,5.44,130.96,118.17
BG,Bunge Global,Consumer Staples,Agricultural Products & Services,96.69,97.5,67.23,96.33,91.42,87.06,84.06,77.92,0.0,3.43,100.01,74.11
BXP,"BXP, Inc.",Real Estate,Office REITs,73.73,83.19,55.53,72.13,71.29,72.82,72.38,67.9,0.2,4.25,76.86,68.78
CHRW,C.H. Robinson,Industrials,Air Freight & Logistics,125.41,137.09,85.99,127.14,126.74,129.87,129.03,105.5,0.0,9.14,136.87,122.87
CDNS,Cadence Design Systems,Information Technology,Application Software,337.27,373.37,231.64,331.4,329.03,339.21,347.06,307.77,-0.4,6.93,360.64,317.79
CPT,Camden Property Trust,Real Estate,Multi-Family Residential REITs,104.98,122.47,101.67,103.66,102.74,103.56,106.03,111.32,0.0,1.59,106.65,100.47
CPB,Campbell's Company (The),Consumer Staples,Packaged Foods & Meats,31.05,45.59,29.8,31.08,30.68,30.9,31.87,34.23,-0.2,3.35,32.09,29.72
COF,Capital One,Financials,Consumer Finance,220.04,229.74,149.68,216.74,212.62,213.92,219.09,199.19,0.2,2.18,224.84,202.99
CAH,Cardinal Health,Health Care,Health Care Distributors,159.16,167.08,106.36,158.21,156.54,156.34,152.22,144.4,0.0,0.63,160.16,152.51
KMX,CarMax,Consumer Discretionary,Automotive Retail,43.12,89.19,42.9,43.52,43.62,44.49,53.31,66.58,0.0,8.49,46.78,42.2
CCL,Carnival,Consumer Discretionary,"Hotels, Resorts & Cruise Lines",29.44,32.49,16.43,29.32,28.84,28.91,30.19,25.51,0.0,2.89,30.29,27.54
CARR,Carrier Global,Industrials,Building Products,57.12,80.73,55.21,57.51,57.25,58.26,61.47,66.4,0.4,6.39,60.77,55.74
CAT,Caterpillar Inc.,Industrials,Construction Machinery & Heavy Transportation Equipment,520.5,539.41,270.85,523.16,520.69,503.06,460.82,382.17,0.0,5.07,546.89,459.25
CBOE,Cboe Global Markets,Financials,Financial Exchanges & Data,237.25,253.24,189.73,236.92,238.87,240.31,239.61,225.16,0.2,4.08,246.93,233.67
CBRE,CBRE Group,Real Estate,Real Estate Services,164.2,165.9,113.94,161.17,157.58,156.45,159.78,140.77,0.2,-0.23,163.82,149.07
CDW,CDW Corporation,Information Technology,Technology Distributors,158.48,216.84,143.46,155.84,152.2,155.34,161.12,171.14,0.0,4.22,165.17,145.52
COR,Cencora,Health Care,Health Care Distributors,328.56,330.8,223.33,328.05,323.22,316.08,303.33,281.7,0.0,1.27,332.73,299.44
CNC,Centene Corporation,Health Care,Managed Health Care,34.36,65.89,25.21,35.47,35.73,36.34,32.86,48.16,-0.3,12.83,38.77,33.9
CNP,CenterPoint Energy,Utilities,Multi-Utilities,39.6,40.22,27.88,39.91,39.7,39.33,38.5,36.23,0.4,2.05,40.41,38.25
CF,CF Industries,Materials,Fertilizers & Agricultural Chemicals,86.93,101.88,67.67,84.72,85.43,87.82,86.67,85.54,0.0,7.8,93.71,81.93
CRL,Charles River Laboratories,Health Care,Life Sciences Tools & Services,190.97,220.69,99.75,185.78,178.24,172.41,163.45,154.65,0.0,2.11,195.0,149.83
SCHW,Charles Schwab Corporation,Financials,Investment Banking & Brokerage,94.6,98.69,68.65,94.62,93.97,94.12,94.51,86.42,-0.2,1.85,96.35,91.88
CHTR,Charter Communications,Communication Services,Cable & Satellite,243.92,427.25,243.92,249.21,255.04,264.92,265.19,339.75,-0.2,18.08,288.02,241.82
CVX,Chevron Corporation,Energy,Integrated Oil & Gas,156.56,164.65,130.67,154.7,153.05,153.89,155.84,148.76,0.0,1.19,158.42,149.36
CMG,Chipotle Mexican Grill,Consumer Discretionary,Restaurants,41.8,66.16,38.58,41.85,41.56,41.01,41.06,49.11,-0.2,2.75,42.95,39.07
CB,Chubb Limited,Financials,Property & Casualty Insurance,282.94,301.45,256.04,273.03,276.18,279.91,277.52,279.65,0.1,3.44,292.67,267.15
CHD,Church & Dwight,Consumer Staples,Household Products,86.71,112.48,85.84,87.88,87.42,87.72,90.51,98.17,0.2,3.36,89.62,85.81
CI,Cigna,Health Care,Health Care Services,305.07,336.71,260.91,305.31,301.05,299.71,298.44,304.2,-0.1,3.27,315.05,284.37
CINF,Cincinnati Financial,Financials,Property & Casualty Insurance,155.72,165.69,125.14,155.08,155.87,158.59,155.37,145.16,0.0,6.92,166.5,150.68
CTAS,Cintas,Industrials,Diversified Support Services,192.34,227.2,181.05,192.56,189.87,195.5,202.45,208.01,-0.2,8.62,208.92,182.08
CSCO,Cisco,Information Technology,Communications Equipment,70.27,71.36,52.55,70.49,69.51,68.98,67.93,63.64,0.2,1.61,71.4,66.56
C,Citigroup,Financials,Diversified Banks,96.69,103.49,57.29,97.52,97.35,98.19,97.83,82.23,0.2,6.44,102.92,93.47
CFG,Citizens Financial Group,Financials,Regional Banks,50.96,54.0,33.59,50.4,50.34,51.71,51.5,44.75,0.2,7.83,54.95,48.46
CLX,Clorox,Consumer Staples,Household Products,116.33,163.6,115.61,118.0,117.96,119.23,120.13,131.7,0.0,5.79,123.07,115.4
CME,CME Group,Financials,Financial Exchanges & Data,268.9,288.01,211.73,268.18,268.14,267.48,266.29,262.7,0.0,1.6,273.2,261.74
CMS,CMS Energy,Utilities,Multi-Utilities,74.56,75.31,63.54,74.83,74.62,73.7,72.42,70.65,0.2,1.74,75.86,71.54
KO,Coca-Cola Company (The),Consumer Staples,Soft Drinks & Non-alcoholic Beverages,69.94,72.82,59.48,69.77,68.49,67.39,67.61,68.15,0.0,0.83,70.52,64.26
CTSH,Cognizant,Information Technology,IT Consulting & Other Services,68.03,89.65,65.47,67.59,66.96,67.23,69.04,75.46,-0.2,1.54,69.08,65.39
COIN,Coinbase,Financials,Financial Exchanges & Data,322.76,419.78,151.47,332.3,338.36,350.1,329.3,279.63,0.2,22.78,396.28,303.9
CL,Colgate-Palmolive,Consumer Staples,Household Products,78.44,97.39,76.47,78.96,78.12,78.18,81.0,86.66,0.0,2.1,80.09,76.27
CMCSA,Comcast,Communication Services,Cable & Satellite,29.3,43.5,29.26,29.56,29.56,30.2,31.75,33.65,0.0,7.95,31.63,28.78
CAG,Conagra Brands,Consumer Staples,Packaged Foods & Meats,18.47,28.08,18.04,18.59,18.48,18.59,18.84,21.86,0.2,4.22,19.25,17.92
COP,ConocoPhillips,Energy,Oil & Gas Exploration & Production,90.08,110.98,81.29,87.49,87.67,91.22,93.38,93.18,-0.4,9.74,98.85,83.59
ED,Consolidated Edison,Utilities,Multi-Utilities,100.77,111.42,85.77,101.44,101.57,100.55,99.35,100.46,0.3,2.38,103.17,97.93
STZ,Constellation Brands,Consumer Staples,Distillers & Vintners,139.72,240.13,131.78,140.63,140.54,139.76,145.55,168.42,0.2,3.71,144.9,134.63
CEG,Constellation Energy,Utilities,Electric Utilities,365.8,403.95,170.52,366.23,377.06,365.5,337.4,292.98,-0.2,10.99,406.0,325.02
COO,Cooper Companies (The),Health Care,Health Care Supplies,74.52,107.82,64.32,74.19,72.01,70.53,69.79,77.94,-0.1,1.13,75.36,65.71
CPRT,Copart,Industrials,Diversified Support Services,44.67,63.84,43.88,44.89,44.58,44.63,46.4,52.26,-0.2,1.9,45.52,43.74
GLW,Corning Inc.,Information Technology,Electronic Components,85.84,87.19,38.69,85.16,85.22,84.39,76.83,56.41,0.0,3.24,88.62,80.15
CPAY,Corpay,Financials,Transaction & Payment Processing Services,284.45,389.55,277.5,285.29,284.42,287.37,303.02,330.72,0.0,4.23,296.48,278.27
CTVA,Corteva,Materials,Fertilizers & Agricultural Chemicals,63.48,76.93,54.65,62.39,62.2,63.48,68.6,66.64,-0.2,6.63,67.69,59.28
CSGP,CoStar Group,Real Estate,Real Estate Services,77.66,96.83,69.29,76.13,75.67,78.99,84.45,80.81,-0.2,11.55,86.63,71.34
COST,Costco,Consumer Staples,Consumer Staples Merchandise Retail,942.05,1073.97,869.72,939.33,938.94,929.04,946.67,971.13,0.0,1.37,954.96,903.14
CTRA,Coterra,Energy,Oil & Gas Exploration & Production,23.74,29.06,21.94,23.32,23.15,23.46,23.75,25.21,0.0,2.82,24.41,22.51
CRWD,CrowdStrike,Information Technology,Systems Software,521.98,521.98,296.87,502.86,497.68,496.16,461.39,431.2,0.0,-0.89,517.33,474.97
CCI,Crown Castle,Real Estate,Telecom Tower REITs,98.27,112.64,81.15,98.19,97.81,96.74,96.66,96.84,-0.1,1.1,99.35,94.14
CSX,CSX Corporation,Industrials,Rail Transportation,35.53,36.67,26.47,36.09,35.99,35.8,34.39,32.17,0.2,3.94,36.93,34.68
CMI,Cummins,Industrials,Construction Machinery & Heavy Transportation Equipment,417.74,438.88,264.26,413.91,415.43,422.01,412.1,352.47,-0.2,5.3,439.88,404.14
CVS,CVS Health,Health Care,Health Care Services,81.07,83.04,42.33,82.22,80.92,78.77,75.17,65.57,0.2,3.34,83.78,73.76
DHR,Danaher Corporation,Health Care,Life Sciences Tools & Services,222.73,259.7,174.06,215.81,210.98,207.36,202.35,203.06,0.1,1.51,226.09,188.61
DRI,Darden Restaurants,Consumer Discretionary,Restaurants,186.46,222.41,154.1,187.49,186.65,188.05,196.86,198.4,0.2,3.68,193.32,182.77
DDOG,Datadog,Information Technology,Application Software,156.59,168.65,87.0,155.24,157.12,154.71,142.32,127.4,0.2,7.31,168.04,141.38
DVA,DaVita,Health Care,Health Care Services,128.02,177.35,123.91,127.89,126.52,128.45,132.1,143.59,0.0,4.6,133.91,123.0
DAY,Dayforce,Industrials,Human Resource & Employment Services,68.5,81.8,49.33,68.38,68.32,68.59,68.12,61.71,-0.2,1.02,69.2,67.98
DECK,Deckers Brands,Consumer Discretionary,Footwear,102.54,223.11,95.07,101.28,99.46,100.67,108.64,123.1,-0.2,3.18,105.8,95.55
DE,Deere & Company,Industrials,Agricultural & Farm Machinery,469.42,527.96,384.05,462.51,455.16,457.36,469.17,479.52,-0.2,0.45,471.53,443.19
DELL,Dell Technologies,Information Technology,"Technology Hardware, Storage & Peripherals",154.23,163.95,70.63,150.04,150.53,148.07,136.67,115.02,0.0,5.47,162.67,133.48
DAL,Delta Air Lines,Industrials,Passenger Airlines,58.77,68.24,35.54,60.5,60.13,58.66,59.37,54.03,0.0,6.38,62.52,54.8
DVN,Devon Energy,Energy,Oil & Gas Exploration & Production,33.44,39.08,26.43,32.32,32.46,33.78,34.3,33.37,-0.2,9.78,36.71,30.86
DXCM,Dexcom,Health Care,Health Care Equipment,71.06,90.75,59.83,69.31,67.48,67.17,72.68,78.62,0.0,-0.83,70.47,63.88
FANG,Diamondback Energy,Energy,Oil & Gas Exploration & Production,147.17,181.42,117.58,142.25,141.64,143.84,142.34,145.07,-0.1,2.13,150.3,137.37
DLR,Digital Realty,Real Estate,Data Center REITs,175.39,190.11,134.22,173.02,172.62,173.18,169.86,164.36,-0.2,1.14,177.39,168.98
DG,Dollar General,Consumer Staples,Consumer Staples Merchandise Retail,102.99,115.62,67.25,104.85,103.93,101.8,105.35,95.13,0.0,4.6,107.73,95.88
DLTR,Dollar Tree,Consumer Staples,Consumer Staples Merchandise Retail,100.62,117.16,61.21,99.1,96.13,93.25,99.69,89.23,0.0,1.65,102.28,84.22
D,Dominion Energy,Utilities,Multi-Utilities,60.68,61.69,48.51,60.9,61.06,60.99,60.21,55.93,0.0,1.85,61.8,60.18
DPZ,Domino's,Consumer Discretionary,Restaurants,421.76,493.69,397.61,421.13,417.89,421.0,436.48,452.76,-0.2,4.0,438.63,403.36
DASH,DoorDash,Consumer Discretionary,Specialized Consumer Services,254.59,281.74,150.92,259.46,264.67,268.88,259.59,219.11,0.2,11.48,283.82,253.94
DOV,Dover Corporation,Industrials,Industrial Machinery & Supplies & Components,181.22,204.71,150.28,171.46,167.12,166.53,172.02,179.62,0.2,-3.31,175.22,157.84
DOW,Dow Inc.,Materials,Commodity Chemicals,24.51,48.4,20.57,22.3,21.96,22.48,23.33,28.93,0.2,-0.82,24.31,20.64
DHI,D. R. Horton,Consumer Discretionary,Homebuilding,158.55,184.04,114.44,156.57,155.19,161.0,166.69,139.76,0.0,11.45,176.7,145.29
DTE,DTE Energy,Utilities,Multi-Utilities,141.54,143.32,113.22,142.35,141.79,141.24,138.33,132.3,0.2,1.38,143.49,138.99
DUK,Duke Energy,Utilities,Electric Utilities,127.26,129.03,102.96,128.42,127.91,125.8,123.63,117.38,0.2,2.57,130.53,121.07
DD,DuPont,Materials,Specialty Chemicals,81.29,84.81,54.51,80.53,78.65,78.62,77.21,72.86,0.0,1.49,82.5,74.75
EMN,Eastman Chemical Company,Materials,Specialty Chemicals,63.08,102.79,58.06,61.85,60.89,61.86,64.48,77.39,-0.2,2.74,64.81,58.9
ETN,Eaton Corporation,Industrials,Electrical Components & Equipment,372.4,391.62,244.95,371.49,373.36,373.47,363.61,330.64,0.0,2.89,383.16,363.8
EBAY,eBay Inc.,Consumer Discretionary,Broadline Retail,95.52,100.46,56.61,94.71,92.46,91.65,92.78,76.75,-0.2,0.74,96.23,87.07
ECL,Ecolab,Materials,Specialty Chemicals,275.02,284.78,224.56,277.23,274.58,274.82,274.19,260.23,0.2,2.42,281.68,267.98
EIX,Edison International,Utilities,Electric Utilities,57.27,83.47,46.84,57.6,56.33,55.2,54.73,53.48,0.0,2.67,58.8,51.61
EW,Edwards Lifesciences,Health Care,Health Care Equipment,76.53,81.83,65.75,75.86,74.51,75.53,77.33,74.89,0.2,2.74,78.63,72.43
EA,Electronic Arts,Communication Services,Interactive Home Entertainment,200.62,202.05,116.08,200.56,200.44,200.27,182.83,153.92,-0.2,1.51,203.65,196.9
ELV,Elevance Health,Health Care,Managed Health Care,346.28,448.26,273.17,348.82,349.69,345.48,325.33,365.83,0.1,6.8,369.83,321.15
EME,Emcor,Industrials,Construction & Engineering,696.28,700.18,341.52,687.67,683.04,672.36,642.93,510.8,-0.2,1.79,708.74,635.95
EMR,Emerson Electric,Industrials,Electrical Components & Equipment,133.19,149.04,93.37,131.02,129.82,130.85,131.81,124.01,0.0,1.52,135.21,126.49
ETR,Entergy,Utilities,Electric Utilities,95.67,97.65,65.13,95.98,96.12,95.41,91.51,84.76,0.2,2.74,98.29,92.54
EOG,EOG Resources,Energy,Oil & Gas Exploration & Production,108.08,133.44,101.83,106.59,107.06,108.93,114.56,117.4,-0.2,5.3,113.81,104.05
EPAM,EPAM Systems,Information Technology,IT Consulting & Other Services,156.73,267.63,142.2,151.56,147.9,149.97,157.95,179.78,0.2,1.52,159.11,140.82
EQT,EQT Corporation,Energy,Oil & Gas Exploration & Production,53.56,60.26,35.15,54.66,54.2,54.93,52.76,52.73,0.0,7.51,57.58,52.28
EFX,Equifax,Industrials,Research & Consulting Services,231.31,279.44,204.69,229.98,229.08,236.42,244.95,250.03,-0.2,10.87,256.45,216.37
EQIX,Equinix,Real Estate,Data Center REITs,831.93,968.75,731.64,824.41,818.14,802.54,789.63,830.11,-0.1,0.96,839.92,765.16
EQR,Equity Residential,Real Estate,Multi-Family Residential REITs,63.33,74.44,60.55,62.89,62.4,62.86,63.8,66.46,0.0,2.27,64.77,60.96
ERIE,Erie Indemnity,Financials,Insurance Brokers,325.69,461.39,310.72,321.48,320.27,318.58,330.48,366.07,0.0,0.76,328.17,308.97
ESS,Essex Property Trust,Real Estate,Multi-Family Residential REITs,263.76,305.43,249.65,262.08,259.79,261.7,262.06,274.58,0.0,1.65,268.11,255.29
EL,Estée Lauder Companies (The),Consumer Staples,Personal Care Products,99.49,102.52,49.61,99.99,96.74,93.27,90.43,76.59,0.0,3.82,103.29,83.25
EG,Everest Group,Financials,Reinsurance,349.27,384.58,324.54,349.39,349.08,351.76,344.99,344.08,0.0,3.92,362.96,340.57
EVRG,Evergy,Utilities,Electric Utilities,77.89,78.73,57.24,78.27,78.06,77.22,74.0,68.02,0.0,2.22,79.62,74.82
ES,Eversource Energy,Utilities,Electric Utilities,73.89,73.89,52.98,73.13,72.31,72.1,67.52,62.22,0.0,0.46,74.23,69.96
EXC,Exelon,Utilities,Electric Utilities,47.6,48.24,35.25,47.95,47.62,46.54,44.91,43.32,0.2,3.24,49.14,43.93
EXE,Expand Energy,Energy,Oil & Gas Exploration & Production,104.46,120.67,80.65,104.53,103.02,105.24,100.15,103.76,0.1,6.35,111.09,99.4
EXPE,Expedia Group,Consumer Discretionary,"Hotels, Resorts & Cruise Lines",215.65,228.24,136.05,220.24,218.23,218.17,216.68,184.41,0.4,5.23,226.93,209.43
EXPD,Expeditors International,Industrials,Air Freight & Logistics,118.47,125.62,102.14,119.69,117.86,119.84,120.75,115.39,0.0,6.23,125.85,113.83
EXR,Extra Space Storage,Real Estate,Self-Storage REITs,150.81,165.33,123.86,151.29,149.25,145.5,142.58,144.13,0.1,2.36,154.37,136.64
XOM,ExxonMobil,Energy,Integrated Oil & Gas,115.98,118.64,98.11,113.67,112.58,113.1,112.25,108.55,0.0,0.34,116.37,109.83
FFIV,"F5, Inc.",Information Technology,Communications Equipment,301.86,343.17,213.57,299.26,313.8,321.64,320.73,293.18,0.0,17.36,354.26,289.03
FDS,FactSet,Financials,Financial Exchanges & Data,286.84,490.93,275.01,289.59,286.48,284.95,326.15,409.97,-0.2,2.67,294.5,275.41
FICO,Fair Isaac,Information Technology,Application Software,1615.36,2382.4,1311.26,1598.3,1621.3,1651.77,1550.05,1731.71,-0.1,16.07,1874.95,1428.55
FAST,Fastenal,Industrials,Trading Companies & Distributors,42.99,50.39,35.0,42.87,42.94,45.46,47.37,41.99,-0.2,18.17,50.8,40.13
FRT,Federal Realty Investment Trust,Real Estate,Retail REITs,100.78,112.47,81.67,100.11,98.67,98.66,98.31,96.15,0.0,0.59,101.37,95.95
FDX,FedEx,Industrials,Air Freight & Logistics,238.17,298.15,195.55,239.61,235.97,238.13,232.3,233.18,-0.1,4.06,247.84,228.43
FIS,Fidelity National Information Services,Financials,Transaction & Payment Processing Services,67.52,89.02,63.37,67.58,67.22,67.01,67.52,73.88,-0.2,2.33,69.09,64.93
FITB,Fifth Third Bancorp,Financials,Regional Banks,42.07,46.72,32.73,41.72,41.9,43.07,43.94,40.64,-0.2,8.84,45.79,40.35
FSLR,First Solar,Information Technology,Semiconductors,229.0,244.4,120.38,228.01,229.87,228.65,214.1,170.76,-0.2,4.79,239.97,217.33
FE,FirstEnergy,Utilities,Electric Utilities,46.52,47.69,37.17,47.02,47.1,46.56,44.74,41.26,0.2,2.99,47.91,45.2
FI,Fiserv,Financials,Transaction & Payment Processing Services,123.96,237.79,118.0,124.21,122.95,125.1,131.21,175.22,-0.2,5.64,130.95,119.26
F,Ford Motor Company,Consumer Discretionary,Automobile Manufacturers,12.34,12.7,8.45,12.25,11.93,12.02,11.79,10.45,0.0,3.48,12.77,11.27
FTNT,Fortinet,Information Technology,Systems Software,84.93,114.57,74.39,84.53,83.97,84.7,81.81,96.0,-0.3,2.28,86.87,82.52
FTV,Fortive,Industrials,Industrial Machinery & Supplies & Components,49.62,62.32,46.49,49.28,48.9,49.22,48.58,52.86,-0.1,1.81,50.52,47.93
FOXA,Fox Corporation (Class A),Communication Services,Broadcasting,58.81,63.06,41.32,58.47,58.04,59.77,59.6,54.78,0.2,8.28,63.68,55.85
FOX,Fox Corporation (Class B),Communication Services,Broadcasting,52.83,57.29,37.95,52.36,52.01,53.69,53.9,50.45,0.0,9.01,57.59,49.8
BEN,Franklin Resources,Financials,Asset Management & Custody Banks,22.67,25.67,16.21,22.57,22.62,22.92,23.85,21.43,0.0,4.9,23.78,22.05
FCX,Freeport-McMoRan,Materials,Copper,41.23,47.85,28.82,41.34,41.53,40.54,42.4,39.79,0.2,7.42,44.29,36.79
GRMN,Garmin,Consumer Discretionary,Consumer Electronics,250.17,259.77,159.13,249.44,249.21,251.22,241.7,217.2,0.2,4.4,261.18,241.28
IT,Gartner,Information Technology,IT Consulting & Other Services,250.92,551.8,225.98,247.07,243.98,249.18,248.3,384.56,0.3,6.44,267.08,231.27
GE,GE Aerospace,Industrials,Aerospace & Defense,306.39,306.63,158.97,302.75,300.28,299.55,288.06,236.94,0.0,0.14,306.82,292.28
GEHC,GE HealthCare,Health Care,Health Care Equipment,77.26,93.39,58.69,75.81,74.08,74.53,74.68,76.34,-0.2,1.02,78.05,71.01
GEV,GE Vernova,Industrials,Heavy Electrical Equipment,595.15,664.27,269.69,590.06,606.42,608.03,612.02,473.54,0.0,8.11,643.42,572.66
GEN,Gen Digital,Information Technology,Systems Software,27.19,32.03,23.31,27.0,26.85,27.39,28.91,28.01,-0.2,6.03,28.83,25.96
GNRC,Generac,Industrials,Electrical Components & Equipment,189.04,202.85,101.92,190.18,186.32,177.13,181.85,149.75,0.0,5.28,199.02,155.23
GD,General Dynamics,Industrials,Aerospace & Defense,341.5,344.98,238.33,337.75,335.42,337.37,327.44,286.51,0.0,1.65,347.13,327.61
GIS,General Mills,Consumer Staples,Packaged Foods & Meats,47.93,66.06,47.71,48.58,48.44,48.99,49.09,53.14,0.0,5.34,50.49,47.49
GM,General Motors,Consumer Discretionary,Automobile Manufacturers,66.85,67.31,42.24,63.43,60.04,59.62,58.73,51.37,0.2,-0.13,66.76,52.48
GPC,Genuine Parts Company,Consumer Discretionary,Distributors,133.26,142.77,103.92,133.11,132.86,135.1,136.95,124.56,0.0,5.96,141.2,129.01
GILD,Gilead Sciences,Health Care,Biotechnology,120.74,124.08,84.71,122.44,120.22,116.88,115.2,107.77,0.2,3.71,125.22,108.54
GPN,Global Payments,Financials,Transaction & Payment Processing Services,87.48,118.08,67.06,86.65,85.66,86.04,86.36,88.07,-0.2,2.15,89.36,82.72
GL,Globe Life,Financials,Life & Health Insurance,135.7,146.27,102.63,135.51,136.16,137.57,139.39,127.17,0.0,5.84,143.62,131.52
GDDY,GoDaddy,Information Technology,Internet Services & Infrastructure,132.43,214.35,128.0,131.74,131.23,133.75,140.85,170.49,0.0,6.24,140.69,126.79
GS,Goldman Sachs,Financials,Investment Banking & Brokerage,750.78,806.32,457.48,753.69,761.64,775.86,765.6,649.53,0.0,8.04,811.14,740.61
HAL,Halliburton,Energy,Oil & Gas Equipment & Services,27.22,31.1,18.96,24.73,23.48,23.95,22.9,22.8,0.2,-1.29,26.87,21.04
HIG,Hartford (The),Financials,Property & Casualty Insurance,125.25,134.7,105.0,124.71,126.51,129.63,130.88,122.59,-0.2,9.32,136.92,122.34
HAS,Hasbro,Consumer Discretionary,Leisure Products,77.94,81.85,49.75,75.51,74.26,74.86,77.03,67.17,0.2,-0.22,77.77,71.95
HCA,HCA Healthcare,Health Care,Health Care Facilities,440.16,441.19,294.93,434.53,425.67,426.08,413.31,362.97,0.2,0.51,442.4,409.76
DOC,Healthpeak Properties,Real Estate,Health Care REITs,18.54,21.58,16.35,18.6,18.36,18.65,18.12,18.07,-0.4,4.91,19.45,17.86
HSIC,Henry Schein,Health Care,Health Care Distributors,63.59,81.91,62.03,63.65,63.31,64.52,66.78,70.05,0.0,5.82,67.29,61.76
HSY,Hershey Company (The),Consumer Staples,Packaged Foods & Meats,181.58,195.56,141.22,185.17,187.5,189.25,186.68,170.23,0.2,8.53,197.07,181.43
HPE,Hewlett Packard Enterprise,Information Technology,"Technology Hardware, Storage & Peripherals",23.19,26.25,12.35,23.08,23.71,24.28,23.67,19.78,0.0,13.41,26.3,22.27
HLT,Hilton Worldwide,Consumer Discretionary,"Hotels, Resorts & Cruise Lines",267.63,278.5,201.05,265.99,264.38,262.02,267.88,253.44,0.0,1.16,270.73,253.31
HOLX,Hologic,Health Care,Health Care Equipment,73.89,83.72,52.73,72.7,69.82,68.76,67.55,64.47,0.2,-0.09,73.82,63.71
HD,Home Depot (The),Consumer Discretionary,Home Improvement Retail,385.03,423.6,331.29,389.14,386.42,390.55,402.11,378.55,0.0,6.04,408.29,372.81
HON,Honeywell,Industrials,Industrial Conglomerates,220.67,239.16,180.99,209.07,206.35,207.69,212.0,214.65,0.4,-2.02,216.21,199.16
HRL,Hormel Foods,Consumer Staples,Packaged Foods & Meats,23.77,32.19,23.26,24.0,23.8,23.96,25.14,28.08,0.0,3.83,24.68,23.24
HST,Host Hotels & Resorts,Real Estate,Hotel & Resort REITs,16.63,18.04,12.39,16.57,16.41,16.61,16.78,15.57,0.2,4.63,17.4,15.82
HWM,Howmet Aerospace,Industrials,Aerospace & Defense,200.1,200.1,99.44,194.14,192.18,192.03,184.99,158.62,0.2,-0.75,198.6,185.48
HPQ,HP Inc.,Information Technology,"Technology Hardware, Storage & Peripherals",27.83,37.77,21.42,27.74,27.59,27.19,27.51,27.26,-0.2,2.91,28.64,25.73
HUBB,Hubbell Incorporated,Industrials,Industrial Machinery & Supplies & Components,433.27,466.13,313.96,429.71,426.6,423.97,430.94,396.57,-0.2,1.4,439.34,408.61
HUM,Humana,Health Care,Managed Health Care,291.3,310.91,219.64,286.65,277.55,275.6,280.51,260.77,0.0,5.65,307.76,243.44
HBAN,Huntington Bancshares,Financials,Regional Banks,15.86,17.87,12.26,15.8,15.84,16.4,16.94,15.87,-0.2,11.48,17.68,15.11
HII,Huntington Ingalls Industries,Industrials,Aerospace & Defense,290.09,291.94,156.78,285.41,285.75,285.35,276.74,231.21,-0.2,0.84,292.53,278.18
IBM,IBM,Information Technology,IT Consulting & Other Services,285.0,293.87,199.27,283.9,280.74,283.81,264.69,255.74,-0.4,3.0,293.55,274.08
IEX,IDEX Corporation,Industrials,Industrial Machinery & Supplies & Components,168.37,232.54,156.86,167.39,165.08,164.6,163.34,178.15,-0.1,0.64,169.45,159.75
IDXX,Idexx Laboratories,Health Care,Health Care Equipment,638.6,682.78,361.04,637.66,635.12,632.59,638.74,520.22,-0.2,1.06,645.37,619.82
ITW,Illinois Tool Works,Industrials,Industrial Machinery & Supplies & Components,257.44,271.83,215.75,253.84,250.13,253.87,258.51,250.36,0.0,2.97,265.09,242.65
INCY,Incyte,Health Care,Biotechnology,89.31,89.31,55.17,87.68,86.84,86.21,85.59,72.16,0.2,0.21,89.5,82.91
IR,Ingersoll Rand,Industrials,Industrial Machinery & Supplies & Components,80.36,105.27,66.72,78.75,77.57,79.95,79.87,82.15,-0.1,6.56,85.63,74.27
PODD,Insulet Corporation,Health Care,Health Care Equipment,323.46,352.82,230.58,325.42,320.32,316.44,327.13,293.92,0.0,1.82,329.35,303.53
INTC,Intel,Information Technology,Semiconductors,38.16,38.16,18.13,37.66,37.15,36.71,30.09,23.59,0.0,2.31,39.04,34.37
IBKR,Interactive Brokers,Financials,Investment Banking & Brokerage,67.17,72.62,35.97,66.28,67.86,68.8,65.4,54.77,-0.2,8.38,72.8,64.8
ICE,Intercontinental Exchange,Financials,Financial Exchanges & Data,157.45,187.92,141.62,156.02,156.54,159.78,168.68,170.06,0.0,6.91,168.33,151.23
IFF,International Flavors & Fragrances,Materials,Specialty Chemicals,65.77,101.72,59.55,64.8,62.98,62.06,63.7,73.4,0.2,-0.29,65.58,58.55
IP,International Paper,Materials,Paper & Plastic Packaging Products & Materials,49.1,58.45,43.05,47.84,47.08,46.68,47.1,49.2,0.0,-1.28,48.47,44.89
IPG,Interpublic Group of Companies (The),Communication Services,Advertising,27.53,29.33,22.33,27.05,26.77,26.81,26.51,25.39,0.0,1.16,27.85,25.77
INTU,Intuit,Information Technology,Application Software,677.72,805.92,541.4,669.94,660.4,667.04,672.36,665.57,0.2,2.93,697.58,636.51
ISRG,Intuitive Surgical,Health Care,Health Care Equipment,551.3,610.45,429.59,489.13,461.76,453.05,456.84,512.21,0.0,-6.93,513.09,393.0
IVZ,Invesco,Financials,Asset Management & Custody Banks,22.68,24.13,11.86,22.81,22.96,23.26,22.44,17.69,-0.2,7.28,24.33,22.19
INVH,Invitation Homes,Real Estate,Single-Family Residential REITs,28.91,34.81,27.94,28.72,28.52,28.58,29.38,31.38,0.0,1.52,29.35,27.81
IQV,IQVIA,Health Care,Life Sciences Tools & Services,219.91,228.31,137.0,214.61,208.86,203.15,193.79,177.66,0.0,1.74,223.74,182.58
IRM,Iron Mountain,Real Estate,Other Specialized REITs,103.93,124.18,75.72,104.54,104.16,103.89,98.32,95.01,0.0,3.34,107.4,100.38
JBHT,J.B. Hunt,Industrials,Cargo Ground Transportation,166.74,195.43,123.94,166.92,155.76,146.83,143.11,147.73,0.1,4.65,174.49,119.17
JBL,Jabil,Information Technology,Electronic Manufacturing Services,206.57,234.45,116.78,203.96,203.09,206.35,210.4,181.15,-0.2,6.11,219.19,193.52
JKHY,Jack Henry & Associates,Financials,Transaction & Payment Processing Services,155.72,189.99,146.26,155.53,154.29,151.37,156.05,169.95,0.0,1.55,158.13,144.59
J,Jacobs Solutions,Industrials,Construction & Engineering,160.77,164.44,109.18,160.17,158.06,155.55,150.33,133.76,0.2,2.12,164.18,146.92
JNJ,Johnson & Johnson,Health Care,Pharmaceuticals,192.47,193.72,138.72,192.85,192.0,189.26,181.78,161.75,-0.2,2.19,196.69,181.83
JCI,Johnson Controls,Industrials,Building Products,110.55,111.73,70.88,109.94,108.97,108.76,107.64,95.18,0.0,0.97,111.62,105.91
JPM,JPMorgan Chase,Financials,Diversified Banks,294.54,314.53,208.26,297.13,300.08,304.68,302.06,270.5,0.0,7.57,316.84,292.53
K,Kellanova,Consumer Staples,Packaged Foods & Meats,83.03,83.09,76.96,83.03,82.95,82.53,80.35,80.38,-0.3,2.02,84.71,80.34
KVUE,Kenvue,Consumer Staples,Personal Care Products,15.09,24.0,14.11,15.09,15.48,15.8,18.04,20.98,0.0,13.59,17.14,14.47
KDP,Keurig Dr Pepper,Consumer Staples,Soft Drinks & Non-alcoholic Beverages,27.55,35.83,25.3,27.68,27.2,26.39,28.12,31.59,0.0,2.65,28.28,24.51
KEY,KeyCorp,Financials,Regional Banks,17.52,19.23,12.92,17.37,17.41,17.97,18.45,16.79,-0.2,9.76,19.23,16.71
KEYS,Keysight Technologies,Information Technology,Electronic Equipment & Instruments,168.38,185.11,127.02,165.47,164.23,168.61,168.57,161.91,0.0,5.86,178.25,158.97
KMB,Kimberly-Clark,Consumer Staples,Household Products,118.76,144.6,118.76,120.23,119.98,120.98,125.22,130.18,0.0,4.45,124.04,117.91
KIM,Kimco Realty,Real Estate,Retail REITs,22.22,24.65,18.27,22.14,21.72,21.6,21.8,21.05,-0.2,0.77,22.39,20.82
KMI,Kinder Morgan,Energy,Oil & Gas Storage & Transportation,26.25,30.24,23.42,27.24,27.28,27.71,27.29,27.16,0.0,9.68,28.79,26.63
KKR,KKR & Co.,Financials,Asset Management & Custody Banks,120.96,166.38,92.52,121.13,121.19,124.52,134.5,130.95,0.0,10.68,133.88,115.16
KLAC,KLA Corporation,Information Technology,Semiconductor Materials & Equipment,1159.0,1159.0,573.9,1136.06,1089.96,1090.84,998.57,828.68,0.2,2.11,1183.45,998.18
KHC,Kraft Heinz,Consumer Staples,Packaged Foods & Meats,25.41,33.73,25.04,25.57,25.39,25.54,26.28,27.37,-0.2,3.5,26.3,24.79
KR,Kroger,Consumer Staples,Food Retail,68.66,73.97,54.62,68.6,68.5,67.54,67.79,67.1,-0.2,2.05,70.07,65.02
LHX,L3Harris,Industrials,Aerospace & Defense,293.28,306.76,191.79,289.8,290.87,295.4,284.42,241.93,0.2,4.95,307.8,283.0
LH,Labcorp,Health Care,Health Care Services,284.0,290.93,211.06,285.57,282.86,281.22,278.14,253.49,0.2,1.78,289.06,273.38
LRCX,Lam Research,Information Technology,Semiconductor Materials & Equipment,147.54,149.15,58.83,143.88,141.4,140.8,122.21,92.77,0.0,3.07,152.07,129.53
LW,Lamb Weston,Consumer Staples,Packaged Foods & Meats,65.16,80.72,47.73,65.05,64.59,62.86,58.68,55.12,0.0,5.49,68.74,56.99
LVS,Las Vegas Sands,Consumer Discretionary,Casinos & Gaming,56.89,57.71,30.35,51.28,49.87,51.59,53.22,45.44,0.2,0.25,57.03,46.15
LDOS,Leidos,Industrials,Diversified Support Services,191.39,199.29,125.82,189.6,188.02,190.36,185.1,156.86,-0.2,4.13,199.29,181.42
LEN,Lennar,Consumer Discretionary,Homebuilding,127.34,170.05,101.41,126.88,123.87,124.32,129.13,118.35,0.0,3.27,131.5,117.13
LII,Lennox International,Industrials,Building Products,494.99,672.47,493.07,518.95,522.53,530.67,548.39,575.37,-0.2,13.85,563.55,497.81
LLY,Lilly (Eli),Health Care,Pharmaceuticals,821.04,925.78,624.28,808.97,815.6,812.25,764.65,784.94,-0.1,7.47,882.37,742.11
LIN,Linde plc,Materials,Industrial Gases,450.08,483.59,408.92,450.51,451.79,460.59,470.34,458.53,-0.2,6.72,480.33,440.84
LYV,Live Nation Entertainment,Communication Services,Movies & Entertainment,153.33,174.06,114.73,155.74,154.53,156.03,161.91,145.42,0.0,6.53,163.34,148.72
LKQ,LKQ Corporation,Consumer Discretionary,Distributors,30.62,43.02,28.68,30.34,29.89,30.18,30.99,36.33,0.0,3.0,31.54,28.82
LMT,Lockheed Martin,Industrials,Aerospace & Defense,488.05,561.19,407.77,493.15,497.25,500.05,475.54,459.01,-0.2,5.91,516.89,483.22
L,Loews Corporation,Financials,Multi-line Insurance,99.94,103.05,76.29,99.48,100.07,100.76,98.29,90.36,0.0,3.59,103.53,97.99
LOW,Lowe's,Consumer Discretionary,Home Improvement Retail,243.87,271.68,208.44,243.21,240.23,242.38,253.45,235.95,-0.2,4.37,254.53,230.23
LULU,Lululemon Athletica,Consumer Discretionary,"Apparel, Accessories & Luxury Goods",179.06,421.16,159.87,175.72,171.68,173.85,180.26,268.56,0.0,2.36,183.29,164.43
LYB,LyondellBasell,Materials,Specialty Chemicals,46.81,82.48,44.91,45.81,45.95,47.42,51.27,59.36,-0.2,8.1,50.6,44.24
MTB,M&T Bank,Financials,Regional Banks,181.09,215.8,154.27,181.53,182.19,187.96,193.57,185.31,-0.2,11.18,201.34,174.58
MPC,Marathon Petroleum,Energy,Oil & Gas Refining & Marketing,195.96,198.69,117.23,187.62,185.05,188.87,182.45,159.81,0.2,1.81,199.51,178.24
MAR,Marriott International,Consumer Discretionary,"Hotels, Resorts & Cruise Lines",269.7,302.22,210.04,266.21,264.77,265.42,265.64,262.75,-0.2,1.3,273.21,257.63
MMC,Marsh McLennan,Financials,Insurance Brokers,188.08,242.13,186.48,189.17,195.56,198.56,201.0,215.74,-0.2,12.91,212.36,184.77
MLM,Martin Marietta Materials,Materials,Construction Materials,619.35,656.85,451.25,625.27,631.75,630.07,619.88,551.77,0.2,4.69,648.4,611.73
MAS,Masco,Industrials,Building Products,69.49,81.47,58.18,69.05,68.0,68.8,71.54,68.81,0.0,3.37,71.83,65.77
MA,Mastercard,Financials,Transaction & Payment Processing Services,573.77,598.17,477.88,568.9,564.18,568.41,578.76,557.68,0.0,1.76,583.87,552.95
MTCH,Match Group,Communication Services,Interactive Media & Services,32.75,38.56,26.72,32.88,32.56,33.46,35.78,32.47,-0.2,9.95,36.01,30.92
MKC,McCormick & Company,Consumer Staples,Packaged Foods & Meats,67.37,83.15,63.86,67.63,66.7,66.62,67.55,72.8,-0.2,2.2,68.85,64.38
MCD,McDonald's,Consumer Discretionary,Restaurants,306.97,317.67,275.0,308.08,305.27,302.34,306.05,301.43,0.0,1.62,311.94,292.74
MCK,McKesson Corporation,Health Care,Health Care Distributors,792.97,795.62,496.98,789.94,783.2,769.69,726.04,685.38,0.2,1.3,803.28,736.08
MDT,Medtronic,Health Care,Health Care Equipment,94.21,98.43,78.03,95.53,95.56,95.91,94.31,88.91,0.0,4.52,98.47,93.35
MRK,Merck & Co.,Health Care,Pharmaceuticals,87.18,102.83,72.03,86.7,85.79,85.91,83.99,83.55,0.0,5.52,91.99,79.83
META,Meta Platforms,Communication Services,Interactive Media & Services,734.0,789.47,483.96,729.95,720.9,723.28,743.65,674.54,-0.2,1.67,746.26,700.28
MET,MetLife,Financials,Life & Health Insurance,78.17,86.38,67.4,78.59,79.59,80.83,80.27,78.96,0.2,7.75,84.23,77.44
MTD,Mettler Toledo,Health Care,Life Sciences Tools & Services,1437.75,1437.75,970.15,1382.26,1343.64,1312.73,1294.76,1225.17,0.2,-0.5,1430.56,1194.94
MGM,MGM Resorts,Consumer Discretionary,Casinos & Gaming,33.07,41.99,25.79,32.42,32.13,33.16,35.19,33.93,0.0,8.92,36.02,30.3
MCHP,Microchip Technology,Information Technology,Semiconductors,65.09,76.79,34.83,65.86,64.93,65.15,65.3,59.56,-0.2,4.73,68.17,62.14
MU,Micron Technology,Information Technology,Semiconductors,206.71,206.77,64.62,203.32,197.25,188.99,157.53,113.64,0.0,4.45,215.91,162.07
MSFT,Microsoft,Information Technology,Systems Software,520.56,534.76,353.33,517.83,515.27,517.47,511.68,456.85,0.0,1.23,526.96,507.97
MAA,Mid-America Apartment Communities,Real Estate,Multi-Family Residential REITs,134.43,165.69,131.43,133.56,132.95,134.29,138.04,148.06,-0.2,2.66,138.01,130.58
MRNA,Moderna,Health Care,Biotechnology,26.25,55.22,23.51,26.77,26.85,26.95,26.02,29.42,-0.1,10.17,28.92,24.98
MHK,Mohawk Industries,Consumer Discretionary,Home Furnishings,128.9,152.93,97.99,128.86,126.12,126.24,129.58,116.66,0.0,3.81,133.81,118.68
MOH,Molina Healthcare,Health Care,Managed Health Care,161.0,353.24,152.31,188.62,190.73,193.98,183.84,258.98,-0.1,31.14,211.14,176.83
TAP,Molson Coors Beverage Company,Consumer Staples,Brewers,45.62,61.78,44.09,46.54,46.48,46.13,47.82,52.48,0.2,3.68,47.3,44.97
MDLZ,Mondelez International,Consumer Staples,Packaged Foods & Meats,61.01,70.19,54.9,62.0,61.8,62.01,61.92,63.34,0.1,3.66,63.24,60.78
MPWR,Monolithic Power Systems,Information Technology,Semiconductors,1070.8,1070.8,453.43,1027.42,1002.62,967.84,901.89,717.74,0.2,0.02,1071.01,864.67
MNST,Monster Beverage,Consumer Staples,Soft Drinks & Non-alcoholic Beverages,69.89,70.22,46.16,69.7,69.27,68.37,65.6,59.61,-0.2,1.55,70.97,65.78
MCO,Moody's Corporation,Financials,Financial Exchanges & Data,479.3,524.53,395.22,476.5,476.87,480.21,494.08,481.97,0.0,2.78,492.62,467.79
MS,Morgan Stanley,Financials,Investment Banking & Brokerage,159.31,162.65,98.35,159.46,158.23,157.91,154.29,134.41,-0.2,2.39,163.12,152.72
MOS,Mosaic Company (The),Materials,Fertilizers & Agricultural Chemicals,29.65,37.55,22.47,29.48,29.79,32.23,32.8,30.91,-0.2,25.63,37.25,27.22
MSI,Motorola Solutions,Information Technology,Communications Equipment,444.83,499.65,392.79,446.65,448.25,452.2,462.73,437.5,0.0,4.76,466.0,438.39
MSCI,MSCI Inc.,Financials,Financial Exchanges & Data,538.75,630.0,503.37,537.55,541.94,552.69,561.32,562.26,-0.2,7.15,577.27,528.13
NDAQ,"Nasdaq, Inc.",Financials,Financial Exchanges & Data,88.82,96.67,66.01,88.8,88.94,88.69,91.25,83.99,0.2,2.31,90.87,86.51
NTAP,NetApp,Information Technology,"Technology Hardware, Storage & Peripherals",117.79,128.5,75.4,117.99,118.42,118.82,117.76,105.78,0.2,3.79,122.25,115.37
NFLX,Netflix,Communication Services,Movies & Entertainment,1113.59,1339.13,749.12,1181.85,1195.06,1192.65,1210.54,1114.32,-0.2,13.45,1263.37,1121.88
NEM,Newmont,Materials,Gold,88.91,98.27,36.49,89.58,90.48,88.36,80.7,58.73,0.2,7.5,95.58,81.14
NWSA,News Corp (Class A),Communication Services,Publishing,26.4,31.03,23.89,26.3,26.25,27.47,28.81,28.17,-0.2,16.44,30.74,24.2
NWS,News Corp (Class B),Communication Services,Publishing,30.14,35.06,27.33,29.89,29.77,31.0,32.53,32.15,0.0,13.87,34.32,27.69
NEE,NextEra Energy,Utilities,Multi-Utilities,83.25,85.79,63.11,83.88,84.25,82.0,76.35,71.27,0.2,6.28,88.48,75.52
NKE,"Nike, Inc.",Consumer Discretionary,"Apparel, Accessories & Luxury Goods",69.68,80.35,52.64,68.42,67.77,69.21,72.41,68.75,0.0,5.78,73.71,64.7
NI,NiSource,Utilities,Multi-Utilities,43.87,44.17,33.44,43.76,43.41,43.39,42.21,39.8,0.2,1.03,44.32,42.46
NDSN,Nordson Corporation,Industrials,Industrial Machinery & Supplies & Components,235.95,260.48,166.29,235.37,233.27,232.07,226.37,211.17,0.2,0.95,238.19,225.94
NSC,Norfolk Southern,Industrials,Rail Transportation,283.83,300.41,204.09,288.63,288.96,293.56,285.85,254.89,-0.2,6.92,303.47,283.64
NTRS,Northern Trust,Financials,Asset Management & Custody Banks,124.74,134.6,83.34,126.48,126.76,129.58,129.29,113.0,0.2,9.19,136.2,122.97
NOC,Northrop Grumman,Industrials,Aerospace & Defense,605.74,637.95,427.78,599.61,607.53,610.31,593.4,519.03,-0.2,5.09,636.57,584.07
NCLH,Norwegian Cruise Line Holdings,Consumer Discretionary,"Hotels, Resorts & Cruise Lines",23.48,29.07,15.5,23.44,23.29,23.77,24.58,22.17,0.0,6.94,25.11,22.42
NRG,NRG Energy,Utilities,Independent Power Producers & Energy Traders,163.81,173.91,83.06,164.71,165.96,165.67,158.98,133.26,0.0,4.95,171.92,159.41
NUE,Nucor,Materials,Steel,138.45,164.83,102.37,136.8,136.26,136.55,140.13,129.09,0.0,1.66,140.75,132.34
NVDA,Nvidia,Information Technology,Semiconductors,182.16,192.57,94.3,181.89,182.26,184.26,179.5,146.33,0.0,5.26,191.74,176.79
NVR,"NVR, Inc.",Consumer Discretionary,Homebuilding,7679.41,9456.4,6700.0,7697.77,7651.28,7812.32,8036.37,7587.62,0.2,7.17,8230.02,7394.41
NXPI,NXP Semiconductors,Information Technology,Semiconductors,220.73,250.84,152.09,218.88,216.72,221.33,224.8,210.48,-0.2,5.73,233.38,209.29
ORLY,O’Reilly Automotive,Consumer Discretionary,Automotive Retail,98.27,107.82,76.44,100.67,101.47,102.86,103.62,94.01,-0.2,9.74,107.84,97.88
OXY,Occidental Petroleum,Energy,Oil & Gas Exploration & Production,42.88,51.86,35.72,41.49,41.72,43.86,45.09,44.6,-0.4,13.48,48.66,39.06
ODFL,Old Dominion,Industrials,Cargo Ground Transportation,135.86,230.37,134.31,140.0,137.9,139.54,144.65,161.68,0.2,7.05,145.44,133.64
OMC,Omnicom Group,Communication Services,Advertising,80.33,101.44,68.6,79.2,78.41,78.46,77.56,76.38,0.0,1.28,81.36,75.56
ON,ON Semiconductor,Information Technology,Semiconductors,51.78,74.7,31.95,53.24,51.49,50.49,50.13,48.77,0.0,5.95,54.86,46.13
OKE,Oneok,Energy,Oil & Gas Storage & Transportation,69.76,112.93,67.22,68.98,68.93,70.82,72.47,83.23,-0.2,7.3,74.85,66.79
ORCL,Oracle Corporation,Information Technology,Application Software,280.07,327.76,122.35,279.27,291.3,289.07,273.82,201.86,0.0,10.72,310.09,268.05
OTIS,Otis Worldwide,Industrials,Industrial Machinery & Supplies & Components,92.97,103.35,84.52,91.98,91.15,91.15,89.3,94.06,0.1,0.15,93.11,89.18
PCAR,Paccar,Industrials,Construction Machinery & Heavy Transportation Equipment,99.38,113.98,85.82,98.24,96.29,97.13,98.47,98.05,0.0,2.29,101.66,92.6
PKG,Packaging Corporation of America,Materials,Paper & Plastic Packaging Products & Materials,213.26,242.86,173.82,207.87,207.96,211.15,210.54,201.07,0.0,2.79,219.21,203.1
PLTR,Palantir Technologies,Information Technology,Application Software,180.48,187.05,41.41,179.44,178.73,180.1,171.69,128.73,-0.2,3.66,187.09,173.12
PANW,Palo Alto Networks,Information Technology,Systems Software,215.02,217.79,152.44,212.31,210.31,209.65,199.65,189.5,0.0,1.42,218.07,201.23
PSKY,Paramount Skydance Corporation,Communication Services,Movies & Entertainment,16.47,19.73,10.05,16.66,16.9,17.85,16.83,12.93,0.4,20.77,19.89,15.82
PH,Parker Hannifin,Industrials,Industrial Machinery & Supplies & Components,766.2,769.67,514.56,747.8,738.48,746.5,750.0,679.79,0.0,0.96,773.56,719.47
PAYX,Paychex,Industrials,Human Resource & Employment Services,124.75,158.58,123.42,126.41,126.76,126.32,131.6,142.55,0.0,3.62,129.27,123.37
PAYC,Paycom,Industrials,Human Resource & Employment Services,200.25,265.28,163.33,202.25,201.29,203.54,214.73,222.42,0.0,6.94,214.15,192.94
PYPL,PayPal,Financials,Transaction & Payment Processing Services,69.66,91.81,57.41,68.88,68.63,69.65,68.91,71.78,0.1,7.92,75.18,64.12
PNR,Pentair,Industrials,Industrial Machinery & Supplies & Components,110.7,112.59,75.76,109.43,109.26,110.11,109.29,99.3,-0.2,1.82,112.71,107.5
PEP,PepsiCo,Consumer Staples,Soft Drinks & Non-alcoholic Beverages,151.51,167.88,125.83,153.01,151.94,146.6,145.51,140.25,0.2,4.12,157.75,135.44
PFE,Pfizer,Health Care,Pharmaceuticals,24.67,27.37,20.83,24.69,24.61,25.22,24.89,24.23,0.2,10.94,27.37,23.08
PCG,PG&E Corporation,Utilities,Multi-Utilities,16.3,21.5,12.98,16.55,16.41,16.08,15.46,15.72,0.3,5.46,17.19,14.97
PM,Philip Morris International,Consumer Staples,Tobacco,157.7,181.86,114.18,156.54,157.54,157.51,161.39,158.72,0.0,3.48,163.19,151.83
PSX,Phillips 66,Energy,Oil & Gas Refining & Marketing,135.81,139.46,91.09,131.08,130.07,132.2,130.98,120.57,0.2,2.11,138.68,125.72
PNW,Pinnacle West Capital,Utilities,Multi-Utilities,92.56,93.78,79.36,92.66,92.8,91.23,89.76,89.45,0.2,3.03,95.36,87.1
PNC,PNC Financial Services,Financials,Diversified Banks,181.95,207.33,145.61,181.33,182.46,188.9,195.47,182.17,-0.2,11.97,203.73,174.07
POOL,Pool Corporation,Consumer Discretionary,Distributors,300.31,385.63,283.92,296.96,294.25,300.33,311.52,314.47,0.0,5.09,315.6,285.04
PPG,PPG Industries,Materials,Specialty Chemicals,103.5,124.51,90.49,102.76,101.22,102.22,106.99,109.67,0.2,2.63,106.22,98.22
PPL,PPL Corporation,Utilities,Electric Utilities,37.36,37.97,30.58,37.55,37.55,37.25,36.55,34.73,0.0,1.93,38.08,36.43
PFG,Principal Financial Group,Financials,Life & Health Insurance,79.44,86.65,68.21,79.11,79.52,81.35,80.6,78.88,0.2,7.46,85.37,77.33
PG,Procter & Gamble,Consumer Staples,Personal Care Products,152.21,176.3,147.42,151.88,150.28,151.21,154.63,160.04,0.0,1.65,154.72,147.69
PGR,Progressive Corporation,Financials,Property & Casualty Insurance,220.59,290.89,219.38,221.96,227.47,235.72,241.7,258.38,-0.2,15.93,255.73,215.7
PLD,Prologis,Real Estate,Industrial REITs,125.77,127.18,88.13,125.79,121.23,118.42,114.18,109.3,0.2,2.0,128.29,108.55
PRU,Prudential Financial,Financials,Life & Health Insurance,101.76,124.75,92.74,101.58,101.5,102.41,104.61,105.05,0.0,3.39,105.21,99.62
PEG,Public Service Enterprise Group,Utilities,Electric Utilities,82.73,91.66,75.92,83.84,83.31,82.68,82.33,81.6,0.0,3.03,85.24,80.12
PTC,PTC Inc.,Information Technology,Application Software,204.67,216.53,136.74,204.2,202.72,202.89,206.53,181.27,-0.2,0.83,206.37,199.43
PSA,Public Storage,Real Estate,Self-Storage REITs,306.28,337.69,260.94,308.97,304.88,297.87,290.44,289.54,0.2,2.54,314.06,281.66
PHM,PulteGroup,Consumer Discretionary,Homebuilding,120.86,141.19,91.67,122.41,122.6,127.18,130.35,112.15,-0.2,14.65,138.57,115.78
PWR,Quanta Services,Industrials,Construction & Engineering,427.36,443.45,236.5,430.32,430.62,426.01,399.94,342.04,0.0,4.65,447.23,404.78
QCOM,Qualcomm,Information Technology,Semiconductors,170.03,173.55,123.21,167.72,164.28,165.78,162.87,155.65,0.2,1.93,173.31,158.24
DGX,Quest Diagnostics,Health Care,Health Care Services,183.23,190.41,148.06,185.79,185.54,184.23,182.32,171.81,0.0,4.51,191.49,176.97
RL,Ralph Lauren Corporation,Consumer Discretionary,"Apparel, Accessories & Luxury Goods",336.29,336.29,181.18,332.83,325.03,322.2,310.32,268.97,0.0,0.55,338.14,306.26
RJF,Raymond James Financial,Financials,Investment Banking & Brokerage,165.08,175.92,122.89,164.67,162.99,165.74,166.95,154.72,-0.2,5.62,174.36,157.14
RTX,RTX Corporation,Industrials,Aerospace & Defense,179.44,179.44,112.45,169.82,163.91,165.13,160.49,140.48,0.2,-0.78,178.04,152.23
O,Realty Income,Real Estate,Retail REITs,60.22,60.73,49.38,60.22,59.57,59.73,59.11,55.91,0.0,1.49,61.12,58.35
REG,Regency Centers,Real Estate,Retail REITs,72.48,75.5,64.21,72.34,71.95,71.85,71.47,70.72,0.0,0.73,73.01,70.69
REGN,Regeneron Pharmaceuticals,Health Care,Biotechnology,575.69,958.23,482.34,578.92,573.51,576.22,576.04,597.48,-0.1,4.51,601.65,550.8
RF,Regions Financial Corporation,Financials,Regional Banks,24.1,27.4,17.95,24.04,24.22,25.13,26.03,23.27,-0.2,12.86,27.2,23.07
RSG,Republic Services,Industrials,Environmental & Facilities Services,223.11,256.75,195.95,221.46,221.92,223.52,227.51,233.79,0.0,2.7,229.13,217.91
RMD,ResMed,Health Care,Health Care Equipment,265.26,293.73,203.67,267.89,269.42,273.01,275.89,250.49,-0.2,6.8,283.3,262.72
RVTY,Revvity,Health Care,Health Care Equipment,97.57,126.56,82.44,95.77,93.51,91.78,89.13,98.91,0.1,1.35,98.89,84.67
HOOD,Robinhood Markets,Financials,Investment Banking & Brokerage,134.33,152.46,23.49,131.82,133.93,138.35,123.03,78.72,-0.2,14.72,154.1,122.61
ROK,Rockwell Automation,Industrials,Electrical Components & Equipment,357.16,357.16,217.21,352.41,347.91,347.39,345.6,306.12,0.0,0.17,357.77,337.04
ROL,"Rollins, Inc.",Industrials,Environmental & Facilities Services,56.79,58.74,45.24,56.34,56.3,57.24,56.94,54.61,0.0,4.65,59.43,55.05
ROP,Roper Technologies,Information Technology,Electronic Equipment & Instruments,479.96,591.12,479.96,502.77,504.92,504.76,512.99,547.94,-0.4,8.94,522.87,486.64
ROST,Ross Stores,Consumer Discretionary,Apparel Retail,156.66,157.45,122.22,156.58,155.28,153.76,150.29,140.86,0.2,1.56,159.1,148.42
RCL,Royal Caribbean Group,Consumer Discretionary,"Hotels, Resorts & Cruise Lines",316.88,364.72,176.89,310.96,308.92,313.19,327.78,273.31,0.0,3.89,329.21,297.18
SPGI,S&P Global,Financials,Financial Exchanges & Data,482.7,563.17,436.73,479.4,480.41,481.85,515.59,511.46,-0.2,1.83,491.53,472.19
CRM,Salesforce,Information Technology,Application Software,255.05,365.66,231.26,254.49,248.52,244.85,245.65,271.96,0.0,1.68,259.33,230.35
SBAC,SBA Communications,Real Estate,Telecom Tower REITs,196.1,241.34,187.49,197.03,194.53,192.84,200.05,214.85,-0.2,2.02,200.06,185.62
SLB,Schlumberger,Energy,Oil & Gas Equipment & Services,36.01,43.04,31.43,34.1,33.25,33.86,34.46,36.04,0.0,0.42,36.16,31.55
STX,Seagate Technology,Information Technology,"Technology Hardware, Storage & Peripherals",226.41,256.84,65.98,219.17,218.68,227.32,202.48,132.23,0.0,12.53,254.78,199.86
SRE,Sempra,Utilities,Multi-Utilities,91.81,94.01,62.78,92.03,91.63,91.2,85.67,77.74,0.2,2.69,94.28,88.13
NOW,ServiceNow,Information Technology,Systems Software,939.17,1170.39,721.65,927.49,915.87,917.0,914.85,942.09,-0.1,0.8,946.68,887.28
SHW,Sherwin-Williams,Materials,Specialty Chemicals,331.75,397.11,312.15,333.2,333.04,336.9,350.93,347.96,0.2,4.63,347.11,326.68
SPG,Simon Property Group,Real Estate,Retail REITs,178.71,187.67,136.92,178.79,177.67,180.34,178.97,166.09,0.0,5.14,187.9,172.77
SWKS,Skyworks Solutions,Information Technology,Semiconductors,75.78,94.39,48.25,75.52,74.16,75.34,75.55,71.41,-0.2,5.09,79.64,71.04
SJM,J.M. Smucker Company (The),Consumer Staples,Packaged Foods & Meats,102.59,116.56,93.48,104.55,103.88,105.75,108.06,107.11,0.0,7.44,110.22,101.27
SW,Smurfit Westrock,Materials,Paper & Plastic Packaging Products & Materials,43.02,55.13,37.46,42.36,41.91,42.01,43.66,45.14,0.0,1.28,43.57,40.45
SNA,Snap-on,Industrials,Industrial Machinery & Supplies & Components,346.67,364.18,288.55,343.21,338.91,340.62,334.03,326.23,0.2,1.66,352.42,328.81
SOLV,Solventum,Health Care,Health Care Technology,72.27,84.04,63.01,72.59,71.89,72.36,72.62,72.9,0.0,2.93,74.39,70.34
SO,Southern Company,Utilities,Electric Utilities,96.15,99.72,78.98,97.22,98.03,96.55,94.22,89.74,0.2,4.1,100.09,93.01
LUV,Southwest Airlines,Industrials,Passenger Airlines,31.65,37.49,23.77,33.61,33.15,32.75,32.25,31.31,0.2,9.16,34.55,30.94
SWK,Stanley Black & Decker,Industrials,Industrial Machinery & Supplies & Components,70.4,100.41,54.53,69.49,67.9,70.71,73.63,72.21,-0.2,9.89,77.36,64.06
SBUX,Starbucks,Consumer Discretionary,Restaurants,85.44,114.25,78.46,85.35,83.36,83.4,85.18,91.36,-0.2,3.35,88.3,78.5
STT,State Street Corporation,Financials,Asset Management & Custody Banks,114.61,117.23,74.25,113.77,113.91,114.91,113.28,100.04,-0.4,3.34,118.44,111.38
STLD,Steel Dynamics,Materials,Steel,150.72,153.82,108.4,148.43,146.46,144.53,137.0,129.4,0.2,1.06,152.32,136.75
STE,Steris,Health Care,Health Care Equipment,241.85,252.43,200.94,241.74,239.49,241.34,244.71,231.28,0.0,2.56,248.04,234.65
SYK,Stryker Corporation,Health Care,Health Care Equipment,383.06,402.61,335.89,381.36,374.53,371.71,379.07,378.49,0.0,0.42,384.67,358.76
SMCI,Supermicro,Information Technology,"Technology Hardware, Storage & Peripherals",47.92,60.71,18.01,52.49,53.1,52.71,47.46,42.68,-0.2,23.98,59.41,46.02
SYF,Synchrony Financial,Financials,Consumer Finance,73.24,76.86,43.38,72.8,71.76,71.6,73.45,63.8,0.0,1.99,74.7,68.51
SNPS,Synopsys,Information Technology,Application Software,456.09,645.35,380.9,454.08,447.72,464.94,512.89,502.86,-0.2,10.19,502.57,427.32
SYY,Sysco,Consumer Staples,Food Distributors,78.21,82.73,67.09,79.16,79.16,80.04,80.22,74.84,0.0,6.09,82.97,77.11
TMUS,T-Mobile US,Communication Services,Wireless Telecommunication Services,219.99,270.87,209.08,227.18,227.23,229.31,239.81,241.92,-0.2,8.42,238.51,220.11
TROW,T. Rowe Price,Financials,Asset Management & Custody Banks,102.49,118.63,78.24,103.49,103.92,103.91,104.9,98.86,0.0,4.49,107.09,100.73
TTWO,Take-Two Interactive,Communication Services,Interactive Home Entertainment,254.53,262.29,160.02,258.8,258.11,257.89,247.29,224.65,0.0,3.32,262.98,252.81
TPR,"Tapestry, Inc.",Consumer Discretionary,"Apparel, Accessories & Luxury Goods",114.9,117.14,42.76,116.11,115.23,114.57,108.71,87.96,0.0,3.94,119.43,109.7
TRGP,Targa Resources,Energy,Oil & Gas Storage & Transportation,156.8,213.93,146.3,152.46,151.42,158.84,162.45,174.25,-0.2,11.68,175.11,142.57
TGT,Target Corporation,Consumer Staples,Consumer Staples Merchandise Retail,94.25,150.74,85.53,93.01,90.78,89.98,92.31,102.82,-0.2,0.13,94.37,85.6
TEL,TE Connectivity,Information Technology,Electronic Manufacturing Services,234.09,234.09,121.04,228.07,224.18,222.59,214.43,171.62,0.2,-1.23,231.21,213.96
TDY,Teledyne Technologies,Information Technology,Electronic Equipment & Instruments,536.69,593.62,435.54,557.65,562.2,572.8,559.04,514.85,-0.2,11.98,600.99,544.58
TER,Teradyne,Information Technology,Semiconductor Materials & Equipment,145.04,147.87,67.79,140.91,139.31,140.47,126.98,103.15,0.0,2.5,148.67,132.29
TSLA,"Tesla, Inc.",Consumer Discretionary,Automobile Manufacturers,448.98,479.86,213.65,443.46,435.98,438.7,396.04,335.59,-0.4,2.02,458.05,419.35
TXN,Texas Instruments,Information Technology,Semiconductors,172.19,219.66,143.34,175.98,175.14,178.27,185.87,184.35,-0.2,8.31,186.5,170.04
TPL,Texas Pacific Land Corporation,Energy,Oil & Gas Exploration & Production,937.64,1720.9,853.36,933.11,921.95,934.87,921.12,1142.25,-0.1,4.57,980.49,889.27
TXT,Textron,Industrials,Aerospace & Defense,79.47,88.01,60.69,81.77,82.0,83.68,82.27,76.88,-0.2,10.43,87.76,79.6
TMO,Thermo Fisher Scientific,Health Care,Life Sciences Tools & Services,571.91,605.06,389.91,555.97,541.97,529.2,501.9,478.21,0.0,2.37,585.46,472.96
TJX,TJX Companies,Consumer Discretionary,Apparel Retail,142.4,145.16,110.99,143.31,143.01,142.72,140.08,128.04,0.2,2.42,145.85,139.61
TKO,TKO Group Holdings,Communication Services,Movies & Entertainment,186.85,205.33,113.99,187.22,188.07,192.9,192.74,167.42,0.2,9.6,204.79,181.0
TTD,Trade Desk (The),Communication Services,Advertising,54.13,139.51,43.93,52.88,51.98,51.61,50.63,69.84,-0.1,2.7,55.59,47.62
TSCO,Tractor Supply,Consumer Discretionary,Other Specialty Retail,56.35,62.65,47.62,55.29,55.2,55.33,58.22,54.71,0.0,1.42,57.15,53.51
TT,Trane Technologies,Industrials,Building Products,415.85,471.46,313.81,416.55,417.81,419.78,416.22,396.12,0.0,3.23,429.28,410.26
TDG,TransDigm Group,Industrials,Aerospace & Defense,1350.0,1516.55,1152.5,1312.18,1293.16,1292.27,1294.91,1310.41,0.2,-0.56,1342.44,1242.05
TRV,Travelers Companies (The),Financials,Property & Casualty Insurance,269.1,284.97,229.61,266.84,268.14,274.08,273.55,260.14,0.0,7.06,288.1,260.06
TRMB,Trimble Inc.,Information Technology,Electronic Equipment & Instruments,80.7,85.24,55.12,79.09,78.28,79.39,80.43,74.16,0.0,2.34,82.59,76.18
TFC,Truist Financial,Financials,Diversified Banks,43.61,47.07,33.92,43.42,43.06,44.18,45.02,42.32,-0.4,7.43,46.85,41.52
TYL,Tyler Technologies,Information Technology,Application Software,516.25,646.74,485.73,512.77,507.94,508.46,534.1,567.61,-0.2,2.79,530.65,486.29
TSN,Tyson Foods,Consumer Staples,Packaged Foods & Meats,51.81,62.84,51.58,52.37,52.39,53.11,54.56,55.99,-0.2,6.45,55.15,51.07
USB,U.S. Bancorp,Financials,Diversified Banks,47.82,51.35,35.62,47.11,46.62,47.25,47.68,44.41,0.0,2.84,49.18,45.33
UBER,Uber,Industrials,Passenger Ground Transportation,94.61,100.1,59.93,93.17,93.46,95.68,95.34,84.18,0.2,6.41,100.67,90.69
UDR,"UDR, Inc.",Real Estate,Multi-Family Residential REITs,36.31,44.54,35.6,36.37,36.22,36.18,37.18,39.73,0.0,1.6,36.89,35.46
ULTA,Ulta Beauty,Consumer Discretionary,Other Specialty Retail,524.48,566.91,314.47,525.39,533.6,545.47,532.23,446.32,0.0,9.41,573.83,517.1
UNP,Union Pacific Corporation,Industrials,Rail Transportation,220.04,249.94,205.73,225.03,225.33,230.03,224.73,227.11,-0.1,9.17,240.22,219.83
UAL,United Airlines Holdings,Industrials,Passenger Airlines,95.68,110.52,56.15,98.5,99.38,98.17,101.68,88.85,0.0,8.29,103.61,92.72
UPS,United Parcel Service,Industrials,Air Freight & Logistics,87.03,130.93,82.58,87.1,85.53,85.4,85.5,98.27,-0.2,1.51,88.34,82.45
URI,United Rentals,Industrials,Trading Companies & Distributors,914.3,1020.0,549.5,977.75,983.95,977.9,955.47,769.97,-0.2,12.43,1027.95,927.85
UNH,UnitedHealth Group,Health Care,Managed Health Care,360.45,611.98,236.28,361.68,359.93,357.81,335.71,387.25,0.1,3.28,372.27,343.32
UHS,Universal Health Services,Health Care,Health Care Facilities,208.63,233.16,154.78,207.53,204.46,204.53,193.52,182.65,0.0,1.47,211.7,197.35
VLO,Valero Energy,Energy,Oil & Gas Refining & Marketing,173.13,175.63,102.97,162.13,160.96,163.57,157.98,136.77,0.2,0.62,174.2,152.94
VTR,Ventas,Real Estate,Health Care REITs,69.96,71.5,55.68,70.56,69.44,69.25,68.29,65.09,0.0,2.14,71.46,67.05
VLTO,Veralto,Industrials,Environmental & Facilities Services,104.87,111.3,85.14,103.84,102.83,104.09,105.68,100.74,0.0,2.58,107.58,100.61
VRSN,Verisign,Information Technology,Internet Services & Infrastructure,250.58,305.1,175.69,260.14,261.61,267.93,273.97,260.15,0.0,14.0,285.66,250.21
VRSK,Verisk Analytics,Industrials,Research & Consulting Services,234.79,320.32,229.06,235.38,237.85,242.39,253.74,283.91,0.0,8.39,254.49,230.27
VZ,Verizon,Communication Services,Integrated Telecommunication Services,38.4,44.3,36.0,39.97,40.07,41.01,42.34,41.33,0.0,13.72,43.67,38.35
VRTX,Vertex Pharmaceuticals,Health Care,Biotechnology,422.63,516.74,366.54,422.25,415.51,409.67,398.37,445.42,0.1,1.97,430.96,388.39
VTRS,Viatris,Health Care,Pharmaceuticals,10.31,12.87,7.08,10.32,10.12,10.04,10.15,9.39,-0.2,1.94,10.51,9.58
VICI,Vici Properties,Real Estate,Hotel & Resort REITs,31.42,33.46,27.08,31.19,31.1,31.68,32.18,31.19,-0.2,5.44,33.13,30.22
V,Visa Inc.,Financials,Transaction & Payment Processing Services,345.96,372.65,279.77,344.97,344.12,345.19,344.66,344.28,0.0,2.26,353.78,336.6
VST,Vistra Corp.,Utilities,Electric Utilities,191.37,217.92,97.84,191.86,199.25,200.81,199.55,168.47,0.2,12.56,215.41,186.22
VMC,Vulcan Materials Company,Materials,Construction Materials,292.06,309.07,219.65,294.82,298.67,300.96,296.37,267.81,0.2,6.12,309.93,291.99
WRB,W. R. Berkley Corporation,Financials,Property & Casualty Insurance,75.24,78.46,56.03,74.56,75.64,76.17,73.88,68.61,-0.2,5.0,79.0,73.35
GWW,W. W. Grainger,Industrials,Industrial Machinery & Supplies & Components,964.07,1212.97,915.74,965.9,958.49,957.67,981.53,1016.35,-0.2,1.23,975.93,939.41
WAB,Wabtec,Industrials,Construction Machinery & Heavy Transportation Equipment,196.95,214.1,159.81,195.73,195.0,196.77,193.86,193.8,-0.2,2.53,201.93,191.59
WMT,Walmart,Consumer Staples,Consumer Staples Merchandise Retail,106.86,109.03,80.6,107.0,106.17,104.37,102.14,96.74,0.0,2.2,109.21,99.52
DIS,Walt Disney Company (The),Communication Services,Movies & Entertainment,113.03,124.01,81.37,112.61,111.53,112.19,114.68,109.72,0.0,1.88,115.15,109.22
WBD,Warner Bros. Discovery,Communication Services,Broadcasting,21.25,21.25,7.33,19.72,18.82,18.85,16.22,11.82,0.2,-1.74,20.88,16.81
WM,Waste Management,Industrials,Environmental & Facilities Services,216.11,240.36,198.36,215.67,215.98,217.4,219.78,224.54,0.2,2.53,221.58,213.22
WAT,Waters Corporation,Health Care,Life Sciences Tools & Services,355.68,417.28,277.72,346.27,339.91,327.71,309.87,342.08,-0.1,1.79,362.05,293.39
WEC,WEC Energy Group,Utilities,Electric Utilities,115.91,117.5,89.8,116.85,116.43,115.12,111.19,105.58,0.2,2.05,118.29,111.96
WFC,Wells Fargo,Financials,Diversified Banks,84.46,86.46,60.29,84.48,83.4,82.55,81.66,76.22,0.0,3.65,87.54,77.55
WELL,Welltower,Real Estate,Health Care REITs,176.06,179.38,122.12,175.98,172.65,173.46,169.61,153.62,0.0,2.83,181.04,165.87
WST,West Pharmaceutical Services,Health Care,Health Care Supplies,307.25,347.02,190.04,281.83,272.47,269.58,258.19,244.52,0.2,-5.57,290.14,249.02
WDC,Western Digital,Information Technology,"Technology Hardware, Storage & Peripherals",125.72,131.31,30.45,123.07,120.91,121.6,102.97,64.76,0.0,6.19,133.5,109.7
WY,Weyerhaeuser,Real Estate,Timber REITs,23.85,31.52,23.3,23.61,23.72,24.25,24.89,26.52,0.0,6.42,25.38,23.12
WSM,"Williams-Sonoma, Inc.",Consumer Discretionary,Homefurnishing Retail,188.03,215.07,127.2,188.42,187.93,190.89,195.25,179.71,0.0,6.33,199.93,181.83
WMB,Williams Companies,Energy,Oil & Gas Storage & Transportation,58.93,64.48,49.82,61.79,62.29,63.03,60.06,57.97,-0.4,10.89,65.35,60.71
WTW,Willis Towers Watson,Financials,Insurance Brokers,331.38,349.93,287.2,331.16,334.01,339.27,335.19,320.11,0.2,6.45,352.75,325.8
WDAY,"Workday, Inc.",Information Technology,Application Software,243.28,279.91,210.47,241.45,237.65,238.02,233.13,242.4,-0.1,2.15,248.51,227.54
WYNN,Wynn Resorts,Consumer Discretionary,Casinos & Gaming,125.4,133.34,65.78,121.13,118.82,122.97,121.78,97.63,0.4,7.07,134.27,111.68
XEL,Xcel Energy,Utilities,Multi-Utilities,80.41,81.85,61.02,80.84,80.9,80.76,75.81,70.06,0.2,2.13,82.12,79.39
XYL,Xylem Inc.,Industrials,Industrial Machinery & Supplies & Components,147.69,149.9,102.25,146.71,146.1,146.76,143.56,129.34,0.0,1.83,150.39,143.14
YUM,Yum! Brands,Consumer Discretionary,Restaurants,146.37,160.96,121.48,147.14,144.96,147.39,147.27,145.05,0.2,6.02,155.18,139.59
ZBRA,Zebra Technologies,Information Technology,Electronic Equipment & Instruments,313.89,421.11,213.54,303.5,295.16,297.14,307.82,308.29,0.0,0.04,314.02,280.24
ZBH,Zimmer Biomet,Health Care,Health Care Equipment,103.16,112.61,89.76,102.9,100.2,99.45,101.62,100.25,0.0,1.11,104.31,94.59
ZTS,Zoetis,Health Care,Pharmaceuticals,146.39,187.23,141.11,145.74,144.09,144.43,148.29,156.67,0.0,1.11,148.01,140.85
