Symbol,Company,GICS_Sector,GICS_Sub_Industry,Current_Price,52_Week_High,52_Week_Low,SMA_5,SMA_10,SMA_20,SMA_50,SMA_100,SMA_125,SMA_200
MMM,3M,Industrials,Industrial Conglomerates,166.5,172.85,120.83,166.56,166.16,159.58,157.21,154.06,152.51,149.16
AOS,A. O. Smith,Industrials,Building Products,65.99,76.94,58.25,66.74,68.07,68.89,71.14,69.91,69.25,67.93
ABT,Abbott Laboratories,Health Care,Health Care Equipment,123.62,139.33,109.21,125.3,126.47,128.89,131.02,130.72,130.94,129.81
ABBV,AbbVie,Health Care,Biotechnology,218.04,243.06,158.28,225.39,227.53,228.07,221.2,205.89,201.28,196.7
ACN,Accenture,Information Technology,IT Consulting & Other Services,250.1,394.41,229.4,250.24,249.05,246.79,246.79,262.76,273.07,294.86
ADBE,Adobe Inc.,Information Technology,Application Software,340.31,557.9,327.5,347.02,349.78,344.92,350.78,359.66,369.1,383.66
AMD,Advanced Micro Devices,Information Technology,Semiconductors,256.12,267.08,76.48,258.59,248.97,236.45,191.27,172.61,160.6,139.41
AES,AES Corporation,Utilities,Independent Power Producers & Energy Traders,13.87,15.72,9.28,14.24,14.3,14.4,13.71,12.98,12.53,11.87
AFL,Aflac,Financials,Life & Health Insurance,107.19,113.9,96.14,106.79,107.35,108.98,108.66,105.52,105.1,105.21
A,Agilent Technologies,Health Care,Life Sciences Tools & Services,146.36,152.88,96.03,145.07,145.54,142.6,132.73,125.11,122.43,123.14
APD,Air Products,Materials,Industrial Gases,242.59,334.71,239.03,249.16,251.77,256.73,272.79,279.37,277.73,283.35
ABNB,Airbnb,Consumer Discretionary,"Hotels, Resorts & Cruise Lines",126.54,163.93,99.88,127.29,127.5,124.42,124.54,128.72,129.38,129.2
AKAM,Akamai Technologies,Information Technology,Internet Services & Infrastructure,75.1,105.26,67.51,74.66,74.8,74.8,76.16,76.88,77.08,80.16
ALB,Albemarle Corporation,Materials,Specialty Chemicals,98.23,111.49,48.84,97.37,96.86,95.4,87.02,78.73,74.62,73.61
ARE,Alexandria Real Estate Equities,Real Estate,Office REITs,58.22,109.58,55.02,62.83,69.98,72.84,78.79,76.72,75.16,79.88
ALGN,Align Technology,Health Care,Health Care Supplies,137.88,246.19,122.0,135.4,135.49,132.79,133.39,154.56,159.83,169.39
ALLE,Allegion,Industrials,Building Products,165.77,180.68,116.14,167.33,170.81,173.55,173.84,163.9,159.33,147.92
LNT,Alliant Energy,Utilities,Electric Utilities,66.82,69.75,54.71,67.88,68.23,68.08,66.34,64.64,63.9,62.65
ALL,Allstate,Financials,Property & Casualty Insurance,191.52,215.7,173.88,191.49,192.74,199.07,202.5,200.35,200.95,198.1
GOOGL,Alphabet Inc. (Class A),Communication Services,Interactive Media & Services,281.19,291.59,140.23,274.8,264.57,255.5,243.82,214.93,205.17,192.46
GOOG,Alphabet Inc. (Class C),Communication Services,Interactive Media & Services,281.82,291.93,142.36,275.45,265.24,256.22,244.42,215.69,206.05,193.74
MO,Altria,Consumer Staples,Tobacco,56.38,67.51,46.49,60.5,62.43,63.93,64.8,62.36,61.35,58.44
AMZN,Amazon,Consumer Discretionary,Broadline Retail,244.22,250.5,161.38,230.72,225.54,222.35,225.49,223.81,219.94,214.45
AMCR,Amcor,Materials,Paper & Plastic Packaging Products & Materials,7.9,10.81,7.66,8.07,8.12,8.07,8.2,8.78,8.85,9.11
AEE,Ameren,Utilities,Multi-Utilities,102.02,106.73,82.82,103.03,103.98,104.18,101.96,99.8,98.92,97.85
AEP,American Electric Power,Utilities,Electric Utilities,120.26,122.85,87.57,119.15,118.04,117.76,113.01,109.94,108.31,105.93
AXP,American Express,Financials,Consumer Finance,360.73,365.75,219.32,360.11,356.97,342.36,334.79,320.49,314.81,301.98
AIG,American International Group,Financials,Multi-line Insurance,78.96,87.1,68.15,78.57,78.57,80.08,79.45,80.28,80.78,79.98
AMT,American Tower,Real Estate,Telecom Tower REITs,178.98,232.28,168.28,181.99,186.84,187.05,192.02,203.39,204.74,203.08
AWK,American Water Works,Utilities,Water Utilities,128.43,153.69,116.64,131.6,137.55,139.64,139.39,140.4,140.51,138.71
AMP,Ameriprise Financial,Financials,Asset Management & Custody Banks,452.77,576.69,393.57,470.92,473.67,478.84,490.83,505.08,505.68,504.11
AME,Ametek,Industrials,Electrical Components & Equipment,202.11,204.15,144.53,191.29,189.34,186.37,186.68,183.63,182.33,179.68
AMGN,Amgen,Health Care,Biotechnology,298.43,330.26,247.06,293.09,295.06,294.93,287.87,289.5,286.65,288.26
APH,Amphenol,Information Technology,Electronic Components,139.34,141.72,56.27,138.28,134.16,129.42,122.17,112.07,107.04,92.36
ADI,Analog Devices,Information Technology,Semiconductors,234.13,257.11,157.31,236.89,239.87,238.44,243.82,238.46,234.01,222.82
AON,Aon plc,Financials,Insurance Brokers,340.68,411.24,322.37,332.35,337.15,347.47,356.91,357.63,358.3,366.49
APA,APA Corporation,Energy,Oil & Gas Exploration & Production,22.65,25.51,13.04,22.73,22.96,23.09,23.14,21.13,20.3,19.85
APO,Apollo Global Management,Financials,Asset Management & Custody Banks,124.31,187.59,101.84,124.7,124.92,124.43,131.42,136.86,136.33,138.95
AAPL,Apple Inc.,Information Technology,"Technology Hardware, Storage & Peripherals",270.37,277.32,168.8,269.86,265.51,258.51,248.25,229.86,224.49,223.0
AMAT,Applied Materials,Information Technology,Semiconductor Materials & Equipment,233.1,242.5,123.04,232.07,229.23,224.67,198.24,190.35,184.81,174.98
APTV,Aptiv,Consumer Discretionary,Automotive Parts & Equipment,81.1,88.8,47.19,84.35,84.64,84.07,83.41,76.57,74.5,69.33
ACGL,Arch Capital Group,Financials,Property & Casualty Insurance,86.31,101.66,82.45,85.89,86.66,88.83,89.81,89.63,90.45,91.09
ADM,Archer Daniels Midland,Consumer Staples,Agricultural Products & Services,60.53,65.0,40.22,61.01,61.77,62.03,61.71,58.24,56.17,52.56
ANET,Arista Networks,Information Technology,Communications Equipment,157.69,164.94,59.43,158.35,153.73,151.03,145.64,129.31,122.01,110.57
AJG,Arthur J. Gallagher & Co.,Financials,Insurance Brokers,249.49,349.78,243.34,264.01,272.46,285.65,294.62,300.36,307.34,312.89
AIZ,Assurant,Financials,Multi-line Insurance,211.72,227.13,173.64,210.47,210.59,213.49,213.5,204.37,203.12,202.78
T,AT&T,Communication Services,Integrated Telecommunication Services,24.75,29.47,20.72,25.16,25.33,25.64,27.36,27.48,27.39,26.65
ATO,Atmos Energy,Utilities,Gas Utilities,171.72,179.7,133.63,173.51,175.11,175.58,169.85,163.07,161.39,156.37
ADSK,Autodesk,Information Technology,Application Software,301.34,329.09,232.67,304.76,307.32,307.96,312.49,305.21,303.13,293.28
ADP,Automatic Data Processing,Industrials,Human Resource & Employment Services,260.3,326.59,258.25,268.64,275.67,280.89,289.26,296.42,300.18,299.04
AZO,AutoZone,Consumer Discretionary,Automotive Retail,3674.43,4388.11,2980.1,3741.28,3833.4,3944.19,4103.93,3954.19,3912.01,3773.05
AVB,AvalonBay Communities,Real Estate,Multi-Family Residential REITs,173.92,231.37,166.73,179.48,183.94,184.84,188.92,192.51,194.29,199.44
AVY,Avery Dennison,Materials,Paper & Plastic Packaging Products & Materials,174.89,205.68,155.31,177.33,175.73,167.94,166.92,171.13,172.33,174.11
AXON,Axon Enterprise,Industrials,Aerospace & Defense,732.23,885.92,422.38,746.91,727.82,713.07,731.43,752.26,747.89,685.35
BKR,Baker Hughes,Energy,Oil & Gas Equipment & Services,48.41,50.93,33.21,47.95,47.63,46.97,46.97,44.02,42.64,42.4
BALL,Ball Corporation,Materials,"Metal, Glass & Plastic Containers",47.0,63.86,43.18,48.2,48.83,48.43,49.64,52.95,52.92,52.14
BAC,Bank of America,Financials,Diversified Banks,53.45,53.64,32.69,52.99,52.39,51.29,50.97,48.79,47.7,45.5
BAX,Baxter International,Health Care,Health Care Equipment,18.47,37.27,18.42,21.22,22.09,22.39,23.12,25.27,26.29,28.31
BDX,Becton Dickinson,Health Care,Health Care Equipment,178.71,248.0,161.47,182.17,185.14,187.08,188.3,183.73,181.04,195.35
BBY,Best Buy,Consumer Discretionary,Computer & Electronics Retail,82.14,90.84,53.55,83.21,82.68,79.58,76.57,72.44,71.73,72.52
TECH,Bio-Techne,Health Care,Life Sciences Tools & Services,62.57,80.37,45.87,62.75,63.55,61.88,57.29,55.09,53.86,56.7
BIIB,Biogen,Health Care,Biotechnology,154.27,185.0,110.04,150.26,149.18,148.21,144.35,137.49,135.37,135.22
BLK,BlackRock,Financials,Asset Management & Custody Banks,1082.81,1219.94,766.05,1107.02,1121.64,1145.56,1136.41,1106.15,1077.2,1025.18
BX,Blackstone Inc.,Financials,Asset Management & Custody Banks,146.64,196.67,114.16,149.9,154.27,157.58,168.44,164.28,159.43,155.56
XYZ,"Block, Inc.",Financials,Transaction & Payment Processing Services,75.94,99.26,44.27,77.34,77.5,77.27,76.61,74.01,70.94,69.36
BK,BNY Mellon,Financials,Asset Management & Custody Banks,107.93,110.33,69.31,107.79,107.35,106.7,106.17,101.01,98.32,92.07
BA,Boeing,Industrials,Aerospace & Defense,201.02,242.69,128.88,212.2,215.08,215.65,220.05,220.36,217.14,199.78
BKNG,Booking Holdings,Consumer Discretionary,"Hotels, Resorts & Cruise Lines",5077.74,5829.37,4082.14,5121.76,5150.69,5164.7,5381.9,5469.84,5446.11,5174.57
BSX,Boston Scientific,Health Care,Health Care Equipment,100.72,109.5,80.64,101.0,101.28,99.04,100.79,102.31,102.62,101.86
BMY,Bristol Myers Squibb,Health Care,Pharmaceuticals,46.07,61.0,42.38,44.1,44.07,44.08,45.0,45.7,45.8,49.04
AVGO,Broadcom,Information Technology,Semiconductors,369.63,386.48,137.54,373.42,359.77,352.02,339.01,310.03,294.57,258.17
BR,Broadridge Financial Solutions,Industrials,Data Processing & Outsourced Services,220.4,270.85,205.06,224.6,228.33,230.68,240.12,243.06,242.13,238.98
BRO,Brown & Brown,Financials,Insurance Brokers,79.74,125.31,79.3,82.13,85.24,89.42,92.14,97.1,99.8,105.1
BLDR,Builders FirstSource,Industrials,Building Products,116.17,194.36,102.6,117.14,120.47,122.95,129.47,128.18,125.05,129.48
BG,Bunge Global,Consumer Staples,Agricultural Products & Services,94.6,99.55,65.6,95.73,96.06,91.13,85.83,82.39,81.36,78.46
BXP,"BXP, Inc.",Real Estate,Office REITs,71.19,81.47,52.95,72.12,72.43,72.03,73.24,70.41,69.54,68.06
CHRW,C.H. Robinson,Industrials,Air Freight & Logistics,153.99,158.7,83.72,139.08,132.97,130.99,130.86,117.24,112.71,106.57
CDNS,Cadence Design Systems,Information Technology,Application Software,338.69,376.45,221.56,341.78,338.49,337.09,346.24,337.18,331.13,309.09
CZR,Caesars Entertainment,Consumer Discretionary,Casinos & Gaming,20.1,43.88,18.25,20.42,21.49,22.2,24.63,26.2,26.55,28.0
CPT,Camden Property Trust,Real Estate,Multi-Family Residential REITs,99.48,123.08,97.17,100.4,102.29,102.29,105.43,107.99,109.38,111.11
CPB,Campbell's Company (The),Consumer Staples,Packaged Foods & Meats,30.13,45.22,29.03,30.55,30.82,30.66,31.69,31.56,32.01,34.03
COF,Capital One,Financials,Consumer Finance,219.99,231.82,142.38,220.29,219.88,215.14,219.75,215.58,210.93,200.41
CAH,Cardinal Health,Health Care,Health Care Distributors,190.77,197.67,105.46,174.33,166.82,161.29,154.89,156.61,155.63,145.93
KMX,CarMax,Consumer Discretionary,Automotive Retail,41.91,91.25,41.13,43.15,43.47,43.82,51.52,57.03,58.79,65.49
CCL,Carnival,Consumer Discretionary,"Hotels, Resorts & Cruise Lines",28.83,32.8,15.07,28.46,29.0,28.76,30.07,29.15,27.86,25.64
CARR,Carrier Global,Industrials,Building Products,59.49,80.78,53.68,59.13,58.38,57.98,60.4,65.93,67.06,65.89
CAT,Caterpillar Inc.,Industrials,Construction Machinery & Heavy Transportation Equipment,577.26,596.21,264.29,559.49,541.04,525.3,477.52,439.52,420.25,388.01
CBOE,Cboe Global Markets,Financials,Financial Exchanges & Data,245.64,255.27,186.22,238.39,237.57,238.96,238.53,238.35,235.73,226.58
CBRE,CBRE Group,Real Estate,Real Estate Services,152.43,171.0,108.45,155.72,159.03,156.38,159.5,152.63,147.46,141.67
CDW,CDW Corporation,Information Technology,Technology Distributors,159.37,220.59,136.33,157.78,157.38,154.52,160.25,166.81,169.58,170.43
COR,Cencora,Health Care,Health Care Distributors,337.81,350.46,222.57,336.78,333.22,324.38,308.08,300.47,297.97,284.72
CNC,Centene Corporation,Health Care,Managed Health Care,35.37,66.81,25.08,34.81,35.02,35.89,33.58,34.7,39.46,47.31
CNP,CenterPoint Energy,Utilities,Multi-Utilities,38.24,40.5,27.87,39.07,39.48,39.47,38.64,37.82,37.67,36.48
CF,CF Industries,Materials,Fertilizers & Agricultural Chemicals,83.29,103.84,66.56,84.55,84.93,86.34,86.63,89.24,88.95,85.38
CRL,Charles River Laboratories,Health Care,Life Sciences Tools & Services,180.07,230.02,91.86,184.51,186.99,179.63,167.0,162.21,157.61,154.72
SCHW,Charles Schwab Corporation,Financials,Investment Banking & Brokerage,94.52,99.42,65.48,94.45,94.56,94.11,94.3,93.85,92.47,87.09
CHTR,Charter Communications,Communication Services,Cable & Satellite,233.84,437.06,215.93,240.13,243.77,254.69,262.1,303.56,323.92,336.66
CVX,Chevron Corporation,Energy,Integrated Oil & Gas,157.72,165.09,129.01,155.15,155.17,153.81,156.01,152.65,149.41,148.96
CMG,Chipotle Mexican Grill,Consumer Discretionary,Restaurants,31.69,66.74,31.01,37.06,39.39,40.33,40.39,45.0,46.21,48.53
CB,Chubb Limited,Financials,Property & Casualty Insurance,276.94,305.88,250.52,278.05,276.91,279.06,277.86,277.54,280.0,280.12
CHD,Church & Dwight,Consumer Staples,Household Products,87.69,115.72,81.33,84.25,85.8,86.84,89.42,92.42,93.12,97.64
CI,Cigna,Health Care,Health Care Services,244.41,346.57,240.67,281.64,293.73,297.17,296.96,298.28,301.42,304.42
CINF,Cincinnati Financial,Financials,Property & Casualty Insurance,154.59,166.9,121.6,154.03,154.92,157.19,155.73,151.79,150.82,145.68
CTAS,Cintas,Industrials,Diversified Support Services,183.27,228.77,179.74,185.94,189.52,190.4,198.84,209.43,211.75,207.9
CSCO,Cisco,Information Technology,Communications Equipment,73.11,73.48,51.49,72.27,71.43,70.26,68.55,68.01,66.86,64.06
C,Citigroup,Financials,Diversified Banks,101.23,105.59,54.71,100.59,99.23,98.19,98.61,93.52,89.71,83.07
CFG,Citizens Financial Group,Financials,Regional Banks,50.87,54.74,31.67,50.84,50.68,50.69,51.37,48.6,46.83,44.58
CLX,Clorox,Consumer Staples,Household Products,112.46,165.17,110.61,113.26,115.37,116.78,119.42,120.77,122.55,130.52
CME,CME Group,Financials,Financial Exchanges & Data,265.49,288.09,204.81,265.47,266.98,266.89,265.61,270.01,271.29,263.91
CMS,CMS Energy,Utilities,Multi-Utilities,73.55,76.11,62.54,73.42,74.12,74.07,72.54,71.78,71.43,70.93
KO,Coca-Cola Company (The),Consumer Staples,Soft Drinks & Non-alcoholic Beverages,68.9,73.29,59.3,69.29,69.66,68.32,67.6,68.49,68.85,68.43
CTSH,Cognizant,Information Technology,IT Consulting & Other Services,72.88,89.77,64.98,70.53,69.23,68.14,69.02,71.96,73.52,75.3
COIN,Coinbase,Financials,Financial Exchanges & Data,343.78,444.65,142.58,347.51,341.75,350.59,333.74,337.51,319.14,282.26
CL,Colgate-Palmolive,Consumer Staples,Household Products,77.05,98.37,74.62,76.85,77.79,77.69,80.07,83.52,84.76,86.42
CMCSA,Comcast,Communication Services,Cable & Satellite,27.83,43.66,25.75,28.48,28.99,29.49,31.22,32.5,32.81,33.44
CAG,Conagra Brands,Consumer Staples,Packaged Foods & Meats,17.19,27.56,16.94,17.5,17.83,17.99,18.3,18.78,19.41,21.21
COP,ConocoPhillips,Energy,Oil & Gas Exploration & Production,88.86,112.56,78.56,88.11,87.96,89.06,92.62,92.85,91.75,92.8
ED,Consolidated Edison,Utilities,Multi-Utilities,97.41,112.97,85.07,98.27,99.74,100.4,99.02,100.0,100.59,100.82
STZ,Constellation Brands,Consumer Staples,Distillers & Vintners,131.38,239.24,127.0,132.05,135.71,137.67,140.52,153.48,158.94,165.4
CEG,Constellation Energy,Utilities,Electric Utilities,377.0,412.7,160.94,387.4,377.09,378.66,345.64,333.1,324.94,296.28
COO,Cooper Companies (The),Health Care,Health Care Supplies,69.91,107.84,61.78,70.84,72.67,71.35,69.53,70.79,72.13,77.35
CPRT,Copart,Industrials,Diversified Support Services,43.01,64.38,41.96,43.24,44.1,44.22,45.93,46.67,48.7,51.88
GLW,Corning Inc.,Information Technology,Electronic Components,89.08,92.54,36.95,89.09,87.42,86.49,79.7,68.12,64.12,57.67
CPAY,Corpay,Financials,Transaction & Payment Processing Services,260.35,400.81,252.84,270.66,277.87,282.13,297.59,311.81,316.5,328.27
CTVA,Corteva,Materials,Fertilizers & Agricultural Chemicals,61.44,77.22,53.14,62.75,62.79,62.76,67.48,70.29,69.98,66.77
CSGP,CoStar Group,Real Estate,Real Estate Services,68.81,97.43,63.82,73.06,74.99,75.91,82.69,84.77,82.97,80.91
COST,Costco,Consumer Staples,Consumer Staples Merchandise Retail,911.45,1075.34,864.06,919.61,929.05,930.15,939.84,955.08,967.65,971.13
CTRA,Coterra,Energy,Oil & Gas Exploration & Production,23.66,29.29,21.84,23.49,23.48,23.44,23.74,24.15,24.18,25.1
CRWD,CrowdStrike,Information Technology,Systems Software,543.01,553.64,294.68,540.77,526.08,510.38,475.39,471.57,467.38,436.76
CCI,Crown Castle,Real Estate,Telecom Tower REITs,90.22,114.47,81.02,93.21,95.8,96.24,95.86,99.19,99.12,97.17
CSX,CSX Corporation,Industrials,Rail Transportation,36.02,37.19,26.01,35.73,35.86,35.94,34.37,34.25,33.54,32.29
CMI,Cummins,Industrials,Construction Machinery & Heavy Transportation Equipment,437.68,449.21,257.24,430.48,423.15,423.21,415.84,383.72,371.0,354.7
CVS,CVS Health,Health Care,Health Care Services,78.15,85.15,41.77,80.02,80.86,79.52,75.91,70.19,68.57,66.03
DHR,Danaher Corporation,Health Care,Life Sciences Tools & Services,215.38,256.97,170.43,216.47,217.53,212.26,203.35,201.79,199.83,202.48
DRI,Darden Restaurants,Consumer Discretionary,Restaurants,180.15,224.86,153.25,181.14,183.98,185.52,194.05,201.45,202.39,198.52
DDOG,Datadog,Information Technology,Application Software,162.81,170.08,81.63,158.15,157.06,157.93,145.91,140.81,135.85,127.93
DVA,DaVita,Health Care,Health Care Services,119.02,179.6,115.39,124.7,126.62,126.57,130.86,135.17,136.2,142.65
DAY,Dayforce,Industrials,Human Resource & Employment Services,68.74,82.69,48.01,68.48,68.45,68.46,68.84,63.0,62.12,61.65
DECK,Deckers Brands,Consumer Discretionary,Footwear,81.5,223.98,80.3,84.86,91.78,95.31,106.33,105.34,107.55,119.48
DE,Deere & Company,Industrials,Agricultural & Farm Machinery,461.63,530.24,381.67,469.36,467.36,460.35,467.22,486.92,490.39,481.13
DELL,Dell Technologies,Information Technology,"Technology Hardware, Storage & Peripherals",162.01,167.94,65.33,162.74,157.35,154.63,140.04,133.16,128.22,116.52
DAL,Delta Air Lines,Industrials,Passenger Airlines,57.38,69.15,34.41,58.31,59.54,59.24,59.29,56.18,54.74,53.88
DVN,Devon Energy,Energy,Oil & Gas Exploration & Production,32.49,39.44,25.53,32.3,32.43,32.92,34.17,33.61,33.2,33.27
DXCM,Dexcom,Health Care,Health Care Equipment,58.22,93.25,56.44,66.89,68.47,67.39,71.08,76.97,78.64,78.26
FANG,Diamondback Energy,Energy,Oil & Gas Exploration & Production,143.19,182.18,112.4,142.9,143.25,143.4,142.84,142.57,141.56,144.22
DLR,Digital Realty,Real Estate,Data Center REITs,170.41,192.35,128.14,172.1,173.21,173.37,170.92,171.24,170.6,164.4
DG,Dollar General,Consumer Staples,Consumer Staples Merchandise Retail,98.66,117.24,65.27,100.57,102.34,101.74,103.93,107.58,105.77,96.06
DLTR,Dollar Tree,Consumer Staples,Consumer Staples Merchandise Retail,99.12,118.06,60.49,100.91,100.27,95.72,98.19,103.09,100.33,90.09
D,Dominion Energy,Utilities,Multi-Utilities,58.69,62.52,46.96,59.52,60.26,60.62,60.13,58.8,57.98,56.17
DPZ,Domino's,Consumer Discretionary,Restaurants,398.46,495.24,392.47,406.39,413.62,413.95,431.88,443.88,449.89,452.8
DASH,DoorDash,Consumer Discretionary,Specialized Consumer Services,254.37,285.5,152.26,259.85,259.17,265.95,261.02,251.44,241.77,221.79
DOV,Dover Corporation,Industrials,Industrial Machinery & Supplies & Components,181.46,220.46,142.22,180.01,176.83,170.35,172.26,176.92,177.31,179.43
DOW,Dow Inc.,Materials,Commodity Chemicals,23.85,46.6,20.11,24.72,23.8,22.93,23.52,24.72,25.42,28.56
DHI,D. R. Horton,Consumer Discretionary,Homebuilding,149.08,184.55,109.8,151.85,154.64,155.59,165.27,153.15,146.83,140.18
DTE,DTE Energy,Utilities,Multi-Utilities,135.54,143.79,111.81,138.75,140.54,140.96,138.44,136.62,135.98,132.97
DUK,Duke Energy,Utilities,Electric Utilities,124.3,130.03,102.41,125.39,126.79,126.66,123.93,121.33,120.15,118.04
DD,DuPont,Materials,Specialty Chemicals,81.65,85.99,53.17,81.71,81.27,79.6,78.19,74.97,73.45,73.11
EMN,Eastman Chemical Company,Materials,Specialty Chemicals,59.52,103.22,56.08,61.49,61.81,61.42,64.04,68.17,70.22,76.64
ETN,Eaton Corporation,Industrials,Electrical Components & Equipment,381.56,398.4,230.37,381.63,376.86,376.14,367.29,362.75,354.46,331.89
EBAY,eBay Inc.,Consumer Discretionary,Broadline Retail,81.31,101.12,55.44,92.43,94.09,92.55,92.08,87.56,84.55,77.6
ECL,Ecolab,Materials,Specialty Chemicals,256.4,285.35,220.55,263.79,270.56,272.73,272.33,270.64,268.38,261.27
EIX,Edison International,Utilities,Electric Utilities,55.38,83.74,46.27,55.87,56.85,55.74,54.91,53.08,53.25,53.31
EW,Edwards Lifesciences,Health Care,Health Care Equipment,82.45,87.07,64.89,82.33,79.24,76.85,77.56,77.52,77.31,75.16
EA,Electronic Arts,Communication Services,Interactive Home Entertainment,200.06,203.75,114.77,200.2,200.43,200.34,186.16,171.88,167.25,155.67
ELV,Elevance Health,Health Care,Managed Health Care,317.2,454.26,272.22,331.48,339.51,346.23,328.6,326.64,338.86,364.37
EMR,Emerson Electric,Industrials,Electrical Components & Equipment,139.57,149.68,89.31,136.36,134.03,132.17,132.3,134.25,131.06,124.53
ENPH,Enphase Energy,Information Technology,Semiconductor Materials & Equipment,30.51,89.95,29.89,33.06,34.79,35.56,36.85,37.24,38.68,46.19
ETR,Entergy,Utilities,Electric Utilities,96.09,98.58,64.92,96.0,96.06,96.17,92.34,88.78,87.42,85.37
EOG,EOG Resources,Energy,Oil & Gas Exploration & Production,105.84,134.2,99.8,106.0,106.31,107.3,113.21,115.83,114.72,116.74
EPAM,EPAM Systems,Information Technology,IT Consulting & Other Services,163.54,269.0,138.15,161.98,158.26,152.61,157.7,162.51,165.52,177.8
EQT,EQT Corporation,Energy,Oil & Gas Exploration & Production,53.58,60.83,34.99,52.75,53.67,54.26,52.92,53.84,54.12,52.83
EFX,Equifax,Industrials,Research & Consulting Services,211.1,279.93,199.2,218.06,224.71,228.16,241.79,247.26,251.25,249.18
EQIX,Equinix,Real Estate,Data Center REITs,846.01,977.63,693.42,827.16,828.34,817.28,796.55,796.28,811.77,828.0
EQR,Equity Residential,Real Estate,Multi-Family Residential REITs,59.44,75.25,58.19,60.69,61.91,61.99,63.54,64.47,65.23,66.3
ERIE,Erie Indemnity,Financials,Insurance Brokers,292.64,451.6,282.01,310.89,316.99,318.28,324.62,338.32,342.11,363.7
ESS,Essex Property Trust,Real Estate,Multi-Family Residential REITs,251.77,307.81,239.32,253.45,258.27,258.72,261.82,267.46,269.29,274.13
EL,Estée Lauder Companies (The),Consumer Staples,Personal Care Products,96.69,104.53,47.94,98.18,99.22,96.58,91.62,88.55,83.83,77.36
EG,Everest Group,Financials,Reinsurance,314.52,387.65,302.44,316.41,332.88,343.0,343.0,339.17,339.93,343.05
EVRG,Evergy,Utilities,Electric Utilities,76.81,79.32,56.9,77.5,77.88,77.79,74.72,71.96,70.65,68.58
ES,Eversource Energy,Utilities,Electric Utilities,73.81,75.25,51.06,74.2,73.87,73.01,68.67,66.5,65.76,62.82
EXC,Exelon,Utilities,Electric Utilities,46.12,48.51,34.98,47.23,47.62,47.31,45.24,44.34,44.14,43.63
EXE,Expand Energy,Energy,Oil & Gas Exploration & Production,103.31,121.47,80.47,101.82,103.47,103.72,101.09,102.91,104.81,103.8
EXPE,Expedia Group,Consumer Discretionary,"Hotels, Resorts & Cruise Lines",220.0,240.98,129.46,221.61,221.33,218.92,218.46,200.38,193.59,185.59
EXPD,Expeditors International,Industrials,Air Freight & Logistics,121.9,128.27,99.78,119.74,119.51,118.9,120.7,118.39,117.2,115.67
EXR,Extra Space Storage,Real Estate,Self-Storage REITs,133.54,168.1,118.4,141.31,146.17,145.96,143.33,143.49,143.95,144.12
XOM,ExxonMobil,Energy,Integrated Oil & Gas,114.36,119.89,96.01,115.29,114.8,113.65,113.19,111.2,109.71,108.84
FFIV,"F5, Inc.",Information Technology,Communications Equipment,253.05,346.0,227.04,265.3,282.02,305.37,315.32,309.09,304.06,293.57
FDS,FactSet,Financials,Financial Exchanges & Data,266.8,495.04,265.11,276.29,282.8,282.4,314.53,364.82,381.87,404.73
FICO,Fair Isaac,Information Technology,Application Software,1659.53,2402.52,1300.0,1632.7,1620.6,1658.85,1584.61,1582.64,1644.68,1722.32
FAST,Fastenal,Industrials,Trading Companies & Distributors,41.15,50.37,34.62,41.55,42.14,43.3,46.26,45.51,44.5,41.96
FRT,Federal Realty Investment Trust,Real Estate,Retail REITs,96.19,113.0,78.83,97.1,98.84,98.23,98.76,95.93,95.43,96.08
FDX,FedEx,Industrials,Air Freight & Logistics,253.82,301.45,191.82,249.86,245.07,240.82,234.85,231.31,228.8,232.54
FIS,Fidelity National Information Services,Financials,Transaction & Payment Processing Services,62.52,90.1,59.51,63.77,65.77,66.56,66.89,72.19,73.43,73.5
FITB,Fifth Third Bancorp,Financials,Regional Banks,41.62,47.33,31.68,42.01,42.04,42.32,43.9,42.65,41.67,40.67
FSLR,First Solar,Information Technology,Semiconductors,266.94,269.67,116.56,245.9,237.91,234.64,219.35,197.05,189.61,172.45
FE,FirstEnergy,Utilities,Electric Utilities,45.83,48.2,36.81,46.09,46.52,46.71,45.07,43.09,42.73,41.51
FI,Fiserv,Financials,Transaction & Payment Processing Services,66.69,238.59,64.52,91.04,107.98,115.7,126.27,140.47,146.32,172.02
F,Ford Motor Company,Consumer Discretionary,Automobile Manufacturers,13.13,13.97,8.21,13.16,12.9,12.34,12.01,11.53,11.28,10.57
FTNT,Fortinet,Information Technology,Systems Software,86.43,114.82,70.12,85.2,85.08,84.76,82.59,89.97,92.6,95.73
FTV,Fortive,Industrials,Industrial Machinery & Supplies & Components,50.34,62.58,45.4,50.11,49.78,49.39,48.83,49.77,50.55,52.63
FOXA,Fox Corporation (Class A),Communication Services,Broadcasting,64.65,66.56,41.38,62.67,60.7,59.75,60.04,57.88,57.1,55.2
FOX,Fox Corporation (Class B),Communication Services,Broadcasting,58.41,59.99,38.07,56.19,54.37,53.53,54.17,52.62,52.04,50.74
BEN,Franklin Resources,Financials,Asset Management & Custody Banks,22.61,25.72,15.81,23.0,22.84,22.89,23.65,23.78,23.23,21.56
FCX,Freeport-McMoRan,Materials,Copper,41.7,48.78,27.35,41.58,41.48,41.56,42.38,42.54,41.83,39.87
GRMN,Garmin,Consumer Discretionary,Consumer Electronics,213.94,261.69,167.87,229.61,239.67,246.04,241.91,230.54,224.36,217.95
IT,Gartner,Information Technology,IT Consulting & Other Services,248.34,584.01,223.65,250.95,250.46,246.75,249.35,296.18,324.36,377.2
GE,GE Aerospace,Industrials,Aerospace & Defense,308.95,316.67,158.62,311.32,307.41,303.26,293.16,276.05,267.63,241.04
GEHC,GE HealthCare,Health Care,Health Care Equipment,74.95,94.66,57.57,77.02,76.81,75.19,75.09,74.48,73.82,76.08
GEV,GE Vernova,Industrials,Heavy Electrical Equipment,585.14,677.01,251.84,578.51,582.75,600.46,607.87,590.36,562.56,479.76
GEN,Gen Digital,Information Technology,Systems Software,26.36,32.09,22.55,26.37,26.75,26.85,28.33,29.13,28.96,28.0
GNRC,Generac,Industrials,Electrical Components & Equipment,168.02,203.25,99.5,179.04,184.76,181.24,180.09,170.64,161.51,150.4
GD,General Dynamics,Industrials,Aerospace & Defense,344.9,360.5,235.63,346.7,344.19,340.58,331.42,315.58,307.1,289.22
GIS,General Mills,Consumer Staples,Packaged Foods & Meats,46.61,65.88,46.21,47.31,47.85,48.3,48.88,49.5,50.19,52.85
GM,General Motors,Consumer Discretionary,Automobile Manufacturers,69.09,70.24,41.36,69.23,67.46,62.2,60.28,56.21,54.64,51.94
GPC,Genuine Parts Company,Consumer Discretionary,Distributors,127.31,143.1,102.41,129.59,131.13,132.35,136.16,131.61,129.88,125.04
GILD,Gilead Sciences,Health Care,Biotechnology,119.79,124.61,83.59,119.02,120.54,119.18,115.45,113.56,111.73,108.69
GPN,Global Payments,Financials,Transaction & Payment Processing Services,77.76,118.69,65.53,81.62,84.33,85.15,85.93,83.44,82.34,87.31
GL,Globe Life,Financials,Life & Health Insurance,131.51,147.54,99.43,133.01,134.14,135.12,138.89,133.47,130.86,127.78
GDDY,GoDaddy,Information Technology,Internet Services & Infrastructure,133.13,216.0,125.0,129.83,131.01,131.7,139.04,151.95,158.3,168.51
GS,Goldman Sachs,Financials,Investment Banking & Brokerage,789.37,825.25,434.87,788.93,774.62,774.39,773.3,735.17,706.81,656.14
HAL,Halliburton,Energy,Oil & Gas Equipment & Services,26.84,31.66,18.43,26.94,26.26,24.6,23.6,22.53,22.05,22.79
HIG,Hartford (The),Financials,Property & Casualty Insurance,124.18,135.17,103.64,123.53,124.18,126.87,129.99,127.5,127.59,123.08
HAS,Hasbro,Consumer Discretionary,Leisure Products,76.31,82.19,48.07,77.37,76.63,75.3,76.71,75.79,73.6,67.83
HCA,HCA Healthcare,Health Care,Health Care Facilities,459.68,478.19,288.25,465.84,452.27,437.46,420.92,396.68,392.05,367.7
DOC,Healthpeak Properties,Real Estate,Health Care REITs,17.95,21.81,16.17,18.04,18.34,18.39,18.27,17.76,17.57,18.05
HSIC,Henry Schein,Health Care,Health Care Distributors,63.2,82.49,60.56,63.03,63.43,63.62,66.2,68.34,68.82,69.82
HSY,Hershey Company (The),Consumer Staples,Packaged Foods & Meats,169.63,202.98,136.73,175.55,179.53,185.49,186.29,180.55,176.5,170.88
HPE,Hewlett Packard Enterprise,Information Technology,"Technology Hardware, Storage & Peripherals",24.42,26.44,11.82,24.31,23.75,24.21,24.02,22.02,21.09,19.85
HLT,Hilton Worldwide,Consumer Discretionary,"Hotels, Resorts & Cruise Lines",256.96,279.81,195.81,260.93,264.21,262.76,266.98,266.13,262.77,254.04
HOLX,Hologic,Health Care,Health Care Equipment,73.91,84.39,51.9,73.96,73.74,70.7,68.28,67.07,65.47,64.56
HD,Home Depot (The),Consumer Discretionary,Home Improvement Retail,379.59,429.19,322.47,381.64,384.87,384.84,400.26,385.8,381.81,378.49
HON,Honeywell,Industrials,Industrial Conglomerates,201.33,226.64,167.32,201.38,200.46,196.98,199.5,206.11,206.53,202.25
HRL,Hormel Foods,Consumer Staples,Packaged Foods & Meats,21.59,32.43,21.03,22.35,23.15,23.42,24.48,26.77,27.3,27.89
HST,Host Hotels & Resorts,Real Estate,Hotel & Resort REITs,16.02,18.32,11.93,16.27,16.44,16.37,16.84,16.27,16.01,15.56
HWM,Howmet Aerospace,Industrials,Aerospace & Defense,205.95,211.95,98.82,202.82,199.36,194.84,188.5,184.09,180.37,161.22
HPQ,HP Inc.,Information Technology,"Technology Hardware, Storage & Peripherals",27.67,38.25,20.76,27.77,27.78,27.48,27.66,26.36,26.36,27.13
HUBB,Hubbell Incorporated,Industrials,Industrial Machinery & Supplies & Components,470.0,484.26,297.55,460.37,445.91,433.34,434.07,425.7,416.89,397.54
HUM,Humana,Health Care,Managed Health Care,278.19,314.25,206.15,288.72,289.25,284.44,280.77,263.3,257.68,261.26
HBAN,Huntington Bancshares,Financials,Regional Banks,15.44,17.93,11.7,15.42,15.67,15.89,16.82,16.61,16.38,15.85
HII,Huntington Ingalls Industries,Industrials,Aerospace & Defense,322.02,330.0,155.93,308.07,298.73,292.43,281.7,267.28,258.8,234.72
IBM,IBM,Information Technology,IT Consulting & Other Services,307.41,319.35,197.92,310.27,299.7,291.36,273.08,270.86,268.63,258.55
IEX,IDEX Corporation,Industrials,Industrial Machinery & Supplies & Components,171.46,234.67,151.55,169.94,168.83,166.56,164.01,168.63,171.35,177.03
IDXX,Idexx Laboratories,Health Care,Health Care Equipment,629.51,688.12,356.14,633.49,636.12,633.66,637.86,602.53,584.13,526.55
ITW,Illinois Tool Works,Industrials,Industrial Machinery & Supplies & Components,243.92,273.07,212.05,244.65,248.89,249.29,256.74,254.84,252.46,250.35
INCY,Incyte,Health Care,Biotechnology,93.48,95.1,53.56,92.2,90.31,88.26,86.31,79.77,76.67,72.76
IR,Ingersoll Rand,Industrials,Industrial Machinery & Supplies & Components,76.33,105.95,65.58,78.77,79.01,78.68,79.87,81.41,81.5,81.85
PODD,Insulet Corporation,Health Care,Health Care Equipment,313.01,353.5,227.03,318.25,322.07,318.82,326.4,313.44,313.23,295.44
INTC,Intel,Information Technology,Semiconductors,39.99,42.48,17.67,40.51,39.21,38.07,32.02,27.01,25.77,24.21
ICE,Intercontinental Exchange,Financials,Financial Exchanges & Data,146.29,188.82,141.12,152.51,154.67,156.27,165.53,173.54,173.97,170.34
IFF,International Flavors & Fragrances,Materials,Specialty Chemicals,62.97,99.74,59.14,63.91,64.57,62.96,63.56,67.81,69.35,72.89
IP,International Paper,Materials,Paper & Plastic Packaging Products & Materials,38.64,58.71,37.7,43.36,45.83,46.07,46.75,47.7,47.56,48.94
IPG,Interpublic Group of Companies (The),Communication Services,Advertising,25.66,31.81,21.93,26.12,26.65,26.66,26.54,25.56,25.21,25.39
INTU,Intuit,Information Technology,Application Software,667.55,812.22,530.03,668.42,671.35,662.82,668.17,712.57,710.79,667.18
ISRG,Intuitive Surgical,Health Care,Health Care Equipment,534.28,616.0,425.0,539.71,524.46,482.26,464.38,484.59,497.67,512.03
IVZ,Invesco,Financials,Asset Management & Custody Banks,23.7,24.75,11.33,23.74,23.29,23.37,22.76,20.55,19.36,17.92
INVH,Invitation Homes,Real Estate,Single-Family Residential REITs,28.15,35.13,27.38,28.22,28.51,28.38,29.17,30.35,30.91,31.34
IQV,IQVIA,Health Care,Life Sciences Tools & Services,216.46,225.91,134.65,217.26,217.53,210.25,197.07,185.01,177.11,178.15
IRM,Iron Mountain,Real Estate,Other Specialized REITs,102.95,125.15,71.19,103.22,103.95,104.28,99.89,98.39,98.13,95.1
JBHT,J.B. Hunt,Industrials,Cargo Ground Transportation,168.86,198.61,122.01,167.74,167.36,156.61,145.91,145.64,144.61,147.42
JBL,Jabil,Information Technology,Electronic Manufacturing Services,220.89,237.14,108.57,218.09,211.33,207.49,211.18,213.23,203.87,183.03
JKHY,Jack Henry & Associates,Financials,Transaction & Payment Processing Services,148.94,194.68,144.12,151.86,153.99,152.71,155.06,164.17,167.25,169.4
J,Jacobs Solutions,Industrials,Construction & Engineering,155.81,168.44,104.68,158.34,159.68,157.75,151.7,144.68,140.78,134.57
JNJ,Johnson & Johnson,Health Care,Pharmaceuticals,188.87,194.48,137.37,188.35,190.32,190.5,183.31,172.64,168.42,163.19
JCI,Johnson Controls,Industrials,Building Products,114.39,116.48,67.78,113.44,112.1,110.19,108.66,107.15,105.29,96.22
JPM,JPMorgan Chase,Financials,Diversified Banks,311.12,316.47,200.22,307.12,302.41,303.16,303.94,294.92,287.89,272.44
K,Kellanova,Consumer Staples,Packaged Foods & Meats,83.06,83.15,76.48,83.08,83.05,82.96,80.78,79.98,80.23,80.48
KVUE,Kenvue,Consumer Staples,Personal Care Products,14.37,24.71,14.02,14.5,14.77,15.36,17.23,19.3,20.04,20.8
KDP,Keurig Dr Pepper,Consumer Staples,Soft Drinks & Non-alcoholic Beverages,27.16,35.62,25.03,28.01,27.76,27.06,27.31,30.31,30.8,31.52
KEY,KeyCorp,Financials,Regional Banks,17.59,19.41,12.43,17.54,17.54,17.64,18.41,17.96,17.51,16.82
KEYS,Keysight Technologies,Information Technology,Electronic Equipment & Instruments,182.96,186.2,121.43,173.32,170.12,168.25,169.8,166.6,165.27,162.18
KMB,Kimberly-Clark,Consumer Staples,Household Products,119.71,147.59,116.26,119.58,119.66,119.93,123.78,126.5,128.27,130.09
KIM,Kimco Realty,Real Estate,Retail REITs,20.66,24.7,17.52,21.44,21.84,21.61,21.86,21.46,21.29,21.06
KMI,Kinder Morgan,Energy,Oil & Gas Storage & Transportation,26.19,30.49,23.22,26.08,26.51,27.03,27.22,27.33,27.37,27.11
KKR,KKR & Co.,Financials,Asset Management & Custody Banks,118.33,169.7,85.9,119.57,120.72,121.57,132.0,135.29,132.53,130.21
KLAC,KLA Corporation,Information Technology,Semiconductor Materials & Equipment,1208.74,1284.47,548.81,1215.92,1183.61,1125.12,1037.09,969.38,929.61,844.3
KHC,Kraft Heinz,Consumer Staples,Packaged Foods & Meats,24.73,32.38,24.1,24.96,25.24,25.24,26.02,26.37,26.41,27.29
KR,Kroger,Consumer Staples,Food Retail,63.63,74.52,54.49,66.16,67.19,67.52,67.3,68.88,68.68,67.34
LHX,L3Harris,Industrials,Aerospace & Defense,289.1,308.12,190.25,290.08,290.87,293.09,286.68,274.23,265.74,244.43
LH,Labcorp,Health Care,Health Care Services,253.96,293.72,208.23,257.96,271.12,275.39,276.76,268.46,264.26,254.35
LRCX,Lam Research,Information Technology,Semiconductor Materials & Equipment,157.46,165.22,56.07,158.33,152.12,146.52,129.03,113.43,107.22,95.23
LW,Lamb Weston,Consumer Staples,Packaged Foods & Meats,61.73,82.35,47.25,63.85,64.58,64.34,59.83,56.62,55.85,55.26
LVS,Las Vegas Sands,Consumer Discretionary,Casinos & Gaming,59.35,59.66,29.84,58.94,56.02,53.01,53.84,51.29,49.21,45.81
LDOS,Leidos,Industrials,Diversified Support Services,190.47,200.78,122.65,189.29,189.99,190.2,186.41,174.62,169.98,158.07
LEN,Lennar,Consumer Discretionary,Homebuilding,123.77,171.44,97.13,125.8,126.52,123.99,128.58,121.8,118.97,118.32
LII,Lennox International,Industrials,Building Products,505.0,687.72,479.4,498.37,505.99,519.9,537.05,565.06,566.36,571.82
LLY,Lilly (Eli),Health Care,Pharmaceuticals,862.86,931.67,622.41,833.48,823.48,826.93,780.49,768.52,763.89,786.8
LIN,Linde plc,Materials,Industrial Gases,418.3,484.83,406.06,433.55,441.54,449.83,465.22,466.39,464.77,459.09
LYV,Live Nation Entertainment,Communication Services,Movies & Entertainment,149.53,175.25,112.88,150.2,152.73,153.15,160.55,155.51,152.68,146.02
LKQ,LKQ Corporation,Consumer Discretionary,Distributors,31.96,43.77,28.42,31.12,30.81,30.25,31.0,32.75,34.22,36.18
LMT,Lockheed Martin,Industrials,Aerospace & Defense,491.88,560.66,407.14,487.92,489.56,497.23,481.43,463.71,464.41,459.68
L,Loews Corporation,Financials,Multi-line Insurance,99.56,103.52,74.95,99.06,99.4,100.34,98.72,95.19,93.84,90.85
LOW,Lowe's,Consumer Discretionary,Home Improvement Retail,238.13,275.13,203.22,240.83,241.94,239.92,252.04,239.77,236.75,235.84
LULU,Lululemon Athletica,Consumer Discretionary,"Apparel, Accessories & Luxury Goods",170.54,423.32,159.25,174.05,175.96,173.04,177.4,198.82,220.31,262.07
LYB,LyondellBasell,Materials,Specialty Chemicals,46.42,81.82,44.87,47.01,46.55,46.81,50.59,53.91,54.16,58.68
MTB,M&T Bank,Financials,Regional Banks,183.87,219.44,148.52,182.47,182.45,183.76,192.68,191.62,189.26,185.13
MPC,Marathon Petroleum,Energy,Oil & Gas Refining & Marketing,194.91,201.61,113.82,194.95,192.46,189.14,186.29,177.39,173.36,161.37
MKTX,MarketAxess,Financials,Financial Exchanges & Data,160.06,292.5,158.28,161.96,166.76,169.16,176.65,192.69,197.86,202.28
MAR,Marriott International,Consumer Discretionary,"Hotels, Resorts & Cruise Lines",260.58,305.27,204.35,264.53,266.42,265.76,265.78,266.93,266.25,262.58
MMC,Marsh McLennan,Financials,Insurance Brokers,178.15,245.83,176.1,181.45,185.01,193.27,197.89,203.55,208.19,214.97
MLM,Martin Marietta Materials,Materials,Construction Materials,613.1,665.18,440.72,615.34,619.89,627.56,621.26,596.14,586.95,554.84
MAS,Masco,Industrials,Building Products,64.76,81.95,56.02,66.34,67.72,67.67,70.74,68.75,67.7,68.62
MA,Mastercard,Financials,Transaction & Payment Processing Services,551.99,600.98,463.61,559.71,565.57,565.57,575.9,569.83,571.04,559.27
MTCH,Match Group,Communication Services,Interactive Media & Services,32.34,38.99,26.09,32.43,32.67,32.66,35.17,34.22,33.29,32.52
MKC,McCormick & Company,Consumer Staples,Packaged Foods & Meats,64.16,84.63,63.15,65.05,66.27,66.15,67.09,69.36,70.07,72.63
MCD,McDonald's,Consumer Discretionary,Restaurants,298.43,322.65,271.85,303.92,305.77,302.93,305.49,301.52,303.18,302.18
MCK,McKesson Corporation,Health Care,Health Care Distributors,811.34,846.32,490.22,812.11,802.59,784.97,741.3,723.98,720.87,692.16
MDT,Medtronic,Health Care,Health Care Equipment,90.7,99.37,77.57,92.15,93.63,95.06,94.36,91.92,90.29,89.24
MRK,Merck & Co.,Health Care,Pharmaceuticals,85.98,101.32,71.87,86.77,87.01,86.48,84.38,82.54,81.22,83.24
META,Meta Platforms,Communication Services,Interactive Media & Services,648.35,795.71,479.11,713.75,724.0,719.81,738.4,733.14,715.71,677.79
MET,MetLife,Financials,Life & Health Insurance,79.82,87.17,64.24,78.98,78.81,79.93,80.34,78.87,78.77,78.9
MTD,Mettler Toledo,Health Care,Life Sciences Tools & Services,1416.29,1454.68,946.69,1402.35,1400.81,1358.65,1306.58,1265.44,1242.08,1229.75
MGM,MGM Resorts,Consumer Discretionary,Casinos & Gaming,32.03,42.07,25.3,31.76,32.22,32.23,34.67,35.34,34.78,33.9
MCHP,Microchip Technology,Information Technology,Semiconductors,62.42,76.67,33.63,63.04,64.26,64.6,65.02,67.0,65.39,59.8
MU,Micron Technology,Information Technology,Semiconductors,223.77,232.4,61.44,223.28,214.97,203.67,169.75,143.93,134.47,117.34
MSFT,Microsoft,Information Technology,Systems Software,517.81,554.54,343.59,531.74,525.79,521.74,513.83,508.96,498.05,460.2
MAA,Mid-America Apartment Communities,Real Estate,Multi-Family Residential REITs,128.23,168.08,126.05,129.41,131.61,132.37,136.91,140.78,143.4,147.65
MRNA,Moderna,Health Care,Biotechnology,27.16,56.69,23.15,26.4,26.66,26.88,25.92,27.54,27.24,29.03
MHK,Mohawk Industries,Consumer Discretionary,Home Furnishings,113.64,148.57,96.24,116.94,122.15,122.82,128.47,121.02,117.61,116.52
MOH,Molina Healthcare,Health Care,Managed Health Care,153.06,359.97,147.75,157.89,170.32,183.36,182.56,198.6,220.89,254.96
TAP,Molson Coors Beverage Company,Consumer Staples,Brewers,43.72,63.47,42.94,44.28,45.22,45.75,47.05,48.22,49.26,52.23
MDLZ,Mondelez International,Consumer Staples,Packaged Foods & Meats,57.46,70.58,52.78,58.99,60.33,61.04,61.61,63.69,64.01,63.44
MPWR,Monolithic Power Systems,Information Technology,Semiconductors,1005.0,1123.38,437.16,1075.61,1058.54,1017.65,930.78,841.11,809.33,732.04
MNST,Monster Beverage,Consumer Staples,Soft Drinks & Non-alcoholic Beverages,66.83,70.72,45.7,67.79,68.69,68.72,66.06,63.89,63.62,60.14
MCO,Moody's Corporation,Financials,Financial Exchanges & Data,480.3,528.95,377.3,483.36,481.91,481.54,490.58,495.42,492.17,482.69
MS,Morgan Stanley,Financials,Investment Banking & Brokerage,164.0,167.13,92.93,164.9,162.7,159.83,156.65,148.32,144.04,135.65
MOS,Mosaic Company (The),Materials,Fertilizers & Agricultural Chemicals,27.45,37.97,21.99,28.55,29.08,30.48,32.4,33.67,33.81,31.01
MSI,Motorola Solutions,Information Technology,Communications Equipment,406.71,502.83,387.0,431.01,438.23,445.61,459.38,444.02,438.36,436.82
MSCI,MSCI Inc.,Financials,Financial Exchanges & Data,588.55,636.39,483.67,575.97,557.56,555.03,562.04,561.29,561.29,561.85
NDAQ,"Nasdaq, Inc.",Financials,Financial Exchanges & Data,85.49,97.36,64.46,86.66,87.72,88.45,90.39,90.76,88.94,84.32
NTAP,NetApp,Information Technology,"Technology Hardware, Storage & Peripherals",117.78,132.76,71.18,116.11,116.81,118.1,118.71,111.82,109.21,105.81
NFLX,Netflix,Communication Services,Movies & Entertainment,1118.86,1341.15,747.77,1101.07,1130.99,1167.51,1195.57,1212.75,1207.86,1121.78
NEM,Newmont,Materials,Gold,80.97,98.58,36.35,80.18,84.14,86.91,82.15,71.99,68.06,59.98
NWSA,News Corp (Class A),Communication Services,Publishing,26.5,31.61,23.3,26.49,26.42,26.51,28.44,28.78,28.63,28.15
NWS,News Corp (Class B),Communication Services,Publishing,30.47,35.47,26.17,30.68,30.35,30.2,32.1,32.82,32.74,32.16
NEE,NextEra Energy,Utilities,Multi-Utilities,81.4,87.53,60.75,82.88,83.37,83.72,77.35,74.91,73.86,71.75
NKE,"Nike, Inc.",Consumer Discretionary,"Apparel, Accessories & Luxury Goods",64.59,81.06,51.67,66.17,67.47,67.74,71.25,71.4,69.29,68.64
NI,NiSource,Utilities,Multi-Utilities,42.11,44.88,33.51,42.76,43.3,43.31,42.3,41.54,41.01,40.02
NDSN,Nordson Corporation,Industrials,Industrial Machinery & Supplies & Components,231.95,262.94,163.83,234.12,235.0,233.61,228.68,222.1,218.13,212.12
NSC,Norfolk Southern,Industrials,Rail Transportation,283.38,302.24,199.43,281.31,284.05,288.18,285.63,276.93,269.52,256.31
NTRS,Northern Trust,Financials,Asset Management & Custody Banks,128.67,135.48,80.54,127.27,127.0,127.77,129.35,126.48,122.09,113.81
NOC,Northrop Grumman,Industrials,Aerospace & Defense,583.45,640.9,420.66,587.61,594.72,606.6,593.98,565.77,547.83,522.97
NCLH,Norwegian Cruise Line Holdings,Consumer Discretionary,"Hotels, Resorts & Cruise Lines",22.42,29.29,14.21,22.54,23.05,23.2,24.4,23.38,22.38,22.07
NRG,NRG Energy,Utilities,Independent Power Producers & Energy Traders,171.86,180.54,79.04,173.77,169.4,168.06,161.86,158.2,156.53,135.51
NUE,Nucor,Materials,Steel,150.05,167.56,96.79,150.07,144.13,139.95,140.65,138.48,133.8,129.96
NVDA,Nvidia,Information Technology,Semiconductors,202.49,212.19,86.61,200.99,191.74,188.3,181.92,174.1,165.86,148.2
NVR,"NVR, Inc.",Consumer Discretionary,Homebuilding,7210.82,9527.85,6562.85,7337.9,7497.02,7595.91,7942.41,7791.24,7667.68,7567.65
NXPI,NXP Semiconductors,Information Technology,Semiconductors,209.12,251.86,146.73,210.95,215.39,216.96,222.91,221.32,217.07,210.64
ORLY,O’Reilly Automotive,Consumer Discretionary,Automotive Retail,94.44,108.72,76.22,95.24,97.52,99.69,102.8,99.05,97.44,94.47
OXY,Occidental Petroleum,Energy,Oil & Gas Exploration & Production,41.2,52.36,34.4,41.12,41.47,42.28,44.76,44.35,43.79,44.3
ODFL,Old Dominion,Industrials,Cargo Ground Transportation,140.42,231.78,133.69,137.32,138.47,138.6,142.99,150.58,153.17,160.39
OMC,Omnicom Group,Communication Services,Advertising,75.02,103.32,67.76,76.29,77.89,78.0,77.64,75.11,74.67,76.23
ON,ON Semiconductor,Information Technology,Semiconductors,50.08,76.06,31.04,51.36,52.12,51.09,50.25,52.24,50.72,48.6
OKE,Oneok,Energy,Oil & Gas Storage & Transportation,67.0,113.92,65.89,67.86,68.47,69.3,71.77,75.31,76.54,82.27
ORCL,Oracle Corporation,Information Technology,Application Software,262.61,345.12,117.98,271.41,274.54,285.66,277.78,255.34,236.53,205.36
OTIS,Otis Worldwide,Industrials,Industrial Machinery & Supplies & Components,92.76,105.86,83.85,92.4,92.25,91.38,89.83,91.47,92.36,94.12
PCAR,Paccar,Industrials,Construction Machinery & Heavy Transportation Equipment,98.4,114.66,84.08,99.14,99.23,97.24,98.56,97.48,96.66,97.8
PKG,Packaging Corporation of America,Materials,Paper & Plastic Packaging Products & Materials,195.76,244.78,170.61,200.27,204.22,206.7,210.99,203.53,200.6,200.32
PLTR,Palantir Technologies,Information Technology,Application Software,200.47,204.18,40.9,194.52,187.63,183.77,174.79,163.96,156.11,132.49
PANW,Palo Alto Networks,Information Technology,Systems Software,220.24,223.61,144.15,219.47,216.81,213.71,204.42,197.53,196.31,190.9
PSKY,Paramount Skydance Corporation,Communication Services,Movies & Entertainment,15.39,20.86,9.92,15.9,16.28,16.97,17.06,14.86,14.26,13.09
PH,Parker Hannifin,Industrials,Industrial Machinery & Supplies & Components,772.83,792.53,485.92,772.68,764.08,751.32,754.28,731.46,717.35,683.87
PAYX,Paychex,Industrials,Human Resource & Employment Services,117.03,160.03,116.08,120.14,123.08,124.81,129.51,136.56,140.1,142.04
PAYC,Paycom,Industrials,Human Resource & Employment Services,187.09,267.33,165.92,191.52,196.76,199.08,211.14,220.58,227.65,222.17
PYPL,PayPal,Financials,Transaction & Payment Processing Services,69.27,93.66,55.85,70.03,69.69,70.2,69.05,70.62,70.81,71.28
PNR,Pentair,Industrials,Industrial Machinery & Supplies & Components,106.35,113.69,73.68,107.82,108.62,109.12,109.38,106.19,104.46,99.37
PEP,PepsiCo,Consumer Staples,Soft Drinks & Non-alcoholic Beverages,146.09,161.71,125.14,148.51,150.55,148.88,145.56,141.55,138.94,140.5
PFE,Pfizer,Health Care,Pharmaceuticals,24.65,27.69,20.18,24.5,24.62,24.85,24.8,24.61,24.23,24.21
PCG,PG&E Corporation,Utilities,Multi-Utilities,15.96,21.59,12.95,16.03,16.29,16.3,15.57,14.86,15.23,15.68
PM,Philip Morris International,Consumer Staples,Tobacco,144.33,183.57,113.18,147.98,152.21,154.66,159.25,165.7,167.05,159.72
PSX,Phillips 66,Energy,Oil & Gas Refining & Marketing,136.14,142.35,89.26,136.06,134.14,132.18,132.57,127.7,124.98,121.25
PNW,Pinnacle West Capital,Utilities,Multi-Utilities,88.52,94.64,79.08,89.93,91.19,91.81,89.61,89.93,89.92,89.73
PNC,PNC Financial Services,Financials,Diversified Banks,182.55,208.54,141.09,182.72,182.73,184.39,194.49,190.97,187.03,182.03
POOL,Pool Corporation,Consumer Discretionary,Distributors,267.06,391.14,266.0,281.66,289.67,292.55,307.31,305.95,305.6,313.1
PPG,PPG Industries,Materials,Specialty Chemicals,97.75,127.64,89.08,101.02,102.08,101.36,105.73,108.68,109.11,109.31
PPL,PPL Corporation,Utilities,Electric Utilities,36.52,38.27,30.49,36.84,37.18,37.3,36.61,35.78,35.44,34.9
PFG,Principal Financial Group,Financials,Life & Health Insurance,84.04,87.76,67.06,82.2,80.75,80.9,81.12,79.45,79.0,79.05
PG,Procter & Gamble,Consumer Staples,Personal Care Products,150.37,176.43,145.95,150.37,150.81,149.83,152.96,154.16,155.61,158.77
PGR,Progressive Corporation,Financials,Property & Casualty Insurance,206.0,292.65,205.55,209.89,215.27,225.64,237.13,244.55,251.82,257.58
PLD,Prologis,Real Estate,Industrial REITs,124.09,127.5,83.8,124.92,125.59,121.34,116.37,111.27,110.19,109.95
PRU,Prudential Financial,Financials,Life & Health Insurance,104.0,125.75,88.12,102.39,102.13,102.07,104.18,103.95,103.71,104.72
PEG,Public Service Enterprise Group,Utilities,Electric Utilities,80.56,92.35,73.5,81.26,82.39,82.41,82.01,82.92,81.98,81.56
PTC,PTC Inc.,Information Technology,Application Software,198.54,219.69,133.38,199.9,202.24,202.2,205.52,199.03,192.95,181.78
PSA,Public Storage,Real Estate,Self-Storage REITs,278.56,342.02,251.43,289.4,298.64,298.47,291.67,288.29,289.98,289.78
PHM,PulteGroup,Consumer Discretionary,Homebuilding,119.87,141.88,87.74,119.64,120.63,122.95,129.39,121.41,117.31,112.45
PWR,Quanta Services,Industrials,Construction & Engineering,449.13,469.43,226.97,446.61,439.17,435.14,407.93,395.99,385.13,345.87
QCOM,Qualcomm,Information Technology,Semiconductors,180.9,205.95,119.4,181.11,174.96,169.24,165.65,160.2,157.71,156.32
DGX,Quest Diagnostics,Health Care,Health Care Services,175.95,197.55,146.3,177.0,180.66,182.26,182.0,177.99,177.0,172.64
RL,Ralph Lauren Corporation,Consumer Discretionary,"Apparel, Accessories & Luxury Goods",319.66,341.9,175.49,327.78,331.1,326.14,315.36,299.81,293.56,271.75
RJF,Raymond James Financial,Financials,Investment Banking & Brokerage,158.67,177.15,116.85,159.28,162.07,162.56,166.57,162.61,159.47,154.84
RTX,RTX Corporation,Industrials,Aerospace & Defense,178.5,181.31,111.21,178.04,176.0,168.84,163.26,156.6,151.98,142.37
O,Realty Income,Real Estate,Retail REITs,57.98,60.9,49.31,58.77,59.5,59.34,59.2,57.97,57.34,56.16
REG,Regency Centers,Real Estate,Retail REITs,68.95,75.93,62.21,70.48,71.45,71.49,71.51,70.87,70.87,70.8
REGN,Regeneron Pharmaceuticals,Health Care,Biotechnology,651.8,931.87,475.77,639.71,609.3,590.71,581.98,565.09,562.78,595.1
RF,Regions Financial Corporation,Financials,Regional Banks,24.2,27.61,17.36,24.2,24.22,24.5,25.88,25.09,24.34,23.31
RSG,Republic Services,Industrials,Environmental & Facilities Services,208.24,257.43,195.57,213.49,217.8,220.14,225.31,232.6,235.92,234.09
RMD,ResMed,Health Care,Health Care Equipment,246.88,293.81,199.07,253.71,259.94,267.36,272.07,269.28,264.75,251.18
RVTY,Revvity,Health Care,Health Care Equipment,93.59,129.14,81.3,94.7,95.79,93.76,89.73,92.04,92.03,98.24
ROK,Rockwell Automation,Industrials,Electrical Components & Equipment,368.36,375.02,213.27,365.14,359.66,352.25,348.19,343.54,336.01,308.82
ROL,"Rollins, Inc.",Industrials,Environmental & Facilities Services,57.61,59.12,44.94,56.31,56.4,56.61,56.78,56.75,56.76,54.92
ROP,Roper Technologies,Information Technology,Electronic Equipment & Instruments,446.15,592.47,435.42,451.14,474.38,491.97,504.05,527.35,535.93,546.4
ROST,Ross Stores,Consumer Discretionary,Apparel Retail,158.92,161.95,121.69,159.35,158.01,155.55,151.8,143.72,143.88,141.13
RCL,Royal Caribbean Group,Consumer Discretionary,"Hotels, Resorts & Cruise Lines",286.83,365.38,163.05,292.92,303.56,305.88,324.77,319.94,306.01,275.43
SPGI,S&P Global,Financials,Financial Exchanges & Data,487.21,578.04,425.6,488.43,485.54,483.26,507.63,519.78,518.32,511.52
CRM,Salesforce,Information Technology,Application Software,260.41,366.78,226.09,255.65,256.25,249.48,247.2,252.71,257.41,270.0
SBAC,SBA Communications,Real Estate,Telecom Tower REITs,191.48,242.78,185.45,192.75,195.13,193.0,197.07,212.34,215.77,214.87
SLB,Schlumberger,Energy,Oil & Gas Equipment & Services,36.06,43.66,30.61,36.25,35.49,34.29,34.83,34.54,34.39,35.96
STX,Seagate Technology,Information Technology,"Technology Hardware, Storage & Peripherals",255.88,280.35,62.66,248.63,234.77,228.9,213.29,179.59,165.92,136.95
SRE,Sempra,Utilities,Multi-Utilities,91.94,95.72,60.93,92.46,92.4,92.14,87.03,82.21,80.87,78.16
NOW,ServiceNow,Information Technology,Systems Software,919.28,1198.09,678.66,929.97,931.39,919.4,921.17,939.01,953.89,938.84
SHW,Sherwin-Williams,Materials,Specialty Chemicals,344.94,397.81,307.5,345.82,339.83,336.91,348.45,347.47,349.11,348.21
SPG,Simon Property Group,Real Estate,Retail REITs,175.76,188.43,132.99,175.86,177.33,177.46,179.55,170.97,168.4,166.37
SWKS,Skyworks Solutions,Information Technology,Semiconductors,77.72,92.65,47.01,78.34,76.81,75.42,75.98,74.18,73.3,71.07
SJM,J.M. Smucker Company (The),Consumer Staples,Packaged Foods & Meats,103.55,121.73,92.38,103.34,103.63,104.19,107.02,105.65,106.55,107.2
SW,Smurfit Westrock,Materials,Paper & Plastic Packaging Products & Materials,36.92,55.46,35.21,39.46,41.08,41.36,43.32,43.87,43.75,44.81
SNA,Snap-on,Industrials,Industrial Machinery & Supplies & Components,335.55,366.68,286.03,340.05,342.05,339.09,336.18,327.13,325.5,326.49
SOLV,Solventum,Health Care,Health Care Technology,69.04,85.92,60.7,70.2,71.33,71.57,72.41,73.1,73.0,72.93
SO,Southern Company,Utilities,Electric Utilities,94.04,100.84,78.5,94.39,95.61,96.62,94.31,93.27,92.23,90.18
LUV,Southwest Airlines,Industrials,Passenger Airlines,30.3,37.75,23.55,30.88,32.11,32.36,32.26,32.41,32.29,31.27
SWK,Stanley Black & Decker,Industrials,Industrial Machinery & Supplies & Components,67.72,92.67,52.62,70.04,70.0,69.47,73.21,71.22,70.05,71.94
SBUX,Starbucks,Consumer Discretionary,Restaurants,80.87,115.87,74.48,84.17,84.83,83.19,84.43,88.27,87.59,91.17
STT,State Street Corporation,Financials,Asset Management & Custody Banks,115.66,119.33,71.77,116.67,115.69,115.31,113.94,110.34,107.29,100.71
STLD,Steel Dynamics,Materials,Steel,156.8,164.73,102.41,159.51,154.99,149.69,140.88,134.73,133.99,130.57
STE,Steris,Health Care,Health Care Equipment,235.7,253.0,199.47,238.16,240.0,239.52,243.8,239.08,239.09,232.27
SYK,Stryker Corporation,Health Care,Health Care Equipment,356.24,403.95,327.71,370.89,376.86,373.13,377.72,381.89,381.98,378.86
SMCI,Supermicro,Information Technology,"Technology Hardware, Storage & Peripherals",51.96,66.44,17.25,51.79,51.75,53.23,48.3,48.58,46.94,43.26
SYF,Synchrony Financial,Financials,Consumer Finance,74.38,77.41,40.15,74.17,73.82,72.38,73.76,71.05,68.47,64.08
SNPS,Synopsys,Information Technology,Application Software,453.82,651.73,365.74,454.87,456.13,457.28,494.23,530.75,522.94,501.72
SYY,Sysco,Consumer Staples,Food Distributors,74.28,83.13,66.22,75.43,77.04,78.18,79.77,78.56,77.14,74.94
TMUS,T-Mobile US,Communication Services,Wireless Telecommunication Services,210.05,274.51,206.21,215.28,220.07,223.59,235.09,235.87,236.9,242.05
TROW,T. Rowe Price,Financials,Asset Management & Custody Banks,102.53,119.7,75.88,103.61,103.53,104.21,104.7,102.58,100.52,98.75
TTWO,Take-Two Interactive,Communication Services,Interactive Home Entertainment,256.37,264.79,160.62,253.34,255.45,256.76,250.07,241.56,239.06,226.83
TPR,"Tapestry, Inc.",Consumer Discretionary,"Apparel, Accessories & Luxury Goods",109.82,118.56,45.93,112.44,114.06,114.51,110.46,104.08,99.07,89.34
TRGP,Targa Resources,Energy,Oil & Gas Storage & Transportation,154.04,215.2,144.14,152.69,153.08,154.51,161.28,164.32,163.77,173.04
TGT,Target Corporation,Consumer Staples,Consumer Staples Merchandise Retail,92.72,152.54,85.36,94.93,94.31,91.72,91.42,96.19,95.94,101.64
TEL,TE Connectivity,Information Technology,Electronic Manufacturing Services,247.01,247.92,115.38,240.9,235.75,228.7,218.94,201.86,193.33,174.59
TDY,Teledyne Technologies,Information Technology,Electronic Equipment & Instruments,526.82,595.99,419.0,522.76,537.19,555.73,557.07,543.44,533.47,516.71
TER,Teradyne,Information Technology,Semiconductor Materials & Equipment,181.76,185.88,65.6,164.89,153.51,146.98,133.15,114.99,108.17,103.94
TSLA,"Tesla, Inc.",Consumer Discretionary,Automobile Manufacturers,456.56,488.54,214.25,454.23,448.28,441.26,410.64,365.92,358.23,337.05
TXN,Texas Instruments,Information Technology,Semiconductors,161.46,220.1,137.77,163.71,169.1,172.93,182.02,190.85,189.26,183.64
TPL,Texas Pacific Land Corporation,Energy,Oil & Gas Exploration & Production,943.38,1759.83,844.11,928.14,929.59,929.33,925.41,958.15,1017.52,1131.07
TXT,Textron,Industrials,Aerospace & Defense,80.81,89.19,57.67,80.13,80.93,82.26,82.37,81.3,79.93,76.99
TMO,Thermo Fisher Scientific,Health Care,Life Sciences Tools & Services,567.39,609.27,385.11,560.67,561.68,547.48,510.7,475.71,461.76,478.65
TJX,TJX Companies,Consumer Discretionary,Apparel Retail,140.14,146.46,110.34,142.28,142.6,142.42,140.97,133.69,132.69,128.74
TKO,TKO Group Holdings,Communication Services,Movies & Entertainment,188.4,212.49,114.11,187.55,187.14,189.1,192.97,182.73,178.48,168.81
TTD,Trade Desk (The),Communication Services,Advertising,50.28,141.53,42.96,50.9,52.09,52.05,50.46,61.59,63.87,67.79
TSCO,Tractor Supply,Consumer Discretionary,Other Specialty Retail,54.11,63.75,46.46,54.87,55.19,54.96,57.55,57.04,55.71,54.76
TT,Trane Technologies,Industrials,Building Products,448.65,475.11,296.82,435.43,426.99,423.7,417.23,425.76,425.08,397.77
TDG,TransDigm Group,Industrials,Aerospace & Defense,1308.51,1519.36,1107.45,1324.05,1327.46,1302.43,1297.62,1349.6,1346.95,1314.43
TRV,Travelers Companies (The),Financials,Property & Casualty Insurance,268.62,287.95,227.43,269.2,268.81,271.11,273.65,267.75,267.99,261.17
TRMB,Trimble Inc.,Information Technology,Electronic Equipment & Instruments,79.75,87.5,52.91,79.93,79.91,79.18,80.25,79.96,78.1,74.41
TFC,Truist Financial,Financials,Diversified Banks,44.63,47.46,32.72,44.37,44.05,43.78,45.02,44.06,43.15,42.38
TYL,Tyler Technologies,Information Technology,Application Software,476.26,661.31,450.0,490.42,501.9,502.31,524.95,550.33,554.34,565.4
TSN,Tyson Foods,Consumer Staples,Packaged Foods & Meats,51.41,63.75,50.56,51.55,51.85,52.27,54.02,54.31,54.42,55.92
USB,U.S. Bancorp,Financials,Diversified Banks,46.68,51.66,34.43,47.05,47.33,46.95,47.86,46.4,45.67,44.42
UBER,Uber,Industrials,Passenger Ground Transportation,96.5,101.99,59.33,96.12,94.82,95.12,95.61,93.17,91.93,85.08
UDR,"UDR, Inc.",Real Estate,Multi-Family Residential REITs,33.69,44.96,33.4,34.39,35.39,35.66,36.78,38.08,38.57,39.59
ULTA,Ulta Beauty,Consumer Discretionary,Other Specialty Retail,519.88,572.23,309.01,515.44,518.83,534.07,531.78,511.94,494.96,449.41
UNP,Union Pacific Corporation,Industrials,Rail Transportation,220.37,252.32,202.16,218.28,220.71,224.74,224.31,224.84,224.08,226.9
UAL,United Airlines Holdings,Industrials,Passenger Airlines,94.04,116.0,52.0,95.42,96.97,98.17,101.17,94.02,90.96,88.58
UPS,United Parcel Service,Industrials,Air Freight & Logistics,96.42,132.01,82.0,94.89,91.08,88.06,86.31,90.36,91.41,97.49
URI,United Rentals,Industrials,Trading Companies & Distributors,871.18,1021.47,523.58,875.38,919.86,954.02,952.23,883.27,846.61,775.63
UNH,UnitedHealth Group,Health Care,Managed Health Care,341.56,617.34,233.13,355.08,358.97,359.86,342.87,314.89,314.7,382.28
UHS,Universal Health Services,Health Care,Health Care Facilities,217.01,227.22,152.16,218.87,213.81,208.65,197.93,185.57,186.11,183.63
VLO,Valero Energy,Energy,Oil & Gas Refining & Marketing,169.56,178.43,97.37,170.8,167.79,164.29,161.92,150.6,145.93,138.08
VTR,Ventas,Real Estate,Health Care REITs,73.79,74.71,55.47,71.91,71.21,69.9,68.77,66.89,66.21,65.54
VLTO,Veralto,Industrials,Environmental & Facilities Services,98.68,109.99,83.69,101.04,102.63,102.8,104.95,104.03,103.17,100.75
VRSN,Verisign,Information Technology,Internet Services & Infrastructure,239.8,309.71,174.64,239.16,247.88,256.5,270.53,274.76,275.33,261.11
VRSK,Verisk Analytics,Industrials,Research & Consulting Services,218.76,321.9,197.0,222.03,228.97,234.97,248.4,269.92,278.11,282.45
VZ,Verizon,Communication Services,Integrated Telecommunication Services,39.74,45.09,35.79,39.49,39.56,39.96,41.81,41.82,41.89,41.43
VRTX,Vertex Pharmaceuticals,Health Care,Biotechnology,425.57,519.88,362.5,421.05,422.11,416.55,401.79,421.14,424.98,445.66
VTRS,Viatris,Health Care,Pharmaceuticals,10.36,13.04,6.68,10.34,10.35,10.17,10.13,9.68,9.45,9.36
VICI,Vici Properties,Real Estate,Hotel & Resort REITs,29.99,33.54,26.86,30.11,30.68,30.97,31.95,32.16,31.89,31.27
V,Visa Inc.,Financials,Transaction & Payment Processing Services,340.74,374.85,285.19,344.35,345.21,345.52,344.79,346.59,349.3,345.35
VST,Vistra Corp.,Utilities,Electric Utilities,188.3,219.82,90.3,193.45,192.67,198.89,199.44,196.23,188.48,169.37
VMC,Vulcan Materials Company,Materials,Construction Materials,289.5,311.74,214.34,291.81,293.06,297.57,296.56,283.96,280.66,268.9
WRB,W. R. Berkley Corporation,Financials,Property & Casualty Insurance,71.34,78.48,55.38,72.43,73.59,75.18,74.04,72.28,72.33,69.07
GWW,W. W. Grainger,Industrials,Industrial Machinery & Supplies & Components,979.0,1219.65,889.92,967.2,967.89,962.14,979.38,998.74,1013.67,1013.38
WAB,Wabtec,Industrials,Construction Machinery & Heavy Transportation Equipment,204.44,215.82,151.42,201.49,198.96,197.46,195.03,198.16,198.7,194.05
WMT,Walmart,Consumer Staples,Consumer Staples Merchandise Retail,101.18,109.58,79.43,102.7,104.7,104.6,102.47,100.08,99.53,97.11
DIS,Walt Disney Company (The),Communication Services,Movies & Entertainment,112.62,124.69,79.76,111.74,112.27,111.69,114.13,116.58,115.34,109.82
WBD,Warner Bros. Discovery,Communication Services,Broadcasting,22.45,22.56,7.5,21.49,20.9,19.5,17.39,14.59,13.55,12.17
WM,Waste Management,Industrials,Environmental & Facilities Services,199.77,240.84,197.02,203.17,209.34,213.15,217.19,223.03,224.92,224.56
WAT,Waters Corporation,Health Care,Life Sciences Tools & Services,349.6,423.56,275.05,346.73,348.99,339.82,316.55,315.83,322.94,340.87
WEC,WEC Energy Group,Utilities,Electric Utilities,111.73,118.19,89.63,114.16,115.4,115.46,111.97,109.04,108.28,106.25
WFC,Wells Fargo,Financials,Diversified Banks,86.97,87.47,57.76,86.57,85.84,83.73,82.7,80.79,79.48,76.7
WELL,Welltower,Real Estate,Health Care REITs,181.04,189.53,121.46,180.24,178.4,174.46,171.52,164.92,161.81,155.3
WST,West Pharmaceutical Services,Health Care,Health Care Supplies,282.07,348.05,187.09,283.24,285.22,275.19,263.03,247.34,240.56,243.12
WDC,Western Digital,Information Technology,"Technology Hardware, Storage & Peripherals",150.21,157.65,28.74,136.26,129.99,125.3,110.12,89.02,81.31,67.38
WY,Weyerhaeuser,Real Estate,Timber REITs,23.0,31.95,22.57,23.49,23.58,23.85,24.63,25.2,25.32,26.39
WSM,"Williams-Sonoma, Inc.",Consumer Discretionary,Homefurnishing Retail,194.34,217.31,123.45,196.12,192.65,190.6,194.54,186.29,181.59,179.78
WMB,Williams Companies,Energy,Oil & Gas Storage & Transportation,57.87,65.55,49.74,57.55,59.17,61.11,60.16,59.25,59.03,58.04
WTW,Willis Towers Watson,Financials,Insurance Brokers,313.1,352.79,287.91,318.97,324.88,332.19,333.79,322.35,319.4,320.44
WDAY,"Workday, Inc.",Information Technology,Application Software,239.92,294.0,205.33,236.0,239.57,237.36,234.29,233.8,238.42,242.04
WYNN,Wynn Resorts,Consumer Discretionary,Casinos & Gaming,118.99,134.23,64.93,121.18,121.93,120.61,123.14,113.42,108.71,98.86
XEL,Xcel Energy,Utilities,Multi-Utilities,81.17,83.01,60.62,80.59,80.64,80.92,76.83,73.29,72.37,70.58
XYL,Xylem Inc.,Industrials,Industrial Machinery & Supplies & Components,150.85,154.27,99.87,151.05,149.11,147.88,144.73,139.1,136.32,130.42
YUM,Yum! Brands,Consumer Discretionary,Restaurants,138.21,161.72,120.38,140.11,143.43,143.89,146.37,145.82,145.59,145.55
ZBRA,Zebra Technologies,Information Technology,Electronic Equipment & Instruments,269.25,427.76,205.73,277.25,291.93,292.57,303.96,310.5,306.14,304.99
ZBH,Zimmer Biomet,Health Care,Health Care Equipment,100.56,113.87,88.77,100.82,101.97,100.13,101.35,98.17,97.22,100.18
ZTS,Zoetis,Health Care,Pharmaceuticals,144.09,181.6,138.77,145.01,145.57,144.35,147.16,150.65,153.11,156.12
