Symbol,Company,GICS_Sector,GICS_Sub_Industry,Current_Price,High_52_Week,Low_52_Week,SMA5,SMA10,SMA20,SMA50,SMA200,Score,Target_Pcnt,Target_Price,Stop_Loss
MMM,3M,Industrials,Industrial Conglomerates,166.5,171.6,123.39,166.56,166.16,159.58,157.21,149.16,0.2,4.7,174.33,144.84
AOS,A. O. Smith,Industrials,Building Products,65.99,75.08,59.04,66.74,68.07,68.89,71.14,67.93,-0.2,9.74,72.42,65.36
ABT,Abbott Laboratories,Health Care,Health Care Equipment,123.62,138.33,109.61,125.3,126.47,128.89,131.02,129.81,-0.2,9.18,134.97,122.8
ABBV,AbbVie,Health Care,Biotechnology,218.04,242.63,159.42,225.39,227.53,228.07,221.2,196.7,-0.4,7.18,233.7,222.44
ACN,Accenture,Information Technology,IT Consulting & Other Services,250.1,394.31,232.56,250.24,249.05,246.79,246.79,294.86,-0.2,2.87,257.28,236.3
ADBE,Adobe Inc.,Information Technology,Application Software,340.31,552.96,329.23,347.02,349.78,344.92,350.78,383.66,0.0,6.79,363.42,326.42
AMD,Advanced Micro Devices,Information Technology,Semiconductors,256.12,264.33,78.21,258.59,248.97,236.45,191.27,139.41,0.2,5.58,270.41,202.49
AES,AES Corporation,Utilities,Independent Power Producers & Energy Traders,13.87,15.57,9.5,14.24,14.3,14.4,13.71,11.87,-0.2,7.21,14.87,13.93
AFL,Aflac,Financials,Life & Health Insurance,107.19,113.07,97.56,106.79,107.35,108.98,108.66,105.21,0.0,5.8,113.41,104.55
A,Agilent Technologies,Health Care,Life Sciences Tools & Services,146.36,151.65,98.88,145.07,145.54,142.6,132.73,123.14,0.0,2.06,149.38,135.84
APD,Air Products,Materials,Industrial Gases,242.59,331.69,242.59,249.16,251.77,256.73,272.79,283.35,0.0,11.95,271.58,241.89
ABNB,Airbnb,Consumer Discretionary,"Hotels, Resorts & Cruise Lines",126.54,161.42,105.69,127.29,127.5,124.42,124.54,129.2,-0.2,3.97,131.56,117.28
AKAM,Akamai Technologies,Information Technology,Internet Services & Infrastructure,75.1,104.71,68.21,74.66,74.8,74.8,76.16,80.16,0.0,3.4,77.65,71.94
ALB,Albemarle Corporation,Materials,Specialty Chemicals,98.23,108.94,50.16,97.37,96.86,95.4,87.02,73.61,0.0,4.49,102.64,88.16
ARE,Alexandria Real Estate Equities,Real Estate,Office REITs,58.22,107.25,56.37,62.83,69.98,72.84,78.79,79.88,-0.2,49.59,87.09,58.59
ALGN,Align Technology,Health Care,Health Care Supplies,137.88,240.52,124.88,135.4,135.49,132.79,133.39,169.39,0.0,1.08,139.37,126.2
ALLE,Allegion,Industrials,Building Products,165.77,179.47,118.08,167.33,170.81,173.55,173.84,147.92,-0.2,10.25,182.76,164.35
LNT,Alliant Energy,Utilities,Electric Utilities,66.82,68.97,54.87,67.88,68.23,68.08,66.34,62.65,-0.4,3.46,69.13,67.03
ALL,Allstate,Financials,Property & Casualty Insurance,191.52,214.65,178.34,191.49,192.74,199.07,202.5,198.1,-0.2,11.97,214.44,183.7
GOOGL,Alphabet Inc. (Class A),Communication Services,Interactive Media & Services,281.19,281.48,144.4,274.8,264.57,255.5,243.82,192.46,0.2,-0.2,280.63,230.35
GOOG,Alphabet Inc. (Class C),Communication Services,Interactive Media & Services,281.82,281.9,146.27,275.45,265.24,256.22,244.42,193.74,0.2,-0.22,281.2,231.24
MO,Altria,Consumer Staples,Tobacco,56.38,66.65,47.07,60.5,62.43,63.93,64.8,58.44,-0.2,22.65,69.15,58.71
AMZN,Amazon,Consumer Discretionary,Broadline Retail,244.22,244.22,167.32,230.72,225.54,222.35,225.49,214.45,0.2,-3.22,236.36,208.34
AMCR,Amcor,Materials,Paper & Plastic Packaging Products & Materials,7.9,10.7,7.82,8.07,8.12,8.07,8.2,9.11,-0.2,5.57,8.34,7.79
AEE,Ameren,Utilities,Multi-Utilities,102.02,105.69,83.42,103.03,103.98,104.18,101.96,97.85,-0.4,4.21,106.32,102.03
AEP,American Electric Power,Utilities,Electric Utilities,120.26,122.11,87.97,119.15,118.04,117.76,113.01,105.93,0.2,0.92,121.37,114.15
AXP,American Express,Financials,Consumer Finance,360.73,361.67,230.22,360.11,356.97,342.36,334.79,301.98,0.2,3.7,374.08,310.64
AIG,American International Group,Financials,Multi-line Insurance,78.96,86.75,68.89,78.57,78.57,80.08,79.45,79.98,-0.1,7.23,84.67,75.49
AMT,American Tower,Real Estate,Telecom Tower REITs,178.98,230.32,169.21,181.99,186.84,187.05,192.02,203.08,-0.2,9.47,195.93,178.18
AWK,American Water Works,Utilities,Water Utilities,128.43,150.19,118.87,131.6,137.55,139.64,139.39,138.71,-0.2,16.97,150.22,129.05
AMP,Ameriprise Financial,Financials,Asset Management & Custody Banks,452.77,569.83,419.45,470.92,473.67,478.84,490.83,504.11,-0.2,10.77,501.53,456.16
AME,Ametek,Industrials,Electrical Components & Equipment,202.11,202.11,150.9,191.29,189.34,186.37,186.68,179.68,-0.2,-2.65,196.75,175.97
AMGN,Amgen,Health Care,Biotechnology,298.43,321.88,252.22,293.09,295.06,294.93,287.87,288.26,-0.3,1.11,301.74,288.13
APH,Amphenol,Information Technology,Electronic Components,139.34,139.75,58.9,138.28,134.16,129.42,122.17,92.36,0.0,1.6,141.57,117.27
ADI,Analog Devices,Information Technology,Semiconductors,234.13,254.62,163.21,236.89,239.87,238.44,243.82,222.82,-0.2,6.1,248.41,228.46
AON,Aon plc,Financials,Insurance Brokers,340.68,407.61,326.07,332.35,337.15,347.47,356.91,366.49,-0.4,9.33,372.47,322.46
APA,APA Corporation,Energy,Oil & Gas Exploration & Production,22.65,24.84,13.47,22.73,22.96,23.09,23.14,19.85,0.0,9.89,24.89,21.29
APO,Apollo Global Management,Financials,Asset Management & Custody Banks,124.31,176.82,107.9,124.7,124.92,124.43,131.42,138.95,0.0,3.85,129.1,119.76
AAPL,Apple Inc.,Information Technology,"Technology Hardware, Storage & Peripherals",270.37,271.4,172.0,269.86,265.51,258.51,248.25,223.0,0.2,1.76,275.13,241.89
AMAT,Applied Materials,Information Technology,Semiconductor Materials & Equipment,233.1,235.75,126.23,232.07,229.23,224.67,198.24,174.98,0.0,2.2,238.23,211.13
APP,AppLovin,Information Technology,Application Software,637.33,718.54,159.11,631.81,605.22,602.92,589.05,407.11,0.2,2.77,654.98,550.85
APTV,Aptiv,Consumer Discretionary,Automotive Parts & Equipment,81.1,87.98,47.92,84.35,84.64,84.07,83.41,69.33,-0.2,8.32,87.85,80.29
ACGL,Arch Capital Group,Financials,Property & Casualty Insurance,86.31,100.74,84.72,85.89,86.66,88.83,89.81,91.09,-0.2,9.65,94.64,83.02
ADM,Archer Daniels Midland,Consumer Staples,Agricultural Products & Services,60.53,64.21,41.01,61.01,61.77,62.03,61.71,52.56,0.2,5.57,63.9,60.16
ANET,Arista Networks,Information Technology,Communications Equipment,157.69,162.03,64.37,158.35,153.73,151.03,145.64,110.57,0.0,3.84,163.75,138.3
AJG,Arthur J. Gallagher & Co.,Financials,Insurance Brokers,249.49,347.33,249.49,264.01,272.46,285.65,294.62,312.89,-0.2,28.02,319.4,251.9
AIZ,Assurant,Financials,Multi-line Insurance,211.72,225.29,178.36,210.47,210.59,213.49,213.5,202.78,-0.2,5.04,222.39,204.59
T,AT&T,Communication Services,Integrated Telecommunication Services,24.75,29.3,20.9,25.16,25.33,25.64,27.36,26.65,-0.2,7.68,26.65,24.62
ATO,Atmos Energy,Utilities,Gas Utilities,171.72,179.19,134.17,173.51,175.11,175.58,169.85,156.37,-0.4,4.45,179.36,171.8
ADSK,Autodesk,Information Technology,Application Software,301.34,326.79,238.84,304.76,307.32,307.96,312.49,293.28,-0.2,6.12,319.78,296.13
ADP,Automatic Data Processing,Industrials,Human Resource & Employment Services,260.3,323.5,260.3,268.64,275.67,280.89,289.26,299.04,-0.2,14.86,298.98,262.79
AZO,AutoZone,Consumer Discretionary,Automotive Retail,3674.43,4354.54,2981.19,3741.28,3833.4,3944.19,4103.93,3773.05,0.0,15.13,4230.37,3658.05
AVB,AvalonBay Communities,Real Estate,Multi-Family Residential REITs,173.92,229.94,173.92,179.48,183.94,184.84,188.92,199.44,-0.2,11.43,193.8,175.89
AVY,Avery Dennison,Materials,Paper & Plastic Packaging Products & Materials,174.89,203.83,157.49,177.33,175.73,167.94,166.92,174.11,0.1,6.93,187.01,148.88
AXON,Axon Enterprise,Industrials,Aerospace & Defense,732.23,870.97,423.5,746.91,727.82,713.07,731.43,685.35,-0.2,5.78,774.55,651.61
BKR,Baker Hughes,Energy,Oil & Gas Equipment & Services,48.41,50.55,34.6,47.95,47.63,46.97,46.97,42.4,0.0,3.28,50.0,43.94
BALL,Ball Corporation,Materials,"Metal, Glass & Plastic Containers",47.0,63.26,44.6,48.2,48.83,48.43,49.64,52.14,-0.2,7.28,50.42,46.44
BAC,Bank of America,Financials,Diversified Banks,53.45,53.45,34.0,52.99,52.39,51.29,50.97,45.5,0.0,1.22,54.1,48.48
BAX,Baxter International,Health Care,Health Care Equipment,18.47,36.11,18.47,21.22,22.09,22.39,23.12,28.31,0.0,34.65,24.87,19.92
BDX,Becton Dickinson,Health Care,Health Care Equipment,178.71,245.13,163.27,182.17,185.14,187.08,188.3,195.35,-0.2,9.05,194.88,179.27
BRK-B,Berkshire Hathaway,Financials,Multi-Sector Holdings,477.54,539.8,442.29,480.27,486.08,490.72,493.8,494.54,-0.2,5.82,505.33,476.12
BBY,Best Buy,Consumer Discretionary,Computer & Electronics Retail,82.14,88.5,54.69,83.21,82.68,79.58,76.57,72.52,0.2,5.69,86.81,72.34
TECH,Bio-Techne,Health Care,Life Sciences Tools & Services,62.57,78.41,46.59,62.75,63.55,61.88,57.29,56.7,0.2,5.75,66.17,57.6
BIIB,Biogen,Health Care,Biotechnology,154.27,181.18,113.38,150.26,149.18,148.21,144.35,135.22,-0.2,0.41,154.9,141.51
BLK,BlackRock,Financials,Asset Management & Custody Banks,1082.81,1202.59,807.61,1107.02,1121.64,1145.56,1136.41,1025.18,0.0,11.56,1207.98,1083.1
BX,Blackstone Inc.,Financials,Asset Management & Custody Banks,146.64,194.8,118.51,149.9,154.27,157.58,168.44,155.56,0.0,15.27,169.03,146.14
XYZ,"Block, Inc.",Financials,Transaction & Payment Processing Services,75.94,98.92,46.53,77.34,77.5,77.27,76.61,69.36,0.0,7.55,81.67,72.87
BK,BNY Mellon,Financials,Asset Management & Custody Banks,107.93,109.21,72.12,107.79,107.35,106.7,106.17,92.07,0.0,0.92,108.92,104.49
BA,Boeing,Industrials,Aerospace & Defense,201.02,237.38,136.59,212.2,215.08,215.65,220.05,199.78,-0.2,13.63,228.42,202.89
BKNG,Booking Holdings,Consumer Discretionary,"Hotels, Resorts & Cruise Lines",5077.74,5805.92,4149.83,5121.76,5150.69,5164.7,5381.9,5174.57,0.2,5.78,5371.23,4958.35
BSX,Boston Scientific,Health Care,Health Care Equipment,100.72,108.14,83.62,101.0,101.28,99.04,100.79,101.86,0.0,3.36,104.1,93.97
BMY,Bristol Myers Squibb,Health Care,Pharmaceuticals,46.07,60.79,42.6,44.1,44.07,44.08,45.0,49.04,0.2,-0.61,45.79,42.37
AVGO,Broadcom,Information Technology,Semiconductors,369.63,385.98,145.7,373.42,359.77,352.02,339.01,258.17,0.0,3.22,381.53,322.52
BR,Broadridge Financial Solutions,Industrials,Data Processing & Outsourced Services,220.4,265.85,206.47,224.6,228.33,230.68,240.12,238.98,-0.2,9.13,240.52,220.82
BRO,Brown & Brown,Financials,Insurance Brokers,79.74,124.07,79.74,82.13,85.24,89.42,92.14,105.1,0.0,25.68,100.22,78.62
BF-B,Brown–Forman,Consumer Staples,Distillers & Vintners,27.23,44.22,25.45,27.48,27.92,27.75,27.93,30.57,0.0,6.94,29.12,26.39
BLDR,Builders FirstSource,Industrials,Building Products,116.17,189.03,105.63,117.14,120.47,122.95,129.47,129.48,0.0,13.51,131.86,114.04
BG,Bunge Global,Consumer Staples,Agricultural Products & Services,94.6,97.8,67.23,95.73,96.06,91.13,85.83,78.46,0.2,10.31,104.35,77.91
BXP,"BXP, Inc.",Real Estate,Office REITs,71.19,79.03,55.53,72.12,72.43,72.03,73.24,68.06,0.0,5.82,75.33,68.73
CHRW,C.H. Robinson,Industrials,Air Freight & Logistics,153.99,154.88,85.99,139.08,132.97,130.99,130.86,106.57,0.2,-4.19,147.54,114.45
CDNS,Cadence Design Systems,Information Technology,Application Software,338.69,373.37,231.64,341.78,338.49,337.09,346.24,309.09,0.0,5.08,355.9,318.3
CPT,Camden Property Trust,Real Estate,Multi-Family Residential REITs,99.48,122.47,97.58,100.4,102.29,102.29,105.43,111.11,-0.2,6.52,105.97,98.61
CPB,Campbell's Company (The),Consumer Staples,Packaged Foods & Meats,30.13,44.73,29.8,30.55,30.82,30.66,31.69,34.03,-0.2,5.08,31.66,29.66
COF,Capital One,Financials,Consumer Finance,219.99,229.74,149.68,220.29,219.88,215.14,219.75,200.41,-0.2,3.22,227.07,203.21
CAH,Cardinal Health,Health Care,Health Care Distributors,190.77,190.77,106.36,174.33,166.82,161.29,154.89,145.93,0.2,-4.82,181.57,140.99
KMX,CarMax,Consumer Discretionary,Automotive Retail,41.91,89.19,41.87,43.15,43.47,43.82,51.52,65.49,0.0,9.97,46.09,41.55
CCL,Carnival,Consumer Discretionary,"Hotels, Resorts & Cruise Lines",28.83,32.49,16.43,28.46,29.0,28.76,30.07,25.64,0.0,4.3,30.07,27.46
CARR,Carrier Global,Industrials,Building Products,59.49,80.42,55.0,59.13,58.38,57.98,60.4,65.89,0.2,1.92,60.63,55.33
CAT,Caterpillar Inc.,Industrials,Construction Machinery & Heavy Transportation Equipment,577.26,585.49,270.85,559.49,541.04,525.3,477.52,388.01,0.0,0.72,581.42,469.19
CBOE,Cboe Global Markets,Financials,Financial Exchanges & Data,245.64,253.24,189.73,238.39,237.57,238.96,238.53,226.58,0.4,-0.03,245.57,232.35
CBRE,CBRE Group,Real Estate,Real Estate Services,152.43,165.9,113.94,155.72,159.03,156.38,159.5,141.67,-0.2,8.29,165.07,147.7
CDW,CDW Corporation,Information Technology,Technology Distributors,159.37,203.97,143.46,157.78,157.38,154.52,160.25,170.43,0.0,2.01,162.57,146.45
COR,Cencora,Health Care,Health Care Distributors,337.81,341.21,223.33,336.78,333.22,324.38,308.08,284.72,0.2,2.02,344.63,304.13
CNC,Centene Corporation,Health Care,Managed Health Care,35.37,65.89,25.21,34.81,35.02,35.89,33.58,47.31,-0.5,9.9,38.87,32.91
CNP,CenterPoint Energy,Utilities,Multi-Utilities,38.24,40.22,27.88,39.07,39.48,39.47,38.64,36.48,-0.4,5.52,40.35,38.59
CF,CF Industries,Materials,Fertilizers & Agricultural Chemicals,83.29,101.88,67.67,84.55,84.93,86.34,86.63,85.38,-0.2,10.36,91.92,80.77
CRL,Charles River Laboratories,Health Care,Life Sciences Tools & Services,180.07,220.69,99.75,184.51,186.99,179.63,167.0,154.72,0.2,9.49,197.16,162.11
SCHW,Charles Schwab Corporation,Financials,Investment Banking & Brokerage,94.52,98.69,68.65,94.45,94.56,94.11,94.3,87.09,-0.2,1.01,95.47,92.74
CHTR,Charter Communications,Communication Services,Cable & Satellite,233.84,427.25,230.92,240.13,243.77,254.69,262.1,336.66,-0.2,20.48,281.73,227.65
CVX,Chevron Corporation,Energy,Integrated Oil & Gas,157.72,164.65,130.67,155.15,155.17,153.81,156.01,148.96,-0.2,0.01,157.74,149.89
CMG,Chipotle Mexican Grill,Consumer Discretionary,Restaurants,31.69,66.16,31.69,37.06,39.39,40.33,40.39,48.53,-0.2,45.09,45.98,34.68
CB,Chubb Limited,Financials,Property & Casualty Insurance,276.94,301.45,256.04,278.05,276.91,279.06,277.86,280.12,-0.1,5.37,291.81,266.3
CHD,Church & Dwight,Consumer Staples,Household Products,87.69,112.48,81.8,84.25,85.8,86.84,89.42,97.64,-0.2,3.81,91.03,82.65
CI,Cigna,Health Care,Health Care Services,244.41,336.71,244.41,281.64,293.73,297.17,296.96,304.42,-0.1,36.18,332.84,261.52
CINF,Cincinnati Financial,Financials,Property & Casualty Insurance,154.59,165.69,125.14,154.03,154.92,157.19,155.73,145.68,0.2,7.24,165.78,148.59
CTAS,Cintas,Industrials,Diversified Support Services,183.27,227.2,181.05,185.94,189.52,190.4,198.84,207.9,-0.2,9.26,200.24,180.57
CSCO,Cisco,Information Technology,Communications Equipment,73.11,73.11,52.55,72.27,71.43,70.26,68.55,64.06,0.2,0.22,73.27,67.26
C,Citigroup,Financials,Diversified Banks,101.23,103.49,57.29,100.59,99.23,98.19,98.61,83.07,-0.2,0.95,102.19,94.19
CFG,Citizens Financial Group,Financials,Regional Banks,50.87,53.52,33.29,50.84,50.68,50.69,51.37,44.58,0.0,4.62,53.22,48.17
CLX,Clorox,Consumer Staples,Household Products,112.46,163.6,110.67,113.26,115.37,116.78,119.42,130.52,-0.2,8.12,121.59,111.97
CME,CME Group,Financials,Financial Exchanges & Data,265.49,288.01,211.73,265.47,266.98,266.89,265.61,263.91,0.2,2.81,272.95,260.82
CMS,CMS Energy,Utilities,Multi-Utilities,73.55,75.31,63.54,73.42,74.12,74.07,72.54,70.93,-0.2,2.91,75.69,72.46
KO,Coca-Cola Company (The),Consumer Staples,Soft Drinks & Non-alcoholic Beverages,68.9,72.82,59.48,69.29,69.66,68.32,67.6,68.43,0.3,3.7,71.45,65.19
CTSH,Cognizant,Information Technology,IT Consulting & Other Services,72.88,89.65,65.47,70.53,69.23,68.14,69.02,75.3,0.2,-1.1,72.08,64.21
COIN,Coinbase,Financials,Financial Exchanges & Data,343.78,419.78,151.47,347.51,341.75,350.59,333.74,282.26,-0.2,13.71,390.91,310.26
CL,Colgate-Palmolive,Consumer Staples,Household Products,77.05,95.74,75.73,76.85,77.79,77.69,80.07,86.42,0.0,3.35,79.63,75.75
CMCSA,Comcast,Communication Services,Cable & Satellite,27.83,43.5,27.32,28.48,28.99,29.49,31.22,33.44,-0.2,12.18,31.22,27.77
CAG,Conagra Brands,Consumer Staples,Packaged Foods & Meats,17.19,27.2,17.03,17.5,17.83,17.99,18.3,21.21,-0.4,9.13,18.76,17.22
COP,ConocoPhillips,Energy,Oil & Gas Exploration & Production,88.86,110.98,81.29,88.11,87.96,89.06,92.62,92.8,-0.2,6.21,94.38,83.74
ED,Consolidated Edison,Utilities,Multi-Utilities,97.41,111.42,85.77,98.27,99.74,100.4,99.02,100.82,0.1,6.23,103.48,97.33
STZ,Constellation Brands,Consumer Staples,Distillers & Vintners,131.38,238.26,128.88,132.05,135.71,137.67,140.52,165.4,-0.2,10.41,145.06,130.28
CEG,Constellation Energy,Utilities,Electric Utilities,377.0,403.95,170.52,387.4,377.09,378.66,345.64,296.28,0.0,8.18,407.84,349.49
COO,Cooper Companies (The),Health Care,Health Care Supplies,69.91,105.85,64.32,70.84,72.67,71.35,69.53,77.35,-0.1,8.17,75.62,67.08
CPRT,Copart,Industrials,Diversified Support Services,43.01,63.84,42.48,43.24,44.1,44.22,45.93,51.88,-0.2,6.44,45.78,42.65
GLW,Corning Inc.,Information Technology,Electronic Components,89.08,90.29,38.69,89.09,87.42,86.49,79.7,57.67,0.0,1.5,90.42,82.55
CPAY,Corpay,Financials,Transaction & Payment Processing Services,260.35,389.55,255.0,270.66,277.87,282.13,297.59,328.27,-0.4,15.81,301.51,262.77
CTVA,Corteva,Materials,Fertilizers & Agricultural Chemicals,61.44,76.93,54.65,62.75,62.79,62.76,67.48,66.77,0.0,5.78,64.99,60.53
CSGP,CoStar Group,Real Estate,Real Estate Services,68.81,96.83,68.81,73.06,74.99,75.91,82.69,80.91,-0.2,19.71,82.37,69.45
COST,Costco,Consumer Staples,Consumer Staples Merchandise Retail,911.45,1073.97,869.72,919.61,929.05,930.15,939.84,971.13,0.0,4.84,955.56,904.77
CTRA,Coterra,Energy,Oil & Gas Exploration & Production,23.66,29.06,21.94,23.49,23.48,23.44,23.74,25.1,0.0,2.87,24.34,22.53
CRWD,CrowdStrike,Information Technology,Systems Software,543.01,546.94,296.87,540.77,526.08,510.38,475.39,436.76,0.2,1.78,552.68,468.07
CCI,Crown Castle,Real Estate,Telecom Tower REITs,90.22,112.64,81.15,93.21,95.8,96.24,95.86,97.17,-0.1,12.15,101.18,91.3
CSX,CSX Corporation,Industrials,Rail Transportation,36.02,36.67,26.47,35.73,35.86,35.94,34.37,32.29,0.2,1.69,36.63,35.26
CMI,Cummins,Industrials,Construction Machinery & Heavy Transportation Equipment,437.68,441.26,264.26,430.48,423.15,423.21,415.84,354.7,0.2,1.54,444.42,402.02
CVS,CVS Health,Health Care,Health Care Services,78.15,82.45,41.98,80.02,80.86,79.52,75.91,66.03,0.2,7.73,84.19,74.85
DHR,Danaher Corporation,Health Care,Life Sciences Tools & Services,215.38,249.37,174.06,216.47,217.53,212.26,203.35,202.48,0.2,4.52,225.12,199.4
DRI,Darden Restaurants,Consumer Discretionary,Restaurants,180.15,222.41,154.1,181.14,183.98,185.52,194.05,198.52,-0.2,6.72,192.26,178.77
DDOG,Datadog,Information Technology,Application Software,162.81,168.65,87.0,158.15,157.06,157.93,145.91,127.93,0.0,1.47,165.2,150.66
DVA,DaVita,Health Care,Health Care Services,119.02,177.35,118.75,124.7,126.62,126.57,130.86,142.65,-0.2,11.62,132.85,120.28
DAY,Dayforce,Industrials,Human Resource & Employment Services,68.74,81.8,49.33,68.48,68.45,68.46,68.84,61.65,-0.4,0.26,68.92,68.0
DECK,Deckers Brands,Consumer Discretionary,Footwear,81.5,223.11,80.89,84.86,91.78,95.31,106.33,119.48,0.0,34.42,109.55,81.08
DE,Deere & Company,Industrials,Agricultural & Farm Machinery,461.63,527.96,384.05,469.36,467.36,460.35,467.22,481.13,-0.2,3.84,479.36,441.35
DELL,Dell Technologies,Information Technology,"Technology Hardware, Storage & Peripherals",162.01,164.88,70.63,162.74,157.35,154.63,140.04,116.52,0.2,3.06,166.97,142.28
DAL,Delta Air Lines,Industrials,Passenger Airlines,57.38,68.24,35.54,58.31,59.54,59.24,59.29,53.88,0.0,9.25,62.69,55.78
DVN,Devon Energy,Energy,Oil & Gas Exploration & Production,32.49,38.93,26.43,32.3,32.43,32.92,34.17,33.27,-0.2,7.76,35.01,30.82
DXCM,Dexcom,Health Care,Health Care Equipment,58.22,90.75,58.22,66.89,68.47,67.39,71.08,78.26,-0.2,25.46,73.04,61.74
FANG,Diamondback Energy,Energy,Oil & Gas Exploration & Production,143.19,181.42,117.58,142.9,143.25,143.4,142.84,144.22,-0.3,4.41,149.5,137.29
DLR,Digital Realty,Real Estate,Data Center REITs,170.41,190.11,134.22,172.1,173.21,173.37,170.92,164.4,0.0,5.21,179.29,167.47
DG,Dollar General,Consumer Staples,Consumer Staples Merchandise Retail,98.66,115.62,67.25,100.57,102.34,101.74,103.93,96.06,0.0,9.21,107.75,95.73
DLTR,Dollar Tree,Consumer Staples,Consumer Staples Merchandise Retail,99.12,117.16,61.21,100.91,100.27,95.72,98.19,90.09,0.0,7.56,106.61,84.84
D,Dominion Energy,Utilities,Multi-Utilities,58.69,61.69,48.51,59.52,60.26,60.62,60.13,56.17,0.0,6.07,62.25,59.0
DPZ,Domino's,Consumer Discretionary,Restaurants,398.46,493.69,397.61,406.39,413.62,413.95,431.88,452.8,-0.4,7.6,428.74,399.15
DASH,DoorDash,Consumer Discretionary,Specialized Consumer Services,254.37,281.74,155.25,259.85,259.17,265.95,261.02,221.79,0.2,11.39,283.34,248.57
DOV,Dover Corporation,Industrials,Industrial Machinery & Supplies & Components,181.46,204.71,150.28,180.01,176.83,170.35,172.26,179.43,0.0,2.12,185.31,155.38
DOW,Dow Inc.,Materials,Commodity Chemicals,23.85,45.9,20.57,24.72,23.8,22.93,23.52,28.56,0.0,8.34,25.84,20.02
DHI,D. R. Horton,Consumer Discretionary,Homebuilding,149.08,184.04,114.44,151.85,154.64,155.59,165.27,140.18,0.0,11.29,165.91,145.27
DTE,DTE Energy,Utilities,Multi-Utilities,135.54,143.32,113.22,138.75,140.54,140.96,138.44,132.97,-0.2,6.65,144.55,137.37
DUK,Duke Energy,Utilities,Electric Utilities,124.3,129.03,102.96,125.39,126.79,126.66,123.93,118.04,-0.2,4.49,129.88,123.45
DD,DuPont,Materials,Specialty Chemicals,81.65,84.81,54.51,81.71,81.27,79.6,78.19,73.11,0.0,2.79,83.93,75.27
EMN,Eastman Chemical Company,Materials,Specialty Chemicals,59.52,101.62,58.06,61.49,61.81,61.42,64.04,76.64,-0.2,8.15,64.37,58.48
ETN,Eaton Corporation,Industrials,Electrical Components & Equipment,381.56,391.62,244.95,381.63,376.86,376.14,367.29,331.89,0.0,1.51,387.32,364.94
EBAY,eBay Inc.,Consumer Discretionary,Broadline Retail,81.31,100.46,56.61,92.43,94.09,92.55,92.08,77.6,0.0,25.18,101.78,83.31
ECL,Ecolab,Materials,Specialty Chemicals,256.4,284.78,224.56,263.79,270.56,272.73,272.33,261.27,0.0,12.22,287.73,257.73
EIX,Edison International,Utilities,Electric Utilities,55.38,83.47,46.84,55.87,56.85,55.74,54.91,53.31,0.0,7.11,59.32,52.15
EW,Edwards Lifesciences,Health Care,Health Care Equipment,82.45,83.48,65.75,82.33,79.24,76.85,77.56,75.16,0.0,1.53,83.71,69.99
EA,Electronic Arts,Communication Services,Interactive Home Entertainment,200.06,202.05,116.08,200.2,200.43,200.34,186.16,155.67,0.0,0.41,200.88,199.79
ELV,Elevance Health,Health Care,Managed Health Care,317.2,448.26,273.17,331.48,339.51,346.23,328.6,364.37,-0.3,15.97,367.86,324.61
EME,Emcor,Industrials,Construction & Engineering,675.78,777.0,341.52,721.41,710.47,695.18,657.03,518.22,-0.2,12.95,763.29,627.05
EMR,Emerson Electric,Industrials,Electrical Components & Equipment,139.57,149.04,93.37,136.36,134.03,132.17,132.3,124.53,0.0,-0.72,138.57,125.77
ETR,Entergy,Utilities,Electric Utilities,96.09,97.65,65.26,96.0,96.06,96.17,92.34,85.37,-0.2,1.57,97.6,94.75
EOG,EOG Resources,Energy,Oil & Gas Exploration & Production,105.84,133.44,101.83,106.0,106.31,107.3,113.21,116.74,0.0,4.23,110.32,104.28
EPAM,EPAM Systems,Information Technology,IT Consulting & Other Services,163.54,267.63,142.2,161.98,158.26,152.61,157.7,177.8,0.0,2.16,167.07,138.16
EQT,EQT Corporation,Energy,Oil & Gas Exploration & Production,53.58,60.26,35.15,52.75,53.67,54.26,52.92,52.83,0.2,7.15,57.41,51.1
EFX,Equifax,Industrials,Research & Consulting Services,211.1,279.44,204.69,218.06,224.71,228.16,241.79,249.18,-0.2,15.38,243.57,212.75
EQIX,Equinix,Real Estate,Data Center REITs,846.01,968.75,731.64,827.16,828.34,817.28,796.55,828.0,-0.1,0.5,850.24,784.33
EQR,Equity Residential,Real Estate,Multi-Family Residential REITs,59.44,74.44,58.91,60.69,61.91,61.99,63.54,66.3,-0.4,8.38,64.42,59.57
ERIE,Erie Indemnity,Financials,Insurance Brokers,292.64,445.35,292.64,310.89,316.99,318.28,324.62,363.7,-0.2,14.69,335.63,300.91
ESS,Essex Property Trust,Real Estate,Multi-Family Residential REITs,251.77,305.43,247.18,253.45,258.27,258.72,261.82,274.13,0.0,6.45,268.01,249.44
EL,Estée Lauder Companies (The),Consumer Staples,Personal Care Products,96.69,102.52,49.61,98.18,99.22,96.58,91.62,77.36,0.0,7.97,104.4,88.75
EG,Everest Group,Financials,Reinsurance,314.52,384.58,304.91,316.41,332.88,343.0,343.0,343.05,-0.2,20.31,378.4,307.6
EVRG,Evergy,Utilities,Electric Utilities,76.81,78.73,57.24,77.5,77.88,77.79,74.72,68.58,0.2,2.72,78.9,76.67
ES,Eversource Energy,Utilities,Electric Utilities,73.81,74.88,52.98,74.2,73.87,73.01,68.67,62.82,0.0,2.05,75.32,70.71
EXC,Exelon,Utilities,Electric Utilities,46.12,48.24,35.25,47.23,47.62,47.31,45.24,43.63,-0.2,5.55,48.68,45.94
EXE,Expand Energy,Energy,Oil & Gas Exploration & Production,103.31,120.67,81.01,101.82,103.47,103.72,101.09,103.8,-0.1,5.96,109.47,97.98
EXPE,Expedia Group,Consumer Discretionary,"Hotels, Resorts & Cruise Lines",220.0,228.24,136.05,221.61,221.33,218.92,218.46,185.59,0.2,3.59,227.9,209.93
EXPD,Expeditors International,Industrials,Air Freight & Logistics,121.9,125.62,102.14,119.74,119.51,118.9,120.7,115.67,0.0,1.72,124.0,113.8
EXR,Extra Space Storage,Real Estate,Self-Storage REITs,133.54,165.33,123.86,141.31,146.17,145.96,143.33,144.12,-0.1,17.43,156.82,135.11
XOM,ExxonMobil,Energy,Integrated Oil & Gas,114.36,118.64,98.11,115.29,114.8,113.65,113.19,108.84,0.0,2.33,117.02,110.28
FFIV,"F5, Inc.",Information Technology,Communications Equipment,253.05,343.17,231.2,265.3,282.02,305.37,315.32,293.57,0.0,43.89,364.11,246.63
FDS,FactSet,Financials,Financial Exchanges & Data,266.8,490.93,266.8,276.29,282.8,282.4,314.53,404.73,-0.2,11.65,297.88,266.92
FICO,Fair Isaac,Information Technology,Application Software,1659.53,2382.4,1311.26,1632.7,1620.6,1658.85,1584.61,1722.32,-0.3,9.56,1818.18,1499.45
FAST,Fastenal,Industrials,Trading Companies & Distributors,41.15,50.13,34.82,41.55,42.14,43.3,46.26,41.96,-0.2,15.53,47.54,39.07
FRT,Federal Realty Investment Trust,Real Estate,Retail REITs,96.19,112.47,81.67,97.1,98.84,98.23,98.76,96.08,0.0,6.07,102.03,94.42
FDX,FedEx,Industrials,Air Freight & Logistics,253.82,298.15,195.55,249.86,245.07,240.82,234.85,232.54,0.2,0.38,254.78,226.85
FIS,Fidelity National Information Services,Financials,Transaction & Payment Processing Services,62.52,88.87,61.5,63.77,65.77,66.56,66.89,73.5,-0.4,12.88,70.57,62.55
FITB,Fifth Third Bancorp,Financials,Regional Banks,41.62,46.72,32.73,42.01,42.04,42.32,43.9,40.67,0.0,6.2,44.2,40.45
FSLR,First Solar,Information Technology,Semiconductors,266.94,266.94,120.38,245.9,237.91,234.64,219.35,172.45,0.4,-4.54,254.82,214.47
FE,FirstEnergy,Utilities,Electric Utilities,45.83,47.69,37.17,46.09,46.52,46.71,45.07,41.51,0.2,4.1,47.71,45.71
FI,Fiserv,Financials,Transaction & Payment Processing Services,66.69,237.79,65.19,91.04,107.98,115.7,126.27,172.02,-0.2,134.62,156.47,74.94
F,Ford Motor Company,Consumer Discretionary,Automobile Manufacturers,13.13,13.84,8.45,13.16,12.9,12.34,12.01,10.57,0.2,4.8,13.76,10.92
FTNT,Fortinet,Information Technology,Systems Software,86.43,114.57,74.39,85.2,85.08,84.76,82.59,95.73,-0.1,0.66,87.0,82.52
FTV,Fortive,Industrials,Industrial Machinery & Supplies & Components,50.34,62.32,46.49,50.11,49.78,49.39,48.83,52.63,0.1,1.11,50.9,47.88
FOXA,Fox Corporation (Class A),Communication Services,Broadcasting,64.65,65.51,41.49,62.67,60.7,59.75,60.04,55.2,0.0,-0.59,64.27,55.24
FOX,Fox Corporation (Class B),Communication Services,Broadcasting,58.41,58.83,38.5,56.19,54.37,53.53,54.17,50.74,0.0,-1.25,57.68,49.37
BEN,Franklin Resources,Financials,Asset Management & Custody Banks,22.61,25.67,16.21,23.0,22.84,22.89,23.65,21.56,0.2,4.78,23.69,22.09
FCX,Freeport-McMoRan,Materials,Copper,41.7,47.85,28.82,41.58,41.48,41.56,42.38,39.87,0.0,3.19,43.03,40.08
GRMN,Garmin,Consumer Discretionary,Consumer Electronics,213.94,259.77,172.21,229.61,239.67,246.04,241.91,217.95,0.0,27.2,272.13,219.94
IT,Gartner,Information Technology,IT Consulting & Other Services,248.34,551.8,225.98,250.95,250.46,246.75,249.35,377.2,0.0,4.62,259.81,233.68
GE,GE Aerospace,Industrials,Aerospace & Defense,308.95,314.28,158.97,311.32,307.41,303.26,293.16,241.04,0.2,1.85,314.67,291.84
GEHC,GE HealthCare,Health Care,Health Care Equipment,74.95,93.35,58.67,77.02,76.81,75.19,75.09,76.08,0.1,6.18,79.58,70.8
GEV,GE Vernova,Industrials,Heavy Electrical Equipment,585.14,664.27,269.69,578.51,582.75,600.46,607.87,479.76,0.0,10.22,644.94,555.95
GEN,Gen Digital,Information Technology,Systems Software,26.36,32.03,23.31,26.37,26.75,26.85,28.33,28.0,0.0,5.31,27.76,25.94
GNRC,Generac,Industrials,Electrical Components & Equipment,168.02,202.85,101.92,179.04,184.76,181.24,180.09,150.4,-0.2,20.58,202.6,159.87
GD,General Dynamics,Industrials,Aerospace & Defense,344.9,353.77,238.33,346.7,344.19,340.58,331.42,289.22,0.2,2.42,353.25,327.92
GIS,General Mills,Consumer Staples,Packaged Foods & Meats,46.61,65.32,46.57,47.31,47.85,48.3,48.88,52.85,0.0,7.66,50.18,46.42
GM,General Motors,Consumer Discretionary,Automobile Manufacturers,69.09,69.87,42.24,69.23,67.46,62.2,60.28,51.94,0.0,6.85,73.82,50.58
GPC,Genuine Parts Company,Consumer Discretionary,Distributors,127.31,142.77,103.92,129.59,131.13,132.35,136.16,125.04,-0.2,7.87,137.33,127.38
GILD,Gilead Sciences,Health Care,Biotechnology,119.79,124.08,85.21,119.02,120.54,119.18,115.45,108.69,-0.2,3.58,124.08,114.28
GPN,Global Payments,Financials,Transaction & Payment Processing Services,77.76,118.08,67.06,81.62,84.33,85.15,85.93,87.31,-0.2,17.52,91.38,78.91
GL,Globe Life,Financials,Life & Health Insurance,131.51,146.27,102.63,133.01,134.14,135.12,138.89,127.78,0.0,5.72,139.03,131.21
GDDY,GoDaddy,Information Technology,Internet Services & Infrastructure,133.13,214.35,126.57,129.83,131.01,131.7,139.04,168.51,0.2,2.95,137.06,126.34
GS,Goldman Sachs,Financials,Investment Banking & Brokerage,789.37,806.32,457.48,788.93,774.62,774.39,773.3,656.14,0.0,2.07,805.71,743.08
HAL,Halliburton,Energy,Oil & Gas Equipment & Services,26.84,31.1,18.96,26.94,26.26,24.6,23.6,22.79,0.2,6.71,28.64,20.55
HIG,Hartford (The),Financials,Property & Casualty Insurance,124.18,134.7,105.0,123.53,124.18,126.87,129.99,123.08,-0.2,7.92,134.02,119.73
HAS,Hasbro,Consumer Discretionary,Leisure Products,76.31,81.85,49.75,77.37,76.63,75.3,76.71,67.83,-0.2,3.55,79.02,71.58
HCA,HCA Healthcare,Health Care,Health Care Facilities,459.68,468.4,294.93,465.84,452.27,437.46,420.92,367.7,0.2,3.33,474.99,399.92
DOC,Healthpeak Properties,Real Estate,Health Care REITs,17.95,21.54,16.35,18.04,18.34,18.39,18.27,18.05,0.2,7.58,19.31,17.48
HSIC,Henry Schein,Health Care,Health Care Distributors,63.2,81.91,62.03,63.03,63.43,63.62,66.2,69.82,0.2,3.53,65.43,61.81
HSY,Hershey Company (The),Consumer Staples,Packaged Foods & Meats,169.63,195.56,141.22,175.55,179.53,185.49,186.29,170.88,-0.2,18.1,200.33,170.65
HPE,Hewlett Packard Enterprise,Information Technology,"Technology Hardware, Storage & Peripherals",24.42,26.25,12.35,24.31,23.75,24.21,24.02,19.85,0.0,7.37,26.22,22.2
HLT,Hilton Worldwide,Consumer Discretionary,"Hotels, Resorts & Cruise Lines",256.96,278.5,201.05,260.93,264.21,262.76,266.98,254.04,0.0,5.72,271.66,253.87
HOLX,Hologic,Health Care,Health Care Equipment,73.91,83.72,52.73,73.96,73.74,70.7,68.28,64.56,0.0,4.3,77.09,64.31
HD,Home Depot (The),Consumer Discretionary,Home Improvement Retail,379.59,423.6,331.29,381.64,384.87,384.84,400.26,378.49,-0.2,3.86,394.24,375.44
HON,Honeywell,Industrials,Industrial Conglomerates,201.33,225.41,170.58,201.38,200.46,196.98,199.5,202.25,0.0,2.77,206.91,187.06
HRL,Hormel Foods,Consumer Staples,Packaged Foods & Meats,21.59,32.19,21.29,22.35,23.15,23.42,24.48,27.89,-0.2,16.4,25.13,21.71
HST,Host Hotels & Resorts,Real Estate,Hotel & Resort REITs,16.02,18.04,12.39,16.27,16.44,16.37,16.84,15.56,0.0,5.18,16.85,15.89
HWM,Howmet Aerospace,Industrials,Aerospace & Defense,205.95,205.95,99.44,202.82,199.36,194.84,188.5,161.22,0.0,0.19,206.34,183.34
HPQ,HP Inc.,Information Technology,"Technology Hardware, Storage & Peripherals",27.67,37.77,21.42,27.77,27.78,27.48,27.66,27.13,0.0,4.34,28.87,26.09
HUBB,Hubbell Incorporated,Industrials,Industrial Machinery & Supplies & Components,470.0,472.57,313.96,460.37,445.91,433.34,434.07,397.54,-0.2,0.16,470.75,395.92
HUM,Humana,Health Care,Managed Health Care,278.19,310.91,219.64,288.72,289.25,284.44,280.77,261.26,0.0,10.36,307.01,261.88
HBAN,Huntington Bancshares,Financials,Regional Banks,15.44,17.87,12.26,15.42,15.67,15.89,16.82,15.85,-0.2,8.61,16.77,15.0
HII,Huntington Ingalls Industries,Industrials,Aerospace & Defense,322.02,322.02,156.78,308.07,298.73,292.43,281.7,234.72,0.2,-2.27,314.71,270.15
IBM,IBM,Information Technology,IT Consulting & Other Services,307.41,313.09,199.27,310.27,299.7,291.36,273.08,258.55,0.2,3.21,317.28,265.42
IEX,IDEX Corporation,Industrials,Industrial Machinery & Supplies & Components,171.46,232.54,156.86,169.94,168.83,166.56,164.01,177.03,0.1,0.71,172.68,160.44
IDXX,Idexx Laboratories,Health Care,Health Care Equipment,629.51,682.78,361.04,633.49,636.12,633.66,637.86,526.55,0.0,2.83,647.33,620.03
ITW,Illinois Tool Works,Industrials,Industrial Machinery & Supplies & Components,243.92,271.83,215.75,244.65,248.89,249.29,256.74,250.35,-0.2,6.24,259.14,239.43
INCY,Incyte,Health Care,Biotechnology,93.48,93.48,55.17,92.2,90.31,88.26,86.31,72.76,0.0,0.5,93.95,82.57
IR,Ingersoll Rand,Industrials,Industrial Machinery & Supplies & Components,76.33,105.27,66.72,78.77,79.01,78.68,79.87,81.85,0.0,8.28,82.65,74.7
PODD,Insulet Corporation,Health Care,Health Care Equipment,313.01,352.82,230.58,318.25,322.07,318.82,326.4,295.44,0.0,5.49,330.19,307.45
INTC,Intel,Information Technology,Semiconductors,39.99,41.53,18.13,40.51,39.21,38.07,32.02,24.21,0.0,3.15,41.25,34.88
IBKR,Interactive Brokers,Financials,Investment Banking & Brokerage,70.36,72.62,35.97,69.24,68.01,68.86,66.14,55.45,-0.2,3.14,72.57,65.14
ICE,Intercontinental Exchange,Financials,Financial Exchanges & Data,146.29,187.92,141.62,152.51,154.67,156.27,165.53,170.34,-0.2,12.1,163.99,148.54
IFF,International Flavors & Fragrances,Materials,Specialty Chemicals,62.97,98.97,59.55,63.91,64.57,62.96,63.56,72.89,-0.2,6.19,66.87,59.06
IP,International Paper,Materials,Paper & Plastic Packaging Products & Materials,38.64,58.45,38.63,43.36,45.83,46.07,46.75,48.94,-0.2,33.33,51.52,40.62
IPG,Interpublic Group of Companies (The),Communication Services,Advertising,25.66,29.33,22.33,26.12,26.65,26.66,26.54,25.39,0.2,8.5,27.84,25.48
INTU,Intuit,Information Technology,Application Software,667.55,805.92,541.4,668.42,671.35,662.82,668.17,667.18,0.0,2.93,687.11,638.5
ISRG,Intuitive Surgical,Health Care,Health Care Equipment,534.28,610.45,429.59,539.71,524.46,482.26,464.38,512.03,0.1,8.38,579.05,385.46
IVZ,Invesco,Financials,Asset Management & Custody Banks,23.7,24.13,11.86,23.74,23.29,23.37,22.76,17.92,-0.2,3.16,24.45,22.3
INVH,Invitation Homes,Real Estate,Single-Family Residential REITs,28.15,34.81,27.47,28.22,28.51,28.38,29.17,31.34,0.2,3.41,29.11,27.66
IQV,IQVIA,Health Care,Life Sciences Tools & Services,216.46,221.25,137.0,217.26,217.53,210.25,197.07,178.15,0.0,4.17,225.49,195.0
IRM,Iron Mountain,Real Estate,Other Specialized REITs,102.95,123.69,75.72,103.22,103.95,104.28,99.89,95.1,0.0,4.43,107.51,101.05
JBHT,J.B. Hunt,Industrials,Cargo Ground Transportation,168.86,195.43,123.94,167.74,167.36,156.61,145.91,147.42,0.1,8.51,183.23,130.0
JBL,Jabil,Information Technology,Electronic Manufacturing Services,220.89,234.45,116.78,218.09,211.33,207.49,211.18,183.03,-0.2,0.86,222.79,192.2
JKHY,Jack Henry & Associates,Financials,Transaction & Payment Processing Services,148.94,189.99,146.26,151.86,153.99,152.71,155.06,169.4,-0.2,6.44,158.53,146.88
J,Jacobs Solutions,Industrials,Construction & Engineering,155.81,164.44,109.18,158.34,159.68,157.75,151.7,134.57,0.2,5.21,163.93,151.59
JNJ,Johnson & Johnson,Health Care,Pharmaceuticals,188.87,193.72,138.72,188.35,190.32,190.5,183.31,163.19,0.0,2.91,194.37,186.63
JCI,Johnson Controls,Industrials,Building Products,114.39,114.39,70.88,113.44,112.1,110.19,108.66,96.22,0.0,0.7,115.19,105.2
JPM,JPMorgan Chase,Financials,Diversified Banks,311.12,314.53,208.26,307.12,302.41,303.16,303.94,272.44,-0.2,0.55,312.83,293.5
K,Kellanova,Consumer Staples,Packaged Foods & Meats,83.06,83.13,76.96,83.08,83.05,82.96,80.78,80.48,0.0,0.18,83.21,82.72
KVUE,Kenvue,Consumer Staples,Personal Care Products,14.37,24.0,14.11,14.5,14.77,15.36,17.23,20.8,0.0,18.37,17.01,13.71
KDP,Keurig Dr Pepper,Consumer Staples,Soft Drinks & Non-alcoholic Beverages,27.16,35.14,25.3,28.01,27.76,27.06,27.31,31.52,0.2,7.51,29.2,24.93
KEY,KeyCorp,Financials,Regional Banks,17.59,19.23,12.92,17.54,17.54,17.64,18.41,16.82,0.0,5.17,18.5,16.79
KEYS,Keysight Technologies,Information Technology,Electronic Equipment & Instruments,182.96,185.11,127.02,173.32,170.12,168.25,169.8,162.18,0.0,-2.31,178.73,157.76
KMB,Kimberly-Clark,Consumer Staples,Household Products,119.71,144.6,116.72,119.58,119.66,119.93,123.78,130.09,0.0,2.01,122.12,117.75
KIM,Kimco Realty,Real Estate,Retail REITs,20.66,24.65,18.27,21.44,21.84,21.61,21.86,21.06,0.0,9.63,22.65,20.57
KMI,Kinder Morgan,Energy,Oil & Gas Storage & Transportation,26.19,30.24,23.42,26.08,26.51,27.03,27.22,27.11,0.0,8.93,28.53,25.54
KKR,KKR & Co.,Financials,Asset Management & Custody Banks,118.33,166.38,92.52,119.57,120.72,121.57,132.0,130.21,0.0,7.7,127.44,115.69
KLAC,KLA Corporation,Information Technology,Semiconductor Materials & Equipment,1208.74,1235.28,573.9,1215.92,1183.61,1125.12,1037.09,844.3,0.2,4.85,1267.36,982.88
KHC,Kraft Heinz,Consumer Staples,Packaged Foods & Meats,24.73,31.93,24.38,24.96,25.24,25.24,26.02,27.29,-0.2,4.85,25.93,24.54
KR,Kroger,Consumer Staples,Food Retail,63.63,73.97,54.62,66.16,67.19,67.52,67.3,67.34,-0.1,10.81,70.51,64.52
LHX,L3Harris,Industrials,Aerospace & Defense,289.1,306.76,191.79,290.08,290.87,293.09,286.68,244.43,0.2,5.55,305.15,281.04
LH,Labcorp,Health Care,Health Care Services,253.96,290.93,211.06,257.96,271.12,275.39,276.76,254.35,-0.2,17.65,298.78,252.01
LRCX,Lam Research,Information Technology,Semiconductor Materials & Equipment,157.46,161.01,58.83,158.33,152.12,146.52,129.03,95.23,0.2,3.27,162.61,130.44
LW,Lamb Weston,Consumer Staples,Packaged Foods & Meats,61.73,80.72,47.73,63.85,64.58,64.34,59.83,55.26,-0.4,8.2,66.79,61.9
LVS,Las Vegas Sands,Consumer Discretionary,Casinos & Gaming,59.35,59.44,30.35,58.94,56.02,53.01,53.84,45.81,0.0,3.79,61.6,44.42
LDOS,Leidos,Industrials,Diversified Support Services,190.47,199.29,125.82,189.29,189.99,190.2,186.41,158.07,-0.2,4.07,198.22,182.17
LEN,Lennar,Consumer Discretionary,Homebuilding,123.77,170.05,101.41,125.8,126.52,123.99,128.58,118.32,0.2,5.78,130.92,117.06
LII,Lennox International,Industrials,Building Products,505.0,672.47,487.78,498.37,505.99,519.9,537.05,571.82,-0.2,11.23,561.71,478.08
LLY,Lilly (Eli),Health Care,Pharmaceuticals,862.86,925.78,624.28,833.48,823.48,826.93,780.49,786.8,0.1,-0.2,861.13,792.69
LIN,Linde plc,Materials,Industrial Gases,418.3,483.59,408.92,433.55,441.54,449.83,465.22,459.09,-0.2,13.54,474.94,424.71
LYV,Live Nation Entertainment,Communication Services,Movies & Entertainment,149.53,174.06,115.79,150.2,152.73,153.15,160.55,146.02,-0.2,5.87,158.31,148.01
LKQ,LKQ Corporation,Consumer Discretionary,Distributors,31.96,43.02,28.68,31.12,30.81,30.25,31.0,36.18,0.0,-0.47,31.81,28.69
LMT,Lockheed Martin,Industrials,Aerospace & Defense,491.88,554.97,407.77,487.92,489.56,497.23,481.43,459.68,-0.2,5.15,517.21,477.27
L,Loews Corporation,Financials,Multi-line Insurance,99.56,103.05,76.29,99.06,99.4,100.34,98.72,90.85,-0.2,3.95,103.49,97.18
LOW,Lowe's,Consumer Discretionary,Home Improvement Retail,238.13,271.68,208.44,240.83,241.94,239.92,252.04,235.84,0.0,3.92,247.46,232.37
LULU,Lululemon Athletica,Consumer Discretionary,"Apparel, Accessories & Luxury Goods",170.54,421.16,159.87,174.05,175.96,173.04,177.4,262.07,0.2,7.42,183.19,162.88
LYB,LyondellBasell,Materials,Specialty Chemicals,46.42,80.47,44.91,47.01,46.55,46.81,50.59,58.68,0.0,6.48,49.43,44.2
MTB,M&T Bank,Financials,Regional Banks,183.87,215.8,154.27,182.47,182.45,183.76,192.68,185.13,-0.2,3.38,190.08,177.44
MPC,Marathon Petroleum,Energy,Oil & Gas Refining & Marketing,194.91,198.69,117.23,194.95,192.46,189.14,186.29,161.37,0.2,2.67,200.11,178.17
MAR,Marriott International,Consumer Discretionary,"Hotels, Resorts & Cruise Lines",260.58,302.22,210.04,264.53,266.42,265.76,265.78,262.58,0.0,5.24,274.23,257.27
MMC,Marsh McLennan,Financials,Insurance Brokers,178.15,242.13,178.15,181.45,185.01,193.27,197.89,214.97,0.0,19.83,213.48,173.05
MLM,Martin Marietta Materials,Materials,Construction Materials,613.1,656.85,451.25,615.34,619.89,627.56,621.26,554.84,0.2,5.83,648.84,606.29
MAS,Masco,Industrials,Building Products,64.76,81.07,58.18,66.34,67.72,67.67,70.74,68.62,0.0,9.3,70.78,64.55
MA,Mastercard,Financials,Transaction & Payment Processing Services,551.99,598.17,477.88,559.71,565.57,565.57,575.9,559.27,-0.2,5.63,583.07,548.08
MTCH,Match Group,Communication Services,Interactive Media & Services,32.34,38.56,26.72,32.43,32.67,32.66,35.17,32.52,0.0,4.24,33.71,31.61
MKC,McCormick & Company,Consumer Staples,Packaged Foods & Meats,64.16,83.15,63.83,65.05,66.27,66.15,67.09,72.63,0.0,7.22,68.79,63.52
MCD,McDonald's,Consumer Discretionary,Restaurants,298.43,317.67,275.0,303.92,305.77,302.93,305.49,302.18,-0.4,4.97,313.26,292.6
MCK,McKesson Corporation,Health Care,Health Care Distributors,811.34,825.53,497.14,812.11,802.59,784.97,741.3,692.16,0.2,2.25,829.6,740.33
MDT,Medtronic,Health Care,Health Care Equipment,90.7,98.43,78.03,92.15,93.63,95.06,94.36,89.24,0.0,9.5,99.32,90.79
MRK,Merck & Co.,Health Care,Pharmaceuticals,85.98,101.09,72.03,86.77,87.01,86.48,84.38,83.24,0.0,3.61,89.08,83.88
META,Meta Platforms,Communication Services,Interactive Media & Services,648.35,789.47,483.96,713.75,724.0,719.81,738.4,677.79,-0.2,18.79,770.17,669.47
MET,MetLife,Financials,Life & Health Insurance,79.82,86.38,67.4,78.98,78.81,79.93,80.34,78.9,-0.2,4.32,83.27,76.59
MTD,Mettler Toledo,Health Care,Life Sciences Tools & Services,1416.29,1437.75,970.15,1402.35,1400.81,1358.65,1306.58,1229.75,0.2,2.92,1457.65,1259.66
MGM,MGM Resorts,Consumer Discretionary,Casinos & Gaming,32.03,41.41,25.79,31.76,32.22,32.23,34.67,33.9,-0.2,5.37,33.75,30.72
MCHP,Microchip Technology,Information Technology,Semiconductors,62.42,74.74,34.83,63.04,64.26,64.6,65.02,59.8,0.0,9.18,68.15,61.05
MU,Micron Technology,Information Technology,Semiconductors,223.77,226.63,64.62,223.28,214.97,203.67,169.75,117.34,0.0,3.53,231.67,175.68
MSFT,Microsoft,Information Technology,Systems Software,517.81,542.07,353.33,531.74,525.79,521.74,513.83,460.2,0.2,4.13,539.2,504.29
MAA,Mid-America Apartment Communities,Real Estate,Multi-Family Residential REITs,128.23,165.69,126.28,129.41,131.61,132.37,136.91,147.65,-0.2,6.69,136.81,127.92
MRNA,Moderna,Health Care,Biotechnology,27.16,54.72,23.51,26.4,26.66,26.88,25.92,29.03,-0.3,5.08,28.54,25.22
MHK,Mohawk Industries,Consumer Discretionary,Home Furnishings,113.64,147.6,97.99,116.94,122.15,122.82,128.47,116.52,-0.2,16.92,132.87,112.77
MOH,Molina Healthcare,Health Care,Managed Health Care,153.06,353.24,151.1,157.89,170.32,183.36,182.56,254.96,0.1,43.72,219.98,146.73
TAP,Molson Coors Beverage Company,Consumer Staples,Brewers,43.72,61.78,43.51,44.28,45.22,45.75,47.05,52.23,-0.2,9.47,47.86,43.65
MDLZ,Mondelez International,Consumer Staples,Packaged Foods & Meats,57.46,70.19,54.9,58.99,60.33,61.04,61.61,63.44,-0.2,11.56,64.1,57.98
MPWR,Monolithic Power Systems,Information Technology,Semiconductors,1005.0,1105.05,453.43,1075.61,1058.54,1017.65,930.78,732.04,-0.2,11.91,1124.7,910.58
MNST,Monster Beverage,Consumer Staples,Soft Drinks & Non-alcoholic Beverages,66.83,70.22,46.16,67.79,68.69,68.72,66.06,60.14,0.0,6.45,71.14,66.3
MCO,Moody's Corporation,Financials,Financial Exchanges & Data,480.3,524.53,395.22,483.36,481.91,481.54,490.58,482.69,-0.2,3.49,497.06,466.03
MS,Morgan Stanley,Financials,Investment Banking & Brokerage,164.0,166.02,98.35,164.9,162.7,159.83,156.65,135.65,0.2,2.33,167.82,151.84
MOS,Mosaic Company (The),Materials,Fertilizers & Agricultural Chemicals,27.45,37.55,22.47,28.55,29.08,30.48,32.4,31.01,0.0,27.76,35.07,25.9
MSI,Motorola Solutions,Information Technology,Communications Equipment,406.71,499.65,392.79,431.01,438.23,445.61,459.38,436.82,-0.2,15.84,471.13,420.07
MSCI,MSCI Inc.,Financials,Financial Exchanges & Data,588.55,630.0,503.37,575.97,557.56,555.03,562.04,561.85,0.0,0.39,590.85,519.24
NDAQ,"Nasdaq, Inc.",Financials,Financial Exchanges & Data,85.49,96.67,66.01,86.66,87.72,88.45,90.39,84.32,0.0,7.01,91.48,85.43
NTAP,NetApp,Information Technology,"Technology Hardware, Storage & Peripherals",117.78,128.5,75.4,116.11,116.81,118.1,118.71,105.81,-0.2,3.98,122.47,113.72
NFLX,Netflix,Communication Services,Movies & Entertainment,1118.86,1339.13,753.74,1101.07,1130.99,1167.51,1195.57,1121.78,-0.2,14.22,1277.96,1057.09
NEM,Newmont,Materials,Gold,80.97,98.27,36.49,80.18,84.14,86.91,82.15,59.98,0.0,20.09,97.24,76.58
NWSA,News Corp (Class A),Communication Services,Publishing,26.5,31.03,23.89,26.49,26.42,26.51,28.44,28.15,-0.2,3.89,27.53,25.49
NWS,News Corp (Class B),Communication Services,Publishing,30.47,35.06,27.33,30.68,30.35,30.2,32.1,32.16,0.0,3.22,31.45,28.96
NEE,NextEra Energy,Utilities,Multi-Utilities,81.4,86.03,63.11,82.88,83.37,83.72,77.35,71.75,0.2,5.98,86.27,81.17
NKE,"Nike, Inc.",Consumer Discretionary,"Apparel, Accessories & Luxury Goods",64.59,80.35,52.64,66.17,67.47,67.74,71.25,68.64,-0.2,10.03,71.07,64.41
NI,NiSource,Utilities,Multi-Utilities,42.11,44.17,33.77,42.76,43.3,43.31,42.3,40.02,0.0,5.72,44.52,42.1
NDSN,Nordson Corporation,Industrials,Industrial Machinery & Supplies & Components,231.95,260.48,166.29,234.12,235.0,233.61,228.68,212.12,0.0,2.81,238.47,228.77
NSC,Norfolk Southern,Industrials,Rail Transportation,283.38,300.41,204.09,281.31,284.05,288.18,285.63,256.31,0.0,5.72,299.59,276.77
NTRS,Northern Trust,Financials,Asset Management & Custody Banks,128.67,134.6,83.34,127.27,127.0,127.77,129.35,113.81,0.0,3.01,132.54,123.0
NOC,Northrop Grumman,Industrials,Aerospace & Defense,583.45,637.95,427.78,587.61,594.72,606.6,593.98,522.97,0.0,9.62,639.58,573.65
NCLH,Norwegian Cruise Line Holdings,Consumer Discretionary,"Hotels, Resorts & Cruise Lines",22.42,29.07,15.5,22.54,23.05,23.2,24.4,22.07,0.0,8.74,24.38,22.02
NRG,NRG Energy,Utilities,Independent Power Producers & Energy Traders,171.86,178.5,83.06,173.77,169.4,168.06,161.86,135.51,0.0,3.12,177.22,158.88
NUE,Nucor,Materials,Steel,150.05,164.83,102.37,150.07,144.13,139.95,140.65,129.96,0.0,1.81,152.77,127.14
NVDA,Nvidia,Information Technology,Semiconductors,202.49,207.04,94.3,200.99,191.74,188.3,181.92,148.2,0.2,1.25,205.02,171.58
NVR,"NVR, Inc.",Consumer Discretionary,Homebuilding,7210.82,9455.81,6700.0,7337.9,7497.02,7595.91,7942.41,7567.65,-0.2,10.98,8002.57,7188.93
NXPI,NXP Semiconductors,Information Technology,Semiconductors,209.12,242.4,152.09,210.95,215.39,216.96,222.91,210.64,-0.2,10.06,230.16,203.77
ORLY,O’Reilly Automotive,Consumer Discretionary,Automotive Retail,94.44,107.82,76.44,95.24,97.52,99.69,102.8,94.47,0.0,11.81,105.59,93.79
OXY,Occidental Petroleum,Energy,Oil & Gas Exploration & Production,41.2,51.86,35.72,41.12,41.47,42.28,44.76,44.3,-0.2,10.17,45.39,39.18
ODFL,Old Dominion,Industrials,Cargo Ground Transportation,140.42,230.37,134.31,137.32,138.47,138.6,142.99,160.39,0.0,3.17,144.87,132.33
OMC,Omnicom Group,Communication Services,Advertising,75.02,101.44,68.6,76.29,77.89,78.0,77.64,76.23,0.2,8.54,81.43,74.57
ON,ON Semiconductor,Information Technology,Semiconductors,50.08,73.95,31.95,51.36,52.12,51.09,50.25,48.6,0.0,10.22,55.2,46.98
OKE,Oneok,Energy,Oil & Gas Storage & Transportation,67.0,112.93,66.72,67.86,68.47,69.3,71.77,82.27,0.0,8.57,72.74,65.87
ORCL,Oracle Corporation,Information Technology,Application Software,262.61,327.76,122.35,271.41,274.54,285.66,277.78,205.36,0.2,19.41,313.58,257.75
OTIS,Otis Worldwide,Industrials,Industrial Machinery & Supplies & Components,92.76,103.35,84.52,92.4,92.25,91.38,89.83,94.12,0.1,0.95,93.64,89.12
PCAR,Paccar,Industrials,Construction Machinery & Heavy Transportation Equipment,98.4,113.98,85.82,99.14,99.23,97.24,98.56,97.8,-0.2,3.62,101.96,92.52
PKG,Packaging Corporation of America,Materials,Paper & Plastic Packaging Products & Materials,195.76,242.86,173.82,200.27,204.22,206.7,210.99,200.32,-0.4,10.92,217.14,196.27
PLTR,Palantir Technologies,Information Technology,Application Software,200.47,200.47,41.41,194.52,187.63,183.77,174.79,132.49,0.2,-1.25,197.96,169.57
PANW,Palo Alto Networks,Information Technology,Systems Software,220.24,221.38,152.44,219.47,216.81,213.71,204.42,190.9,0.2,1.28,223.06,204.34
PSKY,Paramount Skydance Corporation,Communication Services,Movies & Entertainment,15.39,19.73,10.05,15.9,16.28,16.97,17.06,13.09,-0.2,22.61,18.87,15.06
PH,Parker Hannifin,Industrials,Industrial Machinery & Supplies & Components,772.83,775.03,514.56,772.68,764.08,751.32,754.28,683.87,-0.2,1.92,787.67,714.95
PAYX,Paychex,Industrials,Human Resource & Employment Services,117.03,158.58,117.03,120.14,123.08,124.81,129.51,142.04,-0.2,12.45,131.6,118.01
PAYC,Paycom,Industrials,Human Resource & Employment Services,187.09,265.28,171.14,191.52,196.76,199.08,211.14,222.17,-0.2,12.52,210.51,187.63
PYPL,PayPal,Financials,Transaction & Payment Processing Services,69.27,91.81,57.41,70.03,69.69,70.2,69.05,71.28,-0.1,8.98,75.49,64.91
PNR,Pentair,Industrials,Industrial Machinery & Supplies & Components,106.35,112.34,75.59,107.82,108.62,109.12,109.38,99.37,0.0,5.22,111.9,106.33
PEP,PepsiCo,Consumer Staples,Soft Drinks & Non-alcoholic Beverages,146.09,161.6,125.83,148.51,150.55,148.88,145.56,140.5,-0.2,8.21,158.08,139.67
PFE,Pfizer,Health Care,Pharmaceuticals,24.65,27.37,20.83,24.5,24.62,24.85,24.8,24.21,0.0,5.64,26.04,23.66
PCG,PG&E Corporation,Utilities,Multi-Utilities,15.96,21.5,12.98,16.03,16.29,16.3,15.57,15.68,0.1,5.89,16.9,15.69
PM,Philip Morris International,Consumer Staples,Tobacco,144.33,181.86,114.18,147.98,152.21,154.66,159.25,159.72,-0.2,13.51,163.83,145.48
PSX,Phillips 66,Energy,Oil & Gas Refining & Marketing,136.14,139.46,91.09,136.06,134.14,132.18,132.57,121.25,-0.2,1.66,138.4,125.97
PNW,Pinnacle West Capital,Utilities,Multi-Utilities,88.52,93.78,79.36,89.93,91.19,91.81,89.61,89.73,-0.5,6.82,94.56,89.06
PNC,PNC Financial Services,Financials,Diversified Banks,182.55,207.33,145.61,182.72,182.73,184.39,194.49,182.03,0.0,5.51,192.61,176.18
POOL,Pool Corporation,Consumer Discretionary,Distributors,267.06,385.63,267.06,281.66,289.67,292.55,307.31,313.1,0.0,16.26,310.48,274.61
PPG,PPG Industries,Materials,Specialty Chemicals,97.75,124.51,90.49,101.02,102.08,101.36,105.73,109.31,-0.2,8.53,106.09,96.63
PPL,PPL Corporation,Utilities,Electric Utilities,36.52,37.97,30.58,36.84,37.18,37.3,36.61,34.9,0.0,4.27,38.08,36.51
PFG,Principal Financial Group,Financials,Life & Health Insurance,84.04,86.52,68.21,82.2,80.75,80.9,81.12,79.05,-0.2,0.69,84.62,77.19
PG,Procter & Gamble,Consumer Staples,Personal Care Products,150.37,175.07,146.4,150.37,150.81,149.83,152.96,158.77,0.0,1.79,153.06,146.61
PGR,Progressive Corporation,Financials,Property & Casualty Insurance,206.0,290.89,206.0,209.89,215.27,225.64,237.13,257.58,0.0,21.69,250.68,200.61
PLD,Prologis,Real Estate,Industrial REITs,124.09,127.18,88.13,124.92,125.59,121.34,116.37,109.95,0.0,6.15,131.72,110.97
PRU,Prudential Financial,Financials,Life & Health Insurance,104.0,124.75,92.74,102.39,102.13,102.07,104.18,104.72,0.0,0.56,104.58,99.57
PEG,Public Service Enterprise Group,Utilities,Electric Utilities,80.56,91.66,75.92,81.26,82.39,82.41,82.01,81.56,0.2,6.03,85.42,79.39
PTC,PTC Inc.,Information Technology,Application Software,198.54,216.53,136.74,199.9,202.24,202.2,205.52,181.78,-0.2,4.39,207.26,197.14
PSA,Public Storage,Real Estate,Self-Storage REITs,278.56,337.69,260.94,289.4,298.64,298.47,291.67,289.78,-0.2,13.61,316.47,280.47
PHM,PulteGroup,Consumer Discretionary,Homebuilding,119.87,141.19,91.67,119.64,120.63,122.95,129.39,112.45,-0.2,9.31,131.03,114.86
PWR,Quanta Services,Industrials,Construction & Engineering,449.13,453.83,236.5,446.61,439.17,435.14,407.93,345.87,0.0,1.49,455.82,414.49
QCOM,Qualcomm,Information Technology,Semiconductors,180.9,187.68,123.21,181.11,174.96,169.24,165.65,156.32,0.2,2.33,185.11,153.36
DGX,Quest Diagnostics,Health Care,Health Care Services,175.95,190.41,148.06,177.0,180.66,182.26,182.0,172.64,0.2,8.42,190.76,173.75
RL,Ralph Lauren Corporation,Consumer Discretionary,"Apparel, Accessories & Luxury Goods",319.66,337.57,181.18,327.78,331.1,326.14,315.36,271.75,0.0,6.69,341.05,311.24
RJF,Raymond James Financial,Financials,Investment Banking & Brokerage,158.67,175.92,122.89,159.28,162.07,162.56,166.57,154.84,-0.2,6.05,168.27,156.86
RTX,RTX Corporation,Industrials,Aerospace & Defense,178.5,179.44,112.45,178.04,176.0,168.84,163.26,142.37,0.2,4.48,186.5,151.18
O,Realty Income,Real Estate,Retail REITs,57.98,60.64,49.38,58.77,59.5,59.34,59.2,56.16,0.2,5.16,60.97,57.7
REG,Regency Centers,Real Estate,Retail REITs,68.95,75.5,64.21,70.48,71.45,71.49,71.51,70.8,-0.2,6.98,73.76,69.21
REGN,Regeneron Pharmaceuticals,Health Care,Biotechnology,651.8,918.85,482.34,639.71,609.3,590.71,581.98,595.1,-0.3,0.48,654.93,526.49
RF,Regions Financial Corporation,Financials,Regional Banks,24.2,27.4,17.95,24.2,24.22,24.5,25.88,23.31,0.0,6.61,25.8,23.2
RSG,Republic Services,Industrials,Environmental & Facilities Services,208.24,256.75,195.95,213.49,217.8,220.14,225.31,234.09,-0.2,10.4,229.9,210.38
RMD,ResMed,Health Care,Health Care Equipment,246.88,293.73,203.67,253.71,259.94,267.36,272.07,251.18,-0.2,16.32,287.17,247.55
RVTY,Revvity,Health Care,Health Care Equipment,93.59,126.56,82.44,94.7,95.79,93.76,89.73,98.24,-0.1,6.05,99.25,88.27
HOOD,Robinhood Markets,Financials,Investment Banking & Brokerage,146.78,152.46,23.49,144.35,139.07,139.67,127.08,81.78,0.0,4.68,153.65,125.7
ROK,Rockwell Automation,Industrials,Electrical Components & Equipment,368.36,368.36,217.21,365.14,359.66,352.25,348.19,308.82,0.2,0.67,370.83,333.67
ROL,"Rollins, Inc.",Industrials,Environmental & Facilities Services,57.61,58.74,45.24,56.31,56.4,56.61,56.78,54.92,0.0,1.82,58.66,54.55
ROP,Roper Technologies,Information Technology,Electronic Equipment & Instruments,446.15,591.12,443.4,451.14,474.38,491.97,504.05,546.4,0.0,21.9,543.86,440.09
ROST,Ross Stores,Consumer Discretionary,Apparel Retail,158.92,160.73,122.22,159.35,158.01,155.55,151.8,141.13,0.2,2.17,162.37,148.73
RCL,Royal Caribbean Group,Consumer Discretionary,"Hotels, Resorts & Cruise Lines",286.83,364.72,176.89,292.92,303.56,305.88,324.77,275.43,-0.2,14.83,329.37,282.38
SPGI,S&P Global,Financials,Financial Exchanges & Data,487.21,563.17,436.73,488.43,485.54,483.26,507.63,511.52,-0.2,1.9,496.47,470.07
CRM,Salesforce,Information Technology,Application Software,260.41,365.66,231.26,255.65,256.25,249.48,247.2,270.0,0.1,1.61,264.6,234.35
SBAC,SBA Communications,Real Estate,Telecom Tower REITs,191.48,241.03,187.49,192.75,195.13,193.0,197.07,214.87,0.0,4.9,200.86,185.13
SLB,Schlumberger,Energy,Oil & Gas Equipment & Services,36.06,43.04,31.43,36.25,35.49,34.29,34.83,35.96,0.0,3.8,37.43,31.14
STX,Seagate Technology,Information Technology,"Technology Hardware, Storage & Peripherals",255.88,268.34,65.98,248.63,234.77,228.9,213.29,136.95,0.2,2.18,261.46,196.34
SRE,Sempra,Utilities,Multi-Utilities,91.94,94.01,62.78,92.46,92.4,92.14,87.03,78.16,0.2,2.09,93.86,90.43
NOW,ServiceNow,Information Technology,Systems Software,919.28,1170.39,721.65,929.97,931.39,919.4,921.17,938.84,0.0,3.48,951.27,887.51
SHW,Sherwin-Williams,Materials,Specialty Chemicals,344.94,397.11,312.15,345.82,339.83,336.91,348.45,348.21,0.2,1.32,349.49,324.33
SPG,Simon Property Group,Real Estate,Retail REITs,175.76,187.67,136.92,175.86,177.33,177.46,179.55,166.37,0.0,3.08,181.17,173.76
SWKS,Skyworks Solutions,Information Technology,Semiconductors,77.72,91.19,48.25,78.34,76.81,75.42,75.98,71.07,0.2,3.32,80.3,70.53
SJM,J.M. Smucker Company (The),Consumer Staples,Packaged Foods & Meats,103.55,116.56,93.48,103.34,103.63,104.19,107.02,107.2,0.0,4.03,107.72,100.67
SW,Smurfit Westrock,Materials,Paper & Plastic Packaging Products & Materials,36.92,55.13,36.04,39.46,41.08,41.36,43.32,44.81,-0.2,23.27,45.51,37.21
SNA,Snap-on,Industrials,Industrial Machinery & Supplies & Components,335.55,364.18,288.55,340.05,342.05,339.09,336.18,326.49,-0.2,4.17,349.54,328.63
SOLV,Solventum,Health Care,Health Care Technology,69.04,84.04,63.01,70.2,71.33,71.57,72.41,72.93,-0.2,7.14,73.97,69.17
SO,Southern Company,Utilities,Electric Utilities,94.04,99.72,78.98,94.39,95.61,96.62,94.31,90.18,0.0,6.44,100.1,93.13
LUV,Southwest Airlines,Industrials,Passenger Airlines,30.3,37.49,23.77,30.88,32.11,32.36,32.26,31.27,0.2,15.25,34.92,29.8
SWK,Stanley Black & Decker,Industrials,Industrial Machinery & Supplies & Components,67.72,92.62,54.53,70.04,70.0,69.47,73.21,71.94,0.2,10.2,74.63,64.31
SBUX,Starbucks,Consumer Discretionary,Restaurants,80.87,114.25,78.46,84.17,84.83,83.19,84.43,91.17,0.0,9.04,88.18,78.2
STT,State Street Corporation,Financials,Asset Management & Custody Banks,115.66,118.68,74.25,116.67,115.69,115.31,113.94,100.71,0.0,3.08,119.22,111.4
STLD,Steel Dynamics,Materials,Steel,156.8,163.47,108.4,159.51,154.99,149.69,140.88,130.57,0.2,3.96,163.01,136.37
STE,Steris,Health Care,Health Care Equipment,235.7,252.43,200.94,238.16,240.0,239.52,243.8,232.27,-0.2,3.71,244.44,234.59
SYK,Stryker Corporation,Health Care,Health Care Equipment,356.24,402.61,335.89,370.89,376.86,373.13,377.72,378.86,-0.4,9.09,388.62,357.62
SMCI,Supermicro,Information Technology,"Technology Hardware, Storage & Peripherals",51.96,60.71,18.01,51.79,51.75,53.23,48.3,43.26,0.0,12.43,58.42,48.04
SYF,Synchrony Financial,Financials,Consumer Finance,74.38,76.86,43.38,74.17,73.82,72.38,73.76,64.08,-0.2,2.15,75.98,68.78
SNPS,Synopsys,Information Technology,Application Software,453.82,645.35,380.9,454.87,456.13,457.28,494.23,501.72,-0.2,7.33,487.09,427.48
SYY,Sysco,Consumer Staples,Food Distributors,74.28,82.73,67.09,75.43,77.04,78.18,79.77,74.94,-0.4,10.43,82.03,74.34
TMUS,T-Mobile US,Communication Services,Wireless Telecommunication Services,210.05,270.87,209.08,215.28,220.07,223.59,235.09,242.05,-0.2,12.19,235.66,211.53
TROW,T. Rowe Price,Financials,Asset Management & Custody Banks,102.53,118.63,78.24,103.61,103.53,104.21,104.7,98.75,0.0,4.43,107.07,101.34
TTWO,Take-Two Interactive,Communication Services,Interactive Home Entertainment,256.37,262.29,161.72,253.34,255.45,256.76,250.07,226.83,0.0,2.71,263.32,250.19
TPR,"Tapestry, Inc.",Consumer Discretionary,"Apparel, Accessories & Luxury Goods",109.82,117.14,46.13,112.44,114.06,114.51,110.46,89.34,0.0,8.59,119.25,109.77
TRGP,Targa Resources,Energy,Oil & Gas Storage & Transportation,154.04,213.93,146.3,152.69,153.08,154.51,161.28,173.04,0.0,7.67,165.85,143.17
TGT,Target Corporation,Consumer Staples,Consumer Staples Merchandise Retail,92.72,150.74,85.53,94.93,94.31,91.72,91.42,101.64,0.1,5.59,97.9,85.55
TEL,TE Connectivity,Information Technology,Electronic Manufacturing Services,247.01,247.01,121.04,240.9,235.75,228.7,218.94,174.59,0.2,-0.44,245.92,211.47
TDY,Teledyne Technologies,Information Technology,Electronic Equipment & Instruments,526.82,593.62,435.54,522.76,537.19,555.73,557.07,516.71,-0.2,14.75,604.53,506.91
TER,Teradyne,Information Technology,Semiconductor Materials & Equipment,181.76,181.76,67.79,164.89,153.51,146.98,133.15,103.94,0.2,-4.37,173.82,120.14
TSLA,"Tesla, Inc.",Consumer Discretionary,Automobile Manufacturers,456.56,479.86,221.86,454.23,448.28,441.26,410.64,337.05,-0.2,1.73,464.46,418.04
TXN,Texas Instruments,Information Technology,Semiconductors,161.46,219.66,143.34,163.71,169.1,172.93,182.02,183.64,-0.2,15.23,186.05,159.8
TPL,Texas Pacific Land Corporation,Energy,Oil & Gas Exploration & Production,943.38,1720.9,853.36,928.14,929.59,929.33,925.41,1131.07,-0.1,2.79,969.7,888.95
TXT,Textron,Industrials,Aerospace & Defense,80.81,88.01,60.69,80.13,80.93,82.26,82.37,76.99,-0.2,7.12,86.56,77.95
TMO,Thermo Fisher Scientific,Health Care,Life Sciences Tools & Services,567.39,605.06,389.91,560.67,561.68,547.48,510.7,478.65,0.0,2.14,579.53,515.39
TJX,TJX Companies,Consumer Discretionary,Apparel Retail,140.14,145.16,110.99,142.28,142.6,142.42,140.97,128.74,0.0,3.86,145.55,139.3
TKO,TKO Group Holdings,Communication Services,Movies & Entertainment,188.4,205.33,115.43,187.55,187.14,189.1,192.97,168.81,0.0,4.1,196.12,182.08
TTD,Trade Desk (The),Communication Services,Advertising,50.28,139.51,43.93,50.9,52.09,52.05,50.46,67.79,0.1,10.1,55.36,48.74
TSCO,Tractor Supply,Consumer Discretionary,Other Specialty Retail,54.11,62.65,47.62,54.87,55.19,54.96,57.55,54.76,0.2,4.55,56.57,53.35
TT,Trane Technologies,Industrials,Building Products,448.65,471.46,313.81,435.43,426.99,423.7,417.23,397.77,0.2,-1.36,442.55,404.83
TDG,TransDigm Group,Industrials,Aerospace & Defense,1308.51,1516.55,1152.5,1324.05,1327.46,1302.43,1297.62,1314.43,-0.1,4.48,1367.13,1237.73
TRV,Travelers Companies (The),Financials,Property & Casualty Insurance,268.62,284.97,229.61,269.2,268.81,271.11,273.65,261.17,0.0,5.48,283.34,258.87
TRMB,Trimble Inc.,Information Technology,Electronic Equipment & Instruments,79.75,85.24,55.12,79.93,79.91,79.18,80.25,74.41,0.0,2.91,82.07,76.29
TFC,Truist Financial,Financials,Diversified Banks,44.63,47.07,33.92,44.37,44.05,43.78,45.02,42.38,0.0,2.46,45.73,41.83
TYL,Tyler Technologies,Information Technology,Application Software,476.26,646.74,476.26,490.42,501.9,502.31,524.95,565.4,-0.4,10.86,527.98,476.63
TSN,Tyson Foods,Consumer Staples,Packaged Foods & Meats,51.41,62.84,50.72,51.55,51.85,52.27,54.02,55.92,-0.2,4.9,53.93,50.61
USB,U.S. Bancorp,Financials,Diversified Banks,46.68,51.35,35.62,47.05,47.33,46.95,47.86,44.42,0.2,3.9,48.5,45.4
UBER,Uber,Industrials,Passenger Ground Transportation,96.5,100.1,59.93,96.12,94.82,95.12,95.61,85.08,-0.2,3.03,99.42,90.83
UDR,"UDR, Inc.",Real Estate,Multi-Family Residential REITs,33.69,44.54,33.56,34.39,35.39,35.66,36.78,39.59,-0.2,11.34,37.51,33.81
ULTA,Ulta Beauty,Consumer Discretionary,Other Specialty Retail,519.88,566.91,314.47,515.44,518.83,534.07,531.78,449.41,0.0,9.62,569.89,498.25
UNP,Union Pacific Corporation,Industrials,Rail Transportation,220.37,249.94,205.73,218.28,220.71,224.74,224.31,226.9,-0.1,7.14,236.1,213.37
UAL,United Airlines Holdings,Industrials,Passenger Airlines,94.04,110.52,56.15,95.42,96.98,98.17,101.17,88.58,0.0,10.36,103.78,92.55
UPS,United Parcel Service,Industrials,Air Freight & Logistics,96.42,130.93,82.58,94.89,91.08,88.06,86.31,97.49,-0.1,0.48,96.88,79.24
URI,United Rentals,Industrials,Trading Companies & Distributors,871.18,1020.0,549.5,875.38,919.86,954.02,952.23,775.63,0.0,21.65,1059.79,848.28
UNH,UnitedHealth Group,Health Care,Managed Health Care,341.56,611.98,236.28,355.08,358.97,359.86,342.87,382.28,-0.1,9.45,373.84,345.88
UHS,Universal Health Services,Health Care,Health Care Facilities,217.01,225.3,154.78,218.87,213.81,208.65,197.93,183.63,0.2,2.72,222.91,194.38
VLO,Valero Energy,Energy,Oil & Gas Refining & Marketing,169.56,175.63,102.97,170.8,167.79,164.29,161.92,138.08,0.2,3.34,175.22,153.35
VTR,Ventas,Real Estate,Health Care REITs,73.79,74.36,55.68,71.91,71.21,69.9,68.77,65.54,0.4,-0.3,73.57,66.24
VLTO,Veralto,Industrials,Environmental & Facilities Services,98.68,109.64,85.14,101.04,102.63,102.8,104.95,100.75,-0.4,7.91,106.49,99.11
VRSN,Verisign,Information Technology,Internet Services & Infrastructure,239.8,305.1,175.69,239.16,247.88,256.5,270.53,261.11,-0.2,16.9,280.33,232.66
VRSK,Verisk Analytics,Industrials,Research & Consulting Services,218.76,320.32,208.0,222.03,228.97,234.97,248.4,282.45,-0.2,16.46,254.77,215.18
VZ,Verizon,Communication Services,Integrated Telecommunication Services,39.74,44.3,36.0,39.49,39.56,39.96,41.81,41.43,-0.2,4.0,41.33,38.59
VRTX,Vertex Pharmaceuticals,Health Care,Biotechnology,425.57,516.74,366.54,421.05,422.11,416.55,401.79,445.66,0.1,1.15,430.46,402.64
VTRS,Viatris,Health Care,Pharmaceuticals,10.36,12.87,7.08,10.34,10.35,10.17,10.13,9.36,0.0,2.03,10.57,9.78
VICI,Vici Properties,Real Estate,Hotel & Resort REITs,29.99,33.46,27.08,30.11,30.68,30.97,31.95,31.27,-0.2,7.6,32.27,29.66
V,Visa Inc.,Financials,Transaction & Payment Processing Services,340.74,372.65,287.83,344.35,345.21,345.52,344.79,345.35,0.1,3.62,353.07,337.96
VST,Vistra Corp.,Utilities,Electric Utilities,188.3,217.92,97.84,193.45,192.67,198.89,199.44,169.37,0.0,14.2,215.04,182.75
VMC,Vulcan Materials Company,Materials,Construction Materials,289.5,309.07,219.65,291.81,293.06,297.57,296.56,268.9,0.2,6.59,308.58,286.56
WRB,W. R. Berkley Corporation,Financials,Property & Casualty Insurance,71.34,78.46,56.03,72.43,73.59,75.18,74.04,69.07,0.0,11.7,79.69,70.68
GWW,W. W. Grainger,Industrials,Industrial Machinery & Supplies & Components,979.0,1212.97,915.74,967.2,967.89,962.14,979.38,1013.38,-0.2,0.31,982.03,942.25
WAB,Wabtec,Industrials,Construction Machinery & Heavy Transportation Equipment,204.44,214.1,159.81,201.49,198.96,197.46,195.03,194.05,0.2,-0.08,204.28,190.65
WMT,Walmart,Consumer Staples,Consumer Staples Merchandise Retail,101.18,109.03,80.6,102.7,104.7,104.6,102.47,97.11,0.0,8.14,109.42,99.77
DIS,Walt Disney Company (The),Communication Services,Movies & Entertainment,112.62,124.01,81.37,111.74,112.27,111.69,114.13,109.82,0.0,1.32,114.11,109.27
WBD,Warner Bros. Discovery,Communication Services,Broadcasting,22.45,22.45,7.69,21.49,20.9,19.5,17.39,12.17,0.0,1.29,22.74,16.27
WM,Waste Management,Industrials,Environmental & Facilities Services,199.77,240.36,197.53,203.17,209.34,213.15,217.19,224.56,-0.2,13.34,226.42,199.88
WAT,Waters Corporation,Health Care,Life Sciences Tools & Services,349.6,417.28,277.72,346.73,348.99,339.82,316.55,340.87,-0.1,3.2,360.79,318.83
WEC,WEC Energy Group,Utilities,Electric Utilities,111.73,117.5,89.8,114.16,115.4,115.46,111.97,106.25,-0.4,6.03,118.47,112.45
WFC,Wells Fargo,Financials,Diversified Banks,86.97,87.01,60.29,86.57,85.84,83.73,82.7,76.7,0.0,3.01,89.59,77.88
WELL,Welltower,Real Estate,Health Care REITs,181.04,182.61,122.12,180.24,178.4,174.46,171.52,155.3,0.2,1.67,184.06,164.84
WST,West Pharmaceutical Services,Health Care,Health Care Supplies,282.07,347.02,190.04,283.24,285.22,275.19,263.03,243.12,0.2,6.26,299.73,250.67
WDC,Western Digital,Information Technology,"Technology Hardware, Storage & Peripherals",150.21,150.21,30.45,136.26,129.99,125.3,110.12,67.38,0.2,-5.04,142.64,107.95
WY,Weyerhaeuser,Real Estate,Timber REITs,23.0,31.52,23.0,23.49,23.58,23.85,24.63,26.39,-0.2,7.83,24.8,22.91
WSM,"Williams-Sonoma, Inc.",Consumer Discretionary,Homefurnishing Retail,194.34,215.07,127.2,196.12,192.65,190.6,194.54,179.78,-0.2,2.52,199.24,181.96
WMB,Williams Companies,Energy,Oil & Gas Storage & Transportation,57.87,64.48,49.82,57.55,59.17,61.11,60.16,58.04,0.0,14.39,66.2,56.02
WTW,Willis Towers Watson,Financials,Insurance Brokers,313.1,349.93,290.25,318.97,324.88,332.19,333.79,320.44,0.2,12.51,352.27,312.11
WDAY,"Workday, Inc.",Information Technology,Application Software,239.92,279.91,210.47,236.0,239.57,237.36,234.29,242.04,-0.3,2.63,246.23,228.5
WYNN,Wynn Resorts,Consumer Discretionary,Casinos & Gaming,118.99,133.34,65.78,121.18,121.93,120.61,123.14,98.86,0.0,7.08,127.41,113.82
XEL,Xcel Energy,Utilities,Multi-Utilities,81.17,81.85,61.02,80.59,80.64,80.92,76.83,70.58,0.0,1.18,82.13,79.7
XYL,Xylem Inc.,Industrials,Industrial Machinery & Supplies & Components,150.85,152.95,102.25,151.05,149.11,147.88,144.73,130.42,0.2,1.05,152.43,143.33
YUM,Yum! Brands,Consumer Discretionary,Restaurants,138.21,160.96,121.48,140.11,143.43,143.89,146.37,145.55,0.0,8.7,150.23,137.53
ZBRA,Zebra Technologies,Information Technology,Electronic Equipment & Instruments,269.25,421.11,213.54,277.25,291.93,292.57,303.96,304.99,-0.2,19.8,322.56,262.57
ZBH,Zimmer Biomet,Health Care,Health Care Equipment,100.56,112.61,89.76,100.82,101.97,100.13,101.35,100.18,-0.2,4.68,105.27,95.0
ZTS,Zoetis,Health Care,Pharmaceuticals,144.09,180.54,141.11,145.01,145.57,144.35,147.16,156.12,0.2,2.51,147.71,140.99
