Symbol,Company,GICS_Sector,GICS_Sub_Industry,Current_Price,52_Week_High,52_Week_Low,SMA5,SMA10,SMA20,SMA50,SMA200,Score,Target%,Target_Price
MMM,3M,Industrials,Industrial Conglomerates,152.39,160.2,122.88,156.48,153.62,151.79,150.9,142.15,0.2,4.35,159.02
AOS,A. O. Smith,Industrials,Building Products,72.21,88.84,59.04,72.05,71.29,71.12,68.06,67.89,0.4,1.61,73.37
ABT,Abbott Laboratories,Health Care,Health Care Equipment,131.75,138.95,107.82,130.56,131.07,128.76,131.13,125.5,0.2,1.74,134.04
ABBV,AbbVie,Health Care,Biotechnology,206.69,212.84,160.57,202.02,199.91,194.8,190.32,185.54,0.4,-0.07,206.55
AMD,Advanced Micro Devices,Information Technology,Semiconductors,177.51,184.42,78.21,178.02,174.95,171.35,150.05,124.43,0.2,5.65,187.54
AES,AES Corporation,Utilities,Independent Power Producers & Energy Traders,13.31,19.11,9.5,13.0,13.0,13.19,12.06,11.64,0.2,3.83,13.82
ALLE,Allegion,Industrials,Building Products,167.17,169.62,118.08,167.24,166.03,163.48,151.59,137.74,0.2,3.83,173.57
LNT,Alliant Energy,Utilities,Electric Utilities,64.62,66.34,54.66,64.97,65.48,64.99,62.48,60.52,0.2,2.94,66.52
ALL,Allstate,Financials,Property & Casualty Insurance,206.78,211.62,174.73,207.51,206.69,201.29,198.61,195.89,0.4,3.21,213.42
GOOGL,Alphabet Inc. (Class A),Communication Services,Interactive Media & Services,203.9,205.89,144.53,202.63,199.69,195.99,184.04,176.52,0.2,0.75,205.43
GOOG,Alphabet Inc. (Class C),Communication Services,Interactive Media & Services,204.91,207.22,146.4,203.51,200.49,196.85,185.02,178.03,0.2,0.64,206.22
MO,Altria,Consumer Staples,Tobacco,65.82,66.01,46.47,65.71,64.39,62.24,60.17,55.49,0.2,2.19,67.26
AMZN,Amazon,Consumer Discretionary,Broadline Retail,231.03,242.06,167.32,225.87,222.29,225.72,221.14,211.3,0.4,3.35,238.77
AEP,American Electric Power,Utilities,Electric Utilities,111.99,114.06,87.97,112.39,112.62,111.03,105.94,100.39,0.2,3.03,115.38
AXP,American Express,Financials,Consumer Finance,305.47,328.13,230.81,303.9,300.24,302.72,306.3,291.58,0.4,2.74,313.84
AIG,American International Group,Financials,Multi-line Insurance,80.01,87.26,69.3,79.46,78.78,78.95,81.87,78.64,0.2,1.75,81.41
AMT,American Tower,Real Estate,Telecom Tower REITs,206.12,235.15,170.7,204.89,207.29,214.56,217.06,204.1,0.2,13.8,234.56
AWK,American Water Works,Utilities,Water Utilities,143.92,150.19,118.87,143.57,143.4,142.08,140.98,135.63,0.2,1.92,146.68
AME,Ametek,Industrials,Electrical Components & Equipment,181.36,196.4,151.15,184.1,183.97,181.99,180.44,179.63,0.4,3.42,187.56
AMGN,Amgen,Health Care,Biotechnology,296.47,329.11,254.27,289.23,290.58,296.49,293.09,287.08,0.2,5.52,312.84
APH,Amphenol,Information Technology,Electronic Components,109.21,111.85,58.99,110.29,109.6,107.0,100.75,78.92,0.2,3.47,113.0
ADI,Analog Devices,Information Technology,Semiconductors,231.63,245.68,163.85,232.32,227.24,228.48,232.98,215.81,0.6,3.64,240.06
AMAT,Applied Materials,Information Technology,Semiconductor Materials & Equipment,161.76,212.29,126.59,182.57,182.1,184.48,183.53,169.59,0.2,22.14,197.57
APTV,Aptiv,Consumer Discretionary,Automotive Parts & Equipment,74.18,74.72,47.92,72.33,68.91,69.02,69.1,62.63,0.2,1.52,75.31
ADM,Archer Daniels Midland,Consumer Staples,Agricultural Products & Services,59.75,60.56,41.37,59.15,58.01,56.45,54.21,50.01,0.4,1.09,60.4
ANET,Arista Networks,Information Technology,Communications Equipment,137.3,141.25,64.37,138.14,134.64,125.41,109.95,100.08,0.4,7.59,147.72
T,AT&T,Communication Services,Integrated Telecommunication Services,28.87,28.87,18.23,28.53,28.17,27.89,27.78,25.38,0.4,-0.35,28.77
ATO,Atmos Energy,Utilities,Gas Utilities,165.37,166.98,125.69,165.85,162.93,159.84,156.03,149.06,0.4,1.64,168.08
ADSK,Autodesk,Information Technology,Application Software,286.73,321.27,238.84,285.03,291.57,296.75,298.68,290.32,0.2,9.07,312.74
AZO,AutoZone,Consumer Discretionary,Automotive Retail,4006.91,4072.8,2981.19,4014.66,4022.06,3914.92,3772.47,3527.06,0.4,3.38,4142.34
AVY,Avery Dennison,Materials,Paper & Plastic Packaging Products & Materials,174.78,219.16,158.75,175.69,172.24,173.38,176.68,182.3,0.2,4.79,183.15
BALL,Ball Corporation,Materials,"Metal, Glass & Plastic Containers",53.85,67.18,44.77,53.91,54.21,56.37,56.57,54.48,0.2,13.63,61.19
BAC,Bank of America,Financials,Diversified Banks,46.94,48.93,34.19,47.11,46.33,47.03,46.59,44.01,0.2,4.86,49.22
BRK-B,Berkshire Hathaway,Financials,Multi-Sector Holdings,477.2,539.8,438.47,473.77,468.79,473.34,479.51,485.79,0.2,2.19,487.65
BLK,BlackRock,Financials,Asset Management & Custody Banks,1135.01,1160.16,811.42,1148.55,1132.68,1121.7,1069.73,994.89,0.4,2.21,1160.09
BX,Blackstone Inc.,Financials,Asset Management & Custody Banks,171.62,194.8,118.51,173.35,171.08,171.86,157.99,157.51,0.2,4.17,178.78
BK,BNY Mellon,Financials,Asset Management & Custody Banks,101.0,103.61,62.64,102.63,102.28,101.24,95.36,84.61,0.2,3.39,104.42
BA,Boeing,Industrials,Aerospace & Defense,235.26,236.41,136.59,232.08,228.91,228.86,219.59,183.49,0.4,1.08,237.8
BKNG,Booking Holdings,Consumer Discretionary,"Hotels, Resorts & Cruise Lines",5454.29,5815.92,3545.02,5442.55,5452.1,5538.25,5562.06,5066.44,0.2,5.89,5775.55
BSX,Boston Scientific,Health Care,Health Care Equipment,103.17,107.76,76.42,103.04,103.59,104.62,103.56,98.77,0.2,4.6,107.92
AVGO,Broadcom,Information Technology,Semiconductors,306.34,312.83,135.46,308.68,304.44,297.52,277.78,220.08,0.2,3.15,315.99
BR,Broadridge Financial Solutions,Industrials,Data Processing & Outsourced Services,260.6,266.89,204.4,261.5,262.06,254.75,245.52,235.04,0.4,4.41,272.09
BG,Bunge Global,Consumer Staples,Agricultural Products & Services,81.78,98.79,67.82,82.37,82.15,79.74,79.06,78.09,0.4,4.26,85.26
CHRW,C.H. Robinson,Industrials,Air Freight & Logistics,121.24,121.52,86.41,119.75,118.24,110.64,101.95,100.08,0.2,5.91,128.41
CDNS,Cadence Design Systems,Information Technology,Application Software,349.88,371.03,231.64,350.12,354.25,347.72,324.21,296.88,0.2,8.57,379.86
COF,Capital One,Financials,Consumer Finance,215.43,220.48,134.31,215.22,212.45,213.06,210.02,189.67,0.2,2.45,220.71
CAH,Cardinal Health,Health Care,Health Care Distributors,149.61,167.63,104.71,150.38,153.62,155.39,159.06,136.38,0.2,8.78,162.75
CARR,Carrier Global,Industrials,Building Products,65.4,81.67,55.21,65.76,66.02,70.4,72.12,69.09,0.2,25.12,81.83
CBOE,Cboe Global Markets,Financials,Financial Exchanges & Data,247.63,253.24,189.73,247.71,248.84,245.54,236.01,216.24,0.2,2.79,254.54
CBRE,CBRE Group,Real Estate,Real Estate Services,158.93,159.66,110.49,157.35,156.49,152.89,143.36,134.54,0.2,3.4,164.33
COR,Cencora,Health Care,Health Care Distributors,292.82,303.43,217.68,291.28,288.7,289.19,291.89,265.42,0.2,1.47,297.12
SCHW,Charles Schwab Corporation,Financials,Investment Banking & Brokerage,96.11,98.69,60.96,97.16,96.8,96.67,92.75,82.15,0.2,2.79,98.79
CVX,Chevron Corporation,Energy,Integrated Oil & Gas,156.55,166.48,132.12,155.09,154.05,153.7,149.74,148.52,0.4,0.87,157.91
CB,Chubb Limited,Financials,Property & Casualty Insurance,274.21,301.45,256.04,273.15,271.14,270.4,278.26,279.76,0.2,1.1,277.23
CI,Cigna,Health Care,Health Care Services,296.86,361.79,262.23,286.36,278.5,284.33,301.95,306.77,0.2,4.46,310.1
CINF,Cincinnati Financial,Financials,Property & Casualty Insurance,151.06,157.35,125.84,152.1,151.63,150.36,148.37,143.65,0.2,2.43,154.73
C,Citigroup,Financials,Diversified Banks,93.69,95.74,55.59,94.37,93.16,93.55,87.14,74.98,0.2,3.1,96.59
CFG,Citizens Financial Group,Financials,Regional Banks,48.28,49.45,33.59,48.22,47.68,48.07,45.63,42.91,0.2,3.09,49.77
CMS,CMS Energy,Utilities,Multi-Utilities,72.3,74.4,63.54,72.82,73.29,72.78,70.74,69.17,0.2,3.03,74.49
KO,Coca-Cola Company (The),Consumer Staples,Soft Drinks & Non-alcoholic Beverages,69.92,73.38,59.94,70.28,69.97,69.49,69.99,67.26,0.2,1.64,71.07
CPRT,Copart,Industrials,Diversified Support Services,47.08,63.84,45.33,47.1,46.72,46.45,47.61,55.12,0.2,1.08,47.59
GLW,Corning Inc.,Information Technology,Electronic Components,65.44,65.77,38.65,65.53,64.88,61.45,55.65,49.37,0.2,7.27,70.2
COST,Costco,Consumer Staples,Consumer Staples Merchandise Retail,972.04,1073.97,858.31,981.25,973.23,955.42,972.51,969.58,0.2,2.6,997.31
CRWD,CrowdStrike,Information Technology,Systems Software,427.9,514.1,246.39,429.42,434.49,449.56,471.44,403.35,0.2,13.52,485.75
CCI,Crown Castle,Real Estate,Telecom Tower REITs,101.69,115.16,82.06,102.13,103.88,106.38,103.37,97.72,0.2,11.25,113.13
CSX,CSX Corporation,Industrials,Rail Transportation,36.32,36.46,26.58,35.96,35.76,35.49,33.95,32.16,0.2,0.36,36.45
CMI,Cummins,Industrials,Construction Machinery & Heavy Transportation Equipment,399.42,406.8,265.61,399.68,388.65,375.56,347.55,339.88,0.2,2.59,409.76
CVS,CVS Health,Health Care,Health Care Services,68.6,68.83,42.33,66.32,64.91,62.95,64.36,59.72,0.6,-0.87,68.0
DRI,Darden Restaurants,Consumer Discretionary,Restaurants,207.35,224.21,136.57,205.4,204.99,204.8,211.24,192.72,0.4,0.9,209.22
DDOG,Datadog,Information Technology,Application Software,127.25,168.65,87.0,127.65,131.46,138.53,135.1,127.41,0.4,22.09,155.36
DELL,Dell Technologies,Information Technology,"Technology Hardware, Storage & Peripherals",138.28,142.14,70.88,139.25,135.66,132.86,125.16,112.43,0.2,2.94,142.35
DLR,Digital Realty,Real Estate,Data Center REITs,166.9,191.46,135.17,167.94,169.54,173.45,173.61,167.6,0.2,9.23,182.3
DG,Dollar General,Consumer Staples,Consumer Staples Merchandise Retail,112.77,121.87,67.66,114.6,114.01,110.68,111.86,88.55,0.4,4.77,118.15
DLTR,Dollar Tree,Consumer Staples,Consumer Staples Merchandise Retail,113.49,117.16,61.21,114.37,115.29,114.82,106.54,82.05,0.2,3.08,116.99
D,Dominion Energy,Utilities,Multi-Utilities,61.14,62.1,49.07,61.44,61.4,59.99,57.71,55.08,0.4,3.06,63.01
DASH,DoorDash,Consumer Discretionary,Specialized Consumer Services,248.0,270.99,123.56,254.01,257.16,251.12,239.39,197.81,0.2,7.8,267.34
DHI,D. R. Horton,Consumer Discretionary,Homebuilding,165.62,194.88,114.44,161.66,157.97,151.44,137.7,137.23,0.2,1.54,168.17
DTE,DTE Energy,Utilities,Multi-Utilities,138.92,141.49,114.13,140.03,140.01,139.05,135.34,128.44,0.2,2.07,141.8
DUK,Duke Energy,Utilities,Electric Utilities,122.45,124.85,102.96,123.63,123.74,121.45,118.04,113.72,0.2,3.33,126.53
ETN,Eaton Corporation,Industrials,Electrical Components & Equipment,351.03,392.76,245.66,357.41,360.94,372.59,357.29,328.49,0.2,14.14,400.67
EBAY,eBay Inc.,Consumer Discretionary,Broadline Retail,100.7,100.77,54.55,98.46,95.51,89.01,81.64,69.6,0.2,3.74,104.47
ECL,Ecolab,Materials,Specialty Chemicals,280.83,281.83,225.1,278.55,273.49,269.95,268.3,253.29,0.2,0.59,282.49
EA,Electronic Arts,Communication Services,Interactive Home Entertainment,174.67,179.01,116.21,177.22,170.02,161.72,155.95,147.75,0.4,4.09,181.81
ELV,Elevance Health,Health Care,Managed Health Care,309.57,553.55,274.66,296.54,288.78,286.91,332.56,382.82,0.4,-1.53,304.83
EMR,Emerson Electric,Industrials,Electrical Components & Equipment,131.75,149.04,93.37,132.79,134.39,139.96,135.64,122.15,0.2,15.83,152.61
ETR,Entergy,Utilities,Electric Utilities,89.12,91.02,56.86,90.04,90.05,88.95,84.64,80.28,0.2,2.94,91.74
EQT,EQT Corporation,Energy,Oil & Gas Exploration & Production,52.85,60.26,31.07,51.89,51.67,52.28,55.06,50.38,0.2,2.38,54.11
EFX,Equifax,Industrials,Research & Consulting Services,247.72,305.2,205.11,245.94,243.54,244.1,254.97,254.02,0.2,2.72,254.46
EL,Estée Lauder Companies (The),Consumer Staples,Personal Care Products,90.97,99.31,49.8,91.31,91.21,90.8,84.21,72.46,0.2,4.47,95.04
EXC,Exelon,Utilities,Electric Utilities,44.58,46.54,35.25,44.76,44.76,44.23,43.25,41.42,0.4,2.13,45.53
EXE,Expand Energy,Energy,Oil & Gas Exploration & Production,95.13,120.67,68.08,95.2,97.15,98.01,106.3,101.97,0.2,7.95,102.69
EXPE,Expedia Group,Consumer Discretionary,"Hotels, Resorts & Cruise Lines",207.44,209.68,128.45,204.03,195.5,190.4,180.15,175.68,0.4,0.8,209.1
EXPD,Expeditors International,Industrials,Air Freight & Logistics,119.86,129.72,102.14,119.93,118.68,116.74,115.54,114.42,0.2,1.77,121.98
XOM,ExxonMobil,Energy,Integrated Oil & Gas,106.49,121.0,98.11,105.9,105.84,107.67,108.85,108.25,0.2,5.13,111.95
FFIV,"F5, Inc.",Information Technology,Communications Equipment,315.34,326.47,191.36,320.84,320.42,311.24,301.19,275.76,0.4,5.05,331.26
FAST,Fastenal,Industrials,Trading Companies & Distributors,48.88,49.21,32.06,48.61,47.61,47.12,44.39,40.04,0.2,1.08,49.41
FIS,Fidelity National Information Services,Financials,Transaction & Payment Processing Services,70.83,89.62,67.79,71.36,71.91,76.33,78.85,78.22,0.2,21.42,86.0
FITB,Fifth Third Bancorp,Financials,Regional Banks,42.48,47.14,33.02,42.43,41.9,42.14,41.45,40.94,0.4,2.54,43.56
FSLR,First Solar,Information Technology,Semiconductors,199.95,255.75,120.38,186.34,185.72,183.23,171.27,165.43,0.6,-3.52,192.91
FE,FirstEnergy,Utilities,Electric Utilities,43.47,43.95,37.17,43.6,43.42,42.4,40.83,40.04,0.4,2.71,44.65
F,Ford Motor Company,Consumer Discretionary,Automobile Manufacturers,11.44,11.75,8.45,11.34,11.18,11.1,10.95,9.99,0.4,0.87,11.54
FTNT,Fortinet,Information Technology,Systems Software,79.11,114.57,72.79,77.75,82.98,93.24,99.28,98.62,0.2,49.18,118.02
FOXA,Fox Corporation (Class A),Communication Services,Broadcasting,58.36,59.89,38.55,57.6,56.2,56.09,55.64,51.78,0.2,1.44,59.2
FOX,Fox Corporation (Class B),Communication Services,Broadcasting,53.39,54.58,35.86,52.51,51.24,51.33,51.02,48.16,0.2,1.5,54.19
BEN,Franklin Resources,Financials,Asset Management & Custody Banks,25.33,26.03,16.43,25.59,25.34,24.9,23.99,20.85,0.2,2.57,25.98
FCX,Freeport-McMoRan,Materials,Copper,42.36,51.16,28.93,42.2,41.4,42.28,42.86,39.85,0.4,9.23,46.27
GRMN,Garmin,Consumer Discretionary,Consumer Electronics,232.34,239.99,159.72,233.18,231.11,229.95,218.02,209.24,0.2,3.78,241.12
GEN,Gen Digital,Information Technology,Systems Software,31.47,32.16,23.4,31.55,30.27,30.21,29.87,28.12,0.4,2.92,32.39
GNRC,Generac,Industrials,Electrical Components & Equipment,198.8,202.85,101.92,199.2,197.34,180.67,155.91,148.03,0.2,11.78,222.22
GD,General Dynamics,Industrials,Aerospace & Defense,313.69,317.49,239.38,315.19,314.44,312.33,297.78,274.96,0.2,2.91,322.82
GM,General Motors,Consumer Discretionary,Automobile Manufacturers,56.31,59.72,42.35,55.3,54.08,53.26,51.57,50.2,0.4,0.25,56.45
GPC,Genuine Parts Company,Consumer Discretionary,Distributors,137.8,140.16,104.68,136.36,134.61,133.03,127.06,120.76,0.4,1.19,139.44
GILD,Gilead Sciences,Health Care,Biotechnology,118.37,120.47,71.47,119.6,116.5,114.69,111.87,102.28,0.4,3.08,122.02
GL,Globe Life,Financials,Life & Health Insurance,135.43,143.27,93.15,138.36,139.29,136.18,126.89,119.68,0.2,9.89,148.82
GS,Goldman Sachs,Financials,Investment Banking & Brokerage,730.72,747.2,459.93,737.05,729.79,724.48,691.95,604.94,0.2,2.35,747.89
HIG,Hartford (The),Financials,Property & Casualty Insurance,130.56,131.34,105.42,130.04,128.82,126.01,125.11,118.75,0.4,1.31,132.27
HAS,Hasbro,Consumer Discretionary,Leisure Products,81.14,81.14,50.19,79.57,78.36,77.2,74.46,63.73,0.4,-0.52,80.72
HCA,HCA Healthcare,Health Care,Health Care Facilities,395.79,412.92,295.46,390.62,380.12,364.84,370.91,342.18,0.2,1.54,401.89
HSY,Hershey Company (The),Consumer Staples,Packaged Foods & Meats,177.99,196.72,141.22,176.96,181.74,182.54,173.51,166.42,0.2,7.58,191.48
HPE,Hewlett Packard Enterprise,Information Technology,"Technology Hardware, Storage & Peripherals",21.16,24.05,12.42,21.19,20.72,20.67,19.86,19.19,0.4,2.08,21.6
HLT,Hilton Worldwide,Consumer Discretionary,"Hotels, Resorts & Cruise Lines",267.73,278.65,201.16,268.15,264.75,267.3,263.96,248.83,0.2,3.5,277.1
HON,Honeywell,Industrials,Industrial Conglomerates,216.77,239.16,180.99,216.73,217.2,221.45,226.42,216.85,0.2,8.25,234.65
HST,Host Hotels & Resorts,Real Estate,Hotel & Resort REITs,15.72,18.25,12.54,15.77,15.59,15.9,15.84,15.81,0.6,6.81,16.79
HBAN,Huntington Bancshares,Financials,Regional Banks,16.57,17.67,12.37,16.52,16.31,16.46,16.5,15.87,0.4,3.14,17.09
HII,Huntington Ingalls Industries,Industrials,Aerospace & Defense,266.25,278.86,157.56,267.56,267.3,265.21,250.83,212.07,0.2,3.84,276.47
IBM,IBM,Information Technology,IT Consulting & Other Services,239.72,292.8,187.04,237.59,242.86,253.44,270.92,243.7,0.2,17.47,281.6
IDXX,Idexx Laboratories,Health Care,Health Care Equipment,650.84,682.78,361.04,654.62,653.01,601.02,558.08,469.06,0.4,9.08,709.94
ITW,Illinois Tool Works,Industrials,Industrial Machinery & Supplies & Components,258.64,273.51,217.09,261.16,258.67,258.49,253.27,252.46,0.2,2.78,265.83
INCY,Incyte,Health Care,Biotechnology,86.92,86.92,55.17,83.95,80.97,76.65,71.9,69.21,0.4,1.09,87.87
PODD,Insulet Corporation,Health Care,Health Care Equipment,321.27,327.47,180.69,312.04,301.69,295.11,298.92,277.78,0.6,-0.49,319.7
INTC,Intel,Information Technology,Semiconductors,24.56,27.39,18.13,22.62,21.29,21.34,21.74,21.67,0.6,-0.12,24.53
INTU,Intuit,Information Technology,Application Software,716.74,807.39,542.39,711.73,740.29,762.51,763.27,660.62,0.2,15.43,827.33
IVZ,Invesco,Financials,Asset Management & Custody Banks,21.12,21.6,11.86,20.97,20.84,20.95,17.82,16.41,0.2,3.31,21.82
JKHY,Jack Henry & Associates,Financials,Transaction & Payment Processing Services,160.39,190.67,158.52,160.26,163.02,169.34,175.39,175.03,0.2,14.9,184.29
J,Jacobs Solutions,Industrials,Construction & Engineering,147.95,152.18,109.42,149.22,147.33,144.28,136.35,130.74,0.4,2.89,152.23
JNJ,Johnson & Johnson,Health Care,Pharmaceuticals,176.64,176.64,139.73,174.48,172.96,170.13,161.32,154.53,0.4,0.1,176.82
KDP,Keurig Dr Pepper,Consumer Staples,Soft Drinks & Non-alcoholic Beverages,34.78,36.99,29.97,34.73,34.2,33.8,33.42,32.8,0.2,0.89,35.09
KEY,KeyCorp,Financials,Regional Banks,18.04,19.26,13.06,17.97,17.8,18.07,17.55,16.74,0.2,4.88,18.92
KEYS,Keysight Technologies,Information Technology,Electronic Equipment & Instruments,163.4,185.11,127.02,165.34,163.67,164.44,163.42,160.56,0.2,4.17,170.21
KMI,Kinder Morgan,Energy,Oil & Gas Storage & Transportation,26.67,30.24,19.94,26.77,27.06,27.16,27.52,26.86,0.2,6.04,28.28
LHX,L3Harris,Industrials,Aerospace & Defense,270.55,278.26,192.63,270.47,272.9,271.88,260.53,230.08,0.2,3.49,279.99
LH,Labcorp,Health Care,Health Care Services,270.38,272.54,210.19,270.23,266.51,262.63,259.23,242.91,0.4,2.39,276.84
LRCX,Lam Research,Information Technology,Semiconductor Materials & Equipment,99.51,107.38,58.94,104.18,101.28,99.6,97.07,81.2,0.2,7.01,106.49
LVS,Las Vegas Sands,Consumer Discretionary,Casinos & Gaming,53.66,54.33,30.35,53.8,53.17,52.02,47.75,44.87,0.2,3.62,55.6
LDOS,Leidos,Industrials,Diversified Support Services,177.63,199.72,126.1,178.64,175.33,168.38,160.52,151.84,0.4,3.78,184.34
LIN,Linde plc,Materials,Industrial Gases,480.08,481.83,410.23,475.39,472.75,470.46,468.45,452.79,0.4,-0.01,480.03
LYV,Live Nation Entertainment,Communication Services,Movies & Entertainment,160.93,161.6,92.78,158.86,154.67,152.82,148.99,137.99,0.4,0.14,161.16
LMT,Lockheed Martin,Industrials,Aerospace & Defense,437.56,602.16,410.74,435.05,431.84,427.65,452.11,469.51,0.2,2.64,449.11
L,Loews Corporation,Financials,Multi-line Insurance,95.0,95.58,76.32,94.8,94.12,92.61,91.14,86.8,0.2,1.06,96.01
MTB,M&T Bank,Financials,Regional Banks,190.07,217.42,155.42,190.96,188.76,190.83,191.34,187.88,0.4,4.48,198.59
MAR,Marriott International,Consumer Discretionary,"Hotels, Resorts & Cruise Lines",265.2,302.99,210.58,264.89,262.65,266.75,268.77,266.48,0.4,5.57,279.97
MMC,Marsh McLennan,Financials,Insurance Brokers,207.21,243.22,197.78,206.26,204.18,204.73,211.25,220.59,0.2,2.5,212.39
MLM,Martin Marietta Materials,Materials,Construction Materials,609.58,620.08,451.86,611.5,607.66,591.83,567.76,540.03,0.2,2.69,625.98
MAS,Masco,Industrials,Building Products,73.52,84.25,58.18,72.37,70.8,68.84,65.99,70.14,0.2,0.68,74.02
MA,Mastercard,Financials,Transaction & Payment Processing Services,581.7,589.94,457.53,578.23,573.17,567.8,564.34,544.3,0.2,0.26,583.21
MTCH,Match Group,Communication Services,Interactive Media & Services,38.28,38.74,26.87,37.56,36.51,35.23,33.0,31.79,0.4,1.38,38.81
MCK,McKesson Corporation,Health Care,Health Care Distributors,673.05,735.33,477.52,668.36,679.78,694.01,709.11,651.04,0.2,9.11,734.36
MDT,Medtronic,Health Care,Health Care Equipment,93.02,93.02,78.03,92.55,91.55,91.49,89.08,86.16,0.4,1.13,94.07
META,Meta Platforms,Communication Services,Interactive Media & Services,785.23,790.0,484.29,780.66,774.63,747.07,723.8,638.28,0.4,3.43,812.16
MU,Micron Technology,Information Technology,Semiconductors,120.87,127.79,64.66,124.38,117.83,114.28,117.4,99.36,0.4,5.35,127.34
MSFT,Microsoft,Information Technology,Systems Software,520.17,535.64,353.91,522.85,524.55,519.36,501.8,437.08,0.2,3.08,536.19
MDLZ,Mondelez International,Consumer Staples,Packaged Foods & Meats,62.08,73.6,55.34,61.74,62.08,65.25,66.57,63.84,0.2,16.91,72.58
MPWR,Monolithic Power Systems,Information Technology,Semiconductors,826.47,939.39,454.23,835.03,821.66,774.97,741.94,654.68,0.4,6.2,877.71
MNST,Monster Beverage,Consumer Staples,Soft Drinks & Non-alcoholic Beverages,64.64,64.69,46.16,64.14,62.51,61.23,61.64,56.66,0.2,1.18,65.4
MCO,Moody's Corporation,Financials,Financial Exchanges & Data,516.46,524.53,395.22,516.58,516.08,511.62,498.22,477.76,0.2,1.52,524.31
MS,Morgan Stanley,Financials,Investment Banking & Brokerage,144.63,148.51,93.79,146.41,143.93,142.61,138.91,127.25,0.4,2.27,147.91
NDAQ,"Nasdaq, Inc.",Financials,Financial Exchanges & Data,94.68,96.94,66.19,95.74,96.18,94.75,90.66,81.1,0.2,5.63,100.01
NFLX,Netflix,Communication Services,Movies & Entertainment,1238.95,1339.13,661.68,1223.51,1200.69,1190.69,1230.76,1031.59,0.8,0.37,1243.53
NEM,Newmont,Materials,Gold,69.33,69.33,36.61,68.83,68.28,65.38,60.77,49.23,0.2,3.53,71.78
NWSA,News Corp (Class A),Communication Services,Publishing,29.47,30.38,23.97,29.22,29.18,29.25,29.08,28.15,0.2,1.59,29.94
NWS,News Corp (Class B),Communication Services,Publishing,34.03,34.89,26.94,33.73,33.62,33.59,33.45,31.89,0.4,0.73,34.28
NEE,NextEra Energy,Utilities,Multi-Utilities,75.41,83.49,63.6,72.85,72.15,72.38,72.71,71.02,0.2,0.88,76.07
NKE,"Nike, Inc.",Consumer Discretionary,"Apparel, Accessories & Luxury Goods",76.97,87.95,52.92,75.9,75.27,75.71,70.82,69.85,0.2,2.1,78.59
NDSN,Nordson Corporation,Industrials,Industrial Machinery & Supplies & Components,213.44,261.43,166.9,215.73,213.93,215.54,216.37,214.67,0.4,4.49,223.02
NSC,Norfolk Southern,Industrials,Rail Transportation,280.74,285.03,204.09,280.33,280.31,279.26,265.45,246.37,0.2,1.29,284.36
NRG,NRG Energy,Utilities,Independent Power Producers & Energy Traders,148.62,173.91,75.33,153.22,156.63,158.19,154.96,117.33,0.2,16.16,172.64
NUE,Nucor,Materials,Steel,145.41,165.5,102.79,142.95,140.65,141.72,135.03,128.92,0.2,1.45,147.52
NVDA,Nvidia,Information Technology,Semiconductors,180.45,183.16,94.3,181.86,181.04,177.5,163.5,136.86,0.2,3.27,186.35
NXPI,NXP Semiconductors,Information Technology,Semiconductors,228.78,253.51,152.79,223.21,215.55,219.2,219.31,210.23,0.2,3.95,237.82
ORLY,O’Reilly Automotive,Consumer Discretionary,Automotive Retail,101.54,104.44,73.94,102.23,102.6,99.99,94.36,88.62,0.2,4.31,105.92
ORCL,Oracle Corporation,Information Technology,Application Software,248.28,256.43,122.56,248.79,250.8,248.3,228.23,178.63,0.2,3.96,258.11
PLTR,Palantir Technologies,Information Technology,Application Software,177.17,186.97,30.16,182.44,179.48,167.47,150.5,103.42,0.4,9.53,194.05
PANW,Palo Alto Networks,Information Technology,Systems Software,177.09,208.28,152.44,174.21,171.92,182.37,191.91,187.37,0.2,18.12,209.18
PSKY,Paramount Skydance Corporation,Communication Services,Movies & Entertainment,13.72,15.0,9.8,12.84,12.15,12.62,12.52,11.46,0.4,9.84,15.07
PH,Parker Hannifin,Industrials,Industrial Machinery & Supplies & Components,729.96,762.05,515.78,744.01,730.42,729.16,704.67,661.3,0.2,3.83,757.92
PAYC,Paycom,Industrials,Human Resource & Employment Services,217.18,265.71,154.07,218.18,223.0,228.59,233.12,223.54,0.2,12.19,243.65
PNR,Pentair,Industrials,Industrial Machinery & Supplies & Components,104.98,109.01,75.76,105.93,104.34,103.62,102.75,97.88,0.4,2.41,107.51
PEP,PepsiCo,Consumer Staples,Soft Drinks & Non-alcoholic Beverages,150.4,173.24,127.06,148.02,144.9,143.8,137.29,143.72,0.2,0.13,150.6
PFE,Pfizer,Health Care,Pharmaceuticals,25.14,28.21,20.83,24.93,24.57,24.4,24.26,24.24,0.2,1.59,25.54
PM,Philip Morris International,Consumer Staples,Tobacco,166.19,183.57,112.77,167.25,166.87,165.54,174.48,150.94,0.4,5.16,174.77
PSX,Phillips 66,Energy,Oil & Gas Refining & Marketing,123.61,136.52,91.98,121.47,120.91,123.11,123.33,119.05,0.2,4.53,129.21
PNC,PNC Financial Services,Financials,Diversified Banks,191.27,209.23,146.94,191.8,190.25,192.06,187.81,183.37,0.2,3.98,198.88
PPG,PPG Industries,Materials,Specialty Chemicals,111.8,131.36,90.49,110.33,107.79,109.52,111.67,112.99,0.2,5.45,117.89
PPL,PPL Corporation,Utilities,Electric Utilities,36.55,37.24,30.01,36.81,36.49,36.34,34.98,33.93,0.4,1.83,37.22
PGR,Progressive Corporation,Financials,Property & Casualty Insurance,247.15,291.0,229.65,247.04,245.91,245.19,254.0,259.68,0.2,1.72,251.4
PTC,PTC Inc.,Information Technology,Application Software,205.84,216.41,136.74,206.01,208.85,206.79,189.3,177.87,0.2,5.43,217.02
PHM,PulteGroup,Consumer Discretionary,Homebuilding,128.69,148.13,91.82,126.15,123.37,119.6,111.56,110.61,0.4,1.04,130.03
PWR,Quanta Services,Industrials,Construction & Engineering,380.81,421.68,236.56,382.79,385.77,396.03,382.3,324.37,0.2,10.4,420.41
QCOM,Qualcomm,Information Technology,Semiconductors,157.85,175.11,123.92,154.85,150.77,153.95,155.35,155.23,0.4,4.96,165.68
DGX,Quest Diagnostics,Health Care,Health Care Services,179.77,181.25,144.81,178.86,176.42,173.13,174.13,165.73,0.4,1.25,182.02
O,Realty Income,Real Estate,Retail REITs,58.48,61.73,49.83,57.85,57.53,57.23,57.01,55.02,0.4,0.02,58.49
RF,Regions Financial Corporation,Financials,Regional Banks,25.6,26.62,18.13,25.49,25.23,25.6,24.24,23.07,0.2,4.69,26.8
RMD,ResMed,Health Care,Health Care Equipment,284.89,290.83,203.67,284.74,284.17,278.32,263.56,241.77,0.2,2.77,292.78
SPGI,S&P Global,Financials,Financial Exchanges & Data,556.47,564.15,437.5,559.63,560.27,546.07,529.84,509.12,0.4,3.83,577.78
SBAC,SBA Communications,Real Estate,Telecom Tower REITs,219.94,245.74,190.85,218.67,220.67,226.11,229.25,219.39,0.2,9.06,239.87
STX,Seagate Technology,Information Technology,"Technology Hardware, Storage & Peripherals",154.43,157.01,66.19,154.87,152.67,152.09,143.96,106.18,0.2,2.56,158.38
SOLV,Solventum,Health Care,Health Care Technology,71.42,84.04,57.78,72.59,72.65,72.91,74.03,72.23,0.4,4.87,74.9
LUV,Southwest Airlines,Industrials,Passenger Airlines,31.5,37.7,23.9,30.59,30.15,31.73,32.91,31.39,0.2,16.89,36.82
STT,State Street Corporation,Financials,Asset Management & Custody Banks,111.07,113.6,74.79,111.48,110.89,111.02,106.39,96.1,0.2,2.64,114.0
STLD,Steel Dynamics,Materials,Steel,126.42,152.49,106.43,126.23,124.34,126.68,129.56,128.28,0.4,6.11,134.14
STE,Steris,Health Care,Health Care Equipment,245.56,251.96,201.46,244.83,237.68,232.19,234.61,224.37,0.4,1.62,249.54
SMCI,Supermicro,Information Technology,"Technology Hardware, Storage & Peripherals",45.37,62.88,18.01,45.71,48.21,51.86,48.75,39.05,0.2,39.26,63.18
SYF,Synchrony Financial,Financials,Consumer Finance,71.49,72.83,43.38,71.77,70.51,70.53,67.36,61.46,0.4,3.06,73.68
SNPS,Synopsys,Information Technology,Application Software,617.91,645.35,380.9,618.95,622.49,619.15,557.9,507.09,0.2,4.52,645.84
SYY,Sysco,Consumer Staples,Food Distributors,79.52,82.19,67.53,80.71,80.47,80.15,77.4,74.06,0.2,3.01,81.91
TMUS,T-Mobile US,Communication Services,Wireless Telecommunication Services,254.63,271.83,190.96,251.39,246.4,242.47,236.18,240.15,0.2,0.2,255.14
TTWO,Take-Two Interactive,Communication Services,Interactive Home Entertainment,232.18,243.05,144.91,231.34,227.97,226.94,233.35,208.72,0.6,1.69,236.1
TEL,TE Connectivity,Information Technology,Electronic Manufacturing Services,202.71,209.34,121.47,203.99,202.74,201.8,182.43,155.98,0.2,7.27,217.45
TXN,Texas Instruments,Information Technology,Semiconductors,194.57,219.66,143.34,191.65,188.54,189.64,199.43,186.35,0.2,6.52,207.26
TXT,Textron,Industrials,Aerospace & Defense,78.89,91.11,60.7,79.34,78.46,79.64,79.99,76.8,0.2,8.4,85.52
TJX,TJX Companies,Consumer Discretionary,Apparel Retail,132.62,134.6,107.35,132.84,131.56,128.46,125.68,123.13,0.4,1.9,135.14
TKO,TKO Group Holdings,Communication Services,Movies & Entertainment,188.85,191.28,113.12,187.43,174.6,171.36,171.61,153.42,0.4,1.39,191.48
TSCO,Tractor Supply,Consumer Discretionary,Other Specialty Retail,60.49,60.49,47.8,59.75,59.75,59.07,55.93,54.03,0.2,0.83,60.99
TDG,TransDigm Group,Industrials,Aerospace & Defense,1387.88,1620.83,1182.38,1409.33,1429.27,1513.96,1502.37,1377.41,0.2,22.87,1705.29
TRV,Travelers Companies (The),Financials,Property & Casualty Insurance,265.59,275.2,210.54,266.33,265.76,263.38,262.68,254.89,0.2,1.86,270.53
TRMB,Trimble Inc.,Information Technology,Electronic Equipment & Instruments,82.24,85.24,53.17,83.32,83.39,83.62,78.97,71.85,0.2,4.24,85.73
TFC,Truist Financial,Financials,Diversified Banks,44.42,46.42,33.92,44.2,43.47,43.84,42.75,41.97,0.2,3.06,45.78
USB,U.S. Bancorp,Financials,Diversified Banks,45.93,51.9,36.0,45.94,45.21,45.48,45.26,44.96,0.4,2.85,47.24
UBER,Uber,Industrials,Passenger Ground Transportation,92.6,97.48,59.93,91.43,90.64,90.07,90.05,77.62,0.2,0.99,93.52
ULTA,Ulta Beauty,Consumer Discretionary,Other Specialty Retail,521.0,532.71,314.47,518.92,514.03,512.51,487.95,413.8,0.2,1.79,530.33
URI,United Rentals,Industrials,Trading Companies & Distributors,908.88,932.23,549.5,909.14,884.78,868.67,798.34,731.46,0.4,4.39,948.78
UNH,UnitedHealth Group,Health Care,Managed Health Care,304.01,615.84,237.77,272.25,259.46,265.53,288.35,440.69,0.4,-0.6,302.19
VTR,Ventas,Real Estate,Health Care REITs,67.77,69.55,56.07,68.07,68.31,67.55,65.01,63.61,0.2,2.42,69.41
VLTO,Veralto,Industrials,Environmental & Facilities Services,107.27,113.22,85.23,108.13,107.69,105.67,102.56,100.42,0.4,2.8,110.27
VRSK,Verisk Analytics,Industrials,Research & Consulting Services,267.86,320.87,260.0,265.43,265.44,277.9,295.63,290.92,0.2,14.53,306.78
VZ,Verizon,Communication Services,Integrated Telecommunication Services,44.24,45.03,36.62,43.58,43.2,42.99,42.4,41.2,0.4,-0.81,43.88
VICI,Vici Properties,Real Estate,Hotel & Resort REITs,32.5,33.93,27.46,32.76,33.02,33.01,32.72,30.97,0.2,3.97,33.79
V,Visa Inc.,Financials,Transaction & Payment Processing Services,344.47,372.65,259.32,340.91,338.98,344.76,350.37,335.39,0.2,4.38,359.56
VMC,Vulcan Materials Company,Materials,Construction Materials,291.62,295.15,219.65,291.21,286.89,278.95,269.42,262.46,0.4,1.84,296.99
WRB,W. R. Berkley Corporation,Financials,Property & Casualty Insurance,70.79,74.57,55.33,70.73,70.55,69.58,70.66,65.14,0.2,1.34,71.74
WAB,Wabtec,Industrials,Construction Machinery & Heavy Transportation Equipment,189.16,214.1,155.33,191.72,190.1,194.59,202.34,194.15,0.4,11.35,210.63
WBA,Walgreens Boots Alliance,Consumer Staples,Drug Retail,11.96,12.93,8.01,11.92,11.86,11.73,11.55,10.68,0.2,0.75,12.05
WMT,Walmart,Consumer Staples,Consumer Staples Merchandise Retail,100.0,104.27,67.8,101.69,101.64,99.27,97.42,93.45,0.4,4.81,104.81
WBD,Warner Bros. Discovery,Communication Services,Broadcasting,11.85,13.7,6.94,11.54,11.88,12.54,11.64,10.29,0.4,20.34,14.26
WELL,Welltower,Real Estate,Health Care REITs,162.9,168.94,113.43,163.98,166.13,164.1,157.27,144.09,0.2,4.83,170.77
WDC,Western Digital,Information Technology,"Technology Hardware, Storage & Peripherals",75.06,78.69,30.48,75.58,75.42,73.17,66.42,51.83,0.2,6.66,80.06
WSM,"Williams-Sonoma, Inc.",Consumer Discretionary,Homefurnishing Retail,203.23,215.83,126.49,205.17,202.99,193.36,175.22,172.83,0.4,5.58,214.57
WMB,Williams Companies,Energy,Oil & Gas Storage & Transportation,57.46,62.87,41.83,57.7,58.22,58.37,59.02,56.88,0.2,4.82,60.23
WYNN,Wynn Resorts,Consumer Discretionary,Casinos & Gaming,109.45,112.49,65.93,110.75,108.94,108.81,101.81,90.16,0.2,2.62,112.32
XYL,Xylem Inc.,Industrials,Industrial Machinery & Supplies & Components,140.81,144.62,102.53,142.5,142.98,138.5,132.74,124.36,0.2,6.37,149.78
YUM,Yum! Brands,Consumer Discretionary,Restaurants,148.18,161.74,122.07,144.62,143.48,144.76,145.51,142.3,0.4,1.15,149.88
ZTS,Zoetis,Health Care,Pharmaceuticals,154.11,194.12,143.44,151.68,149.84,149.96,155.1,162.38,0.2,0.67,155.14
