Symbol,Company,GICS_Sector,GICS_Sub_Industry,Current_Price,52_Week_High,52_Week_Low,SMA5,SMA10,SMA20,SMA50,SMA200,Score,Target%,Target_Price
MMM,3M,Industrials,Industrial Conglomerates,152.39,160.2,122.88,156.48,153.62,151.79,150.9,142.15,0.2,4.35,159.02
AOS,A. O. Smith,Industrials,Building Products,72.21,88.84,59.04,72.05,71.29,71.12,68.06,67.89,0.4,1.61,73.37
ABT,Abbott Laboratories,Health Care,Health Care Equipment,131.75,138.95,107.82,130.56,131.07,128.76,131.13,125.5,0.2,1.74,134.04
ABBV,AbbVie,Health Care,Biotechnology,206.69,212.84,160.57,202.02,199.91,194.8,190.32,185.54,0.4,-0.07,206.55
ACN,Accenture,Information Technology,IT Consulting & Other Services,247.01,394.31,237.87,243.07,244.96,261.12,283.74,323.07,-0.2,20.21,296.93
ADBE,Adobe Inc.,Information Technology,Application Software,354.85,586.55,333.65,345.32,342.91,354.71,373.33,418.97,-0.2,7.71,382.21
AMD,Advanced Micro Devices,Information Technology,Semiconductors,177.51,184.42,78.21,178.02,174.95,171.35,150.05,124.43,0.2,5.65,187.54
AES,AES Corporation,Utilities,Independent Power Producers & Energy Traders,13.31,19.11,9.5,13.0,13.0,13.19,12.06,11.64,0.2,3.83,13.82
AFL,Aflac,Financials,Life & Health Insurance,105.38,113.48,98.09,104.82,102.97,102.0,102.54,104.75,0.0,1.2,106.64
A,Agilent Technologies,Health Care,Life Sciences Tools & Services,119.2,151.96,99.08,117.96,116.14,116.77,117.55,124.26,-0.2,2.55,122.24
APD,Air Products,Materials,Industrial Gases,290.46,333.89,247.03,290.01,289.64,291.65,286.76,293.03,-0.4,3.61,300.95
ABNB,Airbnb,Consumer Discretionary,"Hotels, Resorts & Cruise Lines",125.1,161.42,105.69,122.84,124.67,131.06,133.95,131.97,0.0,17.09,146.48
AKAM,Akamai Technologies,Information Technology,Internet Services & Infrastructure,74.42,106.67,68.21,73.34,73.56,76.24,77.7,85.35,-0.4,11.27,82.81
ALB,Albemarle Corporation,Materials,Specialty Chemicals,82.19,109.53,50.43,80.81,75.37,75.59,69.28,76.78,0.0,6.79,87.77
ARE,Alexandria Real Estate Equities,Real Estate,Office REITs,76.09,117.87,66.61,74.23,74.9,77.21,75.24,86.7,-0.4,9.54,83.35
ALGN,Align Technology,Health Care,Health Care Supplies,142.43,257.17,129.01,141.27,139.93,163.82,178.87,192.87,-0.2,58.71,226.05
ALLE,Allegion,Industrials,Building Products,167.17,169.62,118.08,167.24,166.03,163.48,151.59,137.74,0.2,3.83,173.57
LNT,Alliant Energy,Utilities,Electric Utilities,64.62,66.34,54.66,64.97,65.48,64.99,62.48,60.52,0.2,2.94,66.52
ALL,Allstate,Financials,Property & Casualty Insurance,206.78,211.62,174.73,207.51,206.69,201.29,198.61,195.89,0.4,3.21,213.42
GOOGL,Alphabet Inc. (Class A),Communication Services,Interactive Media & Services,203.9,205.89,144.53,202.63,199.69,195.99,184.04,176.52,0.2,0.75,205.43
GOOG,Alphabet Inc. (Class C),Communication Services,Interactive Media & Services,204.91,207.22,146.4,203.51,200.49,196.85,185.02,178.03,0.2,0.64,206.22
MO,Altria,Consumer Staples,Tobacco,65.82,66.01,46.47,65.71,64.39,62.24,60.17,55.49,0.2,2.19,67.26
AMZN,Amazon,Consumer Discretionary,Broadline Retail,231.03,242.06,167.32,225.87,222.29,225.72,221.14,211.3,0.4,3.35,238.77
AMCR,Amcor,Materials,Paper & Plastic Packaging Products & Materials,8.73,10.94,8.45,9.37,9.43,9.51,9.41,9.52,-0.4,15.92,10.12
AEE,Ameren,Utilities,Multi-Utilities,100.56,103.26,78.87,101.35,101.74,100.94,97.86,94.73,0.0,2.7,103.28
AEP,American Electric Power,Utilities,Electric Utilities,111.99,114.06,87.97,112.39,112.62,111.03,105.94,100.39,0.2,3.03,115.38
AXP,American Express,Financials,Consumer Finance,305.47,328.13,230.81,303.9,300.24,302.72,306.3,291.58,0.4,2.74,313.84
AIG,American International Group,Financials,Multi-line Insurance,80.01,87.26,69.3,79.46,78.78,78.95,81.87,78.64,0.2,1.75,81.41
AMT,American Tower,Real Estate,Telecom Tower REITs,206.12,235.15,170.7,204.89,207.29,214.56,217.06,204.1,0.2,13.8,234.56
AWK,American Water Works,Utilities,Water Utilities,143.92,150.19,118.87,143.57,143.4,142.08,140.98,135.63,0.2,1.92,146.68
AMP,Ameriprise Financial,Financials,Asset Management & Custody Banks,503.08,569.83,414.79,509.94,507.28,514.06,519.99,516.87,0.0,6.38,535.18
AME,Ametek,Industrials,Electrical Components & Equipment,181.36,196.4,151.15,184.1,183.97,181.99,180.44,179.63,0.4,3.42,187.56
AMGN,Amgen,Health Care,Biotechnology,296.47,329.11,254.27,289.23,290.58,296.49,293.09,287.08,0.2,5.52,312.84
APH,Amphenol,Information Technology,Electronic Components,109.21,111.85,58.99,110.29,109.6,107.0,100.75,78.92,0.2,3.47,113.0
ADI,Analog Devices,Information Technology,Semiconductors,231.63,245.68,163.85,232.32,227.24,228.48,232.98,215.81,0.6,3.64,240.06
AON,Aon plc,Financials,Insurance Brokers,367.01,407.61,328.41,367.24,365.33,361.31,357.48,369.04,-0.2,2.03,374.46
APA,APA Corporation,Energy,Oil & Gas Exploration & Production,20.48,28.03,13.62,20.38,19.63,19.37,19.17,19.69,-0.2,2.1,20.91
APO,Apollo Global Management,Financials,Asset Management & Custody Banks,139.39,177.47,104.57,141.55,142.42,145.14,142.53,148.15,-0.2,10.04,153.38
AAPL,Apple Inc.,Information Technology,"Technology Hardware, Storage & Peripherals",231.59,258.1,172.0,230.91,222.22,216.64,209.38,220.51,-0.2,2.28,236.87
AMAT,Applied Materials,Information Technology,Semiconductor Materials & Equipment,161.76,212.29,126.59,182.57,182.1,184.48,183.53,169.59,0.2,22.14,197.57
APTV,Aptiv,Consumer Discretionary,Automotive Parts & Equipment,74.18,74.72,47.92,72.33,68.91,69.02,69.1,62.63,0.2,1.52,75.31
ACGL,Arch Capital Group,Financials,Property & Casualty Insurance,90.72,109.22,84.99,89.96,89.44,88.44,89.52,92.39,-0.2,0.82,91.46
ADM,Archer Daniels Midland,Consumer Staples,Agricultural Products & Services,59.75,60.56,41.37,59.15,58.01,56.45,54.21,50.01,0.4,1.09,60.4
ANET,Arista Networks,Information Technology,Communications Equipment,137.3,141.25,64.37,138.14,134.64,125.41,109.95,100.08,0.4,7.59,147.72
AJG,Arthur J. Gallagher & Co.,Financials,Insurance Brokers,292.72,348.08,274.44,292.16,289.69,295.36,308.46,311.83,-0.2,8.1,316.43
AIZ,Assurant,Financials,Multi-line Insurance,212.5,226.12,179.02,210.83,204.7,195.41,194.87,202.55,0.0,2.5,217.81
T,AT&T,Communication Services,Integrated Telecommunication Services,28.87,28.87,18.23,28.53,28.17,27.89,27.78,25.38,0.4,-0.35,28.77
ATO,Atmos Energy,Utilities,Gas Utilities,165.37,166.98,125.69,165.85,162.93,159.84,156.03,149.06,0.4,1.64,168.08
ADSK,Autodesk,Information Technology,Application Software,286.73,321.27,238.84,285.03,291.57,296.75,298.68,290.32,0.2,9.07,312.74
ADP,Automatic Data Processing,Industrials,Human Resource & Employment Services,301.79,325.19,257.48,302.35,302.44,304.19,306.3,300.99,0.0,3.0,310.84
AZO,AutoZone,Consumer Discretionary,Automotive Retail,4006.91,4072.8,2981.19,4014.66,4022.06,3914.92,3772.47,3527.06,0.4,3.38,4142.34
AVB,AvalonBay Communities,Real Estate,Multi-Family Residential REITs,190.58,232.03,182.72,188.59,187.35,192.72,198.96,209.14,-0.2,8.88,207.5
AVY,Avery Dennison,Materials,Paper & Plastic Packaging Products & Materials,174.78,219.16,158.75,175.69,172.24,173.38,176.68,182.3,0.2,4.79,183.15
AXON,Axon Enterprise,Industrials,Aerospace & Defense,754.24,870.97,354.62,771.37,804.6,768.97,774.13,646.28,-0.2,15.66,872.35
BKR,Baker Hughes,Energy,Oil & Gas Equipment & Services,42.8,48.05,32.21,42.82,43.11,43.57,40.65,40.94,-0.2,9.79,46.99
BALL,Ball Corporation,Materials,"Metal, Glass & Plastic Containers",53.85,67.18,44.77,53.91,54.21,56.37,56.57,54.48,0.2,13.63,61.19
BAC,Bank of America,Financials,Diversified Banks,46.94,48.93,34.19,47.11,46.33,47.03,46.59,44.01,0.2,4.86,49.22
BAX,Baxter International,Health Care,Health Care Equipment,24.18,39.64,21.76,24.04,23.52,25.29,28.15,30.74,0.0,26.26,30.53
BDX,Becton Dickinson,Health Care,Health Care Equipment,195.94,246.46,164.16,194.87,188.37,184.67,178.15,205.95,0.0,1.79,199.45
BRK-B,Berkshire Hathaway,Financials,Multi-Sector Holdings,477.2,539.8,438.47,473.77,468.79,473.34,479.51,485.79,0.2,2.19,487.65
BBY,Best Buy,Consumer Discretionary,Computer & Electronics Retail,71.63,99.54,55.4,70.99,69.21,67.94,69.11,75.61,-0.2,0.96,72.32
TECH,Bio-Techne,Health Care,Life Sciences Tools & Services,53.6,80.05,46.66,53.01,52.5,54.23,52.6,61.25,-0.2,12.11,60.09
BIIB,Biogen,Health Care,Biotechnology,138.6,206.18,113.38,133.13,131.85,130.39,130.22,139.31,0.0,-0.94,137.3
BLK,BlackRock,Financials,Asset Management & Custody Banks,1135.01,1160.16,811.42,1148.55,1132.68,1121.7,1069.73,994.89,0.4,2.21,1160.09
BX,Blackstone Inc.,Financials,Asset Management & Custody Banks,171.62,194.8,118.51,173.35,171.08,171.86,157.99,157.51,0.2,4.17,178.78
XYZ,"Block, Inc.",Financials,Transaction & Payment Processing Services,75.8,98.92,46.53,75.27,75.41,76.97,70.6,72.18,-0.2,7.45,81.45
BK,BNY Mellon,Financials,Asset Management & Custody Banks,101.0,103.61,62.64,102.63,102.28,101.24,95.36,84.61,0.2,3.39,104.42
BA,Boeing,Industrials,Aerospace & Defense,235.26,236.41,136.59,232.08,228.91,228.86,219.59,183.49,0.4,1.08,237.8
BKNG,Booking Holdings,Consumer Discretionary,"Hotels, Resorts & Cruise Lines",5454.29,5815.92,3545.02,5442.55,5452.1,5538.25,5562.06,5066.44,0.2,5.89,5775.55
BSX,Boston Scientific,Health Care,Health Care Equipment,103.17,107.76,76.42,103.04,103.59,104.62,103.56,98.77,0.2,4.6,107.92
BMY,Bristol Myers Squibb,Health Care,Pharmaceuticals,48.44,61.62,43.31,47.32,46.4,46.65,47.03,52.22,-0.2,2.7,49.75
AVGO,Broadcom,Information Technology,Semiconductors,306.34,312.83,135.46,308.68,304.44,297.52,277.78,220.08,0.2,3.15,315.99
BR,Broadridge Financial Solutions,Industrials,Data Processing & Outsourced Services,260.6,266.89,204.4,261.5,262.06,254.75,245.52,235.04,0.4,4.41,272.09
BRO,Brown & Brown,Financials,Insurance Brokers,95.34,124.07,91.23,95.09,93.7,96.08,103.02,108.77,-0.2,10.37,105.23
BF-B,Brown–Forman,Consumer Staples,Distillers & Vintners,30.43,48.58,25.65,30.55,30.5,30.21,28.52,34.06,-0.2,4.44,31.78
BLDR,Builders FirstSource,Industrials,Building Products,136.88,201.83,105.63,137.13,134.1,132.51,125.19,139.48,-0.2,3.94,142.27
BG,Bunge Global,Consumer Staples,Agricultural Products & Services,81.78,98.79,67.82,82.37,82.15,79.74,79.06,78.09,0.4,4.26,85.26
BXP,"BXP, Inc.",Real Estate,Office REITs,65.44,86.01,56.05,64.39,64.87,66.97,68.65,69.21,-0.4,11.17,72.75
CHRW,C.H. Robinson,Industrials,Air Freight & Logistics,121.24,121.52,86.41,119.75,118.24,110.64,101.95,100.08,0.2,5.91,128.41
CDNS,Cadence Design Systems,Information Technology,Application Software,349.88,371.03,231.64,350.12,354.25,347.72,324.21,296.88,0.2,8.57,379.86
CZR,Caesars Entertainment,Consumer Discretionary,Casinos & Gaming,25.33,45.55,23.18,25.05,24.88,26.74,27.87,31.3,-0.2,22.5,31.03
CPT,Camden Property Trust,Real Estate,Multi-Family Residential REITs,106.82,123.69,104.05,105.75,106.11,109.38,112.29,114.67,-0.4,9.55,117.02
CPB,Campbell's Company (The),Consumer Staples,Packaged Foods & Meats,32.51,49.89,30.28,32.33,32.46,32.39,31.92,37.14,-0.4,2.65,33.37
COF,Capital One,Financials,Consumer Finance,215.43,220.48,134.31,215.22,212.45,213.06,210.02,189.67,0.2,2.45,220.71
CAH,Cardinal Health,Health Care,Health Care Distributors,149.61,167.63,104.71,150.38,153.62,155.39,159.06,136.38,0.2,8.78,162.75
KMX,CarMax,Consumer Discretionary,Automotive Retail,57.76,89.19,54.66,57.42,56.43,58.15,63.2,73.21,-0.2,9.56,63.28
CCL,Carnival,Consumer Discretionary,"Hotels, Resorts & Cruise Lines",29.76,30.74,14.76,29.78,29.45,29.64,27.81,24.22,0.0,3.49,30.8
CARR,Carrier Global,Industrials,Building Products,65.4,81.67,55.21,65.76,66.02,70.4,72.12,69.09,0.2,25.12,81.83
CAT,Caterpillar Inc.,Industrials,Construction Machinery & Heavy Transportation Equipment,407.79,438.02,271.63,412.05,418.95,423.57,397.61,363.0,-0.2,8.66,443.1
CBOE,Cboe Global Markets,Financials,Financial Exchanges & Data,247.63,253.24,189.73,247.71,248.84,245.54,236.01,216.24,0.2,2.79,254.54
CBRE,CBRE Group,Real Estate,Real Estate Services,158.93,159.66,110.49,157.35,156.49,152.89,143.36,134.54,0.2,3.4,164.33
CDW,CDW Corporation,Information Technology,Technology Distributors,163.76,226.97,144.0,164.31,164.92,171.83,174.94,176.5,-0.2,14.45,187.42
COR,Cencora,Health Care,Health Care Distributors,292.82,303.43,217.68,291.28,288.7,289.19,291.89,265.42,0.2,1.47,297.12
CNC,Centene Corporation,Health Care,Managed Health Care,28.49,80.23,25.21,26.78,26.21,26.61,37.92,54.63,-0.2,1.61,28.95
CNP,CenterPoint Energy,Utilities,Multi-Utilities,38.12,39.16,25.08,38.45,38.66,38.34,37.09,34.52,0.0,3.52,39.46
CF,CF Industries,Materials,Fertilizers & Agricultural Chemicals,85.9,101.88,67.67,84.23,85.86,89.04,92.38,85.14,0.0,13.9,97.84
CRL,Charles River Laboratories,Health Care,Life Sciences Tools & Services,156.68,220.69,99.75,153.83,155.34,162.94,156.51,161.65,-0.4,17.86,184.66
SCHW,Charles Schwab Corporation,Financials,Investment Banking & Brokerage,96.11,98.69,60.96,97.16,96.8,96.67,92.75,82.15,0.2,2.79,98.79
CHTR,Charter Communications,Communication Services,Cable & Satellite,267.8,427.25,256.57,264.37,262.7,294.62,355.43,365.89,0.0,47.23,394.28
CVX,Chevron Corporation,Energy,Integrated Oil & Gas,156.55,166.48,132.12,155.09,154.05,153.7,149.74,148.52,0.4,0.87,157.91
CMG,Chipotle Mexican Grill,Consumer Discretionary,Restaurants,44.04,66.16,41.44,43.03,42.75,44.8,50.29,53.9,0.0,17.53,51.76
CB,Chubb Limited,Financials,Property & Casualty Insurance,274.21,301.45,256.04,273.15,271.14,270.4,278.26,279.76,0.2,1.1,277.23
CHD,Church & Dwight,Consumer Staples,Household Products,92.48,112.48,90.63,92.3,91.87,93.9,95.78,101.8,0.0,6.53,98.52
CI,Cigna,Health Care,Health Care Services,296.86,361.79,262.23,286.36,278.5,284.33,301.95,306.77,0.2,4.46,310.1
CINF,Cincinnati Financial,Financials,Property & Casualty Insurance,151.06,157.35,125.84,152.1,151.63,150.36,148.37,143.65,0.2,2.43,154.73
CTAS,Cintas,Industrials,Diversified Support Services,216.55,227.2,181.05,221.68,222.8,222.12,220.73,209.48,-0.2,4.46,226.21
CSCO,Cisco,Information Technology,Communications Equipment,66.2,71.79,44.23,69.59,69.49,68.82,67.73,61.34,-0.4,8.11,71.57
C,Citigroup,Financials,Diversified Banks,93.69,95.74,55.59,94.37,93.16,93.55,87.14,74.98,0.2,3.1,96.59
CFG,Citizens Financial Group,Financials,Regional Banks,48.28,49.45,33.59,48.22,47.68,48.07,45.63,42.91,0.2,3.09,49.77
CLX,Clorox,Consumer Staples,Household Products,122.17,165.31,116.82,121.82,122.88,124.75,123.84,142.39,-0.4,6.68,130.33
CME,CME Group,Financials,Financial Exchanges & Data,273.92,289.38,196.44,276.83,280.04,278.44,275.55,253.64,0.0,4.61,286.55
CMS,CMS Energy,Utilities,Multi-Utilities,72.3,74.4,63.54,72.82,73.29,72.78,70.74,69.17,0.2,3.03,74.49
KO,Coca-Cola Company (The),Consumer Staples,Soft Drinks & Non-alcoholic Beverages,69.92,73.38,59.94,70.28,69.97,69.49,69.99,67.26,0.2,1.64,71.07
CTSH,Cognizant,Information Technology,IT Consulting & Other Services,70.0,90.05,66.22,69.54,69.85,72.37,75.97,77.92,-0.2,11.96,78.37
COIN,Coinbase,Financials,Financial Exchanges & Data,317.55,419.78,147.35,322.34,315.28,348.89,336.87,267.96,0.0,34.32,426.53
CL,Colgate-Palmolive,Consumer Staples,Household Products,85.07,106.38,83.06,85.1,84.59,85.65,87.92,89.7,-0.2,4.81,89.16
CMCSA,Comcast,Communication Services,Cable & Satellite,33.45,43.96,31.41,32.56,32.34,33.15,34.22,35.96,-0.2,6.64,35.67
CAG,Conagra Brands,Consumer Staples,Packaged Foods & Meats,19.17,30.97,18.26,19.38,19.18,18.98,19.88,23.71,-0.2,2.71,19.69
COP,ConocoPhillips,Energy,Oil & Gas Exploration & Production,95.33,112.05,81.96,95.0,94.06,94.5,93.27,96.1,-0.2,2.72,97.92
ED,Consolidated Edison,Utilities,Multi-Utilities,100.77,111.42,85.77,102.68,103.23,102.51,100.98,98.94,-0.2,4.07,104.87
STZ,Constellation Brands,Consumer Staples,Distillers & Vintners,168.23,252.91,159.07,169.36,170.07,170.87,168.1,188.97,-0.2,4.81,176.32
CEG,Constellation Energy,Utilities,Electric Utilities,322.23,354.89,170.73,329.23,335.52,332.83,319.17,269.82,-0.2,9.54,352.97
COO,Cooper Companies (The),Health Care,Health Care Supplies,73.26,111.23,66.91,72.91,71.32,71.99,71.94,85.04,0.0,3.1,75.53
CPRT,Copart,Industrials,Diversified Support Services,47.08,63.84,45.33,47.1,46.72,46.45,47.61,55.12,0.2,1.08,47.59
GLW,Corning Inc.,Information Technology,Electronic Components,65.44,65.77,38.65,65.53,64.88,61.45,55.65,49.37,0.2,7.27,70.2
CPAY,Corpay,Financials,Transaction & Payment Processing Services,317.66,389.55,283.07,313.52,313.18,322.22,327.84,343.61,-0.2,8.73,345.39
CTVA,Corteva,Materials,Fertilizers & Agricultural Chemicals,71.76,77.12,51.43,71.89,71.68,72.23,73.19,64.45,0.0,3.14,74.01
CSGP,CoStar Group,Real Estate,Real Estate Services,89.66,96.83,69.29,89.23,92.57,92.39,86.12,78.63,-0.2,11.38,99.86
COST,Costco,Consumer Staples,Consumer Staples Merchandise Retail,972.04,1073.97,858.31,981.25,973.23,955.42,972.51,969.58,0.2,2.6,997.31
CTRA,Coterra,Energy,Oil & Gas Exploration & Production,24.03,29.06,21.86,23.92,23.88,23.73,24.72,25.39,0.0,1.54,24.4
CRWD,CrowdStrike,Information Technology,Systems Software,427.9,514.1,246.39,429.42,434.49,449.56,471.44,403.35,0.2,13.52,485.75
CCI,Crown Castle,Real Estate,Telecom Tower REITs,101.69,115.16,82.06,102.13,103.88,106.38,103.37,97.72,0.2,11.25,113.13
CSX,CSX Corporation,Industrials,Rail Transportation,36.32,36.46,26.58,35.96,35.76,35.49,33.95,32.16,0.2,0.36,36.45
CMI,Cummins,Industrials,Construction Machinery & Heavy Transportation Equipment,399.42,406.8,265.61,399.68,388.65,375.56,347.55,339.88,0.2,2.59,409.76
CVS,CVS Health,Health Care,Health Care Services,68.6,68.83,42.33,66.32,64.91,62.95,64.36,59.72,0.6,-0.87,68.0
DHR,Danaher Corporation,Health Care,Life Sciences Tools & Services,210.93,276.83,174.36,207.15,202.65,200.93,199.64,211.4,-0.2,0.99,213.02
DRI,Darden Restaurants,Consumer Discretionary,Restaurants,207.35,224.21,136.57,205.4,204.99,204.8,211.24,192.72,0.4,0.9,209.22
DDOG,Datadog,Information Technology,Application Software,127.25,168.65,87.0,127.65,131.46,138.53,135.1,127.41,0.4,22.09,155.36
DVA,DaVita,Health Care,Health Care Services,135.38,177.35,127.69,133.12,133.06,138.6,139.62,149.1,-0.4,12.5,152.3
DAY,Dayforce,Industrials,Human Resource & Employment Services,52.88,81.8,49.33,52.24,52.69,55.59,56.56,63.5,-0.4,17.19,61.97
DECK,Deckers Brands,Consumer Discretionary,Footwear,102.96,223.11,95.32,103.5,103.78,106.16,104.71,142.78,-0.2,10.83,114.11
DE,Deere & Company,Industrials,Agricultural & Farm Machinery,488.8,529.8,346.4,498.8,503.98,507.26,510.43,469.62,0.0,7.8,526.93
DELL,Dell Technologies,Information Technology,"Technology Hardware, Storage & Peripherals",138.28,142.14,70.88,139.25,135.66,132.86,125.16,112.43,0.2,2.94,142.35
DAL,Delta Air Lines,Industrials,Passenger Airlines,60.24,68.45,35.65,58.11,55.73,55.06,52.51,54.58,-0.2,-0.65,59.85
DVN,Devon Energy,Energy,Oil & Gas Exploration & Production,33.69,44.02,26.61,33.47,32.97,33.09,33.16,33.79,-0.2,2.11,34.4
DXCM,Dexcom,Health Care,Health Care Equipment,80.95,90.75,59.83,79.78,78.23,82.08,83.23,79.5,0.0,13.14,91.59
FANG,Diamondback Energy,Energy,Oil & Gas Exploration & Production,140.22,194.36,117.58,138.67,140.92,143.14,142.44,151.14,-0.2,8.04,151.49
DLR,Digital Realty,Real Estate,Data Center REITs,166.9,191.46,135.17,167.94,169.54,173.45,173.61,167.6,0.2,9.23,182.3
DG,Dollar General,Consumer Staples,Consumer Staples Merchandise Retail,112.77,121.87,67.66,114.6,114.01,110.68,111.86,88.55,0.4,4.77,118.15
DLTR,Dollar Tree,Consumer Staples,Consumer Staples Merchandise Retail,113.49,117.16,61.21,114.37,115.29,114.82,106.54,82.05,0.2,3.08,116.99
D,Dominion Energy,Utilities,Multi-Utilities,61.14,62.1,49.07,61.44,61.4,59.99,57.71,55.08,0.4,3.06,63.01
DPZ,Domino's,Consumer Discretionary,Restaurants,451.26,495.6,397.58,446.91,447.59,460.41,458.83,454.59,0.0,8.64,490.25
DASH,DoorDash,Consumer Discretionary,Specialized Consumer Services,248.0,270.99,123.56,254.01,257.16,251.12,239.39,197.81,0.2,7.8,267.34
DOV,Dover Corporation,Industrials,Industrial Machinery & Supplies & Components,176.54,205.3,150.71,178.41,176.71,180.75,182.21,185.8,-0.2,8.52,191.58
DOW,Dow Inc.,Materials,Commodity Chemicals,23.36,52.18,20.87,22.45,22.03,23.96,26.74,33.62,-0.2,26.11,29.46
DHI,D. R. Horton,Consumer Discretionary,Homebuilding,165.62,194.88,114.44,161.66,157.97,151.44,137.7,137.23,0.2,1.54,168.17
DTE,DTE Energy,Utilities,Multi-Utilities,138.92,141.49,114.13,140.03,140.01,139.05,135.34,128.44,0.2,2.07,141.8
DUK,Duke Energy,Utilities,Electric Utilities,122.45,124.85,102.96,123.63,123.74,121.45,118.04,113.72,0.2,3.33,126.53
DD,DuPont,Materials,Specialty Chemicals,73.08,88.16,54.8,72.5,71.82,73.11,71.7,73.83,0.0,6.24,77.64
EMN,Eastman Chemical Company,Materials,Specialty Chemicals,65.56,110.6,58.79,64.6,62.9,68.91,74.21,85.89,-0.2,27.85,83.82
ETN,Eaton Corporation,Industrials,Electrical Components & Equipment,351.03,392.76,245.66,357.41,360.94,372.59,357.29,328.49,0.2,14.14,400.67
EBAY,eBay Inc.,Consumer Discretionary,Broadline Retail,100.7,100.77,54.55,98.46,95.51,89.01,81.64,69.6,0.2,3.74,104.47
ECL,Ecolab,Materials,Specialty Chemicals,280.83,281.83,225.1,278.55,273.49,269.95,268.3,253.29,0.2,0.59,282.49
EIX,Edison International,Utilities,Electric Utilities,55.5,84.75,47.56,55.8,55.31,53.72,51.68,59.99,-0.2,2.99,57.16
EW,Edwards Lifesciences,Health Care,Health Care Equipment,78.26,81.16,64.54,77.84,78.34,78.39,77.23,73.37,0.0,3.76,81.2
EA,Electronic Arts,Communication Services,Interactive Home Entertainment,174.67,179.01,116.21,177.22,170.02,161.72,155.95,147.75,0.4,4.09,181.81
ELV,Elevance Health,Health Care,Managed Health Care,309.57,553.55,274.66,296.54,288.78,286.91,332.56,382.82,0.4,-1.53,304.83
EMR,Emerson Electric,Industrials,Electrical Components & Equipment,131.75,149.04,93.37,132.79,134.39,139.96,135.64,122.15,0.2,15.83,152.61
ENPH,Enphase Energy,Information Technology,Semiconductor Materials & Equipment,34.84,123.65,30.11,33.48,32.54,34.03,38.19,55.55,0.0,14.09,39.75
ETR,Entergy,Utilities,Electric Utilities,89.12,91.02,56.86,90.04,90.05,88.95,84.64,80.28,0.2,2.94,91.74
EOG,EOG Resources,Energy,Oil & Gas Exploration & Production,118.99,134.72,102.81,118.62,117.67,118.51,119.22,120.63,0.0,2.82,122.35
EPAM,EPAM Systems,Information Technology,IT Consulting & Other Services,157.71,267.63,143.33,156.51,155.22,160.39,168.22,197.88,0.0,10.89,174.88
EQT,EQT Corporation,Energy,Oil & Gas Exploration & Production,52.85,60.26,31.07,51.89,51.67,52.28,55.06,50.38,0.2,2.38,54.11
EFX,Equifax,Industrials,Research & Consulting Services,247.72,305.2,205.11,245.94,243.54,244.1,254.97,254.02,0.2,2.72,254.46
EQIX,Equinix,Real Estate,Data Center REITs,781.31,974.66,736.11,780.95,779.06,786.31,811.62,866.65,-0.2,3.35,807.48
EQR,Equity Residential,Real Estate,Multi-Family Residential REITs,64.12,75.24,61.2,63.32,63.32,64.85,66.45,68.71,-0.2,7.67,69.04
ERIE,Erie Indemnity,Financials,Insurance Brokers,366.52,537.71,339.09,365.41,360.89,359.14,353.7,388.35,-0.2,1.09,370.52
ESS,Essex Property Trust,Real Estate,Multi-Family Residential REITs,259.38,308.41,252.08,256.08,255.84,268.09,277.26,282.82,-0.4,15.14,298.65
EL,Estée Lauder Companies (The),Consumer Staples,Personal Care Products,90.97,99.31,49.8,91.31,91.21,90.8,84.21,72.46,0.2,4.47,95.04
EG,Everest Group,Financials,Reinsurance,331.84,400.34,324.54,332.87,330.47,331.98,335.44,348.34,0.0,2.1,338.81
EVRG,Evergy,Utilities,Electric Utilities,71.95,73.27,56.09,72.62,72.78,71.32,69.38,65.29,0.0,3.57,74.52
ES,Eversource Energy,Utilities,Electric Utilities,65.53,66.62,53.58,65.77,65.76,65.92,65.08,60.61,0.0,2.01,66.85
EXC,Exelon,Utilities,Electric Utilities,44.58,46.54,35.25,44.76,44.76,44.23,43.25,41.42,0.4,2.13,45.53
EXE,Expand Energy,Energy,Oil & Gas Exploration & Production,95.13,120.67,68.08,95.2,97.15,98.01,106.3,101.97,0.2,7.95,102.69
EXPE,Expedia Group,Consumer Discretionary,"Hotels, Resorts & Cruise Lines",207.44,209.68,128.45,204.03,195.5,190.4,180.15,175.68,0.4,0.8,209.1
EXPD,Expeditors International,Industrials,Air Freight & Logistics,119.86,129.72,102.14,119.93,118.68,116.74,115.54,114.42,0.2,1.77,121.98
EXR,Extra Space Storage,Real Estate,Self-Storage REITs,137.05,177.29,125.24,136.53,137.2,142.34,146.06,148.43,-0.2,13.37,155.37
XOM,ExxonMobil,Energy,Integrated Oil & Gas,106.49,121.0,98.11,105.9,105.84,107.67,108.85,108.25,0.2,5.13,111.95
FFIV,"F5, Inc.",Information Technology,Communications Equipment,315.34,326.47,191.36,320.84,320.42,311.24,301.19,275.76,0.4,5.05,331.26
FDS,FactSet,Financials,Financial Exchanges & Data,369.62,492.37,369.62,373.82,381.38,397.22,420.45,447.8,-0.2,17.29,433.53
FICO,Fair Isaac,Information Technology,Application Software,1343.16,2382.4,1311.26,1325.32,1337.88,1420.27,1613.49,1881.17,0.0,19.29,1602.26
FAST,Fastenal,Industrials,Trading Companies & Distributors,48.88,49.21,32.06,48.61,47.61,47.12,44.39,40.04,0.2,1.08,49.41
FRT,Federal Realty Investment Trust,Real Estate,Retail REITs,93.85,113.73,82.59,93.29,92.82,93.38,94.1,99.58,0.0,2.57,96.26
FDX,FedEx,Industrials,Air Freight & Logistics,227.26,300.06,196.8,228.77,226.29,228.97,228.57,245.57,0.0,6.97,243.1
FIS,Fidelity National Information Services,Financials,Transaction & Payment Processing Services,70.83,89.62,67.79,71.36,71.91,76.33,78.85,78.22,0.2,21.42,86.0
FITB,Fifth Third Bancorp,Financials,Regional Banks,42.48,47.14,33.02,42.43,41.9,42.14,41.45,40.94,0.4,2.54,43.56
FSLR,First Solar,Information Technology,Semiconductors,199.95,255.75,120.38,186.34,185.72,183.23,171.27,165.43,0.6,-3.52,192.91
FE,FirstEnergy,Utilities,Electric Utilities,43.47,43.95,37.17,43.6,43.42,42.4,40.83,40.04,0.4,2.71,44.65
FI,Fiserv,Financials,Transaction & Payment Processing Services,136.7,237.79,132.22,134.03,134.06,139.73,156.9,193.94,0.0,15.86,158.38
F,Ford Motor Company,Consumer Discretionary,Automobile Manufacturers,11.44,11.75,8.45,11.34,11.18,11.1,10.95,9.99,0.4,0.87,11.54
FTNT,Fortinet,Information Technology,Systems Software,79.11,114.57,72.79,77.75,82.98,93.24,99.28,98.62,0.2,49.18,118.02
FTV,Fortive,Industrials,Industrial Machinery & Supplies & Components,48.16,62.47,46.55,47.81,47.68,48.9,51.32,54.98,-0.2,8.6,52.3
FOXA,Fox Corporation (Class A),Communication Services,Broadcasting,58.36,59.89,38.55,57.6,56.2,56.09,55.64,51.78,0.2,1.44,59.2
FOX,Fox Corporation (Class B),Communication Services,Broadcasting,53.39,54.58,35.86,52.51,51.24,51.33,51.02,48.16,0.2,1.5,54.19
BEN,Franklin Resources,Financials,Asset Management & Custody Banks,25.33,26.03,16.43,25.59,25.34,24.9,23.99,20.85,0.2,2.57,25.98
FCX,Freeport-McMoRan,Materials,Copper,42.36,51.16,28.93,42.2,41.4,42.28,42.86,39.85,0.4,9.23,46.27
GRMN,Garmin,Consumer Discretionary,Consumer Electronics,232.34,239.99,159.72,233.18,231.11,229.95,218.02,209.24,0.2,3.78,241.12
IT,Gartner,Information Technology,IT Consulting & Other Services,238.69,551.8,225.98,235.96,246.28,297.85,357.35,447.81,-0.2,72.02,410.59
GE,GE Aerospace,Industrials,Aerospace & Defense,267.85,279.63,159.16,272.25,272.89,270.42,257.85,209.5,-0.2,4.46,279.8
GEHC,GE HealthCare,Health Care,Health Care Equipment,73.4,93.69,58.69,73.96,72.42,73.73,73.78,78.19,-0.2,7.85,79.16
GEV,GE Vernova,Industrials,Heavy Electrical Equipment,621.91,664.55,181.78,637.94,646.17,636.31,562.6,406.46,-0.2,11.76,695.05
GEN,Gen Digital,Information Technology,Systems Software,31.47,32.16,23.4,31.55,30.27,30.21,29.87,28.12,0.4,2.92,32.39
GNRC,Generac,Industrials,Electrical Components & Equipment,198.8,202.85,101.92,199.2,197.34,180.67,155.91,148.03,0.2,11.78,222.22
GD,General Dynamics,Industrials,Aerospace & Defense,313.69,317.49,239.38,315.19,314.44,312.33,297.78,274.96,0.2,2.91,322.82
GIS,General Mills,Consumer Staples,Packaged Foods & Meats,49.65,72.16,48.94,49.51,49.5,49.77,51.09,57.04,0.0,3.18,51.23
GM,General Motors,Consumer Discretionary,Automobile Manufacturers,56.31,59.72,42.35,55.3,54.08,53.26,51.57,50.2,0.4,0.25,56.45
GPC,Genuine Parts Company,Consumer Discretionary,Distributors,137.8,140.16,104.68,136.36,134.61,133.03,127.06,120.76,0.4,1.19,139.44
GILD,Gilead Sciences,Health Care,Biotechnology,118.37,120.47,71.47,119.6,116.5,114.69,111.87,102.28,0.4,3.08,122.02
GPN,Global Payments,Financials,Transaction & Payment Processing Services,86.79,118.42,67.25,84.73,82.95,82.74,80.52,94.53,0.0,1.64,88.21
GL,Globe Life,Financials,Life & Health Insurance,135.43,143.27,93.15,138.36,139.29,136.18,126.89,119.68,0.2,9.89,148.82
GDDY,GoDaddy,Information Technology,Internet Services & Infrastructure,145.96,214.35,133.35,141.82,145.91,155.47,167.67,182.93,-0.2,22.02,178.1
GS,Goldman Sachs,Financials,Investment Banking & Brokerage,730.72,747.2,459.93,737.05,729.79,724.48,691.95,604.94,0.2,2.35,747.89
HAL,Halliburton,Energy,Oil & Gas Equipment & Services,21.12,31.33,19.1,21.03,21.15,21.66,21.6,24.25,-0.2,9.23,23.07
HIG,Hartford (The),Financials,Property & Casualty Insurance,130.56,131.34,105.42,130.04,128.82,126.01,125.11,118.75,0.4,1.31,132.27
HAS,Hasbro,Consumer Discretionary,Leisure Products,81.14,81.14,50.19,79.57,78.36,77.2,74.46,63.73,0.4,-0.52,80.72
HCA,HCA Healthcare,Health Care,Health Care Facilities,395.79,412.92,295.46,390.62,380.12,364.84,370.91,342.18,0.2,1.54,401.89
DOC,Healthpeak Properties,Real Estate,Health Care REITs,17.31,21.95,16.63,17.05,17.01,17.43,17.54,18.87,-0.2,9.19,18.9
HSIC,Henry Schein,Health Care,Health Care Distributors,67.84,81.91,62.7,67.67,67.13,68.83,70.71,71.33,0.0,8.68,73.73
HSY,Hershey Company (The),Consumer Staples,Packaged Foods & Meats,177.99,196.72,141.22,176.96,181.74,182.54,173.51,166.42,0.2,7.58,191.48
HPE,Hewlett Packard Enterprise,Information Technology,"Technology Hardware, Storage & Peripherals",21.16,24.05,12.42,21.19,20.72,20.67,19.86,19.19,0.4,2.08,21.6
HLT,Hilton Worldwide,Consumer Discretionary,"Hotels, Resorts & Cruise Lines",267.73,278.65,201.16,268.15,264.75,267.3,263.96,248.83,0.2,3.5,277.1
HOLX,Hologic,Health Care,Health Care Equipment,67.81,83.72,52.73,68.16,67.94,66.89,65.58,66.7,0.0,2.45,69.47
HD,Home Depot (The),Consumer Discretionary,Home Improvement Retail,399.38,426.0,333.17,398.08,391.75,382.26,370.82,379.77,0.0,1.43,405.09
HON,Honeywell,Industrials,Industrial Conglomerates,216.77,239.16,180.99,216.73,217.2,221.45,226.42,216.85,0.2,8.25,234.65
HRL,Hormel Foods,Consumer Staples,Packaged Foods & Meats,28.48,32.6,27.75,28.62,28.49,28.65,29.59,29.66,-0.2,3.65,29.52
HST,Host Hotels & Resorts,Real Estate,Hotel & Resort REITs,15.72,18.25,12.54,15.77,15.59,15.9,15.84,15.81,0.6,6.81,16.79
HWM,Howmet Aerospace,Industrials,Aerospace & Defense,171.25,192.01,91.19,176.96,178.92,182.77,179.72,140.99,0.0,12.61,192.84
HPQ,HP Inc.,Information Technology,"Technology Hardware, Storage & Peripherals",26.74,38.15,21.63,26.58,25.94,25.64,25.17,29.17,-0.2,1.38,27.11
HUBB,Hubbell Incorporated,Industrials,Industrial Machinery & Supplies & Components,427.65,467.52,314.89,431.79,427.57,430.44,415.42,400.1,0.0,4.33,446.17
HUM,Humana,Health Care,Managed Health Care,286.39,366.52,220.41,278.27,267.26,252.71,241.89,258.91,0.0,1.36,290.28
HBAN,Huntington Bancshares,Financials,Regional Banks,16.57,17.67,12.37,16.52,16.31,16.46,16.5,15.87,0.4,3.14,17.09
HII,Huntington Ingalls Industries,Industrials,Aerospace & Defense,266.25,278.86,157.56,267.56,267.3,265.21,250.83,212.07,0.2,3.84,276.47
IBM,IBM,Information Technology,IT Consulting & Other Services,239.72,292.8,187.04,237.59,242.86,253.44,270.92,243.7,0.2,17.47,281.6
IEX,IDEX Corporation,Industrials,Industrial Machinery & Supplies & Components,164.77,233.54,157.53,164.46,161.89,169.73,175.43,192.26,-0.2,16.35,191.71
IDXX,Idexx Laboratories,Health Care,Health Care Equipment,650.84,682.78,361.04,654.62,653.01,601.02,558.08,469.06,0.4,9.08,709.94
ITW,Illinois Tool Works,Industrials,Industrial Machinery & Supplies & Components,258.64,273.51,217.09,261.16,258.67,258.49,253.27,252.46,0.2,2.78,265.83
INCY,Incyte,Health Care,Biotechnology,86.92,86.92,55.17,83.95,80.97,76.65,71.9,69.21,0.4,1.09,87.87
IR,Ingersoll Rand,Industrials,Industrial Machinery & Supplies & Components,78.32,105.27,66.72,78.82,77.89,81.51,83.3,86.75,-0.4,15.78,90.68
PODD,Insulet Corporation,Health Care,Health Care Equipment,321.27,327.47,180.69,312.04,301.69,295.11,298.92,277.78,0.6,-0.49,319.7
INTC,Intel,Information Technology,Semiconductors,24.56,27.39,18.13,22.62,21.29,21.34,21.74,21.67,0.6,-0.12,24.53
ICE,Intercontinental Exchange,Financials,Financial Exchanges & Data,181.2,188.45,142.02,182.79,185.23,184.28,181.86,167.15,0.0,4.46,189.28
IFF,International Flavors & Fragrances,Materials,Specialty Chemicals,65.82,104.49,63.46,65.21,66.08,70.31,73.45,79.73,-0.2,21.79,80.16
IP,International Paper,Materials,Paper & Plastic Packaging Products & Materials,46.6,58.45,43.05,47.33,46.85,49.43,48.63,50.91,-0.4,21.05,56.41
IPG,Interpublic Group of Companies (The),Communication Services,Advertising,26.09,31.12,22.6,25.68,25.23,25.28,24.62,26.06,0.0,2.3,26.69
INTU,Intuit,Information Technology,Application Software,716.74,807.39,542.39,711.73,740.29,762.51,763.27,660.62,0.2,15.43,827.33
ISRG,Intuitive Surgical,Health Care,Health Care Equipment,480.26,610.45,451.58,477.95,476.4,486.66,510.0,530.7,-0.2,6.79,512.87
IVZ,Invesco,Financials,Asset Management & Custody Banks,21.12,21.6,11.86,20.97,20.84,20.95,17.82,16.41,0.2,3.31,21.82
INVH,Invitation Homes,Real Estate,Single-Family Residential REITs,30.54,36.03,29.76,30.25,30.23,30.95,32.05,32.32,-0.2,7.2,32.74
IQV,IQVIA,Health Care,Life Sciences Tools & Services,191.09,251.55,137.0,187.34,183.97,186.62,169.97,179.84,-0.2,7.33,205.1
IRM,Iron Mountain,Real Estate,Other Specialized REITs,91.49,125.19,76.34,91.71,92.09,95.16,98.45,98.93,-0.4,11.75,102.24
JBHT,J.B. Hunt,Industrials,Cargo Ground Transportation,143.45,195.43,123.94,142.87,142.12,144.38,145.15,156.5,0.0,5.84,151.83
JBL,Jabil,Information Technology,Electronic Manufacturing Services,215.33,230.3,100.84,220.89,221.15,222.41,212.75,163.14,-0.2,7.06,230.53
JKHY,Jack Henry & Associates,Financials,Transaction & Payment Processing Services,160.39,190.67,158.52,160.26,163.02,169.34,175.39,175.03,0.2,14.9,184.29
J,Jacobs Solutions,Industrials,Construction & Engineering,147.95,152.18,109.42,149.22,147.33,144.28,136.35,130.74,0.4,2.89,152.23
JNJ,Johnson & Johnson,Health Care,Pharmaceuticals,176.64,176.64,139.73,174.48,172.96,170.13,161.32,154.53,0.4,0.1,176.82
JCI,Johnson Controls,Industrials,Building Products,103.52,111.73,66.66,105.33,105.25,106.56,105.44,88.66,0.0,7.81,111.6
JPM,JPMorgan Chase,Financials,Diversified Banks,290.49,299.63,199.83,291.52,291.03,293.26,285.12,255.42,-0.2,3.45,300.51
K,Kellanova,Consumer Staples,Packaged Foods & Meats,80.19,82.31,77.85,80.15,80.06,79.98,79.91,80.6,-0.2,0.12,80.29
KVUE,Kenvue,Consumer Staples,Personal Care Products,21.2,24.0,19.25,21.34,21.4,21.69,21.36,21.99,-0.2,6.89,22.66
KDP,Keurig Dr Pepper,Consumer Staples,Soft Drinks & Non-alcoholic Beverages,34.78,36.99,29.97,34.73,34.2,33.8,33.42,32.8,0.2,0.89,35.09
KEY,KeyCorp,Financials,Regional Banks,18.04,19.26,13.06,17.97,17.8,18.07,17.55,16.74,0.2,4.88,18.92
KEYS,Keysight Technologies,Information Technology,Electronic Equipment & Instruments,163.4,185.11,127.02,165.34,163.67,164.44,163.42,160.56,0.2,4.17,170.21
KMB,Kimberly-Clark,Consumer Staples,Household Products,132.94,146.03,122.21,133.79,134.59,130.98,130.55,132.54,0.0,4.41,138.8
KIM,Kimco Realty,Real Estate,Retail REITs,21.21,24.93,18.48,21.17,21.15,21.42,21.26,21.67,-0.2,5.0,22.27
KMI,Kinder Morgan,Energy,Oil & Gas Storage & Transportation,26.67,30.24,19.94,26.77,27.06,27.16,27.52,26.86,0.2,6.04,28.28
KKR,KKR & Co.,Financials,Asset Management & Custody Banks,142.28,166.38,92.52,144.92,144.09,146.08,137.27,134.92,0.0,7.46,152.89
KLAC,KLA Corporation,Information Technology,Semiconductor Materials & Equipment,874.94,955.41,575.15,925.11,913.97,910.15,899.0,744.86,0.0,9.14,954.91
KHC,Kraft Heinz,Consumer Staples,Packaged Foods & Meats,27.67,34.7,25.61,27.62,27.46,27.87,27.04,28.73,-0.4,5.24,29.12
KR,Kroger,Consumer Staples,Food Retail,69.69,73.97,50.47,71.14,71.89,71.3,70.03,64.97,-0.2,7.2,74.71
LHX,L3Harris,Industrials,Aerospace & Defense,270.55,278.26,192.63,270.47,272.9,271.88,260.53,230.08,0.2,3.49,279.99
LH,Labcorp,Health Care,Health Care Services,270.38,272.54,210.19,270.23,266.51,262.63,259.23,242.91,0.4,2.39,276.84
LRCX,Lam Research,Information Technology,Semiconductor Materials & Equipment,99.51,107.38,58.94,104.18,101.28,99.6,97.07,81.2,0.2,7.01,106.49
LW,Lamb Weston,Consumer Staples,Packaged Foods & Meats,54.15,80.72,47.73,53.67,53.13,54.61,53.43,58.63,-0.4,13.39,61.4
LVS,Las Vegas Sands,Consumer Discretionary,Casinos & Gaming,53.66,54.33,30.35,53.8,53.17,52.02,47.75,44.87,0.2,3.62,55.6
LDOS,Leidos,Industrials,Diversified Support Services,177.63,199.72,126.1,178.64,175.33,168.38,160.52,151.84,0.4,3.78,184.34
LEN,Lennar,Consumer Discretionary,Homebuilding,131.95,183.45,101.84,127.66,123.69,119.17,113.83,124.54,0.0,-0.51,131.28
LII,Lennox International,Industrials,Building Products,591.66,674.16,506.5,595.08,594.98,614.07,591.28,596.43,-0.2,12.69,666.74
LLY,Lilly (Eli),Health Care,Pharmaceuticals,701.23,952.73,624.28,663.01,685.51,731.36,762.42,789.96,-0.4,21.87,854.59
LIN,Linde plc,Materials,Industrial Gases,480.08,481.83,410.23,475.39,472.75,470.46,468.45,452.79,0.4,-0.01,480.03
LYV,Live Nation Entertainment,Communication Services,Movies & Entertainment,160.93,161.6,92.78,158.86,154.67,152.82,148.99,137.99,0.4,0.14,161.16
LKQ,LKQ Corporation,Consumer Discretionary,Distributors,30.97,43.02,28.96,30.55,30.0,31.31,35.16,37.76,-0.2,19.44,36.99
LMT,Lockheed Martin,Industrials,Aerospace & Defense,437.56,602.16,410.74,435.05,431.84,427.65,452.11,469.51,0.2,2.64,449.11
L,Loews Corporation,Financials,Multi-line Insurance,95.0,95.58,76.32,94.8,94.12,92.61,91.14,86.8,0.2,1.06,96.01
LOW,Lowe's,Consumer Discretionary,Home Improvement Retail,252.06,278.66,209.46,249.23,243.54,234.96,226.15,238.13,-0.2,1.33,255.41
LULU,Lululemon Athletica,Consumer Discretionary,"Apparel, Accessories & Luxury Goods",198.46,421.16,186.44,194.7,194.21,204.12,226.55,308.81,0.0,15.47,229.16
LYB,LyondellBasell,Materials,Specialty Chemicals,53.38,93.12,48.34,51.65,50.99,56.27,58.86,66.45,-0.4,28.08,68.37
MTB,M&T Bank,Financials,Regional Banks,190.07,217.42,155.42,190.96,188.76,190.83,191.34,187.88,0.4,4.48,198.59
MPC,Marathon Petroleum,Energy,Oil & Gas Refining & Marketing,162.34,182.26,117.88,160.82,162.58,167.65,169.05,151.6,0.0,10.71,179.73
MKTX,MarketAxess,Financials,Financial Exchanges & Data,190.04,290.66,184.43,188.83,191.96,200.68,212.49,221.96,-0.2,16.87,222.1
MAR,Marriott International,Consumer Discretionary,"Hotels, Resorts & Cruise Lines",265.2,302.99,210.58,264.89,262.65,266.75,268.77,266.48,0.4,5.57,279.97
MMC,Marsh McLennan,Financials,Insurance Brokers,207.21,243.22,197.78,206.26,204.18,204.73,211.25,220.59,0.2,2.5,212.39
MLM,Martin Marietta Materials,Materials,Construction Materials,609.58,620.08,451.86,611.5,607.66,591.83,567.76,540.03,0.2,2.69,625.98
MAS,Masco,Industrials,Building Products,73.52,84.25,58.18,72.37,70.8,68.84,65.99,70.14,0.2,0.68,74.02
MA,Mastercard,Financials,Transaction & Payment Processing Services,581.7,589.94,457.53,578.23,573.17,567.8,564.34,544.3,0.2,0.26,583.21
MTCH,Match Group,Communication Services,Interactive Media & Services,38.28,38.74,26.87,37.56,36.51,35.23,33.0,31.79,0.4,1.38,38.81
MKC,McCormick & Company,Consumer Staples,Packaged Foods & Meats,69.7,83.73,69.09,69.85,69.91,70.73,72.48,75.34,0.0,4.45,72.8
MCD,McDonald's,Consumer Discretionary,Restaurants,308.93,319.48,264.93,305.79,305.3,302.37,298.76,299.0,-0.2,0.58,310.72
MCK,McKesson Corporation,Health Care,Health Care Distributors,673.05,735.33,477.52,668.36,679.78,694.01,709.11,651.04,0.2,9.11,734.36
MDT,Medtronic,Health Care,Health Care Equipment,93.02,93.02,78.03,92.55,91.55,91.49,89.08,86.16,0.4,1.13,94.07
MRK,Merck & Co.,Health Care,Pharmaceuticals,84.21,115.53,72.74,82.0,81.12,81.54,80.97,87.54,0.0,1.45,85.43
META,Meta Platforms,Communication Services,Interactive Media & Services,785.23,790.0,484.29,780.66,774.63,747.07,723.8,638.28,0.4,3.43,812.16
MET,MetLife,Financials,Life & Health Insurance,77.33,86.38,67.4,76.89,75.97,76.13,77.42,79.1,-0.2,2.06,78.92
MTD,Mettler Toledo,Health Care,Life Sciences Tools & Services,1312.34,1499.7,970.15,1299.88,1269.0,1254.07,1214.94,1216.56,-0.2,1.29,1329.27
MGM,MGM Resorts,Consumer Discretionary,Casinos & Gaming,35.92,41.99,25.79,35.7,35.29,36.42,35.68,34.29,0.0,9.1,39.19
MCHP,Microchip Technology,Information Technology,Semiconductors,65.71,80.56,35.07,64.58,65.09,67.64,69.55,59.48,0.0,13.38,74.5
MU,Micron Technology,Information Technology,Semiconductors,120.87,127.79,64.66,124.38,117.83,114.28,117.4,99.36,0.4,5.35,127.34
MSFT,Microsoft,Information Technology,Systems Software,520.17,535.64,353.91,522.85,524.55,519.36,501.8,437.08,0.2,3.08,536.19
MAA,Mid-America Apartment Communities,Real Estate,Multi-Family Residential REITs,140.9,167.59,138.38,139.51,140.27,144.74,146.92,152.76,-0.4,10.48,155.67
MRNA,Moderna,Health Care,Biotechnology,28.02,89.96,23.65,26.55,26.73,29.48,29.16,33.68,-0.4,28.05,35.88
MHK,Mohawk Industries,Consumer Discretionary,Home Furnishings,128.08,161.25,97.99,127.06,123.73,120.25,111.74,117.22,0.0,2.12,130.8
MOH,Molina Healthcare,Health Care,Managed Health Care,167.49,360.77,152.31,159.89,157.71,162.29,224.51,287.68,0.0,8.24,181.29
TAP,Molson Coors Beverage Company,Consumer Staples,Brewers,51.42,62.37,47.24,51.14,50.39,50.32,49.89,55.36,0.0,2.1,52.5
MDLZ,Mondelez International,Consumer Staples,Packaged Foods & Meats,62.08,73.6,55.34,61.74,62.08,65.25,66.57,63.84,0.2,16.91,72.58
MPWR,Monolithic Power Systems,Information Technology,Semiconductors,826.47,939.39,454.23,835.03,821.66,774.97,741.94,654.68,0.4,6.2,877.71
MNST,Monster Beverage,Consumer Staples,Soft Drinks & Non-alcoholic Beverages,64.64,64.69,46.16,64.14,62.51,61.23,61.64,56.66,0.2,1.18,65.4
MCO,Moody's Corporation,Financials,Financial Exchanges & Data,516.46,524.53,395.22,516.58,516.08,511.62,498.22,477.76,0.2,1.52,524.31
MS,Morgan Stanley,Financials,Investment Banking & Brokerage,144.63,148.51,93.79,146.41,143.93,142.61,138.91,127.25,0.4,2.27,147.91
MOS,Mosaic Company (The),Materials,Fertilizers & Agricultural Chemicals,32.47,37.81,22.62,32.09,32.63,34.51,35.39,29.31,0.0,20.05,38.98
MSI,Motorola Solutions,Information Technology,Communications Equipment,460.31,500.78,393.68,464.85,453.89,441.59,425.8,440.98,0.0,2.78,473.11
MSCI,MSCI Inc.,Financials,Financial Exchanges & Data,557.02,630.0,503.37,556.52,554.4,551.97,560.06,570.25,0.0,3.49,576.46
NDAQ,"Nasdaq, Inc.",Financials,Financial Exchanges & Data,94.68,96.94,66.19,95.74,96.18,94.75,90.66,81.1,0.2,5.63,100.01
NTAP,NetApp,Information Technology,"Technology Hardware, Storage & Peripherals",108.79,130.77,75.73,108.28,106.0,105.54,104.98,106.39,-0.2,1.18,110.07
NFLX,Netflix,Communication Services,Movies & Entertainment,1238.95,1339.13,661.68,1223.51,1200.69,1190.69,1230.76,1031.59,0.8,0.37,1243.53
NEM,Newmont,Materials,Gold,69.33,69.33,36.61,68.83,68.28,65.38,60.77,49.23,0.2,3.53,71.78
NWSA,News Corp (Class A),Communication Services,Publishing,29.47,30.38,23.97,29.22,29.18,29.25,29.08,28.15,0.2,1.59,29.94
NWS,News Corp (Class B),Communication Services,Publishing,34.03,34.89,26.94,33.73,33.62,33.59,33.45,31.89,0.4,0.73,34.28
NEE,NextEra Energy,Utilities,Multi-Utilities,75.41,83.49,63.6,72.85,72.15,72.38,72.71,71.02,0.2,0.88,76.07
NKE,"Nike, Inc.",Consumer Discretionary,"Apparel, Accessories & Luxury Goods",76.97,87.95,52.92,75.9,75.27,75.71,70.82,69.85,0.2,2.1,78.59
NI,NiSource,Utilities,Multi-Utilities,41.95,43.33,30.83,42.34,42.44,42.14,40.53,38.23,0.0,3.0,43.21
NDSN,Nordson Corporation,Industrials,Industrial Machinery & Supplies & Components,213.44,261.43,166.9,215.73,213.93,215.54,216.37,214.67,0.4,4.49,223.02
NSC,Norfolk Southern,Industrials,Rail Transportation,280.74,285.03,204.09,280.33,280.31,279.26,265.45,246.37,0.2,1.29,284.36
NTRS,Northern Trust,Financials,Asset Management & Custody Banks,126.02,132.06,82.29,126.62,126.27,127.39,122.83,107.3,0.0,4.56,131.77
NOC,Northrop Grumman,Industrials,Aerospace & Defense,583.96,589.95,429.46,582.16,584.83,575.59,531.6,494.19,0.0,4.03,607.49
NCLH,Norwegian Cruise Line Holdings,Consumer Discretionary,"Hotels, Resorts & Cruise Lines",24.3,29.07,15.43,24.28,24.5,24.21,22.01,22.6,-0.2,4.94,25.5
NRG,NRG Energy,Utilities,Independent Power Producers & Energy Traders,148.62,173.91,75.33,153.22,156.63,158.19,154.96,117.33,0.2,16.16,172.64
NUE,Nucor,Materials,Steel,145.41,165.5,102.79,142.95,140.65,141.72,135.03,128.92,0.2,1.45,147.52
NVDA,Nvidia,Information Technology,Semiconductors,180.45,183.16,94.3,181.86,181.04,177.5,163.5,136.86,0.2,3.27,186.35
NVR,"NVR, Inc.",Consumer Discretionary,Homebuilding,8235.0,9924.4,6700.0,8097.16,7982.3,7860.04,7569.35,7781.21,0.0,0.52,8277.82
NXPI,NXP Semiconductors,Information Technology,Semiconductors,228.78,253.51,152.79,223.21,215.55,219.2,219.31,210.23,0.2,3.95,237.82
ORLY,O’Reilly Automotive,Consumer Discretionary,Automotive Retail,101.54,104.44,73.94,102.23,102.6,99.99,94.36,88.62,0.2,4.31,105.92
OXY,Occidental Petroleum,Energy,Oil & Gas Exploration & Production,44.61,56.7,35.91,44.4,43.84,44.07,44.04,45.66,-0.2,2.47,45.71
ODFL,Old Dominion,Industrials,Cargo Ground Transportation,151.14,230.8,141.85,149.59,147.92,153.71,159.37,176.34,0.0,13.68,171.82
OMC,Omnicom Group,Communication Services,Advertising,76.31,102.78,69.22,74.96,73.8,73.99,72.74,80.98,-0.2,2.32,78.08
ON,ON Semiconductor,Information Technology,Semiconductors,51.09,77.87,31.95,50.34,48.91,53.62,54.38,53.11,0.0,24.9,63.81
OKE,Oneok,Energy,Oil & Gas Storage & Transportation,73.93,112.93,73.65,74.35,75.25,77.91,79.4,90.13,-0.2,13.46,83.88
ORCL,Oracle Corporation,Information Technology,Application Software,248.28,256.43,122.56,248.79,250.8,248.3,228.23,178.63,0.2,3.96,258.11
OTIS,Otis Worldwide,Industrials,Industrial Machinery & Supplies & Components,87.43,104.22,84.52,87.34,86.81,88.15,93.66,95.88,-0.2,9.81,96.01
PCAR,Paccar,Industrials,Construction Machinery & Heavy Transportation Equipment,98.22,113.98,85.82,98.74,97.81,98.24,96.0,100.21,-0.2,4.22,102.36
PKG,Packaging Corporation of America,Materials,Paper & Plastic Packaging Products & Materials,193.42,244.28,174.83,197.26,195.64,198.63,196.81,206.91,-0.2,7.92,208.74
PLTR,Palantir Technologies,Information Technology,Application Software,177.17,186.97,30.16,182.44,179.48,167.47,150.5,103.42,0.4,9.53,194.05
PANW,Palo Alto Networks,Information Technology,Systems Software,177.09,208.28,152.44,174.21,171.92,182.37,191.91,187.37,0.2,18.12,209.18
PSKY,Paramount Skydance Corporation,Communication Services,Movies & Entertainment,13.72,15.0,9.8,12.84,12.15,12.62,12.52,11.46,0.4,9.84,15.07
PH,Parker Hannifin,Industrials,Industrial Machinery & Supplies & Components,729.96,762.05,515.78,744.01,730.42,729.16,704.67,661.3,0.2,3.83,757.92
PAYX,Paychex,Industrials,Human Resource & Employment Services,138.25,158.58,121.66,137.59,138.73,141.87,145.06,144.44,0.0,8.02,149.34
PAYC,Paycom,Industrials,Human Resource & Employment Services,217.18,265.71,154.07,218.18,223.0,228.59,233.12,223.54,0.2,12.19,243.65
PYPL,PayPal,Financials,Transaction & Payment Processing Services,69.23,91.81,57.41,68.86,68.54,71.2,72.58,75.86,-0.4,14.24,79.09
PNR,Pentair,Industrials,Industrial Machinery & Supplies & Components,104.98,109.01,75.76,105.93,104.34,103.62,102.75,97.88,0.4,2.41,107.51
PEP,PepsiCo,Consumer Staples,Soft Drinks & Non-alcoholic Beverages,150.4,173.24,127.06,148.02,144.9,143.8,137.29,143.72,0.2,0.13,150.6
PFE,Pfizer,Health Care,Pharmaceuticals,25.14,28.21,20.83,24.93,24.57,24.4,24.26,24.24,0.2,1.59,25.54
PCG,PG&E Corporation,Utilities,Multi-Utilities,15.02,21.53,13.0,15.23,15.15,14.52,14.16,16.91,0.0,5.46,15.84
PM,Philip Morris International,Consumer Staples,Tobacco,166.19,183.57,112.77,167.25,166.87,165.54,174.48,150.94,0.4,5.16,174.77
PSX,Phillips 66,Energy,Oil & Gas Refining & Marketing,123.61,136.52,91.98,121.47,120.91,123.11,123.33,119.05,0.2,4.53,129.21
PNW,Pinnacle West Capital,Utilities,Multi-Utilities,91.34,93.78,79.36,92.25,92.48,91.47,90.01,88.61,0.0,3.71,94.73
PNC,PNC Financial Services,Financials,Diversified Banks,191.27,209.23,146.94,191.8,190.25,192.06,187.81,183.37,0.2,3.98,198.88
POOL,Pool Corporation,Consumer Discretionary,Distributors,321.75,385.63,283.92,318.9,313.43,313.56,303.41,325.63,0.0,2.55,329.95
PPG,PPG Industries,Materials,Specialty Chemicals,111.8,131.36,90.49,110.33,107.79,109.52,111.67,112.99,0.2,5.45,117.89
PPL,PPL Corporation,Utilities,Electric Utilities,36.55,37.24,30.01,36.81,36.49,36.34,34.98,33.93,0.4,1.83,37.22
PFG,Principal Financial Group,Financials,Life & Health Insurance,77.64,88.8,68.88,77.56,76.88,78.03,78.4,79.39,0.0,5.23,81.7
PG,Procter & Gamble,Consumer Staples,Personal Care Products,154.36,176.3,150.47,154.72,153.47,154.56,156.76,162.93,0.0,3.6,159.92
PGR,Progressive Corporation,Financials,Property & Casualty Insurance,247.15,291.0,229.65,247.04,245.91,245.19,254.0,259.68,0.2,1.72,251.4
PLD,Prologis,Real Estate,Industrial REITs,106.59,127.92,88.91,105.5,105.75,107.08,107.04,108.75,-0.2,3.95,110.8
PRU,Prudential Financial,Financials,Life & Health Insurance,105.92,126.35,93.93,105.68,104.14,103.79,104.85,109.7,-0.2,1.36,107.36
PEG,Public Service Enterprise Group,Utilities,Electric Utilities,85.32,92.39,76.52,86.83,87.35,87.4,84.1,83.0,-0.2,5.78,90.25
PTC,PTC Inc.,Information Technology,Application Software,205.84,216.41,136.74,206.01,208.85,206.79,189.3,177.87,0.2,5.43,217.02
PSA,Public Storage,Real Estate,Self-Storage REITs,282.94,354.44,263.65,281.45,281.67,283.75,288.99,297.85,0.0,3.63,293.21
PHM,PulteGroup,Consumer Discretionary,Homebuilding,128.69,148.13,91.82,126.15,123.37,119.6,111.56,110.61,0.4,1.04,130.03
PWR,Quanta Services,Industrials,Construction & Engineering,380.81,421.68,236.56,382.79,385.77,396.03,382.3,324.37,0.2,10.4,420.41
QCOM,Qualcomm,Information Technology,Semiconductors,157.85,175.11,123.92,154.85,150.77,153.95,155.35,155.23,0.4,4.96,165.68
DGX,Quest Diagnostics,Health Care,Health Care Services,179.77,181.25,144.81,178.86,176.42,173.13,174.13,165.73,0.4,1.25,182.02
RL,Ralph Lauren Corporation,Consumer Discretionary,"Apparel, Accessories & Luxury Goods",290.61,304.45,156.21,294.28,294.96,295.64,283.88,247.21,-0.2,5.96,307.93
RJF,Raymond James Financial,Financials,Investment Banking & Brokerage,163.32,171.46,113.34,165.02,165.29,165.21,157.7,152.71,-0.2,4.55,170.75
RTX,RTX Corporation,Industrials,Aerospace & Defense,154.09,157.71,112.45,154.49,154.91,154.88,148.61,129.97,0.0,3.13,158.91
O,Realty Income,Real Estate,Retail REITs,58.48,61.73,49.83,57.85,57.53,57.23,57.01,55.02,0.4,0.02,58.49
REG,Regency Centers,Real Estate,Retail REITs,71.02,76.25,64.84,71.51,72.12,71.64,70.93,71.35,-0.4,3.51,73.51
REGN,Regeneron Pharmaceuticals,Health Care,Biotechnology,580.41,1198.45,483.07,562.08,562.98,560.6,542.61,644.16,0.0,-0.37,578.26
RF,Regions Financial Corporation,Financials,Regional Banks,25.6,26.62,18.13,25.49,25.23,25.6,24.24,23.07,0.2,4.69,26.8
RSG,Republic Services,Industrials,Environmental & Facilities Services,232.85,257.46,196.49,233.73,233.88,236.78,241.8,229.34,0.0,6.15,247.17
RMD,ResMed,Health Care,Health Care Equipment,284.89,290.83,203.67,284.74,284.17,278.32,263.56,241.77,0.2,2.77,292.78
RVTY,Revvity,Health Care,Health Care Equipment,90.78,127.41,85.8,88.99,88.12,91.48,94.59,105.34,0.0,12.16,101.82
ROK,Rockwell Automation,Industrials,Electrical Components & Equipment,342.28,358.52,218.04,341.66,339.9,346.71,338.65,291.97,-0.2,6.69,365.18
ROL,"Rollins, Inc.",Industrials,Environmental & Facilities Services,57.33,58.48,45.24,57.83,58.04,57.41,56.68,52.5,0.0,3.7,59.45
ROP,Roper Technologies,Information Technology,Electronic Equipment & Instruments,529.64,592.1,501.26,524.82,532.14,544.23,554.61,556.22,-0.2,8.13,572.7
ROST,Ross Stores,Consumer Discretionary,Apparel Retail,146.94,155.29,122.55,147.82,145.98,141.69,135.62,140.32,0.0,2.97,151.3
RCL,Royal Caribbean Group,Consumer Discretionary,"Hotels, Resorts & Cruise Lines",313.95,352.84,151.05,311.12,310.79,325.38,311.69,250.63,0.0,15.04,361.17
SPGI,S&P Global,Financials,Financial Exchanges & Data,556.47,564.15,437.5,559.63,560.27,546.07,529.84,509.12,0.4,3.83,577.78
CRM,Salesforce,Information Technology,Application Software,242.44,366.29,231.66,235.44,240.76,252.45,260.63,292.78,-0.4,15.07,278.98
SBAC,SBA Communications,Real Estate,Telecom Tower REITs,219.94,245.74,190.85,218.67,220.67,226.11,229.25,219.39,0.2,9.06,239.87
SLB,Schlumberger,Energy,Oil & Gas Equipment & Services,32.99,44.61,31.68,33.01,33.0,33.82,34.57,37.66,-0.2,9.06,35.98
STX,Seagate Technology,Information Technology,"Technology Hardware, Storage & Peripherals",154.43,157.01,66.19,154.87,152.67,152.09,143.96,106.18,0.2,2.56,158.38
SRE,Sempra,Utilities,Multi-Utilities,81.23,92.47,63.23,81.66,81.91,81.17,77.41,78.44,-0.2,2.57,83.32
NOW,ServiceNow,Information Technology,Systems Software,867.24,1170.39,721.65,858.24,877.83,921.79,967.62,974.68,-0.2,17.86,1022.13
SHW,Sherwin-Williams,Materials,Specialty Chemicals,364.4,397.11,312.15,361.67,355.73,346.7,345.95,352.0,0.0,1.03,368.15
SPG,Simon Property Group,Real Estate,Retail REITs,173.28,183.07,138.55,170.5,168.45,166.75,163.22,165.66,0.0,-0.13,173.05
SWKS,Skyworks Solutions,Information Technology,Semiconductors,74.52,106.51,48.7,73.15,70.85,71.12,72.89,74.45,-0.2,1.76,75.83
SJM,J.M. Smucker Company (The),Consumer Staples,Packaged Foods & Meats,110.76,117.29,93.48,110.62,109.8,108.69,103.76,107.54,0.0,1.26,112.16
SW,Smurfit Westrock,Materials,Paper & Plastic Packaging Products & Materials,42.69,55.13,37.46,43.5,43.36,44.91,44.43,47.04,-0.4,14.41,48.84
SNA,Snap-on,Industrials,Industrial Machinery & Supplies & Components,326.01,366.61,265.78,326.25,323.82,325.15,319.89,330.55,-0.2,2.47,334.06
SOLV,Solventum,Health Care,Health Care Technology,71.42,84.04,57.78,72.59,72.65,72.91,74.03,72.23,0.4,4.87,74.9
SO,Southern Company,Utilities,Electric Utilities,94.07,96.0,79.61,94.32,94.67,94.83,92.47,87.9,0.0,1.95,95.9
LUV,Southwest Airlines,Industrials,Passenger Airlines,31.5,37.7,23.9,30.59,30.15,31.73,32.91,31.39,0.2,16.89,36.82
SWK,Stanley Black & Decker,Industrials,Industrial Machinery & Supplies & Components,74.06,106.67,55.14,72.95,70.83,70.82,69.42,75.38,-0.2,3.16,76.4
SBUX,Starbucks,Consumer Discretionary,Restaurants,90.6,114.25,78.61,92.1,90.97,91.63,92.0,93.72,0.0,6.36,96.36
STT,State Street Corporation,Financials,Asset Management & Custody Banks,111.07,113.6,74.79,111.48,110.89,111.02,106.39,96.1,0.2,2.64,114.0
STLD,Steel Dynamics,Materials,Steel,126.42,152.49,106.43,126.23,124.34,126.68,129.56,128.28,0.4,6.11,134.14
STE,Steris,Health Care,Health Care Equipment,245.56,251.96,201.46,244.83,237.68,232.19,234.61,224.37,0.4,1.62,249.54
SYK,Stryker Corporation,Health Care,Health Care Equipment,381.91,403.53,329.7,378.53,378.39,386.98,386.6,377.6,0.0,6.68,407.42
SMCI,Supermicro,Information Technology,"Technology Hardware, Storage & Peripherals",45.37,62.88,18.01,45.71,48.21,51.86,48.75,39.05,0.2,39.26,63.18
SYF,Synchrony Financial,Financials,Consumer Finance,71.49,72.83,43.38,71.77,70.51,70.53,67.36,61.46,0.4,3.06,73.68
SNPS,Synopsys,Information Technology,Application Software,617.91,645.35,380.9,618.95,622.49,619.15,557.9,507.09,0.2,4.52,645.84
SYY,Sysco,Consumer Staples,Food Distributors,79.52,82.19,67.53,80.71,80.47,80.15,77.4,74.06,0.2,3.01,81.91
TMUS,T-Mobile US,Communication Services,Wireless Telecommunication Services,254.63,271.83,190.96,251.39,246.4,242.47,236.18,240.15,0.2,0.2,255.14
TROW,T. Rowe Price,Financials,Asset Management & Custody Banks,107.04,120.07,79.19,107.79,106.51,105.87,100.68,101.98,0.0,2.55,109.77
TTWO,Take-Two Interactive,Communication Services,Interactive Home Entertainment,232.18,243.05,144.91,231.34,227.97,226.94,233.35,208.72,0.6,1.69,236.1
TPR,"Tapestry, Inc.",Consumer Discretionary,"Apparel, Accessories & Luxury Goods",100.74,113.53,37.11,105.76,108.19,108.04,96.5,75.98,-0.4,15.01,115.86
TRGP,Targa Resources,Energy,Oil & Gas Storage & Transportation,163.19,213.93,137.41,165.92,165.31,165.04,167.53,179.4,0.0,3.41,168.75
TGT,Target Corporation,Consumer Staples,Consumer Staples Merchandise Retail,103.02,154.72,86.82,104.13,103.38,103.21,100.54,113.04,-0.4,4.6,107.76
TEL,TE Connectivity,Information Technology,Electronic Manufacturing Services,202.71,209.34,121.47,203.99,202.74,201.8,182.43,155.98,0.2,7.27,217.45
TDY,Teledyne Technologies,Information Technology,Electronic Equipment & Instruments,538.47,563.66,408.53,544.97,547.43,549.88,526.67,493.79,-0.2,4.06,560.33
TER,Teradyne,Information Technology,Semiconductor Materials & Equipment,109.42,139.64,67.86,110.31,108.3,102.35,94.97,100.3,0.0,8.04,118.22
TSLA,"Tesla, Inc.",Consumer Discretionary,Automobile Manufacturers,330.56,479.86,201.38,337.08,327.52,323.32,319.33,326.56,-0.2,4.88,346.69
TXN,Texas Instruments,Information Technology,Semiconductors,194.57,219.66,143.34,191.65,188.54,189.64,199.43,186.35,0.2,6.52,207.26
TPL,Texas Pacific Land Corporation,Energy,Oil & Gas Exploration & Production,882.15,1723.85,784.85,877.75,897.98,931.32,1009.42,1234.5,-0.2,16.03,1023.56
TXT,Textron,Industrials,Aerospace & Defense,78.89,91.11,60.7,79.34,78.46,79.64,79.99,76.8,0.2,8.4,85.52
TMO,Thermo Fisher Scientific,Health Care,Life Sciences Tools & Services,489.01,622.18,390.26,479.73,469.6,466.19,434.26,485.13,-0.2,3.53,506.27
TJX,TJX Companies,Consumer Discretionary,Apparel Retail,132.62,134.6,107.35,132.84,131.56,128.46,125.68,123.13,0.4,1.9,135.14
TKO,TKO Group Holdings,Communication Services,Movies & Entertainment,188.85,191.28,113.12,187.43,174.6,171.36,171.61,153.42,0.4,1.39,191.48
TTD,Trade Desk (The),Communication Services,Advertising,52.12,139.51,45.27,52.74,67.33,76.16,74.21,88.12,-0.2,105.05,106.87
TSCO,Tractor Supply,Consumer Discretionary,Other Specialty Retail,60.49,60.49,47.8,59.75,59.75,59.07,55.93,54.03,0.2,0.83,60.99
TT,Trane Technologies,Industrials,Building Products,423.43,472.54,314.52,430.77,430.18,441.87,435.32,391.61,0.0,11.91,473.86
TDG,TransDigm Group,Industrials,Aerospace & Defense,1387.88,1620.83,1182.38,1409.33,1429.27,1513.96,1502.37,1377.41,0.2,22.87,1705.29
TRV,Travelers Companies (The),Financials,Property & Casualty Insurance,265.59,275.2,210.54,266.33,265.76,263.38,262.68,254.89,0.2,1.86,270.53
TRMB,Trimble Inc.,Information Technology,Electronic Equipment & Instruments,82.24,85.24,53.17,83.32,83.39,83.62,78.97,71.85,0.2,4.24,85.73
TFC,Truist Financial,Financials,Diversified Banks,44.42,46.42,33.92,44.2,43.47,43.84,42.75,41.97,0.2,3.06,45.78
TYL,Tyler Technologies,Information Technology,Application Software,572.03,646.74,521.68,574.74,589.17,576.18,576.6,585.8,-0.4,7.27,613.62
TSN,Tyson Foods,Consumer Staples,Packaged Foods & Meats,56.8,64.25,52.3,56.78,56.2,54.85,54.99,57.58,0.0,2.27,58.09
USB,U.S. Bancorp,Financials,Diversified Banks,45.93,51.9,36.0,45.94,45.21,45.48,45.26,44.96,0.4,2.85,47.24
UBER,Uber,Industrials,Passenger Ground Transportation,92.6,97.48,59.93,91.43,90.64,90.07,90.05,77.62,0.2,0.99,93.52
UDR,"UDR, Inc.",Real Estate,Multi-Family Residential REITs,38.51,45.23,37.29,38.08,38.21,39.21,40.04,41.43,-0.4,7.89,41.55
ULTA,Ulta Beauty,Consumer Discretionary,Other Specialty Retail,521.0,532.71,314.47,518.92,514.03,512.51,487.95,413.8,0.2,1.79,530.33
UNP,Union Pacific Corporation,Industrials,Rail Transportation,220.78,251.7,207.02,220.79,221.93,223.52,226.77,229.72,-0.2,4.23,230.12
UAL,United Airlines Holdings,Industrials,Passenger Airlines,100.93,110.52,40.24,97.53,92.85,91.45,85.46,86.7,0.0,-0.57,100.35
UPS,United Parcel Service,Industrials,Air Freight & Logistics,88.48,133.4,84.5,87.79,87.02,91.5,97.06,109.46,0.0,19.16,105.43
URI,United Rentals,Industrials,Trading Companies & Distributors,908.88,932.23,549.5,909.14,884.78,868.67,798.34,731.46,0.4,4.39,948.78
UNH,UnitedHealth Group,Health Care,Managed Health Care,304.01,615.84,237.77,272.25,259.46,265.53,288.35,440.69,0.4,-0.6,302.19
UHS,Universal Health Services,Health Care,Health Care Facilities,178.47,240.75,154.95,176.52,171.68,166.84,173.4,182.82,-0.2,1.47,181.09
VLO,Valero Energy,Energy,Oil & Gas Refining & Marketing,136.8,153.55,102.97,134.78,134.51,137.82,138.4,129.35,0.0,7.3,146.79
VTR,Ventas,Real Estate,Health Care REITs,67.77,69.55,56.07,68.07,68.31,67.55,65.01,63.61,0.2,2.42,69.41
VLTO,Veralto,Industrials,Environmental & Facilities Services,107.27,113.22,85.23,108.13,107.69,105.67,102.56,100.42,0.4,2.8,110.27
VRSN,Verisign,Information Technology,Internet Services & Infrastructure,269.89,305.98,174.45,266.93,269.03,276.44,280.57,240.43,0.0,11.68,301.41
VRSK,Verisk Analytics,Industrials,Research & Consulting Services,267.86,320.87,260.0,265.43,265.44,277.9,295.63,290.92,0.2,14.53,306.78
VZ,Verizon,Communication Services,Integrated Telecommunication Services,44.24,45.03,36.62,43.58,43.2,42.99,42.4,41.2,0.4,-0.81,43.88
VRTX,Vertex Pharmaceuticals,Health Care,Biotechnology,392.79,516.74,366.54,388.25,391.63,429.06,444.88,459.22,-0.2,30.97,514.44
VTRS,Viatris,Health Care,Pharmaceuticals,10.61,13.02,7.16,10.34,9.74,9.44,9.18,9.97,0.0,0.09,10.62
VICI,Vici Properties,Real Estate,Hotel & Resort REITs,32.5,33.93,27.46,32.76,33.02,33.01,32.72,30.97,0.2,3.97,33.79
V,Visa Inc.,Financials,Transaction & Payment Processing Services,344.47,372.65,259.32,340.91,338.98,344.76,350.37,335.39,0.2,4.38,359.56
VST,Vistra Corp.,Utilities,Electric Utilities,197.33,214.06,73.19,202.92,204.68,201.51,191.27,155.19,0.0,9.12,215.33
VMC,Vulcan Materials Company,Materials,Construction Materials,291.62,295.15,219.65,291.21,286.89,278.95,269.42,262.46,0.4,1.84,296.99
WRB,W. R. Berkley Corporation,Financials,Property & Casualty Insurance,70.79,74.57,55.33,70.73,70.55,69.58,70.66,65.14,0.2,1.34,71.74
GWW,W. W. Grainger,Industrials,Industrial Machinery & Supplies & Components,969.93,1212.97,915.74,965.4,954.26,992.22,1025.42,1053.35,-0.2,11.92,1085.55
WAB,Wabtec,Industrials,Construction Machinery & Heavy Transportation Equipment,189.16,214.1,155.33,191.72,190.1,194.59,202.34,194.15,0.4,11.35,210.63
WBA,Walgreens Boots Alliance,Consumer Staples,Drug Retail,11.96,12.93,8.01,11.92,11.86,11.73,11.55,10.68,0.2,0.75,12.05
WMT,Walmart,Consumer Staples,Consumer Staples Merchandise Retail,100.0,104.27,67.8,101.69,101.64,99.27,97.42,93.45,0.4,4.81,104.81
DIS,Walt Disney Company (The),Communication Services,Movies & Entertainment,115.39,124.01,81.37,114.92,115.28,117.83,118.88,108.29,0.0,7.73,124.31
WBD,Warner Bros. Discovery,Communication Services,Broadcasting,11.85,13.7,6.94,11.54,11.88,12.54,11.64,10.29,0.4,20.34,14.26
WM,Waste Management,Industrials,Environmental & Facilities Services,226.81,241.26,199.11,230.59,231.32,230.4,230.32,223.78,-0.2,4.36,236.7
WAT,Waters Corporation,Health Care,Life Sciences Tools & Services,291.55,417.28,277.72,289.34,285.04,290.01,319.55,357.0,-0.2,5.26,306.89
WEC,WEC Energy Group,Utilities,Electric Utilities,107.36,110.37,86.3,108.37,108.94,108.54,105.82,101.44,-0.2,2.78,110.34
WFC,Wells Fargo,Financials,Diversified Banks,77.1,83.83,50.45,78.29,77.77,79.67,78.69,73.44,0.0,9.58,84.49
WELL,Welltower,Real Estate,Health Care REITs,162.9,168.94,113.43,163.98,166.13,164.1,157.27,144.09,0.2,4.83,170.77
WST,West Pharmaceutical Services,Health Care,Health Care Supplies,246.2,347.02,190.04,243.77,241.49,242.54,229.94,259.93,-0.2,10.19,271.29
WDC,Western Digital,Information Technology,"Technology Hardware, Storage & Peripherals",75.06,78.69,30.48,75.58,75.42,73.17,66.42,51.83,0.2,6.66,80.06
WY,Weyerhaeuser,Real Estate,Timber REITs,25.84,33.15,24.49,25.89,25.73,25.7,26.07,27.89,0.0,2.75,26.55
WSM,"Williams-Sonoma, Inc.",Consumer Discretionary,Homefurnishing Retail,203.23,215.83,126.49,205.17,202.99,193.36,175.22,172.83,0.4,5.58,214.57
WMB,Williams Companies,Energy,Oil & Gas Storage & Transportation,57.46,62.87,41.83,57.7,58.22,58.37,59.02,56.88,0.2,4.82,60.23
WTW,Willis Towers Watson,Financials,Insurance Brokers,330.5,338.92,276.66,330.87,327.81,318.29,309.2,314.67,0.0,2.63,339.19
WDAY,"Workday, Inc.",Information Technology,Application Software,226.09,279.91,210.47,219.87,222.16,229.07,235.14,248.98,-0.4,8.96,246.35
WYNN,Wynn Resorts,Consumer Discretionary,Casinos & Gaming,109.45,112.49,65.93,110.75,108.94,108.81,101.81,90.16,0.2,2.62,112.32
XEL,Xcel Energy,Utilities,Multi-Utilities,71.93,74.24,56.96,72.46,73.01,72.77,69.91,68.23,-0.2,3.18,74.22
XYL,Xylem Inc.,Industrials,Industrial Machinery & Supplies & Components,140.81,144.62,102.53,142.5,142.98,138.5,132.74,124.36,0.2,6.37,149.78
YUM,Yum! Brands,Consumer Discretionary,Restaurants,148.18,161.74,122.07,144.62,143.48,144.76,145.51,142.3,0.4,1.15,149.88
ZBRA,Zebra Technologies,Information Technology,Electronic Equipment & Instruments,317.9,421.11,213.54,324.8,320.99,327.26,315.88,329.25,-0.4,9.7,348.74
ZBH,Zimmer Biomet,Health Care,Health Care Equipment,102.75,115.11,89.98,101.99,98.32,96.53,94.3,101.86,0.0,1.74,104.54
ZTS,Zoetis,Health Care,Pharmaceuticals,154.11,194.12,143.44,151.68,149.84,149.96,155.1,162.38,0.2,0.67,155.14
