Symbol,Company,GICS_Sector,GICS_Sub_Industry,Current_Price,High_52_Week,Low_52_Week,SMA5,SMA10,SMA20,SMA50,SMA200,Score,Target_Pcnt,Target_Price,Stop_Loss
MMM,3M,Industrials,Industrial Conglomerates,164.63,171.6,123.39,167.99,163.27,158.81,156.7,148.85,0.2,4.97,172.81,144.8
AOS,A. O. Smith,Industrials,Building Products,65.58,75.52,59.04,67.79,68.7,69.6,71.36,67.97,-0.4,12.24,73.61,65.59
ABT,Abbott Laboratories,Health Care,Health Care Equipment,124.43,138.33,109.61,126.28,127.26,129.79,131.32,129.67,-0.2,8.88,135.48,124.11
ABBV,AbbVie,Health Care,Biotechnology,225.14,242.63,159.42,227.39,228.55,229.11,220.59,196.15,0.2,3.74,233.56,224.64
ACN,Accenture,Information Technology,IT Consulting & Other Services,247.75,394.31,232.56,249.87,246.36,246.3,246.98,295.81,-0.2,3.6,256.67,235.95
ADBE,Adobe Inc.,Information Technology,Application Software,337.86,552.96,329.23,352.64,348.07,345.85,351.32,384.41,0.2,7.8,364.21,327.48
AMD,Advanced Micro Devices,Information Technology,Semiconductors,264.33,264.33,78.21,253.98,244.64,227.62,187.63,138.04,0.0,5.47,278.79,176.46
AES,AES Corporation,Utilities,Independent Power Producers & Energy Traders,14.37,16.1,9.5,14.41,14.45,14.45,13.68,11.84,0.0,3.13,14.82,14.08
AFL,Aflac,Financials,Life & Health Insurance,105.7,113.07,97.56,106.93,107.39,109.42,108.71,105.16,0.0,7.76,113.9,104.95
A,Agilent Technologies,Health Care,Life Sciences Tools & Services,143.2,151.65,98.88,146.23,144.87,142.13,131.65,123.11,0.0,3.95,148.86,135.41
APD,Air Products,Materials,Industrial Gases,248.34,331.69,245.41,253.67,253.68,259.47,274.69,283.93,0.2,10.22,273.72,245.22
ABNB,Airbnb,Consumer Discretionary,"Hotels, Resorts & Cruise Lines",126.48,161.42,105.69,127.78,127.1,123.86,124.51,129.24,-0.2,3.7,131.16,116.56
AKAM,Akamai Technologies,Information Technology,Internet Services & Infrastructure,73.01,104.71,68.21,74.78,74.48,75.12,76.23,80.32,0.2,7.46,78.46,71.79
ALB,Albemarle Corporation,Materials,Specialty Chemicals,97.8,108.94,50.16,98.74,96.05,94.38,86.22,73.55,0.0,4.93,102.62,86.14
ARE,Alexandria Real Estate Equities,Real Estate,Office REITs,58.76,107.25,58.76,70.78,73.54,75.49,79.55,80.24,-0.2,47.53,86.69,64.28
ALGN,Align Technology,Health Care,Health Care Supplies,131.91,240.52,124.88,134.38,133.89,132.01,133.55,170.14,-0.2,4.42,137.74,126.28
ALLE,Allegion,Industrials,Building Products,165.59,179.47,118.08,168.83,173.21,174.75,173.94,147.55,-0.2,10.19,182.46,167.04
LNT,Alliant Energy,Utilities,Electric Utilities,67.79,68.97,54.87,68.44,68.32,68.0,66.29,62.54,0.2,2.24,69.31,66.69
ALL,Allstate,Financials,Property & Casualty Insurance,190.0,214.65,178.34,192.34,193.48,200.94,203.2,198.03,-0.2,14.11,216.81,185.07
GOOGL,Alphabet Inc. (Class A),Communication Services,Interactive Media & Services,274.57,274.57,144.4,264.86,258.78,251.92,240.54,191.57,0.2,-1.4,270.73,233.11
GOOG,Alphabet Inc. (Class C),Communication Services,Interactive Media & Services,275.17,275.17,146.27,265.55,259.43,252.68,241.15,192.85,0.2,-1.38,271.37,233.99
MO,Altria,Consumer Staples,Tobacco,61.97,66.65,46.56,63.65,64.01,64.83,65.2,58.35,-0.2,8.1,66.99,62.66
AMZN,Amazon,Consumer Discretionary,Broadline Retail,230.3,242.06,167.32,226.36,221.58,221.09,225.06,214.32,-0.2,0.25,230.88,211.31
AMCR,Amcor,Materials,Paper & Plastic Packaging Products & Materials,8.0,10.7,7.82,8.2,8.17,8.1,8.23,9.13,0.0,4.37,8.35,7.85
AEE,Ameren,Utilities,Multi-Utilities,102.28,105.69,83.42,103.8,104.57,104.27,101.9,97.71,-0.4,3.8,106.17,102.38
AEP,American Electric Power,Utilities,Electric Utilities,122.11,122.11,87.97,117.15,117.33,117.03,112.7,105.64,0.0,-1.25,120.58,113.47
AXP,American Express,Financials,Consumer Finance,358.22,361.67,230.22,358.68,351.99,339.34,332.7,301.42,0.2,3.17,369.58,309.11
AIG,American International Group,Financials,Multi-line Insurance,77.98,86.75,68.89,78.71,78.29,80.26,79.59,79.91,0.1,8.68,84.75,75.76
AMT,American Tower,Real Estate,Telecom Tower REITs,179.08,230.32,169.21,186.67,189.28,188.2,193.16,203.04,-0.4,9.21,195.57,180.83
AWK,American Water Works,Utilities,Water Utilities,130.06,150.19,118.87,137.41,140.74,140.55,140.11,138.64,0.0,13.72,147.9,133.19
AMP,Ameriprise Financial,Financials,Asset Management & Custody Banks,478.54,569.83,419.45,481.01,476.78,482.63,492.9,504.85,0.0,4.23,498.78,466.46
AME,Ametek,Industrials,Electrical Components & Equipment,184.19,196.08,150.9,186.48,186.3,184.84,186.0,179.46,0.0,2.9,189.53,180.15
AMGN,Amgen,Health Care,Biotechnology,291.77,321.88,252.22,291.93,295.47,295.17,287.81,287.92,-0.1,3.46,301.87,288.48
APH,Amphenol,Information Technology,Electronic Components,139.75,139.75,58.9,136.42,131.61,127.79,120.95,91.67,0.2,-0.87,138.53,117.04
ADI,Analog Devices,Information Technology,Semiconductors,235.04,254.62,163.21,239.74,241.61,239.27,244.28,222.62,-0.2,5.87,248.84,229.7
AON,Aon plc,Financials,Insurance Brokers,326.07,407.61,326.07,334.4,339.23,350.26,358.52,366.75,0.0,14.93,374.75,325.77
APA,APA Corporation,Energy,Oil & Gas Exploration & Production,22.54,24.84,13.47,23.41,22.95,23.23,23.05,19.86,0.2,11.22,25.07,21.4
APO,Apollo Global Management,Financials,Asset Management & Custody Banks,124.88,176.82,107.9,124.75,124.37,124.7,131.86,139.31,-0.2,3.72,129.53,119.87
AAPL,Apple Inc.,Information Technology,"Technology Hardware, Storage & Peripherals",269.7,269.7,172.0,265.98,261.31,257.18,246.43,222.64,0.2,0.71,271.61,242.75
AMAT,Applied Materials,Information Technology,Semiconductor Materials & Equipment,235.75,235.75,126.23,230.39,227.93,223.45,195.33,174.4,0.0,0.17,236.15,210.75
APP,AppLovin,Information Technology,Application Software,631.2,718.54,159.11,622.16,599.92,608.34,580.52,404.1,0.2,7.44,678.16,538.54
APTV,Aptiv,Consumer Discretionary,Automotive Parts & Equipment,85.77,87.98,47.92,85.94,84.94,84.68,83.14,69.13,0.2,3.31,88.61,80.74
ACGL,Arch Capital Group,Financials,Property & Casualty Insurance,85.85,100.74,84.72,86.22,86.64,89.18,90.07,91.15,-0.2,10.45,94.82,83.54
ADM,Archer Daniels Midland,Consumer Staples,Agricultural Products & Services,60.52,64.21,41.01,61.93,62.27,61.97,61.73,52.45,0.0,5.93,64.11,59.83
ANET,Arista Networks,Information Technology,Communications Equipment,162.03,162.03,64.37,156.44,151.03,149.72,144.59,110.15,0.2,-0.04,161.97,137.47
AJG,Arthur J. Gallagher & Co.,Financials,Insurance Brokers,262.02,347.33,262.02,274.35,277.37,291.03,296.53,313.21,0.0,22.39,320.69,261.38
AIZ,Assurant,Financials,Multi-line Insurance,208.11,225.29,178.36,210.33,209.86,214.2,213.59,202.71,0.2,7.48,223.68,204.74
T,AT&T,Communication Services,Integrated Telecommunication Services,25.14,29.3,20.9,25.23,25.64,25.84,27.53,26.62,0.0,6.8,26.85,24.83
ATO,Atmos Energy,Utilities,Gas Utilities,171.66,179.19,134.17,174.84,175.88,175.28,169.57,156.03,-0.2,5.02,180.28,170.29
ADSK,Autodesk,Information Technology,Application Software,297.08,326.79,238.84,308.88,307.46,309.84,311.94,293.16,0.0,8.61,322.66,297.03
ADP,Automatic Data Processing,Industrials,Human Resource & Employment Services,261.22,323.5,261.22,276.77,279.63,283.86,291.04,299.32,-0.2,13.67,296.93,270.8
AZO,AutoZone,Consumer Discretionary,Automotive Retail,3709.12,4354.54,2981.19,3796.38,3899.2,3998.63,4122.04,3768.32,-0.2,15.33,4277.73,3719.47
AVB,AvalonBay Communities,Real Estate,Multi-Family Residential REITs,176.29,229.94,176.29,185.45,186.22,186.45,189.5,199.82,0.0,9.25,192.6,180.3
AVY,Avery Dennison,Materials,Paper & Plastic Packaging Products & Materials,176.2,203.83,157.49,180.74,172.53,166.71,166.89,174.23,0.0,5.15,185.27,148.15
AXON,Axon Enterprise,Industrials,Aerospace & Defense,759.44,870.97,423.5,743.16,712.99,711.31,732.5,683.8,-0.2,1.53,771.06,651.56
BKR,Baker Hughes,Energy,Oil & Gas Equipment & Services,48.32,50.55,34.6,47.79,46.91,46.96,46.76,42.36,0.2,3.44,49.98,43.94
BALL,Ball Corporation,Materials,"Metal, Glass & Plastic Containers",47.78,63.66,44.6,49.25,49.04,48.75,49.86,52.2,0.0,6.4,50.84,46.66
BAC,Bank of America,Financials,Diversified Banks,52.58,53.02,34.0,52.56,51.92,51.02,50.76,45.42,0.0,1.81,53.53,48.51
BAX,Baxter International,Health Care,Health Care Equipment,22.42,36.11,21.61,22.89,22.93,22.87,23.32,28.42,0.2,5.58,23.67,22.06
BDX,Becton Dickinson,Health Care,Health Care Equipment,181.52,245.13,163.27,185.03,186.76,188.44,189.01,195.87,-0.2,7.31,194.79,182.08
BRK-B,Berkshire Hathaway,Financials,Multi-Sector Holdings,475.76,539.8,442.29,485.51,488.59,492.65,494.22,494.3,-0.2,6.14,504.97,480.32
BBY,Best Buy,Consumer Discretionary,Computer & Electronics Retail,84.0,88.5,54.69,83.29,81.97,78.99,76.12,72.49,0.2,2.46,86.07,71.9
TECH,Bio-Techne,Health Care,Life Sciences Tools & Services,62.02,78.41,46.59,64.44,63.54,61.96,56.99,56.83,0.2,6.8,66.24,57.68
BIIB,Biogen,Health Care,Biotechnology,147.86,185.01,113.38,149.48,147.32,148.77,143.84,135.12,0.0,6.39,157.31,140.23
BLK,BlackRock,Financials,Asset Management & Custody Banks,1098.0,1202.59,807.61,1123.18,1136.81,1152.58,1137.64,1024.01,0.0,9.58,1203.19,1102.02
BX,Blackstone Inc.,Financials,Asset Management & Custody Banks,148.92,194.8,118.51,152.81,156.19,159.58,169.1,155.77,-0.2,14.33,170.26,148.91
XYZ,"Block, Inc.",Financials,Transaction & Payment Processing Services,76.51,98.92,46.53,78.99,77.48,77.47,76.57,69.45,0.2,6.59,81.55,73.39
BK,BNY Mellon,Financials,Asset Management & Custody Banks,107.05,109.21,72.12,107.34,106.93,106.51,105.89,91.77,0.0,1.45,108.6,104.41
BA,Boeing,Industrials,Aerospace & Defense,213.58,237.38,136.59,219.81,217.45,217.29,221.03,199.44,0.2,5.41,225.13,209.44
BKNG,Booking Holdings,Consumer Discretionary,"Hotels, Resorts & Cruise Lines",5075.86,5805.92,4149.83,5138.09,5137.13,5198.93,5405.37,5171.55,0.2,7.3,5446.4,4951.36
BSX,Boston Scientific,Health Care,Health Care Equipment,100.3,108.14,83.62,101.44,100.85,98.65,100.99,101.81,0.0,3.46,103.77,93.53
BMY,Bristol Myers Squibb,Health Care,Pharmaceuticals,42.6,60.79,42.6,43.29,43.6,44.03,45.07,49.12,0.0,6.85,45.52,42.53
AVGO,Broadcom,Information Technology,Semiconductors,385.98,385.98,145.7,363.88,355.51,348.54,335.69,256.69,0.0,-2.77,375.29,321.78
BR,Broadridge Financial Solutions,Industrials,Data Processing & Outsourced Services,219.88,265.85,206.47,229.2,229.73,232.03,241.7,239.02,-0.2,8.9,239.45,224.6
BRO,Brown & Brown,Financials,Insurance Brokers,80.3,124.07,80.3,85.44,86.75,90.83,92.8,105.33,-0.2,24.47,99.95,81.7
BF-B,Brown–Forman,Consumer Staples,Distillers & Vintners,26.79,47.05,25.45,27.91,28.23,27.84,28.06,30.64,-0.2,8.59,29.09,26.6
BLDR,Builders FirstSource,Industrials,Building Products,115.29,189.03,105.63,121.22,122.23,124.37,130.23,129.92,-0.2,13.87,131.28,117.47
BG,Bunge Global,Consumer Staples,Agricultural Products & Services,96.1,97.8,67.23,96.68,96.37,89.99,85.35,78.3,0.2,7.88,103.67,76.3
BXP,"BXP, Inc.",Real Estate,Office REITs,70.36,82.99,55.53,73.38,72.42,72.51,73.04,68.03,0.2,8.46,76.31,68.7
CHRW,C.H. Robinson,Industrials,Air Freight & Logistics,129.38,137.09,85.99,127.6,127.43,129.06,129.54,106.04,-0.2,4.98,135.82,122.3
CDNS,Cadence Design Systems,Information Technology,Application Software,341.43,373.37,231.64,343.3,336.05,338.08,346.6,308.69,-0.2,4.8,357.82,318.34
CPT,Camden Property Trust,Real Estate,Multi-Family Residential REITs,97.58,122.47,97.58,102.64,102.84,102.78,105.74,111.21,-0.2,8.72,106.09,99.48
CPB,Campbell's Company (The),Consumer Staples,Packaged Foods & Meats,29.98,45.59,29.8,30.86,30.93,30.82,31.77,34.1,0.0,6.64,31.97,29.67
COF,Capital One,Financials,Consumer Finance,218.59,229.74,149.68,221.62,217.49,214.63,219.51,200.08,-0.2,3.5,226.24,203.02
CAH,Cardinal Health,Health Care,Health Care Distributors,164.47,167.08,106.36,162.42,159.73,157.9,153.35,145.25,0.2,-0.14,164.24,151.56
KMX,CarMax,Consumer Discretionary,Automotive Retail,42.46,89.19,42.46,43.87,43.71,44.25,52.16,65.87,0.0,9.63,46.55,41.95
CCL,Carnival,Consumer Discretionary,"Hotels, Resorts & Cruise Lines",27.87,32.49,16.43,28.8,28.93,28.78,30.09,25.6,0.0,7.89,30.07,27.48
CARR,Carrier Global,Industrials,Building Products,60.75,80.73,55.21,58.55,57.99,58.18,60.89,66.23,0.2,0.03,60.77,55.59
CAT,Caterpillar Inc.,Industrials,Construction Machinery & Heavy Transportation Equipment,585.49,585.49,270.85,536.05,531.5,516.56,471.03,385.88,0.2,-4.02,561.95,471.16
CBOE,Cboe Global Markets,Financials,Financial Exchanges & Data,232.68,253.24,189.73,237.1,236.88,238.89,238.91,226.09,-0.2,5.22,244.83,232.95
CBRE,CBRE Group,Real Estate,Real Estate Services,152.71,165.9,113.94,160.09,159.75,156.71,159.8,141.43,-0.2,8.08,165.05,148.36
CDW,CDW Corporation,Information Technology,Technology Distributors,157.32,216.84,143.46,157.87,156.12,154.64,160.52,170.7,0.0,3.56,162.92,146.36
COR,Cencora,Health Care,Health Care Distributors,333.17,336.05,223.33,333.23,329.72,320.99,306.64,283.7,0.2,2.46,341.37,300.63
CNC,Centene Corporation,Health Care,Managed Health Care,37.34,65.89,25.21,34.42,35.08,36.15,33.34,47.59,-0.1,5.36,39.34,32.96
CNP,CenterPoint Energy,Utilities,Multi-Utilities,38.95,40.22,27.88,39.47,39.69,39.47,38.63,36.4,-0.2,3.59,40.35,38.6
CF,CF Industries,Materials,Fertilizers & Agricultural Chemicals,84.15,101.88,67.67,86.01,84.97,87.03,86.75,85.49,0.2,9.93,92.51,81.56
CRL,Charles River Laboratories,Health Care,Life Sciences Tools & Services,180.15,220.69,99.75,190.27,186.42,179.31,166.1,154.68,0.4,9.32,196.94,161.67
SCHW,Charles Schwab Corporation,Financials,Investment Banking & Brokerage,94.61,98.69,68.65,94.46,94.42,94.0,94.35,86.87,-0.2,0.91,95.47,92.53
CHTR,Charter Communications,Communication Services,Cable & Satellite,241.56,427.25,241.56,244.8,248.15,258.94,263.5,337.8,-0.2,17.6,284.07,233.8
CVX,Chevron Corporation,Energy,Integrated Oil & Gas,155.1,164.65,130.67,155.33,154.53,153.59,155.96,148.92,0.0,1.28,157.09,150.1
CMG,Chipotle Mexican Grill,Consumer Discretionary,Restaurants,39.76,66.16,38.58,40.81,41.33,41.22,40.83,48.78,-0.1,7.32,42.67,39.77
CB,Chubb Limited,Financials,Property & Casualty Insurance,278.0,301.45,256.04,280.03,275.06,279.57,277.93,280.0,-0.1,5.21,292.48,266.67
CHD,Church & Dwight,Consumer Staples,Household Products,81.84,112.48,81.84,84.87,86.43,87.18,89.83,97.83,0.0,10.85,90.72,83.63
CI,Cigna,Health Care,Health Care Services,299.12,336.71,260.91,304.71,303.61,303.0,299.18,304.77,0.1,4.89,313.75,292.24
CINF,Cincinnati Financial,Financials,Property & Casualty Insurance,151.83,165.69,125.14,154.72,154.47,157.93,155.64,145.52,0.2,9.85,166.79,149.08
CTAS,Cintas,Industrials,Diversified Support Services,183.9,227.2,181.05,189.13,190.05,192.32,200.15,207.99,0.0,10.65,203.49,181.15
CSCO,Cisco,Information Technology,Communications Equipment,71.33,72.62,52.55,71.25,70.75,69.75,68.3,63.92,0.2,1.54,72.43,67.08
C,Citigroup,Financials,Diversified Banks,99.12,103.49,57.29,99.39,98.42,97.87,98.29,82.8,-0.2,2.39,101.49,94.25
CFG,Citizens Financial Group,Financials,Regional Banks,50.43,54.0,33.59,51.36,50.63,51.35,51.73,44.92,0.2,7.61,54.27,48.44
CLX,Clorox,Consumer Staples,Household Products,110.67,163.6,110.67,114.71,116.36,117.68,119.7,130.93,-0.2,10.5,122.29,113.07
CME,CME Group,Financials,Financial Exchanges & Data,261.53,288.01,211.73,267.48,267.19,266.97,265.95,263.54,0.0,4.33,272.85,261.09
CMS,CMS Energy,Utilities,Multi-Utilities,72.29,75.31,63.54,73.93,74.39,73.94,72.52,70.84,-0.2,5.04,75.93,71.96
KO,Coca-Cola Company (The),Consumer Staples,Soft Drinks & Non-alcoholic Beverages,68.35,72.82,59.48,69.64,69.47,68.06,67.65,68.34,0.3,4.42,71.37,64.76
CTSH,Cognizant,Information Technology,IT Consulting & Other Services,71.69,89.65,65.47,68.69,67.88,67.62,68.95,75.34,0.2,-2.01,70.25,64.99
COIN,Coinbase,Financials,Financial Exchanges & Data,348.61,419.78,151.47,348.5,341.15,354.58,332.39,281.55,-0.2,13.61,396.06,313.09
CL,Colgate-Palmolive,Consumer Staples,Household Products,75.73,95.74,75.73,77.43,78.11,77.78,80.42,86.51,0.0,5.14,79.62,75.93
CMCSA,Comcast,Communication Services,Cable & Satellite,28.53,43.5,28.53,29.16,29.36,29.8,31.44,33.51,0.0,8.97,31.09,28.51
CAG,Conagra Brands,Consumer Staples,Packaged Foods & Meats,17.38,28.08,17.38,18.14,18.35,18.51,18.74,21.72,-0.2,10.82,19.26,17.75
COP,ConocoPhillips,Energy,Oil & Gas Exploration & Production,88.08,110.98,81.29,88.33,87.59,89.58,92.87,92.94,-0.2,8.51,95.58,83.58
ED,Consolidated Edison,Utilities,Multi-Utilities,97.0,111.42,85.77,99.32,100.41,100.45,99.17,100.72,-0.1,6.6,103.4,97.5
STZ,Constellation Brands,Consumer Staples,Distillers & Vintners,130.98,240.13,130.98,136.49,138.52,139.77,143.01,167.17,0.0,10.93,145.3,134.24
CEG,Constellation Energy,Utilities,Electric Utilities,401.43,403.95,170.52,386.5,379.44,376.56,342.98,295.42,0.2,1.64,408.01,345.11
COO,Cooper Companies (The),Health Care,Health Care Supplies,69.58,105.85,64.32,72.44,73.02,71.33,69.66,77.55,-0.1,8.71,75.64,67.01
CPRT,Copart,Industrials,Diversified Support Services,42.5,63.84,42.5,44.01,44.39,44.43,46.13,52.01,-0.4,7.46,45.67,43.18
GLW,Corning Inc.,Information Technology,Electronic Components,90.29,90.29,38.69,87.87,86.6,85.82,78.69,57.25,0.2,-0.75,89.61,82.04
CPAY,Corpay,Financials,Transaction & Payment Processing Services,268.11,389.55,268.11,281.35,282.63,285.13,299.96,329.3,-0.4,10.25,295.59,274.67
CTVA,Corteva,Materials,Fertilizers & Agricultural Chemicals,63.2,76.93,54.65,63.55,62.72,62.95,67.93,66.76,-0.2,2.93,65.05,60.84
CSGP,CoStar Group,Real Estate,Real Estate Services,70.51,96.83,69.29,76.48,75.98,77.42,83.45,80.93,0.0,19.12,83.99,70.85
COST,Costco,Consumer Staples,Consumer Staples Merchandise Retail,912.42,1073.97,869.72,928.12,932.09,930.18,942.49,971.15,0.0,4.71,955.39,905.0
CTRA,Coterra,Energy,Oil & Gas Exploration & Production,23.34,29.06,21.94,23.54,23.31,23.4,23.74,25.15,0.0,4.16,24.31,22.5
CRWD,CrowdStrike,Information Technology,Systems Software,545.5,546.94,296.87,534.29,514.6,505.63,470.42,434.9,0.4,-0.34,543.65,467.58
CCI,Crown Castle,Real Estate,Telecom Tower REITs,92.32,112.64,81.15,96.25,97.2,96.71,96.3,97.1,-0.1,8.45,100.12,93.29
CSX,CSX Corporation,Industrials,Rail Transportation,35.3,36.67,26.47,35.73,35.95,35.94,34.37,32.25,0.2,3.8,36.64,35.24
CMI,Cummins,Industrials,Construction Machinery & Heavy Transportation Equipment,441.26,441.26,264.26,423.16,419.03,422.69,414.06,353.89,0.2,0.31,442.63,402.75
CVS,CVS Health,Health Care,Health Care Services,80.6,82.45,41.98,81.65,81.63,79.46,75.64,65.76,0.2,4.5,84.23,74.7
DHR,Danaher Corporation,Health Care,Life Sciences Tools & Services,214.01,249.37,174.06,219.53,216.49,212.0,203.03,202.7,0.4,5.04,224.8,199.21
DRI,Darden Restaurants,Consumer Discretionary,Restaurants,182.41,222.41,154.1,183.73,185.71,186.78,195.1,198.5,0.0,5.79,192.97,180.58
DDOG,Datadog,Information Technology,Application Software,156.0,168.65,87.0,156.79,155.47,157.1,144.67,127.73,0.2,5.71,164.91,149.31
DVA,DaVita,Health Care,Health Care Services,126.56,177.35,123.91,128.59,127.96,127.84,131.6,143.08,0.2,4.53,132.29,123.4
DAY,Dayforce,Industrials,Human Resource & Employment Services,68.36,81.8,49.33,68.44,68.39,68.5,68.83,61.66,-0.4,0.99,69.04,67.96
DECK,Deckers Brands,Consumer Discretionary,Footwear,83.84,223.11,83.84,90.28,95.43,97.54,107.26,120.72,-0.4,29.91,108.92,86.15
DE,Deere & Company,Industrials,Agricultural & Farm Machinery,473.49,527.96,384.05,472.39,466.22,460.23,468.2,480.76,0.0,1.19,479.12,441.33
DELL,Dell Technologies,Information Technology,"Technology Hardware, Storage & Peripherals",163.6,164.88,70.63,160.71,155.03,152.83,138.69,115.98,0.2,1.47,166.0,139.64
DAL,Delta Air Lines,Industrials,Passenger Airlines,58.76,68.24,35.54,59.36,60.09,59.21,59.33,53.96,-0.2,6.76,62.73,55.69
DVN,Devon Energy,Energy,Oil & Gas Exploration & Production,32.05,38.93,26.43,32.68,32.36,33.13,34.23,33.32,0.0,10.3,35.35,30.92
DXCM,Dexcom,Health Care,Health Care Equipment,68.18,90.75,59.83,69.89,69.12,67.75,71.79,78.43,-0.2,4.97,71.57,63.92
FANG,Diamondback Energy,Energy,Oil & Gas Exploration & Production,143.63,181.42,117.58,144.44,142.57,143.67,142.65,144.54,-0.1,4.44,150.01,137.34
DLR,Digital Realty,Real Estate,Data Center REITs,167.14,190.11,134.22,174.8,173.77,173.82,170.63,164.4,-0.2,7.42,179.54,168.1
DG,Dollar General,Consumer Staples,Consumer Staples Merchandise Retail,99.91,115.62,67.25,101.92,103.47,101.85,104.48,95.75,-0.2,7.81,107.71,95.99
DLTR,Dollar Tree,Consumer Staples,Consumer Staples Merchandise Retail,101.33,117.16,61.21,101.26,99.52,94.84,98.75,89.8,0.0,4.57,105.96,83.71
D,Dominion Energy,Utilities,Multi-Utilities,58.99,61.69,48.51,60.23,60.56,60.85,60.19,56.09,0.0,5.34,62.14,59.56
DPZ,Domino's,Consumer Discretionary,Restaurants,405.87,493.69,397.61,413.23,416.7,416.72,433.56,452.89,0.0,6.27,431.32,402.14
DASH,DoorDash,Consumer Discretionary,Specialized Consumer Services,266.06,281.74,153.37,260.71,261.3,267.6,260.63,220.95,0.0,6.46,283.25,251.94
DOV,Dover Corporation,Industrials,Industrial Machinery & Supplies & Components,180.8,204.71,150.28,179.42,173.93,168.93,172.13,179.5,0.0,0.8,182.25,155.61
DOW,Dow Inc.,Materials,Commodity Chemicals,24.86,46.58,20.57,25.06,23.42,22.92,23.5,28.7,0.0,3.86,25.82,20.02
DHI,D. R. Horton,Consumer Discretionary,Homebuilding,148.29,184.04,114.44,155.48,155.46,158.0,165.81,140.12,0.0,15.9,171.87,144.13
DTE,DTE Energy,Utilities,Multi-Utilities,138.86,143.32,113.22,140.7,141.52,141.25,138.54,132.77,-0.2,3.46,143.66,138.84
DUK,Duke Energy,Utilities,Electric Utilities,124.29,129.03,102.96,126.41,127.43,126.44,123.91,117.83,-0.2,4.92,130.41,122.48
DD,DuPont,Materials,Specialty Chemicals,82.16,84.81,54.51,81.55,80.72,79.48,77.89,73.04,0.0,1.84,83.67,75.29
EMN,Eastman Chemical Company,Materials,Specialty Chemicals,61.08,102.45,58.06,62.8,62.03,61.88,64.27,76.94,0.0,6.39,64.98,58.78
ETN,Eaton Corporation,Industrials,Electrical Components & Equipment,387.75,391.62,244.95,378.44,375.28,375.42,365.83,331.45,0.2,-0.48,385.89,364.96
EBAY,eBay Inc.,Consumer Discretionary,Broadline Retail,99.54,100.46,56.61,97.97,95.9,93.32,92.73,77.41,0.0,0.53,100.07,86.57
ECL,Ecolab,Materials,Specialty Chemicals,257.47,284.78,224.56,271.54,273.94,274.58,273.4,261.04,0.0,10.76,285.17,263.99
EIX,Edison International,Utilities,Electric Utilities,55.39,83.47,46.84,56.69,57.09,55.59,54.85,53.32,0.0,7.1,59.32,51.86
EW,Edwards Lifesciences,Health Care,Health Care Equipment,82.69,82.69,65.75,79.67,77.38,76.24,77.49,75.04,0.0,-1.11,81.77,70.72
EA,Electronic Arts,Communication Services,Interactive Home Entertainment,200.2,202.05,116.08,200.49,200.5,200.42,185.01,155.09,0.0,0.4,201.0,199.85
ELV,Elevance Health,Health Care,Managed Health Care,336.36,448.26,273.17,341.38,345.29,348.81,328.15,365.03,0.1,7.52,361.65,335.95
EME,Emcor,Industrials,Construction & Engineering,777.0,777.0,341.52,745.56,715.71,694.7,654.87,516.57,0.0,-1.76,763.32,626.12
EMR,Emerson Electric,Industrials,Electrical Components & Equipment,136.43,149.04,93.37,134.26,132.21,131.74,131.99,124.34,-0.2,0.33,136.88,126.6
ETR,Entergy,Utilities,Electric Utilities,95.46,97.65,65.13,96.02,96.03,96.02,92.07,85.18,-0.2,2.51,97.86,94.17
EOG,EOG Resources,Energy,Oil & Gas Exploration & Production,106.0,133.44,101.83,106.63,106.42,107.69,113.68,117.0,0.0,4.5,110.77,104.62
EPAM,EPAM Systems,Information Technology,IT Consulting & Other Services,162.85,267.63,142.2,160.67,154.66,151.82,157.9,178.47,0.0,1.34,165.03,138.62
EQT,EQT Corporation,Energy,Oil & Gas Exploration & Production,51.8,60.26,35.15,53.0,53.8,54.55,52.87,52.81,0.2,11.39,57.7,51.39
EFX,Equifax,Industrials,Research & Consulting Services,214.51,279.44,204.69,226.56,227.86,230.48,243.19,249.64,-0.2,12.55,241.43,219.52
EQIX,Equinix,Real Estate,Data Center REITs,797.73,968.75,731.64,825.61,823.09,810.88,793.93,828.44,-0.1,6.34,848.31,773.43
EQR,Equity Residential,Real Estate,Multi-Family Residential REITs,58.91,74.44,58.91,62.09,62.3,62.34,63.69,66.38,0.0,9.35,64.42,60.27
ERIE,Erie Indemnity,Financials,Insurance Brokers,301.87,446.08,301.87,320.51,319.62,319.72,326.99,364.64,-0.2,9.99,332.03,307.39
ESS,Essex Property Trust,Real Estate,Multi-Family Residential REITs,247.18,305.43,247.18,258.81,259.83,260.06,262.18,274.39,-0.2,8.48,268.14,251.98
EL,Estée Lauder Companies (The),Consumer Staples,Personal Care Products,97.36,102.52,49.61,99.65,99.55,95.7,91.21,77.12,0.2,7.75,104.91,86.49
EG,Everest Group,Financials,Reinsurance,309.45,384.58,304.91,331.31,339.51,347.21,344.36,343.47,0.2,21.58,376.23,318.18
EVRG,Evergy,Utilities,Electric Utilities,76.94,78.73,57.24,77.76,77.98,77.69,74.5,68.4,0.2,2.76,79.06,76.33
ES,Eversource Energy,Utilities,Electric Utilities,73.81,74.88,52.98,74.39,73.51,72.85,68.31,62.63,0.0,1.82,75.15,70.54
EXC,Exelon,Utilities,Electric Utilities,47.2,48.24,35.25,47.72,47.81,47.17,45.17,43.54,0.2,3.81,49.0,45.33
EXE,Expand Energy,Energy,Oil & Gas Exploration & Production,100.41,120.67,81.01,102.7,103.03,104.3,100.8,103.8,-0.1,9.83,110.28,98.31
EXPE,Expedia Group,Consumer Discretionary,"Hotels, Resorts & Cruise Lines",219.76,228.24,136.05,220.41,220.12,218.74,217.85,185.23,0.2,3.61,227.69,209.78
EXPD,Expeditors International,Industrials,Air Freight & Logistics,117.57,125.62,102.14,118.58,119.12,119.12,120.61,115.56,0.2,6.09,124.73,113.52
EXR,Extra Space Storage,Real Estate,Self-Storage REITs,141.76,165.33,123.86,147.85,149.69,146.76,143.47,144.22,-0.3,9.23,154.84,138.67
XOM,ExxonMobil,Energy,Integrated Oil & Gas,116.45,118.64,98.11,115.76,114.18,113.43,112.96,108.77,0.0,0.39,116.9,109.96
FFIV,"F5, Inc.",Information Technology,Communications Equipment,258.76,343.17,218.36,283.39,290.67,312.5,317.72,293.63,-0.2,39.69,361.46,263.52
FDS,FactSet,Financials,Financial Exchanges & Data,266.89,490.93,266.89,283.55,285.69,283.82,319.06,406.55,0.0,10.89,295.95,271.69
FICO,Fair Isaac,Information Technology,Application Software,1566.9,2382.4,1311.26,1640.2,1619.73,1678.37,1573.83,1725.99,-0.1,18.77,1861.01,1495.81
FAST,Fastenal,Industrials,Trading Companies & Distributors,41.09,50.13,34.82,42.09,42.27,43.95,46.57,41.91,0.0,18.57,48.72,39.18
FRT,Federal Realty Investment Trust,Real Estate,Retail REITs,95.47,112.47,81.67,99.31,99.43,98.59,98.75,96.13,-0.2,6.79,101.95,95.24
FDX,FedEx,Industrials,Air Freight & Logistics,249.64,298.15,195.55,245.17,242.26,240.03,233.79,232.74,0.2,1.04,252.24,227.82
FIS,Fidelity National Information Services,Financials,Transaction & Payment Processing Services,61.5,89.02,61.5,65.85,66.54,66.97,67.16,73.64,0.0,13.69,69.92,64.03
FITB,Fifth Third Bancorp,Financials,Regional Banks,41.77,46.72,32.73,42.24,41.81,42.58,43.93,40.67,0.0,7.13,44.75,40.4
FSLR,First Solar,Information Technology,Semiconductors,241.71,247.69,120.38,239.88,234.83,232.73,217.31,171.8,0.2,1.97,246.47,218.99
FE,FirstEnergy,Utilities,Electric Utilities,45.8,47.69,37.17,46.31,46.69,46.68,44.97,41.43,0.2,4.34,47.79,45.57
FI,Fiserv,Financials,Transaction & Payment Processing Services,70.6,237.79,70.6,114.49,118.75,121.77,129.23,173.41,-0.2,106.36,145.69,97.86
F,Ford Motor Company,Consumer Discretionary,Automobile Manufacturers,13.24,13.84,8.45,13.16,12.65,12.28,11.94,10.53,0.2,2.87,13.62,10.94
FTNT,Fortinet,Information Technology,Systems Software,84.22,114.57,74.39,85.17,84.68,84.83,82.32,95.8,0.1,3.4,87.08,82.59
FTV,Fortive,Industrials,Industrial Machinery & Supplies & Components,50.34,62.32,46.49,49.61,49.35,49.32,48.71,52.71,0.1,0.52,50.6,48.04
FOXA,Fox Corporation (Class A),Communication Services,Broadcasting,60.81,63.06,41.49,60.28,59.19,59.45,59.79,55.03,-0.2,3.11,62.7,56.19
FOX,Fox Corporation (Class B),Communication Services,Broadcasting,54.35,57.29,38.29,53.88,52.97,53.25,53.97,50.61,0.0,3.39,56.19,50.3
BEN,Franklin Resources,Financials,Asset Management & Custody Banks,22.94,25.67,16.21,23.03,22.74,22.96,23.72,21.52,0.0,3.92,23.84,22.08
FCX,Freeport-McMoRan,Materials,Copper,42.19,47.85,28.82,41.41,41.42,41.3,42.37,39.84,0.0,2.8,43.37,39.22
GRMN,Garmin,Consumer Discretionary,Consumer Electronics,219.61,259.77,163.75,243.95,246.35,250.33,242.5,217.91,0.0,21.33,266.45,234.21
IT,Gartner,Information Technology,IT Consulting & Other Services,249.74,551.8,225.98,251.83,247.97,247.63,249.19,379.76,0.2,4.97,262.15,233.12
GE,GE Aerospace,Industrials,Aerospace & Defense,314.28,314.28,158.97,309.43,305.44,302.09,291.46,239.72,0.4,-0.42,312.96,291.24
GEHC,GE HealthCare,Health Care,Health Care Equipment,77.38,93.35,58.67,78.1,76.55,75.36,75.03,76.17,-0.1,3.17,79.83,70.89
GEV,GE Vernova,Industrials,Heavy Electrical Equipment,577.97,664.27,269.69,582.58,586.98,602.53,608.88,477.8,0.0,11.57,644.84,560.22
GEN,Gen Digital,Information Technology,Systems Software,25.85,32.03,23.31,26.76,26.81,27.02,28.53,28.01,0.0,8.47,28.04,26.0
GNRC,Generac,Industrials,Electrical Components & Equipment,180.86,202.85,101.92,188.48,189.69,181.33,181.02,150.33,0.0,11.95,202.47,160.17
GD,General Dynamics,Industrials,Aerospace & Defense,343.48,353.77,238.33,347.24,341.41,340.19,330.25,288.37,0.2,2.64,352.55,327.81
GIS,General Mills,Consumer Staples,Packaged Foods & Meats,46.57,65.32,46.57,47.65,48.09,48.59,48.97,52.94,-0.2,8.14,50.36,46.82
GM,General Motors,Consumer Discretionary,Automobile Manufacturers,69.13,69.87,42.24,68.98,65.25,61.29,59.78,51.76,0.0,4.25,72.07,50.5
GPC,Genuine Parts Company,Consumer Discretionary,Distributors,129.15,142.77,103.92,131.28,132.25,133.57,136.47,124.9,0.0,7.97,139.44,127.71
GILD,Gilead Sciences,Health Care,Biotechnology,118.5,124.08,85.21,119.71,120.78,118.43,115.36,108.39,0.2,5.59,125.12,111.73
GPN,Global Payments,Financials,Transaction & Payment Processing Services,79.21,118.08,67.06,85.29,85.59,86.05,86.22,87.61,-0.2,14.03,90.32,81.77
GL,Globe Life,Financials,Life & Health Insurance,131.73,146.27,102.63,134.08,134.59,135.76,139.17,127.6,-0.2,5.91,139.52,132.0
GDDY,GoDaddy,Information Technology,Internet Services & Infrastructure,126.57,214.35,126.57,130.53,130.69,132.15,139.69,169.19,-0.2,8.42,137.23,127.08
GS,Goldman Sachs,Financials,Investment Banking & Brokerage,783.06,806.32,457.48,779.96,767.56,773.88,770.29,654.04,0.2,2.74,804.52,743.25
HAL,Halliburton,Energy,Oil & Gas Equipment & Services,27.48,31.1,18.96,26.93,25.29,24.34,23.37,22.8,0.2,2.22,28.09,20.6
HIG,Hartford (The),Financials,Property & Casualty Insurance,122.36,134.7,105.0,124.08,124.27,127.81,130.36,122.93,-0.2,10.77,135.54,120.08
HAS,Hasbro,Consumer Discretionary,Leisure Products,77.96,81.85,49.75,77.73,76.26,75.21,76.83,67.62,-0.2,1.15,78.86,71.55
HCA,HCA Healthcare,Health Care,Health Care Facilities,468.4,468.4,294.93,457.98,444.2,433.95,418.65,366.11,0.2,-0.19,467.51,400.41
DOC,Healthpeak Properties,Real Estate,Health Care REITs,17.58,21.54,16.35,18.39,18.48,18.53,18.24,18.06,0.0,10.58,19.44,17.62
HSIC,Henry Schein,Health Care,Health Care Distributors,62.32,81.91,62.03,63.3,63.32,63.96,66.41,69.9,0.0,6.61,66.44,61.48
HSY,Hershey Company (The),Consumer Staples,Packaged Foods & Meats,175.28,195.56,141.22,179.59,182.9,187.66,186.69,170.68,-0.2,13.6,199.12,176.2
HPE,Hewlett Packard Enterprise,Information Technology,"Technology Hardware, Storage & Peripherals",24.27,26.25,12.35,23.88,23.41,24.21,23.89,19.83,0.0,8.08,26.23,22.2
HLT,Hilton Worldwide,Consumer Discretionary,"Hotels, Resorts & Cruise Lines",260.39,278.5,201.05,264.58,264.27,262.77,267.41,253.9,0.2,4.3,271.59,253.96
HOLX,Hologic,Health Care,Health Care Equipment,73.98,83.72,52.73,73.96,72.8,70.12,68.05,64.52,0.0,3.12,76.29,63.94
HD,Home Depot (The),Consumer Discretionary,Home Improvement Retail,378.04,423.6,331.29,384.15,386.88,386.38,400.97,378.62,-0.2,4.97,396.83,375.93
HON,Honeywell,Industrials,Industrial Conglomerates,212.89,239.16,180.99,215.84,210.7,208.7,211.83,214.62,0.0,2.84,218.94,198.47
HRL,Hormel Foods,Consumer Staples,Packaged Foods & Meats,21.49,32.19,21.49,23.3,23.64,23.71,24.75,27.97,-0.2,15.73,24.87,22.55
HST,Host Hotels & Resorts,Real Estate,Hotel & Resort REITs,16.31,18.04,12.39,16.48,16.48,16.47,16.84,15.57,0.2,4.41,17.03,15.9
HWM,Howmet Aerospace,Industrials,Aerospace & Defense,203.48,203.48,99.44,200.99,196.73,193.47,187.25,160.38,0.2,-0.02,203.44,183.5
HPQ,HP Inc.,Information Technology,"Technology Hardware, Storage & Peripherals",27.7,37.77,21.42,27.84,27.72,27.38,27.61,27.18,-0.2,4.22,28.87,25.89
HUBB,Hubbell Incorporated,Industrials,Industrial Machinery & Supplies & Components,472.57,472.57,313.96,445.91,437.37,428.16,432.37,397.09,-0.2,-3.2,457.45,398.86
HUM,Humana,Health Care,Managed Health Care,292.67,310.91,219.64,292.35,287.1,283.27,281.14,261.22,0.0,5.5,308.77,257.77
HBAN,Huntington Bancshares,Financials,Regional Banks,15.16,17.87,12.26,15.65,15.68,16.06,16.87,15.86,-0.2,13.13,17.15,14.98
HII,Huntington Ingalls Industries,Industrials,Aerospace & Defense,298.42,301.69,156.78,297.85,290.89,288.7,279.49,233.46,0.2,0.95,301.25,276.14
IBM,IBM,Information Technology,IT Consulting & Other Services,308.21,313.09,199.27,305.27,293.68,289.24,270.37,257.61,0.2,1.38,312.46,266.02
IEX,IDEX Corporation,Industrials,Industrial Machinery & Supplies & Components,173.4,232.54,156.86,168.85,167.79,166.01,163.69,177.43,0.3,-1.12,171.46,160.57
IDXX,Idexx Laboratories,Health Care,Health Care Equipment,627.66,682.78,361.04,637.77,637.59,634.01,638.16,524.47,-0.2,3.14,647.37,620.67
ITW,Illinois Tool Works,Industrials,Industrial Machinery & Supplies & Components,242.03,271.83,215.75,247.78,249.76,250.95,257.38,250.4,-0.2,8.27,262.05,239.85
INCY,Incyte,Health Care,Biotechnology,90.18,93.08,55.17,91.1,89.19,87.61,86.04,72.55,0.2,2.43,92.37,82.85
IR,Ingersoll Rand,Industrials,Industrial Machinery & Supplies & Components,79.7,105.27,66.72,79.79,78.81,79.33,79.9,81.98,0.0,5.76,84.29,74.37
PODD,Insulet Corporation,Health Care,Health Care Equipment,316.17,352.82,230.58,322.14,323.06,318.64,327.12,294.98,0.0,4.53,330.49,306.79
INTC,Intel,Information Technology,Semiconductors,41.34,41.53,18.13,39.77,38.58,37.77,31.36,24.0,0.2,-1.55,40.7,34.83
IBKR,Interactive Brokers,Financials,Investment Banking & Brokerage,69.19,72.62,35.97,68.65,67.6,68.98,65.86,55.22,-0.2,5.22,72.8,65.16
ICE,Intercontinental Exchange,Financials,Financial Exchanges & Data,150.62,187.92,141.62,156.57,155.88,157.71,166.83,170.32,0.0,8.46,163.36,152.05
IFF,International Flavors & Fragrances,Materials,Specialty Chemicals,63.28,100.01,59.55,65.03,64.59,62.84,63.67,73.08,0.2,5.58,66.81,58.88
IP,International Paper,Materials,Paper & Plastic Packaging Products & Materials,44.23,58.45,43.05,47.5,47.43,46.9,47.1,49.09,-0.4,11.17,49.17,44.62
IPG,Interpublic Group of Companies (The),Communication Services,Advertising,25.76,29.33,22.33,26.76,26.79,26.73,26.57,25.39,0.0,7.69,27.74,25.72
INTU,Intuit,Information Technology,Application Software,656.04,805.92,541.4,675.83,669.81,664.6,669.58,666.76,0.2,5.28,690.68,638.54
ISRG,Intuitive Surgical,Health Care,Health Care Equipment,537.59,610.45,429.59,546.41,506.1,473.81,462.1,512.3,-0.1,5.36,566.4,381.21
IVZ,Invesco,Financials,Asset Management & Custody Banks,24.1,24.13,11.86,23.44,23.14,23.4,22.64,17.84,-0.2,1.66,24.5,22.29
INVH,Invitation Homes,Real Estate,Single-Family Residential REITs,27.47,34.81,27.47,28.46,28.55,28.42,29.25,31.35,0.0,6.15,29.16,27.69
IQV,IQVIA,Health Care,Life Sciences Tools & Services,217.83,221.25,137.0,218.76,215.27,209.15,195.96,177.96,0.2,2.85,224.04,194.26
IRM,Iron Mountain,Real Estate,Other Specialized REITs,101.34,124.18,75.72,104.2,104.56,104.47,99.42,95.11,-0.2,5.95,107.37,101.57
JBHT,J.B. Hunt,Industrials,Cargo Ground Transportation,168.88,195.43,123.94,167.01,167.25,153.44,144.92,147.57,0.1,7.48,181.51,125.37
JBL,Jabil,Information Technology,Electronic Manufacturing Services,222.32,234.45,116.78,213.42,209.01,206.26,210.52,182.39,0.0,-1.32,219.39,193.14
JKHY,Jack Henry & Associates,Financials,Transaction & Payment Processing Services,149.89,189.99,146.26,154.41,154.69,152.39,155.6,169.61,0.0,6.18,159.15,145.64
J,Jacobs Solutions,Industrials,Construction & Engineering,158.36,164.44,109.18,159.61,159.42,157.48,151.29,134.33,0.2,3.52,163.93,151.02
JNJ,Johnson & Johnson,Health Care,Pharmaceuticals,186.6,193.72,138.72,189.34,191.06,190.33,182.86,162.72,-0.2,4.31,194.64,186.01
JCI,Johnson Controls,Industrials,Building Products,113.34,113.34,70.88,112.42,111.06,109.64,108.3,95.87,0.0,0.46,113.86,105.41
JPM,JPMorgan Chase,Financials,Diversified Banks,305.51,314.53,208.26,302.0,299.97,302.87,303.14,271.8,-0.2,2.06,311.8,293.93
K,Kellanova,Consumer Staples,Packaged Foods & Meats,83.02,83.12,76.96,83.06,83.03,82.92,80.64,80.45,0.0,0.22,83.2,82.65
KVUE,Kenvue,Consumer Staples,Personal Care Products,14.31,24.0,14.11,14.8,14.85,15.51,17.52,20.86,0.0,18.87,17.01,14.0
KDP,Keurig Dr Pepper,Consumer Staples,Soft Drinks & Non-alcoholic Beverages,27.15,35.14,25.3,27.99,27.85,26.9,27.61,31.55,0.2,7.33,29.14,24.66
KEY,KeyCorp,Financials,Regional Banks,17.4,19.23,12.92,17.59,17.41,17.74,18.42,16.82,0.2,7.76,18.75,16.74
KEYS,Keysight Technologies,Information Technology,Electronic Equipment & Instruments,170.47,185.11,127.02,169.23,166.75,167.76,169.01,162.04,0.0,3.33,176.15,159.37
KMB,Kimberly-Clark,Consumer Staples,Household Products,116.72,144.6,116.72,119.14,119.78,120.2,124.25,130.12,-0.2,5.29,122.89,117.5
KIM,Kimco Realty,Real Estate,Retail REITs,21.4,24.65,18.27,22.02,22.02,21.67,21.88,21.07,0.0,5.51,22.58,20.76
KMI,Kinder Morgan,Energy,Oil & Gas Storage & Transportation,25.9,30.24,23.42,26.05,26.74,27.25,27.25,27.13,0.2,11.24,28.81,25.7
KKR,KKR & Co.,Financials,Asset Management & Custody Banks,118.55,166.38,92.52,120.72,120.58,122.36,132.79,130.49,0.0,8.33,128.43,116.29
KLAC,KLA Corporation,Information Technology,Semiconductor Materials & Equipment,1235.28,1235.28,573.9,1199.65,1161.84,1116.01,1023.64,839.22,0.2,0.92,1246.64,985.4
KHC,Kraft Heinz,Consumer Staples,Packaged Foods & Meats,24.38,33.25,24.38,25.23,25.37,25.38,26.12,27.31,-0.4,7.1,26.11,24.64
KR,Kroger,Consumer Staples,Food Retail,66.04,73.97,54.62,67.51,68.08,67.7,67.58,67.28,0.0,6.06,70.04,65.35
LHX,L3Harris,Industrials,Aerospace & Defense,286.87,306.76,191.79,290.37,289.19,293.51,285.97,243.62,0.2,6.52,305.57,281.46
LH,Labcorp,Health Care,Health Care Services,248.14,290.93,211.06,269.4,277.45,277.9,277.7,254.16,0.0,19.28,295.98,259.8
LRCX,Lam Research,Information Technology,Semiconductor Materials & Equipment,160.67,160.67,58.83,154.48,148.66,145.24,126.6,94.39,0.2,-1.11,158.89,131.59
LW,Lamb Weston,Consumer Staples,Packaged Foods & Meats,63.18,80.72,47.73,65.37,65.19,64.4,59.55,55.23,0.2,5.49,66.65,62.15
LVS,Las Vegas Sands,Consumer Discretionary,Casinos & Gaming,58.78,59.44,30.35,58.18,53.96,52.4,53.61,45.66,0.0,2.18,60.06,44.73
LDOS,Leidos,Industrials,Diversified Support Services,188.16,199.29,125.82,189.29,188.75,190.55,185.98,157.69,0.0,5.76,199.0,182.12
LEN,Lennar,Consumer Discretionary,Homebuilding,124.18,170.05,101.41,127.21,126.6,124.46,128.79,118.39,0.0,6.27,131.97,116.97
LII,Lennox International,Industrials,Building Products,487.78,672.47,487.78,496.48,510.61,524.72,540.17,573.07,0.0,16.33,567.43,482.0
LLY,Lilly (Eli),Health Care,Pharmaceuticals,813.53,925.78,624.28,821.31,814.97,824.55,774.65,785.68,-0.1,4.99,854.13,794.99
LIN,Linde plc,Materials,Industrial Gases,432.01,483.59,408.92,443.13,446.23,454.23,467.45,459.09,-0.2,9.83,474.48,433.99
LYV,Live Nation Entertainment,Communication Services,Movies & Entertainment,149.19,174.06,115.79,151.92,153.67,153.93,161.09,145.86,-0.4,6.23,158.48,149.38
LKQ,LKQ Corporation,Consumer Discretionary,Distributors,30.04,43.02,28.68,30.78,30.48,30.23,30.96,36.23,0.2,5.53,31.7,28.76
LMT,Lockheed Martin,Industrials,Aerospace & Defense,485.33,554.97,407.77,486.29,490.24,498.34,479.53,459.51,-0.2,6.74,518.04,478.65
L,Loews Corporation,Financials,Multi-line Insurance,97.8,103.05,76.29,99.24,99.19,100.55,98.6,90.69,0.0,6.08,103.75,97.35
LOW,Lowe's,Consumer Discretionary,Home Improvement Retail,238.49,271.68,208.44,242.56,242.69,240.58,252.68,235.94,0.0,4.33,248.82,232.35
LULU,Lululemon Athletica,Consumer Discretionary,"Apparel, Accessories & Luxury Goods",170.3,421.16,159.87,177.78,175.3,173.8,178.55,264.2,0.2,7.96,183.86,163.74
LYB,LyondellBasell,Materials,Specialty Chemicals,46.71,80.83,44.91,47.56,46.59,47.17,50.92,58.94,-0.2,7.21,50.08,44.27
MTB,M&T Bank,Financials,Regional Banks,181.34,215.8,154.27,182.4,181.72,184.93,193.0,185.23,0.0,7.09,194.2,175.67
MPC,Marathon Petroleum,Energy,Oil & Gas Refining & Marketing,195.75,198.69,117.23,195.27,189.97,188.88,185.1,160.9,0.2,1.85,199.37,178.38
MAR,Marriott International,Consumer Discretionary,"Hotels, Resorts & Cruise Lines",263.12,302.22,210.04,268.16,266.12,266.32,265.82,262.71,0.2,4.25,274.3,258.33
MMC,Marsh McLennan,Financials,Insurance Brokers,179.99,242.13,179.99,185.01,186.93,195.46,199.16,215.28,0.0,18.56,213.4,177.53
MLM,Martin Marietta Materials,Materials,Construction Materials,616.92,656.85,451.25,618.24,622.23,629.39,620.73,553.93,0.2,5.12,648.51,610.27
MAS,Masco,Industrials,Building Products,65.22,81.07,58.18,67.92,68.34,68.25,71.05,68.73,-0.2,9.23,71.24,65.26
MA,Mastercard,Financials,Transaction & Payment Processing Services,554.58,598.17,477.88,568.06,566.09,568.1,577.45,558.87,0.2,5.45,584.8,551.39
MTCH,Match Group,Communication Services,Interactive Media & Services,32.03,38.56,26.72,32.58,32.69,32.87,35.34,32.51,0.0,7.21,34.34,31.4
MKC,McCormick & Company,Consumer Staples,Packaged Foods & Meats,63.83,83.15,63.83,66.24,66.86,66.54,67.32,72.69,-0.2,8.15,69.03,64.06
MCD,McDonald's,Consumer Discretionary,Restaurants,302.35,317.67,275.0,306.3,307.03,302.93,305.93,301.94,0.2,3.59,313.2,292.67
MCK,McKesson Corporation,Health Care,Health Care Distributors,807.63,811.44,496.98,803.66,795.05,777.96,736.71,689.84,0.2,1.73,821.6,734.3
MDT,Medtronic,Health Care,Health Care Equipment,91.73,98.43,78.03,93.39,94.54,95.63,94.41,89.17,0.0,7.89,98.97,92.29
MRK,Merck & Co.,Health Care,Pharmaceuticals,86.58,101.09,72.03,87.26,86.65,86.8,84.32,83.34,0.0,3.83,89.9,83.71
META,Meta Platforms,Communication Services,Interactive Media & Services,751.67,789.47,483.96,745.26,735.41,725.95,741.82,677.26,-0.2,0.39,754.6,697.3
MET,MetLife,Financials,Life & Health Insurance,78.32,86.38,67.4,78.56,78.54,80.17,80.32,78.93,0.0,6.86,83.69,76.64
MTD,Mettler Toledo,Health Care,Life Sciences Tools & Services,1394.17,1437.75,970.15,1418.11,1392.37,1349.71,1302.61,1228.54,0.2,3.92,1448.82,1250.62
MGM,MGM Resorts,Consumer Discretionary,Casinos & Gaming,31.21,41.99,25.79,32.39,32.27,32.53,34.87,33.92,0.2,10.09,34.36,30.71
MCHP,Microchip Technology,Information Technology,Semiconductors,62.54,76.79,34.83,63.8,64.86,65.01,65.17,59.73,0.0,9.24,68.32,61.7
MU,Micron Technology,Information Technology,Semiconductors,226.63,226.63,64.62,218.87,210.68,199.86,165.45,116.11,0.2,-0.2,226.18,173.55
MSFT,Microsoft,Information Technology,Systems Software,541.55,542.07,353.33,531.86,523.95,521.22,513.14,459.17,0.2,-0.51,538.79,503.66
MAA,Mid-America Apartment Communities,Real Estate,Multi-Family Residential REITs,126.28,165.69,126.28,131.68,132.32,133.01,137.37,147.82,-0.2,8.38,136.86,129.16
MRNA,Moderna,Health Care,Biotechnology,24.7,55.22,23.51,25.94,26.44,26.96,25.88,29.1,-0.1,16.56,28.79,25.12
MHK,Mohawk Industries,Consumer Discretionary,Home Furnishings,117.53,147.6,97.99,120.86,124.67,124.28,128.85,116.65,-0.2,13.43,133.31,115.25
MOH,Molina Healthcare,Health Care,Managed Health Care,160.28,353.24,152.31,161.93,178.03,187.96,183.41,256.35,0.1,36.58,218.91,157.01
TAP,Molson Coors Beverage Company,Consumer Staples,Brewers,43.51,61.78,43.51,45.01,45.92,46.01,47.35,52.32,-0.2,9.42,47.61,44.41
MDLZ,Mondelez International,Consumer Staples,Packaged Foods & Meats,57.85,70.19,54.9,60.3,61.21,61.5,61.81,63.42,-0.2,9.96,63.61,59.39
MPWR,Monolithic Power Systems,Information Technology,Semiconductors,1094.08,1105.05,453.43,1086.24,1052.43,1005.49,921.81,727.5,0.2,2.46,1120.99,890.01
MNST,Monster Beverage,Consumer Staples,Soft Drinks & Non-alcoholic Beverages,66.56,70.22,46.16,69.03,69.39,68.78,65.97,59.97,-0.2,6.69,71.01,66.56
MCO,Moody's Corporation,Financials,Financial Exchanges & Data,471.7,524.53,395.22,485.53,479.94,481.93,491.88,482.53,0.0,5.46,497.45,466.42
MS,Morgan Stanley,Financials,Investment Banking & Brokerage,164.03,166.02,98.35,163.69,161.64,159.01,155.83,135.25,0.2,1.54,166.56,151.47
MOS,Mosaic Company (The),Materials,Fertilizers & Agricultural Chemicals,28.65,37.55,22.47,29.44,29.44,31.19,32.59,31.0,-0.2,25.45,35.94,26.43
MSI,Motorola Solutions,Information Technology,Communications Equipment,432.18,499.65,392.79,440.04,442.58,448.72,461.05,437.2,-0.2,7.74,465.63,431.82
MSCI,MSCI Inc.,Financials,Financial Exchanges & Data,567.54,630.0,503.37,557.84,547.16,552.49,561.43,561.87,0.2,2.59,582.24,522.75
NDAQ,"Nasdaq, Inc.",Financials,Financial Exchanges & Data,85.42,96.67,66.01,87.88,88.26,88.64,90.72,84.22,-0.2,6.66,91.11,86.18
NTAP,NetApp,Information Technology,"Technology Hardware, Storage & Peripherals",114.12,128.5,75.4,116.33,117.32,118.34,118.35,105.8,-0.2,7.43,122.6,114.09
NFLX,Netflix,Communication Services,Movies & Entertainment,1100.41,1339.13,749.12,1101.15,1148.5,1172.91,1199.81,1119.12,-0.2,15.86,1274.94,1070.86
NEM,Newmont,Materials,Gold,79.67,98.27,36.49,81.98,86.72,87.41,81.66,59.57,0.0,21.92,97.13,77.69
NWSA,News Corp (Class A),Communication Services,Publishing,26.05,31.03,23.89,26.44,26.32,26.71,28.57,28.15,0.0,8.48,28.26,25.15
NWS,News Corp (Class B),Communication Services,Publishing,30.27,35.06,27.33,30.54,30.15,30.37,32.25,32.16,-0.2,6.05,32.1,28.65
NEE,NextEra Energy,Utilities,Multi-Utilities,81.76,86.03,63.11,83.8,84.02,83.48,77.11,71.6,0.2,6.54,87.11,79.85
NKE,"Nike, Inc.",Consumer Discretionary,"Apparel, Accessories & Luxury Goods",65.35,80.35,52.64,68.03,67.94,68.59,71.7,68.69,0.2,11.35,72.77,64.42
NI,NiSource,Utilities,Multi-Utilities,42.46,44.17,33.44,43.42,43.52,43.44,42.31,39.96,-0.4,4.55,44.39,42.5
NDSN,Nordson Corporation,Industrials,Industrial Machinery & Supplies & Components,233.18,260.48,166.29,235.74,235.16,233.71,228.04,211.87,0.2,2.26,238.45,228.96
NSC,Norfolk Southern,Industrials,Rail Transportation,279.53,300.41,204.09,281.18,285.37,289.86,285.72,255.85,0.0,8.15,302.31,277.41
NTRS,Northern Trust,Financials,Asset Management & Custody Banks,127.26,134.6,83.34,126.31,126.38,128.28,129.31,113.55,-0.2,5.23,133.92,122.64
NOC,Northrop Grumman,Industrials,Aerospace & Defense,584.99,637.95,427.78,597.46,597.86,609.23,594.44,521.83,0.0,8.97,637.46,581.0
NCLH,Norwegian Cruise Line Holdings,Consumer Discretionary,"Hotels, Resorts & Cruise Lines",22.22,29.07,15.5,23.01,23.16,23.42,24.45,22.11,0.0,10.94,24.65,22.18
NRG,NRG Energy,Utilities,Independent Power Producers & Energy Traders,178.5,178.5,83.06,171.6,168.77,167.49,160.84,134.79,0.2,-1.3,176.18,158.79
NUE,Nucor,Materials,Steel,154.43,164.83,102.37,145.55,140.59,138.81,140.36,129.67,0.0,-3.0,149.8,127.84
NVDA,Nvidia,Information Technology,Semiconductors,207.04,207.04,94.3,193.6,187.71,186.86,180.82,147.51,0.0,-3.11,200.6,173.12
NVR,"NVR, Inc.",Consumer Discretionary,Homebuilding,7333.31,9455.81,6700.0,7468.66,7575.86,7685.56,7973.0,7577.38,0.0,10.78,8123.84,7247.02
NXPI,NXP Semiconductors,Information Technology,Semiconductors,204.71,250.84,152.09,215.82,217.02,219.01,223.62,210.65,-0.4,13.43,232.2,205.82
ORLY,O’Reilly Automotive,Consumer Discretionary,Automotive Retail,94.52,107.82,76.44,96.43,98.84,100.7,103.15,94.32,-0.2,12.52,106.35,95.05
OXY,Occidental Petroleum,Energy,Oil & Gas Exploration & Production,40.58,51.86,35.72,41.83,41.48,42.64,44.89,44.41,-0.2,13.06,45.88,39.41
ODFL,Old Dominion,Industrials,Cargo Ground Transportation,136.13,230.37,134.31,136.19,138.32,138.81,143.43,160.84,0.2,6.64,145.17,132.46
OMC,Omnicom Group,Communication Services,Advertising,75.24,101.44,68.6,78.14,78.35,78.22,77.71,76.31,-0.2,7.79,81.1,75.33
ON,ON Semiconductor,Information Technology,Semiconductors,51.4,74.7,31.95,51.67,52.58,50.95,50.2,48.65,0.2,7.45,55.23,46.66
OKE,Oneok,Energy,Oil & Gas Storage & Transportation,67.2,112.93,67.2,68.79,68.63,69.88,72.05,82.62,0.0,9.29,73.44,66.33
ORCL,Oracle Corporation,Information Technology,Application Software,275.3,327.76,122.35,280.19,283.02,288.38,276.74,204.33,0.2,12.7,310.26,266.5
OTIS,Otis Worldwide,Industrials,Industrial Machinery & Supplies & Components,93.38,103.35,84.52,92.33,91.92,91.31,89.65,94.1,0.1,0.09,93.46,89.16
PCAR,Paccar,Industrials,Construction Machinery & Heavy Transportation Equipment,98.21,113.98,85.82,99.59,98.5,97.24,98.53,97.9,-0.2,3.83,101.97,92.52
PKG,Packaging Corporation of America,Materials,Paper & Plastic Packaging Products & Materials,196.65,242.86,173.82,205.5,205.89,208.61,211.27,200.66,-0.2,10.53,217.36,199.87
PLTR,Palantir Technologies,Information Technology,Application Software,198.81,198.81,41.41,188.54,183.76,182.02,173.13,131.18,0.2,-2.6,193.64,170.39
PANW,Palo Alto Networks,Information Technology,Systems Software,217.16,221.38,152.44,218.19,214.3,212.61,203.0,190.43,0.2,2.09,221.7,203.52
PSKY,Paramount Skydance Corporation,Communication Services,Movies & Entertainment,15.88,19.73,10.05,16.37,16.56,17.31,17.04,13.04,0.0,21.03,19.22,15.4
PH,Parker Hannifin,Industrials,Industrial Machinery & Supplies & Components,775.03,775.03,514.56,770.88,755.34,750.03,752.79,682.6,-0.2,1.16,784.02,716.04
PAYX,Paychex,Industrials,Human Resource & Employment Services,117.4,158.58,117.4,123.16,124.96,125.49,130.37,142.27,-0.2,10.8,130.08,120.91
PAYC,Paycom,Industrials,Human Resource & Employment Services,186.46,265.28,166.27,196.99,199.64,200.62,212.72,222.34,-0.2,11.65,208.18,193.05
PYPL,PayPal,Financials,Transaction & Payment Processing Services,69.68,91.81,57.41,70.48,69.32,70.25,69.02,71.48,0.1,8.31,75.47,65.03
PNR,Pentair,Industrials,Industrial Machinery & Supplies & Components,107.62,112.34,75.59,109.16,108.97,109.65,109.29,99.3,0.2,4.47,112.43,106.86
PEP,PepsiCo,Consumer Staples,Soft Drinks & Non-alcoholic Beverages,146.16,163.52,125.83,150.39,151.82,148.41,145.62,140.44,-0.2,8.39,158.42,138.4
PFE,Pfizer,Health Care,Pharmaceuticals,24.29,27.37,20.83,24.6,24.6,25.12,24.84,24.21,0.2,10.91,26.94,23.31
PCG,PG&E Corporation,Utilities,Multi-Utilities,15.76,21.5,12.98,16.2,16.39,16.28,15.54,15.68,0.1,7.42,16.93,15.62
PM,Philip Morris International,Consumer Staples,Tobacco,146.77,181.86,114.18,153.02,154.61,155.64,160.33,159.42,-0.4,10.57,162.28,148.99
PSX,Phillips 66,Energy,Oil & Gas Refining & Marketing,138.0,139.46,91.09,135.57,132.58,131.92,132.06,121.04,0.0,-0.3,137.59,126.25
PNW,Pinnacle West Capital,Utilities,Multi-Utilities,89.12,93.78,79.36,91.26,92.0,91.81,89.72,89.66,-0.2,6.18,94.63,88.98
PNC,PNC Financial Services,Financials,Diversified Banks,181.02,207.33,145.61,183.42,182.02,185.8,194.9,182.13,0.0,8.61,196.61,175.0
POOL,Pool Corporation,Consumer Discretionary,Distributors,283.55,385.63,283.55,291.62,293.28,296.42,308.9,313.76,0.0,9.76,311.22,281.61
PPG,PPG Industries,Materials,Specialty Chemicals,99.13,124.51,90.49,103.38,102.82,102.05,106.3,109.48,0.0,7.3,106.37,97.72
PPL,PPL Corporation,Utilities,Electric Utilities,36.48,37.97,30.58,37.11,37.32,37.29,36.6,34.84,0.0,4.47,38.11,36.46
PFG,Principal Financial Group,Financials,Life & Health Insurance,82.43,86.52,68.21,80.65,79.78,80.99,80.9,78.98,0.2,3.05,84.94,77.04
PG,Procter & Gamble,Consumer Staples,Personal Care Products,148.77,175.07,146.4,151.1,150.7,149.95,153.29,158.83,0.2,3.01,153.25,146.64
PGR,Progressive Corporation,Financials,Property & Casualty Insurance,207.97,290.89,207.97,215.23,218.71,229.46,238.9,257.92,0.0,21.77,253.25,205.67
PLD,Prologis,Real Estate,Industrial REITs,123.47,127.18,88.13,125.69,125.28,120.59,115.73,109.76,0.2,6.21,131.14,110.03
PRU,Prudential Financial,Financials,Life & Health Insurance,101.19,124.75,92.74,101.76,101.48,102.02,104.32,104.83,0.2,3.25,104.48,99.55
PEG,Public Service Enterprise Group,Utilities,Electric Utilities,80.29,91.66,75.92,82.17,83.17,82.52,82.13,81.59,0.2,6.29,85.34,79.7
PTC,PTC Inc.,Information Technology,Application Software,197.86,216.53,136.74,202.62,203.14,202.7,206.06,181.65,-0.4,4.56,206.88,198.52
PSA,Public Storage,Real Estate,Self-Storage REITs,289.18,337.69,260.94,299.22,304.14,299.64,291.84,289.8,-0.2,8.5,313.76,285.51
PHM,PulteGroup,Consumer Discretionary,Homebuilding,118.23,141.19,91.67,120.13,121.57,124.62,129.64,112.39,-0.2,14.7,135.61,113.64
PWR,Quanta Services,Industrials,Construction & Engineering,448.69,448.69,236.5,439.67,436.01,432.1,404.95,344.6,-0.2,0.53,451.07,413.11
QCOM,Qualcomm,Information Technology,Semiconductors,178.67,187.68,123.21,177.27,171.9,168.23,164.65,156.12,0.2,2.23,182.65,153.81
DGX,Quest Diagnostics,Health Care,Health Care Services,174.78,190.41,148.06,179.75,183.13,182.65,182.29,172.38,0.0,8.86,190.27,175.04
RL,Ralph Lauren Corporation,Consumer Discretionary,"Apparel, Accessories & Luxury Goods",327.58,337.57,181.18,333.66,331.93,326.22,313.91,270.88,-0.2,4.09,340.98,311.46
RJF,Raymond James Financial,Financials,Investment Banking & Brokerage,158.25,175.92,122.89,161.44,162.56,163.39,166.7,154.83,-0.2,6.67,168.81,157.98
RTX,RTX Corporation,Industrials,Aerospace & Defense,176.36,179.44,112.45,178.47,171.91,167.7,162.4,141.76,0.2,4.5,184.3,151.11
O,Realty Income,Real Estate,Retail REITs,58.36,60.64,49.38,59.64,59.84,59.57,59.25,56.09,0.0,4.51,60.99,58.14
REG,Regency Centers,Real Estate,Retail REITs,69.35,75.5,64.21,71.84,72.01,71.75,71.58,70.8,-0.2,5.85,73.41,70.09
REGN,Regeneron Pharmaceuticals,Health Care,Biotechnology,652.91,924.65,482.34,609.27,593.44,585.41,579.65,595.51,-0.1,-2.68,635.41,535.44
RF,Regions Financial Corporation,Financials,Regional Banks,24.07,27.4,17.95,24.25,24.07,24.71,25.94,23.3,0.0,9.56,26.37,23.04
RSG,Republic Services,Industrials,Environmental & Facilities Services,210.5,256.75,195.95,219.09,219.79,221.56,226.35,234.06,-0.2,8.35,228.08,215.06
RMD,ResMed,Health Care,Health Care Equipment,253.62,293.73,203.67,258.83,263.84,270.16,273.63,250.98,0.0,13.05,286.72,253.61
RVTY,Revvity,Health Care,Health Care Equipment,95.3,126.56,82.44,97.07,96.06,93.8,89.66,98.51,0.1,4.14,99.25,88.35
HOOD,Robinhood Markets,Financials,Investment Banking & Brokerage,144.8,152.46,23.49,142.21,136.72,140.15,125.62,80.79,0.2,6.73,154.55,125.75
ROK,Rockwell Automation,Industrials,Electrical Components & Equipment,368.15,368.15,217.21,361.06,355.82,350.45,347.09,307.88,0.4,-0.52,366.24,334.68
ROL,"Rollins, Inc.",Industrials,Environmental & Facilities Services,53.87,58.74,45.24,55.91,55.97,56.69,56.8,54.8,-0.4,9.47,58.97,54.41
ROP,Roper Technologies,Information Technology,Electronic Equipment & Instruments,446.28,591.12,446.28,464.99,485.89,497.33,507.57,547.07,-0.2,20.68,538.57,456.07
ROST,Ross Stores,Consumer Discretionary,Apparel Retail,158.34,160.73,122.22,158.64,157.46,155.14,151.29,141.03,0.2,2.17,161.78,148.5
RCL,Royal Caribbean Group,Consumer Discretionary,"Hotels, Resorts & Cruise Lines",280.05,364.72,176.89,305.32,306.3,309.02,326.39,274.87,-0.2,17.51,329.09,288.94
SPGI,S&P Global,Financials,Financial Exchanges & Data,473.05,563.17,436.73,487.1,482.19,482.15,510.2,511.51,0.0,4.63,494.95,469.37
CRM,Salesforce,Information Technology,Application Software,251.46,365.66,231.26,254.21,253.45,247.59,246.69,270.62,0.1,4.35,262.4,232.77
SBAC,SBA Communications,Real Estate,Telecom Tower REITs,190.42,241.03,187.49,195.18,196.24,193.06,198.29,214.89,0.0,5.5,200.89,185.23
SLB,Schlumberger,Energy,Oil & Gas Equipment & Services,36.83,43.04,31.43,36.14,34.81,34.08,34.72,36.0,-0.2,0.35,36.96,31.21
STX,Seagate Technology,Information Technology,"Technology Hardware, Storage & Peripherals",265.62,265.62,65.98,235.89,227.49,228.06,209.05,135.24,0.4,-3.18,257.17,198.94
SRE,Sempra,Utilities,Multi-Utilities,92.2,94.01,62.78,92.5,92.2,91.96,86.59,78.02,0.0,2.04,94.08,89.83
NOW,ServiceNow,Information Technology,Systems Software,911.7,1170.39,721.65,933.05,925.8,917.83,919.44,940.0,0.0,4.12,949.26,886.4
SHW,Sherwin-Williams,Materials,Specialty Chemicals,345.73,397.11,312.15,340.4,336.77,336.79,349.21,348.16,0.2,0.95,349.01,324.55
SPG,Simon Property Group,Real Estate,Retail REITs,173.64,187.67,136.92,177.4,177.9,178.52,179.44,166.29,0.0,5.9,183.88,173.16
SWKS,Skyworks Solutions,Information Technology,Semiconductors,78.74,94.39,48.25,76.93,76.1,75.3,75.8,71.17,0.0,1.49,79.91,70.69
SJM,J.M. Smucker Company (The),Consumer Staples,Packaged Foods & Meats,101.21,116.56,93.48,103.11,103.96,104.7,107.42,107.15,0.0,7.48,108.78,100.63
SW,Smurfit Westrock,Materials,Paper & Plastic Packaging Products & Materials,37.84,55.13,37.46,42.08,42.05,41.9,43.57,44.96,-0.2,17.49,44.46,39.34
SNA,Snap-on,Industrials,Industrial Machinery & Supplies & Components,337.15,364.18,288.55,343.34,343.02,340.21,335.59,326.49,0.2,4.36,351.85,328.56
SOLV,Solventum,Health Care,Health Care Technology,69.78,84.04,63.01,71.28,71.85,72.09,72.54,72.95,0.0,6.64,74.41,69.77
SO,Southern Company,Utilities,Electric Utilities,93.51,99.72,78.98,94.97,96.33,96.58,94.32,90.04,-0.2,7.09,100.14,93.02
LUV,Southwest Airlines,Industrials,Passenger Airlines,30.66,37.49,23.77,31.57,32.75,32.58,32.29,31.29,0.2,13.18,34.7,30.47
SWK,Stanley Black & Decker,Industrials,Industrial Machinery & Supplies & Components,69.96,98.58,54.53,70.91,69.95,70.13,73.39,72.06,0.0,8.73,76.07,64.18
SBUX,Starbucks,Consumer Discretionary,Restaurants,84.17,114.25,78.46,85.67,85.4,83.64,84.71,91.26,-0.2,5.61,88.89,78.39
STT,State Street Corporation,Financials,Asset Management & Custody Banks,116.75,118.68,74.25,116.64,115.04,115.34,113.77,100.51,0.0,2.17,119.28,111.41
STLD,Steel Dynamics,Materials,Steel,163.47,163.47,108.4,157.25,152.03,148.41,139.59,130.23,0.2,-1.57,160.9,135.91
STE,Steris,Health Care,Health Care Equipment,236.79,252.43,200.94,240.3,240.86,240.17,244.28,231.96,0.2,3.36,244.75,235.6
SYK,Stryker Corporation,Health Care,Health Care Equipment,369.59,402.61,335.89,378.82,378.71,373.71,378.72,378.87,0.0,4.84,387.48,359.96
SMCI,Supermicro,Information Technology,"Technology Hardware, Storage & Peripherals",52.69,60.71,18.01,50.57,52.12,53.33,47.95,43.05,0.2,10.78,58.37,48.3
SYF,Synchrony Financial,Financials,Consumer Finance,73.21,76.86,43.38,74.19,73.2,72.05,73.65,64.0,-0.2,3.26,75.6,68.51
SNPS,Synopsys,Information Technology,Application Software,455.34,645.35,380.9,459.57,455.24,459.46,500.28,502.22,-0.2,7.46,489.31,429.59
SYY,Sysco,Consumer Staples,Food Distributors,74.29,82.73,67.09,76.75,78.01,78.98,79.98,74.92,-0.2,11.36,82.73,75.22
TMUS,T-Mobile US,Communication Services,Wireless Telecommunication Services,215.01,270.87,209.08,218.69,223.58,225.58,236.98,242.06,-0.2,9.0,234.36,216.8
TROW,T. Rowe Price,Financials,Asset Management & Custody Banks,103.51,118.63,78.24,103.88,103.75,104.22,104.76,98.81,0.2,3.46,107.09,101.36
TTWO,Take-Two Interactive,Communication Services,Interactive Home Entertainment,251.73,262.29,160.75,253.44,256.59,257.03,249.02,226.09,0.0,4.61,263.33,250.72
TPR,"Tapestry, Inc.",Consumer Discretionary,"Apparel, Accessories & Luxury Goods",112.92,117.14,46.13,114.12,115.28,114.98,109.97,88.91,0.0,5.3,118.9,111.04
TRGP,Targa Resources,Energy,Oil & Gas Storage & Transportation,151.38,213.93,146.3,153.69,152.03,155.48,161.67,173.51,0.2,10.75,167.65,143.3
TGT,Target Corporation,Consumer Staples,Consumer Staples Merchandise Retail,94.12,150.74,85.53,95.5,93.84,91.37,91.62,102.03,0.0,3.76,97.66,85.08
TEL,TE Connectivity,Information Technology,Electronic Manufacturing Services,240.76,240.76,121.04,236.76,231.42,226.27,217.14,173.55,0.2,-0.34,239.94,212.61
TDY,Teledyne Technologies,Information Technology,Electronic Equipment & Instruments,515.33,593.62,435.54,527.6,545.11,561.99,557.87,516.16,0.0,17.97,607.93,516.01
TER,Teradyne,Information Technology,Semiconductor Materials & Equipment,173.94,173.94,67.79,151.03,145.4,143.56,130.35,103.49,0.2,-8.3,159.5,127.61
TSLA,"Tesla, Inc.",Consumer Discretionary,Automobile Manufacturers,461.51,479.86,221.86,451.44,445.42,439.72,405.59,336.69,-0.2,0.19,462.39,417.04
TXN,Texas Instruments,Information Technology,Semiconductors,160.26,219.66,143.34,167.58,172.11,174.96,183.61,183.95,-0.2,16.21,186.24,163.68
TPL,Texas Pacific Land Corporation,Energy,Oil & Gas Exploration & Production,924.4,1720.9,853.36,927.02,930.12,931.41,923.41,1135.17,-0.1,5.5,975.24,887.56
TXT,Textron,Industrials,Aerospace & Defense,79.99,88.01,60.69,80.22,81.21,82.9,82.34,76.97,0.0,9.55,87.63,78.17
TMO,Thermo Fisher Scientific,Health Care,Life Sciences Tools & Services,558.31,605.06,389.91,564.83,556.89,544.71,507.79,478.56,0.2,3.25,576.46,512.95
TJX,TJX Companies,Consumer Discretionary,Apparel Retail,141.69,145.16,110.99,142.66,143.0,142.49,140.83,128.51,0.0,2.67,145.47,139.51
TKO,TKO Group Holdings,Communication Services,Movies & Entertainment,186.6,205.33,114.86,187.05,187.23,190.06,192.76,168.35,0.0,6.48,198.69,181.43
TTD,Trade Desk (The),Communication Services,Advertising,49.96,139.51,43.93,52.27,52.16,52.21,50.57,68.48,-0.1,10.39,55.15,49.27
TSCO,Tractor Supply,Consumer Discretionary,Other Specialty Retail,54.24,62.65,47.62,55.75,55.4,55.15,57.81,54.74,0.2,4.66,56.77,53.53
TT,Trane Technologies,Industrials,Building Products,427.48,471.46,313.81,424.77,420.67,421.33,416.26,397.11,0.0,0.97,431.63,411.03
TDG,TransDigm Group,Industrials,Aerospace & Defense,1316.0,1516.55,1152.5,1342.98,1317.52,1300.33,1297.63,1313.49,0.1,3.77,1365.61,1235.03
TRV,Travelers Companies (The),Financials,Property & Casualty Insurance,267.91,284.97,229.61,269.07,267.2,272.35,273.8,260.83,-0.4,6.86,286.29,258.41
TRMB,Trimble Inc.,Information Technology,Electronic Equipment & Instruments,79.39,85.24,55.12,80.63,79.57,79.29,80.28,74.34,0.0,3.64,82.28,76.31
TFC,Truist Financial,Financials,Diversified Banks,43.91,47.07,33.92,44.13,43.52,43.87,45.01,42.37,0.0,4.83,46.03,41.72
TYL,Tyler Technologies,Information Technology,Application Software,478.0,646.74,478.0,504.53,506.68,504.64,528.56,566.34,-0.2,9.69,524.32,484.94
TSN,Tyson Foods,Consumer Staples,Packaged Foods & Meats,50.72,62.84,50.72,51.63,52.03,52.58,54.21,55.95,-0.2,7.69,54.62,50.55
USB,U.S. Bancorp,Financials,Diversified Banks,46.64,51.35,35.62,47.56,47.12,47.07,47.82,44.43,0.2,4.48,48.73,45.41
UBER,Uber,Industrials,Passenger Ground Transportation,95.76,100.1,59.93,95.26,94.0,95.13,95.51,84.77,0.0,3.84,99.44,90.83
UDR,"UDR, Inc.",Real Estate,Multi-Family Residential REITs,33.56,44.54,33.56,35.43,35.86,35.89,36.97,39.65,-0.2,10.79,37.18,34.61
ULTA,Ulta Beauty,Consumer Discretionary,Other Specialty Retail,506.07,566.91,314.47,517.96,522.96,538.31,531.93,448.32,0.0,13.4,573.88,502.75
UNP,Union Pacific Corporation,Industrials,Rail Transportation,216.37,249.94,205.73,217.77,221.8,226.34,224.49,226.96,-0.1,10.39,238.85,213.84
UAL,United Airlines Holdings,Industrials,Passenger Airlines,95.93,110.52,56.15,96.93,97.97,98.3,101.36,88.71,0.0,7.92,103.53,93.08
UPS,United Parcel Service,Industrials,Air Freight & Logistics,97.4,130.93,82.58,91.45,89.13,87.1,85.94,97.74,0.1,-3.18,94.3,79.9
URI,United Rentals,Industrials,Trading Companies & Distributors,870.78,1020.0,549.5,894.88,945.45,965.47,953.47,774.29,-0.2,20.97,1053.38,877.51
UNH,UnitedHealth Group,Health Care,Managed Health Care,355.26,611.98,236.28,362.41,361.66,361.24,341.13,384.19,0.1,4.25,370.36,352.14
UHS,Universal Health Services,Health Care,Health Care Facilities,225.3,225.3,154.78,215.59,211.12,207.5,196.58,183.29,0.2,-2.17,220.41,194.6
VLO,Valero Energy,Energy,Oil & Gas Refining & Marketing,170.66,175.63,102.97,171.71,165.24,163.56,160.75,137.71,0.2,1.93,173.95,153.16
VTR,Ventas,Real Estate,Health Care REITs,69.78,71.55,55.68,70.35,70.41,69.46,68.56,65.37,0.2,2.97,71.85,67.08
VLTO,Veralto,Industrials,Environmental & Facilities Services,99.5,109.64,85.14,103.13,103.19,103.52,105.31,100.78,-0.2,7.73,107.19,99.86
VRSN,Verisign,Information Technology,Internet Services & Infrastructure,232.82,305.1,175.69,243.61,252.8,260.15,271.89,260.82,-0.2,21.32,282.46,237.83
VRSK,Verisk Analytics,Industrials,Research & Consulting Services,208.0,320.32,208.0,228.71,231.47,237.98,250.51,282.99,-0.2,22.92,255.67,220.28
VZ,Verizon,Communication Services,Integrated Telecommunication Services,40.21,44.3,36.0,39.2,39.78,40.31,42.01,41.4,0.2,5.47,42.41,38.21
VRTX,Vertex Pharmaceuticals,Health Care,Biotechnology,417.21,516.74,366.54,420.76,420.1,414.88,400.72,445.61,0.3,2.92,429.39,400.37
VTRS,Viatris,Health Care,Pharmaceuticals,10.27,12.87,7.08,10.33,10.3,10.15,10.13,9.37,0.0,2.53,10.53,9.77
VICI,Vici Properties,Real Estate,Hotel & Resort REITs,29.7,33.46,27.08,30.73,30.89,31.26,32.06,31.25,-0.2,9.97,32.66,29.86
V,Visa Inc.,Financials,Transaction & Payment Processing Services,341.28,372.65,279.91,345.87,344.36,346.03,344.82,345.03,-0.1,3.57,353.46,338.58
VST,Vistra Corp.,Utilities,Electric Utilities,199.37,217.92,97.84,196.42,196.04,200.22,199.54,169.17,0.0,7.84,215.0,185.43
VMC,Vulcan Materials Company,Materials,Construction Materials,294.97,309.07,219.65,292.87,294.27,299.0,296.46,268.63,0.2,4.85,309.28,288.73
WRB,W. R. Berkley Corporation,Financials,Property & Casualty Insurance,71.4,78.46,56.03,73.91,74.07,75.69,74.08,68.95,-0.2,11.33,79.49,71.9
GWW,W. W. Grainger,Industrials,Industrial Machinery & Supplies & Components,958.97,1212.97,915.74,966.65,965.32,960.89,980.55,1014.53,0.0,2.14,979.49,942.3
WAB,Wabtec,Industrials,Construction Machinery & Heavy Transportation Equipment,201.55,214.1,159.81,198.89,196.98,196.98,194.56,194.0,0.0,0.48,202.52,191.44
WMT,Walmart,Consumer Staples,Consumer Staples Merchandise Retail,102.46,109.03,80.6,104.63,105.77,104.62,102.41,97.0,0.0,6.76,109.39,99.84
DIS,Walt Disney Company (The),Communication Services,Movies & Entertainment,110.24,124.01,81.37,111.79,111.88,111.7,114.31,109.77,0.2,3.51,114.11,109.28
WBD,Warner Bros. Discovery,Communication Services,Broadcasting,21.34,21.34,7.55,21.15,20.14,19.21,16.97,12.05,0.0,2.91,21.96,16.46
WM,Waste Management,Industrials,Environmental & Facilities Services,197.53,240.36,197.53,209.26,212.18,214.97,218.34,224.61,0.0,14.06,225.3,204.63
WAT,Waters Corporation,Health Care,Life Sciences Tools & Services,343.47,417.28,277.72,351.27,346.69,337.71,314.44,341.42,-0.1,4.78,359.89,315.53
WEC,WEC Energy Group,Utilities,Electric Utilities,114.58,117.5,89.8,115.64,116.27,115.51,111.83,106.06,0.2,3.26,118.32,112.69
WFC,Wells Fargo,Financials,Diversified Banks,86.0,87.01,60.29,86.16,85.27,83.15,82.36,76.56,0.0,3.43,88.95,77.34
WELL,Welltower,Real Estate,Health Care REITs,176.96,182.61,122.12,178.65,176.92,173.89,170.94,154.74,0.2,3.14,182.52,165.26
WST,West Pharmaceutical Services,Health Care,Health Care Supplies,284.86,347.02,190.04,292.06,282.94,274.45,261.6,243.6,0.2,4.87,298.73,250.16
WDC,Western Digital,Information Technology,"Technology Hardware, Storage & Peripherals",141.38,141.38,30.45,129.62,126.36,124.01,107.35,66.42,0.2,-3.58,136.32,111.7
WY,Weyerhaeuser,Real Estate,Timber REITs,23.2,31.52,23.2,23.74,23.66,24.03,24.73,26.45,0.0,8.19,25.1,22.96
WSM,"Williams-Sonoma, Inc.",Consumer Discretionary,Homefurnishing Retail,195.49,215.07,127.2,193.02,190.6,190.67,194.59,179.74,0.0,2.05,199.5,181.85
WMB,Williams Companies,Energy,Oil & Gas Storage & Transportation,56.98,64.48,49.82,57.73,60.12,61.77,60.14,58.03,0.2,16.94,66.63,56.9
WTW,Willis Towers Watson,Financials,Insurance Brokers,317.54,349.93,288.85,324.9,327.69,335.33,334.61,320.39,0.2,11.29,353.39,317.27
WDAY,"Workday, Inc.",Information Technology,Application Software,231.36,279.91,210.47,238.65,238.48,237.15,233.93,242.15,-0.1,6.34,246.03,228.28
WYNN,Wynn Resorts,Consumer Discretionary,Casinos & Gaming,120.87,133.34,65.78,123.63,121.43,121.53,122.81,98.48,0.0,7.78,130.27,112.78
XEL,Xcel Energy,Utilities,Multi-Utilities,79.69,81.85,61.02,80.2,80.59,80.77,76.47,70.4,0.2,3.0,82.08,79.46
XYL,Xylem Inc.,Industrials,Industrial Machinery & Supplies & Components,152.95,152.95,102.25,149.76,147.95,147.7,144.31,130.06,0.2,-0.73,151.83,143.56
YUM,Yum! Brands,Consumer Discretionary,Restaurants,139.19,160.96,121.48,142.6,144.57,145.13,146.74,145.4,0.0,9.01,151.73,138.53
ZBRA,Zebra Technologies,Information Technology,Electronic Equipment & Instruments,270.77,421.11,213.54,295.67,297.59,296.08,305.61,306.31,-0.2,18.24,320.16,271.99
ZBH,Zimmer Biomet,Health Care,Health Care Equipment,99.71,112.61,89.76,102.03,102.14,100.13,101.54,100.22,0.2,5.58,105.27,94.98
ZTS,Zoetis,Health Care,Pharmaceuticals,143.94,180.56,141.11,145.84,145.48,144.58,147.65,156.32,0.2,2.93,148.16,141.0
