Symbol,Company,GICS_Sector,GICS_Sub_Industry,Current_Price,52_Week_High,52_Week_Low,SMA_5,SMA_10,SMA_20,SMA_50,SMA_100,SMA_125,SMA_200
MMM,3M,Industrials,Industrial Conglomerates,164.63,172.85,120.83,167.99,163.27,158.81,156.7,153.61,152.09,148.85
AOS,A. O. Smith,Industrials,Building Products,65.58,76.94,58.25,67.79,68.7,69.6,71.36,69.88,69.28,67.97
ABT,Abbott Laboratories,Health Care,Health Care Equipment,124.43,139.33,109.21,126.28,127.26,129.79,131.32,130.89,131.06,129.67
ABBV,AbbVie,Health Care,Biotechnology,225.14,243.06,158.28,227.39,228.55,229.11,220.59,205.16,200.81,196.15
ACN,Accenture,Information Technology,IT Consulting & Other Services,247.75,394.41,229.4,249.87,246.36,246.3,246.98,264.11,273.95,295.81
ADBE,Adobe Inc.,Information Technology,Application Software,337.86,557.9,327.5,352.64,348.07,345.85,351.32,361.19,369.76,384.41
AMD,Advanced Micro Devices,Information Technology,Semiconductors,264.33,267.08,76.48,253.98,244.64,227.62,187.63,169.95,158.1,138.04
AES,AES Corporation,Utilities,Independent Power Producers & Energy Traders,14.37,16.4,9.28,14.41,14.45,14.45,13.68,12.92,12.46,11.84
AFL,Aflac,Financials,Life & Health Insurance,105.7,113.9,96.14,106.93,107.39,109.42,108.71,105.41,105.06,105.16
A,Agilent Technologies,Health Care,Life Sciences Tools & Services,143.2,152.88,96.03,146.23,144.87,142.13,131.65,124.57,121.84,123.11
APD,Air Products,Materials,Industrial Gases,248.34,334.71,240.55,253.67,253.68,259.47,274.69,280.04,278.17,283.93
ABNB,Airbnb,Consumer Discretionary,"Hotels, Resorts & Cruise Lines",126.48,163.93,99.88,127.78,127.1,123.86,124.51,128.96,129.35,129.24
AKAM,Akamai Technologies,Information Technology,Internet Services & Infrastructure,73.01,105.26,67.51,74.78,74.48,75.12,76.23,76.95,77.22,80.32
ALB,Albemarle Corporation,Materials,Specialty Chemicals,97.8,111.49,48.84,98.74,96.05,94.38,86.22,78.02,73.98,73.55
ARE,Alexandria Real Estate Equities,Real Estate,Office REITs,58.76,109.58,57.62,70.78,73.54,75.49,79.55,76.98,75.38,80.24
ALGN,Align Technology,Health Care,Health Care Supplies,131.91,246.19,122.0,134.38,133.89,132.01,133.55,155.49,160.48,170.14
ALLE,Allegion,Industrials,Building Products,165.59,180.68,116.14,168.83,173.21,174.75,173.94,163.37,158.92,147.55
LNT,Alliant Energy,Utilities,Electric Utilities,67.79,69.75,54.71,68.44,68.32,68.0,66.29,64.49,63.79,62.54
ALL,Allstate,Financials,Property & Casualty Insurance,190.0,215.7,173.88,192.34,193.48,200.94,203.2,200.46,201.05,198.03
GOOGL,Alphabet Inc. (Class A),Communication Services,Interactive Media & Services,274.57,275.34,140.23,264.86,258.78,251.92,240.54,212.84,203.29,191.57
GOOG,Alphabet Inc. (Class C),Communication Services,Interactive Media & Services,275.17,275.92,142.36,265.55,259.43,252.68,241.15,213.63,204.19,192.85
MO,Altria,Consumer Staples,Tobacco,61.97,67.51,46.35,63.65,64.01,64.83,65.2,62.36,61.37,58.35
AMZN,Amazon,Consumer Discretionary,Broadline Retail,230.3,242.52,161.38,226.36,221.58,221.09,225.06,223.48,219.22,214.32
AMCR,Amcor,Materials,Paper & Plastic Packaging Products & Materials,8.0,10.81,7.81,8.2,8.17,8.1,8.23,8.81,8.87,9.13
AEE,Ameren,Utilities,Multi-Utilities,102.28,106.73,82.82,103.8,104.57,104.27,101.9,99.65,98.85,97.71
AEP,American Electric Power,Utilities,Electric Utilities,122.11,122.79,87.57,117.15,117.33,117.03,112.7,109.53,108.07,105.64
AXP,American Express,Financials,Consumer Finance,358.22,362.84,219.32,358.68,351.99,339.34,332.7,319.28,313.47,301.42
AIG,American International Group,Financials,Multi-line Insurance,77.98,87.1,68.15,78.71,78.29,80.26,79.59,80.39,80.84,79.91
AMT,American Tower,Real Estate,Telecom Tower REITs,179.08,232.28,168.28,186.67,189.28,188.2,193.16,204.01,205.39,203.04
AWK,American Water Works,Utilities,Water Utilities,130.06,153.69,116.64,137.41,140.74,140.55,140.11,140.64,140.8,138.64
AMP,Ameriprise Financial,Financials,Asset Management & Custody Banks,478.54,576.69,393.57,481.01,476.78,482.63,492.9,506.33,506.11,504.85
AME,Ametek,Industrials,Electrical Components & Equipment,184.19,197.03,144.53,186.48,186.3,184.84,186.0,183.2,181.84,179.46
AMGN,Amgen,Health Care,Biotechnology,291.77,330.26,247.06,291.93,295.47,295.17,287.81,289.38,286.35,287.92
APH,Amphenol,Information Technology,Electronic Components,139.75,141.72,56.27,136.42,131.61,127.79,120.95,111.13,106.1,91.67
ADI,Analog Devices,Information Technology,Semiconductors,235.04,257.11,157.31,239.74,241.61,239.27,244.28,238.39,233.42,222.62
AON,Aon plc,Financials,Insurance Brokers,326.07,411.24,322.37,334.4,339.23,350.26,358.52,357.98,358.63,366.75
APA,APA Corporation,Energy,Oil & Gas Exploration & Production,22.54,25.51,13.04,23.41,22.95,23.23,23.05,21.05,20.19,19.86
APO,Apollo Global Management,Financials,Asset Management & Custody Banks,124.88,187.59,101.84,124.75,124.37,124.7,131.86,137.07,136.49,139.31
AAPL,Apple Inc.,Information Technology,"Technology Hardware, Storage & Peripherals",269.7,271.41,168.8,265.98,261.31,257.18,246.43,228.48,223.38,222.64
AMAT,Applied Materials,Information Technology,Semiconductor Materials & Equipment,235.75,237.39,123.04,230.39,227.93,223.45,195.33,189.12,183.54,174.4
APTV,Aptiv,Consumer Discretionary,Automotive Parts & Equipment,85.77,88.8,47.19,85.94,84.94,84.68,83.14,76.32,74.14,69.13
ACGL,Arch Capital Group,Financials,Property & Casualty Insurance,85.85,101.66,82.45,86.22,86.64,89.18,90.07,89.72,90.55,91.15
ADM,Archer Daniels Midland,Consumer Staples,Agricultural Products & Services,60.52,65.0,40.22,61.93,62.27,61.97,61.73,57.99,55.95,52.45
ANET,Arista Networks,Information Technology,Communications Equipment,162.03,162.68,59.43,156.44,151.03,149.72,144.59,128.06,120.93,110.15
AJG,Arthur J. Gallagher & Co.,Financials,Insurance Brokers,262.02,349.78,261.04,274.35,277.37,291.03,296.53,301.55,308.56,313.21
AIZ,Assurant,Financials,Multi-line Insurance,208.11,227.13,173.64,210.33,209.86,214.2,213.59,204.06,202.86,202.71
T,AT&T,Communication Services,Integrated Telecommunication Services,25.14,29.47,20.72,25.23,25.64,25.84,27.53,27.53,27.42,26.62
ATO,Atmos Energy,Utilities,Gas Utilities,171.66,179.7,133.63,174.84,175.88,175.28,169.57,162.65,161.18,156.03
ADSK,Autodesk,Information Technology,Application Software,297.08,329.09,232.67,308.88,307.46,309.84,311.94,305.14,302.79,293.16
ADP,Automatic Data Processing,Industrials,Human Resource & Employment Services,261.22,326.59,260.24,276.77,279.63,283.86,291.04,297.46,300.81,299.32
AZO,AutoZone,Consumer Discretionary,Automotive Retail,3709.12,4388.11,2980.1,3796.38,3899.2,3998.63,4122.04,3954.5,3913.22,3768.32
AVB,AvalonBay Communities,Real Estate,Multi-Family Residential REITs,176.29,231.37,175.6,185.45,186.22,186.45,189.5,193.1,194.82,199.82
AVY,Avery Dennison,Materials,Paper & Plastic Packaging Products & Materials,176.2,205.68,155.31,180.74,172.53,166.71,166.89,171.2,172.23,174.23
AXON,Axon Enterprise,Industrials,Aerospace & Defense,759.44,885.92,422.38,743.16,712.99,711.31,732.5,753.01,746.12,683.8
BKR,Baker Hughes,Energy,Oil & Gas Equipment & Services,48.32,50.93,33.21,47.79,46.91,46.96,46.76,43.82,42.45,42.36
BALL,Ball Corporation,Materials,"Metal, Glass & Plastic Containers",47.78,64.12,43.18,49.25,49.04,48.75,49.86,53.1,52.99,52.2
BAC,Bank of America,Financials,Diversified Banks,52.58,53.28,32.69,52.56,51.92,51.02,50.76,48.62,47.49,45.42
BAX,Baxter International,Health Care,Health Care Equipment,22.42,37.27,21.18,22.89,22.93,22.87,23.32,25.52,26.48,28.42
BDX,Becton Dickinson,Health Care,Health Care Equipment,181.52,248.0,161.47,185.03,186.76,188.44,189.01,183.6,180.83,195.87
BBY,Best Buy,Consumer Discretionary,Computer & Electronics Retail,84.0,90.84,53.55,83.29,81.97,78.99,76.12,72.22,71.47,72.49
TECH,Bio-Techne,Health Care,Life Sciences Tools & Services,62.02,80.37,45.87,64.44,63.54,61.96,56.99,54.87,53.67,56.83
BIIB,Biogen,Health Care,Biotechnology,147.86,187.28,110.04,149.48,147.32,148.77,143.84,137.14,134.91,135.12
BLK,BlackRock,Financials,Asset Management & Custody Banks,1098.0,1219.94,766.05,1123.18,1136.81,1152.58,1137.64,1104.06,1074.4,1024.01
BX,Blackstone Inc.,Financials,Asset Management & Custody Banks,148.92,196.67,114.16,152.81,156.19,159.58,169.1,164.14,159.25,155.77
XYZ,"Block, Inc.",Financials,Transaction & Payment Processing Services,76.51,99.26,44.27,78.99,77.48,77.47,76.57,73.81,70.48,69.45
BK,BNY Mellon,Financials,Asset Management & Custody Banks,107.05,110.33,69.31,107.34,106.93,106.51,105.89,100.64,97.89,91.77
BA,Boeing,Industrials,Aerospace & Defense,213.58,242.69,128.88,219.81,217.45,217.29,221.03,220.69,216.91,199.44
BKNG,Booking Holdings,Consumer Discretionary,"Hotels, Resorts & Cruise Lines",5075.86,5829.37,4082.14,5138.09,5137.13,5198.93,5405.37,5478.34,5447.71,5171.55
BSX,Boston Scientific,Health Care,Health Care Equipment,100.3,109.5,80.64,101.44,100.85,98.65,100.99,102.29,102.68,101.81
BMY,Bristol Myers Squibb,Health Care,Pharmaceuticals,42.6,61.0,42.38,43.29,43.6,44.03,45.07,45.75,45.85,49.12
AVGO,Broadcom,Information Technology,Semiconductors,385.98,386.48,137.54,363.88,355.51,348.54,335.69,307.44,291.82,256.69
BR,Broadridge Financial Solutions,Industrials,Data Processing & Outsourced Services,219.88,270.85,205.06,229.2,229.73,232.03,241.7,243.48,242.3,239.02
BRO,Brown & Brown,Financials,Insurance Brokers,80.3,125.31,79.68,85.44,86.75,90.83,92.8,97.63,100.28,105.33
BLDR,Builders FirstSource,Industrials,Building Products,115.29,194.36,102.6,121.22,122.23,124.37,130.23,128.21,125.04,129.92
BG,Bunge Global,Consumer Staples,Agricultural Products & Services,96.1,99.55,65.6,96.68,96.37,89.99,85.35,81.99,81.07,78.3
BXP,"BXP, Inc.",Real Estate,Office REITs,70.36,84.26,52.95,73.38,72.42,72.51,73.04,70.41,69.42,68.03
CHRW,C.H. Robinson,Industrials,Air Freight & Logistics,129.38,138.0,83.72,127.6,127.43,129.06,129.54,116.06,111.67,106.04
CDNS,Cadence Design Systems,Information Technology,Application Software,341.43,376.45,221.56,343.3,336.05,338.08,346.6,336.51,330.66,308.69
CZR,Caesars Entertainment,Consumer Discretionary,Casinos & Gaming,18.73,45.65,18.64,21.73,21.94,22.97,24.85,26.36,26.68,28.14
CPT,Camden Property Trust,Real Estate,Multi-Family Residential REITs,97.58,123.08,97.17,102.64,102.84,102.78,105.74,108.31,109.67,111.21
CPB,Campbell's Company (The),Consumer Staples,Packaged Foods & Meats,29.98,46.18,29.03,30.86,30.93,30.82,31.77,31.62,32.09,34.1
COF,Capital One,Financials,Consumer Finance,218.59,231.82,142.38,221.62,217.49,214.63,219.51,215.18,210.41,200.08
CAH,Cardinal Health,Health Care,Health Care Distributors,164.47,167.89,105.46,162.42,159.73,157.9,153.35,155.86,154.98,145.25
KMX,CarMax,Consumer Discretionary,Automotive Retail,42.46,91.25,42.24,43.87,43.71,44.25,52.16,57.55,59.19,65.87
CCL,Carnival,Consumer Discretionary,"Hotels, Resorts & Cruise Lines",27.87,32.8,15.07,28.8,28.93,28.78,30.09,29.06,27.72,25.6
CARR,Carrier Global,Industrials,Building Products,60.75,81.09,53.89,58.55,57.99,58.18,60.89,66.42,67.5,66.23
CAT,Caterpillar Inc.,Industrials,Construction Machinery & Heavy Transportation Equipment,585.49,596.21,264.29,536.05,531.5,516.56,471.03,435.04,416.11,385.88
CBOE,Cboe Global Markets,Financials,Financial Exchanges & Data,232.68,255.27,186.22,237.1,236.88,238.89,238.91,237.93,235.53,226.09
CBRE,CBRE Group,Real Estate,Real Estate Services,152.71,171.0,108.45,160.09,159.75,156.71,159.8,152.2,147.04,141.43
CDW,CDW Corporation,Information Technology,Technology Distributors,157.32,220.59,136.33,157.87,156.12,154.64,160.52,167.2,169.69,170.7
COR,Cencora,Health Care,Health Care Distributors,333.17,338.22,222.57,333.23,329.72,320.99,306.64,299.35,297.19,283.7
CNC,Centene Corporation,Health Care,Managed Health Care,37.34,66.81,25.08,34.42,35.08,36.15,33.34,35.11,39.86,47.59
CNP,CenterPoint Energy,Utilities,Multi-Utilities,38.95,40.5,27.87,39.47,39.69,39.47,38.63,37.78,37.66,36.4
CF,CF Industries,Materials,Fertilizers & Agricultural Chemicals,84.15,103.84,66.56,86.01,84.97,87.03,86.75,89.42,88.9,85.49
CRL,Charles River Laboratories,Health Care,Life Sciences Tools & Services,180.15,230.02,91.86,190.27,186.42,179.31,166.1,161.6,156.64,154.68
SCHW,Charles Schwab Corporation,Financials,Investment Banking & Brokerage,94.61,99.42,65.48,94.46,94.42,94.0,94.35,93.72,92.28,86.87
CHTR,Charter Communications,Communication Services,Cable & Satellite,241.56,437.06,238.62,244.8,248.15,258.94,263.5,306.92,326.44,337.8
CVX,Chevron Corporation,Energy,Integrated Oil & Gas,155.1,165.09,129.01,155.33,154.53,153.59,155.96,152.35,149.06,148.92
CMG,Chipotle Mexican Grill,Consumer Discretionary,Restaurants,39.76,66.74,38.3,40.81,41.33,41.22,40.83,45.37,46.51,48.78
CB,Chubb Limited,Financials,Property & Casualty Insurance,278.0,305.88,250.52,280.03,275.06,279.57,277.93,277.73,280.15,280.0
CHD,Church & Dwight,Consumer Staples,Household Products,81.84,115.72,81.69,84.87,86.43,87.18,89.83,92.7,93.24,97.83
CI,Cigna,Health Care,Health Care Services,299.12,346.57,255.6,304.71,303.61,303.0,299.18,299.58,302.77,304.77
CINF,Cincinnati Financial,Financials,Property & Casualty Insurance,151.83,166.9,121.6,154.72,154.47,157.93,155.64,151.63,150.62,145.52
CTAS,Cintas,Industrials,Diversified Support Services,183.9,228.77,179.74,189.13,190.05,192.32,200.15,210.21,212.19,207.99
CSCO,Cisco,Information Technology,Communications Equipment,71.33,72.82,51.49,71.25,70.75,69.75,68.3,67.85,66.63,63.92
C,Citigroup,Financials,Diversified Banks,99.12,105.59,54.71,99.39,98.42,97.87,98.29,93.06,89.21,82.8
CFG,Citizens Financial Group,Financials,Regional Banks,50.43,55.24,31.96,51.36,50.63,51.35,51.73,48.84,47.05,44.92
CLX,Clorox,Consumer Staples,Household Products,110.67,165.17,110.62,114.71,116.36,117.68,119.7,121.01,122.93,130.93
CME,CME Group,Financials,Financial Exchanges & Data,261.53,288.09,204.81,267.48,267.19,266.97,265.95,270.05,271.53,263.54
CMS,CMS Energy,Utilities,Multi-Utilities,72.29,76.11,62.54,73.93,74.39,73.94,72.52,71.7,71.4,70.84
KO,Coca-Cola Company (The),Consumer Staples,Soft Drinks & Non-alcoholic Beverages,68.35,73.29,59.3,69.64,69.47,68.06,67.65,68.53,68.87,68.34
CTSH,Cognizant,Information Technology,IT Consulting & Other Services,71.69,89.77,64.98,68.69,67.88,67.62,68.95,72.11,73.59,75.34
COIN,Coinbase,Financials,Financial Exchanges & Data,348.61,444.65,142.58,348.5,341.15,354.58,332.39,335.9,317.0,281.55
CL,Colgate-Palmolive,Consumer Staples,Household Products,75.73,98.37,75.38,77.43,78.11,77.78,80.42,83.79,84.97,86.51
CMCSA,Comcast,Communication Services,Cable & Satellite,28.53,43.66,28.46,29.16,29.36,29.8,31.44,32.64,32.91,33.51
CAG,Conagra Brands,Consumer Staples,Packaged Foods & Meats,17.38,28.22,17.35,18.14,18.35,18.51,18.74,19.26,19.89,21.72
COP,ConocoPhillips,Energy,Oil & Gas Exploration & Production,88.08,112.56,78.56,88.33,87.59,89.58,92.87,92.85,91.74,92.94
ED,Consolidated Edison,Utilities,Multi-Utilities,97.0,112.97,85.07,99.32,100.41,100.45,99.17,100.06,100.76,100.72
STZ,Constellation Brands,Consumer Staples,Distillers & Vintners,130.98,241.11,130.76,136.49,138.52,139.77,143.01,155.47,161.07,167.17
CEG,Constellation Energy,Utilities,Electric Utilities,401.43,412.7,160.94,386.5,379.44,376.56,342.99,331.41,322.81,295.42
COO,Cooper Companies (The),Health Care,Health Care Supplies,69.58,108.01,61.78,72.44,73.02,71.33,69.66,70.84,72.33,77.55
CPRT,Copart,Industrials,Diversified Support Services,42.5,64.38,42.4,44.01,44.39,44.43,46.13,46.82,48.99,52.01
GLW,Corning Inc.,Information Technology,Electronic Components,90.29,91.92,36.95,87.87,86.6,85.82,78.69,67.34,63.41,57.25
CPAY,Corpay,Financials,Transaction & Payment Processing Services,268.11,400.81,264.17,281.35,282.63,285.13,299.96,313.59,317.64,329.3
CTVA,Corteva,Materials,Fertilizers & Agricultural Chemicals,63.2,77.22,53.14,63.55,62.72,62.95,67.93,70.49,69.99,66.76
CSGP,CoStar Group,Real Estate,Real Estate Services,70.51,97.43,63.82,76.48,75.98,77.42,83.45,84.99,83.11,80.93
COST,Costco,Consumer Staples,Consumer Staples Merchandise Retail,912.42,1075.34,864.06,928.12,932.09,930.18,942.49,956.87,969.16,971.15
CTRA,Coterra,Energy,Oil & Gas Exploration & Production,23.34,29.29,21.84,23.54,23.31,23.4,23.74,24.19,24.2,25.15
CRWD,CrowdStrike,Information Technology,Systems Software,545.5,553.64,294.68,534.29,514.6,505.63,470.42,470.07,465.8,434.9
CCI,Crown Castle,Real Estate,Telecom Tower REITs,92.32,114.47,81.02,96.25,97.2,96.71,96.3,99.32,99.34,97.1
CSX,CSX Corporation,Industrials,Rail Transportation,35.3,37.19,26.01,35.73,35.95,35.94,34.37,34.17,33.42,32.25
CMI,Cummins,Industrials,Construction Machinery & Heavy Transportation Equipment,441.26,442.8,257.24,423.16,419.03,422.69,414.06,381.46,368.76,353.89
CVS,CVS Health,Health Care,Health Care Services,80.6,85.15,41.77,81.65,81.63,79.46,75.64,69.9,68.39,65.76
DHR,Danaher Corporation,Health Care,Life Sciences Tools & Services,214.01,256.97,170.43,219.53,216.49,212.0,203.03,201.49,199.55,202.7
DRI,Darden Restaurants,Consumer Discretionary,Restaurants,182.41,224.86,153.25,183.73,185.71,186.78,195.1,202.16,202.73,198.5
DDOG,Datadog,Information Technology,Application Software,156.0,170.08,81.63,156.79,155.47,157.1,144.67,140.03,134.98,127.73
DVA,DaVita,Health Care,Health Care Services,126.56,179.6,122.93,128.59,127.96,127.84,131.6,135.56,136.56,143.08
DAY,Dayforce,Industrials,Human Resource & Employment Services,68.36,82.69,48.01,68.44,68.39,68.5,68.83,62.82,61.96,61.66
DECK,Deckers Brands,Consumer Discretionary,Footwear,83.84,223.98,83.63,90.28,95.43,97.54,107.26,105.92,108.13,120.72
DE,Deere & Company,Industrials,Agricultural & Farm Machinery,473.49,530.24,381.67,472.39,466.22,460.23,468.2,487.96,490.63,480.76
DELL,Dell Technologies,Information Technology,"Technology Hardware, Storage & Peripherals",163.6,167.93,65.33,160.71,155.03,152.83,138.69,132.18,127.13,115.98
DAL,Delta Air Lines,Industrials,Passenger Airlines,58.76,69.15,34.41,59.36,60.09,59.21,59.33,56.06,54.53,53.96
DVN,Devon Energy,Energy,Oil & Gas Exploration & Production,32.05,39.44,25.53,32.68,32.36,33.13,34.23,33.62,33.18,33.32
DXCM,Dexcom,Health Care,Health Care Equipment,68.18,93.25,57.52,69.89,69.12,67.75,71.79,77.41,78.93,78.43
FANG,Diamondback Energy,Energy,Oil & Gas Exploration & Production,143.63,182.18,112.4,144.44,142.57,143.67,142.65,142.57,141.41,144.54
DLR,Digital Realty,Real Estate,Data Center REITs,167.14,192.35,128.14,174.8,173.77,173.82,170.63,171.33,170.49,164.4
DG,Dollar General,Consumer Staples,Consumer Staples Merchandise Retail,99.91,117.24,65.27,101.92,103.47,101.85,104.48,107.82,105.63,95.75
DLTR,Dollar Tree,Consumer Staples,Consumer Staples Merchandise Retail,101.33,118.06,60.49,101.26,99.52,94.84,98.75,102.98,100.09,89.8
D,Dominion Energy,Utilities,Multi-Utilities,58.99,62.52,46.96,60.23,60.56,60.85,60.19,58.72,57.89,56.09
DPZ,Domino's,Consumer Discretionary,Restaurants,405.87,495.24,392.47,413.23,416.7,416.72,433.56,445.02,451.11,452.89
DASH,DoorDash,Consumer Discretionary,Specialized Consumer Services,266.06,285.5,152.26,260.71,261.3,267.6,260.63,250.68,240.98,220.95
DOV,Dover Corporation,Industrials,Industrial Machinery & Supplies & Components,180.8,220.46,142.22,179.42,173.93,168.93,172.13,176.91,177.18,179.5
DOW,Dow Inc.,Materials,Commodity Chemicals,24.86,46.61,20.11,25.06,23.42,22.92,23.5,24.84,25.49,28.7
DHI,D. R. Horton,Consumer Discretionary,Homebuilding,148.29,184.55,109.8,155.48,155.46,158.0,165.81,152.66,146.46,140.12
DTE,DTE Energy,Utilities,Multi-Utilities,138.86,143.79,111.81,140.7,141.52,141.25,138.54,136.53,135.94,132.77
DUK,Duke Energy,Utilities,Electric Utilities,124.29,130.03,102.41,126.41,127.43,126.44,123.91,121.13,120.06,117.83
DD,DuPont,Materials,Specialty Chemicals,82.16,85.99,53.17,81.55,80.72,79.48,77.89,74.72,73.2,73.04
EMN,Eastman Chemical Company,Materials,Specialty Chemicals,61.08,103.22,56.08,62.8,62.03,61.88,64.27,68.55,70.47,76.94
ETN,Eaton Corporation,Industrials,Electrical Components & Equipment,387.75,398.4,230.37,378.44,375.28,375.42,365.83,361.58,353.1,331.45
EBAY,eBay Inc.,Consumer Discretionary,Broadline Retail,99.54,101.11,55.44,97.97,95.9,93.32,92.73,87.48,84.33,77.41
ECL,Ecolab,Materials,Specialty Chemicals,257.47,285.35,220.55,271.54,273.94,274.58,273.4,270.84,268.34,261.04
EIX,Edison International,Utilities,Electric Utilities,55.39,83.74,46.27,56.69,57.09,55.59,54.85,52.94,53.21,53.32
EW,Edwards Lifesciences,Health Care,Health Care Equipment,82.69,84.65,64.89,79.67,77.38,76.24,77.49,77.38,77.19,75.04
EA,Electronic Arts,Communication Services,Interactive Home Entertainment,200.2,203.75,114.77,200.49,200.5,200.42,185.01,170.82,166.49,155.09
ELV,Elevance Health,Health Care,Managed Health Care,336.36,454.26,272.22,341.38,345.29,348.81,328.15,327.93,340.29,365.03
EMR,Emerson Electric,Industrials,Electrical Components & Equipment,136.43,149.68,89.31,134.26,132.21,131.74,131.99,134.0,130.57,124.34
ENPH,Enphase Energy,Information Technology,Semiconductor Materials & Equipment,31.14,89.95,29.89,35.3,36.14,36.26,37.04,37.51,38.91,46.54
ETR,Entergy,Utilities,Electric Utilities,95.46,98.58,64.92,96.02,96.03,96.02,92.07,88.49,87.22,85.18
EOG,EOG Resources,Energy,Oil & Gas Exploration & Production,106.0,134.2,99.8,106.63,106.42,107.69,113.68,116.0,114.75,117.0
EPAM,EPAM Systems,Information Technology,IT Consulting & Other Services,162.85,269.0,138.15,160.67,154.66,151.82,157.9,162.85,165.5,178.47
EQT,EQT Corporation,Energy,Oil & Gas Exploration & Production,51.8,60.83,34.99,53.0,53.8,54.55,52.87,53.86,54.11,52.81
EFX,Equifax,Industrials,Research & Consulting Services,214.51,279.93,199.2,226.56,227.86,230.48,243.19,248.43,252.07,249.64
EQIX,Equinix,Real Estate,Data Center REITs,797.73,977.63,693.42,825.61,823.09,810.88,793.93,797.52,812.24,828.44
EQR,Equity Residential,Real Estate,Multi-Family Residential REITs,58.91,75.25,58.19,62.09,62.3,62.34,63.69,64.64,65.39,66.38
ERIE,Erie Indemnity,Financials,Insurance Brokers,301.87,451.6,301.68,320.51,319.62,319.72,326.99,339.46,343.05,364.64
ESS,Essex Property Trust,Real Estate,Multi-Family Residential REITs,247.18,307.81,239.32,258.81,259.83,260.06,262.18,268.05,269.84,274.39
EL,Estée Lauder Companies (The),Consumer Staples,Personal Care Products,97.36,104.53,47.94,99.65,99.55,95.7,91.21,87.99,83.2,77.12
EG,Everest Group,Financials,Reinsurance,309.45,387.65,302.44,331.31,339.51,347.21,344.36,339.7,340.47,343.47
EVRG,Evergy,Utilities,Electric Utilities,76.94,79.32,56.9,77.76,77.98,77.69,74.5,71.76,70.51,68.4
ES,Eversource Energy,Utilities,Electric Utilities,73.81,75.25,51.06,74.39,73.51,72.85,68.31,66.33,65.5,62.63
EXC,Exelon,Utilities,Electric Utilities,47.2,48.51,34.98,47.72,47.81,47.17,45.17,44.25,44.12,43.54
EXE,Expand Energy,Energy,Oil & Gas Exploration & Production,100.41,121.47,80.07,102.7,103.03,104.3,100.8,103.12,104.86,103.8
EXPE,Expedia Group,Consumer Discretionary,"Hotels, Resorts & Cruise Lines",219.76,240.98,129.46,220.41,220.12,218.74,217.85,199.48,192.67,185.23
EXPD,Expeditors International,Industrials,Air Freight & Logistics,117.57,128.27,99.78,118.58,119.12,119.12,120.61,118.25,117.05,115.56
EXR,Extra Space Storage,Real Estate,Self-Storage REITs,141.76,168.1,118.4,147.85,149.69,146.76,143.47,143.77,144.14,144.22
XOM,ExxonMobil,Energy,Integrated Oil & Gas,116.45,119.89,96.01,115.76,114.18,113.43,112.96,111.01,109.53,108.77
FFIV,"F5, Inc.",Information Technology,Communications Equipment,258.76,346.0,216.16,283.39,290.67,312.5,317.72,309.88,304.27,293.63
FDS,FactSet,Financials,Financial Exchanges & Data,266.89,495.04,266.62,283.55,285.69,283.82,319.06,367.96,384.49,406.55
FICO,Fair Isaac,Information Technology,Application Software,1566.9,2402.52,1300.0,1640.2,1619.73,1678.37,1573.83,1585.54,1651.75,1725.99
FAST,Fastenal,Industrials,Trading Companies & Distributors,41.09,50.37,34.62,42.09,42.27,43.95,46.57,45.52,44.49,41.91
FRT,Federal Realty Investment Trust,Real Estate,Retail REITs,95.47,113.0,78.83,99.31,99.43,98.59,98.75,95.92,95.4,96.13
FDX,FedEx,Industrials,Air Freight & Logistics,249.64,301.45,191.82,245.17,242.26,240.03,233.79,230.72,228.23,232.74
FIS,Fidelity National Information Services,Financials,Transaction & Payment Processing Services,61.5,90.1,59.52,65.85,66.54,66.97,67.16,72.56,73.67,73.64
FITB,Fifth Third Bancorp,Financials,Regional Banks,41.77,47.33,31.68,42.24,41.81,42.58,43.93,42.59,41.59,40.67
FSLR,First Solar,Information Technology,Semiconductors,241.71,249.56,116.56,239.88,234.83,232.73,217.31,195.29,187.67,171.8
FE,FirstEnergy,Utilities,Electric Utilities,45.8,48.2,36.81,46.31,46.69,46.68,44.97,42.96,42.67,41.43
FI,Fiserv,Financials,Transaction & Payment Processing Services,70.6,238.59,66.58,114.49,118.75,121.77,129.23,142.51,148.23,173.41
F,Ford Motor Company,Consumer Discretionary,Automobile Manufacturers,13.24,13.97,8.21,13.16,12.65,12.28,11.95,11.48,11.23,10.53
FTNT,Fortinet,Information Technology,Systems Software,84.22,114.82,70.12,85.17,84.68,84.83,82.32,90.31,92.96,95.8
FTV,Fortive,Industrials,Industrial Machinery & Supplies & Components,50.34,62.58,45.4,49.61,49.35,49.32,48.71,49.85,50.55,52.71
FOXA,Fox Corporation (Class A),Communication Services,Broadcasting,60.81,65.3,41.37,60.28,59.19,59.45,59.79,57.66,56.84,55.03
FOX,Fox Corporation (Class B),Communication Services,Broadcasting,54.35,59.29,38.0,53.88,52.97,53.25,53.97,52.44,51.83,50.61
BEN,Franklin Resources,Financials,Asset Management & Custody Banks,22.94,25.72,15.81,23.03,22.74,22.96,23.72,23.76,23.18,21.52
FCX,Freeport-McMoRan,Materials,Copper,42.19,48.78,27.35,41.41,41.42,41.3,42.37,42.54,41.75,39.84
GRMN,Garmin,Consumer Discretionary,Consumer Electronics,219.61,261.69,160.64,243.95,246.35,250.33,242.5,230.4,223.95,217.91
IT,Gartner,Information Technology,IT Consulting & Other Services,249.74,584.01,223.65,251.83,247.97,247.63,249.19,299.65,327.22,379.76
GE,GE Aerospace,Industrials,Aerospace & Defense,314.28,316.67,158.62,309.43,305.44,302.09,291.46,274.78,265.99,239.72
GEHC,GE HealthCare,Health Care,Health Care Equipment,77.38,94.66,57.57,78.1,76.55,75.36,75.03,74.43,73.74,76.17
GEV,GE Vernova,Industrials,Heavy Electrical Equipment,577.97,677.01,251.84,582.58,586.98,602.53,608.88,588.21,559.66,477.8
GEN,Gen Digital,Information Technology,Systems Software,25.85,32.09,22.55,26.76,26.81,27.02,28.53,29.19,28.95,28.01
GNRC,Generac,Industrials,Electrical Components & Equipment,180.86,203.25,99.5,188.48,189.69,181.33,181.02,169.89,160.69,150.33
GD,General Dynamics,Industrials,Aerospace & Defense,343.48,360.5,235.63,347.24,341.41,340.19,330.25,314.18,305.9,288.37
GIS,General Mills,Consumer Staples,Packaged Foods & Meats,46.57,65.95,46.46,47.65,48.09,48.59,48.97,49.63,50.3,52.94
GM,General Motors,Consumer Discretionary,Automobile Manufacturers,69.13,70.24,41.36,68.98,65.25,61.29,59.78,55.8,54.26,51.76
GPC,Genuine Parts Company,Consumer Discretionary,Distributors,129.15,143.1,102.41,131.28,132.25,133.57,136.47,131.55,129.71,124.9
GILD,Gilead Sciences,Health Care,Biotechnology,118.5,124.61,83.59,119.71,120.78,118.43,115.36,113.37,111.45,108.39
GPN,Global Payments,Financials,Transaction & Payment Processing Services,79.21,118.69,65.53,85.29,85.59,86.05,86.22,83.46,82.35,87.61
GL,Globe Life,Financials,Life & Health Insurance,131.73,147.54,99.43,134.08,134.59,135.76,139.17,133.23,130.69,127.6
GDDY,GoDaddy,Information Technology,Internet Services & Infrastructure,126.57,216.0,125.9,130.53,130.69,132.15,139.69,152.94,159.09,169.19
GS,Goldman Sachs,Financials,Investment Banking & Brokerage,783.06,825.25,434.87,779.96,767.56,773.88,770.29,731.59,703.09,654.04
HAL,Halliburton,Energy,Oil & Gas Equipment & Services,27.48,31.66,18.43,26.93,25.29,24.34,23.37,22.42,21.94,22.8
HIG,Hartford (The),Financials,Property & Casualty Insurance,122.36,135.17,103.64,124.08,124.27,127.81,130.36,127.53,127.6,122.93
HAS,Hasbro,Consumer Discretionary,Leisure Products,77.96,82.19,48.07,77.73,76.26,75.21,76.83,75.62,73.35,67.62
HCA,HCA Healthcare,Health Care,Health Care Facilities,468.4,475.36,288.25,457.98,444.2,433.95,418.65,394.77,390.2,366.11
DOC,Healthpeak Properties,Real Estate,Health Care REITs,17.58,21.81,16.17,18.39,18.48,18.53,18.24,17.75,17.56,18.06
HSIC,Henry Schein,Health Care,Health Care Distributors,62.32,82.49,60.56,63.3,63.32,63.96,66.41,68.51,68.86,69.9
HSY,Hershey Company (The),Consumer Staples,Packaged Foods & Meats,175.28,202.98,136.73,179.59,182.9,187.66,186.69,180.47,176.37,170.68
HPE,Hewlett Packard Enterprise,Information Technology,"Technology Hardware, Storage & Peripherals",24.27,26.44,11.82,23.88,23.41,24.21,23.89,21.9,20.96,19.83
HLT,Hilton Worldwide,Consumer Discretionary,"Hotels, Resorts & Cruise Lines",260.39,279.81,195.81,264.58,264.27,262.77,267.41,266.01,262.47,253.9
HOLX,Hologic,Health Care,Health Care Equipment,73.98,84.39,51.9,73.96,72.8,70.12,68.05,66.89,65.15,64.52
HD,Home Depot (The),Consumer Discretionary,Home Improvement Retail,378.04,429.19,322.47,384.15,386.88,386.38,400.97,385.5,381.48,378.62
HON,Honeywell,Industrials,Industrial Conglomerates,212.89,240.47,177.52,215.84,210.7,208.7,211.83,218.93,219.11,214.62
HRL,Hormel Foods,Consumer Staples,Packaged Foods & Meats,21.49,32.43,21.46,23.3,23.64,23.71,24.75,26.95,27.41,27.97
HST,Host Hotels & Resorts,Real Estate,Hotel & Resort REITs,16.31,18.32,11.93,16.48,16.48,16.47,16.84,16.26,15.98,15.57
HWM,Howmet Aerospace,Industrials,Aerospace & Defense,203.48,205.29,98.55,200.99,196.73,193.47,187.25,183.43,179.57,160.38
HPQ,HP Inc.,Information Technology,"Technology Hardware, Storage & Peripherals",27.7,38.25,20.76,27.84,27.72,27.38,27.61,26.31,26.32,27.18
HUBB,Hubbell Incorporated,Industrials,Industrial Machinery & Supplies & Components,472.57,478.55,297.55,445.91,437.37,428.16,432.37,424.09,415.01,397.09
HUM,Humana,Health Care,Managed Health Care,292.67,314.25,206.15,292.35,287.1,283.27,281.14,262.28,257.26,261.22
HBAN,Huntington Bancshares,Financials,Regional Banks,15.16,17.93,11.7,15.65,15.68,16.06,16.87,16.62,16.37,15.86
HII,Huntington Ingalls Industries,Industrials,Aerospace & Defense,298.42,309.0,155.93,297.85,290.89,288.7,279.49,265.36,257.34,233.46
IBM,IBM,Information Technology,IT Consulting & Other Services,308.21,319.35,197.92,305.27,293.68,289.24,270.37,270.13,267.6,257.61
IEX,IDEX Corporation,Industrials,Industrial Machinery & Supplies & Components,173.4,234.67,151.55,168.85,167.79,166.01,163.69,168.86,171.48,177.43
IDXX,Idexx Laboratories,Health Care,Health Care Equipment,627.66,688.12,356.14,637.77,637.59,634.01,638.16,600.39,581.64,524.47
ITW,Illinois Tool Works,Industrials,Industrial Machinery & Supplies & Components,242.03,273.07,212.05,247.78,249.76,250.95,257.38,254.87,252.38,250.4
INCY,Incyte,Health Care,Biotechnology,90.18,94.42,53.56,91.1,89.19,87.61,86.04,79.31,76.18,72.55
IR,Ingersoll Rand,Industrials,Industrial Machinery & Supplies & Components,79.7,105.95,65.58,79.79,78.81,79.33,79.9,81.54,81.48,81.98
PODD,Insulet Corporation,Health Care,Health Care Equipment,316.17,353.5,227.03,322.14,323.06,318.64,327.12,313.23,312.36,294.98
INTC,Intel,Information Technology,Semiconductors,41.34,42.48,17.67,39.77,38.58,37.77,31.36,26.64,25.45,24.0
ICE,Intercontinental Exchange,Financials,Financial Exchanges & Data,150.62,188.82,141.12,156.57,155.88,157.71,166.83,174.09,174.37,170.32
IFF,International Flavors & Fragrances,Materials,Specialty Chemicals,63.28,100.88,59.14,65.03,64.59,62.84,63.67,68.11,69.59,73.08
IP,International Paper,Materials,Paper & Plastic Packaging Products & Materials,44.23,58.71,42.44,47.5,47.43,46.9,47.1,47.87,47.65,49.09
IPG,Interpublic Group of Companies (The),Communication Services,Advertising,25.76,31.81,21.93,26.76,26.79,26.73,26.57,25.51,25.2,25.39
INTU,Intuit,Information Technology,Application Software,656.04,812.22,530.03,675.83,669.81,664.6,669.58,714.55,710.28,666.76
ISRG,Intuitive Surgical,Health Care,Health Care Equipment,537.59,616.0,425.0,546.41,506.1,473.81,462.1,484.51,497.64,512.3
IVZ,Invesco,Financials,Asset Management & Custody Banks,24.1,24.75,11.33,23.44,23.14,23.4,22.64,20.37,19.2,17.84
INVH,Invitation Homes,Real Estate,Single-Family Residential REITs,27.47,35.13,27.39,28.46,28.55,28.42,29.25,30.44,31.01,31.35
IQV,IQVIA,Health Care,Life Sciences Tools & Services,217.83,225.91,134.65,218.76,215.27,209.15,195.96,183.82,176.1,177.96
IRM,Iron Mountain,Real Estate,Other Specialized REITs,101.34,125.66,71.19,104.2,104.56,104.47,99.42,98.34,98.02,95.11
JBHT,J.B. Hunt,Industrials,Cargo Ground Transportation,168.88,198.61,122.01,167.01,167.25,153.44,144.92,145.15,144.05,147.57
JBL,Jabil,Information Technology,Electronic Manufacturing Services,222.32,237.14,108.57,213.42,209.01,206.26,210.52,212.36,202.74,182.39
JKHY,Jack Henry & Associates,Financials,Transaction & Payment Processing Services,149.89,194.68,144.12,154.41,154.69,152.39,155.6,164.77,167.62,169.61
J,Jacobs Solutions,Industrials,Construction & Engineering,158.36,168.44,104.68,159.61,159.42,157.48,151.29,144.09,140.27,134.33
JNJ,Johnson & Johnson,Health Care,Pharmaceuticals,186.6,194.48,137.37,189.34,191.06,190.33,182.86,171.95,167.84,162.72
JCI,Johnson Controls,Industrials,Building Products,113.34,114.6,67.78,112.42,111.06,109.64,108.3,106.92,104.88,95.87
JPM,JPMorgan Chase,Financials,Diversified Banks,305.51,316.47,200.22,302.0,299.97,302.87,303.14,294.01,286.92,271.8
K,Kellanova,Consumer Staples,Packaged Foods & Meats,83.02,83.14,76.48,83.06,83.03,82.92,80.64,79.94,80.2,80.45
KVUE,Kenvue,Consumer Staples,Personal Care Products,14.31,24.71,14.05,14.8,14.85,15.51,17.52,19.44,20.19,20.86
KDP,Keurig Dr Pepper,Consumer Staples,Soft Drinks & Non-alcoholic Beverages,27.15,35.62,25.03,27.99,27.85,26.9,27.61,30.41,30.91,31.55
KEY,KeyCorp,Financials,Regional Banks,17.4,19.41,12.43,17.59,17.41,17.74,18.42,17.93,17.48,16.82
KEYS,Keysight Technologies,Information Technology,Electronic Equipment & Instruments,170.47,186.2,121.43,169.23,166.75,167.76,169.01,166.28,164.77,162.04
KMB,Kimberly-Clark,Consumer Staples,Household Products,116.72,147.59,116.31,119.14,119.78,120.2,124.25,126.73,128.4,130.12
KIM,Kimco Realty,Real Estate,Retail REITs,21.4,24.7,17.52,22.02,22.02,21.67,21.88,21.47,21.29,21.07
KMI,Kinder Morgan,Energy,Oil & Gas Storage & Transportation,25.9,30.49,23.22,26.05,26.74,27.25,27.25,27.35,27.37,27.13
KKR,KKR & Co.,Financials,Asset Management & Custody Banks,118.55,169.7,85.9,120.72,120.58,122.36,132.79,135.39,132.49,130.49
KLAC,KLA Corporation,Information Technology,Semiconductor Materials & Equipment,1235.28,1259.55,548.81,1199.65,1161.84,1116.01,1023.64,961.98,921.31,839.22
KHC,Kraft Heinz,Consumer Staples,Packaged Foods & Meats,24.38,33.29,24.1,25.23,25.37,25.38,26.12,26.4,26.46,27.31
KR,Kroger,Consumer Staples,Food Retail,66.04,74.52,54.49,67.51,68.08,67.7,67.58,68.89,68.8,67.28
LHX,L3Harris,Industrials,Aerospace & Defense,286.87,308.12,190.25,290.37,289.19,293.51,285.97,273.26,264.54,243.62
LH,Labcorp,Health Care,Health Care Services,248.14,293.72,208.23,269.4,277.45,277.9,277.7,268.53,264.14,254.16
LRCX,Lam Research,Information Technology,Semiconductor Materials & Equipment,160.67,163.09,56.07,154.48,148.66,145.24,126.6,112.03,105.85,94.39
LW,Lamb Weston,Consumer Staples,Packaged Foods & Meats,63.18,82.35,47.25,65.37,65.19,64.4,59.55,56.48,55.68,55.23
LVS,Las Vegas Sands,Consumer Discretionary,Casinos & Gaming,58.78,59.66,29.84,58.18,53.96,52.4,53.61,50.94,48.87,45.66
LDOS,Leidos,Industrials,Diversified Support Services,188.16,200.78,122.65,189.29,188.75,190.55,185.98,173.71,169.29,157.69
LEN,Lennar,Consumer Discretionary,Homebuilding,124.18,171.44,97.13,127.21,126.6,124.46,128.79,121.54,118.73,118.39
LII,Lennox International,Industrials,Building Products,487.78,687.72,485.47,496.48,510.61,524.72,540.17,566.12,567.3,573.07
LLY,Lilly (Eli),Health Care,Pharmaceuticals,813.53,931.67,622.41,821.31,814.97,824.55,774.65,767.22,763.33,785.68
LIN,Linde plc,Materials,Industrial Gases,432.01,484.83,406.06,443.13,446.23,454.23,467.45,467.36,465.2,459.09
LYV,Live Nation Entertainment,Communication Services,Movies & Entertainment,149.19,175.25,112.88,151.92,153.67,153.93,161.09,155.4,152.46,145.86
LKQ,LKQ Corporation,Consumer Discretionary,Distributors,30.04,43.77,28.42,30.78,30.48,30.23,30.96,32.91,34.34,36.23
LMT,Lockheed Martin,Industrials,Aerospace & Defense,485.33,560.66,407.14,486.29,490.24,498.34,479.53,463.41,464.01,459.51
L,Loews Corporation,Financials,Multi-line Insurance,97.8,103.52,74.95,99.24,99.19,100.55,98.6,94.97,93.64,90.69
LOW,Lowe's,Consumer Discretionary,Home Improvement Retail,238.49,275.13,203.22,242.56,242.69,240.58,252.68,239.43,236.51,235.94
LULU,Lululemon Athletica,Consumer Discretionary,"Apparel, Accessories & Luxury Goods",170.3,423.32,159.25,177.78,175.3,173.8,178.55,200.61,222.05,264.2
LYB,LyondellBasell,Materials,Specialty Chemicals,46.71,81.82,44.87,47.56,46.59,47.17,50.92,54.15,54.3,58.94
MTB,M&T Bank,Financials,Regional Banks,181.34,219.44,148.52,182.4,181.72,184.93,193.0,191.63,189.09,185.23
MPC,Marathon Petroleum,Energy,Oil & Gas Refining & Marketing,195.75,201.61,113.82,195.27,189.97,188.88,185.1,176.69,172.49,160.9
MKTX,MarketAxess,Financials,Financial Exchanges & Data,158.85,292.5,158.42,166.37,168.99,170.17,177.77,193.95,198.89,202.83
MAR,Marriott International,Consumer Discretionary,"Hotels, Resorts & Cruise Lines",263.12,305.27,204.35,268.16,266.12,266.32,265.82,267.03,266.02,262.71
MMC,Marsh McLennan,Financials,Insurance Brokers,179.99,245.83,179.26,185.01,186.93,195.46,199.16,204.35,208.94,215.28
MLM,Martin Marietta Materials,Materials,Construction Materials,616.92,665.18,440.72,618.24,622.23,629.39,620.73,594.95,585.74,553.93
MAS,Masco,Industrials,Building Products,65.22,81.95,56.02,67.92,68.34,68.25,71.05,68.74,67.64,68.73
MA,Mastercard,Financials,Transaction & Payment Processing Services,554.58,600.98,463.61,568.06,566.09,568.1,577.45,570.48,571.14,558.87
MTCH,Match Group,Communication Services,Interactive Media & Services,32.03,38.99,26.09,32.58,32.69,32.87,35.34,34.21,33.25,32.51
MKC,McCormick & Company,Consumer Staples,Packaged Foods & Meats,63.83,84.63,63.22,66.24,66.86,66.54,67.32,69.56,70.24,72.69
MCD,McDonald's,Consumer Discretionary,Restaurants,302.35,322.65,271.85,306.3,307.03,302.93,305.93,301.53,303.34,301.94
MCK,McKesson Corporation,Health Care,Health Care Distributors,807.63,812.69,490.22,803.66,795.05,777.96,736.71,721.72,719.08,689.84
MDT,Medtronic,Health Care,Health Care Equipment,91.73,99.37,77.57,93.39,94.54,95.63,94.41,91.84,90.18,89.17
MRK,Merck & Co.,Health Care,Pharmaceuticals,86.58,101.36,71.87,87.26,86.65,86.8,84.32,82.39,81.14,83.34
META,Meta Platforms,Communication Services,Interactive Media & Services,751.67,795.71,479.11,745.26,735.41,725.95,741.82,733.94,714.75,677.26
MET,MetLife,Financials,Life & Health Insurance,78.32,87.17,64.24,78.56,78.54,80.17,80.32,78.86,78.72,78.93
MTD,Mettler Toledo,Health Care,Life Sciences Tools & Services,1394.17,1454.68,946.69,1418.11,1392.37,1349.71,1302.61,1261.63,1237.27,1228.54
MGM,MGM Resorts,Consumer Discretionary,Casinos & Gaming,31.21,42.54,25.3,32.39,32.27,32.53,34.87,35.37,34.79,33.92
MCHP,Microchip Technology,Information Technology,Semiconductors,62.54,77.17,33.63,63.8,64.86,65.01,65.17,67.13,65.15,59.73
MU,Micron Technology,Information Technology,Semiconductors,226.63,232.4,61.44,218.87,210.68,199.86,165.45,141.7,132.18,116.11
MSFT,Microsoft,Information Technology,Systems Software,541.55,554.54,343.59,531.86,523.95,521.22,513.14,507.94,496.65,459.17
MAA,Mid-America Apartment Communities,Real Estate,Multi-Family Residential REITs,126.28,168.08,126.09,131.68,132.32,133.01,137.37,141.18,143.95,147.82
MRNA,Moderna,Health Care,Biotechnology,24.7,57.69,23.15,25.94,26.44,26.96,25.88,27.54,27.24,29.1
MHK,Mohawk Industries,Consumer Discretionary,Home Furnishings,117.53,148.57,96.24,120.86,124.67,124.28,128.85,120.82,117.43,116.65
MOH,Molina Healthcare,Health Care,Managed Health Care,160.28,359.97,151.95,161.93,178.03,187.96,183.41,201.49,223.56,256.35
TAP,Molson Coors Beverage Company,Consumer Staples,Brewers,43.51,63.47,43.47,45.01,45.92,46.01,47.35,48.38,49.47,52.32
MDLZ,Mondelez International,Consumer Staples,Packaged Foods & Meats,57.85,70.58,52.78,60.3,61.21,61.5,61.81,63.85,64.15,63.42
MPWR,Monolithic Power Systems,Information Technology,Semiconductors,1094.08,1123.38,437.16,1086.24,1052.43,1005.49,921.81,834.51,802.66,727.5
MNST,Monster Beverage,Consumer Staples,Soft Drinks & Non-alcoholic Beverages,66.56,70.72,45.7,69.03,69.39,68.78,65.97,63.82,63.52,59.97
MCO,Moody's Corporation,Financials,Financial Exchanges & Data,471.7,528.95,377.3,485.53,479.94,481.93,491.88,495.52,491.91,482.53
MS,Morgan Stanley,Financials,Investment Banking & Brokerage,164.03,167.13,92.93,163.69,161.64,159.01,155.83,147.65,143.32,135.25
MOS,Mosaic Company (The),Materials,Fertilizers & Agricultural Chemicals,28.65,37.97,21.99,29.44,29.44,31.19,32.59,33.8,33.85,31.0
MSI,Motorola Solutions,Information Technology,Communications Equipment,432.18,502.83,387.0,440.04,442.58,448.72,461.05,443.84,438.11,437.2
MSCI,MSCI Inc.,Financials,Financial Exchanges & Data,567.54,636.39,483.67,557.84,547.16,552.49,561.43,560.7,560.71,561.87
NDAQ,"Nasdaq, Inc.",Financials,Financial Exchanges & Data,85.42,97.36,64.46,87.88,88.26,88.64,90.72,90.75,88.82,84.22
NTAP,NetApp,Information Technology,"Technology Hardware, Storage & Peripherals",114.12,132.76,71.18,116.33,117.32,118.34,118.35,111.52,108.81,105.8
NFLX,Netflix,Communication Services,Movies & Entertainment,1100.41,1341.15,747.77,1101.15,1148.5,1172.91,1199.81,1214.96,1208.52,1119.12
NEM,Newmont,Materials,Gold,79.67,98.58,36.35,81.98,86.72,87.41,81.66,71.41,67.58,59.57
NWSA,News Corp (Class A),Communication Services,Publishing,26.05,31.61,23.3,26.44,26.32,26.71,28.57,28.81,28.64,28.15
NWS,News Corp (Class B),Communication Services,Publishing,30.27,35.47,26.17,30.54,30.15,30.37,32.25,32.85,32.76,32.16
NEE,NextEra Energy,Utilities,Multi-Utilities,81.76,87.53,60.75,83.8,84.02,83.48,77.11,74.72,73.6,71.6
NKE,"Nike, Inc.",Consumer Discretionary,"Apparel, Accessories & Luxury Goods",65.35,81.06,51.67,68.03,67.94,68.59,71.7,71.36,69.17,68.69
NI,NiSource,Utilities,Multi-Utilities,42.46,44.88,33.4,43.42,43.52,43.44,42.31,41.48,40.96,39.96
NDSN,Nordson Corporation,Industrials,Industrial Machinery & Supplies & Components,233.18,262.94,163.83,235.74,235.16,233.71,228.04,221.86,217.47,211.87
NSC,Norfolk Southern,Industrials,Rail Transportation,279.53,302.24,199.43,281.18,285.37,289.86,285.72,276.29,268.55,255.85
NTRS,Northern Trust,Financials,Asset Management & Custody Banks,127.26,135.48,80.54,126.31,126.38,128.28,129.31,126.1,121.58,113.55
NOC,Northrop Grumman,Industrials,Aerospace & Defense,584.99,640.9,420.66,597.46,597.86,609.23,594.44,563.91,546.35,521.83
NCLH,Norwegian Cruise Line Holdings,Consumer Discretionary,"Hotels, Resorts & Cruise Lines",22.22,29.29,14.21,23.01,23.16,23.42,24.45,23.33,22.3,22.11
NRG,NRG Energy,Utilities,Independent Power Producers & Energy Traders,178.5,180.54,79.04,171.6,168.77,167.49,160.84,157.78,155.62,134.79
NUE,Nucor,Materials,Steel,154.43,167.56,96.79,145.55,140.59,138.81,140.36,137.93,133.33,129.67
NVDA,Nvidia,Information Technology,Semiconductors,207.04,212.19,86.61,193.6,187.71,186.86,180.82,172.91,164.44,147.51
NVR,"NVR, Inc.",Consumer Discretionary,Homebuilding,7333.31,9527.85,6562.85,7468.66,7575.86,7685.56,7973.0,7792.05,7665.63,7577.38
NXPI,NXP Semiconductors,Information Technology,Semiconductors,204.71,251.87,146.73,215.82,217.02,219.01,223.62,221.44,216.71,210.65
ORLY,O’Reilly Automotive,Consumer Discretionary,Automotive Retail,94.52,108.72,76.22,96.43,98.84,100.7,103.15,98.96,97.41,94.32
OXY,Occidental Petroleum,Energy,Oil & Gas Exploration & Production,40.58,52.36,34.4,41.83,41.48,42.64,44.89,44.39,43.77,44.41
ODFL,Old Dominion,Industrials,Cargo Ground Transportation,136.13,231.78,133.69,136.19,138.32,138.81,143.43,151.1,153.46,160.84
OMC,Omnicom Group,Communication Services,Advertising,75.24,103.32,67.76,78.14,78.35,78.22,77.71,75.04,74.68,76.31
ON,ON Semiconductor,Information Technology,Semiconductors,51.4,76.06,31.04,51.67,52.58,50.95,50.2,52.3,50.56,48.65
OKE,Oneok,Energy,Oil & Gas Storage & Transportation,67.2,113.92,66.56,68.79,68.63,69.88,72.05,75.58,76.75,82.62
ORCL,Oracle Corporation,Information Technology,Application Software,275.3,345.12,117.98,280.19,283.02,288.38,276.74,253.67,234.76,204.33
OTIS,Otis Worldwide,Industrials,Industrial Machinery & Supplies & Components,93.38,105.86,83.85,92.33,91.92,91.31,89.65,91.52,92.42,94.1
PCAR,Paccar,Industrials,Construction Machinery & Heavy Transportation Equipment,98.21,114.66,84.08,99.59,98.5,97.24,98.53,97.39,96.51,97.9
PKG,Packaging Corporation of America,Materials,Paper & Plastic Packaging Products & Materials,196.65,244.78,170.61,205.5,205.89,208.61,211.27,203.51,200.38,200.66
PLTR,Palantir Technologies,Information Technology,Application Software,198.81,199.85,40.9,188.54,183.76,182.02,173.13,162.66,154.93,131.18
PANW,Palo Alto Networks,Information Technology,Systems Software,217.16,223.61,144.15,218.19,214.3,212.61,203.0,197.07,195.81,190.43
PSKY,Paramount Skydance Corporation,Communication Services,Movies & Entertainment,15.88,20.86,9.92,16.37,16.56,17.31,17.04,14.8,14.19,13.04
PH,Parker Hannifin,Industrials,Industrial Machinery & Supplies & Components,775.03,784.38,485.92,770.88,755.34,750.03,752.79,729.36,714.81,682.6
PAYX,Paychex,Industrials,Human Resource & Employment Services,117.4,160.03,117.0,123.16,124.96,125.49,130.37,137.31,140.58,142.27
PAYC,Paycom,Industrials,Human Resource & Employment Services,186.46,267.33,164.11,196.99,199.64,200.62,212.72,221.97,228.3,222.34
PYPL,PayPal,Financials,Transaction & Payment Processing Services,69.68,93.66,55.85,70.48,69.32,70.25,69.02,70.73,70.8,71.48
PNR,Pentair,Industrials,Industrial Machinery & Supplies & Components,107.62,113.69,73.68,109.16,108.97,109.65,109.29,106.04,104.23,99.3
PEP,PepsiCo,Consumer Staples,Soft Drinks & Non-alcoholic Beverages,146.16,166.54,125.14,150.39,151.82,148.41,145.62,141.21,138.67,140.44
PFE,Pfizer,Health Care,Pharmaceuticals,24.29,27.69,20.18,24.6,24.6,25.12,24.84,24.6,24.21,24.21
PCG,PG&E Corporation,Utilities,Multi-Utilities,15.76,21.59,12.95,16.2,16.39,16.28,15.54,14.83,15.25,15.68
PM,Philip Morris International,Consumer Staples,Tobacco,146.77,183.57,113.18,153.02,154.61,155.64,160.33,166.34,167.44,159.42
PSX,Phillips 66,Energy,Oil & Gas Refining & Marketing,138.0,142.35,89.26,135.57,132.58,131.92,132.06,127.29,124.47,121.04
PNW,Pinnacle West Capital,Utilities,Multi-Utilities,89.12,94.64,79.08,91.26,92.0,91.81,89.72,89.92,89.98,89.66
PNC,PNC Financial Services,Financials,Diversified Banks,181.02,208.54,141.09,183.42,182.02,185.8,194.9,190.84,186.72,182.13
POOL,Pool Corporation,Consumer Discretionary,Distributors,283.55,391.14,281.15,291.62,293.28,296.42,308.9,306.53,306.12,313.76
PPG,PPG Industries,Materials,Specialty Chemicals,99.13,127.64,89.08,103.38,102.82,102.05,106.3,109.0,109.29,109.48
PPL,PPL Corporation,Utilities,Electric Utilities,36.48,38.27,30.49,37.11,37.32,37.29,36.6,35.71,35.43,34.84
PFG,Principal Financial Group,Financials,Life & Health Insurance,82.43,87.76,67.06,80.65,79.78,80.99,80.9,79.3,78.87,78.98
PG,Procter & Gamble,Consumer Staples,Personal Care Products,148.77,176.43,145.95,151.1,150.7,149.95,153.29,154.37,155.73,158.83
PGR,Progressive Corporation,Financials,Property & Casualty Insurance,207.97,292.65,206.58,215.23,218.71,229.46,238.9,245.78,253.04,257.92
PLD,Prologis,Real Estate,Industrial REITs,123.47,127.5,83.8,125.69,125.28,120.59,115.73,110.93,109.86,109.76
PRU,Prudential Financial,Financials,Life & Health Insurance,101.19,125.75,88.12,101.76,101.48,102.02,104.32,103.97,103.66,104.83
PEG,Public Service Enterprise Group,Utilities,Electric Utilities,80.29,92.35,73.5,82.17,83.17,82.52,82.13,82.89,81.93,81.59
PTC,PTC Inc.,Information Technology,Application Software,197.86,219.69,133.38,202.62,203.14,202.7,206.06,198.48,192.36,181.65
PSA,Public Storage,Real Estate,Self-Storage REITs,289.18,342.02,251.43,299.22,304.14,299.64,291.84,288.64,290.21,289.8
PHM,PulteGroup,Consumer Discretionary,Homebuilding,118.23,141.88,87.74,120.13,121.57,124.62,129.64,121.08,117.05,112.39
PWR,Quanta Services,Industrials,Construction & Engineering,448.69,459.36,226.97,439.67,436.01,432.1,404.95,394.0,383.05,344.6
QCOM,Qualcomm,Information Technology,Semiconductors,178.67,205.95,119.4,177.27,171.9,168.23,164.65,159.74,157.05,156.12
DGX,Quest Diagnostics,Health Care,Health Care Services,174.78,197.55,146.3,179.75,183.13,182.65,182.29,177.98,177.0,172.38
RL,Ralph Lauren Corporation,Consumer Discretionary,"Apparel, Accessories & Luxury Goods",327.58,341.9,175.49,333.66,331.93,326.22,313.91,298.73,292.16,270.88
RJF,Raymond James Financial,Financials,Investment Banking & Brokerage,158.25,177.15,116.85,161.44,162.56,163.39,166.7,162.36,159.19,154.83
RTX,RTX Corporation,Industrials,Aerospace & Defense,176.36,181.31,111.21,178.47,171.91,167.7,162.4,155.83,151.19,141.76
O,Realty Income,Real Estate,Retail REITs,58.36,60.9,49.31,59.64,59.84,59.57,59.25,57.93,57.31,56.09
REG,Regency Centers,Real Estate,Retail REITs,69.35,75.93,62.21,71.84,72.01,71.75,71.58,70.91,70.9,70.8
REGN,Regeneron Pharmaceuticals,Health Care,Biotechnology,652.91,939.24,475.77,609.27,593.44,585.41,579.65,562.42,561.98,595.51
RF,Regions Financial Corporation,Financials,Regional Banks,24.07,27.61,17.36,24.25,24.07,24.71,25.94,25.05,24.28,23.3
RSG,Republic Services,Industrials,Environmental & Facilities Services,210.5,257.43,195.57,219.09,219.79,221.56,226.35,233.37,236.57,234.06
RMD,ResMed,Health Care,Health Care Equipment,253.62,293.81,199.07,258.83,263.84,270.16,273.63,269.31,264.59,250.98
RVTY,Revvity,Health Care,Health Care Equipment,95.3,129.14,81.3,97.07,96.06,93.8,89.66,92.08,92.05,98.51
ROK,Rockwell Automation,Industrials,Electrical Components & Equipment,368.15,371.9,213.27,361.06,355.82,350.45,347.09,342.67,334.16,307.88
ROL,"Rollins, Inc.",Industrials,Environmental & Facilities Services,53.87,59.12,44.94,55.91,55.97,56.69,56.8,56.74,56.74,54.8
ROP,Roper Technologies,Information Technology,Electronic Equipment & Instruments,446.28,592.47,444.13,464.99,485.89,497.33,507.57,529.88,537.89,547.07
ROST,Ross Stores,Consumer Discretionary,Apparel Retail,158.34,161.95,121.69,158.64,157.46,155.14,151.29,143.36,143.58,141.03
RCL,Royal Caribbean Group,Consumer Discretionary,"Hotels, Resorts & Cruise Lines",280.05,365.38,163.05,305.32,306.3,309.02,326.39,319.65,305.08,274.87
SPGI,S&P Global,Financials,Financial Exchanges & Data,473.05,578.04,425.6,487.1,482.19,482.15,510.2,520.26,518.56,511.51
CRM,Salesforce,Information Technology,Application Software,251.46,366.78,226.09,254.21,253.45,247.59,246.69,252.93,257.65,270.62
SBAC,SBA Communications,Real Estate,Telecom Tower REITs,190.42,242.78,185.45,195.18,196.24,193.06,198.29,213.0,216.54,214.89
SLB,Schlumberger,Energy,Oil & Gas Equipment & Services,36.83,43.66,30.61,36.14,34.81,34.08,34.72,34.51,34.35,36.0
STX,Seagate Technology,Information Technology,"Technology Hardware, Storage & Peripherals",265.62,268.91,62.66,235.89,227.49,228.06,209.05,176.91,163.21,135.24
SRE,Sempra,Utilities,Multi-Utilities,92.2,95.72,60.93,92.5,92.2,91.96,86.59,81.85,80.58,78.02
NOW,ServiceNow,Information Technology,Systems Software,911.7,1198.09,678.66,933.05,925.8,917.83,919.44,940.84,954.7,940.0
SHW,Sherwin-Williams,Materials,Specialty Chemicals,345.73,397.81,307.5,340.4,336.77,336.79,349.21,347.71,349.3,348.16
SPG,Simon Property Group,Real Estate,Retail REITs,173.64,188.43,132.99,177.4,177.9,178.52,179.44,170.65,168.12,166.29
SWKS,Skyworks Solutions,Information Technology,Semiconductors,78.74,94.69,47.01,76.93,76.1,75.3,75.8,74.08,73.08,71.17
SJM,J.M. Smucker Company (The),Consumer Staples,Packaged Foods & Meats,101.21,121.73,92.38,103.11,103.96,104.7,107.42,105.63,106.69,107.15
SW,Smurfit Westrock,Materials,Paper & Plastic Packaging Products & Materials,37.84,55.46,36.31,42.08,42.05,41.9,43.57,44.01,43.81,44.96
SNA,Snap-on,Industrials,Industrial Machinery & Supplies & Components,337.15,366.68,286.03,343.34,343.02,340.21,335.59,326.77,325.09,326.49
SOLV,Solventum,Health Care,Health Care Technology,69.78,85.92,60.7,71.28,71.85,72.09,72.54,73.22,72.97,72.95
SO,Southern Company,Utilities,Electric Utilities,93.51,100.84,78.5,94.97,96.33,96.58,94.32,93.15,92.15,90.04
LUV,Southwest Airlines,Industrials,Passenger Airlines,30.66,37.75,23.55,31.57,32.75,32.58,32.29,32.48,32.28,31.29
SWK,Stanley Black & Decker,Industrials,Industrial Machinery & Supplies & Components,69.96,99.95,52.62,70.91,69.95,70.13,73.39,71.21,69.91,72.06
SBUX,Starbucks,Consumer Discretionary,Restaurants,84.17,115.87,74.48,85.67,85.4,83.64,84.71,88.43,87.59,91.26
STT,State Street Corporation,Financials,Asset Management & Custody Banks,116.75,119.32,71.77,116.64,115.04,115.34,113.77,109.98,106.87,100.51
STLD,Steel Dynamics,Materials,Steel,163.47,164.73,102.41,157.25,152.03,148.41,139.59,134.24,133.6,130.23
STE,Steris,Health Care,Health Care Equipment,236.79,253.0,199.47,240.3,240.86,240.17,244.28,239.2,238.89,231.96
SYK,Stryker Corporation,Health Care,Health Care Equipment,369.59,403.95,327.71,378.82,378.71,373.71,378.72,382.28,382.23,378.87
SMCI,Supermicro,Information Technology,"Technology Hardware, Storage & Peripherals",52.69,66.44,17.25,50.57,52.12,53.33,47.95,48.42,46.65,43.05
SYF,Synchrony Financial,Financials,Consumer Finance,73.21,77.41,40.15,74.19,73.2,72.05,73.65,70.78,68.15,64.0
SNPS,Synopsys,Information Technology,Application Software,455.34,651.73,365.74,459.57,455.24,459.46,500.28,531.79,523.36,502.22
SYY,Sysco,Consumer Staples,Food Distributors,74.29,83.13,66.22,76.75,78.01,78.98,79.98,78.55,77.07,74.92
TMUS,T-Mobile US,Communication Services,Wireless Telecommunication Services,215.01,274.51,206.21,218.69,223.58,225.58,236.98,236.39,237.49,242.06
TROW,T. Rowe Price,Financials,Asset Management & Custody Banks,103.51,119.7,75.88,103.88,103.75,104.22,104.76,102.39,100.31,98.81
TTWO,Take-Two Interactive,Communication Services,Interactive Home Entertainment,251.73,264.79,158.65,253.44,256.59,257.03,249.02,241.16,238.54,226.09
TPR,"Tapestry, Inc.",Consumer Discretionary,"Apparel, Accessories & Luxury Goods",112.92,118.56,45.93,114.12,115.28,114.97,109.97,103.45,98.46,88.91
TRGP,Targa Resources,Energy,Oil & Gas Storage & Transportation,151.38,215.2,144.14,153.69,152.03,155.48,161.67,164.52,163.87,173.51
TGT,Target Corporation,Consumer Staples,Consumer Staples Merchandise Retail,94.12,152.54,85.36,95.5,93.84,91.37,91.62,96.29,95.95,102.03
TEL,TE Connectivity,Information Technology,Electronic Manufacturing Services,240.76,246.13,115.38,236.76,231.42,226.27,217.14,200.26,191.79,173.55
TDY,Teledyne Technologies,Information Technology,Electronic Equipment & Instruments,515.33,595.99,419.0,527.6,545.11,561.99,557.87,543.06,532.78,516.16
TER,Teradyne,Information Technology,Semiconductor Materials & Equipment,173.94,177.24,65.6,151.03,145.4,143.56,130.35,113.15,106.51,103.49
TSLA,"Tesla, Inc.",Consumer Discretionary,Automobile Manufacturers,461.51,488.54,214.25,451.44,445.42,439.72,405.59,363.3,355.6,336.69
TXN,Texas Instruments,Information Technology,Semiconductors,160.26,220.1,137.77,167.58,172.11,174.96,183.61,191.62,189.28,183.95
TPL,Texas Pacific Land Corporation,Energy,Oil & Gas Exploration & Production,924.4,1759.83,844.11,927.02,930.12,931.41,923.41,961.44,1023.82,1135.17
TXT,Textron,Industrials,Aerospace & Defense,79.99,89.19,57.67,80.22,81.21,82.9,82.34,81.24,79.78,76.97
TMO,Thermo Fisher Scientific,Health Care,Life Sciences Tools & Services,558.31,609.27,385.11,564.83,556.89,544.71,507.79,472.69,459.53,478.56
TJX,TJX Companies,Consumer Discretionary,Apparel Retail,141.69,146.46,110.34,142.66,143.0,142.49,140.83,133.38,132.48,128.51
TKO,TKO Group Holdings,Communication Services,Movies & Entertainment,186.6,212.49,113.01,187.05,187.23,190.06,192.76,182.22,178.13,168.35
TTD,Trade Desk (The),Communication Services,Advertising,49.96,141.53,42.96,52.27,52.16,52.21,50.57,62.04,63.95,68.48
TSCO,Tractor Supply,Consumer Discretionary,Other Specialty Retail,54.24,63.75,46.46,55.75,55.4,55.15,57.81,56.98,55.65,54.74
TT,Trane Technologies,Industrials,Building Products,427.48,475.11,296.82,424.77,420.67,421.33,416.26,425.29,424.31,397.11
TDG,TransDigm Group,Industrials,Aerospace & Defense,1316.0,1519.36,1107.45,1342.98,1317.52,1300.33,1297.63,1350.52,1347.91,1313.49
TRV,Travelers Companies (The),Financials,Property & Casualty Insurance,267.91,287.95,227.43,269.07,267.2,272.35,273.8,267.62,267.92,260.83
TRMB,Trimble Inc.,Information Technology,Electronic Equipment & Instruments,79.39,87.5,52.91,80.63,79.57,79.29,80.28,79.83,77.86,74.34
TFC,Truist Financial,Financials,Diversified Banks,43.91,47.46,32.72,44.13,43.52,43.87,45.01,43.97,43.05,42.37
TYL,Tyler Technologies,Information Technology,Application Software,478.0,661.31,475.77,504.53,506.68,504.64,528.56,552.46,555.5,566.34
TSN,Tyson Foods,Consumer Staples,Packaged Foods & Meats,50.72,63.75,50.66,51.63,52.03,52.58,54.21,54.38,54.52,55.95
USB,U.S. Bancorp,Financials,Diversified Banks,46.64,51.66,34.43,47.56,47.12,47.07,47.82,46.35,45.57,44.43
UBER,Uber,Industrials,Passenger Ground Transportation,95.76,101.99,59.33,95.26,94.0,95.13,95.51,92.97,91.74,84.77
UDR,"UDR, Inc.",Real Estate,Multi-Family Residential REITs,33.56,44.96,33.52,35.43,35.86,35.89,36.97,38.22,38.71,39.65
ULTA,Ulta Beauty,Consumer Discretionary,Other Specialty Retail,506.07,572.23,309.01,517.96,522.96,538.31,531.93,510.95,493.05,448.32
UNP,Union Pacific Corporation,Industrials,Rail Transportation,216.37,252.32,202.16,217.77,221.8,226.34,224.49,224.92,224.0,226.96
UAL,United Airlines Holdings,Industrials,Passenger Airlines,95.93,116.0,52.0,96.93,97.97,98.3,101.36,93.81,90.65,88.71
UPS,United Parcel Service,Industrials,Air Freight & Logistics,97.4,132.01,82.0,91.45,89.13,87.1,85.94,90.43,91.36,97.74
URI,United Rentals,Industrials,Trading Companies & Distributors,870.78,1021.47,523.58,894.88,945.45,965.47,953.47,880.17,843.3,774.29
UNH,UnitedHealth Group,Health Care,Managed Health Care,355.26,617.34,233.13,362.41,361.66,361.24,341.13,314.01,315.56,384.19
UHS,Universal Health Services,Health Care,Health Care Facilities,225.3,227.22,152.16,215.59,211.12,207.5,196.58,184.71,185.47,183.29
VLO,Valero Energy,Energy,Oil & Gas Refining & Marketing,170.66,178.43,97.37,171.71,165.24,163.56,160.75,149.79,145.09,137.71
VTR,Ventas,Real Estate,Health Care REITs,69.78,72.02,55.47,70.35,70.41,69.46,68.56,66.65,66.07,65.37
VLTO,Veralto,Industrials,Environmental & Facilities Services,99.5,109.99,83.69,103.13,103.19,103.52,105.31,104.04,103.1,100.78
VRSN,Verisign,Information Technology,Internet Services & Infrastructure,232.82,309.71,174.64,243.61,252.8,260.15,271.89,275.58,276.05,260.82
VRSK,Verisk Analytics,Industrials,Research & Consulting Services,208.0,321.9,196.99,228.71,231.47,237.98,250.51,271.79,279.32,282.99
VZ,Verizon,Communication Services,Integrated Telecommunication Services,40.21,45.09,35.79,39.2,39.78,40.31,42.01,41.88,41.93,41.4
VRTX,Vertex Pharmaceuticals,Health Care,Biotechnology,417.21,519.88,362.5,420.76,420.1,414.88,400.72,421.66,426.22,445.61
VTRS,Viatris,Health Care,Pharmaceuticals,10.27,13.04,6.68,10.33,10.3,10.15,10.13,9.65,9.42,9.37
VICI,Vici Properties,Real Estate,Hotel & Resort REITs,29.7,33.54,26.86,30.73,30.89,31.26,32.06,32.19,31.91,31.25
V,Visa Inc.,Financials,Transaction & Payment Processing Services,341.28,374.85,279.39,345.87,344.36,346.03,344.82,347.09,349.36,345.03
VST,Vistra Corp.,Utilities,Electric Utilities,199.37,219.82,90.3,196.42,196.04,200.22,199.54,195.78,187.68,169.17
VMC,Vulcan Materials Company,Materials,Construction Materials,294.97,311.74,214.34,292.87,294.27,299.0,296.46,283.47,280.31,268.63
WRB,W. R. Berkley Corporation,Financials,Property & Casualty Insurance,71.4,78.48,55.38,73.91,74.07,75.69,74.08,72.28,72.34,68.95
GWW,W. W. Grainger,Industrials,Industrial Machinery & Supplies & Components,958.97,1219.65,889.92,966.65,965.32,960.89,980.55,1000.97,1015.18,1014.53
WAB,Wabtec,Industrials,Construction Machinery & Heavy Transportation Equipment,201.55,215.82,151.42,198.89,196.98,196.98,194.56,198.17,198.49,194.0
WBA,Walgreens Boots Alliance,Consumer Staples,Drug Retail,11.98,,,11.98,12.03,11.93,11.67,11.39,11.33,10.81
WMT,Walmart,Consumer Staples,Consumer Staples Merchandise Retail,102.46,109.58,79.43,104.63,105.77,104.62,102.41,99.99,99.48,97.0
DIS,Walt Disney Company (The),Communication Services,Movies & Entertainment,110.24,124.69,79.76,111.79,111.88,111.7,114.31,116.67,115.02,109.77
WBD,Warner Bros. Discovery,Communication Services,Broadcasting,21.34,21.74,7.49,21.15,20.14,19.21,16.97,14.34,13.33,12.05
WM,Waste Management,Industrials,Environmental & Facilities Services,197.53,240.84,197.02,209.26,212.18,214.97,218.34,223.68,225.44,224.61
WAT,Waters Corporation,Health Care,Life Sciences Tools & Services,343.47,423.56,275.05,351.27,346.69,337.71,314.44,315.89,322.99,341.42
WEC,WEC Energy Group,Utilities,Electric Utilities,114.58,118.19,89.63,115.64,116.27,115.51,111.83,108.89,108.2,106.06
WFC,Wells Fargo,Financials,Diversified Banks,86.0,87.47,57.76,86.16,85.27,83.15,82.36,80.57,79.26,76.56
WELL,Welltower,Real Estate,Health Care REITs,176.96,189.53,121.46,178.65,176.92,173.89,170.94,164.3,161.31,154.74
WST,West Pharmaceutical Services,Health Care,Health Care Supplies,284.86,348.05,187.09,292.06,282.94,274.45,261.6,246.24,239.45,243.6
WDC,Western Digital,Information Technology,"Technology Hardware, Storage & Peripherals",141.38,145.68,28.74,129.62,126.36,124.01,107.35,87.26,79.71,66.42
WY,Weyerhaeuser,Real Estate,Timber REITs,23.2,31.95,23.12,23.74,23.66,24.03,24.73,25.28,25.36,26.45
WSM,"Williams-Sonoma, Inc.",Consumer Discretionary,Homefurnishing Retail,195.49,217.31,123.45,193.02,190.6,190.67,194.59,185.49,180.98,179.74
WMB,Williams Companies,Energy,Oil & Gas Storage & Transportation,56.98,65.55,49.72,57.73,60.12,61.77,60.14,59.26,59.06,58.03
WTW,Willis Towers Watson,Financials,Insurance Brokers,317.54,352.79,286.11,324.9,327.69,335.33,334.61,321.99,319.3,320.39
WDAY,"Workday, Inc.",Information Technology,Application Software,231.36,294.0,205.33,238.65,238.48,237.15,233.93,234.13,238.61,242.15
WYNN,Wynn Resorts,Consumer Discretionary,Casinos & Gaming,120.87,134.23,64.93,123.63,121.43,121.53,122.81,112.74,108.12,98.48
XEL,Xcel Energy,Utilities,Multi-Utilities,79.69,83.01,60.62,80.2,80.59,80.77,76.47,73.01,72.19,70.4
XYL,Xylem Inc.,Industrials,Industrial Machinery & Supplies & Components,152.95,153.9,99.87,149.76,147.95,147.7,144.31,138.63,135.86,130.06
YUM,Yum! Brands,Consumer Discretionary,Restaurants,139.19,161.72,120.38,142.6,144.57,145.13,146.74,145.91,145.72,145.4
ZBRA,Zebra Technologies,Information Technology,Electronic Equipment & Instruments,270.77,427.76,205.73,295.67,297.59,296.08,305.61,311.17,305.95,306.31
ZBH,Zimmer Biomet,Health Care,Health Care Equipment,99.71,113.87,88.77,102.03,102.14,100.13,101.54,98.03,97.16,100.22
ZTS,Zoetis,Health Care,Pharmaceuticals,143.94,182.19,138.77,145.84,145.48,144.58,147.65,151.08,153.32,156.32
