Symbol,Company,GICS_Sector,GICS_Sub_Industry,Current_Price,52_Week_High,52_Week_Low,SMA_5,SMA_10,SMA_20,SMA_50,SMA_100,SMA_125,SMA_200
MMM,3M,Industrials,Industrial Conglomerates,155.93,163.4,120.83,156.91,155.54,155.68,154.16,151.75,148.65,146.24
AOS,A. O. Smith,Industrials,Building Products,72.42,86.71,58.25,73.16,72.65,72.82,72.14,69.41,68.55,67.85
ABT,Abbott Laboratories,Health Care,Health Care Equipment,133.74,139.95,109.57,133.75,133.85,133.58,131.96,131.93,131.4,128.74
ABBV,AbbVie,Health Care,Biotechnology,230.19,244.81,159.42,235.32,228.15,223.19,211.19,198.63,195.21,192.67
ACN,Accenture,Information Technology,IT Consulting & Other Services,248.17,394.41,229.4,245.63,242.13,241.71,249.36,275.84,279.62,304.7
ADBE,Adobe Inc.,Information Technology,Application Software,350.14,557.9,330.04,348.97,353.38,354.86,353.09,372.61,371.33,392.18
AMD,Advanced Micro Devices,Information Technology,Semiconductors,203.71,226.56,76.48,172.78,166.78,162.66,166.76,149.25,138.49,128.4
AES,AES Corporation,Utilities,Independent Power Producers & Energy Traders,14.27,18.89,9.28,14.33,13.76,13.31,13.21,12.26,11.84,11.64
AFL,Aflac,Financials,Life & Health Insurance,113.07,113.54,96.14,111.69,110.82,109.41,106.27,104.42,104.61,104.47
A,Agilent Technologies,Health Care,Life Sciences Tools & Services,141.61,152.88,96.03,137.78,130.7,128.23,122.86,119.36,116.59,122.46
APD,Air Products,Materials,Industrial Gases,270.95,334.71,240.55,270.53,269.57,278.69,285.02,282.51,278.85,286.29
ABNB,Airbnb,Consumer Discretionary,"Hotels, Resorts & Cruise Lines",120.35,163.93,99.88,121.16,122.07,122.84,125.65,130.33,128.37,129.9
AKAM,Akamai Technologies,Information Technology,Internet Services & Infrastructure,78.44,106.8,67.51,77.12,76.48,76.72,76.36,77.33,77.39,82.02
ALB,Albemarle Corporation,Materials,Specialty Chemicals,92.03,111.49,48.84,86.68,85.49,81.8,79.06,71.63,68.57,72.88
ARE,Alexandria Real Estate Equities,Real Estate,Office REITs,79.99,115.77,65.12,82.86,83.29,83.65,79.77,75.95,75.35,81.83
ALGN,Align Technology,Health Care,Health Care Supplies,131.5,246.19,122.0,129.02,127.97,130.18,139.99,163.67,165.71,177.02
ALLE,Allegion,Industrials,Building Products,177.36,180.34,116.14,177.29,176.23,176.03,171.1,157.76,152.77,143.77
LNT,Alliant Energy,Utilities,Electric Utilities,68.12,68.19,54.71,67.15,66.41,65.3,65.27,63.31,62.66,61.6
ALL,Allstate,Financials,Property & Casualty Insurance,208.83,215.7,173.88,211.0,210.6,205.88,204.38,201.41,200.01,197.05
GOOGL,Alphabet Inc. (Class A),Communication Services,Interactive Media & Services,250.43,256.0,140.23,245.89,246.46,246.81,221.9,198.49,190.07,186.4
GOOG,Alphabet Inc. (Class C),Communication Services,Interactive Media & Services,251.51,256.7,142.36,246.7,247.18,247.34,222.54,199.37,191.17,187.74
MO,Altria,Consumer Staples,Tobacco,65.37,67.51,45.54,65.84,65.58,65.24,64.45,61.13,60.17,57.07
AMZN,Amazon,Consumer Discretionary,Broadline Retail,220.9,242.52,161.38,220.6,220.4,225.91,226.39,220.88,213.81,214.52
AMCR,Amcor,Materials,Paper & Plastic Packaging Products & Materials,8.07,11.02,7.9,8.17,8.11,8.19,8.66,8.98,9.02,9.22
AEE,Ameren,Utilities,Multi-Utilities,104.88,104.98,82.82,103.87,102.75,101.1,100.59,98.11,97.8,96.24
AEP,American Electric Power,Utilities,Electric Utilities,115.66,115.84,87.57,113.69,111.22,109.56,110.79,106.82,106.28,103.28
AXP,American Express,Financials,Consumer Finance,331.99,349.19,219.87,330.69,335.95,333.8,319.96,312.02,302.59,298.34
AIG,American International Group,Financials,Multi-line Insurance,83.02,87.1,68.15,80.37,78.94,78.15,79.0,80.89,80.89,79.14
AMT,American Tower,Real Estate,Telecom Tower REITs,185.57,232.28,168.28,190.52,191.39,192.04,199.61,207.65,208.62,202.08
AWK,American Water Works,Utilities,Water Utilities,138.94,153.69,116.64,137.51,136.96,137.13,140.6,140.57,141.2,137.02
AMP,Ameriprise Financial,Financials,Asset Management & Custody Banks,493.81,576.69,393.57,490.86,493.12,492.49,502.49,511.64,503.62,508.71
AME,Ametek,Industrials,Electrical Components & Equipment,182.99,197.03,144.53,185.66,185.88,187.13,185.2,182.1,178.61,179.03
AMGN,Amgen,Health Care,Biotechnology,294.12,330.26,247.06,294.02,285.43,282.07,286.57,286.25,284.19,284.61
APH,Amphenol,Information Technology,Electronic Components,123.4,126.06,56.27,123.52,123.21,121.58,114.07,104.25,97.99,86.71
ADI,Analog Devices,Information Technology,Semiconductors,242.5,257.11,157.31,242.23,244.64,245.62,240.25,234.8,225.79,220.29
AON,Aon plc,Financials,Insurance Brokers,365.7,411.24,322.37,361.39,357.61,359.25,363.75,360.7,360.52,367.22
APA,APA Corporation,Energy,Oil & Gas Exploration & Production,25.12,26.13,13.18,24.58,24.47,23.9,22.05,20.25,19.33,19.94
APO,Apollo Global Management,Financials,Asset Management & Custody Banks,126.7,187.59,101.84,128.61,133.73,136.47,137.94,138.72,136.88,142.83
AAPL,Apple Inc.,Information Technology,"Technology Hardware, Storage & Peripherals",256.69,259.24,168.8,256.38,255.54,246.7,233.53,219.35,215.68,221.83
AMAT,Applied Materials,Information Technology,Semiconductor Materials & Equipment,223.91,226.49,123.04,217.5,209.83,193.31,180.58,178.75,172.57,169.6
APTV,Aptiv,Consumer Discretionary,Automotive Parts & Equipment,87.6,88.8,47.19,87.25,86.35,84.93,78.13,73.43,69.89,67.05
ACGL,Arch Capital Group,Financials,Property & Casualty Insurance,91.35,110.75,82.49,90.45,90.18,89.79,90.01,90.58,90.87,91.36
ADM,Archer Daniels Midland,Consumer Staples,Agricultural Products & Services,62.45,64.38,40.22,60.32,60.58,60.93,59.86,55.56,53.75,51.32
ANET,Arista Networks,Information Technology,Communications Equipment,149.5,156.32,59.43,146.89,145.01,145.36,137.82,118.4,110.66,106.99
AJG,Arthur J. Gallagher & Co.,Financials,Insurance Brokers,309.15,349.78,273.89,308.78,306.57,301.26,297.41,310.04,313.64,312.66
AIZ,Assurant,Financials,Multi-line Insurance,221.69,227.13,173.64,218.83,216.79,213.4,208.82,201.61,199.58,202.23
T,AT&T,Communication Services,Integrated Telecommunication Services,25.87,29.79,20.36,27.15,27.75,28.54,28.53,28.04,27.82,26.55
ATO,Atmos Energy,Utilities,Gas Utilities,173.32,173.55,133.63,170.5,169.01,166.59,164.18,158.91,158.25,152.66
ADSK,Autodesk,Information Technology,Application Software,323.43,329.09,232.67,319.33,321.01,321.58,307.54,303.26,296.74,292.06
ADP,Automatic Data Processing,Industrials,Human Resource & Employment Services,290.55,326.59,269.86,291.37,291.06,291.61,297.78,303.72,301.94,299.73
AZO,AutoZone,Consumer Discretionary,Automotive Retail,4174.43,4388.11,2980.1,4236.28,4208.62,4219.55,4126.06,3921.51,3868.74,3708.12
AVB,AvalonBay Communities,Real Estate,Multi-Family Residential REITs,187.58,231.37,177.24,190.58,191.13,191.55,190.15,195.59,196.57,202.04
AVY,Avery Dennison,Materials,Paper & Plastic Packaging Products & Materials,162.75,217.77,155.31,162.71,161.9,163.67,168.03,173.04,172.31,175.68
AXON,Axon Enterprise,Industrials,Aerospace & Defense,721.59,885.92,403.16,717.32,719.92,738.31,757.28,759.54,727.85,674.59
BKR,Baker Hughes,Energy,Oil & Gas Equipment & Services,49.08,50.93,33.21,48.61,49.3,48.06,45.74,42.19,41.08,41.87
BALL,Ball Corporation,Materials,"Metal, Glass & Plastic Containers",49.63,66.86,43.18,50.25,49.6,49.71,52.06,53.86,52.96,52.7
BAC,Bank of America,Financials,Diversified Banks,50.39,52.88,32.69,50.76,51.37,51.22,49.22,47.37,45.66,44.8
BAX,Baxter International,Health Care,Health Care Equipment,23.15,37.43,21.18,23.27,22.79,23.26,23.77,26.79,27.32,28.94
BDX,Becton Dickinson,Health Care,Health Care Equipment,191.99,248.0,161.47,191.06,187.71,187.74,188.4,180.74,182.3,199.04
BBY,Best Buy,Consumer Discretionary,Computer & Electronics Retail,75.6,96.12,53.55,76.41,75.52,74.89,72.15,70.41,69.04,72.74
TECH,Bio-Techne,Health Care,Life Sciences Tools & Services,61.92,80.37,45.87,60.5,56.12,54.25,54.26,52.55,52.05,57.78
BIIB,Biogen,Health Care,Biotechnology,154.05,194.13,110.04,152.7,145.2,144.54,138.46,133.94,130.91,135.36
BLK,BlackRock,Financials,Asset Management & Custody Banks,1179.27,1184.12,766.05,1161.49,1154.65,1139.73,1127.68,1073.69,1037.53,1011.37
BX,Blackstone Inc.,Financials,Asset Management & Custody Banks,166.89,196.67,114.16,168.17,173.09,178.03,173.6,161.02,155.19,156.69
XYZ,"Block, Inc.",Financials,Transaction & Payment Processing Services,77.78,99.26,44.27,75.44,75.3,75.36,76.07,70.9,67.48,70.37
BK,BNY Mellon,Financials,Asset Management & Custody Banks,106.43,110.87,68.8,107.04,108.03,107.34,104.62,98.01,94.28,89.57
BA,Boeing,Industrials,Aerospace & Defense,219.73,242.69,128.88,216.9,216.78,217.48,224.75,218.9,209.97,195.83
BKNG,Booking Holdings,Consumer Discretionary,"Hotels, Resorts & Cruise Lines",5419.87,5829.37,4032.06,5402.46,5462.55,5478.07,5516.03,5519.43,5380.42,5152.25
BSX,Boston Scientific,Health Care,Health Care Equipment,96.7,109.5,80.64,96.74,97.28,99.18,102.77,103.22,102.45,101.14
BMY,Bristol Myers Squibb,Health Care,Pharmaceuticals,45.14,61.0,42.38,45.4,44.47,45.05,45.73,46.12,46.5,50.02
AVGO,Broadcom,Information Technology,Semiconductors,335.49,373.59,137.54,335.07,335.21,343.59,318.77,288.46,268.57,246.44
BR,Broadridge Financial Solutions,Industrials,Data Processing & Outsourced Services,235.17,270.85,205.06,235.26,235.97,241.66,250.28,244.82,242.36,238.34
BRO,Brown & Brown,Financials,Insurance Brokers,94.44,125.31,89.99,93.88,93.42,92.91,94.11,101.18,103.69,106.32
BLDR,Builders FirstSource,Industrials,Building Products,127.11,201.53,102.6,126.27,122.66,128.89,133.51,126.23,124.28,131.85
BG,Bunge Global,Consumer Staples,Agricultural Products & Services,84.13,96.01,65.6,82.97,81.61,81.34,81.61,79.68,79.07,77.07
BXP,"BXP, Inc.",Real Estate,Office REITs,74.61,85.58,52.95,75.3,75.02,75.29,70.69,69.47,68.02,67.89
CHRW,C.H. Robinson,Industrials,Air Freight & Logistics,134.36,138.0,83.72,133.92,133.46,133.05,124.96,110.62,106.39,103.86
CDNS,Cadence Design Systems,Information Technology,Application Software,353.36,376.45,221.56,350.22,352.4,354.1,353.1,331.44,321.64,305.86
CZR,Caesars Entertainment,Consumer Discretionary,Casinos & Gaming,26.38,45.93,21.4,26.7,26.71,26.19,26.03,27.31,27.23,29.06
CPT,Camden Property Trust,Real Estate,Multi-Family Residential REITs,102.96,123.08,100.41,104.79,105.35,106.45,107.1,110.33,110.64,111.92
CPB,Campbell's Company (The),Consumer Staples,Packaged Foods & Meats,31.29,47.0,29.03,31.53,31.83,32.4,32.23,32.12,32.85,34.84
COF,Capital One,Financials,Consumer Finance,213.85,231.82,141.57,213.62,218.56,221.98,218.86,211.34,204.31,196.94
CAH,Cardinal Health,Health Care,Health Care Distributors,155.19,167.89,105.46,156.5,154.64,152.05,151.74,154.91,151.68,141.79
KMX,CarMax,Consumer Discretionary,Automotive Retail,46.81,91.25,42.75,46.04,48.06,53.93,56.69,61.16,62.31,69.11
CCL,Carnival,Consumer Discretionary,"Hotels, Resorts & Cruise Lines",29.09,32.8,15.07,28.76,29.54,30.43,30.36,28.12,26.28,25.28
CARR,Carrier Global,Industrials,Building Products,59.81,82.31,53.89,59.5,59.3,60.38,64.17,68.82,67.77,67.08
CAT,Caterpillar Inc.,Industrials,Construction Machinery & Heavy Transportation Equipment,495.38,505.34,265.05,488.35,478.39,461.03,438.49,406.63,386.5,373.15
CBOE,Cboe Global Markets,Financials,Financial Exchanges & Data,236.84,255.27,186.22,240.94,242.2,238.42,241.55,235.59,232.15,222.23
CBRE,CBRE Group,Real Estate,Real Estate Services,153.52,167.56,108.45,155.88,157.29,160.64,159.51,146.93,141.92,139.11
CDW,CDW Corporation,Information Technology,Technology Distributors,157.35,223.63,136.33,158.86,160.3,162.88,165.36,171.94,169.55,172.45
COR,Cencora,Health Care,Health Care Distributors,305.3,315.23,216.84,308.19,306.56,300.3,294.81,293.51,291.69,275.53
CNC,Centene Corporation,Health Care,Managed Health Care,37.64,73.5,25.08,36.92,35.64,33.96,30.15,38.83,43.27,49.72
CNP,CenterPoint Energy,Utilities,Multi-Utilities,39.46,40.5,27.87,38.72,38.76,38.39,38.18,37.34,37.29,35.68
CF,CF Industries,Materials,Fertilizers & Agricultural Chemicals,92.06,103.84,66.56,89.62,89.93,87.6,87.15,89.91,87.23,85.38
CRL,Charles River Laboratories,Health Care,Life Sciences Tools & Services,174.95,230.02,91.86,170.92,159.54,157.08,159.71,154.64,147.39,155.21
SCHW,Charles Schwab Corporation,Financials,Investment Banking & Brokerage,94.0,99.42,61.62,93.7,94.19,93.63,95.29,92.65,89.94,85.12
CHTR,Charter Communications,Communication Services,Cable & Satellite,282.74,437.06,251.8,276.51,273.31,268.37,267.65,332.53,339.12,345.81
CVX,Chevron Corporation,Energy,Integrated Oil & Gas,154.02,165.09,129.01,154.16,156.44,157.02,155.56,149.42,146.42,147.9
CMG,Chipotle Mexican Grill,Consumer Discretionary,Restaurants,41.63,66.74,38.3,40.36,40.04,39.65,41.46,47.07,47.61,50.39
CB,Chubb Limited,Financials,Property & Casualty Insurance,286.39,305.88,250.52,283.08,280.81,278.16,274.99,279.78,280.67,279.25
CHD,Church & Dwight,Consumer Staples,Household Products,88.89,115.72,85.08,88.15,87.35,89.63,91.87,94.38,95.15,99.24
CI,Cigna,Health Care,Health Care Services,302.99,352.15,255.6,298.17,292.93,295.15,291.67,301.03,306.15,302.32
CINF,Cincinnati Financial,Financials,Property & Casualty Insurance,165.21,165.93,121.6,161.38,158.35,156.25,153.19,150.01,147.25,144.07
CTAS,Cintas,Industrials,Diversified Support Services,199.04,228.77,179.74,202.69,202.43,201.79,210.65,215.74,214.16,207.73
CSCO,Cisco,Information Technology,Communications Equipment,68.91,72.11,50.85,68.22,67.67,67.43,67.71,66.64,64.7,62.86
C,Citigroup,Financials,Diversified Banks,98.05,105.59,54.71,98.67,100.67,100.51,96.77,89.17,84.59,80.38
CFG,Citizens Financial Group,Financials,Regional Banks,54.0,55.21,31.96,53.34,53.29,52.72,50.68,47.02,44.94,44.21
CLX,Clorox,Consumer Staples,Household Products,118.67,166.9,116.17,122.02,122.36,122.97,122.5,124.28,126.79,135.61
CME,CME Group,Financials,Financial Exchanges & Data,262.05,288.09,204.81,265.64,266.58,263.81,269.11,271.79,270.74,260.16
CMS,CMS Energy,Utilities,Multi-Utilities,73.22,75.33,62.54,72.6,72.18,71.5,72.07,70.93,71.04,70.04
KO,Coca-Cola Company (The),Consumer Staples,Soft Drinks & Non-alcoholic Beverages,66.1,73.29,59.3,66.39,66.28,66.48,67.86,68.88,69.21,67.69
CTSH,Cognizant,Information Technology,IT Consulting & Other Services,67.8,89.77,64.98,67.21,67.28,68.28,69.97,74.22,73.98,76.12
COIN,Coinbase,Financials,Financial Exchanges & Data,386.07,444.65,142.58,364.36,341.69,334.55,325.25,320.04,294.67,274.71
CL,Colgate-Palmolive,Consumer Staples,Household Products,77.45,100.36,77.32,78.54,79.37,80.82,83.17,86.43,87.42,87.98
CMCSA,Comcast,Communication Services,Cable & Satellite,31.09,43.66,30.38,30.88,31.08,31.65,32.36,33.4,33.41,34.08
CAG,Conagra Brands,Consumer Staples,Packaged Foods & Meats,18.72,28.75,17.89,18.92,18.57,18.76,18.95,19.91,20.7,22.36
COP,ConocoPhillips,Energy,Oil & Gas Exploration & Production,94.91,112.56,78.56,94.5,95.27,94.18,94.62,92.52,91.52,93.58
ED,Consolidated Edison,Utilities,Multi-Utilities,99.33,112.97,85.07,98.89,98.94,97.85,99.76,100.35,101.88,99.54
STZ,Constellation Brands,Consumer Staples,Distillers & Vintners,138.71,249.47,131.2,139.01,136.18,136.79,153.21,162.58,166.98,173.63
CEG,Constellation Energy,Utilities,Electric Utilities,364.1,376.78,160.94,352.31,342.92,333.34,327.64,317.51,299.93,283.67
COO,Cooper Companies (The),Health Care,Health Care Supplies,70.11,109.37,61.78,69.26,68.43,67.68,69.74,71.67,73.36,79.3
CPRT,Copart,Industrials,Diversified Support Services,44.45,64.38,44.12,44.84,44.92,46.03,46.88,48.77,51.08,53.14
GLW,Corning Inc.,Information Technology,Electronic Components,85.34,86.1,36.95,83.31,81.62,79.4,70.99,60.99,57.41,53.89
CPAY,Corpay,Financials,Transaction & Payment Processing Services,288.7,400.81,269.02,287.7,291.74,299.26,311.25,321.97,321.34,334.39
CTVA,Corteva,Materials,Fertilizers & Agricultural Chemicals,64.3,77.22,53.14,64.05,66.23,68.79,70.96,71.63,69.58,66.24
CSGP,CoStar Group,Real Estate,Real Estate Services,81.15,97.43,68.26,83.54,83.84,85.72,89.03,84.84,83.48,80.52
COST,Costco,Consumer Staples,Consumer Staples Merchandise Retail,910.94,1075.34,864.06,917.21,925.11,942.04,952.79,972.23,974.31,971.33
CTRA,Coterra,Energy,Oil & Gas Exploration & Production,23.84,29.29,21.84,23.58,23.63,23.84,23.87,24.39,24.39,25.27
CRWD,CrowdStrike,Information Technology,Systems Software,495.95,517.98,278.56,494.59,487.64,471.39,447.66,461.36,449.93,422.05
CCI,Crown Castle,Real Estate,Telecom Tower REITs,93.99,114.47,81.02,95.42,95.06,94.43,98.5,99.55,99.56,96.19
CSX,CSX Corporation,Industrials,Rail Transportation,36.25,37.1,26.01,35.67,34.98,33.84,34.24,33.36,32.28,31.9
CMI,Cummins,Industrials,Construction Machinery & Heavy Transportation Equipment,438.88,440.51,257.24,430.26,424.49,419.13,400.74,364.95,350.1,347.76
CVS,CVS Health,Health Care,Health Care Services,76.84,79.2,42.12,76.81,76.29,75.18,70.78,67.26,66.98,63.17
DHR,Danaher Corporation,Health Care,Life Sciences Tools & Services,211.71,277.73,170.43,209.63,197.52,194.74,199.96,197.84,196.67,204.34
DRI,Darden Restaurants,Consumer Discretionary,Restaurants,193.27,226.68,151.84,192.54,190.39,197.35,202.51,207.62,205.61,199.39
DDOG,Datadog,Information Technology,Application Software,157.36,170.08,81.63,151.17,145.08,141.38,137.0,133.21,126.54,126.71
DVA,DaVita,Health Care,Health Care Services,128.14,179.6,126.07,131.43,131.53,131.56,134.6,137.59,138.72,145.17
DAY,Dayforce,Industrials,Human Resource & Employment Services,69.01,82.69,48.01,68.96,68.9,68.88,64.55,61.19,60.21,62.05
DECK,Deckers Brands,Consumer Discretionary,Footwear,102.04,223.98,93.72,102.29,104.96,110.7,110.29,109.0,109.69,130.08
DE,Deere & Company,Industrials,Agricultural & Farm Machinery,457.31,530.24,381.67,458.2,461.97,465.94,482.68,496.44,489.58,477.34
DELL,Dell Technologies,Information Technology,"Technology Hardware, Storage & Peripherals",145.76,152.1,65.56,145.06,138.74,133.4,132.33,125.36,118.22,113.03
DAL,Delta Air Lines,Industrials,Passenger Airlines,58.26,69.36,34.52,57.09,57.35,58.46,58.13,54.44,52.1,54.22
DVN,Devon Energy,Energy,Oil & Gas Exploration & Production,34.91,42.12,25.53,34.83,35.21,34.89,34.26,33.36,32.73,33.25
DXCM,Dexcom,Health Care,Health Care Equipment,66.36,93.25,57.52,66.64,67.08,70.94,76.13,80.45,78.97,79.36
FANG,Diamondback Energy,Energy,Oil & Gas Exploration & Production,149.1,195.31,112.4,145.28,145.08,141.73,142.6,141.63,139.67,145.99
DLR,Digital Realty,Real Estate,Data Center REITs,176.96,192.35,128.14,174.28,173.04,172.49,169.38,170.5,167.12,164.48
DG,Dollar General,Consumer Staples,Consumer Staples Merchandise Retail,98.13,117.95,65.67,100.55,101.88,103.27,108.06,108.09,104.66,93.81
DLTR,Dollar Tree,Consumer Staples,Consumer Staples Merchandise Retail,87.68,118.06,60.49,90.52,92.64,94.85,105.18,102.01,97.58,87.9
D,Dominion Energy,Utilities,Multi-Utilities,61.5,62.05,46.96,61.24,60.92,60.33,59.89,57.76,56.68,55.34
DPZ,Domino's,Consumer Discretionary,Restaurants,422.91,495.24,392.06,428.15,428.28,435.42,446.3,455.24,458.57,453.33
DASH,DoorDash,Consumer Discretionary,Specialized Consumer Services,281.74,282.92,140.62,272.54,268.62,264.74,256.24,240.6,229.63,212.82
DOV,Dover Corporation,Industrials,Industrial Machinery & Supplies & Components,166.52,220.46,142.22,166.62,166.97,170.07,175.0,178.68,176.39,180.99
DOW,Dow Inc.,Materials,Commodity Chemicals,23.42,51.7,20.11,23.38,23.09,23.65,23.38,25.71,26.17,29.95
DHI,D. R. Horton,Consumer Discretionary,Homebuilding,171.53,193.34,109.8,171.97,169.56,171.22,165.79,146.72,141.84,138.69
DTE,DTE Energy,Utilities,Multi-Utilities,141.76,142.41,111.81,140.53,139.72,137.48,137.36,135.19,134.57,130.72
DUK,Duke Energy,Utilities,Electric Utilities,124.38,126.75,102.41,123.13,123.05,122.15,122.31,119.07,118.83,115.93
DD,DuPont,Materials,Specialty Chemicals,80.82,86.39,53.17,79.53,77.87,77.62,75.37,72.71,70.76,72.66
EMN,Eastman Chemical Company,Materials,Specialty Chemicals,63.72,107.33,56.08,63.43,63.19,64.47,65.46,71.52,72.39,79.14
ETN,Eaton Corporation,Industrials,Electrical Components & Equipment,380.02,398.4,230.37,375.67,371.65,369.36,363.11,353.0,339.66,328.11
EBAY,eBay Inc.,Consumer Discretionary,Broadline Retail,91.77,100.83,55.44,90.17,91.07,90.91,92.2,83.94,80.44,74.81
ECL,Ecolab,Materials,Specialty Chemicals,279.74,285.35,220.55,274.78,271.79,269.96,272.23,268.61,263.35,257.62
EIX,Edison International,Utilities,Electric Utilities,54.8,85.03,46.98,55.23,55.08,55.28,54.94,53.51,53.88,55.58
EW,Edwards Lifesciences,Health Care,Health Care Equipment,76.56,83.0,64.01,76.87,76.23,76.25,78.39,77.55,76.61,74.86
EA,Electronic Arts,Communication Services,Interactive Home Entertainment,200.46,203.75,114.77,201.1,191.06,181.32,172.94,161.84,158.7,150.49
ELV,Elevance Health,Health Care,Managed Health Care,349.94,501.08,272.22,339.29,330.16,321.06,307.6,333.66,350.14,366.66
EMR,Emerson Electric,Industrials,Electrical Components & Equipment,134.77,149.68,89.31,132.99,131.63,132.37,134.04,131.97,126.41,123.51
ENPH,Enphase Energy,Information Technology,Semiconductor Materials & Equipment,37.16,109.5,29.89,36.82,36.91,37.61,36.03,38.8,40.75,49.48
ETR,Entergy,Utilities,Electric Utilities,97.48,98.58,62.53,94.61,93.16,90.98,89.77,86.08,85.24,83.31
EOG,EOG Resources,Energy,Oil & Gas Exploration & Production,110.45,135.49,100.76,111.01,113.54,115.95,118.2,117.59,115.93,119.18
EPAM,EPAM Systems,Information Technology,IT Consulting & Other Services,152.51,269.0,138.15,152.5,152.93,154.62,160.25,167.43,165.61,185.66
EQT,EQT Corporation,Energy,Oil & Gas Exploration & Production,57.19,60.83,34.99,55.91,54.6,52.39,52.06,54.11,53.45,52.07
EFX,Equifax,Industrials,Research & Consulting Services,237.33,292.84,199.2,243.34,249.34,253.12,247.79,254.68,252.86,251.63
EQIX,Equinix,Real Estate,Data Center REITs,789.84,977.63,693.42,779.67,784.64,785.85,780.64,807.62,809.37,837.4
EQR,Equity Residential,Real Estate,Multi-Family Residential REITs,62.22,75.25,58.19,63.57,63.97,64.42,64.02,65.63,65.94,66.85
ERIE,Erie Indemnity,Financials,Insurance Brokers,316.19,536.2,306.8,316.03,315.39,320.68,340.98,347.27,353.96,373.37
ESS,Essex Property Trust,Real Estate,Multi-Family Residential REITs,261.34,307.81,239.32,264.79,264.12,264.14,261.82,270.77,270.97,275.5
EL,Estée Lauder Companies (The),Consumer Staples,Personal Care Products,88.66,95.66,47.94,87.95,87.26,87.32,89.21,82.68,77.59,75.13
EG,Everest Group,Financials,Reinsurance,361.56,400.59,318.14,354.64,349.65,344.2,339.62,339.29,340.77,344.3
EVRG,Evergy,Utilities,Electric Utilities,77.48,77.71,56.68,76.49,75.21,73.54,72.25,69.59,68.92,66.83
ES,Eversource Energy,Utilities,Electric Utilities,72.7,73.48,51.06,71.95,70.71,67.5,65.6,64.69,63.24,61.09
EXC,Exelon,Utilities,Electric Utilities,45.69,47.26,34.98,45.21,44.67,43.96,44.14,43.51,43.85,42.6
EXE,Expand Energy,Energy,Oil & Gas Exploration & Production,107.73,121.47,80.07,107.69,105.92,101.55,98.71,104.84,104.61,103.17
EXPE,Expedia Group,Consumer Discretionary,"Hotels, Resorts & Cruise Lines",223.83,240.76,129.46,218.49,219.01,220.65,209.0,190.54,183.79,182.22
EXPD,Expeditors International,Industrials,Air Freight & Logistics,123.67,128.27,99.78,122.87,122.23,122.45,120.37,117.36,115.58,114.92
EXR,Extra Space Storage,Real Estate,Self-Storage REITs,141.58,170.1,118.4,141.59,140.31,141.65,140.2,143.49,142.58,143.87
XOM,ExxonMobil,Energy,Integrated Oil & Gas,114.2,121.93,96.01,112.7,113.9,113.38,110.87,109.26,108.18,107.97
FFIV,"F5, Inc.",Information Technology,Communications Equipment,329.0,337.39,213.24,326.33,325.23,326.15,319.48,305.89,297.56,288.95
FDS,FactSet,Financials,Financial Exchanges & Data,275.01,495.04,272.5,282.49,285.12,311.49,353.77,396.94,403.24,422.57
FICO,Fair Isaac,Information Technology,Application Software,1850.18,2402.52,1300.0,1698.95,1616.53,1579.08,1481.76,1616.43,1685.73,1756.95
FAST,Fastenal,Industrials,Trading Companies & Distributors,47.78,50.63,33.96,48.12,48.15,47.81,48.14,45.33,44.18,41.49
FRT,Federal Realty Investment Trust,Real Estate,Retail REITs,98.74,113.0,78.83,99.4,98.91,99.1,96.56,95.03,94.29,96.67
FDX,FedEx,Industrials,Air Freight & Logistics,247.03,301.45,191.82,241.86,238.76,233.25,229.27,227.18,223.74,235.4
FIS,Fidelity National Information Services,Financials,Transaction & Payment Processing Services,67.15,90.1,63.0,66.55,65.41,65.99,69.43,74.55,74.64,74.68
FITB,Fifth Third Bancorp,Financials,Regional Banks,43.79,47.33,31.68,44.26,44.57,44.85,43.71,41.83,40.49,40.59
FSLR,First Solar,Information Technology,Semiconductors,229.57,240.6,116.56,227.44,223.87,215.74,201.87,183.59,173.62,167.74
FE,FirstEnergy,Utilities,Electric Utilities,46.37,46.39,36.81,45.91,45.25,44.33,43.64,42.03,41.84,40.71
FI,Fiserv,Financials,Transaction & Payment Processing Services,125.05,238.59,124.89,126.68,128.25,130.79,134.37,149.91,158.86,180.58
F,Ford Motor Company,Consumer Discretionary,Automobile Manufacturers,12.7,12.8,8.21,12.36,12.09,11.86,11.57,11.14,10.84,10.28
FTNT,Fortinet,Information Technology,Systems Software,86.38,114.82,70.12,85.54,84.88,83.0,83.5,93.5,94.83,96.77
FTV,Fortive,Industrials,Industrial Machinery & Supplies & Components,50.03,62.58,45.4,49.86,49.1,48.79,48.35,50.63,50.66,53.33
FOXA,Fox Corporation (Class A),Communication Services,Broadcasting,61.38,65.3,40.74,62.07,61.64,60.38,58.77,56.96,55.46,54.15
FOX,Fox Corporation (Class B),Communication Services,Broadcasting,55.07,59.29,37.5,55.99,55.64,54.51,53.41,52.04,50.81,50.03
BEN,Franklin Resources,Financials,Asset Management & Custody Banks,23.18,25.72,15.81,23.11,23.16,23.62,24.31,23.47,22.46,21.21
FCX,Freeport-McMoRan,Materials,Copper,40.32,50.45,27.45,39.43,38.84,41.94,42.39,42.25,40.88,39.7
GRMN,Garmin,Consumer Discretionary,Consumer Electronics,257.64,259.83,158.5,254.77,247.04,241.84,235.76,222.35,215.91,214.25
IT,Gartner,Information Technology,IT Consulting & Other Services,256.43,584.01,223.65,256.95,259.32,254.09,258.73,332.3,348.98,400.37
GE,GE Aerospace,Industrials,Aerospace & Defense,298.22,306.88,158.62,299.27,298.66,293.72,280.77,264.01,250.5,228.3
GEHC,GE HealthCare,Health Care,Health Care Equipment,76.41,94.71,57.59,76.08,74.6,75.53,74.3,73.8,72.32,76.65
GEV,GE Vernova,Industrials,Heavy Electrical Equipment,603.22,677.29,250.4,605.1,610.3,617.64,622.95,564.88,523.85,456.12
GEN,Gen Digital,Information Technology,Systems Software,27.75,32.09,22.55,28.03,28.43,28.73,29.65,29.43,28.64,28.04
GNRC,Generac,Industrials,Electrical Components & Equipment,164.13,203.25,99.5,167.02,166.76,175.47,183.42,160.01,150.81,148.09
GD,General Dynamics,Industrials,Aerospace & Defense,346.5,347.36,236.67,342.58,334.67,329.84,322.39,304.36,297.63,282.62
GIS,General Mills,Consumer Staples,Packaged Foods & Meats,50.18,70.84,48.29,50.4,50.28,50.09,49.75,51.02,51.93,54.62
GM,General Motors,Consumer Discretionary,Automobile Manufacturers,58.19,62.14,41.36,60.0,60.14,59.36,57.13,53.6,51.98,50.9
GPC,Genuine Parts Company,Consumer Discretionary,Distributors,138.45,143.1,102.41,139.07,138.58,138.97,136.63,130.26,127.06,123.3
GILD,Gilead Sciences,Health Care,Biotechnology,113.58,120.99,81.55,111.8,112.28,112.94,113.82,111.07,109.25,105.88
GPN,Global Payments,Financials,Transaction & Payment Processing Services,87.18,118.69,65.53,85.95,85.85,85.76,85.15,81.96,81.18,89.71
GL,Globe Life,Financials,Life & Health Insurance,134.0,147.54,99.43,138.83,141.37,141.78,140.23,130.67,128.65,125.38
GDDY,GoDaddy,Information Technology,Internet Services & Infrastructure,137.19,216.0,131.29,135.04,138.57,142.3,146.17,161.86,165.19,175.07
GS,Goldman Sachs,Financials,Investment Banking & Brokerage,796.78,825.25,434.87,789.6,794.81,791.39,754.14,702.66,668.04,636.36
HAL,Halliburton,Energy,Oil & Gas Equipment & Services,24.36,31.66,18.43,24.51,24.6,23.44,22.36,21.68,21.42,22.97
HIG,Hartford (The),Financials,Property & Casualty Insurance,132.54,135.17,103.64,133.05,132.58,131.92,130.39,127.83,126.25,121.29
HAS,Hasbro,Consumer Discretionary,Leisure Products,74.78,82.19,48.07,75.4,75.41,75.86,77.51,73.99,70.52,65.93
HCA,HCA Healthcare,Health Care,Health Care Facilities,433.55,435.03,288.25,428.41,422.3,412.4,397.61,385.42,376.43,354.72
DOC,Healthpeak Properties,Real Estate,Health Care REITs,19.24,21.94,16.26,19.22,19.02,18.59,17.78,17.56,17.55,18.22
HSIC,Henry Schein,Health Care,Health Care Distributors,66.04,82.49,60.56,66.21,66.58,67.42,67.86,69.84,69.03,70.48
HSY,Hershey Company (The),Consumer Staples,Packaged Foods & Meats,195.18,202.98,136.73,191.04,189.43,188.99,185.29,175.53,173.12,168.74
HPE,Hewlett Packard Enterprise,Information Technology,"Technology Hardware, Storage & Peripherals",24.79,25.36,11.82,24.64,24.47,24.55,22.71,20.76,19.71,19.58
HLT,Hilton Worldwide,Consumer Discretionary,"Hotels, Resorts & Cruise Lines",260.18,279.81,195.81,258.74,260.59,266.0,268.49,263.81,255.9,252.42
HOLX,Hologic,Health Care,Health Care Equipment,67.34,84.39,51.9,67.6,67.22,66.62,66.97,65.0,63.44,64.66
HD,Home Depot (The),Consumer Discretionary,Home Improvement Retail,389.33,429.19,322.47,396.32,402.66,410.38,401.01,382.45,376.69,378.54
HON,Honeywell,Industrials,Industrial Conglomerates,209.0,240.47,177.52,209.95,209.28,210.42,215.1,221.44,217.57,215.78
HRL,Hormel Foods,Consumer Staples,Packaged Foods & Meats,24.31,32.84,23.71,24.63,24.61,24.79,26.6,28.31,28.54,28.86
HST,Host Hotels & Resorts,Real Estate,Hotel & Resort REITs,16.62,18.32,11.93,16.94,17.08,17.21,16.56,16.02,15.58,15.61
HWM,Howmet Aerospace,Industrials,Aerospace & Defense,190.48,198.48,98.55,192.38,192.06,189.48,182.62,178.98,170.72,153.35
HPQ,HP Inc.,Information Technology,"Technology Hardware, Storage & Peripherals",26.61,38.25,20.76,26.73,27.01,27.58,26.95,26.14,25.81,27.56
HUBB,Hubbell Incorporated,Industrials,Industrial Machinery & Supplies & Components,413.05,475.24,297.55,422.05,424.87,432.18,431.82,416.94,403.39,396.5
HUM,Humana,Health Care,Managed Health Care,295.2,314.25,206.15,268.5,262.47,265.48,273.65,253.37,255.28,258.6
HBAN,Huntington Bancshares,Financials,Regional Banks,16.71,17.93,11.7,17.05,17.21,17.37,16.99,16.56,16.05,15.86
HII,Huntington Ingalls Industries,Industrials,Aerospace & Defense,288.49,291.7,155.93,285.77,281.19,277.32,271.4,254.22,247.22,224.74
IBM,IBM,Information Technology,IT Consulting & Other Services,289.42,294.17,197.92,286.63,281.85,271.03,255.76,265.39,259.97,251.54
IEX,IDEX Corporation,Industrials,Industrial Machinery & Supplies & Components,167.05,235.67,152.2,165.22,162.81,162.18,163.79,172.31,172.35,181.71
IDXX,Idexx Laboratories,Health Care,Health Care Equipment,627.78,688.12,356.14,630.36,630.83,638.72,634.14,580.1,551.83,506.02
ITW,Illinois Tool Works,Industrials,Industrial Machinery & Supplies & Components,258.71,273.07,212.05,260.02,259.32,260.3,259.88,253.83,249.92,250.39
INCY,Incyte,Health Care,Biotechnology,87.23,88.66,53.56,86.37,84.88,84.95,83.32,75.47,72.22,71.03
IR,Ingersoll Rand,Industrials,Industrial Machinery & Supplies & Components,83.41,105.95,65.58,83.53,82.52,81.28,80.35,82.16,80.73,83.05
PODD,Insulet Corporation,Health Care,Health Care Equipment,311.69,353.5,225.37,309.55,315.47,325.95,320.78,313.67,303.16,290.24
INTC,Intel,Information Technology,Semiconductors,36.59,38.68,17.67,36.04,34.47,30.32,25.71,23.69,23.01,22.47
ICE,Intercontinental Exchange,Financials,Financial Exchanges & Data,159.06,188.82,141.12,162.76,165.29,168.66,175.85,177.33,174.7,169.49
IFF,International Flavors & Fragrances,Materials,Specialty Chemicals,61.5,104.48,59.73,61.54,61.3,62.6,65.17,70.23,70.98,74.74
IP,International Paper,Materials,Paper & Plastic Packaging Products & Materials,45.88,58.71,42.44,46.47,46.17,46.3,47.48,48.02,47.48,49.57
IPG,Interpublic Group of Companies (The),Communication Services,Advertising,26.8,31.81,21.93,26.8,26.57,26.37,25.95,24.98,24.79,25.42
INTU,Intuit,Information Technology,Application Software,670.09,813.7,531.0,678.86,687.39,676.89,701.01,725.09,702.34,665.26
ISRG,Intuitive Surgical,Health Care,Health Care Equipment,449.69,616.0,425.0,446.06,444.05,444.24,463.08,497.46,500.0,517.01
IVZ,Invesco,Financials,Asset Management & Custody Banks,24.13,24.54,11.33,23.56,23.05,22.71,21.83,18.89,17.8,17.28
INVH,Invitation Homes,Real Estate,Single-Family Residential REITs,28.22,35.13,28.17,28.78,28.93,29.26,29.86,31.21,31.59,31.55
IQV,IQVIA,Health Care,Life Sciences Tools & Services,205.02,237.34,134.65,201.94,191.44,189.53,188.16,172.31,167.76,177.0
IRM,Iron Mountain,Real Estate,Other Specialized REITs,106.37,126.21,71.19,103.73,102.61,100.77,95.46,97.14,95.17,94.87
JBHT,J.B. Hunt,Industrials,Cargo Ground Transportation,141.67,198.61,122.01,136.13,134.72,135.57,140.44,142.57,140.59,148.88
JBL,Jabil,Information Technology,Electronic Manufacturing Services,202.2,237.14,108.57,210.4,215.23,216.47,215.54,205.97,193.41,177.33
JKHY,Jack Henry & Associates,Financials,Transaction & Payment Processing Services,147.69,194.68,144.12,147.1,148.6,153.23,159.5,169.44,169.94,171.28
J,Jacobs Solutions,Industrials,Construction & Engineering,155.01,155.9,104.68,153.19,150.39,148.87,146.98,138.69,134.71,132.1
JNJ,Johnson & Johnson,Health Care,Pharmaceuticals,188.16,189.91,137.37,186.85,182.66,179.58,175.9,165.2,162.54,158.49
JCI,Johnson Controls,Industrials,Building Products,109.58,112.63,67.78,109.17,108.16,107.99,106.84,105.16,100.63,93.25
JPM,JPMorgan Chase,Financials,Diversified Banks,309.18,318.01,199.85,310.58,312.43,310.27,300.88,288.56,279.02,267.42
K,Kellanova,Consumer Staples,Packaged Foods & Meats,82.66,83.0,76.48,82.5,80.35,79.54,79.43,79.64,79.97,80.14
KVUE,Kenvue,Consumer Staples,Personal Care Products,15.69,24.71,15.47,15.86,16.23,17.28,19.56,20.74,21.13,21.32
KDP,Keurig Dr Pepper,Consumer Staples,Soft Drinks & Non-alcoholic Beverages,25.3,36.17,25.19,25.6,25.7,26.28,29.85,31.35,31.88,31.87
KEY,KeyCorp,Financials,Regional Banks,18.54,19.41,12.43,18.56,18.69,18.83,18.47,17.62,16.98,16.73
KEYS,Keysight Technologies,Information Technology,Electronic Equipment & Instruments,173.34,186.2,121.43,173.97,174.11,173.66,168.11,165.37,160.93,161.71
KMB,Kimberly-Clark,Consumer Staples,Household Products,120.54,147.59,120.45,122.66,122.77,124.72,127.96,129.68,130.23,130.65
KIM,Kimco Realty,Real Estate,Retail REITs,21.52,24.7,17.52,21.54,21.6,21.89,21.65,21.28,21.02,21.11
KMI,Kinder Morgan,Energy,Oil & Gas Storage & Transportation,27.93,30.49,21.82,28.24,28.1,27.73,27.27,27.46,27.23,27.09
KKR,KKR & Co.,Financials,Asset Management & Custody Banks,126.87,169.7,85.9,127.31,132.59,138.48,140.68,135.44,130.4,132.67
KLAC,KLA Corporation,Information Technology,Semiconductor Materials & Equipment,1139.71,1155.0,548.81,1117.6,1091.54,1041.06,952.84,905.24,859.87,799.77
KHC,Kraft Heinz,Consumer Staples,Packaged Foods & Meats,25.27,34.37,25.07,25.94,26.06,26.14,26.78,26.57,26.88,27.63
KR,Kroger,Consumer Staples,Food Retail,64.8,74.52,53.78,66.28,65.97,66.35,68.59,68.78,68.97,66.6
LHX,L3Harris,Industrials,Aerospace & Defense,303.01,305.94,190.25,300.48,295.23,287.88,278.93,263.62,253.98,236.39
LH,Labcorp,Health Care,Health Care Services,275.05,289.2,208.23,279.51,279.63,278.2,273.34,263.22,256.93,249.93
LRCX,Lam Research,Information Technology,Semiconductor Materials & Equipment,149.15,153.7,56.07,143.73,136.62,127.82,111.28,101.57,95.32,88.35
LW,Lamb Weston,Consumer Staples,Packaged Foods & Meats,63.4,82.35,47.25,61.71,58.03,57.19,56.15,54.54,54.02,55.2
LVS,Las Vegas Sands,Consumer Discretionary,Casinos & Gaming,52.27,58.05,29.84,53.37,53.52,53.48,53.81,49.02,46.31,45.45
LDOS,Leidos,Industrials,Diversified Support Services,198.04,200.78,122.65,193.42,189.45,186.64,179.6,167.15,162.75,153.9
LEN,Lennar,Consumer Discretionary,Homebuilding,126.39,181.28,97.54,127.81,126.57,129.99,128.54,119.16,116.68,119.46
LII,Lennox International,Industrials,Building Products,553.6,687.72,496.64,543.45,532.26,540.05,568.54,574.84,569.87,581.26
LLY,Lilly (Eli),Health Care,Pharmaceuticals,845.05,931.67,622.41,818.64,774.77,765.37,736.56,752.72,760.54,781.68
LIN,Linde plc,Materials,Industrial Gases,468.55,484.83,406.06,469.31,472.53,474.9,473.56,468.77,463.97,456.04
LYV,Live Nation Entertainment,Communication Services,Movies & Entertainment,155.94,175.25,107.65,158.24,160.56,165.01,161.32,153.55,149.16,143.98
LKQ,LKQ Corporation,Consumer Discretionary,Distributors,30.72,43.77,28.65,31.01,30.65,31.12,30.97,34.65,35.61,36.72
LMT,Lockheed Martin,Industrials,Aerospace & Defense,514.24,602.02,407.14,503.26,495.3,483.18,455.54,458.4,459.25,457.29
L,Loews Corporation,Financials,Multi-line Insurance,102.37,102.75,74.95,101.25,100.25,98.54,96.16,92.97,91.6,89.24
LOW,Lowe's,Consumer Discretionary,Home Improvement Retail,241.67,281.56,204.22,246.93,251.78,260.06,253.53,238.09,234.52,237.41
LULU,Lululemon Athletica,Consumer Discretionary,"Apparel, Accessories & Luxury Goods",174.12,423.32,159.25,176.68,176.34,170.86,187.08,225.28,234.09,282.22
LYB,LyondellBasell,Materials,Specialty Chemicals,48.68,89.21,46.44,48.99,49.42,51.41,52.82,55.52,55.37,60.83
MTB,M&T Bank,Financials,Regional Banks,190.0,219.44,148.52,194.62,197.04,197.84,194.6,191.16,186.04,185.44
MPC,Marathon Petroleum,Energy,Oil & Gas Refining & Marketing,193.52,201.61,113.82,192.79,193.95,188.62,177.0,171.8,164.4,156.46
MKTX,MarketAxess,Financials,Financial Exchanges & Data,167.88,292.5,161.63,170.61,174.71,178.89,186.21,201.81,205.27,207.34
MAR,Marriott International,Consumer Discretionary,"Hotels, Resorts & Cruise Lines",271.94,305.27,204.35,265.6,264.39,264.82,265.15,266.74,260.7,263.63
MMC,Marsh McLennan,Financials,Insurance Brokers,201.34,245.83,194.14,200.61,199.35,198.7,202.05,210.11,212.73,216.45
MLM,Martin Marietta Materials,Materials,Construction Materials,636.11,638.26,440.72,629.82,621.43,619.08,610.1,582.12,567.49,544.77
MAS,Masco,Industrials,Building Products,68.79,85.23,56.02,70.16,70.49,71.79,71.77,67.99,66.62,69.09
MA,Mastercard,Financials,Transaction & Payment Processing Services,578.81,601.77,464.22,575.83,571.85,578.69,579.77,573.16,565.62,555.62
MTCH,Match Group,Communication Services,Interactive Media & Services,34.0,38.99,26.09,34.49,35.31,36.45,36.41,33.71,32.74,32.43
MKC,McCormick & Company,Consumer Staples,Packaged Foods & Meats,68.29,85.22,63.66,67.99,66.66,66.99,68.96,71.05,71.83,73.91
MCD,McDonald's,Consumer Discretionary,Restaurants,296.04,322.65,271.85,300.26,301.94,303.42,305.73,302.74,304.07,300.44
MCK,McKesson Corporation,Health Care,Health Care Distributors,741.29,776.14,478.28,755.13,753.65,727.67,703.44,709.68,706.32,672.12
MDT,Medtronic,Health Care,Health Care Equipment,98.43,98.66,77.57,96.33,95.48,94.85,93.07,89.85,88.46,87.8
MRK,Merck & Co.,Health Care,Pharmaceuticals,88.8,108.08,71.87,88.31,83.59,82.8,82.4,80.52,80.1,84.22
META,Meta Platforms,Communication Services,Interactive Media & Services,715.66,795.71,479.11,721.0,735.71,750.99,752.35,721.19,688.15,666.67
MET,MetLife,Financials,Life & Health Insurance,82.35,87.17,64.24,82.07,81.53,80.6,79.04,78.64,77.71,78.93
MTD,Mettler Toledo,Health Care,Life Sciences Tools & Services,1345.27,1488.75,946.69,1295.46,1258.19,1264.16,1272.88,1227.51,1194.07,1218.33
MGM,MGM Resorts,Consumer Discretionary,Casinos & Gaming,33.92,42.54,25.3,34.39,34.79,35.11,36.15,35.39,34.48,34.06
MCHP,Microchip Technology,Information Technology,Semiconductors,66.59,77.26,33.63,65.52,65.15,65.05,65.53,66.3,61.96,58.98
MU,Micron Technology,Information Technology,Semiconductors,190.96,201.0,61.44,182.34,171.73,163.61,136.25,124.04,114.61,106.85
MSFT,Microsoft,Information Technology,Systems Software,528.57,554.54,343.59,519.86,515.18,511.84,512.96,497.17,477.67,451.2
MAA,Mid-America Apartment Communities,Real Estate,Multi-Family Residential REITs,136.0,170.0,135.42,137.34,138.52,140.03,141.68,146.2,148.45,150.66
MRNA,Moderna,Health Care,Biotechnology,27.54,62.97,23.15,27.57,26.39,25.63,26.36,27.47,27.19,30.29
MHK,Mohawk Industries,Consumer Discretionary,Home Furnishings,126.17,164.29,96.24,128.5,128.04,131.22,128.47,117.36,114.85,116.27
MOH,Molina Healthcare,Health Care,Managed Health Care,200.57,359.97,151.95,196.19,192.84,186.2,174.52,222.15,242.74,265.48
TAP,Molson Coors Beverage Company,Consumer Staples,Brewers,45.65,63.47,43.8,45.9,45.39,46.53,48.61,49.62,51.04,53.13
MDLZ,Mondelez International,Consumer Staples,Packaged Foods & Meats,61.78,70.58,52.78,62.37,62.61,62.38,62.33,64.5,64.74,63.1
MPWR,Monolithic Power Systems,Information Technology,Semiconductors,968.1,986.63,437.16,930.79,913.43,892.39,847.52,778.12,738.07,692.36
MNST,Monster Beverage,Consumer Staples,Soft Drinks & Non-alcoholic Beverages,67.09,67.89,45.7,67.32,66.29,65.37,63.56,62.82,62.08,58.5
MCO,Moody's Corporation,Financials,Financial Exchanges & Data,483.45,528.95,377.3,481.39,478.88,490.69,502.62,495.4,485.02,481.44
MS,Morgan Stanley,Financials,Investment Banking & Brokerage,158.09,163.98,92.93,157.37,158.57,157.73,150.4,142.35,136.54,132.13
MOS,Mosaic Company (The),Materials,Fertilizers & Agricultural Chemicals,35.34,37.97,21.99,34.63,34.78,34.22,33.56,34.6,33.38,30.45
MSI,Motorola Solutions,Information Technology,Communications Equipment,457.13,502.83,387.0,454.46,456.46,467.56,461.1,438.81,434.57,438.18
MSCI,MSCI Inc.,Financials,Financial Exchanges & Data,564.81,636.39,483.67,561.14,564.0,567.36,563.09,563.01,558.62,565.54
NDAQ,"Nasdaq, Inc.",Financials,Financial Exchanges & Data,88.17,97.36,64.46,87.7,87.7,90.12,93.0,89.63,86.6,83.21
NTAP,NetApp,Information Technology,"Technology Hardware, Storage & Peripherals",120.42,132.76,71.18,118.92,119.79,121.79,114.05,108.44,104.14,105.57
NFLX,Netflix,Communication Services,Movies & Entertainment,1163.31,1341.15,677.88,1169.8,1189.67,1204.65,1206.46,1219.7,1186.89,1095.07
NEM,Newmont,Materials,Gold,88.51,89.37,36.35,86.41,85.37,82.39,74.53,65.44,62.87,55.34
NWSA,News Corp (Class A),Communication Services,Publishing,28.06,31.61,23.3,28.93,29.71,29.78,29.5,29.08,28.61,28.24
NWS,News Corp (Class B),Communication Services,Publishing,31.81,35.47,26.17,32.64,33.2,33.05,33.44,33.25,32.78,32.19
NEE,NextEra Energy,Utilities,Multi-Utilities,82.11,83.5,60.75,78.9,76.74,73.86,72.93,72.32,71.06,70.35
NKE,"Nike, Inc.",Consumer Discretionary,"Apparel, Accessories & Luxury Goods",71.17,82.92,51.67,72.32,71.18,71.97,74.29,70.24,67.49,69.17
NI,NiSource,Utilities,Multi-Utilities,44.17,44.51,32.69,43.49,42.9,41.68,41.92,40.7,40.28,39.29
NDSN,Nordson Corporation,Industrials,Industrial Machinery & Supplies & Components,234.12,262.94,163.83,231.06,227.91,226.41,221.28,216.67,210.54,209.52
NSC,Norfolk Southern,Industrials,Rail Transportation,299.65,302.24,199.43,299.44,297.43,287.95,282.92,268.67,258.92,251.09
NTRS,Northern Trust,Financials,Asset Management & Custody Banks,132.21,135.48,80.54,132.73,132.23,131.08,129.04,122.37,116.36,111.24
NOC,Northrop Grumman,Industrials,Aerospace & Defense,618.52,619.62,420.66,609.56,598.54,587.49,584.58,541.01,531.27,509.25
NCLH,Norwegian Cruise Line Holdings,Consumer Discretionary,"Hotels, Resorts & Cruise Lines",24.1,29.29,14.21,24.36,24.74,25.24,24.84,22.49,21.4,22.33
NRG,NRG Energy,Utilities,Independent Power Producers & Energy Traders,163.95,175.96,79.04,164.28,165.13,164.1,157.46,155.88,146.4,128.42
NUE,Nucor,Materials,Steel,135.59,167.56,96.79,136.69,136.13,137.66,141.03,133.66,129.61,127.72
NVDA,Nvidia,Information Technology,Semiconductors,185.54,191.05,86.61,187.17,182.9,179.58,178.33,164.34,153.53,143.31
NVR,"NVR, Inc.",Consumer Discretionary,Homebuilding,8068.75,9964.77,6562.85,8077.9,8044.08,8141.22,8081.78,7713.91,7595.46,7620.98
NXPI,NXP Semiconductors,Information Technology,Semiconductors,231.42,251.87,146.73,228.13,227.29,224.51,223.76,218.68,211.06,209.86
ORLY,O’Reilly Automotive,Consumer Discretionary,Automotive Retail,103.3,108.72,75.93,105.31,105.2,105.33,103.6,97.47,96.3,92.66
OXY,Occidental Petroleum,Energy,Oil & Gas Exploration & Production,45.4,55.34,34.4,45.89,46.53,46.39,45.43,44.26,43.28,44.92
ODFL,Old Dominion,Industrials,Cargo Ground Transportation,142.82,231.78,133.69,140.95,140.52,142.51,147.27,155.46,155.34,164.47
OMC,Omnicom Group,Communication Services,Advertising,78.5,103.32,67.76,78.39,77.73,77.1,75.99,74.02,73.98,76.76
ON,ON Semiconductor,Information Technology,Semiconductors,50.35,76.06,31.04,49.2,49.71,49.65,50.34,51.2,48.6,49.69
OKE,Oneok,Energy,Oil & Gas Storage & Transportation,72.73,113.92,70.63,72.81,73.07,72.85,74.52,77.65,78.45,85.02
ORCL,Oracle Corporation,Information Technology,Application Software,291.59,345.72,118.18,287.35,291.66,296.51,263.76,232.71,214.09,194.12
OTIS,Otis Worldwide,Industrials,Industrial Machinery & Supplies & Components,90.83,105.86,83.85,91.68,90.74,89.94,88.11,92.31,92.89,94.14
PCAR,Paccar,Industrials,Construction Machinery & Heavy Transportation Equipment,98.52,114.66,84.08,98.34,98.23,99.33,98.92,96.88,95.43,98.56
PKG,Packaging Corporation of America,Materials,Paper & Plastic Packaging Products & Materials,212.93,244.78,170.61,215.18,215.03,213.89,207.09,200.63,197.12,201.99
PLTR,Palantir Technologies,Information Technology,Application Software,179.53,190.0,37.37,181.4,180.47,175.9,169.36,153.15,143.69,122.08
PANW,Palo Alto Networks,Information Technology,Systems Software,212.58,213.85,144.15,207.9,205.2,203.46,190.64,193.4,190.28,187.9
PSKY,Paramount Skydance Corporation,Communication Services,Movies & Entertainment,19.13,20.86,9.92,18.93,19.09,18.33,15.51,13.92,13.38,12.49
PH,Parker Hannifin,Industrials,Industrial Machinery & Supplies & Components,763.44,779.77,485.92,759.64,755.65,756.46,746.58,715.47,691.16,673.19
PAYX,Paychex,Industrials,Human Resource & Employment Services,124.37,160.03,119.02,124.63,126.42,129.49,135.36,142.46,142.88,143.19
PAYC,Paycom,Industrials,Human Resource & Employment Services,200.22,267.33,158.79,202.17,209.84,214.52,221.43,232.03,230.59,222.79
PYPL,PayPal,Financials,Transaction & Payment Processing Services,71.29,93.66,55.85,68.64,68.21,67.83,68.7,70.97,69.77,72.89
PNR,Pentair,Industrials,Industrial Machinery & Supplies & Components,112.05,113.95,73.85,111.58,110.47,110.48,107.63,104.46,101.09,98.72
PEP,PepsiCo,Consumer Staples,Soft Drinks & Non-alcoholic Beverages,139.7,170.89,125.14,141.51,141.22,141.56,143.39,137.59,136.97,140.11
PFE,Pfizer,Health Care,Pharmaceuticals,26.43,28.43,20.18,26.71,25.3,24.76,24.71,24.25,23.8,24.25
PCG,PG&E Corporation,Utilities,Multi-Utilities,16.04,21.59,12.95,15.66,15.2,15.15,15.02,14.92,15.33,15.94
PM,Philip Morris International,Consumer Staples,Tobacco,153.54,183.57,113.18,156.66,159.43,161.03,163.09,169.39,167.97,156.22
PSX,Phillips 66,Energy,Oil & Gas Refining & Marketing,132.92,142.35,89.26,134.3,135.65,133.57,128.49,124.49,119.98,119.22
PNW,Pinnacle West Capital,Utilities,Multi-Utilities,90.82,94.64,79.08,89.35,88.15,87.55,89.43,89.5,89.89,88.78
PNC,PNC Financial Services,Financials,Diversified Banks,195.62,210.46,142.39,198.32,200.75,201.83,198.4,190.63,184.12,184.0
POOL,Pool Corporation,Consumer Discretionary,Distributors,307.29,391.14,281.15,309.64,309.37,316.13,315.64,308.44,306.72,317.35
PPG,PPG Industries,Materials,Specialty Chemicals,103.52,129.03,89.08,104.33,104.5,106.98,108.54,110.61,109.1,110.7
PPL,PPL Corporation,Utilities,Electric Utilities,37.15,37.31,30.41,36.8,36.68,36.21,36.14,35.13,35.1,34.34
PFG,Principal Financial Group,Financials,Life & Health Insurance,84.18,88.63,67.06,83.73,82.95,82.2,79.61,78.75,77.69,78.54
PG,Procter & Gamble,Consumer Staples,Personal Care Products,150.41,177.66,149.91,152.31,152.47,154.98,155.38,157.72,158.42,160.95
PGR,Progressive Corporation,Financials,Property & Casualty Insurance,240.5,292.65,228.28,244.58,243.11,243.83,244.96,255.06,258.91,258.74
PLD,Prologis,Real Estate,Industrial REITs,117.13,123.15,83.8,116.26,115.03,114.16,110.4,108.34,106.69,108.15
PRU,Prudential Financial,Financials,Life & Health Insurance,103.22,125.75,88.12,103.18,103.32,103.96,104.63,104.16,103.18,105.83
PEG,Public Service Enterprise Group,Utilities,Electric Utilities,81.84,92.35,73.5,82.29,82.23,81.89,83.51,82.14,81.59,81.61
PTC,PTC Inc.,Information Technology,Application Software,205.0,219.69,133.38,203.29,203.36,204.27,208.09,192.91,184.89,180.21
PSA,Public Storage,Real Estate,Self-Storage REITs,290.81,342.3,251.43,290.61,287.11,286.16,284.52,287.95,287.82,288.75
PHM,PulteGroup,Consumer Discretionary,Homebuilding,135.48,148.31,87.74,134.91,132.85,133.67,129.27,117.21,113.64,111.24
PWR,Quanta Services,Industrials,Construction & Engineering,427.8,431.24,226.97,420.96,411.17,398.09,390.59,378.97,361.56,335.14
QCOM,Qualcomm,Information Technology,Semiconductors,168.62,178.09,119.4,167.9,168.68,166.15,159.19,156.3,153.02,154.91
DGX,Quest Diagnostics,Health Care,Health Care Services,178.43,190.64,143.46,181.78,184.18,182.88,179.1,176.11,174.94,169.53
RL,Ralph Lauren Corporation,Consumer Discretionary,"Apparel, Accessories & Luxury Goods",321.1,325.81,175.49,319.25,313.96,312.74,302.88,289.91,275.98,262.65
RJF,Raymond James Financial,Financials,Investment Banking & Brokerage,167.64,177.15,116.85,167.78,170.81,170.38,167.53,159.76,155.28,154.12
RTX,RTX Corporation,Industrials,Aerospace & Defense,168.8,169.75,111.21,167.31,164.6,160.87,158.17,150.23,145.26,137.22
O,Realty Income,Real Estate,Retail REITs,59.9,61.34,49.31,60.27,60.02,59.72,58.35,57.11,56.71,55.33
REG,Regency Centers,Real Estate,Retail REITs,71.14,75.93,62.21,71.94,71.74,71.32,71.32,70.73,70.57,70.7
REGN,Regeneron Pharmaceuticals,Health Care,Biotechnology,585.48,1034.38,475.77,589.54,577.27,576.64,571.96,557.84,560.61,606.46
RF,Regions Financial Corporation,Financials,Regional Banks,25.86,27.61,17.36,26.21,26.41,26.69,26.18,24.52,23.58,23.17
RSG,Republic Services,Industrials,Environmental & Facilities Services,223.18,257.43,195.57,225.08,226.13,226.65,230.65,238.39,239.34,232.39
RMD,ResMed,Health Care,Health Care Equipment,281.38,293.81,199.07,276.24,273.96,273.52,278.11,265.62,257.97,247.83
RVTY,Revvity,Health Care,Health Care Equipment,93.38,129.23,81.36,91.66,87.98,86.57,88.13,91.68,92.12,100.22
ROK,Rockwell Automation,Industrials,Electrical Components & Equipment,348.57,359.54,213.27,349.1,345.89,345.59,344.3,335.88,318.5,302.01
ROL,"Rollins, Inc.",Industrials,Environmental & Facilities Services,58.32,59.12,44.94,58.44,57.71,57.05,57.27,56.85,56.52,53.93
ROP,Roper Technologies,Information Technology,Electronic Equipment & Instruments,506.99,592.47,491.43,499.74,499.95,504.72,521.48,542.28,545.42,548.7
ROST,Ross Stores,Consumer Discretionary,Apparel Retail,152.26,157.03,121.69,153.33,151.46,149.45,147.24,141.62,141.2,140.59
RCL,Royal Caribbean Group,Consumer Discretionary,"Hotels, Resorts & Cruise Lines",317.3,365.38,163.05,318.21,322.48,327.31,329.77,310.49,290.55,268.25
SPGI,S&P Global,Financials,Financial Exchanges & Data,478.35,578.04,425.6,480.63,485.41,509.34,533.63,525.57,516.86,512.32
CRM,Salesforce,Information Technology,Application Software,245.78,366.78,226.09,239.54,241.76,243.19,246.19,257.54,258.59,277.79
SBAC,SBA Communications,Real Estate,Telecom Tower REITs,188.66,247.78,186.81,191.52,193.74,195.72,207.7,218.98,220.55,215.27
SLB,Schlumberger,Energy,Oil & Gas Equipment & Services,34.59,44.81,30.61,34.48,34.67,34.91,34.44,34.44,34.28,36.27
STX,Seagate Technology,Information Technology,"Technology Hardware, Storage & Peripherals",242.83,264.83,62.66,248.65,235.81,221.59,184.78,158.21,143.13,123.6
SRE,Sempra,Utilities,Multi-Utilities,92.46,92.78,60.93,90.36,88.67,85.37,82.83,79.13,77.61,77.27
NOW,ServiceNow,Information Technology,Systems Software,912.84,1198.09,678.66,913.6,922.45,931.77,914.43,958.06,944.3,952.86
SHW,Sherwin-Williams,Materials,Specialty Chemicals,336.91,397.81,307.5,342.98,342.72,348.91,354.24,351.24,349.01,348.45
SPG,Simon Property Group,Real Estate,Retail REITs,179.17,188.43,132.99,184.57,184.39,182.89,175.45,167.23,164.11,165.36
SWKS,Skyworks Solutions,Information Technology,Semiconductors,76.91,97.73,47.01,76.94,78.24,77.04,74.26,73.25,70.7,72.22
SJM,J.M. Smucker Company (The),Consumer Staples,Packaged Foods & Meats,107.04,121.73,92.38,108.05,108.31,107.91,109.23,106.81,107.92,107.31
SW,Smurfit Westrock,Materials,Paper & Plastic Packaging Products & Materials,40.31,55.46,36.31,41.88,42.31,43.39,44.3,44.33,43.61,45.78
SNA,Snap-on,Industrials,Industrial Machinery & Supplies & Components,340.56,366.68,277.22,345.78,343.19,338.18,329.55,323.59,321.37,325.98
SOLV,Solventum,Health Care,Health Care Technology,73.78,85.92,60.7,73.68,72.77,73.11,72.82,73.51,72.18,72.57
SO,Southern Company,Utilities,Electric Utilities,95.49,95.68,78.5,94.7,94.38,93.09,93.29,91.64,91.08,88.62
LUV,Southwest Airlines,Industrials,Passenger Airlines,32.58,37.75,23.55,32.32,32.52,32.15,31.53,32.39,31.36,31.3
SWK,Stanley Black & Decker,Industrials,Industrial Machinery & Supplies & Components,74.35,105.27,52.62,74.35,74.33,75.99,73.63,70.62,68.37,72.81
SBUX,Starbucks,Consumer Discretionary,Restaurants,82.11,115.87,74.48,84.85,84.71,84.08,87.27,88.74,87.41,91.78
STT,State Street Corporation,Financials,Asset Management & Custody Banks,116.9,117.46,71.77,115.39,114.59,113.02,112.14,106.66,102.38,98.78
STLD,Steel Dynamics,Materials,Steel,141.63,153.16,102.41,142.31,139.67,137.29,131.35,131.08,129.73,127.3
STE,Steris,Health Care,Health Care Equipment,240.64,253.0,199.47,242.86,244.81,246.81,242.64,239.8,236.28,229.0
SYK,Stryker Corporation,Health Care,Health Care Equipment,366.28,403.95,327.71,367.4,368.5,374.39,381.55,383.6,379.43,377.64
SMCI,Supermicro,Information Technology,"Technology Hardware, Storage & Peripherals",54.62,66.44,17.25,51.88,49.1,47.03,47.13,46.56,43.93,41.28
SYF,Synchrony Financial,Financials,Consumer Finance,71.38,77.41,40.15,70.76,72.53,74.09,73.06,68.44,64.93,63.36
SNPS,Synopsys,Information Technology,Application Software,478.22,651.73,365.74,480.14,481.57,471.62,556.65,537.57,519.29,505.32
SYY,Sysco,Consumer Staples,Food Distributors,80.83,83.13,66.22,81.96,81.61,81.19,80.37,77.4,75.93,74.55
TMUS,T-Mobile US,Communication Services,Wireless Telecommunication Services,224.96,274.51,203.29,231.6,234.93,237.34,243.6,239.03,241.07,241.32
TROW,T. Rowe Price,Financials,Asset Management & Custody Banks,105.69,119.7,75.88,102.88,103.27,104.12,104.8,100.4,97.68,99.27
TTWO,Take-Two Interactive,Communication Services,Interactive Home Entertainment,256.98,261.47,146.76,257.07,254.19,251.22,238.79,236.41,232.98,219.88
TPR,"Tapestry, Inc.",Consumer Discretionary,"Apparel, Accessories & Luxury Goods",115.49,117.77,42.3,114.6,113.09,111.28,107.16,97.43,91.73,84.65
TRGP,Targa Resources,Energy,Oil & Gas Storage & Transportation,162.6,215.2,148.27,164.63,168.05,166.47,165.34,165.77,165.78,175.66
TGT,Target Corporation,Consumer Staples,Consumer Staples Merchandise Retail,88.96,155.5,85.44,89.27,88.55,89.0,95.47,96.77,96.0,105.39
TEL,TE Connectivity,Information Technology,Electronic Manufacturing Services,222.96,225.26,115.38,221.23,219.06,216.07,209.04,188.96,179.13,166.32
TDY,Teledyne Technologies,Information Technology,Electronic Equipment & Instruments,593.62,595.53,419.0,584.9,577.88,567.47,554.53,532.51,519.57,508.26
TER,Teradyne,Information Technology,Semiconductor Materials & Equipment,147.87,150.71,65.6,143.36,138.72,128.2,117.75,102.59,97.03,102.35
TSLA,"Tesla, Inc.",Consumer Discretionary,Automobile Manufacturers,453.25,488.54,212.11,444.65,439.89,419.65,366.41,346.2,330.91,335.14
TXN,Texas Instruments,Information Technology,Semiconductors,181.81,220.1,137.77,181.71,182.49,181.88,188.59,193.48,186.36,184.91
TPL,Texas Pacific Land Corporation,Energy,Oil & Gas Exploration & Production,975.4,1759.83,844.11,956.13,944.74,929.94,920.75,1016.18,1071.18,1156.68
TXT,Textron,Industrials,Aerospace & Defense,87.34,91.21,57.67,86.05,84.59,83.51,81.05,79.96,77.65,76.48
TMO,Thermo Fisher Scientific,Health Care,Life Sciences Tools & Services,543.95,609.34,385.11,525.6,495.12,487.14,483.14,448.29,443.8,477.09
TJX,TJX Companies,Consumer Discretionary,Apparel Retail,143.11,145.58,109.83,143.16,142.4,141.2,136.56,131.1,130.22,126.64
TKO,TKO Group Holdings,Communication Services,Movies & Entertainment,198.15,212.49,113.01,198.84,199.25,199.77,187.51,177.41,172.95,164.37
TTD,Trade Desk (The),Communication Services,Advertising,53.14,141.53,42.96,50.78,49.12,47.52,57.06,65.95,63.76,74.48
TSCO,Tractor Supply,Consumer Discretionary,Other Specialty Retail,54.69,63.75,46.46,55.91,56.51,57.93,59.21,56.12,54.94,54.58
TT,Trane Technologies,Industrials,Building Products,424.77,475.11,296.82,423.95,416.5,411.27,421.08,426.34,413.75,393.27
TDG,TransDigm Group,Industrials,Aerospace & Defense,1291.74,1519.36,1107.45,1296.64,1295.76,1291.57,1324.64,1357.84,1342.15,1304.0
TRV,Travelers Companies (The),Financials,Property & Casualty Insurance,282.73,286.17,220.97,280.76,278.52,277.13,271.12,267.62,265.44,258.0
TRMB,Trimble Inc.,Information Technology,Electronic Equipment & Instruments,80.81,87.5,52.91,80.56,80.79,81.0,81.79,78.53,75.22,73.67
TFC,Truist Financial,Financials,Diversified Banks,45.33,47.46,32.72,45.5,45.68,45.49,45.01,43.29,42.01,42.24
TYL,Tyler Technologies,Information Technology,Application Software,496.23,661.31,494.32,504.21,515.35,528.39,553.84,563.76,561.81,572.98
TSN,Tyson Foods,Consumer Staples,Packaged Foods & Meats,54.15,63.75,51.39,54.41,54.22,54.42,55.07,54.84,55.52,56.25
USB,U.S. Bancorp,Financials,Diversified Banks,47.72,51.66,34.43,47.98,48.33,48.62,47.13,45.68,44.36,44.4
UBER,Uber,Industrials,Passenger Ground Transportation,100.1,101.99,59.33,97.58,97.91,97.08,94.04,91.74,89.05,82.06
UDR,"UDR, Inc.",Real Estate,Multi-Family Residential REITs,36.03,45.5,35.84,36.6,36.84,37.37,38.2,39.42,39.74,40.55
ULTA,Ulta Beauty,Consumer Discretionary,Other Specialty Retail,566.91,567.98,309.01,556.79,548.94,535.49,525.17,493.71,470.74,439.27
UNP,Union Pacific Corporation,Industrials,Rail Transportation,237.41,252.32,202.16,235.97,234.16,226.0,223.31,224.49,222.59,226.94
UAL,United Airlines Holdings,Industrials,Passenger Airlines,97.07,116.0,52.0,95.38,97.81,101.87,99.37,90.37,86.3,88.73
UPS,United Parcel Service,Industrials,Air Freight & Logistics,86.62,136.36,82.0,85.38,84.6,84.5,85.69,91.9,92.17,100.45
URI,United Rentals,Industrials,Trading Companies & Distributors,987.34,997.5,523.58,972.79,957.73,951.52,927.68,836.71,793.99,752.07
UNH,UnitedHealth Group,Health Care,Managed Health Care,358.77,617.34,233.13,353.26,350.06,346.74,307.6,302.87,331.86,395.94
UHS,Universal Health Services,Health Care,Health Care Facilities,206.84,239.23,152.16,205.51,202.15,195.53,183.7,181.79,180.7,181.0
VLO,Valero Energy,Energy,Oil & Gas Refining & Marketing,163.42,178.43,97.37,165.29,168.99,165.06,151.41,143.87,137.78,133.95
VTR,Ventas,Real Estate,Health Care REITs,69.25,70.52,55.47,69.78,68.99,68.47,67.81,65.6,65.65,64.31
VLTO,Veralto,Industrials,Environmental & Facilities Services,106.1,114.5,83.69,106.47,105.7,106.3,106.56,103.61,101.4,100.66
VRSN,Verisign,Information Technology,Internet Services & Infrastructure,270.78,309.71,174.64,274.74,279.8,282.81,276.2,278.74,275.53,256.1
VRSK,Verisk Analytics,Industrials,Research & Consulting Services,245.07,321.9,239.83,248.52,246.78,250.77,262.1,284.87,286.51,286.24
VZ,Verizon,Communication Services,Integrated Telecommunication Services,41.44,45.87,36.41,43.26,43.3,43.52,43.59,42.98,42.89,41.86
VRTX,Vertex Pharmaceuticals,Health Care,Biotechnology,402.9,519.88,362.5,402.18,393.02,391.61,399.35,425.83,436.29,445.22
VTRS,Viatris,Health Care,Pharmaceuticals,10.13,13.04,6.68,10.08,9.84,9.88,9.92,9.36,9.07,9.51
VICI,Vici Properties,Real Estate,Hotel & Resort REITs,32.24,33.54,26.86,32.63,32.4,32.36,32.53,32.14,31.89,30.98
V,Visa Inc.,Financials,Transaction & Payment Processing Services,349.28,374.85,271.33,346.86,342.41,341.93,343.6,349.94,347.44,342.27
VST,Vistra Corp.,Utilities,Electric Utilities,200.41,219.82,90.3,200.5,201.56,205.06,200.61,189.22,176.59,164.75
VMC,Vulcan Materials Company,Materials,Construction Materials,304.67,309.17,214.34,304.4,301.05,298.37,291.43,278.29,272.83,265.25
WRB,W. R. Berkley Corporation,Financials,Property & Casualty Insurance,76.98,77.58,54.89,76.41,75.75,74.3,72.2,71.84,71.41,67.42
GWW,W. W. Grainger,Industrials,Industrial Machinery & Supplies & Components,958.9,1219.65,889.92,953.24,955.43,976.91,986.02,1021.47,1019.24,1023.36
WAB,Wabtec,Industrials,Construction Machinery & Heavy Transportation Equipment,201.28,215.82,151.42,199.65,197.38,193.66,192.58,199.24,195.64,193.51
WBA,Walgreens Boots Alliance,Consumer Staples,Drug Retail,11.98,,,11.98,12.03,11.93,11.67,11.39,11.33,10.81
WMT,Walmart,Consumer Staples,Consumer Staples Merchandise Retail,102.7,106.11,78.22,102.3,102.6,102.75,100.84,98.7,97.83,95.82
DIS,Walt Disney Company (The),Communication Services,Movies & Entertainment,112.75,124.69,79.76,112.96,113.17,114.3,116.0,116.72,111.65,109.7
WBD,Warner Bros. Discovery,Communication Services,Broadcasting,19.08,20.24,7.25,19.24,19.37,18.35,14.6,12.69,11.85,11.3
WM,Waste Management,Industrials,Environmental & Facilities Services,217.69,240.84,197.52,219.01,218.8,217.8,223.54,226.96,227.16,223.58
WAT,Waters Corporation,Health Care,Life Sciences Tools & Services,327.62,423.56,275.05,319.51,305.84,303.26,297.34,317.93,321.69,344.28
WEC,WEC Energy Group,Utilities,Electric Utilities,114.55,114.97,89.63,113.49,112.95,111.25,109.3,107.08,106.83,104.0
WFC,Wells Fargo,Financials,Diversified Banks,80.69,86.66,53.23,81.31,82.9,82.57,80.66,79.02,76.84,75.36
WELL,Welltower,Real Estate,Health Care REITs,174.14,180.4,120.11,176.44,174.85,171.11,167.99,160.29,157.38,150.5
WST,West Pharmaceutical Services,Health Care,Health Care Supplies,268.07,351.24,187.09,269.51,263.46,259.68,250.95,235.54,230.48,248.36
WDC,Western Digital,Information Technology,"Technology Hardware, Storage & Peripherals",125.28,137.4,28.74,127.7,118.93,110.16,90.93,75.11,68.09,59.95
WY,Weyerhaeuser,Real Estate,Timber REITs,24.96,32.6,23.71,24.95,24.73,24.78,25.28,25.59,25.54,26.75
WSM,"Williams-Sonoma, Inc.",Consumer Discretionary,Homefurnishing Retail,196.15,218.08,123.89,196.49,197.77,198.59,198.07,181.72,175.65,180.17
WMB,Williams Companies,Energy,Oil & Gas Storage & Transportation,63.58,65.55,45.91,63.83,63.47,61.19,58.93,58.79,58.45,57.34
WTW,Willis Towers Watson,Financials,Insurance Brokers,349.4,350.42,283.14,346.37,343.38,338.39,330.78,317.98,316.55,318.36
WDAY,"Workday, Inc.",Information Technology,Application Software,238.36,294.0,205.33,235.98,239.88,234.63,230.21,237.41,237.67,244.15
WYNN,Wynn Resorts,Consumer Discretionary,Casinos & Gaming,124.59,134.23,64.93,128.38,128.26,126.17,118.91,107.69,102.1,95.49
XEL,Xcel Energy,Utilities,Multi-Utilities,81.0,81.28,60.12,80.36,78.94,75.57,73.56,70.97,70.53,69.03
XYL,Xylem Inc.,Industrials,Industrial Machinery & Supplies & Components,149.9,151.16,99.87,148.83,145.71,143.39,141.95,134.94,131.0,127.37
YUM,Yum! Brands,Consumer Discretionary,Restaurants,148.78,161.72,120.38,151.2,151.2,149.39,146.71,145.93,145.71,144.17
ZBRA,Zebra Technologies,Information Technology,Electronic Equipment & Instruments,301.94,427.76,205.73,298.35,301.29,308.67,315.48,310.76,297.73,314.37
ZBH,Zimmer Biomet,Health Care,Health Care Equipment,98.83,113.87,88.77,99.23,98.77,100.04,100.52,96.8,97.14,100.6
ZTS,Zoetis,Health Care,Pharmaceuticals,145.36,194.19,138.77,146.31,144.35,145.99,149.58,154.52,154.11,157.92
