Symbol,Company,GICS_Sector,GICS_Sub_Industry,Current_Price,High_52_Week,Low_52_Week,SMA5,SMA10,SMA20,SMA50,SMA200,Score,Target_Pcnt,Target_Price,Stop_Loss
MMM,3M,Industrials,Industrial Conglomerates,156.53,159.46,122.31,156.12,154.81,153.09,151.91,142.66,0.2,2.73,160.8,145.39
AOS,A. O. Smith,Industrials,Building Products,72.42,88.84,59.04,72.54,72.42,71.68,69.37,67.8,0.2,1.91,73.8,69.56
ABT,Abbott Laboratories,Health Care,Health Care Equipment,131.46,138.95,110.09,131.9,131.45,130.88,130.77,126.21,0.2,2.27,134.44,127.32
ABBV,AbbVie,Health Care,Biotechnology,208.06,212.84,160.57,208.81,207.74,202.46,193.47,186.13,0.4,2.93,214.16,190.78
AMD,Advanced Micro Devices,Information Technology,Semiconductors,167.13,184.42,78.21,165.72,169.49,171.7,157.6,125.17,0.2,9.84,183.58,159.82
AES,AES Corporation,Utilities,Independent Power Producers & Energy Traders,13.36,19.11,9.5,13.33,13.28,13.13,12.42,11.58,0.2,1.87,13.61,12.66
ABNB,Airbnb,Consumer Discretionary,"Hotels, Resorts & Cruise Lines",129.85,161.42,105.69,128.25,126.74,126.24,132.2,131.58,0.2,3.04,133.8,118.68
ARE,Alexandria Real Estate Equities,Real Estate,Office REITs,81.72,117.87,66.61,80.26,78.48,76.79,76.61,85.57,0.2,0.44,82.08,71.49
ALLE,Allegion,Industrials,Building Products,172.0,172.24,118.08,170.56,169.41,167.49,156.72,138.98,0.2,0.43,172.74,162.24
LNT,Alliant Energy,Utilities,Electric Utilities,65.8,66.97,54.87,66.15,65.69,65.64,63.38,60.87,0.2,1.73,66.94,64.34
ALL,Allstate,Financials,Property & Casualty Insurance,203.81,213.62,178.69,204.23,206.77,206.11,199.56,196.8,0.2,4.15,212.27,199.95
GOOGL,Alphabet Inc. (Class A),Communication Services,Interactive Media & Services,207.48,208.49,144.53,205.79,204.02,200.56,188.69,177.87,0.2,1.63,210.86,190.26
GOOG,Alphabet Inc. (Class C),Communication Services,Interactive Media & Services,208.21,209.16,146.4,206.53,204.84,201.37,189.58,179.35,0.2,1.65,211.65,191.09
MO,Altria,Consumer Staples,Tobacco,66.41,67.68,46.47,67.05,66.68,65.15,61.52,56.18,0.2,3.99,69.06,61.24
AMZN,Amazon,Consumer Discretionary,Broadline Retail,229.12,242.06,167.32,227.31,228.19,224.58,223.32,212.61,0.2,3.26,236.59,212.58
AEP,American Electric Power,Utilities,Electric Utilities,112.89,114.06,87.97,113.14,112.74,112.68,107.79,101.11,0.2,1.12,114.15,111.21
AXP,American Express,Financials,Consumer Finance,322.46,328.13,230.81,317.24,312.09,305.19,309.01,293.21,0.4,0.0,322.46,287.9
AMT,American Tower,Real Estate,Telecom Tower REITs,203.27,235.15,170.7,208.69,207.23,207.8,216.16,204.14,0.6,5.22,213.88,201.73
AWK,American Water Works,Utilities,Water Utilities,144.75,150.19,118.87,145.03,144.6,143.85,141.79,136.1,0.2,1.87,147.46,140.24
AMP,Ameriprise Financial,Financials,Asset Management & Custody Banks,518.26,569.83,419.45,513.76,510.29,508.77,519.82,516.78,0.4,0.42,520.44,497.12
AME,Ametek,Industrials,Electrical Components & Equipment,186.55,196.4,151.15,185.86,184.66,184.37,181.48,179.97,0.4,0.68,187.82,180.92
AMGN,Amgen,Health Care,Biotechnology,287.97,326.46,252.22,290.62,291.27,290.01,290.91,284.11,0.2,4.19,300.04,279.98
ADI,Analog Devices,Information Technology,Semiconductors,255.5,255.63,163.85,252.95,243.95,234.52,235.96,216.73,0.2,1.46,259.23,209.81
AMAT,Applied Materials,Information Technology,Semiconductor Materials & Equipment,164.39,211.69,126.23,162.64,164.75,173.67,181.67,168.27,0.2,18.78,195.26,152.06
APTV,Aptiv,Consumer Discretionary,Automotive Parts & Equipment,79.95,79.95,47.92,78.29,76.69,72.09,70.55,63.29,0.2,3.54,82.78,61.41
ADM,Archer Daniels Midland,Consumer Staples,Agricultural Products & Services,62.71,64.21,41.01,62.76,61.12,58.77,55.77,49.94,0.2,3.33,64.8,52.74
ANET,Arista Networks,Information Technology,Communications Equipment,133.27,141.25,64.37,133.17,134.19,132.77,116.11,101.43,0.2,10.24,146.92,118.62
AJG,Arthur J. Gallagher & Co.,Financials,Insurance Brokers,298.72,348.08,274.44,301.22,299.04,293.63,305.45,312.55,0.2,2.66,306.67,280.58
T,AT&T,Communication Services,Integrated Telecommunication Services,29.06,29.44,18.77,28.91,28.94,28.43,27.96,25.68,0.2,1.89,29.61,27.25
ATO,Atmos Energy,Utilities,Gas Utilities,166.25,167.34,126.24,166.2,165.41,162.77,157.41,149.47,0.4,2.77,170.86,154.68
ADSK,Autodesk,Information Technology,Application Software,285.95,321.27,238.84,286.01,286.8,290.67,297.08,290.22,0.2,6.45,304.39,276.94
ADP,Automatic Data Processing,Industrials,Human Resource & Employment Services,303.09,325.19,264.09,304.65,304.41,303.75,304.84,301.72,0.2,2.04,309.27,298.23
AZO,AutoZone,Consumer Discretionary,Automotive Retail,4205.41,4205.41,2981.19,4152.74,4108.99,4046.92,3845.41,3570.13,0.2,1.1,4251.67,3842.18
AXON,Axon Enterprise,Industrials,Aerospace & Defense,769.68,870.97,354.62,766.39,764.68,784.34,772.16,659.45,0.2,12.77,867.97,700.69
BKR,Baker Hughes,Energy,Oil & Gas Equipment & Services,44.78,48.05,32.21,44.38,43.66,43.49,41.53,41.19,0.2,0.42,44.97,42.01
BALL,Ball Corporation,Materials,"Metal, Glass & Plastic Containers",52.31,67.18,44.77,52.88,53.1,54.0,56.31,54.17,0.2,9.1,57.07,50.93
BAC,Bank of America,Financials,Diversified Banks,50.38,50.38,34.19,49.57,48.68,47.42,47.3,44.3,0.2,0.46,50.61,44.24
BRK-B,Berkshire Hathaway,Financials,Multi-Sector Holdings,495.72,539.8,442.29,490.34,486.06,476.84,479.14,487.18,0.2,0.54,498.4,455.3
BLK,BlackRock,Financials,Asset Management & Custody Banks,1131.63,1160.16,811.42,1136.29,1136.97,1129.95,1093.4,1001.13,0.2,2.99,1165.47,1094.4
XYZ,"Block, Inc.",Financials,Transaction & Payment Processing Services,79.39,98.92,46.53,78.09,76.75,76.06,72.65,72.31,0.4,0.65,79.91,72.2
BK,BNY Mellon,Financials,Asset Management & Custody Banks,105.03,105.03,64.89,103.41,102.55,102.26,97.51,85.72,0.4,-0.18,104.84,99.68
BA,Boeing,Industrials,Aerospace & Defense,235.62,236.41,136.59,230.38,230.34,228.39,222.84,186.59,0.4,0.8,237.5,219.27
BKNG,Booking Holdings,Consumer Discretionary,"Hotels, Resorts & Cruise Lines",5615.68,5815.92,3711.15,5691.31,5615.15,5531.19,5590.34,5106.72,0.4,2.51,5756.63,5306.01
BSX,Boston Scientific,Health Care,Health Care Equipment,105.87,107.76,79.47,105.75,104.89,104.39,104.32,99.59,0.2,1.26,107.2,101.59
AVGO,Broadcom,Information Technology,Semiconductors,300.25,312.83,135.46,295.22,298.55,299.74,285.12,225.03,0.2,4.57,313.97,285.51
BR,Broadridge Financial Solutions,Industrials,Data Processing & Outsourced Services,258.15,266.89,204.4,259.03,259.98,259.64,248.53,237.0,0.2,5.28,271.78,247.5
BG,Bunge Global,Consumer Staples,Agricultural Products & Services,84.67,97.93,67.23,85.65,83.28,82.06,79.51,77.45,0.4,2.95,87.17,76.95
BXP,"BXP, Inc.",Real Estate,Office REITs,71.05,86.01,56.05,69.2,67.51,66.16,68.06,68.78,0.2,-0.73,70.53,61.79
CHRW,C.H. Robinson,Industrials,Air Freight & Logistics,128.06,128.06,86.41,125.87,124.0,120.44,106.71,100.92,0.2,0.56,128.78,112.11
CDNS,Cadence Design Systems,Information Technology,Application Software,346.88,371.03,231.64,346.66,348.07,352.3,331.52,299.48,0.2,5.15,364.74,339.87
CZR,Caesars Entertainment,Consumer Discretionary,Casinos & Gaming,26.97,45.55,23.18,26.32,25.86,25.45,27.76,30.68,0.2,0.78,27.18,23.71
COF,Capital One,Financials,Consumer Finance,224.55,224.92,134.82,220.76,218.52,214.76,213.52,191.8,0.4,0.49,225.65,203.87
KMX,CarMax,Consumer Discretionary,Automotive Retail,62.07,89.19,54.66,59.91,59.11,57.6,62.07,72.63,0.4,-1.03,61.43,53.77
CCL,Carnival,Consumer Discretionary,"Hotels, Resorts & Cruise Lines",32.34,32.34,15.67,31.21,30.48,29.91,28.89,24.55,0.4,-1.08,31.99,27.83
CARR,Carrier Global,Industrials,Building Products,67.59,81.67,55.21,66.57,66.43,66.45,71.35,68.83,0.2,0.95,68.23,64.66
CAT,Caterpillar Inc.,Industrials,Construction Machinery & Heavy Transportation Equipment,432.67,438.02,271.63,429.96,422.44,422.77,408.55,364.73,0.4,2.16,442.02,403.51
CBRE,CBRE Group,Real Estate,Real Estate Services,163.04,164.98,113.55,162.99,161.11,158.41,148.15,135.75,0.2,1.36,165.26,151.56
CF,CF Industries,Materials,Fertilizers & Agricultural Chemicals,86.35,101.88,67.67,86.4,85.66,86.39,91.01,85.31,0.4,8.12,93.36,79.43
CVX,Chevron Corporation,Energy,Integrated Oil & Gas,159.24,164.65,130.67,157.71,155.56,153.53,150.44,147.32,0.6,-0.01,159.22,147.83
CINF,Cincinnati Financial,Financials,Property & Casualty Insurance,154.01,157.35,125.84,153.85,153.03,151.75,149.31,144.17,0.2,1.6,156.47,147.04
CTAS,Cintas,Industrials,Diversified Support Services,213.2,227.2,181.05,213.95,215.46,219.42,219.33,209.78,0.4,7.05,228.23,210.59
CSCO,Cisco,Information Technology,Communications Equipment,68.44,71.79,47.21,67.66,67.46,68.46,68.16,61.84,0.2,4.72,71.67,65.24
C,Citigroup,Financials,Diversified Banks,96.87,96.87,55.59,95.09,94.57,93.63,89.91,76.25,0.2,0.01,96.88,90.37
CFG,Citizens Financial Group,Financials,Regional Banks,51.9,51.9,33.59,50.63,49.64,48.51,47.09,43.24,0.4,-0.69,51.54,45.49
CME,CME Group,Financials,Financial Exchanges & Data,270.12,289.38,199.44,271.19,272.11,276.6,275.83,255.84,0.2,6.43,287.49,265.7
KO,Coca-Cola Company (The),Consumer Staples,Soft Drinks & Non-alcoholic Beverages,68.83,73.38,59.94,69.46,69.67,69.68,69.75,67.49,0.2,3.63,71.33,68.03
CTSH,Cognizant,Information Technology,IT Consulting & Other Services,72.31,89.65,65.92,71.92,70.98,70.41,74.28,77.46,0.2,0.61,72.75,68.06
ED,Consolidated Edison,Utilities,Multi-Utilities,100.07,111.42,85.77,100.58,100.91,102.2,100.83,99.05,0.2,5.16,105.23,99.17
CTVA,Corteva,Materials,Fertilizers & Agricultural Chemicals,75.03,77.12,54.68,73.78,73.02,72.33,73.37,64.95,0.4,-0.79,74.44,70.23
CRWD,CrowdStrike,Information Technology,Systems Software,422.61,514.1,246.39,418.73,421.05,430.19,462.96,407.91,0.2,7.76,455.4,404.97
CCI,Crown Castle,Real Estate,Telecom Tower REITs,100.15,115.16,82.06,102.22,101.97,103.39,103.94,97.7,0.4,7.26,107.42,99.35
CMI,Cummins,Industrials,Construction Machinery & Heavy Transportation Equipment,401.4,404.74,264.26,398.09,398.5,388.57,357.89,340.9,0.2,4.2,418.26,358.91
CVS,CVS Health,Health Care,Health Care Services,71.93,71.93,42.33,71.48,70.47,67.15,65.42,60.37,0.2,3.49,74.44,59.87
DRI,Darden Restaurants,Consumer Discretionary,Restaurants,206.26,224.21,150.91,206.52,206.68,205.42,209.63,194.65,0.4,1.49,209.33,201.5
DDOG,Datadog,Information Technology,Application Software,131.73,168.65,87.0,129.36,128.51,131.17,136.4,127.52,0.2,5.95,139.57,122.77
DVN,Devon Energy,Energy,Oil & Gas Exploration & Production,35.56,43.73,26.61,35.12,34.41,33.58,33.35,33.65,0.2,0.59,35.77,31.39
DXCM,Dexcom,Health Care,Health Care Equipment,76.38,90.75,59.83,78.27,79.56,78.85,82.45,79.86,0.4,8.98,83.24,74.46
DLR,Digital Realty,Real Estate,Data Center REITs,169.73,191.46,135.17,166.87,166.44,168.77,172.18,167.24,0.4,3.03,174.87,162.66
DLTR,Dollar Tree,Consumer Staples,Consumer Staples Merchandise Retail,112.86,117.16,61.21,112.51,112.86,114.08,109.3,83.95,0.2,3.84,117.19,110.97
DPZ,Domino's,Consumer Discretionary,Restaurants,452.55,495.6,397.58,452.46,450.24,450.29,457.93,455.88,0.4,3.12,466.67,433.91
DHI,D. R. Horton,Consumer Discretionary,Homebuilding,167.5,194.88,114.44,167.48,166.35,160.3,144.61,137.15,0.2,4.61,175.22,145.38
DUK,Duke Energy,Utilities,Electric Utilities,123.68,124.85,102.96,123.71,123.39,123.41,119.39,114.26,0.2,1.56,125.61,121.21
DD,DuPont,Materials,Specialty Chemicals,77.83,88.16,54.8,76.79,75.21,73.27,72.87,73.57,0.2,0.51,78.23,68.31
EMN,Eastman Chemical Company,Materials,Specialty Chemicals,68.83,110.6,58.79,68.21,67.21,65.03,72.5,84.57,0.2,4.87,72.18,57.87
EBAY,eBay Inc.,Consumer Discretionary,Broadline Retail,93.67,100.77,56.78,96.99,98.22,96.08,84.81,71.11,0.2,9.6,102.66,89.5
ECL,Ecolab,Materials,Specialty Chemicals,280.38,285.47,225.1,280.95,281.48,275.58,270.71,254.69,0.4,3.68,290.7,260.47
EW,Edwards Lifesciences,Health Care,Health Care Equipment,80.9,81.83,64.54,81.2,80.11,79.34,77.94,73.89,0.2,1.56,82.16,76.51
EA,Electronic Arts,Communication Services,Interactive Home Entertainment,172.6,179.01,116.21,172.11,172.54,169.08,159.61,148.59,0.2,6.35,183.56,154.59
ETR,Entergy,Utilities,Electric Utilities,89.55,91.02,57.82,89.37,89.28,89.64,85.83,81.08,0.2,1.66,91.04,88.24
EQT,EQT Corporation,Energy,Oil & Gas Exploration & Production,51.35,60.26,31.49,51.98,51.72,51.74,54.44,50.96,0.4,3.52,53.16,50.31
EQIX,Equinix,Real Estate,Data Center REITs,790.56,968.75,731.64,782.68,777.07,775.71,787.84,857.17,0.2,-0.21,788.9,762.53
ESS,Essex Property Trust,Real Estate,Multi-Family Residential REITs,267.62,308.41,252.08,265.47,262.38,259.18,274.34,282.07,0.2,0.2,268.16,250.19
ES,Eversource Energy,Utilities,Electric Utilities,64.8,66.62,53.58,64.85,65.12,65.47,65.02,60.74,0.2,3.38,66.99,63.95
EXE,Expand Energy,Energy,Oil & Gas Exploration & Production,95.3,120.67,68.08,95.26,94.65,96.57,103.25,102.4,0.2,7.04,102.01,91.13
EXPE,Expedia Group,Consumer Discretionary,"Hotels, Resorts & Cruise Lines",212.21,214.81,129.25,211.87,209.44,199.65,186.23,177.65,0.4,5.6,224.09,175.2
EXPD,Expeditors International,Industrials,Air Freight & Logistics,122.33,129.72,102.14,120.54,120.31,119.05,116.61,114.5,0.2,0.78,123.28,114.82
EXR,Extra Space Storage,Real Estate,Self-Storage REITs,141.57,177.29,125.24,140.82,139.37,138.29,144.67,147.66,0.2,0.62,142.45,134.12
XOM,ExxonMobil,Energy,Integrated Oil & Gas,112.75,121.0,98.11,111.3,109.2,107.84,109.36,108.09,0.4,0.0,112.75,102.93
FFIV,"F5, Inc.",Information Technology,Communications Equipment,317.74,326.47,198.85,316.09,316.18,317.65,304.96,279.06,0.2,2.59,325.97,309.34
FAST,Fastenal,Industrials,Trading Companies & Distributors,50.2,50.39,31.39,49.99,49.61,48.31,45.63,40.25,0.4,2.81,51.61,45.01
FRT,Federal Realty Investment Trust,Real Estate,Retail REITs,100.29,113.73,82.59,98.79,96.84,94.59,94.5,99.13,0.2,0.14,100.43,88.75
FITB,Fifth Third Bancorp,Financials,Regional Banks,45.51,47.14,33.02,44.51,43.69,42.63,42.3,40.99,0.4,-0.37,45.34,39.93
FSLR,First Solar,Information Technology,Semiconductors,191.23,255.75,120.38,196.33,199.84,191.72,176.82,165.4,0.2,11.98,214.14,169.3
FE,FirstEnergy,Utilities,Electric Utilities,43.77,43.95,37.17,43.65,43.52,43.37,41.41,40.16,0.2,0.89,44.16,42.57
F,Ford Motor Company,Consumer Discretionary,Automobile Manufacturers,11.91,11.91,8.45,11.73,11.6,11.33,11.17,10.07,0.4,0.92,12.02,10.64
FOXA,Fox Corporation (Class A),Communication Services,Broadcasting,59.52,59.89,38.72,59.36,58.98,57.24,56.38,52.43,0.4,3.26,61.46,53.02
FOX,Fox Corporation (Class B),Communication Services,Broadcasting,54.4,54.64,35.86,54.28,53.94,52.28,51.68,48.74,0.4,3.36,56.23,48.34
FCX,Freeport-McMoRan,Materials,Copper,43.87,51.16,28.93,43.38,42.61,41.78,43.05,39.72,0.2,1.19,44.39,39.18
GRMN,Garmin,Consumer Discretionary,Consumer Electronics,235.53,239.99,159.72,233.27,233.0,230.56,222.32,210.9,0.2,1.96,240.15,220.97
GNRC,Generac,Industrials,Electrical Components & Equipment,186.99,202.85,101.92,190.96,193.94,195.17,166.28,148.9,0.2,8.5,202.88,187.46
GD,General Dynamics,Industrials,Aerospace & Defense,325.46,325.46,239.38,320.73,318.07,315.89,304.56,275.96,0.4,-0.75,323.02,308.76
GM,General Motors,Consumer Discretionary,Automobile Manufacturers,58.75,59.72,42.35,58.14,57.35,55.37,53.01,50.43,0.2,1.75,59.78,50.96
GPC,Genuine Parts Company,Consumer Discretionary,Distributors,139.85,140.16,104.68,138.74,138.21,135.49,129.43,121.72,0.4,1.76,142.31,128.68
GL,Globe Life,Financials,Life & Health Insurance,140.49,143.27,100.46,140.09,138.63,139.15,129.92,121.03,0.2,1.31,142.33,135.96
GS,Goldman Sachs,Financials,Investment Banking & Brokerage,749.67,749.67,459.93,739.05,734.62,729.97,710.53,613.38,0.4,0.58,754.02,705.9
HIG,Hartford (The),Financials,Property & Casualty Insurance,133.07,134.02,105.42,133.15,132.32,129.84,126.12,119.63,0.4,2.2,136.0,123.69
HAS,Hasbro,Consumer Discretionary,Leisure Products,81.56,81.85,49.75,81.1,80.56,78.53,75.93,63.87,0.4,2.1,83.27,73.78
HCA,HCA Healthcare,Health Care,Health Care Facilities,405.05,412.92,295.46,403.8,401.49,386.88,375.87,344.03,0.4,4.18,421.98,351.8
HSY,Hershey Company (The),Consumer Staples,Packaged Foods & Meats,181.66,196.72,141.22,181.31,180.42,181.85,175.87,166.72,0.2,4.6,190.02,173.69
HPE,Hewlett Packard Enterprise,Information Technology,"Technology Hardware, Storage & Peripherals",22.73,24.05,12.42,22.41,21.85,21.19,20.51,19.29,0.4,1.06,22.97,19.41
HLT,Hilton Worldwide,Consumer Discretionary,"Hotels, Resorts & Cruise Lines",276.4,278.65,201.16,274.5,272.14,267.98,267.58,250.25,0.2,1.0,279.16,256.79
HON,Honeywell,Industrials,Industrial Conglomerates,221.25,239.16,180.99,220.93,218.86,218.23,225.52,217.47,0.6,0.79,223.0,213.47
HST,Host Hotels & Resorts,Real Estate,Hotel & Resort REITs,17.37,18.25,12.54,16.85,16.41,15.97,16.01,15.8,0.4,-1.09,17.18,14.77
HUBB,Hubbell Incorporated,Industrials,Industrial Machinery & Supplies & Components,446.06,467.52,314.89,438.91,435.49,431.48,422.84,400.16,0.2,0.45,448.07,414.9
HBAN,Huntington Bancshares,Financials,Regional Banks,17.8,17.8,12.37,17.32,17.01,16.61,16.7,15.94,0.4,-0.79,17.66,15.56
HII,Huntington Ingalls Industries,Industrials,Aerospace & Defense,276.39,278.86,157.56,271.06,268.91,268.86,257.54,214.41,0.4,-0.18,275.89,261.82
IBM,IBM,Information Technology,IT Consulting & Other Services,244.84,292.8,192.54,241.68,240.85,243.0,265.73,245.24,0.2,3.29,252.9,233.11
IDXX,Idexx Laboratories,Health Care,Health Care Equipment,640.86,682.78,361.04,640.51,642.17,635.85,576.53,477.51,0.2,10.37,707.32,564.39
ITW,Illinois Tool Works,Industrials,Industrial Machinery & Supplies & Components,266.83,273.51,217.09,266.04,263.65,260.52,256.44,252.69,0.4,1.25,270.17,250.88
INCY,Incyte,Health Care,Biotechnology,84.84,86.92,55.17,85.03,85.48,82.1,74.47,69.63,0.2,6.26,90.15,74.05
PODD,Insulet Corporation,Health Care,Health Care Equipment,334.35,334.35,180.69,330.76,327.44,311.38,302.66,281.56,0.4,4.23,348.49,274.26
INTC,Intel,Information Technology,Semiconductors,24.85,27.39,18.13,24.41,24.3,22.33,22.33,21.72,0.4,6.88,26.56,18.1
ICE,Intercontinental Exchange,Financials,Financial Exchanges & Data,177.3,188.45,142.02,179.02,179.65,182.72,182.1,167.98,0.4,7.17,190.01,175.42
INTU,Intuit,Information Technology,Application Software,663.17,807.39,542.39,668.02,688.49,721.08,750.23,663.15,0.2,21.52,805.88,636.27
IVZ,Invesco,Financials,Asset Management & Custody Banks,22.05,22.05,11.86,21.56,21.29,21.0,18.91,16.59,0.2,-0.36,21.97,20.03
INVH,Invitation Homes,Real Estate,Single-Family Residential REITs,31.13,36.03,29.76,30.89,30.62,30.44,31.67,32.28,0.2,0.1,31.16,29.72
J,Jacobs Solutions,Industrials,Construction & Engineering,148.36,151.85,109.18,147.82,147.49,146.49,139.32,130.64,0.2,2.88,152.63,140.33
JNJ,Johnson & Johnson,Health Care,Pharmaceuticals,176.79,177.98,138.72,177.2,176.38,173.08,163.73,154.3,0.2,2.4,181.03,165.14
JCI,Johnson Controls,Industrials,Building Products,109.27,111.73,66.66,107.23,106.09,105.82,106.03,89.9,0.4,-0.67,108.54,103.1
JPM,JPMorgan Chase,Financials,Diversified Banks,299.28,299.63,199.83,296.09,293.95,292.54,289.73,258.31,0.4,-0.13,298.89,286.19
KEY,KeyCorp,Financials,Regional Banks,19.39,19.39,13.06,18.97,18.57,18.15,17.96,16.81,0.4,-0.41,19.31,16.98
KEYS,Keysight Technologies,Information Technology,Electronic Equipment & Instruments,165.02,185.11,127.02,164.44,163.65,163.39,163.74,160.93,0.2,2.45,169.06,157.72
KMI,Kinder Morgan,Energy,Oil & Gas Storage & Transportation,26.83,30.24,19.94,26.69,26.62,26.97,27.39,26.97,0.4,4.99,28.17,25.77
KKR,KKR & Co.,Financials,Asset Management & Custody Banks,140.47,166.38,92.52,139.77,140.54,142.34,139.89,134.91,0.2,5.42,148.08,136.59
KLAC,KLA Corporation,Information Technology,Semiconductor Materials & Equipment,888.89,953.34,573.9,879.84,886.35,895.94,902.23,751.68,0.2,6.32,945.07,846.83
KR,Kroger,Consumer Staples,Food Retail,67.98,73.97,50.47,69.62,69.9,71.0,70.8,65.54,0.2,9.56,74.48,67.52
LHX,L3Harris,Industrials,Aerospace & Defense,276.76,278.26,192.63,276.49,274.44,274.24,265.02,231.31,0.2,1.3,280.36,268.13
LH,Labcorp,Health Care,Health Care Services,279.3,279.3,210.19,277.72,275.46,269.98,262.13,244.89,0.4,1.39,283.18,256.78
LRCX,Lam Research,Information Technology,Semiconductor Materials & Equipment,103.67,107.38,58.94,101.41,101.23,100.47,98.89,82.22,0.2,3.52,107.32,93.63
LVS,Las Vegas Sands,Consumer Discretionary,Casinos & Gaming,56.7,56.7,30.35,55.53,54.55,53.68,49.9,45.02,0.4,-0.48,56.43,50.93
LDOS,Leidos,Industrials,Diversified Support Services,183.39,199.72,126.1,181.91,180.26,175.94,165.97,151.75,0.2,3.82,190.4,161.47
LII,Lennox International,Industrials,Building Products,567.0,674.16,506.5,573.55,586.12,591.75,596.93,595.61,0.2,9.35,620.01,563.52
LIN,Linde plc,Materials,Industrial Gases,482.71,482.71,410.23,480.97,480.34,474.64,470.11,453.63,0.2,1.16,488.31,460.98
LYV,Live Nation Entertainment,Communication Services,Movies & Entertainment,165.57,166.62,92.78,165.24,163.57,157.68,152.43,139.81,0.4,3.36,171.13,144.23
L,Loews Corporation,Financials,Multi-line Insurance,96.37,96.7,76.27,96.12,95.81,94.45,92.26,87.41,0.4,1.73,98.04,90.85
LULU,Lululemon Athletica,Consumer Discretionary,"Apparel, Accessories & Luxury Goods",205.57,421.16,186.44,203.26,200.94,197.58,217.0,304.46,0.2,1.23,208.1,187.06
LYB,LyondellBasell,Materials,Specialty Chemicals,56.28,90.95,47.21,56.3,54.4,52.33,57.03,63.91,0.2,4.19,58.64,46.02
MTB,M&T Bank,Financials,Regional Banks,202.02,217.42,155.42,198.45,195.05,191.38,193.46,187.98,0.6,-0.2,201.62,181.16
MPC,Marathon Petroleum,Energy,Oil & Gas Refining & Marketing,177.89,181.25,117.23,171.88,167.33,165.05,169.19,151.75,0.6,-1.23,175.7,154.4
MAR,Marriott International,Consumer Discretionary,"Hotels, Resorts & Cruise Lines",269.67,302.22,210.04,268.44,266.72,263.72,268.89,266.07,0.2,1.25,273.04,254.42
MMC,Marsh McLennan,Financials,Insurance Brokers,206.37,243.22,197.78,208.29,208.54,205.5,209.42,220.21,0.2,3.51,213.61,197.38
MA,Mastercard,Financials,Transaction & Payment Processing Services,590.66,598.96,465.96,593.27,589.42,579.34,565.84,547.69,0.2,1.95,602.18,556.49
MTCH,Match Group,Communication Services,Interactive Media & Services,37.44,38.74,26.87,37.2,37.56,36.58,34.0,31.84,0.2,6.04,39.7,33.47
MCD,McDonald's,Consumer Discretionary,Restaurants,311.43,319.48,276.57,313.02,311.57,307.69,300.22,299.92,0.4,1.75,316.88,298.5
MCK,McKesson Corporation,Health Care,Health Care Distributors,683.51,735.33,477.52,687.68,683.63,683.98,704.22,657.87,0.2,4.82,716.46,651.49
MGM,MGM Resorts,Consumer Discretionary,Casinos & Gaming,39.77,41.99,25.79,38.14,37.21,36.25,36.45,34.24,0.4,-1.79,39.06,33.45
MCHP,Microchip Technology,Information Technology,Semiconductors,66.65,79.81,34.83,67.52,66.41,65.64,69.03,58.81,0.2,4.41,69.59,61.68
MAA,Mid-America Apartment Communities,Real Estate,Multi-Family Residential REITs,144.42,167.59,138.38,142.62,141.89,141.15,145.85,152.53,0.2,-0.17,144.17,138.13
MOH,Molina Healthcare,Health Care,Managed Health Care,176.12,360.77,152.31,174.67,171.71,164.0,205.12,281.63,0.2,2.86,181.16,146.84
MDLZ,Mondelez International,Consumer Staples,Packaged Foods & Meats,61.76,73.6,55.34,62.42,62.33,62.46,65.93,63.65,0.4,3.93,64.19,60.73
MPWR,Monolithic Power Systems,Information Technology,Semiconductors,866.32,937.7,454.23,843.91,841.62,822.72,764.49,655.73,0.4,2.85,891.01,754.45
MS,Morgan Stanley,Financials,Investment Banking & Brokerage,149.38,149.38,93.79,147.61,146.42,144.59,141.47,128.44,0.2,0.88,150.69,138.5
MOS,Mosaic Company (The),Materials,Fertilizers & Agricultural Chemicals,33.49,37.81,22.62,33.02,32.66,32.98,35.02,29.55,0.2,7.17,35.89,30.07
NFLX,Netflix,Communication Services,Movies & Entertainment,1223.5,1339.13,665.77,1215.7,1222.11,1203.83,1229.94,1049.98,0.2,2.88,1258.74,1148.87
NEM,Newmont,Materials,Gold,72.39,72.43,36.61,71.36,70.0,68.48,63.25,50.22,0.2,1.8,73.69,63.27
NWSA,News Corp (Class A),Communication Services,Publishing,29.66,30.5,23.97,29.95,29.8,29.45,29.4,28.25,0.4,2.63,30.44,28.45
NWS,News Corp (Class B),Communication Services,Publishing,34.11,35.17,26.94,34.55,34.42,33.93,33.87,32.1,0.4,2.96,35.12,32.74
NEE,NextEra Energy,Utilities,Multi-Utilities,73.89,83.49,63.6,75.29,75.25,73.39,73.13,70.97,0.2,5.13,77.68,69.11
NKE,"Nike, Inc.",Consumer Discretionary,"Apparel, Accessories & Luxury Goods",78.06,87.95,52.92,78.09,77.44,76.15,73.25,69.91,0.4,1.65,79.35,72.96
NDSN,Nordson Corporation,Industrials,Industrial Machinery & Supplies & Components,225.67,261.43,166.9,224.98,220.07,216.64,217.08,213.57,0.4,1.01,227.95,205.34
NTRS,Northern Trust,Financials,Asset Management & Custody Banks,131.57,132.06,83.86,130.28,128.82,127.67,126.13,108.49,0.2,0.19,131.82,123.53
NOC,Northrop Grumman,Industrials,Aerospace & Defense,586.61,597.21,429.46,591.2,588.73,586.55,546.85,497.66,0.2,1.69,596.52,576.6
NCLH,Norwegian Cruise Line Holdings,Consumer Discretionary,"Hotels, Resorts & Cruise Lines",24.88,29.07,15.5,24.54,24.42,24.53,22.87,22.57,0.2,2.81,25.58,23.49
NRG,NRG Energy,Utilities,Independent Power Producers & Energy Traders,148.12,173.91,75.33,146.02,147.95,153.89,154.13,119.69,0.2,15.76,171.46,136.32
NUE,Nucor,Materials,Steel,150.33,165.5,102.79,147.8,146.28,143.06,139.24,128.97,0.6,0.6,151.23,134.89
NXPI,NXP Semiconductors,Information Technology,Semiconductors,237.67,252.0,152.79,234.18,232.13,222.01,222.5,210.09,0.4,3.38,245.7,198.3
ORLY,O’Reilly Automotive,Consumer Discretionary,Automotive Retail,104.05,104.44,73.94,102.98,102.64,102.34,96.35,89.61,0.2,1.25,105.35,99.32
ON,ON Semiconductor,Information Technology,Semiconductors,51.25,77.87,31.95,50.77,50.63,50.3,54.14,52.25,0.4,8.55,55.63,44.97
PCAR,Paccar,Industrials,Construction Machinery & Heavy Transportation Equipment,101.44,113.98,85.82,100.25,99.52,98.5,97.05,100.09,0.2,0.36,101.81,95.19
PANW,Palo Alto Networks,Information Technology,Systems Software,187.61,208.28,152.44,185.12,181.84,176.67,189.76,187.4,0.6,1.03,189.54,163.79
PSKY,Paramount Skydance Corporation,Communication Services,Movies & Entertainment,14.81,16.03,9.8,15.73,14.77,13.34,13.0,11.63,0.4,15.33,17.08,9.59
PH,Parker Hannifin,Industrials,Industrial Machinery & Supplies & Components,768.1,768.1,515.78,753.07,746.4,736.85,717.88,665.72,0.4,0.58,772.55,701.17
PAYC,Paycom,Industrials,Human Resource & Employment Services,227.89,265.28,153.91,228.62,225.47,225.29,228.53,224.41,0.4,3.51,235.89,214.7
PNR,Pentair,Industrials,Industrial Machinery & Supplies & Components,109.34,109.34,75.76,107.9,106.88,105.17,104.1,98.19,0.4,1.06,110.5,99.84
PFE,Pfizer,Health Care,Pharmaceuticals,25.07,28.21,20.83,25.35,25.28,24.75,24.51,24.2,0.4,4.35,26.16,23.33
PM,Philip Morris International,Consumer Staples,Tobacco,164.19,183.57,115.19,168.9,168.42,167.42,172.58,152.62,0.4,5.82,173.75,161.1
PSX,Phillips 66,Energy,Oil & Gas Refining & Marketing,132.62,135.19,91.09,129.28,125.77,122.6,123.6,118.2,0.4,-0.9,131.43,113.78
PNW,Pinnacle West Capital,Utilities,Multi-Utilities,90.43,93.78,79.36,90.58,91.08,91.64,90.37,88.87,0.2,3.82,93.88,89.4
PNC,PNC Financial Services,Financials,Diversified Banks,206.04,209.23,146.94,201.18,197.17,193.23,191.46,183.89,0.4,-0.89,204.21,182.25
PTC,PTC Inc.,Information Technology,Application Software,216.53,216.53,136.74,214.09,211.34,210.75,196.03,178.84,0.2,1.19,219.11,202.4
PHM,PulteGroup,Consumer Discretionary,Homebuilding,131.03,148.13,91.82,130.43,129.45,125.03,115.94,110.61,0.4,3.87,136.1,113.95
QCOM,Qualcomm,Information Technology,Semiconductors,159.77,175.11,123.92,157.5,157.4,153.04,155.69,154.89,0.2,2.2,163.28,142.8
DGX,Quest Diagnostics,Health Care,Health Care Services,179.76,184.4,144.81,180.55,180.71,177.57,174.84,166.85,0.4,3.57,186.18,168.97
RTX,RTX Corporation,Industrials,Aerospace & Defense,159.84,159.84,112.45,157.65,156.25,155.8,151.13,131.49,0.4,-0.51,159.02,152.59
O,Realty Income,Real Estate,Retail REITs,58.55,61.73,49.83,58.68,58.65,57.9,57.36,55.09,0.2,2.2,59.84,55.96
RF,Regions Financial Corporation,Financials,Regional Banks,27.41,27.41,18.13,26.73,26.26,25.67,24.95,23.19,0.4,-0.69,27.22,24.12
RSG,Republic Services,Industrials,Environmental & Facilities Services,234.9,257.46,196.49,234.24,233.99,233.76,239.32,230.72,0.2,1.01,237.27,230.25
RMD,ResMed,Health Care,Health Care Equipment,281.96,293.73,203.67,287.0,286.58,284.4,269.37,243.56,0.2,4.2,293.8,274.99
ROK,Rockwell Automation,Industrials,Electrical Components & Equipment,349.2,357.15,217.21,349.11,345.87,342.55,341.25,294.05,0.4,2.52,358.0,327.1
RCL,Royal Caribbean Group,Consumer Discretionary,"Hotels, Resorts & Cruise Lines",359.07,359.07,154.84,345.5,333.97,322.67,323.0,255.91,0.4,-1.24,354.62,290.72
SPGI,S&P Global,Financials,Financial Exchanges & Data,549.87,563.17,436.73,552.02,553.85,555.39,535.65,511.03,0.2,2.8,565.27,545.48
STX,Seagate Technology,Information Technology,"Technology Hardware, Storage & Peripherals",167.24,167.24,66.19,162.06,159.55,156.19,149.3,108.66,0.6,-0.52,166.37,146.02
SRE,Sempra,Utilities,Multi-Utilities,82.26,92.47,63.23,81.95,81.89,81.88,78.56,78.45,0.2,1.11,83.17,80.58
SOLV,Solventum,Health Care,Health Care Technology,72.89,84.04,60.05,72.82,72.46,72.48,73.68,72.2,0.4,1.76,74.17,70.79
LUV,Southwest Airlines,Industrials,Passenger Airlines,33.19,37.7,23.9,32.59,31.92,30.96,32.8,31.46,0.6,0.72,33.43,28.5
STT,State Street Corporation,Financials,Asset Management & Custody Banks,114.88,115.82,74.79,114.69,113.24,111.85,109.02,96.99,0.4,0.86,115.87,107.83
STLD,Steel Dynamics,Materials,Steel,132.7,152.49,106.43,131.23,128.96,126.45,129.15,128.07,0.2,0.97,133.99,118.91
STE,Steris,Health Care,Health Care Equipment,248.98,251.96,201.46,249.08,247.88,240.86,235.62,225.37,0.4,4.44,260.03,221.69
SYK,Stryker Corporation,Health Care,Health Care Equipment,393.15,403.53,336.65,391.48,388.13,383.76,388.14,378.77,0.4,1.07,397.36,370.16
SYF,Synchrony Financial,Financials,Consumer Finance,75.76,75.76,43.38,73.91,72.88,71.31,69.44,62.13,0.2,-0.03,75.74,66.88
SYY,Sysco,Consumer Staples,Food Distributors,80.3,82.19,67.53,79.85,79.97,80.16,78.3,74.3,0.2,1.83,81.77,78.55
TTWO,Take-Two Interactive,Communication Services,Interactive Home Entertainment,232.03,243.05,147.66,230.32,230.65,228.21,232.77,211.4,0.4,2.34,237.46,218.97
TEL,TE Connectivity,Information Technology,Electronic Manufacturing Services,207.57,209.34,121.47,204.98,204.32,203.43,188.72,158.19,0.2,0.37,208.34,198.54
TXN,Texas Instruments,Information Technology,Semiconductors,205.47,219.66,143.34,204.84,200.35,193.13,200.4,186.36,0.4,2.34,210.28,175.99
TXT,Textron,Industrials,Aerospace & Defense,81.89,91.11,60.7,81.01,80.23,79.13,80.57,76.7,0.6,0.45,82.26,76.0
TJX,TJX Companies,Consumer Discretionary,Apparel Retail,137.23,138.27,110.73,136.69,135.5,132.74,127.42,124.09,0.4,2.19,140.24,125.23
TKO,TKO Group Holdings,Communication Services,Movies & Entertainment,185.65,191.28,113.12,184.99,185.79,177.88,174.75,156.12,0.2,7.95,200.41,155.36
TSCO,Tractor Supply,Consumer Discretionary,Other Specialty Retail,62.38,62.38,47.62,61.55,61.12,60.05,57.37,54.14,0.4,0.79,62.87,57.22
TT,Trane Technologies,Industrials,Building Products,424.19,472.54,314.52,423.28,425.23,428.97,435.26,393.4,0.2,3.67,439.76,418.21
TDG,TransDigm Group,Industrials,Aerospace & Defense,1395.04,1620.83,1225.77,1399.99,1399.07,1433.81,1495.45,1380.12,0.2,12.99,1576.26,1291.37
TRV,Travelers Companies (The),Financials,Property & Casualty Insurance,272.21,276.29,219.08,273.33,270.9,267.55,263.62,255.96,0.2,1.78,277.06,258.06
TRMB,Trimble Inc.,Information Technology,Electronic Equipment & Instruments,82.18,85.24,54.15,81.58,81.79,82.62,80.46,72.6,0.2,3.53,85.08,80.17
TFC,Truist Financial,Financials,Diversified Banks,46.78,46.78,33.92,45.77,45.11,44.1,43.67,42.12,0.6,-0.09,46.74,41.47
USB,U.S. Bancorp,Financials,Diversified Banks,48.76,51.9,36.0,47.99,47.14,45.98,45.85,44.98,0.6,0.45,48.98,42.99
UBER,Uber,Industrials,Passenger Ground Transportation,95.33,97.48,59.93,95.61,94.51,92.11,91.57,78.41,0.2,2.72,97.92,86.29
ULTA,Ulta Beauty,Consumer Discretionary,Other Specialty Retail,533.81,533.81,314.47,526.78,523.12,517.36,497.36,419.54,0.2,0.55,536.75,497.98
UAL,United Airlines Holdings,Industrials,Passenger Airlines,104.21,110.52,41.33,102.17,101.53,95.83,88.96,87.59,0.4,4.95,109.37,82.29
URI,United Rentals,Industrials,Trading Companies & Distributors,949.34,949.34,549.5,930.52,921.45,898.56,833.26,736.07,0.4,1.35,962.16,834.96
VLO,Valero Energy,Energy,Oil & Gas Refining & Marketing,150.77,153.55,102.97,146.1,141.84,138.07,140.39,130.01,0.4,-1.35,148.73,127.4
VTR,Ventas,Real Estate,Health Care REITs,67.87,69.55,56.07,68.02,67.97,68.11,65.84,63.8,0.2,2.06,69.27,66.95
VLTO,Veralto,Industrials,Environmental & Facilities Services,107.37,113.22,85.23,107.85,107.79,107.47,104.01,100.63,0.2,2.37,109.91,105.03
VRSN,Verisign,Information Technology,Internet Services & Infrastructure,272.37,305.1,175.69,270.11,269.32,268.67,278.18,243.41,0.4,0.73,274.36,262.98
VICI,Vici Properties,Real Estate,Hotel & Resort REITs,33.75,33.93,27.46,33.41,32.98,33.03,32.95,31.07,0.2,0.47,33.91,32.15
V,Visa Inc.,Financials,Transaction & Payment Processing Services,350.35,372.65,266.34,348.82,346.32,342.33,347.39,337.69,0.4,0.73,352.91,331.76
VST,Vistra Corp.,Utilities,Electric Utilities,194.6,214.06,73.19,192.11,194.56,200.47,194.82,158.0,0.2,10.36,214.76,186.17
VMC,Vulcan Materials Company,Materials,Construction Materials,291.15,295.15,219.65,290.67,290.7,287.0,273.73,263.29,0.2,2.65,298.87,275.14
WRB,W. R. Berkley Corporation,Financials,Property & Casualty Insurance,71.67,74.57,55.33,71.7,71.55,70.84,70.51,65.72,0.2,1.59,72.81,68.87
WAB,Wabtec,Industrials,Construction Machinery & Heavy Transportation Equipment,195.32,214.1,159.81,194.22,192.66,191.29,200.64,194.28,0.6,0.75,196.78,185.81
WBA,Walgreens Boots Alliance,Consumer Staples,Drug Retail,11.98,12.93,8.01,12.03,12.04,11.92,11.66,10.8,0.2,2.17,12.24,11.59
WMT,Walmart,Consumer Staples,Consumer Staples Merchandise Retail,96.08,104.27,75.3,96.6,98.82,100.0,97.82,94.12,0.2,9.48,105.19,94.8
DIS,Walt Disney Company (The),Communication Services,Movies & Entertainment,118.09,124.01,81.37,117.7,117.01,116.34,119.0,109.16,0.4,2.02,120.48,112.22
WBD,Warner Bros. Discovery,Communication Services,Broadcasting,12.15,13.7,6.94,11.93,11.82,11.97,11.92,10.44,0.6,8.89,13.23,10.71
WM,Waste Management,Industrials,Environmental & Facilities Services,225.83,241.26,199.11,226.35,226.74,229.28,228.91,224.34,0.2,4.57,236.15,222.42
WFC,Wells Fargo,Financials,Diversified Banks,82.5,83.83,50.45,80.23,79.08,78.47,79.49,74.03,0.6,-1.1,81.59,75.35
WELL,Welltower,Real Estate,Health Care REITs,167.75,168.94,117.06,165.97,164.66,165.65,159.53,145.41,0.2,1.32,169.96,161.33
WDC,Western Digital,Information Technology,"Technology Hardware, Storage & Peripherals",80.67,80.67,30.48,78.25,77.03,76.43,69.84,52.89,0.4,-0.77,80.05,72.8
WSM,"Williams-Sonoma, Inc.",Consumer Discretionary,Homefurnishing Retail,192.17,215.83,126.49,197.74,200.1,199.85,182.1,175.54,0.2,9.82,211.04,188.65
WMB,Williams Companies,Energy,Oil & Gas Storage & Transportation,57.49,62.87,42.67,57.26,57.14,57.95,58.65,57.11,0.2,4.64,60.16,55.74
WYNN,Wynn Resorts,Consumer Discretionary,Casinos & Gaming,123.2,123.2,65.78,117.17,113.87,111.08,106.27,90.81,0.4,-2.53,120.08,102.09
XYL,Xylem Inc.,Industrials,Industrial Machinery & Supplies & Components,144.62,144.62,102.53,142.92,142.18,142.79,135.18,125.11,0.2,0.41,145.21,140.36
YUM,Yum! Brands,Consumer Discretionary,Restaurants,145.33,161.74,122.07,147.03,148.08,145.51,146.26,142.97,0.2,4.59,152.0,139.01
