Symbol,Company,GICS_Sector,GICS_Sub_Industry,Current_Price,52_Week_High,52_Week_Low,SMA_5,SMA_10,SMA_20,SMA_50,SMA_100,SMA_125,SMA_200
MMM,3M,Industrials,Industrial Conglomerates,156.53,163.4,120.83,156.12,154.81,153.09,151.91,146.36,146.66,142.66
AOS,A. O. Smith,Industrials,Building Products,72.42,90.29,58.25,72.54,72.42,71.68,69.37,67.29,67.04,67.8
ABT,Abbott Laboratories,Health Care,Health Care Equipment,131.46,139.95,109.57,131.9,131.45,130.88,130.77,130.75,130.66,126.21
ABBV,AbbVie,Health Care,Biotechnology,208.06,214.8,159.42,208.81,207.74,202.46,193.47,188.27,191.76,186.13
ACN,Accenture,Information Technology,IT Consulting & Other Services,257.12,394.41,236.67,256.36,253.5,250.7,274.15,288.93,294.98,319.45
ADBE,Adobe Inc.,Information Technology,Application Software,356.35,587.75,330.04,358.0,356.51,349.81,364.87,375.52,382.04,413.85
AMD,Advanced Micro Devices,Information Technology,Semiconductors,167.13,186.65,76.48,165.72,169.49,171.7,157.6,131.07,125.43,125.17
AES,AES Corporation,Utilities,Independent Power Producers & Energy Traders,13.36,19.17,9.28,13.33,13.28,13.13,12.42,11.43,11.5,11.58
AFL,Aflac,Financials,Life & Health Insurance,107.41,113.54,96.14,107.92,106.85,103.97,102.87,103.4,104.25,104.27
A,Agilent Technologies,Health Care,Life Sciences Tools & Services,118.69,153.19,96.23,118.98,119.04,117.1,117.8,113.53,114.9,123.66
APD,Air Products,Materials,Industrial Gases,294.59,336.92,242.14,295.11,292.89,290.61,289.09,279.54,282.57,292.56
ABNB,Airbnb,Consumer Discretionary,"Hotels, Resorts & Cruise Lines",129.85,163.93,99.88,128.25,126.74,126.24,132.2,129.15,128.95,131.58
AKAM,Akamai Technologies,Information Technology,Internet Services & Infrastructure,78.27,106.8,67.51,77.14,76.22,74.99,77.51,77.37,78.22,84.34
ALB,Albemarle Corporation,Materials,Specialty Chemicals,87.68,112.1,49.11,82.16,81.62,77.1,72.5,65.17,66.94,76.2
ARE,Alexandria Real Estate Equities,Real Estate,Office REITs,81.72,118.73,66.16,80.26,78.48,76.79,76.61,74.45,78.47,85.57
ALGN,Align Technology,Health Care,Health Care Supplies,141.98,262.87,127.7,143.79,143.66,140.81,172.75,174.54,173.03,190.13
ALLE,Allegion,Industrials,Building Products,172.0,172.67,116.14,170.56,169.41,167.49,156.72,146.26,142.53,138.98
LNT,Alliant Energy,Utilities,Electric Utilities,65.8,67.11,54.71,66.15,65.69,65.64,63.38,61.93,62.03,60.87
ALL,Allstate,Financials,Property & Casualty Insurance,203.81,214.76,174.74,204.23,206.77,206.11,199.56,199.21,200.0,196.8
GOOGL,Alphabet Inc. (Class A),Communication Services,Interactive Media & Services,207.48,210.52,140.36,205.79,204.02,200.56,188.69,175.63,173.32,177.87
GOOG,Alphabet Inc. (Class C),Communication Services,Interactive Media & Services,208.21,211.09,142.49,206.53,204.84,201.37,189.58,176.91,174.74,179.35
MO,Altria,Consumer Staples,Tobacco,66.41,68.6,46.28,67.05,66.68,65.15,61.52,59.61,58.92,56.18
AMZN,Amazon,Consumer Discretionary,Broadline Retail,229.12,242.52,161.38,227.31,228.19,224.58,223.32,209.39,207.09,212.61
AMCR,Amcor,Materials,Paper & Plastic Packaging Products & Materials,8.51,11.04,8.25,8.57,8.59,9.07,9.32,9.22,9.32,9.45
AEE,Ameren,Utilities,Multi-Utilities,100.91,103.59,78.91,101.19,101.17,101.52,98.76,97.64,97.82,95.37
AEP,American Electric Power,Utilities,Electric Utilities,112.89,115.08,87.57,113.14,112.74,112.68,107.79,105.29,104.99,101.11
AXP,American Express,Financials,Consumer Finance,322.46,329.14,219.87,317.24,312.09,305.19,309.01,293.2,288.52,293.21
AIG,American International Group,Financials,Multi-line Insurance,82.21,87.61,68.55,82.71,81.81,80.01,81.43,81.89,82.06,78.92
AMT,American Tower,Real Estate,Telecom Tower REITs,203.27,235.86,169.77,208.69,207.23,207.8,216.16,214.69,213.6,204.14
AWK,American Water Works,Utilities,Water Utilities,144.75,153.69,116.64,145.03,144.6,143.85,141.79,142.0,141.85,136.1
AMP,Ameriprise Financial,Financials,Asset Management & Custody Banks,518.26,576.69,393.57,513.76,510.29,508.77,519.82,504.02,501.53,516.78
AME,Ametek,Industrials,Electrical Components & Equipment,186.55,197.35,144.77,185.86,184.66,184.37,181.48,176.14,176.34,179.97
AMGN,Amgen,Health Care,Biotechnology,287.97,330.26,247.06,290.62,291.27,290.01,290.91,284.68,289.35,284.11
APH,Amphenol,Information Technology,Electronic Components,110.13,112.35,56.35,109.59,109.76,109.22,103.43,91.76,86.37,80.57
ADI,Analog Devices,Information Technology,Semiconductors,255.5,257.72,157.93,252.95,243.95,234.52,235.96,219.93,217.95,216.73
AON,Aon plc,Financials,Insurance Brokers,368.37,411.24,322.37,371.74,370.43,366.63,359.91,360.24,367.42,369.2
APA,APA Corporation,Energy,Oil & Gas Exploration & Production,22.59,28.02,13.18,21.87,21.13,20.22,19.51,18.06,18.32,19.63
APO,Apollo Global Management,Financials,Asset Management & Custody Banks,135.72,187.59,101.84,134.44,136.31,139.28,142.26,136.58,136.77,147.24
AAPL,Apple Inc.,Information Technology,"Technology Hardware, Storage & Peripherals",230.49,259.18,168.8,227.92,229.14,222.94,213.92,207.45,210.4,220.61
AMAT,Applied Materials,Information Technology,Semiconductor Materials & Equipment,164.39,213.48,123.04,162.64,164.75,173.67,181.67,168.41,164.74,168.27
APTV,Aptiv,Consumer Discretionary,Automotive Parts & Equipment,79.95,81.09,47.19,78.29,76.69,72.09,70.55,65.82,65.22,63.29
ACGL,Arch Capital Group,Financials,Property & Casualty Insurance,91.71,110.75,82.49,92.29,91.86,90.25,89.53,90.95,91.42,92.25
ADM,Archer Daniels Midland,Consumer Staples,Agricultural Products & Services,62.71,64.38,40.22,62.76,61.12,58.77,55.77,51.48,50.49,49.94
ANET,Arista Networks,Information Technology,Communications Equipment,133.27,141.99,59.43,133.17,134.19,132.77,116.11,100.87,97.18,101.43
AJG,Arthur J. Gallagher & Co.,Financials,Insurance Brokers,298.72,350.53,272.64,301.22,299.04,293.63,305.45,317.72,320.94,312.55
AIZ,Assurant,Financials,Multi-line Insurance,216.14,227.97,174.28,215.0,213.87,206.7,197.3,196.17,198.42,203.42
T,AT&T,Communication Services,Integrated Telecommunication Services,29.06,29.65,18.72,28.91,28.94,28.43,27.96,27.54,27.35,25.68
ATO,Atmos Energy,Utilities,Gas Utilities,166.25,167.99,125.29,166.2,165.41,162.77,157.41,155.82,154.45,149.47
ADSK,Autodesk,Information Technology,Application Software,285.95,326.62,232.67,286.01,286.8,290.67,297.08,289.37,284.09,290.22
ADP,Automatic Data Processing,Industrials,Human Resource & Employment Services,303.09,328.29,262.35,304.65,304.41,303.75,304.84,305.38,304.31,301.72
AZO,AutoZone,Consumer Discretionary,Automotive Retail,4205.41,4207.18,2898.57,4152.74,4108.99,4046.92,3845.41,3768.72,3743.06,3570.13
AVB,AvalonBay Communities,Real Estate,Multi-Family Residential REITs,194.12,233.48,178.86,192.49,191.27,188.85,196.9,199.54,201.91,208.06
AVY,Avery Dennison,Materials,Paper & Plastic Packaging Products & Materials,173.26,221.17,156.18,175.33,175.24,172.79,176.18,175.17,175.86,181.16
AXON,Axon Enterprise,Industrials,Aerospace & Defense,769.68,885.92,346.71,766.39,764.68,784.34,772.16,720.17,684.73,659.45
BKR,Baker Hughes,Energy,Oil & Gas Equipment & Services,44.78,48.6,31.55,44.38,43.66,43.49,41.53,39.26,39.98,41.19
BALL,Ball Corporation,Materials,"Metal, Glass & Plastic Containers",52.31,67.39,43.35,52.88,53.1,54.0,56.31,53.84,53.4,54.17
BAC,Bank of America,Financials,Diversified Banks,50.38,50.62,32.88,49.57,48.68,47.42,47.3,44.26,43.71,44.3
BAX,Baxter International,Health Care,Health Care Equipment,24.53,39.87,21.33,24.4,24.28,23.66,27.1,28.57,29.68,30.29
BDX,Becton Dickinson,Health Care,Health Care Equipment,195.4,249.34,162.35,196.08,196.36,190.55,181.99,182.08,190.79,204.49
BBY,Best Buy,Consumer Discretionary,Computer & Electronics Retail,75.45,99.71,54.24,74.24,73.28,70.53,69.52,68.17,69.24,75.05
TECH,Bio-Techne,Health Care,Life Sciences Tools & Services,56.22,80.52,45.87,56.16,55.05,53.85,53.33,51.48,53.25,60.41
BIIB,Biogen,Health Care,Biotechnology,136.36,206.7,110.04,137.57,137.52,134.0,131.05,127.47,130.16,137.71
BLK,BlackRock,Financials,Asset Management & Custody Banks,1131.63,1171.89,769.66,1136.29,1136.97,1129.95,1093.4,1012.38,998.1,1001.13
BX,Blackstone Inc.,Financials,Asset Management & Custody Banks,171.64,196.67,114.16,169.3,169.38,169.98,162.72,148.91,147.91,157.59
XYZ,"Block, Inc.",Financials,Transaction & Payment Processing Services,79.39,99.26,44.27,78.09,76.75,76.06,72.65,64.89,63.63,72.31
BK,BNY Mellon,Financials,Asset Management & Custody Banks,105.03,105.51,64.5,103.41,102.55,102.26,97.51,90.49,88.99,85.72
BA,Boeing,Industrials,Aerospace & Defense,235.62,242.69,128.88,230.38,230.34,228.39,222.84,205.4,197.61,186.59
BKNG,Booking Holdings,Consumer Discretionary,"Hotels, Resorts & Cruise Lines",5615.68,5839.41,3680.94,5691.31,5615.15,5531.19,5590.34,5334.54,5193.78,5106.72
BSX,Boston Scientific,Health Care,Health Care Equipment,105.87,108.94,78.9,105.75,104.89,104.39,104.32,102.56,102.09,99.59
BMY,Bristol Myers Squibb,Health Care,Pharmaceuticals,47.63,61.84,42.96,47.67,47.94,46.73,46.9,47.59,49.8,52.04
AVGO,Broadcom,Information Technology,Semiconductors,300.25,317.35,133.38,295.22,298.55,299.74,285.12,248.51,235.61,225.03
BR,Broadridge Financial Solutions,Industrials,Data Processing & Outsourced Services,258.15,271.91,203.77,259.03,259.98,259.64,248.53,242.35,240.93,237.0
BRO,Brown & Brown,Financials,Insurance Brokers,96.1,125.31,90.24,96.39,96.1,94.55,101.28,106.6,109.29,108.42
BLDR,Builders FirstSource,Industrials,Building Products,141.76,203.14,102.6,140.8,138.65,135.49,129.27,122.08,123.55,138.03
BG,Bunge Global,Consumer Staples,Agricultural Products & Services,84.67,98.35,65.6,85.65,83.28,82.06,79.51,78.18,77.22,77.45
BXP,"BXP, Inc.",Real Estate,Office REITs,71.05,86.38,53.45,69.2,67.51,66.16,68.06,66.61,66.45,68.78
CHRW,C.H. Robinson,Industrials,Air Freight & Logistics,128.06,128.46,84.13,125.87,124.0,120.44,106.71,99.71,99.59,100.92
CDNS,Cadence Design Systems,Information Technology,Application Software,346.88,376.45,221.56,346.66,348.07,352.3,331.52,311.34,299.44,299.48
CZR,Caesars Entertainment,Consumer Discretionary,Casinos & Gaming,26.97,45.93,21.4,26.32,25.86,25.45,27.76,27.43,27.52,30.68
CPT,Camden Property Trust,Real Estate,Multi-Family Residential REITs,110.56,124.31,101.41,109.22,108.14,107.29,111.13,112.6,113.93,114.46
CPB,Campbell's Company (The),Consumer Staples,Packaged Foods & Meats,32.09,50.77,29.39,32.46,32.46,32.43,31.8,33.47,34.5,36.63
COF,Capital One,Financials,Consumer Finance,224.55,231.82,129.97,220.76,218.52,214.76,213.52,198.36,193.75,191.8
CAH,Cardinal Health,Health Care,Health Care Distributors,149.24,168.44,104.89,148.49,149.4,152.08,157.95,151.78,147.48,137.93
KMX,CarMax,Consumer Discretionary,Automotive Retail,62.07,91.25,54.53,59.91,59.11,57.6,62.07,64.33,66.55,72.63
CCL,Carnival,Consumer Discretionary,"Hotels, Resorts & Cruise Lines",32.34,32.4,15.07,31.21,30.48,29.91,28.89,24.87,24.01,24.55
CARR,Carrier Global,Industrials,Building Products,67.59,82.31,53.89,66.57,66.43,66.45,71.35,69.25,68.41,68.83
CAT,Caterpillar Inc.,Industrials,Construction Machinery & Heavy Transportation Equipment,432.67,441.15,265.05,429.96,422.44,422.77,408.55,367.04,360.38,364.73
CBOE,Cboe Global Markets,Financials,Financial Exchanges & Data,237.95,255.27,186.22,245.09,246.08,247.33,239.69,230.32,227.5,217.75
CBRE,CBRE Group,Real Estate,Real Estate Services,163.04,165.41,108.45,162.99,161.11,158.41,148.15,136.3,135.27,135.75
CDW,CDW Corporation,Information Technology,Technology Distributors,165.23,228.16,136.33,165.06,165.24,165.44,172.8,170.65,169.73,174.58
COR,Cencora,Health Care,Health Care Distributors,290.56,308.18,216.84,292.88,294.03,290.68,292.73,289.51,284.36,267.91
CNC,Centene Corporation,Health Care,Managed Health Care,28.84,80.59,25.08,28.96,28.79,27.33,33.73,46.5,49.1,53.29
CNP,CenterPoint Energy,Utilities,Multi-Utilities,37.73,39.16,25.67,37.84,37.91,38.23,37.15,37.01,36.59,34.69
CF,CF Industries,Materials,Fertilizers & Agricultural Chemicals,86.35,103.84,66.56,86.4,85.66,86.39,91.01,86.96,84.88,85.31
CRL,Charles River Laboratories,Health Care,Life Sciences Tools & Services,162.8,230.02,91.86,161.4,159.45,158.6,158.4,144.14,148.13,160.58
SCHW,Charles Schwab Corporation,Financials,Investment Banking & Brokerage,96.87,99.42,60.38,96.39,96.33,96.51,94.07,88.4,86.04,83.16
CHTR,Charter Communications,Communication Services,Cable & Satellite,269.15,437.06,254.67,270.96,268.63,265.82,335.54,358.54,360.22,362.42
CVX,Chevron Corporation,Energy,Integrated Oil & Gas,159.24,165.09,129.01,157.71,155.56,153.53,150.44,143.34,145.95,147.32
CMG,Chipotle Mexican Grill,Consumer Discretionary,Restaurants,42.65,66.74,41.18,42.89,43.14,42.85,48.92,49.62,49.8,53.31
CB,Chubb Limited,Financials,Property & Casualty Insurance,273.05,305.88,250.52,275.19,275.23,272.36,276.23,281.36,283.41,279.62
CHD,Church & Dwight,Consumer Staples,Household Products,93.03,115.72,90.22,93.63,93.47,92.79,95.05,96.51,98.95,101.51
CI,Cigna,Health Care,Health Care Services,299.95,365.71,256.89,301.27,299.85,286.3,300.06,310.48,311.98,306.43
CINF,Cincinnati Financial,Financials,Property & Casualty Insurance,154.01,158.92,122.28,153.85,153.03,151.75,149.31,145.47,145.05,144.17
CTAS,Cintas,Industrials,Diversified Support Services,213.2,228.77,179.74,213.95,215.46,219.42,219.33,216.7,213.21,209.78
CSCO,Cisco,Information Technology,Communications Equipment,68.44,72.55,46.57,67.66,67.46,68.46,68.16,64.11,63.44,61.84
C,Citigroup,Financials,Diversified Banks,96.87,97.45,54.51,95.09,94.57,93.63,89.91,80.07,78.08,76.25
CFG,Citizens Financial Group,Financials,Regional Banks,51.9,52.03,31.96,50.63,49.64,48.51,47.09,42.67,42.26,43.24
CLX,Clorox,Consumer Staples,Household Products,118.97,166.9,116.17,119.24,120.15,121.63,123.0,128.1,131.46,140.94
CME,CME Group,Financials,Financial Exchanges & Data,270.12,289.46,198.17,271.19,272.11,276.6,275.83,273.48,270.65,255.84
CMS,CMS Energy,Utilities,Multi-Utilities,72.21,75.33,62.54,72.48,72.54,73.01,71.23,70.92,71.19,69.38
KO,Coca-Cola Company (The),Consumer Staples,Soft Drinks & Non-alcoholic Beverages,68.83,73.85,59.75,69.46,69.67,69.68,69.75,70.36,70.23,67.49
CTSH,Cognizant,Information Technology,IT Consulting & Other Services,72.31,89.77,64.98,71.92,70.98,70.41,74.28,75.15,75.9,77.46
COIN,Coinbase,Financials,Financial Exchanges & Data,308.97,444.65,142.58,308.72,311.32,315.8,346.22,283.33,265.19,272.09
CL,Colgate-Palmolive,Consumer Staples,Household Products,84.45,106.9,82.4,84.97,85.08,84.71,87.05,89.01,89.45,89.42
CMCSA,Comcast,Communication Services,Cable & Satellite,33.81,44.12,31.03,33.85,33.62,32.95,34.07,34.09,34.4,35.63
CAG,Conagra Brands,Consumer Staples,Packaged Foods & Meats,19.16,31.36,18.18,19.21,19.22,19.11,19.47,21.3,22.1,23.37
COP,ConocoPhillips,Energy,Oil & Gas Exploration & Production,97.9,112.56,78.56,96.94,95.68,94.34,93.33,90.55,91.81,94.99
ED,Consolidated Edison,Utilities,Multi-Utilities,100.07,112.97,85.07,100.58,100.91,102.2,100.83,103.05,103.33,99.05
STZ,Constellation Brands,Consumer Staples,Distillers & Vintners,160.5,255.51,156.17,163.02,165.13,167.37,167.5,174.2,175.16,186.32
CEG,Constellation Energy,Utilities,Electric Utilities,315.94,356.57,160.94,313.18,316.78,327.95,321.71,290.22,275.3,272.11
COO,Cooper Companies (The),Health Care,Health Care Supplies,74.11,112.38,65.0,73.9,73.73,72.26,72.36,74.94,76.65,83.79
CPRT,Copart,Industrials,Diversified Support Services,48.61,64.38,45.05,48.46,47.9,47.15,47.35,52.32,52.75,54.94
GLW,Corning Inc.,Information Technology,Electronic Components,67.25,67.76,37.1,66.42,65.79,65.04,58.09,52.01,50.91,50.12
CPAY,Corpay,Financials,Transaction & Payment Processing Services,325.24,400.81,269.02,324.36,321.33,317.33,325.03,325.23,329.51,343.13
CTVA,Corteva,Materials,Fertilizers & Agricultural Chemicals,75.03,77.41,53.27,73.78,73.02,72.33,73.37,69.38,67.75,64.95
CSGP,CoStar Group,Real Estate,Real Estate Services,89.45,97.43,68.26,89.78,89.19,91.49,87.53,82.47,81.65,79.25
COST,Costco,Consumer Staples,Consumer Staples Merchandise Retail,949.52,1075.34,862.73,952.13,966.29,966.93,966.77,981.0,974.43,972.9
CTRA,Coterra,Energy,Oil & Gas Exploration & Production,24.14,29.29,21.55,23.83,23.68,23.76,24.38,24.51,25.06,25.42
CRWD,CrowdStrike,Information Technology,Systems Software,422.61,517.98,242.25,418.73,421.05,430.19,462.96,445.09,428.09,407.91
CCI,Crown Castle,Real Estate,Telecom Tower REITs,100.15,115.8,81.93,102.22,101.97,103.39,103.94,101.95,101.35,97.7
CSX,CSX Corporation,Industrials,Rail Transportation,32.54,37.25,26.11,33.64,34.94,35.24,34.32,31.98,31.58,32.2
CMI,Cummins,Industrials,Construction Machinery & Heavy Transportation Equipment,401.4,406.31,257.24,398.09,398.5,388.57,357.89,331.42,330.27,340.9
CVS,CVS Health,Health Care,Health Care Services,71.93,72.3,42.12,71.48,70.47,67.15,65.42,64.84,64.9,60.37
DHR,Danaher Corporation,Health Care,Life Sciences Tools & Services,205.0,278.43,170.73,206.94,208.84,204.4,201.0,196.75,198.92,209.94
DRI,Darden Restaurants,Consumer Discretionary,Restaurants,206.26,226.68,149.33,206.52,206.68,205.42,209.63,206.7,204.32,194.65
DDOG,Datadog,Information Technology,Application Software,131.73,170.08,81.63,129.36,128.51,131.17,136.4,122.16,118.84,127.52
DVA,DaVita,Health Care,Health Care Services,137.56,179.6,126.07,138.3,136.86,135.42,139.56,140.5,141.99,148.71
DAY,Dayforce,Industrials,Human Resource & Employment Services,69.55,82.69,48.01,69.36,65.26,59.31,58.0,57.65,57.58,63.33
DECK,Deckers Brands,Consumer Discretionary,Footwear,116.73,223.98,93.72,111.45,107.92,105.99,104.98,108.63,111.13,140.55
DE,Deere & Company,Industrials,Agricultural & Farm Machinery,493.08,532.1,369.26,490.3,489.24,499.5,506.39,495.64,490.99,473.23
DELL,Dell Technologies,Information Technology,"Technology Hardware, Storage & Peripherals",132.5,145.54,65.56,130.63,133.21,133.58,128.31,113.79,109.78,112.64
DAL,Delta Air Lines,Industrials,Passenger Airlines,61.26,69.36,34.52,60.47,60.22,57.23,54.25,49.88,49.51,54.7
DVN,Devon Energy,Energy,Oil & Gas Exploration & Production,35.56,44.6,25.71,35.12,34.41,33.58,33.35,32.26,32.85,33.65
DXCM,Dexcom,Health Care,Health Care Equipment,76.38,93.25,57.52,78.27,79.56,78.85,82.45,80.32,78.93,79.86
FANG,Diamondback Energy,Energy,Oil & Gas Exploration & Production,147.06,195.31,112.4,143.51,141.49,141.79,141.89,138.59,140.91,149.89
DLR,Digital Realty,Real Estate,Data Center REITs,169.73,193.72,129.05,166.87,166.44,168.77,172.18,166.88,163.09,167.24
DG,Dollar General,Consumer Staples,Consumer Staples Merchandise Retail,111.2,122.16,65.67,111.79,112.63,112.62,111.92,104.32,99.59,89.89
DLTR,Dollar Tree,Consumer Staples,Consumer Staples Merchandise Retail,112.86,118.06,60.49,112.51,112.86,114.08,109.3,97.06,91.4,83.95
D,Dominion Energy,Utilities,Multi-Utilities,60.34,62.46,47.5,60.7,60.9,60.98,58.54,56.35,55.94,55.25
DPZ,Domino's,Consumer Discretionary,Restaurants,452.55,497.15,390.2,452.46,450.24,450.29,457.93,464.44,463.11,455.88
DASH,DoorDash,Consumer Discretionary,Specialized Consumer Services,245.65,278.15,122.32,246.44,247.32,252.4,244.1,220.07,213.66,201.39
DOV,Dover Corporation,Industrials,Industrial Machinery & Supplies & Components,182.71,221.09,142.63,181.18,179.75,178.24,182.39,177.57,178.31,185.37
DOW,Dow Inc.,Materials,Commodity Chemicals,24.74,52.49,20.4,24.64,24.08,22.97,25.86,27.21,28.82,32.75
DHI,D. R. Horton,Consumer Discretionary,Homebuilding,167.5,197.64,109.8,167.48,166.35,160.3,144.61,133.29,132.23,137.15
DTE,DTE Energy,Utilities,Multi-Utilities,138.41,142.05,112.71,139.01,139.15,139.49,136.25,134.91,134.59,129.19
DUK,Duke Energy,Utilities,Electric Utilities,123.68,126.75,102.41,123.71,123.39,123.41,119.39,117.92,117.66,114.26
DD,DuPont,Materials,Specialty Chemicals,77.83,88.67,53.45,76.79,75.21,73.27,72.87,69.06,70.45,73.57
EMN,Eastman Chemical Company,Materials,Specialty Chemicals,68.83,111.31,56.78,68.21,67.21,65.03,72.5,75.22,78.21,84.57
ETN,Eaton Corporation,Industrials,Electrical Components & Equipment,351.4,399.56,231.05,348.43,349.7,358.31,360.6,332.09,322.55,328.92
EBAY,eBay Inc.,Consumer Discretionary,Broadline Retail,93.67,101.15,55.62,96.99,98.22,96.08,84.81,77.42,75.17,71.11
ECL,Ecolab,Materials,Specialty Chemicals,280.38,286.04,221.08,280.95,281.48,275.58,270.71,261.24,260.21,254.69
EIX,Edison International,Utilities,Electric Utilities,55.38,85.03,46.98,54.84,55.37,55.03,52.57,53.51,53.91,59.04
EW,Edwards Lifesciences,Health Care,Health Care Equipment,80.9,83.0,64.01,81.2,80.11,79.34,77.94,76.21,75.14,73.89
EA,Electronic Arts,Communication Services,Interactive Home Entertainment,172.6,180.9,114.9,172.11,172.54,169.08,159.61,153.1,150.52,148.59
ELV,Elevance Health,Health Care,Managed Health Care,309.81,558.44,273.71,312.0,309.63,296.84,320.9,361.96,373.39,378.87
EMR,Emerson Electric,Industrials,Electrical Components & Equipment,133.45,149.68,89.31,132.61,132.29,134.37,136.74,124.18,121.71,123.02
ENPH,Enphase Energy,Information Technology,Semiconductor Materials & Equipment,37.56,130.08,29.89,37.3,36.13,34.17,37.03,41.9,45.6,53.68
ETR,Entergy,Utilities,Electric Utilities,89.55,91.79,57.35,89.37,89.28,89.64,85.83,83.79,83.64,81.08
EOG,EOG Resources,Energy,Oil & Gas Exploration & Production,122.88,135.49,100.76,121.05,119.74,118.6,119.62,115.35,116.85,120.65
EPAM,EPAM Systems,Information Technology,IT Consulting & Other Services,173.55,269.0,138.15,171.54,167.33,160.86,167.23,166.97,170.13,196.98
EQT,EQT Corporation,Energy,Oil & Gas Exploration & Production,51.35,60.83,31.05,51.98,51.72,51.74,54.44,53.64,53.09,50.96
EFX,Equifax,Industrials,Research & Consulting Services,245.98,308.07,199.6,248.96,248.45,245.22,251.8,253.09,250.92,253.34
EQIX,Equinix,Real Estate,Data Center REITs,790.56,977.63,693.42,782.68,777.07,775.71,787.84,815.38,820.21,857.17
EQR,Equity Residential,Real Estate,Multi-Family Residential REITs,65.14,76.06,58.81,64.79,64.37,63.76,65.81,66.94,67.51,68.5
ERIE,Erie Indemnity,Financials,Insurance Brokers,350.79,539.84,331.01,358.08,361.2,359.66,353.66,362.25,374.26,385.64
ESS,Essex Property Trust,Real Estate,Multi-Family Residential REITs,267.62,310.81,241.65,265.47,262.38,259.18,274.34,275.37,279.77,282.07
EL,Estée Lauder Companies (The),Consumer Staples,Personal Care Products,92.61,101.93,48.12,90.01,89.77,90.68,87.41,74.55,73.16,73.11
EG,Everest Group,Financials,Reinsurance,343.34,400.59,318.14,343.08,339.76,335.03,335.7,339.71,343.01,347.65
EVRG,Evergy,Utilities,Electric Utilities,72.06,73.29,55.96,71.93,71.76,71.81,69.6,67.74,67.39,65.24
ES,Eversource Energy,Utilities,Electric Utilities,64.8,67.15,51.64,64.85,65.12,65.47,65.02,62.97,62.41,60.74
EXC,Exelon,Utilities,Electric Utilities,44.39,47.26,34.98,44.6,44.59,44.65,43.58,43.86,43.77,41.71
EXE,Expand Energy,Energy,Oil & Gas Exploration & Production,95.3,121.47,66.93,95.26,94.65,96.57,103.25,105.65,105.12,102.4
EXPE,Expedia Group,Consumer Discretionary,"Hotels, Resorts & Cruise Lines",212.21,216.6,125.89,211.87,209.44,199.65,186.23,173.71,173.54,177.65
EXPD,Expeditors International,Industrials,Air Freight & Logistics,122.33,129.91,99.78,120.54,120.31,119.05,116.61,113.64,114.43,114.5
EXR,Extra Space Storage,Real Estate,Self-Storage REITs,141.57,178.97,119.72,140.82,139.37,138.29,144.67,144.16,144.64,147.66
XOM,ExxonMobil,Energy,Integrated Oil & Gas,112.75,121.93,96.01,111.3,109.2,107.84,109.36,106.72,107.6,108.09
FFIV,"F5, Inc.",Information Technology,Communications Equipment,317.74,334.0,197.34,316.09,316.18,317.65,304.96,289.57,285.76,279.06
FDS,FactSet,Financials,Financial Exchanges & Data,380.22,496.49,365.76,380.29,377.89,382.12,413.04,425.14,428.33,444.63
FICO,Fair Isaac,Information Technology,Application Software,1419.37,2402.52,1300.0,1408.2,1378.15,1365.84,1550.5,1718.79,1742.56,1856.28
FAST,Fastenal,Industrials,Trading Companies & Distributors,50.2,50.63,30.87,49.99,49.61,48.31,45.63,42.91,41.87,40.25
FRT,Federal Realty Investment Trust,Real Estate,Retail REITs,100.29,114.28,79.72,98.79,96.84,94.59,94.5,93.84,94.37,99.13
FDX,FedEx,Industrials,Air Freight & Logistics,232.21,303.39,193.05,231.68,230.48,227.5,229.99,222.73,226.72,243.98
FIS,Fidelity National Information Services,Financials,Transaction & Payment Processing Services,69.75,90.63,66.18,70.43,70.34,71.89,77.16,77.13,76.1,77.51
FITB,Fifth Third Bancorp,Financials,Regional Banks,45.51,47.75,31.96,44.51,43.69,42.63,42.3,39.49,39.37,40.99
FSLR,First Solar,Information Technology,Semiconductors,191.23,262.72,116.56,196.33,199.84,191.72,176.82,162.46,156.21,165.4
FE,FirstEnergy,Utilities,Electric Utilities,43.77,44.4,36.81,43.65,43.52,43.37,41.41,41.16,40.64,40.16
FI,Fiserv,Financials,Transaction & Payment Processing Services,137.98,238.59,128.22,138.56,138.02,136.19,152.44,166.83,177.52,191.4
F,Ford Motor Company,Consumer Discretionary,Automobile Manufacturers,11.91,11.98,8.21,11.73,11.6,11.33,11.17,10.54,10.35,10.07
FTNT,Fortinet,Information Technology,Systems Software,78.13,114.82,70.12,78.24,78.6,82.83,95.5,98.19,98.4,98.59
FTV,Fortive,Industrials,Industrial Machinery & Supplies & Components,48.57,62.65,45.45,48.53,48.26,47.9,50.41,51.27,52.29,54.67
FOXA,Fox Corporation (Class A),Communication Services,Broadcasting,59.52,60.24,38.53,59.36,58.98,57.24,56.38,54.23,54.25,52.43
FOX,Fox Corporation (Class B),Communication Services,Broadcasting,54.4,55.15,35.71,54.28,53.94,52.28,51.68,49.89,50.0,48.74
BEN,Franklin Resources,Financials,Asset Management & Custody Banks,25.64,26.08,16.03,25.24,25.16,25.1,24.5,22.24,21.62,21.05
FCX,Freeport-McMoRan,Materials,Copper,43.87,51.85,27.45,43.38,42.61,41.78,43.05,40.11,39.69,39.72
GRMN,Garmin,Consumer Discretionary,Consumer Electronics,235.53,244.52,159.09,233.27,233.0,230.56,222.32,209.24,210.13,210.9
IT,Gartner,Information Technology,IT Consulting & Other Services,246.36,584.01,223.65,245.1,243.33,254.08,329.8,375.8,390.45,437.0
GE,GE Aerospace,Industrials,Aerospace & Defense,273.35,281.5,158.81,269.83,268.75,270.97,261.72,238.63,230.92,213.31
GEHC,GE HealthCare,Health Care,Health Care Equipment,74.26,94.71,57.59,74.26,73.94,72.89,74.03,71.31,73.52,77.68
GEV,GE Vernova,Industrials,Heavy Electrical Equipment,622.39,677.29,178.84,612.74,614.36,633.74,583.52,495.01,458.66,418.78
GEN,Gen Digital,Information Technology,Systems Software,30.74,32.09,22.55,31.08,31.24,30.46,30.03,28.44,28.16,28.15
GNRC,Generac,Industrials,Electrical Components & Equipment,186.99,203.25,99.5,190.96,193.94,195.17,166.28,142.94,140.52,148.9
GD,General Dynamics,Industrials,Aerospace & Defense,325.46,325.82,236.67,320.73,318.07,315.89,304.56,288.34,283.23,275.96
GIS,General Mills,Consumer Staples,Packaged Foods & Meats,49.25,72.88,48.59,49.56,49.6,49.48,50.43,52.58,53.87,56.39
GM,General Motors,Consumer Discretionary,Automobile Manufacturers,58.75,60.75,41.47,58.14,57.35,55.37,53.01,50.03,49.66,50.43
GPC,Genuine Parts Company,Consumer Discretionary,Distributors,139.85,140.81,103.16,138.74,138.21,135.49,129.43,124.51,123.75,121.72
GILD,Gilead Sciences,Health Care,Biotechnology,113.92,121.83,74.03,114.75,116.58,115.94,112.77,108.93,109.33,103.43
GPN,Global Payments,Financials,Transaction & Payment Processing Services,87.84,119.03,65.72,88.12,87.34,84.34,82.1,80.1,83.57,93.86
GL,Globe Life,Financials,Life & Health Insurance,140.49,144.0,98.18,140.09,138.63,139.15,129.92,125.19,125.54,121.03
GDDY,GoDaddy,Information Technology,Internet Services & Infrastructure,147.87,216.0,132.51,146.63,145.78,147.27,162.44,171.08,172.52,182.16
GS,Goldman Sachs,Financials,Investment Banking & Brokerage,749.67,753.0,437.2,739.05,734.62,729.97,710.53,637.61,621.48,613.38
HAL,Halliburton,Energy,Oil & Gas Equipment & Services,22.3,31.9,18.56,22.01,21.61,21.46,21.6,21.09,21.82,24.01
HIG,Hartford (The),Financials,Property & Casualty Insurance,133.07,134.94,104.05,133.15,132.32,129.84,126.12,124.88,123.79,119.63
HAS,Hasbro,Consumer Discretionary,Leisure Products,81.56,82.19,48.07,81.1,80.56,78.53,75.93,68.42,66.8,63.87
HCA,HCA Healthcare,Health Care,Health Care Facilities,405.05,414.51,288.77,403.8,401.49,386.88,375.87,366.6,359.03,344.03
DOC,Healthpeak Properties,Real Estate,Health Care REITs,17.9,22.06,16.35,17.62,17.38,17.11,17.5,17.42,17.87,18.61
HSIC,Henry Schein,Health Care,Health Care Distributors,68.98,82.49,60.56,68.86,68.42,67.77,70.35,69.31,69.58,71.26
HSY,Hershey Company (The),Consumer Staples,Packaged Foods & Meats,181.66,202.98,136.73,181.31,180.42,181.85,175.87,168.87,168.96,166.72
HPE,Hewlett Packard Enterprise,Information Technology,"Technology Hardware, Storage & Peripherals",22.73,24.28,11.88,22.41,21.85,21.19,20.51,18.48,18.01,19.29
HLT,Hilton Worldwide,Consumer Discretionary,"Hotels, Resorts & Cruise Lines",276.4,279.46,195.92,274.5,272.14,267.98,267.58,251.62,248.59,250.25
HOLX,Hologic,Health Care,Health Care Equipment,66.73,84.39,51.9,67.18,67.56,67.66,66.03,62.53,62.42,66.15
HD,Home Depot (The),Consumer Discretionary,Home Improvement Retail,408.24,431.63,324.29,407.03,403.85,394.87,377.57,369.04,367.81,380.44
HON,Honeywell,Industrials,Industrial Conglomerates,221.25,240.47,177.52,220.93,218.86,218.23,225.52,218.45,216.51,217.47
HRL,Hormel Foods,Consumer Staples,Packaged Foods & Meats,29.02,32.84,27.07,28.96,28.69,28.56,29.31,29.54,29.48,29.62
HST,Host Hotels & Resorts,Real Estate,Hotel & Resort REITs,17.37,18.53,12.06,16.85,16.41,15.97,16.01,15.26,15.16,15.8
HWM,Howmet Aerospace,Industrials,Aerospace & Defense,175.65,193.13,90.47,173.41,173.12,176.85,179.88,165.43,158.24,143.82
HPQ,HP Inc.,Information Technology,"Technology Hardware, Storage & Peripherals",27.11,38.63,20.97,27.19,26.99,26.24,25.55,25.45,26.02,28.84
HUBB,Hubbell Incorporated,Industrials,Industrial Machinery & Supplies & Components,446.06,476.65,298.43,438.91,435.49,431.48,422.84,394.82,384.18,400.16
HUM,Humana,Health Care,Managed Health Care,297.26,377.69,206.87,297.46,292.05,276.12,251.87,250.47,252.71,260.25
HBAN,Huntington Bancshares,Financials,Regional Banks,17.8,17.91,11.8,17.32,17.01,16.61,16.7,15.74,15.55,15.94
HII,Huntington Ingalls Industries,Industrials,Aerospace & Defense,276.39,293.14,156.7,271.06,268.91,268.86,257.54,239.43,230.82,214.41
IBM,IBM,Information Technology,IT Consulting & Other Services,244.84,294.17,190.52,241.68,240.85,243.0,265.73,257.96,255.61,245.24
IEX,IDEX Corporation,Industrials,Industrial Machinery & Supplies & Components,166.08,235.67,152.2,165.8,165.51,163.23,172.91,174.76,176.32,190.29
IDXX,Idexx Laboratories,Health Care,Health Care Equipment,640.86,688.12,356.14,640.51,642.17,635.85,576.53,524.74,504.49,477.51
ITW,Illinois Tool Works,Industrials,Industrial Machinery & Supplies & Components,266.83,274.77,213.36,266.04,263.65,260.52,256.44,247.88,248.82,252.69
INCY,Incyte,Health Care,Biotechnology,84.84,87.24,53.56,85.03,85.48,82.1,74.47,68.49,67.79,69.63
IR,Ingersoll Rand,Industrials,Industrial Machinery & Supplies & Components,80.64,105.95,65.58,79.91,79.58,78.79,82.83,80.47,80.73,86.06
PODD,Insulet Corporation,Health Care,Health Care Equipment,334.35,335.86,180.31,330.76,327.44,311.38,302.66,294.67,287.99,281.56
INTC,Intel,Information Technology,Semiconductors,24.85,27.55,17.67,24.41,24.3,22.33,22.33,21.38,21.66,21.72
ICE,Intercontinental Exchange,Financials,Financial Exchanges & Data,177.3,189.35,141.51,179.02,179.65,182.72,182.1,176.0,175.1,167.98
IFF,International Flavors & Fragrances,Materials,Specialty Chemicals,66.78,105.18,62.33,66.95,66.35,66.66,71.75,73.49,74.54,78.51
IP,International Paper,Materials,Paper & Plastic Packaging Products & Materials,48.37,58.71,42.44,48.69,47.85,47.27,48.86,47.61,48.4,50.77
IPG,Interpublic Group of Companies (The),Communication Services,Advertising,26.92,32.2,22.2,26.91,26.58,25.75,25.17,24.61,24.93,25.98
INTU,Intuit,Information Technology,Application Software,663.17,813.7,531.0,668.02,688.49,721.08,750.23,706.9,685.96,663.15
ISRG,Intuitive Surgical,Health Care,Health Care Equipment,471.15,616.0,425.0,471.98,475.82,476.45,501.27,512.81,512.15,529.26
IVZ,Invesco,Financials,Asset Management & Custody Banks,22.05,22.25,11.33,21.56,21.29,21.0,18.91,16.43,16.18,16.59
INVH,Invitation Homes,Real Estate,Single-Family Residential REITs,31.13,36.53,29.11,30.89,30.62,30.44,31.67,32.47,32.68,32.28
IQV,IQVIA,Health Care,Life Sciences Tools & Services,188.8,252.88,134.65,188.22,189.85,186.3,175.37,161.8,165.99,178.88
IRM,Iron Mountain,Real Estate,Other Specialized REITs,91.87,127.24,71.77,91.9,91.6,92.27,96.96,94.76,93.0,97.76
JBHT,J.B. Hunt,Industrials,Cargo Ground Transportation,145.79,198.61,122.01,145.28,144.66,143.13,145.79,141.16,143.19,155.06
JBL,Jabil,Information Technology,Electronic Manufacturing Services,207.9,232.75,99.48,208.0,209.85,215.94,217.7,186.38,176.96,166.39
JKHY,Jack Henry & Associates,Financials,Transaction & Payment Processing Services,162.74,195.38,157.8,163.06,162.02,163.39,172.56,174.48,175.23,174.29
J,Jacobs Solutions,Industrials,Construction & Engineering,148.36,152.07,104.68,147.82,147.49,146.49,139.32,130.66,128.74,130.64
JNJ,Johnson & Johnson,Health Care,Pharmaceuticals,176.79,179.84,137.37,177.2,176.38,173.08,163.73,157.81,158.39,154.3
JCI,Johnson Controls,Industrials,Building Products,109.27,112.63,66.5,107.23,106.09,105.82,106.03,98.15,94.66,89.9
JPM,JPMorgan Chase,Financials,Diversified Banks,299.28,301.29,196.2,296.09,293.95,292.54,289.73,270.02,263.94,258.31
K,Kellanova,Consumer Staples,Packaged Foods & Meats,79.76,82.65,77.7,79.93,80.01,80.01,79.71,80.72,80.94,80.64
KVUE,Kenvue,Consumer Staples,Personal Care Products,20.75,24.71,19.2,21.16,21.23,21.33,21.33,21.98,22.19,21.95
KDP,Keurig Dr Pepper,Consumer Staples,Soft Drinks & Non-alcoholic Beverages,29.72,37.26,28.7,32.02,33.45,33.65,33.49,33.55,33.51,32.83
KEY,KeyCorp,Financials,Regional Banks,19.39,19.45,12.56,18.97,18.57,18.15,17.96,16.57,16.4,16.81
KEYS,Keysight Technologies,Information Technology,Electronic Equipment & Instruments,165.02,186.2,121.43,164.44,163.65,163.39,163.74,157.36,156.5,160.93
KMB,Kimberly-Clark,Consumer Staples,Household Products,130.21,149.05,121.86,131.45,132.11,132.8,130.42,132.84,134.22,132.59
KIM,Kimco Realty,Real Estate,Retail REITs,22.38,24.97,17.71,22.09,21.73,21.42,21.41,20.94,20.91,21.62
KMI,Kinder Morgan,Energy,Oil & Gas Storage & Transportation,26.83,30.49,19.68,26.69,26.62,26.97,27.39,27.11,27.08,26.97
KKR,KKR & Co.,Financials,Asset Management & Custody Banks,140.47,169.7,85.9,139.77,140.54,142.34,139.89,127.55,125.43,134.91
KLAC,KLA Corporation,Information Technology,Semiconductor Materials & Equipment,888.89,957.18,548.81,879.84,886.35,895.94,902.23,816.95,792.16,751.68
KHC,Kraft Heinz,Consumer Staples,Packaged Foods & Meats,27.89,35.08,25.44,27.77,27.65,27.54,27.24,27.44,27.94,28.54
KR,Kroger,Consumer Staples,Food Retail,67.98,74.52,49.68,69.62,69.9,71.0,70.8,69.51,68.64,65.54
LHX,L3Harris,Industrials,Aerospace & Defense,276.76,280.52,191.09,276.49,274.44,274.24,265.02,245.81,238.62,231.31
LH,Labcorp,Health Care,Health Care Services,279.3,283.47,208.77,277.72,275.46,269.98,262.13,251.31,248.98,244.89
LRCX,Lam Research,Information Technology,Semiconductor Materials & Equipment,103.67,108.02,56.18,101.41,101.23,100.47,98.89,87.91,85.42,82.22
LW,Lamb Weston,Consumer Staples,Packaged Foods & Meats,56.66,82.35,47.25,56.14,55.43,54.46,53.51,53.24,52.98,57.8
LVS,Las Vegas Sands,Consumer Discretionary,Casinos & Gaming,56.7,56.92,29.84,55.53,54.55,53.68,49.9,43.94,43.54,45.02
LDOS,Leidos,Industrials,Diversified Support Services,183.39,201.22,122.92,181.91,180.26,175.94,165.97,156.55,152.21,151.75
LEN,Lennar,Consumer Discretionary,Homebuilding,133.33,184.74,97.54,133.26,132.47,126.37,117.47,112.46,113.45,123.29
LII,Lennox International,Industrials,Building Products,567.0,689.44,497.88,573.55,586.12,591.75,596.93,577.1,576.8,595.61
LLY,Lilly (Eli),Health Care,Pharmaceuticals,734.17,965.1,622.41,717.41,707.79,702.4,749.29,760.69,777.08,785.27
LIN,Linde plc,Materials,Industrial Gases,482.71,486.38,407.35,480.97,480.34,474.64,470.11,461.87,461.39,453.63
LYV,Live Nation Entertainment,Communication Services,Movies & Entertainment,165.57,167.01,92.57,165.24,163.57,157.68,152.43,144.29,140.93,139.81
LKQ,LKQ Corporation,Consumer Discretionary,Distributors,32.08,43.77,28.65,31.54,31.29,30.45,33.99,36.83,37.71,37.56
LMT,Lockheed Martin,Industrials,Aerospace & Defense,454.47,606.41,410.11,450.21,445.37,436.96,447.74,457.39,456.56,465.94
L,Loews Corporation,Financials,Multi-line Insurance,96.37,97.41,74.95,96.12,95.81,94.45,92.26,89.67,89.26,87.41
LOW,Lowe's,Consumer Discretionary,Home Improvement Retail,258.67,281.56,204.22,259.05,256.48,247.25,231.93,227.07,227.75,238.02
LULU,Lululemon Athletica,Consumer Discretionary,"Apparel, Accessories & Luxury Goods",205.57,423.32,185.95,203.26,200.94,197.58,217.0,250.25,264.71,304.46
LYB,LyondellBasell,Materials,Specialty Chemicals,56.28,91.56,46.44,56.3,54.4,52.33,57.03,56.16,58.74,63.91
MTB,M&T Bank,Financials,Regional Banks,202.02,221.09,149.64,198.45,195.05,191.38,193.46,183.46,182.03,187.98
MPC,Marathon Petroleum,Energy,Oil & Gas Refining & Marketing,177.89,182.09,113.82,171.88,167.33,165.05,169.19,157.59,154.45,151.75
MKTX,MarketAxess,Financials,Financial Exchanges & Data,187.51,292.5,182.26,188.6,188.02,191.37,205.89,212.16,211.58,217.27
MAR,Marriott International,Consumer Discretionary,"Hotels, Resorts & Cruise Lines",269.67,305.27,204.35,268.44,266.72,263.72,268.89,258.48,256.39,266.07
MMC,Marsh McLennan,Financials,Insurance Brokers,206.37,246.94,196.27,208.29,208.54,205.5,209.42,217.34,220.88,220.21
MLM,Martin Marietta Materials,Materials,Construction Materials,616.64,630.45,441.31,609.36,608.01,604.37,577.04,552.33,537.41,540.81
MAS,Masco,Industrials,Building Products,74.54,85.23,56.02,74.24,73.88,71.8,67.72,64.96,66.07,69.92
MA,Mastercard,Financials,Transaction & Payment Processing Services,590.66,601.77,464.22,593.27,589.42,579.34,565.84,559.64,556.01,547.69
MTCH,Match Group,Communication Services,Interactive Media & Services,37.44,39.2,26.24,37.2,37.56,36.58,34.0,31.76,31.57,31.84
MKC,McCormick & Company,Consumer Staples,Packaged Foods & Meats,70.68,85.22,68.23,70.98,70.21,70.11,71.85,72.98,74.54,75.08
MCD,McDonald's,Consumer Discretionary,Restaurants,311.43,324.48,273.39,313.02,311.57,307.69,300.22,305.08,305.35,299.92
MCK,McKesson Corporation,Health Care,Health Care Distributors,683.51,737.89,462.92,687.68,683.63,683.98,704.22,703.38,694.47,657.87
MDT,Medtronic,Health Care,Health Care Equipment,92.05,94.71,77.57,92.02,92.1,91.56,89.89,86.77,87.41,86.33
MRK,Merck & Co.,Health Care,Pharmaceuticals,84.07,116.37,72.58,85.56,84.86,82.51,81.88,80.1,82.22,86.95
META,Meta Platforms,Communication Services,Interactive Media & Services,747.38,796.25,479.43,749.73,758.26,764.25,733.15,668.52,655.97,645.4
MET,MetLife,Financials,Life & Health Insurance,81.11,87.17,64.24,80.74,79.44,77.38,77.67,76.73,77.48,79.15
MTD,Mettler Toledo,Health Care,Life Sciences Tools & Services,1285.24,1521.01,946.69,1291.85,1303.6,1276.55,1233.53,1169.93,1179.64,1215.23
MGM,MGM Resorts,Consumer Discretionary,Casinos & Gaming,39.77,42.54,25.3,38.14,37.21,36.25,36.45,33.95,33.49,34.24
MCHP,Microchip Technology,Information Technology,Semiconductors,66.65,80.29,33.63,67.52,66.41,65.64,69.03,60.64,58.97,58.81
MU,Micron Technology,Information Technology,Semiconductors,117.75,129.73,61.48,116.83,119.31,116.96,118.2,103.29,101.19,99.92
MSFT,Microsoft,Information Technology,Systems Software,506.74,554.54,343.59,504.9,509.55,517.37,506.45,466.59,450.41,440.02
MAA,Mid-America Apartment Communities,Real Estate,Multi-Family Residential REITs,144.42,170.0,137.32,142.62,141.89,141.15,145.85,150.44,152.76,152.53
MRNA,Moderna,Health Care,Biotechnology,25.1,83.67,23.15,25.7,26.61,26.79,29.04,27.66,28.6,32.57
MHK,Mohawk Industries,Consumer Discretionary,Home Furnishings,132.22,164.29,96.24,130.56,128.87,125.01,115.86,109.99,110.95,116.91
MOH,Molina Healthcare,Health Care,Managed Health Care,176.12,365.23,151.95,174.67,171.71,164.0,205.12,260.69,272.32,281.63
TAP,Molson Coors Beverage Company,Consumer Staples,Brewers,51.13,64.07,46.94,51.52,51.43,50.62,49.9,52.69,54.09,55.25
MDLZ,Mondelez International,Consumer Staples,Packaged Foods & Meats,61.76,73.95,53.2,62.42,62.33,62.46,65.93,66.0,65.83,63.65
MPWR,Monolithic Power Systems,Information Technology,Semiconductors,866.32,951.76,437.93,843.91,841.62,822.72,764.49,695.83,674.95,655.73
MNST,Monster Beverage,Consumer Staples,Soft Drinks & Non-alcoholic Beverages,61.73,66.75,45.7,62.67,63.47,62.43,61.64,61.28,60.35,57.06
MCO,Moody's Corporation,Financials,Financial Exchanges & Data,510.07,528.95,377.3,511.39,513.0,513.45,503.01,480.9,477.17,480.0
MS,Morgan Stanley,Financials,Investment Banking & Brokerage,149.38,150.12,91.36,147.61,146.42,144.59,141.47,130.65,127.95,128.44
MOS,Mosaic Company (The),Materials,Fertilizers & Agricultural Chemicals,33.49,38.23,22.14,33.02,32.66,32.98,35.02,33.27,31.78,29.55
MSI,Motorola Solutions,Information Technology,Communications Equipment,464.41,503.98,387.87,461.01,461.07,455.17,433.78,425.43,425.23,441.26
MSCI,MSCI Inc.,Financials,Financial Exchanges & Data,570.15,636.39,483.67,571.48,567.64,560.74,562.49,555.6,556.55,570.09
NDAQ,"Nasdaq, Inc.",Financials,Financial Exchanges & Data,94.84,97.63,64.64,94.55,94.55,95.43,92.05,85.24,83.35,81.88
NTAP,NetApp,Information Technology,"Technology Hardware, Storage & Peripherals",112.13,133.34,71.49,110.17,109.57,107.13,106.08,99.6,97.88,106.13
NFLX,Netflix,Communication Services,Movies & Entertainment,1223.5,1341.15,660.8,1215.7,1222.11,1203.83,1229.94,1173.66,1127.08,1049.98
NEM,Newmont,Materials,Gold,72.39,72.79,36.47,71.36,70.0,68.48,63.25,57.94,55.51,50.22
NWSA,News Corp (Class A),Communication Services,Publishing,29.66,30.75,23.38,29.95,29.8,29.45,29.4,28.34,28.12,28.25
NWS,News Corp (Class B),Communication Services,Publishing,34.11,35.58,26.25,34.55,34.42,33.93,33.87,32.68,32.32,32.1
NEE,NextEra Energy,Utilities,Multi-Utilities,73.89,84.15,61.22,75.29,75.25,73.39,73.13,70.9,70.87,70.97
NKE,"Nike, Inc.",Consumer Discretionary,"Apparel, Accessories & Luxury Goods",78.06,89.11,51.93,78.09,77.44,76.15,73.25,66.16,67.03,69.91
NI,NiSource,Utilities,Multi-Utilities,42.44,43.51,31.61,42.54,42.37,42.44,41.04,39.86,39.7,38.56
NDSN,Nordson Corporation,Industrials,Industrial Machinery & Supplies & Components,225.67,263.91,164.43,224.98,220.07,216.64,217.08,206.44,206.12,213.57
NSC,Norfolk Southern,Industrials,Rail Transportation,272.35,291.69,199.43,279.07,280.94,280.04,270.47,250.73,247.14,247.61
NTRS,Northern Trust,Financials,Asset Management & Custody Banks,131.57,133.0,81.05,130.28,128.82,127.67,126.13,112.6,109.96,108.49
NOC,Northrop Grumman,Industrials,Aerospace & Defense,586.61,600.99,422.32,591.2,588.73,586.55,546.85,517.34,511.9,497.66
NCLH,Norwegian Cruise Line Holdings,Consumer Discretionary,"Hotels, Resorts & Cruise Lines",24.88,29.29,14.21,24.54,24.42,24.53,22.87,20.26,20.17,22.57
NRG,NRG Energy,Utilities,Independent Power Producers & Energy Traders,148.12,175.96,74.96,146.02,147.95,153.89,154.13,141.59,132.41,119.69
NUE,Nucor,Materials,Steel,150.33,168.24,97.18,147.8,146.28,143.06,139.24,126.84,126.82,128.97
NVDA,Nvidia,Information Technology,Semiconductors,181.6,184.48,86.61,179.23,179.17,179.56,169.23,145.9,139.61,138.45
NVR,"NVR, Inc.",Consumer Discretionary,Homebuilding,8033.82,9964.77,6562.85,8079.1,8125.96,7997.96,7706.3,7430.61,7400.59,7736.64
NXPI,NXP Semiconductors,Information Technology,Semiconductors,237.67,253.03,147.4,234.18,232.13,222.01,222.5,207.04,206.25,210.09
ORLY,O’Reilly Automotive,Consumer Discretionary,Automotive Retail,104.05,104.86,73.11,102.98,102.64,102.34,96.35,93.82,93.23,89.61
OXY,Occidental Petroleum,Energy,Oil & Gas Exploration & Production,46.87,57.35,34.59,45.94,45.15,44.39,44.24,42.57,43.5,45.49
ODFL,Old Dominion,Industrials,Cargo Ground Transportation,153.82,232.21,140.91,154.53,153.04,149.92,158.05,158.5,160.41,174.27
OMC,Omnicom Group,Communication Services,Advertising,78.46,104.25,68.37,78.54,77.59,75.27,73.85,73.67,74.95,80.12
ON,ON Semiconductor,Information Technology,Semiconductors,51.25,78.61,31.04,50.77,50.63,50.3,54.14,48.08,47.13,52.25
OKE,Oneok,Energy,Oil & Gas Storage & Transportation,75.08,113.92,72.18,74.56,74.17,75.28,78.28,79.88,82.79,89.38
ORCL,Oracle Corporation,Information Technology,Application Software,235.81,260.87,118.18,234.99,238.7,245.0,236.12,194.75,185.74,181.25
OTIS,Otis Worldwide,Industrials,Industrial Machinery & Supplies & Components,87.72,105.86,83.85,87.67,87.82,87.08,92.48,93.93,95.34,95.48
PCAR,Paccar,Industrials,Construction Machinery & Heavy Transportation Equipment,101.44,114.66,84.08,100.25,99.52,98.5,97.05,94.29,95.5,100.09
PKG,Packaging Corporation of America,Materials,Paper & Plastic Packaging Products & Materials,210.69,246.22,171.6,211.53,203.81,199.48,198.93,193.27,194.18,206.1
PLTR,Palantir Technologies,Information Technology,Application Software,156.72,190.0,29.31,157.94,163.57,169.25,154.79,135.03,125.22,107.98
PANW,Palo Alto Networks,Information Technology,Systems Software,187.61,210.39,144.15,185.12,181.84,176.67,189.76,186.74,185.42,187.4
PSKY,Paramount Skydance Corporation,Communication Services,Movies & Entertainment,14.81,17.53,9.78,15.73,14.77,13.34,13.0,12.27,12.14,11.63
PH,Parker Hannifin,Industrials,Industrial Machinery & Supplies & Components,768.1,768.42,487.08,753.07,746.4,736.85,717.88,671.71,661.48,665.72
PAYX,Paychex,Industrials,Human Resource & Employment Services,138.65,160.03,125.38,138.88,138.56,139.04,142.53,145.91,146.2,144.49
PAYC,Paycom,Industrials,Human Resource & Employment Services,227.89,267.33,152.1,228.62,225.47,225.29,228.53,233.6,229.94,224.41
PYPL,PayPal,Financials,Transaction & Payment Processing Services,69.65,93.66,55.85,69.35,69.2,68.74,71.91,69.97,69.67,75.44
PNR,Pentair,Industrials,Industrial Machinery & Supplies & Components,109.34,109.84,73.85,107.9,106.88,105.17,104.1,98.21,96.11,98.19
PEP,PepsiCo,Consumer Staples,Soft Drinks & Non-alcoholic Beverages,147.64,174.44,126.36,148.29,149.29,146.01,140.25,136.84,139.18,143.2
PFE,Pfizer,Health Care,Pharmaceuticals,25.07,28.43,20.18,25.35,25.28,24.75,24.51,23.51,23.78,24.2
PCG,PG&E Corporation,Utilities,Multi-Utilities,15.08,21.62,12.97,14.98,15.13,15.03,14.25,15.42,15.68,16.71
PM,Philip Morris International,Consumer Staples,Tobacco,164.19,185.29,114.24,168.9,168.42,167.42,172.58,170.94,167.2,152.62
PSX,Phillips 66,Energy,Oil & Gas Refining & Marketing,132.62,135.71,89.26,129.28,125.77,122.6,123.6,115.93,117.18,118.2
PNW,Pinnacle West Capital,Utilities,Multi-Utilities,90.43,94.64,79.08,90.58,91.08,91.64,90.37,90.4,90.58,88.87
PNC,PNC Financial Services,Financials,Diversified Banks,206.04,210.46,142.39,201.18,197.17,193.23,191.46,178.39,177.19,183.89
POOL,Pool Corporation,Consumer Discretionary,Distributors,317.85,391.14,281.15,318.0,319.37,314.73,306.8,304.13,309.07,323.97
PPG,PPG Industries,Materials,Specialty Chemicals,112.13,133.97,89.08,112.54,112.23,109.25,111.9,109.2,109.4,112.58
PPL,PPL Corporation,Utilities,Electric Utilities,36.62,37.38,30.32,36.65,36.7,36.48,35.44,35.05,34.95,34.13
PFG,Principal Financial Group,Financials,Life & Health Insurance,80.84,89.5,67.72,80.21,79.18,77.91,78.87,77.25,78.49,79.32
PG,Procter & Gamble,Consumer Staples,Personal Care Products,156.96,177.66,149.91,157.3,156.82,154.8,156.16,159.16,160.94,162.73
PGR,Progressive Corporation,Financials,Property & Casualty Insurance,244.69,292.77,228.37,246.59,248.15,246.28,250.44,262.87,266.21,259.98
PLD,Prologis,Real Estate,Industrial REITs,112.68,128.08,84.54,111.26,109.51,107.59,107.53,105.54,106.96,108.7
PRU,Prudential Financial,Financials,Life & Health Insurance,109.47,125.75,88.12,109.0,107.37,104.68,104.24,102.52,103.56,107.91
PEG,Public Service Enterprise Group,Utilities,Electric Utilities,82.84,93.08,74.08,83.18,84.19,86.1,84.65,82.11,81.81,82.96
PTC,PTC Inc.,Information Technology,Application Software,216.53,219.69,133.38,214.09,211.34,210.75,196.03,178.12,174.26,178.84
PSA,Public Storage,Real Estate,Self-Storage REITs,291.19,359.28,254.04,290.08,286.91,283.64,287.47,290.71,291.79,296.49
PHM,PulteGroup,Consumer Discretionary,Homebuilding,131.03,148.55,87.88,130.43,129.45,125.03,115.94,107.99,107.15,110.61
PWR,Quanta Services,Industrials,Construction & Engineering,381.56,424.94,227.02,380.37,379.86,384.97,385.93,350.9,332.18,327.22
QCOM,Qualcomm,Information Technology,Semiconductors,159.77,179.1,120.08,157.5,157.4,153.04,155.69,150.3,151.12,154.89
DGX,Quest Diagnostics,Health Care,Health Care Services,179.76,185.62,144.09,180.55,180.71,177.57,174.84,173.52,172.49,166.85
RL,Ralph Lauren Corporation,Consumer Discretionary,"Apparel, Accessories & Luxury Goods",294.64,306.34,164.87,289.3,288.87,292.49,287.1,265.57,258.13,250.76
RJF,Raymond James Financial,Financials,Investment Banking & Brokerage,167.95,173.13,112.35,165.82,164.81,165.16,160.69,151.21,149.32,153.41
RTX,RTX Corporation,Industrials,Aerospace & Defense,159.84,160.21,111.21,157.65,156.25,155.8,151.13,140.67,138.62,131.49
O,Realty Income,Real Estate,Retail REITs,58.55,61.9,49.76,58.68,58.65,57.9,57.36,56.44,56.28,55.09
REG,Regency Centers,Real Estate,Retail REITs,72.47,76.68,62.82,72.01,71.6,71.85,71.05,70.93,71.22,71.41
REGN,Regeneron Pharmaceuticals,Health Care,Biotechnology,586.96,1206.03,475.77,586.93,581.6,569.76,553.14,556.86,578.57,632.01
RF,Regions Financial Corporation,Financials,Regional Banks,27.41,27.53,17.53,26.73,26.26,25.67,24.95,22.83,22.57,23.19
RSG,Republic Services,Industrials,Environmental & Facilities Services,234.9,258.14,195.62,234.24,233.99,233.76,239.32,242.95,241.45,230.72
RMD,ResMed,Health Care,Health Care Equipment,281.96,293.81,199.07,287.0,286.58,284.4,269.37,252.71,246.82,243.56
RVTY,Revvity,Health Care,Health Care Equipment,88.59,129.23,85.12,91.16,90.88,89.29,94.11,93.66,96.84,104.14
ROK,Rockwell Automation,Industrials,Electrical Components & Equipment,349.2,359.54,213.27,349.11,345.87,342.55,341.25,309.56,300.18,294.05
ROL,"Rollins, Inc.",Industrials,Environmental & Facilities Services,56.67,58.96,44.94,57.15,57.4,57.72,56.74,56.31,55.49,52.92
ROP,Roper Technologies,Information Technology,Electronic Equipment & Instruments,528.66,593.46,498.03,529.44,530.72,533.32,548.69,555.88,560.43,555.74
ROST,Ross Stores,Consumer Discretionary,Apparel Retail,150.29,157.36,122.01,147.79,147.36,145.63,137.21,139.04,137.07,140.64
RCL,Royal Caribbean Group,Consumer Discretionary,"Hotels, Resorts & Cruise Lines",359.07,360.72,152.4,345.5,333.97,322.67,323.0,277.19,264.75,255.91
SPGI,S&P Global,Financials,Financial Exchanges & Data,549.87,578.04,425.6,552.02,553.85,555.39,535.65,515.08,512.18,511.03
CRM,Salesforce,Information Technology,Application Software,250.16,367.42,226.48,247.18,244.81,244.45,257.4,262.24,265.55,290.8
SBAC,SBA Communications,Real Estate,Telecom Tower REITs,208.13,247.78,189.7,218.46,218.28,219.75,226.91,226.89,224.95,218.05
SLB,Schlumberger,Energy,Oil & Gas Equipment & Services,35.98,45.17,30.85,35.27,34.26,33.66,34.5,34.3,35.57,37.45
STX,Seagate Technology,Information Technology,"Technology Hardware, Storage & Peripherals",167.24,168.2,62.86,162.06,159.55,156.19,149.3,123.88,116.58,108.66
SRE,Sempra,Utilities,Multi-Utilities,82.26,93.45,61.37,81.95,81.89,81.88,78.56,76.09,74.75,78.45
NOW,ServiceNow,Information Technology,Systems Software,887.98,1198.09,678.66,879.26,878.35,885.06,947.13,944.3,923.61,971.78
SHW,Sherwin-Williams,Materials,Specialty Chemicals,367.4,397.81,307.5,367.53,366.07,358.09,348.32,347.31,347.11,352.09
SPG,Simon Property Group,Real Estate,Retail REITs,178.17,185.37,134.57,176.28,174.84,170.6,165.82,160.77,161.77,166.05
SWKS,Skyworks Solutions,Information Technology,Semiconductors,76.2,106.65,47.01,75.67,74.91,71.87,72.76,68.79,68.23,73.27
SJM,J.M. Smucker Company (The),Consumer Staples,Packaged Foods & Meats,105.67,121.73,92.38,110.79,111.16,110.1,105.48,107.81,108.47,107.59
SW,Smurfit Westrock,Materials,Paper & Plastic Packaging Products & Materials,45.66,55.46,36.31,45.46,44.13,43.84,44.69,43.35,43.64,46.88
SNA,Snap-on,Industrials,Industrial Machinery & Supplies & Components,330.21,366.68,262.13,328.67,325.88,323.19,319.44,317.43,319.81,328.37
SOLV,Solventum,Health Care,Health Care Technology,72.89,85.92,59.35,72.82,72.46,72.48,73.68,71.83,72.61,72.2
SO,Southern Company,Utilities,Electric Utilities,93.28,95.68,78.5,93.72,93.73,93.89,92.59,90.53,90.18,87.5
LUV,Southwest Airlines,Industrials,Passenger Airlines,33.19,37.96,23.68,32.59,31.92,30.96,32.8,31.22,31.29,31.46
SWK,Stanley Black & Decker,Industrials,Industrial Machinery & Supplies & Components,75.74,107.4,53.22,75.61,75.12,72.29,70.78,66.96,69.47,74.71
SBUX,Starbucks,Consumer Discretionary,Restaurants,87.66,115.87,74.48,87.41,89.31,89.73,91.59,87.94,90.27,93.47
STT,State Street Corporation,Financials,Asset Management & Custody Banks,114.88,116.37,72.29,114.69,113.24,111.85,109.02,99.7,97.47,96.99
STLD,Steel Dynamics,Materials,Steel,132.7,153.72,102.78,131.23,128.96,126.45,129.15,128.17,127.48,128.07
STE,Steris,Health Care,Health Care Equipment,248.98,252.46,199.99,249.08,247.88,240.86,235.62,233.74,231.98,225.37
SYK,Stryker Corporation,Health Care,Health Care Equipment,393.15,404.87,328.46,391.48,388.13,383.76,388.14,379.83,378.53,378.77
SMCI,Supermicro,Information Technology,"Technology Hardware, Storage & Peripherals",44.76,66.44,17.25,43.88,44.2,47.44,48.97,43.26,42.28,39.49
SYF,Synchrony Financial,Financials,Consumer Finance,75.76,76.15,40.15,73.91,72.88,71.31,69.44,61.9,60.24,62.13
SNPS,Synopsys,Information Technology,Application Software,603.17,651.73,365.74,600.17,607.44,615.86,576.25,520.39,504.94,510.32
SYY,Sysco,Consumer Staples,Food Distributors,80.3,82.64,66.65,79.85,79.97,80.16,78.3,74.91,74.53,74.3
TMUS,T-Mobile US,Communication Services,Wireless Telecommunication Services,251.36,275.47,190.58,252.88,254.18,248.82,239.23,242.06,245.98,241.39
TROW,T. Rowe Price,Financials,Asset Management & Custody Banks,109.37,121.15,76.8,107.64,107.3,106.33,102.91,96.58,96.0,101.89
TTWO,Take-Two Interactive,Communication Services,Interactive Home Entertainment,232.03,245.08,146.76,230.32,230.65,228.21,232.77,228.13,224.32,211.4
TPR,"Tapestry, Inc.",Consumer Discretionary,"Apparel, Accessories & Luxury Goods",100.98,114.05,38.51,99.64,99.13,104.56,99.51,86.74,84.12,78.03
TRGP,Targa Resources,Energy,Oil & Gas Storage & Transportation,165.17,215.2,139.32,162.96,162.82,164.09,166.79,165.62,170.8,179.21
TGT,Target Corporation,Consumer Staples,Consumer Staples Merchandise Retail,97.96,155.83,85.44,97.5,100.38,101.42,101.05,97.5,99.23,111.27
TEL,TE Connectivity,Information Technology,Electronic Manufacturing Services,207.57,212.76,115.79,204.98,204.32,203.43,188.72,169.2,164.44,158.19
TDY,Teledyne Technologies,Information Technology,Electronic Equipment & Instruments,541.29,570.56,416.0,544.14,542.26,545.61,534.0,506.66,504.64,497.0
TER,Teradyne,Information Technology,Semiconductor Materials & Equipment,116.99,143.79,65.67,115.45,112.91,110.12,99.41,88.81,89.44,100.53
TSLA,"Tesla, Inc.",Consumer Discretionary,Automobile Manufacturers,349.6,488.54,202.59,341.6,336.25,329.12,322.97,310.65,300.38,329.73
TXN,Texas Instruments,Information Technology,Semiconductors,205.47,220.1,137.77,204.84,200.35,193.13,200.4,185.94,184.68,186.36
TPL,Texas Pacific Land Corporation,Energy,Oil & Gas Exploration & Production,908.7,1762.86,763.79,902.46,899.6,904.2,977.03,1112.81,1157.77,1223.31
TXT,Textron,Industrials,Aerospace & Defense,81.89,91.39,57.69,81.01,80.23,79.13,80.57,75.95,75.42,76.7
TMO,Thermo Fisher Scientific,Health Care,Life Sciences Tools & Services,488.12,625.84,385.46,490.22,490.58,477.92,447.71,432.24,448.31,482.69
TJX,TJX Companies,Consumer Discretionary,Apparel Retail,137.23,145.58,109.83,136.69,135.5,132.74,127.42,127.21,125.46,124.09
TKO,TKO Group Holdings,Communication Services,Movies & Entertainment,185.65,194.76,112.59,184.99,185.79,177.88,174.75,166.33,162.75,156.12
TTD,Trade Desk (The),Communication Services,Advertising,52.65,141.53,42.96,52.55,52.56,63.45,71.32,67.38,65.72,85.41
TSCO,Tractor Supply,Consumer Discretionary,Other Specialty Retail,62.38,63.75,46.46,61.55,61.12,60.05,57.37,53.83,53.78,54.14
TT,Trane Technologies,Industrials,Building Products,424.19,476.19,297.5,423.28,425.23,428.97,435.26,413.22,399.41,393.4
TDG,TransDigm Group,Industrials,Aerospace & Defense,1395.04,1623.83,1183.6,1399.99,1399.07,1433.81,1495.45,1445.16,1428.61,1380.12
TRV,Travelers Companies (The),Financials,Property & Casualty Insurance,272.21,279.04,218.25,273.33,270.9,267.55,263.62,263.02,262.09,255.96
TRMB,Trimble Inc.,Information Technology,Electronic Equipment & Instruments,82.18,87.5,52.91,81.58,81.79,82.62,80.46,73.33,72.33,72.6
TFC,Truist Financial,Financials,Diversified Banks,46.78,47.29,32.72,45.77,45.11,44.1,43.67,40.83,40.76,42.12
TYL,Tyler Technologies,Information Technology,Application Software,560.81,661.31,513.52,558.15,564.21,577.73,573.38,568.26,570.96,584.02
TSN,Tyson Foods,Consumer Staples,Packaged Foods & Meats,57.43,65.23,51.85,57.34,56.92,56.14,55.27,56.23,57.14,57.57
USB,U.S. Bancorp,Financials,Diversified Banks,48.76,52.21,34.8,47.99,47.14,45.98,45.85,43.54,43.25,44.98
UBER,Uber,Industrials,Passenger Ground Transportation,95.33,97.71,59.33,95.61,94.51,92.11,91.57,86.67,84.07,78.41
UDR,"UDR, Inc.",Real Estate,Multi-Family Residential REITs,38.98,45.63,35.84,38.89,38.68,38.52,39.68,40.26,40.87,41.32
ULTA,Ulta Beauty,Consumer Discretionary,Other Specialty Retail,533.81,536.89,309.01,526.78,523.12,517.36,497.36,451.84,432.55,419.54
UNP,Union Pacific Corporation,Industrials,Rail Transportation,220.95,253.9,203.43,224.03,223.2,222.52,226.68,223.12,225.89,229.46
UAL,United Airlines Holdings,Industrials,Passenger Airlines,104.21,116.0,40.96,102.17,101.53,95.83,88.96,81.25,80.36,87.59
UPS,United Parcel Service,Industrials,Air Freight & Logistics,87.86,136.36,82.72,87.61,87.3,86.04,93.54,94.19,97.56,105.89
URI,United Rentals,Industrials,Trading Companies & Distributors,949.34,951.51,523.58,930.52,921.45,898.56,833.26,746.13,721.15,736.07
UNH,UnitedHealth Group,Health Care,Managed Health Care,303.88,621.24,234.6,303.99,300.8,275.72,288.18,336.34,368.39,430.48
UHS,Universal Health Services,Health Care,Health Care Facilities,182.41,242.48,152.33,183.45,181.94,175.42,174.32,177.54,177.64,181.9
VLO,Valero Energy,Energy,Oil & Gas Refining & Marketing,150.77,153.86,97.37,146.1,141.84,138.07,140.39,130.47,129.82,130.01
VTR,Ventas,Real Estate,Health Care REITs,67.87,70.82,55.85,68.02,67.97,68.11,65.84,65.39,65.78,63.8
VLTO,Veralto,Industrials,Environmental & Facilities Services,107.37,114.62,83.77,107.85,107.79,107.47,104.01,99.93,99.5,100.63
VRSN,Verisign,Information Technology,Internet Services & Infrastructure,272.37,309.71,174.64,270.11,269.32,268.67,278.18,273.24,267.05,243.41
VRSK,Verisk Analytics,Industrials,Research & Consulting Services,267.7,322.46,259.01,269.21,268.92,267.93,288.53,295.32,294.9,290.8
VZ,Verizon,Communication Services,Integrated Telecommunication Services,44.27,45.87,36.41,44.39,44.41,43.7,42.69,42.67,42.69,41.41
VRTX,Vertex Pharmaceuticals,Health Care,Biotechnology,389.08,519.88,362.5,391.56,391.59,398.4,435.32,448.84,458.37,455.71
VTRS,Viatris,Health Care,Pharmaceuticals,10.42,13.04,6.68,10.52,10.53,9.9,9.36,8.78,8.8,9.83
VICI,Vici Properties,Real Estate,Hotel & Resort REITs,33.75,34.01,27.24,33.41,32.98,33.03,32.95,32.11,31.99,31.07
V,Visa Inc.,Financials,Transaction & Payment Processing Services,350.35,374.85,265.8,348.82,346.32,342.33,347.39,347.75,346.59,337.69
VST,Vistra Corp.,Utilities,Electric Utilities,194.6,216.85,72.39,192.11,194.56,200.47,194.82,168.66,159.47,158.0
VMC,Vulcan Materials Company,Materials,Construction Materials,291.15,296.62,214.34,290.67,290.7,287.0,273.73,265.45,259.14,263.29
WRB,W. R. Berkley Corporation,Financials,Property & Casualty Insurance,71.67,75.77,54.76,71.7,71.55,70.84,70.51,70.74,69.44,65.72
GWW,W. W. Grainger,Industrials,Industrial Machinery & Supplies & Components,1017.05,1219.65,889.92,1011.68,997.6,977.07,1013.67,1026.41,1017.51,1049.23
WAB,Wabtec,Industrials,Construction Machinery & Heavy Transportation Equipment,195.32,215.82,151.42,194.22,192.66,191.29,200.64,195.54,192.68,194.28
WBA,Walgreens Boots Alliance,Consumer Staples,Drug Retail,11.98,13.25,7.98,12.03,12.04,11.92,11.66,11.38,11.32,10.8
WMT,Walmart,Consumer Staples,Consumer Staples Merchandise Retail,96.08,104.51,74.84,96.6,98.82,100.0,97.82,96.46,94.79,94.12
DIS,Walt Disney Company (The),Communication Services,Movies & Entertainment,118.09,124.69,79.76,117.7,117.01,116.34,119.0,110.09,108.24,109.16
WBD,Warner Bros. Discovery,Communication Services,Broadcasting,12.15,13.87,6.78,11.93,11.82,11.97,11.92,10.46,10.51,10.44
WM,Waste Management,Industrials,Environmental & Facilities Services,225.83,241.74,198.19,226.35,226.74,229.28,228.91,230.08,229.55,224.34
WAT,Waters Corporation,Health Care,Life Sciences Tools & Services,294.63,423.56,275.05,296.47,295.13,289.78,311.25,326.96,335.92,354.59
WEC,WEC Energy Group,Utilities,Electric Utilities,107.68,110.99,88.81,107.76,107.81,108.48,106.36,105.84,105.67,102.05
WFC,Wells Fargo,Financials,Diversified Banks,82.5,84.33,49.13,80.23,79.08,78.47,79.49,75.09,74.27,74.03
WELL,Welltower,Real Estate,Health Care REITs,167.75,170.34,116.26,165.97,164.66,165.65,159.53,153.54,152.63,145.41
WST,West Pharmaceutical Services,Health Care,Health Care Supplies,245.97,351.24,187.09,245.63,245.7,242.9,233.46,222.84,223.67,257.13
WDC,Western Digital,Information Technology,"Technology Hardware, Storage & Peripherals",80.67,80.8,28.78,78.25,77.03,76.43,69.84,57.71,54.73,52.89
WY,Weyerhaeuser,Real Estate,Timber REITs,26.12,33.31,23.91,26.28,26.16,25.84,25.93,25.9,26.61,27.7
WSM,"Williams-Sonoma, Inc.",Consumer Discretionary,Homefurnishing Retail,192.17,218.08,123.89,197.74,200.1,199.85,182.1,168.99,169.16,175.54
WMB,Williams Companies,Energy,Oil & Gas Storage & Transportation,57.49,63.45,42.4,57.26,57.14,57.95,58.65,58.4,58.21,57.11
WTW,Willis Towers Watson,Financials,Insurance Brokers,330.07,342.16,278.75,335.38,333.82,329.32,314.78,312.0,315.93,316.12
WDAY,"Workday, Inc.",Information Technology,Application Software,229.71,294.0,205.33,224.97,226.2,224.36,231.41,238.33,240.02,248.45
WYNN,Wynn Resorts,Consumer Discretionary,Casinos & Gaming,123.2,125.45,64.93,117.17,113.87,111.08,106.27,95.05,93.02,90.81
XEL,Xcel Energy,Utilities,Multi-Utilities,72.87,74.57,58.54,73.17,72.88,73.08,70.74,69.9,69.7,68.61
XYL,Xylem Inc.,Industrials,Industrial Machinery & Supplies & Components,144.62,145.33,100.15,142.92,142.18,142.79,135.18,127.62,126.63,125.11
YUM,Yum! Brands,Consumer Discretionary,Restaurants,145.33,162.5,120.96,147.03,148.08,145.51,146.26,145.69,147.89,142.97
ZBRA,Zebra Technologies,Information Technology,Electronic Equipment & Instruments,321.43,427.76,205.73,318.57,317.27,320.57,319.48,292.99,291.73,326.63
ZBH,Zimmer Biomet,Health Care,Health Care Equipment,106.79,115.64,88.99,106.76,105.12,100.59,96.4,96.42,98.95,101.83
ZTS,Zoetis,Health Care,Pharmaceuticals,155.37,197.92,138.77,155.52,154.95,151.7,153.35,155.68,157.25,161.52
