Symbol,Security,GICS Sector,GICS Sub-Industry,Headquarters Location,Date added,CIK,Founded,DividendYield,PayoutRatio,Beta,MarketCap,Industry,Sector,Exchange,Currency
MMM,3M,Industrials,Industrial Conglomerates,"Saint Paul, Minnesota",1957-03-04,66740,1902,1.87,0.39720002,1.104,83393888256.0,Conglomerates,Industrials,NYQ,USD
AOS,A. O. Smith,Industrials,Building Products,"Milwaukee, Wisconsin",2017-07-26,91142,1916,1.87,0.37330002,1.22,10142609408.0,Specialty Industrial Machinery,Industrials,NYQ,USD
ABT,Abbott Laboratories,Health Care,Health Care Equipment,"North Chicago, Illinois",1957-03-04,1800,1888,1.79,0.2861,0.705,229027135488.0,Medical Devices,Healthcare,NYQ,USD
ABBV,AbbVie,Health Care,Biotechnology,"North Chicago, Illinois",2012-12-31,1551152,2013 (1888),3.16,3.0381,0.503,368080453632.0,Drug Manufacturers - General,Healthcare,NYQ,USD
ACN,Accenture,Information Technology,IT Consulting & Other Services,"Dublin, Ireland",2011-07-06,1467373,1989,2.31,0.45580003,1.29,159089115136.0,Information Technology Services,Technology,NYQ,USD
ADBE,Adobe Inc.,Information Technology,Application Software,"San Jose, California",1997-05-05,796343,1982,0.0,0.0,1.517,150552821760.0,Software - Application,Technology,NMS,USD
AMD,Advanced Micro Devices,Information Technology,Semiconductors,"Santa Clara, California",2017-03-20,2488,1969,0.0,0.0,1.94,270397603840.0,Semiconductors,Technology,NMS,USD
AES,AES Corporation,Utilities,Independent Power Producers & Energy Traders,"Arlington, Virginia",1998-10-02,874761,1981,5.22,0.53610003,0.956,9498746880.0,Utilities - Diversified,Utilities,NYQ,USD
AFL,Aflac,Financials,Life & Health Insurance,"Columbus, Georgia",1999-05-28,4977,1955,2.16,0.48650002,0.814,57847324672.0,Insurance - Life,Financial Services,NYQ,USD
A,Agilent Technologies,Health Care,Life Sciences Tools & Services,"Santa Clara, California",2000-06-05,1090872,1999,0.83,0.2384,1.219,33604888576.0,Diagnostics & Research,Healthcare,NYQ,USD
APD,Air Products,Materials,Industrial Gases,"Upper Macungie Township, Pennsylvania",1985-04-30,2969,1940,2.43,1.0099,0.818,65424199680.0,Specialty Chemicals,Basic Materials,NYQ,USD
ABNB,Airbnb,Consumer Discretionary,"Hotels, Resorts & Cruise Lines","San Francisco, California",2023-09-18,1559720,2008,0.0,0.0,1.133,77686628352.0,Travel Services,Consumer Cyclical,NMS,USD
AKAM,Akamai Technologies,Information Technology,Internet Services & Infrastructure,"Cambridge, Massachusetts",2007-07-12,1086222,1998,0.0,0.0,0.765,11032119296.0,Software - Infrastructure,Technology,NMS,USD
ALB,Albemarle Corporation,Materials,Specialty Chemicals,"Charlotte, North Carolina",2016-07-01,915913,1994,1.99,0.5797,1.638,9594694656.0,Specialty Chemicals,Basic Materials,NYQ,USD
ARE,Alexandria Real Estate Equities,Real Estate,Office REITs,"Pasadena, California",2017-03-20,1035443,1994,6.57,6.8946996,1.253,13799377920.0,REIT - Office,Real Estate,NYQ,USD
ALGN,Align Technology,Health Care,Health Care Supplies,"Tempe, Arizona",2017-06-19,1097149,1997,0.0,0.0,1.611,10277122048.0,Medical Instruments & Supplies,Healthcare,NMS,USD
ALLE,Allegion,Industrials,Building Products,"Dublin, Ireland",2013-12-02,1579241,1908,1.2,0.275,1.061,14725249024.0,Security & Protection Services,Industrials,NYQ,USD
LNT,Alliant Energy,Utilities,Electric Utilities,"Madison, Wisconsin",2016-07-01,352541,1917,3.07,0.6096,0.532,16885432320.0,Utilities - Regulated Electric,Utilities,NMS,USD
ALL,Allstate,Financials,Property & Casualty Insurance,"Northbrook, Illinois",1995-07-13,899051,1931,1.98,0.18059999,0.343,53538942976.0,Insurance - Property & Casualty,Financial Services,NYQ,USD
GOOGL,Alphabet Inc. (Class A),Communication Services,Interactive Media & Services,"Mountain View, California",2014-04-03,1652044,1998,0.4,0.0864,1.014,2508776275968.0,Internet Content & Information,Communication Services,NMS,USD
GOOG,Alphabet Inc. (Class C),Communication Services,Interactive Media & Services,"Mountain View, California",2006-04-03,1652044,1998,0.4,0.0864,1.014,2510517960704.0,Internet Content & Information,Communication Services,NMS,USD
MO,Altria,Consumer Staples,Tobacco,"Richmond, Virginia",1957-03-04,764180,1985,6.32,0.7892,0.623,111628689408.0,Tobacco,Consumer Defensive,NYQ,USD
AMZN,Amazon,Consumer Discretionary,Broadline Retail,"Seattle, Washington",2005-11-18,1018724,1994,0.0,0.0,1.314,2439169179648.0,Internet Retail,Consumer Cyclical,NMS,USD
AMCR,Amcor,Materials,Paper & Plastic Packaging Products & Materials,"Warmley, Bristol, United Kingdom",2019-06-07,1748790,2019 (1860),5.98,1.5859,0.735,19476066304.0,Packaging & Containers,Consumer Cyclical,NYQ,USD
AEE,Ameren,Utilities,Multi-Utilities,"St. Louis, Missouri",1991-09-19,1002910,1902,2.82,0.6066,0.461,27268141056.0,Utilities - Regulated Electric,Utilities,NYQ,USD
AEP,American Electric Power,Utilities,Electric Utilities,"Columbus, Ohio",1957-03-04,4904,1906,3.29,0.5381,0.388,60233961472.0,Utilities - Regulated Electric,Utilities,NMS,USD
AXP,American Express,Financials,Consumer Finance,"New York City, New York",1976-06-30,4962,1850,1.04,0.21350001,1.283,223099764736.0,Credit Services,Financial Services,NYQ,USD
AIG,American International Group,Financials,Multi-line Insurance,"New York City, New York",1980-03-31,5272,1919,2.17,0.3084,0.645,45749649408.0,Insurance - Diversified,Financial Services,NYQ,USD
AMT,American Tower,Real Estate,Telecom Tower REITs,"Boston, Massachusetts",2007-11-19,1053507,1995,3.22,1.2411,0.832,97138671616.0,REIT - Specialty,Real Estate,NYQ,USD
AWK,American Water Works,Utilities,Water Utilities,"Camden, New Jersey",2016-03-04,1410636,1886,2.29,0.56259996,0.644,28084502528.0,Utilities - Regulated Water,Utilities,NYQ,USD
AMP,Ameriprise Financial,Financials,Asset Management & Custody Banks,"Minneapolis, Minnesota",2005-10-03,820027,1894,1.25,0.1882,1.233,48728047616.0,Asset Management,Financial Services,NYQ,USD
AME,Ametek,Industrials,Electrical Components & Equipment,"Berwyn, Pennsylvania",2013-09-23,1037868,1930,0.67,0.19,1.103,43137589248.0,Specialty Industrial Machinery,Industrials,NYQ,USD
AMGN,Amgen,Health Care,Biotechnology,"Thousand Oaks, California",1992-01-02,318154,1980,3.3,0.7572,0.48,155898855424.0,Drug Manufacturers - General,Healthcare,NMS,USD
APH,Amphenol,Information Technology,Electronic Components,"Wallingford, Connecticut",2008-09-30,820313,1932,0.6,0.2629,1.133,134179119104.0,Electronic Components,Technology,NYQ,USD
ADI,Analog Devices,Information Technology,Semiconductors,"Wilmington, Massachusetts",1999-10-12,6281,1965,1.56,0.97199994,1.052,125758464000.0,Semiconductors,Technology,NMS,USD
AON,Aon plc,Financials,Insurance Brokers,"London, United Kingdom",1996-04-23,315293,1982 (1919),0.8,0.2334,0.832,79566364672.0,Insurance Brokers,Financial Services,NYQ,USD
APA,APA Corporation,Energy,Oil & Gas Exploration & Production,"Houston, Texas",1997-07-28,1841666,1954,4.47,0.346,1.229,7914226176.0,Oil & Gas E&P,Energy,NMS,USD
APO,Apollo Global Management,Financials,Asset Management & Custody Banks,"New York City, New York",2024-12-23,1858681,1990,1.52,0.354,1.607,76880429056.0,Asset Management,Financial Services,NYQ,USD
AAPL,Apple Inc.,Information Technology,"Technology Hardware, Storage & Peripherals","Cupertino, California",1982-11-30,320193,1977,0.46,0.1533,1.165,3403051958272.0,Consumer Electronics,Technology,NMS,USD
AMAT,Applied Materials,Information Technology,Semiconductor Materials & Equipment,"Santa Clara, California",1995-03-16,6951,1967,1.14,0.1981,1.694,131055566848.0,Semiconductor Equipment & Materials,Technology,NMS,USD
APTV,Aptiv,Consumer Discretionary,Automotive Parts & Equipment,"Dublin, Ireland",2012-12-24,1521332,1994,0.0,0.0,1.484,17394667520.0,Auto Parts,Consumer Cyclical,NYQ,USD
ACGL,Arch Capital Group,Financials,Property & Casualty Insurance,"Hamilton, Bermuda",2022-11-01,947484,1995,0.0,0.0,0.475,33925699584.0,Insurance - Diversified,Financial Services,NMS,USD
ADM,Archer Daniels Midland,Consumer Staples,Agricultural Products & Services,"Chicago, Illinois",1957-03-04,7084,1902,3.18,0.8783,0.662,30182748160.0,Farm Products,Consumer Defensive,NYQ,USD
ANET,Arista Networks,Information Technology,Communications Equipment,"Santa Clara, California",2018-08-28,1596532,2004,0.0,0.0,1.37,168759934976.0,Computer Hardware,Technology,NYQ,USD
AJG,Arthur J. Gallagher & Co.,Financials,Insurance Brokers,"Rolling Meadows, Illinois",2016-05-31,354190,1927,0.87,0.3782,0.686,76960178176.0,Insurance Brokers,Financial Services,NYQ,USD
AIZ,Assurant,Financials,Multi-line Insurance,"Atlanta, Georgia",2007-04-10,1267238,1892,1.5,0.22629999,0.579,10810379264.0,Insurance - Property & Casualty,Financial Services,NYQ,USD
T,AT&T,Communication Services,Integrated Telecommunication Services,"Dallas, Texas",1983-11-30,732717,1983 (1885),3.86,0.6343,0.622,204215123968.0,Telecom Services,Communication Services,NYQ,USD
ATO,Atmos Energy,Utilities,Gas Utilities,"Dallas, Texas",2019-02-15,731802,1906,2.1,0.4723,0.683,26648588288.0,Utilities - Regulated Gas,Utilities,NYQ,USD
ADSK,Autodesk,Information Technology,Application Software,"San Francisco, California",1989-12-01,769397,1982,0.0,0.0,1.468,60428767232.0,Software - Application,Technology,NMS,USD
ADP,Automatic Data Processing,Industrials,Human Resource & Employment Services,"Roseland, New Jersey",1981-03-31,8670,1949,2.03,0.6032,0.82,122910302208.0,Software - Application,Technology,NMS,USD
AZO,AutoZone,Consumer Discretionary,Automotive Retail,"Memphis, Tennessee",1997-01-02,866787,1979,0.0,0.0,0.378,69928812544.0,Auto Parts,Consumer Cyclical,NYQ,USD
AVB,AvalonBay Communities,Real Estate,Multi-Family Residential REITs,"Arlington, Virginia",2007-01-10,915912,1978,3.64,0.84769994,0.866,27338960896.0,REIT - Residential,Real Estate,NYQ,USD
AVY,Avery Dennison,Materials,Paper & Plastic Packaging Products & Materials,"Mentor, Ohio",1987-12-31,8818,1935,2.14,0.4013,0.888,13507973120.0,Packaging & Containers,Consumer Cyclical,NYQ,USD
AXON,Axon Enterprise,Industrials,Aerospace & Defense,"Scottsdale, Arizona",2023-05-04,1069183,1993,0.0,0.0,1.362,60371456000.0,Aerospace & Defense,Industrials,NMS,USD
BKR,Baker Hughes,Energy,Oil & Gas Equipment & Services,"Houston, Texas",2017-07-07,1701605,2017,2.07,0.2876,0.923,43822321664.0,Oil & Gas Equipment & Services,Energy,NMS,USD
BALL,Ball Corporation,Materials,"Metal, Glass & Plastic Containers","Broomfield, Colorado",1984-10-31,9389,1880,1.51,0.396,1.082,14331365376.0,Packaging & Containers,Consumer Cyclical,NYQ,USD
BAC,Bank of America,Financials,Diversified Banks,"Charlotte, North Carolina",1976-06-30,70858,1998 (1923 / 1874),2.26,0.305,1.315,372199227392.0,Banks - Diversified,Financial Services,NYQ,USD
BAX,Baxter International,Health Care,Health Care Equipment,"Deerfield, Illinois",1972-09-30,10456,1931,2.77,3.0769,0.591,12583714816.0,Medical Instruments & Supplies,Healthcare,NYQ,USD
BDX,Becton Dickinson,Health Care,Health Care Equipment,"Franklin Lakes, New Jersey",1972-09-30,10795,1897,2.14,0.74410003,0.224,55625707520.0,Medical Instruments & Supplies,Healthcare,NYQ,USD
BRK-B,Berkshire Hathaway,Financials,Multi-Sector Holdings,"Omaha, Nebraska",2010-02-16,1067983,1839,0.0,0.0,0.8,1062080872448.0,Insurance - Diversified,Financial Services,NYQ,USD
BBY,Best Buy,Consumer Discretionary,Computer & Electronics Retail,"Richfield, Minnesota",1999-06-29,764478,1966,5.11,0.9195,1.228,15569933312.0,Specialty Retail,Consumer Cyclical,NYQ,USD
TECH,Bio-Techne,Health Care,Life Sciences Tools & Services,"Minneapolis, Minnesota",2021-08-30,842023,1976,0.56,0.6957,1.394,8833684480.0,Biotechnology,Healthcare,NMS,USD
BIIB,Biogen,Health Care,Biotechnology,"Cambridge, Massachusetts",2003-11-13,875045,1978,0.0,0.0,0.133,20045203456.0,Drug Manufacturers - General,Healthcare,NMS,USD
BLK,BlackRock,Financials,Asset Management & Custody Banks,"New York City, New York",2011-04-04,2012383,1988,1.83,0.4984,1.432,176501440512.0,Asset Management,Financial Services,NYQ,USD
BX,Blackstone Inc.,Financials,Asset Management & Custody Banks,"New York City, New York",2023-09-18,1393818,1985,2.51,1.0946,1.699,210546884608.0,Asset Management,Financial Services,NYQ,USD
XYZ,"Block, Inc.",Financials,Transaction & Payment Processing Services,none,2025-07-23,1512673,2009,0.0,0.0,2.711,48023027712.0,Software - Infrastructure,Technology,NYQ,USD
BK,BNY Mellon,Financials,Asset Management & Custody Banks,"New York City, New York",1995-03-31,1390777,1784,2.06,0.2875,1.118,73761153024.0,Banks - Diversified,Financial Services,NYQ,USD
BA,Boeing,Industrials,Aerospace & Defense,"Arlington, Virginia",1957-03-04,12927,1916,0.0,0.0,1.476,177568595968.0,Aerospace & Defense,Industrials,NYQ,USD
BKNG,Booking Holdings,Consumer Discretionary,"Hotels, Resorts & Cruise Lines","Norwalk, Connecticut",2009-11-06,1075531,1996,0.67,0.2558,1.413,184920522752.0,Travel Services,Consumer Cyclical,NMS,USD
BSX,Boston Scientific,Health Care,Health Care Equipment,"Marlborough, Massachusetts",1995-02-24,885725,1979,0.0,0.0,0.66,157643390976.0,Medical Devices,Healthcare,NYQ,USD
BMY,Bristol Myers Squibb,Health Care,Pharmaceuticals,"New York City, New York",1957-03-04,14272,1989 (1887),5.26,0.98800004,0.372,96093118464.0,Drug Manufacturers - General,Healthcare,NYQ,USD
AVGO,Broadcom,Information Technology,Semiconductors,"Palo Alto, California",2014-05-08,1730168,1961,0.8,0.8157,1.167,1401681215488.0,Semiconductors,Technology,NMS,USD
BR,Broadridge Financial Solutions,Industrials,Data Processing & Outsourced Services,"Lake Success, New York",2018-06-18,1383312,1962,1.52,0.49580002,0.951,30136121344.0,Information Technology Services,Technology,NYQ,USD
BRO,Brown & Brown,Financials,Insurance Brokers,"Daytona Beach, Florida",2021-09-20,79282,1939,0.62,0.1671,0.783,31681421312.0,Insurance Brokers,Financial Services,NYQ,USD
BF-B,Brown–Forman,Consumer Staples,Distillers & Vintners,"Louisville, Kentucky",1982-10-31,14693,1870,2.92,0.48290002,0.53,14126214144.0,Beverages - Wineries & Distilleries,Consumer Defensive,NYQ,USD
BLDR,Builders FirstSource,Industrials,Building Products,"Irving, Texas",2023-12-18,1316835,1998,0.0,0.0,1.685,15771740160.0,Building Products & Equipment,Industrials,NYQ,USD
BG,Bunge Global,Consumer Staples,Agricultural Products & Services,"Chesterfield, Missouri",2023-03-15,1996862,1818,3.18,0.2762,0.646,16991265792.0,Farm Products,Consumer Defensive,NYQ,USD
BXP,"BXP, Inc.",Real Estate,Office REITs,"Boston, Massachusetts",2006-04-03,1037540,1970,5.63,196.0,1.192,12284273664.0,REIT - Office,Real Estate,NYQ,USD
CHRW,C.H. Robinson,Industrials,Air Freight & Logistics,"Eden Prairie, Minnesota",2007-03-02,1043277,1905,1.96,0.5636,0.863,14985748480.0,Integrated Freight & Logistics,Industrials,NMS,USD
CDNS,Cadence Design Systems,Information Technology,Application Software,"San Jose, California",2017-09-18,813672,1988,0.0,0.0,0.975,93744726016.0,Software - Application,Technology,NMS,USD
CZR,Caesars Entertainment,Consumer Discretionary,Casinos & Gaming,"Reno, Nevada",2021-03-22,1590895,1973,0.0,0.0,2.402,5436910592.0,Resorts & Casinos,Consumer Cyclical,NMS,USD
CPT,Camden Property Trust,Real Estate,Multi-Family Residential REITs,"Houston, Texas",2022-04-04,906345,1981,3.86,2.9091,0.791,11668346880.0,REIT - Residential,Real Estate,NYQ,USD
CPB,Campbell's Company (The),Consumer Staples,Packaged Foods & Meats,"Camden, New Jersey",1957-03-04,16732,1869,4.8,1.0133001,0.083,9531215872.0,Packaged Foods,Consumer Defensive,NMS,USD
COF,Capital One,Financials,Consumer Finance,"Tysons Corner, Virginia",1998-07-01,927628,1994,1.09,6.6667,1.165,143840165888.0,Credit Services,Financial Services,NYQ,USD
CAH,Cardinal Health,Health Care,Health Care Distributors,"Dublin, Ohio",1997-05-27,721371,1971,1.4,0.3143,0.683,35219726336.0,Medical Distribution,Healthcare,NYQ,USD
KMX,CarMax,Consumer Discretionary,Automotive Retail,"Richmond, Virginia",2010-06-28,1170010,1993,0.0,0.0,1.358,8954796032.0,Auto & Truck Dealerships,Consumer Cyclical,NYQ,USD
CCL,Carnival,Consumer Discretionary,"Hotels, Resorts & Cruise Lines","Miami, Florida",1998-12-22,815097,1972,0.0,0.0,2.707,43211894784.0,Travel Services,Consumer Cyclical,NYQ,USD
CARR,Carrier Global,Industrials,Building Products,"Palm Beach Gardens, Florida",2020-04-03,1783180,"2020 (1915, United Technologies spinoff)",1.36,0.3678,1.256,56576012288.0,Building Products & Equipment,Industrials,NYQ,USD
CAT,Caterpillar Inc.,Industrials,Construction Machinery & Heavy Transportation Equipment,"Irving, Texas",1957-03-04,18230,1925,1.4,0.2872,1.397,202036264960.0,Farm & Heavy Construction Machinery,Industrials,NYQ,USD
CBOE,Cboe Global Markets,Financials,Financial Exchanges & Data,"Chicago, Illinois",2017-03-01,1374310,1973,1.16,0.2958,0.456,25390268416.0,Financial Data & Stock Exchanges,Financial Services,BTS,USD
CBRE,CBRE Group,Real Estate,Real Estate Services,"Dallas, Texas",2006-11-10,1138118,1906,0.0,0.0,1.347,48626270208.0,Real Estate Services,Real Estate,NYQ,USD
CDW,CDW Corporation,Information Technology,Technology Distributors,"Vernon Hills, Illinois",2019-09-23,1402057,1984,1.5,0.3103,0.94,21450754048.0,Information Technology Services,Technology,NMS,USD
COR,Cencora,Health Care,Health Care Distributors,"Conshohocken, Pennsylvania",2001-08-30,1140859,1985,0.76,0.2218,0.579,56166457344.0,Medical Distribution,Healthcare,NYQ,USD
CNC,Centene Corporation,Health Care,Managed Health Care,"St. Louis, Missouri",2016-03-30,1071739,1984,0.0,0.0,0.4,14075871232.0,Healthcare Plans,Healthcare,NYQ,USD
CNP,CenterPoint Energy,Utilities,Multi-Utilities,"Houston, Texas",1985-07-31,1130310,1882,2.33,0.5944,0.572,24613011456.0,Utilities - Regulated Electric,Utilities,NYQ,USD
CF,CF Industries,Materials,Fertilizers & Agricultural Chemicals,"Deerfield, Illinois",2008-08-27,1324404,1946,2.32,0.26209998,0.923,14031719424.0,Agricultural Inputs,Basic Materials,NYQ,USD
CRL,Charles River Laboratories,Health Care,Life Sciences Tools & Services,"Wilmington, Massachusetts",2021-05-14,1100682,1947,0.0,0.0,1.481,8056857088.0,Diagnostics & Research,Healthcare,NYQ,USD
SCHW,Charles Schwab Corporation,Financials,Investment Banking & Brokerage,"Westlake, Texas",1997-06-02,316709,1971,1.12,0.2796,0.955,176511991808.0,Capital Markets,Financial Services,NYQ,USD
CHTR,Charter Communications,Communication Services,Cable & Satellite,"Stamford, Connecticut",2016-09-08,1091667,1993,0.0,0.0,1.022,36424724480.0,Telecom Services,Communication Services,NMS,USD
CVX,Chevron Corporation,Energy,Integrated Oil & Gas,"San Ramon, California",1957-03-04,93410,1879,4.32,0.8597,0.841,317052059648.0,Oil & Gas Integrated,Energy,NYQ,USD
CMG,Chipotle Mexican Grill,Consumer Discretionary,Restaurants,"Newport Beach, California",2011-04-28,1058090,1993,0.0,0.0,1.049,57014218752.0,Restaurants,Consumer Cyclical,NYQ,USD
CB,Chubb Limited,Financials,Property & Casualty Insurance,"Zurich, Switzerland",2010-07-15,896159,1985,1.41,0.1634,0.541,108443672576.0,Insurance - Property & Casualty,Financial Services,NYQ,USD
CHD,Church & Dwight,Consumer Staples,Household Products,"Ewing, New Jersey",2015-12-29,313927,1847,1.27,0.546,0.425,22504597504.0,Household & Personal Products,Consumer Defensive,NYQ,USD
CI,Cigna,Health Care,Health Care Services,"Bloomfield, Connecticut",1976-06-30,1739940,1982,2.01,0.3191,0.476,80163815424.0,Healthcare Plans,Healthcare,NYQ,USD
CINF,Cincinnati Financial,Financials,Property & Casualty Insurance,"Fairfield, Ohio",1997-12-18,20286,1950,2.27,0.2914,0.71,24017788928.0,Insurance - Property & Casualty,Financial Services,NMS,USD
CTAS,Cintas,Industrials,Diversified Support Services,"Mason, Ohio",2001-03-01,723254,1929,0.85,0.3545,1.017,85830279168.0,Specialty Business Services,Industrials,NMS,USD
CSCO,Cisco,Information Technology,Communications Equipment,"San Jose, California",1993-12-01,858877,1984,2.44,0.6207,0.909,270824390656.0,Communication Equipment,Technology,NMS,USD
C,Citigroup,Financials,Diversified Banks,"New York City, New York",1988-05-31,831001,1998,2.53,0.3309,1.366,176210952192.0,Banks - Diversified,Financial Services,NYQ,USD
CFG,Citizens Financial Group,Financials,Regional Banks,"Providence, Rhode Island",2016-01-29,759944,1828,3.31,0.5122,1.118,22132516864.0,Banks - Regional,Financial Services,NYQ,USD
CLX,Clorox,Consumer Staples,Household Products,"Oakland, California",1969-03-31,21076,1913,4.15,0.7485,0.486,14392099840.0,Household & Personal Products,Consumer Defensive,NYQ,USD
CME,CME Group,Financials,Financial Exchanges & Data,"Chicago, Illinois",2006-08-11,1156375,1848,1.84,1.0261,0.457,97882808320.0,Financial Data & Stock Exchanges,Financial Services,NMS,USD
CMS,CMS Energy,Utilities,Multi-Utilities,"Jackson, Michigan",1957-03-04,811156,1886,3.0,0.6239,0.348,21579059200.0,Utilities - Regulated Electric,Utilities,NYQ,USD
KO,Coca-Cola Company (The),Consumer Staples,Soft Drinks & Non-alcoholic Beverages,"Atlanta, Georgia",1957-03-04,21344,1886,2.96,0.7057,0.437,295791230976.0,Beverages - Non-Alcoholic,Consumer Defensive,NYQ,USD
CTSH,Cognizant,Information Technology,IT Consulting & Other Services,"Teaneck, New Jersey",2006-11-17,1058290,1994,1.72,0.2475,0.893,35008225280.0,Information Technology Services,Technology,NMS,USD
COIN,Coinbase,Financials,Financial Exchanges & Data,"New York City, New York",2025-05-19,1679788,2012,0.0,0.0,3.712,79260237824.0,Financial Data & Stock Exchanges,Financial Services,NMS,USD
CL,Colgate-Palmolive,Consumer Staples,Household Products,"New York City, New York",1957-03-04,21665,1806,2.47,0.56740004,0.353,68003713024.0,Household & Personal Products,Consumer Defensive,NYQ,USD
CMCSA,Comcast,Communication Services,Cable & Satellite,"Philadelphia, Pennsylvania",2002-11-19,1166691,1963,3.88,0.2123,0.922,124353634304.0,Telecom Services,Communication Services,NMS,USD
CAG,Conagra Brands,Consumer Staples,Packaged Foods & Meats,"Chicago, Illinois",1983-08-31,23217,1919,7.31,0.5833,0.077,8994661376.0,Packaged Foods,Consumer Defensive,NYQ,USD
COP,ConocoPhillips,Energy,Oil & Gas Exploration & Production,"Houston, Texas",1957-03-04,1163165,2002,3.18,0.4182,0.677,121209634816.0,Oil & Gas E&P,Energy,NYQ,USD
ED,Consolidated Edison,Utilities,Multi-Utilities,"New York City, New York",1957-03-04,1047862,1823,3.4,0.6109,0.227,35964219392.0,Utilities - Regulated Electric,Utilities,NYQ,USD
STZ,Constellation Brands,Consumer Staples,Distillers & Vintners,"Rochester, New York",2005-07-01,16918,1945,2.49,1.0453,0.669,27923953664.0,Beverages - Brewers,Consumer Defensive,NYQ,USD
CEG,Constellation Energy,Utilities,Electric Utilities,"Baltimore, Maryland",2022-02-02,1868275,1999,0.5,0.15439999,1.142,98901491712.0,Utilities - Renewable,Utilities,NMS,USD
COO,Cooper Companies (The),Health Care,Health Care Supplies,"San Ramon, California",2016-09-23,711404,1958,0.0,0.0,1.001,14696127488.0,Medical Instruments & Supplies,Healthcare,NMS,USD
CPRT,Copart,Industrials,Diversified Support Services,"Dallas, Texas",2018-07-02,900075,1982,0.0,0.0,1.044,47036600320.0,Specialty Business Services,Industrials,NMS,USD
GLW,Corning Inc.,Information Technology,Electronic Components,"Corning, New York",1995-02-27,24741,1851,1.68,1.1915001,1.065,57736122368.0,Electronic Components,Technology,NYQ,USD
CPAY,Corpay,Financials,Transaction & Payment Processing Services,"Atlanta, Georgia",2018-06-20,1175454,2000,0.0,0.0,0.961,22961684480.0,Software - Infrastructure,Technology,NYQ,USD
CTVA,Corteva,Materials,Fertilizers & Agricultural Chemicals,"Indianapolis, Indiana",2019-06-03,1755672,2019,0.98,0.3134,0.746,50212659200.0,Agricultural Inputs,Basic Materials,NYQ,USD
CSGP,CoStar Group,Real Estate,Real Estate Services,"Washington, D.C.",2022-09-19,1057352,1987,0.0,0.0,0.851,37861601280.0,Real Estate Services,Real Estate,NMS,USD
COST,Costco,Consumer Staples,Consumer Staples Merchandise Retail,"Issaquah, Washington",1993-10-01,909832,1976,0.55,0.2711,0.952,417462648832.0,Discount Stores,Consumer Defensive,NMS,USD
CTRA,Coterra,Energy,Oil & Gas Exploration & Production,"Houston, Texas",2008-06-23,858470,2021 (1989),3.69,0.4115,0.306,18239045632.0,Oil & Gas E&P,Energy,NYQ,USD
CRWD,CrowdStrike,Information Technology,Systems Software,"Austin, Texas",2024-06-24,1535527,2011,0.0,0.0,1.132,104085962752.0,Software - Infrastructure,Technology,NMS,USD
CCI,Crown Castle,Real Estate,Telecom Tower REITs,"Houston, Texas",2012-03-14,1051470,1994,4.13,2.2199001,0.912,44152303616.0,REIT - Specialty,Real Estate,NYQ,USD
CSX,CSX Corporation,Industrials,Rail Transportation,"Jacksonville, Florida",1957-03-04,277948,1980,1.58,0.3067,1.247,60421316608.0,Railroads,Industrials,NMS,USD
CMI,Cummins,Industrials,Construction Machinery & Heavy Transportation Equipment,"Columbus, Indiana",1965-03-31,26172,1919,2.02,0.3413,1.007,54902206464.0,Specialty Industrial Machinery,Industrials,NYQ,USD
CVS,CVS Health,Health Care,Health Care Services,"Woonsocket, Rhode Island",1957-03-04,64803,1996,3.74,0.7409,0.588,90749018112.0,Healthcare Plans,Healthcare,NYQ,USD
DHR,Danaher Corporation,Health Care,Life Sciences Tools & Services,"Washington, D.C.",1998-11-18,313616,1969,0.62,0.2505,0.761,147685720064.0,Diagnostics & Research,Healthcare,NYQ,USD
DRI,Darden Restaurants,Consumer Discretionary,Restaurants,"Orlando, Florida",1995-05-31,940944,1938,2.92,0.63060004,0.746,24016238592.0,Restaurants,Consumer Cyclical,NYQ,USD
DDOG,Datadog,Information Technology,Application Software,"New York City, New York",2025-07-09,1561550,2010,0.0,0.0,1.021,44049977344.0,Software - Application,Technology,NMS,USD
DVA,DaVita,Health Care,Health Care Services,"Denver, Colorado",2008-07-31,927066,1979,0.0,0.0,1.088,9915619328.0,Medical Care Facilities,Healthcare,NYQ,USD
DAY,Dayforce,Industrials,Human Resource & Employment Services,"Minneapolis, Minnesota",2021-09-20,1725057,1992,0.0,0.0,1.109,10978214912.0,Software - Application,Technology,NYQ,USD
DECK,Deckers Brands,Consumer Discretionary,Footwear,"Goleta, California",2024-03-18,910521,1973,0.0,0.0,0.991,16865117184.0,Footwear & Accessories,Consumer Cyclical,NYQ,USD
DE,Deere & Company,Industrials,Agricultural & Farm Machinery,"Moline, Illinois",1957-03-04,315189,1837,1.33,0.3305,1.067,132098580480.0,Farm & Heavy Construction Machinery,Industrials,NYQ,USD
DELL,Dell Technologies,Information Technology,"Technology Hardware, Storage & Peripherals","Round Rock, Texas",2024-09-23,1571996,2016,1.6,0.2915,1.095,88599281664.0,Computer Hardware,Technology,NYQ,USD
DAL,Delta Air Lines,Industrials,Passenger Airlines,"Atlanta, Georgia",2013-09-11,27904,1929,1.24,0.0872,1.559,39927771136.0,Airlines,Industrials,NYQ,USD
DVN,Devon Energy,Energy,Oil & Gas Exploration & Production,"Oklahoma City, Oklahoma",2000-08-30,1090012,1971,2.68,0.2568,1.109,22364004352.0,Oil & Gas E&P,Energy,NYQ,USD
DXCM,Dexcom,Health Care,Health Care Equipment,"San Diego, California",2020-05-12,1093557,1999,0.0,0.0,1.439,29850841088.0,Medical Devices,Healthcare,NMS,USD
FANG,Diamondback Energy,Energy,Oil & Gas Exploration & Production,"Midland, Texas",2018-12-03,1539838,2007,2.68,0.3797,1.066,41674407936.0,Oil & Gas E&P,Energy,NMS,USD
DLR,Digital Realty,Real Estate,Data Center REITs,"Austin, Texas",2016-05-18,1297996,2004,2.94,1.2808,0.941,58322305024.0,REIT - Specialty,Real Estate,NYQ,USD
DG,Dollar General,Consumer Staples,Consumer Staples Merchandise Retail,"Goodlettsville, Tennessee",2012-12-03,29534,1939,2.1,0.4504,0.312,24317845504.0,Discount Stores,Consumer Defensive,NYQ,USD
DLTR,Dollar Tree,Consumer Staples,Consumer Staples Merchandise Retail,"Chesapeake, Virginia",2011-12-19,935703,1986,0.0,0.0,0.884,23369779200.0,Discount Stores,Consumer Defensive,NMS,USD
D,Dominion Energy,Utilities,Multi-Utilities,"Richmond, Virginia",2016-11-30,715957,1983,4.44,0.88699996,0.56,51052421120.0,Utilities - Regulated Electric,Utilities,NYQ,USD
DPZ,Domino's,Consumer Discretionary,Restaurants,"Ann Arbor, Michigan",2020-05-12,1286681,1960,1.51,0.3775,1.096,15318422528.0,Restaurants,Consumer Cyclical,NMS,USD
DASH,DoorDash,Consumer Discretionary,Specialized Consumer Services,"San Francisco, California",2025-03-24,1792789,2012,0.0,0.0,1.701,106281844736.0,Internet Retail,Consumer Cyclical,NMS,USD
DOV,Dover Corporation,Industrials,Industrial Machinery & Supplies & Components,"Downers Grove, Illinois",1985-10-31,29905,1955,1.15,0.2658,1.257,24987187200.0,Specialty Industrial Machinery,Industrials,NYQ,USD
DOW,Dow Inc.,Materials,Commodity Chemicals,"Midland, Michigan",2019-04-01,1751788,2019 (1897),5.62,7.0,0.856,17536800768.0,Chemicals,Basic Materials,NYQ,USD
DHI,D. R. Horton,Consumer Discretionary,Homebuilding,"Arlington, Texas",2005-06-22,882184,1978,0.95,0.12060001,1.343,50195136512.0,Residential Construction,Consumer Cyclical,NYQ,USD
DTE,DTE Energy,Utilities,Multi-Utilities,"Detroit, Michigan",1957-03-04,936340,1995,3.15,0.6173,0.423,28667904000.0,Utilities - Regulated Electric,Utilities,NYQ,USD
DUK,Duke Energy,Utilities,Electric Utilities,"Charlotte, North Carolina",1976-06-30,1326160,1904,3.46,0.68410003,0.341,95865487360.0,Utilities - Regulated Electric,Utilities,NYQ,USD
DD,DuPont,Materials,Specialty Chemicals,"Wilmington, Delaware",2019-06-03,1666700,2017 (1802),2.13,9.2941,1.042,32366825472.0,Specialty Chemicals,Basic Materials,NYQ,USD
EMN,Eastman Chemical Company,Materials,Specialty Chemicals,"Kingsport, Tennessee",1994-01-01,915389,1920,4.85,0.4641,1.227,7841877504.0,Specialty Chemicals,Basic Materials,NYQ,USD
ETN,Eaton Corporation,Industrials,Electrical Components & Equipment,"Dublin, Ireland",1957-03-04,1551182,1911,1.2,0.3984,1.163,137041379328.0,Specialty Industrial Machinery,Industrials,NYQ,USD
EBAY,eBay Inc.,Consumer Discretionary,Broadline Retail,"San Jose, California",2002-07-22,1065088,1995,1.18,0.2489,1.268,43250479104.0,Internet Retail,Consumer Cyclical,NMS,USD
ECL,Ecolab,Materials,Specialty Chemicals,"Saint Paul, Minnesota",1989-01-31,31462,1923,0.93,0.3369,1.069,79193767936.0,Specialty Chemicals,Basic Materials,NYQ,USD
EIX,Edison International,Utilities,Electric Utilities,"Rosemead, California",1957-03-04,827052,1886,6.07,0.59360003,0.757,21135081472.0,Utilities - Regulated Electric,Utilities,NYQ,USD
EW,Edwards Lifesciences,Health Care,Health Care Equipment,"Irvine, California",2011-04-01,1099800,1958,0.0,0.0,1.081,47713615872.0,Medical Devices,Healthcare,NYQ,USD
EA,Electronic Arts,Communication Services,Interactive Home Entertainment,"Redwood City, California",2002-07-22,712515,1982,0.44,0.19,0.717,43093151744.0,Electronic Gaming & Multimedia,Communication Services,NMS,USD
ELV,Elevance Health,Health Care,Managed Health Care,"Indianapolis, Indiana",2002-07-25,1156039,2014 (1946),2.18,0.2834,0.588,69811937280.0,Healthcare Plans,Healthcare,NYQ,USD
EMR,Emerson Electric,Industrials,Electrical Components & Equipment,"Ferguson, Missouri",1965-03-31,32604,1890,1.59,0.5418,1.311,75049385984.0,Specialty Industrial Machinery,Industrials,NYQ,USD
ENPH,Enphase Energy,Information Technology,Semiconductor Materials & Equipment,"Fremont, California",2021-01-07,1463101,2006,0.0,0.0,1.589,4963308032.0,Solar,Technology,NGM,USD
ETR,Entergy,Utilities,Electric Utilities,"New Orleans, Louisiana",1957-03-04,65984,1913,2.69,0.5868,0.55,39993778176.0,Utilities - Regulated Electric,Utilities,NYQ,USD
EOG,EOG Resources,Energy,Oil & Gas Exploration & Production,"Houston, Texas",2000-11-02,821189,1999,3.36,0.3657,0.817,66228957184.0,Oil & Gas E&P,Energy,NYQ,USD
EPAM,EPAM Systems,Information Technology,IT Consulting & Other Services,"Newtown, Pennsylvania",2021-12-14,1352010,1993,0.0,0.0,1.667,9484067840.0,Information Technology Services,Technology,NYQ,USD
EQT,EQT Corporation,Energy,Oil & Gas Exploration & Production,"Pittsburgh, Pennsylvania",2022-10-03,33213,1888,1.22,0.3316,0.593,32894359552.0,Oil & Gas E&P,Energy,NYQ,USD
EFX,Equifax,Industrials,Research & Consulting Services,"Atlanta, Georgia",1997-06-19,33185,1899,0.8,0.32619998,1.641,30503577600.0,Consulting Services,Industrials,NYQ,USD
EQIX,Equinix,Real Estate,Data Center REITs,"Redwood City, California",2015-03-20,1101239,1998,2.4,1.7600999,0.888,76509093888.0,REIT - Specialty,Real Estate,NMS,USD
EQR,Equity Residential,Real Estate,Multi-Family Residential REITs,"Chicago, Illinois",2001-12-03,906107,1969,4.27,1.0292,0.935,25376878592.0,REIT - Residential,Real Estate,NYQ,USD
ERIE,Erie Indemnity,Financials,Insurance Brokers,"Erie, Pennsylvania",2024-09-23,922621,1925,1.5,0.4418,0.319,18306433024.0,Insurance Brokers,Financial Services,NMS,USD
ESS,Essex Property Trust,Real Estate,Multi-Family Residential REITs,"San Mateo, California",2014-04-02,920522,1971,3.87,0.8071,0.81,18287265792.0,REIT - Residential,Real Estate,NYQ,USD
EL,Estée Lauder Companies (The),Consumer Staples,Personal Care Products,"New York City, New York",2006-01-05,1001250,1946,1.58,4.7143,1.176,32325228544.0,Household & Personal Products,Consumer Defensive,NYQ,USD
EG,Everest Group,Financials,Reinsurance,"Hamilton, Bermuda",2017-06-19,1095073,1973,2.34,0.41799998,0.492,14207034368.0,Insurance - Reinsurance,Financial Services,NYQ,USD
EVRG,Evergy,Utilities,Electric Utilities,"Kansas City, Missouri",2018-06-05,1711269,1909,3.73,0.72660005,0.455,16515923968.0,Utilities - Regulated Electric,Utilities,NMS,USD
ES,Eversource Energy,Utilities,Electric Utilities,"Hartford, Connecticut",2009-07-24,72741,1966,4.75,1.2817,0.619,23792183296.0,Utilities - Regulated Electric,Utilities,NYQ,USD
EXC,Exelon,Utilities,Electric Utilities,"Chicago, Illinois",1957-03-04,1109357,2000,3.59,0.59319997,0.456,44863754240.0,Utilities - Regulated Electric,Utilities,NMS,USD
EXE,Expand Energy,Energy,Oil & Gas Exploration & Production,"Oklahoma City, Oklahoma",2025-03-24,895126,1989,3.37,1.411,0.45,22928697344.0,Oil & Gas E&P,Energy,NMS,USD
EXPE,Expedia Group,Consumer Discretionary,"Hotels, Resorts & Cruise Lines","Seattle, Washington",2007-10-02,1324424,1996,0.75,0.098500006,1.613,26429450240.0,Travel Services,Consumer Cyclical,NMS,USD
EXPD,Expeditors International,Industrials,Air Freight & Logistics,"Seattle, Washington",2007-10-10,746515,1979,1.28,0.2447,1.038,16503431168.0,Integrated Freight & Logistics,Industrials,NYQ,USD
EXR,Extra Space Storage,Real Estate,Self-Storage REITs,"Salt Lake City, Utah",2016-01-19,1289490,1977,4.62,1.4087,1.08,31148234752.0,REIT - Industrial,Real Estate,NYQ,USD
XOM,ExxonMobil,Energy,Integrated Oil & Gas,"Irving, Texas",1957-03-04,34088,1999,3.54,0.5568,0.502,475309735936.0,Oil & Gas Integrated,Energy,NYQ,USD
FFIV,"F5, Inc.",Information Technology,Communications Equipment,"Seattle, Washington",2010-12-20,1048695,1996,0.0,0.0,1.033,18128613376.0,Software - Infrastructure,Technology,NMS,USD
FDS,FactSet,Financials,Financial Exchanges & Data,"Norwalk, Connecticut",2021-12-20,1013237,1978,1.15,0.3045,0.822,14366583808.0,Financial Data & Stock Exchanges,Financial Services,NYQ,USD
FICO,Fair Isaac,Information Technology,Application Software,"Bozeman, Montana",2023-03-20,814547,1956,0.0,0.0,1.277,34088374272.0,Software - Application,Technology,NYQ,USD
FAST,Fastenal,Industrials,Trading Companies & Distributors,"Winona, Minnesota",2008-09-15,815556,1967,1.75,0.7971,0.949,57336094720.0,Industrial Distribution,Industrials,NMS,USD
FRT,Federal Realty Investment Trust,Real Estate,Retail REITs,"Rockville, Maryland",2016-02-01,34903,1962,4.56,1.1139,1.156,8571903488.0,REIT - Retail,Real Estate,NYQ,USD
FDX,FedEx,Industrials,Air Freight & Logistics,"Memphis, Tennessee",1980-12-31,1048911,1971,2.49,0.32840002,1.31,54527582208.0,Integrated Freight & Logistics,Industrials,NYQ,USD
FIS,Fidelity National Information Services,Financials,Transaction & Payment Processing Services,"Jacksonville, Florida",2006-11-10,1136893,1968,2.25,6.08,1.054,36566532096.0,Information Technology Services,Technology,NYQ,USD
FITB,Fifth Third Bancorp,Financials,Regional Banks,"Cincinnati, Ohio",1996-03-29,35527,1858,3.34,0.4611,0.933,29784913920.0,Banks - Regional,Financial Services,NMS,USD
FSLR,First Solar,Information Technology,Semiconductors,"Tempe, Arizona",2022-12-19,1274494,1999,0.0,0.0,1.48,21097826304.0,Solar,Technology,NMS,USD
FE,FirstEnergy,Utilities,Electric Utilities,"Akron, Ohio",1997-11-28,1031296,1997,4.08,0.75769997,0.46,25169041408.0,Utilities - Regulated Electric,Utilities,NYQ,USD
FI,Fiserv,Financials,Transaction & Payment Processing Services,"Brookfield, Wisconsin",2001-04-02,798354,1984,0.0,0.0,0.908,74950606848.0,Information Technology Services,Technology,NYQ,USD
F,Ford Motor Company,Consumer Discretionary,Automobile Manufacturers,"Dearborn, Michigan",1957-03-04,37996,1903,5.08,0.9615,1.498,47121543168.0,Auto Manufacturers,Consumer Cyclical,NYQ,USD
FTNT,Fortinet,Information Technology,Systems Software,"Sunnyvale, California",2018-10-11,1262039,2000,0.0,0.0,1.079,59500556288.0,Software - Infrastructure,Technology,NMS,USD
FTV,Fortive,Industrials,Industrial Machinery & Supplies & Components,"Everett, Washington",2016-07-01,1659166,2016,0.66,0.1441,1.065,16412679168.0,Scientific & Technical Instruments,Technology,NYQ,USD
FOXA,Fox Corporation (Class A),Communication Services,Broadcasting,"New York City, New York",2019-03-19,1754301,2019,0.94,0.11,0.546,25123416064.0,Entertainment,Communication Services,NMS,USD
FOX,Fox Corporation (Class B),Communication Services,Broadcasting,"New York City, New York",2019-03-19,1754301,2019,1.02,0.11,0.546,25075097600.0,Entertainment,Communication Services,NMS,USD
BEN,Franklin Resources,Financials,Asset Management & Custody Banks,"San Mateo, California",1998-04-30,38777,1947,5.05,2.4902,1.491,13130441728.0,Asset Management,Financial Services,NYQ,USD
FCX,Freeport-McMoRan,Materials,Copper,"Phoenix, Arizona",2011-07-01,831259,1912,1.37,0.45450002,1.628,63676395520.0,Copper,Basic Materials,NYQ,USD
GRMN,Garmin,Consumer Discretionary,Consumer Electronics,"Schaffhausen, Switzerland",2012-12-12,1121788,1989,1.55,0.38889998,0.999,44774105088.0,Scientific & Technical Instruments,Technology,NYQ,USD
IT,Gartner,Information Technology,IT Consulting & Other Services,"Stamford, Connecticut",2017-04-05,749251,1979,0.0,0.0,1.192,18413645824.0,Information Technology Services,Technology,NYQ,USD
GE,GE Aerospace,Industrials,Aerospace & Defense,"Evendale, Ohio",1957-03-04,40545,1892,0.54,0.2225,1.447,290496937984.0,Aerospace & Defense,Industrials,NYQ,USD
GEHC,GE HealthCare,Health Care,Health Care Equipment,"Chicago, Illinois",2023-01-04,1932393,1994,0.19,0.026600001,1.281,33826676736.0,Health Information Services,Healthcare,NMS,USD
GEV,GE Vernova,Industrials,Heavy Electrical Equipment,"Cambridge, Massachusetts",2024-04-02,1996810,2024,0.17,0.12109999,0.0,170387718144.0,Specialty Industrial Machinery,Industrials,NYQ,USD
GEN,Gen Digital,Information Technology,Systems Software,"Tempe, Arizona",2003-03-25,849399,1982,1.61,0.5208,0.995,18950289408.0,Software - Infrastructure,Technology,NMS,USD
GNRC,Generac,Industrials,Electrical Components & Equipment,"Waukesha, Wisconsin",2021-03-22,1474735,1959,0.0,0.0,1.681,11108540416.0,Specialty Industrial Machinery,Industrials,NYQ,USD
GD,General Dynamics,Industrials,Aerospace & Defense,"Falls Church, Virginia",1957-03-04,40533,1899,1.88,0.39220002,0.493,86664159232.0,Aerospace & Defense,Industrials,NYQ,USD
GIS,General Mills,Consumer Staples,Packaged Foods & Meats,"Golden Valley, Minnesota",1957-03-04,40704,1856,4.95,0.5854,-0.009,26333286400.0,Packaged Foods,Consumer Defensive,NYQ,USD
GM,General Motors,Consumer Discretionary,Automobile Manufacturers,"Detroit, Michigan",2013-06-06,1467858,1908,1.03,0.0779,1.357,55982186496.0,Auto Manufacturers,Consumer Cyclical,NYQ,USD
GPC,Genuine Parts Company,Consumer Discretionary,Distributors,"Atlanta, Georgia",1973-12-31,40987,1925,2.96,0.69879997,0.756,19299014656.0,Auto Parts,Consumer Cyclical,NYQ,USD
GILD,Gilead Sciences,Health Care,Biotechnology,"Foster City, California",2004-07-01,882095,1987,2.77,0.619,0.347,142382940160.0,Drug Manufacturers - General,Healthcare,NMS,USD
GPN,Global Payments,Financials,Transaction & Payment Processing Services,"Atlanta, Georgia",2016-04-25,1123360,2000,1.13,0.17040001,0.939,21405216768.0,Specialty Business Services,Industrials,NYQ,USD
GL,Globe Life,Financials,Life & Health Insurance,"McKinney, Texas",1989-04-30,320335,1900,0.77,0.081599995,0.557,11315379200.0,Insurance - Life,Financial Services,NYQ,USD
GDDY,GoDaddy,Information Technology,Internet Services & Infrastructure,"Tempe, Arizona",2024-06-24,1609711,1997,0.0,0.0,1.08,20248164352.0,Software - Infrastructure,Technology,NYQ,USD
GS,Goldman Sachs,Financials,Investment Banking & Brokerage,"New York City, New York",2002-07-22,886982,1869,2.17,0.2643,1.37,226722889728.0,Capital Markets,Financial Services,NYQ,USD
HAL,Halliburton,Energy,Oil & Gas Equipment & Services,"Houston, Texas",1957-03-04,45012,1919,3.04,0.3192,1.128,18654930944.0,Oil & Gas Equipment & Services,Energy,NYQ,USD
HIG,Hartford (The),Financials,Property & Casualty Insurance,"Hartford, Connecticut",1957-03-04,874766,1810,1.57,0.1844,0.667,37348077568.0,Insurance - Property & Casualty,Financial Services,NYQ,USD
HAS,Hasbro,Consumer Discretionary,Leisure Products,"Pawtucket, Rhode Island",1984-09-30,46080,1923,3.45,0.92410004,0.599,11443011584.0,Leisure,Consumer Cyclical,NMS,USD
HCA,HCA Healthcare,Health Care,Health Care Facilities,"Nashville, Tennessee",2015-01-27,860730,1968,0.72,0.1159,1.4,94056226816.0,Medical Care Facilities,Healthcare,NYQ,USD
DOC,Healthpeak Properties,Real Estate,Health Care REITs,"Denver, Colorado",2008-03-31,765880,1985,6.91,5.0417004,1.019,12182000640.0,REIT - Healthcare Facilities,Real Estate,NYQ,USD
HSIC,Henry Schein,Health Care,Health Care Distributors,"Melville, New York",2015-03-17,1000228,1932,0.0,0.0,0.817,8374767616.0,Medical Distribution,Healthcare,NMS,USD
HSY,Hershey Company (The),Consumer Staples,Packaged Foods & Meats,"Hershey, Pennsylvania",1957-03-04,47111,1894,3.03,0.7278,0.261,37179580416.0,Confectioners,Consumer Defensive,NYQ,USD
HPE,Hewlett Packard Enterprise,Information Technology,"Technology Hardware, Storage & Peripherals","Houston, Texas",2015-11-02,1645590,2015,2.3,0.5,1.383,29524951040.0,Communication Equipment,Technology,NYQ,USD
HLT,Hilton Worldwide,Consumer Discretionary,"Hotels, Resorts & Cruise Lines","Tysons Corner, Virginia",2017-06-19,1585689,1919,0.22,0.0923,1.267,64758317056.0,Lodging,Consumer Cyclical,NYQ,USD
HOLX,Hologic,Health Care,Health Care Equipment,"Marlborough, Massachusetts",2016-03-30,859737,1985,0.0,0.0,0.49,14819777536.0,Medical Instruments & Supplies,Healthcare,NMS,USD
HD,Home Depot (The),Consumer Discretionary,Home Improvement Retail,"Atlanta, Georgia",1988-03-31,354950,1978,2.25,0.6186,1.0,405472968704.0,Home Improvement Retail,Consumer Cyclical,NYQ,USD
HON,Honeywell,Industrials,Industrial Conglomerates,"Charlotte, North Carolina",1957-03-04,773840,1906,2.05,0.5085,1.065,141302677504.0,Conglomerates,Industrials,NMS,USD
HRL,Hormel Foods,Consumer Staples,Packaged Foods & Meats,"Austin, Minnesota",2009-03-04,48465,1891,4.02,0.84190005,0.31,15814979584.0,Packaged Foods,Consumer Defensive,NYQ,USD
HST,Host Hotels & Resorts,Real Estate,Hotel & Resort REITs,"Bethesda, Maryland",2007-03-20,1070750,1993,4.73,0.8511,1.355,11790560256.0,REIT - Hotel & Motel,Real Estate,NMS,USD
HWM,Howmet Aerospace,Industrials,Aerospace & Defense,"Pittsburgh, Pennsylvania",2016-10-21,4281,1888,0.28,0.105299994,1.482,70917931008.0,Aerospace & Defense,Industrials,NYQ,USD
HPQ,HP Inc.,Information Technology,"Technology Hardware, Storage & Peripherals","Palo Alto, California",1974-12-31,47217,1939 (2015),4.21,0.4346,1.309,25369763840.0,Computer Hardware,Technology,NYQ,USD
HUBB,Hubbell Incorporated,Industrials,Industrial Machinery & Supplies & Components,"Shelton, Connecticut",2023-10-18,48898,1888,1.21,0.3364,0.979,23515512832.0,Electrical Equipment & Parts,Industrials,NYQ,USD
HUM,Humana,Health Care,Managed Health Care,"Louisville, Kentucky",2012-12-10,49071,1961,1.19,0.2713,0.448,35945693184.0,Healthcare Plans,Healthcare,NYQ,USD
HBAN,Huntington Bancshares,Financials,Regional Banks,"Columbus, Ohio; Detroit, Michigan",1997-08-28,49196,1866,3.59,0.4627,0.958,25516335104.0,Banks - Regional,Financial Services,NMS,USD
HII,Huntington Ingalls Industries,Industrials,Aerospace & Defense,"Newport News, Virginia",2018-01-03,1501585,2011,1.99,0.4001,0.319,10663240704.0,Aerospace & Defense,Industrials,NYQ,USD
IBM,IBM,Information Technology,IT Consulting & Other Services,"Armonk, New York",1957-03-04,51143,1911,2.81,1.079,0.677,226014445568.0,Information Technology Services,Technology,NYQ,USD
IEX,IDEX Corporation,Industrials,Industrial Machinery & Supplies & Components,"Lake Forest, Illinois",2019-08-09,832101,1988,1.71,0.44979998,1.031,12497690624.0,Specialty Industrial Machinery,Industrials,NYQ,USD
IDXX,Idexx Laboratories,Health Care,Health Care Equipment,"Westbrook, Maine",2017-01-05,874716,1983,0.0,0.0,1.496,51340615680.0,Diagnostics & Research,Healthcare,NMS,USD
ITW,Illinois Tool Works,Industrials,Industrial Machinery & Supplies & Components,"Glenview, Illinois",1986-02-28,49826,1912,2.41,0.5268,1.108,77608960000.0,Specialty Industrial Machinery,Industrials,NYQ,USD
INCY,Incyte,Health Care,Biotechnology,"Wilmington, Delaware",2017-02-28,879169,1991,0.0,0.0,0.716,16403183616.0,Biotechnology,Healthcare,NMS,USD
IR,Ingersoll Rand,Industrials,Industrial Machinery & Supplies & Components,"Davidson, North Carolina",2020-03-03,1699150,1859,0.1,0.062,1.413,32245360640.0,Specialty Industrial Machinery,Industrials,NYQ,USD
PODD,Insulet Corporation,Health Care,Health Care Equipment,"Acton, Massachusetts",2023-03-15,1145197,2000,0.0,0.0,1.348,23358341120.0,Medical Devices,Healthcare,NMS,USD
INTC,Intel,Information Technology,Semiconductors,"Santa Clara, California",1976-12-31,50863,1968,0.0,2.0833,1.218,106579951616.0,Semiconductors,Technology,NMS,USD
IBKR,Interactive Brokers,Financials,Investment Banking & Brokerage,"Greenwich, Connecticut",2025-08-28,1381197,1977,0.51,0.14060001,1.223,107598610432.0,Capital Markets,Financial Services,NMS,USD
ICE,Intercontinental Exchange,Financials,Financial Exchanges & Data,"Atlanta, Georgia",2007-09-26,1571949,2000,1.07,0.357,1.12,102314885120.0,Financial Data & Stock Exchanges,Financial Services,NYQ,USD
IFF,International Flavors & Fragrances,Materials,Specialty Chemicals,"New York City, New York",1976-03-31,51253,1958 (1889),2.38,1.6841999,1.055,17099469824.0,Specialty Chemicals,Basic Materials,NYQ,USD
IP,International Paper,Materials,Paper & Plastic Packaging Products & Materials,"Memphis, Tennessee",1957-03-04,51434,1898,3.75,1.5812,0.994,25754961920.0,Packaging & Containers,Consumer Cyclical,NYQ,USD
IPG,Interpublic Group of Companies (The),Communication Services,Advertising,"New York City, New York",1992-10-01,51644,1961 (1930),4.87,1.1186,1.041,9786627072.0,Advertising Agencies,Communication Services,NYQ,USD
INTU,Intuit,Information Technology,Application Software,"Mountain View, California",2000-12-05,896878,1983,0.66,0.3043,1.287,183976706048.0,Software - Application,Technology,NMS,USD
ISRG,Intuitive Surgical,Health Care,Health Care Equipment,"Sunnyvale, California",2008-06-02,1035267,1995,0.0,0.0,1.599,170011295744.0,Medical Instruments & Supplies,Healthcare,NMS,USD
IVZ,Invesco,Financials,Asset Management & Custody Banks,"Atlanta, Georgia",2008-08-21,914208,1935,3.89,0.8871,1.512,9779990528.0,Asset Management,Financial Services,NYQ,USD
INVH,Invitation Homes,Real Estate,Single-Family Residential REITs,"Dallas, Texas",2022-09-19,1687229,2012,3.77,1.2921001,0.779,18807085056.0,REIT - Residential,Real Estate,NYQ,USD
IQV,IQVIA,Health Care,Life Sciences Tools & Services,"Durham, North Carolina",2017-08-29,1478242,1982,0.0,0.0,1.3,31919198208.0,Diagnostics & Research,Healthcare,NYQ,USD
IRM,Iron Mountain,Real Estate,Other Specialized REITs,"Boston, Massachusetts",2009-01-06,1020569,1951,3.42,21.4286,1.094,27003668480.0,REIT - Specialty,Real Estate,NYQ,USD
JBHT,J.B. Hunt,Industrials,Cargo Ground Transportation,"Lowell, Arkansas",2015-07-01,728535,1961,1.23,0.3164,1.284,13970074624.0,Integrated Freight & Logistics,Industrials,NMS,USD
JBL,Jabil,Information Technology,Electronic Manufacturing Services,"St. Petersburg, Florida",2023-12-18,898293,1966,0.15,0.061,1.2,22362058752.0,Electronic Components,Technology,NYQ,USD
JKHY,Jack Henry & Associates,Financials,Transaction & Payment Processing Services,"Monett, Missouri",2018-11-13,779152,1976,1.43,0.36220002,0.739,11802017792.0,Information Technology Services,Technology,NMS,USD
J,Jacobs Solutions,Industrials,Construction & Engineering,"Dallas, Texas",2007-10-26,52988,1947,0.87,0.31280002,0.777,17708062720.0,Engineering & Construction,Industrials,NYQ,USD
JNJ,Johnson & Johnson,Health Care,Pharmaceuticals,"New Brunswick, New Jersey",1973-06-30,200406,1886,2.91,0.5375,0.399,425047949312.0,Drug Manufacturers - General,Healthcare,NYQ,USD
JCI,Johnson Controls,Industrials,Building Products,"Cork, Ireland",2010-08-27,833444,1885,1.39,0.49330002,1.311,70974595072.0,Building Products & Equipment,Industrials,NYQ,USD
JPM,JPMorgan Chase,Financials,Diversified Banks,"New York City, New York",1975-06-30,19617,2000 (1799 / 1871),1.9,0.2718,1.107,820992868352.0,Banks - Diversified,Financial Services,NYQ,USD
K,Kellanova,Consumer Staples,Packaged Foods & Meats,"Chicago, Illinois",1989-09-11,55067,1906,2.9,0.5969,0.28,27747461120.0,Packaged Foods,Consumer Defensive,NYQ,USD
KVUE,Kenvue,Consumer Staples,Personal Care Products,"Skillman, New Jersey",2023-08-25,1944048,2022 (Johnson & Johnson spinoff),3.92,1.0933,0.785,39897464832.0,Household & Personal Products,Consumer Defensive,NYQ,USD
KDP,Keurig Dr Pepper,Consumer Staples,Soft Drinks & Non-alcoholic Beverages,"Burlington, Massachusetts",2022-06-21,1418135,1981,2.96,0.8142,0.465,39326838784.0,Beverages - Non-Alcoholic,Consumer Defensive,NMS,USD
KEY,KeyCorp,Financials,Regional Banks,"Cleveland, Ohio",1994-03-01,91576,1825,4.31,1.0789,1.112,21162833920.0,Banks - Regional,Financial Services,NYQ,USD
KEYS,Keysight Technologies,Information Technology,Electronic Equipment & Instruments,"Santa Rosa, California",2018-11-06,1601046,2014 (1939),0.0,0.0,1.116,28245983232.0,Scientific & Technical Instruments,Technology,NYQ,USD
KMB,Kimberly-Clark,Consumer Staples,Household Products,"Irving, Texas",1957-03-04,55785,1872,3.85,0.6785,0.341,43068362752.0,Household & Personal Products,Consumer Defensive,NMS,USD
KIM,Kimco Realty,Real Estate,Retail REITs,"Jericho, New York",2006-04-04,879101,1958,4.5,1.2073001,1.325,14972892160.0,REIT - Retail,Real Estate,NYQ,USD
KMI,Kinder Morgan,Energy,Oil & Gas Storage & Transportation,"Houston, Texas",2012-05-25,1506307,1997,4.42,0.9467,0.784,59151769600.0,Oil & Gas Midstream,Energy,NYQ,USD
KKR,KKR & Co.,Financials,Asset Management & Custody Banks,"New York City, New York",2024-06-24,1404912,1976,0.53,0.33490002,1.875,129646419968.0,Asset Management,Financial Services,NYQ,USD
KLAC,KLA Corporation,Information Technology,Semiconductor Materials & Equipment,"Milpitas, California",1997-09-30,319201,1975/1977 (1997),0.86,0.2223,1.432,117194563584.0,Semiconductor Equipment & Materials,Technology,NMS,USD
KHC,Kraft Heinz,Consumer Staples,Packaged Foods & Meats,"Chicago, Illinois; Pittsburgh, Pennsylvania",2015-07-06,1637459,2015 (1869),5.78,0.7306,0.2,32785721344.0,Packaged Foods,Consumer Defensive,NMS,USD
KR,Kroger,Consumer Staples,Food Retail,"Cincinnati, Ohio",1957-03-04,56873,1883,2.0,0.3406,0.58,45613150208.0,Grocery Stores,Consumer Defensive,NYQ,USD
LHX,L3Harris,Industrials,Aerospace & Defense,"Melbourne, Florida",2008-09-22,202058,"2019 (L3 1997, Harris 1895)",1.74,0.5274,0.771,51948802048.0,Aerospace & Defense,Industrials,NYQ,USD
LH,Labcorp,Health Care,Health Care Services,"Burlington, North Carolina",2004-11-01,920148,1978,1.04,0.3175,0.757,23139196928.0,Diagnostics & Research,Healthcare,NYQ,USD
LRCX,Lam Research,Information Technology,Semiconductor Materials & Equipment,"Fremont, California",2012-06-29,707549,1980,0.91,0.2217,1.661,131156197376.0,Semiconductor Equipment & Materials,Technology,NMS,USD
LW,Lamb Weston,Consumer Staples,Packaged Foods & Meats,"Eagle, Idaho",2018-12-03,1679273,2016 (1950),2.64,0.584,0.482,7861016064.0,Packaged Foods,Consumer Defensive,NYQ,USD
LVS,Las Vegas Sands,Consumer Discretionary,Casinos & Gaming,"Las Vegas, Nevada",2019-10-03,1300514,1988,1.78,0.45450002,1.07,38571851776.0,Resorts & Casinos,Consumer Cyclical,NYQ,USD
LDOS,Leidos,Industrials,Diversified Support Services,"Reston, Virginia",2019-08-09,1336920,1969,0.88,0.1491,0.661,23394959360.0,Information Technology Services,Technology,NYQ,USD
LEN,Lennar,Consumer Discretionary,Homebuilding,"Miami, Florida",2005-10-04,920760,1954,1.48,0.1657,1.312,34337816576.0,Residential Construction,Consumer Cyclical,NYQ,USD
LII,Lennox International,Industrials,Building Products,"Richardson, Texas",2024-12-23,1069202,1895,0.91,0.2032,1.106,19937605632.0,Building Products & Equipment,Industrials,NYQ,USD
LLY,Lilly (Eli),Health Care,Pharmaceuticals,"Indianapolis, Indiana",1970-12-31,59478,1876,0.86,0.366,0.436,659819266048.0,Drug Manufacturers - General,Healthcare,NYQ,USD
LIN,Linde plc,Materials,Industrial Gases,"Guildford, United Kingdom",1992-07-01,1707925,1879,1.26,0.4108,0.929,225977122816.0,Specialty Chemicals,Basic Materials,NMS,USD
LYV,Live Nation Entertainment,Communication Services,Movies & Entertainment,"Beverly Hills, California",2019-12-23,1335258,2010,0.0,0.0,1.463,38647508992.0,Entertainment,Communication Services,NYQ,USD
LKQ,LKQ Corporation,Consumer Discretionary,Distributors,"Chicago, Illinois",2016-05-23,1065696,1998,3.79,0.438,0.916,8097010176.0,Auto Parts,Consumer Cyclical,NMS,USD
LMT,Lockheed Martin,Industrials,Aerospace & Defense,"Bethesda, Maryland",1957-03-04,936468,1995,2.95,0.73230004,0.262,106333962240.0,Aerospace & Defense,Industrials,NYQ,USD
L,Loews Corporation,Financials,Multi-line Insurance,"New York City, New York",1995-05-31,60086,1959,0.26,0.0397,0.694,19892154368.0,Insurance - Property & Casualty,Financial Services,NYQ,USD
LOW,Lowe's,Consumer Discretionary,Home Improvement Retail,"Mooresville, North Carolina",1984-02-29,60667,1904/1946/1959,1.85,0.3815,0.886,144923115520.0,Home Improvement Retail,Consumer Cyclical,NYQ,USD
LULU,Lululemon Athletica,Consumer Discretionary,"Apparel, Accessories & Luxury Goods","Vancouver, Canada",2023-10-18,1397187,1998,0.0,0.0,1.167,24273422336.0,Apparel Retail,Consumer Cyclical,NMS,USD
LYB,LyondellBasell,Materials,Specialty Chemicals,"Rotterdam, Netherlands",2012-09-05,1489393,2007,9.61,11.468101,0.867,18205276160.0,Specialty Chemicals,Basic Materials,NYQ,USD
MTB,M&T Bank,Financials,Regional Banks,"Buffalo, New York",2004-02-23,36270,1856,3.03,0.35,0.621,31277238272.0,Banks - Regional,Financial Services,NYQ,USD
MPC,Marathon Petroleum,Energy,Oil & Gas Refining & Marketing,"Findlay, Ohio",2011-07-01,1510295,2009 (1887),2.11,0.51669997,0.874,52750508032.0,Oil & Gas Refining & Marketing,Energy,NYQ,USD
MKTX,MarketAxess,Financials,Financial Exchanges & Data,"New York City, New York",2019-07-01,1278021,2000,1.6,0.5051,0.837,7090902016.0,Capital Markets,Financial Services,NMS,USD
MAR,Marriott International,Consumer Discretionary,"Hotels, Resorts & Cruise Lines","Bethesda, Maryland",1998-05-29,1048286,1927,1.0,0.2883,1.441,72710021120.0,Lodging,Consumer Cyclical,NMS,USD
MMC,Marsh McLennan,Financials,Insurance Brokers,"New York City, New York",1987-08-31,62709,1905,1.74,0.39139998,0.775,101481021440.0,Insurance Brokers,Financial Services,NYQ,USD
MLM,Martin Marietta Materials,Materials,Construction Materials,"Raleigh, North Carolina",2014-07-02,916076,1993,0.55,0.175,0.891,37211213824.0,Building Materials,Basic Materials,NYQ,USD
MAS,Masco,Industrials,Building Products,"Livonia, Michigan",1981-06-30,62996,1929,1.66,0.3183,1.163,15547371520.0,Building Products & Equipment,Industrials,NYQ,USD
MA,Mastercard,Financials,Transaction & Payment Processing Services,"Harrison, New York",2008-07-18,1141391,1966,0.51,0.1915,1.029,534822551552.0,Credit Services,Financial Services,NYQ,USD
MTCH,Match Group,Communication Services,Interactive Media & Services,"Dallas, Texas",2021-09-20,891103,1986,2.04,0.28219998,1.37,8975200256.0,Internet Content & Information,Communication Services,NMS,USD
MKC,McCormick & Company,Consumer Staples,Packaged Foods & Meats,"Hunt Valley, Maryland",2003-03-20,63754,1889,2.55,0.6063,0.66,18874603520.0,Packaged Foods,Consumer Defensive,NYQ,USD
MCD,McDonald's,Consumer Discretionary,Restaurants,"Chicago, Illinois",1970-06-30,63908,1940,2.26,0.5981,0.521,223315230720.0,Restaurants,Consumer Cyclical,NYQ,USD
MCK,McKesson Corporation,Health Care,Health Care Distributors,"Irving, Texas",1999-01-13,927653,1833,0.48,0.1137,0.497,84645806080.0,Medical Distribution,Healthcare,NYQ,USD
MDT,Medtronic,Health Care,Health Care Equipment,"Dublin, Ireland",1986-10-31,1613103,1949,3.09,0.77620006,0.817,118106546176.0,Medical Devices,Healthcare,NYQ,USD
MRK,Merck & Co.,Health Care,Pharmaceuticals,"Kenilworth, New Jersey",1957-03-04,310158,1891,3.8,0.49310002,0.392,212286308352.0,Drug Manufacturers - General,Healthcare,NYQ,USD
META,Meta Platforms,Communication Services,Interactive Media & Services,"Menlo Park, California",2013-12-23,1326801,2004,0.28,0.0744,1.273,1894404718592.0,Internet Content & Information,Communication Services,NMS,USD
MET,MetLife,Financials,Life & Health Insurance,"New York City, New York",2000-12-11,1099219,1868,2.81,0.3739,0.831,53873758208.0,Insurance - Life,Financial Services,NYQ,USD
MTD,Mettler Toledo,Health Care,Life Sciences Tools & Services,"Columbus, Ohio",2016-09-06,1037646,1945,0.0,0.0,1.346,26464976896.0,Diagnostics & Research,Healthcare,NYQ,USD
MGM,MGM Resorts,Consumer Discretionary,Casinos & Gaming,"Paradise, Nevada",2017-07-26,789570,1986,0.0,0.0,1.816,10482075648.0,Resorts & Casinos,Consumer Cyclical,NYQ,USD
MCHP,Microchip Technology,Information Technology,Semiconductors,"Chandler, Arizona",2007-09-07,827054,1989,2.65,3.1772,1.537,36493164544.0,Semiconductors,Technology,NMS,USD
MU,Micron Technology,Information Technology,Semiconductors,"Boise, Idaho",1994-09-27,723125,1978,0.4,0.0829,1.374,130378645504.0,Semiconductors,Technology,NMS,USD
MSFT,Microsoft,Information Technology,Systems Software,"Redmond, Washington",1994-06-01,789019,1975,0.66,0.2375,1.055,3731748814848.0,Software - Infrastructure,Technology,NMS,USD
MAA,Mid-America Apartment Communities,Real Estate,Multi-Family Residential REITs,"Memphis, Tennessee",2016-12-02,912595,1977,4.27,1.2284,0.747,17117394944.0,REIT - Residential,Real Estate,NYQ,USD
MRNA,Moderna,Health Care,Biotechnology,"Cambridge, Massachusetts",2021-07-21,1682852,2010,0.0,0.0,1.829,9621948416.0,Biotechnology,Healthcare,NMS,USD
MHK,Mohawk Industries,Consumer Discretionary,Home Furnishings,"Calhoun, Georgia",2013-12-23,851968,1878,0.0,0.0,1.283,8148598272.0,"Furnishings, Fixtures & Appliances",Consumer Cyclical,NYQ,USD
MOH,Molina Healthcare,Health Care,Managed Health Care,"Long Beach, California",2022-03-02,1179929,1980,0.0,0.0,0.517,9473076224.0,Healthcare Plans,Healthcare,NYQ,USD
TAP,Molson Coors Beverage Company,Consumer Staples,Brewers,"Chicago, Illinois",1976-06-30,24545,"2005 (Molson 1786, Coors 1873)",3.64,0.35900003,0.669,9955828736.0,Beverages - Brewers,Consumer Defensive,NYQ,USD
MDLZ,Mondelez International,Consumer Staples,Packaged Foods & Meats,"Chicago, Illinois",2012-10-02,1103982,2012,3.23,0.6886,0.468,80289595392.0,Confectioners,Consumer Defensive,NMS,USD
MPWR,Monolithic Power Systems,Information Technology,Semiconductors,"Kirkland, Washington",2021-02-12,1280452,1997,0.74,0.147,1.183,40738852864.0,Semiconductors,Technology,NMS,USD
MNST,Monster Beverage,Consumer Staples,Soft Drinks & Non-alcoholic Beverages,"Corona, California",2012-06-28,865752,2012 (1935),0.0,0.0,0.551,60655710208.0,Beverages - Non-Alcoholic,Consumer Defensive,NMS,USD
MCO,Moody's Corporation,Financials,Financial Exchanges & Data,"New York City, New York",1998-07-01,1059556,1909,0.74,0.3044,1.395,91722407936.0,Financial Data & Stock Exchanges,Financial Services,NYQ,USD
MS,Morgan Stanley,Financials,Investment Banking & Brokerage,"New York City, New York",1993-07-29,895421,1935,2.71,0.41900003,1.32,237806764032.0,Capital Markets,Financial Services,NYQ,USD
MOS,Mosaic Company (The),Materials,Fertilizers & Agricultural Chemicals,"Tampa, Florida",2011-09-26,1285785,2004 (1865 / 1909),2.66,0.2915,1.127,10568686592.0,Agricultural Inputs,Basic Materials,NYQ,USD
MSI,Motorola Solutions,Information Technology,Communications Equipment,"Chicago, Illinois",1957-03-04,68505,1928 (2011),0.95,0.3419,0.977,75908112384.0,Communication Equipment,Technology,NYQ,USD
MSCI,MSCI Inc.,Financials,Financial Exchanges & Data,"New York City, New York",2018-04-04,1408198,1969,1.25,0.45060003,1.291,44208795648.0,Financial Data & Stock Exchanges,Financial Services,NYQ,USD
NDAQ,"Nasdaq, Inc.",Financials,Financial Exchanges & Data,"New York City, New York",2008-10-22,1120193,1971,1.15,0.3808,1.008,54453145600.0,Financial Data & Stock Exchanges,Financial Services,NMS,USD
NTAP,NetApp,Information Technology,"Technology Hardware, Storage & Peripherals","San Jose, California",1999-06-25,1002047,1992,1.87,0.3668,1.438,21892833280.0,Software - Infrastructure,Technology,NMS,USD
NFLX,Netflix,Communication Services,Movies & Entertainment,"Los Gatos, California",2010-12-20,1065280,1997,0.0,0.0,1.589,520997535744.0,Entertainment,Communication Services,NMS,USD
NEM,Newmont,Materials,Gold,"Denver, Colorado",1969-06-30,1164727,1921,1.41,0.18120001,0.318,79560736768.0,Gold,Basic Materials,NYQ,USD
NWSA,News Corp (Class A),Communication Services,Publishing,"New York City, New York",2013-08-01,1564708,2013 (News Corporation 1980),0.66,0.23809999,1.24,17616422912.0,Entertainment,Communication Services,NMS,USD
NWS,News Corp (Class B),Communication Services,Publishing,"New York City, New York",2015-09-18,1564708,2013 (News Corporation 1980),0.58,0.23809999,1.24,17643268096.0,Entertainment,Communication Services,NMS,USD
NEE,NextEra Energy,Utilities,Multi-Utilities,"Juno Beach, Florida",1976-06-30,753308,1984 (1925),3.01,0.7537,0.616,154117259264.0,Utilities - Regulated Electric,Utilities,NYQ,USD
NKE,"Nike, Inc.",Consumer Discretionary,"Apparel, Accessories & Luxury Goods","Washington County, Oregon",1988-11-30,320187,1964,2.02,0.72690004,1.276,116158185472.0,Footwear & Accessories,Consumer Cyclical,NYQ,USD
NI,NiSource,Utilities,Multi-Utilities,"Merrillville, Indiana",2000-11-02,1111711,1912,2.62,0.5798,0.535,19954835456.0,Utilities - Regulated Gas,Utilities,NYQ,USD
NDSN,Nordson Corporation,Industrials,Industrial Machinery & Supplies & Components,"Westlake, Ohio",2022-02-15,72331,1935,1.38,0.3925,0.894,12717769728.0,Specialty Industrial Machinery,Industrials,NMS,USD
NSC,Norfolk Southern,Industrials,Rail Transportation,"Atlanta, Georgia",1957-03-04,702165,1881/1894 (1980),1.95,0.3646,1.297,62072025088.0,Railroads,Industrials,NYQ,USD
NTRS,Northern Trust,Financials,Asset Management & Custody Banks,"Chicago, Illinois",1998-01-30,73124,1889,2.45,0.35209998,1.299,25142464512.0,Asset Management,Financial Services,NMS,USD
NOC,Northrop Grumman,Industrials,Aerospace & Defense,"West Falls Church, Virginia",1957-03-04,1133421,"1994 (Northrop 1939, Grumman 1930)",1.57,0.3133,0.145,84910391296.0,Aerospace & Defense,Industrials,NYQ,USD
NCLH,Norwegian Cruise Line Holdings,Consumer Discretionary,"Hotels, Resorts & Cruise Lines","Miami, Florida",2017-10-13,1513761,2011 (1966),0.0,0.0,2.25,11189959680.0,Travel Services,Consumer Cyclical,NYQ,USD
NRG,NRG Energy,Utilities,Independent Power Producers & Energy Traders,"Houston, Texas",2010-01-29,1013871,1992,1.22,0.7306,1.138,28285415424.0,Utilities - Independent Power Producers,Utilities,NYQ,USD
NUE,Nucor,Materials,Steel,"Charlotte, North Carolina",1985-04-30,73309,1940,1.47,0.3925,1.751,33959704576.0,Steel,Basic Materials,NYQ,USD
NVDA,Nvidia,Information Technology,Semiconductors,"Santa Clara, California",2001-11-30,1045810,1993,0.02,0.0128999995,2.145,4432934207488.0,Semiconductors,Technology,NMS,USD
NVR,"NVR, Inc.",Consumer Discretionary,Homebuilding,"Reston, Virginia",2019-09-26,906163,1980,0.0,0.0,0.941,22293381120.0,Residential Construction,Consumer Cyclical,NYQ,USD
NXPI,NXP Semiconductors,Information Technology,Semiconductors,"Eindhoven, Netherlands",2021-03-22,1413447,1953,1.71,0.4834,1.423,59957993472.0,Semiconductors,Technology,NMS,USD
ORLY,O’Reilly Automotive,Consumer Discretionary,Automotive Retail,"Springfield, Missouri",2009-03-27,898173,1957,0.0,0.0,0.559,87547920384.0,Auto Parts,Consumer Cyclical,NMS,USD
OXY,Occidental Petroleum,Energy,Oil & Gas Exploration & Production,"Houston, Texas",1957-03-04,797468,1920,2.07,0.5412,0.914,45323620352.0,Oil & Gas E&P,Energy,NYQ,USD
ODFL,Old Dominion,Industrials,Cargo Ground Transportation,"Thomasville, North Carolina",2019-12-09,878927,1934,0.72,0.21090001,1.247,32466751488.0,Trucking,Industrials,NMS,USD
OMC,Omnicom Group,Communication Services,Advertising,"New York City, New York",1997-12-31,29989,1986,3.54,0.40060002,0.957,15092960256.0,Advertising Agencies,Communication Services,NYQ,USD
ON,ON Semiconductor,Information Technology,Semiconductors,"Phoenix, Arizona",2022-06-21,1097864,1999,0.0,0.0,1.449,20853585920.0,Semiconductors,Technology,NMS,USD
OKE,Oneok,Energy,Oil & Gas Storage & Transportation,"Tulsa, Oklahoma",2010-03-15,1039684,1906,5.54,0.7875,0.99,46866444288.0,Oil & Gas Midstream,Energy,NYQ,USD
ORCL,Oracle Corporation,Information Technology,Application Software,"Austin, Texas",1989-08-31,1341439,1977,0.85,0.39169997,1.431,657856069632.0,Software - Infrastructure,Technology,NYQ,USD
OTIS,Otis Worldwide,Industrials,Industrial Machinery & Supplies & Components,"Farmington, Connecticut",2020-04-03,1781335,"2020 (1853, United Technologies spinoff)",1.93,0.42060003,0.943,34392584192.0,Specialty Industrial Machinery,Industrials,NYQ,USD
PCAR,Paccar,Industrials,Construction Machinery & Heavy Transportation Equipment,"Bellevue, Washington",1980-12-31,75362,1905,1.31,0.2161,0.917,52641574912.0,Farm & Heavy Construction Machinery,Industrials,NMS,USD
PKG,Packaging Corporation of America,Materials,Paper & Plastic Packaging Products & Materials,"Lake Forest, Illinois",2017-07-26,75677,1959,2.36,0.499,0.871,19041312768.0,Packaging & Containers,Consumer Cyclical,NYQ,USD
PLTR,Palantir Technologies,Information Technology,Application Software,"Denver, Colorado",2024-09-23,1321655,2003,0.0,0.0,2.597,381638311936.0,Software - Infrastructure,Technology,NMS,USD
PANW,Palo Alto Networks,Information Technology,Systems Software,"Santa Clara, California",2023-06-20,1327567,2005,0.0,0.0,0.943,123053842432.0,Software - Infrastructure,Technology,NMS,USD
PSKY,Paramount Skydance Corporation,Communication Services,Movies & Entertainment,"Los Angeles, California",1994-09-30,2041610,2025 (Paramount Pictures 1912),1.25,6.6667,1.188,17363015680.0,Entertainment,Communication Services,NMS,USD
PH,Parker Hannifin,Industrials,Industrial Machinery & Supplies & Components,"Cleveland, Ohio",1985-11-30,76334,1917,0.96,0.2467,1.369,96474677248.0,Specialty Industrial Machinery,Industrials,NYQ,USD
PAYX,Paychex,Industrials,Human Resource & Employment Services,"Penfield, New York",1998-10-01,723531,1971,3.12,0.8777,0.906,49728077824.0,Software - Application,Technology,NMS,USD
PAYC,Paycom,Industrials,Human Resource & Employment Services,"Oklahoma City, Oklahoma",2020-01-28,1590955,1998,0.65,0.2024,0.817,12712303616.0,Software - Application,Technology,NYQ,USD
PYPL,PayPal,Financials,Transaction & Payment Processing Services,"San Jose, California",2015-07-20,1633917,1998,0.0,0.0,1.422,67048427520.0,Credit Services,Financial Services,NMS,USD
PNR,Pentair,Industrials,Industrial Machinery & Supplies & Components,"Worsley, United Kingdom",2012-10-01,77360,1966,0.93,0.26229998,1.071,17896347648.0,Specialty Industrial Machinery,Industrials,NYQ,USD
PEP,PepsiCo,Consumer Staples,Soft Drinks & Non-alcoholic Beverages,"Purchase, New York",1957-03-04,77476,1898,3.84,0.9995,0.457,201254764544.0,Beverages - Non-Alcoholic,Consumer Defensive,NMS,USD
PFE,Pfizer,Health Care,Pharmaceuticals,"New York City, New York",1957-03-04,78003,1849,6.84,0.89949995,0.44,141683900416.0,Drug Manufacturers - General,Healthcare,NYQ,USD
PCG,PG&E Corporation,Utilities,Multi-Utilities,"Oakland, California",2022-10-03,1004980,1905,0.67,0.0787,0.545,33077489664.0,Utilities - Regulated Electric,Utilities,NYQ,USD
PM,Philip Morris International,Consumer Staples,Tobacco,"New York City, New York",2008-03-31,1413329,2008 (1847),3.23,0.7989,0.507,259452403712.0,Tobacco,Consumer Defensive,NYQ,USD
PSX,Phillips 66,Energy,Oil & Gas Refining & Marketing,"Houston, Texas",2012-05-01,1534701,2012 (1917),3.71,1.1044999,1.064,52491665408.0,Oil & Gas Refining & Marketing,Energy,NYQ,USD
PNW,Pinnacle West Capital,Utilities,Multi-Utilities,"Phoenix, Arizona",1999-10-04,764622,1985,3.98,0.7335,0.382,10743652352.0,Utilities - Regulated Electric,Utilities,NYQ,USD
PNC,PNC Financial Services,Financials,Diversified Banks,"Pittsburgh, Pennsylvania",1988-04-30,713676,1845,3.39,0.4375,1.09,80123977728.0,Banks - Regional,Financial Services,NYQ,USD
POOL,Pool Corporation,Consumer Discretionary,Distributors,"Covington, Louisiana",2020-10-07,945841,1993,1.56,0.4474,1.066,11881305088.0,Industrial Distribution,Industrials,NMS,USD
PPG,PPG Industries,Materials,Specialty Chemicals,"Pittsburgh, Pennsylvania",1957-03-04,79879,1883,2.53,0.4919,1.156,25407049728.0,Specialty Chemicals,Basic Materials,NYQ,USD
PPL,PPL Corporation,Utilities,Electric Utilities,"Allentown, Pennsylvania",2001-10-01,922224,1920,2.99,0.797,0.657,27007088640.0,Utilities - Regulated Electric,Utilities,NYQ,USD
PFG,Principal Financial Group,Financials,Life & Health Insurance,"Des Moines, Iowa",2002-07-22,1126328,1879,3.89,0.5968,0.996,17943963648.0,Asset Management,Financial Services,NMS,USD
PG,Procter & Gamble,Consumer Staples,Personal Care Products,"Cincinnati, Ohio",1957-03-04,80424,1837,2.71,0.62619996,0.373,365339443200.0,Household & Personal Products,Consumer Defensive,NYQ,USD
PGR,Progressive Corporation,Financials,Property & Casualty Insurance,"Mayfield Village, Ohio",1997-08-04,80661,1937,2.01,0.2761,0.332,144271998976.0,Insurance - Property & Casualty,Financial Services,NYQ,USD
PLD,Prologis,Real Estate,Industrial REITs,"San Francisco, California",2003-07-17,1045609,1983,3.62,1.0619999,1.223,103339810816.0,REIT - Industrial,Real Estate,NYQ,USD
PRU,Prudential Financial,Financials,Life & Health Insurance,"Newark, New Jersey",2002-07-22,1137774,1875,4.95,1.1674,1.043,38495526912.0,Insurance - Life,Financial Services,NYQ,USD
PEG,Public Service Enterprise Group,Utilities,Electric Utilities,"Newark, New Jersey",1957-03-04,788784,1903,3.05,0.62119997,0.468,41658208256.0,Utilities - Regulated Electric,Utilities,NYQ,USD
PTC,PTC Inc.,Information Technology,Application Software,"Boston, Massachusetts",2021-04-20,857005,1985,0.0,0.0,1.177,25465595904.0,Software - Application,Technology,NMS,USD
PSA,Public Storage,Real Estate,Self-Storage REITs,"Glendale, California",2005-08-19,1393311,1972,4.14,1.3086,0.848,50684862464.0,REIT - Industrial,Real Estate,NYQ,USD
PHM,PulteGroup,Consumer Discretionary,Homebuilding,"Atlanta, Georgia",1984-04-30,822416,1956,0.67,0.0644,1.234,25871687680.0,Residential Construction,Consumer Cyclical,NYQ,USD
PWR,Quanta Services,Industrials,Construction & Engineering,"Houston, Texas",2009-07-01,1050915,1997,0.11,0.060500003,1.102,57206386688.0,Engineering & Construction,Industrials,NYQ,USD
QCOM,Qualcomm,Information Technology,Semiconductors,"San Diego, California",1999-07-22,804328,1985,2.28,0.33200002,1.228,171744444416.0,Semiconductors,Technology,NMS,USD
DGX,Quest Diagnostics,Health Care,Health Care Services,"Secaucus, New Jersey",2002-12-12,1022079,1967,1.79,0.4611,0.459,20168396800.0,Diagnostics & Research,Healthcare,NYQ,USD
RL,Ralph Lauren Corporation,Consumer Discretionary,"Apparel, Accessories & Luxury Goods","New York City, New York",2007-02-02,1037038,1967,1.27,0.2706,1.543,17760385024.0,Apparel Manufacturing,Consumer Cyclical,NYQ,USD
RJF,Raymond James Financial,Financials,Investment Banking & Brokerage,"St. Petersburg, Florida",2017-03-20,720005,1962,1.21,0.1912,1.061,33488537600.0,Asset Management,Financial Services,NYQ,USD
RTX,RTX Corporation,Industrials,Aerospace & Defense,"Waltham, Massachusetts",1957-03-04,101829,1922,1.74,0.5648,0.672,213590835200.0,Aerospace & Defense,Industrials,NYQ,USD
O,Realty Income,Real Estate,Retail REITs,"San Diego, California",2015-04-07,726728,1969,5.55,3.0942001,0.768,53148606464.0,REIT - Retail,Real Estate,NYQ,USD
REG,Regency Centers,Real Estate,Retail REITs,"Jacksonville, Florida",2017-03-02,910606,1963,3.92,1.3014,1.058,13163585536.0,REIT - Retail,Real Estate,NMS,USD
REGN,Regeneron Pharmaceuticals,Health Care,Biotechnology,"Tarrytown, New York",2013-05-01,872589,1988,0.61,0.0444,0.327,62283264000.0,Biotechnology,Healthcare,NMS,USD
RF,Regions Financial Corporation,Financials,Regional Banks,"Birmingham, Alabama",1998-08-28,1281761,1971,3.98,0.4673,1.022,24163698688.0,Banks - Regional,Financial Services,NYQ,USD
RSG,Republic Services,Industrials,Environmental & Facilities Services,"Phoenix, Arizona",2008-12-05,1060391,1998 (1981),1.08,0.3432,0.607,73161572352.0,Waste Management,Industrials,NYQ,USD
RMD,ResMed,Health Care,Health Care Equipment,"San Diego, California",2017-07-26,943819,1989,0.84,0.2229,0.772,41753169920.0,Medical Instruments & Supplies,Healthcare,NYQ,USD
RVTY,Revvity,Health Care,Health Care Equipment,"Waltham, Massachusetts",1985-05-31,31791,1937,0.3,0.121700004,0.916,10589340672.0,Diagnostics & Research,Healthcare,NYQ,USD
ROK,Rockwell Automation,Industrials,Electrical Components & Equipment,"Milwaukee, Wisconsin",2000-03-12,1024478,1903,1.5,0.608,1.388,39989403648.0,Specialty Industrial Machinery,Industrials,NYQ,USD
ROL,"Rollins, Inc.",Industrials,Environmental & Facilities Services,"Atlanta, Georgia",2018-10-01,84839,1948,1.17,0.6386,0.687,27367620608.0,Personal Services,Consumer Cyclical,NYQ,USD
ROP,Roper Technologies,Information Technology,Electronic Equipment & Instruments,"Sarasota, Florida",2009-12-23,882835,1981,0.62,0.2212,0.996,56438165504.0,Software - Application,Technology,NMS,USD
ROST,Ross Stores,Consumer Discretionary,Apparel Retail,"Dublin, California",2009-12-21,745732,1982,1.1,0.24520001,1.121,48514441216.0,Apparel Retail,Consumer Cyclical,NMS,USD
RCL,Royal Caribbean Group,Consumer Discretionary,"Hotels, Resorts & Cruise Lines","Miami, Florida",2014-12-05,884887,1997,0.87,0.1822,2.229,96085688320.0,Travel Services,Consumer Cyclical,NYQ,USD
SPGI,S&P Global,Financials,Financial Exchanges & Data,"New York City, New York",1957-03-04,64040,1917,0.7,0.2875,1.188,168623292416.0,Financial Data & Stock Exchanges,Financial Services,NYQ,USD
CRM,Salesforce,Information Technology,Application Software,"San Francisco, California",2008-09-15,1108524,1999,0.67,0.2529,1.37,233015443456.0,Software - Application,Technology,NYQ,USD
SBAC,SBA Communications,Real Estate,Telecom Tower REITs,"Boca Raton, Florida",2017-09-01,1034054,1989,2.0,0.5129,0.767,23498819584.0,REIT - Specialty,Real Estate,NMS,USD
SLB,Schlumberger,Energy,Oil & Gas Equipment & Services,"Houston, Texas",1957-03-04,87347,1926,3.2,0.3836,1.039,52685783040.0,Oil & Gas Equipment & Services,Energy,NYQ,USD
STX,Seagate Technology,Information Technology,"Technology Hardware, Storage & Peripherals","Dublin, Ireland",2012-07-02,1137789,1979,1.76,0.4225,1.525,35142746112.0,Computer Hardware,Technology,NMS,USD
SRE,Sempra,Utilities,Multi-Utilities,"San Diego, California",2017-03-17,1032208,1998,3.16,0.61259997,0.632,53359161344.0,Utilities - Diversified,Utilities,NYQ,USD
NOW,ServiceNow,Information Technology,Systems Software,"Santa Clara, California",2019-11-21,1373715,2003,0.0,0.0,0.929,179433373696.0,Software - Application,Technology,NYQ,USD
SHW,Sherwin-Williams,Materials,Specialty Chemicals,"Cleveland, Ohio",1964-06-30,89800,1866,0.86,0.29860002,1.159,91370569728.0,Specialty Chemicals,Basic Materials,NYQ,USD
SPG,Simon Property Group,Real Estate,Retail REITs,"Indianapolis, Indiana",2002-06-26,1063761,2003,4.88,1.2906,1.516,66701516800.0,REIT - Retail,Real Estate,NYQ,USD
SWKS,Skyworks Solutions,Information Technology,Semiconductors,"Irvine, California",2015-03-12,4127,2002,3.7,1.1155,1.13,11231546368.0,Semiconductors,Technology,NMS,USD
SJM,J.M. Smucker Company (The),Consumer Staples,Packaged Foods & Meats,"Orrville, Ohio",2008-11-06,91419,1897,3.94,0.8606,0.292,11797116928.0,Packaged Foods,Consumer Defensive,NYQ,USD
SW,Smurfit Westrock,Materials,Paper & Plastic Packaging Products & Materials,"Dublin, Ireland",2024-07-08,2005951,1934,3.75,5.6408,1.029,24174387200.0,Packaging & Containers,Consumer Cyclical,NYQ,USD
SNA,Snap-on,Industrials,Industrial Machinery & Supplies & Components,"Kenosha, Wisconsin",1982-09-30,91440,1920,2.6,0.4411,0.743,17202968576.0,Tools & Accessories,Industrials,NYQ,USD
SOLV,Solventum,Health Care,Health Care Technology,"Saint Paul, Minnesota",2024-04-01,1964738,2023,0.0,0.0,0.0,12643452928.0,Medical Instruments & Supplies,Healthcare,NYQ,USD
SO,Southern Company,Utilities,Electric Utilities,"Atlanta, Georgia",1957-03-04,92122,1945,3.18,0.7494,0.358,102403653632.0,Utilities - Regulated Electric,Utilities,NYQ,USD
LUV,Southwest Airlines,Industrials,Passenger Airlines,"Dallas, Texas",1994-07-01,92380,1967,2.21,1.125,1.251,17541279744.0,Airlines,Industrials,NYQ,USD
SWK,Stanley Black & Decker,Industrials,Industrial Machinery & Supplies & Components,"New Britain, Connecticut",1982-09-30,93556,1843,4.34,1.038,1.152,11638810624.0,Tools & Accessories,Industrials,NYQ,USD
SBUX,Starbucks,Consumer Discretionary,Restaurants,"Seattle, Washington",2000-06-07,829224,1971,2.84,1.039,1.004,98472321024.0,Restaurants,Consumer Cyclical,NMS,USD
STT,State Street Corporation,Financials,Asset Management & Custody Banks,"Boston, Massachusetts",2003-03-14,93751,1792,2.92,0.3416,1.5,32857554944.0,Asset Management,Financial Services,NYQ,USD
STLD,Steel Dynamics,Materials,Steel,"Fort Wayne, Indiana",2022-12-22,1022671,1993,1.5,0.2787,1.391,19391313920.0,Steel,Basic Materials,NMS,USD
STE,Steris,Health Care,Health Care Equipment,"Dublin, Ireland",2019-12-23,1757898,1985,1.01,0.3486,0.922,24482793472.0,Medical Devices,Healthcare,NYQ,USD
SYK,Stryker Corporation,Health Care,Health Care Equipment,"Kalamazoo, Michigan",2000-12-12,310764,1941,0.86,0.4397,0.914,150755115008.0,Medical Devices,Healthcare,NYQ,USD
SMCI,Supermicro,Information Technology,"Technology Hardware, Storage & Peripherals","San Jose, California",2024-03-18,1375365,1993,0.0,0.0,1.456,26474846208.0,Computer Hardware,Technology,NMS,USD
SYF,Synchrony Financial,Financials,Consumer Finance,"Stamford, Connecticut",2015-11-18,1601712,2003,1.62,0.1276,1.481,28030846976.0,Credit Services,Financial Services,NYQ,USD
SNPS,Synopsys,Information Technology,Application Software,"Sunnyvale, California",2017-03-16,883241,1986,0.0,0.0,1.153,110286225408.0,Software - Infrastructure,Technology,NMS,USD
SYY,Sysco,Consumer Staples,Food Distributors,"Houston, Texas",1986-12-31,96021,1969,2.72,0.555,0.846,38080020480.0,Food Distribution,Consumer Defensive,NYQ,USD
TMUS,T-Mobile US,Communication Services,Wireless Telecommunication Services,"Bellevue, Washington",2019-07-15,1283699,1994,1.4,0.3107,0.613,282705494016.0,Telecom Services,Communication Services,NMS,USD
TROW,T. Rowe Price,Financials,Asset Management & Custody Banks,"Baltimore, Maryland",2019-07-29,1113169,1937,4.73,0.5622,1.49,23852261376.0,Asset Management,Financial Services,NMS,USD
TTWO,Take-Two Interactive,Communication Services,Interactive Home Entertainment,"New York City, New York",2018-03-19,946581,1993,0.0,0.0,0.988,42579365888.0,Electronic Gaming & Multimedia,Communication Services,NMS,USD
TPR,"Tapestry, Inc.",Consumer Discretionary,"Apparel, Accessories & Luxury Goods","New York City, New York",2004-09-01,1116132,2017,1.62,1.7073,1.531,20958087168.0,Luxury Goods,Consumer Cyclical,NYQ,USD
TRGP,Targa Resources,Energy,Oil & Gas Storage & Transportation,"Houston, Texas",2022-10-12,1389170,2005,2.48,0.4663,1.129,35093512192.0,Oil & Gas Midstream,Energy,NYQ,USD
TGT,Target Corporation,Consumer Staples,Consumer Staples Merchandise Retail,"Minneapolis, Minnesota",1976-12-31,27419,1902,4.63,0.5221,1.215,43671998464.0,Discount Stores,Consumer Defensive,NYQ,USD
TEL,TE Connectivity,Information Technology,Electronic Manufacturing Services,"Galway, Ireland",2011-10-17,1385157,2007,1.38,0.5473,1.227,61138178048.0,Electronic Components,Technology,NYQ,USD
TDY,Teledyne Technologies,Information Technology,Electronic Equipment & Instruments,"Thousand Oaks, California",2020-06-22,1094285,1960,0.0,0.0,1.072,25543448576.0,Scientific & Technical Instruments,Technology,NYQ,USD
TER,Teradyne,Information Technology,Semiconductor Materials & Equipment,"North Reading, Massachusetts",2020-09-21,97210,1960,0.41,0.1667,1.717,18866972672.0,Semiconductor Equipment & Materials,Technology,NMS,USD
TSLA,"Tesla, Inc.",Consumer Discretionary,Automobile Manufacturers,"Austin, Texas",2020-12-21,1318605,2003,0.0,0.0,2.331,1134294073344.0,Auto Manufacturers,Consumer Cyclical,NMS,USD
TXN,Texas Instruments,Information Technology,Semiconductors,"Dallas, Texas",2001-03-12,97476,1930,2.64,0.9835,1.022,187264040960.0,Semiconductors,Technology,NMS,USD
TPL,Texas Pacific Land Corporation,Energy,Oil & Gas Exploration & Production,"Dallas, Texas",2024-11-26,1811074,1888,0.71,0.2976,1.145,20942348288.0,Oil & Gas E&P,Energy,NYQ,USD
TXT,Textron,Industrials,Aerospace & Defense,"Providence, Rhode Island",1978-12-31,217346,1923,0.1,0.018,1.167,14502322176.0,Aerospace & Defense,Industrials,NYQ,USD
TMO,Thermo Fisher Scientific,Health Care,Life Sciences Tools & Services,"Waltham, Massachusetts",2004-08-03,97745,2006 (1902),0.35,0.0949,0.748,184455921664.0,Diagnostics & Research,Healthcare,NYQ,USD
TJX,TJX Companies,Consumer Discretionary,Apparel Retail,"Framingham, Massachusetts",1985-09-30,109198,1987,1.25,0.3531,0.888,152482922496.0,Apparel Retail,Consumer Cyclical,NYQ,USD
TKO,TKO Group Holdings,Communication Services,Movies & Entertainment,"New York City, New York",2025-03-24,1973266,2023,0.83,0.31149998,0.0,15208467456.0,Entertainment,Communication Services,NYQ,USD
TTD,Trade Desk (The),Communication Services,Advertising,"Ventura, California",2025-07-18,1671933,2009,0.0,0.0,1.365,25532604416.0,Advertising Agencies,Communication Services,NGM,USD
TSCO,Tractor Supply,Consumer Discretionary,Other Specialty Retail,"Brentwood, Tennessee",2014-01-24,916365,1938,1.5,0.4433,0.74,32692738048.0,Specialty Retail,Consumer Cyclical,NMS,USD
TT,Trane Technologies,Industrials,Building Products,"Dublin, Ireland",2010-11-17,1466258,1871,0.9,0.28079998,1.093,94833672192.0,Building Products & Equipment,Industrials,NYQ,USD
TDG,TransDigm Group,Industrials,Aerospace & Defense,"Cleveland, Ohio",2016-06-03,1260221,1993,0.0,0.0,1.071,79642132480.0,Aerospace & Defense,Industrials,NYQ,USD
TRV,Travelers Companies (The),Financials,Property & Casualty Insurance,"New York City, New York",2002-08-21,86312,1853,1.62,0.188,0.527,60986552320.0,Insurance - Property & Casualty,Financial Services,NYQ,USD
TRMB,Trimble Inc.,Information Technology,Electronic Equipment & Instruments,"Westminster, Colorado",2021-01-21,864749,1978,0.0,0.0,1.698,19380195328.0,Scientific & Technical Instruments,Technology,NMS,USD
TFC,Truist Financial,Financials,Diversified Banks,"Charlotte, North Carolina",1997-12-04,92230,1872,4.55,0.56369996,0.845,59778441216.0,Banks - Regional,Financial Services,NYQ,USD
TYL,Tyler Technologies,Information Technology,Application Software,"Plano, Texas",2020-06-22,860731,1966,0.0,0.0,0.851,23671992320.0,Software - Application,Technology,NYQ,USD
TSN,Tyson Foods,Consumer Staples,Packaged Foods & Meats,"Springdale, Arkansas",2005-08-10,100493,1935,3.48,0.90449995,0.571,20360658944.0,Farm Products,Consumer Defensive,NYQ,USD
USB,U.S. Bancorp,Financials,Diversified Banks,"Minneapolis, Minnesota",1999-11-01,36104,1968,4.15,0.47849998,1.029,75584143360.0,Banks - Regional,Financial Services,NYQ,USD
UBER,Uber,Industrials,Passenger Ground Transportation,"San Francisco, California",2023-12-18,1543151,2009,0.0,0.0,1.426,201305587712.0,Software - Application,Technology,NYQ,USD
UDR,"UDR, Inc.",Real Estate,Multi-Family Residential REITs,"Highlands Ranch, Colorado",2016-03-07,74208,1972,4.42,4.3718,0.838,14622196736.0,REIT - Residential,Real Estate,NYQ,USD
ULTA,Ulta Beauty,Consumer Discretionary,Other Specialty Retail,"Bolingbrook, Illinois",2016-04-18,1403568,1990,0.0,0.0,1.121,23644082176.0,Specialty Retail,Consumer Cyclical,NMS,USD
UNP,Union Pacific Corporation,Industrials,Rail Transportation,"Omaha, Nebraska",1957-03-04,100885,1862,2.47,0.4657,1.054,132093730816.0,Railroads,Industrials,NYQ,USD
UAL,United Airlines Holdings,Industrials,Passenger Airlines,"Chicago, Illinois",2015-09-03,100517,1967,0.0,0.0,1.485,33710213120.0,Airlines,Industrials,NMS,USD
UPS,United Parcel Service,Industrials,Air Freight & Logistics,"Sandy Springs, Georgia",2002-07-22,1090727,1907,7.48,0.9732,1.097,74128474112.0,Integrated Freight & Logistics,Industrials,NYQ,USD
URI,United Rentals,Industrials,Trading Companies & Distributors,"Stamford, Connecticut",2014-09-20,1067701,1997,0.76,0.17719999,1.725,60718792704.0,Rental & Leasing Services,Industrials,NYQ,USD
UNH,UnitedHealth Group,Health Care,Managed Health Care,"Minnetonka, Minnesota",1994-07-01,731766,1977,2.9,0.3684,0.44,272091627520.0,Healthcare Plans,Healthcare,NYQ,USD
UHS,Universal Health Services,Health Care,Health Care Facilities,"King of Prussia, Pennsylvania",2014-09-20,352915,1979,0.44,0.0422,1.239,11547241472.0,Medical Care Facilities,Healthcare,NYQ,USD
VLO,Valero Energy,Energy,Oil & Gas Refining & Marketing,"San Antonio, Texas",2002-12-20,1035002,1980,3.07,1.7742,1.002,45650309120.0,Oil & Gas Refining & Marketing,Energy,NYQ,USD
VTR,Ventas,Real Estate,Health Care REITs,"Chicago, Illinois",2009-03-04,740260,1998,2.84,4.3256,0.893,30722238464.0,REIT - Healthcare Facilities,Real Estate,NYQ,USD
VLTO,Veralto,Industrials,Environmental & Facilities Services,"Waltham, Massachusetts",2023-10-02,1967680,2023,0.41,0.1173,0.0,26580523008.0,Pollution & Treatment Controls,Industrials,NYQ,USD
VRSN,Verisign,Information Technology,Internet Services & Infrastructure,"Dulles, Virginia",2006-02-01,1014473,1995,1.16,0.0919,0.777,25219387392.0,Software - Infrastructure,Technology,NMS,USD
VRSK,Verisk Analytics,Industrials,Research & Consulting Services,"Jersey City, New Jersey",2015-10-08,1442145,1971,0.67,0.2609,0.833,37486931968.0,Consulting Services,Industrials,NMS,USD
VZ,Verizon,Communication Services,Integrated Telecommunication Services,"New York City, New York",1983-11-30,732712,1983 (1877),6.13,0.6302,0.362,185349423104.0,Telecom Services,Communication Services,NYQ,USD
VRTX,Vertex Pharmaceuticals,Health Care,Biotechnology,"Boston, Massachusetts",2013-09-23,875320,1989,0.0,0.0,0.444,99269468160.0,Biotechnology,Healthcare,NMS,USD
VTRS,Viatris,Health Care,Pharmaceuticals,"Pittsburgh, Pennsylvania",2004-04-23,1792044,1961,4.55,9.6,0.897,12136706048.0,Drug Manufacturers - Specialty & Generic,Healthcare,NMS,USD
VICI,Vici Properties,Real Estate,Hotel & Resort REITs,"New York City, New York",2022-06-08,1705696,2017,5.16,0.6628,0.709,35670077440.0,REIT - Diversified,Real Estate,NYQ,USD
V,Visa Inc.,Financials,Transaction & Payment Processing Services,"San Francisco, California",2009-12-21,1403161,1958,0.68,0.2236,0.94,681619292160.0,Credit Services,Financial Services,NYQ,USD
VST,Vistra Corp.,Utilities,Electric Utilities,"Irving, Texas",2024-05-08,1692819,2016,0.48,0.1428,1.313,66110558208.0,Utilities - Independent Power Producers,Utilities,NYQ,USD
VMC,Vulcan Materials Company,Materials,Construction Materials,"Birmingham, Alabama",1999-06-30,1396009,1909,0.68,0.2635,0.832,38474510336.0,Building Materials,Basic Materials,NYQ,USD
WRB,W. R. Berkley Corporation,Financials,Property & Casualty Insurance,"Greenwich, Connecticut",2019-12-05,11544,1967,0.51,0.075,0.397,26948767744.0,Insurance - Property & Casualty,Financial Services,NYQ,USD
GWW,W. W. Grainger,Industrials,Industrial Machinery & Supplies & Components,"Lake Forest, Illinois",1981-06-30,277135,1927,0.89,0.2134,1.173,48404275200.0,Industrial Distribution,Industrials,NYQ,USD
WAB,Wabtec,Industrials,Construction Machinery & Heavy Transportation Equipment,"Pittsburgh, Pennsylvania",2019-02-27,943452,1999 (1869),0.52,0.1341,1.108,33393956864.0,Railroads,Industrials,NYQ,USD
WBA,Walgreens Boots Alliance,Consumer Staples,Drug Retail,"Deerfield, Illinois",1979-12-31,1618921,2014,8.35,2.9091,0.768,10317487104.0,Pharmaceutical Retailers,Healthcare,NMS,USD
WMT,Walmart,Consumer Staples,Consumer Staples Merchandise Retail,"Bentonville, Arkansas",1982-08-31,104169,1962,0.98,0.33400002,0.664,766519345152.0,Discount Stores,Consumer Defensive,NYQ,USD
DIS,Walt Disney Company (The),Communication Services,Movies & Entertainment,"Burbank, California",1976-06-30,1744489,1923,0.85,0.22729999,1.565,211526467584.0,Entertainment,Communication Services,NYQ,USD
WBD,Warner Bros. Discovery,Communication Services,Broadcasting,"New York City, New York",2022-04-11,1437107,2022 (Warner Bros. 1923),0.0,0.0,1.576,29214087168.0,Entertainment,Communication Services,NMS,USD
WM,Waste Management,Industrials,Environmental & Facilities Services,"Houston, Texas",1998-08-31,823768,1968,1.47,0.4674,0.644,90737459200.0,Waste Management,Industrials,NYQ,USD
WAT,Waters Corporation,Health Care,Life Sciences Tools & Services,"Milford, Massachusetts",2002-01-02,1000697,1958,0.0,0.0,1.046,17627467776.0,Diagnostics & Research,Healthcare,NYQ,USD
WEC,WEC Energy Group,Utilities,Electric Utilities,"Milwaukee, Wisconsin",2008-10-31,783325,1896,3.34,0.6631,0.406,34491158528.0,Utilities - Regulated Electric,Utilities,NYQ,USD
WFC,Wells Fargo,Financials,Diversified Banks,"San Francisco, California",1976-06-30,72971,1852,2.24,0.2749,1.196,261112414208.0,Banks - Diversified,Financial Services,NYQ,USD
WELL,Welltower,Real Estate,Health Care REITs,"Toledo, Ohio",2009-01-30,766704,1970,1.8,1.4972,0.915,110918098944.0,REIT - Healthcare Facilities,Real Estate,NYQ,USD
WST,West Pharmaceutical Services,Health Care,Health Care Supplies,"Exton, Pennsylvania",2020-05-22,105770,1923,0.36,0.1243,1.049,17581334528.0,Medical Instruments & Supplies,Healthcare,NYQ,USD
WDC,Western Digital,Information Technology,"Technology Hardware, Storage & Peripherals","San Jose, California",2009-07-01,106040,1970,0.5,0.0225,1.642,27653150720.0,Computer Hardware,Technology,NMS,USD
WY,Weyerhaeuser,Real Estate,Timber REITs,"Seattle, Washington",1979-10-01,106535,1900,3.17,2.1578999,1.088,18881941504.0,REIT - Specialty,Real Estate,NYQ,USD
WSM,"Williams-Sonoma, Inc.",Consumer Discretionary,Homefurnishing Retail,"San Francisco, California",2025-03-24,719955,1956,1.33,0.274,1.473,24344993792.0,Specialty Retail,Consumer Cyclical,NYQ,USD
WMB,Williams Companies,Energy,Oil & Gas Storage & Transportation,"Tulsa, Oklahoma",1975-03-31,107263,1908,3.52,0.98480004,0.686,69766012928.0,Oil & Gas Midstream,Energy,NYQ,USD
WTW,Willis Towers Watson,Financials,Insurance Brokers,"London, United Kingdom",2016-01-05,1140536,2016,1.09,2.4324,0.679,32580055040.0,Insurance Brokers,Financial Services,NMS,USD
WDAY,"Workday, Inc.",Information Technology,Application Software,"Pleasanton, California",2024-12-23,1327811,2005,0.0,0.0,1.238,59508961280.0,Software - Application,Technology,NMS,USD
WYNN,Wynn Resorts,Consumer Discretionary,Casinos & Gaming,"Paradise, Nevada",2008-11-14,1174922,2002,0.84,0.2959,1.407,12381581312.0,Resorts & Casinos,Consumer Cyclical,NMS,USD
XEL,Xcel Energy,Utilities,Multi-Utilities,"Minneapolis, Minnesota",1957-03-04,72903,1909,3.12,0.6191,0.348,42902040576.0,Utilities - Regulated Electric,Utilities,NMS,USD
XYL,Xylem Inc.,Industrials,Industrial Machinery & Supplies & Components,"White Plains, New York",2011-11-01,1524472,2011,1.12,0.39580002,1.101,34890387456.0,Specialty Industrial Machinery,Industrials,NYQ,USD
YUM,Yum! Brands,Consumer Discretionary,Restaurants,"Louisville, Kentucky",1997-10-06,1041061,1997,1.93,0.5444,0.728,40806117376.0,Restaurants,Consumer Cyclical,NYQ,USD
ZBRA,Zebra Technologies,Information Technology,Electronic Equipment & Instruments,"Lincolnshire, Illinois",2019-12-23,877212,1969,0.0,0.0,1.752,16299953152.0,Communication Equipment,Technology,NMS,USD
ZBH,Zimmer Biomet,Health Care,Health Care Equipment,"Warsaw, Indiana",2001-08-07,1136869,1927,0.89,0.2341,0.676,21303244800.0,Medical Devices,Healthcare,NYQ,USD
ZTS,Zoetis,Health Care,Pharmaceuticals,"Parsippany, New Jersey",2013-06-21,1555280,1952,1.29,0.3208,0.884,68600295424.0,Drug Manufacturers - Specialty & Generic,Healthcare,NYQ,USD
