Symbol,Company,GICS_Sector,GICS_Sub_Industry,Current_Price,High_52_Week,Low_52_Week,SMA5,SMA10,SMA20,SMA50,SMA200,Score,Target_Pcnt,Target_Price,Stop_Loss
MMM,3M,Industrials,Industrial Conglomerates,156.53,159.46,122.31,156.12,154.81,153.09,151.91,142.66,0.2,2.73,160.8,145.39
AOS,A. O. Smith,Industrials,Building Products,72.42,88.84,59.04,72.54,72.42,71.68,69.37,67.8,0.2,1.91,73.8,69.56
ABT,Abbott Laboratories,Health Care,Health Care Equipment,131.46,138.95,110.09,131.9,131.45,130.88,130.77,126.21,0.2,2.27,134.44,127.32
ABBV,AbbVie,Health Care,Biotechnology,208.06,212.84,160.57,208.81,207.74,202.46,193.47,186.13,0.4,2.93,214.16,190.78
ACN,Accenture,Information Technology,IT Consulting & Other Services,257.12,394.31,237.87,256.36,253.5,250.7,274.15,319.45,-0.2,3.49,266.09,235.3
ADBE,Adobe Inc.,Information Technology,Application Software,356.35,586.55,333.65,358.0,356.51,349.81,364.87,413.85,-0.2,3.13,367.5,332.14
AMD,Advanced Micro Devices,Information Technology,Semiconductors,167.13,184.42,78.21,165.72,169.49,171.7,157.6,125.17,0.2,9.84,183.58,159.82
AES,AES Corporation,Utilities,Independent Power Producers & Energy Traders,13.36,19.11,9.5,13.33,13.28,13.13,12.42,11.58,0.2,1.87,13.61,12.66
AFL,Aflac,Financials,Life & Health Insurance,107.41,112.86,97.56,107.92,106.85,103.97,102.87,104.27,0.0,3.39,111.05,96.9
A,Agilent Technologies,Health Care,Life Sciences Tools & Services,118.69,151.96,99.08,118.98,119.04,117.1,117.8,123.66,-0.2,2.93,122.17,112.03
APD,Air Products,Materials,Industrial Gases,294.59,333.89,247.03,295.11,292.89,290.61,289.09,292.56,-0.2,1.3,298.42,282.82
ABNB,Airbnb,Consumer Discretionary,"Hotels, Resorts & Cruise Lines",129.85,161.42,105.69,128.25,126.74,126.24,132.2,131.58,0.2,3.04,133.8,118.68
AKAM,Akamai Technologies,Information Technology,Internet Services & Infrastructure,78.27,106.67,68.21,77.14,76.22,74.99,77.51,84.34,0.0,1.01,79.06,70.92
ALB,Albemarle Corporation,Materials,Specialty Chemicals,87.68,109.53,50.43,82.16,81.62,77.1,72.5,76.2,0.0,2.08,89.5,64.7
ARE,Alexandria Real Estate Equities,Real Estate,Office REITs,81.72,117.87,66.61,80.26,78.48,76.79,76.61,85.57,0.2,0.44,82.08,71.49
ALGN,Align Technology,Health Care,Health Care Supplies,141.98,257.17,129.01,143.79,143.66,140.81,172.75,190.13,0.0,5.36,149.59,132.02
ALLE,Allegion,Industrials,Building Products,172.0,172.24,118.08,170.56,169.41,167.49,156.72,138.98,0.2,0.43,172.74,162.24
LNT,Alliant Energy,Utilities,Electric Utilities,65.8,66.97,54.87,66.15,65.69,65.64,63.38,60.87,0.2,1.73,66.94,64.34
ALL,Allstate,Financials,Property & Casualty Insurance,203.81,213.62,178.69,204.23,206.77,206.11,199.56,196.8,0.2,4.15,212.27,199.95
GOOGL,Alphabet Inc. (Class A),Communication Services,Interactive Media & Services,207.48,208.49,144.53,205.79,204.02,200.56,188.69,177.87,0.2,1.63,210.86,190.26
GOOG,Alphabet Inc. (Class C),Communication Services,Interactive Media & Services,208.21,209.16,146.4,206.53,204.84,201.37,189.58,179.35,0.2,1.65,211.65,191.09
MO,Altria,Consumer Staples,Tobacco,66.41,67.68,46.47,67.05,66.68,65.15,61.52,56.18,0.2,3.99,69.06,61.24
AMZN,Amazon,Consumer Discretionary,Broadline Retail,229.12,242.06,167.32,227.31,228.19,224.58,223.32,212.61,0.2,3.26,236.59,212.58
AMCR,Amcor,Materials,Paper & Plastic Packaging Products & Materials,8.51,10.94,8.45,8.57,8.59,9.07,9.32,9.45,-0.2,18.45,10.08,8.06
AEE,Ameren,Utilities,Multi-Utilities,100.91,103.26,79.24,101.19,101.17,101.52,98.76,95.37,0.0,2.03,102.96,100.07
AEP,American Electric Power,Utilities,Electric Utilities,112.89,114.06,87.97,113.14,112.74,112.68,107.79,101.11,0.2,1.12,114.15,111.21
AXP,American Express,Financials,Consumer Finance,322.46,328.13,230.81,317.24,312.09,305.19,309.01,293.21,0.4,0.0,322.46,287.9
AIG,American International Group,Financials,Multi-line Insurance,82.21,87.26,69.3,82.71,81.81,80.01,81.43,78.92,0.0,2.37,84.16,75.87
AMT,American Tower,Real Estate,Telecom Tower REITs,203.27,235.15,170.7,208.69,207.23,207.8,216.16,204.14,0.6,5.22,213.88,201.73
AWK,American Water Works,Utilities,Water Utilities,144.75,150.19,118.87,145.03,144.6,143.85,141.79,136.1,0.2,1.87,147.46,140.24
AMP,Ameriprise Financial,Financials,Asset Management & Custody Banks,518.26,569.83,419.45,513.76,510.29,508.77,519.82,516.78,0.4,0.42,520.44,497.12
AME,Ametek,Industrials,Electrical Components & Equipment,186.55,196.4,151.15,185.86,184.66,184.37,181.48,179.97,0.4,0.68,187.82,180.92
AMGN,Amgen,Health Care,Biotechnology,287.97,326.46,252.22,290.62,291.27,290.01,290.91,284.11,0.2,4.19,300.04,279.98
APH,Amphenol,Information Technology,Electronic Components,110.13,111.85,58.99,109.59,109.76,109.22,103.43,80.57,0.0,2.06,112.4,106.04
ADI,Analog Devices,Information Technology,Semiconductors,255.5,255.63,163.85,252.95,243.95,234.52,235.96,216.73,0.2,1.46,259.23,209.81
AON,Aon plc,Financials,Insurance Brokers,368.37,407.61,334.44,371.74,370.43,366.63,359.91,369.2,-0.4,2.7,378.32,354.95
APA,APA Corporation,Energy,Oil & Gas Exploration & Production,22.59,27.9,13.62,21.87,21.13,20.22,19.51,19.63,0.0,0.71,22.75,17.68
APO,Apollo Global Management,Financials,Asset Management & Custody Banks,135.72,176.82,105.37,134.44,136.31,139.28,142.26,147.24,-0.2,8.17,146.81,131.75
AAPL,Apple Inc.,Information Technology,"Technology Hardware, Storage & Peripherals",230.49,258.1,172.0,227.92,229.14,222.94,213.92,220.61,-0.2,5.91,244.11,201.77
AMAT,Applied Materials,Information Technology,Semiconductor Materials & Equipment,164.39,211.69,126.23,162.64,164.75,173.67,181.67,168.27,0.2,18.78,195.26,152.06
APTV,Aptiv,Consumer Discretionary,Automotive Parts & Equipment,79.95,79.95,47.92,78.29,76.69,72.09,70.55,63.29,0.2,3.54,82.78,61.41
ACGL,Arch Capital Group,Financials,Property & Casualty Insurance,91.71,109.22,84.99,92.29,91.86,90.25,89.53,92.25,0.0,2.65,94.14,86.36
ADM,Archer Daniels Midland,Consumer Staples,Agricultural Products & Services,62.71,64.21,41.01,62.76,61.12,58.77,55.77,49.94,0.2,3.33,64.8,52.74
ANET,Arista Networks,Information Technology,Communications Equipment,133.27,141.25,64.37,133.17,134.19,132.77,116.11,101.43,0.2,10.24,146.92,118.62
AJG,Arthur J. Gallagher & Co.,Financials,Insurance Brokers,298.72,348.08,274.44,301.22,299.04,293.63,305.45,312.55,0.2,2.66,306.67,280.58
AIZ,Assurant,Financials,Multi-line Insurance,216.14,226.12,179.02,215.0,213.87,206.7,197.3,203.42,0.0,5.07,227.1,186.32
T,AT&T,Communication Services,Integrated Telecommunication Services,29.06,29.44,18.77,28.91,28.94,28.43,27.96,25.68,0.2,1.89,29.61,27.25
ATO,Atmos Energy,Utilities,Gas Utilities,166.25,167.34,126.24,166.2,165.41,162.77,157.41,149.47,0.4,2.77,170.86,154.68
ADSK,Autodesk,Information Technology,Application Software,285.95,321.27,238.84,286.01,286.8,290.67,297.08,290.22,0.2,6.45,304.39,276.94
ADP,Automatic Data Processing,Industrials,Human Resource & Employment Services,303.09,325.19,264.09,304.65,304.41,303.75,304.84,301.72,0.2,2.04,309.27,298.23
AZO,AutoZone,Consumer Discretionary,Automotive Retail,4205.41,4205.41,2981.19,4152.74,4108.99,4046.92,3845.41,3570.13,0.2,1.1,4251.67,3842.18
AVB,AvalonBay Communities,Real Estate,Multi-Family Residential REITs,194.12,232.03,182.72,192.49,191.27,188.85,196.9,208.06,0.0,0.47,195.03,182.67
AVY,Avery Dennison,Materials,Paper & Plastic Packaging Products & Materials,173.26,219.16,158.75,175.33,175.24,172.79,176.18,181.16,0.0,4.25,180.62,164.96
AXON,Axon Enterprise,Industrials,Aerospace & Defense,769.68,870.97,354.62,766.39,764.68,784.34,772.16,659.45,0.2,12.77,867.97,700.69
BKR,Baker Hughes,Energy,Oil & Gas Equipment & Services,44.78,48.05,32.21,44.38,43.66,43.49,41.53,41.19,0.2,0.42,44.97,42.01
BALL,Ball Corporation,Materials,"Metal, Glass & Plastic Containers",52.31,67.18,44.77,52.88,53.1,54.0,56.31,54.17,0.2,9.1,57.07,50.93
BAC,Bank of America,Financials,Diversified Banks,50.38,50.38,34.19,49.57,48.68,47.42,47.3,44.3,0.2,0.46,50.61,44.24
BAX,Baxter International,Health Care,Health Care Equipment,24.53,39.64,21.76,24.4,24.28,23.66,27.1,30.29,-0.2,3.55,25.4,21.91
BDX,Becton Dickinson,Health Care,Health Care Equipment,195.4,246.46,164.16,196.08,196.36,190.55,181.99,204.49,-0.2,6.22,207.55,173.55
BRK-B,Berkshire Hathaway,Financials,Multi-Sector Holdings,495.72,539.8,442.29,490.34,486.06,476.84,479.14,487.18,0.2,0.54,498.4,455.3
BBY,Best Buy,Consumer Discretionary,Computer & Electronics Retail,75.45,99.54,55.4,74.24,73.28,70.53,69.52,75.05,0.0,2.43,77.28,63.79
TECH,Bio-Techne,Health Care,Life Sciences Tools & Services,56.22,79.93,46.59,56.16,55.05,53.85,53.33,60.41,-0.2,3.61,58.25,49.45
BIIB,Biogen,Health Care,Biotechnology,136.36,204.95,113.38,137.57,137.52,134.0,131.05,137.71,-0.2,4.2,142.09,125.92
BLK,BlackRock,Financials,Asset Management & Custody Banks,1131.63,1160.16,811.42,1136.29,1136.97,1129.95,1093.4,1001.13,0.2,2.99,1165.47,1094.4
BX,Blackstone Inc.,Financials,Asset Management & Custody Banks,171.64,194.8,118.51,169.3,169.38,169.98,162.72,157.59,0.0,2.59,176.09,163.88
XYZ,"Block, Inc.",Financials,Transaction & Payment Processing Services,79.39,98.92,46.53,78.09,76.75,76.06,72.65,72.31,0.4,0.65,79.91,72.2
BK,BNY Mellon,Financials,Asset Management & Custody Banks,105.03,105.03,64.89,103.41,102.55,102.26,97.51,85.72,0.4,-0.18,104.84,99.68
BA,Boeing,Industrials,Aerospace & Defense,235.62,236.41,136.59,230.38,230.34,228.39,222.84,186.59,0.4,0.8,237.5,219.27
BKNG,Booking Holdings,Consumer Discretionary,"Hotels, Resorts & Cruise Lines",5615.68,5815.92,3711.15,5691.31,5615.15,5531.19,5590.34,5106.72,0.4,2.51,5756.63,5306.01
BSX,Boston Scientific,Health Care,Health Care Equipment,105.87,107.76,79.47,105.75,104.89,104.39,104.32,99.59,0.2,1.26,107.2,101.59
BMY,Bristol Myers Squibb,Health Care,Pharmaceuticals,47.63,61.62,43.31,47.67,47.94,46.73,46.9,52.04,-0.2,4.43,49.74,43.72
AVGO,Broadcom,Information Technology,Semiconductors,300.25,312.83,135.46,295.22,298.55,299.74,285.12,225.03,0.2,4.57,313.97,285.51
BR,Broadridge Financial Solutions,Industrials,Data Processing & Outsourced Services,258.15,266.89,204.4,259.03,259.98,259.64,248.53,237.0,0.2,5.28,271.78,247.5
BRO,Brown & Brown,Financials,Insurance Brokers,96.1,124.07,91.23,96.39,96.1,94.55,101.28,108.42,-0.2,2.41,98.42,90.67
BF-B,Brown–Forman,Consumer Staples,Distillers & Vintners,30.45,48.58,25.65,30.61,30.52,30.36,29.06,33.54,-0.4,3.88,31.63,29.09
BLDR,Builders FirstSource,Industrials,Building Products,141.76,201.83,105.63,140.8,138.65,135.49,129.27,138.03,-0.2,3.17,146.25,124.72
BG,Bunge Global,Consumer Staples,Agricultural Products & Services,84.67,97.93,67.23,85.65,83.28,82.06,79.51,77.45,0.4,2.95,87.17,76.95
BXP,"BXP, Inc.",Real Estate,Office REITs,71.05,86.01,56.05,69.2,67.51,66.16,68.06,68.78,0.2,-0.73,70.53,61.79
CHRW,C.H. Robinson,Industrials,Air Freight & Logistics,128.06,128.06,86.41,125.87,124.0,120.44,106.71,100.92,0.2,0.56,128.78,112.11
CDNS,Cadence Design Systems,Information Technology,Application Software,346.88,371.03,231.64,346.66,348.07,352.3,331.52,299.48,0.2,5.15,364.74,339.87
CZR,Caesars Entertainment,Consumer Discretionary,Casinos & Gaming,26.97,45.55,23.18,26.32,25.86,25.45,27.76,30.68,0.2,0.78,27.18,23.71
CPT,Camden Property Trust,Real Estate,Multi-Family Residential REITs,110.56,123.69,104.05,109.22,108.14,107.29,111.13,114.46,0.0,0.05,110.62,103.97
CPB,Campbell's Company (The),Consumer Staples,Packaged Foods & Meats,32.09,49.89,30.28,32.46,32.46,32.43,31.8,36.63,-0.4,2.93,33.03,31.83
COF,Capital One,Financials,Consumer Finance,224.55,224.92,134.82,220.76,218.52,214.76,213.52,191.8,0.4,0.49,225.65,203.87
CAH,Cardinal Health,Health Care,Health Care Distributors,149.24,167.63,106.71,148.49,149.4,152.08,157.95,137.93,0.0,7.46,160.37,143.79
KMX,CarMax,Consumer Discretionary,Automotive Retail,62.07,89.19,54.66,59.91,59.11,57.6,62.07,72.63,0.4,-1.03,61.43,53.77
CCL,Carnival,Consumer Discretionary,"Hotels, Resorts & Cruise Lines",32.34,32.34,15.67,31.21,30.48,29.91,28.89,24.55,0.4,-1.08,31.99,27.83
CARR,Carrier Global,Industrials,Building Products,67.59,81.67,55.21,66.57,66.43,66.45,71.35,68.83,0.2,0.95,68.23,64.66
CAT,Caterpillar Inc.,Industrials,Construction Machinery & Heavy Transportation Equipment,432.67,438.02,271.63,429.96,422.44,422.77,408.55,364.73,0.4,2.16,442.02,403.51
CBOE,Cboe Global Markets,Financials,Financial Exchanges & Data,237.95,253.24,189.73,245.09,246.08,247.33,239.69,217.75,-0.4,7.1,254.84,239.83
CBRE,CBRE Group,Real Estate,Real Estate Services,163.04,164.98,113.55,162.99,161.11,158.41,148.15,135.75,0.2,1.36,165.26,151.56
CDW,CDW Corporation,Information Technology,Technology Distributors,165.23,226.12,143.46,165.06,165.24,165.44,172.8,174.58,-0.2,3.94,171.74,159.13
COR,Cencora,Health Care,Health Care Distributors,290.56,303.69,217.68,292.88,294.03,290.68,292.73,267.91,0.0,4.03,302.27,279.07
CNC,Centene Corporation,Health Care,Managed Health Care,28.84,80.23,25.21,28.96,28.79,27.33,33.73,53.29,-0.2,5.79,30.51,24.15
CNP,CenterPoint Energy,Utilities,Multi-Utilities,37.73,38.94,26.41,37.84,37.91,38.23,37.15,34.69,0.0,3.37,39.0,37.46
CF,CF Industries,Materials,Fertilizers & Agricultural Chemicals,86.35,101.88,67.67,86.4,85.66,86.39,91.01,85.31,0.4,8.12,93.36,79.43
CRL,Charles River Laboratories,Health Care,Life Sciences Tools & Services,162.8,220.69,99.75,161.4,159.45,158.6,158.4,160.58,-0.2,5.46,171.69,145.51
SCHW,Charles Schwab Corporation,Financials,Investment Banking & Brokerage,96.87,98.69,60.96,96.39,96.33,96.51,94.07,83.16,0.0,1.46,98.28,94.74
CHTR,Charter Communications,Communication Services,Cable & Satellite,269.15,427.25,256.57,270.96,268.63,265.82,335.54,362.42,0.0,2.38,275.56,256.08
CVX,Chevron Corporation,Energy,Integrated Oil & Gas,159.24,164.65,130.67,157.71,155.56,153.53,150.44,147.32,0.6,-0.01,159.22,147.83
CMG,Chipotle Mexican Grill,Consumer Discretionary,Restaurants,42.65,66.16,41.44,42.89,43.14,42.85,48.92,53.31,0.0,3.24,44.03,41.68
CB,Chubb Limited,Financials,Property & Casualty Insurance,273.05,301.45,256.04,275.19,275.23,272.36,276.23,279.62,-0.4,2.52,279.93,264.78
CHD,Church & Dwight,Consumer Staples,Household Products,93.03,112.48,90.63,93.63,93.47,92.79,95.05,101.51,0.0,2.47,95.33,90.25
CI,Cigna,Health Care,Health Care Services,299.95,361.79,262.23,301.27,299.85,286.3,300.06,306.43,0.0,5.23,315.64,256.94
CINF,Cincinnati Financial,Financials,Property & Casualty Insurance,154.01,157.35,125.84,153.85,153.03,151.75,149.31,144.17,0.2,1.6,156.47,147.04
CTAS,Cintas,Industrials,Diversified Support Services,213.2,227.2,181.05,213.95,215.46,219.42,219.33,209.78,0.4,7.05,228.23,210.59
CSCO,Cisco,Information Technology,Communications Equipment,68.44,71.79,47.21,67.66,67.46,68.46,68.16,61.84,0.2,4.72,71.67,65.24
C,Citigroup,Financials,Diversified Banks,96.87,96.87,55.59,95.09,94.57,93.63,89.91,76.25,0.2,0.01,96.88,90.37
CFG,Citizens Financial Group,Financials,Regional Banks,51.9,51.9,33.59,50.63,49.64,48.51,47.09,43.24,0.4,-0.69,51.54,45.49
CLX,Clorox,Consumer Staples,Household Products,118.97,165.31,116.82,119.24,120.15,121.63,123.0,140.94,-0.4,5.52,125.54,117.72
CME,CME Group,Financials,Financial Exchanges & Data,270.12,289.38,199.44,271.19,272.11,276.6,275.83,255.84,0.2,6.43,287.49,265.7
CMS,CMS Energy,Utilities,Multi-Utilities,72.21,74.4,63.54,72.48,72.54,73.01,71.23,69.38,0.0,2.8,74.23,71.78
KO,Coca-Cola Company (The),Consumer Staples,Soft Drinks & Non-alcoholic Beverages,68.83,73.38,59.94,69.46,69.67,69.68,69.75,67.49,0.2,3.63,71.33,68.03
CTSH,Cognizant,Information Technology,IT Consulting & Other Services,72.31,89.65,65.92,71.92,70.98,70.41,74.28,77.46,0.2,0.61,72.75,68.06
COIN,Coinbase,Financials,Financial Exchanges & Data,308.97,419.78,147.35,308.72,311.32,315.8,346.22,272.09,0.0,12.88,348.77,282.83
CL,Colgate-Palmolive,Consumer Staples,Household Products,84.45,106.38,83.06,84.97,85.08,84.71,87.05,89.42,0.0,2.55,86.6,82.83
CMCSA,Comcast,Communication Services,Cable & Satellite,33.81,43.96,31.41,33.85,33.62,32.95,34.07,35.63,-0.2,2.28,34.58,31.32
CAG,Conagra Brands,Consumer Staples,Packaged Foods & Meats,19.16,30.97,18.26,19.21,19.22,19.11,19.47,23.37,0.0,3.34,19.8,18.42
COP,ConocoPhillips,Energy,Oil & Gas Exploration & Production,97.9,111.14,81.29,96.94,95.68,94.34,93.33,94.99,0.0,0.22,98.12,90.57
ED,Consolidated Edison,Utilities,Multi-Utilities,100.07,111.42,85.77,100.58,100.91,102.2,100.83,99.05,0.2,5.16,105.23,99.17
STZ,Constellation Brands,Consumer Staples,Distillers & Vintners,160.5,252.91,158.37,163.02,165.13,167.37,167.5,186.32,-0.2,8.64,174.37,160.39
CEG,Constellation Energy,Utilities,Electric Utilities,315.94,354.46,170.52,313.18,316.78,327.95,321.71,272.11,0.0,11.94,353.66,302.25
COO,Cooper Companies (The),Health Care,Health Care Supplies,74.11,111.23,66.91,73.9,73.73,72.26,72.36,83.79,-0.2,2.69,76.1,68.42
CPRT,Copart,Industrials,Diversified Support Services,48.61,63.84,45.33,48.46,47.9,47.15,47.35,54.94,0.0,1.23,49.21,45.1
GLW,Corning Inc.,Information Technology,Electronic Components,67.25,67.4,38.85,66.42,65.79,65.04,58.09,50.12,0.0,0.71,67.73,62.35
CPAY,Corpay,Financials,Transaction & Payment Processing Services,325.24,389.55,283.07,324.36,321.33,317.33,325.03,343.13,0.0,2.15,332.23,302.43
CTVA,Corteva,Materials,Fertilizers & Agricultural Chemicals,75.03,77.12,54.68,73.78,73.02,72.33,73.37,64.95,0.4,-0.79,74.44,70.23
CSGP,CoStar Group,Real Estate,Real Estate Services,89.45,96.83,69.29,89.78,89.19,91.49,87.53,79.25,-0.2,9.58,98.02,84.95
COST,Costco,Consumer Staples,Consumer Staples Merchandise Retail,949.52,1073.97,869.13,952.13,966.29,966.93,966.77,972.9,-0.2,5.51,1001.84,931.97
CTRA,Coterra,Energy,Oil & Gas Exploration & Production,24.14,29.06,21.86,23.83,23.68,23.76,24.38,25.42,0.0,1.04,24.39,23.13
CRWD,CrowdStrike,Information Technology,Systems Software,422.61,514.1,246.39,418.73,421.05,430.19,462.96,407.91,0.2,7.76,455.4,404.97
CCI,Crown Castle,Real Estate,Telecom Tower REITs,100.15,115.16,82.06,102.22,101.97,103.39,103.94,97.7,0.4,7.26,107.42,99.35
CSX,CSX Corporation,Industrials,Rail Transportation,32.54,36.52,26.58,33.64,34.94,35.24,34.32,32.2,0.0,15.73,37.66,32.83
CMI,Cummins,Industrials,Construction Machinery & Heavy Transportation Equipment,401.4,404.74,264.26,398.09,398.5,388.57,357.89,340.9,0.2,4.2,418.26,358.91
CVS,CVS Health,Health Care,Health Care Services,71.93,71.93,42.33,71.48,70.47,67.15,65.42,60.37,0.2,3.49,74.44,59.87
DHR,Danaher Corporation,Health Care,Life Sciences Tools & Services,205.0,276.83,174.36,206.94,208.84,204.4,201.0,209.94,-0.4,5.23,215.72,193.08
DRI,Darden Restaurants,Consumer Discretionary,Restaurants,206.26,224.21,150.91,206.52,206.68,205.42,209.63,194.65,0.4,1.49,209.33,201.5
DDOG,Datadog,Information Technology,Application Software,131.73,168.65,87.0,129.36,128.51,131.17,136.4,127.52,0.2,5.95,139.57,122.77
DVA,DaVita,Health Care,Health Care Services,137.56,177.35,127.69,138.3,136.86,135.42,139.56,148.71,0.0,4.44,143.67,127.16
DAY,Dayforce,Industrials,Human Resource & Employment Services,69.55,81.8,49.33,69.36,65.26,59.31,58.0,63.33,-0.2,6.97,74.4,44.22
DECK,Deckers Brands,Consumer Discretionary,Footwear,116.73,223.11,95.32,111.45,107.92,105.99,104.98,140.55,0.0,-2.22,114.14,97.83
DE,Deere & Company,Industrials,Agricultural & Farm Machinery,493.08,529.8,370.76,490.3,489.24,499.5,506.39,473.23,0.0,5.96,522.47,476.53
DELL,Dell Technologies,Information Technology,"Technology Hardware, Storage & Peripherals",132.5,142.14,70.88,130.63,133.21,133.58,128.31,112.64,0.0,7.39,142.29,124.87
DAL,Delta Air Lines,Industrials,Passenger Airlines,61.26,68.45,35.65,60.47,60.22,57.23,54.25,54.7,0.0,5.04,64.35,50.12
DVN,Devon Energy,Energy,Oil & Gas Exploration & Production,35.56,43.73,26.61,35.12,34.41,33.58,33.35,33.65,0.2,0.59,35.77,31.39
DXCM,Dexcom,Health Care,Health Care Equipment,76.38,90.75,59.83,78.27,79.56,78.85,82.45,79.86,0.4,8.98,83.24,74.46
FANG,Diamondback Energy,Energy,Oil & Gas Exploration & Production,147.06,194.36,117.58,143.51,141.49,141.79,141.89,149.89,-0.2,1.1,148.68,134.9
DLR,Digital Realty,Real Estate,Data Center REITs,169.73,191.46,135.17,166.87,166.44,168.77,172.18,167.24,0.4,3.03,174.87,162.66
DG,Dollar General,Consumer Staples,Consumer Staples Merchandise Retail,111.2,121.87,67.66,111.79,112.63,112.62,111.92,89.89,0.0,6.07,117.95,107.29
DLTR,Dollar Tree,Consumer Staples,Consumer Staples Merchandise Retail,112.86,117.16,61.21,112.51,112.86,114.08,109.3,83.95,0.2,3.84,117.19,110.97
D,Dominion Energy,Utilities,Multi-Utilities,60.34,62.1,49.07,60.7,60.9,60.98,58.54,55.25,-0.2,3.8,62.63,59.32
DPZ,Domino's,Consumer Discretionary,Restaurants,452.55,495.6,397.58,452.46,450.24,450.29,457.93,455.88,0.4,3.12,466.67,433.91
DASH,DoorDash,Consumer Discretionary,Specialized Consumer Services,245.65,270.99,123.56,246.44,247.32,252.4,244.1,201.39,0.0,8.41,266.31,238.5
DOV,Dover Corporation,Industrials,Industrial Machinery & Supplies & Components,182.71,205.3,150.71,181.18,179.75,178.24,182.39,185.37,0.0,0.86,184.28,172.18
DOW,Dow Inc.,Materials,Commodity Chemicals,24.74,52.18,20.87,24.64,24.08,22.97,25.86,32.75,0.0,3.48,25.6,20.34
DHI,D. R. Horton,Consumer Discretionary,Homebuilding,167.5,194.88,114.44,167.48,166.35,160.3,144.61,137.15,0.2,4.61,175.22,145.38
DTE,DTE Energy,Utilities,Multi-Utilities,138.41,141.49,114.13,139.01,139.15,139.49,136.25,129.19,0.0,2.23,141.5,137.47
DUK,Duke Energy,Utilities,Electric Utilities,123.68,124.85,102.96,123.71,123.39,123.41,119.39,114.26,0.2,1.56,125.61,121.21
DD,DuPont,Materials,Specialty Chemicals,77.83,88.16,54.8,76.79,75.21,73.27,72.87,73.57,0.2,0.51,78.23,68.31
EMN,Eastman Chemical Company,Materials,Specialty Chemicals,68.83,110.6,58.79,68.21,67.21,65.03,72.5,84.57,0.2,4.87,72.18,57.87
ETN,Eaton Corporation,Industrials,Electrical Components & Equipment,351.4,392.76,245.66,348.43,349.7,358.31,360.6,328.92,0.0,8.73,382.08,334.54
EBAY,eBay Inc.,Consumer Discretionary,Broadline Retail,93.67,100.77,56.78,96.99,98.22,96.08,84.81,71.11,0.2,9.6,102.66,89.5
ECL,Ecolab,Materials,Specialty Chemicals,280.38,285.47,225.1,280.95,281.48,275.58,270.71,254.69,0.4,3.68,290.7,260.47
EIX,Edison International,Utilities,Electric Utilities,55.38,84.75,47.56,54.84,55.37,55.03,52.57,59.04,-0.4,3.21,57.16,52.9
EW,Edwards Lifesciences,Health Care,Health Care Equipment,80.9,81.83,64.54,81.2,80.11,79.34,77.94,73.89,0.2,1.56,82.16,76.51
EA,Electronic Arts,Communication Services,Interactive Home Entertainment,172.6,179.01,116.21,172.11,172.54,169.08,159.61,148.59,0.2,6.35,183.56,154.59
ELV,Elevance Health,Health Care,Managed Health Care,309.81,553.55,274.66,312.0,309.63,296.84,320.9,378.87,0.0,5.13,325.7,268.0
EMR,Emerson Electric,Industrials,Electrical Components & Equipment,133.45,149.04,93.37,132.61,132.29,134.37,136.74,123.02,0.0,6.77,142.48,126.25
ENPH,Enphase Energy,Information Technology,Semiconductor Materials & Equipment,37.56,123.65,30.11,37.3,36.13,34.17,37.03,53.68,-0.2,4.13,39.11,29.23
ETR,Entergy,Utilities,Electric Utilities,89.55,91.02,57.82,89.37,89.28,89.64,85.83,81.08,0.2,1.66,91.04,88.24
EOG,EOG Resources,Energy,Oil & Gas Exploration & Production,122.88,134.72,102.81,121.05,119.74,118.6,119.62,120.65,0.0,-0.36,122.44,114.76
EPAM,EPAM Systems,Information Technology,IT Consulting & Other Services,173.55,267.63,143.33,171.54,167.33,160.86,167.23,196.98,-0.2,1.87,176.8,144.93
EQT,EQT Corporation,Energy,Oil & Gas Exploration & Production,51.35,60.26,31.49,51.98,51.72,51.74,54.44,50.96,0.4,3.52,53.16,50.31
EFX,Equifax,Industrials,Research & Consulting Services,245.98,305.2,205.11,248.96,248.45,245.22,251.8,253.34,0.0,3.49,254.56,235.87
EQIX,Equinix,Real Estate,Data Center REITs,790.56,968.75,731.64,782.68,777.07,775.71,787.84,857.17,0.2,-0.21,788.9,762.53
EQR,Equity Residential,Real Estate,Multi-Family Residential REITs,65.14,75.24,61.2,64.79,64.37,63.76,65.81,68.5,0.0,0.45,65.43,62.1
ERIE,Erie Indemnity,Financials,Insurance Brokers,350.79,537.71,339.09,358.08,361.2,359.66,353.66,385.64,-0.4,5.76,371.0,348.33
ESS,Essex Property Trust,Real Estate,Multi-Family Residential REITs,267.62,308.41,252.08,265.47,262.38,259.18,274.34,282.07,0.2,0.2,268.16,250.19
EL,Estée Lauder Companies (The),Consumer Staples,Personal Care Products,92.61,99.31,49.8,90.01,89.77,90.68,87.41,73.11,0.0,2.02,94.48,86.89
EG,Everest Group,Financials,Reinsurance,343.34,400.34,324.54,343.08,339.76,335.03,335.7,347.65,-0.2,1.28,347.73,322.31
EVRG,Evergy,Utilities,Electric Utilities,72.06,72.6,56.35,71.93,71.76,71.81,69.6,65.24,0.0,1.36,73.04,70.59
ES,Eversource Energy,Utilities,Electric Utilities,64.8,66.62,53.58,64.85,65.12,65.47,65.02,60.74,0.2,3.38,66.99,63.95
EXC,Exelon,Utilities,Electric Utilities,44.39,46.54,35.25,44.6,44.59,44.65,43.58,41.71,0.0,1.89,45.23,44.08
EXE,Expand Energy,Energy,Oil & Gas Exploration & Production,95.3,120.67,68.08,95.26,94.65,96.57,103.25,102.4,0.2,7.04,102.01,91.13
EXPE,Expedia Group,Consumer Discretionary,"Hotels, Resorts & Cruise Lines",212.21,214.81,129.25,211.87,209.44,199.65,186.23,177.65,0.4,5.6,224.09,175.2
EXPD,Expeditors International,Industrials,Air Freight & Logistics,122.33,129.72,102.14,120.54,120.31,119.05,116.61,114.5,0.2,0.78,123.28,114.82
EXR,Extra Space Storage,Real Estate,Self-Storage REITs,141.57,177.29,125.24,140.82,139.37,138.29,144.67,147.66,0.2,0.62,142.45,134.12
XOM,ExxonMobil,Energy,Integrated Oil & Gas,112.75,121.0,98.11,111.3,109.2,107.84,109.36,108.09,0.4,0.0,112.75,102.93
FFIV,"F5, Inc.",Information Technology,Communications Equipment,317.74,326.47,198.85,316.09,316.18,317.65,304.96,279.06,0.2,2.59,325.97,309.34
FDS,FactSet,Financials,Financial Exchanges & Data,380.22,492.37,369.62,380.29,377.89,382.12,413.04,444.63,-0.2,5.06,399.46,364.78
FICO,Fair Isaac,Information Technology,Application Software,1419.37,2382.4,1311.26,1408.2,1378.15,1365.84,1550.5,1856.28,-0.2,1.81,1445.06,1286.68
FAST,Fastenal,Industrials,Trading Companies & Distributors,50.2,50.39,31.39,49.99,49.61,48.31,45.63,40.25,0.4,2.81,51.61,45.01
FRT,Federal Realty Investment Trust,Real Estate,Retail REITs,100.29,113.73,82.59,98.79,96.84,94.59,94.5,99.13,0.2,0.14,100.43,88.75
FDX,FedEx,Industrials,Air Freight & Logistics,232.21,300.06,196.8,231.68,230.48,227.5,229.99,243.98,-0.2,2.22,237.37,217.63
FIS,Fidelity National Information Services,Financials,Transaction & Payment Processing Services,69.75,89.62,67.79,70.43,70.34,71.89,77.16,77.51,0.0,11.97,78.1,65.69
FITB,Fifth Third Bancorp,Financials,Regional Banks,45.51,47.14,33.02,44.51,43.69,42.63,42.3,40.99,0.4,-0.37,45.34,39.93
FSLR,First Solar,Information Technology,Semiconductors,191.23,255.75,120.38,196.33,199.84,191.72,176.82,165.4,0.2,11.98,214.14,169.3
FE,FirstEnergy,Utilities,Electric Utilities,43.77,43.95,37.17,43.65,43.52,43.37,41.41,40.16,0.2,0.89,44.16,42.57
FI,Fiserv,Financials,Transaction & Payment Processing Services,137.98,237.79,132.22,138.56,138.02,136.19,152.44,191.4,0.0,2.42,141.32,131.05
F,Ford Motor Company,Consumer Discretionary,Automobile Manufacturers,11.91,11.91,8.45,11.73,11.6,11.33,11.17,10.07,0.4,0.92,12.02,10.64
FTNT,Fortinet,Information Technology,Systems Software,78.13,114.57,74.39,78.24,78.6,82.83,95.5,98.59,0.0,28.47,100.37,65.3
FTV,Fortive,Industrials,Industrial Machinery & Supplies & Components,48.57,62.4,46.55,48.53,48.26,47.9,50.41,54.67,0.0,1.38,49.24,46.55
FOXA,Fox Corporation (Class A),Communication Services,Broadcasting,59.52,59.89,38.72,59.36,58.98,57.24,56.38,52.43,0.4,3.26,61.46,53.02
FOX,Fox Corporation (Class B),Communication Services,Broadcasting,54.4,54.64,35.86,54.28,53.94,52.28,51.68,48.74,0.4,3.36,56.23,48.34
BEN,Franklin Resources,Financials,Asset Management & Custody Banks,25.64,26.03,16.43,25.24,25.16,25.1,24.5,21.05,0.0,1.95,26.14,24.06
FCX,Freeport-McMoRan,Materials,Copper,43.87,51.16,28.93,43.38,42.61,41.78,43.05,39.72,0.2,1.19,44.39,39.18
GRMN,Garmin,Consumer Discretionary,Consumer Electronics,235.53,239.99,159.72,233.27,233.0,230.56,222.32,210.9,0.2,1.96,240.15,220.97
IT,Gartner,Information Technology,IT Consulting & Other Services,246.36,551.8,225.98,245.1,243.33,254.08,329.8,437.0,0.0,31.1,322.98,185.17
GE,GE Aerospace,Industrials,Aerospace & Defense,273.35,279.63,159.16,269.83,268.75,270.97,261.72,213.31,0.0,1.81,278.3,263.62
GEHC,GE HealthCare,Health Care,Health Care Equipment,74.26,93.69,58.69,74.26,73.94,72.89,74.03,77.68,-0.2,2.69,76.26,69.51
GEV,GE Vernova,Industrials,Heavy Electrical Equipment,622.39,664.55,181.78,612.74,614.36,633.74,583.52,418.78,-0.2,8.73,676.72,590.76
GEN,Gen Digital,Information Technology,Systems Software,30.74,32.03,23.31,31.08,31.24,30.46,30.03,28.15,0.0,7.19,32.95,27.98
GNRC,Generac,Industrials,Electrical Components & Equipment,186.99,202.85,101.92,190.96,193.94,195.17,166.28,148.9,0.2,8.5,202.88,187.46
GD,General Dynamics,Industrials,Aerospace & Defense,325.46,325.46,239.38,320.73,318.07,315.89,304.56,275.96,0.4,-0.75,323.02,308.76
GIS,General Mills,Consumer Staples,Packaged Foods & Meats,49.25,72.16,48.94,49.56,49.6,49.48,50.43,56.39,0.0,1.95,50.21,48.75
GM,General Motors,Consumer Discretionary,Automobile Manufacturers,58.75,59.72,42.35,58.14,57.35,55.37,53.01,50.43,0.2,1.75,59.78,50.96
GPC,Genuine Parts Company,Consumer Discretionary,Distributors,139.85,140.16,104.68,138.74,138.21,135.49,129.43,121.72,0.4,1.76,142.31,128.68
GILD,Gilead Sciences,Health Care,Biotechnology,113.92,120.47,74.56,114.75,116.58,115.94,112.77,103.43,0.0,7.44,122.4,109.5
GPN,Global Payments,Financials,Transaction & Payment Processing Services,87.84,118.42,67.25,88.12,87.34,84.34,82.1,93.86,0.0,4.38,91.69,77.0
GL,Globe Life,Financials,Life & Health Insurance,140.49,143.27,100.46,140.09,138.63,139.15,129.92,121.03,0.2,1.31,142.33,135.96
GDDY,GoDaddy,Information Technology,Internet Services & Infrastructure,147.87,214.35,133.35,146.63,145.78,147.27,162.44,182.16,-0.2,8.85,160.96,133.57
GS,Goldman Sachs,Financials,Investment Banking & Brokerage,749.67,749.67,459.93,739.05,734.62,729.97,710.53,613.38,0.4,0.58,754.02,705.9
HAL,Halliburton,Energy,Oil & Gas Equipment & Services,22.3,31.33,19.1,22.01,21.61,21.46,21.6,24.01,-0.2,0.99,22.52,20.39
HIG,Hartford (The),Financials,Property & Casualty Insurance,133.07,134.02,105.42,133.15,132.32,129.84,126.12,119.63,0.4,2.2,136.0,123.69
HAS,Hasbro,Consumer Discretionary,Leisure Products,81.56,81.85,49.75,81.1,80.56,78.53,75.93,63.87,0.4,2.1,83.27,73.78
HCA,HCA Healthcare,Health Care,Health Care Facilities,405.05,412.92,295.46,403.8,401.49,386.88,375.87,344.03,0.4,4.18,421.98,351.8
DOC,Healthpeak Properties,Real Estate,Health Care REITs,17.9,21.82,16.53,17.62,17.38,17.11,17.5,18.61,0.0,-0.5,17.81,16.41
HSIC,Henry Schein,Health Care,Health Care Distributors,68.98,81.91,62.7,68.86,68.42,67.77,70.35,71.26,0.0,2.12,70.44,65.11
HSY,Hershey Company (The),Consumer Staples,Packaged Foods & Meats,181.66,196.72,141.22,181.31,180.42,181.85,175.87,166.72,0.2,4.6,190.02,173.69
HPE,Hewlett Packard Enterprise,Information Technology,"Technology Hardware, Storage & Peripherals",22.73,24.05,12.42,22.41,21.85,21.19,20.51,19.29,0.4,1.06,22.97,19.41
HLT,Hilton Worldwide,Consumer Discretionary,"Hotels, Resorts & Cruise Lines",276.4,278.65,201.16,274.5,272.14,267.98,267.58,250.25,0.2,1.0,279.16,256.79
HOLX,Hologic,Health Care,Health Care Equipment,66.73,83.72,52.73,67.18,67.56,67.66,66.03,66.15,-0.2,3.31,68.94,66.38
HD,Home Depot (The),Consumer Discretionary,Home Improvement Retail,408.24,426.0,333.17,407.03,403.85,394.87,377.57,380.44,0.0,2.72,419.34,370.39
HON,Honeywell,Industrials,Industrial Conglomerates,221.25,239.16,180.99,220.93,218.86,218.23,225.52,217.47,0.6,0.79,223.0,213.47
HRL,Hormel Foods,Consumer Staples,Packaged Foods & Meats,29.02,32.6,27.75,28.96,28.69,28.56,29.31,29.62,0.0,0.62,29.2,27.93
HST,Host Hotels & Resorts,Real Estate,Hotel & Resort REITs,17.37,18.25,12.54,16.85,16.41,15.97,16.01,15.8,0.4,-1.09,17.18,14.77
HWM,Howmet Aerospace,Industrials,Aerospace & Defense,175.65,192.01,91.19,173.41,173.12,176.85,179.88,143.82,0.0,5.43,185.19,168.5
HPQ,HP Inc.,Information Technology,"Technology Hardware, Storage & Peripherals",27.11,38.15,21.63,27.19,26.99,26.24,25.55,28.84,0.0,4.02,28.2,24.29
HUBB,Hubbell Incorporated,Industrials,Industrial Machinery & Supplies & Components,446.06,467.52,314.89,438.91,435.49,431.48,422.84,400.16,0.2,0.45,448.07,414.9
HUM,Humana,Health Care,Managed Health Care,297.26,366.52,220.41,297.46,292.05,276.12,251.87,260.25,-0.2,5.2,312.72,239.52
HBAN,Huntington Bancshares,Financials,Regional Banks,17.8,17.8,12.37,17.32,17.01,16.61,16.7,15.94,0.4,-0.79,17.66,15.56
HII,Huntington Ingalls Industries,Industrials,Aerospace & Defense,276.39,278.86,157.56,271.06,268.91,268.86,257.54,214.41,0.4,-0.18,275.89,261.82
IBM,IBM,Information Technology,IT Consulting & Other Services,244.84,292.8,192.54,241.68,240.85,243.0,265.73,245.24,0.2,3.29,252.9,233.11
IEX,IDEX Corporation,Industrials,Industrial Machinery & Supplies & Components,166.08,233.54,157.53,165.8,165.51,163.23,172.91,190.29,0.0,2.58,170.36,156.11
IDXX,Idexx Laboratories,Health Care,Health Care Equipment,640.86,682.78,361.04,640.51,642.17,635.85,576.53,477.51,0.2,10.37,707.32,564.39
ITW,Illinois Tool Works,Industrials,Industrial Machinery & Supplies & Components,266.83,273.51,217.09,266.04,263.65,260.52,256.44,252.69,0.4,1.25,270.17,250.88
INCY,Incyte,Health Care,Biotechnology,84.84,86.92,55.17,85.03,85.48,82.1,74.47,69.63,0.2,6.26,90.15,74.05
IR,Ingersoll Rand,Industrials,Industrial Machinery & Supplies & Components,80.64,105.27,66.72,79.91,79.58,78.79,82.83,86.06,-0.2,3.2,83.22,74.36
PODD,Insulet Corporation,Health Care,Health Care Equipment,334.35,334.35,180.69,330.76,327.44,311.38,302.66,281.56,0.4,4.23,348.49,274.26
INTC,Intel,Information Technology,Semiconductors,24.85,27.39,18.13,24.41,24.3,22.33,22.33,21.72,0.4,6.88,26.56,18.1
ICE,Intercontinental Exchange,Financials,Financial Exchanges & Data,177.3,188.45,142.02,179.02,179.65,182.72,182.1,167.98,0.4,7.17,190.01,175.42
IFF,International Flavors & Fragrances,Materials,Specialty Chemicals,66.78,104.49,63.46,66.95,66.35,66.66,71.75,78.51,-0.2,6.26,70.96,62.37
IP,International Paper,Materials,Paper & Plastic Packaging Products & Materials,48.37,58.45,43.05,48.69,47.85,47.27,48.86,50.77,0.0,2.19,49.43,45.1
IPG,Interpublic Group of Companies (The),Communication Services,Advertising,26.92,31.12,22.6,26.91,26.58,25.75,25.17,25.98,0.0,2.71,27.65,23.85
INTU,Intuit,Information Technology,Application Software,663.17,807.39,542.39,668.02,688.49,721.08,750.23,663.15,0.2,21.52,805.88,636.27
ISRG,Intuitive Surgical,Health Care,Health Care Equipment,471.15,610.45,451.58,471.98,475.82,476.45,501.27,529.26,0.0,3.17,486.09,466.8
IVZ,Invesco,Financials,Asset Management & Custody Banks,22.05,22.05,11.86,21.56,21.29,21.0,18.91,16.59,0.2,-0.36,21.97,20.03
INVH,Invitation Homes,Real Estate,Single-Family Residential REITs,31.13,36.03,29.76,30.89,30.62,30.44,31.67,32.28,0.2,0.1,31.16,29.72
IQV,IQVIA,Health Care,Life Sciences Tools & Services,188.8,251.55,137.0,188.22,189.85,186.3,175.37,178.88,-0.2,3.63,195.65,176.95
IRM,Iron Mountain,Real Estate,Other Specialized REITs,91.87,125.19,76.34,91.9,91.6,92.27,96.96,97.76,-0.2,4.75,96.23,88.32
JBHT,J.B. Hunt,Industrials,Cargo Ground Transportation,145.79,195.43,123.94,145.28,144.66,143.13,145.79,155.06,0.0,2.01,148.72,137.54
JBL,Jabil,Information Technology,Electronic Manufacturing Services,207.9,230.3,100.84,208.0,209.85,215.94,217.7,166.39,0.0,10.83,230.42,201.47
JKHY,Jack Henry & Associates,Financials,Transaction & Payment Processing Services,162.74,190.67,158.52,163.06,162.02,163.39,172.56,174.29,-0.2,4.44,169.97,156.83
J,Jacobs Solutions,Industrials,Construction & Engineering,148.36,151.85,109.18,147.82,147.49,146.49,139.32,130.64,0.2,2.88,152.63,140.33
JNJ,Johnson & Johnson,Health Care,Pharmaceuticals,176.79,177.98,138.72,177.2,176.38,173.08,163.73,154.3,0.2,2.4,181.03,165.14
JCI,Johnson Controls,Industrials,Building Products,109.27,111.73,66.66,107.23,106.09,105.82,106.03,89.9,0.4,-0.67,108.54,103.1
JPM,JPMorgan Chase,Financials,Diversified Banks,299.28,299.63,199.83,296.09,293.95,292.54,289.73,258.31,0.4,-0.13,298.89,286.19
K,Kellanova,Consumer Staples,Packaged Foods & Meats,79.76,82.31,77.85,79.93,80.01,80.01,79.71,80.64,-0.2,0.66,80.29,79.73
KVUE,Kenvue,Consumer Staples,Personal Care Products,20.75,24.0,19.25,21.16,21.23,21.33,21.33,21.95,-0.4,5.78,21.95,20.72
KDP,Keurig Dr Pepper,Consumer Staples,Soft Drinks & Non-alcoholic Beverages,29.72,36.99,28.95,32.02,33.45,33.65,33.49,32.83,0.0,25.1,37.18,30.12
KEY,KeyCorp,Financials,Regional Banks,19.39,19.39,13.06,18.97,18.57,18.15,17.96,16.81,0.4,-0.41,19.31,16.98
KEYS,Keysight Technologies,Information Technology,Electronic Equipment & Instruments,165.02,185.11,127.02,164.44,163.65,163.39,163.74,160.93,0.2,2.45,169.06,157.72
KMB,Kimberly-Clark,Consumer Staples,Household Products,130.21,146.03,122.21,131.45,132.11,132.8,130.42,132.59,-0.4,6.13,138.19,127.4
KIM,Kimco Realty,Real Estate,Retail REITs,22.38,24.93,18.48,22.09,21.72,21.42,21.41,21.62,0.0,-0.04,22.37,20.47
KMI,Kinder Morgan,Energy,Oil & Gas Storage & Transportation,26.83,30.24,19.94,26.69,26.62,26.97,27.39,26.97,0.4,4.99,28.17,25.77
KKR,KKR & Co.,Financials,Asset Management & Custody Banks,140.47,166.38,92.52,139.77,140.54,142.34,139.89,134.91,0.2,5.42,148.08,136.59
KLAC,KLA Corporation,Information Technology,Semiconductor Materials & Equipment,888.89,953.34,573.9,879.84,886.35,895.94,902.23,751.68,0.2,6.32,945.07,846.83
KHC,Kraft Heinz,Consumer Staples,Packaged Foods & Meats,27.89,34.7,25.61,27.77,27.65,27.54,27.24,28.54,-0.2,0.9,28.14,26.93
KR,Kroger,Consumer Staples,Food Retail,67.98,73.97,50.47,69.62,69.9,71.0,70.8,65.54,0.2,9.56,74.48,67.52
LHX,L3Harris,Industrials,Aerospace & Defense,276.76,278.26,192.63,276.49,274.44,274.24,265.02,231.31,0.2,1.3,280.36,268.13
LH,Labcorp,Health Care,Health Care Services,279.3,279.3,210.19,277.72,275.46,269.98,262.13,244.89,0.4,1.39,283.18,256.78
LRCX,Lam Research,Information Technology,Semiconductor Materials & Equipment,103.67,107.38,58.94,101.41,101.23,100.47,98.89,82.22,0.2,3.52,107.32,93.63
LW,Lamb Weston,Consumer Staples,Packaged Foods & Meats,56.66,80.72,47.73,56.14,55.43,54.46,53.51,57.8,0.0,2.28,57.95,50.97
LVS,Las Vegas Sands,Consumer Discretionary,Casinos & Gaming,56.7,56.7,30.35,55.53,54.55,53.68,49.9,45.02,0.4,-0.48,56.43,50.93
LDOS,Leidos,Industrials,Diversified Support Services,183.39,199.72,126.1,181.91,180.26,175.94,165.97,151.75,0.2,3.82,190.4,161.47
LEN,Lennar,Consumer Discretionary,Homebuilding,133.33,183.45,101.84,133.26,132.47,126.37,117.47,123.29,0.0,5.41,140.54,112.19
LII,Lennox International,Industrials,Building Products,567.0,674.16,506.5,573.55,586.12,591.75,596.93,595.61,0.2,9.35,620.01,563.52
LLY,Lilly (Eli),Health Care,Pharmaceuticals,734.17,952.73,624.28,717.41,707.79,702.4,749.29,785.27,-0.2,7.56,789.67,615.15
LIN,Linde plc,Materials,Industrial Gases,482.71,482.71,410.23,480.97,480.34,474.64,470.11,453.63,0.2,1.16,488.31,460.98
LYV,Live Nation Entertainment,Communication Services,Movies & Entertainment,165.57,166.62,92.78,165.24,163.57,157.68,152.43,139.81,0.4,3.36,171.13,144.23
LKQ,LKQ Corporation,Consumer Discretionary,Distributors,32.08,43.02,28.96,31.54,31.29,30.45,33.99,37.56,-0.2,1.31,32.5,28.39
LMT,Lockheed Martin,Industrials,Aerospace & Defense,454.47,602.16,410.74,450.21,445.37,436.96,447.74,465.94,0.0,0.74,457.83,416.1
L,Loews Corporation,Financials,Multi-line Insurance,96.37,96.7,76.27,96.12,95.81,94.45,92.26,87.41,0.4,1.73,98.04,90.85
LOW,Lowe's,Consumer Discretionary,Home Improvement Retail,258.67,278.66,209.46,259.05,256.48,247.25,231.93,238.02,0.0,4.38,270.0,224.5
LULU,Lululemon Athletica,Consumer Discretionary,"Apparel, Accessories & Luxury Goods",205.57,421.16,186.44,203.26,200.94,197.58,217.0,304.46,0.2,1.23,208.1,187.06
LYB,LyondellBasell,Materials,Specialty Chemicals,56.28,90.95,47.21,56.3,54.4,52.33,57.03,63.91,0.2,4.19,58.64,46.02
MTB,M&T Bank,Financials,Regional Banks,202.02,217.42,155.42,198.45,195.05,191.38,193.46,187.98,0.6,-0.2,201.62,181.16
MPC,Marathon Petroleum,Energy,Oil & Gas Refining & Marketing,177.89,181.25,117.23,171.88,167.33,165.05,169.19,151.75,0.6,-1.23,175.7,154.4
MKTX,MarketAxess,Financials,Financial Exchanges & Data,187.51,289.47,183.68,188.6,188.02,191.37,205.89,217.27,0.0,10.46,207.12,175.63
MAR,Marriott International,Consumer Discretionary,"Hotels, Resorts & Cruise Lines",269.67,302.22,210.04,268.44,266.72,263.72,268.89,266.07,0.2,1.25,273.04,254.42
MMC,Marsh McLennan,Financials,Insurance Brokers,206.37,243.22,197.78,208.29,208.54,205.5,209.42,220.21,0.2,3.51,213.61,197.38
MLM,Martin Marietta Materials,Materials,Construction Materials,616.64,620.08,451.86,609.36,608.01,604.37,577.04,540.81,0.0,1.66,626.88,581.86
MAS,Masco,Industrials,Building Products,74.54,84.25,58.18,74.24,73.88,71.8,67.72,69.92,0.0,3.13,76.87,66.74
MA,Mastercard,Financials,Transaction & Payment Processing Services,590.66,598.96,465.96,593.27,589.42,579.34,565.84,547.69,0.2,1.95,602.18,556.49
MTCH,Match Group,Communication Services,Interactive Media & Services,37.44,38.74,26.87,37.2,37.56,36.58,34.0,31.84,0.2,6.04,39.7,33.47
MKC,McCormick & Company,Consumer Staples,Packaged Foods & Meats,70.68,83.73,68.41,70.98,70.21,70.11,71.85,75.08,0.0,1.47,71.72,68.51
MCD,McDonald's,Consumer Discretionary,Restaurants,311.43,319.48,276.57,313.02,311.57,307.69,300.22,299.92,0.4,1.75,316.88,298.5
MCK,McKesson Corporation,Health Care,Health Care Distributors,683.51,735.33,477.52,687.68,683.63,683.98,704.22,657.87,0.2,4.82,716.46,651.49
MDT,Medtronic,Health Care,Health Care Equipment,92.05,93.22,78.03,92.02,92.1,91.56,89.89,86.33,0.0,2.37,94.23,88.88
MRK,Merck & Co.,Health Care,Pharmaceuticals,84.07,115.53,72.74,85.56,84.86,82.51,81.88,86.95,-0.2,4.38,87.75,77.27
META,Meta Platforms,Communication Services,Interactive Media & Services,747.38,790.0,484.29,749.73,758.26,764.25,733.15,645.4,0.0,5.98,792.07,736.4
MET,MetLife,Financials,Life & Health Insurance,81.11,86.38,67.4,80.74,79.44,77.38,77.67,79.15,0.0,1.45,82.29,72.47
MTD,Mettler Toledo,Health Care,Life Sciences Tools & Services,1285.24,1499.7,970.15,1291.85,1303.6,1276.55,1233.53,1215.23,0.0,5.25,1352.72,1200.33
MGM,MGM Resorts,Consumer Discretionary,Casinos & Gaming,39.77,41.99,25.79,38.14,37.21,36.25,36.45,34.24,0.4,-1.79,39.06,33.45
MCHP,Microchip Technology,Information Technology,Semiconductors,66.65,79.81,34.83,67.52,66.41,65.64,69.03,58.81,0.2,4.41,69.59,61.68
MU,Micron Technology,Information Technology,Semiconductors,117.75,127.79,64.66,116.83,119.31,116.96,118.2,99.92,0.0,10.23,129.8,104.13
MSFT,Microsoft,Information Technology,Systems Software,506.74,534.76,353.33,504.9,509.55,517.37,506.45,440.02,0.0,5.95,536.89,497.82
MAA,Mid-America Apartment Communities,Real Estate,Multi-Family Residential REITs,144.42,167.59,138.38,142.62,141.89,141.15,145.85,152.53,0.2,-0.17,144.17,138.13
MRNA,Moderna,Health Care,Biotechnology,25.1,81.66,23.65,25.7,26.61,26.79,29.04,32.57,-0.2,16.02,29.12,24.46
MHK,Mohawk Industries,Consumer Discretionary,Home Furnishings,132.22,161.25,97.99,130.56,128.87,125.01,115.86,116.91,0.0,2.94,136.11,113.91
MOH,Molina Healthcare,Health Care,Managed Health Care,176.12,360.77,152.31,174.67,171.71,164.0,205.12,281.63,0.2,2.86,181.16,146.84
TAP,Molson Coors Beverage Company,Consumer Staples,Brewers,51.13,62.37,47.24,51.52,51.43,50.62,49.9,55.25,-0.2,3.66,53.0,48.25
MDLZ,Mondelez International,Consumer Staples,Packaged Foods & Meats,61.76,73.6,55.34,62.42,62.33,62.46,65.93,63.65,0.4,3.93,64.19,60.73
MPWR,Monolithic Power Systems,Information Technology,Semiconductors,866.32,937.7,454.23,843.91,841.62,822.72,764.49,655.73,0.4,2.85,891.01,754.45
MNST,Monster Beverage,Consumer Staples,Soft Drinks & Non-alcoholic Beverages,61.73,64.69,46.16,62.67,63.47,62.43,61.64,57.06,0.0,7.86,66.58,58.29
MCO,Moody's Corporation,Financials,Financial Exchanges & Data,510.07,524.53,395.22,511.39,513.0,513.45,503.01,480.0,0.0,2.42,522.41,504.51
MS,Morgan Stanley,Financials,Investment Banking & Brokerage,149.38,149.38,93.79,147.61,146.42,144.59,141.47,128.44,0.2,0.88,150.69,138.5
MOS,Mosaic Company (The),Materials,Fertilizers & Agricultural Chemicals,33.49,37.81,22.62,33.02,32.66,32.98,35.02,29.55,0.2,7.17,35.89,30.07
MSI,Motorola Solutions,Information Technology,Communications Equipment,464.41,500.78,393.68,461.01,461.07,455.17,433.78,441.26,-0.2,2.79,477.37,432.97
MSCI,MSCI Inc.,Financials,Financial Exchanges & Data,570.15,630.0,503.37,571.48,567.64,560.74,562.49,570.09,-0.2,1.97,581.38,540.11
NDAQ,"Nasdaq, Inc.",Financials,Financial Exchanges & Data,94.84,96.94,66.19,94.55,94.55,95.43,92.05,81.88,0.0,2.76,97.46,93.41
NTAP,NetApp,Information Technology,"Technology Hardware, Storage & Peripherals",112.13,130.49,75.73,110.17,109.57,107.13,106.08,106.13,-0.2,1.11,113.37,100.89
NFLX,Netflix,Communication Services,Movies & Entertainment,1223.5,1339.13,665.77,1215.7,1222.11,1203.83,1229.94,1049.98,0.2,2.88,1258.74,1148.87
NEM,Newmont,Materials,Gold,72.39,72.43,36.61,71.36,70.0,68.48,63.25,50.22,0.2,1.8,73.69,63.27
NWSA,News Corp (Class A),Communication Services,Publishing,29.66,30.5,23.97,29.95,29.8,29.45,29.4,28.25,0.4,2.63,30.44,28.45
NWS,News Corp (Class B),Communication Services,Publishing,34.11,35.17,26.94,34.55,34.42,33.93,33.87,32.1,0.4,2.96,35.12,32.74
NEE,NextEra Energy,Utilities,Multi-Utilities,73.89,83.49,63.6,75.29,75.25,73.39,73.13,70.97,0.2,5.13,77.68,69.11
NKE,"Nike, Inc.",Consumer Discretionary,"Apparel, Accessories & Luxury Goods",78.06,87.95,52.92,78.09,77.44,76.15,73.25,69.91,0.4,1.65,79.35,72.96
NI,NiSource,Utilities,Multi-Utilities,42.44,43.33,31.79,42.54,42.37,42.44,41.04,38.56,0.0,1.72,43.17,41.7
NDSN,Nordson Corporation,Industrials,Industrial Machinery & Supplies & Components,225.67,261.43,166.9,224.98,220.07,216.64,217.08,213.57,0.4,1.01,227.95,205.34
NSC,Norfolk Southern,Industrials,Rail Transportation,272.35,285.53,204.09,279.07,280.94,280.04,270.47,247.61,-0.4,5.39,287.03,273.06
NTRS,Northern Trust,Financials,Asset Management & Custody Banks,131.57,132.06,83.86,130.28,128.82,127.67,126.13,108.49,0.2,0.19,131.82,123.53
NOC,Northrop Grumman,Industrials,Aerospace & Defense,586.61,597.21,429.46,591.2,588.73,586.55,546.85,497.66,0.2,1.69,596.52,576.6
NCLH,Norwegian Cruise Line Holdings,Consumer Discretionary,"Hotels, Resorts & Cruise Lines",24.88,29.07,15.5,24.54,24.42,24.53,22.87,22.57,0.2,2.81,25.58,23.49
NRG,NRG Energy,Utilities,Independent Power Producers & Energy Traders,148.12,173.91,75.33,146.02,147.95,153.89,154.13,119.69,0.2,15.76,171.46,136.32
NUE,Nucor,Materials,Steel,150.33,165.5,102.79,147.8,146.28,143.06,139.24,128.97,0.6,0.6,151.23,134.89
NVDA,Nvidia,Information Technology,Semiconductors,181.6,183.16,94.3,179.23,179.17,179.56,169.23,138.45,-0.2,1.91,185.07,174.05
NVR,"NVR, Inc.",Consumer Discretionary,Homebuilding,8033.82,9924.4,6700.0,8079.1,8125.96,7997.96,7706.3,7736.64,-0.2,4.32,8380.88,7615.32
NXPI,NXP Semiconductors,Information Technology,Semiconductors,237.67,252.0,152.79,234.18,232.13,222.01,222.5,210.09,0.4,3.38,245.7,198.3
ORLY,O’Reilly Automotive,Consumer Discretionary,Automotive Retail,104.05,104.44,73.94,102.98,102.64,102.34,96.35,89.61,0.2,1.25,105.35,99.32
OXY,Occidental Petroleum,Energy,Oil & Gas Exploration & Production,46.87,56.27,35.91,45.94,45.15,44.39,44.24,45.49,0.0,-0.47,46.65,42.14
ODFL,Old Dominion,Industrials,Cargo Ground Transportation,153.82,230.8,141.85,154.53,153.04,149.92,158.05,174.27,0.0,3.24,158.8,141.04
OMC,Omnicom Group,Communication Services,Advertising,78.46,102.78,69.22,78.54,77.59,75.27,73.85,80.12,0.0,2.73,80.6,69.94
ON,ON Semiconductor,Information Technology,Semiconductors,51.25,77.87,31.95,50.77,50.63,50.3,54.14,52.25,0.4,8.55,55.63,44.97
OKE,Oneok,Energy,Oil & Gas Storage & Transportation,75.08,112.93,73.04,74.56,74.17,75.28,78.28,89.38,-0.2,5.89,79.5,71.05
ORCL,Oracle Corporation,Information Technology,Application Software,235.81,256.43,122.56,234.99,238.7,245.0,236.12,181.25,0.0,10.74,261.14,228.85
OTIS,Otis Worldwide,Industrials,Industrial Machinery & Supplies & Components,87.72,104.22,84.52,87.67,87.82,87.08,92.48,95.48,-0.2,2.13,89.59,84.57
PCAR,Paccar,Industrials,Construction Machinery & Heavy Transportation Equipment,101.44,113.98,85.82,100.25,99.52,98.5,97.05,100.09,0.2,0.36,101.81,95.19
PKG,Packaging Corporation of America,Materials,Paper & Plastic Packaging Products & Materials,210.69,244.28,174.83,211.53,203.81,199.48,198.93,206.1,0.0,1.64,214.15,184.82
PLTR,Palantir Technologies,Information Technology,Application Software,156.72,186.97,30.16,157.94,163.57,169.25,154.79,107.98,-0.2,23.44,193.46,145.04
PANW,Palo Alto Networks,Information Technology,Systems Software,187.61,208.28,152.44,185.12,181.84,176.67,189.76,187.4,0.6,1.03,189.54,163.79
PSKY,Paramount Skydance Corporation,Communication Services,Movies & Entertainment,14.81,16.03,9.8,15.73,14.77,13.34,13.0,11.63,0.4,15.33,17.08,9.59
PH,Parker Hannifin,Industrials,Industrial Machinery & Supplies & Components,768.1,768.1,515.78,753.07,746.4,736.85,717.88,665.72,0.4,0.58,772.55,701.17
PAYX,Paychex,Industrials,Human Resource & Employment Services,138.65,158.58,125.82,138.88,138.56,139.04,142.53,144.49,-0.2,2.83,142.57,135.52
PAYC,Paycom,Industrials,Human Resource & Employment Services,227.89,265.28,153.91,228.62,225.47,225.29,228.53,224.41,0.4,3.51,235.89,214.7
PYPL,PayPal,Financials,Transaction & Payment Processing Services,69.65,91.81,57.41,69.35,69.2,68.74,71.91,75.44,0.0,1.62,70.78,66.69
PNR,Pentair,Industrials,Industrial Machinery & Supplies & Components,109.34,109.34,75.76,107.9,106.88,105.17,104.1,98.19,0.4,1.06,110.5,99.84
PEP,PepsiCo,Consumer Staples,Soft Drinks & Non-alcoholic Beverages,147.64,173.24,127.06,148.29,149.29,146.01,140.25,143.2,-0.2,4.72,154.61,137.41
PFE,Pfizer,Health Care,Pharmaceuticals,25.07,28.21,20.83,25.35,25.28,24.75,24.51,24.2,0.4,4.35,26.16,23.33
PCG,PG&E Corporation,Utilities,Multi-Utilities,15.08,21.53,13.0,14.98,15.13,15.03,14.25,16.71,-0.4,4.64,15.78,14.28
PM,Philip Morris International,Consumer Staples,Tobacco,164.19,183.57,115.19,168.9,168.42,167.42,172.58,152.62,0.4,5.82,173.75,161.1
PSX,Phillips 66,Energy,Oil & Gas Refining & Marketing,132.62,135.19,91.09,129.28,125.77,122.6,123.6,118.2,0.4,-0.9,131.43,113.78
PNW,Pinnacle West Capital,Utilities,Multi-Utilities,90.43,93.78,79.36,90.58,91.08,91.64,90.37,88.87,0.2,3.82,93.88,89.4
PNC,PNC Financial Services,Financials,Diversified Banks,206.04,209.23,146.94,201.18,197.17,193.23,191.46,183.89,0.4,-0.89,204.21,182.25
POOL,Pool Corporation,Consumer Discretionary,Distributors,317.85,385.63,283.92,318.0,319.37,314.73,306.8,323.97,-0.2,3.77,329.83,299.62
PPG,PPG Industries,Materials,Specialty Chemicals,112.13,131.36,90.49,112.54,112.23,109.25,111.9,112.58,0.0,3.7,116.28,102.22
PPL,PPL Corporation,Utilities,Electric Utilities,36.62,37.24,30.73,36.65,36.7,36.48,35.44,34.13,0.0,2.02,37.36,35.59
PFG,Principal Financial Group,Financials,Life & Health Insurance,80.84,88.8,68.88,80.21,79.18,77.91,78.87,79.32,0.0,0.47,81.22,74.6
PG,Procter & Gamble,Consumer Staples,Personal Care Products,156.96,176.3,150.47,157.3,156.82,154.8,156.16,162.73,-0.2,2.16,160.35,149.25
PGR,Progressive Corporation,Financials,Property & Casualty Insurance,244.69,291.0,234.89,246.59,248.15,246.28,250.44,259.98,0.0,3.29,252.74,239.83
PLD,Prologis,Real Estate,Industrial REITs,112.68,127.92,88.91,111.26,109.51,107.59,107.53,108.7,0.0,0.33,113.05,102.14
PRU,Prudential Financial,Financials,Life & Health Insurance,109.47,124.75,92.74,109.0,107.37,104.68,104.24,107.91,0.0,1.61,111.23,98.12
PEG,Public Service Enterprise Group,Utilities,Electric Utilities,82.84,92.39,76.52,83.18,84.19,86.1,84.65,82.96,0.0,9.45,90.67,81.54
PTC,PTC Inc.,Information Technology,Application Software,216.53,216.53,136.74,214.09,211.34,210.75,196.03,178.84,0.2,1.19,219.11,202.4
PSA,Public Storage,Real Estate,Self-Storage REITs,291.19,354.44,263.65,290.08,286.91,283.64,287.47,296.49,-0.2,0.78,293.46,273.82
PHM,PulteGroup,Consumer Discretionary,Homebuilding,131.03,148.13,91.82,130.43,129.45,125.03,115.94,110.61,0.4,3.87,136.1,113.95
PWR,Quanta Services,Industrials,Construction & Engineering,381.56,421.68,236.56,380.37,379.86,384.97,385.93,327.22,0.0,4.68,399.42,370.5
QCOM,Qualcomm,Information Technology,Semiconductors,159.77,175.11,123.92,157.5,157.4,153.04,155.69,154.89,0.2,2.2,163.28,142.8
DGX,Quest Diagnostics,Health Care,Health Care Services,179.76,184.4,144.81,180.55,180.71,177.57,174.84,166.85,0.4,3.57,186.18,168.97
RL,Ralph Lauren Corporation,Consumer Discretionary,"Apparel, Accessories & Luxury Goods",294.64,304.45,166.99,289.3,288.87,292.49,287.1,250.76,0.0,3.65,305.39,279.59
RJF,Raymond James Financial,Financials,Investment Banking & Brokerage,167.95,171.46,113.62,165.82,164.81,165.16,160.69,153.41,0.0,0.57,168.91,161.41
RTX,RTX Corporation,Industrials,Aerospace & Defense,159.84,159.84,112.45,157.65,156.25,155.8,151.13,131.49,0.4,-0.51,159.02,152.59
O,Realty Income,Real Estate,Retail REITs,58.55,61.73,49.83,58.68,58.65,57.9,57.36,55.09,0.2,2.2,59.84,55.96
REG,Regency Centers,Real Estate,Retail REITs,72.47,76.25,64.84,72.01,71.6,71.85,71.05,71.41,-0.2,1.38,73.47,70.23
REGN,Regeneron Pharmaceuticals,Health Care,Biotechnology,586.96,1196.63,482.34,586.93,581.6,569.76,553.14,632.01,-0.2,2.17,599.7,539.83
RF,Regions Financial Corporation,Financials,Regional Banks,27.41,27.41,18.13,26.73,26.26,25.67,24.95,23.19,0.4,-0.69,27.22,24.12
RSG,Republic Services,Industrials,Environmental & Facilities Services,234.9,257.46,196.49,234.24,233.99,233.76,239.32,230.72,0.2,1.01,237.27,230.25
RMD,ResMed,Health Care,Health Care Equipment,281.96,293.73,203.67,287.0,286.58,284.4,269.37,243.56,0.2,4.2,293.8,274.99
RVTY,Revvity,Health Care,Health Care Equipment,88.59,127.41,85.8,91.16,90.88,89.29,94.11,104.14,0.0,5.72,93.66,84.93
ROK,Rockwell Automation,Industrials,Electrical Components & Equipment,349.2,357.15,217.21,349.11,345.87,342.55,341.25,294.05,0.4,2.52,358.0,327.1
ROL,"Rollins, Inc.",Industrials,Environmental & Facilities Services,56.67,58.48,45.24,57.15,57.4,57.72,56.74,52.92,0.0,4.04,58.96,56.47
ROP,Roper Technologies,Information Technology,Electronic Equipment & Instruments,528.66,592.1,501.26,529.44,530.72,533.32,548.69,555.74,-0.2,3.92,549.38,517.27
ROST,Ross Stores,Consumer Discretionary,Apparel Retail,150.29,155.29,122.55,147.79,147.36,145.63,137.21,140.64,-0.2,1.7,152.84,138.42
RCL,Royal Caribbean Group,Consumer Discretionary,"Hotels, Resorts & Cruise Lines",359.07,359.07,154.84,345.5,333.97,322.67,323.0,255.91,0.4,-1.24,354.62,290.72
SPGI,S&P Global,Financials,Financial Exchanges & Data,549.87,563.17,436.73,552.02,553.85,555.39,535.65,511.03,0.2,2.8,565.27,545.48
CRM,Salesforce,Information Technology,Application Software,250.16,366.29,231.66,247.18,244.81,244.45,257.4,290.8,-0.2,3.1,257.91,230.99
SBAC,SBA Communications,Real Estate,Telecom Tower REITs,208.13,244.52,189.91,218.46,218.28,219.75,226.91,218.05,0.0,9.84,228.61,210.87
SLB,Schlumberger,Energy,Oil & Gas Equipment & Services,35.98,44.61,31.68,35.27,34.26,33.66,34.5,37.45,0.0,-0.61,35.76,31.56
STX,Seagate Technology,Information Technology,"Technology Hardware, Storage & Peripherals",167.24,167.24,66.19,162.06,159.55,156.19,149.3,108.66,0.6,-0.52,166.37,146.02
SRE,Sempra,Utilities,Multi-Utilities,82.26,92.47,63.23,81.95,81.89,81.88,78.56,78.45,0.2,1.11,83.17,80.58
NOW,ServiceNow,Information Technology,Systems Software,887.98,1170.39,721.65,879.26,878.35,885.06,947.13,971.78,-0.2,5.07,933.0,837.15
SHW,Sherwin-Williams,Materials,Specialty Chemicals,367.4,397.11,312.15,367.53,366.07,358.09,348.32,352.09,0.0,3.23,379.27,336.89
SPG,Simon Property Group,Real Estate,Retail REITs,178.17,183.07,138.55,176.28,174.84,170.6,165.82,166.05,0.0,1.38,180.63,160.57
SWKS,Skyworks Solutions,Information Technology,Semiconductors,76.2,105.52,48.25,75.67,74.91,71.87,72.76,73.27,0.0,3.32,78.73,65.02
SJM,J.M. Smucker Company (The),Consumer Staples,Packaged Foods & Meats,105.67,116.99,93.48,110.79,111.16,110.1,105.48,107.59,-0.6,8.2,114.33,105.86
SW,Smurfit Westrock,Materials,Paper & Plastic Packaging Products & Materials,45.66,55.13,37.46,45.46,44.13,43.84,44.69,46.88,-0.2,1.25,46.23,41.45
SNA,Snap-on,Industrials,Industrial Machinery & Supplies & Components,330.21,364.18,264.02,328.67,325.88,323.19,319.44,328.37,-0.2,0.85,333.02,313.37
SOLV,Solventum,Health Care,Health Care Technology,72.89,84.04,60.05,72.82,72.46,72.48,73.68,72.2,0.4,1.76,74.17,70.79
SO,Southern Company,Utilities,Electric Utilities,93.28,95.24,78.98,93.72,93.73,93.89,92.59,87.5,0.0,2.03,95.17,92.6
LUV,Southwest Airlines,Industrials,Passenger Airlines,33.19,37.7,23.9,32.59,31.92,30.96,32.8,31.46,0.6,0.72,33.43,28.5
SWK,Stanley Black & Decker,Industrials,Industrial Machinery & Supplies & Components,75.74,106.67,55.14,75.61,75.12,72.29,70.78,74.71,0.0,4.54,79.18,65.39
SBUX,Starbucks,Consumer Discretionary,Restaurants,87.66,114.25,78.61,87.41,89.31,89.73,91.59,93.47,-0.2,7.32,94.08,85.37
STT,State Street Corporation,Financials,Asset Management & Custody Banks,114.88,115.82,74.79,114.69,113.24,111.85,109.02,96.99,0.4,0.86,115.87,107.83
STLD,Steel Dynamics,Materials,Steel,132.7,152.49,106.43,131.23,128.96,126.45,129.15,128.07,0.2,0.97,133.99,118.91
STE,Steris,Health Care,Health Care Equipment,248.98,251.96,201.46,249.08,247.88,240.86,235.62,225.37,0.4,4.44,260.03,221.69
SYK,Stryker Corporation,Health Care,Health Care Equipment,393.15,403.53,336.65,391.48,388.13,383.76,388.14,378.77,0.4,1.07,397.36,370.16
SMCI,Supermicro,Information Technology,"Technology Hardware, Storage & Peripherals",44.76,60.71,18.01,43.88,44.2,47.44,48.97,39.49,0.0,29.76,58.08,36.8
SYF,Synchrony Financial,Financials,Consumer Finance,75.76,75.76,43.38,73.91,72.88,71.31,69.44,62.13,0.2,-0.03,75.74,66.88
SNPS,Synopsys,Information Technology,Application Software,603.17,645.35,380.9,600.17,607.44,615.86,576.25,510.32,0.0,5.99,639.3,592.38
SYY,Sysco,Consumer Staples,Food Distributors,80.3,82.19,67.53,79.85,79.97,80.16,78.3,74.3,0.2,1.83,81.77,78.55
TMUS,T-Mobile US,Communication Services,Wireless Telecommunication Services,251.36,271.83,190.96,252.88,254.18,248.82,239.23,241.39,-0.2,4.46,262.57,235.07
TROW,T. Rowe Price,Financials,Asset Management & Custody Banks,109.37,120.07,79.19,107.64,107.3,106.33,102.91,101.89,0.0,1.09,110.56,102.09
TTWO,Take-Two Interactive,Communication Services,Interactive Home Entertainment,232.03,243.05,147.66,230.32,230.65,228.21,232.77,211.4,0.4,2.34,237.46,218.97
TPR,"Tapestry, Inc.",Consumer Discretionary,"Apparel, Accessories & Luxury Goods",100.98,113.53,39.35,99.64,99.13,104.56,99.51,78.03,0.0,14.92,116.05,93.06
TRGP,Targa Resources,Energy,Oil & Gas Storage & Transportation,165.17,213.93,141.11,162.96,162.82,164.09,166.79,179.21,0.0,1.83,168.19,160.0
TGT,Target Corporation,Consumer Staples,Consumer Staples Merchandise Retail,97.96,154.72,86.82,97.5,100.38,101.42,101.05,111.27,-0.2,10.06,107.81,95.03
TEL,TE Connectivity,Information Technology,Electronic Manufacturing Services,207.57,209.34,121.47,204.98,204.32,203.43,188.72,158.19,0.2,0.37,208.34,198.54
TDY,Teledyne Technologies,Information Technology,Electronic Equipment & Instruments,541.29,563.66,420.0,544.14,542.26,545.61,534.0,497.0,0.0,2.59,555.31,535.89
TER,Teradyne,Information Technology,Semiconductor Materials & Equipment,116.99,139.64,67.86,115.45,112.91,110.12,99.41,100.53,0.0,1.44,118.67,101.56
TSLA,"Tesla, Inc.",Consumer Discretionary,Automobile Manufacturers,349.6,479.86,205.75,341.6,336.25,329.12,322.97,329.73,-0.2,2.19,357.26,300.98
TXN,Texas Instruments,Information Technology,Semiconductors,205.47,219.66,143.34,204.84,200.35,193.13,200.4,186.36,0.4,2.34,210.28,175.99
TPL,Texas Pacific Land Corporation,Energy,Oil & Gas Exploration & Production,908.7,1723.85,784.85,902.46,899.6,904.2,977.03,1223.31,-0.2,6.84,970.86,837.51
TXT,Textron,Industrials,Aerospace & Defense,81.89,91.11,60.7,81.01,80.23,79.13,80.57,76.7,0.6,0.45,82.26,76.0
TMO,Thermo Fisher Scientific,Health Care,Life Sciences Tools & Services,488.12,622.18,390.26,490.22,490.58,477.92,447.71,482.69,-0.2,4.0,507.64,448.2
TJX,TJX Companies,Consumer Discretionary,Apparel Retail,137.23,138.27,110.73,136.69,135.5,132.74,127.42,124.09,0.4,2.19,140.24,125.23
TKO,TKO Group Holdings,Communication Services,Movies & Entertainment,185.65,191.28,113.12,184.99,185.79,177.88,174.75,156.12,0.2,7.95,200.41,155.36
TTD,Trade Desk (The),Communication Services,Advertising,52.65,139.51,45.27,52.55,52.56,63.45,71.32,85.41,-0.2,81.88,95.76,31.15
TSCO,Tractor Supply,Consumer Discretionary,Other Specialty Retail,62.38,62.38,47.62,61.55,61.12,60.05,57.37,54.14,0.4,0.79,62.87,57.22
TT,Trane Technologies,Industrials,Building Products,424.19,472.54,314.52,423.28,425.23,428.97,435.26,393.4,0.2,3.67,439.76,418.21
TDG,TransDigm Group,Industrials,Aerospace & Defense,1395.04,1620.83,1225.77,1399.99,1399.07,1433.81,1495.45,1380.12,0.2,12.99,1576.26,1291.37
TRV,Travelers Companies (The),Financials,Property & Casualty Insurance,272.21,276.29,219.08,273.33,270.9,267.55,263.62,255.96,0.2,1.78,277.06,258.06
TRMB,Trimble Inc.,Information Technology,Electronic Equipment & Instruments,82.18,85.24,54.15,81.58,81.79,82.62,80.46,72.6,0.2,3.53,85.08,80.17
TFC,Truist Financial,Financials,Diversified Banks,46.78,46.78,33.92,45.77,45.11,44.1,43.67,42.12,0.6,-0.09,46.74,41.47
TYL,Tyler Technologies,Information Technology,Application Software,560.81,646.74,521.68,558.15,564.21,577.73,573.38,584.02,-0.2,9.33,613.13,542.31
TSN,Tyson Foods,Consumer Staples,Packaged Foods & Meats,57.43,64.25,52.3,57.34,56.92,56.14,55.27,57.57,0.0,3.1,59.21,53.07
USB,U.S. Bancorp,Financials,Diversified Banks,48.76,51.9,36.0,47.99,47.14,45.98,45.85,44.98,0.6,0.45,48.98,42.99
UBER,Uber,Industrials,Passenger Ground Transportation,95.33,97.48,59.93,95.61,94.51,92.11,91.57,78.41,0.2,2.72,97.92,86.29
UDR,"UDR, Inc.",Real Estate,Multi-Family Residential REITs,38.98,45.23,37.29,38.89,38.68,38.52,39.68,41.32,0.0,1.18,39.44,37.6
ULTA,Ulta Beauty,Consumer Discretionary,Other Specialty Retail,533.81,533.81,314.47,526.78,523.12,517.36,497.36,419.54,0.2,0.55,536.75,497.98
UNP,Union Pacific Corporation,Industrials,Rail Transportation,220.95,251.7,207.02,224.03,223.2,222.52,226.68,229.46,0.0,2.76,227.05,217.99
UAL,United Airlines Holdings,Industrials,Passenger Airlines,104.21,110.52,41.33,102.17,101.53,95.83,88.96,87.59,0.4,4.95,109.37,82.29
UPS,United Parcel Service,Industrials,Air Freight & Logistics,87.86,130.93,82.93,87.61,87.3,86.04,93.54,105.89,-0.2,1.42,89.11,82.97
URI,United Rentals,Industrials,Trading Companies & Distributors,949.34,949.34,549.5,930.52,921.45,898.56,833.26,736.07,0.4,1.35,962.16,834.96
UNH,UnitedHealth Group,Health Care,Managed Health Care,303.88,615.84,237.77,303.99,300.8,275.72,288.18,430.48,0.0,8.45,329.56,221.89
UHS,Universal Health Services,Health Care,Health Care Facilities,182.41,240.75,154.95,183.45,181.94,175.42,174.32,181.9,0.0,4.58,190.76,160.07
VLO,Valero Energy,Energy,Oil & Gas Refining & Marketing,150.77,153.55,102.97,146.1,141.84,138.07,140.39,130.01,0.4,-1.35,148.73,127.4
VTR,Ventas,Real Estate,Health Care REITs,67.87,69.55,56.07,68.02,67.97,68.11,65.84,63.8,0.2,2.06,69.27,66.95
VLTO,Veralto,Industrials,Environmental & Facilities Services,107.37,113.22,85.23,107.85,107.79,107.47,104.01,100.63,0.2,2.37,109.91,105.03
VRSN,Verisign,Information Technology,Internet Services & Infrastructure,272.37,305.1,175.69,270.11,269.32,268.67,278.18,243.41,0.4,0.73,274.36,262.98
VRSK,Verisk Analytics,Industrials,Research & Consulting Services,267.7,320.87,260.0,269.21,268.92,267.93,288.53,290.8,0.0,2.97,275.65,260.22
VZ,Verizon,Communication Services,Integrated Telecommunication Services,44.27,45.06,36.62,44.39,44.41,43.7,42.69,41.41,0.0,2.42,45.34,42.05
VRTX,Vertex Pharmaceuticals,Health Care,Biotechnology,389.08,516.74,366.54,391.56,391.59,398.4,435.32,455.71,0.0,17.13,455.73,341.08
VTRS,Viatris,Health Care,Pharmaceuticals,10.42,12.87,7.08,10.52,10.53,9.9,9.36,9.83,0.0,9.4,11.4,8.39
VICI,Vici Properties,Real Estate,Hotel & Resort REITs,33.75,33.93,27.46,33.41,32.98,33.03,32.95,31.07,0.2,0.47,33.91,32.15
V,Visa Inc.,Financials,Transaction & Payment Processing Services,350.35,372.65,266.34,348.82,346.32,342.33,347.39,337.69,0.4,0.73,352.91,331.76
VST,Vistra Corp.,Utilities,Electric Utilities,194.6,214.06,73.19,192.11,194.56,200.47,194.82,158.0,0.2,10.36,214.76,186.17
VMC,Vulcan Materials Company,Materials,Construction Materials,291.15,295.15,219.65,290.67,290.7,287.0,273.73,263.29,0.2,2.65,298.87,275.14
WRB,W. R. Berkley Corporation,Financials,Property & Casualty Insurance,71.67,74.57,55.33,71.7,71.55,70.84,70.51,65.72,0.2,1.59,72.81,68.87
GWW,W. W. Grainger,Industrials,Industrial Machinery & Supplies & Components,1017.05,1212.97,915.74,1011.68,997.6,977.07,1013.67,1049.23,0.0,2.44,1041.87,912.3
WAB,Wabtec,Industrials,Construction Machinery & Heavy Transportation Equipment,195.32,214.1,159.81,194.22,192.66,191.29,200.64,194.28,0.6,0.75,196.78,185.81
WBA,Walgreens Boots Alliance,Consumer Staples,Drug Retail,11.98,12.93,8.01,12.03,12.04,11.92,11.66,10.8,0.2,2.17,12.24,11.59
WMT,Walmart,Consumer Staples,Consumer Staples Merchandise Retail,96.08,104.27,75.3,96.6,98.82,100.0,97.82,94.12,0.2,9.48,105.19,94.8
DIS,Walt Disney Company (The),Communication Services,Movies & Entertainment,118.09,124.01,81.37,117.7,117.01,116.34,119.0,109.16,0.4,2.02,120.48,112.22
WBD,Warner Bros. Discovery,Communication Services,Broadcasting,12.15,13.7,6.94,11.93,11.82,11.97,11.92,10.44,0.6,8.89,13.23,10.71
WM,Waste Management,Industrials,Environmental & Facilities Services,225.83,241.26,199.11,226.35,226.74,229.28,228.91,224.34,0.2,4.57,236.15,222.42
WAT,Waters Corporation,Health Care,Life Sciences Tools & Services,294.63,417.28,277.72,296.47,295.13,289.78,311.25,354.59,0.0,3.3,304.35,275.23
WEC,WEC Energy Group,Utilities,Electric Utilities,107.68,110.37,89.51,107.76,107.81,108.48,106.36,102.05,0.0,2.54,110.42,106.55
WFC,Wells Fargo,Financials,Diversified Banks,82.5,83.83,50.45,80.23,79.08,78.47,79.49,74.03,0.6,-1.1,81.59,75.35
WELL,Welltower,Real Estate,Health Care REITs,167.75,168.94,117.06,165.97,164.66,165.65,159.53,145.41,0.2,1.32,169.96,161.33
WST,West Pharmaceutical Services,Health Care,Health Care Supplies,245.97,347.02,190.04,245.63,245.7,242.9,233.46,257.13,-0.2,1.55,249.78,236.03
WDC,Western Digital,Information Technology,"Technology Hardware, Storage & Peripherals",80.67,80.67,30.48,78.25,77.03,76.43,69.84,52.89,0.4,-0.77,80.05,72.8
WY,Weyerhaeuser,Real Estate,Timber REITs,26.12,33.15,24.49,26.28,26.16,25.84,25.93,27.7,-0.2,2.6,26.8,24.89
WSM,"Williams-Sonoma, Inc.",Consumer Discretionary,Homefurnishing Retail,192.17,215.83,126.49,197.74,200.1,199.85,182.1,175.54,0.2,9.82,211.04,188.65
WMB,Williams Companies,Energy,Oil & Gas Storage & Transportation,57.49,62.87,42.67,57.26,57.14,57.95,58.65,57.11,0.2,4.64,60.16,55.74
WTW,Willis Towers Watson,Financials,Insurance Brokers,330.07,339.25,282.11,335.38,333.82,329.32,314.78,316.12,-0.2,3.77,342.51,316.14
WDAY,"Workday, Inc.",Information Technology,Application Software,229.71,279.91,210.47,224.97,226.2,224.36,231.41,248.45,-0.2,1.74,233.71,215.02
WYNN,Wynn Resorts,Consumer Discretionary,Casinos & Gaming,123.2,123.2,65.78,117.17,113.87,111.08,106.27,90.81,0.4,-2.53,120.08,102.09
XEL,Xcel Energy,Utilities,Multi-Utilities,72.87,74.26,58.68,73.17,72.88,73.08,70.74,68.61,0.0,1.92,74.27,71.88
XYL,Xylem Inc.,Industrials,Industrial Machinery & Supplies & Components,144.62,144.62,102.53,142.92,142.18,142.79,135.18,125.11,0.2,0.41,145.21,140.36
YUM,Yum! Brands,Consumer Discretionary,Restaurants,145.33,161.74,122.07,147.03,148.08,145.51,146.26,142.97,0.2,4.59,152.0,139.01
ZBRA,Zebra Technologies,Information Technology,Electronic Equipment & Instruments,321.43,421.11,213.54,318.57,317.27,320.57,319.48,326.63,-0.2,6.62,342.71,298.42
ZBH,Zimmer Biomet,Health Care,Health Care Equipment,106.79,115.11,89.98,106.76,105.12,100.59,96.4,101.83,0.0,5.06,112.19,89.0
ZTS,Zoetis,Health Care,Pharmaceuticals,155.37,194.12,143.44,155.52,154.95,151.7,153.35,161.52,0.0,2.44,159.16,144.24
