Symbol,Company,GICS_Sector,GICS_Sub_Industry,Current_Price,52_Week_High,52_Week_Low,SMA_5,SMA_10,SMA_20,SMA_50,SMA_100,SMA_125,SMA_200
MMM,3M,Industrials,Industrial Conglomerates,153.03,163.4,120.83,154.88,155.6,155.31,153.59,150.77,147.7,145.28
AOS,A. O. Smith,Industrials,Building Products,71.4,90.29,58.25,72.18,72.65,72.48,71.84,69.08,68.01,67.8
ABT,Abbott Laboratories,Health Care,Health Care Equipment,133.31,139.95,109.57,135.15,134.23,133.09,130.7,131.82,131.12,128.0
ABBV,AbbVie,Health Care,Biotechnology,218.54,225.16,159.42,221.24,220.12,216.05,205.27,195.51,193.26,190.51
ACN,Accenture,Information Technology,IT Consulting & Other Services,232.56,394.41,229.4,237.37,238.08,245.5,254.79,280.38,282.68,308.58
ADBE,Adobe Inc.,Information Technology,Application Software,354.16,557.9,330.04,359.84,357.79,354.47,355.55,375.06,372.37,397.85
AMD,Advanced Micro Devices,Information Technology,Semiconductors,161.27,186.65,76.48,160.05,159.75,159.43,165.39,144.65,134.41,127.04
AES,AES Corporation,Utilities,Independent Power Producers & Energy Traders,13.03,19.17,9.28,13.14,12.98,13.01,13.13,12.04,11.7,11.6
AFL,Aflac,Financials,Life & Health Insurance,109.48,113.54,96.14,108.49,108.49,107.71,104.88,103.94,104.37,104.18
A,Agilent Technologies,Health Care,Life Sciences Tools & Services,121.89,153.19,96.23,124.97,125.53,125.94,120.74,117.89,115.55,122.91
APD,Air Products,Materials,Industrial Gases,265.78,336.92,242.14,278.46,284.26,287.66,290.43,284.22,281.23,289.46
ABNB,Airbnb,Consumer Discretionary,"Hotels, Resorts & Cruise Lines",121.75,163.93,99.88,124.16,123.41,124.58,128.18,130.76,128.04,130.4
AKAM,Akamai Technologies,Information Technology,Internet Services & Infrastructure,75.38,106.8,67.51,75.97,76.24,77.16,76.76,77.63,77.46,82.8
ALB,Albemarle Corporation,Materials,Specialty Chemicals,84.83,111.49,48.84,81.75,80.78,79.84,78.03,69.6,67.43,73.39
ARE,Alexandria Real Estate Equities,Real Estate,Office REITs,84.16,118.71,66.16,85.82,85.79,84.51,80.52,76.28,76.67,83.65
ALGN,Align Technology,Health Care,Health Care Supplies,124.88,260.35,122.0,128.93,130.11,133.46,149.6,167.35,167.34,180.77
ALLE,Allegion,Industrials,Building Products,172.97,180.34,116.14,176.58,176.65,173.81,168.21,155.26,150.0,142.42
LNT,Alliant Energy,Utilities,Electric Utilities,65.2,67.11,54.71,64.78,64.47,64.5,64.88,62.86,62.39,61.33
ALL,Allstate,Financials,Property & Casualty Insurance,209.82,213.71,173.88,207.89,203.6,203.14,201.96,200.65,199.26,196.42
GOOGL,Alphabet Inc. (Class A),Communication Services,Interactive Media & Services,245.79,256.0,140.23,250.37,249.7,239.14,213.99,192.31,184.82,184.33
GOOG,Alphabet Inc. (Class C),Communication Services,Interactive Media & Services,246.57,256.7,142.36,250.97,250.16,239.58,214.67,193.24,185.98,185.69
MO,Altria,Consumer Staples,Tobacco,65.19,67.51,45.54,64.77,64.86,65.16,63.38,60.53,59.61,56.57
AMZN,Amazon,Consumer Discretionary,Broadline Retail,218.15,242.52,161.38,223.64,227.47,229.45,227.47,219.08,211.82,214.79
AMCR,Amcor,Materials,Paper & Plastic Packaging Products & Materials,7.97,11.04,7.9,8.11,8.21,8.28,8.87,9.05,9.09,9.28
AEE,Ameren,Utilities,Multi-Utilities,100.78,102.85,82.34,100.15,99.82,99.63,99.92,97.59,97.46,95.7
AEP,American Electric Power,Utilities,Electric Utilities,107.86,115.08,87.57,107.8,107.83,108.55,110.12,106.18,105.86,102.55
AXP,American Express,Financials,Consumer Finance,340.18,349.19,219.87,340.85,336.15,331.7,316.39,308.58,298.19,297.13
AIG,American International Group,Financials,Multi-line Insurance,77.1,87.1,68.15,77.04,77.14,78.35,79.04,81.04,81.07,78.87
AMT,American Tower,Real Estate,Telecom Tower REITs,193.71,234.33,169.77,193.49,194.0,195.76,206.34,211.03,211.72,203.96
AWK,American Water Works,Utilities,Water Utilities,135.1,153.69,116.64,135.76,136.34,138.77,141.18,140.95,141.64,136.7
AMP,Ameriprise Financial,Financials,Asset Management & Custody Banks,491.95,576.69,393.57,492.37,491.03,497.08,507.8,511.54,501.86,510.57
AME,Ametek,Industrials,Electrical Components & Equipment,184.39,197.03,144.53,186.71,187.5,187.18,184.26,181.15,177.4,179.11
AMGN,Amgen,Health Care,Biotechnology,271.18,330.26,247.06,281.72,278.3,280.61,288.27,284.86,284.77,283.84
APH,Amphenol,Information Technology,Electronic Components,122.33,126.06,56.27,123.7,121.56,117.19,111.25,101.34,94.68,84.96
ADI,Analog Devices,Information Technology,Semiconductors,247.53,257.11,157.31,247.12,246.52,247.37,238.88,232.18,222.62,219.28
AON,Aon plc,Financials,Insurance Brokers,351.64,411.24,322.37,352.65,356.63,363.04,363.34,360.41,362.07,367.33
APA,APA Corporation,Energy,Oil & Gas Exploration & Production,24.34,26.13,13.18,23.97,23.82,23.36,21.24,19.68,18.98,19.83
APO,Apollo Global Management,Financials,Asset Management & Custody Banks,136.13,187.59,101.84,141.38,140.58,137.6,140.7,138.93,136.66,144.35
AAPL,Apple Inc.,Information Technology,"Technology Hardware, Storage & Peripherals",256.87,259.18,168.8,253.04,245.1,239.62,227.46,215.54,213.0,221.49
AMAT,Applied Materials,Information Technology,Semiconductor Materials & Equipment,199.6,213.48,123.04,198.51,187.27,174.63,177.04,174.88,168.39,168.03
APTV,Aptiv,Consumer Discretionary,Automotive Parts & Equipment,84.72,86.5,47.19,85.18,84.29,82.57,75.78,71.69,68.23,66.04
ACGL,Arch Capital Group,Financials,Property & Casualty Insurance,89.57,110.75,82.49,89.04,89.03,90.21,89.73,90.81,91.04,91.49
ADM,Archer Daniels Midland,Consumer Staples,Agricultural Products & Services,61.07,64.38,40.22,60.95,61.11,61.62,59.04,54.68,52.92,50.99
ANET,Arista Networks,Information Technology,Communications Equipment,143.06,156.32,59.43,144.96,144.13,142.85,133.14,114.5,106.64,105.7
AJG,Arthur J. Gallagher & Co.,Financials,Insurance Brokers,303.08,349.78,273.89,302.34,297.92,298.77,297.89,311.94,315.12,311.87
AIZ,Assurant,Financials,Multi-line Insurance,216.0,227.13,173.64,212.9,211.0,212.27,204.42,200.13,198.58,202.16
T,AT&T,Communication Services,Integrated Telecommunication Services,28.3,29.79,20.35,28.67,29.06,29.16,28.53,28.03,27.81,26.38
ATO,Atmos Energy,Utilities,Gas Utilities,166.46,168.86,133.02,165.09,164.69,164.93,162.27,158.05,157.16,151.55
ADSK,Autodesk,Information Technology,Application Software,320.17,329.09,232.67,323.12,321.66,320.15,304.5,300.94,293.23,291.58
ADP,Automatic Data Processing,Industrials,Human Resource & Employment Services,288.89,326.59,266.62,291.05,290.8,294.13,299.28,304.54,302.18,299.81
AZO,AutoZone,Consumer Discretionary,Automotive Retail,4136.07,4388.11,2898.57,4138.86,4183.91,4209.89,4059.0,3884.14,3840.82,3676.77
AVB,AvalonBay Communities,Real Estate,Multi-Family Residential REITs,191.57,233.48,178.86,192.94,193.11,193.45,193.22,198.24,199.01,204.87
AVY,Avery Dennison,Materials,Paper & Plastic Packaging Products & Materials,158.71,219.94,155.31,162.37,163.85,165.91,170.32,173.8,172.95,176.86
AXON,Axon Enterprise,Industrials,Aerospace & Defense,712.15,885.92,388.36,747.64,752.41,747.6,759.52,755.57,717.35,672.24
BKR,Baker Hughes,Energy,Oil & Gas Equipment & Services,50.1,50.24,33.21,48.78,47.77,46.79,44.73,41.32,40.61,41.59
BALL,Ball Corporation,Materials,"Metal, Glass & Plastic Containers",48.47,67.13,43.18,48.62,49.22,50.08,53.24,53.97,52.98,52.94
BAC,Bank of America,Financials,Diversified Banks,51.85,52.88,32.69,51.88,51.48,50.81,48.71,46.69,44.95,44.59
BAX,Baxter International,Health Care,Health Care Equipment,21.71,38.69,21.18,22.59,23.15,23.66,24.47,27.31,27.8,29.2
BDX,Becton Dickinson,Health Care,Health Care Equipment,180.59,248.0,161.47,185.35,186.15,188.1,187.15,179.22,183.91,200.12
BBY,Best Buy,Consumer Discretionary,Computer & Electronics Retail,74.19,98.44,53.55,73.19,73.48,74.19,70.81,69.83,68.5,72.99
TECH,Bio-Techne,Health Care,Life Sciences Tools & Services,50.48,80.37,45.87,52.16,52.0,52.78,53.74,51.99,51.93,58.4
BIIB,Biogen,Health Care,Biotechnology,135.67,199.99,110.04,139.16,141.63,140.97,135.65,131.94,129.88,135.58
BLK,BlackRock,Financials,Asset Management & Custody Banks,1147.29,1166.38,766.05,1137.22,1131.24,1120.68,1119.45,1056.9,1022.53,1007.07
BX,Blackstone Inc.,Financials,Asset Management & Custody Banks,175.6,196.67,114.16,182.37,183.3,178.09,173.71,158.87,153.16,157.2
XYZ,"Block, Inc.",Financials,Transaction & Payment Processing Services,73.68,99.26,44.27,76.23,75.75,76.0,76.37,69.2,66.29,71.07
BK,BNY Mellon,Financials,Asset Management & Custody Banks,109.08,110.87,68.8,108.8,107.79,106.33,103.37,96.39,92.69,88.55
BA,Boeing,Industrials,Aerospace & Defense,213.53,242.69,128.88,214.54,214.97,222.93,226.62,217.13,206.64,193.98
BKNG,Booking Holdings,Consumer Discretionary,"Hotels, Resorts & Cruise Lines",5575.73,5829.37,4032.06,5502.38,5500.17,5524.96,5551.52,5500.48,5328.19,5144.06
BSX,Boston Scientific,Health Care,Health Care Equipment,98.14,109.5,80.64,97.75,98.7,102.64,103.9,103.68,102.47,100.89
BMY,Bristol Myers Squibb,Health Care,Pharmaceuticals,43.41,61.84,42.96,44.5,45.31,46.23,46.72,46.86,47.8,51.05
AVGO,Broadcom,Information Technology,Semiconductors,336.1,373.59,137.54,339.5,346.99,336.18,311.93,279.78,258.88,241.52
BR,Broadridge Financial Solutions,Industrials,Data Processing & Outsourced Services,234.88,270.85,205.0,238.55,242.79,247.36,251.37,244.69,242.31,238.18
BRO,Brown & Brown,Financials,Insurance Brokers,92.65,125.31,89.99,92.48,92.18,93.58,95.43,102.35,105.2,106.69
BLDR,Builders FirstSource,Industrials,Building Products,116.91,201.53,102.6,120.67,128.14,135.08,134.26,125.42,124.28,133.47
BG,Bunge Global,Consumer Staples,Agricultural Products & Services,79.39,96.01,65.6,78.63,79.91,81.44,80.53,79.28,78.61,77.02
BXP,"BXP, Inc.",Real Estate,Office REITs,75.36,86.38,53.45,75.82,76.72,75.4,70.6,69.28,67.97,68.59
CHRW,C.H. Robinson,Industrials,Air Freight & Logistics,133.84,138.0,83.72,134.29,134.31,131.01,120.19,107.59,104.33,102.96
CDNS,Cadence Design Systems,Information Technology,Application Software,351.06,376.45,221.56,364.21,357.72,354.4,349.21,328.61,316.05,304.4
CZR,Caesars Entertainment,Consumer Discretionary,Casinos & Gaming,25.91,45.93,21.4,25.99,25.83,25.93,26.43,27.4,27.1,29.41
CPT,Camden Property Trust,Real Estate,Multi-Family Residential REITs,106.05,124.31,101.41,107.48,107.62,109.04,109.3,112.21,112.34,113.46
CPB,Campbell's Company (The),Consumer Staples,Packaged Foods & Meats,32.21,48.35,29.39,33.27,33.25,33.14,32.65,32.74,33.64,35.62
COF,Capital One,Financials,Consumer Finance,222.46,231.82,141.57,224.71,225.36,224.54,218.73,209.48,201.59,195.79
CAH,Cardinal Health,Health Care,Health Care Distributors,148.96,168.44,104.89,151.05,150.48,150.26,152.52,154.94,150.94,140.91
KMX,CarMax,Consumer Discretionary,Automotive Retail,45.6,91.25,42.75,55.36,57.64,59.24,58.96,62.66,64.08,70.53
CCL,Carnival,Consumer Discretionary,"Hotels, Resorts & Cruise Lines",30.48,32.8,15.07,30.56,30.94,31.33,30.47,27.52,25.68,25.17
CARR,Carrier Global,Industrials,Building Products,58.75,82.31,53.89,59.64,60.38,62.21,66.77,69.66,67.87,67.54
CAT,Caterpillar Inc.,Industrials,Construction Machinery & Heavy Transportation Equipment,463.72,485.34,265.05,468.68,456.92,439.64,429.84,395.84,376.91,369.65
CBOE,Cboe Global Markets,Financials,Financial Exchanges & Data,243.99,255.27,186.22,239.44,237.06,235.68,241.41,234.61,230.93,220.75
CBRE,CBRE Group,Real Estate,Real Estate Services,156.3,167.56,108.45,160.65,162.57,162.44,157.57,144.88,140.21,138.45
CDW,CDW Corporation,Information Technology,Technology Distributors,156.97,225.83,136.33,161.48,163.11,164.83,168.05,173.08,169.25,173.04
COR,Cencora,Health Care,Health Care Distributors,298.82,310.0,216.84,297.68,295.22,295.23,292.55,291.99,290.0,272.94
CNC,Centene Corporation,Health Care,Managed Health Care,34.39,75.38,25.08,33.25,32.81,31.41,29.0,40.58,44.67,50.47
CNP,CenterPoint Energy,Utilities,Multi-Utilities,38.31,39.2,27.71,38.46,38.26,37.97,37.96,37.25,37.14,35.42
CF,CF Industries,Materials,Fertilizers & Agricultural Chemicals,89.71,103.84,66.56,87.85,86.35,86.02,87.41,89.33,86.46,85.28
CRL,Charles River Laboratories,Health Care,Life Sciences Tools & Services,145.57,230.02,91.86,150.91,152.1,156.49,159.63,152.52,146.29,156.26
SCHW,Charles Schwab Corporation,Financials,Investment Banking & Brokerage,94.78,99.42,61.62,93.96,93.19,94.01,95.42,91.92,88.84,84.62
CHTR,Charter Communications,Communication Services,Cable & Satellite,270.57,437.06,251.8,265.94,264.51,263.75,281.77,341.41,343.88,349.52
CVX,Chevron Corporation,Energy,Integrated Oil & Gas,160.72,165.09,129.01,157.92,158.25,157.93,154.88,147.99,146.38,147.7
CMG,Chipotle Mexican Grill,Consumer Discretionary,Restaurants,39.33,66.74,38.3,39.6,39.4,40.07,42.98,47.8,48.13,51.26
CB,Chubb Limited,Financials,Property & Casualty Insurance,278.3,305.88,250.52,275.87,275.03,276.29,273.72,280.17,281.28,278.98
CHD,Church & Dwight,Consumer Staples,Household Products,85.84,115.72,85.63,87.38,89.67,91.82,93.15,94.7,96.26,99.86
CI,Cigna,Health Care,Health Care Services,284.06,352.15,255.6,288.91,292.9,297.23,291.86,303.03,307.8,302.25
CINF,Cincinnati Financial,Financials,Property & Casualty Insurance,154.42,158.03,121.6,154.66,154.47,153.74,151.63,148.96,146.12,143.68
CTAS,Cintas,Industrials,Diversified Support Services,202.05,228.77,179.74,201.08,200.63,202.89,213.21,216.49,214.03,208.02
CSCO,Cisco,Information Technology,Communications Equipment,67.85,72.55,50.62,67.73,67.55,67.72,68.13,66.45,64.53,62.87
C,Citigroup,Financials,Diversified Banks,102.11,105.59,54.71,102.59,101.7,99.09,95.89,87.18,82.65,79.34
CFG,Citizens Financial Group,Financials,Regional Banks,52.89,53.89,31.96,53.05,52.55,52.22,50.03,46.02,44.06,43.91
CLX,Clorox,Consumer Staples,Household Products,122.71,166.9,116.17,121.55,122.85,122.92,123.32,125.18,127.94,136.97
CME,CME Group,Financials,Financial Exchanges & Data,268.73,288.09,204.81,263.55,262.17,262.83,270.22,272.45,270.26,258.78
CMS,CMS Energy,Utilities,Multi-Utilities,70.98,75.33,62.54,70.94,70.85,71.08,71.99,70.84,71.06,69.8
KO,Coca-Cola Company (The),Consumer Staples,Soft Drinks & Non-alcoholic Beverages,65.98,73.29,59.3,66.36,66.42,67.07,68.26,69.13,69.41,67.53
CTSH,Cognizant,Information Technology,IT Consulting & Other Services,66.67,89.77,64.98,67.56,68.5,69.88,71.2,75.02,74.31,76.56
COIN,Coinbase,Financials,Financial Exchanges & Data,306.69,444.65,142.58,324.59,326.46,317.48,332.58,309.98,284.46,273.42
CL,Colgate-Palmolive,Consumer Staples,Household Products,79.7,102.2,78.76,80.3,81.21,82.62,84.4,87.17,88.14,88.43
CMCSA,Comcast,Communication Services,Cable & Satellite,31.62,44.12,31.03,31.59,32.0,32.9,33.2,33.96,33.98,34.71
CAG,Conagra Brands,Consumer Staples,Packaged Foods & Meats,18.08,31.04,18.07,18.33,18.61,18.89,18.97,20.19,21.1,22.63
COP,ConocoPhillips,Energy,Oil & Gas Exploration & Production,96.81,112.56,78.56,93.97,93.64,94.4,94.26,92.02,91.59,93.72
ED,Consolidated Edison,Utilities,Multi-Utilities,98.35,112.97,85.07,97.73,97.15,97.36,100.06,100.8,102.36,99.25
STZ,Constellation Brands,Consumer Staples,Distillers & Vintners,132.65,255.51,131.2,132.84,133.99,141.55,158.04,166.1,169.26,177.05
CEG,Constellation Energy,Utilities,Electric Utilities,326.33,356.57,160.94,336.03,330.09,319.62,323.8,312.28,291.44,279.9
COO,Cooper Companies (The),Health Care,Health Care Supplies,66.89,111.44,61.78,67.78,66.78,67.07,70.35,72.6,73.96,80.3
CPRT,Copart,Industrials,Diversified Support Services,44.89,64.38,44.67,45.36,46.14,47.42,47.09,49.94,51.71,53.74
GLW,Corning Inc.,Information Technology,Electronic Components,79.13,81.58,36.95,79.75,78.9,74.92,67.09,58.39,55.22,52.68
CPAY,Corpay,Financials,Transaction & Payment Processing Services,292.18,400.81,269.02,297.65,302.27,309.52,317.55,325.06,323.5,336.86
CTVA,Corteva,Materials,Fertilizers & Agricultural Chemicals,67.08,77.22,53.14,69.36,70.23,71.6,72.08,71.63,69.31,66.03
CSGP,CoStar Group,Real Estate,Real Estate Services,83.09,97.43,68.26,85.17,86.69,87.54,89.65,84.26,83.13,80.28
COST,Costco,Consumer Staples,Consumer Staples Merchandise Retail,943.31,1075.34,862.73,945.32,952.21,954.5,956.32,978.58,975.51,973.8
CTRA,Coterra,Energy,Oil & Gas Exploration & Production,23.7,29.29,21.84,23.46,23.89,24.07,23.86,24.37,24.58,25.3
CRWD,CrowdStrike,Information Technology,Systems Software,473.09,517.98,272.67,485.84,470.32,446.78,444.61,457.11,441.89,417.59
CCI,Crown Castle,Real Estate,Telecom Tower REITs,93.98,114.47,81.02,93.98,93.91,94.5,100.18,99.95,99.87,96.16
CSX,CSX Corporation,Industrials,Rail Transportation,33.78,37.1,26.01,33.57,33.15,32.79,34.14,32.89,31.89,31.82
CMI,Cummins,Industrials,Construction Machinery & Heavy Transportation Equipment,414.04,432.5,257.24,420.93,418.28,408.99,390.65,356.6,342.9,345.69
CVS,CVS Health,Health Care,Health Care Services,74.61,77.34,42.12,75.51,74.79,73.93,68.62,66.46,66.35,62.25
DHR,Danaher Corporation,Health Care,Life Sciences Tools & Services,181.46,278.43,170.73,188.17,189.81,194.62,199.26,197.58,196.64,205.76
DRI,Darden Restaurants,Consumer Discretionary,Restaurants,187.02,226.68,151.84,186.02,196.64,203.21,204.6,208.14,206.02,198.42
DDOG,Datadog,Information Technology,Application Software,136.6,170.08,81.63,137.57,136.86,136.83,136.57,130.46,123.6,127.04
DVA,DaVita,Health Care,Health Care Services,130.27,179.6,126.07,131.61,131.05,133.37,136.46,138.45,139.84,146.0
DAY,Dayforce,Industrials,Human Resource & Employment Services,68.85,82.69,48.01,68.81,68.84,69.08,63.11,60.41,59.49,62.37
DECK,Deckers Brands,Consumer Discretionary,Footwear,105.83,223.98,93.72,111.22,114.61,116.96,110.76,110.37,110.06,133.62
DE,Deere & Company,Industrials,Agricultural & Farm Machinery,466.7,532.1,383.0,469.19,469.95,473.45,490.76,499.84,490.85,478.22
DELL,Dell Technologies,Information Technology,"Technology Hardware, Storage & Peripherals",130.96,145.54,65.56,133.0,130.7,127.69,130.4,122.3,115.01,112.22
DAL,Delta Air Lines,Industrials,Passenger Airlines,56.74,69.36,34.52,58.37,58.63,59.92,57.9,53.78,51.18,54.38
DVN,Devon Energy,Energy,Oil & Gas Exploration & Production,35.76,42.12,25.53,34.63,34.68,34.89,33.9,33.1,32.65,33.19
DXCM,Dexcom,Health Care,Health Care Equipment,68.3,93.25,57.52,68.19,72.15,74.74,78.78,81.63,78.88,79.77
FANG,Diamondback Energy,Energy,Oil & Gas Exploration & Production,145.79,195.31,112.4,142.22,140.2,141.26,142.04,140.89,139.64,146.51
DLR,Digital Realty,Real Estate,Data Center REITs,171.36,192.35,128.14,172.85,172.79,168.84,169.91,169.86,165.27,164.79
DG,Dollar General,Consumer Staples,Consumer Staples Merchandise Retail,102.85,117.95,65.67,103.0,104.12,106.23,109.13,107.36,103.99,93.0
DLTR,Dollar Tree,Consumer Staples,Consumer Staples Merchandise Retail,94.03,118.06,60.49,94.86,96.06,99.55,108.12,101.57,96.52,87.18
D,Dominion Energy,Utilities,Multi-Utilities,59.67,61.75,46.96,60.3,60.08,59.42,59.4,57.22,56.26,55.05
DPZ,Domino's,Consumer Discretionary,Restaurants,422.75,495.24,392.06,425.12,433.66,445.94,452.18,458.44,459.77,454.02
DASH,DoorDash,Consumer Discretionary,Specialized Consumer Services,262.08,278.15,138.59,263.32,262.31,256.45,252.07,234.91,224.38,209.5
DOV,Dover Corporation,Industrials,Industrial Machinery & Supplies & Components,165.59,220.46,142.22,168.71,170.53,173.91,177.96,179.28,176.39,182.14
DOW,Dow Inc.,Materials,Commodity Chemicals,22.2,51.74,20.11,22.97,23.72,23.99,23.99,26.07,26.61,30.51
DHI,D. R. Horton,Consumer Discretionary,Homebuilding,165.0,193.34,109.8,166.25,169.25,172.54,161.53,143.41,139.26,138.05
DTE,DTE Energy,Utilities,Multi-Utilities,137.66,140.92,111.81,137.24,136.26,135.57,136.87,134.72,134.19,129.92
DUK,Duke Energy,Utilities,Electric Utilities,122.32,126.75,102.41,122.34,121.78,121.58,121.65,118.67,118.56,115.37
DD,DuPont,Materials,Specialty Chemicals,74.55,88.2,53.17,76.84,77.06,76.98,74.91,71.84,70.18,72.73
EMN,Eastman Chemical Company,Materials,Specialty Chemicals,61.31,109.94,56.08,63.77,64.88,66.15,67.43,72.44,73.39,80.27
ETN,Eaton Corporation,Industrials,Electrical Components & Equipment,364.74,398.4,230.37,371.66,370.55,360.7,363.99,348.51,333.61,327.56
EBAY,eBay Inc.,Consumer Discretionary,Broadline Retail,93.11,100.83,55.44,91.85,90.88,91.34,90.73,82.46,79.03,73.85
ECL,Ecolab,Materials,Specialty Chemicals,267.25,285.35,220.55,266.53,266.88,270.24,271.52,267.09,261.77,256.64
EIX,Edison International,Utilities,Electric Utilities,54.05,85.03,46.98,54.87,55.27,55.18,54.45,53.49,53.92,56.41
EW,Edwards Lifesciences,Health Care,Health Care Equipment,75.27,83.0,64.01,74.53,75.11,77.74,78.4,77.4,76.29,74.72
EA,Electronic Arts,Communication Services,Interactive Home Entertainment,168.32,180.7,114.77,171.25,171.92,170.62,166.26,158.53,155.42,149.15
ELV,Elevance Health,Health Care,Managed Health Care,316.7,525.14,272.22,319.68,315.13,313.86,300.77,338.6,355.49,368.23
EMR,Emerson Electric,Industrials,Electrical Components & Equipment,130.11,149.68,89.31,131.73,132.14,132.52,135.89,130.59,124.85,123.4
ENPH,Enphase Energy,Information Technology,Semiconductor Materials & Equipment,37.08,118.13,29.89,38.27,38.31,37.99,36.26,39.48,42.06,50.78
ETR,Entergy,Utilities,Electric Utilities,90.33,91.79,62.53,90.14,89.54,88.72,88.73,85.26,84.59,82.57
EOG,EOG Resources,Energy,Oil & Gas Exploration & Production,117.3,135.49,100.76,116.22,117.58,119.32,119.02,117.44,116.36,119.58
EPAM,EPAM Systems,Information Technology,IT Consulting & Other Services,149.99,269.0,138.15,154.62,154.76,161.24,162.36,168.81,166.02,188.99
EQT,EQT Corporation,Energy,Oil & Gas Exploration & Production,53.93,60.83,34.43,51.42,50.74,51.1,51.95,54.02,53.21,51.67
EFX,Equifax,Industrials,Research & Consulting Services,251.77,299.47,199.2,256.27,257.81,251.99,248.4,256.16,252.0,252.24
EQIX,Equinix,Real Estate,Data Center REITs,782.88,977.63,693.42,793.05,788.9,783.0,781.17,813.18,809.76,843.42
EQR,Equity Residential,Real Estate,Multi-Family Residential REITs,63.74,76.06,58.81,64.98,65.09,65.46,65.14,66.69,66.83,67.8
ERIE,Erie Indemnity,Financials,Insurance Brokers,312.95,539.84,310.19,316.71,320.47,329.2,347.03,350.21,358.97,376.59
ESS,Essex Property Trust,Real Estate,Multi-Family Residential REITs,263.66,310.81,241.65,266.01,266.22,266.1,267.33,274.43,274.9,279.05
EL,Estée Lauder Companies (The),Consumer Staples,Personal Care Products,83.99,101.55,47.94,86.42,86.78,88.09,89.17,80.78,76.09,74.84
EG,Everest Group,Financials,Reinsurance,345.21,400.59,318.14,339.78,338.71,340.83,337.04,338.7,340.76,344.56
EVRG,Evergy,Utilities,Electric Utilities,73.51,74.57,56.68,73.0,72.41,71.91,71.22,68.9,68.4,66.28
ES,Eversource Energy,Utilities,Electric Utilities,68.5,69.64,51.06,68.19,65.91,64.5,64.73,63.9,62.55,60.58
EXC,Exelon,Utilities,Electric Utilities,43.78,47.26,34.98,43.81,43.49,43.44,43.91,43.47,43.84,42.29
EXE,Expand Energy,Energy,Oil & Gas Exploration & Production,104.38,121.47,74.96,100.99,99.28,97.79,97.72,104.9,104.55,102.75
EXPE,Expedia Group,Consumer Discretionary,"Hotels, Resorts & Cruise Lines",215.19,229.0,129.46,220.04,222.27,219.0,204.47,186.73,180.31,181.04
EXPD,Expeditors International,Industrials,Air Freight & Logistics,121.23,129.91,99.78,120.59,122.45,121.87,119.22,116.48,115.14,114.78
EXR,Extra Space Storage,Real Estate,Self-Storage REITs,137.71,175.28,118.4,138.37,141.04,142.04,141.12,143.73,142.53,144.29
XOM,ExxonMobil,Energy,Integrated Oil & Gas,115.59,121.93,96.01,113.79,113.73,112.92,110.17,108.62,108.06,107.8
FFIV,"F5, Inc.",Information Technology,Communications Equipment,324.0,337.39,213.24,326.41,325.72,322.1,315.95,302.17,293.77,286.64
FDS,FactSet,Financials,Financial Exchanges & Data,283.86,495.04,282.01,288.64,313.19,342.03,373.07,407.98,411.74,429.46
FICO,Fair Isaac,Information Technology,Application Software,1548.36,2402.52,1300.0,1528.49,1536.92,1534.27,1465.56,1648.0,1694.42,1776.75
FAST,Fastenal,Industrials,Trading Companies & Distributors,47.85,50.63,33.61,47.62,47.49,48.15,47.91,44.72,43.56,41.08
FRT,Federal Realty Investment Trust,Real Estate,Retail REITs,99.09,114.28,79.72,99.5,99.97,100.36,96.91,95.68,94.94,98.1
FDX,FedEx,Industrials,Air Freight & Logistics,236.42,301.45,191.82,233.15,230.1,228.12,227.99,225.61,222.94,236.65
FIS,Fidelity National Information Services,Financials,Transaction & Payment Processing Services,63.79,90.1,63.0,64.21,65.46,66.83,71.44,75.29,74.99,75.27
FITB,Fifth Third Bancorp,Financials,Regional Banks,45.28,47.75,31.96,45.32,45.47,45.54,43.81,41.68,40.4,40.95
FSLR,First Solar,Information Technology,Semiconductors,223.05,262.72,116.56,217.93,212.39,206.69,195.32,177.85,168.22,166.76
FE,FirstEnergy,Utilities,Electric Utilities,44.24,44.57,36.81,43.73,43.6,43.52,42.94,41.76,41.48,40.47
FI,Fiserv,Financials,Transaction & Payment Processing Services,128.66,238.59,128.08,130.27,131.81,133.91,138.3,153.93,163.71,183.25
F,Ford Motor Company,Consumer Discretionary,Automobile Manufacturers,11.62,11.99,8.21,11.65,11.66,11.66,11.41,10.99,10.68,10.2
FTNT,Fortinet,Information Technology,Systems Software,83.21,114.82,70.12,84.26,82.3,80.52,86.3,94.78,95.25,97.21
FTV,Fortive,Industrials,Industrial Machinery & Supplies & Components,47.67,62.64,45.4,48.24,48.42,48.12,48.54,50.85,50.84,53.66
FOXA,Fox Corporation (Class A),Communication Services,Broadcasting,60.23,62.85,40.68,61.01,59.86,59.87,57.91,56.18,54.96,53.6
FOX,Fox Corporation (Class B),Communication Services,Broadcasting,54.46,57.02,37.34,54.95,54.02,54.23,52.76,51.42,50.42,49.61
BEN,Franklin Resources,Financials,Asset Management & Custody Banks,23.4,26.08,16.03,23.93,24.15,24.65,24.82,23.59,22.49,21.42
FCX,Freeport-McMoRan,Materials,Copper,35.34,51.85,27.45,41.69,43.41,44.39,43.28,42.2,40.67,39.81
GRMN,Garmin,Consumer Discretionary,Consumer Electronics,236.7,243.61,158.5,236.41,236.4,236.97,232.57,218.1,213.03,212.96
IT,Gartner,Information Technology,IT Consulting & Other Services,262.4,584.01,223.65,259.94,255.18,249.9,272.47,344.84,357.27,409.27
GE,GE Aerospace,Industrials,Aerospace & Defense,297.18,307.25,158.81,301.05,295.33,286.73,276.33,258.42,244.7,224.03
GEHC,GE HealthCare,Health Care,Health Care Equipment,71.5,94.71,57.59,73.95,75.21,75.21,74.47,73.47,72.21,76.87
GEV,GE Vernova,Industrials,Heavy Electrical Equipment,607.52,677.29,246.59,627.69,623.64,615.21,621.43,551.06,506.85,446.69
GEN,Gen Digital,Information Technology,Systems Software,28.5,32.09,22.55,28.87,28.84,29.26,29.94,29.39,28.49,28.09
GNRC,Generac,Industrials,Electrical Components & Equipment,164.26,203.25,99.5,173.31,178.56,180.53,181.37,156.76,148.23,148.28
GD,General Dynamics,Industrials,Aerospace & Defense,324.43,330.18,236.67,323.6,324.74,324.3,317.66,299.56,293.34,279.94
GIS,General Mills,Consumer Staples,Packaged Foods & Meats,49.43,72.0,48.29,50.3,49.9,49.86,49.79,51.27,52.38,55.09
GM,General Motors,Consumer Discretionary,Automobile Manufacturers,60.59,60.63,41.36,59.39,59.08,58.61,56.01,52.67,51.17,50.61
GPC,Genuine Parts Company,Consumer Discretionary,Distributors,136.26,143.1,102.41,137.76,138.59,138.68,135.16,128.7,125.76,122.64
GILD,Gilead Sciences,Health Care,Biotechnology,110.99,120.99,79.46,113.13,112.87,113.23,113.6,110.14,109.07,105.1
GPN,Global Payments,Financials,Transaction & Payment Processing Services,84.9,118.69,65.53,86.32,85.68,86.31,84.76,81.55,81.57,90.72
GL,Globe Life,Financials,Life & Health Insurance,143.03,147.83,99.63,144.71,143.56,142.0,138.39,129.54,128.09,124.35
GDDY,GoDaddy,Information Technology,Internet Services & Infrastructure,141.19,216.0,132.51,144.01,144.53,145.5,150.49,165.15,167.32,177.51
GS,Goldman Sachs,Financials,Investment Banking & Brokerage,794.76,825.25,434.87,800.81,795.5,772.8,742.24,686.6,652.49,628.95
HAL,Halliburton,Energy,Oil & Gas Equipment & Services,24.66,31.66,18.43,23.7,22.95,22.58,21.93,21.35,21.33,23.1
HIG,Hartford (The),Financials,Property & Casualty Insurance,131.57,135.17,103.64,131.38,131.26,131.67,128.9,127.38,125.49,120.57
HAS,Hasbro,Consumer Discretionary,Leisure Products,74.56,82.19,48.07,74.69,75.13,77.43,77.56,73.0,69.49,65.46
HCA,HCA Healthcare,Health Care,Health Care Facilities,414.89,420.23,288.25,410.1,405.76,406.82,387.25,380.57,371.63,350.75
DOC,Healthpeak Properties,Real Estate,Health Care REITs,18.54,21.94,16.26,18.61,18.39,18.16,17.66,17.41,17.54,18.25
HSIC,Henry Schein,Health Care,Health Care Distributors,65.64,82.49,60.56,67.68,68.05,68.21,68.56,69.99,69.09,70.8
HSY,Hershey Company (The),Consumer Staples,Packaged Foods & Meats,185.26,202.98,136.73,189.88,189.36,187.25,183.66,173.84,171.68,168.34
HPE,Hewlett Packard Enterprise,Information Technology,"Technology Hardware, Storage & Peripherals",24.21,25.36,11.82,24.7,24.7,24.02,22.17,20.22,19.15,19.49
HLT,Hilton Worldwide,Consumer Discretionary,"Hotels, Resorts & Cruise Lines",261.28,279.81,195.81,264.67,267.59,271.68,270.07,262.73,253.68,252.22
HOLX,Hologic,Health Care,Health Care Equipment,65.79,84.39,51.9,66.69,66.15,66.32,66.64,64.18,63.09,64.92
HD,Home Depot (The),Consumer Discretionary,Home Improvement Retail,407.45,429.19,322.47,411.16,415.72,413.94,396.31,379.78,374.16,379.01
HON,Honeywell,Industrials,Industrial Conglomerates,207.7,240.47,177.52,208.8,210.0,212.89,218.28,221.65,217.2,216.33
HRL,Hormel Foods,Consumer Staples,Packaged Foods & Meats,24.41,32.84,23.71,24.54,24.74,25.04,27.25,28.61,28.85,29.12
HST,Host Hotels & Resorts,Real Estate,Hotel & Resort REITs,17.32,18.53,12.06,17.34,17.48,17.43,16.63,16.04,15.56,15.82
HWM,Howmet Aerospace,Industrials,Aerospace & Defense,189.85,194.69,97.59,191.21,189.57,183.89,181.93,176.47,166.96,150.62
HPQ,HP Inc.,Information Technology,"Technology Hardware, Storage & Peripherals",26.85,38.25,20.76,27.86,27.89,28.22,26.71,26.1,25.73,27.81
HUBB,Hubbell Incorporated,Industrials,Industrial Machinery & Supplies & Components,420.44,475.24,297.55,433.35,435.11,436.29,433.07,412.47,397.92,397.45
HUM,Humana,Health Care,Managed Health Care,254.43,321.0,206.87,257.05,264.37,281.14,269.48,253.06,255.92,259.8
HBAN,Huntington Bancshares,Financials,Regional Banks,17.32,17.93,11.7,17.42,17.49,17.52,16.91,16.41,15.86,15.84
HII,Huntington Ingalls Industries,Industrials,Aerospace & Defense,271.25,291.7,155.93,275.21,274.41,272.7,267.69,250.33,242.27,221.4
IBM,IBM,Information Technology,IT Consulting & Other Services,281.44,294.17,197.92,271.8,265.03,257.49,254.29,262.9,257.33,249.5
IEX,IDEX Corporation,Industrials,Industrial Machinery & Supplies & Components,159.28,235.67,152.2,160.01,160.73,162.05,166.52,173.62,172.84,183.82
IDXX,Idexx Laboratories,Health Care,Health Care Equipment,618.17,688.12,356.14,638.8,642.11,643.18,620.68,570.31,539.43,499.29
ITW,Illinois Tool Works,Industrials,Industrial Machinery & Supplies & Components,257.89,274.77,213.36,260.28,261.66,263.01,261.16,254.05,250.19,252.17
INCY,Incyte,Health Care,Biotechnology,81.66,87.99,53.56,84.32,84.26,85.02,81.04,73.7,70.85,70.55
IR,Ingersoll Rand,Industrials,Industrial Machinery & Supplies & Components,80.5,105.95,65.58,81.23,80.22,79.93,80.79,81.91,80.33,83.69
PODD,Insulet Corporation,Health Care,Health Care Equipment,323.58,353.5,225.37,328.86,331.42,337.65,317.21,311.72,300.24,288.78
INTC,Intel,Information Technology,Semiconductors,33.99,34.25,17.67,30.58,28.25,26.37,23.89,22.66,22.22,21.94
ICE,Intercontinental Exchange,Financials,Financial Exchanges & Data,167.28,188.82,141.12,168.66,170.33,172.35,178.25,178.03,174.8,169.16
IFF,International Flavors & Fragrances,Materials,Specialty Chemicals,60.3,105.18,60.13,62.19,63.26,64.65,67.65,71.67,72.22,76.12
IP,International Paper,Materials,Paper & Plastic Packaging Products & Materials,45.32,58.71,42.44,46.11,46.24,47.13,48.33,47.9,47.7,49.84
IPG,Interpublic Group of Companies (The),Communication Services,Advertising,25.93,31.81,21.93,25.89,26.08,26.33,25.7,24.82,24.67,25.49
INTU,Intuit,Information Technology,Application Software,692.68,813.7,531.0,695.33,676.3,671.46,712.9,722.45,697.25,664.27
ISRG,Intuitive Surgical,Health Care,Health Care Equipment,438.12,616.0,425.0,442.63,440.08,451.15,471.83,504.34,502.32,520.44
IVZ,Invesco,Financials,Asset Management & Custody Banks,22.36,22.99,11.33,22.41,22.37,22.2,21.4,18.27,17.28,17.08
INVH,Invitation Homes,Real Estate,Single-Family Residential REITs,28.9,35.48,28.76,29.43,29.57,30.0,30.58,31.88,32.14,31.98
IQV,IQVIA,Health Care,Life Sciences Tools & Services,176.69,241.88,134.65,183.89,185.63,186.39,186.04,169.21,166.2,177.2
IRM,Iron Mountain,Real Estate,Other Specialized REITs,100.8,126.21,71.19,102.09,100.49,96.48,94.83,96.63,94.01,95.13
JBHT,J.B. Hunt,Industrials,Cargo Ground Transportation,132.4,198.61,122.01,132.08,134.21,138.6,142.38,142.69,140.93,150.41
JBL,Jabil,Information Technology,Electronic Manufacturing Services,210.2,237.14,108.57,225.5,220.79,214.72,217.09,202.04,188.82,174.61
JKHY,Jack Henry & Associates,Financials,Transaction & Payment Processing Services,148.45,194.68,148.3,150.68,154.53,158.04,163.75,171.36,171.63,172.25
J,Jacobs Solutions,Industrials,Construction & Engineering,146.28,152.07,104.68,148.28,147.79,146.54,145.33,136.6,132.76,131.48
JNJ,Johnson & Johnson,Health Care,Pharmaceuticals,177.73,179.84,137.37,176.28,176.47,177.0,173.14,162.87,160.85,157.05
JCI,Johnson Controls,Industrials,Building Products,105.77,112.63,67.78,107.72,107.68,107.3,106.95,103.95,98.89,92.34
JPM,JPMorgan Chase,Financials,Diversified Banks,313.45,316.58,199.85,313.37,311.68,305.68,298.3,284.44,274.47,264.85
K,Kellanova,Consumer Staples,Packaged Foods & Meats,77.07,82.04,76.48,77.09,78.02,78.64,79.09,79.61,79.94,80.04
KVUE,Kenvue,Consumer Staples,Personal Care Products,16.17,24.71,16.14,17.12,17.74,18.68,20.42,21.25,21.51,21.52
KDP,Keurig Dr Pepper,Consumer Staples,Soft Drinks & Non-alcoholic Beverages,25.75,37.26,25.67,26.31,26.7,27.58,31.2,32.18,32.63,32.4
KEY,KeyCorp,Financials,Regional Banks,18.81,19.41,12.43,18.82,18.85,18.97,18.43,17.39,16.76,16.7
KEYS,Keysight Technologies,Information Technology,Electronic Equipment & Instruments,172.33,186.2,121.43,176.12,174.51,171.0,166.86,163.98,159.15,161.56
KMB,Kimberly-Clark,Consumer Staples,Household Products,121.72,147.59,120.67,123.63,124.78,126.67,128.5,130.26,131.11,130.85
KIM,Kimco Realty,Real Estate,Retail REITs,21.48,24.7,17.52,21.74,21.97,22.16,21.66,21.2,20.93,21.19
KMI,Kinder Morgan,Energy,Oil & Gas Storage & Transportation,27.93,30.49,20.69,27.56,27.52,27.2,27.09,27.37,27.16,27.01
KKR,KKR & Co.,Financials,Asset Management & Custody Banks,135.66,169.7,85.9,143.34,144.28,141.46,143.22,134.71,129.23,133.55
KLAC,KLA Corporation,Information Technology,Semiconductor Materials & Equipment,1059.1,1076.79,548.81,1063.01,1029.51,962.42,926.26,878.13,834.17,783.78
KHC,Kraft Heinz,Consumer Staples,Packaged Foods & Meats,25.81,34.37,25.07,26.38,26.14,26.53,27.06,26.68,27.06,27.77
KR,Kroger,Consumer Staples,Food Retail,65.49,74.52,53.78,65.3,66.19,66.98,69.38,69.08,69.02,66.39
LHX,L3Harris,Industrials,Aerospace & Defense,289.24,290.9,190.25,285.54,283.76,279.04,274.31,257.83,248.74,233.78
LH,Labcorp,Health Care,Health Care Services,276.14,283.47,208.23,278.32,277.23,276.75,269.42,260.84,254.08,248.19
LRCX,Lam Research,Information Technology,Semiconductor Materials & Equipment,128.13,133.31,56.07,129.35,125.04,114.22,105.55,97.17,91.31,86.13
LW,Lamb Weston,Consumer Staples,Packaged Foods & Meats,52.83,82.35,47.25,54.39,55.43,56.13,55.18,53.9,53.74,55.76
LVS,Las Vegas Sands,Consumer Discretionary,Casinos & Gaming,53.06,58.05,29.84,53.17,53.02,54.19,53.18,48.05,45.34,45.43
LDOS,Leidos,Industrials,Diversified Support Services,182.36,200.78,122.65,186.44,185.19,182.47,175.55,164.51,159.63,152.63
LEN,Lennar,Consumer Discretionary,Homebuilding,124.02,181.28,97.54,124.44,129.29,133.12,126.55,117.87,115.76,120.3
LII,Lennox International,Industrials,Building Products,516.18,689.44,497.88,528.55,537.71,549.36,583.2,578.98,571.87,586.73
LLY,Lilly (Eli),Health Care,Pharmaceuticals,714.59,932.17,622.41,742.07,750.17,745.48,735.21,750.66,760.18,781.68
LIN,Linde plc,Materials,Industrial Gases,473.78,484.83,406.06,476.92,477.07,475.86,473.07,467.2,462.97,454.8
LYV,Live Nation Entertainment,Communication Services,Movies & Entertainment,161.99,175.25,104.8,163.41,166.76,166.96,160.2,151.97,147.33,143.14
LKQ,LKQ Corporation,Consumer Discretionary,Distributors,29.98,43.77,28.65,30.35,30.94,31.64,31.66,35.27,36.2,36.95
LMT,Lockheed Martin,Industrials,Aerospace & Defense,484.34,602.02,407.14,482.12,477.62,467.72,446.5,455.9,455.8,457.05
L,Loews Corporation,Financials,Multi-line Insurance,99.02,100.05,74.95,98.04,97.45,97.06,94.88,92.06,90.92,88.66
LOW,Lowe's,Consumer Discretionary,Home Improvement Retail,255.53,281.56,204.22,259.65,264.82,264.94,249.86,236.38,233.18,237.9
LULU,Lululemon Athletica,Consumer Discretionary,"Apparel, Accessories & Luxury Goods",172.01,423.32,159.25,173.52,168.3,176.32,193.75,232.91,239.57,289.88
LYB,LyondellBasell,Materials,Specialty Chemicals,48.98,89.94,46.44,50.77,52.05,53.55,54.67,55.92,56.12,61.62
MTB,M&T Bank,Financials,Regional Banks,198.79,219.44,148.52,199.96,198.95,199.17,194.31,189.74,184.43,185.56
MPC,Marathon Petroleum,Energy,Oil & Gas Refining & Marketing,196.44,196.7,113.82,190.62,186.6,183.59,174.06,168.63,161.09,154.77
MKTX,MarketAxess,Financials,Financial Exchanges & Data,178.17,292.5,176.57,178.61,180.58,182.5,191.38,205.31,207.47,209.48
MAR,Marriott International,Consumer Discretionary,"Hotels, Resorts & Cruise Lines",260.9,305.27,204.35,263.5,264.3,265.33,266.15,266.24,258.63,264.39
MMC,Marsh McLennan,Financials,Insurance Brokers,197.97,246.94,195.01,197.78,198.03,201.04,204.16,212.79,215.72,217.88
MLM,Martin Marietta Materials,Materials,Construction Materials,608.06,632.26,440.72,613.73,613.54,616.04,602.19,576.1,559.13,542.43
MAS,Masco,Industrials,Building Products,70.48,85.23,56.02,71.38,72.28,73.11,71.23,67.47,66.39,69.38
MA,Mastercard,Financials,Transaction & Payment Processing Services,567.3,601.77,464.22,574.95,580.92,584.93,577.83,572.75,562.96,554.01
MTCH,Match Group,Communication Services,Interactive Media & Services,35.89,39.2,26.24,36.77,37.27,37.5,36.36,33.45,32.63,32.48
MKC,McCormick & Company,Consumer Staples,Packaged Foods & Meats,64.62,85.22,63.66,64.85,65.93,67.87,69.55,71.58,72.47,74.31
MCD,McDonald's,Consumer Discretionary,Restaurants,302.3,322.65,271.85,303.04,303.21,307.87,304.97,303.38,304.31,300.16
MCK,McKesson Corporation,Health Care,Health Care Distributors,736.52,770.0,462.37,726.74,712.38,703.99,696.89,705.59,702.01,665.98
MDT,Medtronic,Health Care,Health Care Equipment,94.3,95.99,77.57,94.94,94.65,93.81,92.42,88.97,87.94,87.28
MRK,Merck & Co.,Health Care,Pharmaceuticals,77.6,112.11,71.87,79.83,80.59,82.06,81.82,79.94,80.03,84.66
META,Meta Platforms,Communication Services,Interactive Media & Services,748.91,795.71,479.11,761.6,766.06,756.98,749.74,712.9,678.37,662.97
MET,MetLife,Financials,Life & Health Insurance,80.28,87.17,64.24,80.28,79.91,80.11,78.34,78.33,77.35,78.89
MTD,Mettler Toledo,Health Care,Life Sciences Tools & Services,1209.54,1521.01,946.69,1246.5,1258.93,1272.36,1266.78,1216.51,1185.78,1218.45
MGM,MGM Resorts,Consumer Discretionary,Casinos & Gaming,34.48,42.54,25.3,34.82,35.09,36.22,36.55,35.24,34.14,34.12
MCHP,Microchip Technology,Information Technology,Semiconductors,64.84,79.31,33.63,65.19,65.03,64.88,66.45,65.39,60.75,58.78
MU,Micron Technology,Information Technology,Semiconductors,156.83,170.45,61.48,162.46,161.5,145.3,127.32,117.82,109.29,104.3
MSFT,Microsoft,Information Technology,Systems Software,507.03,554.54,343.59,511.76,511.16,506.97,511.68,491.59,469.47,448.64
MAA,Mid-America Apartment Communities,Real Estate,Multi-Family Residential REITs,138.74,170.0,137.32,140.48,140.47,142.27,143.59,147.87,149.65,151.22
MRNA,Moderna,Health Care,Biotechnology,24.61,67.96,23.15,25.62,25.08,24.8,27.21,27.36,27.21,30.86
MHK,Mohawk Industries,Consumer Discretionary,Home Furnishings,125.55,164.29,96.24,128.12,131.46,133.28,126.5,115.73,113.86,116.32
MOH,Molina Healthcare,Health Care,Managed Health Care,189.3,359.97,151.95,183.92,180.91,179.75,172.36,230.98,250.61,269.13
TAP,Molson Coors Beverage Company,Consumer Staples,Brewers,44.41,63.47,43.8,45.09,46.29,47.96,49.27,50.25,51.84,53.61
MDLZ,Mondelez International,Consumer Staples,Packaged Foods & Meats,62.56,73.02,53.2,63.6,63.03,62.38,63.84,65.24,65.46,63.54
MPWR,Monolithic Power Systems,Information Technology,Semiconductors,891.39,947.45,437.93,910.66,888.96,868.34,820.92,761.15,718.18,682.55
MNST,Monster Beverage,Consumer Staples,Soft Drinks & Non-alcoholic Beverages,64.59,67.13,45.7,64.42,64.85,63.9,62.53,62.38,61.6,58.0
MCO,Moody's Corporation,Financials,Financial Exchanges & Data,472.69,528.95,377.3,478.66,491.65,498.49,505.92,494.73,482.88,481.76
MS,Morgan Stanley,Financials,Investment Banking & Brokerage,158.95,163.98,92.93,159.64,158.37,154.6,147.9,139.78,133.79,130.98
MOS,Mosaic Company (The),Materials,Fertilizers & Agricultural Chemicals,34.79,37.97,21.99,34.42,34.2,33.54,33.75,34.39,32.86,30.14
MSI,Motorola Solutions,Information Technology,Communications Equipment,455.73,502.83,387.0,465.85,472.15,474.62,456.48,435.6,432.86,438.77
MSCI,MSCI Inc.,Financials,Financial Exchanges & Data,564.66,636.39,483.67,565.57,568.93,566.79,561.7,562.32,557.51,567.5
NDAQ,"Nasdaq, Inc.",Financials,Financial Exchanges & Data,86.73,97.36,64.46,88.36,90.31,92.3,93.36,89.0,85.78,82.93
NTAP,NetApp,Information Technology,"Technology Hardware, Storage & Peripherals",120.78,133.34,71.49,123.45,123.91,121.57,112.7,107.16,102.59,106.15
NFLX,Netflix,Communication Services,Movies & Entertainment,1208.24,1341.15,677.88,1217.0,1211.25,1222.65,1210.04,1216.64,1171.73,1086.06
NEM,Newmont,Materials,Gold,83.67,86.62,36.35,83.45,81.19,78.52,71.0,63.09,60.68,53.75
NWSA,News Corp (Class A),Communication Services,Publishing,30.17,30.95,23.3,30.48,30.19,29.71,29.5,28.98,28.42,28.22
NWS,News Corp (Class B),Communication Services,Publishing,33.41,35.47,26.17,33.77,33.35,33.17,33.55,33.2,32.57,32.14
NEE,NextEra Energy,Utilities,Multi-Utilities,74.65,83.5,60.75,72.85,71.83,71.53,72.35,71.59,70.52,70.15
NKE,"Nike, Inc.",Consumer Discretionary,"Apparel, Accessories & Luxury Goods",69.24,88.65,51.67,70.71,71.67,73.29,74.69,69.33,66.85,69.35
NI,NiSource,Utilities,Multi-Utilities,41.82,43.51,32.69,41.48,40.81,40.96,41.63,40.4,40.03,39.03
NDSN,Nordson Corporation,Industrials,Industrial Machinery & Supplies & Components,221.52,262.94,163.83,223.98,224.64,224.22,219.52,214.08,208.3,209.8
NSC,Norfolk Southern,Industrials,Rail Transportation,294.57,296.38,199.43,290.85,284.49,280.6,279.74,263.52,254.68,249.27
NTRS,Northern Trust,Financials,Asset Management & Custody Banks,131.38,133.7,80.54,130.94,130.53,129.63,128.11,120.03,114.08,110.24
NOC,Northrop Grumman,Industrials,Aerospace & Defense,585.77,598.64,420.66,579.66,577.9,579.98,576.12,532.19,525.39,504.62
NCLH,Norwegian Cruise Line Holdings,Consumer Discretionary,"Hotels, Resorts & Cruise Lines",25.0,29.29,14.21,25.28,25.54,25.46,24.72,22.03,21.02,22.41
NRG,NRG Energy,Utilities,Independent Power Producers & Energy Traders,162.96,175.96,79.04,166.26,165.52,157.81,155.91,153.29,142.37,125.95
NUE,Nucor,Materials,Steel,134.76,168.24,97.18,134.88,137.73,141.52,142.39,132.78,128.85,128.11
NVDA,Nvidia,Information Technology,Semiconductors,177.69,184.55,86.61,178.67,177.04,174.91,176.45,159.69,149.03,141.63
NVR,"NVR, Inc.",Consumer Discretionary,Homebuilding,7906.69,9964.77,6562.85,7988.67,8116.19,8215.62,8024.01,7651.7,7547.4,7646.74
NXPI,NXP Semiconductors,Information Technology,Semiconductors,226.81,251.87,146.73,225.97,223.43,225.12,223.34,216.17,208.3,209.46
ORLY,O’Reilly Automotive,Consumer Discretionary,Automotive Retail,104.58,108.42,73.33,103.83,104.66,104.87,102.09,96.42,95.64,91.91
OXY,Occidental Petroleum,Energy,Oil & Gas Exploration & Production,46.99,55.34,34.4,46.43,46.56,46.42,45.04,43.87,43.21,44.94
ODFL,Old Dominion,Industrials,Cargo Ground Transportation,140.43,231.78,138.66,140.12,142.19,145.72,150.65,156.89,156.44,166.61
OMC,Omnicom Group,Communication Services,Advertising,75.88,103.32,67.76,75.75,76.24,77.0,75.32,73.8,73.85,77.17
ON,ON Semiconductor,Information Technology,Semiconductors,49.77,76.06,31.04,50.74,50.13,49.51,51.73,50.61,47.97,50.3
OKE,Oneok,Energy,Oil & Gas Storage & Transportation,73.44,113.92,70.63,72.58,72.76,73.26,75.58,78.22,79.45,86.01
ORCL,Oracle Corporation,Information Technology,Application Software,291.33,345.72,118.18,310.09,304.94,276.83,257.81,223.32,205.71,190.34
OTIS,Otis Worldwide,Industrials,Industrial Machinery & Supplies & Components,89.44,105.86,83.85,89.16,89.37,88.18,88.6,92.65,93.35,94.36
PCAR,Paccar,Industrials,Construction Machinery & Heavy Transportation Equipment,95.57,114.66,84.08,97.35,99.66,99.29,98.7,96.33,95.17,98.95
PKG,Packaging Corporation of America,Materials,Paper & Plastic Packaging Products & Materials,213.14,244.78,170.61,213.23,212.94,213.89,205.31,198.25,195.71,202.61
PLTR,Palantir Technologies,Information Technology,Application Software,179.12,190.0,36.05,180.59,176.11,167.34,165.62,148.78,138.2,118.35
PANW,Palo Alto Networks,Information Technology,Systems Software,202.21,210.39,144.15,204.51,203.02,198.56,189.57,192.2,187.98,187.62
PSKY,Paramount Skydance Corporation,Communication Services,Movies & Entertainment,18.93,20.86,9.92,19.06,18.6,16.86,14.68,13.4,12.96,12.21
PH,Parker Hannifin,Industrials,Industrial Machinery & Supplies & Components,745.08,779.77,485.92,753.93,753.66,756.18,741.78,707.17,681.0,670.37
PAYX,Paychex,Industrials,Human Resource & Employment Services,126.69,160.03,126.13,128.93,130.69,133.39,137.99,144.08,144.13,143.64
PAYC,Paycom,Industrials,Human Resource & Employment Services,214.85,267.33,157.01,217.73,217.41,220.55,225.03,234.55,230.86,223.79
PYPL,PayPal,Financials,Transaction & Payment Processing Services,66.74,93.66,55.85,67.56,67.58,68.03,69.72,71.07,69.47,73.64
PNR,Pentair,Industrials,Industrial Machinery & Supplies & Components,108.31,112.91,73.85,109.56,110.14,109.68,106.72,103.27,99.56,98.58
PEP,PepsiCo,Consumer Staples,Soft Drinks & Non-alcoholic Beverages,139.92,170.89,125.14,141.36,141.29,143.26,143.63,136.7,137.21,140.55
PFE,Pfizer,Health Care,Pharmaceuticals,23.6,28.43,20.18,23.98,23.98,24.35,24.52,24.0,23.66,24.19
PCG,PG&E Corporation,Utilities,Multi-Utilities,14.44,21.62,12.97,14.68,14.91,15.05,14.78,15.05,15.43,16.12
PM,Philip Morris International,Consumer Staples,Tobacco,164.0,185.29,114.24,163.14,163.45,164.07,166.06,171.64,169.28,156.45
PSX,Phillips 66,Energy,Oil & Gas Refining & Marketing,139.08,139.57,89.26,133.45,132.67,132.35,126.95,122.68,118.64,118.72
PNW,Pinnacle West Capital,Utilities,Multi-Utilities,86.08,94.64,79.08,86.62,86.66,87.61,89.83,89.66,90.07,88.7
PNC,PNC Financial Services,Financials,Diversified Banks,202.74,210.46,142.39,203.88,203.48,203.94,197.97,188.35,182.1,183.95
POOL,Pool Corporation,Consumer Discretionary,Distributors,305.08,391.14,281.15,311.86,318.68,318.78,315.76,307.96,306.93,319.38
PPG,PPG Industries,Materials,Specialty Chemicals,103.92,133.97,89.08,106.91,108.02,109.13,110.01,110.94,109.08,111.33
PPL,PPL Corporation,Utilities,Electric Utilities,36.16,37.09,30.41,36.07,35.92,35.91,36.03,34.99,34.99,34.17
PFG,Principal Financial Group,Financials,Life & Health Insurance,81.5,88.63,67.06,81.93,81.8,80.95,79.09,78.32,77.43,78.36
PG,Procter & Gamble,Consumer Staples,Personal Care Products,152.15,177.66,149.91,153.24,155.66,156.96,156.0,158.11,159.16,161.5
PGR,Progressive Corporation,Financials,Property & Casualty Insurance,242.19,292.77,228.37,240.86,242.88,244.59,245.46,257.87,260.74,258.81
PLD,Prologis,Real Estate,Industrial REITs,113.21,123.15,83.8,113.59,113.86,112.75,109.28,107.58,106.02,107.89
PRU,Prudential Financial,Financials,Life & Health Insurance,102.62,125.75,88.12,103.1,103.69,105.44,104.51,104.01,103.18,106.32
PEG,Public Service Enterprise Group,Utilities,Electric Utilities,80.88,92.35,73.5,81.76,81.73,81.38,83.85,81.81,81.45,81.69
PTC,PTC Inc.,Information Technology,Application Software,202.71,219.69,133.38,204.44,204.66,207.77,207.75,190.18,181.92,180.1
PSA,Public Storage,Real Estate,Self-Storage REITs,280.26,355.59,251.43,280.39,283.06,286.26,283.71,288.35,287.62,289.57
PHM,PulteGroup,Consumer Discretionary,Homebuilding,128.74,148.31,87.74,130.17,132.44,134.07,126.45,115.04,111.76,110.81
PWR,Quanta Services,Industrials,Construction & Engineering,400.41,424.94,227.02,395.48,389.05,384.05,388.86,372.78,352.42,332.23
QCOM,Qualcomm,Information Technology,Semiconductors,169.68,178.09,119.4,169.87,166.99,163.14,157.62,154.61,151.61,154.5
DGX,Quest Diagnostics,Health Care,Health Care Services,185.39,187.96,144.09,185.49,183.67,182.41,177.9,176.26,174.7,169.22
RL,Ralph Lauren Corporation,Consumer Discretionary,"Apparel, Accessories & Luxury Goods",302.89,321.77,176.02,309.13,311.13,310.54,300.14,285.99,270.91,260.23
RJF,Raymond James Financial,Financials,Investment Banking & Brokerage,171.89,177.66,117.19,173.8,172.06,169.97,166.88,158.47,153.64,154.18
RTX,RTX Corporation,Industrials,Aerospace & Defense,160.51,163.03,111.21,160.02,158.94,157.98,156.26,147.54,143.05,135.45
O,Realty Income,Real Estate,Retail REITs,59.79,61.61,49.53,59.51,59.7,59.24,58.08,57.0,56.65,55.32
REG,Regency Centers,Real Estate,Retail REITs,71.07,75.93,62.21,70.99,70.77,71.38,71.06,70.67,70.49,70.7
REGN,Regeneron Pharmaceuticals,Health Care,Biotechnology,555.51,1075.39,475.77,577.61,577.99,573.08,568.38,556.48,562.1,612.56
RF,Regions Financial Corporation,Financials,Regional Banks,26.6,27.61,17.36,26.74,26.87,26.95,26.1,24.15,23.23,23.11
RSG,Republic Services,Industrials,Environmental & Facilities Services,226.86,258.14,196.11,227.0,226.99,229.21,233.5,240.45,240.74,232.44
RMD,ResMed,Health Care,Health Care Equipment,267.31,293.81,199.07,272.94,272.36,273.42,276.88,263.45,254.7,246.66
RVTY,Revvity,Health Care,Health Care Equipment,83.04,129.23,81.36,85.25,85.15,85.7,89.22,91.96,92.82,101.17
ROK,Rockwell Automation,Industrials,Electrical Components & Equipment,340.03,359.54,213.27,343.68,344.53,343.68,345.25,331.23,312.76,300.12
ROL,"Rollins, Inc.",Industrials,Environmental & Facilities Services,56.44,58.96,44.94,55.8,55.99,56.4,56.94,56.69,56.23,53.58
ROP,Roper Technologies,Information Technology,Electronic Equipment & Instruments,495.03,593.46,492.25,503.79,505.78,513.66,530.03,548.22,550.28,551.18
ROST,Ross Stores,Consumer Discretionary,Apparel Retail,149.46,156.94,121.69,147.08,146.96,148.48,144.64,140.96,139.83,140.58
RCL,Royal Caribbean Group,Consumer Discretionary,"Hotels, Resorts & Cruise Lines",324.53,366.5,163.55,328.0,327.68,340.77,334.7,305.26,284.42,266.38
SPGI,S&P Global,Financials,Financial Exchanges & Data,484.94,578.04,425.6,497.03,516.66,530.21,539.49,527.25,517.02,513.22
CRM,Salesforce,Information Technology,Application Software,240.95,366.78,226.09,245.64,243.8,247.08,249.44,260.19,259.59,281.72
SBAC,SBA Communications,Real Estate,Telecom Tower REITs,195.43,247.78,186.81,197.32,198.2,198.15,213.51,221.91,221.99,216.02
SLB,Schlumberger,Energy,Oil & Gas Equipment & Services,34.59,44.81,30.61,34.41,34.72,35.3,34.37,34.38,34.5,36.45
STX,Seagate Technology,Information Technology,"Technology Hardware, Storage & Peripherals",219.85,231.96,62.86,224.45,217.05,200.0,172.45,148.56,134.38,118.87
SRE,Sempra,Utilities,Multi-Utilities,86.49,93.45,61.37,85.08,84.06,82.91,81.84,78.6,76.96,77.71
NOW,ServiceNow,Information Technology,Systems Software,918.61,1198.09,678.66,937.72,939.51,930.96,920.86,962.95,936.42,960.23
SHW,Sherwin-Williams,Materials,Specialty Chemicals,340.1,397.81,307.5,344.14,349.09,357.39,353.84,351.96,348.84,349.38
SPG,Simon Property Group,Real Estate,Retail REITs,182.61,184.68,132.99,182.35,182.11,180.69,172.35,165.42,162.41,164.95
SWKS,Skyworks Solutions,Information Technology,Semiconductors,79.36,97.73,47.01,80.64,77.63,76.09,73.5,72.54,69.67,72.55
SJM,J.M. Smucker Company (The),Consumer Staples,Packaged Foods & Meats,107.86,121.73,92.38,108.61,106.95,108.82,109.07,106.96,108.29,107.42
SW,Smurfit Westrock,Materials,Paper & Plastic Packaging Products & Materials,42.28,55.46,36.31,43.33,43.79,45.09,44.91,44.28,43.66,46.15
SNA,Snap-on,Industrials,Industrial Machinery & Supplies & Components,336.98,366.68,275.68,338.27,336.95,331.52,327.46,321.41,320.22,326.1
SOLV,Solventum,Health Care,Health Care Technology,70.46,85.92,60.7,72.63,73.23,72.95,72.89,73.22,72.13,72.46
SO,Southern Company,Utilities,Electric Utilities,93.69,95.68,78.5,93.19,92.49,92.13,93.22,91.2,90.78,88.17
LUV,Southwest Airlines,Industrials,Passenger Airlines,31.93,37.75,23.55,32.63,32.22,32.01,31.99,32.25,31.22,31.31
SWK,Stanley Black & Decker,Industrials,Industrial Machinery & Supplies & Components,73.45,106.2,52.62,75.1,76.7,76.21,73.2,69.81,68.06,73.04
SBUX,Starbucks,Consumer Discretionary,Restaurants,83.83,115.87,74.48,84.73,83.92,84.91,88.53,88.55,87.74,92.17
STT,State Street Corporation,Financials,Asset Management & Custody Banks,114.24,116.37,72.29,113.39,112.69,112.89,112.04,105.79,101.3,98.84
STLD,Steel Dynamics,Materials,Steel,136.09,153.72,102.78,137.5,136.61,134.21,130.33,130.86,128.92,127.32
STE,Steris,Health Care,Health Care Equipment,244.19,253.0,199.47,247.58,248.29,246.82,239.98,238.51,234.95,227.89
SYK,Stryker Corporation,Health Care,Health Care Equipment,368.57,404.87,328.46,373.67,376.01,383.2,386.06,385.44,379.98,378.75
SMCI,Supermicro,Information Technology,"Technology Hardware, Storage & Peripherals",46.24,66.44,17.25,46.42,45.82,43.83,47.39,45.38,42.99,40.9
SYF,Synchrony Financial,Financials,Consumer Finance,74.28,77.41,40.15,75.16,75.33,75.59,72.93,67.35,63.68,63.21
SNPS,Synopsys,Information Technology,Application Software,487.2,651.73,365.74,491.18,463.2,513.56,573.36,538.07,515.75,506.4
SYY,Sysco,Consumer Staples,Food Distributors,81.12,83.24,66.65,81.78,81.6,81.31,80.49,77.07,75.9,74.91
TMUS,T-Mobile US,Communication Services,Wireless Telecommunication Services,237.94,274.51,198.06,238.29,238.88,243.56,243.72,239.79,242.52,241.24
TROW,T. Rowe Price,Financials,Asset Management & Custody Banks,103.21,119.7,75.88,104.52,104.55,105.34,105.1,99.54,96.74,99.73
TTWO,Take-Two Interactive,Communication Services,Interactive Home Entertainment,245.11,255.33,146.76,248.6,248.45,245.0,234.9,234.28,230.09,217.45
TPR,"Tapestry, Inc.",Consumer Discretionary,"Apparel, Accessories & Luxury Goods",107.8,117.0,42.3,113.09,111.47,107.83,106.12,94.88,89.18,82.84
TRGP,Targa Resources,Energy,Oil & Gas Storage & Transportation,171.74,215.2,141.47,168.74,167.3,165.87,165.06,165.34,166.84,176.27
TGT,Target Corporation,Consumer Staples,Consumer Staples Merchandise Retail,87.14,155.5,85.44,87.44,88.38,90.6,97.55,97.16,96.51,106.83
TEL,TE Connectivity,Information Technology,Electronic Manufacturing Services,214.47,221.0,115.38,216.89,214.91,211.54,204.77,184.23,174.28,163.83
TDY,Teledyne Technologies,Information Technology,Electronic Equipment & Instruments,566.0,573.29,419.0,566.23,561.25,553.67,550.72,525.61,513.62,504.45
TER,Teradyne,Information Technology,Semiconductor Materials & Equipment,132.87,143.64,65.6,131.16,122.92,120.59,111.0,98.18,93.52,101.65
TSLA,"Tesla, Inc.",Consumer Discretionary,Automobile Manufacturers,423.39,488.54,212.11,430.46,422.26,383.26,349.54,335.8,320.57,334.22
TXN,Texas Instruments,Information Technology,Semiconductors,182.04,220.1,137.77,181.5,180.79,186.22,191.25,192.65,185.45,185.08
TPL,Texas Pacific Land Corporation,Energy,Oil & Gas Exploration & Production,925.57,1759.83,844.11,908.78,916.65,918.9,922.94,1042.41,1088.35,1167.12
TXT,Textron,Industrials,Aerospace & Defense,82.35,91.21,57.67,83.05,82.88,81.89,80.87,79.06,76.7,76.36
TMO,Thermo Fisher Scientific,Health Care,Life Sciences Tools & Services,459.22,621.58,385.11,470.31,473.95,480.49,473.85,441.82,441.84,477.85
TJX,TJX Companies,Consumer Discretionary,Apparel Retail,141.46,145.58,109.83,140.16,140.1,139.73,133.94,130.07,129.0,125.99
TKO,TKO Group Holdings,Communication Services,Movies & Entertainment,195.79,212.49,113.01,198.93,200.53,196.4,183.08,174.94,170.07,162.32
TTD,Trade Desk (The),Communication Services,Advertising,46.76,141.53,42.96,46.22,45.6,48.69,61.63,67.01,63.88,77.42
TSCO,Tractor Supply,Consumer Discretionary,Other Specialty Retail,56.42,63.75,46.46,58.03,58.83,59.66,59.49,55.77,54.79,54.57
TT,Trane Technologies,Industrials,Building Products,406.4,475.11,296.82,405.97,403.45,408.63,425.56,425.37,408.66,392.46
TDG,TransDigm Group,Industrials,Aerospace & Defense,1290.0,1519.36,1107.45,1293.42,1287.05,1290.48,1351.96,1359.21,1340.03,1299.95
TRV,Travelers Companies (The),Financials,Property & Casualty Insurance,274.22,280.0,220.97,276.05,276.04,274.88,268.72,266.67,264.01,256.8
TRMB,Trimble Inc.,Information Technology,Electronic Equipment & Instruments,79.98,87.5,52.91,81.37,81.09,80.8,82.09,77.58,74.18,73.44
TFC,Truist Financial,Financials,Diversified Banks,45.74,47.46,32.72,45.74,45.47,45.82,44.87,42.82,41.57,42.2
TYL,Tyler Technologies,Information Technology,Application Software,522.22,661.31,513.52,528.8,532.95,544.68,560.79,567.11,564.93,576.78
TSN,Tyson Foods,Consumer Staples,Packaged Foods & Meats,53.75,63.75,51.39,53.86,54.09,55.09,54.95,54.87,55.88,56.45
USB,U.S. Bancorp,Financials,Diversified Banks,49.03,52.21,34.8,49.49,49.41,49.16,47.25,45.69,44.34,44.91
UBER,Uber,Industrials,Passenger Ground Transportation,97.6,101.99,59.33,98.22,97.13,95.42,93.04,90.88,87.51,80.83
UDR,"UDR, Inc.",Real Estate,Multi-Family Residential REITs,36.71,45.5,35.84,37.25,37.43,38.12,38.77,39.79,40.06,40.78
ULTA,Ulta Beauty,Consumer Discretionary,Other Specialty Retail,539.48,540.18,309.01,527.86,526.88,523.56,517.77,482.61,460.04,434.63
UNP,Union Pacific Corporation,Industrials,Rail Transportation,232.0,252.32,202.16,227.36,222.15,220.88,221.77,223.15,221.96,226.73
UAL,United Airlines Holdings,Industrials,Passenger Airlines,99.15,116.0,52.0,103.03,104.14,105.26,98.66,89.05,84.55,88.75
UPS,United Parcel Service,Industrials,Air Freight & Logistics,82.58,136.36,82.0,83.84,84.2,84.7,87.69,92.48,93.07,101.75
URI,United Rentals,Industrials,Trading Companies & Distributors,931.25,980.53,523.58,941.44,942.55,950.05,907.6,816.33,773.79,746.19
UNH,UnitedHealth Group,Health Care,Managed Health Care,345.56,617.34,233.13,344.61,343.75,332.02,298.04,304.43,341.24,402.05
UHS,Universal Health Services,Health Care,Health Care Facilities,197.62,242.21,152.16,194.97,191.79,188.41,178.02,180.45,179.52,180.46
VLO,Valero Energy,Energy,Oil & Gas Refining & Marketing,174.42,176.01,97.37,168.94,164.92,160.47,148.0,140.63,135.13,132.55
VTR,Ventas,Real Estate,Health Care REITs,68.18,70.82,55.85,67.89,68.24,68.2,67.81,65.72,65.96,64.38
VLTO,Veralto,Industrials,Environmental & Facilities Services,104.49,114.62,83.77,105.65,106.54,106.39,106.21,103.11,100.83,100.74
VRSN,Verisign,Information Technology,Internet Services & Infrastructure,283.69,309.71,174.64,284.12,285.52,282.33,277.6,278.98,273.88,253.26
VRSK,Verisk Analytics,Industrials,Research & Consulting Services,244.06,321.9,239.83,243.39,248.06,257.74,269.13,288.65,289.02,287.46
VZ,Verizon,Communication Services,Integrated Telecommunication Services,43.35,45.87,36.41,43.3,43.6,43.74,43.45,42.94,42.88,41.75
VRTX,Vertex Pharmaceuticals,Health Care,Biotechnology,381.87,519.88,362.5,380.89,385.78,390.46,408.93,429.02,440.99,447.6
VTRS,Viatris,Health Care,Pharmaceuticals,9.49,13.04,6.68,9.7,9.71,10.07,9.8,9.27,8.97,9.59
VICI,Vici Properties,Real Estate,Hotel & Resort REITs,32.04,33.54,26.86,31.83,32.09,32.51,32.54,32.02,31.79,30.87
V,Visa Inc.,Financials,Transaction & Payment Processing Services,334.93,374.85,266.36,339.66,340.12,343.29,344.64,350.37,346.89,341.11
VST,Vistra Corp.,Utilities,Electric Utilities,201.62,219.82,90.3,207.42,208.71,200.88,199.25,185.15,171.67,162.83
VMC,Vulcan Materials Company,Materials,Construction Materials,294.76,302.21,214.34,296.57,295.46,294.6,286.44,275.81,268.91,264.34
WRB,W. R. Berkley Corporation,Financials,Property & Casualty Insurance,74.56,75.68,54.69,74.04,73.4,72.79,71.1,71.52,70.96,66.85
GWW,W. W. Grainger,Industrials,Industrial Machinery & Supplies & Components,951.71,1219.65,889.92,969.44,986.07,997.36,997.38,1028.12,1020.01,1030.19
WAB,Wabtec,Industrials,Construction Machinery & Heavy Transportation Equipment,194.52,215.82,151.42,193.6,190.88,191.55,193.87,198.87,194.31,193.61
WBA,Walgreens Boots Alliance,Consumer Staples,Drug Retail,11.98,13.25,7.98,11.98,12.03,11.93,11.67,11.39,11.33,10.81
WMT,Walmart,Consumer Staples,Consumer Staples Merchandise Retail,103.05,106.11,78.22,102.69,103.19,101.57,99.88,98.33,96.91,95.51
DIS,Walt Disney Company (The),Communication Services,Movies & Entertainment,112.99,124.69,79.76,113.0,114.28,116.01,117.18,115.96,110.46,109.7
WBD,Warner Bros. Discovery,Communication Services,Broadcasting,19.78,20.24,7.25,19.62,19.14,15.79,13.74,11.96,11.31,11.03
WM,Waste Management,Industrials,Environmental & Facilities Services,217.16,240.84,197.52,217.64,216.8,219.11,224.64,227.69,227.68,223.38
WAT,Waters Corporation,Health Care,Life Sciences Tools & Services,287.79,423.56,275.05,296.6,299.06,299.4,294.78,320.68,323.82,346.82
WEC,WEC Energy Group,Utilities,Electric Utilities,111.24,112.88,89.63,111.0,110.39,108.95,108.49,106.53,106.38,103.31
WFC,Wells Fargo,Financials,Diversified Banks,84.32,86.66,52.16,84.52,83.28,82.08,80.57,78.38,75.99,74.96
WELL,Welltower,Real Estate,Health Care REITs,171.7,173.22,120.11,169.57,168.35,168.23,165.68,158.28,155.82,148.79
WST,West Pharmaceutical Services,Health Care,Health Care Supplies,254.48,351.24,187.09,254.46,255.33,253.04,246.17,231.76,227.61,250.35
WDC,Western Digital,Information Technology,"Technology Hardware, Storage & Peripherals",107.21,113.76,28.74,109.24,105.54,97.34,83.24,69.65,63.27,57.43
WY,Weyerhaeuser,Real Estate,Timber REITs,24.17,33.04,23.71,24.3,24.52,25.02,25.37,25.65,25.69,26.93
WSM,"Williams-Sonoma, Inc.",Consumer Discretionary,Homefurnishing Retail,201.11,218.08,123.89,199.36,198.71,198.24,195.29,179.31,173.1,179.9
WMB,Williams Companies,Energy,Oil & Gas Storage & Transportation,63.31,63.43,43.05,61.57,60.24,58.79,58.05,58.33,58.09,56.97
WTW,Willis Towers Watson,Financials,Insurance Brokers,338.03,345.42,283.91,339.59,336.52,333.15,326.43,316.09,316.31,317.95
WDAY,"Workday, Inc.",Information Technology,Application Software,242.75,294.0,205.33,240.17,233.44,231.7,229.86,238.67,237.1,245.36
WYNN,Wynn Resorts,Consumer Discretionary,Casinos & Gaming,125.84,130.84,64.93,126.97,125.18,124.55,115.92,104.8,99.18,94.24
XEL,Xcel Energy,Utilities,Multi-Utilities,77.25,78.8,60.12,74.54,73.48,72.62,72.31,70.18,69.89,68.55
XYL,Xylem Inc.,Industrials,Industrial Machinery & Supplies & Components,141.45,144.93,99.87,142.49,141.96,141.24,139.75,133.22,129.09,126.53
YUM,Yum! Brands,Consumer Discretionary,Restaurants,150.41,161.72,120.38,148.85,148.41,147.12,145.98,145.52,145.8,143.61
ZBRA,Zebra Technologies,Information Technology,Electronic Equipment & Instruments,301.97,427.76,205.73,311.69,315.06,313.79,320.19,308.81,295.58,318.15
ZBH,Zimmer Biomet,Health Care,Health Care Equipment,96.97,114.14,88.99,99.61,100.14,102.41,100.26,96.71,98.01,101.11
ZTS,Zoetis,Health Care,Pharmaceuticals,141.13,195.14,138.77,143.19,145.19,148.82,150.32,155.37,154.82,158.98
