Symbol,Company,GICS_Sector,GICS_Sub_Industry,Current_Price,High_52_Week,Low_52_Week,SMA5,SMA10,SMA20,SMA50,SMA200,Score,Target_Pcnt,Target_Price,Stop_Loss
MMM,3M,Industrials,Industrial Conglomerates,153.03,159.47,122.31,154.88,155.6,155.31,153.59,145.28,0.0,3.84,158.91,151.72
AOS,A. O. Smith,Industrials,Building Products,71.4,88.84,59.04,72.18,72.65,72.48,71.84,67.8,0.2,4.4,74.54,70.42
ABT,Abbott Laboratories,Health Care,Health Care Equipment,133.31,138.95,110.09,135.15,134.23,133.09,130.7,128.0,0.2,2.43,136.55,129.64
ABBV,AbbVie,Health Care,Biotechnology,218.54,222.61,160.57,221.24,220.12,216.05,205.27,190.51,0.2,3.33,225.82,206.29
ACN,Accenture,Information Technology,IT Consulting & Other Services,232.56,394.31,232.56,237.37,238.08,245.5,254.79,308.58,-0.2,12.8,262.33,228.67
ADBE,Adobe Inc.,Information Technology,Application Software,354.16,552.96,333.65,359.84,357.79,354.47,355.55,397.85,0.0,3.86,367.83,341.11
AMD,Advanced Micro Devices,Information Technology,Semiconductors,161.27,184.42,78.21,160.05,159.75,159.43,165.39,127.04,0.0,3.62,167.11,151.75
AES,AES Corporation,Utilities,Independent Power Producers & Energy Traders,13.03,19.11,9.5,13.14,12.98,13.01,13.13,11.6,-0.2,4.14,13.57,12.45
AFL,Aflac,Financials,Life & Health Insurance,109.48,112.86,97.56,108.49,108.49,107.71,104.88,104.18,-0.2,0.47,109.99,105.42
A,Agilent Technologies,Health Care,Life Sciences Tools & Services,121.89,151.96,99.08,124.97,125.53,125.94,120.74,122.91,-0.3,6.09,129.31,122.57
APD,Air Products,Materials,Industrial Gases,265.78,333.89,247.03,278.46,284.26,287.66,290.43,289.46,0.0,13.82,302.51,272.81
ABNB,Airbnb,Consumer Discretionary,"Hotels, Resorts & Cruise Lines",121.75,161.42,105.69,124.16,123.41,124.58,128.18,130.4,0.2,6.6,129.79,119.37
AKAM,Akamai Technologies,Information Technology,Internet Services & Infrastructure,75.38,106.67,68.21,75.97,76.24,77.16,76.76,82.8,0.1,5.47,79.5,74.82
ALB,Albemarle Corporation,Materials,Specialty Chemicals,84.83,108.94,50.16,81.75,80.78,79.84,78.03,73.39,0.0,2.17,86.67,73.01
ARE,Alexandria Real Estate Equities,Real Estate,Office REITs,84.16,117.58,66.61,85.82,85.79,84.51,80.52,83.65,0.1,4.62,88.05,80.98
ALGN,Align Technology,Health Care,Health Care Supplies,124.88,254.81,124.88,128.93,130.11,133.46,149.6,180.77,-0.2,13.69,141.98,124.93
ALLE,Allegion,Industrials,Building Products,172.97,179.33,118.08,176.58,176.65,173.81,168.21,142.42,0.2,4.65,181.01,166.61
LNT,Alliant Energy,Utilities,Electric Utilities,65.2,66.97,54.87,64.78,64.47,64.5,64.88,61.33,-0.2,0.48,65.51,63.5
ALL,Allstate,Financials,Property & Casualty Insurance,209.82,212.57,177.81,207.89,203.6,203.14,201.96,196.42,0.0,0.62,211.12,195.17
GOOGL,Alphabet Inc. (Class A),Communication Services,Interactive Media & Services,245.79,254.72,144.4,250.37,249.7,239.14,213.99,184.33,0.2,8.34,266.29,212.0
GOOG,Alphabet Inc. (Class C),Communication Services,Interactive Media & Services,246.57,255.24,146.27,250.97,250.16,239.58,214.67,185.69,0.2,8.13,266.62,212.56
MO,Altria,Consumer Staples,Tobacco,65.19,66.6,45.73,64.77,64.86,65.16,63.38,56.57,-0.2,1.69,66.29,64.02
AMZN,Amazon,Consumer Discretionary,Broadline Retail,218.15,242.06,167.32,223.64,227.47,229.45,227.47,214.79,0.0,9.91,239.77,219.14
AMCR,Amcor,Materials,Paper & Plastic Packaging Products & Materials,7.97,10.94,7.97,8.11,8.21,8.28,8.87,9.28,0.0,7.78,8.59,7.97
AEE,Ameren,Utilities,Multi-Utilities,100.78,102.53,82.96,100.15,99.82,99.63,99.92,95.7,-0.2,0.41,101.19,98.08
AEP,American Electric Power,Utilities,Electric Utilities,107.86,114.06,87.97,107.8,107.83,108.55,110.12,102.55,-0.4,3.17,111.28,105.82
AXP,American Express,Financials,Consumer Finance,340.18,341.67,230.81,340.85,336.15,331.7,316.39,297.13,0.2,1.46,345.15,318.24
AIG,American International Group,Financials,Multi-line Insurance,77.1,86.75,68.89,77.04,77.14,78.35,79.04,78.87,-0.2,5.88,81.63,75.06
AMT,American Tower,Real Estate,Telecom Tower REITs,193.71,232.35,170.7,193.49,194.0,195.76,206.34,203.96,0.0,4.33,202.1,189.42
AWK,American Water Works,Utilities,Water Utilities,135.1,150.19,118.87,135.76,136.34,138.77,141.18,136.7,-0.2,6.92,144.45,133.08
AMP,Ameriprise Financial,Financials,Asset Management & Custody Banks,491.95,569.83,419.45,492.37,491.03,497.08,507.8,510.57,0.0,5.0,516.55,477.64
AME,Ametek,Industrials,Electrical Components & Equipment,184.39,196.08,150.9,186.71,187.5,187.18,184.26,179.11,0.0,3.58,190.99,183.36
AMGN,Amgen,Health Care,Biotechnology,271.18,321.88,252.22,281.72,278.3,280.61,288.27,283.84,0.2,7.15,290.57,270.65
APH,Amphenol,Information Technology,Electronic Components,122.33,125.4,58.9,123.7,121.56,117.19,111.25,84.96,0.2,4.64,128.01,106.38
ADI,Analog Devices,Information Technology,Semiconductors,247.53,254.62,163.21,247.12,246.52,247.37,238.88,219.28,-0.2,1.64,251.59,243.15
AON,Aon plc,Financials,Insurance Brokers,351.64,407.61,334.44,352.65,356.63,363.04,363.34,367.33,0.0,7.89,379.38,346.7
APA,APA Corporation,Energy,Oil & Gas Exploration & Production,24.34,25.74,13.62,23.97,23.82,23.36,21.24,19.83,0.0,2.01,24.83,21.9
APO,Apollo Global Management,Financials,Asset Management & Custody Banks,136.13,176.82,107.9,141.38,140.58,137.6,140.7,144.35,0.0,6.8,145.39,129.82
AAPL,Apple Inc.,Information Technology,"Technology Hardware, Storage & Peripherals",256.87,258.1,172.0,253.04,245.1,239.62,227.46,221.49,0.0,0.07,257.05,222.18
AMAT,Applied Materials,Information Technology,Semiconductor Materials & Equipment,199.6,211.69,126.23,198.51,187.27,174.63,177.04,168.03,-0.2,3.32,206.23,143.04
APTV,Aptiv,Consumer Discretionary,Automotive Parts & Equipment,84.72,85.46,47.92,85.18,84.29,82.57,75.78,66.04,0.0,2.6,86.92,78.21
ACGL,Arch Capital Group,Financials,Property & Casualty Insurance,89.57,109.22,84.99,89.04,89.03,90.21,89.73,91.49,-0.1,4.52,93.62,86.8
ADM,Archer Daniels Midland,Consumer Staples,Agricultural Products & Services,61.07,64.21,41.01,60.95,61.11,61.62,59.04,50.99,0.0,3.42,63.16,60.08
ANET,Arista Networks,Information Technology,Communications Equipment,143.06,153.04,64.37,144.96,144.13,142.85,133.14,105.7,0.0,6.31,152.09,133.61
AJG,Arthur J. Gallagher & Co.,Financials,Insurance Brokers,303.08,347.33,274.22,302.34,297.92,298.77,297.89,311.87,-0.1,1.32,307.08,290.46
AIZ,Assurant,Financials,Multi-line Insurance,216.0,225.29,178.36,212.9,211.0,212.27,204.42,202.16,0.0,1.13,218.44,206.1
T,AT&T,Communication Services,Integrated Telecommunication Services,28.3,29.62,20.53,28.67,29.06,29.16,28.53,26.38,0.0,5.72,29.92,28.39
ATO,Atmos Energy,Utilities,Gas Utilities,166.46,167.34,133.46,165.09,164.69,164.93,162.27,151.55,-0.2,0.78,167.76,162.11
ADSK,Autodesk,Information Technology,Application Software,320.17,326.79,238.84,323.12,321.66,320.15,304.5,291.58,0.2,4.94,335.99,304.32
ADP,Automatic Data Processing,Industrials,Human Resource & Employment Services,288.89,323.5,267.3,291.05,290.8,294.13,299.28,299.81,-0.2,4.78,302.7,285.57
AZO,AutoZone,Consumer Discretionary,Automotive Retail,4136.07,4354.54,2981.19,4138.86,4183.91,4209.89,4059.0,3676.77,-0.2,4.84,4336.26,4083.52
AVB,AvalonBay Communities,Real Estate,Multi-Family Residential REITs,191.57,232.03,182.72,192.94,193.11,193.45,193.22,204.87,0.1,2.85,197.03,189.88
AVY,Avery Dennison,Materials,Paper & Plastic Packaging Products & Materials,158.71,217.94,157.86,162.37,163.85,165.91,170.32,176.86,0.0,8.03,171.45,160.36
AXON,Axon Enterprise,Industrials,Aerospace & Defense,712.15,870.97,393.25,747.64,752.41,747.6,759.52,672.24,0.0,11.08,791.06,704.15
BKR,Baker Hughes,Energy,Oil & Gas Equipment & Services,50.1,50.1,34.01,48.78,47.77,46.79,44.73,41.59,0.2,-0.92,49.64,43.95
BALL,Ball Corporation,Materials,"Metal, Glass & Plastic Containers",48.47,66.93,44.6,48.62,49.22,50.08,53.24,52.94,-0.2,8.07,52.38,47.78
BAC,Bank of America,Financials,Diversified Banks,51.85,52.25,34.0,51.88,51.48,50.81,48.71,44.59,0.2,1.22,52.48,49.13
BAX,Baxter International,Health Care,Health Care Equipment,21.71,38.11,21.61,22.59,23.15,23.66,24.47,29.2,-0.4,15.8,25.14,22.17
BDX,Becton Dickinson,Health Care,Health Care Equipment,180.59,245.13,163.27,185.35,186.15,188.1,187.15,200.12,-0.3,7.06,193.34,182.86
BRK-B,Berkshire Hathaway,Financials,Multi-Sector Holdings,494.96,539.8,442.29,494.54,493.18,495.87,484.71,489.61,-0.3,2.03,505.01,486.71
BBY,Best Buy,Consumer Discretionary,Computer & Electronics Retail,74.19,98.27,54.69,73.19,73.48,74.19,70.81,72.99,-0.1,4.11,77.24,71.13
TECH,Bio-Techne,Health Care,Life Sciences Tools & Services,50.48,79.5,46.59,52.16,52.0,52.78,53.74,58.4,0.0,9.47,55.26,50.3
BIIB,Biogen,Health Care,Biotechnology,135.67,194.67,113.38,139.16,141.63,140.97,135.65,135.58,0.0,9.77,148.92,133.02
BLK,BlackRock,Financials,Asset Management & Custody Banks,1147.29,1154.71,807.61,1137.22,1131.24,1120.68,1119.45,1007.07,0.0,0.33,1151.08,1090.28
BX,Blackstone Inc.,Financials,Asset Management & Custody Banks,175.6,194.8,118.51,182.37,183.3,178.09,173.71,157.2,0.2,9.07,191.53,164.66
XYZ,"Block, Inc.",Financials,Transaction & Payment Processing Services,73.68,98.92,46.53,76.23,75.75,76.0,76.37,71.07,-0.2,8.17,79.7,72.3
BK,BNY Mellon,Financials,Asset Management & Custody Banks,109.08,109.46,69.2,108.8,107.79,106.33,103.37,88.55,0.0,0.79,109.94,102.73
BA,Boeing,Industrials,Aerospace & Defense,213.53,237.38,136.59,214.54,214.97,222.93,226.62,193.98,-0.2,12.52,240.26,205.6
BKNG,Booking Holdings,Consumer Discretionary,"Hotels, Resorts & Cruise Lines",5575.73,5805.92,4071.78,5502.38,5500.17,5524.96,5551.52,5144.06,0.0,1.07,5635.39,5414.36
BSX,Boston Scientific,Health Care,Health Care Equipment,98.14,108.14,83.08,97.75,98.7,102.64,103.9,100.89,-0.2,13.08,110.98,94.3
BMY,Bristol Myers Squibb,Health Care,Pharmaceuticals,43.41,61.62,43.31,44.5,45.31,46.23,46.72,51.05,0.0,11.79,48.53,43.92
AVGO,Broadcom,Information Technology,Semiconductors,336.1,368.94,145.7,339.5,346.99,336.18,311.93,241.52,0.2,13.11,380.16,292.2
BR,Broadridge Financial Solutions,Industrials,Data Processing & Outsourced Services,234.88,265.85,205.22,238.55,242.79,247.36,251.37,238.18,-0.2,10.53,259.61,235.12
BRO,Brown & Brown,Financials,Insurance Brokers,92.65,124.07,90.88,92.48,92.18,93.58,95.43,106.69,-0.2,4.77,97.07,90.08
BF-B,Brown–Forman,Consumer Staples,Distillers & Vintners,26.74,48.21,25.45,27.15,27.29,27.76,29.1,32.03,0.0,9.46,29.27,26.26
BLDR,Builders FirstSource,Industrials,Building Products,116.91,198.25,105.63,120.67,128.14,135.08,134.26,133.47,0.0,32.18,154.53,115.63
BG,Bunge Global,Consumer Staples,Agricultural Products & Services,79.39,95.58,67.23,78.63,79.91,81.44,80.53,77.02,0.2,8.1,85.82,77.06
BXP,"BXP, Inc.",Real Estate,Office REITs,75.36,86.01,56.05,75.82,76.72,75.4,70.6,68.59,0.2,5.29,79.35,71.45
CHRW,C.H. Robinson,Industrials,Air Freight & Logistics,133.84,137.09,85.99,134.29,134.31,131.01,120.19,102.96,0.0,3.24,138.18,123.85
CDNS,Cadence Design Systems,Information Technology,Application Software,351.06,373.37,231.64,364.21,357.72,354.4,349.21,304.4,0.2,6.32,373.25,335.54
CZR,Caesars Entertainment,Consumer Discretionary,Casinos & Gaming,25.91,45.55,23.18,25.99,25.83,25.93,26.43,29.41,0.0,4.36,27.04,24.82
CPT,Camden Property Trust,Real Estate,Multi-Family Residential REITs,106.05,123.69,104.05,107.48,107.62,109.04,109.3,113.46,0.0,6.12,112.54,105.54
CPB,Campbell's Company (The),Consumer Staples,Packaged Foods & Meats,32.21,47.73,30.28,33.27,33.25,33.14,32.65,35.62,-0.1,7.61,34.66,31.63
COF,Capital One,Financials,Consumer Finance,222.46,229.74,143.45,224.71,225.36,224.54,218.73,195.79,0.0,3.12,229.4,219.68
CAH,Cardinal Health,Health Care,Health Care Distributors,148.96,167.63,106.71,151.05,150.48,150.26,152.52,140.91,0.0,3.36,153.97,146.55
KMX,CarMax,Consumer Discretionary,Automotive Retail,45.6,89.19,45.6,55.36,57.64,59.24,58.96,70.53,0.1,44.82,66.04,52.43
CCL,Carnival,Consumer Discretionary,"Hotels, Resorts & Cruise Lines",30.48,32.49,16.43,30.56,30.94,31.33,30.47,25.17,0.0,6.53,32.47,30.19
CARR,Carrier Global,Industrials,Building Products,58.75,81.67,55.21,59.64,60.38,62.21,66.77,67.54,0.0,13.26,66.54,57.87
CAT,Caterpillar Inc.,Industrials,Construction Machinery & Heavy Transportation Equipment,463.72,472.1,271.63,468.68,456.92,439.64,429.84,369.65,0.2,3.73,481.02,398.24
CBOE,Cboe Global Markets,Financials,Financial Exchanges & Data,243.99,253.24,189.73,239.44,237.06,235.68,241.41,220.75,0.4,-0.77,242.11,229.24
CBRE,CBRE Group,Real Estate,Real Estate Services,156.3,165.9,113.94,160.65,162.57,162.44,157.57,138.45,-0.4,7.23,167.6,157.27
CDW,CDW Corporation,Information Technology,Technology Distributors,156.97,225.45,143.46,161.48,163.11,164.83,168.05,173.04,-0.2,9.11,171.27,158.4
COR,Cencora,Health Care,Health Care Distributors,298.82,308.36,217.68,297.68,295.22,295.23,292.55,272.94,0.0,2.44,306.11,284.36
CNC,Centene Corporation,Health Care,Managed Health Care,34.39,75.28,25.21,33.25,32.81,31.41,29.0,50.47,0.1,2.68,35.31,27.5
CNP,CenterPoint Energy,Utilities,Multi-Utilities,38.31,39.01,27.88,38.46,38.26,37.97,37.96,35.42,0.0,1.36,38.83,37.12
CF,CF Industries,Materials,Fertilizers & Agricultural Chemicals,89.71,101.88,67.67,87.85,86.35,86.02,87.41,85.28,-0.2,0.13,89.83,82.21
CRL,Charles River Laboratories,Health Care,Life Sciences Tools & Services,145.57,220.69,99.75,150.91,152.1,156.49,159.63,156.26,-0.2,14.87,167.22,145.76
SCHW,Charles Schwab Corporation,Financials,Investment Banking & Brokerage,94.78,98.69,62.55,93.96,93.19,94.01,95.42,84.62,-0.2,2.93,97.56,90.45
CHTR,Charter Communications,Communication Services,Cable & Satellite,270.57,427.25,256.57,265.94,264.51,263.75,281.77,349.52,0.4,-0.6,268.95,258.54
CVX,Chevron Corporation,Energy,Integrated Oil & Gas,160.72,164.65,130.67,157.92,158.25,157.93,154.88,147.7,0.0,0.95,162.25,153.62
CMG,Chipotle Mexican Grill,Consumer Discretionary,Restaurants,39.33,66.16,38.58,39.6,39.4,40.07,42.98,51.26,0.0,7.96,42.46,37.68
CB,Chubb Limited,Financials,Property & Casualty Insurance,278.3,301.45,256.04,275.87,275.03,276.29,273.72,278.98,-0.1,1.22,281.7,270.88
CHD,Church & Dwight,Consumer Staples,Household Products,85.84,112.48,85.84,87.38,89.67,91.82,93.15,99.86,-0.2,13.78,97.67,85.97
CI,Cigna,Health Care,Health Care Services,284.06,351.85,260.91,288.91,292.9,297.23,291.86,302.25,-0.1,8.78,309.0,285.46
CINF,Cincinnati Financial,Financials,Property & Casualty Insurance,154.42,156.48,125.14,154.66,154.47,153.74,151.63,143.68,-0.2,1.25,156.35,151.12
CTAS,Cintas,Industrials,Diversified Support Services,202.05,227.2,181.05,201.08,200.63,202.89,213.21,208.02,-0.2,3.41,208.94,196.83
CSCO,Cisco,Information Technology,Communications Equipment,67.85,71.79,51.12,67.73,67.55,67.72,68.13,62.87,0.0,1.95,69.17,66.28
C,Citigroup,Financials,Diversified Banks,102.11,103.49,57.29,102.59,101.7,99.09,95.89,79.34,0.2,2.68,104.85,93.33
CFG,Citizens Financial Group,Financials,Regional Banks,52.89,53.64,33.59,53.05,52.55,52.22,50.03,43.91,0.0,1.42,53.64,50.8
CLX,Clorox,Consumer Staples,Household Products,122.71,165.31,116.82,121.55,122.85,122.92,123.32,136.97,0.0,4.21,127.88,117.96
CME,CME Group,Financials,Financial Exchanges & Data,268.73,288.01,208.23,263.55,262.17,262.83,270.22,258.78,0.4,-0.2,268.19,257.47
CMS,CMS Energy,Utilities,Multi-Utilities,70.98,74.4,63.54,70.94,70.85,71.08,71.99,69.8,0.0,1.73,72.21,69.94
KO,Coca-Cola Company (The),Consumer Staples,Soft Drinks & Non-alcoholic Beverages,65.98,72.82,59.48,66.36,66.42,67.07,68.26,67.53,-0.2,4.03,68.64,65.5
CTSH,Cognizant,Information Technology,IT Consulting & Other Services,66.67,89.65,65.92,67.56,68.5,69.88,71.2,76.56,-0.2,9.91,73.28,66.47
COIN,Coinbase,Financials,Financial Exchanges & Data,306.69,419.78,151.47,324.59,326.46,317.48,332.58,273.42,0.0,11.87,343.09,291.87
CL,Colgate-Palmolive,Consumer Staples,Household Products,79.7,101.53,79.36,80.3,81.21,82.62,84.4,88.43,0.0,7.83,85.94,79.3
CMCSA,Comcast,Communication Services,Cable & Satellite,31.62,43.96,31.41,31.59,32.0,32.9,33.2,34.71,-0.2,10.28,34.87,30.92
CAG,Conagra Brands,Consumer Staples,Packaged Foods & Meats,18.08,30.87,18.08,18.33,18.61,18.89,18.97,22.63,-0.2,9.02,19.71,18.08
COP,ConocoPhillips,Energy,Oil & Gas Exploration & Production,96.81,111.14,81.29,93.97,93.64,94.4,94.26,93.72,0.2,2.29,99.03,89.76
ED,Consolidated Edison,Utilities,Multi-Utilities,98.35,111.42,85.77,97.73,97.15,97.36,100.06,99.25,0.0,0.73,99.07,95.65
STZ,Constellation Brands,Consumer Staples,Distillers & Vintners,132.65,252.91,131.78,132.84,133.99,141.55,158.04,177.05,0.0,20.05,159.25,123.84
CEG,Constellation Energy,Utilities,Electric Utilities,326.33,354.46,170.52,336.03,330.09,319.62,323.8,279.9,-0.2,5.93,345.68,293.57
COO,Cooper Companies (The),Health Care,Health Care Supplies,66.89,110.34,64.32,67.78,66.78,67.07,70.35,80.3,0.0,4.28,69.75,64.4
CPRT,Copart,Industrials,Diversified Support Services,44.89,63.84,44.89,45.36,46.14,47.42,47.09,53.74,-0.1,12.43,50.47,44.36
GLW,Corning Inc.,Information Technology,Electronic Components,79.13,81.0,38.69,79.75,78.9,74.92,67.09,52.68,0.0,6.02,83.89,65.94
CPAY,Corpay,Financials,Transaction & Payment Processing Services,292.18,389.55,283.07,297.65,302.27,309.52,317.55,336.86,0.0,12.25,327.97,291.07
CTVA,Corteva,Materials,Fertilizers & Agricultural Chemicals,67.08,76.93,54.65,69.36,70.23,71.6,72.08,66.03,-0.2,12.37,75.38,67.81
CSGP,CoStar Group,Real Estate,Real Estate Services,83.09,96.83,69.29,85.17,86.69,87.54,89.65,80.28,-0.2,9.7,91.15,83.93
COST,Costco,Consumer Staples,Consumer Staples Merchandise Retail,943.31,1073.97,869.13,945.32,952.21,954.5,956.32,973.8,0.0,3.48,976.14,932.86
CTRA,Coterra,Energy,Oil & Gas Exploration & Production,23.7,29.06,21.94,23.46,23.89,24.07,23.86,25.3,0.1,5.15,24.92,23.21
CRWD,CrowdStrike,Information Technology,Systems Software,473.09,514.1,275.15,485.84,470.32,446.78,444.61,417.59,0.2,7.06,506.49,387.06
CCI,Crown Castle,Real Estate,Telecom Tower REITs,93.98,112.8,81.15,93.98,93.91,94.5,100.18,96.16,-0.2,3.5,97.27,91.74
CSX,CSX Corporation,Industrials,Rail Transportation,33.78,36.37,26.47,33.57,33.15,32.79,34.14,31.82,0.2,0.41,33.92,31.65
CMI,Cummins,Industrials,Construction Machinery & Heavy Transportation Equipment,414.04,426.39,264.26,420.93,418.28,408.99,390.65,345.69,0.2,3.98,430.52,387.44
CVS,CVS Health,Health Care,Health Care Services,74.61,76.5,42.33,75.51,74.79,73.93,68.62,62.25,0.0,2.9,76.77,71.1
DHR,Danaher Corporation,Health Care,Life Sciences Tools & Services,181.46,276.83,174.36,188.17,189.81,194.62,199.26,205.76,-0.4,14.17,207.17,182.06
DRI,Darden Restaurants,Consumer Discretionary,Restaurants,187.02,224.21,152.57,186.02,196.64,203.21,204.6,198.42,0.0,20.16,224.72,181.7
DDOG,Datadog,Information Technology,Application Software,136.6,168.65,87.0,137.57,136.86,136.83,136.57,127.04,0.2,3.62,141.54,132.1
DVA,DaVita,Health Care,Health Care Services,130.27,177.35,127.69,131.61,131.05,133.37,136.46,146.0,0.0,6.79,139.12,127.62
DAY,Dayforce,Industrials,Human Resource & Employment Services,68.85,81.8,49.33,68.81,68.84,69.08,63.11,62.37,0.2,1.37,69.79,68.37
DECK,Deckers Brands,Consumer Discretionary,Footwear,105.83,223.11,95.32,111.22,114.61,116.96,110.76,133.62,-0.1,18.75,125.67,108.26
DE,Deere & Company,Industrials,Agricultural & Farm Machinery,466.7,529.8,385.39,469.19,469.95,473.45,490.76,478.22,0.0,3.87,484.76,462.12
DELL,Dell Technologies,Information Technology,"Technology Hardware, Storage & Peripherals",130.96,142.14,70.88,133.0,130.7,127.69,130.4,112.22,-0.2,4.41,136.74,118.65
DAL,Delta Air Lines,Industrials,Passenger Airlines,56.74,68.45,35.65,58.37,58.63,59.92,57.9,54.38,0.0,10.87,62.91,56.93
DVN,Devon Energy,Energy,Oil & Gas Exploration & Production,35.76,41.79,26.43,34.63,34.68,34.89,33.9,33.19,0.0,1.45,36.28,33.51
DXCM,Dexcom,Health Care,Health Care Equipment,68.3,90.75,59.83,68.19,72.15,74.74,78.78,79.77,-0.2,21.54,83.01,66.47
FANG,Diamondback Energy,Energy,Oil & Gas Exploration & Production,145.79,194.36,117.58,142.22,140.2,141.26,142.04,146.51,-0.2,2.78,149.84,132.68
DLR,Digital Realty,Real Estate,Data Center REITs,171.36,190.11,134.22,172.85,172.79,168.84,169.91,164.79,0.0,4.65,179.33,158.34
DG,Dollar General,Consumer Staples,Consumer Staples Merchandise Retail,102.85,116.32,67.66,103.0,104.12,106.23,109.13,93.0,-0.2,8.76,111.86,100.61
DLTR,Dollar Tree,Consumer Staples,Consumer Staples Merchandise Retail,94.03,117.16,61.21,94.86,96.06,99.55,108.12,87.18,-0.2,17.14,110.15,88.94
D,Dominion Energy,Utilities,Multi-Utilities,59.67,61.39,48.51,60.3,60.08,59.42,59.4,55.05,0.0,2.6,61.22,57.62
DPZ,Domino's,Consumer Discretionary,Restaurants,422.75,493.69,397.61,425.12,433.66,445.94,452.18,454.02,-0.2,12.53,475.72,416.17
DASH,DoorDash,Consumer Discretionary,Specialized Consumer Services,262.08,270.99,141.68,263.32,262.31,256.45,252.07,209.5,0.0,3.42,271.04,241.85
DOV,Dover Corporation,Industrials,Industrial Machinery & Supplies & Components,165.59,204.71,150.28,168.71,170.53,173.91,177.96,182.14,-0.2,9.87,181.93,165.88
DOW,Dow Inc.,Materials,Commodity Chemicals,22.2,51.44,20.57,22.97,23.72,23.99,23.99,30.51,-0.2,14.37,25.39,22.58
DHI,D. R. Horton,Consumer Discretionary,Homebuilding,165.0,192.41,114.44,166.25,169.25,172.54,161.53,138.05,0.2,11.38,183.78,161.32
DTE,DTE Energy,Utilities,Multi-Utilities,137.66,140.36,113.22,137.24,136.26,135.57,136.87,129.92,-0.2,0.37,138.17,132.96
DUK,Duke Energy,Utilities,Electric Utilities,122.32,124.85,102.96,122.34,121.78,121.58,121.65,115.37,-0.2,0.96,123.49,119.66
DD,DuPont,Materials,Specialty Chemicals,74.55,87.69,54.51,76.84,77.06,76.98,74.91,72.73,0.0,5.85,78.91,75.06
EMN,Eastman Chemical Company,Materials,Specialty Chemicals,61.31,109.24,58.06,63.77,64.88,66.15,67.43,80.27,-0.2,14.08,69.94,62.36
ETN,Eaton Corporation,Industrials,Electrical Components & Equipment,364.74,391.62,244.95,371.66,370.55,360.7,363.99,327.56,0.0,5.06,383.2,338.23
EBAY,eBay Inc.,Consumer Discretionary,Broadline Retail,93.11,100.46,56.61,91.85,90.88,91.34,90.73,73.85,0.0,0.97,94.01,88.68
ECL,Ecolab,Materials,Specialty Chemicals,267.25,284.78,224.56,266.53,266.88,270.24,271.52,256.64,0.0,4.26,278.63,261.85
EIX,Edison International,Utilities,Electric Utilities,54.05,84.75,47.56,54.87,55.27,55.18,54.45,56.41,-0.1,4.9,56.7,53.67
EW,Edwards Lifesciences,Health Care,Health Care Equipment,75.27,81.83,64.54,74.53,75.11,77.74,78.4,74.72,-0.2,10.89,83.47,72.02
EA,Electronic Arts,Communication Services,Interactive Home Entertainment,168.32,178.81,116.08,171.25,171.92,170.62,166.26,149.15,0.0,4.19,175.37,165.87
ELV,Elevance Health,Health Care,Managed Health Care,316.7,517.89,273.17,319.68,315.13,313.86,300.77,368.23,-0.1,2.73,325.35,302.36
EMR,Emerson Electric,Industrials,Electrical Components & Equipment,130.11,149.04,93.37,131.73,132.14,132.52,135.89,123.4,-0.2,4.93,136.52,128.52
ENPH,Enphase Energy,Information Technology,Semiconductor Materials & Equipment,37.08,116.69,30.11,38.27,38.31,37.99,36.26,50.78,-0.1,7.63,39.91,36.07
ETR,Entergy,Utilities,Electric Utilities,90.33,91.59,62.67,90.14,89.54,88.72,88.73,82.57,-0.2,1.16,91.38,86.05
EOG,EOG Resources,Energy,Oil & Gas Exploration & Production,117.3,134.72,102.81,116.22,117.58,119.32,119.02,119.58,0.1,6.79,125.26,113.37
EPAM,EPAM Systems,Information Technology,IT Consulting & Other Services,149.99,267.63,143.33,154.62,154.76,161.24,162.36,188.99,0.0,18.71,178.05,144.43
EQT,EQT Corporation,Energy,Oil & Gas Exploration & Production,53.93,60.26,34.7,51.42,50.74,51.1,51.95,51.67,0.2,-0.76,53.52,48.68
EFX,Equifax,Industrials,Research & Consulting Services,251.77,298.21,204.69,256.27,257.81,251.99,248.4,252.24,-0.1,6.51,268.16,235.82
EQIX,Equinix,Real Estate,Data Center REITs,782.88,968.75,731.64,793.05,788.9,783.0,781.17,843.42,0.1,2.77,804.57,761.43
EQR,Equity Residential,Real Estate,Multi-Family Residential REITs,63.74,75.24,61.2,64.98,65.09,65.46,65.14,67.8,0.1,5.43,67.2,63.71
ERIE,Erie Indemnity,Financials,Insurance Brokers,312.95,537.71,312.95,316.71,320.47,329.2,347.03,376.59,-0.2,12.52,352.13,306.26
ESS,Essex Property Trust,Real Estate,Multi-Family Residential REITs,263.66,308.41,252.08,266.01,266.22,266.1,267.33,279.05,0.0,2.8,271.04,261.15
EL,Estée Lauder Companies (The),Consumer Staples,Personal Care Products,83.99,98.93,49.61,86.42,86.78,88.09,89.17,74.84,0.0,10.05,92.43,83.75
EG,Everest Group,Financials,Reinsurance,345.21,400.34,324.54,339.78,338.71,340.83,337.04,344.56,-0.1,1.76,351.29,330.4
EVRG,Evergy,Utilities,Electric Utilities,73.51,73.71,56.74,73.0,72.41,71.91,71.22,66.28,0.0,0.03,73.53,70.29
ES,Eversource Energy,Utilities,Electric Utilities,68.5,69.42,52.98,68.19,65.91,64.5,64.73,60.58,0.0,0.91,69.12,59.89
EXC,Exelon,Utilities,Electric Utilities,43.78,46.54,35.25,43.81,43.49,43.44,43.91,42.29,0.0,0.85,44.15,42.73
EXE,Expand Energy,Energy,Oil & Gas Exploration & Production,104.38,120.67,75.76,100.99,99.28,97.79,97.72,102.75,0.1,-1.48,102.84,92.75
EXPE,Expedia Group,Consumer Discretionary,"Hotels, Resorts & Cruise Lines",215.19,228.24,136.05,220.04,222.27,219.0,204.47,181.04,0.2,5.93,227.95,210.04
EXPD,Expeditors International,Industrials,Air Freight & Logistics,121.23,129.72,102.14,120.59,122.45,121.87,119.22,114.78,0.0,3.16,125.06,118.68
EXR,Extra Space Storage,Real Estate,Self-Storage REITs,137.71,174.4,123.86,138.37,141.04,142.04,141.12,144.29,0.1,7.07,147.45,136.62
XOM,ExxonMobil,Energy,Integrated Oil & Gas,115.59,121.0,98.11,113.79,113.73,112.92,110.17,107.8,0.2,0.63,116.32,109.52
FFIV,"F5, Inc.",Information Technology,Communications Equipment,324.0,334.59,213.57,326.41,325.72,322.1,315.95,286.64,0.2,3.82,336.38,307.83
FDS,FactSet,Financials,Financial Exchanges & Data,283.86,490.93,283.86,288.64,313.19,342.03,373.07,429.46,0.0,45.35,412.59,271.48
FICO,Fair Isaac,Information Technology,Application Software,1548.36,2382.4,1311.26,1528.49,1536.92,1534.27,1465.56,1776.75,-0.1,2.15,1581.65,1486.93
FAST,Fastenal,Industrials,Trading Companies & Distributors,47.85,50.39,33.91,47.62,47.49,48.15,47.91,41.08,-0.2,4.81,50.15,46.16
FRT,Federal Realty Investment Trust,Real Estate,Retail REITs,99.09,113.73,82.59,99.5,99.97,100.36,96.91,98.1,-0.3,3.28,102.34,98.39
FDX,FedEx,Industrials,Air Freight & Logistics,236.42,298.15,195.55,233.15,230.1,228.12,227.99,236.65,0.3,-0.46,235.33,220.91
FIS,Fidelity National Information Services,Financials,Transaction & Payment Processing Services,63.79,89.09,63.37,64.21,65.46,66.83,71.44,75.27,-0.2,10.3,70.36,63.3
FITB,Fifth Third Bancorp,Financials,Regional Banks,45.28,47.14,33.02,45.32,45.47,45.54,43.81,40.95,0.2,2.19,46.27,44.81
FSLR,First Solar,Information Technology,Semiconductors,223.05,255.75,120.38,217.93,212.39,206.69,195.32,166.76,0.4,-0.42,222.11,191.26
FE,FirstEnergy,Utilities,Electric Utilities,44.24,44.24,37.17,43.73,43.6,43.52,42.94,40.47,0.4,-0.36,44.08,42.97
FI,Fiserv,Financials,Transaction & Payment Processing Services,128.66,237.79,128.66,130.27,131.81,133.91,138.3,183.25,-0.2,8.27,139.3,128.52
F,Ford Motor Company,Consumer Discretionary,Automobile Manufacturers,11.62,11.91,8.45,11.65,11.66,11.66,11.41,10.2,0.0,1.81,11.83,11.49
FTNT,Fortinet,Information Technology,Systems Software,83.21,114.57,74.39,84.26,82.3,80.52,86.3,97.21,-0.2,2.87,85.6,75.44
FTV,Fortive,Industrials,Industrial Machinery & Supplies & Components,47.67,62.39,46.49,48.24,48.42,48.12,48.54,53.66,0.2,3.44,49.31,46.92
FOXA,Fox Corporation (Class A),Communication Services,Broadcasting,60.23,62.48,40.96,61.01,59.86,59.87,57.91,53.6,0.0,4.22,62.77,56.97
FOX,Fox Corporation (Class B),Communication Services,Broadcasting,54.46,56.81,37.61,54.95,54.02,54.23,52.76,49.61,0.0,4.46,56.89,51.56
BEN,Franklin Resources,Financials,Asset Management & Custody Banks,23.4,26.03,16.43,23.93,24.15,24.65,24.82,21.42,-0.2,10.9,25.95,23.34
FCX,Freeport-McMoRan,Materials,Copper,35.34,51.16,28.93,41.69,43.41,44.39,43.28,39.81,0.2,41.14,49.88,38.91
GRMN,Garmin,Consumer Discretionary,Consumer Electronics,236.7,240.92,159.13,236.41,236.4,236.97,232.57,212.96,-0.2,1.72,240.77,233.18
IT,Gartner,Information Technology,IT Consulting & Other Services,262.4,551.8,225.98,259.94,255.18,249.9,272.47,409.27,0.2,1.1,265.29,234.52
GE,GE Aerospace,Industrials,Aerospace & Defense,297.18,305.63,159.16,301.05,295.33,286.73,276.33,224.03,0.2,3.33,307.08,266.37
GEHC,GE HealthCare,Health Care,Health Care Equipment,71.5,93.69,58.69,73.95,75.21,75.21,74.47,76.87,0.1,11.08,79.42,71.0
GEV,GE Vernova,Industrials,Heavy Electrical Equipment,607.52,664.55,249.37,627.69,623.64,615.21,621.43,446.69,-0.2,7.74,654.54,575.89
GEN,Gen Digital,Information Technology,Systems Software,28.5,32.03,23.31,28.87,28.84,29.26,29.94,28.09,0.0,6.18,30.26,28.27
GNRC,Generac,Industrials,Electrical Components & Equipment,164.26,202.85,101.92,173.31,178.56,180.53,181.37,148.28,-0.4,18.11,194.01,167.04
GD,General Dynamics,Industrials,Aerospace & Defense,324.43,329.62,239.38,323.6,324.74,324.3,317.66,279.94,0.0,1.11,328.03,320.57
GIS,General Mills,Consumer Staples,Packaged Foods & Meats,49.43,71.65,48.44,50.3,49.9,49.86,49.79,55.09,0.1,3.4,51.11,48.6
GM,General Motors,Consumer Discretionary,Automobile Manufacturers,60.59,60.59,42.24,59.39,59.08,58.61,56.01,50.61,0.2,-0.91,60.04,57.18
GPC,Genuine Parts Company,Consumer Discretionary,Distributors,136.26,142.77,103.92,137.76,138.59,138.68,135.16,122.64,0.2,4.4,142.26,135.11
GILD,Gilead Sciences,Health Care,Biotechnology,110.99,119.64,79.83,113.13,112.87,113.23,113.6,105.1,0.0,4.76,116.27,110.19
GPN,Global Payments,Financials,Transaction & Payment Processing Services,84.9,118.08,67.06,86.32,85.68,86.31,84.76,90.72,-0.1,4.39,88.63,84.0
GL,Globe Life,Financials,Life & Health Insurance,143.03,146.55,102.81,144.71,143.56,142.0,138.39,124.35,0.0,2.13,146.08,137.94
GDDY,GoDaddy,Information Technology,Internet Services & Infrastructure,141.19,214.35,133.35,144.01,144.53,145.5,150.49,177.51,-0.2,6.01,149.68,141.32
GS,Goldman Sachs,Financials,Investment Banking & Brokerage,794.76,806.32,457.48,800.81,795.5,772.8,742.24,628.95,0.2,3.87,825.52,720.12
HAL,Halliburton,Energy,Oil & Gas Equipment & Services,24.66,31.1,18.96,23.7,22.95,22.58,21.93,23.1,-0.1,-1.58,24.27,20.9
HIG,Hartford (The),Financials,Property & Casualty Insurance,131.57,134.7,105.0,131.38,131.26,131.67,128.9,120.57,-0.2,1.72,133.83,129.52
HAS,Hasbro,Consumer Discretionary,Leisure Products,74.56,81.85,49.75,74.69,75.13,77.43,77.56,65.46,-0.2,10.76,82.58,72.29
HCA,HCA Healthcare,Health Care,Health Care Facilities,414.89,420.02,294.93,410.1,405.76,406.82,387.25,350.75,0.0,1.28,420.2,393.42
DOC,Healthpeak Properties,Real Estate,Health Care REITs,18.54,21.7,16.44,18.61,18.39,18.16,17.66,18.25,0.1,1.46,18.81,17.51
HSIC,Henry Schein,Health Care,Health Care Distributors,65.64,81.91,62.7,67.68,68.05,68.21,68.56,70.8,-0.2,6.83,70.12,66.3
HSY,Hershey Company (The),Consumer Staples,Packaged Foods & Meats,185.26,193.45,141.22,189.88,189.36,187.25,183.66,168.34,0.2,4.61,193.8,180.69
HPE,Hewlett Packard Enterprise,Information Technology,"Technology Hardware, Storage & Peripherals",24.21,25.24,12.35,24.7,24.7,24.02,22.17,19.49,0.2,6.44,25.77,22.26
HLT,Hilton Worldwide,Consumer Discretionary,"Hotels, Resorts & Cruise Lines",261.28,278.5,201.05,264.67,267.59,271.68,270.07,252.22,0.0,8.01,282.21,261.15
HOLX,Hologic,Health Care,Health Care Equipment,65.79,83.72,52.73,66.69,66.15,66.32,66.64,64.92,0.4,4.59,68.81,63.83
HD,Home Depot (The),Consumer Discretionary,Home Improvement Retail,407.45,423.6,331.29,411.16,415.72,413.94,396.31,379.01,-0.2,4.7,426.6,401.26
HON,Honeywell,Industrials,Industrial Conglomerates,207.7,239.16,180.99,208.8,210.0,212.89,218.28,216.33,-0.2,5.97,220.1,205.69
HRL,Hormel Foods,Consumer Staples,Packaged Foods & Meats,24.41,32.6,24.31,24.54,24.74,25.04,27.25,29.12,0.0,5.65,25.79,24.28
HST,Host Hotels & Resorts,Real Estate,Hotel & Resort REITs,17.32,18.25,12.54,17.34,17.48,17.43,16.63,15.82,0.2,2.71,17.79,17.08
HWM,Howmet Aerospace,Industrials,Aerospace & Defense,189.85,193.58,98.93,191.21,189.57,183.89,181.93,150.62,0.2,3.7,196.87,170.92
HPQ,HP Inc.,Information Technology,"Technology Hardware, Storage & Peripherals",26.85,37.77,21.42,27.86,27.89,28.22,26.71,27.81,-0.5,8.94,29.25,27.2
HUBB,Hubbell Incorporated,Industrials,Industrial Machinery & Supplies & Components,420.44,466.13,313.96,433.35,435.11,436.29,433.07,397.45,0.0,6.74,448.78,423.8
HUM,Humana,Health Care,Managed Health Care,254.43,315.37,220.41,257.05,264.37,281.14,269.48,259.8,0.0,26.91,322.9,239.39
HBAN,Huntington Bancshares,Financials,Regional Banks,17.32,17.87,12.26,17.42,17.49,17.52,16.91,15.84,0.0,2.89,17.82,17.22
HII,Huntington Ingalls Industries,Industrials,Aerospace & Defense,271.25,277.51,156.78,275.21,274.41,272.7,267.69,221.4,0.0,2.55,278.17,267.24
IBM,IBM,Information Technology,IT Consulting & Other Services,281.44,292.8,199.27,271.8,265.03,257.49,254.29,249.5,0.2,-1.05,278.48,236.51
IEX,IDEX Corporation,Industrials,Industrial Machinery & Supplies & Components,159.28,233.54,157.53,160.01,160.73,162.05,166.52,183.82,0.0,4.29,166.11,158.0
IDXX,Idexx Laboratories,Health Care,Health Care Equipment,618.17,682.78,361.04,638.8,642.11,643.18,620.68,499.29,-0.2,6.99,661.38,624.95
ITW,Illinois Tool Works,Industrials,Industrial Machinery & Supplies & Components,257.89,273.51,217.09,260.28,261.66,263.01,261.16,252.17,0.0,3.78,267.64,258.38
INCY,Incyte,Health Care,Biotechnology,81.66,86.96,55.17,84.32,84.26,85.02,81.04,70.55,-0.4,7.54,87.82,82.23
IR,Ingersoll Rand,Industrials,Industrial Machinery & Supplies & Components,80.5,105.27,66.72,81.23,80.22,79.93,80.79,83.69,-0.2,2.53,82.54,77.33
PODD,Insulet Corporation,Health Care,Health Care Equipment,323.58,352.82,227.79,328.86,331.42,337.65,317.21,288.78,-0.2,9.57,354.55,320.74
INTC,Intel,Information Technology,Semiconductors,33.99,33.99,18.13,30.58,28.25,26.37,23.89,21.94,0.2,-5.21,32.22,20.52
IBKR,Interactive Brokers,Financials,Investment Banking & Brokerage,64.97,67.54,33.57,64.83,63.99,63.31,63.59,52.19,-0.2,1.69,66.07,60.56
ICE,Intercontinental Exchange,Financials,Financial Exchanges & Data,167.28,187.92,141.62,168.66,170.33,172.35,178.25,169.16,0.0,6.18,177.62,167.08
IFF,International Flavors & Fragrances,Materials,Specialty Chemicals,60.3,104.49,60.3,62.19,63.26,64.65,67.65,76.12,-0.2,13.25,68.29,61.01
IP,International Paper,Materials,Paper & Plastic Packaging Products & Materials,45.32,58.45,43.05,46.11,46.24,47.13,48.33,49.84,0.0,9.44,49.6,44.66
IPG,Interpublic Group of Companies (The),Communication Services,Advertising,25.93,30.52,22.33,25.89,26.08,26.33,25.7,25.49,0.0,4.67,27.14,25.53
INTU,Intuit,Information Technology,Application Software,692.68,807.39,542.39,695.33,676.3,671.46,712.9,664.27,-0.2,1.51,703.14,639.81
ISRG,Intuitive Surgical,Health Care,Health Care Equipment,438.12,610.45,433.66,442.63,440.08,451.15,471.83,520.44,0.0,9.33,479.0,423.3
IVZ,Invesco,Financials,Asset Management & Custody Banks,22.36,22.65,11.86,22.41,22.37,22.2,21.4,17.08,0.2,1.74,22.75,21.64
INVH,Invitation Homes,Real Estate,Single-Family Residential REITs,28.9,35.16,28.9,29.43,29.57,30.0,30.58,31.98,0.0,7.68,31.12,28.88
IQV,IQVIA,Health Care,Life Sciences Tools & Services,176.69,239.57,137.0,183.89,185.63,186.39,186.04,177.2,0.0,9.23,193.0,179.79
IRM,Iron Mountain,Real Estate,Other Specialized REITs,100.8,124.18,75.72,102.09,100.49,96.48,94.83,95.13,0.1,5.35,106.19,86.77
JBHT,J.B. Hunt,Industrials,Cargo Ground Transportation,132.4,195.43,123.94,132.08,134.21,138.6,142.38,150.41,0.0,12.27,148.65,128.55
JBL,Jabil,Information Technology,Electronic Manufacturing Services,210.2,234.45,112.64,225.5,220.79,214.72,217.09,174.61,0.0,10.6,232.48,196.95
JKHY,Jack Henry & Associates,Financials,Transaction & Payment Processing Services,148.45,189.99,148.45,150.68,154.53,158.04,163.75,172.25,-0.2,12.75,167.38,148.69
J,Jacobs Solutions,Industrials,Construction & Engineering,146.28,151.85,109.18,148.28,147.79,146.54,145.33,131.48,0.2,2.86,150.46,142.61
JNJ,Johnson & Johnson,Health Care,Pharmaceuticals,177.73,178.76,138.72,176.28,176.47,177.0,173.14,157.05,0.0,1.05,179.6,174.4
JCI,Johnson Controls,Industrials,Building Products,105.77,111.73,70.88,107.72,107.68,107.3,106.95,92.34,0.0,3.43,109.4,105.2
JPM,JPMorgan Chase,Financials,Diversified Banks,313.45,314.78,200.72,313.37,311.68,305.68,298.3,264.85,0.2,1.83,319.19,292.17
K,Kellanova,Consumer Staples,Packaged Foods & Meats,77.07,81.71,76.96,77.09,78.02,78.64,79.09,80.04,0.0,4.54,80.57,76.71
KVUE,Kenvue,Consumer Staples,Personal Care Products,16.17,24.0,16.17,17.12,17.74,18.68,20.42,21.52,0.0,31.79,21.31,16.05
KDP,Keurig Dr Pepper,Consumer Staples,Soft Drinks & Non-alcoholic Beverages,25.75,36.82,25.75,26.31,26.7,27.58,31.2,32.4,0.2,15.57,29.76,25.39
KEY,KeyCorp,Financials,Regional Banks,18.81,19.23,12.92,18.82,18.85,18.97,18.43,16.7,0.0,2.82,19.34,18.6
KEYS,Keysight Technologies,Information Technology,Electronic Equipment & Instruments,172.33,185.11,127.02,176.12,174.51,171.0,166.86,161.56,0.4,4.42,179.95,162.06
KMB,Kimberly-Clark,Consumer Staples,Household Products,121.72,144.6,121.02,123.63,124.78,126.67,128.5,130.85,-0.4,7.96,131.41,121.94
KIM,Kimco Realty,Real Estate,Retail REITs,21.48,24.65,18.27,21.74,21.97,22.16,21.66,21.19,-0.2,6.1,22.79,21.54
KMI,Kinder Morgan,Energy,Oil & Gas Storage & Transportation,27.93,30.24,20.76,27.56,27.52,27.2,27.09,27.01,0.0,0.47,28.06,26.34
KKR,KKR & Co.,Financials,Asset Management & Custody Banks,135.66,166.38,92.52,143.34,144.28,141.46,143.22,133.55,-0.2,10.95,150.51,132.42
KLAC,KLA Corporation,Information Technology,Semiconductor Materials & Equipment,1059.1,1071.25,573.9,1063.01,1029.51,962.42,926.26,783.78,0.0,5.36,1115.87,808.92
KHC,Kraft Heinz,Consumer Staples,Packaged Foods & Meats,25.81,34.07,25.24,26.38,26.14,26.53,27.06,27.77,0.0,7.28,27.69,25.37
KR,Kroger,Consumer Staples,Food Retail,65.49,73.97,54.1,65.3,66.19,66.98,69.38,66.39,-0.2,5.74,69.25,64.7
LHX,L3Harris,Industrials,Aerospace & Defense,289.24,289.24,191.79,285.54,283.76,279.04,274.31,233.78,0.0,0.23,289.91,268.17
LH,Labcorp,Health Care,Health Care Services,276.14,279.94,209.65,278.32,277.23,276.75,269.42,248.19,0.2,1.72,280.89,272.62
LRCX,Lam Research,Information Technology,Semiconductor Materials & Equipment,128.13,131.94,58.83,129.35,125.04,114.22,105.55,86.13,0.0,7.81,138.14,90.29
LW,Lamb Weston,Consumer Staples,Packaged Foods & Meats,52.83,80.72,47.73,54.39,55.43,56.13,55.18,55.76,-0.1,11.17,58.73,53.54
LVS,Las Vegas Sands,Consumer Discretionary,Casinos & Gaming,53.06,57.71,30.35,53.17,53.02,54.19,53.18,45.43,0.2,8.16,57.39,50.98
LDOS,Leidos,Industrials,Diversified Support Services,182.36,199.29,125.82,186.44,185.19,182.47,175.55,152.63,-0.2,3.86,189.4,175.54
LEN,Lennar,Consumer Discretionary,Homebuilding,124.02,180.59,101.84,124.44,129.29,133.12,126.55,120.3,0.0,16.75,144.79,121.45
LII,Lennox International,Industrials,Building Products,516.18,674.16,506.5,528.55,537.71,549.36,583.2,586.73,-0.4,12.71,581.79,516.92
LLY,Lilly (Eli),Health Care,Pharmaceuticals,714.59,925.78,624.28,742.07,750.17,745.48,735.21,781.68,-0.3,7.88,770.9,720.09
LIN,Linde plc,Materials,Industrial Gases,473.78,483.59,408.92,476.92,477.07,475.86,473.07,454.8,0.0,2.09,483.68,468.04
LYV,Live Nation Entertainment,Communication Services,Movies & Entertainment,161.99,174.06,106.95,163.41,166.76,166.96,160.2,143.14,-0.2,7.91,174.8,159.12
LKQ,LKQ Corporation,Consumer Discretionary,Distributors,29.98,43.02,28.96,30.35,30.94,31.64,31.66,36.95,0.0,11.37,33.39,29.89
LMT,Lockheed Martin,Industrials,Aerospace & Defense,484.34,597.79,407.77,482.12,477.62,467.72,446.5,457.05,-0.1,1.37,490.98,444.49
L,Loews Corporation,Financials,Multi-line Insurance,99.02,99.26,76.27,98.04,97.45,97.06,94.88,88.66,0.2,-0.1,98.92,95.2
LOW,Lowe's,Consumer Discretionary,Home Improvement Retail,255.53,278.66,209.46,259.65,264.82,264.94,249.86,237.9,-0.2,8.19,276.46,253.42
LULU,Lululemon Athletica,Consumer Discretionary,"Apparel, Accessories & Luxury Goods",172.01,421.16,159.87,173.52,168.3,176.32,193.75,289.88,-0.2,20.88,207.93,144.71
LYB,LyondellBasell,Materials,Specialty Chemicals,48.98,89.15,47.21,50.77,52.05,53.55,54.67,61.62,-0.2,17.35,57.48,49.62
MTB,M&T Bank,Financials,Regional Banks,198.79,215.8,154.27,199.96,198.95,199.17,194.31,185.56,0.0,1.77,202.31,196.03
MPC,Marathon Petroleum,Energy,Oil & Gas Refining & Marketing,196.44,196.44,117.23,190.62,186.6,183.59,174.06,154.77,0.2,-1.64,193.22,173.97
MKTX,MarketAxess,Financials,Financial Exchanges & Data,178.17,289.47,178.17,178.61,180.58,182.5,191.38,209.48,0.0,6.19,189.2,175.81
MAR,Marriott International,Consumer Discretionary,"Hotels, Resorts & Cruise Lines",260.9,302.22,210.04,263.5,264.3,265.33,266.15,264.39,0.0,3.75,270.68,259.98
MMC,Marsh McLennan,Financials,Insurance Brokers,197.97,243.22,196.15,197.78,198.03,201.04,204.16,217.88,-0.2,5.23,208.32,193.75
MLM,Martin Marietta Materials,Materials,Construction Materials,608.06,631.12,451.25,613.73,613.54,616.04,602.19,542.43,0.0,3.32,628.25,603.84
MAS,Masco,Industrials,Building Products,70.48,84.25,58.18,71.38,72.28,73.11,71.23,69.38,0.4,7.75,75.94,70.27
MA,Mastercard,Financials,Transaction & Payment Processing Services,567.3,598.96,478.51,574.95,580.92,584.93,577.83,554.01,0.0,6.09,601.85,568.02
MTCH,Match Group,Communication Services,Interactive Media & Services,35.89,38.77,26.87,36.77,37.27,37.5,36.36,32.48,-0.4,8.78,39.04,35.97
MKC,McCormick & Company,Consumer Staples,Packaged Foods & Meats,64.62,83.73,64.3,64.85,65.93,67.87,69.55,74.31,-0.2,11.87,72.29,63.45
MCD,McDonald's,Consumer Discretionary,Restaurants,302.3,317.67,275.0,303.04,303.21,307.87,304.97,300.16,0.0,5.37,318.53,297.23
MCK,McKesson Corporation,Health Care,Health Care Distributors,736.52,760.58,476.95,726.74,712.38,703.99,696.89,665.98,0.0,1.08,744.47,663.51
MDT,Medtronic,Health Care,Health Care Equipment,94.3,95.74,78.03,94.94,94.65,93.81,92.42,87.28,0.2,1.79,95.99,91.64
MRK,Merck & Co.,Health Care,Pharmaceuticals,77.6,110.85,72.03,79.83,80.59,82.06,81.82,84.66,-0.1,10.28,85.58,78.55
META,Meta Platforms,Communication Services,Interactive Media & Services,748.91,789.47,483.96,761.6,766.06,756.98,749.74,662.97,0.0,4.63,783.58,730.4
MET,MetLife,Financials,Life & Health Insurance,80.28,86.38,67.4,80.28,79.91,80.11,78.34,78.89,-0.3,1.94,81.84,78.38
MTD,Mettler Toledo,Health Care,Life Sciences Tools & Services,1209.54,1499.7,970.15,1246.5,1258.93,1272.36,1266.78,1218.45,0.0,9.01,1318.52,1226.22
MGM,MGM Resorts,Consumer Discretionary,Casinos & Gaming,34.48,41.99,25.79,34.82,35.09,36.22,36.55,34.12,0.0,14.39,39.44,33.0
MCHP,Microchip Technology,Information Technology,Semiconductors,64.84,78.29,34.83,65.19,65.03,64.88,66.45,58.78,0.2,2.56,66.5,63.27
MU,Micron Technology,Information Technology,Semiconductors,156.83,168.89,64.66,162.46,161.5,145.3,127.32,104.3,0.2,15.51,181.15,109.46
MSFT,Microsoft,Information Technology,Systems Software,507.03,534.76,353.33,511.76,511.16,506.97,511.68,448.64,0.0,2.28,518.59,495.37
MAA,Mid-America Apartment Communities,Real Estate,Multi-Family Residential REITs,138.74,167.59,138.38,140.48,140.47,142.27,143.59,151.22,0.0,5.62,146.54,137.99
MRNA,Moderna,Health Care,Biotechnology,24.61,66.83,23.51,25.62,25.08,24.8,27.21,30.86,0.2,6.83,26.29,23.31
MHK,Mohawk Industries,Consumer Discretionary,Home Furnishings,125.55,161.25,97.99,128.12,131.46,133.28,126.5,116.32,-0.2,12.63,141.41,125.14
MOH,Molina Healthcare,Health Care,Managed Health Care,189.3,353.24,152.31,183.92,180.91,179.75,172.36,269.13,-0.1,0.4,190.06,169.45
TAP,Molson Coors Beverage Company,Consumer Staples,Brewers,44.41,61.78,44.09,45.09,46.29,47.96,49.27,53.61,0.0,16.82,51.88,44.04
MDLZ,Mondelez International,Consumer Staples,Packaged Foods & Meats,62.56,72.25,55.34,63.6,63.03,62.38,63.84,63.54,0.0,2.7,64.25,60.51
MPWR,Monolithic Power Systems,Information Technology,Semiconductors,891.39,936.74,454.23,910.66,888.96,868.34,820.92,682.55,0.2,4.51,931.59,805.07
MNST,Monster Beverage,Consumer Staples,Soft Drinks & Non-alcoholic Beverages,64.59,66.52,46.16,64.42,64.85,63.9,62.53,58.0,-0.2,2.54,66.23,61.57
MCO,Moody's Corporation,Financials,Financial Exchanges & Data,472.69,524.53,395.22,478.66,491.65,498.49,505.92,481.76,-0.2,11.32,526.2,470.8
MS,Morgan Stanley,Financials,Investment Banking & Brokerage,158.95,160.76,98.35,159.64,158.37,154.6,147.9,130.98,0.2,2.75,163.32,145.88
MOS,Mosaic Company (The),Materials,Fertilizers & Agricultural Chemicals,34.79,37.55,22.47,34.42,34.2,33.54,33.75,30.14,-0.2,1.61,35.35,31.74
MSI,Motorola Solutions,Information Technology,Communications Equipment,455.73,499.65,392.79,465.85,472.15,474.62,456.48,438.77,-0.4,7.56,490.18,459.05
MSCI,MSCI Inc.,Financials,Financial Exchanges & Data,564.66,630.0,503.37,565.57,568.93,566.79,561.7,567.5,-0.1,3.68,585.44,548.13
NDAQ,"Nasdaq, Inc.",Financials,Financial Exchanges & Data,86.73,96.67,66.01,88.36,90.31,92.3,93.36,82.93,-0.2,12.65,97.7,86.9
NTAP,NetApp,Information Technology,"Technology Hardware, Storage & Peripherals",120.78,129.06,75.73,123.45,123.91,121.57,112.7,106.15,0.2,6.71,128.88,114.25
NFLX,Netflix,Communication Services,Movies & Entertainment,1208.24,1339.13,687.65,1217.0,1211.25,1222.65,1210.04,1086.06,0.2,4.53,1262.97,1182.37
NEM,Newmont,Materials,Gold,83.67,84.67,36.49,83.45,81.19,78.52,71.0,53.75,0.0,2.03,85.37,71.67
NWSA,News Corp (Class A),Communication Services,Publishing,30.17,30.81,23.89,30.48,30.19,29.71,29.5,28.22,0.0,2.62,30.96,28.46
NWS,News Corp (Class B),Communication Services,Publishing,33.41,35.06,26.86,33.77,33.35,33.17,33.55,32.14,-0.2,3.32,34.52,31.83
NEE,NextEra Energy,Utilities,Multi-Utilities,74.65,82.85,63.11,72.85,71.83,71.53,72.35,70.15,0.0,-0.91,73.97,69.1
NKE,"Nike, Inc.",Consumer Discretionary,"Apparel, Accessories & Luxury Goods",69.24,87.5,52.64,70.71,71.67,73.29,74.69,69.35,-0.2,11.66,77.31,69.27
NI,NiSource,Utilities,Multi-Utilities,41.82,43.33,32.78,41.48,40.81,40.96,41.63,39.03,0.2,2.27,42.77,39.14
NDSN,Nordson Corporation,Industrials,Industrial Machinery & Supplies & Components,221.52,260.48,166.29,223.98,224.64,224.22,219.52,209.8,0.2,2.93,228.01,220.43
NSC,Norfolk Southern,Industrials,Rail Transportation,294.57,294.57,204.09,290.85,284.49,280.6,279.74,249.27,0.2,-0.24,293.86,267.35
NTRS,Northern Trust,Financials,Asset Management & Custody Banks,131.38,132.22,83.34,130.94,130.53,129.63,128.11,110.24,0.0,0.81,132.44,126.81
NOC,Northrop Grumman,Industrials,Aerospace & Defense,585.77,594.87,427.78,579.66,577.9,579.98,576.12,504.62,0.0,0.72,589.99,569.97
NCLH,Norwegian Cruise Line Holdings,Consumer Discretionary,"Hotels, Resorts & Cruise Lines",25.0,29.07,15.5,25.28,25.54,25.46,24.72,22.41,0.0,6.28,26.57,24.35
NRG,NRG Energy,Utilities,Independent Power Producers & Energy Traders,162.96,173.91,83.06,166.26,165.52,157.81,155.91,125.95,0.2,7.46,175.12,140.5
NUE,Nucor,Materials,Steel,134.76,165.5,102.79,134.88,137.73,141.52,142.39,128.11,0.0,12.4,151.47,131.56
NVDA,Nvidia,Information Technology,Semiconductors,177.69,183.61,94.3,178.67,177.04,174.91,176.45,141.63,-0.2,3.16,183.31,166.53
NVR,"NVR, Inc.",Consumer Discretionary,Homebuilding,7906.69,9924.4,6700.0,7988.67,8116.19,8215.62,8024.01,7646.74,0.2,8.67,8592.2,7838.75
NXPI,NXP Semiconductors,Information Technology,Semiconductors,226.81,250.84,152.09,225.97,223.43,225.12,223.34,209.46,0.0,3.66,235.11,215.13
ORLY,O’Reilly Automotive,Consumer Discretionary,Automotive Retail,104.58,107.82,75.28,103.83,104.66,104.87,102.09,91.91,-0.2,2.93,107.64,102.1
OXY,Occidental Petroleum,Energy,Oil & Gas Exploration & Production,46.99,54.77,35.72,46.43,46.56,46.42,45.04,44.94,-0.2,2.36,48.1,44.74
ODFL,Old Dominion,Industrials,Cargo Ground Transportation,140.43,230.37,138.93,140.12,142.19,145.72,150.65,166.61,0.0,9.57,153.87,137.56
OMC,Omnicom Group,Communication Services,Advertising,75.88,101.86,68.6,75.75,76.24,77.0,75.32,77.17,-0.1,4.59,79.36,74.63
ON,ON Semiconductor,Information Technology,Semiconductors,49.77,74.7,31.95,50.74,50.13,49.51,51.73,50.3,0.2,4.3,51.91,47.11
OKE,Oneok,Energy,Oil & Gas Storage & Transportation,73.44,112.93,71.36,72.58,72.76,73.26,75.58,86.01,-0.2,3.28,75.85,70.67
ORCL,Oracle Corporation,Information Technology,Application Software,291.33,328.33,122.56,310.09,304.94,276.83,257.81,190.34,0.4,21.42,353.73,199.93
OTIS,Otis Worldwide,Industrials,Industrial Machinery & Supplies & Components,89.44,104.22,84.52,89.16,89.37,88.18,88.6,94.36,-0.2,1.81,91.06,85.3
PCAR,Paccar,Industrials,Construction Machinery & Heavy Transportation Equipment,95.57,113.98,85.82,97.35,99.66,99.29,98.7,98.95,0.1,8.31,103.51,95.06
PKG,Packaging Corporation of America,Materials,Paper & Plastic Packaging Products & Materials,213.14,242.86,173.82,213.23,212.94,213.89,205.31,202.61,0.2,2.21,217.85,209.92
PLTR,Palantir Technologies,Information Technology,Application Software,179.12,186.97,36.46,180.59,176.11,167.34,165.62,118.35,0.0,4.51,187.2,147.49
PANW,Palo Alto Networks,Information Technology,Systems Software,202.21,208.28,152.44,204.51,203.02,198.56,189.57,187.62,0.2,3.66,209.61,187.5
PSKY,Paramount Skydance Corporation,Communication Services,Movies & Entertainment,18.93,19.73,10.05,19.06,18.6,16.86,14.68,12.21,0.2,8.93,20.62,13.1
PH,Parker Hannifin,Industrials,Industrial Machinery & Supplies & Components,745.08,769.67,514.56,753.93,753.66,756.18,741.78,670.37,0.0,3.4,770.41,741.95
PAYX,Paychex,Industrials,Human Resource & Employment Services,126.69,158.58,126.69,128.93,130.69,133.39,137.99,143.64,0.0,10.62,140.14,126.63
PAYC,Paycom,Industrials,Human Resource & Employment Services,214.85,265.28,158.91,217.73,217.41,220.55,225.03,223.79,0.0,6.39,228.58,212.52
PYPL,PayPal,Financials,Transaction & Payment Processing Services,66.74,91.81,57.41,67.56,67.58,68.03,69.72,73.64,0.2,5.36,70.32,65.75
PNR,Pentair,Industrials,Industrial Machinery & Supplies & Components,108.31,112.59,75.76,109.56,110.14,109.68,106.72,98.58,0.2,4.07,112.72,106.64
PEP,PepsiCo,Consumer Staples,Soft Drinks & Non-alcoholic Beverages,139.92,169.55,125.83,141.36,141.29,143.26,143.63,140.55,0.0,6.1,148.46,138.07
PFE,Pfizer,Health Care,Pharmaceuticals,23.6,28.21,20.83,23.98,23.98,24.35,24.52,24.19,0.0,6.57,25.15,23.55
PCG,PG&E Corporation,Utilities,Multi-Utilities,14.44,21.53,13.0,14.68,14.91,15.05,14.78,16.12,0.1,8.66,15.69,14.4
PM,Philip Morris International,Consumer Staples,Tobacco,164.0,183.57,115.19,163.14,163.45,164.07,166.06,156.45,0.0,2.57,168.21,159.92
PSX,Phillips 66,Energy,Oil & Gas Refining & Marketing,139.08,139.08,91.09,133.45,132.67,132.35,126.95,118.72,0.4,-1.65,136.79,127.93
PNW,Pinnacle West Capital,Utilities,Multi-Utilities,86.08,93.78,79.36,86.62,86.66,87.61,89.83,88.7,-0.2,4.55,90.0,85.23
PNC,PNC Financial Services,Financials,Diversified Banks,202.74,209.23,146.94,203.88,203.48,203.94,197.97,183.95,0.2,2.49,207.79,200.11
POOL,Pool Corporation,Consumer Discretionary,Distributors,305.08,385.63,283.92,311.86,318.68,318.78,315.76,319.38,-0.1,10.34,336.63,300.92
PPG,PPG Industries,Materials,Specialty Chemicals,103.92,131.36,90.49,106.91,108.02,109.13,110.01,111.33,-0.2,8.78,113.04,105.22
PPL,PPL Corporation,Utilities,Electric Utilities,36.16,36.96,30.49,36.07,35.92,35.91,36.03,34.17,-0.2,1.08,36.55,35.27
PFG,Principal Financial Group,Financials,Life & Health Insurance,81.5,87.94,68.21,81.93,81.8,80.95,79.09,78.36,-0.2,2.26,83.34,78.55
PG,Procter & Gamble,Consumer Staples,Personal Care Products,152.15,176.3,150.47,153.24,155.66,156.96,156.0,161.5,0.1,6.45,161.96,151.95
PGR,Progressive Corporation,Financials,Property & Casualty Insurance,242.19,291.0,234.89,240.86,242.88,244.59,245.46,258.81,-0.2,3.34,250.28,238.91
PLD,Prologis,Real Estate,Industrial REITs,113.21,122.49,88.13,113.59,113.86,112.75,109.28,107.89,0.2,2.23,115.73,109.76
PRU,Prudential Financial,Financials,Life & Health Insurance,102.62,124.75,92.74,103.1,103.69,105.44,104.51,106.32,0.1,7.1,109.91,100.96
PEG,Public Service Enterprise Group,Utilities,Electric Utilities,80.88,91.66,75.92,81.76,81.73,81.38,83.85,81.69,0.2,2.76,83.11,79.66
PTC,PTC Inc.,Information Technology,Application Software,202.71,216.53,136.74,204.44,204.66,207.77,207.75,180.1,0.2,6.65,216.19,199.34
PSA,Public Storage,Real Estate,Self-Storage REITs,280.26,349.71,260.94,280.39,283.06,286.26,283.71,289.57,0.1,5.27,295.03,277.48
PHM,PulteGroup,Consumer Discretionary,Homebuilding,128.74,147.88,91.67,130.17,132.44,134.07,126.45,110.81,0.2,9.49,140.96,127.19
PWR,Quanta Services,Industrials,Construction & Engineering,400.41,421.68,236.56,395.48,389.05,384.05,388.86,332.23,-0.2,0.43,402.13,365.97
QCOM,Qualcomm,Information Technology,Semiconductors,169.68,174.12,123.21,169.87,166.99,163.14,157.62,154.5,0.2,1.74,172.63,153.64
DGX,Quest Diagnostics,Health Care,Health Care Services,185.39,186.97,144.81,185.49,183.67,182.41,177.9,169.22,0.2,0.93,187.11,177.7
RL,Ralph Lauren Corporation,Consumer Discretionary,"Apparel, Accessories & Luxury Goods",302.89,320.75,181.73,309.13,311.13,310.54,300.14,260.23,0.0,6.37,322.18,298.9
RJF,Raymond James Financial,Financials,Investment Banking & Brokerage,171.89,175.81,120.78,173.8,172.06,169.97,166.88,154.18,0.0,2.49,176.17,163.76
RTX,RTX Corporation,Industrials,Aerospace & Defense,160.51,161.38,112.45,160.02,158.94,157.98,156.26,135.45,0.0,1.24,162.5,153.46
O,Realty Income,Real Estate,Retail REITs,59.79,61.45,49.6,59.51,59.7,59.24,58.08,55.32,0.0,1.71,60.81,57.67
REG,Regency Centers,Real Estate,Retail REITs,71.07,75.5,64.21,70.99,70.77,71.38,71.06,70.7,0.0,2.74,73.02,69.75
REGN,Regeneron Pharmaceuticals,Health Care,Biotechnology,555.51,1046.75,482.34,577.61,577.99,573.08,568.38,612.56,-0.1,7.76,598.62,547.54
RF,Regions Financial Corporation,Financials,Regional Banks,26.6,27.4,17.95,26.74,26.87,26.95,26.1,23.11,-0.2,3.08,27.42,26.48
RSG,Republic Services,Industrials,Environmental & Facilities Services,226.86,257.46,196.49,227.0,226.99,229.21,233.5,232.44,0.0,3.47,234.73,223.67
RMD,ResMed,Health Care,Health Care Equipment,267.31,293.73,203.67,272.94,272.36,273.42,276.88,246.66,-0.4,4.56,279.5,267.33
RVTY,Revvity,Health Care,Health Care Equipment,83.04,127.41,82.5,85.25,85.15,85.7,89.22,101.17,0.2,8.0,89.68,81.71
ROK,Rockwell Automation,Industrials,Electrical Components & Equipment,340.03,357.15,217.21,343.68,344.53,343.68,345.25,300.12,0.0,3.14,350.71,336.66
ROL,"Rollins, Inc.",Industrials,Environmental & Facilities Services,56.44,58.48,45.24,55.8,55.99,56.4,56.94,53.58,-0.2,2.5,57.85,54.96
ROP,Roper Technologies,Information Technology,Electronic Equipment & Instruments,495.03,592.1,495.03,503.79,505.78,513.66,530.03,551.18,-0.4,7.44,531.86,495.47
ROST,Ross Stores,Consumer Discretionary,Apparel Retail,149.46,154.88,122.22,147.08,146.96,148.48,144.64,140.58,0.0,2.21,152.76,144.2
RCL,Royal Caribbean Group,Consumer Discretionary,"Hotels, Resorts & Cruise Lines",324.53,365.84,171.67,328.0,327.68,340.77,334.7,266.38,0.0,13.84,369.44,312.1
SPGI,S&P Global,Financials,Financial Exchanges & Data,484.94,563.17,436.73,497.03,516.66,530.21,539.49,513.22,-0.2,18.13,572.86,487.53
CRM,Salesforce,Information Technology,Application Software,240.95,365.66,231.26,245.64,243.8,247.08,249.44,281.72,0.2,6.79,257.31,236.85
SBAC,SBA Communications,Real Estate,Telecom Tower REITs,195.43,244.52,189.91,197.32,198.2,198.15,213.51,216.02,0.0,5.15,205.49,190.8
SLB,Schlumberger,Energy,Oil & Gas Equipment & Services,34.59,44.26,31.43,34.41,34.72,35.3,34.37,36.45,0.1,6.22,36.74,33.87
STX,Seagate Technology,Information Technology,"Technology Hardware, Storage & Peripherals",219.85,229.33,66.19,224.45,217.05,200.0,172.45,118.87,0.0,8.79,239.17,160.81
SRE,Sempra,Utilities,Multi-Utilities,86.49,92.47,63.23,85.08,84.06,82.91,81.84,77.71,0.2,0.2,86.66,79.15
NOW,ServiceNow,Information Technology,Systems Software,918.61,1170.39,721.65,937.72,939.51,930.96,920.86,960.23,-0.1,4.62,961.05,900.85
SHW,Sherwin-Williams,Materials,Specialty Chemicals,340.1,397.11,312.15,344.14,349.09,357.39,353.84,349.38,0.2,10.96,377.37,337.41
SPG,Simon Property Group,Real Estate,Retail REITs,182.61,184.13,136.92,182.35,182.11,180.69,172.35,164.95,0.0,1.31,185.0,176.38
SWKS,Skyworks Solutions,Information Technology,Semiconductors,79.36,96.35,48.25,80.64,77.63,76.09,73.5,72.55,0.2,3.09,81.81,70.36
SJM,J.M. Smucker Company (The),Consumer Staples,Packaged Foods & Meats,107.86,116.99,93.48,108.61,106.95,108.82,109.07,107.42,0.0,5.9,114.22,103.41
SW,Smurfit Westrock,Materials,Paper & Plastic Packaging Products & Materials,42.28,55.13,37.46,43.33,43.79,45.09,44.91,46.15,0.1,13.55,48.01,42.17
SNA,Snap-on,Industrials,Industrial Machinery & Supplies & Components,336.98,364.18,276.48,338.27,336.95,331.52,327.46,326.1,0.0,2.05,343.89,319.16
SOLV,Solventum,Health Care,Health Care Technology,70.46,84.04,63.01,72.63,73.23,72.95,72.89,72.46,0.0,6.67,75.16,70.73
SO,Southern Company,Utilities,Electric Utilities,93.69,95.24,78.98,93.19,92.49,92.13,93.22,88.17,-0.2,0.18,93.86,90.4
LUV,Southwest Airlines,Industrials,Passenger Airlines,31.93,37.49,23.77,32.63,32.22,32.01,31.99,31.31,0.2,4.29,33.3,30.71
SWK,Stanley Black & Decker,Industrials,Industrial Machinery & Supplies & Components,73.45,105.48,54.53,75.1,76.7,76.21,73.2,73.04,0.2,9.88,80.71,71.72
SBUX,Starbucks,Consumer Discretionary,Restaurants,83.83,114.25,78.61,84.73,83.92,84.91,88.53,92.17,0.0,6.3,89.11,80.7
STT,State Street Corporation,Financials,Asset Management & Custody Banks,114.24,115.82,74.79,113.39,112.69,112.89,112.04,98.84,0.0,0.91,115.28,110.5
STLD,Steel Dynamics,Materials,Steel,136.09,152.49,108.79,137.5,136.61,134.21,130.33,127.32,0.2,3.78,141.23,127.18
STE,Steris,Health Care,Health Care Equipment,244.19,252.43,200.94,247.58,248.29,246.82,239.98,227.89,-0.2,3.54,252.83,240.79
SYK,Stryker Corporation,Health Care,Health Care Equipment,368.57,403.53,336.65,373.67,376.01,383.2,386.06,378.75,-0.2,8.31,399.2,367.22
SMCI,Supermicro,Information Technology,"Technology Hardware, Storage & Peripherals",46.24,60.71,18.01,46.42,45.82,43.83,47.39,40.9,0.0,4.93,48.52,39.13
SYF,Synchrony Financial,Financials,Consumer Finance,74.28,76.86,43.38,75.16,75.33,75.59,72.93,63.21,0.0,3.85,77.14,74.04
SNPS,Synopsys,Information Technology,Application Software,487.2,645.35,380.9,491.18,463.2,513.56,573.36,506.4,-0.2,37.32,669.02,358.09
SYY,Sysco,Consumer Staples,Food Distributors,81.12,82.51,67.53,81.78,81.6,81.31,80.49,74.91,0.0,2.35,83.03,79.59
TMUS,T-Mobile US,Communication Services,Wireless Telecommunication Services,237.94,270.87,198.61,238.29,238.88,243.56,243.72,241.24,-0.2,7.51,255.81,231.31
TROW,T. Rowe Price,Financials,Asset Management & Custody Banks,103.21,118.63,78.24,104.52,104.55,105.34,105.1,99.73,0.2,5.13,108.5,102.18
TTWO,Take-Two Interactive,Communication Services,Interactive Home Entertainment,245.11,251.64,147.66,248.6,248.45,245.0,234.9,217.45,-0.2,4.24,255.5,234.49
TPR,"Tapestry, Inc.",Consumer Discretionary,"Apparel, Accessories & Luxury Goods",107.8,116.14,42.76,113.09,111.48,107.83,106.12,82.84,0.4,8.12,116.55,99.11
TRGP,Targa Resources,Energy,Oil & Gas Storage & Transportation,171.74,213.93,143.44,168.74,167.3,165.87,165.06,176.27,-0.1,0.34,172.32,159.41
TGT,Target Corporation,Consumer Staples,Consumer Staples Merchandise Retail,87.14,154.72,86.56,87.44,88.38,90.6,97.55,106.83,-0.2,10.22,96.05,85.15
TEL,TE Connectivity,Information Technology,Electronic Manufacturing Services,214.47,219.66,121.04,216.89,214.91,211.54,204.77,163.83,0.0,2.6,220.05,203.02
TDY,Teledyne Technologies,Information Technology,Electronic Equipment & Instruments,566.0,567.92,433.51,566.23,561.25,553.67,550.72,504.45,0.0,1.39,573.87,533.47
TER,Teradyne,Information Technology,Semiconductor Materials & Equipment,132.87,139.5,67.79,131.16,122.92,120.59,111.0,101.65,0.0,1.43,134.77,106.42
TSLA,"Tesla, Inc.",Consumer Discretionary,Automobile Manufacturers,423.39,479.86,213.65,430.46,422.26,383.26,349.54,334.22,0.2,9.72,464.54,301.98
TXN,Texas Instruments,Information Technology,Semiconductors,182.04,219.66,143.34,181.5,180.79,186.22,191.25,185.08,-0.2,10.84,201.77,170.67
TPL,Texas Pacific Land Corporation,Energy,Oil & Gas Exploration & Production,925.57,1720.9,853.36,908.78,916.65,918.9,922.94,1167.12,0.0,3.54,958.34,879.46
TXT,Textron,Industrials,Aerospace & Defense,82.35,90.23,60.69,83.05,82.88,81.89,80.87,76.36,0.4,2.66,84.54,79.23
TMO,Thermo Fisher Scientific,Health Care,Life Sciences Tools & Services,459.22,617.15,389.91,470.31,473.95,480.49,473.85,477.85,-0.1,8.42,497.89,463.08
TJX,TJX Companies,Consumer Discretionary,Apparel Retail,141.46,141.46,110.73,140.16,140.1,139.73,133.94,125.99,0.0,0.45,142.1,137.35
TKO,TKO Group Holdings,Communication Services,Movies & Entertainment,195.79,204.49,113.99,198.93,200.53,196.4,183.08,162.32,0.2,6.34,208.2,184.6
TTD,Trade Desk (The),Communication Services,Advertising,46.76,139.51,43.93,46.22,45.6,48.69,61.63,77.42,-0.2,20.87,56.52,40.86
TSCO,Tractor Supply,Consumer Discretionary,Other Specialty Retail,56.42,62.65,47.62,58.03,58.83,59.66,59.49,54.57,0.0,10.86,62.55,56.76
TT,Trane Technologies,Industrials,Building Products,406.4,471.46,313.81,405.97,403.45,408.63,425.56,392.46,0.0,3.67,421.31,395.94
TDG,TransDigm Group,Industrials,Aerospace & Defense,1290.0,1516.55,1152.5,1293.42,1287.05,1290.48,1351.96,1299.95,-0.2,1.9,1314.51,1266.49
TRV,Travelers Companies (The),Financials,Property & Casualty Insurance,274.22,279.43,222.29,276.05,276.04,274.88,268.72,256.8,0.0,2.27,280.44,269.32
TRMB,Trimble Inc.,Information Technology,Electronic Equipment & Instruments,79.98,85.24,55.12,81.37,81.09,80.8,82.09,73.44,0.0,4.05,83.22,78.37
TFC,Truist Financial,Financials,Diversified Banks,45.74,47.07,33.92,45.74,45.47,45.82,44.87,42.2,-0.2,3.17,47.19,44.46
TYL,Tyler Technologies,Information Technology,Application Software,522.22,646.74,521.68,528.8,532.95,544.68,560.79,576.78,-0.2,9.37,571.15,518.2
TSN,Tyson Foods,Consumer Staples,Packaged Foods & Meats,53.75,62.84,51.83,53.86,54.09,55.09,54.95,56.45,-0.1,6.53,57.26,52.93
USB,U.S. Bancorp,Financials,Diversified Banks,49.03,51.9,36.0,49.49,49.41,49.16,47.25,44.91,0.2,2.35,50.18,48.13
UBER,Uber,Industrials,Passenger Ground Transportation,97.6,99.39,59.93,98.22,97.13,95.42,93.04,80.83,0.0,2.72,100.25,90.6
UDR,"UDR, Inc.",Real Estate,Multi-Family Residential REITs,36.71,45.08,36.71,37.25,37.43,38.12,38.77,40.78,0.0,8.2,39.72,36.52
ULTA,Ulta Beauty,Consumer Discretionary,Other Specialty Retail,539.48,539.48,314.47,527.86,526.88,523.56,517.77,434.63,0.0,0.85,544.07,503.06
UNP,Union Pacific Corporation,Industrials,Rail Transportation,232.0,249.94,205.73,227.36,222.15,220.88,221.77,226.73,0.0,-0.52,230.79,210.98
UAL,United Airlines Holdings,Industrials,Passenger Airlines,99.15,110.52,53.63,103.03,104.14,105.26,98.66,88.75,-0.4,10.47,109.53,100.99
UPS,United Parcel Service,Industrials,Air Freight & Logistics,82.58,130.93,82.58,83.84,84.2,84.7,87.69,101.75,0.0,5.16,86.84,82.56
URI,United Rentals,Industrials,Trading Companies & Distributors,931.25,975.23,549.5,941.44,942.55,950.05,907.6,746.19,-0.2,4.61,974.18,925.96
UNH,UnitedHealth Group,Health Care,Managed Health Care,345.56,611.98,236.28,344.61,343.75,332.02,298.04,402.05,-0.1,6.42,367.74,296.29
UHS,Universal Health Services,Health Care,Health Care Facilities,197.62,240.49,154.78,194.97,191.79,188.41,178.02,180.46,0.1,0.57,198.75,178.07
VLO,Valero Energy,Energy,Oil & Gas Refining & Marketing,174.42,174.42,102.97,168.94,164.92,160.47,148.0,132.55,0.2,-0.86,172.92,148.02
VTR,Ventas,Real Estate,Health Care REITs,68.18,69.85,56.07,67.89,68.24,68.2,67.81,64.38,0.0,2.35,69.78,66.63
VLTO,Veralto,Industrials,Environmental & Facilities Services,104.49,113.22,85.23,105.65,106.54,106.39,106.21,100.74,0.2,4.11,108.78,104.0
VRSN,Verisign,Information Technology,Internet Services & Infrastructure,283.69,305.1,175.69,284.12,285.52,282.33,277.6,253.26,0.2,3.29,293.02,271.62
VRSK,Verisk Analytics,Industrials,Research & Consulting Services,244.06,320.32,242.3,243.39,248.06,257.74,269.13,287.46,0.0,14.44,279.3,236.18
VZ,Verizon,Communication Services,Integrated Telecommunication Services,43.35,45.06,36.62,43.3,43.6,43.74,43.45,41.75,0.2,2.56,44.46,43.01
VRTX,Vertex Pharmaceuticals,Health Care,Biotechnology,381.87,516.74,366.54,380.89,385.78,390.46,408.93,447.6,-0.2,5.71,403.67,377.26
VTRS,Viatris,Health Care,Pharmaceuticals,9.49,12.87,7.08,9.7,9.71,10.07,9.8,9.59,0.0,14.23,10.84,9.3
VICI,Vici Properties,Real Estate,Hotel & Resort REITs,32.04,33.46,27.08,31.83,32.09,32.51,32.54,30.87,0.0,4.62,33.52,31.5
V,Visa Inc.,Financials,Transaction & Payment Processing Services,334.93,372.65,267.75,339.66,340.12,343.29,344.64,341.11,0.0,5.48,353.28,333.29
VST,Vistra Corp.,Utilities,Electric Utilities,201.62,217.92,97.84,207.42,208.71,200.88,199.25,162.83,0.0,9.56,220.89,180.85
VMC,Vulcan Materials Company,Materials,Construction Materials,294.76,301.65,219.65,296.57,295.46,294.6,286.44,264.34,0.2,2.18,301.19,288.03
WRB,W. R. Berkley Corporation,Financials,Property & Casualty Insurance,74.56,74.81,55.27,74.04,73.4,72.79,71.1,66.85,0.0,0.36,74.83,70.75
GWW,W. W. Grainger,Industrials,Industrial Machinery & Supplies & Components,951.71,1212.97,915.74,969.44,986.07,997.36,997.38,1030.19,-0.4,8.99,1037.27,957.44
WAB,Wabtec,Industrials,Construction Machinery & Heavy Transportation Equipment,194.52,214.1,159.81,193.6,190.88,191.55,193.87,193.61,0.0,1.47,197.38,185.74
WMT,Walmart,Consumer Staples,Consumer Staples Merchandise Retail,103.05,104.27,78.34,102.69,103.19,101.57,99.88,95.51,0.0,2.99,106.13,97.01
DIS,Walt Disney Company (The),Communication Services,Movies & Entertainment,112.99,124.01,81.37,113.0,114.28,116.01,117.18,109.7,-0.2,6.36,120.18,111.85
WBD,Warner Bros. Discovery,Communication Services,Broadcasting,19.78,19.82,7.33,19.62,19.14,15.79,13.74,11.03,0.0,15.17,22.78,8.8
WM,Waste Management,Industrials,Environmental & Facilities Services,217.16,240.36,198.36,217.64,216.8,219.11,224.64,223.38,0.0,3.97,225.78,212.42
WAT,Waters Corporation,Health Care,Life Sciences Tools & Services,287.79,417.28,277.72,296.6,299.06,299.4,294.78,346.82,-0.1,7.81,310.27,288.52
WEC,WEC Energy Group,Utilities,Electric Utilities,111.24,112.02,89.8,111.0,110.39,108.95,108.49,103.31,0.0,1.21,112.59,105.31
WFC,Wells Fargo,Financials,Diversified Banks,84.32,85.16,52.44,84.52,83.28,82.08,80.57,74.96,0.2,1.47,85.56,78.6
WELL,Welltower,Real Estate,Health Care REITs,171.7,172.55,120.86,169.57,168.35,168.23,165.68,148.79,0.2,0.17,171.99,164.48
WST,West Pharmaceutical Services,Health Care,Health Care Supplies,254.48,347.02,190.04,254.46,255.33,253.04,246.17,250.35,0.1,3.27,262.8,243.27
WDC,Western Digital,Information Technology,"Technology Hardware, Storage & Peripherals",107.21,112.41,30.45,109.24,105.54,97.34,83.24,57.43,0.0,8.83,116.68,78.0
WY,Weyerhaeuser,Real Estate,Timber REITs,24.17,32.88,24.1,24.3,24.52,25.02,25.37,26.93,0.0,8.65,26.26,23.77
WSM,"Williams-Sonoma, Inc.",Consumer Discretionary,Homefurnishing Retail,201.11,215.83,127.65,199.36,198.71,198.24,195.29,179.9,0.0,3.3,207.75,188.74
WMB,Williams Companies,Energy,Oil & Gas Storage & Transportation,63.31,63.31,43.23,61.57,60.24,58.79,58.05,56.97,0.2,-0.96,62.7,54.88
WTW,Willis Towers Watson,Financials,Insurance Brokers,338.03,343.5,285.53,339.59,336.52,333.15,326.43,317.95,0.0,1.67,343.68,322.63
WDAY,"Workday, Inc.",Information Technology,Application Software,242.75,279.91,210.47,240.17,233.44,231.7,229.86,245.36,-0.1,0.71,244.47,218.92
WYNN,Wynn Resorts,Consumer Discretionary,Casinos & Gaming,125.84,129.52,65.78,126.97,125.18,124.55,115.92,94.24,0.0,3.01,129.63,119.47
XEL,Xcel Energy,Utilities,Multi-Utilities,77.25,77.93,60.16,74.54,73.48,72.62,72.31,68.55,0.0,-1.53,76.07,69.17
XYL,Xylem Inc.,Industrials,Industrial Machinery & Supplies & Components,141.45,144.22,102.25,142.49,141.96,141.24,139.75,126.53,0.0,2.15,144.49,137.99
YUM,Yum! Brands,Consumer Discretionary,Restaurants,150.41,160.96,121.48,148.85,148.41,147.12,145.98,143.61,0.0,0.55,151.24,143.0
ZBRA,Zebra Technologies,Information Technology,Electronic Equipment & Instruments,301.97,421.11,213.54,311.69,315.06,313.79,320.19,318.15,-0.2,7.61,324.95,302.63
ZBH,Zimmer Biomet,Health Care,Health Care Equipment,96.97,112.89,89.98,99.61,100.14,102.41,100.26,101.11,-0.3,11.02,107.66,97.16
ZTS,Zoetis,Health Care,Pharmaceuticals,141.13,193.03,141.13,143.19,145.19,148.82,150.32,158.98,0.0,11.51,157.37,140.28
