Symbol,Company,GICS_Sector,GICS_Sub_Industry,Current_Price,52_Week_High,52_Week_Low,SMA_5,SMA_10,SMA_20,SMA_50,SMA_100,SMA_125,SMA_200
MMM,3M,Industrials,Industrial Conglomerates,161.28,174.69,120.31,161.11,161.47,164.7,165.77,159.99,158.22,152.38
AOS,A. O. Smith,Industrials,Building Products,67.83,76.52,57.94,67.87,67.97,67.79,66.75,69.14,69.21,67.59
ABT,Abbott Laboratories,Health Care,Health Care Equipment,126.05,139.33,109.37,124.96,125.41,124.97,126.2,129.04,128.91,129.34
ABBV,AbbVie,Health Care,Biotechnology,229.77,243.06,160.33,229.85,227.48,226.51,226.77,221.48,215.07,204.1
ACN,Accenture,Information Technology,IT Consulting & Other Services,270.45,394.41,229.4,270.73,271.23,270.35,256.27,251.31,256.55,274.24
ADBE,Adobe Inc.,Information Technology,Application Software,353.0,465.7,311.59,353.07,353.71,347.31,339.47,345.07,348.85,362.91
AMD,Advanced Micro Devices,Information Technology,Semiconductors,214.99,267.08,76.48,215.11,211.22,214.15,228.44,202.3,193.71,162.09
AES,AES Corporation,Utilities,Independent Power Producers & Energy Traders,14.48,15.32,9.16,14.11,13.87,13.88,13.94,13.62,13.44,12.39
AFL,Aflac,Financials,Life & Health Insurance,110.75,115.24,95.64,110.39,110.28,109.64,109.75,108.71,107.05,105.98
A,Agilent Technologies,Health Care,Life Sciences Tools & Services,137.49,160.27,96.03,138.1,137.9,141.03,144.93,136.04,132.29,124.68
APD,Air Products,Materials,Industrial Gases,249.06,334.71,229.11,246.99,245.21,246.34,250.97,265.55,270.48,271.48
ABNB,Airbnb,Consumer Discretionary,"Hotels, Resorts & Cruise Lines",137.11,163.93,99.88,136.76,135.58,130.14,125.15,124.47,126.75,126.77
AKAM,Akamai Technologies,Information Technology,Internet Services & Infrastructure,88.39,103.75,67.51,88.62,88.62,87.32,83.97,80.0,79.61,79.13
ALB,Albemarle Corporation,Materials,Specialty Chemicals,142.21,152.08,48.7,146.4,142.95,135.73,118.22,100.77,95.02,82.27
ARE,Alexandria Real Estate Equities,Real Estate,Office REITs,49.51,100.23,44.1,48.82,48.41,47.74,54.2,66.94,68.94,71.17
ALGN,Align Technology,Health Care,Health Care Supplies,158.3,237.23,122.0,157.82,159.1,159.21,146.53,140.6,149.19,159.1
ALLE,Allegion,Industrials,Building Products,161.03,180.68,116.14,160.93,160.57,160.95,164.27,168.7,166.25,154.7
LNT,Alliant Energy,Utilities,Electric Utilities,65.59,69.59,54.52,65.39,65.3,65.38,66.79,66.03,65.45,63.54
ALL,Allstate,Financials,Property & Casualty Insurance,209.39,214.88,173.06,208.89,208.12,206.82,203.62,204.02,202.21,200.62
GOOGL,Alphabet Inc. (Class A),Communication Services,Interactive Media & Services,314.2,328.62,140.14,313.94,309.24,312.34,295.35,263.22,248.0,216.32
GOOG,Alphabet Inc. (Class C),Communication Services,Interactive Media & Services,314.94,328.46,142.27,315.13,310.51,313.41,296.07,263.9,248.73,217.38
MO,Altria,Consumer Staples,Tobacco,57.81,66.3,46.73,57.73,57.69,57.58,58.1,61.12,60.47,58.71
AMZN,Amazon,Consumer Discretionary,Broadline Retail,232.02,258.6,161.38,232.23,228.75,228.93,231.14,228.33,227.66,216.68
AMCR,Amcor,Materials,Paper & Plastic Packaging Products & Materials,8.41,10.3,7.67,8.34,8.34,8.31,8.3,8.35,8.6,8.83
AEE,Ameren,Utilities,Multi-Utilities,101.02,105.97,84.34,100.06,99.39,99.14,101.66,101.11,100.37,98.52
AEP,American Electric Power,Utilities,Electric Utilities,116.15,124.8,86.88,115.61,115.2,115.75,118.29,114.65,113.1,108.98
AXP,American Express,Financials,Consumer Finance,373.94,387.49,219.32,379.12,378.48,375.35,365.26,344.72,337.49,315.72
AIG,American International Group,Financials,Multi-line Insurance,86.47,87.29,67.79,86.51,86.19,82.7,79.27,79.27,79.29,80.36
AMT,American Tower,Real Estate,Telecom Tower REITs,176.69,230.04,166.66,174.63,174.16,175.98,178.79,186.2,192.13,198.85
AWK,American Water Works,Utilities,Water Utilities,131.48,152.71,115.89,131.0,131.67,130.9,131.57,135.69,136.61,138.25
AMP,Ameriprise Financial,Financials,Asset Management & Custody Banks,495.6,574.69,392.21,498.91,494.14,487.77,470.96,483.44,491.29,491.4
AME,Ametek,Industrials,Electrical Components & Equipment,207.35,210.14,144.31,208.27,205.45,202.69,196.93,191.07,188.9,182.6
AMGN,Amgen,Health Care,Biotechnology,329.15,346.38,248.95,331.43,329.31,327.89,321.59,303.12,301.26,294.05
APH,Amphenol,Information Technology,Electronic Components,136.06,144.09,56.16,137.09,134.11,135.65,135.94,126.51,121.74,105.95
ADI,Analog Devices,Information Technology,Semiconductors,275.01,284.23,156.76,276.35,275.64,277.12,253.73,247.66,244.63,230.49
AON,Aon plc,Financials,Insurance Brokers,357.25,411.24,322.37,356.63,354.55,350.67,346.63,354.96,355.38,359.23
APA,APA Corporation,Energy,Oil & Gas Exploration & Production,24.72,27.72,13.04,24.4,24.29,25.26,24.3,23.43,22.52,20.59
APO,Apollo Global Management,Financials,Asset Management & Custody Banks,146.64,172.48,101.44,147.93,147.47,144.59,134.48,134.12,136.53,135.2
AAPL,Apple Inc.,Information Technology,"Technology Hardware, Storage & Peripherals",273.13,288.62,168.63,273.29,272.97,276.19,272.39,256.61,247.36,231.11
AMAT,Applied Materials,Information Technology,Semiconductor Materials & Equipment,260.36,276.1,122.8,261.26,258.23,262.74,244.33,215.57,210.15,190.29
APTV,Aptiv,Consumer Discretionary,Automotive Parts & Equipment,76.86,88.8,47.19,76.74,77.09,77.37,79.29,80.19,77.97,72.09
ACGL,Arch Capital Group,Financials,Property & Casualty Insurance,96.68,97.6,82.45,96.46,96.35,94.55,91.59,91.1,90.55,91.29
ADM,Archer Daniels Midland,Consumer Staples,Agricultural Products & Services,58.28,64.46,39.88,57.93,58.06,58.67,59.08,59.87,58.7,54.5
ANET,Arista Networks,Information Technology,Communications Equipment,132.69,164.94,59.43,132.15,129.57,129.22,135.14,138.66,133.77,115.98
AJG,Arthur J. Gallagher & Co.,Financials,Insurance Brokers,263.05,348.85,236.34,261.43,257.43,251.22,254.99,276.64,281.87,299.2
AIZ,Assurant,Financials,Multi-line Insurance,243.0,243.76,172.97,241.54,239.66,232.26,224.22,218.41,212.3,206.37
T,AT&T,Communication Services,Integrated Telecommunication Services,24.83,29.47,20.72,24.67,24.45,24.65,25.06,26.52,26.67,26.76
ATO,Atmos Energy,Utilities,Gas Utilities,169.11,179.62,133.16,168.48,168.3,168.64,172.09,169.46,166.41,161.14
ADSK,Autodesk,Information Technology,Application Software,300.33,329.09,232.67,299.61,298.48,300.5,300.54,304.47,303.59,295.46
ADP,Automatic Data Processing,Industrials,Human Resource & Employment Services,260.25,324.5,245.59,258.76,260.01,259.86,259.65,276.18,281.15,288.7
AZO,AutoZone,Consumer Discretionary,Automotive Retail,3405.1,4388.11,3162.0,3437.85,3423.28,3531.7,3702.62,3925.57,3901.92,3820.54
AVB,AvalonBay Communities,Real Estate,Multi-Family Residential REITs,185.11,224.32,166.73,183.39,181.8,179.91,180.06,184.83,187.06,192.6
AVY,Avery Dennison,Materials,Paper & Plastic Packaging Products & Materials,183.27,192.3,154.46,182.28,182.38,179.91,175.35,170.49,171.28,172.0
AXON,Axon Enterprise,Industrials,Aerospace & Defense,572.36,885.92,469.24,583.78,578.17,566.49,600.3,670.82,689.28,679.99
BKR,Baker Hughes,Energy,Oil & Gas Equipment & Services,46.04,51.12,33.06,45.43,45.22,46.82,47.57,46.7,45.69,42.89
BALL,Ball Corporation,Materials,"Metal, Glass & Plastic Containers",53.47,59.82,43.01,52.76,52.44,50.68,49.2,49.77,51.28,51.45
BAC,Bank of America,Financials,Diversified Banks,55.24,56.55,32.53,55.8,55.37,54.74,53.31,51.48,50.51,47.18
BAX,Baxter International,Health Care,Health Care Equipment,19.35,37.25,17.39,19.2,19.14,18.91,19.28,21.37,22.51,25.51
BDX,Becton Dickinson,Health Care,Health Care Equipment,195.96,246.65,160.6,195.85,195.8,195.19,189.69,189.43,186.93,186.94
BBY,Best Buy,Consumer Discretionary,Computer & Electronics Retail,67.9,87.0,52.85,68.93,70.36,71.63,75.6,74.39,72.84,70.37
TECH,Bio-Techne,Health Care,Life Sciences Tools & Services,59.21,78.83,45.8,59.22,58.49,59.71,60.82,57.98,57.15,55.07
BIIB,Biogen,Health Care,Biotechnology,176.7,185.17,110.04,176.35,174.48,176.26,166.77,154.14,149.34,141.03
BLK,BlackRock,Financials,Asset Management & Custody Banks,1085.68,1214.03,762.34,1087.54,1078.42,1076.24,1071.41,1102.31,1100.09,1039.29
BX,Blackstone Inc.,Financials,Asset Management & Custody Banks,154.98,188.42,113.15,155.25,154.27,153.21,148.92,159.5,160.67,151.7
XYZ,"Block, Inc.",Financials,Transaction & Payment Processing Services,65.65,94.25,44.27,65.77,65.2,63.74,67.04,71.56,72.02,66.99
BK,BNY Mellon,Financials,Asset Management & Custody Banks,116.68,119.4,69.31,117.41,116.25,115.85,111.54,108.29,106.09,97.77
BA,Boeing,Industrials,Aerospace & Defense,219.23,242.69,128.88,217.59,214.02,208.39,202.69,212.83,215.63,204.99
BKNG,Booking Holdings,Consumer Discretionary,"Hotels, Resorts & Cruise Lines",5432.26,5818.24,4074.35,5439.9,5412.36,5309.52,5112.42,5276.79,5345.21,5231.04
BSX,Boston Scientific,Health Care,Health Care Equipment,96.07,109.5,85.98,96.02,95.57,95.21,98.44,99.85,100.79,100.95
BMY,Bristol Myers Squibb,Health Care,Pharmaceuticals,54.18,61.0,42.38,54.38,54.19,52.83,48.91,47.24,47.03,47.84
AVGO,Broadcom,Information Technology,Semiconductors,350.49,413.82,137.28,350.31,342.8,364.03,361.17,344.05,332.3,287.36
BR,Broadridge Financial Solutions,Industrials,Data Processing & Outsourced Services,225.73,269.71,209.84,227.41,227.41,227.89,226.08,235.84,237.35,236.42
BRO,Brown & Brown,Financials,Insurance Brokers,80.4,125.05,76.17,80.56,80.6,80.03,80.82,87.4,90.07,98.69
BLDR,Builders FirstSource,Industrials,Building Products,102.95,175.12,94.35,103.42,103.69,106.47,109.03,120.79,122.6,120.71
BG,Bunge Global,Consumer Staples,Agricultural Products & Services,89.8,98.82,65.12,89.1,90.36,91.83,93.73,88.03,85.6,82.21
BXP,"BXP, Inc.",Real Estate,Office REITs,69.24,78.59,52.95,69.12,69.32,69.92,70.77,71.2,70.58,68.59
CHRW,C.H. Robinson,Industrials,Air Freight & Logistics,162.16,167.9,83.39,164.05,163.59,160.36,151.64,139.7,132.21,117.71
CDNS,Cadence Design Systems,Information Technology,Application Software,316.23,376.45,221.56,317.5,316.77,324.2,323.37,335.94,335.75,317.39
CZR,Caesars Entertainment,Consumer Discretionary,Casinos & Gaming,23.71,40.0,18.25,24.29,24.25,23.93,22.13,23.73,24.72,25.68
CPT,Camden Property Trust,Real Estate,Multi-Family Residential REITs,110.86,121.85,96.2,109.3,108.25,105.63,103.34,104.17,105.32,108.09
CPB,Campbell's Company (The),Consumer Staples,Packaged Foods & Meats,28.13,42.36,27.64,28.03,28.33,28.71,29.92,30.93,31.01,32.39
COF,Capital One,Financials,Consumer Finance,244.12,249.74,141.84,247.01,244.95,238.86,224.86,221.31,219.89,206.51
CAH,Cardinal Health,Health Care,Health Care Distributors,208.23,214.93,115.86,207.76,204.24,201.84,196.23,173.95,170.95,161.46
KMX,CarMax,Consumer Discretionary,Automotive Retail,39.41,89.47,30.26,39.1,39.31,39.58,38.82,46.58,49.6,56.61
CCL,Carnival,Consumer Discretionary,"Hotels, Resorts & Cruise Lines",30.84,32.89,15.07,31.03,30.31,28.42,27.66,28.92,29.03,26.21
CARR,Carrier Global,Industrials,Building Products,53.56,80.78,50.3,53.52,53.36,53.49,54.96,58.42,61.45,63.63
CAT,Caterpillar Inc.,Industrials,Construction Machinery & Heavy Transportation Equipment,578.2,627.5,264.29,581.2,578.13,588.85,568.39,510.17,491.37,431.95
CBOE,Cboe Global Markets,Financials,Financial Exchanges & Data,255.84,262.98,186.22,255.76,252.78,252.5,250.87,245.79,244.66,236.09
CBRE,CBRE Group,Real Estate,Real Estate Services,163.43,171.0,108.45,164.22,162.81,160.95,157.93,158.61,156.15,145.39
CDW,CDW Corporation,Information Technology,Technology Distributors,138.67,219.61,135.03,138.77,140.58,143.33,145.78,153.34,157.74,161.6
COR,Cencora,Health Care,Health Care Distributors,340.93,377.54,222.21,340.56,340.9,341.45,347.82,323.71,317.3,304.87
CNC,Centene Corporation,Health Care,Managed Health Care,41.36,66.81,25.08,40.43,39.82,39.47,37.52,34.81,33.58,42.9
CNP,CenterPoint Energy,Utilities,Multi-Utilities,38.67,40.28,29.87,38.31,38.16,38.11,38.83,38.5,38.19,37.48
CF,CF Industries,Materials,Fertilizers & Agricultural Chemicals,77.19,103.22,66.16,77.6,77.9,78.1,80.58,83.28,85.1,84.3
CRL,Charles River Laboratories,Health Care,Life Sciences Tools & Services,202.02,205.0,91.86,202.97,200.0,194.07,183.28,171.91,170.1,158.26
SCHW,Charles Schwab Corporation,Financials,Investment Banking & Brokerage,100.56,102.28,65.3,101.36,99.69,97.25,95.02,94.73,94.66,90.15
CHTR,Charter Communications,Communication Services,Cable & Satellite,209.04,437.06,193.0,207.19,207.79,205.97,215.02,240.71,263.21,307.19
CVX,Chevron Corporation,Energy,Integrated Oil & Gas,152.43,163.27,127.59,150.89,149.6,149.96,151.47,152.71,151.97,147.64
CMG,Chipotle Mexican Grill,Consumer Discretionary,Restaurants,37.15,61.16,29.75,37.56,37.36,35.9,34.89,37.99,40.36,44.29
CB,Chubb Limited,Financials,Property & Casualty Insurance,314.6,315.08,250.52,313.83,312.56,306.34,294.87,286.1,283.57,285.24
CHD,Church & Dwight,Consumer Staples,Household Products,84.63,115.32,81.05,85.21,85.15,84.41,84.69,87.61,89.18,92.9
CI,Cigna,Health Care,Health Care Services,276.6,344.64,238.17,275.55,274.92,271.87,274.24,284.38,285.7,297.75
CINF,Cincinnati Financial,Financials,Property & Casualty Insurance,165.1,168.98,120.97,165.31,165.77,164.23,161.75,157.95,155.82,150.43
CTAS,Cintas,Industrials,Diversified Support Services,190.79,228.23,179.31,190.96,189.92,187.77,186.74,195.57,200.29,204.57
CSCO,Cisco,Information Technology,Communications Equipment,77.5,80.82,51.49,77.9,77.65,78.04,75.52,71.73,70.96,67.15
C,Citigroup,Financials,Diversified Banks,117.03,122.84,54.39,119.31,116.51,112.87,105.16,101.06,98.95,88.64
CFG,Citizens Financial Group,Financials,Regional Banks,58.91,60.1,31.67,59.45,59.15,57.92,54.11,52.46,51.42,46.75
CLX,Clorox,Consumer Staples,Household Products,101.02,158.46,96.66,98.9,99.16,101.3,105.65,113.02,115.27,121.44
CME,CME Group,Financials,Financial Exchanges & Data,276.27,286.76,220.42,276.67,273.83,272.46,272.14,268.99,270.24,269.17
CMS,CMS Energy,Utilities,Multi-Utilities,70.61,75.54,62.07,70.17,70.05,70.47,72.41,72.08,71.85,71.24
KO,Coca-Cola Company (The),Consumer Staples,Soft Drinks & Non-alcoholic Beverages,70.18,72.91,58.88,70.04,70.19,70.25,70.16,68.65,68.62,68.98
CTSH,Cognizant,Information Technology,IT Consulting & Other Services,84.32,89.37,64.7,85.1,84.71,83.08,76.54,72.69,73.06,74.2
COIN,Coinbase,Financials,Financial Exchanges & Data,232.29,444.65,142.58,237.0,241.4,255.58,283.06,305.72,318.85,285.58
CL,Colgate-Palmolive,Consumer Staples,Household Products,79.57,98.37,74.55,79.83,79.3,78.58,78.46,79.96,81.34,84.59
CMCSA,Comcast,Communication Services,Cable & Satellite,29.96,37.31,25.75,29.73,29.78,28.54,28.08,30.0,30.78,32.06
CAG,Conagra Brands,Consumer Staples,Packaged Foods & Meats,17.45,27.05,16.6,17.24,17.43,17.38,17.47,17.99,18.13,19.85
COP,ConocoPhillips,Energy,Oil & Gas Exploration & Production,94.23,103.48,77.84,92.59,92.61,93.19,89.88,91.44,91.64,90.95
ED,Consolidated Edison,Utilities,Multi-Utilities,99.97,112.03,84.37,99.46,99.3,97.92,98.58,98.63,98.96,100.76
STZ,Constellation Brands,Consumer Staples,Distillers & Vintners,140.14,223.22,126.45,139.56,139.36,141.21,136.11,141.42,146.92,158.04
CEG,Constellation Energy,Utilities,Electric Utilities,356.98,412.23,160.75,360.21,358.19,360.09,360.53,347.64,343.18,311.19
COO,Cooper Companies (The),Health Care,Health Care Supplies,82.56,100.24,61.78,82.57,82.54,80.93,76.02,72.79,72.77,74.48
CPRT,Copart,Industrials,Diversified Support Services,39.58,63.85,38.18,39.32,39.25,39.0,40.73,43.64,44.26,48.51
GLW,Corning Inc.,Information Technology,Electronic Components,88.89,96.64,36.82,89.29,88.13,88.3,86.28,80.63,75.75,64.81
CPAY,Corpay,Financials,Transaction & Payment Processing Services,307.0,400.81,252.84,309.5,309.85,308.08,291.11,297.97,304.05,313.87
CTVA,Corteva,Materials,Fertilizers & Agricultural Chemicals,67.46,77.02,53.0,67.41,66.93,66.33,65.01,67.07,68.25,67.31
CSGP,CoStar Group,Real Estate,Real Estate Services,67.81,97.43,62.0,67.19,66.11,66.81,68.91,77.24,79.67,79.13
COST,Costco,Consumer Staples,Consumer Staples Merchandise Retail,866.98,1073.82,844.06,866.96,862.11,876.79,901.22,925.07,930.98,949.21
CTRA,Coterra,Energy,Oil & Gas Exploration & Production,26.63,29.04,21.87,26.06,25.78,26.28,25.57,24.57,24.44,24.75
CRWD,CrowdStrike,Information Technology,Systems Software,476.77,566.9,298.0,477.96,479.01,495.93,513.78,484.48,481.91,460.74
CCI,Crown Castle,Real Estate,Telecom Tower REITs,88.99,113.13,80.07,88.24,87.68,88.29,90.04,92.93,95.05,96.32
CSX,CSX Corporation,Industrials,Rail Transportation,36.44,37.54,25.91,36.63,36.61,36.55,35.67,34.95,34.83,32.95
CMI,Cummins,Industrials,Construction Machinery & Heavy Transportation Equipment,514.55,526.5,256.13,516.6,512.16,511.77,476.73,442.69,424.33,380.81
CVS,CVS Health,Health Care,Health Care Services,80.0,85.15,41.86,79.36,78.68,78.28,78.88,76.06,73.3,69.98
DHR,Danaher Corporation,Health Care,Life Sciences Tools & Services,230.96,256.62,170.19,230.71,227.65,227.36,222.36,211.65,208.92,203.92
DRI,Darden Restaurants,Consumer Discretionary,Restaurants,185.5,224.86,169.0,187.54,188.48,183.94,180.5,189.28,192.64,196.68
DDOG,Datadog,Information Technology,Application Software,137.43,201.69,81.63,138.59,139.02,145.15,158.67,149.43,148.18,134.04
DVA,DaVita,Health Care,Health Care Services,114.17,179.6,112.54,114.16,115.5,117.06,120.16,126.25,129.34,134.47
DAY,Dayforce,Industrials,Human Resource & Employment Services,69.21,75.14,48.01,69.17,69.2,69.16,68.89,67.83,65.66,62.53
DECK,Deckers Brands,Consumer Discretionary,Footwear,105.25,223.98,78.91,102.74,102.22,100.71,91.98,100.37,101.31,105.16
DE,Deere & Company,Industrials,Agricultural & Farm Machinery,471.2,530.24,398.95,468.8,472.49,474.04,473.21,472.95,479.92,481.83
DELL,Dell Technologies,Information Technology,"Technology Hardware, Storage & Peripherals",127.68,168.08,65.33,128.08,127.8,132.19,138.53,137.14,135.24,122.4
DAL,Delta Air Lines,Industrials,Passenger Airlines,69.39,72.34,34.41,70.25,70.54,69.43,63.36,61.18,59.73,54.49
DVN,Devon Energy,Energy,Oil & Gas Exploration & Production,36.86,38.23,25.37,36.25,36.13,36.69,35.01,34.57,34.19,33.34
DXCM,Dexcom,Health Care,Health Care Equipment,67.3,93.25,54.11,67.32,66.81,66.47,64.18,68.8,71.75,73.93
FANG,Diamondback Energy,Energy,Oil & Gas Exploration & Production,152.01,175.92,111.64,148.39,148.87,153.25,148.1,144.54,143.98,142.14
DLR,Digital Realty,Real Estate,Data Center REITs,156.46,182.13,127.13,155.24,152.63,155.41,160.94,164.52,165.93,163.08
DG,Dollar General,Consumer Staples,Consumer Staples Merchandise Retail,136.37,139.83,65.27,136.29,136.44,130.82,113.87,110.01,109.99,104.82
DLTR,Dollar Tree,Consumer Staples,Consumer Staples Merchandise Retail,124.38,132.48,61.8,122.76,125.05,123.3,111.05,105.98,107.03,98.46
D,Dominion Energy,Utilities,Multi-Utilities,59.3,62.17,46.43,58.98,59.11,59.0,59.63,59.58,59.08,56.87
DPZ,Domino's,Consumer Discretionary,Restaurants,422.31,493.24,390.88,424.15,428.38,426.29,415.32,425.78,432.97,444.08
DASH,DoorDash,Consumer Discretionary,Specialized Consumer Services,229.09,285.5,155.4,231.76,230.81,227.42,225.0,242.3,242.9,226.88
DOV,Dover Corporation,Industrials,Industrial Machinery & Supplies & Components,198.01,219.84,141.82,199.34,198.12,195.97,186.2,179.04,180.02,177.77
DOW,Dow Inc.,Materials,Commodity Chemicals,23.51,39.24,19.82,23.22,23.17,23.39,22.95,22.93,23.48,25.45
DHI,D. R. Horton,Consumer Discretionary,Homebuilding,145.59,183.98,109.46,145.79,148.01,152.4,150.14,158.22,154.73,142.99
DTE,DTE Energy,Utilities,Multi-Utilities,130.21,142.5,112.5,129.24,128.96,129.34,133.63,135.23,134.98,133.66
DUK,Duke Energy,Utilities,Electric Utilities,117.91,128.91,101.53,117.38,116.93,116.65,120.9,121.56,120.79,118.82
DD,DuPont,Materials,Specialty Chemicals,40.67,41.85,22.13,40.99,40.92,40.7,38.57,35.2,34.29,31.92
EMN,Eastman Chemical Company,Materials,Specialty Chemicals,64.33,99.23,55.35,63.39,63.55,62.72,60.98,62.33,64.4,69.31
ETN,Eaton Corporation,Industrials,Electrical Components & Equipment,320.78,398.4,230.37,322.18,321.08,330.51,349.68,356.24,359.2,338.98
EBAY,eBay Inc.,Consumer Discretionary,Broadline Retail,87.03,100.76,58.09,85.73,84.53,83.88,85.33,88.93,87.35,80.74
ECL,Ecolab,Materials,Specialty Chemicals,264.97,284.56,219.93,265.31,264.19,262.39,263.69,268.48,268.02,262.21
EIX,Edison International,Utilities,Electric Utilities,60.49,76.53,46.27,60.05,59.9,58.73,57.99,56.22,55.24,54.55
EW,Edwards Lifesciences,Health Care,Health Care Equipment,86.47,87.89,65.94,86.56,85.99,85.14,83.85,80.66,80.11,77.87
EA,Electronic Arts,Communication Services,Interactive Home Entertainment,204.44,204.84,114.66,204.51,204.2,203.9,202.04,191.32,183.73,170.01
ELV,Elevance Health,Health Care,Managed Health Care,349.67,451.93,270.83,346.89,346.19,343.2,333.39,326.23,321.46,350.89
EMR,Emerson Electric,Industrials,Electrical Components & Equipment,135.43,149.03,88.93,135.63,134.35,135.29,132.89,132.11,133.91,126.36
ENPH,Enphase Energy,Information Technology,Semiconductor Materials & Equipment,32.35,76.9,25.78,32.71,32.67,31.97,31.32,34.03,34.69,39.81
ETR,Entergy,Utilities,Electric Utilities,93.57,97.93,72.67,92.91,92.49,92.98,94.43,92.43,90.98,87.41
EOG,EOG Resources,Energy,Oil & Gas Exploration & Production,105.73,134.2,99.8,104.35,103.62,106.8,106.9,111.13,112.53,113.03
EPAM,EPAM Systems,Information Technology,IT Consulting & Other Services,206.92,269.0,138.15,209.41,208.5,206.97,185.53,171.84,170.83,170.1
EQT,EQT Corporation,Energy,Oil & Gas Exploration & Production,54.78,62.23,43.18,54.33,54.05,56.11,56.49,54.41,54.36,54.03
EFX,Equifax,Industrials,Research & Consulting Services,220.82,279.27,198.73,221.11,220.13,216.77,214.92,230.13,234.24,240.67
EQIX,Equinix,Real Estate,Data Center REITs,770.13,943.1,689.25,763.46,758.38,749.62,778.11,779.48,777.67,798.2
EQR,Equity Residential,Real Estate,Multi-Family Residential REITs,63.54,73.58,58.19,62.99,62.34,61.71,61.03,62.39,62.99,64.69
ERIE,Erie Indemnity,Financials,Insurance Brokers,289.09,451.6,273.59,285.34,286.2,286.85,293.52,313.53,321.0,340.68
ESS,Essex Property Trust,Real Estate,Multi-Family Residential REITs,264.38,307.81,239.32,262.07,260.75,258.78,258.32,259.78,263.0,268.88
EL,Estée Lauder Companies (The),Consumer Staples,Personal Care Products,106.0,110.37,47.76,107.09,106.98,105.19,97.88,93.65,92.66,82.14
EG,Everest Group,Financials,Reinsurance,342.22,368.99,302.44,338.61,334.85,325.65,324.09,333.81,333.84,338.31
EVRG,Evergy,Utilities,Electric Utilities,73.27,78.59,57.4,72.93,72.97,73.36,75.2,74.01,72.93,70.2
ES,Eversource Energy,Utilities,Electric Utilities,67.92,74.42,50.49,67.18,67.15,66.81,69.15,67.63,66.93,64.27
EXC,Exelon,Utilities,Electric Utilities,43.96,48.09,35.76,43.63,43.76,43.79,45.31,44.79,44.45,44.09
EXE,Expand Energy,Energy,Oil & Gas Exploration & Production,111.78,126.62,90.25,109.89,109.26,114.0,112.03,105.44,104.74,106.17
EXPE,Expedia Group,Consumer Discretionary,"Hotels, Resorts & Cruise Lines",285.11,292.42,129.24,286.86,286.63,277.64,254.04,234.31,223.92,201.07
EXPD,Expeditors International,Industrials,Air Freight & Logistics,150.28,155.04,99.26,151.36,151.31,150.66,139.78,129.93,126.94,121.3
EXR,Extra Space Storage,Real Estate,Self-Storage REITs,131.32,155.55,116.98,130.5,130.68,130.19,132.99,136.28,137.71,138.98
XOM,ExxonMobil,Energy,Integrated Oil & Gas,121.26,121.8,95.18,119.91,118.3,117.99,116.44,113.52,112.6,110.08
FFIV,"F5, Inc.",Information Technology,Communications Equipment,260.45,346.0,223.76,261.16,259.66,256.08,253.94,288.3,291.24,285.44
FDS,FactSet,Financials,Financial Exchanges & Data,291.95,487.33,249.51,291.7,290.05,288.31,279.52,305.58,328.34,368.33
FICO,Fair Isaac,Information Technology,Application Software,1748.82,2217.6,1300.0,1746.1,1753.01,1769.22,1727.24,1627.75,1608.31,1708.2
FAST,Fastenal,Industrials,Trading Companies & Distributors,41.01,50.37,34.62,41.48,41.81,41.57,41.24,44.4,44.55,42.78
FRT,Federal Realty Investment Trust,Real Estate,Retail REITs,102.1,108.13,78.83,102.0,101.65,99.78,98.55,98.08,97.05,95.4
FDX,FedEx,Industrials,Air Freight & Logistics,291.46,297.0,190.85,294.36,290.51,283.4,267.5,248.79,244.76,235.15
FIS,Fidelity National Information Services,Financials,Transaction & Payment Processing Services,67.29,82.1,59.15,67.18,66.77,66.45,65.33,66.35,68.72,71.5
FITB,Fifth Third Bancorp,Financials,Regional Banks,47.55,48.71,31.68,48.02,47.92,47.05,44.22,44.07,43.71,41.29
FSLR,First Solar,Information Technology,Semiconductors,264.41,285.99,116.56,268.79,266.99,262.92,257.58,234.13,222.65,193.67
FE,FirstEnergy,Utilities,Electric Utilities,45.02,47.73,36.45,44.85,44.6,44.69,45.63,44.83,43.99,42.47
FI,Fiserv,Financials,Transaction & Payment Processing Services,67.28,238.59,59.56,67.81,68.0,67.03,74.62,103.35,113.77,141.35
F,Ford Motor Company,Consumer Discretionary,Automobile Manufacturers,13.23,13.99,8.11,13.29,13.37,13.33,13.1,12.34,12.08,11.26
FTNT,Fortinet,Information Technology,Systems Software,80.53,114.82,70.12,80.95,80.83,82.05,82.54,81.85,85.88,91.4
FTV,Fortive,Industrials,Industrial Machinery & Supplies & Components,56.09,62.51,45.35,55.81,55.42,54.81,52.49,50.43,50.44,51.32
FOXA,Fox Corporation (Class A),Communication Services,Broadcasting,73.71,74.68,46.21,73.89,72.76,71.1,66.69,63.03,61.52,58.23
FOX,Fox Corporation (Class B),Communication Services,Broadcasting,65.46,65.74,42.96,65.09,64.27,62.95,59.54,56.65,55.49,52.95
BEN,Franklin Resources,Financials,Asset Management & Custody Banks,23.85,25.72,15.81,24.16,24.04,23.64,22.94,23.5,23.66,22.29
FCX,Freeport-McMoRan,Materials,Copper,51.52,53.77,27.35,51.97,50.29,47.97,43.76,43.1,43.18,41.31
GRMN,Garmin,Consumer Discretionary,Consumer Electronics,205.66,260.57,167.16,205.0,204.31,203.93,207.72,223.49,223.25,214.0
IT,Gartner,Information Technology,IT Consulting & Other Services,254.74,584.01,222.54,252.54,251.21,241.75,239.12,242.98,264.13,322.55
GE,GE Aerospace,Industrials,Aerospace & Defense,312.14,317.7,158.75,314.01,308.29,298.92,301.19,293.3,287.23,260.96
GEHC,GE HealthCare,Health Care,Health Care Equipment,83.46,94.66,57.57,83.39,83.09,83.39,78.79,76.62,76.18,74.41
GEV,GE Vernova,Industrials,Heavy Electrical Equipment,662.04,731.0,251.84,663.55,657.77,653.46,606.78,611.8,608.57,532.16
GEN,Gen Digital,Information Technology,Systems Software,27.44,31.94,22.45,27.58,27.62,27.41,26.79,27.94,28.26,27.83
GNRC,Generac,Industrials,Electrical Components & Equipment,138.18,203.25,99.5,139.58,141.41,151.58,158.2,170.37,168.85,152.11
GD,General Dynamics,Industrials,Aerospace & Defense,340.11,360.5,235.63,342.4,340.78,339.64,341.77,333.58,327.82,306.76
GIS,General Mills,Consumer Staples,Packaged Foods & Meats,46.76,65.04,45.15,46.87,47.4,46.76,47.08,48.09,48.42,50.6
GM,General Motors,Consumer Discretionary,Automobile Manufacturers,82.27,83.68,41.28,82.78,82.27,79.97,73.51,65.64,63.0,57.18
GPC,Genuine Parts Company,Consumer Discretionary,Distributors,124.06,141.97,101.6,124.74,125.78,127.87,127.45,131.69,130.7,125.92
GILD,Gilead Sciences,Health Care,Biotechnology,123.57,127.86,86.16,124.81,123.41,122.25,122.23,118.21,116.64,112.25
GPN,Global Payments,Financials,Transaction & Payment Processing Services,79.48,113.83,65.33,80.25,80.92,80.29,78.92,82.33,82.07,81.77
GL,Globe Life,Financials,Life & Health Insurance,142.02,147.54,106.36,142.37,141.2,137.82,135.02,137.35,135.53,130.46
GDDY,GoDaddy,Information Technology,Internet Services & Infrastructure,126.53,216.0,121.94,126.8,126.43,126.89,128.66,134.99,141.24,155.64
GS,Goldman Sachs,Financials,Investment Banking & Brokerage,883.34,919.1,432.73,899.01,891.53,879.03,822.56,791.15,774.37,698.68
HAL,Halliburton,Energy,Oil & Gas Equipment & Services,28.58,29.67,18.31,28.18,27.92,28.07,27.07,24.73,24.1,23.0
HIG,Hartford (The),Financials,Property & Casualty Insurance,139.03,140.5,103.19,139.06,138.89,135.88,131.92,131.26,129.5,126.85
HAS,Hasbro,Consumer Discretionary,Leisure Products,82.73,85.15,47.63,82.23,81.85,81.77,79.09,77.79,77.24,71.38
HCA,HCA Healthcare,Health Care,Health Care Facilities,473.47,519.23,287.82,474.54,472.59,478.37,474.22,441.42,425.44,399.25
DOC,Healthpeak Properties,Real Estate,Health Care REITs,16.22,20.21,15.71,16.04,16.11,16.47,17.25,17.5,17.47,17.43
HSIC,Henry Schein,Health Care,Health Care Distributors,76.8,82.49,60.56,76.41,76.77,75.63,71.83,69.44,69.67,69.49
HSY,Hershey Company (The),Consumer Staples,Packaged Foods & Meats,182.81,195.98,135.68,183.04,185.61,183.77,180.09,182.4,180.99,174.0
HPE,Hewlett Packard Enterprise,Information Technology,"Technology Hardware, Storage & Peripherals",24.14,26.28,11.75,24.4,24.29,23.91,23.15,23.25,22.68,20.35
HLT,Hilton Worldwide,Consumer Discretionary,"Hotels, Resorts & Cruise Lines",290.39,294.92,195.7,292.18,291.22,283.69,274.97,271.29,271.05,258.48
HOLX,Hologic,Health Care,Health Care Equipment,74.55,75.34,51.9,74.59,74.77,74.85,74.44,70.79,69.76,66.22
HD,Home Depot (The),Consumer Discretionary,Home Improvement Retail,346.51,424.01,320.39,347.21,349.19,351.27,359.74,379.79,377.28,369.15
HON,Honeywell,Industrials,Industrial Conglomerates,197.02,225.29,166.32,196.78,197.52,195.23,195.46,197.26,200.77,200.38
HRL,Hormel Foods,Consumer Staples,Packaged Foods & Meats,24.03,31.17,21.03,24.18,24.03,23.91,23.15,24.32,25.25,26.81
HST,Host Hotels & Resorts,Real Estate,Hotel & Resort REITs,18.26,18.72,11.93,18.4,18.44,18.08,17.45,17.07,16.84,15.95
HWM,Howmet Aerospace,Industrials,Aerospace & Defense,207.95,212.52,104.84,210.08,204.64,199.65,201.09,192.36,190.68,175.8
HPQ,HP Inc.,Information Technology,"Technology Hardware, Storage & Peripherals",22.91,33.78,20.52,23.0,23.41,24.24,24.93,25.99,25.73,25.51
HUBB,Hubbell Incorporated,Industrials,Industrial Machinery & Supplies & Components,447.98,482.66,296.56,453.3,446.3,444.11,441.66,435.43,432.98,407.27
HUM,Humana,Health Care,Managed Health Care,259.77,313.18,205.45,258.31,258.33,257.87,257.96,268.04,261.55,256.97
HBAN,Huntington Bancshares,Financials,Regional Banks,17.5,17.95,11.6,17.66,17.66,17.38,16.29,16.55,16.54,15.87
HII,Huntington Ingalls Industries,Industrials,Aerospace & Defense,342.16,360.2,155.24,349.8,340.99,329.18,315.41,294.64,287.2,261.39
IBM,IBM,Information Technology,IT Consulting & Other Services,302.89,324.9,209.2,304.41,303.28,305.7,303.11,281.34,278.93,269.25
IEX,IDEX Corporation,Industrials,Industrial Machinery & Supplies & Components,179.63,223.39,151.55,180.1,178.88,178.18,172.32,167.58,169.22,171.94
IDXX,Idexx Laboratories,Health Care,Health Care Equipment,685.34,769.98,356.14,686.44,692.05,701.53,694.29,667.25,645.38,580.15
ITW,Illinois Tool Works,Industrials,Industrial Machinery & Supplies & Components,250.76,273.07,212.05,251.85,251.52,251.75,248.42,253.62,254.12,249.04
INCY,Incyte,Health Care,Biotechnology,99.02,109.28,53.56,99.95,99.51,98.91,99.44,92.25,88.12,78.77
IR,Ingersoll Rand,Industrials,Industrial Machinery & Supplies & Components,80.71,95.76,65.56,81.18,80.29,80.36,78.77,79.26,80.36,79.97
PODD,Insulet Corporation,Health Care,Health Care Equipment,286.96,354.88,230.05,287.45,288.96,294.68,312.86,319.21,313.41,302.93
INTC,Intel,Information Technology,Semiconductors,37.44,44.02,17.67,36.57,36.57,38.56,38.01,33.38,31.09,27.4
ICE,Intercontinental Exchange,Financials,Financial Exchanges & Data,163.52,188.26,140.7,163.12,161.83,160.29,155.54,162.93,166.79,168.41
IFF,International Flavors & Fragrances,Materials,Specialty Chemicals,68.04,86.08,58.78,67.31,66.33,65.73,65.22,64.23,65.97,69.23
IP,International Paper,Materials,Paper & Plastic Packaging Products & Materials,39.72,57.79,35.35,39.66,39.17,38.92,39.58,43.02,44.39,45.33
IPG,Interpublic Group of Companies (The),Communication Services,Advertising,24.57,,,25.12,25.04,25.18,26.03,25.78,25.34,25.2
INTU,Intuit,Information Technology,Application Software,672.21,812.22,530.03,674.38,671.74,665.67,660.87,668.48,688.96,680.69
ISRG,Intuitive Surgical,Health Care,Health Care Equipment,574.26,616.0,425.0,576.39,570.76,565.96,555.47,505.18,505.12,510.59
IVZ,Invesco,Financials,Asset Management & Custody Banks,26.5,27.48,11.23,26.92,26.78,26.33,24.56,23.32,22.47,19.38
INVH,Invitation Homes,Real Estate,Single-Family Residential REITs,27.99,34.75,25.73,27.48,27.19,26.9,27.53,28.34,28.88,30.29
IQV,IQVIA,Health Care,Life Sciences Tools & Services,228.18,234.3,134.65,226.68,224.41,224.21,221.11,206.13,200.08,183.41
IRM,Iron Mountain,Real Estate,Other Specialized REITs,83.32,108.27,70.45,82.04,81.06,82.39,90.25,93.23,93.77,92.78
JBHT,J.B. Hunt,Industrials,Cargo Ground Transportation,196.66,204.43,121.7,197.56,197.23,194.78,178.48,159.57,157.17,150.44
JBL,Jabil,Information Technology,Electronic Manufacturing Services,231.68,237.05,108.52,234.46,227.46,225.04,215.09,213.56,215.31,194.73
JKHY,Jack Henry & Associates,Financials,Transaction & Payment Processing Services,184.75,194.03,143.64,185.56,185.7,183.81,170.21,163.03,165.28,169.29
J,Jacobs Solutions,Industrials,Construction & Engineering,134.42,168.03,104.43,135.39,134.57,136.05,144.48,146.74,145.11,136.63
JNJ,Johnson & Johnson,Health Care,Pharmaceuticals,207.55,215.19,136.5,207.26,207.79,206.85,199.01,189.01,183.55,171.79
JCI,Johnson Controls,Industrials,Building Products,121.18,123.78,67.78,121.49,119.99,117.71,116.38,111.84,110.86,103.28
JPM,JPMorgan Chase,Financials,Diversified Banks,323.51,330.86,200.22,326.05,321.41,317.35,310.5,305.96,302.81,283.63
K,Kellanova,Consumer Staples,Packaged Foods & Meats,83.44,83.49,75.95,83.32,83.2,83.01,82.65,80.64,80.17,80.35
KVUE,Kenvue,Consumer Staples,Personal Care Products,17.34,24.41,13.85,17.19,17.16,17.12,16.38,17.35,18.13,19.66
KDP,Keurig Dr Pepper,Consumer Staples,Soft Drinks & Non-alcoholic Beverages,28.17,35.62,25.03,28.07,28.12,28.54,27.77,28.22,29.21,30.73
KEY,KeyCorp,Financials,Regional Banks,20.76,21.25,12.29,21.02,20.96,20.34,18.64,18.45,18.33,17.15
KEYS,Keysight Technologies,Information Technology,Electronic Equipment & Instruments,206.19,214.58,121.43,205.93,203.88,206.48,189.75,179.15,176.07,167.45
KMB,Kimberly-Clark,Consumer Staples,Household Products,101.61,145.82,98.03,100.97,101.23,102.33,105.71,115.25,117.55,123.04
KIM,Kimco Realty,Real Estate,Retail REITs,20.42,22.68,17.3,20.34,20.25,20.17,20.44,20.93,20.94,20.63
KMI,Kinder Morgan,Energy,Oil & Gas Storage & Transportation,27.64,30.15,23.17,27.34,26.94,27.02,26.76,26.86,26.92,26.9
KKR,KKR & Co.,Financials,Asset Management & Custody Banks,128.99,169.44,85.77,130.12,131.01,131.94,124.51,130.31,133.01,127.05
KLAC,KLA Corporation,Information Technology,Semiconductor Materials & Equipment,1247.56,1286.81,547.89,1266.66,1246.24,1232.04,1195.57,1087.53,1052.17,937.37
KHC,Kraft Heinz,Consumer Staples,Packaged Foods & Meats,24.5,31.87,23.33,24.12,24.34,24.44,24.53,25.26,25.56,26.07
KR,Kroger,Consumer Staples,Food Retail,62.79,74.13,56.96,62.8,62.74,63.1,64.77,66.27,67.14,67.37
LHX,L3Harris,Industrials,Aerospace & Defense,295.82,306.84,189.46,296.9,291.13,286.62,286.71,284.08,280.26,259.5
LH,Labcorp,Health Care,Health Care Services,253.66,292.94,207.68,253.63,254.12,258.25,261.92,268.97,266.17,256.75
LRCX,Lam Research,Information Technology,Semiconductor Materials & Equipment,174.05,179.8,55.98,176.1,171.1,166.74,158.61,138.68,130.65,111.24
LW,Lamb Weston,Consumer Staples,Packaged Foods & Meats,42.24,66.87,41.41,42.1,47.58,53.51,57.87,57.61,56.66,55.16
LVS,Las Vegas Sands,Consumer Discretionary,Casinos & Gaming,65.06,70.45,29.72,65.88,66.4,66.52,63.86,58.49,56.82,50.15
LDOS,Leidos,Industrials,Diversified Support Services,183.07,205.3,122.37,185.47,184.28,185.94,188.87,186.26,181.56,168.04
LEN,Lennar,Consumer Discretionary,Homebuilding,104.05,143.63,97.13,104.54,107.58,115.28,120.45,124.65,122.42,117.3
LII,Lennox International,Industrials,Building Products,495.09,687.72,443.19,496.32,494.79,498.9,492.03,523.1,541.29,548.27
LLY,Lilly (Eli),Health Care,Pharmaceuticals,1080.72,1111.99,621.5,1077.16,1068.67,1043.19,986.16,867.99,848.28,823.31
LIN,Linde plc,Materials,Industrial Gases,428.94,483.05,387.78,426.05,424.0,413.44,419.16,444.72,448.74,450.49
LYV,Live Nation Entertainment,Communication Services,Movies & Entertainment,144.38,175.25,112.88,144.83,142.04,140.33,140.96,151.45,150.97,145.4
LKQ,LKQ Corporation,Consumer Discretionary,Distributors,30.75,43.32,28.13,30.43,30.19,29.93,30.04,30.33,31.08,34.1
LMT,Lockheed Martin,Industrials,Aerospace & Defense,488.95,512.11,404.07,485.83,480.88,471.89,469.81,468.33,462.08,459.98
L,Loews Corporation,Financials,Multi-line Insurance,106.31,109.06,78.83,106.76,106.43,105.23,103.71,100.75,98.89,94.78
LOW,Lowe's,Consumer Discretionary,Home Improvement Retail,243.22,273.63,203.22,243.34,244.13,245.2,239.82,246.68,242.29,234.47
LULU,Lululemon Athletica,Consumer Discretionary,"Apparel, Accessories & Luxury Goods",211.37,423.32,159.25,211.19,210.75,199.85,183.08,182.25,189.76,224.22
LYB,LyondellBasell,Materials,Specialty Chemicals,43.71,72.64,40.42,43.19,43.24,43.79,44.01,47.05,49.14,51.84
MTB,M&T Bank,Financials,Regional Banks,204.17,208.26,147.35,205.96,205.63,202.3,190.96,191.75,191.77,185.01
MPC,Marathon Petroleum,Energy,Oil & Gas Refining & Marketing,164.54,201.29,113.25,164.79,167.64,178.47,186.88,183.05,180.74,168.52
MKTX,MarketAxess,Financials,Financial Exchanges & Data,182.99,230.09,155.48,183.1,181.78,176.11,169.97,174.98,181.7,194.94
MAR,Marriott International,Consumer Discretionary,"Hotels, Resorts & Cruise Lines",314.31,316.69,203.87,314.71,312.03,304.12,290.24,277.42,276.13,265.88
MMC,Marsh McLennan,Financials,Insurance Brokers,187.78,245.83,174.18,187.18,186.54,184.92,183.21,192.71,195.52,206.56
MLM,Martin Marietta Materials,Materials,Construction Materials,632.97,664.29,440.13,639.44,633.95,627.92,618.44,618.17,608.73,575.81
MAS,Masco,Industrials,Building Products,64.38,80.67,55.74,64.51,64.59,64.15,63.95,67.63,67.37,65.87
MA,Mastercard,Financials,Transaction & Payment Processing Services,577.31,600.98,463.61,578.12,573.62,562.25,556.34,567.68,566.24,560.12
MTCH,Match Group,Communication Services,Interactive Media & Services,32.17,38.99,26.09,32.55,32.59,33.13,32.81,34.43,34.21,32.56
MKC,McCormick & Company,Consumer Staples,Packaged Foods & Meats,68.6,84.04,62.2,68.6,68.35,66.39,65.86,66.54,67.35,69.96
MCD,McDonald's,Consumer Discretionary,Restaurants,308.35,321.79,270.23,310.35,313.66,312.06,306.83,305.3,303.4,303.29
MCK,McKesson Corporation,Health Care,Health Care Distributors,828.2,894.75,563.37,827.81,820.47,816.05,829.02,772.16,759.53,736.41
MDT,Medtronic,Health Care,Health Care Equipment,96.82,106.33,77.43,96.85,97.51,99.11,97.36,95.48,94.29,90.55
MRK,Merck & Co.,Health Care,Pharmaceuticals,106.33,107.59,71.26,106.24,103.52,101.22,94.87,88.8,87.09,84.12
META,Meta Platforms,Communication Services,Interactive Media & Services,666.65,795.06,478.72,664.22,661.25,657.38,654.91,700.68,705.48,671.98
MET,MetLife,Financials,Life & Health Insurance,79.87,85.61,63.78,80.42,81.16,80.24,78.48,79.0,78.4,77.73
MTD,Mettler Toledo,Health Care,Life Sciences Tools & Services,1415.78,1525.17,946.69,1417.42,1406.26,1408.43,1418.25,1352.18,1326.19,1253.59
MGM,MGM Resorts,Consumer Discretionary,Casinos & Gaming,36.81,41.32,25.3,37.14,37.04,36.67,34.19,34.79,35.27,33.99
MCHP,Microchip Technology,Information Technology,Semiconductors,64.65,75.98,33.33,64.99,65.01,65.32,60.48,62.47,64.01,60.22
MU,Micron Technology,Information Technology,Semiconductors,293.14,298.83,61.42,286.98,268.35,256.01,238.35,194.71,178.65,147.02
MSFT,Microsoft,Information Technology,Systems Software,488.29,553.5,342.95,487.59,484.53,483.77,496.74,503.88,505.06,475.79
MAA,Mid-America Apartment Communities,Real Estate,Multi-Family Residential REITs,140.04,168.08,125.75,138.14,136.82,134.68,132.72,135.53,137.69,143.52
MRNA,Moderna,Health Care,Biotechnology,30.62,48.92,22.28,31.6,31.81,29.74,27.08,26.51,27.49,27.43
MHK,Mohawk Industries,Consumer Discretionary,Home Furnishings,109.72,143.13,96.24,109.68,109.38,110.49,112.36,120.79,119.57,114.47
MOH,Molina Healthcare,Health Care,Managed Health Care,171.37,359.97,133.4,166.05,164.35,160.79,155.88,168.65,172.65,225.46
TAP,Molson Coors Beverage Company,Consumer Staples,Brewers,46.86,62.82,42.5,46.45,47.0,46.65,45.77,46.71,47.14,49.75
MDLZ,Mondelez International,Consumer Staples,Packaged Foods & Meats,54.92,70.58,52.78,54.67,54.48,54.62,56.52,59.2,60.71,62.54
MPWR,Monolithic Power Systems,Information Technology,Semiconductors,926.99,1123.38,437.16,940.03,937.55,950.23,963.07,924.14,887.85,792.56
MNST,Monster Beverage,Consumer Staples,Soft Drinks & Non-alcoholic Beverages,77.54,78.31,45.7,77.51,76.66,75.25,72.39,68.78,67.02,64.62
MCO,Moody's Corporation,Financials,Financial Exchanges & Data,516.6,527.9,376.55,517.67,509.08,498.49,488.68,492.37,494.82,482.49
MS,Morgan Stanley,Financials,Investment Banking & Brokerage,179.06,182.34,92.37,180.4,178.3,177.45,168.99,160.61,156.55,143.2
MOS,Mosaic Company (The),Materials,Fertilizers & Agricultural Chemicals,24.25,37.63,21.79,24.23,24.07,24.2,25.4,29.04,30.31,30.52
MSI,Motorola Solutions,Information Technology,Communications Equipment,383.98,489.48,359.36,378.63,374.79,372.35,387.98,425.22,424.93,421.81
MSCI,MSCI Inc.,Financials,Financial Exchanges & Data,581.78,627.03,482.16,583.12,573.51,558.68,561.78,561.2,560.93,557.47
NDAQ,"Nasdaq, Inc.",Financials,Financial Exchanges & Data,98.31,99.59,64.26,98.64,96.73,93.83,89.92,90.74,90.92,86.41
NTAP,NetApp,Information Technology,"Technology Hardware, Storage & Peripherals",108.78,126.11,71.18,109.72,110.59,113.64,113.01,114.95,112.9,105.74
NFLX,Netflix,Communication Services,Movies & Entertainment,94.15,134.12,82.11,93.8,94.05,97.09,105.59,113.45,115.16,113.4
NEM,Newmont,Materials,Gold,101.94,106.34,36.25,103.5,102.05,97.79,90.4,84.61,79.96,69.56
NWSA,News Corp (Class A),Communication Services,Publishing,26.41,31.61,23.3,26.34,26.22,26.05,26.02,27.51,27.88,27.7
NWS,News Corp (Class B),Communication Services,Publishing,30.04,35.47,26.17,29.94,29.83,29.59,29.62,31.21,31.73,31.65
NEE,NextEra Energy,Utilities,Multi-Utilities,80.61,86.94,60.35,80.31,80.36,81.28,82.59,78.74,77.42,74.01
NKE,"Nike, Inc.",Consumer Discretionary,"Apparel, Accessories & Luxury Goods",61.15,80.55,51.34,60.12,61.5,63.64,63.9,68.16,69.32,66.07
NI,NiSource,Utilities,Multi-Utilities,42.15,44.58,34.53,41.86,41.59,41.65,42.53,42.17,41.87,40.66
NDSN,Nordson Corporation,Industrials,Industrial Machinery & Supplies & Components,243.4,250.6,163.26,243.2,241.17,238.39,234.93,229.38,226.64,216.1
NSC,Norfolk Southern,Industrials,Rail Transportation,290.73,300.79,198.48,291.67,292.16,293.2,287.63,285.71,282.64,264.18
NTRS,Northern Trust,Financials,Asset Management & Custody Banks,138.4,141.25,80.06,139.83,139.32,137.13,131.18,129.78,129.0,118.43
NOC,Northrop Grumman,Industrials,Aerospace & Defense,576.82,638.31,418.96,578.88,573.99,565.37,570.07,579.66,572.25,540.46
NCLH,Norwegian Cruise Line Holdings,Consumer Discretionary,"Hotels, Resorts & Cruise Lines",22.4,29.29,14.21,22.78,22.59,21.05,20.45,22.54,22.73,21.06
NRG,NRG Energy,Utilities,Independent Power Producers & Energy Traders,160.41,180.08,78.84,160.18,157.84,161.63,165.26,161.53,160.37,147.72
NUE,Nucor,Materials,Steel,165.26,168.07,96.79,165.25,163.05,162.69,153.7,147.01,145.65,135.21
NVDA,Nvidia,Information Technology,Semiconductors,187.66,212.18,86.6,188.85,183.17,182.25,186.28,182.92,180.56,159.78
NVR,"NVR, Inc.",Consumer Discretionary,Homebuilding,7337.1,8618.28,6562.85,7359.57,7415.91,7470.98,7399.46,7728.52,7716.63,7521.25
NXPI,NXP Semiconductors,Information Technology,Semiconductors,220.12,250.74,146.07,222.94,224.5,225.78,212.09,217.73,218.27,209.43
ORLY,O’Reilly Automotive,Consumer Discretionary,Automotive Retail,91.59,108.72,78.3,92.02,92.04,94.32,96.55,100.18,99.32,96.27
OXY,Occidental Petroleum,Energy,Oil & Gas Exploration & Production,41.53,52.05,34.2,40.38,40.11,40.81,41.07,43.05,43.17,42.79
ODFL,Old Dominion,Industrials,Cargo Ground Transportation,159.86,208.11,125.76,159.38,158.48,155.97,144.04,144.48,147.49,152.14
OMC,Omnicom Group,Communication Services,Advertising,80.91,86.12,67.1,80.01,80.25,77.34,75.3,75.8,75.03,74.25
ON,ON Semiconductor,Information Technology,Semiconductors,54.34,67.05,31.04,54.81,54.79,54.94,51.64,50.71,51.9,48.86
OKE,Oneok,Energy,Oil & Gas Storage & Transportation,74.02,105.47,64.02,73.45,72.76,73.59,70.62,71.19,72.65,76.48
ORCL,Oracle Corporation,Information Technology,Application Software,197.44,345.12,117.98,196.73,192.11,200.03,224.21,247.95,246.88,214.54
OTIS,Otis Worldwide,Industrials,Industrial Machinery & Supplies & Components,88.0,105.37,83.46,87.86,87.79,87.55,88.98,88.74,89.56,92.08
PCAR,Paccar,Industrials,Construction Machinery & Heavy Transportation Equipment,111.15,113.11,82.75,111.52,111.31,110.1,102.82,99.83,99.01,96.21
PKG,Packaging Corporation of America,Materials,Paper & Plastic Packaging Products & Materials,208.4,236.7,169.57,208.05,205.96,202.1,200.49,204.4,203.21,197.28
PLTR,Palantir Technologies,Information Technology,Application Software,181.58,207.52,63.4,188.55,188.09,184.65,181.3,176.71,172.15,150.17
PANW,Palo Alto Networks,Information Technology,Systems Software,187.0,223.61,144.15,187.53,187.04,189.98,199.97,198.15,196.68,192.46
PSKY,Paramount Skydance Corporation,Communication Services,Movies & Entertainment,13.5,20.78,9.89,13.57,13.44,13.91,15.0,15.69,15.08,13.79
PH,Parker Hannifin,Industrials,Industrial Machinery & Supplies & Components,889.38,908.35,484.88,888.58,880.98,879.55,836.35,791.97,776.78,721.44
PAYX,Paychex,Industrials,Human Resource & Employment Services,113.46,158.49,108.0,114.07,114.36,113.76,114.5,122.89,126.7,134.3
PAYC,Paycom,Industrials,Human Resource & Employment Services,160.96,266.71,156.14,160.43,162.44,163.43,171.08,193.41,200.59,212.83
PYPL,PayPal,Financials,Transaction & Payment Processing Services,59.14,93.03,55.72,59.61,59.87,60.7,63.63,66.16,67.53,67.93
PNR,Pentair,Industrials,Industrial Machinery & Supplies & Components,105.75,113.69,73.68,105.62,104.87,104.89,105.92,107.31,106.65,101.33
PEP,PepsiCo,Consumer Staples,Soft Drinks & Non-alcoholic Beverages,144.2,155.29,123.93,143.93,146.47,146.99,146.27,144.88,143.32,139.44
PFE,Pfizer,Health Care,Pharmaceuticals,25.01,27.21,19.83,25.0,25.1,25.42,25.01,24.73,24.59,23.88
PCG,PG&E Corporation,Utilities,Multi-Utilities,16.14,20.33,12.95,15.91,15.81,15.47,15.92,15.63,15.28,15.65
PM,Philip Morris International,Consumer Staples,Tobacco,162.27,181.91,112.16,161.41,159.03,154.54,152.94,156.87,159.14,161.32
PSX,Phillips 66,Energy,Oil & Gas Refining & Marketing,129.71,144.96,88.51,128.72,129.44,134.98,135.15,132.01,130.33,123.37
PNW,Pinnacle West Capital,Utilities,Multi-Utilities,89.29,93.67,78.26,88.59,88.32,88.02,88.88,88.86,89.02,89.21
PNC,PNC Financial Services,Financials,Diversified Banks,211.4,214.59,141.09,212.54,211.56,207.07,193.58,194.82,194.21,184.08
POOL,Pool Corporation,Consumer Discretionary,Distributors,231.25,368.69,227.4,230.97,232.85,236.52,250.22,280.66,285.59,291.79
PPG,PPG Industries,Materials,Specialty Chemicals,103.81,121.53,88.43,103.72,103.5,102.43,99.91,103.27,104.9,105.69
PPL,PPL Corporation,Utilities,Electric Utilities,35.39,37.96,30.24,35.09,34.75,34.33,35.57,35.86,35.67,35.06
PFG,Principal Financial Group,Financials,Life & Health Insurance,88.99,92.1,66.44,89.3,89.3,88.67,84.55,82.09,81.24,79.26
PG,Procter & Gamble,Consumer Staples,Personal Care Products,144.09,176.43,138.14,144.21,144.68,143.73,146.65,150.21,150.97,154.82
PGR,Progressive Corporation,Financials,Property & Casualty Insurance,230.33,292.65,199.9,228.3,227.71,227.85,222.6,233.14,235.8,250.13
PLD,Prologis,Real Estate,Industrial REITs,128.93,130.68,83.15,128.61,128.12,128.04,125.8,118.68,116.14,111.32
PRU,Prudential Financial,Financials,Life & Health Insurance,113.74,118.31,86.97,113.95,114.79,113.83,107.84,105.61,104.79,103.56
PEG,Public Service Enterprise Group,Utilities,Electric Utilities,81.0,89.82,72.92,80.65,80.45,79.87,80.94,81.43,81.93,80.89
PTC,PTC Inc.,Information Technology,Application Software,174.95,219.69,133.38,175.92,176.23,176.03,181.77,194.19,195.37,182.58
PSA,Public Storage,Real Estate,Self-Storage REITs,260.98,309.54,248.69,260.49,261.9,265.77,273.46,279.14,279.37,282.35
PHM,PulteGroup,Consumer Discretionary,Homebuilding,118.28,141.59,87.56,118.58,120.06,123.3,121.26,125.74,123.36,114.96
PWR,Quanta Services,Industrials,Construction & Engineering,429.18,473.99,226.97,432.33,429.54,442.79,442.5,419.46,414.59,376.89
QCOM,Qualcomm,Information Technology,Semiconductors,173.91,204.9,118.79,174.33,174.38,175.47,172.63,166.61,164.02,157.57
DGX,Quest Diagnostics,Health Care,Health Care Services,176.06,197.55,146.66,175.7,176.48,179.29,182.0,181.86,179.45,176.39
RL,Ralph Lauren Corporation,Consumer Discretionary,"Apparel, Accessories & Luxury Goods",358.14,379.04,175.05,359.12,362.59,361.77,344.88,325.6,318.61,290.12
RJF,Raymond James Financial,Financials,Investment Banking & Brokerage,163.06,177.15,116.85,164.8,163.62,163.15,160.89,163.9,163.49,155.65
RTX,RTX Corporation,Industrials,Aerospace & Defense,183.93,188.0,110.77,185.13,182.88,178.24,176.01,167.21,163.97,152.01
O,Realty Income,Real Estate,Retail REITs,57.01,60.33,48.85,56.62,56.81,57.22,57.32,57.81,57.43,56.41
REG,Regency Centers,Real Estate,Retail REITs,69.61,75.09,61.52,69.52,68.82,68.29,69.14,69.86,69.74,69.67
REGN,Regeneron Pharmaceuticals,Health Care,Biotechnology,774.05,792.77,475.17,781.68,770.06,748.51,703.04,638.25,621.58,602.03
RF,Regions Financial Corporation,Financials,Regional Banks,27.4,27.98,17.18,27.6,27.61,27.17,25.47,25.65,25.47,23.7
RSG,Republic Services,Industrials,Environmental & Facilities Services,215.15,257.43,197.66,213.86,213.76,213.29,213.29,220.88,224.45,231.83
RMD,ResMed,Health Care,Health Care Equipment,243.42,293.11,198.6,244.01,244.75,248.18,250.84,263.7,264.16,253.33
RVTY,Revvity,Health Care,Health Care Equipment,97.7,128.0,81.3,97.18,96.92,99.21,97.05,92.75,93.22,94.37
ROK,Rockwell Automation,Industrials,Electrical Components & Equipment,394.31,415.89,212.49,397.53,396.44,399.85,382.92,362.95,359.43,329.79
ROL,"Rollins, Inc.",Industrials,Environmental & Facilities Services,60.59,61.84,44.8,60.67,60.45,60.23,59.08,57.99,57.65,56.72
ROP,Roper Technologies,Information Technology,Electronic Equipment & Instruments,450.6,592.47,435.42,450.56,449.36,447.04,452.1,483.46,497.09,522.74
ROST,Ross Stores,Consumer Discretionary,Apparel Retail,181.54,185.85,121.41,181.14,181.65,180.58,169.88,159.53,154.57,147.52
RCL,Royal Caribbean Group,Consumer Discretionary,"Hotels, Resorts & Cruise Lines",281.58,364.14,162.49,286.87,287.69,276.13,274.47,300.29,306.83,279.89
SPGI,S&P Global,Financials,Financial Exchanges & Data,528.97,576.91,424.77,527.88,519.11,507.5,497.44,509.07,513.78,507.77
CRM,Salesforce,Information Technology,Application Software,265.95,364.71,221.6,265.39,262.16,258.14,249.62,246.54,249.36,256.27
SBAC,SBA Communications,Real Estate,Telecom Tower REITs,195.02,241.44,184.43,193.16,191.78,190.94,193.34,196.98,203.25,211.27
SLB,Schlumberger,Energy,Oil & Gas Equipment & Services,38.58,43.29,30.37,38.09,38.11,38.32,36.77,35.41,35.18,35.09
STX,Seagate Technology,Information Technology,"Technology Hardware, Storage & Peripherals",280.02,308.12,62.49,282.97,284.81,282.95,266.18,231.49,214.9,172.31
SRE,Sempra,Utilities,Multi-Utilities,89.16,95.03,60.49,88.84,88.12,88.53,90.52,87.34,85.33,80.35
NOW,ServiceNow,Information Technology,Systems Software,154.4,239.62,135.73,153.96,154.79,161.5,169.28,175.55,179.0,181.52
SHW,Sherwin-Williams,Materials,Specialty Chemicals,326.37,378.76,306.78,325.29,325.23,327.93,333.96,342.99,342.75,343.14
SPG,Simon Property Group,Real Estate,Retail REITs,187.08,189.05,131.37,187.66,186.17,183.48,180.62,178.2,174.66,166.88
SWKS,Skyworks Solutions,Information Technology,Semiconductors,64.31,91.61,46.48,64.31,64.7,66.55,68.42,71.38,71.33,69.11
SJM,J.M. Smucker Company (The),Consumer Staples,Packaged Foods & Meats,98.57,117.94,91.46,98.94,99.3,99.9,102.52,104.99,105.03,105.92
SW,Smurfit Westrock,Materials,Paper & Plastic Packaging Products & Materials,38.82,54.55,32.73,38.52,38.31,37.37,37.17,40.46,41.53,41.93
SNA,Snap-on,Industrials,Industrial Machinery & Supplies & Components,350.23,356.07,283.93,352.07,349.71,348.42,341.51,335.72,332.33,325.69
SOLV,Solventum,Health Care,Health Care Technology,80.36,88.2,60.7,80.33,80.52,81.95,77.66,75.15,74.86,73.65
SO,Southern Company,Utilities,Electric Utilities,87.69,100.02,77.85,87.19,86.69,86.39,89.62,91.4,91.61,90.26
LUV,Southwest Airlines,Industrials,Passenger Airlines,41.31,43.35,23.45,41.28,41.29,39.78,35.28,33.55,33.55,32.34
SWK,Stanley Black & Decker,Industrials,Industrial Machinery & Supplies & Components,75.21,87.08,52.01,75.05,74.09,73.79,69.94,71.38,70.91,68.63
SBUX,Starbucks,Consumer Discretionary,Restaurants,85.26,115.04,73.95,84.87,85.86,85.3,84.6,84.86,86.22,86.5
STT,State Street Corporation,Financials,Asset Management & Custody Banks,130.42,133.0,71.77,131.46,129.86,127.47,120.81,116.88,115.29,106.25
STLD,Steel Dynamics,Materials,Steel,171.72,178.36,102.41,174.53,173.91,171.42,162.43,148.71,144.82,137.99
STE,Steris,Health Care,Health Care Equipment,255.79,268.6,199.47,255.7,254.42,256.15,254.05,249.43,245.04,239.7
SYK,Stryker Corporation,Health Care,Health Care Equipment,354.74,403.95,327.71,354.2,354.01,356.01,363.45,371.0,374.81,373.98
SMCI,Supermicro,Information Technology,"Technology Hardware, Storage & Peripherals",29.81,66.44,25.71,30.37,30.49,32.17,38.04,42.47,44.53,42.38
SYF,Synchrony Financial,Financials,Consumer Finance,84.27,86.48,39.98,85.33,84.75,83.24,77.67,75.33,74.2,67.15
SNPS,Synopsys,Information Technology,Application Software,475.61,651.73,365.74,476.59,470.25,467.05,438.97,482.5,504.77,489.78
SYY,Sysco,Consumer Staples,Food Distributors,74.3,83.13,66.22,74.25,74.62,74.17,75.08,77.7,77.8,75.52
TMUS,T-Mobile US,Communication Services,Wireless Telecommunication Services,204.06,273.15,194.01,200.98,199.5,200.95,207.43,223.89,225.82,232.56
TROW,T. Rowe Price,Financials,Asset Management & Custody Banks,103.79,115.38,74.96,104.36,104.1,103.82,101.99,102.9,102.59,97.53
TTWO,Take-Two Interactive,Communication Services,Interactive Home Entertainment,258.24,264.79,177.35,254.17,249.86,247.81,246.99,245.9,242.96,235.7
TPR,"Tapestry, Inc.",Consumer Discretionary,"Apparel, Accessories & Luxury Goods",129.33,131.4,57.71,130.12,127.57,122.53,113.62,110.74,109.23,96.31
TRGP,Targa Resources,Energy,Oil & Gas Storage & Transportation,186.19,213.78,143.19,184.31,182.05,181.31,170.69,166.55,166.41,167.82
TGT,Target Corporation,Consumer Staples,Consumer Staples Merchandise Retail,97.58,138.95,83.44,97.21,97.46,95.63,92.44,92.23,94.02,94.3
TEL,TE Connectivity,Information Technology,Electronic Manufacturing Services,230.83,250.67,115.38,231.94,229.88,232.32,233.89,223.08,216.26,191.67
TDY,Teledyne Technologies,Information Technology,Electronic Equipment & Instruments,518.13,595.99,419.0,518.21,513.3,513.57,514.47,536.4,537.82,518.44
TER,Teradyne,Information Technology,Semiconductor Materials & Equipment,197.29,205.0,65.55,198.12,195.09,196.72,178.98,151.64,140.63,118.33
TSLA,"Tesla, Inc.",Consumer Discretionary,Automobile Manufacturers,455.76,498.83,214.25,472.31,477.2,463.74,445.08,416.27,396.02,358.09
TXN,Texas Instruments,Information Technology,Semiconductors,175.56,218.15,136.55,176.47,176.57,178.37,169.26,177.28,181.64,179.36
TPL,Texas Pacific Land Corporation,Energy,Oil & Gas Exploration & Production,294.92,485.16,269.23,294.06,293.91,294.79,303.81,304.22,308.94,347.26
TXT,Textron,Industrials,Aerospace & Defense,88.38,91.22,57.66,89.74,89.08,86.94,83.46,82.73,82.51,78.86
TMO,Thermo Fisher Scientific,Health Care,Life Sciences Tools & Services,583.23,608.82,384.82,581.62,574.67,574.19,573.28,533.83,515.91,484.16
TJX,TJX Companies,Consumer Discretionary,Apparel Retail,155.4,157.83,111.06,156.44,155.9,154.71,149.08,143.95,140.13,134.29
TKO,TKO Group Holdings,Communication Services,Movies & Entertainment,214.49,218.11,131.77,216.34,214.45,207.42,193.94,192.69,187.68,176.59
TTD,Trade Desk (The),Communication Services,Advertising,38.22,127.59,35.65,38.1,37.61,38.1,42.54,46.59,53.7,57.22
TSCO,Tractor Supply,Consumer Discretionary,Other Specialty Retail,50.32,63.47,46.26,51.05,51.68,52.39,53.51,55.89,56.2,54.24
TT,Trane Technologies,Industrials,Building Products,392.53,475.11,296.82,393.25,390.94,396.07,412.09,414.77,420.15,407.82
TDG,TransDigm Group,Industrials,Aerospace & Defense,1318.73,1519.36,1107.45,1314.4,1294.56,1310.29,1318.26,1306.37,1336.62,1327.53
TRV,Travelers Companies (The),Financials,Property & Casualty Insurance,292.54,295.68,226.54,292.58,292.2,287.4,282.14,277.16,273.34,268.45
TRMB,Trimble Inc.,Information Technology,Electronic Equipment & Instruments,79.61,87.5,52.91,80.06,80.24,81.11,79.93,80.35,80.71,75.86
TFC,Truist Financial,Financials,Diversified Banks,49.64,50.86,32.34,50.3,50.19,49.27,46.34,45.43,45.06,42.57
TYL,Tyler Technologies,Information Technology,Application Software,459.1,661.31,445.64,460.89,458.41,458.46,470.16,504.77,518.31,537.04
TSN,Tyson Foods,Consumer Staples,Packaged Foods & Meats,59.33,62.66,50.12,58.5,58.46,58.03,55.05,54.73,54.45,55.27
USB,U.S. Bancorp,Financials,Diversified Banks,54.29,55.15,34.43,54.64,54.33,53.19,49.7,48.59,47.98,45.49
UBER,Uber,Industrials,Passenger Ground Transportation,82.26,101.99,60.02,81.43,80.75,84.31,88.75,91.94,91.86,87.92
UDR,"UDR, Inc.",Real Estate,Multi-Family Residential REITs,36.97,44.96,32.94,36.52,36.24,35.84,35.38,36.33,36.97,38.39
ULTA,Ulta Beauty,Consumer Discretionary,Other Specialty Retail,607.14,616.34,309.01,606.38,601.2,590.96,548.25,539.77,531.37,484.74
UNP,Union Pacific Corporation,Industrials,Rail Transportation,233.4,250.85,200.99,234.11,234.64,235.07,226.82,224.91,225.05,223.46
UAL,United Airlines Holdings,Industrials,Passenger Airlines,111.31,116.32,52.0,113.03,113.07,109.71,101.57,101.46,98.8,89.48
UPS,United Parcel Service,Industrials,Air Freight & Logistics,99.71,128.18,80.6,100.16,100.66,99.18,94.97,89.43,90.19,92.5
URI,United Rentals,Industrials,Trading Companies & Distributors,818.53,1019.33,522.49,821.72,814.95,810.99,838.16,892.46,879.94,798.56
UNH,UnitedHealth Group,Health Care,Managed Health Care,332.06,594.32,231.57,329.04,329.18,330.34,332.25,328.67,318.06,345.78
UHS,Universal Health Services,Health Care,Health Care Facilities,225.4,246.13,152.04,226.7,225.99,226.79,225.47,208.06,200.38,192.83
VLO,Valero Energy,Energy,Oil & Gas Refining & Marketing,165.3,184.46,96.76,164.84,163.81,168.79,171.1,162.87,158.61,145.56
VTR,Ventas,Real Estate,Health Care REITs,78.94,81.89,55.47,79.39,79.23,79.3,77.09,72.59,71.17,68.72
VLTO,Veralto,Industrials,Environmental & Facilities Services,101.47,109.99,83.69,101.93,101.24,100.75,100.48,103.25,103.31,100.81
VRSN,Verisign,Information Technology,Internet Services & Infrastructure,245.85,308.75,200.18,245.63,244.81,245.68,246.89,260.31,264.33,264.83
VRSK,Verisk Analytics,Industrials,Research & Consulting Services,224.64,321.24,196.59,221.41,220.09,219.53,220.92,238.17,248.71,267.92
VZ,Verizon,Communication Services,Integrated Telecommunication Services,40.76,45.09,35.79,40.39,40.38,40.56,40.36,41.46,41.48,41.63
VRTX,Vertex Pharmaceuticals,Health Care,Biotechnology,454.84,519.68,362.5,459.94,456.81,452.73,436.14,415.56,423.77,440.02
VTRS,Viatris,Health Care,Pharmaceuticals,12.55,12.58,6.6,12.3,12.05,11.63,10.89,10.45,10.14,9.45
VICI,Vici Properties,Real Estate,Hotel & Resort REITs,28.4,33.01,26.43,28.11,28.05,27.86,28.86,30.31,30.68,30.64
V,Visa Inc.,Financials,Transaction & Payment Processing Services,354.3,374.11,297.39,354.49,350.93,342.31,338.82,341.08,342.53,343.88
VST,Vistra Corp.,Utilities,Electric Utilities,162.62,219.51,90.17,161.95,163.3,166.36,176.56,188.5,190.09,173.29
VMC,Vulcan Materials Company,Materials,Construction Materials,289.61,311.21,213.97,292.46,291.18,292.91,291.05,293.24,288.61,275.36
WRB,W. R. Berkley Corporation,Financials,Property & Casualty Insurance,71.09,77.72,54.51,70.66,70.01,69.07,72.1,72.24,71.4,70.53
GWW,W. W. Grainger,Industrials,Industrial Machinery & Supplies & Components,1022.52,1129.04,887.81,1025.55,1024.93,1006.19,972.29,975.31,983.79,999.18
WAB,Wabtec,Industrials,Construction Machinery & Heavy Transportation Equipment,216.46,222.47,151.24,218.45,216.95,215.26,207.49,200.41,200.91,197.24
WMT,Walmart,Consumer Staples,Consumer Staples Merchandise Retail,112.1,117.45,79.27,111.78,113.17,113.87,108.03,104.82,103.24,99.58
DIS,Walt Disney Company (The),Communication Services,Movies & Entertainment,114.91,123.85,79.22,114.07,112.81,110.0,109.15,111.56,113.11,109.21
WBD,Warner Bros. Discovery,Communication Services,Broadcasting,28.99,30.0,7.52,28.99,28.62,28.01,24.57,20.04,18.53,15.18
WM,Waste Management,Industrials,Environmental & Facilities Services,222.71,239.91,193.36,221.56,220.08,216.57,211.38,215.84,218.01,222.07
WAT,Waters Corporation,Health Care,Life Sciences Tools & Services,383.78,423.56,275.05,384.6,381.71,387.11,377.85,341.32,334.18,339.35
WEC,WEC Energy Group,Utilities,Electric Utilities,106.26,117.25,88.91,105.61,105.14,105.22,109.4,109.54,108.81,107.09
WFC,Wells Fargo,Financials,Diversified Banks,94.34,95.85,57.46,94.78,93.74,92.05,87.97,84.34,83.51,78.98
WELL,Welltower,Real Estate,Health Care REITs,187.97,209.05,120.99,188.01,187.95,192.14,190.45,179.27,175.26,165.02
WST,West Pharmaceutical Services,Health Care,Health Care Supplies,277.53,347.77,186.94,276.32,273.32,273.33,275.18,264.87,258.57,242.46
WDC,Western Digital,Information Technology,"Technology Hardware, Storage & Peripherals",175.49,188.77,28.72,178.9,176.82,173.51,158.57,128.85,116.95,90.82
WY,Weyerhaeuser,Real Estate,Timber REITs,24.01,30.64,20.96,23.77,23.67,23.04,22.69,23.75,24.06,24.81
WSM,"Williams-Sonoma, Inc.",Consumer Discretionary,Homefurnishing Retail,182.19,217.31,128.49,187.1,187.8,184.99,186.63,191.51,189.17,177.23
WMB,Williams Companies,Energy,Oil & Gas Storage & Transportation,60.26,65.01,50.3,59.76,59.19,60.01,59.36,59.3,58.95,58.5
WTW,Willis Towers Watson,Financials,Insurance Brokers,333.49,352.79,291.3,333.81,332.33,326.85,323.82,329.43,325.48,320.39
WDAY,"Workday, Inc.",Information Technology,Application Software,217.23,283.68,205.33,217.84,217.6,218.5,225.5,228.32,229.18,234.76
WYNN,Wynn Resorts,Consumer Discretionary,Casinos & Gaming,122.27,134.72,64.8,124.52,125.48,126.34,124.11,122.22,119.44,106.37
XEL,Xcel Energy,Utilities,Multi-Utilities,74.39,82.37,60.6,73.86,73.35,74.58,77.86,76.21,74.95,72.27
XYL,Xylem Inc.,Industrials,Industrial Machinery & Supplies & Components,137.76,153.83,99.59,138.46,138.07,138.5,142.9,142.86,141.02,133.3
YUM,Yum! Brands,Consumer Discretionary,Restaurants,152.64,160.96,119.81,153.4,153.49,150.22,148.2,147.15,146.8,146.45
ZBRA,Zebra Technologies,Information Technology,Electronic Equipment & Instruments,246.21,427.76,205.73,246.18,250.01,257.44,260.94,285.1,293.44,286.51
ZBH,Zimmer Biomet,Health Care,Health Care Equipment,90.81,113.87,85.33,90.35,90.36,91.64,93.93,97.68,96.94,97.46
ZTS,Zoetis,Health Care,Pharmaceuticals,126.67,175.6,115.25,125.58,124.22,121.88,126.93,137.5,140.23,146.92
