Symbol,Company,GICS_Sector,GICS_Sub_Industry,Current_Price,52_Week_High,52_Week_Low,SMA_5,SMA_10,SMA_20,SMA_50,SMA_100,SMA_125,SMA_200
MMM,3M,Industrials,Industrial Conglomerates,155.4,163.4,120.83,156.32,155.7,155.62,153.73,149.91,147.51,144.67
AOS,A. O. Smith,Industrials,Building Products,73.07,90.29,58.25,73.12,73.21,72.57,71.46,68.8,67.77,67.81
ABT,Abbott Laboratories,Health Care,Health Care Equipment,134.57,139.95,109.57,133.31,132.57,132.28,130.36,131.58,130.76,127.5
ABBV,AbbVie,Health Care,Biotechnology,221.99,222.07,159.42,219.0,215.96,212.94,202.17,194.09,192.46,189.35
ACN,Accenture,Information Technology,IT Consulting & Other Services,239.55,394.41,235.83,238.8,244.38,250.25,259.15,283.4,285.4,311.49
ADBE,Adobe Inc.,Information Technology,Application Software,367.46,557.9,330.04,355.74,354.11,354.01,356.12,375.77,373.81,401.97
AMD,Advanced Micro Devices,Information Technology,Semiconductors,157.92,186.65,76.48,159.45,157.09,160.84,164.43,141.5,132.42,126.57
AES,AES Corporation,Utilities,Independent Power Producers & Energy Traders,12.95,19.17,9.28,12.81,12.8,13.06,13.08,11.88,11.67,11.59
AFL,Aflac,Financials,Life & Health Insurance,108.0,113.54,96.14,108.48,107.79,107.57,104.15,103.81,104.37,104.15
A,Agilent Technologies,Health Care,Life Sciences Tools & Services,127.62,153.19,96.23,126.08,126.44,124.44,120.12,117.0,115.35,123.24
APD,Air Products,Materials,Industrial Gases,292.45,336.92,242.14,290.07,289.83,291.82,291.63,283.82,281.69,290.6
ABNB,Airbnb,Consumer Discretionary,"Hotels, Resorts & Cruise Lines",125.47,163.93,99.88,122.65,123.2,125.6,129.45,130.76,128.22,130.73
AKAM,Akamai Technologies,Information Technology,Internet Services & Infrastructure,77.09,106.8,67.51,76.52,77.42,77.45,76.93,77.89,77.69,83.32
ALB,Albemarle Corporation,Materials,Specialty Chemicals,80.93,111.49,48.84,79.81,78.15,79.83,76.97,68.44,67.19,73.95
ARE,Alexandria Real Estate Equities,Real Estate,Office REITs,87.45,118.71,66.16,85.77,85.15,83.12,79.79,75.63,76.96,84.08
ALGN,Align Technology,Health Care,Health Care Supplies,132.57,262.87,127.7,131.29,133.72,137.17,156.49,169.79,168.9,183.37
ALLE,Allegion,Industrials,Building Products,178.78,179.92,116.14,176.73,174.62,172.31,165.36,153.35,148.1,141.48
LNT,Alliant Energy,Utilities,Electric Utilities,63.78,67.11,54.71,64.17,64.22,64.85,64.59,62.64,62.28,61.22
ALL,Allstate,Financials,Property & Casualty Insurance,205.68,213.71,173.88,199.3,200.1,201.98,200.52,200.05,199.19,196.27
GOOGL,Alphabet Inc. (Class A),Communication Services,Interactive Media & Services,252.03,253.99,140.23,249.03,243.31,227.95,207.02,187.82,181.43,182.34
GOOG,Alphabet Inc. (Class C),Communication Services,Interactive Media & Services,252.33,254.14,142.36,249.35,243.61,228.43,207.75,188.82,182.65,183.73
MO,Altria,Consumer Staples,Tobacco,63.94,67.51,45.54,64.95,65.06,65.46,62.65,60.15,59.23,56.28
AMZN,Amazon,Consumer Discretionary,Broadline Retail,231.23,242.52,161.38,231.3,232.32,230.37,227.55,217.3,210.93,214.55
AMCR,Amcor,Materials,Paper & Plastic Packaging Products & Materials,8.31,11.04,8.16,8.31,8.28,8.4,9.02,9.1,9.14,9.33
AEE,Ameren,Utilities,Multi-Utilities,98.66,102.85,80.57,99.49,99.54,99.71,99.46,97.46,97.34,95.45
AEP,American Electric Power,Utilities,Electric Utilities,106.44,115.08,87.57,107.87,108.05,109.89,109.78,106.09,105.64,102.23
AXP,American Express,Financials,Consumer Finance,341.67,342.47,219.87,331.46,328.59,325.8,314.07,304.94,295.5,296.1
AIG,American International Group,Financials,Multi-line Insurance,78.03,87.1,68.15,77.24,77.71,79.64,79.45,81.24,81.32,78.8
AMT,American Tower,Real Estate,Telecom Tower REITs,193.03,234.33,169.77,194.51,194.94,199.56,209.07,212.33,212.35,204.2
AWK,American Water Works,Utilities,Water Utilities,135.39,153.69,116.64,136.92,138.64,141.09,141.74,141.39,141.78,136.6
AMP,Ameriprise Financial,Financials,Asset Management & Custody Banks,491.39,576.69,393.57,489.68,491.65,502.43,511.7,510.42,502.16,512.29
AME,Ametek,Industrials,Electrical Components & Equipment,188.7,197.03,144.53,188.28,188.29,186.89,183.45,180.2,176.99,179.28
AMGN,Amgen,Health Care,Biotechnology,275.83,330.26,247.06,274.88,277.95,282.84,289.54,284.81,285.68,283.58
APH,Amphenol,Information Technology,Electronic Components,122.07,122.79,56.27,119.42,117.27,113.63,108.81,99.03,92.46,83.69
ADI,Analog Devices,Information Technology,Semiconductors,249.05,257.11,157.31,245.92,246.93,248.58,238.36,229.48,221.07,218.48
AON,Aon plc,Financials,Insurance Brokers,352.76,411.24,322.37,360.62,364.46,367.82,363.63,360.28,363.71,368.09
APA,APA Corporation,Energy,Oil & Gas Exploration & Production,23.9,26.13,13.18,23.66,23.13,22.84,20.76,19.28,18.83,19.77
APO,Apollo Global Management,Financials,Asset Management & Custody Banks,143.49,187.59,101.84,139.77,136.93,135.87,141.36,138.65,136.78,145.12
AAPL,Apple Inc.,Information Technology,"Technology Hardware, Storage & Peripherals",237.88,259.18,168.8,237.16,235.45,233.34,223.16,213.39,211.72,221.17
AMAT,Applied Materials,Information Technology,Semiconductor Materials & Equipment,189.76,213.48,123.04,176.03,170.2,165.67,176.88,172.47,166.49,167.5
APTV,Aptiv,Consumer Discretionary,Automotive Parts & Equipment,85.37,85.56,47.19,83.39,82.72,80.85,74.25,70.3,67.37,65.32
ACGL,Arch Capital Group,Financials,Property & Casualty Insurance,88.19,110.75,82.49,89.01,89.97,91.02,89.71,90.92,91.26,91.75
ADM,Archer Daniels Midland,Consumer Staples,Agricultural Products & Services,60.83,64.38,40.22,61.27,61.66,62.07,58.33,53.97,52.32,50.75
ANET,Arista Networks,Information Technology,Communications Equipment,146.66,156.32,59.43,143.3,144.5,139.9,129.42,111.46,104.18,104.68
AJG,Arthur J. Gallagher & Co.,Financials,Insurance Brokers,296.74,349.78,272.05,293.51,295.81,298.33,298.76,312.86,316.45,311.95
AIZ,Assurant,Financials,Multi-line Insurance,209.07,227.13,173.64,209.1,210.22,212.6,201.85,199.09,198.41,202.4
T,AT&T,Communication Services,Integrated Telecommunication Services,29.2,29.79,20.23,29.45,29.39,29.22,28.38,27.96,27.74,26.23
ATO,Atmos Energy,Utilities,Gas Utilities,162.44,167.99,131.97,164.29,164.62,165.21,161.14,157.71,156.47,151.03
ADSK,Autodesk,Information Technology,Application Software,323.04,329.09,232.67,320.19,322.76,310.87,300.97,298.51,291.11,290.99
ADP,Automatic Data Processing,Industrials,Human Resource & Employment Services,290.95,326.59,266.62,290.55,292.72,297.14,300.22,304.76,302.43,299.99
AZO,AutoZone,Consumer Discretionary,Automotive Retail,4132.83,4388.11,2898.57,4228.96,4250.56,4213.36,4016.84,3862.94,3822.84,3652.89
AVB,AvalonBay Communities,Real Estate,Multi-Family Residential REITs,193.63,233.48,178.86,193.29,194.1,193.34,194.08,198.97,199.66,205.65
AVY,Avery Dennison,Materials,Paper & Plastic Packaging Products & Materials,165.04,219.94,155.31,165.34,166.33,168.91,172.04,174.12,173.44,177.83
AXON,Axon Enterprise,Industrials,Aerospace & Defense,766.47,885.92,376.53,757.17,748.55,752.29,758.79,748.95,710.0,670.2
BKR,Baker Hughes,Energy,Oil & Gas Equipment & Services,47.28,48.6,33.15,46.75,46.43,45.69,43.79,40.67,40.41,41.44
BALL,Ball Corporation,Materials,"Metal, Glass & Plastic Containers",49.2,67.13,43.18,49.81,50.26,51.1,54.17,54.1,53.06,53.23
BAC,Bank of America,Financials,Diversified Banks,52.13,52.19,32.69,51.07,50.58,50.16,48.15,46.08,44.57,44.44
BAX,Baxter International,Health Care,Health Care Equipment,23.69,39.59,21.18,23.71,24.0,24.07,25.06,27.71,28.22,29.44
BDX,Becton Dickinson,Health Care,Health Care Equipment,188.37,248.0,161.47,186.95,188.71,190.52,186.26,179.41,185.55,200.92
BBY,Best Buy,Consumer Discretionary,Computer & Electronics Retail,73.73,99.71,54.24,74.54,75.86,75.12,71.34,70.32,69.35,74.24
TECH,Bio-Techne,Health Care,Life Sciences Tools & Services,52.99,80.52,45.87,51.83,52.61,53.78,53.8,51.89,52.24,58.97
BIIB,Biogen,Health Care,Biotechnology,143.81,204.18,110.04,144.11,143.76,140.58,134.91,131.03,129.95,136.13
BLK,BlackRock,Financials,Asset Management & Custody Banks,1137.13,1166.38,766.05,1125.26,1117.31,1119.12,1114.13,1045.52,1015.26,1003.95
BX,Blackstone Inc.,Financials,Asset Management & Custody Banks,188.68,196.67,114.16,184.23,179.98,174.82,171.68,156.41,151.73,157.23
XYZ,"Block, Inc.",Financials,Transaction & Payment Processing Services,77.37,99.26,44.27,75.27,75.06,76.46,75.5,68.2,65.65,71.51
BK,BNY Mellon,Financials,Asset Management & Custody Banks,108.52,108.7,68.64,106.78,105.6,104.98,101.9,94.95,91.68,87.82
BA,Boeing,Industrials,Aerospace & Defense,215.66,242.69,128.88,215.4,221.46,226.89,228.03,215.56,205.26,192.52
BKNG,Booking Holdings,Consumer Discretionary,"Hotels, Resorts & Cruise Lines",5442.88,5829.37,3956.62,5497.95,5510.99,5569.75,5571.01,5476.52,5296.42,5136.42
BSX,Boston Scientific,Health Care,Health Care Equipment,98.23,109.5,80.64,99.66,103.13,104.64,104.49,103.95,102.63,100.71
BMY,Bristol Myers Squibb,Health Care,Pharmaceuticals,45.6,61.84,42.96,46.13,46.64,47.02,47.0,47.09,48.35,51.36
AVGO,Broadcom,Information Technology,Semiconductors,345.35,374.23,137.78,355.1,352.19,325.54,306.2,273.0,253.08,237.59
BR,Broadridge Financial Solutions,Industrials,Data Processing & Outsourced Services,242.56,270.85,204.08,247.02,249.29,252.23,250.99,244.48,242.16,237.99
BRO,Brown & Brown,Financials,Insurance Brokers,91.87,125.31,89.99,91.88,92.98,94.55,96.84,103.24,106.33,107.16
BLDR,Builders FirstSource,Industrials,Building Products,128.93,203.14,102.6,135.62,140.25,140.11,135.22,125.26,124.62,135.0
BG,Bunge Global,Consumer Staples,Agricultural Products & Services,79.9,97.07,65.6,81.18,82.3,83.2,80.11,79.26,78.38,77.2
BXP,"BXP, Inc.",Real Estate,Office REITs,77.75,86.38,53.45,77.62,76.32,73.74,70.06,68.69,67.61,68.62
CHRW,C.H. Robinson,Industrials,Air Freight & Logistics,137.09,137.91,83.72,134.33,130.84,128.75,116.58,105.3,102.95,102.21
CDNS,Cadence Design Systems,Information Technology,Application Software,364.88,376.45,221.56,351.23,352.28,350.01,344.66,325.34,312.08,303.09
CZR,Caesars Entertainment,Consumer Discretionary,Casinos & Gaming,26.4,45.93,21.4,25.68,25.8,26.01,26.87,27.49,27.16,29.73
CPT,Camden Property Trust,Real Estate,Multi-Family Residential REITs,107.32,124.31,101.41,107.76,109.23,109.47,109.91,112.55,112.81,113.77
CPB,Campbell's Company (The),Consumer Staples,Packaged Foods & Meats,33.57,50.18,29.39,33.23,33.51,32.94,32.4,32.86,33.82,35.87
COF,Capital One,Financials,Consumer Finance,229.74,231.82,139.23,226.01,224.19,223.55,218.07,207.34,199.73,194.82
CAH,Cardinal Health,Health Care,Health Care Distributors,150.04,168.44,104.89,149.92,150.21,149.62,153.56,154.51,150.21,140.18
KMX,CarMax,Consumer Discretionary,Automotive Retail,60.0,91.25,54.53,59.93,60.36,60.37,59.86,63.16,64.84,71.25
CCL,Carnival,Consumer Discretionary,"Hotels, Resorts & Cruise Lines",31.45,32.8,15.07,31.32,31.51,31.49,30.31,26.94,25.3,25.06
CARR,Carrier Global,Industrials,Building Products,61.1,82.31,53.89,61.13,62.51,63.94,68.4,69.91,68.15,67.92
CAT,Caterpillar Inc.,Industrials,Construction Machinery & Heavy Transportation Equipment,466.96,467.71,265.05,445.15,434.4,429.96,423.58,387.97,371.65,367.82
CBOE,Cboe Global Markets,Financials,Financial Exchanges & Data,234.43,255.27,186.22,234.69,234.37,237.09,240.99,233.6,229.97,220.04
CBRE,CBRE Group,Real Estate,Real Estate Services,165.73,167.56,108.45,164.5,164.1,163.02,155.47,143.0,139.08,137.88
CDW,CDW Corporation,Information Technology,Technology Distributors,162.87,227.65,136.33,164.75,166.68,165.73,169.56,173.03,169.43,173.42
COR,Cencora,Health Care,Health Care Distributors,290.84,308.18,216.84,292.77,295.2,294.03,292.37,291.58,288.84,271.68
CNC,Centene Corporation,Health Care,Managed Health Care,32.17,77.29,25.08,32.38,31.61,30.33,28.77,41.9,45.73,51.13
CNP,CenterPoint Energy,Utilities,Multi-Utilities,38.07,39.16,27.23,38.06,37.9,37.82,37.71,37.23,37.01,35.25
CF,CF Industries,Materials,Fertilizers & Agricultural Chemicals,84.1,103.84,66.56,84.85,85.09,85.66,88.17,88.87,85.97,85.32
CRL,Charles River Laboratories,Health Care,Life Sciences Tools & Services,156.99,230.02,91.86,153.29,156.28,159.11,160.35,150.84,146.75,157.44
SCHW,Charles Schwab Corporation,Financials,Investment Banking & Brokerage,93.28,99.42,61.62,92.41,92.74,94.61,95.21,91.27,88.25,84.3
CHTR,Charter Communications,Communication Services,Cable & Satellite,262.17,437.06,251.8,263.08,263.1,265.01,294.3,347.35,348.23,352.85
CVX,Chevron Corporation,Energy,Integrated Oil & Gas,158.84,165.09,129.01,158.58,157.14,157.87,154.16,146.84,146.56,147.63
CMG,Chipotle Mexican Grill,Consumer Discretionary,Restaurants,39.81,66.74,38.3,39.2,39.38,40.89,44.51,48.36,48.54,51.83
CB,Chubb Limited,Financials,Property & Casualty Insurance,274.28,305.88,250.52,274.2,276.32,276.12,273.97,280.56,281.95,279.2
CHD,Church & Dwight,Consumer Staples,Household Products,92.07,115.72,90.22,91.96,93.25,93.38,94.1,95.13,97.0,100.4
CI,Cigna,Health Care,Health Care Services,293.76,360.03,255.6,296.89,300.1,299.94,293.28,305.24,308.92,303.2
CINF,Cincinnati Financial,Financials,Property & Casualty Insurance,155.93,158.92,122.28,155.13,154.53,154.18,151.69,148.96,146.53,144.47
CTAS,Cintas,Industrials,Diversified Support Services,199.51,228.77,179.74,200.17,201.61,206.11,214.58,216.9,213.88,208.55
CSCO,Cisco,Information Technology,Communications Equipment,68.68,72.55,48.93,67.38,67.38,67.71,68.13,65.94,64.23,62.64
C,Citigroup,Financials,Diversified Banks,102.41,102.7,54.71,100.81,98.86,97.22,94.42,85.44,81.43,78.52
CFG,Citizens Financial Group,Financials,Regional Banks,53.64,53.76,31.96,52.04,51.89,51.61,49.42,45.23,43.58,43.72
CLX,Clorox,Consumer Staples,Household Products,124.12,166.9,116.17,124.14,124.7,122.34,123.7,126.03,128.73,138.02
CME,CME Group,Financials,Financial Exchanges & Data,260.59,288.09,203.31,260.79,260.98,264.42,271.33,272.9,270.13,257.95
CMS,CMS Energy,Utilities,Multi-Utilities,70.18,75.33,62.54,70.76,70.98,71.46,71.89,70.9,71.1,69.7
KO,Coca-Cola Company (The),Consumer Staples,Soft Drinks & Non-alcoholic Beverages,66.46,73.29,59.3,66.49,66.86,67.71,68.53,69.35,69.5,67.41
CTSH,Cognizant,Information Technology,IT Consulting & Other Services,70.26,89.77,64.98,69.44,70.07,70.97,71.95,75.34,74.69,76.86
COIN,Coinbase,Financials,Financial Exchanges & Data,343.13,444.65,142.58,328.33,320.1,313.51,339.24,303.96,279.31,273.1
CL,Colgate-Palmolive,Consumer Staples,Household Products,81.53,103.06,81.04,82.13,83.15,83.79,85.21,87.7,88.53,88.78
CMCSA,Comcast,Communication Services,Cable & Satellite,31.64,44.12,31.03,32.41,33.05,33.46,33.55,34.06,34.17,34.97
CAG,Conagra Brands,Consumer Staples,Packaged Foods & Meats,18.75,31.17,18.18,18.88,19.14,19.11,19.03,20.47,21.36,22.84
COP,ConocoPhillips,Energy,Oil & Gas Exploration & Production,93.48,112.56,78.56,93.32,93.13,95.14,94.17,91.81,91.86,93.95
ED,Consolidated Edison,Utilities,Multi-Utilities,96.35,112.97,85.07,96.57,96.93,98.07,100.26,101.4,102.66,99.2
STZ,Constellation Brands,Consumer Staples,Distillers & Vintners,133.02,255.51,131.9,135.13,140.2,149.09,161.52,168.71,171.1,179.6
CEG,Constellation Energy,Utilities,Electric Utilities,322.71,356.57,160.94,324.16,316.0,313.91,321.9,307.08,286.81,277.79
COO,Cooper Companies (The),Health Care,Health Care Supplies,67.22,112.29,61.78,65.77,67.01,68.6,70.97,73.3,74.59,81.2
CPRT,Copart,Industrials,Diversified Support Services,45.46,64.38,45.05,46.93,47.75,48.19,47.24,50.71,52.09,54.17
GLW,Corning Inc.,Information Technology,Electronic Components,79.62,79.65,36.95,78.04,75.64,71.52,64.35,56.62,53.94,51.9
CPAY,Corpay,Financials,Transaction & Payment Processing Services,305.27,400.81,269.02,306.88,309.42,316.19,320.44,326.37,325.8,338.81
CTVA,Corteva,Materials,Fertilizers & Agricultural Chemicals,70.66,77.22,53.14,71.11,71.81,72.66,72.46,71.25,69.01,65.82
CSGP,CoStar Group,Real Estate,Real Estate Services,89.26,97.43,68.26,88.21,88.01,88.69,89.66,83.93,82.92,80.14
COST,Costco,Consumer Staples,Consumer Staples Merchandise Retail,952.36,1075.34,862.73,959.09,963.06,956.2,958.47,980.92,974.67,974.59
CTRA,Coterra,Energy,Oil & Gas Exploration & Production,24.09,29.29,21.84,24.31,24.2,24.16,23.98,24.43,24.78,25.34
CRWD,CrowdStrike,Information Technology,Systems Software,502.63,517.98,263.45,454.8,440.14,430.0,443.73,454.37,437.32,414.3
CCI,Crown Castle,Real Estate,Telecom Tower REITs,92.96,114.47,81.02,93.85,93.81,96.28,100.98,100.38,100.14,96.28
CSX,CSX Corporation,Industrials,Rail Transportation,33.43,37.1,26.01,32.73,32.57,32.77,34.14,32.61,31.72,31.87
CMI,Cummins,Industrials,Construction Machinery & Heavy Transportation Equipment,426.39,428.96,257.24,415.62,408.64,403.28,382.52,350.15,339.01,344.45
CVS,CVS Health,Health Care,Health Care Services,74.42,75.55,42.12,74.07,73.48,72.93,67.45,65.98,65.96,61.78
DHR,Danaher Corporation,Health Care,Life Sciences Tools & Services,195.27,278.43,170.73,191.45,193.82,199.31,200.33,198.06,197.55,206.96
DRI,Darden Restaurants,Consumer Discretionary,Restaurants,192.74,226.68,151.84,207.27,209.4,208.34,206.94,208.81,206.71,197.98
DDOG,Datadog,Information Technology,Application Software,136.81,170.08,81.63,136.16,137.2,134.78,136.69,128.76,122.41,127.55
DVA,DaVita,Health Care,Health Care Services,130.23,179.6,126.07,130.49,132.7,135.04,137.5,138.92,140.6,146.8
DAY,Dayforce,Industrials,Human Resource & Employment Services,68.95,82.69,48.01,68.87,68.95,69.22,61.79,59.87,59.13,62.65
DECK,Deckers Brands,Consumer Discretionary,Footwear,115.43,223.98,93.72,117.99,117.49,117.02,109.6,110.41,110.42,135.87
DE,Deere & Company,Industrials,Agricultural & Farm Machinery,476.12,532.1,383.0,470.71,473.17,478.73,494.85,499.77,491.11,477.83
DELL,Dell Technologies,Information Technology,"Technology Hardware, Storage & Peripherals",132.11,145.54,65.56,128.39,126.09,127.1,129.64,120.3,113.56,112.0
DAL,Delta Air Lines,Industrials,Passenger Airlines,59.47,69.36,34.52,58.89,59.99,60.45,57.7,52.96,50.74,54.51
DVN,Devon Energy,Energy,Oil & Gas Exploration & Production,35.01,42.12,25.53,34.74,34.69,34.95,33.71,32.91,32.72,33.23
DXCM,Dexcom,Health Care,Health Care Equipment,75.78,93.25,57.52,76.11,76.95,77.26,80.42,81.87,79.06,80.05
FANG,Diamondback Energy,Energy,Oil & Gas Exploration & Production,140.64,195.31,112.4,138.19,138.13,141.58,141.79,140.47,140.29,147.23
DLR,Digital Realty,Real Estate,Data Center REITs,171.36,192.35,128.14,172.74,169.48,167.05,169.59,169.18,164.28,165.14
DG,Dollar General,Consumer Staples,Consumer Staples Merchandise Retail,106.9,117.95,65.67,105.23,106.06,108.43,110.14,106.79,103.2,92.35
DLTR,Dollar Tree,Consumer Staples,Consumer Staples Merchandise Retail,98.26,118.06,60.49,97.25,98.13,103.96,109.42,100.91,95.52,86.63
D,Dominion Energy,Utilities,Multi-Utilities,59.74,61.75,46.96,59.87,59.38,59.35,59.04,56.87,55.96,54.92
DPZ,Domino's,Consumer Discretionary,Restaurants,430.08,495.24,392.06,442.19,449.82,452.33,456.25,461.4,461.22,454.9
DASH,DoorDash,Consumer Discretionary,Specialized Consumer Services,268.07,278.15,126.9,261.3,257.81,252.23,249.59,231.48,221.65,207.35
DOV,Dover Corporation,Industrials,Industrial Machinery & Supplies & Components,172.8,220.46,142.22,172.35,174.59,176.9,179.9,179.35,176.89,182.97
DOW,Dow Inc.,Materials,Commodity Chemicals,24.11,51.74,20.11,24.47,24.38,24.32,24.53,26.39,27.06,30.96
DHI,D. R. Horton,Consumer Discretionary,Homebuilding,169.61,197.64,109.8,172.25,176.21,172.85,158.35,141.36,137.76,137.98
DTE,DTE Energy,Utilities,Multi-Utilities,135.11,140.92,111.81,135.28,134.98,135.73,136.43,134.57,134.04,129.47
DUK,Duke Energy,Utilities,Electric Utilities,120.39,126.75,102.41,121.21,121.07,121.92,121.09,118.52,118.29,115.1
DD,DuPont,Materials,Specialty Chemicals,78.1,88.2,53.17,77.29,77.28,76.87,74.68,71.27,70.12,72.84
EMN,Eastman Chemical Company,Materials,Specialty Chemicals,66.46,109.94,56.08,65.98,66.43,67.05,68.87,73.0,74.33,81.15
ETN,Eaton Corporation,Industrials,Electrical Components & Equipment,371.27,398.4,230.37,369.45,361.63,354.9,362.79,344.57,330.39,327.52
EBAY,eBay Inc.,Consumer Discretionary,Broadline Retail,89.6,100.83,55.44,89.91,91.15,92.55,89.25,81.23,77.99,73.12
ECL,Ecolab,Materials,Specialty Chemicals,264.83,285.35,220.55,267.24,269.64,273.68,271.49,266.16,261.14,256.12
EIX,Edison International,Utilities,Electric Utilities,55.58,85.03,46.98,55.68,55.27,55.18,54.06,53.5,53.97,57.09
EW,Edwards Lifesciences,Health Care,Health Care Equipment,74.55,83.0,64.01,75.69,77.57,79.41,78.71,77.46,76.15,74.65
EA,Electronic Arts,Communication Services,Interactive Home Entertainment,173.17,180.7,114.77,172.6,170.59,170.8,164.06,157.29,154.35,149.01
ELV,Elevance Health,Health Care,Managed Health Care,315.77,544.09,272.22,310.58,310.64,311.52,302.76,343.08,359.66,370.16
EMR,Emerson Electric,Industrials,Electrical Components & Equipment,131.91,149.68,89.31,132.54,133.12,132.74,136.67,129.25,124.09,123.41
ENPH,Enphase Energy,Information Technology,Semiconductor Materials & Equipment,38.44,126.19,29.89,38.35,38.26,37.75,36.55,39.86,42.99,51.63
ETR,Entergy,Utilities,Electric Utilities,87.83,91.79,61.36,88.95,88.46,88.53,87.92,84.9,84.29,82.19
EOG,EOG Resources,Energy,Oil & Gas Exploration & Production,118.32,135.49,100.76,118.94,118.78,120.53,119.42,117.18,116.72,119.87
EPAM,EPAM Systems,Information Technology,IT Consulting & Other Services,155.87,269.0,138.15,154.91,158.44,165.47,163.81,169.02,166.9,191.17
EQT,EQT Corporation,Energy,Oil & Gas Exploration & Production,49.39,60.83,32.46,50.05,50.5,51.24,52.5,53.98,53.27,51.5
EFX,Equifax,Industrials,Research & Consulting Services,260.72,304.91,199.2,259.35,255.72,250.04,248.74,256.29,251.46,252.33
EQIX,Equinix,Real Estate,Data Center REITs,785.3,977.63,693.42,784.74,782.05,780.41,777.43,815.99,811.13,847.44
EQR,Equity Residential,Real Estate,Multi-Family Residential REITs,64.87,76.06,58.81,65.19,65.85,65.41,65.32,66.92,67.02,67.99
ERIE,Erie Indemnity,Financials,Insurance Brokers,319.62,539.84,318.0,324.24,329.2,339.54,350.01,352.08,362.79,379.37
ESS,Essex Property Trust,Real Estate,Multi-Family Residential REITs,268.63,310.81,241.65,266.43,266.73,265.97,269.22,275.09,276.2,279.79
EL,Estée Lauder Companies (The),Consumer Staples,Personal Care Products,88.0,101.55,47.94,87.15,87.67,88.9,89.4,79.4,75.28,74.56
EG,Everest Group,Financials,Reinsurance,334.75,400.59,318.14,337.65,339.69,341.66,336.72,339.2,341.55,345.5
EVRG,Evergy,Utilities,Electric Utilities,71.28,73.29,56.68,71.82,71.65,71.64,70.71,68.63,68.11,66.0
ES,Eversource Energy,Utilities,Electric Utilities,63.88,67.15,51.64,64.36,64.11,64.21,65.11,64.1,62.88,61.05
EXC,Exelon,Utilities,Electric Utilities,43.11,47.26,34.98,43.18,43.22,43.64,43.82,43.58,43.81,42.13
EXE,Expand Energy,Energy,Oil & Gas Exploration & Production,98.89,121.47,70.46,97.58,96.5,96.36,98.18,105.02,104.79,102.61
EXPE,Expedia Group,Consumer Discretionary,"Hotels, Resorts & Cruise Lines",221.92,229.0,129.46,224.5,220.92,216.86,200.59,183.67,178.45,180.17
EXPD,Expeditors International,Industrials,Air Freight & Logistics,124.05,129.91,99.78,124.3,122.98,121.86,118.69,115.91,115.02,114.77
EXR,Extra Space Storage,Real Estate,Self-Storage REITs,142.69,177.0,118.4,143.71,144.3,142.26,142.05,143.93,142.67,144.82
XOM,ExxonMobil,Energy,Integrated Oil & Gas,113.93,121.93,96.01,113.68,112.28,112.3,110.07,108.18,108.09,107.79
FFIV,"F5, Inc.",Information Technology,Communications Equipment,331.8,337.39,211.89,325.02,324.83,319.52,312.7,299.12,291.6,284.8
FDS,FactSet,Financials,Financial Exchanges & Data,301.23,495.04,297.86,337.75,354.02,364.66,388.21,414.92,417.66,434.29
FICO,Fair Isaac,Information Technology,Application Software,1522.1,2402.52,1300.0,1545.35,1547.04,1504.2,1467.1,1671.02,1708.72,1797.51
FAST,Fastenal,Industrials,Trading Companies & Distributors,47.22,50.63,33.78,47.36,47.62,48.75,47.58,44.35,43.17,40.9
FRT,Federal Realty Investment Trust,Real Estate,Retail REITs,100.22,114.28,79.72,100.43,100.92,100.18,96.39,95.4,94.75,98.38
FDX,FedEx,Industrials,Air Freight & Logistics,226.5,301.45,191.82,227.04,226.67,227.38,227.89,224.44,223.1,237.88
FIS,Fidelity National Information Services,Financials,Transaction & Payment Processing Services,66.24,90.1,65.66,66.72,67.28,68.28,72.9,75.96,75.36,75.75
FITB,Fifth Third Bancorp,Financials,Regional Banks,46.28,47.75,31.96,45.62,45.54,45.34,43.62,41.21,40.15,40.97
FSLR,First Solar,Information Technology,Semiconductors,209.63,262.72,116.56,206.86,205.28,201.29,190.07,173.56,164.66,166.38
FE,FirstEnergy,Utilities,Electric Utilities,43.43,44.4,36.81,43.46,43.43,43.5,42.57,41.67,41.25,40.39
FI,Fiserv,Financials,Transaction & Payment Processing Services,132.87,238.59,128.22,133.35,134.13,135.98,141.92,156.57,167.32,185.37
F,Ford Motor Company,Consumer Discretionary,Automobile Manufacturers,11.74,11.99,8.21,11.67,11.65,11.68,11.4,10.9,10.61,10.16
FTNT,Fortinet,Information Technology,Systems Software,80.99,114.82,70.12,80.35,80.11,79.02,88.09,95.78,95.89,97.52
FTV,Fortive,Industrials,Industrial Machinery & Supplies & Components,48.83,62.71,45.45,48.6,48.36,48.18,48.9,51.03,51.19,53.97
FOXA,Fox Corporation (Class A),Communication Services,Broadcasting,59.84,62.69,39.37,58.71,59.21,59.39,57.37,55.6,54.69,53.23
FOX,Fox Corporation (Class B),Communication Services,Broadcasting,54.02,57.02,36.39,53.09,53.59,53.99,52.36,50.97,50.23,49.33
BEN,Franklin Resources,Financials,Asset Management & Custody Banks,24.4,26.08,16.03,24.37,24.54,24.98,24.89,23.33,22.3,21.36
FCX,Freeport-McMoRan,Materials,Copper,44.93,51.85,27.45,45.14,45.34,44.81,43.65,41.96,40.64,39.84
GRMN,Garmin,Consumer Discretionary,Consumer Electronics,237.25,243.61,158.5,236.4,237.01,235.97,230.61,215.9,212.12,212.32
IT,Gartner,Information Technology,IT Consulting & Other Services,253.02,584.01,223.65,250.41,246.42,246.19,283.65,352.88,363.94,415.72
GE,GE Aerospace,Industrials,Aerospace & Defense,297.09,297.65,158.81,289.61,284.45,278.92,272.25,253.49,240.96,220.98
GEHC,GE HealthCare,Health Care,Health Care Equipment,74.0,94.71,57.59,76.46,76.89,75.29,74.59,73.22,72.52,77.08
GEV,GE Vernova,Industrials,Heavy Electrical Equipment,611.0,677.29,233.06,619.59,616.36,611.48,613.72,538.58,494.8,439.46
GEN,Gen Digital,Information Technology,Systems Software,28.86,32.09,22.55,28.8,29.18,29.82,30.0,29.22,28.42,28.14
GNRC,Generac,Industrials,Electrical Components & Equipment,184.04,203.25,99.5,183.81,183.9,184.94,178.93,153.78,146.66,148.57
GD,General Dynamics,Industrials,Aerospace & Defense,324.57,330.18,236.67,325.88,324.9,323.59,315.52,296.92,290.97,278.69
GIS,General Mills,Consumer Staples,Packaged Foods & Meats,49.85,72.65,48.29,49.5,49.92,49.67,49.84,51.52,52.66,55.43
GM,General Motors,Consumer Discretionary,Automobile Manufacturers,59.26,60.6,41.36,58.78,58.44,58.26,55.37,51.98,50.8,50.47
GPC,Genuine Parts Company,Consumer Discretionary,Distributors,137.91,143.1,102.41,139.42,139.77,138.67,133.69,127.63,124.95,122.26
GILD,Gilead Sciences,Health Care,Biotechnology,113.62,120.99,79.46,112.61,113.88,113.44,113.32,109.65,108.82,104.52
GPN,Global Payments,Financials,Transaction & Payment Processing Services,86.07,118.69,65.53,85.04,85.78,86.7,84.1,81.04,82.05,91.47
GL,Globe Life,Financials,Life & Health Insurance,143.63,144.51,99.63,142.4,141.41,140.85,135.84,128.39,127.47,123.43
GDDY,GoDaddy,Information Technology,Internet Services & Infrastructure,146.36,216.0,132.51,145.05,146.1,146.16,152.98,167.26,168.88,178.97
GS,Goldman Sachs,Financials,Investment Banking & Brokerage,804.31,807.28,434.87,790.18,774.92,756.38,732.56,673.9,643.14,623.73
HAL,Halliburton,Energy,Oil & Gas Equipment & Services,22.36,31.66,18.43,22.21,22.16,22.12,21.74,21.17,21.39,23.26
HIG,Hartford (The),Financials,Property & Casualty Insurance,131.41,135.17,103.64,131.14,131.33,131.98,127.84,126.89,125.06,120.28
HAS,Hasbro,Consumer Discretionary,Leisure Products,74.88,82.19,48.07,75.57,77.32,79.03,77.61,72.28,68.91,65.19
HCA,HCA Healthcare,Health Care,Health Care Facilities,401.06,420.23,288.25,401.41,405.29,405.06,383.55,377.08,368.6,348.56
DOC,Healthpeak Properties,Real Estate,Health Care REITs,18.57,22.06,16.35,18.27,18.22,17.99,17.7,17.44,17.67,18.4
HSIC,Henry Schein,Health Care,Health Care Distributors,68.55,82.49,60.56,68.43,68.39,68.51,68.96,69.87,69.18,70.99
HSY,Hershey Company (The),Consumer Staples,Packaged Foods & Meats,189.08,202.98,136.73,188.84,187.6,185.1,180.98,172.48,170.7,167.91
HPE,Hewlett Packard Enterprise,Information Technology,"Technology Hardware, Storage & Peripherals",25.24,25.35,11.88,24.79,24.42,23.53,21.86,19.9,18.91,19.49
HLT,Hilton Worldwide,Consumer Discretionary,"Hotels, Resorts & Cruise Lines",266.3,279.81,195.81,270.51,272.9,274.1,271.21,260.97,252.39,251.92
HOLX,Hologic,Health Care,Health Care Equipment,68.27,84.39,51.9,65.61,66.0,66.44,66.45,63.71,62.88,65.2
HD,Home Depot (The),Consumer Discretionary,Home Improvement Retail,417.48,429.19,322.47,420.27,419.22,412.33,391.58,377.01,371.95,379.24
HON,Honeywell,Industrials,Industrial Conglomerates,210.2,240.47,177.52,211.21,212.62,215.93,220.94,221.58,217.26,216.75
HRL,Hormel Foods,Consumer Staples,Packaged Foods & Meats,24.96,32.84,23.71,24.94,25.17,26.14,27.81,28.85,29.03,29.29
HST,Host Hotels & Resorts,Real Estate,Hotel & Resort REITs,17.6,18.53,12.06,17.61,17.56,17.31,16.53,15.87,15.44,15.83
HWM,Howmet Aerospace,Industrials,Aerospace & Defense,191.84,193.13,93.25,187.94,184.43,179.44,181.02,174.05,164.68,148.81
HPQ,HP Inc.,Information Technology,"Technology Hardware, Storage & Peripherals",28.24,38.25,20.76,27.92,28.31,27.99,26.4,25.96,25.74,27.99
HUBB,Hubbell Incorporated,Industrials,Industrial Machinery & Supplies & Components,440.1,475.24,297.55,436.87,438.75,437.36,431.41,408.48,394.34,398.06
HUM,Humana,Health Care,Managed Health Care,264.86,321.0,206.87,271.69,280.21,291.25,266.55,253.16,256.38,260.56
HBAN,Huntington Bancshares,Financials,Regional Banks,17.87,17.9,11.7,17.55,17.54,17.46,16.86,16.26,15.76,15.83
HII,Huntington Ingalls Industries,Industrials,Aerospace & Defense,274.69,291.7,155.93,273.61,272.42,271.33,265.68,247.91,239.34,219.26
IBM,IBM,Information Technology,IT Consulting & Other Services,265.0,294.17,197.92,258.26,256.89,249.96,255.3,261.18,256.24,248.35
IEX,IDEX Corporation,Industrials,Industrial Machinery & Supplies & Components,162.06,235.67,152.2,161.44,162.3,163.5,168.65,174.33,173.75,185.5
IDXX,Idexx Laboratories,Health Care,Health Care Equipment,655.51,688.12,356.14,645.43,646.17,643.61,609.87,560.84,530.7,494.05
ITW,Illinois Tool Works,Industrials,Industrial Machinery & Supplies & Components,263.59,274.77,213.36,263.03,263.92,264.45,260.99,253.0,249.82,252.45
INCY,Incyte,Health Care,Biotechnology,86.0,87.99,53.56,84.19,85.22,85.2,79.53,72.55,69.95,70.29
IR,Ingersoll Rand,Industrials,Industrial Machinery & Supplies & Components,81.53,105.95,65.58,79.21,79.83,79.6,81.42,81.63,80.34,84.26
PODD,Insulet Corporation,Health Care,Health Care Equipment,333.51,353.5,225.37,333.99,339.63,338.12,313.46,307.98,297.81,287.26
INTC,Intel,Information Technology,Semiconductors,30.57,32.38,17.67,25.92,25.24,24.83,23.16,22.15,21.95,21.74
ICE,Intercontinental Exchange,Financials,Financial Exchanges & Data,171.13,188.82,141.12,172.0,172.76,174.81,179.43,177.97,175.04,168.84
IFF,International Flavors & Fragrances,Materials,Specialty Chemicals,63.75,105.18,62.33,64.32,64.97,65.84,68.93,72.43,72.82,76.78
IP,International Paper,Materials,Paper & Plastic Packaging Products & Materials,47.11,58.71,42.44,46.37,46.78,47.78,48.85,47.85,47.98,50.1
IPG,Interpublic Group of Companies (The),Communication Services,Advertising,26.02,31.81,21.93,26.26,26.47,26.51,25.56,24.75,24.66,25.56
INTU,Intuit,Information Technology,Application Software,674.96,813.7,531.0,657.26,661.85,664.64,718.27,718.87,693.89,662.89
ISRG,Intuitive Surgical,Health Care,Health Care Equipment,435.83,616.0,425.0,437.53,449.79,458.48,479.16,508.12,504.91,522.99
IVZ,Invesco,Financials,Asset Management & Custody Banks,22.65,22.78,11.33,22.34,22.26,21.98,20.86,17.83,16.99,16.96
INVH,Invitation Homes,Real Estate,Single-Family Residential REITs,29.52,35.56,29.11,29.71,29.98,30.37,30.86,32.12,32.31,32.07
IQV,IQVIA,Health Care,Life Sciences Tools & Services,190.2,248.03,134.65,187.38,187.64,187.48,183.75,167.65,166.15,177.64
IRM,Iron Mountain,Real Estate,Other Specialized REITs,98.92,126.21,71.19,98.89,96.81,93.74,94.35,96.0,93.37,95.5
JBHT,J.B. Hunt,Industrials,Cargo Ground Transportation,135.06,198.61,122.01,136.33,138.78,141.9,144.34,142.6,141.63,151.72
JBL,Jabil,Information Technology,Electronic Manufacturing Services,223.29,232.75,105.84,216.08,213.89,210.34,216.54,198.14,185.61,172.36
JKHY,Jack Henry & Associates,Financials,Transaction & Payment Processing Services,154.47,194.68,154.39,158.37,159.99,160.99,166.29,172.41,172.59,172.8
J,Jacobs Solutions,Industrials,Construction & Engineering,149.63,152.07,104.68,147.31,146.39,146.42,144.05,135.31,131.68,131.19
JNJ,Johnson & Johnson,Health Care,Pharmaceuticals,174.16,179.84,137.37,176.66,177.11,177.23,171.22,161.72,160.2,156.36
JCI,Johnson Controls,Industrials,Building Products,108.48,112.63,67.78,107.64,107.35,107.18,106.81,102.78,97.9,91.7
JPM,JPMorgan Chase,Financials,Diversified Banks,313.23,313.44,199.85,310.0,304.12,301.36,295.68,281.03,271.75,263.07
K,Kellanova,Consumer Staples,Packaged Foods & Meats,78.2,82.04,77.13,78.95,79.21,79.21,79.28,79.83,80.11,80.09
KVUE,Kenvue,Consumer Staples,Personal Care Products,18.1,24.71,17.15,18.36,18.51,19.69,20.83,21.55,21.74,21.67
KDP,Keurig Dr Pepper,Consumer Staples,Soft Drinks & Non-alcoholic Beverages,27.2,37.26,26.58,27.08,27.43,29.0,31.9,32.57,32.92,32.54
KEY,KeyCorp,Financials,Regional Banks,19.13,19.41,12.43,18.87,18.99,18.96,18.35,17.19,16.64,16.68
KEYS,Keysight Technologies,Information Technology,Electronic Equipment & Instruments,177.21,186.2,121.43,172.9,171.34,168.08,165.53,162.46,158.37,161.44
KMB,Kimberly-Clark,Consumer Staples,Household Products,125.51,147.59,120.67,125.92,127.77,128.31,128.88,130.49,131.61,131.09
KIM,Kimco Realty,Real Estate,Retail REITs,22.17,24.7,17.52,22.19,22.34,22.19,21.6,21.12,20.89,21.25
KMI,Kinder Morgan,Energy,Oil & Gas Storage & Transportation,27.67,30.49,20.53,27.48,27.2,26.98,27.1,27.31,27.17,27.0
KKR,KKR & Co.,Financials,Asset Management & Custody Banks,149.34,169.7,85.9,145.22,142.2,140.57,142.94,133.27,128.27,133.93
KLAC,KLA Corporation,Information Technology,Semiconductor Materials & Equipment,1046.69,1076.64,548.81,996.01,960.38,916.63,912.66,859.41,820.01,773.53
KHC,Kraft Heinz,Consumer Staples,Packaged Foods & Meats,26.08,34.37,25.07,25.9,26.35,26.77,27.11,26.75,27.15,27.86
KR,Kroger,Consumer Staples,Food Retail,65.99,74.52,53.47,67.08,67.3,68.06,69.96,69.37,69.0,66.24
LHX,L3Harris,Industrials,Aerospace & Defense,282.73,286.81,190.25,281.99,278.32,276.47,271.78,254.44,245.69,232.59
LH,Labcorp,Health Care,Health Care Services,277.15,282.74,208.23,276.13,276.73,276.42,266.42,258.86,252.26,247.15
LRCX,Lam Research,Information Technology,Semiconductor Materials & Equipment,126.32,128.7,56.18,120.97,114.14,107.39,102.87,94.47,89.35,84.96
LW,Lamb Weston,Consumer Staples,Packaged Foods & Meats,56.47,82.35,47.25,56.47,56.8,56.57,54.78,53.75,53.67,56.31
LVS,Las Vegas Sands,Consumer Discretionary,Casinos & Gaming,53.21,58.05,29.84,52.87,53.5,54.78,52.83,47.21,44.83,45.43
LDOS,Leidos,Industrials,Diversified Support Services,187.15,200.78,122.65,183.94,181.97,181.24,173.07,162.51,157.57,152.04
LEN,Lennar,Consumer Discretionary,Homebuilding,132.87,184.74,97.54,134.14,136.91,135.32,125.31,117.05,115.44,121.27
LII,Lennox International,Industrials,Building Products,541.74,689.44,497.88,546.88,557.71,560.6,591.36,579.78,573.83,589.99
LLY,Lilly (Eli),Health Care,Pharmaceuticals,762.93,932.73,622.41,758.27,751.87,739.31,739.72,756.17,763.98,783.33
LIN,Linde plc,Materials,Industrial Gases,476.0,484.83,406.06,477.22,476.0,476.49,471.79,465.76,462.18,454.19
LYV,Live Nation Entertainment,Communication Services,Movies & Entertainment,164.68,175.25,101.37,170.12,169.87,167.42,158.49,150.43,145.85,142.48
LKQ,LKQ Corporation,Consumer Discretionary,Distributors,31.13,43.77,28.65,31.52,31.99,31.94,32.41,35.62,36.59,37.15
LMT,Lockheed Martin,Industrials,Aerospace & Defense,473.62,602.02,407.14,473.12,468.03,458.93,444.88,455.27,453.9,457.72
L,Loews Corporation,Financials,Multi-line Insurance,97.04,98.33,74.95,96.86,96.7,96.58,94.14,91.49,90.57,88.36
LOW,Lowe's,Consumer Discretionary,Home Improvement Retail,267.57,281.56,204.22,269.99,270.09,264.79,245.9,234.51,231.93,238.12
LULU,Lululemon Athletica,Consumer Discretionary,"Apparel, Accessories & Luxury Goods",169.76,423.32,159.25,163.09,164.67,183.76,199.44,237.8,246.02,293.96
LYB,LyondellBasell,Materials,Specialty Chemicals,52.69,89.94,46.44,53.33,54.06,54.93,55.8,56.17,56.8,62.22
MTB,M&T Bank,Financials,Regional Banks,200.43,219.44,148.52,197.94,198.43,198.42,194.14,188.16,183.57,185.81
MPC,Marathon Petroleum,Energy,Oil & Gas Refining & Marketing,185.03,186.28,113.82,182.58,182.16,178.91,172.62,165.95,159.35,153.78
MKTX,MarketAxess,Financials,Financial Exchanges & Data,179.71,292.5,178.2,182.54,184.86,185.0,195.07,207.41,208.87,211.33
MAR,Marriott International,Consumer Discretionary,"Hotels, Resorts & Cruise Lines",263.95,305.27,204.35,265.11,265.27,266.57,267.64,265.09,257.79,264.96
MMC,Marsh McLennan,Financials,Insurance Brokers,196.15,246.94,195.01,198.28,200.27,203.66,205.55,214.04,217.22,218.65
MLM,Martin Marietta Materials,Materials,Construction Materials,620.4,632.26,440.72,613.36,617.86,614.74,596.46,571.24,553.91,541.75
MAS,Masco,Industrials,Building Products,72.99,85.23,56.02,73.17,73.96,73.82,70.63,66.92,66.32,69.58
MA,Mastercard,Financials,Transaction & Payment Processing Services,586.05,601.77,464.22,586.89,585.74,589.52,575.79,571.25,561.75,552.76
MTCH,Match Group,Communication Services,Interactive Media & Services,38.57,39.2,26.24,37.76,37.99,37.61,35.93,33.11,32.4,32.37
MKC,McCormick & Company,Consumer Staples,Packaged Foods & Meats,66.25,85.22,65.95,67.01,68.41,69.4,70.23,72.1,73.07,74.61
MCD,McDonald's,Consumer Discretionary,Restaurants,301.14,322.65,271.85,303.37,307.09,309.93,304.47,303.81,304.4,299.83
MCK,McKesson Corporation,Health Care,Health Care Distributors,690.13,737.01,462.37,698.02,700.61,694.02,695.46,704.52,699.4,663.19
MDT,Medtronic,Health Care,Health Care Equipment,95.59,95.64,77.57,94.36,93.83,93.08,91.89,88.41,87.65,87.0
MRK,Merck & Co.,Health Care,Pharmaceuticals,81.53,115.12,71.87,81.36,82.52,83.29,82.05,80.06,80.35,85.12
META,Meta Platforms,Communication Services,Interactive Media & Services,780.25,796.25,479.43,771.05,762.86,754.39,745.61,703.47,672.77,659.35
MET,MetLife,Financials,Life & Health Insurance,79.07,87.17,64.24,79.55,79.57,80.22,77.99,78.07,77.43,79.0
MTD,Mettler Toledo,Health Care,Life Sciences Tools & Services,1287.1,1521.01,946.69,1271.37,1279.81,1283.69,1262.27,1207.72,1183.85,1218.68
MGM,MGM Resorts,Consumer Discretionary,Casinos & Gaming,35.94,42.54,25.3,35.36,35.7,37.05,36.87,35.08,34.03,34.19
MCHP,Microchip Technology,Information Technology,Semiconductors,66.26,79.31,33.63,64.87,65.01,65.46,67.3,64.43,60.2,58.73
MU,Micron Technology,Information Technology,Semiconductors,168.89,170.45,61.48,160.54,149.13,133.9,123.13,113.6,106.53,102.73
MSFT,Microsoft,Information Technology,Systems Software,508.45,554.54,343.59,510.55,504.58,505.25,510.81,486.34,464.63,446.61
MAA,Mid-America Apartment Communities,Real Estate,Multi-Family Residential REITs,140.54,170.0,137.32,140.46,142.33,142.8,144.47,148.84,150.44,151.63
MRNA,Moderna,Health Care,Biotechnology,25.45,75.37,23.15,24.54,24.68,24.82,27.94,27.46,27.5,31.29
MHK,Mohawk Industries,Consumer Discretionary,Home Furnishings,132.77,164.29,96.24,134.79,136.33,133.89,124.79,114.64,113.36,116.49
MOH,Molina Healthcare,Health Care,Managed Health Care,179.71,361.8,151.95,177.89,178.88,177.44,175.97,237.77,255.89,272.14
TAP,Molson Coors Beverage Company,Consumer Staples,Brewers,46.9,63.47,46.42,47.49,48.53,49.44,49.67,50.8,52.38,53.97
MDLZ,Mondelez International,Consumer Staples,Packaged Foods & Meats,63.25,73.83,53.2,62.47,62.29,62.09,64.2,65.38,65.5,63.52
MPWR,Monolithic Power Systems,Information Technology,Semiconductors,917.78,947.45,437.93,867.26,861.99,851.65,802.44,745.59,706.07,674.11
MNST,Monster Beverage,Consumer Staples,Soft Drinks & Non-alcoholic Beverages,64.64,67.13,45.7,65.27,64.18,63.46,61.99,62.13,61.34,57.75
MCO,Moody's Corporation,Financials,Financial Exchanges & Data,482.32,528.95,377.3,504.63,506.26,506.67,508.04,493.28,482.43,482.13
MS,Morgan Stanley,Financials,Investment Banking & Brokerage,159.24,160.14,92.93,157.1,154.52,151.59,146.05,137.58,132.21,130.19
MOS,Mosaic Company (The),Materials,Fertilizers & Agricultural Chemicals,34.22,37.97,21.99,33.98,33.4,33.14,33.88,34.16,32.57,29.93
MSI,Motorola Solutions,Information Technology,Communications Equipment,474.55,502.83,387.0,478.46,479.41,473.15,451.25,433.73,431.3,439.44
MSCI,MSCI Inc.,Financials,Financial Exchanges & Data,555.98,636.39,483.67,572.3,570.9,568.27,562.01,561.1,557.46,568.48
NDAQ,"Nasdaq, Inc.",Financials,Financial Exchanges & Data,88.87,97.36,64.46,92.26,93.39,93.78,93.44,88.38,85.31,82.74
NTAP,NetApp,Information Technology,"Technology Hardware, Storage & Peripherals",126.36,133.34,71.49,124.36,123.35,118.25,110.84,105.44,101.34,106.16
NFLX,Netflix,Communication Services,Movies & Entertainment,1207.78,1341.15,677.88,1205.5,1223.05,1222.33,1213.7,1212.36,1162.07,1078.21
NEM,Newmont,Materials,Gold,78.32,80.07,36.35,78.93,78.06,75.43,68.56,61.52,59.22,52.69
NWSA,News Corp (Class A),Communication Services,Publishing,30.45,30.74,23.3,29.91,29.63,29.55,29.41,28.8,28.28,28.19
NWS,News Corp (Class B),Communication Services,Publishing,33.56,35.47,26.17,32.93,32.8,33.34,33.6,33.08,32.44,32.1
NEE,NextEra Energy,Utilities,Multi-Utilities,70.79,83.5,60.75,70.81,70.72,72.0,72.48,71.23,70.36,70.2
NKE,"Nike, Inc.",Consumer Discretionary,"Apparel, Accessories & Luxury Goods",72.1,88.65,51.67,72.64,73.34,75.04,74.86,68.63,66.65,69.51
NI,NiSource,Utilities,Multi-Utilities,40.16,43.51,32.37,40.14,40.36,41.22,41.44,40.27,39.93,38.91
NDSN,Nordson Corporation,Industrials,Industrial Machinery & Supplies & Components,227.63,262.94,163.83,225.3,224.82,224.26,218.85,212.32,207.53,210.56
NSC,Norfolk Southern,Industrials,Rail Transportation,282.68,291.69,199.43,278.13,276.38,277.66,276.78,260.03,252.32,248.64
NTRS,Northern Trust,Financials,Asset Management & Custody Banks,132.22,132.66,80.54,130.12,129.07,129.27,127.49,118.15,112.82,109.63
NOC,Northrop Grumman,Industrials,Aerospace & Defense,573.75,598.64,420.66,576.14,577.78,582.29,569.68,527.29,522.13,502.08
NCLH,Norwegian Cruise Line Holdings,Consumer Discretionary,"Hotels, Resorts & Cruise Lines",25.41,29.29,14.21,25.81,25.7,25.28,24.49,21.61,20.83,22.47
NRG,NRG Energy,Utilities,Independent Power Producers & Energy Traders,164.19,175.96,79.04,164.78,159.07,152.75,154.14,150.54,139.69,124.28
NUE,Nucor,Materials,Steel,134.3,168.24,97.18,140.59,142.09,144.75,142.97,131.99,128.46,128.49
NVDA,Nvidia,Information Technology,Semiconductors,176.24,184.47,86.61,175.4,173.75,175.05,175.29,156.29,146.56,140.7
NVR,"NVR, Inc.",Consumer Discretionary,Homebuilding,8178.48,9964.77,6562.85,8243.71,8340.87,8238.22,7976.96,7606.65,7519.83,7675.05
NXPI,NXP Semiconductors,Information Technology,Semiconductors,226.51,251.87,146.73,220.89,221.77,226.91,223.21,214.12,207.42,209.37
ORLY,O’Reilly Automotive,Consumer Discretionary,Automotive Retail,103.69,108.42,73.33,105.49,105.85,104.66,100.9,95.89,95.15,91.39
OXY,Occidental Petroleum,Energy,Oil & Gas Exploration & Production,47.36,55.34,34.4,46.69,46.15,46.24,44.83,43.54,43.28,45.0
ODFL,Old Dominion,Industrials,Cargo Ground Transportation,142.39,231.78,140.65,144.27,146.71,149.25,153.14,157.46,157.55,168.49
OMC,Omnicom Group,Communication Services,Advertising,76.04,103.32,67.76,76.72,77.35,77.52,74.95,73.75,73.98,77.79
ON,ON Semiconductor,Information Technology,Semiconductors,51.83,76.06,31.04,49.51,49.13,49.52,52.59,50.08,47.73,50.76
OKE,Oneok,Energy,Oil & Gas Storage & Transportation,73.58,113.92,70.63,72.94,72.72,73.75,76.28,78.71,80.48,86.87
ORCL,Oracle Corporation,Information Technology,Application Software,296.62,345.72,118.18,299.8,284.8,258.06,250.22,214.98,199.31,187.17
OTIS,Otis Worldwide,Industrials,Industrial Machinery & Supplies & Components,90.35,105.86,83.85,89.58,88.73,87.81,89.62,92.93,93.83,94.62
PCAR,Paccar,Industrials,Construction Machinery & Heavy Transportation Equipment,101.42,114.66,84.08,101.96,100.51,100.01,98.59,95.96,95.19,99.34
PKG,Packaging Corporation of America,Materials,Paper & Plastic Packaging Products & Materials,213.96,244.78,170.61,212.64,213.73,213.16,204.25,196.76,195.02,203.26
PLTR,Palantir Technologies,Information Technology,Application Software,176.97,190.0,35.71,171.64,166.09,161.68,162.23,145.64,134.71,115.56
PANW,Palo Alto Networks,Information Technology,Systems Software,205.68,210.39,144.15,201.54,199.28,193.71,188.22,191.26,187.14,187.46
PSKY,Paramount Skydance Corporation,Communication Services,Movies & Entertainment,17.88,19.05,9.92,18.13,16.84,16.01,14.06,13.02,12.66,12.0
PH,Parker Hannifin,Industrials,Industrial Machinery & Supplies & Components,755.7,779.77,485.92,753.4,757.59,755.52,737.42,699.66,676.15,668.87
PAYX,Paychex,Industrials,Human Resource & Employment Services,131.11,160.03,128.21,132.45,133.61,135.88,139.31,144.86,144.76,143.95
PAYC,Paycom,Industrials,Human Resource & Employment Services,216.55,267.33,157.01,217.09,220.36,223.27,225.55,234.99,231.03,224.1
PYPL,PayPal,Financials,Transaction & Payment Processing Services,68.52,93.66,55.85,67.6,67.52,68.48,70.3,70.99,69.57,74.14
PNR,Pentair,Industrials,Industrial Machinery & Supplies & Components,111.52,112.91,73.85,110.72,110.59,109.26,106.36,102.33,98.74,98.54
PEP,PepsiCo,Consumer Staples,Soft Drinks & Non-alcoholic Beverages,140.73,171.46,125.14,141.23,142.43,144.64,142.89,136.21,137.32,140.91
PFE,Pfizer,Health Care,Pharmaceuticals,24.15,28.43,20.18,23.99,24.35,24.7,24.6,23.95,23.69,24.2
PCG,PG&E Corporation,Utilities,Multi-Utilities,14.9,21.62,12.97,15.15,15.13,15.12,14.64,15.17,15.53,16.27
PM,Philip Morris International,Consumer Staples,Tobacco,161.76,185.29,114.24,163.75,164.1,165.51,167.86,171.93,168.82,155.57
PSX,Phillips 66,Energy,Oil & Gas Refining & Marketing,131.35,135.47,89.26,131.9,131.75,131.31,126.42,121.17,118.23,118.62
PNW,Pinnacle West Capital,Utilities,Multi-Utilities,85.87,94.64,79.08,86.7,87.37,88.6,90.17,89.97,90.25,88.77
PNC,PNC Financial Services,Financials,Diversified Banks,206.27,210.46,142.39,203.08,202.86,203.27,197.05,186.16,180.84,183.97
POOL,Pool Corporation,Consumer Discretionary,Distributors,325.12,391.14,281.15,325.5,326.5,320.32,314.53,307.06,307.34,320.86
PPG,PPG Industries,Materials,Specialty Chemicals,109.02,133.97,89.08,109.13,109.71,110.53,110.89,110.88,109.19,111.74
PPL,PPL Corporation,Utilities,Electric Utilities,35.58,37.09,30.41,35.76,35.71,35.99,35.88,34.98,34.91,34.1
PFG,Principal Financial Group,Financials,Life & Health Insurance,81.78,88.63,67.06,81.68,81.03,80.32,78.86,77.89,77.49,78.38
PG,Procter & Gamble,Consumer Staples,Personal Care Products,157.32,177.66,149.91,158.09,158.49,157.97,156.09,158.46,159.59,162.02
PGR,Progressive Corporation,Financials,Property & Casualty Insurance,242.0,292.77,228.37,244.9,245.28,246.03,245.98,259.71,262.04,259.24
PLD,Prologis,Real Estate,Industrial REITs,115.16,125.46,83.8,114.13,113.07,111.92,108.73,106.97,105.8,107.84
PRU,Prudential Financial,Financials,Life & Health Insurance,103.87,125.75,88.12,104.28,105.11,106.91,104.55,103.88,103.49,106.81
PEG,Public Service Enterprise Group,Utilities,Electric Utilities,81.19,92.35,73.5,81.7,81.23,81.58,83.84,81.67,81.4,81.88
PTC,PTC Inc.,Information Technology,Application Software,206.19,219.69,133.38,204.88,206.66,210.18,206.61,187.73,180.2,180.0
PSA,Public Storage,Real Estate,Self-Storage REITs,283.79,355.59,251.43,285.72,287.98,287.94,284.09,288.89,287.84,290.7
PHM,PulteGroup,Consumer Discretionary,Homebuilding,134.1,148.31,87.74,134.71,136.52,134.08,124.61,113.65,110.73,110.84
PWR,Quanta Services,Industrials,Construction & Engineering,390.65,424.94,227.02,382.62,381.44,380.27,387.85,368.19,347.3,330.81
QCOM,Qualcomm,Information Technology,Semiconductors,168.13,178.09,119.4,164.12,161.98,159.83,156.13,153.21,151.09,154.21
DGX,Quest Diagnostics,Health Care,Health Care Services,183.33,185.62,144.09,181.85,182.16,181.17,176.17,175.84,173.88,168.55
RL,Ralph Lauren Corporation,Consumer Discretionary,"Apparel, Accessories & Luxury Goods",313.98,321.77,176.02,313.13,312.54,305.58,297.96,281.78,267.64,258.26
RJF,Raymond James Financial,Financials,Investment Banking & Brokerage,173.93,174.84,117.19,170.32,168.62,167.97,165.3,156.68,152.4,153.96
RTX,RTX Corporation,Industrials,Aerospace & Defense,158.19,161.26,111.21,157.86,156.54,157.39,155.02,145.82,141.96,134.38
O,Realty Income,Real Estate,Retail REITs,59.11,61.61,49.53,59.89,59.69,58.96,57.8,56.83,56.45,55.19
REG,Regency Centers,Real Estate,Retail REITs,70.33,75.93,62.21,70.56,71.34,71.46,70.83,70.67,70.48,70.72
REGN,Regeneron Pharmaceuticals,Health Care,Biotechnology,598.71,1160.87,475.77,578.37,570.42,575.41,566.41,557.26,564.76,616.96
RF,Regions Financial Corporation,Financials,Regional Banks,27.4,27.61,17.36,26.99,26.99,26.88,25.85,23.82,23.03,23.09
RSG,Republic Services,Industrials,Environmental & Facilities Services,226.71,258.14,195.62,226.99,228.26,231.02,234.97,241.52,241.09,232.12
RMD,ResMed,Health Care,Health Care Equipment,273.29,293.81,199.07,271.79,273.97,276.93,274.99,261.61,252.61,245.93
RVTY,Revvity,Health Care,Health Care Equipment,87.76,129.23,81.36,85.06,85.14,87.17,90.55,92.39,93.7,101.93
ROK,Rockwell Automation,Industrials,Electrical Components & Equipment,348.56,359.54,213.27,345.37,344.42,345.03,345.34,326.39,309.62,298.81
ROL,"Rollins, Inc.",Industrials,Environmental & Facilities Services,55.73,58.96,44.94,56.18,56.65,56.74,56.89,56.7,56.09,53.42
ROP,Roper Technologies,Information Technology,Electronic Equipment & Instruments,509.01,593.46,498.03,507.77,513.1,520.07,534.36,550.91,553.29,552.7
ROST,Ross Stores,Consumer Discretionary,Apparel Retail,146.09,156.94,121.69,146.83,148.52,148.56,142.89,140.56,139.02,140.74
RCL,Royal Caribbean Group,Consumer Discretionary,"Hotels, Resorts & Cruise Lines",325.81,366.5,163.55,327.36,337.72,345.14,335.95,299.81,280.1,264.31
SPGI,S&P Global,Financials,Financial Exchanges & Data,507.8,578.04,425.6,536.28,540.38,543.95,542.36,527.08,517.32,513.71
CRM,Salesforce,Information Technology,Application Software,244.28,366.78,226.09,241.96,245.16,247.36,250.78,261.32,261.02,284.14
SBAC,SBA Communications,Real Estate,Telecom Tower REITs,198.82,247.78,186.81,199.08,196.9,203.43,216.82,223.81,222.69,216.58
SLB,Schlumberger,Energy,Oil & Gas Equipment & Services,34.74,44.81,30.61,35.02,35.47,35.45,34.5,34.33,34.78,36.64
STX,Seagate Technology,Information Technology,"Technology Hardware, Storage & Peripherals",216.64,219.53,62.86,209.65,200.71,184.4,164.75,141.69,128.9,115.7
SRE,Sempra,Utilities,Multi-Utilities,82.48,93.45,61.37,83.03,82.15,82.12,80.8,78.07,76.33,77.83
NOW,ServiceNow,Information Technology,Systems Software,947.74,1198.09,678.66,941.3,935.52,916.34,922.94,963.77,932.56,963.8
SHW,Sherwin-Williams,Materials,Specialty Chemicals,349.56,397.81,307.5,354.03,360.53,363.24,353.77,352.14,348.68,350.54
SPG,Simon Property Group,Real Estate,Retail REITs,180.09,184.5,132.99,181.88,181.24,178.66,170.11,164.04,161.58,164.72
SWKS,Skyworks Solutions,Information Technology,Semiconductors,77.03,97.73,47.01,74.61,74.72,74.84,72.84,71.64,69.1,72.65
SJM,J.M. Smucker Company (The),Consumer Staples,Packaged Foods & Meats,106.68,121.73,92.38,105.29,108.23,109.36,108.63,107.16,108.37,107.55
SW,Smurfit Westrock,Materials,Paper & Plastic Packaging Products & Materials,44.17,55.46,36.31,44.25,45.11,45.62,45.18,44.16,43.69,46.4
SNA,Snap-on,Industrials,Industrial Machinery & Supplies & Components,339.49,366.68,272.7,335.64,331.26,329.12,325.09,319.91,319.91,326.59
SOLV,Solventum,Health Care,Health Care Technology,74.37,85.92,60.7,73.83,73.44,72.99,73.03,72.9,72.21,72.41
SO,Southern Company,Utilities,Electric Utilities,91.45,95.68,78.5,91.8,91.65,92.26,93.11,91.03,90.55,87.96
LUV,Southwest Airlines,Industrials,Passenger Airlines,32.27,37.75,23.55,31.81,31.6,31.95,32.44,32.0,31.28,31.32
SWK,Stanley Black & Decker,Industrials,Industrial Machinery & Supplies & Components,79.37,106.2,52.62,78.3,78.16,76.13,72.77,69.01,68.17,73.28
SBUX,Starbucks,Consumer Discretionary,Restaurants,83.42,115.87,74.48,83.12,83.42,85.58,89.37,88.41,88.18,92.53
STT,State Street Corporation,Financials,Asset Management & Custody Banks,113.22,116.37,72.29,111.99,112.03,113.22,111.44,104.53,100.39,98.4
STLD,Steel Dynamics,Materials,Steel,139.84,153.72,102.78,135.72,134.48,132.64,129.82,130.49,128.45,127.41
STE,Steris,Health Care,Health Care Equipment,250.5,253.0,199.47,248.99,248.32,247.03,237.98,237.29,233.9,227.11
SYK,Stryker Corporation,Health Care,Health Care Equipment,377.84,404.87,328.46,378.36,384.17,387.65,387.83,385.35,379.8,379.07
SMCI,Supermicro,Information Technology,"Technology Hardware, Storage & Peripherals",45.94,66.44,17.25,45.23,43.74,43.19,47.86,44.78,42.71,40.73
SYF,Synchrony Financial,Financials,Consumer Finance,76.53,77.41,40.15,75.51,75.51,75.28,72.39,66.2,62.85,62.98
SNPS,Synopsys,Information Technology,Application Software,480.11,651.73,365.74,435.23,481.36,540.81,580.55,536.47,514.18,508.11
SYY,Sysco,Consumer Staples,Food Distributors,81.93,83.17,66.65,81.42,81.32,80.83,80.02,76.49,75.46,74.8
TMUS,T-Mobile US,Communication Services,Wireless Telecommunication Services,238.83,274.51,192.73,239.47,241.75,246.99,242.59,240.0,243.35,241.34
TROW,T. Rowe Price,Financials,Asset Management & Custody Banks,105.79,119.7,75.88,104.57,105.22,105.79,104.73,98.66,96.25,100.06
TTWO,Take-Two Interactive,Communication Services,Interactive Home Entertainment,249.74,252.61,146.76,248.3,246.84,240.43,233.72,233.29,228.75,215.95
TPR,"Tapestry, Inc.",Consumer Discretionary,"Apparel, Accessories & Luxury Goods",113.3,113.62,41.31,109.86,107.57,104.38,104.77,92.73,87.6,81.58
TRGP,Targa Resources,Energy,Oil & Gas Storage & Transportation,170.12,215.2,141.47,165.86,164.21,164.42,165.09,165.36,168.07,176.92
TGT,Target Corporation,Consumer Staples,Consumer Staples Merchandise Retail,89.42,155.5,85.44,89.32,90.45,93.11,99.04,97.52,97.16,107.82
TEL,TE Connectivity,Information Technology,Electronic Manufacturing Services,217.31,218.76,115.38,212.93,211.27,208.52,200.62,180.66,171.5,162.17
TDY,Teledyne Technologies,Information Technology,Electronic Equipment & Instruments,562.63,570.56,419.0,556.27,553.25,548.15,547.5,520.66,511.27,502.29
TER,Teradyne,Information Technology,Semiconductor Materials & Equipment,118.82,143.64,65.6,114.68,116.09,116.64,107.4,95.37,91.8,101.21
TSLA,"Tesla, Inc.",Consumer Discretionary,Automobile Manufacturers,416.85,488.54,212.11,414.06,383.11,361.05,337.95,328.56,314.23,332.36
TXN,Texas Instruments,Information Technology,Semiconductors,181.62,220.1,137.77,180.07,182.75,192.05,194.86,191.55,185.39,185.37
TPL,Texas Pacific Land Corporation,Energy,Oil & Gas Exploration & Production,913.27,1759.83,840.26,924.53,920.11,916.93,933.99,1062.98,1105.2,1181.26
TXT,Textron,Industrials,Aerospace & Defense,83.92,91.21,57.67,82.7,82.14,81.37,81.04,78.41,76.35,76.4
TMO,Thermo Fisher Scientific,Health Care,Life Sciences Tools & Services,481.1,621.58,385.11,477.59,481.64,485.36,469.28,439.48,443.61,479.26
TJX,TJX Companies,Consumer Discretionary,Apparel Retail,139.93,145.58,109.83,140.03,140.09,138.86,132.17,129.42,128.13,125.59
TKO,TKO Group Holdings,Communication Services,Movies & Entertainment,202.8,212.49,113.01,202.13,199.52,192.74,180.26,173.1,168.19,160.78
TTD,Trade Desk (The),Communication Services,Advertising,43.93,141.53,42.96,44.98,47.28,50.27,64.79,67.39,64.38,79.66
TSCO,Tractor Supply,Consumer Discretionary,Other Specialty Retail,59.87,63.75,46.46,59.64,59.63,60.54,59.36,55.36,54.59,54.53
TT,Trane Technologies,Industrials,Building Products,402.49,475.11,296.82,400.93,407.5,412.72,428.55,423.79,406.5,392.6
TDG,TransDigm Group,Industrials,Aerospace & Defense,1286.12,1519.36,1107.45,1280.68,1286.04,1294.61,1368.73,1360.99,1339.94,1297.43
TRV,Travelers Companies (The),Financials,Property & Casualty Insurance,277.9,280.0,220.97,276.02,275.18,273.93,266.39,265.95,263.29,256.37
TRMB,Trimble Inc.,Information Technology,Electronic Equipment & Instruments,81.66,87.5,52.91,80.82,80.92,80.85,81.98,76.64,73.72,73.26
TFC,Truist Financial,Financials,Diversified Banks,46.08,47.46,32.72,45.2,45.42,45.83,44.74,42.42,41.37,42.18
TYL,Tyler Technologies,Information Technology,Application Software,530.05,661.31,513.52,537.11,546.99,552.02,563.64,567.56,566.8,579.28
TSN,Tyson Foods,Consumer Staples,Packaged Foods & Meats,54.01,63.75,51.39,54.32,55.1,55.83,54.9,55.15,56.12,56.66
USB,U.S. Bancorp,Financials,Diversified Banks,50.21,52.21,34.8,49.33,49.2,48.78,46.96,45.22,44.06,44.94
UBER,Uber,Industrials,Passenger Ground Transportation,94.7,99.7,59.33,96.04,94.99,94.77,92.59,90.01,86.6,80.14
UDR,"UDR, Inc.",Real Estate,Multi-Family Residential REITs,37.29,45.5,35.84,37.61,38.2,38.53,39.08,40.02,40.3,40.95
ULTA,Ulta Beauty,Consumer Discretionary,Other Specialty Retail,534.81,539.0,309.01,525.9,521.54,523.29,512.82,475.82,453.56,431.28
UNP,Union Pacific Corporation,Industrials,Rail Transportation,220.36,252.32,202.16,216.94,216.95,219.7,222.24,222.4,222.18,226.87
UAL,United Airlines Holdings,Industrials,Passenger Airlines,105.38,116.0,51.44,105.24,106.31,105.05,97.22,87.4,83.51,88.63
UPS,United Parcel Service,Industrials,Air Freight & Logistics,85.05,136.36,82.0,84.56,84.51,85.64,89.19,92.93,94.07,102.78
URI,United Rentals,Industrials,Trading Companies & Distributors,942.79,980.53,523.58,943.67,951.35,947.32,894.09,801.08,761.75,744.09
UNH,UnitedHealth Group,Health Care,Managed Health Care,334.82,617.34,233.13,342.88,338.78,321.39,293.16,307.34,347.83,408.18
UHS,Universal Health Services,Health Care,Health Care Facilities,188.11,242.21,152.16,188.61,188.22,185.48,176.45,179.44,179.01,180.57
VLO,Valero Energy,Energy,Oil & Gas Refining & Marketing,163.85,165.65,97.37,160.89,159.65,154.76,145.96,137.89,133.59,131.66
VTR,Ventas,Real Estate,Health Care REITs,67.97,70.82,55.85,68.59,68.59,68.24,67.51,65.7,65.92,64.22
VLTO,Veralto,Industrials,Environmental & Facilities Services,107.06,114.62,83.77,107.43,106.99,106.94,105.82,102.53,100.51,100.77
VRSN,Verisign,Information Technology,Internet Services & Infrastructure,285.88,309.71,174.64,286.92,285.62,278.82,277.4,278.7,272.36,250.85
VRSK,Verisk Analytics,Industrials,Research & Consulting Services,245.33,321.9,245.04,252.74,260.24,264.08,274.96,291.09,290.83,288.62
VZ,Verizon,Communication Services,Integrated Telecommunication Services,43.67,45.87,36.41,43.89,43.84,44.01,43.28,42.91,42.86,41.7
VRTX,Vertex Pharmaceuticals,Health Care,Biotechnology,387.11,519.88,362.5,390.67,392.71,393.13,417.93,435.07,445.96,449.66
VTRS,Viatris,Health Care,Pharmaceuticals,9.86,13.04,6.68,9.72,10.04,10.27,9.73,9.19,8.93,9.66
VICI,Vici Properties,Real Estate,Hotel & Resort REITs,32.12,34.01,27.24,32.72,32.99,33.23,33.1,32.42,32.19,31.26
V,Visa Inc.,Financials,Transaction & Payment Processing Services,338.18,374.85,266.36,340.58,341.4,345.58,345.64,350.47,347.0,340.4
VST,Vistra Corp.,Utilities,Electric Utilities,210.16,217.9,88.27,210.22,203.42,197.21,197.95,181.61,168.67,161.75
VMC,Vulcan Materials Company,Materials,Construction Materials,298.58,302.21,214.34,294.35,295.4,293.13,283.38,273.77,266.54,264.06
WRB,W. R. Berkley Corporation,Financials,Property & Casualty Insurance,73.1,75.77,54.76,72.85,72.68,72.27,70.64,71.45,70.65,66.64
GWW,W. W. Grainger,Industrials,Industrial Machinery & Supplies & Components,1005.23,1219.65,889.92,1002.7,1000.83,1007.92,1005.06,1031.11,1020.5,1035.63
WAB,Wabtec,Industrials,Construction Machinery & Heavy Transportation Equipment,190.37,215.82,151.42,188.17,189.68,191.71,195.73,198.48,194.05,193.79
WBA,Walgreens Boots Alliance,Consumer Staples,Drug Retail,11.98,13.25,7.98,11.98,12.03,11.93,11.67,11.39,11.33,10.81
WMT,Walmart,Consumer Staples,Consumer Staples Merchandise Retail,103.6,106.11,76.74,103.69,102.66,100.05,99.1,98.02,96.22,95.26
DIS,Walt Disney Company (The),Communication Services,Movies & Entertainment,114.86,124.69,79.76,115.55,116.48,117.19,117.88,114.84,109.95,109.78
WBD,Warner Bros. Discovery,Communication Services,Broadcasting,18.7,19.6,7.25,18.65,15.87,13.87,12.97,11.41,10.96,10.8
WM,Waste Management,Industrials,Environmental & Facilities Services,215.92,240.84,197.45,215.95,217.21,221.07,225.44,228.31,228.0,223.5
WAT,Waters Corporation,Health Care,Life Sciences Tools & Services,306.38,423.56,275.05,301.51,301.93,299.36,296.91,323.06,326.73,349.06
WEC,WEC Energy Group,Utilities,Electric Utilities,109.47,111.27,89.63,109.78,109.07,108.14,107.87,106.34,106.1,102.95
WFC,Wells Fargo,Financials,Diversified Banks,83.5,84.33,52.16,82.05,81.07,81.0,80.21,77.68,75.51,74.68
WELL,Welltower,Real Estate,Health Care REITs,166.53,170.99,120.11,167.14,167.83,167.33,164.26,157.27,154.94,147.87
WST,West Pharmaceutical Services,Health Care,Health Care Supplies,254.98,351.24,187.09,256.2,255.59,250.83,243.23,229.65,226.51,252.02
WDC,Western Digital,Information Technology,"Technology Hardware, Storage & Peripherals",105.15,106.11,28.74,101.85,98.03,89.57,78.95,66.32,60.62,56.07
WY,Weyerhaeuser,Real Estate,Timber REITs,24.54,33.04,23.71,24.74,25.2,25.46,25.51,25.7,25.88,27.1
WSM,"Williams-Sonoma, Inc.",Consumer Discretionary,Homefurnishing Retail,199.62,218.08,123.89,198.06,200.48,197.84,192.29,177.08,171.73,179.37
WMB,Williams Companies,Energy,Oil & Gas Storage & Transportation,60.38,62.92,43.0,58.91,58.18,57.59,57.68,58.17,58.0,56.81
WTW,Willis Towers Watson,Financials,Insurance Brokers,331.7,342.16,282.71,333.45,332.89,332.1,323.24,314.38,316.15,317.56
WDAY,"Workday, Inc.",Information Technology,Application Software,233.5,294.0,205.33,226.71,228.03,227.9,228.43,238.9,237.47,245.8
WYNN,Wynn Resorts,Consumer Discretionary,Casinos & Gaming,128.68,129.01,64.93,123.39,122.88,122.1,114.3,102.5,97.49,93.42
XEL,Xcel Energy,Utilities,Multi-Utilities,72.17,73.99,60.12,72.43,72.1,72.14,71.68,69.92,69.62,68.41
XYL,Xylem Inc.,Industrials,Industrial Machinery & Supplies & Components,142.18,144.93,99.87,141.44,140.49,141.25,138.54,132.06,128.22,126.12
YUM,Yum! Brands,Consumer Discretionary,Restaurants,145.26,161.72,120.38,147.98,147.34,146.48,145.84,145.45,146.06,143.29
ZBRA,Zebra Technologies,Information Technology,Electronic Equipment & Instruments,322.88,427.76,205.73,318.43,315.41,315.51,321.41,305.78,294.72,320.56
ZBH,Zimmer Biomet,Health Care,Health Care Equipment,100.21,114.14,88.99,100.66,102.41,104.19,99.72,96.83,98.45,101.37
ZTS,Zoetis,Health Care,Pharmaceuticals,147.1,197.92,138.77,147.19,149.08,151.91,151.43,155.97,155.57,159.75
