Symbol,Company,GICS_Sector,GICS_Sub_Industry,Current_Price,High_52_Week,Low_52_Week,SMA5,SMA10,SMA20,SMA50,SMA200,Score,Target_Pcnt,Target_Price,Stop_Loss
MMM,3M,Industrials,Industrial Conglomerates,155.4,159.47,122.31,156.32,155.7,155.62,153.73,144.67,-0.2,2.47,159.24,152.01
AOS,A. O. Smith,Industrials,Building Products,73.07,88.84,59.04,73.12,73.21,72.57,71.46,67.81,0.0,2.12,74.62,70.53
ABT,Abbott Laboratories,Health Care,Health Care Equipment,134.57,138.95,110.09,133.31,132.57,132.28,130.36,127.5,0.2,-0.05,134.5,130.06
ABBV,AbbVie,Health Care,Biotechnology,221.99,221.99,160.57,219.0,215.96,212.94,202.17,189.35,0.2,-0.04,221.9,203.97
ACN,Accenture,Information Technology,IT Consulting & Other Services,239.55,394.31,236.81,238.8,244.38,250.25,259.15,311.49,-0.2,10.92,265.71,234.77
ADBE,Adobe Inc.,Information Technology,Application Software,367.46,552.96,333.65,355.74,354.11,354.01,356.12,401.97,0.0,-0.33,366.25,341.77
AMD,Advanced Micro Devices,Information Technology,Semiconductors,157.92,184.42,78.21,159.45,157.09,160.84,164.43,126.57,-0.2,7.9,170.4,151.29
AES,AES Corporation,Utilities,Independent Power Producers & Energy Traders,12.95,19.11,9.5,12.81,12.8,13.06,13.08,11.59,-0.2,5.79,13.7,12.42
AFL,Aflac,Financials,Life & Health Insurance,108.0,112.86,97.56,108.48,107.79,107.57,104.15,104.15,-0.3,1.48,109.6,105.53
A,Agilent Technologies,Health Care,Life Sciences Tools & Services,127.62,151.96,99.08,126.08,126.44,124.44,120.12,123.24,-0.1,3.0,131.45,117.43
APD,Air Products,Materials,Industrial Gases,292.45,333.89,247.03,290.07,289.83,291.82,291.63,290.6,0.0,2.01,298.33,285.32
ABNB,Airbnb,Consumer Discretionary,"Hotels, Resorts & Cruise Lines",125.47,161.42,105.69,122.65,123.2,125.6,129.45,130.73,0.0,4.81,131.51,119.69
AKAM,Akamai Technologies,Information Technology,Internet Services & Infrastructure,77.09,106.67,68.21,76.52,77.42,77.45,76.93,83.32,-0.1,3.05,79.44,75.47
ALB,Albemarle Corporation,Materials,Specialty Chemicals,80.93,108.94,50.16,79.81,78.15,79.83,76.97,73.95,-0.2,7.56,87.05,72.61
ARE,Alexandria Real Estate Equities,Real Estate,Office REITs,87.45,117.58,66.61,85.77,85.15,83.12,79.79,84.08,0.1,0.48,87.87,78.38
ALGN,Align Technology,Health Care,Health Care Supplies,132.57,257.17,129.01,131.29,133.72,137.17,156.49,183.37,0.0,11.33,147.59,126.76
ALLE,Allegion,Industrials,Building Products,178.78,178.78,118.08,176.73,174.62,172.31,165.36,141.48,0.2,0.11,178.98,165.64
LNT,Alliant Energy,Utilities,Electric Utilities,63.78,66.97,54.87,64.17,64.22,64.85,64.59,61.22,0.2,4.44,66.61,63.08
ALL,Allstate,Financials,Property & Casualty Insurance,205.68,212.57,177.81,199.3,200.1,201.98,200.52,196.27,0.0,1.11,207.96,195.99
GOOGL,Alphabet Inc. (Class A),Communication Services,Interactive Media & Services,252.03,252.03,144.4,249.03,243.31,227.95,207.02,182.34,0.0,4.38,263.07,192.84
GOOG,Alphabet Inc. (Class C),Communication Services,Interactive Media & Services,252.33,252.33,146.27,249.35,243.61,228.43,207.75,183.73,0.0,4.29,263.15,193.7
MO,Altria,Consumer Staples,Tobacco,63.94,66.6,45.73,64.95,65.06,65.46,62.65,56.28,-0.4,4.3,66.69,64.23
AMZN,Amazon,Consumer Discretionary,Broadline Retail,231.23,242.06,167.32,231.3,232.32,230.37,227.55,214.55,0.0,2.85,237.82,222.92
AMCR,Amcor,Materials,Paper & Plastic Packaging Products & Materials,8.31,10.94,8.19,8.31,8.28,8.4,9.02,9.33,0.0,4.69,8.7,8.1
AEE,Ameren,Utilities,Multi-Utilities,98.66,102.53,81.22,99.49,99.54,99.71,99.46,95.45,0.2,2.6,101.23,98.2
AEP,American Electric Power,Utilities,Electric Utilities,106.44,114.06,87.97,107.87,108.05,109.89,109.78,102.23,0.0,7.5,114.42,105.35
AXP,American Express,Financials,Consumer Finance,341.67,341.67,230.81,331.46,328.59,325.8,314.07,296.1,0.4,-0.59,339.65,311.92
AIG,American International Group,Financials,Multi-line Insurance,78.03,86.75,68.89,77.24,77.71,79.64,79.45,78.8,0.0,7.41,83.81,75.48
AMT,American Tower,Real Estate,Telecom Tower REITs,193.03,232.35,170.7,194.51,194.94,199.56,209.07,204.2,0.0,9.81,211.97,187.15
AWK,American Water Works,Utilities,Water Utilities,135.39,150.19,118.87,136.92,138.64,141.09,141.74,136.6,0.0,8.94,147.49,134.68
AMP,Ameriprise Financial,Financials,Asset Management & Custody Banks,491.39,569.83,419.45,489.68,491.65,502.43,511.7,512.29,-0.2,6.98,525.69,479.19
AME,Ametek,Industrials,Electrical Components & Equipment,188.7,196.08,150.9,188.28,188.29,186.89,183.45,179.28,0.0,1.18,190.93,182.85
AMGN,Amgen,Health Care,Biotechnology,275.83,326.46,252.22,274.88,277.95,282.84,289.54,283.58,-0.2,6.97,295.06,270.61
APH,Amphenol,Information Technology,Electronic Components,122.07,122.07,58.9,119.42,117.27,113.63,108.81,83.69,-0.2,0.55,122.74,104.51
ADI,Analog Devices,Information Technology,Semiconductors,249.05,254.62,163.21,245.92,246.93,248.58,238.36,218.48,-0.2,2.42,255.08,242.08
AON,Aon plc,Financials,Insurance Brokers,352.76,407.61,334.44,360.62,364.46,367.82,363.63,368.09,-0.1,7.75,380.1,355.52
APA,APA Corporation,Energy,Oil & Gas Exploration & Production,23.9,25.74,13.62,23.66,23.13,22.84,20.76,19.77,0.2,3.1,24.64,21.03
APO,Apollo Global Management,Financials,Asset Management & Custody Banks,143.49,176.82,107.9,139.77,136.93,135.87,141.36,145.12,0.0,-1.52,141.31,130.42
AAPL,Apple Inc.,Information Technology,"Technology Hardware, Storage & Peripherals",237.88,258.1,172.0,237.16,235.45,233.34,223.16,221.17,0.0,2.09,242.85,223.84
AMAT,Applied Materials,Information Technology,Semiconductor Materials & Equipment,189.76,211.69,126.23,176.03,170.2,165.67,176.88,167.5,0.0,-4.62,180.99,150.33
APTV,Aptiv,Consumer Discretionary,Automotive Parts & Equipment,85.37,85.37,47.92,83.39,82.72,80.85,74.25,65.32,0.0,0.28,85.61,76.08
ACGL,Arch Capital Group,Financials,Property & Casualty Insurance,88.19,109.22,84.99,89.01,89.97,91.02,89.71,91.75,0.1,7.13,94.48,87.55
ADM,Archer Daniels Midland,Consumer Staples,Agricultural Products & Services,60.83,64.21,41.01,61.27,61.66,62.07,58.33,50.75,0.2,4.88,63.8,60.35
ANET,Arista Networks,Information Technology,Communications Equipment,146.66,153.04,64.37,143.3,144.5,139.9,129.42,104.68,0.0,3.29,151.49,128.32
AJG,Arthur J. Gallagher & Co.,Financials,Insurance Brokers,296.74,347.33,273.85,293.51,295.81,298.33,298.76,311.95,0.0,3.17,306.15,290.49
AIZ,Assurant,Financials,Multi-line Insurance,209.07,225.29,178.36,209.1,210.22,212.6,201.85,202.4,-0.3,4.56,218.6,206.59
T,AT&T,Communication Services,Integrated Telecommunication Services,29.2,29.62,20.4,29.45,29.39,29.22,28.38,26.23,0.0,2.19,29.84,28.59
ATO,Atmos Energy,Utilities,Gas Utilities,162.44,167.34,133.24,164.29,164.62,165.21,161.14,151.03,-0.4,3.28,167.77,162.65
ADSK,Autodesk,Information Technology,Application Software,323.04,326.79,238.84,320.19,322.76,310.87,300.97,290.99,0.2,6.34,343.52,278.21
ADP,Automatic Data Processing,Industrials,Human Resource & Employment Services,290.95,323.5,267.3,290.55,292.72,297.14,300.22,299.99,-0.2,5.69,307.51,286.76
AZO,AutoZone,Consumer Discretionary,Automotive Retail,4132.83,4354.54,2981.19,4228.96,4250.56,4213.36,4016.84,3652.89,-0.2,4.91,4335.75,4091.15
AVB,AvalonBay Communities,Real Estate,Multi-Family Residential REITs,193.63,232.03,182.72,193.29,194.1,193.34,194.08,205.65,-0.2,1.8,197.12,189.56
AVY,Avery Dennison,Materials,Paper & Plastic Packaging Products & Materials,165.04,217.94,157.86,165.34,166.33,168.91,172.04,177.83,0.0,6.77,176.21,161.59
AXON,Axon Enterprise,Industrials,Aerospace & Defense,766.47,870.97,382.57,757.17,748.55,752.29,758.79,670.2,0.0,2.13,782.8,721.76
BKR,Baker Hughes,Energy,Oil & Gas Equipment & Services,47.28,48.05,33.92,46.75,46.43,45.69,43.79,41.44,0.2,0.93,47.72,43.66
BALL,Ball Corporation,Materials,"Metal, Glass & Plastic Containers",49.2,66.93,44.6,49.81,50.26,51.1,54.17,53.23,-0.2,8.84,53.55,48.64
BAC,Bank of America,Financials,Diversified Banks,52.13,52.13,34.0,51.07,50.58,50.16,48.15,44.44,0.2,-0.59,51.82,48.49
BAX,Baxter International,Health Care,Health Care Equipment,23.69,38.92,21.61,23.71,24.0,24.07,25.06,29.44,0.0,4.81,24.83,23.3
BDX,Becton Dickinson,Health Care,Health Care Equipment,188.37,245.13,163.27,186.95,188.71,190.52,186.26,200.92,0.1,4.6,197.04,184.0
BRK-B,Berkshire Hathaway,Financials,Multi-Sector Holdings,490.5,539.8,442.29,491.82,493.24,494.82,482.7,489.1,-0.1,3.09,505.66,484.0
BBY,Best Buy,Consumer Discretionary,Computer & Electronics Retail,73.73,99.54,55.4,74.54,75.86,75.12,71.34,74.24,0.1,6.24,78.33,71.92
TECH,Bio-Techne,Health Care,Life Sciences Tools & Services,52.99,79.93,46.59,51.83,52.61,53.78,53.8,58.97,-0.2,8.36,57.42,50.13
BIIB,Biogen,Health Care,Biotechnology,143.81,201.44,113.38,144.11,143.76,140.58,134.91,136.13,0.1,3.45,148.77,132.38
BLK,BlackRock,Financials,Asset Management & Custody Banks,1137.13,1154.71,807.61,1125.26,1117.31,1119.12,1114.13,1003.95,0.0,0.84,1146.68,1091.58
BX,Blackstone Inc.,Financials,Asset Management & Custody Banks,188.68,194.8,118.51,184.23,179.98,174.82,171.68,157.23,0.2,-0.15,188.4,161.26
XYZ,"Block, Inc.",Financials,Transaction & Payment Processing Services,77.37,98.92,46.53,75.27,75.06,76.46,75.5,71.51,-0.2,4.54,80.88,72.05
BK,BNY Mellon,Financials,Asset Management & Custody Banks,108.52,108.52,69.19,106.78,105.6,104.98,101.9,87.82,0.2,-0.42,108.06,101.91
BA,Boeing,Industrials,Aerospace & Defense,215.66,237.38,136.59,215.4,221.46,226.89,228.03,192.52,-0.2,12.39,242.38,211.42
BKNG,Booking Holdings,Consumer Discretionary,"Hotels, Resorts & Cruise Lines",5442.88,5805.92,3988.9,5497.95,5510.99,5569.75,5571.01,5136.42,0.0,5.37,5735.16,5404.21
BSX,Boston Scientific,Health Care,Health Care Equipment,98.23,108.14,82.52,99.66,103.13,104.64,104.49,100.71,0.0,12.92,110.92,98.36
BMY,Bristol Myers Squibb,Health Care,Pharmaceuticals,45.6,61.62,43.31,46.13,46.64,47.02,47.0,51.36,-0.1,5.99,48.33,45.71
AVGO,Broadcom,Information Technology,Semiconductors,345.35,369.57,145.95,355.1,352.19,325.54,306.2,237.59,0.2,10.53,381.72,269.35
BR,Broadridge Financial Solutions,Industrials,Data Processing & Outsourced Services,242.56,265.85,205.08,247.02,249.29,252.23,250.99,237.99,0.0,7.85,261.6,242.84
BRO,Brown & Brown,Financials,Insurance Brokers,91.87,124.07,90.88,91.88,92.98,94.55,96.84,107.16,-0.2,7.12,98.41,90.69
BF-B,Brown–Forman,Consumer Staples,Distillers & Vintners,27.48,48.21,25.45,27.42,27.58,28.57,29.19,32.38,0.0,13.03,31.06,26.08
BLDR,Builders FirstSource,Industrials,Building Products,128.93,201.83,105.63,135.62,140.25,140.11,135.22,135.0,0.0,16.85,150.65,129.56
BG,Bunge Global,Consumer Staples,Agricultural Products & Services,79.9,96.95,67.23,81.18,82.3,83.2,80.11,77.2,0.2,9.59,87.56,78.84
BXP,"BXP, Inc.",Real Estate,Office REITs,77.75,86.01,56.05,77.62,76.32,73.74,70.06,68.62,0.2,3.47,80.45,67.04
CHRW,C.H. Robinson,Industrials,Air Freight & Logistics,137.09,137.09,85.99,134.33,130.84,128.75,116.58,102.21,0.2,-0.65,136.2,121.3
CDNS,Cadence Design Systems,Information Technology,Application Software,364.88,371.03,231.64,351.23,352.28,350.01,344.66,303.09,0.2,-0.53,362.95,337.1
CZR,Caesars Entertainment,Consumer Discretionary,Casinos & Gaming,26.4,45.55,23.18,25.68,25.8,26.01,26.87,29.73,0.0,3.56,27.34,24.68
CPT,Camden Property Trust,Real Estate,Multi-Family Residential REITs,107.32,123.69,104.05,107.76,109.23,109.47,109.91,113.77,0.0,4.83,112.5,106.44
CPB,Campbell's Company (The),Consumer Staples,Packaged Foods & Meats,33.57,49.53,30.28,33.23,33.51,32.94,32.4,35.87,-0.1,2.77,34.5,31.38
COF,Capital One,Financials,Consumer Finance,229.74,229.74,143.33,226.01,224.19,223.55,218.07,194.82,0.2,0.42,230.7,216.39
CAH,Cardinal Health,Health Care,Health Care Distributors,150.04,167.63,106.71,149.92,150.21,149.62,153.56,140.18,-0.2,1.73,152.64,146.6
KMX,CarMax,Consumer Discretionary,Automotive Retail,60.0,89.19,54.66,59.93,60.36,60.37,59.86,71.25,-0.1,4.07,62.44,58.31
CCL,Carnival,Consumer Discretionary,"Hotels, Resorts & Cruise Lines",31.45,32.49,16.43,31.32,31.51,31.49,30.31,25.06,0.0,4.26,32.79,30.19
CARR,Carrier Global,Industrials,Building Products,61.1,81.67,55.21,61.13,62.51,63.94,68.4,67.92,-0.2,11.93,68.39,59.49
CAT,Caterpillar Inc.,Industrials,Construction Machinery & Heavy Transportation Equipment,466.96,466.96,271.63,445.15,434.4,429.96,423.58,367.82,0.2,-2.6,454.82,405.11
CBOE,Cboe Global Markets,Financials,Financial Exchanges & Data,234.43,253.24,189.73,234.69,234.37,237.09,240.99,220.04,0.0,5.6,247.56,226.63
CBRE,CBRE Group,Real Estate,Real Estate Services,165.73,165.9,113.94,164.5,164.1,163.02,155.47,137.88,0.0,0.78,167.02,159.03
CDW,CDW Corporation,Information Technology,Technology Distributors,162.87,225.45,143.46,164.75,166.68,165.73,169.56,173.42,0.2,4.57,170.31,161.15
COR,Cencora,Health Care,Health Care Distributors,290.84,303.69,217.68,292.77,295.2,294.03,292.37,271.68,0.0,4.28,303.29,284.78
CNC,Centene Corporation,Health Care,Managed Health Care,32.17,76.32,25.21,32.38,31.61,30.33,28.77,51.13,0.1,5.1,33.81,26.86
CNP,CenterPoint Energy,Utilities,Multi-Utilities,38.07,38.94,27.48,38.06,37.9,37.82,37.71,35.25,0.0,0.76,38.36,37.27
CF,CF Industries,Materials,Fertilizers & Agricultural Chemicals,84.1,101.88,67.67,84.85,85.09,85.66,88.17,85.32,0.2,4.42,87.82,83.5
CRL,Charles River Laboratories,Health Care,Life Sciences Tools & Services,156.99,220.69,99.75,153.29,156.28,159.11,160.35,157.44,0.0,7.08,168.1,150.11
SCHW,Charles Schwab Corporation,Financials,Investment Banking & Brokerage,93.28,98.69,62.55,92.41,92.74,94.61,95.21,84.3,-0.2,5.78,98.67,90.55
CHTR,Charter Communications,Communication Services,Cable & Satellite,262.17,427.25,256.57,263.08,263.1,265.01,294.3,352.85,0.0,4.41,273.73,256.29
CVX,Chevron Corporation,Energy,Integrated Oil & Gas,158.84,164.65,130.67,158.58,157.14,157.87,154.16,147.63,0.0,1.98,161.99,153.76
CMG,Chipotle Mexican Grill,Consumer Discretionary,Restaurants,39.81,66.16,38.58,39.2,39.38,40.89,44.51,51.83,0.0,10.98,44.18,37.6
CB,Chubb Limited,Financials,Property & Casualty Insurance,274.28,301.45,256.04,274.2,276.32,276.12,273.97,279.2,-0.1,2.74,281.8,270.43
CHD,Church & Dwight,Consumer Staples,Household Products,92.07,112.48,90.63,91.96,93.25,93.38,94.1,100.4,0.0,4.28,96.01,90.75
CI,Cigna,Health Care,Health Care Services,293.76,351.85,260.91,296.89,300.1,299.94,293.28,303.2,-0.1,4.31,306.42,293.45
CINF,Cincinnati Financial,Financials,Property & Casualty Insurance,155.93,157.35,125.84,155.13,154.52,154.18,151.69,144.47,-0.2,0.51,156.73,151.62
CTAS,Cintas,Industrials,Diversified Support Services,199.51,227.2,181.05,200.17,201.61,206.11,214.58,208.55,-0.2,8.7,216.87,195.34
CSCO,Cisco,Information Technology,Communications Equipment,68.68,71.79,49.22,67.38,67.38,67.71,68.13,62.64,0.0,0.83,69.25,66.16
C,Citigroup,Financials,Diversified Banks,102.41,102.41,57.29,100.81,98.86,97.22,94.42,78.52,0.0,-0.23,102.17,92.27
CFG,Citizens Financial Group,Financials,Regional Banks,53.64,53.64,33.59,52.04,51.89,51.61,49.42,43.72,0.0,-0.22,53.52,49.7
CLX,Clorox,Consumer Staples,Household Products,124.12,165.31,116.82,124.14,124.7,122.34,123.7,138.02,-0.2,3.28,128.19,116.49
CME,CME Group,Financials,Financial Exchanges & Data,260.59,288.01,204.06,260.79,260.98,264.42,271.33,257.95,0.0,4.49,272.29,256.56
CMS,CMS Energy,Utilities,Multi-Utilities,70.18,74.4,63.54,70.76,70.98,71.46,71.89,69.7,0.0,4.06,73.03,69.89
KO,Coca-Cola Company (The),Consumer Staples,Soft Drinks & Non-alcoholic Beverages,66.46,72.82,59.48,66.49,66.86,67.71,68.53,67.41,-0.2,5.01,69.79,65.64
CTSH,Cognizant,Information Technology,IT Consulting & Other Services,70.26,89.65,65.92,69.44,70.07,70.97,71.95,76.86,0.0,4.33,73.3,68.63
COIN,Coinbase,Financials,Financial Exchanges & Data,343.13,419.78,151.47,328.33,320.1,313.51,339.24,273.1,0.0,-2.01,336.23,290.81
CL,Colgate-Palmolive,Consumer Staples,Household Products,81.53,102.26,81.48,82.13,83.15,83.79,85.21,88.78,0.0,5.8,86.26,81.31
CMCSA,Comcast,Communication Services,Cable & Satellite,31.64,43.96,31.41,32.41,33.05,33.46,33.55,34.97,-0.4,10.05,34.82,32.1
CAG,Conagra Brands,Consumer Staples,Packaged Foods & Meats,18.75,30.88,18.26,18.88,19.14,19.11,19.03,22.84,0.1,4.91,19.67,18.56
COP,ConocoPhillips,Energy,Oil & Gas Exploration & Production,93.48,111.14,81.29,93.32,93.13,95.14,94.17,93.95,0.2,6.92,99.95,90.33
ED,Consolidated Edison,Utilities,Multi-Utilities,96.35,111.42,85.77,96.57,96.93,98.07,100.26,99.2,-0.2,5.18,101.34,94.8
STZ,Constellation Brands,Consumer Staples,Distillers & Vintners,133.02,252.91,133.02,135.13,140.2,149.09,161.52,179.6,0.0,28.57,171.02,127.15
CEG,Constellation Energy,Utilities,Electric Utilities,322.71,354.46,170.52,324.16,316.0,313.91,321.9,277.79,-0.2,2.43,330.55,297.27
COO,Cooper Companies (The),Health Care,Health Care Supplies,67.22,111.1,64.32,65.77,67.01,68.6,70.97,81.2,-0.4,11.95,75.25,61.96
CPRT,Copart,Industrials,Diversified Support Services,45.46,63.84,45.33,46.93,47.75,48.19,47.24,54.17,-0.1,10.34,50.16,46.23
GLW,Corning Inc.,Information Technology,Electronic Components,79.62,79.62,38.69,78.04,75.64,71.52,64.35,51.9,0.0,1.62,80.91,62.12
CPAY,Corpay,Financials,Transaction & Payment Processing Services,305.27,389.55,283.07,306.88,309.42,316.19,320.44,338.81,0.0,8.76,332.01,300.39
CTVA,Corteva,Materials,Fertilizers & Agricultural Chemicals,70.66,76.93,54.65,71.11,71.81,72.66,72.46,65.82,0.2,6.78,75.45,69.87
CSGP,CoStar Group,Real Estate,Real Estate Services,89.26,96.83,69.29,88.21,88.01,88.69,89.66,80.14,0.0,2.11,91.14,86.24
COST,Costco,Consumer Staples,Consumer Staples Merchandise Retail,952.36,1073.97,869.13,959.09,963.06,956.2,958.47,974.59,0.0,2.72,978.26,934.17
CTRA,Coterra,Energy,Oil & Gas Exploration & Production,24.09,29.06,21.94,24.31,24.2,24.16,23.98,25.34,0.1,2.82,24.77,23.54
CRWD,CrowdStrike,Information Technology,Systems Software,502.63,514.1,267.12,454.8,440.14,430.0,443.73,414.3,0.0,-6.52,469.86,390.11
CCI,Crown Castle,Real Estate,Telecom Tower REITs,92.96,113.2,81.15,93.85,93.81,96.28,100.98,96.28,0.0,10.34,102.57,89.99
CSX,CSX Corporation,Industrials,Rail Transportation,33.43,36.37,26.47,32.73,32.57,32.77,34.14,31.87,0.2,3.08,34.46,31.08
CMI,Cummins,Industrials,Construction Machinery & Heavy Transportation Equipment,426.39,426.39,264.26,415.62,408.64,403.28,382.52,344.45,0.2,-1.32,420.76,385.8
CVS,CVS Health,Health Care,Health Care Services,74.42,74.98,42.33,74.07,73.48,72.93,67.45,61.78,0.0,1.56,75.58,70.28
DHR,Danaher Corporation,Health Care,Life Sciences Tools & Services,195.27,276.83,174.36,191.45,193.82,199.31,200.33,206.96,-0.2,8.76,212.38,186.26
DRI,Darden Restaurants,Consumer Discretionary,Restaurants,192.74,224.21,152.57,207.27,209.4,208.34,206.94,197.98,0.0,12.54,216.91,199.77
DDOG,Datadog,Information Technology,Application Software,136.81,168.65,87.0,136.16,137.2,134.78,136.69,127.55,-0.2,4.36,142.77,126.79
DVA,DaVita,Health Care,Health Care Services,130.23,177.35,127.69,130.49,132.7,135.04,137.5,146.8,0.0,8.69,141.55,128.53
DAY,Dayforce,Industrials,Human Resource & Employment Services,68.95,81.8,49.33,68.87,68.95,69.22,61.79,62.65,0.1,1.39,69.91,68.53
DECK,Deckers Brands,Consumer Discretionary,Footwear,115.43,223.11,95.32,117.99,117.49,117.02,109.6,135.87,-0.1,9.24,126.1,107.94
DE,Deere & Company,Industrials,Agricultural & Farm Machinery,476.12,529.8,385.39,470.71,473.17,478.73,494.85,477.83,-0.2,4.14,495.83,461.6
DELL,Dell Technologies,Information Technology,"Technology Hardware, Storage & Peripherals",132.11,142.14,70.88,128.39,126.09,127.1,129.64,112.0,0.0,2.07,134.84,119.35
DAL,Delta Air Lines,Industrials,Passenger Airlines,59.47,68.45,35.65,58.89,59.99,60.45,57.7,54.51,-0.2,5.94,63.0,57.89
DVN,Devon Energy,Energy,Oil & Gas Exploration & Production,35.01,41.79,26.43,34.74,34.69,34.95,33.71,33.23,0.0,3.54,36.25,33.66
DXCM,Dexcom,Health Care,Health Care Equipment,75.78,90.75,59.83,76.11,76.95,77.26,80.42,80.05,0.2,7.71,81.62,72.9
FANG,Diamondback Energy,Energy,Oil & Gas Exploration & Production,140.64,194.36,117.58,138.19,138.13,141.58,141.79,147.23,-0.2,7.0,150.48,132.67
DLR,Digital Realty,Real Estate,Data Center REITs,171.36,190.11,134.22,172.74,169.48,167.05,169.59,165.14,0.0,3.12,176.71,157.39
DG,Dollar General,Consumer Staples,Consumer Staples Merchandise Retail,106.9,116.32,67.66,105.23,106.06,108.43,110.14,92.35,-0.2,6.75,114.12,102.74
DLTR,Dollar Tree,Consumer Staples,Consumer Staples Merchandise Retail,98.26,117.16,61.21,97.25,98.13,103.96,109.42,86.63,-0.2,19.48,117.4,90.51
D,Dominion Energy,Utilities,Multi-Utilities,59.74,61.39,48.51,59.87,59.38,59.35,59.04,54.92,0.0,2.23,61.07,57.63
DPZ,Domino's,Consumer Discretionary,Restaurants,430.08,493.69,397.61,442.19,449.82,452.33,456.25,454.9,-0.2,9.39,470.46,434.21
DASH,DoorDash,Consumer Discretionary,Specialized Consumer Services,268.07,270.99,129.88,261.3,257.81,252.23,249.59,207.35,0.2,-0.72,266.14,238.33
DOV,Dover Corporation,Industrials,Industrial Machinery & Supplies & Components,172.8,204.71,150.28,172.35,174.59,176.9,179.9,182.97,0.0,6.35,183.77,170.02
DOW,Dow Inc.,Materials,Commodity Chemicals,24.11,51.44,20.57,24.47,24.38,24.32,24.53,30.96,0.0,4.19,25.12,23.52
DHI,D. R. Horton,Consumer Discretionary,Homebuilding,169.61,194.88,114.44,172.25,176.21,172.85,158.35,137.98,0.2,8.32,183.72,161.97
DTE,DTE Energy,Utilities,Multi-Utilities,135.11,140.36,113.22,135.28,134.98,135.73,136.43,129.47,-0.2,2.65,138.69,132.78
DUK,Duke Energy,Utilities,Electric Utilities,120.39,124.85,102.96,121.21,121.07,121.92,121.09,115.1,0.2,3.39,124.47,119.37
DD,DuPont,Materials,Specialty Chemicals,78.1,87.69,54.51,77.29,77.28,76.87,74.68,72.84,0.0,0.73,78.67,75.07
EMN,Eastman Chemical Company,Materials,Specialty Chemicals,66.46,109.24,58.06,65.98,66.43,67.05,68.87,81.15,0.2,4.74,69.61,64.48
ETN,Eaton Corporation,Industrials,Electrical Components & Equipment,371.27,391.62,244.95,369.45,361.63,354.9,362.79,327.52,0.0,0.89,374.57,335.24
EBAY,eBay Inc.,Consumer Discretionary,Broadline Retail,89.6,100.46,56.61,89.91,91.15,92.55,89.25,73.12,0.0,9.78,98.36,86.75
ECL,Ecolab,Materials,Specialty Chemicals,264.83,284.78,224.56,267.24,269.64,273.68,271.49,256.12,0.2,7.37,284.35,263.0
EIX,Edison International,Utilities,Electric Utilities,55.58,84.75,47.56,55.68,55.27,55.18,54.06,57.09,-0.3,2.03,56.71,53.65
EW,Edwards Lifesciences,Health Care,Health Care Equipment,74.55,81.83,64.54,75.69,77.57,79.41,78.71,74.65,0.0,12.98,84.23,74.59
EA,Electronic Arts,Communication Services,Interactive Home Entertainment,173.17,178.81,116.08,172.6,170.59,170.8,164.06,149.01,0.0,0.95,174.82,166.77
ELV,Elevance Health,Health Care,Managed Health Care,315.77,533.76,273.17,310.58,310.64,311.52,302.76,370.16,-0.1,1.4,320.19,302.86
EMR,Emerson Electric,Industrials,Electrical Components & Equipment,131.91,149.04,93.37,132.54,133.12,132.74,136.67,123.41,0.0,3.67,136.75,128.72
ENPH,Enphase Energy,Information Technology,Semiconductor Materials & Equipment,38.44,119.74,30.11,38.35,38.26,37.75,36.55,51.63,-0.1,3.59,39.82,35.67
ETR,Entergy,Utilities,Electric Utilities,87.83,91.02,62.0,88.95,88.46,88.53,87.92,82.19,0.0,3.14,90.59,86.46
EOG,EOG Resources,Energy,Oil & Gas Exploration & Production,118.32,134.72,102.81,118.94,118.78,120.53,119.42,119.87,0.1,6.04,125.47,115.58
EPAM,EPAM Systems,Information Technology,IT Consulting & Other Services,155.87,267.63,143.33,154.91,158.44,165.47,163.81,191.17,-0.1,16.82,182.09,148.86
EQT,EQT Corporation,Energy,Oil & Gas Exploration & Production,49.39,60.26,32.83,50.05,50.5,51.24,52.5,51.5,-0.2,7.45,53.07,49.41
EFX,Equifax,Industrials,Research & Consulting Services,260.72,300.05,204.69,259.35,255.72,250.04,248.74,252.33,-0.1,1.94,265.78,234.3
EQIX,Equinix,Real Estate,Data Center REITs,785.3,968.75,731.64,784.74,782.05,780.41,777.43,847.44,-0.1,1.67,798.41,762.36
EQR,Equity Residential,Real Estate,Multi-Family Residential REITs,64.87,75.24,61.2,65.19,65.85,65.41,65.32,67.99,-0.1,3.48,67.13,63.68
ERIE,Erie Indemnity,Financials,Insurance Brokers,319.62,537.71,319.62,324.24,329.2,339.54,350.01,379.37,-0.2,15.14,368.01,311.05
ESS,Essex Property Trust,Real Estate,Multi-Family Residential REITs,268.63,308.41,252.08,266.43,266.73,265.97,269.22,279.79,-0.2,0.87,270.97,260.97
EL,Estée Lauder Companies (The),Consumer Staples,Personal Care Products,88.0,98.93,49.61,87.15,87.67,88.9,89.4,74.56,0.0,5.67,92.99,84.82
EG,Everest Group,Financials,Reinsurance,334.75,400.34,324.54,337.65,339.69,341.66,336.72,345.5,0.1,5.02,351.55,331.78
EVRG,Evergy,Utilities,Electric Utilities,71.28,72.6,56.74,71.82,71.65,71.64,70.71,66.0,0.0,1.77,72.54,70.75
ES,Eversource Energy,Utilities,Electric Utilities,63.88,66.62,53.58,64.36,64.11,64.21,65.11,61.05,0.0,3.51,66.12,62.3
EXC,Exelon,Utilities,Electric Utilities,43.11,46.54,35.25,43.18,43.22,43.64,43.82,42.13,-0.2,4.04,44.85,42.43
EXE,Expand Energy,Energy,Oil & Gas Exploration & Production,98.89,120.67,71.02,97.58,96.5,96.36,98.18,102.61,0.0,0.28,99.17,93.56
EXPE,Expedia Group,Consumer Discretionary,"Hotels, Resorts & Cruise Lines",221.92,228.24,136.05,224.5,220.92,216.86,200.59,180.17,0.0,2.65,227.8,205.94
EXPD,Expeditors International,Industrials,Air Freight & Logistics,124.05,129.72,102.14,124.3,122.98,121.86,118.69,114.77,0.2,0.99,125.28,118.44
EXR,Extra Space Storage,Real Estate,Self-Storage REITs,142.69,175.34,123.86,143.71,144.3,142.26,142.05,144.82,0.3,3.17,147.21,137.31
XOM,ExxonMobil,Energy,Integrated Oil & Gas,113.93,121.0,98.11,113.68,112.28,112.3,110.07,107.79,0.2,1.55,115.7,108.89
FFIV,"F5, Inc.",Information Technology,Communications Equipment,331.8,334.59,213.57,325.02,324.83,319.52,312.7,284.8,0.2,0.45,333.29,305.74
FDS,FactSet,Financials,Financial Exchanges & Data,301.23,490.93,301.23,337.75,354.02,364.66,388.21,434.29,-0.2,33.68,402.68,326.64
FICO,Fair Isaac,Information Technology,Application Software,1522.1,2382.4,1311.26,1545.35,1547.04,1504.2,1467.1,1797.51,0.3,6.69,1623.93,1384.39
FAST,Fastenal,Industrials,Trading Companies & Distributors,47.22,50.39,33.71,47.36,47.62,48.75,47.58,40.85,0.0,8.32,51.15,46.35
FRT,Federal Realty Investment Trust,Real Estate,Retail REITs,100.22,113.73,82.59,100.43,100.92,100.18,96.39,98.38,0.1,2.63,102.86,97.51
FDX,FedEx,Industrials,Air Freight & Logistics,226.5,298.15,195.55,227.04,226.67,227.38,227.89,237.88,-0.2,3.12,233.57,221.21
FIS,Fidelity National Information Services,Financials,Transaction & Payment Processing Services,66.24,89.09,66.24,66.72,67.28,68.28,72.9,75.75,0.0,7.26,71.05,65.52
FITB,Fifth Third Bancorp,Financials,Regional Banks,46.28,47.14,33.02,45.62,45.54,45.34,43.62,40.97,0.0,1.04,46.76,43.91
FSLR,First Solar,Information Technology,Semiconductors,209.63,255.75,120.38,206.86,205.28,201.29,190.07,166.38,0.2,0.97,211.66,190.92
FE,FirstEnergy,Utilities,Electric Utilities,43.43,43.95,37.17,43.46,43.43,43.5,42.57,40.39,0.0,1.01,43.87,43.14
FI,Fiserv,Financials,Transaction & Payment Processing Services,132.87,237.79,132.14,133.35,134.13,135.98,141.92,185.37,0.0,5.73,140.48,131.47
F,Ford Motor Company,Consumer Discretionary,Automobile Manufacturers,11.74,11.91,8.45,11.67,11.65,11.68,11.4,10.16,-0.2,1.79,11.95,11.41
FTNT,Fortinet,Information Technology,Systems Software,80.99,114.57,74.39,80.35,80.11,79.02,88.09,97.52,-0.2,1.1,81.88,76.16
FTV,Fortive,Industrials,Industrial Machinery & Supplies & Components,48.83,62.39,46.49,48.6,48.36,48.18,48.9,53.96,0.0,1.29,49.46,46.89
FOXA,Fox Corporation (Class A),Communication Services,Broadcasting,59.84,62.48,39.83,58.71,59.21,59.39,57.37,53.23,-0.2,3.39,61.87,56.91
FOX,Fox Corporation (Class B),Communication Services,Broadcasting,54.02,56.81,36.9,53.09,53.59,53.99,52.36,49.33,0.0,4.48,56.44,51.53
BEN,Franklin Resources,Financials,Asset Management & Custody Banks,24.4,26.03,16.43,24.37,24.54,24.98,24.89,21.36,0.2,6.68,26.03,23.92
FCX,Freeport-McMoRan,Materials,Copper,44.93,51.16,28.93,45.14,45.34,44.81,43.65,39.84,0.0,4.92,47.14,42.49
GRMN,Garmin,Consumer Discretionary,Consumer Electronics,237.25,240.92,159.13,236.4,237.01,235.97,230.61,212.32,-0.2,1.98,241.95,230.0
IT,Gartner,Information Technology,IT Consulting & Other Services,253.02,551.8,225.98,250.41,246.42,246.19,283.65,415.72,-0.2,1.37,256.49,235.9
GE,GE Aerospace,Industrials,Aerospace & Defense,297.09,297.09,159.16,289.61,284.45,278.92,272.25,220.98,0.0,-0.75,294.86,262.97
GEHC,GE HealthCare,Health Care,Health Care Equipment,74.0,93.69,58.69,76.46,76.89,75.29,74.59,77.08,-0.1,7.12,79.27,71.3
GEV,GE Vernova,Industrials,Heavy Electrical Equipment,611.0,664.55,235.21,619.59,616.36,611.48,613.72,439.46,-0.2,5.95,647.35,575.62
GEN,Gen Digital,Information Technology,Systems Software,28.86,32.03,23.31,28.8,29.18,29.82,30.0,28.14,0.0,9.29,31.54,28.09
GNRC,Generac,Industrials,Electrical Components & Equipment,184.04,202.85,101.92,183.81,183.9,184.94,178.93,148.57,0.0,5.6,194.35,175.52
GD,General Dynamics,Industrials,Aerospace & Defense,324.57,329.62,239.38,325.88,324.9,323.59,315.52,278.69,0.0,1.46,329.31,317.88
GIS,General Mills,Consumer Staples,Packaged Foods & Meats,49.85,72.02,48.44,49.5,49.92,49.67,49.84,55.43,-0.2,1.81,50.75,48.6
GM,General Motors,Consumer Discretionary,Automobile Manufacturers,59.26,59.57,42.24,58.78,58.44,58.26,55.37,50.47,0.0,0.35,59.47,57.05
GPC,Genuine Parts Company,Consumer Discretionary,Distributors,137.91,142.77,103.92,139.42,139.77,138.67,133.69,122.26,0.2,3.23,142.36,134.98
GILD,Gilead Sciences,Health Care,Biotechnology,113.62,119.64,79.83,112.61,113.88,113.44,113.32,104.52,0.0,2.42,116.37,110.5
GPN,Global Payments,Financials,Transaction & Payment Processing Services,86.07,118.08,67.06,85.04,85.78,86.7,84.1,91.47,-0.3,4.12,89.62,83.78
GL,Globe Life,Financials,Life & Health Insurance,143.63,143.63,102.81,142.4,141.41,140.85,135.84,123.43,0.2,-0.2,143.34,138.36
GDDY,GoDaddy,Information Technology,Internet Services & Infrastructure,146.36,214.35,133.35,145.05,146.1,146.16,152.98,178.97,-0.2,2.07,149.39,142.92
GS,Goldman Sachs,Financials,Investment Banking & Brokerage,804.31,804.31,457.48,790.18,774.92,756.38,732.56,623.73,0.0,0.19,805.84,706.93
HAL,Halliburton,Energy,Oil & Gas Equipment & Services,22.36,31.1,18.96,22.21,22.16,22.12,21.74,23.26,-0.1,2.33,22.88,21.37
HIG,Hartford (The),Financials,Property & Casualty Insurance,131.41,134.7,105.0,131.14,131.33,131.98,127.84,120.28,0.2,2.15,134.24,129.73
HAS,Hasbro,Consumer Discretionary,Leisure Products,74.88,81.85,49.75,75.57,77.32,79.03,77.61,65.19,0.0,11.93,83.81,74.26
HCA,HCA Healthcare,Health Care,Health Care Facilities,401.06,420.02,294.93,401.41,405.29,405.06,383.55,348.56,-0.2,4.0,417.1,393.02
DOC,Healthpeak Properties,Real Estate,Health Care REITs,18.57,21.82,16.53,18.27,18.22,17.99,17.7,18.4,0.1,0.11,18.59,17.39
HSIC,Henry Schein,Health Care,Health Care Distributors,68.55,81.91,62.7,68.43,68.39,68.51,68.96,70.99,0.0,2.17,70.04,66.97
HSY,Hershey Company (The),Consumer Staples,Packaged Foods & Meats,189.08,193.45,141.22,188.84,187.6,185.1,180.98,167.91,0.2,1.59,192.09,178.12
HPE,Hewlett Packard Enterprise,Information Technology,"Technology Hardware, Storage & Peripherals",25.24,25.24,12.42,24.79,24.42,23.53,21.86,19.49,0.0,1.19,25.54,21.52
HLT,Hilton Worldwide,Consumer Discretionary,"Hotels, Resorts & Cruise Lines",266.3,278.5,201.05,270.51,272.9,274.1,271.21,251.92,-0.2,5.5,280.95,267.25
HOLX,Hologic,Health Care,Health Care Equipment,68.27,83.72,52.73,65.61,66.0,66.44,66.45,65.2,0.2,1.1,69.02,63.87
HD,Home Depot (The),Consumer Discretionary,Home Improvement Retail,417.48,423.6,331.29,420.27,419.22,412.33,391.58,379.24,0.0,2.52,428.0,396.69
HON,Honeywell,Industrials,Industrial Conglomerates,210.2,239.16,180.99,211.21,212.62,215.93,220.94,216.75,-0.2,6.6,224.07,207.78
HRL,Hormel Foods,Consumer Staples,Packaged Foods & Meats,24.96,32.6,24.73,24.94,25.17,26.14,27.81,29.29,-0.2,17.91,29.43,22.85
HST,Host Hotels & Resorts,Real Estate,Hotel & Resort REITs,17.6,18.25,12.54,17.61,17.56,17.31,16.53,15.83,0.0,2.5,18.04,16.58
HWM,Howmet Aerospace,Industrials,Aerospace & Defense,191.84,192.01,94.33,187.94,184.43,179.44,181.02,148.81,0.2,-0.13,191.59,167.28
HPQ,HP Inc.,Information Technology,"Technology Hardware, Storage & Peripherals",28.24,37.77,21.42,27.92,28.31,27.99,26.4,27.99,0.1,4.36,29.47,26.51
HUBB,Hubbell Incorporated,Industrials,Industrial Machinery & Supplies & Components,440.1,466.13,313.96,436.87,438.75,437.36,431.41,398.06,-0.2,1.97,448.77,425.92
HUM,Humana,Health Care,Managed Health Care,264.86,315.37,220.41,271.69,280.21,291.25,266.55,260.56,0.0,21.99,323.1,259.41
HBAN,Huntington Bancshares,Financials,Regional Banks,17.87,17.87,12.26,17.55,17.54,17.46,16.86,15.83,0.0,0.78,18.01,16.91
HII,Huntington Ingalls Industries,Industrials,Aerospace & Defense,274.69,277.49,156.78,273.61,272.42,271.33,265.68,219.26,-0.2,0.79,276.86,265.81
IBM,IBM,Information Technology,IT Consulting & Other Services,265.0,292.8,199.27,258.26,256.89,249.96,255.3,248.35,0.0,0.12,265.32,234.62
IEX,IDEX Corporation,Industrials,Industrial Machinery & Supplies & Components,162.06,233.54,157.53,161.44,162.3,163.5,168.65,185.5,0.2,3.74,168.12,158.88
IDXX,Idexx Laboratories,Health Care,Health Care Equipment,655.51,682.78,361.04,645.43,646.17,643.61,609.87,494.05,0.2,-0.01,655.44,631.78
ITW,Illinois Tool Works,Industrials,Industrial Machinery & Supplies & Components,263.59,273.51,217.09,263.03,263.92,264.45,260.99,252.45,0.2,2.04,268.97,259.92
INCY,Incyte,Health Care,Biotechnology,86.0,86.96,55.17,84.19,85.22,85.2,79.53,70.29,0.0,1.78,87.53,82.87
IR,Ingersoll Rand,Industrials,Industrial Machinery & Supplies & Components,81.53,105.27,66.72,79.21,79.83,79.6,81.42,84.26,0.0,0.69,82.09,77.12
PODD,Insulet Corporation,Health Care,Health Care Equipment,333.51,352.82,227.79,333.99,339.63,338.12,313.46,287.26,-0.2,6.08,353.79,322.46
INTC,Intel,Information Technology,Semiconductors,30.57,30.57,18.13,25.92,25.24,24.83,23.16,21.74,0.2,-9.81,27.57,22.08
IBKR,Interactive Brokers,Financials,Investment Banking & Brokerage,64.92,67.54,32.37,63.14,62.5,62.72,63.02,51.91,0.0,-0.08,64.87,60.57
ICE,Intercontinental Exchange,Financials,Financial Exchanges & Data,171.13,187.92,141.62,172.0,172.76,174.81,179.43,168.84,-0.2,5.24,180.1,169.53
IFF,International Flavors & Fragrances,Materials,Specialty Chemicals,63.75,104.49,63.34,64.32,64.97,65.84,68.93,76.78,0.0,7.15,68.31,63.38
IP,International Paper,Materials,Paper & Plastic Packaging Products & Materials,47.11,58.45,43.05,46.37,46.78,47.78,48.85,50.1,0.0,6.56,50.2,45.36
IPG,Interpublic Group of Companies (The),Communication Services,Advertising,26.02,30.52,22.33,26.26,26.47,26.51,25.56,25.56,0.1,4.27,27.13,25.88
INTU,Intuit,Information Technology,Application Software,674.96,807.39,542.39,657.26,661.85,664.64,718.27,662.89,-0.2,1.65,686.1,643.2
ISRG,Intuitive Surgical,Health Care,Health Care Equipment,435.83,610.45,433.66,437.53,449.79,458.48,479.16,522.99,-0.2,12.14,488.74,428.22
IVZ,Invesco,Financials,Asset Management & Custody Banks,22.65,22.65,11.86,22.34,22.26,21.98,20.86,16.96,0.0,0.75,22.82,21.15
INVH,Invitation Homes,Real Estate,Single-Family Residential REITs,29.52,35.27,29.52,29.71,29.98,30.37,30.86,32.07,0.0,6.5,31.44,29.3
IQV,IQVIA,Health Care,Life Sciences Tools & Services,190.2,244.62,137.0,187.38,187.64,187.48,183.75,177.64,-0.2,0.98,192.06,182.89
IRM,Iron Mountain,Real Estate,Other Specialized REITs,98.92,124.18,75.72,98.89,96.81,93.74,94.35,95.5,0.0,2.53,101.42,86.07
JBHT,J.B. Hunt,Industrials,Cargo Ground Transportation,135.06,195.43,123.94,136.33,138.78,141.9,144.34,151.72,0.0,11.08,150.02,133.78
JBL,Jabil,Information Technology,Electronic Manufacturing Services,223.29,230.3,106.62,216.08,213.89,210.34,216.54,172.36,0.0,-1.42,220.12,200.58
JKHY,Jack Henry & Associates,Financials,Transaction & Payment Processing Services,154.47,189.99,154.47,158.37,159.99,160.99,166.29,172.8,-0.4,6.99,165.27,156.72
J,Jacobs Solutions,Industrials,Construction & Engineering,149.63,151.85,109.18,147.31,146.39,146.42,144.05,131.19,0.2,0.19,149.91,142.94
JNJ,Johnson & Johnson,Health Care,Pharmaceuticals,174.16,178.76,138.72,176.66,177.11,177.23,171.22,156.36,-0.4,3.04,179.45,174.99
JCI,Johnson Controls,Industrials,Building Products,108.48,111.73,70.88,107.64,107.35,107.18,106.81,91.7,0.0,0.84,109.39,104.97
JPM,JPMorgan Chase,Financials,Diversified Banks,313.23,313.23,200.72,310.0,304.12,301.36,295.68,263.07,0.0,0.09,313.51,289.2
K,Kellanova,Consumer Staples,Packaged Foods & Meats,78.2,81.71,77.28,78.95,79.21,79.21,79.28,80.09,-0.4,2.23,79.94,78.47
KVUE,Kenvue,Consumer Staples,Personal Care Products,18.1,24.0,18.1,18.36,18.51,19.69,20.83,21.67,-0.2,22.43,22.16,17.22
KDP,Keurig Dr Pepper,Consumer Staples,Soft Drinks & Non-alcoholic Beverages,27.2,36.99,26.75,27.08,27.43,29.0,31.9,32.54,0.0,23.75,33.66,24.35
KEY,KeyCorp,Financials,Regional Banks,19.13,19.23,12.92,18.87,18.99,18.96,18.35,16.68,-0.2,2.09,19.53,18.39
KEYS,Keysight Technologies,Information Technology,Electronic Equipment & Instruments,177.21,185.11,127.02,172.9,171.34,168.08,165.53,161.44,0.2,-0.73,175.92,160.24
KMB,Kimberly-Clark,Consumer Staples,Household Products,125.51,144.6,121.02,125.92,127.77,128.31,128.88,131.09,0.0,5.4,132.29,124.32
KIM,Kimco Realty,Real Estate,Retail REITs,22.17,24.65,18.27,22.19,22.34,22.19,21.6,21.25,0.2,2.8,22.79,21.58
KMI,Kinder Morgan,Energy,Oil & Gas Storage & Transportation,27.67,30.24,20.64,27.48,27.2,26.98,27.1,27.0,-0.2,0.36,27.77,26.2
KKR,KKR & Co.,Financials,Asset Management & Custody Banks,149.34,166.38,92.52,145.22,142.2,140.57,142.94,133.93,0.0,-1.12,147.67,133.48
KLAC,KLA Corporation,Information Technology,Semiconductor Materials & Equipment,1046.69,1046.69,573.9,996.01,960.38,916.63,912.66,773.53,0.2,-2.03,1025.44,807.85
KHC,Kraft Heinz,Consumer Staples,Packaged Foods & Meats,26.08,34.07,25.24,25.9,26.35,26.77,27.11,27.86,0.0,7.67,28.08,25.46
KR,Kroger,Consumer Staples,Food Retail,65.99,73.97,53.53,67.08,67.3,68.06,69.96,66.24,-0.2,6.8,70.48,65.64
LHX,L3Harris,Industrials,Aerospace & Defense,282.73,284.27,191.79,281.99,278.32,276.47,271.78,232.59,0.2,0.52,284.2,268.73
LH,Labcorp,Health Care,Health Care Services,277.15,279.72,209.65,276.13,276.73,276.42,266.42,247.15,0.0,1.08,280.14,272.72
LRCX,Lam Research,Information Technology,Semiconductor Materials & Equipment,126.32,126.32,58.94,120.97,114.14,107.39,102.87,84.96,0.2,-0.92,125.16,89.63
LW,Lamb Weston,Consumer Staples,Packaged Foods & Meats,56.47,80.72,47.73,56.47,56.8,56.57,54.78,56.31,0.1,2.98,58.15,54.99
LVS,Las Vegas Sands,Consumer Discretionary,Casinos & Gaming,53.21,57.71,30.35,52.87,53.5,54.78,52.83,45.43,0.0,9.13,58.07,51.48
LDOS,Leidos,Industrials,Diversified Support Services,187.15,199.29,125.82,183.94,181.97,181.24,173.07,152.04,0.2,-0.55,186.12,176.36
LEN,Lennar,Consumer Discretionary,Homebuilding,132.87,183.45,101.84,134.14,136.91,135.32,125.31,121.27,0.2,6.77,141.87,128.77
LII,Lennox International,Industrials,Building Products,541.74,674.16,506.5,546.88,557.71,560.6,591.36,589.99,0.0,8.42,587.35,533.86
LLY,Lilly (Eli),Health Care,Pharmaceuticals,762.93,925.78,624.28,758.27,751.87,739.31,739.72,783.33,-0.2,1.63,775.37,703.24
LIN,Linde plc,Materials,Industrial Gases,476.0,483.59,408.92,477.22,476.0,476.49,471.79,454.19,-0.2,1.83,484.71,468.26
LYV,Live Nation Entertainment,Communication Services,Movies & Entertainment,164.68,174.06,102.8,170.12,169.87,167.42,158.49,142.48,-0.2,6.02,174.59,160.24
LKQ,LKQ Corporation,Consumer Discretionary,Distributors,31.13,43.02,28.96,31.52,31.99,31.94,32.41,37.15,0.0,6.23,33.07,30.81
LMT,Lockheed Martin,Industrials,Aerospace & Defense,473.62,597.79,407.77,473.12,468.03,458.93,444.88,457.72,-0.1,1.35,480.01,437.86
L,Loews Corporation,Financials,Multi-line Insurance,97.04,98.05,76.27,96.86,96.7,96.58,94.14,88.36,-0.2,0.81,97.83,95.33
LOW,Lowe's,Consumer Discretionary,Home Improvement Retail,267.57,278.66,209.46,269.99,270.09,264.79,245.9,238.12,0.2,3.31,276.43,253.15
LULU,Lululemon Athletica,Consumer Discretionary,"Apparel, Accessories & Luxury Goods",169.76,421.16,159.87,163.09,164.67,183.76,199.44,293.96,-0.2,31.03,222.44,145.07
LYB,LyondellBasell,Materials,Specialty Chemicals,52.69,89.15,47.21,53.33,54.06,54.93,55.8,62.22,0.0,9.57,57.73,52.13
MTB,M&T Bank,Financials,Regional Banks,200.43,215.8,154.27,197.94,198.43,198.42,194.14,185.81,-0.2,1.29,203.02,193.84
MPC,Marathon Petroleum,Energy,Oil & Gas Refining & Marketing,185.03,185.03,117.23,182.58,182.16,178.91,172.62,153.78,0.0,1.95,188.64,169.19
MKTX,MarketAxess,Financials,Financial Exchanges & Data,179.71,289.47,179.71,182.54,184.86,185.0,195.07,211.33,0.0,6.61,191.59,178.41
MAR,Marriott International,Consumer Discretionary,"Hotels, Resorts & Cruise Lines",263.95,302.22,210.04,265.11,265.27,266.57,267.64,264.96,0.0,3.24,272.5,260.64
MMC,Marsh McLennan,Financials,Insurance Brokers,196.15,243.22,196.15,198.28,200.27,203.66,205.55,218.65,-0.2,8.12,212.08,195.25
MLM,Martin Marietta Materials,Materials,Construction Materials,620.4,631.12,451.25,613.36,617.86,614.74,596.46,541.75,-0.2,1.4,629.09,600.37
MAS,Masco,Industrials,Building Products,72.99,84.25,58.18,73.17,73.96,73.82,70.63,69.58,0.2,4.23,76.08,71.56
MA,Mastercard,Financials,Transaction & Payment Processing Services,586.05,598.96,478.51,586.89,585.74,589.52,575.79,552.76,0.0,2.47,600.53,578.5
MTCH,Match Group,Communication Services,Interactive Media & Services,38.57,38.77,26.87,37.76,37.99,37.61,35.93,32.37,0.0,0.16,38.63,36.59
MKC,McCormick & Company,Consumer Staples,Packaged Foods & Meats,66.25,83.73,65.95,67.01,68.41,69.4,70.23,74.61,-0.2,9.75,72.71,66.09
MCD,McDonald's,Consumer Discretionary,Restaurants,301.14,317.67,275.0,303.37,307.09,309.93,304.47,299.83,0.0,5.97,319.12,300.73
MCK,McKesson Corporation,Health Care,Health Care Distributors,690.13,734.45,476.95,698.02,700.61,694.02,695.46,663.19,0.0,3.75,716.01,672.02
MDT,Medtronic,Health Care,Health Care Equipment,95.59,95.59,78.03,94.36,93.83,93.08,91.89,87.0,0.2,-0.39,95.22,90.94
MRK,Merck & Co.,Health Care,Pharmaceuticals,81.53,114.4,72.03,81.36,82.52,83.29,82.05,85.12,0.1,5.63,86.12,80.46
META,Meta Platforms,Communication Services,Interactive Media & Services,780.25,790.0,484.29,771.05,762.86,754.39,745.61,659.35,0.2,-0.05,779.86,728.95
MET,MetLife,Financials,Life & Health Insurance,79.07,86.38,67.4,79.55,79.57,80.22,77.99,79.0,-0.1,3.83,82.1,78.34
MTD,Mettler Toledo,Health Care,Life Sciences Tools & Services,1287.1,1499.7,970.15,1271.37,1279.81,1283.69,1262.27,1218.68,-0.2,2.38,1317.73,1249.63
MGM,MGM Resorts,Consumer Discretionary,Casinos & Gaming,35.94,41.99,25.79,35.36,35.7,37.05,36.87,34.19,0.2,12.05,40.27,33.83
MCHP,Microchip Technology,Information Technology,Semiconductors,66.26,78.29,34.83,64.87,65.01,65.46,67.3,58.73,0.0,3.46,68.55,62.37
MU,Micron Technology,Information Technology,Semiconductors,168.89,168.89,64.66,160.54,149.13,133.9,123.13,102.73,0.0,0.39,169.55,98.24
MSFT,Microsoft,Information Technology,Systems Software,508.45,534.76,353.33,510.55,504.58,505.25,510.81,446.61,0.0,1.26,514.86,495.64
MAA,Mid-America Apartment Communities,Real Estate,Multi-Family Residential REITs,140.54,167.59,138.38,140.46,142.33,142.8,144.47,151.63,0.0,4.32,146.61,139.0
MRNA,Moderna,Health Care,Biotechnology,25.45,71.99,23.51,24.54,24.68,24.82,27.94,31.29,0.0,3.97,26.46,23.18
MHK,Mohawk Industries,Consumer Discretionary,Home Furnishings,132.77,161.25,97.99,134.79,136.33,133.89,124.79,116.49,0.2,6.35,141.2,126.58
MOH,Molina Healthcare,Health Care,Managed Health Care,179.71,355.15,152.31,177.89,178.88,177.44,175.97,272.14,0.1,3.14,185.35,169.52
TAP,Molson Coors Beverage Company,Consumer Staples,Brewers,46.9,61.78,46.8,47.49,48.53,49.44,49.67,53.97,-0.2,11.34,52.22,46.66
MDLZ,Mondelez International,Consumer Staples,Packaged Foods & Meats,63.25,73.01,55.34,62.47,62.29,62.09,64.2,63.52,0.0,0.25,63.41,60.77
MPWR,Monolithic Power Systems,Information Technology,Semiconductors,917.78,936.74,454.23,867.26,861.99,851.65,802.44,674.11,0.4,-2.58,894.1,809.16
MNST,Monster Beverage,Consumer Staples,Soft Drinks & Non-alcoholic Beverages,64.64,66.52,46.16,65.27,64.18,63.46,61.99,57.75,0.0,2.17,66.04,60.88
MCO,Moody's Corporation,Financials,Financial Exchanges & Data,482.32,524.53,395.22,504.63,506.26,506.67,508.04,482.13,-0.2,8.31,522.4,490.93
MS,Morgan Stanley,Financials,Investment Banking & Brokerage,159.24,159.24,96.42,157.1,154.52,151.59,146.05,130.19,0.0,0.28,159.69,143.49
MOS,Mosaic Company (The),Materials,Fertilizers & Agricultural Chemicals,34.22,37.55,22.47,33.98,33.4,33.14,33.88,29.93,-0.2,0.73,34.47,31.8
MSI,Motorola Solutions,Information Technology,Communications Equipment,474.55,499.65,392.79,478.46,479.41,473.15,451.25,439.44,0.2,3.38,490.59,455.71
MSCI,MSCI Inc.,Financials,Financial Exchanges & Data,555.98,630.0,503.37,572.3,570.9,568.27,562.01,568.48,-0.1,5.61,587.17,549.39
NDAQ,"Nasdaq, Inc.",Financials,Financial Exchanges & Data,88.87,96.67,66.01,92.26,93.39,93.78,93.44,82.74,0.0,8.57,96.49,91.07
NTAP,NetApp,Information Technology,"Technology Hardware, Storage & Peripherals",126.36,129.06,75.73,124.36,123.35,118.25,110.84,106.16,0.0,2.81,129.91,106.59
NFLX,Netflix,Communication Services,Movies & Entertainment,1207.78,1339.13,687.65,1205.5,1223.05,1222.33,1213.7,1078.21,0.2,4.54,1262.61,1182.03
NEM,Newmont,Materials,Gold,78.32,79.65,36.49,78.93,78.06,75.43,68.56,52.69,-0.2,4.32,81.7,69.17
NWSA,News Corp (Class A),Communication Services,Publishing,30.45,30.45,23.89,29.91,29.63,29.55,29.41,28.19,0.0,0.23,30.52,28.59
NWS,News Corp (Class B),Communication Services,Publishing,33.56,35.06,26.86,32.93,32.8,33.34,33.6,32.1,0.0,4.53,35.08,31.61
NEE,NextEra Energy,Utilities,Multi-Utilities,70.79,82.85,63.11,70.81,70.72,72.0,72.48,70.2,0.0,6.72,75.55,68.45
NKE,"Nike, Inc.",Consumer Discretionary,"Apparel, Accessories & Luxury Goods",72.1,87.5,52.64,72.64,73.34,75.04,74.86,69.51,0.2,9.81,79.17,70.9
NI,NiSource,Utilities,Multi-Utilities,40.16,43.33,32.78,40.14,40.36,41.22,41.44,38.91,-0.2,8.14,43.43,39.02
NDSN,Nordson Corporation,Industrials,Industrial Machinery & Supplies & Components,227.63,260.48,166.29,225.3,224.82,224.26,218.85,210.56,0.0,0.43,228.61,219.93
NSC,Norfolk Southern,Industrials,Rail Transportation,282.68,285.53,204.09,278.13,276.38,277.66,276.78,248.64,0.0,0.63,284.46,270.87
NTRS,Northern Trust,Financials,Asset Management & Custody Banks,132.22,132.22,83.34,130.12,129.07,129.27,127.49,109.63,0.2,-0.14,132.03,126.5
NOC,Northrop Grumman,Industrials,Aerospace & Defense,573.75,594.87,427.78,576.14,577.78,582.29,569.68,502.08,0.2,3.59,594.35,570.22
NCLH,Norwegian Cruise Line Holdings,Consumer Discretionary,"Hotels, Resorts & Cruise Lines",25.41,29.07,15.5,25.81,25.7,25.28,24.49,22.47,0.0,5.35,26.77,23.78
NRG,NRG Energy,Utilities,Independent Power Producers & Energy Traders,164.19,173.91,80.07,164.78,159.07,152.75,154.14,124.28,-0.2,2.83,168.84,136.67
NUE,Nucor,Materials,Steel,134.3,165.5,102.79,140.59,142.09,144.75,142.97,128.49,0.0,13.44,152.35,137.15
NVDA,Nvidia,Information Technology,Semiconductors,176.24,183.15,94.3,175.4,173.75,175.05,175.29,140.7,-0.4,4.22,183.68,166.41
NVR,"NVR, Inc.",Consumer Discretionary,Homebuilding,8178.48,9924.4,6700.0,8243.71,8340.87,8238.22,7976.96,7675.05,0.2,4.78,8569.41,7906.8
NXPI,NXP Semiconductors,Information Technology,Semiconductors,226.51,250.84,152.09,220.89,221.77,226.91,223.21,209.37,0.0,6.03,240.17,213.65
ORLY,O’Reilly Automotive,Consumer Discretionary,Automotive Retail,103.69,107.82,73.94,105.49,105.85,104.66,100.9,91.39,0.2,4.01,107.85,101.46
OXY,Occidental Petroleum,Energy,Oil & Gas Exploration & Production,47.36,54.77,35.72,46.69,46.15,46.24,44.83,45.0,-0.1,1.65,48.14,44.34
ODFL,Old Dominion,Industrials,Cargo Ground Transportation,142.39,230.37,141.59,144.27,146.71,149.25,153.14,168.49,0.0,10.53,157.38,141.1
OMC,Omnicom Group,Communication Services,Advertising,76.04,101.86,68.6,76.72,77.35,77.52,74.95,77.79,-0.1,4.39,79.38,75.65
ON,ON Semiconductor,Information Technology,Semiconductors,51.83,74.7,31.95,49.51,49.13,49.52,52.59,50.76,0.0,0.48,52.08,46.96
OKE,Oneok,Energy,Oil & Gas Storage & Transportation,73.58,112.93,71.36,72.94,72.72,73.75,76.28,86.87,-0.2,3.66,76.27,71.24
ORCL,Oracle Corporation,Information Technology,Application Software,296.62,328.33,122.56,299.8,284.8,258.06,250.22,187.17,0.2,10.86,328.83,187.28
OTIS,Otis Worldwide,Industrials,Industrial Machinery & Supplies & Components,90.35,104.22,84.52,89.58,88.73,87.81,89.62,94.62,0.0,0.18,90.51,85.11
PCAR,Paccar,Industrials,Construction Machinery & Heavy Transportation Equipment,101.42,113.98,85.82,101.96,100.51,100.01,98.59,99.34,-0.1,2.22,103.67,96.36
PKG,Packaging Corporation of America,Materials,Paper & Plastic Packaging Products & Materials,213.96,242.86,173.82,212.64,213.73,213.16,204.25,203.26,0.2,1.97,218.18,208.14
PLTR,Palantir Technologies,Information Technology,Application Software,176.97,186.97,36.38,171.64,166.09,161.68,162.23,115.56,0.0,-1.08,175.06,148.3
PANW,Palo Alto Networks,Information Technology,Systems Software,205.68,208.28,152.44,201.54,199.28,193.71,188.22,187.46,0.0,0.45,206.61,180.82
PSKY,Paramount Skydance Corporation,Communication Services,Movies & Entertainment,17.88,18.74,10.05,18.13,16.84,16.01,14.06,12.0,0.2,5.26,18.82,13.21
PH,Parker Hannifin,Industrials,Industrial Machinery & Supplies & Components,755.7,769.67,514.56,753.4,757.59,755.52,737.42,668.87,0.0,2.36,773.53,737.52
PAYX,Paychex,Industrials,Human Resource & Employment Services,131.11,158.58,128.82,132.45,133.61,135.88,139.31,143.95,-0.2,7.84,141.39,130.36
PAYC,Paycom,Industrials,Human Resource & Employment Services,216.55,265.28,158.91,217.09,220.36,223.27,225.55,224.1,0.0,7.68,233.18,213.36
PYPL,PayPal,Financials,Transaction & Payment Processing Services,68.52,91.81,57.41,67.6,67.52,68.48,70.3,74.14,0.0,3.68,71.04,65.92
PNR,Pentair,Industrials,Industrial Machinery & Supplies & Components,111.52,112.59,75.76,110.72,110.59,109.26,106.36,98.54,0.0,1.37,113.05,105.47
PEP,PepsiCo,Consumer Staples,Soft Drinks & Non-alcoholic Beverages,140.73,170.29,125.83,141.23,142.43,144.64,142.89,140.91,0.4,6.6,150.02,139.26
PFE,Pfizer,Health Care,Pharmaceuticals,24.15,28.21,20.83,23.99,24.35,24.7,24.6,24.2,0.2,6.67,25.76,23.63
PCG,PG&E Corporation,Utilities,Multi-Utilities,14.9,21.53,13.0,15.15,15.13,15.12,14.64,16.27,-0.1,4.97,15.64,14.6
PM,Philip Morris International,Consumer Staples,Tobacco,161.76,183.57,115.19,163.75,164.1,165.51,167.86,155.57,0.0,6.45,172.19,158.83
PSX,Phillips 66,Energy,Oil & Gas Refining & Marketing,131.35,133.86,91.09,131.9,131.75,131.31,126.42,118.62,0.2,3.03,135.33,127.29
PNW,Pinnacle West Capital,Utilities,Multi-Utilities,85.87,93.78,79.36,86.7,87.37,88.6,90.17,88.77,-0.2,6.81,91.72,85.49
PNC,PNC Financial Services,Financials,Diversified Banks,206.27,209.23,146.94,203.08,202.86,203.27,197.05,183.97,0.0,1.44,209.24,197.29
POOL,Pool Corporation,Consumer Discretionary,Distributors,325.12,385.63,283.92,325.5,326.5,320.32,314.53,320.86,0.1,3.59,336.79,303.84
PPG,PPG Industries,Materials,Specialty Chemicals,109.02,131.36,90.49,109.13,109.71,110.53,110.89,111.74,0.0,4.3,113.71,107.36
PPL,PPL Corporation,Utilities,Electric Utilities,35.58,36.96,30.49,35.76,35.71,35.99,35.88,34.1,0.2,3.09,36.68,35.29
PFG,Principal Financial Group,Financials,Life & Health Insurance,81.78,87.94,68.21,81.68,81.03,80.32,78.86,78.38,0.0,1.22,82.78,77.87
PG,Procter & Gamble,Consumer Staples,Personal Care Products,157.32,176.3,150.47,158.09,158.49,157.97,156.09,162.02,-0.1,2.04,160.53,155.41
PGR,Progressive Corporation,Financials,Property & Casualty Insurance,242.0,291.0,234.89,244.9,245.28,246.03,245.98,259.24,0.1,3.35,250.11,241.94
PLD,Prologis,Real Estate,Industrial REITs,115.16,124.32,88.13,114.13,113.07,111.92,108.73,107.84,0.2,0.37,115.59,108.25
PRU,Prudential Financial,Financials,Life & Health Insurance,103.87,124.75,92.74,104.28,105.11,106.91,104.55,106.81,0.1,7.16,111.31,102.51
PEG,Public Service Enterprise Group,Utilities,Electric Utilities,81.19,91.66,75.92,81.7,81.23,81.58,83.84,81.88,0.0,2.89,83.54,79.61
PTC,PTC Inc.,Information Technology,Application Software,206.19,216.53,136.74,204.88,206.66,210.18,206.61,180.0,0.0,6.21,218.99,201.37
PSA,Public Storage,Real Estate,Self-Storage REITs,283.79,350.81,260.94,285.72,287.98,287.94,284.09,290.7,-0.1,3.58,293.95,281.93
PHM,PulteGroup,Consumer Discretionary,Homebuilding,134.1,147.88,91.67,134.71,136.52,134.08,124.61,110.84,0.2,5.38,141.31,126.85
PWR,Quanta Services,Industrials,Construction & Engineering,390.65,421.68,236.56,382.62,381.44,380.27,387.85,330.81,0.0,0.2,391.43,369.1
QCOM,Qualcomm,Information Technology,Semiconductors,168.13,174.12,123.21,164.12,161.98,159.83,156.13,154.21,0.2,-1.03,166.4,153.25
DGX,Quest Diagnostics,Health Care,Health Care Services,183.33,184.4,144.81,181.85,182.16,181.17,176.17,168.55,0.0,0.65,184.52,177.81
RL,Ralph Lauren Corporation,Consumer Discretionary,"Apparel, Accessories & Luxury Goods",313.98,320.75,180.92,313.13,312.54,305.58,297.96,258.26,0.0,4.36,327.67,283.48
RJF,Raymond James Financial,Financials,Investment Banking & Brokerage,173.93,173.93,119.03,170.32,168.62,167.97,165.3,153.96,0.2,-0.43,173.18,162.76
RTX,RTX Corporation,Industrials,Aerospace & Defense,158.19,160.66,112.45,157.86,156.54,157.39,155.02,134.38,-0.2,2.07,161.46,153.31
O,Realty Income,Real Estate,Retail REITs,59.11,61.45,49.6,59.89,59.69,58.96,57.8,55.19,0.4,2.66,60.68,57.25
REG,Regency Centers,Real Estate,Retail REITs,70.33,75.5,64.21,70.56,71.34,71.46,70.83,70.72,0.2,3.85,73.04,69.88
REGN,Regeneron Pharmaceuticals,Health Care,Biotechnology,598.71,1145.28,482.34,578.37,570.42,575.41,566.41,616.96,-0.1,0.36,600.87,549.97
RF,Regions Financial Corporation,Financials,Regional Banks,27.4,27.4,17.95,26.99,26.99,26.88,25.85,23.09,0.0,1.06,27.69,26.07
RSG,Republic Services,Industrials,Environmental & Facilities Services,226.71,257.46,196.49,226.99,228.26,231.02,234.97,232.12,-0.2,4.66,237.27,224.77
RMD,ResMed,Health Care,Health Care Equipment,273.29,293.73,203.67,271.79,273.97,276.93,274.99,245.93,-0.2,6.22,290.29,263.56
RVTY,Revvity,Health Care,Health Care Equipment,87.76,127.41,82.5,85.06,85.14,87.17,90.55,101.93,0.0,6.43,93.4,80.95
ROK,Rockwell Automation,Industrials,Electrical Components & Equipment,348.56,357.15,217.21,345.37,344.42,345.03,345.34,298.81,-0.2,1.74,354.62,335.42
ROL,"Rollins, Inc.",Industrials,Environmental & Facilities Services,55.73,58.48,45.24,56.18,56.65,56.74,56.89,53.42,0.0,4.45,58.21,55.28
ROP,Roper Technologies,Information Technology,Electronic Equipment & Instruments,509.01,592.1,501.26,507.77,513.1,520.07,534.36,552.7,-0.2,5.64,537.72,502.39
ROST,Ross Stores,Consumer Discretionary,Apparel Retail,146.09,154.88,122.22,146.83,148.52,148.56,142.89,140.74,-0.2,4.42,152.55,144.57
RCL,Royal Caribbean Group,Consumer Discretionary,"Hotels, Resorts & Cruise Lines",325.81,365.84,166.57,327.36,337.72,345.14,335.95,264.31,0.0,14.25,372.24,318.03
SPGI,S&P Global,Financials,Financial Exchanges & Data,507.8,563.17,436.73,536.28,540.38,543.95,542.36,513.71,0.2,10.92,563.25,524.64
CRM,Salesforce,Information Technology,Application Software,244.28,365.66,231.26,241.96,245.16,247.36,250.78,284.14,-0.2,5.33,257.3,237.42
SBAC,SBA Communications,Real Estate,Telecom Tower REITs,198.82,244.52,189.91,199.08,196.9,203.43,216.82,216.58,-0.2,12.12,222.92,183.95
SLB,Schlumberger,Energy,Oil & Gas Equipment & Services,34.74,44.26,31.43,35.02,35.47,35.45,34.5,36.64,-0.1,5.87,36.78,34.12
STX,Seagate Technology,Information Technology,"Technology Hardware, Storage & Peripherals",216.64,216.64,66.19,209.65,200.71,184.4,164.75,115.7,0.0,2.45,221.95,146.84
SRE,Sempra,Utilities,Multi-Utilities,82.48,92.47,63.23,83.03,82.15,82.12,80.8,77.83,0.0,2.12,84.23,80.01
NOW,ServiceNow,Information Technology,Systems Software,947.74,1170.39,721.65,941.3,935.52,916.34,922.94,963.8,-0.2,1.99,966.6,866.12
SHW,Sherwin-Williams,Materials,Specialty Chemicals,349.56,397.11,312.15,354.03,360.53,363.24,353.77,350.54,0.0,7.88,377.11,349.35
SPG,Simon Property Group,Real Estate,Retail REITs,180.09,183.9,136.92,181.88,181.24,178.66,170.11,164.72,0.0,2.81,185.15,172.16
SWKS,Skyworks Solutions,Information Technology,Semiconductors,77.03,96.35,48.25,74.61,74.72,74.84,72.84,72.65,-0.2,0.04,77.06,72.63
SJM,J.M. Smucker Company (The),Consumer Staples,Packaged Foods & Meats,106.68,116.99,93.48,105.29,108.23,109.36,108.63,107.55,0.0,8.33,115.57,103.15
SW,Smurfit Westrock,Materials,Paper & Plastic Packaging Products & Materials,44.17,55.13,37.46,44.25,45.11,45.62,45.18,46.4,0.1,8.31,47.84,43.39
SNA,Snap-on,Industrials,Industrial Machinery & Supplies & Components,339.49,364.18,273.03,335.64,331.26,329.12,325.09,326.59,0.1,-0.02,339.42,318.83
SOLV,Solventum,Health Care,Health Care Technology,74.37,84.04,63.01,73.83,73.44,72.99,73.03,72.41,-0.2,0.61,74.82,71.16
SO,Southern Company,Utilities,Electric Utilities,91.45,95.24,78.98,91.8,91.65,92.26,93.11,87.96,0.0,3.04,94.23,90.3
LUV,Southwest Airlines,Industrials,Passenger Airlines,32.27,37.49,23.77,31.81,31.6,31.95,32.44,31.32,0.0,3.22,33.31,30.6
SWK,Stanley Black & Decker,Industrials,Industrial Machinery & Supplies & Components,79.37,105.48,54.53,78.3,78.16,76.13,72.77,73.28,0.1,1.84,80.83,71.43
SBUX,Starbucks,Consumer Discretionary,Restaurants,83.42,114.25,78.61,83.12,83.42,85.58,89.37,92.53,0.0,8.31,90.35,80.8
STT,State Street Corporation,Financials,Asset Management & Custody Banks,113.22,115.82,74.79,111.99,112.03,113.22,111.44,98.4,-0.2,2.72,116.3,110.13
STLD,Steel Dynamics,Materials,Steel,139.84,152.49,108.79,135.72,134.48,132.64,129.82,127.41,0.2,-0.43,139.24,126.05
STE,Steris,Health Care,Health Care Equipment,250.5,252.43,200.94,248.99,248.32,247.03,237.98,227.11,0.0,1.0,253.0,241.05
SYK,Stryker Corporation,Health Care,Health Care Equipment,377.84,403.53,336.65,378.36,384.17,387.65,387.83,379.07,0.0,5.88,400.06,375.24
SMCI,Supermicro,Information Technology,"Technology Hardware, Storage & Peripherals",45.94,60.71,18.01,45.23,43.74,43.19,47.86,40.73,0.2,2.22,46.96,39.42
SYF,Synchrony Financial,Financials,Consumer Finance,76.53,76.86,43.38,75.51,75.51,75.28,72.39,62.98,-0.2,1.71,77.84,72.71
SNPS,Synopsys,Information Technology,Application Software,480.11,645.35,380.9,435.23,481.36,540.81,580.55,508.11,-0.4,47.49,708.11,373.5
SYY,Sysco,Consumer Staples,Food Distributors,81.93,82.51,67.53,81.42,81.32,80.83,80.02,74.8,0.2,1.05,82.79,78.87
TMUS,T-Mobile US,Communication Services,Wireless Telecommunication Services,238.83,270.87,193.92,239.47,241.75,246.99,242.59,241.34,0.0,8.6,259.37,234.62
TROW,T. Rowe Price,Financials,Asset Management & Custody Banks,105.79,118.63,78.24,104.57,105.22,105.79,104.73,100.06,0.0,3.15,109.12,102.46
TTWO,Take-Two Interactive,Communication Services,Interactive Home Entertainment,249.74,250.52,147.66,248.3,246.84,240.43,233.72,215.95,0.2,2.23,255.31,225.55
TPR,"Tapestry, Inc.",Consumer Discretionary,"Apparel, Accessories & Luxury Goods",113.3,113.3,41.81,109.86,107.57,104.38,104.77,81.58,0.2,-0.64,112.57,96.17
TRGP,Targa Resources,Energy,Oil & Gas Storage & Transportation,170.12,213.93,143.44,165.86,164.21,164.42,165.09,176.92,0.0,-0.43,169.39,159.46
TGT,Target Corporation,Consumer Staples,Consumer Staples Merchandise Retail,89.42,154.72,86.82,89.32,90.45,93.11,99.04,107.82,-0.2,11.44,99.65,86.58
TEL,TE Connectivity,Information Technology,Electronic Manufacturing Services,217.31,217.31,121.04,212.93,211.27,208.52,200.62,162.17,0.2,-0.58,216.05,201.0
TDY,Teledyne Technologies,Information Technology,Electronic Equipment & Instruments,562.63,566.11,426.75,556.27,553.25,548.15,547.5,502.29,0.0,0.13,563.36,532.96
TER,Teradyne,Information Technology,Semiconductor Materials & Equipment,118.82,139.5,67.79,114.68,116.09,116.64,107.4,101.21,0.0,2.94,122.31,110.97
TSLA,"Tesla, Inc.",Consumer Discretionary,Automobile Manufacturers,416.85,479.86,213.65,414.06,383.11,361.05,337.95,332.36,0.0,2.2,426.02,296.08
TXN,Texas Instruments,Information Technology,Semiconductors,181.62,219.66,143.34,180.07,182.75,192.05,194.86,185.37,-0.2,17.17,212.8,171.3
TPL,Texas Pacific Land Corporation,Energy,Oil & Gas Exploration & Production,913.27,1720.9,853.36,924.53,920.11,916.93,933.99,1181.26,0.2,4.15,951.17,882.66
TXT,Textron,Industrials,Aerospace & Defense,83.92,90.23,60.69,82.7,82.14,81.37,81.04,76.4,0.4,-0.13,83.81,78.93
TMO,Thermo Fisher Scientific,Health Care,Life Sciences Tools & Services,481.1,618.07,389.91,477.59,481.64,485.36,469.28,479.26,-0.1,3.61,498.47,472.23
TJX,TJX Companies,Consumer Discretionary,Apparel Retail,139.93,141.17,110.73,140.03,140.09,138.86,132.17,125.59,0.0,1.67,142.27,135.45
TKO,TKO Group Holdings,Communication Services,Movies & Entertainment,202.8,204.49,113.99,202.13,199.52,192.74,180.26,160.78,0.2,2.35,207.57,177.93
TTD,Trade Desk (The),Communication Services,Advertising,43.93,139.51,43.93,44.98,47.28,50.27,64.79,79.66,0.2,31.98,57.98,42.56
TSCO,Tractor Supply,Consumer Discretionary,Other Specialty Retail,59.87,62.65,47.62,59.64,59.63,60.54,59.36,54.53,0.4,4.94,62.83,58.25
TT,Trane Technologies,Industrials,Building Products,402.49,471.46,313.81,400.93,407.5,412.72,428.55,392.6,-0.2,6.68,429.38,396.05
TDG,TransDigm Group,Industrials,Aerospace & Defense,1286.12,1516.55,1152.5,1280.68,1286.04,1294.61,1368.73,1297.43,0.0,3.0,1324.7,1264.48
TRV,Travelers Companies (The),Financials,Property & Casualty Insurance,277.9,279.43,222.29,276.02,275.18,273.93,266.39,256.37,-0.2,0.73,279.93,267.93
TRMB,Trimble Inc.,Information Technology,Electronic Equipment & Instruments,81.66,85.24,55.12,80.82,80.92,80.85,81.98,73.26,0.0,1.84,83.16,78.54
TFC,Truist Financial,Financials,Diversified Banks,46.08,47.07,33.92,45.2,45.42,45.83,44.74,42.18,-0.2,3.02,47.47,44.19
TYL,Tyler Technologies,Information Technology,Application Software,530.05,646.74,521.68,537.11,546.99,552.02,563.64,579.28,-0.4,8.04,572.67,531.38
TSN,Tyson Foods,Consumer Staples,Packaged Foods & Meats,54.01,62.84,51.83,54.32,55.1,55.83,54.9,56.66,-0.1,7.05,57.82,53.85
USB,U.S. Bancorp,Financials,Diversified Banks,50.21,51.9,36.0,49.33,49.2,48.78,46.96,44.94,0.0,0.22,50.32,47.24
UBER,Uber,Industrials,Passenger Ground Transportation,94.7,98.85,59.93,96.04,94.99,94.77,92.59,80.14,-0.2,4.05,98.54,91.0
UDR,"UDR, Inc.",Real Estate,Multi-Family Residential REITs,37.29,45.08,37.29,37.61,38.2,38.53,39.08,40.95,0.0,6.78,39.82,37.25
ULTA,Ulta Beauty,Consumer Discretionary,Other Specialty Retail,534.81,534.81,314.47,525.9,521.54,523.29,512.82,431.28,-0.2,1.42,542.4,504.18
UNP,Union Pacific Corporation,Industrials,Rail Transportation,220.36,249.94,205.73,216.94,216.95,219.7,222.24,226.87,0.0,2.69,226.29,213.12
UAL,United Airlines Holdings,Industrials,Passenger Airlines,105.38,110.52,52.17,105.24,106.31,105.05,97.22,88.63,0.2,4.25,109.86,100.24
UPS,United Parcel Service,Industrials,Air Freight & Logistics,85.05,130.93,82.93,84.56,84.51,85.64,89.19,102.78,-0.2,4.23,88.65,82.63
URI,United Rentals,Industrials,Trading Companies & Distributors,942.79,975.23,549.5,943.67,951.35,947.32,894.09,744.09,0.2,4.22,982.58,912.11
UNH,UnitedHealth Group,Health Care,Managed Health Care,334.82,611.98,236.28,342.88,338.78,321.39,293.16,408.18,0.1,7.71,360.63,282.15
UHS,Universal Health Services,Health Care,Health Care Facilities,188.11,240.49,154.78,188.61,188.22,185.48,176.45,180.57,-0.1,2.13,192.12,178.84
VLO,Valero Energy,Energy,Oil & Gas Refining & Marketing,163.85,163.85,102.97,160.89,159.65,154.76,145.96,131.66,0.0,2.04,167.19,142.33
VTR,Ventas,Real Estate,Health Care REITs,67.97,69.85,56.07,68.59,68.59,68.24,67.51,64.22,0.0,2.63,69.76,66.71
VLTO,Veralto,Industrials,Environmental & Facilities Services,107.06,113.22,85.23,107.43,106.99,106.94,105.82,100.77,-0.2,2.2,109.42,104.47
VRSN,Verisign,Information Technology,Internet Services & Infrastructure,285.88,305.1,175.69,286.92,285.62,278.82,277.4,250.85,0.2,2.64,293.43,264.21
VRSK,Verisk Analytics,Industrials,Research & Consulting Services,245.33,320.32,245.33,252.74,260.24,264.08,274.96,288.62,-0.2,13.72,278.99,249.17
VZ,Verizon,Communication Services,Integrated Telecommunication Services,43.67,45.06,36.62,43.89,43.84,44.01,43.28,41.7,0.0,2.52,44.77,43.25
VRTX,Vertex Pharmaceuticals,Health Care,Biotechnology,387.11,516.74,366.54,390.67,392.71,393.13,417.93,449.66,0.0,3.64,401.2,385.04
VTRS,Viatris,Health Care,Pharmaceuticals,9.86,12.87,7.08,9.72,10.04,10.27,9.73,9.66,0.0,11.16,10.96,9.58
VICI,Vici Properties,Real Estate,Hotel & Resort REITs,32.12,33.93,27.46,32.72,32.99,33.23,33.1,31.26,0.0,5.92,34.02,32.43
V,Visa Inc.,Financials,Transaction & Payment Processing Services,338.18,372.65,267.75,340.58,341.4,345.58,345.64,340.4,0.0,5.05,355.26,335.91
VST,Vistra Corp.,Utilities,Electric Utilities,210.16,214.06,90.52,210.22,203.42,197.21,197.95,161.75,-0.2,2.67,215.77,178.64
VMC,Vulcan Materials Company,Materials,Construction Materials,298.58,301.65,219.65,294.35,295.4,293.13,283.38,264.06,0.0,0.4,299.77,286.47
WRB,W. R. Berkley Corporation,Financials,Property & Casualty Insurance,73.1,74.57,55.33,72.85,72.68,72.27,70.64,66.64,-0.2,1.01,73.84,70.7
GWW,W. W. Grainger,Industrials,Industrial Machinery & Supplies & Components,1005.23,1212.97,915.74,1002.7,1000.83,1007.92,1005.06,1035.63,-0.3,2.38,1029.15,986.66
WAB,Wabtec,Industrials,Construction Machinery & Heavy Transportation Equipment,190.37,214.1,159.81,188.17,189.68,191.71,195.73,193.79,0.0,3.59,197.2,186.22
WMT,Walmart,Consumer Staples,Consumer Staples Merchandise Retail,103.6,104.27,77.29,103.69,102.66,100.05,99.1,95.26,0.2,2.32,106.0,94.09
DIS,Walt Disney Company (The),Communication Services,Movies & Entertainment,114.86,124.01,81.37,115.55,116.48,117.19,117.88,109.78,0.0,4.16,119.64,114.73
WBD,Warner Bros. Discovery,Communication Services,Broadcasting,18.7,19.46,7.33,18.65,15.87,13.87,12.97,10.8,0.0,5.45,19.72,8.01
WM,Waste Management,Industrials,Environmental & Facilities Services,215.92,240.36,198.36,215.95,217.21,221.07,225.44,223.5,-0.2,6.27,229.46,212.68
WAT,Waters Corporation,Health Care,Life Sciences Tools & Services,306.38,417.28,277.72,301.51,301.93,299.36,296.91,349.06,-0.1,1.04,309.57,289.15
WEC,WEC Energy Group,Utilities,Electric Utilities,109.47,110.97,89.8,109.78,109.07,108.14,107.87,102.95,0.0,1.29,110.88,105.4
WFC,Wells Fargo,Financials,Diversified Banks,83.5,83.83,52.44,82.05,81.07,81.0,80.21,74.68,0.0,0.31,83.76,78.25
WELL,Welltower,Real Estate,Health Care REITs,166.53,169.36,120.86,167.14,167.83,167.33,164.26,147.87,0.2,2.17,170.14,164.52
WST,West Pharmaceutical Services,Health Care,Health Care Supplies,254.98,347.02,190.04,256.2,255.59,250.83,243.23,252.02,0.1,2.72,261.92,239.75
WDC,Western Digital,Information Technology,"Technology Hardware, Storage & Peripherals",105.15,105.15,30.45,101.85,98.03,89.57,78.95,56.07,0.0,3.21,108.53,70.62
WY,Weyerhaeuser,Real Estate,Timber REITs,24.54,32.88,24.29,24.74,25.2,25.46,25.51,27.1,0.0,8.64,26.66,24.25
WSM,"Williams-Sonoma, Inc.",Consumer Discretionary,Homefurnishing Retail,199.62,215.83,127.65,198.06,200.48,197.84,192.29,179.37,0.0,4.08,207.76,187.9
WMB,Williams Companies,Energy,Oil & Gas Storage & Transportation,60.38,62.34,43.23,58.91,58.18,57.59,57.68,56.81,0.0,-1.19,59.66,55.53
WTW,Willis Towers Watson,Financials,Insurance Brokers,331.7,340.45,285.03,333.45,332.89,332.1,323.24,317.56,-0.2,2.71,340.69,323.49
WDAY,"Workday, Inc.",Information Technology,Application Software,233.5,279.91,210.47,226.71,228.03,227.9,228.43,245.8,0.0,1.37,236.7,219.1
WYNN,Wynn Resorts,Consumer Discretionary,Casinos & Gaming,128.68,128.68,65.78,123.39,122.88,122.1,114.3,93.42,0.0,1.21,130.24,113.96
XEL,Xcel Energy,Utilities,Multi-Utilities,72.17,73.68,60.16,72.43,72.1,72.14,71.68,68.41,-0.2,1.51,73.26,71.01
XYL,Xylem Inc.,Industrials,Industrial Machinery & Supplies & Components,142.18,144.22,102.25,141.44,140.49,141.25,138.54,126.12,0.0,1.79,144.73,137.77
YUM,Yum! Brands,Consumer Discretionary,Restaurants,145.26,160.96,121.48,147.98,147.34,146.48,145.84,143.29,0.2,3.15,149.84,143.14
ZBRA,Zebra Technologies,Information Technology,Electronic Equipment & Instruments,322.88,421.11,213.54,318.43,315.41,315.51,321.41,320.56,0.0,1.16,326.63,304.4
ZBH,Zimmer Biomet,Health Care,Health Care Equipment,100.21,112.89,89.98,100.66,102.41,104.19,99.72,101.37,-0.1,8.95,109.18,99.21
ZTS,Zoetis,Health Care,Pharmaceuticals,147.1,194.12,143.44,147.19,149.08,151.91,151.43,159.75,-0.1,7.84,158.63,145.18
