Symbol,Company,GICS_Sector,GICS_Sub_Industry,Current_Price,High_52_Week,Low_52_Week,SMA5,SMA10,SMA20,SMA50,SMA200,Score,Target_Pcnt,Target_Price,Stop_Loss
MMM,3M,Industrials,Industrial Conglomerates,155.33,159.47,122.31,156.94,155.44,155.79,154.24,146.38,0.2,2.67,159.48,152.1
AOS,A. O. Smith,Industrials,Building Products,71.4,86.45,59.04,72.76,72.58,72.79,72.15,67.85,0.2,3.96,74.23,71.34
ABT,Abbott Laboratories,Health Care,Health Care Equipment,133.02,138.95,110.09,133.56,133.56,133.64,132.09,128.84,0.0,2.8,136.74,130.52
ABBV,AbbVie,Health Care,Biotechnology,232.83,244.38,160.57,235.57,229.17,224.31,212.08,192.98,0.2,3.05,239.93,208.69
ACN,Accenture,Information Technology,IT Consulting & Other Services,251.23,394.31,232.56,246.55,243.7,241.67,248.84,304.2,0.0,-0.18,250.78,232.58
ADBE,Adobe Inc.,Information Technology,Application Software,348.31,552.96,333.65,348.08,352.04,354.58,352.67,391.64,0.1,5.7,368.16,340.98
AMD,Advanced Micro Devices,Information Technology,Semiconductors,211.51,211.51,78.21,182.73,171.84,165.45,167.51,128.84,-0.2,-8.17,194.23,136.65
AES,AES Corporation,Utilities,Independent Power Producers & Energy Traders,14.4,17.85,9.5,14.58,13.89,13.39,13.23,11.65,0.0,3.33,14.88,11.91
AFL,Aflac,Financials,Life & Health Insurance,112.93,113.07,97.56,111.93,111.29,109.74,106.52,104.53,0.2,0.42,113.4,106.08
A,Agilent Technologies,Health Care,Life Sciences Tools & Services,138.56,151.65,98.88,139.82,131.99,128.86,123.25,122.47,0.2,2.48,142.0,115.73
APD,Air Products,Materials,Industrial Gases,270.89,331.69,245.41,270.52,269.18,277.97,284.57,286.16,0.0,9.7,297.17,258.79
ABNB,Airbnb,Consumer Discretionary,"Hotels, Resorts & Cruise Lines",119.85,161.42,105.69,120.85,121.71,122.64,125.21,129.84,0.0,5.38,126.3,118.98
AKAM,Akamai Technologies,Information Technology,Internet Services & Infrastructure,76.6,106.67,68.21,77.29,76.61,76.64,76.3,81.92,-0.1,2.61,78.6,74.68
ALB,Albemarle Corporation,Materials,Specialty Chemicals,90.53,108.94,50.16,88.57,86.53,82.71,79.38,72.86,0.2,2.35,92.66,72.77
ARE,Alexandria Real Estate Equities,Real Estate,Office REITs,78.09,115.36,65.57,81.81,82.54,83.43,79.77,81.74,-0.5,11.29,86.91,79.96
ALGN,Align Technology,Health Care,Health Care Supplies,130.47,241.35,124.88,130.07,128.12,129.9,138.46,176.53,-0.2,3.86,135.51,124.31
ALLE,Allegion,Industrials,Building Products,177.03,179.33,118.08,177.23,176.19,176.38,171.37,143.97,0.2,1.86,180.32,172.45
LNT,Alliant Energy,Utilities,Electric Utilities,68.07,68.12,54.87,67.28,66.73,65.5,65.36,61.65,0.2,0.44,68.37,62.64
ALL,Allstate,Financials,Property & Casualty Insurance,211.79,214.65,177.81,210.43,211.0,206.46,204.8,197.15,0.2,2.7,217.51,195.42
GOOGL,Alphabet Inc. (Class A),Communication Services,Interactive Media & Services,245.76,254.72,144.4,246.43,245.87,247.12,222.97,186.66,0.2,4.07,255.76,238.48
GOOG,Alphabet Inc. (Class C),Communication Services,Interactive Media & Services,247.13,255.24,146.27,247.41,246.65,247.7,223.62,187.99,0.2,3.71,256.3,239.12
MO,Altria,Consumer Staples,Tobacco,66.65,66.65,45.73,65.96,65.76,65.32,64.63,57.15,0.0,0.03,66.67,63.96
AMZN,Amazon,Consumer Discretionary,Broadline Retail,221.78,242.06,167.32,220.78,220.49,225.95,226.41,214.53,0.0,7.19,237.73,214.17
AMCR,Amcor,Materials,Paper & Plastic Packaging Products & Materials,7.96,10.94,7.96,8.15,8.1,8.19,8.66,9.22,0.0,5.9,8.43,7.95
AEE,Ameren,Utilities,Multi-Utilities,104.61,104.88,83.35,103.92,103.12,101.37,100.73,96.33,0.2,0.92,105.57,97.17
AEP,American Electric Power,Utilities,Electric Utilities,118.16,118.16,87.97,114.82,112.22,110.05,111.02,103.43,0.0,-1.48,116.41,103.68
AXP,American Express,Financials,Consumer Finance,327.97,342.31,230.81,329.88,335.55,333.6,319.88,298.32,-0.2,5.85,347.16,320.05
AIG,American International Group,Financials,Multi-line Insurance,84.05,86.75,68.89,81.47,79.68,78.45,79.1,79.21,0.0,-1.76,82.57,74.33
AMT,American Tower,Real Estate,Telecom Tower REITs,186.97,230.32,169.21,189.45,190.82,191.75,198.91,202.08,-0.4,4.93,196.19,187.31
AWK,American Water Works,Utilities,Water Utilities,142.51,150.19,118.87,138.17,137.5,137.25,140.7,137.1,0.2,-1.03,141.04,133.46
AMP,Ameriprise Financial,Financials,Asset Management & Custody Banks,497.79,569.83,419.45,492.17,493.48,492.71,502.11,508.51,0.0,0.73,501.42,484.0
AME,Ametek,Industrials,Electrical Components & Equipment,181.42,196.08,150.9,184.35,185.35,186.84,185.26,179.01,0.0,5.56,191.51,182.16
AMGN,Amgen,Health Care,Biotechnology,295.54,321.88,252.22,296.69,286.3,282.84,286.5,284.79,0.0,1.89,301.13,264.56
APH,Amphenol,Information Technology,Electronic Components,124.53,125.4,58.9,123.68,123.12,121.98,114.43,86.96,0.0,1.56,126.47,117.48
ADI,Analog Devices,Information Technology,Semiconductors,233.75,254.62,163.21,239.84,243.34,244.89,240.33,220.41,-0.2,7.82,252.03,237.75
AON,Aon plc,Financials,Insurance Brokers,366.93,407.61,334.44,363.46,359.0,359.28,363.72,367.27,0.0,1.35,371.88,346.65
APA,APA Corporation,Energy,Oil & Gas Exploration & Production,25.08,25.74,13.62,24.74,24.58,24.07,22.16,19.96,0.0,1.48,25.45,22.69
APO,Apollo Global Management,Financials,Asset Management & Custody Banks,126.05,176.82,107.9,127.16,131.85,136.05,137.5,142.59,-0.2,17.54,148.16,123.93
AAPL,Apple Inc.,Information Technology,"Technology Hardware, Storage & Peripherals",256.48,258.1,172.0,256.75,255.75,247.8,234.39,221.85,0.0,4.63,268.36,227.25
AMAT,Applied Materials,Information Technology,Semiconductor Materials & Equipment,211.56,223.91,126.23,218.87,210.9,195.71,181.01,169.81,0.2,10.29,233.33,158.1
APP,AppLovin,Information Technology,Application Software,631.85,718.54,139.66,657.87,667.19,638.09,521.96,382.9,-0.2,15.41,729.22,546.96
APTV,Aptiv,Consumer Discretionary,Automotive Parts & Equipment,85.26,87.98,47.92,87.06,86.33,85.08,78.43,67.19,0.2,3.88,88.57,81.6
ACGL,Arch Capital Group,Financials,Property & Casualty Insurance,94.1,109.22,84.99,91.13,90.74,90.01,90.16,91.38,0.0,-0.69,93.45,86.58
ADM,Archer Daniels Midland,Consumer Staples,Agricultural Products & Services,62.89,64.21,41.01,60.95,60.79,60.97,60.03,51.39,0.0,0.06,62.93,59.0
ANET,Arista Networks,Information Technology,Communications Equipment,145.29,153.04,64.37,146.8,145.13,145.53,138.37,107.15,0.0,4.72,152.15,138.91
AJG,Arthur J. Gallagher & Co.,Financials,Insurance Brokers,309.81,347.33,274.22,308.91,306.64,301.3,297.42,312.66,-0.1,1.29,313.81,288.79
AIZ,Assurant,Financials,Multi-line Insurance,216.29,225.29,178.36,218.76,217.17,213.66,209.46,202.25,0.2,2.62,221.96,205.36
T,AT&T,Communication Services,Integrated Telecommunication Services,26.16,29.62,20.53,26.73,27.49,28.38,28.5,26.57,-0.2,16.9,30.58,26.17
ATO,Atmos Energy,Utilities,Gas Utilities,174.91,174.91,134.17,170.82,169.17,166.67,164.21,152.67,0.2,-1.06,173.06,160.28
ADSK,Autodesk,Information Technology,Application Software,314.19,326.79,238.84,318.63,319.94,321.03,307.74,292.12,-0.4,4.05,326.91,315.14
ADP,Automatic Data Processing,Industrials,Human Resource & Employment Services,292.94,323.5,273.96,291.26,291.44,291.47,297.53,299.74,-0.2,0.81,295.31,287.64
AZO,AutoZone,Consumer Discretionary,Automotive Retail,4085.93,4354.54,2981.19,4195.42,4205.22,4209.29,4131.85,3711.95,-0.2,6.49,4351.11,4067.42
AVB,AvalonBay Communities,Real Estate,Multi-Family Residential REITs,187.52,229.94,181.07,189.45,190.62,191.25,189.96,201.88,-0.1,3.84,194.72,187.77
AVY,Avery Dennison,Materials,Paper & Plastic Packaging Products & Materials,161.37,216.16,157.86,162.55,161.7,163.39,167.79,175.55,0.2,3.97,167.78,159.01
AXON,Axon Enterprise,Industrials,Aerospace & Defense,714.6,870.97,420.83,716.71,713.62,737.44,756.84,674.99,0.0,10.32,788.35,686.53
BKR,Baker Hughes,Energy,Oil & Gas Equipment & Services,48.58,50.55,34.6,48.58,49.27,48.21,45.78,41.91,0.2,4.67,50.85,45.58
BALL,Ball Corporation,Materials,"Metal, Glass & Plastic Containers",48.54,66.32,44.6,49.87,49.61,49.61,51.86,52.65,0.0,5.69,51.3,47.92
BAC,Bank of America,Financials,Diversified Banks,50.29,52.42,34.0,50.5,51.22,51.22,49.27,44.83,-0.2,4.81,52.71,49.73
BAX,Baxter International,Health Care,Health Care Equipment,22.9,37.0,21.61,23.3,22.79,23.18,23.66,28.9,0.2,7.34,24.58,21.78
BDX,Becton Dickinson,Health Care,Health Care Equipment,192.53,245.13,163.27,192.13,188.31,187.85,188.62,198.89,-0.2,0.84,194.15,181.55
BRK-B,Berkshire Hathaway,Financials,Multi-Sector Holdings,502.3,539.8,442.29,499.04,498.93,495.8,488.08,491.17,-0.1,0.22,503.41,488.18
BBY,Best Buy,Consumer Discretionary,Computer & Electronics Retail,75.23,94.76,54.69,76.33,75.75,74.85,72.32,72.69,-0.1,3.68,78.0,71.7
TECH,Bio-Techne,Health Care,Life Sciences Tools & Services,59.19,78.41,46.59,61.21,56.75,54.5,54.27,57.7,0.1,5.88,62.67,46.33
BIIB,Biogen,Health Care,Biotechnology,152.21,191.56,113.38,155.12,146.49,144.97,138.91,135.36,0.2,4.03,158.34,131.59
BLK,BlackRock,Financials,Asset Management & Custody Banks,1166.23,1179.27,807.61,1161.56,1158.09,1142.76,1128.76,1012.04,0.0,1.47,1183.37,1102.14
BX,Blackstone Inc.,Financials,Asset Management & Custody Banks,164.91,194.8,118.51,166.99,171.09,177.62,173.38,156.62,0.0,16.85,192.7,162.55
XYZ,"Block, Inc.",Financials,Transaction & Payment Processing Services,79.02,98.92,46.53,76.79,75.55,75.54,76.04,70.29,-0.2,0.23,79.2,71.88
BK,BNY Mellon,Financials,Asset Management & Custody Banks,106.93,109.75,70.33,106.63,107.86,107.45,104.75,89.72,0.0,3.39,110.55,104.34
BA,Boeing,Industrials,Aerospace & Defense,221.82,237.38,136.59,218.1,217.33,217.09,224.46,196.08,0.0,0.92,223.86,210.32
BKNG,Booking Holdings,Consumer Discretionary,"Hotels, Resorts & Cruise Lines",5242.0,5805.92,4074.89,5366.89,5444.76,5469.18,5512.47,5151.36,-0.2,7.36,5627.81,5310.38
BSX,Boston Scientific,Health Care,Health Care Equipment,95.9,108.14,83.62,96.4,97.1,98.57,102.57,101.16,-0.2,8.09,103.66,93.49
BMY,Bristol Myers Squibb,Health Care,Pharmaceuticals,44.66,60.79,42.72,45.43,44.51,44.95,45.69,49.97,0.2,5.53,47.13,42.78
AVGO,Broadcom,Information Technology,Semiconductors,336.41,368.94,145.7,336.37,334.96,343.6,319.62,246.93,0.0,9.03,366.79,320.42
BR,Broadridge Financial Solutions,Industrials,Data Processing & Outsourced Services,236.9,265.85,206.47,235.01,235.77,240.93,249.99,238.39,-0.2,7.02,253.53,228.33
BRO,Brown & Brown,Financials,Insurance Brokers,95.55,124.07,90.88,94.23,93.76,93.01,93.97,106.28,0.2,-0.13,95.43,90.6
BF-B,Brown–Forman,Consumer Staples,Distillers & Vintners,27.85,48.21,25.45,27.72,27.42,27.37,28.74,31.38,0.0,0.5,27.99,26.75
BLDR,Builders FirstSource,Industrials,Building Products,126.88,198.25,105.63,127.4,123.22,128.21,133.34,131.69,0.0,14.5,145.28,111.15
BG,Bunge Global,Consumer Staples,Agricultural Products & Services,84.02,95.58,67.23,83.53,82.17,81.33,81.77,77.09,-0.2,1.52,85.3,77.37
BXP,"BXP, Inc.",Real Estate,Office REITs,73.77,85.21,55.53,75.18,74.85,75.39,70.79,67.88,0.0,5.42,77.77,73.01
CHRW,C.H. Robinson,Industrials,Air Freight & Logistics,133.79,137.09,85.99,134.2,133.42,133.44,125.62,103.99,0.2,2.69,137.39,129.49
CDNS,Cadence Design Systems,Information Technology,Application Software,345.48,373.37,231.64,349.06,350.32,353.28,353.33,306.03,0.0,7.55,371.56,334.98
CPT,Camden Property Trust,Real Estate,Multi-Family Residential REITs,103.37,122.47,102.96,104.11,104.99,106.09,106.95,111.87,0.0,5.74,109.3,102.89
CPB,Campbell's Company (The),Consumer Staples,Packaged Foods & Meats,31.11,46.62,29.91,31.51,31.61,32.29,32.21,34.79,0.1,9.39,34.03,30.55
COF,Capital One,Financials,Consumer Finance,213.69,229.74,147.7,213.84,217.62,221.54,218.86,197.12,0.0,8.77,232.43,210.65
CAH,Cardinal Health,Health Care,Health Care Distributors,156.65,167.08,106.36,156.54,154.9,152.36,151.75,142.0,0.0,1.73,159.36,145.36
KMX,CarMax,Consumer Discretionary,Automotive Retail,44.86,89.19,44.86,46.04,46.78,53.1,56.38,68.91,0.0,48.82,66.76,39.45
CCL,Carnival,Consumer Discretionary,"Hotels, Resorts & Cruise Lines",28.71,32.49,16.43,28.72,29.34,30.29,30.34,25.29,0.0,13.62,32.62,27.95
CARR,Carrier Global,Industrials,Building Products,59.18,81.67,55.21,59.4,59.24,60.17,63.75,67.03,0.0,5.47,62.42,57.91
CAT,Caterpillar Inc.,Industrials,Construction Machinery & Heavy Transportation Equipment,486.71,497.85,271.63,490.27,479.94,464.47,439.56,373.72,0.2,4.31,507.69,421.22
CBOE,Cboe Global Markets,Financials,Financial Exchanges & Data,240.9,253.24,189.73,240.07,242.25,238.84,241.54,222.45,-0.2,2.59,247.14,230.54
CBRE,CBRE Group,Real Estate,Real Estate Services,152.69,165.9,113.94,154.91,156.25,160.17,159.63,139.2,0.0,10.42,168.6,151.73
CDW,CDW Corporation,Information Technology,Technology Distributors,155.25,222.56,143.46,158.06,159.36,162.19,164.85,172.35,0.0,9.34,169.75,154.63
COR,Cencora,Health Care,Health Care Distributors,308.71,312.53,217.68,307.42,307.19,300.8,295.27,275.94,0.0,2.64,316.86,284.75
CNC,Centene Corporation,Health Care,Managed Health Care,38.42,72.9,25.21,37.46,36.21,34.33,30.38,49.62,-0.1,0.96,38.79,29.87
CNP,CenterPoint Energy,Utilities,Multi-Utilities,39.43,39.46,27.88,38.84,38.83,38.48,38.23,35.73,0.2,0.18,39.5,37.46
CF,CF Industries,Materials,Fertilizers & Agricultural Chemicals,91.97,101.88,67.67,90.08,90.41,87.96,87.15,85.42,0.0,1.72,93.55,82.37
CRL,Charles River Laboratories,Health Care,Life Sciences Tools & Services,170.1,220.69,99.75,173.64,161.53,157.71,159.53,155.12,0.0,4.3,177.41,138.01
SCHW,Charles Schwab Corporation,Financials,Investment Banking & Brokerage,94.01,98.69,63.47,93.41,94.2,93.65,95.22,85.21,0.0,2.55,96.41,90.88
CHTR,Charter Communications,Communication Services,Cable & Satellite,276.48,427.25,256.57,275.26,272.68,268.06,267.52,345.78,0.1,1.22,279.85,256.26
CVX,Chevron Corporation,Energy,Integrated Oil & Gas,154.91,164.65,130.67,154.09,156.19,157.02,155.57,147.95,0.2,4.25,161.49,152.56
CMG,Chipotle Mexican Grill,Consumer Discretionary,Restaurants,40.95,66.16,38.58,40.72,40.16,39.72,41.39,50.27,0.2,1.29,41.48,37.97
CB,Chubb Limited,Financials,Property & Casualty Insurance,289.24,301.45,256.04,284.47,282.14,278.78,275.46,279.32,-0.1,-0.38,288.14,269.42
CHD,Church & Dwight,Consumer Staples,Household Products,90.01,112.48,85.84,88.62,87.63,89.39,91.76,99.17,-0.2,5.01,94.52,84.25
CI,Cigna,Health Care,Health Care Services,307.14,351.85,260.91,301.95,294.63,295.41,291.99,302.55,0.1,1.08,310.46,280.34
CINF,Cincinnati Financial,Financials,Property & Casualty Insurance,165.69,165.69,125.14,162.9,159.48,156.89,153.58,144.18,0.2,-0.57,164.75,149.04
CTAS,Cintas,Industrials,Diversified Support Services,199.17,227.2,181.05,201.47,202.29,201.65,210.24,207.69,0.0,3.21,205.56,197.73
CSCO,Cisco,Information Technology,Communications Equipment,68.99,71.36,51.19,68.41,67.86,67.53,67.74,62.92,-0.2,0.03,69.01,66.06
C,Citigroup,Financials,Diversified Banks,97.8,103.49,57.29,97.93,100.15,100.53,96.82,80.52,0.0,7.26,104.9,96.17
CFG,Citizens Financial Group,Financials,Regional Banks,53.13,54.0,33.59,53.33,53.29,52.79,50.77,44.26,0.2,2.47,54.44,51.15
CLX,Clorox,Consumer Staples,Household Products,120.49,165.31,116.82,121.46,122.38,122.71,122.39,135.42,0.1,4.65,126.09,119.33
CME,CME Group,Financials,Financial Exchanges & Data,263.6,288.01,211.73,264.32,266.75,263.91,268.92,260.34,0.2,2.94,271.35,256.47
CMS,CMS Energy,Utilities,Multi-Utilities,73.76,74.4,63.54,72.7,72.4,71.64,72.13,70.08,-0.2,0.03,73.78,69.5
KO,Coca-Cola Company (The),Consumer Staples,Soft Drinks & Non-alcoholic Beverages,66.79,72.82,59.48,66.53,66.35,66.52,67.87,67.69,-0.2,0.9,67.39,65.64
CTSH,Cognizant,Information Technology,IT Consulting & Other Services,67.94,89.65,65.92,67.39,67.31,68.14,69.83,76.06,-0.2,3.84,70.55,65.73
COIN,Coinbase,Financials,Financial Exchanges & Data,375.78,419.78,151.47,372.02,347.26,337.4,325.17,275.03,0.2,1.98,383.22,291.59
CL,Colgate-Palmolive,Consumer Staples,Household Products,79.11,99.32,77.45,78.38,79.26,80.56,83.02,87.92,-0.2,6.35,84.13,76.99
CMCSA,Comcast,Communication Services,Cable & Satellite,30.6,43.5,30.4,30.79,31.01,31.52,32.31,34.05,-0.2,7.88,33.01,30.02
CAG,Conagra Brands,Consumer Staples,Packaged Foods & Meats,18.91,28.6,18.04,19.04,18.64,18.73,18.95,22.32,0.0,3.65,19.6,17.86
COP,ConocoPhillips,Energy,Oil & Gas Exploration & Production,95.23,111.14,81.29,94.56,95.31,94.2,94.62,93.58,-0.2,2.46,97.57,90.82
ED,Consolidated Edison,Utilities,Multi-Utilities,100.04,111.42,85.77,98.8,99.09,98.0,99.76,99.59,-0.2,0.69,100.73,95.27
STZ,Constellation Brands,Consumer Staples,Distillers & Vintners,140.14,241.43,131.78,140.1,137.02,136.49,152.58,173.18,0.2,2.75,143.99,128.99
CEG,Constellation Energy,Utilities,Electric Utilities,358.16,364.1,170.52,358.12,345.07,336.21,328.23,284.3,0.2,1.96,365.18,307.23
COO,Cooper Companies (The),Health Care,Health Care Supplies,69.02,108.56,64.32,69.05,68.32,67.63,69.72,79.29,0.0,2.01,70.41,64.85
CPRT,Copart,Industrials,Diversified Support Services,44.23,63.84,44.23,44.69,44.82,45.84,46.84,53.06,-0.2,9.99,48.65,43.02
GLW,Corning Inc.,Information Technology,Electronic Components,85.06,85.34,38.69,83.92,82.03,80.03,71.58,54.08,0.0,0.75,85.7,74.36
CPAY,Corpay,Financials,Transaction & Payment Processing Services,289.02,389.55,283.07,287.89,290.84,298.05,310.36,334.07,0.0,8.88,314.68,281.42
CTVA,Corteva,Materials,Fertilizers & Agricultural Chemicals,65.61,76.93,54.65,63.65,65.84,68.44,70.83,66.28,-0.2,14.37,75.04,61.84
CSGP,CoStar Group,Real Estate,Real Estate Services,80.6,96.83,69.29,82.79,83.37,85.34,88.78,80.55,-0.4,11.69,90.02,80.66
COST,Costco,Consumer Staples,Consumer Staples Merchandise Retail,914.8,1073.97,869.13,915.05,922.23,938.82,952.44,971.01,0.0,6.86,977.56,900.12
CTRA,Coterra,Energy,Oil & Gas Exploration & Production,24.53,29.06,21.94,23.76,23.73,23.88,23.89,25.27,0.0,1.06,24.79,22.96
CRWD,CrowdStrike,Information Technology,Systems Software,484.62,514.1,286.97,493.44,487.69,474.45,447.91,422.59,0.4,8.3,524.84,424.07
CCI,Crown Castle,Real Estate,Telecom Tower REITs,95.14,112.64,81.15,95.15,95.14,94.52,98.25,96.21,0.0,1.44,96.51,92.53
CSX,CSX Corporation,Industrials,Rail Transportation,35.99,36.37,26.47,35.76,35.18,34.03,34.25,31.92,0.0,2.2,36.78,31.28
CMI,Cummins,Industrials,Construction Machinery & Heavy Transportation Equipment,434.17,434.17,264.26,429.32,424.02,418.89,400.64,347.73,0.0,0.87,437.95,399.84
CVS,CVS Health,Health Care,Health Care Services,77.12,77.49,42.33,77.15,76.35,75.45,71.13,63.34,0.0,1.12,77.98,72.92
DHR,Danaher Corporation,Health Care,Life Sciences Tools & Services,208.77,272.73,174.06,211.74,199.46,195.48,200.09,204.22,0.0,3.37,215.81,175.17
DRI,Darden Restaurants,Consumer Discretionary,Restaurants,191.54,224.21,152.57,192.78,190.9,196.33,202.28,199.54,-0.2,13.22,216.86,175.8
DDOG,Datadog,Information Technology,Application Software,154.52,168.65,87.0,153.59,146.79,142.08,137.08,126.69,0.2,1.18,156.34,127.82
DVA,DaVita,Health Care,Health Care Services,131.04,177.35,127.69,131.06,131.35,131.28,134.32,145.08,0.2,2.55,134.38,128.17
DAY,Dayforce,Industrials,Human Resource & Employment Services,68.99,81.8,49.33,68.98,68.92,68.89,64.75,62.01,0.0,0.25,69.16,68.61
DECK,Deckers Brands,Consumer Discretionary,Footwear,97.98,223.11,95.32,101.61,103.55,109.83,110.0,129.52,0.0,26.26,123.71,95.94
DE,Deere & Company,Industrials,Agricultural & Farm Machinery,461.51,527.96,384.05,459.05,461.11,465.32,481.74,477.46,0.0,3.22,476.37,454.25
DELL,Dell Technologies,Information Technology,"Technology Hardware, Storage & Peripherals",150.87,150.87,70.88,146.88,140.39,134.88,132.67,113.2,0.2,0.19,151.16,118.62
DAL,Delta Air Lines,Industrials,Passenger Airlines,56.63,68.45,35.65,57.07,57.14,58.25,58.16,54.2,0.0,7.73,61.01,55.5
DVN,Devon Energy,Energy,Oil & Gas Exploration & Production,34.99,41.79,26.43,34.85,35.22,34.9,34.26,33.25,0.2,4.03,36.4,33.4
DXCM,Dexcom,Health Care,Health Care Equipment,66.03,90.75,59.83,66.39,66.86,70.32,75.66,79.3,-0.2,19.54,78.93,61.71
FANG,Diamondback Energy,Energy,Oil & Gas Exploration & Production,148.91,194.36,117.58,146.44,145.75,142.36,142.59,145.95,-0.2,1.03,150.44,134.28
DLR,Digital Realty,Real Estate,Data Center REITs,175.14,190.11,134.22,174.73,173.15,173.11,169.39,164.45,0.2,0.91,176.73,169.49
DG,Dollar General,Consumer Staples,Consumer Staples Merchandise Retail,96.37,116.32,67.66,99.16,101.16,102.86,107.87,93.92,-0.4,12.29,108.21,97.51
DLTR,Dollar Tree,Consumer Staples,Consumer Staples Merchandise Retail,85.04,117.16,61.21,88.65,91.68,94.28,104.57,87.97,-0.2,19.66,101.76,86.81
D,Dominion Energy,Utilities,Multi-Utilities,60.87,61.53,48.51,61.18,60.9,60.43,59.96,55.39,0.0,1.56,61.82,59.04
DPZ,Domino's,Consumer Discretionary,Restaurants,411.43,493.69,397.61,424.09,427.04,433.13,445.08,453.18,-0.2,10.61,455.08,411.16
DASH,DoorDash,Consumer Discretionary,Specialized Consumer Services,276.78,281.74,142.08,273.49,269.72,265.76,256.85,213.31,0.0,0.72,278.77,252.74
DOV,Dover Corporation,Industrials,Industrial Machinery & Supplies & Components,164.59,204.71,150.28,166.17,166.52,169.57,174.61,180.84,0.0,7.36,176.7,162.44
DOW,Dow Inc.,Materials,Commodity Chemicals,22.5,51.44,20.57,23.3,23.06,23.57,23.33,29.87,0.1,11.69,25.13,22.0
DHI,D. R. Horton,Consumer Discretionary,Homebuilding,161.16,192.41,114.44,170.31,169.05,170.38,166.1,138.77,-0.2,11.47,179.65,161.13
DTE,DTE Energy,Utilities,Multi-Utilities,142.41,142.41,113.22,140.72,140.16,137.9,137.49,130.84,0.2,0.45,143.05,132.75
DUK,Duke Energy,Utilities,Electric Utilities,125.56,125.56,102.96,123.49,123.3,122.41,122.49,116.03,0.0,-0.41,125.05,119.79
DD,DuPont,Materials,Specialty Chemicals,78.88,85.74,54.51,79.73,78.01,77.72,75.46,72.66,0.2,2.45,80.81,74.64
EMN,Eastman Chemical Company,Materials,Specialty Chemicals,62.35,106.16,58.06,63.29,63.0,64.25,65.19,78.99,0.2,8.08,67.39,61.11
ETN,Eaton Corporation,Industrials,Electrical Components & Equipment,370.94,391.62,244.95,375.0,371.89,370.49,362.7,328.25,0.2,2.81,381.36,359.61
EBAY,eBay Inc.,Consumer Discretionary,Broadline Retail,93.04,100.46,56.61,90.59,91.27,90.94,92.49,74.96,0.0,0.97,93.94,87.94
ECL,Ecolab,Materials,Specialty Chemicals,278.99,284.78,224.56,275.81,273.1,270.41,272.43,257.79,-0.2,0.24,279.66,261.17
EIX,Edison International,Utilities,Electric Utilities,53.69,84.75,47.56,54.91,54.92,55.23,54.97,55.46,-0.1,5.44,56.61,53.85
EW,Edwards Lifesciences,Health Care,Health Care Equipment,76.72,81.83,64.54,76.66,76.44,76.1,78.35,74.87,-0.2,2.59,78.71,73.48
EA,Electronic Arts,Communication Services,Interactive Home Entertainment,200.02,202.05,116.08,200.76,193.66,183.02,173.9,150.72,0.0,5.65,211.32,154.71
ELV,Elevance Health,Health Care,Managed Health Care,357.49,499.89,273.17,346.17,333.53,323.26,309.06,366.64,0.1,-1.28,352.91,293.59
EME,Emcor,Industrials,Construction & Engineering,673.08,673.08,341.64,662.54,649.5,641.22,629.07,497.74,0.2,-0.02,672.95,609.53
EMR,Emerson Electric,Industrials,Electrical Components & Equipment,131.49,149.04,93.37,133.05,131.63,132.34,133.69,123.54,0.0,4.13,136.92,127.76
ETR,Entergy,Utilities,Electric Utilities,95.98,97.48,62.67,95.16,93.67,91.43,89.96,83.42,0.2,0.99,96.93,85.92
EOG,EOG Resources,Energy,Oil & Gas Exploration & Production,110.45,134.72,102.81,110.68,113.02,115.61,117.98,119.13,0.0,11.08,122.69,108.54
EPAM,EPAM Systems,Information Technology,IT Consulting & Other Services,149.87,267.63,143.33,152.31,152.51,153.86,159.86,185.17,0.2,5.58,158.23,149.49
EQT,EQT Corporation,Energy,Oil & Gas Exploration & Production,57.16,60.26,35.15,56.46,55.23,52.74,52.16,52.13,0.0,1.73,58.15,47.32
EFX,Equifax,Industrials,Research & Consulting Services,237.99,289.1,204.69,239.64,247.38,252.42,247.74,251.46,0.1,13.57,270.29,234.56
EQIX,Equinix,Real Estate,Data Center REITs,787.08,968.75,731.64,780.44,783.02,786.23,780.6,836.61,-0.3,1.88,801.88,770.54
EQR,Equity Residential,Real Estate,Multi-Family Residential REITs,62.47,74.44,60.55,63.11,63.72,64.25,63.96,66.81,0.1,5.81,66.1,62.4
ERIE,Erie Indemnity,Financials,Insurance Brokers,319.41,533.46,310.72,315.47,314.53,318.84,338.9,371.28,0.2,4.3,333.14,304.53
ESS,Essex Property Trust,Real Estate,Multi-Family Residential REITs,262.08,305.43,249.65,263.67,263.8,263.93,261.46,275.39,0.1,2.13,267.66,260.19
EL,Estée Lauder Companies (The),Consumer Staples,Personal Care Products,92.68,94.9,49.61,88.87,87.76,87.52,89.22,75.2,0.0,-1.54,91.25,83.78
EG,Everest Group,Financials,Reinsurance,364.86,400.34,324.54,357.57,352.34,345.41,340.29,344.37,0.3,-0.23,364.02,326.82
EVRG,Evergy,Utilities,Electric Utilities,77.69,77.69,56.74,76.82,75.65,73.87,72.45,66.92,0.0,0.45,78.04,69.69
ES,Eversource Energy,Utilities,Electric Utilities,72.84,72.84,52.98,72.29,71.05,67.98,65.77,61.17,0.0,3.14,75.13,60.83
EXC,Exelon,Utilities,Electric Utilities,46.79,46.79,35.25,45.57,44.92,44.15,44.22,42.65,-0.2,-1.33,46.17,42.13
EXE,Expand Energy,Energy,Oil & Gas Exploration & Production,109.01,120.67,80.65,108.24,106.75,102.26,98.96,103.24,-0.1,2.65,111.9,92.62
EXPE,Expedia Group,Consumer Discretionary,"Hotels, Resorts & Cruise Lines",216.16,228.24,136.05,218.97,218.5,220.58,209.59,182.4,0.2,5.5,228.05,213.12
EXPD,Expeditors International,Industrials,Air Freight & Logistics,122.28,125.62,102.14,122.81,122.35,122.52,120.51,114.96,0.0,2.63,125.5,119.54
EXR,Extra Space Storage,Real Estate,Self-Storage REITs,142.87,165.33,123.86,141.97,140.75,141.63,140.12,143.83,-0.1,2.52,146.47,136.79
XOM,ExxonMobil,Energy,Integrated Oil & Gas,114.26,121.0,98.11,113.0,113.93,113.56,110.94,108.02,-0.2,1.93,116.47,110.65
FFIV,"F5, Inc.",Information Technology,Communications Equipment,330.76,334.59,213.57,327.84,325.84,326.42,320.07,289.3,0.0,0.72,333.14,319.7
FDS,FactSet,Financials,Financial Exchanges & Data,276.93,490.93,275.01,280.58,283.98,306.7,351.05,421.53,0.0,33.64,370.09,243.29
FICO,Fair Isaac,Information Technology,Application Software,1879.55,2382.4,1311.26,1775.55,1651.01,1595.73,1489.07,1755.66,0.1,-1.7,1847.6,1343.82
FAST,Fastenal,Industrials,Trading Companies & Distributors,47.45,50.39,34.27,47.8,48.1,47.79,48.16,41.54,-0.2,2.99,48.87,46.71
FRT,Federal Realty Investment Trust,Real Estate,Retail REITs,97.6,112.47,81.67,98.88,98.78,99.01,96.67,96.62,0.0,3.15,100.67,97.36
FDX,FedEx,Industrials,Air Freight & Logistics,242.33,298.15,195.55,243.17,239.62,234.08,229.3,235.25,0.1,1.98,247.13,221.03
FIS,Fidelity National Information Services,Financials,Transaction & Payment Processing Services,68.51,89.09,63.37,67.07,65.92,66.0,69.17,74.61,0.2,0.25,68.68,63.32
FITB,Fifth Third Bancorp,Financials,Regional Banks,43.68,46.72,32.73,44.24,44.56,44.85,43.71,40.59,-0.2,4.95,45.84,43.86
FSLR,First Solar,Information Technology,Semiconductors,227.89,232.13,120.38,228.91,225.08,216.98,202.75,167.94,0.2,3.54,235.96,198.01
FE,FirstEnergy,Utilities,Electric Utilities,46.41,46.41,37.17,46.03,45.51,44.48,43.75,40.74,0.0,0.9,46.83,42.13
FI,Fiserv,Financials,Transaction & Payment Processing Services,126.69,237.79,125.05,126.23,127.93,130.3,134.11,180.19,-0.2,7.54,136.24,124.37
F,Ford Motor Company,Consumer Discretionary,Automobile Manufacturers,11.92,12.7,8.45,12.36,12.11,11.88,11.59,10.29,0.4,5.45,12.57,11.2
FTNT,Fortinet,Information Technology,Systems Software,84.92,114.57,74.39,85.71,84.84,83.25,83.1,96.7,-0.1,3.5,87.89,78.61
FTV,Fortive,Industrials,Industrial Machinery & Supplies & Components,49.61,62.32,46.49,49.98,49.22,48.89,48.32,53.29,-0.1,1.63,50.42,47.35
FOXA,Fox Corporation (Class A),Communication Services,Broadcasting,61.51,63.06,40.96,62.1,61.65,60.38,58.77,54.15,0.0,3.89,63.9,56.87
FOX,Fox Corporation (Class B),Communication Services,Broadcasting,55.07,57.29,37.61,55.99,55.64,54.51,53.41,50.03,0.2,4.61,57.61,51.4
BEN,Franklin Resources,Financials,Asset Management & Custody Banks,23.4,25.67,16.21,23.17,23.13,23.58,24.29,21.22,-0.2,5.3,24.64,22.53
FCX,Freeport-McMoRan,Materials,Copper,40.69,50.05,28.93,39.73,38.37,41.78,42.33,39.7,-0.4,20.55,49.05,34.51
GRMN,Garmin,Consumer Discretionary,Consumer Electronics,256.32,257.74,159.13,256.79,248.93,242.78,236.17,214.49,0.0,1.46,260.06,225.49
IT,Gartner,Information Technology,IT Consulting & Other Services,245.27,551.8,225.98,253.43,258.05,254.04,256.58,399.11,0.0,10.1,270.04,238.03
GE,GE Aerospace,Industrials,Aerospace & Defense,301.74,305.26,158.97,299.46,298.31,295.02,281.4,228.99,0.0,2.42,309.04,280.99
GEHC,GE HealthCare,Health Care,Health Care Equipment,74.49,93.39,58.69,75.96,74.59,75.32,74.23,76.62,-0.1,5.73,78.76,71.89
GEV,GE Vernova,Industrials,Heavy Electrical Equipment,606.12,664.55,262.03,603.34,607.57,617.66,622.12,457.51,0.0,6.53,645.7,589.64
GEN,Gen Digital,Information Technology,Systems Software,27.3,32.03,23.31,27.81,28.26,28.62,29.59,28.03,-0.2,8.9,29.73,27.51
GNRC,Generac,Industrials,Electrical Components & Equipment,166.95,202.85,101.92,166.93,166.77,174.73,183.65,148.1,-0.2,15.4,192.66,156.8
GD,General Dynamics,Industrials,Aerospace & Defense,343.43,346.5,239.38,343.07,336.69,330.94,322.99,283.03,0.0,1.11,347.24,314.65
GIS,General Mills,Consumer Staples,Packaged Foods & Meats,50.93,70.68,48.44,50.5,50.32,50.12,49.77,54.55,-0.1,0.53,51.2,49.03
GM,General Motors,Consumer Discretionary,Automobile Manufacturers,57.26,61.34,42.24,59.26,60.01,59.33,57.21,50.93,-0.2,7.81,61.73,56.92
GPC,Genuine Parts Company,Consumer Discretionary,Distributors,136.01,142.77,103.92,138.55,138.31,138.82,136.71,123.41,-0.2,4.32,141.89,135.77
GILD,Gilead Sciences,Health Care,Biotechnology,116.78,119.64,81.99,112.95,112.51,113.03,113.91,106.01,0.2,-0.2,116.55,109.52
GPN,Global Payments,Financials,Transaction & Payment Processing Services,88.1,118.08,67.06,86.96,86.05,85.83,85.22,89.58,-0.1,0.37,88.43,83.23
GL,Globe Life,Financials,Life & Health Insurance,135.64,146.27,102.63,137.42,140.31,141.55,140.26,125.53,0.0,8.91,147.73,135.39
GDDY,GoDaddy,Information Technology,Internet Services & Infrastructure,135.27,214.35,132.18,134.73,137.8,141.62,145.56,174.71,-0.2,11.7,151.1,132.14
GS,Goldman Sachs,Financials,Investment Banking & Brokerage,789.65,806.32,457.48,788.26,793.15,792.68,755.54,637.48,0.2,2.91,812.63,772.72
HAL,Halliburton,Energy,Oil & Gas Equipment & Services,24.28,31.1,18.96,24.45,24.6,23.57,22.39,22.96,0.1,6.47,25.85,21.29
HIG,Hartford (The),Financials,Property & Casualty Insurance,133.81,134.7,105.0,133.3,132.71,131.99,130.42,121.3,0.0,0.31,134.22,129.75
HAS,Hasbro,Consumer Discretionary,Leisure Products,74.83,81.85,49.75,75.2,75.42,75.67,77.49,66.02,0.2,5.05,78.61,72.72
HCA,HCA Healthcare,Health Care,Health Care Facilities,437.57,437.57,294.93,430.68,425.11,413.65,399.56,355.37,0.0,0.39,439.28,388.03
DOC,Healthpeak Properties,Real Estate,Health Care REITs,19.14,21.7,16.44,19.22,19.04,18.65,17.82,18.21,0.1,2.4,19.6,17.69
HSIC,Henry Schein,Health Care,Health Care Distributors,64.88,81.91,62.7,65.92,66.14,67.28,67.75,70.44,0.0,7.85,69.97,64.58
HSY,Hershey Company (The),Consumer Staples,Packaged Foods & Meats,194.39,195.18,141.22,192.51,189.8,189.33,185.52,168.85,0.0,0.96,196.26,182.4
HPE,Hewlett Packard Enterprise,Information Technology,"Technology Hardware, Storage & Peripherals",24.91,25.24,12.35,24.71,24.49,24.61,22.79,19.6,0.0,1.41,25.26,23.96
HLT,Hilton Worldwide,Consumer Discretionary,"Hotels, Resorts & Cruise Lines",258.64,278.5,201.05,258.58,260.08,265.18,268.26,252.47,-0.2,7.27,277.44,252.92
HOLX,Hologic,Health Care,Health Care Equipment,67.73,83.72,52.73,67.65,67.23,66.67,67.01,64.64,0.0,2.6,69.49,63.85
HD,Home Depot (The),Consumer Discretionary,Home Improvement Retail,386.81,423.6,331.29,392.65,400.25,408.96,401.24,378.47,0.0,11.37,430.79,387.11
HON,Honeywell,Industrials,Industrial Conglomerates,208.98,239.16,180.99,209.64,209.25,210.16,214.8,215.68,0.0,2.18,213.54,206.79
HRL,Hormel Foods,Consumer Staples,Packaged Foods & Meats,24.0,32.6,24.0,24.48,24.56,24.71,26.51,28.83,-0.2,5.54,25.33,24.09
HST,Host Hotels & Resorts,Real Estate,Hotel & Resort REITs,16.43,18.04,12.39,16.82,17.0,17.17,16.56,15.6,-0.4,7.79,17.71,16.62
HWM,Howmet Aerospace,Industrials,Aerospace & Defense,191.46,196.23,99.44,191.42,191.85,190.11,182.69,153.75,0.2,2.75,196.73,183.49
HPQ,HP Inc.,Information Technology,"Technology Hardware, Storage & Peripherals",26.55,37.77,21.42,26.6,26.82,27.47,26.96,27.53,-0.1,8.85,28.9,26.04
HUBB,Hubbell Incorporated,Industrials,Industrial Machinery & Supplies & Components,412.93,466.13,313.96,418.57,422.64,430.96,431.34,396.39,0.0,9.34,451.5,410.44
HUM,Humana,Health Care,Managed Health Care,295.25,310.91,219.64,275.51,266.25,266.64,274.94,258.92,0.2,-0.52,293.71,239.57
HBAN,Huntington Bancshares,Financials,Regional Banks,16.76,17.87,12.26,16.95,17.15,17.34,16.99,15.86,0.0,6.8,17.9,16.77
HII,Huntington Ingalls Industries,Industrials,Aerospace & Defense,285.38,288.49,156.78,285.27,282.13,278.23,271.88,225.21,0.2,1.3,289.09,267.39
IBM,IBM,Information Technology,IT Consulting & Other Services,293.87,293.87,199.27,288.97,284.01,272.76,256.41,251.88,0.0,1.68,298.81,246.71
IEX,IDEX Corporation,Industrials,Industrial Machinery & Supplies & Components,165.8,233.54,157.53,165.83,163.45,162.37,163.41,181.44,0.0,0.9,167.29,157.44
IDXX,Idexx Laboratories,Health Care,Health Care Equipment,627.28,682.78,361.04,628.04,628.72,637.31,635.35,507.02,0.2,4.9,658.02,616.62
ITW,Illinois Tool Works,Industrials,Industrial Machinery & Supplies & Components,255.75,271.83,215.75,259.43,259.02,260.15,259.82,250.38,0.0,3.23,264.01,256.31
INCY,Incyte,Health Care,Biotechnology,87.17,87.23,55.17,86.85,85.14,85.03,83.66,71.12,0.2,1.2,88.22,81.84
IR,Ingersoll Rand,Industrials,Industrial Machinery & Supplies & Components,81.35,105.27,66.72,83.28,82.53,81.37,80.22,82.97,0.1,4.3,84.85,77.88
PODD,Insulet Corporation,Health Care,Health Care Equipment,313.45,352.82,227.79,309.9,315.65,326.04,320.81,290.25,0.0,12.22,351.75,300.32
INTC,Intel,Information Technology,Semiconductors,37.17,37.3,18.13,36.77,35.26,30.96,26.04,22.56,0.0,9.15,40.57,21.35
IBKR,Interactive Brokers,Financials,Investment Banking & Brokerage,69.35,70.95,35.97,69.81,68.22,65.92,64.52,53.34,0.0,3.33,71.66,60.19
ICE,Intercontinental Exchange,Financials,Financial Exchanges & Data,161.98,187.92,141.62,161.46,164.68,168.11,175.44,169.54,-0.2,9.22,176.91,159.3
IFF,International Flavors & Fragrances,Materials,Specialty Chemicals,61.02,103.8,59.9,61.43,61.2,62.42,64.89,74.62,0.0,7.44,65.56,59.27
IP,International Paper,Materials,Paper & Plastic Packaging Products & Materials,45.94,58.45,43.05,46.38,46.13,46.25,47.29,49.53,0.2,2.85,47.25,45.26
IPG,Interpublic Group of Companies (The),Communication Services,Advertising,27.24,30.52,22.33,26.66,26.69,26.41,25.99,25.42,0.2,0.88,27.48,25.33
INTU,Intuit,Information Technology,Application Software,657.99,807.39,542.39,673.88,683.27,676.25,698.2,665.18,-0.2,8.14,711.55,640.95
ISRG,Intuitive Surgical,Health Care,Health Care Equipment,440.94,610.45,433.66,444.81,443.37,442.91,462.02,516.48,0.0,3.34,455.67,430.14
IVZ,Invesco,Financials,Asset Management & Custody Banks,24.1,24.13,11.86,23.79,23.22,22.8,21.89,17.32,0.2,0.0,24.1,21.51
INVH,Invitation Homes,Real Estate,Single-Family Residential REITs,28.14,34.81,28.14,28.54,28.81,29.17,29.8,31.53,-0.4,7.21,30.17,28.16
IQV,IQVIA,Health Care,Life Sciences Tools & Services,200.86,236.69,137.0,204.13,192.88,190.09,188.22,177.02,0.2,3.47,207.83,172.35
IRM,Iron Mountain,Real Estate,Other Specialized REITs,105.89,124.18,75.72,104.52,102.79,101.27,95.63,94.86,0.2,0.96,106.91,95.63
JBHT,J.B. Hunt,Industrials,Cargo Ground Transportation,140.0,195.43,123.94,137.3,135.52,135.52,140.29,148.7,0.0,1.19,141.67,129.37
JBL,Jabil,Information Technology,Electronic Manufacturing Services,202.62,234.45,116.78,210.48,215.27,216.49,215.55,177.33,0.2,14.86,232.73,200.26
JKHY,Jack Henry & Associates,Financials,Transaction & Payment Processing Services,149.63,189.99,146.26,147.24,148.56,152.57,159.0,171.15,0.0,8.73,162.69,142.45
J,Jacobs Solutions,Industrials,Construction & Engineering,155.31,155.31,109.18,154.28,151.13,149.45,147.23,132.21,0.2,0.26,155.71,143.18
JNJ,Johnson & Johnson,Health Care,Pharmaceuticals,188.89,188.89,138.72,187.54,183.89,180.17,176.38,158.72,0.0,0.6,190.02,170.32
JCI,Johnson Controls,Industrials,Building Products,108.31,111.73,70.88,108.85,108.17,108.09,106.78,93.39,0.0,1.66,110.11,106.07
JPM,JPMorgan Chase,Financials,Diversified Banks,307.69,314.53,206.38,308.13,310.71,309.41,299.67,266.5,0.2,2.99,316.89,301.91
K,Kellanova,Consumer Staples,Packaged Foods & Meats,82.9,82.9,76.96,82.68,80.94,79.71,79.51,80.16,-0.1,1.45,84.1,75.31
KVUE,Kenvue,Consumer Staples,Personal Care Products,16.22,24.0,15.69,15.86,16.13,17.15,19.44,21.29,-0.2,19.67,19.41,14.89
KDP,Keurig Dr Pepper,Consumer Staples,Soft Drinks & Non-alcoholic Beverages,25.33,35.85,25.3,25.56,25.6,26.18,29.7,31.84,0.2,8.72,27.54,24.82
KEY,KeyCorp,Financials,Regional Banks,18.41,19.23,12.92,18.51,18.66,18.79,18.47,16.74,0.2,4.62,19.26,18.32
KEYS,Keysight Technologies,Information Technology,Electronic Equipment & Instruments,170.07,185.11,127.02,173.0,173.33,173.71,168.18,161.73,0.0,5.0,178.57,168.86
KMB,Kimberly-Clark,Consumer Staples,Household Products,122.33,144.6,120.54,122.26,122.62,124.29,127.9,130.62,-0.2,5.22,128.72,119.86
KIM,Kimco Realty,Real Estate,Retail REITs,21.37,24.65,18.27,21.45,21.55,21.84,21.65,21.1,0.2,5.47,22.54,21.14
KMI,Kinder Morgan,Energy,Oil & Gas Storage & Transportation,28.01,30.24,22.33,28.18,28.16,27.8,27.29,27.1,0.2,2.11,28.6,27.0
KKR,KKR & Co.,Financials,Asset Management & Custody Banks,124.72,166.38,92.52,126.27,130.34,137.85,140.14,132.54,-0.2,24.01,154.67,121.03
KLAC,KLA Corporation,Information Technology,Semiconductor Materials & Equipment,1084.74,1139.71,573.9,1118.83,1092.89,1049.41,956.11,801.95,0.2,7.57,1166.85,931.97
KHC,Kraft Heinz,Consumer Staples,Packaged Foods & Meats,25.42,34.07,25.24,25.82,25.94,26.07,26.73,27.6,0.0,5.66,26.86,25.29
KR,Kroger,Consumer Staples,Food Retail,66.88,73.97,54.1,66.17,66.12,66.32,68.55,66.64,0.0,1.97,68.2,64.43
LHX,L3Harris,Industrials,Aerospace & Defense,301.43,305.41,191.79,299.68,296.76,289.41,279.6,236.82,0.2,1.84,306.98,271.85
LH,Labcorp,Health Care,Health Care Services,279.62,287.06,209.65,278.02,279.6,278.27,273.71,250.18,0.0,1.73,284.46,272.09
LRCX,Lam Research,Information Technology,Semiconductor Materials & Equipment,140.35,149.15,58.83,145.02,137.49,129.57,112.12,88.67,0.2,8.02,151.61,107.52
LW,Lamb Weston,Consumer Staples,Packaged Foods & Meats,63.31,80.72,47.73,62.75,58.93,57.5,56.24,55.11,0.2,1.12,64.02,50.98
LVS,Las Vegas Sands,Consumer Discretionary,Casinos & Gaming,51.8,57.71,30.35,52.97,53.4,53.37,53.8,45.44,0.0,7.36,55.61,51.13
LDOS,Leidos,Industrials,Diversified Support Services,197.0,199.29,125.82,195.03,190.44,187.56,180.34,154.14,0.0,0.25,197.49,177.63
LEN,Lennar,Consumer Discretionary,Homebuilding,122.14,180.59,101.84,127.03,126.46,129.22,128.66,119.34,0.2,14.16,139.44,119.01
LII,Lennox International,Industrials,Building Products,542.03,672.47,505.24,545.99,533.53,539.31,566.33,580.71,-0.2,4.46,566.2,512.44
LLY,Lilly (Eli),Health Care,Pharmaceuticals,843.63,925.78,624.28,834.76,784.43,770.02,737.3,782.03,-0.1,0.72,849.7,690.36
LIN,Linde plc,Materials,Industrial Gases,470.37,483.59,408.92,468.39,471.58,474.74,473.65,456.26,0.2,2.94,484.2,465.26
LYV,Live Nation Entertainment,Communication Services,Movies & Entertainment,155.33,174.06,110.82,156.63,159.68,164.26,161.37,144.07,0.0,13.24,175.9,152.63
LKQ,LKQ Corporation,Consumer Discretionary,Distributors,29.97,43.02,28.96,30.86,30.58,31.09,30.96,36.71,0.3,9.18,32.72,29.45
LMT,Lockheed Martin,Industrials,Aerospace & Defense,511.07,597.79,407.77,505.63,497.74,485.88,457.4,457.44,-0.1,0.67,514.49,457.28
L,Loews Corporation,Financials,Multi-line Insurance,102.99,102.99,76.27,101.77,100.75,98.89,96.41,89.34,0.0,0.15,103.14,94.65
LOW,Lowe's,Consumer Discretionary,Home Improvement Retail,239.89,278.66,209.46,244.65,249.78,258.61,253.73,237.34,0.2,16.32,279.04,238.17
LULU,Lululemon Athletica,Consumer Discretionary,"Apparel, Accessories & Luxury Goods",173.17,421.16,159.87,175.73,176.32,171.23,186.21,281.13,0.2,6.23,183.96,158.51
LYB,LyondellBasell,Materials,Specialty Chemicals,49.13,89.15,47.21,49.01,49.3,51.15,52.57,60.72,-0.2,13.19,55.61,46.69
MTB,M&T Bank,Financials,Regional Banks,189.58,215.8,154.27,193.01,195.93,197.33,194.54,185.43,0.0,7.41,203.63,191.03
MPC,Marathon Petroleum,Energy,Oil & Gas Refining & Marketing,191.54,198.69,117.23,192.55,194.02,189.03,177.36,156.74,0.0,4.63,200.41,177.66
MAR,Marriott International,Consumer Discretionary,"Hotels, Resorts & Cruise Lines",267.45,302.22,210.04,267.0,264.95,264.99,264.99,263.53,-0.2,1.34,271.03,258.95
MMC,Marsh McLennan,Financials,Insurance Brokers,203.84,242.13,195.27,201.26,200.08,198.84,202.02,216.42,0.2,-0.04,203.76,193.92
MLM,Martin Marietta Materials,Materials,Construction Materials,629.61,636.11,451.25,629.68,622.85,619.85,611.19,545.2,0.2,1.26,637.54,602.18
MAS,Masco,Industrials,Building Products,68.53,84.25,58.18,69.78,70.19,71.55,71.8,69.06,-0.2,9.32,74.92,68.17
MA,Mastercard,Financials,Transaction & Payment Processing Services,579.84,598.96,478.51,578.04,572.84,578.48,580.0,555.88,0.0,2.67,595.32,561.61
MTCH,Match Group,Communication Services,Interactive Media & Services,33.1,38.56,26.72,34.09,34.95,36.2,36.39,32.44,-0.2,18.43,39.2,33.21
MKC,McCormick & Company,Consumer Staples,Packaged Foods & Meats,65.62,83.73,64.3,67.73,66.79,66.79,68.84,73.85,0.0,6.6,69.95,63.63
MCD,McDonald's,Consumer Discretionary,Restaurants,296.32,317.67,275.0,298.75,301.25,302.61,305.7,300.47,-0.4,4.1,308.47,296.77
MCK,McKesson Corporation,Health Care,Health Care Distributors,750.13,772.54,481.54,750.65,754.53,729.9,704.33,673.07,0.0,4.78,785.99,673.86
MDT,Medtronic,Health Care,Health Care Equipment,98.33,98.43,78.03,96.95,95.82,95.06,93.19,87.89,0.2,-0.25,98.08,92.04
MRK,Merck & Co.,Health Care,Pharmaceuticals,87.61,107.55,72.03,89.05,84.36,82.99,82.49,84.17,0.1,3.58,90.75,75.23
META,Meta Platforms,Communication Services,Interactive Media & Services,713.08,789.47,483.96,716.74,731.48,748.39,752.27,667.15,-0.2,11.12,792.37,704.4
MET,MetLife,Financials,Life & Health Insurance,82.75,86.38,67.4,82.15,81.77,80.78,79.16,78.95,0.0,0.71,83.34,78.21
MTD,Mettler Toledo,Health Care,Life Sciences Tools & Services,1309.12,1465.25,970.15,1311.76,1263.4,1265.36,1273.84,1218.64,-0.2,2.38,1340.28,1190.43
MGM,MGM Resorts,Consumer Discretionary,Casinos & Gaming,33.12,41.99,25.79,34.08,34.62,34.97,36.04,34.05,-0.2,10.45,36.58,33.36
MCHP,Microchip Technology,Information Technology,Semiconductors,64.96,76.79,34.83,65.67,65.17,65.06,65.43,59.02,0.2,2.88,66.83,63.28
MU,Micron Technology,Information Technology,Semiconductors,185.69,190.96,64.62,186.03,173.67,166.14,137.74,107.24,0.0,3.57,192.32,139.96
MSFT,Microsoft,Information Technology,Systems Software,523.98,534.76,353.33,521.07,516.65,513.11,513.2,451.56,0.0,0.5,526.6,499.61
MAA,Mid-America Apartment Communities,Real Estate,Multi-Family Residential REITs,136.22,167.59,136.0,136.64,138.03,139.57,141.41,150.59,-0.2,5.54,143.77,135.37
MRNA,Moderna,Health Care,Biotechnology,27.34,60.2,23.51,27.87,26.55,25.77,26.23,30.23,-0.2,4.57,28.59,22.95
MHK,Mohawk Industries,Consumer Discretionary,Home Furnishings,122.58,161.25,97.99,127.23,127.52,130.57,128.52,116.25,0.0,13.53,139.17,121.98
MOH,Molina Healthcare,Health Care,Managed Health Care,203.26,353.24,152.31,198.57,194.91,187.29,175.3,265.04,0.1,0.78,204.85,169.74
TAP,Molson Coors Beverage Company,Consumer Staples,Brewers,46.18,61.78,44.09,46.09,45.6,46.37,48.55,53.07,-0.2,6.47,49.17,43.56
MDLZ,Mondelez International,Consumer Staples,Packaged Foods & Meats,62.6,70.19,54.9,62.4,62.54,62.4,62.2,63.12,0.1,1.9,63.79,61.02
MPWR,Monolithic Power Systems,Information Technology,Semiconductors,945.49,945.49,453.43,926.27,911.17,891.26,847.07,692.24,0.2,1.23,957.12,825.36
MNST,Monster Beverage,Consumer Staples,Soft Drinks & Non-alcoholic Beverages,68.15,68.15,46.16,67.53,66.39,65.42,63.58,58.51,0.0,0.56,68.53,62.31
MCO,Moody's Corporation,Financials,Financial Exchanges & Data,488.43,524.53,395.22,483.78,480.04,489.71,502.26,481.47,-0.2,6.24,518.91,460.52
MS,Morgan Stanley,Financials,Investment Banking & Brokerage,155.97,161.16,98.35,156.77,158.09,157.92,150.69,132.29,0.2,3.75,161.82,154.02
MOS,Mosaic Company (The),Materials,Fertilizers & Agricultural Chemicals,35.41,37.55,22.47,34.77,34.93,34.38,33.55,30.51,0.2,1.04,35.78,32.98
MSI,Motorola Solutions,Information Technology,Communications Equipment,458.5,499.65,392.79,454.7,455.23,466.64,461.69,438.18,0.0,7.08,490.96,442.33
MSCI,MSCI Inc.,Financials,Financial Exchanges & Data,569.11,630.0,503.37,561.48,564.02,567.36,563.45,565.35,-0.1,2.57,583.74,550.99
NDAQ,"Nasdaq, Inc.",Financials,Financial Exchanges & Data,88.44,96.67,66.01,87.69,87.7,89.81,92.87,83.26,-0.2,7.77,95.31,84.32
NTAP,NetApp,Information Technology,"Technology Hardware, Storage & Peripherals",117.99,128.5,75.4,118.93,119.3,121.56,114.28,105.56,0.2,7.37,126.69,116.43
NFLX,Netflix,Communication Services,Movies & Entertainment,1191.06,1339.13,687.65,1168.22,1186.93,1201.04,1206.79,1096.43,-0.2,4.81,1248.35,1153.73
NEM,Newmont,Materials,Gold,86.95,88.51,36.49,86.94,85.59,82.94,75.0,55.58,0.0,2.88,89.45,76.43
NWSA,News Corp (Class A),Communication Services,Publishing,27.38,31.03,23.89,28.26,29.39,29.69,29.46,28.24,-0.2,15.81,31.71,27.67
NWS,News Corp (Class B),Communication Services,Publishing,30.89,35.06,26.86,31.91,32.92,32.97,33.38,32.19,-0.2,13.08,34.93,31.01
NEE,NextEra Energy,Utilities,Multi-Utilities,83.21,83.21,63.11,80.45,77.83,74.52,73.18,70.42,0.2,-0.9,82.46,66.58
NKE,"Nike, Inc.",Consumer Discretionary,"Apparel, Accessories & Luxury Goods",68.91,82.12,52.64,72.16,70.98,71.73,74.09,69.13,0.0,9.26,75.29,68.18
NI,NiSource,Utilities,Multi-Utilities,43.59,44.17,32.78,43.55,43.1,41.84,41.98,39.33,0.0,2.57,44.71,38.97
NDSN,Nordson Corporation,Industrials,Industrial Machinery & Supplies & Components,230.85,260.48,166.29,231.84,228.52,226.89,221.52,209.57,0.2,1.28,233.8,219.97
NSC,Norfolk Southern,Industrials,Rail Transportation,295.86,300.41,204.09,298.53,297.8,289.07,283.14,251.38,0.2,4.46,309.06,269.09
NTRS,Northern Trust,Financials,Asset Management & Custody Banks,132.45,134.6,83.34,132.3,132.42,131.26,129.1,111.39,-0.2,1.86,134.91,127.59
NOC,Northrop Grumman,Industrials,Aerospace & Defense,621.63,621.63,427.78,612.02,603.0,589.99,585.68,509.99,0.2,-0.06,621.26,558.75
NCLH,Norwegian Cruise Line Holdings,Consumer Discretionary,"Hotels, Resorts & Cruise Lines",23.9,29.07,15.5,24.22,24.57,25.17,24.84,22.32,0.2,11.76,26.71,23.62
NRG,NRG Energy,Utilities,Independent Power Producers & Energy Traders,162.61,173.91,83.06,164.41,164.65,164.61,157.55,128.78,0.0,4.67,170.2,159.03
NUE,Nucor,Materials,Steel,135.8,164.83,102.37,136.77,136.24,137.43,140.87,127.81,0.0,5.93,143.85,131.01
NVDA,Nvidia,Information Technology,Semiconductors,185.04,188.89,94.3,186.87,183.56,180.29,178.5,143.58,0.0,2.81,190.24,170.34
NVR,"NVR, Inc.",Consumer Discretionary,Homebuilding,7840.11,9924.4,6700.0,8038.99,8030.08,8119.42,8081.67,7617.84,0.2,7.83,8453.99,7784.58
NXPI,NXP Semiconductors,Information Technology,Semiconductors,219.58,250.84,152.09,226.5,226.69,224.36,223.61,209.88,0.0,5.67,232.03,216.69
ORLY,O’Reilly Automotive,Consumer Discretionary,Automotive Retail,101.85,107.82,76.44,104.12,105.01,105.08,103.69,92.75,-0.2,6.41,108.38,101.78
OXY,Occidental Petroleum,Energy,Oil & Gas Exploration & Production,45.33,54.77,35.72,45.51,46.42,46.41,45.43,44.92,0.2,6.99,48.5,44.33
ODFL,Old Dominion,Industrials,Cargo Ground Transportation,141.36,230.37,138.59,141.07,140.72,142.17,146.82,164.19,-0.2,4.62,147.89,136.45
OMC,Omnicom Group,Communication Services,Advertising,79.76,101.86,68.6,78.03,78.08,77.2,76.11,76.73,-0.1,0.74,80.35,74.06
ON,ON Semiconductor,Information Technology,Semiconductors,48.17,74.7,31.95,48.98,49.48,49.63,50.13,49.59,0.0,7.68,51.87,47.38
OKE,Oneok,Energy,Oil & Gas Storage & Transportation,72.45,112.93,71.36,72.7,73.06,72.88,74.36,84.89,0.2,2.22,74.06,71.71
ORCL,Oracle Corporation,Information Technology,Application Software,284.24,328.33,122.56,287.95,288.7,298.64,264.49,194.69,0.2,14.81,326.34,270.94
OTIS,Otis Worldwide,Industrials,Industrial Machinery & Supplies & Components,90.4,104.22,84.52,91.47,90.86,90.06,88.17,94.12,0.3,2.3,92.48,87.63
PCAR,Paccar,Industrials,Construction Machinery & Heavy Transportation Equipment,96.68,113.98,85.82,98.02,98.12,99.29,98.85,98.51,0.2,6.98,103.43,95.14
PKG,Packaging Corporation of America,Materials,Paper & Plastic Packaging Products & Materials,210.55,242.86,173.82,213.7,214.71,213.78,207.24,201.9,0.2,3.37,217.65,209.92
PLTR,Palantir Technologies,Information Technology,Application Software,182.17,187.05,38.89,181.35,180.43,176.89,169.84,122.62,-0.2,3.92,189.31,164.47
PANW,Palo Alto Networks,Information Technology,Systems Software,211.04,212.58,152.44,209.38,205.98,204.14,190.77,187.95,0.2,0.83,212.79,195.47
PSKY,Paramount Skydance Corporation,Communication Services,Movies & Entertainment,18.51,19.73,10.05,18.85,18.96,18.5,15.62,12.52,0.2,10.53,20.46,16.54
PH,Parker Hannifin,Industrials,Industrial Machinery & Supplies & Components,750.68,769.67,514.56,758.14,754.7,756.24,746.84,673.64,0.0,2.61,770.27,742.17
PAYX,Paychex,Industrials,Human Resource & Employment Services,127.02,158.58,123.42,124.69,126.19,129.12,134.98,143.14,-0.2,7.14,136.09,122.15
PAYC,Paycom,Industrials,Human Resource & Employment Services,203.71,265.28,158.91,201.28,208.25,213.58,220.79,222.65,-0.2,12.67,229.52,197.64
PYPL,PayPal,Financials,Transaction & Payment Processing Services,74.61,91.81,57.41,70.15,68.94,68.17,68.63,72.81,0.0,-3.44,72.04,64.31
PNR,Pentair,Industrials,Industrial Machinery & Supplies & Components,110.66,112.59,75.76,111.56,110.53,110.56,107.77,98.75,0.0,1.97,112.84,108.27
PEP,PepsiCo,Consumer Staples,Soft Drinks & Non-alcoholic Beverages,140.79,169.55,125.83,141.58,141.11,141.44,143.4,140.06,0.0,2.24,143.94,138.94
PFE,Pfizer,Health Care,Pharmaceuticals,26.27,28.21,20.83,26.87,25.51,24.84,24.75,24.25,0.2,4.15,27.36,22.31
PCG,PG&E Corporation,Utilities,Multi-Utilities,16.2,21.5,12.98,15.89,15.35,15.22,15.06,15.92,0.1,0.0,16.2,14.24
PM,Philip Morris International,Consumer Staples,Tobacco,154.55,181.86,114.18,155.43,158.66,160.6,163.05,156.39,0.0,8.51,167.7,153.5
PSX,Phillips 66,Energy,Oil & Gas Refining & Marketing,132.37,139.46,91.09,133.57,135.66,133.58,128.6,119.32,0.2,5.17,139.21,127.95
PNW,Pinnacle West Capital,Utilities,Multi-Utilities,91.98,93.78,79.36,89.58,88.26,87.61,89.46,88.78,0.2,-1.45,90.65,84.58
PNC,PNC Financial Services,Financials,Diversified Banks,193.81,209.23,146.94,196.9,199.74,201.5,198.4,184.01,0.0,7.16,207.69,195.32
POOL,Pool Corporation,Consumer Discretionary,Distributors,301.09,385.63,283.92,308.4,308.75,315.82,315.51,317.32,0.1,10.37,332.31,299.33
PPG,PPG Industries,Materials,Specialty Chemicals,101.7,128.23,90.49,103.65,104.04,106.59,108.31,110.61,0.0,10.36,112.24,100.94
PPL,PPL Corporation,Utilities,Electric Utilities,37.49,37.49,30.49,36.87,36.8,36.31,36.18,34.37,0.2,-0.03,37.48,35.14
PFG,Principal Financial Group,Financials,Life & Health Insurance,83.57,87.94,68.21,83.86,83.06,82.37,79.69,78.58,0.0,1.39,84.73,80.02
PG,Procter & Gamble,Consumer Staples,Personal Care Products,152.54,176.3,150.41,152.09,152.47,154.64,155.29,160.88,0.0,5.01,160.18,149.09
PGR,Progressive Corporation,Financials,Property & Casualty Insurance,243.89,290.89,234.8,243.99,243.65,243.87,245.02,258.74,0.0,2.19,249.23,238.49
PLD,Prologis,Real Estate,Industrial REITs,115.97,122.49,88.13,116.55,115.18,114.41,110.6,108.2,0.2,1.41,117.61,111.21
PRU,Prudential Financial,Financials,Life & Health Insurance,103.71,124.75,92.74,103.18,103.38,103.87,104.66,105.78,0.0,2.79,106.6,101.14
PEG,Public Service Enterprise Group,Utilities,Electric Utilities,80.52,91.66,75.92,81.7,82.06,81.92,83.39,81.59,0.0,3.73,83.52,80.32
PTC,PTC Inc.,Information Technology,Application Software,202.26,216.53,136.74,203.14,203.18,204.18,208.05,180.24,-0.2,2.27,206.85,201.51
PSA,Public Storage,Real Estate,Self-Storage REITs,293.53,337.69,260.94,291.54,288.24,286.48,284.73,288.69,0.1,0.64,295.41,277.55
PHM,PulteGroup,Consumer Discretionary,Homebuilding,129.6,147.88,91.67,134.4,132.81,133.32,129.53,111.32,-0.2,7.08,138.78,127.87
PWR,Quanta Services,Industrials,Construction & Engineering,421.51,427.8,236.5,422.4,414.37,400.49,390.78,335.56,0.0,2.51,432.09,368.89
QCOM,Qualcomm,Information Technology,Semiconductors,165.46,174.12,123.21,167.72,168.27,166.49,159.3,154.96,0.2,4.88,173.53,159.45
DGX,Quest Diagnostics,Health Care,Health Care Services,181.89,189.74,144.17,180.22,183.75,182.88,179.4,169.68,0.2,4.07,189.29,176.46
RL,Ralph Lauren Corporation,Consumer Discretionary,"Apparel, Accessories & Luxury Goods",324.77,324.77,181.18,321.5,315.47,313.53,303.36,263.15,0.0,0.06,324.96,302.08
RJF,Raymond James Financial,Financials,Investment Banking & Brokerage,165.64,175.92,122.89,166.49,169.85,170.4,167.51,154.16,0.0,6.95,177.15,163.64
RTX,RTX Corporation,Industrials,Aerospace & Defense,169.27,169.27,112.45,167.7,165.47,161.74,158.45,137.49,0.0,0.73,170.51,152.97
O,Realty Income,Real Estate,Retail REITs,59.63,61.18,49.38,60.09,60.06,59.74,58.42,55.37,0.2,1.91,60.77,58.7
REG,Regency Centers,Real Estate,Retail REITs,71.48,75.5,64.21,71.65,71.74,71.31,71.36,70.69,-0.2,1.86,72.81,69.81
REGN,Regeneron Pharmaceuticals,Health Care,Biotechnology,583.24,1012.19,482.34,593.73,578.81,577.98,572.47,605.7,0.1,4.43,609.08,546.9
RF,Regions Financial Corporation,Financials,Regional Banks,25.73,27.4,17.95,26.08,26.31,26.63,26.18,23.18,-0.2,6.8,27.48,25.79
RSG,Republic Services,Industrials,Environmental & Facilities Services,222.75,256.75,195.95,223.86,225.72,226.37,230.29,232.49,-0.2,3.55,230.66,222.08
RMD,ResMed,Health Care,Health Care Equipment,283.28,293.73,203.67,278.15,274.73,273.73,278.32,248.04,0.0,-0.68,281.35,266.09
RVTY,Revvity,Health Care,Health Care Equipment,91.19,126.65,82.5,92.37,88.53,86.87,88.06,100.11,-0.2,2.95,93.88,79.87
HOOD,Robinhood Markets,Financials,Investment Banking & Brokerage,145.0,148.67,22.89,144.55,137.39,128.59,116.02,72.84,0.0,4.46,151.47,105.71
ROK,Rockwell Automation,Industrials,Electrical Components & Equipment,344.22,357.15,217.21,348.04,346.04,345.65,344.09,302.28,0.2,2.29,352.1,339.2
ROL,"Rollins, Inc.",Industrials,Environmental & Facilities Services,57.98,58.74,45.24,58.29,57.97,57.08,57.28,53.98,-0.2,2.79,59.6,54.57
ROP,Roper Technologies,Information Technology,Electronic Equipment & Instruments,510.57,591.12,494.21,500.46,500.31,504.9,521.55,548.72,-0.2,1.51,518.28,491.5
ROST,Ross Stores,Consumer Discretionary,Apparel Retail,150.34,156.17,122.22,152.95,151.27,149.35,147.21,140.58,0.2,3.29,155.29,143.43
RCL,Royal Caribbean Group,Consumer Discretionary,"Hotels, Resorts & Cruise Lines",314.75,364.72,176.89,316.45,321.0,325.84,329.04,268.63,0.0,8.83,342.54,309.14
SPGI,S&P Global,Financials,Financial Exchanges & Data,481.22,563.17,436.73,479.54,483.86,506.01,532.66,512.24,0.0,16.14,558.89,453.11
CRM,Salesforce,Information Technology,Application Software,239.74,365.66,231.26,240.09,241.28,242.6,245.59,277.25,0.2,4.08,249.52,235.69
SBAC,SBA Communications,Real Estate,Telecom Tower REITs,188.53,244.52,188.53,190.55,192.71,195.57,206.96,215.19,0.2,7.54,202.75,188.4
SLB,Schlumberger,Energy,Oil & Gas Equipment & Services,34.41,44.26,31.43,34.49,34.67,34.84,34.41,36.25,0.1,4.71,36.03,33.65
STX,Seagate Technology,Information Technology,"Technology Hardware, Storage & Peripherals",225.01,256.84,65.98,246.44,235.57,223.29,186.28,124.26,0.2,15.42,259.71,186.87
SRE,Sempra,Utilities,Multi-Utilities,94.01,94.01,62.78,91.29,89.53,86.08,83.12,77.32,0.2,-0.11,93.91,78.25
NOW,ServiceNow,Information Technology,Systems Software,904.24,1170.39,721.65,910.39,920.11,930.3,912.8,951.81,0.1,6.31,961.3,899.31
SHW,Sherwin-Williams,Materials,Specialty Chemicals,337.0,397.11,312.15,341.13,341.98,347.69,354.27,348.34,0.0,7.88,363.56,331.83
SPG,Simon Property Group,Real Estate,Retail REITs,178.92,187.67,136.92,182.82,183.87,182.86,175.76,165.39,-0.2,4.96,187.79,177.92
SWKS,Skyworks Solutions,Information Technology,Semiconductors,74.34,95.47,48.25,76.43,77.99,76.91,74.21,72.21,-0.2,10.79,82.36,71.46
SJM,J.M. Smucker Company (The),Consumer Staples,Packaged Foods & Meats,108.14,116.99,93.48,107.96,108.32,107.77,109.24,107.29,0.0,3.26,111.67,103.89
SW,Smurfit Westrock,Materials,Paper & Plastic Packaging Products & Materials,41.18,55.13,37.46,41.6,42.05,43.19,44.16,45.72,0.0,11.39,45.87,40.5
SNA,Snap-on,Industrials,Industrial Machinery & Supplies & Components,336.84,364.18,278.25,343.84,342.86,338.89,329.8,325.96,-0.2,4.14,350.79,326.99
SOLV,Solventum,Health Care,Health Care Technology,72.16,84.04,63.01,73.52,72.64,73.07,72.78,72.59,0.2,4.39,75.33,70.82
SO,Southern Company,Utilities,Electric Utilities,96.42,96.42,78.98,95.03,94.65,93.35,93.35,88.7,0.4,-0.11,96.31,90.39
LUV,Southwest Airlines,Industrials,Passenger Airlines,32.39,37.49,23.77,32.42,32.43,32.22,31.53,31.31,0.2,2.78,33.29,31.14
SWK,Stanley Black & Decker,Industrials,Industrial Machinery & Supplies & Components,73.19,104.26,54.53,74.12,74.12,75.81,73.63,72.78,0.4,9.13,79.87,71.75
SBUX,Starbucks,Consumer Discretionary,Restaurants,81.29,114.25,78.61,84.19,84.27,83.95,87.03,91.73,0.2,6.91,86.91,80.99
STT,State Street Corporation,Financials,Asset Management & Custody Banks,116.89,116.89,74.25,115.39,114.59,113.02,112.14,98.78,0.2,0.25,117.18,108.86
STLD,Steel Dynamics,Materials,Steel,142.73,151.94,108.4,142.97,140.33,137.93,131.61,127.43,0.2,2.26,145.96,129.92
STE,Steris,Health Care,Health Care Equipment,241.56,252.43,200.94,243.04,244.91,246.86,242.66,229.01,0.0,4.82,253.2,240.51
SYK,Stryker Corporation,Health Care,Health Care Equipment,369.24,402.61,335.89,367.31,368.16,373.25,380.94,377.65,-0.2,4.37,385.38,361.12
SMCI,Supermicro,Information Technology,"Technology Hardware, Storage & Peripherals",55.07,60.71,18.01,53.31,49.91,47.64,47.03,41.39,0.2,-0.93,54.56,40.71
SYF,Synchrony Financial,Financials,Consumer Finance,70.9,76.86,43.38,70.73,72.14,73.83,73.03,63.39,0.2,10.23,78.15,69.51
SNPS,Synopsys,Information Technology,Application Software,477.83,645.35,380.9,477.03,480.32,465.29,554.35,505.15,0.0,10.87,529.77,400.83
SYY,Sysco,Consumer Staples,Food Distributors,79.95,82.73,67.09,81.59,81.44,81.17,80.37,74.57,0.0,3.66,82.88,79.45
TMUS,T-Mobile US,Communication Services,Wireless Telecommunication Services,227.68,270.87,205.36,229.26,233.75,236.58,243.41,241.37,-0.2,7.95,245.78,227.39
TROW,T. Rowe Price,Financials,Asset Management & Custody Banks,105.78,118.63,78.24,103.51,103.38,104.12,104.82,99.23,0.0,0.95,106.78,101.45
TTWO,Take-Two Interactive,Communication Services,Interactive Home Entertainment,260.5,260.5,151.69,257.5,255.12,251.85,239.48,220.25,0.2,0.78,262.53,241.16
TPR,"Tapestry, Inc.",Consumer Discretionary,"Apparel, Accessories & Luxury Goods",115.26,116.14,42.76,115.01,113.0,111.79,107.27,84.91,0.2,2.73,118.41,105.16
TRGP,Targa Resources,Energy,Oil & Gas Storage & Transportation,166.44,213.93,154.92,164.41,167.68,166.73,165.34,175.6,0.1,4.35,173.68,159.77
TGT,Target Corporation,Consumer Staples,Consumer Staples Merchandise Retail,89.27,154.72,86.56,89.18,88.77,88.92,95.15,105.2,0.0,2.25,91.28,86.56
TEL,TE Connectivity,Information Technology,Electronic Manufacturing Services,222.07,222.96,121.04,221.73,219.31,216.74,209.31,166.7,0.2,1.21,224.76,208.74
TDY,Teledyne Technologies,Information Technology,Electronic Equipment & Instruments,588.57,593.62,435.54,585.41,579.95,569.66,555.17,508.85,0.2,1.29,596.16,543.13
TER,Teradyne,Information Technology,Semiconductor Materials & Equipment,140.14,147.87,67.79,143.86,139.27,129.46,118.73,102.42,0.2,9.34,153.23,105.68
TSLA,"Tesla, Inc.",Consumer Discretionary,Automobile Manufacturers,433.09,479.86,213.65,442.33,440.61,423.96,368.56,334.91,0.2,10.02,476.49,371.42
TXN,Texas Instruments,Information Technology,Semiconductors,177.05,219.66,143.34,180.38,181.99,181.48,188.37,184.87,0.0,5.04,185.97,176.99
TPL,Texas Pacific Land Corporation,Energy,Oil & Gas Exploration & Production,959.61,1720.9,853.36,961.32,947.58,932.92,920.45,1155.49,-0.1,2.46,983.22,882.67
TXT,Textron,Industrials,Aerospace & Defense,85.03,90.23,60.69,86.16,84.79,83.74,81.18,76.51,0.2,2.46,87.12,80.36
TMO,Thermo Fisher Scientific,Health Care,Life Sciences Tools & Services,539.17,605.06,389.91,536.43,502.06,490.0,484.23,477.14,0.2,1.28,546.07,433.93
TJX,TJX Companies,Consumer Discretionary,Apparel Retail,142.66,144.54,110.73,142.78,142.7,141.34,136.91,126.74,0.0,1.41,144.67,138.0
TKO,TKO Group Holdings,Communication Services,Movies & Entertainment,197.96,205.33,113.99,198.04,198.81,199.89,188.07,164.63,0.2,3.84,205.56,194.2
TTD,Trade Desk (The),Communication Services,Advertising,53.49,139.51,43.93,51.68,49.78,47.58,56.36,74.07,0.4,-0.52,53.21,41.95
TSCO,Tractor Supply,Consumer Discretionary,Other Specialty Retail,53.71,62.65,47.62,55.28,56.02,57.66,59.13,54.57,-0.2,14.32,61.4,53.93
TT,Trane Technologies,Industrials,Building Products,423.11,471.46,313.81,424.18,418.3,411.96,420.11,393.44,0.0,1.73,430.43,393.47
TDG,TransDigm Group,Industrials,Aerospace & Defense,1284.38,1516.55,1152.5,1295.17,1295.02,1291.2,1324.49,1303.97,0.0,2.23,1313.02,1269.37
TRV,Travelers Companies (The),Financials,Property & Casualty Insurance,284.97,284.97,222.29,281.91,279.39,277.76,271.74,258.22,0.4,-0.16,284.51,271.0
TRMB,Trimble Inc.,Information Technology,Electronic Equipment & Instruments,79.3,85.24,55.12,80.09,80.52,80.96,81.67,73.7,0.0,4.73,83.05,78.87
TFC,Truist Financial,Financials,Diversified Banks,45.2,47.07,33.92,45.47,45.66,45.49,45.01,42.24,0.0,2.39,46.28,44.69
TYL,Tyler Technologies,Information Technology,Application Software,485.73,646.74,485.73,496.73,511.08,524.76,552.42,572.36,-0.2,15.51,561.07,488.47
TSN,Tyson Foods,Consumer Staples,Packaged Foods & Meats,54.21,62.84,51.83,54.39,54.26,54.34,55.09,56.23,-0.2,2.43,55.53,53.15
USB,U.S. Bancorp,Financials,Diversified Banks,47.5,51.35,35.62,47.82,48.2,48.56,47.17,44.39,0.0,4.76,49.76,47.35
UBER,Uber,Industrials,Passenger Ground Transportation,97.8,100.1,59.93,97.54,97.91,97.19,94.18,82.25,0.0,3.19,100.92,93.47
UDR,"UDR, Inc.",Real Estate,Multi-Family Residential REITs,36.13,45.08,36.03,36.37,36.7,37.23,38.13,40.52,-0.2,6.97,38.65,35.81
ULTA,Ulta Beauty,Consumer Discretionary,Other Specialty Retail,556.77,566.91,314.47,558.8,552.15,537.63,525.92,439.94,0.2,2.43,570.3,504.98
UNP,Union Pacific Corporation,Industrials,Rail Transportation,231.86,249.94,205.73,235.07,234.54,226.79,223.4,226.97,0.1,5.15,243.8,209.79
UAL,United Airlines Holdings,Industrials,Passenger Airlines,96.65,110.52,56.15,95.41,97.06,101.42,99.46,88.73,0.0,14.81,110.96,91.87
UPS,United Parcel Service,Industrials,Air Freight & Logistics,85.98,130.93,82.58,85.87,84.76,84.58,85.41,100.27,0.2,0.72,86.6,82.56
URI,United Rentals,Industrials,Trading Companies & Distributors,988.59,988.59,549.5,979.57,961.07,953.68,929.5,753.24,0.4,-0.02,988.39,918.92
UNH,UnitedHealth Group,Health Care,Managed Health Care,363.66,611.98,236.28,356.93,351.66,347.63,309.27,395.38,-0.1,-0.38,362.28,332.97
UHS,Universal Health Services,Health Care,Health Care Facilities,209.7,235.89,154.78,206.57,203.65,196.7,184.8,181.13,0.0,1.13,212.07,181.32
VLO,Valero Energy,Energy,Oil & Gas Refining & Marketing,163.17,175.63,102.97,163.87,168.26,165.13,151.8,134.16,-0.2,8.0,176.22,154.04
VTR,Ventas,Real Estate,Health Care REITs,68.85,70.32,55.68,69.55,69.07,68.52,67.9,64.36,0.0,2.63,70.66,66.38
VLTO,Veralto,Industrials,Environmental & Facilities Services,104.84,113.11,85.14,106.12,105.66,106.29,106.6,100.67,0.0,3.75,108.77,103.82
VRSN,Verisign,Information Technology,Internet Services & Infrastructure,270.29,305.1,175.69,272.88,278.17,282.04,275.51,256.48,-0.2,8.64,293.64,270.44
VRSK,Verisk Analytics,Industrials,Research & Consulting Services,246.09,320.32,242.3,247.44,247.15,249.66,261.15,286.08,-0.2,6.81,262.85,236.49
VZ,Verizon,Communication Services,Integrated Telecommunication Services,41.4,45.06,36.62,42.75,43.11,43.41,43.57,41.88,-0.2,8.36,44.86,41.96
VRTX,Vertex Pharmaceuticals,Health Care,Biotechnology,410.28,516.74,366.54,405.91,396.07,392.3,398.34,444.92,0.0,0.25,411.31,373.29
VTRS,Viatris,Health Care,Pharmaceuticals,10.14,12.87,7.08,10.13,9.89,9.86,9.94,9.5,0.0,2.17,10.36,9.36
VICI,Vici Properties,Real Estate,Hotel & Resort REITs,31.99,33.46,27.08,32.5,32.41,32.32,32.53,30.99,0.2,3.44,33.09,31.56
V,Visa Inc.,Financials,Transaction & Payment Processing Services,352.42,372.65,271.88,349.06,343.78,342.35,343.55,342.45,0.0,-0.19,351.75,332.95
VST,Vistra Corp.,Utilities,Electric Utilities,199.62,217.92,97.84,201.24,201.09,205.36,200.69,165.05,0.0,8.35,216.29,194.44
VMC,Vulcan Materials Company,Materials,Construction Materials,300.9,307.62,219.65,303.06,301.38,298.79,292.06,265.39,0.2,2.26,307.7,289.89
WRB,W. R. Berkley Corporation,Financials,Property & Casualty Insurance,77.77,77.77,55.35,76.64,76.11,74.57,72.4,67.51,-0.2,0.44,78.11,71.04
GWW,W. W. Grainger,Industrials,Industrial Machinery & Supplies & Components,958.82,1212.97,915.74,954.41,953.74,975.11,984.28,1022.59,-0.2,6.57,1021.81,928.39
WAB,Wabtec,Industrials,Construction Machinery & Heavy Transportation Equipment,197.8,214.1,159.81,199.12,197.71,194.05,192.6,193.51,0.1,2.92,203.58,184.52
WMT,Walmart,Consumer Staples,Consumer Staples Merchandise Retail,103.24,104.27,78.34,102.33,102.68,102.8,100.95,95.86,-0.2,1.16,104.44,101.16
DIS,Walt Disney Company (The),Communication Services,Movies & Entertainment,112.53,124.01,81.37,112.57,113.2,114.06,115.84,109.7,0.0,4.0,117.03,111.09
WBD,Warner Bros. Discovery,Communication Services,Broadcasting,18.6,19.82,7.33,19.05,19.28,18.66,14.69,11.34,0.2,17.74,21.9,15.43
WM,Waste Management,Industrials,Environmental & Facilities Services,217.56,240.36,198.36,218.36,218.73,217.76,223.35,223.64,0.2,1.66,221.17,214.35
WAT,Waters Corporation,Health Care,Life Sciences Tools & Services,318.35,417.28,277.72,323.22,307.75,304.16,297.66,344.0,-0.1,3.19,328.51,279.8
WEC,WEC Energy Group,Utilities,Electric Utilities,115.2,115.2,89.8,113.61,113.3,111.64,109.47,104.11,0.2,0.34,115.59,107.69
WFC,Wells Fargo,Financials,Diversified Banks,81.14,85.16,55.72,80.77,82.58,82.59,80.64,75.42,0.0,6.04,86.04,79.13
WELL,Welltower,Real Estate,Health Care REITs,173.0,179.38,120.86,175.41,174.9,171.32,168.3,150.72,0.2,3.95,179.83,162.79
WST,West Pharmaceutical Services,Health Care,Health Care Supplies,265.97,347.02,190.04,270.24,264.98,260.38,251.12,248.02,0.2,2.93,273.76,247.01
WDC,Western Digital,Information Technology,"Technology Hardware, Storage & Peripherals",119.93,131.31,30.45,127.67,119.89,111.43,91.95,60.3,0.2,11.87,134.17,88.71
WY,Weyerhaeuser,Real Estate,Timber REITs,24.42,32.48,24.1,24.88,24.74,24.74,25.25,26.73,0.2,4.46,25.51,23.96
WSM,"Williams-Sonoma, Inc.",Consumer Discretionary,Homefurnishing Retail,189.06,215.83,127.65,195.22,196.64,197.91,198.09,180.13,-0.2,8.37,204.88,190.92
WMB,Williams Companies,Energy,Oil & Gas Storage & Transportation,63.97,64.48,47.28,63.96,63.73,61.53,59.07,57.4,0.2,3.52,66.22,56.84
WTW,Willis Towers Watson,Financials,Insurance Brokers,349.93,349.93,284.76,347.27,344.37,339.45,331.61,318.57,0.2,0.58,351.96,326.94
WDAY,"Workday, Inc.",Information Technology,Application Software,233.17,279.91,210.47,234.46,239.17,234.75,230.12,243.92,-0.1,7.42,250.47,219.01
WYNN,Wynn Resorts,Consumer Discretionary,Casinos & Gaming,122.91,133.34,65.78,127.31,127.8,126.24,119.15,95.65,-0.2,8.62,133.5,118.97
XEL,Xcel Energy,Utilities,Multi-Utilities,81.85,81.85,60.16,80.6,79.82,76.09,73.78,69.11,0.0,2.37,83.79,68.39
XYL,Xylem Inc.,Industrials,Industrial Machinery & Supplies & Components,148.13,149.9,102.25,148.95,146.22,143.92,142.28,127.52,0.2,1.77,150.75,137.09
YUM,Yum! Brands,Consumer Discretionary,Restaurants,146.72,160.96,121.48,150.15,150.92,149.43,146.77,144.24,0.0,5.08,154.17,144.68
ZBRA,Zebra Technologies,Information Technology,Electronic Equipment & Instruments,296.64,421.11,213.54,298.25,299.55,307.9,314.72,313.87,0.0,10.2,326.9,288.9
ZBH,Zimmer Biomet,Health Care,Health Care Equipment,99.06,112.61,89.76,99.35,98.67,99.81,100.58,100.56,-0.2,4.22,103.24,96.38
ZTS,Zoetis,Health Care,Pharmaceuticals,142.77,192.1,141.13,145.6,144.37,145.64,149.42,157.79,0.0,5.48,150.59,140.69
