Symbol,Company,GICS_Sector,GICS_Sub_Industry,Current_Price,52_Week_High,52_Week_Low,SMA_5,SMA_10,SMA_20,SMA_50,SMA_100,SMA_125,SMA_200
MMM,3M,Industrials,Industrial Conglomerates,155.33,163.4,120.83,156.94,155.44,155.79,154.24,151.84,148.88,146.38
AOS,A. O. Smith,Industrials,Building Products,71.4,86.71,58.25,72.76,72.58,72.79,72.15,69.45,68.64,67.85
ABT,Abbott Laboratories,Health Care,Health Care Equipment,133.02,139.95,109.57,133.56,133.56,133.64,132.09,131.99,131.48,128.84
ABBV,AbbVie,Health Care,Biotechnology,232.83,244.81,159.42,235.57,229.17,224.31,212.08,199.2,195.69,192.98
ACN,Accenture,Information Technology,IT Consulting & Other Services,251.23,394.41,229.4,246.55,243.7,241.67,248.84,275.16,279.4,304.2
ADBE,Adobe Inc.,Information Technology,Application Software,348.31,557.9,330.04,348.08,352.04,354.58,352.67,372.1,371.4,391.64
AMD,Advanced Micro Devices,Information Technology,Semiconductors,211.51,226.71,76.48,182.73,171.84,165.45,167.51,150.19,139.56,128.84
AES,AES Corporation,Utilities,Independent Power Producers & Energy Traders,14.4,18.21,9.28,14.58,13.89,13.39,13.23,12.28,11.88,11.65
AFL,Aflac,Financials,Life & Health Insurance,112.93,113.89,96.14,111.93,111.29,109.74,106.52,104.52,104.72,104.53
A,Agilent Technologies,Health Care,Life Sciences Tools & Services,138.56,152.88,96.03,139.82,131.99,128.86,123.25,119.64,116.91,122.47
APD,Air Products,Materials,Industrial Gases,270.89,334.71,240.55,270.52,269.18,277.97,284.57,282.54,279.06,286.16
ABNB,Airbnb,Consumer Discretionary,"Hotels, Resorts & Cruise Lines",119.85,163.93,99.88,120.85,121.71,122.64,125.21,130.16,128.48,129.84
AKAM,Akamai Technologies,Information Technology,Internet Services & Infrastructure,76.6,106.8,67.51,77.29,76.61,76.64,76.3,77.32,77.46,81.92
ALB,Albemarle Corporation,Materials,Specialty Chemicals,90.53,111.49,48.84,88.57,86.53,82.71,79.38,71.93,68.9,72.86
ARE,Alexandria Real Estate Equities,Real Estate,Office REITs,78.09,115.77,65.12,81.81,82.54,83.43,79.77,76.04,75.38,81.74
ALGN,Align Technology,Health Care,Health Care Supplies,130.47,246.19,122.0,130.07,128.12,129.9,138.46,163.1,165.6,176.53
ALLE,Allegion,Industrials,Building Products,177.03,180.34,116.14,177.23,176.19,176.38,171.37,158.12,153.24,143.97
LNT,Alliant Energy,Utilities,Electric Utilities,68.07,68.49,54.71,67.28,66.73,65.5,65.36,63.39,62.74,61.65
ALL,Allstate,Financials,Property & Casualty Insurance,211.79,215.7,173.88,210.43,211.0,206.46,204.8,201.55,200.25,197.15
GOOGL,Alphabet Inc. (Class A),Communication Services,Interactive Media & Services,245.76,256.0,140.23,246.43,245.87,247.12,222.97,199.3,190.88,186.66
GOOG,Alphabet Inc. (Class C),Communication Services,Interactive Media & Services,247.13,256.7,142.36,247.41,246.65,247.7,223.62,200.18,191.97,187.99
MO,Altria,Consumer Staples,Tobacco,66.65,67.51,45.54,65.96,65.76,65.32,64.63,61.25,60.28,57.15
AMZN,Amazon,Consumer Discretionary,Broadline Retail,221.78,242.52,161.38,220.78,220.49,225.95,226.41,220.89,213.82,214.53
AMCR,Amcor,Materials,Paper & Plastic Packaging Products & Materials,7.96,11.02,7.9,8.15,8.1,8.19,8.66,8.98,9.02,9.22
AEE,Ameren,Utilities,Multi-Utilities,104.61,105.67,82.82,103.92,103.12,101.37,100.73,98.22,97.89,96.33
AEP,American Electric Power,Utilities,Electric Utilities,118.16,119.06,87.57,114.82,112.22,110.05,111.02,107.03,106.42,103.43
AXP,American Express,Financials,Consumer Finance,327.97,349.19,219.87,329.88,335.55,333.6,319.88,311.98,302.56,298.32
AIG,American International Group,Financials,Multi-line Insurance,84.05,87.1,68.15,81.47,79.68,78.45,79.1,80.92,80.94,79.21
AMT,American Tower,Real Estate,Telecom Tower REITs,186.97,232.28,168.28,189.45,190.82,191.75,198.91,207.51,208.51,202.08
AWK,American Water Works,Utilities,Water Utilities,142.51,153.69,116.64,138.17,137.5,137.25,140.7,140.66,141.22,137.1
AMP,Ameriprise Financial,Financials,Asset Management & Custody Banks,497.79,576.69,393.57,492.17,493.48,492.71,502.11,511.42,504.21,508.51
AME,Ametek,Industrials,Electrical Components & Equipment,181.42,197.03,144.53,184.35,185.35,186.84,185.26,182.12,178.85,179.01
AMGN,Amgen,Health Care,Biotechnology,295.54,330.26,247.06,296.69,286.3,282.84,286.5,286.63,284.35,284.79
APH,Amphenol,Information Technology,Electronic Components,124.53,126.06,56.27,123.68,123.12,121.98,114.43,104.64,98.51,86.96
ADI,Analog Devices,Information Technology,Semiconductors,233.75,257.11,157.31,239.84,243.34,244.89,240.33,234.89,226.34,220.41
AON,Aon plc,Financials,Insurance Brokers,366.93,411.24,322.37,363.46,359.0,359.28,363.72,360.86,360.59,367.27
APA,APA Corporation,Energy,Oil & Gas Exploration & Production,25.08,26.13,13.18,24.74,24.58,24.07,22.16,20.32,19.42,19.96
APO,Apollo Global Management,Financials,Asset Management & Custody Banks,126.05,187.59,101.84,127.16,131.85,136.05,137.5,138.55,137.01,142.59
AAPL,Apple Inc.,Information Technology,"Technology Hardware, Storage & Peripherals",256.48,259.24,168.8,256.75,255.75,247.8,234.39,219.8,216.36,221.85
AMAT,Applied Materials,Information Technology,Semiconductor Materials & Equipment,211.56,226.49,123.04,218.87,210.9,195.71,181.01,179.13,173.24,169.81
APTV,Aptiv,Consumer Discretionary,Automotive Parts & Equipment,85.26,88.8,47.19,87.06,86.33,85.08,78.43,73.59,70.18,67.19
ACGL,Arch Capital Group,Financials,Property & Casualty Insurance,94.1,110.75,82.49,91.13,90.74,90.01,90.16,90.62,90.93,91.38
ADM,Archer Daniels Midland,Consumer Staples,Agricultural Products & Services,62.89,64.38,40.22,60.95,60.79,60.97,60.03,55.7,53.92,51.39
ANET,Arista Networks,Information Technology,Communications Equipment,145.29,156.32,59.43,146.8,145.13,145.53,138.37,118.87,111.26,107.15
AJG,Arthur J. Gallagher & Co.,Financials,Insurance Brokers,309.81,349.78,273.89,308.91,306.64,301.3,297.42,310.05,313.64,312.66
AIZ,Assurant,Financials,Multi-line Insurance,216.29,227.13,173.64,218.76,217.17,213.66,209.46,201.83,199.89,202.25
T,AT&T,Communication Services,Integrated Telecommunication Services,26.16,29.79,20.36,26.73,27.49,28.38,28.5,28.04,27.82,26.57
ATO,Atmos Energy,Utilities,Gas Utilities,174.91,175.49,133.63,170.82,169.17,166.67,164.21,158.93,158.26,152.67
ADSK,Autodesk,Information Technology,Application Software,314.19,329.09,232.67,318.63,319.94,321.03,307.74,303.45,297.34,292.12
ADP,Automatic Data Processing,Industrials,Human Resource & Employment Services,292.94,326.59,269.86,291.26,291.44,291.47,297.53,303.59,302.09,299.74
AZO,AutoZone,Consumer Discretionary,Automotive Retail,4085.93,4388.11,2980.1,4195.42,4205.22,4209.29,4131.85,3925.92,3873.43,3711.95
AVB,AvalonBay Communities,Real Estate,Multi-Family Residential REITs,187.52,231.37,177.24,189.45,190.62,191.25,189.96,195.49,196.6,201.88
AVY,Avery Dennison,Materials,Paper & Plastic Packaging Products & Materials,161.37,217.77,155.31,162.55,161.7,163.39,167.79,172.87,172.34,175.55
AXON,Axon Enterprise,Industrials,Aerospace & Defense,714.6,885.92,413.68,716.71,713.62,737.44,756.84,759.4,729.53,674.99
BKR,Baker Hughes,Energy,Oil & Gas Equipment & Services,48.58,50.93,33.21,48.58,49.27,48.21,45.78,42.3,41.19,41.91
BALL,Ball Corporation,Materials,"Metal, Glass & Plastic Containers",48.54,66.86,43.18,49.87,49.61,49.61,51.86,53.82,53.0,52.65
BAC,Bank of America,Financials,Diversified Banks,50.29,52.88,32.69,50.5,51.22,51.22,49.27,47.43,45.78,44.83
BAX,Baxter International,Health Care,Health Care Equipment,22.9,37.43,21.18,23.3,22.79,23.18,23.66,26.72,27.28,28.9
BDX,Becton Dickinson,Health Care,Health Care Equipment,192.53,248.0,161.47,192.13,188.31,187.85,188.62,180.97,182.25,198.89
BBY,Best Buy,Consumer Discretionary,Computer & Electronics Retail,75.23,96.12,53.55,76.33,75.75,74.85,72.32,70.45,69.2,72.69
TECH,Bio-Techne,Health Care,Life Sciences Tools & Services,59.19,80.37,45.87,61.21,56.75,54.5,54.27,52.67,52.14,57.7
BIIB,Biogen,Health Care,Biotechnology,152.21,194.13,110.04,155.12,146.49,144.97,138.91,134.25,131.21,135.36
BLK,BlackRock,Financials,Asset Management & Custody Banks,1166.23,1184.13,766.05,1161.56,1158.09,1142.76,1128.76,1075.78,1040.4,1012.04
BX,Blackstone Inc.,Financials,Asset Management & Custody Banks,164.91,196.67,114.16,166.99,171.09,177.62,173.38,161.2,155.56,156.62
XYZ,"Block, Inc.",Financials,Transaction & Payment Processing Services,79.02,99.26,44.27,76.79,75.55,75.54,76.04,71.11,67.72,70.29
BK,BNY Mellon,Financials,Asset Management & Custody Banks,106.93,110.87,69.47,106.63,107.86,107.45,104.75,98.21,94.55,89.72
BA,Boeing,Industrials,Aerospace & Defense,221.82,242.69,128.88,218.1,217.33,217.09,224.46,219.07,210.63,196.08
BKNG,Booking Holdings,Consumer Discretionary,"Hotels, Resorts & Cruise Lines",5242.0,5829.37,4032.06,5366.89,5444.76,5469.18,5512.47,5517.65,5379.0,5151.36
BSX,Boston Scientific,Health Care,Health Care Equipment,95.9,109.5,80.64,96.4,97.1,98.57,102.57,103.15,102.49,101.16
BMY,Bristol Myers Squibb,Health Care,Pharmaceuticals,44.66,61.0,42.38,45.43,44.51,44.95,45.69,46.14,46.45,49.97
AVGO,Broadcom,Information Technology,Semiconductors,336.41,373.59,137.54,336.37,334.96,343.6,319.62,289.51,270.02,246.93
BR,Broadridge Financial Solutions,Industrials,Data Processing & Outsourced Services,236.9,270.85,205.06,235.01,235.77,240.93,249.99,244.83,242.53,238.39
BRO,Brown & Brown,Financials,Insurance Brokers,95.55,125.31,89.99,94.23,93.76,93.01,93.97,101.06,103.56,106.28
BLDR,Builders FirstSource,Industrials,Building Products,126.88,201.53,102.6,127.4,123.22,128.21,133.34,126.3,124.39,131.69
BG,Bunge Global,Consumer Staples,Agricultural Products & Services,84.02,96.01,65.6,83.53,82.17,81.33,81.77,79.72,79.19,77.09
BXP,"BXP, Inc.",Real Estate,Office REITs,73.77,85.58,52.95,75.18,74.85,75.39,70.79,69.56,68.17,67.88
CHRW,C.H. Robinson,Industrials,Air Freight & Logistics,133.79,138.0,83.72,134.2,133.42,133.44,125.62,110.99,106.77,103.99
CDNS,Cadence Design Systems,Information Technology,Application Software,345.48,376.45,221.56,349.06,350.32,353.28,353.33,331.7,322.55,306.03
CZR,Caesars Entertainment,Consumer Discretionary,Casinos & Gaming,24.65,45.93,21.4,26.23,26.53,26.15,25.94,27.25,27.24,29.0
CPT,Camden Property Trust,Real Estate,Multi-Family Residential REITs,103.37,123.08,100.41,104.11,104.99,106.09,106.95,110.23,110.63,111.87
CPB,Campbell's Company (The),Consumer Staples,Packaged Foods & Meats,31.11,47.0,29.03,31.51,31.61,32.29,32.21,32.1,32.81,34.79
COF,Capital One,Financials,Consumer Finance,213.69,231.82,142.38,213.84,217.62,221.54,218.86,211.51,204.81,197.12
CAH,Cardinal Health,Health Care,Health Care Distributors,156.65,167.89,105.46,156.54,154.9,152.36,151.75,155.0,151.94,142.0
KMX,CarMax,Consumer Discretionary,Automotive Retail,44.86,91.25,42.75,46.04,46.78,53.1,56.38,60.93,62.08,68.91
CCL,Carnival,Consumer Discretionary,"Hotels, Resorts & Cruise Lines",28.71,32.8,15.07,28.72,29.34,30.29,30.34,28.18,26.37,25.29
CARR,Carrier Global,Industrials,Building Products,59.18,82.31,53.89,59.4,59.24,60.17,63.75,68.68,67.8,67.03
CAT,Caterpillar Inc.,Industrials,Construction Machinery & Heavy Transportation Equipment,486.71,505.59,265.05,490.27,479.94,464.47,439.56,408.01,388.22,373.72
CBOE,Cboe Global Markets,Financials,Financial Exchanges & Data,240.9,255.27,186.22,240.07,242.25,238.84,241.54,235.87,232.42,222.45
CBRE,CBRE Group,Real Estate,Real Estate Services,152.69,167.56,108.45,154.91,156.25,160.17,159.63,147.17,142.23,139.2
CDW,CDW Corporation,Information Technology,Technology Distributors,155.25,223.63,136.33,158.06,159.36,162.19,164.85,171.61,169.63,172.35
COR,Cencora,Health Care,Health Care Distributors,308.71,315.23,216.84,307.42,307.19,300.8,295.27,293.81,291.97,275.94
CNC,Centene Corporation,Health Care,Managed Health Care,38.42,73.5,25.08,37.46,36.21,34.33,30.38,38.62,43.08,49.62
CNP,CenterPoint Energy,Utilities,Multi-Utilities,39.43,40.5,27.87,38.84,38.83,38.48,38.23,37.37,37.33,35.73
CF,CF Industries,Materials,Fertilizers & Agricultural Chemicals,91.97,103.84,66.56,90.08,90.41,87.96,87.15,89.98,87.43,85.42
CRL,Charles River Laboratories,Health Care,Life Sciences Tools & Services,170.1,230.02,91.86,173.64,161.53,157.71,159.53,154.95,147.76,155.12
SCHW,Charles Schwab Corporation,Financials,Investment Banking & Brokerage,94.01,99.42,63.26,93.41,94.2,93.65,95.22,92.72,90.14,85.21
CHTR,Charter Communications,Communication Services,Cable & Satellite,276.48,437.06,251.8,275.26,272.68,268.06,267.52,332.47,339.07,345.78
CVX,Chevron Corporation,Energy,Integrated Oil & Gas,154.91,165.09,129.01,154.09,156.19,157.02,155.57,149.59,146.59,147.95
CMG,Chipotle Mexican Grill,Consumer Discretionary,Restaurants,40.95,66.74,38.3,40.72,40.16,39.72,41.39,46.96,47.57,50.27
CB,Chubb Limited,Financials,Property & Casualty Insurance,289.24,305.88,250.52,284.47,282.14,278.78,275.46,279.87,280.79,279.32
CHD,Church & Dwight,Consumer Staples,Household Products,90.01,115.72,85.08,88.62,87.63,89.39,91.76,94.36,95.06,99.17
CI,Cigna,Health Care,Health Care Services,307.14,352.15,255.6,301.95,294.63,295.41,291.99,301.1,306.12,302.55
CINF,Cincinnati Financial,Financials,Property & Casualty Insurance,165.69,166.9,121.6,162.9,159.48,156.89,153.58,150.22,147.57,144.18
CTAS,Cintas,Industrials,Diversified Support Services,199.17,228.77,179.74,201.47,202.29,201.65,210.24,215.6,214.24,207.69
CSCO,Cisco,Information Technology,Communications Equipment,68.99,72.11,50.89,68.41,67.86,67.53,67.74,66.73,64.83,62.92
C,Citigroup,Financials,Diversified Banks,97.8,105.59,54.71,97.93,100.15,100.53,96.82,89.4,84.91,80.52
CFG,Citizens Financial Group,Financials,Regional Banks,53.13,55.24,31.96,53.33,53.29,52.79,50.77,47.14,45.1,44.26
CLX,Clorox,Consumer Staples,Household Products,120.49,166.9,116.17,121.46,122.38,122.71,122.39,124.16,126.68,135.42
CME,CME Group,Financials,Financial Exchanges & Data,263.6,288.09,204.81,264.32,266.75,263.91,268.92,271.78,270.83,260.34
CMS,CMS Energy,Utilities,Multi-Utilities,73.76,75.33,62.54,72.7,72.4,71.64,72.13,70.99,71.08,70.08
KO,Coca-Cola Company (The),Consumer Staples,Soft Drinks & Non-alcoholic Beverages,66.79,73.29,59.3,66.53,66.35,66.52,67.87,68.88,69.21,67.69
CTSH,Cognizant,Information Technology,IT Consulting & Other Services,67.94,89.77,64.98,67.39,67.31,68.14,69.83,74.1,74.0,76.06
COIN,Coinbase,Financials,Financial Exchanges & Data,375.78,444.65,142.58,372.02,347.26,337.4,325.17,321.16,296.46,275.03
CL,Colgate-Palmolive,Consumer Staples,Household Products,79.11,100.36,77.09,78.38,79.26,80.56,83.02,86.36,87.35,87.92
CMCSA,Comcast,Communication Services,Cable & Satellite,30.6,43.66,30.3,30.79,31.01,31.52,32.31,33.37,33.4,34.05
CAG,Conagra Brands,Consumer Staples,Packaged Foods & Meats,18.91,28.75,17.89,19.04,18.64,18.73,18.95,19.88,20.66,22.32
COP,ConocoPhillips,Energy,Oil & Gas Exploration & Production,95.23,112.56,78.56,94.56,95.31,94.2,94.62,92.53,91.53,93.58
ED,Consolidated Edison,Utilities,Multi-Utilities,100.04,112.97,85.07,98.8,99.09,98.0,99.76,100.37,101.84,99.59
STZ,Constellation Brands,Consumer Staples,Distillers & Vintners,140.14,242.7,131.2,140.1,137.02,136.49,152.58,162.13,166.75,173.18
CEG,Constellation Energy,Utilities,Electric Utilities,358.16,376.78,160.94,358.12,345.07,336.21,328.23,318.22,301.32,284.3
COO,Cooper Companies (The),Health Care,Health Care Supplies,69.02,109.37,61.78,69.05,68.32,67.63,69.72,71.66,73.35,79.29
CPRT,Copart,Industrials,Diversified Support Services,44.23,64.38,44.12,44.69,44.82,45.84,46.84,48.59,51.0,53.06
GLW,Corning Inc.,Information Technology,Electronic Components,85.06,86.22,36.95,83.92,82.03,80.03,71.58,61.37,57.78,54.08
CPAY,Corpay,Financials,Transaction & Payment Processing Services,289.02,400.81,269.02,287.89,290.84,298.05,310.36,321.34,321.39,334.07
CTVA,Corteva,Materials,Fertilizers & Agricultural Chemicals,65.61,77.22,53.14,63.65,65.84,68.44,70.83,71.62,69.67,66.28
CSGP,CoStar Group,Real Estate,Real Estate Services,80.6,97.43,68.26,82.79,83.37,85.34,88.78,84.89,83.54,80.55
COST,Costco,Consumer Staples,Consumer Staples Merchandise Retail,914.8,1075.34,864.06,915.05,922.23,938.82,952.44,971.48,974.38,971.01
CTRA,Coterra,Energy,Oil & Gas Exploration & Production,24.53,29.29,21.84,23.76,23.73,23.88,23.89,24.39,24.39,25.27
CRWD,CrowdStrike,Information Technology,Systems Software,484.62,517.98,283.8,493.44,487.69,474.45,447.91,461.85,451.21,422.59
CCI,Crown Castle,Real Estate,Telecom Tower REITs,95.14,114.47,81.02,95.15,95.14,94.52,98.25,99.54,99.58,96.21
CSX,CSX Corporation,Industrials,Rail Transportation,35.99,37.1,26.01,35.76,35.18,34.03,34.25,33.41,32.36,31.92
CMI,Cummins,Industrials,Construction Machinery & Heavy Transportation Equipment,434.17,439.31,257.24,429.32,424.02,418.89,400.64,364.9,350.06,347.73
CVS,CVS Health,Health Care,Health Care Services,77.12,79.2,42.12,77.15,76.35,75.45,71.13,67.43,67.07,63.34
DHR,Danaher Corporation,Health Care,Life Sciences Tools & Services,208.77,277.73,170.43,211.74,199.46,195.48,200.09,198.06,196.95,204.22
DRI,Darden Restaurants,Consumer Discretionary,Restaurants,191.54,226.68,151.84,192.78,190.9,196.33,202.28,207.48,205.67,199.54
DDOG,Datadog,Information Technology,Application Software,154.52,170.08,81.63,153.59,146.79,142.08,137.08,133.56,127.08,126.69
DVA,DaVita,Health Care,Health Care Services,131.04,179.6,126.07,131.06,131.35,131.28,134.32,137.51,138.61,145.08
DAY,Dayforce,Industrials,Human Resource & Employment Services,68.99,82.69,48.01,68.98,68.92,68.89,64.75,61.28,60.36,62.01
DECK,Deckers Brands,Consumer Discretionary,Footwear,97.98,223.98,93.72,101.61,103.55,109.83,110.0,108.7,109.66,129.52
DE,Deere & Company,Industrials,Agricultural & Farm Machinery,461.51,530.24,381.67,459.05,461.11,465.32,481.74,496.11,489.99,477.46
DELL,Dell Technologies,Information Technology,"Technology Hardware, Storage & Peripherals",150.87,154.7,65.56,146.88,140.39,134.88,132.67,125.76,118.85,113.2
DAL,Delta Air Lines,Industrials,Passenger Airlines,56.63,69.36,34.52,57.07,57.14,58.25,58.16,54.5,52.27,54.2
DVN,Devon Energy,Energy,Oil & Gas Exploration & Production,34.99,42.12,25.53,34.85,35.22,34.9,34.26,33.37,32.73,33.25
DXCM,Dexcom,Health Care,Health Care Equipment,66.03,93.25,57.52,66.39,66.86,70.32,75.66,80.25,79.02,79.3
FANG,Diamondback Energy,Energy,Oil & Gas Exploration & Production,148.91,195.31,112.4,146.44,145.75,142.36,142.59,141.69,139.92,145.95
DLR,Digital Realty,Real Estate,Data Center REITs,175.14,192.35,128.14,174.73,173.15,173.11,169.39,170.62,167.45,164.45
DG,Dollar General,Consumer Staples,Consumer Staples Merchandise Retail,96.37,117.95,65.67,99.16,101.16,102.86,107.87,108.18,104.73,93.92
DLTR,Dollar Tree,Consumer Staples,Consumer Staples Merchandise Retail,85.04,118.06,60.49,88.65,91.68,94.28,104.57,102.0,97.71,87.97
D,Dominion Energy,Utilities,Multi-Utilities,60.87,62.37,46.96,61.18,60.9,60.43,59.96,57.84,56.78,55.39
DPZ,Domino's,Consumer Discretionary,Restaurants,411.43,495.24,392.06,424.09,427.04,433.13,445.08,454.56,458.44,453.18
DASH,DoorDash,Consumer Discretionary,Specialized Consumer Services,276.78,285.08,141.26,273.49,269.72,265.76,256.85,241.4,230.52,213.31
DOV,Dover Corporation,Industrials,Industrial Machinery & Supplies & Components,164.59,220.46,142.22,166.17,166.52,169.57,174.61,178.49,176.51,180.84
DOW,Dow Inc.,Materials,Commodity Chemicals,22.5,51.7,20.11,23.3,23.06,23.57,23.33,25.65,26.15,29.87
DHI,D. R. Horton,Consumer Discretionary,Homebuilding,161.16,193.34,109.8,170.31,169.05,170.38,166.1,147.11,142.21,138.77
DTE,DTE Energy,Utilities,Multi-Utilities,142.41,143.79,111.81,140.72,140.16,137.9,137.49,135.31,134.71,130.84
DUK,Duke Energy,Utilities,Electric Utilities,125.56,126.75,102.41,123.49,123.3,122.41,122.49,119.23,118.92,116.03
DD,DuPont,Materials,Specialty Chemicals,78.88,86.39,53.17,79.73,78.01,77.72,75.46,72.82,70.95,72.66
EMN,Eastman Chemical Company,Materials,Specialty Chemicals,62.35,107.33,56.08,63.29,63.0,64.25,65.19,71.35,72.32,78.99
ETN,Eaton Corporation,Industrials,Electrical Components & Equipment,370.94,398.4,230.37,375.0,371.89,370.49,362.7,353.42,340.63,328.25
EBAY,eBay Inc.,Consumer Discretionary,Broadline Retail,93.04,100.83,55.44,90.59,91.27,90.94,92.49,84.18,80.71,74.96
ECL,Ecolab,Materials,Specialty Chemicals,278.99,285.35,220.55,275.81,273.1,270.41,272.43,268.92,263.78,257.79
EIX,Edison International,Utilities,Electric Utilities,53.69,85.03,46.98,54.91,54.92,55.23,54.97,53.49,53.9,55.46
EW,Edwards Lifesciences,Health Care,Health Care Equipment,76.72,83.0,64.01,76.66,76.44,76.1,78.35,77.55,76.68,74.87
EA,Electronic Arts,Communication Services,Interactive Home Entertainment,200.02,203.75,114.77,200.76,193.66,183.02,173.9,162.37,159.24,150.72
ELV,Elevance Health,Health Care,Managed Health Care,357.49,501.08,272.22,346.17,333.53,323.26,309.06,333.53,349.59,366.64
EMR,Emerson Electric,Industrials,Electrical Components & Equipment,131.49,149.68,89.31,133.05,131.63,132.34,133.69,132.08,126.72,123.54
ENPH,Enphase Energy,Information Technology,Semiconductor Materials & Equipment,36.27,109.5,29.89,37.0,36.8,37.53,36.06,38.68,40.64,49.3
ETR,Entergy,Utilities,Electric Utilities,95.98,98.58,62.53,95.16,93.67,91.43,89.96,86.24,85.39,83.42
EOG,EOG Resources,Energy,Oil & Gas Exploration & Production,110.45,135.49,100.76,110.68,113.02,115.61,117.98,117.55,115.99,119.13
EPAM,EPAM Systems,Information Technology,IT Consulting & Other Services,149.87,269.0,138.15,152.31,152.51,153.86,159.87,167.09,165.66,185.17
EQT,EQT Corporation,Energy,Oil & Gas Exploration & Production,57.16,60.83,34.99,56.46,55.23,52.74,52.16,54.12,53.53,52.13
EFX,Equifax,Industrials,Research & Consulting Services,237.99,292.84,199.2,239.64,247.38,252.42,247.74,254.36,253.12,251.46
EQIX,Equinix,Real Estate,Data Center REITs,787.08,977.63,693.42,780.44,783.02,786.23,780.6,807.0,809.82,836.61
EQR,Equity Residential,Real Estate,Multi-Family Residential REITs,62.47,75.25,58.19,63.11,63.72,64.25,63.96,65.58,65.95,66.81
ERIE,Erie Indemnity,Financials,Insurance Brokers,319.41,533.9,305.49,315.47,314.53,318.84,338.9,345.43,352.0,371.28
ESS,Essex Property Trust,Real Estate,Multi-Family Residential REITs,262.08,307.81,239.32,263.67,263.8,263.93,261.46,270.65,271.07,275.39
EL,Estée Lauder Companies (The),Consumer Staples,Personal Care Products,92.68,95.66,47.94,88.87,87.76,87.52,89.22,82.98,77.93,75.2
EG,Everest Group,Financials,Reinsurance,364.86,400.59,318.14,357.57,352.34,345.41,340.29,339.54,341.05,344.37
EVRG,Evergy,Utilities,Electric Utilities,77.69,78.18,56.68,76.82,75.65,73.87,72.45,69.74,69.04,66.92
ES,Eversource Energy,Utilities,Electric Utilities,72.84,73.48,51.06,72.29,71.05,67.98,65.77,64.82,63.4,61.17
EXC,Exelon,Utilities,Electric Utilities,46.79,47.26,34.98,45.57,44.92,44.15,44.22,43.56,43.87,42.65
EXE,Expand Energy,Energy,Oil & Gas Exploration & Production,109.01,121.47,80.07,108.24,106.75,102.26,98.96,104.82,104.7,103.24
EXPE,Expedia Group,Consumer Discretionary,"Hotels, Resorts & Cruise Lines",216.16,240.98,129.46,218.97,218.5,220.58,209.59,191.02,184.43,182.4
EXPD,Expeditors International,Industrials,Air Freight & Logistics,122.28,128.27,99.78,122.81,122.35,122.52,120.51,117.45,115.74,114.96
EXR,Extra Space Storage,Real Estate,Self-Storage REITs,142.87,168.1,118.4,141.97,140.75,141.63,140.12,143.49,142.74,143.83
XOM,ExxonMobil,Energy,Integrated Oil & Gas,114.26,121.93,96.01,113.0,113.93,113.56,110.94,109.34,108.3,108.02
FFIV,"F5, Inc.",Information Technology,Communications Equipment,330.76,337.39,213.24,327.84,325.84,326.42,320.07,306.39,298.28,289.3
FDS,FactSet,Financials,Financial Exchanges & Data,276.93,495.04,272.5,280.58,283.98,306.7,351.05,395.13,402.29,421.53
FICO,Fair Isaac,Information Technology,Application Software,1879.55,2402.52,1300.0,1775.55,1651.01,1595.73,1489.07,1613.96,1687.35,1755.66
FAST,Fastenal,Industrials,Trading Companies & Distributors,47.45,50.63,33.96,47.8,48.1,47.79,48.16,45.4,44.28,41.54
FRT,Federal Realty Investment Trust,Real Estate,Retail REITs,97.6,113.0,78.83,98.88,98.78,99.01,96.67,95.07,94.42,96.62
FDX,FedEx,Industrials,Air Freight & Logistics,242.33,301.45,191.82,243.17,239.62,234.08,229.3,227.31,224.11,235.25
FIS,Fidelity National Information Services,Financials,Transaction & Payment Processing Services,68.51,90.1,63.0,67.07,65.92,66.0,69.17,74.46,74.65,74.61
FITB,Fifth Third Bancorp,Financials,Regional Banks,43.68,47.33,31.68,44.24,44.56,44.85,43.71,41.83,40.49,40.59
FSLR,First Solar,Information Technology,Semiconductors,227.89,240.6,116.56,228.91,225.08,216.98,202.75,183.94,174.48,167.94
FE,FirstEnergy,Utilities,Electric Utilities,46.41,46.92,36.81,46.03,45.51,44.48,43.75,42.08,41.91,40.74
FI,Fiserv,Financials,Transaction & Payment Processing Services,126.69,238.59,124.89,126.23,127.93,130.3,134.11,149.28,158.31,180.19
F,Ford Motor Company,Consumer Discretionary,Automobile Manufacturers,11.92,12.8,8.21,12.36,12.11,11.88,11.59,11.16,10.87,10.29
FTNT,Fortinet,Information Technology,Systems Software,84.92,114.82,70.12,85.71,84.84,83.25,83.1,93.32,94.8,96.7
FTV,Fortive,Industrials,Industrial Machinery & Supplies & Components,49.61,62.58,45.4,49.98,49.22,48.89,48.32,50.58,50.68,53.29
FOXA,Fox Corporation (Class A),Communication Services,Broadcasting,61.51,65.3,40.74,62.1,61.65,60.38,58.77,56.97,55.46,54.15
FOX,Fox Corporation (Class B),Communication Services,Broadcasting,55.07,59.29,37.5,55.99,55.64,54.51,53.41,52.04,50.81,50.03
BEN,Franklin Resources,Financials,Asset Management & Custody Banks,23.4,25.72,15.81,23.17,23.13,23.58,24.29,23.49,22.52,21.22
FCX,Freeport-McMoRan,Materials,Copper,40.69,50.45,27.45,39.73,38.37,41.78,42.33,42.27,40.98,39.7
GRMN,Garmin,Consumer Discretionary,Consumer Electronics,256.32,259.87,158.5,256.79,248.93,242.78,236.17,222.93,216.58,214.49
IT,Gartner,Information Technology,IT Consulting & Other Services,245.27,584.01,223.65,253.43,258.05,254.04,256.58,330.29,347.92,399.11
GE,GE Aerospace,Industrials,Aerospace & Defense,301.74,306.88,158.62,299.46,298.31,295.02,281.4,264.8,251.56,228.99
GEHC,GE HealthCare,Health Care,Health Care Equipment,74.49,94.71,57.59,75.96,74.59,75.32,74.23,73.81,72.44,76.62
GEV,GE Vernova,Industrials,Heavy Electrical Equipment,606.12,677.29,251.95,603.34,607.57,617.66,622.12,566.62,526.41,457.51
GEN,Gen Digital,Information Technology,Systems Software,27.3,32.09,22.55,27.81,28.26,28.62,29.59,29.42,28.67,28.03
GNRC,Generac,Industrials,Electrical Components & Equipment,166.95,203.25,99.5,166.93,166.77,174.73,183.65,160.39,151.33,148.1
GD,General Dynamics,Industrials,Aerospace & Defense,343.43,347.37,236.67,343.07,336.69,330.94,322.99,305.1,298.36,283.03
GIS,General Mills,Consumer Staples,Packaged Foods & Meats,50.93,70.84,48.29,50.5,50.32,50.12,49.77,51.0,51.9,54.55
GM,General Motors,Consumer Discretionary,Automobile Manufacturers,57.26,62.14,41.36,59.26,60.01,59.33,57.21,53.67,52.1,50.93
GPC,Genuine Parts Company,Consumer Discretionary,Distributors,136.01,143.1,102.41,138.55,138.31,138.82,136.71,130.39,127.32,123.41
GILD,Gilead Sciences,Health Care,Biotechnology,116.78,120.99,81.55,112.95,112.51,113.03,113.91,111.27,109.37,106.01
GPN,Global Payments,Financials,Transaction & Payment Processing Services,88.1,118.69,65.53,86.96,86.05,85.83,85.22,82.01,81.25,89.58
GL,Globe Life,Financials,Life & Health Insurance,135.64,147.54,99.43,137.42,140.31,141.55,140.26,130.84,128.83,125.53
GDDY,GoDaddy,Information Technology,Internet Services & Infrastructure,135.27,216.0,131.29,134.73,137.8,141.62,145.56,161.33,164.98,174.71
GS,Goldman Sachs,Financials,Investment Banking & Brokerage,789.65,825.25,434.87,788.26,793.15,792.68,755.54,704.51,670.7,637.48
HAL,Halliburton,Energy,Oil & Gas Equipment & Services,24.28,31.66,18.43,24.45,24.6,23.57,22.39,21.72,21.47,22.96
HIG,Hartford (The),Financials,Property & Casualty Insurance,133.81,135.17,103.64,133.3,132.71,131.99,130.42,127.85,126.26,121.3
HAS,Hasbro,Consumer Discretionary,Leisure Products,74.83,82.19,48.07,75.2,75.42,75.67,77.49,74.1,70.72,66.02
HCA,HCA Healthcare,Health Care,Health Care Facilities,437.57,439.01,288.25,430.68,425.11,413.65,399.56,386.13,377.28,355.37
DOC,Healthpeak Properties,Real Estate,Health Care REITs,19.14,21.94,16.26,19.22,19.04,18.65,17.82,17.59,17.57,18.21
HSIC,Henry Schein,Health Care,Health Care Distributors,64.88,82.49,60.56,65.92,66.14,67.28,67.75,69.79,69.04,70.44
HSY,Hershey Company (The),Consumer Staples,Packaged Foods & Meats,194.39,202.98,136.73,192.51,189.8,189.33,185.52,175.88,173.42,168.85
HPE,Hewlett Packard Enterprise,Information Technology,"Technology Hardware, Storage & Peripherals",24.91,25.92,11.82,24.71,24.49,24.61,22.79,20.83,19.81,19.6
HLT,Hilton Worldwide,Consumer Discretionary,"Hotels, Resorts & Cruise Lines",258.64,279.81,195.81,258.58,260.08,265.18,268.26,263.87,256.36,252.47
HOLX,Hologic,Health Care,Health Care Equipment,67.73,84.39,51.9,67.65,67.23,66.67,67.01,65.13,63.51,64.64
HD,Home Depot (The),Consumer Discretionary,Home Improvement Retail,386.81,429.19,322.47,392.65,400.25,408.96,401.24,382.64,377.13,378.47
HON,Honeywell,Industrials,Industrial Conglomerates,208.98,240.47,177.52,209.64,209.25,210.16,214.8,221.38,217.79,215.68
HRL,Hormel Foods,Consumer Staples,Packaged Foods & Meats,24.0,32.84,23.71,24.48,24.56,24.71,26.51,28.26,28.5,28.83
HST,Host Hotels & Resorts,Real Estate,Hotel & Resort REITs,16.43,18.32,11.93,16.82,17.0,17.17,16.56,16.03,15.61,15.6
HWM,Howmet Aerospace,Industrials,Aerospace & Defense,191.46,198.48,98.55,191.42,191.85,190.11,182.69,179.3,171.34,153.75
HPQ,HP Inc.,Information Technology,"Technology Hardware, Storage & Peripherals",26.55,38.25,20.76,26.6,26.82,27.47,26.96,26.12,25.85,27.53
HUBB,Hubbell Incorporated,Industrials,Industrial Machinery & Supplies & Components,412.93,475.24,297.55,418.57,422.64,430.96,431.34,417.23,404.17,396.39
HUM,Humana,Health Care,Managed Health Care,295.25,314.25,206.15,275.51,266.25,266.64,274.94,254.04,255.41,258.92
HBAN,Huntington Bancshares,Financials,Regional Banks,16.76,17.93,11.7,16.95,17.15,17.34,16.99,16.56,16.08,15.86
HII,Huntington Ingalls Industries,Industrials,Aerospace & Defense,285.38,291.7,155.93,285.27,282.13,278.23,271.88,254.86,248.02,225.21
IBM,IBM,Information Technology,IT Consulting & Other Services,293.87,301.04,197.92,288.97,284.01,272.76,256.41,265.76,260.58,251.88
IEX,IDEX Corporation,Industrials,Industrial Machinery & Supplies & Components,165.8,235.67,152.2,165.83,163.45,162.37,163.41,172.09,172.39,181.44
IDXX,Idexx Laboratories,Health Care,Health Care Equipment,627.28,688.12,356.14,628.04,628.72,637.31,635.35,581.28,553.96,507.02
ITW,Illinois Tool Works,Industrials,Industrial Machinery & Supplies & Components,255.75,273.07,212.05,259.43,259.02,260.15,259.82,253.8,249.9,250.38
INCY,Incyte,Health Care,Biotechnology,87.17,88.66,53.56,86.85,85.14,85.03,83.66,75.73,72.46,71.12
IR,Ingersoll Rand,Industrials,Industrial Machinery & Supplies & Components,81.35,105.95,65.58,83.28,82.53,81.37,80.22,82.14,80.84,82.97
PODD,Insulet Corporation,Health Care,Health Care Equipment,313.45,353.5,225.37,309.9,315.65,326.04,320.81,313.69,303.17,290.25
INTC,Intel,Information Technology,Semiconductors,37.17,38.68,17.67,36.77,35.26,30.96,26.04,23.84,23.16,22.56
ICE,Intercontinental Exchange,Financials,Financial Exchanges & Data,161.98,188.82,141.12,161.46,164.68,168.11,175.44,177.24,174.79,169.54
IFF,International Flavors & Fragrances,Materials,Specialty Chemicals,61.02,104.48,59.73,61.43,61.2,62.42,64.89,70.1,70.94,74.62
IP,International Paper,Materials,Paper & Plastic Packaging Products & Materials,45.94,58.71,42.44,46.38,46.13,46.25,47.29,47.98,47.5,49.53
IPG,Interpublic Group of Companies (The),Communication Services,Advertising,27.24,31.81,21.93,26.66,26.69,26.41,25.99,25.0,24.83,25.42
INTU,Intuit,Information Technology,Application Software,657.99,813.7,531.0,673.88,683.27,676.25,698.2,725.15,703.27,665.18
ISRG,Intuitive Surgical,Health Care,Health Care Equipment,440.94,616.0,425.0,444.81,443.37,442.91,462.02,496.21,499.87,516.48
IVZ,Invesco,Financials,Asset Management & Custody Banks,24.1,24.54,11.33,23.79,23.22,22.8,21.89,18.98,17.9,17.32
INVH,Invitation Homes,Real Estate,Single-Family Residential REITs,28.14,35.13,28.03,28.54,28.81,29.17,29.8,31.16,31.57,31.53
IQV,IQVIA,Health Care,Life Sciences Tools & Services,200.86,237.34,134.65,204.13,192.88,190.09,188.22,172.9,168.21,177.02
IRM,Iron Mountain,Real Estate,Other Specialized REITs,105.89,126.21,71.19,104.52,102.79,101.27,95.63,97.24,95.41,94.86
JBHT,J.B. Hunt,Industrials,Cargo Ground Transportation,140.0,198.61,122.01,137.3,135.52,135.52,140.29,142.5,140.68,148.7
JBL,Jabil,Information Technology,Electronic Manufacturing Services,202.62,237.14,108.57,210.48,215.27,216.49,215.55,205.98,193.42,177.33
JKHY,Jack Henry & Associates,Financials,Transaction & Payment Processing Services,149.63,194.68,144.12,147.24,148.56,152.57,159.0,169.17,169.84,171.15
J,Jacobs Solutions,Industrials,Construction & Engineering,155.31,157.18,104.68,154.28,151.13,149.45,147.23,139.0,135.08,132.21
JNJ,Johnson & Johnson,Health Care,Pharmaceuticals,188.89,189.92,137.37,187.54,183.89,180.17,176.38,165.65,162.87,158.72
JCI,Johnson Controls,Industrials,Building Products,108.31,112.63,67.78,108.85,108.17,108.09,106.78,105.28,100.93,93.39
JPM,JPMorgan Chase,Financials,Diversified Banks,307.69,316.47,200.22,308.13,310.71,309.41,299.67,287.63,278.43,266.5
K,Kellanova,Consumer Staples,Packaged Foods & Meats,82.9,83.0,76.48,82.68,80.94,79.71,79.51,79.67,79.99,80.16
KVUE,Kenvue,Consumer Staples,Personal Care Products,16.22,24.71,15.47,15.86,16.13,17.15,19.44,20.67,21.09,21.29
KDP,Keurig Dr Pepper,Consumer Staples,Soft Drinks & Non-alcoholic Beverages,25.33,36.17,25.03,25.56,25.6,26.18,29.7,31.28,31.81,31.84
KEY,KeyCorp,Financials,Regional Banks,18.41,19.41,12.43,18.51,18.66,18.79,18.47,17.65,17.03,16.74
KEYS,Keysight Technologies,Information Technology,Electronic Equipment & Instruments,170.07,186.2,121.43,173.0,173.33,173.71,168.18,165.43,161.26,161.73
KMB,Kimberly-Clark,Consumer Staples,Household Products,122.33,147.59,119.63,122.26,122.62,124.29,127.9,129.59,130.16,130.62
KIM,Kimco Realty,Real Estate,Retail REITs,21.37,24.7,17.52,21.45,21.55,21.84,21.65,21.29,21.04,21.1
KMI,Kinder Morgan,Energy,Oil & Gas Storage & Transportation,28.01,30.49,22.08,28.18,28.16,27.8,27.29,27.47,27.26,27.1
KKR,KKR & Co.,Financials,Asset Management & Custody Banks,124.72,169.7,85.9,126.27,130.34,137.85,140.14,135.4,130.64,132.54
KLAC,KLA Corporation,Information Technology,Semiconductor Materials & Equipment,1084.74,1155.0,548.81,1118.83,1092.89,1049.41,956.11,908.07,863.77,801.95
KHC,Kraft Heinz,Consumer Staples,Packaged Foods & Meats,25.42,34.37,24.97,25.82,25.94,26.07,26.73,26.56,26.86,27.6
KR,Kroger,Consumer Staples,Food Retail,66.88,74.52,53.78,66.17,66.12,66.32,68.55,68.79,68.98,66.64
LHX,L3Harris,Industrials,Aerospace & Defense,301.43,305.94,190.25,299.68,296.76,289.41,279.6,264.46,254.81,236.82
LH,Labcorp,Health Care,Health Care Services,279.62,289.2,208.23,278.02,279.6,278.27,273.71,263.61,257.43,250.18
LRCX,Lam Research,Information Technology,Semiconductor Materials & Equipment,140.35,153.7,56.07,145.02,137.49,129.57,112.12,102.13,95.96,88.67
LW,Lamb Weston,Consumer Staples,Packaged Foods & Meats,63.31,82.35,47.25,62.75,58.93,57.5,56.24,54.66,54.11,55.11
LVS,Las Vegas Sands,Consumer Discretionary,Casinos & Gaming,51.8,58.05,29.84,52.97,53.4,53.37,53.8,49.11,46.48,45.44
LDOS,Leidos,Industrials,Diversified Support Services,197.0,200.78,122.65,195.03,190.44,187.56,180.34,167.59,163.26,154.14
LEN,Lennar,Consumer Discretionary,Homebuilding,122.14,181.28,97.54,127.03,126.46,129.22,128.66,119.31,116.84,119.34
LII,Lennox International,Industrials,Building Products,542.03,687.72,496.64,545.99,533.53,539.31,566.33,574.38,570.15,580.71
LLY,Lilly (Eli),Health Care,Pharmaceuticals,843.63,931.67,622.41,834.76,784.43,770.02,737.3,754.03,761.5,782.03
LIN,Linde plc,Materials,Industrial Gases,470.37,484.83,406.06,468.39,471.57,474.74,473.65,469.05,464.45,456.26
LYV,Live Nation Entertainment,Communication Services,Movies & Entertainment,155.33,175.25,109.15,156.63,159.68,164.26,161.37,153.68,149.45,144.07
LKQ,LKQ Corporation,Consumer Discretionary,Distributors,29.97,43.77,28.65,30.86,30.58,31.09,30.96,34.64,35.61,36.71
LMT,Lockheed Martin,Industrials,Aerospace & Defense,511.07,602.02,407.14,505.63,497.74,485.88,457.4,459.08,459.85,457.44
L,Loews Corporation,Financials,Multi-line Insurance,102.99,103.19,74.95,101.77,100.75,98.89,96.41,93.13,91.78,89.34
LOW,Lowe's,Consumer Discretionary,Home Improvement Retail,239.89,281.56,204.22,244.65,249.78,258.61,253.73,238.22,234.77,237.34
LULU,Lululemon Athletica,Consumer Discretionary,"Apparel, Accessories & Luxury Goods",173.17,423.32,159.25,175.73,176.32,171.23,186.21,223.85,233.5,281.13
LYB,LyondellBasell,Materials,Specialty Chemicals,49.13,89.21,46.44,49.01,49.3,51.15,52.57,55.45,55.36,60.72
MTB,M&T Bank,Financials,Regional Banks,189.58,219.44,148.52,193.01,195.93,197.33,194.54,191.23,186.32,185.43
MPC,Marathon Petroleum,Energy,Oil & Gas Refining & Marketing,191.54,201.61,113.82,192.55,194.02,189.03,177.36,172.1,164.99,156.74
MKTX,MarketAxess,Financials,Financial Exchanges & Data,168.14,292.5,161.61,169.39,173.62,177.89,185.44,201.4,204.98,207.02
MAR,Marriott International,Consumer Discretionary,"Hotels, Resorts & Cruise Lines",267.45,305.27,204.35,267.0,264.95,264.99,264.99,266.7,261.16,263.53
MMC,Marsh McLennan,Financials,Insurance Brokers,203.84,245.83,194.14,201.26,200.08,198.84,202.02,209.95,212.61,216.42
MLM,Martin Marietta Materials,Materials,Construction Materials,629.61,640.0,440.72,629.68,622.85,619.85,611.19,583.02,568.91,545.2
MAS,Masco,Industrials,Building Products,68.53,85.23,56.02,69.78,70.19,71.55,71.8,68.02,66.7,69.06
MA,Mastercard,Financials,Transaction & Payment Processing Services,579.84,601.77,464.22,578.04,572.84,578.48,580.0,573.23,566.43,555.88
MTCH,Match Group,Communication Services,Interactive Media & Services,33.1,38.99,26.09,34.09,34.95,36.2,36.39,33.75,32.8,32.44
MKC,McCormick & Company,Consumer Staples,Packaged Foods & Meats,65.62,85.22,63.66,67.73,66.79,66.79,68.84,70.98,71.78,73.85
MCD,McDonald's,Consumer Discretionary,Restaurants,296.32,322.65,271.85,298.75,301.25,302.61,305.7,302.66,304.07,300.47
MCK,McKesson Corporation,Health Care,Health Care Distributors,750.13,776.14,478.28,750.65,754.53,729.9,704.33,710.37,707.11,673.07
MDT,Medtronic,Health Care,Health Care Equipment,98.33,99.37,77.57,96.95,95.82,95.06,93.19,89.99,88.6,87.89
MRK,Merck & Co.,Health Care,Pharmaceuticals,87.61,107.6,71.87,89.05,84.36,82.99,82.49,80.68,80.18,84.17
META,Meta Platforms,Communication Services,Interactive Media & Services,713.08,795.71,479.11,716.74,731.48,748.39,752.27,721.73,689.78,667.15
MET,MetLife,Financials,Life & Health Insurance,82.75,87.17,64.24,82.15,81.77,80.78,79.16,78.67,77.83,78.95
MTD,Mettler Toledo,Health Care,Life Sciences Tools & Services,1309.12,1486.76,946.69,1311.76,1263.4,1265.36,1273.84,1229.42,1196.76,1218.64
MGM,MGM Resorts,Consumer Discretionary,Casinos & Gaming,33.12,42.54,25.3,34.08,34.62,34.97,36.04,35.37,34.54,34.05
MCHP,Microchip Technology,Information Technology,Semiconductors,64.96,77.26,33.63,65.67,65.17,65.06,65.43,66.35,62.2,59.02
MU,Micron Technology,Information Technology,Semiconductors,185.69,201.0,61.44,186.03,173.67,166.14,137.74,124.95,115.57,107.24
MSFT,Microsoft,Information Technology,Systems Software,523.98,554.54,343.59,521.07,516.65,513.11,513.2,497.9,479.04,451.56
MAA,Mid-America Apartment Communities,Real Estate,Multi-Family Residential REITs,136.22,170.0,135.42,136.64,138.03,139.57,141.41,145.99,148.37,150.59
MRNA,Moderna,Health Care,Biotechnology,27.34,62.11,23.15,27.87,26.55,25.77,26.23,27.5,27.21,30.23
MHK,Mohawk Industries,Consumer Discretionary,Home Furnishings,122.58,164.29,96.24,127.23,127.52,130.57,128.52,117.51,115.04,116.25
MOH,Molina Healthcare,Health Care,Managed Health Care,203.26,359.97,151.95,198.57,194.91,187.29,175.3,221.07,241.72,265.04
TAP,Molson Coors Beverage Company,Consumer Staples,Brewers,46.18,63.47,43.8,46.09,45.6,46.37,48.55,49.54,50.95,53.07
MDLZ,Mondelez International,Consumer Staples,Packaged Foods & Meats,62.6,70.58,52.78,62.4,62.54,62.4,62.2,64.5,64.73,63.12
MPWR,Monolithic Power Systems,Information Technology,Semiconductors,945.49,972.74,437.16,926.27,911.17,891.26,847.07,777.9,737.89,692.24
MNST,Monster Beverage,Consumer Staples,Soft Drinks & Non-alcoholic Beverages,68.15,68.28,45.7,67.53,66.39,65.42,63.58,62.84,62.09,58.51
MCO,Moody's Corporation,Financials,Financial Exchanges & Data,488.43,528.95,377.3,483.78,480.04,489.71,502.26,495.51,485.76,481.47
MS,Morgan Stanley,Financials,Investment Banking & Brokerage,155.97,163.98,92.93,156.77,158.09,157.92,150.69,142.6,136.99,132.29
MOS,Mosaic Company (The),Materials,Fertilizers & Agricultural Chemicals,35.41,37.97,21.99,34.77,34.93,34.38,33.55,34.62,33.48,30.51
MSI,Motorola Solutions,Information Technology,Communications Equipment,458.5,502.83,387.0,454.7,455.23,466.64,461.69,439.26,435.09,438.18
MSCI,MSCI Inc.,Financials,Financial Exchanges & Data,569.11,636.39,483.67,561.48,564.02,567.36,563.45,563.07,559.15,565.35
NDAQ,"Nasdaq, Inc.",Financials,Financial Exchanges & Data,88.44,97.36,64.46,87.69,87.7,89.81,92.87,89.71,86.78,83.26
NTAP,NetApp,Information Technology,"Technology Hardware, Storage & Peripherals",117.99,132.76,71.18,118.93,119.3,121.56,114.28,108.63,104.48,105.56
NFLX,Netflix,Communication Services,Movies & Entertainment,1191.06,1341.15,677.88,1168.22,1186.93,1201.04,1206.79,1220.1,1189.46,1096.43
NEM,Newmont,Materials,Gold,86.95,89.37,36.35,86.94,85.59,82.94,75.0,65.83,63.2,55.58
NWSA,News Corp (Class A),Communication Services,Publishing,27.38,31.61,23.3,28.26,29.39,29.69,29.46,29.07,28.64,28.24
NWS,News Corp (Class B),Communication Services,Publishing,30.89,35.47,26.17,31.91,32.92,32.97,33.38,33.23,32.81,32.19
NEE,NextEra Energy,Utilities,Multi-Utilities,83.21,84.61,60.75,80.45,77.83,74.52,73.18,72.45,71.22,70.42
NKE,"Nike, Inc.",Consumer Discretionary,"Apparel, Accessories & Luxury Goods",68.91,82.92,51.67,72.16,70.98,71.73,74.09,70.32,67.62,69.13
NI,NiSource,Utilities,Multi-Utilities,43.59,44.52,32.69,43.55,43.1,41.84,41.98,40.76,40.34,39.33
NDSN,Nordson Corporation,Industrials,Industrial Machinery & Supplies & Components,230.85,262.94,163.83,231.84,228.52,226.89,221.52,216.98,211.05,209.57
NSC,Norfolk Southern,Industrials,Rail Transportation,295.86,302.24,199.43,298.53,297.8,289.07,283.14,269.22,259.65,251.38
NTRS,Northern Trust,Financials,Asset Management & Custody Banks,132.45,135.48,80.54,132.3,132.42,131.26,129.1,122.64,116.75,111.39
NOC,Northrop Grumman,Industrials,Aerospace & Defense,621.63,627.81,420.66,612.02,603.0,589.99,585.68,542.7,532.34,509.99
NCLH,Norwegian Cruise Line Holdings,Consumer Discretionary,"Hotels, Resorts & Cruise Lines",23.9,29.29,14.21,24.22,24.57,25.17,24.84,22.53,21.47,22.32
NRG,NRG Energy,Utilities,Independent Power Producers & Energy Traders,162.61,175.96,79.04,164.41,164.65,164.61,157.55,155.97,147.02,128.78
NUE,Nucor,Materials,Steel,135.8,167.56,96.79,136.77,136.24,137.43,140.87,133.85,129.88,127.81
NVDA,Nvidia,Information Technology,Semiconductors,185.04,191.05,86.61,186.87,183.56,180.29,178.5,164.84,154.24,143.58
NVR,"NVR, Inc.",Consumer Discretionary,Homebuilding,7840.11,9964.77,6562.85,8038.99,8030.08,8119.42,8081.67,7720.64,7604.58,7617.84
NXPI,NXP Semiconductors,Information Technology,Semiconductors,219.58,251.87,146.73,226.5,226.69,224.36,223.61,218.78,211.6,209.88
ORLY,O’Reilly Automotive,Consumer Discretionary,Automotive Retail,101.85,108.72,76.1,104.12,105.01,105.08,103.69,97.6,96.41,92.75
OXY,Occidental Petroleum,Energy,Oil & Gas Exploration & Production,45.33,55.34,34.4,45.51,46.42,46.41,45.43,44.28,43.35,44.92
ODFL,Old Dominion,Industrials,Cargo Ground Transportation,141.36,231.78,133.69,141.07,140.72,142.17,146.82,155.17,155.28,164.19
OMC,Omnicom Group,Communication Services,Advertising,79.76,103.32,67.76,78.03,78.08,77.2,76.11,74.07,74.07,76.73
ON,ON Semiconductor,Information Technology,Semiconductors,48.17,76.06,31.04,48.98,49.48,49.63,50.13,51.23,48.73,49.59
OKE,Oneok,Energy,Oil & Gas Storage & Transportation,72.45,113.92,70.63,72.7,73.06,72.88,74.36,77.52,78.42,84.89
ORCL,Oracle Corporation,Information Technology,Application Software,284.24,345.72,118.18,287.95,288.7,298.64,264.49,233.92,215.37,194.69
OTIS,Otis Worldwide,Industrials,Industrial Machinery & Supplies & Components,90.4,105.86,83.85,91.47,90.86,90.06,88.17,92.26,92.89,94.12
PCAR,Paccar,Industrials,Construction Machinery & Heavy Transportation Equipment,96.68,114.66,84.08,98.02,98.12,99.29,98.85,96.91,95.52,98.51
PKG,Packaging Corporation of America,Materials,Paper & Plastic Packaging Products & Materials,210.55,244.78,170.61,213.7,214.71,213.78,207.24,200.84,197.42,201.9
PLTR,Palantir Technologies,Information Technology,Application Software,182.17,190.0,38.78,181.35,180.43,176.89,169.84,153.67,144.53,122.62
PANW,Palo Alto Networks,Information Technology,Systems Software,211.04,214.01,144.15,209.38,205.98,204.14,190.77,193.6,190.75,187.95
PSKY,Paramount Skydance Corporation,Communication Services,Movies & Entertainment,18.51,20.86,9.92,18.85,18.96,18.5,15.62,13.98,13.44,12.52
PH,Parker Hannifin,Industrials,Industrial Machinery & Supplies & Components,750.68,779.77,485.92,758.14,754.7,756.24,746.84,716.25,692.98,673.64
PAYX,Paychex,Industrials,Human Resource & Employment Services,127.02,160.03,119.02,124.69,126.19,129.12,134.98,142.22,142.81,143.14
PAYC,Paycom,Industrials,Human Resource & Employment Services,203.71,267.33,158.79,201.28,208.25,213.58,220.79,231.5,230.68,222.65
PYPL,PayPal,Financials,Transaction & Payment Processing Services,74.61,93.66,55.85,70.15,68.94,68.17,68.63,70.99,69.91,72.81
PNR,Pentair,Industrials,Industrial Machinery & Supplies & Components,110.66,113.95,73.85,111.56,110.53,110.56,107.77,104.6,101.37,98.75
PEP,PepsiCo,Consumer Staples,Soft Drinks & Non-alcoholic Beverages,140.79,170.89,125.14,141.58,141.11,141.44,143.4,137.74,137.0,140.06
PFE,Pfizer,Health Care,Pharmaceuticals,26.27,28.43,20.18,26.68,25.28,24.75,24.71,24.25,23.8,24.25
PCG,PG&E Corporation,Utilities,Multi-Utilities,16.2,21.59,12.95,15.89,15.35,15.22,15.06,14.91,15.33,15.92
PM,Philip Morris International,Consumer Staples,Tobacco,154.55,183.57,113.18,155.43,158.66,160.6,163.05,169.32,168.04,156.39
PSX,Phillips 66,Energy,Oil & Gas Refining & Marketing,132.37,142.35,89.26,133.57,135.66,133.58,128.6,124.59,120.31,119.32
PNW,Pinnacle West Capital,Utilities,Multi-Utilities,91.98,94.64,79.08,89.58,88.26,87.61,89.46,89.51,89.9,88.78
PNC,PNC Financial Services,Financials,Diversified Banks,193.81,210.46,142.39,196.9,199.74,201.5,198.4,190.81,184.49,184.01
POOL,Pool Corporation,Consumer Discretionary,Distributors,301.09,391.14,281.15,308.4,308.75,315.82,315.51,308.37,306.67,317.32
PPG,PPG Industries,Materials,Specialty Chemicals,101.7,129.03,89.08,103.65,104.04,106.59,108.31,110.52,109.19,110.61
PPL,PPL Corporation,Utilities,Electric Utilities,37.49,37.81,30.41,36.87,36.8,36.31,36.18,35.17,35.13,34.37
PFG,Principal Financial Group,Financials,Life & Health Insurance,83.57,88.63,67.06,83.86,83.06,82.37,79.69,78.79,77.81,78.58
PG,Procter & Gamble,Consumer Staples,Personal Care Products,152.54,177.66,149.91,152.09,152.47,154.64,155.29,157.68,158.39,160.88
PGR,Progressive Corporation,Financials,Property & Casualty Insurance,243.89,292.65,228.28,243.99,243.65,243.87,245.02,254.71,258.78,258.74
PLD,Prologis,Real Estate,Industrial REITs,115.97,123.15,83.8,116.55,115.18,114.41,110.6,108.44,106.91,108.2
PRU,Prudential Financial,Financials,Life & Health Insurance,103.71,125.75,88.12,103.18,103.38,103.87,104.66,104.16,103.26,105.78
PEG,Public Service Enterprise Group,Utilities,Electric Utilities,80.52,92.35,73.5,81.7,82.06,81.92,83.39,82.18,81.62,81.59
PTC,PTC Inc.,Information Technology,Application Software,202.26,219.69,133.38,203.14,203.18,204.18,208.05,193.22,185.42,180.24
PSA,Public Storage,Real Estate,Self-Storage REITs,293.53,342.02,251.43,291.54,288.24,286.48,284.73,287.96,288.08,288.69
PHM,PulteGroup,Consumer Discretionary,Homebuilding,129.6,148.31,87.74,134.4,132.81,133.32,129.53,117.49,113.94,111.32
PWR,Quanta Services,Industrials,Construction & Engineering,421.51,434.39,226.97,422.4,414.37,400.49,390.78,379.76,362.97,335.56
QCOM,Qualcomm,Information Technology,Semiconductors,165.46,178.09,119.4,167.72,168.27,166.49,159.3,156.44,153.35,154.96
DGX,Quest Diagnostics,Health Care,Health Care Services,181.89,190.64,143.46,180.22,183.75,182.88,179.4,176.22,175.13,169.68
RL,Ralph Lauren Corporation,Consumer Discretionary,"Apparel, Accessories & Luxury Goods",324.77,325.81,175.49,321.5,315.47,313.53,303.36,290.48,277.13,263.15
RJF,Raymond James Financial,Financials,Investment Banking & Brokerage,165.64,177.15,116.85,166.49,169.85,170.4,167.51,159.9,155.61,154.16
RTX,RTX Corporation,Industrials,Aerospace & Defense,169.27,170.36,111.21,167.7,165.47,161.74,158.45,150.63,145.66,137.49
O,Realty Income,Real Estate,Retail REITs,59.63,61.34,49.31,60.09,60.06,59.74,58.42,57.18,56.78,55.37
REG,Regency Centers,Real Estate,Retail REITs,71.48,75.93,62.21,71.65,71.74,71.31,71.36,70.74,70.63,70.69
REGN,Regeneron Pharmaceuticals,Health Care,Biotechnology,583.24,1019.99,475.77,593.73,578.81,577.98,572.47,557.98,560.84,605.7
RF,Regions Financial Corporation,Financials,Regional Banks,25.73,27.61,17.36,26.08,26.31,26.63,26.18,24.56,23.64,23.18
RSG,Republic Services,Industrials,Environmental & Facilities Services,222.75,257.43,195.57,223.86,225.72,226.37,230.29,238.24,239.31,232.49
RMD,ResMed,Health Care,Health Care Equipment,283.28,293.81,199.07,278.15,274.73,273.73,278.32,265.99,258.6,248.04
RVTY,Revvity,Health Care,Health Care Equipment,91.19,129.23,81.36,92.37,88.53,86.87,88.06,91.69,92.12,100.11
ROK,Rockwell Automation,Industrials,Electrical Components & Equipment,344.22,359.54,213.27,348.04,346.04,345.65,344.09,336.27,319.52,302.28
ROL,"Rollins, Inc.",Industrials,Environmental & Facilities Services,57.98,59.12,44.94,58.29,57.97,57.08,57.28,56.88,56.58,53.98
ROP,Roper Technologies,Information Technology,Electronic Equipment & Instruments,510.57,592.47,491.43,500.46,500.31,504.9,521.55,542.31,545.45,548.72
ROST,Ross Stores,Consumer Discretionary,Apparel Retail,150.34,157.03,121.69,152.95,151.27,149.35,147.21,141.6,141.18,140.58
RCL,Royal Caribbean Group,Consumer Discretionary,"Hotels, Resorts & Cruise Lines",314.75,365.38,163.05,316.45,321.0,325.84,329.04,311.14,291.63,268.63
SPGI,S&P Global,Financials,Financial Exchanges & Data,481.22,578.04,425.6,479.54,483.86,506.01,532.66,525.28,517.19,512.24
CRM,Salesforce,Information Technology,Application Software,239.74,366.78,226.09,240.09,241.28,242.6,245.59,257.04,258.56,277.25
SBAC,SBA Communications,Real Estate,Telecom Tower REITs,188.53,247.78,186.81,190.55,192.71,195.57,206.96,218.66,220.41,215.19
SLB,Schlumberger,Energy,Oil & Gas Equipment & Services,34.41,44.81,30.61,34.49,34.67,34.84,34.41,34.43,34.31,36.25
STX,Seagate Technology,Information Technology,"Technology Hardware, Storage & Peripherals",225.01,264.83,62.66,246.44,235.57,223.29,186.28,159.42,144.4,124.26
SRE,Sempra,Utilities,Multi-Utilities,94.01,94.05,60.93,91.29,89.53,86.08,83.12,79.33,77.86,77.32
NOW,ServiceNow,Information Technology,Systems Software,904.24,1198.09,678.66,910.39,920.11,930.3,912.8,956.83,945.71,951.81
SHW,Sherwin-Williams,Materials,Specialty Chemicals,337.0,397.81,307.5,341.13,341.98,347.69,354.27,351.11,349.21,348.34
SPG,Simon Property Group,Real Estate,Retail REITs,178.92,188.43,132.99,182.82,183.87,182.86,175.76,167.45,164.44,165.39
SWKS,Skyworks Solutions,Information Technology,Semiconductors,74.34,97.73,47.01,76.43,77.99,76.91,74.21,73.22,70.68,72.21
SJM,J.M. Smucker Company (The),Consumer Staples,Packaged Foods & Meats,108.14,121.73,92.38,107.96,108.33,107.77,109.24,106.81,107.92,107.29
SW,Smurfit Westrock,Materials,Paper & Plastic Packaging Products & Materials,41.18,55.46,36.31,41.6,42.05,43.19,44.16,44.29,43.64,45.72
SNA,Snap-on,Industrials,Industrial Machinery & Supplies & Components,336.84,366.68,277.22,343.84,342.86,338.89,329.8,323.75,321.62,325.96
SOLV,Solventum,Health Care,Health Care Technology,72.16,85.92,60.7,73.52,72.64,73.07,72.78,73.52,72.25,72.59
SO,Southern Company,Utilities,Electric Utilities,96.42,96.77,78.5,95.03,94.65,93.35,93.35,91.76,91.17,88.7
LUV,Southwest Airlines,Industrials,Passenger Airlines,32.39,37.75,23.55,32.42,32.43,32.22,31.53,32.4,31.42,31.31
SWK,Stanley Black & Decker,Industrials,Industrial Machinery & Supplies & Components,73.19,105.27,52.62,74.12,74.12,75.81,73.63,70.65,68.52,72.78
SBUX,Starbucks,Consumer Discretionary,Restaurants,81.29,115.87,74.48,84.19,84.27,83.95,87.03,88.69,87.43,91.73
STT,State Street Corporation,Financials,Asset Management & Custody Banks,116.89,117.98,71.77,115.39,114.59,113.02,112.14,106.66,102.38,98.78
STLD,Steel Dynamics,Materials,Steel,142.73,153.16,102.41,142.97,140.33,137.93,131.61,131.18,129.99,127.43
STE,Steris,Health Care,Health Care Equipment,241.56,253.0,199.47,243.04,244.91,246.86,242.66,239.81,236.29,229.01
SYK,Stryker Corporation,Health Care,Health Care Equipment,369.24,403.95,327.71,367.31,368.16,373.25,380.94,383.45,379.7,377.65
SMCI,Supermicro,Information Technology,"Technology Hardware, Storage & Peripherals",55.07,66.44,17.25,53.31,49.91,47.64,47.03,46.66,44.12,41.39
SYF,Synchrony Financial,Financials,Consumer Finance,70.9,77.41,40.15,70.73,72.14,73.83,73.03,68.54,65.15,63.39
SNPS,Synopsys,Information Technology,Application Software,477.83,651.73,365.74,477.03,480.32,465.29,554.35,537.17,520.06,505.15
SYY,Sysco,Consumer Staples,Food Distributors,79.95,83.13,66.22,81.59,81.44,81.17,80.37,77.5,76.03,74.57
TMUS,T-Mobile US,Communication Services,Wireless Telecommunication Services,227.68,274.51,203.29,229.26,233.75,236.58,243.41,238.97,240.94,241.37
TROW,T. Rowe Price,Financials,Asset Management & Custody Banks,105.78,119.7,75.88,103.51,103.38,104.12,104.82,100.51,97.9,99.23
TTWO,Take-Two Interactive,Communication Services,Interactive Home Entertainment,260.5,261.47,147.78,257.5,255.12,251.85,239.48,236.72,233.5,220.25
TPR,"Tapestry, Inc.",Consumer Discretionary,"Apparel, Accessories & Luxury Goods",115.26,117.77,42.3,115.01,113.0,111.79,107.27,97.75,92.17,84.91
TRGP,Targa Resources,Energy,Oil & Gas Storage & Transportation,166.44,215.2,148.27,164.41,167.68,166.73,165.34,165.76,165.85,175.6
TGT,Target Corporation,Consumer Staples,Consumer Staples Merchandise Retail,89.27,155.5,85.44,89.18,88.77,88.92,95.15,96.72,96.01,105.2
TEL,TE Connectivity,Information Technology,Electronic Manufacturing Services,222.07,225.26,115.38,221.73,219.31,216.74,209.31,189.59,179.93,166.7
TDY,Teledyne Technologies,Information Technology,Electronic Equipment & Instruments,588.57,595.62,419.0,585.41,579.95,569.66,555.17,533.49,520.79,508.85
TER,Teradyne,Information Technology,Semiconductor Materials & Equipment,140.14,150.71,65.6,143.86,139.27,129.46,118.73,103.15,97.61,102.42
TSLA,"Tesla, Inc.",Consumer Discretionary,Automobile Manufacturers,433.09,488.54,212.11,442.33,440.61,423.96,368.56,347.05,332.6,334.91
TXN,Texas Instruments,Information Technology,Semiconductors,177.05,220.1,137.77,180.38,181.99,181.48,188.37,193.4,186.62,184.87
TPL,Texas Pacific Land Corporation,Energy,Oil & Gas Exploration & Production,959.61,1759.83,844.11,961.32,947.58,932.92,920.45,1011.76,1069.95,1155.49
TXT,Textron,Industrials,Aerospace & Defense,85.03,91.21,57.67,86.16,84.79,83.74,81.18,80.06,77.85,76.51
TMO,Thermo Fisher Scientific,Health Care,Life Sciences Tools & Services,539.17,609.27,385.11,536.43,502.06,490.0,484.23,449.63,444.76,477.14
TJX,TJX Companies,Consumer Discretionary,Apparel Retail,142.66,145.58,109.83,142.78,142.7,141.34,136.91,131.22,130.41,126.74
TKO,TKO Group Holdings,Communication Services,Movies & Entertainment,197.96,212.49,113.01,198.04,198.81,199.89,188.07,177.78,173.42,164.63
TTD,Trade Desk (The),Communication Services,Advertising,53.49,141.53,42.96,51.68,49.78,47.58,56.36,65.7,63.82,74.07
TSCO,Tractor Supply,Consumer Discretionary,Other Specialty Retail,53.71,63.75,46.46,55.28,56.02,57.66,59.13,56.15,54.99,54.57
TT,Trane Technologies,Industrials,Building Products,423.11,475.11,296.82,424.18,418.3,411.96,420.11,426.4,414.62,393.44
TDG,TransDigm Group,Industrials,Aerospace & Defense,1284.38,1519.36,1107.45,1295.17,1295.02,1291.2,1324.49,1357.77,1342.09,1303.97
TRV,Travelers Companies (The),Financials,Property & Casualty Insurance,284.97,286.85,220.97,281.91,279.39,277.76,271.74,267.87,265.84,258.22
TRMB,Trimble Inc.,Information Technology,Electronic Equipment & Instruments,79.3,87.5,52.91,80.09,80.52,80.96,81.67,78.61,75.41,73.7
TFC,Truist Financial,Financials,Diversified Banks,45.2,47.46,32.72,45.47,45.66,45.49,45.01,43.29,42.01,42.24
TYL,Tyler Technologies,Information Technology,Application Software,485.73,661.31,483.56,496.73,511.08,524.76,552.42,562.99,561.52,572.36
TSN,Tyson Foods,Consumer Staples,Packaged Foods & Meats,54.21,63.75,51.39,54.39,54.26,54.34,55.09,54.84,55.5,56.23
USB,U.S. Bancorp,Financials,Diversified Banks,47.5,51.66,34.43,47.82,48.2,48.56,47.17,45.72,44.46,44.39
UBER,Uber,Industrials,Passenger Ground Transportation,97.8,101.99,59.33,97.54,97.91,97.19,94.18,91.82,89.31,82.25
UDR,"UDR, Inc.",Real Estate,Multi-Family Residential REITs,36.13,45.5,35.84,36.37,36.7,37.23,38.13,39.37,39.73,40.52
ULTA,Ulta Beauty,Consumer Discretionary,Other Specialty Retail,556.77,567.99,309.01,558.8,552.15,537.63,525.92,495.17,472.57,439.94
UNP,Union Pacific Corporation,Industrials,Rail Transportation,231.86,252.32,202.16,235.07,234.54,226.79,223.4,224.55,222.8,226.97
UAL,United Airlines Holdings,Industrials,Passenger Airlines,96.65,116.0,52.0,95.41,97.06,101.42,99.46,90.54,86.62,88.73
UPS,United Parcel Service,Industrials,Air Freight & Logistics,85.98,136.36,82.0,85.87,84.76,84.58,85.41,91.79,92.15,100.27
URI,United Rentals,Industrials,Trading Companies & Distributors,988.59,1003.57,523.58,979.57,961.07,953.68,929.5,839.48,797.5,753.24
UNH,UnitedHealth Group,Health Care,Managed Health Care,363.66,617.34,233.13,356.93,351.66,347.63,309.27,303.47,330.41,395.38
UHS,Universal Health Services,Health Care,Health Care Facilities,209.7,239.23,152.16,206.57,203.65,196.7,184.8,182.02,180.99,181.13
VLO,Valero Energy,Energy,Oil & Gas Refining & Marketing,163.17,178.43,97.37,163.87,168.26,165.13,151.8,144.19,138.26,134.16
VTR,Ventas,Real Estate,Health Care REITs,68.85,70.52,55.47,69.55,69.07,68.52,67.9,65.66,65.7,64.36
VLTO,Veralto,Industrials,Environmental & Facilities Services,104.84,114.5,83.69,106.12,105.66,106.29,106.6,103.67,101.55,100.67
VRSN,Verisign,Information Technology,Internet Services & Infrastructure,270.29,309.71,174.64,272.88,278.17,282.04,275.51,278.69,275.82,256.48
VRSK,Verisk Analytics,Industrials,Research & Consulting Services,246.09,321.9,239.83,247.44,247.15,249.66,261.15,284.33,286.27,286.08
VZ,Verizon,Communication Services,Integrated Telecommunication Services,41.4,45.87,36.41,42.75,43.11,43.41,43.57,42.97,42.9,41.88
VRTX,Vertex Pharmaceuticals,Health Care,Biotechnology,410.28,519.88,362.5,405.91,396.07,392.3,398.34,425.72,435.79,444.92
VTRS,Viatris,Health Care,Pharmaceuticals,10.14,13.04,6.68,10.13,9.89,9.86,9.94,9.38,9.1,9.5
VICI,Vici Properties,Real Estate,Hotel & Resort REITs,31.99,33.54,26.86,32.5,32.41,32.32,32.53,32.16,31.92,30.99
V,Visa Inc.,Financials,Transaction & Payment Processing Services,352.42,374.85,271.33,349.06,343.78,342.35,343.55,349.91,347.8,342.45
VST,Vistra Corp.,Utilities,Electric Utilities,199.62,219.82,90.3,201.24,201.09,205.36,200.69,189.68,177.37,165.05
VMC,Vulcan Materials Company,Materials,Construction Materials,300.9,309.17,214.34,303.06,301.38,298.79,292.06,278.65,273.43,265.39
WRB,W. R. Berkley Corporation,Financials,Property & Casualty Insurance,77.77,77.95,54.89,76.64,76.11,74.57,72.4,71.91,71.52,67.51
GWW,W. W. Grainger,Industrials,Industrial Machinery & Supplies & Components,958.82,1219.65,889.92,954.41,953.74,975.11,984.28,1020.38,1019.58,1022.59
WAB,Wabtec,Industrials,Construction Machinery & Heavy Transportation Equipment,197.8,215.82,151.42,199.12,197.71,194.05,192.6,199.19,195.95,193.51
WBA,Walgreens Boots Alliance,Consumer Staples,Drug Retail,11.98,,,11.98,12.03,11.93,11.67,11.39,11.33,10.81
WMT,Walmart,Consumer Staples,Consumer Staples Merchandise Retail,103.24,106.11,78.22,102.33,102.67,102.8,100.95,98.77,98.0,95.86
DIS,Walt Disney Company (The),Communication Services,Movies & Entertainment,112.53,124.69,79.76,112.57,113.2,114.06,115.84,116.73,111.9,109.7
WBD,Warner Bros. Discovery,Communication Services,Broadcasting,18.6,20.24,7.25,19.05,19.28,18.66,14.69,12.79,11.93,11.34
WM,Waste Management,Industrials,Environmental & Facilities Services,217.56,240.84,197.52,218.36,218.73,217.76,223.35,226.93,227.18,223.64
WAT,Waters Corporation,Health Care,Life Sciences Tools & Services,318.35,423.56,275.05,323.22,307.75,304.16,297.66,317.66,321.78,344.0
WEC,WEC Energy Group,Utilities,Electric Utilities,115.2,115.9,89.63,113.61,113.3,111.64,109.47,107.22,106.94,104.11
WFC,Wells Fargo,Financials,Diversified Banks,81.14,86.66,54.76,80.77,82.58,82.59,80.64,79.07,77.0,75.42
WELL,Welltower,Real Estate,Health Care REITs,173.0,180.4,120.11,175.41,174.9,171.32,168.3,160.6,157.68,150.72
WST,West Pharmaceutical Services,Health Care,Health Care Supplies,265.97,351.24,187.09,270.24,264.98,260.38,251.12,236.13,231.09,248.02
WDC,Western Digital,Information Technology,"Technology Hardware, Storage & Peripherals",119.93,137.4,28.74,127.67,119.89,111.43,91.95,75.82,68.8,60.3
WY,Weyerhaeuser,Real Estate,Timber REITs,24.42,32.6,23.71,24.88,24.74,24.74,25.25,25.58,25.54,26.73
WSM,"Williams-Sonoma, Inc.",Consumer Discretionary,Homefurnishing Retail,189.06,218.08,123.89,195.22,196.64,197.91,198.09,181.9,176.05,180.13
WMB,Williams Companies,Energy,Oil & Gas Storage & Transportation,63.97,65.55,46.77,63.96,63.73,61.53,59.07,58.86,58.53,57.4
WTW,Willis Towers Watson,Financials,Insurance Brokers,349.93,352.79,283.14,347.27,344.37,339.45,331.61,318.46,316.95,318.57
WDAY,"Workday, Inc.",Information Technology,Application Software,233.17,294.0,205.33,234.46,239.17,234.75,230.12,237.03,237.85,243.92
WYNN,Wynn Resorts,Consumer Discretionary,Casinos & Gaming,122.91,134.23,64.93,127.31,127.8,126.24,119.15,107.95,102.56,95.65
XEL,Xcel Energy,Utilities,Multi-Utilities,81.85,82.09,60.12,80.6,79.82,76.09,73.78,71.11,70.66,69.11
XYL,Xylem Inc.,Industrials,Industrial Machinery & Supplies & Components,148.13,151.16,99.87,148.95,146.22,143.92,142.28,135.18,131.37,127.52
YUM,Yum! Brands,Consumer Discretionary,Restaurants,146.72,161.72,120.38,150.15,150.92,149.43,146.77,145.96,145.76,144.24
ZBRA,Zebra Technologies,Information Technology,Electronic Equipment & Instruments,296.64,427.76,205.73,298.25,299.55,307.9,314.72,310.73,298.39,313.87
ZBH,Zimmer Biomet,Health Care,Health Care Equipment,99.06,113.87,88.77,99.35,98.67,99.81,100.58,96.84,97.12,100.56
ZTS,Zoetis,Health Care,Pharmaceuticals,142.77,194.19,138.77,145.6,144.37,145.64,149.42,154.4,154.11,157.79
