Symbol,Company,GICS_Sector,GICS_Sub_Industry,Current_Price,High_52_Week,Low_52_Week,SMA5,SMA10,SMA20,SMA50,SMA200,Score,Target_Pcnt,Target_Price,Stop_Loss
MMM,3M,Industrials,Industrial Conglomerates,158.66,159.47,122.31,156.54,155.33,155.58,154.05,146.1,0.0,0.54,159.52,151.64
AOS,A. O. Smith,Industrials,Building Products,73.35,86.45,59.04,73.23,72.64,72.89,72.12,67.84,0.2,1.32,74.32,71.47
ABT,Abbott Laboratories,Health Care,Health Care Equipment,134.59,138.95,110.09,133.62,134.14,133.51,131.81,128.62,-0.2,1.6,136.74,130.26
ABBV,AbbVie,Health Care,Biotechnology,233.91,244.38,160.57,233.91,227.39,222.17,210.39,192.35,0.2,2.2,239.06,205.28
ACN,Accenture,Information Technology,IT Consulting & Other Services,245.32,394.31,232.56,245.39,241.31,242.08,250.06,305.22,-0.2,3.05,252.8,231.35
ADBE,Adobe Inc.,Information Technology,Application Software,346.74,552.96,333.65,350.82,354.78,355.29,353.5,392.73,0.1,6.28,368.52,342.08
AMD,Advanced Micro Devices,Information Technology,Semiconductors,164.67,184.42,78.21,164.31,162.39,160.05,166.01,128.02,-0.2,1.63,167.35,152.74
AES,AES Corporation,Utilities,Independent Power Producers & Energy Traders,14.58,18.78,9.5,14.11,13.65,13.23,13.2,11.63,0.0,0.27,14.62,11.84
AFL,Aflac,Financials,Life & Health Insurance,112.32,112.86,97.56,111.34,110.25,109.07,106.06,104.42,0.2,0.2,112.54,105.6
A,Agilent Technologies,Health Care,Life Sciences Tools & Services,141.64,151.65,98.88,134.15,129.15,127.54,122.43,122.43,0.1,-2.35,138.31,116.78
APD,Air Products,Materials,Industrial Gases,271.47,331.69,245.41,270.08,271.03,279.49,285.55,286.43,-0.2,10.0,298.62,260.36
ABNB,Airbnb,Consumer Discretionary,"Hotels, Resorts & Cruise Lines",120.22,161.42,105.69,121.67,122.58,123.05,126.07,129.96,0.0,5.14,126.4,119.7
AKAM,Akamai Technologies,Information Technology,Internet Services & Infrastructure,77.56,106.67,68.21,76.68,76.3,76.74,76.41,82.12,0.1,1.71,78.89,74.6
ALB,Albemarle Corporation,Materials,Specialty Chemicals,88.22,108.94,50.16,85.65,84.33,81.27,78.88,72.91,0.0,2.48,90.41,72.13
ARE,Alexandria Real Estate Equities,Real Estate,Office REITs,83.8,115.36,65.57,83.48,83.75,83.86,79.79,81.91,0.1,2.34,85.76,81.96
ALGN,Align Technology,Health Care,Health Care Supplies,132.17,241.35,124.88,128.0,127.94,130.44,141.47,177.51,-0.2,3.85,137.26,123.62
ALLE,Allegion,Industrials,Building Products,177.29,179.33,118.08,176.83,176.27,175.82,170.86,143.56,0.0,1.95,180.75,170.89
LNT,Alliant Energy,Utilities,Electric Utilities,66.8,67.41,54.87,66.88,66.02,65.1,65.19,61.55,-0.2,1.03,67.49,62.7
ALL,Allstate,Financials,Property & Casualty Insurance,210.82,214.65,177.81,211.49,210.36,205.45,204.1,196.96,0.2,2.79,216.7,194.2
GOOGL,Alphabet Inc. (Class A),Communication Services,Interactive Media & Services,245.35,254.72,144.4,244.62,246.68,245.99,220.75,186.13,0.2,4.58,256.59,235.39
GOOG,Alphabet Inc. (Class C),Communication Services,Interactive Media & Services,246.45,255.24,146.27,245.27,247.31,246.48,221.39,187.47,0.2,4.33,257.12,235.83
MO,Altria,Consumer Staples,Tobacco,65.73,66.6,45.73,65.9,65.42,65.21,64.32,57.0,0.0,1.06,66.43,63.98
AMZN,Amazon,Consumer Discretionary,Broadline Retail,219.51,242.06,167.32,220.86,221.08,226.65,226.6,214.58,0.2,8.89,239.02,214.29
AMCR,Amcor,Materials,Paper & Plastic Packaging Products & Materials,8.18,10.94,7.97,8.18,8.13,8.2,8.69,9.23,0.0,2.93,8.42,7.99
AEE,Ameren,Utilities,Multi-Utilities,103.74,104.38,83.35,103.6,102.17,100.82,100.48,96.15,0.2,0.75,104.52,97.12
AEP,American Electric Power,Utilities,Electric Utilities,114.06,114.06,87.97,112.51,110.36,109.15,110.66,103.15,0.2,-0.42,113.58,104.72
AXP,American Express,Financials,Consumer Finance,330.24,342.31,230.81,332.75,336.85,333.47,319.55,298.19,-0.2,5.16,347.28,319.67
AIG,American International Group,Financials,Multi-line Insurance,81.02,86.75,68.89,79.35,78.29,77.91,78.93,79.08,0.2,-0.95,80.25,75.58
AMT,American Tower,Real Estate,Telecom Tower REITs,190.21,230.32,169.21,191.97,191.98,192.36,200.46,202.09,0.0,2.44,194.85,189.86
AWK,American Water Works,Utilities,Water Utilities,137.75,150.19,118.87,137.13,136.57,137.18,140.62,136.96,0.0,2.03,140.55,133.81
AMP,Ameriprise Financial,Financials,Asset Management & Custody Banks,492.0,569.83,419.45,492.02,493.17,492.42,503.0,508.97,0.0,1.79,500.81,484.04
AME,Ametek,Industrials,Electrical Components & Equipment,183.75,196.08,150.9,186.44,186.43,187.39,185.14,179.06,-0.2,3.89,190.9,183.89
AMGN,Amgen,Health Care,Biotechnology,297.89,321.88,252.22,289.99,284.62,281.37,286.77,284.43,0.2,-0.02,297.83,264.9
APH,Amphenol,Information Technology,Electronic Components,122.22,125.4,58.9,123.04,123.24,120.93,113.7,86.46,0.2,4.54,127.77,114.1
ADI,Analog Devices,Information Technology,Semiconductors,241.99,254.62,163.21,242.69,245.12,245.94,239.94,220.15,0.0,3.74,251.04,240.82
AON,Aon plc,Financials,Insurance Brokers,363.81,407.61,334.44,359.17,356.39,359.46,363.88,367.19,0.0,2.42,372.61,346.33
APA,APA Corporation,Energy,Oil & Gas Exploration & Production,24.54,25.74,13.62,24.42,24.32,23.76,21.92,19.92,0.0,3.75,25.46,22.05
APO,Apollo Global Management,Financials,Asset Management & Custody Banks,125.89,176.82,107.9,130.96,135.46,136.85,138.42,143.08,-0.2,16.96,147.24,126.47
AAPL,Apple Inc.,Information Technology,"Technology Hardware, Storage & Peripherals",258.02,258.1,172.0,255.93,255.48,245.76,232.67,221.79,0.0,3.29,266.51,225.0
AMAT,Applied Materials,Information Technology,Semiconductor Materials & Equipment,217.53,223.59,126.23,213.71,207.49,190.21,179.8,169.32,0.0,5.36,229.19,151.24
APP,AppLovin,Information Technology,Application Software,682.76,718.54,131.36,700.28,674.78,632.41,512.29,380.22,-0.2,7.69,735.26,529.54
APTV,Aptiv,Consumer Discretionary,Automotive Parts & Equipment,87.98,87.98,47.92,86.89,86.13,84.66,77.79,66.91,-0.2,0.4,88.33,81.0
ACGL,Arch Capital Group,Financials,Property & Casualty Insurance,90.79,109.22,84.99,90.15,89.84,89.76,89.96,91.36,0.0,1.99,92.6,86.93
ADM,Archer Daniels Midland,Consumer Staples,Agricultural Products & Services,61.04,64.21,41.01,59.89,60.32,60.92,59.71,51.26,-0.2,2.8,62.75,59.1
ANET,Arista Networks,Information Technology,Communications Equipment,145.5,153.04,64.37,145.66,144.6,144.89,137.11,106.83,-0.2,4.32,151.79,137.98
AJG,Arthur J. Gallagher & Co.,Financials,Insurance Brokers,310.48,347.33,274.22,308.09,305.66,300.76,297.51,312.53,-0.1,0.71,312.68,288.86
AIZ,Assurant,Financials,Multi-line Insurance,220.0,225.29,178.36,217.38,215.74,212.9,208.09,202.19,0.2,0.13,220.29,205.53
T,AT&T,Communication Services,Integrated Telecommunication Services,27.06,29.62,20.53,27.59,28.06,28.69,28.57,26.53,0.0,11.86,30.27,27.11
ATO,Atmos Energy,Utilities,Gas Utilities,170.19,170.75,134.17,169.74,167.97,166.12,163.84,152.48,0.0,0.69,171.36,160.87
ADSK,Autodesk,Information Technology,Application Software,318.9,326.79,238.84,319.05,321.11,321.75,307.14,291.97,0.2,2.67,327.41,316.07
ADP,Automatic Data Processing,Industrials,Human Resource & Employment Services,291.31,323.5,273.96,291.79,291.38,291.92,298.11,299.74,-0.2,1.85,296.7,287.16
AZO,AutoZone,Consumer Discretionary,Automotive Retail,4215.08,4354.54,2981.19,4256.17,4203.28,4222.97,4118.99,3703.99,0.0,3.34,4355.86,4090.1
AVB,AvalonBay Communities,Real Estate,Multi-Family Residential REITs,190.69,229.94,181.07,191.43,191.5,191.8,190.4,202.2,0.1,1.96,194.43,189.19
AVY,Avery Dennison,Materials,Paper & Plastic Packaging Products & Materials,163.44,216.16,157.86,162.24,161.94,163.95,168.32,175.82,0.2,3.34,168.9,159.0
AXON,Axon Enterprise,Industrials,Aerospace & Defense,715.51,870.97,404.51,716.21,725.36,739.26,757.54,674.23,0.0,10.21,788.56,689.95
BKR,Baker Hughes,Energy,Oil & Gas Equipment & Services,48.5,50.55,34.6,48.91,49.16,47.88,45.67,41.83,0.2,4.99,50.92,44.85
BALL,Ball Corporation,Materials,"Metal, Glass & Plastic Containers",50.25,66.32,44.6,50.24,49.51,49.77,52.24,52.73,-0.2,2.51,51.51,48.04
BAC,Bank of America,Financials,Diversified Banks,50.64,52.42,34.0,51.16,51.52,51.17,49.18,44.77,0.2,4.29,52.81,49.53
BAX,Baxter International,Health Care,Health Care Equipment,23.86,37.0,21.61,23.12,22.75,23.31,23.89,28.96,0.2,4.11,24.84,21.77
BDX,Becton Dickinson,Health Care,Health Care Equipment,193.61,245.13,163.27,189.46,187.16,187.72,188.25,199.2,0.0,0.05,193.71,181.73
BRK-B,Berkshire Hathaway,Financials,Multi-Sector Holdings,498.75,539.8,442.29,498.97,497.48,495.01,487.35,490.71,-0.3,0.61,501.79,488.21
BBY,Best Buy,Consumer Discretionary,Computer & Electronics Retail,76.86,94.85,54.69,76.42,75.2,74.94,71.97,72.78,0.1,1.74,78.2,71.68
TECH,Bio-Techne,Health Care,Life Sciences Tools & Services,62.95,78.41,46.59,58.56,55.23,53.86,54.19,57.85,0.0,-3.24,60.91,46.8
BIIB,Biogen,Health Care,Biotechnology,159.88,191.56,113.38,149.59,143.86,143.9,138.0,135.34,0.2,-2.32,156.17,131.64
BLK,BlackRock,Financials,Asset Management & Custody Banks,1160.69,1175.56,807.61,1160.75,1150.34,1136.01,1126.46,1010.72,0.0,1.38,1176.71,1095.36
BX,Blackstone Inc.,Financials,Asset Management & Custody Banks,168.45,194.8,118.51,170.02,174.97,178.35,173.8,156.78,0.0,13.78,191.66,165.03
XYZ,"Block, Inc.",Financials,Transaction & Payment Processing Services,76.95,98.92,46.53,74.96,75.26,75.27,76.13,70.45,0.0,1.86,78.38,72.16
BK,BNY Mellon,Financials,Asset Management & Custody Banks,106.6,109.75,69.2,107.7,108.34,107.22,104.51,89.43,0.0,3.96,110.82,103.62
BA,Boeing,Industrials,Aerospace & Defense,216.3,237.38,136.59,216.37,216.02,218.04,225.02,195.6,0.2,5.56,228.33,207.76
BKNG,Booking Holdings,Consumer Discretionary,"Hotels, Resorts & Cruise Lines",5418.05,5805.92,4074.89,5409.45,5466.27,5485.56,5520.08,5150.77,0.0,3.57,5611.47,5359.7
BSX,Boston Scientific,Health Care,Health Care Equipment,97.32,108.14,83.62,96.81,97.32,99.75,102.96,101.1,-0.2,10.09,107.14,92.37
BMY,Bristol Myers Squibb,Health Care,Pharmaceuticals,45.45,61.62,43.31,45.57,44.94,45.69,46.4,50.74,0.0,5.7,48.04,43.33
AVGO,Broadcom,Information Technology,Semiconductors,338.37,368.94,145.7,333.55,335.54,344.07,317.86,246.0,0.0,8.46,367.0,321.15
BR,Broadridge Financial Solutions,Industrials,Data Processing & Outsourced Services,234.69,265.85,206.47,235.76,236.61,242.52,250.63,238.31,-0.2,9.17,256.21,228.84
BRO,Brown & Brown,Financials,Insurance Brokers,94.95,124.07,90.88,93.59,93.24,92.96,94.29,106.36,0.0,0.32,95.25,90.66
BF-B,Brown–Forman,Consumer Staples,Distillers & Vintners,27.97,48.21,25.45,27.47,27.27,27.35,28.85,31.53,0.2,-0.14,27.93,26.77
BLDR,Builders FirstSource,Industrials,Building Products,128.55,198.25,105.63,124.77,122.12,129.93,133.7,132.02,0.0,16.37,149.59,110.28
BG,Bunge Global,Consumer Staples,Agricultural Products & Services,83.97,95.58,67.23,82.63,80.91,81.35,81.46,77.04,-0.2,1.66,85.36,77.34
BXP,"BXP, Inc.",Real Estate,Office REITs,75.61,85.21,55.53,75.31,75.05,75.31,70.63,67.9,-0.2,3.27,78.08,72.54
CHRW,C.H. Robinson,Industrials,Air Freight & Logistics,135.4,137.09,85.99,133.42,133.43,132.63,124.32,103.73,0.0,2.33,138.55,126.7
CDNS,Cadence Design Systems,Information Technology,Application Software,347.27,373.37,231.64,349.25,354.41,354.46,352.67,305.66,0.0,7.4,372.97,335.96
CPT,Camden Property Trust,Real Estate,Multi-Family Residential REITs,104.2,122.47,103.02,105.3,105.77,106.79,107.29,111.99,0.0,5.76,110.2,103.39
CPB,Campbell's Company (The),Consumer Staples,Packaged Foods & Meats,31.95,46.62,29.91,31.37,31.98,32.51,32.24,34.89,0.1,7.04,34.2,30.83
COF,Capital One,Financials,Consumer Finance,214.4,229.74,143.45,215.57,219.71,222.29,218.83,196.79,0.0,8.17,231.92,212.66
CAH,Cardinal Health,Health Care,Health Care Distributors,154.46,167.08,106.36,156.27,153.82,151.78,151.77,141.59,0.0,2.58,158.45,145.11
KMX,CarMax,Consumer Discretionary,Automotive Retail,46.42,89.19,44.86,45.73,49.19,54.66,56.97,69.3,0.0,46.85,68.17,41.14
CCL,Carnival,Consumer Discretionary,"Hotels, Resorts & Cruise Lines",28.57,32.49,16.43,28.82,29.7,30.55,30.38,25.26,0.2,14.81,32.8,28.31
CARR,Carrier Global,Industrials,Building Products,59.65,81.67,55.21,59.37,59.35,60.67,64.59,67.13,0.0,7.51,64.13,57.21
CAT,Caterpillar Inc.,Industrials,Construction Machinery & Heavy Transportation Equipment,497.85,497.85,271.63,483.6,476.06,457.4,437.25,372.54,0.0,1.21,503.87,410.95
CBOE,Cboe Global Markets,Financials,Financial Exchanges & Data,239.54,253.24,189.73,242.82,242.17,238.3,241.75,222.02,0.0,3.18,247.16,229.44
CBRE,CBRE Group,Real Estate,Real Estate Services,156.14,165.9,113.94,156.97,158.2,161.14,159.39,139.03,0.0,7.74,168.23,154.04
CDW,CDW Corporation,Information Technology,Technology Distributors,159.27,222.56,143.46,159.84,160.98,163.4,165.83,172.54,0.0,7.15,170.66,156.16
COR,Cencora,Health Care,Health Care Distributors,302.76,312.53,217.68,308.74,304.91,299.93,294.5,275.15,0.0,4.19,315.45,284.41
CNC,Centene Corporation,Health Care,Managed Health Care,38.7,72.9,25.21,36.43,35.15,33.52,29.97,49.83,0.1,-1.86,37.98,29.06
CNP,CenterPoint Energy,Utilities,Multi-Utilities,38.86,39.13,27.88,38.65,38.63,38.28,38.15,35.65,0.0,1.0,39.25,37.31
CF,CF Industries,Materials,Fertilizers & Agricultural Chemicals,90.09,101.88,67.67,89.31,89.28,87.22,87.16,85.35,0.0,2.58,92.41,82.02
CRL,Charles River Laboratories,Health Care,Life Sciences Tools & Services,177.33,220.69,99.75,165.32,157.43,156.43,159.75,155.29,0.2,-2.1,173.61,139.24
SCHW,Charles Schwab Corporation,Financials,Investment Banking & Brokerage,94.08,98.69,62.55,94.28,94.23,93.6,95.35,85.03,0.0,2.42,96.36,90.84
CHTR,Charter Communications,Communication Services,Cable & Satellite,280.01,427.25,256.57,275.19,271.65,267.43,268.19,346.3,0.4,-0.47,278.69,256.16
CVX,Chevron Corporation,Energy,Integrated Oil & Gas,153.55,164.65,130.67,154.58,156.64,157.02,155.54,147.85,0.2,5.18,161.5,152.54
CMG,Chipotle Mexican Grill,Consumer Discretionary,Restaurants,41.76,66.16,38.58,40.02,39.89,39.55,41.57,50.5,0.4,-1.96,40.94,38.15
CB,Chubb Limited,Financials,Property & Casualty Insurance,283.96,301.45,256.04,281.71,279.47,277.72,274.65,279.19,-0.1,0.31,284.84,270.61
CHD,Church & Dwight,Consumer Staples,Household Products,87.9,112.48,85.84,87.6,87.13,89.92,92.03,99.32,-0.2,9.18,95.97,83.87
CI,Cigna,Health Care,Health Care Services,311.0,351.85,260.91,294.9,291.49,295.05,291.51,302.15,0.1,-0.56,309.26,280.83
CINF,Cincinnati Financial,Financials,Property & Casualty Insurance,163.29,163.29,125.14,159.61,157.3,155.62,152.86,143.99,0.2,-1.19,161.35,149.89
CTAS,Cintas,Industrials,Diversified Support Services,202.61,227.2,181.05,203.67,202.78,201.98,211.13,207.79,-0.2,1.44,205.53,198.43
CSCO,Cisco,Information Technology,Communications Equipment,67.92,71.79,51.42,68.22,67.88,67.7,68.1,63.18,-0.2,1.43,68.89,66.5
C,Citigroup,Financials,Diversified Banks,97.74,103.49,57.29,99.69,101.21,100.4,96.71,80.24,-0.2,7.59,105.16,95.64
CFG,Citizens Financial Group,Financials,Regional Banks,53.82,53.82,33.59,53.27,53.14,52.61,50.58,44.16,0.0,0.82,54.26,50.95
CLX,Clorox,Consumer Staples,Household Products,123.19,165.31,116.82,122.88,122.49,123.33,122.72,135.82,-0.3,2.6,126.39,120.26
CME,CME Group,Financials,Financial Exchanges & Data,264.67,288.01,211.73,267.67,266.48,263.77,269.43,259.99,0.2,2.52,271.34,256.22
CMS,CMS Energy,Utilities,Multi-Utilities,72.34,74.4,63.54,72.51,71.9,71.37,72.05,70.0,-0.2,1.12,73.15,69.59
KO,Coca-Cola Company (The),Consumer Staples,Soft Drinks & Non-alcoholic Beverages,66.65,72.82,59.48,66.38,66.29,66.52,67.91,67.67,-0.2,1.14,67.41,65.64
CTSH,Cognizant,Information Technology,IT Consulting & Other Services,67.66,89.65,65.92,67.07,67.32,68.45,70.14,76.18,-0.2,5.51,71.39,65.51
COIN,Coinbase,Financials,Financial Exchanges & Data,380.02,419.78,151.47,353.95,336.28,330.36,325.36,274.36,0.0,-3.05,368.43,292.29
CL,Colgate-Palmolive,Consumer Staples,Household Products,78.0,99.82,78.0,79.13,79.56,81.16,83.38,88.05,-0.2,8.91,84.95,77.36
CMCSA,Comcast,Communication Services,Cable & Satellite,30.9,43.5,30.4,30.9,31.09,31.78,32.4,34.11,-0.2,8.74,33.6,29.96
CAG,Conagra Brands,Consumer Staples,Packaged Foods & Meats,19.11,28.6,18.04,18.79,18.53,18.79,18.95,22.4,0.2,3.4,19.76,17.83
COP,ConocoPhillips,Energy,Oil & Gas Exploration & Production,94.16,111.14,81.29,94.69,94.98,94.0,94.6,93.59,-0.2,3.6,97.55,90.46
ED,Consolidated Edison,Utilities,Multi-Utilities,98.81,111.42,85.77,98.94,98.67,97.71,99.81,99.49,0.0,1.48,100.27,95.16
STZ,Constellation Brands,Consumer Staples,Distillers & Vintners,142.2,250.24,131.78,138.56,135.66,137.16,153.92,174.08,-0.2,3.02,146.49,127.81
CEG,Constellation Energy,Utilities,Electric Utilities,360.0,360.0,170.52,346.34,341.22,330.08,326.89,283.04,0.2,0.33,361.19,298.98
COO,Cooper Companies (The),Health Care,Health Care Supplies,70.46,108.56,64.32,68.78,68.22,67.62,69.83,79.42,0.2,-0.13,70.37,64.86
CPRT,Copart,Industrials,Diversified Support Services,45.11,63.84,44.57,44.87,45.01,46.24,46.92,53.23,-0.2,9.18,49.25,43.24
GLW,Corning Inc.,Information Technology,Electronic Components,83.56,83.56,38.69,82.3,81.0,78.74,70.38,53.7,-0.2,1.69,84.97,72.5
CPAY,Corpay,Financials,Transaction & Payment Processing Services,288.33,389.55,283.07,289.12,292.86,300.4,312.19,334.73,0.0,10.22,317.8,283.01
CTVA,Corteva,Materials,Fertilizers & Agricultural Chemicals,63.37,76.93,54.65,64.75,66.77,69.22,71.14,66.22,-0.2,19.63,75.81,62.63
CSGP,CoStar Group,Real Estate,Real Estate Services,84.8,96.83,69.29,84.16,84.35,86.06,89.27,80.49,0.0,6.03,89.91,82.21
COST,Costco,Consumer Staples,Consumer Staples Merchandise Retail,915.38,1073.97,869.13,918.4,928.34,945.09,953.26,971.72,0.0,7.63,985.22,904.91
CTRA,Coterra,Energy,Oil & Gas Exploration & Production,23.3,29.06,21.94,23.54,23.55,23.84,23.86,25.27,0.0,6.01,24.7,22.98
CRWD,CrowdStrike,Information Technology,Systems Software,489.88,514.1,280.24,493.09,487.36,468.0,447.1,421.51,0.2,7.09,524.61,411.36
CCI,Crown Castle,Real Estate,Telecom Tower REITs,95.45,112.64,81.15,95.86,95.09,94.38,98.82,96.18,0.0,1.1,96.5,92.25
CSX,CSX Corporation,Industrials,Rail Transportation,36.01,36.37,26.47,35.58,34.68,33.65,34.23,31.88,0.0,0.47,36.18,31.12
CMI,Cummins,Industrials,Construction Machinery & Heavy Transportation Equipment,432.8,432.8,264.26,426.37,423.09,417.06,399.31,347.37,0.2,0.95,436.91,397.18
CVS,CVS Health,Health Care,Health Care Services,77.49,77.49,42.33,76.55,76.12,74.85,70.46,63.01,0.0,1.1,78.34,71.36
DHR,Danaher Corporation,Health Care,Life Sciences Tools & Services,214.99,272.73,174.06,204.5,195.36,194.07,199.83,204.45,0.2,-1.42,211.94,176.22
DRI,Darden Restaurants,Consumer Discretionary,Restaurants,193.18,224.21,152.57,192.48,189.59,198.22,202.73,199.24,-0.2,14.08,220.38,176.07
DDOG,Datadog,Information Technology,Application Software,151.82,168.65,87.0,148.75,143.18,140.33,136.85,126.7,0.4,-0.34,151.3,129.36
DVA,DaVita,Health Care,Health Care Services,131.16,177.35,127.69,131.92,131.83,131.88,134.94,145.28,0.0,3.42,135.65,128.11
DAY,Dayforce,Industrials,Human Resource & Employment Services,68.96,81.8,49.33,68.92,68.87,68.9,64.37,62.1,0.0,0.39,69.23,68.57
DECK,Deckers Brands,Consumer Discretionary,Footwear,103.05,223.11,95.32,102.54,106.08,111.45,110.59,130.62,-0.1,20.39,124.06,98.85
DE,Deere & Company,Industrials,Agricultural & Farm Machinery,462.88,527.96,384.05,459.51,462.97,467.07,483.85,477.21,0.0,3.56,479.36,454.76
DELL,Dell Technologies,Information Technology,"Technology Hardware, Storage & Peripherals",140.74,149.68,70.88,142.69,137.73,132.27,132.03,112.89,0.2,4.7,147.35,117.18
DAL,Delta Air Lines,Industrials,Passenger Airlines,57.26,68.45,35.65,56.97,57.42,58.63,58.06,54.23,0.0,7.96,61.82,55.45
DVN,Devon Energy,Energy,Oil & Gas Exploration & Production,34.56,41.79,26.43,34.96,35.09,34.86,34.21,33.24,0.2,5.3,36.39,33.34
DXCM,Dexcom,Health Care,Health Care Equipment,67.05,90.75,59.83,66.66,67.39,71.52,76.58,79.41,-0.2,20.54,80.82,62.22
FANG,Diamondback Energy,Energy,Oil & Gas Exploration & Production,147.47,194.36,117.58,144.18,144.05,141.14,142.49,146.02,-0.2,0.7,148.5,133.78
DLR,Digital Realty,Real Estate,Data Center REITs,176.35,190.11,134.22,172.91,172.82,171.65,169.37,164.5,0.2,1.57,179.12,164.17
DG,Dollar General,Consumer Staples,Consumer Staples Merchandise Retail,100.21,116.32,67.66,101.52,102.26,103.8,108.25,93.69,-0.2,8.0,108.23,99.37
DLTR,Dollar Tree,Consumer Staples,Consumer Staples Merchandise Retail,89.98,117.16,61.21,91.82,93.32,95.43,105.71,87.81,0.0,12.22,100.98,89.88
D,Dominion Energy,Utilities,Multi-Utilities,61.53,61.53,48.51,61.12,60.76,60.15,59.82,55.29,0.0,0.62,61.91,58.39
DPZ,Domino's,Consumer Discretionary,Restaurants,426.71,493.69,397.61,430.45,428.49,437.49,447.52,453.43,-0.2,8.28,462.04,412.95
DASH,DoorDash,Consumer Discretionary,Specialized Consumer Services,271.22,272.5,142.08,270.69,266.72,263.19,255.61,212.3,0.0,1.25,274.61,251.76
DOV,Dover Corporation,Industrials,Industrial Machinery & Supplies & Components,166.61,204.71,150.28,166.65,167.34,170.65,175.39,181.15,0.0,7.02,178.31,162.98
DOW,Dow Inc.,Materials,Commodity Chemicals,23.82,51.44,20.57,23.28,23.07,23.68,23.42,30.02,0.1,5.71,25.18,22.17
DHI,D. R. Horton,Consumer Discretionary,Homebuilding,174.95,192.41,114.44,171.63,168.83,171.85,165.26,138.56,0.0,4.17,182.25,161.44
DTE,DTE Energy,Utilities,Multi-Utilities,140.01,141.43,113.22,140.35,139.16,137.08,137.3,130.6,-0.2,1.36,141.91,132.25
DUK,Duke Energy,Utilities,Electric Utilities,123.54,124.85,102.96,122.81,122.77,121.94,122.2,115.83,-0.2,0.53,124.19,119.69
DD,DuPont,Materials,Specialty Chemicals,79.72,86.24,54.51,78.77,77.61,77.46,75.26,72.65,0.2,0.54,80.15,74.77
EMN,Eastman Chemical Company,Materials,Specialty Chemicals,64.03,106.16,58.06,63.21,63.25,64.69,65.73,79.29,0.2,6.54,68.22,61.16
ETN,Eaton Corporation,Industrials,Electrical Components & Equipment,373.46,391.62,244.95,373.09,371.48,367.83,363.33,327.97,0.0,2.8,383.92,351.73
EBAY,eBay Inc.,Consumer Discretionary,Broadline Retail,92.17,100.46,56.61,90.05,90.95,90.97,91.99,74.67,-0.2,2.02,94.03,87.92
ECL,Ecolab,Materials,Specialty Chemicals,276.59,284.78,224.56,273.41,270.52,269.71,272.06,257.45,-0.2,0.2,277.14,262.3
EIX,Edison International,Utilities,Electric Utilities,55.29,84.75,47.56,55.31,55.03,55.21,54.9,55.7,-0.3,2.51,56.68,53.73
EW,Edwards Lifesciences,Health Care,Health Care Equipment,77.07,81.83,64.54,77.0,75.95,76.43,78.46,74.84,-0.2,3.74,79.95,72.91
EA,Electronic Arts,Communication Services,Interactive Home Entertainment,200.69,202.05,116.08,201.41,188.36,179.7,171.96,150.26,0.0,3.1,206.91,152.48
ELV,Elevance Health,Health Care,Managed Health Care,350.5,499.89,273.17,333.24,326.95,318.88,306.36,366.75,0.1,-2.62,341.32,296.46
EME,Emcor,Industrials,Construction & Engineering,654.41,660.28,341.64,651.96,645.25,636.3,627.54,495.83,0.0,1.22,662.39,610.18
EMR,Emerson Electric,Industrials,Electrical Components & Equipment,134.76,149.04,93.37,131.89,131.44,132.27,134.33,123.48,0.2,1.45,136.71,127.83
ETR,Entergy,Utilities,Electric Utilities,95.39,95.39,62.67,93.82,92.34,90.45,89.57,83.18,0.2,-0.15,95.25,85.64
EOG,EOG Resources,Energy,Oil & Gas Exploration & Production,110.83,134.72,102.81,111.59,114.04,116.31,118.36,119.23,0.0,10.57,122.54,110.08
EPAM,EPAM Systems,Information Technology,IT Consulting & Other Services,154.12,267.63,143.33,152.9,153.32,155.22,160.62,186.12,0.0,5.55,162.67,147.77
EQT,EQT Corporation,Energy,Oil & Gas Exploration & Production,56.03,60.26,35.15,55.37,53.88,52.07,51.95,52.0,0.1,1.25,56.73,47.41
EFX,Equifax,Industrials,Research & Consulting Services,236.67,291.43,204.69,247.0,251.3,253.9,247.96,251.8,-0.1,13.59,268.83,238.97
EQIX,Equinix,Real Estate,Data Center REITs,778.74,968.75,731.64,778.05,785.46,784.63,780.77,838.16,0.1,3.08,802.73,766.52
EQR,Equity Residential,Real Estate,Multi-Family Residential REITs,63.3,74.44,60.55,63.95,64.2,64.59,64.11,66.89,0.1,4.52,66.16,63.02
ERIE,Erie Indemnity,Financials,Insurance Brokers,319.16,535.75,312.05,315.45,315.88,321.68,341.77,373.88,-0.2,5.97,338.21,305.15
ESS,Essex Property Trust,Real Estate,Multi-Family Residential REITs,264.47,305.43,249.65,265.25,264.37,264.23,262.28,275.64,0.1,1.26,267.8,260.65
EL,Estée Lauder Companies (The),Consumer Staples,Personal Care Products,88.02,95.34,49.61,88.05,87.12,87.33,89.24,75.07,0.0,2.59,90.3,84.35
EG,Everest Group,Financials,Reinsurance,356.85,400.34,324.54,351.43,346.98,343.1,339.13,344.26,-0.1,0.19,357.53,328.68
EVRG,Evergy,Utilities,Electric Utilities,76.62,76.62,56.74,76.0,74.68,73.2,72.08,66.74,0.0,0.34,76.88,69.52
ES,Eversource Energy,Utilities,Electric Utilities,72.53,72.53,52.98,71.52,70.2,66.97,65.47,61.0,0.0,2.01,73.99,59.95
EXC,Exelon,Utilities,Electric Utilities,45.34,46.54,35.25,44.93,44.44,43.83,44.1,42.55,-0.2,0.0,45.34,42.32
EXE,Expand Energy,Energy,Oil & Gas Exploration & Production,107.44,120.67,80.6,107.51,104.98,100.89,98.49,103.1,0.1,2.9,110.56,91.21
EXPE,Expedia Group,Consumer Discretionary,"Hotels, Resorts & Cruise Lines",219.23,228.24,136.05,217.83,218.97,220.32,208.27,182.0,0.2,3.83,227.63,213.02
EXPD,Expeditors International,Industrials,Air Freight & Logistics,123.52,125.62,102.14,122.69,121.81,122.36,120.23,114.89,-0.2,1.5,125.37,119.34
EXR,Extra Space Storage,Real Estate,Self-Storage REITs,142.82,169.68,123.86,141.56,140.02,141.84,140.35,143.91,0.1,2.91,146.98,136.71
XOM,ExxonMobil,Energy,Integrated Oil & Gas,113.26,121.0,98.11,112.7,113.68,113.16,110.77,107.93,0.0,2.98,116.64,109.69
FFIV,"F5, Inc.",Information Technology,Communications Equipment,324.98,334.59,213.57,325.06,325.35,325.73,318.89,288.62,0.2,2.3,332.45,319.02
FDS,FactSet,Financials,Financial Exchanges & Data,282.33,490.93,281.88,285.62,287.19,316.51,356.64,423.61,0.0,37.34,387.75,245.27
FICO,Fair Isaac,Information Technology,Application Software,1850.65,2382.4,1311.26,1634.0,1585.41,1563.48,1475.4,1758.56,0.1,-5.94,1740.72,1386.33
FAST,Fastenal,Industrials,Trading Companies & Distributors,47.88,50.39,34.27,48.34,48.09,47.83,48.14,41.45,-0.4,2.17,48.92,46.75
FRT,Federal Realty Investment Trust,Real Estate,Retail REITs,99.41,112.47,81.67,99.41,98.89,99.19,96.45,96.73,-0.3,1.44,100.84,97.54
FDX,FedEx,Industrials,Air Freight & Logistics,244.61,298.15,195.55,239.77,237.07,232.15,229.16,235.55,0.3,-0.29,243.9,220.38
FIS,Fidelity National Information Services,Financials,Transaction & Payment Processing Services,66.71,89.09,63.37,66.28,65.16,66.06,69.72,74.75,0.2,3.25,68.88,63.24
FITB,Fifth Third Bancorp,Financials,Regional Banks,44.41,46.72,32.73,44.51,44.65,44.92,43.68,40.59,0.0,3.02,45.75,44.09
FSLR,First Solar,Information Technology,Semiconductors,230.13,235.12,120.38,226.23,222.83,214.42,200.98,167.55,0.2,1.36,233.26,195.58
FE,FirstEnergy,Utilities,Electric Utilities,45.93,45.97,37.17,45.72,44.95,44.17,43.54,40.67,0.0,0.65,46.23,42.12
FI,Fiserv,Financials,Transaction & Payment Processing Services,127.56,237.79,125.76,127.76,128.79,131.3,134.71,180.97,-0.2,7.6,137.25,125.35
F,Ford Motor Company,Consumer Discretionary,Automobile Manufacturers,12.67,12.67,8.45,12.24,11.99,11.81,11.54,10.27,0.2,-2.13,12.4,11.22
FTNT,Fortinet,Information Technology,Systems Software,85.79,114.57,74.39,85.2,84.74,82.7,83.87,96.83,0.0,1.83,87.36,78.03
FTV,Fortive,Industrials,Industrial Machinery & Supplies & Components,50.41,62.32,46.49,49.63,48.93,48.68,48.38,53.37,0.1,-0.4,50.21,47.16
FOXA,Fox Corporation (Class A),Communication Services,Broadcasting,61.96,63.06,40.96,62.37,61.74,60.43,58.67,54.08,0.2,3.36,64.04,56.83
FOX,Fox Corporation (Class B),Communication Services,Broadcasting,55.75,57.29,37.61,56.37,55.74,54.59,53.35,49.98,0.2,3.77,57.85,51.33
BEN,Franklin Resources,Financials,Asset Management & Custody Banks,23.8,25.67,16.21,23.09,23.23,23.69,24.34,21.19,-0.4,4.33,24.83,22.56
FCX,Freeport-McMoRan,Materials,Copper,39.67,50.08,28.93,38.79,39.32,42.26,42.49,39.7,-0.4,25.56,49.81,34.72
GRMN,Garmin,Consumer Discretionary,Consumer Electronics,257.06,257.74,159.13,252.35,244.91,240.89,235.3,214.02,0.2,-0.62,255.47,226.31
IT,Gartner,Information Technology,IT Consulting & Other Services,257.2,551.8,225.98,257.9,259.69,253.58,260.73,401.61,-0.2,4.9,269.8,237.36
GE,GE Aerospace,Industrials,Aerospace & Defense,297.0,305.26,158.97,298.36,298.91,292.6,280.23,227.63,0.2,4.44,310.19,275.0
GEHC,GE HealthCare,Health Care,Health Care Equipment,76.56,93.39,58.69,75.42,74.44,75.62,74.32,76.66,-0.1,3.83,79.49,71.75
GEV,GE Vernova,Industrials,Heavy Electrical Equipment,594.99,664.55,251.8,604.94,614.41,617.49,623.78,454.78,0.0,8.55,645.86,589.09
GEN,Gen Digital,Information Technology,Systems Software,27.82,32.03,23.31,28.24,28.54,28.83,29.71,28.05,-0.4,7.3,29.85,27.82
GNRC,Generac,Industrials,Electrical Components & Equipment,165.67,202.85,101.92,167.35,168.93,176.46,183.27,148.11,-0.2,17.0,193.83,159.08
GD,General Dynamics,Industrials,Aerospace & Defense,343.62,343.62,239.38,339.72,332.28,328.65,321.74,282.19,0.2,-0.27,342.69,314.62
GIS,General Mills,Consumer Staples,Packaged Foods & Meats,50.36,70.68,48.44,50.29,50.27,50.08,49.77,54.69,-0.1,1.49,51.11,49.06
GM,General Motors,Consumer Discretionary,Automobile Manufacturers,60.13,61.34,42.24,60.58,60.21,59.36,57.03,50.87,0.0,2.54,61.66,57.07
GPC,Genuine Parts Company,Consumer Discretionary,Distributors,139.73,142.77,103.92,139.22,138.53,139.04,136.52,123.19,0.0,1.5,141.83,136.26
GILD,Gilead Sciences,Health Care,Biotechnology,112.69,119.64,81.73,111.6,112.17,113.02,113.85,105.76,-0.2,3.24,116.34,109.69
GPN,Global Payments,Financials,Transaction & Payment Processing Services,87.96,118.08,67.06,85.78,85.83,85.76,85.11,89.83,-0.1,0.25,88.18,83.34
GL,Globe Life,Financials,Life & Health Insurance,137.58,146.55,102.83,140.9,142.72,142.35,140.51,125.48,-0.4,6.7,146.8,137.89
GDDY,GoDaddy,Information Technology,Internet Services & Infrastructure,135.0,214.35,132.18,135.94,139.64,142.84,146.75,175.43,-0.2,12.87,152.37,133.32
GS,Goldman Sachs,Financials,Investment Banking & Brokerage,789.98,806.32,457.48,791.07,795.69,788.64,752.71,635.26,0.2,3.85,820.39,756.86
HAL,Halliburton,Energy,Oil & Gas Equipment & Services,24.31,31.1,18.96,24.64,24.43,23.31,22.32,22.99,0.1,6.01,25.77,20.86
HIG,Hartford (The),Financials,Property & Casualty Insurance,133.46,134.7,105.0,132.99,132.4,131.83,130.2,121.17,0.0,0.38,133.97,129.68
HAS,Hasbro,Consumer Discretionary,Leisure Products,75.89,81.85,49.75,75.83,75.41,76.09,77.5,65.85,-0.2,4.85,79.57,72.6
HCA,HCA Healthcare,Health Care,Health Care Facilities,429.54,429.54,294.93,425.88,419.67,411.59,395.61,354.09,0.0,0.75,432.76,390.41
DOC,Healthpeak Properties,Real Estate,Health Care REITs,19.37,21.7,16.44,19.18,18.94,18.54,17.74,18.22,-0.1,0.57,19.48,17.6
HSIC,Henry Schein,Health Care,Health Care Distributors,67.03,81.91,62.7,66.22,66.77,67.5,67.97,70.52,0.0,4.25,69.88,65.12
HSY,Hershey Company (The),Consumer Staples,Packaged Foods & Meats,195.13,195.13,141.22,188.83,189.15,188.61,185.1,168.64,0.2,-0.3,194.54,182.69
HPE,Hewlett Packard Enterprise,Information Technology,"Technology Hardware, Storage & Peripherals",24.43,25.24,12.35,24.51,24.51,24.48,22.63,19.56,0.2,3.85,25.37,23.6
HLT,Hilton Worldwide,Consumer Discretionary,"Hotels, Resorts & Cruise Lines",258.43,278.5,201.05,259.16,261.23,266.88,268.76,252.39,-0.2,8.4,280.14,253.6
HOLX,Hologic,Health Care,Health Care Equipment,68.22,83.72,52.73,67.56,67.21,66.58,66.96,64.68,0.0,1.64,69.34,63.82
HD,Home Depot (The),Consumer Discretionary,Home Improvement Retail,395.06,423.6,331.29,399.82,404.93,411.91,400.69,378.61,0.0,8.64,429.19,394.61
HON,Honeywell,Industrials,Industrial Conglomerates,209.05,239.16,180.99,210.0,209.28,210.71,215.38,215.9,0.0,2.77,214.84,206.58
HRL,Hormel Foods,Consumer Staples,Packaged Foods & Meats,24.64,32.6,24.31,24.7,24.61,24.85,26.7,28.9,0.0,3.49,25.5,24.19
HST,Host Hotels & Resorts,Real Estate,Hotel & Resort REITs,16.91,18.04,12.39,17.06,17.12,17.24,16.55,15.61,0.2,3.9,17.57,16.91
HWM,Howmet Aerospace,Industrials,Aerospace & Defense,189.25,196.23,99.44,192.67,192.23,188.93,182.6,152.96,0.2,4.71,198.16,179.69
HPQ,HP Inc.,Information Technology,"Technology Hardware, Storage & Peripherals",26.64,37.77,21.42,26.79,27.18,27.7,26.92,27.6,-0.1,9.72,29.23,26.18
HUBB,Hubbell Incorporated,Industrials,Industrial Machinery & Supplies & Components,413.0,466.13,313.96,424.73,427.42,433.35,432.38,396.69,0.0,9.0,450.17,416.53
HUM,Humana,Health Care,Managed Health Care,283.72,310.91,219.64,260.5,258.65,266.18,272.49,258.41,-0.2,3.63,294.02,238.35
HBAN,Huntington Bancshares,Financials,Regional Banks,17.21,17.87,12.26,17.18,17.27,17.42,16.99,15.86,0.0,3.54,17.82,17.01
HII,Huntington Ingalls Industries,Industrials,Aerospace & Defense,284.24,287.91,156.78,283.98,279.96,276.39,270.9,224.27,0.2,0.95,286.94,265.84
IBM,IBM,Information Technology,IT Consulting & Other Services,288.37,292.8,199.27,284.71,280.04,269.36,255.13,251.21,0.0,1.76,293.45,245.27
IEX,IDEX Corporation,Industrials,Industrial Machinery & Supplies & Components,167.0,233.54,157.53,164.25,162.16,162.03,164.16,181.98,0.2,-0.45,166.25,157.82
IDXX,Idexx Laboratories,Health Care,Health Care Equipment,631.19,682.78,361.04,630.92,632.46,639.97,632.88,505.03,0.2,4.85,661.8,618.15
ITW,Illinois Tool Works,Industrials,Industrial Machinery & Supplies & Components,260.0,271.83,215.75,260.24,259.38,260.62,259.9,250.42,0.2,1.72,264.47,256.77
INCY,Incyte,Health Care,Biotechnology,86.85,86.96,55.17,85.71,84.63,84.92,82.98,70.95,0.2,1.19,87.88,81.96
IR,Ingersoll Rand,Industrials,Industrial Machinery & Supplies & Components,83.95,105.27,66.72,83.36,82.36,81.13,80.45,83.13,-0.1,0.75,84.58,77.68
PODD,Insulet Corporation,Health Care,Health Care Equipment,309.11,352.82,227.79,309.33,317.81,327.84,320.35,290.01,0.0,14.78,354.8,300.87
INTC,Intel,Information Technology,Semiconductors,36.83,37.3,18.13,35.62,33.69,29.72,25.39,22.39,0.0,6.3,39.15,20.28
IBKR,Interactive Brokers,Financials,Investment Banking & Brokerage,70.36,70.95,35.47,69.54,67.3,65.14,64.36,53.09,0.0,0.72,70.87,59.42
ICE,Intercontinental Exchange,Financials,Financial Exchanges & Data,162.62,187.92,141.62,164.54,166.4,169.38,176.34,169.46,0.0,8.82,176.96,161.79
IFF,International Flavors & Fragrances,Materials,Specialty Chemicals,62.18,103.8,59.9,61.43,61.33,62.81,65.46,74.86,-0.2,6.56,66.26,59.36
IP,International Paper,Materials,Paper & Plastic Packaging Products & Materials,47.17,58.45,43.05,46.51,46.2,46.38,47.66,49.62,0.0,0.66,47.48,45.27
IPG,Interpublic Group of Companies (The),Communication Services,Advertising,26.5,30.52,22.33,26.85,26.44,26.38,25.93,25.43,0.2,3.47,27.42,25.35
INTU,Intuit,Information Technology,Application Software,679.94,807.39,542.39,683.78,690.59,676.97,703.33,665.25,0.0,4.61,711.29,642.63
ISRG,Intuitive Surgical,Health Care,Health Care Equipment,452.35,610.45,433.66,443.97,443.54,445.26,464.0,517.47,-0.2,2.85,465.24,425.28
IVZ,Invesco,Financials,Asset Management & Custody Banks,24.04,24.04,11.86,23.34,22.89,22.6,21.78,17.25,0.2,-1.75,23.62,21.59
INVH,Invitation Homes,Real Estate,Single-Family Residential REITs,28.64,34.81,28.64,28.94,29.05,29.34,29.93,31.57,0.0,5.38,30.18,28.49
IQV,IQVIA,Health Care,Life Sciences Tools & Services,206.63,236.69,137.0,197.08,189.72,188.66,188.04,176.96,0.2,-1.2,204.15,173.17
IRM,Iron Mountain,Real Estate,Other Specialized REITs,104.8,124.18,75.72,102.53,102.42,100.04,95.3,94.88,0.2,1.53,106.4,93.68
JBHT,J.B. Hunt,Industrials,Cargo Ground Transportation,137.95,195.43,123.94,134.76,133.62,135.64,140.59,149.06,0.0,3.1,142.23,129.05
JBL,Jabil,Information Technology,Electronic Manufacturing Services,202.08,234.45,116.78,212.86,218.33,216.82,215.94,176.99,0.2,14.89,232.17,201.48
JKHY,Jack Henry & Associates,Financials,Transaction & Payment Processing Services,146.26,189.99,146.26,147.79,148.98,153.97,160.06,171.42,0.0,13.03,165.32,142.62
J,Jacobs Solutions,Industrials,Construction & Engineering,154.6,154.6,109.18,151.88,149.95,148.35,146.75,132.0,0.4,-0.36,154.04,142.66
JNJ,Johnson & Johnson,Health Care,Pharmaceuticals,188.64,188.64,138.72,185.54,181.26,179.07,175.48,158.25,0.2,-0.73,187.26,170.88
JCI,Johnson Controls,Industrials,Building Products,108.79,111.73,70.88,108.89,108.14,107.87,106.89,93.12,0.0,1.05,109.93,105.8
JPM,JPMorgan Chase,Financials,Diversified Banks,310.03,316.06,200.72,311.88,312.75,309.46,300.67,267.05,0.2,3.72,321.56,297.35
K,Kellanova,Consumer Staples,Packaged Foods & Meats,82.73,82.73,76.96,82.36,79.78,79.37,79.37,80.12,-0.1,0.64,83.26,75.48
KVUE,Kenvue,Consumer Staples,Personal Care Products,15.81,24.0,15.73,15.99,16.36,17.42,19.7,21.34,0.0,24.54,19.69,15.15
KDP,Keurig Dr Pepper,Consumer Staples,Soft Drinks & Non-alcoholic Beverages,25.84,35.93,25.5,25.67,25.74,26.39,30.0,31.91,0.0,7.51,27.78,24.99
KEY,KeyCorp,Financials,Regional Banks,18.63,19.23,12.92,18.63,18.71,18.86,18.47,16.72,0.0,3.65,19.31,18.41
KEYS,Keysight Technologies,Information Technology,Electronic Equipment & Instruments,173.35,185.11,127.02,173.96,174.56,173.46,167.97,161.7,0.0,3.16,178.83,168.09
KMB,Kimberly-Clark,Consumer Staples,Household Products,122.58,144.6,121.02,123.09,123.12,125.18,128.07,130.68,-0.2,6.43,130.46,119.91
KIM,Kimco Realty,Real Estate,Retail REITs,21.47,24.65,18.27,21.57,21.62,21.94,21.65,21.12,0.2,5.54,22.66,21.21
KMI,Kinder Morgan,Energy,Oil & Gas Storage & Transportation,28.46,30.24,21.96,28.33,28.03,27.66,27.25,27.08,0.2,0.98,28.74,26.58
KKR,KKR & Co.,Financials,Asset Management & Custody Banks,127.65,166.38,92.52,128.84,134.6,139.07,141.18,132.82,-0.2,20.52,153.84,124.29
KLAC,KLA Corporation,Information Technology,Semiconductor Materials & Equipment,1101.55,1139.26,573.9,1102.48,1084.69,1029.52,948.04,797.33,0.2,5.55,1162.69,896.32
KHC,Kraft Heinz,Consumer Staples,Packaged Foods & Meats,26.06,34.07,25.24,26.03,26.17,26.22,26.84,27.65,0.2,3.38,26.94,25.49
KR,Kroger,Consumer Staples,Food Retail,66.3,73.97,54.1,66.6,65.94,66.51,68.72,66.58,0.0,3.26,68.46,64.57
LHX,L3Harris,Industrials,Aerospace & Defense,297.39,305.41,191.79,299.26,293.36,286.42,278.24,235.97,0.2,2.37,304.44,268.4
LH,Labcorp,Health Care,Health Care Services,276.94,287.06,209.65,281.05,280.02,278.3,273.13,249.69,0.2,2.66,284.31,272.3
LRCX,Lam Research,Information Technology,Semiconductor Materials & Equipment,145.81,146.99,58.83,140.12,134.9,125.6,110.23,87.99,0.0,2.41,149.32,101.89
LW,Lamb Weston,Consumer Staples,Packaged Foods & Meats,62.9,80.72,47.73,60.16,57.23,56.9,56.09,55.28,0.4,-1.21,62.14,51.66
LVS,Las Vegas Sands,Consumer Discretionary,Casinos & Gaming,50.97,57.71,30.35,53.97,53.58,53.55,53.81,45.44,-0.2,9.1,55.61,51.49
LDOS,Leidos,Industrials,Diversified Support Services,195.58,199.29,125.82,190.93,188.43,185.64,178.9,153.66,0.2,-0.56,194.48,176.8
LEN,Lennar,Consumer Discretionary,Homebuilding,130.07,180.59,101.84,128.07,126.12,130.79,128.32,119.55,0.0,9.36,142.24,119.34
LII,Lennox International,Industrials,Building Products,550.63,672.47,505.24,536.6,530.15,541.32,570.66,581.8,-0.2,4.16,573.54,509.07
LLY,Lilly (Eli),Health Care,Pharmaceuticals,839.87,925.78,624.28,794.93,765.76,760.05,735.87,781.33,-0.1,-1.96,823.41,696.71
LIN,Linde plc,Materials,Industrial Gases,466.73,483.59,408.92,470.9,473.45,475.2,473.62,455.82,0.2,3.7,484.0,466.38
LYV,Live Nation Entertainment,Communication Services,Movies & Entertainment,156.32,174.06,109.06,159.93,161.48,165.69,161.26,143.89,0.0,12.7,176.17,155.2
LKQ,LKQ Corporation,Consumer Discretionary,Distributors,31.36,43.02,28.96,30.95,30.61,31.22,31.0,36.74,0.1,4.91,32.9,29.54
LMT,Lockheed Martin,Industrials,Aerospace & Defense,504.49,597.79,407.77,498.81,491.91,480.42,453.62,457.12,-0.1,0.55,507.26,453.58
L,Loews Corporation,Financials,Multi-line Insurance,101.68,101.68,76.27,100.71,99.74,98.22,95.95,89.15,0.0,0.27,101.95,94.5
LOW,Lowe's,Consumer Discretionary,Home Improvement Retail,246.35,278.66,209.46,249.26,253.65,261.63,253.23,237.48,0.0,13.43,279.43,243.82
LULU,Lululemon Athletica,Consumer Discretionary,"Apparel, Accessories & Luxury Goods",175.59,421.16,159.87,177.68,176.27,170.56,187.99,283.29,0.0,4.46,183.42,157.69
LYB,LyondellBasell,Materials,Specialty Chemicals,49.47,89.15,47.21,49.07,49.66,51.71,53.1,60.94,0.0,13.83,56.31,47.11
MTB,M&T Bank,Financials,Regional Banks,194.56,215.8,154.27,196.28,197.93,198.3,194.64,185.47,0.0,3.92,202.19,194.41
MPC,Marathon Petroleum,Energy,Oil & Gas Refining & Marketing,193.14,198.69,117.23,193.38,193.33,188.0,176.54,156.18,0.0,3.44,199.78,176.21
MAR,Marriott International,Consumer Discretionary,"Hotels, Resorts & Cruise Lines",267.57,302.22,210.04,264.58,263.61,264.63,265.28,263.71,0.0,0.85,269.84,259.41
MMC,Marsh McLennan,Financials,Insurance Brokers,201.14,242.13,195.27,200.21,198.83,198.76,202.21,216.49,0.0,1.12,203.39,194.11
MLM,Martin Marietta Materials,Materials,Construction Materials,634.77,634.77,451.25,626.85,619.81,618.63,609.07,544.31,0.4,-0.05,634.45,602.79
MAS,Masco,Industrials,Building Products,70.38,84.25,58.18,70.41,70.71,72.14,71.74,69.13,0.4,7.22,75.46,68.83
MA,Mastercard,Financials,Transaction & Payment Processing Services,580.45,598.96,478.51,573.7,572.42,579.08,579.56,555.37,-0.2,2.76,596.47,561.7
MTCH,Match Group,Communication Services,Interactive Media & Services,34.32,38.77,26.87,35.11,35.71,36.87,36.61,32.59,0.0,15.24,39.55,34.18
MKC,McCormick & Company,Consumer Staples,Packaged Foods & Meats,68.91,83.73,64.3,67.69,66.29,67.08,69.02,73.96,0.2,2.54,70.66,63.51
MCD,McDonald's,Consumer Discretionary,Restaurants,300.98,317.67,275.0,301.65,302.63,304.26,305.74,300.42,-0.2,3.37,311.12,297.4
MCK,McKesson Corporation,Health Care,Health Care Distributors,738.06,772.54,480.14,759.24,749.22,725.46,702.83,671.26,0.0,6.06,782.79,668.1
MDT,Medtronic,Health Care,Health Care Equipment,97.7,97.7,78.03,95.44,95.1,94.58,92.96,87.7,0.2,-0.94,96.78,92.38
MRK,Merck & Co.,Health Care,Pharmaceuticals,89.19,108.08,72.03,86.27,82.75,82.52,82.3,84.26,0.1,0.33,89.48,75.56
META,Meta Platforms,Communication Services,Interactive Media & Services,710.56,789.47,483.96,726.55,740.66,752.8,752.29,666.21,0.0,11.31,790.92,714.69
MET,MetLife,Financials,Life & Health Insurance,82.37,86.38,67.4,82.01,81.39,80.46,78.96,78.93,0.0,0.56,82.83,78.1
MTD,Mettler Toledo,Health Care,Life Sciences Tools & Services,1314.04,1498.12,970.15,1264.67,1249.47,1262.63,1271.26,1217.91,0.0,1.19,1329.68,1195.63
MGM,MGM Resorts,Consumer Discretionary,Casinos & Gaming,33.93,41.99,25.79,34.91,34.84,35.23,36.24,34.07,0.0,7.93,36.62,33.83
MCHP,Microchip Technology,Information Technology,Semiconductors,66.54,76.79,34.83,65.01,65.03,64.98,65.57,58.93,0.0,0.12,66.62,63.34
MU,Micron Technology,Information Technology,Semiconductors,187.83,187.83,64.66,176.99,169.18,160.72,134.73,106.5,0.0,0.6,188.96,132.48
MSFT,Microsoft,Information Technology,Systems Software,517.35,534.76,353.33,517.07,513.77,510.32,512.64,450.8,-0.2,1.14,523.25,497.38
MAA,Mid-America Apartment Communities,Real Estate,Multi-Family Residential REITs,136.7,167.59,136.26,137.86,139.04,140.46,141.99,150.75,0.0,6.15,145.11,135.81
MRNA,Moderna,Health Care,Biotechnology,28.49,63.16,23.51,27.12,26.3,25.49,26.5,30.36,0.0,-1.19,28.15,22.84
MHK,Mohawk Industries,Consumer Discretionary,Home Furnishings,129.17,161.25,97.99,128.89,128.3,131.88,128.37,116.27,0.0,8.62,140.3,123.46
MOH,Molina Healthcare,Health Care,Managed Health Care,201.97,353.24,152.31,194.66,190.97,184.95,173.81,265.96,0.3,-0.85,200.25,169.65
TAP,Molson Coors Beverage Company,Consumer Staples,Brewers,46.39,61.78,44.09,45.92,45.33,46.74,48.71,53.19,-0.2,8.08,50.14,43.34
MDLZ,Mondelez International,Consumer Staples,Packaged Foods & Meats,62.67,70.19,54.9,62.44,62.73,62.36,62.5,63.09,-0.2,1.79,63.79,60.93
MPWR,Monolithic Power Systems,Information Technology,Semiconductors,918.83,935.09,453.43,914.18,908.74,887.13,842.43,690.63,0.2,3.3,949.15,825.1
MNST,Monster Beverage,Consumer Staples,Soft Drinks & Non-alcoholic Beverages,67.17,67.58,46.16,67.29,65.98,65.16,63.44,58.43,0.0,1.5,68.18,62.15
MCO,Moody's Corporation,Financials,Financial Exchanges & Data,485.04,524.53,395.22,480.87,479.36,491.9,503.2,481.46,-0.4,7.78,522.78,460.99
MS,Morgan Stanley,Financials,Investment Banking & Brokerage,157.59,161.16,98.35,157.98,158.83,157.27,150.08,131.98,0.2,3.6,163.26,151.27
MOS,Mosaic Company (The),Materials,Fertilizers & Agricultural Chemicals,34.53,37.55,22.47,34.5,34.59,34.08,33.59,30.4,0.4,3.59,35.77,32.4
MSI,Motorola Solutions,Information Technology,Communications Equipment,452.9,499.65,392.79,453.87,457.89,468.57,460.5,438.21,0.0,8.81,492.8,444.31
MSCI,MSCI Inc.,Financials,Financial Exchanges & Data,560.12,630.0,503.37,561.96,564.33,567.85,562.68,565.77,0.1,4.35,584.49,551.23
NDAQ,"Nasdaq, Inc.",Financials,Financial Exchanges & Data,87.61,96.67,66.01,87.8,87.88,90.45,93.13,83.17,-0.2,10.19,96.54,84.36
NTAP,NetApp,Information Technology,"Technology Hardware, Storage & Peripherals",118.72,129.06,75.73,118.86,120.63,122.31,114.22,106.04,0.2,7.19,127.26,117.36
NFLX,Netflix,Communication Services,Movies & Entertainment,1153.32,1339.13,687.65,1178.42,1196.07,1208.72,1206.8,1093.86,-0.2,9.44,1262.19,1155.3
NEM,Newmont,Materials,Gold,86.86,86.86,36.49,85.62,84.89,81.75,74.07,55.09,0.0,2.05,88.64,74.86
NWSA,News Corp (Class A),Communication Services,Publishing,28.38,31.03,23.89,29.52,29.99,29.87,29.53,28.25,0.2,10.71,31.42,28.33
NWS,News Corp (Class B),Communication Services,Publishing,32.09,35.06,26.86,33.17,33.44,33.15,33.47,32.19,0.0,8.54,34.83,31.47
NEE,NextEra Energy,Utilities,Multi-Utilities,80.06,82.85,63.11,77.72,75.76,73.25,72.71,70.3,0.2,-0.76,79.45,67.05
NKE,"Nike, Inc.",Consumer Discretionary,"Apparel, Accessories & Luxury Goods",71.93,82.12,52.64,72.0,71.2,72.12,74.38,69.2,0.2,5.12,75.61,68.62
NI,NiSource,Utilities,Multi-Utilities,43.83,43.83,32.78,43.3,42.61,41.49,41.88,39.25,0.0,0.64,44.11,38.86
NDSN,Nordson Corporation,Industrials,Industrial Machinery & Supplies & Components,233.45,260.48,166.29,229.71,227.04,225.97,221.0,209.45,0.4,-0.57,232.12,219.84
NSC,Norfolk Southern,Industrials,Rail Transportation,300.15,300.41,204.09,299.43,296.52,286.75,282.55,250.79,0.0,2.45,307.5,265.99
NTRS,Northern Trust,Financials,Asset Management & Custody Banks,132.4,134.6,83.34,133.07,132.18,130.84,128.98,111.1,0.0,1.87,134.88,126.8
NOC,Northrop Grumman,Industrials,Aerospace & Defense,609.54,609.54,427.78,604.66,594.31,585.66,583.56,508.54,0.0,0.16,610.52,560.79
NCLH,Norwegian Cruise Line Holdings,Consumer Discretionary,"Hotels, Resorts & Cruise Lines",24.32,29.07,15.5,24.49,24.87,25.26,24.84,22.34,0.2,9.5,26.63,23.89
NRG,NRG Energy,Utilities,Independent Power Producers & Energy Traders,166.28,173.91,83.06,164.56,165.83,163.29,157.31,128.06,0.0,4.52,173.8,152.77
NUE,Nucor,Materials,Steel,138.04,164.83,102.37,136.68,135.99,138.06,141.22,127.65,0.0,5.01,144.96,131.16
NVDA,Nvidia,Information Technology,Semiconductors,187.62,188.89,94.3,186.44,182.71,178.71,178.09,143.04,0.0,1.23,189.93,167.49
NVR,"NVR, Inc.",Consumer Discretionary,Homebuilding,8178.0,9924.4,6700.0,8083.18,8029.73,8164.93,8076.26,7623.2,0.0,4.22,8523.11,7806.44
NXPI,NXP Semiconductors,Information Technology,Semiconductors,228.89,250.84,152.09,227.07,226.72,224.17,223.58,209.78,0.0,0.86,230.86,217.48
ORLY,O’Reilly Automotive,Consumer Discretionary,Automotive Retail,104.79,107.82,76.44,106.16,105.21,105.49,103.49,92.57,-0.2,3.45,108.41,102.57
OXY,Occidental Petroleum,Energy,Oil & Gas Exploration & Production,44.85,54.77,35.72,46.43,46.57,46.38,45.41,44.92,0.0,8.25,48.55,44.21
ODFL,Old Dominion,Industrials,Cargo Ground Transportation,141.33,230.37,138.59,140.6,140.13,142.93,147.75,164.75,-0.2,6.3,150.23,135.62
OMC,Omnicom Group,Communication Services,Advertising,77.61,101.86,68.6,78.51,77.34,77.12,75.94,76.81,-0.1,3.21,80.1,74.15
ON,ON Semiconductor,Information Technology,Semiconductors,49.27,74.7,31.95,49.09,49.82,49.58,50.47,49.77,0.0,5.07,51.77,47.38
OKE,Oneok,Energy,Oil & Gas Storage & Transportation,72.89,112.93,71.36,72.88,72.96,72.79,74.68,85.16,0.0,1.78,74.19,71.38
ORCL,Oracle Corporation,Information Technology,Application Software,286.14,328.33,122.56,285.59,295.32,293.85,262.83,193.51,0.2,18.33,338.59,249.12
OTIS,Otis Worldwide,Industrials,Industrial Machinery & Supplies & Components,91.54,104.22,84.52,91.77,90.59,89.77,88.08,94.16,0.1,1.08,92.53,87.0
PCAR,Paccar,Industrials,Construction Machinery & Heavy Transportation Equipment,98.09,113.98,85.82,98.61,98.08,99.32,98.97,98.61,0.2,5.39,103.38,95.25
PKG,Packaging Corporation of America,Materials,Paper & Plastic Packaging Products & Materials,214.54,242.86,173.82,215.85,215.01,213.98,206.94,202.08,0.0,1.41,217.57,210.39
PLTR,Palantir Technologies,Information Technology,Application Software,173.07,187.05,37.49,181.27,180.45,174.73,168.94,121.56,0.2,10.23,190.78,158.68
PANW,Palo Alto Networks,Information Technology,Systems Software,207.19,209.3,152.44,206.17,204.76,202.7,190.45,187.85,0.0,1.6,210.51,194.9
PSKY,Paramount Skydance Corporation,Communication Services,Movies & Entertainment,19.09,19.73,10.05,19.0,19.03,18.13,15.39,12.44,0.0,9.53,20.91,15.36
PH,Parker Hannifin,Industrials,Industrial Machinery & Supplies & Components,763.23,769.67,514.56,757.66,755.3,756.3,746.05,672.72,-0.2,0.87,769.87,742.71
PAYX,Paychex,Industrials,Human Resource & Employment Services,124.61,158.58,123.42,125.47,127.02,130.04,135.83,143.26,-0.2,10.22,137.35,122.74
PAYC,Paycom,Industrials,Human Resource & Employment Services,201.86,265.28,158.91,205.76,211.83,215.72,222.2,222.94,0.0,14.2,230.52,200.91
PYPL,PayPal,Financials,Transaction & Payment Processing Services,69.25,91.81,57.41,68.32,67.85,67.68,68.83,72.99,0.0,0.55,69.63,65.73
PNR,Pentair,Industrials,Industrial Machinery & Supplies & Components,112.23,112.59,75.76,111.1,110.27,110.41,107.45,98.69,0.2,0.39,112.67,108.16
PEP,PepsiCo,Consumer Staples,Soft Drinks & Non-alcoholic Beverages,141.98,169.55,125.83,141.61,141.35,141.66,143.44,140.17,0.0,1.49,144.1,139.22
PFE,Pfizer,Health Care,Pharmaceuticals,27.37,28.21,20.83,26.2,25.06,24.66,24.68,24.24,0.0,-1.42,26.98,22.35
PCG,PG&E Corporation,Utilities,Multi-Utilities,15.9,21.5,12.98,15.46,15.07,15.08,14.98,15.96,0.1,-0.06,15.89,14.27
PM,Philip Morris International,Consumer Staples,Tobacco,153.27,183.57,115.19,159.45,161.49,162.86,164.71,157.52,-0.2,10.26,169.0,156.73
PSX,Phillips 66,Energy,Oil & Gas Refining & Marketing,133.01,139.46,91.09,135.23,135.31,133.44,128.3,119.12,0.2,4.69,139.25,127.62
PNW,Pinnacle West Capital,Utilities,Multi-Utilities,90.18,93.78,79.36,88.71,87.69,87.41,89.42,88.74,0.4,-0.54,89.69,85.12
PNC,PNC Financial Services,Financials,Diversified Banks,198.46,209.23,146.94,199.57,201.5,202.24,198.41,184.0,0.2,4.08,206.56,197.93
POOL,Pool Corporation,Consumer Discretionary,Distributors,309.61,385.63,283.92,310.36,309.9,317.44,315.96,317.61,0.1,7.95,334.22,300.67
PPG,PPG Industries,Materials,Specialty Chemicals,104.43,128.23,90.49,104.43,105.09,107.38,108.78,110.78,0.0,8.0,112.78,101.97
PPL,PPL Corporation,Utilities,Electric Utilities,36.7,37.16,30.49,36.79,36.53,36.12,36.13,34.31,-0.2,1.31,37.18,35.06
PFG,Principal Financial Group,Financials,Life & Health Insurance,84.24,87.94,68.21,83.38,82.75,81.98,79.53,78.5,0.0,0.33,84.52,79.43
PG,Procter & Gamble,Consumer Staples,Personal Care Products,152.27,176.3,150.47,152.94,152.73,155.41,155.54,161.04,0.0,5.8,161.1,149.73
PGR,Progressive Corporation,Financials,Property & Casualty Insurance,245.7,290.89,234.8,245.34,243.17,244.1,245.15,258.76,0.0,1.47,249.31,238.88
PLD,Prologis,Real Estate,Industrial REITs,117.06,122.49,88.13,115.68,114.71,113.93,110.24,108.09,0.2,0.08,117.15,110.71
PRU,Prudential Financial,Financials,Life & Health Insurance,104.02,124.75,92.74,103.3,103.28,104.09,104.64,105.9,-0.4,2.86,106.99,101.18
PEG,Public Service Enterprise Group,Utilities,Electric Utilities,82.0,91.66,75.92,82.53,82.22,81.78,83.61,81.62,0.0,2.15,83.76,79.79
PTC,PTC Inc.,Information Technology,Application Software,203.0,216.53,136.74,203.06,203.45,204.66,208.08,180.19,-0.2,3.02,209.13,200.19
PSA,Public Storage,Real Estate,Self-Storage REITs,293.54,341.47,260.94,290.15,286.0,286.2,284.4,288.82,-0.1,0.37,294.63,277.77
PHM,PulteGroup,Consumer Discretionary,Homebuilding,137.61,147.88,91.67,134.44,132.23,133.95,128.88,111.15,0.0,1.87,140.18,127.72
PWR,Quanta Services,Industrials,Construction & Engineering,421.17,421.58,236.5,417.2,407.98,395.47,390.47,334.71,0.0,1.15,426.01,364.92
QCOM,Qualcomm,Information Technology,Semiconductors,169.18,174.12,123.21,167.24,168.79,165.73,158.97,154.84,0.0,2.77,173.87,157.59
DGX,Quest Diagnostics,Health Care,Health Care Services,179.33,190.58,144.81,184.36,185.46,183.82,179.67,170.14,-0.2,5.98,190.05,177.57
RL,Ralph Lauren Corporation,Consumer Discretionary,"Apparel, Accessories & Luxury Goods",321.81,322.38,181.18,316.76,312.53,312.08,302.41,262.19,0.0,0.03,321.91,302.27
RJF,Raymond James Financial,Financials,Investment Banking & Brokerage,166.82,175.92,122.24,169.44,171.53,170.26,167.54,154.07,0.0,6.32,177.36,163.16
RTX,RTX Corporation,Industrials,Aerospace & Defense,166.58,167.33,112.45,166.27,163.66,160.14,157.92,136.96,0.0,1.39,168.9,151.39
O,Realty Income,Real Estate,Retail REITs,60.4,61.18,49.38,60.35,59.91,59.66,58.29,55.29,0.2,0.65,60.79,58.54
REG,Regency Centers,Real Estate,Retail REITs,71.68,75.5,64.21,72.15,71.69,71.38,71.31,70.71,0.0,1.77,72.95,69.81
REGN,Regeneron Pharmaceuticals,Health Care,Biotechnology,600.0,1035.83,482.34,584.59,578.29,575.29,571.49,607.14,-0.1,1.38,608.28,542.3
RF,Regions Financial Corporation,Financials,Regional Banks,26.39,27.4,17.95,26.33,26.48,26.74,26.19,23.16,-0.2,3.83,27.4,26.09
RSG,Republic Services,Industrials,Environmental & Facilities Services,224.15,256.75,195.95,226.13,226.38,226.87,231.07,232.3,0.0,2.87,230.58,223.15
RMD,ResMed,Health Care,Health Care Equipment,278.59,293.73,203.67,274.17,273.26,273.42,277.98,247.62,0.0,0.43,279.79,267.06
RVTY,Revvity,Health Care,Health Care Equipment,94.05,126.65,82.5,89.82,87.27,86.21,88.34,100.33,0.0,-1.97,92.2,80.22
HOOD,Robinhood Markets,Financials,Investment Banking & Brokerage,148.67,148.67,22.43,142.68,133.57,125.91,114.47,71.82,0.2,-1.23,146.84,104.99
ROK,Rockwell Automation,Industrials,Electrical Components & Equipment,349.4,357.15,217.21,348.29,345.56,345.39,344.48,301.73,0.0,0.68,351.78,339.0
ROL,"Rollins, Inc.",Industrials,Environmental & Facilities Services,58.71,58.74,45.24,58.48,57.44,56.99,57.26,53.88,-0.2,1.19,59.41,54.57
ROP,Roper Technologies,Information Technology,Electronic Equipment & Instruments,499.95,592.1,495.03,499.03,500.88,506.3,523.43,549.77,0.0,4.35,521.7,490.91
ROST,Ross Stores,Consumer Discretionary,Apparel Retail,152.64,156.17,122.22,153.25,150.7,149.39,146.96,140.57,0.2,1.78,155.36,143.43
RCL,Royal Caribbean Group,Consumer Discretionary,"Hotels, Resorts & Cruise Lines",314.05,364.72,171.15,320.1,323.57,328.95,330.46,267.86,0.0,11.0,348.6,309.32
SPGI,S&P Global,Financials,Financial Exchanges & Data,479.81,563.17,436.73,483.23,488.14,512.71,534.74,512.43,0.0,18.29,567.57,457.87
CRM,Salesforce,Information Technology,Application Software,240.36,365.66,231.26,239.41,242.16,243.5,246.65,278.34,0.0,4.89,252.11,234.88
SBAC,SBA Communications,Real Estate,Telecom Tower REITs,192.09,244.52,189.91,193.01,194.67,195.85,208.58,215.38,0.0,5.2,202.08,189.64
SLB,Schlumberger,Energy,Oil & Gas Equipment & Services,34.26,44.26,31.43,34.59,34.61,34.97,34.45,36.29,0.1,5.81,36.25,33.68
STX,Seagate Technology,Information Technology,"Technology Hardware, Storage & Peripherals",252.79,256.84,65.98,245.77,234.39,218.88,182.93,122.86,0.0,2.51,259.14,178.63
SRE,Sempra,Utilities,Multi-Utilities,91.44,91.81,62.78,89.67,87.61,84.69,82.59,77.24,0.0,0.46,91.86,77.52
NOW,ServiceNow,Information Technology,Systems Software,912.36,1170.39,721.65,919.2,925.94,933.1,915.55,953.94,0.1,5.28,960.53,905.7
SHW,Sherwin-Williams,Materials,Specialty Chemicals,346.6,397.11,312.15,344.18,343.67,350.82,354.29,348.58,-0.2,6.66,369.68,331.97
SPG,Simon Property Group,Real Estate,Retail REITs,185.23,187.67,136.92,185.9,184.59,182.95,175.17,165.34,0.0,1.31,187.66,178.24
SWKS,Skyworks Solutions,Information Technology,Semiconductors,77.1,95.47,48.25,76.94,78.85,76.97,74.14,72.28,0.2,6.78,82.33,71.62
SJM,J.M. Smucker Company (The),Consumer Staples,Packaged Foods & Meats,108.3,116.99,93.48,108.14,108.42,108.14,109.25,107.32,0.0,3.9,112.52,103.75
SW,Smurfit Westrock,Materials,Paper & Plastic Packaging Products & Materials,41.98,55.13,37.46,42.26,42.62,43.71,44.46,45.84,0.0,10.43,46.36,41.06
SNA,Snap-on,Industrials,Industrial Machinery & Supplies & Components,347.42,364.18,278.25,346.57,342.89,337.5,329.3,326.01,0.2,1.36,352.14,322.88
SOLV,Solventum,Health Care,Health Care Technology,74.0,84.04,63.01,73.37,72.77,73.15,72.84,72.55,0.0,1.96,75.45,70.86
SO,Southern Company,Utilities,Electric Utilities,94.54,95.24,78.98,94.38,94.06,92.86,93.27,88.55,-0.2,1.06,95.54,90.18
LUV,Southwest Airlines,Industrials,Passenger Airlines,32.52,37.49,23.77,32.36,32.49,32.1,31.54,31.3,0.0,2.37,33.29,30.91
SWK,Stanley Black & Decker,Industrials,Industrial Machinery & Supplies & Components,75.42,104.64,54.53,74.26,74.4,76.19,73.6,72.84,0.4,6.27,80.15,72.23
SBUX,Starbucks,Consumer Discretionary,Restaurants,86.42,114.25,78.61,85.56,85.02,84.18,87.5,91.83,0.0,0.36,86.73,81.64
STT,State Street Corporation,Financials,Asset Management & Custody Banks,116.38,116.4,74.25,115.29,114.15,112.71,112.04,98.68,0.2,0.16,116.57,108.85
STLD,Steel Dynamics,Materials,Steel,145.09,151.94,108.4,141.66,139.37,136.91,131.12,127.2,0.2,0.08,145.21,128.61
STE,Steris,Health Care,Health Care Equipment,242.5,252.43,200.94,243.8,245.72,247.2,242.43,228.85,0.0,4.36,253.07,241.31
SYK,Stryker Corporation,Health Care,Health Care Equipment,370.5,402.61,335.89,367.95,369.61,375.68,382.28,377.66,-0.2,5.68,391.54,359.81
SMCI,Supermicro,Information Technology,"Technology Hardware, Storage & Peripherals",51.96,60.71,18.01,50.23,48.33,46.3,47.12,41.18,-0.2,0.65,52.3,40.3
SYF,Synchrony Financial,Financials,Consumer Finance,71.23,76.86,43.38,71.14,72.95,74.28,73.09,63.35,0.2,9.95,78.32,70.24
SNPS,Synopsys,Information Technology,Application Software,469.17,645.35,380.9,480.82,485.23,478.16,559.11,505.54,0.0,24.71,585.1,371.24
SYY,Sysco,Consumer Staples,Food Distributors,82.15,83.27,67.53,82.48,82.09,81.7,80.86,75.02,0.0,1.44,83.33,80.07
TMUS,T-Mobile US,Communication Services,Wireless Telecommunication Services,230.27,270.87,205.11,234.2,236.18,238.23,243.96,241.33,-0.4,6.41,245.03,231.44
TROW,T. Rowe Price,Financials,Asset Management & Custody Banks,103.28,118.63,78.24,102.44,103.23,104.18,104.8,99.31,0.0,3.64,107.04,101.32
TTWO,Take-Two Interactive,Communication Services,Interactive Home Entertainment,257.68,259.96,147.66,257.67,253.66,250.81,238.15,219.53,0.2,1.11,260.54,241.07
TPR,"Tapestry, Inc.",Consumer Discretionary,"Apparel, Accessories & Luxury Goods",114.92,116.14,42.76,113.8,112.93,110.75,107.01,84.39,0.2,2.7,118.02,103.48
TRGP,Targa Resources,Energy,Oil & Gas Storage & Transportation,162.3,213.93,150.24,165.93,168.31,166.37,165.38,175.75,-0.1,7.2,173.99,158.74
TGT,Target Corporation,Consumer Staples,Consumer Staples Merchandise Retail,89.03,154.72,86.56,89.24,88.31,89.13,95.79,105.58,-0.2,3.19,91.87,86.39
TEL,TE Connectivity,Information Technology,Electronic Manufacturing Services,220.84,221.69,121.04,220.19,218.63,215.32,208.72,165.95,0.2,1.33,223.78,206.87
TDY,Teledyne Technologies,Information Technology,Electronic Equipment & Instruments,587.62,587.62,435.54,582.05,575.31,565.1,553.78,507.67,0.2,0.56,590.91,539.26
TER,Teradyne,Information Technology,Semiconductor Materials & Equipment,145.64,145.64,67.79,140.65,137.45,126.75,116.6,102.26,0.0,2.53,149.32,104.19
TSLA,"Tesla, Inc.",Consumer Discretionary,Automobile Manufacturers,429.83,479.86,213.65,442.64,437.99,414.31,363.66,335.19,0.2,12.15,482.05,346.57
TXN,Texas Instruments,Information Technology,Semiconductors,180.32,219.66,143.34,182.0,182.27,182.08,188.62,184.92,0.0,3.52,186.67,177.49
TPL,Texas Pacific Land Corporation,Energy,Oil & Gas Exploration & Production,945.89,1720.9,853.36,945.18,934.9,926.8,920.8,1157.86,-0.1,2.91,973.42,880.22
TXT,Textron,Industrials,Aerospace & Defense,86.85,90.23,60.69,85.39,84.2,83.28,80.89,76.45,0.4,-0.48,86.43,80.13
TMO,Thermo Fisher Scientific,Health Care,Life Sciences Tools & Services,543.32,610.57,389.91,509.21,488.23,484.3,481.82,477.01,0.2,-2.71,528.6,440.0
TJX,TJX Companies,Consumer Discretionary,Apparel Retail,141.33,144.54,110.73,143.24,142.03,141.09,136.22,126.53,0.2,2.1,144.3,137.88
TKO,TKO Group Holdings,Communication Services,Movies & Entertainment,197.35,205.33,113.99,200.28,199.4,199.85,186.94,164.1,0.2,4.24,205.72,193.98
TTD,Trade Desk (The),Communication Services,Advertising,51.55,139.51,43.93,50.08,48.42,47.47,57.72,74.88,0.2,2.17,52.67,42.26
TSCO,Tractor Supply,Consumer Discretionary,Other Specialty Retail,55.83,62.65,47.62,56.31,56.85,58.2,59.3,54.58,-0.2,9.76,61.28,55.12
TT,Trane Technologies,Industrials,Building Products,424.09,471.46,313.81,421.87,414.79,410.78,422.0,393.12,0.0,0.82,427.57,394.0
TDG,TransDigm Group,Industrials,Aerospace & Defense,1288.83,1516.55,1152.5,1296.15,1296.11,1291.65,1328.89,1303.53,0.0,1.9,1313.32,1270.02
TRV,Travelers Companies (The),Financials,Property & Casualty Insurance,284.56,284.56,222.29,279.51,277.86,276.66,270.66,257.8,0.4,-0.7,282.57,270.75
TRMB,Trimble Inc.,Information Technology,Electronic Equipment & Instruments,80.72,85.24,55.12,80.79,80.92,81.02,81.88,73.64,0.0,2.85,83.02,79.03
TFC,Truist Financial,Financials,Diversified Banks,45.52,47.07,33.92,45.62,45.68,45.53,45.0,42.23,0.0,1.8,46.34,44.71
TYL,Tyler Technologies,Information Technology,Application Software,502.74,646.74,498.19,510.81,519.34,531.89,555.04,573.57,-0.2,12.73,566.74,497.03
TSN,Tyson Foods,Consumer Staples,Packaged Foods & Meats,54.69,62.84,51.83,54.37,54.17,54.51,55.05,56.27,-0.2,2.4,56.0,53.02
USB,U.S. Bancorp,Financials,Diversified Banks,48.07,51.35,35.62,48.13,48.45,48.64,47.09,44.4,0.0,3.37,49.69,47.59
UBER,Uber,Industrials,Passenger Ground Transportation,96.6,99.57,59.93,97.47,97.84,96.79,93.86,81.86,0.0,4.03,100.49,93.09
UDR,"UDR, Inc.",Real Estate,Multi-Family Residential REITs,36.38,45.08,36.38,36.78,36.98,37.51,38.29,40.59,-0.2,7.23,39.01,36.01
ULTA,Ulta Beauty,Consumer Discretionary,Other Specialty Retail,556.45,557.82,314.47,554.15,544.06,533.13,524.13,438.56,0.0,1.25,563.41,502.84
UNP,Union Pacific Corporation,Industrials,Rail Transportation,236.8,249.94,205.73,235.72,233.0,224.99,223.03,226.89,-0.1,2.2,242.01,207.97
UAL,United Airlines Holdings,Industrials,Passenger Airlines,95.33,110.52,55.62,95.69,98.52,102.4,99.25,88.72,0.0,17.4,111.92,92.88
UPS,United Parcel Service,Industrials,Air Freight & Logistics,86.78,130.93,82.58,84.95,84.36,84.38,85.99,100.63,0.4,-0.86,86.03,82.74
URI,United Rentals,Industrials,Trading Companies & Distributors,980.8,980.8,549.5,964.1,953.34,950.66,925.7,750.93,0.4,-0.24,978.45,922.91
UNH,UnitedHealth Group,Health Care,Managed Health Care,360.2,611.98,236.28,350.54,348.31,344.71,306.01,396.6,-0.3,0.33,361.39,328.04
UHS,Universal Health Services,Health Care,Health Care Facilities,207.24,235.89,154.78,204.36,200.89,194.48,182.67,180.88,0.0,0.79,208.88,180.08
VLO,Valero Energy,Energy,Oil & Gas Refining & Marketing,160.4,175.63,102.97,167.03,169.29,164.76,150.96,133.75,0.2,9.97,176.39,153.13
VTR,Ventas,Real Estate,Health Care REITs,69.76,70.32,55.68,69.68,68.73,68.39,67.75,64.25,0.0,1.12,70.54,66.23
VLTO,Veralto,Industrials,Environmental & Facilities Services,107.14,113.11,85.14,106.24,105.66,106.33,106.5,100.65,0.0,1.55,108.8,103.86
VRSN,Verisign,Information Technology,Internet Services & Infrastructure,272.98,305.1,175.69,277.44,281.0,283.42,276.89,255.71,-0.2,7.03,292.17,274.65
VRSK,Verisk Analytics,Industrials,Research & Consulting Services,249.04,320.32,242.3,249.26,246.69,252.14,263.15,286.42,-0.2,8.38,269.91,234.37
VZ,Verizon,Communication Services,Integrated Telecommunication Services,43.67,45.06,36.62,43.62,43.48,43.61,43.62,41.85,-0.2,1.26,44.22,43.0
VRTX,Vertex Pharmaceuticals,Health Care,Biotechnology,403.3,516.74,366.54,400.66,391.04,391.23,400.69,445.54,0.2,1.12,407.82,374.65
VTRS,Viatris,Health Care,Pharmaceuticals,10.19,12.87,7.08,9.98,9.8,9.89,9.9,9.52,0.2,2.94,10.49,9.29
VICI,Vici Properties,Real Estate,Hotel & Resort REITs,32.63,33.46,27.08,32.69,32.32,32.39,32.54,30.96,-0.2,1.69,33.18,31.59
V,Visa Inc.,Financials,Transaction & Payment Processing Services,349.84,372.65,271.88,345.03,341.92,341.58,343.74,342.1,0.0,-0.21,349.11,334.06
VST,Vistra Corp.,Utilities,Electric Utilities,201.99,217.92,97.84,200.0,203.31,204.43,200.44,164.47,0.0,8.09,218.33,190.51
VMC,Vulcan Materials Company,Materials,Construction Materials,304.7,307.62,219.65,304.07,300.47,298.08,290.83,265.1,0.2,0.72,306.89,289.27
WRB,W. R. Berkley Corporation,Financials,Property & Casualty Insurance,76.86,76.86,55.35,76.22,75.39,74.06,72.04,67.33,0.0,0.55,77.28,70.84
GWW,W. W. Grainger,Industrials,Industrial Machinery & Supplies & Components,956.59,1212.97,915.74,951.06,957.46,978.85,987.87,1024.23,-0.2,7.23,1025.75,931.93
WAB,Wabtec,Industrials,Construction Machinery & Heavy Transportation Equipment,200.08,214.1,159.81,198.91,197.05,193.14,192.5,193.51,0.1,0.98,202.04,184.23
WMT,Walmart,Consumer Staples,Consumer Staples Merchandise Retail,102.07,104.27,78.34,102.37,102.62,102.73,100.73,95.78,0.0,2.26,104.38,101.07
DIS,Walt Disney Company (The),Communication Services,Movies & Entertainment,112.47,124.01,81.37,113.37,113.15,114.61,116.17,109.69,0.0,5.17,118.28,110.93
WBD,Warner Bros. Discovery,Communication Services,Broadcasting,18.99,19.82,7.33,19.19,19.43,18.01,14.48,11.27,0.2,21.12,23.0,13.02
WM,Waste Management,Industrials,Environmental & Facilities Services,219.76,240.36,198.36,219.36,218.73,217.83,223.77,223.54,0.0,0.68,221.25,214.4
WAT,Waters Corporation,Health Care,Life Sciences Tools & Services,328.39,417.28,277.72,311.87,303.32,302.35,296.85,344.51,0.1,-1.56,323.27,281.43
WEC,WEC Energy Group,Utilities,Electric Utilities,113.29,114.59,89.8,113.42,112.48,110.9,109.18,103.89,0.2,1.43,114.91,106.88
WFC,Wells Fargo,Financials,Diversified Banks,80.67,85.16,53.78,82.1,83.35,82.49,80.73,75.31,-0.2,6.86,86.2,78.78
WELL,Welltower,Real Estate,Health Care REITs,175.04,179.38,120.86,176.85,174.18,170.87,167.72,150.26,0.2,2.46,179.35,162.4
WST,West Pharmaceutical Services,Health Care,Health Care Supplies,272.56,347.02,190.04,267.96,261.88,258.94,250.86,248.66,0.4,-0.12,272.23,245.64
WDC,Western Digital,Information Technology,"Technology Hardware, Storage & Peripherals",131.31,131.31,30.45,125.99,117.64,108.56,89.8,59.57,0.0,0.59,132.08,85.03
WY,Weyerhaeuser,Real Estate,Timber REITs,25.12,32.65,24.1,24.93,24.66,24.83,25.3,26.77,0.0,2.59,25.77,23.88
WSM,"Williams-Sonoma, Inc.",Consumer Discretionary,Homefurnishing Retail,199.43,215.83,127.65,195.66,197.82,198.94,197.78,180.14,-0.2,2.86,205.13,192.74
WMB,Williams Companies,Energy,Oil & Gas Storage & Transportation,64.48,64.48,46.03,63.91,63.13,60.83,58.8,57.28,0.0,2.42,66.04,55.61
WTW,Willis Towers Watson,Financials,Insurance Brokers,347.14,347.14,284.76,344.75,342.23,337.48,330.03,318.16,0.2,0.58,349.15,325.82
WDAY,"Workday, Inc.",Information Technology,Application Software,236.48,279.91,210.47,237.84,240.31,234.3,230.28,244.35,-0.1,5.75,250.08,218.53
WYNN,Wynn Resorts,Consumer Discretionary,Casinos & Gaming,123.66,133.34,65.78,129.95,128.4,126.07,118.6,95.31,0.2,8.05,133.61,118.52
XEL,Xcel Energy,Utilities,Multi-Utilities,80.26,80.65,60.16,80.17,78.07,75.08,73.38,68.95,0.0,2.6,82.35,67.81
XYL,Xylem Inc.,Industrials,Industrial Machinery & Supplies & Components,149.85,149.85,102.25,147.64,145.08,142.9,141.6,127.22,0.2,-0.27,149.45,136.35
YUM,Yum! Brands,Consumer Discretionary,Restaurants,150.69,160.96,121.48,152.23,151.24,149.35,146.65,144.09,0.0,2.36,154.25,144.44
ZBRA,Zebra Technologies,Information Technology,Electronic Equipment & Instruments,305.01,421.11,213.54,297.35,302.64,309.26,316.16,314.89,0.0,7.36,327.46,291.05
ZBH,Zimmer Biomet,Health Care,Health Care Equipment,100.78,112.61,89.76,99.08,99.04,100.32,100.49,100.63,-0.4,3.7,104.51,96.13
ZTS,Zoetis,Health Care,Pharmaceuticals,146.42,192.1,141.13,145.85,144.28,146.31,149.72,158.07,0.2,3.78,151.95,140.66
