Symbol,Company,GICS_Sector,GICS_Sub_Industry,Current_Price,52_Week_High,52_Week_Low,SMA_5,SMA_10,SMA_20,SMA_50,SMA_100,SMA_125,SMA_200
MMM,3M,Industrials,Industrial Conglomerates,158.66,163.4,120.83,156.54,155.33,155.58,154.05,151.69,148.42,146.1
AOS,A. O. Smith,Industrials,Building Products,73.35,86.83,58.25,73.23,72.64,72.89,72.12,69.39,68.45,67.84
ABT,Abbott Laboratories,Health Care,Health Care Equipment,134.59,139.95,109.57,133.62,134.14,133.51,131.81,131.88,131.32,128.62
ABBV,AbbVie,Health Care,Biotechnology,233.91,244.81,159.42,233.91,227.39,222.17,210.39,198.19,194.83,192.35
ACN,Accenture,Information Technology,IT Consulting & Other Services,245.32,394.41,229.4,245.39,241.31,242.08,250.06,276.57,279.89,305.22
ADBE,Adobe Inc.,Information Technology,Application Software,346.74,557.9,330.04,350.82,354.78,355.29,353.5,373.08,371.25,392.73
AMD,Advanced Micro Devices,Information Technology,Semiconductors,164.67,186.65,76.48,164.31,162.39,160.05,166.01,148.34,137.53,128.02
AES,AES Corporation,Utilities,Independent Power Producers & Energy Traders,14.58,19.12,9.28,14.11,13.65,13.23,13.2,12.24,11.81,11.63
AFL,Aflac,Financials,Life & Health Insurance,112.32,113.54,96.14,111.34,110.25,109.07,106.06,104.33,104.49,104.42
A,Agilent Technologies,Health Care,Life Sciences Tools & Services,141.64,152.88,96.03,134.15,129.15,127.54,122.43,119.09,116.28,122.43
APD,Air Products,Materials,Industrial Gases,271.47,334.71,240.55,270.08,271.03,279.49,285.55,282.5,278.73,286.43
ABNB,Airbnb,Consumer Discretionary,"Hotels, Resorts & Cruise Lines",120.22,163.93,99.88,121.67,122.58,123.05,126.07,130.51,128.26,129.96
AKAM,Akamai Technologies,Information Technology,Internet Services & Infrastructure,77.56,106.8,67.51,76.68,76.3,76.74,76.41,77.33,77.33,82.12
ALB,Albemarle Corporation,Materials,Specialty Chemicals,88.22,111.49,48.84,85.65,84.33,81.27,78.88,71.32,68.3,72.91
ARE,Alexandria Real Estate Equities,Real Estate,Office REITs,83.8,115.77,65.12,83.48,83.75,83.86,79.79,75.85,75.31,81.91
ALGN,Align Technology,Health Care,Health Care Supplies,132.17,246.19,122.0,128.0,127.94,130.44,141.47,164.26,165.89,177.51
ALLE,Allegion,Industrials,Building Products,177.29,180.34,116.14,176.83,176.27,175.82,170.86,157.41,152.31,143.56
LNT,Alliant Energy,Utilities,Electric Utilities,66.8,67.55,54.71,66.88,66.02,65.1,65.19,63.23,62.58,61.55
ALL,Allstate,Financials,Property & Casualty Insurance,210.82,215.7,173.88,211.49,210.36,205.45,204.1,201.33,199.77,196.96
GOOGL,Alphabet Inc. (Class A),Communication Services,Interactive Media & Services,245.35,256.0,140.23,244.62,246.68,245.99,220.75,197.58,189.24,186.13
GOOG,Alphabet Inc. (Class C),Communication Services,Interactive Media & Services,246.45,256.7,142.36,245.27,247.31,246.48,221.39,198.46,190.34,187.47
MO,Altria,Consumer Staples,Tobacco,65.73,67.51,45.54,65.9,65.42,65.21,64.32,61.02,60.08,57.0
AMZN,Amazon,Consumer Discretionary,Broadline Retail,219.51,242.52,161.38,220.86,221.08,226.65,226.6,220.79,213.44,214.58
AMCR,Amcor,Materials,Paper & Plastic Packaging Products & Materials,8.18,11.02,7.9,8.18,8.13,8.2,8.69,8.99,9.02,9.23
AEE,Ameren,Utilities,Multi-Utilities,103.74,104.52,82.82,103.6,102.17,100.82,100.48,97.99,97.7,96.15
AEP,American Electric Power,Utilities,Electric Utilities,114.06,115.08,87.57,112.51,110.36,109.15,110.66,106.65,106.15,103.15
AXP,American Express,Financials,Consumer Finance,330.24,349.19,219.87,332.75,336.85,333.47,319.55,311.71,301.81,298.19
AIG,American International Group,Financials,Multi-line Insurance,81.02,87.1,68.15,79.35,78.29,77.91,78.93,80.89,80.84,79.08
AMT,American Tower,Real Estate,Telecom Tower REITs,190.21,232.28,168.28,191.97,191.98,192.36,200.46,207.8,208.8,202.09
AWK,American Water Works,Utilities,Water Utilities,137.75,153.69,116.64,137.13,136.57,137.18,140.62,140.51,141.21,136.96
AMP,Ameriprise Financial,Financials,Asset Management & Custody Banks,492.0,576.69,393.57,492.02,493.17,492.42,503.0,511.88,503.07,508.97
AME,Ametek,Industrials,Electrical Components & Equipment,183.75,197.03,144.53,186.44,186.43,187.39,185.14,182.07,178.36,179.06
AMGN,Amgen,Health Care,Biotechnology,297.89,330.26,247.06,289.99,284.62,281.37,286.77,285.97,284.11,284.43
APH,Amphenol,Information Technology,Electronic Components,122.22,126.06,56.27,123.04,123.24,120.93,113.7,103.87,97.49,86.46
ADI,Analog Devices,Information Technology,Semiconductors,241.99,257.11,157.31,242.69,245.12,245.94,239.94,234.63,225.21,220.15
AON,Aon plc,Financials,Insurance Brokers,363.81,411.24,322.37,359.17,356.39,359.46,363.88,360.59,360.5,367.19
APA,APA Corporation,Energy,Oil & Gas Exploration & Production,24.54,26.13,13.18,24.42,24.32,23.76,21.92,20.18,19.24,19.92
APO,Apollo Global Management,Financials,Asset Management & Custody Banks,125.89,187.59,101.84,130.96,135.46,136.85,138.42,138.9,136.76,143.08
AAPL,Apple Inc.,Information Technology,"Technology Hardware, Storage & Peripherals",258.02,259.24,168.8,255.93,255.48,245.76,232.67,218.91,215.08,221.79
AMAT,Applied Materials,Information Technology,Semiconductor Materials & Equipment,217.53,226.41,123.04,213.71,207.49,190.21,179.8,178.23,171.84,169.32
APTV,Aptiv,Consumer Discretionary,Automotive Parts & Equipment,87.98,88.24,47.19,86.89,86.13,84.66,77.79,73.24,69.61,66.91
ACGL,Arch Capital Group,Financials,Property & Casualty Insurance,90.79,110.75,82.49,90.15,89.84,89.76,89.96,90.6,90.82,91.36
ADM,Archer Daniels Midland,Consumer Staples,Agricultural Products & Services,61.04,64.38,40.22,59.89,60.32,60.92,59.71,55.43,53.58,51.26
ANET,Arista Networks,Information Technology,Communications Equipment,145.5,156.32,59.43,145.66,144.6,144.89,137.11,117.88,110.01,106.83
AJG,Arthur J. Gallagher & Co.,Financials,Insurance Brokers,310.48,349.78,273.89,308.09,305.66,300.76,297.51,310.26,313.64,312.53
AIZ,Assurant,Financials,Multi-line Insurance,220.0,227.13,173.64,217.38,215.74,212.9,208.09,201.41,199.25,202.19
T,AT&T,Communication Services,Integrated Telecommunication Services,27.06,29.79,20.36,27.59,28.06,28.69,28.57,28.05,27.82,26.53
ATO,Atmos Energy,Utilities,Gas Utilities,170.19,171.2,133.63,169.74,167.97,166.12,163.84,158.7,158.01,152.48
ADSK,Autodesk,Information Technology,Application Software,318.9,329.09,232.67,319.05,321.11,321.75,307.14,303.0,296.1,291.97
ADP,Automatic Data Processing,Industrials,Human Resource & Employment Services,291.31,326.59,269.86,291.79,291.38,291.92,298.11,303.87,301.84,299.74
AZO,AutoZone,Consumer Discretionary,Automotive Retail,4215.08,4388.11,2980.1,4256.17,4203.28,4222.97,4118.99,3916.22,3863.17,3703.99
AVB,AvalonBay Communities,Real Estate,Multi-Family Residential REITs,190.69,231.37,177.24,191.43,191.5,191.8,190.4,195.73,196.55,202.2
AVY,Avery Dennison,Materials,Paper & Plastic Packaging Products & Materials,163.44,217.77,155.31,162.24,161.94,163.95,168.32,173.21,172.33,175.82
AXON,Axon Enterprise,Industrials,Aerospace & Defense,715.51,885.92,397.53,716.21,725.36,739.26,757.54,759.57,726.09,674.23
BKR,Baker Hughes,Energy,Oil & Gas Equipment & Services,48.5,50.93,33.21,48.91,49.16,47.88,45.67,42.08,40.97,41.83
BALL,Ball Corporation,Materials,"Metal, Glass & Plastic Containers",50.25,66.86,43.18,50.24,49.51,49.77,52.24,53.89,52.94,52.73
BAC,Bank of America,Financials,Diversified Banks,50.64,52.88,32.69,51.16,51.52,51.17,49.18,47.3,45.53,44.77
BAX,Baxter International,Health Care,Health Care Equipment,23.86,37.43,21.18,23.12,22.75,23.31,23.89,26.86,27.36,28.96
BDX,Becton Dickinson,Health Care,Health Care Equipment,193.61,248.0,161.47,189.46,187.16,187.72,188.25,180.55,182.39,199.2
BBY,Best Buy,Consumer Discretionary,Computer & Electronics Retail,76.86,96.48,53.55,76.42,75.2,74.94,71.97,70.37,68.91,72.78
TECH,Bio-Techne,Health Care,Life Sciences Tools & Services,62.95,80.37,45.87,58.56,55.23,53.86,54.19,52.45,51.97,57.85
BIIB,Biogen,Health Care,Biotechnology,159.88,194.13,110.04,149.59,143.86,143.9,138.0,133.63,130.63,135.34
BLK,BlackRock,Financials,Asset Management & Custody Banks,1160.69,1183.5,766.05,1160.75,1150.34,1136.01,1126.46,1071.39,1034.58,1010.72
BX,Blackstone Inc.,Financials,Asset Management & Custody Banks,168.45,196.67,114.16,170.02,174.97,178.35,173.8,160.83,154.84,156.78
XYZ,"Block, Inc.",Financials,Transaction & Payment Processing Services,76.95,99.26,44.27,74.96,75.26,75.27,76.13,70.71,67.26,70.45
BK,BNY Mellon,Financials,Asset Management & Custody Banks,106.6,110.87,68.8,107.7,108.34,107.22,104.51,97.82,94.01,89.43
BA,Boeing,Industrials,Aerospace & Defense,216.3,242.69,128.88,216.37,216.02,218.04,225.02,218.73,209.32,195.6
BKNG,Booking Holdings,Consumer Discretionary,"Hotels, Resorts & Cruise Lines",5418.05,5829.37,4032.06,5409.45,5466.27,5485.56,5520.08,5517.67,5370.9,5150.77
BSX,Boston Scientific,Health Care,Health Care Equipment,97.32,109.5,80.64,96.81,97.32,99.75,102.96,103.28,102.41,101.1
BMY,Bristol Myers Squibb,Health Care,Pharmaceuticals,45.45,61.84,42.96,45.57,44.94,45.69,46.4,46.75,47.21,50.74
AVGO,Broadcom,Information Technology,Semiconductors,338.37,373.59,137.54,333.55,335.54,344.07,317.86,287.42,267.11,246.0
BR,Broadridge Financial Solutions,Industrials,Data Processing & Outsourced Services,234.69,270.85,205.06,235.76,236.61,242.52,250.63,244.82,242.23,238.31
BRO,Brown & Brown,Financials,Insurance Brokers,94.95,125.31,89.99,93.59,93.24,92.96,94.29,101.33,103.83,106.36
BLDR,Builders FirstSource,Industrials,Building Products,128.55,201.53,102.6,124.77,122.12,129.93,133.7,126.19,124.22,132.02
BG,Bunge Global,Consumer Staples,Agricultural Products & Services,83.97,96.01,65.6,82.63,80.91,81.35,81.46,79.66,78.96,77.04
BXP,"BXP, Inc.",Real Estate,Office REITs,75.61,85.58,52.95,75.31,75.05,75.31,70.63,69.37,67.88,67.9
CHRW,C.H. Robinson,Industrials,Air Freight & Logistics,135.4,138.0,83.72,133.42,133.43,132.63,124.32,110.23,106.02,103.73
CDNS,Cadence Design Systems,Information Technology,Application Software,347.27,376.45,221.56,349.25,354.41,354.46,352.67,331.09,320.69,305.66
CZR,Caesars Entertainment,Consumer Discretionary,Casinos & Gaming,27.27,45.93,21.4,27.0,26.64,26.19,26.1,27.35,27.21,29.11
CPT,Camden Property Trust,Real Estate,Multi-Family Residential REITs,104.2,123.08,100.41,105.3,105.77,106.79,107.29,110.45,110.66,111.99
CPB,Campbell's Company (The),Consumer Staples,Packaged Foods & Meats,31.95,47.0,29.03,31.37,31.98,32.51,32.24,32.15,32.9,34.89
COF,Capital One,Financials,Consumer Finance,214.4,231.82,141.57,215.57,219.71,222.29,218.83,211.2,203.83,196.79
CAH,Cardinal Health,Health Care,Health Care Distributors,154.46,167.89,105.46,156.27,153.82,151.78,151.77,154.83,151.44,141.59
KMX,CarMax,Consumer Discretionary,Automotive Retail,46.42,91.25,42.75,45.73,49.19,54.66,56.97,61.39,62.53,69.3
CCL,Carnival,Consumer Discretionary,"Hotels, Resorts & Cruise Lines",28.57,32.8,15.07,28.82,29.7,30.55,30.38,28.06,26.18,25.26
CARR,Carrier Global,Industrials,Building Products,59.65,82.31,53.89,59.37,59.35,60.67,64.59,68.97,67.75,67.13
CAT,Caterpillar Inc.,Industrials,Construction Machinery & Heavy Transportation Equipment,497.85,504.48,265.05,483.6,476.06,457.4,437.25,405.19,384.76,372.54
CBOE,Cboe Global Markets,Financials,Financial Exchanges & Data,239.54,255.27,186.22,242.82,242.17,238.3,241.75,235.42,231.91,222.02
CBRE,CBRE Group,Real Estate,Real Estate Services,156.14,167.56,108.45,156.97,158.2,161.14,159.39,146.71,141.62,139.03
CDW,CDW Corporation,Information Technology,Technology Distributors,159.27,223.63,136.33,159.84,160.98,163.4,165.83,172.26,169.46,172.54
COR,Cencora,Health Care,Health Care Distributors,302.76,315.23,216.84,308.74,304.91,299.93,294.5,293.23,291.43,275.15
CNC,Centene Corporation,Health Care,Managed Health Care,38.7,73.82,25.08,36.43,35.15,33.52,29.97,39.04,43.46,49.83
CNP,CenterPoint Energy,Utilities,Multi-Utilities,38.86,40.5,27.87,38.65,38.63,38.28,38.15,37.31,37.26,35.65
CF,CF Industries,Materials,Fertilizers & Agricultural Chemicals,90.09,103.84,66.56,89.31,89.28,87.22,87.16,89.86,87.07,85.35
CRL,Charles River Laboratories,Health Care,Life Sciences Tools & Services,177.33,230.02,91.86,165.32,157.43,156.43,159.75,154.33,147.06,155.29
SCHW,Charles Schwab Corporation,Financials,Investment Banking & Brokerage,94.08,99.42,61.62,94.28,94.23,93.6,95.35,92.57,89.75,85.03
CHTR,Charter Communications,Communication Services,Cable & Satellite,280.01,437.06,251.8,275.19,271.65,267.43,268.19,333.82,339.52,346.3
CVX,Chevron Corporation,Energy,Integrated Oil & Gas,153.55,165.09,129.01,154.58,156.64,157.02,155.54,149.27,146.28,147.85
CMG,Chipotle Mexican Grill,Consumer Discretionary,Restaurants,41.76,66.74,38.3,40.02,39.89,39.55,41.57,47.16,47.65,50.5
CB,Chubb Limited,Financials,Property & Casualty Insurance,283.96,305.88,250.52,281.71,279.47,277.72,274.65,279.76,280.57,279.19
CHD,Church & Dwight,Consumer Staples,Household Products,87.9,115.72,85.08,87.6,87.13,89.92,92.03,94.43,95.26,99.32
CI,Cigna,Health Care,Health Care Services,311.0,352.15,255.6,294.9,291.49,295.05,291.51,300.99,306.22,302.15
CINF,Cincinnati Financial,Financials,Property & Casualty Insurance,163.29,164.03,121.6,159.61,157.3,155.62,152.86,149.83,146.93,143.99
CTAS,Cintas,Industrials,Diversified Support Services,202.61,228.77,179.74,203.67,202.78,201.98,211.13,215.9,214.09,207.79
CSCO,Cisco,Information Technology,Communications Equipment,67.92,72.55,51.13,68.22,67.88,67.7,68.1,66.96,64.96,63.18
C,Citigroup,Financials,Diversified Banks,97.74,105.59,54.71,99.69,101.21,100.4,96.71,88.94,84.27,80.24
CFG,Citizens Financial Group,Financials,Regional Banks,53.82,54.5,31.96,53.27,53.14,52.61,50.58,46.9,44.78,44.16
CLX,Clorox,Consumer Staples,Household Products,123.19,166.9,116.17,122.88,122.49,123.33,122.72,124.44,126.93,135.82
CME,CME Group,Financials,Financial Exchanges & Data,264.67,288.09,204.81,267.67,266.48,263.77,269.43,271.82,270.65,259.99
CMS,CMS Energy,Utilities,Multi-Utilities,72.34,75.33,62.54,72.51,71.9,71.37,72.05,70.89,71.01,70.0
KO,Coca-Cola Company (The),Consumer Staples,Soft Drinks & Non-alcoholic Beverages,66.65,73.29,59.3,66.38,66.29,66.52,67.91,68.89,69.22,67.67
CTSH,Cognizant,Information Technology,IT Consulting & Other Services,67.66,89.77,64.98,67.07,67.32,68.45,70.14,74.35,73.97,76.18
COIN,Coinbase,Financials,Financial Exchanges & Data,380.02,444.65,142.58,353.95,336.28,330.36,325.36,318.75,292.84,274.36
CL,Colgate-Palmolive,Consumer Staples,Household Products,78.0,100.36,77.92,79.13,79.56,81.16,83.38,86.53,87.5,88.05
CMCSA,Comcast,Communication Services,Cable & Satellite,30.9,43.66,30.38,30.9,31.09,31.78,32.4,33.43,33.42,34.11
CAG,Conagra Brands,Consumer Staples,Packaged Foods & Meats,19.11,28.88,17.89,18.79,18.53,18.79,18.95,19.94,20.76,22.4
COP,ConocoPhillips,Energy,Oil & Gas Exploration & Production,94.16,112.56,78.56,94.69,94.98,94.0,94.6,92.5,91.44,93.59
ED,Consolidated Edison,Utilities,Multi-Utilities,98.81,112.97,85.07,98.94,98.67,97.71,99.81,100.35,101.91,99.49
STZ,Constellation Brands,Consumer Staples,Distillers & Vintners,142.2,251.89,131.2,138.56,135.66,137.16,153.92,163.06,167.23,174.08
CEG,Constellation Energy,Utilities,Electric Utilities,360.0,376.78,160.94,346.34,341.22,330.08,326.89,316.78,298.46,283.04
COO,Cooper Companies (The),Health Care,Health Care Supplies,70.46,109.37,61.78,68.78,68.22,67.62,69.83,71.78,73.39,79.42
CPRT,Copart,Industrials,Diversified Support Services,45.11,64.38,44.23,44.87,45.01,46.24,46.92,48.95,51.16,53.23
GLW,Corning Inc.,Information Technology,Electronic Components,83.56,84.35,36.95,82.3,81.0,78.74,70.38,60.61,57.04,53.7
CPAY,Corpay,Financials,Transaction & Payment Processing Services,288.33,400.81,269.02,289.12,292.86,300.4,312.19,322.64,321.34,334.73
CTVA,Corteva,Materials,Fertilizers & Agricultural Chemicals,63.37,77.22,53.14,64.75,66.77,69.22,71.14,71.67,69.51,66.22
CSGP,CoStar Group,Real Estate,Real Estate Services,84.8,97.43,68.26,84.16,84.35,86.06,89.27,84.78,83.44,80.49
COST,Costco,Consumer Staples,Consumer Staples Merchandise Retail,915.38,1075.34,862.73,918.4,928.34,945.09,953.26,973.1,974.27,971.72
CTRA,Coterra,Energy,Oil & Gas Exploration & Production,23.3,29.29,21.84,23.54,23.55,23.84,23.86,24.39,24.4,25.27
CRWD,CrowdStrike,Information Technology,Systems Software,489.88,517.98,274.86,493.09,487.36,468.0,447.1,460.8,448.56,421.51
CCI,Crown Castle,Real Estate,Telecom Tower REITs,95.45,114.47,81.02,95.86,95.09,94.38,98.82,99.57,99.58,96.18
CSX,CSX Corporation,Industrials,Rail Transportation,36.01,37.1,26.01,35.58,34.68,33.65,34.23,33.3,32.21,31.88
CMI,Cummins,Industrials,Construction Machinery & Heavy Transportation Equipment,432.8,437.42,257.24,426.37,423.09,417.06,399.31,363.87,348.77,347.37
CVS,CVS Health,Health Care,Health Care Services,77.49,79.19,42.12,76.55,76.12,74.85,70.46,67.09,66.87,63.01
DHR,Danaher Corporation,Health Care,Life Sciences Tools & Services,214.99,277.73,170.43,204.5,195.36,194.07,199.83,197.69,196.42,204.45
DRI,Darden Restaurants,Consumer Discretionary,Restaurants,193.18,226.68,151.84,192.48,189.59,198.22,202.73,207.73,205.56,199.24
DDOG,Datadog,Information Technology,Application Software,151.82,170.08,81.63,148.75,143.18,140.33,136.85,132.81,125.98,126.7
DVA,DaVita,Health Care,Health Care Services,131.16,179.6,126.07,131.92,131.83,131.88,134.94,137.75,138.86,145.28
DAY,Dayforce,Industrials,Human Resource & Employment Services,68.96,82.69,48.01,68.92,68.87,68.9,64.37,61.09,60.06,62.1
DECK,Deckers Brands,Consumer Discretionary,Footwear,103.05,223.98,93.72,102.54,106.08,111.45,110.59,109.27,109.72,130.62
DE,Deere & Company,Industrials,Agricultural & Farm Machinery,462.88,530.24,381.67,459.51,462.97,467.07,483.85,496.82,489.29,477.21
DELL,Dell Technologies,Information Technology,"Technology Hardware, Storage & Peripherals",140.74,152.1,65.56,142.69,137.73,132.27,132.03,124.97,117.65,112.89
DAL,Delta Air Lines,Industrials,Passenger Airlines,57.26,69.36,34.52,56.97,57.42,58.63,58.06,54.38,51.93,54.23
DVN,Devon Energy,Energy,Oil & Gas Exploration & Production,34.56,42.12,25.53,34.96,35.09,34.86,34.21,33.35,32.67,33.24
DXCM,Dexcom,Health Care,Health Care Equipment,67.05,93.25,57.52,66.66,67.39,71.52,76.58,80.63,78.94,79.41
FANG,Diamondback Energy,Energy,Oil & Gas Exploration & Production,147.47,195.31,112.4,144.18,144.05,141.14,142.49,141.58,139.46,146.02
DLR,Digital Realty,Real Estate,Data Center REITs,176.35,192.35,128.14,172.91,172.82,171.65,169.37,170.37,166.78,164.5
DG,Dollar General,Consumer Staples,Consumer Staples Merchandise Retail,100.21,117.95,65.67,101.52,102.26,103.8,108.25,107.97,104.6,93.69
DLTR,Dollar Tree,Consumer Staples,Consumer Staples Merchandise Retail,89.98,118.06,60.49,91.82,93.32,95.43,105.71,101.99,97.46,87.81
D,Dominion Energy,Utilities,Multi-Utilities,61.53,62.05,46.96,61.12,60.76,60.15,59.82,57.67,56.59,55.29
DPZ,Domino's,Consumer Discretionary,Restaurants,426.71,495.24,392.06,430.45,428.49,437.49,447.52,455.82,458.65,453.43
DASH,DoorDash,Consumer Discretionary,Specialized Consumer Services,271.22,278.15,140.62,270.69,266.72,263.19,255.61,239.76,228.71,212.3
DOV,Dover Corporation,Industrials,Industrial Machinery & Supplies & Components,166.61,220.46,142.22,166.65,167.34,170.65,175.39,178.86,176.27,181.15
DOW,Dow Inc.,Materials,Commodity Chemicals,23.82,51.7,20.11,23.28,23.07,23.68,23.42,25.77,26.2,30.02
DHI,D. R. Horton,Consumer Discretionary,Homebuilding,174.95,193.34,109.8,171.63,168.83,171.85,165.26,146.26,141.43,138.56
DTE,DTE Energy,Utilities,Multi-Utilities,140.01,141.96,111.81,140.35,139.16,137.08,137.3,135.08,134.45,130.6
DUK,Duke Energy,Utilities,Electric Utilities,123.54,126.75,102.41,122.81,122.77,121.94,122.2,118.94,118.75,115.83
DD,DuPont,Materials,Specialty Chemicals,79.72,86.79,53.17,78.77,77.61,77.46,75.26,72.6,70.57,72.65
EMN,Eastman Chemical Company,Materials,Specialty Chemicals,64.03,107.33,56.08,63.21,63.25,64.69,65.73,71.68,72.46,79.29
ETN,Eaton Corporation,Industrials,Electrical Components & Equipment,373.46,398.4,230.37,373.09,371.48,367.83,363.33,352.49,338.63,327.97
EBAY,eBay Inc.,Consumer Discretionary,Broadline Retail,92.17,100.83,55.44,90.05,90.95,90.97,91.99,83.71,80.19,74.67
ECL,Ecolab,Materials,Specialty Chemicals,276.59,285.35,220.55,273.41,270.52,269.71,272.06,268.32,262.94,257.45
EIX,Edison International,Utilities,Electric Utilities,55.29,85.03,46.98,55.31,55.03,55.21,54.9,53.52,53.87,55.7
EW,Edwards Lifesciences,Health Care,Health Care Equipment,77.07,83.0,64.01,77.0,75.95,76.43,78.46,77.53,76.55,74.84
EA,Electronic Arts,Communication Services,Interactive Home Entertainment,200.69,203.75,114.77,201.41,188.36,179.7,171.96,161.32,158.17,150.26
ELV,Elevance Health,Health Care,Managed Health Care,350.5,501.08,272.22,333.24,326.95,318.88,306.36,333.88,350.69,366.75
EMR,Emerson Electric,Industrials,Electrical Components & Equipment,134.76,149.68,89.31,131.89,131.44,132.27,134.33,131.83,126.1,123.48
ENPH,Enphase Energy,Information Technology,Semiconductor Materials & Equipment,36.8,110.87,29.89,36.6,37.25,37.69,36.0,38.88,40.9,49.66
ETR,Entergy,Utilities,Electric Utilities,95.39,96.61,62.53,93.82,92.34,90.45,89.57,85.91,85.09,83.18
EOG,EOG Resources,Energy,Oil & Gas Exploration & Production,110.83,135.49,100.76,111.59,114.04,116.31,118.36,117.64,115.91,119.23
EPAM,EPAM Systems,Information Technology,IT Consulting & Other Services,154.12,269.0,138.15,152.9,153.32,155.22,160.62,167.78,165.55,186.12
EQT,EQT Corporation,Energy,Oil & Gas Exploration & Production,56.03,60.83,34.99,55.37,53.88,52.07,51.95,54.1,53.37,52.0
EFX,Equifax,Industrials,Research & Consulting Services,236.67,292.84,199.2,247.0,251.3,253.9,247.96,255.03,252.62,251.8
EQIX,Equinix,Real Estate,Data Center REITs,778.74,977.63,693.42,778.05,785.46,784.63,780.77,808.31,808.97,838.16
EQR,Equity Residential,Real Estate,Multi-Family Residential REITs,63.3,75.25,58.19,63.95,64.2,64.59,64.11,65.69,65.93,66.89
ERIE,Erie Indemnity,Financials,Insurance Brokers,319.16,537.36,306.8,315.45,315.88,321.68,341.77,347.69,354.47,373.88
ESS,Essex Property Trust,Real Estate,Multi-Family Residential REITs,264.47,307.81,239.32,265.25,264.37,264.23,262.28,270.91,270.94,275.64
EL,Estée Lauder Companies (The),Consumer Staples,Personal Care Products,88.02,97.18,47.94,88.05,87.12,87.33,89.24,82.45,77.3,75.07
EG,Everest Group,Financials,Reinsurance,356.85,400.59,318.14,351.43,346.98,343.1,339.13,339.11,340.48,344.26
EVRG,Evergy,Utilities,Electric Utilities,76.62,77.46,56.68,76.0,74.68,73.2,72.08,69.45,68.81,66.74
ES,Eversource Energy,Utilities,Electric Utilities,72.53,73.48,51.06,71.52,70.2,66.97,65.47,64.58,63.09,61.0
EXC,Exelon,Utilities,Electric Utilities,45.34,47.26,34.98,44.93,44.44,43.83,44.1,43.48,43.83,42.55
EXE,Expand Energy,Energy,Oil & Gas Exploration & Production,107.44,121.47,79.07,107.51,104.98,100.89,98.49,104.87,104.53,103.1
EXPE,Expedia Group,Consumer Discretionary,"Hotels, Resorts & Cruise Lines",219.23,229.0,129.46,217.83,218.97,220.32,208.27,189.99,183.11,182.0
EXPD,Expeditors International,Industrials,Air Freight & Logistics,123.52,128.27,99.78,122.69,121.81,122.36,120.23,117.27,115.43,114.89
EXR,Extra Space Storage,Real Estate,Self-Storage REITs,142.82,170.1,118.4,141.56,140.02,141.84,140.35,143.51,142.49,143.91
XOM,ExxonMobil,Energy,Integrated Oil & Gas,113.26,121.93,96.01,112.7,113.68,113.16,110.77,109.19,108.07,107.93
FFIV,"F5, Inc.",Information Technology,Communications Equipment,324.98,337.39,213.24,325.06,325.35,325.73,318.89,305.44,296.88,288.62
FDS,FactSet,Financials,Financial Exchanges & Data,282.33,495.04,280.03,285.62,287.19,316.51,356.64,398.68,404.27,423.61
FICO,Fair Isaac,Information Technology,Application Software,1850.65,2402.52,1300.0,1634.0,1585.41,1563.48,1475.4,1619.28,1684.63,1758.56
FAST,Fastenal,Industrials,Trading Companies & Distributors,47.88,50.63,33.96,48.34,48.09,47.83,48.14,45.25,44.09,41.45
FRT,Federal Realty Investment Trust,Real Estate,Retail REITs,99.41,113.0,78.83,99.41,98.89,99.19,96.45,94.99,94.18,96.73
FDX,FedEx,Industrials,Air Freight & Logistics,244.61,301.45,191.82,239.77,237.07,232.15,229.16,226.99,223.39,235.55
FIS,Fidelity National Information Services,Financials,Transaction & Payment Processing Services,66.71,90.1,63.0,66.28,65.16,66.06,69.72,74.65,74.65,74.75
FITB,Fifth Third Bancorp,Financials,Regional Banks,44.41,47.33,31.68,44.51,44.65,44.92,43.68,41.78,40.41,40.59
FSLR,First Solar,Information Technology,Semiconductors,230.13,240.6,116.56,226.23,222.83,214.42,200.98,183.22,172.82,167.55
FE,FirstEnergy,Utilities,Electric Utilities,45.93,46.27,36.81,45.72,44.95,44.17,43.54,41.97,41.77,40.67
FI,Fiserv,Financials,Transaction & Payment Processing Services,127.56,238.59,124.89,127.76,128.79,131.3,134.71,150.57,159.45,180.97
F,Ford Motor Company,Consumer Discretionary,Automobile Manufacturers,12.67,12.67,8.21,12.24,11.99,11.81,11.54,11.12,10.81,10.27
FTNT,Fortinet,Information Technology,Systems Software,85.79,114.82,70.12,85.2,84.74,82.7,83.87,93.69,94.84,96.83
FTV,Fortive,Industrials,Industrial Machinery & Supplies & Components,50.41,62.58,45.4,49.63,48.93,48.68,48.38,50.69,50.65,53.37
FOXA,Fox Corporation (Class A),Communication Services,Broadcasting,61.96,65.3,40.74,62.37,61.74,60.43,58.67,56.9,55.35,54.08
FOX,Fox Corporation (Class B),Communication Services,Broadcasting,55.75,59.29,37.5,56.37,55.74,54.59,53.35,51.99,50.72,49.98
BEN,Franklin Resources,Financials,Asset Management & Custody Banks,23.8,25.72,15.81,23.09,23.23,23.69,24.34,23.45,22.41,21.19
FCX,Freeport-McMoRan,Materials,Copper,39.67,50.7,27.45,38.79,39.32,42.26,42.49,42.24,40.8,39.7
GRMN,Garmin,Consumer Discretionary,Consumer Electronics,257.06,258.51,158.5,252.35,244.91,240.89,235.3,221.76,215.29,214.02
IT,Gartner,Information Technology,IT Consulting & Other Services,257.2,584.01,223.65,257.9,259.69,253.58,260.73,334.22,349.99,401.61
GE,GE Aerospace,Industrials,Aerospace & Defense,297.0,306.88,158.62,298.36,298.91,292.6,280.23,263.24,249.45,227.63
GEHC,GE HealthCare,Health Care,Health Care Equipment,76.56,94.71,57.59,75.42,74.44,75.62,74.32,73.77,72.19,76.66
GEV,GE Vernova,Industrials,Heavy Electrical Equipment,594.99,677.29,248.02,604.94,614.41,617.49,623.78,563.18,521.31,454.78
GEN,Gen Digital,Information Technology,Systems Software,27.82,32.09,22.55,28.24,28.54,28.83,29.71,29.45,28.61,28.05
GNRC,Generac,Industrials,Electrical Components & Equipment,165.67,203.25,99.5,167.35,168.93,176.46,183.27,159.66,150.38,148.11
GD,General Dynamics,Industrials,Aerospace & Defense,343.62,345.22,236.67,339.72,332.28,328.65,321.74,303.61,296.81,282.19
GIS,General Mills,Consumer Staples,Packaged Foods & Meats,50.36,71.47,48.29,50.29,50.27,50.08,49.77,51.05,51.99,54.69
GM,General Motors,Consumer Discretionary,Automobile Manufacturers,60.13,62.14,41.36,60.58,60.21,59.36,57.03,53.52,51.86,50.87
GPC,Genuine Parts Company,Consumer Discretionary,Distributors,139.73,143.1,102.41,139.22,138.53,139.04,136.52,130.06,126.82,123.19
GILD,Gilead Sciences,Health Care,Biotechnology,112.69,120.99,80.7,111.6,112.17,113.02,113.85,110.94,109.17,105.76
GPN,Global Payments,Financials,Transaction & Payment Processing Services,87.96,118.69,65.53,85.78,85.83,85.76,85.11,81.91,81.13,89.83
GL,Globe Life,Financials,Life & Health Insurance,137.58,147.83,99.63,140.9,142.72,142.35,140.51,130.78,128.73,125.48
GDDY,GoDaddy,Information Technology,Internet Services & Infrastructure,135.0,216.0,131.29,135.94,139.64,142.84,146.75,162.36,165.39,175.43
GS,Goldman Sachs,Financials,Investment Banking & Brokerage,789.98,825.25,434.87,791.07,795.69,788.64,752.71,700.67,665.35,635.26
HAL,Halliburton,Energy,Oil & Gas Equipment & Services,24.31,31.66,18.43,24.64,24.43,23.31,22.32,21.65,21.39,22.99
HIG,Hartford (The),Financials,Property & Casualty Insurance,133.46,135.17,103.64,132.99,132.4,131.83,130.2,127.78,126.06,121.17
HAS,Hasbro,Consumer Discretionary,Leisure Products,75.89,82.19,48.07,75.83,75.41,76.09,77.5,73.89,70.34,65.85
HCA,HCA Healthcare,Health Care,Health Care Facilities,429.54,432.36,288.25,425.88,419.67,411.59,395.61,384.75,375.59,354.09
DOC,Healthpeak Properties,Real Estate,Health Care REITs,19.37,21.94,16.26,19.18,18.94,18.54,17.74,17.54,17.54,18.22
HSIC,Henry Schein,Health Care,Health Care Distributors,67.03,82.49,60.56,66.22,66.77,67.5,67.97,69.89,69.01,70.52
HSY,Hershey Company (The),Consumer Staples,Packaged Foods & Meats,195.13,202.98,136.73,188.83,189.15,188.61,185.1,175.19,172.84,168.64
HPE,Hewlett Packard Enterprise,Information Technology,"Technology Hardware, Storage & Peripherals",24.43,25.36,11.82,24.51,24.51,24.48,22.63,20.69,19.62,19.56
HLT,Hilton Worldwide,Consumer Discretionary,"Hotels, Resorts & Cruise Lines",258.43,279.81,195.81,259.16,261.23,266.88,268.76,263.76,255.45,252.39
HOLX,Hologic,Health Care,Health Care Equipment,68.22,84.39,51.9,67.56,67.21,66.58,66.96,64.9,63.39,64.68
HD,Home Depot (The),Consumer Discretionary,Home Improvement Retail,395.06,429.19,322.47,399.82,404.93,411.91,400.69,382.25,376.28,378.61
HON,Honeywell,Industrials,Industrial Conglomerates,209.05,240.47,177.52,210.0,209.28,210.71,215.38,221.51,217.38,215.9
HRL,Hormel Foods,Consumer Staples,Packaged Foods & Meats,24.64,32.84,23.71,24.7,24.61,24.85,26.7,28.36,28.58,28.9
HST,Host Hotels & Resorts,Real Estate,Hotel & Resort REITs,16.91,18.32,11.93,17.06,17.12,17.24,16.55,16.01,15.55,15.61
HWM,Howmet Aerospace,Industrials,Aerospace & Defense,189.25,198.48,98.55,192.67,192.23,188.93,182.6,178.66,170.12,152.96
HPQ,HP Inc.,Information Technology,"Technology Hardware, Storage & Peripherals",26.64,38.25,20.76,26.79,27.18,27.7,26.92,26.16,25.78,27.6
HUBB,Hubbell Incorporated,Industrials,Industrial Machinery & Supplies & Components,413.0,475.24,297.55,424.73,427.42,433.35,432.38,416.65,402.61,396.69
HUM,Humana,Health Care,Managed Health Care,283.72,314.25,206.15,260.5,258.65,266.18,272.49,252.69,254.95,258.41
HBAN,Huntington Bancshares,Financials,Regional Banks,17.21,17.93,11.7,17.18,17.27,17.42,16.99,16.55,16.01,15.86
HII,Huntington Ingalls Industries,Industrials,Aerospace & Defense,284.24,291.7,155.93,283.98,279.96,276.39,270.9,253.56,246.36,224.27
IBM,IBM,Information Technology,IT Consulting & Other Services,288.37,294.17,197.92,284.71,280.04,269.36,255.13,265.06,259.44,251.21
IEX,IDEX Corporation,Industrials,Industrial Machinery & Supplies & Components,167.0,235.67,152.2,164.25,162.16,162.03,164.16,172.53,172.31,181.98
IDXX,Idexx Laboratories,Health Care,Health Care Equipment,631.19,688.12,356.14,630.92,632.46,639.97,632.88,578.91,549.84,505.03
ITW,Illinois Tool Works,Industrials,Industrial Machinery & Supplies & Components,260.0,273.07,212.05,260.24,259.38,260.62,259.9,253.7,249.61,250.42
INCY,Incyte,Health Care,Biotechnology,86.85,88.66,53.56,85.71,84.63,84.92,82.98,75.2,72.0,70.95
IR,Ingersoll Rand,Industrials,Industrial Machinery & Supplies & Components,83.95,105.95,65.58,83.36,82.36,81.13,80.45,82.17,80.6,83.13
PODD,Insulet Corporation,Health Care,Health Care Equipment,309.11,353.5,225.37,309.33,317.81,327.84,320.35,313.7,302.71,290.01
INTC,Intel,Information Technology,Semiconductors,36.83,38.08,17.67,35.62,33.69,29.72,25.39,23.55,22.87,22.39
ICE,Intercontinental Exchange,Financials,Financial Exchanges & Data,162.62,188.82,141.12,164.54,166.4,169.38,176.34,177.45,174.66,169.46
IFF,International Flavors & Fragrances,Materials,Specialty Chemicals,62.18,104.48,59.73,61.43,61.33,62.81,65.46,70.37,71.05,74.86
IP,International Paper,Materials,Paper & Plastic Packaging Products & Materials,47.17,58.71,42.44,46.51,46.2,46.38,47.66,48.03,47.48,49.62
IPG,Interpublic Group of Companies (The),Communication Services,Advertising,26.5,31.81,21.93,26.85,26.44,26.38,25.93,24.96,24.76,25.43
INTU,Intuit,Information Technology,Application Software,679.94,813.7,531.0,683.78,690.59,676.97,703.33,724.95,701.42,665.25
ISRG,Intuitive Surgical,Health Care,Health Care Equipment,452.35,616.0,425.0,443.97,443.54,445.26,464.0,498.6,500.11,517.47
IVZ,Invesco,Financials,Asset Management & Custody Banks,24.04,24.21,11.33,23.34,22.89,22.6,21.78,18.8,17.71,17.25
INVH,Invitation Homes,Real Estate,Single-Family Residential REITs,28.64,35.13,28.57,28.94,29.05,29.34,29.93,31.26,31.61,31.57
IQV,IQVIA,Health Care,Life Sciences Tools & Services,206.63,237.34,134.65,197.08,189.72,188.66,188.04,171.76,167.35,176.96
IRM,Iron Mountain,Real Estate,Other Specialized REITs,104.8,126.21,71.19,102.53,102.42,100.04,95.3,97.03,94.93,94.88
JBHT,J.B. Hunt,Industrials,Cargo Ground Transportation,137.95,198.61,122.01,134.76,133.62,135.64,140.59,142.63,140.5,149.06
JBL,Jabil,Information Technology,Electronic Manufacturing Services,202.08,237.14,108.57,212.86,218.33,216.82,215.94,205.62,192.76,176.99
JKHY,Jack Henry & Associates,Financials,Transaction & Payment Processing Services,146.26,194.68,144.12,147.79,148.98,153.97,160.06,169.73,170.1,171.42
J,Jacobs Solutions,Industrials,Construction & Engineering,154.6,155.9,104.68,151.88,149.95,148.35,146.75,138.4,134.35,132.0
JNJ,Johnson & Johnson,Health Care,Pharmaceuticals,188.64,189.78,137.37,185.54,181.26,179.07,175.48,164.78,162.22,158.25
JCI,Johnson Controls,Industrials,Building Products,108.79,112.63,67.78,108.89,108.14,107.87,106.89,105.02,100.33,93.12
JPM,JPMorgan Chase,Financials,Diversified Banks,310.03,318.01,199.85,311.88,312.75,309.46,300.67,288.09,278.25,267.05
K,Kellanova,Consumer Staples,Packaged Foods & Meats,82.73,83.0,76.48,82.36,79.78,79.37,79.37,79.63,79.96,80.12
KVUE,Kenvue,Consumer Staples,Personal Care Products,15.81,24.71,15.47,15.99,16.36,17.42,19.7,20.81,21.17,21.34
KDP,Keurig Dr Pepper,Consumer Staples,Soft Drinks & Non-alcoholic Beverages,25.84,36.17,25.27,25.67,25.74,26.39,30.0,31.43,31.94,31.91
KEY,KeyCorp,Financials,Regional Banks,18.63,19.41,12.43,18.63,18.71,18.86,18.47,17.6,16.94,16.72
KEYS,Keysight Technologies,Information Technology,Electronic Equipment & Instruments,173.35,186.2,121.43,173.96,174.56,173.46,167.97,165.29,160.58,161.7
KMB,Kimberly-Clark,Consumer Staples,Household Products,122.58,147.59,120.67,123.09,123.12,125.18,128.07,129.78,130.32,130.68
KIM,Kimco Realty,Real Estate,Retail REITs,21.47,24.7,17.52,21.57,21.62,21.94,21.65,21.27,21.0,21.12
KMI,Kinder Morgan,Energy,Oil & Gas Storage & Transportation,28.46,30.49,21.64,28.33,28.03,27.66,27.25,27.45,27.2,27.08
KKR,KKR & Co.,Financials,Asset Management & Custody Banks,127.65,169.7,85.9,128.84,134.6,139.07,141.18,135.44,130.16,132.82
KLAC,KLA Corporation,Information Technology,Semiconductor Materials & Equipment,1101.55,1155.0,548.81,1102.48,1084.69,1029.52,948.04,901.77,855.57,797.33
KHC,Kraft Heinz,Consumer Staples,Packaged Foods & Meats,26.06,34.37,25.07,26.03,26.17,26.22,26.84,26.59,26.9,27.65
KR,Kroger,Consumer Staples,Food Retail,66.3,74.52,53.78,66.6,65.94,66.51,68.72,68.8,68.98,66.58
LHX,L3Harris,Industrials,Aerospace & Defense,297.39,305.94,190.25,299.26,293.36,286.42,278.24,262.75,253.15,235.97
LH,Labcorp,Health Care,Health Care Services,276.94,289.2,208.23,281.05,280.02,278.3,273.13,262.96,256.51,249.69
LRCX,Lam Research,Information Technology,Semiconductor Materials & Equipment,145.81,147.91,56.07,140.12,134.9,125.6,110.23,100.93,94.62,87.99
LW,Lamb Weston,Consumer Staples,Packaged Foods & Meats,62.9,82.35,47.25,60.16,57.23,56.9,56.09,54.41,53.96,55.28
LVS,Las Vegas Sands,Consumer Discretionary,Casinos & Gaming,50.97,58.05,29.84,53.97,53.58,53.55,53.81,48.91,46.15,45.44
LDOS,Leidos,Industrials,Diversified Support Services,195.58,200.78,122.65,190.93,188.43,185.64,178.9,166.71,162.22,153.66
LEN,Lennar,Consumer Discretionary,Homebuilding,130.07,181.28,97.54,128.07,126.12,130.79,128.32,119.02,116.52,119.55
LII,Lennox International,Industrials,Building Products,550.63,687.72,496.64,536.6,530.15,541.32,570.66,575.3,569.61,581.8
LLY,Lilly (Eli),Health Care,Pharmaceuticals,839.87,931.67,622.41,794.93,765.76,760.05,735.87,751.7,759.54,781.33
LIN,Linde plc,Materials,Industrial Gases,466.73,484.83,406.06,470.9,473.45,475.2,473.62,468.57,463.61,455.82
LYV,Live Nation Entertainment,Communication Services,Movies & Entertainment,156.32,175.25,107.65,159.93,161.48,165.69,161.26,153.42,148.87,143.89
LKQ,LKQ Corporation,Consumer Discretionary,Distributors,31.36,43.77,28.65,30.95,30.61,31.22,31.0,34.75,35.68,36.74
LMT,Lockheed Martin,Industrials,Aerospace & Defense,504.49,602.02,407.14,498.81,491.91,480.42,453.62,457.79,458.54,457.12
L,Loews Corporation,Financials,Multi-line Insurance,101.68,102.41,74.95,100.71,99.74,98.22,95.95,92.84,91.43,89.15
LOW,Lowe's,Consumer Discretionary,Home Improvement Retail,246.35,281.56,204.22,249.26,253.65,261.63,253.23,237.97,234.31,237.48
LULU,Lululemon Athletica,Consumer Discretionary,"Apparel, Accessories & Luxury Goods",175.59,423.32,159.25,177.68,176.27,170.56,187.99,226.65,234.82,283.29
LYB,LyondellBasell,Materials,Specialty Chemicals,49.47,89.21,46.44,49.07,49.66,51.71,53.1,55.61,55.41,60.94
MTB,M&T Bank,Financials,Regional Banks,194.56,219.44,148.52,196.28,197.93,198.3,194.64,191.1,185.76,185.47
MPC,Marathon Petroleum,Energy,Oil & Gas Refining & Marketing,193.14,201.61,113.82,193.38,193.33,188.0,176.54,171.47,163.81,156.18
MKTX,MarketAxess,Financials,Financial Exchanges & Data,170.5,292.5,168.74,172.56,175.77,179.86,187.07,202.25,205.58,207.65
MAR,Marriott International,Consumer Discretionary,"Hotels, Resorts & Cruise Lines",267.57,305.27,204.35,264.58,263.61,264.63,265.28,266.75,260.22,263.71
MMC,Marsh McLennan,Financials,Insurance Brokers,201.14,245.83,194.14,200.21,198.83,198.76,202.21,210.32,212.89,216.49
MLM,Martin Marietta Materials,Materials,Construction Materials,634.77,637.36,440.72,626.85,619.81,618.63,609.07,581.19,566.07,544.31
MAS,Masco,Industrials,Building Products,70.38,85.23,56.02,70.41,70.71,72.14,71.74,67.98,66.55,69.13
MA,Mastercard,Financials,Transaction & Payment Processing Services,580.45,601.77,464.22,573.7,572.42,579.08,579.56,573.13,564.87,555.37
MTCH,Match Group,Communication Services,Interactive Media & Services,34.32,39.2,26.24,35.11,35.71,36.87,36.61,33.84,32.87,32.59
MKC,McCormick & Company,Consumer Staples,Packaged Foods & Meats,68.91,85.22,63.66,67.69,66.29,67.08,69.02,71.11,71.87,73.96
MCD,McDonald's,Consumer Discretionary,Restaurants,300.98,322.65,271.85,301.65,302.63,304.26,305.74,302.83,304.08,300.42
MCK,McKesson Corporation,Health Care,Health Care Distributors,738.06,776.14,478.28,759.24,749.22,725.46,702.83,709.13,705.67,671.26
MDT,Medtronic,Health Care,Health Care Equipment,97.7,97.94,77.57,95.44,95.1,94.58,92.96,89.71,88.34,87.7
MRK,Merck & Co.,Health Care,Pharmaceuticals,89.19,110.51,71.87,86.27,82.75,82.52,82.3,80.38,80.02,84.26
META,Meta Platforms,Communication Services,Interactive Media & Services,710.56,795.71,479.11,726.55,740.66,752.8,752.29,720.58,686.55,666.21
MET,MetLife,Financials,Life & Health Insurance,82.37,87.17,64.24,82.01,81.39,80.46,78.96,78.62,77.59,78.93
MTD,Mettler Toledo,Health Care,Life Sciences Tools & Services,1314.04,1521.01,946.69,1264.67,1249.47,1262.63,1271.26,1225.82,1191.57,1217.91
MGM,MGM Resorts,Consumer Discretionary,Casinos & Gaming,33.93,42.54,25.3,34.91,34.84,35.23,36.24,35.4,34.42,34.07
MCHP,Microchip Technology,Information Technology,Semiconductors,66.54,77.26,33.63,65.01,65.03,64.98,65.57,66.24,61.72,58.93
MU,Micron Technology,Information Technology,Semiconductors,187.83,191.85,61.48,176.99,169.18,160.72,134.73,123.18,113.7,106.5
MSFT,Microsoft,Information Technology,Systems Software,517.35,554.54,343.59,517.07,513.77,510.32,512.64,496.36,476.29,450.8
MAA,Mid-America Apartment Communities,Real Estate,Multi-Family Residential REITs,136.7,170.0,136.07,137.86,139.04,140.46,141.99,146.43,148.55,150.75
MRNA,Moderna,Health Care,Biotechnology,28.49,63.69,23.15,27.12,26.3,25.49,26.5,27.45,27.17,30.36
MHK,Mohawk Industries,Consumer Discretionary,Home Furnishings,129.17,164.29,96.24,128.89,128.3,131.88,128.37,117.21,114.66,116.27
MOH,Molina Healthcare,Health Care,Managed Health Care,201.97,359.97,151.95,194.66,190.97,184.95,173.81,223.25,243.86,265.96
TAP,Molson Coors Beverage Company,Consumer Staples,Brewers,46.39,63.47,43.8,45.92,45.33,46.74,48.71,49.7,51.15,53.19
MDLZ,Mondelez International,Consumer Staples,Packaged Foods & Meats,62.67,70.82,52.78,62.44,62.73,62.36,62.5,64.51,64.76,63.09
MPWR,Monolithic Power Systems,Information Technology,Semiconductors,918.83,954.8,437.16,914.18,908.74,887.13,842.43,775.79,734.22,690.63
MNST,Monster Beverage,Consumer Staples,Soft Drinks & Non-alcoholic Beverages,67.17,67.89,45.7,67.29,65.98,65.16,63.44,62.76,62.0,58.43
MCO,Moody's Corporation,Financials,Financial Exchanges & Data,485.04,528.95,377.3,480.87,479.36,491.9,503.2,495.4,484.32,481.46
MS,Morgan Stanley,Financials,Investment Banking & Brokerage,157.59,163.98,92.93,157.98,158.83,157.27,150.08,142.05,136.07,131.98
MOS,Mosaic Company (The),Materials,Fertilizers & Agricultural Chemicals,34.53,37.97,21.99,34.5,34.59,34.08,33.59,34.58,33.28,30.4
MSI,Motorola Solutions,Information Technology,Communications Equipment,452.9,502.83,387.0,453.87,457.89,468.57,460.5,438.35,434.12,438.21
MSCI,MSCI Inc.,Financials,Financial Exchanges & Data,560.12,636.39,483.67,561.96,564.33,567.85,562.68,562.97,558.13,565.77
NDAQ,"Nasdaq, Inc.",Financials,Financial Exchanges & Data,87.61,97.36,64.46,87.8,87.88,90.45,93.13,89.56,86.44,83.17
NTAP,NetApp,Information Technology,"Technology Hardware, Storage & Peripherals",118.72,133.34,71.49,118.86,120.63,122.31,114.22,108.68,104.24,106.04
NFLX,Netflix,Communication Services,Movies & Entertainment,1153.32,1341.15,677.88,1178.42,1196.07,1208.72,1206.8,1219.45,1184.53,1093.86
NEM,Newmont,Materials,Gold,86.86,87.93,36.35,85.62,84.89,81.75,74.07,65.05,62.51,55.09
NWSA,News Corp (Class A),Communication Services,Publishing,28.38,31.61,23.3,29.52,29.99,29.87,29.53,29.08,28.58,28.25
NWS,News Corp (Class B),Communication Services,Publishing,32.09,35.47,26.17,33.17,33.44,33.15,33.47,33.26,32.75,32.19
NEE,NextEra Energy,Utilities,Multi-Utilities,80.06,83.5,60.75,77.72,75.76,73.25,72.71,72.21,70.92,70.3
NKE,"Nike, Inc.",Consumer Discretionary,"Apparel, Accessories & Luxury Goods",71.93,83.38,51.67,72.0,71.2,72.12,74.38,70.14,67.36,69.2
NI,NiSource,Utilities,Multi-Utilities,43.83,44.17,32.69,43.3,42.61,41.49,41.88,40.64,40.22,39.25
NDSN,Nordson Corporation,Industrials,Industrial Machinery & Supplies & Components,233.45,262.94,163.83,229.71,227.04,225.97,221.0,216.34,210.02,209.45
NSC,Norfolk Southern,Industrials,Rail Transportation,300.15,302.24,199.43,299.43,296.52,286.75,282.55,268.06,258.17,250.79
NTRS,Northern Trust,Financials,Asset Management & Custody Banks,132.4,135.48,80.54,133.07,132.18,130.84,128.98,122.11,115.97,111.1
NOC,Northrop Grumman,Industrials,Aerospace & Defense,609.54,610.85,420.66,604.66,594.31,585.66,583.56,539.49,530.14,508.54
NCLH,Norwegian Cruise Line Holdings,Consumer Discretionary,"Hotels, Resorts & Cruise Lines",24.32,29.29,14.21,24.49,24.87,25.26,24.84,22.44,21.33,22.34
NRG,NRG Energy,Utilities,Independent Power Producers & Energy Traders,166.28,175.96,79.04,164.56,165.83,163.29,157.31,155.8,145.79,128.06
NUE,Nucor,Materials,Steel,138.04,167.56,96.79,136.68,135.99,138.06,141.22,133.48,129.36,127.65
NVDA,Nvidia,Information Technology,Semiconductors,187.62,191.05,86.61,186.44,182.71,178.71,178.09,163.78,152.83,143.04
NVR,"NVR, Inc.",Consumer Discretionary,Homebuilding,8178.0,9964.77,6562.85,8083.18,8029.73,8164.93,8076.26,7707.25,7587.29,7623.2
NXPI,NXP Semiconductors,Information Technology,Semiconductors,228.89,251.87,146.73,227.07,226.72,224.17,223.58,218.47,210.5,209.78
ORLY,O’Reilly Automotive,Consumer Discretionary,Automotive Retail,104.79,108.72,75.93,106.16,105.21,105.49,103.49,97.31,96.19,92.57
OXY,Occidental Petroleum,Energy,Oil & Gas Exploration & Production,44.85,55.34,34.4,46.43,46.57,46.38,45.41,44.25,43.22,44.92
ODFL,Old Dominion,Industrials,Cargo Ground Transportation,141.33,231.78,133.69,140.6,140.13,142.93,147.75,155.74,155.4,164.75
OMC,Omnicom Group,Communication Services,Advertising,77.61,103.32,67.76,78.51,77.34,77.12,75.94,73.99,73.92,76.81
ON,ON Semiconductor,Information Technology,Semiconductors,49.27,76.06,31.04,49.09,49.82,49.58,50.47,51.16,48.48,49.77
OKE,Oneok,Energy,Oil & Gas Storage & Transportation,72.89,113.92,70.63,72.88,72.96,72.79,74.68,77.78,78.5,85.16
ORCL,Oracle Corporation,Information Technology,Application Software,286.14,345.72,118.18,285.59,295.32,293.85,262.83,231.41,212.77,193.51
OTIS,Otis Worldwide,Industrials,Industrial Machinery & Supplies & Components,91.54,105.86,83.85,91.77,90.59,89.77,88.08,92.36,92.89,94.16
PCAR,Paccar,Industrials,Construction Machinery & Heavy Transportation Equipment,98.09,114.66,84.08,98.61,98.08,99.32,98.97,96.85,95.35,98.61
PKG,Packaging Corporation of America,Materials,Paper & Plastic Packaging Products & Materials,214.54,244.78,170.61,215.85,215.01,213.98,206.94,200.37,196.85,202.08
PLTR,Palantir Technologies,Information Technology,Application Software,173.07,190.0,36.15,181.27,180.45,174.73,168.94,152.64,142.87,121.56
PANW,Palo Alto Networks,Information Technology,Systems Software,207.19,212.1,144.15,206.17,204.76,202.7,190.45,193.19,189.8,187.85
PSKY,Paramount Skydance Corporation,Communication Services,Movies & Entertainment,19.09,20.86,9.92,19.0,19.03,18.13,15.39,13.84,13.31,12.44
PH,Parker Hannifin,Industrials,Industrial Machinery & Supplies & Components,763.23,779.77,485.92,757.66,755.3,756.3,746.05,714.61,689.28,672.72
PAYX,Paychex,Industrials,Human Resource & Employment Services,124.61,160.03,119.02,125.47,127.02,130.04,135.83,142.72,142.99,143.26
PAYC,Paycom,Industrials,Human Resource & Employment Services,201.86,267.33,158.79,205.76,211.83,215.72,222.2,232.62,230.56,222.94
PYPL,PayPal,Financials,Transaction & Payment Processing Services,69.25,93.66,55.85,68.32,67.85,67.68,68.83,70.98,69.67,72.99
PNR,Pentair,Industrials,Industrial Machinery & Supplies & Components,112.23,113.93,73.85,111.1,110.27,110.41,107.45,104.32,100.81,98.69
PEP,PepsiCo,Consumer Staples,Soft Drinks & Non-alcoholic Beverages,141.98,170.89,125.14,141.61,141.35,141.66,143.44,137.47,136.97,140.17
PFE,Pfizer,Health Care,Pharmaceuticals,27.37,28.43,20.18,26.2,25.06,24.66,24.68,24.21,23.77,24.24
PCG,PG&E Corporation,Utilities,Multi-Utilities,15.9,21.59,12.95,15.46,15.07,15.08,14.98,14.93,15.33,15.96
PM,Philip Morris International,Consumer Staples,Tobacco,153.27,185.29,114.24,159.45,161.49,162.86,164.71,171.04,169.5,157.52
PSX,Phillips 66,Energy,Oil & Gas Refining & Marketing,133.01,142.35,89.26,135.23,135.31,133.44,128.3,124.4,119.67,119.12
PNW,Pinnacle West Capital,Utilities,Multi-Utilities,90.18,94.64,79.08,88.71,87.69,87.41,89.42,89.47,89.87,88.74
PNC,PNC Financial Services,Financials,Diversified Banks,198.46,210.46,142.39,199.57,201.5,202.24,198.41,190.44,183.75,184.0
POOL,Pool Corporation,Consumer Discretionary,Distributors,309.61,391.14,281.15,310.36,309.9,317.44,315.96,308.48,306.67,317.61
PPG,PPG Industries,Materials,Specialty Chemicals,104.43,129.03,89.08,104.43,105.09,107.38,108.78,110.7,109.04,110.78
PPL,PPL Corporation,Utilities,Electric Utilities,36.7,37.31,30.41,36.79,36.53,36.12,36.13,35.09,35.06,34.31
PFG,Principal Financial Group,Financials,Life & Health Insurance,84.24,88.63,67.06,83.38,82.75,81.98,79.53,78.71,77.58,78.5
PG,Procter & Gamble,Consumer Staples,Personal Care Products,152.27,177.66,149.91,152.94,152.73,155.41,155.54,157.8,158.48,161.04
PGR,Progressive Corporation,Financials,Property & Casualty Insurance,245.7,292.65,228.28,245.34,243.17,244.1,245.15,255.47,259.03,258.76
PLD,Prologis,Real Estate,Industrial REITs,117.06,123.15,83.8,115.68,114.71,113.93,110.24,108.24,106.49,108.09
PRU,Prudential Financial,Financials,Life & Health Insurance,104.02,125.75,88.12,103.3,103.28,104.09,104.64,104.17,103.1,105.9
PEG,Public Service Enterprise Group,Utilities,Electric Utilities,82.0,92.35,73.5,82.53,82.22,81.78,83.61,82.08,81.54,81.62
PTC,PTC Inc.,Information Technology,Application Software,203.0,219.69,133.38,203.06,203.45,204.66,208.08,192.57,184.37,180.19
PSA,Public Storage,Real Estate,Self-Storage REITs,293.54,343.03,251.43,290.15,286.0,286.2,284.4,288.0,287.65,288.82
PHM,PulteGroup,Consumer Discretionary,Homebuilding,137.61,148.31,87.74,134.44,132.23,133.95,128.88,116.92,113.32,111.15
PWR,Quanta Services,Industrials,Construction & Engineering,421.17,431.24,226.97,417.2,407.98,395.47,390.47,378.13,360.1,334.71
QCOM,Qualcomm,Information Technology,Semiconductors,169.18,178.09,119.4,167.24,168.79,165.73,158.97,156.11,152.69,154.84
DGX,Quest Diagnostics,Health Care,Health Care Services,179.33,191.49,144.09,184.36,185.46,183.82,179.67,176.83,175.59,170.14
RL,Ralph Lauren Corporation,Consumer Discretionary,"Apparel, Accessories & Luxury Goods",321.81,325.81,175.49,316.76,312.53,312.08,302.41,289.38,274.94,262.19
RJF,Raymond James Financial,Financials,Investment Banking & Brokerage,166.82,177.15,116.85,169.44,171.53,170.26,167.54,159.6,154.93,154.07
RTX,RTX Corporation,Industrials,Aerospace & Defense,166.58,168.28,111.21,166.27,163.66,160.14,157.92,149.84,144.84,136.96
O,Realty Income,Real Estate,Retail REITs,60.4,61.34,49.31,60.35,59.91,59.66,58.29,57.05,56.64,55.29
REG,Regency Centers,Real Estate,Retail REITs,71.68,75.93,62.21,72.15,71.69,71.38,71.31,70.73,70.53,70.71
REGN,Regeneron Pharmaceuticals,Health Care,Biotechnology,600.0,1041.49,475.77,584.59,578.29,575.29,571.49,557.71,560.5,607.14
RF,Regions Financial Corporation,Financials,Regional Banks,26.39,27.61,17.36,26.33,26.48,26.74,26.19,24.48,23.52,23.16
RSG,Republic Services,Industrials,Environmental & Facilities Services,224.15,257.43,195.57,226.13,226.38,226.87,231.07,238.52,239.39,232.3
RMD,ResMed,Health Care,Health Care Equipment,278.59,293.81,199.07,274.17,273.26,273.43,277.98,265.28,257.41,247.62
RVTY,Revvity,Health Care,Health Care Equipment,94.05,129.23,81.36,89.82,87.27,86.21,88.34,91.72,92.14,100.33
ROK,Rockwell Automation,Industrials,Electrical Components & Equipment,349.4,359.54,213.27,348.29,345.56,345.39,344.48,335.45,317.52,301.73
ROL,"Rollins, Inc.",Industrials,Environmental & Facilities Services,58.71,59.12,44.94,58.48,57.44,56.99,57.26,56.81,56.46,53.88
ROP,Roper Technologies,Information Technology,Electronic Equipment & Instruments,499.95,593.46,492.25,499.03,500.88,506.3,523.43,543.85,546.51,549.77
ROST,Ross Stores,Consumer Discretionary,Apparel Retail,152.64,157.03,121.69,153.25,150.7,149.39,146.96,141.58,141.0,140.57
RCL,Royal Caribbean Group,Consumer Discretionary,"Hotels, Resorts & Cruise Lines",314.05,365.38,163.05,320.1,323.57,328.95,330.46,309.78,289.44,267.86
SPGI,S&P Global,Financials,Financial Exchanges & Data,479.81,578.04,425.6,483.23,488.14,512.71,534.74,525.92,516.52,512.43
CRM,Salesforce,Information Technology,Application Software,240.36,366.78,226.09,239.41,242.16,243.5,246.65,257.96,258.57,278.34
SBAC,SBA Communications,Real Estate,Telecom Tower REITs,192.09,247.78,186.81,193.01,194.67,195.85,208.58,219.33,220.74,215.38
SLB,Schlumberger,Energy,Oil & Gas Equipment & Services,34.26,44.81,30.61,34.59,34.61,34.97,34.45,34.44,34.27,36.29
STX,Seagate Technology,Information Technology,"Technology Hardware, Storage & Peripherals",252.79,264.83,62.66,245.77,234.39,218.88,182.93,156.83,141.73,122.86
SRE,Sempra,Utilities,Multi-Utilities,91.44,92.78,60.93,89.67,87.61,84.69,82.59,78.94,77.38,77.24
NOW,ServiceNow,Information Technology,Systems Software,912.36,1198.09,678.66,919.2,925.94,933.1,915.55,959.3,942.88,953.94
SHW,Sherwin-Williams,Materials,Specialty Chemicals,346.6,397.81,307.5,344.18,343.67,350.82,354.29,351.42,348.89,348.58
SPG,Simon Property Group,Real Estate,Retail REITs,185.23,188.43,132.99,185.9,184.59,182.95,175.17,167.01,163.79,165.34
SWKS,Skyworks Solutions,Information Technology,Semiconductors,77.1,97.73,47.01,76.94,78.85,76.97,74.14,73.19,70.5,72.28
SJM,J.M. Smucker Company (The),Consumer Staples,Packaged Foods & Meats,108.3,121.73,92.38,108.14,108.42,108.14,109.25,106.84,107.95,107.32
SW,Smurfit Westrock,Materials,Paper & Plastic Packaging Products & Materials,41.98,55.46,36.31,42.26,42.62,43.71,44.46,44.38,43.6,45.84
SNA,Snap-on,Industrials,Industrial Machinery & Supplies & Components,347.42,366.68,277.22,346.57,342.89,337.5,329.3,323.41,321.1,326.01
SOLV,Solventum,Health Care,Health Care Technology,74.0,85.92,60.7,73.37,72.77,73.15,72.84,73.51,72.11,72.55
SO,Southern Company,Utilities,Electric Utilities,94.54,95.68,78.5,94.38,94.06,92.86,93.27,91.52,91.0,88.55
LUV,Southwest Airlines,Industrials,Passenger Airlines,32.52,37.75,23.55,32.36,32.49,32.1,31.54,32.37,31.3,31.3
SWK,Stanley Black & Decker,Industrials,Industrial Machinery & Supplies & Components,75.42,105.27,52.62,74.26,74.4,76.19,73.6,70.6,68.23,72.84
SBUX,Starbucks,Consumer Discretionary,Restaurants,86.42,115.87,74.48,85.56,85.03,84.18,87.5,88.77,87.38,91.83
STT,State Street Corporation,Financials,Asset Management & Custody Banks,116.38,117.41,71.77,115.29,114.15,112.71,112.04,106.45,102.04,98.68
STLD,Steel Dynamics,Materials,Steel,145.09,153.16,102.41,141.66,139.37,136.91,131.12,131.01,129.47,127.2
STE,Steris,Health Care,Health Care Equipment,242.5,253.0,199.47,243.8,245.72,247.2,242.43,239.69,236.05,228.85
SYK,Stryker Corporation,Health Care,Health Care Equipment,370.5,403.95,327.71,367.95,369.61,375.68,382.28,383.8,379.25,377.66
SMCI,Supermicro,Information Technology,"Technology Hardware, Storage & Peripherals",51.96,66.44,17.25,50.23,48.33,46.3,47.12,46.4,43.76,41.18
SYF,Synchrony Financial,Financials,Consumer Finance,71.23,77.41,40.15,71.14,72.95,74.28,73.09,68.34,64.71,63.35
SNPS,Synopsys,Information Technology,Application Software,469.17,651.73,365.74,480.82,485.23,478.16,559.11,537.95,518.51,505.54
SYY,Sysco,Consumer Staples,Food Distributors,82.15,83.47,66.65,82.48,82.09,81.7,80.86,77.79,76.32,75.02
TMUS,T-Mobile US,Communication Services,Wireless Telecommunication Services,230.27,274.51,202.51,234.2,236.18,238.23,243.96,239.13,241.23,241.33
TROW,T. Rowe Price,Financials,Asset Management & Custody Banks,103.28,119.7,75.88,102.44,103.23,104.18,104.8,100.29,97.47,99.31
TTWO,Take-Two Interactive,Communication Services,Interactive Home Entertainment,257.68,261.47,146.76,257.67,253.66,250.81,238.15,236.11,232.51,219.53
TPR,"Tapestry, Inc.",Consumer Discretionary,"Apparel, Accessories & Luxury Goods",114.92,117.77,42.3,113.8,112.93,110.75,107.01,97.1,91.3,84.39
TRGP,Targa Resources,Energy,Oil & Gas Storage & Transportation,162.3,215.2,147.49,165.93,168.31,166.37,165.38,165.83,165.79,175.75
TGT,Target Corporation,Consumer Staples,Consumer Staples Merchandise Retail,89.03,155.5,85.44,89.24,88.31,89.13,95.79,96.85,96.02,105.58
TEL,TE Connectivity,Information Technology,Electronic Manufacturing Services,220.84,224.97,115.38,220.19,218.63,215.32,208.72,188.34,178.32,165.95
TDY,Teledyne Technologies,Information Technology,Electronic Equipment & Instruments,587.62,590.09,419.0,582.05,575.31,565.1,553.78,531.51,518.32,507.67
TER,Teradyne,Information Technology,Semiconductor Materials & Equipment,145.64,149.46,65.6,140.65,137.45,126.75,116.6,101.96,96.43,102.26
TSLA,"Tesla, Inc.",Consumer Discretionary,Automobile Manufacturers,429.83,488.54,212.11,442.64,437.99,414.31,363.66,345.01,329.15,335.19
TXN,Texas Instruments,Information Technology,Semiconductors,180.32,220.1,137.77,182.0,182.27,182.08,188.62,193.54,186.11,184.92
TPL,Texas Pacific Land Corporation,Energy,Oil & Gas Exploration & Production,945.89,1759.83,844.11,945.18,934.9,926.8,920.8,1020.17,1072.58,1157.86
TMO,Thermo Fisher Scientific,Health Care,Life Sciences Tools & Services,543.32,614.4,385.11,509.21,488.23,484.3,481.82,447.14,442.94,477.01
TJX,TJX Companies,Consumer Discretionary,Apparel Retail,141.33,145.58,109.83,143.24,142.03,141.09,136.22,130.97,130.03,126.53
TKO,TKO Group Holdings,Communication Services,Movies & Entertainment,197.35,212.49,113.01,200.28,199.4,199.85,186.94,177.07,172.48,164.1
TTD,Trade Desk (The),Communication Services,Advertising,51.55,141.53,42.96,50.08,48.42,47.47,57.72,66.2,63.7,74.88
TSCO,Tractor Supply,Consumer Discretionary,Other Specialty Retail,55.83,63.75,46.46,56.31,56.85,58.2,59.3,56.09,54.9,54.58
TT,Trane Technologies,Industrials,Building Products,424.09,475.11,296.82,421.87,414.79,410.78,422.0,426.29,412.87,393.12
TDG,TransDigm Group,Industrials,Aerospace & Defense,1288.83,1519.36,1107.45,1296.15,1296.11,1291.65,1328.89,1358.17,1341.17,1303.53
TRV,Travelers Companies (The),Financials,Property & Casualty Insurance,284.56,286.17,220.97,279.51,277.86,276.66,270.66,267.42,265.03,257.8
TRMB,Trimble Inc.,Information Technology,Electronic Equipment & Instruments,80.72,87.5,52.91,80.79,80.92,81.02,81.88,78.44,75.02,73.64
TFC,Truist Financial,Financials,Diversified Banks,45.52,47.46,32.72,45.62,45.68,45.53,45.0,43.24,41.92,42.23
TYL,Tyler Technologies,Information Technology,Application Software,502.74,661.31,494.32,510.81,519.34,531.89,555.04,564.47,562.12,573.57
TSN,Tyson Foods,Consumer Staples,Packaged Foods & Meats,54.69,63.75,51.39,54.37,54.17,54.51,55.05,54.84,55.54,56.27
USB,U.S. Bancorp,Financials,Diversified Banks,48.07,51.66,34.43,48.13,48.45,48.64,47.09,45.63,44.27,44.4
UBER,Uber,Industrials,Passenger Ground Transportation,96.6,101.99,59.33,97.47,97.84,96.79,93.86,91.66,88.78,81.86
UDR,"UDR, Inc.",Real Estate,Multi-Family Residential REITs,36.38,45.5,35.84,36.78,36.98,37.51,38.29,39.47,39.76,40.59
ULTA,Ulta Beauty,Consumer Discretionary,Other Specialty Retail,556.45,562.11,309.01,554.15,544.06,533.13,524.13,492.17,468.95,438.56
UNP,Union Pacific Corporation,Industrials,Rail Transportation,236.8,252.32,202.16,235.72,233.0,224.99,223.03,224.37,222.35,226.89
UAL,United Airlines Holdings,Industrials,Passenger Airlines,95.33,116.0,52.0,95.69,98.52,102.4,99.25,90.22,85.99,88.72
UPS,United Parcel Service,Industrials,Air Freight & Logistics,86.78,136.36,82.0,84.95,84.36,84.38,85.99,91.99,92.22,100.63
URI,United Rentals,Industrials,Trading Companies & Distributors,980.8,997.47,523.58,964.1,953.34,950.66,925.7,834.03,790.55,750.93
UNH,UnitedHealth Group,Health Care,Managed Health Care,360.2,617.34,233.13,350.54,348.31,344.71,306.01,302.35,333.14,396.6
UHS,Universal Health Services,Health Care,Health Care Facilities,207.24,239.23,152.16,204.36,200.89,194.48,182.67,181.64,180.41,180.88
VLO,Valero Energy,Energy,Oil & Gas Refining & Marketing,160.4,178.43,97.37,167.03,169.29,164.76,150.96,143.57,137.31,133.75
VTR,Ventas,Real Estate,Health Care REITs,69.76,70.52,55.47,69.68,68.73,68.39,67.75,65.54,65.6,64.25
VLTO,Veralto,Industrials,Environmental & Facilities Services,107.14,114.5,83.69,106.24,105.66,106.33,106.5,103.55,101.24,100.65
VRSN,Verisign,Information Technology,Internet Services & Infrastructure,272.98,309.71,174.64,277.44,281.0,283.42,276.89,278.78,275.23,255.71
VRSK,Verisk Analytics,Industrials,Research & Consulting Services,249.04,321.9,239.83,249.26,246.69,252.14,263.15,285.43,286.77,286.42
VZ,Verizon,Communication Services,Integrated Telecommunication Services,43.67,45.87,36.41,43.62,43.48,43.61,43.62,42.98,42.89,41.85
VRTX,Vertex Pharmaceuticals,Health Care,Biotechnology,403.3,519.88,362.5,400.66,391.04,391.23,400.69,426.12,436.86,445.54
VTRS,Viatris,Health Care,Pharmaceuticals,10.19,13.04,6.68,9.98,9.8,9.89,9.9,9.35,9.05,9.52
VICI,Vici Properties,Real Estate,Hotel & Resort REITs,32.63,33.54,26.86,32.69,32.32,32.39,32.54,32.13,31.86,30.96
V,Visa Inc.,Financials,Transaction & Payment Processing Services,349.84,374.85,271.33,345.03,341.92,341.58,343.74,350.0,347.13,342.1
VST,Vistra Corp.,Utilities,Electric Utilities,201.99,219.82,90.3,200.0,203.31,204.43,200.44,188.77,175.8,164.47
VMC,Vulcan Materials Company,Materials,Construction Materials,304.7,309.17,214.34,304.07,300.47,298.08,290.83,277.92,272.21,265.1
WRB,W. R. Berkley Corporation,Financials,Property & Casualty Insurance,76.86,77.31,54.89,76.22,75.39,74.06,72.04,71.78,71.31,67.33
GWW,W. W. Grainger,Industrials,Industrial Machinery & Supplies & Components,956.59,1219.65,889.92,951.06,957.46,978.85,987.87,1022.52,1018.92,1024.23
WAB,Wabtec,Industrials,Construction Machinery & Heavy Transportation Equipment,200.08,215.82,151.42,198.91,197.05,193.14,192.5,199.26,195.32,193.51
WBA,Walgreens Boots Alliance,Consumer Staples,Drug Retail,11.98,,,11.98,12.03,11.93,11.67,11.39,11.33,10.81
WMT,Walmart,Consumer Staples,Consumer Staples Merchandise Retail,102.07,106.11,78.22,102.37,102.62,102.73,100.73,98.63,97.68,95.78
DIS,Walt Disney Company (The),Communication Services,Movies & Entertainment,112.47,124.69,79.76,113.37,113.15,114.61,116.17,116.71,111.41,109.69
WBD,Warner Bros. Discovery,Communication Services,Broadcasting,18.99,20.24,7.25,19.19,19.43,18.01,14.48,12.59,11.76,11.27
WM,Waste Management,Industrials,Environmental & Facilities Services,219.76,240.84,197.52,219.36,218.73,217.83,223.77,226.99,227.17,223.54
WAT,Waters Corporation,Health Care,Life Sciences Tools & Services,328.39,423.56,275.05,311.87,303.32,302.35,296.85,318.25,321.68,344.51
WEC,WEC Energy Group,Utilities,Electric Utilities,113.29,114.97,89.63,113.42,112.48,110.9,109.18,106.95,106.72,103.89
WFC,Wells Fargo,Financials,Diversified Banks,80.67,86.66,53.23,82.1,83.35,82.49,80.73,78.96,76.69,75.31
WELL,Welltower,Real Estate,Health Care REITs,175.04,180.4,120.11,176.85,174.18,170.87,167.72,159.99,157.09,150.26
WST,West Pharmaceutical Services,Health Care,Health Care Supplies,272.56,351.24,187.09,267.96,261.88,258.94,250.86,235.02,229.95,248.66
WDC,Western Digital,Information Technology,"Technology Hardware, Storage & Peripherals",131.31,137.4,28.74,125.99,117.64,108.56,89.8,74.34,67.34,59.57
WY,Weyerhaeuser,Real Estate,Timber REITs,25.12,32.76,23.71,24.93,24.66,24.83,25.3,25.6,25.54,26.77
WSM,"Williams-Sonoma, Inc.",Consumer Discretionary,Homefurnishing Retail,199.43,218.08,123.89,195.66,197.82,198.94,197.78,181.49,175.23,180.14
WMB,Williams Companies,Energy,Oil & Gas Storage & Transportation,64.48,65.55,44.96,63.91,63.13,60.83,58.8,58.72,58.37,57.28
WTW,Willis Towers Watson,Financials,Insurance Brokers,347.14,350.42,283.14,344.75,342.23,337.48,330.03,317.51,316.15,318.16
WDAY,"Workday, Inc.",Information Technology,Application Software,236.48,294.0,205.33,237.84,240.31,234.3,230.28,237.73,237.49,244.35
WYNN,Wynn Resorts,Consumer Discretionary,Casinos & Gaming,123.66,134.23,64.93,129.95,128.4,126.07,118.6,107.41,101.64,95.31
XEL,Xcel Energy,Utilities,Multi-Utilities,80.26,81.15,60.12,80.17,78.07,75.08,73.38,70.83,70.41,68.95
XYL,Xylem Inc.,Industrials,Industrial Machinery & Supplies & Components,149.85,150.98,99.87,147.64,145.08,142.9,141.6,134.71,130.63,127.22
YUM,Yum! Brands,Consumer Discretionary,Restaurants,150.69,161.72,120.38,152.23,151.24,149.35,146.65,145.89,145.67,144.09
ZBRA,Zebra Technologies,Information Technology,Electronic Equipment & Instruments,305.01,427.76,205.73,297.35,302.64,309.26,316.16,310.76,297.1,314.89
ZBH,Zimmer Biomet,Health Care,Health Care Equipment,100.78,113.87,88.77,99.08,99.04,100.32,100.49,96.78,97.19,100.63
ZTS,Zoetis,Health Care,Pharmaceuticals,146.42,194.19,138.77,145.85,144.28,146.31,149.72,154.66,154.13,158.07
