Symbol,Company,GICS_Sector,GICS_Sub_Industry,Current_Price,High_52_Week,Low_52_Week,SMA5,SMA10,SMA20,SMA50,SMA200,Score,Target_Pcnt,Target_Price,Stop_Loss
MMM,3M,Industrials,Industrial Conglomerates,153.47,159.47,122.31,151.75,154.35,154.57,154.82,147.15,0.0,3.77,159.26,149.88
AOS,A. O. Smith,Industrials,Building Products,69.21,81.03,59.04,68.64,70.5,71.53,71.96,67.89,-0.2,8.67,75.21,67.85
ABT,Abbott Laboratories,Health Care,Health Care Equipment,129.45,138.95,110.09,132.0,132.86,133.65,132.56,129.45,0.0,5.62,136.73,130.57
ABBV,AbbVie,Health Care,Biotechnology,226.22,244.38,160.57,229.37,231.16,227.97,216.43,194.72,0.2,6.39,240.68,215.26
ACN,Accenture,Information Technology,IT Consulting & Other Services,239.71,394.31,232.56,244.09,246.25,243.26,246.69,300.88,0.2,5.88,253.8,232.71
ADBE,Adobe Inc.,Information Technology,Application Software,330.63,552.96,330.63,338.17,343.63,350.96,351.1,388.49,-0.2,12.22,371.03,330.89
AMD,Advanced Micro Devices,Information Technology,Semiconductors,238.6,238.6,78.21,224.18,210.61,185.54,173.52,131.94,0.0,3.21,246.26,124.81
AES,AES Corporation,Utilities,Independent Power Producers & Energy Traders,14.75,16.89,9.5,14.44,14.45,13.9,13.4,11.72,0.2,4.27,15.38,12.42
AFL,Aflac,Financials,Life & Health Insurance,109.81,113.07,97.56,110.74,111.45,110.51,108.01,104.84,0.2,3.59,113.75,107.27
A,Agilent Technologies,Health Care,Life Sciences Tools & Services,139.65,151.65,98.88,138.53,139.4,132.93,126.03,122.64,0.2,5.62,147.5,118.35
APD,Air Products,Materials,Industrial Gases,257.41,331.69,245.41,260.01,265.25,269.98,281.47,285.38,-0.2,11.87,287.96,251.99
ABNB,Airbnb,Consumer Discretionary,"Hotels, Resorts & Cruise Lines",124.26,161.42,105.69,120.87,120.62,122.14,123.83,129.48,0.0,1.99,126.73,117.56
AKAM,Akamai Technologies,Information Technology,Internet Services & Infrastructure,73.67,106.67,68.21,74.06,75.76,75.92,76.1,81.27,0.0,6.79,78.67,73.17
ALB,Albemarle Corporation,Materials,Specialty Chemicals,98.16,108.94,50.16,95.42,92.72,87.87,82.54,73.07,0.2,1.34,99.48,76.26
ARE,Alexandria Real Estate Equities,Real Estate,Office REITs,76.21,115.36,65.57,74.7,77.43,80.76,79.59,81.2,-0.1,17.23,89.34,72.18
ALGN,Align Technology,Health Care,Health Care Supplies,128.43,240.52,124.88,129.08,130.13,129.19,134.98,174.05,0.0,4.51,134.22,124.16
ALLE,Allegion,Industrials,Building Products,177.28,179.33,118.08,175.06,176.3,176.44,172.6,145.3,-0.4,1.51,179.96,172.93
LNT,Alliant Energy,Utilities,Electric Utilities,68.63,68.63,54.87,67.92,67.68,66.59,65.68,61.96,0.2,1.31,69.53,63.65
ALL,Allstate,Financials,Property & Casualty Insurance,200.42,214.65,178.34,206.05,208.4,208.93,205.81,197.66,-0.2,7.42,215.29,202.57
GOOGL,Alphabet Inc. (Class A),Communication Services,Interactive Media & Services,251.03,254.72,144.4,243.75,245.06,246.65,228.99,188.22,0.0,1.61,255.07,238.24
GOOG,Alphabet Inc. (Class C),Communication Services,Interactive Media & Services,251.71,255.24,146.27,244.45,245.92,247.35,229.64,189.53,0.0,1.57,255.66,239.06
MO,Altria,Consumer Staples,Tobacco,64.87,66.65,45.73,65.5,65.64,65.4,65.23,57.62,0.0,3.04,66.84,63.95
AMZN,Amazon,Consumer Discretionary,Broadline Retail,215.57,242.06,167.32,219.23,220.6,221.88,225.89,214.33,0.0,7.06,230.79,212.95
AMCR,Amcor,Materials,Paper & Plastic Packaging Products & Materials,8.05,10.94,7.82,7.98,8.03,8.09,8.45,9.18,0.0,3.6,8.34,7.83
AEE,Ameren,Utilities,Multi-Utilities,105.39,105.39,83.42,103.97,103.97,102.63,101.12,96.83,0.2,1.14,106.59,98.66
AEP,American Electric Power,Utilities,Electric Utilities,118.53,118.53,87.97,117.53,116.72,112.84,111.7,104.27,0.0,2.49,121.48,104.2
AXP,American Express,Financials,Consumer Finance,330.66,341.44,230.22,325.3,326.69,332.44,322.56,298.65,-0.2,5.02,347.26,317.64
AIG,American International Group,Financials,Multi-line Insurance,81.26,86.75,68.89,82.09,82.22,79.97,79.69,79.55,0.2,4.63,85.02,74.93
AMT,American Tower,Real Estate,Telecom Tower REITs,190.03,230.32,169.21,186.35,187.12,189.63,196.14,202.35,-0.2,3.02,195.77,183.49
AWK,American Water Works,Utilities,Water Utilities,142.53,150.19,118.87,141.55,140.36,138.32,140.67,137.65,0.0,0.87,143.77,132.87
AMP,Ameriprise Financial,Financials,Asset Management & Custody Banks,481.27,569.83,419.45,484.08,488.48,490.74,499.02,507.23,0.0,4.2,501.48,480.02
AME,Ametek,Industrials,Electrical Components & Equipment,185.78,196.08,150.9,183.28,183.39,185.24,185.44,179.06,-0.2,2.4,190.24,180.24
AMGN,Amgen,Health Care,Biotechnology,297.32,321.88,252.22,293.83,294.87,288.04,286.09,285.92,0.0,2.92,306.0,270.09
APH,Amphenol,Information Technology,Electronic Components,125.6,126.25,58.9,124.02,123.96,123.61,116.6,88.58,0.0,0.66,126.43,120.79
ADI,Analog Devices,Information Technology,Semiconductors,238.15,254.62,163.21,234.28,236.93,241.56,241.6,221.14,-0.2,6.52,253.68,229.44
AON,Aon plc,Financials,Insurance Brokers,355.8,407.61,334.44,358.05,361.28,357.81,364.06,367.38,0.0,3.3,367.54,348.07
APA,APA Corporation,Energy,Oil & Gas Exploration & Production,23.24,25.39,13.62,22.91,23.78,24.0,22.66,20.05,0.2,10.2,25.61,22.38
APO,Apollo Global Management,Financials,Asset Management & Custody Banks,127.7,176.82,107.9,123.91,125.02,131.99,135.16,141.22,-0.4,15.95,148.07,115.92
AAPL,Apple Inc.,Information Technology,"Technology Hardware, Storage & Peripherals",249.34,258.1,172.0,248.82,253.05,252.67,239.73,221.76,0.2,5.54,263.15,242.19
AMAT,Applied Materials,Information Technology,Semiconductor Materials & Equipment,227.58,227.58,126.23,219.1,218.96,210.16,185.34,171.45,0.2,1.92,231.95,188.36
APP,AppLovin,Information Technology,Application Software,602.3,718.54,143.0,590.53,616.76,641.0,548.25,390.78,-0.2,20.62,726.49,555.48
APTV,Aptiv,Consumer Discretionary,Automotive Parts & Equipment,83.64,87.98,47.92,82.3,84.41,85.04,80.38,67.91,-0.2,6.21,88.83,81.25
ACGL,Arch Capital Group,Financials,Property & Casualty Insurance,89.57,105.64,84.99,91.75,91.72,90.62,90.74,91.4,0.0,4.96,94.01,87.22
ADM,Archer Daniels Midland,Consumer Staples,Agricultural Products & Services,63.38,64.21,41.01,61.8,61.67,61.11,60.93,51.78,0.2,-0.06,63.34,58.89
ANET,Arista Networks,Information Technology,Communications Equipment,143.38,158.23,64.37,148.39,148.41,146.82,141.96,108.29,0.0,9.19,156.56,137.08
AJG,Arthur J. Gallagher & Co.,Financials,Insurance Brokers,296.16,347.33,274.22,300.38,304.69,304.04,299.37,313.39,-0.1,5.55,312.6,295.48
AIZ,Assurant,Financials,Multi-line Insurance,214.85,225.29,178.36,217.98,218.55,216.16,213.3,202.51,0.2,3.83,223.08,209.24
T,AT&T,Communication Services,Integrated Telecommunication Services,26.07,29.3,20.35,25.9,26.04,27.1,28.03,26.41,-0.2,12.77,29.4,24.81
ATO,Atmos Energy,Utilities,Gas Utilities,179.19,179.19,134.17,176.76,174.68,170.64,167.09,154.04,0.0,0.8,180.62,160.66
ADSK,Autodesk,Information Technology,Application Software,305.08,326.79,238.84,306.69,312.23,316.96,308.3,292.43,0.0,8.43,330.8,303.12
ADP,Automatic Data Processing,Industrials,Human Resource & Employment Services,284.21,323.5,273.96,285.11,288.09,289.82,295.42,299.65,-0.2,4.08,295.81,283.83
AZO,AutoZone,Consumer Discretionary,Automotive Retail,4027.03,4354.54,2981.19,4044.72,4098.05,4140.89,4150.41,3735.84,-0.2,7.11,4313.35,3968.51
AVB,AvalonBay Communities,Real Estate,Multi-Family Residential REITs,184.0,229.94,181.07,184.9,186.68,189.21,189.6,201.01,0.0,6.13,195.28,183.13
AVY,Avery Dennison,Materials,Paper & Plastic Packaging Products & Materials,159.58,216.16,157.49,159.34,160.89,161.58,166.88,174.79,0.0,3.68,165.45,157.69
AXON,Axon Enterprise,Industrials,Aerospace & Defense,644.99,870.97,423.5,699.35,709.64,722.74,749.58,677.43,0.0,21.55,783.99,661.52
BKR,Baker Hughes,Energy,Oil & Gas Equipment & Services,44.47,50.55,34.6,45.54,47.01,47.97,45.97,42.1,0.0,15.85,51.52,44.43
BALL,Ball Corporation,Materials,"Metal, Glass & Plastic Containers",47.55,66.32,44.6,47.41,48.46,48.85,50.73,52.43,-0.2,7.19,50.97,46.72
BAC,Bank of America,Financials,Diversified Banks,52.28,52.42,34.0,49.93,50.13,50.99,49.68,45.03,0.0,1.89,53.27,48.71
BAX,Baxter International,Health Care,Health Care Equipment,22.75,36.11,21.61,22.43,22.8,22.76,23.46,28.72,0.0,4.84,23.85,21.67
BDX,Becton Dickinson,Health Care,Health Care Equipment,186.77,245.13,163.27,187.49,190.11,188.15,189.87,197.87,-0.2,4.32,194.84,181.46
BRK-B,Berkshire Hathaway,Financials,Multi-Sector Holdings,496.39,539.8,442.29,494.03,496.7,496.52,491.07,492.42,-0.1,1.49,503.79,489.23
BBY,Best Buy,Consumer Discretionary,Computer & Electronics Retail,78.41,93.87,54.69,75.75,76.0,75.22,73.64,72.48,0.0,1.11,79.28,71.17
TECH,Bio-Techne,Health Care,Life Sciences Tools & Services,59.58,78.41,46.59,59.41,60.38,56.86,54.74,57.32,0.1,9.1,65.0,48.72
BIIB,Biogen,Health Care,Biotechnology,143.66,191.56,113.38,145.97,150.22,145.6,140.94,135.32,0.0,10.81,159.19,132.01
BLK,BlackRock,Financials,Asset Management & Custody Banks,1202.59,1202.59,807.61,1170.35,1168.35,1157.28,1136.52,1016.53,0.2,-0.41,1197.66,1116.95
BX,Blackstone Inc.,Financials,Asset Management & Custody Banks,163.91,194.8,118.51,160.09,162.98,171.04,172.04,156.37,-0.2,16.37,190.74,151.32
XYZ,"Block, Inc.",Financials,Transaction & Payment Processing Services,76.13,98.92,46.53,76.57,77.45,76.39,76.15,69.93,-0.2,6.23,80.87,71.9
BK,BNY Mellon,Financials,Asset Management & Custody Banks,108.93,109.75,72.47,106.74,106.61,107.68,105.39,90.64,-0.2,1.46,110.52,104.85
BA,Boeing,Industrials,Aerospace & Defense,214.0,237.38,136.59,214.12,217.12,216.45,223.52,197.23,0.0,4.24,223.07,209.82
BKNG,Booking Holdings,Consumer Discretionary,"Hotels, Resorts & Cruise Lines",5080.86,5805.92,4149.83,5194.34,5260.74,5365.74,5470.12,5157.9,-0.2,11.2,5649.92,5081.44
BSX,Boston Scientific,Health Care,Health Care Equipment,97.71,108.14,83.62,96.32,96.45,97.01,101.44,101.36,-0.2,1.24,98.92,95.1
BMY,Bristol Myers Squibb,Health Care,Pharmaceuticals,43.61,60.79,42.72,43.92,44.45,44.36,45.61,49.65,0.0,5.69,46.09,42.63
AVGO,Broadcom,Information Technology,Semiconductors,351.33,368.94,145.7,344.36,341.58,339.19,325.57,250.42,0.0,0.81,354.18,324.2
BR,Broadridge Financial Solutions,Industrials,Data Processing & Outsourced Services,231.49,265.85,206.47,233.23,234.32,236.25,248.15,238.72,0.0,4.62,242.18,230.31
BRO,Brown & Brown,Financials,Insurance Brokers,93.97,124.07,90.88,94.93,94.9,93.83,94.35,106.07,0.0,2.62,96.43,91.23
BF-B,Brown–Forman,Consumer Staples,Distillers & Vintners,27.16,48.21,25.45,27.14,27.46,27.33,28.49,31.01,0.2,3.35,28.07,26.59
BLDR,Builders FirstSource,Industrials,Building Products,126.29,198.25,105.63,125.07,126.51,124.16,132.88,130.99,0.0,4.55,132.04,116.29
BG,Bunge Global,Consumer Staples,Agricultural Products & Services,93.09,93.09,67.23,83.7,83.61,81.86,82.32,77.3,-0.2,-5.18,88.27,75.46
BXP,"BXP, Inc.",Real Estate,Office REITs,71.73,85.21,55.53,70.66,72.59,73.9,71.42,67.88,0.0,8.87,78.09,69.71
CHRW,C.H. Robinson,Industrials,Air Freight & Logistics,128.01,137.09,85.99,126.92,130.69,132.21,127.9,104.75,0.0,8.61,139.03,125.39
CDNS,Cadence Design Systems,Information Technology,Application Software,324.1,373.37,231.64,331.55,340.11,349.44,349.8,306.95,0.0,16.31,376.96,321.94
CPT,Camden Property Trust,Real Estate,Multi-Family Residential REITs,101.7,122.47,101.67,101.85,102.73,104.47,106.19,111.58,-0.2,6.54,108.35,100.59
CPB,Campbell's Company (The),Consumer Staples,Packaged Foods & Meats,30.15,46.62,29.8,30.11,30.7,31.47,32.0,34.5,-0.2,11.97,33.76,29.19
COF,Capital One,Financials,Consumer Finance,215.1,229.74,149.68,210.03,211.78,217.24,218.69,198.11,-0.4,7.63,231.51,202.97
CAH,Cardinal Health,Health Care,Health Care Distributors,155.67,167.08,106.36,155.65,156.08,154.24,151.67,143.19,-0.2,3.23,160.7,147.78
KMX,CarMax,Consumer Discretionary,Automotive Retail,44.42,89.19,43.17,43.88,44.79,48.29,54.85,67.71,0.0,34.96,59.95,36.62
CCL,Carnival,Consumer Discretionary,"Hotels, Resorts & Cruise Lines",28.84,32.49,16.43,28.41,28.62,29.39,30.21,25.38,0.0,9.12,31.47,27.3
CARR,Carrier Global,Industrials,Building Products,57.21,81.67,55.21,57.27,58.37,59.0,62.51,66.72,0.0,7.24,61.35,56.66
CAT,Caterpillar Inc.,Industrials,Construction Machinery & Heavy Transportation Equipment,534.05,534.05,271.63,511.59,503.06,486.81,448.79,378.2,0.2,-1.48,526.15,447.46
CBOE,Cboe Global Markets,Financials,Financial Exchanges & Data,241.74,253.24,189.73,241.78,240.9,240.86,241.15,223.89,0.0,2.5,247.78,233.94
CBRE,CBRE Group,Real Estate,Real Estate Services,156.82,165.9,113.94,153.39,153.66,156.84,159.25,139.9,-0.4,5.35,165.21,148.46
CDW,CDW Corporation,Information Technology,Technology Distributors,148.83,220.37,143.46,148.7,153.17,157.34,162.08,171.67,0.0,13.36,168.71,145.96
COR,Cencora,Health Care,Health Care Distributors,319.61,319.61,222.95,317.33,312.26,307.06,298.44,278.66,0.0,1.7,325.04,289.09
CNC,Centene Corporation,Health Care,Managed Health Care,35.79,72.9,25.21,36.44,37.22,35.61,31.69,48.92,0.1,10.92,39.7,31.51
CNP,CenterPoint Energy,Utilities,Multi-Utilities,39.86,39.86,27.88,39.38,39.25,38.89,38.33,35.96,0.2,0.28,39.97,37.8
CF,CF Industries,Materials,Fertilizers & Agricultural Chemicals,85.44,101.88,67.67,87.27,89.1,88.65,86.59,85.55,0.0,9.56,93.61,83.7
CRL,Charles River Laboratories,Health Care,Life Sciences Tools & Services,170.72,220.69,99.75,170.13,172.19,162.8,159.48,154.69,0.2,7.97,184.33,141.26
SCHW,Charles Schwab Corporation,Financials,Investment Banking & Brokerage,94.33,98.69,66.96,93.44,93.58,93.95,94.81,85.8,0.0,2.02,96.24,91.65
CHTR,Charter Communications,Communication Services,Cable & Satellite,264.56,427.25,256.57,262.81,269.72,269.44,266.53,342.7,0.1,6.94,282.92,255.96
CVX,Chevron Corporation,Energy,Integrated Oil & Gas,152.11,164.65,130.67,151.4,152.66,155.06,155.63,148.36,0.0,5.9,161.08,149.03
CMG,Chipotle Mexican Grill,Consumer Discretionary,Restaurants,41.77,66.16,38.58,41.1,41.11,40.35,41.13,49.65,0.0,1.08,42.22,38.49
CB,Chubb Limited,Financials,Property & Casualty Insurance,278.31,301.45,256.04,282.56,284.09,280.92,277.38,279.64,-0.1,4.09,289.69,272.14
CHD,Church & Dwight,Consumer Staples,Household Products,86.38,112.48,85.84,87.03,87.93,87.83,91.01,98.64,0.0,5.23,90.9,84.76
CI,Cigna,Health Care,Health Care Services,294.57,351.85,260.91,299.79,302.38,295.74,295.13,303.31,0.3,5.73,311.45,280.05
CINF,Cincinnati Financial,Financials,Property & Casualty Insurance,156.35,165.69,125.14,158.73,161.39,158.67,154.95,144.73,-0.2,6.3,166.2,151.15
CTAS,Cintas,Industrials,Diversified Support Services,187.45,227.2,181.05,188.67,194.59,198.39,206.38,207.76,0.0,12.18,210.28,186.5
CSCO,Cisco,Information Technology,Communications Equipment,69.52,71.36,52.55,68.71,68.76,68.15,67.92,63.27,0.0,0.79,70.07,66.23
C,Citigroup,Financials,Diversified Banks,99.78,103.49,57.29,97.11,97.32,99.77,97.33,81.39,0.0,5.76,105.53,94.0
CFG,Citizens Financial Group,Financials,Regional Banks,51.7,54.0,33.59,50.97,52.08,52.63,51.18,44.53,0.4,6.34,54.98,50.28
CLX,Clorox,Consumer Staples,Household Products,118.36,165.31,116.82,119.64,120.24,121.38,121.87,134.23,0.0,5.61,125.0,117.76
CME,CME Group,Financials,Financial Exchanges & Data,268.15,288.01,211.73,269.38,266.76,266.22,267.66,261.53,-0.2,2.02,273.57,258.88
CMS,CMS Energy,Utilities,Multi-Utilities,75.31,75.31,63.54,74.12,73.49,72.5,72.25,70.35,0.2,-0.01,75.3,69.71
KO,Coca-Cola Company (The),Consumer Staples,Soft Drinks & Non-alcoholic Beverages,67.08,72.82,59.48,66.96,66.66,66.48,67.66,67.88,0.0,0.4,67.35,65.62
CTSH,Cognizant,Information Technology,IT Consulting & Other Services,66.75,89.65,65.8,66.95,67.36,67.46,69.29,75.72,0.0,3.97,69.4,65.52
COIN,Coinbase,Financials,Financial Exchanges & Data,336.3,419.78,151.47,355.77,368.01,348.82,327.35,277.59,0.0,18.45,398.35,299.29
CL,Colgate-Palmolive,Consumer Staples,Household Products,77.63,99.32,76.98,77.76,77.96,79.08,82.23,87.53,0.0,5.24,81.7,76.46
CMCSA,Comcast,Communication Services,Cable & Satellite,29.72,43.5,29.41,29.73,30.24,30.73,32.01,33.85,-0.2,7.67,32.0,29.45
CAG,Conagra Brands,Consumer Staples,Packaged Foods & Meats,18.34,28.6,18.04,18.42,18.67,18.55,18.93,22.09,0.0,5.02,19.26,17.84
COP,ConocoPhillips,Energy,Oil & Gas Exploration & Production,87.74,110.98,81.29,88.86,91.57,93.17,94.08,93.46,0.0,13.02,99.16,87.18
ED,Consolidated Edison,Utilities,Multi-Utilities,102.29,111.42,85.77,101.65,100.49,99.39,99.6,100.02,0.0,0.68,102.99,95.78
STZ,Constellation Brands,Consumer Staples,Distillers & Vintners,138.89,240.49,131.78,141.17,141.02,137.5,149.14,170.75,0.0,4.67,145.38,129.63
CEG,Constellation Energy,Utilities,Electric Utilities,403.95,403.95,170.52,385.23,373.69,354.26,332.97,288.99,0.2,-1.02,399.83,308.68
COO,Cooper Companies (The),Health Care,Health Care Supplies,68.76,108.56,64.32,69.48,69.64,68.72,69.45,78.48,0.0,3.27,71.01,66.42
CPRT,Copart,Industrials,Diversified Support Services,44.56,63.84,43.88,44.26,44.46,44.82,46.65,52.63,0.0,2.87,45.84,43.8
GLW,Corning Inc.,Information Technology,Electronic Components,86.62,87.19,38.69,85.38,85.04,82.68,74.36,55.25,0.0,1.82,88.2,77.16
CPAY,Corpay,Financials,Transaction & Payment Processing Services,287.78,389.55,280.11,286.21,287.64,291.84,305.96,332.4,0.2,5.78,304.41,279.29
CTVA,Corteva,Materials,Fertilizers & Agricultural Chemicals,61.91,76.93,54.65,62.37,63.17,65.71,69.7,66.46,-0.2,16.51,72.13,59.28
CSGP,CoStar Group,Real Estate,Real Estate Services,75.19,96.83,69.29,75.84,78.87,81.99,86.44,80.69,0.0,20.12,90.32,73.66
COST,Costco,Consumer Staples,Consumer Staples Merchandise Retail,954.99,1073.97,869.72,941.99,928.27,931.87,951.94,970.55,0.0,0.72,961.87,901.85
CTRA,Coterra,Energy,Oil & Gas Exploration & Production,23.2,29.06,21.94,23.19,23.5,23.57,23.82,25.27,0.0,5.3,24.43,22.72
CRWD,CrowdStrike,Information Technology,Systems Software,489.02,514.1,296.87,497.87,496.66,492.93,453.37,426.82,-0.2,4.97,513.32,472.56
CCI,Crown Castle,Real Estate,Telecom Tower REITs,98.06,112.64,81.15,97.13,96.21,95.43,97.22,96.49,-0.2,0.16,98.22,92.65
CSX,CSX Corporation,Industrials,Rail Transportation,36.24,36.37,26.47,35.9,35.93,35.04,34.33,32.04,0.2,2.84,37.27,32.82
CMI,Cummins,Industrials,Construction Machinery & Heavy Transportation Equipment,423.39,438.88,264.26,417.76,426.36,423.96,408.97,350.38,-0.2,3.85,439.69,408.24
CVS,CVS Health,Health Care,Health Care Services,80.67,80.67,42.33,78.68,77.92,76.74,73.1,64.41,0.2,-0.97,79.89,73.59
DHR,Danaher Corporation,Health Care,Life Sciences Tools & Services,206.1,272.73,174.06,204.87,207.51,199.56,200.68,203.54,0.0,6.86,220.24,178.89
DRI,Darden Restaurants,Consumer Discretionary,Restaurants,188.36,222.41,152.33,185.35,187.84,187.5,198.71,198.21,-0.2,2.95,193.92,181.09
DDOG,Datadog,Information Technology,Application Software,160.02,168.65,87.0,161.58,158.73,149.57,139.58,127.1,0.2,6.36,170.2,128.93
DVA,DaVita,Health Care,Health Care Services,126.0,177.35,123.91,125.38,127.72,129.63,132.42,144.31,-0.2,7.45,135.39,123.87
DAY,Dayforce,Industrials,Human Resource & Employment Services,68.28,81.8,49.33,68.3,68.6,68.73,66.16,61.84,0.2,1.46,69.28,68.18
DECK,Deckers Brands,Consumer Discretionary,Footwear,96.44,223.11,95.07,97.59,99.64,103.98,108.93,126.25,-0.2,20.22,115.94,92.02
DE,Deere & Company,Industrials,Agricultural & Farm Machinery,448.46,527.96,384.05,447.62,454.24,459.49,474.63,478.21,-0.2,6.37,477.03,441.97
DELL,Dell Technologies,Information Technology,"Technology Hardware, Storage & Peripherals",153.7,164.53,70.88,152.48,151.17,143.24,135.45,114.4,0.2,6.04,162.98,123.5
DAL,Delta Air Lines,Industrials,Passenger Airlines,61.7,68.45,35.65,59.75,58.51,58.21,58.92,54.16,0.2,-0.79,61.21,55.2
DVN,Devon Energy,Energy,Oil & Gas Exploration & Production,32.61,41.71,26.43,33.08,33.91,34.51,34.36,33.36,0.2,12.63,36.73,32.29
DXCM,Dexcom,Health Care,Health Care Equipment,65.41,90.75,59.83,66.0,66.37,67.37,73.81,78.93,0.0,9.78,71.81,62.92
FANG,Diamondback Energy,Energy,Oil & Gas Exploration & Production,141.94,185.79,117.58,141.98,144.77,143.89,142.06,145.67,-0.1,5.85,150.24,137.55
DLR,Digital Realty,Real Estate,Data Center REITs,175.2,190.11,134.22,172.47,173.87,173.01,169.28,164.4,-0.2,1.19,177.28,168.74
DG,Dollar General,Consumer Staples,Consumer Staples Merchandise Retail,106.32,115.62,67.25,101.96,100.23,101.3,106.52,94.2,0.2,0.21,106.54,96.06
DLTR,Dollar Tree,Consumer Staples,Consumer Staples Merchandise Retail,95.97,117.16,61.21,92.15,90.15,92.4,101.77,88.54,0.2,3.66,99.48,85.33
D,Dominion Energy,Utilities,Multi-Utilities,61.69,61.69,48.51,61.16,61.13,60.79,60.21,55.67,0.0,0.58,62.05,59.54
DPZ,Domino's,Consumer Discretionary,Restaurants,417.46,493.69,397.61,412.33,416.74,422.66,439.0,452.83,0.0,5.57,440.71,404.6
DASH,DoorDash,Consumer Discretionary,Specialized Consumer Services,272.61,281.74,148.87,271.63,273.9,269.91,259.57,216.43,0.0,3.32,281.66,258.17
DOV,Dover Corporation,Industrials,Industrial Machinery & Supplies & Components,162.66,204.71,150.28,162.02,163.93,166.18,172.65,180.08,-0.2,5.99,172.4,159.94
DOW,Dow Inc.,Materials,Commodity Chemicals,22.2,49.76,20.57,21.65,22.43,22.75,23.22,29.39,0.0,9.86,24.39,21.12
DHI,D. R. Horton,Consumer Discretionary,Homebuilding,155.24,192.41,114.44,153.51,160.53,164.26,166.83,139.23,-0.2,15.16,178.77,149.74
DTE,DTE Energy,Utilities,Multi-Utilities,142.46,142.46,113.22,140.94,140.97,139.64,137.95,131.57,0.2,1.0,143.88,135.39
DUK,Duke Energy,Utilities,Electric Utilities,128.67,128.67,102.96,126.86,125.46,123.93,123.15,116.68,0.4,-0.26,128.34,119.53
DD,DuPont,Materials,Specialty Chemicals,78.53,85.06,54.51,76.72,78.24,77.7,76.11,72.69,0.0,3.48,81.26,74.14
EMN,Eastman Chemical Company,Materials,Specialty Chemicals,60.67,106.01,58.06,60.1,61.73,62.65,64.49,78.16,-0.2,9.59,66.49,58.82
ETN,Eaton Corporation,Industrials,Electrical Components & Equipment,381.72,391.62,244.95,375.54,375.56,373.3,362.17,329.48,0.0,0.17,382.37,364.24
EBAY,eBay Inc.,Consumer Discretionary,Broadline Retail,90.87,100.46,56.61,89.99,90.74,90.85,92.89,75.77,-0.2,3.36,93.92,87.79
ECL,Ecolab,Materials,Specialty Chemicals,273.7,284.78,224.56,272.31,275.22,271.86,273.84,258.9,-0.2,2.77,281.28,262.45
EIX,Edison International,Utilities,Electric Utilities,56.74,83.47,46.84,54.33,54.09,54.21,54.36,54.01,0.0,-0.85,56.26,52.17
EW,Edwards Lifesciences,Health Care,Health Care Equipment,72.93,81.83,65.75,73.67,75.11,75.29,77.65,74.85,-0.2,7.2,78.18,72.4
EA,Electronic Arts,Communication Services,Interactive Home Entertainment,200.75,202.05,116.08,200.26,200.35,191.58,179.26,152.28,-0.2,8.67,218.16,165.01
ELV,Elevance Health,Health Care,Managed Health Care,349.49,499.89,273.17,352.55,352.33,336.58,317.92,366.34,0.1,5.87,370.01,303.16
EME,Emcor,Industrials,Construction & Engineering,690.64,695.03,341.64,677.27,673.92,656.89,635.06,504.23,0.0,1.06,697.96,615.8
EMR,Emerson Electric,Industrials,Electrical Components & Equipment,130.27,149.04,93.37,129.15,131.28,131.18,132.05,123.75,-0.2,3.91,135.36,126.99
ETR,Entergy,Utilities,Electric Utilities,97.65,97.65,64.05,96.18,96.0,93.54,90.79,84.1,0.2,1.79,99.4,87.69
EOG,EOG Resources,Energy,Oil & Gas Exploration & Production,108.63,134.72,102.81,109.49,110.01,112.68,116.82,118.91,0.0,9.6,119.06,106.29
EPAM,EPAM Systems,Information Technology,IT Consulting & Other Services,142.97,267.63,142.38,145.91,148.99,151.41,158.6,182.27,-0.4,11.51,159.43,143.4
EQT,EQT Corporation,Energy,Oil & Gas Exploration & Production,55.44,60.26,35.15,54.09,55.3,53.93,52.4,52.48,-0.1,5.86,58.69,49.17
EFX,Equifax,Industrials,Research & Consulting Services,229.64,289.1,204.69,229.4,233.1,244.66,246.47,250.7,-0.2,17.08,268.86,220.46
EQIX,Equinix,Real Estate,Data Center REITs,822.24,968.75,731.64,810.98,798.68,793.33,783.9,833.3,0.1,-0.26,820.1,766.52
EQR,Equity Residential,Real Estate,Multi-Family Residential REITs,62.09,74.44,60.55,62.01,62.38,63.38,63.79,66.62,0.0,5.62,65.58,61.19
ERIE,Erie Indemnity,Financials,Insurance Brokers,318.4,525.27,310.72,320.75,319.81,317.36,335.13,368.65,0.0,2.3,325.72,308.99
ESS,Essex Property Trust,Real Estate,Multi-Family Residential REITs,257.15,305.43,249.65,257.8,260.29,262.46,261.03,274.92,0.1,4.57,268.9,256.01
EL,Estée Lauder Companies (The),Consumer Staples,Personal Care Products,95.27,95.76,49.61,92.93,91.85,89.44,89.42,75.79,0.0,1.03,96.25,82.62
EG,Everest Group,Financials,Reinsurance,348.55,392.1,324.54,350.95,354.91,349.05,342.87,344.38,-0.1,5.02,366.05,332.05
EVRG,Evergy,Utilities,Electric Utilities,78.65,78.65,57.24,77.68,77.41,75.59,73.28,67.46,0.0,1.67,79.96,71.22
ES,Eversource Energy,Utilities,Electric Utilities,72.24,73.49,52.98,71.71,72.19,70.45,66.57,61.69,0.0,4.43,75.44,65.46
EXC,Exelon,Utilities,Electric Utilities,47.83,47.83,35.25,47.16,46.52,45.29,44.55,42.98,0.0,0.71,48.17,42.41
EXE,Expand Energy,Energy,Oil & Gas Exploration & Production,103.17,120.67,80.65,102.99,105.57,104.38,99.36,103.57,-0.3,7.99,111.41,97.35
EXPE,Expedia Group,Consumer Discretionary,"Hotels, Resorts & Cruise Lines",218.43,228.24,136.05,216.87,217.36,218.54,213.81,183.37,0.2,3.53,226.14,210.95
EXPD,Expeditors International,Industrials,Air Freight & Logistics,117.35,125.62,102.14,115.61,119.13,120.35,120.69,115.12,0.0,7.82,126.53,114.18
EXR,Extra Space Storage,Real Estate,Self-Storage REITs,149.19,165.33,123.86,145.42,143.83,141.81,140.67,143.9,0.3,-1.01,147.68,135.93
XOM,ExxonMobil,Energy,Integrated Oil & Gas,111.61,119.75,98.11,111.96,112.68,113.29,111.33,108.29,0.0,4.22,116.32,110.27
FFIV,"F5, Inc.",Information Technology,Communications Equipment,330.75,343.17,213.57,337.73,334.32,330.25,323.51,291.85,0.4,3.83,343.42,317.07
FDS,FactSet,Financials,Financial Exchanges & Data,283.95,490.93,275.01,284.38,281.95,285.88,337.21,415.56,-0.2,4.71,297.32,274.42
FICO,Fair Isaac,Information Technology,Application Software,1636.65,2382.4,1311.26,1662.03,1737.02,1629.41,1518.08,1743.51,0.1,14.95,1881.33,1377.51
FAST,Fastenal,Industrials,Trading Companies & Distributors,42.24,50.39,35.0,43.96,45.86,46.91,48.0,41.77,-0.2,20.57,50.93,42.9
FRT,Federal Realty Investment Trust,Real Estate,Retail REITs,98.22,112.47,81.67,97.05,97.76,98.28,97.33,96.33,0.2,2.17,100.35,96.22
FDX,FedEx,Industrials,Air Freight & Logistics,235.8,298.15,195.55,232.35,237.8,236.0,230.72,234.18,0.1,4.86,247.26,224.74
FIS,Fidelity National Information Services,Financials,Transaction & Payment Processing Services,66.56,89.09,63.37,67.41,67.4,66.19,67.91,74.23,0.4,4.0,69.22,63.16
FITB,Fifth Third Bancorp,Financials,Regional Banks,42.92,46.72,32.73,42.76,43.34,44.14,43.93,40.64,0.0,7.78,46.26,42.03
FSLR,First Solar,Information Technology,Semiconductors,244.4,244.4,120.38,231.04,230.63,224.72,208.69,169.38,0.2,-1.69,240.27,209.18
FE,FirstEnergy,Utilities,Electric Utilities,47.69,47.69,37.17,47.15,46.66,45.57,44.31,41.01,0.0,1.36,48.34,42.79
FI,Fiserv,Financials,Transaction & Payment Processing Services,121.11,237.79,121.11,123.27,124.79,127.36,132.4,177.72,-0.2,10.41,133.72,120.99
F,Ford Motor Company,Consumer Discretionary,Automobile Manufacturers,11.76,12.7,8.45,11.57,11.91,11.87,11.68,10.36,0.0,6.97,12.58,11.17
FTNT,Fortinet,Information Technology,Systems Software,83.58,114.57,74.39,84.02,84.99,84.52,81.27,96.35,-0.1,4.37,87.23,81.81
FTV,Fortive,Industrials,Industrial Machinery & Supplies & Components,48.49,62.32,46.49,48.64,49.29,48.97,48.37,53.08,-0.1,4.12,50.49,47.46
FOXA,Fox Corporation (Class A),Communication Services,Broadcasting,57.55,63.06,41.16,57.98,59.7,60.54,59.21,54.5,0.2,11.21,64.0,57.08
FOX,Fox Corporation (Class B),Communication Services,Broadcasting,51.6,57.29,37.82,51.94,53.52,54.48,53.65,50.26,0.2,12.21,57.9,51.06
BEN,Franklin Resources,Financials,Asset Management & Custody Banks,22.79,25.67,16.21,22.97,23.17,23.27,24.16,21.34,-0.2,6.14,24.19,22.36
FCX,Freeport-McMoRan,Materials,Copper,41.71,48.15,28.93,42.13,41.3,40.88,42.54,39.82,0.0,12.4,46.88,34.88
GRMN,Garmin,Consumer Discretionary,Consumer Electronics,249.43,259.77,159.13,250.93,254.32,247.49,239.52,215.87,0.2,6.09,264.62,230.36
IT,Gartner,Information Technology,IT Consulting & Other Services,236.79,551.8,225.98,242.57,247.3,253.24,246.88,391.79,-0.1,13.93,269.77,236.71
GE,GE Aerospace,Industrials,Aerospace & Defense,300.12,305.26,158.97,297.71,298.75,298.88,284.61,232.94,0.0,1.68,305.16,292.61
GEHC,GE HealthCare,Health Care,Health Care Equipment,73.22,93.39,58.69,72.53,74.2,74.1,74.35,76.46,-0.2,5.67,77.37,70.83
GEV,GE Vernova,Industrials,Heavy Electrical Equipment,615.95,664.55,265.84,629.49,618.34,618.08,619.24,466.25,0.0,5.45,649.52,586.61
GEN,Gen Digital,Information Technology,Systems Software,27.04,32.03,23.31,26.83,27.23,27.98,29.31,28.02,-0.2,9.76,29.68,26.28
GNRC,Generac,Industrials,Electrical Components & Equipment,191.67,202.85,101.92,178.32,172.97,172.48,182.62,148.74,0.2,-1.59,188.62,156.33
GD,General Dynamics,Industrials,Aerospace & Defense,332.04,344.98,238.33,335.23,338.96,333.1,324.65,284.13,-0.2,5.28,349.57,316.63
GIS,General Mills,Consumer Staples,Packaged Foods & Meats,47.74,68.11,47.74,48.48,49.08,49.34,49.15,53.51,-0.1,6.22,50.71,47.98
GM,General Motors,Consumer Discretionary,Automobile Manufacturers,57.8,61.34,42.24,56.37,57.32,58.7,57.68,51.08,0.4,8.11,62.49,54.92
GPC,Genuine Parts Company,Consumer Discretionary,Distributors,133.55,142.77,103.92,132.15,134.9,136.47,136.98,123.98,-0.2,6.55,142.3,130.64
GILD,Gilead Sciences,Health Care,Biotechnology,118.3,119.64,82.59,117.78,116.08,114.35,114.52,106.82,0.0,1.22,119.74,108.95
GPN,Global Payments,Financials,Transaction & Payment Processing Services,86.1,118.08,67.06,85.36,86.5,86.08,85.96,88.82,-0.3,3.52,89.13,83.02
GL,Globe Life,Financials,Life & Health Insurance,138.1,146.27,102.63,137.38,136.93,140.29,139.94,126.42,0.2,6.96,147.71,132.86
GDDY,GoDaddy,Information Technology,Internet Services & Infrastructure,130.24,214.35,130.24,131.88,133.62,137.73,142.28,172.55,-0.2,13.95,148.41,127.06
GS,Goldman Sachs,Financials,Investment Banking & Brokerage,767.93,806.32,457.48,773.96,780.21,789.95,762.07,643.94,-0.2,6.24,815.85,764.06
HAL,Halliburton,Energy,Oil & Gas Equipment & Services,22.39,31.1,18.96,22.54,23.39,23.72,22.49,22.87,-0.3,15.23,25.8,21.64
HIG,Hartford (The),Financials,Property & Casualty Insurance,128.66,134.7,105.0,129.55,131.35,131.67,131.32,122.09,0.2,4.74,134.76,128.58
HAS,Hasbro,Consumer Discretionary,Leisure Products,74.13,81.85,49.75,73.05,74.15,74.68,77.27,66.55,0.0,4.18,77.23,72.12
HCA,HCA Healthcare,Health Care,Health Care Facilities,420.25,437.57,294.93,416.67,423.7,419.04,407.08,358.92,0.2,4.26,438.15,399.94
DOC,Healthpeak Properties,Real Estate,Health Care REITs,18.51,21.7,16.44,18.22,18.69,18.73,17.99,18.19,-0.3,5.62,19.55,17.92
HSIC,Henry Schein,Health Care,Health Care Distributors,63.25,81.91,62.7,63.48,64.61,65.85,67.19,70.24,0.0,9.79,69.44,62.27
HSY,Hershey Company (The),Consumer Staples,Packaged Foods & Meats,191.6,195.56,141.22,190.99,192.42,190.54,186.11,169.62,-0.2,2.68,196.73,184.35
HPE,Hewlett Packard Enterprise,Information Technology,"Technology Hardware, Storage & Peripherals",25.04,26.25,12.35,25.1,25.02,24.83,23.39,19.73,0.0,3.59,25.94,23.71
HLT,Hilton Worldwide,Consumer Discretionary,"Hotels, Resorts & Cruise Lines",265.11,278.5,201.05,263.3,261.27,262.13,267.85,252.9,0.2,1.4,268.82,255.43
HOLX,Hologic,Health Care,Health Care Equipment,67.0,83.72,52.73,66.96,67.44,67.25,67.06,64.49,0.0,2.94,68.97,65.53
HD,Home Depot (The),Consumer Discretionary,Home Improvement Retail,388.3,423.6,331.29,381.77,385.88,397.56,402.21,378.37,-0.2,9.13,423.75,371.37
HON,Honeywell,Industrials,Industrial Conglomerates,202.5,239.16,180.99,203.83,206.71,207.97,213.0,215.08,-0.2,5.49,213.62,202.33
HRL,Hormel Foods,Consumer Staples,Packaged Foods & Meats,23.65,32.19,23.26,23.55,23.77,24.06,25.66,28.27,0.0,5.16,24.87,23.25
HST,Host Hotels & Resorts,Real Estate,Hotel & Resort REITs,16.57,18.04,12.39,16.24,16.45,16.82,16.64,15.58,0.0,6.88,17.71,15.92
HWM,Howmet Aerospace,Industrials,Aerospace & Defense,192.27,196.23,99.44,189.64,190.21,191.31,183.38,156.14,-0.2,2.05,196.21,186.41
HPQ,HP Inc.,Information Technology,"Technology Hardware, Storage & Peripherals",28.61,37.77,21.42,27.4,27.03,27.27,27.27,27.39,-0.2,1.12,28.93,25.61
HUBB,Hubbell Incorporated,Industrials,Industrial Machinery & Supplies & Components,434.05,466.13,313.96,421.51,418.96,425.45,430.32,396.32,0.0,2.39,444.42,406.46
HUM,Humana,Health Care,Managed Health Care,262.17,310.91,219.64,273.12,279.44,267.81,278.45,259.89,-0.2,14.36,299.82,235.81
HBAN,Huntington Bancshares,Financials,Regional Banks,16.21,17.87,12.26,16.08,16.44,16.92,16.98,15.87,-0.2,11.84,18.13,15.72
HII,Huntington Ingalls Industries,Industrials,Aerospace & Defense,284.96,291.94,156.78,286.79,286.51,282.4,274.44,228.21,0.2,3.16,293.96,270.85
IBM,IBM,Information Technology,IT Consulting & Other Services,280.75,293.87,199.27,280.03,284.8,280.24,259.83,253.77,0.2,5.67,296.67,263.82
IEX,IDEX Corporation,Industrials,Industrial Machinery & Supplies & Components,163.19,232.54,156.86,162.8,164.23,162.4,162.56,179.31,0.0,2.59,167.42,157.39
IDXX,Idexx Laboratories,Health Care,Health Care Equipment,639.15,682.78,361.04,630.86,630.43,633.78,640.24,513.56,0.0,2.5,655.13,612.42
ITW,Illinois Tool Works,Industrials,Industrial Machinery & Supplies & Components,247.69,271.83,215.75,246.69,252.14,255.83,259.11,250.21,-0.2,7.88,267.21,244.45
INCY,Incyte,Health Care,Biotechnology,88.15,88.15,55.17,85.48,86.03,85.3,84.69,71.62,0.0,0.37,88.48,82.13
IR,Ingersoll Rand,Industrials,Industrial Machinery & Supplies & Components,76.67,105.27,66.72,76.92,79.85,80.86,79.76,82.54,0.1,12.01,85.88,75.83
PODD,Insulet Corporation,Health Care,Health Care Equipment,312.45,352.82,229.13,316.04,314.22,318.17,324.48,292.11,-0.2,7.24,335.07,301.25
INTC,Intel,Information Technology,Semiconductors,37.15,37.8,18.13,36.83,36.95,34.62,28.08,23.07,0.0,9.23,40.58,28.67
IBKR,Interactive Brokers,Financials,Investment Banking & Brokerage,69.77,72.62,35.97,70.26,70.36,68.26,65.22,54.13,-0.2,5.25,73.43,63.09
ICE,Intercontinental Exchange,Financials,Financial Exchanges & Data,157.46,187.92,141.62,158.26,159.53,163.83,172.2,169.83,0.0,10.03,173.25,154.39
IFF,International Flavors & Fragrances,Materials,Specialty Chemicals,61.93,103.8,59.55,60.68,61.09,61.35,63.69,73.93,0.2,2.23,63.31,59.38
IP,International Paper,Materials,Paper & Plastic Packaging Products & Materials,46.94,58.45,43.05,46.27,46.37,46.27,47.04,49.34,0.0,0.77,47.3,45.24
IPG,Interpublic Group of Companies (The),Communication Services,Advertising,27.04,30.52,22.33,26.52,26.67,26.5,26.26,25.39,-0.2,2.33,27.67,25.33
INTU,Intuit,Information Technology,Application Software,652.69,805.92,541.4,650.45,659.38,674.41,680.69,664.34,-0.2,8.96,711.17,637.64
ISRG,Intuitive Surgical,Health Care,Health Care Equipment,435.61,610.45,429.59,436.22,441.52,441.49,456.16,513.74,0.0,3.92,452.69,430.28
IVZ,Invesco,Financials,Asset Management & Custody Banks,23.6,24.13,11.86,23.34,23.66,23.15,22.19,17.52,0.0,3.56,24.44,21.86
INVH,Invitation Homes,Real Estate,Single-Family Residential REITs,28.42,34.81,27.94,28.22,28.3,28.74,29.53,31.45,0.0,4.54,29.71,27.76
IQV,IQVIA,Health Care,Life Sciences Tools & Services,203.12,236.69,137.0,202.56,203.03,194.7,190.06,177.2,0.2,5.64,214.58,174.81
IRM,Iron Mountain,Real Estate,Other Specialized REITs,105.76,124.18,75.72,103.62,104.38,102.94,96.61,94.92,0.0,1.4,107.24,98.63
JBHT,J.B. Hunt,Industrials,Cargo Ground Transportation,138.83,195.43,123.94,139.21,139.64,136.4,140.0,147.85,-0.2,4.11,144.54,128.26
JBL,Jabil,Information Technology,Electronic Manufacturing Services,206.88,234.45,116.78,201.21,203.52,212.42,212.55,179.39,0.0,13.43,234.66,190.18
JKHY,Jack Henry & Associates,Financials,Transaction & Payment Processing Services,154.46,189.99,146.26,152.33,150.1,150.23,156.85,170.46,0.2,0.49,155.22,145.25
J,Jacobs Solutions,Industrials,Construction & Engineering,160.63,160.63,109.18,155.83,155.54,152.25,148.99,132.92,0.4,-0.35,160.07,144.44
JNJ,Johnson & Johnson,Health Care,Pharmaceuticals,191.17,191.17,138.72,190.94,189.61,184.22,179.23,160.19,0.0,2.86,196.64,171.8
JCI,Johnson Controls,Industrials,Building Products,110.82,111.73,70.88,107.67,108.21,108.16,107.11,94.25,0.2,-0.01,110.81,105.51
JPM,JPMorgan Chase,Financials,Diversified Banks,305.69,314.53,208.26,304.43,305.77,309.02,301.01,268.66,-0.2,3.65,316.85,301.2
K,Kellanova,Consumer Staples,Packaged Foods & Meats,82.79,82.95,76.96,82.85,82.81,80.8,79.93,80.27,-0.1,3.76,85.9,75.71
KVUE,Kenvue,Consumer Staples,Personal Care Products,16.26,24.0,15.69,16.42,16.16,16.51,18.81,21.15,-0.2,10.15,17.91,15.1
KDP,Keurig Dr Pepper,Consumer Staples,Soft Drinks & Non-alcoholic Beverages,26.93,35.85,25.3,26.34,25.95,25.96,28.88,31.68,0.2,0.3,27.01,24.9
KEY,KeyCorp,Financials,Regional Banks,17.73,19.23,12.92,17.74,18.08,18.45,18.48,16.77,0.0,9.7,19.45,17.45
KEYS,Keysight Technologies,Information Technology,Electronic Equipment & Instruments,164.84,185.11,127.02,164.72,168.77,172.01,168.49,161.84,0.2,10.45,182.07,161.96
KMB,Kimberly-Clark,Consumer Staples,Household Products,119.92,144.6,119.27,119.7,120.62,122.12,126.89,130.37,-0.2,5.03,125.95,118.28
KIM,Kimco Realty,Real Estate,Retail REITs,21.71,24.65,18.27,21.23,21.32,21.53,21.67,21.06,-0.2,2.07,22.16,20.91
KMI,Kinder Morgan,Energy,Oil & Gas Storage & Transportation,27.61,30.24,23.42,27.38,27.76,27.82,27.24,27.15,0.0,3.77,28.65,26.98
KKR,KKR & Co.,Financials,Asset Management & Custody Banks,124.46,166.38,92.52,122.55,124.14,131.67,137.34,131.81,-0.2,21.12,150.75,112.58
KLAC,KLA Corporation,Information Technology,Semiconductor Materials & Equipment,1087.01,1139.71,573.9,1034.79,1070.18,1069.97,972.96,814.11,0.0,5.32,1144.84,995.14
KHC,Kraft Heinz,Consumer Staples,Packaged Foods & Meats,25.19,34.07,25.04,25.19,25.38,25.79,26.48,27.48,-0.2,6.63,26.86,24.73
KR,Kroger,Consumer Staples,Food Retail,69.1,73.97,54.16,68.14,67.32,66.57,68.3,66.86,-0.2,0.04,69.13,64.02
LHX,L3Harris,Industrials,Aerospace & Defense,289.72,306.76,191.79,294.73,297.84,294.26,282.24,239.43,0.2,6.63,308.93,279.59
LH,Labcorp,Health Care,Health Care Services,282.75,287.06,211.06,278.97,278.34,279.08,275.75,251.75,0.0,0.59,284.42,273.74
LRCX,Lam Research,Information Technology,Semiconductor Materials & Equipment,144.78,149.15,58.83,138.65,141.81,136.35,117.17,90.67,0.0,4.22,150.89,121.81
LW,Lamb Weston,Consumer Staples,Packaged Foods & Meats,63.98,80.72,47.73,64.06,63.61,59.77,57.17,55.09,0.2,6.64,68.23,51.31
LVS,Las Vegas Sands,Consumer Discretionary,Casinos & Gaming,49.03,57.71,30.35,49.0,50.84,52.26,53.5,45.41,-0.2,15.99,56.87,47.66
LDOS,Leidos,Industrials,Diversified Support Services,186.57,199.29,125.82,188.37,192.36,189.7,183.68,155.52,-0.2,6.57,198.83,180.57
LEN,Lennar,Consumer Discretionary,Homebuilding,122.44,179.83,101.41,119.77,122.33,124.05,128.63,118.45,0.0,7.64,131.79,116.3
LII,Lennox International,Industrials,Building Products,526.99,672.47,505.24,528.18,538.84,533.57,556.95,577.99,0.2,5.56,556.29,510.82
LLY,Lilly (Eli),Health Care,Pharmaceuticals,826.57,925.78,624.28,829.43,834.13,792.7,746.15,783.75,0.1,7.34,887.24,698.18
LIN,Linde plc,Materials,Industrial Gases,451.42,483.59,408.92,455.86,462.23,468.78,472.88,457.43,-0.4,7.6,485.73,451.85
LYV,Live Nation Entertainment,Communication Services,Movies & Entertainment,155.23,174.06,114.41,153.53,154.18,158.6,161.75,144.67,-0.2,8.36,168.21,148.99
LKQ,LKQ Corporation,Consumer Discretionary,Distributors,29.75,43.02,28.68,29.34,29.98,30.25,30.93,36.49,-0.2,6.42,31.66,28.84
LMT,Lockheed Martin,Industrials,Aerospace & Defense,499.41,597.79,407.77,504.25,506.44,496.31,467.82,458.35,0.2,4.32,520.98,471.63
L,Loews Corporation,Financials,Multi-line Insurance,100.31,103.05,76.29,101.47,101.91,100.34,97.66,89.9,0.2,3.89,104.21,96.48
LOW,Lowe's,Consumer Discretionary,Home Improvement Retail,241.53,278.66,209.46,236.73,239.65,248.6,254.58,237.11,-0.2,11.52,269.35,227.86
LULU,Lululemon Athletica,Consumer Discretionary,"Apparel, Accessories & Luxury Goods",167.1,421.16,159.87,169.41,172.3,173.56,182.53,274.84,0.2,8.32,181.0,166.11
LYB,LyondellBasell,Materials,Specialty Chemicals,46.76,86.1,44.91,46.45,47.76,49.0,51.64,60.05,-0.2,12.92,52.8,45.21
MTB,M&T Bank,Financials,Regional Banks,185.03,215.8,154.27,184.73,188.15,193.65,194.22,185.45,-0.2,11.64,206.57,180.74
MPC,Marathon Petroleum,Energy,Oil & Gas Refining & Marketing,183.83,198.69,117.23,183.76,187.79,189.82,179.24,158.32,-0.2,8.61,199.66,179.98
MAR,Marriott International,Consumer Discretionary,"Hotels, Resorts & Cruise Lines",266.19,302.22,210.04,264.75,266.51,264.98,265.28,263.06,-0.2,1.89,271.22,258.75
MMC,Marsh McLennan,Financials,Insurance Brokers,203.85,242.13,195.27,205.85,203.99,200.93,202.81,216.33,-0.2,2.24,208.42,193.45
MLM,Martin Marietta Materials,Materials,Construction Materials,639.16,656.85,451.25,640.16,636.55,626.99,617.67,548.5,0.2,1.81,650.73,603.24
MAS,Masco,Industrials,Building Products,67.51,84.25,58.18,66.82,68.16,69.63,71.72,68.89,-0.2,9.09,73.65,65.61
MA,Mastercard,Financials,Transaction & Payment Processing Services,562.81,598.17,477.88,562.4,570.11,571.51,579.39,556.32,0.0,4.41,587.63,555.4
MTCH,Match Group,Communication Services,Interactive Media & Services,32.87,38.56,26.72,32.27,33.06,34.68,36.23,32.46,-0.2,17.37,38.58,30.79
MKC,McCormick & Company,Consumer Staples,Packaged Foods & Meats,65.3,83.15,63.86,65.57,66.23,65.77,67.79,73.01,0.0,4.47,68.22,63.32
MCD,McDonald's,Consumer Discretionary,Restaurants,305.25,317.67,275.0,300.15,298.84,300.87,305.57,300.82,0.2,0.85,307.84,293.88
MCK,McKesson Corporation,Health Care,Health Care Distributors,791.93,791.93,496.98,772.97,760.88,749.63,712.05,678.91,-0.2,1.38,802.86,696.44
MDT,Medtronic,Health Care,Health Care Equipment,95.34,98.43,78.03,95.88,96.72,95.79,93.88,88.41,0.0,3.24,98.43,93.15
MRK,Merck & Co.,Health Care,Pharmaceuticals,84.11,107.55,72.03,85.6,86.95,84.07,83.22,83.86,0.1,9.4,92.02,76.11
META,Meta Platforms,Communication Services,Interactive Media & Services,717.55,789.47,483.96,716.14,716.49,734.57,749.13,670.74,-0.2,8.77,780.48,688.67
MET,MetLife,Financials,Life & Health Insurance,81.62,86.38,67.4,81.42,81.79,81.32,79.95,79.01,0.0,2.36,83.55,79.09
MTD,Mettler Toledo,Health Care,Life Sciences Tools & Services,1304.0,1456.89,970.15,1294.6,1307.05,1275.17,1281.1,1220.77,-0.2,4.17,1358.38,1192.02
MGM,MGM Resorts,Consumer Discretionary,Casinos & Gaming,32.17,41.99,25.79,31.98,32.8,33.97,35.52,33.98,-0.2,14.83,36.94,31.01
MCHP,Microchip Technology,Information Technology,Semiconductors,65.21,76.79,34.83,64.09,65.16,65.03,65.06,59.28,-0.2,3.93,67.77,62.3
MU,Micron Technology,Information Technology,Semiconductors,191.94,196.54,64.62,189.14,189.04,177.06,147.44,110.21,0.0,6.07,203.59,150.51
MSFT,Microsoft,Information Technology,Systems Software,513.43,534.76,353.33,514.88,518.49,515.79,512.35,454.01,0.0,2.68,527.19,504.41
MAA,Mid-America Apartment Communities,Real Estate,Multi-Family Residential REITs,132.0,167.59,132.0,133.95,135.08,137.48,140.22,150.16,-0.2,8.24,142.88,132.08
MRNA,Moderna,Health Care,Biotechnology,27.72,57.73,23.51,27.01,27.47,26.58,25.95,29.85,-0.1,4.44,28.95,24.2
MHK,Mohawk Industries,Consumer Discretionary,Home Furnishings,127.45,161.25,97.99,121.9,123.9,126.35,128.97,116.34,0.0,5.37,134.29,118.41
MOH,Molina Healthcare,Health Care,Managed Health Care,192.39,353.24,152.31,195.19,197.89,192.37,179.93,262.09,0.1,7.86,207.51,177.22
TAP,Molson Coors Beverage Company,Consumer Staples,Brewers,46.37,61.78,44.09,46.22,46.11,45.77,48.24,52.74,-0.2,1.85,47.23,44.3
MDLZ,Mondelez International,Consumer Staples,Packaged Foods & Meats,61.66,70.19,54.9,61.48,61.79,62.34,61.86,63.23,0.1,3.55,63.85,60.82
MPWR,Monolithic Power Systems,Information Technology,Semiconductors,1007.93,1007.93,453.43,968.31,958.54,932.72,876.6,705.05,0.4,-0.48,1003.09,862.37
MNST,Monster Beverage,Consumer Staples,Soft Drinks & Non-alcoholic Beverages,68.65,69.62,46.16,68.61,68.18,66.78,64.77,59.09,0.0,2.42,70.31,63.24
MCO,Moody's Corporation,Financials,Financial Exchanges & Data,478.51,524.53,395.22,482.01,483.92,481.44,498.86,481.88,0.0,2.86,492.2,470.68
MS,Morgan Stanley,Financials,Investment Banking & Brokerage,162.65,162.65,98.35,156.25,156.38,157.92,152.43,133.33,-0.2,0.25,163.06,152.78
MOS,Mosaic Company (The),Materials,Fertilizers & Agricultural Chemicals,29.79,37.55,22.47,30.9,32.93,33.71,33.05,30.75,-0.2,25.51,37.39,30.03
MSI,Motorola Solutions,Information Technology,Communications Equipment,438.94,499.65,392.79,453.95,454.86,458.86,464.06,437.9,-0.4,8.47,476.12,441.62
MSCI,MSCI Inc.,Financials,Financial Exchanges & Data,549.4,630.0,503.37,551.32,557.83,560.82,562.84,564.0,0.0,4.71,575.28,546.36
NDAQ,"Nasdaq, Inc.",Financials,Financial Exchanges & Data,89.62,96.67,66.01,89.77,89.03,88.63,92.15,83.63,0.0,1.51,90.97,86.29
NTAP,NetApp,Information Technology,"Technology Hardware, Storage & Peripherals",121.47,128.5,75.4,119.03,119.36,120.37,116.25,105.67,0.0,3.56,125.79,114.94
NFLX,Netflix,Communication Services,Movies & Entertainment,1203.29,1339.13,687.65,1217.76,1197.33,1202.65,1213.06,1105.6,0.0,3.67,1247.45,1157.9
NEM,Newmont,Materials,Gold,93.58,93.58,36.49,88.77,88.1,85.83,78.0,57.12,0.2,-1.42,92.25,79.41
NWSA,News Corp (Class A),Communication Services,Publishing,26.57,31.03,23.89,26.31,27.09,28.75,29.13,28.2,-0.2,21.87,32.38,25.11
NWS,News Corp (Class B),Communication Services,Publishing,29.92,35.06,27.31,29.68,30.6,32.17,32.95,32.16,-0.2,19.49,35.75,28.6
NEE,NextEra Energy,Utilities,Multi-Utilities,85.79,85.79,63.11,84.36,82.94,78.53,74.84,70.85,0.0,3.1,88.45,68.61
NKE,"Nike, Inc.",Consumer Discretionary,"Apparel, Accessories & Luxury Goods",68.46,82.12,52.64,67.35,69.24,70.04,73.19,68.9,-0.2,8.76,74.46,65.63
NI,NiSource,Utilities,Multi-Utilities,43.55,44.17,33.25,43.0,43.36,42.66,42.05,39.56,0.0,2.96,44.84,40.49
NDSN,Nordson Corporation,Industrials,Industrial Machinery & Supplies & Components,231.85,260.48,166.29,231.53,232.27,229.0,223.74,210.29,-0.4,2.06,236.63,221.38
NSC,Norfolk Southern,Industrials,Rail Transportation,289.7,300.41,204.09,290.57,294.34,293.83,284.86,253.17,-0.2,5.01,304.21,283.44
NTRS,Northern Trust,Financials,Asset Management & Custody Banks,129.88,134.6,83.34,128.13,130.17,131.08,129.15,112.24,0.2,4.43,135.63,126.53
NOC,Northrop Grumman,Industrials,Aerospace & Defense,608.93,637.95,427.78,622.65,620.59,604.06,591.2,514.86,0.4,5.79,644.19,563.91
NCLH,Norwegian Cruise Line Holdings,Consumer Discretionary,"Hotels, Resorts & Cruise Lines",23.58,29.07,15.5,23.22,23.67,24.36,24.7,22.24,0.0,10.52,26.06,22.65
NRG,NRG Energy,Utilities,Independent Power Producers & Energy Traders,171.33,173.91,83.06,166.88,166.21,165.77,157.47,131.08,-0.2,0.19,171.66,159.88
NUE,Nucor,Materials,Steel,136.76,164.83,102.37,136.81,137.03,135.99,140.54,128.46,0.2,2.01,139.51,132.46
NVDA,Nvidia,Information Technology,Semiconductors,179.83,192.57,94.3,184.78,186.01,183.18,179.47,145.08,0.0,7.25,192.87,173.49
NVR,"NVR, Inc.",Consumer Discretionary,Homebuilding,7645.22,9924.4,6700.0,7607.45,7795.26,7913.67,8066.7,7600.21,0.0,8.94,8328.7,7498.82
NXPI,NXP Semiconductors,Information Technology,Semiconductors,217.23,250.84,152.09,215.37,221.01,223.56,223.94,210.12,0.0,8.3,235.26,211.88
ORLY,O’Reilly Automotive,Consumer Discretionary,Automotive Retail,102.12,107.82,76.44,101.98,102.56,103.78,103.92,93.37,-0.2,5.52,107.76,99.8
OXY,Occidental Petroleum,Energy,Oil & Gas Exploration & Production,41.88,52.82,35.72,42.65,43.81,45.41,45.36,44.82,0.0,17.67,49.28,41.54
ODFL,Old Dominion,Industrials,Cargo Ground Transportation,135.04,230.37,134.31,136.45,139.31,139.79,145.57,162.83,-0.2,7.46,145.11,134.47
OMC,Omnicom Group,Communication Services,Advertising,79.31,101.86,68.6,77.69,78.08,77.54,76.85,76.53,-0.2,2.06,80.94,74.13
ON,ON Semiconductor,Information Technology,Semiconductors,50.36,74.7,31.95,49.14,49.31,49.81,49.57,49.09,0.2,4.19,52.47,47.15
OKE,Oneok,Energy,Oil & Gas Storage & Transportation,68.92,112.93,68.92,69.68,71.13,72.04,73.19,84.11,-0.4,8.97,75.1,68.97
ORCL,Oracle Corporation,Information Technology,Application Software,303.62,327.76,122.35,300.11,293.74,295.79,269.72,198.27,0.0,5.33,319.8,271.78
OTIS,Otis Worldwide,Industrials,Industrial Machinery & Supplies & Components,91.47,104.22,84.52,90.13,90.69,90.43,88.74,94.05,-0.3,1.22,92.59,88.26
PCAR,Paccar,Industrials,Construction Machinery & Heavy Transportation Equipment,95.23,113.98,85.82,94.36,95.99,97.22,98.47,98.23,0.0,6.77,101.68,92.76
PKG,Packaging Corporation of America,Materials,Paper & Plastic Packaging Products & Materials,209.65,242.86,173.82,209.26,211.32,212.92,209.11,201.49,0.2,4.24,218.54,207.3
PLTR,Palantir Technologies,Information Technology,Application Software,179.62,187.05,41.41,179.5,180.29,180.33,172.24,125.66,0.0,4.19,187.15,173.51
PANW,Palo Alto Networks,Information Technology,Systems Software,206.7,217.79,152.44,210.25,210.92,207.71,194.88,188.64,-0.2,4.77,216.56,198.86
PSKY,Paramount Skydance Corporation,Communication Services,Movies & Entertainment,17.43,19.73,10.05,17.36,18.06,18.5,16.21,12.74,0.2,15.03,20.05,16.95
PH,Parker Hannifin,Industrials,Industrial Machinery & Supplies & Components,737.86,769.67,514.56,731.68,744.72,749.51,748.39,676.44,0.2,4.82,773.42,725.63
PAYX,Paychex,Industrials,Human Resource & Employment Services,127.52,158.58,123.42,126.86,126.03,127.18,133.08,142.84,-0.2,3.07,131.43,122.92
PAYC,Paycom,Industrials,Human Resource & Employment Services,199.5,265.28,162.52,200.75,201.6,208.21,217.33,222.48,-0.2,12.37,224.18,192.25
PYPL,PayPal,Financials,Transaction & Payment Processing Services,67.98,91.81,57.41,70.32,71.18,69.44,68.92,72.33,-0.1,10.36,75.02,63.86
PNR,Pentair,Industrials,Industrial Machinery & Supplies & Components,110.31,112.59,75.76,109.32,110.57,110.28,108.68,99.01,0.2,2.32,112.87,107.69
PEP,PepsiCo,Consumer Staples,Soft Drinks & Non-alcoholic Beverages,151.16,169.55,125.83,149.28,145.0,143.08,144.41,140.04,0.2,-0.18,150.89,135.28
PFE,Pfizer,Health Care,Pharmaceuticals,24.39,27.72,20.83,24.73,25.65,25.04,24.88,24.25,0.0,12.55,27.45,22.64
PCG,PG&E Corporation,Utilities,Multi-Utilities,16.68,21.5,12.98,16.23,16.16,15.53,15.29,15.82,0.1,1.68,16.96,14.09
PM,Philip Morris International,Consumer Staples,Tobacco,157.73,181.86,114.18,158.72,156.67,159.0,162.63,157.56,0.0,4.58,164.95,153.03
PSX,Phillips 66,Energy,Oil & Gas Refining & Marketing,129.57,139.46,91.09,129.61,131.26,132.94,129.55,119.97,0.2,7.8,139.68,126.22
PNW,Pinnacle West Capital,Utilities,Multi-Utilities,93.71,93.78,79.36,92.66,91.61,89.37,89.77,89.12,0.0,0.97,94.62,84.11
PNC,PNC Financial Services,Financials,Diversified Banks,182.34,207.33,145.61,185.7,189.58,195.38,196.34,182.34,-0.2,14.76,209.25,181.5
POOL,Pool Corporation,Consumer Discretionary,Distributors,290.44,385.63,283.92,292.76,299.55,305.8,313.36,315.62,0.0,11.59,324.1,287.48
PPG,PPG Industries,Materials,Specialty Chemicals,99.56,128.23,90.49,99.4,101.28,103.66,107.58,110.05,-0.2,10.65,110.16,97.16
PPL,PPL Corporation,Utilities,Electric Utilities,37.97,37.97,30.58,37.49,37.25,36.8,36.4,34.55,0.2,0.45,38.14,35.45
PFG,Principal Financial Group,Financials,Life & Health Insurance,80.9,87.94,68.21,80.79,82.2,82.22,80.25,78.77,0.0,4.85,84.82,79.62
PG,Procter & Gamble,Consumer Staples,Personal Care Products,147.42,176.3,147.42,148.87,150.23,151.93,154.96,160.38,0.0,6.3,156.71,147.15
PGR,Progressive Corporation,Financials,Property & Casualty Insurance,226.5,290.89,226.5,237.07,240.2,241.43,244.58,258.79,-0.4,10.35,249.94,232.91
PLD,Prologis,Real Estate,Industrial REITs,122.76,122.76,88.13,115.32,115.89,115.07,111.72,108.63,0.4,-2.49,119.7,110.44
PRU,Prudential Financial,Financials,Life & Health Insurance,103.13,124.75,92.74,101.95,102.55,102.99,104.78,105.44,-0.2,2.08,105.28,100.71
PEG,Public Service Enterprise Group,Utilities,Electric Utilities,84.73,91.66,75.92,82.19,81.87,82.0,82.64,81.58,0.0,-0.96,83.92,80.09
PTC,PTC Inc.,Information Technology,Application Software,202.8,216.53,136.74,201.19,202.27,203.17,206.94,180.68,-0.2,2.08,207.02,199.31
PSA,Public Storage,Real Estate,Self-Storage REITs,301.0,337.69,260.94,298.24,295.14,289.57,286.87,288.94,0.1,0.79,303.38,275.76
PHM,PulteGroup,Consumer Discretionary,Homebuilding,124.68,147.88,91.67,122.3,127.67,129.63,130.33,111.72,-0.2,11.92,139.54,119.71
PWR,Quanta Services,Industrials,Construction & Engineering,436.93,443.45,236.5,429.41,428.18,414.93,394.48,338.73,0.0,2.33,447.11,382.76
QCOM,Qualcomm,Information Technology,Semiconductors,162.97,174.12,123.21,161.15,164.56,166.52,160.67,155.24,-0.2,7.2,174.7,158.33
DGX,Quest Diagnostics,Health Care,Health Care Services,187.35,189.74,144.64,184.21,182.17,183.74,181.11,170.7,0.0,1.35,189.88,177.61
RL,Ralph Lauren Corporation,Consumer Discretionary,"Apparel, Accessories & Luxury Goods",318.44,329.03,181.18,317.19,320.5,315.53,305.77,265.97,-0.2,3.3,328.95,302.12
RJF,Raymond James Financial,Financials,Investment Banking & Brokerage,163.69,175.92,122.89,162.11,164.22,168.56,167.06,154.45,0.0,9.2,178.75,158.38
RTX,RTX Corporation,Industrials,Aerospace & Defense,157.0,169.27,112.45,159.03,163.5,162.74,158.94,138.87,-0.2,8.86,170.91,154.57
O,Realty Income,Real Estate,Retail REITs,59.46,61.18,49.38,58.79,59.3,59.47,58.73,55.62,0.0,2.27,60.81,58.12
REG,Regency Centers,Real Estate,Retail REITs,72.43,75.5,64.21,71.48,71.49,71.44,71.38,70.68,0.0,0.5,72.79,70.1
REGN,Regeneron Pharmaceuticals,Health Care,Biotechnology,576.42,1012.19,482.34,568.26,577.39,577.37,573.5,601.46,0.1,5.49,608.07,546.71
RF,Regions Financial Corporation,Financials,Regional Banks,24.74,27.4,17.95,24.79,25.34,26.01,26.14,23.24,-0.2,12.09,27.73,24.29
RSG,Republic Services,Industrials,Environmental & Facilities Services,221.03,256.75,195.95,223.08,223.34,225.14,229.11,233.14,0.0,3.81,229.45,220.83
RMD,ResMed,Health Care,Health Care Equipment,269.7,293.73,203.67,272.53,276.49,274.44,277.64,249.33,0.0,4.95,283.05,265.84
RVTY,Revvity,Health Care,Health Care Equipment,92.12,126.65,82.5,90.84,91.6,88.89,88.21,99.5,-0.1,3.8,95.62,82.15
HOOD,Robinhood Markets,Financials,Investment Banking & Brokerage,134.15,152.46,23.49,140.24,143.57,136.14,120.58,75.95,0.2,16.5,156.28,115.98
ROK,Rockwell Automation,Industrials,Electrical Components & Equipment,352.09,357.15,217.21,342.37,345.08,345.24,343.51,304.0,-0.2,0.5,353.85,336.64
ROL,"Rollins, Inc.",Industrials,Environmental & Facilities Services,56.02,58.74,45.24,56.52,57.4,57.13,57.19,54.29,0.0,6.25,59.52,54.74
ROP,Roper Technologies,Information Technology,Electronic Equipment & Instruments,499.73,591.12,494.21,510.67,508.76,505.21,516.26,548.28,0.0,3.97,519.57,490.86
ROST,Ross Stores,Consumer Discretionary,Apparel Retail,156.99,156.99,122.22,152.94,152.81,150.93,149.11,140.72,0.2,0.56,157.87,143.99
RCL,Royal Caribbean Group,Consumer Discretionary,"Hotels, Resorts & Cruise Lines",311.16,364.72,176.89,308.57,311.74,318.57,327.69,270.89,0.0,7.56,334.68,302.47
SPGI,S&P Global,Financials,Financial Exchanges & Data,482.88,563.17,436.73,484.52,482.11,488.05,525.22,511.96,0.0,4.87,506.4,469.67
CRM,Salesforce,Information Technology,Application Software,236.58,365.66,231.26,242.42,241.73,242.55,243.87,274.33,0.2,5.85,250.42,234.69
SBAC,SBA Communications,Real Estate,Telecom Tower REITs,194.45,244.52,187.49,190.05,189.88,192.98,202.67,214.9,-0.2,3.22,200.71,185.25
SLB,Schlumberger,Energy,Oil & Gas Equipment & Services,32.57,43.4,31.43,32.45,33.36,34.02,34.31,36.14,0.0,10.62,36.03,32.01
STX,Seagate Technology,Information Technology,"Technology Hardware, Storage & Peripherals",219.38,256.84,65.98,217.32,228.63,227.96,194.19,128.2,0.2,16.04,254.57,201.36
SRE,Sempra,Utilities,Multi-Utilities,92.29,94.01,62.78,91.33,91.72,88.85,84.38,77.53,0.0,4.15,96.12,81.59
NOW,ServiceNow,Information Technology,Systems Software,903.05,1170.39,721.65,908.93,909.85,922.22,908.86,946.5,0.1,5.95,956.78,887.66
SHW,Sherwin-Williams,Materials,Specialty Chemicals,332.73,397.11,312.15,333.24,336.82,340.54,353.57,348.06,-0.2,5.56,351.23,329.84
SPG,Simon Property Group,Real Estate,Retail REITs,178.36,187.67,136.92,176.97,179.14,181.39,177.43,165.74,0.0,5.79,188.69,174.11
SWKS,Skyworks Solutions,Information Technology,Semiconductors,74.22,95.47,48.25,72.63,74.5,76.75,74.89,71.74,0.0,11.96,83.1,70.4
SJM,J.M. Smucker Company (The),Consumer Staples,Packaged Foods & Meats,103.52,116.99,93.48,103.46,105.45,106.9,108.71,107.19,0.0,7.67,111.46,102.34
SW,Smurfit Westrock,Materials,Paper & Plastic Packaging Products & Materials,41.76,55.13,37.46,41.77,41.75,42.39,43.81,45.43,0.2,6.49,44.47,40.32
SNA,Snap-on,Industrials,Industrial Machinery & Supplies & Components,332.59,364.18,288.24,332.14,337.39,339.15,331.5,325.88,-0.2,5.29,350.18,328.12
SOLV,Solventum,Health Care,Health Care Technology,71.56,84.04,63.01,71.25,72.32,72.52,72.65,72.73,0.0,4.84,75.02,70.02
SO,Southern Company,Utilities,Electric Utilities,99.72,99.72,78.98,98.38,96.84,95.19,93.8,89.22,0.0,0.06,99.78,90.6
LUV,Southwest Airlines,Industrials,Passenger Airlines,33.56,37.49,23.77,32.37,32.41,32.45,31.8,31.29,0.0,0.06,33.58,31.32
SWK,Stanley Black & Decker,Industrials,Industrial Machinery & Supplies & Components,67.72,104.26,54.53,66.68,70.31,72.68,73.68,72.47,-0.2,18.74,80.41,64.96
SBUX,Starbucks,Consumer Discretionary,Restaurants,82.86,114.25,78.46,80.46,81.89,83.2,85.92,91.52,-0.2,6.06,87.88,78.52
STT,State Street Corporation,Financials,Asset Management & Custody Banks,116.71,117.23,74.25,114.91,115.65,114.58,112.83,99.5,0.0,1.5,118.46,110.7
STLD,Steel Dynamics,Materials,Steel,146.05,151.94,108.4,145.52,144.8,141.51,134.15,128.37,0.2,2.11,149.13,133.9
STE,Steris,Health Care,Health Care Equipment,236.76,252.43,200.94,237.06,239.47,243.32,244.31,230.14,-0.2,6.74,252.72,233.91
SYK,Stryker Corporation,Health Care,Health Care Equipment,369.75,402.61,335.89,367.89,368.72,369.97,378.67,377.89,-0.2,2.16,377.74,362.22
SMCI,Supermicro,Information Technology,"Technology Hardware, Storage & Peripherals",53.94,60.71,18.01,54.53,54.55,50.8,46.65,42.07,0.2,9.94,59.3,42.3
SYF,Synchrony Financial,Financials,Consumer Finance,72.32,76.86,43.38,70.86,70.91,72.51,73.21,63.58,-0.2,6.75,77.2,67.82
SNPS,Synopsys,Information Technology,Application Software,435.9,645.35,380.9,450.2,463.67,476.21,533.2,504.01,-0.4,18.46,516.37,436.06
SYY,Sysco,Consumer Staples,Food Distributors,80.09,82.73,67.09,79.0,79.94,80.69,80.37,74.69,0.2,4.16,83.42,77.97
TMUS,T-Mobile US,Communication Services,Wireless Telecommunication Services,226.65,270.87,209.08,227.23,227.58,232.71,242.04,241.61,-0.2,7.46,243.56,221.85
TROW,T. Rowe Price,Financials,Asset Management & Custody Banks,105.71,118.63,78.24,104.93,104.69,104.3,105.08,99.05,-0.2,1.79,107.6,101.0
TTWO,Take-Two Interactive,Communication Services,Interactive Home Entertainment,261.5,261.5,154.79,256.91,257.47,254.87,243.47,222.46,0.0,1.06,264.27,245.46
TPR,"Tapestry, Inc.",Consumer Discretionary,"Apparel, Accessories & Luxury Goods",116.69,116.81,42.76,113.74,114.68,113.65,107.96,86.44,0.0,1.83,118.83,108.47
TRGP,Targa Resources,Energy,Oil & Gas Storage & Transportation,151.06,213.93,150.38,153.38,158.94,164.11,164.19,175.07,0.0,18.18,178.52,149.69
TGT,Target Corporation,Consumer Staples,Consumer Staples Merchandise Retail,90.91,154.72,85.53,88.37,88.9,88.56,93.73,104.01,0.0,0.24,91.13,85.98
TEL,TE Connectivity,Information Technology,Electronic Manufacturing Services,222.69,224.43,121.04,219.95,221.12,219.45,211.3,169.03,-0.4,1.11,225.16,213.74
TDY,Teledyne Technologies,Information Technology,Electronic Equipment & Instruments,565.02,593.62,435.54,569.73,578.86,575.0,557.84,511.97,-0.2,5.15,594.12,555.9
TER,Teradyne,Information Technology,Semiconductor Materials & Equipment,141.03,147.87,67.79,138.88,141.72,137.01,123.08,102.8,0.0,7.76,151.97,122.03
TSLA,"Tesla, Inc.",Consumer Discretionary,Automobile Manufacturers,435.15,479.86,213.65,429.86,434.02,434.86,382.94,334.62,0.2,4.92,456.56,413.16
TXN,Texas Instruments,Information Technology,Semiconductors,175.27,219.66,143.34,175.0,177.81,179.96,187.34,184.63,-0.2,6.7,187.01,172.89
TPL,Texas Pacific Land Corporation,Energy,Oil & Gas Exploration & Production,926.75,1720.9,853.36,905.11,932.71,927.54,914.35,1148.97,0.1,6.31,985.23,869.82
TXT,Textron,Industrials,Aerospace & Defense,82.51,90.23,60.69,82.84,84.6,84.12,81.84,76.71,0.2,5.85,87.34,80.89
TMO,Thermo Fisher Scientific,Health Care,Life Sciences Tools & Services,527.87,605.06,389.91,527.55,532.54,505.0,491.3,477.37,0.2,7.51,567.51,442.5
TJX,TJX Companies,Consumer Discretionary,Apparel Retail,145.16,145.16,110.99,141.92,141.99,141.81,138.75,127.35,0.0,0.3,145.6,138.02
TKO,TKO Group Holdings,Communication Services,Movies & Entertainment,191.21,205.33,113.99,188.66,192.89,196.57,190.92,166.05,0.2,8.35,207.18,185.98
TTD,Trade Desk (The),Communication Services,Advertising,51.1,139.51,43.93,51.91,52.27,49.64,52.2,71.9,0.2,9.12,55.76,43.53
TSCO,Tractor Supply,Consumer Discretionary,Other Specialty Retail,55.81,62.65,47.62,54.93,54.9,56.25,58.72,54.62,0.2,7.04,59.74,52.76
TT,Trane Technologies,Industrials,Building Products,422.45,471.46,313.81,419.61,421.99,416.46,417.87,394.8,-0.2,2.4,432.59,400.35
TDG,TransDigm Group,Industrials,Aerospace & Defense,1237.71,1516.55,1152.5,1279.34,1283.13,1289.42,1297.14,1307.0,-0.4,6.71,1320.76,1258.07
TRV,Travelers Companies (The),Financials,Property & Casualty Insurance,269.45,284.97,229.61,272.0,277.51,277.2,273.41,259.31,0.0,6.06,285.78,268.62
TRMB,Trimble Inc.,Information Technology,Electronic Equipment & Instruments,78.72,85.24,55.12,77.73,79.02,80.14,80.99,73.91,0.0,6.33,83.7,76.59
TFC,Truist Financial,Financials,Diversified Banks,43.26,47.07,33.92,43.34,44.23,45.01,45.05,42.29,0.0,9.15,47.22,42.81
TYL,Tyler Technologies,Information Technology,Application Software,502.05,646.74,485.73,505.11,502.6,514.14,543.58,569.7,0.0,8.16,543.02,485.27
TSN,Tyson Foods,Consumer Staples,Packaged Foods & Meats,52.81,62.84,51.58,52.29,53.13,53.58,55.03,56.1,-0.2,4.89,55.39,51.77
USB,U.S. Bancorp,Financials,Diversified Banks,46.45,51.35,35.62,46.42,47.03,47.92,47.41,44.41,0.2,8.05,50.19,45.64
UBER,Uber,Industrials,Passenger Ground Transportation,94.52,100.1,59.93,94.45,96.26,97.05,95.07,83.27,0.2,6.82,100.97,93.14
UDR,"UDR, Inc.",Real Estate,Multi-Family Residential REITs,36.22,44.54,35.6,36.05,35.93,36.33,37.35,39.88,-0.2,2.95,37.29,35.38
ULTA,Ulta Beauty,Consumer Discretionary,Other Specialty Retail,538.49,566.91,314.47,546.57,553.66,545.96,530.31,443.52,-0.2,6.53,573.65,518.28
UNP,Union Pacific Corporation,Industrials,Rail Transportation,225.72,249.94,205.73,227.13,230.89,230.43,224.22,227.12,-0.3,6.65,240.73,220.13
UAL,United Airlines Holdings,Industrials,Passenger Airlines,104.05,110.52,56.15,100.89,98.64,99.66,100.94,88.82,0.2,2.98,107.15,92.16
UPS,United Parcel Service,Industrials,Air Freight & Logistics,84.09,130.93,82.58,83.89,85.07,84.55,85.31,99.23,-0.2,3.34,86.9,82.2
URI,United Rentals,Industrials,Trading Companies & Distributors,1020.0,1020.0,549.5,985.1,985.48,965.68,943.28,761.34,0.4,-0.6,1013.88,917.42
UNH,UnitedHealth Group,Health Care,Managed Health Care,361.15,611.98,236.28,360.39,360.82,352.45,322.76,391.44,-0.1,2.97,371.88,333.03
UHS,Universal Health Services,Health Care,Health Care Facilities,205.0,235.89,154.78,200.86,203.88,200.58,189.27,181.82,0.0,3.53,212.24,188.93
VLO,Valero Energy,Energy,Oil & Gas Refining & Marketing,160.98,175.63,102.97,160.92,161.87,165.65,154.66,135.5,-0.2,8.98,175.44,155.86
VTR,Ventas,Real Estate,Health Care REITs,68.89,70.32,55.68,67.94,68.52,68.37,68.01,64.68,-0.2,2.18,70.39,66.34
VLTO,Veralto,Industrials,Environmental & Facilities Services,101.87,113.11,85.14,102.01,103.86,104.77,106.22,100.67,-0.2,6.41,108.4,101.14
VRSN,Verisign,Information Technology,Internet Services & Infrastructure,265.74,305.1,175.69,263.52,267.5,275.23,275.01,258.5,0.0,10.12,292.63,257.83
VRSK,Verisk Analytics,Industrials,Research & Consulting Services,243.98,320.32,241.27,242.75,244.49,245.2,257.29,285.1,0.0,2.76,250.71,239.69
VZ,Verizon,Communication Services,Integrated Telecommunication Services,40.38,44.3,36.0,40.13,40.83,41.79,42.62,41.25,-0.2,9.53,44.23,39.35
VRTX,Vertex Pharmaceuticals,Health Care,Biotechnology,407.9,516.74,366.54,410.03,409.66,398.25,393.69,444.95,0.1,4.1,424.62,371.9
VTRS,Viatris,Health Care,Pharmaceuticals,9.98,12.87,7.08,9.9,10.0,9.88,10.07,9.44,0.0,3.11,10.29,9.47
VICI,Vici Properties,Real Estate,Hotel & Resort REITs,31.29,33.46,27.08,31.05,31.63,31.91,32.34,31.09,-0.2,5.98,33.16,30.65
V,Visa Inc.,Financials,Transaction & Payment Processing Services,345.69,372.65,277.34,345.61,347.69,344.01,343.88,343.39,0.0,2.35,353.81,334.19
VST,Vistra Corp.,Utilities,Electric Utilities,210.85,217.92,97.84,206.55,204.4,204.68,200.6,167.07,0.0,2.32,215.74,193.62
VMC,Vulcan Materials Company,Materials,Construction Materials,303.1,309.07,219.65,303.85,303.73,301.52,295.36,266.65,0.0,1.99,309.13,293.9
WRB,W. R. Berkley Corporation,Financials,Property & Casualty Insurance,76.39,78.46,56.03,77.49,77.31,76.01,73.39,68.1,-0.2,3.73,79.24,72.78
GWW,W. W. Grainger,Industrials,Industrial Machinery & Supplies & Components,957.99,1212.97,915.74,953.86,956.46,961.08,980.42,1018.88,-0.2,3.59,992.38,929.75
WAB,Wabtec,Industrials,Construction Machinery & Heavy Transportation Equipment,197.13,214.1,159.81,194.66,196.98,196.07,193.32,193.64,-0.1,2.92,202.89,189.27
WMT,Walmart,Consumer Staples,Consumer Staples Merchandise Retail,109.03,109.03,79.51,104.39,103.46,103.14,101.65,96.23,0.0,-2.16,106.67,99.62
DIS,Walt Disney Company (The),Communication Services,Movies & Entertainment,111.71,124.01,81.37,110.67,111.51,112.53,114.89,109.68,0.0,3.26,115.35,109.71
WBD,Warner Bros. Discovery,Communication Services,Broadcasting,18.45,19.82,7.33,17.8,18.28,18.84,15.27,11.56,0.2,10.51,20.39,17.29
WM,Waste Management,Industrials,Environmental & Facilities Services,213.69,240.36,198.36,217.13,217.76,218.03,221.84,224.08,-0.2,3.57,221.32,214.73
WAT,Waters Corporation,Health Care,Life Sciences Tools & Services,332.41,417.28,277.72,332.67,328.73,313.87,302.52,342.91,0.1,4.39,347.0,280.75
WEC,WEC Energy Group,Utilities,Electric Utilities,117.28,117.28,89.8,115.55,114.74,113.33,110.27,104.82,0.2,0.22,117.54,109.12
WFC,Wells Fargo,Financials,Diversified Banks,86.46,86.46,60.29,81.49,81.02,82.53,80.87,75.78,0.2,1.15,87.45,77.61
WELL,Welltower,Real Estate,Health Care REITs,172.34,179.38,122.12,168.35,170.86,171.58,168.56,152.07,0.2,4.35,179.84,163.31
WST,West Pharmaceutical Services,Health Care,Health Care Supplies,262.95,347.02,190.04,262.39,265.96,262.12,253.57,246.04,0.2,4.5,274.78,249.46
WDC,Western Digital,Information Technology,"Technology Hardware, Storage & Peripherals",120.44,131.31,30.45,117.51,121.65,117.11,97.13,62.46,0.2,10.64,133.25,100.96
WY,Weyerhaeuser,Real Estate,Timber REITs,23.73,32.48,23.73,23.99,24.41,24.46,25.12,26.64,0.0,6.45,25.26,23.67
WSM,"Williams-Sonoma, Inc.",Consumer Discretionary,Homefurnishing Retail,190.06,215.83,127.65,188.46,191.42,194.73,197.62,180.31,0.0,7.87,205.02,184.45
WMB,Williams Companies,Energy,Oil & Gas Storage & Transportation,63.78,64.48,49.18,62.91,63.41,62.87,59.53,57.73,0.0,2.68,65.49,60.25
WTW,Willis Towers Watson,Financials,Insurance Brokers,339.42,349.93,286.78,338.75,342.97,341.29,334.86,319.44,0.0,3.38,350.89,331.68
WDAY,"Workday, Inc.",Information Technology,Application Software,234.76,279.91,210.47,235.99,235.83,238.0,230.9,242.95,-0.1,5.23,247.04,228.96
WYNN,Wynn Resorts,Consumer Discretionary,Casinos & Gaming,118.07,133.34,65.78,118.03,121.62,125.07,120.4,96.57,0.0,14.99,135.77,114.37
XEL,Xcel Energy,Utilities,Multi-Utilities,81.8,81.85,60.99,81.0,80.96,78.74,74.8,69.58,-0.2,4.47,85.46,72.01
XYL,Xylem Inc.,Industrials,Industrial Machinery & Supplies & Components,145.77,149.9,102.25,145.89,147.46,145.58,143.14,128.41,0.2,3.59,151.0,140.14
YUM,Yum! Brands,Consumer Discretionary,Restaurants,144.51,160.96,121.48,142.65,145.68,147.91,146.68,144.6,0.2,7.74,155.7,140.12
ZBRA,Zebra Technologies,Information Technology,Electronic Equipment & Instruments,293.35,421.11,213.54,287.8,294.57,300.63,310.0,310.88,0.0,10.32,323.62,277.66
ZBH,Zimmer Biomet,Health Care,Health Care Equipment,99.38,112.61,89.76,96.98,98.11,98.57,101.18,100.3,-0.2,2.47,101.83,95.31
ZTS,Zoetis,Health Care,Pharmaceuticals,142.12,192.1,141.11,142.47,143.69,143.99,148.72,157.17,0.0,4.05,147.88,140.1
