Symbol,Company,GICS_Sector,GICS_Sub_Industry,Current_Price,52_Week_High,52_Week_Low,SMA_5,SMA_10,SMA_20,SMA_50,SMA_100,SMA_125,SMA_200
MMM,3M,Industrials,Industrial Conglomerates,153.47,163.4,120.83,151.75,154.35,154.57,154.82,151.98,149.79,147.15
AOS,A. O. Smith,Industrials,Building Products,69.21,81.41,58.25,68.64,70.5,71.53,71.96,69.46,68.93,67.89
ABT,Abbott Laboratories,Health Care,Health Care Equipment,129.45,139.95,109.7,132.0,132.86,133.65,132.56,131.93,131.79,129.45
ABBV,AbbVie,Health Care,Biotechnology,226.22,244.81,159.42,229.37,231.16,227.97,216.43,202.07,198.38,194.72
ACN,Accenture,Information Technology,IT Consulting & Other Services,239.71,394.41,229.4,244.09,246.25,243.26,246.69,270.85,277.41,300.88
ADBE,Adobe Inc.,Information Technology,Application Software,330.63,557.9,329.2,338.17,343.63,350.96,351.1,367.61,370.81,388.49
AMD,Advanced Micro Devices,Information Technology,Semiconductors,238.6,240.1,76.48,224.18,210.61,185.54,173.52,156.92,145.95,131.94
AES,AES Corporation,Utilities,Independent Power Producers & Energy Traders,14.75,17.29,9.28,14.44,14.45,13.9,13.4,12.48,12.09,11.72
AFL,Aflac,Financials,Life & Health Insurance,109.81,113.9,96.14,110.74,111.45,110.51,108.01,104.93,104.98,104.84
A,Agilent Technologies,Health Care,Life Sciences Tools & Services,139.65,152.88,96.03,138.53,139.4,132.93,126.03,121.28,118.63,122.64
APD,Air Products,Materials,Industrial Gases,257.41,334.71,240.55,260.01,265.25,269.98,281.47,281.98,278.97,285.38
ABNB,Airbnb,Consumer Discretionary,"Hotels, Resorts & Cruise Lines",124.26,163.93,99.88,120.87,120.62,122.14,123.83,129.41,128.76,129.48
AKAM,Akamai Technologies,Information Technology,Internet Services & Infrastructure,73.67,106.8,67.51,74.06,75.76,75.92,76.1,77.16,77.47,81.27
ALB,Albemarle Corporation,Materials,Specialty Chemicals,98.16,111.49,48.84,95.42,92.72,87.87,82.54,74.13,70.79,73.07
ARE,Alexandria Real Estate Equities,Real Estate,Office REITs,76.21,115.77,65.12,74.7,77.43,80.76,79.59,76.39,75.34,81.2
ALGN,Align Technology,Health Care,Health Care Supplies,128.43,246.19,122.0,129.08,130.13,129.19,134.98,160.02,163.94,174.05
ALLE,Allegion,Industrials,Building Products,177.28,180.34,116.14,175.06,176.3,176.44,172.6,160.09,155.69,145.3
LNT,Alliant Energy,Utilities,Electric Utilities,68.63,68.79,54.71,67.92,67.68,66.59,65.68,63.76,63.13,61.96
ALL,Allstate,Financials,Property & Casualty Insurance,200.42,215.7,173.88,206.05,208.4,208.93,205.81,201.69,201.0,197.66
GOOGL,Alphabet Inc. (Class A),Communication Services,Interactive Media & Services,251.03,256.0,140.23,243.75,245.06,246.65,228.99,203.95,195.11,188.22
GOOG,Alphabet Inc. (Class C),Communication Services,Interactive Media & Services,251.71,256.7,142.36,244.45,245.92,247.35,229.64,204.8,196.12,189.53
MO,Altria,Consumer Staples,Tobacco,64.87,67.51,45.54,65.5,65.64,65.4,65.23,61.74,60.78,57.62
AMZN,Amazon,Consumer Discretionary,Broadline Retail,215.57,242.52,161.38,219.23,220.6,221.88,225.89,221.96,216.04,214.33
AMCR,Amcor,Materials,Paper & Plastic Packaging Products & Materials,8.05,11.02,7.81,7.98,8.03,8.09,8.45,8.9,8.96,9.18
AEE,Ameren,Utilities,Multi-Utilities,105.39,105.67,82.82,103.97,103.97,102.63,101.12,98.69,98.25,96.83
AEP,American Electric Power,Utilities,Electric Utilities,118.53,119.4,87.57,117.53,116.72,112.84,111.7,107.97,107.12,104.27
AXP,American Express,Financials,Consumer Finance,330.66,348.31,219.32,325.3,326.69,332.44,322.56,313.42,306.05,298.65
AIG,American International Group,Financials,Multi-line Insurance,81.26,87.1,68.15,82.09,82.22,79.97,79.69,80.92,81.02,79.55
AMT,American Tower,Real Estate,Telecom Tower REITs,190.03,232.28,168.28,186.35,187.12,189.63,196.14,206.1,207.39,202.35
AWK,American Water Works,Utilities,Water Utilities,142.53,153.69,116.64,141.55,140.36,138.32,140.67,140.64,141.13,137.65
AMP,Ameriprise Financial,Financials,Asset Management & Custody Banks,481.27,576.69,393.57,484.08,488.48,490.74,499.02,509.58,505.14,507.23
AME,Ametek,Industrials,Electrical Components & Equipment,185.78,197.03,144.53,183.28,183.39,185.24,185.44,182.34,180.01,179.06
AMGN,Amgen,Health Care,Biotechnology,297.32,330.26,247.06,293.83,294.87,288.04,286.09,288.04,284.85,285.92
APH,Amphenol,Information Technology,Electronic Components,125.6,127.5,56.27,124.02,123.96,123.61,116.6,106.95,101.35,88.58
ADI,Analog Devices,Information Technology,Semiconductors,238.15,257.11,157.31,234.28,236.93,241.56,241.6,235.73,228.99,221.14
AON,Aon plc,Financials,Insurance Brokers,355.8,411.24,322.37,358.05,361.28,357.81,364.06,360.85,359.87,367.38
APA,APA Corporation,Energy,Oil & Gas Exploration & Production,23.24,25.8,13.18,22.91,23.78,24.0,22.66,20.7,19.82,20.05
APO,Apollo Global Management,Financials,Asset Management & Custody Banks,127.7,187.59,101.84,123.91,125.02,131.99,135.16,137.72,136.95,141.22
AAPL,Apple Inc.,Information Technology,"Technology Hardware, Storage & Peripherals",249.34,259.24,168.8,248.82,253.05,252.67,239.73,222.41,218.91,221.76
AMAT,Applied Materials,Information Technology,Semiconductor Materials & Equipment,227.58,228.1,123.04,219.1,218.96,210.16,185.34,182.37,176.9,171.45
APTV,Aptiv,Consumer Discretionary,Automotive Parts & Equipment,83.64,88.8,47.19,82.3,84.41,85.04,80.38,74.5,71.72,67.91
ACGL,Arch Capital Group,Financials,Property & Casualty Insurance,89.57,107.55,82.49,91.75,91.72,90.62,90.73,90.51,90.93,91.4
ADM,Archer Daniels Midland,Consumer Staples,Agricultural Products & Services,63.38,64.57,40.22,61.8,61.67,61.11,60.93,56.51,54.74,51.78
ANET,Arista Networks,Information Technology,Communications Equipment,143.38,162.68,59.43,148.39,148.41,146.82,141.96,122.16,114.94,108.29
AJG,Arthur J. Gallagher & Co.,Financials,Insurance Brokers,296.16,349.78,273.89,300.38,304.69,304.04,299.37,307.65,312.21,313.39
AIZ,Assurant,Financials,Multi-line Insurance,214.85,227.13,173.64,217.98,218.55,216.16,213.3,203.1,201.21,202.51
T,AT&T,Communication Services,Integrated Telecommunication Services,26.07,29.47,20.15,25.9,26.04,27.1,28.03,27.68,27.5,26.41
ATO,Atmos Energy,Utilities,Gas Utilities,179.19,179.61,133.63,176.76,174.68,170.64,167.09,160.4,159.7,154.04
ADSK,Autodesk,Information Technology,Application Software,305.08,329.09,232.67,306.69,312.23,316.96,308.3,304.16,299.58,292.43
ADP,Automatic Data Processing,Industrials,Human Resource & Employment Services,284.21,326.59,269.86,285.11,288.09,289.82,295.42,301.69,301.72,299.65
AZO,AutoZone,Consumer Discretionary,Automotive Retail,4027.03,4388.11,2980.1,4044.72,4098.05,4140.89,4150.41,3938.06,3893.61,3735.84
AVB,AvalonBay Communities,Real Estate,Multi-Family Residential REITs,184.0,231.37,177.24,184.9,186.68,189.21,189.6,194.49,196.14,201.01
AVY,Avery Dennison,Materials,Paper & Plastic Packaging Products & Materials,159.58,217.77,155.31,159.34,160.89,161.58,166.88,171.64,171.98,174.79
AXON,Axon Enterprise,Industrials,Aerospace & Defense,644.99,885.92,422.38,699.35,709.64,722.74,749.58,757.58,736.09,677.43
BKR,Baker Hughes,Energy,Oil & Gas Equipment & Services,44.47,50.93,33.21,45.54,47.01,47.97,45.97,42.83,41.6,42.1
BALL,Ball Corporation,Materials,"Metal, Glass & Plastic Containers",47.55,66.86,43.18,47.41,48.46,48.85,50.73,53.47,53.02,52.43
BAC,Bank of America,Financials,Diversified Banks,52.28,52.88,32.69,49.93,50.13,50.99,49.68,47.8,46.43,45.03
BAX,Baxter International,Health Care,Health Care Equipment,22.75,37.27,21.18,22.43,22.8,22.76,23.46,26.22,27.01,28.72
BDX,Becton Dickinson,Health Care,Health Care Equipment,186.77,248.0,161.47,187.49,190.11,188.15,189.87,181.94,181.67,197.87
BBY,Best Buy,Consumer Discretionary,Computer & Electronics Retail,78.41,94.94,53.55,75.75,76.0,75.22,73.64,70.82,69.99,72.48
TECH,Bio-Techne,Health Care,Life Sciences Tools & Services,59.58,80.37,45.87,59.41,60.38,56.86,54.74,53.35,52.54,57.32
BIIB,Biogen,Health Care,Biotechnology,143.66,194.13,110.04,145.97,150.22,145.6,140.94,135.44,132.66,135.32
BLK,BlackRock,Financials,Asset Management & Custody Banks,1202.59,1219.94,766.05,1170.35,1168.35,1157.28,1136.52,1087.46,1054.73,1016.53
BX,Blackstone Inc.,Financials,Asset Management & Custody Banks,163.91,196.67,114.16,160.09,162.98,171.04,172.04,162.3,157.06,156.37
XYZ,"Block, Inc.",Financials,Transaction & Payment Processing Services,76.13,99.26,44.27,76.57,77.45,76.39,76.15,72.31,68.82,69.93
BK,BNY Mellon,Financials,Asset Management & Custody Banks,108.93,110.87,69.65,106.74,106.61,107.68,105.39,99.25,96.0,90.64
BA,Boeing,Industrials,Aerospace & Defense,214.0,242.69,128.88,214.12,217.12,216.45,223.52,219.71,213.44,197.23
BKNG,Booking Holdings,Consumer Discretionary,"Hotels, Resorts & Cruise Lines",5080.86,5829.37,4082.14,5194.34,5260.74,5365.74,5470.12,5513.2,5419.47,5157.9
BSX,Boston Scientific,Health Care,Health Care Equipment,97.71,109.5,80.64,96.32,96.45,97.01,101.44,102.6,102.58,101.36
BMY,Bristol Myers Squibb,Health Care,Pharmaceuticals,43.61,61.0,42.38,43.92,44.45,44.36,45.61,46.04,46.18,49.65
AVGO,Broadcom,Information Technology,Semiconductors,351.33,373.59,137.54,344.36,341.58,339.19,325.57,296.4,278.02,250.42
BR,Broadridge Financial Solutions,Industrials,Data Processing & Outsourced Services,231.49,270.85,205.06,233.23,234.32,236.25,248.15,244.53,242.64,238.72
BRO,Brown & Brown,Financials,Insurance Brokers,93.97,125.31,89.99,94.93,94.9,93.83,94.35,100.09,102.44,106.07
BLDR,Builders FirstSource,Industrials,Building Products,126.29,201.53,102.6,125.07,126.51,124.16,132.88,126.96,124.7,130.99
BG,Bunge Global,Consumer Staples,Agricultural Products & Services,93.09,93.45,65.6,83.7,83.61,81.86,82.32,80.0,79.63,77.3
BXP,"BXP, Inc.",Real Estate,Office REITs,71.73,85.58,52.95,70.66,72.59,73.9,71.42,69.92,68.68,67.88
CHRW,C.H. Robinson,Industrials,Air Freight & Logistics,128.01,138.0,83.72,126.92,130.69,132.21,127.9,112.82,108.59,104.75
CDNS,Cadence Design Systems,Information Technology,Application Software,324.1,376.45,221.56,331.55,340.11,349.44,349.8,332.62,326.12,306.95
CZR,Caesars Entertainment,Consumer Discretionary,Casinos & Gaming,22.53,45.93,21.4,22.31,24.01,25.22,25.45,26.84,27.09,28.68
CPT,Camden Property Trust,Real Estate,Multi-Family Residential REITs,101.7,123.08,100.41,101.85,102.73,104.47,106.19,109.43,110.34,111.58
CPB,Campbell's Company (The),Consumer Staples,Packaged Foods & Meats,30.15,47.0,29.03,30.11,30.7,31.47,32.0,31.86,32.48,34.5
COF,Capital One,Financials,Consumer Finance,215.1,231.82,142.38,210.03,211.78,217.24,218.69,212.57,207.08,198.11
CAH,Cardinal Health,Health Care,Health Care Distributors,155.67,167.89,105.46,155.65,156.08,154.24,151.67,155.21,153.11,143.19
KMX,CarMax,Consumer Discretionary,Automotive Retail,44.42,91.25,42.75,43.88,44.79,48.29,54.85,59.61,60.88,67.71
CCL,Carnival,Consumer Discretionary,"Hotels, Resorts & Cruise Lines",28.84,32.8,15.07,28.41,28.62,29.39,30.21,28.52,26.87,25.38
CARR,Carrier Global,Industrials,Building Products,57.21,82.31,53.89,57.27,58.37,59.0,62.51,67.72,67.72,66.72
CAT,Caterpillar Inc.,Industrials,Construction Machinery & Heavy Transportation Equipment,534.05,538.36,265.05,511.59,503.06,486.81,448.79,417.76,398.7,378.2
CBOE,Cboe Global Markets,Financials,Financial Exchanges & Data,241.74,255.27,186.22,241.78,240.9,240.86,241.15,236.94,233.77,223.89
CBRE,CBRE Group,Real Estate,Real Estate Services,156.82,167.56,108.45,153.39,153.66,156.84,159.25,148.74,143.9,139.9
CDW,CDW Corporation,Information Technology,Technology Distributors,148.83,221.38,136.33,148.7,153.17,157.34,162.08,169.51,169.63,171.67
COR,Cencora,Health Care,Health Care Distributors,319.61,320.36,220.11,317.33,312.26,307.06,298.44,295.39,293.67,278.66
CNC,Centene Corporation,Health Care,Managed Health Care,35.79,73.14,25.08,36.44,37.22,35.61,31.69,37.18,41.84,48.92
CNP,CenterPoint Energy,Utilities,Multi-Utilities,39.86,40.5,27.87,39.38,39.25,38.89,38.33,37.51,37.48,35.96
CF,CF Industries,Materials,Fertilizers & Agricultural Chemicals,85.44,103.84,66.56,87.27,89.1,88.65,86.59,90.01,88.23,85.55
CRL,Charles River Laboratories,Health Care,Life Sciences Tools & Services,170.72,230.02,91.86,170.13,172.19,162.8,159.48,156.83,150.71,154.69
SCHW,Charles Schwab Corporation,Financials,Investment Banking & Brokerage,94.33,99.42,65.48,93.44,93.58,93.95,94.81,93.05,91.0,85.8
CHTR,Charter Communications,Communication Services,Cable & Satellite,264.56,437.06,251.8,262.81,269.72,269.44,266.53,321.9,335.2,342.7
CVX,Chevron Corporation,Energy,Integrated Oil & Gas,152.11,165.09,129.01,151.4,152.66,155.06,155.63,150.51,147.45,148.36
CMG,Chipotle Mexican Grill,Consumer Discretionary,Restaurants,41.77,66.74,38.3,41.1,41.11,40.35,41.13,46.33,47.16,49.65
CB,Chubb Limited,Financials,Property & Casualty Insurance,278.31,305.88,250.52,282.56,284.09,280.92,277.38,279.42,280.77,279.64
CHD,Church & Dwight,Consumer Staples,Household Products,86.38,115.72,85.08,87.03,87.93,87.83,91.01,93.87,94.3,98.64
CI,Cigna,Health Care,Health Care Services,294.57,352.15,255.6,299.79,302.38,295.74,295.13,300.28,305.0,303.31
CINF,Cincinnati Financial,Financials,Property & Casualty Insurance,156.35,166.9,121.6,158.73,161.39,158.67,154.95,150.98,148.94,144.73
CTAS,Cintas,Industrials,Diversified Support Services,187.45,228.77,179.74,188.67,194.59,198.39,206.38,213.77,213.53,207.76
CSCO,Cisco,Information Technology,Communications Equipment,69.52,72.11,51.49,68.71,68.76,68.15,67.92,67.09,65.43,63.27
C,Citigroup,Financials,Diversified Banks,99.78,105.59,54.71,97.11,97.32,99.77,97.33,90.75,86.6,81.39
CFG,Citizens Financial Group,Financials,Regional Banks,51.7,55.24,31.96,50.97,52.08,52.63,51.18,47.77,45.87,44.53
CLX,Clorox,Consumer Staples,Household Products,118.36,166.9,116.17,119.64,120.24,121.38,121.87,123.38,125.84,134.23
CME,CME Group,Financials,Financial Exchanges & Data,268.15,288.09,204.81,269.38,266.76,266.22,267.66,271.36,271.35,261.53
CMS,CMS Energy,Utilities,Multi-Utilities,75.31,75.42,62.54,74.12,73.49,72.5,72.25,71.19,71.21,70.35
KO,Coca-Cola Company (The),Consumer Staples,Soft Drinks & Non-alcoholic Beverages,67.08,73.29,59.3,66.96,66.66,66.48,67.66,68.63,69.04,67.88
CTSH,Cognizant,Information Technology,IT Consulting & Other Services,66.75,89.77,64.98,66.95,67.36,67.46,69.29,73.31,73.85,75.72
COIN,Coinbase,Financials,Financial Exchanges & Data,336.3,444.65,142.58,355.77,368.01,348.82,327.35,327.15,305.42,277.59
CL,Colgate-Palmolive,Consumer Staples,Household Products,77.63,100.36,76.68,77.76,77.96,79.08,82.23,85.58,86.66,87.53
CMCSA,Comcast,Communication Services,Cable & Satellite,29.72,43.66,29.39,29.73,30.24,30.73,32.01,33.09,33.23,33.85
CAG,Conagra Brands,Consumer Staples,Packaged Foods & Meats,18.34,28.75,17.89,18.42,18.67,18.55,18.93,19.64,20.36,22.09
COP,ConocoPhillips,Energy,Oil & Gas Exploration & Production,87.74,112.56,78.56,88.86,91.57,93.17,94.08,92.62,91.85,93.46
ED,Consolidated Edison,Utilities,Multi-Utilities,102.29,112.97,85.07,101.65,100.49,99.39,99.6,100.25,101.53,100.02
STZ,Constellation Brands,Consumer Staples,Distillers & Vintners,138.89,242.37,131.2,141.17,141.02,137.5,149.14,159.29,164.77,170.75
CEG,Constellation Energy,Utilities,Electric Utilities,403.95,412.58,160.94,385.23,373.69,354.26,332.97,323.81,309.75,288.99
COO,Cooper Companies (The),Health Care,Health Care Supplies,68.76,109.37,61.78,69.48,69.64,68.72,69.45,70.87,72.96,78.48
CPRT,Copart,Industrials,Diversified Support Services,44.56,64.38,43.71,44.26,44.46,44.82,46.65,47.52,50.28,52.63
GLW,Corning Inc.,Information Technology,Electronic Components,86.62,87.78,36.95,85.38,85.04,82.68,74.36,63.65,59.91,55.25
CPAY,Corpay,Financials,Transaction & Payment Processing Services,287.78,400.81,269.02,286.21,287.64,291.84,305.96,318.17,320.33,332.4
CTVA,Corteva,Materials,Fertilizers & Agricultural Chemicals,61.91,77.22,53.14,62.37,63.17,65.71,69.7,71.26,69.84,66.46
CSGP,CoStar Group,Real Estate,Real Estate Services,75.19,97.43,68.26,75.84,78.87,81.99,86.44,84.92,83.44,80.69
COST,Costco,Consumer Staples,Consumer Staples Merchandise Retail,954.99,1075.34,864.06,941.99,928.27,931.87,951.94,966.3,972.97,970.55
CTRA,Coterra,Energy,Oil & Gas Exploration & Production,23.2,29.29,21.84,23.19,23.5,23.57,23.82,24.32,24.32,25.27
CRWD,CrowdStrike,Information Technology,Systems Software,489.02,517.98,294.68,497.87,496.66,492.93,453.37,465.48,457.0,426.82
CCI,Crown Castle,Real Estate,Telecom Tower REITs,98.06,114.47,81.02,97.13,96.21,95.43,97.22,99.38,99.63,96.49
CSX,CSX Corporation,Industrials,Rail Transportation,36.24,37.1,26.01,35.9,35.93,35.04,34.33,33.72,32.75,32.04
CMI,Cummins,Industrials,Construction Machinery & Heavy Transportation Equipment,423.39,440.51,257.24,417.76,426.36,423.96,408.97,371.66,358.04,350.38
CVS,CVS Health,Health Care,Health Care Services,80.67,81.93,42.12,78.68,77.92,76.74,73.1,68.46,67.58,64.41
DHR,Danaher Corporation,Health Care,Life Sciences Tools & Services,206.1,277.73,170.43,204.87,207.51,199.56,200.68,198.84,197.74,203.54
DRI,Darden Restaurants,Consumer Discretionary,Restaurants,188.36,224.86,151.32,185.35,187.84,187.5,198.71,204.7,203.64,198.21
DDOG,Datadog,Information Technology,Application Software,160.02,170.08,81.63,161.58,158.73,149.57,139.58,136.31,130.38,127.1
DVA,DaVita,Health Care,Health Care Services,126.0,179.6,122.93,125.38,127.72,129.63,132.42,136.46,137.45,144.31
DAY,Dayforce,Industrials,Human Resource & Employment Services,68.28,82.69,48.01,68.3,68.6,68.73,66.16,61.85,60.99,61.84
DECK,Deckers Brands,Consumer Discretionary,Footwear,96.44,223.98,93.72,97.59,99.64,103.98,108.93,106.99,109.18,126.25
DE,Deere & Company,Industrials,Agricultural & Farm Machinery,448.46,530.24,381.67,447.62,454.24,459.49,474.63,491.97,489.83,478.21
DELL,Dell Technologies,Information Technology,"Technology Hardware, Storage & Peripherals",153.7,166.1,65.56,152.48,151.17,143.24,135.45,128.28,122.31,114.4
DAL,Delta Air Lines,Industrials,Passenger Airlines,61.7,69.36,34.52,59.75,58.51,58.21,58.92,55.08,53.16,54.16
DVN,Devon Energy,Energy,Oil & Gas Exploration & Production,32.61,41.75,25.53,33.08,33.91,34.51,34.36,33.47,33.03,33.36
DXCM,Dexcom,Health Care,Health Care Equipment,65.41,93.25,57.52,66.0,66.37,67.37,73.81,79.07,78.95,78.93
FANG,Diamondback Energy,Energy,Oil & Gas Exploration & Production,141.94,188.33,112.4,141.98,144.77,143.89,142.06,142.01,140.7,145.67
DLR,Digital Realty,Real Estate,Data Center REITs,175.2,192.35,128.14,172.47,173.87,173.01,169.28,170.98,168.84,164.4
DG,Dollar General,Consumer Staples,Consumer Staples Merchandise Retail,106.32,117.24,65.27,101.96,100.23,101.3,106.52,107.79,104.77,94.2
DLTR,Dollar Tree,Consumer Staples,Consumer Staples Merchandise Retail,95.97,118.06,60.49,92.15,90.15,92.4,101.77,102.19,98.61,88.54
D,Dominion Energy,Utilities,Multi-Utilities,61.69,62.37,46.96,61.16,61.13,60.79,60.21,58.21,57.23,55.67
DPZ,Domino's,Consumer Discretionary,Restaurants,417.46,495.24,392.47,412.33,416.74,422.66,439.0,450.2,456.19,452.83
DASH,DoorDash,Consumer Discretionary,Specialized Consumer Services,272.61,285.08,143.37,271.63,273.9,269.91,259.57,245.67,234.91,216.43
DOV,Dover Corporation,Industrials,Industrial Machinery & Supplies & Components,162.66,220.46,142.22,162.02,163.93,166.18,172.65,177.29,176.54,180.08
DOW,Dow Inc.,Materials,Commodity Chemicals,22.2,50.03,20.11,21.65,22.43,22.75,23.22,25.25,25.9,29.39
DHI,D. R. Horton,Consumer Discretionary,Homebuilding,155.24,193.34,109.8,153.51,160.53,164.26,166.83,149.04,143.92,139.23
DTE,DTE Energy,Utilities,Multi-Utilities,142.46,143.79,111.81,140.94,140.97,139.64,137.95,135.69,135.28,131.57
DUK,Duke Energy,Utilities,Electric Utilities,128.67,128.99,102.41,126.86,125.46,123.93,123.15,119.91,119.39,116.68
DD,DuPont,Materials,Specialty Chemicals,78.53,85.99,53.17,76.72,78.24,77.7,76.11,73.37,71.81,72.69
EMN,Eastman Chemical Company,Materials,Specialty Chemicals,60.67,107.33,56.08,60.1,61.73,62.65,64.49,70.18,71.55,78.16
ETN,Eaton Corporation,Industrials,Electrical Components & Equipment,381.72,398.4,230.37,375.54,375.56,373.3,362.17,356.46,345.5,329.48
EBAY,eBay Inc.,Consumer Discretionary,Broadline Retail,90.87,100.83,55.44,89.99,90.74,90.85,92.89,85.32,81.98,75.77
ECL,Ecolab,Materials,Specialty Chemicals,273.7,285.35,220.55,272.31,275.22,271.86,273.84,269.83,265.63,258.9
EIX,Edison International,Utilities,Electric Utilities,56.74,83.74,46.27,54.33,54.09,54.21,54.36,52.59,53.07,54.01
EW,Edwards Lifesciences,Health Care,Health Care Equipment,72.93,83.0,64.89,73.67,75.11,75.29,77.65,77.37,76.88,74.85
EA,Electronic Arts,Communication Services,Interactive Home Entertainment,200.75,203.75,114.77,200.26,200.35,191.58,179.26,165.4,162.04,152.28
ELV,Elevance Health,Health Care,Managed Health Care,349.49,501.08,272.22,352.55,352.33,336.58,317.92,331.07,345.79,366.34
EMR,Emerson Electric,Industrials,Electrical Components & Equipment,130.27,149.68,89.31,129.15,131.28,131.18,132.05,132.78,128.15,123.75
ENPH,Enphase Energy,Information Technology,Semiconductor Materials & Equipment,37.54,102.0,29.89,35.96,36.38,36.93,36.49,38.0,39.85,48.25
ETR,Entergy,Utilities,Electric Utilities,97.65,98.58,63.42,96.18,96.0,93.54,90.79,87.09,86.14,84.1
EOG,EOG Resources,Energy,Oil & Gas Exploration & Production,108.63,135.49,100.76,109.49,110.01,112.68,116.82,117.38,116.13,118.91
EPAM,EPAM Systems,Information Technology,IT Consulting & Other Services,142.97,269.0,138.15,145.91,148.99,151.41,158.6,164.87,165.48,182.27
EQT,EQT Corporation,Energy,Oil & Gas Exploration & Production,55.44,60.83,34.99,54.09,55.3,53.93,52.4,54.05,53.76,52.48
EFX,Equifax,Industrials,Research & Consulting Services,229.64,292.84,199.2,229.4,233.1,244.66,246.47,251.96,253.61,250.7
EQIX,Equinix,Real Estate,Data Center REITs,822.24,977.63,693.42,810.98,798.68,793.33,783.9,803.86,811.55,833.3
EQR,Equity Residential,Real Estate,Multi-Family Residential REITs,62.09,75.25,58.19,62.01,62.38,63.38,63.79,65.17,65.82,66.62
ERIE,Erie Indemnity,Financials,Insurance Brokers,318.4,531.01,305.49,320.75,319.81,317.36,335.13,343.06,347.68,368.65
ESS,Essex Property Trust,Real Estate,Multi-Family Residential REITs,257.15,307.81,239.32,257.8,260.29,262.46,261.03,269.48,270.78,274.92
EL,Estée Lauder Companies (The),Consumer Staples,Personal Care Products,95.27,97.15,47.94,92.93,91.85,89.44,89.42,84.73,79.82,75.79
EG,Everest Group,Financials,Reinsurance,348.55,395.2,318.14,350.95,354.91,349.05,342.87,340.17,341.35,344.38
EVRG,Evergy,Utilities,Electric Utilities,78.65,78.89,56.9,77.68,77.41,75.59,73.28,70.48,69.63,67.46
ES,Eversource Energy,Utilities,Electric Utilities,72.24,74.46,51.06,71.71,72.19,70.45,66.57,65.36,64.18,61.69
EXC,Exelon,Utilities,Electric Utilities,47.83,47.88,34.98,47.16,46.52,45.29,44.55,43.77,43.96,42.98
EXE,Expand Energy,Energy,Oil & Gas Exploration & Production,103.17,121.47,80.07,102.99,105.57,104.38,99.36,104.31,104.84,103.57
EXPE,Expedia Group,Consumer Discretionary,"Hotels, Resorts & Cruise Lines",218.43,240.98,129.46,216.87,217.36,218.54,213.81,194.22,187.51,183.37
EXPD,Expeditors International,Industrials,Air Freight & Logistics,117.35,128.27,99.78,115.61,119.13,120.35,120.69,117.53,116.12,115.12
EXR,Extra Space Storage,Real Estate,Self-Storage REITs,149.19,168.1,118.4,145.42,143.83,141.81,140.67,143.43,143.31,143.9
XOM,ExxonMobil,Energy,Integrated Oil & Gas,111.61,119.92,96.01,111.96,112.68,113.29,111.33,109.78,108.82,108.29
FFIV,"F5, Inc.",Information Technology,Communications Equipment,330.75,346.0,213.24,337.73,334.32,330.25,323.51,309.59,302.0,291.85
FDS,FactSet,Financials,Financial Exchanges & Data,283.95,495.04,272.5,284.38,281.95,285.88,337.21,384.2,395.5,415.56
FICO,Fair Isaac,Information Technology,Application Software,1636.65,2402.52,1300.0,1662.03,1737.02,1629.41,1518.08,1593.78,1676.65,1743.51
FAST,Fastenal,Industrials,Trading Companies & Distributors,42.24,50.63,34.8,43.96,45.86,46.91,48.0,45.62,44.53,41.77
FRT,Federal Realty Investment Trust,Real Estate,Retail REITs,98.22,113.0,78.83,97.05,97.76,98.28,97.33,95.26,94.81,96.33
FDX,FedEx,Industrials,Air Freight & Logistics,235.8,301.45,191.82,232.35,237.8,236.0,230.72,228.06,225.43,234.18
FIS,Fidelity National Information Services,Financials,Transaction & Payment Processing Services,66.56,90.1,63.0,67.41,67.4,66.19,67.91,73.79,74.54,74.23
FITB,Fifth Third Bancorp,Financials,Regional Banks,42.92,47.33,31.68,42.76,43.34,44.14,43.93,42.17,41.01,40.64
FSLR,First Solar,Information Technology,Semiconductors,244.4,248.04,116.56,231.04,230.63,224.72,208.69,187.64,179.49,169.38
FE,FirstEnergy,Utilities,Electric Utilities,47.69,47.83,36.81,47.15,46.66,45.57,44.31,42.39,42.27,41.01
FI,Fiserv,Financials,Transaction & Payment Processing Services,121.11,238.59,120.79,123.27,124.79,127.36,132.4,146.86,154.19,177.72
F,Ford Motor Company,Consumer Discretionary,Automobile Manufacturers,11.76,12.8,8.21,11.57,11.91,11.87,11.68,11.22,10.99,10.36
FTNT,Fortinet,Information Technology,Systems Software,83.58,114.82,70.12,84.02,84.99,84.52,81.27,92.15,94.16,96.35
FTV,Fortive,Industrials,Industrial Machinery & Supplies & Components,48.49,62.58,45.4,48.64,49.29,48.97,48.37,50.28,50.66,53.08
FOXA,Fox Corporation (Class A),Communication Services,Broadcasting,57.55,65.3,40.91,57.98,59.7,60.54,59.21,57.21,56.0,54.5
FOX,Fox Corporation (Class B),Communication Services,Broadcasting,51.6,59.29,37.58,51.94,53.52,54.48,53.65,52.15,51.21,50.26
BEN,Franklin Resources,Financials,Asset Management & Custody Banks,22.79,25.72,15.81,22.97,23.17,23.27,24.16,23.59,22.79,21.34
FCX,Freeport-McMoRan,Materials,Copper,41.71,49.54,27.45,42.13,41.3,40.88,42.54,42.52,41.42,39.82
GRMN,Garmin,Consumer Discretionary,Consumer Electronics,249.43,261.69,158.51,250.93,254.32,247.49,239.52,225.99,219.63,215.87
IT,Gartner,Information Technology,IT Consulting & Other Services,236.79,584.01,223.65,242.57,247.3,253.24,246.88,318.07,340.28,391.79
GE,GE Aerospace,Industrials,Aerospace & Defense,300.12,306.88,158.62,297.71,298.75,298.88,284.61,268.8,257.08,232.94
GEHC,GE HealthCare,Health Care,Health Care Equipment,73.22,94.71,57.59,72.53,74.2,74.1,74.35,73.89,72.92,76.46
GEV,GE Vernova,Industrials,Heavy Electrical Equipment,615.95,677.29,251.95,629.49,618.34,618.08,619.24,577.72,541.11,466.25
GEN,Gen Digital,Information Technology,Systems Software,27.04,32.09,22.55,26.83,27.23,27.98,29.31,29.35,28.79,28.02
GNRC,Generac,Industrials,Electrical Components & Equipment,191.67,203.25,99.5,178.32,172.97,172.48,182.62,163.42,154.47,148.74
GD,General Dynamics,Industrials,Aerospace & Defense,332.04,345.85,235.63,335.23,338.96,333.1,324.65,307.37,300.15,284.13
GIS,General Mills,Consumer Staples,Packaged Foods & Meats,47.74,69.38,47.69,48.48,49.08,49.34,49.15,50.1,50.88,53.51
GM,General Motors,Consumer Discretionary,Automobile Manufacturers,57.8,62.14,41.36,56.37,57.32,58.7,57.68,54.08,52.68,51.08
GPC,Genuine Parts Company,Consumer Discretionary,Distributors,133.55,143.1,102.41,132.15,134.9,136.47,136.98,130.8,128.28,123.98
GILD,Gilead Sciences,Health Care,Biotechnology,118.3,120.99,81.9,117.78,116.08,114.35,114.52,112.1,110.08,106.82
GPN,Global Payments,Financials,Transaction & Payment Processing Services,86.1,118.69,65.53,85.36,86.5,86.08,85.96,82.42,81.29,88.82
GL,Globe Life,Financials,Life & Health Insurance,138.1,147.54,99.43,137.38,136.93,140.29,139.94,131.83,129.63,126.42
GDDY,GoDaddy,Information Technology,Internet Services & Infrastructure,130.24,216.0,129.32,131.88,133.62,137.73,142.28,158.02,163.06,172.55
GS,Goldman Sachs,Financials,Investment Banking & Brokerage,767.93,825.25,434.87,773.96,780.21,789.95,762.07,714.89,684.02,643.94
HAL,Halliburton,Energy,Oil & Gas Equipment & Services,22.39,31.66,18.43,22.54,23.39,23.72,22.49,21.87,21.56,22.87
HIG,Hartford (The),Financials,Property & Casualty Insurance,128.66,135.17,103.64,129.55,131.35,131.67,131.32,127.97,127.15,122.09
HAS,Hasbro,Consumer Discretionary,Leisure Products,74.13,82.19,48.07,73.05,74.15,74.68,77.27,74.55,71.77,66.55
HCA,HCA Healthcare,Health Care,Health Care Facilities,420.25,439.01,288.25,416.67,423.7,419.04,407.08,388.27,381.31,358.92
DOC,Healthpeak Properties,Real Estate,Health Care REITs,18.51,21.94,16.26,18.22,18.69,18.73,17.99,17.67,17.59,18.19
HSIC,Henry Schein,Health Care,Health Care Distributors,63.25,82.49,60.56,63.48,64.61,65.85,67.19,69.29,69.0,70.24
HSY,Hershey Company (The),Consumer Staples,Packaged Foods & Meats,191.6,202.98,136.73,190.99,192.42,190.54,186.11,178.08,174.78,169.62
HPE,Hewlett Packard Enterprise,Information Technology,"Technology Hardware, Storage & Peripherals",25.04,26.44,11.82,25.1,25.02,24.83,23.39,21.3,20.34,19.73
HLT,Hilton Worldwide,Consumer Discretionary,"Hotels, Resorts & Cruise Lines",265.11,279.81,195.81,263.3,261.27,262.13,267.85,264.53,258.81,252.9
HOLX,Hologic,Health Care,Health Care Equipment,67.0,84.39,51.9,66.96,67.44,67.25,67.06,65.81,63.96,64.49
HD,Home Depot (The),Consumer Discretionary,Home Improvement Retail,388.3,429.19,322.47,381.77,385.88,397.56,402.21,383.3,378.71,378.37
HON,Honeywell,Industrials,Industrial Conglomerates,202.5,240.47,177.52,203.83,206.71,207.97,213.0,220.34,218.25,215.08
HRL,Hormel Foods,Consumer Staples,Packaged Foods & Meats,23.65,32.43,23.06,23.55,23.77,24.06,25.66,27.57,27.88,28.27
HST,Host Hotels & Resorts,Real Estate,Hotel & Resort REITs,16.57,18.32,11.93,16.24,16.45,16.82,16.64,16.12,15.75,15.58
HWM,Howmet Aerospace,Industrials,Aerospace & Defense,192.27,198.48,98.55,189.64,190.21,191.31,183.38,180.89,174.43,156.14
HPQ,HP Inc.,Information Technology,"Technology Hardware, Storage & Peripherals",28.61,38.25,20.76,27.4,27.03,27.27,27.27,26.07,26.05,27.39
HUBB,Hubbell Incorporated,Industrials,Industrial Machinery & Supplies & Components,434.05,475.24,297.55,421.51,418.96,425.45,430.32,419.35,407.83,396.32
HUM,Humana,Health Care,Managed Health Care,262.17,314.25,206.15,273.12,279.44,267.81,278.45,256.37,254.99,259.89
HBAN,Huntington Bancshares,Financials,Regional Banks,16.21,17.93,11.7,16.08,16.44,16.92,16.98,16.6,16.23,15.87
HII,Huntington Ingalls Industries,Industrials,Aerospace & Defense,284.96,296.03,155.93,286.79,286.51,282.4,274.44,258.63,251.77,228.21
IBM,IBM,Information Technology,IT Consulting & Other Services,280.75,301.04,197.92,280.03,284.8,280.24,259.83,266.89,262.89,253.77
IEX,IDEX Corporation,Industrials,Industrial Machinery & Supplies & Components,163.19,234.67,151.55,162.8,164.23,162.4,162.56,170.06,171.5,179.31
IDXX,Idexx Laboratories,Health Care,Health Care Equipment,639.15,688.12,356.14,630.86,630.43,633.78,640.24,588.37,565.19,513.56
ITW,Illinois Tool Works,Industrials,Industrial Machinery & Supplies & Components,247.69,273.07,212.05,246.69,252.14,255.83,259.11,254.1,251.16,250.21
INCY,Incyte,Health Care,Biotechnology,88.15,88.66,53.56,85.48,86.03,85.3,84.69,77.01,73.79,71.62
IR,Ingersoll Rand,Industrials,Industrial Machinery & Supplies & Components,76.67,105.95,65.58,76.92,79.85,80.86,79.76,81.84,81.09,82.54
PODD,Insulet Corporation,Health Care,Health Care Equipment,312.45,353.5,226.5,316.04,314.22,318.17,324.48,313.1,306.59,292.11
INTC,Intel,Information Technology,Semiconductors,37.15,39.65,17.67,36.83,36.95,34.62,28.08,24.79,23.97,23.07
ICE,Intercontinental Exchange,Financials,Financial Exchanges & Data,157.46,188.82,141.12,158.26,159.53,163.83,172.2,176.27,174.87,169.83
IFF,International Flavors & Fragrances,Materials,Specialty Chemicals,61.93,104.48,59.14,60.68,61.09,61.35,63.69,69.19,70.42,73.93
IP,International Paper,Materials,Paper & Plastic Packaging Products & Materials,46.94,58.71,42.44,46.27,46.37,46.27,47.04,47.84,47.5,49.34
IPG,Interpublic Group of Companies (The),Communication Services,Advertising,27.04,31.81,21.93,26.52,26.67,26.5,26.26,25.14,24.96,25.39
INTU,Intuit,Information Technology,Application Software,652.69,812.22,530.03,650.45,659.38,674.41,680.69,723.05,705.06,664.34
ISRG,Intuitive Surgical,Health Care,Health Care Equipment,435.61,616.0,425.0,436.22,441.52,441.49,456.16,489.18,497.17,513.74
IVZ,Invesco,Financials,Asset Management & Custody Banks,23.6,24.54,11.33,23.34,23.66,23.15,22.19,19.49,18.42,17.52
INVH,Invitation Homes,Real Estate,Single-Family Residential REITs,28.42,35.13,27.71,28.22,28.3,28.74,29.53,30.86,31.4,31.45
IQV,IQVIA,Health Care,Life Sciences Tools & Services,203.12,237.34,134.65,202.56,203.03,194.7,190.06,176.56,170.77,177.2
IRM,Iron Mountain,Real Estate,Other Specialized REITs,105.76,126.21,71.19,103.62,104.38,102.94,96.61,97.63,96.46,94.92
JBHT,J.B. Hunt,Industrials,Cargo Ground Transportation,138.83,198.61,122.01,139.21,139.64,136.4,140.0,142.3,141.01,147.85
JBL,Jabil,Information Technology,Electronic Manufacturing Services,206.88,237.14,108.57,201.21,203.52,212.42,212.55,208.47,197.34,179.39
JKHY,Jack Henry & Associates,Financials,Transaction & Payment Processing Services,154.46,194.68,144.12,152.33,150.1,150.23,156.85,167.37,168.92,170.46
J,Jacobs Solutions,Industrials,Construction & Engineering,160.63,161.99,104.68,155.83,155.54,152.25,148.99,140.74,137.04,132.92
JNJ,Johnson & Johnson,Health Care,Pharmaceuticals,191.17,194.4,137.37,190.94,189.61,184.22,179.23,168.11,164.83,160.19
JCI,Johnson Controls,Industrials,Building Products,110.82,112.63,67.78,107.67,108.21,108.16,107.11,105.91,102.39,94.25
JPM,JPMorgan Chase,Financials,Diversified Banks,305.69,316.47,200.22,304.43,305.77,309.02,301.01,290.17,281.98,268.66
K,Kellanova,Consumer Staples,Packaged Foods & Meats,82.79,83.0,76.48,82.85,82.81,80.8,79.93,79.77,80.08,80.27
KVUE,Kenvue,Consumer Staples,Personal Care Products,16.26,24.71,15.47,16.42,16.16,16.51,18.81,20.23,20.82,21.15
KDP,Keurig Dr Pepper,Consumer Staples,Soft Drinks & Non-alcoholic Beverages,26.93,36.17,25.03,26.34,25.95,25.96,28.88,30.87,31.41,31.68
KEY,KeyCorp,Financials,Regional Banks,17.73,19.41,12.43,17.74,18.08,18.45,18.48,17.76,17.22,16.77
KEYS,Keysight Technologies,Information Technology,Electronic Equipment & Instruments,164.84,186.2,121.43,164.72,168.77,172.01,168.49,165.59,162.69,161.84
KMB,Kimberly-Clark,Consumer Staples,Household Products,119.92,147.59,118.18,119.7,120.62,122.12,126.89,128.53,129.35,130.37
KIM,Kimco Realty,Real Estate,Retail REITs,21.71,24.7,17.52,21.23,21.32,21.53,21.67,21.32,21.12,21.06
KMI,Kinder Morgan,Energy,Oil & Gas Storage & Transportation,27.61,30.49,23.22,27.38,27.76,27.82,27.24,27.46,27.33,27.15
KKR,KKR & Co.,Financials,Asset Management & Custody Banks,124.46,169.7,85.9,122.55,124.14,131.67,137.34,135.42,131.57,131.81
KLAC,KLA Corporation,Information Technology,Semiconductor Materials & Equipment,1087.01,1155.0,548.81,1034.79,1070.18,1069.97,972.96,923.37,881.66,814.11
KHC,Kraft Heinz,Consumer Staples,Packaged Foods & Meats,25.19,34.37,24.8,25.19,25.38,25.79,26.48,26.48,26.71,27.48
KR,Kroger,Consumer Staples,Food Retail,69.1,74.52,53.78,68.14,67.32,66.57,68.3,68.78,69.02,66.86
LHX,L3Harris,Industrials,Aerospace & Defense,289.72,308.12,190.25,294.73,297.84,294.26,282.24,268.48,258.65,239.43
LH,Labcorp,Health Care,Health Care Services,282.75,289.2,208.23,278.97,278.34,279.08,275.75,265.62,260.11,251.75
LRCX,Lam Research,Information Technology,Semiconductor Materials & Equipment,144.78,153.7,56.07,138.65,141.81,136.35,117.17,105.48,99.41,90.67
LW,Lamb Weston,Consumer Staples,Packaged Foods & Meats,63.98,82.35,47.25,64.06,63.61,59.77,57.17,55.37,54.59,55.09
LVS,Las Vegas Sands,Consumer Discretionary,Casinos & Gaming,49.03,58.05,29.84,49.0,50.84,52.26,53.5,49.62,47.34,45.41
LDOS,Leidos,Industrials,Diversified Support Services,186.57,200.78,122.65,188.37,192.36,189.7,183.68,169.51,165.65,155.52
LEN,Lennar,Consumer Discretionary,Homebuilding,122.44,180.51,97.13,119.77,122.33,124.05,128.63,119.51,117.1,118.45
LII,Lennox International,Industrials,Building Products,526.99,687.72,496.64,528.18,538.84,533.57,556.95,571.04,569.27,577.99
LLY,Lilly (Eli),Health Care,Pharmaceuticals,826.57,931.67,622.41,829.43,834.13,792.7,746.15,759.74,765.97,783.75
LIN,Linde plc,Materials,Industrial Gases,451.42,484.83,406.06,455.86,462.23,468.78,472.88,469.23,465.24,457.43
LYV,Live Nation Entertainment,Communication Services,Movies & Entertainment,155.23,175.25,112.88,153.53,154.18,158.6,161.75,154.09,150.61,144.67
LKQ,LKQ Corporation,Consumer Discretionary,Distributors,29.75,43.77,28.42,29.34,29.98,30.25,30.93,33.83,35.0,36.49
LMT,Lockheed Martin,Industrials,Aerospace & Defense,499.41,602.02,407.14,504.25,506.44,496.31,467.82,461.6,461.86,458.35
L,Loews Corporation,Financials,Multi-line Insurance,100.31,103.52,74.95,101.47,101.91,100.34,97.66,93.92,92.56,89.9
LOW,Lowe's,Consumer Discretionary,Home Improvement Retail,241.53,281.56,204.22,236.73,239.65,248.6,254.58,238.67,235.66,237.11
LULU,Lululemon Athletica,Consumer Discretionary,"Apparel, Accessories & Luxury Goods",167.1,423.32,159.25,169.41,172.3,173.56,182.53,214.78,229.22,274.84
LYB,LyondellBasell,Materials,Specialty Chemicals,46.76,86.43,44.89,46.45,47.76,49.0,51.64,54.93,55.01,60.05
MTB,M&T Bank,Financials,Regional Banks,185.03,219.44,148.52,184.73,188.15,193.65,194.22,191.43,187.64,185.45
MPC,Marathon Petroleum,Energy,Oil & Gas Refining & Marketing,183.83,201.61,113.82,183.76,187.79,189.82,179.24,173.57,167.94,158.32
MKTX,MarketAxess,Financials,Financial Exchanges & Data,171.55,292.5,161.61,173.03,171.34,174.45,181.33,198.78,202.92,205.38
MAR,Marriott International,Consumer Discretionary,"Hotels, Resorts & Cruise Lines",266.19,305.27,204.35,264.75,266.51,264.98,265.28,266.64,263.18,263.06
MMC,Marsh McLennan,Financials,Insurance Brokers,203.85,245.83,194.14,205.85,203.99,200.93,202.81,208.62,211.44,216.33
MLM,Martin Marietta Materials,Materials,Construction Materials,639.16,665.18,440.72,640.16,636.55,626.99,617.67,587.76,576.14,548.5
MAS,Masco,Industrials,Building Products,67.51,85.23,56.02,66.82,68.16,69.63,71.72,68.15,66.97,68.89
MA,Mastercard,Financials,Transaction & Payment Processing Services,562.81,600.98,463.61,562.4,570.11,571.51,579.39,571.72,568.31,556.32
MTCH,Match Group,Communication Services,Interactive Media & Services,32.87,38.99,26.09,32.27,33.06,34.68,36.23,33.96,32.99,32.46
MKC,McCormick & Company,Consumer Staples,Packaged Foods & Meats,65.3,84.63,63.22,65.57,66.23,65.77,67.79,70.05,70.85,73.01
MCD,McDonald's,Consumer Discretionary,Restaurants,305.25,322.65,271.85,300.15,298.84,300.87,305.57,301.78,303.73,300.82
MCK,McKesson Corporation,Health Care,Health Care Distributors,791.93,792.12,490.22,772.97,760.88,749.63,712.05,713.61,711.17,678.91
MDT,Medtronic,Health Care,Health Care Equipment,95.34,99.37,77.57,95.88,96.72,95.79,93.88,90.7,89.25,88.41
MRK,Merck & Co.,Health Care,Pharmaceuticals,84.11,107.6,71.87,85.6,86.95,84.07,83.22,81.3,80.58,83.86
META,Meta Platforms,Communication Services,Interactive Media & Services,717.55,795.71,479.11,716.14,716.49,734.57,749.13,726.44,698.36,670.74
MET,MetLife,Financials,Life & Health Insurance,81.62,87.17,64.24,81.42,81.79,81.32,79.95,78.82,78.31,79.01
MTD,Mettler Toledo,Health Care,Life Sciences Tools & Services,1304.0,1486.76,946.69,1294.6,1307.05,1275.17,1281.1,1238.28,1209.2,1220.77
MGM,MGM Resorts,Consumer Discretionary,Casinos & Gaming,32.17,42.54,25.3,31.98,32.8,33.97,35.52,35.31,34.67,33.98
MCHP,Microchip Technology,Information Technology,Semiconductors,65.21,77.17,33.63,64.09,65.16,65.03,65.06,66.66,63.42,59.28
MU,Micron Technology,Information Technology,Semiconductors,191.94,201.0,61.44,189.14,189.04,177.06,147.44,130.57,121.28,110.21
MSFT,Microsoft,Information Technology,Systems Software,513.43,554.54,343.59,514.88,518.49,515.79,512.35,501.62,485.45,454.01
MAA,Mid-America Apartment Communities,Real Estate,Multi-Family Residential REITs,132.0,170.0,131.6,133.95,135.08,137.48,140.22,144.58,147.46,150.16
MRNA,Moderna,Health Care,Biotechnology,27.72,58.96,23.15,27.01,27.47,26.58,25.95,27.58,27.27,29.85
MHK,Mohawk Industries,Consumer Discretionary,Home Furnishings,127.45,164.29,96.24,121.9,123.9,126.35,128.97,118.48,115.89,116.34
MOH,Molina Healthcare,Health Care,Managed Health Care,192.39,359.97,151.95,195.19,197.89,192.37,179.93,213.66,234.8,262.09
TAP,Molson Coors Beverage Company,Consumer Staples,Brewers,46.37,63.47,43.8,46.22,46.11,45.77,48.24,49.0,50.33,52.74
MDLZ,Mondelez International,Consumer Staples,Packaged Foods & Meats,61.66,70.58,52.78,61.48,61.79,62.34,61.86,64.32,64.53,63.23
MPWR,Monolithic Power Systems,Information Technology,Semiconductors,1007.93,1016.95,437.16,968.31,958.54,932.72,876.6,796.86,763.19,705.05
MNST,Monster Beverage,Consumer Staples,Soft Drinks & Non-alcoholic Beverages,68.65,70.06,45.7,68.61,68.18,66.78,64.77,63.24,62.69,59.09
MCO,Moody's Corporation,Financials,Financial Exchanges & Data,478.51,528.95,377.3,482.01,483.92,481.44,498.86,495.58,488.33,481.88
MS,Morgan Stanley,Financials,Investment Banking & Brokerage,162.65,166.77,92.93,156.25,156.38,157.92,152.43,144.26,139.34,133.33
MOS,Mosaic Company (The),Materials,Fertilizers & Agricultural Chemicals,29.79,37.97,21.99,30.9,32.93,33.71,33.05,34.43,33.77,30.75
MSI,Motorola Solutions,Information Technology,Communications Equipment,438.94,502.83,387.0,453.95,454.86,458.86,464.06,441.25,436.79,437.9
MSCI,MSCI Inc.,Financials,Financial Exchanges & Data,549.4,636.39,483.67,551.32,557.83,560.82,562.84,562.28,559.75,564.0
NDAQ,"Nasdaq, Inc.",Financials,Financial Exchanges & Data,89.62,97.36,64.46,89.77,89.03,88.63,92.15,90.23,87.66,83.63
NTAP,NetApp,Information Technology,"Technology Hardware, Storage & Peripherals",121.47,132.76,71.18,119.03,119.36,120.37,116.25,109.83,106.27,105.67
NFLX,Netflix,Communication Services,Movies & Entertainment,1203.29,1341.15,677.88,1217.76,1197.33,1202.65,1213.06,1221.77,1202.65,1105.6
NEM,Newmont,Materials,Gold,93.58,93.93,36.35,88.77,88.1,85.83,78.0,68.09,64.92,57.12
NWSA,News Corp (Class A),Communication Services,Publishing,26.57,31.61,23.3,26.31,27.09,28.75,29.13,28.97,28.66,28.2
NWS,News Corp (Class B),Communication Services,Publishing,29.92,35.47,26.17,29.68,30.6,32.17,32.95,33.07,32.8,32.16
NEE,NextEra Energy,Utilities,Multi-Utilities,85.79,86.48,60.75,84.36,82.94,78.53,74.84,73.21,72.11,70.85
NKE,"Nike, Inc.",Consumer Discretionary,"Apparel, Accessories & Luxury Goods",68.46,82.92,51.67,67.35,69.24,70.04,73.19,70.7,68.24,68.9
NI,NiSource,Utilities,Multi-Utilities,43.55,44.52,32.9,43.0,43.36,42.66,42.05,41.02,40.58,39.56
NDSN,Nordson Corporation,Industrials,Industrial Machinery & Supplies & Components,231.85,262.94,163.83,231.53,232.27,229.0,223.74,218.93,213.44,210.29
NSC,Norfolk Southern,Industrials,Rail Transportation,289.7,302.24,199.43,290.57,294.34,293.83,284.86,272.22,263.29,253.17
NTRS,Northern Trust,Financials,Asset Management & Custody Banks,129.88,135.48,80.54,128.13,130.17,131.08,129.15,124.02,118.69,112.24
NOC,Northrop Grumman,Industrials,Aerospace & Defense,608.93,640.9,420.66,622.65,620.59,604.06,591.2,552.09,537.25,514.86
NCLH,Norwegian Cruise Line Holdings,Consumer Discretionary,"Hotels, Resorts & Cruise Lines",23.58,29.29,14.21,23.22,23.67,24.36,24.7,22.83,21.79,22.24
NRG,NRG Energy,Utilities,Independent Power Producers & Energy Traders,171.33,175.96,79.04,166.88,166.21,165.77,157.47,156.56,150.46,131.08
NUE,Nucor,Materials,Steel,136.76,167.56,96.79,136.81,137.03,135.99,140.54,135.28,131.16,128.46
NVDA,Nvidia,Information Technology,Semiconductors,179.83,195.62,86.61,184.78,186.01,183.18,179.47,167.92,157.87,145.08
NVR,"NVR, Inc.",Consumer Discretionary,Homebuilding,7645.22,9964.77,6562.85,7607.45,7795.26,7913.67,8066.7,7745.71,7628.42,7600.21
NXPI,NXP Semiconductors,Information Technology,Semiconductors,217.23,251.87,146.73,215.37,221.01,223.56,223.94,219.47,213.85,210.12
ORLY,O’Reilly Automotive,Consumer Discretionary,Automotive Retail,102.12,108.72,76.22,101.98,102.56,103.78,103.92,98.2,96.88,93.37
OXY,Occidental Petroleum,Energy,Oil & Gas Exploration & Production,41.88,53.3,34.4,42.65,43.81,45.41,45.36,44.37,43.61,44.82
ODFL,Old Dominion,Industrials,Cargo Ground Transportation,135.04,231.78,133.69,136.45,139.31,139.79,145.57,153.37,154.48,162.83
OMC,Omnicom Group,Communication Services,Advertising,79.31,103.32,67.76,77.69,78.08,77.54,76.85,74.31,74.27,76.53
ON,ON Semiconductor,Information Technology,Semiconductors,50.36,76.06,31.04,49.14,49.31,49.81,49.57,51.56,49.38,49.09
OKE,Oneok,Energy,Oil & Gas Storage & Transportation,68.92,113.92,68.25,69.68,71.13,72.04,73.19,76.76,77.88,84.11
ORCL,Oracle Corporation,Information Technology,Application Software,303.62,345.12,117.98,300.11,293.74,295.79,269.72,241.9,222.91,198.27
OTIS,Otis Worldwide,Industrials,Industrial Machinery & Supplies & Components,91.47,105.86,83.85,90.13,90.69,90.43,88.74,91.83,92.63,94.05
PCAR,Paccar,Industrials,Construction Machinery & Heavy Transportation Equipment,95.23,114.66,84.08,94.36,95.99,97.22,98.47,96.85,95.78,98.23
PKG,Packaging Corporation of America,Materials,Paper & Plastic Packaging Products & Materials,209.65,244.78,170.61,209.26,211.32,212.92,209.11,202.02,198.56,201.49
PLTR,Palantir Technologies,Information Technology,Application Software,179.62,190.0,40.36,179.5,180.29,180.33,172.24,156.96,148.75,125.66
PANW,Palo Alto Networks,Information Technology,Systems Software,206.7,217.94,144.15,210.25,210.92,207.71,194.88,194.87,192.72,188.64
PSKY,Paramount Skydance Corporation,Communication Services,Movies & Entertainment,17.43,20.86,9.92,17.36,18.06,18.5,16.21,14.33,13.77,12.74
PH,Parker Hannifin,Industrials,Industrial Machinery & Supplies & Components,737.86,779.77,485.92,731.68,744.72,749.51,748.39,720.15,701.07,676.44
PAYX,Paychex,Industrials,Human Resource & Employment Services,127.52,160.03,119.02,126.86,126.03,127.18,133.08,140.52,141.96,142.84
PAYC,Paycom,Industrials,Human Resource & Employment Services,199.5,267.33,160.2,200.75,201.6,208.21,217.33,228.07,230.0,222.48
PYPL,PayPal,Financials,Transaction & Payment Processing Services,67.98,93.66,55.85,70.32,71.18,69.44,68.92,70.94,70.36,72.33
PNR,Pentair,Industrials,Industrial Machinery & Supplies & Components,110.31,113.95,73.85,109.32,110.57,110.28,108.68,105.25,102.72,99.01
PEP,PepsiCo,Consumer Staples,Soft Drinks & Non-alcoholic Beverages,151.16,170.89,125.14,149.28,145.0,143.08,144.41,138.88,137.31,140.04
PFE,Pfizer,Health Care,Pharmaceuticals,24.39,27.86,20.18,24.73,25.65,25.04,24.88,24.43,24.02,24.25
PCG,PG&E Corporation,Utilities,Multi-Utilities,16.68,21.59,12.95,16.23,16.16,15.53,15.29,14.84,15.3,15.82
PM,Philip Morris International,Consumer Staples,Tobacco,157.73,183.57,113.18,158.72,156.67,159.0,162.63,168.62,168.27,157.56
PSX,Phillips 66,Energy,Oil & Gas Refining & Marketing,129.57,142.35,89.26,129.61,131.26,132.94,129.55,125.3,121.93,119.97
PNW,Pinnacle West Capital,Utilities,Multi-Utilities,93.71,94.64,79.08,92.66,91.61,89.37,89.77,89.67,90.02,89.12
PNC,PNC Financial Services,Financials,Diversified Banks,182.34,208.54,141.09,185.7,189.58,195.38,196.34,189.83,184.53,182.34
POOL,Pool Corporation,Consumer Discretionary,Distributors,290.44,391.14,281.15,292.76,299.55,305.8,313.36,307.33,306.26,315.62
PPG,PPG Industries,Materials,Specialty Chemicals,99.56,129.03,89.08,99.4,101.28,103.66,107.58,109.77,109.23,110.05
PPL,PPL Corporation,Utilities,Electric Utilities,37.97,38.22,30.49,37.49,37.25,36.8,36.4,35.37,35.28,34.55
PFG,Principal Financial Group,Financials,Life & Health Insurance,80.9,88.63,67.06,80.79,82.2,82.22,80.25,78.95,78.25,78.77
PG,Procter & Gamble,Consumer Staples,Personal Care Products,147.42,177.66,146.97,148.87,150.23,151.93,154.96,156.83,157.68,160.38
PGR,Progressive Corporation,Financials,Property & Casualty Insurance,226.5,292.65,217.2,237.07,240.2,241.43,244.58,252.02,257.03,258.79
PLD,Prologis,Real Estate,Industrial REITs,122.76,123.28,83.8,115.32,115.89,115.07,111.72,109.0,107.84,108.63
PRU,Prudential Financial,Financials,Life & Health Insurance,103.13,125.75,88.12,101.95,102.55,102.99,104.78,104.08,103.47,105.44
PEG,Public Service Enterprise Group,Utilities,Electric Utilities,84.73,92.35,73.5,82.19,81.87,82.0,82.64,82.46,81.66,81.58
PTC,PTC Inc.,Information Technology,Application Software,202.8,219.69,133.38,201.19,202.27,203.17,206.94,195.02,188.08,180.68
PSA,Public Storage,Real Estate,Self-Storage REITs,301.0,342.02,251.43,298.24,295.14,289.57,286.87,287.94,288.97,288.94
PHM,PulteGroup,Consumer Discretionary,Homebuilding,124.68,148.31,87.74,122.3,127.67,129.63,130.33,118.82,115.33,111.72
PWR,Quanta Services,Industrials,Construction & Engineering,436.93,443.97,226.97,429.41,428.18,414.93,394.48,385.2,370.75,338.73
QCOM,Qualcomm,Information Technology,Semiconductors,162.97,178.09,119.4,161.15,164.56,166.52,160.67,157.17,154.57,155.24
DGX,Quest Diagnostics,Health Care,Health Care Services,187.35,190.64,144.18,184.21,182.17,183.74,181.11,176.83,176.09,170.7
RL,Ralph Lauren Corporation,Consumer Discretionary,"Apparel, Accessories & Luxury Goods",318.44,330.11,175.49,317.19,320.5,315.53,305.77,293.21,282.84,265.97
RJF,Raymond James Financial,Financials,Investment Banking & Brokerage,163.69,177.15,116.85,162.11,164.22,168.56,167.06,160.63,157.0,154.45
RTX,RTX Corporation,Industrials,Aerospace & Defense,157.0,170.85,111.21,159.03,163.5,162.74,158.94,152.2,147.26,138.87
O,Realty Income,Real Estate,Retail REITs,59.46,61.34,49.31,58.79,59.3,59.47,58.73,57.44,57.01,55.62
REG,Regency Centers,Real Estate,Retail REITs,72.43,75.93,62.21,71.48,71.49,71.44,71.38,70.75,70.77,70.68
REGN,Regeneron Pharmaceuticals,Health Care,Biotechnology,576.42,1019.99,475.77,568.26,577.39,577.37,573.5,556.19,561.31,601.46
RF,Regions Financial Corporation,Financials,Regional Banks,24.74,27.61,17.36,24.79,25.34,26.01,26.14,24.76,23.93,23.24
RSG,Republic Services,Industrials,Environmental & Facilities Services,221.03,257.43,195.57,223.08,223.34,225.14,229.11,236.74,238.44,233.14
RMD,ResMed,Health Care,Health Care Equipment,269.7,293.81,199.07,272.53,276.49,274.44,277.64,267.54,261.56,249.33
RVTY,Revvity,Health Care,Health Care Equipment,92.12,129.23,81.36,90.84,91.6,88.89,88.21,91.63,91.88,99.5
ROK,Rockwell Automation,Industrials,Electrical Components & Equipment,352.09,359.54,213.27,342.37,345.08,345.24,343.51,338.55,324.91,304.0
ROL,"Rollins, Inc.",Industrials,Environmental & Facilities Services,56.02,59.12,44.94,56.52,57.4,57.13,57.19,56.88,56.7,54.29
ROP,Roper Technologies,Information Technology,Electronic Equipment & Instruments,499.73,592.47,491.43,510.67,508.76,505.21,516.26,538.0,543.21,548.28
ROST,Ross Stores,Consumer Discretionary,Apparel Retail,156.99,157.91,121.69,152.94,152.81,150.93,149.11,141.66,142.04,140.72
RCL,Royal Caribbean Group,Consumer Discretionary,"Hotels, Resorts & Cruise Lines",311.16,365.38,163.05,308.57,311.74,318.57,327.69,314.89,297.13,270.89
SPGI,S&P Global,Financials,Financial Exchanges & Data,482.88,578.04,425.6,484.52,482.11,488.05,525.22,523.34,518.08,511.96
CRM,Salesforce,Information Technology,Application Software,236.58,366.78,226.09,242.42,241.73,242.55,243.87,254.39,257.95,274.33
SBAC,SBA Communications,Real Estate,Telecom Tower REITs,194.45,247.78,185.45,190.05,189.88,192.98,202.67,216.25,219.07,214.9
SLB,Schlumberger,Energy,Oil & Gas Equipment & Services,32.57,43.66,30.61,32.45,33.36,34.02,34.31,34.33,34.27,36.14
STX,Seagate Technology,Information Technology,"Technology Hardware, Storage & Peripherals",219.38,264.83,62.66,217.32,228.63,227.96,194.19,166.14,151.46,128.2
SRE,Sempra,Utilities,Multi-Utilities,92.29,95.72,60.93,91.33,91.72,88.85,84.38,80.26,79.01,77.53
NOW,ServiceNow,Information Technology,Systems Software,903.05,1198.09,678.66,908.93,909.85,922.22,908.86,949.89,950.92,946.5
SHW,Sherwin-Williams,Materials,Specialty Chemicals,332.73,397.81,307.5,333.24,336.82,340.54,353.57,349.68,349.22,348.06
SPG,Simon Property Group,Real Estate,Retail REITs,178.36,188.43,132.99,176.97,179.14,181.39,177.43,168.6,165.95,165.74
SWKS,Skyworks Solutions,Information Technology,Semiconductors,74.22,97.73,47.01,72.63,74.5,76.75,74.89,73.42,71.74,71.74
SJM,J.M. Smucker Company (The),Consumer Staples,Packaged Foods & Meats,103.52,121.73,92.38,103.46,105.45,106.9,108.71,106.33,107.46,107.19
SW,Smurfit Westrock,Materials,Paper & Plastic Packaging Products & Materials,41.76,55.46,36.31,41.77,41.75,42.39,43.81,44.09,43.72,45.43
SNA,Snap-on,Industrials,Industrial Machinery & Supplies & Components,332.59,366.68,283.82,332.14,337.39,339.15,331.5,324.33,321.87,325.88
SOLV,Solventum,Health Care,Health Care Technology,71.56,85.92,60.7,71.25,72.32,72.52,72.65,73.38,72.49,72.73
SO,Southern Company,Utilities,Electric Utilities,99.72,100.24,78.5,98.38,96.84,95.19,93.8,92.35,91.63,89.22
LUV,Southwest Airlines,Industrials,Passenger Airlines,33.56,37.75,23.55,32.37,32.41,32.45,31.8,32.44,31.74,31.29
SWK,Stanley Black & Decker,Industrials,Industrial Machinery & Supplies & Components,67.72,105.27,52.62,66.68,70.31,72.68,73.68,70.65,68.97,72.47
SBUX,Starbucks,Consumer Discretionary,Restaurants,82.86,115.87,74.48,80.46,81.89,83.2,85.92,88.46,87.27,91.52
STT,State Street Corporation,Financials,Asset Management & Custody Banks,116.71,118.24,71.77,114.91,115.65,114.58,112.83,108.02,104.44,99.5
STLD,Steel Dynamics,Materials,Steel,146.05,153.16,102.41,145.52,144.8,141.51,134.15,131.96,131.31,128.37
STE,Steris,Health Care,Health Care Equipment,236.76,253.0,199.47,237.06,239.47,243.32,244.31,239.38,237.42,230.14
SYK,Stryker Corporation,Health Care,Health Care Equipment,369.75,403.95,327.71,367.89,368.72,369.97,378.67,382.41,380.62,377.89
SMCI,Supermicro,Information Technology,"Technology Hardware, Storage & Peripherals",53.94,66.44,17.25,54.53,54.55,50.8,46.65,47.36,45.16,42.07
SYF,Synchrony Financial,Financials,Consumer Finance,72.32,77.41,40.15,70.86,70.91,72.51,73.21,69.25,66.3,63.58
SNPS,Synopsys,Information Technology,Application Software,435.9,651.73,365.74,450.2,463.67,476.21,533.2,533.92,521.82,504.01
SYY,Sysco,Consumer Staples,Food Distributors,80.09,83.13,66.22,79.0,79.94,80.69,80.37,77.94,76.47,74.69
TMUS,T-Mobile US,Communication Services,Wireless Telecommunication Services,226.65,274.51,206.21,227.23,227.58,232.71,242.04,238.2,239.46,241.61
TROW,T. Rowe Price,Financials,Asset Management & Custody Banks,105.71,119.7,75.88,104.93,104.69,104.3,105.08,101.15,98.83,99.05
TTWO,Take-Two Interactive,Communication Services,Interactive Home Entertainment,261.5,264.79,154.03,256.91,257.47,254.87,243.47,238.31,235.73,222.46
TPR,"Tapestry, Inc.",Consumer Discretionary,"Apparel, Accessories & Luxury Goods",116.69,118.56,42.3,113.74,114.67,113.65,107.96,99.75,94.6,86.44
TRGP,Targa Resources,Energy,Oil & Gas Storage & Transportation,151.06,215.2,147.31,153.38,158.94,164.11,164.19,165.39,165.38,175.07
TGT,Target Corporation,Consumer Staples,Consumer Staples Merchandise Retail,90.91,155.5,85.36,88.37,88.9,88.56,93.73,96.31,95.89,104.01
TEL,TE Connectivity,Information Technology,Electronic Manufacturing Services,222.69,226.4,115.38,219.95,221.12,219.45,211.3,193.18,184.37,169.03
TDY,Teledyne Technologies,Information Technology,Electronic Equipment & Instruments,565.02,595.99,419.0,569.73,578.86,575.0,557.84,538.2,525.97,511.97
TER,Teradyne,Information Technology,Semiconductor Materials & Equipment,141.03,150.71,65.6,138.88,141.72,137.01,123.08,106.69,100.78,102.8
TSLA,"Tesla, Inc.",Consumer Discretionary,Automobile Manufacturers,435.15,488.54,212.11,429.86,434.02,434.86,382.94,352.39,341.11,334.62
TXN,Texas Instruments,Information Technology,Semiconductors,175.27,220.1,137.77,175.0,177.81,179.96,187.34,192.85,187.81,184.63
TPL,Texas Pacific Land Corporation,Energy,Oil & Gas Exploration & Production,926.75,1759.83,844.11,905.11,932.71,927.54,914.35,984.07,1054.16,1148.97
TXT,Textron,Industrials,Aerospace & Defense,82.51,91.21,57.67,82.84,84.6,84.12,81.84,80.54,78.7,76.71
TMO,Thermo Fisher Scientific,Health Care,Life Sciences Tools & Services,527.87,609.27,385.11,527.55,532.54,505.0,491.3,456.99,449.03,477.37
TJX,TJX Companies,Consumer Discretionary,Apparel Retail,145.16,146.46,110.34,141.92,141.99,141.81,138.75,131.78,131.12,127.35
TKO,TKO Group Holdings,Communication Services,Movies & Entertainment,191.21,212.49,113.01,188.66,192.89,196.57,190.92,179.54,175.5,166.05
TTD,Trade Desk (The),Communication Services,Advertising,51.1,141.53,42.96,51.91,52.27,49.64,52.2,64.27,63.94,71.9
TSCO,Tractor Supply,Consumer Discretionary,Other Specialty Retail,55.81,63.75,46.46,54.93,54.9,56.25,58.72,56.37,55.18,54.62
TT,Trane Technologies,Industrials,Building Products,422.45,475.11,296.82,419.61,421.99,416.46,417.87,426.14,418.5,394.8
TDG,TransDigm Group,Industrials,Aerospace & Defense,1237.71,1519.36,1107.45,1279.34,1283.13,1289.42,1297.14,1354.85,1345.07,1307.0
TRV,Travelers Companies (The),Financials,Property & Casualty Insurance,269.45,287.95,227.43,272.0,277.51,277.2,273.41,268.08,267.15,259.31
TRMB,Trimble Inc.,Information Technology,Electronic Equipment & Instruments,78.72,87.5,52.91,77.73,79.02,80.14,80.99,79.02,76.33,73.91
TFC,Truist Financial,Financials,Diversified Banks,43.26,47.46,32.72,43.34,44.23,45.01,45.05,43.54,42.49,42.29
TYL,Tyler Technologies,Information Technology,Application Software,502.05,661.31,483.56,505.11,502.6,514.14,543.58,559.1,558.58,569.7
TSN,Tyson Foods,Consumer Staples,Packaged Foods & Meats,52.81,63.75,51.07,52.29,53.13,53.58,55.03,54.68,55.15,56.1
USB,U.S. Bancorp,Financials,Diversified Banks,46.45,51.66,34.43,46.42,47.03,47.92,47.41,45.92,44.9,44.41
UBER,Uber,Industrials,Passenger Ground Transportation,94.52,101.99,59.33,94.45,96.26,97.05,95.07,92.1,90.4,83.27
UDR,"UDR, Inc.",Real Estate,Multi-Family Residential REITs,36.22,44.96,35.21,36.05,35.93,36.33,37.35,38.63,39.09,39.88
ULTA,Ulta Beauty,Consumer Discretionary,Other Specialty Retail,538.49,572.23,309.01,546.57,553.66,545.96,530.31,503.51,481.73,443.52
UNP,Union Pacific Corporation,Industrials,Rail Transportation,225.72,252.32,202.16,227.13,230.89,230.43,224.22,224.74,223.31,227.12
UAL,United Airlines Holdings,Industrials,Passenger Airlines,104.05,116.0,52.0,100.89,98.64,99.66,100.94,91.98,88.25,88.82
UPS,United Parcel Service,Industrials,Air Freight & Logistics,84.09,136.36,82.0,83.89,85.07,84.55,85.31,91.08,91.7,99.23
URI,United Rentals,Industrials,Trading Companies & Distributors,1020.0,1021.36,523.58,985.1,985.48,965.68,943.28,855.98,816.56,761.34
UNH,UnitedHealth Group,Health Care,Managed Health Care,361.15,617.34,233.13,360.39,360.82,352.45,322.76,307.39,319.93,391.44
UHS,Universal Health Services,Health Care,Health Care Facilities,205.0,239.23,152.16,200.86,203.88,200.58,189.27,182.51,182.17,181.82
VLO,Valero Energy,Energy,Oil & Gas Refining & Marketing,160.98,178.43,97.37,160.92,161.87,165.65,154.66,146.01,140.8,135.5
VTR,Ventas,Real Estate,Health Care REITs,68.89,70.52,55.47,67.94,68.52,68.37,68.01,65.91,65.81,64.68
VLTO,Veralto,Industrials,Environmental & Facilities Services,101.87,114.5,83.69,102.01,103.86,104.77,106.22,103.74,102.16,100.67
VRSN,Verisign,Information Technology,Internet Services & Infrastructure,265.74,309.71,174.64,263.52,267.5,275.23,275.01,277.7,276.74,258.5
VRSK,Verisk Analytics,Industrials,Research & Consulting Services,243.98,321.9,239.78,242.75,244.49,245.2,257.29,280.25,283.98,285.1
VZ,Verizon,Communication Services,Integrated Telecommunication Services,40.38,45.09,35.79,40.13,40.83,41.79,42.62,42.12,42.08,41.25
VRTX,Vertex Pharmaceuticals,Health Care,Biotechnology,407.9,519.88,362.5,410.03,409.66,398.25,393.69,424.13,432.17,444.95
VTRS,Viatris,Health Care,Pharmaceuticals,9.98,13.04,6.68,9.9,10.0,9.88,10.07,9.47,9.22,9.44
VICI,Vici Properties,Real Estate,Hotel & Resort REITs,31.29,33.54,26.86,31.05,31.63,31.91,32.34,32.18,31.95,31.09
V,Visa Inc.,Financials,Transaction & Payment Processing Services,345.69,374.85,276.05,345.61,347.69,344.01,343.88,348.96,348.55,343.39
VST,Vistra Corp.,Utilities,Electric Utilities,210.85,219.82,90.3,206.55,204.4,204.68,200.6,192.79,181.83,167.07
VMC,Vulcan Materials Company,Materials,Construction Materials,303.1,311.74,214.34,303.85,303.73,301.52,295.36,280.56,276.49,266.65
WRB,W. R. Berkley Corporation,Financials,Property & Casualty Insurance,76.39,78.48,55.38,77.49,77.31,76.01,73.39,72.22,72.0,68.1
GWW,W. W. Grainger,Industrials,Industrial Machinery & Supplies & Components,957.99,1219.65,889.92,953.86,956.46,961.08,980.42,1012.53,1018.45,1018.88
WAB,Wabtec,Industrials,Construction Machinery & Heavy Transportation Equipment,197.13,215.82,151.42,194.66,196.98,196.07,193.32,198.72,197.1,193.64
WBA,Walgreens Boots Alliance,Consumer Staples,Drug Retail,11.98,,,11.98,12.03,11.93,11.67,11.39,11.33,10.81
WMT,Walmart,Consumer Staples,Consumer Staples Merchandise Retail,109.03,109.56,78.99,104.39,103.46,103.14,101.65,99.2,98.6,96.23
DIS,Walt Disney Company (The),Communication Services,Movies & Entertainment,111.71,124.69,79.76,110.67,111.51,112.53,114.89,116.68,113.12,109.68
WBD,Warner Bros. Discovery,Communication Services,Broadcasting,18.45,20.24,7.25,17.8,18.28,18.84,15.27,13.31,12.39,11.56
WM,Waste Management,Industrials,Environmental & Facilities Services,213.69,240.84,197.52,217.13,217.76,218.03,221.84,226.17,226.71,224.08
WAT,Waters Corporation,Health Care,Life Sciences Tools & Services,332.41,423.56,275.05,332.67,328.73,313.87,302.52,316.3,322.07,342.91
WEC,WEC Energy Group,Utilities,Electric Utilities,117.28,117.48,89.63,115.55,114.74,113.33,110.27,107.81,107.44,104.82
WFC,Wells Fargo,Financials,Diversified Banks,86.46,87.47,57.76,81.49,81.02,82.53,80.87,79.47,77.87,75.78
WELL,Welltower,Real Estate,Health Care REITs,172.34,180.4,121.46,168.35,170.86,171.58,168.56,161.82,158.92,152.07
WST,West Pharmaceutical Services,Health Care,Health Care Supplies,262.95,351.24,187.09,262.39,265.96,262.12,253.57,239.17,233.73,246.04
WDC,Western Digital,Information Technology,"Technology Hardware, Storage & Peripherals",120.44,137.4,28.74,117.51,121.65,117.11,97.13,79.91,72.77,62.46
WY,Weyerhaeuser,Real Estate,Timber REITs,23.73,32.6,23.54,23.99,24.41,24.46,25.12,25.48,25.47,26.64
WSM,"Williams-Sonoma, Inc.",Consumer Discretionary,Homefurnishing Retail,190.06,218.08,123.89,188.46,191.42,194.73,197.62,183.07,178.14,180.31
WMB,Williams Companies,Energy,Oil & Gas Storage & Transportation,63.78,65.55,48.55,62.91,63.41,62.87,59.53,59.19,58.86,57.73
WTW,Willis Towers Watson,Financials,Insurance Brokers,339.42,352.79,283.83,338.75,342.97,341.29,334.86,320.26,317.87,319.44
WDAY,"Workday, Inc.",Information Technology,Application Software,234.76,294.0,205.33,235.99,235.83,238.0,230.9,234.86,238.19,242.95
WYNN,Wynn Resorts,Consumer Discretionary,Casinos & Gaming,118.07,134.23,64.93,118.03,121.62,125.07,120.4,109.41,104.72,96.57
XEL,Xcel Energy,Utilities,Multi-Utilities,81.8,82.54,60.35,81.0,80.96,78.74,74.8,71.77,71.27,69.58
XYL,Xylem Inc.,Industrials,Industrial Machinery & Supplies & Components,145.77,151.16,99.87,145.89,147.46,145.58,143.14,136.39,133.18,128.41
YUM,Yum! Brands,Consumer Discretionary,Restaurants,144.51,161.72,120.38,142.65,145.68,147.91,146.68,145.78,145.75,144.6
ZBRA,Zebra Technologies,Information Technology,Electronic Equipment & Instruments,293.35,427.76,205.73,287.8,294.57,300.63,310.0,310.49,301.35,310.88
ZBH,Zimmer Biomet,Health Care,Health Care Equipment,99.38,113.87,88.77,96.98,98.11,98.57,101.18,97.01,96.97,100.3
ZTS,Zoetis,Health Care,Pharmaceuticals,142.12,194.19,138.77,142.47,143.69,143.99,148.72,153.25,153.83,157.17
