Symbol,Company,GICS_Sector,GICS_Sub_Industry,Current_Price,52_Week_High,52_Week_Low,SMA_5,SMA_10,SMA_20,SMA_50,SMA_100,SMA_125,SMA_200
MMM,3M,Industrials,Industrial Conglomerates,160.06,174.69,120.31,161.19,163.8,166.67,165.01,159.49,157.91,152.08
AOS,A. O. Smith,Industrials,Building Products,67.85,76.52,57.94,68.05,68.22,67.4,66.83,69.23,69.15,67.53
ABT,Abbott Laboratories,Health Care,Health Care Equipment,124.34,139.33,109.37,125.36,125.34,125.62,126.56,129.25,129.19,129.4
ABBV,AbbVie,Health Care,Biotechnology,228.46,243.06,160.33,226.06,225.39,226.08,226.56,220.13,213.6,203.63
ACN,Accenture,Information Technology,IT Consulting & Other Services,270.56,394.41,229.4,271.44,271.8,266.42,253.73,250.43,257.43,275.2
ADBE,Adobe Inc.,Information Technology,Application Software,351.52,465.7,311.59,355.08,352.44,340.62,337.78,344.55,349.88,364.07
AMD,Advanced Micro Devices,Information Technology,Semiconductors,214.05,267.08,76.48,208.32,211.2,213.96,229.7,200.55,191.3,159.76
AES,AES Corporation,Utilities,Independent Power Producers & Energy Traders,13.89,15.32,9.16,13.69,13.76,13.83,13.96,13.57,13.32,12.34
AFL,Aflac,Financials,Life & Health Insurance,110.91,115.24,95.64,110.46,109.94,109.69,109.6,108.28,106.84,105.86
A,Agilent Technologies,Health Care,Life Sciences Tools & Services,138.58,160.27,96.03,137.58,139.37,144.19,145.11,135.08,131.69,124.3
APD,Air Products,Materials,Industrial Gases,244.19,334.71,229.11,243.81,242.98,248.79,251.67,267.14,271.58,272.31
ABNB,Airbnb,Consumer Discretionary,"Hotels, Resorts & Cruise Lines",136.04,163.93,99.88,135.21,132.38,126.3,124.11,124.11,126.66,126.5
AKAM,Akamai Technologies,Information Technology,Internet Services & Infrastructure,89.75,103.75,67.51,89.02,87.72,87.52,82.77,79.45,79.33,78.96
ALB,Albemarle Corporation,Materials,Specialty Chemicals,147.51,150.72,48.7,142.79,137.7,131.96,114.15,97.64,92.4,80.78
ARE,Alexandria Real Estate Equities,Real Estate,Office REITs,48.17,100.23,44.1,48.25,47.43,48.59,56.31,67.97,69.7,72.07
ALGN,Align Technology,Health Care,Health Care Supplies,156.59,237.23,122.0,159.12,161.51,157.02,144.25,139.8,150.28,159.22
ALLE,Allegion,Industrials,Building Products,160.9,180.68,116.14,160.46,161.09,161.92,165.55,168.87,165.77,153.97
LNT,Alliant Energy,Utilities,Electric Utilities,65.21,69.59,54.52,65.21,65.2,66.03,66.97,66.03,65.27,63.45
ALL,Allstate,Financials,Property & Casualty Insurance,209.73,214.88,173.06,207.4,207.37,207.41,202.86,203.82,201.8,200.44
GOOGL,Alphabet Inc. (Class A),Communication Services,Interactive Media & Services,314.29,328.62,140.14,306.08,308.71,313.45,290.25,258.48,243.62,213.33
GOOG,Alphabet Inc. (Class C),Communication Services,Interactive Media & Services,315.7,328.46,142.27,307.49,309.97,314.33,290.93,259.14,244.34,214.41
MO,Altria,Consumer Staples,Tobacco,58.52,67.51,47.59,58.55,58.74,58.62,59.64,62.36,61.54,59.72
AMZN,Amazon,Consumer Discretionary,Broadline Retail,232.12,258.6,161.38,227.19,226.93,228.77,229.75,227.75,227.29,215.97
AMCR,Amcor,Materials,Paper & Plastic Packaging Products & Materials,8.29,10.3,7.67,8.32,8.29,8.35,8.28,8.39,8.63,8.86
AEE,Ameren,Utilities,Multi-Utilities,99.36,105.97,84.34,99.01,98.42,99.96,101.99,101.14,100.19,98.44
AEP,American Electric Power,Utilities,Electric Utilities,114.93,124.8,86.88,114.87,114.72,117.02,118.39,114.5,112.65,108.7
AXP,American Express,Financials,Consumer Finance,382.82,387.49,219.32,378.26,379.77,372.32,361.67,341.42,335.61,313.31
AIG,American International Group,Financials,Multi-line Insurance,86.64,86.99,67.79,86.29,84.94,80.51,78.69,78.9,79.2,80.23
AMT,American Tower,Real Estate,Telecom Tower REITs,174.04,232.28,168.28,174.35,177.38,178.24,181.57,189.28,195.36,201.32
AWK,American Water Works,Utilities,Water Utilities,130.66,152.71,115.89,131.92,131.68,130.74,132.43,136.13,136.84,138.44
AMP,Ameriprise Financial,Financials,Asset Management & Custody Banks,499.16,574.69,392.21,491.89,492.7,478.85,469.04,483.59,492.35,490.91
AME,Ametek,Industrials,Electrical Components & Equipment,209.07,210.14,144.31,204.09,203.17,200.36,195.09,190.09,188.03,181.94
AMGN,Amgen,Health Care,Biotechnology,330.6,346.38,248.95,327.96,324.24,329.99,318.61,301.39,299.66,293.56
APH,Amphenol,Information Technology,Electronic Components,136.76,144.09,56.16,132.66,132.83,135.99,134.98,125.36,120.48,104.44
ADI,Analog Devices,Information Technology,Semiconductors,277.15,284.23,156.76,274.67,277.65,273.79,250.73,245.42,243.42,229.06
AON,Aon plc,Financials,Insurance Brokers,355.22,411.24,322.37,353.15,351.29,349.71,346.19,355.19,355.28,360.01
APA,APA Corporation,Energy,Oil & Gas Exploration & Production,24.33,27.72,13.04,24.26,24.87,25.32,24.16,23.19,22.33,20.47
APO,Apollo Global Management,Financials,Asset Management & Custody Banks,148.69,172.65,101.44,147.32,147.81,141.25,132.58,133.92,136.32,134.87
AAPL,Apple Inc.,Information Technology,"Technology Hardware, Storage & Peripherals",271.95,288.62,168.63,272.12,274.44,277.29,270.42,254.05,245.2,229.93
AMAT,Applied Materials,Information Technology,Semiconductor Materials & Equipment,259.75,276.1,122.8,255.39,260.15,260.38,241.33,212.31,207.67,188.04
APTV,Aptiv,Consumer Discretionary,Automotive Parts & Equipment,76.32,88.8,47.19,77.23,77.81,77.38,79.79,79.72,77.75,71.82
ACGL,Arch Capital Group,Financials,Property & Casualty Insurance,97.06,97.6,82.45,96.54,95.33,94.04,90.98,90.81,90.36,91.18
ADM,Archer Daniels Midland,Consumer Staples,Agricultural Products & Services,57.56,64.46,39.88,58.1,58.68,59.14,59.42,59.78,58.54,54.26
ANET,Arista Networks,Information Technology,Communications Equipment,131.44,164.94,59.43,128.05,128.38,128.33,135.98,138.53,132.75,114.94
AJG,Arthur J. Gallagher & Co.,Financials,Insurance Brokers,257.72,348.85,236.34,254.58,252.45,248.24,257.15,277.56,283.61,300.4
AIZ,Assurant,Financials,Multi-line Insurance,241.15,243.22,172.97,239.35,234.36,229.31,221.89,216.58,210.79,205.59
T,AT&T,Communication Services,Integrated Telecommunication Services,24.45,29.47,20.72,24.3,24.32,24.88,25.18,26.63,26.77,26.78
ATO,Atmos Energy,Utilities,Gas Utilities,168.13,179.62,133.16,168.15,168.18,169.79,172.71,169.0,165.86,160.69
ADSK,Autodesk,Information Technology,Application Software,296.9,329.09,232.67,297.93,297.66,300.66,300.82,304.46,303.88,294.47
ADP,Automatic Data Processing,Industrials,Human Resource & Employment Services,256.82,324.5,245.59,260.19,261.48,258.77,261.4,277.74,282.56,289.24
AZO,AutoZone,Consumer Discretionary,Automotive Retail,3457.53,4388.11,3162.0,3416.73,3432.57,3635.98,3750.41,3949.37,3909.87,3822.94
AVB,AvalonBay Communities,Real Estate,Multi-Family Residential REITs,181.88,224.32,166.73,181.2,179.01,179.41,180.17,184.85,187.61,193.02
AVY,Avery Dennison,Materials,Paper & Plastic Packaging Products & Materials,181.22,192.3,154.46,182.1,181.87,177.6,173.44,169.85,171.1,171.85
AXON,Axon Enterprise,Industrials,Aerospace & Defense,591.16,885.92,469.24,579.77,571.94,556.87,607.2,681.01,696.22,679.23
BKR,Baker Hughes,Energy,Oil & Gas Equipment & Services,45.12,51.12,33.06,45.03,45.94,47.68,47.49,46.6,45.46,42.81
BALL,Ball Corporation,Materials,"Metal, Glass & Plastic Containers",52.22,59.82,43.01,52.22,51.23,49.95,48.78,49.82,51.4,51.41
BAC,Bank of America,Financials,Diversified Banks,55.96,56.22,32.53,55.18,54.98,54.15,52.91,51.05,50.24,46.86
BAX,Baxter International,Health Care,Health Care Equipment,18.94,37.25,17.39,19.05,19.01,18.83,19.57,21.5,22.87,25.81
BDX,Becton Dickinson,Health Care,Health Care Equipment,195.35,246.65,160.6,195.55,197.39,194.54,188.92,188.67,186.18,187.44
BBY,Best Buy,Consumer Discretionary,Computer & Electronics Retail,69.63,87.0,52.85,71.19,72.02,73.53,76.29,74.25,72.8,70.37
TECH,Bio-Techne,Health Care,Life Sciences Tools & Services,59.37,78.83,45.8,58.14,58.64,60.81,60.93,57.7,56.92,55.08
BIIB,Biogen,Health Care,Biotechnology,174.7,185.17,110.04,172.6,173.87,177.2,163.51,151.86,147.42,140.19
BLK,BlackRock,Financials,Asset Management & Custody Banks,1087.0,1214.03,762.34,1073.07,1079.0,1065.55,1078.52,1102.96,1098.74,1035.51
BX,Blackstone Inc.,Financials,Asset Management & Custody Banks,155.31,188.42,113.15,153.93,153.4,151.21,149.23,159.98,160.49,151.32
XYZ,"Block, Inc.",Financials,Transaction & Payment Processing Services,64.99,94.25,44.27,64.73,64.39,63.54,67.81,71.97,72.09,66.79
BK,BNY Mellon,Financials,Asset Management & Custody Banks,117.5,119.4,69.31,115.72,116.4,114.6,110.68,107.64,105.22,97.02
BA,Boeing,Industrials,Aerospace & Defense,217.26,242.69,128.88,212.56,207.88,202.1,202.34,213.12,215.44,203.81
BKNG,Booking Holdings,Consumer Discretionary,"Hotels, Resorts & Cruise Lines",5410.27,5818.24,4074.35,5379.49,5365.06,5199.42,5083.52,5277.13,5353.55,5209.2
BSX,Boston Scientific,Health Care,Health Care Equipment,95.93,109.5,85.98,95.71,94.07,96.24,98.57,100.18,101.1,100.95
BMY,Bristol Myers Squibb,Health Care,Pharmaceuticals,54.3,61.0,42.38,54.01,53.34,51.78,48.04,46.85,46.75,47.91
AVGO,Broadcom,Information Technology,Semiconductors,348.35,413.82,137.28,336.83,354.1,372.3,361.03,341.93,329.68,284.16
BR,Broadridge Financial Solutions,Industrials,Data Processing & Outsourced Services,227.33,269.71,209.84,227.38,228.01,227.74,226.25,237.13,237.73,236.34
BRO,Brown & Brown,Financials,Insurance Brokers,79.59,125.05,76.17,80.37,80.38,80.0,81.63,87.84,90.97,99.42
BLDR,Builders FirstSource,Industrials,Building Products,102.7,175.12,94.35,103.85,105.5,108.06,110.74,121.88,123.19,121.18
BG,Bunge Global,Consumer Staples,Agricultural Products & Services,88.7,98.82,65.12,90.92,91.7,93.26,93.91,87.68,85.29,81.86
BXP,"BXP, Inc.",Real Estate,Office REITs,68.83,78.59,52.95,69.14,70.14,70.56,70.91,71.05,70.52,68.46
CHRW,C.H. Robinson,Industrials,Air Freight & Logistics,164.27,167.9,83.39,164.17,161.27,159.24,148.66,137.77,130.05,116.34
CDNS,Cadence Design Systems,Information Technology,Application Software,316.84,376.45,221.56,315.49,321.21,322.24,323.96,337.64,335.46,315.85
CZR,Caesars Entertainment,Consumer Discretionary,Casinos & Gaming,24.48,40.0,18.25,24.32,24.16,23.65,21.94,23.76,24.87,25.74
CPT,Camden Property Trust,Real Estate,Multi-Family Residential REITs,107.86,121.85,96.2,107.91,105.6,104.72,102.65,103.97,105.35,108.17
CPB,Campbell's Company (The),Consumer Staples,Packaged Foods & Meats,27.7,42.36,27.69,28.45,28.45,29.17,30.12,31.09,31.09,32.58
COF,Capital One,Financials,Consumer Finance,247.33,247.91,141.84,244.03,241.65,233.04,221.91,219.81,218.8,204.91
CAH,Cardinal Health,Health Care,Health Care Distributors,207.13,214.93,114.39,202.56,200.54,202.61,191.98,171.89,169.56,159.8
KMX,CarMax,Consumer Discretionary,Automotive Retail,38.51,89.47,30.26,39.11,40.1,39.38,39.17,47.23,50.55,57.25
CCL,Carnival,Consumer Discretionary,"Hotels, Resorts & Cruise Lines",31.7,32.89,15.07,30.28,28.99,27.39,27.48,28.85,28.95,25.98
CARR,Carrier Global,Industrials,Building Products,53.38,80.78,50.3,53.19,53.25,53.65,55.21,58.92,62.09,63.86
CAT,Caterpillar Inc.,Industrials,Construction Machinery & Heavy Transportation Equipment,583.55,627.5,264.29,573.98,588.74,586.94,564.41,504.02,485.2,427.01
CBOE,Cboe Global Markets,Financials,Financial Exchanges & Data,255.63,262.98,186.22,251.13,250.46,252.78,249.52,245.53,243.88,235.21
CBRE,CBRE Group,Real Estate,Real Estate Services,164.16,171.0,108.45,162.08,160.67,160.38,157.26,158.27,155.4,144.61
CDW,CDW Corporation,Information Technology,Technology Distributors,138.05,219.61,135.03,141.0,143.92,144.29,146.66,154.38,159.0,162.1
COR,Cencora,Health Care,Health Care Distributors,340.01,377.54,222.21,340.9,342.78,346.93,346.16,321.53,315.85,303.17
CNC,Centene Corporation,Health Care,Managed Health Care,39.66,66.81,25.08,39.34,39.61,39.16,37.13,34.21,33.87,43.25
CNP,CenterPoint Energy,Utilities,Multi-Utilities,37.9,40.28,29.87,37.97,37.88,38.35,38.91,38.5,38.11,37.4
CF,CF Industries,Materials,Fertilizers & Agricultural Chemicals,78.35,103.22,66.16,78.36,78.2,78.35,81.12,83.73,85.54,84.26
CRL,Charles River Laboratories,Health Care,Life Sciences Tools & Services,203.02,204.47,91.86,198.59,196.86,189.04,180.93,170.15,168.51,157.57
SCHW,Charles Schwab Corporation,Financials,Investment Banking & Brokerage,101.08,102.05,65.3,99.03,97.59,95.36,94.39,94.52,94.3,89.59
CHTR,Charter Communications,Communication Services,Cable & Satellite,205.13,437.06,193.0,206.46,208.51,204.76,218.25,242.36,268.03,309.32
CVX,Chevron Corporation,Energy,Integrated Oil & Gas,150.51,163.27,127.59,149.05,149.39,149.85,151.44,152.64,151.68,147.6
CMG,Chipotle Mexican Grill,Consumer Discretionary,Restaurants,37.64,62.88,29.75,37.57,36.44,35.2,35.24,38.2,40.97,44.53
CB,Chubb Limited,Financials,Property & Casualty Insurance,313.01,314.12,250.52,311.7,309.31,302.82,291.73,284.28,282.68,284.71
CHD,Church & Dwight,Consumer Staples,Household Products,85.29,115.32,81.05,85.24,84.72,84.29,84.84,87.85,89.53,93.38
CI,Cigna,Health Care,Health Care Services,274.13,344.64,238.17,273.89,273.23,271.75,275.77,284.01,287.25,298.4
CINF,Cincinnati Financial,Financials,Property & Casualty Insurance,165.95,168.98,120.97,166.52,165.43,164.55,160.86,157.34,155.21,149.9
CTAS,Cintas,Industrials,Diversified Support Services,190.32,228.23,179.31,189.43,188.51,186.53,186.38,196.84,201.21,204.58
CSCO,Cisco,Information Technology,Communications Equipment,77.83,80.82,51.49,77.46,78.04,77.73,74.83,71.34,70.65,66.77
C,Citigroup,Financials,Diversified Banks,119.4,120.27,54.39,115.33,113.54,109.51,103.43,99.93,97.84,87.58
CFG,Citizens Financial Group,Financials,Regional Banks,59.63,60.1,31.67,59.14,58.75,56.89,53.35,51.95,50.95,46.34
CLX,Clorox,Consumer Staples,Household Products,97.59,159.03,96.66,98.97,100.58,102.91,107.12,113.96,115.92,122.32
CME,CME Group,Financials,Financial Exchanges & Data,275.61,286.76,220.42,271.53,271.26,272.74,271.2,269.15,270.11,268.74
CMS,CMS Energy,Utilities,Multi-Utilities,70.08,75.54,62.07,69.98,70.02,71.37,72.73,72.2,71.79,71.24
KO,Coca-Cola Company (The),Consumer Staples,Soft Drinks & Non-alcoholic Beverages,69.88,72.91,58.88,70.24,70.24,70.68,69.93,68.59,68.62,68.94
CTSH,Cognizant,Information Technology,IT Consulting & Other Services,85.0,89.37,64.7,84.6,84.17,81.49,75.02,72.07,72.85,74.07
COIN,Coinbase,Financials,Financial Exchanges & Data,242.06,444.65,142.58,243.69,253.31,261.02,291.08,308.6,322.45,284.59
CL,Colgate-Palmolive,Consumer Staples,Household Products,79.96,98.37,74.55,78.96,78.66,78.63,78.31,80.1,81.66,84.78
CMCSA,Comcast,Communication Services,Cable & Satellite,29.33,37.31,25.75,29.75,28.91,27.9,28.07,30.09,30.95,32.15
CAG,Conagra Brands,Consumer Staples,Packaged Foods & Meats,16.99,27.05,16.6,17.46,17.58,17.47,17.53,18.04,18.21,20.0
COP,ConocoPhillips,Energy,Oil & Gas Exploration & Production,92.93,103.48,77.84,93.08,93.96,92.32,89.4,91.39,91.56,90.99
ED,Consolidated Edison,Utilities,Multi-Utilities,99.01,112.03,84.37,99.17,98.27,97.87,98.68,98.76,98.91,100.81
STZ,Constellation Brands,Consumer Staples,Distillers & Vintners,139.11,223.4,126.45,138.48,142.39,140.35,136.05,142.62,147.7,158.83
CEG,Constellation Energy,Utilities,Electric Utilities,361.43,412.23,160.75,355.33,359.21,359.82,363.23,346.95,341.7,308.22
COO,Cooper Companies (The),Health Care,Health Care Supplies,82.68,100.24,61.78,82.84,82.17,80.0,75.08,72.28,72.43,74.42
CPRT,Copart,Industrials,Diversified Support Services,39.08,63.85,38.18,39.17,39.02,38.92,41.13,43.92,44.57,48.78
GLW,Corning Inc.,Information Technology,Electronic Components,89.3,96.64,36.82,87.57,89.08,87.12,85.97,79.59,74.56,63.92
CPAY,Corpay,Financials,Transaction & Payment Processing Services,309.66,400.81,252.84,309.66,311.68,305.05,289.17,298.22,304.83,314.31
CTVA,Corteva,Materials,Fertilizers & Agricultural Chemicals,67.03,77.02,53.0,66.76,66.24,66.14,64.53,67.22,68.48,67.14
CSGP,CoStar Group,Real Estate,Real Estate Services,66.37,97.43,62.0,65.58,65.89,67.02,69.51,78.4,80.11,79.32
COST,Costco,Consumer Staples,Consumer Staples Merchandise Retail,853.08,1073.82,844.06,855.79,864.33,884.11,906.75,928.65,934.58,949.99
CTRA,Coterra,Energy,Oil & Gas Exploration & Production,25.98,29.04,21.87,25.65,25.96,26.37,25.3,24.47,24.4,24.76
CRWD,CrowdStrike,Information Technology,Systems Software,479.11,566.9,298.0,478.16,490.88,501.75,514.46,483.1,482.6,458.0
CCI,Crown Castle,Real Estate,Telecom Tower REITs,87.25,113.13,80.07,86.99,88.26,88.37,90.69,93.53,95.43,96.42
CSX,CSX Corporation,Industrials,Rail Transportation,36.58,37.54,25.91,36.55,36.83,36.23,35.63,34.9,34.71,32.81
CMI,Cummins,Industrials,Construction Machinery & Heavy Transportation Equipment,517.22,526.5,256.13,508.25,513.1,507.79,468.76,436.9,418.24,376.85
CVS,CVS Health,Health Care,Health Care Services,78.03,85.15,41.77,77.96,78.7,78.23,78.94,75.37,72.9,69.66
DHR,Danaher Corporation,Health Care,Life Sciences Tools & Services,230.77,256.97,170.43,226.12,227.3,226.96,220.82,210.59,208.21,203.69
DRI,Darden Restaurants,Consumer Discretionary,Restaurants,185.78,224.86,169.0,189.46,186.4,181.99,180.48,189.9,193.5,196.57
DDOG,Datadog,Information Technology,Application Software,141.87,201.69,81.63,139.82,142.83,149.36,160.15,149.38,148.04,133.31
DVA,DaVita,Health Care,Health Care Services,114.95,179.6,113.97,116.25,117.96,118.29,121.12,127.05,130.28,135.06
DAY,Dayforce,Industrials,Human Resource & Employment Services,69.17,75.8,48.01,69.22,69.22,69.14,68.82,67.21,65.22,62.22
DECK,Deckers Brands,Consumer Discretionary,Footwear,101.03,223.98,78.91,101.07,101.68,97.71,91.62,100.43,101.36,105.49
DE,Deere & Company,Industrials,Agricultural & Farm Machinery,466.83,530.24,398.95,472.44,476.53,475.21,471.9,474.46,481.24,481.81
DELL,Dell Technologies,Information Technology,"Technology Hardware, Storage & Peripherals",127.67,168.08,65.33,126.31,130.5,132.79,140.3,137.22,135.05,121.68
DAL,Delta Air Lines,Industrials,Passenger Airlines,70.64,72.34,34.41,70.72,70.63,68.13,62.6,60.5,59.06,53.99
DVN,Devon Energy,Energy,Oil & Gas Exploration & Production,36.35,38.23,25.37,36.26,36.53,36.76,34.68,34.4,34.06,33.29
DXCM,Dexcom,Health Care,Health Care Equipment,66.96,93.25,54.11,66.42,66.77,65.54,64.07,69.14,72.32,73.99
FANG,Diamondback Energy,Energy,Oil & Gas Exploration & Production,148.41,175.92,111.64,149.21,152.32,153.82,147.4,144.32,143.65,142.05
DLR,Digital Realty,Real Estate,Data Center REITs,153.69,182.13,127.13,150.7,152.49,155.67,162.25,165.05,166.38,162.85
DG,Dollar General,Consumer Staples,Consumer Staples Merchandise Retail,137.52,138.46,65.27,136.59,133.32,123.43,110.67,108.76,109.06,103.36
DLTR,Dollar Tree,Consumer Staples,Consumer Staples Merchandise Retail,119.35,132.48,61.8,124.99,127.13,120.38,108.8,105.68,106.3,97.28
D,Dominion Energy,Utilities,Multi-Utilities,58.15,62.17,46.43,59.0,58.97,59.41,59.73,59.61,58.97,56.73
DPZ,Domino's,Consumer Discretionary,Restaurants,425.8,493.24,390.88,431.0,430.55,425.04,414.79,426.7,433.76,444.1
DASH,DoorDash,Consumer Discretionary,Specialized Consumer Services,231.15,285.5,155.4,230.51,227.98,220.81,227.91,243.44,243.21,225.91
DOV,Dover Corporation,Industrials,Industrial Machinery & Supplies & Components,199.98,219.84,141.82,197.58,198.19,193.21,183.38,178.05,179.53,177.36
DOW,Dow Inc.,Materials,Commodity Chemicals,22.91,39.24,19.82,23.14,23.51,23.43,22.82,22.84,23.59,25.67
DHI,D. R. Horton,Consumer Discretionary,Homebuilding,144.6,183.98,109.46,148.11,151.91,154.57,150.78,158.5,154.25,142.61
DTE,DTE Energy,Utilities,Multi-Utilities,128.65,142.5,112.5,128.68,128.79,130.37,134.53,135.56,134.99,133.64
DUK,Duke Energy,Utilities,Electric Utilities,116.83,128.91,101.53,116.73,115.97,117.65,121.65,121.77,120.73,118.77
DD,DuPont,Materials,Specialty Chemicals,41.06,41.85,22.13,40.98,40.94,40.38,37.91,34.74,33.91,31.73
EMN,Eastman Chemical Company,Materials,Specialty Chemicals,62.62,99.23,55.35,63.51,63.85,62.14,60.69,62.17,64.77,69.81
ETN,Eaton Corporation,Industrials,Electrical Components & Equipment,322.58,398.4,230.37,318.51,329.15,334.29,354.01,357.92,360.25,338.26
EBAY,eBay Inc.,Consumer Discretionary,Broadline Retail,84.09,100.76,58.09,83.82,83.58,83.16,85.71,89.15,86.98,80.3
ECL,Ecolab,Materials,Specialty Chemicals,264.7,284.56,219.93,264.1,262.06,263.97,264.27,268.5,268.13,261.93
EIX,Edison International,Utilities,Electric Utilities,60.04,76.53,46.27,60.1,59.16,58.45,57.71,55.99,54.93,54.42
EW,Edwards Lifesciences,Health Care,Health Care Equipment,86.13,87.89,65.94,85.59,84.79,85.08,82.79,80.35,79.82,77.5
EA,Electronic Arts,Communication Services,Interactive Home Entertainment,204.28,204.64,114.66,203.9,203.88,203.36,201.69,189.59,182.24,168.66
ELV,Elevance Health,Health Care,Managed Health Care,343.51,451.93,270.83,343.81,349.19,340.45,333.36,323.32,322.33,352.17
EMR,Emerson Electric,Industrials,Electrical Components & Equipment,135.66,149.03,88.93,133.37,135.14,134.55,132.36,132.14,133.85,125.83
ENPH,Enphase Energy,Information Technology,Semiconductor Materials & Equipment,32.15,76.9,25.78,32.69,32.47,31.05,31.66,33.97,34.94,40.33
ETR,Entergy,Utilities,Electric Utilities,92.24,97.93,71.68,91.95,92.53,93.56,94.66,92.29,90.6,87.18
EOG,EOG Resources,Energy,Oil & Gas Exploration & Production,103.95,134.2,99.8,103.33,105.33,107.37,107.1,111.58,113.0,113.34
EPAM,EPAM Systems,Information Technology,IT Consulting & Other Services,208.02,269.0,138.15,208.03,209.06,202.41,180.28,169.57,169.8,169.63
EQT,EQT Corporation,Energy,Oil & Gas Exploration & Production,54.68,62.23,41.92,54.03,54.75,57.12,56.45,54.29,54.44,53.93
EFX,Equifax,Industrials,Research & Consulting Services,219.86,279.27,198.73,219.41,218.92,214.93,215.4,230.89,235.45,240.97
EQIX,Equinix,Real Estate,Data Center REITs,758.32,943.1,689.25,753.34,752.51,745.93,781.86,779.61,778.26,799.43
EQR,Equity Residential,Real Estate,Multi-Family Residential REITs,62.34,73.58,58.19,62.01,61.41,61.37,60.94,62.37,63.1,64.76
ERIE,Erie Indemnity,Financials,Insurance Brokers,284.93,451.6,273.59,286.55,284.86,288.72,296.05,316.29,322.83,343.38
ESS,Essex Property Trust,Real Estate,Multi-Family Residential REITs,259.23,307.81,239.32,260.2,258.66,258.58,257.97,259.4,263.58,269.33
EL,Estée Lauder Companies (The),Consumer Staples,Personal Care Products,107.46,110.37,47.76,107.47,105.97,102.47,97.05,92.99,91.89,81.32
EG,Everest Group,Financials,Reinsurance,337.02,368.99,302.44,333.03,328.81,320.47,324.87,333.36,333.8,338.5
EVRG,Evergy,Utilities,Electric Utilities,72.61,78.59,57.4,72.88,73.25,74.1,75.55,73.96,72.76,70.03
ES,Eversource Energy,Utilities,Electric Utilities,66.46,74.42,50.49,66.99,67.07,66.51,69.43,67.51,66.78,64.09
EXC,Exelon,Utilities,Electric Utilities,43.42,48.09,35.27,43.83,43.67,44.31,45.59,44.82,44.41,44.06
EXE,Expand Energy,Energy,Oil & Gas Exploration & Production,111.35,126.62,90.25,109.04,110.61,115.33,111.45,105.12,104.82,105.99
EXPE,Expedia Group,Consumer Discretionary,"Hotels, Resorts & Cruise Lines",288.41,292.42,129.24,287.07,283.33,271.86,248.49,230.22,220.21,198.55
EXPD,Expeditors International,Industrials,Air Freight & Logistics,151.95,155.04,99.26,151.66,151.6,149.71,137.09,128.56,125.81,120.57
EXR,Extra Space Storage,Real Estate,Self-Storage REITs,129.55,155.55,116.98,130.63,130.96,130.26,134.4,136.46,138.18,139.2
XOM,ExxonMobil,Energy,Integrated Oil & Gas,119.3,120.47,95.18,117.62,117.84,117.07,115.7,112.92,112.2,109.82
FFIV,"F5, Inc.",Information Technology,Communications Equipment,260.82,346.0,223.76,258.66,259.98,251.63,258.44,290.63,292.34,285.47
FDS,FactSet,Financials,Financial Exchanges & Data,290.34,487.33,249.51,287.87,289.66,285.32,278.75,309.42,333.19,371.04
FICO,Fair Isaac,Information Technology,Application Software,1725.93,2217.6,1300.0,1746.68,1775.63,1778.09,1717.59,1612.02,1610.92,1708.41
FAST,Fastenal,Industrials,Trading Companies & Distributors,41.76,50.37,34.62,42.01,41.97,41.34,41.3,44.58,44.57,42.69
FRT,Federal Realty Investment Trust,Real Estate,Retail REITs,101.1,108.26,78.83,101.5,100.44,99.03,98.22,97.65,96.76,95.22
FDX,FedEx,Industrials,Air Freight & Logistics,294.78,294.78,190.85,289.13,285.84,279.21,262.76,245.82,242.69,234.03
FIS,Fidelity National Information Services,Financials,Transaction & Payment Processing Services,66.83,82.1,59.15,66.39,66.62,66.06,65.26,66.53,69.14,71.52
FITB,Fifth Third Bancorp,Financials,Regional Banks,48.11,48.71,31.68,47.91,47.91,46.14,43.74,43.79,43.5,41.07
FSLR,First Solar,Information Technology,Semiconductors,267.89,285.99,116.56,267.06,263.95,262.57,254.83,230.77,219.25,190.99
FE,FirstEnergy,Utilities,Electric Utilities,44.6,47.73,36.45,44.47,44.37,45.13,45.78,44.74,43.81,42.33
FI,Fiserv,Financials,Transaction & Payment Processing Services,68.62,238.59,59.56,68.12,67.93,65.7,78.92,106.04,117.12,144.24
F,Ford Motor Company,Consumer Discretionary,Automobile Manufacturers,13.31,13.99,8.11,13.38,13.5,13.31,12.97,12.24,12.01,11.18
FTNT,Fortinet,Information Technology,Systems Software,81.74,114.82,70.12,80.72,81.49,82.02,82.8,82.44,86.78,91.78
FTV,Fortive,Industrials,Industrial Machinery & Supplies & Components,55.67,62.51,45.35,55.23,55.14,54.28,51.91,50.1,50.35,51.31
FOXA,Fox Corporation (Class A),Communication Services,Broadcasting,73.82,74.63,46.21,72.33,71.79,69.4,65.39,62.26,60.93,57.79
FOX,Fox Corporation (Class B),Communication Services,Broadcasting,64.57,65.37,42.96,63.85,63.5,61.59,58.46,56.04,55.04,52.6
BEN,Franklin Resources,Financials,Asset Management & Custody Banks,24.16,25.72,15.81,24.06,23.77,23.31,22.81,23.52,23.65,22.18
FCX,Freeport-McMoRan,Materials,Copper,51.94,52.29,27.35,49.49,48.45,46.04,42.93,42.63,42.92,41.01
GRMN,Garmin,Consumer Discretionary,Consumer Electronics,204.04,260.57,167.16,203.03,205.7,201.71,211.11,224.34,223.36,214.09
IT,Gartner,Information Technology,IT Consulting & Other Services,250.95,584.01,222.54,250.61,244.41,237.67,237.99,243.41,268.91,326.67
GE,GE Aerospace,Industrials,Aerospace & Defense,316.05,317.75,158.93,306.37,300.34,295.32,300.42,291.99,285.53,258.85
GEHC,GE HealthCare,Health Care,Health Care Equipment,83.5,94.66,57.57,83.05,83.64,82.71,77.98,76.11,75.92,74.41
GEV,GE Vernova,Industrials,Heavy Electrical Equipment,658.19,731.0,251.84,646.38,669.84,637.43,602.82,611.42,603.76,524.83
GEN,Gen Digital,Information Technology,Systems Software,27.42,31.94,22.45,27.67,27.62,27.17,26.7,27.97,28.32,27.81
GNRC,Generac,Industrials,Electrical Components & Equipment,140.15,203.25,99.5,140.19,150.97,153.61,162.22,172.6,169.05,151.93
GD,General Dynamics,Industrials,Aerospace & Defense,343.93,360.5,235.63,340.45,340.16,338.99,340.99,332.38,326.15,305.07
GIS,General Mills,Consumer Staples,Packaged Foods & Meats,46.53,65.04,45.15,47.82,47.18,46.8,47.17,48.17,48.55,50.83
GM,General Motors,Consumer Discretionary,Automobile Manufacturers,82.82,83.68,41.28,81.97,81.62,77.99,71.49,64.43,61.97,56.48
GPC,Genuine Parts Company,Consumer Discretionary,Distributors,124.25,141.97,101.6,125.78,128.7,128.64,128.06,131.93,130.6,125.8
GILD,Gilead Sciences,Health Care,Biotechnology,125.03,127.86,86.16,123.26,121.74,122.37,121.73,117.64,116.16,111.96
GPN,Global Payments,Financials,Transaction & Payment Processing Services,79.98,113.83,65.33,81.29,81.33,79.23,79.3,82.34,82.07,82.0
GL,Globe Life,Financials,Life & Health Insurance,142.47,147.54,104.58,140.38,139.67,136.22,134.56,137.25,134.9,130.07
GDDY,GoDaddy,Information Technology,Internet Services & Infrastructure,126.48,216.0,121.94,126.41,125.97,126.97,128.9,136.08,142.89,156.58
GS,Goldman Sachs,Financials,Investment Banking & Brokerage,901.78,919.1,432.73,888.58,889.99,861.32,811.34,783.84,767.96,691.21
HAL,Halliburton,Energy,Oil & Gas Equipment & Services,28.14,29.67,18.31,27.85,28.16,27.62,26.58,24.45,23.85,22.92
HIG,Hartford (The),Financials,Property & Casualty Insurance,139.45,140.48,103.19,139.06,137.26,135.37,130.92,130.76,129.02,126.39
HAS,Hasbro,Consumer Discretionary,Leisure Products,81.54,85.15,47.63,81.69,81.76,81.76,78.37,77.52,76.97,70.92
HCA,HCA Healthcare,Health Care,Health Care Facilities,472.58,519.23,287.82,471.2,473.65,485.3,469.86,437.04,422.43,396.06
DOC,Healthpeak Properties,Real Estate,Health Care REITs,15.74,20.21,15.73,16.08,16.28,16.86,17.41,17.52,17.51,17.49
HSIC,Henry Schein,Health Care,Health Care Distributors,76.54,82.49,60.56,77.02,76.82,75.27,70.75,69.05,69.59,69.37
HSY,Hershey Company (The),Consumer Staples,Packaged Foods & Meats,182.89,195.98,135.68,187.13,185.54,184.56,180.44,182.52,180.53,173.72
HPE,Hewlett Packard Enterprise,Information Technology,"Technology Hardware, Storage & Peripherals",24.57,26.28,11.75,24.27,24.26,23.35,23.1,23.07,22.54,20.16
HLT,Hilton Worldwide,Consumer Discretionary,"Hotels, Resorts & Cruise Lines",291.63,294.92,195.7,291.42,285.84,282.16,272.59,270.03,270.25,257.18
HOLX,Hologic,Health Care,Health Care Equipment,74.89,75.34,51.9,74.92,74.95,74.92,73.91,70.51,69.46,65.96
HD,Home Depot (The),Consumer Discretionary,Home Improvement Retail,345.24,424.01,320.39,349.67,352.63,352.31,362.83,381.09,377.85,369.2
HON,Honeywell,Industrials,Industrial Conglomerates,195.25,225.29,166.32,197.66,196.36,193.97,195.0,197.55,201.47,200.29
HRL,Hormel Foods,Consumer Staples,Packaged Foods & Meats,24.08,31.17,21.03,23.97,23.9,23.7,23.12,24.47,25.43,26.89
HST,Host Hotels & Resorts,Real Estate,Hotel & Resort REITs,18.42,18.72,11.93,18.52,18.38,17.94,17.29,16.94,16.75,15.87
HWM,Howmet Aerospace,Industrials,Aerospace & Defense,209.73,211.83,104.84,202.12,198.96,198.2,199.6,191.19,189.73,174.11
HPQ,HP Inc.,Information Technology,"Technology Hardware, Storage & Peripherals",22.92,33.78,20.52,23.45,24.19,24.43,25.3,26.05,25.78,25.6
HUBB,Hubbell Incorporated,Industrials,Industrial Machinery & Supplies & Components,455.85,482.66,296.56,442.78,445.62,439.31,439.65,434.2,431.54,404.89
HUM,Humana,Health Care,Managed Health Care,257.14,314.25,206.15,259.03,261.97,255.4,259.39,268.68,261.97,257.62
HBAN,Huntington Bancshares,Financials,Regional Banks,17.75,17.95,11.6,17.71,17.64,17.09,16.14,16.48,16.51,15.79
HII,Huntington Ingalls Industries,Industrials,Aerospace & Defense,355.35,360.09,155.24,337.89,332.22,321.82,310.23,291.31,283.79,258.26
IBM,IBM,Information Technology,IT Consulting & Other Services,303.45,324.9,209.2,302.2,305.55,305.87,300.9,279.08,278.37,268.03
IEX,IDEX Corporation,Industrials,Industrial Machinery & Supplies & Components,180.27,223.39,151.55,178.28,178.4,176.96,171.08,166.74,169.12,171.93
IDXX,Idexx Laboratories,Health Care,Health Care Equipment,679.19,769.98,356.14,694.87,698.16,714.1,690.21,665.71,640.58,574.68
ITW,Illinois Tool Works,Industrials,Industrial Machinery & Supplies & Components,251.84,273.07,212.05,251.43,253.54,251.09,248.11,253.72,254.06,248.97
INCY,Incyte,Health Care,Biotechnology,100.64,109.28,53.56,99.79,98.13,99.84,98.43,91.38,87.12,78.13
IR,Ingersoll Rand,Industrials,Industrial Machinery & Supplies & Components,81.33,95.76,65.56,79.74,80.61,80.07,78.41,79.1,80.48,79.98
PODD,Insulet Corporation,Health Care,Health Care Equipment,285.85,354.88,230.05,289.9,291.48,301.79,315.14,319.19,314.03,302.15
INTC,Intel,Information Technology,Semiconductors,36.24,44.02,17.67,36.35,37.47,38.89,38.01,32.72,30.63,27.11
ICE,Intercontinental Exchange,Financials,Financial Exchanges & Data,162.03,188.26,140.7,160.94,161.09,158.85,154.88,163.87,167.36,168.5
IFF,International Flavors & Fragrances,Materials,Specialty Chemicals,66.65,86.08,58.78,65.84,64.79,66.04,64.79,64.2,66.18,69.43
IP,International Paper,Materials,Paper & Plastic Packaging Products & Materials,39.54,57.79,35.35,38.87,38.83,38.84,40.1,43.26,44.64,45.51
IPG,Interpublic Group of Companies (The),Communication Services,Advertising,24.57,31.81,21.93,25.12,25.04,25.18,26.03,25.78,25.34,25.2
INTU,Intuit,Information Technology,Application Software,674.83,812.22,530.03,670.2,668.43,657.96,659.3,672.41,692.25,678.93
ISRG,Intuitive Surgical,Health Care,Health Care Equipment,577.75,616.0,425.0,569.76,560.85,565.44,544.44,501.18,503.94,508.83
IVZ,Invesco,Financials,Asset Management & Custody Banks,27.13,27.48,11.23,26.87,26.66,25.85,24.24,23.07,22.12,19.13
INVH,Invitation Homes,Real Estate,Single-Family Residential REITs,26.92,35.13,26.02,27.22,26.92,27.2,27.87,28.73,29.34,30.71
IQV,IQVIA,Health Care,Life Sciences Tools & Services,225.09,234.3,134.65,222.82,223.06,224.9,219.31,204.28,197.96,182.55
IRM,Iron Mountain,Real Estate,Other Specialized REITs,80.88,108.27,70.45,80.05,81.79,82.8,91.97,93.59,94.31,92.78
JBHT,J.B. Hunt,Industrials,Cargo Ground Transportation,196.75,204.43,121.7,196.91,197.53,190.18,174.88,157.32,155.56,149.49
JBL,Jabil,Information Technology,Electronic Manufacturing Services,233.93,237.05,108.52,224.73,224.4,219.72,212.85,213.0,214.78,192.7
JKHY,Jack Henry & Associates,Financials,Transaction & Payment Processing Services,185.3,194.03,143.64,185.52,186.18,181.38,167.6,162.23,165.06,169.04
J,Jacobs Solutions,Industrials,Construction & Engineering,135.68,168.03,104.43,134.1,134.77,135.77,146.23,147.09,144.97,136.31
JNJ,Johnson & Johnson,Health Care,Pharmaceuticals,205.36,215.19,136.5,207.54,208.93,206.63,197.64,187.45,181.77,170.84
JCI,Johnson Controls,Industrials,Building Products,120.84,123.78,67.78,118.89,117.88,116.48,115.38,111.18,110.33,102.4
JPM,JPMorgan Chase,Financials,Diversified Banks,325.61,327.78,200.22,318.78,317.55,313.75,308.49,304.5,301.56,281.61
K,Kellanova,Consumer Staples,Packaged Foods & Meats,83.44,83.49,75.95,83.32,83.2,83.01,82.65,80.64,80.17,80.35
KVUE,Kenvue,Consumer Staples,Personal Care Products,17.02,24.41,13.85,17.09,17.19,17.11,16.22,17.51,18.23,19.76
KDP,Keurig Dr Pepper,Consumer Staples,Soft Drinks & Non-alcoholic Beverages,27.92,35.62,25.03,28.04,28.65,28.46,27.71,28.42,29.37,30.82
KEY,KeyCorp,Financials,Regional Banks,21.08,21.25,12.29,21.0,20.79,19.78,18.33,18.3,18.21,17.03
KEYS,Keysight Technologies,Information Technology,Electronic Equipment & Instruments,205.46,214.58,121.43,201.94,205.78,204.63,186.35,177.35,174.74,166.32
KMB,Kimberly-Clark,Consumer Staples,Household Products,99.78,145.82,98.03,101.48,102.29,103.62,107.48,116.77,118.58,123.96
KIM,Kimco Realty,Real Estate,Retail REITs,20.07,22.68,17.3,20.16,20.17,20.16,20.51,20.94,20.95,20.62
KMI,Kinder Morgan,Energy,Oil & Gas Storage & Transportation,27.26,30.15,23.17,26.73,26.68,26.96,26.74,26.85,26.95,26.87
KKR,KKR & Co.,Financials,Asset Management & Custody Banks,131.14,169.44,85.77,131.46,134.64,130.28,123.82,130.85,133.12,126.69
KLAC,KLA Corporation,Information Technology,Semiconductor Materials & Equipment,1267.38,1282.32,547.89,1234.62,1230.06,1210.63,1180.47,1072.73,1040.37,925.66
KHC,Kraft Heinz,Consumer Staples,Packaged Foods & Meats,23.67,31.87,23.33,24.37,24.42,24.65,24.58,25.35,25.6,26.17
KR,Kroger,Consumer Staples,Food Retail,62.22,74.13,56.96,62.7,62.49,63.91,65.23,66.63,67.38,67.4
LHX,L3Harris,Industrials,Aerospace & Defense,298.48,306.84,189.46,288.49,287.66,282.49,286.05,283.2,278.73,257.74
LH,Labcorp,Health Care,Health Care Services,252.53,292.94,207.68,253.49,257.98,261.16,264.19,269.24,266.38,256.39
LRCX,Lam Research,Information Technology,Semiconductor Materials & Equipment,175.23,177.29,55.98,168.49,166.75,162.32,155.83,135.52,128.11,109.23
LW,Lamb Weston,Consumer Staples,Packaged Foods & Meats,41.65,66.87,41.42,49.44,54.46,56.93,59.63,58.03,56.97,55.31
LVS,Las Vegas Sands,Consumer Discretionary,Casinos & Gaming,66.12,70.45,29.72,66.69,66.57,67.04,62.48,57.95,56.17,49.69
LDOS,Leidos,Industrials,Diversified Support Services,186.32,205.3,122.37,183.92,185.5,186.87,188.87,185.66,180.7,166.98
LEN,Lennar,Consumer Discretionary,Homebuilding,104.67,143.63,97.13,108.04,113.61,120.57,121.96,125.23,122.66,117.55
LII,Lennox International,Industrials,Building Products,495.83,687.72,443.19,493.94,498.47,497.91,494.41,527.11,544.08,549.6
LLY,Lilly (Eli),Health Care,Pharmaceuticals,1072.2,1111.99,621.5,1063.76,1046.58,1044.89,965.02,853.97,838.56,817.96
LIN,Linde plc,Materials,Industrial Gases,424.7,483.05,387.78,422.19,416.37,409.52,421.03,446.32,450.09,450.92
LYV,Live Nation Entertainment,Communication Services,Movies & Entertainment,144.4,175.25,112.88,140.51,140.61,137.5,141.67,151.65,151.14,144.9
LKQ,LKQ Corporation,Consumer Discretionary,Distributors,30.03,43.32,28.13,29.97,30.25,29.74,29.96,30.28,31.28,34.3
LMT,Lockheed Martin,Industrials,Aerospace & Defense,483.33,512.11,404.07,477.19,477.05,464.26,470.45,465.79,461.09,459.38
L,Loews Corporation,Financials,Multi-line Insurance,107.52,109.06,78.83,106.82,105.5,105.44,103.18,100.22,98.4,94.34
LOW,Lowe's,Consumer Discretionary,Home Improvement Retail,241.73,273.63,203.22,243.98,245.67,244.88,239.63,246.37,241.62,234.07
LULU,Lululemon Athletica,Consumer Discretionary,"Apparel, Accessories & Luxury Goods",213.06,423.32,159.25,211.57,205.05,194.01,179.59,181.61,190.73,226.29
LYB,LyondellBasell,Materials,Specialty Chemicals,42.8,72.64,40.42,43.26,43.74,44.55,44.15,47.24,49.58,52.33
MTB,M&T Bank,Financials,Regional Banks,206.64,208.26,147.35,205.81,205.21,199.03,189.01,190.86,191.37,184.26
MPC,Marathon Petroleum,Energy,Oil & Gas Refining & Marketing,166.42,201.29,113.25,168.42,176.86,184.17,188.31,183.01,180.85,167.94
MKTX,MarketAxess,Financials,Financial Exchanges & Data,183.03,230.09,155.48,181.18,179.66,172.09,168.96,175.47,182.86,195.43
MAR,Marriott International,Consumer Discretionary,"Hotels, Resorts & Cruise Lines",314.83,316.69,203.87,311.13,305.22,302.04,286.09,275.21,274.84,264.4
MMC,Marsh McLennan,Financials,Insurance Brokers,185.66,245.83,174.18,185.59,185.3,184.02,183.94,193.24,196.38,207.37
MLM,Martin Marietta Materials,Materials,Construction Materials,638.91,664.29,440.13,630.35,629.89,623.83,618.12,616.6,605.94,572.34
MAS,Masco,Industrials,Building Products,64.09,80.67,55.74,64.54,64.44,64.1,64.19,67.8,67.39,65.97
MA,Mastercard,Financials,Transaction & Payment Processing Services,575.7,600.98,463.61,569.13,562.65,553.91,554.54,567.0,565.33,558.79
MTCH,Match Group,Communication Services,Interactive Media & Services,32.75,38.99,26.09,32.73,32.87,33.31,32.81,34.54,34.17,32.51
MKC,McCormick & Company,Consumer Staples,Packaged Foods & Meats,69.06,84.63,62.64,68.73,67.74,66.46,66.1,67.02,68.03,70.66
MCD,McDonald's,Consumer Discretionary,Restaurants,311.0,321.79,270.23,316.28,315.16,311.65,306.34,304.94,302.77,303.0
MCK,McKesson Corporation,Health Care,Health Care Distributors,825.0,894.75,563.37,816.15,815.61,825.77,825.39,766.84,756.1,732.74
MDT,Medtronic,Health Care,Health Care Equipment,97.37,106.33,77.26,98.1,98.72,100.72,97.28,95.19,93.98,90.42
MRK,Merck & Co.,Health Care,Pharmaceuticals,104.82,105.39,71.26,102.1,100.34,100.58,93.04,87.68,86.21,83.81
META,Meta Platforms,Communication Services,Interactive Media & Services,665.32,795.06,478.72,659.91,654.97,652.42,658.85,704.81,707.44,670.79
MET,MetLife,Financials,Life & Health Insurance,81.05,85.61,63.78,81.64,81.73,79.43,78.43,78.75,78.37,77.67
MTD,Mettler Toledo,Health Care,Life Sciences Tools & Services,1414.95,1525.17,946.69,1400.79,1402.4,1421.69,1411.12,1344.8,1318.97,1249.68
MGM,MGM Resorts,Consumer Discretionary,Casinos & Gaming,36.95,41.32,25.3,36.95,37.1,36.21,33.77,34.7,35.23,33.87
MCHP,Microchip Technology,Information Technology,Semiconductors,65.43,75.98,33.33,64.93,66.19,62.92,60.45,62.49,64.18,59.95
MU,Micron Technology,Information Technology,Semiconductors,275.68,281.86,61.44,258.45,252.56,244.71,230.93,187.56,173.37,143.18
MSFT,Microsoft,Information Technology,Systems Software,487.29,553.5,342.95,483.65,481.0,483.3,498.7,505.39,505.21,473.65
MAA,Mid-America Apartment Communities,Real Estate,Multi-Family Residential REITs,136.35,168.08,125.75,136.13,134.35,134.06,132.2,135.57,137.91,143.91
MRNA,Moderna,Health Care,Biotechnology,32.36,48.92,22.28,32.5,31.04,28.45,26.71,26.34,27.39,27.49
MHK,Mohawk Industries,Consumer Discretionary,Home Furnishings,109.11,143.13,96.24,108.85,110.29,111.59,113.73,121.21,119.49,114.53
MOH,Molina Healthcare,Health Care,Managed Health Care,164.54,359.97,133.4,163.39,164.02,156.92,157.94,168.2,176.45,228.43
TAP,Molson Coors Beverage Company,Consumer Staples,Brewers,46.03,62.82,42.5,47.2,47.3,46.57,45.76,46.79,47.17,49.98
MDLZ,Mondelez International,Consumer Staples,Packaged Foods & Meats,54.06,70.58,52.78,54.29,54.14,55.04,57.09,59.49,61.13,62.73
MPWR,Monolithic Power Systems,Information Technology,Semiconductors,944.97,1123.38,437.16,933.79,947.67,946.98,968.12,918.9,881.59,785.36
MNST,Monster Beverage,Consumer Staples,Soft Drinks & Non-alcoholic Beverages,77.55,78.31,45.7,76.25,75.18,74.79,71.74,68.07,66.55,64.17
MCO,Moody's Corporation,Financials,Financial Exchanges & Data,515.43,527.9,376.55,504.97,495.75,492.38,485.13,492.24,494.09,480.92
MS,Morgan Stanley,Financials,Investment Banking & Brokerage,179.5,181.98,92.37,176.8,177.67,174.9,167.2,158.99,155.24,141.81
MOS,Mosaic Company (The),Materials,Fertilizers & Agricultural Chemicals,24.26,37.63,21.79,24.07,24.38,24.21,25.81,29.39,30.69,30.53
MSI,Motorola Solutions,Information Technology,Communications Equipment,378.12,489.48,359.36,373.8,369.75,370.45,393.19,427.58,426.23,422.44
MSCI,MSCI Inc.,Financials,Financial Exchanges & Data,580.84,627.03,482.15,569.83,559.28,554.39,558.36,559.95,560.67,556.61
NDAQ,"Nasdaq, Inc.",Financials,Financial Exchanges & Data,98.22,98.26,64.26,95.89,94.47,92.0,89.11,90.63,90.6,85.87
NTAP,NetApp,Information Technology,"Technology Hardware, Storage & Peripherals",109.87,126.11,71.18,110.83,113.55,113.93,113.85,114.67,112.77,105.34
NFLX,Netflix,Communication Services,Movies & Entertainment,93.23,134.12,82.11,94.2,94.34,99.56,107.72,114.35,116.36,113.3
NEM,Newmont,Materials,Gold,105.47,105.68,36.25,102.09,100.01,95.15,89.6,83.17,78.53,68.39
NWSA,News Corp (Class A),Communication Services,Publishing,26.37,31.61,23.3,26.2,26.14,25.89,26.02,27.63,27.99,27.71
NWS,News Corp (Class B),Communication Services,Publishing,30.05,35.47,26.17,29.82,29.66,29.44,29.61,31.35,31.86,31.66
NEE,NextEra Energy,Utilities,Multi-Utilities,79.91,86.94,60.35,80.13,80.77,82.26,82.91,78.33,77.11,73.83
NKE,"Nike, Inc.",Consumer Discretionary,"Apparel, Accessories & Luxury Goods",57.19,80.55,51.34,60.89,64.03,64.31,64.41,68.69,69.69,66.29
NI,NiSource,Utilities,Multi-Utilities,41.58,44.58,34.53,41.35,41.44,41.96,42.62,42.19,41.79,40.59
NDSN,Nordson Corporation,Industrials,Industrial Machinery & Supplies & Components,242.59,250.6,163.26,240.55,237.9,237.01,234.01,228.08,225.79,215.28
NSC,Norfolk Southern,Industrials,Rail Transportation,291.83,300.79,198.48,292.22,293.99,292.93,287.36,285.21,281.52,262.9
NTRS,Northern Trust,Financials,Asset Management & Custody Banks,140.01,141.25,80.06,139.17,138.99,135.19,130.1,129.17,128.56,117.54
NOC,Northrop Grumman,Industrials,Aerospace & Defense,581.28,638.31,418.96,571.62,568.78,562.08,572.2,579.9,569.59,538.5
NCLH,Norwegian Cruise Line Holdings,Consumer Discretionary,"Hotels, Resorts & Cruise Lines",23.2,29.29,14.21,22.74,21.75,20.2,20.5,22.63,22.67,20.98
NRG,NRG Energy,Utilities,Independent Power Producers & Energy Traders,158.17,180.08,78.84,155.09,159.58,162.87,165.88,161.56,160.28,146.33
NUE,Nucor,Materials,Steel,163.7,168.07,96.79,161.13,162.59,161.34,151.24,145.89,144.6,134.47
NVDA,Nvidia,Information Technology,Semiconductors,183.69,212.18,86.6,177.5,178.85,179.92,185.65,182.39,179.26,157.9
NVR,"NVR, Inc.",Consumer Discretionary,Homebuilding,7331.96,8618.28,6562.85,7432.58,7485.88,7499.91,7422.69,7748.65,7722.48,7519.32
NXPI,NXP Semiconductors,Information Technology,Semiconductors,227.01,250.74,146.07,225.51,227.99,220.18,211.56,217.1,218.21,209.0
ORLY,O’Reilly Automotive,Consumer Discretionary,Automotive Retail,92.0,108.72,78.3,91.88,92.91,96.21,97.35,100.62,99.25,96.18
OXY,Occidental Petroleum,Energy,Oil & Gas Exploration & Production,40.21,52.05,34.2,40.09,40.36,41.04,41.14,43.13,43.23,42.89
ODFL,Old Dominion,Industrials,Cargo Ground Transportation,158.68,208.11,125.76,157.93,157.98,151.21,142.19,143.94,147.68,152.22
OMC,Omnicom Group,Communication Services,Advertising,78.43,86.56,67.1,80.21,79.6,75.52,75.05,75.43,74.76,74.21
ON,ON Semiconductor,Information Technology,Semiconductors,55.98,67.95,31.04,55.05,55.09,53.97,51.39,50.43,51.88,48.63
OKE,Oneok,Energy,Oil & Gas Storage & Transportation,73.49,105.47,64.02,72.54,72.77,73.35,70.13,71.27,72.84,76.82
ORCL,Oracle Corporation,Information Technology,Application Software,195.32,345.12,117.98,188.83,192.96,200.86,232.58,250.19,247.57,213.54
OTIS,Otis Worldwide,Industrials,Industrial Machinery & Supplies & Components,87.71,105.37,83.46,87.67,87.86,87.67,89.2,88.65,89.89,92.3
PCAR,Paccar,Industrials,Construction Machinery & Heavy Transportation Equipment,111.89,113.11,82.75,111.32,111.25,108.51,101.39,99.18,98.49,95.96
PKG,Packaging Corporation of America,Materials,Paper & Plastic Packaging Products & Materials,207.01,236.7,169.57,204.55,204.01,200.79,200.31,203.71,202.73,196.95
PLTR,Palantir Technologies,Information Technology,Application Software,194.23,207.52,63.4,188.91,187.46,180.48,180.64,176.18,170.4,148.07
PANW,Palo Alto Networks,Information Technology,Systems Software,188.23,223.61,144.15,186.78,188.19,189.99,201.53,197.46,197.08,192.3
PSKY,Paramount Skydance Corporation,Communication Services,Movies & Entertainment,13.6,20.78,9.89,13.26,13.65,14.35,15.28,15.61,15.06,13.74
PH,Parker Hannifin,Industrials,Industrial Machinery & Supplies & Components,887.93,908.35,484.88,876.07,881.16,873.37,823.81,784.85,770.75,715.7
PAYX,Paychex,Industrials,Human Resource & Employment Services,114.11,158.49,108.0,114.44,114.58,113.24,115.46,123.86,127.63,134.85
PAYC,Paycom,Industrials,Human Resource & Employment Services,160.34,266.71,156.14,163.95,164.18,163.75,174.23,196.05,202.79,213.72
PYPL,PayPal,Financials,Transaction & Payment Processing Services,59.49,93.03,55.72,59.76,60.54,61.19,64.26,66.5,68.01,68.1
PNR,Pentair,Industrials,Industrial Machinery & Supplies & Components,105.65,113.69,73.68,104.37,104.84,104.89,106.21,107.18,106.59,100.92
PEP,PepsiCo,Consumer Staples,Soft Drinks & Non-alcoholic Beverages,143.73,155.29,123.93,147.68,148.94,147.53,146.81,144.65,142.91,139.46
PFE,Pfizer,Health Care,Pharmaceuticals,24.89,27.21,19.83,25.07,25.48,25.54,24.93,24.68,24.55,23.87
PCG,PG&E Corporation,Utilities,Multi-Utilities,15.84,20.33,12.95,15.81,15.47,15.47,15.96,15.6,15.22,15.66
PM,Philip Morris International,Consumer Staples,Tobacco,161.95,183.57,113.18,158.88,156.51,154.7,153.9,158.34,161.05,162.48
PSX,Phillips 66,Energy,Oil & Gas Refining & Marketing,129.08,144.96,88.51,129.62,135.01,136.55,135.13,131.6,130.05,123.22
PNW,Pinnacle West Capital,Utilities,Multi-Utilities,88.04,93.67,78.26,88.1,87.78,88.29,89.17,88.98,88.99,89.22
PNC,PNC Financial Services,Financials,Diversified Banks,212.33,213.98,141.09,211.05,210.51,202.94,191.17,193.78,193.38,183.14
POOL,Pool Corporation,Consumer Discretionary,Distributors,231.6,368.69,229.63,233.71,236.47,239.11,254.96,283.72,287.65,293.71
PPG,PPG Industries,Materials,Specialty Chemicals,102.98,121.53,88.43,103.13,102.98,101.62,99.59,103.28,105.23,105.81
PPL,PPL Corporation,Utilities,Electric Utilities,34.78,37.96,30.24,34.57,34.18,34.53,35.74,35.88,35.61,35.03
PFG,Principal Financial Group,Financials,Life & Health Insurance,89.59,92.1,66.44,89.3,89.84,87.59,83.74,81.5,80.89,79.07
PG,Procter & Gamble,Consumer Staples,Personal Care Products,143.29,176.43,138.14,144.75,143.75,144.46,146.97,150.47,151.41,155.25
PGR,Progressive Corporation,Financials,Property & Casualty Insurance,227.45,292.65,199.9,226.24,228.75,227.75,222.6,233.76,236.9,251.15
PLD,Prologis,Real Estate,Industrial REITs,127.82,130.68,83.15,127.67,128.31,127.73,125.09,117.7,115.37,110.94
PRU,Prudential Financial,Financials,Life & Health Insurance,114.36,118.31,86.97,115.08,115.89,112.7,106.78,105.05,104.51,103.33
PEG,Public Service Enterprise Group,Utilities,Electric Utilities,80.35,89.82,72.92,80.33,79.87,80.12,81.15,81.66,81.96,80.84
PTC,PTC Inc.,Information Technology,Application Software,175.62,219.69,133.38,176.81,176.31,175.69,183.88,195.68,195.24,182.17
PSA,Public Storage,Real Estate,Self-Storage REITs,259.48,309.54,248.69,261.72,265.58,267.63,276.68,279.75,280.26,282.93
PHM,PulteGroup,Consumer Discretionary,Homebuilding,117.2,141.59,87.56,120.1,123.23,124.85,121.69,125.78,123.0,114.64
PWR,Quanta Services,Industrials,Construction & Engineering,435.31,473.99,226.97,426.11,437.22,447.86,442.77,417.77,412.82,373.29
QCOM,Qualcomm,Information Technology,Semiconductors,174.64,204.9,118.79,174.13,176.78,173.67,171.66,165.44,163.5,157.1
DGX,Quest Diagnostics,Health Care,Health Care Services,174.99,197.55,146.66,176.53,178.9,181.87,182.91,181.73,179.48,176.19
RL,Ralph Lauren Corporation,Consumer Discretionary,"Apparel, Accessories & Luxury Goods",360.9,380.0,175.49,365.3,366.31,364.17,342.71,323.89,316.65,288.04
RJF,Raymond James Financial,Financials,Investment Banking & Brokerage,166.04,177.15,116.85,163.25,163.58,161.39,160.69,163.93,163.16,155.15
RTX,RTX Corporation,Industrials,Aerospace & Defense,185.77,188.0,110.77,181.79,180.18,175.66,173.79,166.01,162.65,150.85
O,Realty Income,Real Estate,Retail REITs,55.99,60.33,48.85,56.7,57.07,57.28,57.49,57.79,57.41,56.35
REG,Regency Centers,Real Estate,Retail REITs,69.12,75.09,61.52,68.51,67.84,68.42,69.27,69.93,69.74,69.66
REGN,Regeneron Pharmaceuticals,Health Care,Biotechnology,785.66,792.75,475.17,766.3,754.48,747.48,686.45,629.52,613.58,600.13
RF,Regions Financial Corporation,Financials,Regional Banks,27.6,27.98,17.18,27.63,27.59,26.69,25.18,25.52,25.33,23.56
RSG,Republic Services,Industrials,Environmental & Facilities Services,213.5,257.43,197.66,213.55,212.95,213.78,213.85,221.65,225.36,232.13
RMD,ResMed,Health Care,Health Care Equipment,244.49,293.11,198.6,244.92,248.12,250.16,252.83,265.26,264.52,252.87
RVTY,Revvity,Health Care,Health Care Equipment,97.83,128.0,81.3,96.97,98.81,100.66,96.7,92.36,93.27,94.66
ROK,Rockwell Automation,Industrials,Electrical Components & Equipment,398.95,415.89,212.49,394.92,400.58,398.97,378.88,360.54,357.39,327.0
ROL,"Rollins, Inc.",Industrials,Environmental & Facilities Services,60.71,61.84,44.8,60.47,60.01,60.37,58.69,57.88,57.5,56.52
ROP,Roper Technologies,Information Technology,Electronic Equipment & Instruments,448.74,592.47,435.42,449.15,446.71,445.96,456.38,487.01,500.75,524.99
ROST,Ross Stores,Consumer Discretionary,Apparel Retail,180.48,185.85,121.41,181.78,182.26,179.64,167.82,158.01,152.88,146.38
RCL,Royal Caribbean Group,Consumer Discretionary,"Hotels, Resorts & Cruise Lines",293.03,365.38,163.05,291.79,284.66,273.01,276.96,302.33,308.79,279.26
SPGI,S&P Global,Financials,Financial Exchanges & Data,526.6,576.91,424.77,515.68,506.78,501.06,493.41,510.34,513.62,506.78
CRM,Salesforce,Information Technology,Application Software,263.65,364.71,221.6,260.75,259.99,251.18,247.63,245.78,249.52,256.48
SBAC,SBA Communications,Real Estate,Telecom Tower REITs,191.49,241.44,184.43,190.69,191.03,190.77,193.36,198.07,204.52,211.67
SLB,Schlumberger,Energy,Oil & Gas Equipment & Services,38.13,43.29,30.37,38.24,38.74,37.87,36.32,35.19,35.05,35.12
STX,Seagate Technology,Information Technology,"Technology Hardware, Storage & Peripherals",282.17,308.93,62.66,286.21,289.92,280.92,261.8,226.74,211.01,168.79
SRE,Sempra,Utilities,Multi-Utilities,88.69,95.03,60.49,87.55,88.01,89.25,90.68,87.03,84.87,79.9
NOW,ServiceNow,Information Technology,Systems Software,154.43,239.62,135.73,155.26,160.28,163.35,171.42,176.62,180.6,181.75
SHW,Sherwin-Williams,Materials,Specialty Chemicals,323.23,378.76,306.78,324.25,326.18,331.33,334.44,343.9,343.45,343.51
SPG,Simon Property Group,Real Estate,Retail REITs,187.45,187.74,131.37,185.67,184.06,182.59,179.61,177.2,173.74,166.26
SWKS,Skyworks Solutions,Information Technology,Semiconductors,64.49,91.61,46.48,64.78,66.03,66.73,69.15,71.48,71.66,69.15
SJM,J.M. Smucker Company (The),Consumer Staples,Packaged Foods & Meats,97.85,117.94,91.46,99.29,100.0,100.6,102.81,105.33,105.0,106.12
SW,Smurfit Westrock,Materials,Paper & Plastic Packaging Products & Materials,38.29,54.55,32.73,38.23,37.87,36.76,37.42,40.65,41.72,42.02
SNA,Snap-on,Industrials,Industrial Machinery & Supplies & Components,352.09,356.07,283.93,348.08,349.16,345.98,340.22,334.31,331.01,325.1
SOLV,Solventum,Health Care,Health Care Technology,80.64,88.2,60.7,80.73,81.38,82.99,76.97,74.84,74.76,73.53
SO,Southern Company,Utilities,Electric Utilities,86.51,100.02,77.85,86.35,85.67,86.9,90.48,91.65,91.7,90.26
LUV,Southwest Airlines,Industrials,Passenger Airlines,41.69,43.54,23.55,41.38,41.25,38.62,34.8,33.22,33.43,32.26
SWK,Stanley Black & Decker,Industrials,Industrial Machinery & Supplies & Components,74.68,87.08,52.01,73.51,74.26,72.87,69.28,71.06,70.68,68.69
SBUX,Starbucks,Consumer Discretionary,Restaurants,83.46,115.04,73.95,86.52,85.7,85.49,84.41,85.0,86.43,86.72
STT,State Street Corporation,Financials,Asset Management & Custody Banks,130.56,131.36,71.77,128.93,128.69,124.67,119.41,115.98,114.47,105.3
STLD,Steel Dynamics,Materials,Steel,177.62,178.35,102.41,175.0,172.93,169.98,160.1,146.63,143.42,136.96
STE,Steris,Health Care,Health Care Equipment,255.19,268.6,199.47,253.58,253.81,258.18,252.69,248.27,244.52,239.07
SYK,Stryker Corporation,Health Care,Health Care Equipment,355.14,403.95,327.71,354.51,354.04,359.76,364.8,371.94,376.07,374.17
SMCI,Supermicro,Information Technology,"Technology Hardware, Storage & Peripherals",30.74,66.44,25.71,30.43,31.64,32.74,39.88,43.35,45.1,42.59
SYF,Synchrony Financial,Financials,Consumer Finance,85.62,86.22,39.98,84.61,84.41,81.63,76.57,74.68,73.62,66.48
SNPS,Synopsys,Information Technology,Application Software,474.86,651.73,365.74,466.21,465.51,455.03,436.16,488.53,505.98,488.93
SYY,Sysco,Consumer Staples,Food Distributors,73.79,83.13,66.22,74.74,74.64,74.5,75.51,77.91,77.83,75.47
TMUS,T-Mobile US,Communication Services,Wireless Telecommunication Services,196.92,273.15,194.01,197.81,196.9,201.97,209.42,225.35,226.91,233.6
TROW,T. Rowe Price,Financials,Asset Management & Custody Banks,104.2,115.38,74.96,103.9,103.67,103.05,101.91,102.83,102.3,97.23
TTWO,Take-Two Interactive,Communication Services,Interactive Home Entertainment,249.19,264.79,177.35,246.47,245.14,245.77,247.35,244.74,242.49,234.68
TPR,"Tapestry, Inc.",Consumer Discretionary,"Apparel, Accessories & Luxury Goods",129.38,130.27,57.71,126.27,124.25,118.38,112.49,109.93,107.83,95.11
TRGP,Targa Resources,Energy,Oil & Gas Storage & Transportation,184.86,213.78,143.19,181.48,181.85,179.29,167.8,165.72,166.0,167.78
TGT,Target Corporation,Consumer Staples,Consumer Staples Merchandise Retail,94.14,138.95,83.44,97.0,96.89,93.96,91.73,92.35,94.07,94.42
TEL,TE Connectivity,Information Technology,Electronic Manufacturing Services,232.64,250.67,115.38,228.97,232.1,230.91,233.16,221.83,214.26,189.88
TDY,Teledyne Technologies,Information Technology,Electronic Equipment & Instruments,518.64,595.99,419.0,510.81,513.24,509.33,518.24,537.71,537.59,517.81
TER,Teradyne,Information Technology,Semiconductor Materials & Equipment,198.82,205.0,65.55,193.38,195.52,192.56,174.24,147.96,137.23,116.1
TSLA,"Tesla, Inc.",Consumer Discretionary,Automobile Manufacturers,485.6,498.83,214.25,481.23,472.86,455.26,442.21,410.11,391.08,353.55
TXN,Texas Instruments,Information Technology,Semiconductors,177.29,218.15,136.55,176.62,178.14,176.3,169.06,177.56,182.62,179.27
TPL,Texas Pacific Land Corporation,Energy,Oil & Gas Exploration & Production,298.09,485.16,269.23,298.66,292.06,293.52,305.06,304.88,310.86,350.11
TXT,Textron,Industrials,Aerospace & Defense,90.81,91.22,57.66,89.31,87.99,85.59,82.89,82.26,82.23,78.53
TMO,Thermo Fisher Scientific,Health Care,Life Sciences Tools & Services,579.07,608.82,384.82,569.51,571.73,576.0,569.25,528.88,510.56,482.77
TJX,TJX Companies,Consumer Discretionary,Apparel Retail,155.9,157.83,111.06,155.52,155.68,153.82,148.03,142.87,139.07,133.42
TKO,TKO Group Holdings,Communication Services,Movies & Entertainment,215.79,217.44,131.77,213.59,209.34,202.42,191.73,190.44,186.42,175.09
TTD,Trade Desk (The),Communication Services,Advertising,37.53,127.59,35.65,37.31,37.23,38.32,43.52,48.62,54.79,57.59
TSCO,Tractor Supply,Consumer Discretionary,Other Specialty Retail,50.98,63.47,46.26,51.98,52.21,53.05,53.84,56.23,56.26,54.25
TT,Trane Technologies,Industrials,Building Products,393.66,475.11,296.82,388.18,392.54,400.94,414.2,416.18,421.43,406.72
TDG,TransDigm Group,Industrials,Aerospace & Defense,1316.01,1519.36,1107.45,1283.81,1289.67,1318.62,1314.45,1308.6,1339.82,1326.15
TRV,Travelers Companies (The),Financials,Property & Casualty Insurance,292.36,295.68,226.54,292.37,288.86,287.22,280.02,275.99,272.35,267.65
TRMB,Trimble Inc.,Information Technology,Electronic Equipment & Instruments,80.71,87.5,52.91,80.47,80.91,81.39,79.78,80.49,80.6,75.61
TFC,Truist Financial,Financials,Diversified Banks,50.49,50.85,32.34,50.25,49.98,48.5,45.7,45.1,44.82,42.34
TYL,Tyler Technologies,Information Technology,Application Software,463.11,661.31,445.64,458.53,455.49,459.98,473.54,510.6,522.35,539.09
TSN,Tyson Foods,Consumer Staples,Packaged Foods & Meats,57.72,62.66,50.12,58.32,58.64,57.78,54.52,54.55,54.34,55.27
USB,U.S. Bancorp,Financials,Diversified Banks,54.56,55.13,34.43,54.24,53.89,52.07,49.03,48.16,47.69,45.2
UBER,Uber,Industrials,Passenger Ground Transportation,80.79,101.99,59.75,80.04,81.77,85.17,89.69,92.27,92.2,87.71
UDR,"UDR, Inc.",Real Estate,Multi-Family Residential REITs,36.08,44.96,32.94,36.07,35.8,35.75,35.34,36.38,37.07,38.49
ULTA,Ulta Beauty,Consumer Discretionary,Other Specialty Retail,602.44,616.14,309.01,598.65,596.94,576.62,542.67,535.95,526.93,479.32
UNP,Union Pacific Corporation,Industrials,Rail Transportation,234.26,250.85,200.99,234.85,236.21,234.14,226.04,224.37,224.95,223.42
UAL,United Airlines Holdings,Industrials,Passenger Airlines,113.65,116.32,52.0,113.36,110.99,107.31,100.63,100.46,97.74,88.69
UPS,United Parcel Service,Industrials,Air Freight & Logistics,100.1,128.18,80.6,101.16,100.7,98.21,93.64,88.75,90.17,92.7
URI,United Rentals,Industrials,Trading Companies & Distributors,818.67,1019.33,522.49,808.18,813.58,808.76,852.32,893.94,878.06,794.17
UNH,UnitedHealth Group,Health Care,Managed Health Care,325.34,594.32,231.57,327.54,331.99,329.36,334.35,325.17,317.41,348.67
UHS,Universal Health Services,Health Care,Health Care Facilities,226.43,246.13,152.04,226.03,224.67,229.95,223.67,205.59,198.97,191.64
VLO,Valero Energy,Energy,Oil & Gas Refining & Marketing,164.65,184.46,96.76,163.15,166.27,171.11,170.58,161.62,157.67,144.72
VTR,Ventas,Real Estate,Health Care REITs,79.13,81.89,55.47,79.24,78.6,79.44,76.28,72.13,70.63,68.43
VLTO,Veralto,Industrials,Environmental & Facilities Services,102.47,109.99,83.69,101.18,100.07,100.76,100.51,103.46,103.3,100.69
VRSN,Verisign,Information Technology,Internet Services & Infrastructure,244.88,308.75,192.27,244.51,243.51,247.09,248.26,261.25,265.59,264.59
VRSK,Verisk Analytics,Industrials,Research & Consulting Services,218.24,321.24,196.59,218.89,217.69,219.8,222.08,239.86,251.44,269.23
VZ,Verizon,Communication Services,Integrated Telecommunication Services,39.98,45.09,35.79,40.37,40.38,40.64,40.35,41.54,41.53,41.66
VRTX,Vertex Pharmaceuticals,Health Care,Biotechnology,459.35,519.68,362.5,454.55,452.6,446.77,432.25,413.24,423.41,440.78
VTRS,Viatris,Health Care,Pharmaceuticals,11.98,12.13,6.6,11.91,11.75,11.28,10.7,10.3,10.03,9.38
VICI,Vici Properties,Real Estate,Hotel & Resort REITs,27.78,33.01,26.43,27.97,27.9,27.88,29.05,30.48,30.8,30.68
V,Visa Inc.,Financials,Transaction & Payment Processing Services,353.69,374.11,297.39,349.09,345.66,338.04,337.82,340.35,342.44,343.38
VST,Vistra Corp.,Utilities,Electric Utilities,161.33,219.51,90.17,162.28,166.18,168.89,180.13,190.29,190.98,172.43
VMC,Vulcan Materials Company,Materials,Construction Materials,293.4,311.21,213.97,290.18,293.16,293.31,291.71,292.8,287.65,274.03
WRB,W. R. Berkley Corporation,Financials,Property & Casualty Insurance,70.29,77.72,54.51,69.71,68.92,69.98,72.4,72.17,71.41,70.32
GWW,W. W. Grainger,Industrials,Industrial Machinery & Supplies & Components,1024.42,1129.04,887.81,1024.78,1022.6,990.04,966.58,971.86,984.05,997.88
WAB,Wabtec,Industrials,Construction Machinery & Heavy Transportation Equipment,219.82,222.47,151.24,216.67,216.02,213.19,205.64,199.19,200.63,196.4
WMT,Walmart,Consumer Staples,Consumer Staples Merchandise Retail,110.86,117.45,79.27,113.66,114.55,113.33,107.66,104.38,102.77,99.03
DIS,Walt Disney Company (The),Communication Services,Movies & Entertainment,113.11,123.85,79.22,111.84,111.1,107.89,108.81,111.61,113.37,108.87
WBD,Warner Bros. Discovery,Communication Services,Broadcasting,29.24,30.0,7.52,28.32,28.92,26.96,23.71,19.38,17.97,14.8
WM,Waste Management,Industrials,Environmental & Facilities Services,220.2,239.91,193.36,218.86,216.83,215.39,210.77,216.15,218.13,222.04
WAT,Waters Corporation,Health Care,Life Sciences Tools & Services,383.5,423.56,275.05,379.82,383.64,391.18,373.76,337.15,333.15,339.12
WEC,WEC Energy Group,Utilities,Electric Utilities,105.12,117.25,88.91,104.79,104.47,106.32,110.21,109.66,108.7,107.03
WFC,Wells Fargo,Financials,Diversified Banks,94.21,94.68,57.46,93.11,92.67,90.16,87.11,83.61,83.04,78.44
WELL,Welltower,Real Estate,Health Care REITs,186.76,209.05,120.99,187.17,187.95,195.62,189.1,178.46,174.06,164.15
WST,West Pharmaceutical Services,Health Care,Health Care Supplies,276.55,347.77,186.94,272.35,270.71,273.55,274.3,263.37,256.76,241.47
WDC,Western Digital,Information Technology,"Technology Hardware, Storage & Peripherals",177.59,188.77,28.72,175.34,176.88,169.64,153.94,124.69,113.27,88.09
WY,Weyerhaeuser,Real Estate,Timber REITs,23.57,30.64,20.96,23.62,23.43,22.7,22.66,23.8,24.12,24.91
WSM,"Williams-Sonoma, Inc.",Consumer Discretionary,Homefurnishing Retail,187.79,217.31,128.49,188.96,187.97,183.76,186.72,192.05,188.51,176.86
WMB,Williams Companies,Energy,Oil & Gas Storage & Transportation,59.66,65.01,50.3,58.87,59.24,60.05,59.56,59.22,58.95,58.39
WTW,Willis Towers Watson,Financials,Insurance Brokers,331.1,352.79,291.3,331.11,328.36,324.14,323.87,328.97,324.52,320.1
WDAY,"Workday, Inc.",Information Technology,Application Software,215.52,283.68,205.33,217.24,218.85,218.71,226.7,228.58,229.83,235.23
WYNN,Wynn Resorts,Consumer Discretionary,Casinos & Gaming,125.02,134.72,64.8,126.18,125.53,127.04,123.67,121.71,118.78,105.78
XEL,Xcel Energy,Utilities,Multi-Utilities,74.04,83.01,61.07,73.46,74.12,76.43,78.99,76.74,75.3,72.69
XYL,Xylem Inc.,Industrials,Industrial Machinery & Supplies & Components,138.61,153.83,99.59,137.87,138.08,138.95,143.46,143.04,140.73,132.96
YUM,Yum! Brands,Consumer Discretionary,Restaurants,154.78,160.96,119.81,154.33,151.96,150.04,147.44,146.68,146.64,146.44
ZBRA,Zebra Technologies,Information Technology,Electronic Equipment & Instruments,247.07,427.76,205.73,251.02,259.48,258.44,264.65,287.94,295.6,287.15
ZBH,Zimmer Biomet,Health Care,Health Care Equipment,89.32,113.87,85.33,90.04,91.07,92.86,94.68,97.79,97.0,97.78
ZTS,Zoetis,Health Care,Pharmaceuticals,123.9,175.6,115.25,122.99,121.35,122.23,128.27,138.36,141.21,147.61
