Symbol,Company,GICS_Sector,GICS_Sub_Industry,Current_Price,High_52_Week,Low_52_Week,SMA5,SMA10,SMA20,SMA50,SMA200,Score,Target_Pcnt,Target_Price,Stop_Loss
MMM,3M,Industrials,Industrial Conglomerates,160.35,173.09,124.36,161.25,163.83,166.68,165.01,152.08,0.2,9.09,174.93,158.43
AOS,A. O. Smith,Industrials,Building Products,67.75,73.9,58.72,68.03,68.21,67.4,66.83,67.53,0.3,2.45,69.41,65.38
ABT,Abbott Laboratories,Health Care,Health Care Equipment,124.39,138.33,109.61,125.37,125.35,125.62,126.56,129.4,0.2,4.42,129.89,121.35
ABBV,AbbVie,Health Care,Biotechnology,228.38,242.63,165.03,226.05,225.38,226.08,226.55,203.63,0.0,1.21,231.14,221.03
ACN,Accenture,Information Technology,IT Consulting & Other Services,270.42,394.31,232.56,271.41,271.79,266.41,253.73,275.2,0.1,4.68,283.08,249.75
ADBE,Adobe Inc.,Information Technology,Application Software,351.76,464.11,312.4,355.12,352.46,340.64,337.78,364.07,0.1,4.88,368.93,312.36
AMD,Advanced Micro Devices,Information Technology,Semiconductors,214.11,264.33,78.21,208.33,211.2,213.96,229.7,159.76,0.0,6.04,227.04,200.87
AES,AES Corporation,Utilities,Independent Power Producers & Energy Traders,13.91,15.18,9.38,13.69,13.76,13.83,13.96,12.34,-0.2,1.65,14.14,13.53
AFL,Aflac,Financials,Life & Health Insurance,110.95,114.41,97.05,110.46,109.94,109.7,109.6,105.86,0.0,0.91,111.96,107.43
A,Agilent Technologies,Health Care,Life Sciences Tools & Services,138.56,157.2,98.88,137.58,139.37,144.19,145.11,124.3,-0.2,12.95,156.5,131.87
APD,Air Products,Materials,Industrial Gases,243.95,331.69,230.76,243.76,242.95,248.78,251.67,272.3,-0.4,9.98,268.3,229.26
ABNB,Airbnb,Consumer Discretionary,"Hotels, Resorts & Cruise Lines",136.07,161.42,105.69,135.21,132.38,126.31,124.11,126.5,-0.1,2.81,139.89,112.72
AKAM,Akamai Technologies,Information Technology,Internet Services & Infrastructure,89.66,102.1,68.21,89.01,87.71,87.52,82.77,78.96,0.2,1.73,91.21,83.82
ALB,Albemarle Corporation,Materials,Specialty Chemicals,147.54,147.54,50.01,142.8,137.7,131.96,114.15,80.78,0.2,-0.43,146.91,117.01
ARE,Alexandria Real Estate Equities,Real Estate,Office REITs,48.26,98.01,44.97,48.27,47.44,48.6,56.31,72.07,-0.2,12.99,54.53,42.67
ALGN,Align Technology,Health Care,Health Care Supplies,156.6,234.89,124.88,159.12,161.51,157.02,144.25,159.22,0.1,7.9,168.97,145.06
ALLE,Allegion,Industrials,Building Products,160.58,179.47,118.08,160.4,161.06,161.9,165.55,153.97,0.0,4.08,167.13,156.67
LNT,Alliant Energy,Utilities,Electric Utilities,65.29,69.47,54.87,65.22,65.21,66.03,66.97,63.45,-0.4,5.56,68.92,63.14
ALL,Allstate,Financials,Property & Casualty Insurance,209.61,213.64,177.51,207.38,207.35,207.41,202.86,200.44,-0.2,2.48,214.81,200.0
GOOGL,Alphabet Inc. (Class A),Communication Services,Interactive Media & Services,314.58,323.23,144.3,306.14,308.74,313.47,290.26,213.33,0.0,3.91,326.88,300.05
GOOG,Alphabet Inc. (Class C),Communication Services,Interactive Media & Services,315.96,323.43,146.18,307.54,310.0,314.34,290.94,214.41,0.0,3.54,327.14,301.54
MO,Altria,Consumer Staples,Tobacco,58.53,66.65,48.28,58.56,58.74,58.62,59.64,59.72,0.2,1.47,59.39,57.85
AMZN,Amazon,Consumer Discretionary,Broadline Retail,232.23,254.0,167.32,227.21,226.94,228.78,229.75,215.97,0.0,1.66,236.09,221.48
AMCR,Amcor,Materials,Paper & Plastic Packaging Products & Materials,8.28,10.15,7.82,8.32,8.29,8.35,8.28,8.86,0.1,3.86,8.6,8.1
AEE,Ameren,Utilities,Multi-Utilities,99.5,105.59,84.39,99.03,98.43,99.97,101.99,98.44,-0.2,5.38,104.85,95.09
AEP,American Electric Power,Utilities,Electric Utilities,115.1,123.77,87.28,114.9,114.74,117.03,118.4,108.7,-0.2,6.83,122.96,111.1
AXP,American Express,Financials,Consumer Finance,382.86,384.89,230.22,378.27,379.77,372.32,361.67,313.31,0.0,1.55,388.79,355.84
AIG,American International Group,Financials,Multi-line Insurance,86.67,86.67,69.02,86.29,84.94,80.51,78.69,80.23,-0.1,3.61,89.8,71.23
AMT,American Tower,Real Estate,Telecom Tower REITs,174.14,230.32,169.21,174.37,177.39,178.24,181.57,201.32,0.0,5.87,184.36,172.12
AWK,American Water Works,Utilities,Water Utilities,130.91,149.23,118.11,131.97,131.71,130.76,132.44,138.44,-0.2,2.44,134.1,127.42
AMP,Ameriprise Financial,Financials,Asset Management & Custody Banks,499.24,567.86,418.0,491.9,492.71,478.85,469.04,490.91,0.1,2.35,510.97,446.74
AME,Ametek,Industrials,Electrical Components & Equipment,209.15,209.15,150.67,204.1,203.17,200.37,195.09,181.94,0.4,-0.83,207.41,193.33
AMGN,Amgen,Health Care,Biotechnology,330.6,345.46,250.44,327.96,324.24,329.99,318.61,293.56,0.0,5.85,349.94,310.04
APH,Amphenol,Information Technology,Electronic Components,136.75,143.57,58.79,132.66,132.83,135.99,134.97,104.44,0.0,5.94,144.87,127.12
ADI,Analog Devices,Information Technology,Semiconductors,277.34,283.39,162.63,274.71,277.67,273.8,250.73,229.06,0.2,4.59,290.07,257.53
AON,Aon plc,Financials,Insurance Brokers,355.33,407.61,326.07,353.18,351.3,349.72,346.19,360.01,-0.1,0.84,358.31,341.11
APA,APA Corporation,Energy,Oil & Gas Exploration & Production,24.3,27.1,13.47,24.25,24.87,25.32,24.16,20.47,0.0,12.72,27.39,23.26
APO,Apollo Global Management,Financials,Asset Management & Custody Banks,148.74,172.42,107.48,147.33,147.81,141.25,132.58,134.87,-0.1,4.7,155.73,126.76
AAPL,Apple Inc.,Information Technology,"Technology Hardware, Storage & Peripherals",272.11,286.19,171.83,272.16,274.46,277.3,270.42,229.93,-0.2,4.91,285.47,269.13
AMAT,Applied Materials,Information Technology,Semiconductor Materials & Equipment,259.79,275.15,125.98,255.4,260.16,260.38,241.33,188.04,0.0,6.66,277.09,243.68
APP,AppLovin,Information Technology,Application Software,726.22,733.6,219.37,706.54,697.61,672.34,622.73,454.21,0.2,5.7,767.61,577.06
APTV,Aptiv,Consumer Discretionary,Automotive Parts & Equipment,76.38,87.98,47.92,77.24,77.82,77.39,79.8,71.82,0.2,3.73,79.23,75.54
ACGL,Arch Capital Group,Financials,Property & Casualty Insurance,97.09,97.12,84.72,96.55,95.34,94.04,90.98,91.18,-0.1,0.72,97.79,90.3
ADM,Archer Daniels Midland,Consumer Staples,Agricultural Products & Services,57.56,63.67,40.67,58.1,58.68,59.14,59.42,54.26,0.0,6.39,61.24,57.05
ARES,Ares Management,Financials,Asset Management & Custody Banks,168.84,192.89,115.76,168.0,170.96,165.69,155.13,161.42,0.1,6.78,180.29,151.1
ANET,Arista Networks,Information Technology,Communications Equipment,131.54,162.03,64.37,128.07,128.39,128.33,135.98,114.95,0.0,2.02,134.2,122.47
AJG,Arthur J. Gallagher & Co.,Financials,Insurance Brokers,257.95,346.41,237.85,254.62,252.47,248.26,257.16,300.4,0.2,0.97,260.45,236.05
AIZ,Assurant,Financials,Multi-line Insurance,241.03,241.51,177.67,239.33,234.35,229.31,221.89,205.59,0.0,0.7,242.72,215.89
T,AT&T,Communication Services,Integrated Telecommunication Services,24.45,29.3,20.9,24.3,24.32,24.88,25.18,26.78,-0.2,7.08,26.18,23.57
ATO,Atmos Energy,Utilities,Gas Utilities,168.48,178.17,133.5,168.22,168.21,169.81,172.72,160.69,-0.2,4.15,175.47,164.14
ADSK,Autodesk,Information Technology,Application Software,296.7,326.79,238.84,297.89,297.64,300.65,300.81,294.47,0.0,4.48,309.99,291.29
ADP,Automatic Data Processing,Industrials,Human Resource & Employment Services,256.67,321.43,247.46,260.16,261.47,258.76,261.39,289.24,-0.2,3.83,266.5,251.02
AZO,AutoZone,Consumer Discretionary,Automotive Retail,3461.61,4354.54,3185.71,3417.54,3432.98,3636.19,3750.49,3822.96,-0.2,18.04,4086.08,3186.36
AVB,AvalonBay Communities,Real Estate,Multi-Family Residential REITs,181.84,222.25,173.92,181.2,179.0,179.41,180.17,193.02,-0.2,1.18,183.99,174.84
AVY,Avery Dennison,Materials,Paper & Plastic Packaging Products & Materials,181.14,191.81,156.63,182.08,181.86,177.59,173.44,171.85,0.2,3.43,187.35,167.83
AXON,Axon Enterprise,Industrials,Aerospace & Defense,590.45,870.97,496.65,579.62,571.87,556.84,607.18,679.22,0.2,1.17,597.36,516.32
BKR,Baker Hughes,Energy,Oil & Gas Equipment & Services,45.12,50.61,34.43,45.03,45.94,47.68,47.49,42.81,0.0,14.85,51.82,43.54
BALL,Ball Corporation,Materials,"Metal, Glass & Plastic Containers",52.22,59.23,44.42,52.22,51.23,49.95,48.78,51.41,0.1,2.3,53.42,46.47
BAC,Bank of America,Financials,Diversified Banks,56.02,56.02,33.82,55.2,54.99,54.16,52.91,46.86,0.2,0.32,56.2,52.11
BAX,Baxter International,Health Care,Health Care Equipment,18.94,36.1,17.41,19.05,19.01,18.83,19.57,25.81,0.0,3.17,19.54,18.12
BDX,Becton Dickinson,Health Care,Health Care Equipment,195.37,243.81,162.39,195.55,197.4,194.54,188.92,187.44,0.0,3.16,201.54,187.54
BRK-B,Berkshire Hathaway,Financials,Multi-Sector Holdings,500.44,539.8,442.66,500.52,499.46,502.16,497.25,498.18,-0.3,2.79,514.4,489.94
BBY,Best Buy,Consumer Discretionary,Computer & Electronics Retail,69.52,86.45,53.98,71.17,72.01,73.53,76.29,70.37,0.0,13.33,78.79,68.27
TECH,Bio-Techne,Health Care,Life Sciences Tools & Services,59.31,78.3,46.53,58.13,58.64,60.81,60.93,55.08,-0.2,11.77,66.29,55.33
BIIB,Biogen,Health Care,Biotechnology,174.44,182.09,113.38,173.19,173.73,177.08,164.11,140.31,0.0,6.01,184.92,169.23
BLK,BlackRock,Financials,Asset Management & Custody Banks,1086.48,1196.76,803.7,1072.97,1078.94,1065.52,1078.51,1035.51,-0.2,1.92,1107.34,1023.7
BX,Blackstone Inc.,Financials,Asset Management & Custody Banks,155.32,187.02,117.47,153.93,153.4,151.21,149.23,151.32,0.1,2.16,158.67,143.75
XYZ,"Block, Inc.",Financials,Transaction & Payment Processing Services,64.99,92.95,46.53,64.73,64.38,63.54,67.81,66.79,0.0,3.12,67.02,60.06
BK,BNY Mellon,Financials,Asset Management & Custody Banks,117.51,118.68,72.12,115.72,116.4,114.6,110.68,97.02,0.0,1.8,119.63,109.58
BA,Boeing,Industrials,Aerospace & Defense,217.22,237.38,136.59,212.55,207.88,202.1,202.34,203.81,0.0,1.68,220.87,183.33
BKNG,Booking Holdings,Consumer Discretionary,"Hotels, Resorts & Cruise Lines",5413.59,5794.84,4141.9,5380.15,5365.39,5199.58,5083.59,5209.22,0.1,3.18,5585.74,4813.3
BSX,Boston Scientific,Health Care,Health Care Equipment,96.0,108.14,88.95,95.73,94.08,96.25,98.58,100.95,-0.2,7.06,102.78,89.72
BMY,Bristol Myers Squibb,Health Care,Pharmaceuticals,54.33,60.79,42.6,54.01,53.34,51.79,48.04,47.91,0.2,2.74,55.82,47.75
AVGO,Broadcom,Information Technology,Semiconductors,348.85,412.18,145.42,336.93,354.15,372.32,361.04,284.16,0.2,22.83,428.49,316.16
BR,Broadridge Financial Solutions,Industrials,Data Processing & Outsourced Services,227.26,264.73,214.68,227.37,228.01,227.74,226.25,236.34,-0.1,1.78,231.31,224.17
BRO,Brown & Brown,Financials,Insurance Brokers,79.56,123.81,76.42,80.36,80.38,80.0,81.63,99.42,0.2,3.65,82.46,77.53
BF-B,Brown–Forman,Consumer Staples,Distillers & Vintners,26.69,40.06,25.25,28.2,29.38,29.41,28.27,29.72,-0.5,17.95,31.48,27.34
BLDR,Builders FirstSource,Industrials,Building Products,102.53,173.51,94.85,103.82,105.49,108.05,110.74,121.18,0.0,12.59,115.44,100.66
BG,Bunge Global,Consumer Staples,Agricultural Products & Services,88.65,97.09,66.74,90.91,91.7,93.26,93.91,81.86,-0.2,10.27,97.75,88.77
BXP,"BXP, Inc.",Real Estate,Office REITs,68.85,78.2,55.53,69.15,70.14,70.56,70.91,68.46,0.0,6.42,73.27,67.84
CHRW,C.H. Robinson,Industrials,Air Freight & Logistics,164.23,166.46,85.64,164.16,161.27,159.24,148.66,116.34,0.2,1.24,166.27,152.2
CDNS,Cadence Design Systems,Information Technology,Application Software,316.76,373.37,231.64,315.47,321.2,322.24,323.96,315.85,0.0,8.95,345.11,299.36
CPT,Camden Property Trust,Real Estate,Multi-Family Residential REITs,107.81,120.87,96.61,107.9,105.59,104.72,102.65,108.17,0.1,1.2,109.1,100.34
CPB,Campbell's Company (The),Consumer Staples,Packaged Foods & Meats,27.7,40.61,27.7,28.45,28.45,29.17,30.12,32.58,0.0,11.55,30.9,27.44
COF,Capital One,Financials,Consumer Finance,247.24,247.24,149.12,244.01,241.64,233.04,221.91,204.91,0.0,2.21,252.7,213.38
CAH,Cardinal Health,Health Care,Health Care Distributors,207.07,213.73,116.25,202.55,200.53,202.61,191.98,159.8,0.0,3.03,213.34,191.88
CCL,Carnival,Consumer Discretionary,"Hotels, Resorts & Cruise Lines",31.7,32.49,16.43,30.28,28.99,27.39,27.48,25.98,0.0,-0.47,31.55,23.24
CARR,Carrier Global,Industrials,Building Products,53.44,80.42,50.36,53.2,53.25,53.65,55.21,63.86,-0.2,2.99,55.04,52.26
CAT,Caterpillar Inc.,Industrials,Construction Machinery & Heavy Transportation Equipment,583.79,625.61,270.85,574.03,588.77,586.95,564.41,427.01,0.2,6.13,619.58,554.32
CBOE,Cboe Global Markets,Financials,Financial Exchanges & Data,255.6,260.88,189.73,251.13,250.46,252.78,249.52,235.21,0.0,1.47,259.36,246.2
CBRE,CBRE Group,Real Estate,Real Estate Services,163.9,165.9,113.94,162.03,160.64,160.37,157.26,144.61,0.0,0.63,164.93,155.8
CDW,CDW Corporation,Information Technology,Technology Distributors,137.91,203.07,136.03,140.97,143.91,144.28,146.66,162.1,-0.4,8.67,149.87,138.69
COR,Cencora,Health Care,Health Care Distributors,339.88,374.75,222.96,340.88,342.77,346.92,346.15,303.17,0.2,8.83,369.89,323.96
CNC,Centene Corporation,Health Care,Managed Health Care,39.58,65.89,25.21,39.33,39.6,39.16,37.13,43.25,-0.3,3.03,40.78,37.53
CNP,CenterPoint Energy,Utilities,Multi-Utilities,37.94,40.0,30.14,37.98,37.88,38.35,38.91,37.4,-0.2,4.9,39.8,36.91
CF,CF Industries,Materials,Fertilizers & Agricultural Chemicals,78.33,101.28,67.27,78.35,78.2,78.35,81.12,84.26,0.0,2.55,80.33,76.36
CRL,Charles River Laboratories,Health Care,Life Sciences Tools & Services,203.04,203.04,99.75,198.59,196.86,189.04,180.93,157.57,0.0,1.69,206.47,171.6
SCHW,Charles Schwab Corporation,Financials,Investment Banking & Brokerage,101.25,101.41,68.45,99.06,97.61,95.37,94.39,89.59,0.2,-0.23,101.02,89.73
CHTR,Charter Communications,Communication Services,Cable & Satellite,205.12,427.25,194.22,206.46,208.51,204.76,218.25,309.32,0.2,4.41,214.17,195.35
CVX,Chevron Corporation,Energy,Integrated Oil & Gas,150.59,162.83,129.22,149.07,149.4,149.85,151.44,147.6,0.0,1.51,152.86,146.84
CMG,Chipotle Mexican Grill,Consumer Discretionary,Restaurants,37.65,62.24,29.81,37.57,36.44,35.2,35.24,44.53,0.0,1.73,38.3,32.11
CB,Chubb Limited,Financials,Property & Casualty Insurance,313.02,313.02,256.04,311.7,309.31,302.82,291.73,284.71,0.2,1.5,317.72,287.93
CHD,Church & Dwight,Consumer Staples,Household Products,85.33,112.09,81.52,85.25,84.73,84.29,84.84,93.38,-0.2,1.21,86.36,82.23
CI,Cigna,Health Care,Health Care Services,274.02,334.83,243.04,273.87,273.22,271.74,275.77,298.4,-0.2,2.61,281.17,262.31
CINF,Cincinnati Financial,Financials,Property & Casualty Insurance,166.08,167.6,124.49,166.55,165.44,164.55,160.86,149.9,0.0,1.92,169.27,159.84
CTAS,Cintas,Industrials,Diversified Support Services,190.18,226.65,180.61,189.4,188.5,186.52,186.37,204.58,0.1,0.66,191.44,181.61
CSCO,Cisco,Information Technology,Communications Equipment,77.69,80.25,52.55,77.43,78.03,77.72,74.83,66.77,0.2,3.01,80.03,75.41
C,Citigroup,Financials,Diversified Banks,119.61,119.61,56.95,115.37,113.56,109.52,103.44,87.58,0.2,-0.09,119.5,99.55
CFG,Citizens Financial Group,Financials,Regional Banks,59.62,59.88,33.29,59.14,58.75,56.89,53.35,46.34,0.0,2.05,60.84,52.93
CLX,Clorox,Consumer Staples,Household Products,97.49,158.49,97.49,98.95,100.57,102.9,107.11,122.32,-0.2,12.14,109.33,96.48
CME,CME Group,Financials,Financial Exchanges & Data,275.63,286.69,221.6,271.54,271.26,272.74,271.2,268.74,0.2,1.83,280.67,264.8
CMS,CMS Energy,Utilities,Multi-Utilities,70.15,75.44,63.06,69.99,70.02,71.37,72.73,71.24,-0.2,7.11,75.14,67.61
KO,Coca-Cola Company (The),Consumer Staples,Soft Drinks & Non-alcoholic Beverages,69.89,72.61,59.07,70.24,70.24,70.68,69.93,68.94,0.0,3.66,72.45,68.92
CTSH,Cognizant,Information Technology,IT Consulting & Other Services,85.06,89.26,65.18,84.61,84.17,81.49,75.02,74.07,0.0,2.77,87.42,75.56
COIN,Coinbase,Financials,Financial Exchanges & Data,241.15,419.78,151.47,243.51,253.22,260.97,291.06,284.58,-0.2,18.73,286.32,235.62
CL,Colgate-Palmolive,Consumer Staples,Household Products,80.01,95.74,74.98,78.97,78.66,78.63,78.31,84.78,-0.1,1.15,80.93,76.32
CMCSA,Comcast,Communication Services,Cable & Satellite,29.33,37.15,26.46,29.75,28.91,27.9,28.07,32.15,0.0,3.92,30.48,25.32
CAG,Conagra Brands,Consumer Staples,Packaged Foods & Meats,17.01,26.19,16.7,17.47,17.58,17.48,17.53,20.0,0.0,6.64,18.14,16.81
COP,ConocoPhillips,Energy,Oil & Gas Exploration & Production,92.85,103.38,80.54,93.06,93.95,92.32,89.4,90.99,0.1,5.43,97.89,86.74
ED,Consolidated Edison,Utilities,Multi-Utilities,99.07,110.5,85.06,99.18,98.28,97.87,98.68,100.81,-0.2,2.17,101.22,94.52
STZ,Constellation Brands,Consumer Staples,Distillers & Vintners,139.38,221.99,127.65,138.53,142.42,140.36,136.05,158.83,0.1,7.21,149.43,131.29
CEG,Constellation Energy,Utilities,Electric Utilities,361.2,403.49,170.33,355.29,359.18,359.81,363.22,308.22,-0.2,3.59,374.17,345.45
COO,Cooper Companies (The),Health Care,Health Care Supplies,82.77,99.45,64.32,82.86,82.18,80.0,75.09,74.42,0.2,2.67,84.98,75.03
CPRT,Copart,Industrials,Diversified Support Services,39.06,63.84,38.41,39.17,39.02,38.92,41.13,48.78,-0.2,0.95,39.43,38.4
GLW,Corning Inc.,Information Technology,Electronic Components,89.28,95.97,38.56,87.57,89.07,87.12,85.97,63.92,-0.2,5.4,94.1,80.15
CPAY,Corpay,Financials,Transaction & Payment Processing Services,309.34,389.55,255.0,309.59,311.65,305.04,289.16,314.31,-0.1,3.71,320.82,289.26
CTVA,Corteva,Materials,Fertilizers & Agricultural Chemicals,66.97,76.73,55.1,66.75,66.24,66.13,64.53,67.14,-0.1,0.63,67.39,64.88
CSGP,CoStar Group,Real Estate,Real Estate Services,66.26,96.83,63.62,65.56,65.87,67.01,69.51,79.32,-0.2,6.22,70.38,63.65
COST,Costco,Consumer Staples,Consumer Staples Merchandise Retail,852.85,1072.45,850.0,855.74,864.3,884.1,906.74,949.98,-0.2,9.12,930.63,837.55
CTRA,Coterra,Energy,Oil & Gas Exploration & Production,26.0,28.82,22.01,25.65,25.96,26.37,25.3,24.76,-0.2,6.35,27.65,25.08
CRWD,CrowdStrike,Information Technology,Systems Software,478.27,557.53,308.86,477.99,490.79,501.71,514.45,458.0,-0.2,11.81,534.75,468.68
CCI,Crown Castle,Real Estate,Telecom Tower REITs,87.36,111.32,80.2,87.01,88.27,88.37,90.69,96.42,-0.2,4.16,90.99,85.76
CSX,CSX Corporation,Industrials,Rail Transportation,36.54,37.39,26.38,36.54,36.83,36.23,35.63,32.81,0.2,3.42,37.79,34.66
CMI,Cummins,Industrials,Construction Machinery & Heavy Transportation Equipment,516.87,524.53,263.13,508.18,513.07,507.77,468.75,376.85,0.0,1.77,526.02,489.53
CVS,CVS Health,Health Care,Health Care Services,78.07,82.45,42.14,77.96,78.7,78.23,78.94,69.66,0.0,3.92,81.13,75.33
DHR,Danaher Corporation,Health Care,Life Sciences Tools & Services,230.7,249.37,174.06,226.11,227.29,226.96,220.82,203.69,0.0,0.69,232.29,221.63
DRI,Darden Restaurants,Consumer Discretionary,Restaurants,186.42,222.41,169.21,189.59,186.46,182.02,180.5,196.58,0.3,3.46,192.87,171.17
DDOG,Datadog,Information Technology,Application Software,141.82,199.72,87.0,139.81,142.82,149.36,160.15,133.31,-0.2,15.94,164.43,134.28
DVA,DaVita,Health Care,Health Care Services,114.92,177.35,114.92,116.24,117.95,118.29,121.12,135.06,0.0,6.13,121.96,114.6
DAY,Dayforce,Industrials,Human Resource & Employment Services,69.14,74.84,49.33,69.22,69.21,69.14,68.82,62.22,0.2,0.26,69.32,68.96
DECK,Deckers Brands,Consumer Discretionary,Footwear,101.1,223.11,79.54,101.08,101.69,97.71,91.62,105.49,0.1,7.8,108.99,86.44
DE,Deere & Company,Industrials,Agricultural & Farm Machinery,466.57,527.96,404.45,472.39,476.5,475.2,471.9,481.81,0.1,5.76,493.44,456.96
DELL,Dell Technologies,Information Technology,"Technology Hardware, Storage & Peripherals",127.75,164.88,70.63,126.32,130.51,132.79,140.3,121.68,0.0,12.2,143.34,122.24
DAL,Delta Air Lines,Industrials,Passenger Airlines,70.62,72.06,35.54,70.72,70.63,68.13,62.6,53.99,0.2,4.56,73.84,62.42
DVN,Devon Energy,Energy,Oil & Gas Exploration & Production,36.3,38.16,26.26,36.25,36.52,36.76,34.68,33.29,0.2,5.54,38.31,35.2
DXCM,Dexcom,Health Care,Health Care Equipment,66.98,90.75,54.84,66.43,66.77,65.54,64.07,73.99,-0.1,2.99,68.98,62.11
FANG,Diamondback Energy,Energy,Oil & Gas Exploration & Production,148.42,175.21,116.78,149.22,152.32,153.82,147.4,142.05,0.2,9.72,162.85,144.8
DLR,Digital Realty,Real Estate,Data Center REITs,153.12,178.07,133.15,150.59,152.43,155.64,162.24,162.85,-0.2,7.44,164.51,146.78
DG,Dollar General,Consumer Staples,Consumer Staples Merchandise Retail,134.07,137.52,67.25,136.5,134.17,125.05,111.31,103.62,0.2,10.4,148.01,102.1
DLTR,Dollar Tree,Consumer Staples,Consumer Staples Merchandise Retail,119.31,131.17,61.92,124.98,127.13,120.38,108.8,97.28,0.2,14.61,136.74,104.02
D,Dominion Energy,Utilities,Multi-Utilities,58.23,62.07,47.97,59.02,58.98,59.42,59.73,56.73,0.0,6.18,61.83,57.0
DPZ,Domino's,Consumer Discretionary,Restaurants,426.35,491.7,395.61,431.11,430.6,425.07,414.8,444.1,0.3,3.32,440.5,409.61
DASH,DoorDash,Consumer Discretionary,Specialized Consumer Services,231.32,281.74,163.16,230.54,227.99,220.82,227.91,225.91,-0.2,5.82,244.78,196.85
DOV,Dover Corporation,Industrials,Industrial Machinery & Supplies & Components,200.01,204.14,149.86,197.59,198.2,193.21,183.39,177.36,0.2,2.12,204.25,182.17
DOW,Dow Inc.,Materials,Commodity Chemicals,22.88,39.0,20.27,23.13,23.51,23.43,22.82,25.67,-0.1,7.12,24.51,22.35
DHI,D. R. Horton,Consumer Discretionary,Homebuilding,144.85,183.47,114.08,148.16,151.93,154.58,150.79,142.61,0.2,13.63,164.59,144.57
DTE,DTE Energy,Utilities,Multi-Utilities,128.76,142.03,113.76,128.7,128.8,130.38,134.53,133.64,0.0,4.97,135.16,125.59
DUK,Duke Energy,Utilities,Electric Utilities,116.96,127.92,102.17,116.76,115.98,117.66,121.66,118.77,-0.2,5.44,123.32,111.99
DD,DuPont,Materials,Specialty Chemicals,41.03,41.49,22.69,40.97,40.93,40.38,37.91,31.73,0.0,2.05,41.87,38.88
ETN,Eaton Corporation,Industrials,Electrical Components & Equipment,322.55,391.62,244.95,318.5,329.14,334.29,354.01,338.26,-0.2,10.33,355.87,312.7
EBAY,eBay Inc.,Consumer Discretionary,Broadline Retail,84.22,100.1,58.89,83.85,83.59,83.17,85.72,80.3,0.0,1.09,85.14,81.2
ECL,Ecolab,Materials,Specialty Chemicals,264.61,283.99,223.93,264.08,262.05,263.96,264.27,261.93,0.0,4.29,275.96,251.96
EIX,Edison International,Utilities,Electric Utilities,60.07,75.82,46.84,60.1,59.17,58.45,57.71,54.42,0.0,1.37,60.89,56.01
EW,Edwards Lifesciences,Health Care,Health Care Equipment,86.17,86.82,67.07,85.6,84.79,85.09,82.79,77.5,0.0,1.49,87.45,82.72
EA,Electronic Arts,Communication Services,Interactive Home Entertainment,204.37,204.37,115.97,203.92,203.89,203.37,201.7,168.66,0.0,0.32,205.02,201.72
ELV,Elevance Health,Health Care,Managed Health Care,343.4,445.96,271.77,343.78,349.18,340.44,333.36,352.17,-0.1,5.25,361.43,319.45
EME,Emcor,Industrials,Construction & Engineering,626.14,777.0,341.52,613.74,620.76,618.86,646.16,551.48,-0.2,2.22,640.04,597.68
EMR,Emerson Electric,Industrials,Electrical Components & Equipment,135.6,148.4,92.96,133.36,135.14,134.55,132.36,125.83,-0.2,2.8,139.4,129.7
ETR,Entergy,Utilities,Electric Utilities,92.32,97.52,73.07,91.97,92.54,93.57,94.66,87.18,-0.2,4.66,96.62,90.52
EOG,EOG Resources,Energy,Oil & Gas Exploration & Production,103.98,133.44,101.78,103.34,105.33,107.37,107.11,113.34,-0.1,9.82,114.19,100.56
EPAM,EPAM Systems,Information Technology,IT Consulting & Other Services,207.57,267.63,142.2,207.94,209.01,202.39,180.28,169.62,0.0,6.13,220.29,184.48
EQT,EQT Corporation,Energy,Oil & Gas Exploration & Production,54.69,61.17,42.48,54.03,54.76,57.12,56.45,53.93,0.0,14.24,62.48,51.76
EFX,Equifax,Industrials,Research & Consulting Services,219.63,278.79,203.71,219.36,218.9,214.92,215.4,240.97,0.0,1.83,223.65,206.2
EQIX,Equinix,Real Estate,Data Center REITs,758.15,938.45,726.09,753.31,752.49,745.92,781.86,799.43,0.0,1.22,767.4,724.47
EQR,Equity Residential,Real Estate,Multi-Family Residential REITs,62.3,72.76,58.7,62.01,61.41,61.37,60.94,64.76,-0.1,0.51,62.62,60.11
ERIE,Erie Indemnity,Financials,Insurance Brokers,284.61,445.35,275.0,286.49,284.83,288.7,296.04,343.38,0.2,6.33,302.63,274.79
ESS,Essex Property Trust,Real Estate,Multi-Family Residential REITs,259.33,305.43,247.18,260.22,258.67,258.59,257.98,269.33,-0.1,2.13,264.85,252.31
EL,Estée Lauder Companies (The),Consumer Staples,Personal Care Products,107.49,108.65,49.43,107.48,105.97,102.48,97.05,81.32,0.2,4.85,112.7,92.25
EG,Everest Group,Financials,Reinsurance,336.65,368.76,304.91,332.95,328.77,320.45,324.87,338.5,0.0,0.75,339.17,301.74
EVRG,Evergy,Utilities,Electric Utilities,72.58,78.01,57.62,72.87,73.24,74.1,75.55,70.03,-0.2,6.09,77.0,71.2
ES,Eversource Energy,Utilities,Electric Utilities,66.55,74.05,52.39,67.0,67.07,66.52,69.43,64.09,0.0,2.25,68.05,64.98
EXC,Exelon,Utilities,Electric Utilities,43.47,47.82,35.72,43.84,43.68,44.31,45.6,44.06,0.0,7.04,46.53,42.1
EXE,Expand Energy,Energy,Oil & Gas Exploration & Production,111.24,122.89,91.97,109.02,110.6,115.32,111.45,105.99,0.0,13.48,126.24,104.41
EXPE,Expedia Group,Consumer Discretionary,"Hotels, Resorts & Cruise Lines",288.48,289.29,135.82,287.09,283.33,271.87,248.49,198.55,0.2,2.72,296.33,247.41
EXPD,Expeditors International,Industrials,Air Freight & Logistics,151.87,153.02,101.6,151.65,151.59,149.71,137.09,120.57,0.0,1.71,154.47,144.95
EXR,Extra Space Storage,Real Estate,Self-Storage REITs,129.6,154.13,122.37,130.64,130.97,130.26,134.4,139.2,0.0,3.45,134.07,126.46
XOM,ExxonMobil,Energy,Integrated Oil & Gas,119.32,119.54,97.25,117.62,117.84,117.07,115.7,109.82,-0.2,0.7,120.16,113.98
FFIV,"F5, Inc.",Information Technology,Communications Equipment,260.7,343.17,223.99,258.64,259.97,251.62,258.44,285.47,0.0,3.86,270.76,232.48
FDS,FactSet,Financials,Financial Exchanges & Data,290.57,485.96,252.61,287.91,289.68,285.33,278.75,371.04,-0.3,2.98,299.23,271.42
FICO,Fair Isaac,Information Technology,Application Software,1725.67,2206.01,1311.26,1746.63,1775.61,1778.07,1717.59,1708.41,0.0,6.53,1838.36,1717.82
FAST,Fastenal,Industrials,Trading Companies & Distributors,41.74,50.13,34.82,42.01,41.97,41.33,41.3,42.69,-0.1,2.92,42.96,39.71
FRT,Federal Realty Investment Trust,Real Estate,Retail REITs,101.12,108.06,81.67,101.5,100.44,99.03,98.22,95.22,0.2,1.54,102.68,95.39
FDX,FedEx,Industrials,Air Freight & Logistics,294.04,294.04,194.55,288.98,285.77,279.17,262.75,234.02,0.0,0.0,294.04,264.29
FIS,Fidelity National Information Services,Financials,Transaction & Payment Processing Services,66.77,81.57,61.13,66.38,66.61,66.06,65.25,71.52,-0.1,1.03,67.46,64.66
FITB,Fifth Third Bancorp,Financials,Regional Banks,48.12,48.39,32.73,47.92,47.91,46.14,43.74,41.07,0.0,3.72,49.91,42.38
FSLR,First Solar,Information Technology,Semiconductors,267.83,284.59,120.38,267.04,263.95,262.57,254.83,190.99,0.0,3.97,278.46,246.68
FE,FirstEnergy,Utilities,Electric Utilities,44.62,47.72,36.81,44.48,44.38,45.13,45.78,42.33,-0.4,5.98,47.29,42.97
FISV,Fiserv,Financials,Transaction & Payment Processing Services,67.86,237.79,59.77,68.15,68.09,66.05,78.99,144.26,-0.2,5.2,71.39,60.72
F,Ford Motor Company,Consumer Discretionary,Automobile Manufacturers,13.3,13.76,8.35,13.37,13.5,13.31,12.97,11.18,0.0,3.46,13.76,12.86
FTNT,Fortinet,Information Technology,Systems Software,80.74,114.57,74.39,80.37,81.21,82.07,82.73,91.71,-0.2,6.01,85.59,78.54
FTV,Fortive,Industrials,Industrial Machinery & Supplies & Components,55.62,62.25,46.44,55.22,55.13,54.27,51.91,51.31,0.0,0.93,56.14,52.41
FOXA,Fox Corporation (Class A),Communication Services,Broadcasting,73.83,73.83,46.99,72.33,71.79,69.4,65.39,57.79,0.0,1.57,74.99,63.81
FOX,Fox Corporation (Class B),Communication Services,Broadcasting,64.58,64.58,43.59,63.85,63.5,61.59,58.46,52.6,0.0,2.12,65.95,57.23
BEN,Franklin Resources,Financials,Asset Management & Custody Banks,24.18,25.67,16.21,24.07,23.77,23.31,22.81,22.18,0.2,1.41,24.52,22.1
FCX,Freeport-McMoRan,Materials,Copper,51.97,51.97,28.82,49.5,48.45,46.04,42.93,41.01,0.2,-0.58,51.67,40.41
GRMN,Garmin,Consumer Discretionary,Consumer Electronics,203.85,258.66,171.47,202.99,205.68,201.71,211.1,214.09,0.4,3.99,211.98,191.42
IT,Gartner,Information Technology,IT Consulting & Other Services,250.63,548.38,224.13,250.54,244.38,237.65,237.99,326.67,0.0,1.93,255.47,219.83
GE,GE Aerospace,Industrials,Aerospace & Defense,316.02,316.02,166.03,306.37,300.34,295.32,300.42,258.85,0.0,-0.72,313.74,276.89
GEHC,GE HealthCare,Health Care,Health Care Equipment,83.53,93.35,58.67,83.05,83.64,82.71,77.98,74.41,0.2,3.41,86.38,79.03
GEV,GE Vernova,Industrials,Heavy Electrical Equipment,658.35,723.0,269.69,646.41,669.85,637.43,602.82,524.84,0.0,9.33,719.77,555.12
GEN,Gen Digital,Information Technology,Systems Software,27.43,31.88,23.2,27.67,27.62,27.17,26.7,27.81,0.3,2.95,28.24,26.09
GNRC,Generac,Industrials,Electrical Components & Equipment,140.31,202.85,101.92,140.22,150.99,153.62,162.22,151.93,-0.2,22.99,172.57,134.66
GD,General Dynamics,Industrials,Aerospace & Defense,343.59,353.77,238.33,340.38,340.13,338.98,340.99,305.07,-0.2,0.51,345.34,332.63
GIS,General Mills,Consumer Staples,Packaged Foods & Meats,46.54,63.06,45.64,47.82,47.18,46.8,47.17,50.83,0.0,4.32,48.55,45.05
GM,General Motors,Consumer Discretionary,Automobile Manufacturers,82.76,83.03,42.15,81.96,81.61,77.98,71.49,56.47,0.0,3.48,85.64,70.33
GPC,Genuine Parts Company,Consumer Discretionary,Distributors,124.36,141.64,103.09,125.8,128.71,128.65,128.06,125.8,0.2,7.25,133.38,123.91
GILD,Gilead Sciences,Health Care,Biotechnology,125.16,127.23,86.72,123.29,121.76,122.38,121.74,111.96,0.0,1.61,127.18,117.57
GPN,Global Payments,Financials,Transaction & Payment Processing Services,79.98,112.42,66.86,81.29,81.33,79.23,79.3,82.0,0.2,5.48,84.36,74.1
GL,Globe Life,Financials,Life & Health Insurance,142.55,146.27,108.48,140.4,139.68,136.23,134.57,130.07,0.2,1.08,144.09,128.36
GDDY,GoDaddy,Information Technology,Internet Services & Infrastructure,126.57,214.35,123.81,126.43,125.98,126.98,128.9,156.58,0.2,2.89,130.23,123.73
GS,Goldman Sachs,Financials,Investment Banking & Brokerage,901.32,911.03,455.22,888.48,889.94,861.3,811.33,691.21,0.2,3.24,930.52,792.04
HAL,Halliburton,Energy,Oil & Gas Equipment & Services,28.14,29.12,18.84,27.85,28.16,27.62,26.58,22.92,-0.2,5.54,29.7,25.54
HIG,Hartford (The),Financials,Property & Casualty Insurance,139.47,139.55,104.54,139.06,137.26,135.37,130.92,126.39,0.2,1.94,142.18,128.57
HAS,Hasbro,Consumer Discretionary,Leisure Products,81.58,83.96,49.29,81.7,81.77,81.76,78.38,70.92,0.0,2.35,83.5,80.03
HCA,HCA Healthcare,Health Care,Health Care Facilities,472.65,515.08,294.49,471.21,473.66,485.31,469.86,396.06,0.0,8.92,514.81,455.81
DOC,Healthpeak Properties,Real Estate,Health Care REITs,15.76,19.82,15.76,16.08,16.28,16.86,17.41,17.49,0.0,16.69,18.39,15.34
HSIC,Henry Schein,Health Care,Health Care Distributors,76.45,81.91,62.03,77.0,76.81,75.27,70.75,69.37,0.0,3.11,78.83,71.71
HSY,Hershey Company (The),Consumer Staples,Packaged Foods & Meats,182.93,194.06,140.14,187.13,185.54,184.56,180.44,173.72,0.2,4.59,191.33,177.8
HPE,Hewlett Packard Enterprise,Information Technology,"Technology Hardware, Storage & Peripherals",24.58,26.09,12.28,24.27,24.26,23.35,23.1,20.16,0.0,4.88,25.78,20.92
HLT,Hilton Worldwide,Consumer Discretionary,"Hotels, Resorts & Cruise Lines",291.42,293.0,200.93,291.38,285.82,282.15,272.59,257.18,0.2,1.99,297.22,267.08
HOLX,Hologic,Health Care,Health Care Equipment,74.9,75.19,52.73,74.93,74.95,74.92,73.91,65.96,0.2,0.27,75.1,74.74
HD,Home Depot (The),Consumer Discretionary,Home Improvement Retail,345.39,420.7,329.16,349.7,352.64,352.32,362.83,369.2,0.2,4.48,360.86,343.77
HON,Honeywell,Industrials,Industrial Conglomerates,195.29,224.06,169.57,197.67,196.36,193.97,195.0,200.29,0.0,2.47,200.11,187.81
HRL,Hormel Foods,Consumer Staples,Packaged Foods & Meats,24.08,30.86,21.29,23.97,23.9,23.7,23.12,26.89,0.1,1.7,24.49,22.92
HST,Host Hotels & Resorts,Real Estate,Hotel & Resort REITs,18.43,18.64,12.39,18.52,18.38,17.94,17.29,15.87,0.2,2.82,18.95,16.92
HWM,Howmet Aerospace,Industrials,Aerospace & Defense,209.62,209.74,109.08,202.09,198.95,198.2,199.59,174.11,0.0,-0.18,209.24,187.14
HPQ,HP Inc.,Information Technology,"Technology Hardware, Storage & Peripherals",22.9,33.25,21.17,23.44,24.19,24.43,25.29,25.6,-0.2,13.62,26.02,22.84
HUBB,Hubbell Incorporated,Industrials,Industrial Machinery & Supplies & Components,456.11,471.0,312.92,442.84,445.64,439.32,439.65,404.89,-0.2,0.7,459.3,419.36
HUM,Humana,Health Care,Managed Health Care,256.76,310.91,219.64,258.96,261.93,255.38,259.38,257.62,0.0,6.5,273.45,237.31
HBAN,Huntington Bancshares,Financials,Regional Banks,17.75,17.92,12.15,17.71,17.64,17.09,16.14,15.8,0.2,3.15,18.31,15.87
HII,Huntington Ingalls Industries,Industrials,Aerospace & Defense,354.89,354.89,156.09,337.79,332.17,321.8,310.22,258.25,0.2,-1.67,348.96,294.65
IBM,IBM,Information Technology,IT Consulting & Other Services,303.21,314.98,211.92,302.15,305.52,305.86,300.89,268.03,0.0,3.24,313.03,298.68
IEX,IDEX Corporation,Industrials,Industrial Machinery & Supplies & Components,180.25,221.67,156.86,178.28,178.39,176.96,171.08,171.93,-0.1,0.69,181.49,172.43
IDXX,Idexx Laboratories,Health Care,Health Care Equipment,680.52,766.68,361.04,695.14,698.29,714.17,690.23,574.69,0.2,11.53,758.98,669.39
ITW,Illinois Tool Works,Industrials,Industrial Machinery & Supplies & Components,252.08,269.49,215.75,251.47,253.56,251.1,248.12,248.97,-0.3,2.27,257.8,244.39
INCY,Incyte,Health Care,Biotechnology,100.67,108.26,55.17,99.8,98.14,99.84,98.43,78.13,0.4,5.81,106.52,93.17
IR,Ingersoll Rand,Industrials,Industrial Machinery & Supplies & Components,81.24,94.14,66.7,79.72,80.6,80.07,78.41,79.98,-0.1,1.66,82.59,77.55
PODD,Insulet Corporation,Health Care,Health Care Equipment,285.79,352.82,237.06,289.89,291.47,301.79,315.14,302.15,-0.2,15.01,328.69,274.89
INTC,Intel,Information Technology,Semiconductors,36.21,43.76,18.13,36.34,37.46,38.89,38.01,27.11,0.2,20.82,43.75,34.03
IBKR,Interactive Brokers,Financials,Investment Banking & Brokerage,65.94,72.99,35.93,64.28,64.42,64.51,66.43,57.73,0.0,1.65,67.03,62.0
ICE,Intercontinental Exchange,Financials,Financial Exchanges & Data,161.93,187.37,141.2,160.92,161.08,158.84,154.88,168.49,0.1,1.13,163.76,153.92
IFF,International Flavors & Fragrances,Materials,Specialty Chemicals,66.58,85.71,59.19,65.83,64.78,66.03,64.79,69.43,-0.1,5.09,69.97,62.09
IP,International Paper,Materials,Paper & Plastic Packaging Products & Materials,39.53,57.74,35.6,38.87,38.83,38.84,40.1,45.51,0.0,0.86,39.87,37.81
INTU,Intuit,Information Technology,Application Software,675.06,805.92,541.4,670.25,668.45,657.97,659.3,678.94,-0.2,1.97,688.36,627.55
ISRG,Intuitive Surgical,Health Care,Health Care Equipment,577.71,610.45,429.59,569.75,560.85,565.44,544.44,508.83,0.2,1.43,585.97,544.89
IVZ,Invesco,Financials,Asset Management & Custody Banks,27.12,27.34,11.76,26.87,26.66,25.85,24.24,19.13,0.2,3.06,27.95,23.74
INVH,Invitation Homes,Real Estate,Single-Family Residential REITs,26.92,34.81,26.09,27.22,26.92,27.2,27.87,30.71,0.0,5.42,28.38,26.02
IQV,IQVIA,Health Care,Life Sciences Tools & Services,225.04,231.92,137.0,222.81,223.05,224.9,219.31,182.55,-0.2,3.08,231.97,217.81
IRM,Iron Mountain,Real Estate,Other Specialized REITs,80.85,107.44,74.93,80.04,81.79,82.8,91.97,92.78,0.0,7.69,87.07,78.54
JBHT,J.B. Hunt,Industrials,Cargo Ground Transportation,196.44,199.58,123.62,196.84,197.49,190.17,174.87,149.49,0.0,5.85,207.93,172.4
JBL,Jabil,Information Technology,Electronic Manufacturing Services,233.77,234.36,116.73,224.7,224.39,219.71,212.84,192.7,0.2,1.43,237.11,202.3
JKHY,Jack Henry & Associates,Financials,Transaction & Payment Processing Services,185.04,189.35,145.77,185.47,186.15,181.37,167.6,169.04,-0.1,3.95,192.35,170.39
J,Jacobs Solutions,Industrials,Construction & Engineering,135.65,164.04,108.92,134.09,134.76,135.77,146.23,136.31,0.0,3.72,140.7,130.84
JNJ,Johnson & Johnson,Health Care,Pharmaceuticals,205.44,214.17,137.84,207.55,208.94,206.63,197.64,170.84,0.2,3.9,213.45,199.8
JCI,Johnson Controls,Industrials,Building Products,120.75,122.66,70.88,118.87,117.87,116.48,115.38,102.4,0.2,-0.26,120.44,112.52
JPM,JPMorgan Chase,Financials,Diversified Banks,325.66,325.66,208.26,318.79,317.55,313.75,308.49,281.61,0.0,0.06,325.86,301.64
KVUE,Kenvue,Consumer Staples,Personal Care Products,17.05,23.7,13.93,17.09,17.19,17.11,16.22,19.76,0.1,2.35,17.45,16.78
KDP,Keurig Dr Pepper,Consumer Staples,Soft Drinks & Non-alcoholic Beverages,27.95,35.14,25.3,28.05,28.66,28.46,27.71,30.82,0.1,6.51,29.77,27.14
KEY,KeyCorp,Financials,Regional Banks,21.09,21.21,12.78,21.0,20.79,19.78,18.33,17.03,0.0,4.31,22.0,17.56
KEYS,Keysight Technologies,Information Technology,Electronic Equipment & Instruments,205.2,214.14,127.02,201.89,205.75,204.62,186.34,166.32,0.2,5.18,215.83,193.4
KMB,Kimberly-Clark,Consumer Staples,Household Products,100.19,142.87,98.85,101.01,102.02,103.44,107.12,123.74,-0.2,7.6,107.8,99.08
KIM,Kimco Realty,Real Estate,Retail REITs,20.07,22.52,18.04,20.16,20.18,20.16,20.51,20.62,0.0,2.29,20.53,19.79
KMI,Kinder Morgan,Energy,Oil & Gas Storage & Transportation,27.25,29.9,24.4,26.72,26.68,26.96,26.74,26.87,-0.1,2.06,27.81,26.11
KKR,KKR & Co.,Financials,Asset Management & Custody Banks,131.01,166.13,92.38,131.43,134.63,130.27,123.82,126.69,0.1,8.95,142.74,117.82
KLAC,KLA Corporation,Information Technology,Semiconductor Materials & Equipment,1266.84,1266.84,572.94,1234.52,1230.01,1210.6,1180.46,925.65,0.0,0.98,1279.26,1141.94
KHC,Kraft Heinz,Consumer Staples,Packaged Foods & Meats,23.67,30.79,23.35,24.37,24.42,24.65,24.58,26.17,-0.1,7.77,25.51,23.79
KR,Kroger,Consumer Staples,Food Retail,62.23,73.58,57.2,62.71,62.49,63.91,65.23,67.4,-0.2,9.21,67.96,59.87
LHX,L3Harris,Industrials,Aerospace & Defense,298.22,305.49,190.99,288.44,287.63,282.48,286.04,257.73,0.0,-0.76,295.95,269.02
LH,Labcorp,Health Care,Health Care Services,252.73,290.15,210.49,253.53,258.0,261.17,264.2,256.39,0.0,7.74,272.29,250.05
LRCX,Lam Research,Information Technology,Semiconductor Materials & Equipment,175.2,175.26,58.73,168.48,166.75,162.32,155.83,109.23,0.0,0.42,175.94,148.7
LW,Lamb Weston,Consumer Staples,Packaged Foods & Meats,41.6,66.17,41.6,49.43,54.45,56.92,59.63,55.31,-0.2,65.53,68.86,44.99
LVS,Las Vegas Sands,Consumer Discretionary,Casinos & Gaming,66.14,69.49,30.23,66.69,66.57,67.04,62.48,49.69,0.0,4.23,68.94,65.13
LDOS,Leidos,Industrials,Diversified Support Services,186.19,199.1,125.54,183.89,185.49,186.86,188.87,166.98,-0.2,3.65,192.99,180.74
LEN,Lennar,Consumer Discretionary,Homebuilding,104.68,141.8,101.41,108.04,113.61,120.57,121.96,117.55,0.0,32.07,138.25,102.88
LII,Lennox International,Industrials,Building Products,494.51,662.88,444.26,493.68,498.34,497.84,494.38,549.6,-0.1,3.88,513.7,481.98
LLY,Lilly (Eli),Health Care,Pharmaceuticals,1072.32,1109.94,623.36,1063.78,1046.59,1044.89,965.02,817.96,0.0,3.97,1114.89,974.93
LIN,Linde plc,Materials,Industrial Gases,424.79,481.82,389.38,422.21,416.38,409.52,421.03,450.92,0.0,1.55,431.37,387.67
LYV,Live Nation Entertainment,Communication Services,Movies & Entertainment,144.4,174.06,115.79,140.51,140.61,137.5,141.67,144.9,0.0,1.63,146.75,128.25
LKQ,LKQ Corporation,Consumer Discretionary,Distributors,30.05,42.58,28.17,29.97,30.25,29.75,29.96,34.3,-0.2,3.53,31.11,28.39
LMT,Lockheed Martin,Industrials,Aerospace & Defense,483.48,510.37,404.69,477.22,477.07,464.27,470.45,459.38,-0.2,2.09,493.58,434.97
L,Loews Corporation,Financials,Multi-line Insurance,107.49,108.26,80.73,106.81,105.5,105.44,103.18,94.34,0.2,1.79,109.41,101.46
LOW,Lowe's,Consumer Discretionary,Home Improvement Retail,241.72,271.68,208.44,243.98,245.67,244.88,239.63,234.07,0.2,3.8,250.91,238.85
LULU,Lululemon Athletica,Consumer Discretionary,"Apparel, Accessories & Luxury Goods",212.76,421.16,159.87,211.51,205.02,193.99,179.58,226.29,-0.1,3.42,220.04,167.95
LYB,LyondellBasell,Materials,Specialty Chemicals,42.83,71.62,41.19,43.27,43.74,44.55,44.15,52.33,0.1,12.51,48.19,40.91
MTB,M&T Bank,Financials,Regional Banks,206.53,206.82,153.05,205.79,205.19,199.03,189.01,184.26,0.0,2.78,212.27,185.78
MPC,Marathon Petroleum,Energy,Oil & Gas Refining & Marketing,166.5,199.13,116.64,168.44,176.87,184.17,188.31,167.94,0.0,22.58,204.1,164.25
MAR,Marriott International,Consumer Discretionary,"Hotels, Resorts & Cruise Lines",314.69,314.69,209.55,311.1,305.21,302.03,286.09,264.4,0.2,1.46,319.28,284.8
MMC,Marsh McLennan,Financials,Insurance Brokers,185.56,242.13,176.58,185.57,185.29,184.01,183.94,207.37,-0.1,1.24,187.86,180.16
MLM,Martin Marietta Materials,Materials,Construction Materials,638.56,655.98,450.65,630.28,629.85,623.81,618.11,572.34,0.0,0.18,639.71,607.94
MAS,Masco,Industrials,Building Products,64.04,80.35,57.89,64.53,64.44,64.09,64.19,65.97,-0.2,3.09,66.02,62.17
MA,Mastercard,Financials,Transaction & Payment Processing Services,577.85,598.17,477.88,571.49,566.68,555.91,554.91,559.0,0.1,0.83,582.65,529.18
MTCH,Match Group,Communication Services,Interactive Media & Services,32.74,38.56,26.72,32.73,32.87,33.31,32.81,32.51,0.2,5.41,34.51,32.11
MKC,McCormick & Company,Consumer Staples,Packaged Foods & Meats,69.09,83.15,63.3,68.74,67.75,66.46,66.1,70.66,0.1,2.1,70.54,62.37
MCD,McDonald's,Consumer Discretionary,Restaurants,311.06,319.65,273.36,316.29,315.16,311.65,306.34,303.0,0.2,3.3,321.32,301.97
MCK,McKesson Corporation,Health Care,Health Care Distributors,823.83,888.45,563.82,815.91,815.5,825.72,825.37,732.74,0.0,6.89,880.59,770.81
MDT,Medtronic,Health Care,Health Care Equipment,97.38,105.35,77.74,98.1,98.72,100.72,97.28,90.42,0.0,8.57,105.73,95.71
MRK,Merck & Co.,Health Care,Pharmaceuticals,104.88,104.88,71.42,102.11,100.35,100.58,93.04,83.81,0.2,0.84,105.76,95.4
META,Meta Platforms,Communication Services,Interactive Media & Services,665.55,788.82,483.57,659.95,654.99,652.43,658.86,670.79,0.0,1.26,673.94,630.92
MET,MetLife,Financials,Life & Health Insurance,81.09,84.55,66.92,81.65,81.74,79.43,78.43,77.67,0.2,4.03,84.36,74.51
MTD,Mettler Toledo,Health Care,Life Sciences Tools & Services,1413.9,1506.02,970.15,1400.58,1402.29,1421.64,1411.1,1249.68,0.0,5.73,1494.92,1348.41
MGM,MGM Resorts,Consumer Discretionary,Casinos & Gaming,36.99,40.37,25.79,36.96,37.11,36.21,33.77,33.87,-0.1,3.33,38.22,34.21
MCHP,Microchip Technology,Information Technology,Semiconductors,65.42,74.07,34.52,64.92,66.19,62.92,60.45,59.95,0.4,13.27,74.1,51.74
MU,Micron Technology,Information Technology,Semiconductors,276.59,276.59,64.62,249.82,250.23,242.12,229.27,142.24,0.2,-1.98,271.11,213.15
MSFT,Microsoft,Information Technology,Systems Software,487.22,541.06,352.67,483.63,480.99,483.3,498.7,473.65,-0.2,1.43,494.19,472.42
MAA,Mid-America Apartment Communities,Real Estate,Multi-Family Residential REITs,136.28,165.69,126.28,136.12,134.34,134.05,132.2,143.91,-0.1,1.25,137.98,130.12
MRNA,Moderna,Health Care,Biotechnology,32.31,47.53,22.36,32.49,31.04,28.45,26.71,27.49,0.1,7.24,34.65,22.25
MHK,Mohawk Industries,Consumer Discretionary,Home Furnishings,108.98,139.75,97.99,108.83,110.28,111.59,113.72,114.53,0.0,7.53,117.19,105.99
MOH,Molina Healthcare,Health Care,Managed Health Care,164.63,353.24,134.51,163.4,164.03,156.93,157.94,228.43,0.0,4.77,172.48,141.37
TAP,Molson Coors Beverage Company,Consumer Staples,Brewers,46.08,61.12,42.77,47.21,47.31,46.57,45.76,49.98,-0.1,5.08,48.42,44.73
MDLZ,Mondelez International,Consumer Staples,Packaged Foods & Meats,54.06,70.19,53.79,54.29,54.14,55.04,57.09,62.73,0.0,6.14,57.38,52.69
MPWR,Monolithic Power Systems,Information Technology,Semiconductors,942.97,1105.05,453.43,933.39,947.47,946.88,968.08,785.35,0.0,4.81,988.33,905.47
MNST,Monster Beverage,Consumer Staples,Soft Drinks & Non-alcoholic Beverages,77.61,77.66,46.16,76.27,75.18,74.79,71.74,64.17,0.4,-0.27,77.4,72.19
MCO,Moody's Corporation,Financials,Financial Exchanges & Data,515.39,523.49,394.44,504.97,495.74,492.38,485.13,480.92,0.0,-1.12,509.62,475.15
MS,Morgan Stanley,Financials,Investment Banking & Brokerage,179.59,180.29,97.76,176.82,177.68,174.91,167.2,141.81,0.0,2.33,183.77,166.04
MOS,Mosaic Company (The),Materials,Fertilizers & Agricultural Chemicals,24.27,37.21,22.27,24.08,24.39,24.21,25.81,30.53,0.0,4.86,25.45,22.96
MSI,Motorola Solutions,Information Technology,Communications Equipment,378.49,487.57,363.49,373.88,369.79,370.47,393.2,422.44,0.4,-0.04,378.34,362.61
MSCI,MSCI Inc.,Financials,Financial Exchanges & Data,580.58,620.46,501.79,569.77,559.25,554.38,558.36,556.61,0.0,-0.14,579.77,529.01
NDAQ,"Nasdaq, Inc.",Financials,Financial Exchanges & Data,98.22,98.22,65.81,95.89,94.47,92.0,89.11,85.87,0.2,-0.46,97.77,86.24
NTAP,NetApp,Information Technology,"Technology Hardware, Storage & Peripherals",109.85,125.81,75.4,110.82,113.55,113.93,113.85,105.34,0.0,9.34,120.11,107.75
NFLX,Netflix,Communication Services,Movies & Entertainment,93.11,133.91,82.84,93.9,93.98,98.87,107.14,113.33,-0.2,18.66,110.48,87.26
NEM,Newmont,Materials,Gold,105.48,105.48,36.38,102.09,100.01,95.15,89.6,68.39,0.0,0.64,106.16,84.13
NWSA,News Corp (Class A),Communication Services,Publishing,26.36,31.03,23.89,26.2,26.14,25.89,26.02,27.71,-0.2,0.46,26.48,25.3
NWS,News Corp (Class B),Communication Services,Publishing,30.03,35.06,27.33,29.82,29.66,29.44,29.61,31.66,-0.2,0.03,30.04,28.84
NEE,NextEra Energy,Utilities,Multi-Utilities,79.93,86.29,62.68,80.13,80.77,82.26,82.91,73.83,-0.2,8.26,86.53,78.0
NKE,"Nike, Inc.",Consumer Discretionary,"Apparel, Accessories & Luxury Goods",57.2,79.84,52.31,60.89,64.04,64.31,64.41,66.29,-0.2,23.2,70.47,58.14
NI,NiSource,Utilities,Multi-Utilities,41.56,44.13,34.59,41.35,41.44,41.96,42.62,40.59,-0.2,5.05,43.66,40.27
NDSN,Nordson Corporation,Industrials,Industrial Machinery & Supplies & Components,242.62,243.36,165.71,240.55,237.9,237.01,234.01,215.28,0.4,-0.05,242.5,231.53
NSC,Norfolk Southern,Industrials,Rail Transportation,291.37,299.49,203.11,292.13,293.94,292.9,287.35,262.89,0.0,2.26,297.95,287.85
NTRS,Northern Trust,Financials,Asset Management & Custody Banks,140.04,140.26,82.84,139.17,138.99,135.2,130.1,117.54,0.2,2.26,143.2,127.18
NOC,Northrop Grumman,Industrials,Aerospace & Defense,580.82,635.37,426.05,571.53,568.73,562.06,572.19,538.5,-0.2,0.53,583.9,540.22
NCLH,Norwegian Cruise Line Holdings,Consumer Discretionary,"Hotels, Resorts & Cruise Lines",23.18,29.07,15.5,22.73,21.75,20.2,20.5,20.98,0.0,2.98,23.87,16.53
NRG,NRG Energy,Utilities,Independent Power Producers & Energy Traders,158.16,178.04,82.84,155.09,159.58,162.87,165.88,146.33,0.0,9.99,173.96,151.78
NUE,Nucor,Materials,Steel,163.92,166.57,102.37,161.17,162.61,161.35,151.24,134.47,0.0,1.77,166.82,155.87
NVDA,Nvidia,Information Technology,Semiconductors,189.19,207.03,94.29,179.79,179.27,180.25,185.67,158.31,0.2,-0.23,188.75,171.74
NVR,"NVR, Inc.",Consumer Discretionary,Homebuilding,7330.0,8543.0,6700.0,7432.19,7485.69,7499.81,7422.65,7519.31,0.1,4.76,7678.91,7320.35
NXPI,NXP Semiconductors,Information Technology,Semiconductors,226.96,241.33,151.41,225.5,227.98,220.18,211.56,209.0,0.4,9.09,247.59,192.77
ORLY,O’Reilly Automotive,Consumer Discretionary,Automotive Retail,92.03,107.82,78.66,91.88,92.92,96.21,97.35,96.18,-0.2,12.65,103.67,88.75
OXY,Occidental Petroleum,Energy,Oil & Gas Exploration & Production,40.15,51.56,35.51,40.08,40.35,41.04,41.14,42.89,0.0,6.92,42.93,39.15
ODFL,Old Dominion,Industrials,Cargo Ground Transportation,158.52,207.79,126.04,157.9,157.96,151.21,142.19,152.22,0.1,6.55,168.9,133.51
OMC,Omnicom Group,Communication Services,Advertising,78.42,85.64,67.93,80.21,79.6,75.52,75.05,74.21,0.2,7.13,84.01,67.03
ON,ON Semiconductor,Information Technology,Semiconductors,55.87,67.9,31.95,55.02,55.08,53.96,51.38,48.62,0.2,5.41,58.89,49.03
OKE,Oneok,Energy,Oil & Gas Storage & Transportation,73.38,104.36,64.31,72.52,72.76,73.34,70.13,76.82,0.1,4.07,76.37,70.32
ORCL,Oracle Corporation,Information Technology,Application Software,195.17,327.76,122.35,188.8,192.94,200.86,232.58,213.54,0.0,16.32,227.02,174.68
OTIS,Otis Worldwide,Industrials,Industrial Machinery & Supplies & Components,87.68,102.87,84.13,87.67,87.86,87.67,89.2,92.3,0.0,1.76,89.22,86.11
PCAR,Paccar,Industrials,Construction Machinery & Heavy Transportation Equipment,111.89,112.81,84.46,111.32,111.25,108.51,101.39,95.96,0.0,2.69,114.9,102.11
PKG,Packaging Corporation of America,Materials,Paper & Plastic Packaging Products & Materials,207.08,236.16,172.76,204.56,204.02,200.8,200.31,196.95,0.0,1.21,209.59,192.0
PLTR,Palantir Technologies,Information Technology,Application Software,194.15,207.18,64.98,188.9,187.45,180.48,180.64,148.07,-0.2,2.43,198.87,162.09
PANW,Palo Alto Networks,Information Technology,Systems Software,188.23,221.38,152.44,186.78,188.19,189.99,201.53,192.3,0.0,5.24,198.09,181.89
PSKY,Paramount Skydance Corporation,Communication Services,Movies & Entertainment,13.59,19.65,10.01,13.26,13.65,14.35,15.28,13.74,-0.2,19.72,16.27,12.43
PH,Parker Hannifin,Industrials,Industrial Machinery & Supplies & Components,887.61,899.13,513.45,876.01,881.12,873.35,823.8,715.7,0.0,1.2,898.26,848.41
PAYX,Paychex,Industrials,Human Resource & Employment Services,113.99,157.06,108.46,114.42,114.56,113.23,115.46,134.85,-0.4,2.31,116.62,109.84
PAYC,Paycom,Industrials,Human Resource & Employment Services,159.79,264.67,159.21,163.84,164.13,163.72,174.22,213.72,0.2,4.96,167.72,159.73
PYPL,PayPal,Financials,Transaction & Payment Processing Services,59.47,91.6,57.28,59.75,60.53,61.19,64.26,68.1,0.2,6.29,63.21,59.16
PNR,Pentair,Industrials,Industrial Machinery & Supplies & Components,105.57,112.34,75.59,104.35,104.84,104.88,106.21,100.92,0.0,1.4,107.05,102.72
PEP,PepsiCo,Consumer Staples,Soft Drinks & Non-alcoholic Beverages,143.83,152.22,124.61,147.7,148.95,147.53,146.81,139.46,0.0,5.61,151.9,143.17
PFE,Pfizer,Health Care,Pharmaceuticals,24.89,26.9,20.47,25.07,25.48,25.54,24.93,23.87,0.0,5.62,26.29,24.78
PCG,PG&E Corporation,Utilities,Multi-Utilities,15.84,20.3,12.98,15.81,15.47,15.47,15.96,15.66,-0.2,2.53,16.24,14.7
PM,Philip Morris International,Consumer Staples,Tobacco,162.15,181.86,114.18,158.92,156.53,154.71,153.91,162.48,-0.1,0.54,163.03,146.41
PSX,Phillips 66,Energy,Oil & Gas Refining & Marketing,128.98,143.81,90.32,129.6,134.99,136.54,135.13,123.22,0.0,13.5,146.39,126.7
PNW,Pinnacle West Capital,Utilities,Multi-Utilities,88.05,92.82,78.54,88.1,87.78,88.29,89.17,89.22,0.0,2.81,90.52,86.06
PNC,PNC Financial Services,Financials,Diversified Banks,212.41,212.9,145.61,211.06,210.52,202.94,191.18,183.15,0.0,3.16,219.12,186.76
POOL,Pool Corporation,Consumer Discretionary,Distributors,231.55,358.43,230.21,233.7,236.46,239.11,254.96,293.71,0.0,7.1,247.99,230.23
PPG,PPG Industries,Materials,Specialty Chemicals,102.98,121.09,89.82,103.13,102.98,101.61,99.59,105.81,-0.1,1.73,104.76,98.47
PPL,PPL Corporation,Utilities,Electric Utilities,34.77,37.66,30.69,34.57,34.18,34.53,35.74,35.03,-0.2,4.8,36.44,32.62
PFG,Principal Financial Group,Financials,Life & Health Insurance,89.5,91.54,67.57,89.28,89.83,87.58,83.74,79.07,0.0,3.65,92.77,82.4
PG,Procter & Gamble,Consumer Staples,Personal Care Products,143.38,172.77,138.34,144.77,143.76,144.47,146.97,155.25,0.0,4.92,150.43,138.49
PGR,Progressive Corporation,Financials,Property & Casualty Insurance,227.61,290.89,203.7,226.28,228.77,227.76,222.6,251.15,-0.3,3.15,234.78,220.74
PLD,Prologis,Real Estate,Industrial REITs,127.79,129.65,87.44,127.67,128.3,127.73,125.09,110.94,0.2,1.49,129.69,125.75
PRU,Prudential Financial,Financials,Life & Health Insurance,114.3,117.6,91.53,115.07,115.88,112.7,106.77,103.33,0.2,4.64,119.6,105.79
PEG,Public Service Enterprise Group,Utilities,Electric Utilities,80.3,88.72,75.32,80.32,79.87,80.12,81.15,80.84,0.0,2.8,82.55,77.69
PTC,PTC Inc.,Information Technology,Application Software,175.73,216.53,136.74,176.83,176.32,175.69,183.88,182.17,0.4,1.95,179.16,172.22
PSA,Public Storage,Real Estate,Self-Storage REITs,259.71,308.4,258.1,261.76,265.61,267.65,276.69,282.93,-0.2,6.67,277.03,258.26
PHM,PulteGroup,Consumer Discretionary,Homebuilding,117.17,140.9,91.48,120.1,123.22,124.85,121.68,114.64,0.0,12.09,131.34,118.37
PWR,Quanta Services,Industrials,Construction & Engineering,435.55,466.91,236.5,426.16,437.24,447.87,442.78,373.29,0.2,10.03,479.24,416.49
QCOM,Qualcomm,Information Technology,Semiconductors,174.59,186.73,122.59,174.12,176.77,173.67,171.66,157.1,0.0,5.29,183.83,163.51
DGX,Quest Diagnostics,Health Care,Health Care Services,174.95,192.35,148.06,176.52,178.9,181.86,182.91,176.19,0.0,9.15,190.96,172.77
Q,Qnity Electronics,Information Technology,Semiconductor Materials & Equipment,82.68,,,79.91,80.46,80.77,,,0.1,4.58,86.47,75.06
RL,Ralph Lauren Corporation,Consumer Discretionary,"Apparel, Accessories & Luxury Goods",361.15,371.7,181.18,365.35,366.33,364.18,342.71,288.04,0.2,3.88,375.16,353.19
RJF,Raymond James Financial,Financials,Investment Banking & Brokerage,166.08,175.92,122.89,163.26,163.58,161.39,160.69,155.15,0.0,1.76,169.0,153.76
RTX,RTX Corporation,Industrials,Aerospace & Defense,185.67,185.68,112.01,181.77,180.17,175.65,173.79,150.85,0.2,0.36,186.34,164.97
O,Realty Income,Real Estate,Retail REITs,55.99,60.07,49.07,56.7,57.07,57.28,57.49,56.35,0.0,4.66,58.6,55.96
REG,Regency Centers,Real Estate,Retail REITs,69.07,74.66,63.5,68.5,67.84,68.42,69.27,69.66,0.0,2.62,70.88,65.96
REGN,Regeneron Pharmaceuticals,Health Care,Biotechnology,784.75,787.32,481.73,766.11,754.38,747.44,686.43,600.13,0.2,2.09,801.15,693.74
RF,Regions Financial Corporation,Financials,Regional Banks,27.61,27.84,17.76,27.63,27.59,26.69,25.18,23.56,0.2,3.8,28.66,24.72
RSG,Republic Services,Industrials,Environmental & Facilities Services,213.51,256.75,198.59,213.55,212.95,213.78,213.85,232.13,0.0,2.45,218.74,208.81
RMD,ResMed,Health Care,Health Care Equipment,244.19,293.03,203.19,244.86,248.09,250.14,252.83,252.87,-0.2,5.75,258.23,242.05
RVTY,Revvity,Health Care,Health Care Equipment,97.78,126.56,82.44,96.96,98.81,100.65,96.7,94.66,0.0,9.2,106.78,94.53
HOOD,Robinhood Markets,Financials,Investment Banking & Brokerage,120.53,152.46,34.17,119.44,121.04,125.33,128.67,95.1,0.0,16.21,140.07,110.59
ROK,Rockwell Automation,Industrials,Electrical Components & Equipment,398.22,413.05,216.41,394.77,400.5,398.94,378.86,327.0,0.2,3.42,411.84,386.04
ROL,"Rollins, Inc.",Industrials,Environmental & Facilities Services,60.74,61.5,45.1,60.48,60.02,60.37,58.69,56.52,-0.2,2.35,62.17,58.57
ROP,Roper Technologies,Information Technology,Electronic Equipment & Instruments,448.38,591.12,439.64,449.07,446.67,445.94,456.38,524.99,-0.2,0.65,451.29,440.58
ROST,Ross Stores,Consumer Discretionary,Apparel Retail,180.33,184.28,121.95,181.75,182.25,179.63,167.82,146.38,0.2,2.67,185.14,174.12
RCL,Royal Caribbean Group,Consumer Discretionary,"Hotels, Resorts & Cruise Lines",292.94,364.72,176.89,291.77,284.65,273.0,276.96,279.26,0.0,3.07,301.93,244.06
SPGI,S&P Global,Financials,Financial Exchanges & Data,526.34,562.06,435.88,515.63,506.75,501.04,493.4,506.78,-0.1,-1.14,520.34,481.74
CRM,Salesforce,Information Technology,Application Software,263.81,357.62,225.01,260.78,260.01,251.19,247.63,256.48,0.1,4.89,276.71,225.69
SNDK,Sandisk,Information Technology,"Technology Hardware, Storage & Peripherals",243.54,,,229.7,224.03,219.79,209.33,92.48,0.2,1.71,247.7,191.87
SBAC,SBA Communications,Real Estate,Telecom Tower REITs,191.46,239.71,186.46,190.68,191.02,190.77,193.36,211.67,0.0,1.79,194.89,186.64
SLB,Schlumberger,Energy,Oil & Gas Equipment & Services,38.08,42.4,31.19,38.23,38.74,37.87,36.32,35.12,0.2,6.51,40.56,35.18
STX,Seagate Technology,Information Technology,"Technology Hardware, Storage & Peripherals",281.58,307.85,65.98,286.09,289.86,280.89,261.78,168.79,0.0,8.56,305.68,256.11
SRE,Sempra,Utilities,Multi-Utilities,88.66,94.03,62.32,87.54,88.01,89.24,90.68,79.9,-0.4,5.04,93.13,85.36
NOW,ServiceNow,Information Technology,Systems Software,156.68,234.08,144.33,155.61,161.93,163.79,172.02,181.77,-0.2,12.98,177.02,150.57
SHW,Sherwin-Williams,Materials,Specialty Chemicals,323.32,374.36,311.42,324.27,326.19,331.33,334.44,343.51,0.0,7.08,346.21,316.46
SPG,Simon Property Group,Real Estate,Retail REITs,187.48,187.48,135.26,185.67,184.06,182.6,179.61,166.26,0.4,-0.01,187.46,177.73
SWKS,Skyworks Solutions,Information Technology,Semiconductors,64.46,90.17,47.71,64.77,66.03,66.73,69.15,69.15,0.0,9.37,70.5,62.96
SJM,J.M. Smucker Company (The),Consumer Staples,Packaged Foods & Meats,97.89,115.07,92.55,99.3,100.0,100.6,102.81,106.12,0.0,5.85,103.62,97.58
SW,Smurfit Westrock,Materials,Paper & Plastic Packaging Products & Materials,38.29,54.52,32.79,38.23,37.87,36.76,37.42,42.02,0.0,2.4,39.21,34.32
SNA,Snap-on,Industrials,Industrial Machinery & Supplies & Components,351.94,351.95,286.43,348.05,349.14,345.97,340.22,325.1,0.0,0.69,354.37,337.58
SOLS,Solstice Advanced Materials,Materials,Specialty Chemicals,49.18,,,49.42,49.32,48.21,,,0.1,3.25,50.78,45.63
SOLV,Solventum,Health Care,Health Care Technology,80.62,85.77,63.01,80.72,81.38,82.99,76.97,73.53,-0.2,8.25,87.27,78.72
SO,Southern Company,Utilities,Electric Utilities,86.6,98.91,78.34,86.37,85.68,86.91,90.48,90.26,-0.2,4.8,90.76,83.05
LUV,Southwest Airlines,Industrials,Passenger Airlines,41.7,42.24,23.77,41.38,41.25,38.62,34.8,32.26,0.0,6.28,44.32,32.92
SWK,Stanley Black & Decker,Industrials,Industrial Machinery & Supplies & Components,74.61,86.37,53.89,73.49,74.25,72.87,69.28,68.69,0.2,2.63,76.57,69.17
SBUX,Starbucks,Consumer Discretionary,Restaurants,83.41,113.43,77.9,86.51,85.7,85.49,84.41,86.71,-0.1,6.44,88.78,82.19
STT,State Street Corporation,Financials,Asset Management & Custody Banks,130.49,130.87,74.25,128.92,128.69,124.67,119.4,105.29,0.0,2.67,133.97,115.37
STLD,Steel Dynamics,Materials,Steel,178.12,178.12,108.4,175.1,172.98,170.01,160.11,136.96,0.2,-0.3,177.59,162.43
STE,Steris,Health Care,Health Care Equipment,254.79,267.99,200.94,253.5,253.77,258.16,252.68,239.06,0.0,5.41,268.57,247.74
SYK,Stryker Corporation,Health Care,Health Care Equipment,354.77,402.61,335.89,354.44,354.0,359.74,364.79,374.17,0.2,5.95,375.88,343.58
SMCI,Supermicro,Information Technology,"Technology Hardware, Storage & Peripherals",30.72,60.71,26.85,30.42,31.64,32.74,39.88,42.59,0.0,17.84,36.2,29.29
SYF,Synchrony Financial,Financials,Consumer Finance,85.58,85.85,43.2,84.6,84.41,81.63,76.57,66.48,0.0,2.51,87.73,75.52
SNPS,Synopsys,Information Technology,Application Software,474.68,645.35,380.9,466.17,465.49,455.02,436.16,488.93,0.1,4.96,498.22,411.82
SYY,Sysco,Consumer Staples,Food Distributors,73.75,82.73,67.09,74.73,74.63,74.49,75.51,75.47,0.2,4.03,76.72,72.27
TMUS,T-Mobile US,Communication Services,Wireless Telecommunication Services,196.9,269.54,195.16,197.81,196.9,201.97,209.42,233.6,0.0,8.16,212.97,190.96
TROW,T. Rowe Price,Financials,Asset Management & Custody Banks,104.18,111.66,77.29,103.9,103.67,103.05,101.91,97.23,0.0,1.8,106.06,100.04
TTWO,Take-Two Interactive,Communication Services,Interactive Home Entertainment,249.35,262.29,178.61,246.51,245.15,245.78,247.36,234.68,-0.2,0.67,251.02,240.54
TPR,"Tapestry, Inc.",Consumer Discretionary,"Apparel, Accessories & Luxury Goods",129.43,129.43,59.9,126.28,124.25,118.38,112.49,95.11,0.0,1.97,131.98,104.78
TRGP,Targa Resources,Energy,Oil & Gas Storage & Transportation,184.68,212.51,145.33,181.45,181.84,179.28,167.8,167.78,0.0,1.68,187.78,170.78
TGT,Target Corporation,Consumer Staples,Consumer Staples Merchandise Retail,94.06,136.48,83.68,96.98,96.88,93.95,91.72,94.42,0.3,7.13,100.77,87.14
TEL,TE Connectivity,Information Technology,Electronic Manufacturing Services,232.68,249.0,121.04,228.97,232.11,230.91,233.16,189.88,0.0,4.3,242.69,219.15
TDY,Teledyne Technologies,Information Technology,Electronic Equipment & Instruments,518.01,593.62,435.54,510.69,513.18,509.3,518.22,517.81,0.0,1.88,527.75,490.83
TER,Teradyne,Information Technology,Semiconductor Materials & Equipment,198.79,204.01,67.74,193.37,195.52,192.56,174.24,116.1,-0.2,6.27,211.25,173.86
TSLA,"Tesla, Inc.",Consumer Discretionary,Automobile Manufacturers,486.25,489.88,221.86,481.36,472.93,455.29,442.23,353.56,0.2,2.76,499.67,410.9
TXN,Texas Instruments,Information Technology,Semiconductors,177.18,217.72,142.07,176.59,178.13,176.29,169.06,179.26,0.1,6.03,187.86,164.71
TPL,Texas Pacific Land Corporation,Energy,Oil & Gas Exploration & Production,298.29,474.47,273.56,298.7,292.08,293.53,305.06,350.11,0.0,4.73,312.4,274.67
TXT,Textron,Industrials,Aerospace & Defense,90.75,90.88,60.68,89.3,87.98,85.59,82.89,78.53,0.0,0.36,91.08,80.1
TMO,Thermo Fisher Scientific,Health Care,Life Sciences Tools & Services,579.14,604.6,389.62,569.52,571.74,576.01,569.25,482.77,-0.4,2.75,595.07,556.93
TJX,TJX Companies,Consumer Discretionary,Apparel Retail,155.85,156.71,111.77,155.51,155.68,153.82,148.03,133.42,0.0,1.47,158.14,149.5
TKO,TKO Group Holdings,Communication Services,Movies & Entertainment,216.16,216.16,137.6,213.66,209.38,202.43,191.73,175.09,0.0,1.68,219.79,185.08
TTD,Trade Desk (The),Communication Services,Advertising,37.5,126.58,36.19,37.3,37.22,38.31,43.52,57.59,0.0,8.83,40.81,35.81
TSCO,Tractor Supply,Consumer Discretionary,Other Specialty Retail,51.0,62.38,47.42,51.99,52.22,53.05,53.84,54.25,0.0,8.37,55.27,50.84
TT,Trane Technologies,Industrials,Building Products,393.69,471.46,313.81,388.18,392.54,400.94,414.21,406.72,-0.2,7.46,423.06,378.84
TDG,TransDigm Group,Industrials,Aerospace & Defense,1316.75,1516.55,1152.5,1283.96,1289.75,1318.66,1314.47,1326.15,-0.3,5.19,1385.09,1252.24
TRV,Travelers Companies (The),Financials,Property & Casualty Insurance,291.64,293.65,228.7,291.82,287.43,287.09,279.56,267.46,0.2,2.14,297.88,276.3
TRMB,Trimble Inc.,Information Technology,Electronic Equipment & Instruments,80.62,85.24,55.12,80.45,80.9,81.39,79.78,75.61,0.0,3.76,83.65,79.13
TFC,Truist Financial,Financials,Diversified Banks,50.52,50.56,33.53,50.25,49.99,48.5,45.7,42.34,0.0,2.2,51.63,45.38
TYL,Tyler Technologies,Information Technology,Application Software,463.19,646.74,447.0,458.55,455.5,459.99,473.54,539.09,-0.2,2.26,473.66,446.32
TSN,Tyson Foods,Consumer Staples,Packaged Foods & Meats,57.72,62.13,50.27,58.32,58.64,57.78,54.52,55.27,0.1,4.0,60.03,55.53
USB,U.S. Bancorp,Financials,Diversified Banks,54.58,54.87,35.62,54.24,53.9,52.08,49.03,45.2,0.0,2.75,56.08,48.07
UBER,Uber,Industrials,Passenger Ground Transportation,80.67,100.1,60.32,80.01,81.76,85.16,89.69,87.71,-0.2,16.0,93.58,76.74
UDR,"UDR, Inc.",Real Estate,Multi-Family Residential REITs,36.06,44.54,33.56,36.07,35.8,35.75,35.34,38.49,-0.1,1.72,36.68,34.81
ULTA,Ulta Beauty,Consumer Discretionary,Other Specialty Retail,602.87,612.95,314.47,598.74,596.98,576.64,542.68,479.32,0.2,5.3,634.82,518.45
UNP,Union Pacific Corporation,Industrials,Rail Transportation,234.17,248.49,204.53,234.83,236.21,234.13,226.04,223.42,0.2,2.73,240.56,227.7
UAL,United Airlines Holdings,Industrials,Passenger Airlines,113.51,116.02,56.15,113.33,110.98,107.31,100.63,88.69,0.2,2.7,116.57,98.03
UPS,United Parcel Service,Industrials,Air Freight & Logistics,99.99,127.5,81.17,101.14,100.69,98.2,93.64,92.7,0.0,3.52,103.51,92.9
URI,United Rentals,Industrials,Trading Companies & Distributors,818.8,1017.86,548.35,808.2,813.59,808.77,852.32,794.17,-0.2,1.56,831.57,785.99
UNH,UnitedHealth Group,Health Care,Managed Health Care,324.96,587.56,234.7,327.46,331.96,329.34,334.34,348.67,0.0,5.01,341.24,317.44
UHS,Universal Health Services,Health Care,Health Care Facilities,226.91,243.98,154.65,226.13,224.72,229.98,223.68,191.64,-0.2,7.8,244.61,215.35
VLO,Valero Energy,Energy,Oil & Gas Refining & Marketing,164.61,184.27,102.32,163.14,166.27,171.1,170.58,144.72,0.2,11.2,183.05,159.17
VTR,Ventas,Real Estate,Health Care REITs,79.13,81.0,55.68,79.24,78.6,79.44,76.28,68.43,0.2,3.01,81.51,77.36
VLTO,Veralto,Industrials,Environmental & Facilities Services,102.4,109.64,85.14,101.16,100.06,100.76,100.51,100.69,-0.1,1.53,103.97,97.54
VRSN,Verisign,Information Technology,Internet Services & Infrastructure,245.21,304.16,197.12,244.58,243.54,247.11,248.27,264.59,-0.2,4.35,255.88,238.33
VRSK,Verisk Analytics,Industrials,Research & Consulting Services,218.27,319.65,207.57,218.9,217.69,219.8,222.08,269.23,0.0,3.55,226.02,213.57
VZ,Verizon,Communication Services,Integrated Telecommunication Services,39.94,44.3,36.0,40.21,40.36,40.63,40.36,41.64,0.1,4.23,41.63,39.63
VRTX,Vertex Pharmaceuticals,Health Care,Biotechnology,459.52,513.76,366.54,454.59,452.62,446.78,432.25,440.78,-0.1,2.1,469.17,424.4
VTRS,Viatris,Health Care,Pharmaceuticals,11.97,12.01,7.0,11.91,11.75,11.28,10.7,9.38,0.0,2.67,12.29,10.27
VICI,Vici Properties,Real Estate,Hotel & Resort REITs,27.77,32.93,26.65,27.97,27.9,27.88,29.05,30.68,0.0,2.99,28.6,27.17
V,Visa Inc.,Financials,Transaction & Payment Processing Services,353.8,371.92,304.76,349.11,345.67,338.04,337.82,343.38,0.1,0.87,356.88,319.19
VST,Vistra Corp.,Utilities,Electric Utilities,161.11,217.62,97.7,162.23,166.16,168.88,180.13,172.43,0.0,11.53,179.69,158.08
VMC,Vulcan Materials Company,Materials,Construction Materials,293.33,308.54,219.27,290.17,293.15,293.31,291.71,274.03,-0.2,2.18,299.72,286.89
WRB,W. R. Berkley Corporation,Financials,Property & Casualty Insurance,70.29,77.23,55.22,69.71,68.92,69.98,72.4,70.32,-0.2,8.83,76.5,63.47
GWW,W. W. Grainger,Industrials,Industrial Machinery & Supplies & Components,1024.54,1122.37,913.57,1024.8,1022.61,990.05,966.59,997.88,0.1,3.33,1058.66,921.41
WAB,Wabtec,Industrials,Construction Machinery & Heavy Transportation Equipment,220.01,221.71,159.62,216.71,216.04,213.2,205.64,196.4,0.2,0.57,221.26,205.14
WMT,Walmart,Consumer Staples,Consumer Staples Merchandise Retail,110.71,116.79,81.24,113.63,114.53,113.33,107.66,99.03,-0.2,7.01,118.47,108.19
DIS,Walt Disney Company (The),Communication Services,Movies & Entertainment,113.04,123.18,80.83,111.83,111.09,107.89,108.81,108.87,0.0,1.57,114.81,100.96
WBD,Warner Bros. Discovery,Communication Services,Broadcasting,29.25,29.98,7.69,28.32,28.92,26.96,23.71,14.8,-0.2,8.07,31.61,22.3
WM,Waste Management,Industrials,Environmental & Facilities Services,220.26,239.43,196.01,218.87,216.84,215.4,210.77,222.04,-0.1,0.8,222.02,208.77
WAT,Waters Corporation,Health Care,Life Sciences Tools & Services,383.72,417.28,277.72,379.86,383.66,391.19,373.77,339.12,0.2,7.18,411.27,371.11
WEC,WEC Energy Group,Utilities,Electric Utilities,105.15,116.56,89.09,104.8,104.47,106.32,110.21,107.03,-0.2,6.31,111.78,100.86
WFC,Wells Fargo,Financials,Diversified Banks,94.31,94.31,59.98,93.13,92.68,90.17,87.11,78.44,0.0,1.96,96.16,84.17
WELL,Welltower,Real Estate,Health Care REITs,186.77,208.22,121.91,187.17,187.95,195.62,189.1,164.15,0.0,13.43,211.85,179.38
WST,West Pharmaceutical Services,Health Care,Health Care Supplies,276.58,346.74,189.89,272.36,270.72,273.55,274.3,241.47,-0.2,2.78,284.27,262.84
WDC,Western Digital,Information Technology,"Technology Hardware, Storage & Peripherals",177.68,187.2,30.42,175.36,176.89,169.65,153.94,88.09,0.0,5.62,187.67,151.62
WY,Weyerhaeuser,Real Estate,Timber REITs,23.57,30.38,21.15,23.62,23.43,22.69,22.66,24.91,0.1,2.84,24.24,21.15
WSM,"Williams-Sonoma, Inc.",Consumer Discretionary,Homefurnishing Retail,187.99,215.07,135.95,189.0,187.99,183.77,186.73,176.87,-0.2,2.63,192.93,174.6
WMB,Williams Companies,Energy,Oil & Gas Storage & Transportation,59.63,63.95,51.7,58.86,59.24,60.05,59.56,58.39,0.2,4.96,62.59,57.51
WTW,Willis Towers Watson,Financials,Insurance Brokers,331.2,349.93,294.27,331.13,328.37,324.14,323.88,320.1,0.0,1.28,335.44,312.84
WDAY,"Workday, Inc.",Information Technology,Application Software,215.6,277.82,210.47,217.26,218.86,218.72,226.7,235.23,0.2,5.9,228.32,209.1
WYNN,Wynn Resorts,Consumer Discretionary,Casinos & Gaming,125.11,133.09,65.64,126.2,125.54,127.05,123.67,105.78,0.0,5.91,132.5,121.6
XEL,Xcel Energy,Utilities,Multi-Utilities,74.02,82.11,61.84,73.46,74.12,76.43,78.99,72.69,-0.2,10.82,82.03,70.82
XYL,Xylem Inc.,Industrials,Industrial Machinery & Supplies & Components,138.49,152.52,101.96,137.85,138.07,138.94,143.46,132.96,-0.2,2.47,141.91,135.97
YUM,Yum! Brands,Consumer Discretionary,Restaurants,154.66,160.2,120.91,154.3,151.94,150.04,147.44,146.44,0.2,2.3,158.22,141.86
ZBRA,Zebra Technologies,Information Technology,Electronic Equipment & Instruments,246.68,421.11,213.54,250.94,259.44,258.42,264.64,287.14,0.0,11.2,274.31,242.52
ZBH,Zimmer Biomet,Health Care,Health Care Equipment,89.28,112.61,87.55,90.03,91.06,92.86,94.68,97.78,0.0,9.48,97.74,87.99
ZTS,Zoetis,Health Care,Pharmaceuticals,123.9,173.89,115.75,122.99,121.35,122.23,128.27,147.61,-0.2,4.48,129.45,115.0
