Symbol,Company,GICS_Sector,GICS_Sub_Industry,Current_Price,52_Week_High,52_Week_Low,SMA_5,SMA_10,SMA_20,SMA_50,SMA_100,SMA_125,SMA_200
MMM,3M,Industrials,Industrial Conglomerates,166.83,172.85,120.83,168.51,162.15,158.37,156.48,153.41,151.87,148.69
AOS,A. O. Smith,Industrials,Building Products,66.84,76.94,58.25,68.32,69.07,69.98,71.5,69.87,69.29,67.98
ABT,Abbott Laboratories,Health Care,Health Care Equipment,126.61,139.33,109.21,126.99,127.76,130.22,131.45,130.97,131.1,129.61
ABBV,AbbVie,Health Care,Biotechnology,227.54,243.06,158.28,228.1,228.66,229.98,220.18,204.78,200.54,195.88
ACN,Accenture,Information Technology,IT Consulting & Other Services,253.35,394.41,229.4,250.14,245.55,246.1,247.15,264.8,274.36,296.29
ADBE,Adobe Inc.,Information Technology,Application Software,359.91,557.9,327.5,355.89,347.35,346.15,351.79,361.98,370.06,384.76
AMD,Advanced Micro Devices,Information Technology,Semiconductors,258.01,264.58,76.48,247.16,242.07,222.61,185.67,168.47,156.76,137.3
AES,AES Corporation,Utilities,Independent Power Producers & Energy Traders,14.46,16.4,9.28,14.4,14.49,14.5,13.66,12.89,12.43,11.82
AFL,Aflac,Financials,Life & Health Insurance,106.68,113.9,96.14,107.36,107.8,109.67,108.72,105.39,105.03,105.14
A,Agilent Technologies,Health Care,Life Sciences Tools & Services,145.85,152.88,96.03,146.76,144.51,141.9,131.18,124.29,121.54,123.1
APD,Air Products,Materials,Industrial Gases,254.43,334.71,240.55,254.64,254.59,260.49,275.49,280.32,278.34,284.16
ABNB,Airbnb,Consumer Discretionary,"Hotels, Resorts & Cruise Lines",128.01,163.93,99.88,127.98,126.88,123.65,124.5,129.1,129.33,129.25
AKAM,Akamai Technologies,Information Technology,Internet Services & Infrastructure,75.75,105.26,67.51,75.12,74.55,75.26,76.3,76.99,77.28,80.41
ALB,Albemarle Corporation,Materials,Specialty Chemicals,96.68,111.49,48.84,97.44,96.08,93.72,85.87,77.64,73.67,73.51
ARE,Alexandria Real Estate Equities,Real Estate,Office REITs,62.94,109.94,62.57,74.58,75.29,76.72,79.91,77.07,75.48,80.41
ALGN,Align Technology,Health Care,Health Care Supplies,133.14,246.19,122.0,135.12,133.54,131.79,133.78,155.97,160.84,170.55
ALLE,Allegion,Industrials,Building Products,169.08,180.68,116.14,170.81,174.38,175.31,174.02,163.1,158.7,147.36
LNT,Alliant Energy,Utilities,Electric Utilities,67.98,69.75,54.71,68.59,68.41,67.97,66.26,64.41,63.73,62.48
ALL,Allstate,Financials,Property & Casualty Insurance,190.85,215.7,173.88,193.3,194.52,201.97,203.58,200.62,201.09,197.98
GOOGL,Alphabet Inc. (Class A),Communication Services,Interactive Media & Services,267.47,270.73,140.23,260.29,256.42,250.43,239.08,211.83,202.38,191.15
GOOG,Alphabet Inc. (Class C),Communication Services,Interactive Media & Services,268.43,271.38,142.36,261.03,257.09,251.2,239.69,212.62,203.29,192.44
MO,Altria,Consumer Staples,Tobacco,63.28,67.51,46.22,64.14,64.3,65.04,65.27,62.31,61.33,58.29
AMZN,Amazon,Consumer Discretionary,Broadline Retail,229.25,242.52,161.38,223.89,220.11,220.6,225.02,223.31,218.9,214.26
AMCR,Amcor,Materials,Paper & Plastic Packaging Products & Materials,8.35,10.81,7.81,8.23,8.18,8.11,8.24,8.82,8.88,9.13
AEE,Ameren,Utilities,Multi-Utilities,103.32,106.73,82.82,104.42,104.88,104.33,101.88,99.57,98.8,97.64
AEP,American Electric Power,Utilities,Electric Utilities,115.11,120.46,87.57,116.19,116.98,116.56,112.51,109.32,107.94,105.49
AXP,American Express,Financials,Consumer Finance,361.03,362.84,219.32,357.44,349.23,337.81,331.64,318.7,312.74,301.1
AIG,American International Group,Financials,Multi-line Insurance,78.39,87.1,68.15,78.9,78.62,80.34,79.64,80.47,80.86,79.87
AMT,American Tower,Real Estate,Telecom Tower REITs,182.72,232.28,168.28,189.09,190.37,188.91,193.67,204.31,205.72,203.01
AWK,American Water Works,Utilities,Water Utilities,134.81,153.69,116.64,140.14,141.98,140.85,140.42,140.74,140.92,138.59
AMP,Ameriprise Financial,Financials,Asset Management & Custody Banks,484.54,576.69,393.57,479.85,477.05,483.04,493.46,506.71,506.03,505.02
AME,Ametek,Industrials,Electrical Components & Equipment,185.1,197.03,144.53,186.63,186.46,185.0,186.01,183.14,181.7,179.42
AMGN,Amgen,Health Care,Biotechnology,292.09,330.26,247.06,292.78,296.03,295.51,287.84,289.34,286.24,287.78
APH,Amphenol,Information Technology,Electronic Components,137.29,137.65,56.27,134.25,130.2,127.03,120.35,110.66,105.61,91.31
ADI,Analog Devices,Information Technology,Semiconductors,239.35,257.11,157.31,240.8,241.92,239.48,244.17,238.25,233.08,222.49
AON,Aon plc,Financials,Insurance Brokers,329.96,411.24,322.37,337.8,342.21,351.96,359.46,358.42,358.83,366.88
APA,APA Corporation,Energy,Oil & Gas Exploration & Production,22.73,25.51,13.04,23.48,23.0,23.35,23.0,21.0,20.14,19.87
APO,Apollo Global Management,Financials,Asset Management & Custody Banks,124.47,187.59,101.84,125.08,124.65,124.95,132.1,137.15,136.58,139.45
AAPL,Apple Inc.,Information Technology,"Technology Hardware, Storage & Peripherals",269.0,269.87,168.8,263.73,259.27,256.47,245.65,227.82,222.92,222.46
AMAT,Applied Materials,Information Technology,Semiconductor Materials & Equipment,227.64,235.79,123.04,227.35,227.12,222.55,193.85,188.42,182.84,174.07
APTV,Aptiv,Consumer Discretionary,Automotive Parts & Equipment,86.64,88.8,47.19,85.68,84.73,84.74,82.94,76.13,73.91,69.0
ACGL,Arch Capital Group,Financials,Property & Casualty Insurance,84.72,101.93,82.44,86.63,87.01,89.4,90.19,89.81,90.58,91.18
ADM,Archer Daniels Midland,Consumer Staples,Agricultural Products & Services,61.37,65.0,40.22,62.21,62.56,61.91,61.7,57.85,55.84,52.4
ANET,Arista Networks,Information Technology,Communications Equipment,156.77,162.68,59.43,153.35,149.17,149.08,144.01,127.41,120.34,109.9
AJG,Arthur J. Gallagher & Co.,Financials,Insurance Brokers,267.5,349.78,266.71,278.55,280.78,293.22,297.29,302.21,308.99,313.32
AIZ,Assurant,Financials,Multi-line Insurance,207.89,227.13,173.64,210.74,210.53,214.67,213.68,204.0,202.71,202.65
T,AT&T,Communication Services,Integrated Telecommunication Services,25.7,29.47,20.72,25.31,25.73,25.95,27.6,27.56,27.44,26.6
ATO,Atmos Energy,Utilities,Gas Utilities,174.49,179.7,133.63,175.92,176.64,175.17,169.44,162.45,161.08,155.85
ADSK,Autodesk,Information Technology,Application Software,311.08,329.09,232.67,311.1,308.26,310.78,311.78,305.14,302.61,293.1
ADP,Automatic Data Processing,Industrials,Human Resource & Employment Services,279.63,326.59,269.86,281.32,281.93,285.38,291.9,298.09,301.09,299.44
AZO,AutoZone,Consumer Discretionary,Automotive Retail,3803.0,4388.11,2980.1,3854.01,3930.99,4025.57,4130.44,3954.6,3913.41,3765.97
AVB,AvalonBay Communities,Real Estate,Multi-Family Residential REITs,184.12,231.37,177.24,188.06,186.99,187.2,189.77,193.34,195.05,199.99
AVY,Avery Dennison,Materials,Paper & Plastic Packaging Products & Materials,179.17,205.68,155.31,181.31,170.87,166.02,166.86,171.22,172.16,174.27
AXON,Axon Enterprise,Industrials,Aerospace & Defense,755.0,885.92,422.38,731.49,701.54,708.91,732.48,753.34,745.01,682.84
BKR,Baker Hughes,Energy,Oil & Gas Equipment & Services,47.86,50.93,33.21,47.59,46.53,46.96,46.65,43.71,42.35,42.34
BALL,Ball Corporation,Materials,"Metal, Glass & Plastic Containers",49.09,64.12,43.18,49.64,49.02,48.89,49.96,53.15,53.01,52.23
BAC,Bank of America,Financials,Diversified Banks,52.87,53.27,32.69,52.26,51.89,50.93,50.67,48.54,47.39,45.38
BAX,Baxter International,Health Care,Health Care Equipment,22.86,37.27,21.18,22.99,22.97,22.92,23.36,25.59,26.54,28.46
BDX,Becton Dickinson,Health Care,Health Care Equipment,184.21,248.0,161.47,186.34,187.29,188.91,189.32,183.5,180.72,196.12
BBY,Best Buy,Consumer Discretionary,Computer & Electronics Retail,83.86,90.84,53.55,82.76,81.41,78.65,75.9,72.09,71.32,72.48
TECH,Bio-Techne,Health Care,Life Sciences Tools & Services,63.94,80.37,45.87,64.79,63.3,61.86,56.85,54.73,53.57,56.9
BIIB,Biogen,Health Care,Biotechnology,149.13,187.58,110.04,149.45,146.9,149.09,143.66,137.0,134.69,135.14
BLK,BlackRock,Financials,Asset Management & Custody Banks,1124.95,1219.94,766.05,1129.51,1147.27,1154.73,1138.14,1102.92,1072.87,1023.22
BX,Blackstone Inc.,Financials,Asset Management & Custody Banks,151.69,196.67,114.16,155.37,157.69,160.54,169.47,164.05,159.12,155.84
XYZ,"Block, Inc.",Financials,Transaction & Payment Processing Services,80.18,99.26,44.27,78.87,77.44,77.31,76.53,73.7,70.34,69.47
BK,BNY Mellon,Financials,Asset Management & Custody Banks,108.45,110.33,69.31,107.23,107.06,106.47,105.76,100.46,97.67,91.61
BA,Boeing,Industrials,Aerospace & Defense,223.33,242.69,128.88,220.41,217.5,217.37,221.25,220.66,216.67,199.22
BKNG,Booking Holdings,Consumer Discretionary,"Hotels, Resorts & Cruise Lines",5120.57,5829.37,4082.14,5169.04,5137.63,5212.67,5415.34,5483.63,5447.78,5169.86
BSX,Boston Scientific,Health Care,Health Care Equipment,100.97,109.5,80.64,102.15,100.59,98.43,101.06,102.31,102.7,101.79
BMY,Bristol Myers Squibb,Health Care,Pharmaceuticals,42.82,61.0,42.38,43.65,43.7,44.23,45.17,45.79,45.89,49.17
AVGO,Broadcom,Information Technology,Semiconductors,372.97,374.06,137.54,354.75,352.04,345.91,333.86,306.04,290.3,255.88
BR,Broadridge Financial Solutions,Industrials,Data Processing & Outsourced Services,229.8,270.85,205.06,231.81,230.89,232.76,242.54,243.71,242.35,239.04
BRO,Brown & Brown,Financials,Insurance Brokers,82.38,125.31,81.39,87.22,88.12,91.45,93.13,97.93,100.51,105.44
BLDR,Builders FirstSource,Industrials,Building Products,119.35,194.36,102.6,122.67,123.33,124.94,130.69,128.17,125.01,130.07
BG,Bunge Global,Consumer Staples,Agricultural Products & Services,96.37,99.55,65.6,96.55,96.07,89.31,85.02,81.77,80.92,78.22
BXP,"BXP, Inc.",Real Estate,Office REITs,74.09,84.26,52.95,73.95,72.55,72.8,72.96,70.43,69.36,68.02
CHRW,C.H. Robinson,Industrials,Air Freight & Logistics,128.07,138.0,83.72,127.15,127.29,129.22,129.42,115.72,111.35,105.9
CDNS,Cadence Design Systems,Information Technology,Application Software,341.3,376.45,221.56,341.12,334.31,338.61,346.71,336.06,330.33,308.45
CZR,Caesars Entertainment,Consumer Discretionary,Casinos & Gaming,22.09,45.65,21.4,22.51,22.32,23.34,24.99,26.43,26.75,28.21
CPT,Camden Property Trust,Real Estate,Multi-Family Residential REITs,101.42,123.08,100.41,104.0,103.25,103.18,105.93,108.47,109.79,111.27
CPB,Campbell's Company (The),Consumer Staples,Packaged Foods & Meats,30.94,46.18,29.03,31.14,30.95,30.9,31.81,31.66,32.13,34.14
COF,Capital One,Financials,Consumer Finance,220.99,231.82,142.38,221.98,217.14,214.38,219.43,214.97,210.1,199.88
CAH,Cardinal Health,Health Care,Health Care Distributors,162.79,167.89,105.46,161.43,158.85,157.58,153.03,155.75,154.82,145.03
KMX,CarMax,Consumer Discretionary,Automotive Retail,44.45,91.25,42.34,44.15,43.91,44.43,52.5,57.78,59.37,66.05
CCL,Carnival,Consumer Discretionary,"Hotels, Resorts & Cruise Lines",27.86,32.8,15.07,29.22,29.03,28.8,30.13,29.03,27.64,25.58
CARR,Carrier Global,Industrials,Building Products,58.74,81.09,53.89,57.75,57.64,58.12,61.01,66.52,67.57,66.26
CAT,Caterpillar Inc.,Industrials,Construction Machinery & Heavy Transportation Equipment,524.47,543.43,264.29,521.74,526.2,511.25,467.62,432.69,413.92,384.74
CBOE,Cboe Global Markets,Financials,Financial Exchanges & Data,238.53,255.27,186.22,238.03,237.79,239.33,239.17,237.83,235.43,225.88
CBRE,CBRE Group,Real Estate,Real Estate Services,159.44,171.0,108.45,162.3,160.16,156.9,159.94,151.95,146.8,141.28
CDW,CDW Corporation,Information Technology,Technology Distributors,156.16,220.59,136.33,157.68,155.27,154.73,160.71,167.4,169.72,170.81
COR,Cencora,Health Care,Health Care Distributors,335.64,337.65,222.57,332.75,328.37,319.92,305.87,298.9,296.84,283.2
CNC,Centene Corporation,Health Care,Managed Health Care,33.19,70.11,25.08,34.16,34.92,36.07,33.18,35.29,40.03,47.72
CNP,CenterPoint Energy,Utilities,Multi-Utilities,39.52,40.5,27.87,39.69,39.79,39.43,38.61,37.75,37.66,36.36
CF,CF Industries,Materials,Fertilizers & Agricultural Chemicals,86.1,103.84,66.56,86.36,85.1,87.15,86.74,89.49,88.86,85.54
CRL,Charles River Laboratories,Health Care,Life Sciences Tools & Services,187.93,230.02,91.86,191.64,185.48,178.82,165.67,161.25,156.13,154.73
SCHW,Charles Schwab Corporation,Financials,Investment Banking & Brokerage,93.85,99.42,65.48,94.4,94.39,93.88,94.38,93.65,92.17,86.76
CHTR,Charter Communications,Communication Services,Cable & Satellite,248.88,437.06,242.81,245.48,250.45,260.61,264.01,308.47,327.57,338.29
CVX,Chevron Corporation,Energy,Integrated Oil & Gas,154.13,165.09,129.01,155.42,154.23,153.57,155.9,152.18,148.89,148.9
CMG,Chipotle Mexican Grill,Consumer Discretionary,Restaurants,40.26,66.74,38.3,41.18,41.53,41.18,40.9,45.5,46.6,48.86
CB,Chubb Limited,Financials,Property & Casualty Insurance,275.58,305.88,250.52,279.73,275.09,279.74,277.85,277.88,280.18,279.91
CHD,Church & Dwight,Consumer Staples,Household Products,84.26,115.72,84.25,86.12,86.88,87.48,90.07,92.87,93.32,97.93
CI,Cigna,Health Care,Health Care Services,308.41,346.57,255.6,306.46,303.16,302.62,299.21,299.69,303.04,304.67
CINF,Cincinnati Financial,Financials,Property & Casualty Insurance,151.75,166.9,121.6,155.45,154.92,158.33,155.64,151.6,150.51,145.43
CTAS,Cintas,Industrials,Diversified Support Services,189.89,228.77,179.74,191.06,190.4,193.3,200.8,210.65,212.39,208.02
CSCO,Cisco,Information Technology,Communications Equipment,72.62,72.68,51.49,71.11,70.57,69.6,68.2,67.79,66.52,63.85
C,Citigroup,Financials,Diversified Banks,101.39,105.59,54.71,98.83,98.48,97.85,98.18,92.84,88.95,82.66
CFG,Citizens Financial Group,Financials,Regional Banks,51.33,55.24,31.96,51.4,50.75,51.47,51.68,48.74,46.94,44.88
CLX,Clorox,Consumer Staples,Household Products,115.22,165.17,114.55,116.22,117.01,118.22,119.87,121.15,123.13,131.13
CME,CME Group,Financials,Financial Exchanges & Data,266.33,288.09,204.81,268.73,267.85,267.19,266.12,270.15,271.63,263.36
CMS,CMS Energy,Utilities,Multi-Utilities,73.44,76.11,62.54,74.5,74.7,73.95,72.54,71.67,71.4,70.8
KO,Coca-Cola Company (The),Consumer Staples,Soft Drinks & Non-alcoholic Beverages,70.16,73.29,59.3,70.14,69.35,67.99,67.67,68.55,68.89,68.3
CTSH,Cognizant,Information Technology,IT Consulting & Other Services,67.82,89.77,64.98,68.02,67.39,67.36,68.94,72.2,73.62,75.36
COIN,Coinbase,Financials,Financial Exchanges & Data,355.22,444.65,142.58,342.84,339.92,354.45,331.46,334.93,315.82,281.07
CL,Colgate-Palmolive,Consumer Staples,Household Products,77.14,98.37,76.17,78.25,78.24,77.91,80.62,83.92,85.08,86.55
CMCSA,Comcast,Communication Services,Cable & Satellite,29.28,43.66,29.12,29.34,29.47,29.92,31.54,32.69,32.95,33.55
CAG,Conagra Brands,Consumer Staples,Packaged Foods & Meats,18.08,28.22,17.89,18.42,18.44,18.61,18.78,19.3,19.94,21.76
COP,ConocoPhillips,Energy,Oil & Gas Exploration & Production,86.79,112.56,78.56,88.2,87.56,89.95,92.98,92.84,91.75,93.01
ED,Consolidated Edison,Utilities,Multi-Utilities,98.55,112.97,85.07,100.3,100.94,100.51,99.26,100.1,100.87,100.66
STZ,Constellation Brands,Consumer Staples,Distillers & Vintners,134.19,241.11,131.2,138.34,139.31,140.17,143.7,155.87,161.5,167.43
CEG,Constellation Energy,Utilities,Electric Utilities,384.95,412.7,160.94,376.23,379.69,374.04,341.3,330.38,321.52,294.8
COO,Cooper Companies (The),Health Care,Health Care Supplies,71.75,108.32,61.78,73.42,72.94,71.25,69.75,70.87,72.42,77.65
CPRT,Copart,Industrials,Diversified Support Services,44.07,64.38,43.32,44.5,44.6,44.56,46.23,46.89,49.13,52.08
GLW,Corning Inc.,Information Technology,Electronic Components,86.43,89.77,36.95,86.64,86.24,85.47,78.17,66.94,63.04,57.02
CPAY,Corpay,Financials,Transaction & Payment Processing Services,285.59,400.81,269.02,284.34,284.59,286.05,301.02,314.28,318.08,329.72
CTVA,Corteva,Materials,Fertilizers & Agricultural Chemicals,63.46,77.22,53.14,63.53,62.59,62.86,68.11,70.58,69.98,66.74
CSGP,CoStar Group,Real Estate,Real Estate Services,78.23,97.43,68.41,77.82,76.44,78.07,83.82,85.07,83.16,80.93
COST,Costco,Consumer Staples,Consumer Staples Merchandise Retail,924.16,1075.34,864.06,934.58,936.34,930.42,943.86,957.88,969.83,971.19
CTRA,Coterra,Energy,Oil & Gas Exploration & Production,23.38,29.29,21.84,23.53,23.3,23.44,23.73,24.21,24.21,25.17
CRWD,CrowdStrike,Information Technology,Systems Software,546.94,553.64,294.68,525.21,508.95,503.35,467.88,469.3,464.89,433.88
CCI,Crown Castle,Real Estate,Telecom Tower REITs,94.58,114.47,81.02,97.33,97.78,96.88,96.48,99.36,99.44,97.05
CSX,CSX Corporation,Industrials,Rail Transportation,35.68,37.19,26.01,35.85,36.05,35.92,34.39,34.14,33.36,32.23
CMI,Cummins,Industrials,Construction Machinery & Heavy Transportation Equipment,414.3,440.51,257.24,416.51,417.24,421.86,413.24,380.29,367.56,353.46
CVS,CVS Health,Health Care,Health Care Services,82.2,83.74,41.77,81.8,81.57,79.25,75.43,69.71,68.29,65.6
DHR,Danaher Corporation,Health Care,Life Sciences Tools & Services,216.9,256.97,170.43,220.35,215.7,211.94,202.99,201.31,199.41,202.82
DRI,Darden Restaurants,Consumer Discretionary,Restaurants,181.33,224.86,153.25,184.73,186.31,187.2,195.57,202.48,202.85,198.48
DDOG,Datadog,Information Technology,Application Software,157.27,170.08,81.63,156.43,155.88,156.94,144.13,139.69,134.58,127.64
DVA,DaVita,Health Care,Health Care Services,129.61,179.6,122.93,129.09,127.9,128.16,131.81,135.67,136.67,143.23
DAY,Dayforce,Industrials,Human Resource & Employment Services,68.4,82.69,48.01,68.47,68.38,68.53,68.77,62.74,61.88,61.67
DECK,Deckers Brands,Consumer Discretionary,Footwear,87.61,223.98,86.68,93.69,96.69,98.4,107.69,106.18,108.35,121.32
DE,Deere & Company,Industrials,Agricultural & Farm Machinery,468.19,530.24,381.67,470.17,463.72,459.14,468.48,488.39,490.65,480.52
DELL,Dell Technologies,Information Technology,"Technology Hardware, Storage & Peripherals",164.88,166.99,65.33,158.01,153.98,152.11,138.11,131.68,126.55,115.7
DAL,Delta Air Lines,Industrials,Passenger Airlines,57.86,69.15,34.41,59.61,60.37,59.07,59.36,55.98,54.39,53.99
DVN,Devon Energy,Energy,Oil & Gas Exploration & Production,32.01,39.44,25.53,32.75,32.41,33.3,34.25,33.61,33.17,33.34
DXCM,Dexcom,Health Care,Health Care Equipment,69.23,93.25,57.52,70.39,68.85,67.64,72.05,77.59,78.95,78.48
FANG,Diamondback Energy,Energy,Oil & Gas Exploration & Production,141.14,182.18,112.4,144.17,142.4,143.66,142.56,142.53,141.32,144.69
DLR,Digital Realty,Real Estate,Data Center REITs,174.06,192.35,128.14,175.86,174.57,174.04,170.6,171.4,170.43,164.41
DG,Dollar General,Consumer Staples,Consumer Staples Merchandise Retail,101.92,117.24,65.27,102.65,104.11,101.81,104.73,107.95,105.55,95.6
DLTR,Dollar Tree,Consumer Staples,Consumer Staples Merchandise Retail,102.7,118.06,60.49,101.09,98.98,94.29,98.97,102.91,99.93,89.65
D,Dominion Energy,Utilities,Multi-Utilities,59.62,62.52,46.96,60.61,60.83,60.94,60.22,58.68,57.85,56.06
DPZ,Domino's,Consumer Discretionary,Restaurants,410.97,495.24,392.47,417.02,417.86,417.84,434.42,445.61,451.69,452.89
DASH,DoorDash,Consumer Discretionary,Specialized Consumer Services,261.42,285.5,152.26,257.96,261.95,267.68,260.28,250.21,240.43,220.46
DOV,Dover Corporation,Industrials,Industrial Machinery & Supplies & Components,179.71,220.46,142.22,176.79,172.12,168.21,172.09,176.89,177.09,179.53
DOW,Dow Inc.,Materials,Commodity Chemicals,25.38,47.15,20.11,24.43,23.15,22.83,23.47,24.87,25.53,28.76
DHI,D. R. Horton,Consumer Discretionary,Homebuilding,153.75,184.55,109.8,157.46,156.16,159.2,166.21,152.38,146.27,140.06
DTE,DTE Energy,Utilities,Multi-Utilities,139.64,143.79,111.81,141.47,141.88,141.31,138.53,136.46,135.9,132.65
DUK,Duke Energy,Utilities,Electric Utilities,125.65,130.03,102.41,127.36,127.87,126.35,123.9,121.03,120.02,117.72
DD,DuPont,Materials,Specialty Chemicals,81.9,85.99,53.17,81.06,80.36,79.28,77.72,74.58,73.06,72.99
EMN,Eastman Chemical Company,Materials,Specialty Chemicals,63.36,103.22,56.08,62.82,61.99,61.93,64.37,68.71,70.58,77.06
ETN,Eaton Corporation,Industrials,Electrical Components & Equipment,376.01,398.4,230.37,373.01,374.68,374.73,365.06,361.01,352.4,331.2
EBAY,eBay Inc.,Consumer Discretionary,Broadline Retail,99.58,100.89,55.44,97.14,95.04,92.73,92.73,87.27,84.07,77.24
ECL,Ecolab,Materials,Specialty Chemicals,268.28,285.35,220.55,275.25,275.57,275.2,273.91,270.92,268.29,260.91
EIX,Edison International,Utilities,Electric Utilities,56.05,83.74,46.27,57.22,57.23,55.59,54.85,52.9,53.19,53.32
EW,Edwards Lifesciences,Health Care,Health Care Equipment,82.19,83.25,64.89,78.5,76.4,75.92,77.42,77.33,77.13,74.98
EA,Electronic Arts,Communication Services,Interactive Home Entertainment,200.3,203.75,114.77,200.6,200.56,200.5,184.42,170.31,166.04,154.79
ELV,Elevance Health,Health Care,Managed Health Care,339.4,454.26,272.22,343.15,346.6,348.62,327.62,328.46,340.83,365.3
EMR,Emerson Electric,Industrials,Electrical Components & Equipment,134.52,149.68,89.31,132.99,131.59,131.48,131.89,133.86,130.32,124.24
ENPH,Enphase Energy,Information Technology,Semiconductor Materials & Equipment,36.7,89.95,29.89,36.29,36.78,36.55,37.14,37.61,39.02,46.72
ETR,Entergy,Utilities,Electric Utilities,95.02,98.58,64.92,96.13,96.25,95.91,91.94,88.36,87.12,85.08
EOG,EOG Resources,Energy,Oil & Gas Exploration & Production,105.9,134.2,99.8,106.67,106.58,107.9,113.88,116.06,114.78,117.12
EPAM,EPAM Systems,Information Technology,IT Consulting & Other Services,161.9,269.0,138.15,159.39,152.67,151.3,157.99,163.01,165.46,178.78
EQT,EQT Corporation,Energy,Oil & Gas Exploration & Production,52.18,60.83,34.99,53.34,54.16,54.76,52.84,53.91,54.1,52.8
EFX,Equifax,Industrials,Research & Consulting Services,224.16,279.93,199.2,229.79,229.37,232.45,243.89,248.96,252.43,249.79
EQIX,Equinix,Real Estate,Data Center REITs,816.13,977.63,693.42,831.87,825.55,809.7,793.35,798.63,812.68,828.88
EQR,Equity Residential,Real Estate,Multi-Family Residential REITs,61.46,75.25,58.19,63.05,62.62,62.6,63.79,64.72,65.47,66.42
ERIE,Erie Indemnity,Financials,Insurance Brokers,320.34,455.28,305.49,324.68,321.27,320.16,328.18,340.12,343.42,365.05
ESS,Essex Property Trust,Real Estate,Multi-Family Residential REITs,256.15,307.81,239.32,262.22,260.83,261.03,262.43,268.32,270.09,274.53
EL,Estée Lauder Companies (The),Consumer Staples,Personal Care Products,98.76,104.53,47.94,99.9,99.34,95.14,91.05,87.7,82.89,77.0
EG,Everest Group,Financials,Reinsurance,304.91,387.65,302.44,339.1,343.42,349.41,344.93,340.07,340.68,343.66
EVRG,Evergy,Utilities,Electric Utilities,77.68,79.32,56.9,78.11,78.15,77.66,74.4,71.64,70.43,68.31
ES,Eversource Energy,Utilities,Electric Utilities,74.88,75.25,51.06,74.25,73.35,72.74,68.14,66.24,65.37,62.53
EXC,Exelon,Utilities,Electric Utilities,47.7,48.51,34.98,47.9,47.87,47.06,45.12,44.2,44.11,43.48
EXE,Expand Energy,Energy,Oil & Gas Exploration & Production,101.0,121.47,80.07,103.5,103.3,104.74,100.66,103.27,104.87,103.8
EXPE,Expedia Group,Consumer Discretionary,"Hotels, Resorts & Cruise Lines",225.3,240.98,129.46,221.74,219.98,218.65,217.61,199.04,192.17,185.03
EXPD,Expeditors International,Industrials,Air Freight & Logistics,119.4,128.27,99.78,118.79,119.09,119.32,120.69,118.2,116.98,115.52
EXR,Extra Space Storage,Real Estate,Self-Storage REITs,146.92,168.1,118.4,149.92,150.43,146.73,143.4,143.81,144.17,144.22
XOM,ExxonMobil,Energy,Integrated Oil & Gas,115.03,119.89,96.01,115.41,113.69,113.21,112.78,110.88,109.43,108.72
FFIV,"F5, Inc.",Information Technology,Communications Equipment,267.58,346.0,214.1,291.21,297.87,315.92,318.86,310.25,304.32,293.61
FDS,FactSet,Financials,Financial Exchanges & Data,288.4,495.04,272.5,288.16,287.39,284.81,321.18,369.6,385.77,407.48
FICO,Fair Isaac,Information Technology,Application Software,1666.64,2402.52,1300.0,1641.61,1626.7,1675.67,1570.19,1587.62,1655.23,1727.72
FAST,Fastenal,Industrials,Trading Companies & Distributors,41.63,50.63,34.8,42.53,42.56,44.49,46.98,45.76,44.71,42.1
FRT,Federal Realty Investment Trust,Real Estate,Retail REITs,98.0,113.0,78.83,100.41,99.71,98.8,98.75,95.9,95.38,96.15
FDX,FedEx,Industrials,Air Freight & Logistics,249.55,301.45,191.82,243.12,240.88,239.53,233.43,230.39,227.89,232.84
FIS,Fidelity National Information Services,Financials,Transaction & Payment Processing Services,65.93,90.1,63.0,67.13,67.05,67.22,67.31,72.74,73.79,73.72
FITB,Fifth Third Bancorp,Financials,Regional Banks,42.28,47.33,31.68,42.22,41.93,42.71,43.94,42.56,41.53,40.66
FSLR,First Solar,Information Technology,Semiconductors,239.6,249.56,116.56,236.21,235.1,231.88,216.69,194.54,186.75,171.51
FE,FirstEnergy,Utilities,Electric Utilities,46.16,48.2,36.81,46.61,46.88,46.69,44.92,42.9,42.64,41.39
FI,Fiserv,Financials,Transaction & Payment Processing Services,126.17,238.59,117.84,125.42,123.81,124.55,130.6,143.47,149.12,174.06
F,Ford Motor Company,Consumer Discretionary,Automobile Manufacturers,13.13,13.97,8.21,13.0,12.5,12.23,11.91,11.45,11.2,10.51
FTNT,Fortinet,Information Technology,Systems Software,85.87,114.82,70.12,85.26,84.61,84.88,82.2,90.51,93.12,95.85
FTV,Fortive,Industrials,Industrial Machinery & Supplies & Components,49.16,62.58,45.4,49.36,49.17,49.31,48.67,49.9,50.55,52.74
FOXA,Fox Corporation (Class A),Communication Services,Broadcasting,61.11,65.3,41.24,59.83,58.87,59.5,59.73,57.6,56.75,54.97
FOX,Fox Corporation (Class B),Communication Services,Broadcasting,54.53,59.29,37.86,53.51,52.69,53.33,53.95,52.39,51.76,50.57
BEN,Franklin Resources,Financials,Asset Management & Custody Banks,23.32,25.72,15.81,22.96,22.73,22.94,23.75,23.74,23.14,21.5
FCX,Freeport-McMoRan,Materials,Copper,41.17,48.78,27.35,41.13,41.37,41.14,42.35,42.53,41.71,39.83
GRMN,Garmin,Consumer Discretionary,Consumer Electronics,248.09,261.69,159.51,249.54,249.33,252.11,242.75,230.26,223.68,217.84
IT,Gartner,Information Technology,IT Consulting & Other Services,252.7,584.01,223.65,252.09,246.68,247.7,249.06,301.38,328.58,380.98
GE,GE Aerospace,Industrials,Aerospace & Defense,309.79,316.67,158.62,306.16,304.02,301.42,290.49,274.18,265.1,239.0
GEHC,GE HealthCare,Health Care,Health Care Equipment,79.4,94.66,57.57,77.84,76.13,75.26,74.96,74.37,73.66,76.21
GEV,GE Vernova,Industrials,Heavy Electrical Equipment,570.98,677.01,251.84,582.18,590.75,603.93,609.38,587.28,558.09,476.74
GEN,Gen Digital,Information Technology,Systems Software,26.71,32.09,22.55,27.03,26.93,27.13,28.65,29.22,28.95,28.01
GNRC,Generac,Industrials,Electrical Components & Equipment,190.15,203.25,99.5,188.93,190.77,180.68,181.38,169.36,160.15,150.23
GD,General Dynamics,Industrials,Aerospace & Defense,346.68,360.5,235.63,346.19,340.26,339.97,329.68,313.48,305.3,287.94
GIS,General Mills,Consumer Staples,Packaged Foods & Meats,48.05,65.95,47.27,48.17,48.21,48.76,49.03,49.7,50.36,53.0
GM,General Motors,Consumer Discretionary,Automobile Manufacturers,69.87,70.19,41.36,68.61,64.12,60.9,59.54,55.58,54.06,51.66
GPC,Genuine Parts Company,Consumer Discretionary,Distributors,131.66,143.1,102.41,132.03,132.69,134.03,136.64,131.5,129.6,124.82
GILD,Gilead Sciences,Health Care,Biotechnology,117.88,124.61,83.59,120.3,120.76,118.06,115.33,113.3,111.32,108.24
GPN,Global Payments,Financials,Transaction & Payment Processing Services,85.63,118.69,65.53,86.59,86.28,86.34,86.36,83.43,82.32,87.74
GL,Globe Life,Financials,Life & Health Insurance,134.37,147.54,99.43,134.86,135.22,136.21,139.27,133.12,130.57,127.51
GDDY,GoDaddy,Information Technology,Internet Services & Infrastructure,130.85,216.0,127.65,131.69,131.06,132.43,140.05,153.5,159.62,169.53
GS,Goldman Sachs,Financials,Investment Banking & Brokerage,792.09,825.25,434.87,772.27,766.04,774.01,768.98,729.87,701.21,652.89
HAL,Halliburton,Energy,Oil & Gas Equipment & Services,26.62,31.66,18.43,26.7,24.78,24.21,23.24,22.35,21.87,22.8
HIG,Hartford (The),Financials,Property & Casualty Insurance,122.69,135.17,103.64,124.58,124.9,128.33,130.53,127.59,127.59,122.85
HAS,Hasbro,Consumer Discretionary,Leisure Products,77.94,82.19,48.07,77.17,75.88,75.07,76.86,75.5,73.2,67.5
HCA,HCA Healthcare,Health Care,Health Care Facilities,466.46,469.18,288.25,452.54,439.39,431.83,417.32,393.91,389.18,365.29
DOC,Healthpeak Properties,Real Estate,Health Care REITs,18.03,21.81,16.17,18.6,18.56,18.61,18.23,17.74,17.55,18.07
HSIC,Henry Schein,Health Care,Health Care Distributors,63.21,82.49,60.56,63.54,63.41,64.13,66.53,68.59,68.88,69.95
HSY,Hershey Company (The),Consumer Staples,Packaged Foods & Meats,180.25,202.98,136.73,181.37,184.53,188.34,186.8,180.32,176.28,170.57
HPE,Hewlett Packard Enterprise,Information Technology,"Technology Hardware, Storage & Peripherals",24.25,26.44,11.82,23.64,23.49,24.25,23.83,21.83,20.9,19.81
HLT,Hilton Worldwide,Consumer Discretionary,"Hotels, Resorts & Cruise Lines",260.9,279.81,195.81,267.52,264.74,262.59,267.64,265.93,262.26,253.8
HOLX,Hologic,Health Care,Health Care Equipment,74.01,84.39,51.9,73.95,72.1,69.77,67.92,66.79,65.01,64.5
HD,Home Depot (The),Consumer Discretionary,Home Improvement Retail,385.75,429.19,322.47,386.34,387.91,387.33,401.51,385.37,381.29,378.64
HON,Honeywell,Industrials,Industrial Conglomerates,214.41,240.47,177.52,214.58,209.66,208.57,211.91,219.08,219.08,214.63
HRL,Hormel Foods,Consumer Staples,Packaged Foods & Meats,23.65,32.43,23.06,23.83,23.86,23.86,24.89,27.04,27.47,28.0
HST,Host Hotels & Resorts,Real Estate,Hotel & Resort REITs,16.31,18.32,11.93,16.57,16.5,16.5,16.83,16.25,15.96,15.57
HWM,Howmet Aerospace,Industrials,Aerospace & Defense,201.04,205.26,98.55,198.54,195.6,193.04,186.62,183.15,179.13,159.94
HPQ,HP Inc.,Information Technology,"Technology Hardware, Storage & Peripherals",28.07,38.25,20.76,27.83,27.81,27.33,27.59,26.28,26.3,27.2
HUBB,Hubbell Incorporated,Industrials,Industrial Machinery & Supplies & Components,455.34,475.24,297.55,435.92,433.51,426.06,431.55,423.3,413.96,396.81
HUM,Humana,Health Care,Managed Health Care,294.8,314.25,206.15,291.36,284.05,280.98,281.03,261.64,256.95,261.18
HBAN,Huntington Bancshares,Financials,Regional Banks,15.54,17.93,11.7,15.8,15.78,16.16,16.89,16.63,16.36,15.87
HII,Huntington Ingalls Industries,Industrials,Aerospace & Defense,299.14,309.0,155.93,294.89,289.54,288.08,278.81,264.63,256.75,232.92
IBM,IBM,Information Technology,IT Consulting & Other Services,312.57,319.34,197.92,301.13,290.93,288.15,269.03,269.72,267.03,257.14
IEX,IDEX Corporation,Industrials,Industrial Machinery & Supplies & Components,166.95,234.67,151.55,167.44,166.77,165.51,163.52,168.94,171.48,177.6
IDXX,Idexx Laboratories,Health Care,Health Care Equipment,634.36,688.12,356.14,639.0,638.74,633.63,638.34,599.36,580.39,523.44
ITW,Illinois Tool Works,Industrials,Industrial Machinery & Supplies & Components,245.87,273.07,212.05,249.97,250.32,251.84,257.79,254.89,252.33,250.42
INCY,Incyte,Health Care,Biotechnology,91.65,93.97,53.56,90.68,88.99,87.44,85.95,79.1,75.96,72.46
IR,Ingersoll Rand,Industrials,Industrial Machinery & Supplies & Components,78.85,105.95,65.58,79.47,78.51,79.52,79.9,81.57,81.46,82.02
PODD,Insulet Corporation,Health Care,Health Care Equipment,324.34,353.5,226.5,324.75,322.69,318.13,327.34,313.19,311.83,294.74
INTC,Intel,Information Technology,Semiconductors,41.53,42.47,17.67,38.89,38.16,37.5,31.03,26.42,25.28,23.89
ICE,Intercontinental Exchange,Financials,Financial Exchanges & Data,157.27,188.82,141.12,157.83,156.57,158.31,167.37,174.36,174.53,170.28
IFF,International Flavors & Fragrances,Materials,Specialty Chemicals,64.88,100.88,59.14,65.33,64.46,62.73,63.71,68.23,69.7,73.18
IP,International Paper,Materials,Paper & Plastic Packaging Products & Materials,47.13,58.71,42.44,48.25,47.7,47.0,47.16,47.9,47.64,49.13
IPG,Interpublic Group of Companies (The),Communication Services,Advertising,26.35,31.81,21.93,27.17,26.92,26.77,26.58,25.48,25.19,25.39
INTU,Intuit,Information Technology,Application Software,678.93,812.22,530.03,678.78,669.48,665.71,670.45,715.68,710.0,666.53
ISRG,Intuitive Surgical,Health Care,Health Care Equipment,545.39,616.0,425.0,544.3,495.91,468.83,460.93,484.7,497.48,512.31
IVZ,Invesco,Financials,Asset Management & Custody Banks,23.96,24.75,11.33,23.18,23.09,23.35,22.58,20.27,19.12,17.8
INVH,Invitation Homes,Real Estate,Single-Family Residential REITs,28.19,35.13,27.71,28.75,28.64,28.5,29.31,30.49,31.07,31.37
IQV,IQVIA,Health Care,Life Sciences Tools & Services,218.13,225.91,134.65,218.77,213.8,208.45,195.45,183.16,175.56,177.89
IRM,Iron Mountain,Real Estate,Other Specialized REITs,104.05,126.21,71.19,104.72,105.0,104.52,99.2,98.33,97.93,95.1
JBHT,J.B. Hunt,Industrials,Cargo Ground Transportation,166.56,198.61,122.01,166.94,164.24,151.63,144.49,144.86,143.74,147.61
JBL,Jabil,Information Technology,Electronic Manufacturing Services,214.52,237.14,108.57,208.7,207.46,205.89,210.2,211.9,202.14,182.04
JKHY,Jack Henry & Associates,Financials,Transaction & Payment Processing Services,154.3,194.68,144.12,155.83,155.15,152.21,155.8,165.08,167.8,169.72
J,Jacobs Solutions,Industrials,Construction & Engineering,158.31,168.44,104.68,159.47,159.65,157.19,151.07,143.78,139.98,134.2
JNJ,Johnson & Johnson,Health Care,Pharmaceuticals,186.93,194.48,137.37,190.61,191.51,190.31,182.66,171.62,167.56,162.49
JCI,Johnson Controls,Industrials,Building Products,112.21,114.6,67.78,111.46,110.81,109.41,108.12,106.82,104.67,95.7
JPM,JPMorgan Chase,Financials,Diversified Banks,305.36,316.47,200.22,299.72,299.98,303.05,302.82,293.59,286.44,271.48
K,Kellanova,Consumer Staples,Packaged Foods & Meats,83.09,83.14,76.48,83.06,83.01,82.89,80.56,79.92,80.19,80.43
KVUE,Kenvue,Consumer Staples,Personal Care Products,14.51,24.71,14.05,14.97,15.04,15.58,17.66,19.51,20.26,20.89
KDP,Keurig Dr Pepper,Consumer Staples,Soft Drinks & Non-alcoholic Beverages,28.85,35.62,25.03,28.04,27.83,26.82,27.76,30.46,30.96,31.56
KEY,KeyCorp,Financials,Regional Banks,17.59,19.41,12.43,17.6,17.44,17.8,18.43,17.92,17.45,16.81
KEYS,Keysight Technologies,Information Technology,Electronic Equipment & Instruments,170.04,186.2,121.43,168.07,166.19,167.89,168.87,166.19,164.57,161.99
KMB,Kimberly-Clark,Consumer Staples,Household Products,120.66,147.59,117.49,119.84,120.1,120.52,124.55,126.89,128.49,130.14
KIM,Kimco Realty,Real Estate,Retail REITs,21.79,24.7,17.52,22.23,22.05,21.67,21.88,21.46,21.28,21.07
KMI,Kinder Morgan,Energy,Oil & Gas Storage & Transportation,26.08,30.49,23.22,26.38,26.91,27.37,27.26,27.37,27.37,27.14
KKR,KKR & Co.,Financials,Asset Management & Custody Banks,120.61,169.7,85.9,121.67,121.17,122.81,133.19,135.44,132.45,130.6
KLAC,KLA Corporation,Information Technology,Semiconductor Materials & Equipment,1206.04,1221.2,548.81,1175.46,1147.01,1110.69,1016.46,957.69,916.81,836.48
KHC,Kraft Heinz,Consumer Staples,Packaged Foods & Meats,25.52,33.29,24.8,25.48,25.45,25.47,26.18,26.42,26.48,27.33
KR,Kroger,Consumer Staples,Food Retail,67.69,74.52,54.49,68.02,68.38,67.72,67.68,68.89,68.84,67.25
LHX,L3Harris,Industrials,Aerospace & Defense,287.38,308.12,190.25,290.79,289.47,294.19,285.66,272.82,263.98,243.24
LH,Labcorp,Health Care,Health Care Services,259.69,293.72,208.23,276.34,280.91,279.44,278.24,268.58,264.08,254.08
LRCX,Lam Research,Information Technology,Semiconductor Materials & Equipment,155.62,158.25,56.07,150.6,147.07,144.34,125.39,111.28,105.14,93.96
LW,Lamb Weston,Consumer Staples,Packaged Foods & Meats,65.57,82.35,47.25,65.69,65.27,64.34,59.39,56.4,55.59,55.21
LVS,Las Vegas Sands,Consumer Discretionary,Casinos & Gaming,58.2,59.66,29.84,56.55,52.98,52.2,53.51,50.76,48.69,45.6
LDOS,Leidos,Industrials,Diversified Support Services,187.81,200.78,122.65,189.35,188.59,190.73,185.78,173.31,168.95,157.5
LEN,Lennar,Consumer Discretionary,Homebuilding,128.22,171.44,97.13,127.8,126.42,124.63,128.98,121.38,118.59,118.39
LII,Lennox International,Industrials,Building Products,501.16,687.72,485.47,497.54,514.53,527.19,542.66,566.74,567.84,573.7
LLY,Lilly (Eli),Health Care,Pharmaceuticals,820.1,931.67,622.41,821.09,816.27,825.14,772.44,766.77,763.15,785.57
LIN,Linde plc,Materials,Industrial Gases,442.72,484.83,406.06,446.71,448.17,455.97,468.38,467.75,465.3,459.02
LYV,Live Nation Entertainment,Communication Services,Movies & Entertainment,151.07,175.25,112.88,153.32,154.27,154.41,161.36,155.35,152.32,145.77
LKQ,LKQ Corporation,Consumer Discretionary,Distributors,30.96,43.77,28.42,30.84,30.45,30.28,30.99,32.99,34.4,36.26
LMT,Lockheed Martin,Industrials,Aerospace & Defense,485.77,560.66,407.14,486.66,491.65,499.02,478.58,463.33,463.89,459.44
L,Loews Corporation,Financials,Multi-line Insurance,98.37,103.52,74.95,99.69,99.44,100.67,98.56,94.88,93.55,90.61
LOW,Lowe's,Consumer Discretionary,Home Improvement Retail,244.07,275.13,203.22,243.57,242.87,241.0,253.01,239.27,236.36,235.97
LULU,Lululemon Athletica,Consumer Discretionary,"Apparel, Accessories & Luxury Goods",179.98,423.32,159.25,179.38,174.98,174.16,179.1,201.56,222.83,265.35
LYB,LyondellBasell,Materials,Specialty Chemicals,47.61,81.82,44.87,47.26,46.59,47.26,51.04,54.24,54.37,59.05
MTB,M&T Bank,Financials,Regional Banks,181.41,219.44,148.52,182.55,182.09,185.63,193.15,191.64,188.99,185.26
MPC,Marathon Petroleum,Energy,Oil & Gas Refining & Marketing,192.21,201.61,113.82,193.83,188.78,188.71,184.45,176.33,172.01,160.64
MKTX,MarketAxess,Financials,Financial Exchanges & Data,163.38,292.5,161.61,168.97,170.26,170.77,178.31,194.57,199.4,203.11
MAR,Marriott International,Consumer Discretionary,"Hotels, Resorts & Cruise Lines",265.45,305.27,204.35,269.95,266.43,266.24,265.88,267.05,265.85,262.75
MMC,Marsh McLennan,Financials,Insurance Brokers,182.82,245.83,182.74,186.88,189.32,196.48,199.76,204.83,209.27,215.43
MLM,Martin Marietta Materials,Materials,Construction Materials,616.84,665.18,440.72,619.35,624.46,629.55,620.53,594.29,584.97,553.4
MAS,Masco,Industrials,Building Products,68.43,81.95,56.02,68.67,68.57,68.5,71.23,68.71,67.6,68.76
MA,Mastercard,Financials,Transaction & Payment Processing Services,565.93,600.98,463.61,571.42,566.91,569.02,578.05,570.82,571.06,558.62
MTCH,Match Group,Communication Services,Interactive Media & Services,32.68,38.99,26.09,32.81,32.77,32.99,35.46,34.2,33.24,32.5
MKC,McCormick & Company,Consumer Staples,Packaged Foods & Meats,66.01,84.63,63.22,67.19,67.0,66.72,67.42,69.66,70.32,72.72
MCD,McDonald's,Consumer Discretionary,Restaurants,306.4,322.65,271.85,307.85,307.32,302.84,306.06,301.56,303.4,301.83
MCK,McKesson Corporation,Health Care,Health Care Distributors,804.59,812.69,490.22,801.26,793.48,775.83,734.08,720.77,718.26,688.72
MDT,Medtronic,Health Care,Health Care Equipment,93.23,99.37,77.57,94.23,94.9,95.79,94.37,91.79,90.1,89.11
MRK,Merck & Co.,Health Care,Pharmaceuticals,87.03,102.69,71.87,87.46,86.41,86.98,84.27,82.3,81.1,83.4
META,Meta Platforms,Communication Services,Interactive Media & Services,751.44,795.71,479.11,741.61,732.0,724.24,741.8,733.39,713.31,676.54
MET,MetLife,Financials,Life & Health Insurance,78.75,87.17,64.24,78.61,78.87,80.35,80.33,78.87,78.7,78.94
MTD,Mettler Toledo,Health Care,Life Sciences Tools & Services,1404.58,1454.68,946.69,1415.56,1383.35,1344.49,1301.18,1259.53,1234.56,1227.91
MGM,MGM Resorts,Consumer Discretionary,Casinos & Gaming,31.95,42.54,25.3,32.68,32.36,32.71,34.98,35.38,34.78,33.93
MCHP,Microchip Technology,Information Technology,Semiconductors,63.64,77.17,33.63,64.19,65.12,65.09,65.2,67.15,65.01,59.69
MU,Micron Technology,Information Technology,Semiconductors,221.91,224.98,61.44,213.24,207.21,197.63,163.36,140.51,130.99,115.45
MSFT,Microsoft,Information Technology,Systems Software,542.07,554.54,343.59,527.66,521.14,520.13,512.48,507.23,495.71,458.54
MAA,Mid-America Apartment Communities,Real Estate,Multi-Family Residential REITs,130.71,168.08,130.53,133.3,132.89,133.52,137.66,141.38,144.21,147.91
MRNA,Moderna,Health Care,Biotechnology,25.35,57.69,23.15,26.37,26.74,27.1,25.94,27.57,27.26,29.15
MHK,Mohawk Industries,Consumer Discretionary,Home Furnishings,118.76,148.57,96.24,123.01,125.66,124.85,129.06,120.66,117.34,116.68
MOH,Molina Healthcare,Health Care,Managed Health Care,162.84,359.97,151.95,168.9,181.24,189.59,183.68,202.85,224.78,257.02
TAP,Molson Coors Beverage Company,Consumer Staples,Brewers,45.23,63.47,43.8,45.63,46.2,46.14,47.5,48.46,49.57,52.36
MDLZ,Mondelez International,Consumer Staples,Packaged Foods & Meats,60.21,70.58,52.78,61.12,61.59,61.77,61.9,63.93,64.23,63.41
MPWR,Monolithic Power Systems,Information Technology,Semiconductors,1086.36,1112.06,437.16,1067.7,1043.82,996.58,916.79,830.42,798.71,724.94
MNST,Monster Beverage,Consumer Staples,Soft Drinks & Non-alcoholic Beverages,69.32,70.72,45.7,69.66,69.6,68.83,65.92,63.79,63.47,59.89
MCO,Moody's Corporation,Financials,Financial Exchanges & Data,490.76,528.95,377.3,485.75,480.62,482.34,492.69,495.68,491.74,482.45
MS,Morgan Stanley,Financials,Investment Banking & Brokerage,165.21,167.13,92.93,162.5,161.51,158.66,155.43,147.32,142.93,135.03
MOS,Mosaic Company (The),Materials,Fertilizers & Agricultural Chemicals,29.38,37.97,21.99,29.64,29.55,31.45,32.65,33.86,33.86,30.99
MSI,Motorola Solutions,Information Technology,Communications Equipment,440.21,502.83,387.0,442.97,443.26,449.96,461.59,443.68,438.15,437.3
MSCI,MSCI Inc.,Financials,Financial Exchanges & Data,593.76,636.39,483.67,551.85,545.34,551.75,561.45,560.69,560.51,561.91
NDAQ,"Nasdaq, Inc.",Financials,Financial Exchanges & Data,87.96,97.36,64.46,88.28,88.68,88.72,90.88,90.75,88.74,84.17
NTAP,NetApp,Information Technology,"Technology Hardware, Storage & Peripherals",115.91,132.76,71.18,116.86,118.06,118.53,118.24,111.43,108.61,105.8
NFLX,Netflix,Communication Services,Movies & Entertainment,1102.5,1341.15,747.77,1104.34,1158.79,1176.44,1202.08,1216.37,1208.79,1117.82
NEM,Newmont,Materials,Gold,79.34,98.58,36.35,83.45,88.11,87.72,81.41,71.13,67.36,59.36
NWSA,News Corp (Class A),Communication Services,Publishing,26.68,31.61,23.3,26.48,26.37,26.85,28.64,28.82,28.65,28.16
NWS,News Corp (Class B),Communication Services,Publishing,31.17,35.47,26.17,30.46,30.11,30.48,32.33,32.86,32.76,32.16
NEE,NextEra Energy,Utilities,Multi-Utilities,83.57,87.53,60.75,84.02,84.42,83.32,77.0,74.62,73.47,71.52
NKE,"Nike, Inc.",Consumer Discretionary,"Apparel, Accessories & Luxury Goods",67.43,81.06,51.67,68.78,68.25,69.04,71.92,71.33,69.09,68.72
NI,NiSource,Utilities,Multi-Utilities,43.39,44.52,33.4,43.75,43.63,43.47,42.3,41.45,40.93,39.93
NDSN,Nordson Corporation,Industrials,Industrial Machinery & Supplies & Components,235.32,262.94,163.83,235.93,235.03,233.48,227.71,221.66,217.12,211.71
NSC,Norfolk Southern,Industrials,Rail Transportation,280.4,302.24,199.43,283.0,286.39,290.81,285.84,275.99,268.07,255.62
NTRS,Northern Trust,Financials,Asset Management & Custody Banks,127.34,135.48,80.54,125.96,126.64,128.47,129.3,125.9,121.31,113.41
NOC,Northrop Grumman,Industrials,Aerospace & Defense,595.05,640.9,420.66,599.76,600.26,610.25,594.42,562.93,545.53,521.24
NCLH,Norwegian Cruise Line Holdings,Consumer Discretionary,"Hotels, Resorts & Cruise Lines",22.35,29.29,14.21,23.29,23.3,23.51,24.5,23.3,22.25,22.13
NRG,NRG Energy,Utilities,Independent Power Producers & Energy Traders,172.76,175.96,79.04,167.99,168.05,166.66,160.24,157.55,155.11,134.38
NUE,Nucor,Materials,Steel,151.99,167.56,96.79,141.99,138.83,137.86,140.18,137.6,133.05,129.5
NVDA,Nvidia,Information Technology,Semiconductors,201.03,203.15,86.61,188.24,184.99,185.87,180.19,172.26,163.68,147.15
NVR,"NVR, Inc.",Consumer Discretionary,Homebuilding,7461.33,9527.85,6562.85,7541.43,7607.05,7720.72,7991.27,7789.88,7663.25,7580.53
NXPI,NXP Semiconductors,Information Technology,Semiconductors,212.96,251.87,146.73,218.31,218.27,220.02,224.09,221.45,216.51,210.65
ORLY,O’Reilly Automotive,Consumer Discretionary,Automotive Retail,96.3,108.72,76.22,97.77,99.6,101.26,103.32,98.94,97.41,94.25
OXY,Occidental Petroleum,Energy,Oil & Gas Exploration & Production,40.83,52.36,34.4,42.06,41.61,43.0,44.95,44.41,43.76,44.47
ODFL,Old Dominion,Industrials,Cargo Ground Transportation,136.09,231.78,133.69,137.16,138.21,138.97,143.8,151.34,153.57,161.06
OMC,Omnicom Group,Communication Services,Advertising,76.92,103.32,67.76,79.34,78.76,78.33,77.75,74.99,74.68,76.34
ON,ON Semiconductor,Information Technology,Semiconductors,51.8,76.06,31.04,51.78,52.47,50.79,50.17,52.28,50.46,48.67
OKE,Oneok,Energy,Oil & Gas Storage & Transportation,69.1,113.92,66.56,69.27,68.81,70.17,72.17,75.72,76.84,82.79
ORCL,Oracle Corporation,Information Technology,Application Software,280.83,345.12,117.98,279.66,285.85,289.04,275.91,252.65,233.72,203.72
OTIS,Otis Worldwide,Industrials,Industrial Machinery & Supplies & Components,91.3,105.86,83.85,91.94,91.73,91.26,89.56,91.54,92.44,94.08
PCAR,Paccar,Industrials,Construction Machinery & Heavy Transportation Equipment,99.17,114.66,84.08,99.91,98.2,97.22,98.55,97.34,96.44,97.94
PKG,Packaging Corporation of America,Materials,Paper & Plastic Packaging Products & Materials,206.16,244.78,170.61,207.92,207.19,209.52,211.28,203.48,200.25,200.8
PLTR,Palantir Technologies,Information Technology,Application Software,189.6,192.83,40.9,183.88,181.84,181.33,172.31,161.95,154.27,130.51
PANW,Palo Alto Networks,Information Technology,Systems Software,221.38,223.61,144.15,217.24,213.25,212.09,202.29,196.89,195.56,190.18
PSKY,Paramount Skydance Corporation,Communication Services,Movies & Entertainment,16.21,20.86,9.92,16.51,16.71,17.46,16.99,14.76,14.16,13.02
PH,Parker Hannifin,Industrials,Industrial Machinery & Supplies & Components,767.01,780.0,485.92,764.16,751.62,749.04,752.14,728.31,713.47,681.89
PAYX,Paychex,Industrials,Human Resource & Employment Services,124.05,160.03,119.02,125.0,125.97,125.83,130.8,137.73,140.8,142.37
PAYC,Paycom,Industrials,Human Resource & Employment Services,198.5,267.33,162.7,200.17,200.95,201.26,213.54,222.76,228.62,222.41
PYPL,PayPal,Financials,Transaction & Payment Processing Services,73.02,93.66,55.85,70.15,69.15,70.1,69.01,70.76,70.77,71.55
PNR,Pentair,Industrials,Industrial Machinery & Supplies & Components,108.87,113.69,73.68,109.45,109.22,109.78,109.27,105.95,104.09,99.25
PEP,PepsiCo,Consumer Staples,Soft Drinks & Non-alcoholic Beverages,150.12,167.52,125.14,151.77,152.32,148.26,145.72,141.04,138.55,140.41
PFE,Pfizer,Health Care,Pharmaceuticals,24.5,27.69,20.18,24.68,24.61,25.27,24.86,24.58,24.2,24.22
PCG,PG&E Corporation,Utilities,Multi-Utilities,16.12,21.59,12.95,16.37,16.49,16.27,15.53,14.83,15.26,15.68
PM,Philip Morris International,Consumer Staples,Tobacco,149.81,183.57,113.18,155.04,155.7,156.27,160.73,166.66,167.6,159.26
PSX,Phillips 66,Energy,Oil & Gas Refining & Marketing,133.66,142.35,89.26,134.25,131.74,131.75,131.75,127.04,124.18,120.91
PNW,Pinnacle West Capital,Utilities,Multi-Utilities,90.68,94.64,79.08,91.96,92.46,91.76,89.78,89.91,90.0,89.61
PNC,PNC Financial Services,Financials,Diversified Banks,182.84,208.54,141.09,183.46,182.15,186.58,195.1,190.79,186.54,182.15
POOL,Pool Corporation,Consumer Discretionary,Distributors,286.95,391.14,281.15,294.43,293.97,297.7,309.72,306.65,306.2,314.0
PPG,PPG Industries,Materials,Specialty Chemicals,105.31,127.64,89.08,103.98,102.86,102.29,106.58,109.13,109.35,109.55
PPL,PPL Corporation,Utilities,Electric Utilities,36.91,38.27,30.49,37.37,37.47,37.29,36.6,35.68,35.42,34.82
PFG,Principal Financial Group,Financials,Life & Health Insurance,82.2,87.76,67.06,79.99,79.62,81.02,80.81,79.24,78.79,78.95
PG,Procter & Gamble,Consumer Staples,Personal Care Products,151.37,176.43,145.95,151.58,150.47,150.11,153.46,154.5,155.8,158.86
PGR,Progressive Corporation,Financials,Property & Casualty Insurance,211.91,292.65,211.54,218.16,220.56,231.37,239.75,246.5,253.59,258.06
PLD,Prologis,Real Estate,Industrial REITs,125.72,127.5,83.8,126.19,125.21,120.24,115.46,110.76,109.68,109.66
PRU,Prudential Financial,Financials,Life & Health Insurance,101.45,125.75,88.12,101.94,101.67,102.11,104.42,104.0,103.64,104.89
PEG,Public Service Enterprise Group,Utilities,Electric Utilities,81.27,92.35,73.5,82.87,83.61,82.63,82.2,82.87,81.91,81.6
PTC,PTC Inc.,Information Technology,Application Software,202.46,219.69,133.38,203.65,203.63,202.93,206.3,198.21,192.03,181.58
PSA,Public Storage,Real Estate,Self-Storage REITs,298.04,342.02,251.43,303.56,305.32,299.71,291.74,288.71,290.25,289.76
PHM,PulteGroup,Consumer Discretionary,Homebuilding,120.74,141.88,87.74,120.53,122.22,125.43,129.88,120.9,116.92,112.34
PWR,Quanta Services,Industrials,Construction & Engineering,439.57,447.17,226.97,432.38,434.84,430.7,403.56,393.12,382.04,343.93
QCOM,Qualcomm,Information Technology,Semiconductors,181.03,205.95,119.4,175.39,170.33,167.62,164.18,159.44,156.69,156.0
DGX,Quest Diagnostics,Health Care,Health Care Services,178.28,197.55,146.3,181.02,184.38,182.97,182.44,177.96,177.01,172.26
RL,Ralph Lauren Corporation,Consumer Discretionary,"Apparel, Accessories & Luxury Goods",331.2,341.9,175.49,334.57,331.02,325.71,313.05,298.19,291.33,270.41
RJF,Raymond James Financial,Financials,Investment Banking & Brokerage,159.69,177.15,116.85,162.99,163.11,163.78,166.81,162.24,159.02,154.8
RTX,RTX Corporation,Industrials,Aerospace & Defense,178.67,181.31,111.21,178.8,169.97,167.25,161.95,155.45,150.79,141.46
O,Realty Income,Real Estate,Retail REITs,59.21,60.9,49.31,60.02,59.95,59.67,59.25,57.9,57.29,56.05
REG,Regency Centers,Real Estate,Retail REITs,71.54,75.93,62.21,72.49,72.32,71.89,71.61,70.92,70.91,70.8
REGN,Regeneron Pharmaceuticals,Health Care,Biotechnology,654.48,939.8,475.77,595.63,585.79,582.76,578.02,560.82,561.46,595.81
RF,Regions Financial Corporation,Financials,Regional Banks,24.27,27.61,17.36,24.26,24.14,24.81,25.96,25.03,24.25,23.3
RSG,Republic Services,Industrials,Environmental & Facilities Services,217.73,257.43,195.57,221.65,220.84,222.37,226.83,233.78,236.87,234.04
RMD,ResMed,Health Care,Health Care Equipment,256.57,293.81,199.07,261.4,265.44,271.02,274.28,269.29,264.44,250.86
RVTY,Revvity,Health Care,Health Care Equipment,96.45,129.14,81.3,97.15,95.74,93.62,89.58,92.04,92.03,98.65
ROK,Rockwell Automation,Industrials,Electrical Components & Equipment,361.98,364.54,213.27,357.49,354.22,349.51,346.6,342.22,333.19,307.4
ROL,"Rollins, Inc.",Industrials,Environmental & Facilities Services,56.05,59.12,44.94,56.47,56.19,56.9,56.88,56.77,56.75,54.76
ROP,Roper Technologies,Information Technology,Electronic Equipment & Instruments,456.16,592.47,455.71,477.52,491.23,499.87,509.28,531.12,538.76,547.37
ROST,Ross Stores,Consumer Discretionary,Apparel Retail,160.7,161.95,121.69,158.18,157.33,154.88,151.07,143.21,143.42,140.98
RCL,Royal Caribbean Group,Consumer Discretionary,"Hotels, Resorts & Cruise Lines",292.95,365.38,163.05,312.9,309.41,310.82,327.37,319.6,304.6,274.59
SPGI,S&P Global,Financials,Financial Exchanges & Data,493.68,578.04,425.6,488.44,483.17,482.58,511.81,520.72,518.75,511.54
CRM,Salesforce,Information Technology,Application Software,254.26,366.78,226.09,255.25,251.96,246.8,246.57,253.15,257.78,270.96
SBAC,SBA Communications,Real Estate,Telecom Tower REITs,193.4,242.78,185.45,196.57,196.64,193.13,198.86,213.34,216.92,214.9
SLB,Schlumberger,Energy,Oil & Gas Equipment & Services,35.86,43.66,30.61,35.75,34.38,34.0,34.64,34.47,34.32,36.01
STX,Seagate Technology,Information Technology,"Technology Hardware, Storage & Peripherals",223.0,264.83,62.66,225.78,222.87,227.62,206.88,175.51,161.8,134.35
SRE,Sempra,Utilities,Multi-Utilities,92.55,95.72,60.93,92.47,92.21,91.81,86.39,81.68,80.44,77.93
NOW,ServiceNow,Information Technology,Systems Software,937.91,1198.09,678.66,937.84,924.94,917.86,918.94,942.03,955.07,940.52
SHW,Sherwin-Williams,Materials,Specialty Chemicals,354.45,397.81,307.5,338.02,335.47,336.57,349.66,347.82,349.35,348.11
SPG,Simon Property Group,Real Estate,Retail REITs,176.77,188.43,132.99,178.67,178.37,179.12,179.42,170.5,167.97,166.26
SWKS,Skyworks Solutions,Information Technology,Semiconductors,80.26,94.69,47.01,75.98,75.64,75.18,75.71,74.0,72.96,71.22
SJM,J.M. Smucker Company (The),Consumer Staples,Packaged Foods & Meats,104.84,121.73,92.38,103.82,104.19,105.07,107.64,105.72,106.78,107.14
SW,Smurfit Westrock,Materials,Paper & Plastic Packaging Products & Materials,43.09,55.46,36.31,43.05,42.45,42.14,43.68,44.06,43.82,45.03
SNA,Snap-on,Industrials,Industrial Machinery & Supplies & Components,342.7,366.68,286.03,344.51,342.57,340.61,335.34,326.6,324.86,326.47
SOLV,Solventum,Health Care,Health Care Technology,70.92,85.92,60.7,71.87,72.03,72.25,72.59,73.27,72.93,72.94
SO,Southern Company,Utilities,Electric Utilities,93.91,100.84,78.5,95.76,96.95,96.65,94.33,93.09,92.13,89.97
LUV,Southwest Airlines,Industrials,Passenger Airlines,31.09,37.75,23.55,32.19,33.04,32.66,32.3,32.5,32.26,31.3
SWK,Stanley Black & Decker,Industrials,Industrial Machinery & Supplies & Components,71.88,99.95,52.62,70.76,69.72,70.31,73.5,71.16,69.81,72.1
SBUX,Starbucks,Consumer Discretionary,Restaurants,85.43,115.87,74.48,85.94,85.27,83.65,84.85,88.48,87.57,91.3
STT,State Street Corporation,Financials,Asset Management & Custody Banks,118.68,118.98,71.77,115.93,115.03,115.18,113.64,109.78,106.63,100.39
STLD,Steel Dynamics,Materials,Steel,161.07,163.1,102.41,154.26,150.29,147.29,138.88,133.93,133.32,130.02
STE,Steris,Health Care,Health Care Equipment,241.2,253.0,199.47,241.42,240.86,240.39,244.48,239.25,238.77,231.81
SYK,Stryker Corporation,Health Care,Health Care Equipment,375.93,403.95,327.71,382.57,378.73,373.44,379.11,382.41,382.25,378.81
SMCI,Supermicro,Information Technology,"Technology Hardware, Storage & Peripherals",52.36,66.44,17.25,50.53,52.25,53.32,47.77,48.31,46.49,42.95
SYF,Synchrony Financial,Financials,Consumer Finance,74.72,77.41,40.15,74.15,73.11,71.88,73.62,70.64,67.98,63.95
SNPS,Synopsys,Information Technology,Application Software,456.83,651.73,365.74,459.36,453.29,461.13,503.43,532.09,523.39,502.38
SYY,Sysco,Consumer Staples,Food Distributors,75.89,83.13,66.22,77.61,78.59,79.38,80.08,78.55,77.03,74.91
TMUS,T-Mobile US,Communication Services,Wireless Telecommunication Services,219.99,274.51,206.21,221.17,224.74,226.49,237.83,236.69,237.73,242.05
TROW,T. Rowe Price,Financials,Asset Management & Custody Banks,104.96,119.7,75.88,103.73,103.97,104.1,104.79,102.27,100.17,98.82
TTWO,Take-Two Interactive,Communication Services,Interactive Home Entertainment,251.57,264.79,158.65,254.21,257.57,257.22,248.55,240.97,238.41,225.73
TPR,"Tapestry, Inc.",Consumer Discretionary,"Apparel, Accessories & Luxury Goods",113.11,118.56,45.93,114.6,115.65,115.02,109.66,103.11,98.11,88.67
TRGP,Targa Resources,Energy,Oil & Gas Storage & Transportation,152.54,215.2,144.14,154.31,151.99,156.32,161.86,164.67,163.95,173.73
TGT,Target Corporation,Consumer Staples,Consumer Staples Merchandise Retail,97.11,152.54,85.36,95.48,93.52,91.12,91.85,96.32,95.95,102.23
TEL,TE Connectivity,Information Technology,Electronic Manufacturing Services,236.54,239.75,115.38,234.42,229.62,225.32,216.38,199.5,191.02,173.05
TDY,Teledyne Technologies,Information Technology,Electronic Equipment & Instruments,525.45,595.99,419.0,533.28,550.08,564.97,558.42,542.91,532.38,515.89
TER,Teradyne,Information Technology,Semiconductor Materials & Equipment,144.38,150.71,65.6,144.01,142.11,141.92,129.08,112.26,105.7,103.28
TSLA,"Tesla, Inc.",Consumer Discretionary,Automobile Manufacturers,460.55,488.54,214.25,446.93,442.79,439.62,402.94,361.64,354.15,336.4
TXN,Texas Instruments,Information Technology,Semiconductors,166.91,220.1,137.77,169.67,173.61,175.97,184.32,191.93,189.25,184.08
TPL,Texas Pacific Land Corporation,Energy,Oil & Gas Exploration & Production,915.01,1759.83,844.11,927.31,930.35,933.09,922.94,963.31,1026.84,1137.03
TXT,Textron,Industrials,Aerospace & Defense,79.95,89.19,57.67,80.74,81.46,83.16,82.34,81.2,79.7,76.95
TMO,Thermo Fisher Scientific,Health Care,Life Sciences Tools & Services,557.63,609.27,385.11,566.6,553.84,543.33,506.58,471.12,458.42,478.54
TJX,TJX Companies,Consumer Discretionary,Apparel Retail,144.03,146.46,110.34,142.93,143.35,142.63,140.69,133.24,132.36,128.39
TKO,TKO Group Holdings,Communication Services,Movies & Entertainment,187.45,212.49,113.01,187.13,187.69,190.67,192.71,182.01,177.93,168.13
TTD,Trade Desk (The),Communication Services,Advertising,51.67,141.53,42.96,53.06,52.27,52.18,50.62,62.25,63.98,68.82
TSCO,Tractor Supply,Consumer Discretionary,Other Specialty Retail,55.49,63.75,46.46,55.86,55.56,55.24,57.97,56.94,55.62,54.74
TT,Trane Technologies,Industrials,Building Products,426.36,475.11,296.82,420.97,420.16,421.22,416.27,425.29,424.02,396.84
TDG,TransDigm Group,Industrials,Aerospace & Defense,1335.12,1519.36,1107.45,1342.61,1309.69,1299.57,1297.47,1351.08,1348.12,1312.89
TRV,Travelers Companies (The),Financials,Property & Casualty Insurance,268.13,287.95,227.43,269.19,267.36,272.82,273.8,267.66,267.85,260.64
TRMB,Trimble Inc.,Information Technology,Electronic Equipment & Instruments,80.5,87.5,52.91,80.57,79.51,79.3,80.32,79.76,77.73,74.3
TFC,Truist Financial,Financials,Diversified Banks,44.33,47.46,32.72,44.07,43.46,43.96,45.01,43.94,43.0,42.36
TYL,Tyler Technologies,Information Technology,Application Software,510.68,661.31,483.56,511.54,509.08,505.78,530.4,553.44,555.99,566.76
TSN,Tyson Foods,Consumer Staples,Packaged Foods & Meats,52.14,63.75,51.05,52.03,52.24,52.77,54.32,54.42,54.59,55.96
USB,U.S. Bancorp,Financials,Diversified Banks,47.27,51.66,34.43,47.7,47.1,47.13,47.8,46.32,45.51,44.43
UBER,Uber,Industrials,Passenger Ground Transportation,95.43,101.99,59.33,94.55,93.88,95.18,95.5,92.87,91.62,84.62
UDR,"UDR, Inc.",Real Estate,Multi-Family Residential REITs,35.04,44.96,34.95,36.04,36.13,36.04,37.06,38.29,38.78,39.68
ULTA,Ulta Beauty,Consumer Discretionary,Other Specialty Retail,518.79,572.23,309.01,520.62,526.2,540.81,532.14,510.54,492.14,447.81
UNP,Union Pacific Corporation,Industrials,Rail Transportation,217.59,252.32,202.16,219.54,222.73,227.26,224.61,224.98,223.96,226.99
UAL,United Airlines Holdings,Industrials,Passenger Airlines,94.94,116.0,52.0,97.0,98.78,98.17,101.49,93.69,90.44,88.75
UPS,United Parcel Service,Industrials,Air Freight & Logistics,96.36,132.01,82.0,89.38,87.8,86.45,85.75,90.42,91.31,97.84
URI,United Rentals,Industrials,Trading Companies & Distributors,875.67,1021.47,523.58,919.03,960.37,970.07,954.37,878.51,841.44,773.35
UNH,UnitedHealth Group,Health Care,Managed Health Care,367.84,617.34,233.13,363.65,362.25,360.89,340.07,313.45,315.88,385.07
UHS,Universal Health Services,Health Care,Health Care Facilities,219.32,226.72,152.16,212.61,209.09,206.41,195.72,184.35,185.06,183.09
VLO,Valero Energy,Energy,Oil & Gas Refining & Marketing,169.34,178.43,97.37,169.95,164.27,163.41,160.09,149.35,144.63,137.51
VTR,Ventas,Real Estate,Health Care REITs,70.05,72.02,55.47,70.48,70.32,69.49,68.51,66.58,66.03,65.31
VLTO,Veralto,Industrials,Environmental & Facilities Services,102.53,109.99,83.69,103.99,103.43,103.85,105.48,104.04,103.06,100.78
VRSN,Verisign,Information Technology,Internet Services & Infrastructure,240.37,309.71,174.64,247.44,256.09,262.25,272.62,276.09,276.41,260.7
VRSK,Verisk Analytics,Industrials,Research & Consulting Services,232.13,321.9,228.09,234.6,235.07,240.06,251.76,272.9,280.0,283.32
VZ,Verizon,Communication Services,Integrated Telecommunication Services,39.32,45.09,35.79,39.11,39.8,40.45,42.08,41.9,41.95,41.38
VRTX,Vertex Pharmaceuticals,Health Care,Biotechnology,422.39,519.88,362.5,422.6,419.17,414.23,400.19,421.99,426.88,445.59
VTRS,Viatris,Health Care,Pharmaceuticals,10.29,13.04,6.68,10.36,10.27,10.14,10.14,9.63,9.4,9.37
VICI,Vici Properties,Real Estate,Hotel & Resort REITs,30.36,33.54,26.86,31.04,31.05,31.42,32.11,32.2,31.91,31.24
V,Visa Inc.,Financials,Transaction & Payment Processing Services,346.9,374.85,278.82,346.68,344.8,346.35,344.85,347.38,349.36,344.85
VST,Vistra Corp.,Utilities,Electric Utilities,190.59,219.82,90.3,193.71,197.19,200.33,199.41,195.52,187.18,168.99
VMC,Vulcan Materials Company,Materials,Construction Materials,292.59,311.74,214.34,292.61,295.08,299.33,296.42,283.16,280.05,268.42
WRB,W. R. Berkley Corporation,Financials,Property & Casualty Insurance,72.61,78.48,55.38,74.63,74.57,75.89,74.09,72.3,72.33,68.87
GWW,W. W. Grainger,Industrials,Industrial Machinery & Supplies & Components,963.48,1219.65,889.92,968.45,965.23,960.14,981.28,1002.3,1015.9,1015.08
WAB,Wabtec,Industrials,Construction Machinery & Heavy Transportation Equipment,197.99,215.82,151.42,197.27,196.53,196.83,194.38,198.22,198.37,193.94
WBA,Walgreens Boots Alliance,Consumer Staples,Drug Retail,11.98,,,11.98,12.03,11.93,11.67,11.39,11.33,10.81
WMT,Walmart,Consumer Staples,Consumer Staples Merchandise Retail,103.17,109.58,79.43,105.56,106.43,104.59,102.39,99.93,99.44,96.94
DIS,Walt Disney Company (The),Communication Services,Movies & Entertainment,111.65,124.69,79.76,112.36,112.03,111.83,114.43,116.7,114.86,109.76
WBD,Warner Bros. Discovery,Communication Services,Broadcasting,20.99,21.57,7.49,20.99,19.85,19.11,16.77,14.23,13.23,11.99
WM,Waste Management,Industrials,Environmental & Facilities Services,204.23,240.84,197.25,213.05,213.8,216.09,218.94,224.06,225.71,224.65
WAT,Waters Corporation,Health Care,Life Sciences Tools & Services,345.95,423.56,275.05,352.31,345.58,336.52,313.52,315.97,322.98,341.7
WEC,WEC Energy Group,Utilities,Electric Utilities,115.22,118.19,89.63,116.21,116.54,115.43,111.71,108.79,108.14,105.94
WFC,Wells Fargo,Financials,Diversified Banks,86.9,87.47,57.76,85.73,85.32,82.89,82.19,80.47,79.14,76.47
WELL,Welltower,Real Estate,Health Care REITs,179.7,189.04,121.46,178.45,176.46,174.01,170.67,164.07,161.08,154.47
WST,West Pharmaceutical Services,Health Care,Health Care Supplies,283.49,348.05,187.09,290.49,280.75,273.78,260.84,245.64,238.86,243.87
WDC,Western Digital,Information Technology,"Technology Hardware, Storage & Peripherals",124.92,137.4,28.74,125.44,124.27,123.47,106.04,86.4,78.93,65.95
WY,Weyerhaeuser,Real Estate,Timber REITs,23.74,31.95,23.23,23.82,23.71,24.12,24.78,25.31,25.38,26.47
WSM,"Williams-Sonoma, Inc.",Consumer Discretionary,Homefurnishing Retail,199.63,217.31,123.45,191.52,189.99,190.63,194.72,185.1,180.65,179.73
WMB,Williams Companies,Energy,Oil & Gas Storage & Transportation,57.59,65.55,49.72,58.77,60.8,62.1,60.12,59.29,59.06,58.02
WTW,Willis Towers Watson,Financials,Insurance Brokers,320.37,352.79,285.88,328.15,329.88,336.66,334.95,321.89,319.2,320.35
WDAY,"Workday, Inc.",Information Technology,Application Software,236.93,294.0,205.33,240.94,238.82,237.2,233.9,234.34,238.73,242.22
WYNN,Wynn Resorts,Consumer Discretionary,Casinos & Gaming,120.85,134.23,64.93,123.33,121.15,122.08,122.65,112.36,107.79,98.28
XEL,Xcel Energy,Utilities,Multi-Utilities,79.82,83.01,60.62,80.4,80.8,80.8,76.33,72.89,72.1,70.31
XYL,Xylem Inc.,Industrials,Industrial Machinery & Supplies & Components,150.5,152.77,99.87,148.37,147.23,147.45,144.08,138.36,135.59,129.87
YUM,Yum! Brands,Consumer Discretionary,Restaurants,141.09,161.72,120.38,144.24,145.1,145.83,146.98,145.96,145.78,145.32
ZBRA,Zebra Technologies,Information Technology,Electronic Equipment & Instruments,274.31,427.76,205.73,302.04,299.85,297.13,306.44,311.42,305.78,306.86
ZBH,Zimmer Biomet,Health Care,Health Care Equipment,101.14,113.87,88.77,102.89,102.11,100.09,101.63,97.96,97.17,100.25
ZTS,Zoetis,Health Care,Pharmaceuticals,145.41,182.19,138.77,146.48,145.3,144.73,147.88,151.34,153.41,156.43
