Symbol,Company,GICS_Sector,GICS_Sub_Industry,Current_Price,High_52_Week,Low_52_Week,SMA5,SMA10,SMA20,SMA50,SMA200,Score,Target_Pcnt,Target_Price,Stop_Loss
MMM,3M,Industrials,Industrial Conglomerates,154.78,159.47,122.31,152.97,152.89,154.21,154.92,147.53,-0.2,2.74,159.02,149.41
AOS,A. O. Smith,Industrials,Building Products,69.81,77.23,59.04,69.38,69.45,71.05,71.9,67.93,-0.2,7.1,74.77,67.34
ABT,Abbott Laboratories,Health Care,Health Care Equipment,129.51,138.33,109.61,129.56,130.94,132.1,131.79,129.13,0.0,4.91,135.87,128.32
ABBV,AbbVie,Health Care,Biotechnology,232.06,242.63,159.42,228.44,228.95,227.73,216.9,194.21,0.0,3.25,239.6,215.87
ACN,Accenture,Information Technology,IT Consulting & Other Services,242.18,394.31,232.56,239.7,243.92,243.02,246.41,299.23,0.0,4.98,254.24,231.81
ADBE,Adobe Inc.,Information Technology,Application Software,343.4,552.96,329.23,334.49,339.38,346.38,350.72,386.83,-0.2,6.35,365.21,327.57
AMD,Advanced Micro Devices,Information Technology,Semiconductors,240.56,240.56,78.21,232.98,227.62,197.2,177.52,133.64,0.0,9.04,262.31,132.09
AES,AES Corporation,Utilities,Independent Power Producers & Energy Traders,14.4,16.49,9.5,14.59,14.51,14.14,13.5,11.76,0.2,7.57,15.49,12.78
AFL,Aflac,Financials,Life & Health Insurance,108.77,113.07,97.56,108.91,110.17,110.5,108.35,104.94,-0.2,4.65,113.83,107.16
A,Agilent Technologies,Health Care,Life Sciences Tools & Services,143.0,151.65,98.88,140.74,139.8,135.25,127.73,122.76,0.2,4.85,149.94,120.56
APD,Air Products,Materials,Industrial Gases,254.21,331.69,245.41,256.0,260.01,264.79,279.47,284.94,-0.2,9.41,278.13,251.44
ABNB,Airbnb,Consumer Discretionary,"Hotels, Resorts & Cruise Lines",127.21,161.42,105.69,124.63,122.02,122.05,123.92,129.38,0.2,-0.56,126.5,117.59
AKAM,Akamai Technologies,Information Technology,Internet Services & Infrastructure,74.25,106.67,68.21,73.57,74.37,75.42,76.1,80.93,-0.2,5.91,78.64,72.21
ALB,Albemarle Corporation,Materials,Specialty Chemicals,96.14,108.94,50.16,95.71,94.35,89.92,83.99,73.21,0.2,4.89,100.84,79.0
ARE,Alexandria Real Estate Equities,Real Estate,Office REITs,76.73,114.54,65.57,75.65,75.38,79.33,79.74,80.95,-0.2,14.27,87.68,70.99
ALGN,Align Technology,Health Care,Health Care Supplies,134.93,240.52,124.88,130.69,130.42,129.2,134.57,172.9,0.4,-0.31,134.51,123.88
ALLE,Allegion,Industrials,Building Products,177.97,179.33,118.08,177.17,176.36,176.29,173.42,146.02,-0.4,0.84,179.46,173.13
LNT,Alliant Energy,Utilities,Electric Utilities,68.59,68.63,54.87,68.24,67.98,67.2,65.82,62.12,0.2,1.15,69.38,65.02
ALL,Allstate,Financials,Property & Casualty Insurance,193.79,214.65,178.34,198.9,203.89,207.25,205.15,197.73,-0.2,13.13,219.23,195.26
GOOGL,Alphabet Inc. (Class A),Communication Services,Interactive Media & Services,256.55,256.55,144.4,251.56,247.04,246.75,232.35,189.17,0.2,-0.37,255.6,237.92
GOOG,Alphabet Inc. (Class C),Communication Services,Interactive Media & Services,257.02,257.02,146.27,252.12,247.75,247.46,232.98,190.47,0.2,-0.32,256.2,238.73
MO,Altria,Consumer Staples,Tobacco,64.4,66.65,45.73,64.8,65.33,65.45,65.34,57.84,0.2,3.57,66.7,64.2
AMZN,Amazon,Consumer Discretionary,Broadline Retail,216.48,242.06,167.32,215.19,218.71,219.56,225.41,214.23,-0.2,4.62,226.48,212.63
AMCR,Amcor,Materials,Paper & Plastic Packaging Products & Materials,8.15,10.82,7.82,8.12,8.02,8.07,8.36,9.16,-0.2,1.6,8.28,7.86
AEE,Ameren,Utilities,Multi-Utilities,105.69,105.69,83.42,105.21,104.46,103.61,101.39,97.09,0.2,0.81,106.55,100.66
AEP,American Electric Power,Utilities,Electric Utilities,117.82,118.53,87.97,117.96,117.69,114.46,112.0,104.68,0.2,3.52,121.97,106.95
AXP,American Express,Financials,Consumer Finance,349.48,349.48,230.22,336.55,329.59,332.35,325.23,299.32,0.0,0.03,349.58,315.12
AIG,American International Group,Financials,Multi-line Insurance,77.69,86.75,68.89,79.25,81.06,80.0,79.68,79.64,-0.2,9.37,84.97,75.03
AMT,American Tower,Real Estate,Telecom Tower REITs,193.08,230.32,169.21,190.48,188.01,189.7,195.25,202.56,0.2,1.49,195.96,183.44
AWK,American Water Works,Utilities,Water Utilities,145.43,150.19,118.87,143.31,142.37,139.67,140.73,137.97,0.0,0.24,145.78,133.55
AMP,Ameriprise Financial,Financials,Asset Management & Custody Banks,472.68,569.83,419.45,475.69,481.9,487.51,496.99,506.36,0.0,6.95,505.53,469.47
AME,Ametek,Industrials,Electrical Components & Equipment,187.39,196.08,150.9,185.78,183.84,184.86,185.61,179.14,0.0,1.01,189.28,180.43
AMGN,Amgen,Health Care,Biotechnology,303.33,321.88,252.22,297.82,295.72,290.58,287.03,286.6,0.0,1.93,309.18,271.96
APH,Amphenol,Information Technology,Electronic Components,127.67,127.67,58.9,125.78,125.11,124.16,117.67,89.44,0.0,0.09,127.78,120.53
ADI,Analog Devices,Information Technology,Semiconductors,246.22,254.62,163.21,240.85,237.38,241.01,242.91,221.63,-0.2,2.51,252.4,229.62
AON,Aon plc,Financials,Insurance Brokers,344.11,407.61,334.44,350.03,355.64,356.62,362.84,367.19,-0.2,7.51,369.95,343.29
APA,APA Corporation,Energy,Oil & Gas Exploration & Production,22.49,25.12,13.62,22.83,23.23,23.85,22.87,20.06,0.0,14.41,25.73,21.97
APO,Apollo Global Management,Financials,Asset Management & Custody Banks,125.19,176.82,107.9,124.55,123.78,128.75,133.96,140.57,-0.4,13.73,142.38,115.13
AAPL,Apple Inc.,Information Technology,"Technology Hardware, Storage & Peripherals",262.24,262.24,172.0,251.82,252.06,253.8,241.73,221.79,0.0,0.03,262.32,245.29
AMAT,Applied Materials,Information Technology,Semiconductor Materials & Equipment,228.13,228.13,126.23,225.32,220.54,215.19,188.06,172.41,0.0,2.67,234.22,196.16
APP,AppLovin,Information Technology,Application Software,565.94,718.54,143.0,592.65,598.51,633.82,558.0,394.67,-0.2,28.51,727.29,540.33
APTV,Aptiv,Consumer Discretionary,Automotive Parts & Equipment,83.4,87.98,47.92,83.2,83.08,84.72,81.41,68.25,-0.2,6.37,88.71,80.72
ACGL,Arch Capital Group,Financials,Property & Casualty Insurance,86.97,103.2,84.99,88.3,90.57,90.37,90.58,91.32,0.0,8.75,94.58,86.17
ADM,Archer Daniels Midland,Consumer Staples,Agricultural Products & Services,63.19,64.21,41.01,62.93,62.36,61.47,61.3,52.0,0.0,1.33,64.03,58.9
ANET,Arista Networks,Information Technology,Communications Equipment,146.48,158.23,64.37,143.55,148.02,146.51,142.33,108.79,0.0,6.7,156.29,136.74
AJG,Arthur J. Gallagher & Co.,Financials,Insurance Brokers,279.26,347.33,274.22,287.96,295.85,301.21,298.89,313.34,-0.1,14.76,320.48,281.94
AIZ,Assurant,Financials,Multi-line Insurance,209.15,225.29,178.36,212.52,215.14,215.96,213.56,202.47,0.0,6.9,223.58,208.34
T,AT&T,Communication Services,Integrated Telecommunication Services,26.1,29.3,20.58,26.17,26.0,26.73,27.95,26.48,0.0,9.66,28.62,24.84
ATO,Atmos Energy,Utilities,Gas Utilities,177.74,179.19,134.17,177.47,176.5,172.75,168.07,154.64,0.2,1.83,180.99,164.51
ADSK,Autodesk,Information Technology,Application Software,307.95,326.79,238.84,304.62,307.05,314.03,308.76,292.53,0.0,7.03,329.6,298.45
ADP,Automatic Data Processing,Industrials,Human Resource & Employment Services,283.03,323.5,273.96,282.92,285.37,288.22,294.19,299.53,-0.2,4.66,296.22,280.22
AZO,AutoZone,Consumer Discretionary,Automotive Retail,3968.57,4354.54,2981.19,4017.93,4034.39,4121.51,4147.18,3747.72,-0.2,8.9,4321.77,3921.4
AVB,AvalonBay Communities,Real Estate,Multi-Family Residential REITs,187.05,229.94,181.07,185.59,185.7,188.41,189.64,200.6,0.0,4.01,194.55,182.27
AVY,Avery Dennison,Materials,Paper & Plastic Packaging Products & Materials,160.25,214.04,157.49,159.75,159.9,160.9,166.35,174.41,0.0,2.48,164.22,157.58
AXON,Axon Enterprise,Industrials,Aerospace & Defense,683.13,870.97,423.5,671.13,694.47,707.2,738.16,678.41,-0.2,11.74,763.33,651.07
BKR,Baker Hughes,Energy,Oil & Gas Equipment & Services,46.28,50.55,34.6,45.08,46.03,47.66,46.1,42.18,0.0,11.73,51.71,43.62
BALL,Ball Corporation,Materials,"Metal, Glass & Plastic Containers",48.71,66.28,44.6,48.05,47.94,48.77,50.44,52.33,-0.2,4.56,50.93,46.61
BAC,Bank of America,Financials,Diversified Banks,52.04,52.42,34.0,51.23,50.36,50.86,50.05,45.15,0.2,1.88,53.02,48.7
BAX,Baxter International,Health Care,Health Care Equipment,23.13,36.11,21.61,22.95,22.7,22.74,23.46,28.64,0.0,2.77,23.77,21.71
BDX,Becton Dickinson,Health Care,Health Care Equipment,191.0,245.13,163.27,188.1,188.93,188.32,190.17,197.34,-0.4,2.19,195.18,181.44
BRK-B,Berkshire Hathaway,Financials,Multi-Sector Holdings,494.08,539.8,442.29,493.53,494.76,496.43,492.66,492.98,0.1,2.02,504.06,488.82
BBY,Best Buy,Consumer Discretionary,Computer & Electronics Retail,81.01,91.59,54.69,78.98,77.02,76.27,74.4,72.43,0.2,-0.19,80.86,71.68
TECH,Bio-Techne,Health Care,Life Sciences Tools & Services,62.54,78.41,46.59,60.97,60.28,58.2,55.46,57.17,0.1,6.09,66.35,50.05
BIIB,Biogen,Health Care,Biotechnology,146.63,190.16,113.38,144.17,146.49,145.85,141.82,135.21,0.0,8.63,159.28,132.4
BLK,BlackRock,Financials,Asset Management & Custody Banks,1160.0,1202.59,807.61,1177.87,1167.55,1161.1,1139.52,1018.74,0.0,3.32,1198.51,1123.67
BX,Blackstone Inc.,Financials,Asset Management & Custody Banks,160.44,194.8,118.51,160.52,160.26,166.67,171.42,156.21,-0.2,13.79,182.56,150.78
XYZ,"Block, Inc.",Financials,Transaction & Payment Processing Services,76.5,98.92,46.53,75.71,76.92,76.11,76.15,69.75,-0.2,5.37,80.61,71.61
BK,BNY Mellon,Financials,Asset Management & Custody Banks,108.5,109.75,72.47,107.45,106.78,107.41,105.66,91.11,-0.2,1.55,110.18,104.64
BA,Boeing,Industrials,Aerospace & Defense,216.82,237.38,136.59,213.99,215.94,216.36,222.72,197.77,0.0,2.93,223.17,209.54
BKNG,Booking Holdings,Consumer Discretionary,"Hotels, Resorts & Cruise Lines",5141.88,5805.92,4149.83,5105.04,5150.92,5306.73,5446.48,5159.15,0.0,10.07,5659.67,4953.88
BSX,Boston Scientific,Health Care,Health Care Equipment,100.53,108.14,83.62,98.3,97.18,97.23,101.21,101.5,0.4,-0.73,99.8,94.67
BMY,Bristol Myers Squibb,Health Care,Pharmaceuticals,43.59,60.79,42.72,43.6,43.94,44.21,45.54,49.49,0.0,5.53,46.0,42.41
AVGO,Broadcom,Information Technology,Semiconductors,349.24,368.94,145.7,349.64,345.64,340.43,328.45,252.16,0.0,2.37,357.52,323.32
BR,Broadridge Financial Solutions,Industrials,Data Processing & Outsourced Services,230.68,265.85,206.47,230.51,232.57,234.27,245.94,238.8,-0.2,4.18,240.32,228.21
BRO,Brown & Brown,Financials,Insurance Brokers,87.52,124.07,87.42,90.32,92.9,93.16,94.05,105.85,-0.4,12.31,98.29,88.04
BF-B,Brown–Forman,Consumer Staples,Distillers & Vintners,28.93,48.21,25.45,28.12,27.73,27.53,28.38,30.88,0.0,-0.73,28.72,26.35
BLDR,Builders FirstSource,Industrials,Building Products,122.46,195.37,105.63,124.47,124.97,123.81,132.35,130.67,0.2,7.28,131.38,116.25
BG,Bunge Global,Consumer Staples,Agricultural Products & Services,97.25,97.5,67.23,93.12,87.51,84.56,83.24,77.62,0.2,-0.98,96.3,72.82
BXP,"BXP, Inc.",Real Estate,Office REITs,70.67,85.21,55.53,70.88,71.22,73.12,71.8,67.87,0.0,9.55,77.42,68.82
CHRW,C.H. Robinson,Industrials,Air Freight & Logistics,127.46,137.09,85.99,127.37,128.33,130.9,128.5,105.13,0.0,8.14,137.84,123.95
CDNS,Cadence Design Systems,Information Technology,Application Software,329.64,373.37,231.64,325.97,333.32,342.86,348.07,307.32,-0.2,11.57,367.78,317.95
CPT,Camden Property Trust,Real Estate,Multi-Family Residential REITs,103.09,122.47,101.67,102.23,102.3,103.83,106.02,111.43,-0.2,4.18,107.4,100.25
CPB,Campbell's Company (The),Consumer Staples,Packaged Foods & Meats,31.02,46.62,29.8,30.62,30.48,31.15,31.91,34.37,-0.2,6.58,33.06,29.25
COF,Capital One,Financials,Consumer Finance,214.87,229.74,149.68,211.73,210.51,214.53,218.74,198.6,-0.4,5.6,226.9,202.16
CAH,Cardinal Health,Health Care,Health Care Distributors,157.27,167.08,106.36,155.36,155.96,155.3,151.69,143.78,-0.2,1.59,159.77,150.83
KMX,CarMax,Consumer Discretionary,Automotive Retail,43.03,89.19,42.9,43.52,43.78,45.92,54.1,67.12,0.2,25.12,53.84,37.99
CCL,Carnival,Consumer Discretionary,"Hotels, Resorts & Cruise Lines",28.86,32.49,16.43,28.64,28.5,29.02,30.18,25.43,0.0,6.44,30.72,27.32
CARR,Carrier Global,Industrials,Building Products,57.67,80.73,55.21,57.07,57.59,58.45,61.95,66.55,0.0,5.44,60.81,56.08
CAT,Caterpillar Inc.,Industrials,Construction Machinery & Heavy Transportation Equipment,531.18,540.96,271.63,532.15,514.6,496.49,455.54,380.81,0.0,2.45,544.19,448.81
CBOE,Cboe Global Markets,Financials,Financial Exchanges & Data,237.09,253.24,189.73,238.53,240.38,241.29,240.4,224.52,0.2,4.12,246.86,235.71
CBRE,CBRE Group,Real Estate,Real Estate Services,159.88,165.9,113.94,156.72,154.38,155.83,159.38,140.3,0.2,1.18,161.77,149.9
CDW,CDW Corporation,Information Technology,Technology Distributors,155.38,218.1,143.46,151.62,151.46,155.88,161.49,171.37,0.0,7.25,166.65,145.11
COR,Cencora,Health Care,Health Care Distributors,327.39,327.39,223.33,321.8,317.75,312.15,300.95,280.15,0.0,-0.15,326.9,297.42
CNC,Centene Corporation,Health Care,Managed Health Care,35.61,65.89,25.21,35.75,36.56,36.1,32.3,48.55,0.1,9.72,39.07,33.14
CNP,CenterPoint Energy,Utilities,Multi-Utilities,40.22,40.22,27.88,39.78,39.54,39.15,38.41,36.09,0.4,-0.05,40.2,38.1
CF,CF Industries,Materials,Fertilizers & Agricultural Chemicals,83.93,101.88,67.67,84.53,86.95,88.44,86.55,85.56,0.0,12.11,94.09,82.78
CRL,Charles River Laboratories,Health Care,Life Sciences Tools & Services,184.14,220.69,99.75,175.69,173.18,166.36,161.26,154.61,0.2,3.07,189.79,142.92
SCHW,Charles Schwab Corporation,Financials,Investment Banking & Brokerage,94.95,98.69,68.65,94.04,93.75,93.97,94.67,86.11,0.0,1.41,96.29,91.65
CHTR,Charter Communications,Communication Services,Cable & Satellite,251.51,427.25,251.51,258.16,262.49,267.9,266.18,341.33,-0.1,13.49,285.44,250.37
CVX,Chevron Corporation,Energy,Integrated Oil & Gas,154.48,164.65,130.67,152.75,152.49,154.46,155.7,148.57,-0.2,3.81,160.37,148.57
CMG,Chipotle Mexican Grill,Consumer Discretionary,Restaurants,41.63,66.16,38.58,41.82,41.27,40.65,41.1,49.37,0.0,2.47,42.66,38.65
CB,Chubb Limited,Financials,Property & Casualty Insurance,268.2,301.45,256.04,273.52,279.38,280.09,277.27,279.54,-0.3,8.84,291.91,268.26
CHD,Church & Dwight,Consumer Staples,Household Products,88.08,112.48,85.84,87.42,87.79,87.57,90.79,98.39,0.0,1.75,89.62,85.52
CI,Cigna,Health Care,Health Care Services,306.84,346.5,260.91,298.78,301.01,296.97,296.84,303.71,-0.1,1.99,312.95,280.99
CINF,Cincinnati Financial,Financials,Property & Casualty Insurance,154.9,165.69,125.14,154.88,158.42,158.39,155.07,144.91,-0.2,7.57,166.63,150.14
CTAS,Cintas,Industrials,Diversified Support Services,192.33,227.2,181.05,188.09,190.61,196.52,204.22,207.85,-0.2,9.36,210.33,182.7
CSCO,Cisco,Information Technology,Communications Equipment,70.65,71.36,52.55,69.61,69.27,68.47,67.92,63.45,0.0,0.18,70.78,66.16
C,Citigroup,Financials,Diversified Banks,99.3,103.49,57.29,98.45,97.27,98.97,97.66,81.81,0.0,5.08,104.34,93.6
CFG,Citizens Financial Group,Financials,Regional Banks,50.29,54.0,33.59,50.3,50.8,52.04,51.32,44.63,0.0,9.98,55.31,48.78
CLX,Clorox,Consumer Staples,Household Products,119.59,165.31,116.82,118.92,119.52,120.94,121.56,133.64,0.0,4.31,124.74,117.14
CME,CME Group,Financials,Financial Exchanges & Data,267.62,288.01,211.73,266.68,267.35,266.97,266.81,262.08,0.0,2.1,273.24,260.69
CMS,CMS Energy,Utilities,Multi-Utilities,75.09,75.31,63.54,74.86,74.21,73.2,72.32,70.5,0.2,0.8,75.69,70.7
KO,Coca-Cola Company (The),Consumer Staples,Soft Drinks & Non-alcoholic Beverages,68.44,72.82,59.48,67.81,67.22,66.75,67.58,67.99,0.2,-0.29,68.24,65.26
CTSH,Cognizant,Information Technology,IT Consulting & Other Services,66.7,89.65,65.47,66.45,66.94,67.11,69.08,75.56,0.0,3.13,68.79,65.42
COIN,Coinbase,Financials,Financial Exchanges & Data,343.78,419.78,151.47,337.58,355.19,348.44,329.05,278.79,0.0,15.86,398.3,298.56
CL,Colgate-Palmolive,Consumer Staples,Household Products,78.75,98.09,76.47,78.08,77.77,78.3,81.34,86.79,0.2,2.2,80.48,76.13
CMCSA,Comcast,Communication Services,Cable & Satellite,29.57,43.5,29.26,29.62,29.84,30.46,31.89,33.74,-0.2,7.98,31.93,28.99
CAG,Conagra Brands,Consumer Staples,Packaged Foods & Meats,18.5,28.6,18.04,18.43,18.51,18.54,18.89,21.97,0.0,4.0,19.24,17.83
COP,ConocoPhillips,Energy,Oil & Gas Exploration & Production,87.06,110.98,81.29,87.27,89.37,92.32,93.74,93.33,-0.2,14.69,99.85,84.79
ED,Consolidated Edison,Utilities,Multi-Utilities,101.72,111.42,85.77,101.63,101.31,100.12,99.46,100.24,0.1,1.19,102.93,97.31
STZ,Constellation Brands,Consumer Staples,Distillers & Vintners,141.23,240.13,131.78,140.22,140.97,138.58,147.3,169.59,0.2,3.18,145.72,131.43
CEG,Constellation Energy,Utilities,Electric Utilities,370.0,403.95,170.52,389.31,380.83,361.87,335.84,291.39,0.4,10.31,408.15,315.59
COO,Cooper Companies (The),Health Care,Health Care Supplies,74.99,108.26,64.32,71.7,70.52,69.47,69.67,78.2,0.0,-2.37,73.21,65.74
CPRT,Copart,Industrials,Diversified Support Services,44.76,63.84,43.88,44.5,44.36,44.64,46.52,52.43,-0.2,1.65,45.5,43.79
GLW,Corning Inc.,Information Technology,Electronic Components,85.28,87.19,38.69,85.54,85.55,83.59,75.62,55.83,0.0,4.02,88.71,78.47
CPAY,Corpay,Financials,Transaction & Payment Processing Services,286.05,389.55,277.5,285.32,286.14,288.94,304.52,331.56,0.0,4.68,299.44,278.43
CTVA,Corteva,Materials,Fertilizers & Agricultural Chemicals,61.98,76.93,54.65,61.79,62.49,64.36,69.13,66.53,-0.2,12.89,69.97,58.76
CSGP,CoStar Group,Real Estate,Real Estate Services,74.96,96.83,69.29,74.84,76.21,80.02,85.19,80.73,0.0,17.82,88.32,71.73
COST,Costco,Consumer Staples,Consumer Staples Merchandise Retail,936.11,1073.97,869.72,939.91,933.76,929.43,949.36,970.71,0.0,2.13,956.05,902.81
CTRA,Coterra,Energy,Oil & Gas Exploration & Production,23.42,29.06,21.94,23.04,23.35,23.49,23.77,25.24,0.0,4.36,24.44,22.54
CRWD,CrowdStrike,Information Technology,Systems Software,503.61,514.1,296.87,489.69,495.44,491.54,456.75,428.94,-0.2,1.72,512.27,470.82
CCI,Crown Castle,Real Estate,Telecom Tower REITs,98.87,112.64,81.15,97.95,97.16,96.11,96.86,96.66,-0.2,0.13,99.0,93.23
CSX,CSX Corporation,Industrials,Rail Transportation,36.67,36.67,26.47,36.33,36.07,35.53,34.39,32.11,0.2,1.72,37.3,33.75
CMI,Cummins,Industrials,Construction Machinery & Heavy Transportation Equipment,414.01,438.88,264.26,417.71,420.78,422.64,410.99,351.47,-0.2,6.19,439.64,405.66
CVS,CVS Health,Health Care,Health Care Services,82.48,82.52,42.33,81.34,79.38,77.83,74.18,64.99,0.2,-0.16,82.35,73.32
DHR,Danaher Corporation,Health Care,Life Sciences Tools & Services,208.39,272.73,174.06,208.12,206.64,202.08,201.39,203.25,0.3,6.93,222.83,181.33
DRI,Darden Restaurants,Consumer Discretionary,Restaurants,187.92,222.41,154.1,187.78,186.67,187.77,197.8,198.3,0.0,2.92,193.41,182.13
DDOG,Datadog,Information Technology,Application Software,156.29,168.65,87.0,156.25,158.69,151.89,140.7,127.24,0.2,8.89,170.18,133.58
DVA,DaVita,Health Care,Health Care Services,128.05,177.35,123.91,126.36,126.5,129.01,132.31,143.94,0.0,5.58,135.2,122.83
DAY,Dayforce,Industrials,Human Resource & Employment Services,68.28,81.8,49.33,68.27,68.39,68.65,67.11,61.77,0.2,1.44,69.26,68.03
DECK,Deckers Brands,Consumer Discretionary,Footwear,100.19,223.11,95.07,98.96,98.66,101.81,108.72,124.67,-0.2,10.13,110.34,93.28
DE,Deere & Company,Industrials,Agricultural & Farm Machinery,462.44,527.96,384.05,454.9,453.85,457.91,471.76,478.79,-0.2,2.29,473.03,442.79
DELL,Dell Technologies,Information Technology,"Technology Hardware, Storage & Peripherals",147.87,164.53,70.88,150.25,152.66,145.7,136.43,114.93,0.2,10.8,163.84,127.55
DAL,Delta Air Lines,Industrials,Passenger Airlines,61.75,68.24,35.54,60.88,59.3,58.24,59.16,54.0,0.0,0.0,61.75,54.73
DVN,Devon Energy,Energy,Oil & Gas Exploration & Production,31.93,39.56,26.43,32.2,33.1,34.16,34.33,33.37,0.0,16.0,37.04,31.28
DXCM,Dexcom,Health Care,Health Care Equipment,68.43,90.75,59.83,66.6,66.52,66.8,73.21,78.76,-0.2,0.53,68.79,64.81
FANG,Diamondback Energy,Energy,Oil & Gas Exploration & Production,141.19,181.42,117.58,140.7,142.76,143.92,141.97,145.4,0.1,6.38,150.2,137.64
DLR,Digital Realty,Real Estate,Data Center REITs,172.92,190.11,134.22,173.34,173.13,173.09,169.53,164.39,0.0,2.49,177.23,168.94
DG,Dollar General,Consumer Staples,Consumer Staples Merchandise Retail,106.44,115.62,67.25,105.22,102.04,101.66,105.98,94.67,0.2,0.86,107.36,95.95
DLTR,Dollar Tree,Consumer Staples,Consumer Staples Merchandise Retail,99.02,117.16,61.21,96.21,92.31,92.48,100.56,88.86,0.2,0.77,99.78,85.18
D,Dominion Energy,Utilities,Multi-Utilities,61.45,61.69,48.51,61.17,60.99,60.96,60.21,55.8,-0.2,0.81,61.95,59.96
DPZ,Domino's,Consumer Discretionary,Restaurants,422.94,493.69,397.61,419.57,414.27,421.28,437.7,452.83,-0.2,3.79,438.97,403.57
DASH,DoorDash,Consumer Discretionary,Specialized Consumer Services,265.37,281.74,150.92,267.65,271.11,269.86,259.71,217.87,0.0,6.13,281.64,258.1
DOV,Dover Corporation,Industrials,Industrial Machinery & Supplies & Components,168.92,204.71,150.28,165.35,164.1,165.54,172.28,179.8,-0.2,0.73,170.15,160.92
DOW,Dow Inc.,Materials,Commodity Chemicals,21.63,49.36,20.57,21.91,21.88,22.49,23.26,29.15,0.0,11.19,24.05,20.93
DHI,D. R. Horton,Consumer Discretionary,Homebuilding,153.76,192.41,114.44,154.47,154.77,162.17,166.76,139.45,-0.2,15.84,178.12,146.22
DTE,DTE Energy,Utilities,Multi-Utilities,143.32,143.32,113.22,142.18,141.55,140.63,138.16,131.93,0.2,0.2,143.61,137.65
DUK,Duke Energy,Utilities,Electric Utilities,128.94,128.94,102.96,128.27,127.0,125.02,123.39,117.03,0.2,0.52,129.61,120.44
DD,DuPont,Materials,Specialty Chemicals,80.95,84.81,54.51,78.95,77.95,77.91,76.66,72.76,0.2,1.06,81.81,74.01
EMN,Eastman Chemical Company,Materials,Specialty Chemicals,61.54,105.09,58.06,60.84,60.82,62.0,64.52,77.75,0.0,5.95,65.2,58.81
ETN,Eaton Corporation,Industrials,Electrical Components & Equipment,377.69,391.62,244.95,376.53,375.19,373.42,363.1,330.17,-0.2,1.25,382.41,364.44
EBAY,eBay Inc.,Consumer Discretionary,Broadline Retail,95.65,100.46,56.61,92.15,91.39,91.23,92.91,76.24,0.0,-0.79,94.89,87.57
ECL,Ecolab,Materials,Specialty Chemicals,280.17,284.78,224.56,274.85,274.95,273.37,274.2,259.53,-0.2,0.68,282.08,264.66
EIX,Edison International,Utilities,Electric Utilities,57.65,83.47,46.84,56.77,54.98,54.62,54.55,53.73,0.2,-0.33,57.46,51.77
EW,Edwards Lifesciences,Health Care,Health Care Equipment,75.29,81.83,65.75,73.77,74.34,75.29,77.4,74.84,-0.2,4.0,78.3,72.27
EA,Electronic Arts,Communication Services,Interactive Home Entertainment,200.59,202.05,116.08,200.44,200.26,195.66,181.43,153.09,-0.2,8.51,217.66,173.65
ELV,Elevance Health,Health Care,Managed Health Care,354.07,448.26,273.17,350.2,353.36,341.76,321.96,366.13,-0.1,4.84,371.21,312.33
EME,Emcor,Industrials,Construction & Engineering,700.18,700.18,341.52,688.19,682.94,664.68,639.21,507.59,0.0,1.2,708.58,620.77
EMR,Emerson Electric,Industrials,Electrical Components & Equipment,130.35,149.04,93.37,129.71,129.87,130.75,131.86,123.85,-0.2,3.54,134.96,126.53
ETR,Entergy,Utilities,Electric Utilities,96.71,97.65,65.13,96.58,96.21,94.69,91.18,84.43,0.0,2.34,98.97,90.4
EOG,EOG Resources,Energy,Oil & Gas Exploration & Production,106.4,133.44,101.83,106.91,108.0,110.23,115.18,117.62,0.0,9.51,116.52,103.94
EPAM,EPAM Systems,Information Technology,IT Consulting & Other Services,145.0,267.63,142.2,144.33,146.22,149.57,157.89,180.89,-0.2,9.0,158.05,141.1
EQT,EQT Corporation,Energy,Oil & Gas Exploration & Production,56.45,60.26,35.15,54.5,54.78,54.69,52.59,52.62,-0.3,2.48,57.85,51.54
EFX,Equifax,Industrials,Research & Consulting Services,231.12,280.0,204.69,228.64,230.99,240.16,245.76,250.31,-0.2,14.06,263.62,216.7
EQIX,Equinix,Real Estate,Data Center REITs,825.14,968.75,731.64,818.3,809.74,797.19,786.65,831.68,-0.1,0.45,828.85,765.51
EQR,Equity Residential,Real Estate,Multi-Family Residential REITs,62.35,74.44,60.55,62.09,62.09,63.03,63.74,66.52,0.0,4.64,65.24,60.82
ERIE,Erie Indemnity,Financials,Insurance Brokers,316.42,475.8,310.72,316.91,319.59,316.88,332.75,367.26,0.2,2.86,325.47,308.28
ESS,Essex Property Trust,Real Estate,Multi-Family Residential REITs,260.8,305.43,249.65,258.91,259.12,261.62,261.41,274.7,-0.1,2.79,268.08,255.18
EL,Estée Lauder Companies (The),Consumer Staples,Personal Care Products,102.52,102.52,49.61,98.07,95.32,91.29,90.0,76.19,0.2,-1.12,101.37,81.21
EG,Everest Group,Financials,Reinsurance,350.95,384.58,324.54,349.24,352.06,350.85,343.96,344.23,-0.1,3.7,363.94,337.75
EVRG,Evergy,Utilities,Electric Utilities,78.65,78.65,57.24,78.17,77.8,76.51,73.64,67.74,0.2,1.55,79.87,73.14
ES,Eversource Energy,Utilities,Electric Utilities,72.85,73.49,52.98,71.92,72.16,71.44,67.03,61.94,0.0,1.83,74.18,68.7
EXC,Exelon,Utilities,Electric Utilities,48.24,48.24,35.25,47.72,47.26,45.96,44.72,43.15,0.0,1.14,48.79,43.14
EXE,Expand Energy,Energy,Oil & Gas Exploration & Production,106.9,120.67,80.65,102.16,103.89,104.91,99.56,103.66,-0.1,3.94,111.11,98.71
EXPE,Expedia Group,Consumer Discretionary,"Hotels, Resorts & Cruise Lines",218.25,228.24,136.05,217.63,215.95,217.48,215.4,183.83,0.0,2.91,224.6,210.36
EXPD,Expeditors International,Industrials,Air Freight & Logistics,120.44,125.62,102.14,118.67,117.97,120.1,120.78,115.25,-0.2,4.69,126.09,114.11
EXR,Extra Space Storage,Real Estate,Self-Storage REITs,151.47,165.33,123.86,150.41,146.74,143.53,141.61,144.03,-0.1,0.57,152.33,134.72
XOM,ExxonMobil,Energy,Integrated Oil & Gas,112.7,118.64,98.11,111.9,112.36,113.13,111.71,108.41,0.0,3.23,116.34,109.92
FFIV,"F5, Inc.",Information Technology,Communications Equipment,296.5,343.17,213.57,313.33,325.48,325.35,322.16,292.51,-0.2,18.79,352.21,298.51
FDS,FactSet,Financials,Financial Exchanges & Data,290.41,490.93,275.01,284.96,283.54,284.33,331.16,412.65,-0.2,0.79,292.7,275.97
FICO,Fair Isaac,Information Technology,Application Software,1620.39,2382.4,1311.26,1628.54,1674.12,1645.33,1534.25,1737.58,0.1,15.87,1877.55,1413.08
FAST,Fastenal,Industrials,Trading Companies & Distributors,42.99,50.39,35.0,42.48,44.22,46.19,47.7,41.88,-0.2,19.26,51.27,41.1
FRT,Federal Realty Investment Trust,Real Estate,Retail REITs,99.55,112.47,81.67,98.42,97.69,98.3,97.79,96.21,0.0,0.88,100.43,96.18
FDX,FedEx,Industrials,Air Freight & Logistics,239.81,298.15,195.55,237.0,235.85,237.31,231.52,233.62,-0.1,3.02,247.05,227.56
FIS,Fidelity National Information Services,Financials,Transaction & Payment Processing Services,67.94,89.09,63.37,66.98,67.43,66.42,67.72,74.04,0.0,2.18,69.42,63.42
FITB,Fifth Third Bancorp,Financials,Regional Banks,41.8,46.72,32.73,41.88,42.41,43.49,43.93,40.63,-0.2,10.69,46.27,40.71
FSLR,First Solar,Information Technology,Semiconductors,229.0,244.4,120.38,233.49,231.31,227.59,211.55,170.19,0.2,5.16,240.82,214.36
FE,FirstEnergy,Utilities,Electric Utilities,47.23,47.69,37.17,47.24,46.98,46.12,44.54,41.13,0.2,2.24,48.29,43.95
FI,Fiserv,Financials,Transaction & Payment Processing Services,124.14,237.79,118.0,121.8,123.34,125.79,131.68,176.44,-0.2,6.73,132.49,119.1
F,Ford Motor Company,Consumer Discretionary,Automobile Manufacturers,11.99,12.7,8.45,11.81,11.72,11.9,11.72,10.4,-0.2,5.0,12.59,11.21
FTNT,Fortinet,Information Technology,Systems Software,84.86,114.57,74.39,83.62,84.29,84.58,81.37,96.18,-0.3,2.42,86.91,82.26
FTV,Fortive,Industrials,Industrial Machinery & Supplies & Components,49.28,62.32,46.49,48.83,48.93,49.01,48.47,52.97,-0.1,2.5,50.51,47.52
FOXA,Fox Corporation (Class A),Communication Services,Broadcasting,58.18,63.06,41.32,57.78,58.48,60.06,59.45,54.64,0.2,9.9,63.94,56.18
FOX,Fox Corporation (Class B),Communication Services,Broadcasting,52.11,57.29,37.95,51.8,52.38,54.01,53.82,50.35,0.2,11.03,57.86,50.16
BEN,Franklin Resources,Financials,Asset Management & Custody Banks,22.65,25.67,16.21,22.55,22.89,23.02,24.02,21.38,-0.2,5.61,23.92,22.13
FCX,Freeport-McMoRan,Materials,Copper,42.19,47.85,28.82,41.72,41.84,40.27,42.45,39.73,0.0,7.4,45.31,35.23
GRMN,Garmin,Consumer Discretionary,Consumer Electronics,249.13,259.77,159.13,248.72,251.56,249.3,240.64,216.52,0.2,5.82,263.63,234.97
IT,Gartner,Information Technology,IT Consulting & Other Services,239.48,551.8,225.98,238.98,241.35,250.33,247.06,388.07,-0.1,12.73,269.97,230.7
GE,GE Aerospace,Industrials,Aerospace & Defense,302.68,305.26,158.97,300.57,299.55,299.11,286.29,234.94,0.0,0.92,305.46,292.77
GEHC,GE HealthCare,Health Care,Health Care Equipment,75.48,93.39,58.69,73.69,73.52,74.06,74.55,76.39,-0.2,2.5,77.37,70.75
GEV,GE Vernova,Industrials,Heavy Electrical Equipment,594.07,664.55,269.81,611.29,617.51,613.9,615.97,470.27,0.0,8.65,645.46,582.32
GEN,Gen Digital,Information Technology,Systems Software,26.7,32.03,23.31,26.71,26.84,27.63,29.17,28.01,-0.2,10.11,29.4,25.87
GNRC,Generac,Industrials,Electrical Components & Equipment,195.77,202.85,101.92,190.88,180.88,173.82,182.52,149.31,0.2,-0.66,194.48,153.17
GD,General Dynamics,Industrials,Aerospace & Defense,337.19,344.98,238.33,333.29,336.19,334.7,325.87,285.24,0.2,3.42,348.72,320.67
GIS,General Mills,Consumer Staples,Packaged Foods & Meats,48.81,67.59,47.71,48.25,48.68,49.17,49.1,53.32,0.1,3.95,50.74,47.59
GM,General Motors,Consumer Discretionary,Automobile Manufacturers,58.0,61.34,42.24,57.73,56.92,58.53,57.98,51.14,0.2,7.52,62.36,54.71
GPC,Genuine Parts Company,Consumer Discretionary,Distributors,131.81,142.77,103.92,133.18,132.91,135.75,137.01,124.27,-0.2,7.72,141.99,129.5
GILD,Gilead Sciences,Health Care,Biotechnology,123.11,123.11,83.79,120.11,118.77,115.52,115.04,107.28,0.2,-0.15,122.93,108.12
GPN,Global Payments,Financials,Transaction & Payment Processing Services,87.02,118.08,67.06,85.73,85.95,85.9,86.12,88.44,-0.2,2.44,89.14,82.67
GL,Globe Life,Financials,Life & Health Insurance,135.43,146.27,102.63,136.36,136.24,138.8,139.58,126.8,0.0,7.97,146.22,131.39
GDDY,GoDaddy,Information Technology,Internet Services & Infrastructure,132.46,214.35,128.0,130.34,131.92,135.24,141.29,171.49,-0.2,9.05,144.45,126.04
GS,Goldman Sachs,Financials,Investment Banking & Brokerage,763.32,806.32,457.48,762.17,770.81,782.81,764.43,646.82,0.0,6.66,814.16,751.46
HAL,Halliburton,Energy,Oil & Gas Equipment & Services,22.62,31.1,18.96,22.31,22.76,23.68,22.57,22.81,-0.1,14.37,25.87,21.49
HIG,Hartford (The),Financials,Property & Casualty Insurance,123.85,134.7,105.0,126.43,128.68,130.63,131.11,122.33,-0.4,10.55,136.92,124.36
HAS,Hasbro,Consumer Discretionary,Leisure Products,74.79,81.85,49.75,74.25,73.97,74.69,77.15,66.86,0.0,3.28,77.24,72.14
HCA,HCA Healthcare,Health Care,Health Care Facilities,433.15,437.57,294.93,423.51,422.61,422.46,410.28,360.84,0.0,0.95,437.26,407.64
DOC,Healthpeak Properties,Real Estate,Health Care REITs,18.72,21.58,16.35,18.41,18.4,18.66,18.01,18.08,-0.1,3.9,19.45,17.86
HSIC,Henry Schein,Health Care,Health Care Distributors,63.93,81.91,62.03,63.12,63.59,65.09,67.0,70.14,-0.2,7.38,68.65,61.52
HSY,Hershey Company (The),Consumer Staples,Packaged Foods & Meats,186.21,195.56,141.22,188.36,190.56,190.0,186.2,169.93,0.0,5.6,196.64,183.35
HPE,Hewlett Packard Enterprise,Information Technology,"Technology Hardware, Storage & Peripherals",22.87,26.25,12.35,23.67,24.48,24.48,23.54,19.75,0.0,14.87,26.27,22.68
HLT,Hilton Worldwide,Consumer Discretionary,"Hotels, Resorts & Cruise Lines",261.04,278.5,201.05,262.46,261.4,260.99,267.75,253.07,-0.2,2.05,266.39,255.59
HOLX,Hologic,Health Care,Health Care Equipment,71.87,83.72,52.73,68.63,68.11,67.66,67.21,64.46,0.4,-1.96,70.46,64.87
HD,Home Depot (The),Consumer Discretionary,Home Improvement Retail,388.89,423.6,331.29,388.84,384.76,393.71,402.49,378.46,-0.2,6.89,415.68,371.76
HON,Honeywell,Industrials,Industrial Conglomerates,206.03,239.16,180.99,204.65,205.02,207.15,212.27,214.78,0.0,3.53,213.3,200.99
HRL,Hormel Foods,Consumer Staples,Packaged Foods & Meats,23.96,32.19,23.26,23.86,23.68,23.99,25.41,28.17,-0.2,3.21,24.73,23.25
HST,Host Hotels & Resorts,Real Estate,Hotel & Resort REITs,16.49,18.04,12.39,16.38,16.29,16.68,16.71,15.57,-0.4,6.55,17.57,15.8
HWM,Howmet Aerospace,Industrials,Aerospace & Defense,192.52,196.23,99.44,191.84,190.52,191.29,183.98,157.36,-0.2,1.93,196.24,186.35
HPQ,HP Inc.,Information Technology,"Technology Hardware, Storage & Peripherals",27.66,37.77,21.42,27.88,27.28,27.15,27.4,27.33,-0.2,3.51,28.63,25.67
HUBB,Hubbell Incorporated,Industrials,Industrial Machinery & Supplies & Components,431.65,466.13,313.96,429.53,422.63,423.75,430.92,396.51,0.0,1.69,438.94,408.57
HUM,Humana,Health Care,Managed Health Care,284.0,310.91,219.64,270.01,278.52,270.49,279.44,260.25,-0.4,6.27,301.81,239.18
HBAN,Huntington Bancshares,Financials,Regional Banks,15.84,17.87,12.26,15.85,16.02,16.61,16.96,15.87,-0.2,13.51,17.98,15.25
HII,Huntington Ingalls Industries,Industrials,Aerospace & Defense,285.77,291.94,156.78,285.07,285.86,283.53,275.52,229.66,0.0,2.74,293.6,273.44
IBM,IBM,Information Technology,IT Consulting & Other Services,283.65,293.87,199.27,279.56,282.44,282.14,261.82,254.73,0.2,3.94,294.83,269.46
IEX,IDEX Corporation,Industrials,Industrial Machinery & Supplies & Components,166.61,232.54,156.86,164.96,164.32,163.21,163.03,178.7,-0.1,1.15,168.53,157.91
IDXX,Idexx Laboratories,Health Care,Health Care Equipment,643.41,682.78,361.04,638.44,632.76,631.8,639.92,516.94,-0.2,0.63,647.46,616.11
ITW,Illinois Tool Works,Industrials,Industrial Machinery & Supplies & Components,252.38,271.83,215.75,248.87,249.05,254.19,258.76,250.22,-0.4,5.27,265.68,242.71
INCY,Incyte,Health Care,Biotechnology,86.17,88.15,55.17,87.03,86.1,85.49,85.23,71.89,0.4,3.14,88.88,82.1
IR,Ingersoll Rand,Industrials,Industrial Machinery & Supplies & Components,78.47,105.27,66.72,77.08,77.84,80.18,79.82,82.33,-0.1,9.38,85.83,74.53
PODD,Insulet Corporation,Health Care,Health Care Equipment,326.85,352.82,229.13,318.5,317.09,316.28,325.96,292.97,0.2,0.52,328.55,303.99
INTC,Intel,Information Technology,Semiconductors,38.1,38.1,18.13,36.95,37.07,35.77,29.12,23.33,0.0,5.49,40.19,31.36
IBKR,Interactive Brokers,Financials,Investment Banking & Brokerage,66.94,72.62,35.97,68.16,69.44,68.64,65.38,54.47,0.0,9.17,73.08,64.19
ICE,Intercontinental Exchange,Financials,Financial Exchanges & Data,155.29,187.92,141.62,155.6,157.49,161.39,170.23,169.92,-0.2,10.27,171.24,151.54
IFF,International Flavors & Fragrances,Materials,Specialty Chemicals,64.64,102.26,59.55,62.92,61.67,61.48,63.65,73.64,0.4,-1.1,63.93,59.04
IP,International Paper,Materials,Paper & Plastic Packaging Products & Materials,47.89,58.45,43.05,46.94,46.51,46.34,47.06,49.25,0.2,-0.71,47.55,45.13
IPG,Interpublic Group of Companies (The),Communication Services,Advertising,26.63,30.52,22.33,26.64,26.65,26.61,26.37,25.38,0.0,3.57,27.58,25.64
INTU,Intuit,Information Technology,Application Software,664.77,805.92,541.4,656.6,653.88,670.01,674.44,664.78,-0.2,6.23,706.19,633.84
ISRG,Intuitive Surgical,Health Care,Health Care Equipment,458.47,610.45,429.59,442.24,440.93,442.49,454.67,512.52,0.4,-0.53,456.04,428.96
IVZ,Invesco,Financials,Asset Management & Custody Banks,22.84,24.13,11.86,23.1,23.32,23.19,22.32,17.61,-0.2,6.92,24.42,21.96
INVH,Invitation Homes,Real Estate,Single-Family Residential REITs,28.6,34.81,27.94,28.5,28.3,28.62,29.45,31.41,-0.2,3.01,29.46,27.77
IQV,IQVIA,Health Care,Life Sciences Tools & Services,212.05,236.69,137.0,206.05,203.66,197.55,191.79,177.34,0.2,3.08,218.58,176.52
IRM,Iron Mountain,Real Estate,Other Specialized REITs,105.83,124.18,75.72,105.06,104.56,103.58,97.54,94.98,0.0,1.56,107.48,99.68
JBHT,J.B. Hunt,Industrials,Cargo Ground Transportation,165.49,195.43,123.94,155.62,148.25,141.48,141.55,147.8,0.0,-0.94,163.93,119.03
JBL,Jabil,Information Technology,Electronic Manufacturing Services,204.02,234.45,116.78,206.11,203.83,209.53,211.71,180.34,0.2,11.74,227.97,191.09
JKHY,Jack Henry & Associates,Financials,Transaction & Payment Processing Services,155.07,189.99,146.26,153.9,152.16,150.38,156.25,170.15,0.2,0.38,155.66,145.11
J,Jacobs Solutions,Industrials,Construction & Engineering,162.57,162.57,109.18,158.54,156.58,153.49,149.65,133.31,0.4,-0.18,162.28,144.69
JNJ,Johnson & Johnson,Health Care,Pharmaceuticals,193.72,193.72,138.72,192.22,191.24,186.95,180.58,160.98,0.0,2.11,197.81,176.08
JCI,Johnson Controls,Industrials,Building Products,110.6,111.73,70.88,109.49,108.39,108.28,107.4,94.71,0.0,0.49,111.14,105.41
JPM,JPMorgan Chase,Financials,Diversified Banks,302.36,314.53,208.26,301.25,303.23,307.15,301.72,269.62,0.0,4.87,317.08,297.23
K,Kellanova,Consumer Staples,Packaged Foods & Meats,83.04,83.09,76.96,82.96,82.91,81.63,80.15,80.33,-0.1,3.64,86.06,77.2
KVUE,Kenvue,Consumer Staples,Personal Care Products,14.96,24.0,14.11,15.35,15.88,16.06,18.42,21.06,0.0,16.44,17.42,14.69
KDP,Keurig Dr Pepper,Consumer Staples,Soft Drinks & Non-alcoholic Beverages,27.75,35.85,25.3,27.42,26.61,26.15,28.53,31.63,0.2,0.18,27.8,24.51
KEY,KeyCorp,Financials,Regional Banks,17.38,19.23,12.92,17.37,17.63,18.16,18.46,16.78,-0.2,12.03,19.47,16.85
KEYS,Keysight Technologies,Information Technology,Electronic Equipment & Instruments,164.75,185.11,127.02,163.81,165.52,169.82,168.54,161.86,0.0,9.45,180.32,159.32
KMB,Kimberly-Clark,Consumer Staples,Household Products,120.7,144.6,119.27,120.39,120.23,121.5,126.02,130.27,0.0,3.35,124.74,118.26
KIM,Kimco Realty,Real Estate,Retail REITs,22.0,24.65,18.27,21.71,21.43,21.51,21.72,21.05,0.0,0.41,22.09,20.94
KMI,Kinder Morgan,Energy,Oil & Gas Storage & Transportation,27.52,30.24,23.42,27.41,27.51,27.81,27.27,27.16,0.2,4.11,28.65,26.96
KKR,KKR & Co.,Financials,Asset Management & Custody Banks,120.11,166.38,92.52,121.13,121.74,127.17,135.87,131.36,-0.2,18.25,142.03,112.31
KLAC,KLA Corporation,Information Technology,Semiconductor Materials & Equipment,1152.89,1152.89,573.9,1094.21,1067.96,1079.75,985.94,821.43,0.2,0.8,1162.11,997.34
KHC,Kraft Heinz,Consumer Staples,Packaged Foods & Meats,25.71,34.07,25.04,25.4,25.28,25.67,26.38,27.42,-0.2,3.77,26.68,24.66
KR,Kroger,Consumer Staples,Food Retail,69.15,73.97,54.62,69.05,68.27,67.12,68.03,66.99,-0.2,1.1,69.91,64.33
LHX,L3Harris,Industrials,Aerospace & Defense,290.56,306.76,191.79,289.69,294.06,294.65,283.07,240.61,0.2,6.16,308.46,280.82
LH,Labcorp,Health Care,Health Care Services,290.93,290.93,211.06,284.62,281.25,280.44,277.27,252.64,0.4,-0.91,288.28,272.6
LRCX,Lam Research,Information Technology,Semiconductor Materials & Equipment,144.05,149.15,58.83,142.2,140.41,138.51,119.8,91.72,0.0,5.3,151.68,125.35
LW,Lamb Weston,Consumer Staples,Packaged Foods & Meats,65.67,80.72,47.73,64.76,64.33,61.18,57.98,55.1,0.0,6.09,69.67,52.69
LVS,Las Vegas Sands,Consumer Discretionary,Casinos & Gaming,49.73,57.71,30.35,48.9,49.75,51.64,53.28,45.39,-0.2,13.85,56.62,46.65
LDOS,Leidos,Industrials,Diversified Support Services,190.49,199.29,125.82,186.65,189.65,189.55,184.36,156.17,0.0,4.53,199.12,179.99
LEN,Lennar,Consumer Discretionary,Homebuilding,125.85,179.83,101.41,123.84,121.46,123.75,128.96,118.37,0.0,3.64,130.43,117.07
LII,Lennox International,Industrials,Building Products,534.75,672.47,505.24,527.89,531.92,532.09,553.25,576.76,0.2,3.83,555.23,508.94
LLY,Lilly (Eli),Health Care,Pharmaceuticals,808.96,925.78,624.28,814.02,826.77,800.77,754.6,784.33,0.1,10.11,890.75,710.79
LIN,Linde plc,Materials,Industrial Gases,451.56,483.59,408.92,451.47,456.42,464.48,471.64,457.93,-0.2,7.34,484.7,444.25
LYV,Live Nation Entertainment,Communication Services,Movies & Entertainment,156.77,174.06,114.73,154.35,153.66,157.11,162.01,145.03,-0.2,5.73,165.75,148.47
LKQ,LKQ Corporation,Consumer Discretionary,Distributors,30.11,43.02,28.68,29.91,29.64,30.14,30.96,36.41,-0.2,4.55,31.48,28.81
LMT,Lockheed Martin,Industrials,Aerospace & Defense,505.9,597.79,407.77,499.78,504.06,499.68,472.06,458.68,0.0,2.31,517.59,481.75
L,Loews Corporation,Financials,Multi-line Insurance,99.2,103.05,76.29,99.83,100.96,100.61,97.97,90.11,-0.2,4.54,103.7,97.51
LOW,Lowe's,Consumer Discretionary,Home Improvement Retail,242.27,276.29,209.46,242.47,239.12,245.45,254.82,237.11,-0.2,7.88,261.36,229.55
LULU,Lululemon Athletica,Consumer Discretionary,"Apparel, Accessories & Luxury Goods",172.43,421.16,159.87,168.14,169.95,173.14,181.08,271.59,0.0,5.36,181.67,164.62
LYB,LyondellBasell,Materials,Specialty Chemicals,45.62,84.4,44.91,46.22,46.78,48.1,51.49,59.7,-0.2,12.89,51.5,44.69
MTB,M&T Bank,Financials,Regional Banks,182.07,215.8,154.27,182.69,184.27,190.65,194.0,185.39,-0.2,12.63,205.07,176.24
MPC,Marathon Petroleum,Energy,Oil & Gas Refining & Marketing,186.27,198.69,117.23,183.77,185.09,189.52,180.64,159.06,-0.2,7.38,200.02,179.04
MAR,Marriott International,Consumer Discretionary,"Hotels, Resorts & Cruise Lines",260.0,302.22,210.04,262.81,263.91,264.15,265.25,262.78,0.0,4.28,271.13,257.17
MMC,Marsh McLennan,Financials,Insurance Brokers,189.91,242.13,186.48,195.37,200.38,199.87,201.96,216.02,-0.2,11.18,211.14,188.59
MLM,Martin Marietta Materials,Materials,Construction Materials,627.09,656.85,451.25,634.53,634.34,627.88,619.06,550.09,0.2,3.8,650.92,604.86
MAS,Masco,Industrials,Building Products,68.71,84.25,58.18,68.05,67.61,69.05,71.66,68.83,0.0,5.55,72.52,65.57
MA,Mastercard,Financials,Transaction & Payment Processing Services,566.36,598.17,477.88,561.59,564.4,567.75,578.88,556.83,-0.2,2.91,582.84,552.65
MTCH,Match Group,Communication Services,Interactive Media & Services,32.98,38.56,26.72,32.61,32.54,33.93,36.0,32.46,-0.2,12.37,37.06,30.8
MKC,McCormick & Company,Consumer Staples,Packaged Foods & Meats,67.75,83.15,63.86,66.6,66.03,66.11,67.66,72.9,0.0,1.34,68.66,63.57
MCD,McDonald's,Consumer Discretionary,Restaurants,307.77,317.67,275.0,306.2,301.26,301.6,305.67,301.13,0.0,0.7,309.92,293.28
MCK,McKesson Corporation,Health Care,Health Care Distributors,787.82,791.93,496.98,784.62,772.0,762.82,718.37,682.1,0.2,0.91,794.99,730.66
MDT,Medtronic,Health Care,Health Care Equipment,95.92,98.43,78.03,95.72,96.23,95.86,94.14,88.66,0.0,2.63,98.44,93.28
MRK,Merck & Co.,Health Care,Pharmaceuticals,86.32,105.83,72.03,84.77,85.7,84.65,83.56,83.69,-0.1,6.87,92.25,77.05
META,Meta Platforms,Communication Services,Interactive Media & Services,732.17,789.47,483.96,717.47,717.28,726.5,746.33,672.68,-0.2,3.63,758.75,694.23
MET,MetLife,Financials,Life & Health Insurance,78.74,86.38,67.4,79.91,80.69,81.11,80.13,78.98,0.2,6.65,83.98,78.24
MTD,Mettler Toledo,Health Care,Life Sciences Tools & Services,1357.26,1411.52,970.15,1334.64,1317.68,1287.94,1288.13,1222.71,-0.2,2.27,1388.07,1187.79
MGM,MGM Resorts,Consumer Discretionary,Casinos & Gaming,31.87,41.99,25.79,31.95,32.05,33.42,35.35,33.94,-0.2,14.34,36.44,30.4
MCHP,Microchip Technology,Information Technology,Semiconductors,67.07,76.79,34.83,65.47,64.99,65.07,65.15,59.42,-0.2,1.24,67.9,62.24
MU,Micron Technology,Information Technology,Semiconductors,206.77,206.77,64.62,198.14,193.96,182.85,152.89,111.98,0.0,3.09,213.16,152.54
MSFT,Microsoft,Information Technology,Systems Software,516.79,534.76,353.33,513.8,516.52,515.85,511.89,455.37,0.0,1.96,526.92,504.8
MAA,Mid-America Apartment Communities,Real Estate,Multi-Family Residential REITs,132.89,165.69,131.43,132.25,132.97,134.96,138.23,148.24,-0.2,5.17,139.76,130.15
MRNA,Moderna,Health Care,Biotechnology,27.24,55.22,23.51,26.87,27.07,26.73,25.97,29.65,-0.1,6.46,29.0,24.47
MHK,Mohawk Industries,Consumer Discretionary,Home Furnishings,128.24,161.25,97.99,127.15,123.69,125.87,129.38,116.47,0.0,3.67,132.95,118.79
MOH,Molina Healthcare,Health Care,Managed Health Care,197.49,353.24,152.31,193.2,196.09,194.47,182.22,260.62,-0.1,3.7,204.8,184.15
TAP,Molson Coors Beverage Company,Consumer Staples,Brewers,46.6,61.78,44.09,46.81,46.39,45.89,48.08,52.61,0.0,1.91,47.49,44.29
MDLZ,Mondelez International,Consumer Staples,Packaged Foods & Meats,62.81,70.19,54.9,62.13,61.85,62.23,61.9,63.29,0.1,1.4,63.69,60.77
MPWR,Monolithic Power Systems,Information Technology,Semiconductors,1031.59,1031.59,453.43,1007.85,983.1,948.27,889.78,711.4,0.2,0.91,1040.98,855.54
MNST,Monster Beverage,Consumer Staples,Soft Drinks & Non-alcoholic Beverages,69.76,70.22,46.16,69.48,69.01,67.65,65.27,59.35,0.2,1.94,71.11,64.18
MCO,Moody's Corporation,Financials,Financial Exchanges & Data,474.46,524.53,395.22,474.76,480.26,479.57,496.26,481.87,-0.2,3.71,492.06,467.06
MS,Morgan Stanley,Financials,Investment Banking & Brokerage,161.97,162.65,98.35,159.73,157.35,157.96,153.53,133.88,0.0,0.79,163.25,152.67
MOS,Mosaic Company (The),Materials,Fertilizers & Agricultural Chemicals,29.58,37.55,22.47,29.61,31.31,33.04,32.93,30.83,0.0,27.79,37.8,28.29
MSI,Motorola Solutions,Information Technology,Communications Equipment,448.44,499.65,392.79,446.04,452.11,454.29,463.92,437.64,-0.2,4.66,469.34,439.24
MSCI,MSCI Inc.,Financials,Financial Exchanges & Data,536.7,630.0,503.37,541.47,549.7,556.85,562.22,563.06,-0.2,8.08,580.07,533.65
NDAQ,"Nasdaq, Inc.",Financials,Financial Exchanges & Data,88.86,96.67,66.01,88.91,89.26,88.48,91.68,83.81,0.0,2.07,90.7,86.25
NTAP,NetApp,Information Technology,"Technology Hardware, Storage & Peripherals",117.24,128.5,75.4,119.55,119.07,119.43,117.12,105.74,0.0,5.29,123.44,115.41
NFLX,Netflix,Communication Services,Movies & Entertainment,1238.56,1339.13,687.65,1208.03,1211.56,1200.62,1214.08,1110.21,-0.2,0.61,1246.12,1155.09
NEM,Newmont,Materials,Gold,94.89,98.27,36.49,93.61,90.31,87.84,79.57,57.98,0.2,0.85,95.7,79.98
NWSA,News Corp (Class A),Communication Services,Publishing,26.44,31.03,23.89,26.32,26.43,28.07,28.96,28.18,-0.2,20.01,31.73,24.41
NWS,News Corp (Class B),Communication Services,Publishing,29.94,35.06,27.33,29.76,29.88,31.54,32.73,32.15,-0.2,17.5,35.18,27.9
NEE,NextEra Energy,Utilities,Multi-Utilities,84.77,85.79,63.11,84.96,84.34,80.54,75.65,71.07,0.0,5.23,89.2,71.87
NKE,"Nike, Inc.",Consumer Discretionary,"Apparel, Accessories & Luxury Goods",67.62,81.59,52.64,67.59,67.66,69.42,72.76,68.79,-0.2,9.49,74.04,64.8
NI,NiSource,Utilities,Multi-Utilities,43.85,44.17,33.44,43.36,43.28,43.09,42.12,39.67,0.0,1.23,44.39,41.79
NDSN,Nordson Corporation,Industrials,Industrial Machinery & Supplies & Components,235.66,260.48,166.29,233.24,232.38,230.15,225.12,210.69,0.2,0.98,237.97,222.33
NSC,Norfolk Southern,Industrials,Rail Transportation,291.15,300.41,204.09,289.89,291.47,294.45,285.38,254.06,-0.2,3.99,302.77,286.13
NTRS,Northern Trust,Financials,Asset Management & Custody Banks,128.85,134.6,83.34,127.43,128.21,130.22,129.24,112.62,0.2,5.63,136.1,124.33
NOC,Northrop Grumman,Industrials,Aerospace & Defense,602.0,637.95,427.78,606.27,616.83,607.69,592.09,516.89,-0.2,6.33,640.11,575.26
NCLH,Norwegian Cruise Line Holdings,Consumer Discretionary,"Hotels, Resorts & Cruise Lines",23.25,29.07,15.5,23.27,23.27,24.01,24.61,22.2,0.0,10.62,25.72,22.29
NRG,NRG Energy,Utilities,Independent Power Producers & Energy Traders,167.01,173.91,83.06,168.52,167.02,166.07,158.5,132.26,-0.2,2.9,171.85,160.28
NUE,Nucor,Materials,Steel,136.61,164.83,102.37,135.26,135.87,136.0,140.29,128.75,0.0,2.34,139.81,132.2
NVDA,Nvidia,Information Technology,Semiconductors,182.64,192.57,94.3,181.51,184.57,183.74,179.57,145.77,0.0,5.34,192.39,175.09
NVR,"NVR, Inc.",Consumer Discretionary,Homebuilding,7681.08,9924.4,6700.0,7661.65,7656.02,7850.05,8054.04,7592.02,0.0,7.73,8274.83,7425.6
NXPI,NXP Semiconductors,Information Technology,Semiconductors,219.82,250.84,152.09,216.98,217.36,222.33,224.65,210.28,-0.2,6.81,234.79,209.87
ORLY,O’Reilly Automotive,Consumer Discretionary,Automotive Retail,100.97,107.82,76.44,101.78,101.63,103.41,103.77,93.71,-0.2,6.75,107.79,99.04
OXY,Occidental Petroleum,Energy,Oil & Gas Exploration & Production,41.03,51.86,35.72,41.43,42.66,44.6,45.22,44.71,-0.2,20.42,49.41,39.78
ODFL,Old Dominion,Industrials,Cargo Ground Transportation,140.71,230.37,134.31,137.46,138.52,139.52,145.13,162.26,0.2,2.89,144.78,134.26
OMC,Omnicom Group,Communication Services,Advertising,78.19,101.6,68.6,78.16,78.08,77.91,77.18,76.43,0.0,3.17,80.67,75.15
ON,ON Semiconductor,Information Technology,Semiconductors,54.89,74.7,31.95,52.06,50.52,50.11,49.93,48.93,0.2,-1.99,53.8,46.42
OKE,Oneok,Energy,Oil & Gas Storage & Transportation,68.53,112.93,67.22,68.47,69.71,71.39,72.76,83.67,-0.2,10.26,75.56,67.22
ORCL,Oracle Corporation,Information Technology,Application Software,277.18,327.76,122.35,296.82,295.39,293.27,272.25,200.19,-0.2,13.47,314.52,272.03
OTIS,Otis Worldwide,Industrials,Industrial Machinery & Supplies & Components,91.51,104.22,84.52,91.15,90.58,90.66,89.0,94.05,-0.1,1.33,92.73,88.58
PCAR,Paccar,Industrials,Construction Machinery & Heavy Transportation Equipment,97.48,113.98,85.82,95.53,95.15,96.69,98.41,98.12,0.0,3.34,100.74,92.64
PKG,Packaging Corporation of America,Materials,Paper & Plastic Packaging Products & Materials,205.88,242.86,173.82,206.99,208.47,211.75,209.8,201.24,0.2,6.77,219.82,203.68
PLTR,Palantir Technologies,Information Technology,Application Software,181.59,187.05,41.41,179.44,180.11,180.29,172.02,127.19,-0.2,2.99,187.02,173.55
PANW,Palo Alto Networks,Information Technology,Systems Software,211.82,217.79,152.44,207.9,210.53,207.86,197.22,189.0,-0.4,2.4,216.9,198.83
PSKY,Paramount Skydance Corporation,Communication Services,Movies & Entertainment,16.99,19.73,10.05,17.08,17.45,18.27,16.56,12.84,-0.2,18.72,20.17,16.36
PH,Parker Hannifin,Industrials,Industrial Machinery & Supplies & Components,740.01,769.67,514.56,734.82,736.22,745.93,749.48,677.93,0.0,4.27,771.61,720.24
PAYX,Paychex,Industrials,Human Resource & Employment Services,126.59,158.58,123.42,127.15,126.75,126.59,132.26,142.68,-0.2,2.52,129.78,123.4
PAYC,Paycom,Industrials,Human Resource & Employment Services,201.09,265.28,163.33,200.46,201.48,205.66,215.67,222.42,0.0,9.41,220.01,191.32
PYPL,PayPal,Financials,Transaction & Payment Processing Services,69.2,91.81,57.41,67.96,70.5,69.35,68.87,72.06,0.1,8.54,75.11,63.6
PNR,Pentair,Industrials,Industrial Machinery & Supplies & Components,109.3,112.59,75.76,109.5,109.59,110.03,109.07,99.15,0.0,3.13,112.72,107.33
PEP,PepsiCo,Consumer Staples,Soft Drinks & Non-alcoholic Beverages,153.64,168.54,125.83,152.54,148.6,144.91,145.1,140.13,0.0,1.1,155.33,134.49
PFE,Pfizer,Health Care,Pharmaceuticals,24.69,27.37,20.83,24.47,24.9,25.1,24.89,24.24,0.2,11.1,27.43,22.77
PCG,PG&E Corporation,Utilities,Multi-Utilities,16.68,21.5,12.98,16.54,16.37,15.79,15.38,15.77,0.1,3.3,17.23,14.34
PM,Philip Morris International,Consumer Staples,Tobacco,158.06,181.86,114.18,157.78,157.55,158.49,162.06,158.16,0.0,4.0,164.38,152.59
PSX,Phillips 66,Energy,Oil & Gas Refining & Marketing,130.34,139.46,91.09,129.68,129.97,132.81,130.21,120.27,0.2,7.24,139.78,125.84
PNW,Pinnacle West Capital,Utilities,Multi-Utilities,92.73,93.78,79.36,93.21,92.61,90.38,89.77,89.28,0.2,2.89,95.41,85.35
PNC,PNC Financial Services,Financials,Diversified Banks,182.17,207.33,145.61,182.4,184.89,191.91,195.93,182.25,-0.2,14.05,207.76,176.05
POOL,Pool Corporation,Consumer Discretionary,Distributors,294.07,385.63,283.92,292.07,294.1,301.74,312.44,314.92,0.0,8.31,318.51,284.97
PPG,PPG Industries,Materials,Specialty Chemicals,102.17,128.23,90.49,100.96,100.5,102.5,107.34,109.81,-0.2,4.74,107.01,97.99
PPL,PPL Corporation,Utilities,Electric Utilities,37.67,37.97,30.58,37.65,37.46,37.07,36.49,34.63,0.0,1.09,38.08,36.06
PFG,Principal Financial Group,Financials,Life & Health Insurance,78.97,87.94,68.21,79.64,80.53,81.74,80.44,78.82,0.2,8.13,85.39,78.08
PG,Procter & Gamble,Consumer Staples,Personal Care Products,151.96,176.3,147.42,149.91,150.05,151.26,154.82,160.17,0.0,1.89,154.83,147.69
PGR,Progressive Corporation,Financials,Property & Casualty Insurance,219.38,290.89,219.38,226.73,233.9,238.51,243.13,258.6,-0.2,16.11,254.72,222.29
PLD,Prologis,Real Estate,Industrial REITs,127.18,127.18,88.13,122.13,118.1,116.56,112.87,108.95,0.2,-2.02,124.61,108.51
PRU,Prudential Financial,Financials,Life & Health Insurance,101.52,124.75,92.74,101.77,101.84,102.58,104.73,105.24,-0.2,3.79,105.37,99.79
PEG,Public Service Enterprise Group,Utilities,Electric Utilities,84.83,91.66,75.92,84.22,82.72,82.47,82.54,81.61,-0.2,0.29,85.08,79.87
PTC,PTC Inc.,Information Technology,Application Software,205.87,216.53,136.74,203.12,202.24,202.8,206.61,180.97,-0.2,0.13,206.14,199.46
PSA,Public Storage,Real Estate,Self-Storage REITs,311.8,337.69,260.94,305.86,300.4,293.76,288.63,289.24,0.1,-0.28,310.93,276.59
PHM,PulteGroup,Consumer Discretionary,Homebuilding,123.27,147.88,91.67,124.23,124.04,128.44,130.52,111.95,0.0,12.61,138.81,118.07
PWR,Quanta Services,Industrials,Construction & Engineering,440.74,443.45,236.5,436.13,432.41,421.79,397.51,340.5,0.0,2.21,450.48,393.11
QCOM,Qualcomm,Information Technology,Semiconductors,167.04,173.55,123.21,163.86,163.35,166.02,161.82,155.43,0.0,4.27,174.17,157.85
DGX,Quest Diagnostics,Health Care,Health Care Services,190.41,190.41,144.64,187.9,185.06,184.62,182.01,171.3,0.2,0.72,191.78,177.44
RL,Ralph Lauren Corporation,Consumer Discretionary,"Apparel, Accessories & Luxury Goods",333.0,333.0,181.18,324.06,322.37,318.17,308.01,267.46,0.0,0.14,333.47,302.85
RJF,Raymond James Financial,Financials,Investment Banking & Brokerage,164.98,175.92,122.89,162.58,162.8,166.8,166.93,154.58,-0.4,7.18,176.83,156.78
RTX,RTX Corporation,Industrials,Aerospace & Defense,160.71,169.27,112.45,158.42,160.87,162.73,159.16,139.53,0.4,6.4,171.0,154.47
O,Realty Income,Real Estate,Retail REITs,60.64,61.18,49.38,59.63,59.25,59.63,58.93,55.77,0.0,0.54,60.97,58.29
REG,Regency Centers,Real Estate,Retail REITs,72.21,75.5,64.21,72.08,71.63,71.68,71.39,70.69,0.0,0.8,72.79,70.58
REGN,Regeneron Pharmaceuticals,Health Care,Biotechnology,576.77,993.97,482.34,574.6,571.24,574.25,574.47,599.49,0.0,4.2,600.99,547.53
RF,Regions Financial Corporation,Financials,Regional Banks,24.06,27.4,17.95,24.18,24.59,25.5,26.08,23.25,-0.2,14.88,27.64,23.36
RSG,Republic Services,Industrials,Environmental & Facilities Services,220.13,256.75,195.95,220.74,222.17,224.15,228.19,233.44,-0.2,4.49,230.01,218.28
RMD,ResMed,Health Care,Health Care Equipment,271.41,293.73,203.67,269.85,273.78,273.87,276.97,249.94,0.0,4.32,283.13,264.6
RVTY,Revvity,Health Care,Health Care Equipment,95.31,126.56,82.44,93.16,91.93,89.92,88.62,99.16,-0.1,2.18,97.39,82.46
HOOD,Robinhood Markets,Financials,Investment Banking & Brokerage,135.8,152.46,23.49,133.25,139.42,137.47,121.89,77.37,0.2,14.27,155.18,119.75
ROK,Rockwell Automation,Industrials,Electrical Components & Equipment,352.79,357.15,217.21,348.91,345.26,345.58,344.66,304.98,0.0,0.55,354.73,336.41
ROL,"Rollins, Inc.",Industrials,Environmental & Facilities Services,56.07,58.74,45.24,56.01,56.58,57.15,57.03,54.44,0.0,6.14,59.51,54.79
ROP,Roper Technologies,Information Technology,Electronic Equipment & Instruments,505.89,591.12,494.21,504.81,509.44,504.7,514.26,548.06,0.0,2.6,519.04,490.36
ROST,Ross Stores,Consumer Discretionary,Apparel Retail,157.45,157.45,122.22,156.24,153.6,152.53,149.78,140.81,0.2,0.83,158.76,146.3
RCL,Royal Caribbean Group,Consumer Discretionary,"Hotels, Resorts & Cruise Lines",302.84,364.72,176.89,305.34,306.76,314.62,327.28,271.95,0.0,10.07,333.34,295.89
SPGI,S&P Global,Financials,Financial Exchanges & Data,477.59,563.17,436.73,478.48,480.91,483.16,520.16,511.63,0.0,3.7,495.26,471.04
CRM,Salesforce,Information Technology,Application Software,254.28,365.66,231.26,243.94,243.56,242.66,244.15,273.03,0.0,-1.12,251.43,233.9
SBAC,SBA Communications,Real Estate,Telecom Tower REITs,197.76,242.71,187.49,195.39,191.78,192.76,201.29,214.85,-0.2,1.08,199.9,185.62
SLB,Schlumberger,Energy,Oil & Gas Equipment & Services,33.43,43.04,31.43,32.82,32.96,33.82,34.33,36.08,-0.2,7.45,35.92,31.71
STX,Seagate Technology,Information Technology,"Technology Hardware, Storage & Peripherals",214.4,256.84,65.98,219.37,220.18,227.99,198.62,130.25,-0.2,18.74,254.58,201.41
SRE,Sempra,Utilities,Multi-Utilities,92.72,94.01,62.78,91.75,91.92,90.29,85.01,77.62,0.0,2.46,95.0,85.58
NOW,ServiceNow,Information Technology,Systems Software,917.55,1170.39,721.65,905.99,907.89,915.17,909.99,944.03,-0.1,2.54,940.86,889.5
SHW,Sherwin-Williams,Materials,Specialty Chemicals,331.24,397.11,312.15,332.29,333.42,338.07,352.43,347.95,-0.2,5.26,348.66,327.49
SPG,Simon Property Group,Real Estate,Retail REITs,178.47,187.67,136.92,177.5,177.53,180.96,178.24,165.92,0.0,5.74,188.71,173.21
SWKS,Skyworks Solutions,Information Technology,Semiconductors,76.14,94.95,48.25,74.58,73.95,76.1,75.31,71.58,-0.2,7.3,81.7,70.49
SJM,J.M. Smucker Company (The),Consumer Staples,Packaged Foods & Meats,105.36,116.99,93.48,104.1,104.59,106.45,108.46,107.16,0.0,5.47,111.12,101.79
SW,Smurfit Westrock,Materials,Paper & Plastic Packaging Products & Materials,42.23,55.13,37.46,41.79,41.83,42.07,43.73,45.27,0.0,3.77,43.82,40.32
SNA,Snap-on,Industrials,Industrial Machinery & Supplies & Components,340.87,364.18,288.55,338.88,336.16,339.68,332.8,325.98,0.0,2.93,350.86,328.5
SOLV,Solventum,Health Care,Health Care Technology,72.87,84.04,63.01,71.9,71.73,72.25,72.62,72.81,0.0,2.21,74.48,70.02
SO,Southern Company,Utilities,Electric Utilities,97.69,99.72,78.98,98.66,97.84,96.11,94.03,89.49,0.2,2.44,100.07,92.15
LUV,Southwest Airlines,Industrials,Passenger Airlines,34.43,37.49,23.77,33.64,32.79,32.66,32.05,31.3,0.2,-0.78,34.16,31.16
SWK,Stanley Black & Decker,Industrials,Industrial Machinery & Supplies & Components,69.09,101.91,54.53,67.92,68.42,71.37,73.69,72.33,-0.2,13.69,78.55,64.2
SBUX,Starbucks,Consumer Discretionary,Restaurants,84.53,114.25,78.46,83.65,81.78,83.25,85.6,91.44,0.0,4.06,87.96,78.54
STT,State Street Corporation,Financials,Asset Management & Custody Banks,115.29,117.23,74.25,114.34,114.77,114.68,113.04,99.77,-0.4,2.84,118.56,110.79
STLD,Steel Dynamics,Materials,Steel,146.28,151.94,108.4,144.94,144.85,142.26,135.46,128.83,0.0,2.4,149.79,134.74
STE,Steris,Health Care,Health Care Equipment,242.22,252.43,200.94,239.46,239.19,242.0,244.8,230.68,-0.4,3.14,249.83,234.19
SYK,Stryker Corporation,Health Care,Health Care Equipment,381.22,402.61,335.89,372.93,370.89,369.69,378.64,378.11,0.4,-0.97,377.52,361.87
SMCI,Supermicro,Information Technology,"Technology Hardware, Storage & Peripherals",55.04,60.71,18.01,53.62,54.75,51.92,47.11,42.41,0.0,8.45,59.69,44.16
SYF,Synchrony Financial,Financials,Consumer Finance,72.26,76.86,43.38,71.84,71.02,71.77,73.34,63.68,0.0,4.25,75.33,68.22
SNPS,Synopsys,Information Technology,Application Software,453.35,645.35,380.9,444.17,455.94,468.75,522.71,503.4,0.0,12.06,508.02,429.48
SYY,Sysco,Consumer Staples,Food Distributors,79.9,82.73,67.09,79.77,79.23,80.42,80.33,74.77,0.2,4.12,83.19,77.65
TMUS,T-Mobile US,Communication Services,Wireless Telecommunication Services,230.09,270.87,209.08,228.39,227.63,231.28,241.26,241.75,-0.2,4.93,241.43,221.12
TROW,T. Rowe Price,Financials,Asset Management & Custody Banks,104.24,118.63,78.24,104.59,104.73,104.0,105.09,98.96,0.0,2.75,107.11,100.9
TTWO,Take-Two Interactive,Communication Services,Interactive Home Entertainment,262.29,262.29,154.79,260.42,258.6,256.4,245.71,223.6,0.0,1.41,265.99,246.82
TPR,"Tapestry, Inc.",Consumer Discretionary,"Apparel, Accessories & Luxury Goods",116.34,116.82,42.76,116.52,115.05,114.07,108.39,87.21,-0.2,2.85,119.66,108.49
TRGP,Targa Resources,Energy,Oil & Gas Storage & Transportation,150.94,213.93,146.3,149.47,154.78,161.41,163.21,174.67,0.0,18.74,179.23,143.61
TGT,Target Corporation,Consumer Staples,Consumer Staples Merchandise Retail,91.53,151.01,85.53,90.46,89.39,88.97,92.92,103.4,0.0,0.34,91.84,86.1
TEL,TE Connectivity,Information Technology,Electronic Manufacturing Services,225.96,225.96,121.04,223.29,221.94,220.5,212.76,170.27,0.0,0.4,226.86,214.14
TDY,Teledyne Technologies,Information Technology,Electronic Equipment & Instruments,571.83,593.62,435.54,566.51,572.08,574.98,558.85,513.44,0.0,3.95,594.42,555.57
TER,Teradyne,Information Technology,Semiconductor Materials & Equipment,139.19,147.87,67.79,138.93,139.58,139.15,125.04,102.99,0.2,6.49,148.22,130.07
TSLA,"Tesla, Inc.",Consumer Discretionary,Automobile Manufacturers,447.43,479.86,213.65,435.98,433.66,436.77,389.81,334.94,0.0,2.19,457.23,416.32
TXN,Texas Instruments,Information Technology,Semiconductors,179.59,219.66,143.34,176.17,176.53,179.51,186.79,184.52,-0.2,4.08,186.92,172.11
TPL,Texas Pacific Land Corporation,Energy,Oil & Gas Exploration & Production,934.46,1720.9,853.36,929.18,924.97,934.86,917.07,1146.31,-0.1,4.92,980.44,889.32
TXT,Textron,Industrials,Aerospace & Defense,82.4,90.23,60.69,82.34,83.08,83.84,82.12,76.79,0.4,6.17,87.48,80.19
TMO,Thermo Fisher Scientific,Health Care,Life Sciences Tools & Services,543.84,605.06,389.91,534.65,533.27,514.19,496.43,477.66,0.2,6.0,576.47,451.92
TJX,TJX Companies,Consumer Discretionary,Apparel Retail,143.33,145.16,110.99,143.8,142.27,142.34,139.46,127.69,0.0,1.72,145.8,138.88
TKO,TKO Group Holdings,Communication Services,Movies & Entertainment,186.82,205.33,113.99,189.02,189.93,194.59,192.64,166.74,0.2,10.21,205.89,183.29
TTD,Trade Desk (The),Communication Services,Advertising,52.49,139.51,43.93,50.84,51.95,50.53,50.61,70.86,0.2,5.12,55.18,45.89
TSCO,Tractor Supply,Consumer Discretionary,Other Specialty Retail,55.29,62.65,47.62,55.39,54.79,55.65,58.46,54.66,0.0,4.97,58.04,53.26
TT,Trane Technologies,Industrials,Building Products,418.37,471.46,313.81,419.32,419.76,418.13,417.22,395.53,0.0,3.1,431.34,404.9
TDG,TransDigm Group,Industrials,Aerospace & Defense,1301.68,1516.55,1152.5,1273.43,1278.39,1287.07,1294.5,1308.13,0.2,1.76,1324.59,1249.62
TRV,Travelers Companies (The),Financials,Property & Casualty Insurance,265.25,284.97,229.61,266.78,271.66,275.09,273.29,259.69,0.0,8.75,288.46,261.71
TRMB,Trimble Inc.,Information Technology,Electronic Equipment & Instruments,78.58,85.24,55.12,78.12,78.23,79.51,80.66,74.01,0.0,5.47,82.88,76.14
TFC,Truist Financial,Financials,Diversified Banks,43.45,47.07,33.92,42.87,43.32,44.5,45.04,42.3,-0.2,8.95,47.34,41.65
TYL,Tyler Technologies,Information Technology,Application Software,510.25,646.74,485.73,504.14,504.12,509.74,537.71,568.54,-0.2,4.73,534.38,485.1
TSN,Tyson Foods,Consumer Staples,Packaged Foods & Meats,52.48,62.84,51.58,52.56,52.52,53.37,54.81,56.05,-0.2,5.49,55.36,51.38
USB,U.S. Bancorp,Financials,Diversified Banks,47.1,51.35,35.62,46.4,46.5,47.41,47.54,44.4,-0.2,5.29,49.59,45.24
UBER,Uber,Industrials,Passenger Ground Transportation,93.7,100.1,59.93,93.46,94.78,96.35,95.21,83.75,0.2,7.78,100.99,91.7
UDR,"UDR, Inc.",Real Estate,Multi-Family Residential REITs,36.26,44.54,35.6,36.17,36.0,36.2,37.24,39.8,-0.2,2.04,37.0,35.4
ULTA,Ulta Beauty,Consumer Discretionary,Other Specialty Retail,523.72,566.91,314.47,534.8,545.0,546.97,531.79,444.93,-0.2,9.15,571.64,522.31
UNP,Union Pacific Corporation,Industrials,Rail Transportation,227.3,249.94,205.73,226.04,227.75,230.95,224.44,227.14,-0.3,5.42,239.62,222.28
UAL,United Airlines Holdings,Industrials,Passenger Airlines,101.29,110.52,56.15,101.16,99.78,98.8,101.59,88.84,0.0,3.36,104.69,92.9
UPS,United Parcel Service,Industrials,Air Freight & Logistics,86.91,130.93,82.58,85.42,85.07,84.83,85.4,98.72,-0.2,0.68,87.5,82.16
URI,United Rentals,Industrials,Trading Companies & Distributors,1000.29,1020.0,549.5,1001.36,989.48,973.61,951.61,765.71,0.0,2.19,1022.2,925.04
UNH,UnitedHealth Group,Health Care,Managed Health Care,364.48,611.98,236.28,359.77,361.33,355.69,329.58,389.34,-0.1,1.79,371.0,340.39
UHS,Universal Health Services,Health Care,Health Care Facilities,207.24,235.66,154.78,204.97,203.52,202.84,191.5,182.21,0.0,1.68,210.72,194.95
VLO,Valero Energy,Energy,Oil & Gas Refining & Marketing,160.17,175.63,102.97,159.5,160.46,164.72,156.16,136.11,-0.2,9.83,175.91,153.52
VTR,Ventas,Real Estate,Health Care REITs,71.5,71.5,55.68,69.7,68.82,68.91,68.15,64.88,0.2,-0.53,71.12,66.7
VLTO,Veralto,Industrials,Environmental & Facilities Services,103.98,113.11,85.14,102.5,102.75,104.23,105.94,100.69,-0.4,3.65,107.78,100.67
VRSN,Verisign,Information Technology,Internet Services & Infrastructure,266.92,305.1,175.69,264.45,264.73,272.26,274.5,259.39,-0.2,8.57,289.8,254.74
VRSK,Verisk Analytics,Industrials,Research & Consulting Services,235.29,320.32,229.06,236.81,240.0,243.39,255.36,284.46,-0.2,8.12,254.4,232.38
VZ,Verizon,Communication Services,Integrated Telecommunication Services,40.8,44.3,36.0,40.53,40.37,41.47,42.52,41.3,-0.2,7.62,43.91,39.04
VRTX,Vertex Pharmaceuticals,Health Care,Biotechnology,419.1,516.74,366.54,412.93,412.61,402.81,396.03,445.12,0.1,2.3,428.74,376.89
VTRS,Viatris,Health Care,Pharmaceuticals,10.31,12.87,7.08,10.1,10.02,9.93,10.13,9.41,-0.2,0.87,10.4,9.46
VICI,Vici Properties,Real Estate,Hotel & Resort REITs,31.21,33.46,27.08,31.04,31.15,31.78,32.25,31.14,-0.2,6.38,33.2,30.35
V,Visa Inc.,Financials,Transaction & Payment Processing Services,344.41,372.65,279.77,343.15,345.35,343.88,344.18,343.77,0.0,2.81,354.09,333.69
VST,Vistra Corp.,Utilities,Electric Utilities,194.24,217.92,97.84,204.47,204.49,203.02,200.56,168.02,0.0,9.48,212.65,193.39
VMC,Vulcan Materials Company,Materials,Construction Materials,295.47,309.07,219.65,299.84,301.16,301.11,296.13,267.22,0.0,4.78,309.59,292.63
WRB,W. R. Berkley Corporation,Financials,Property & Casualty Insurance,73.48,78.46,56.03,75.21,76.43,76.09,73.6,68.34,-0.2,7.62,79.08,73.09
GWW,W. W. Grainger,Industrials,Industrial Machinery & Supplies & Components,970.92,1212.97,915.74,959.64,957.58,956.51,981.11,1017.48,-0.2,0.41,974.9,938.15
WAB,Wabtec,Industrials,Construction Machinery & Heavy Transportation Equipment,196.12,214.1,159.81,195.4,195.45,196.42,193.66,193.7,-0.1,2.93,201.87,190.96
WMT,Walmart,Consumer Staples,Consumer Staples Merchandise Retail,107.05,109.03,80.03,107.5,104.94,103.77,101.89,96.49,0.0,1.13,108.26,99.28
DIS,Walt Disney Company (The),Communication Services,Movies & Entertainment,111.96,124.01,81.37,111.08,111.03,112.1,114.73,109.68,-0.2,2.65,114.93,109.27
WBD,Warner Bros. Discovery,Communication Services,Broadcasting,18.32,19.82,7.33,18.25,18.03,18.7,15.66,11.67,0.2,10.43,20.23,17.17
WM,Waste Management,Industrials,Environmental & Facilities Services,215.4,240.36,198.36,215.19,216.74,217.77,220.78,224.29,0.0,2.97,221.8,213.75
WAT,Waters Corporation,Health Care,Life Sciences Tools & Services,343.18,417.28,277.72,335.64,332.2,319.02,306.03,342.39,0.1,3.32,354.57,283.44
WEC,WEC Energy Group,Utilities,Electric Utilities,117.5,117.5,89.8,116.86,115.81,114.38,110.72,105.19,0.2,0.47,118.05,110.72
WFC,Wells Fargo,Financials,Diversified Banks,86.02,86.46,60.29,84.86,82.16,82.53,81.3,76.0,0.0,1.72,87.5,77.56
WELL,Welltower,Real Estate,Health Care REITs,177.71,179.38,122.12,173.31,170.88,172.86,168.97,152.84,0.0,1.45,180.29,165.45
WST,West Pharmaceutical Services,Health Care,Health Care Supplies,274.9,347.02,190.04,267.36,265.85,264.66,255.44,245.17,0.2,0.68,276.77,252.55
WDC,Western Digital,Information Technology,"Technology Hardware, Storage & Peripherals",121.53,131.31,30.45,121.44,120.23,119.58,100.14,63.65,0.2,10.52,134.31,104.84
WY,Weyerhaeuser,Real Estate,Timber REITs,23.3,32.1,23.3,23.63,23.96,24.35,25.0,26.58,0.0,8.97,25.39,23.3
WSM,"Williams-Sonoma, Inc.",Consumer Discretionary,Homefurnishing Retail,189.83,215.07,127.2,188.45,187.98,192.53,196.21,179.74,0.0,7.12,203.35,181.72
WMB,Williams Companies,Energy,Oil & Gas Storage & Transportation,63.06,64.48,49.8,62.84,63.0,63.24,59.84,57.88,0.2,2.62,64.71,61.77
WTW,Willis Towers Watson,Financials,Insurance Brokers,330.05,349.93,286.78,334.19,337.56,340.47,335.1,319.72,0.2,6.8,352.49,328.44
WDAY,"Workday, Inc.",Information Technology,Application Software,241.2,279.91,210.47,235.0,235.44,237.66,231.52,242.54,-0.3,2.58,247.42,227.89
WYNN,Wynn Resorts,Consumer Discretionary,Casinos & Gaming,121.94,133.34,65.78,117.97,119.03,123.64,121.11,97.05,0.0,10.7,134.99,112.29
XEL,Xcel Energy,Utilities,Multi-Utilities,81.28,81.85,61.02,81.24,81.22,80.08,75.3,69.82,0.0,3.44,84.08,76.08
XYL,Xylem Inc.,Industrials,Industrial Machinery & Supplies & Components,146.76,149.9,102.25,145.97,146.33,146.02,143.32,128.87,0.2,2.88,150.99,141.07
YUM,Yum! Brands,Consumer Discretionary,Restaurants,148.16,160.96,121.48,145.06,144.28,147.74,146.95,144.8,0.0,5.08,155.69,139.78
ZBRA,Zebra Technologies,Information Technology,Electronic Equipment & Instruments,301.45,421.11,213.54,294.21,293.16,297.23,308.94,309.53,0.0,4.29,314.38,280.07
ZBH,Zimmer Biomet,Health Care,Health Care Equipment,102.74,112.61,89.76,100.47,98.69,98.73,101.51,100.25,0.4,-0.23,102.5,94.97
ZTS,Zoetis,Health Care,Pharmaceuticals,145.06,190.96,141.11,143.59,143.1,143.72,148.53,156.9,-0.2,1.51,147.25,140.2
