Symbol,Company,GICS_Sector,GICS_Sub_Industry,Current_Price,52_Week_High,52_Week_Low,SMA_5,SMA_10,SMA_20,SMA_50,SMA_100,SMA_125,SMA_200
MMM,3M,Industrials,Industrial Conglomerates,154.78,163.4,120.83,152.97,152.89,154.21,154.92,152.13,150.35,147.53
AOS,A. O. Smith,Industrials,Building Products,69.81,78.71,58.25,69.38,69.45,71.05,71.9,69.57,69.11,67.93
ABT,Abbott Laboratories,Health Care,Health Care Equipment,129.51,139.33,109.21,129.56,130.94,132.1,131.79,131.28,131.18,129.13
ABBV,AbbVie,Health Care,Biotechnology,232.06,243.06,158.28,228.44,228.95,227.73,216.9,202.09,198.42,194.21
ACN,Accenture,Information Technology,IT Consulting & Other Services,242.18,394.41,229.4,239.7,243.92,243.03,246.41,268.63,276.39,299.23
ADBE,Adobe Inc.,Information Technology,Application Software,343.4,557.9,327.5,334.49,339.38,346.38,350.72,365.34,370.52,386.83
AMD,Advanced Micro Devices,Information Technology,Semiconductors,240.56,242.87,76.48,232.98,227.62,197.2,177.52,160.63,149.54,133.64
AES,AES Corporation,Utilities,Independent Power Producers & Energy Traders,14.4,16.98,9.28,14.59,14.51,14.14,13.5,12.63,12.21,11.76
AFL,Aflac,Financials,Life & Health Insurance,108.77,113.9,96.14,108.91,110.17,110.5,108.35,105.1,105.02,104.94
A,Agilent Technologies,Health Care,Life Sciences Tools & Services,143.0,152.88,96.03,140.74,139.8,135.25,127.73,122.25,119.6,122.76
APD,Air Products,Materials,Industrial Gases,254.21,334.71,240.55,256.0,260.01,264.79,279.47,281.53,278.85,284.94
ABNB,Airbnb,Consumer Discretionary,"Hotels, Resorts & Cruise Lines",127.21,163.93,99.88,124.63,122.02,122.05,123.92,129.33,129.05,129.38
AKAM,Akamai Technologies,Information Technology,Internet Services & Infrastructure,74.25,106.8,67.51,73.57,74.37,75.42,76.1,77.05,77.48,80.93
ALB,Albemarle Corporation,Materials,Specialty Chemicals,96.14,111.49,48.84,95.71,94.35,89.92,83.99,75.25,71.79,73.21
ARE,Alexandria Real Estate Equities,Real Estate,Office REITs,76.73,115.36,65.12,75.65,75.38,79.33,79.74,76.65,75.38,80.95
ALGN,Align Technology,Health Care,Health Care Supplies,134.93,246.19,122.0,130.69,130.42,129.2,134.57,158.67,162.96,172.9
ALLE,Allegion,Industrials,Building Products,177.97,180.34,116.14,177.17,176.36,176.29,173.42,161.14,156.95,146.02
LNT,Alliant Energy,Utilities,Electric Utilities,68.59,69.16,54.71,68.24,67.98,67.2,65.82,63.97,63.33,62.12
ALL,Allstate,Financials,Property & Casualty Insurance,193.79,215.7,173.88,198.9,203.89,207.25,205.15,201.44,201.12,197.73
GOOGL,Alphabet Inc. (Class A),Communication Services,Interactive Media & Services,256.55,257.33,140.23,251.56,247.04,246.75,232.35,206.44,197.6,189.17
GOOG,Alphabet Inc. (Class C),Communication Services,Interactive Media & Services,257.02,257.87,142.36,252.12,247.75,247.46,232.98,207.26,198.57,190.47
MO,Altria,Consumer Staples,Tobacco,64.4,67.51,45.54,64.8,65.33,65.45,65.34,61.95,60.98,57.84
AMZN,Amazon,Consumer Discretionary,Broadline Retail,216.48,242.52,161.38,215.19,218.71,219.56,225.41,222.28,217.09,214.23
AMCR,Amcor,Materials,Paper & Plastic Packaging Products & Materials,8.15,10.91,7.81,8.12,8.03,8.07,8.36,8.87,8.93,9.16
AEE,Ameren,Utilities,Multi-Utilities,105.69,106.73,82.82,105.21,104.46,103.61,101.39,99.02,98.47,97.09
AEP,American Electric Power,Utilities,Electric Utilities,117.82,120.46,87.57,117.96,117.69,114.46,112.0,108.45,107.42,104.68
AXP,American Express,Financials,Consumer Finance,349.48,350.22,219.32,336.55,329.59,332.35,325.23,314.93,308.26,299.32
AIG,American International Group,Financials,Multi-line Insurance,77.69,87.1,68.15,79.25,81.06,80.0,79.68,80.79,80.96,79.64
AMT,American Tower,Real Estate,Telecom Tower REITs,193.08,232.28,168.28,190.48,188.01,189.7,195.25,205.58,206.79,202.56
AWK,American Water Works,Utilities,Water Utilities,145.43,153.69,116.64,143.31,142.37,139.67,140.73,140.71,141.07,137.97
AMP,Ameriprise Financial,Financials,Asset Management & Custody Banks,472.68,576.69,393.57,475.69,481.9,487.51,496.99,508.42,505.43,506.36
AME,Ametek,Industrials,Electrical Components & Equipment,187.39,197.03,144.53,185.78,183.84,184.86,185.61,182.56,180.7,179.14
AMGN,Amgen,Health Care,Biotechnology,303.33,330.26,247.06,297.82,295.72,290.58,287.03,288.79,285.51,286.6
APH,Amphenol,Information Technology,Electronic Components,127.67,128.12,56.27,125.78,125.11,124.16,117.67,108.14,102.85,89.44
ADI,Analog Devices,Information Technology,Semiconductors,246.22,257.11,157.31,240.85,237.38,241.01,242.91,236.66,230.63,221.63
AON,Aon plc,Financials,Insurance Brokers,344.11,411.24,322.37,350.03,355.64,356.62,362.84,360.38,359.44,367.19
APA,APA Corporation,Energy,Oil & Gas Exploration & Production,22.49,25.8,13.18,22.83,23.23,23.85,22.87,20.87,19.99,20.06
APO,Apollo Global Management,Financials,Asset Management & Custody Banks,125.19,187.59,101.84,124.55,123.78,128.75,133.96,137.45,136.95,140.57
AAPL,Apple Inc.,Information Technology,"Technology Hardware, Storage & Peripherals",262.24,264.38,168.8,251.82,252.06,253.8,241.73,224.08,220.3,221.79
AMAT,Applied Materials,Information Technology,Semiconductor Materials & Equipment,228.13,232.07,123.04,225.32,220.54,215.19,188.06,184.38,179.07,172.41
APTV,Aptiv,Consumer Discretionary,Automotive Parts & Equipment,83.4,88.8,47.19,83.2,83.08,84.72,81.41,74.97,72.48,68.25
ACGL,Arch Capital Group,Financials,Property & Casualty Insurance,86.97,104.23,82.49,88.3,90.57,90.37,90.58,90.31,90.81,91.32
ADM,Archer Daniels Midland,Consumer Staples,Agricultural Products & Services,63.19,64.57,40.22,62.93,62.36,61.47,61.3,56.96,55.13,52.0
ANET,Arista Networks,Information Technology,Communications Equipment,146.48,162.68,59.43,143.55,148.02,146.51,142.33,123.75,116.76,108.79
AJG,Arthur J. Gallagher & Co.,Financials,Insurance Brokers,279.26,349.78,273.89,287.96,295.85,301.21,298.89,305.89,311.13,313.34
AIZ,Assurant,Financials,Multi-line Insurance,209.15,227.13,173.64,212.52,215.14,215.96,213.56,203.45,201.76,202.47
T,AT&T,Communication Services,Integrated Telecommunication Services,26.1,29.47,20.15,26.17,26.0,26.73,27.95,27.66,27.5,26.48
ATO,Atmos Energy,Utilities,Gas Utilities,177.74,179.7,133.63,177.47,176.5,172.75,168.07,161.06,160.2,154.64
ADSK,Autodesk,Information Technology,Application Software,307.95,329.09,232.67,304.62,307.05,314.03,308.76,304.33,300.67,292.53
ADP,Automatic Data Processing,Industrials,Human Resource & Employment Services,283.03,326.59,269.86,282.92,285.37,288.22,294.19,300.53,301.58,299.53
AZO,AutoZone,Consumer Discretionary,Automotive Retail,3968.57,4388.11,2980.1,4017.93,4034.39,4121.51,4147.18,3945.46,3902.85,3747.72
AVB,AvalonBay Communities,Real Estate,Multi-Family Residential REITs,187.05,231.37,177.24,185.59,185.7,188.41,189.64,194.16,195.8,200.6
AVY,Avery Dennison,Materials,Paper & Plastic Packaging Products & Materials,160.25,217.77,155.31,159.75,159.9,160.9,166.35,171.12,171.74,174.41
AXON,Axon Enterprise,Industrials,Aerospace & Defense,683.13,885.92,422.38,671.13,694.47,707.2,738.16,755.36,738.88,678.41
BKR,Baker Hughes,Energy,Oil & Gas Equipment & Services,46.28,50.93,33.21,45.08,46.03,47.66,46.1,43.09,41.78,42.18
BALL,Ball Corporation,Materials,"Metal, Glass & Plastic Containers",48.71,66.86,43.18,48.05,47.94,48.77,50.44,53.36,53.05,52.33
BAC,Bank of America,Financials,Diversified Banks,52.04,52.88,32.69,51.23,50.36,50.86,50.05,48.04,46.77,45.15
BAX,Baxter International,Health Care,Health Care Equipment,23.13,37.27,21.18,22.95,22.7,22.74,23.46,26.01,26.88,28.64
BDX,Becton Dickinson,Health Care,Health Care Equipment,191.0,248.0,161.47,188.1,188.93,188.32,190.17,182.46,181.48,197.34
BBY,Best Buy,Consumer Discretionary,Computer & Electronics Retail,81.01,94.18,53.55,78.98,77.02,76.27,74.4,71.13,70.45,72.43
TECH,Bio-Techne,Health Care,Life Sciences Tools & Services,62.54,80.37,45.87,60.97,60.28,58.2,55.46,53.78,52.88,57.17
BIIB,Biogen,Health Care,Biotechnology,146.63,191.19,110.04,144.17,146.49,145.85,141.82,135.94,133.28,135.21
BLK,BlackRock,Financials,Asset Management & Custody Banks,1160.0,1219.94,766.05,1177.87,1167.55,1161.1,1139.52,1093.52,1061.94,1018.74
BX,Blackstone Inc.,Financials,Asset Management & Custody Banks,160.44,196.67,114.16,160.52,160.26,166.67,171.42,162.94,157.9,156.21
XYZ,"Block, Inc.",Financials,Transaction & Payment Processing Services,76.5,99.26,44.27,75.71,76.92,76.11,76.15,72.74,69.34,69.75
BK,BNY Mellon,Financials,Asset Management & Custody Banks,108.5,110.87,69.65,107.45,106.78,107.41,105.66,99.8,96.76,91.11
BA,Boeing,Industrials,Aerospace & Defense,216.82,242.69,128.88,213.99,215.94,216.36,222.72,220.08,214.7,197.77
BKNG,Booking Holdings,Consumer Discretionary,"Hotels, Resorts & Cruise Lines",5141.88,5829.37,4082.14,5105.04,5150.92,5306.73,5446.48,5502.8,5432.29,5159.15
BSX,Boston Scientific,Health Care,Health Care Equipment,100.53,109.5,80.64,98.3,97.18,97.23,101.21,102.42,102.69,101.5
BMY,Bristol Myers Squibb,Health Care,Pharmaceuticals,43.59,61.0,42.38,43.6,43.94,44.21,45.54,45.97,46.07,49.49
AVGO,Broadcom,Information Technology,Semiconductors,349.24,373.59,137.54,349.64,345.64,340.43,328.45,299.92,282.4,252.16
BR,Broadridge Financial Solutions,Industrials,Data Processing & Outsourced Services,230.68,270.85,205.06,230.51,232.57,234.27,245.94,244.27,242.58,238.8
BRO,Brown & Brown,Financials,Insurance Brokers,87.52,125.31,86.79,90.32,92.9,93.16,94.05,99.39,101.77,105.85
BLDR,Builders FirstSource,Industrials,Building Products,122.46,198.75,102.6,124.47,124.97,123.81,132.35,127.37,124.86,130.67
BG,Bunge Global,Consumer Staples,Agricultural Products & Services,97.25,99.4,65.6,93.12,87.51,84.56,83.24,80.56,80.08,77.62
BXP,"BXP, Inc.",Real Estate,Office REITs,70.67,85.58,52.95,70.88,71.22,73.12,71.8,70.09,68.89,67.87
CHRW,C.H. Robinson,Industrials,Air Freight & Logistics,127.46,138.0,83.72,127.37,128.33,130.9,128.5,113.77,109.5,105.13
CDNS,Cadence Design Systems,Information Technology,Application Software,329.64,376.45,221.56,325.97,333.32,342.86,348.07,333.15,327.8,307.32
CZR,Caesars Entertainment,Consumer Discretionary,Casinos & Gaming,22.2,45.88,21.4,22.01,22.5,24.6,25.3,26.66,26.99,28.51
CPT,Camden Property Trust,Real Estate,Multi-Family Residential REITs,103.09,123.08,100.41,102.23,102.3,103.83,106.02,109.13,110.16,111.43
CPB,Campbell's Company (The),Consumer Staples,Packaged Foods & Meats,31.02,46.65,29.03,30.62,30.48,31.15,31.91,31.79,32.34,34.37
COF,Capital One,Financials,Consumer Finance,214.87,231.82,142.38,211.73,210.51,214.53,218.74,213.19,208.16,198.6
CAH,Cardinal Health,Health Care,Health Care Distributors,157.27,167.89,105.46,155.36,155.96,155.3,151.69,155.3,153.67,143.78
KMX,CarMax,Consumer Discretionary,Automotive Retail,43.03,91.25,42.34,43.52,43.78,45.92,54.1,59.02,60.38,67.12
CCL,Carnival,Consumer Discretionary,"Hotels, Resorts & Cruise Lines",28.86,32.8,15.07,28.64,28.5,29.02,30.18,28.68,27.13,25.43
CARR,Carrier Global,Industrials,Building Products,57.67,81.42,53.89,57.07,57.59,58.45,61.95,67.29,67.67,66.55
CAT,Caterpillar Inc.,Industrials,Construction Machinery & Heavy Transportation Equipment,531.18,544.99,265.05,532.15,514.6,496.49,455.54,423.34,404.57,380.81
CBOE,Cboe Global Markets,Financials,Financial Exchanges & Data,237.09,255.27,186.22,238.53,240.38,241.29,240.4,237.2,234.33,224.52
CBRE,CBRE Group,Real Estate,Real Estate Services,159.88,167.56,108.45,156.72,154.38,155.83,159.38,149.77,144.87,140.3
CDW,CDW Corporation,Information Technology,Technology Distributors,155.38,220.59,136.33,151.62,151.46,155.88,161.49,168.61,169.71,171.37
COR,Cencora,Health Care,Health Care Distributors,327.39,329.58,222.57,321.8,317.75,312.15,300.95,296.37,294.64,280.15
CNC,Centene Corporation,Health Care,Managed Health Care,35.61,70.11,25.08,35.75,36.56,36.1,32.3,36.55,41.26,48.55
CNP,CenterPoint Energy,Utilities,Multi-Utilities,40.22,40.5,27.87,39.78,39.54,39.15,38.41,37.58,37.56,36.09
CF,CF Industries,Materials,Fertilizers & Agricultural Chemicals,83.93,103.84,66.56,84.53,86.95,88.44,86.55,89.81,88.45,85.56
CRL,Charles River Laboratories,Health Care,Life Sciences Tools & Services,184.14,230.02,91.86,175.69,173.18,166.36,161.26,158.09,152.48,154.61
SCHW,Charles Schwab Corporation,Financials,Investment Banking & Brokerage,94.95,99.42,65.48,94.04,93.75,93.97,94.67,93.24,91.45,86.11
CHTR,Charter Communications,Communication Services,Cable & Satellite,251.51,437.06,248.17,258.16,262.49,267.9,266.18,317.25,333.34,341.33
CVX,Chevron Corporation,Energy,Integrated Oil & Gas,154.48,165.09,129.01,152.75,152.49,154.46,155.7,151.04,147.93,148.57
CMG,Chipotle Mexican Grill,Consumer Discretionary,Restaurants,41.63,66.74,38.3,41.82,41.27,40.65,41.1,46.06,47.03,49.37
CB,Chubb Limited,Financials,Property & Casualty Insurance,268.2,305.88,250.52,273.52,279.38,280.09,277.27,278.85,280.38,279.54
CHD,Church & Dwight,Consumer Staples,Household Products,88.08,115.72,85.08,87.42,87.79,87.57,90.79,93.6,93.93,98.39
CI,Cigna,Health Care,Health Care Services,306.84,351.99,255.6,298.78,301.01,296.97,296.84,299.92,304.32,303.71
CINF,Cincinnati Financial,Financials,Property & Casualty Insurance,154.9,166.9,121.6,154.88,158.42,158.39,155.07,151.2,149.51,144.91
CTAS,Cintas,Industrials,Diversified Support Services,192.33,228.77,179.74,188.09,190.61,196.52,204.22,212.7,213.17,207.85
CSCO,Cisco,Information Technology,Communications Equipment,70.65,72.11,51.49,69.61,69.27,68.47,67.92,67.31,65.8,63.45
C,Citigroup,Financials,Diversified Banks,99.3,105.59,54.71,98.45,97.27,98.97,97.66,91.45,87.44,81.81
CFG,Citizens Financial Group,Financials,Regional Banks,50.29,55.24,31.96,50.3,50.8,52.04,51.32,48.06,46.23,44.63
CLX,Clorox,Consumer Staples,Household Products,119.59,166.9,116.17,118.92,119.52,120.94,121.56,123.07,125.39,133.64
CME,CME Group,Financials,Financial Exchanges & Data,267.62,288.09,204.81,266.68,267.35,266.97,266.81,270.88,271.48,262.08
CMS,CMS Energy,Utilities,Multi-Utilities,75.09,76.11,62.54,74.86,74.21,73.2,72.32,71.37,71.29,70.5
KO,Coca-Cola Company (The),Consumer Staples,Soft Drinks & Non-alcoholic Beverages,68.44,73.29,59.3,67.81,67.22,66.75,67.58,68.56,68.94,67.99
CTSH,Cognizant,Information Technology,IT Consulting & Other Services,66.7,89.77,64.98,66.45,66.94,67.11,69.08,72.9,73.8,75.56
COIN,Coinbase,Financials,Financial Exchanges & Data,343.78,444.65,142.58,337.58,355.19,348.44,329.05,329.41,309.18,278.79
CL,Colgate-Palmolive,Consumer Staples,Household Products,78.75,98.99,76.17,78.08,77.77,78.3,81.34,84.64,85.71,86.79
CMCSA,Comcast,Communication Services,Cable & Satellite,29.57,43.66,29.15,29.62,29.84,30.46,31.89,32.95,33.13,33.74
CAG,Conagra Brands,Consumer Staples,Packaged Foods & Meats,18.5,28.75,17.89,18.43,18.51,18.54,18.89,19.53,20.21,21.97
COP,ConocoPhillips,Energy,Oil & Gas Exploration & Production,87.06,112.56,78.56,87.27,89.37,92.32,93.74,92.69,91.84,93.33
ED,Consolidated Edison,Utilities,Multi-Utilities,101.72,112.97,85.07,101.63,101.31,100.12,99.46,100.21,101.31,100.24
STZ,Constellation Brands,Consumer Staples,Distillers & Vintners,141.23,241.11,131.2,140.22,140.97,138.58,147.3,158.04,163.7,169.59
CEG,Constellation Energy,Utilities,Electric Utilities,370.0,412.7,160.94,389.31,380.83,361.87,335.84,326.21,314.18,291.39
COO,Cooper Companies (The),Health Care,Health Care Supplies,74.99,109.04,61.78,71.7,70.52,69.47,69.67,70.65,72.8,78.2
CPRT,Copart,Industrials,Diversified Support Services,44.76,64.38,43.32,44.5,44.36,44.64,46.52,47.26,49.91,52.43
GLW,Corning Inc.,Information Technology,Electronic Components,85.28,87.78,36.95,85.54,85.55,83.59,75.62,64.76,60.98,55.83
CPAY,Corpay,Financials,Transaction & Payment Processing Services,286.05,400.81,269.02,285.32,286.14,288.94,304.52,316.8,319.81,331.56
CTVA,Corteva,Materials,Fertilizers & Agricultural Chemicals,61.98,77.22,53.14,61.79,62.49,64.36,69.13,71.02,69.89,66.53
CSGP,CoStar Group,Real Estate,Real Estate Services,74.96,97.43,68.26,74.84,76.21,80.02,85.19,84.93,83.32,80.73
COST,Costco,Consumer Staples,Consumer Staples Merchandise Retail,936.11,1075.34,864.06,939.91,933.76,929.43,949.36,963.93,971.96,970.71
CTRA,Coterra,Energy,Oil & Gas Exploration & Production,23.42,29.29,21.84,23.04,23.35,23.49,23.77,24.28,24.28,25.24
CRWD,CrowdStrike,Information Technology,Systems Software,503.61,517.98,294.68,489.69,495.44,491.54,456.75,466.21,459.91,428.94
CCI,Crown Castle,Real Estate,Telecom Tower REITs,98.87,114.47,81.02,97.95,97.16,96.11,96.86,99.39,99.56,96.66
CSX,CSX Corporation,Industrials,Rail Transportation,36.67,37.19,26.01,36.33,36.07,35.53,34.39,33.88,32.97,32.11
CMI,Cummins,Industrials,Construction Machinery & Heavy Transportation Equipment,414.01,440.51,257.24,417.71,420.78,422.64,410.99,374.53,361.42,351.47
CVS,CVS Health,Health Care,Health Care Services,82.48,82.88,42.12,81.34,79.38,77.83,74.18,69.1,68.0,64.99
DHR,Danaher Corporation,Health Care,Life Sciences Tools & Services,208.39,277.73,170.43,208.12,206.64,202.08,201.39,199.51,198.27,203.25
DRI,Darden Restaurants,Consumer Discretionary,Restaurants,187.92,224.86,153.25,187.78,186.67,187.77,197.8,204.11,203.42,198.3
DDOG,Datadog,Information Technology,Application Software,156.29,170.08,81.63,156.25,158.69,151.89,140.7,137.43,131.89,127.24
DVA,DaVita,Health Care,Health Care Services,128.05,179.6,122.93,126.36,126.5,129.01,132.31,136.11,137.21,143.94
DAY,Dayforce,Industrials,Human Resource & Employment Services,68.28,82.69,48.01,68.27,68.39,68.65,67.11,62.16,61.34,61.77
DECK,Deckers Brands,Consumer Discretionary,Footwear,100.19,223.98,93.72,98.96,98.66,101.81,108.72,106.84,109.05,124.67
DE,Deere & Company,Industrials,Agricultural & Farm Machinery,462.44,530.24,381.67,454.9,453.85,457.91,471.76,490.57,490.14,478.79
DELL,Dell Technologies,Information Technology,"Technology Hardware, Storage & Peripherals",147.87,166.1,65.56,150.25,152.66,145.7,136.43,129.38,123.91,114.93
DAL,Delta Air Lines,Industrials,Passenger Airlines,61.75,69.15,34.41,60.88,59.3,58.24,59.16,55.28,53.49,54.0
DVN,Devon Energy,Energy,Oil & Gas Exploration & Production,31.93,39.94,25.53,32.2,33.1,34.16,34.33,33.5,33.08,33.37
DXCM,Dexcom,Health Care,Health Care Equipment,68.43,93.25,57.52,66.6,66.52,66.8,73.21,78.52,78.96,78.76
FANG,Diamondback Energy,Energy,Oil & Gas Exploration & Production,141.19,182.18,112.4,140.7,142.76,143.92,141.97,142.14,140.85,145.4
DLR,Digital Realty,Real Estate,Data Center REITs,172.92,192.35,128.14,173.34,173.13,173.09,169.53,171.17,169.48,164.39
DG,Dollar General,Consumer Staples,Consumer Staples Merchandise Retail,106.44,117.24,65.27,105.22,102.04,101.66,105.98,107.99,105.04,94.67
DLTR,Dollar Tree,Consumer Staples,Consumer Staples Merchandise Retail,99.02,118.06,60.49,96.21,92.31,92.48,100.56,102.41,99.0,88.86
D,Dominion Energy,Utilities,Multi-Utilities,61.45,62.52,46.96,61.17,60.99,60.96,60.21,58.38,57.45,55.8
DPZ,Domino's,Consumer Discretionary,Restaurants,422.94,495.24,392.47,419.57,414.27,421.28,437.7,448.39,454.96,452.83
DASH,DoorDash,Consumer Discretionary,Specialized Consumer Services,265.37,285.5,149.8,267.65,271.11,269.86,259.71,247.45,237.04,217.87
DOV,Dover Corporation,Industrials,Industrial Machinery & Supplies & Components,168.92,220.46,142.22,165.35,164.1,165.54,172.28,176.95,176.71,179.8
DOW,Dow Inc.,Materials,Commodity Chemicals,21.63,49.71,20.11,21.91,21.88,22.49,23.26,25.08,25.76,29.15
DHI,D. R. Horton,Consumer Discretionary,Homebuilding,153.76,193.34,109.8,154.47,154.77,162.17,166.76,150.08,144.68,139.45
DTE,DTE Energy,Utilities,Multi-Utilities,143.32,143.79,111.81,142.18,141.55,140.63,138.16,135.93,135.54,131.93
DUK,Duke Energy,Utilities,Electric Utilities,128.94,129.51,102.41,128.27,127.0,125.02,123.39,120.31,119.61,117.03
DD,DuPont,Materials,Specialty Chemicals,80.95,85.99,53.17,78.95,77.95,77.91,76.66,73.73,72.28,72.76
EMN,Eastman Chemical Company,Materials,Specialty Chemicals,61.54,105.66,56.08,60.84,60.82,62.0,64.52,69.62,71.2,77.75
ETN,Eaton Corporation,Industrials,Electrical Components & Equipment,377.69,398.4,230.37,376.53,375.19,373.42,363.1,358.0,348.2,330.17
EBAY,eBay Inc.,Consumer Discretionary,Broadline Retail,95.65,100.83,55.44,92.15,91.39,91.23,92.91,85.96,82.63,76.24
ECL,Ecolab,Materials,Specialty Chemicals,280.17,285.35,220.55,274.85,274.95,273.37,274.2,270.25,266.62,259.53
EIX,Edison International,Utilities,Electric Utilities,57.65,83.74,46.27,56.77,54.98,54.62,54.55,52.67,53.11,53.73
EW,Edwards Lifesciences,Health Care,Health Care Equipment,75.29,83.0,64.89,73.77,74.34,75.29,77.4,77.32,76.97,74.84
EA,Electronic Arts,Communication Services,Interactive Home Entertainment,200.59,203.75,114.77,200.44,200.26,195.66,181.43,167.02,163.39,153.09
ELV,Elevance Health,Health Care,Managed Health Care,354.07,454.26,272.22,350.2,353.36,341.76,321.96,330.43,344.32,366.13
EMR,Emerson Electric,Industrials,Electrical Components & Equipment,130.35,149.68,89.31,129.71,129.87,130.75,131.86,133.09,128.91,123.85
ENPH,Enphase Energy,Information Technology,Semiconductor Materials & Equipment,37.58,93.57,29.89,37.14,36.38,36.64,36.84,37.93,39.48,47.75
ETR,Entergy,Utilities,Electric Utilities,96.71,98.58,64.83,96.58,96.21,94.69,91.18,87.51,86.5,84.43
EOG,EOG Resources,Energy,Oil & Gas Exploration & Production,106.4,134.2,99.8,106.91,108.0,110.23,115.18,116.19,114.98,117.62
EPAM,EPAM Systems,Information Technology,IT Consulting & Other Services,145.0,269.0,138.15,144.33,146.22,149.57,157.89,163.92,165.41,180.89
EQT,EQT Corporation,Energy,Oil & Gas Exploration & Production,56.45,60.83,34.99,54.5,54.78,54.69,52.59,54.02,53.9,52.62
EFX,Equifax,Industrials,Research & Consulting Services,231.12,283.06,199.2,228.64,230.99,240.16,245.76,251.0,253.66,250.31
EQIX,Equinix,Real Estate,Data Center REITs,825.14,977.63,693.42,818.3,809.74,797.19,786.65,802.33,812.55,831.68
EQR,Equity Residential,Real Estate,Multi-Family Residential REITs,62.35,75.25,58.19,62.09,62.09,63.03,63.74,65.02,65.71,66.52
ERIE,Erie Indemnity,Financials,Insurance Brokers,316.42,510.23,305.49,316.91,319.59,316.88,332.75,342.09,345.63,367.26
ESS,Essex Property Trust,Real Estate,Multi-Family Residential REITs,260.8,307.81,239.32,258.91,259.12,261.62,261.41,269.19,270.55,274.7
EL,Estée Lauder Companies (The),Consumer Staples,Personal Care Products,102.52,104.53,47.94,98.07,95.32,91.29,90.0,85.78,80.92,76.19
EG,Everest Group,Financials,Reinsurance,350.95,387.65,318.14,349.24,352.06,350.85,343.96,340.47,341.32,344.23
EVRG,Evergy,Utilities,Electric Utilities,78.65,79.32,56.9,78.17,77.8,76.51,73.64,70.86,69.9,67.74
ES,Eversource Energy,Utilities,Electric Utilities,72.85,74.46,51.06,71.92,72.16,71.44,67.03,65.64,64.57,61.94
EXC,Exelon,Utilities,Electric Utilities,48.24,48.29,34.98,47.72,47.26,45.96,44.72,43.91,44.0,43.15
EXE,Expand Energy,Energy,Oil & Gas Exploration & Production,106.9,121.47,80.07,102.16,103.89,104.91,99.56,103.94,104.84,103.66
EXPE,Expedia Group,Consumer Discretionary,"Hotels, Resorts & Cruise Lines",218.25,240.98,129.46,217.63,215.95,217.48,215.4,195.79,189.09,183.83
EXPD,Expeditors International,Industrials,Air Freight & Logistics,120.44,128.27,99.78,118.67,117.97,120.1,120.78,117.75,116.45,115.25
EXR,Extra Space Storage,Real Estate,Self-Storage REITs,151.47,168.1,118.4,150.41,146.74,143.53,141.61,143.66,143.65,144.03
XOM,ExxonMobil,Energy,Integrated Oil & Gas,112.7,119.89,96.01,111.9,112.36,113.13,111.71,110.08,108.99,108.41
FFIV,"F5, Inc.",Information Technology,Communications Equipment,296.5,346.0,213.24,313.33,325.48,325.35,322.16,310.0,303.03,292.51
FDS,FactSet,Financials,Financial Exchanges & Data,290.41,495.04,272.5,284.96,283.54,284.33,331.16,378.96,392.28,412.65
FICO,Fair Isaac,Information Technology,Application Software,1620.39,2402.52,1300.0,1628.54,1674.12,1645.33,1534.25,1594.16,1670.72,1737.58
FAST,Fastenal,Industrials,Trading Companies & Distributors,42.99,50.63,34.8,42.48,44.22,46.19,47.7,45.66,44.59,41.88
FRT,Federal Realty Investment Trust,Real Estate,Retail REITs,99.55,113.0,78.83,98.42,97.69,98.3,97.79,95.47,95.0,96.21
FDX,FedEx,Industrials,Air Freight & Logistics,239.81,301.45,191.82,237.0,235.85,237.31,231.52,228.76,226.25,233.62
FIS,Fidelity National Information Services,Financials,Transaction & Payment Processing Services,67.94,90.1,63.0,66.98,67.43,66.42,67.72,73.44,74.32,74.04
FITB,Fifth Third Bancorp,Financials,Regional Banks,41.8,47.33,31.68,41.88,42.41,43.49,43.93,42.29,41.19,40.63
FSLR,First Solar,Information Technology,Semiconductors,229.0,248.04,116.56,233.49,231.31,227.59,211.55,189.93,181.99,170.19
FE,FirstEnergy,Utilities,Electric Utilities,47.23,47.99,36.81,47.24,46.98,46.12,44.54,42.55,42.4,41.13
FI,Fiserv,Financials,Transaction & Payment Processing Services,124.14,238.59,117.84,121.8,123.34,125.79,131.68,145.7,152.06,176.44
F,Ford Motor Company,Consumer Discretionary,Automobile Manufacturers,11.99,12.8,8.21,11.81,11.72,11.9,11.72,11.27,11.05,10.4
FTNT,Fortinet,Information Technology,Systems Software,84.86,114.82,70.12,83.62,84.29,84.58,81.37,91.54,93.91,96.18
FTV,Fortive,Industrials,Industrial Machinery & Supplies & Components,49.28,62.58,45.4,48.83,48.93,49.01,48.47,50.15,50.66,52.97
FOXA,Fox Corporation (Class A),Communication Services,Broadcasting,58.18,65.3,41.2,57.78,58.48,60.06,59.45,57.28,56.24,54.64
FOX,Fox Corporation (Class B),Communication Services,Broadcasting,52.11,59.29,37.77,51.8,52.38,54.01,53.82,52.18,51.39,50.35
BEN,Franklin Resources,Financials,Asset Management & Custody Banks,22.65,25.72,15.81,22.55,22.89,23.02,24.02,23.62,22.91,21.38
FCX,Freeport-McMoRan,Materials,Copper,42.19,49.37,27.35,41.72,41.84,40.27,42.45,42.45,41.48,39.73
GRMN,Garmin,Consumer Discretionary,Consumer Electronics,249.13,261.69,158.51,248.72,251.56,249.3,240.64,227.41,221.08,216.52
IT,Gartner,Information Technology,IT Consulting & Other Services,239.48,584.01,223.65,238.98,241.35,250.33,247.06,312.0,336.42,388.07
GE,GE Aerospace,Industrials,Aerospace & Defense,302.68,306.88,158.62,300.57,299.55,299.11,286.29,270.66,259.92,234.94
GEHC,GE HealthCare,Health Care,Health Care Equipment,75.48,94.71,57.59,73.69,73.52,74.06,74.55,74.01,73.22,76.39
GEV,GE Vernova,Industrials,Heavy Electrical Equipment,594.07,677.29,251.95,611.29,617.51,613.9,615.97,581.48,547.78,470.27
GEN,Gen Digital,Information Technology,Systems Software,26.7,32.09,22.55,26.71,26.84,27.63,29.17,29.31,28.85,28.01
GNRC,Generac,Industrials,Electrical Components & Equipment,195.77,203.25,99.5,190.88,180.88,173.82,182.52,165.47,156.47,149.31
GD,General Dynamics,Industrials,Aerospace & Defense,337.19,345.85,235.63,333.29,336.19,334.7,325.87,309.16,301.61,285.24
GIS,General Mills,Consumer Staples,Packaged Foods & Meats,48.81,67.89,47.48,48.25,48.68,49.17,49.1,49.98,50.69,53.32
GM,General Motors,Consumer Discretionary,Automobile Manufacturers,58.0,62.14,41.36,57.73,56.92,58.53,57.98,54.36,53.01,51.14
GPC,Genuine Parts Company,Consumer Discretionary,Distributors,131.81,143.1,102.41,133.18,132.91,135.75,137.01,131.05,128.78,124.27
GILD,Gilead Sciences,Health Care,Biotechnology,123.11,124.11,83.12,120.11,118.77,115.52,115.04,112.54,110.51,107.28
GPN,Global Payments,Financials,Transaction & Payment Processing Services,87.02,118.69,65.53,85.73,85.95,85.9,86.12,82.75,81.68,88.44
GL,Globe Life,Financials,Life & Health Insurance,135.43,147.54,99.43,136.36,136.24,138.8,139.58,132.27,129.99,126.8
GDDY,GoDaddy,Information Technology,Internet Services & Infrastructure,132.46,216.0,127.65,130.34,131.92,135.24,141.29,156.48,162.12,171.49
GS,Goldman Sachs,Financials,Investment Banking & Brokerage,763.32,825.25,434.87,762.17,770.81,782.81,764.43,719.57,690.08,646.82
HAL,Halliburton,Energy,Oil & Gas Equipment & Services,22.62,31.66,18.43,22.31,22.76,23.68,22.57,21.95,21.58,22.81
HIG,Hartford (The),Financials,Property & Casualty Insurance,123.85,135.17,103.64,126.43,128.68,130.63,131.11,127.83,127.34,122.33
HAS,Hasbro,Consumer Discretionary,Leisure Products,74.79,82.19,48.07,74.25,73.97,74.69,77.15,74.81,72.33,66.86
HCA,HCA Healthcare,Health Care,Health Care Facilities,433.15,439.01,288.25,423.51,422.61,422.46,410.28,389.76,383.75,360.84
DOC,Healthpeak Properties,Real Estate,Health Care REITs,18.72,21.81,16.17,18.41,18.4,18.66,18.01,17.63,17.5,18.08
HSIC,Henry Schein,Health Care,Health Care Distributors,63.93,82.49,60.56,63.12,63.59,65.09,67.0,69.0,68.97,70.14
HSY,Hershey Company (The),Consumer Staples,Packaged Foods & Meats,186.21,202.98,136.73,188.36,190.56,190.0,186.2,179.03,175.33,169.93
HPE,Hewlett Packard Enterprise,Information Technology,"Technology Hardware, Storage & Peripherals",22.87,26.44,11.82,23.67,24.48,24.48,23.54,21.46,20.53,19.75
HLT,Hilton Worldwide,Consumer Discretionary,"Hotels, Resorts & Cruise Lines",261.04,279.81,195.81,262.46,261.4,260.99,267.75,264.84,260.04,253.07
HOLX,Hologic,Health Care,Health Care Equipment,71.87,84.39,51.9,68.63,68.11,67.66,67.21,66.11,64.26,64.46
HD,Home Depot (The),Consumer Discretionary,Home Improvement Retail,388.89,429.19,322.47,388.84,384.76,393.71,402.49,384.1,379.71,378.46
HON,Honeywell,Industrials,Industrial Conglomerates,206.03,240.47,177.52,204.65,205.02,207.15,212.27,219.77,218.48,214.78
HRL,Hormel Foods,Consumer Staples,Packaged Foods & Meats,23.96,32.43,23.06,23.86,23.68,23.99,25.41,27.41,27.73,28.17
HST,Host Hotels & Resorts,Real Estate,Hotel & Resort REITs,16.49,18.32,11.93,16.38,16.29,16.68,16.71,16.16,15.82,15.57
HWM,Howmet Aerospace,Industrials,Aerospace & Defense,192.52,198.48,98.55,191.84,190.52,191.29,183.98,181.58,176.09,157.36
HPQ,HP Inc.,Information Technology,"Technology Hardware, Storage & Peripherals",27.66,38.25,20.76,27.88,27.28,27.15,27.4,26.07,26.15,27.33
HUBB,Hubbell Incorporated,Industrials,Industrial Machinery & Supplies & Components,431.65,475.24,297.55,429.53,422.63,423.75,430.92,420.44,410.1,396.51
HUM,Humana,Health Care,Managed Health Care,284.0,314.25,206.15,270.01,278.52,270.49,279.44,257.89,255.49,260.25
HBAN,Huntington Bancshares,Financials,Regional Banks,15.84,17.93,11.7,15.85,16.02,16.61,16.96,16.61,16.28,15.87
HII,Huntington Ingalls Industries,Industrials,Aerospace & Defense,285.77,296.03,155.93,285.07,285.86,283.53,275.52,260.4,253.37,229.66
IBM,IBM,Information Technology,IT Consulting & Other Services,283.65,301.04,197.92,279.56,282.44,282.14,261.82,267.53,263.97,254.73
IEX,IDEX Corporation,Industrials,Industrial Machinery & Supplies & Components,166.61,234.67,151.55,164.96,164.32,163.21,163.03,169.64,171.6,178.7
IDXX,Idexx Laboratories,Health Care,Health Care Equipment,643.41,688.12,356.14,638.44,632.76,631.8,639.92,592.21,570.6,516.94
ITW,Illinois Tool Works,Industrials,Industrial Machinery & Supplies & Components,252.38,273.07,212.05,248.87,249.05,254.19,258.76,254.36,251.66,250.22
INCY,Incyte,Health Care,Biotechnology,86.17,92.86,53.56,87.03,86.1,85.49,85.23,77.67,74.5,71.89
IR,Ingersoll Rand,Industrials,Industrial Machinery & Supplies & Components,78.47,105.95,65.58,77.08,77.84,80.18,79.82,81.71,81.23,82.33
PODD,Insulet Corporation,Health Care,Health Care Equipment,326.85,353.5,226.5,318.5,317.09,316.28,325.96,313.0,308.45,292.97
INTC,Intel,Information Technology,Semiconductors,38.1,39.65,17.67,36.95,37.07,35.77,29.12,25.3,24.41,23.33
ICE,Intercontinental Exchange,Financials,Financial Exchanges & Data,155.29,188.82,141.12,155.6,157.49,161.39,170.23,175.6,174.8,169.92
IFF,International Flavors & Fragrances,Materials,Specialty Chemicals,64.64,103.24,59.14,62.92,61.67,61.48,63.65,68.85,70.21,73.64
IP,International Paper,Materials,Paper & Plastic Packaging Products & Materials,47.89,58.71,42.44,46.94,46.51,46.34,47.06,47.83,47.55,49.25
IPG,Interpublic Group of Companies (The),Communication Services,Advertising,26.63,31.81,21.93,26.64,26.65,26.61,26.37,25.23,25.04,25.38
INTU,Intuit,Information Technology,Application Software,664.77,812.22,530.03,656.6,653.88,670.01,674.44,720.58,706.98,664.78
ISRG,Intuitive Surgical,Health Care,Health Care Equipment,458.47,616.0,425.0,442.24,440.93,442.49,454.67,486.15,496.45,512.52
IVZ,Invesco,Financials,Asset Management & Custody Banks,22.84,24.54,11.33,23.1,23.32,23.19,22.32,19.74,18.66,17.61
INVH,Invitation Homes,Real Estate,Single-Family Residential REITs,28.6,35.13,27.71,28.5,28.3,28.62,29.45,30.74,31.29,31.41
IQV,IQVIA,Health Care,Life Sciences Tools & Services,212.05,237.21,134.65,206.05,203.66,197.55,191.79,178.62,172.32,177.34
IRM,Iron Mountain,Real Estate,Other Specialized REITs,105.83,126.21,71.19,105.06,104.56,103.58,97.54,97.93,97.03,94.98
JBHT,J.B. Hunt,Industrials,Cargo Ground Transportation,165.49,198.61,122.01,155.62,148.25,141.48,141.55,143.15,141.95,147.8
JBL,Jabil,Information Technology,Electronic Manufacturing Services,204.02,237.14,108.57,206.11,203.83,209.53,211.71,209.68,199.14,180.34
JKHY,Jack Henry & Associates,Financials,Transaction & Payment Processing Services,155.07,194.68,144.12,153.9,152.16,150.38,156.25,166.53,168.52,170.15
J,Jacobs Solutions,Industrials,Construction & Engineering,162.57,164.63,104.68,158.54,156.58,153.49,149.65,141.67,138.06,133.31
JNJ,Johnson & Johnson,Health Care,Pharmaceuticals,193.72,194.48,137.37,192.22,191.24,186.95,180.58,169.36,165.75,160.98
JCI,Johnson Controls,Industrials,Building Products,110.6,112.63,67.78,109.49,108.39,108.28,107.4,106.21,103.2,94.71
JPM,JPMorgan Chase,Financials,Diversified Banks,302.36,316.47,200.22,301.25,303.23,307.15,301.72,291.33,283.65,269.62
K,Kellanova,Consumer Staples,Packaged Foods & Meats,83.04,83.11,76.48,82.96,82.91,81.63,80.15,79.82,80.12,80.33
KVUE,Kenvue,Consumer Staples,Personal Care Products,14.96,24.71,14.05,15.35,15.88,16.06,18.42,19.97,20.63,21.06
KDP,Keurig Dr Pepper,Consumer Staples,Soft Drinks & Non-alcoholic Beverages,27.75,36.17,25.03,27.42,26.61,26.15,28.53,30.74,31.24,31.63
KEY,KeyCorp,Financials,Regional Banks,17.38,19.41,12.43,17.37,17.63,18.16,18.46,17.81,17.3,16.78
KEYS,Keysight Technologies,Information Technology,Electronic Equipment & Instruments,164.75,186.2,121.43,163.81,165.52,169.82,168.54,165.67,163.39,161.86
KMB,Kimberly-Clark,Consumer Staples,Household Products,120.7,147.59,118.18,120.39,120.23,121.5,126.02,127.96,128.94,130.27
KIM,Kimco Realty,Real Estate,Retail REITs,22.0,24.7,17.52,21.71,21.43,21.51,21.72,21.36,21.16,21.05
KMI,Kinder Morgan,Energy,Oil & Gas Storage & Transportation,27.52,30.49,23.22,27.41,27.51,27.81,27.27,27.45,27.36,27.16
KKR,KKR & Co.,Financials,Asset Management & Custody Banks,120.11,169.7,85.9,121.13,121.74,127.17,135.87,135.38,131.99,131.36
KLAC,KLA Corporation,Information Technology,Semiconductor Materials & Equipment,1152.89,1161.18,548.81,1094.21,1067.96,1079.75,985.94,933.77,893.47,821.43
KHC,Kraft Heinz,Consumer Staples,Packaged Foods & Meats,25.71,34.37,24.8,25.4,25.28,25.67,26.38,26.47,26.63,27.42
KR,Kroger,Consumer Staples,Food Retail,69.15,74.52,54.49,69.05,68.27,67.12,68.03,68.82,68.96,66.99
LHX,L3Harris,Industrials,Aerospace & Defense,290.56,308.12,190.25,289.69,294.06,294.65,283.07,269.84,260.39,240.61
LH,Labcorp,Health Care,Health Care Services,290.93,291.78,208.23,284.62,281.25,280.44,277.27,266.89,261.83,252.64
LRCX,Lam Research,Information Technology,Semiconductor Materials & Equipment,144.05,153.7,56.07,142.2,140.41,138.51,119.8,107.28,101.33,91.72
LW,Lamb Weston,Consumer Staples,Packaged Foods & Meats,65.67,82.35,47.25,64.76,64.33,61.18,57.98,55.76,54.92,55.1
LVS,Las Vegas Sands,Consumer Discretionary,Casinos & Gaming,49.73,58.05,29.84,48.9,49.75,51.64,53.28,49.88,47.73,45.39
LDOS,Leidos,Industrials,Diversified Support Services,190.49,200.78,122.65,186.65,189.65,189.55,184.36,170.58,166.79,156.17
LEN,Lennar,Consumer Discretionary,Homebuilding,125.85,180.51,97.13,123.84,121.46,123.75,128.96,120.09,117.6,118.37
LII,Lennox International,Industrials,Building Products,534.75,687.72,496.64,527.89,531.92,532.09,553.25,569.79,568.76,576.76
LLY,Lilly (Eli),Health Care,Pharmaceuticals,808.96,931.67,622.41,814.02,826.77,800.77,754.6,762.52,765.61,784.33
LIN,Linde plc,Materials,Industrial Gases,451.56,484.83,406.06,451.47,456.42,464.48,471.64,468.89,465.28,457.93
LYV,Live Nation Entertainment,Communication Services,Movies & Entertainment,156.77,175.25,112.88,154.35,153.66,157.11,162.01,154.44,151.28,145.03
LKQ,LKQ Corporation,Consumer Discretionary,Distributors,30.11,43.77,28.42,29.91,29.64,30.14,30.96,33.52,34.73,36.41
LMT,Lockheed Martin,Industrials,Aerospace & Defense,505.9,602.02,407.14,499.78,504.06,499.68,472.06,462.59,462.9,458.68
L,Loews Corporation,Financials,Multi-line Insurance,99.2,103.52,74.95,99.83,100.96,100.61,97.97,94.24,92.9,90.11
LOW,Lowe's,Consumer Discretionary,Home Improvement Retail,242.27,279.83,204.22,242.47,239.12,245.45,254.82,239.29,236.34,237.11
LULU,Lululemon Athletica,Consumer Discretionary,"Apparel, Accessories & Luxury Goods",172.43,423.32,159.25,168.14,169.95,173.14,181.08,210.35,227.13,271.59
LYB,LyondellBasell,Materials,Specialty Chemicals,45.62,85.36,44.89,46.22,46.78,48.1,51.49,54.68,54.8,59.7
MTB,M&T Bank,Financials,Regional Banks,182.07,219.44,148.52,182.69,184.27,190.65,194.0,191.47,188.2,185.39
MPC,Marathon Petroleum,Energy,Oil & Gas Refining & Marketing,186.27,201.61,113.82,183.77,185.09,189.52,180.64,174.32,169.3,159.06
MKTX,MarketAxess,Financials,Financial Exchanges & Data,170.94,292.5,161.61,171.18,171.87,173.29,180.48,197.44,201.71,204.58
MAR,Marriott International,Consumer Discretionary,"Hotels, Resorts & Cruise Lines",260.0,305.27,204.35,262.81,263.91,264.15,265.25,266.57,264.19,262.78
MMC,Marsh McLennan,Financials,Insurance Brokers,189.91,245.83,185.12,195.37,200.38,199.87,201.96,207.44,210.8,216.02
MLM,Martin Marietta Materials,Materials,Construction Materials,627.09,665.18,440.72,634.53,634.34,627.88,619.06,589.77,579.43,550.09
MAS,Masco,Industrials,Building Products,68.71,84.74,56.02,68.05,67.61,69.05,71.66,68.33,67.16,68.83
MA,Mastercard,Financials,Transaction & Payment Processing Services,566.36,600.98,463.61,561.59,564.4,567.75,578.88,571.4,569.33,556.83
MTCH,Match Group,Communication Services,Interactive Media & Services,32.98,38.99,26.09,32.61,32.54,33.93,36.0,34.04,33.08,32.46
MKC,McCormick & Company,Consumer Staples,Packaged Foods & Meats,67.75,84.63,63.22,66.6,66.03,66.11,67.66,69.96,70.68,72.9
MCD,McDonald's,Consumer Discretionary,Restaurants,307.77,322.65,271.85,306.2,301.26,301.6,305.67,301.67,303.68,301.13
MCK,McKesson Corporation,Health Care,Health Care Distributors,787.82,793.97,490.22,784.62,772.0,762.82,718.37,715.67,713.4,682.1
MDT,Medtronic,Health Care,Health Care Equipment,95.92,99.37,77.57,95.72,96.23,95.86,94.14,91.15,89.58,88.66
MRK,Merck & Co.,Health Care,Pharmaceuticals,86.32,106.25,71.87,84.77,85.7,84.65,83.56,81.58,80.78,83.69
META,Meta Platforms,Communication Services,Interactive Media & Services,732.17,795.71,479.11,717.47,717.28,726.5,746.33,728.94,703.77,672.68
MET,MetLife,Financials,Life & Health Insurance,78.74,87.17,64.24,79.91,80.69,81.11,80.13,78.84,78.49,78.98
MTD,Mettler Toledo,Health Care,Life Sciences Tools & Services,1357.26,1438.46,946.69,1334.64,1317.68,1287.94,1288.13,1244.6,1217.9,1222.71
MGM,MGM Resorts,Consumer Discretionary,Casinos & Gaming,31.87,42.54,25.3,31.95,32.05,33.42,35.35,35.31,34.73,33.94
MCHP,Microchip Technology,Information Technology,Semiconductors,67.07,77.17,33.63,65.47,64.99,65.07,65.15,66.93,64.07,59.42
MU,Micron Technology,Information Technology,Semiconductors,206.77,214.75,61.44,198.14,193.96,182.85,152.89,133.83,124.53,111.98
MSFT,Microsoft,Information Technology,Systems Software,516.79,554.54,343.59,513.8,516.52,515.85,511.89,503.38,489.07,455.37
MAA,Mid-America Apartment Communities,Real Estate,Multi-Family Residential REITs,132.89,168.08,131.17,132.25,132.97,134.96,138.23,142.41,145.3,148.24
MRNA,Moderna,Health Care,Biotechnology,27.24,57.69,23.15,26.87,27.07,26.73,25.97,27.59,27.31,29.65
MHK,Mohawk Industries,Consumer Discretionary,Home Furnishings,128.24,164.29,96.24,127.15,123.69,125.87,129.38,119.23,116.5,116.47
MOH,Molina Healthcare,Health Care,Managed Health Care,197.49,359.97,151.95,193.2,196.09,194.47,182.22,210.3,231.87,260.62
TAP,Molson Coors Beverage Company,Consumer Staples,Brewers,46.6,63.47,43.8,46.81,46.39,45.89,48.08,48.83,50.08,52.61
MDLZ,Mondelez International,Consumer Staples,Packaged Foods & Meats,62.81,70.58,52.78,62.13,61.85,62.23,61.9,64.22,64.42,63.29
MPWR,Monolithic Power Systems,Information Technology,Semiconductors,1031.59,1041.5,437.16,1007.85,983.1,948.27,889.78,807.32,775.39,711.4
MNST,Monster Beverage,Consumer Staples,Soft Drinks & Non-alcoholic Beverages,69.76,70.69,45.7,69.48,69.01,67.65,65.27,63.43,62.96,59.35
MCO,Moody's Corporation,Financials,Financial Exchanges & Data,474.46,528.95,377.3,474.76,480.26,479.57,496.26,495.45,489.54,481.87
MS,Morgan Stanley,Financials,Investment Banking & Brokerage,161.97,166.77,92.93,159.73,157.35,157.96,153.53,145.27,140.61,133.88
MOS,Mosaic Company (The),Materials,Fertilizers & Agricultural Chemicals,29.58,37.97,21.99,29.61,31.31,33.04,32.93,34.25,33.83,30.83
MSI,Motorola Solutions,Information Technology,Communications Equipment,448.44,502.83,387.0,446.04,452.11,454.29,463.92,442.01,437.46,437.64
MSCI,MSCI Inc.,Financials,Financial Exchanges & Data,536.7,636.39,483.67,541.47,549.7,556.85,562.22,561.5,559.71,563.06
NDAQ,"Nasdaq, Inc.",Financials,Financial Exchanges & Data,88.86,97.36,64.46,88.91,89.26,88.48,91.68,90.43,88.07,83.81
NTAP,NetApp,Information Technology,"Technology Hardware, Storage & Peripherals",117.24,132.76,71.18,119.55,119.07,119.43,117.12,110.43,107.16,105.74
NFLX,Netflix,Communication Services,Movies & Entertainment,1238.56,1341.15,677.88,1208.03,1211.56,1200.62,1214.08,1221.93,1207.61,1110.21
NEM,Newmont,Materials,Gold,94.89,98.58,36.35,93.61,90.31,87.84,79.57,69.35,65.89,57.98
NWSA,News Corp (Class A),Communication Services,Publishing,26.44,31.61,23.3,26.32,26.43,28.07,28.96,28.91,28.67,28.18
NWS,News Corp (Class B),Communication Services,Publishing,29.94,35.47,26.17,29.76,29.88,31.54,32.73,32.98,32.8,32.15
NEE,NextEra Energy,Utilities,Multi-Utilities,84.77,86.74,60.75,84.96,84.34,80.54,75.65,73.75,72.59,71.07
NKE,"Nike, Inc.",Consumer Discretionary,"Apparel, Accessories & Luxury Goods",67.62,82.92,51.67,67.59,67.66,69.42,72.76,70.9,68.52,68.79
NI,NiSource,Utilities,Multi-Utilities,43.85,44.52,33.4,43.36,43.28,43.09,42.12,41.16,40.7,39.67
NDSN,Nordson Corporation,Industrials,Industrial Machinery & Supplies & Components,235.66,262.94,163.83,233.24,232.38,230.15,225.12,220.11,214.75,210.69
NSC,Norfolk Southern,Industrials,Rail Transportation,291.15,302.24,199.43,289.89,291.47,294.45,285.38,273.68,265.03,254.06
NTRS,Northern Trust,Financials,Asset Management & Custody Banks,128.85,135.48,80.54,127.43,128.21,130.22,129.24,124.63,119.63,112.62
NOC,Northrop Grumman,Industrials,Aerospace & Defense,602.0,640.9,420.66,606.27,616.83,607.69,592.09,555.94,539.43,516.89
NCLH,Norwegian Cruise Line Holdings,Consumer Discretionary,"Hotels, Resorts & Cruise Lines",23.25,29.29,14.21,23.27,23.27,24.01,24.61,22.99,21.95,22.2
NRG,NRG Energy,Utilities,Independent Power Producers & Energy Traders,167.01,175.96,79.04,168.52,167.02,166.07,158.5,156.92,152.2,132.26
NUE,Nucor,Materials,Steel,136.61,167.56,96.79,135.26,135.87,136.0,140.29,136.05,131.78,128.75
NVDA,Nvidia,Information Technology,Semiconductors,182.64,195.62,86.61,181.51,184.57,183.74,179.57,169.38,159.87,145.77
NVR,"NVR, Inc.",Consumer Discretionary,Homebuilding,7681.08,9964.77,6562.85,7661.65,7656.02,7850.05,8054.04,7762.2,7639.9,7592.02
NXPI,NXP Semiconductors,Information Technology,Semiconductors,219.82,251.87,146.73,216.98,217.36,222.33,224.65,220.16,214.96,210.28
ORLY,O’Reilly Automotive,Consumer Discretionary,Automotive Retail,100.97,108.72,76.22,101.78,101.63,103.41,103.77,98.5,97.09,93.71
OXY,Occidental Petroleum,Energy,Oil & Gas Exploration & Production,41.03,52.36,34.4,41.43,42.66,44.6,45.22,44.37,43.66,44.71
ODFL,Old Dominion,Industrials,Cargo Ground Transportation,140.71,231.78,133.69,137.46,138.52,139.52,145.13,152.67,154.19,162.26
OMC,Omnicom Group,Communication Services,Advertising,78.19,103.32,67.76,78.16,78.08,77.91,77.18,74.46,74.42,76.43
ON,ON Semiconductor,Information Technology,Semiconductors,54.89,76.06,31.04,52.06,50.52,50.11,49.93,51.89,49.83,48.93
OKE,Oneok,Energy,Oil & Gas Storage & Transportation,68.53,113.92,66.56,68.47,69.71,71.39,72.76,76.39,77.54,83.67
ORCL,Oracle Corporation,Information Technology,Application Software,277.18,345.12,117.98,296.82,295.39,293.27,272.25,245.91,226.94,200.19
OTIS,Otis Worldwide,Industrials,Industrial Machinery & Supplies & Components,91.51,105.86,83.85,91.15,90.58,90.66,89.0,91.69,92.48,94.05
PCAR,Paccar,Industrials,Construction Machinery & Heavy Transportation Equipment,97.48,114.66,84.08,95.53,95.15,96.69,98.41,96.91,95.98,98.12
PKG,Packaging Corporation of America,Materials,Paper & Plastic Packaging Products & Materials,205.88,244.78,170.61,206.99,208.47,211.75,209.8,202.46,199.09,201.24
PLTR,Palantir Technologies,Information Technology,Application Software,181.59,190.0,40.9,179.44,180.11,180.29,172.02,158.63,150.83,127.19
PANW,Palo Alto Networks,Information Technology,Systems Software,211.82,217.94,144.15,207.9,210.53,207.86,197.22,195.5,193.79,189.0
PSKY,Paramount Skydance Corporation,Communication Services,Movies & Entertainment,16.99,20.86,9.92,17.08,17.45,18.27,16.56,14.48,13.92,12.84
PH,Parker Hannifin,Industrials,Industrial Machinery & Supplies & Components,740.01,779.77,485.92,734.82,736.22,745.93,749.48,722.27,705.33,677.93
PAYX,Paychex,Industrials,Human Resource & Employment Services,126.59,160.03,119.02,127.15,126.75,126.59,132.26,139.63,141.62,142.68
PAYC,Paycom,Industrials,Human Resource & Employment Services,201.09,267.33,160.2,200.46,201.48,205.66,215.67,226.33,229.76,222.42
PYPL,PayPal,Financials,Transaction & Payment Processing Services,69.2,93.66,55.85,67.96,70.5,69.35,68.87,70.84,70.52,72.06
PNR,Pentair,Industrials,Industrial Machinery & Supplies & Components,109.3,113.95,73.85,109.5,109.59,110.03,109.07,105.57,103.37,99.15
PEP,PepsiCo,Consumer Staples,Soft Drinks & Non-alcoholic Beverages,153.64,170.89,125.14,152.54,148.6,144.91,145.1,139.64,137.63,140.13
PFE,Pfizer,Health Care,Pharmaceuticals,24.69,27.69,20.18,24.47,24.9,25.1,24.89,24.48,24.09,24.24
PCG,PG&E Corporation,Utilities,Multi-Utilities,16.68,21.59,12.95,16.54,16.37,15.79,15.38,14.83,15.29,15.77
PM,Philip Morris International,Consumer Staples,Tobacco,158.06,183.57,113.18,157.78,157.55,158.49,162.06,168.06,168.2,158.16
PSX,Phillips 66,Energy,Oil & Gas Refining & Marketing,130.34,142.35,89.26,129.68,129.97,132.81,130.21,125.81,122.7,120.27
PNW,Pinnacle West Capital,Utilities,Multi-Utilities,92.73,94.64,79.08,93.21,92.61,90.38,89.77,89.76,90.03,89.28
PNC,PNC Financial Services,Financials,Diversified Banks,182.17,208.54,141.09,182.4,184.89,191.91,195.93,190.1,185.26,182.25
POOL,Pool Corporation,Consumer Discretionary,Distributors,294.07,391.14,281.15,292.07,294.1,301.74,312.44,307.08,306.03,314.92
PPG,PPG Industries,Materials,Specialty Chemicals,102.17,129.03,89.08,100.96,100.5,102.5,107.34,109.51,109.29,109.81
PPL,PPL Corporation,Utilities,Electric Utilities,37.67,38.27,30.49,37.65,37.46,37.07,36.49,35.47,35.34,34.63
PFG,Principal Financial Group,Financials,Life & Health Insurance,78.97,88.63,67.06,79.64,80.53,81.74,80.44,79.01,78.44,78.82
PG,Procter & Gamble,Consumer Staples,Personal Care Products,151.96,177.66,146.97,149.91,150.05,151.26,154.82,156.39,157.31,160.17
PGR,Progressive Corporation,Financials,Property & Casualty Insurance,219.38,292.65,217.2,226.73,233.9,238.51,243.13,250.36,256.06,258.6
PLD,Prologis,Real Estate,Industrial REITs,127.18,127.47,83.8,122.13,118.1,116.56,112.87,109.59,108.46,108.95
PRU,Prudential Financial,Financials,Life & Health Insurance,101.52,125.75,88.12,101.77,101.84,102.58,104.73,104.05,103.58,105.24
PEG,Public Service Enterprise Group,Utilities,Electric Utilities,84.83,92.35,73.5,84.22,82.72,82.47,82.54,82.67,81.76,81.61
PTC,PTC Inc.,Information Technology,Application Software,205.87,219.69,133.38,203.12,202.24,202.8,206.61,196.05,189.55,180.97
PSA,Public Storage,Real Estate,Self-Storage REITs,311.8,342.02,251.43,305.86,300.4,293.76,288.63,288.4,289.48,289.24
PHM,PulteGroup,Consumer Discretionary,Homebuilding,123.27,148.31,87.74,124.23,124.04,128.44,130.52,119.58,116.0,111.95
PWR,Quanta Services,Industrials,Construction & Engineering,440.74,446.6,226.97,436.13,432.41,421.79,397.51,388.15,374.99,340.5
QCOM,Qualcomm,Information Technology,Semiconductors,167.04,178.09,119.4,163.86,163.35,166.02,161.82,157.75,155.28,155.43
DGX,Quest Diagnostics,Health Care,Health Care Services,190.41,191.87,144.18,187.9,185.06,184.62,182.01,177.38,176.67,171.3
RL,Ralph Lauren Corporation,Consumer Discretionary,"Apparel, Accessories & Luxury Goods",333.0,333.14,175.49,324.06,322.37,318.17,308.01,294.66,285.78,267.46
RJF,Raymond James Financial,Financials,Investment Banking & Brokerage,164.98,177.15,116.85,162.58,162.8,166.8,166.93,161.13,157.72,154.58
RTX,RTX Corporation,Industrials,Aerospace & Defense,160.71,170.85,111.21,158.42,160.87,162.73,159.16,152.98,148.15,139.53
O,Realty Income,Real Estate,Retail REITs,60.64,61.34,49.31,59.63,59.25,59.63,58.93,57.6,57.09,55.77
REG,Regency Centers,Real Estate,Retail REITs,72.21,75.93,62.21,72.08,71.63,71.68,71.39,70.8,70.82,70.69
REGN,Regeneron Pharmaceuticals,Health Care,Biotechnology,576.77,1008.77,475.77,574.6,571.24,574.25,574.47,555.62,561.47,599.49
RF,Regions Financial Corporation,Financials,Regional Banks,24.06,27.61,17.36,24.18,24.59,25.5,26.08,24.84,24.04,23.25
RSG,Republic Services,Industrials,Environmental & Facilities Services,220.13,257.43,195.57,220.74,222.17,224.15,228.19,235.75,237.94,233.44
RMD,ResMed,Health Care,Health Care Equipment,271.41,293.81,199.07,269.85,273.78,273.87,276.97,268.31,262.95,249.94
RVTY,Revvity,Health Care,Health Care Equipment,95.31,129.14,81.3,93.16,91.93,89.92,88.62,91.66,91.89,99.16
ROK,Rockwell Automation,Industrials,Electrical Components & Equipment,352.79,359.54,213.27,348.91,345.26,345.58,344.66,339.76,327.8,304.98
ROL,"Rollins, Inc.",Industrials,Environmental & Facilities Services,56.07,59.12,44.94,56.01,56.58,57.15,57.03,56.85,56.71,54.44
ROP,Roper Technologies,Information Technology,Electronic Equipment & Instruments,505.89,592.47,491.43,504.81,509.44,504.7,514.26,536.06,542.16,548.06
ROST,Ross Stores,Consumer Discretionary,Apparel Retail,157.45,157.91,121.69,156.24,153.6,152.53,149.78,142.19,142.5,140.81
RCL,Royal Caribbean Group,Consumer Discretionary,"Hotels, Resorts & Cruise Lines",302.84,365.38,163.05,305.34,306.76,314.62,327.28,316.48,299.72,271.95
SPGI,S&P Global,Financials,Financial Exchanges & Data,477.59,578.04,425.6,478.48,480.91,483.16,520.16,522.23,518.48,511.63
CRM,Salesforce,Information Technology,Application Software,254.28,366.78,226.09,243.94,243.56,242.66,244.15,253.59,258.1,273.03
SBAC,SBA Communications,Real Estate,Telecom Tower REITs,197.76,244.11,185.45,195.39,191.78,192.76,201.29,215.3,218.36,214.85
SLB,Schlumberger,Energy,Oil & Gas Equipment & Services,33.43,43.66,30.61,32.82,32.96,33.82,34.33,34.33,34.24,36.08
STX,Seagate Technology,Information Technology,"Technology Hardware, Storage & Peripherals",214.4,264.83,62.66,219.37,220.18,227.99,198.62,169.35,155.0,130.25
SRE,Sempra,Utilities,Multi-Utilities,92.72,95.72,60.93,91.75,91.92,90.29,85.01,80.71,79.52,77.62
NOW,ServiceNow,Information Technology,Systems Software,917.55,1198.09,678.66,905.99,907.89,915.17,909.99,946.51,954.28,944.03
SHW,Sherwin-Williams,Materials,Specialty Chemicals,331.24,397.81,307.5,332.29,333.42,338.07,352.43,348.97,349.3,347.95
SPG,Simon Property Group,Real Estate,Retail REITs,178.47,188.43,132.99,177.5,177.53,180.96,178.24,169.27,166.72,165.92
SWKS,Skyworks Solutions,Information Technology,Semiconductors,76.14,96.03,47.01,74.58,73.95,76.1,75.31,73.6,72.21,71.58
SJM,J.M. Smucker Company (The),Consumer Staples,Packaged Foods & Meats,105.36,121.73,92.38,104.1,104.59,106.45,108.46,106.14,107.23,107.16
SW,Smurfit Westrock,Materials,Paper & Plastic Packaging Products & Materials,42.23,55.46,36.31,41.79,41.83,42.07,43.73,44.04,43.75,45.27
SNA,Snap-on,Industrials,Industrial Machinery & Supplies & Components,340.87,366.68,286.03,338.88,336.16,339.68,332.8,324.98,322.97,325.98
SOLV,Solventum,Health Care,Health Care Technology,72.87,85.92,60.7,71.9,71.73,72.25,72.62,73.38,72.66,72.81
SO,Southern Company,Utilities,Electric Utilities,97.69,100.84,78.5,98.66,97.84,96.11,94.03,92.64,91.82,89.49
LUV,Southwest Airlines,Industrials,Passenger Airlines,34.43,37.75,23.55,33.64,32.79,32.66,32.05,32.5,31.97,31.3
SWK,Stanley Black & Decker,Industrials,Industrial Machinery & Supplies & Components,69.09,102.67,52.62,67.92,68.42,71.37,73.69,70.76,69.27,72.33
SBUX,Starbucks,Consumer Discretionary,Restaurants,84.53,115.87,74.48,83.65,81.78,83.25,85.6,88.44,87.38,91.44
STT,State Street Corporation,Financials,Asset Management & Custody Banks,115.29,118.24,71.77,114.34,114.77,114.68,113.04,108.55,105.22,99.77
STLD,Steel Dynamics,Materials,Steel,146.28,153.16,102.41,144.94,144.85,142.26,135.46,132.5,131.99,128.83
STE,Steris,Health Care,Health Care Equipment,242.22,253.0,199.47,239.46,239.19,242.0,244.8,239.3,237.92,230.68
SYK,Stryker Corporation,Health Care,Health Care Equipment,381.22,403.95,327.71,372.93,370.89,369.69,378.64,382.3,381.39,378.11
SMCI,Supermicro,Information Technology,"Technology Hardware, Storage & Peripherals",55.04,66.44,17.25,53.62,54.75,51.92,47.11,47.74,45.71,42.41
SYF,Synchrony Financial,Financials,Consumer Finance,72.26,77.41,40.15,71.84,71.02,71.77,73.34,69.66,66.87,63.68
SNPS,Synopsys,Information Technology,Application Software,453.35,651.73,365.74,444.17,455.94,468.75,522.71,532.6,522.72,503.4
SYY,Sysco,Consumer Staples,Food Distributors,79.9,83.13,66.22,79.77,79.23,80.42,80.33,78.2,76.67,74.77
TMUS,T-Mobile US,Communication Services,Wireless Telecommunication Services,230.09,274.51,206.21,228.39,227.63,231.28,241.26,237.83,238.8,241.75
TROW,T. Rowe Price,Financials,Asset Management & Custody Banks,104.24,119.7,75.88,104.59,104.73,104.0,105.09,101.51,99.33,98.96
TTWO,Take-Two Interactive,Communication Services,Interactive Home Entertainment,262.29,264.79,154.03,260.42,258.6,256.4,245.71,239.34,236.97,223.6
TPR,"Tapestry, Inc.",Consumer Discretionary,"Apparel, Accessories & Luxury Goods",116.34,118.56,42.3,116.52,115.05,114.07,108.39,100.89,95.87,87.21
TRGP,Targa Resources,Energy,Oil & Gas Storage & Transportation,150.94,215.2,144.14,149.47,154.78,161.41,163.21,165.07,164.92,174.67
TGT,Target Corporation,Consumer Staples,Consumer Staples Merchandise Retail,91.53,153.07,85.36,90.46,89.39,88.97,92.92,96.19,95.87,103.4
TEL,TE Connectivity,Information Technology,Electronic Manufacturing Services,225.96,226.96,115.38,223.29,221.94,220.5,212.76,195.14,186.65,170.27
TDY,Teledyne Technologies,Information Technology,Electronic Equipment & Instruments,571.83,595.99,419.0,566.51,572.08,574.98,558.85,540.38,528.52,513.44
TER,Teradyne,Information Technology,Semiconductor Materials & Equipment,139.19,150.71,65.6,138.93,139.58,139.15,125.04,108.47,102.41,102.99
TSLA,"Tesla, Inc.",Consumer Discretionary,Automobile Manufacturers,447.43,488.54,212.11,435.98,433.66,436.77,389.81,354.95,345.98,334.94
TXN,Texas Instruments,Information Technology,Semiconductors,179.59,220.1,137.77,176.17,176.53,179.51,186.79,192.77,188.59,184.52
TPL,Texas Pacific Land Corporation,Energy,Oil & Gas Exploration & Production,934.46,1759.83,844.11,929.18,924.97,934.86,917.07,974.95,1045.88,1146.31
TXT,Textron,Industrials,Aerospace & Defense,82.4,91.21,57.67,82.34,83.08,83.84,82.12,80.78,79.1,76.79
TMO,Thermo Fisher Scientific,Health Care,Life Sciences Tools & Services,543.84,609.27,385.11,534.65,533.27,514.19,496.43,461.21,451.73,477.66
TJX,TJX Companies,Consumer Discretionary,Apparel Retail,143.33,146.46,110.34,143.8,142.27,142.34,139.46,132.29,131.56,127.69
TKO,TKO Group Holdings,Communication Services,Movies & Entertainment,186.82,212.49,113.01,189.02,189.93,194.59,192.64,180.45,176.51,166.74
TTD,Trade Desk (The),Communication Services,Advertising,52.49,141.53,42.96,50.84,51.95,50.53,50.61,63.53,63.98,70.86
TSCO,Tractor Supply,Consumer Discretionary,Other Specialty Retail,55.29,63.75,46.46,55.39,54.79,55.65,58.46,56.54,55.32,54.66
TT,Trane Technologies,Industrials,Building Products,418.37,475.11,296.82,419.32,419.76,418.13,417.22,425.78,420.63,395.53
TDG,TransDigm Group,Industrials,Aerospace & Defense,1301.68,1519.36,1107.45,1273.43,1278.39,1287.07,1294.5,1352.36,1346.02,1308.13
TRV,Travelers Companies (The),Financials,Property & Casualty Insurance,265.25,287.95,227.43,266.78,271.66,275.09,273.29,267.83,267.38,259.69
TRMB,Trimble Inc.,Information Technology,Electronic Equipment & Instruments,78.58,87.5,52.91,78.12,78.23,79.51,80.66,79.22,76.82,74.01
TFC,Truist Financial,Financials,Diversified Banks,43.45,47.46,32.72,42.87,43.32,44.5,45.04,43.64,42.66,42.3
TYL,Tyler Technologies,Information Technology,Application Software,510.25,661.31,483.56,504.14,504.12,509.74,537.71,557.07,557.17,568.54
TSN,Tyson Foods,Consumer Staples,Packaged Foods & Meats,52.48,63.75,51.07,52.56,52.52,53.37,54.81,54.61,54.97,56.05
USB,U.S. Bancorp,Financials,Diversified Banks,47.1,51.66,34.43,46.4,46.5,47.41,47.54,46.03,45.11,44.4
UBER,Uber,Industrials,Passenger Ground Transportation,93.7,101.99,59.33,93.46,94.78,96.35,95.21,92.24,90.85,83.75
UDR,"UDR, Inc.",Real Estate,Multi-Family Residential REITs,36.26,44.96,35.21,36.17,36.0,36.2,37.24,38.54,38.99,39.8
ULTA,Ulta Beauty,Consumer Discretionary,Other Specialty Retail,523.72,572.23,309.01,534.8,545.0,546.97,531.79,507.0,485.67,444.93
UNP,Union Pacific Corporation,Industrials,Rail Transportation,227.3,252.32,202.16,226.04,227.75,230.95,224.44,224.91,223.57,227.14
UAL,United Airlines Holdings,Industrials,Passenger Airlines,101.29,116.0,52.0,101.16,99.78,98.8,101.59,92.66,89.05,88.84
UPS,United Parcel Service,Industrials,Air Freight & Logistics,86.91,136.36,82.0,85.42,85.07,84.83,85.4,90.83,91.53,98.72
URI,United Rentals,Industrials,Trading Companies & Distributors,1000.29,1021.47,523.58,1001.36,989.48,973.61,951.61,864.59,826.62,765.71
UNH,UnitedHealth Group,Health Care,Managed Health Care,364.48,617.34,233.13,359.77,361.33,355.69,329.58,309.4,318.24,389.34
UHS,Universal Health Services,Health Care,Health Care Facilities,207.24,239.23,152.16,204.97,203.52,202.84,191.5,182.99,183.16,182.21
VLO,Valero Energy,Energy,Oil & Gas Refining & Marketing,160.17,178.43,97.37,159.5,160.46,164.72,156.16,146.93,141.98,136.11
VTR,Ventas,Real Estate,Health Care REITs,71.5,71.5,55.47,69.7,68.82,68.91,68.15,66.12,65.9,64.88
VLTO,Veralto,Industrials,Environmental & Facilities Services,103.98,114.5,83.69,102.5,102.75,104.23,105.94,103.81,102.51,100.69
VRSN,Verisign,Information Technology,Internet Services & Infrastructure,266.92,309.71,174.64,264.45,264.73,272.26,274.5,277.46,277.22,259.39
VRSK,Verisk Analytics,Industrials,Research & Consulting Services,235.29,321.9,228.09,236.81,240.0,243.39,255.36,277.79,282.61,284.46
VZ,Verizon,Communication Services,Integrated Telecommunication Services,40.8,45.09,35.79,40.53,40.37,41.47,42.52,42.08,42.05,41.3
VRTX,Vertex Pharmaceuticals,Health Care,Biotechnology,419.1,519.88,362.5,412.93,412.61,402.81,396.03,423.31,430.47,445.12
VTRS,Viatris,Health Care,Pharmaceuticals,10.31,13.04,6.68,10.1,10.02,9.93,10.13,9.52,9.29,9.41
VICI,Vici Properties,Real Estate,Hotel & Resort REITs,31.21,33.54,26.86,31.04,31.15,31.78,32.25,32.18,31.93,31.14
V,Visa Inc.,Financials,Transaction & Payment Processing Services,344.41,374.85,278.82,343.15,345.35,343.88,344.18,348.47,348.9,343.77
VST,Vistra Corp.,Utilities,Electric Utilities,194.24,219.82,90.3,204.47,204.49,203.02,200.56,194.02,184.01,168.02
VMC,Vulcan Materials Company,Materials,Construction Materials,295.47,311.74,214.34,299.84,301.16,301.11,296.13,281.44,277.88,267.22
WRB,W. R. Berkley Corporation,Financials,Property & Casualty Insurance,73.48,78.48,55.38,75.21,76.43,76.09,73.6,72.24,72.13,68.34
GWW,W. W. Grainger,Industrials,Industrial Machinery & Supplies & Components,970.92,1219.65,889.92,959.64,957.58,956.51,981.11,1008.98,1017.76,1017.48
WAB,Wabtec,Industrials,Construction Machinery & Heavy Transportation Equipment,196.12,215.82,151.42,195.4,195.45,196.42,193.66,198.53,197.7,193.7
WBA,Walgreens Boots Alliance,Consumer Staples,Drug Retail,11.98,,,11.98,12.03,11.93,11.67,11.39,11.33,10.81
WMT,Walmart,Consumer Staples,Consumer Staples Merchandise Retail,107.05,109.58,79.43,107.5,104.94,103.77,101.89,99.51,98.94,96.49
DIS,Walt Disney Company (The),Communication Services,Movies & Entertainment,111.96,124.69,79.76,111.08,111.03,112.1,114.73,116.69,113.75,109.68
WBD,Warner Bros. Discovery,Communication Services,Broadcasting,18.32,20.24,7.25,18.25,18.03,18.7,15.66,13.57,12.64,11.67
WM,Waste Management,Industrials,Environmental & Facilities Services,215.4,240.84,197.52,215.19,216.74,217.77,220.78,225.54,226.4,224.29
WAT,Waters Corporation,Health Care,Life Sciences Tools & Services,343.18,423.56,275.05,335.64,332.2,319.02,306.03,315.83,322.42,342.39
WEC,WEC Energy Group,Utilities,Electric Utilities,117.5,118.1,89.63,116.86,115.81,114.38,110.72,108.15,107.69,105.19
WFC,Wells Fargo,Financials,Diversified Banks,86.02,87.47,57.76,84.86,82.16,82.53,81.3,79.81,78.35,76.0
WELL,Welltower,Real Estate,Health Care REITs,177.71,180.4,121.46,173.31,170.88,172.86,168.97,162.55,159.65,152.84
WST,West Pharmaceutical Services,Health Care,Health Care Supplies,274.9,351.24,187.09,267.36,265.85,264.66,255.44,241.02,235.26,245.17
WDC,Western Digital,Information Technology,"Technology Hardware, Storage & Peripherals",121.53,137.4,28.74,121.44,120.23,119.58,100.14,82.11,74.89,63.65
WY,Weyerhaeuser,Real Estate,Timber REITs,23.3,32.28,23.23,23.63,23.96,24.35,25.0,25.43,25.44,26.58
WSM,"Williams-Sonoma, Inc.",Consumer Discretionary,Homefurnishing Retail,189.83,217.31,123.45,188.45,187.98,192.53,196.21,183.19,178.68,179.74
WMB,Williams Companies,Energy,Oil & Gas Storage & Transportation,63.06,65.55,49.6,62.84,63.0,63.24,59.84,59.3,59.01,57.88
WTW,Willis Towers Watson,Financials,Insurance Brokers,330.05,352.79,283.83,334.19,337.56,340.47,335.1,320.87,318.13,319.72
WDAY,"Workday, Inc.",Information Technology,Application Software,241.2,294.0,205.33,235.0,235.44,237.66,231.52,234.72,238.57,242.54
WYNN,Wynn Resorts,Consumer Discretionary,Casinos & Gaming,121.94,134.23,64.93,117.97,119.03,123.64,121.11,110.24,105.76,97.05
XEL,Xcel Energy,Utilities,Multi-Utilities,81.28,83.01,60.62,81.24,81.22,80.08,75.3,72.16,71.56,69.82
XYL,Xylem Inc.,Industrials,Industrial Machinery & Supplies & Components,146.76,151.16,99.87,145.97,146.33,146.02,143.32,137.03,134.05,128.87
YUM,Yum! Brands,Consumer Discretionary,Restaurants,148.16,161.72,120.38,145.06,144.28,147.74,146.95,145.85,145.85,144.8
ZBRA,Zebra Technologies,Information Technology,Electronic Equipment & Instruments,301.45,427.76,205.73,294.21,293.16,297.23,308.94,310.68,303.05,309.53
ZBH,Zimmer Biomet,Health Care,Health Care Equipment,102.74,113.87,88.77,100.47,98.69,98.73,101.51,97.28,97.09,100.25
ZTS,Zoetis,Health Care,Pharmaceuticals,145.06,194.19,138.77,143.59,143.1,143.72,148.53,152.64,153.74,156.9
