Symbol,Company,GICS_Sector,GICS_Sub_Industry,Current_Price,High_52_Week,Low_52_Week,SMA5,SMA10,SMA20,SMA50,SMA200,Score,Target_Pcnt,Target_Price,Stop_Loss
ABBV,AbbVie,Health Care,Biotechnology,231.54,231.54,160.57,222.77,222.43,218.3,207.47,191.31,0.2,-1.1,228.99,207.61
AFL,Aflac,Financials,Life & Health Insurance,111.7,112.86,97.56,110.64,109.41,108.5,105.52,104.29,0.4,-0.08,111.61,105.39
ABNB,Airbnb,Consumer Discretionary,"Hotels, Resorts & Cruise Lines",121.42,161.42,105.69,122.57,123.75,123.55,127.21,130.18,0.2,4.35,126.7,120.41
AKAM,Akamai Technologies,Information Technology,Internet Services & Infrastructure,75.76,106.67,68.21,75.93,76.08,76.84,76.62,82.46,0.1,4.32,79.03,74.65
ALB,Albemarle Corporation,Materials,Specialty Chemicals,81.08,108.94,50.16,84.49,82.59,80.24,78.57,73.11,0.2,8.62,88.07,72.41
GOOGL,Alphabet Inc. (Class A),Communication Services,Interactive Media & Services,243.1,254.72,144.4,245.32,248.71,244.06,217.5,185.33,0.2,6.34,258.51,229.6
GOOG,Alphabet Inc. (Class C),Communication Services,Interactive Media & Services,243.55,255.24,146.27,245.9,249.21,244.47,218.15,186.68,0.2,6.35,259.02,229.93
AMZN,Amazon,Consumer Discretionary,Broadline Retail,219.57,242.06,167.32,219.98,224.26,228.23,227.11,214.7,0.2,9.42,240.25,216.19
AEP,American Electric Power,Utilities,Electric Utilities,112.5,114.06,87.97,109.63,108.44,108.48,110.36,102.81,0.4,-1.2,111.15,105.81
AXP,American Express,Financials,Consumer Finance,332.16,342.31,230.81,339.36,339.81,333.03,318.18,297.73,0.2,4.65,347.61,318.47
AMP,Ameriprise Financial,Financials,Asset Management & Custody Banks,491.25,569.83,419.45,494.79,492.95,494.38,505.33,509.79,0.2,3.28,507.36,481.38
AAPL,Apple Inc.,Information Technology,"Technology Hardware, Storage & Peripherals",254.63,258.1,172.0,254.74,250.66,243.12,230.09,221.64,0.2,2.86,261.91,224.33
ACGL,Arch Capital Group,Financials,Property & Casualty Insurance,90.73,109.22,84.99,90.35,89.22,90.08,89.86,91.41,0.1,2.92,93.38,86.77
AJG,Arthur J. Gallagher & Co.,Financials,Insurance Brokers,309.74,347.33,274.22,305.45,302.07,299.6,297.62,312.13,0.1,-0.02,309.68,289.52
AIZ,Assurant,Financials,Multi-line Insurance,216.6,225.29,178.36,215.57,212.97,212.24,206.15,202.14,0.2,0.77,218.27,206.21
ATO,Atmos Energy,Utilities,Gas Utilities,170.75,170.75,134.17,168.4,166.01,165.52,163.09,152.01,0.2,-0.46,169.96,161.08
ADSK,Autodesk,Information Technology,Application Software,317.67,326.79,238.84,321.25,322.05,322.16,306.06,291.8,0.2,3.17,327.74,316.59
AVB,AvalonBay Communities,Real Estate,Multi-Family Residential REITs,193.17,232.03,182.72,193.19,193.25,193.56,192.74,204.47,0.1,1.65,196.36,190.76
BKR,Baker Hughes,Energy,Oil & Gas Equipment & Services,48.72,50.55,34.6,49.95,48.75,47.47,45.36,41.73,0.2,4.39,50.86,44.07
BAC,Bank of America,Financials,Diversified Banks,51.59,52.42,34.0,51.95,51.92,51.08,49.01,44.69,0.2,2.56,52.91,49.24
TECH,Bio-Techne,Health Care,Life Sciences Tools & Services,55.63,79.5,46.59,52.28,52.5,52.64,53.83,58.06,0.2,-0.72,55.23,50.06
BK,BNY Mellon,Financials,Asset Management & Custody Banks,108.96,109.75,69.2,109.09,108.78,106.92,104.05,89.0,0.2,1.88,111.01,102.84
BF-B,Brown–Forman,Consumer Staples,Distillers & Vintners,27.08,48.21,25.45,27.13,27.19,27.46,29.01,31.77,0.2,5.02,28.44,26.48
BG,Bunge Global,Consumer Staples,Agricultural Products & Services,81.25,95.58,67.23,80.81,79.91,81.21,81.05,77.01,0.2,4.81,85.16,77.26
CHRW,C.H. Robinson,Industrials,Air Freight & Logistics,132.4,137.09,85.99,132.64,133.97,131.56,122.29,103.36,0.2,4.51,138.37,124.75
CPB,Campbell's Company (The),Consumer Staples,Packaged Foods & Meats,31.58,47.46,30.28,32.09,32.74,33.12,32.68,35.46,0.1,10.1,34.77,31.46
COR,Cencora,Health Care,Health Care Distributors,312.53,312.53,217.68,306.96,299.59,297.79,293.54,273.99,0.2,-0.14,312.09,283.51
CNC,Centene Corporation,Health Care,Managed Health Care,35.68,75.28,25.21,34.96,33.62,32.34,29.42,50.14,0.1,2.24,36.48,28.21
CHTR,Charter Communications,Communication Services,Cable & Satellite,275.11,427.25,256.57,271.72,268.45,265.3,275.17,347.91,0.4,-0.08,274.89,255.73
CI,Cigna,Health Care,Health Care Services,288.25,351.85,260.91,287.31,289.6,295.48,291.39,301.89,0.1,7.26,309.18,281.78
CINF,Cincinnati Financial,Financials,Property & Casualty Insurance,158.1,158.1,125.14,156.06,155.34,154.44,152.13,143.8,0.2,-0.22,157.75,151.11
C,Citigroup,Financials,Diversified Banks,101.5,103.49,57.29,102.37,102.52,100.09,96.51,79.82,0.2,4.13,105.69,94.49
ED,Consolidated Edison,Utilities,Multi-Utilities,100.52,111.42,85.77,99.37,98.11,97.67,100.03,99.37,0.2,-0.35,100.17,95.17
CTRA,Coterra,Energy,Oil & Gas Exploration & Production,23.65,29.06,21.94,23.71,23.69,23.94,23.86,25.29,0.1,4.57,24.73,23.16
CRWD,CrowdStrike,Information Technology,Systems Software,490.38,514.1,275.15,481.93,483.76,455.83,445.26,419.56,0.2,5.64,518.04,393.59
CSX,CSX Corporation,Industrials,Rail Transportation,35.51,36.37,26.47,34.59,33.94,33.19,34.19,31.84,0.2,-0.79,35.23,31.15
DECK,Deckers Brands,Consumer Discretionary,Footwear,101.37,223.11,95.32,105.5,110.06,114.45,110.8,132.16,0.1,25.11,126.82,102.09
DVN,Devon Energy,Energy,Oil & Gas Exploration & Production,35.06,41.79,26.43,35.71,35.11,34.89,34.1,33.22,0.2,3.79,36.39,33.38
DOW,Dow Inc.,Materials,Commodity Chemicals,22.93,51.44,20.57,22.82,23.23,23.76,23.68,30.25,0.1,10.29,25.29,22.24
DHI,D. R. Horton,Consumer Discretionary,Homebuilding,169.47,192.41,114.44,167.79,167.73,172.44,163.79,138.22,0.2,8.46,183.81,161.06
EA,Electronic Arts,Communication Services,Interactive Home Entertainment,201.7,202.05,116.08,186.55,180.01,174.76,169.15,149.66,0.2,-2.87,195.91,153.6
ENPH,Enphase Energy,Information Technology,Semiconductor Materials & Equipment,35.39,115.0,30.11,36.61,37.65,37.78,36.06,50.2,0.1,13.53,40.18,35.37
ETR,Entergy,Utilities,Electric Utilities,93.19,93.55,62.67,92.18,90.57,89.48,89.18,82.86,0.2,0.24,93.41,85.56
EXR,Extra Space Storage,Real Estate,Self-Storage REITs,140.94,172.52,123.86,139.52,139.99,142.05,140.8,144.06,0.1,4.59,147.41,136.68
XOM,ExxonMobil,Energy,Integrated Oil & Gas,112.75,121.0,98.11,114.87,114.23,113.01,110.56,107.87,0.2,3.61,116.82,109.2
FFIV,"F5, Inc.",Information Technology,Communications Equipment,323.19,334.59,213.57,323.84,325.84,323.72,317.31,287.64,0.2,3.68,335.08,312.37
FDX,FedEx,Industrials,Air Freight & Logistics,235.81,298.15,195.55,236.08,232.82,229.52,228.66,236.08,0.1,1.18,238.59,220.45
FIS,Fidelity National Information Services,Financials,Transaction & Payment Processing Services,65.94,89.09,63.37,64.78,65.04,66.3,70.57,75.0,0.2,5.38,69.49,63.1
FSLR,First Solar,Information Technology,Semiconductors,220.53,255.75,120.38,221.26,217.41,210.49,198.05,167.09,0.2,2.5,226.04,194.95
FE,FirstEnergy,Utilities,Electric Utilities,45.82,45.82,37.17,45.0,44.22,43.82,43.25,40.56,0.2,-0.94,45.39,42.26
FOXA,Fox Corporation (Class A),Communication Services,Broadcasting,63.06,63.06,40.96,61.5,61.12,60.26,58.31,53.85,0.2,0.98,63.68,56.83
FOX,Fox Corporation (Class B),Communication Services,Broadcasting,57.29,57.29,37.61,55.67,55.19,54.52,53.08,49.8,0.2,0.72,57.7,51.34
GRMN,Garmin,Consumer Discretionary,Consumer Electronics,246.22,246.22,159.13,241.07,238.57,237.86,233.67,213.38,0.2,-0.9,244.0,231.71
IT,Gartner,Information Technology,IT Consulting & Other Services,262.87,551.8,225.98,262.67,259.48,251.82,266.83,405.48,0.2,2.6,269.7,233.94
GE,GE Aerospace,Industrials,Aerospace & Defense,300.82,305.26,158.97,297.16,297.84,289.55,278.07,225.63,0.2,2.6,308.64,270.48
GD,General Dynamics,Industrials,Aerospace & Defense,341.0,341.0,239.38,330.31,327.14,325.79,319.8,280.96,0.2,-1.83,334.76,316.81
GM,General Motors,Consumer Discretionary,Automobile Manufacturers,60.97,61.24,42.24,60.77,59.83,59.02,56.49,50.74,0.2,0.51,61.28,56.75
GPC,Genuine Parts Company,Consumer Discretionary,Distributors,138.6,142.77,103.92,138.08,138.15,138.87,136.12,122.89,0.2,2.5,142.06,135.68
GL,Globe Life,Financials,Life & Health Insurance,142.97,146.55,102.81,143.48,144.1,142.54,139.74,124.95,0.2,2.43,146.44,138.64
GS,Goldman Sachs,Financials,Investment Banking & Brokerage,796.35,806.32,457.48,798.03,800.56,781.78,748.12,632.2,0.2,4.2,829.8,733.81
HAL,Halliburton,Energy,Oil & Gas Equipment & Services,24.6,31.1,18.96,24.76,23.78,22.94,22.15,23.04,0.1,2.89,25.31,20.58
HCA,HCA Healthcare,Health Care,Health Care Facilities,426.2,426.2,294.93,419.54,411.72,409.37,390.84,352.35,0.2,0.08,426.54,392.17
HPE,Hewlett Packard Enterprise,Information Technology,"Technology Hardware, Storage & Peripherals",24.56,25.24,12.35,24.27,24.61,24.25,22.38,19.51,0.2,4.23,25.6,22.9
HWM,Howmet Aerospace,Industrials,Aerospace & Defense,196.23,196.23,98.93,192.27,191.46,186.78,182.22,151.8,0.2,1.25,198.68,174.89
HUBB,Hubbell Incorporated,Industrials,Industrial Machinery & Supplies & Components,430.31,466.13,313.96,426.71,432.21,435.11,432.99,397.12,0.2,4.19,448.34,421.88
ITW,Illinois Tool Works,Industrials,Industrial Machinery & Supplies & Components,260.76,273.51,217.09,260.13,261.07,262.53,261.48,252.05,0.2,2.42,267.07,257.99
IBKR,Interactive Brokers,Financials,Investment Banking & Brokerage,68.81,68.81,34.04,66.63,65.52,64.06,63.96,52.59,0.2,-0.64,68.37,59.74
IPG,Interpublic Group of Companies (The),Communication Services,Advertising,27.91,30.52,22.33,26.72,26.31,26.44,25.9,25.47,0.4,-1.33,27.54,25.34
INVH,Invitation Homes,Real Estate,Single-Family Residential REITs,29.33,34.81,28.9,29.07,29.21,29.52,30.12,31.62,0.2,3.34,30.31,28.72
IRM,Iron Mountain,Real Estate,Other Specialized REITs,101.94,124.18,75.72,101.05,101.21,98.06,95.0,94.97,0.2,4.68,106.71,89.41
JBHT,J.B. Hunt,Industrials,Cargo Ground Transportation,134.17,195.43,123.94,133.74,133.34,137.11,141.49,149.72,0.2,8.94,146.16,128.05
J,Jacobs Solutions,Industrials,Construction & Engineering,149.86,151.85,109.18,147.98,148.45,146.93,145.97,131.7,0.2,0.85,151.13,142.72
JNJ,Johnson & Johnson,Health Care,Pharmaceuticals,185.42,185.42,138.72,180.23,177.95,177.8,174.33,157.59,0.2,-1.5,182.64,172.97
JCI,Johnson Controls,Industrials,Building Products,109.95,111.73,70.88,107.49,107.96,107.48,106.93,92.72,0.2,-0.19,109.74,105.23
JPM,JPMorgan Chase,Financials,Diversified Banks,315.43,316.06,200.72,314.81,313.9,307.93,299.8,265.98,0.2,2.19,322.34,293.52
KDP,Keurig Dr Pepper,Consumer Staples,Soft Drinks & Non-alcoholic Beverages,25.51,36.37,25.5,25.64,26.1,26.84,30.46,32.01,0.2,13.25,28.89,24.78
KIM,Kimco Realty,Real Estate,Retail REITs,21.85,24.65,18.27,21.64,21.8,22.1,21.67,21.15,0.2,4.39,22.81,21.39
KR,Kroger,Consumer Staples,Food Retail,67.41,73.97,54.1,66.07,65.87,66.74,69.07,66.51,0.2,2.25,68.93,64.56
LHX,L3Harris,Industrials,Aerospace & Defense,305.41,305.41,191.79,293.83,288.82,282.53,276.43,234.83,0.2,-1.76,300.03,265.03
LH,Labcorp,Health Care,Health Care Services,287.06,287.06,209.65,281.18,279.52,277.92,271.79,248.95,0.4,-0.96,284.3,271.55
LEN,Lennar,Consumer Discretionary,Homebuilding,126.04,180.59,101.84,125.89,126.78,132.16,127.57,119.86,0.2,14.84,144.74,119.57
LKQ,LKQ Corporation,Consumer Discretionary,Distributors,30.54,43.02,28.96,30.33,30.53,31.36,31.28,36.84,0.1,8.68,33.19,29.53
L,Loews Corporation,Financials,Multi-line Insurance,100.39,100.39,76.27,99.73,98.44,97.6,95.38,88.89,0.2,0.0,100.39,94.81
LULU,Lululemon Athletica,Consumer Discretionary,"Apparel, Accessories & Luxury Goods",177.93,421.16,159.87,176.91,173.42,172.61,190.69,286.54,0.2,9.98,195.69,149.53
MPC,Marathon Petroleum,Energy,Oil & Gas Refining & Marketing,192.74,198.69,117.23,195.49,191.07,186.03,175.42,155.47,0.2,2.98,198.48,173.57
MA,Mastercard,Financials,Transaction & Payment Processing Services,568.81,598.96,478.51,567.64,576.15,581.16,578.61,554.66,0.2,5.59,600.61,561.7
MCK,McKesson Corporation,Health Care,Health Care Distributors,772.54,772.54,480.14,758.4,731.1,715.85,700.22,668.58,0.2,-0.11,771.69,660.04
META,Meta Platforms,Communication Services,Interactive Media & Services,734.38,789.47,483.96,746.22,758.44,756.88,751.82,664.82,0.2,6.67,783.36,730.39
MOH,Molina Healthcare,Health Care,Managed Health Care,191.36,353.24,152.31,191.26,185.19,181.63,172.61,267.51,0.1,1.84,194.88,168.36
MNST,Monster Beverage,Consumer Staples,Soft Drinks & Non-alcoholic Beverages,67.31,67.31,46.16,65.83,65.29,64.52,62.97,58.21,0.2,-0.19,67.18,61.87
MOS,Mosaic Company (The),Materials,Fertilizers & Agricultural Chemicals,34.68,37.55,22.47,35.08,34.52,33.78,33.72,30.28,0.2,3.26,35.81,31.75
NFLX,Netflix,Communication Services,Movies & Entertainment,1198.92,1339.13,687.65,1205.63,1213.72,1220.76,1208.02,1090.33,0.2,5.29,1262.34,1179.16
NWSA,News Corp (Class A),Communication Services,Publishing,30.71,31.03,23.89,30.52,30.53,29.95,29.57,28.25,0.2,1.82,31.27,28.62
NTRS,Northern Trust,Financials,Asset Management & Custody Banks,134.6,134.6,83.34,132.54,131.82,130.24,128.58,110.66,0.2,-0.13,134.43,126.06
NOC,Northrop Grumman,Industrials,Aerospace & Defense,609.32,609.32,427.78,593.97,584.7,581.74,581.04,506.53,0.2,-1.66,599.21,564.25
NRG,NRG Energy,Utilities,Independent Power Producers & Energy Traders,161.95,173.91,83.06,164.88,165.59,160.64,156.82,127.0,0.2,8.48,175.68,145.58
NVR,"NVR, Inc.",Consumer Discretionary,Homebuilding,8034.66,9924.4,6700.0,8021.18,8042.17,8205.63,8062.51,7632.94,0.2,6.97,8594.68,7816.45
ORLY,O’Reilly Automotive,Consumer Discretionary,Automotive Retail,107.81,107.82,76.4,105.9,104.89,105.4,102.96,92.26,0.2,0.55,108.4,102.4
OMC,Omnicom Group,Communication Services,Advertising,81.53,101.86,68.6,78.13,76.91,77.3,75.86,76.97,0.1,-1.28,80.49,74.12
ON,ON Semiconductor,Information Technology,Semiconductors,49.31,74.7,31.95,49.99,50.46,49.51,51.1,50.04,0.2,5.15,51.85,47.16
ORCL,Oracle Corporation,Information Technology,Application Software,281.24,328.33,122.56,289.45,299.59,284.62,260.0,191.8,0.2,24.73,350.79,218.44
OTIS,Otis Worldwide,Industrials,Industrial Machinery & Supplies & Components,91.43,104.22,84.52,90.25,89.89,88.92,88.11,94.24,0.1,0.46,91.85,85.98
PCAR,Paccar,Industrials,Construction Machinery & Heavy Transportation Equipment,98.32,113.98,85.82,98.23,98.77,99.25,99.08,98.78,0.2,5.24,103.47,95.02
PSKY,Paramount Skydance Corporation,Communication Services,Movies & Entertainment,18.92,19.73,10.05,19.08,18.85,17.54,15.05,12.33,0.2,11.21,21.04,14.04
PYPL,PayPal,Financials,Transaction & Payment Processing Services,67.06,91.81,57.41,67.73,67.9,67.76,69.34,73.32,0.2,3.92,69.69,65.83
PFE,Pfizer,Health Care,Pharmaceuticals,25.48,28.21,20.83,24.16,24.12,24.29,24.54,24.19,0.2,-0.98,25.23,23.36
PM,Philip Morris International,Consumer Staples,Tobacco,162.2,183.57,115.19,163.42,163.38,163.56,165.09,157.01,0.2,3.02,167.1,160.02
PSX,Phillips 66,Energy,Oil & Gas Refining & Marketing,136.02,139.46,91.09,137.74,134.48,132.99,127.74,118.92,0.2,2.15,138.94,127.05
PNW,Pinnacle West Capital,Utilities,Multi-Utilities,89.66,93.78,79.36,87.46,86.91,87.44,89.62,88.69,0.2,0.04,89.7,85.19
POOL,Pool Corporation,Consumer Discretionary,Distributors,310.07,385.63,283.92,308.52,313.46,318.58,316.43,318.43,0.1,8.57,336.64,300.52
PG,Procter & Gamble,Consumer Staples,Personal Care Products,153.65,176.3,150.47,152.85,154.35,156.41,155.9,161.27,0.1,5.46,162.04,150.77
PRU,Prudential Financial,Financials,Life & Health Insurance,103.74,124.75,92.74,103.58,103.44,104.74,104.66,106.09,0.1,4.42,108.33,101.16
PSA,Public Storage,Real Estate,Self-Storage REITs,288.85,349.71,260.94,284.93,283.35,286.17,284.11,289.09,0.1,2.02,294.68,277.66
PHM,PulteGroup,Consumer Discretionary,Homebuilding,132.13,147.88,91.67,131.21,131.55,134.15,127.86,110.9,0.2,6.68,140.96,127.33
QCOM,Qualcomm,Information Technology,Semiconductors,166.36,174.12,123.21,168.82,168.36,164.3,158.36,154.66,0.2,4.32,173.55,155.07
DGX,Quest Diagnostics,Health Care,Health Care Services,190.58,190.58,144.81,188.12,186.15,183.85,179.23,169.73,0.4,-0.24,190.12,177.59
O,Realty Income,Real Estate,Retail REITs,60.79,61.45,49.6,60.29,59.8,59.62,58.36,55.42,0.2,0.41,61.04,58.2
REGN,Regeneron Pharmaceuticals,Health Care,Biotechnology,562.27,1046.75,482.34,563.88,575.92,570.51,569.4,609.32,0.1,6.07,596.4,544.6
RSG,Republic Services,Industrials,Environmental & Facilities Services,229.48,257.46,196.49,228.2,227.47,228.53,232.82,232.69,0.2,1.46,232.83,224.24
ROST,Ross Stores,Consumer Discretionary,Apparel Retail,152.39,154.88,122.22,150.93,148.39,148.96,145.88,140.54,0.2,0.89,153.75,144.17
RCL,Royal Caribbean Group,Consumer Discretionary,"Hotels, Resorts & Cruise Lines",323.58,364.72,171.15,325.55,326.01,334.64,332.4,266.74,0.2,10.77,358.43,310.85
SLB,Schlumberger,Energy,Oil & Gas Equipment & Services,34.37,44.26,31.43,34.84,34.66,35.14,34.46,36.38,0.1,5.96,36.42,33.85
SRE,Sempra,Utilities,Multi-Utilities,89.98,92.47,63.23,88.41,85.88,83.97,82.54,77.74,0.2,-0.12,89.87,78.08
SPG,Simon Property Group,Real Estate,Retail REITs,187.67,187.67,136.92,184.93,183.23,182.01,173.86,165.13,0.2,-0.37,186.98,177.04
SWKS,Skyworks Solutions,Information Technology,Semiconductors,76.98,95.47,48.25,78.69,78.81,76.6,73.86,72.43,0.2,6.87,82.27,70.94
SNA,Snap-on,Industrials,Industrial Machinery & Supplies & Components,346.53,364.18,278.25,341.89,339.52,334.38,328.19,326.03,0.2,0.53,348.37,320.38
SOLV,Solventum,Health Care,Health Care Technology,73.0,84.04,63.01,71.77,72.82,72.9,72.83,72.49,0.2,2.99,75.18,70.61
LUV,Southwest Airlines,Industrials,Passenger Airlines,31.91,37.49,23.77,32.44,32.47,31.99,31.75,31.3,0.2,4.23,33.26,30.72
SWK,Stanley Black & Decker,Industrials,Industrial Machinery & Supplies & Components,74.33,105.48,54.53,74.12,75.51,76.34,73.48,72.93,0.2,8.22,80.44,72.23
STT,State Street Corporation,Financials,Asset Management & Custody Banks,116.01,117.25,74.79,115.23,114.09,113.17,112.54,99.13,0.2,0.38,116.45,109.89
TTWO,Take-Two Interactive,Communication Services,Interactive Home Entertainment,258.36,259.96,147.66,252.73,251.77,248.27,236.46,218.51,0.2,0.36,259.29,237.23
TRGP,Targa Resources,Energy,Oil & Gas Storage & Transportation,167.54,213.93,143.92,170.95,169.12,166.34,165.32,176.03,0.1,3.76,173.84,158.84
TDY,Teledyne Technologies,Information Technology,Electronic Equipment & Instruments,586.04,586.04,435.54,574.48,568.72,559.89,551.93,506.09,0.2,-0.35,583.99,535.8
TXT,Textron,Industrials,Aerospace & Defense,84.49,90.23,60.69,83.42,83.39,82.48,80.81,76.38,0.2,0.58,84.98,79.98
TJX,TJX Companies,Consumer Discretionary,Apparel Retail,144.54,144.54,110.73,142.61,141.19,140.67,135.2,126.27,0.2,-0.68,143.56,137.79
TT,Trane Technologies,Industrials,Building Products,421.96,471.46,313.81,412.41,408.29,408.8,423.85,392.71,0.4,-0.12,421.45,396.16
UHS,Universal Health Services,Health Care,Health Care Facilities,204.44,235.89,154.78,200.74,195.67,191.53,179.99,180.61,0.1,-0.28,203.87,179.21
VLO,Valero Energy,Energy,Oil & Gas Refining & Marketing,170.26,175.63,102.97,172.66,169.02,163.5,149.69,133.2,0.2,3.72,176.59,150.41
VRTX,Vertex Pharmaceuticals,Health Care,Biotechnology,391.64,516.74,366.54,386.24,385.14,389.89,404.75,446.44,0.2,2.78,402.53,377.25
VMC,Vulcan Materials Company,Materials,Construction Materials,307.62,307.62,219.65,299.7,298.36,296.36,288.77,264.69,0.4,-0.8,305.16,287.54
WMT,Walmart,Consumer Staples,Consumer Staples Merchandise Retail,103.06,104.27,78.34,103.02,103.06,102.49,100.36,95.65,0.2,1.8,104.92,100.06
WM,Waste Management,Industrials,Environmental & Facilities Services,220.83,240.36,198.36,219.11,217.87,218.35,224.3,223.44,0.2,1.08,223.21,213.47
WFC,Wells Fargo,Financials,Diversified Banks,83.82,85.16,53.78,84.38,84.21,82.45,80.86,75.15,0.2,3.02,86.35,78.56
WELL,Welltower,Real Estate,Health Care REITs,178.14,178.14,120.86,174.38,170.95,169.52,166.76,149.52,0.2,-0.93,176.48,162.56
WST,West Pharmaceutical Services,Health Care,Health Care Supplies,262.33,347.02,190.04,259.72,256.81,255.44,249.01,249.47,0.1,0.75,264.3,246.58
XEL,Xcel Energy,Utilities,Multi-Utilities,80.65,80.65,60.16,79.03,75.69,73.86,72.91,68.74,0.2,-0.77,80.03,67.69
XYL,Xylem Inc.,Industrials,Industrial Machinery & Supplies & Components,147.5,147.5,102.25,143.48,143.01,141.67,140.52,126.8,0.4,-1.07,145.92,137.42
