Symbol,Company,GICS_Sector,GICS_Sub_Industry,Current_Price,52_Week_High,52_Week_Low,SMA_5,SMA_10,SMA_20,SMA_50,SMA_100,SMA_125,SMA_200
MMM,3M,Industrials,Industrial Conglomerates,155.18,163.4,120.83,153.94,154.7,155.05,153.57,151.25,147.92,145.65
AOS,A. O. Smith,Industrials,Building Products,73.41,90.29,58.25,72.39,72.57,72.75,72.03,69.25,68.21,67.81
ABT,Abbott Laboratories,Health Care,Health Care Equipment,133.94,139.95,109.57,133.56,134.51,133.35,131.34,131.85,131.19,128.3
ABBV,AbbVie,Health Care,Biotechnology,231.54,232.35,159.42,222.77,222.43,218.3,207.47,196.6,193.78,191.31
ACN,Accenture,Information Technology,IT Consulting & Other Services,246.6,394.41,229.4,240.84,240.02,243.51,252.49,278.57,281.18,306.89
ADBE,Adobe Inc.,Information Technology,Application Software,352.75,557.9,330.04,355.99,360.13,355.28,355.0,374.3,371.73,394.97
AMD,Advanced Micro Devices,Information Technology,Semiconductors,161.79,186.65,76.48,160.95,159.99,158.88,165.55,146.48,135.8,127.46
AES,AES Corporation,Utilities,Independent Power Producers & Energy Traders,13.16,19.17,9.28,13.19,13.07,12.97,13.13,12.13,11.73,11.61
AFL,Aflac,Financials,Life & Health Insurance,111.7,113.54,96.14,110.64,109.41,108.5,105.52,104.13,104.4,104.29
A,Agilent Technologies,Health Care,Life Sciences Tools & Services,128.35,153.19,96.23,124.35,125.47,125.92,121.4,118.44,115.78,122.67
APD,Air Products,Materials,Industrial Gases,272.72,336.92,242.14,269.61,278.53,284.09,288.98,284.32,280.73,288.84
ABNB,Airbnb,Consumer Discretionary,"Hotels, Resorts & Cruise Lines",121.42,163.93,99.88,122.57,123.75,123.55,127.21,130.75,128.09,130.18
AKAM,Akamai Technologies,Information Technology,Internet Services & Infrastructure,75.76,106.8,67.51,75.93,76.08,76.84,76.62,77.42,77.35,82.46
ALB,Albemarle Corporation,Materials,Specialty Chemicals,81.08,111.49,48.84,84.49,82.59,80.24,78.57,70.47,67.77,73.11
ARE,Alexandria Real Estate Equities,Real Estate,Office REITs,83.34,117.61,66.16,84.33,85.33,84.84,80.84,76.67,76.5,83.4
ALGN,Align Technology,Health Care,Health Care Supplies,125.22,259.01,122.0,126.17,128.44,131.33,145.71,165.9,166.55,179.13
ALLE,Allegion,Industrials,Building Products,177.35,180.34,116.14,175.14,176.57,174.75,169.64,156.34,151.11,142.97
LNT,Alliant Energy,Utilities,Electric Utilities,67.41,67.54,54.71,66.19,65.18,64.78,65.07,63.04,62.48,61.44
ALL,Allstate,Financials,Property & Casualty Insurance,214.65,215.7,173.88,211.58,208.11,204.6,203.19,201.04,199.45,196.67
GOOGL,Alphabet Inc. (Class A),Communication Services,Interactive Media & Services,243.1,256.0,140.23,245.32,248.71,244.06,217.5,194.87,186.97,185.33
GOOG,Alphabet Inc. (Class C),Communication Services,Interactive Media & Services,243.55,256.7,142.36,245.9,249.21,244.47,218.15,195.77,188.1,186.68
MO,Altria,Consumer Staples,Tobacco,66.06,67.51,45.54,65.55,65.08,65.15,63.89,60.75,59.82,56.78
AMZN,Amazon,Consumer Discretionary,Broadline Retail,219.57,242.52,161.38,219.98,224.26,228.23,227.11,220.1,212.51,214.7
AMCR,Amcor,Materials,Paper & Plastic Packaging Products & Materials,8.18,11.04,7.9,8.06,8.15,8.22,8.79,9.02,9.05,9.25
AEE,Ameren,Utilities,Multi-Utilities,104.38,104.5,82.82,102.33,100.84,100.28,100.25,97.75,97.57,95.92
AEP,American Electric Power,Utilities,Electric Utilities,112.5,115.08,87.57,109.63,108.44,108.48,110.36,106.32,105.95,102.81
AXP,American Express,Financials,Consumer Finance,332.16,349.19,219.87,339.36,339.81,333.03,318.18,310.47,299.92,297.73
AIG,American International Group,Financials,Multi-line Insurance,78.54,87.1,68.15,77.88,77.45,77.94,78.9,80.93,80.91,78.95
AMT,American Tower,Real Estate,Telecom Tower REITs,192.32,234.33,169.77,193.56,193.88,194.47,204.47,210.23,211.23,203.86
AWK,American Water Works,Utilities,Water Utilities,139.19,153.69,116.64,136.82,136.29,138.0,140.92,140.68,141.46,136.83
AMP,Ameriprise Financial,Financials,Asset Management & Custody Banks,491.25,576.69,393.57,494.79,492.95,494.38,505.33,512.11,502.22,509.79
AME,Ametek,Industrials,Electrical Components & Equipment,188.0,197.03,144.53,186.36,186.98,187.47,184.78,181.7,177.79,179.08
AMGN,Amgen,Health Care,Biotechnology,282.2,330.26,247.06,275.91,278.83,279.06,287.21,285.02,284.12,283.96
APH,Amphenol,Information Technology,Electronic Components,123.75,126.06,56.27,122.56,122.63,119.08,112.42,102.61,96.04,85.71
ADI,Analog Devices,Information Technology,Semiconductors,245.7,257.11,157.31,246.84,246.9,246.68,239.23,233.68,223.75,219.75
AON,Aon plc,Financials,Insurance Brokers,356.58,411.24,322.37,354.53,354.13,361.13,363.5,360.37,361.11,367.16
APA,APA Corporation,Energy,Oil & Gas Exploration & Production,24.28,26.13,13.18,24.41,24.12,23.53,21.6,19.95,19.08,19.88
APO,Apollo Global Management,Financials,Asset Management & Custody Banks,133.27,187.59,101.84,136.53,139.85,137.65,139.79,139.13,136.66,143.79
AAPL,Apple Inc.,Information Technology,"Technology Hardware, Storage & Peripherals",254.63,259.18,168.8,254.74,250.66,243.12,230.09,217.26,213.82,221.64
AMAT,Applied Materials,Information Technology,Semiconductor Materials & Equipment,204.74,213.48,123.04,202.93,197.4,181.13,177.84,176.41,169.83,168.55
APTV,Aptiv,Consumer Discretionary,Automotive Parts & Equipment,86.22,87.0,47.19,85.59,85.23,83.57,76.79,72.52,68.86,66.47
ACGL,Arch Capital Group,Financials,Property & Casualty Insurance,90.73,110.75,82.49,90.35,89.22,90.08,89.86,90.74,90.91,91.41
ADM,Archer Daniels Midland,Consumer Staples,Agricultural Products & Services,59.74,64.38,40.22,60.64,60.73,61.28,59.44,55.07,53.24,51.13
ANET,Arista Networks,Information Technology,Communications Equipment,145.71,156.32,59.43,143.46,144.59,144.0,135.07,116.14,108.22,106.26
AJG,Arthur J. Gallagher & Co.,Financials,Insurance Brokers,309.74,349.78,273.89,305.45,302.07,299.6,297.62,311.05,314.27,312.13
AIZ,Assurant,Financials,Multi-line Insurance,216.6,227.13,173.64,215.57,212.97,212.24,206.15,200.73,198.78,202.14
T,AT&T,Communication Services,Integrated Telecommunication Services,28.24,29.79,20.36,28.25,28.67,29.02,28.6,28.05,27.82,26.46
ATO,Atmos Energy,Utilities,Gas Utilities,170.75,171.2,133.63,168.4,166.01,165.52,163.09,158.32,157.57,152.01
ADSK,Autodesk,Information Technology,Application Software,317.67,329.09,232.67,321.25,322.05,322.16,306.06,302.15,294.62,291.8
ADP,Automatic Data Processing,Industrials,Human Resource & Employment Services,293.5,326.59,266.62,291.62,291.27,292.85,298.83,304.29,301.97,299.77
AZO,AutoZone,Consumer Discretionary,Automotive Retail,4290.24,4388.11,2980.1,4215.01,4182.18,4219.22,4092.38,3899.08,3851.74,3690.68
AVB,AvalonBay Communities,Real Estate,Multi-Family Residential REITs,193.17,233.48,178.86,193.19,193.25,193.56,192.74,197.85,198.58,204.47
AVY,Avery Dennison,Materials,Paper & Plastic Packaging Products & Materials,162.17,219.94,155.31,160.85,162.52,164.62,169.28,173.56,172.59,176.28
AXON,Axon Enterprise,Industrials,Aerospace & Defense,717.64,885.92,388.37,710.53,739.9,741.08,757.3,758.74,721.68,673.11
BKR,Baker Hughes,Energy,Oil & Gas Equipment & Services,48.72,50.93,33.21,49.95,48.75,47.47,45.36,41.73,40.77,41.73
BALL,Ball Corporation,Materials,"Metal, Glass & Plastic Containers",50.42,67.13,43.18,49.34,49.08,49.79,52.77,53.94,52.93,52.84
BAC,Bank of America,Financials,Diversified Banks,51.59,52.88,32.69,51.95,51.92,51.08,49.01,47.04,45.22,44.69
BAX,Baxter International,Health Care,Health Care Equipment,22.77,38.69,21.18,22.28,22.7,23.36,24.16,27.09,27.54,29.07
BDX,Becton Dickinson,Health Care,Health Care Equipment,187.17,248.0,161.47,184.48,185.85,187.42,187.62,179.84,182.96,199.63
BBY,Best Buy,Consumer Discretionary,Computer & Electronics Retail,75.62,98.44,53.55,75.16,74.07,74.66,71.38,70.13,68.61,72.88
TECH,Bio-Techne,Health Care,Life Sciences Tools & Services,55.63,80.37,45.87,52.28,52.5,52.64,53.83,52.13,51.81,58.06
BIIB,Biogen,Health Care,Biotechnology,140.08,197.7,110.04,137.86,140.05,141.55,136.45,132.54,129.95,135.31
BLK,BlackRock,Financials,Asset Management & Custody Banks,1165.87,1183.16,766.05,1154.63,1145.29,1127.75,1123.68,1064.59,1028.04,1009.07
BX,Blackstone Inc.,Financials,Asset Management & Custody Banks,170.85,196.67,114.16,175.2,180.65,178.56,174.06,160.06,154.02,157.06
XYZ,"Block, Inc.",Financials,Transaction & Payment Processing Services,72.27,99.26,44.27,74.3,75.56,75.23,76.36,69.99,66.74,70.73
BK,BNY Mellon,Financials,Asset Management & Custody Banks,108.96,110.87,68.8,109.09,108.78,106.92,104.05,97.2,93.33,89.0
BA,Boeing,Industrials,Aerospace & Defense,215.83,242.69,128.88,216.56,215.72,220.23,225.91,218.09,207.78,194.87
BKNG,Booking Holdings,Consumer Discretionary,"Hotels, Resorts & Cruise Lines",5399.27,5829.37,4032.06,5500.68,5491.06,5508.67,5538.87,5509.54,5348.38,5148.32
BSX,Boston Scientific,Health Care,Health Care Equipment,97.63,109.5,80.64,97.81,97.83,101.39,103.52,103.48,102.4,101.01
BMY,Bristol Myers Squibb,Health Care,Pharmaceuticals,45.1,61.84,42.96,44.19,44.76,45.82,46.55,46.76,47.45,50.86
AVGO,Broadcom,Information Technology,Semiconductors,329.91,373.59,137.54,333.55,338.02,340.66,314.65,283.67,262.8,243.86
BR,Broadridge Financial Solutions,Industrials,Data Processing & Outsourced Services,238.17,270.85,205.06,236.54,239.23,244.87,251.31,244.84,242.25,238.27
BRO,Brown & Brown,Financials,Insurance Brokers,93.79,125.31,89.99,93.29,92.71,93.18,94.84,101.85,104.48,106.51
BLDR,Builders FirstSource,Industrials,Building Products,121.25,201.53,102.6,119.04,122.06,132.22,134.01,125.76,124.15,132.65
BG,Bunge Global,Consumer Staples,Agricultural Products & Services,81.25,96.01,65.6,80.81,79.91,81.21,81.05,79.46,78.77,77.01
BXP,"BXP, Inc.",Real Estate,Office REITs,74.34,86.38,53.45,75.07,75.78,75.8,70.95,69.63,68.18,68.54
CHRW,C.H. Robinson,Industrials,Air Freight & Logistics,132.4,138.0,83.72,132.64,133.97,131.56,122.29,108.92,105.08,103.36
CDNS,Cadence Design Systems,Information Technology,Application Software,351.26,376.45,221.56,351.58,358.31,354.52,351.16,329.88,318.29,305.05
CZR,Caesars Entertainment,Consumer Discretionary,Casinos & Gaming,27.02,45.93,21.4,26.84,26.37,26.03,26.27,27.41,27.15,29.27
CPT,Camden Property Trust,Real Estate,Multi-Family Residential REITs,106.78,124.31,101.41,106.72,107.15,108.49,108.88,111.88,112.01,113.27
CPB,Campbell's Company (The),Consumer Staples,Packaged Foods & Meats,31.58,47.79,29.39,32.09,32.74,33.12,32.68,32.64,33.46,35.46
COF,Capital One,Financials,Consumer Finance,212.58,231.82,141.57,221.41,223.91,223.67,218.93,210.52,202.65,196.34
CAH,Cardinal Health,Health Care,Health Care Distributors,156.96,168.44,105.81,153.76,151.92,151.13,152.28,155.04,151.38,141.43
KMX,CarMax,Consumer Discretionary,Automotive Retail,44.87,91.25,42.75,47.53,53.09,56.82,57.93,62.02,63.3,69.91
CCL,Carnival,Consumer Discretionary,"Hotels, Resorts & Cruise Lines",28.91,32.8,15.07,29.96,30.44,31.0,30.47,27.83,25.92,25.23
CARR,Carrier Global,Industrials,Building Products,59.7,82.31,53.89,59.08,59.77,61.35,65.74,69.33,67.78,67.34
CAT,Caterpillar Inc.,Industrials,Construction Machinery & Heavy Transportation Equipment,477.15,485.34,265.05,469.61,467.56,446.86,433.36,400.38,380.37,370.88
CBOE,Cboe Global Markets,Financials,Financial Exchanges & Data,245.25,255.27,186.22,244.44,240.36,237.27,241.85,234.99,231.44,221.4
CBRE,CBRE Group,Real Estate,Real Estate Services,157.56,167.56,108.45,157.59,160.78,161.98,158.67,145.88,140.88,138.76
CDW,CDW Corporation,Information Technology,Technology Distributors,159.28,225.81,136.33,160.67,162.35,164.48,167.08,172.92,169.29,172.79
COR,Cencora,Health Care,Health Care Distributors,312.53,312.71,216.84,306.96,299.59,297.79,293.54,292.42,290.8,273.99
CNC,Centene Corporation,Health Care,Managed Health Care,35.68,75.35,25.08,34.96,33.62,32.34,29.42,39.81,44.07,50.14
CNP,CenterPoint Energy,Utilities,Multi-Utilities,38.8,40.5,27.87,38.81,38.52,38.16,38.09,37.26,37.21,35.54
CF,CF Industries,Materials,Fertilizers & Agricultural Chemicals,89.7,103.84,66.56,90.74,87.99,86.57,87.38,89.65,86.77,85.34
CRL,Charles River Laboratories,Health Care,Life Sciences Tools & Services,156.46,230.02,91.86,149.41,151.63,154.7,159.46,153.33,146.29,155.57
SCHW,Charles Schwab Corporation,Financials,Investment Banking & Brokerage,95.47,99.42,61.62,94.99,94.3,93.94,95.49,92.31,89.28,84.85
CHTR,Charter Communications,Communication Services,Cable & Satellite,275.11,437.06,251.8,271.72,268.45,265.3,275.17,337.66,341.61,347.91
CVX,Chevron Corporation,Energy,Integrated Oil & Gas,155.29,165.09,129.01,158.29,158.01,157.42,155.39,148.73,146.23,147.79
CMG,Chipotle Mexican Grill,Consumer Discretionary,Restaurants,39.19,66.74,38.3,39.61,39.67,39.71,42.16,47.47,47.87,50.88
CB,Chubb Limited,Financials,Property & Casualty Insurance,282.25,305.88,250.52,279.81,276.84,277.16,274.09,279.95,280.85,279.06
CHD,Church & Dwight,Consumer Staples,Household Products,87.63,115.72,85.08,86.64,88.15,90.92,92.57,94.56,95.73,99.57
CI,Cigna,Health Care,Health Care Services,288.25,352.15,255.6,287.31,289.6,295.48,291.39,301.72,306.89,301.89
CINF,Cincinnati Financial,Financials,Property & Casualty Insurance,158.1,158.36,121.6,156.06,155.34,154.44,152.13,149.38,146.41,143.8
CTAS,Cintas,Industrials,Diversified Support Services,205.26,228.77,179.74,203.1,201.83,202.37,212.2,216.25,214.03,207.89
CSCO,Cisco,Information Technology,Communications Equipment,68.42,72.55,50.91,67.71,67.84,67.58,68.1,66.71,64.7,63.01
C,Citigroup,Financials,Diversified Banks,101.5,105.59,54.71,102.37,102.52,100.09,96.51,88.17,83.44,79.82
CFG,Citizens Financial Group,Financials,Regional Banks,53.16,54.5,31.96,53.25,53.14,52.43,50.33,46.49,44.39,44.03
CLX,Clorox,Consumer Staples,Household Products,123.3,166.9,116.17,123.29,122.8,123.65,123.13,124.82,127.44,136.38
CME,CME Group,Financials,Financial Exchanges & Data,270.19,288.09,204.81,269.17,265.34,263.72,270.0,272.16,270.5,259.41
CMS,CMS Energy,Utilities,Multi-Utilities,73.26,75.33,62.54,72.1,71.31,71.27,72.08,70.85,71.04,69.9
KO,Coca-Cola Company (The),Consumer Staples,Soft Drinks & Non-alcoholic Beverages,66.32,73.29,59.3,66.09,66.33,66.73,68.04,68.98,69.31,67.6
CTSH,Cognizant,Information Technology,IT Consulting & Other Services,67.07,89.77,64.98,67.23,67.92,69.15,70.71,74.72,74.1,76.37
COIN,Coinbase,Financials,Financial Exchanges & Data,337.49,444.65,142.58,322.51,327.07,320.86,327.37,313.89,288.16,273.56
CL,Colgate-Palmolive,Consumer Staples,Household Products,79.94,101.87,78.76,80.15,80.52,82.02,83.99,86.86,87.84,88.25
CMCSA,Comcast,Communication Services,Cable & Satellite,31.42,44.12,31.03,31.57,31.66,32.55,33.01,33.88,33.87,34.59
CAG,Conagra Brands,Consumer Staples,Packaged Foods & Meats,18.31,31.04,17.89,18.23,18.38,18.79,18.94,20.05,20.91,22.51
COP,ConocoPhillips,Energy,Oil & Gas Exploration & Production,94.59,112.56,78.56,96.27,94.61,94.02,94.57,92.32,91.44,93.66
ED,Consolidated Edison,Utilities,Multi-Utilities,100.52,112.97,85.07,99.37,98.11,97.67,100.03,100.54,102.17,99.37
STZ,Constellation Brands,Consumer Staples,Distillers & Vintners,134.67,255.51,131.2,133.93,133.39,138.11,155.97,164.53,168.12,175.5
CEG,Constellation Energy,Utilities,Electric Utilities,329.07,356.57,160.94,332.01,331.87,322.61,324.77,314.35,294.5,281.26
COO,Cooper Companies (The),Health Care,Health Care Supplies,68.56,111.44,61.78,67.8,67.42,67.4,70.08,72.2,73.59,79.83
CPRT,Copart,Industrials,Diversified Support Services,44.97,64.38,44.23,44.94,45.33,46.84,47.02,49.46,51.43,53.48
GLW,Corning Inc.,Information Technology,Electronic Components,82.03,82.21,36.95,80.14,79.69,76.79,68.7,59.47,56.06,53.17
CPAY,Corpay,Financials,Transaction & Payment Processing Services,288.06,400.81,269.02,293.8,298.48,305.12,315.2,324.06,322.16,335.84
CTVA,Corteva,Materials,Fertilizers & Agricultural Chemicals,67.63,77.22,53.14,68.04,69.16,70.67,71.78,71.8,69.45,66.16
CSGP,CoStar Group,Real Estate,Real Estate Services,84.37,97.43,68.26,83.95,85.56,86.77,89.61,84.51,83.25,80.38
COST,Costco,Consumer Staples,Consumer Staples Merchandise Retail,925.63,1075.34,862.73,929.41,940.04,951.07,954.52,975.88,975.0,972.78
CTRA,Coterra,Energy,Oil & Gas Exploration & Production,23.65,29.29,21.84,23.71,23.69,23.94,23.86,24.38,24.47,25.29
CRWD,CrowdStrike,Information Technology,Systems Software,490.38,517.98,272.67,481.93,483.76,455.83,445.26,458.62,444.99,419.56
CCI,Crown Castle,Real Estate,Telecom Tower REITs,96.49,114.47,81.02,95.14,94.57,94.32,99.69,99.72,99.73,96.15
CSX,CSX Corporation,Industrials,Rail Transportation,35.51,37.1,26.01,34.59,33.94,33.19,34.19,33.11,32.03,31.84
CMI,Cummins,Industrials,Construction Machinery & Heavy Transportation Equipment,422.37,432.5,257.24,418.37,420.27,412.2,395.09,360.3,345.52,346.37
CVS,CVS Health,Health Care,Health Care Services,75.39,77.34,42.12,75.54,75.27,74.3,69.46,66.74,66.57,62.58
DHR,Danaher Corporation,Health Care,Life Sciences Tools & Services,198.26,277.9,170.43,187.18,189.59,192.04,198.86,197.14,195.98,204.76
DRI,Darden Restaurants,Consumer Discretionary,Restaurants,190.36,226.68,151.84,189.02,190.31,200.7,203.56,207.91,205.68,198.79
DDOG,Datadog,Information Technology,Application Software,142.4,170.08,81.63,139.98,138.56,137.55,136.44,131.55,124.61,126.75
DVA,DaVita,Health Care,Health Care Services,132.87,179.6,126.07,131.63,131.05,132.54,135.86,138.11,139.35,145.61
DAY,Dayforce,Industrials,Human Resource & Employment Services,68.89,82.69,48.01,68.85,68.8,68.96,63.78,60.77,59.75,62.23
DECK,Deckers Brands,Consumer Discretionary,Footwear,101.37,223.98,93.72,105.5,110.06,114.45,110.8,109.92,109.85,132.16
DE,Deere & Company,Industrials,Agricultural & Farm Machinery,457.26,532.1,383.0,464.48,467.8,470.44,488.59,499.46,490.68,478.54
DELL,Dell Technologies,Information Technology,"Technology Hardware, Storage & Peripherals",141.77,145.54,65.56,133.9,133.39,129.15,130.88,123.54,116.08,112.46
DAL,Delta Air Lines,Industrials,Passenger Airlines,56.75,69.36,34.52,57.21,58.17,59.26,57.97,54.15,51.52,54.3
DVN,Devon Energy,Energy,Oil & Gas Exploration & Production,35.06,42.12,25.53,35.71,35.11,34.89,34.1,33.28,32.63,33.22
DXCM,Dexcom,Health Care,Health Care Equipment,67.29,93.25,57.52,67.33,69.4,73.55,77.76,81.18,78.86,79.6
FANG,Diamondback Energy,Energy,Oil & Gas Exploration & Production,143.1,195.31,112.4,145.07,142.71,140.62,142.36,141.35,139.34,146.25
DLR,Digital Realty,Real Estate,Data Center REITs,172.88,192.35,128.14,171.56,172.12,169.78,169.64,170.07,165.98,164.62
DG,Dollar General,Consumer Staples,Consumer Staples Merchandise Retail,103.35,117.95,65.67,103.15,103.64,105.11,108.76,107.67,104.38,93.34
DLTR,Dollar Tree,Consumer Staples,Consumer Staples Merchandise Retail,94.37,118.06,60.49,94.71,95.4,97.08,107.18,101.88,97.0,87.52
D,Dominion Energy,Utilities,Multi-Utilities,61.17,61.75,46.96,60.62,60.32,59.7,59.62,57.44,56.41,55.16
DPZ,Domino's,Consumer Discretionary,Restaurants,431.71,495.24,392.06,429.98,429.58,442.57,450.39,457.23,459.29,453.78
DASH,DoorDash,Consumer Discretionary,Specialized Consumer Services,271.99,278.15,140.53,265.96,265.09,259.96,253.91,237.26,226.45,210.9
DOV,Dover Corporation,Industrials,Industrial Machinery & Supplies & Components,166.83,220.46,142.22,166.87,168.93,172.2,176.71,179.17,176.21,181.64
DOW,Dow Inc.,Materials,Commodity Chemicals,22.93,51.74,20.11,22.82,23.23,23.76,23.68,25.93,26.36,30.25
DHI,D. R. Horton,Consumer Discretionary,Homebuilding,169.47,193.34,109.8,167.79,167.73,172.44,163.79,144.78,140.28,138.22
DTE,DTE Energy,Utilities,Multi-Utilities,141.43,141.8,111.81,139.61,137.8,136.37,137.17,134.87,134.31,130.26
DUK,Duke Energy,Utilities,Electric Utilities,123.75,126.75,102.41,123.11,122.28,121.72,121.99,118.77,118.67,115.58
DD,DuPont,Materials,Specialty Chemicals,77.9,88.2,53.17,76.3,77.02,77.04,75.04,72.23,70.26,72.66
EMN,Eastman Chemical Company,Materials,Specialty Chemicals,63.05,109.94,56.08,62.71,63.97,65.3,66.59,72.1,72.84,79.77
ETN,Eaton Corporation,Industrials,Electrical Components & Equipment,374.25,398.4,230.37,368.79,369.99,363.64,363.54,350.62,335.93,327.68
EBAY,eBay Inc.,Consumer Discretionary,Broadline Retail,90.95,100.83,55.44,91.95,91.2,91.36,91.53,83.11,79.61,74.27
ECL,Ecolab,Materials,Specialty Chemicals,273.86,285.35,220.55,270.4,268.06,269.68,271.79,267.69,262.28,257.03
EIX,Edison International,Utilities,Electric Utilities,55.28,85.03,46.98,54.92,55.1,55.13,54.7,53.52,53.88,56.04
EW,Edwards Lifesciences,Health Care,Health Care Equipment,77.77,83.0,64.01,76.23,75.36,77.09,78.44,77.47,76.42,74.8
EA,Electronic Arts,Communication Services,Interactive Home Entertainment,201.7,203.75,114.77,186.55,180.01,174.76,169.15,159.86,156.73,149.66
ELV,Elevance Health,Health Care,Managed Health Care,323.12,519.04,272.22,320.9,318.41,314.62,302.97,335.86,352.89,367.28
EMR,Emerson Electric,Industrials,Electrical Components & Equipment,131.18,149.68,89.31,130.21,131.06,132.07,135.07,131.25,125.35,123.42
ENPH,Enphase Energy,Information Technology,Semiconductor Materials & Equipment,35.39,116.76,29.89,36.61,37.65,37.78,36.06,39.24,41.43,50.2
ETR,Entergy,Utilities,Electric Utilities,93.19,93.92,62.53,92.18,90.57,89.48,89.18,85.54,84.81,82.86
EOG,EOG Resources,Energy,Oil & Gas Exploration & Production,112.12,135.49,100.76,115.36,116.2,117.69,118.83,117.64,116.08,119.43
EPAM,EPAM Systems,Information Technology,IT Consulting & Other Services,150.79,269.0,138.15,152.71,153.95,157.84,161.61,168.62,165.63,187.56
EQT,EQT Corporation,Energy,Oil & Gas Exploration & Production,54.43,60.83,34.99,53.99,51.95,51.42,51.79,54.05,53.24,51.84
EFX,Equifax,Industrials,Research & Consulting Services,256.53,293.4,199.2,255.12,257.08,254.15,248.08,255.95,252.33,252.14
EQIX,Equinix,Real Estate,Data Center REITs,783.24,977.63,693.42,785.59,788.47,783.56,781.7,810.72,809.34,840.86
EQR,Equity Residential,Real Estate,Multi-Family Residential REITs,64.73,75.25,58.19,64.32,64.36,64.8,64.34,65.84,66.0,66.99
ERIE,Erie Indemnity,Financials,Insurance Brokers,318.16,537.45,310.19,314.92,317.09,324.38,344.79,348.88,356.7,375.28
ESS,Essex Property Trust,Real Estate,Multi-Family Residential REITs,267.66,310.81,241.65,265.99,266.66,266.25,266.17,273.93,274.05,278.68
EL,Estée Lauder Companies (The),Consumer Staples,Personal Care Products,88.12,101.55,47.94,86.65,87.22,87.61,89.27,81.68,76.62,74.95
EG,Everest Group,Financials,Reinsurance,350.23,400.59,318.14,347.12,341.21,341.72,338.0,338.87,340.45,344.33
EVRG,Evergy,Utilities,Electric Utilities,76.02,76.18,56.68,74.47,73.32,72.48,71.65,69.11,68.58,66.5
ES,Eversource Energy,Utilities,Electric Utilities,71.14,71.12,51.06,69.81,67.81,65.58,65.09,64.25,62.8,60.78
EXC,Exelon,Utilities,Electric Utilities,45.01,47.26,34.98,44.28,43.88,43.57,44.0,43.45,43.84,42.41
EXE,Expand Energy,Energy,Oil & Gas Exploration & Production,106.24,121.47,78.16,105.26,102.23,99.12,97.87,104.88,104.48,102.93
EXPE,Expedia Group,Consumer Discretionary,"Hotels, Resorts & Cruise Lines",213.75,229.0,129.46,218.03,220.44,219.78,206.59,188.35,181.55,181.5
EXPD,Expeditors International,Industrials,Air Freight & Logistics,122.59,129.91,99.78,121.88,121.92,122.1,119.8,116.92,115.2,114.83
EXR,Extra Space Storage,Real Estate,Self-Storage REITs,140.94,173.69,118.4,139.52,139.99,142.05,140.8,143.61,142.45,144.06
XOM,ExxonMobil,Energy,Integrated Oil & Gas,112.75,121.93,96.01,114.87,114.23,113.01,110.56,108.99,108.01,107.87
FFIV,"F5, Inc.",Information Technology,Communications Equipment,323.19,337.39,213.24,323.84,325.84,323.72,317.31,303.88,295.15,287.64
FDS,FactSet,Financials,Financial Exchanges & Data,286.49,495.04,282.01,287.37,294.73,329.53,364.64,403.69,407.85,426.64
FICO,Fair Isaac,Information Technology,Application Software,1496.53,2402.52,1300.0,1526.46,1525.71,1534.66,1464.42,1631.04,1686.37,1765.59
FAST,Fastenal,Industrials,Trading Companies & Distributors,49.04,50.63,33.41,48.4,47.9,48.03,48.1,44.99,43.82,41.18
FRT,Federal Realty Investment Trust,Real Estate,Retail REITs,101.31,114.28,79.72,99.79,99.78,100.42,97.24,95.88,95.05,97.96
FDX,FedEx,Industrials,Air Freight & Logistics,235.81,301.45,191.82,236.08,232.82,229.52,228.66,226.34,222.87,236.08
FIS,Fidelity National Information Services,Financials,Transaction & Payment Processing Services,65.94,90.1,63.0,64.78,65.04,66.3,70.57,74.98,74.8,75.0
FITB,Fifth Third Bancorp,Financials,Regional Banks,44.55,47.75,31.96,45.17,45.42,45.46,43.94,41.94,40.56,40.94
FSLR,First Solar,Information Technology,Semiconductors,220.53,262.72,116.56,221.26,217.41,210.49,198.05,180.65,170.48,167.09
FE,FirstEnergy,Utilities,Electric Utilities,45.82,46.13,36.81,45.0,44.22,43.82,43.25,41.85,41.62,40.56
FI,Fiserv,Financials,Transaction & Payment Processing Services,128.93,238.59,127.42,129.64,130.73,132.73,136.11,152.3,161.55,182.14
F,Ford Motor Company,Consumer Discretionary,Automobile Manufacturers,11.96,12.32,8.21,11.86,11.77,11.7,11.47,11.05,10.74,10.23
FTNT,Fortinet,Information Technology,Systems Software,84.08,114.82,70.12,83.97,83.56,81.43,85.02,94.09,94.96,97.01
FTV,Fortive,Industrials,Industrial Machinery & Supplies & Components,48.99,62.71,45.45,48.45,48.45,48.29,48.43,50.8,50.71,53.54
FOXA,Fox Corporation (Class A),Communication Services,Broadcasting,63.06,65.29,40.74,61.5,61.12,60.26,58.31,56.56,55.13,53.85
FOX,Fox Corporation (Class B),Communication Services,Broadcasting,57.29,59.29,37.5,55.67,55.19,54.52,53.08,51.73,50.55,49.8
BEN,Franklin Resources,Financials,Asset Management & Custody Banks,23.13,26.08,16.03,23.35,23.8,24.31,24.74,23.69,22.59,21.45
FCX,Freeport-McMoRan,Materials,Copper,39.22,51.3,27.45,37.02,41.06,43.31,42.84,42.21,40.66,39.74
GRMN,Garmin,Consumer Discretionary,Consumer Electronics,246.22,246.65,158.5,241.07,238.57,237.86,233.67,219.81,213.74,213.38
IT,Gartner,Information Technology,IT Consulting & Other Services,262.87,584.01,223.65,262.67,259.48,251.82,266.83,339.74,353.57,405.48
GE,GE Aerospace,Industrials,Aerospace & Defense,300.82,306.88,158.62,297.16,297.84,289.55,278.07,260.73,246.7,225.63
GEHC,GE HealthCare,Health Care,Health Care Equipment,75.1,94.71,57.59,73.23,74.1,75.29,74.35,73.63,72.05,76.75
GEV,GE Vernova,Industrials,Heavy Electrical Equipment,614.9,677.29,248.02,611.8,618.67,615.02,623.67,557.2,514.04,450.77
GEN,Gen Digital,Information Technology,Systems Software,28.39,32.09,22.55,28.71,28.79,29.07,29.85,29.46,28.54,28.07
GNRC,Generac,Industrials,Electrical Components & Equipment,167.4,203.25,99.5,166.62,173.33,178.02,182.33,158.31,149.2,148.15
GD,General Dynamics,Industrials,Aerospace & Defense,341.0,341.02,236.67,330.31,327.14,325.79,319.8,301.51,294.91,280.96
GIS,General Mills,Consumer Staples,Packaged Foods & Meats,50.42,72.0,48.29,50.14,50.07,50.01,49.81,51.15,52.18,54.89
GM,General Motors,Consumer Discretionary,Automobile Manufacturers,60.97,62.14,41.36,60.77,59.83,59.02,56.49,53.15,51.51,50.74
GPC,Genuine Parts Company,Consumer Discretionary,Distributors,138.6,143.1,102.41,138.08,138.15,138.87,136.12,129.4,126.28,122.89
GILD,Gilead Sciences,Health Care,Biotechnology,111.0,120.99,80.42,112.08,112.72,113.22,113.86,110.54,109.11,105.44
GPN,Global Payments,Financials,Transaction & Payment Processing Services,83.08,118.69,65.53,85.15,85.68,85.84,84.93,81.73,81.26,90.25
GL,Globe Life,Financials,Life & Health Insurance,142.97,147.83,99.63,143.48,144.1,142.54,139.74,130.23,128.4,124.95
GDDY,GoDaddy,Information Technology,Internet Services & Infrastructure,136.83,216.0,132.51,140.87,143.04,144.47,148.78,163.87,166.37,176.54
GS,Goldman Sachs,Financials,Investment Banking & Brokerage,796.35,825.25,434.87,798.03,800.56,781.78,748.12,694.19,658.75,632.2
HAL,Halliburton,Energy,Oil & Gas Equipment & Services,24.6,31.66,18.43,24.76,23.78,22.94,22.15,21.52,21.33,23.04
HIG,Hartford (The),Financials,Property & Casualty Insurance,133.39,135.17,103.64,132.43,131.77,131.84,129.58,127.6,125.74,120.84
HAS,Hasbro,Consumer Discretionary,Leisure Products,75.85,82.19,48.07,75.64,75.07,76.72,77.52,73.48,69.87,65.65
HCA,HCA Healthcare,Health Care,Health Care Facilities,426.2,429.43,288.25,419.54,411.72,409.37,390.84,382.6,373.52,352.35
DOC,Healthpeak Properties,Real Estate,Health Care REITs,19.15,21.94,16.26,18.86,18.67,18.34,17.71,17.47,17.53,18.23
HSIC,Henry Schein,Health Care,Health Care Distributors,66.37,82.49,60.56,66.37,67.28,67.78,68.37,69.98,69.03,70.68
HSY,Hershey Company (The),Consumer Staples,Packaged Foods & Meats,187.05,202.98,136.73,187.08,188.88,187.74,184.54,174.46,172.14,168.43
HPE,Hewlett Packard Enterprise,Information Technology,"Technology Hardware, Storage & Peripherals",24.56,25.36,11.82,24.27,24.61,24.25,22.38,20.46,19.37,19.51
HLT,Hilton Worldwide,Consumer Discretionary,"Hotels, Resorts & Cruise Lines",259.44,279.81,195.81,261.58,263.95,269.44,269.43,263.4,254.51,252.34
HOLX,Hologic,Health Care,Health Care Equipment,67.49,84.39,51.9,66.81,67.18,66.39,66.84,64.59,63.23,64.79
HD,Home Depot (The),Consumer Discretionary,Home Improvement Retail,405.19,429.19,322.47,407.86,411.24,414.36,399.23,381.29,375.32,378.82
HON,Honeywell,Industrials,Industrial Conglomerates,210.5,240.47,177.52,208.85,209.38,211.37,216.71,221.61,217.19,216.12
HRL,Hormel Foods,Consumer Staples,Packaged Foods & Meats,24.74,32.84,23.71,24.64,24.66,24.96,26.98,28.49,28.72,29.01
HST,Host Hotels & Resorts,Real Estate,Hotel & Resort REITs,17.02,18.53,12.06,17.34,17.38,17.45,16.7,16.12,15.64,15.8
HWM,Howmet Aerospace,Industrials,Aerospace & Defense,196.23,196.63,97.59,192.27,191.46,186.78,182.22,177.62,168.49,151.8
HPQ,HP Inc.,Information Technology,"Technology Hardware, Storage & Peripherals",27.23,38.25,20.76,27.04,27.63,28.02,26.85,26.15,25.73,27.7
HUBB,Hubbell Incorporated,Industrials,Industrial Machinery & Supplies & Components,430.31,475.24,297.55,426.71,432.21,435.11,432.99,414.81,400.26,397.12
HUM,Humana,Health Care,Managed Health Care,260.17,319.89,206.15,256.99,258.35,273.26,270.64,252.33,254.88,258.54
HBAN,Huntington Bancshares,Financials,Regional Banks,17.27,17.93,11.7,17.35,17.45,17.48,16.95,16.49,15.92,15.85
HII,Huntington Ingalls Industries,Industrials,Aerospace & Defense,287.91,291.7,155.93,278.99,276.94,274.29,269.43,251.91,244.2,222.82
IBM,IBM,Information Technology,IT Consulting & Other Services,282.16,294.17,197.92,279.05,272.93,263.27,254.27,263.95,258.23,250.3
IEX,IDEX Corporation,Industrials,Industrial Machinery & Supplies & Components,162.76,235.67,152.2,161.07,160.8,161.78,165.29,173.11,172.42,182.85
IDXX,Idexx Laboratories,Health Care,Health Care Equipment,638.89,688.12,356.14,629.4,639.2,641.59,627.63,574.97,544.61,502.14
ITW,Illinois Tool Works,Industrials,Industrial Machinery & Supplies & Components,260.76,274.77,213.36,260.13,261.07,262.53,261.48,254.72,250.56,252.05
INCY,Incyte,Health Care,Biotechnology,84.81,87.99,53.56,83.44,84.38,84.88,81.98,74.4,71.41,70.71
IR,Ingersoll Rand,Industrials,Industrial Machinery & Supplies & Components,82.62,105.95,65.58,81.78,81.41,80.43,80.6,82.08,80.39,83.4
PODD,Insulet Corporation,Health Care,Health Care Equipment,308.73,353.5,225.37,317.58,323.74,333.4,318.98,313.27,301.46,289.44
INTC,Intel,Information Technology,Semiconductors,33.55,36.3,17.67,33.75,31.19,27.87,24.58,23.09,22.51,22.15
ICE,Intercontinental Exchange,Financials,Financial Exchanges & Data,168.48,188.82,141.12,167.91,169.09,171.19,177.5,177.84,174.71,169.35
IFF,International Flavors & Fragrances,Materials,Specialty Chemicals,61.54,104.48,59.73,60.97,61.8,63.38,66.34,70.74,71.37,75.23
IP,International Paper,Materials,Paper & Plastic Packaging Products & Materials,46.4,58.71,42.44,45.87,46.24,46.63,48.06,47.97,47.55,49.72
IPG,Interpublic Group of Companies (The),Communication Services,Advertising,27.91,31.81,21.93,26.72,26.31,26.44,25.9,24.9,24.7,25.47
INTU,Intuit,Information Technology,Application Software,682.91,813.7,531.0,692.67,689.02,675.4,708.98,724.23,699.29,665.0
ISRG,Intuitive Surgical,Health Care,Health Care Equipment,447.23,616.0,425.0,441.94,441.02,446.71,467.37,501.63,501.07,518.94
IVZ,Invesco,Financials,Asset Management & Custody Banks,22.94,23.19,11.33,22.64,22.55,22.35,21.64,18.54,17.47,17.16
INVH,Invitation Homes,Real Estate,Single-Family Residential REITs,29.33,35.13,28.76,29.07,29.21,29.52,30.12,31.42,31.71,31.62
IQV,IQVIA,Health Care,Life Sciences Tools & Services,189.94,237.34,134.65,181.63,184.65,185.74,187.39,170.2,166.4,176.89
IRM,Iron Mountain,Real Estate,Other Specialized REITs,101.94,126.21,71.19,101.05,101.21,98.06,95.0,96.8,94.4,94.97
JBHT,J.B. Hunt,Industrials,Cargo Ground Transportation,134.17,198.61,122.01,133.74,133.34,137.11,141.49,142.78,140.63,149.72
JBL,Jabil,Information Technology,Electronic Manufacturing Services,217.17,237.14,108.57,216.6,221.19,216.25,216.65,203.99,190.73,175.84
JKHY,Jack Henry & Associates,Financials,Transaction & Payment Processing Services,148.93,194.68,147.59,149.89,151.71,156.25,162.09,170.73,170.89,171.9
J,Jacobs Solutions,Industrials,Construction & Engineering,149.86,152.07,104.68,147.98,148.45,146.93,145.97,137.46,133.46,131.7
JNJ,Johnson & Johnson,Health Care,Pharmaceuticals,185.42,185.99,137.37,180.23,177.95,177.8,174.33,163.74,161.42,157.59
JCI,Johnson Controls,Industrials,Building Products,109.95,112.63,67.78,107.49,107.96,107.48,106.93,104.53,99.57,92.72
JPM,JPMorgan Chase,Financials,Diversified Banks,315.43,318.01,199.85,314.81,313.9,307.93,299.8,286.43,276.26,265.98
K,Kellanova,Consumer Staples,Packaged Foods & Meats,82.02,82.04,76.48,79.19,78.42,78.9,79.17,79.59,79.92,80.06
KVUE,Kenvue,Consumer Staples,Personal Care Products,16.23,24.71,16.07,16.4,17.1,18.03,20.09,21.05,21.34,21.43
KDP,Keurig Dr Pepper,Consumer Staples,Soft Drinks & Non-alcoholic Beverages,25.51,36.7,25.35,25.64,26.1,26.84,30.46,31.65,32.14,32.01
KEY,KeyCorp,Financials,Regional Banks,18.69,19.41,12.43,18.81,18.84,18.93,18.46,17.51,16.84,16.71
KEYS,Keysight Technologies,Information Technology,Electronic Equipment & Instruments,174.92,186.2,121.43,173.66,175.23,172.39,167.52,164.77,159.72,161.61
KMB,Kimberly-Clark,Consumer Staples,Household Products,124.34,147.59,120.67,122.98,123.85,125.99,128.32,130.06,130.72,130.75
KIM,Kimco Realty,Real Estate,Retail REITs,21.85,24.7,17.52,21.64,21.8,22.1,21.67,21.25,20.96,21.15
KMI,Kinder Morgan,Energy,Oil & Gas Storage & Transportation,28.31,30.49,20.69,28.13,27.79,27.41,27.16,27.41,27.17,27.04
KKR,KKR & Co.,Financials,Asset Management & Custody Banks,129.95,169.7,85.9,134.41,140.89,140.47,142.44,135.26,129.64,133.25
KLAC,KLA Corporation,Information Technology,Semiconductor Materials & Equipment,1078.6,1085.6,548.81,1066.96,1055.86,992.15,934.4,889.62,843.61,790.17
KHC,Kraft Heinz,Consumer Staples,Packaged Foods & Meats,26.04,34.37,25.07,26.07,26.15,26.36,26.97,26.63,26.97,27.71
KR,Kroger,Consumer Staples,Food Retail,67.41,74.52,53.78,66.07,65.87,66.74,69.07,68.92,69.01,66.51
LHX,L3Harris,Industrials,Aerospace & Defense,305.41,305.79,190.25,293.83,288.82,282.53,276.43,260.32,250.94,234.83
LH,Labcorp,Health Care,Health Care Services,287.06,288.36,208.23,281.18,279.52,277.92,271.79,262.02,255.35,248.95
LRCX,Lam Research,Information Technology,Semiconductor Materials & Equipment,133.9,134.2,56.07,129.95,128.78,118.85,107.36,98.89,92.72,86.96
LW,Lamb Weston,Consumer Staples,Packaged Foods & Meats,58.08,82.35,47.25,55.11,55.3,56.06,55.63,54.07,53.82,55.47
LVS,Las Vegas Sands,Consumer Discretionary,Casinos & Gaming,53.79,58.05,29.84,53.82,53.48,53.72,53.54,48.52,45.72,45.44
LDOS,Leidos,Industrials,Diversified Support Services,188.96,200.78,122.65,185.85,186.26,183.34,177.04,165.55,160.89,153.04
LEN,Lennar,Consumer Discretionary,Homebuilding,126.04,181.28,97.54,125.89,126.78,132.16,127.57,118.45,116.08,119.86
LII,Lennox International,Industrials,Building Products,529.36,689.44,497.88,522.11,530.24,544.91,578.2,577.76,571.08,584.92
LLY,Lilly (Eli),Health Care,Pharmaceuticals,763.0,931.67,622.41,734.1,744.75,746.19,733.68,749.17,758.34,780.67
LIN,Linde plc,Materials,Industrial Gases,475.0,484.83,406.06,474.76,476.64,475.66,473.74,468.05,463.31,455.31
LYV,Live Nation Entertainment,Communication Services,Movies & Entertainment,163.4,175.25,107.14,162.72,164.07,166.51,160.98,152.82,148.15,143.57
LKQ,LKQ Corporation,Consumer Discretionary,Distributors,30.54,43.77,28.65,30.33,30.53,31.36,31.28,35.02,35.93,36.84
LMT,Lockheed Martin,Industrials,Aerospace & Defense,499.21,602.02,407.14,489.84,483.6,473.77,448.4,456.78,457.08,456.93
L,Loews Corporation,Financials,Multi-line Insurance,100.39,100.67,74.95,99.73,98.44,97.6,95.38,92.45,91.13,88.89
LOW,Lowe's,Consumer Discretionary,Home Improvement Retail,251.31,281.56,204.22,254.92,259.55,264.31,251.99,237.32,233.76,237.68
LULU,Lululemon Athletica,Consumer Discretionary,"Apparel, Accessories & Luxury Goods",177.93,423.32,159.25,176.91,173.42,172.61,190.69,230.0,236.99,286.54
LYB,LyondellBasell,Materials,Specialty Chemicals,49.04,89.94,46.44,49.58,50.76,52.53,53.93,55.8,55.7,61.27
MTB,M&T Bank,Financials,Regional Banks,197.62,219.44,148.52,198.86,199.49,199.05,194.57,190.56,185.02,185.48
MPC,Marathon Petroleum,Energy,Oil & Gas Refining & Marketing,192.74,201.61,113.82,195.49,191.07,186.03,175.42,170.24,162.34,155.47
MKTX,MarketAxess,Financials,Financial Exchanges & Data,174.25,292.5,174.04,177.85,178.83,181.77,189.53,203.84,206.58,208.58
MAR,Marriott International,Consumer Discretionary,"Hotels, Resorts & Cruise Lines",260.44,305.27,204.35,262.9,263.5,264.78,265.71,266.65,259.28,264.04
MMC,Marsh McLennan,Financials,Insurance Brokers,201.53,246.94,195.01,199.79,198.38,200.22,203.58,212.02,214.73,217.63
MLM,Martin Marietta Materials,Materials,Construction Materials,630.28,632.26,440.72,616.03,616.4,617.13,605.91,578.68,562.56,543.2
MAS,Masco,Industrials,Building Products,70.39,85.23,56.02,70.59,71.32,72.68,71.53,67.77,66.43,69.24
MA,Mastercard,Financials,Transaction & Payment Processing Services,568.81,601.77,464.22,567.64,576.15,581.16,578.61,572.93,563.52,554.66
MTCH,Match Group,Communication Services,Interactive Media & Services,35.32,39.2,26.24,36.01,36.81,37.34,36.57,33.63,32.76,32.54
MKC,McCormick & Company,Consumer Staples,Packaged Foods & Meats,66.91,85.22,63.66,65.85,65.67,67.39,69.26,71.34,72.12,74.14
MCD,McDonald's,Consumer Discretionary,Restaurants,303.89,322.65,271.85,303.75,303.34,306.58,305.45,303.1,304.22,300.29
MCK,McKesson Corporation,Health Care,Health Care Distributors,772.54,774.85,477.04,758.4,731.1,715.85,700.22,707.18,704.29,668.58
MDT,Medtronic,Health Care,Health Care Equipment,95.24,95.99,77.57,94.69,94.83,94.08,92.72,89.33,88.09,87.47
MRK,Merck & Co.,Health Care,Pharmaceuticals,83.93,110.69,71.87,79.67,80.29,81.6,81.87,79.99,79.87,84.38
META,Meta Platforms,Communication Services,Interactive Media & Services,734.38,795.71,479.11,746.22,758.44,756.88,751.82,717.3,682.25,664.82
MET,MetLife,Financials,Life & Health Insurance,82.37,87.17,64.24,81.4,80.52,80.27,78.68,78.5,77.42,78.91
MTD,Mettler Toledo,Health Care,Life Sciences Tools & Services,1227.61,1521.01,946.69,1215.04,1241.7,1260.52,1267.91,1220.35,1186.65,1217.51
MGM,MGM Resorts,Consumer Discretionary,Casinos & Gaming,34.66,42.54,25.3,35.16,35.21,35.65,36.45,35.36,34.28,34.1
MCHP,Microchip Technology,Information Technology,Semiconductors,64.22,79.31,33.63,64.68,65.07,64.82,65.87,65.91,61.14,58.84
MU,Micron Technology,Information Technology,Semiconductors,167.32,170.45,61.48,161.41,162.97,151.75,130.28,120.27,111.09,105.24
MSFT,Microsoft,Information Technology,Systems Software,517.95,554.54,343.59,512.24,512.13,508.09,511.98,494.05,472.76,449.73
MAA,Mid-America Apartment Communities,Real Estate,Multi-Family Residential REITs,139.73,170.0,137.32,139.42,140.04,141.55,142.92,147.15,149.06,151.0
MRNA,Moderna,Health Care,Biotechnology,25.83,67.96,23.15,25.23,25.42,24.94,26.84,27.35,27.13,30.58
MHK,Mohawk Industries,Consumer Discretionary,Home Furnishings,128.92,164.29,96.24,127.81,129.03,132.78,127.57,116.55,114.2,116.28
MOH,Molina Healthcare,Health Care,Managed Health Care,191.36,359.97,151.95,191.26,185.19,181.63,172.61,227.12,247.38,267.51
TAP,Molson Coors Beverage Company,Consumer Staples,Brewers,45.25,63.47,43.8,45.11,45.51,47.27,49.0,49.93,51.5,53.39
MDLZ,Mondelez International,Consumer Staples,Packaged Foods & Meats,62.47,73.02,53.2,63.08,63.25,62.58,63.43,65.11,65.35,63.57
MPWR,Monolithic Power Systems,Information Technology,Semiconductors,920.64,947.45,437.93,898.92,904.35,877.18,831.54,769.27,725.85,687.12
MNST,Monster Beverage,Consumer Staples,Soft Drinks & Non-alcoholic Beverages,67.31,67.44,45.7,65.83,65.29,64.52,62.97,62.56,61.8,58.21
MCO,Moody's Corporation,Financials,Financial Exchanges & Data,476.48,528.95,377.3,476.31,482.14,494.31,504.6,495.17,483.23,481.59
MS,Morgan Stanley,Financials,Investment Banking & Brokerage,158.96,163.98,92.93,159.41,159.51,156.13,149.12,141.03,134.89,131.5
MOS,Mosaic Company (The),Materials,Fertilizers & Agricultural Chemicals,34.68,37.97,21.99,35.08,34.52,33.78,33.72,34.52,33.06,30.28
MSI,Motorola Solutions,Information Technology,Communications Equipment,457.29,502.83,387.0,455.77,464.96,472.1,458.65,437.01,433.4,438.45
MSCI,MSCI Inc.,Financials,Financial Exchanges & Data,567.41,636.39,483.67,566.56,566.42,567.37,561.13,562.96,557.68,566.77
NDAQ,"Nasdaq, Inc.",Financials,Financial Exchanges & Data,88.45,97.36,64.46,87.71,88.85,91.4,93.29,89.31,86.1,83.06
NTAP,NetApp,Information Technology,"Technology Hardware, Storage & Peripherals",118.46,133.34,71.49,120.19,122.44,122.15,113.38,107.96,103.35,106.07
NFLX,Netflix,Communication Services,Movies & Entertainment,1198.92,1341.15,677.88,1205.63,1213.72,1220.76,1208.02,1218.53,1178.3,1090.33
NEM,Newmont,Materials,Gold,84.31,87.93,36.35,84.25,82.84,80.1,72.57,64.02,61.56,54.41
NWSA,News Corp (Class A),Communication Services,Publishing,30.71,31.61,23.3,30.52,30.53,29.95,29.57,29.06,28.51,28.25
NWS,News Corp (Class B),Communication Services,Publishing,34.55,35.47,26.17,33.93,33.82,33.26,33.55,33.26,32.67,32.18
NEE,NextEra Energy,Utilities,Multi-Utilities,75.49,83.5,60.75,75.21,73.29,72.07,72.39,71.89,70.67,70.19
NKE,"Nike, Inc.",Consumer Discretionary,"Apparel, Accessories & Luxury Goods",69.73,88.3,51.67,69.81,70.66,72.28,74.5,69.71,67.0,69.24
NI,NiSource,Utilities,Multi-Utilities,43.3,43.51,32.69,42.66,41.62,41.09,41.78,40.5,40.11,39.14
NDSN,Nordson Corporation,Industrials,Industrial Machinery & Supplies & Components,226.95,262.94,163.83,225.19,225.25,224.79,220.21,215.25,208.96,209.45
NSC,Norfolk Southern,Industrials,Rail Transportation,300.41,300.91,199.43,297.08,291.24,283.67,281.3,265.92,256.29,249.95
NTRS,Northern Trust,Financials,Asset Management & Custody Banks,134.6,135.39,80.54,132.54,131.82,130.24,128.58,121.16,114.97,110.66
NOC,Northrop Grumman,Industrials,Aerospace & Defense,609.32,610.01,420.66,593.97,584.7,581.74,581.04,535.62,527.58,506.53
NCLH,Norwegian Cruise Line Holdings,Consumer Discretionary,"Hotels, Resorts & Cruise Lines",24.63,29.29,14.21,24.93,25.16,25.44,24.8,22.26,21.16,22.38
NRG,NRG Energy,Utilities,Independent Power Producers & Energy Traders,161.95,175.96,79.04,164.88,165.59,160.64,156.82,154.74,144.04,127.0
NUE,Nucor,Materials,Steel,135.43,168.24,97.18,136.16,136.11,139.75,142.11,133.37,129.25,128.05
NVDA,Nvidia,Information Technology,Semiconductors,186.58,187.35,86.61,180.26,178.65,175.99,177.05,161.72,150.77,142.28
NVR,"NVR, Inc.",Consumer Discretionary,Homebuilding,8034.66,9964.77,6562.85,8021.18,8042.17,8205.63,8062.51,7681.99,7567.58,7632.94
NXPI,NXP Semiconductors,Information Technology,Semiconductors,227.73,251.87,146.73,226.87,225.81,223.95,223.43,217.48,209.22,209.6
ORLY,O’Reilly Automotive,Consumer Discretionary,Automotive Retail,107.81,108.71,75.91,105.9,104.89,105.4,102.96,96.86,95.93,92.26
OXY,Occidental Petroleum,Energy,Oil & Gas Exploration & Production,47.25,55.34,34.4,47.34,46.95,46.44,45.31,44.14,43.19,44.95
ODFL,Old Dominion,Industrials,Cargo Ground Transportation,140.78,231.78,133.69,140.38,140.52,144.25,149.32,156.46,155.84,165.67
OMC,Omnicom Group,Communication Services,Advertising,81.53,103.32,67.76,78.13,76.91,77.3,75.86,73.93,73.85,76.97
ON,ON Semiconductor,Information Technology,Semiconductors,49.31,76.06,31.04,49.99,50.46,49.51,51.1,50.95,48.19,50.04
OKE,Oneok,Energy,Oil & Gas Storage & Transportation,72.97,113.92,70.63,73.41,72.93,72.91,75.14,78.06,78.89,85.57
ORCL,Oracle Corporation,Information Technology,Application Software,281.24,345.72,118.18,289.45,299.59,284.62,260.0,227.34,209.13,191.8
OTIS,Otis Worldwide,Industrials,Industrial Machinery & Supplies & Components,91.43,105.86,83.85,90.25,89.89,88.92,88.11,92.5,93.09,94.24
PCAR,Paccar,Industrials,Construction Machinery & Heavy Transportation Equipment,98.32,114.66,84.08,98.23,98.77,99.25,99.08,96.67,95.23,98.78
PKG,Packaging Corporation of America,Materials,Paper & Plastic Packaging Products & Materials,217.93,244.78,170.61,215.72,214.24,214.04,206.32,199.4,196.23,202.35
PLTR,Palantir Technologies,Information Technology,Application Software,182.42,190.0,36.05,179.51,178.71,170.69,167.21,150.73,140.47,119.94
PANW,Palo Alto Networks,Information Technology,Systems Software,203.62,210.39,144.15,202.57,204.13,200.46,189.93,192.65,188.75,187.71
PSKY,Paramount Skydance Corporation,Communication Services,Movies & Entertainment,18.92,20.86,9.92,19.08,18.85,17.54,15.05,13.63,13.13,12.33
PH,Parker Hannifin,Industrials,Industrial Machinery & Supplies & Components,758.15,779.77,485.92,751.26,752.63,755.67,743.99,711.36,684.62,671.46
PAYX,Paychex,Industrials,Human Resource & Employment Services,126.76,160.03,119.03,127.69,129.17,131.86,137.12,143.49,143.57,143.47
PAYC,Paycom,Industrials,Human Resource & Employment Services,208.14,267.33,158.79,215.22,216.37,219.09,224.28,234.18,230.76,223.49
PYPL,PayPal,Financials,Transaction & Payment Processing Services,67.06,93.66,55.85,67.73,67.9,67.76,69.34,71.06,69.53,73.32
PNR,Pentair,Industrials,Industrial Machinery & Supplies & Components,110.76,112.91,73.85,109.49,109.89,110.04,106.97,103.81,100.12,98.63
PEP,PepsiCo,Consumer Staples,Soft Drinks & Non-alcoholic Beverages,140.44,170.89,125.14,140.63,140.98,142.24,143.53,137.05,137.06,140.34
PFE,Pfizer,Health Care,Pharmaceuticals,25.48,28.43,20.18,24.16,24.12,24.29,24.54,24.06,23.67,24.19
PCG,PG&E Corporation,Utilities,Multi-Utilities,15.08,21.62,12.97,14.84,14.85,15.02,14.88,14.99,15.38,16.04
PM,Philip Morris International,Consumer Staples,Tobacco,162.2,185.29,114.24,163.42,163.38,163.56,165.09,171.35,169.45,157.01
PSX,Phillips 66,Energy,Oil & Gas Refining & Marketing,136.02,142.35,89.26,137.74,134.48,132.99,127.74,123.69,119.04,118.92
PNW,Pinnacle West Capital,Utilities,Multi-Utilities,89.66,94.64,79.08,87.46,86.91,87.44,89.62,89.52,89.95,88.69
PNC,PNC Financial Services,Financials,Diversified Banks,200.93,210.46,142.39,202.58,203.55,203.32,198.32,189.52,182.85,183.98
POOL,Pool Corporation,Consumer Discretionary,Distributors,310.07,391.14,281.15,308.52,313.46,318.58,316.43,308.32,306.8,318.43
PPG,PPG Industries,Materials,Specialty Chemicals,105.11,133.97,89.08,104.44,106.44,108.17,109.41,110.86,109.01,111.04
PPL,PPL Corporation,Utilities,Electric Utilities,37.16,37.3,30.41,36.72,36.25,36.03,36.11,35.03,35.03,34.24
PFG,Principal Financial Group,Financials,Life & Health Insurance,82.91,88.63,67.06,82.27,82.03,81.43,79.28,78.54,77.43,78.4
PG,Procter & Gamble,Consumer Staples,Personal Care Products,153.65,177.66,149.91,152.85,154.35,156.41,155.9,157.96,158.82,161.27
PGR,Progressive Corporation,Financials,Property & Casualty Insurance,246.95,292.77,228.37,243.4,242.47,244.38,245.38,256.7,259.85,258.81
PLD,Prologis,Real Estate,Industrial REITs,114.52,123.15,83.8,113.8,114.0,113.16,109.77,107.92,106.15,107.96
PRU,Prudential Financial,Financials,Life & Health Insurance,103.74,125.75,88.12,103.58,103.44,104.74,104.66,104.15,103.08,106.09
PEG,Public Service Enterprise Group,Utilities,Electric Utilities,83.46,92.35,73.5,82.42,81.92,81.59,83.83,81.96,81.49,81.65
PTC,PTC Inc.,Information Technology,Application Software,203.02,219.69,133.38,203.23,204.22,206.2,208.04,191.47,183.07,180.16
PSA,Public Storage,Real Estate,Self-Storage REITs,288.85,355.59,251.43,284.93,283.35,286.17,284.11,288.18,287.53,289.09
PHM,PulteGroup,Consumer Discretionary,Homebuilding,132.13,148.31,87.74,131.21,131.55,134.15,127.86,115.96,112.48,110.9
PWR,Quanta Services,Industrials,Construction & Engineering,414.42,424.94,227.02,406.45,397.3,388.56,389.44,375.44,356.13,333.51
QCOM,Qualcomm,Information Technology,Semiconductors,166.36,178.09,119.4,168.82,168.36,164.3,158.36,155.43,151.99,154.66
DGX,Quest Diagnostics,Health Care,Health Care Services,190.58,191.49,144.09,188.12,186.15,183.85,179.23,176.67,175.24,169.73
RL,Ralph Lauren Corporation,Consumer Discretionary,"Apparel, Accessories & Luxury Goods",313.56,320.8,175.49,309.44,309.34,311.17,300.68,287.37,272.27,260.74
RJF,Raymond James Financial,Financials,Investment Banking & Brokerage,172.6,177.66,117.19,173.7,173.77,170.88,167.78,159.47,154.53,154.4
RTX,RTX Corporation,Industrials,Aerospace & Defense,167.33,168.28,111.21,163.24,161.09,158.83,157.09,148.68,143.86,136.18
O,Realty Income,Real Estate,Retail REITs,60.79,61.61,49.53,60.29,59.8,59.62,58.36,57.15,56.77,55.42
REG,Regency Centers,Real Estate,Retail REITs,72.9,75.93,62.21,71.82,71.17,71.47,71.25,70.72,70.49,70.71
REGN,Regeneron Pharmaceuticals,Health Care,Biotechnology,562.27,1065.43,475.77,563.88,575.92,570.51,569.4,556.18,560.53,609.32
RF,Regions Financial Corporation,Financials,Regional Banks,26.37,27.61,17.36,26.55,26.75,26.87,26.17,24.33,23.36,23.14
RSG,Republic Services,Industrials,Environmental & Facilities Services,229.48,258.14,196.11,228.2,227.47,228.53,232.82,239.8,240.46,232.69
RMD,ResMed,Health Care,Health Care Equipment,273.73,293.81,199.07,271.31,272.48,273.12,277.71,264.36,255.91,247.1
RVTY,Revvity,Health Care,Health Care Equipment,87.65,129.23,81.36,84.69,85.53,85.13,88.75,91.77,92.34,100.68
ROK,Rockwell Automation,Industrials,Electrical Components & Equipment,349.53,359.54,213.27,344.03,344.93,344.04,344.82,333.77,314.91,300.93
ROL,"Rollins, Inc.",Industrials,Environmental & Facilities Services,58.74,59.12,44.94,57.65,56.66,56.72,57.12,56.75,56.36,53.73
ROP,Roper Technologies,Information Technology,Electronic Equipment & Instruments,498.69,593.46,492.25,499.93,503.66,510.01,527.14,546.09,548.21,550.46
ROST,Ross Stores,Consumer Discretionary,Apparel Retail,152.39,156.94,121.69,150.93,148.39,148.96,145.88,141.28,140.44,140.54
RCL,Royal Caribbean Group,Consumer Discretionary,"Hotels, Resorts & Cruise Lines",323.58,365.38,163.05,325.55,326.01,334.64,332.4,307.32,286.44,266.74
SPGI,S&P Global,Financials,Financial Exchanges & Data,486.71,578.04,425.6,488.18,500.23,521.69,537.41,526.82,516.62,512.88
CRM,Salesforce,Information Technology,Application Software,237.0,366.78,226.09,242.47,244.02,245.24,248.29,259.23,258.96,280.07
SBAC,SBA Communications,Real Estate,Telecom Tower REITs,193.35,247.78,186.81,194.87,196.85,196.69,211.23,220.57,221.45,215.68
SLB,Schlumberger,Energy,Oil & Gas Equipment & Services,34.37,44.81,30.61,34.84,34.66,35.14,34.46,34.44,34.35,36.38
STX,Seagate Technology,Information Technology,"Technology Hardware, Storage & Peripherals",236.06,236.51,62.86,225.25,223.49,208.62,177.2,152.57,137.82,120.84
SRE,Sempra,Utilities,Multi-Utilities,89.98,93.45,61.37,88.41,85.88,83.97,82.54,79.04,77.42,77.74
NOW,ServiceNow,Information Technology,Systems Software,920.28,1198.09,678.66,929.82,938.38,932.94,919.15,961.65,939.56,957.35
SHW,Sherwin-Williams,Materials,Specialty Chemicals,346.26,397.81,307.5,342.83,345.16,354.3,354.08,351.68,348.81,348.9
SPG,Simon Property Group,Real Estate,Retail REITs,187.67,188.13,132.99,184.93,183.23,182.01,173.86,166.3,163.01,165.13
SWKS,Skyworks Solutions,Information Technology,Semiconductors,76.98,97.73,47.01,78.69,78.81,76.6,73.86,72.93,70.02,72.43
SJM,J.M. Smucker Company (The),Consumer Staples,Packaged Foods & Meats,108.6,121.73,92.38,108.69,108.02,108.75,109.23,106.89,108.12,107.35
SW,Smurfit Westrock,Materials,Paper & Plastic Packaging Products & Materials,42.57,55.46,36.31,42.49,43.18,44.39,44.74,44.38,43.61,45.99
SNA,Snap-on,Industrials,Industrial Machinery & Supplies & Components,346.53,366.68,277.22,341.89,339.52,334.38,328.19,322.47,320.54,326.03
SOLV,Solventum,Health Care,Health Care Technology,73.0,85.92,60.7,71.77,72.82,72.9,72.83,73.41,72.04,72.49
SO,Southern Company,Utilities,Electric Utilities,94.77,95.68,78.5,94.26,93.22,92.46,93.28,91.33,90.88,88.35
LUV,Southwest Airlines,Industrials,Passenger Airlines,31.91,37.75,23.55,32.44,32.47,31.99,31.75,32.33,31.21,31.3
SWK,Stanley Black & Decker,Industrials,Industrial Machinery & Supplies & Components,74.33,106.2,52.62,74.12,75.51,76.34,73.48,70.29,68.05,72.93
SBUX,Starbucks,Consumer Discretionary,Restaurants,84.6,115.87,74.48,84.35,84.39,84.29,88.05,88.64,87.45,91.98
STT,State Street Corporation,Financials,Asset Management & Custody Banks,116.01,118.06,72.29,115.23,114.09,113.17,112.54,106.57,101.98,99.13
STLD,Steel Dynamics,Materials,Steel,139.43,153.72,102.78,138.08,138.21,135.53,130.74,131.11,129.29,127.38
STE,Steris,Health Care,Health Care Equipment,247.44,253.0,199.47,246.41,247.91,247.41,241.4,239.25,235.51,228.39
SYK,Stryker Corporation,Health Care,Health Care Equipment,369.67,404.87,328.46,369.67,373.16,380.08,384.92,385.12,379.99,378.59
SMCI,Supermicro,Information Technology,"Technology Hardware, Storage & Peripherals",47.94,66.44,17.25,46.51,46.31,44.52,47.07,45.81,43.28,40.95
SYF,Synchrony Financial,Financials,Consumer Finance,71.05,77.41,40.15,73.56,74.61,75.11,73.13,67.93,64.17,63.3
SNPS,Synopsys,Information Technology,Application Software,493.39,651.73,365.74,483.61,482.42,496.32,567.31,538.39,517.03,506.05
SYY,Sysco,Consumer Staples,Food Distributors,82.34,83.24,66.65,81.81,81.94,81.59,80.71,77.44,76.09,74.95
TMUS,T-Mobile US,Communication Services,Wireless Telecommunication Services,239.38,274.51,199.92,238.23,238.45,241.43,244.33,239.46,241.88,241.32
TROW,T. Rowe Price,Financials,Asset Management & Custody Banks,102.64,119.7,75.88,103.26,104.29,104.94,105.03,99.98,97.07,99.51
TTWO,Take-Two Interactive,Communication Services,Interactive Home Entertainment,258.36,261.47,146.76,252.73,251.77,248.27,236.46,235.19,231.26,218.51
TPR,"Tapestry, Inc.",Consumer Discretionary,"Apparel, Accessories & Luxury Goods",113.22,117.0,42.3,110.99,112.23,109.21,106.58,96.02,90.16,83.59
TRGP,Targa Resources,Energy,Oil & Gas Storage & Transportation,167.54,215.2,141.47,170.95,169.12,166.34,165.32,165.73,166.18,176.03
TGT,Target Corporation,Consumer Staples,Consumer Staples Merchandise Retail,89.7,155.5,85.44,88.37,88.19,89.65,96.77,97.06,96.19,106.21
TEL,TE Connectivity,Information Technology,Electronic Manufacturing Services,219.53,221.0,115.38,216.88,216.99,213.3,207.17,186.33,176.14,164.86
TDY,Teledyne Technologies,Information Technology,Electronic Equipment & Instruments,586.04,586.11,419.0,574.48,568.72,559.89,551.93,528.67,515.62,506.09
TER,Teradyne,Information Technology,Semiconductor Materials & Equipment,137.64,143.64,65.6,134.67,129.62,123.14,113.53,100.01,94.79,101.92
TSLA,"Tesla, Inc.",Consumer Discretionary,Automobile Manufacturers,444.72,488.54,212.11,438.9,432.34,399.22,356.56,340.77,324.87,334.96
TXN,Texas Instruments,Information Technology,Semiconductors,183.73,220.1,137.77,183.6,182.09,183.48,189.42,193.32,185.66,185.02
TPL,Texas Pacific Land Corporation,Energy,Oil & Gas Exploration & Production,933.64,1759.83,844.11,933.83,917.87,919.6,920.03,1030.63,1079.05,1161.44
TXT,Textron,Industrials,Aerospace & Defense,84.49,91.21,57.67,83.42,83.39,82.48,80.81,79.48,76.98,76.38
TMO,Thermo Fisher Scientific,Health Care,Life Sciences Tools & Services,485.02,621.58,385.11,467.7,471.66,477.62,477.2,443.59,441.31,476.92
TJX,TJX Companies,Consumer Discretionary,Apparel Retail,144.54,145.58,109.83,142.61,141.19,140.67,135.2,130.54,129.56,126.27
TKO,TKO Group Holdings,Communication Services,Movies & Entertainment,201.96,212.49,113.01,199.58,200.52,198.57,185.06,175.99,171.3,163.25
TTD,Trade Desk (The),Communication Services,Advertising,49.01,141.53,42.96,47.88,46.62,47.77,59.71,66.79,63.7,76.12
TSCO,Tractor Supply,Consumer Discretionary,Other Specialty Retail,56.87,63.75,46.46,56.77,57.92,58.87,59.49,55.95,54.85,54.58
TT,Trane Technologies,Industrials,Building Products,421.96,475.11,296.82,412.41,408.29,408.8,423.85,425.78,410.62,392.71
TDG,TransDigm Group,Industrials,Aerospace & Defense,1318.02,1519.36,1107.45,1298.61,1293.22,1289.54,1340.64,1358.5,1340.13,1301.69
TRV,Travelers Companies (The),Financials,Property & Casualty Insurance,279.22,280.06,220.97,276.87,276.67,275.96,269.63,267.03,264.41,257.22
TRMB,Trimble Inc.,Information Technology,Electronic Equipment & Instruments,81.65,87.5,52.91,80.94,81.3,80.96,82.08,78.09,74.57,73.55
TFC,Truist Financial,Financials,Diversified Banks,45.72,47.46,32.72,45.86,45.78,45.7,44.97,43.05,41.71,42.21
TYL,Tyler Technologies,Information Technology,Application Software,523.16,661.31,513.52,525.44,529.25,540.2,558.72,566.34,563.63,575.38
TSN,Tyson Foods,Consumer Staples,Packaged Foods & Meats,54.3,63.75,51.39,54.13,53.99,54.77,55.01,54.85,55.69,56.35
USB,U.S. Bancorp,Financials,Diversified Banks,48.33,52.21,34.8,48.99,49.4,49.2,47.45,45.93,44.52,44.89
UBER,Uber,Industrials,Passenger Ground Transportation,97.97,101.99,59.33,98.27,97.47,96.09,93.52,91.29,88.13,81.33
UDR,"UDR, Inc.",Real Estate,Multi-Family Residential REITs,37.26,45.5,35.84,37.03,37.22,37.84,38.55,39.63,39.9,40.69
ULTA,Ulta Beauty,Consumer Discretionary,Other Specialty Retail,546.75,554.13,309.01,545.51,535.54,528.39,521.21,487.39,464.46,436.6
UNP,Union Pacific Corporation,Industrials,Rail Transportation,236.37,252.32,202.16,234.02,228.21,222.95,222.44,223.87,222.04,226.81
UAL,United Airlines Holdings,Industrials,Passenger Airlines,96.5,116.0,52.0,98.72,101.91,104.18,99.01,89.74,85.24,88.75
UPS,United Parcel Service,Industrials,Air Freight & Logistics,83.53,136.36,82.0,83.65,84.02,84.29,86.88,92.26,92.55,101.18
URI,United Rentals,Industrials,Trading Companies & Distributors,954.66,980.53,523.58,942.57,942.68,948.82,916.56,825.26,781.53,748.05
UNH,UnitedHealth Group,Health Care,Managed Health Care,345.3,617.34,233.13,346.39,343.4,337.99,301.78,303.03,337.18,399.0
UHS,Universal Health Services,Health Care,Health Care Facilities,204.44,239.23,152.16,200.74,195.67,191.53,179.99,181.04,179.89,180.61
VLO,Valero Energy,Energy,Oil & Gas Refining & Marketing,170.26,178.43,97.37,172.66,169.03,163.5,149.69,142.33,136.15,133.2
VTR,Ventas,Real Estate,Health Care REITs,69.99,70.82,55.85,68.97,68.3,68.44,68.02,65.83,65.99,64.52
VLTO,Veralto,Industrials,Environmental & Facilities Services,106.61,114.62,83.77,105.29,105.83,106.31,106.37,103.4,101.04,100.73
VRSN,Verisign,Information Technology,Internet Services & Infrastructure,279.57,309.71,174.64,283.45,284.26,283.81,277.65,278.96,274.62,254.56
VRSK,Verisk Analytics,Industrials,Research & Consulting Services,251.51,321.9,239.83,246.87,245.93,255.21,266.03,287.15,287.89,286.93
VZ,Verizon,Communication Services,Integrated Telecommunication Services,43.95,45.87,36.41,43.47,43.52,43.68,43.58,42.95,42.88,41.8
VRTX,Vertex Pharmaceuticals,Health Care,Biotechnology,391.64,519.88,362.5,386.24,385.14,389.89,404.75,426.9,438.67,446.44
VTRS,Viatris,Health Care,Pharmaceuticals,9.9,13.04,6.68,9.65,9.7,9.94,9.85,9.31,9.0,9.55
VICI,Vici Properties,Real Estate,Hotel & Resort REITs,32.61,33.54,26.86,32.31,32.1,32.43,32.55,32.07,31.81,30.91
V,Visa Inc.,Financials,Transaction & Payment Processing Services,341.38,374.85,270.88,338.5,340.16,341.65,344.06,350.13,346.75,341.57
VST,Vistra Corp.,Utilities,Electric Utilities,195.92,219.82,90.3,200.95,205.62,202.38,200.02,186.92,173.61,163.6
VMC,Vulcan Materials Company,Materials,Construction Materials,307.62,308.18,214.34,299.7,298.36,296.36,288.77,276.9,270.58,264.69
WRB,W. R. Berkley Corporation,Financials,Property & Casualty Insurance,76.62,76.97,54.69,75.58,74.48,73.48,71.58,71.65,71.11,67.08
GWW,W. W. Grainger,Industrials,Industrial Machinery & Supplies & Components,952.96,1219.65,889.92,953.06,971.1,988.15,993.28,1025.36,1019.35,1027.08
WAB,Wabtec,Industrials,Construction Machinery & Heavy Transportation Equipment,200.47,215.82,151.42,196.31,193.87,192.23,193.09,199.14,194.7,193.55
WBA,Walgreens Boots Alliance,Consumer Staples,Drug Retail,11.98,,,11.98,12.03,11.93,11.67,11.39,11.33,10.81
WMT,Walmart,Consumer Staples,Consumer Staples Merchandise Retail,103.06,106.11,78.22,103.02,103.06,102.49,100.36,98.47,97.3,95.65
DIS,Walt Disney Company (The),Communication Services,Movies & Entertainment,114.5,124.69,79.76,113.83,113.87,115.43,116.74,116.53,110.86,109.7
WBD,Warner Bros. Discovery,Communication Services,Broadcasting,19.53,20.24,7.25,19.5,19.27,16.92,14.13,12.29,11.52,11.16
WM,Waste Management,Industrials,Environmental & Facilities Services,220.83,240.84,197.52,219.11,217.87,218.35,224.3,227.29,227.45,223.44
WAT,Waters Corporation,Health Care,Life Sciences Tools & Services,299.81,423.56,275.05,292.28,297.4,298.65,295.07,319.16,322.18,345.39
WEC,WEC Energy Group,Utilities,Electric Utilities,114.59,114.92,89.63,112.98,111.54,110.09,108.93,106.72,106.55,103.6
WFC,Wells Fargo,Financials,Diversified Banks,83.82,86.66,53.23,84.38,84.21,82.45,80.86,78.73,76.33,75.15
WELL,Welltower,Real Estate,Health Care REITs,178.14,178.54,120.11,174.38,170.95,169.52,166.76,159.08,156.41,149.52
WST,West Pharmaceutical Services,Health Care,Health Care Supplies,262.33,351.24,187.09,259.72,256.81,255.44,249.01,233.31,228.56,249.47
WDC,Western Digital,Information Technology,"Technology Hardware, Storage & Peripherals",120.06,122.59,28.74,112.12,109.6,102.33,86.04,71.76,65.04,58.36
WY,Weyerhaeuser,Real Estate,Timber REITs,24.79,33.04,23.71,24.59,24.47,24.9,25.35,25.63,25.6,26.84
WSM,"Williams-Sonoma, Inc.",Consumer Discretionary,Homefurnishing Retail,195.45,218.08,123.89,198.06,198.18,199.27,196.82,180.52,174.03,180.04
WMB,Williams Companies,Energy,Oil & Gas Storage & Transportation,63.35,64.48,43.14,63.5,61.86,59.77,58.4,58.49,58.21,57.12
WTW,Willis Towers Watson,Financials,Insurance Brokers,345.45,346.27,283.91,342.21,339.15,335.67,328.67,317.18,316.48,318.42
WDAY,"Workday, Inc.",Information Technology,Application Software,240.73,294.0,205.33,243.87,240.43,234.04,230.61,238.56,237.33,244.95
WYNN,Wynn Resorts,Consumer Discretionary,Casinos & Gaming,128.27,134.07,64.93,128.29,127.65,125.08,117.28,106.2,100.32,94.77
XEL,Xcel Energy,Utilities,Multi-Utilities,80.65,80.96,60.12,79.03,75.69,73.86,72.91,70.48,70.15,68.74
XYL,Xylem Inc.,Industrials,Industrial Machinery & Supplies & Components,147.5,147.9,99.87,143.48,143.01,141.67,140.52,133.95,129.72,126.8
YUM,Yum! Brands,Consumer Discretionary,Restaurants,152.0,161.72,120.38,151.7,149.64,148.23,146.35,145.71,145.73,143.86
ZBRA,Zebra Technologies,Information Technology,Electronic Equipment & Instruments,297.16,427.76,205.73,300.86,309.25,311.17,318.27,310.16,295.96,316.5
ZBH,Zimmer Biomet,Health Care,Health Care Equipment,98.5,114.14,88.99,98.19,99.32,101.35,100.55,96.89,97.68,100.97
ZTS,Zoetis,Health Care,Pharmaceuticals,146.32,195.14,138.77,143.14,144.29,147.26,150.07,155.07,154.39,158.51
