Symbol,Company,GICS_Sector,GICS_Sub_Industry,Current_Price,High_52_Week,Low_52_Week,SMA5,SMA10,SMA20,SMA50,SMA200,Score,Target_Pcnt,Target_Price,Stop_Loss
MMM,3M,Industrials,Industrial Conglomerates,155.85,160.2,122.88,155.61,155.8,152.96,152.06,143.02,0.2,3.23,160.88,145.04
AOS,A. O. Smith,Industrials,Building Products,72.54,88.84,59.04,72.51,72.44,71.53,69.02,67.83,0.2,1.53,73.65,69.41
ABT,Abbott Laboratories,Health Care,Health Care Equipment,131.87,138.95,109.99,132.03,131.19,130.56,130.88,126.05,0.2,1.93,134.42,126.7
ABBV,AbbVie,Health Care,Biotechnology,207.55,212.84,160.57,208.6,206.1,200.67,192.71,186.0,0.4,2.97,213.71,187.62
ADBE,Adobe Inc.,Information Technology,Application Software,363.21,586.55,333.65,358.64,354.34,350.99,366.51,415.25,0.2,2.28,371.49,330.48
AES,AES Corporation,Utilities,Independent Power Producers & Energy Traders,13.49,19.11,9.5,13.29,13.2,13.11,12.34,11.58,0.2,0.67,13.58,12.64
ABNB,Airbnb,Consumer Discretionary,"Hotels, Resorts & Cruise Lines",128.15,161.42,105.69,127.09,125.68,126.98,132.52,131.69,0.2,6.45,136.42,117.54
ALLE,Allegion,Industrials,Building Products,169.82,172.24,118.08,169.53,168.66,166.76,155.28,138.66,0.2,0.95,171.43,162.09
LNT,Alliant Energy,Utilities,Electric Utilities,66.18,66.97,54.87,66.32,65.56,65.49,63.16,60.77,0.2,1.3,67.04,63.94
ALL,Allstate,Financials,Property & Casualty Insurance,202.08,213.62,177.09,207.63,207.63,205.07,199.39,196.61,0.2,6.4,215.01,195.13
GOOGL,Alphabet Inc. (Class A),Communication Services,Interactive Media & Services,208.49,208.49,144.53,203.04,203.09,199.45,187.43,177.52,0.2,0.24,208.99,189.91
GOOG,Alphabet Inc. (Class C),Communication Services,Interactive Media & Services,209.16,209.16,146.4,203.84,203.94,200.25,188.33,179.01,0.2,0.29,209.77,190.73
MO,Altria,Consumer Staples,Tobacco,67.05,67.68,46.47,67.31,66.54,64.55,61.22,56.02,0.2,3.36,69.3,59.8
AMZN,Amazon,Consumer Discretionary,Broadline Retail,227.94,242.06,167.32,226.11,227.01,224.75,222.73,212.35,0.2,3.99,237.03,212.46
AEP,American Electric Power,Utilities,Electric Utilities,113.0,114.06,87.97,113.28,112.7,112.44,107.35,100.93,0.2,1.62,114.83,110.05
AXP,American Express,Financials,Consumer Finance,315.8,328.13,230.81,311.53,308.8,303.63,307.76,292.83,0.2,0.45,317.22,290.04
AIG,American International Group,Financials,Multi-line Insurance,82.79,87.26,69.3,82.52,81.16,79.59,81.54,78.85,0.4,0.93,83.56,75.62
AMT,American Tower,Real Estate,Telecom Tower REITs,211.12,235.15,170.7,209.78,207.04,208.44,216.54,204.09,0.4,1.76,214.84,202.05
AWK,American Water Works,Utilities,Water Utilities,144.4,150.19,118.87,145.46,144.31,143.36,141.62,135.98,0.2,2.35,147.79,138.93
AMP,Ameriprise Financial,Financials,Asset Management & Custody Banks,511.49,569.83,419.45,509.06,509.4,508.88,519.35,516.96,0.4,1.84,520.9,496.87
AME,Ametek,Industrials,Electrical Components & Equipment,185.57,196.4,151.15,184.9,184.51,183.49,181.12,179.96,0.4,1.53,188.41,178.58
AMGN,Amgen,Health Care,Biotechnology,288.47,326.46,252.22,292.56,290.48,291.14,291.08,284.32,0.4,4.96,302.78,279.51
ADI,Analog Devices,Information Technology,Semiconductors,254.49,254.49,163.85,245.79,239.8,232.06,234.87,216.36,0.4,-0.82,252.4,211.7
AMAT,Applied Materials,Information Technology,Semiconductor Materials & Equipment,161.99,211.69,126.23,161.32,169.6,176.06,182.01,168.48,0.2,22.44,198.34,153.78
APTV,Aptiv,Consumer Discretionary,Automotive Parts & Equipment,78.83,78.83,47.92,76.58,75.35,70.85,70.08,63.04,0.2,2.07,80.46,61.24
ADM,Archer Daniels Midland,Consumer Staples,Agricultural Products & Services,64.21,64.21,41.01,61.69,60.3,57.92,55.37,49.82,0.4,-0.53,63.87,51.97
ANET,Arista Networks,Information Technology,Communications Equipment,133.04,141.25,64.37,132.51,135.36,131.43,114.51,101.13,0.2,10.79,147.4,115.45
AJG,Arthur J. Gallagher & Co.,Financials,Insurance Brokers,298.62,348.08,274.44,302.16,297.72,292.39,306.13,312.41,0.2,2.25,305.34,279.43
T,AT&T,Communication Services,Integrated Telecommunication Services,28.74,29.44,18.64,29.04,28.86,28.3,27.92,25.6,0.2,2.89,29.57,27.03
ATO,Atmos Energy,Utilities,Gas Utilities,165.45,168.21,126.72,166.47,166.06,162.49,157.63,149.93,0.4,3.55,171.32,153.66
ADSK,Autodesk,Information Technology,Application Software,285.34,321.27,238.84,287.9,286.97,292.99,297.54,290.35,0.2,8.34,309.14,276.83
AZO,AutoZone,Consumer Discretionary,Automotive Retail,4139.83,4158.1,2981.19,4133.01,4074.15,4013.49,3822.61,3559.48,0.4,1.97,4221.38,3805.71
AXON,Axon Enterprise,Industrials,Aerospace & Defense,763.52,870.97,354.62,762.49,764.22,781.27,772.61,656.26,0.2,13.85,869.27,693.28
BALL,Ball Corporation,Materials,"Metal, Glass & Plastic Containers",53.01,67.18,44.77,53.14,53.44,54.6,56.41,54.24,0.2,10.3,58.47,50.72
BAC,Bank of America,Financials,Diversified Banks,49.48,49.48,34.19,48.73,48.1,47.19,47.06,44.22,0.2,0.59,49.77,44.6
BLK,BlackRock,Financials,Asset Management & Custody Banks,1137.1,1160.16,811.42,1133.39,1141.79,1128.19,1087.05,999.83,0.2,2.38,1164.16,1092.24
BX,Blackstone Inc.,Financials,Asset Management & Custody Banks,169.5,194.8,118.51,167.04,170.11,170.34,161.32,157.56,0.2,4.52,177.16,163.51
BK,BNY Mellon,Financials,Asset Management & Custody Banks,103.12,103.61,63.99,101.95,102.14,101.99,96.88,85.43,0.2,0.78,103.92,100.05
BKNG,Booking Holdings,Consumer Discretionary,"Hotels, Resorts & Cruise Lines",5703.6,5815.92,3711.15,5671.81,5573.96,5525.31,5577.26,5099.43,0.4,0.6,5737.82,5312.95
BSX,Boston Scientific,Health Care,Health Care Equipment,105.11,107.76,79.17,105.26,104.18,104.44,104.1,99.38,0.2,2.15,107.37,101.51
AVGO,Broadcom,Information Technology,Semiconductors,294.23,312.83,135.46,292.78,300.92,299.82,283.14,223.79,0.2,6.76,314.12,285.53
BR,Broadridge Financial Solutions,Industrials,Data Processing & Outsourced Services,256.69,266.89,204.4,260.9,260.85,258.6,247.74,236.59,0.2,6.28,272.81,244.38
BG,Bunge Global,Consumer Staples,Agricultural Products & Services,88.15,97.93,67.23,84.18,82.75,81.34,79.44,77.43,0.4,-1.46,86.86,75.83
BXP,"BXP, Inc.",Real Estate,Office REITs,69.68,86.01,56.05,67.75,66.38,65.98,68.1,68.85,0.2,0.36,69.93,62.02
CHRW,C.H. Robinson,Industrials,Air Freight & Logistics,126.41,126.41,86.41,123.86,122.48,117.57,105.35,100.68,0.2,4.35,131.91,103.22
CDNS,Cadence Design Systems,Information Technology,Application Software,345.19,371.03,231.64,346.94,349.25,354.62,329.72,298.96,0.2,7.05,369.53,339.69
CZR,Caesars Entertainment,Consumer Discretionary,Casinos & Gaming,26.75,45.55,23.18,25.8,25.59,25.61,27.73,30.81,0.2,4.41,27.93,23.3
COF,Capital One,Financials,Consumer Finance,221.1,221.22,134.82,216.73,216.83,213.68,212.32,191.31,0.2,0.55,222.32,205.04
CAH,Cardinal Health,Health Care,Health Care Distributors,146.04,167.63,106.71,149.54,149.17,153.01,158.47,137.58,0.2,10.57,161.48,144.53
KMX,CarMax,Consumer Discretionary,Automotive Retail,59.86,89.19,54.66,59.0,58.46,57.37,62.25,72.78,0.2,1.14,60.54,54.2
CCL,Carnival,Consumer Discretionary,"Hotels, Resorts & Cruise Lines",31.25,31.3,15.45,30.13,30.09,29.69,28.53,24.46,0.4,-0.22,31.18,28.21
CARR,Carrier Global,Industrials,Building Products,66.0,81.67,55.21,66.52,66.3,66.74,71.51,68.89,0.2,5.58,69.68,63.8
CAT,Caterpillar Inc.,Industrials,Construction Machinery & Heavy Transportation Equipment,432.3,438.02,271.63,424.51,418.69,422.78,405.61,364.36,0.2,2.27,442.11,403.46
CBOE,Cboe Global Markets,Financials,Financial Exchanges & Data,249.08,253.24,189.73,248.56,247.41,247.37,239.09,217.4,0.2,2.22,254.61,240.14
CBRE,CBRE Group,Real Estate,Real Estate Services,164.98,164.98,112.85,161.87,160.04,157.86,146.96,135.44,0.4,-0.65,163.91,151.8
COR,Cencora,Health Care,Health Care Distributors,288.3,303.69,217.68,296.51,293.91,290.69,292.86,267.38,0.2,4.86,302.31,279.07
CF,CF Industries,Materials,Fertilizers & Agricultural Chemicals,86.17,101.88,67.67,85.69,85.19,87.07,91.54,85.28,0.4,10.46,95.18,78.95
CVX,Chevron Corporation,Energy,Integrated Oil & Gas,158.2,164.65,130.67,155.43,154.59,153.06,149.88,147.22,0.6,-0.2,157.88,148.23
CINF,Cincinnati Financial,Financials,Property & Casualty Insurance,153.31,157.35,125.84,153.54,152.81,151.47,148.99,144.06,0.2,1.81,156.08,146.85
CTAS,Cintas,Industrials,Diversified Support Services,211.86,227.2,181.05,215.34,217.6,220.35,219.67,209.76,0.2,7.73,228.24,212.47
CSCO,Cisco,Information Technology,Communications Equipment,67.14,71.79,47.21,67.07,67.96,68.43,68.0,61.72,0.2,6.72,71.65,65.21
C,Citigroup,Financials,Diversified Banks,95.0,95.74,55.59,93.95,94.35,93.45,89.13,75.94,0.2,1.35,96.28,90.62
CFG,Citizens Financial Group,Financials,Regional Banks,50.69,50.77,33.59,49.42,48.98,48.2,46.64,43.17,0.6,-0.53,50.42,45.98
CME,CME Group,Financials,Financial Exchanges & Data,271.39,289.38,198.12,272.07,272.92,277.13,275.73,255.28,0.2,5.89,287.37,266.87
CMS,CMS Energy,Utilities,Multi-Utilities,72.22,74.4,63.54,72.83,72.73,72.96,71.13,69.32,0.2,2.94,74.34,71.59
CTSH,Cognizant,Information Technology,IT Consulting & Other Services,72.16,89.65,65.92,71.39,70.44,70.6,74.57,77.5,0.2,2.06,73.65,67.54
ED,Consolidated Edison,Utilities,Multi-Utilities,99.95,111.42,85.77,101.19,101.58,102.37,100.92,99.01,0.2,5.08,105.03,99.71
CEG,Constellation Energy,Utilities,Electric Utilities,310.68,354.46,170.52,312.96,320.06,330.08,321.14,271.27,0.2,14.42,355.48,304.66
CTVA,Corteva,Materials,Fertilizers & Agricultural Chemicals,73.6,77.12,53.96,73.06,72.46,72.13,73.33,64.82,0.4,0.1,73.67,70.58
CRWD,CrowdStrike,Information Technology,Systems Software,418.83,514.1,246.39,418.24,423.82,434.62,465.35,406.85,0.2,11.25,465.95,403.29
CCI,Crown Castle,Real Estate,Telecom Tower REITs,102.97,115.16,82.06,102.97,102.23,104.12,103.86,97.7,0.2,5.56,108.7,99.56
CMI,Cummins,Industrials,Construction Machinery & Heavy Transportation Equipment,396.1,404.74,264.26,397.02,398.69,384.99,354.67,340.38,0.2,5.24,416.86,353.11
CVS,CVS Health,Health Care,Health Care Services,71.21,71.43,42.33,71.15,69.26,66.1,65.23,60.22,0.2,3.24,73.52,58.67
DRI,Darden Restaurants,Consumer Discretionary,Restaurants,205.24,224.21,149.25,207.14,206.66,205.1,210.17,194.21,0.4,1.95,209.24,200.96
DDOG,Datadog,Information Technology,Application Software,128.38,168.65,87.0,129.24,128.47,133.23,136.08,127.49,0.2,14.36,146.82,119.65
DXCM,Dexcom,Health Care,Health Care Equipment,75.96,90.75,59.83,80.28,80.33,80.15,82.7,79.78,0.6,15.07,87.41,72.89
DLTR,Dollar Tree,Consumer Staples,Consumer Staples Merchandise Retail,111.8,117.16,61.21,112.71,113.32,114.3,108.68,83.47,0.2,4.83,117.2,111.39
D,Dominion Energy,Utilities,Multi-Utilities,60.19,62.1,49.07,61.23,61.23,60.81,58.35,55.21,0.2,4.7,63.02,58.61
DPZ,Domino's,Consumer Discretionary,Restaurants,460.66,495.6,397.58,450.39,449.08,452.38,457.99,455.67,0.4,2.83,473.7,431.07
DOW,Dow Inc.,Materials,Commodity Chemicals,24.92,52.18,20.87,24.27,23.59,22.95,26.08,32.95,0.2,2.57,25.56,20.34
DHI,D. R. Horton,Consumer Discretionary,Homebuilding,168.96,194.88,114.44,166.6,165.15,158.0,142.82,137.15,0.4,3.31,174.55,141.45
DUK,Duke Energy,Utilities,Electric Utilities,123.11,124.85,102.96,123.97,123.5,122.96,119.05,114.12,0.2,2.69,126.42,119.49
DD,DuPont,Materials,Specialty Chemicals,76.96,88.16,54.8,75.42,74.29,72.84,72.46,73.63,0.2,-0.01,76.95,68.73
EMN,Eastman Chemical Company,Materials,Specialty Chemicals,68.46,110.6,58.79,67.45,66.49,65.63,72.82,84.88,0.2,9.1,74.69,56.57
ETN,Eaton Corporation,Industrials,Electrical Components & Equipment,345.76,392.76,245.66,346.79,351.44,362.15,359.76,328.86,0.2,13.38,392.02,332.28
EBAY,eBay Inc.,Consumer Discretionary,Broadline Retail,98.55,100.77,56.78,99.13,99.17,94.47,84.14,70.77,0.2,8.77,107.19,81.75
ECL,Ecolab,Materials,Specialty Chemicals,278.36,285.47,225.1,282.86,281.36,273.73,270.1,254.33,0.4,4.47,290.8,256.67
EW,Edwards Lifesciences,Health Care,Health Care Equipment,80.86,81.83,64.54,80.83,79.35,79.31,77.7,73.74,0.2,1.51,82.08,76.54
EA,Electronic Arts,Communication Services,Interactive Home Entertainment,172.76,179.01,116.21,171.54,173.69,167.04,158.7,148.43,0.2,6.92,184.71,149.37
ELV,Elevance Health,Health Care,Managed Health Care,314.0,553.55,274.66,312.43,306.34,294.96,323.72,379.95,0.2,2.75,322.64,267.31
ENPH,Enphase Energy,Information Technology,Semiconductor Materials & Equipment,38.23,123.65,30.11,36.58,35.35,33.73,37.35,54.13,0.2,-0.44,38.06,29.41
ETR,Entergy,Utilities,Electric Utilities,89.17,91.02,57.69,89.27,89.49,89.5,85.5,80.89,0.2,2.25,91.18,87.81
EQT,EQT Corporation,Energy,Oil & Gas Exploration & Production,51.81,60.26,31.49,51.54,51.59,51.84,54.65,50.82,0.4,3.11,53.42,50.26
EQIX,Equinix,Real Estate,Data Center REITs,782.38,968.75,731.64,777.22,776.01,777.02,791.8,858.11,0.2,1.73,795.92,758.15
EQR,Equity Residential,Real Estate,Multi-Family Residential REITs,64.8,75.24,61.2,64.65,64.08,63.94,65.95,68.54,0.2,2.41,66.36,61.51
ESS,Essex Property Trust,Real Estate,Multi-Family Residential REITs,265.46,308.41,252.08,263.87,260.41,260.51,274.98,282.25,0.2,4.31,276.9,244.12
ES,Eversource Energy,Utilities,Electric Utilities,63.39,66.62,53.58,65.35,65.45,65.65,65.04,60.69,0.2,5.76,67.04,64.25
EXE,Expand Energy,Energy,Oil & Gas Exploration & Production,94.62,120.67,68.08,94.36,94.44,97.02,104.05,102.31,0.4,8.89,103.03,91.01
EXPE,Expedia Group,Consumer Discretionary,"Hotels, Resorts & Cruise Lines",213.35,214.81,129.25,209.45,208.14,196.49,184.32,177.2,0.2,3.8,221.46,171.53
EXPD,Expeditors International,Industrials,Air Freight & Logistics,120.35,129.72,102.14,119.89,120.22,118.15,116.32,114.48,0.2,2.51,123.37,112.93
EXR,Extra Space Storage,Real Estate,Self-Storage REITs,140.19,177.29,125.24,140.21,138.54,139.24,144.97,147.84,0.2,5.38,147.73,130.75
XOM,ExxonMobil,Energy,Integrated Oil & Gas,111.74,121.0,98.11,109.64,107.96,107.77,109.32,108.13,0.2,0.61,112.42,103.11
FFIV,"F5, Inc.",Information Technology,Communications Equipment,315.7,326.47,195.73,315.69,318.08,315.9,303.83,278.26,0.2,4.47,329.81,301.99
FAST,Fastenal,Industrials,Trading Companies & Distributors,50.27,50.39,31.73,49.85,49.36,47.95,45.31,40.38,0.2,1.81,51.18,44.73
FITB,Fifth Third Bancorp,Financials,Regional Banks,44.36,47.14,33.02,43.59,43.16,42.35,42.0,40.97,0.6,0.11,44.41,40.29
FSLR,First Solar,Information Technology,Semiconductors,199.44,255.75,120.38,202.22,198.0,190.37,176.07,165.51,0.4,7.11,213.62,167.1
FE,FirstEnergy,Utilities,Electric Utilities,43.64,43.95,37.17,43.58,43.54,43.13,41.25,40.13,0.2,2.06,44.54,41.73
F,Ford Motor Company,Consumer Discretionary,Automobile Manufacturers,11.82,11.82,8.45,11.59,11.5,11.22,11.11,10.05,0.6,0.42,11.87,10.58
FOXA,Fox Corporation (Class A),Communication Services,Broadcasting,59.77,59.89,38.72,59.07,58.64,56.88,56.19,52.28,0.4,1.97,60.95,52.81
FOX,Fox Corporation (Class B),Communication Services,Broadcasting,54.64,54.64,35.86,54.06,53.59,51.98,51.51,48.61,0.4,2.05,55.76,48.2
FCX,Freeport-McMoRan,Materials,Copper,43.69,51.16,28.93,42.29,42.27,41.49,42.94,39.75,0.4,0.62,43.96,39.03
GRMN,Garmin,Consumer Discretionary,Consumer Electronics,232.72,239.99,159.72,232.37,233.14,230.19,221.04,210.6,0.2,3.57,241.03,219.36
GEN,Gen Digital,Information Technology,Systems Software,31.13,32.03,23.31,31.37,31.47,30.38,29.99,28.13,0.4,5.62,32.88,27.89
GNRC,Generac,Industrials,Electrical Components & Equipment,193.28,202.85,101.92,193.44,196.48,192.97,163.78,148.85,0.2,10.75,214.06,171.88
GD,General Dynamics,Industrials,Aerospace & Defense,319.89,319.89,239.38,317.98,316.45,314.85,302.79,275.7,0.4,-0.06,319.7,310.02
GM,General Motors,Consumer Discretionary,Automobile Manufacturers,58.28,59.72,42.35,57.4,56.57,54.7,52.62,50.38,0.2,1.0,58.86,50.55
GPC,Genuine Parts Company,Consumer Discretionary,Distributors,139.25,140.16,104.68,138.16,137.63,134.84,128.66,121.5,0.4,1.49,141.32,128.35
GILD,Gilead Sciences,Health Care,Biotechnology,114.15,120.47,73.53,116.35,117.73,115.96,112.61,103.18,0.2,7.22,122.39,109.53
GL,Globe Life,Financials,Life & Health Insurance,139.39,143.27,98.09,139.22,138.48,139.35,129.11,120.7,0.2,2.63,143.06,135.66
GS,Goldman Sachs,Financials,Investment Banking & Brokerage,738.79,747.2,459.93,727.74,733.56,728.17,705.39,611.41,0.2,1.33,748.62,707.73
HIG,Hartford (The),Financials,Property & Casualty Insurance,132.63,134.02,105.42,133.13,131.72,129.01,125.82,119.42,0.4,2.16,135.49,122.52
HAS,Hasbro,Consumer Discretionary,Leisure Products,81.06,81.85,49.75,80.27,79.96,77.92,75.39,63.68,0.4,1.78,82.5,73.34
HCA,HCA Healthcare,Health Care,Health Care Facilities,402.77,412.92,295.46,404.97,398.87,381.51,374.51,343.55,0.4,4.55,421.1,341.94
DOC,Healthpeak Properties,Real Estate,Health Care REITs,17.65,21.82,16.53,17.42,17.23,17.06,17.47,18.64,0.2,-0.11,17.63,16.49
HSY,Hershey Company (The),Consumer Staples,Packaged Foods & Meats,180.68,196.72,141.22,180.77,179.29,182.2,175.3,166.62,0.2,5.59,190.78,173.63
HPE,Hewlett Packard Enterprise,Information Technology,"Technology Hardware, Storage & Peripherals",22.56,24.05,12.42,21.84,21.62,21.01,20.32,19.26,0.6,-0.18,22.52,19.51
HLT,Hilton Worldwide,Consumer Discretionary,"Hotels, Resorts & Cruise Lines",274.07,278.65,201.16,272.48,271.12,267.71,266.37,249.9,0.2,1.52,278.24,257.19
HON,Honeywell,Industrials,Industrial Conglomerates,220.61,239.16,180.99,218.92,217.93,218.12,225.57,217.33,0.6,0.88,222.55,213.68
HST,Host Hotels & Resorts,Real Estate,Hotel & Resort REITs,16.9,18.25,12.54,16.44,16.16,15.88,15.93,15.8,0.6,-0.53,16.81,14.95
HWM,Howmet Aerospace,Industrials,Aerospace & Defense,171.24,192.01,91.19,171.87,173.73,178.32,179.7,143.14,0.2,10.95,189.99,166.65
HBAN,Huntington Bancshares,Financials,Regional Banks,17.29,17.67,12.37,16.95,16.8,16.51,16.61,15.92,0.4,0.06,17.3,15.72
HII,Huntington Ingalls Industries,Industrials,Aerospace & Defense,270.72,278.86,157.56,267.93,267.84,267.42,255.82,213.62,0.2,1.7,275.32,259.52
IBM,IBM,Information Technology,IT Consulting & Other Services,239.43,292.8,190.58,240.95,239.59,244.59,267.09,244.85,0.4,8.02,258.63,230.53
IDXX,Idexx Laboratories,Health Care,Health Care Equipment,641.35,682.78,361.04,639.3,645.53,628.98,571.91,475.3,0.2,10.65,709.65,548.31
ITW,Illinois Tool Works,Industrials,Industrial Machinery & Supplies & Components,266.74,273.51,217.09,264.62,263.13,259.53,255.44,252.69,0.4,0.73,268.69,250.36
INCY,Incyte,Health Care,Biotechnology,84.76,86.92,55.17,85.6,85.34,81.4,73.87,69.58,0.4,5.85,89.72,73.08
PODD,Insulet Corporation,Health Care,Health Care Equipment,329.0,333.0,180.69,329.62,322.65,307.56,301.56,280.63,0.4,4.2,342.82,272.3
INTC,Intel,Information Technology,Semiconductors,24.55,27.39,18.13,24.34,23.78,21.91,22.16,21.72,0.4,5.82,25.98,17.83
ICE,Intercontinental Exchange,Financials,Financial Exchanges & Data,179.14,188.45,142.02,179.72,180.46,183.44,182.14,167.75,0.2,6.13,190.12,176.75
IP,International Paper,Materials,Paper & Plastic Packaging Products & Materials,49.39,58.45,43.05,48.13,47.75,47.76,48.75,50.84,0.2,5.45,52.08,43.44
IVZ,Invesco,Financials,Asset Management & Custody Banks,21.62,21.62,11.86,21.09,21.11,20.94,18.61,16.54,0.2,0.46,21.72,20.16
INVH,Invitation Homes,Real Estate,Single-Family Residential REITs,30.8,36.03,29.76,30.74,30.5,30.52,31.76,32.29,0.2,2.4,31.54,29.49
J,Jacobs Solutions,Industrials,Construction & Engineering,147.1,151.85,109.18,147.25,147.97,145.84,138.49,130.7,0.2,3.65,152.47,139.2
JNJ,Johnson & Johnson,Health Care,Pharmaceuticals,178.41,179.29,139.73,178.65,176.81,173.33,164.06,155.19,0.2,1.93,181.85,164.81
JCI,Johnson Controls,Industrials,Building Products,106.4,111.73,66.66,105.79,105.56,105.29,105.79,89.58,0.2,0.95,107.41,103.18
KEY,KeyCorp,Financials,Regional Banks,19.02,19.26,13.06,18.5,18.32,18.04,17.82,16.8,0.4,-0.58,18.91,17.17
KEYS,Keysight Technologies,Information Technology,Electronic Equipment & Instruments,165.32,185.11,127.02,162.95,164.44,163.65,163.56,160.87,0.2,2.69,169.77,157.55
KMI,Kinder Morgan,Energy,Oil & Gas Storage & Transportation,26.48,30.24,19.94,26.59,26.61,27.06,27.41,26.95,0.2,6.91,28.31,25.81
KKR,KKR & Co.,Financials,Asset Management & Custody Banks,138.71,166.38,92.52,139.07,141.96,143.36,139.17,134.96,0.2,8.65,150.71,136.02
KLAC,KLA Corporation,Information Technology,Semiconductor Materials & Equipment,879.55,953.34,573.9,875.35,896.74,898.95,901.81,749.43,0.2,7.96,949.56,848.29
KR,Kroger,Consumer Staples,Food Retail,70.14,73.97,50.47,70.73,70.51,71.05,70.68,65.43,0.2,6.06,74.39,67.71
LHX,L3Harris,Industrials,Aerospace & Defense,276.17,278.26,192.63,275.29,273.04,273.84,264.03,231.03,0.2,1.26,279.65,268.03
LH,Labcorp,Health Care,Health Care Services,276.11,278.18,210.19,276.94,273.87,268.38,261.48,244.4,0.4,1.68,280.75,256.0
LVS,Las Vegas Sands,Consumer Discretionary,Casinos & Gaming,56.22,56.22,30.35,54.4,54.08,53.27,49.29,44.96,0.2,-1.46,55.4,51.15
LDOS,Leidos,Industrials,Diversified Support Services,181.61,199.72,126.1,180.54,179.69,173.78,164.59,151.82,0.2,4.52,189.82,157.74
LIN,Linde plc,Materials,Industrial Gases,477.85,482.36,410.23,480.5,478.76,473.3,469.47,453.35,0.2,1.79,486.4,460.19
LYV,Live Nation Entertainment,Communication Services,Movies & Entertainment,165.84,165.84,92.78,163.77,162.08,156.21,151.4,139.37,0.2,1.83,168.87,143.55
L,Loews Corporation,Financials,Multi-line Insurance,95.65,96.7,76.27,96.18,95.55,93.9,91.95,87.25,0.4,2.4,97.95,89.85
LULU,Lululemon Athletica,Consumer Discretionary,"Apparel, Accessories & Luxury Goods",202.44,421.16,186.44,200.8,199.47,198.2,218.45,305.58,0.2,4.18,210.9,185.5
LYB,LyondellBasell,Materials,Specialty Chemicals,57.05,93.12,48.34,56.09,54.33,53.8,58.48,65.66,0.2,7.13,61.12,46.48
MTB,M&T Bank,Financials,Regional Banks,197.89,217.42,155.42,194.72,193.26,190.57,192.58,187.98,0.2,0.4,198.68,182.46
MPC,Marathon Petroleum,Energy,Oil & Gas Refining & Marketing,172.18,181.25,117.23,167.46,164.1,164.7,168.78,151.48,0.6,1.1,174.07,155.31
MAR,Marriott International,Consumer Discretionary,"Hotels, Resorts & Cruise Lines",268.6,302.22,210.04,266.73,266.3,263.95,268.37,266.03,0.4,1.97,273.89,254.02
MA,Mastercard,Financials,Transaction & Payment Processing Services,593.21,598.96,463.77,592.46,586.4,576.34,564.77,546.89,0.2,1.16,600.09,552.61
MTCH,Match Group,Communication Services,Interactive Media & Services,37.18,38.74,26.87,37.23,37.61,36.27,33.71,31.84,0.2,6.62,39.64,32.89
MCD,McDonald's,Consumer Discretionary,Restaurants,313.44,319.48,276.57,312.95,309.8,306.78,299.7,299.7,0.2,0.75,315.79,297.77
MCK,McKesson Corporation,Health Care,Health Care Distributors,678.91,735.33,477.52,690.84,679.44,687.13,705.89,656.41,0.2,6.65,724.06,650.21
META,Meta Platforms,Communication Services,Interactive Media & Services,753.3,790.0,484.29,749.28,765.12,758.93,730.81,643.6,0.2,7.2,807.54,710.31
MET,MetLife,Financials,Life & Health Insurance,80.83,86.38,67.4,79.86,78.62,76.84,77.52,79.13,0.2,0.54,81.27,72.42
MGM,MGM Resorts,Consumer Discretionary,Casinos & Gaming,38.12,41.99,25.79,37.08,36.57,36.1,36.21,34.22,0.2,0.63,38.36,33.85
MCHP,Microchip Technology,Information Technology,Semiconductors,68.55,79.81,34.83,66.78,65.92,65.92,69.01,58.86,0.6,3.01,70.61,61.23
MSFT,Microsoft,Information Technology,Systems Software,504.26,534.76,353.33,505.91,513.48,518.13,505.32,439.1,0.2,6.31,536.08,500.2
MDLZ,Mondelez International,Consumer Staples,Packaged Foods & Meats,61.96,73.6,55.34,62.83,62.31,63.01,66.11,63.69,0.4,7.63,66.69,59.33
MPWR,Monolithic Power Systems,Information Technology,Semiconductors,837.86,937.7,454.23,834.73,840.16,809.62,757.69,654.83,0.2,6.67,893.75,725.52
MS,Morgan Stanley,Financials,Investment Banking & Brokerage,147.65,148.51,93.79,145.58,146.09,144.0,140.67,128.17,0.4,1.13,149.32,138.69
MOS,Mosaic Company (The),Materials,Fertilizers & Agricultural Chemicals,33.13,37.81,22.62,32.6,32.33,33.31,35.12,29.49,0.2,11.56,36.96,29.65
NFLX,Netflix,Communication Services,Movies & Entertainment,1218.07,1339.13,665.77,1211.39,1220.13,1198.99,1229.7,1045.45,0.2,2.99,1254.49,1143.55
NEM,Newmont,Materials,Gold,71.1,71.1,36.61,69.67,69.26,67.56,62.68,49.94,0.2,2.62,72.96,62.15
NWSA,News Corp (Class A),Communication Services,Publishing,30.14,30.5,23.97,29.97,29.71,29.41,29.32,28.24,0.4,0.83,30.39,28.42
NWS,News Corp (Class B),Communication Services,Publishing,34.71,35.17,26.94,34.63,34.31,33.87,33.77,32.06,0.4,1.01,35.06,32.67
NEE,NextEra Energy,Utilities,Multi-Utilities,75.32,83.49,63.6,76.08,74.79,73.1,73.13,70.98,0.4,2.87,77.48,68.73
NKE,"Nike, Inc.",Consumer Discretionary,"Apparel, Accessories & Luxury Goods",79.17,87.95,52.92,77.37,76.98,76.07,72.56,69.88,0.6,-0.09,79.1,73.03
NDSN,Nordson Corporation,Industrials,Industrial Machinery & Supplies & Components,225.79,261.43,166.9,220.78,218.6,215.84,216.66,213.87,0.4,-0.15,225.45,206.22
NTRS,Northern Trust,Financials,Asset Management & Custody Banks,130.61,132.06,83.86,128.64,127.81,127.66,125.24,108.19,0.2,0.88,131.76,123.57
NOC,Northrop Grumman,Industrials,Aerospace & Defense,586.74,597.21,429.46,591.03,587.05,584.87,543.54,496.87,0.2,1.79,597.24,572.51
NCLH,Norwegian Cruise Line Holdings,Consumer Discretionary,"Hotels, Resorts & Cruise Lines",24.64,29.07,15.5,24.27,24.36,24.39,22.6,22.59,0.2,3.94,25.61,23.17
NRG,NRG Energy,Utilities,Independent Power Producers & Energy Traders,144.77,173.91,75.33,146.46,149.69,155.45,154.35,119.12,0.4,19.67,173.25,137.65
NUE,Nucor,Materials,Steel,149.55,165.5,102.79,146.02,145.18,142.33,138.13,129.02,0.6,-0.08,149.43,135.23
NXPI,NXP Semiconductors,Information Technology,Semiconductors,236.67,252.0,152.79,230.69,229.64,220.62,221.52,209.96,0.4,2.28,242.07,199.17
ORLY,O’Reilly Automotive,Consumer Discretionary,Automotive Retail,102.47,104.44,73.94,102.94,102.37,101.89,95.76,89.37,0.2,2.77,105.31,98.47
ON,ON Semiconductor,Information Technology,Semiconductors,50.95,77.87,31.95,50.17,50.6,51.01,54.2,52.45,0.4,14.15,58.16,43.85
PKG,Packaging Corporation of America,Materials,Paper & Plastic Packaging Products & Materials,212.23,244.28,174.83,206.34,201.55,198.44,198.05,206.31,0.2,-0.56,211.04,185.84
PANW,Palo Alto Networks,Information Technology,Systems Software,184.55,208.28,152.44,183.95,179.88,176.92,190.21,187.42,0.6,3.48,190.97,162.88
PSKY,Paramount Skydance Corporation,Communication Services,Movies & Entertainment,15.96,16.03,9.8,15.09,14.3,13.13,12.86,11.59,0.4,4.14,16.62,9.64
PH,Parker Hannifin,Industrials,Industrial Machinery & Supplies & Components,750.3,762.05,515.78,744.58,744.85,733.71,713.6,664.83,0.2,1.84,764.11,703.35
PAYC,Paycom,Industrials,Human Resource & Employment Services,230.78,265.71,154.16,228.97,224.0,226.56,229.63,224.73,0.4,3.56,239.0,214.13
PNR,Pentair,Industrials,Industrial Machinery & Supplies & Components,107.93,109.01,75.76,106.62,106.54,104.43,103.61,98.12,0.2,1.31,109.34,99.52
PFE,Pfizer,Health Care,Pharmaceuticals,25.14,28.21,20.83,25.49,25.26,24.65,24.48,24.21,0.4,3.9,26.12,23.18
PM,Philip Morris International,Consumer Staples,Tobacco,167.37,183.57,115.19,171.05,168.78,167.12,173.26,152.22,0.4,3.96,174.0,160.24
PSX,Phillips 66,Energy,Oil & Gas Refining & Marketing,129.52,135.19,91.09,125.93,123.55,121.99,123.22,118.09,0.4,-0.36,129.05,114.93
PNC,PNC Financial Services,Financials,Diversified Banks,200.7,209.23,146.94,196.88,194.69,192.05,190.18,183.76,0.6,-0.41,199.88,184.22
PPL,PPL Corporation,Utilities,Electric Utilities,36.51,37.24,30.56,36.79,36.8,36.43,35.33,34.08,0.2,2.27,37.34,35.52
PTC,PTC Inc.,Information Technology,Application Software,214.35,216.41,136.74,212.42,209.72,209.63,194.28,178.63,0.2,1.96,218.55,200.71
PHM,PulteGroup,Consumer Discretionary,Homebuilding,132.28,148.13,91.82,129.38,128.56,123.44,114.77,110.61,0.4,2.19,135.18,111.7
QCOM,Qualcomm,Information Technology,Semiconductors,156.42,175.11,123.92,156.05,156.54,153.15,155.55,154.97,0.2,4.67,163.72,142.57
DGX,Quest Diagnostics,Health Care,Health Care Services,178.66,184.4,144.81,181.97,180.47,176.4,174.85,166.58,0.4,4.34,186.41,166.39
RL,Ralph Lauren Corporation,Consumer Discretionary,"Apparel, Accessories & Luxury Goods",287.39,304.45,166.55,286.04,290.27,293.3,285.92,249.86,0.2,6.97,307.42,279.17
O,Realty Income,Real Estate,Retail REITs,58.21,61.73,49.83,59.12,58.53,57.74,57.31,55.07,0.4,2.66,59.76,55.72
RF,Regions Financial Corporation,Financials,Regional Banks,26.65,26.76,18.13,26.15,25.92,25.54,24.72,23.16,0.6,0.23,26.71,24.37
RSG,Republic Services,Industrials,Environmental & Facilities Services,232.22,257.46,196.49,234.58,233.7,234.18,239.91,230.4,0.2,3.64,240.67,227.69
RMD,ResMed,Health Care,Health Care Equipment,285.8,293.73,203.67,288.59,286.91,283.74,268.03,243.16,0.2,2.9,294.09,273.38
ROK,Rockwell Automation,Industrials,Electrical Components & Equipment,349.97,357.15,217.21,344.76,343.99,342.43,339.95,293.29,0.4,2.14,357.46,327.39
RCL,Royal Caribbean Group,Consumer Discretionary,"Hotels, Resorts & Cruise Lines",344.97,352.84,154.84,334.77,325.34,320.31,319.2,254.51,0.4,-0.15,344.45,296.17
SPGI,S&P Global,Financials,Financial Exchanges & Data,551.69,564.15,437.5,554.45,556.57,554.15,534.63,511.27,0.2,3.83,572.82,535.5
SBAC,SBA Communications,Real Estate,Telecom Tower REITs,221.57,244.52,189.91,221.42,219.11,221.08,227.48,218.11,0.4,3.41,229.13,213.03
STX,Seagate Technology,Information Technology,"Technology Hardware, Storage & Peripherals",164.0,164.0,66.19,158.83,157.55,154.57,147.79,108.0,0.4,-0.64,162.95,146.2
SW,Smurfit Westrock,Materials,Paper & Plastic Packaging Products & Materials,45.93,55.13,37.46,44.09,43.78,43.97,44.54,46.93,0.2,2.13,46.91,41.03
SOLV,Solventum,Health Care,Health Care Technology,72.75,84.04,59.77,72.68,72.53,72.52,73.73,72.21,0.4,2.08,74.26,70.77
LUV,Southwest Airlines,Industrials,Passenger Airlines,32.52,37.7,23.9,31.83,31.43,30.72,32.74,31.44,0.6,0.4,32.65,28.8
STT,State Street Corporation,Financials,Asset Management & Custody Banks,114.91,115.48,74.79,113.16,112.46,111.63,108.25,96.77,0.6,0.12,115.05,108.21
STLD,Steel Dynamics,Materials,Steel,133.28,152.49,106.43,129.08,128.0,125.98,129.15,128.18,0.4,-0.56,132.53,119.42
STE,Steris,Health Care,Health Care Equipment,248.48,251.96,201.46,249.0,247.21,238.87,235.32,225.14,0.4,4.02,258.47,219.25
SYK,Stryker Corporation,Health Care,Health Care Equipment,390.88,403.53,336.65,390.35,384.93,384.44,387.45,378.5,0.4,2.44,400.42,368.46
SYF,Synchrony Financial,Financials,Consumer Finance,74.0,74.0,43.38,72.32,72.27,70.8,68.83,61.99,0.4,0.32,74.24,67.37
SYY,Sysco,Consumer Staples,Food Distributors,79.33,82.19,67.53,79.96,80.27,80.09,78.06,74.25,0.2,3.19,81.86,78.31
TTWO,Take-Two Interactive,Communication Services,Interactive Home Entertainment,231.83,243.05,147.66,229.15,231.23,227.45,232.89,210.74,0.6,2.12,236.74,218.17
TEL,TE Connectivity,Information Technology,Electronic Manufacturing Services,205.13,209.34,121.47,203.07,203.92,203.5,186.99,157.62,0.2,1.73,208.68,198.32
TXN,Texas Instruments,Information Technology,Semiconductors,205.97,219.66,143.34,201.89,197.83,191.46,200.0,186.35,0.6,0.26,206.51,176.43
TXT,Textron,Industrials,Aerospace & Defense,80.76,91.11,60.7,80.15,79.89,78.78,80.4,76.74,0.2,0.87,81.46,76.1
TJX,TJX Companies,Consumer Discretionary,Apparel Retail,135.5,138.27,110.73,136.49,134.77,131.61,126.89,123.85,0.4,3.03,139.61,123.61
TKO,TKO Group Holdings,Communication Services,Movies & Entertainment,183.72,191.28,113.12,184.33,186.44,176.14,173.97,155.46,0.4,8.19,198.77,153.52
TSCO,Tractor Supply,Consumer Discretionary,Other Specialty Retail,61.52,62.28,47.8,61.49,60.77,59.85,57.15,54.28,0.4,1.69,62.56,57.15
TT,Trane Technologies,Industrials,Building Products,419.63,472.54,314.52,424.22,427.58,431.58,435.21,393.03,0.4,7.83,452.49,410.68
TDG,TransDigm Group,Industrials,Aerospace & Defense,1389.98,1620.83,1225.77,1398.3,1401.88,1454.77,1496.62,1379.68,0.2,17.35,1631.14,1278.36
TRV,Travelers Companies (The),Financials,Property & Casualty Insurance,272.34,276.29,214.24,273.36,269.91,266.33,263.33,255.71,0.2,1.55,276.56,256.11
TRMB,Trimble Inc.,Information Technology,Electronic Equipment & Instruments,81.43,85.24,54.15,81.12,82.24,82.94,80.06,72.45,0.2,5.22,85.68,80.2
TFC,Truist Financial,Financials,Diversified Banks,45.73,46.42,33.92,44.86,44.68,43.84,43.35,42.08,0.4,0.37,45.9,41.78
USB,U.S. Bancorp,Financials,Diversified Banks,48.16,51.9,36.0,47.05,46.65,45.71,45.61,44.97,0.6,-0.08,48.12,43.31
UBER,Uber,Industrials,Passenger Ground Transportation,95.16,97.48,59.93,95.05,93.58,91.25,91.12,78.19,0.2,2.01,97.07,85.43
UDR,"UDR, Inc.",Real Estate,Multi-Family Residential REITs,38.95,45.23,37.29,38.88,38.54,38.65,39.76,41.35,0.2,2.77,40.03,37.27
ULTA,Ulta Beauty,Consumer Discretionary,Other Specialty Retail,524.37,532.71,314.47,521.46,522.01,515.92,494.78,418.09,0.2,1.7,533.28,498.57
UAL,United Airlines Holdings,Industrials,Passenger Airlines,102.34,110.52,41.33,100.91,100.52,94.46,87.85,87.39,0.4,4.64,107.09,81.83
URI,United Rentals,Industrials,Trading Companies & Distributors,939.49,939.49,549.5,915.41,916.88,891.86,823.01,734.92,0.2,0.84,947.38,836.31
VLO,Valero Energy,Energy,Oil & Gas Refining & Marketing,147.11,153.55,102.97,142.24,139.02,137.27,139.83,129.83,0.6,-1.03,145.59,128.95
VTR,Ventas,Real Estate,Health Care REITs,67.72,69.55,56.07,68.35,68.08,68.0,65.64,63.75,0.2,2.55,69.45,66.56
VLTO,Veralto,Industrials,Environmental & Facilities Services,107.15,113.22,85.23,108.36,108.2,107.29,103.62,100.59,0.2,2.7,110.04,104.54
VRSN,Verisign,Information Technology,Internet Services & Infrastructure,266.39,305.1,175.69,269.77,267.99,268.69,278.52,242.51,0.4,3.33,275.26,262.12
VZ,Verizon,Communication Services,Integrated Telecommunication Services,44.23,45.06,36.62,44.74,44.28,43.55,42.61,41.36,0.4,2.35,45.27,41.83
VICI,Vici Properties,Real Estate,Hotel & Resort REITs,33.5,33.93,27.46,33.06,32.85,32.94,32.87,31.04,0.2,0.75,33.75,32.13
V,Visa Inc.,Financials,Transaction & Payment Processing Services,348.82,372.65,265.57,345.79,344.09,342.3,347.5,337.17,0.6,1.14,352.8,331.82
VST,Vistra Corp.,Utilities,Electric Utilities,190.08,214.06,73.19,191.45,197.07,201.23,194.04,157.29,0.2,13.29,215.34,187.12
VMC,Vulcan Materials Company,Materials,Construction Materials,290.3,295.15,219.65,290.02,291.13,285.17,272.5,263.18,0.2,3.1,299.3,271.03
WRB,W. R. Berkley Corporation,Financials,Property & Casualty Insurance,71.13,74.57,55.33,72.0,71.42,70.58,70.56,65.59,0.2,2.43,72.86,68.3
WAB,Wabtec,Industrials,Construction Machinery & Heavy Transportation Equipment,193.31,214.1,159.81,193.2,192.27,190.91,200.92,194.29,0.6,1.26,195.75,186.06
WBA,Walgreens Boots Alliance,Consumer Staples,Drug Retail,11.97,12.93,8.01,12.1,12.03,11.88,11.64,10.77,0.4,2.34,12.25,11.52
DIS,Walt Disney Company (The),Communication Services,Movies & Entertainment,117.71,124.01,81.37,117.22,116.47,116.53,119.01,108.95,0.4,2.85,121.06,112.0
WBD,Warner Bros. Discovery,Communication Services,Broadcasting,12.04,13.7,6.94,11.76,11.75,12.09,11.86,10.41,0.4,12.46,13.54,10.63
WM,Waste Management,Industrials,Environmental & Facilities Services,224.04,241.26,199.11,227.84,227.92,230.13,229.31,224.24,0.2,5.83,237.1,223.17
WFC,Wells Fargo,Financials,Diversified Banks,80.19,83.83,50.45,78.56,78.41,78.45,79.1,73.88,0.4,1.56,81.44,75.45
WELL,Welltower,Real Estate,Health Care REITs,164.9,168.94,115.67,165.17,164.08,165.51,158.89,145.07,0.2,2.93,169.73,161.3
WDC,Western Digital,Information Technology,"Technology Hardware, Storage & Peripherals",79.22,79.22,30.48,76.47,76.19,75.51,68.9,52.61,0.2,0.33,79.48,71.54
WSM,"Williams-Sonoma, Inc.",Consumer Discretionary,Homefurnishing Retail,197.96,215.83,126.49,200.11,202.8,199.22,180.52,174.89,0.2,7.05,211.92,186.53
WMB,Williams Companies,Energy,Oil & Gas Storage & Transportation,56.83,62.87,42.67,57.1,57.24,58.13,58.74,57.07,0.2,6.25,60.38,55.87
WYNN,Wynn Resorts,Consumer Discretionary,Casinos & Gaming,118.36,118.36,65.78,113.58,112.02,109.89,104.87,90.45,0.4,-2.2,115.76,104.02
XYL,Xylem Inc.,Industrials,Industrial Machinery & Supplies & Components,142.67,144.62,102.53,142.07,142.08,141.52,134.48,124.89,0.2,4.24,148.72,134.32
YUM,Yum! Brands,Consumer Discretionary,Restaurants,146.89,161.74,122.07,148.82,147.53,145.5,146.13,142.84,0.2,3.47,151.99,139.0
