Symbol,Company,GICS_Sector,GICS_Sub_Industry,Current_Price,52_Week_High,52_Week_Low,SMA_5,SMA_10,SMA_20,SMA_50,SMA_100,SMA_125,SMA_200
MMM,3M,Industrials,Industrial Conglomerates,155.85,164.15,121.39,155.61,155.8,152.96,152.06,146.75,147.18,143.02
AOS,A. O. Smith,Industrials,Building Products,72.54,90.29,58.25,72.51,72.44,71.53,69.02,67.13,66.92,67.83
ABT,Abbott Laboratories,Health Care,Health Care Equipment,131.87,139.95,108.96,132.03,131.19,130.56,130.88,130.73,130.71,126.05
ABBV,AbbVie,Health Care,Biotechnology,207.55,214.8,159.42,208.6,206.1,200.67,192.71,188.1,191.63,186.0
ACN,Accenture,Information Technology,IT Consulting & Other Services,256.05,394.41,236.67,256.04,250.6,252.72,276.36,289.92,296.54,320.34
ADBE,Adobe Inc.,Information Technology,Application Software,363.21,587.75,330.04,358.64,354.34,350.99,366.51,375.94,383.38,415.25
AMD,Advanced Micro Devices,Information Technology,Semiconductors,163.36,186.65,76.48,165.32,172.05,172.86,155.77,129.7,124.4,124.94
AES,AES Corporation,Utilities,Independent Power Producers & Energy Traders,13.49,19.17,9.28,13.29,13.2,13.11,12.34,11.4,11.45,11.58
AFL,Aflac,Financials,Life & Health Insurance,107.38,113.54,96.14,107.65,106.11,103.11,102.63,103.46,104.22,104.24
A,Agilent Technologies,Health Care,Life Sciences Tools & Services,119.15,153.19,96.23,119.43,119.1,117.14,117.77,113.41,115.09,123.86
APD,Air Products,Materials,Industrial Gases,294.17,336.92,242.14,293.92,292.38,290.45,288.47,279.4,282.81,292.63
ABNB,Airbnb,Consumer Discretionary,"Hotels, Resorts & Cruise Lines",128.15,163.93,99.88,127.09,125.68,126.98,132.52,128.95,129.17,131.69
AKAM,Akamai Technologies,Information Technology,Internet Services & Infrastructure,76.52,106.8,67.51,76.61,75.44,75.11,77.55,77.43,78.24,84.59
ALB,Albemarle Corporation,Materials,Specialty Chemicals,81.29,112.1,49.11,80.05,80.66,75.66,71.55,64.86,66.83,76.32
ARE,Alexandria Real Estate Equities,Real Estate,Office REITs,80.42,118.73,66.16,78.9,77.1,76.53,76.2,74.57,78.72,85.84
ALGN,Align Technology,Health Care,Health Care Supplies,144.96,262.87,127.7,144.51,143.9,147.09,174.28,174.89,173.78,190.89
ALLE,Allegion,Industrials,Building Products,169.82,172.67,116.14,169.53,168.66,166.76,155.28,145.41,141.82,138.66
LNT,Alliant Energy,Utilities,Electric Utilities,66.18,67.11,54.71,66.32,65.56,65.49,63.16,61.89,61.98,60.77
ALL,Allstate,Financials,Property & Casualty Insurance,202.08,214.76,174.74,207.63,207.63,205.07,199.39,199.23,199.78,196.61
GOOGL,Alphabet Inc. (Class A),Communication Services,Interactive Media & Services,208.49,210.52,140.36,203.04,203.09,199.45,187.43,174.56,172.73,177.52
GOOG,Alphabet Inc. (Class C),Communication Services,Interactive Media & Services,209.16,211.09,142.49,203.84,203.94,200.25,188.33,175.86,174.16,179.01
MO,Altria,Consumer Staples,Tobacco,67.05,68.6,46.28,67.31,66.54,64.55,61.22,59.41,58.71,56.02
AMZN,Amazon,Consumer Discretionary,Broadline Retail,227.94,242.52,161.38,226.11,227.01,224.75,222.73,208.55,206.81,212.35
AMCR,Amcor,Materials,Paper & Plastic Packaging Products & Materials,8.53,11.04,8.25,8.6,8.87,9.18,9.34,9.25,9.34,9.46
AEE,Ameren,Utilities,Multi-Utilities,100.73,103.59,78.91,101.61,101.34,101.41,98.53,97.63,97.78,95.22
AEP,American Electric Power,Utilities,Electric Utilities,113.0,115.08,87.57,113.28,112.7,112.44,107.35,105.16,104.86,100.93
AXP,American Express,Financials,Consumer Finance,315.8,329.14,219.87,311.53,308.8,303.63,307.76,291.97,288.07,292.83
AIG,American International Group,Financials,Multi-line Insurance,82.79,87.61,68.55,82.52,81.16,79.59,81.54,81.97,82.0,78.85
AMT,American Tower,Real Estate,Telecom Tower REITs,211.12,235.86,169.77,209.78,207.04,208.44,216.54,214.97,213.5,204.09
AWK,American Water Works,Utilities,Water Utilities,144.4,153.69,116.64,145.46,144.31,143.36,141.62,142.05,141.67,135.98
AMP,Ameriprise Financial,Financials,Asset Management & Custody Banks,511.49,576.69,393.57,509.06,509.4,508.88,519.35,503.11,501.61,516.96
AME,Ametek,Industrials,Electrical Components & Equipment,185.57,197.35,144.77,184.9,184.51,183.49,181.12,175.75,176.34,179.96
AMGN,Amgen,Health Care,Biotechnology,288.47,330.26,247.06,292.56,290.48,291.14,291.08,284.96,289.55,284.32
APH,Amphenol,Information Technology,Electronic Components,109.73,112.35,56.35,109.31,109.92,108.76,102.74,90.87,85.66,80.18
ADI,Analog Devices,Information Technology,Semiconductors,254.49,257.21,157.93,245.79,239.8,232.06,234.87,218.6,217.49,216.36
AON,Aon plc,Financials,Insurance Brokers,370.94,411.24,322.37,373.63,370.16,365.16,359.19,360.73,367.92,369.24
APA,APA Corporation,Energy,Oil & Gas Exploration & Production,22.36,28.02,13.18,21.04,20.76,19.94,19.44,17.99,18.3,19.64
APO,Apollo Global Management,Financials,Asset Management & Custody Banks,133.89,187.59,101.84,134.9,137.75,140.39,142.16,136.51,136.96,147.43
AAPL,Apple Inc.,Information Technology,"Technology Hardware, Storage & Peripherals",227.16,259.18,168.8,227.28,229.46,220.94,212.62,207.11,210.54,220.54
AMAT,Applied Materials,Information Technology,Semiconductor Materials & Equipment,161.99,213.48,123.04,161.32,169.6,176.06,182.01,167.94,164.7,168.48
APTV,Aptiv,Consumer Discretionary,Automotive Parts & Equipment,78.83,79.03,47.19,76.58,75.35,70.85,70.08,65.38,64.99,63.04
ACGL,Arch Capital Group,Financials,Property & Casualty Insurance,91.88,110.75,82.49,92.7,91.38,89.7,89.52,91.05,91.41,92.28
ADM,Archer Daniels Midland,Consumer Staples,Agricultural Products & Services,64.21,64.38,40.22,61.69,60.3,57.92,55.37,51.16,50.22,49.82
ANET,Arista Networks,Information Technology,Communications Equipment,133.04,141.99,59.43,132.51,135.36,131.43,114.51,99.71,96.55,101.13
AJG,Arthur J. Gallagher & Co.,Financials,Insurance Brokers,298.62,350.53,272.64,302.16,297.72,292.39,306.13,318.6,321.42,312.41
AIZ,Assurant,Financials,Multi-line Insurance,213.92,227.97,174.28,214.76,213.14,203.67,196.66,195.99,198.3,203.24
T,AT&T,Communication Services,Integrated Telecommunication Services,28.74,29.65,18.53,29.04,28.86,28.3,27.92,27.52,27.31,25.6
ATO,Atmos Energy,Utilities,Gas Utilities,165.45,168.86,125.94,166.47,166.06,162.49,157.63,156.37,154.96,149.93
ADSK,Autodesk,Information Technology,Application Software,285.34,326.62,232.67,287.9,286.97,292.99,297.54,288.94,284.09,290.35
ADP,Automatic Data Processing,Industrials,Human Resource & Employment Services,303.84,328.29,261.83,306.3,304.22,304.4,305.01,305.41,304.39,301.63
AZO,AutoZone,Consumer Discretionary,Automotive Retail,4139.83,4187.39,2898.57,4133.01,4074.15,4013.49,3822.61,3761.22,3730.68,3559.48
AVB,AvalonBay Communities,Real Estate,Multi-Family Residential REITs,192.27,233.48,178.86,191.68,190.45,189.52,197.38,199.85,202.32,208.33
AVY,Avery Dennison,Materials,Paper & Plastic Packaging Products & Materials,175.77,221.17,156.18,176.23,176.0,172.5,176.27,175.25,176.03,181.45
AXON,Axon Enterprise,Industrials,Aerospace & Defense,763.52,885.92,346.71,762.49,764.22,781.27,772.61,715.76,681.21,656.26
BKR,Baker Hughes,Energy,Oil & Gas Equipment & Services,44.43,48.6,31.55,43.69,43.27,43.57,41.3,39.21,39.95,41.14
BALL,Ball Corporation,Materials,"Metal, Glass & Plastic Containers",53.01,67.39,43.35,53.14,53.44,54.6,56.41,53.81,53.39,54.24
BAC,Bank of America,Financials,Diversified Banks,49.48,49.66,32.88,48.73,48.1,47.19,47.06,44.04,43.6,44.22
BAX,Baxter International,Health Care,Health Care Equipment,24.56,39.87,21.33,24.31,24.19,24.05,27.34,28.73,29.85,30.4
BDX,Becton Dickinson,Health Care,Health Care Equipment,194.65,249.34,162.35,197.63,196.5,189.27,181.08,182.64,191.25,204.89
BBY,Best Buy,Consumer Discretionary,Computer & Electronics Retail,74.32,99.71,54.24,73.69,72.66,69.69,69.31,68.04,69.44,75.19
TECH,Bio-Techne,Health Care,Life Sciences Tools & Services,56.71,80.52,45.87,55.4,54.48,53.97,53.11,51.48,53.34,60.61
BIIB,Biogen,Health Care,Biotechnology,136.36,206.76,110.04,138.53,136.62,133.08,130.83,127.36,130.22,138.1
BLK,BlackRock,Financials,Asset Management & Custody Banks,1137.1,1171.89,769.66,1133.39,1141.79,1128.19,1087.05,1008.07,994.96,999.83
BX,Blackstone Inc.,Financials,Asset Management & Custody Banks,169.5,196.67,114.16,167.04,170.11,170.34,161.32,148.25,147.67,157.56
XYZ,"Block, Inc.",Financials,Transaction & Payment Processing Services,79.08,99.26,44.27,76.15,76.08,75.94,72.02,64.43,63.4,72.27
BK,BNY Mellon,Financials,Asset Management & Custody Banks,103.12,104.47,63.75,101.95,102.14,101.99,96.88,90.02,88.68,85.43
BA,Boeing,Industrials,Aerospace & Defense,226.87,242.69,128.88,226.41,229.89,227.46,221.47,203.89,196.62,185.73
BKNG,Booking Holdings,Consumer Discretionary,"Hotels, Resorts & Cruise Lines",5703.6,5839.41,3680.94,5671.81,5573.96,5525.31,5577.26,5312.57,5182.53,5099.43
BSX,Boston Scientific,Health Care,Health Care Equipment,105.11,108.94,78.53,105.26,104.18,104.44,104.1,102.42,102.01,99.38
BMY,Bristol Myers Squibb,Health Care,Pharmaceuticals,47.14,61.84,42.96,48.02,47.89,46.63,46.95,47.79,49.95,52.1
AVGO,Broadcom,Information Technology,Semiconductors,294.23,317.35,133.38,292.78,300.92,299.82,283.14,245.79,234.09,223.79
BR,Broadridge Financial Solutions,Industrials,Data Processing & Outsourced Services,256.69,271.91,203.77,260.9,260.85,258.6,247.74,242.04,240.57,236.59
BRO,Brown & Brown,Financials,Insurance Brokers,96.72,125.31,90.24,96.69,95.94,94.17,101.7,107.16,109.6,108.54
BLDR,Builders FirstSource,Industrials,Building Products,141.91,203.14,102.6,138.1,138.39,134.24,128.04,121.74,123.52,138.39
BG,Bunge Global,Consumer Staples,Agricultural Products & Services,88.15,98.35,65.6,84.18,82.75,81.34,79.44,78.02,77.01,77.43
BXP,"BXP, Inc.",Real Estate,Office REITs,69.68,86.38,53.45,67.75,66.38,65.98,68.1,66.5,66.41,68.85
CHRW,C.H. Robinson,Industrials,Air Freight & Logistics,126.41,126.85,84.13,123.86,122.48,117.57,105.35,99.13,99.11,100.68
CDNS,Cadence Design Systems,Information Technology,Application Software,345.19,376.45,221.56,346.94,349.25,354.62,329.72,309.57,297.93,298.96
CZR,Caesars Entertainment,Consumer Discretionary,Casinos & Gaming,26.75,45.93,21.4,25.8,25.59,25.61,27.73,27.4,27.64,30.81
CPT,Camden Property Trust,Real Estate,Multi-Family Residential REITs,108.87,124.31,101.41,108.61,107.35,107.65,111.34,112.8,114.09,114.51
CPB,Campbell's Company (The),Consumer Staples,Packaged Foods & Meats,32.52,50.77,29.39,32.66,32.52,32.47,31.81,33.61,34.61,36.76
COF,Capital One,Financials,Consumer Finance,221.1,231.82,129.97,216.73,216.83,213.68,212.32,197.31,193.29,191.31
CAH,Cardinal Health,Health Care,Health Care Distributors,146.04,168.44,104.89,149.54,149.17,153.01,158.47,151.56,147.13,137.58
KMX,CarMax,Consumer Discretionary,Automotive Retail,59.86,91.25,54.53,59.0,58.46,57.37,62.25,64.71,66.89,72.78
CCL,Carnival,Consumer Discretionary,"Hotels, Resorts & Cruise Lines",31.25,31.38,15.07,30.13,30.09,29.69,28.53,24.6,23.88,24.46
CARR,Carrier Global,Industrials,Building Products,66.0,82.31,53.89,66.52,66.3,66.74,71.51,69.16,68.38,68.89
CAT,Caterpillar Inc.,Industrials,Construction Machinery & Heavy Transportation Equipment,432.3,441.15,265.05,424.51,418.69,422.78,405.61,364.75,358.88,364.36
CBOE,Cboe Global Markets,Financials,Financial Exchanges & Data,249.08,255.27,186.22,248.56,247.41,247.37,239.09,230.0,226.94,217.4
CBRE,CBRE Group,Real Estate,Real Estate Services,164.98,165.41,108.45,161.87,160.04,157.86,146.96,135.6,134.9,135.44
CDW,CDW Corporation,Information Technology,Technology Distributors,166.46,229.02,136.84,166.43,165.94,167.63,173.69,171.14,170.58,175.54
COR,Cencora,Health Care,Health Care Distributors,288.3,308.18,216.84,296.51,293.91,290.69,292.86,289.38,283.7,267.38
CNC,Centene Corporation,Health Care,Managed Health Care,29.08,80.59,25.08,29.21,28.37,27.02,34.78,47.17,49.56,53.64
CNP,CenterPoint Energy,Utilities,Multi-Utilities,37.7,39.16,25.5,38.0,38.03,38.27,37.08,36.99,36.52,34.6
CF,CF Industries,Materials,Fertilizers & Agricultural Chemicals,86.17,103.84,66.56,85.69,85.19,87.07,91.54,86.81,84.74,85.28
CRL,Charles River Laboratories,Health Care,Life Sciences Tools & Services,164.11,230.02,91.86,159.71,157.58,160.01,157.88,143.78,148.18,160.96
SCHW,Charles Schwab Corporation,Financials,Investment Banking & Brokerage,96.19,99.42,60.38,95.82,96.35,96.6,93.71,87.98,85.74,82.91
CHTR,Charter Communications,Communication Services,Cable & Satellite,273.44,437.06,254.67,270.53,268.25,267.05,340.1,360.66,361.63,363.69
CVX,Chevron Corporation,Energy,Integrated Oil & Gas,158.2,165.09,129.01,155.43,154.59,153.06,149.88,143.32,145.86,147.22
CMG,Chipotle Mexican Grill,Consumer Discretionary,Restaurants,42.75,66.74,41.18,43.12,43.25,43.0,49.28,49.79,49.97,53.45
CB,Chubb Limited,Financials,Property & Casualty Insurance,274.41,305.88,250.52,276.88,275.21,271.86,276.79,281.93,283.47,279.65
CHD,Church & Dwight,Consumer Staples,Household Products,92.75,115.72,90.22,94.34,93.46,93.13,95.23,96.84,99.2,101.61
CI,Cigna,Health Care,Health Care Services,300.76,365.71,256.89,302.55,296.58,285.79,300.69,311.14,312.0,306.56
CINF,Cincinnati Financial,Financials,Property & Casualty Insurance,153.31,158.92,122.28,153.54,152.81,151.47,148.99,145.3,144.84,144.06
CTAS,Cintas,Industrials,Diversified Support Services,211.86,228.77,179.74,215.34,217.6,220.35,219.67,216.56,213.05,209.76
CSCO,Cisco,Information Technology,Communications Equipment,67.14,72.55,46.57,67.07,67.96,68.43,68.0,63.93,63.36,61.72
C,Citigroup,Financials,Diversified Banks,95.0,96.28,54.51,93.95,94.35,93.45,89.13,79.48,77.78,75.94
CFG,Citizens Financial Group,Financials,Regional Banks,50.69,50.88,31.96,49.42,48.98,48.2,46.64,42.4,42.14,43.17
CLX,Clorox,Consumer Staples,Household Products,119.39,166.9,116.17,120.32,120.93,122.33,123.16,128.65,131.98,141.34
CME,CME Group,Financials,Financial Exchanges & Data,271.39,289.46,197.54,272.07,272.92,277.13,275.73,273.35,270.26,255.28
CMS,CMS Energy,Utilities,Multi-Utilities,72.22,75.33,62.54,72.83,72.73,72.96,71.13,70.96,71.18,69.32
KO,Coca-Cola Company (The),Consumer Staples,Soft Drinks & Non-alcoholic Beverages,68.93,73.85,59.75,70.11,70.03,69.71,69.83,70.42,70.25,67.43
CTSH,Cognizant,Information Technology,IT Consulting & Other Services,72.16,89.77,64.98,71.39,70.44,70.6,74.57,75.2,76.08,77.5
COIN,Coinbase,Financials,Financial Exchanges & Data,306.0,444.65,142.58,306.52,314.54,322.37,343.96,280.69,263.62,271.25
CL,Colgate-Palmolive,Consumer Staples,Household Products,84.06,106.9,82.4,85.64,85.35,84.92,87.27,89.19,89.52,89.48
CMCSA,Comcast,Communication Services,Cable & Satellite,34.01,44.12,31.03,33.79,33.38,32.84,34.11,34.14,34.41,35.72
CAG,Conagra Brands,Consumer Staples,Packaged Foods & Meats,19.16,31.36,18.18,19.33,19.33,19.09,19.56,21.44,22.19,23.45
COP,ConocoPhillips,Energy,Oil & Gas Exploration & Production,98.18,112.56,78.56,95.68,95.07,94.25,93.24,90.58,91.77,95.1
ED,Consolidated Edison,Utilities,Multi-Utilities,99.95,112.97,85.07,101.19,101.58,102.37,100.92,103.24,103.3,99.01
STZ,Constellation Brands,Consumer Staples,Distillers & Vintners,163.68,255.51,158.43,165.69,167.28,168.74,167.64,174.61,175.39,187.02
CEG,Constellation Energy,Utilities,Electric Utilities,310.68,356.57,160.94,312.96,320.06,330.08,321.14,287.93,274.38,271.27
COO,Cooper Companies (The),Health Care,Health Care Supplies,73.48,112.38,65.0,73.85,73.65,72.17,72.19,75.06,76.91,84.1
CPRT,Copart,Industrials,Diversified Support Services,48.39,64.38,45.05,48.09,47.66,46.93,47.34,52.49,52.86,55.0
GLW,Corning Inc.,Information Technology,Electronic Components,66.78,67.32,37.1,65.31,65.48,64.54,57.4,51.55,50.62,49.92
CPAY,Corpay,Financials,Transaction & Payment Processing Services,322.53,400.81,269.02,321.7,318.88,317.87,325.13,325.49,330.2,343.27
CTVA,Corteva,Materials,Fertilizers & Agricultural Chemicals,73.6,77.41,53.27,73.06,72.46,72.13,73.33,69.14,67.55,64.82
CSGP,CoStar Group,Real Estate,Real Estate Services,90.51,97.43,68.26,89.46,88.91,92.14,87.22,82.24,81.43,79.11
COST,Costco,Consumer Staples,Consumer Staples Merchandise Retail,941.58,1075.34,862.73,969.04,974.21,965.36,968.39,981.36,975.69,972.36
CTRA,Coterra,Energy,Oil & Gas Exploration & Production,23.86,29.29,21.55,23.49,23.65,23.76,24.47,24.59,25.09,25.41
CRWD,CrowdStrike,Information Technology,Systems Software,418.83,517.98,242.25,418.24,423.82,434.62,465.35,443.88,427.57,406.85
CCI,Crown Castle,Real Estate,Telecom Tower REITs,102.97,115.8,81.93,102.97,102.23,104.12,103.86,102.02,101.18,97.7
CSX,CSX Corporation,Industrials,Rail Transportation,32.81,37.25,26.11,35.15,35.63,35.53,34.32,31.91,31.57,32.22
CMI,Cummins,Industrials,Construction Machinery & Heavy Transportation Equipment,396.1,406.31,257.24,397.02,398.69,384.99,354.67,329.51,329.65,340.38
CVS,CVS Health,Health Care,Health Care Services,71.21,72.3,42.12,71.15,69.26,66.1,65.23,64.73,64.76,60.22
DHR,Danaher Corporation,Health Care,Life Sciences Tools & Services,207.73,278.43,170.73,209.41,209.2,204.38,200.8,196.67,198.95,210.36
DRI,Darden Restaurants,Consumer Discretionary,Restaurants,205.24,226.68,148.61,207.14,206.66,205.1,210.17,206.62,204.09,194.21
DDOG,Datadog,Information Technology,Application Software,128.38,170.08,81.63,129.24,128.47,133.23,136.08,121.54,118.59,127.49
DVA,DaVita,Health Care,Health Care Services,137.33,179.6,126.07,137.87,135.92,136.13,139.51,140.81,142.12,148.8
DAY,Dayforce,Industrials,Human Resource & Employment Services,69.49,82.69,48.01,68.11,61.85,58.28,57.53,57.41,57.46,63.43
DECK,Deckers Brands,Consumer Discretionary,Footwear,113.03,223.98,93.72,107.28,105.9,105.6,104.47,108.52,111.55,141.04
DE,Deere & Company,Industrials,Agricultural & Farm Machinery,487.9,532.1,368.36,490.56,493.1,501.47,507.38,494.99,490.76,472.32
DELL,Dell Technologies,Information Technology,"Technology Hardware, Storage & Peripherals",131.01,145.54,65.56,130.67,134.94,133.76,127.49,112.86,109.44,112.66
DAL,Delta Air Lines,Industrials,Passenger Airlines,60.41,69.36,34.52,59.9,59.76,56.5,53.73,49.47,49.5,54.68
DVN,Devon Energy,Energy,Oil & Gas Exploration & Production,35.77,44.6,25.71,34.44,34.02,33.44,33.33,32.25,32.84,33.69
DXCM,Dexcom,Health Care,Health Care Equipment,75.96,93.25,57.52,80.28,80.33,80.15,82.7,80.09,79.14,79.78
FANG,Diamondback Energy,Energy,Oil & Gas Exploration & Production,145.27,195.31,112.4,140.68,140.04,142.3,142.14,138.67,141.0,150.18
DLR,Digital Realty,Real Estate,Data Center REITs,165.86,193.72,129.05,165.72,166.46,169.66,172.44,166.38,162.88,167.28
DG,Dollar General,Consumer Staples,Consumer Staples Merchandise Retail,112.35,122.16,65.67,112.97,113.56,112.15,111.96,103.93,98.98,89.56
DLTR,Dollar Tree,Consumer Staples,Consumer Staples Merchandise Retail,111.8,118.06,60.49,112.71,113.32,114.3,108.68,96.25,90.78,83.47
D,Dominion Energy,Utilities,Multi-Utilities,60.19,62.46,47.5,61.23,61.23,60.81,58.35,56.26,55.87,55.21
DPZ,Domino's,Consumer Discretionary,Restaurants,460.66,497.15,390.2,450.39,449.08,452.38,457.99,464.69,463.51,455.67
DASH,DoorDash,Consumer Discretionary,Specialized Consumer Services,245.28,278.15,122.32,245.99,249.73,252.24,243.03,218.76,212.86,200.56
DOV,Dover Corporation,Industrials,Industrial Machinery & Supplies & Components,180.51,221.09,142.63,179.89,179.34,178.3,182.21,177.33,178.52,185.5
DOW,Dow Inc.,Materials,Commodity Chemicals,24.92,52.49,20.4,24.27,23.59,22.95,26.08,27.37,29.02,32.95
DHI,D. R. Horton,Consumer Discretionary,Homebuilding,168.96,197.64,109.8,166.6,165.15,158.0,142.82,132.42,131.57,137.15
DTE,DTE Energy,Utilities,Multi-Utilities,138.42,142.05,112.71,139.76,139.64,139.28,136.07,134.9,134.46,129.0
DUK,Duke Energy,Utilities,Electric Utilities,123.11,126.75,102.41,123.97,123.5,122.96,119.05,117.86,117.51,114.12
DD,DuPont,Materials,Specialty Chemicals,76.96,88.67,53.45,75.42,74.29,72.84,72.46,68.93,70.5,73.63
EMN,Eastman Chemical Company,Materials,Specialty Chemicals,68.46,111.31,56.78,67.45,66.49,65.63,72.82,75.52,78.64,84.88
ETN,Eaton Corporation,Industrials,Electrical Components & Equipment,345.76,399.56,231.05,346.79,351.44,362.15,359.76,330.49,321.59,328.86
EBAY,eBay Inc.,Consumer Discretionary,Broadline Retail,98.55,101.15,55.62,99.13,99.17,94.47,84.14,76.87,74.71,70.77
ECL,Ecolab,Materials,Specialty Chemicals,278.36,286.04,221.08,282.86,281.36,273.73,270.1,260.67,259.99,254.33
EIX,Edison International,Utilities,Electric Utilities,54.5,85.03,46.98,55.24,55.56,54.72,52.27,53.56,53.83,59.27
EW,Edwards Lifesciences,Health Care,Health Care Equipment,80.86,83.0,64.01,80.83,79.35,79.31,77.7,76.04,74.99,73.74
EA,Electronic Arts,Communication Services,Interactive Home Entertainment,172.76,180.9,114.9,171.54,173.69,167.04,158.7,152.54,149.85,148.43
ELV,Elevance Health,Health Care,Managed Health Care,314.0,558.44,273.71,312.43,306.34,294.96,323.72,364.54,374.61,379.95
EMR,Emerson Electric,Industrials,Electrical Components & Equipment,132.38,149.68,89.31,131.74,132.3,135.66,136.47,123.63,121.48,122.89
ENPH,Enphase Energy,Information Technology,Semiconductor Materials & Equipment,38.23,130.08,29.89,36.58,35.35,33.73,37.35,42.36,45.99,54.13
ETR,Entergy,Utilities,Electric Utilities,89.17,91.79,57.35,89.27,89.49,89.5,85.5,83.69,83.56,80.89
EOG,EOG Resources,Energy,Oil & Gas Exploration & Production,121.43,135.49,100.76,119.35,119.07,118.61,119.67,115.37,116.94,120.64
EPAM,EPAM Systems,Information Technology,IT Consulting & Other Services,172.51,269.0,138.15,169.57,164.32,160.29,167.22,166.78,170.75,197.24
EQT,EQT Corporation,Energy,Oil & Gas Exploration & Production,51.81,60.83,31.05,51.54,51.59,51.84,54.65,53.66,53.02,50.82
EFX,Equifax,Industrials,Research & Consulting Services,250.76,308.07,199.6,249.89,248.52,245.0,252.56,252.94,250.85,253.53
EQIX,Equinix,Real Estate,Data Center REITs,782.38,977.63,693.42,777.22,776.01,777.02,791.8,815.8,822.03,858.11
EQR,Equity Residential,Real Estate,Multi-Family Residential REITs,64.8,76.06,58.81,64.65,64.08,63.94,65.95,67.04,67.62,68.54
ERIE,Erie Indemnity,Financials,Insurance Brokers,363.32,539.84,331.01,363.35,364.27,360.07,353.87,363.55,375.04,386.28
ESS,Essex Property Trust,Real Estate,Multi-Family Residential REITs,265.46,310.81,241.65,263.87,260.41,260.51,274.98,276.01,280.27,282.25
EL,Estée Lauder Companies (The),Consumer Staples,Personal Care Products,88.68,101.93,48.12,88.81,90.22,90.82,86.6,73.98,72.85,72.83
EG,Everest Group,Financials,Reinsurance,341.32,400.59,318.14,342.93,338.05,334.17,335.53,340.12,343.02,347.79
EVRG,Evergy,Utilities,Electric Utilities,71.65,73.29,55.84,71.92,71.83,71.55,69.41,67.66,67.31,65.11
ES,Eversource Energy,Utilities,Electric Utilities,63.39,67.15,51.64,65.35,65.45,65.65,65.04,62.91,62.37,60.69
EXC,Exelon,Utilities,Electric Utilities,44.6,47.26,34.98,44.76,44.69,44.6,43.51,43.89,43.75,41.63
EXE,Expand Energy,Energy,Oil & Gas Exploration & Production,94.62,121.47,66.93,94.36,94.44,97.02,104.05,105.94,105.15,102.31
EXPE,Expedia Group,Consumer Discretionary,"Hotels, Resorts & Cruise Lines",213.35,216.6,125.89,209.45,208.14,196.49,184.32,172.64,173.27,177.2
EXPD,Expeditors International,Industrials,Air Freight & Logistics,120.35,129.91,99.78,119.89,120.22,118.15,116.32,113.51,114.34,114.48
EXR,Extra Space Storage,Real Estate,Self-Storage REITs,140.19,178.97,119.72,140.21,138.54,139.24,144.97,144.23,144.79,147.84
XOM,ExxonMobil,Energy,Integrated Oil & Gas,111.74,121.93,96.01,109.64,107.96,107.77,109.32,106.75,107.53,108.13
FFIV,"F5, Inc.",Information Technology,Communications Equipment,315.7,334.0,195.44,315.69,318.08,315.9,303.83,288.47,285.38,278.26
FDS,FactSet,Financials,Financial Exchanges & Data,382.65,496.49,365.76,380.59,376.56,385.34,414.66,426.41,429.48,445.52
FICO,Fair Isaac,Information Technology,Application Software,1423.87,2402.52,1300.0,1386.11,1359.6,1375.51,1565.69,1727.3,1749.49,1862.58
FAST,Fastenal,Industrials,Trading Companies & Distributors,50.27,50.63,31.2,49.85,49.36,47.95,45.31,42.75,41.79,40.38
FRT,Federal Realty Investment Trust,Real Estate,Retail REITs,99.15,114.28,79.72,97.61,95.68,94.06,94.3,93.74,94.41,99.23
FDX,FedEx,Industrials,Air Freight & Logistics,233.0,303.39,193.05,231.08,230.24,227.25,229.69,222.68,227.08,244.4
FIS,Fidelity National Information Services,Financials,Transaction & Payment Processing Services,71.08,90.63,66.18,70.3,70.82,73.02,77.57,77.23,76.08,77.66
FITB,Fifth Third Bancorp,Financials,Regional Banks,44.36,47.75,31.96,43.59,43.16,42.35,42.0,39.33,39.32,40.97
FSLR,First Solar,Information Technology,Semiconductors,199.44,262.72,116.56,202.22,198.0,190.37,176.07,161.24,155.49,165.51
FE,FirstEnergy,Utilities,Electric Utilities,43.64,44.4,36.81,43.58,43.54,43.13,41.25,41.08,40.58,40.13
FI,Fiserv,Financials,Transaction & Payment Processing Services,137.26,238.59,128.22,139.2,137.1,136.56,153.49,168.5,179.01,192.09
F,Ford Motor Company,Consumer Discretionary,Automobile Manufacturers,11.82,11.85,8.21,11.59,11.5,11.22,11.11,10.5,10.3,10.05
FTNT,Fortinet,Information Technology,Systems Software,77.64,114.82,70.12,78.62,78.8,85.37,96.44,98.5,98.88,98.61
FTV,Fortive,Industrials,Industrial Machinery & Supplies & Components,48.51,62.73,45.5,48.36,48.19,48.07,50.58,51.39,52.51,54.79
FOXA,Fox Corporation (Class A),Communication Services,Broadcasting,59.77,60.24,38.53,59.07,58.64,56.88,56.19,54.13,54.21,52.28
FOX,Fox Corporation (Class B),Communication Services,Broadcasting,54.64,55.15,35.71,54.06,53.59,51.98,51.51,49.82,49.98,48.61
BEN,Franklin Resources,Financials,Asset Management & Custody Banks,25.36,26.08,16.03,24.93,25.24,25.0,24.37,22.1,21.52,21.0
FCX,Freeport-McMoRan,Materials,Copper,43.69,51.85,27.45,42.29,42.27,41.49,42.94,39.94,39.58,39.75
GRMN,Garmin,Consumer Discretionary,Consumer Electronics,232.72,244.52,159.09,232.37,233.14,230.19,221.04,208.58,209.96,210.6
IT,Gartner,Information Technology,IT Consulting & Other Services,241.47,584.01,223.65,244.62,241.59,264.31,336.3,379.2,394.45,439.81
GE,GE Aerospace,Industrials,Aerospace & Defense,266.61,281.5,158.81,266.84,268.87,270.79,260.22,237.03,229.76,212.34
GEHC,GE HealthCare,Health Care,Health Care Equipment,74.59,94.71,57.59,74.16,74.08,72.94,73.96,71.34,73.78,77.82
GEV,GE Vernova,Industrials,Heavy Electrical Equipment,602.31,677.29,172.73,604.62,618.71,635.71,577.87,488.8,453.96,415.8
GEN,Gen Digital,Information Technology,Systems Software,31.13,32.09,22.55,31.37,31.47,30.38,29.99,28.35,28.1,28.13
GNRC,Generac,Industrials,Electrical Components & Equipment,193.28,203.25,99.5,193.44,196.48,192.97,163.78,141.62,139.71,148.85
GD,General Dynamics,Industrials,Aerospace & Defense,319.89,322.5,236.67,317.98,316.45,314.85,302.79,287.26,282.01,275.7
GIS,General Mills,Consumer Staples,Packaged Foods & Meats,49.33,72.88,48.59,49.77,49.64,49.52,50.58,52.77,54.02,56.55
GM,General Motors,Consumer Discretionary,Automobile Manufacturers,58.28,60.75,41.47,57.4,56.57,54.7,52.62,49.79,49.48,50.38
GPC,Genuine Parts Company,Consumer Discretionary,Distributors,139.25,140.81,103.16,138.16,137.63,134.84,128.66,124.1,123.45,121.5
GILD,Gilead Sciences,Health Care,Biotechnology,114.15,121.83,73.0,116.35,117.73,115.96,112.61,108.87,109.26,103.18
GPN,Global Payments,Financials,Transaction & Payment Processing Services,88.82,119.03,65.72,87.39,86.61,83.77,81.61,80.26,83.79,94.08
GL,Globe Life,Financials,Life & Health Insurance,139.39,144.0,96.63,139.22,138.48,139.35,129.11,124.99,125.26,120.7
GDDY,GoDaddy,Information Technology,Internet Services & Infrastructure,145.94,216.0,132.51,146.0,144.74,149.01,163.63,171.72,172.98,182.41
GS,Goldman Sachs,Financials,Investment Banking & Brokerage,738.79,749.05,437.2,727.74,733.56,728.17,705.39,633.31,619.2,611.41
HAL,Halliburton,Energy,Oil & Gas Equipment & Services,22.34,31.9,18.56,21.62,21.41,21.52,21.64,21.12,21.87,24.08
HIG,Hartford (The),Financials,Property & Casualty Insurance,132.63,134.94,104.05,133.13,131.72,129.01,125.82,124.7,123.51,119.42
HAS,Hasbro,Consumer Discretionary,Leisure Products,81.06,82.05,48.07,80.27,79.96,77.92,75.39,67.94,66.54,63.68
HCA,HCA Healthcare,Health Care,Health Care Facilities,402.77,414.51,288.77,404.97,398.87,381.51,374.51,365.47,357.68,343.55
DOC,Healthpeak Properties,Real Estate,Health Care REITs,17.65,22.06,16.35,17.42,17.23,17.06,17.47,17.45,17.9,18.64
HSIC,Henry Schein,Health Care,Health Care Distributors,68.47,82.49,60.56,68.65,68.27,67.85,70.41,69.28,69.63,71.26
HSY,Hershey Company (The),Consumer Staples,Packaged Foods & Meats,180.68,202.98,136.73,180.77,179.29,182.2,175.3,168.48,168.75,166.62
HPE,Hewlett Packard Enterprise,Information Technology,"Technology Hardware, Storage & Peripherals",22.56,24.28,11.88,21.84,21.62,21.01,20.32,18.32,17.97,19.26
HLT,Hilton Worldwide,Consumer Discretionary,"Hotels, Resorts & Cruise Lines",274.07,279.46,195.92,272.48,271.12,267.71,266.37,250.59,248.33,249.9
HOLX,Hologic,Health Care,Health Care Equipment,67.13,84.39,51.9,67.83,67.92,67.54,65.97,62.42,62.38,66.28
HD,Home Depot (The),Consumer Discretionary,Home Improvement Retail,408.9,431.63,324.29,405.67,402.59,391.55,375.41,368.11,367.45,380.23
HON,Honeywell,Industrials,Industrial Conglomerates,220.61,240.47,177.52,218.92,217.93,218.12,225.57,218.2,216.3,217.33
HRL,Hormel Foods,Consumer Staples,Packaged Foods & Meats,28.87,32.84,27.07,28.82,28.69,28.52,29.36,29.57,29.46,29.63
HST,Host Hotels & Resorts,Real Estate,Hotel & Resort REITs,16.9,18.53,12.06,16.44,16.16,15.88,15.93,15.2,15.13,15.8
HWM,Howmet Aerospace,Industrials,Aerospace & Defense,171.24,193.13,90.47,171.87,173.73,178.32,179.7,164.5,157.55,143.14
HPQ,HP Inc.,Information Technology,"Technology Hardware, Storage & Peripherals",27.5,38.63,20.97,27.06,26.95,26.08,25.43,25.42,26.11,28.92
HUBB,Hubbell Incorporated,Industrials,Industrial Machinery & Supplies & Components,437.56,476.65,298.43,433.75,434.24,430.29,420.55,392.54,383.01,400.23
HUM,Humana,Health Care,Managed Health Care,297.2,377.69,206.87,293.89,288.13,271.02,249.33,249.8,252.04,259.98
HBAN,Huntington Bancshares,Financials,Regional Banks,17.29,17.91,11.8,16.95,16.8,16.51,16.61,15.67,15.52,15.92
HII,Huntington Ingalls Industries,Industrials,Aerospace & Defense,270.72,293.14,156.7,267.93,267.84,267.42,255.82,237.96,229.18,213.62
IBM,IBM,Information Technology,IT Consulting & Other Services,239.43,294.17,189.05,240.95,239.59,244.59,267.09,257.96,255.73,244.85
IEX,IDEX Corporation,Industrials,Industrial Machinery & Supplies & Components,165.98,235.67,152.2,165.46,165.59,164.1,173.4,174.93,176.75,190.9
IDXX,Idexx Laboratories,Health Care,Health Care Equipment,641.35,688.12,356.14,639.3,645.53,628.98,571.91,520.28,501.42,475.3
ITW,Illinois Tool Works,Industrials,Industrial Machinery & Supplies & Components,266.74,274.77,213.36,264.62,263.13,259.53,255.44,247.44,248.69,252.69
INCY,Incyte,Health Care,Biotechnology,84.76,87.24,53.56,85.6,85.34,81.4,73.87,68.05,67.62,69.58
IR,Ingersoll Rand,Industrials,Industrial Machinery & Supplies & Components,79.68,105.95,65.58,79.33,79.32,79.34,82.84,80.41,80.76,86.25
PODD,Insulet Corporation,Health Care,Health Care Equipment,329.0,334.18,180.31,329.62,322.65,307.56,301.56,293.26,286.96,280.63
INTC,Intel,Information Technology,Semiconductors,24.55,27.55,17.67,24.34,23.78,21.91,22.16,21.33,21.64,21.72
ICE,Intercontinental Exchange,Financials,Financial Exchanges & Data,179.14,189.35,141.51,179.72,180.46,183.44,182.14,175.81,174.97,167.75
IFF,International Flavors & Fragrances,Materials,Specialty Chemicals,67.14,105.18,62.33,66.64,66.11,67.32,72.12,73.7,74.75,78.76
IP,International Paper,Materials,Paper & Plastic Packaging Products & Materials,49.39,58.71,42.44,48.13,47.75,47.76,48.75,47.66,48.5,50.84
IPG,Interpublic Group of Companies (The),Communication Services,Advertising,27.13,32.2,22.2,26.82,26.36,25.58,25.03,24.57,24.93,26.01
INTU,Intuit,Information Technology,Application Software,656.96,813.7,531.0,683.51,698.73,735.63,754.17,705.83,685.15,662.84
ISRG,Intuitive Surgical,Health Care,Health Care Equipment,468.44,616.0,425.0,474.83,477.33,479.05,502.98,513.38,513.74,529.69
IVZ,Invesco,Financials,Asset Management & Custody Banks,21.62,21.74,11.33,21.09,21.11,20.94,18.61,16.27,16.1,16.54
INVH,Invitation Homes,Real Estate,Single-Family Residential REITs,30.8,36.53,29.11,30.74,30.5,30.52,31.76,32.53,32.69,32.29
IQV,IQVIA,Health Care,Life Sciences Tools & Services,188.02,252.88,134.65,189.79,189.81,186.78,174.17,161.46,166.0,179.17
IRM,Iron Mountain,Real Estate,Other Specialized REITs,91.79,127.24,71.77,91.81,91.88,92.98,97.35,94.62,92.98,98.01
JBHT,J.B. Hunt,Industrials,Cargo Ground Transportation,142.75,198.61,122.01,145.21,144.51,143.11,145.62,141.13,143.41,155.48
JBL,Jabil,Information Technology,Electronic Manufacturing Services,208.84,232.75,99.48,206.78,213.14,217.96,216.51,184.84,176.13,165.64
JKHY,Jack Henry & Associates,Financials,Transaction & Payment Processing Services,161.68,195.38,157.8,162.99,161.86,164.59,173.26,174.91,175.36,174.47
J,Jacobs Solutions,Industrials,Construction & Engineering,147.1,152.07,104.68,147.25,147.97,145.84,138.49,130.09,128.36,130.7
JNJ,Johnson & Johnson,Health Care,Pharmaceuticals,178.41,181.16,138.38,178.65,176.81,173.33,164.06,158.53,159.29,155.19
JCI,Johnson Controls,Industrials,Building Products,106.4,112.63,66.5,105.79,105.56,105.29,105.79,97.57,94.26,89.58
JPM,JPMorgan Chase,Financials,Diversified Banks,294.9,301.29,196.2,293.1,292.51,292.48,288.43,268.73,263.25,257.62
K,Kellanova,Consumer Staples,Packaged Foods & Meats,79.96,82.65,77.7,80.04,80.09,80.03,79.72,80.76,80.97,80.63
KVUE,Kenvue,Consumer Staples,Personal Care Products,21.19,24.71,19.2,21.47,21.41,21.43,21.36,22.04,22.23,21.97
KDP,Keurig Dr Pepper,Consumer Staples,Soft Drinks & Non-alcoholic Beverages,31.1,37.26,29.71,34.36,34.55,34.1,33.63,33.67,33.57,32.86
KEY,KeyCorp,Financials,Regional Banks,19.02,19.33,12.56,18.5,18.32,18.04,17.82,16.48,16.35,16.8
KEYS,Keysight Technologies,Information Technology,Electronic Equipment & Instruments,165.32,186.2,121.43,162.95,164.44,163.65,163.56,156.94,156.42,160.87
KMB,Kimberly-Clark,Consumer Staples,Household Products,130.75,149.05,121.86,132.68,132.95,132.46,130.44,133.1,134.33,132.59
KIM,Kimco Realty,Real Estate,Retail REITs,22.2,24.97,17.71,21.86,21.54,21.38,21.35,20.9,20.89,21.63
KMI,Kinder Morgan,Energy,Oil & Gas Storage & Transportation,26.48,30.49,19.68,26.59,26.61,27.06,27.41,27.13,27.07,26.95
KKR,KKR & Co.,Financials,Asset Management & Custody Banks,138.71,169.7,85.9,139.07,141.96,143.36,139.17,126.97,125.3,134.96
KLAC,KLA Corporation,Information Technology,Semiconductor Materials & Equipment,879.55,957.18,548.81,875.35,896.74,898.95,901.81,812.19,789.39,749.43
KHC,Kraft Heinz,Consumer Staples,Packaged Foods & Meats,27.69,35.08,25.44,27.67,27.63,27.61,27.17,27.48,27.97,28.58
KR,Kroger,Consumer Staples,Food Retail,70.14,74.52,49.68,70.73,70.51,71.05,70.68,69.51,68.56,65.43
LHX,L3Harris,Industrials,Aerospace & Defense,276.17,280.52,191.09,275.29,273.04,273.84,264.03,244.46,237.41,231.03
LH,Labcorp,Health Care,Health Care Services,276.11,283.47,208.77,276.94,273.87,268.38,261.48,250.42,248.5,244.4
LRCX,Lam Research,Information Technology,Semiconductor Materials & Equipment,101.28,108.02,56.18,99.85,101.7,100.01,98.4,87.22,85.01,81.94
LW,Lamb Weston,Consumer Staples,Packaged Foods & Meats,55.98,82.35,47.25,55.58,54.89,54.68,53.43,53.23,52.89,58.02
LVS,Las Vegas Sands,Consumer Discretionary,Casinos & Gaming,56.22,56.55,29.84,54.4,54.08,53.27,49.29,43.56,43.33,44.96
LDOS,Leidos,Industrials,Diversified Support Services,181.61,201.22,122.92,180.54,179.69,173.78,164.59,155.71,151.35,151.82
LEN,Lennar,Consumer Discretionary,Homebuilding,134.8,184.74,97.54,132.85,131.34,124.45,116.48,112.01,113.23,123.61
LII,Lennox International,Industrials,Building Products,570.54,689.44,497.88,587.13,592.87,597.78,595.83,576.91,577.48,596.05
LLY,Lilly (Eli),Health Care,Pharmaceuticals,695.33,965.15,622.41,705.1,690.48,704.87,752.35,761.99,779.82,785.77
LIN,Linde plc,Materials,Industrial Gases,477.85,486.38,407.35,480.5,478.76,473.3,469.47,461.56,461.0,453.35
LYV,Live Nation Entertainment,Communication Services,Movies & Entertainment,165.84,166.57,92.57,163.77,162.08,156.21,151.4,143.57,140.54,139.37
LKQ,LKQ Corporation,Consumer Discretionary,Distributors,31.7,43.77,28.65,31.2,31.06,30.27,34.23,37.03,37.86,37.61
LMT,Lockheed Martin,Industrials,Aerospace & Defense,447.72,606.41,410.11,445.64,441.79,433.41,448.62,457.3,456.29,466.77
L,Loews Corporation,Financials,Multi-line Insurance,95.65,97.41,74.95,96.18,95.55,93.9,91.95,89.57,89.08,87.25
LOW,Lowe's,Consumer Discretionary,Home Improvement Retail,258.87,281.56,204.22,258.35,254.89,244.28,230.21,226.43,227.51,238.05
LULU,Lululemon Athletica,Consumer Discretionary,"Apparel, Accessories & Luxury Goods",202.44,423.32,185.95,200.8,199.47,198.2,218.45,251.55,267.27,305.58
LYB,LyondellBasell,Materials,Specialty Chemicals,57.05,93.74,47.55,56.09,54.33,53.8,58.48,57.64,60.37,65.66
MTB,M&T Bank,Financials,Regional Banks,197.89,221.09,149.64,194.72,193.26,190.57,192.58,182.84,181.8,187.98
MPC,Marathon Petroleum,Energy,Oil & Gas Refining & Marketing,172.18,182.09,113.82,167.46,164.1,164.7,168.78,156.81,153.96,151.48
MKTX,MarketAxess,Financials,Financial Exchanges & Data,190.15,292.5,182.26,188.19,187.86,193.29,207.31,212.63,211.6,218.11
MAR,Marriott International,Consumer Discretionary,"Hotels, Resorts & Cruise Lines",268.6,305.27,204.35,266.73,266.3,263.95,268.37,257.75,256.54,266.03
MMC,Marsh McLennan,Financials,Insurance Brokers,207.01,246.94,196.27,210.16,208.64,205.03,209.81,218.07,221.28,220.34
MLM,Martin Marietta Materials,Materials,Construction Materials,604.5,630.45,441.31,604.3,608.19,600.44,574.08,549.75,535.3,540.62
MAS,Masco,Industrials,Building Products,74.5,85.23,56.02,73.98,73.59,70.95,67.22,64.81,66.07,69.97
MA,Mastercard,Financials,Transaction & Payment Processing Services,593.21,601.77,459.26,592.46,586.4,576.34,564.77,558.57,555.54,546.89
MTCH,Match Group,Communication Services,Interactive Media & Services,37.18,39.2,26.24,37.23,37.61,36.27,33.71,31.62,31.49,31.84
MKC,McCormick & Company,Consumer Staples,Packaged Foods & Meats,70.56,85.22,68.23,70.56,70.08,70.27,71.97,73.17,74.69,75.14
MCD,McDonald's,Consumer Discretionary,Restaurants,313.44,324.48,273.39,312.95,309.8,306.78,299.7,305.1,305.22,299.7
MCK,McKesson Corporation,Health Care,Health Care Distributors,678.91,737.89,462.92,690.84,679.44,687.13,705.89,703.83,693.49,656.41
MDT,Medtronic,Health Care,Health Care Equipment,92.04,94.71,77.57,91.79,92.18,91.55,89.68,86.68,87.36,86.28
MRK,Merck & Co.,Health Care,Pharmaceuticals,85.31,116.37,72.58,85.67,84.26,82.28,81.73,80.12,82.28,87.09
META,Meta Platforms,Communication Services,Interactive Media & Services,753.3,796.25,479.43,749.28,765.12,758.93,730.81,664.65,654.6,643.6
MET,MetLife,Financials,Life & Health Insurance,80.83,87.17,64.24,79.86,78.62,76.84,77.52,76.67,77.49,79.13
MTD,Mettler Toledo,Health Care,Life Sciences Tools & Services,1289.78,1521.01,946.69,1305.74,1308.29,1274.65,1228.9,1166.91,1179.42,1216.3
MGM,MGM Resorts,Consumer Discretionary,Casinos & Gaming,38.12,42.54,25.3,37.08,36.57,36.1,36.21,33.75,33.42,34.22
MCHP,Microchip Technology,Information Technology,Semiconductors,68.55,80.29,33.63,66.78,65.92,65.92,69.01,60.18,58.82,58.86
MU,Micron Technology,Information Technology,Semiconductors,116.42,129.73,61.48,117.83,121.09,116.58,118.22,102.57,100.83,99.83
MSFT,Microsoft,Information Technology,Systems Software,504.26,554.54,343.59,505.91,513.48,518.13,505.32,464.03,448.65,439.1
MAA,Mid-America Apartment Communities,Real Estate,Multi-Family Residential REITs,142.03,170.0,137.32,142.17,141.0,141.86,146.03,150.82,153.06,152.6
MRNA,Moderna,Health Care,Biotechnology,25.35,86.8,23.15,26.7,26.88,27.54,29.1,27.69,28.72,32.85
MHK,Mohawk Industries,Consumer Discretionary,Home Furnishings,132.06,164.29,96.24,128.26,128.37,123.77,114.69,109.61,110.73,117.04
MOH,Molina Healthcare,Health Care,Managed Health Care,175.17,365.23,151.95,173.98,168.47,162.51,209.87,264.0,274.13,283.17
TAP,Molson Coors Beverage Company,Consumer Staples,Brewers,51.61,64.07,46.94,51.81,51.55,50.55,49.87,52.91,54.25,55.29
MDLZ,Mondelez International,Consumer Staples,Packaged Foods & Meats,61.96,73.95,53.2,62.83,62.31,63.01,66.11,66.09,65.84,63.69
MPWR,Monolithic Power Systems,Information Technology,Semiconductors,837.86,951.76,437.93,834.73,840.16,809.62,757.69,689.53,671.41,654.83
MNST,Monster Beverage,Consumer Staples,Soft Drinks & Non-alcoholic Beverages,62.3,66.75,45.7,63.58,63.9,62.36,61.7,61.23,60.19,56.98
MCO,Moody's Corporation,Financials,Financial Exchanges & Data,510.0,528.95,377.3,512.49,514.38,513.44,501.52,479.79,476.9,479.47
MS,Morgan Stanley,Financials,Investment Banking & Brokerage,147.65,149.08,91.36,145.58,146.09,144.0,140.67,129.9,127.62,128.17
MOS,Mosaic Company (The),Materials,Fertilizers & Agricultural Chemicals,33.13,38.23,22.14,32.6,32.33,33.31,35.12,33.13,31.65,29.49
MSI,Motorola Solutions,Information Technology,Communications Equipment,460.68,503.98,387.87,461.51,463.21,452.67,431.69,424.93,424.68,441.28
MSCI,MSCI Inc.,Financials,Financial Exchanges & Data,573.72,636.39,483.67,571.65,564.89,559.3,561.39,555.31,556.65,570.12
NDAQ,"Nasdaq, Inc.",Financials,Financial Exchanges & Data,94.32,97.63,64.64,94.27,94.75,95.54,91.7,84.86,83.11,81.7
NTAP,NetApp,Information Technology,"Technology Hardware, Storage & Peripherals",111.01,133.34,71.49,109.38,109.13,106.59,105.72,99.08,98.03,106.19
NFLX,Netflix,Communication Services,Movies & Entertainment,1218.07,1341.15,660.8,1211.39,1220.13,1198.99,1229.7,1167.69,1123.11,1045.45
NEM,Newmont,Materials,Gold,71.1,71.75,36.47,69.67,69.26,67.56,62.68,57.45,55.03,49.94
NWSA,News Corp (Class A),Communication Services,Publishing,30.14,30.75,23.38,29.97,29.71,29.41,29.32,28.28,28.09,28.24
NWS,News Corp (Class B),Communication Services,Publishing,34.71,35.58,26.25,34.63,34.31,33.87,33.77,32.6,32.28,32.06
NEE,NextEra Energy,Utilities,Multi-Utilities,75.32,84.15,61.22,76.08,74.79,73.1,73.13,70.82,70.79,70.98
NKE,"Nike, Inc.",Consumer Discretionary,"Apparel, Accessories & Luxury Goods",79.17,89.11,51.93,77.37,76.98,76.07,72.56,65.79,67.05,69.88
NI,NiSource,Utilities,Multi-Utilities,42.67,43.51,31.35,42.54,42.4,42.4,40.92,39.81,39.65,38.48
NDSN,Nordson Corporation,Industrials,Industrial Machinery & Supplies & Components,225.79,263.91,164.43,220.78,218.6,215.84,216.66,205.8,205.84,213.87
NSC,Norfolk Southern,Industrials,Rail Transportation,277.39,291.69,199.43,283.47,282.05,280.29,269.46,249.78,246.58,247.47
NTRS,Northern Trust,Financials,Asset Management & Custody Banks,130.61,133.0,81.05,128.64,127.81,127.66,125.24,111.84,109.57,108.19
NOC,Northrop Grumman,Industrials,Aerospace & Defense,586.74,600.99,422.32,591.03,587.05,584.87,543.54,515.77,509.71,496.87
NCLH,Norwegian Cruise Line Holdings,Consumer Discretionary,"Hotels, Resorts & Cruise Lines",24.64,29.29,14.21,24.27,24.36,24.39,22.6,20.12,20.16,22.59
NRG,NRG Energy,Utilities,Independent Power Producers & Energy Traders,144.77,175.96,74.96,146.46,149.69,155.45,154.35,140.59,131.79,119.12
NUE,Nucor,Materials,Steel,149.55,168.24,97.18,146.02,145.18,142.33,138.13,126.17,126.57,129.02
NVDA,Nvidia,Information Technology,Semiconductors,179.81,184.48,86.61,176.76,179.3,179.13,167.69,144.39,138.71,138.06
NVR,"NVR, Inc.",Consumer Discretionary,Homebuilding,8126.71,9964.77,6562.85,8114.46,8141.65,7965.58,7673.2,7413.71,7386.91,7749.42
NXPI,NXP Semiconductors,Information Technology,Semiconductors,236.67,253.03,147.4,230.69,229.64,220.62,221.52,205.92,205.98,209.96
ORLY,O’Reilly Automotive,Consumer Discretionary,Automotive Retail,102.47,104.86,73.11,102.94,102.37,101.89,95.76,93.65,93.0,89.37
OXY,Occidental Petroleum,Energy,Oil & Gas Exploration & Production,46.4,57.35,34.59,45.0,44.75,44.24,44.22,42.57,43.52,45.52
ODFL,Old Dominion,Industrials,Cargo Ground Transportation,155.47,232.21,140.91,153.88,152.48,149.94,158.27,158.67,160.74,174.9
OMC,Omnicom Group,Communication Services,Advertising,79.15,104.25,68.37,78.34,76.97,74.8,73.53,73.64,75.0,80.35
ON,ON Semiconductor,Information Technology,Semiconductors,50.95,78.61,31.04,50.17,50.6,51.01,54.2,47.82,47.09,52.45
OKE,Oneok,Energy,Oil & Gas Storage & Transportation,74.43,113.92,72.18,74.09,74.16,75.98,78.57,80.27,83.09,89.6
ORCL,Oracle Corporation,Information Technology,Application Software,235.41,260.87,118.18,234.92,241.5,246.52,235.22,192.87,184.66,180.65
OTIS,Otis Worldwide,Industrials,Industrial Machinery & Supplies & Components,86.86,105.86,83.85,88.14,87.94,86.96,92.8,94.24,95.5,95.59
PCAR,Paccar,Industrials,Construction Machinery & Heavy Transportation Equipment,100.51,114.66,84.08,99.44,99.24,98.31,96.7,94.18,95.57,100.15
PKG,Packaging Corporation of America,Materials,Paper & Plastic Packaging Products & Materials,212.23,246.22,171.6,206.34,201.55,198.44,198.05,192.92,194.14,206.31
PLTR,Palantir Technologies,Information Technology,Application Software,157.17,190.0,29.31,157.17,168.94,169.11,154.01,133.56,124.07,106.93
PANW,Palo Alto Networks,Information Technology,Systems Software,184.55,210.39,144.15,183.95,179.88,176.92,190.21,186.4,185.46,187.42
PSKY,Paramount Skydance Corporation,Communication Services,Movies & Entertainment,15.96,17.53,9.78,15.09,14.3,13.13,12.86,12.2,12.08,11.59
PH,Parker Hannifin,Industrials,Industrial Machinery & Supplies & Components,750.3,763.99,487.08,744.58,744.85,733.71,713.6,668.24,659.74,664.83
PAYX,Paychex,Industrials,Human Resource & Employment Services,138.5,160.03,123.29,139.12,138.25,139.87,143.09,146.19,146.33,144.51
PAYC,Paycom,Industrials,Human Resource & Employment Services,230.78,267.76,152.34,228.97,224.0,226.56,229.63,233.74,230.15,224.73
PYPL,PayPal,Financials,Transaction & Payment Processing Services,69.48,93.66,55.85,68.81,69.08,68.8,71.98,69.86,69.69,75.54
PNR,Pentair,Industrials,Industrial Machinery & Supplies & Components,107.93,109.84,73.85,106.62,106.54,104.43,103.61,97.72,95.84,98.12
PEP,PepsiCo,Consumer Staples,Soft Drinks & Non-alcoholic Beverages,148.2,174.44,126.36,149.94,149.45,145.61,139.6,136.87,139.21,143.34
PFE,Pfizer,Health Care,Pharmaceuticals,25.14,28.43,20.18,25.49,25.26,24.65,24.48,23.49,23.79,24.21
PCG,PG&E Corporation,Utilities,Multi-Utilities,14.91,21.62,12.97,15.15,15.19,14.93,14.19,15.47,15.69,16.76
PM,Philip Morris International,Consumer Staples,Tobacco,167.37,185.29,114.24,171.05,168.78,167.12,173.26,170.79,166.98,152.22
PSX,Phillips 66,Energy,Oil & Gas Refining & Marketing,129.52,135.71,89.26,125.93,123.55,121.99,123.22,115.58,117.06,118.09
PNW,Pinnacle West Capital,Utilities,Multi-Utilities,89.98,94.64,79.08,91.37,91.6,91.5,90.31,90.47,90.57,88.83
PNC,PNC Financial Services,Financials,Diversified Banks,200.7,210.46,142.39,196.88,194.69,192.05,190.18,177.62,176.87,183.76
POOL,Pool Corporation,Consumer Discretionary,Distributors,321.43,391.14,281.15,318.7,319.86,314.24,305.62,304.11,309.44,324.43
PPG,PPG Industries,Materials,Specialty Chemicals,112.14,133.97,89.08,112.58,111.9,108.87,111.69,109.06,109.4,112.68
PPL,PPL Corporation,Utilities,Electric Utilities,36.51,37.38,30.32,36.79,36.8,36.43,35.33,35.03,34.91,34.08
PFG,Principal Financial Group,Financials,Life & Health Insurance,80.28,89.5,67.72,79.4,78.6,77.68,78.69,77.28,78.56,79.34
PG,Procter & Gamble,Consumer Staples,Personal Care Products,156.15,177.66,149.91,158.29,156.58,154.62,156.28,159.4,161.15,162.77
PGR,Progressive Corporation,Financials,Property & Casualty Insurance,244.09,292.77,228.37,249.11,248.3,245.9,251.31,263.64,266.7,260.01
PLD,Prologis,Real Estate,Industrial REITs,111.62,128.08,84.54,110.65,108.21,107.3,107.29,105.41,107.09,108.69
PRU,Prudential Financial,Financials,Life & Health Insurance,109.11,125.75,88.12,107.91,106.46,103.87,103.97,102.45,103.56,108.0
PEG,Public Service Enterprise Group,Utilities,Electric Utilities,82.6,93.08,74.08,83.87,85.11,86.66,84.57,82.09,81.77,82.95
PTC,PTC Inc.,Information Technology,Application Software,214.35,219.69,133.38,212.42,209.72,209.63,194.28,176.9,173.44,178.63
PSA,Public Storage,Real Estate,Self-Storage REITs,289.84,359.28,254.04,288.92,285.27,283.7,287.66,290.77,291.93,296.82
PHM,PulteGroup,Consumer Discretionary,Homebuilding,132.28,148.55,87.88,129.38,128.56,123.44,114.77,107.38,106.7,110.61
PWR,Quanta Services,Industrials,Construction & Engineering,378.31,424.94,227.02,378.3,380.47,387.8,385.01,348.4,330.28,326.52
QCOM,Qualcomm,Information Technology,Semiconductors,156.42,179.1,120.08,156.05,156.54,153.15,155.55,150.02,151.07,154.97
DGX,Quest Diagnostics,Health Care,Health Care Services,178.66,185.62,144.09,181.97,180.47,176.4,174.85,173.28,172.34,166.58
RL,Ralph Lauren Corporation,Consumer Discretionary,"Apparel, Accessories & Luxury Goods",287.39,306.34,164.87,286.04,290.27,293.3,285.92,264.02,257.77,249.86
RJF,Raymond James Financial,Financials,Investment Banking & Brokerage,165.9,173.13,112.35,163.97,164.44,165.24,159.83,150.56,149.04,153.25
RTX,RTX Corporation,Industrials,Aerospace & Defense,156.27,158.09,111.21,155.82,155.29,155.54,150.56,140.09,138.11,131.07
O,Realty Income,Real Estate,Retail REITs,58.21,61.9,49.76,59.12,58.53,57.74,57.31,56.39,56.22,55.07
REG,Regency Centers,Real Estate,Retail REITs,71.92,76.68,62.82,71.8,71.54,71.83,70.97,70.94,71.24,71.4
REGN,Regeneron Pharmaceuticals,Health Care,Biotechnology,572.38,1206.03,475.77,584.56,575.78,566.58,550.66,557.44,580.41,634.33
RF,Regions Financial Corporation,Financials,Regional Banks,26.65,27.09,17.53,26.15,25.92,25.54,24.72,22.7,22.5,23.16
RSG,Republic Services,Industrials,Environmental & Facilities Services,232.22,258.14,195.62,234.58,233.7,234.18,239.91,243.18,241.39,230.4
RMD,ResMed,Health Care,Health Care Equipment,285.8,293.81,199.07,288.59,286.91,283.74,268.03,251.39,245.99,243.16
RVTY,Revvity,Health Care,Health Care Equipment,92.14,129.23,85.12,91.82,90.79,89.57,94.31,93.93,97.2,104.49
ROK,Rockwell Automation,Industrials,Electrical Components & Equipment,349.97,359.54,213.27,344.76,343.99,342.43,339.95,307.47,299.08,293.29
ROL,"Rollins, Inc.",Industrials,Environmental & Facilities Services,56.64,58.96,44.94,57.8,57.68,57.79,56.75,56.28,55.4,52.83
ROP,Roper Technologies,Information Technology,Electronic Equipment & Instruments,530.29,593.46,498.03,533.44,529.61,536.44,550.12,557.01,561.16,555.98
ROST,Ross Stores,Consumer Discretionary,Apparel Retail,147.45,161.83,122.01,146.91,147.32,144.6,136.5,138.68,136.88,140.54
RCL,Royal Caribbean Group,Consumer Discretionary,"Hotels, Resorts & Cruise Lines",344.97,355.91,152.4,334.77,325.34,320.31,319.2,274.05,262.88,254.51
SPGI,S&P Global,Financials,Financial Exchanges & Data,551.69,579.05,426.35,554.45,556.57,554.15,534.63,514.95,512.67,511.27
CRM,Salesforce,Information Technology,Application Software,247.87,367.42,226.48,246.89,242.29,246.36,257.95,262.55,266.4,291.34
SBAC,SBA Communications,Real Estate,Telecom Tower REITs,221.57,247.78,189.7,221.42,219.11,221.08,227.48,227.08,224.96,218.11
SLB,Schlumberger,Energy,Oil & Gas Equipment & Services,35.65,45.17,30.85,34.35,33.78,33.58,34.52,34.4,35.65,37.5
STX,Seagate Technology,Information Technology,"Technology Hardware, Storage & Peripherals",164.0,165.28,62.86,158.83,157.55,154.57,147.79,122.12,115.5,108.0
SRE,Sempra,Utilities,Multi-Utilities,81.69,93.45,61.37,82.15,81.92,81.79,78.21,75.87,74.57,78.46
NOW,ServiceNow,Information Technology,Systems Software,879.94,1198.09,678.66,884.14,874.76,895.96,951.95,942.76,924.49,972.84
SHW,Sherwin-Williams,Materials,Specialty Chemicals,367.0,397.81,307.5,367.77,365.22,354.77,347.05,346.89,346.92,352.19
SPG,Simon Property Group,Real Estate,Retail REITs,176.41,185.37,134.57,175.08,173.53,169.53,165.01,160.41,161.79,165.95
SWKS,Skyworks Solutions,Information Technology,Semiconductors,76.76,107.64,47.45,75.72,74.81,72.04,73.24,69.1,68.68,74.05
SJM,J.M. Smucker Company (The),Consumer Staples,Packaged Foods & Meats,111.55,121.73,92.38,112.56,111.75,110.22,104.94,107.97,108.45,107.63
SW,Smurfit Westrock,Materials,Paper & Plastic Packaging Products & Materials,45.93,55.46,36.31,44.09,43.78,43.97,44.54,43.31,43.73,46.93
SNA,Snap-on,Industrials,Industrial Machinery & Supplies & Components,328.95,366.68,262.13,326.26,325.38,322.36,318.6,317.44,319.87,328.42
SOLV,Solventum,Health Care,Health Care Technology,72.75,85.92,59.35,72.68,72.53,72.52,73.73,71.84,72.78,72.21
SO,Southern Company,Utilities,Electric Utilities,93.13,95.68,78.5,94.27,93.82,94.0,92.42,90.48,90.08,87.42
LUV,Southwest Airlines,Industrials,Passenger Airlines,32.52,37.96,23.68,31.83,31.43,30.72,32.74,31.15,31.24,31.44
SWK,Stanley Black & Decker,Industrials,Industrial Machinery & Supplies & Components,76.47,107.4,53.22,75.45,74.77,71.56,70.38,66.85,69.62,74.87
SBUX,Starbucks,Consumer Discretionary,Restaurants,85.81,115.87,74.48,88.64,90.51,90.24,91.82,88.05,90.67,93.54
STT,State Street Corporation,Financials,Asset Management & Custody Banks,114.91,115.86,72.29,113.16,112.46,111.63,108.25,99.1,97.16,96.77
STLD,Steel Dynamics,Materials,Steel,133.28,153.72,102.78,129.08,128.0,125.98,129.15,127.95,127.49,128.18
STE,Steris,Health Care,Health Care Equipment,248.48,252.46,199.99,249.0,247.21,238.87,235.32,233.25,231.54,225.14
SYK,Stryker Corporation,Health Care,Health Care Equipment,390.88,404.87,328.46,390.35,384.93,384.44,387.45,379.39,378.45,378.5
SMCI,Supermicro,Information Technology,"Technology Hardware, Storage & Peripherals",44.07,66.44,17.25,43.22,44.53,48.95,48.89,43.05,42.32,39.3
SYF,Synchrony Financial,Financials,Consumer Finance,74.0,74.19,40.15,72.32,72.27,70.8,68.83,61.4,59.97,61.99
SNPS,Synopsys,Information Technology,Application Software,597.0,651.73,365.74,603.12,611.96,619.96,571.43,516.96,502.75,509.7
SYY,Sysco,Consumer Staples,Food Distributors,79.33,82.64,66.65,79.96,80.27,80.09,78.06,74.79,74.43,74.25
TMUS,T-Mobile US,Communication Services,Wireless Telecommunication Services,251.74,275.47,190.58,255.82,254.23,247.73,238.36,242.34,246.16,241.15
TROW,T. Rowe Price,Financials,Asset Management & Custody Banks,107.46,121.15,76.8,106.47,107.27,105.87,102.25,96.18,95.88,101.94
TTWO,Take-Two Interactive,Communication Services,Interactive Home Entertainment,231.83,245.08,146.76,229.15,231.23,227.45,232.89,227.7,223.96,210.74
TPR,"Tapestry, Inc.",Consumer Discretionary,"Apparel, Accessories & Luxury Goods",98.47,114.05,38.51,98.66,101.4,105.25,98.74,86.11,83.86,77.51
TRGP,Targa Resources,Energy,Oil & Gas Storage & Transportation,161.18,215.2,139.32,162.04,163.47,164.43,167.11,166.16,171.29,179.36
TGT,Target Corporation,Consumer Staples,Consumer Staples Merchandise Retail,97.13,155.83,85.44,99.5,102.02,101.97,100.99,97.52,99.61,111.73
TEL,TE Connectivity,Information Technology,Electronic Manufacturing Services,205.13,212.76,115.79,203.07,203.92,203.5,186.99,167.77,163.55,157.62
TDY,Teledyne Technologies,Information Technology,Electronic Equipment & Instruments,541.13,570.56,416.0,543.92,543.9,546.46,531.8,505.51,503.97,496.27
TER,Teradyne,Information Technology,Semiconductor Materials & Equipment,117.07,143.79,65.67,112.36,111.91,108.25,98.11,88.04,89.34,100.42
TSLA,"Tesla, Inc.",Consumer Discretionary,Automobile Manufacturers,346.6,488.54,202.59,331.99,334.14,326.07,322.03,309.13,299.36,328.93
TXN,Texas Instruments,Information Technology,Semiconductors,205.97,220.1,137.77,201.89,197.83,191.46,200.0,185.2,184.46,186.35
TPL,Texas Pacific Land Corporation,Energy,Oil & Gas Exploration & Production,900.64,1762.86,763.79,897.9,891.55,912.2,984.88,1120.7,1164.82,1227.03
TXT,Textron,Industrials,Aerospace & Defense,80.76,91.39,57.69,80.15,79.89,78.78,80.4,75.71,75.28,76.74
TMO,Thermo Fisher Scientific,Health Care,Life Sciences Tools & Services,490.75,625.84,385.46,493.52,489.14,477.07,444.34,432.05,448.93,483.39
TJX,TJX Companies,Consumer Discretionary,Apparel Retail,135.5,145.58,109.83,136.49,134.77,131.61,126.89,126.96,125.25,123.85
TKO,TKO Group Holdings,Communication Services,Movies & Entertainment,183.72,194.76,112.59,184.33,186.44,176.14,173.97,165.71,162.25,155.46
TTD,Trade Desk (The),Communication Services,Advertising,52.37,141.53,42.96,52.59,52.84,66.76,71.98,67.38,66.03,86.11
TSCO,Tractor Supply,Consumer Discretionary,Other Specialty Retail,61.52,63.99,46.64,61.49,60.77,59.85,57.15,53.89,53.86,54.28
TT,Trane Technologies,Industrials,Building Products,419.63,476.19,297.5,424.22,427.58,431.58,435.21,411.49,398.14,393.03
TDG,TransDigm Group,Industrials,Aerospace & Defense,1389.98,1623.83,1183.6,1398.3,1401.88,1454.77,1496.62,1444.71,1427.61,1379.68
TRV,Travelers Companies (The),Financials,Property & Casualty Insurance,272.34,279.04,212.59,273.36,269.91,266.33,263.33,262.84,261.74,255.71
TRMB,Trimble Inc.,Information Technology,Electronic Equipment & Instruments,81.43,87.5,52.91,81.12,82.24,82.94,80.06,72.96,72.16,72.45
TFC,Truist Financial,Financials,Diversified Banks,45.73,47.29,32.72,44.86,44.68,43.84,43.35,40.67,40.73,42.08
TYL,Tyler Technologies,Information Technology,Application Software,554.96,661.31,513.52,564.2,567.83,577.69,574.6,568.7,571.87,584.53
TSN,Tyson Foods,Consumer Staples,Packaged Foods & Meats,57.46,65.23,51.85,57.07,56.86,55.74,55.17,56.34,57.17,57.57
USB,U.S. Bancorp,Financials,Diversified Banks,48.16,52.21,34.8,47.05,46.65,45.71,45.61,43.37,43.19,44.97
UBER,Uber,Industrials,Passenger Ground Transportation,95.16,97.71,59.33,95.05,93.58,91.25,91.12,86.2,83.73,78.19
UDR,"UDR, Inc.",Real Estate,Multi-Family Residential REITs,38.95,45.63,35.84,38.88,38.54,38.65,39.76,40.35,40.94,41.35
ULTA,Ulta Beauty,Consumer Discretionary,Other Specialty Retail,524.37,534.1,309.01,521.46,522.01,515.92,494.78,448.74,429.93,418.09
UNP,Union Pacific Corporation,Industrials,Rail Transportation,223.32,253.9,203.43,225.18,223.03,222.79,226.77,223.28,226.22,229.62
UAL,United Airlines Holdings,Industrials,Passenger Airlines,102.34,116.0,40.96,100.91,100.52,94.46,87.85,80.48,80.21,87.39
UPS,United Parcel Service,Industrials,Air Freight & Logistics,87.74,136.36,82.72,87.49,87.01,86.01,93.98,94.47,97.96,106.27
URI,United Rentals,Industrials,Trading Companies & Distributors,939.49,946.0,523.58,915.41,916.88,891.86,823.01,739.51,716.17,734.92
UNH,UnitedHealth Group,Health Care,Managed Health Care,304.86,621.24,234.6,303.94,293.71,271.86,288.47,340.85,370.93,433.19
UHS,Universal Health Services,Health Care,Health Care Facilities,183.88,242.48,152.33,184.13,180.92,173.64,173.87,177.68,177.65,182.15
VLO,Valero Energy,Energy,Oil & Gas Refining & Marketing,147.11,153.86,97.37,142.24,139.02,137.27,139.83,129.93,129.48,129.83
VTR,Ventas,Real Estate,Health Care REITs,67.72,70.82,55.85,68.35,68.08,68.0,65.64,65.41,65.77,63.75
VLTO,Veralto,Industrials,Environmental & Facilities Services,107.15,114.62,83.77,108.36,108.2,107.29,103.62,99.71,99.37,100.59
VRSN,Verisign,Information Technology,Internet Services & Infrastructure,266.39,309.71,174.64,269.77,267.99,268.69,278.52,272.9,266.47,242.51
VRSK,Verisk Analytics,Industrials,Research & Consulting Services,267.07,322.46,259.01,270.38,267.73,269.61,290.21,296.0,295.22,290.9
VZ,Verizon,Communication Services,Integrated Telecommunication Services,44.23,45.87,36.41,44.74,44.28,43.55,42.61,42.66,42.66,41.36
VRTX,Vertex Pharmaceuticals,Health Care,Biotechnology,388.94,519.88,362.5,393.33,392.33,406.47,437.92,450.75,459.79,456.8
VTRS,Viatris,Health Care,Pharmaceuticals,10.55,13.04,6.68,10.57,10.47,9.75,9.3,8.74,8.79,9.84
VICI,Vici Properties,Real Estate,Hotel & Resort REITs,33.5,34.01,27.24,33.06,32.85,32.94,32.87,32.07,31.96,31.04
V,Visa Inc.,Financials,Transaction & Payment Processing Services,348.82,374.85,263.46,345.79,344.09,342.3,347.5,347.57,346.61,337.17
VST,Vistra Corp.,Utilities,Electric Utilities,190.08,216.85,72.39,191.45,197.07,201.23,194.04,167.12,158.58,157.29
VMC,Vulcan Materials Company,Materials,Construction Materials,290.3,296.62,214.34,290.02,291.13,285.17,272.5,264.38,258.42,263.18
WRB,W. R. Berkley Corporation,Financials,Property & Casualty Insurance,71.13,75.77,54.76,72.0,71.42,70.58,70.56,70.7,69.27,65.59
GWW,W. W. Grainger,Industrials,Industrial Machinery & Supplies & Components,1013.45,1219.65,889.92,1004.88,988.98,980.26,1015.7,1025.82,1017.36,1050.57
WAB,Wabtec,Industrials,Construction Machinery & Heavy Transportation Equipment,193.31,215.82,151.42,193.2,192.27,190.91,200.92,195.21,192.46,194.29
WBA,Walgreens Boots Alliance,Consumer Staples,Drug Retail,11.97,13.25,7.98,12.1,12.03,11.88,11.64,11.36,11.3,10.77
WMT,Walmart,Consumer Staples,Consumer Staples Merchandise Retail,96.07,104.51,74.29,98.94,100.02,100.16,97.74,96.3,94.78,93.99
DIS,Walt Disney Company (The),Communication Services,Movies & Entertainment,117.71,124.69,79.76,117.22,116.47,116.53,119.01,109.59,108.14,108.95
WBD,Warner Bros. Discovery,Communication Services,Broadcasting,12.04,13.87,6.78,11.76,11.75,12.09,11.86,10.42,10.49,10.41
WM,Waste Management,Industrials,Environmental & Facilities Services,224.04,241.74,198.19,227.84,227.92,230.13,229.31,230.26,229.58,224.24
WAT,Waters Corporation,Health Care,Life Sciences Tools & Services,298.95,423.56,275.05,297.21,294.28,290.36,313.23,328.13,337.26,355.51
WEC,WEC Energy Group,Utilities,Electric Utilities,106.96,110.99,88.65,108.27,108.08,108.5,106.22,105.83,105.61,101.9
WFC,Wells Fargo,Financials,Diversified Banks,80.19,84.33,49.13,78.56,78.41,78.45,79.1,74.82,74.17,73.88
WELL,Welltower,Real Estate,Health Care REITs,164.9,170.34,114.37,165.17,164.08,165.51,158.89,153.23,152.36,145.07
WST,West Pharmaceutical Services,Health Care,Health Care Supplies,247.21,351.24,187.09,246.21,245.27,243.48,232.57,222.34,223.28,257.93
WDC,Western Digital,Information Technology,"Technology Hardware, Storage & Peripherals",79.22,79.84,28.78,76.47,76.19,75.51,68.9,56.86,54.23,52.61
WY,Weyerhaeuser,Real Estate,Timber REITs,26.5,33.31,23.91,26.29,26.13,25.8,25.96,25.94,26.66,27.75
WSM,"Williams-Sonoma, Inc.",Consumer Discretionary,Homefurnishing Retail,197.96,218.08,123.89,200.11,202.8,199.22,180.52,168.1,169.14,174.89
WMB,Williams Companies,Energy,Oil & Gas Storage & Transportation,56.83,63.45,42.4,57.1,57.24,58.13,58.74,58.45,58.18,57.07
WTW,Willis Towers Watson,Financials,Insurance Brokers,336.46,342.16,277.63,336.81,333.88,326.32,313.35,312.04,315.96,315.9
WDAY,"Workday, Inc.",Information Technology,Application Software,223.39,294.0,205.33,225.9,224.71,225.59,232.16,238.44,240.66,248.65
WYNN,Wynn Resorts,Consumer Discretionary,Casinos & Gaming,118.36,118.56,64.93,113.58,112.02,109.89,104.87,94.17,92.51,90.45
XEL,Xcel Energy,Utilities,Multi-Utilities,73.03,74.57,57.67,73.37,72.87,73.04,70.52,69.86,69.64,68.53
XYL,Xylem Inc.,Industrials,Industrial Machinery & Supplies & Components,142.67,145.33,100.15,142.07,142.08,141.52,134.48,127.03,126.38,124.89
YUM,Yum! Brands,Consumer Discretionary,Restaurants,146.89,162.5,120.96,148.82,147.53,145.5,146.13,145.95,147.98,142.84
ZBRA,Zebra Technologies,Information Technology,Electronic Equipment & Instruments,319.55,427.76,205.73,313.53,319.67,321.67,318.18,291.83,291.64,327.29
ZBH,Zimmer Biomet,Health Care,Health Care Equipment,107.32,115.64,88.99,105.89,104.19,99.29,95.78,96.52,98.9,101.84
ZTS,Zoetis,Health Care,Pharmaceuticals,155.19,197.92,138.77,155.97,154.16,151.18,153.7,155.79,157.39,161.68
