Symbol,Company,GICS_Sector,GICS_Sub_Industry,Current_Price,High_52_Week,Low_52_Week,SMA5,SMA10,SMA20,SMA50,SMA200,Score,Target_Pcnt,Target_Price,Stop_Loss
MMM,3M,Industrials,Industrial Conglomerates,155.85,160.2,122.88,155.61,155.8,152.96,152.06,143.02,0.2,3.23,160.88,145.04
AOS,A. O. Smith,Industrials,Building Products,72.54,88.84,59.04,72.51,72.44,71.53,69.02,67.83,0.2,1.53,73.65,69.41
ABT,Abbott Laboratories,Health Care,Health Care Equipment,131.87,138.95,109.99,132.03,131.19,130.56,130.88,126.05,0.2,1.93,134.42,126.7
ABBV,AbbVie,Health Care,Biotechnology,207.55,212.84,160.57,208.6,206.1,200.67,192.71,186.0,0.4,2.97,213.71,187.62
ACN,Accenture,Information Technology,IT Consulting & Other Services,256.05,394.31,237.87,256.04,250.6,252.72,276.36,320.34,-0.2,7.22,274.54,230.9
ADBE,Adobe Inc.,Information Technology,Application Software,363.21,586.55,333.65,358.64,354.34,350.99,366.51,415.25,0.2,2.28,371.49,330.48
AMD,Advanced Micro Devices,Information Technology,Semiconductors,163.36,184.42,78.21,165.32,172.05,172.86,155.77,124.94,-0.2,13.19,184.91,160.81
AES,AES Corporation,Utilities,Independent Power Producers & Energy Traders,13.49,19.11,9.5,13.29,13.2,13.11,12.34,11.58,0.2,0.67,13.58,12.64
AFL,Aflac,Financials,Life & Health Insurance,107.38,112.86,97.56,107.65,106.11,103.11,102.63,104.24,0.0,2.67,110.25,95.97
A,Agilent Technologies,Health Care,Life Sciences Tools & Services,119.15,151.96,99.08,119.43,119.1,117.14,117.77,123.86,-0.2,2.64,122.3,111.99
APD,Air Products,Materials,Industrial Gases,294.17,333.89,247.03,293.92,292.38,290.45,288.47,292.63,-0.2,1.36,298.17,282.74
ABNB,Airbnb,Consumer Discretionary,"Hotels, Resorts & Cruise Lines",128.15,161.42,105.69,127.09,125.68,126.98,132.52,131.69,0.2,6.45,136.42,117.54
AKAM,Akamai Technologies,Information Technology,Internet Services & Infrastructure,76.52,106.67,68.21,76.61,75.44,75.11,77.55,84.59,0.0,3.93,79.53,70.69
ALB,Albemarle Corporation,Materials,Specialty Chemicals,81.29,109.53,50.43,80.05,80.66,75.66,71.55,76.32,0.0,7.57,87.44,63.89
ARE,Alexandria Real Estate Equities,Real Estate,Office REITs,80.42,117.87,66.61,78.9,77.1,76.53,76.2,85.84,-0.2,0.91,81.15,71.91
ALGN,Align Technology,Health Care,Health Care Supplies,144.96,257.17,129.01,144.51,143.9,147.09,174.28,190.89,-0.2,28.64,186.48,107.69
ALLE,Allegion,Industrials,Building Products,169.82,172.24,118.08,169.53,168.66,166.76,155.28,138.66,0.2,0.95,171.43,162.09
LNT,Alliant Energy,Utilities,Electric Utilities,66.18,66.97,54.87,66.32,65.56,65.49,63.16,60.77,0.2,1.3,67.04,63.94
ALL,Allstate,Financials,Property & Casualty Insurance,202.08,213.62,177.09,207.63,207.63,205.07,199.39,196.61,0.2,6.4,215.01,195.13
GOOGL,Alphabet Inc. (Class A),Communication Services,Interactive Media & Services,208.49,208.49,144.53,203.04,203.09,199.45,187.43,177.52,0.2,0.24,208.99,189.91
GOOG,Alphabet Inc. (Class C),Communication Services,Interactive Media & Services,209.16,209.16,146.4,203.84,203.94,200.25,188.33,179.01,0.2,0.29,209.77,190.73
MO,Altria,Consumer Staples,Tobacco,67.05,67.68,46.47,67.31,66.54,64.55,61.22,56.02,0.2,3.36,69.3,59.8
AMZN,Amazon,Consumer Discretionary,Broadline Retail,227.94,242.06,167.32,226.11,227.01,224.75,222.73,212.35,0.2,3.99,237.03,212.46
AMCR,Amcor,Materials,Paper & Plastic Packaging Products & Materials,8.53,10.94,8.45,8.6,8.87,9.18,9.34,9.46,-0.2,18.99,10.15,8.21
AEE,Ameren,Utilities,Multi-Utilities,100.73,103.26,79.24,101.61,101.34,101.41,98.53,95.22,0.0,2.4,103.15,99.68
AEP,American Electric Power,Utilities,Electric Utilities,113.0,114.06,87.97,113.28,112.7,112.44,107.35,100.93,0.2,1.62,114.83,110.05
AXP,American Express,Financials,Consumer Finance,315.8,328.13,230.81,311.53,308.8,303.63,307.76,292.83,0.2,0.45,317.22,290.04
AIG,American International Group,Financials,Multi-line Insurance,82.79,87.26,69.3,82.52,81.16,79.59,81.54,78.85,0.4,0.93,83.56,75.62
AMT,American Tower,Real Estate,Telecom Tower REITs,211.12,235.15,170.7,209.78,207.04,208.44,216.54,204.09,0.4,1.76,214.84,202.05
AWK,American Water Works,Utilities,Water Utilities,144.4,150.19,118.87,145.46,144.31,143.36,141.62,135.98,0.2,2.35,147.79,138.93
AMP,Ameriprise Financial,Financials,Asset Management & Custody Banks,511.49,569.83,419.45,509.06,509.4,508.88,519.35,516.96,0.4,1.84,520.9,496.87
AME,Ametek,Industrials,Electrical Components & Equipment,185.57,196.4,151.15,184.9,184.51,183.49,181.12,179.96,0.4,1.53,188.41,178.58
AMGN,Amgen,Health Care,Biotechnology,288.47,326.46,252.22,292.56,290.48,291.14,291.08,284.32,0.4,4.96,302.78,279.51
APH,Amphenol,Information Technology,Electronic Components,109.73,111.85,58.99,109.31,109.92,108.76,102.74,80.18,0.0,2.63,112.62,104.91
ADI,Analog Devices,Information Technology,Semiconductors,254.49,254.49,163.85,245.79,239.8,232.06,234.87,216.36,0.4,-0.82,252.4,211.7
AON,Aon plc,Financials,Insurance Brokers,370.94,407.61,334.18,373.63,370.16,365.16,359.19,369.24,-0.2,2.16,378.95,351.35
APA,APA Corporation,Energy,Oil & Gas Exploration & Production,22.36,27.9,13.62,21.04,20.76,19.94,19.44,19.64,0.0,-1.39,22.05,17.83
APO,Apollo Global Management,Financials,Asset Management & Custody Banks,133.89,176.82,105.37,134.9,137.75,140.39,142.16,147.43,0.0,10.81,148.36,132.41
AAPL,Apple Inc.,Information Technology,"Technology Hardware, Storage & Peripherals",227.16,258.1,172.0,227.28,229.46,220.94,212.62,220.54,-0.2,6.92,242.88,199.01
AMAT,Applied Materials,Information Technology,Semiconductor Materials & Equipment,161.99,211.69,126.23,161.32,169.6,176.06,182.01,168.48,0.2,22.44,198.34,153.78
APTV,Aptiv,Consumer Discretionary,Automotive Parts & Equipment,78.83,78.83,47.92,76.58,75.35,70.85,70.08,63.04,0.2,2.07,80.46,61.24
ACGL,Arch Capital Group,Financials,Property & Casualty Insurance,91.88,109.22,84.99,92.7,91.38,89.7,89.52,92.28,0.0,2.63,94.3,85.11
ADM,Archer Daniels Midland,Consumer Staples,Agricultural Products & Services,64.21,64.21,41.01,61.69,60.3,57.92,55.37,49.82,0.4,-0.53,63.87,51.97
ANET,Arista Networks,Information Technology,Communications Equipment,133.04,141.25,64.37,132.51,135.36,131.43,114.51,101.13,0.2,10.79,147.4,115.45
AJG,Arthur J. Gallagher & Co.,Financials,Insurance Brokers,298.62,348.08,274.44,302.16,297.72,292.39,306.13,312.41,0.2,2.25,305.34,279.43
AIZ,Assurant,Financials,Multi-line Insurance,213.92,226.12,179.02,214.76,213.14,203.67,196.66,203.24,0.0,6.07,226.9,180.43
T,AT&T,Communication Services,Integrated Telecommunication Services,28.74,29.44,18.64,29.04,28.86,28.3,27.92,25.6,0.2,2.89,29.57,27.03
ATO,Atmos Energy,Utilities,Gas Utilities,165.45,168.21,126.72,166.47,166.06,162.49,157.63,149.93,0.4,3.55,171.32,153.66
ADSK,Autodesk,Information Technology,Application Software,285.34,321.27,238.84,287.9,286.97,292.99,297.54,290.35,0.2,8.34,309.14,276.83
ADP,Automatic Data Processing,Industrials,Human Resource & Employment Services,303.84,325.19,263.91,306.3,304.22,304.4,305.01,301.63,0.0,2.36,311.01,297.78
AZO,AutoZone,Consumer Discretionary,Automotive Retail,4139.83,4158.1,2981.19,4133.01,4074.15,4013.49,3822.61,3559.48,0.4,1.97,4221.38,3805.71
AVB,AvalonBay Communities,Real Estate,Multi-Family Residential REITs,192.27,232.03,182.72,191.68,190.45,189.52,197.38,208.33,0.0,3.24,198.5,180.53
AVY,Avery Dennison,Materials,Paper & Plastic Packaging Products & Materials,175.77,219.16,158.75,176.23,176.0,172.5,176.27,181.45,-0.2,2.72,180.55,164.45
AXON,Axon Enterprise,Industrials,Aerospace & Defense,763.52,870.97,354.62,762.49,764.22,781.27,772.61,656.26,0.2,13.85,869.27,693.28
BKR,Baker Hughes,Energy,Oil & Gas Equipment & Services,44.43,48.05,32.21,43.69,43.27,43.57,41.3,41.14,0.0,2.03,45.33,41.8
BALL,Ball Corporation,Materials,"Metal, Glass & Plastic Containers",53.01,67.18,44.77,53.14,53.44,54.6,56.41,54.24,0.2,10.3,58.47,50.72
BAC,Bank of America,Financials,Diversified Banks,49.48,49.48,34.19,48.73,48.1,47.19,47.06,44.22,0.2,0.59,49.77,44.6
BAX,Baxter International,Health Care,Health Care Equipment,24.56,39.64,21.76,24.31,24.19,24.05,27.34,30.4,-0.2,11.64,27.42,20.68
BDX,Becton Dickinson,Health Care,Health Care Equipment,194.65,246.46,164.16,197.63,196.5,189.27,181.08,204.89,0.0,6.21,206.74,171.81
BRK-B,Berkshire Hathaway,Financials,Multi-Sector Holdings,486.18,539.8,442.29,487.55,482.04,475.07,478.94,486.81,0.0,1.47,493.33,456.82
BBY,Best Buy,Consumer Discretionary,Computer & Electronics Retail,74.32,99.54,55.4,73.69,72.66,69.69,69.31,75.19,0.0,2.66,76.3,63.08
TECH,Bio-Techne,Health Care,Life Sciences Tools & Services,56.71,79.93,46.59,55.4,54.48,53.97,53.11,60.61,-0.2,3.51,58.7,49.24
BIIB,Biogen,Health Care,Biotechnology,136.36,205.0,113.38,138.53,136.62,133.08,130.83,138.1,-0.2,4.06,141.9,124.27
BLK,BlackRock,Financials,Asset Management & Custody Banks,1137.1,1160.16,811.42,1133.39,1141.79,1128.19,1087.05,999.83,0.2,2.38,1164.16,1092.24
BX,Blackstone Inc.,Financials,Asset Management & Custody Banks,169.5,194.8,118.51,167.04,170.11,170.34,161.32,157.56,0.2,4.52,177.16,163.51
XYZ,"Block, Inc.",Financials,Transaction & Payment Processing Services,79.08,98.92,46.53,76.15,76.08,75.94,72.02,72.27,-0.2,0.48,79.46,72.41
BK,BNY Mellon,Financials,Asset Management & Custody Banks,103.12,103.61,63.99,101.95,102.14,101.99,96.88,85.43,0.2,0.78,103.92,100.05
BA,Boeing,Industrials,Aerospace & Defense,226.87,236.41,136.59,226.41,229.89,227.46,221.47,185.73,0.0,3.77,235.42,219.51
BKNG,Booking Holdings,Consumer Discretionary,"Hotels, Resorts & Cruise Lines",5703.6,5815.92,3711.15,5671.81,5573.96,5525.31,5577.26,5099.43,0.4,0.6,5737.82,5312.95
BSX,Boston Scientific,Health Care,Health Care Equipment,105.11,107.76,79.17,105.26,104.18,104.44,104.1,99.38,0.2,2.15,107.37,101.51
BMY,Bristol Myers Squibb,Health Care,Pharmaceuticals,47.14,61.62,43.31,48.02,47.89,46.63,46.95,52.1,-0.2,5.26,49.62,43.65
AVGO,Broadcom,Information Technology,Semiconductors,294.23,312.83,135.46,292.78,300.92,299.82,283.14,223.79,0.2,6.76,314.12,285.53
BR,Broadridge Financial Solutions,Industrials,Data Processing & Outsourced Services,256.69,266.89,204.4,260.9,260.85,258.6,247.74,236.59,0.2,6.28,272.81,244.38
BRO,Brown & Brown,Financials,Insurance Brokers,96.72,124.07,91.23,96.69,95.94,94.17,101.7,108.54,-0.2,1.46,98.13,90.21
BF-B,Brown–Forman,Consumer Staples,Distillers & Vintners,31.04,48.58,25.65,30.75,30.63,30.33,28.9,33.65,-0.2,1.97,31.65,29.01
BLDR,Builders FirstSource,Industrials,Building Products,141.91,201.83,105.63,138.1,138.39,134.24,128.04,138.39,-0.2,1.99,144.73,123.75
BG,Bunge Global,Consumer Staples,Agricultural Products & Services,88.15,97.93,67.23,84.18,82.75,81.34,79.44,77.43,0.4,-1.46,86.86,75.83
BXP,"BXP, Inc.",Real Estate,Office REITs,69.68,86.01,56.05,67.75,66.38,65.98,68.1,68.85,0.2,0.36,69.93,62.02
CHRW,C.H. Robinson,Industrials,Air Freight & Logistics,126.41,126.41,86.41,123.86,122.48,117.57,105.35,100.68,0.2,4.35,131.91,103.22
CDNS,Cadence Design Systems,Information Technology,Application Software,345.19,371.03,231.64,346.94,349.25,354.62,329.72,298.96,0.2,7.05,369.53,339.69
CZR,Caesars Entertainment,Consumer Discretionary,Casinos & Gaming,26.75,45.55,23.18,25.8,25.59,25.61,27.73,30.81,0.2,4.41,27.93,23.3
CPT,Camden Property Trust,Real Estate,Multi-Family Residential REITs,108.87,123.69,104.05,108.61,107.35,107.65,111.34,114.51,0.0,3.32,112.48,102.82
CPB,Campbell's Company (The),Consumer Staples,Packaged Foods & Meats,32.52,49.89,30.28,32.66,32.52,32.47,31.81,36.76,-0.2,1.66,33.06,31.89
COF,Capital One,Financials,Consumer Finance,221.1,221.22,134.82,216.73,216.83,213.68,212.32,191.31,0.2,0.55,222.32,205.04
CAH,Cardinal Health,Health Care,Health Care Distributors,146.04,167.63,106.71,149.54,149.17,153.01,158.47,137.58,0.2,10.57,161.48,144.53
KMX,CarMax,Consumer Discretionary,Automotive Retail,59.86,89.19,54.66,59.0,58.46,57.37,62.25,72.78,0.2,1.14,60.54,54.2
CCL,Carnival,Consumer Discretionary,"Hotels, Resorts & Cruise Lines",31.25,31.3,15.45,30.13,30.09,29.69,28.53,24.46,0.4,-0.22,31.18,28.21
CARR,Carrier Global,Industrials,Building Products,66.0,81.67,55.21,66.52,66.3,66.74,71.51,68.89,0.2,5.58,69.68,63.8
CAT,Caterpillar Inc.,Industrials,Construction Machinery & Heavy Transportation Equipment,432.3,438.02,271.63,424.51,418.69,422.78,405.61,364.36,0.2,2.27,442.11,403.46
CBOE,Cboe Global Markets,Financials,Financial Exchanges & Data,249.08,253.24,189.73,248.56,247.41,247.37,239.09,217.4,0.2,2.22,254.61,240.14
CBRE,CBRE Group,Real Estate,Real Estate Services,164.98,164.98,112.85,161.87,160.04,157.86,146.96,135.44,0.4,-0.65,163.91,151.8
CDW,CDW Corporation,Information Technology,Technology Distributors,166.46,226.97,144.0,166.43,165.94,167.63,173.69,175.54,-0.2,7.28,178.58,156.68
COR,Cencora,Health Care,Health Care Distributors,288.3,303.69,217.68,296.51,293.91,290.69,292.86,267.38,0.2,4.86,302.31,279.07
CNC,Centene Corporation,Health Care,Managed Health Care,29.08,80.23,25.21,29.21,28.37,27.02,34.78,53.64,-0.2,3.82,30.19,23.85
CNP,CenterPoint Energy,Utilities,Multi-Utilities,37.7,38.94,26.11,38.0,38.03,38.27,37.08,34.6,0.0,3.37,38.97,37.58
CF,CF Industries,Materials,Fertilizers & Agricultural Chemicals,86.17,101.88,67.67,85.69,85.19,87.07,91.54,85.28,0.4,10.46,95.18,78.95
CRL,Charles River Laboratories,Health Care,Life Sciences Tools & Services,164.11,220.69,99.75,159.71,157.58,160.01,157.88,160.96,-0.2,7.98,177.21,142.82
SCHW,Charles Schwab Corporation,Financials,Investment Banking & Brokerage,96.19,98.69,60.96,95.82,96.35,96.6,93.71,82.91,0.0,2.46,98.56,94.64
CHTR,Charter Communications,Communication Services,Cable & Satellite,273.44,427.25,256.57,270.53,268.25,267.05,340.1,363.69,0.0,2.43,280.08,254.01
CVX,Chevron Corporation,Energy,Integrated Oil & Gas,158.2,164.65,130.67,155.43,154.59,153.06,149.88,147.22,0.6,-0.2,157.88,148.23
CMG,Chipotle Mexican Grill,Consumer Discretionary,Restaurants,42.75,66.16,41.44,43.12,43.25,43.0,49.28,53.45,0.0,3.81,44.38,41.62
CB,Chubb Limited,Financials,Property & Casualty Insurance,274.41,301.45,256.04,276.88,275.21,271.86,276.79,279.65,-0.4,2.03,279.98,263.73
CHD,Church & Dwight,Consumer Staples,Household Products,92.75,112.48,90.63,94.34,93.46,93.13,95.23,101.61,0.0,3.86,96.33,89.92
CI,Cigna,Health Care,Health Care Services,300.76,361.79,262.23,302.55,296.58,285.79,300.69,306.56,0.0,4.53,314.38,257.19
CINF,Cincinnati Financial,Financials,Property & Casualty Insurance,153.31,157.35,125.84,153.54,152.81,151.47,148.99,144.06,0.2,1.81,156.08,146.85
CTAS,Cintas,Industrials,Diversified Support Services,211.86,227.2,181.05,215.34,217.6,220.35,219.67,209.76,0.2,7.73,228.24,212.47
CSCO,Cisco,Information Technology,Communications Equipment,67.14,71.79,47.21,67.07,67.96,68.43,68.0,61.72,0.2,6.72,71.65,65.21
C,Citigroup,Financials,Diversified Banks,95.0,95.74,55.59,93.95,94.35,93.45,89.13,75.94,0.2,1.35,96.28,90.62
CFG,Citizens Financial Group,Financials,Regional Banks,50.69,50.77,33.59,49.42,48.98,48.2,46.64,43.17,0.6,-0.53,50.42,45.98
CLX,Clorox,Consumer Staples,Household Products,119.39,165.31,116.82,120.32,120.93,122.33,123.16,141.34,-0.2,5.64,126.12,118.55
CME,CME Group,Financials,Financial Exchanges & Data,271.39,289.38,198.12,272.07,272.92,277.13,275.73,255.28,0.2,5.89,287.37,266.87
CMS,CMS Energy,Utilities,Multi-Utilities,72.22,74.4,63.54,72.83,72.73,72.96,71.13,69.32,0.2,2.94,74.34,71.59
KO,Coca-Cola Company (The),Consumer Staples,Soft Drinks & Non-alcoholic Beverages,68.93,73.38,59.94,70.11,70.03,69.71,69.83,67.43,0.0,3.47,71.32,68.1
CTSH,Cognizant,Information Technology,IT Consulting & Other Services,72.16,89.65,65.92,71.39,70.44,70.6,74.57,77.5,0.2,2.06,73.65,67.54
COIN,Coinbase,Financials,Financial Exchanges & Data,306.0,419.78,147.35,306.52,314.54,322.37,343.96,271.25,0.0,20.93,370.05,274.69
CL,Colgate-Palmolive,Consumer Staples,Household Products,84.06,106.38,83.06,85.64,85.35,84.92,87.27,89.48,0.0,3.53,87.03,82.81
CMCSA,Comcast,Communication Services,Cable & Satellite,34.01,43.96,31.41,33.79,33.38,32.84,34.11,35.72,0.0,1.12,34.39,31.29
CAG,Conagra Brands,Consumer Staples,Packaged Foods & Meats,19.16,30.97,18.26,19.33,19.33,19.09,19.56,23.45,0.0,3.39,19.81,18.36
COP,ConocoPhillips,Energy,Oil & Gas Exploration & Production,98.18,111.14,81.29,95.68,95.07,94.25,93.24,95.1,0.0,-0.44,97.75,90.74
ED,Consolidated Edison,Utilities,Multi-Utilities,99.95,111.42,85.77,101.19,101.58,102.37,100.92,99.01,0.2,5.08,105.03,99.71
STZ,Constellation Brands,Consumer Staples,Distillers & Vintners,163.68,252.91,159.07,165.69,167.28,168.74,167.64,187.02,-0.4,6.44,174.22,163.27
CEG,Constellation Energy,Utilities,Electric Utilities,310.68,354.46,170.52,312.96,320.06,330.08,321.14,271.27,0.2,14.42,355.48,304.66
COO,Cooper Companies (The),Health Care,Health Care Supplies,73.48,111.23,66.91,73.85,73.65,72.17,72.19,84.1,-0.2,3.32,75.92,68.43
CPRT,Copart,Industrials,Diversified Support Services,48.39,63.84,45.33,48.09,47.66,46.93,47.34,55.0,0.0,0.79,48.77,45.09
GLW,Corning Inc.,Information Technology,Electronic Components,66.78,66.78,38.85,65.31,65.48,64.54,57.4,49.92,0.0,0.66,67.22,61.86
CPAY,Corpay,Financials,Transaction & Payment Processing Services,322.53,389.55,283.07,321.7,318.88,317.87,325.13,343.27,0.0,3.62,334.21,301.53
CTVA,Corteva,Materials,Fertilizers & Agricultural Chemicals,73.6,77.12,53.96,73.06,72.46,72.13,73.33,64.82,0.4,0.1,73.67,70.58
CSGP,CoStar Group,Real Estate,Real Estate Services,90.51,96.83,69.29,89.46,88.91,92.14,87.22,79.11,-0.2,9.39,99.01,85.27
COST,Costco,Consumer Staples,Consumer Staples Merchandise Retail,941.58,1073.97,869.13,969.04,974.21,965.36,968.39,972.36,-0.2,6.75,1005.14,925.63
CTRA,Coterra,Energy,Oil & Gas Exploration & Production,23.86,29.06,21.86,23.49,23.65,23.76,24.47,25.41,0.0,2.22,24.39,23.13
CRWD,CrowdStrike,Information Technology,Systems Software,418.83,514.1,246.39,418.24,423.82,434.62,465.35,406.85,0.2,11.25,465.95,403.29
CCI,Crown Castle,Real Estate,Telecom Tower REITs,102.97,115.16,82.06,102.97,102.23,104.12,103.86,97.7,0.2,5.56,108.7,99.56
CSX,CSX Corporation,Industrials,Rail Transportation,32.81,36.52,26.58,35.15,35.63,35.53,34.32,32.22,-0.2,13.08,37.1,33.96
CMI,Cummins,Industrials,Construction Machinery & Heavy Transportation Equipment,396.1,404.74,264.26,397.02,398.69,384.99,354.67,340.38,0.2,5.24,416.86,353.11
CVS,CVS Health,Health Care,Health Care Services,71.21,71.43,42.33,71.15,69.26,66.1,65.23,60.22,0.2,3.24,73.52,58.67
DHR,Danaher Corporation,Health Care,Life Sciences Tools & Services,207.73,276.83,174.36,209.41,209.2,204.38,200.8,210.36,-0.2,3.85,215.73,193.04
DRI,Darden Restaurants,Consumer Discretionary,Restaurants,205.24,224.21,149.25,207.14,206.66,205.1,210.17,194.21,0.4,1.95,209.24,200.96
DDOG,Datadog,Information Technology,Application Software,128.38,168.65,87.0,129.24,128.47,133.23,136.08,127.49,0.2,14.36,146.82,119.65
DVA,DaVita,Health Care,Health Care Services,137.33,177.35,127.69,137.87,135.92,136.13,139.51,148.8,0.0,6.49,146.24,126.02
DAY,Dayforce,Industrials,Human Resource & Employment Services,69.49,81.8,49.33,68.11,61.85,58.28,57.53,63.43,-0.2,3.25,71.75,44.81
DECK,Deckers Brands,Consumer Discretionary,Footwear,113.03,223.11,95.32,107.28,105.9,105.6,104.47,141.04,0.0,-0.79,112.14,99.07
DE,Deere & Company,Industrials,Agricultural & Farm Machinery,487.9,529.8,370.76,490.56,493.1,501.47,507.38,472.32,0.0,7.47,524.35,478.58
DELL,Dell Technologies,Information Technology,"Technology Hardware, Storage & Peripherals",131.01,142.14,70.88,130.67,134.94,133.76,127.49,112.66,0.0,8.67,142.37,125.15
DAL,Delta Air Lines,Industrials,Passenger Airlines,60.41,68.45,35.65,59.9,59.76,56.5,53.73,54.68,0.0,4.85,63.34,49.66
DVN,Devon Energy,Energy,Oil & Gas Exploration & Production,35.77,43.73,26.61,34.44,34.02,33.44,33.33,33.69,0.0,-1.29,35.31,31.57
DXCM,Dexcom,Health Care,Health Care Equipment,75.96,90.75,59.83,80.28,80.33,80.15,82.7,79.78,0.6,15.07,87.41,72.89
FANG,Diamondback Energy,Energy,Oil & Gas Exploration & Production,145.27,194.36,117.58,140.68,140.04,142.3,142.14,150.18,0.0,3.79,150.78,133.84
DLR,Digital Realty,Real Estate,Data Center REITs,165.86,191.46,135.17,165.72,166.46,169.66,172.44,167.28,0.0,7.2,177.8,161.51
DG,Dollar General,Consumer Staples,Consumer Staples Merchandise Retail,112.35,121.87,67.66,112.97,113.56,112.15,111.96,89.56,0.0,5.65,118.7,105.6
DLTR,Dollar Tree,Consumer Staples,Consumer Staples Merchandise Retail,111.8,117.16,61.21,112.71,113.32,114.3,108.68,83.47,0.2,4.83,117.2,111.39
D,Dominion Energy,Utilities,Multi-Utilities,60.19,62.1,49.07,61.23,61.23,60.81,58.35,55.21,0.2,4.7,63.02,58.61
DPZ,Domino's,Consumer Discretionary,Restaurants,460.66,495.6,397.58,450.39,449.08,452.38,457.99,455.67,0.4,2.83,473.7,431.07
DASH,DoorDash,Consumer Discretionary,Specialized Consumer Services,245.28,270.99,123.56,245.99,249.73,252.24,243.03,200.56,-0.2,8.63,266.45,238.02
DOV,Dover Corporation,Industrials,Industrial Machinery & Supplies & Components,180.51,205.3,150.71,179.89,179.34,178.3,182.21,185.5,0.0,2.25,184.57,172.02
DOW,Dow Inc.,Materials,Commodity Chemicals,24.92,52.18,20.87,24.27,23.59,22.95,26.08,32.95,0.2,2.57,25.56,20.34
DHI,D. R. Horton,Consumer Discretionary,Homebuilding,168.96,194.88,114.44,166.6,165.15,158.0,142.82,137.15,0.4,3.31,174.55,141.45
DTE,DTE Energy,Utilities,Multi-Utilities,138.42,141.49,114.13,139.76,139.64,139.28,136.07,129.0,0.0,2.64,142.07,136.49
DUK,Duke Energy,Utilities,Electric Utilities,123.11,124.85,102.96,123.97,123.5,122.96,119.05,114.12,0.2,2.69,126.42,119.49
DD,DuPont,Materials,Specialty Chemicals,76.96,88.16,54.8,75.42,74.29,72.84,72.46,73.63,0.2,-0.01,76.95,68.73
EMN,Eastman Chemical Company,Materials,Specialty Chemicals,68.46,110.6,58.79,67.45,66.49,65.63,72.82,84.88,0.2,9.1,74.69,56.57
ETN,Eaton Corporation,Industrials,Electrical Components & Equipment,345.76,392.76,245.66,346.79,351.44,362.15,359.76,328.86,0.2,13.38,392.02,332.28
EBAY,eBay Inc.,Consumer Discretionary,Broadline Retail,98.55,100.77,56.78,99.13,99.17,94.47,84.14,70.77,0.2,8.77,107.19,81.75
ECL,Ecolab,Materials,Specialty Chemicals,278.36,285.47,225.1,282.86,281.36,273.73,270.1,254.33,0.4,4.47,290.8,256.67
EIX,Edison International,Utilities,Electric Utilities,54.5,84.75,47.56,55.24,55.56,54.72,52.27,59.27,-0.4,5.49,57.49,51.95
EW,Edwards Lifesciences,Health Care,Health Care Equipment,80.86,81.83,64.54,80.83,79.35,79.31,77.7,73.74,0.2,1.51,82.08,76.54
EA,Electronic Arts,Communication Services,Interactive Home Entertainment,172.76,179.01,116.21,171.54,173.69,167.04,158.7,148.43,0.2,6.92,184.71,149.37
ELV,Elevance Health,Health Care,Managed Health Care,314.0,553.55,274.66,312.43,306.34,294.96,323.72,379.95,0.2,2.75,322.64,267.31
EMR,Emerson Electric,Industrials,Electrical Components & Equipment,132.38,149.04,93.37,131.74,132.3,135.66,136.47,122.89,0.0,10.61,146.43,124.9
ENPH,Enphase Energy,Information Technology,Semiconductor Materials & Equipment,38.23,123.65,30.11,36.58,35.35,33.73,37.35,54.13,0.2,-0.44,38.06,29.41
ETR,Entergy,Utilities,Electric Utilities,89.17,91.02,57.69,89.27,89.49,89.5,85.5,80.89,0.2,2.25,91.18,87.81
EOG,EOG Resources,Energy,Oil & Gas Exploration & Production,121.43,134.72,102.81,119.35,119.07,118.61,119.67,120.64,-0.2,0.88,122.5,114.72
EPAM,EPAM Systems,Information Technology,IT Consulting & Other Services,172.51,267.63,143.33,169.57,164.32,160.29,167.22,197.24,-0.2,1.44,174.99,145.59
EQT,EQT Corporation,Energy,Oil & Gas Exploration & Production,51.81,60.26,31.49,51.54,51.59,51.84,54.65,50.82,0.4,3.11,53.42,50.26
EFX,Equifax,Industrials,Research & Consulting Services,250.76,305.2,205.11,249.89,248.52,245.0,252.56,253.53,0.0,1.46,254.42,235.58
EQIX,Equinix,Real Estate,Data Center REITs,782.38,968.75,731.64,777.22,776.01,777.02,791.8,858.11,0.2,1.73,795.92,758.15
EQR,Equity Residential,Real Estate,Multi-Family Residential REITs,64.8,75.24,61.2,64.65,64.08,63.94,65.95,68.54,0.2,2.41,66.36,61.51
ERIE,Erie Indemnity,Financials,Insurance Brokers,363.32,537.71,339.09,363.35,364.27,360.07,353.87,386.28,-0.2,1.93,370.33,349.82
ESS,Essex Property Trust,Real Estate,Multi-Family Residential REITs,265.46,308.41,252.08,263.87,260.41,260.51,274.98,282.25,0.2,4.31,276.9,244.12
EL,Estée Lauder Companies (The),Consumer Staples,Personal Care Products,88.68,99.31,49.8,88.81,90.22,90.82,86.6,72.83,0.0,6.82,94.73,86.9
EG,Everest Group,Financials,Reinsurance,341.32,400.34,324.54,342.93,338.05,334.17,335.53,347.79,-0.2,1.43,346.2,322.12
EVRG,Evergy,Utilities,Electric Utilities,71.65,72.6,56.09,71.92,71.83,71.55,69.41,65.11,0.0,2.58,73.5,69.61
ES,Eversource Energy,Utilities,Electric Utilities,63.39,66.62,53.58,65.35,65.45,65.65,65.04,60.69,0.2,5.76,67.04,64.25
EXC,Exelon,Utilities,Electric Utilities,44.6,46.54,35.25,44.76,44.69,44.6,43.51,41.63,0.0,1.64,45.33,43.87
EXE,Expand Energy,Energy,Oil & Gas Exploration & Production,94.62,120.67,68.08,94.36,94.44,97.02,104.05,102.31,0.4,8.89,103.03,91.01
EXPE,Expedia Group,Consumer Discretionary,"Hotels, Resorts & Cruise Lines",213.35,214.81,129.25,209.45,208.14,196.49,184.32,177.2,0.2,3.8,221.46,171.53
EXPD,Expeditors International,Industrials,Air Freight & Logistics,120.35,129.72,102.14,119.89,120.22,118.15,116.32,114.48,0.2,2.51,123.37,112.93
EXR,Extra Space Storage,Real Estate,Self-Storage REITs,140.19,177.29,125.24,140.21,138.54,139.24,144.97,147.84,0.2,5.38,147.73,130.75
XOM,ExxonMobil,Energy,Integrated Oil & Gas,111.74,121.0,98.11,109.64,107.96,107.77,109.32,108.13,0.2,0.61,112.42,103.11
FFIV,"F5, Inc.",Information Technology,Communications Equipment,315.7,326.47,195.73,315.69,318.08,315.9,303.83,278.26,0.2,4.47,329.81,301.99
FDS,FactSet,Financials,Financial Exchanges & Data,382.65,492.37,369.62,380.59,376.56,385.34,414.66,445.52,-0.2,7.24,410.35,360.31
FICO,Fair Isaac,Information Technology,Application Software,1423.87,2382.4,1311.26,1386.11,1359.6,1375.51,1565.69,1862.58,-0.2,4.87,1493.21,1257.81
FAST,Fastenal,Industrials,Trading Companies & Distributors,50.27,50.39,31.73,49.85,49.36,47.95,45.31,40.38,0.2,1.81,51.18,44.73
FRT,Federal Realty Investment Trust,Real Estate,Retail REITs,99.15,113.73,82.59,97.61,95.68,94.06,94.3,99.23,0.0,-0.28,98.87,89.24
FDX,FedEx,Industrials,Air Freight & Logistics,233.0,300.06,196.8,231.08,230.24,227.25,229.69,244.4,-0.2,1.88,237.38,217.12
FIS,Fidelity National Information Services,Financials,Transaction & Payment Processing Services,71.08,89.62,67.79,70.3,70.82,73.02,77.57,77.66,-0.2,14.15,81.14,64.89
FITB,Fifth Third Bancorp,Financials,Regional Banks,44.36,47.14,33.02,43.59,43.16,42.35,42.0,40.97,0.6,0.11,44.41,40.29
FSLR,First Solar,Information Technology,Semiconductors,199.44,255.75,120.38,202.22,198.0,190.37,176.07,165.51,0.4,7.11,213.62,167.1
FE,FirstEnergy,Utilities,Electric Utilities,43.64,43.95,37.17,43.58,43.54,43.13,41.25,40.13,0.2,2.06,44.54,41.73
FI,Fiserv,Financials,Transaction & Payment Processing Services,137.26,237.79,132.22,139.2,137.1,136.56,153.49,192.09,0.0,3.92,142.64,130.49
F,Ford Motor Company,Consumer Discretionary,Automobile Manufacturers,11.82,11.82,8.45,11.59,11.5,11.22,11.11,10.05,0.6,0.42,11.87,10.58
FTNT,Fortinet,Information Technology,Systems Software,77.64,114.57,74.39,78.62,78.8,85.37,96.44,98.61,0.0,36.95,106.33,64.41
FTV,Fortive,Industrials,Industrial Machinery & Supplies & Components,48.51,62.47,46.55,48.36,48.19,48.07,50.58,54.79,0.0,3.2,50.06,46.08
FOXA,Fox Corporation (Class A),Communication Services,Broadcasting,59.77,59.89,38.72,59.07,58.64,56.88,56.19,52.28,0.4,1.97,60.95,52.81
FOX,Fox Corporation (Class B),Communication Services,Broadcasting,54.64,54.64,35.86,54.06,53.59,51.98,51.51,48.61,0.4,2.05,55.76,48.2
BEN,Franklin Resources,Financials,Asset Management & Custody Banks,25.36,26.03,16.43,24.93,25.24,25.0,24.37,21.0,0.0,2.8,26.07,23.92
FCX,Freeport-McMoRan,Materials,Copper,43.69,51.16,28.93,42.29,42.27,41.49,42.94,39.75,0.4,0.62,43.96,39.03
GRMN,Garmin,Consumer Discretionary,Consumer Electronics,232.72,239.99,159.72,232.37,233.14,230.19,221.04,210.6,0.2,3.57,241.03,219.36
IT,Gartner,Information Technology,IT Consulting & Other Services,241.47,551.8,225.98,244.62,241.59,264.31,336.3,439.81,0.0,45.94,352.4,176.23
GE,GE Aerospace,Industrials,Aerospace & Defense,266.61,279.63,159.16,266.84,268.87,270.79,260.22,212.34,0.0,4.28,278.02,263.56
GEHC,GE HealthCare,Health Care,Health Care Equipment,74.59,93.69,58.69,74.16,74.08,72.94,73.96,77.82,-0.2,3.1,76.9,68.97
GEV,GE Vernova,Industrials,Heavy Electrical Equipment,602.31,664.55,181.78,604.62,618.71,635.71,577.87,415.8,-0.2,12.75,679.1,592.3
GEN,Gen Digital,Information Technology,Systems Software,31.13,32.03,23.31,31.37,31.47,30.38,29.99,28.13,0.4,5.62,32.88,27.89
GNRC,Generac,Industrials,Electrical Components & Equipment,193.28,202.85,101.92,193.44,196.48,192.97,163.78,148.85,0.2,10.75,214.06,171.88
GD,General Dynamics,Industrials,Aerospace & Defense,319.89,319.89,239.38,317.98,316.45,314.85,302.79,275.7,0.4,-0.06,319.7,310.02
GIS,General Mills,Consumer Staples,Packaged Foods & Meats,49.33,72.16,48.94,49.77,49.64,49.52,50.58,56.55,0.0,1.93,50.28,48.76
GM,General Motors,Consumer Discretionary,Automobile Manufacturers,58.28,59.72,42.35,57.4,56.57,54.7,52.62,50.38,0.2,1.0,58.86,50.55
GPC,Genuine Parts Company,Consumer Discretionary,Distributors,139.25,140.16,104.68,138.16,137.63,134.84,128.66,121.5,0.4,1.49,141.32,128.35
GILD,Gilead Sciences,Health Care,Biotechnology,114.15,120.47,73.53,116.35,117.73,115.96,112.61,103.18,0.2,7.22,122.39,109.53
GPN,Global Payments,Financials,Transaction & Payment Processing Services,88.82,118.42,67.25,87.39,86.61,83.77,81.61,94.08,0.0,2.21,90.78,76.77
GL,Globe Life,Financials,Life & Health Insurance,139.39,143.27,98.09,139.22,138.48,139.35,129.11,120.7,0.2,2.63,143.06,135.66
GDDY,GoDaddy,Information Technology,Internet Services & Infrastructure,145.94,214.35,133.35,146.0,144.74,149.01,163.63,182.41,0.0,13.84,166.14,131.87
GS,Goldman Sachs,Financials,Investment Banking & Brokerage,738.79,747.2,459.93,727.74,733.56,728.17,705.39,611.41,0.2,1.33,748.62,707.73
HAL,Halliburton,Energy,Oil & Gas Equipment & Services,22.34,31.33,19.1,21.62,21.41,21.52,21.64,24.08,-0.2,2.06,22.8,20.24
HIG,Hartford (The),Financials,Property & Casualty Insurance,132.63,134.02,105.42,133.13,131.72,129.01,125.82,119.42,0.4,2.16,135.49,122.52
HAS,Hasbro,Consumer Discretionary,Leisure Products,81.06,81.85,49.75,80.27,79.96,77.92,75.39,63.68,0.4,1.78,82.5,73.34
HCA,HCA Healthcare,Health Care,Health Care Facilities,402.77,412.92,295.46,404.97,398.87,381.51,374.51,343.55,0.4,4.55,421.1,341.94
DOC,Healthpeak Properties,Real Estate,Health Care REITs,17.65,21.82,16.53,17.42,17.23,17.06,17.47,18.64,0.2,-0.11,17.63,16.49
HSIC,Henry Schein,Health Care,Health Care Distributors,68.47,81.91,62.7,68.65,68.27,67.85,70.41,71.26,0.0,3.27,70.71,65.0
HSY,Hershey Company (The),Consumer Staples,Packaged Foods & Meats,180.68,196.72,141.22,180.77,179.29,182.2,175.3,166.62,0.2,5.59,190.78,173.63
HPE,Hewlett Packard Enterprise,Information Technology,"Technology Hardware, Storage & Peripherals",22.56,24.05,12.42,21.84,21.62,21.01,20.32,19.26,0.6,-0.18,22.52,19.51
HLT,Hilton Worldwide,Consumer Discretionary,"Hotels, Resorts & Cruise Lines",274.07,278.65,201.16,272.48,271.12,267.71,266.37,249.9,0.2,1.52,278.24,257.19
HOLX,Hologic,Health Care,Health Care Equipment,67.13,83.72,52.73,67.83,67.92,67.54,65.97,66.28,-0.2,3.26,69.32,65.76
HD,Home Depot (The),Consumer Discretionary,Home Improvement Retail,408.9,426.0,333.17,405.67,402.59,391.55,375.41,380.23,0.0,2.01,417.12,366.0
HON,Honeywell,Industrials,Industrial Conglomerates,220.61,239.16,180.99,218.92,217.93,218.12,225.57,217.33,0.6,0.88,222.55,213.68
HRL,Hormel Foods,Consumer Staples,Packaged Foods & Meats,28.87,32.6,27.75,28.82,28.69,28.52,29.36,29.63,0.0,0.9,29.13,27.92
HST,Host Hotels & Resorts,Real Estate,Hotel & Resort REITs,16.9,18.25,12.54,16.44,16.16,15.88,15.93,15.8,0.6,-0.53,16.81,14.95
HWM,Howmet Aerospace,Industrials,Aerospace & Defense,171.24,192.01,91.19,171.87,173.73,178.32,179.7,143.14,0.2,10.95,189.99,166.65
HPQ,HP Inc.,Information Technology,"Technology Hardware, Storage & Peripherals",27.5,38.15,21.63,27.06,26.95,26.08,25.43,28.92,0.0,1.89,28.02,24.14
HUBB,Hubbell Incorporated,Industrials,Industrial Machinery & Supplies & Components,437.56,467.52,314.89,433.75,434.24,430.29,420.55,400.23,0.0,1.67,444.87,415.7
HUM,Humana,Health Care,Managed Health Care,297.2,366.52,220.41,293.89,288.13,271.02,249.33,259.98,-0.2,4.07,309.3,232.75
HBAN,Huntington Bancshares,Financials,Regional Banks,17.29,17.67,12.37,16.95,16.8,16.51,16.61,15.92,0.4,0.06,17.3,15.72
HII,Huntington Ingalls Industries,Industrials,Aerospace & Defense,270.72,278.86,157.56,267.93,267.84,267.42,255.82,213.62,0.2,1.7,275.32,259.52
IBM,IBM,Information Technology,IT Consulting & Other Services,239.43,292.8,190.58,240.95,239.59,244.59,267.09,244.85,0.4,8.02,258.63,230.53
IEX,IDEX Corporation,Industrials,Industrial Machinery & Supplies & Components,165.98,233.54,157.53,165.46,165.59,164.1,173.4,190.9,0.0,6.03,175.99,152.22
IDXX,Idexx Laboratories,Health Care,Health Care Equipment,641.35,682.78,361.04,639.3,645.53,628.98,571.91,475.3,0.2,10.65,709.65,548.31
ITW,Illinois Tool Works,Industrials,Industrial Machinery & Supplies & Components,266.74,273.51,217.09,264.62,263.13,259.53,255.44,252.69,0.4,0.73,268.69,250.36
INCY,Incyte,Health Care,Biotechnology,84.76,86.92,55.17,85.6,85.34,81.4,73.87,69.58,0.4,5.85,89.72,73.08
IR,Ingersoll Rand,Industrials,Industrial Machinery & Supplies & Components,79.68,105.27,66.72,79.33,79.32,79.34,82.84,86.25,-0.2,7.51,85.66,73.02
PODD,Insulet Corporation,Health Care,Health Care Equipment,329.0,333.0,180.69,329.62,322.65,307.56,301.56,280.63,0.4,4.2,342.82,272.3
INTC,Intel,Information Technology,Semiconductors,24.55,27.39,18.13,24.34,23.78,21.91,22.16,21.72,0.4,5.82,25.98,17.83
ICE,Intercontinental Exchange,Financials,Financial Exchanges & Data,179.14,188.45,142.02,179.72,180.46,183.44,182.14,167.75,0.2,6.13,190.12,176.75
IFF,International Flavors & Fragrances,Materials,Specialty Chemicals,67.14,104.49,63.46,66.64,66.11,67.32,72.12,78.76,-0.2,9.09,73.24,61.39
IP,International Paper,Materials,Paper & Plastic Packaging Products & Materials,49.39,58.45,43.05,48.13,47.75,47.76,48.75,50.84,0.2,5.45,52.08,43.44
IPG,Interpublic Group of Companies (The),Communication Services,Advertising,27.13,31.12,22.6,26.82,26.36,25.58,25.03,26.01,0.0,0.92,27.38,23.78
INTU,Intuit,Information Technology,Application Software,656.96,807.39,542.39,683.51,698.73,735.63,754.17,662.84,0.0,25.47,824.29,646.97
ISRG,Intuitive Surgical,Health Care,Health Care Equipment,468.44,610.45,451.58,474.83,477.33,479.05,502.98,529.69,0.0,5.7,495.14,462.97
IVZ,Invesco,Financials,Asset Management & Custody Banks,21.62,21.62,11.86,21.09,21.11,20.94,18.61,16.54,0.2,0.46,21.72,20.16
INVH,Invitation Homes,Real Estate,Single-Family Residential REITs,30.8,36.03,29.76,30.74,30.5,30.52,31.76,32.29,0.2,2.4,31.54,29.49
IQV,IQVIA,Health Care,Life Sciences Tools & Services,188.02,251.55,137.0,189.79,189.81,186.78,174.17,179.17,-0.2,4.77,196.99,176.58
IRM,Iron Mountain,Real Estate,Other Specialized REITs,91.79,125.19,76.34,91.81,91.88,92.98,97.35,98.01,-0.2,7.28,98.47,87.49
JBHT,J.B. Hunt,Industrials,Cargo Ground Transportation,142.75,195.43,123.94,145.21,144.51,143.11,145.62,155.48,0.0,4.19,148.73,137.49
JBL,Jabil,Information Technology,Electronic Manufacturing Services,208.84,230.3,100.84,206.78,213.14,217.96,216.51,165.64,0.0,11.65,233.17,202.75
JKHY,Jack Henry & Associates,Financials,Transaction & Payment Processing Services,161.68,190.67,158.52,162.99,161.86,164.59,173.26,174.47,-0.2,7.53,173.85,155.33
J,Jacobs Solutions,Industrials,Construction & Engineering,147.1,151.85,109.18,147.25,147.97,145.84,138.49,130.7,0.2,3.65,152.47,139.2
JNJ,Johnson & Johnson,Health Care,Pharmaceuticals,178.41,179.29,139.73,178.65,176.81,173.33,164.06,155.19,0.2,1.93,181.85,164.81
JCI,Johnson Controls,Industrials,Building Products,106.4,111.73,66.66,105.79,105.56,105.29,105.79,89.58,0.2,0.95,107.41,103.18
JPM,JPMorgan Chase,Financials,Diversified Banks,294.9,299.63,199.83,293.1,292.51,292.48,288.43,257.62,0.0,1.27,298.65,286.31
K,Kellanova,Consumer Staples,Packaged Foods & Meats,79.96,82.31,77.85,80.04,80.09,80.03,79.72,80.63,-0.4,0.41,80.29,79.77
KVUE,Kenvue,Consumer Staples,Personal Care Products,21.19,24.0,19.25,21.47,21.41,21.43,21.36,21.97,0.0,3.68,21.97,20.88
KDP,Keurig Dr Pepper,Consumer Staples,Soft Drinks & Non-alcoholic Beverages,31.1,36.99,29.97,34.36,34.55,34.1,33.63,32.86,-0.2,16.21,36.14,32.07
KEY,KeyCorp,Financials,Regional Banks,19.02,19.26,13.06,18.5,18.32,18.04,17.82,16.8,0.4,-0.58,18.91,17.17
KEYS,Keysight Technologies,Information Technology,Electronic Equipment & Instruments,165.32,185.11,127.02,162.95,164.44,163.65,163.56,160.87,0.2,2.69,169.77,157.55
KMB,Kimberly-Clark,Consumer Staples,Household Products,130.75,146.03,122.21,132.68,132.95,132.46,130.44,132.59,-0.4,6.23,138.9,126.01
KIM,Kimco Realty,Real Estate,Retail REITs,22.2,24.93,18.48,21.86,21.54,21.38,21.35,21.63,0.0,0.14,22.23,20.54
KMI,Kinder Morgan,Energy,Oil & Gas Storage & Transportation,26.48,30.24,19.94,26.59,26.61,27.06,27.41,26.95,0.2,6.91,28.31,25.81
KKR,KKR & Co.,Financials,Asset Management & Custody Banks,138.71,166.38,92.52,139.07,141.96,143.36,139.17,134.96,0.2,8.65,150.71,136.02
KLAC,KLA Corporation,Information Technology,Semiconductor Materials & Equipment,879.55,953.34,573.9,875.35,896.74,898.95,901.81,749.43,0.2,7.96,949.56,848.29
KHC,Kraft Heinz,Consumer Staples,Packaged Foods & Meats,27.69,34.7,25.61,27.67,27.63,27.61,27.17,28.58,-0.4,2.74,28.45,26.77
KR,Kroger,Consumer Staples,Food Retail,70.14,73.97,50.47,70.73,70.51,71.05,70.68,65.43,0.2,6.06,74.39,67.71
LHX,L3Harris,Industrials,Aerospace & Defense,276.17,278.26,192.63,275.29,273.04,273.84,264.03,231.03,0.2,1.26,279.65,268.03
LH,Labcorp,Health Care,Health Care Services,276.11,278.18,210.19,276.94,273.87,268.38,261.48,244.4,0.4,1.68,280.75,256.0
LRCX,Lam Research,Information Technology,Semiconductor Materials & Equipment,101.28,107.38,58.94,99.85,101.7,100.01,98.4,81.94,0.0,5.2,106.55,93.47
LW,Lamb Weston,Consumer Staples,Packaged Foods & Meats,55.98,80.72,47.73,55.58,54.89,54.68,53.43,58.02,-0.2,5.14,58.86,50.5
LVS,Las Vegas Sands,Consumer Discretionary,Casinos & Gaming,56.22,56.22,30.35,54.4,54.08,53.27,49.29,44.96,0.2,-1.46,55.4,51.15
LDOS,Leidos,Industrials,Diversified Support Services,181.61,199.72,126.1,180.54,179.69,173.78,164.59,151.82,0.2,4.52,189.82,157.74
LEN,Lennar,Consumer Discretionary,Homebuilding,134.8,183.45,101.84,132.85,131.34,124.45,116.48,123.61,0.0,3.53,139.56,109.34
LII,Lennox International,Industrials,Building Products,570.54,674.16,506.5,587.13,592.87,597.78,595.83,596.05,-0.2,10.27,629.13,566.42
LLY,Lilly (Eli),Health Care,Pharmaceuticals,695.33,952.73,624.28,705.1,690.48,704.87,752.35,785.77,-0.2,14.62,796.99,612.78
LIN,Linde plc,Materials,Industrial Gases,477.85,482.36,410.23,480.5,478.76,473.3,469.47,453.35,0.2,1.79,486.4,460.19
LYV,Live Nation Entertainment,Communication Services,Movies & Entertainment,165.84,165.84,92.78,163.77,162.08,156.21,151.4,139.37,0.2,1.83,168.87,143.55
LKQ,LKQ Corporation,Consumer Discretionary,Distributors,31.7,43.02,28.96,31.2,31.06,30.27,34.23,37.61,-0.2,1.32,32.12,28.41
LMT,Lockheed Martin,Industrials,Aerospace & Defense,447.72,602.16,410.74,445.64,441.79,433.41,448.62,466.77,0.0,1.15,452.87,413.95
L,Loews Corporation,Financials,Multi-line Insurance,95.65,96.7,76.27,96.18,95.55,93.9,91.95,87.25,0.4,2.4,97.95,89.85
LOW,Lowe's,Consumer Discretionary,Home Improvement Retail,258.87,278.66,209.46,258.35,254.89,244.28,230.21,238.05,0.0,3.58,268.14,220.41
LULU,Lululemon Athletica,Consumer Discretionary,"Apparel, Accessories & Luxury Goods",202.44,421.16,186.44,200.8,199.47,198.2,218.45,305.58,0.2,4.18,210.9,185.5
LYB,LyondellBasell,Materials,Specialty Chemicals,57.05,93.12,48.34,56.09,54.33,53.8,58.48,65.66,0.2,7.13,61.12,46.48
MTB,M&T Bank,Financials,Regional Banks,197.89,217.42,155.42,194.72,193.26,190.57,192.58,187.98,0.2,0.4,198.68,182.46
MPC,Marathon Petroleum,Energy,Oil & Gas Refining & Marketing,172.18,181.25,117.23,167.46,164.1,164.7,168.78,151.48,0.6,1.1,174.07,155.31
MKTX,MarketAxess,Financials,Financial Exchanges & Data,190.15,289.47,183.68,188.19,187.86,193.29,207.31,218.11,-0.2,11.32,211.67,174.9
MAR,Marriott International,Consumer Discretionary,"Hotels, Resorts & Cruise Lines",268.6,302.22,210.04,266.73,266.3,263.95,268.37,266.03,0.4,1.97,273.89,254.02
MMC,Marsh McLennan,Financials,Insurance Brokers,207.01,243.22,197.78,210.16,208.64,205.03,209.81,220.34,0.0,3.12,213.47,196.61
MLM,Martin Marietta Materials,Materials,Construction Materials,604.5,620.08,451.86,604.3,608.19,600.44,574.08,540.62,0.0,3.61,626.32,574.54
MAS,Masco,Industrials,Building Products,74.5,84.25,58.18,73.98,73.59,70.95,67.22,69.97,0.0,3.09,76.8,65.11
MA,Mastercard,Financials,Transaction & Payment Processing Services,593.21,598.96,463.77,592.46,586.4,576.34,564.77,546.89,0.2,1.16,600.09,552.61
MTCH,Match Group,Communication Services,Interactive Media & Services,37.18,38.74,26.87,37.23,37.61,36.27,33.71,31.84,0.2,6.62,39.64,32.89
MKC,McCormick & Company,Consumer Staples,Packaged Foods & Meats,70.56,83.73,68.41,70.56,70.08,70.27,71.97,75.14,0.0,2.49,72.32,68.23
MCD,McDonald's,Consumer Discretionary,Restaurants,313.44,319.48,276.57,312.95,309.8,306.78,299.7,299.7,0.2,0.75,315.79,297.77
MCK,McKesson Corporation,Health Care,Health Care Distributors,678.91,735.33,477.52,690.84,679.44,687.13,705.89,656.41,0.2,6.65,724.06,650.21
MDT,Medtronic,Health Care,Health Care Equipment,92.04,93.22,78.03,91.79,92.18,91.55,89.68,86.28,0.0,2.38,94.23,88.86
MRK,Merck & Co.,Health Care,Pharmaceuticals,85.31,115.53,72.74,85.67,84.26,82.28,81.73,87.09,-0.2,2.38,87.34,77.21
META,Meta Platforms,Communication Services,Interactive Media & Services,753.3,790.0,484.29,749.28,765.12,758.93,730.81,643.6,0.2,7.2,807.54,710.31
MET,MetLife,Financials,Life & Health Insurance,80.83,86.38,67.4,79.86,78.62,76.84,77.52,79.13,0.2,0.54,81.27,72.42
MTD,Mettler Toledo,Health Care,Life Sciences Tools & Services,1289.78,1499.7,970.15,1305.74,1308.29,1274.65,1228.9,1216.3,0.0,4.74,1350.92,1198.42
MGM,MGM Resorts,Consumer Discretionary,Casinos & Gaming,38.12,41.99,25.79,37.08,36.57,36.1,36.21,34.22,0.2,0.63,38.36,33.85
MCHP,Microchip Technology,Information Technology,Semiconductors,68.55,79.81,34.83,66.78,65.92,65.92,69.01,58.86,0.6,3.01,70.61,61.23
MU,Micron Technology,Information Technology,Semiconductors,116.42,127.79,64.66,117.83,121.09,116.58,118.22,99.83,0.0,11.34,129.62,103.55
MSFT,Microsoft,Information Technology,Systems Software,504.26,534.76,353.33,505.91,513.48,518.13,505.32,439.1,0.2,6.31,536.08,500.2
MAA,Mid-America Apartment Communities,Real Estate,Multi-Family Residential REITs,142.03,167.59,138.38,142.17,141.0,141.86,146.03,152.6,-0.2,4.39,148.27,135.44
MRNA,Moderna,Health Care,Biotechnology,25.35,82.44,23.65,26.7,26.88,27.54,29.1,32.85,-0.2,23.59,31.33,23.75
MHK,Mohawk Industries,Consumer Discretionary,Home Furnishings,132.06,161.25,97.99,128.26,128.37,123.77,114.69,117.04,0.0,1.81,134.45,113.09
MOH,Molina Healthcare,Health Care,Managed Health Care,175.17,360.77,152.31,173.98,168.47,162.51,209.87,283.17,-0.2,1.58,177.94,147.08
TAP,Molson Coors Beverage Company,Consumer Staples,Brewers,51.61,62.37,47.24,51.81,51.55,50.55,49.87,55.29,0.0,2.65,52.98,48.12
MDLZ,Mondelez International,Consumer Staples,Packaged Foods & Meats,61.96,73.6,55.34,62.83,62.31,63.01,66.11,63.69,0.4,7.63,66.69,59.33
MPWR,Monolithic Power Systems,Information Technology,Semiconductors,837.86,937.7,454.23,834.73,840.16,809.62,757.69,654.83,0.2,6.67,893.75,725.52
MNST,Monster Beverage,Consumer Staples,Soft Drinks & Non-alcoholic Beverages,62.3,64.69,46.16,63.58,63.9,62.36,61.7,56.98,0.0,6.85,66.57,58.16
MCO,Moody's Corporation,Financials,Financial Exchanges & Data,510.0,524.53,395.22,512.49,514.38,513.44,501.52,479.47,0.0,2.44,522.44,504.47
MS,Morgan Stanley,Financials,Investment Banking & Brokerage,147.65,148.51,93.79,145.58,146.09,144.0,140.67,128.17,0.4,1.13,149.32,138.69
MOS,Mosaic Company (The),Materials,Fertilizers & Agricultural Chemicals,33.13,37.81,22.62,32.6,32.33,33.31,35.12,29.49,0.2,11.56,36.96,29.65
MSI,Motorola Solutions,Information Technology,Communications Equipment,460.68,500.78,393.68,461.51,463.21,452.67,431.69,441.28,-0.2,3.64,477.45,427.89
MSCI,MSCI Inc.,Financials,Financial Exchanges & Data,573.72,630.0,503.37,571.65,564.89,559.3,561.39,570.12,-0.2,0.9,578.88,539.69
NDAQ,"Nasdaq, Inc.",Financials,Financial Exchanges & Data,94.32,96.94,66.19,94.27,94.75,95.54,91.7,81.7,0.0,3.41,97.54,93.53
NTAP,NetApp,Information Technology,"Technology Hardware, Storage & Peripherals",111.01,130.49,75.73,109.38,109.13,106.59,105.72,106.19,-0.2,1.21,112.35,100.84
NFLX,Netflix,Communication Services,Movies & Entertainment,1218.07,1339.13,665.77,1211.39,1220.13,1198.99,1229.7,1045.45,0.2,2.99,1254.49,1143.55
NEM,Newmont,Materials,Gold,71.1,71.1,36.61,69.67,69.26,67.56,62.68,49.94,0.2,2.62,72.96,62.15
NWSA,News Corp (Class A),Communication Services,Publishing,30.14,30.5,23.97,29.97,29.71,29.41,29.32,28.24,0.4,0.83,30.39,28.42
NWS,News Corp (Class B),Communication Services,Publishing,34.71,35.17,26.94,34.63,34.31,33.87,33.77,32.06,0.4,1.01,35.06,32.67
NEE,NextEra Energy,Utilities,Multi-Utilities,75.32,83.49,63.6,76.08,74.79,73.1,73.13,70.98,0.4,2.87,77.48,68.73
NKE,"Nike, Inc.",Consumer Discretionary,"Apparel, Accessories & Luxury Goods",79.17,87.95,52.92,77.37,76.98,76.07,72.56,69.88,0.6,-0.09,79.1,73.03
NI,NiSource,Utilities,Multi-Utilities,42.67,43.33,31.65,42.54,42.4,42.4,40.92,38.48,0.0,1.2,43.18,41.62
NDSN,Nordson Corporation,Industrials,Industrial Machinery & Supplies & Components,225.79,261.43,166.9,220.78,218.6,215.84,216.66,213.87,0.4,-0.15,225.45,206.22
NSC,Norfolk Southern,Industrials,Rail Transportation,277.39,285.53,204.09,283.47,282.05,280.29,269.46,247.47,-0.2,3.27,286.46,274.1
NTRS,Northern Trust,Financials,Asset Management & Custody Banks,130.61,132.06,83.86,128.64,127.81,127.66,125.24,108.19,0.2,0.88,131.76,123.57
NOC,Northrop Grumman,Industrials,Aerospace & Defense,586.74,597.21,429.46,591.03,587.05,584.87,543.54,496.87,0.2,1.79,597.24,572.51
NCLH,Norwegian Cruise Line Holdings,Consumer Discretionary,"Hotels, Resorts & Cruise Lines",24.64,29.07,15.5,24.27,24.36,24.39,22.6,22.59,0.2,3.94,25.61,23.17
NRG,NRG Energy,Utilities,Independent Power Producers & Energy Traders,144.77,173.91,75.33,146.46,149.69,155.45,154.35,119.12,0.4,19.67,173.25,137.65
NUE,Nucor,Materials,Steel,149.55,165.5,102.79,146.02,145.18,142.33,138.13,129.02,0.6,-0.08,149.43,135.23
NVDA,Nvidia,Information Technology,Semiconductors,179.81,183.16,94.3,176.76,179.3,179.13,167.69,138.06,-0.2,2.73,184.72,173.56
NVR,"NVR, Inc.",Consumer Discretionary,Homebuilding,8126.71,9924.4,6700.0,8114.46,8141.65,7965.58,7673.2,7749.42,-0.2,3.15,8382.7,7548.67
NXPI,NXP Semiconductors,Information Technology,Semiconductors,236.67,252.0,152.79,230.69,229.64,220.62,221.52,209.96,0.4,2.28,242.07,199.17
ORLY,O’Reilly Automotive,Consumer Discretionary,Automotive Retail,102.47,104.44,73.94,102.94,102.37,101.89,95.76,89.37,0.2,2.77,105.31,98.47
OXY,Occidental Petroleum,Energy,Oil & Gas Exploration & Production,46.4,56.27,35.91,45.0,44.75,44.24,44.22,45.52,0.0,-0.65,46.1,42.39
ODFL,Old Dominion,Industrials,Cargo Ground Transportation,155.47,230.8,141.85,153.88,152.48,149.94,158.27,174.9,0.0,3.0,160.13,139.75
OMC,Omnicom Group,Communication Services,Advertising,79.15,102.78,69.22,78.34,76.97,74.8,73.53,80.35,0.0,0.91,79.87,69.73
ON,ON Semiconductor,Information Technology,Semiconductors,50.95,77.87,31.95,50.17,50.6,51.01,54.2,52.45,0.4,14.15,58.16,43.85
OKE,Oneok,Energy,Oil & Gas Storage & Transportation,74.43,112.93,73.04,74.09,74.16,75.98,78.57,89.6,-0.2,9.78,81.71,70.25
ORCL,Oracle Corporation,Information Technology,Application Software,235.41,256.43,122.56,234.92,241.5,246.52,235.22,180.65,-0.2,11.05,261.42,231.61
OTIS,Otis Worldwide,Industrials,Industrial Machinery & Supplies & Components,86.86,104.22,84.52,88.14,87.94,86.96,92.8,95.59,-0.2,3.0,89.47,84.44
PCAR,Paccar,Industrials,Construction Machinery & Heavy Transportation Equipment,100.51,113.98,85.82,99.44,99.24,98.31,96.7,100.15,0.0,0.72,101.23,95.38
PKG,Packaging Corporation of America,Materials,Paper & Plastic Packaging Products & Materials,212.23,244.28,174.83,206.34,201.55,198.44,198.05,206.31,0.2,-0.56,211.04,185.84
PLTR,Palantir Technologies,Information Technology,Application Software,157.17,186.97,30.16,157.17,168.94,169.11,154.01,106.93,-0.2,23.14,193.54,144.68
PANW,Palo Alto Networks,Information Technology,Systems Software,184.55,208.28,152.44,183.95,179.88,176.92,190.21,187.42,0.6,3.48,190.97,162.88
PSKY,Paramount Skydance Corporation,Communication Services,Movies & Entertainment,15.96,16.03,9.8,15.09,14.3,13.13,12.86,11.59,0.4,4.14,16.62,9.64
PH,Parker Hannifin,Industrials,Industrial Machinery & Supplies & Components,750.3,762.05,515.78,744.58,744.85,733.71,713.6,664.83,0.2,1.84,764.11,703.35
PAYX,Paychex,Industrials,Human Resource & Employment Services,138.5,158.58,124.37,139.12,138.25,139.87,143.09,144.51,-0.2,5.1,145.56,134.17
PAYC,Paycom,Industrials,Human Resource & Employment Services,230.78,265.71,154.16,228.97,224.0,226.56,229.63,224.73,0.4,3.56,239.0,214.13
PYPL,PayPal,Financials,Transaction & Payment Processing Services,69.48,91.81,57.41,68.81,69.08,68.8,71.98,75.54,0.0,2.32,71.09,66.51
PNR,Pentair,Industrials,Industrial Machinery & Supplies & Components,107.93,109.01,75.76,106.62,106.54,104.43,103.61,98.12,0.2,1.31,109.34,99.52
PEP,PepsiCo,Consumer Staples,Soft Drinks & Non-alcoholic Beverages,148.2,173.24,127.06,149.94,149.45,145.61,139.6,143.34,-0.2,4.12,154.31,136.92
PFE,Pfizer,Health Care,Pharmaceuticals,25.14,28.21,20.83,25.49,25.26,24.65,24.48,24.21,0.4,3.9,26.12,23.18
PCG,PG&E Corporation,Utilities,Multi-Utilities,14.91,21.53,13.0,15.15,15.19,14.93,14.19,16.76,-0.6,6.57,15.89,13.96
PM,Philip Morris International,Consumer Staples,Tobacco,167.37,183.57,115.19,171.05,168.78,167.12,173.26,152.22,0.4,3.96,174.0,160.24
PSX,Phillips 66,Energy,Oil & Gas Refining & Marketing,129.52,135.19,91.09,125.93,123.55,121.99,123.22,118.09,0.4,-0.36,129.05,114.93
PNW,Pinnacle West Capital,Utilities,Multi-Utilities,89.98,93.78,79.36,91.37,91.6,91.5,90.31,88.83,0.0,4.69,94.2,88.79
PNC,PNC Financial Services,Financials,Diversified Banks,200.7,209.23,146.94,196.88,194.69,192.05,190.18,183.76,0.6,-0.41,199.88,184.22
POOL,Pool Corporation,Consumer Discretionary,Distributors,321.43,385.63,283.92,318.7,319.86,314.24,305.62,324.43,0.0,2.43,329.24,299.22
PPG,PPG Industries,Materials,Specialty Chemicals,112.14,131.36,90.49,112.58,111.9,108.87,111.69,112.68,0.0,3.31,115.85,101.89
PPL,PPL Corporation,Utilities,Electric Utilities,36.51,37.24,30.56,36.79,36.8,36.43,35.33,34.08,0.2,2.27,37.34,35.52
PFG,Principal Financial Group,Financials,Life & Health Insurance,80.28,88.8,68.88,79.4,78.6,77.68,78.69,79.34,-0.2,0.51,80.69,74.67
PG,Procter & Gamble,Consumer Staples,Personal Care Products,156.15,176.3,150.47,158.29,156.58,154.62,156.28,162.77,-0.2,2.58,160.18,149.07
PGR,Progressive Corporation,Financials,Property & Casualty Insurance,244.09,291.0,234.89,249.11,248.3,245.9,251.31,260.01,0.0,3.62,252.93,238.88
PLD,Prologis,Real Estate,Industrial REITs,111.62,127.92,88.91,110.65,108.21,107.3,107.29,108.69,0.0,0.39,112.06,102.56
PRU,Prudential Financial,Financials,Life & Health Insurance,109.11,124.75,92.74,107.91,106.46,103.87,103.97,108.0,0.0,0.7,109.87,97.86
PEG,Public Service Enterprise Group,Utilities,Electric Utilities,82.6,92.39,76.52,83.87,85.11,86.66,84.57,82.95,0.0,10.17,91.0,82.32
PTC,PTC Inc.,Information Technology,Application Software,214.35,216.41,136.74,212.42,209.72,209.63,194.28,178.63,0.2,1.96,218.55,200.71
PSA,Public Storage,Real Estate,Self-Storage REITs,289.84,354.44,263.65,288.92,285.27,283.7,287.66,296.82,-0.2,1.34,293.72,273.67
PHM,PulteGroup,Consumer Discretionary,Homebuilding,132.28,148.13,91.82,129.38,128.56,123.44,114.77,110.61,0.4,2.19,135.18,111.7
PWR,Quanta Services,Industrials,Construction & Engineering,378.31,421.68,236.56,378.3,380.47,387.8,385.01,326.52,0.0,8.1,408.95,366.66
QCOM,Qualcomm,Information Technology,Semiconductors,156.42,175.11,123.92,156.05,156.54,153.15,155.55,154.97,0.2,4.67,163.72,142.57
DGX,Quest Diagnostics,Health Care,Health Care Services,178.66,184.4,144.81,181.97,180.47,176.4,174.85,166.58,0.4,4.34,186.41,166.39
RL,Ralph Lauren Corporation,Consumer Discretionary,"Apparel, Accessories & Luxury Goods",287.39,304.45,166.55,286.04,290.27,293.3,285.92,249.86,0.2,6.97,307.42,279.17
RJF,Raymond James Financial,Financials,Investment Banking & Brokerage,165.9,171.46,113.62,163.97,164.44,165.24,159.83,153.25,0.0,2.03,169.27,161.21
RTX,RTX Corporation,Industrials,Aerospace & Defense,156.27,157.71,112.45,155.82,155.29,155.54,150.56,131.07,0.0,0.93,157.72,153.36
O,Realty Income,Real Estate,Retail REITs,58.21,61.73,49.83,59.12,58.53,57.74,57.31,55.07,0.4,2.66,59.76,55.72
REG,Regency Centers,Real Estate,Retail REITs,71.92,76.25,64.84,71.8,71.54,71.83,70.97,71.4,-0.4,2.1,73.43,70.22
REGN,Regeneron Pharmaceuticals,Health Care,Biotechnology,572.38,1196.63,482.34,584.56,575.78,566.58,550.66,634.33,-0.2,3.97,595.1,538.04
RF,Regions Financial Corporation,Financials,Regional Banks,26.65,26.76,18.13,26.15,25.92,25.54,24.72,23.16,0.6,0.23,26.71,24.37
RSG,Republic Services,Industrials,Environmental & Facilities Services,232.22,257.46,196.49,234.58,233.7,234.18,239.91,230.4,0.2,3.64,240.67,227.69
RMD,ResMed,Health Care,Health Care Equipment,285.8,293.73,203.67,288.59,286.91,283.74,268.03,243.16,0.2,2.9,294.09,273.38
RVTY,Revvity,Health Care,Health Care Equipment,92.14,127.41,85.8,91.82,90.79,89.57,94.31,104.49,0.0,2.5,94.44,84.7
ROK,Rockwell Automation,Industrials,Electrical Components & Equipment,349.97,357.15,217.21,344.76,343.99,342.43,339.95,293.29,0.4,2.14,357.46,327.39
ROL,"Rollins, Inc.",Industrials,Environmental & Facilities Services,56.64,58.48,45.24,57.8,57.68,57.79,56.75,52.83,-0.2,3.87,58.83,56.75
ROP,Roper Technologies,Information Technology,Electronic Equipment & Instruments,530.29,592.1,501.26,533.44,529.61,536.44,550.12,555.98,-0.2,5.15,557.6,515.27
ROST,Ross Stores,Consumer Discretionary,Apparel Retail,147.45,155.29,122.55,146.91,147.32,144.6,136.5,140.54,-0.2,3.3,152.32,136.89
RCL,Royal Caribbean Group,Consumer Discretionary,"Hotels, Resorts & Cruise Lines",344.97,352.84,154.84,334.77,325.34,320.31,319.2,254.51,0.4,-0.15,344.45,296.17
SPGI,S&P Global,Financials,Financial Exchanges & Data,551.69,564.15,437.5,554.45,556.57,554.15,534.63,511.27,0.2,3.83,572.82,535.5
CRM,Salesforce,Information Technology,Application Software,247.87,366.29,231.66,246.89,242.29,246.36,257.95,291.34,-0.2,6.92,265.02,227.7
SBAC,SBA Communications,Real Estate,Telecom Tower REITs,221.57,244.52,189.91,221.42,219.11,221.08,227.48,218.11,0.4,3.41,229.13,213.03
SLB,Schlumberger,Energy,Oil & Gas Equipment & Services,35.65,44.61,31.68,34.35,33.78,33.58,34.52,37.5,0.0,-0.48,35.48,31.69
STX,Seagate Technology,Information Technology,"Technology Hardware, Storage & Peripherals",164.0,164.0,66.19,158.83,157.55,154.57,147.79,108.0,0.4,-0.64,162.95,146.2
SRE,Sempra,Utilities,Multi-Utilities,81.69,92.47,63.23,82.15,81.92,81.79,78.21,78.46,-0.2,1.78,83.14,80.44
NOW,ServiceNow,Information Technology,Systems Software,879.94,1170.39,721.65,884.14,874.76,895.96,951.95,972.84,-0.2,10.46,971.98,819.92
SHW,Sherwin-Williams,Materials,Specialty Chemicals,367.0,397.11,312.15,367.77,365.22,354.77,347.05,352.19,0.0,3.41,379.51,330.01
SPG,Simon Property Group,Real Estate,Retail REITs,176.41,183.07,138.55,175.08,173.52,169.53,165.01,165.95,0.0,1.28,178.67,160.4
SWKS,Skyworks Solutions,Information Technology,Semiconductors,76.76,106.51,48.7,75.72,74.81,72.04,73.24,74.05,0.0,2.14,78.4,65.68
SJM,J.M. Smucker Company (The),Consumer Staples,Packaged Foods & Meats,111.55,117.29,93.48,112.56,111.75,110.22,104.94,107.63,0.0,2.26,114.07,106.36
SW,Smurfit Westrock,Materials,Paper & Plastic Packaging Products & Materials,45.93,55.13,37.46,44.09,43.78,43.97,44.54,46.93,0.2,2.13,46.91,41.03
SNA,Snap-on,Industrials,Industrial Machinery & Supplies & Components,328.95,364.18,264.02,326.26,325.38,322.36,318.6,328.42,-0.2,0.67,331.15,313.58
SOLV,Solventum,Health Care,Health Care Technology,72.75,84.04,59.77,72.68,72.53,72.52,73.73,72.21,0.4,2.08,74.26,70.77
SO,Southern Company,Utilities,Electric Utilities,93.13,95.24,78.98,94.27,93.82,94.0,92.42,87.42,0.0,2.24,95.22,92.79
LUV,Southwest Airlines,Industrials,Passenger Airlines,32.52,37.7,23.9,31.83,31.43,30.72,32.74,31.44,0.6,0.4,32.65,28.8
SWK,Stanley Black & Decker,Industrials,Industrial Machinery & Supplies & Components,76.47,106.67,55.14,75.45,74.77,71.56,70.38,74.87,0.0,2.65,78.5,64.62
SBUX,Starbucks,Consumer Discretionary,Restaurants,85.81,114.25,78.61,88.64,90.51,90.24,91.82,93.54,-0.2,10.06,94.44,86.03
STT,State Street Corporation,Financials,Asset Management & Custody Banks,114.91,115.48,74.79,113.16,112.46,111.63,108.25,96.77,0.6,0.12,115.05,108.21
STLD,Steel Dynamics,Materials,Steel,133.28,152.49,106.43,129.08,128.0,125.98,129.15,128.18,0.4,-0.56,132.53,119.42
STE,Steris,Health Care,Health Care Equipment,248.48,251.96,201.46,249.0,247.21,238.87,235.32,225.14,0.4,4.02,258.47,219.25
SYK,Stryker Corporation,Health Care,Health Care Equipment,390.88,403.53,336.65,390.35,384.93,384.44,387.45,378.5,0.4,2.44,400.42,368.46
SMCI,Supermicro,Information Technology,"Technology Hardware, Storage & Peripherals",44.07,61.32,18.01,43.22,44.53,48.95,48.89,39.3,0.0,39.87,61.64,36.26
SYF,Synchrony Financial,Financials,Consumer Finance,74.0,74.0,43.38,72.32,72.27,70.8,68.83,61.99,0.4,0.32,74.24,67.37
SNPS,Synopsys,Information Technology,Application Software,597.0,645.35,380.9,603.12,611.96,619.96,571.43,509.7,-0.2,8.04,645.0,594.93
SYY,Sysco,Consumer Staples,Food Distributors,79.33,82.19,67.53,79.96,80.27,80.09,78.06,74.25,0.2,3.19,81.86,78.31
TMUS,T-Mobile US,Communication Services,Wireless Telecommunication Services,251.74,271.83,190.96,255.82,254.23,247.73,238.36,241.15,0.0,4.18,262.26,233.21
TROW,T. Rowe Price,Financials,Asset Management & Custody Banks,107.46,120.07,79.19,106.47,107.27,105.87,102.25,101.94,0.0,2.22,109.85,101.89
TTWO,Take-Two Interactive,Communication Services,Interactive Home Entertainment,231.83,243.05,147.66,229.15,231.23,227.45,232.89,210.74,0.6,2.12,236.74,218.17
TPR,"Tapestry, Inc.",Consumer Discretionary,"Apparel, Accessories & Luxury Goods",98.47,113.53,39.27,98.66,101.4,105.25,98.74,77.51,0.0,18.41,116.6,93.9
TRGP,Targa Resources,Energy,Oil & Gas Storage & Transportation,161.18,213.93,140.05,162.04,163.47,164.43,167.11,179.36,-0.2,4.85,169.0,159.85
TGT,Target Corporation,Consumer Staples,Consumer Staples Merchandise Retail,97.13,154.72,86.82,99.5,102.02,101.97,100.99,111.73,-0.2,10.83,107.65,96.29
TEL,TE Connectivity,Information Technology,Electronic Manufacturing Services,205.13,209.34,121.47,203.07,203.92,203.5,186.99,157.62,0.2,1.73,208.68,198.32
TDY,Teledyne Technologies,Information Technology,Electronic Equipment & Instruments,541.13,563.66,417.75,543.92,543.9,546.46,531.8,496.27,0.0,2.85,556.55,536.36
TER,Teradyne,Information Technology,Semiconductor Materials & Equipment,117.07,139.64,67.86,112.36,111.91,108.25,98.11,100.42,0.0,1.55,118.88,97.61
TSLA,"Tesla, Inc.",Consumer Discretionary,Automobile Manufacturers,346.6,479.86,205.75,331.99,334.14,326.07,322.03,328.93,-0.2,1.16,350.62,301.53
TXN,Texas Instruments,Information Technology,Semiconductors,205.97,219.66,143.34,201.89,197.83,191.46,200.0,186.35,0.6,0.26,206.51,176.43
TPL,Texas Pacific Land Corporation,Energy,Oil & Gas Exploration & Production,900.64,1723.85,784.85,897.9,891.55,912.2,984.88,1227.03,-0.2,10.65,996.56,827.83
TXT,Textron,Industrials,Aerospace & Defense,80.76,91.11,60.7,80.15,79.89,78.78,80.4,76.74,0.2,0.87,81.46,76.1
TMO,Thermo Fisher Scientific,Health Care,Life Sciences Tools & Services,490.75,622.18,390.26,493.52,489.14,477.07,444.34,483.39,0.0,3.12,506.06,448.07
TJX,TJX Companies,Consumer Discretionary,Apparel Retail,135.5,138.27,110.73,136.49,134.77,131.61,126.89,123.85,0.4,3.03,139.61,123.61
TKO,TKO Group Holdings,Communication Services,Movies & Entertainment,183.72,191.28,113.12,184.33,186.44,176.14,173.97,155.46,0.4,8.19,198.77,153.52
TTD,Trade Desk (The),Communication Services,Advertising,52.37,139.51,45.27,52.59,52.84,66.76,71.98,86.11,-0.2,92.11,100.61,32.91
TSCO,Tractor Supply,Consumer Discretionary,Other Specialty Retail,61.52,62.28,47.8,61.49,60.77,59.85,57.15,54.28,0.4,1.69,62.56,57.15
TT,Trane Technologies,Industrials,Building Products,419.63,472.54,314.52,424.22,427.58,431.58,435.21,393.03,0.4,7.83,452.49,410.68
TDG,TransDigm Group,Industrials,Aerospace & Defense,1389.98,1620.83,1225.77,1398.3,1401.88,1454.77,1496.62,1379.68,0.2,17.35,1631.14,1278.36
TRV,Travelers Companies (The),Financials,Property & Casualty Insurance,272.34,276.29,214.24,273.36,269.91,266.33,263.33,255.71,0.2,1.55,276.56,256.11
TRMB,Trimble Inc.,Information Technology,Electronic Equipment & Instruments,81.43,85.24,54.15,81.12,82.24,82.94,80.06,72.45,0.2,5.22,85.68,80.2
TFC,Truist Financial,Financials,Diversified Banks,45.73,46.42,33.92,44.86,44.68,43.84,43.35,42.08,0.4,0.37,45.9,41.78
TYL,Tyler Technologies,Information Technology,Application Software,554.96,646.74,521.68,564.2,567.83,577.69,574.6,584.53,0.0,10.45,612.95,542.42
TSN,Tyson Foods,Consumer Staples,Packaged Foods & Meats,57.46,64.25,52.3,57.07,56.86,55.74,55.17,57.57,0.0,2.91,59.13,52.34
USB,U.S. Bancorp,Financials,Diversified Banks,48.16,51.9,36.0,47.05,46.65,45.71,45.61,44.97,0.6,-0.08,48.12,43.31
UBER,Uber,Industrials,Passenger Ground Transportation,95.16,97.48,59.93,95.05,93.58,91.25,91.12,78.19,0.2,2.01,97.07,85.43
UDR,"UDR, Inc.",Real Estate,Multi-Family Residential REITs,38.95,45.23,37.29,38.88,38.54,38.65,39.76,41.35,0.2,2.77,40.03,37.27
ULTA,Ulta Beauty,Consumer Discretionary,Other Specialty Retail,524.37,532.71,314.47,521.46,522.01,515.92,494.78,418.09,0.2,1.7,533.28,498.57
UNP,Union Pacific Corporation,Industrials,Rail Transportation,223.32,251.7,207.02,225.18,223.03,222.79,226.77,229.62,0.0,1.84,227.43,218.14
UAL,United Airlines Holdings,Industrials,Passenger Airlines,102.34,110.52,41.33,100.91,100.52,94.46,87.85,87.39,0.4,4.64,107.09,81.83
UPS,United Parcel Service,Industrials,Air Freight & Logistics,87.74,130.93,82.93,87.49,87.01,86.01,93.98,106.27,-0.2,1.7,89.23,82.8
URI,United Rentals,Industrials,Trading Companies & Distributors,939.49,939.49,549.5,915.41,916.88,891.86,823.01,734.92,0.2,0.84,947.38,836.31
UNH,UnitedHealth Group,Health Care,Managed Health Care,304.86,615.84,237.77,303.94,293.71,271.86,288.47,433.19,0.0,5.96,323.03,220.68
UHS,Universal Health Services,Health Care,Health Care Facilities,183.88,240.75,154.95,184.13,180.92,173.64,173.87,182.15,0.0,3.15,189.67,157.59
VLO,Valero Energy,Energy,Oil & Gas Refining & Marketing,147.11,153.55,102.97,142.24,139.02,137.27,139.83,129.83,0.6,-1.03,145.59,128.95
VTR,Ventas,Real Estate,Health Care REITs,67.72,69.55,56.07,68.35,68.08,68.0,65.64,63.75,0.2,2.55,69.45,66.56
VLTO,Veralto,Industrials,Environmental & Facilities Services,107.15,113.22,85.23,108.36,108.2,107.29,103.62,100.59,0.2,2.7,110.04,104.54
VRSN,Verisign,Information Technology,Internet Services & Infrastructure,266.39,305.1,175.69,269.77,267.99,268.69,278.52,242.51,0.4,3.33,275.26,262.12
VRSK,Verisk Analytics,Industrials,Research & Consulting Services,267.07,320.87,260.0,270.38,267.73,269.61,290.21,290.9,0.0,6.19,283.6,255.6
VZ,Verizon,Communication Services,Integrated Telecommunication Services,44.23,45.06,36.62,44.74,44.28,43.55,42.61,41.36,0.4,2.35,45.27,41.83
VRTX,Vertex Pharmaceuticals,Health Care,Biotechnology,388.94,516.74,366.54,393.33,392.33,406.47,437.92,456.8,0.0,22.62,476.92,336.01
VTRS,Viatris,Health Care,Pharmaceuticals,10.55,12.87,7.08,10.57,10.47,9.75,9.3,9.84,-0.2,7.2,11.31,8.2
VICI,Vici Properties,Real Estate,Hotel & Resort REITs,33.5,33.93,27.46,33.06,32.85,32.94,32.87,31.04,0.2,0.75,33.75,32.13
V,Visa Inc.,Financials,Transaction & Payment Processing Services,348.82,372.65,265.57,345.79,344.09,342.3,347.5,337.17,0.6,1.14,352.8,331.82
VST,Vistra Corp.,Utilities,Electric Utilities,190.08,214.06,73.19,191.45,197.07,201.23,194.04,157.29,0.2,13.29,215.34,187.12
VMC,Vulcan Materials Company,Materials,Construction Materials,290.3,295.15,219.65,290.02,291.13,285.17,272.5,263.18,0.2,3.1,299.3,271.03
WRB,W. R. Berkley Corporation,Financials,Property & Casualty Insurance,71.13,74.57,55.33,72.0,71.42,70.58,70.56,65.59,0.2,2.43,72.86,68.3
GWW,W. W. Grainger,Industrials,Industrial Machinery & Supplies & Components,1013.45,1212.97,915.74,1004.88,988.98,980.26,1015.7,1050.57,0.0,4.06,1054.6,905.9
WAB,Wabtec,Industrials,Construction Machinery & Heavy Transportation Equipment,193.31,214.1,159.81,193.2,192.27,190.91,200.92,194.29,0.6,1.26,195.75,186.06
WBA,Walgreens Boots Alliance,Consumer Staples,Drug Retail,11.97,12.93,8.01,12.1,12.03,11.88,11.64,10.77,0.4,2.34,12.25,11.52
WMT,Walmart,Consumer Staples,Consumer Staples Merchandise Retail,96.07,104.27,74.85,98.94,100.02,100.16,97.74,93.99,0.0,9.23,104.94,95.39
DIS,Walt Disney Company (The),Communication Services,Movies & Entertainment,117.71,124.01,81.37,117.22,116.47,116.53,119.01,108.95,0.4,2.85,121.06,112.0
WBD,Warner Bros. Discovery,Communication Services,Broadcasting,12.04,13.7,6.94,11.76,11.75,12.09,11.86,10.41,0.4,12.46,13.54,10.63
WM,Waste Management,Industrials,Environmental & Facilities Services,224.04,241.26,199.11,227.84,227.92,230.13,229.31,224.24,0.2,5.83,237.1,223.17
WAT,Waters Corporation,Health Care,Life Sciences Tools & Services,298.95,417.28,277.72,297.21,294.28,290.36,313.23,355.51,0.0,2.43,306.21,274.52
WEC,WEC Energy Group,Utilities,Electric Utilities,106.96,110.37,89.51,108.27,108.08,108.5,106.22,101.9,0.0,3.2,110.38,106.61
WFC,Wells Fargo,Financials,Diversified Banks,80.19,83.83,50.45,78.56,78.41,78.45,79.1,73.88,0.4,1.56,81.44,75.45
WELL,Welltower,Real Estate,Health Care REITs,164.9,168.94,115.67,165.17,164.08,165.51,158.89,145.07,0.2,2.93,169.73,161.3
WST,West Pharmaceutical Services,Health Care,Health Care Supplies,247.21,347.02,190.04,246.21,245.27,243.48,232.57,257.93,-0.2,1.89,251.88,235.06
WDC,Western Digital,Information Technology,"Technology Hardware, Storage & Peripherals",79.22,79.22,30.48,76.47,76.19,75.51,68.9,52.61,0.2,0.33,79.48,71.54
WY,Weyerhaeuser,Real Estate,Timber REITs,26.5,33.15,24.49,26.29,26.13,25.8,25.96,27.75,-0.2,0.91,26.74,24.86
WSM,"Williams-Sonoma, Inc.",Consumer Discretionary,Homefurnishing Retail,197.96,215.83,126.49,200.11,202.8,199.22,180.52,174.89,0.2,7.05,211.92,186.53
WMB,Williams Companies,Energy,Oil & Gas Storage & Transportation,56.83,62.87,42.67,57.1,57.24,58.13,58.74,57.07,0.2,6.25,60.38,55.87
WTW,Willis Towers Watson,Financials,Insurance Brokers,336.46,339.25,278.22,336.81,333.88,326.32,313.35,315.9,0.0,3.15,347.06,305.57
WDAY,"Workday, Inc.",Information Technology,Application Software,223.39,279.91,210.47,225.9,224.71,225.59,232.16,248.65,-0.2,6.6,238.13,213.06
WYNN,Wynn Resorts,Consumer Discretionary,Casinos & Gaming,118.36,118.36,65.78,113.58,112.02,109.89,104.87,90.45,0.4,-2.2,115.76,104.02
XEL,Xcel Energy,Utilities,Multi-Utilities,73.03,74.26,57.95,73.37,72.87,73.04,70.52,68.53,0.0,1.73,74.29,71.79
XYL,Xylem Inc.,Industrials,Industrial Machinery & Supplies & Components,142.67,144.62,102.53,142.07,142.08,141.52,134.48,124.89,0.2,4.24,148.72,134.32
YUM,Yum! Brands,Consumer Discretionary,Restaurants,146.89,161.74,122.07,148.82,147.53,145.5,146.13,142.84,0.2,3.47,151.99,139.0
ZBRA,Zebra Technologies,Information Technology,Electronic Equipment & Instruments,319.55,421.11,213.54,313.53,319.67,321.67,318.18,327.29,-0.2,7.92,344.86,298.47
ZBH,Zimmer Biomet,Health Care,Health Care Equipment,107.32,115.11,89.98,105.89,104.19,99.29,95.78,101.84,-0.2,3.03,110.57,88.01
ZTS,Zoetis,Health Care,Pharmaceuticals,155.19,194.12,143.44,155.97,154.16,151.18,153.7,161.68,0.0,2.05,158.37,143.99
