Symbol,Company,GICS_Sector,GICS_Sub_Industry,Current_Price,High_52_Week,Low_52_Week,SMA5,SMA10,SMA20,SMA50,SMA200,Score,Target_Pcnt,Target_Price,Stop_Loss
MMM,3M,Industrials,Industrial Conglomerates,151.41,159.47,122.31,151.45,153.61,154.37,154.84,147.27,0.0,5.16,159.22,149.51
AOS,A. O. Smith,Industrials,Building Products,69.36,79.39,59.04,68.56,70.08,71.35,71.94,67.9,-0.2,8.23,75.07,67.62
ABT,Abbott Laboratories,Health Care,Health Care Equipment,127.63,138.33,109.61,130.51,131.85,132.77,131.93,128.95,0.0,6.94,136.49,129.04
ABBV,AbbVie,Health Care,Biotechnology,226.87,242.63,159.42,227.62,228.86,226.75,215.55,193.61,0.2,5.36,239.03,214.46
ACN,Accenture,Information Technology,IT Consulting & Other Services,234.02,394.31,232.56,240.49,245.22,242.98,246.42,300.3,0.0,8.61,254.17,231.79
ADBE,Adobe Inc.,Information Technology,Application Software,329.23,552.96,329.23,334.53,341.41,349.05,350.78,387.9,0.0,12.3,369.73,328.36
AMD,Advanced Micro Devices,Information Technology,Semiconductors,234.56,238.6,78.21,224.51,217.09,189.37,174.95,132.49,0.0,7.55,252.27,126.47
AES,AES Corporation,Utilities,Independent Power Producers & Energy Traders,14.82,16.89,9.5,14.49,14.5,14.0,13.44,11.73,0.2,4.32,15.46,12.53
AFL,Aflac,Financials,Life & Health Insurance,106.73,113.07,97.56,109.85,111.07,110.44,108.11,104.87,-0.4,6.74,113.92,106.97
A,Agilent Technologies,Health Care,Life Sciences Tools & Services,141.1,151.65,98.88,138.73,139.64,133.61,126.59,122.67,0.2,5.15,148.37,118.85
APD,Air Products,Materials,Industrial Gases,253.18,331.69,245.41,258.11,263.51,268.11,280.79,285.22,0.0,12.52,284.88,251.33
ABNB,Airbnb,Consumer Discretionary,"Hotels, Resorts & Cruise Lines",122.89,161.42,105.69,121.42,120.77,122.02,123.68,129.43,0.0,2.82,126.36,117.68
AKAM,Akamai Technologies,Information Technology,Internet Services & Infrastructure,72.96,106.67,68.21,73.55,75.26,75.72,76.06,81.15,0.0,7.85,78.69,72.74
ALB,Albemarle Corporation,Materials,Specialty Chemicals,95.29,108.94,50.16,95.18,93.49,88.59,83.11,73.11,0.2,5.11,100.16,77.01
ARE,Alexandria Real Estate Equities,Real Estate,Office REITs,75.23,115.36,65.57,74.86,76.58,80.22,79.64,81.11,-0.1,17.97,88.75,71.68
ALGN,Align Technology,Health Care,Health Care Supplies,129.84,240.52,124.88,128.68,130.25,129.06,134.84,173.64,-0.2,3.09,133.85,124.26
ALLE,Allegion,Industrials,Building Products,177.5,179.33,118.08,175.47,176.28,176.38,172.86,145.54,0.0,1.27,179.75,172.99
LNT,Alliant Energy,Utilities,Electric Utilities,67.6,68.63,54.87,67.99,67.81,66.78,65.72,62.01,0.2,2.74,69.45,64.11
ALL,Allstate,Financials,Property & Casualty Insurance,194.88,214.65,178.34,203.23,206.89,208.39,205.55,197.68,0.0,11.42,217.14,199.63
GOOGL,Alphabet Inc. (Class A),Communication Services,Interactive Media & Services,251.46,254.72,144.4,245.73,245.63,246.62,230.1,188.52,0.0,1.39,254.96,238.28
GOOG,Alphabet Inc. (Class C),Communication Services,Interactive Media & Services,251.88,255.24,146.27,246.38,246.47,247.33,230.74,189.83,0.0,1.46,255.56,239.09
MO,Altria,Consumer Staples,Tobacco,64.26,66.65,45.73,65.2,65.49,65.41,65.27,57.69,0.0,3.95,66.8,64.03
AMZN,Amazon,Consumer Discretionary,Broadline Retail,214.47,242.06,167.32,216.57,219.8,221.04,225.73,214.29,0.0,6.97,229.42,212.66
AMCR,Amcor,Materials,Paper & Plastic Packaging Products & Materials,8.14,10.94,7.82,8.04,8.02,8.08,8.42,9.17,-0.2,2.09,8.31,7.84
AEE,Ameren,Utilities,Multi-Utilities,105.21,105.39,83.42,104.41,104.2,102.96,101.21,96.91,0.2,1.35,106.63,99.29
AEP,American Electric Power,Utilities,Electric Utilities,117.53,118.53,87.97,117.66,117.13,113.39,111.79,104.4,0.2,3.58,121.74,105.05
AXP,American Express,Financials,Consumer Finance,323.12,341.44,230.22,325.2,326.03,331.56,323.12,298.78,0.2,7.2,346.38,316.75
AIG,American International Group,Financials,Multi-line Insurance,77.02,86.75,68.89,80.86,81.96,79.92,79.66,79.58,-0.2,10.45,85.07,74.78
AMT,American Tower,Real Estate,Telecom Tower REITs,191.47,230.32,169.21,187.58,187.16,189.64,195.83,202.42,0.2,2.26,195.8,183.49
AWK,American Water Works,Utilities,Water Utilities,143.21,150.19,118.87,141.98,141.12,138.71,140.71,137.75,0.0,0.82,144.38,133.04
AMP,Ameriprise Financial,Financials,Asset Management & Custody Banks,467.73,569.83,419.45,479.35,486.19,489.56,498.2,506.91,-0.2,7.8,504.21,474.89
AME,Ametek,Industrials,Electrical Components & Equipment,184.49,196.08,150.9,183.51,183.22,185.03,185.43,179.07,0.0,2.87,189.78,180.28
AMGN,Amgen,Health Care,Biotechnology,295.81,321.88,252.22,293.9,294.71,289.04,286.36,286.12,0.0,3.57,306.37,271.7
APH,Amphenol,Information Technology,Electronic Components,127.36,127.36,58.9,124.24,124.34,123.87,116.96,88.86,0.2,-0.26,127.03,120.71
ADI,Analog Devices,Information Technology,Semiconductors,241.61,254.62,163.21,235.03,236.92,241.19,242.04,221.28,-0.4,4.64,252.82,229.56
AON,Aon plc,Financials,Insurance Brokers,343.12,407.61,334.44,354.59,359.52,357.33,363.65,367.3,-0.2,7.49,368.82,345.84
APA,APA Corporation,Energy,Oil & Gas Exploration & Production,23.0,25.12,13.62,22.78,23.69,23.95,22.76,20.06,-0.2,11.43,25.63,22.27
APO,Apollo Global Management,Financials,Asset Management & Custody Banks,120.84,176.82,107.9,123.37,124.38,130.86,134.67,140.98,-0.2,21.43,146.74,114.99
AAPL,Apple Inc.,Information Technology,"Technology Hardware, Storage & Peripherals",247.45,258.1,172.0,247.5,252.08,253.15,240.42,221.72,-0.2,5.71,261.58,244.74
AMAT,Applied Materials,Information Technology,Semiconductor Materials & Equipment,227.72,227.72,126.23,220.58,219.37,212.06,186.34,171.76,0.2,2.33,233.03,191.1
APP,AppLovin,Information Technology,Application Software,605.68,718.54,143.0,591.6,608.96,640.21,552.56,392.14,-0.2,19.99,726.76,553.7
APTV,Aptiv,Consumer Discretionary,Automotive Parts & Equipment,83.49,87.98,47.92,82.45,84.03,84.94,80.74,68.03,-0.2,6.35,88.79,81.1
ACGL,Arch Capital Group,Financials,Property & Casualty Insurance,86.23,103.2,84.99,90.55,91.43,90.52,90.66,91.37,-0.2,9.34,94.28,86.75
ADM,Archer Daniels Midland,Consumer Staples,Agricultural Products & Services,62.9,64.21,41.01,62.12,62.05,61.21,61.06,51.85,0.0,1.07,63.57,58.86
ANET,Arista Networks,Information Technology,Communications Equipment,146.01,158.23,64.37,145.95,148.56,146.79,142.1,108.45,0.0,7.2,156.52,137.04
AJG,Arthur J. Gallagher & Co.,Financials,Insurance Brokers,280.17,347.33,274.22,295.96,301.84,303.21,299.26,313.36,-0.1,12.93,316.4,290.03
AIZ,Assurant,Financials,Multi-line Insurance,207.7,225.29,178.36,215.83,217.48,216.09,213.27,202.48,-0.4,7.52,223.32,208.87
T,AT&T,Communication Services,Integrated Telecommunication Services,26.2,29.3,20.58,25.97,25.99,26.97,28.01,26.43,-0.2,11.22,29.14,24.8
ATO,Atmos Energy,Utilities,Gas Utilities,176.37,179.19,134.17,177.05,175.43,171.34,167.49,154.23,0.2,2.55,180.87,161.81
ADSK,Autodesk,Information Technology,Application Software,299.82,326.79,238.84,304.59,310.12,315.8,308.2,292.44,-0.2,10.47,331.21,300.39
ADP,Automatic Data Processing,Industrials,Human Resource & Employment Services,280.16,323.5,273.96,283.97,287.12,289.28,295.02,299.59,-0.4,5.86,296.58,281.99
AZO,AutoZone,Consumer Discretionary,Automotive Retail,4007.91,4354.54,2981.19,4052.84,4073.47,4134.64,4149.11,3739.67,-0.2,7.7,4316.52,3952.76
AVB,AvalonBay Communities,Real Estate,Multi-Family Residential REITs,184.46,229.94,181.07,184.62,186.12,188.83,189.59,200.87,0.0,5.77,195.1,182.55
AVY,Avery Dennison,Materials,Paper & Plastic Packaging Products & Materials,159.34,215.53,157.49,159.04,160.55,161.29,166.74,174.66,0.0,3.52,164.95,157.64
AXON,Axon Enterprise,Industrials,Aerospace & Defense,652.17,870.97,423.5,682.97,702.8,717.03,745.35,677.63,-0.2,19.92,782.08,651.98
BKR,Baker Hughes,Energy,Oil & Gas Equipment & Services,44.64,50.55,34.6,44.89,46.64,47.84,45.99,42.12,0.0,15.75,51.67,44.02
BALL,Ball Corporation,Materials,"Metal, Glass & Plastic Containers",48.06,66.32,44.6,47.46,48.22,48.79,50.65,52.39,-0.2,5.99,50.94,46.64
BAC,Bank of America,Financials,Diversified Banks,50.44,52.42,34.0,50.06,50.13,50.9,49.79,45.06,0.2,5.33,53.13,48.68
BAX,Baxter International,Health Care,Health Care Equipment,22.97,36.11,21.61,22.52,22.78,22.72,23.47,28.69,0.0,3.31,23.73,21.71
BDX,Becton Dickinson,Health Care,Health Care Equipment,185.27,245.13,163.27,186.72,189.48,187.99,190.15,197.67,0.0,5.14,194.79,181.19
BRK-B,Berkshire Hathaway,Financials,Multi-Sector Holdings,488.81,539.8,442.29,492.45,495.99,496.44,491.47,492.58,-0.3,3.11,504.01,488.84
BBY,Best Buy,Consumer Discretionary,Computer & Electronics Retail,78.54,93.87,54.69,76.41,76.19,75.46,73.88,72.45,0.0,1.48,79.7,71.22
TECH,Bio-Techne,Health Care,Life Sciences Tools & Services,61.6,78.41,46.59,59.75,60.33,57.29,54.98,57.27,0.1,6.3,65.48,49.1
BIIB,Biogen,Health Care,Biotechnology,142.26,191.55,113.38,144.5,148.92,145.52,141.2,135.28,0.0,11.89,159.17,131.87
BLK,BlackRock,Financials,Asset Management & Custody Banks,1171.36,1202.59,807.61,1171.14,1169.43,1158.99,1137.65,1017.24,0.0,2.33,1198.65,1119.33
BX,Blackstone Inc.,Financials,Asset Management & Custody Banks,157.97,194.8,118.51,159.56,162.12,169.5,171.82,156.31,-0.2,19.16,188.24,150.76
XYZ,"Block, Inc.",Financials,Transaction & Payment Processing Services,74.54,98.92,46.53,75.31,77.22,76.25,76.12,69.86,0.0,8.37,80.78,71.72
BK,BNY Mellon,Financials,Asset Management & Custody Banks,106.72,109.75,72.47,106.72,106.64,107.59,105.48,90.79,0.0,3.48,110.43,104.75
BA,Boeing,Industrials,Aerospace & Defense,211.89,237.38,136.59,213.3,216.57,216.26,223.26,197.39,0.0,5.32,223.16,209.34
BKNG,Booking Holdings,Consumer Discretionary,"Hotels, Resorts & Cruise Lines",4952.31,5805.92,4149.83,5146.42,5213.52,5341.21,5458.63,5157.61,0.0,14.59,5674.85,5007.42
BSX,Boston Scientific,Health Care,Health Care Equipment,97.78,108.14,83.62,96.42,96.61,96.99,101.33,101.4,-0.2,1.09,98.85,95.13
BMY,Bristol Myers Squibb,Health Care,Pharmaceuticals,43.39,60.79,42.72,43.66,44.28,44.28,45.59,49.59,0.0,6.11,46.04,42.53
AVGO,Broadcom,Information Technology,Semiconductors,354.15,368.94,145.7,346.19,343.17,339.66,326.63,250.99,0.0,0.48,355.85,323.46
BR,Broadridge Financial Solutions,Industrials,Data Processing & Outsourced Services,226.38,265.85,206.47,231.68,233.59,235.44,247.36,238.73,-0.2,6.94,242.09,228.79
BRO,Brown & Brown,Financials,Insurance Brokers,87.42,124.07,87.42,93.32,94.3,93.61,94.26,105.99,0.0,11.36,97.35,89.86
BF-B,Brown–Forman,Consumer Staples,Distillers & Vintners,28.28,48.21,25.45,27.32,27.52,27.37,28.45,30.96,0.2,-0.21,28.22,26.52
BLDR,Builders FirstSource,Industrials,Building Products,122.95,198.25,105.63,124.11,126.04,123.86,132.72,130.88,0.2,6.9,131.43,116.29
BG,Bunge Global,Consumer Staples,Agricultural Products & Services,95.33,95.33,67.23,86.52,84.84,82.64,82.63,77.39,0.0,-4.28,91.25,74.03
BXP,"BXP, Inc.",Real Estate,Office REITs,70.39,85.21,55.53,70.45,72.07,73.57,71.52,67.87,0.0,10.48,77.77,69.37
CHRW,C.H. Robinson,Industrials,Air Freight & Logistics,125.99,137.09,85.99,126.34,129.82,131.66,128.07,104.87,0.0,10.02,138.61,124.71
CDNS,Cadence Design Systems,Information Technology,Application Software,324.25,373.37,231.64,326.67,337.81,347.41,349.08,307.05,-0.2,15.97,376.03,318.79
CPT,Camden Property Trust,Real Estate,Multi-Family Residential REITs,101.85,122.47,101.67,101.83,102.47,104.25,106.12,111.53,-0.2,6.23,108.2,100.3
CPB,Campbell's Company (The),Consumer Staples,Packaged Foods & Meats,30.71,46.62,29.8,30.28,30.61,31.35,31.97,34.46,-0.2,9.15,33.52,29.18
COF,Capital One,Financials,Consumer Finance,203.15,229.74,149.68,208.51,210.72,215.91,218.51,198.23,-0.2,13.33,230.23,201.59
CAH,Cardinal Health,Health Care,Health Care Distributors,153.27,167.08,106.36,154.86,155.56,154.42,151.61,143.37,0.0,4.74,160.53,148.31
KMX,CarMax,Consumer Discretionary,Automotive Retail,43.27,89.19,43.17,43.71,44.51,47.45,54.59,67.51,0.2,34.0,57.98,36.92
CCL,Carnival,Consumer Discretionary,"Hotels, Resorts & Cruise Lines",28.21,32.49,16.43,28.36,28.55,29.22,30.19,25.39,0.0,10.35,31.13,27.31
CARR,Carrier Global,Industrials,Building Products,56.75,80.73,55.21,57.0,58.15,58.79,62.32,66.66,0.0,7.7,61.12,56.45
CAT,Caterpillar Inc.,Industrials,Construction Machinery & Heavy Transportation Equipment,540.96,540.96,271.63,519.71,508.1,490.51,451.05,379.11,0.2,-1.06,535.23,445.78
CBOE,Cboe Global Markets,Financials,Financial Exchanges & Data,235.97,253.24,189.73,240.82,240.34,240.93,240.9,224.09,0.0,4.93,247.6,234.27
CBRE,CBRE Group,Real Estate,Real Estate Services,155.42,165.9,113.94,153.98,153.64,156.32,159.24,140.02,-0.2,5.29,163.64,149.0
CDW,CDW Corporation,Information Technology,Technology Distributors,151.1,218.1,143.46,148.56,152.34,156.76,161.8,171.55,0.0,11.28,168.14,145.36
COR,Cencora,Health Care,Health Care Distributors,319.4,319.61,223.33,318.39,313.34,308.49,299.16,279.13,0.0,1.94,325.6,291.38
CNC,Centene Corporation,Health Care,Managed Health Care,35.64,69.3,25.21,36.0,37.1,35.78,31.89,48.8,0.1,11.0,39.56,32.0
CNP,CenterPoint Energy,Utilities,Multi-Utilities,39.67,39.86,27.88,39.49,39.39,38.97,38.36,36.0,0.2,0.93,40.04,37.9
CF,CF Industries,Materials,Fertilizers & Agricultural Chemicals,83.02,101.88,67.67,86.15,88.42,88.6,86.46,85.55,0.0,12.95,93.77,83.43
CRL,Charles River Laboratories,Health Care,Life Sciences Tools & Services,174.95,220.69,99.75,170.69,172.15,163.69,159.98,154.64,0.2,6.13,185.67,141.71
SCHW,Charles Schwab Corporation,Financials,Investment Banking & Brokerage,93.41,98.69,68.65,93.32,93.65,93.95,94.75,85.89,0.2,3.03,96.24,91.66
CHTR,Charter Communications,Communication Services,Cable & Satellite,255.34,427.25,255.34,260.87,268.3,269.1,266.4,342.24,-0.1,11.07,283.61,254.59
CVX,Chevron Corporation,Energy,Integrated Oil & Gas,151.71,164.65,130.67,151.41,152.49,154.7,155.64,148.42,0.0,5.88,160.63,148.77
CMG,Chipotle Mexican Grill,Consumer Discretionary,Restaurants,41.76,66.16,38.58,41.27,41.26,40.45,41.12,49.56,0.0,1.51,42.39,38.5
CB,Chubb Limited,Financials,Property & Casualty Insurance,268.23,301.45,256.04,279.34,282.77,280.62,277.35,279.6,-0.3,8.35,290.63,270.61
CHD,Church & Dwight,Consumer Staples,Household Products,87.25,112.48,85.84,86.96,87.81,87.59,90.91,98.55,0.0,3.12,89.97,85.21
CI,Cigna,Health Care,Health Care Services,291.07,351.85,260.91,296.78,301.79,295.61,295.58,303.39,-0.1,6.99,311.42,279.8
CINF,Cincinnati Financial,Financials,Property & Casualty Insurance,151.39,165.69,125.14,156.67,160.48,158.49,154.91,144.78,-0.2,9.99,166.51,150.46
CTAS,Cintas,Industrials,Diversified Support Services,184.36,227.2,181.05,187.19,192.73,197.63,205.59,207.77,0.0,14.44,210.98,184.29
CSCO,Cisco,Information Technology,Communications Equipment,69.09,71.36,52.55,68.53,68.88,68.19,67.92,63.33,0.0,1.53,70.15,66.23
C,Citigroup,Financials,Diversified Banks,96.26,103.49,57.29,97.18,97.21,99.46,97.41,81.52,0.2,9.38,105.29,93.63
CFG,Citizens Financial Group,Financials,Regional Banks,48.39,54.0,33.59,50.28,51.62,52.37,51.21,44.56,-0.2,14.3,55.31,49.43
CLX,Clorox,Consumer Staples,Household Products,117.6,165.31,116.82,119.16,119.77,121.06,121.74,134.02,0.0,6.12,124.8,117.31
CME,CME Group,Financials,Financial Exchanges & Data,262.51,288.01,211.73,268.11,266.47,266.32,267.31,261.69,0.0,4.15,273.4,259.22
CMS,CMS Energy,Utilities,Multi-Utilities,74.75,75.31,63.54,74.41,73.78,72.73,72.27,70.4,0.0,0.96,75.47,69.99
KO,Coca-Cola Company (The),Consumer Staples,Soft Drinks & Non-alcoholic Beverages,67.59,72.82,59.48,67.2,66.81,66.54,67.64,67.91,0.2,-0.09,67.53,65.55
CTSH,Cognizant,Information Technology,IT Consulting & Other Services,65.47,89.65,65.47,66.33,67.2,67.23,69.19,75.66,-0.4,5.22,68.89,65.56
COIN,Coinbase,Financials,Financial Exchanges & Data,330.25,419.78,151.47,344.42,363.82,348.17,327.88,277.91,0.0,20.61,398.31,298.03
CL,Colgate-Palmolive,Consumer Staples,Household Products,78.08,99.32,76.98,77.81,77.94,78.91,82.1,87.47,0.0,4.14,81.31,76.51
CMCSA,Comcast,Communication Services,Cable & Satellite,29.26,43.5,29.26,29.57,30.13,30.63,31.96,33.81,0.0,9.43,32.02,29.23
CAG,Conagra Brands,Consumer Staples,Packaged Foods & Meats,18.27,28.6,18.04,18.38,18.58,18.53,18.91,22.05,0.0,5.31,19.24,17.81
COP,ConocoPhillips,Energy,Oil & Gas Exploration & Production,86.91,110.98,81.29,87.85,90.92,92.84,93.97,93.42,0.0,14.39,99.42,86.26
ED,Consolidated Edison,Utilities,Multi-Utilities,101.07,111.42,85.77,101.7,100.83,99.62,99.55,100.09,0.1,1.92,103.01,96.24
STZ,Constellation Brands,Consumer Staples,Distillers & Vintners,139.32,240.13,131.78,140.44,140.9,137.82,148.54,170.35,0.0,4.4,145.45,130.18
CEG,Constellation Energy,Utilities,Electric Utilities,396.53,403.95,170.52,387.89,377.59,357.95,334.14,289.85,0.2,2.05,404.66,311.24
COO,Cooper Companies (The),Health Care,Health Care Supplies,71.56,108.56,64.32,69.84,69.88,68.93,69.52,78.38,0.0,-0.18,71.43,66.44
CPRT,Copart,Industrials,Diversified Support Services,44.06,63.84,43.88,44.27,44.41,44.75,46.59,52.56,0.0,3.9,45.78,43.72
GLW,Corning Inc.,Information Technology,Electronic Components,86.72,87.19,38.69,85.29,85.47,83.03,74.82,55.45,0.0,2.21,88.64,77.43
CPAY,Corpay,Financials,Transaction & Payment Processing Services,277.5,389.55,277.5,283.54,286.69,290.46,305.21,332.09,-0.2,9.16,302.92,278.0
CTVA,Corteva,Materials,Fertilizers & Agricultural Chemicals,61.0,76.93,54.65,62.02,62.92,65.22,69.5,66.48,-0.2,17.26,71.53,58.91
CSGP,CoStar Group,Real Estate,Real Estate Services,74.35,96.83,69.29,75.21,77.91,81.25,86.0,80.7,0.0,20.39,89.51,72.98
COST,Costco,Consumer Staples,Consumer Staples Merchandise Retail,925.62,1073.97,869.72,938.54,929.15,930.53,951.08,970.5,0.0,3.62,959.13,901.93
CTRA,Coterra,Energy,Oil & Gas Exploration & Production,22.58,29.06,21.94,22.98,23.44,23.5,23.79,25.26,0.0,8.15,24.42,22.58
CRWD,CrowdStrike,Information Technology,Systems Software,482.23,514.1,296.87,492.49,495.2,491.91,453.98,427.45,-0.2,6.23,512.27,471.54
CCI,Crown Castle,Real Estate,Telecom Tower REITs,98.06,112.64,81.15,97.42,96.47,95.69,97.1,96.54,-0.2,0.41,98.46,92.92
CSX,CSX Corporation,Industrials,Rail Transportation,35.99,36.37,26.47,35.88,35.97,35.17,34.33,32.06,0.2,3.64,37.3,33.04
CMI,Cummins,Industrials,Construction Machinery & Heavy Transportation Equipment,422.67,438.88,264.26,416.96,425.37,423.77,409.83,350.77,-0.2,3.97,439.45,408.08
CVS,CVS Health,Health Care,Health Care Services,81.37,81.37,42.33,79.61,78.32,77.09,73.46,64.6,0.2,-0.9,80.64,73.53
DHR,Danaher Corporation,Health Care,Life Sciences Tools & Services,210.92,272.73,174.06,206.15,207.57,200.36,201.0,203.45,0.0,5.01,221.49,179.24
DRI,Darden Restaurants,Consumer Discretionary,Restaurants,187.45,222.41,154.1,185.8,187.39,187.31,198.39,198.23,0.0,3.22,193.49,181.13
DDOG,Datadog,Information Technology,Application Software,151.17,168.65,87.0,159.0,158.69,150.29,139.87,127.13,0.4,12.51,170.08,130.5
DVA,DaVita,Health Care,Health Care Services,125.25,177.35,123.91,125.15,127.04,129.38,132.37,144.16,-0.2,8.14,135.45,123.33
DAY,Dayforce,Industrials,Human Resource & Employment Services,68.32,81.8,49.33,68.26,68.54,68.7,66.46,61.81,-0.2,1.38,69.26,68.13
DECK,Deckers Brands,Consumer Discretionary,Footwear,99.06,223.11,95.07,97.63,99.17,103.16,108.8,125.71,-0.2,15.14,114.06,92.25
DE,Deere & Company,Industrials,Agricultural & Farm Machinery,457.16,527.96,384.05,447.81,453.77,458.63,473.61,478.38,-0.2,3.85,474.76,442.49
DELL,Dell Technologies,Information Technology,"Technology Hardware, Storage & Peripherals",151.31,164.53,70.88,151.55,151.56,144.2,135.91,114.58,0.2,8.09,163.55,124.86
DAL,Delta Air Lines,Industrials,Passenger Airlines,60.4,68.45,35.65,59.91,58.84,58.25,59.05,54.16,-0.2,1.59,61.36,55.15
DVN,Devon Energy,Energy,Oil & Gas Exploration & Production,32.03,40.08,26.43,32.61,33.68,34.36,34.36,33.37,0.2,14.92,36.81,31.91
DXCM,Dexcom,Health Care,Health Care Equipment,66.33,90.75,59.83,65.65,66.36,66.9,73.61,78.86,0.0,4.21,69.12,64.67
FANG,Diamondback Energy,Energy,Oil & Gas Exploration & Production,139.44,181.42,117.58,141.03,144.39,143.83,141.98,145.59,0.1,7.8,150.32,137.34
DLR,Digital Realty,Real Estate,Data Center REITs,173.96,190.11,134.22,172.22,173.9,173.14,169.4,164.4,0.0,1.96,177.37,168.92
DG,Dollar General,Consumer Staples,Consumer Staples Merchandise Retail,103.88,115.62,67.25,103.0,100.53,101.18,106.34,94.35,0.2,2.1,106.06,96.3
DLTR,Dollar Tree,Consumer Staples,Consumer Staples Merchandise Retail,94.03,117.16,61.21,93.16,90.53,92.19,101.32,88.63,0.2,5.06,98.79,85.59
D,Dominion Energy,Utilities,Multi-Utilities,60.62,61.69,48.51,61.23,61.09,60.84,60.22,55.71,0.0,2.28,62.0,59.67
DPZ,Domino's,Consumer Discretionary,Restaurants,416.95,493.69,397.61,414.65,415.31,422.0,438.5,452.79,0.0,5.5,439.88,404.12
DASH,DoorDash,Consumer Discretionary,Specialized Consumer Services,266.67,281.74,148.87,269.87,273.56,269.84,259.74,216.92,0.0,5.62,281.66,258.04
DOV,Dover Corporation,Industrials,Industrial Machinery & Supplies & Components,166.13,204.71,150.28,162.79,163.87,165.84,172.5,179.97,-0.2,3.11,171.3,160.4
DOW,Dow Inc.,Materials,Commodity Chemicals,21.9,49.36,20.57,21.62,22.25,22.64,23.24,29.31,0.0,10.5,24.2,21.09
DHI,D. R. Horton,Consumer Discretionary,Homebuilding,152.92,192.41,114.44,153.81,158.68,163.42,166.81,139.3,-0.2,16.74,178.52,148.32
DTE,DTE Energy,Utilities,Multi-Utilities,141.5,142.46,113.22,141.23,141.2,139.96,138.02,131.69,0.2,1.58,143.74,136.19
DUK,Duke Energy,Utilities,Electric Utilities,127.4,128.67,102.96,127.4,126.04,124.28,123.22,116.79,0.2,0.95,128.61,119.95
DD,DuPont,Materials,Specialty Chemicals,78.13,84.81,54.51,76.78,77.95,77.7,76.26,72.71,0.2,4.02,81.27,74.14
EMN,Eastman Chemical Company,Materials,Specialty Chemicals,60.16,105.92,58.06,59.93,61.31,62.34,64.49,78.01,-0.2,9.52,65.89,58.78
ETN,Eaton Corporation,Industrials,Electrical Components & Equipment,375.59,391.62,244.95,375.22,375.44,373.51,362.54,329.7,-0.2,1.86,382.58,364.46
EBAY,eBay Inc.,Consumer Discretionary,Broadline Retail,91.18,100.46,56.61,90.2,91.02,90.93,92.87,75.91,0.0,3.04,93.95,87.92
ECL,Ecolab,Materials,Specialty Chemicals,270.62,284.78,224.56,271.93,274.89,272.15,273.89,259.08,-0.2,3.84,281.01,263.28
EIX,Edison International,Utilities,Electric Utilities,56.72,83.47,46.84,55.06,54.4,54.31,54.41,53.91,0.0,-0.18,56.62,52.0
EW,Edwards Lifesciences,Health Care,Health Care Equipment,72.65,81.83,65.75,73.17,74.71,75.2,77.53,74.84,-0.2,7.78,78.3,72.1
EA,Electronic Arts,Communication Services,Interactive Home Entertainment,200.35,202.05,116.08,200.32,200.28,192.94,180.01,152.55,0.0,8.99,218.36,167.51
ELV,Elevance Health,Health Care,Managed Health Care,348.18,488.04,273.17,350.56,353.12,338.2,319.39,366.25,0.1,6.42,370.53,305.85
EME,Emcor,Industrials,Construction & Engineering,687.22,694.77,341.52,678.4,676.41,659.59,636.13,505.19,0.0,1.96,700.69,618.52
EMR,Emerson Electric,Industrials,Electrical Components & Equipment,128.89,149.04,93.37,128.62,130.86,131.03,131.96,123.77,-0.2,4.99,135.32,126.74
ETR,Entergy,Utilities,Electric Utilities,96.02,97.65,64.76,96.26,96.24,93.95,90.92,84.21,0.2,3.38,99.27,88.64
EOG,EOG Resources,Energy,Oil & Gas Exploration & Production,107.25,134.72,102.81,108.56,109.69,112.12,116.63,118.86,0.0,10.37,118.37,105.87
EPAM,EPAM Systems,Information Technology,IT Consulting & Other Services,142.2,267.63,142.2,144.25,147.93,150.73,158.42,181.78,-0.2,12.1,159.41,142.05
EQT,EQT Corporation,Energy,Oil & Gas Exploration & Production,53.24,60.26,35.15,53.75,55.05,54.12,52.43,52.52,-0.3,9.73,58.42,49.82
EFX,Equifax,Industrials,Research & Consulting Services,227.2,288.08,204.69,228.19,232.59,242.99,246.22,250.56,-0.2,17.59,267.16,218.82
EQIX,Equinix,Real Estate,Data Center REITs,812.77,968.75,731.64,811.86,802.69,794.7,784.79,832.73,-0.1,1.2,822.52,766.88
EQR,Equity Residential,Real Estate,Multi-Family Residential REITs,61.5,74.44,60.55,61.91,62.19,63.25,63.77,66.59,0.0,6.6,65.56,60.94
ERIE,Erie Indemnity,Financials,Insurance Brokers,311.93,517.76,310.72,319.05,319.68,317.04,334.22,368.15,0.2,4.42,325.72,308.36
ESS,Essex Property Trust,Real Estate,Multi-Family Residential REITs,257.6,305.43,249.65,257.51,259.66,262.04,261.14,274.84,0.1,4.27,268.6,255.48
EL,Estée Lauder Companies (The),Consumer Staples,Personal Care Products,96.8,96.8,49.61,93.49,92.66,89.88,89.56,75.91,0.0,0.59,97.37,82.39
EG,Everest Group,Financials,Reinsurance,340.85,384.58,324.54,348.77,353.89,349.36,343.12,344.3,-0.1,7.24,365.53,333.19
EVRG,Evergy,Utilities,Electric Utilities,77.5,78.65,57.24,77.84,77.55,75.9,73.38,67.55,0.2,3.05,79.86,71.94
ES,Eversource Energy,Utilities,Electric Utilities,71.36,73.49,52.98,71.5,72.15,70.86,66.71,61.77,0.2,4.5,74.57,67.15
EXC,Exelon,Utilities,Electric Utilities,47.36,47.83,35.25,47.3,46.76,45.5,44.61,43.04,0.0,2.07,48.34,42.67
EXE,Expand Energy,Energy,Oil & Gas Exploration & Production,98.59,120.67,80.65,101.51,104.64,104.36,99.33,103.59,-0.3,13.03,111.44,97.28
EXPE,Expedia Group,Consumer Discretionary,"Hotels, Resorts & Cruise Lines",213.57,228.24,136.05,216.22,216.95,218.12,214.39,183.52,0.2,5.75,225.85,210.4
EXPD,Expeditors International,Industrials,Air Freight & Logistics,118.25,125.62,102.14,116.02,118.65,120.06,120.68,115.15,0.0,6.6,126.05,114.07
EXR,Extra Space Storage,Real Estate,Self-Storage REITs,152.0,165.33,123.86,147.21,144.88,142.27,140.98,143.95,0.1,-1.55,149.64,134.9
XOM,ExxonMobil,Energy,Integrated Oil & Gas,110.64,118.64,98.11,111.5,112.62,113.13,111.43,108.32,0.2,5.16,116.35,109.91
FFIV,"F5, Inc.",Information Technology,Communications Equipment,295.35,343.17,213.57,328.33,331.13,328.43,323.0,292.05,-0.4,18.0,348.51,308.34
FDS,FactSet,Financials,Financial Exchanges & Data,278.01,490.93,275.01,283.37,281.56,284.72,334.95,414.54,0.2,5.85,294.27,275.17
FICO,Fair Isaac,Information Technology,Application Software,1620.14,2382.4,1311.26,1644.3,1720.57,1634.31,1522.61,1741.43,0.1,16.13,1881.47,1387.18
FAST,Fastenal,Industrials,Trading Companies & Distributors,41.96,50.39,35.0,43.01,45.24,46.65,47.9,41.8,-0.2,22.04,51.21,42.1
FRT,Federal Realty Investment Trust,Real Estate,Retail REITs,98.03,112.47,81.67,97.23,97.66,98.23,97.45,96.29,0.2,2.27,100.26,96.2
FDX,FedEx,Industrials,Air Freight & Logistics,236.91,298.15,195.55,232.33,237.26,236.52,230.96,233.99,0.1,4.22,246.91,226.14
FIS,Fidelity National Information Services,Financials,Transaction & Payment Processing Services,65.81,89.09,63.37,66.86,67.34,66.17,67.83,74.16,0.2,5.15,69.2,63.13
FITB,Fifth Third Bancorp,Financials,Regional Banks,40.36,46.72,32.73,42.07,42.96,43.87,43.92,40.63,-0.4,14.97,46.4,41.33
FSLR,First Solar,Information Technology,Semiconductors,237.79,244.4,120.38,231.74,231.19,226.13,209.74,169.65,0.2,1.37,241.05,211.22
FE,FirstEnergy,Utilities,Electric Utilities,46.79,47.69,37.17,47.18,46.79,45.74,44.39,41.05,0.2,3.4,48.38,43.09
FI,Fiserv,Financials,Transaction & Payment Processing Services,118.0,237.79,118.0,121.68,124.02,126.62,132.08,177.27,-0.2,13.28,133.67,119.56
F,Ford Motor Company,Consumer Discretionary,Automobile Manufacturers,11.74,12.7,8.45,11.62,11.86,11.87,11.69,10.37,0.0,7.16,12.58,11.17
FTNT,Fortinet,Information Technology,Systems Software,83.14,114.57,74.39,83.41,84.68,84.63,81.0,96.29,-0.1,4.53,86.91,82.35
FTV,Fortive,Industrials,Industrial Machinery & Supplies & Components,48.69,62.32,46.49,48.52,49.18,48.96,48.4,53.04,-0.1,3.68,50.48,47.44
FOXA,Fox Corporation (Class A),Communication Services,Broadcasting,57.0,63.06,41.32,57.61,59.19,60.4,59.28,54.54,0.2,12.6,64.18,56.62
FOX,Fox Corporation (Class B),Communication Services,Broadcasting,51.27,57.29,37.95,51.67,53.06,54.34,53.69,50.29,0.2,13.19,58.03,50.65
BEN,Franklin Resources,Financials,Asset Management & Custody Banks,22.1,25.67,16.21,22.66,23.09,23.18,24.1,21.35,-0.4,9.28,24.15,22.2
FCX,Freeport-McMoRan,Materials,Copper,41.7,47.85,28.82,41.72,41.47,40.59,42.43,39.69,0.0,11.03,46.3,34.88
GRMN,Garmin,Consumer Discretionary,Consumer Electronics,246.74,259.77,159.13,248.97,253.22,247.97,239.87,216.07,0.2,7.18,264.46,231.48
IT,Gartner,Information Technology,IT Consulting & Other Services,236.18,551.8,225.98,240.9,245.19,252.4,246.73,390.54,-0.1,14.54,270.52,234.27
GE,GE Aerospace,Industrials,Aerospace & Defense,299.84,305.26,158.97,297.81,298.79,299.04,285.16,233.6,0.0,1.8,305.24,292.84
GEHC,GE HealthCare,Health Care,Health Care Equipment,73.38,93.39,58.69,72.36,73.86,74.07,74.42,76.43,-0.2,5.41,77.35,70.78
GEV,GE Vernova,Industrials,Heavy Electrical Equipment,602.0,664.55,265.84,623.03,617.92,617.63,617.99,467.59,0.0,7.93,649.74,585.51
GEN,Gen Digital,Information Technology,Systems Software,26.47,32.03,23.31,26.71,27.07,27.86,29.27,28.01,0.0,11.94,29.63,26.09
GNRC,Generac,Industrials,Electrical Components & Equipment,192.64,202.85,101.92,182.47,175.23,172.91,182.59,148.92,0.2,-1.03,190.66,155.17
GD,General Dynamics,Industrials,Aerospace & Defense,330.59,344.98,238.33,333.09,338.07,333.48,324.99,284.48,-0.2,5.68,349.37,317.6
GIS,General Mills,Consumer Staples,Packaged Foods & Meats,47.71,68.11,47.71,48.3,48.88,49.27,49.14,53.44,-0.1,6.5,50.81,47.73
GM,General Motors,Consumer Discretionary,Automobile Manufacturers,57.34,61.34,42.24,56.65,57.12,58.61,57.78,51.09,0.0,8.88,62.43,54.78
GPC,Genuine Parts Company,Consumer Discretionary,Distributors,133.77,142.77,103.92,132.6,134.24,136.27,137.01,124.08,-0.2,6.28,142.17,130.36
GILD,Gilead Sciences,Health Care,Biotechnology,117.85,119.64,83.34,118.0,116.81,114.56,114.68,106.95,0.0,1.95,120.15,108.97
GPN,Global Payments,Financials,Transaction & Payment Processing Services,83.66,118.08,67.06,84.66,86.22,85.96,85.92,88.68,0.1,6.61,89.19,82.72
GL,Globe Life,Financials,Life & Health Insurance,133.61,146.27,102.63,136.81,136.37,139.8,139.79,126.54,0.2,10.49,147.63,131.98
GDDY,GoDaddy,Information Technology,Internet Services & Infrastructure,128.0,214.35,128.0,130.72,133.02,136.81,141.74,172.17,0.0,15.25,147.52,126.11
GS,Goldman Sachs,Financials,Investment Banking & Brokerage,758.09,806.32,457.48,769.58,778.08,787.64,762.81,644.9,-0.4,7.65,816.08,759.17
HAL,Halliburton,Energy,Oil & Gas Equipment & Services,21.82,31.1,18.96,22.22,23.14,23.69,22.5,22.85,-0.1,18.47,25.85,21.53
HIG,Hartford (The),Financials,Property & Casualty Insurance,123.99,134.7,105.0,128.32,130.45,131.3,131.23,122.17,0.0,9.57,135.86,126.74
HAS,Hasbro,Consumer Discretionary,Leisure Products,74.4,81.85,49.75,73.01,74.07,74.65,77.23,66.65,0.0,3.78,77.21,72.1
HCA,HCA Healthcare,Health Care,Health Care Facilities,419.6,437.57,294.93,416.81,422.99,419.97,408.16,359.51,0.2,4.19,437.18,402.74
DOC,Healthpeak Properties,Real Estate,Health Care REITs,18.45,21.7,16.44,18.22,18.62,18.73,18.03,18.19,-0.3,5.96,19.55,17.91
HSIC,Henry Schein,Health Care,Health Care Distributors,62.03,81.91,62.03,62.97,64.21,65.53,67.1,70.2,0.0,11.66,69.26,61.8
HSY,Hershey Company (The),Consumer Staples,Packaged Foods & Meats,186.8,195.56,141.22,189.83,192.2,190.43,186.1,169.71,0.0,5.35,196.79,184.05
HPE,Hewlett Packard Enterprise,Information Technology,"Technology Hardware, Storage & Peripherals",22.5,26.25,12.35,24.35,24.82,24.69,23.44,19.74,-0.4,16.36,26.18,23.2
HLT,Hilton Worldwide,Consumer Discretionary,"Hotels, Resorts & Cruise Lines",257.47,278.5,201.05,262.77,261.13,261.69,267.78,252.94,0.0,4.25,268.41,254.98
HOLX,Hologic,Health Care,Health Care Equipment,68.5,83.72,52.73,66.94,67.49,67.26,67.09,64.47,-0.2,0.74,69.01,65.51
HD,Home Depot (The),Consumer Discretionary,Home Improvement Retail,387.39,423.6,331.29,383.71,385.12,396.06,402.27,378.38,-0.2,8.66,420.94,371.19
HON,Honeywell,Industrials,Industrial Conglomerates,203.17,239.16,180.99,203.62,205.92,207.62,212.71,214.97,-0.2,5.1,213.53,201.71
HRL,Hormel Foods,Consumer Staples,Packaged Foods & Meats,23.75,32.19,23.26,23.6,23.71,24.02,25.57,28.23,0.0,4.38,24.79,23.24
HST,Host Hotels & Resorts,Real Estate,Hotel & Resort REITs,16.19,18.04,12.39,16.24,16.36,16.75,16.66,15.57,0.0,9.02,17.65,15.86
HWM,Howmet Aerospace,Industrials,Aerospace & Defense,191.68,196.23,99.44,190.21,190.27,191.3,183.58,156.54,-0.2,2.36,196.2,186.4
HPQ,HP Inc.,Information Technology,"Technology Hardware, Storage & Peripherals",27.2,37.77,21.42,27.45,27.11,27.22,27.32,27.37,-0.2,5.96,28.82,25.62
HUBB,Hubbell Incorporated,Industrials,Industrial Machinery & Supplies & Components,428.82,466.13,313.96,423.5,419.5,424.88,430.45,396.37,0.0,3.24,442.71,407.04
HUM,Humana,Health Care,Managed Health Care,267.28,310.91,219.64,268.46,280.51,267.98,278.68,259.97,-0.2,12.22,299.94,236.03
HBAN,Huntington Bancshares,Financials,Regional Banks,15.37,17.87,12.26,15.88,16.28,16.8,16.97,15.87,-0.4,17.76,18.1,15.5
HII,Huntington Ingalls Industries,Industrials,Aerospace & Defense,282.66,291.94,156.78,286.09,286.55,282.8,274.77,228.69,0.0,3.94,293.8,271.8
IBM,IBM,Information Technology,IT Consulting & Other Services,275.97,293.87,199.27,277.58,283.73,280.79,260.34,254.06,0.2,7.19,295.81,265.77
IEX,IDEX Corporation,Industrials,Industrial Machinery & Supplies & Components,165.03,232.54,156.86,162.77,164.29,162.58,162.68,179.09,-0.2,1.61,167.69,157.47
IDXX,Idexx Laboratories,Health Care,Health Care Equipment,637.34,682.78,361.04,632.57,630.78,632.87,640.5,514.68,0.0,2.28,651.87,613.87
ITW,Illinois Tool Works,Industrials,Industrial Machinery & Supplies & Components,246.94,271.83,215.75,246.42,250.76,255.08,258.93,250.2,-0.2,8.01,266.72,243.44
INCY,Incyte,Health Care,Biotechnology,87.31,88.15,55.17,85.99,86.13,85.37,84.88,71.71,0.2,1.53,88.65,82.08
IR,Ingersoll Rand,Industrials,Industrial Machinery & Supplies & Components,75.81,105.27,66.72,76.38,79.01,80.57,79.75,82.46,-0.1,13.49,86.04,75.1
PODD,Insulet Corporation,Health Care,Health Care Equipment,316.29,352.82,229.13,315.22,314.62,317.3,325.26,292.36,-0.2,5.19,332.71,301.92
INTC,Intel,Information Technology,Semiconductors,36.84,37.8,18.13,36.64,36.9,34.93,28.41,23.15,0.0,10.37,40.66,29.21
IBKR,Interactive Brokers,Financials,Investment Banking & Brokerage,68.52,72.62,35.97,69.44,70.12,68.44,65.31,54.25,0.0,7.08,73.37,63.51
ICE,Intercontinental Exchange,Financials,Financial Exchanges & Data,153.36,187.92,141.62,157.07,158.77,162.94,171.52,169.85,0.0,12.67,172.79,153.09
IFF,International Flavors & Fragrances,Materials,Specialty Chemicals,62.6,103.8,59.55,61.17,61.2,61.31,63.62,73.83,0.2,0.88,63.15,59.47
IP,International Paper,Materials,Paper & Plastic Packaging Products & Materials,46.64,58.45,43.05,46.32,46.37,46.24,47.06,49.3,0.0,1.24,47.22,45.27
IPG,Interpublic Group of Companies (The),Communication Services,Advertising,26.34,30.52,22.33,26.48,26.68,26.52,26.29,25.38,0.0,5.05,27.67,25.37
INTU,Intuit,Information Technology,Application Software,646.99,805.92,541.4,650.86,656.02,673.07,678.07,664.4,-0.2,10.01,711.75,634.4
ISRG,Intuitive Surgical,Health Care,Health Care Equipment,434.62,610.45,429.59,434.39,440.68,441.43,455.38,513.24,0.0,4.18,452.79,430.09
IVZ,Invesco,Financials,Asset Management & Custody Banks,22.8,24.13,11.86,23.12,23.58,23.16,22.22,17.55,0.2,7.19,24.44,21.88
INVH,Invitation Homes,Real Estate,Single-Family Residential REITs,28.45,34.81,27.94,28.31,28.28,28.7,29.5,31.44,0.0,4.22,29.65,27.74
IQV,IQVIA,Health Care,Life Sciences Tools & Services,205.75,236.69,137.0,203.11,203.17,195.47,190.63,177.23,0.2,4.88,215.79,175.14
IRM,Iron Mountain,Real Estate,Other Specialized REITs,105.79,124.18,75.72,103.78,104.63,103.28,96.94,94.94,0.0,1.47,107.35,99.22
JBHT,J.B. Hunt,Industrials,Cargo Ground Transportation,169.57,195.43,123.94,144.6,143.18,138.12,140.53,147.84,0.0,-8.78,154.68,121.57
JBL,Jabil,Information Technology,Electronic Manufacturing Services,209.74,234.45,116.78,202.22,202.92,211.74,212.33,179.71,-0.2,11.29,233.42,190.05
JKHY,Jack Henry & Associates,Financials,Transaction & Payment Processing Services,152.94,189.99,146.26,153.05,150.76,150.15,156.58,170.35,0.2,1.29,154.91,145.39
J,Jacobs Solutions,Industrials,Construction & Engineering,156.07,160.63,109.18,155.95,155.75,152.58,149.18,133.03,0.2,2.82,160.47,144.69
JNJ,Johnson & Johnson,Health Care,Pharmaceuticals,192.12,192.12,138.72,191.15,190.22,185.12,179.69,160.45,0.0,2.59,197.1,173.15
JCI,Johnson Controls,Industrials,Building Products,109.37,111.73,70.88,107.99,108.28,108.2,107.21,94.4,0.0,1.41,110.91,105.5
JPM,JPMorgan Chase,Financials,Diversified Banks,298.54,314.53,208.26,303.03,305.01,308.36,301.18,268.97,-0.2,6.28,317.29,299.42
K,Kellanova,Consumer Staples,Packaged Foods & Meats,82.92,82.95,76.96,82.86,82.83,81.04,80.0,80.29,-0.1,3.8,86.07,76.01
KVUE,Kenvue,Consumer Staples,Personal Care Products,14.11,24.0,14.11,15.88,16.0,16.31,18.67,21.12,0.0,26.72,17.88,14.74
KDP,Keurig Dr Pepper,Consumer Staples,Soft Drinks & Non-alcoholic Beverages,27.72,35.85,25.3,26.72,26.15,25.99,28.77,31.67,0.4,-1.77,27.23,24.76
KEY,KeyCorp,Financials,Regional Banks,16.78,19.23,12.92,17.46,17.91,18.33,18.47,16.77,-0.4,16.33,19.52,17.15
KEYS,Keysight Technologies,Information Technology,Electronic Equipment & Instruments,162.41,185.11,127.02,162.99,167.5,171.27,168.53,161.84,0.0,11.96,181.83,160.7
KMB,Kimberly-Clark,Consumer Staples,Household Products,119.7,144.6,119.27,119.73,120.33,121.83,126.58,130.33,-0.2,4.81,125.46,118.19
KIM,Kimco Realty,Real Estate,Retail REITs,21.61,24.65,18.27,21.31,21.34,21.51,21.68,21.05,0.0,2.08,22.06,20.95
KMI,Kinder Morgan,Energy,Oil & Gas Storage & Transportation,27.21,30.24,23.42,27.31,27.66,27.79,27.24,27.15,0.0,5.37,28.67,26.92
KKR,KKR & Co.,Financials,Asset Management & Custody Banks,117.52,166.38,92.52,121.24,123.43,130.08,136.8,131.65,-0.2,26.17,148.27,111.87
KLAC,KLA Corporation,Information Technology,Semiconductor Materials & Equipment,1098.8,1139.71,573.9,1043.85,1066.13,1072.58,977.21,816.4,0.0,4.44,1147.59,997.55
KHC,Kraft Heinz,Consumer Staples,Packaged Foods & Meats,25.13,34.07,25.04,25.2,25.29,25.75,26.45,27.46,-0.2,6.8,26.84,24.65
KR,Kroger,Consumer Staples,Food Retail,68.88,73.97,54.62,68.4,67.57,66.72,68.21,66.9,-0.2,0.81,69.44,63.99
LHX,L3Harris,Industrials,Aerospace & Defense,284.29,306.76,191.79,291.95,296.66,294.34,282.41,239.81,0.2,8.61,308.77,279.9
LH,Labcorp,Health Care,Health Care Services,283.71,287.06,211.06,280.15,278.77,279.41,276.22,252.03,0.2,0.47,285.04,273.78
LRCX,Lam Research,Information Technology,Semiconductor Materials & Equipment,142.37,149.15,58.83,138.93,141.35,137.17,118.1,91.01,0.0,6.15,151.13,123.21
LW,Lamb Weston,Consumer Staples,Packaged Foods & Meats,64.96,80.72,47.73,64.13,63.89,60.2,57.44,55.09,0.0,5.91,68.8,51.59
LVS,Las Vegas Sands,Consumer Discretionary,Casinos & Gaming,49.14,57.71,30.35,48.46,50.25,52.06,53.43,45.4,-0.2,15.65,56.83,47.28
LDOS,Leidos,Industrials,Diversified Support Services,184.41,199.29,125.82,186.44,191.51,189.57,183.88,155.72,0.0,7.87,198.92,180.21
LEN,Lennar,Consumer Discretionary,Homebuilding,122.87,179.83,101.41,120.87,121.83,123.57,128.71,118.41,-0.2,6.07,130.33,116.82
LII,Lennox International,Industrials,Building Products,523.94,672.47,505.24,526.1,536.57,532.74,555.56,577.54,0.2,6.05,555.64,509.86
LLY,Lilly (Eli),Health Care,Pharmaceuticals,819.38,925.78,624.28,822.24,834.08,795.52,747.64,783.96,-0.1,8.58,889.68,701.36
LIN,Linde plc,Materials,Industrial Gases,444.24,483.59,408.92,453.07,459.7,467.19,472.36,457.55,-0.2,9.59,486.84,447.53
LYV,Live Nation Entertainment,Communication Services,Movies & Entertainment,151.71,174.06,114.41,153.32,153.69,157.95,161.8,144.77,-0.2,10.46,167.58,148.32
LKQ,LKQ Corporation,Consumer Discretionary,Distributors,29.82,43.02,28.68,29.45,29.83,30.19,30.93,36.46,-0.2,5.8,31.55,28.83
LMT,Lockheed Martin,Industrials,Aerospace & Defense,493.25,597.79,407.77,501.34,505.83,497.29,469.05,458.42,0.2,5.37,519.74,474.84
L,Loews Corporation,Financials,Multi-line Insurance,98.17,103.05,76.29,100.66,101.56,100.4,97.74,89.96,-0.2,6.04,104.1,96.7
LOW,Lowe's,Consumer Discretionary,Home Improvement Retail,243.1,278.66,209.46,238.42,239.22,247.38,254.67,237.1,-0.4,9.55,266.32,228.44
LULU,Lululemon Athletica,Consumer Discretionary,"Apparel, Accessories & Luxury Goods",164.62,421.16,159.87,167.64,170.94,173.3,181.89,273.73,-0.2,10.3,181.58,165.04
LYB,LyondellBasell,Materials,Specialty Chemicals,45.86,84.84,44.91,46.09,47.41,48.66,51.59,59.93,-0.2,14.04,52.3,45.03
MTB,M&T Bank,Financials,Regional Banks,178.63,215.8,154.27,182.85,186.45,192.56,194.11,185.42,0.0,15.67,206.62,178.49
MPC,Marathon Petroleum,Energy,Oil & Gas Refining & Marketing,181.15,198.69,117.23,182.48,186.69,189.62,179.64,158.56,-0.2,10.38,199.95,179.28
MAR,Marriott International,Consumer Discretionary,"Hotels, Resorts & Cruise Lines",259.04,302.22,210.04,263.33,265.77,264.74,265.22,262.95,0.0,4.8,271.47,257.99
MMC,Marsh McLennan,Financials,Insurance Brokers,186.48,242.13,186.48,201.95,202.68,200.49,202.48,216.21,0.0,12.62,210.01,190.98
MLM,Martin Marietta Materials,Materials,Construction Materials,624.14,656.85,451.25,638.23,636.17,627.18,618.2,548.98,0.2,4.27,650.79,603.57
MAS,Masco,Industrials,Building Products,68.03,84.25,58.18,66.95,67.87,69.38,71.7,68.87,0.0,7.53,73.15,65.62
MA,Mastercard,Financials,Transaction & Payment Processing Services,549.88,598.17,477.88,559.47,567.44,569.74,579.02,556.42,-0.2,6.77,587.11,552.34
MTCH,Match Group,Communication Services,Interactive Media & Services,32.35,38.56,26.72,32.25,32.83,34.38,36.13,32.46,-0.2,17.53,38.02,30.75
MKC,McCormick & Company,Consumer Staples,Packaged Foods & Meats,66.6,83.15,63.86,65.76,66.12,65.81,67.74,72.97,-0.2,2.54,68.29,63.33
MCD,McDonald's,Consumer Discretionary,Restaurants,305.33,317.67,275.0,302.45,299.38,301.08,305.56,300.9,0.2,0.98,308.32,293.82
MCK,McKesson Corporation,Health Care,Health Care Distributors,775.44,791.93,496.98,776.46,762.55,753.9,713.5,679.91,0.0,3.25,800.64,707.18
MDT,Medtronic,Health Care,Health Care Equipment,95.04,98.43,78.03,95.59,96.68,95.76,93.99,88.49,0.0,3.56,98.42,93.1
MRK,Merck & Co.,Health Care,Pharmaceuticals,83.92,107.55,72.03,84.88,86.39,84.19,83.33,83.79,-0.1,9.7,92.06,76.32
META,Meta Platforms,Communication Services,Interactive Media & Services,712.07,789.47,483.96,711.85,714.99,731.19,747.95,671.31,-0.2,8.57,773.09,689.3
MET,MetLife,Financials,Life & Health Insurance,77.84,86.38,67.4,80.59,81.44,81.26,79.99,79.0,-0.2,7.63,83.78,78.73
MTD,Mettler Toledo,Health Care,Life Sciences Tools & Services,1359.61,1453.4,970.15,1305.01,1312.96,1278.79,1283.86,1221.39,-0.2,0.74,1369.67,1187.91
MGM,MGM Resorts,Consumer Discretionary,Casinos & Gaming,31.69,41.99,25.79,31.83,32.49,33.76,35.45,33.97,-0.2,15.94,36.74,30.78
MCHP,Microchip Technology,Information Technology,Semiconductors,65.35,76.79,34.83,63.99,65.08,64.99,65.05,59.32,0.0,3.55,67.67,62.3
MU,Micron Technology,Information Technology,Semiconductors,202.53,202.53,64.62,191.18,190.93,178.74,149.32,110.78,0.2,2.3,207.19,150.3
MSFT,Microsoft,Information Technology,Systems Software,511.61,534.76,353.33,512.72,518.08,515.95,512.11,454.42,0.0,3.01,527.01,504.9
MAA,Mid-America Apartment Communities,Real Estate,Multi-Family Residential REITs,131.43,165.69,131.43,132.34,133.37,135.62,138.51,148.39,0.0,7.18,140.87,130.37
MRNA,Moderna,Health Care,Biotechnology,27.14,57.46,23.51,26.94,27.35,26.66,25.96,29.79,0.1,6.82,28.99,24.33
MHK,Mohawk Industries,Consumer Discretionary,Home Furnishings,126.99,161.25,97.99,123.39,123.67,126.06,129.08,116.38,0.2,5.09,133.45,118.67
MOH,Molina Healthcare,Health Care,Managed Health Care,188.56,353.24,152.31,192.83,197.32,192.81,180.66,261.57,-0.3,9.74,206.93,178.68
TAP,Molson Coors Beverage Company,Consumer Staples,Brewers,47.04,61.78,44.09,46.43,46.2,45.77,48.19,52.69,-0.2,0.47,47.26,44.29
MDLZ,Mondelez International,Consumer Staples,Packaged Foods & Meats,61.6,70.19,54.9,61.6,61.77,62.28,61.86,63.24,0.1,3.59,63.81,60.74
MPWR,Monolithic Power Systems,Information Technology,Semiconductors,1026.83,1026.83,453.43,977.82,968.17,938.25,881.04,707.15,0.4,-0.75,1019.13,857.36
MNST,Monster Beverage,Consumer Staples,Soft Drinks & Non-alcoholic Beverages,70.16,70.16,46.16,68.84,68.44,67.05,64.98,59.17,0.2,0.83,70.74,63.37
MCO,Moody's Corporation,Financials,Financial Exchanges & Data,468.56,524.53,395.22,477.23,482.56,480.75,497.9,481.85,-0.4,5.19,492.88,468.63
MS,Morgan Stanley,Financials,Investment Banking & Brokerage,160.02,162.65,98.35,157.0,156.86,157.96,152.8,133.51,-0.2,1.96,163.16,152.77
MOS,Mosaic Company (The),Materials,Fertilizers & Agricultural Chemicals,29.43,37.55,22.47,30.1,32.4,33.47,33.02,30.78,0.0,27.73,37.59,29.35
MSI,Motorola Solutions,Information Technology,Communications Equipment,437.21,499.65,392.79,449.86,453.77,457.0,463.98,437.77,-0.4,8.67,475.12,438.89
MSCI,MSCI Inc.,Financials,Financial Exchanges & Data,533.34,630.0,503.37,546.32,555.09,559.69,562.57,563.65,-0.2,8.45,578.41,540.97
NDAQ,"Nasdaq, Inc.",Financials,Financial Exchanges & Data,87.94,96.67,66.01,89.08,89.09,88.58,91.98,83.68,0.2,3.41,90.94,86.23
NTAP,NetApp,Information Technology,"Technology Hardware, Storage & Peripherals",119.4,128.5,75.4,118.84,119.35,120.05,116.58,105.7,-0.4,4.58,124.87,115.22
NFLX,Netflix,Communication Services,Movies & Entertainment,1183.59,1339.13,687.65,1208.27,1199.43,1201.44,1213.16,1106.98,0.2,5.35,1246.91,1156.0
NEM,Newmont,Materials,Gold,98.27,98.27,36.49,91.39,89.29,86.83,78.61,57.42,0.2,-3.97,94.37,79.29
NWSA,News Corp (Class A),Communication Services,Publishing,25.91,31.03,23.89,26.2,26.83,28.52,29.06,28.19,0.0,24.55,32.27,24.77
NWS,News Corp (Class B),Communication Services,Publishing,29.48,35.06,27.33,29.64,30.32,31.97,32.87,32.16,-0.2,21.0,35.67,28.27
NEE,NextEra Energy,Utilities,Multi-Utilities,85.05,85.79,63.11,84.63,83.63,79.24,75.14,70.92,0.0,4.5,88.88,69.61
NKE,"Nike, Inc.",Consumer Discretionary,"Apparel, Accessories & Luxury Goods",66.84,82.12,52.64,67.11,68.47,69.78,73.02,68.85,-0.2,11.16,74.3,65.26
NI,NiSource,Utilities,Multi-Utilities,43.22,44.17,33.44,43.06,43.37,42.82,42.07,39.6,0.2,3.35,44.67,40.96
NDSN,Nordson Corporation,Industrials,Industrial Machinery & Supplies & Components,232.0,260.48,166.29,231.18,232.24,229.22,224.17,210.41,-0.4,2.13,236.94,221.51
NSC,Norfolk Southern,Industrials,Rail Transportation,288.49,300.41,204.09,289.29,293.36,294.12,284.97,253.46,-0.2,5.21,303.52,284.72
NTRS,Northern Trust,Financials,Asset Management & Custody Banks,124.57,134.6,83.34,127.04,129.3,130.7,129.14,112.36,0.0,9.19,136.02,125.37
NOC,Northrop Grumman,Industrials,Aerospace & Defense,598.98,637.95,427.78,615.44,619.99,605.32,591.44,515.53,0.2,7.37,643.12,567.54
NCLH,Norwegian Cruise Line Holdings,Consumer Discretionary,"Hotels, Resorts & Cruise Lines",22.85,29.07,15.5,23.13,23.5,24.23,24.66,22.22,0.0,13.7,25.98,22.47
NRG,NRG Energy,Utilities,Independent Power Producers & Energy Traders,169.93,173.91,83.06,167.21,166.47,166.05,157.9,131.48,0.0,1.31,172.16,159.94
NUE,Nucor,Materials,Steel,132.66,164.83,102.37,135.71,136.4,135.93,140.43,128.55,0.2,5.25,139.62,132.24
NVDA,Nvidia,Information Technology,Semiconductors,181.81,192.57,94.3,182.63,185.3,183.46,179.52,145.3,0.0,5.95,192.63,174.28
NVR,"NVR, Inc.",Consumer Discretionary,Homebuilding,7605.88,9924.4,6700.0,7604.78,7748.68,7885.04,8061.42,7597.19,-0.2,9.15,8301.82,7468.21
NXPI,NXP Semiconductors,Information Technology,Semiconductors,217.41,250.84,152.09,214.56,219.98,223.11,224.19,210.16,-0.2,8.1,235.02,211.21
ORLY,O’Reilly Automotive,Consumer Discretionary,Automotive Retail,101.17,107.82,76.44,102.27,102.18,103.65,103.85,93.48,-0.2,6.54,107.79,99.52
OXY,Occidental Petroleum,Energy,Oil & Gas Exploration & Production,41.04,51.86,35.72,41.95,43.49,45.09,45.33,44.78,-0.2,20.1,49.29,40.9
ODFL,Old Dominion,Industrials,Cargo Ground Transportation,138.1,230.37,134.31,135.81,139.06,139.57,145.34,162.62,-0.2,4.85,144.8,134.35
OMC,Omnicom Group,Communication Services,Advertising,77.21,101.86,68.6,77.62,78.12,77.6,76.95,76.49,0.0,4.83,80.94,74.26
ON,ON Semiconductor,Information Technology,Semiconductors,52.97,74.7,31.95,49.74,49.74,49.87,49.69,49.02,0.2,-0.43,52.74,47.0
OKE,Oneok,Energy,Oil & Gas Storage & Transportation,67.22,112.93,67.22,68.88,70.61,71.72,73.03,83.96,-0.2,12.08,75.34,68.09
ORCL,Oracle Corporation,Information Technology,Application Software,313.0,327.76,122.35,303.32,296.22,296.63,270.86,199.0,0.2,2.81,321.8,271.48
OTIS,Otis Worldwide,Industrials,Industrial Machinery & Supplies & Components,90.67,104.22,84.52,90.32,90.53,90.44,88.82,94.05,-0.1,2.14,92.61,88.27
PCAR,Paccar,Industrials,Construction Machinery & Heavy Transportation Equipment,95.16,113.98,85.82,94.35,95.6,96.91,98.43,98.18,0.0,6.15,101.01,92.81
PKG,Packaging Corporation of America,Materials,Paper & Plastic Packaging Products & Materials,205.34,242.86,173.82,208.05,210.29,212.49,209.39,201.4,0.0,6.64,218.97,206.0
PLTR,Palantir Technologies,Information Technology,Application Software,178.12,187.05,41.41,178.03,179.39,180.39,172.21,126.16,0.0,5.05,187.12,173.67
PANW,Palo Alto Networks,Information Technology,Systems Software,205.51,217.79,152.44,208.32,210.54,207.7,195.53,188.74,-0.2,5.38,216.57,198.84
PSKY,Paramount Skydance Corporation,Communication Services,Movies & Entertainment,16.9,19.73,10.05,17.14,17.89,18.45,16.33,12.77,0.2,19.17,20.14,16.77
PH,Parker Hannifin,Industrials,Industrial Machinery & Supplies & Components,726.16,769.67,514.56,729.16,741.52,748.03,749.0,676.88,0.0,6.56,773.8,722.28
PAYX,Paychex,Industrials,Human Resource & Employment Services,126.49,158.58,123.42,127.11,126.34,126.95,132.83,142.79,-0.2,3.42,130.82,123.09
PAYC,Paycom,Industrials,Human Resource & Employment Services,200.49,265.28,162.52,200.33,201.51,207.41,216.89,222.45,-0.2,11.34,223.23,191.59
PYPL,PayPal,Financials,Transaction & Payment Processing Services,66.05,91.81,57.41,68.38,70.89,69.32,68.86,72.23,-0.1,13.67,75.08,63.56
PNR,Pentair,Industrials,Industrial Machinery & Supplies & Components,108.7,112.59,75.76,109.09,110.21,110.14,108.81,99.05,0.0,3.74,112.77,107.53
PEP,PepsiCo,Consumer Staples,Soft Drinks & Non-alcoholic Beverages,152.67,169.35,125.83,150.87,146.04,143.68,144.68,140.06,0.2,-0.14,152.46,134.92
PFE,Pfizer,Health Care,Pharmaceuticals,24.23,27.72,20.83,24.53,25.36,25.05,24.88,24.25,0.0,13.25,27.44,22.65
PCG,PG&E Corporation,Utilities,Multi-Utilities,16.5,21.5,12.98,16.28,16.25,15.61,15.32,15.81,0.1,3.45,17.07,14.14
PM,Philip Morris International,Consumer Staples,Tobacco,155.98,181.86,114.18,158.54,156.62,158.78,162.44,157.75,0.2,5.69,164.86,152.7
PSX,Phillips 66,Energy,Oil & Gas Refining & Marketing,128.36,139.46,91.09,129.06,130.6,132.79,129.74,120.07,0.2,8.9,139.78,125.8
PNW,Pinnacle West Capital,Utilities,Multi-Utilities,93.0,93.78,79.36,92.94,92.12,89.72,89.78,89.17,0.0,2.1,94.95,84.5
PNC,PNC Financial Services,Financials,Diversified Banks,178.37,207.33,145.61,183.59,187.78,194.08,196.17,182.3,-0.2,17.26,209.16,179.0
POOL,Pool Corporation,Consumer Discretionary,Distributors,290.17,385.63,283.92,291.54,297.37,304.05,312.99,315.36,0.0,10.73,321.31,286.8
PPG,PPG Industries,Materials,Specialty Chemicals,101.01,128.23,90.49,99.68,100.92,103.26,107.5,109.96,-0.2,8.27,109.36,97.16
PPL,PPL Corporation,Utilities,Electric Utilities,37.31,37.97,30.58,37.56,37.34,36.88,36.43,34.57,0.2,2.17,38.12,35.64
PFG,Principal Financial Group,Financials,Life & Health Insurance,78.39,87.94,68.21,79.93,81.61,82.05,80.3,78.78,0.0,8.61,85.14,78.96
PG,Procter & Gamble,Consumer Staples,Personal Care Products,149.6,176.3,147.42,148.67,149.99,151.55,154.89,160.3,0.0,4.1,155.73,147.36
PGR,Progressive Corporation,Financials,Property & Casualty Insurance,221.74,290.89,221.74,232.98,238.02,240.42,244.07,258.72,-0.2,13.88,252.52,228.34
PLD,Prologis,Real Estate,Industrial REITs,121.17,122.76,88.13,116.67,116.39,115.37,112.05,108.72,0.4,-0.38,120.71,110.03
PRU,Prudential Financial,Financials,Life & Health Insurance,99.85,124.75,92.74,101.41,102.35,102.79,104.72,105.37,-0.4,5.58,105.42,100.17
PEG,Public Service Enterprise Group,Utilities,Electric Utilities,84.34,91.66,75.92,82.78,82.15,82.16,82.62,81.59,0.0,-0.06,84.29,80.04
PTC,PTC Inc.,Information Technology,Application Software,201.99,216.53,136.74,201.25,202.16,202.96,206.67,180.77,0.0,2.27,206.58,199.33
PSA,Public Storage,Real Estate,Self-Storage REITs,306.73,337.69,260.94,300.79,296.9,290.72,287.44,289.03,0.1,-0.19,306.15,275.3
PHM,PulteGroup,Consumer Discretionary,Homebuilding,123.88,147.88,91.67,122.8,126.57,129.12,130.4,111.8,0.0,12.29,139.1,119.12
PWR,Quanta Services,Industrials,Construction & Engineering,437.52,443.45,236.5,430.93,429.85,417.28,395.48,339.3,0.0,2.59,448.85,385.72
QCOM,Qualcomm,Information Technology,Semiconductors,164.08,173.55,123.21,160.83,164.09,166.32,161.05,155.29,-0.2,6.37,174.53,158.1
DGX,Quest Diagnostics,Health Care,Health Care Services,186.82,189.74,144.64,185.28,182.84,183.95,181.41,170.88,0.0,1.81,190.2,177.71
RL,Ralph Lauren Corporation,Consumer Discretionary,"Apparel, Accessories & Luxury Goods",323.16,329.03,181.18,317.23,320.58,316.04,306.19,266.45,-0.2,2.05,329.78,302.28
RJF,Raymond James Financial,Financials,Investment Banking & Brokerage,160.18,175.92,122.89,161.31,163.6,167.9,166.94,154.48,0.0,11.41,178.46,157.35
RTX,RTX Corporation,Industrials,Aerospace & Defense,157.05,169.27,112.45,158.0,162.54,162.68,158.98,139.08,-0.2,8.88,171.0,154.37
O,Realty Income,Real Estate,Retail REITs,59.29,61.18,49.38,58.92,59.22,59.49,58.78,55.67,0.0,2.56,60.81,58.17
REG,Regency Centers,Real Estate,Retail REITs,71.72,75.5,64.21,71.56,71.47,71.51,71.37,70.68,0.2,1.45,72.76,70.26
REGN,Regeneron Pharmaceuticals,Health Care,Biotechnology,569.17,1012.19,482.34,568.11,574.3,575.9,573.8,600.76,0.1,6.32,605.14,546.67
RF,Regions Financial Corporation,Financials,Regional Banks,23.35,27.4,17.95,24.39,25.05,25.81,26.11,23.24,-0.2,18.89,27.76,23.85
RSG,Republic Services,Industrials,Environmental & Facilities Services,218.23,256.75,195.95,222.39,222.91,224.75,228.78,233.23,-0.4,5.39,229.99,219.52
RMD,ResMed,Health Care,Health Care Equipment,270.0,293.73,203.67,270.96,275.83,274.28,277.44,249.52,0.0,4.84,283.07,265.47
RVTY,Revvity,Health Care,Health Care Equipment,94.0,126.65,82.5,91.31,91.86,89.2,88.37,99.41,-0.1,2.4,96.26,82.13
HOOD,Robinhood Markets,Financials,Investment Banking & Brokerage,131.44,152.46,23.49,136.04,142.14,136.66,121.1,76.41,0.2,18.47,155.72,117.61
ROK,Rockwell Automation,Industrials,Electrical Components & Equipment,348.02,357.15,217.21,343.41,345.02,345.21,343.92,304.3,0.0,1.65,353.76,336.65
ROL,"Rollins, Inc.",Industrials,Environmental & Facilities Services,55.24,58.74,45.24,56.25,57.1,57.11,57.13,54.34,0.0,7.82,59.56,54.65
ROP,Roper Technologies,Information Technology,Electronic Equipment & Instruments,500.08,591.12,494.21,507.07,509.09,504.8,515.44,548.18,0.0,3.83,519.23,490.36
ROST,Ross Stores,Consumer Discretionary,Apparel Retail,155.21,156.99,122.22,153.99,152.72,151.39,149.3,140.74,0.2,1.92,158.19,144.58
RCL,Royal Caribbean Group,Consumer Discretionary,"Hotels, Resorts & Cruise Lines",298.51,364.72,176.89,306.87,309.58,317.25,327.4,271.23,-0.2,12.32,335.29,299.23
SPGI,S&P Global,Financials,Financial Exchanges & Data,472.05,563.17,436.73,481.41,481.65,486.26,523.43,511.83,0.0,6.67,503.54,469.0
CRM,Salesforce,Information Technology,Application Software,246.0,365.66,231.26,242.56,242.44,242.63,243.82,273.87,0.0,1.87,250.6,234.66
SBAC,SBA Communications,Real Estate,Telecom Tower REITs,197.42,244.52,187.49,192.03,190.45,192.91,202.25,214.89,0.2,1.54,200.46,185.37
SLB,Schlumberger,Energy,Oil & Gas Equipment & Services,32.92,43.04,31.43,32.41,33.24,33.93,34.32,36.12,0.0,9.26,35.97,31.9
STX,Seagate Technology,Information Technology,"Technology Hardware, Storage & Peripherals",226.03,256.84,65.98,218.19,225.76,228.46,195.77,128.9,0.2,12.6,254.51,202.41
SRE,Sempra,Utilities,Multi-Utilities,91.14,94.01,62.78,91.23,91.9,89.31,84.6,77.56,0.2,5.21,95.89,82.73
NOW,ServiceNow,Information Technology,Systems Software,894.49,1170.39,721.65,904.24,908.29,919.56,908.5,945.57,0.1,6.66,954.06,885.07
SHW,Sherwin-Williams,Materials,Specialty Chemicals,331.46,397.11,312.15,332.89,335.57,339.63,353.2,348.01,-0.2,5.65,350.19,329.08
SPG,Simon Property Group,Real Estate,Retail REITs,176.74,187.67,136.92,176.55,178.31,181.23,177.66,165.79,0.0,6.81,188.78,173.68
SWKS,Skyworks Solutions,Information Technology,Semiconductors,74.47,94.95,48.25,72.8,74.21,76.62,75.04,71.68,0.0,11.52,83.05,70.2
SJM,J.M. Smucker Company (The),Consumer Staples,Packaged Foods & Meats,103.89,116.99,93.48,103.21,105.06,106.76,108.63,107.17,0.0,7.33,111.51,102.02
SW,Smurfit Westrock,Materials,Paper & Plastic Packaging Products & Materials,41.32,55.13,37.46,41.46,41.69,42.25,43.79,45.37,0.2,6.99,44.21,40.29
SNA,Snap-on,Industrials,Industrial Machinery & Supplies & Components,344.17,364.18,288.24,334.62,336.9,339.38,331.96,325.91,0.0,1.88,350.64,328.14
SOLV,Solventum,Health Care,Health Care Technology,71.44,84.04,63.01,71.18,72.01,72.37,72.63,72.75,0.0,4.65,74.76,69.98
SO,Southern Company,Utilities,Electric Utilities,98.43,99.72,78.98,98.84,97.3,95.54,93.89,89.31,0.2,1.6,100.0,91.08
LUV,Southwest Airlines,Industrials,Passenger Airlines,33.29,37.49,23.77,32.69,32.51,32.5,31.87,31.29,0.0,1.17,33.68,31.32
SWK,Stanley Black & Decker,Industrials,Industrial Machinery & Supplies & Components,67.91,102.55,54.53,66.31,69.7,72.11,73.68,72.42,-0.2,17.01,79.46,64.76
SBUX,Starbucks,Consumer Discretionary,Restaurants,84.34,114.25,78.46,81.37,81.65,83.24,85.84,91.49,0.0,4.28,87.95,78.54
STT,State Street Corporation,Financials,Asset Management & Custody Banks,112.95,117.23,74.25,114.05,115.43,114.61,112.89,99.59,-0.2,4.85,118.43,110.79
STLD,Steel Dynamics,Materials,Steel,142.65,151.94,108.4,144.49,144.62,141.68,134.56,128.51,0.2,4.62,149.24,134.12
STE,Steris,Health Care,Health Care Equipment,240.3,252.43,200.94,237.24,239.26,242.81,244.71,230.31,-0.2,4.74,251.69,233.92
SYK,Stryker Corporation,Health Care,Health Care Equipment,369.25,402.61,335.89,367.7,369.0,369.58,378.57,377.91,-0.2,2.0,376.64,362.53
SMCI,Supermicro,Information Technology,"Technology Hardware, Storage & Peripherals",53.84,60.71,18.01,53.7,54.68,51.2,46.79,42.18,0.2,10.49,59.49,42.9
SYF,Synchrony Financial,Financials,Consumer Finance,70.25,76.86,43.38,70.71,70.9,72.19,73.22,63.6,0.0,9.04,76.6,67.79
SNPS,Synopsys,Information Technology,Application Software,440.2,645.35,380.9,441.36,460.58,474.22,529.49,503.75,-0.2,17.51,517.28,431.17
SYY,Sysco,Consumer Staples,Food Distributors,78.83,82.73,67.09,79.16,79.55,80.57,80.33,74.71,0.2,5.77,83.38,77.75
TMUS,T-Mobile US,Communication Services,Wireless Telecommunication Services,226.45,270.87,209.08,227.27,227.21,232.09,241.8,241.64,-0.2,7.26,242.89,221.28
TROW,T. Rowe Price,Financials,Asset Management & Custody Banks,103.15,118.63,78.24,104.36,104.84,104.17,105.06,99.01,0.0,4.15,107.43,100.91
TTWO,Take-Two Interactive,Communication Services,Interactive Home Entertainment,259.23,261.5,154.79,257.42,257.7,255.34,244.11,222.82,0.0,2.08,264.62,246.06
TPR,"Tapestry, Inc.",Consumer Discretionary,"Apparel, Accessories & Luxury Goods",116.51,116.81,42.76,114.35,114.77,113.81,108.06,86.69,0.0,2.25,119.13,108.49
TRGP,Targa Resources,Energy,Oil & Gas Storage & Transportation,146.3,213.93,146.3,150.38,157.31,162.92,163.86,174.93,0.0,22.34,178.98,146.84
TGT,Target Corporation,Consumer Staples,Consumer Staples Merchandise Retail,90.07,154.72,85.53,88.56,88.95,88.59,93.45,103.8,0.0,1.29,91.23,85.95
TEL,TE Connectivity,Information Technology,Electronic Manufacturing Services,224.19,224.43,121.04,220.3,221.42,219.79,211.79,169.44,0.0,0.7,225.76,213.81
TDY,Teledyne Technologies,Information Technology,Electronic Equipment & Instruments,561.49,593.62,435.54,566.74,576.8,574.94,558.09,512.42,-0.2,5.83,594.22,555.68
TER,Teradyne,Information Technology,Semiconductor Materials & Equipment,139.3,147.87,67.79,137.7,141.2,138.03,123.77,102.86,0.2,8.03,150.49,125.59
TSLA,"Tesla, Inc.",Consumer Discretionary,Automobile Manufacturers,428.75,479.86,213.65,428.51,433.29,435.45,385.11,334.61,0.2,6.3,455.76,415.16
TXN,Texas Instruments,Information Technology,Semiconductors,175.48,219.66,143.34,174.3,177.12,179.65,187.13,184.57,-0.2,6.52,186.92,172.37
TPL,Texas Pacific Land Corporation,Energy,Oil & Gas Exploration & Production,938.18,1720.9,853.36,910.79,929.75,928.79,914.13,1147.96,-0.1,5.13,986.31,871.28
TXT,Textron,Industrials,Aerospace & Defense,81.65,90.23,60.69,82.24,84.13,84.0,81.93,76.74,0.2,7.04,87.4,80.6
TMO,Thermo Fisher Scientific,Health Care,Life Sciences Tools & Services,536.78,605.06,389.91,527.97,533.72,507.79,493.07,477.43,0.2,6.33,570.76,444.83
TJX,TJX Companies,Consumer Discretionary,Apparel Retail,142.55,145.16,110.99,142.72,142.0,141.94,138.97,127.45,0.2,2.16,145.63,138.24
TKO,TKO Group Holdings,Communication Services,Movies & Entertainment,187.83,205.33,113.99,188.93,191.87,195.82,191.58,166.27,0.2,10.03,206.67,184.98
TTD,Trade Desk (The),Communication Services,Advertising,49.9,139.51,43.93,51.07,52.17,49.94,51.41,71.54,0.0,11.16,55.47,44.41
TSCO,Tractor Supply,Consumer Discretionary,Other Specialty Retail,55.16,62.65,47.62,55.12,54.8,56.02,58.63,54.62,0.2,7.16,59.11,52.92
TT,Trane Technologies,Industrials,Building Products,415.92,471.46,313.81,419.06,421.23,417.13,417.67,395.03,0.0,3.85,431.93,402.35
TDG,TransDigm Group,Industrials,Aerospace & Defense,1249.42,1516.55,1152.5,1274.14,1279.69,1287.58,1295.9,1307.21,-0.4,5.93,1323.51,1251.71
TRV,Travelers Companies (The),Financials,Property & Casualty Insurance,261.57,284.97,229.61,269.43,275.66,276.38,273.31,259.42,-0.2,9.84,287.31,265.44
TRMB,Trimble Inc.,Information Technology,Electronic Equipment & Instruments,77.87,85.24,55.12,77.46,78.78,79.96,80.86,73.94,0.0,7.32,83.57,76.34
TFC,Truist Financial,Financials,Diversified Banks,41.09,47.07,33.92,42.71,43.8,44.76,45.02,42.29,0.0,15.6,47.5,42.03
TYL,Tyler Technologies,Information Technology,Application Software,496.54,646.74,485.73,503.12,502.43,512.47,541.28,569.24,0.0,9.02,541.33,483.59
TSN,Tyson Foods,Consumer Staples,Packaged Foods & Meats,52.16,62.84,51.58,52.4,52.91,53.49,54.96,56.08,-0.2,6.19,55.39,51.59
USB,U.S. Bancorp,Financials,Diversified Banks,45.65,51.35,35.62,46.13,46.8,47.72,47.44,44.4,0.2,9.64,50.05,45.39
UBER,Uber,Industrials,Passenger Ground Transportation,92.52,100.1,59.93,93.75,95.85,96.94,95.13,83.42,0.0,9.4,101.22,92.67
UDR,"UDR, Inc.",Real Estate,Multi-Family Residential REITs,35.91,44.54,35.6,36.07,35.92,36.29,37.32,39.85,0.0,3.68,37.23,35.35
ULTA,Ulta Beauty,Consumer Discretionary,Other Specialty Retail,537.29,566.91,314.47,541.8,551.61,546.09,530.73,443.99,-0.2,6.76,573.61,518.58
UNP,Union Pacific Corporation,Industrials,Rail Transportation,224.04,249.94,205.73,225.63,229.84,230.61,224.22,227.11,-0.3,7.26,240.31,220.92
UAL,United Airlines Holdings,Industrials,Passenger Airlines,98.19,110.52,56.15,100.26,98.98,99.3,101.12,88.81,0.0,8.3,106.34,92.26
UPS,United Parcel Service,Industrials,Air Freight & Logistics,85.64,130.93,82.58,83.97,85.07,84.58,85.33,99.05,-0.2,1.55,86.97,82.19
URI,United Rentals,Industrials,Trading Companies & Distributors,1005.65,1020.0,549.5,990.14,988.23,968.82,946.21,762.81,0.2,1.31,1018.82,918.78
UNH,UnitedHealth Group,Health Care,Managed Health Care,356.67,611.98,236.28,358.18,361.12,353.54,325.01,390.71,0.1,4.09,371.26,335.83
UHS,Universal Health Services,Health Care,Health Care Facilities,204.24,235.89,154.78,201.38,203.75,201.39,190.08,181.94,0.0,3.61,211.61,191.16
VLO,Valero Energy,Energy,Oil & Gas Refining & Marketing,156.39,175.63,102.97,159.8,161.04,165.28,155.12,135.7,-0.2,12.44,175.84,154.7
VTR,Ventas,Real Estate,Health Care REITs,69.55,70.32,55.68,68.32,68.51,68.47,68.04,64.75,-0.2,1.39,70.52,66.42
VLTO,Veralto,Industrials,Environmental & Facilities Services,101.91,113.11,85.14,101.82,103.4,104.52,106.11,100.67,-0.2,6.17,108.2,100.83
VRSN,Verisign,Information Technology,Internet Services & Infrastructure,259.79,305.1,175.69,263.08,265.93,273.93,274.75,258.78,-0.2,12.34,291.85,256.01
VRSK,Verisk Analytics,Industrials,Research & Consulting Services,229.06,320.32,229.06,240.31,242.65,244.39,256.58,284.86,-0.2,10.6,253.34,235.45
VZ,Verizon,Communication Services,Integrated Telecommunication Services,40.36,44.3,36.0,40.18,40.6,41.66,42.59,41.27,-0.2,9.32,44.12,39.21
VRTX,Vertex Pharmaceuticals,Health Care,Biotechnology,408.61,516.74,366.54,408.78,409.64,399.33,394.15,444.95,0.1,4.14,425.53,373.13
VTRS,Viatris,Health Care,Pharmaceuticals,10.1,12.87,7.08,9.92,10.0,9.89,10.1,9.43,-0.2,2.08,10.31,9.47
VICI,Vici Properties,Real Estate,Hotel & Resort REITs,30.73,33.46,27.08,31.0,31.43,31.84,32.31,31.11,-0.2,8.01,33.19,30.49
V,Visa Inc.,Financials,Transaction & Payment Processing Services,335.4,372.65,277.34,343.28,346.64,343.87,343.81,343.48,0.2,5.57,354.08,333.66
VST,Vistra Corp.,Utilities,Electric Utilities,210.4,217.92,97.84,206.63,205.17,204.7,200.79,167.43,0.0,2.58,215.83,193.59
VMC,Vulcan Materials Company,Materials,Construction Materials,296.23,309.07,219.65,302.52,303.02,301.4,295.66,266.83,0.0,4.4,309.26,293.54
WRB,W. R. Berkley Corporation,Financials,Property & Casualty Insurance,73.65,78.46,56.03,76.72,77.06,76.04,73.46,68.18,-0.2,7.49,79.17,72.92
GWW,W. W. Grainger,Industrials,Industrial Machinery & Supplies & Components,954.56,1212.97,915.74,951.07,956.54,958.55,980.35,1018.34,-0.2,2.93,982.53,934.58
WAB,Wabtec,Industrials,Construction Machinery & Heavy Transportation Equipment,193.61,214.1,159.81,194.26,196.56,196.24,193.43,193.65,-0.1,4.66,202.63,189.84
WMT,Walmart,Consumer Staples,Consumer Staples Merchandise Retail,106.47,109.03,80.03,105.33,103.93,103.29,101.72,96.31,0.0,0.59,107.1,99.47
DIS,Walt Disney Company (The),Communication Services,Movies & Entertainment,109.88,124.01,81.37,110.44,111.28,112.28,114.78,109.67,0.0,4.77,115.12,109.45
WBD,Warner Bros. Discovery,Communication Services,Broadcasting,18.29,19.82,7.33,17.92,18.18,18.82,15.38,11.6,0.2,11.48,20.39,17.25
WM,Waste Management,Industrials,Environmental & Facilities Services,213.29,240.36,198.36,216.29,217.39,217.89,221.49,224.14,-0.2,3.94,221.69,214.1
WAT,Waters Corporation,Health Care,Life Sciences Tools & Services,334.87,417.28,277.72,333.55,330.02,315.3,303.66,342.71,0.1,4.35,349.44,281.15
WEC,WEC Energy Group,Utilities,Electric Utilities,116.19,117.28,89.8,116.01,115.16,113.66,110.42,104.94,0.2,1.26,117.65,109.67
WFC,Wells Fargo,Financials,Diversified Banks,84.0,86.46,60.29,82.31,81.37,82.56,81.0,75.85,0.2,4.17,87.5,77.62
WELL,Welltower,Real Estate,Health Care REITs,172.08,179.38,122.12,169.31,170.51,171.85,168.64,152.31,0.2,4.48,179.79,163.92
WST,West Pharmaceutical Services,Health Care,Health Care Supplies,267.19,347.02,190.04,263.11,265.37,262.74,254.16,245.72,0.0,2.98,275.15,250.33
WDC,Western Digital,Information Technology,"Technology Hardware, Storage & Peripherals",125.92,131.31,30.45,118.75,121.12,118.14,98.17,62.86,0.0,6.21,133.74,102.55
WY,Weyerhaeuser,Real Estate,Timber REITs,23.65,32.48,23.65,23.83,24.28,24.42,25.08,26.62,0.0,6.93,25.29,23.55
WSM,"Williams-Sonoma, Inc.",Consumer Discretionary,Homefurnishing Retail,187.5,215.83,127.65,188.1,190.55,194.13,197.36,180.32,0.0,9.13,204.62,183.64
WMB,Williams Companies,Energy,Oil & Gas Storage & Transportation,62.53,64.48,49.18,62.79,63.26,62.98,59.62,57.78,0.2,4.49,65.34,60.61
WTW,Willis Towers Watson,Financials,Insurance Brokers,328.0,349.93,286.78,336.87,341.2,341.15,334.93,319.52,-0.2,7.14,351.42,330.87
WDAY,"Workday, Inc.",Information Technology,Application Software,227.6,279.91,210.47,233.86,235.38,237.7,230.87,242.76,-0.3,8.81,247.65,227.76
WYNN,Wynn Resorts,Consumer Discretionary,Casinos & Gaming,115.92,133.34,65.78,116.5,119.88,124.43,120.58,96.71,0.0,17.06,135.7,113.16
XEL,Xcel Energy,Utilities,Multi-Utilities,81.1,81.85,61.02,80.97,81.11,79.18,74.96,69.66,0.0,5.12,85.25,73.11
XYL,Xylem Inc.,Industrials,Industrial Machinery & Supplies & Components,144.83,149.9,102.25,145.5,147.04,145.71,143.17,128.56,0.2,4.21,150.93,140.49
YUM,Yum! Brands,Consumer Discretionary,Restaurants,143.38,160.96,121.48,142.79,144.89,147.81,146.73,144.65,0.2,8.64,155.77,139.86
ZBRA,Zebra Technologies,Information Technology,Electronic Equipment & Instruments,293.93,421.11,213.54,286.82,294.38,299.19,309.72,310.41,0.0,8.84,319.91,278.46
ZBH,Zimmer Biomet,Health Care,Health Care Equipment,99.92,112.61,89.76,97.49,98.19,98.57,101.36,100.27,-0.2,1.9,101.82,95.31
ZTS,Zoetis,Health Care,Pharmaceuticals,143.26,192.1,141.11,142.44,143.36,143.8,148.66,157.07,0.0,2.9,147.41,140.17
