Symbol,Company,GICS_Sector,GICS_Sub_Industry,Current_Price,52_Week_High,52_Week_Low,SMA_5,SMA_10,SMA_20,SMA_50,SMA_100,SMA_125,SMA_200
MMM,3M,Industrials,Industrial Conglomerates,151.41,163.4,120.83,151.45,153.61,154.37,154.84,152.03,149.97,147.27
AOS,A. O. Smith,Industrials,Building Products,69.36,81.41,58.25,68.56,70.08,71.35,71.94,69.49,68.99,67.9
ABT,Abbott Laboratories,Health Care,Health Care Equipment,127.63,139.33,109.21,130.51,131.85,132.77,131.93,131.33,131.19,128.95
ABBV,AbbVie,Health Care,Biotechnology,226.87,243.06,158.28,227.62,228.86,226.75,215.55,201.1,197.43,193.61
ACN,Accenture,Information Technology,IT Consulting & Other Services,234.02,394.41,229.4,240.49,245.22,242.98,246.42,270.11,277.03,300.3
ADBE,Adobe Inc.,Information Technology,Application Software,329.23,557.9,327.5,334.53,341.41,349.05,350.78,366.83,370.65,387.9
AMD,Advanced Micro Devices,Information Technology,Semiconductors,234.56,241.2,76.48,224.51,217.09,189.37,174.95,158.16,147.13,132.49
AES,AES Corporation,Utilities,Independent Power Producers & Energy Traders,14.82,17.29,9.28,14.49,14.5,14.0,13.44,12.53,12.13,11.73
AFL,Aflac,Financials,Life & Health Insurance,106.73,113.9,96.14,109.85,111.07,110.44,108.11,104.97,104.98,104.87
A,Agilent Technologies,Health Care,Life Sciences Tools & Services,141.1,152.88,96.03,138.73,139.64,133.61,126.59,121.61,118.94,122.67
APD,Air Products,Materials,Industrial Gases,253.18,334.71,240.55,258.11,263.51,268.11,280.79,281.85,278.92,285.22
ABNB,Airbnb,Consumer Discretionary,"Hotels, Resorts & Cruise Lines",122.89,163.93,99.88,121.42,120.77,122.02,123.68,129.38,128.84,129.43
AKAM,Akamai Technologies,Information Technology,Internet Services & Infrastructure,72.96,106.8,67.51,73.55,75.26,75.72,76.06,77.13,77.47,81.15
ALB,Albemarle Corporation,Materials,Specialty Chemicals,95.29,111.49,48.84,95.18,93.49,88.59,83.11,74.51,71.14,73.11
ARE,Alexandria Real Estate Equities,Real Estate,Office REITs,75.23,115.77,65.12,74.86,76.58,80.22,79.64,76.49,75.34,81.11
ALGN,Align Technology,Health Care,Health Care Supplies,129.84,246.19,122.0,128.68,130.25,129.06,134.84,159.61,163.61,173.64
ALLE,Allegion,Industrials,Building Products,177.5,180.34,116.14,175.47,176.28,176.38,172.86,160.45,156.1,145.54
LNT,Alliant Energy,Utilities,Electric Utilities,67.6,69.16,54.71,67.99,67.81,66.78,65.72,63.83,63.19,62.01
ALL,Allstate,Financials,Property & Casualty Insurance,194.88,215.7,173.88,203.23,206.89,208.39,205.55,201.63,201.02,197.68
GOOGL,Alphabet Inc. (Class A),Communication Services,Interactive Media & Services,251.46,256.96,140.23,245.73,245.63,246.62,230.1,204.79,195.91,188.52
GOOG,Alphabet Inc. (Class C),Communication Services,Interactive Media & Services,251.88,257.58,142.36,246.38,246.47,247.33,230.74,205.62,196.91,189.83
MO,Altria,Consumer Staples,Tobacco,64.26,67.51,45.54,65.2,65.49,65.41,65.27,61.81,60.84,57.69
AMZN,Amazon,Consumer Discretionary,Broadline Retail,214.47,242.52,161.38,216.57,219.8,221.04,225.73,222.09,216.38,214.29
AMCR,Amcor,Materials,Paper & Plastic Packaging Products & Materials,8.14,11.02,7.81,8.04,8.02,8.08,8.42,8.89,8.95,9.17
AEE,Ameren,Utilities,Multi-Utilities,105.21,106.23,82.82,104.41,104.2,102.96,101.21,98.8,98.32,96.91
AEP,American Electric Power,Utilities,Electric Utilities,117.53,120.46,87.57,117.66,117.13,113.39,111.79,108.12,107.22,104.4
AXP,American Express,Financials,Consumer Finance,323.12,348.31,219.32,325.2,326.03,331.56,323.12,313.81,306.63,298.78
AIG,American International Group,Financials,Multi-line Insurance,77.02,87.1,68.15,80.86,81.96,79.92,79.66,80.88,80.99,79.58
AMT,American Tower,Real Estate,Telecom Tower REITs,191.47,232.28,168.28,187.58,187.16,189.64,195.83,205.93,207.17,202.42
AWK,American Water Works,Utilities,Water Utilities,143.21,153.69,116.64,141.98,141.12,138.71,140.71,140.65,141.1,137.75
AMP,Ameriprise Financial,Financials,Asset Management & Custody Banks,467.73,576.69,393.57,479.35,486.19,489.56,498.2,509.23,505.19,506.91
AME,Ametek,Industrials,Electrical Components & Equipment,184.49,197.03,144.53,183.51,183.22,185.03,185.43,182.41,180.23,179.07
AMGN,Amgen,Health Care,Biotechnology,295.81,330.26,247.06,293.9,294.71,289.04,286.36,288.3,285.03,286.12
APH,Amphenol,Information Technology,Electronic Components,127.36,128.11,56.27,124.24,124.34,123.87,116.96,107.37,101.85,88.86
ADI,Analog Devices,Information Technology,Semiconductors,241.61,257.11,157.31,235.03,236.92,241.19,242.04,236.05,229.52,221.28
AON,Aon plc,Financials,Insurance Brokers,343.12,411.24,322.37,354.59,359.52,357.33,363.65,360.72,359.69,367.3
APA,APA Corporation,Energy,Oil & Gas Exploration & Production,23.0,25.8,13.18,22.78,23.69,23.95,22.76,20.76,19.88,20.06
APO,Apollo Global Management,Financials,Asset Management & Custody Banks,120.84,187.59,101.84,123.37,124.38,130.86,134.67,137.62,136.91,140.98
AAPL,Apple Inc.,Information Technology,"Technology Hardware, Storage & Peripherals",247.45,259.24,168.8,247.5,252.08,253.15,240.42,222.94,219.32,221.72
AMAT,Applied Materials,Information Technology,Semiconductor Materials & Equipment,227.72,232.07,123.04,220.58,219.37,212.06,186.34,183.08,177.62,171.76
APTV,Aptiv,Consumer Discretionary,Automotive Parts & Equipment,83.49,88.8,47.19,82.45,84.03,84.94,80.74,74.67,71.97,68.03
ACGL,Arch Capital Group,Financials,Property & Casualty Insurance,86.23,105.87,82.49,90.55,91.43,90.52,90.66,90.45,90.88,91.37
ADM,Archer Daniels Midland,Consumer Staples,Agricultural Products & Services,62.9,64.57,40.22,62.12,62.05,61.21,61.06,56.66,54.87,51.85
ANET,Arista Networks,Information Technology,Communications Equipment,146.01,162.68,59.43,145.95,148.56,146.79,142.1,122.71,115.54,108.45
AJG,Arthur J. Gallagher & Co.,Financials,Insurance Brokers,280.17,349.78,273.89,295.96,301.84,303.21,299.26,307.09,311.83,313.36
AIZ,Assurant,Financials,Multi-line Insurance,207.7,227.13,173.64,215.83,217.48,216.09,213.27,203.22,201.37,202.48
T,AT&T,Communication Services,Integrated Telecommunication Services,26.2,29.47,20.15,25.97,25.99,26.97,28.01,27.67,27.5,26.43
ATO,Atmos Energy,Utilities,Gas Utilities,176.37,179.7,133.63,177.05,175.43,171.34,167.49,160.61,159.87,154.23
ADSK,Autodesk,Information Technology,Application Software,299.82,329.09,232.67,304.59,310.12,315.8,308.2,304.21,299.9,292.44
ADP,Automatic Data Processing,Industrials,Human Resource & Employment Services,280.16,326.59,269.86,283.97,287.12,289.28,295.02,301.32,301.64,299.59
AZO,AutoZone,Consumer Discretionary,Automotive Retail,4007.91,4388.11,2980.1,4052.84,4073.47,4134.64,4149.11,3939.88,3896.85,3739.67
AVB,AvalonBay Communities,Real Estate,Multi-Family Residential REITs,184.46,231.37,177.24,184.62,186.12,188.83,189.59,194.38,196.02,200.87
AVY,Avery Dennison,Materials,Paper & Plastic Packaging Products & Materials,159.34,217.77,155.31,159.04,160.55,161.29,166.74,171.48,171.9,174.66
AXON,Axon Enterprise,Industrials,Aerospace & Defense,652.17,885.92,422.38,682.97,702.8,717.03,745.35,756.79,736.83,677.63
BKR,Baker Hughes,Energy,Oil & Gas Equipment & Services,44.64,50.93,33.21,44.89,46.64,47.84,45.99,42.91,41.65,42.12
BALL,Ball Corporation,Materials,"Metal, Glass & Plastic Containers",48.06,66.86,43.18,47.46,48.22,48.79,50.65,53.44,53.03,52.39
BAC,Bank of America,Financials,Diversified Banks,50.44,52.88,32.69,50.06,50.13,50.9,49.79,47.88,46.54,45.06
BAX,Baxter International,Health Care,Health Care Equipment,22.97,37.27,21.18,22.52,22.78,22.72,23.47,26.16,26.96,28.69
BDX,Becton Dickinson,Health Care,Health Care Equipment,185.27,248.0,161.47,186.72,189.48,187.99,190.15,182.1,181.58,197.67
BBY,Best Buy,Consumer Discretionary,Computer & Electronics Retail,78.54,94.94,53.55,76.41,76.19,75.46,73.88,70.92,70.14,72.45
TECH,Bio-Techne,Health Care,Life Sciences Tools & Services,61.6,80.37,45.87,59.75,60.33,57.29,54.98,53.5,52.65,57.27
BIIB,Biogen,Health Care,Biotechnology,142.26,194.13,110.04,144.5,148.92,145.52,141.2,135.6,132.84,135.28
BLK,BlackRock,Financials,Asset Management & Custody Banks,1171.36,1219.94,766.05,1171.14,1169.43,1158.99,1137.65,1089.64,1057.16,1017.24
BX,Blackstone Inc.,Financials,Asset Management & Custody Banks,157.97,196.67,114.16,159.56,162.12,169.5,171.82,162.53,157.3,156.31
XYZ,"Block, Inc.",Financials,Transaction & Payment Processing Services,74.54,99.26,44.27,75.31,77.22,76.25,76.12,72.47,68.98,69.86
BK,BNY Mellon,Financials,Asset Management & Custody Banks,106.72,110.87,69.65,106.72,106.64,107.59,105.48,99.43,96.25,90.79
BA,Boeing,Industrials,Aerospace & Defense,211.89,242.69,128.88,213.3,216.57,216.26,223.26,219.81,213.84,197.39
BKNG,Booking Holdings,Consumer Discretionary,"Hotels, Resorts & Cruise Lines",4952.31,5829.37,4082.14,5146.42,5213.52,5341.21,5458.63,5509.58,5422.63,5157.61
BSX,Boston Scientific,Health Care,Health Care Equipment,97.78,109.5,80.64,96.42,96.61,96.99,101.33,102.53,102.61,101.4
BMY,Bristol Myers Squibb,Health Care,Pharmaceuticals,43.39,61.0,42.38,43.66,44.28,44.28,45.59,46.02,46.14,49.59
AVGO,Broadcom,Information Technology,Semiconductors,354.15,373.59,137.54,346.19,343.17,339.66,326.63,297.67,279.49,250.99
BR,Broadridge Financial Solutions,Industrials,Data Processing & Outsourced Services,226.38,270.85,205.06,231.68,233.59,235.44,247.36,244.44,242.58,238.73
BRO,Brown & Brown,Financials,Insurance Brokers,87.42,125.31,87.39,93.32,94.3,93.61,94.26,99.86,102.21,105.99
BLDR,Builders FirstSource,Industrials,Building Products,122.95,201.53,102.6,124.11,126.04,123.86,132.72,127.11,124.75,130.88
BG,Bunge Global,Consumer Staples,Agricultural Products & Services,95.33,98.11,65.6,86.52,84.84,82.64,82.63,80.18,79.78,77.39
BXP,"BXP, Inc.",Real Estate,Office REITs,70.39,85.58,52.95,70.45,72.07,73.57,71.52,69.99,68.74,67.87
CHRW,C.H. Robinson,Industrials,Air Freight & Logistics,125.99,138.0,83.72,126.34,129.82,131.66,128.07,113.13,108.88,104.87
CDNS,Cadence Design Systems,Information Technology,Application Software,324.25,376.45,221.56,326.67,337.81,347.41,349.08,332.71,326.63,307.05
CZR,Caesars Entertainment,Consumer Discretionary,Casinos & Gaming,21.73,45.93,21.4,22.06,23.5,24.99,25.39,26.78,27.06,28.62
CPT,Camden Property Trust,Real Estate,Multi-Family Residential REITs,101.85,123.08,100.41,101.83,102.47,104.25,106.12,109.34,110.28,111.53
CPB,Campbell's Company (The),Consumer Staples,Packaged Foods & Meats,30.71,47.0,29.03,30.28,30.61,31.35,31.97,31.84,32.43,34.46
COF,Capital One,Financials,Consumer Finance,203.15,231.82,142.38,208.51,210.72,215.91,218.51,212.75,207.41,198.23
CAH,Cardinal Health,Health Care,Health Care Distributors,153.27,167.89,105.46,154.86,155.56,154.42,151.61,155.23,153.26,143.37
KMX,CarMax,Consumer Discretionary,Automotive Retail,43.27,91.25,42.75,43.71,44.51,47.45,54.59,59.42,60.71,67.51
CCL,Carnival,Consumer Discretionary,"Hotels, Resorts & Cruise Lines",28.21,32.8,15.07,28.36,28.55,29.22,30.19,28.58,26.95,25.39
CARR,Carrier Global,Industrials,Building Products,56.75,82.31,53.89,57.0,58.15,58.79,62.32,67.58,67.69,66.66
CAT,Caterpillar Inc.,Industrials,Construction Machinery & Heavy Transportation Equipment,540.96,544.94,265.05,519.71,508.1,490.51,451.05,419.74,400.69,379.11
CBOE,Cboe Global Markets,Financials,Financial Exchanges & Data,235.97,255.27,186.22,240.82,240.34,240.93,240.9,236.99,233.93,224.09
CBRE,CBRE Group,Real Estate,Real Estate Services,155.42,167.56,108.45,153.98,153.64,156.32,159.24,149.08,144.21,140.02
CDW,CDW Corporation,Information Technology,Technology Distributors,151.1,221.23,136.33,148.56,152.34,156.76,161.8,169.2,169.64,171.55
COR,Cencora,Health Care,Health Care Distributors,319.4,321.87,222.57,318.39,313.34,308.49,299.16,295.67,293.94,279.13
CNC,Centene Corporation,Health Care,Managed Health Care,35.64,71.04,25.08,36.0,37.1,35.78,31.89,36.98,41.64,48.8
CNP,CenterPoint Energy,Utilities,Multi-Utilities,39.67,40.5,27.87,39.49,39.39,38.97,38.36,37.53,37.5,36.0
CF,CF Industries,Materials,Fertilizers & Agricultural Chemicals,83.02,103.84,66.56,86.15,88.42,88.6,86.46,89.95,88.3,85.55
CRL,Charles River Laboratories,Health Care,Life Sciences Tools & Services,174.95,230.02,91.86,170.69,172.15,163.69,159.98,157.22,151.26,154.64
SCHW,Charles Schwab Corporation,Financials,Investment Banking & Brokerage,93.41,99.42,65.48,93.32,93.65,93.95,94.75,93.11,91.14,85.89
CHTR,Charter Communications,Communication Services,Cable & Satellite,255.34,437.06,251.8,260.87,268.3,269.1,266.4,320.39,334.54,342.24
CVX,Chevron Corporation,Energy,Integrated Oil & Gas,151.71,165.09,129.01,151.41,152.49,154.7,155.64,150.68,147.58,148.42
CMG,Chipotle Mexican Grill,Consumer Discretionary,Restaurants,41.76,66.74,38.3,41.27,41.26,40.45,41.12,46.24,47.11,49.56
CB,Chubb Limited,Financials,Property & Casualty Insurance,268.23,305.88,250.52,279.34,282.77,280.62,277.35,279.25,280.64,279.6
CHD,Church & Dwight,Consumer Staples,Household Products,87.25,115.72,85.08,86.96,87.81,87.59,90.91,93.79,94.16,98.55
CI,Cigna,Health Care,Health Care Services,291.07,352.15,255.6,296.78,301.79,295.61,295.58,300.06,304.71,303.39
CINF,Cincinnati Financial,Financials,Property & Casualty Insurance,151.39,166.9,121.6,156.67,160.48,158.49,154.91,151.06,149.11,144.78
CTAS,Cintas,Industrials,Diversified Support Services,184.36,228.77,179.74,187.19,192.73,197.63,205.59,213.4,213.37,207.77
CSCO,Cisco,Information Technology,Communications Equipment,69.09,72.11,51.49,68.53,68.88,68.19,67.92,67.16,65.54,63.33
C,Citigroup,Financials,Diversified Banks,96.26,105.59,54.71,97.18,97.21,99.46,97.41,90.98,86.87,81.52
CFG,Citizens Financial Group,Financials,Regional Banks,48.39,55.24,31.96,50.28,51.62,52.37,51.21,47.86,45.98,44.56
CLX,Clorox,Consumer Staples,Household Products,117.6,166.9,116.17,119.16,119.77,121.06,121.74,123.26,125.68,134.02
CME,CME Group,Financials,Financial Exchanges & Data,262.51,288.09,204.81,268.11,266.47,266.32,267.31,271.17,271.37,261.69
CMS,CMS Energy,Utilities,Multi-Utilities,74.75,76.11,62.54,74.41,73.78,72.73,72.27,71.25,71.24,70.4
KO,Coca-Cola Company (The),Consumer Staples,Soft Drinks & Non-alcoholic Beverages,67.59,73.29,59.3,67.2,66.81,66.54,67.64,68.6,69.0,67.91
CTSH,Cognizant,Information Technology,IT Consulting & Other Services,65.47,89.77,64.98,66.33,67.2,67.23,69.19,73.17,73.83,75.66
COIN,Coinbase,Financials,Financial Exchanges & Data,330.25,444.65,142.58,344.42,363.82,348.17,327.88,327.82,306.66,277.91
CL,Colgate-Palmolive,Consumer Staples,Household Products,78.08,100.36,76.68,77.81,77.94,78.91,82.1,85.44,86.53,87.47
CMCSA,Comcast,Communication Services,Cable & Satellite,29.26,43.66,29.15,29.57,30.13,30.63,31.96,33.04,33.19,33.81
CAG,Conagra Brands,Consumer Staples,Packaged Foods & Meats,18.27,28.75,17.89,18.38,18.58,18.53,18.91,19.61,20.31,22.05
COP,ConocoPhillips,Energy,Oil & Gas Exploration & Production,86.91,112.56,78.56,87.85,90.92,92.84,93.97,92.64,91.85,93.42
ED,Consolidated Edison,Utilities,Multi-Utilities,101.07,112.97,85.07,101.7,100.83,99.62,99.55,100.23,101.46,100.09
STZ,Constellation Brands,Consumer Staples,Distillers & Vintners,139.32,242.37,131.2,140.44,140.9,137.82,148.54,158.85,164.41,170.35
CEG,Constellation Energy,Utilities,Electric Utilities,396.53,412.7,160.94,387.89,377.59,357.95,334.14,324.81,311.27,289.85
COO,Cooper Companies (The),Health Care,Health Care Supplies,71.56,109.37,61.78,69.84,69.88,68.93,69.52,70.79,72.89,78.38
CPRT,Copart,Industrials,Diversified Support Services,44.06,64.38,43.32,44.27,44.41,44.75,46.59,47.42,50.15,52.56
GLW,Corning Inc.,Information Technology,Electronic Components,86.72,87.78,36.95,85.29,85.47,83.03,74.82,64.04,60.27,55.45
CPAY,Corpay,Financials,Transaction & Payment Processing Services,277.5,400.81,269.02,283.54,286.69,290.46,305.21,317.71,320.08,332.09
CTVA,Corteva,Materials,Fertilizers & Agricultural Chemicals,61.0,77.22,53.14,62.02,62.92,65.22,69.5,71.18,69.85,66.48
CSGP,CoStar Group,Real Estate,Real Estate Services,74.35,97.43,68.26,75.21,77.91,81.25,86.0,84.93,83.4,80.7
COST,Costco,Consumer Staples,Consumer Staples Merchandise Retail,925.62,1075.34,864.06,938.54,929.15,930.53,951.08,965.49,972.44,970.5
CTRA,Coterra,Energy,Oil & Gas Exploration & Production,22.58,29.29,21.84,22.98,23.44,23.5,23.79,24.31,24.3,25.26
CRWD,CrowdStrike,Information Technology,Systems Software,482.23,517.98,294.68,492.49,495.2,491.91,453.98,465.74,457.85,427.45
CCI,Crown Castle,Real Estate,Telecom Tower REITs,98.06,114.47,81.02,97.42,96.47,95.69,97.1,99.39,99.6,96.54
CSX,CSX Corporation,Industrials,Rail Transportation,35.99,37.1,26.01,35.88,35.97,35.17,34.33,33.77,32.82,32.06
CMI,Cummins,Industrials,Construction Machinery & Heavy Transportation Equipment,422.67,440.51,257.24,416.96,425.37,423.77,409.83,372.73,359.2,350.77
CVS,CVS Health,Health Care,Health Care Services,81.37,81.93,42.12,79.61,78.32,77.09,73.46,68.67,67.7,64.6
DHR,Danaher Corporation,Health Care,Life Sciences Tools & Services,210.92,277.73,170.43,206.15,207.57,200.36,201.0,199.11,197.93,203.45
DRI,Darden Restaurants,Consumer Discretionary,Restaurants,187.45,224.86,152.39,185.8,187.39,187.31,198.39,204.56,203.56,198.23
DDOG,Datadog,Information Technology,Application Software,151.17,170.08,81.63,159.0,158.69,150.29,139.87,136.68,130.86,127.13
DVA,DaVita,Health Care,Health Care Services,125.25,179.6,122.93,125.15,127.04,129.38,132.37,136.33,137.33,144.16
DAY,Dayforce,Industrials,Human Resource & Employment Services,68.32,82.69,48.01,68.26,68.54,68.7,66.46,61.96,61.1,61.81
DECK,Deckers Brands,Consumer Discretionary,Footwear,99.06,223.98,93.72,97.63,99.17,103.16,108.8,106.97,109.13,125.71
DE,Deere & Company,Industrials,Agricultural & Farm Machinery,457.16,530.24,381.67,447.81,453.77,458.63,473.61,491.47,489.89,478.38
DELL,Dell Technologies,Information Technology,"Technology Hardware, Storage & Peripherals",151.31,166.1,65.56,151.55,151.56,144.2,135.91,128.68,122.85,114.58
DAL,Delta Air Lines,Industrials,Passenger Airlines,60.4,69.36,34.52,59.91,58.84,58.25,59.05,55.2,53.32,54.16
DVN,Devon Energy,Energy,Oil & Gas Exploration & Production,32.03,40.7,25.53,32.61,33.68,34.36,34.36,33.48,33.05,33.37
DXCM,Dexcom,Health Care,Health Care Equipment,66.33,93.25,57.52,65.65,66.36,66.9,73.61,78.89,78.94,78.86
FANG,Diamondback Energy,Energy,Oil & Gas Exploration & Production,139.44,182.18,112.4,141.03,144.39,143.83,141.98,142.05,140.73,145.59
DLR,Digital Realty,Real Estate,Data Center REITs,173.96,192.35,128.14,172.22,173.9,173.14,169.4,171.07,169.05,164.4
DG,Dollar General,Consumer Staples,Consumer Staples Merchandise Retail,103.88,117.24,65.27,103.0,100.53,101.18,106.34,107.83,104.87,94.35
DLTR,Dollar Tree,Consumer Staples,Consumer Staples Merchandise Retail,94.03,118.06,60.49,93.16,90.53,92.19,101.32,102.25,98.73,88.63
D,Dominion Energy,Utilities,Multi-Utilities,60.62,62.52,46.96,61.23,61.09,60.84,60.22,58.26,57.3,55.71
DPZ,Domino's,Consumer Discretionary,Restaurants,416.95,495.24,392.47,414.65,415.31,422.0,438.5,449.6,455.82,452.79
DASH,DoorDash,Consumer Discretionary,Specialized Consumer Services,266.67,285.49,143.37,269.87,273.56,269.84,259.74,246.28,235.6,216.92
DOV,Dover Corporation,Industrials,Industrial Machinery & Supplies & Components,166.13,220.46,142.22,162.79,163.87,165.84,172.5,177.19,176.59,179.97
DOW,Dow Inc.,Materials,Commodity Chemicals,21.9,49.78,20.11,21.62,22.25,22.64,23.24,25.19,25.85,29.31
DHI,D. R. Horton,Consumer Discretionary,Homebuilding,152.92,193.34,109.8,153.81,158.68,163.42,166.81,149.39,144.18,139.3
DTE,DTE Energy,Utilities,Multi-Utilities,141.5,143.79,111.81,141.23,141.2,139.96,138.02,135.76,135.37,131.69
DUK,Duke Energy,Utilities,Electric Utilities,127.4,129.51,102.41,127.4,126.04,124.28,123.22,120.03,119.45,116.79
DD,DuPont,Materials,Specialty Chemicals,78.13,85.99,53.17,76.78,77.95,77.7,76.26,73.49,71.96,72.71
EMN,Eastman Chemical Company,Materials,Specialty Chemicals,60.16,107.33,56.08,59.93,61.31,62.34,64.49,69.99,71.43,78.01
ETN,Eaton Corporation,Industrials,Electrical Components & Equipment,375.59,398.4,230.37,375.22,375.44,373.51,362.54,357.01,346.37,329.7
EBAY,eBay Inc.,Consumer Discretionary,Broadline Retail,91.18,100.83,55.44,90.2,91.02,90.93,92.87,85.52,82.19,75.91
ECL,Ecolab,Materials,Specialty Chemicals,270.62,285.35,220.55,271.93,274.89,272.15,273.89,269.93,265.9,259.08
EIX,Edison International,Utilities,Electric Utilities,56.72,83.74,46.27,55.06,54.4,54.31,54.41,52.61,53.08,53.91
EW,Edwards Lifesciences,Health Care,Health Care Equipment,72.65,83.0,64.89,73.17,74.71,75.2,77.53,77.35,76.89,74.84
EA,Electronic Arts,Communication Services,Interactive Home Entertainment,200.35,203.75,114.77,200.32,200.28,192.94,180.01,165.94,162.48,152.55
ELV,Elevance Health,Health Care,Managed Health Care,348.18,488.42,272.22,350.56,353.12,338.2,319.39,330.87,345.21,366.25
EMR,Emerson Electric,Industrials,Electrical Components & Equipment,128.89,149.68,89.31,128.62,130.86,131.03,131.96,132.89,128.39,123.77
ENPH,Enphase Energy,Information Technology,Semiconductor Materials & Equipment,37.56,99.5,29.89,36.13,36.36,36.88,36.64,37.98,39.73,48.08
ETR,Entergy,Utilities,Electric Utilities,96.02,98.58,64.43,96.26,96.24,93.95,90.92,87.22,86.25,84.21
EOG,EOG Resources,Energy,Oil & Gas Exploration & Production,107.25,135.49,100.76,108.56,109.69,112.12,116.63,117.36,116.11,118.86
EPAM,EPAM Systems,Information Technology,IT Consulting & Other Services,142.2,269.0,138.15,144.25,147.93,150.73,158.42,164.54,165.44,181.78
EQT,EQT Corporation,Energy,Oil & Gas Exploration & Production,53.24,60.83,34.99,53.75,55.05,54.12,52.43,54.03,53.78,52.52
EFX,Equifax,Industrials,Research & Consulting Services,227.2,292.84,199.2,228.19,232.59,242.99,246.22,251.61,253.66,250.56
EQIX,Equinix,Real Estate,Data Center REITs,812.77,977.63,693.42,811.86,802.69,794.7,784.79,803.41,811.81,832.73
EQR,Equity Residential,Real Estate,Multi-Family Residential REITs,61.5,75.25,58.19,61.91,62.19,63.25,63.77,65.12,65.78,66.59
ERIE,Erie Indemnity,Financials,Insurance Brokers,311.93,531.01,305.49,319.05,319.68,317.04,334.22,342.72,346.92,368.15
ESS,Essex Property Trust,Real Estate,Multi-Family Residential REITs,257.6,307.81,239.32,257.51,259.66,262.04,261.14,269.42,270.68,274.84
EL,Estée Lauder Companies (The),Consumer Staples,Personal Care Products,96.8,98.98,47.94,93.49,92.66,89.88,89.56,85.07,80.16,75.91
EG,Everest Group,Financials,Reinsurance,340.85,395.2,318.14,348.77,353.89,349.36,343.12,340.24,341.29,344.3
EVRG,Evergy,Utilities,Electric Utilities,77.5,79.32,56.9,77.84,77.55,75.9,73.38,70.61,69.71,67.55
ES,Eversource Energy,Utilities,Electric Utilities,71.36,74.46,51.06,71.5,72.15,70.86,66.71,65.45,64.3,61.77
EXC,Exelon,Utilities,Electric Utilities,47.36,48.07,34.98,47.3,46.76,45.5,44.61,43.81,43.97,43.04
EXE,Expand Energy,Energy,Oil & Gas Exploration & Production,98.59,121.47,80.07,101.51,104.64,104.36,99.33,104.15,104.79,103.59
EXPE,Expedia Group,Consumer Discretionary,"Hotels, Resorts & Cruise Lines",213.57,240.98,129.46,216.22,216.95,218.12,214.39,194.77,188.02,183.52
EXPD,Expeditors International,Industrials,Air Freight & Logistics,118.25,128.27,99.78,116.02,118.65,120.06,120.68,117.6,116.22,115.15
EXR,Extra Space Storage,Real Estate,Self-Storage REITs,152.0,168.1,118.4,147.21,144.88,142.27,140.98,143.53,143.42,143.95
XOM,ExxonMobil,Energy,Integrated Oil & Gas,110.64,119.89,96.01,111.5,112.62,113.13,111.43,109.87,108.87,108.32
FFIV,"F5, Inc.",Information Technology,Communications Equipment,295.35,346.0,213.24,328.33,331.13,328.43,323.0,309.72,302.29,292.05
FDS,FactSet,Financials,Financial Exchanges & Data,278.01,495.04,272.5,283.37,281.56,284.72,334.95,382.37,394.32,414.54
FICO,Fair Isaac,Information Technology,Application Software,1620.14,2402.52,1300.0,1644.3,1720.57,1634.31,1522.61,1593.04,1674.34,1741.43
FAST,Fastenal,Industrials,Trading Companies & Distributors,41.96,50.63,34.8,43.01,45.24,46.65,47.9,45.63,44.55,41.8
FRT,Federal Realty Investment Trust,Real Estate,Retail REITs,98.03,113.0,78.83,97.23,97.66,98.23,97.45,95.34,94.86,96.29
FDX,FedEx,Industrials,Air Freight & Logistics,236.91,301.45,191.82,232.33,237.26,236.52,230.96,228.3,225.68,233.99
FIS,Fidelity National Information Services,Financials,Transaction & Payment Processing Services,65.81,90.1,63.0,66.86,67.34,66.17,67.83,73.67,74.47,74.16
FITB,Fifth Third Bancorp,Financials,Regional Banks,40.36,47.33,31.68,42.07,42.96,43.87,43.92,42.21,41.06,40.63
FSLR,First Solar,Information Technology,Semiconductors,237.79,248.04,116.56,231.74,231.19,226.13,209.74,188.44,180.37,169.65
FE,FirstEnergy,Utilities,Electric Utilities,46.79,47.99,36.81,47.18,46.79,45.74,44.39,42.44,42.31,41.05
FI,Fiserv,Financials,Transaction & Payment Processing Services,118.0,238.59,117.84,121.68,124.02,126.62,132.08,146.45,153.46,177.27
F,Ford Motor Company,Consumer Discretionary,Automobile Manufacturers,11.74,12.8,8.21,11.62,11.86,11.87,11.69,11.24,11.0,10.37
FTNT,Fortinet,Information Technology,Systems Software,83.14,114.82,70.12,83.41,84.68,84.63,81.0,91.95,94.06,96.29
FTV,Fortive,Industrials,Industrial Machinery & Supplies & Components,48.69,62.58,45.4,48.52,49.18,48.96,48.4,50.24,50.66,53.04
FOXA,Fox Corporation (Class A),Communication Services,Broadcasting,57.0,65.3,41.17,57.61,59.19,60.4,59.28,57.23,56.07,54.54
FOX,Fox Corporation (Class B),Communication Services,Broadcasting,51.27,59.29,37.77,51.67,53.06,54.34,53.69,52.16,51.26,50.29
BEN,Franklin Resources,Financials,Asset Management & Custody Banks,22.1,25.72,15.81,22.66,23.09,23.18,24.1,23.6,22.83,21.35
FCX,Freeport-McMoRan,Materials,Copper,41.7,49.37,27.35,41.72,41.47,40.59,42.43,42.4,41.35,39.69
GRMN,Garmin,Consumer Discretionary,Consumer Electronics,246.74,261.69,158.51,248.97,253.22,247.97,239.87,226.46,220.09,216.07
IT,Gartner,Information Technology,IT Consulting & Other Services,236.18,584.01,223.65,240.9,245.19,252.4,246.73,316.05,338.96,390.54
GE,GE Aerospace,Industrials,Aerospace & Defense,299.84,306.88,158.62,297.81,298.79,299.04,285.16,269.47,258.03,233.6
GEHC,GE HealthCare,Health Care,Health Care Equipment,73.38,94.71,57.59,72.36,73.86,74.07,74.42,73.94,73.0,76.43
GEV,GE Vernova,Industrials,Heavy Electrical Equipment,602.0,677.29,251.95,623.03,617.92,617.63,617.99,579.1,543.34,467.59
GEN,Gen Digital,Information Technology,Systems Software,26.47,32.09,22.55,26.71,27.07,27.86,29.27,29.34,28.81,28.01
GNRC,Generac,Industrials,Electrical Components & Equipment,192.64,203.25,99.5,182.47,175.23,172.91,182.59,164.11,155.12,148.92
GD,General Dynamics,Industrials,Aerospace & Defense,330.59,345.85,235.63,333.09,338.07,333.48,324.99,307.95,300.61,284.48
GIS,General Mills,Consumer Staples,Packaged Foods & Meats,47.71,69.38,47.48,48.3,48.88,49.27,49.14,50.06,50.82,53.44
GM,General Motors,Consumer Discretionary,Automobile Manufacturers,57.34,62.14,41.36,56.65,57.12,58.61,57.78,54.17,52.79,51.09
GPC,Genuine Parts Company,Consumer Discretionary,Distributors,133.77,143.1,102.41,132.6,134.24,136.27,137.01,130.9,128.45,124.08
GILD,Gilead Sciences,Health Care,Biotechnology,117.85,121.57,82.35,118.0,116.81,114.56,114.68,112.22,110.19,106.95
GPN,Global Payments,Financials,Transaction & Payment Processing Services,83.66,118.69,65.53,84.66,86.22,85.96,85.92,82.52,81.41,88.68
GL,Globe Life,Financials,Life & Health Insurance,133.61,147.54,99.43,136.81,136.37,139.8,139.79,131.98,129.73,126.54
GDDY,GoDaddy,Information Technology,Internet Services & Infrastructure,128.0,216.0,127.65,130.72,133.02,136.81,141.74,157.47,162.71,172.17
GS,Goldman Sachs,Financials,Investment Banking & Brokerage,758.09,825.25,434.87,769.58,778.08,787.64,762.81,716.55,686.05,644.9
HAL,Halliburton,Energy,Oil & Gas Equipment & Services,21.82,31.66,18.43,22.22,23.14,23.69,22.5,21.89,21.55,22.85
HIG,Hartford (The),Financials,Property & Casualty Insurance,123.99,135.17,103.64,128.32,130.45,131.3,131.23,127.93,127.2,122.17
HAS,Hasbro,Consumer Discretionary,Leisure Products,74.4,82.19,48.07,73.01,74.07,74.65,77.23,74.64,71.95,66.65
HCA,HCA Healthcare,Health Care,Health Care Facilities,419.6,439.01,288.25,416.81,422.99,419.97,408.16,388.72,381.99,359.51
DOC,Healthpeak Properties,Real Estate,Health Care REITs,18.45,21.94,16.26,18.22,18.62,18.73,18.03,17.69,17.59,18.19
HSIC,Henry Schein,Health Care,Health Care Distributors,62.03,82.49,60.56,62.97,64.21,65.53,67.1,69.2,68.98,70.2
HSY,Hershey Company (The),Consumer Staples,Packaged Foods & Meats,186.8,202.98,136.73,189.83,192.2,190.43,186.1,178.4,174.97,169.71
HPE,Hewlett Packard Enterprise,Information Technology,"Technology Hardware, Storage & Peripherals",22.5,26.44,11.82,24.35,24.82,24.69,23.44,21.36,20.4,19.74
HLT,Hilton Worldwide,Consumer Discretionary,"Hotels, Resorts & Cruise Lines",257.47,279.81,195.81,262.77,261.13,261.69,267.78,264.66,259.19,252.94
HOLX,Hologic,Health Care,Health Care Equipment,68.5,84.39,51.9,66.94,67.49,67.26,67.09,65.95,64.04,64.47
HD,Home Depot (The),Consumer Discretionary,Home Improvement Retail,387.39,429.19,322.47,383.71,385.12,396.06,402.27,383.59,379.01,378.38
HON,Honeywell,Industrials,Industrial Conglomerates,203.17,240.47,177.52,203.62,205.92,207.62,212.71,220.17,218.32,214.97
HRL,Hormel Foods,Consumer Staples,Packaged Foods & Meats,23.75,32.43,23.06,23.6,23.71,24.02,25.57,27.52,27.83,28.23
HST,Host Hotels & Resorts,Real Estate,Hotel & Resort REITs,16.19,18.32,11.93,16.24,16.36,16.75,16.66,16.14,15.77,15.57
HWM,Howmet Aerospace,Industrials,Aerospace & Defense,191.68,198.48,98.55,190.21,190.27,191.3,183.58,181.16,174.98,156.54
HPQ,HP Inc.,Information Technology,"Technology Hardware, Storage & Peripherals",27.2,38.25,20.76,27.45,27.11,27.22,27.32,26.07,26.09,27.37
HUBB,Hubbell Incorporated,Industrials,Industrial Machinery & Supplies & Components,428.82,475.24,297.55,423.5,419.5,424.88,430.45,419.76,408.57,396.37
HUM,Humana,Health Care,Managed Health Care,267.28,314.25,206.15,268.46,280.51,267.98,278.68,256.81,255.03,259.97
HBAN,Huntington Bancshares,Financials,Regional Banks,15.37,17.93,11.7,15.88,16.28,16.8,16.97,16.6,16.25,15.87
HII,Huntington Ingalls Industries,Industrials,Aerospace & Defense,282.66,296.03,155.93,286.09,286.55,282.8,274.77,259.23,252.29,228.69
IBM,IBM,Information Technology,IT Consulting & Other Services,275.97,301.04,197.92,277.58,283.73,280.79,260.34,267.08,263.22,254.06
IEX,IDEX Corporation,Industrials,Industrial Machinery & Supplies & Components,165.03,234.67,151.55,162.77,164.29,162.58,162.68,169.92,171.53,179.09
IDXX,Idexx Laboratories,Health Care,Health Care Equipment,637.34,688.12,356.14,632.57,630.78,632.87,640.5,589.73,567.0,514.68
ITW,Illinois Tool Works,Industrials,Industrial Machinery & Supplies & Components,246.94,273.07,212.05,246.42,250.76,255.08,258.93,254.19,251.31,250.2
INCY,Incyte,Health Care,Biotechnology,87.31,92.86,53.56,85.99,86.13,85.37,84.88,77.24,74.02,71.71
IR,Ingersoll Rand,Industrials,Industrial Machinery & Supplies & Components,75.81,105.95,65.58,76.38,79.01,80.57,79.75,81.79,81.12,82.46
PODD,Insulet Corporation,Health Care,Health Care Equipment,316.29,353.5,226.5,315.22,314.62,317.3,325.26,313.05,307.15,292.36
INTC,Intel,Information Technology,Semiconductors,36.84,39.65,17.67,36.64,36.9,34.93,28.41,24.96,24.11,23.15
ICE,Intercontinental Exchange,Financials,Financial Exchanges & Data,153.36,188.82,141.12,157.07,158.77,162.94,171.52,176.05,174.84,169.85
IFF,International Flavors & Fragrances,Materials,Specialty Chemicals,62.6,104.48,59.14,61.17,61.2,61.31,63.62,69.07,70.35,73.83
IP,International Paper,Materials,Paper & Plastic Packaging Products & Materials,46.64,58.71,42.44,46.32,46.37,46.24,47.06,47.84,47.51,49.3
IPG,Interpublic Group of Companies (The),Communication Services,Advertising,26.34,31.81,21.93,26.48,26.68,26.52,26.29,25.17,24.99,25.38
INTU,Intuit,Information Technology,Application Software,646.99,812.22,530.03,650.86,656.02,673.07,678.07,722.34,705.57,664.4
ISRG,Intuitive Surgical,Health Care,Health Care Equipment,434.62,616.0,425.0,434.39,440.68,441.43,455.38,488.13,496.79,513.24
IVZ,Invesco,Financials,Asset Management & Custody Banks,22.8,24.54,11.33,23.12,23.58,23.16,22.22,19.57,18.5,17.55
INVH,Invitation Homes,Real Estate,Single-Family Residential REITs,28.45,35.13,27.71,28.31,28.27,28.7,29.5,30.82,31.36,31.44
IQV,IQVIA,Health Care,Life Sciences Tools & Services,205.75,237.34,134.65,203.11,203.17,195.47,190.63,177.25,171.26,177.23
IRM,Iron Mountain,Real Estate,Other Specialized REITs,105.79,126.21,71.19,103.78,104.63,103.28,96.94,97.74,96.64,94.94
JBHT,J.B. Hunt,Industrials,Cargo Ground Transportation,169.57,198.61,122.01,144.6,143.18,138.12,140.53,142.62,141.34,147.84
JBL,Jabil,Information Technology,Electronic Manufacturing Services,209.74,237.14,108.57,202.22,202.92,211.74,212.33,208.91,197.94,179.71
JKHY,Jack Henry & Associates,Financials,Transaction & Payment Processing Services,152.94,194.68,144.12,153.05,150.76,150.15,156.58,167.09,168.77,170.35
J,Jacobs Solutions,Industrials,Construction & Engineering,156.07,161.99,104.68,155.95,155.75,152.58,149.18,141.04,137.37,133.03
JNJ,Johnson & Johnson,Health Care,Pharmaceuticals,192.12,194.4,137.37,191.15,190.22,185.12,179.69,168.53,165.13,160.45
JCI,Johnson Controls,Industrials,Building Products,109.37,112.63,67.78,107.99,108.28,108.2,107.21,106.03,102.65,94.4
JPM,JPMorgan Chase,Financials,Diversified Banks,298.54,316.47,200.22,303.03,305.01,308.36,301.18,290.57,282.53,268.97
K,Kellanova,Consumer Staples,Packaged Foods & Meats,82.92,83.0,76.48,82.86,82.83,81.04,80.0,79.79,80.09,80.29
KVUE,Kenvue,Consumer Staples,Personal Care Products,14.11,24.71,14.05,15.88,16.0,16.31,18.67,20.13,20.75,21.12
KDP,Keurig Dr Pepper,Consumer Staples,Soft Drinks & Non-alcoholic Beverages,27.72,36.17,25.03,26.72,26.15,25.99,28.77,30.83,31.36,31.67
KEY,KeyCorp,Financials,Regional Banks,16.78,19.41,12.43,17.46,17.91,18.33,18.47,17.78,17.25,16.77
KEYS,Keysight Technologies,Information Technology,Electronic Equipment & Instruments,162.41,186.2,121.43,162.99,167.5,171.27,168.53,165.61,162.91,161.84
KMB,Kimberly-Clark,Consumer Staples,Household Products,119.7,147.59,118.18,119.73,120.33,121.83,126.58,128.34,129.18,130.33
KIM,Kimco Realty,Real Estate,Retail REITs,21.61,24.7,17.52,21.31,21.34,21.51,21.68,21.33,21.13,21.05
KMI,Kinder Morgan,Energy,Oil & Gas Storage & Transportation,27.21,30.49,23.22,27.31,27.66,27.79,27.24,27.46,27.33,27.15
KKR,KKR & Co.,Financials,Asset Management & Custody Banks,117.52,169.7,85.9,121.24,123.43,130.08,136.8,135.42,131.68,131.65
KLAC,KLA Corporation,Information Technology,Semiconductor Materials & Equipment,1098.8,1155.0,548.81,1043.85,1066.13,1072.58,977.21,926.8,885.4,816.4
KHC,Kraft Heinz,Consumer Staples,Packaged Foods & Meats,25.13,34.37,24.8,25.2,25.29,25.75,26.45,26.47,26.68,27.46
KR,Kroger,Consumer Staples,Food Retail,68.88,74.52,54.09,68.4,67.57,66.72,68.21,68.79,69.01,66.9
LHX,L3Harris,Industrials,Aerospace & Defense,284.29,308.12,190.25,291.95,296.66,294.34,282.41,268.97,259.19,239.81
LH,Labcorp,Health Care,Health Care Services,283.71,289.2,208.23,280.15,278.77,279.41,276.22,266.04,260.65,252.03
LRCX,Lam Research,Information Technology,Semiconductor Materials & Equipment,142.37,153.7,56.07,138.93,141.35,137.17,118.1,106.1,100.04,91.01
LW,Lamb Weston,Consumer Staples,Packaged Foods & Meats,64.96,82.35,47.25,64.13,63.89,60.2,57.44,55.51,54.69,55.09
LVS,Las Vegas Sands,Consumer Discretionary,Casinos & Gaming,49.14,58.05,29.84,48.46,50.25,52.06,53.43,49.72,47.47,45.4
LDOS,Leidos,Industrials,Diversified Support Services,184.41,200.78,122.65,186.44,191.51,189.57,183.88,169.84,166.01,155.72
LEN,Lennar,Consumer Discretionary,Homebuilding,122.87,180.51,97.13,120.87,121.83,123.57,128.71,119.69,117.26,118.41
LII,Lennox International,Industrials,Building Products,523.94,687.72,496.64,526.1,536.57,532.74,555.56,570.64,569.04,577.54
LLY,Lilly (Eli),Health Care,Pharmaceuticals,819.38,931.67,622.41,822.24,834.08,795.52,747.64,760.81,765.83,783.96
LIN,Linde plc,Materials,Industrial Gases,444.24,484.83,406.06,453.07,459.7,467.19,472.36,469.11,465.2,457.55
LYV,Live Nation Entertainment,Communication Services,Movies & Entertainment,151.71,175.25,112.88,153.32,153.69,157.95,161.8,154.16,150.8,144.77
LKQ,LKQ Corporation,Consumer Discretionary,Distributors,29.82,43.77,28.42,29.45,29.83,30.19,30.93,33.73,34.9,36.46
LMT,Lockheed Martin,Industrials,Aerospace & Defense,493.25,602.02,407.14,501.34,505.83,497.29,469.05,461.91,462.15,458.42
L,Loews Corporation,Financials,Multi-line Insurance,98.17,103.52,74.95,100.66,101.56,100.4,97.74,94.03,92.66,89.96
LOW,Lowe's,Consumer Discretionary,Home Improvement Retail,243.1,281.56,204.22,238.42,239.22,247.38,254.67,238.9,235.87,237.1
LULU,Lululemon Athletica,Consumer Discretionary,"Apparel, Accessories & Luxury Goods",164.62,423.32,159.25,167.64,170.94,173.3,181.89,213.32,228.53,273.73
LYB,LyondellBasell,Materials,Specialty Chemicals,45.86,85.79,44.89,46.09,47.41,48.66,51.59,54.85,54.94,59.93
MTB,M&T Bank,Financials,Regional Banks,178.63,219.44,148.52,182.85,186.45,192.56,194.11,191.45,187.81,185.42
MPC,Marathon Petroleum,Energy,Oil & Gas Refining & Marketing,181.15,201.61,113.82,182.48,186.69,189.62,179.64,173.8,168.38,158.56
MKTX,MarketAxess,Financials,Financial Exchanges & Data,171.07,292.5,161.61,172.8,171.49,174.02,181.03,198.32,202.5,205.1
MAR,Marriott International,Consumer Discretionary,"Hotels, Resorts & Cruise Lines",259.04,305.27,204.35,263.33,265.77,264.74,265.22,266.66,263.5,262.95
MMC,Marsh McLennan,Financials,Insurance Brokers,186.48,245.83,185.13,201.95,202.68,200.49,202.48,208.21,211.18,216.21
MLM,Martin Marietta Materials,Materials,Construction Materials,624.14,665.18,440.72,638.23,636.17,627.18,618.2,588.4,577.19,548.98
MAS,Masco,Industrials,Building Products,68.03,85.23,56.02,66.95,67.87,69.38,71.7,68.22,67.03,68.87
MA,Mastercard,Financials,Transaction & Payment Processing Services,549.88,600.98,463.61,559.47,567.44,569.74,579.02,571.6,568.58,556.42
MTCH,Match Group,Communication Services,Interactive Media & Services,32.35,38.99,26.09,32.25,32.83,34.38,36.13,33.99,33.02,32.46
MKC,McCormick & Company,Consumer Staples,Packaged Foods & Meats,66.6,84.63,63.22,65.76,66.12,65.81,67.74,70.02,70.79,72.97
MCD,McDonald's,Consumer Discretionary,Restaurants,305.33,322.65,271.85,302.45,299.38,301.08,305.56,301.72,303.71,300.9
MCK,McKesson Corporation,Health Care,Health Care Distributors,775.44,793.97,490.22,776.46,762.55,753.9,713.5,714.22,711.81,679.91
MDT,Medtronic,Health Care,Health Care Equipment,95.04,99.37,77.57,95.59,96.68,95.76,93.99,90.85,89.36,88.49
MRK,Merck & Co.,Health Care,Pharmaceuticals,83.92,107.6,71.87,84.88,86.39,84.19,83.33,81.38,80.64,83.79
META,Meta Platforms,Communication Services,Interactive Media & Services,712.07,795.71,479.11,711.85,714.99,731.19,747.95,727.29,700.05,671.31
MET,MetLife,Financials,Life & Health Insurance,77.84,87.17,64.24,80.59,81.44,81.26,79.99,78.83,78.36,79.0
MTD,Mettler Toledo,Health Care,Life Sciences Tools & Services,1359.61,1486.76,946.69,1305.01,1312.96,1278.79,1283.86,1240.74,1212.03,1221.39
MGM,MGM Resorts,Consumer Discretionary,Casinos & Gaming,31.69,42.54,25.3,31.83,32.49,33.76,35.45,35.32,34.69,33.97
MCHP,Microchip Technology,Information Technology,Semiconductors,65.35,77.17,33.63,63.99,65.08,64.99,65.05,66.76,63.64,59.32
MU,Micron Technology,Information Technology,Semiconductors,202.53,206.34,61.44,191.18,190.93,178.74,149.32,131.66,122.35,110.78
MSFT,Microsoft,Information Technology,Systems Software,511.61,554.54,343.59,512.72,518.08,515.95,512.11,502.24,486.61,454.42
MAA,Mid-America Apartment Communities,Real Estate,Multi-Family Residential REITs,131.43,168.08,131.19,132.34,133.37,135.62,138.51,142.78,145.62,148.39
MRNA,Moderna,Health Care,Biotechnology,27.14,58.62,23.15,26.94,27.35,26.66,25.96,27.59,27.29,29.79
MHK,Mohawk Industries,Consumer Discretionary,Home Furnishings,126.99,164.29,96.24,123.39,123.67,126.06,129.08,118.73,116.09,116.38
MOH,Molina Healthcare,Health Care,Managed Health Care,188.56,359.97,151.95,192.83,197.32,192.81,180.66,212.49,233.73,261.57
TAP,Molson Coors Beverage Company,Consumer Staples,Brewers,47.04,63.47,43.8,46.43,46.2,45.77,48.19,48.94,50.25,52.69
MDLZ,Mondelez International,Consumer Staples,Packaged Foods & Meats,61.6,70.58,52.78,61.6,61.77,62.28,61.86,64.28,64.49,63.24
MPWR,Monolithic Power Systems,Information Technology,Semiconductors,1026.83,1041.5,437.16,977.82,968.17,938.25,881.04,800.53,767.23,707.15
MNST,Monster Beverage,Consumer Staples,Soft Drinks & Non-alcoholic Beverages,70.16,70.51,45.7,68.84,68.44,67.05,64.98,63.31,62.78,59.17
MCO,Moody's Corporation,Financials,Financial Exchanges & Data,468.56,528.95,377.3,477.23,482.56,480.75,497.9,495.58,488.69,481.85
MS,Morgan Stanley,Financials,Investment Banking & Brokerage,160.02,166.77,92.93,157.0,156.86,157.96,152.8,144.61,139.76,133.51
MOS,Mosaic Company (The),Materials,Fertilizers & Agricultural Chemicals,29.43,37.97,21.99,30.1,32.4,33.47,33.02,34.37,33.8,30.78
MSI,Motorola Solutions,Information Technology,Communications Equipment,437.21,502.83,387.0,449.86,453.77,457.0,463.98,441.45,436.94,437.77
MSCI,MSCI Inc.,Financials,Financial Exchanges & Data,533.34,636.39,483.67,546.32,555.09,559.69,562.57,562.05,559.67,563.65
NDAQ,"Nasdaq, Inc.",Financials,Financial Exchanges & Data,87.94,97.36,64.46,89.08,89.09,88.58,91.98,90.3,87.79,83.68
NTAP,NetApp,Information Technology,"Technology Hardware, Storage & Peripherals",119.4,132.76,71.18,118.84,119.35,120.05,116.58,110.05,106.57,105.7
NFLX,Netflix,Communication Services,Movies & Entertainment,1183.59,1341.15,677.88,1208.27,1199.43,1201.44,1213.16,1221.75,1204.33,1106.98
NEM,Newmont,Materials,Gold,98.27,98.58,36.35,91.39,89.29,86.83,78.61,68.54,65.27,57.42
NWSA,News Corp (Class A),Communication Services,Publishing,25.91,31.61,23.3,26.2,26.83,28.52,29.06,28.95,28.66,28.19
NWS,News Corp (Class B),Communication Services,Publishing,29.48,35.47,26.17,29.64,30.32,31.97,32.87,33.04,32.8,32.16
NEE,NextEra Energy,Utilities,Multi-Utilities,85.05,86.74,60.75,84.63,83.63,79.24,75.14,73.39,72.27,70.92
NKE,"Nike, Inc.",Consumer Discretionary,"Apparel, Accessories & Luxury Goods",66.84,82.92,51.67,67.11,68.47,69.78,73.02,70.78,68.34,68.85
NI,NiSource,Utilities,Multi-Utilities,43.22,44.52,33.38,43.06,43.37,42.82,42.07,41.07,40.61,39.6
NDSN,Nordson Corporation,Industrials,Industrial Machinery & Supplies & Components,232.0,262.94,163.83,231.18,232.24,229.22,224.17,219.33,213.86,210.41
NSC,Norfolk Southern,Industrials,Rail Transportation,288.49,302.24,199.43,289.29,293.36,294.12,284.97,272.72,263.86,253.46
NTRS,Northern Trust,Financials,Asset Management & Custody Banks,124.57,135.48,80.54,127.04,129.3,130.7,129.14,124.22,118.99,112.36
NOC,Northrop Grumman,Industrials,Aerospace & Defense,598.98,640.9,420.66,615.44,619.99,605.32,591.44,553.4,537.75,515.53
NCLH,Norwegian Cruise Line Holdings,Consumer Discretionary,"Hotels, Resorts & Cruise Lines",22.85,29.29,14.21,23.13,23.5,24.23,24.66,22.88,21.84,22.22
NRG,NRG Energy,Utilities,Independent Power Producers & Energy Traders,169.93,175.96,79.04,167.21,166.47,166.05,157.9,156.68,151.04,131.48
NUE,Nucor,Materials,Steel,132.66,167.56,96.79,135.71,136.4,135.93,140.43,135.53,131.35,128.55
NVDA,Nvidia,Information Technology,Semiconductors,181.81,195.62,86.61,182.63,185.3,183.46,179.52,168.43,158.51,145.3
NVR,"NVR, Inc.",Consumer Discretionary,Homebuilding,7605.88,9964.77,6562.85,7604.78,7748.68,7885.04,8061.42,7751.11,7631.75,7597.19
NXPI,NXP Semiconductors,Information Technology,Semiconductors,217.41,251.87,146.73,214.56,219.98,223.11,224.19,219.74,214.24,210.16
ORLY,O’Reilly Automotive,Consumer Discretionary,Automotive Retail,101.17,108.72,76.22,102.27,102.18,103.65,103.85,98.29,96.95,93.48
OXY,Occidental Petroleum,Energy,Oil & Gas Exploration & Production,41.04,52.36,34.4,41.95,43.49,45.09,45.33,44.37,43.63,44.78
ODFL,Old Dominion,Industrials,Cargo Ground Transportation,138.1,231.78,133.69,135.81,139.06,139.57,145.34,153.14,154.36,162.62
OMC,Omnicom Group,Communication Services,Advertising,77.21,103.32,67.76,77.62,78.12,77.6,76.95,74.36,74.32,76.49
ON,ON Semiconductor,Information Technology,Semiconductors,52.97,76.06,31.04,49.74,49.74,49.87,49.69,51.68,49.53,49.02
OKE,Oneok,Energy,Oil & Gas Storage & Transportation,67.22,113.92,67.09,68.88,70.61,71.72,73.03,76.63,77.74,83.96
ORCL,Oracle Corporation,Information Technology,Application Software,313.0,345.12,117.98,303.32,296.22,296.63,270.86,243.47,224.39,199.0
OTIS,Otis Worldwide,Industrials,Industrial Machinery & Supplies & Components,90.67,105.86,83.85,90.32,90.53,90.44,88.82,91.77,92.57,94.05
PCAR,Paccar,Industrials,Construction Machinery & Heavy Transportation Equipment,95.16,114.66,84.08,94.35,95.6,96.91,98.43,96.87,95.84,98.18
PKG,Packaging Corporation of America,Materials,Paper & Plastic Packaging Products & Materials,205.34,244.78,170.61,208.05,210.29,212.49,209.39,202.19,198.73,201.4
PLTR,Palantir Technologies,Information Technology,Application Software,178.12,190.0,40.36,178.03,179.39,180.39,172.21,157.5,149.43,126.16
PANW,Palo Alto Networks,Information Technology,Systems Software,205.51,217.94,144.15,208.32,210.54,207.7,195.53,195.06,193.02,188.74
PSKY,Paramount Skydance Corporation,Communication Services,Movies & Entertainment,16.9,20.86,9.92,17.14,17.89,18.45,16.33,14.38,13.82,12.77
PH,Parker Hannifin,Industrials,Industrial Machinery & Supplies & Components,726.16,779.77,485.92,729.16,741.52,748.03,749.0,720.87,702.41,676.88
PAYX,Paychex,Industrials,Human Resource & Employment Services,126.49,160.03,119.02,127.11,126.34,126.95,132.83,140.23,141.83,142.79
PAYC,Paycom,Industrials,Human Resource & Employment Services,200.49,267.33,160.2,200.33,201.51,207.41,216.89,227.51,229.88,222.45
PYPL,PayPal,Financials,Transaction & Payment Processing Services,66.05,93.66,55.85,68.38,70.89,69.32,68.86,70.91,70.4,72.23
PNR,Pentair,Industrials,Industrial Machinery & Supplies & Components,108.7,113.95,73.85,109.09,110.21,110.14,108.81,105.37,102.94,99.05
PEP,PepsiCo,Consumer Staples,Soft Drinks & Non-alcoholic Beverages,152.67,170.89,125.14,150.87,146.04,143.68,144.68,139.14,137.41,140.06
PFE,Pfizer,Health Care,Pharmaceuticals,24.23,27.86,20.18,24.53,25.36,25.05,24.88,24.45,24.04,24.25
PCG,PG&E Corporation,Utilities,Multi-Utilities,16.5,21.59,12.95,16.28,16.25,15.61,15.32,14.84,15.3,15.81
PM,Philip Morris International,Consumer Staples,Tobacco,155.98,183.57,113.18,158.54,156.62,158.78,162.44,168.42,168.24,157.75
PSX,Phillips 66,Energy,Oil & Gas Refining & Marketing,128.36,142.35,89.26,129.06,130.6,132.79,129.74,125.46,122.18,120.07
PNW,Pinnacle West Capital,Utilities,Multi-Utilities,93.0,94.64,79.08,92.94,92.12,89.72,89.78,89.7,90.02,89.17
PNC,PNC Financial Services,Financials,Diversified Banks,178.37,208.54,141.09,183.59,187.78,194.08,196.17,189.92,184.76,182.3
POOL,Pool Corporation,Consumer Discretionary,Distributors,290.17,391.14,281.15,291.54,297.37,304.05,312.99,307.22,306.15,315.36
PPG,PPG Industries,Materials,Specialty Chemicals,101.01,129.03,89.08,99.68,100.92,103.26,107.5,109.69,109.25,109.96
PPL,PPL Corporation,Utilities,Electric Utilities,37.31,38.26,30.49,37.56,37.34,36.88,36.43,35.4,35.3,34.57
PFG,Principal Financial Group,Financials,Life & Health Insurance,78.39,88.63,67.06,79.93,81.61,82.05,80.3,78.97,78.31,78.78
PG,Procter & Gamble,Consumer Staples,Personal Care Products,149.6,177.66,146.97,148.67,149.99,151.55,154.89,156.68,157.53,160.3
PGR,Progressive Corporation,Financials,Property & Casualty Insurance,221.74,292.65,217.2,232.98,238.02,240.42,244.07,251.47,256.68,258.72
PLD,Prologis,Real Estate,Industrial REITs,121.17,125.04,83.8,116.67,116.39,115.37,112.05,109.19,108.01,108.72
PRU,Prudential Financial,Financials,Life & Health Insurance,99.85,125.75,88.12,101.41,102.35,102.79,104.72,104.07,103.5,105.37
PEG,Public Service Enterprise Group,Utilities,Electric Utilities,84.34,92.35,73.5,82.78,82.15,82.16,82.62,82.53,81.68,81.59
PTC,PTC Inc.,Information Technology,Application Software,201.99,219.69,133.38,201.25,202.16,202.96,206.67,195.35,188.55,180.77
PSA,Public Storage,Real Estate,Self-Storage REITs,306.73,342.02,251.43,300.79,296.9,290.72,287.44,288.1,289.1,289.03
PHM,PulteGroup,Consumer Discretionary,Homebuilding,123.88,148.31,87.74,122.8,126.57,129.12,130.4,119.08,115.56,111.8
PWR,Quanta Services,Industrials,Construction & Engineering,437.52,446.6,226.97,430.93,429.85,417.28,395.48,386.23,372.12,339.3
QCOM,Qualcomm,Information Technology,Semiconductors,164.08,178.09,119.4,160.83,164.09,166.32,161.05,157.37,154.81,155.29
DGX,Quest Diagnostics,Health Care,Health Care Services,186.82,190.64,144.18,185.28,182.84,183.95,181.41,177.0,176.28,170.88
RL,Ralph Lauren Corporation,Consumer Discretionary,"Apparel, Accessories & Luxury Goods",323.16,330.11,175.49,317.23,320.58,316.04,306.19,293.72,283.79,266.45
RJF,Raymond James Financial,Financials,Investment Banking & Brokerage,160.18,177.15,116.85,161.31,163.6,167.9,166.94,160.79,157.22,154.48
RTX,RTX Corporation,Industrials,Aerospace & Defense,157.05,170.85,111.21,158.0,162.54,162.68,158.98,152.45,147.5,139.08
O,Realty Income,Real Estate,Retail REITs,59.29,61.34,49.31,58.92,59.22,59.49,58.78,57.49,57.03,55.67
REG,Regency Centers,Real Estate,Retail REITs,71.72,75.93,62.21,71.56,71.47,71.51,71.37,70.77,70.78,70.68
REGN,Regeneron Pharmaceuticals,Health Care,Biotechnology,569.17,1019.99,475.77,568.11,574.3,575.9,573.8,556.01,561.38,600.76
RF,Regions Financial Corporation,Financials,Regional Banks,23.35,27.61,17.36,24.39,25.05,25.81,26.11,24.78,23.96,23.24
RSG,Republic Services,Industrials,Environmental & Facilities Services,218.23,257.43,195.57,222.39,222.91,224.75,228.78,236.41,238.25,233.23
RMD,ResMed,Health Care,Health Care Equipment,270.0,293.81,199.07,270.96,275.83,274.28,277.44,267.82,262.02,249.52
RVTY,Revvity,Health Care,Health Care Equipment,94.0,129.23,81.36,91.31,91.86,89.2,88.37,91.68,91.9,99.41
ROK,Rockwell Automation,Industrials,Electrical Components & Equipment,348.02,359.54,213.27,343.41,345.02,345.21,343.92,338.99,325.85,304.3
ROL,"Rollins, Inc.",Industrials,Environmental & Facilities Services,55.24,59.12,44.94,56.25,57.1,57.11,57.13,56.87,56.69,54.34
ROP,Roper Technologies,Information Technology,Electronic Equipment & Instruments,500.08,592.47,491.43,507.07,509.09,504.8,515.44,537.35,542.77,548.18
ROST,Ross Stores,Consumer Discretionary,Apparel Retail,155.21,157.91,121.69,153.99,152.72,151.39,149.3,141.85,142.17,140.74
RCL,Royal Caribbean Group,Consumer Discretionary,"Hotels, Resorts & Cruise Lines",298.51,365.38,163.05,306.87,309.58,317.25,327.4,315.49,297.99,271.23
SPGI,S&P Global,Financials,Financial Exchanges & Data,472.05,578.04,425.6,481.41,481.65,486.26,523.43,522.97,518.17,511.83
CRM,Salesforce,Information Technology,Application Software,246.0,366.78,226.09,242.56,242.44,242.63,243.82,254.13,257.95,273.87
SBAC,SBA Communications,Real Estate,Telecom Tower REITs,197.42,247.78,185.45,192.03,190.45,192.91,202.25,215.94,218.83,214.89
SLB,Schlumberger,Energy,Oil & Gas Equipment & Services,32.92,43.66,30.61,32.41,33.24,33.93,34.32,34.33,34.26,36.12
STX,Seagate Technology,Information Technology,"Technology Hardware, Storage & Peripherals",226.03,264.83,62.66,218.19,225.76,228.46,195.77,167.28,152.67,128.9
SRE,Sempra,Utilities,Multi-Utilities,91.14,95.72,60.93,91.23,91.9,89.31,84.6,80.41,79.18,77.56
NOW,ServiceNow,Information Technology,Systems Software,894.49,1198.09,678.66,904.24,908.29,919.56,908.5,948.79,951.9,945.57
SHW,Sherwin-Williams,Materials,Specialty Chemicals,331.46,397.81,307.5,332.89,335.57,339.63,353.2,349.47,349.21,348.01
SPG,Simon Property Group,Real Estate,Retail REITs,176.74,188.43,132.99,176.55,178.31,181.23,177.66,168.84,166.19,165.79
SWKS,Skyworks Solutions,Information Technology,Semiconductors,74.47,97.73,47.01,72.8,74.21,76.62,75.04,73.49,71.9,71.68
SJM,J.M. Smucker Company (The),Consumer Staples,Packaged Foods & Meats,103.89,121.73,92.38,103.21,105.06,106.76,108.63,106.26,107.38,107.17
SW,Smurfit Westrock,Materials,Paper & Plastic Packaging Products & Materials,41.32,55.46,36.31,41.46,41.69,42.25,43.79,44.07,43.72,45.37
SNA,Snap-on,Industrials,Industrial Machinery & Supplies & Components,344.17,366.68,286.03,334.62,336.9,339.38,331.96,324.6,322.22,325.91
SOLV,Solventum,Health Care,Health Care Technology,71.44,85.92,60.7,71.18,72.01,72.37,72.63,73.38,72.53,72.75
SO,Southern Company,Utilities,Electric Utilities,98.43,100.83,78.5,98.84,97.3,95.54,93.89,92.45,91.69,89.31
LUV,Southwest Airlines,Industrials,Passenger Airlines,33.29,37.75,23.55,32.69,32.51,32.5,31.87,32.47,31.81,31.29
SWK,Stanley Black & Decker,Industrials,Industrial Machinery & Supplies & Components,67.91,105.27,52.62,66.31,69.7,72.11,73.68,70.69,69.07,72.42
SBUX,Starbucks,Consumer Discretionary,Restaurants,84.34,115.87,74.48,81.37,81.65,83.24,85.84,88.46,87.3,91.49
STT,State Street Corporation,Financials,Asset Management & Custody Banks,112.95,118.24,71.77,114.05,115.43,114.61,112.89,108.2,104.7,99.59
STLD,Steel Dynamics,Materials,Steel,142.65,153.16,102.41,144.49,144.62,141.68,134.56,132.14,131.51,128.51
STE,Steris,Health Care,Health Care Equipment,240.3,253.0,199.47,237.24,239.26,242.81,244.71,239.37,237.57,230.31
SYK,Stryker Corporation,Health Care,Health Care Equipment,369.25,403.95,327.71,367.7,369.0,369.58,378.57,382.36,380.82,377.91
SMCI,Supermicro,Information Technology,"Technology Hardware, Storage & Peripherals",53.84,66.44,17.25,53.7,54.68,51.2,46.79,47.5,45.33,42.18
SYF,Synchrony Financial,Financials,Consumer Finance,70.25,77.41,40.15,70.71,70.9,72.19,73.22,69.39,66.48,63.6
SNPS,Synopsys,Information Technology,Application Software,440.2,651.73,365.74,441.36,460.58,474.22,529.49,533.34,522.04,503.75
SYY,Sysco,Consumer Staples,Food Distributors,78.83,83.13,66.22,79.16,79.55,80.57,80.33,78.02,76.53,74.71
TMUS,T-Mobile US,Communication Services,Wireless Telecommunication Services,226.45,274.51,206.21,227.27,227.21,232.09,241.8,238.05,239.19,241.64
TROW,T. Rowe Price,Financials,Asset Management & Custody Banks,103.15,119.7,75.88,104.36,104.84,104.17,105.06,101.28,98.99,99.01
TTWO,Take-Two Interactive,Communication Services,Interactive Home Entertainment,259.23,264.79,154.03,257.42,257.7,255.34,244.11,238.65,236.1,222.82
TPR,"Tapestry, Inc.",Consumer Discretionary,"Apparel, Accessories & Luxury Goods",116.51,118.56,42.3,114.35,114.77,113.81,108.06,100.15,95.02,86.69
TRGP,Targa Resources,Energy,Oil & Gas Storage & Transportation,146.3,215.2,145.91,150.38,157.31,162.92,163.86,165.26,165.17,174.93
TGT,Target Corporation,Consumer Staples,Consumer Staples Merchandise Retail,90.07,155.5,85.36,88.56,88.95,88.59,93.45,96.28,95.88,103.8
TEL,TE Connectivity,Information Technology,Electronic Manufacturing Services,224.19,226.5,115.38,220.3,221.42,219.79,211.79,193.85,185.14,169.44
TDY,Teledyne Technologies,Information Technology,Electronic Equipment & Instruments,561.49,595.99,419.0,566.74,576.8,574.94,558.09,538.95,526.77,512.42
TER,Teradyne,Information Technology,Semiconductor Materials & Equipment,139.3,150.71,65.6,137.7,141.2,138.03,123.77,107.31,101.32,102.86
TSLA,"Tesla, Inc.",Consumer Discretionary,Automobile Manufacturers,428.75,488.54,212.11,428.51,433.29,435.45,385.11,353.28,342.61,334.61
TXN,Texas Instruments,Information Technology,Semiconductors,175.48,220.1,137.77,174.3,177.12,179.65,187.13,192.86,188.05,184.57
TPL,Texas Pacific Land Corporation,Energy,Oil & Gas Exploration & Production,938.18,1759.83,844.11,910.79,929.75,928.79,914.13,980.77,1051.31,1147.96
TXT,Textron,Industrials,Aerospace & Defense,81.65,91.21,57.67,82.24,84.13,84.0,81.93,80.63,78.83,76.74
TMO,Thermo Fisher Scientific,Health Care,Life Sciences Tools & Services,536.78,609.27,385.11,527.97,533.72,507.79,493.07,458.42,449.91,477.43
TJX,TJX Companies,Consumer Discretionary,Apparel Retail,142.55,146.46,110.34,142.72,142.0,141.94,138.97,131.96,131.24,127.45
TKO,TKO Group Holdings,Communication Services,Movies & Entertainment,187.83,212.49,113.01,188.93,191.87,195.82,191.58,179.85,175.81,166.27
TTD,Trade Desk (The),Communication Services,Advertising,49.9,141.53,42.96,51.07,52.17,49.94,51.41,64.03,63.93,71.54
TSCO,Tractor Supply,Consumer Discretionary,Other Specialty Retail,55.16,63.75,46.46,55.12,54.8,56.02,58.63,56.42,55.23,54.62
TT,Trane Technologies,Industrials,Building Products,415.92,475.11,296.82,419.06,421.23,417.13,417.67,426.09,419.17,395.03
TDG,TransDigm Group,Industrials,Aerospace & Defense,1249.42,1519.36,1107.45,1274.14,1279.69,1287.58,1295.9,1353.95,1345.05,1307.21
TRV,Travelers Companies (The),Financials,Property & Casualty Insurance,261.57,287.95,227.43,269.43,275.66,276.38,273.31,268.01,267.21,259.42
TRMB,Trimble Inc.,Information Technology,Electronic Equipment & Instruments,77.87,87.5,52.91,77.46,78.78,79.96,80.86,79.09,76.48,73.94
TFC,Truist Financial,Financials,Diversified Banks,41.09,47.46,32.72,42.71,43.8,44.76,45.02,43.56,42.53,42.29
TYL,Tyler Technologies,Information Technology,Application Software,496.54,661.31,483.56,503.12,502.43,512.47,541.28,558.41,557.99,569.24
TSN,Tyson Foods,Consumer Staples,Packaged Foods & Meats,52.16,63.75,51.07,52.4,52.91,53.49,54.96,54.66,55.09,56.08
USB,U.S. Bancorp,Financials,Diversified Banks,45.65,51.66,34.43,46.13,46.8,47.72,47.44,45.96,44.96,44.4
UBER,Uber,Industrials,Passenger Ground Transportation,92.52,101.99,59.33,93.75,95.85,96.94,95.13,92.15,90.54,83.42
UDR,"UDR, Inc.",Real Estate,Multi-Family Residential REITs,35.91,44.96,35.21,36.07,35.92,36.29,37.32,38.6,39.06,39.85
ULTA,Ulta Beauty,Consumer Discretionary,Other Specialty Retail,537.29,572.23,309.01,541.8,551.61,546.09,530.73,504.81,483.17,443.99
UNP,Union Pacific Corporation,Industrials,Rail Transportation,224.04,252.32,202.16,225.63,229.84,230.61,224.22,224.78,223.37,227.11
UAL,United Airlines Holdings,Industrials,Passenger Airlines,98.19,116.0,52.0,100.26,98.98,99.3,101.12,92.22,88.5,88.81
UPS,United Parcel Service,Industrials,Air Freight & Logistics,85.64,136.36,82.0,83.97,85.07,84.58,85.33,91.0,91.64,99.05
URI,United Rentals,Industrials,Trading Companies & Distributors,1005.65,1021.36,523.58,990.14,988.23,968.82,946.21,859.05,819.89,762.81
UNH,UnitedHealth Group,Health Care,Managed Health Care,356.67,617.34,233.13,358.18,361.12,353.54,325.01,308.04,319.2,390.71
UHS,Universal Health Services,Health Care,Health Care Facilities,204.24,239.23,152.16,201.38,203.75,201.39,190.08,182.69,182.41,181.94
VLO,Valero Energy,Energy,Oil & Gas Refining & Marketing,156.39,178.43,97.37,159.8,161.04,165.28,155.12,146.3,141.18,135.7
VTR,Ventas,Real Estate,Health Care REITs,69.55,70.52,55.47,68.32,68.51,68.47,68.04,65.97,65.83,64.75
VLTO,Veralto,Industrials,Environmental & Facilities Services,101.91,114.5,83.69,101.82,103.4,104.52,106.11,103.76,102.26,100.67
VRSN,Verisign,Information Technology,Internet Services & Infrastructure,259.79,309.71,174.64,263.08,265.93,273.93,274.75,277.51,276.86,258.78
VRSK,Verisk Analytics,Industrials,Research & Consulting Services,229.06,321.9,228.09,240.31,242.65,244.39,256.58,279.41,283.47,284.86
VZ,Verizon,Communication Services,Integrated Telecommunication Services,40.36,45.09,35.79,40.18,40.6,41.66,42.59,42.1,42.06,41.27
VRTX,Vertex Pharmaceuticals,Health Care,Biotechnology,408.61,519.88,362.5,408.78,409.64,399.33,394.15,423.86,431.53,444.95
VTRS,Viatris,Health Care,Pharmaceuticals,10.1,13.04,6.68,9.92,10.0,9.89,10.1,9.49,9.24,9.43
VICI,Vici Properties,Real Estate,Hotel & Resort REITs,30.73,33.54,26.86,31.0,31.43,31.84,32.31,32.18,31.94,31.11
V,Visa Inc.,Financials,Transaction & Payment Processing Services,335.4,374.85,276.41,343.28,346.64,343.87,343.81,348.78,348.6,343.48
VST,Vistra Corp.,Utilities,Electric Utilities,210.4,219.82,90.3,206.63,205.17,204.7,200.79,193.32,182.59,167.43
VMC,Vulcan Materials Company,Materials,Construction Materials,296.23,311.74,214.34,302.52,303.02,301.4,295.66,280.85,276.93,266.83
WRB,W. R. Berkley Corporation,Financials,Property & Casualty Insurance,73.65,78.48,55.38,76.72,77.06,76.04,73.46,72.23,72.04,68.18
GWW,W. W. Grainger,Industrials,Industrial Machinery & Supplies & Components,954.56,1219.65,889.92,951.07,956.54,958.55,980.35,1011.38,1018.1,1018.34
WAB,Wabtec,Industrials,Construction Machinery & Heavy Transportation Equipment,193.61,215.82,151.42,194.26,196.56,196.24,193.43,198.67,197.28,193.65
WBA,Walgreens Boots Alliance,Consumer Staples,Drug Retail,11.98,,,11.98,12.03,11.93,11.67,11.39,11.33,10.81
WMT,Walmart,Consumer Staples,Consumer Staples Merchandise Retail,106.47,109.57,79.43,105.33,103.93,103.29,101.72,99.3,98.71,96.31
DIS,Walt Disney Company (The),Communication Services,Movies & Entertainment,109.88,124.69,79.76,110.44,111.28,112.28,114.78,116.69,113.33,109.67
WBD,Warner Bros. Discovery,Communication Services,Broadcasting,18.29,20.24,7.25,17.92,18.18,18.82,15.38,13.4,12.47,11.6
WM,Waste Management,Industrials,Environmental & Facilities Services,213.29,240.84,197.52,216.29,217.39,217.89,221.49,225.95,226.58,224.14
WAT,Waters Corporation,Health Care,Life Sciences Tools & Services,334.87,423.56,275.05,333.55,330.02,315.3,303.66,316.18,322.18,342.71
WEC,WEC Energy Group,Utilities,Electric Utilities,116.19,118.08,89.63,116.01,115.16,113.66,110.42,107.91,107.51,104.94
WFC,Wells Fargo,Financials,Diversified Banks,84.0,87.47,57.76,82.31,81.37,82.56,81.0,79.58,78.03,75.85
WELL,Welltower,Real Estate,Health Care REITs,172.08,180.4,121.46,169.31,170.51,171.85,168.64,162.05,159.13,152.31
WST,West Pharmaceutical Services,Health Care,Health Care Supplies,267.19,351.24,187.09,263.11,265.37,262.74,254.16,239.79,234.26,245.72
WDC,Western Digital,Information Technology,"Technology Hardware, Storage & Peripherals",125.92,137.4,28.74,118.75,121.12,118.14,98.17,80.67,73.49,62.86
WY,Weyerhaeuser,Real Estate,Timber REITs,23.65,32.6,23.49,23.83,24.28,24.42,25.08,25.47,25.46,26.62
WSM,"Williams-Sonoma, Inc.",Consumer Discretionary,Homefurnishing Retail,187.5,218.08,123.89,188.1,190.55,194.13,197.36,183.37,178.53,180.32
WMB,Williams Companies,Energy,Oil & Gas Storage & Transportation,62.53,65.55,48.59,62.79,63.26,62.98,59.62,59.23,58.9,57.78
WTW,Willis Towers Watson,Financials,Insurance Brokers,328.0,352.79,283.83,336.87,341.2,341.15,334.93,320.47,317.94,319.52
WDAY,"Workday, Inc.",Information Technology,Application Software,227.6,294.0,205.33,233.86,235.38,237.7,230.87,234.75,238.24,242.76
WYNN,Wynn Resorts,Consumer Discretionary,Casinos & Gaming,115.92,134.23,64.93,116.5,119.88,124.43,120.58,109.67,105.05,96.71
XEL,Xcel Energy,Utilities,Multi-Utilities,81.1,83.01,60.62,80.97,81.11,79.18,74.96,71.9,71.37,69.66
XYL,Xylem Inc.,Industrials,Industrial Machinery & Supplies & Components,144.83,151.16,99.87,145.5,147.04,145.71,143.17,136.61,133.46,128.56
YUM,Yum! Brands,Consumer Discretionary,Restaurants,143.38,161.72,120.38,142.79,144.89,147.81,146.73,145.78,145.76,144.65
ZBRA,Zebra Technologies,Information Technology,Electronic Equipment & Instruments,293.93,427.76,205.73,286.82,294.38,299.19,309.72,310.59,301.88,310.41
ZBH,Zimmer Biomet,Health Care,Health Care Equipment,99.92,113.87,88.77,97.49,98.19,98.57,101.36,97.08,96.99,100.27
ZTS,Zoetis,Health Care,Pharmaceuticals,143.26,194.19,138.77,142.44,143.36,143.8,148.66,153.06,153.79,157.07
