Symbol,Company,GICS_Sector,GICS_Sub_Industry,Current_Price,High_52_Week,Low_52_Week,SMA5,SMA10,SMA20,SMA50,SMA200,Score,Target_Pcnt,Target_Price,Stop_Loss
MMM,3M,Industrials,Industrial Conglomerates,153.57,159.46,122.31,154.29,154.74,154.92,153.27,143.8,0.0,3.52,158.98,150.86
AOS,A. O. Smith,Industrials,Building Products,72.49,88.84,59.04,72.95,72.13,72.34,70.82,67.79,0.0,2.32,74.17,70.51
ABT,Abbott Laboratories,Health Care,Health Care Equipment,129.36,138.95,110.09,131.85,131.84,131.54,130.41,126.98,0.0,3.39,133.75,129.34
ABBV,AbbVie,Health Care,Biotechnology,211.64,213.0,160.57,211.48,210.76,208.92,198.43,187.92,0.0,1.37,214.54,203.28
ACN,Accenture,Information Technology,IT Consulting & Other Services,243.11,394.31,237.87,251.71,254.21,253.29,266.43,314.96,-0.2,7.93,262.39,244.2
ADBE,Adobe Inc.,Information Technology,Application Software,350.16,586.55,333.65,351.23,351.73,353.86,359.18,406.69,0.0,3.96,364.03,343.67
AMD,Advanced Micro Devices,Information Technology,Semiconductors,159.54,184.42,78.21,155.94,160.25,165.74,161.85,125.95,0.2,14.59,182.82,148.66
AES,AES Corporation,Utilities,Independent Power Producers & Energy Traders,12.73,19.11,9.5,12.78,13.09,13.17,12.91,11.57,0.0,7.78,13.72,12.62
AFL,Aflac,Financials,Life & Health Insurance,107.23,112.86,97.56,107.07,106.81,106.72,103.5,104.22,-0.3,1.73,109.09,104.36
A,Agilent Technologies,Health Care,Life Sciences Tools & Services,124.12,151.96,99.08,127.15,125.55,122.37,119.45,123.44,0.1,4.75,130.02,114.74
APD,Air Products,Materials,Industrial Gases,287.5,333.89,247.03,288.68,291.06,291.95,291.6,291.64,0.1,3.59,297.82,286.08
ABNB,Airbnb,Consumer Discretionary,"Hotels, Resorts & Cruise Lines",123.41,161.42,105.69,124.2,126.44,126.32,131.08,131.17,0.0,6.03,130.85,121.8
AKAM,Akamai Technologies,Information Technology,Internet Services & Infrastructure,76.75,106.67,68.21,77.91,77.99,76.96,77.27,83.78,0.0,3.84,79.7,74.22
ALB,Albemarle Corporation,Materials,Specialty Chemicals,73.32,109.53,50.43,77.74,80.59,80.8,75.95,75.18,-0.4,19.48,87.6,74.0
ARE,Alexandria Real Estate Equities,Real Estate,Office REITs,84.0,117.87,66.61,84.17,82.93,80.37,78.66,84.63,0.1,3.21,86.7,74.04
ALGN,Align Technology,Health Care,Health Care Supplies,132.94,257.17,129.01,135.91,137.41,140.72,164.2,186.29,0.0,12.49,149.54,131.91
ALLE,Allegion,Industrials,Building Products,170.43,173.1,118.08,171.22,170.46,169.81,161.95,140.36,0.0,1.72,173.36,166.27
LNT,Alliant Energy,Utilities,Electric Utilities,63.99,66.97,54.87,64.28,64.65,65.15,64.19,61.15,0.2,4.44,66.83,63.46
ALL,Allstate,Financials,Property & Casualty Insurance,200.03,212.57,177.81,202.06,202.72,204.49,199.93,196.28,0.2,5.55,211.13,197.85
GOOGL,Alphabet Inc. (Class A),Communication Services,Interactive Media & Services,239.17,239.63,144.4,235.94,225.28,214.28,198.53,179.96,0.0,1.44,242.61,185.95
GOOG,Alphabet Inc. (Class C),Communication Services,Interactive Media & Services,239.56,239.94,146.27,236.21,225.73,214.93,199.34,181.39,0.0,1.34,242.77,187.09
MO,Altria,Consumer Staples,Tobacco,66.23,67.68,46.47,66.27,66.51,66.55,62.82,56.83,0.2,2.45,67.85,65.25
AMZN,Amazon,Consumer Discretionary,Broadline Retail,230.33,242.06,167.32,234.48,231.35,229.54,226.41,213.69,0.0,3.16,237.61,221.47
AMCR,Amcor,Materials,Paper & Plastic Packaging Products & Materials,8.23,10.94,8.19,8.26,8.38,8.55,9.18,9.39,-0.2,12.64,9.27,7.84
AEE,Ameren,Utilities,Multi-Utilities,99.29,102.53,81.1,99.57,99.44,100.01,98.91,95.2,0.2,2.38,101.65,98.37
AEP,American Electric Power,Utilities,Electric Utilities,108.33,114.06,87.97,108.2,109.68,111.22,109.2,101.86,0.0,6.44,115.31,107.14
AXP,American Express,Financials,Consumer Finance,323.35,331.28,230.81,325.99,326.56,318.55,312.97,295.08,0.4,4.18,336.87,300.23
AIG,American International Group,Financials,Multi-line Insurance,78.0,87.26,69.3,79.24,80.37,80.97,80.58,79.17,0.0,7.68,83.99,77.96
AMT,American Tower,Real Estate,Telecom Tower REITs,193.76,235.15,170.7,195.08,198.18,202.75,212.32,204.37,-0.2,10.55,214.2,191.3
AWK,American Water Works,Utilities,Water Utilities,138.5,150.19,118.87,140.76,141.71,143.1,142.08,136.53,0.0,6.31,147.24,138.96
AMP,Ameriprise Financial,Financials,Asset Management & Custody Banks,492.0,569.83,419.45,495.79,504.87,507.13,517.23,514.48,-0.2,6.67,524.82,489.43
AME,Ametek,Industrials,Electrical Components & Equipment,187.41,196.4,151.15,187.78,186.61,185.65,182.95,179.74,0.2,1.09,189.45,181.85
AMGN,Amgen,Health Care,Biotechnology,278.51,326.46,252.22,280.48,283.45,287.31,291.55,283.72,0.0,6.69,297.14,277.48
APH,Amphenol,Information Technology,Electronic Components,119.09,119.09,58.99,113.92,112.05,110.89,106.4,82.4,0.0,-2.55,116.05,105.73
ADI,Analog Devices,Information Technology,Semiconductors,247.21,254.62,163.21,247.51,248.85,245.03,237.91,217.48,0.2,5.52,260.86,229.2
AON,Aon plc,Financials,Insurance Brokers,362.37,407.61,334.44,368.56,369.07,369.87,362.6,368.75,-0.3,4.03,376.97,362.78
APA,APA Corporation,Energy,Oil & Gas Exploration & Production,23.29,25.74,13.62,22.68,22.87,21.9,20.27,19.71,0.0,4.21,24.27,19.53
APO,Apollo Global Management,Financials,Asset Management & Custody Banks,133.64,176.82,105.37,133.76,134.56,135.67,141.83,145.99,0.2,5.09,140.44,130.9
AAPL,Apple Inc.,Information Technology,"Technology Hardware, Storage & Peripherals",226.79,258.1,172.0,235.7,234.19,231.81,220.11,221.02,-0.3,6.04,240.49,223.13
AMAT,Applied Materials,Information Technology,Semiconductor Materials & Equipment,163.42,211.69,126.23,161.99,161.42,164.34,178.73,167.41,-0.2,10.84,181.13,147.54
APTV,Aptiv,Consumer Discretionary,Automotive Parts & Equipment,81.61,82.3,47.92,81.39,80.47,78.32,72.86,64.45,0.2,2.6,83.73,72.91
ACGL,Arch Capital Group,Financials,Property & Casualty Insurance,90.6,109.22,84.99,90.92,91.33,91.51,89.69,92.04,0.1,3.32,93.61,89.41
ADM,Archer Daniels Midland,Consumer Staples,Agricultural Products & Services,61.41,64.21,41.01,62.16,62.26,61.52,57.5,50.47,-0.2,5.13,64.56,58.47
ANET,Arista Networks,Information Technology,Communications Equipment,150.72,150.72,64.37,143.33,139.6,137.13,124.31,103.33,0.2,-3.07,146.09,128.17
AJG,Arthur J. Gallagher & Co.,Financials,Insurance Brokers,293.18,347.33,273.85,297.91,299.36,298.7,301.28,312.22,0.0,4.33,305.87,291.51
AIZ,Assurant,Financials,Multi-line Insurance,209.4,225.29,178.36,211.99,213.74,213.28,199.69,202.78,0.1,4.02,217.82,208.75
T,AT&T,Communication Services,Integrated Telecommunication Services,29.2,29.59,20.4,29.34,29.21,29.04,28.22,26.02,-0.2,1.61,29.67,28.41
ATO,Atmos Energy,Utilities,Gas Utilities,163.91,167.34,130.84,164.62,165.16,165.28,159.59,150.5,-0.2,2.05,167.27,163.29
ADSK,Autodesk,Information Technology,Application Software,323.8,326.79,238.84,324.42,314.79,300.85,299.99,290.73,0.2,3.6,335.46,266.24
ADP,Automatic Data Processing,Industrials,Human Resource & Employment Services,292.39,325.19,268.69,297.04,299.51,302.05,303.58,301.76,-0.4,6.01,309.96,294.16
AZO,AutoZone,Consumer Discretionary,Automotive Retail,4252.9,4291.12,2981.19,4247.85,4220.96,4156.53,3955.81,3618.7,0.0,1.58,4320.1,3992.86
AVB,AvalonBay Communities,Real Estate,Multi-Family Residential REITs,192.64,232.03,182.72,194.1,193.52,192.24,195.07,206.65,0.0,2.06,196.61,187.87
AVY,Avery Dennison,Materials,Paper & Plastic Packaging Products & Materials,164.73,217.94,157.86,167.02,168.34,171.61,173.89,178.82,0.0,8.89,179.37,163.84
AXON,Axon Enterprise,Industrials,Aerospace & Defense,747.55,870.97,359.35,735.74,744.65,754.46,762.92,666.34,0.0,5.6,789.41,719.49
BKR,Baker Hughes,Energy,Oil & Gas Equipment & Services,46.92,48.05,32.21,45.98,45.6,44.53,42.88,41.33,0.2,0.28,47.05,42.02
BALL,Ball Corporation,Materials,"Metal, Glass & Plastic Containers",50.07,66.93,44.6,50.56,51.04,52.1,55.15,53.56,-0.2,9.17,54.66,49.54
BAC,Bank of America,Financials,Diversified Banks,50.13,50.46,34.0,50.0,50.07,49.09,47.77,44.29,0.0,2.81,51.54,46.63
BAX,Baxter International,Health Care,Health Care Equipment,23.98,39.36,21.61,24.1,24.15,24.11,25.85,29.7,0.0,3.25,24.76,23.46
BDX,Becton Dickinson,Health Care,Health Care Equipment,188.43,245.13,163.27,190.42,190.43,192.89,184.72,201.87,-0.3,5.66,199.1,186.68
BRK-B,Berkshire Hathaway,Financials,Multi-Sector Holdings,490.08,539.8,442.29,496.65,498.44,491.33,481.37,488.6,0.1,3.84,508.9,473.78
BBY,Best Buy,Consumer Discretionary,Computer & Electronics Retail,76.61,99.54,55.4,76.89,75.55,74.28,70.9,74.55,0.1,1.88,78.05,70.5
TECH,Bio-Techne,Health Care,Life Sciences Tools & Services,50.96,79.93,46.59,53.32,53.85,54.37,53.85,59.58,-0.1,12.3,57.23,51.51
BIIB,Biogen,Health Care,Biotechnology,142.61,201.44,113.38,141.63,139.07,138.23,133.4,136.52,0.1,1.2,144.32,132.15
BLK,BlackRock,Financials,Asset Management & Custody Banks,1102.89,1154.71,807.61,1103.24,1109.34,1121.89,1107.25,1000.36,0.2,4.78,1155.61,1088.15
BX,Blackstone Inc.,Financials,Asset Management & Custody Banks,178.23,194.8,118.51,172.92,171.65,170.77,168.06,157.34,0.2,-0.26,177.77,163.76
XYZ,"Block, Inc.",Financials,Transaction & Payment Processing Services,73.75,98.92,46.53,75.15,76.76,76.63,74.75,71.97,0.2,9.48,80.74,72.52
BK,BNY Mellon,Financials,Asset Management & Custody Banks,104.0,106.1,65.97,104.41,104.81,103.53,100.13,86.99,0.2,2.61,106.71,100.34
BA,Boeing,Industrials,Aerospace & Defense,227.52,237.38,136.59,229.67,232.46,231.28,228.12,190.51,0.0,5.0,238.9,223.68
BKNG,Booking Holdings,Consumer Discretionary,"Hotels, Resorts & Cruise Lines",5474.81,5805.92,3775.81,5539.68,5560.56,5574.65,5597.0,5125.14,0.0,4.89,5742.53,5406.64
BSX,Boston Scientific,Health Care,Health Care Equipment,105.23,108.14,82.52,107.19,106.73,105.64,104.87,100.41,0.2,3.46,108.87,102.41
BMY,Bristol Myers Squibb,Health Care,Pharmaceuticals,47.15,61.62,43.31,46.99,47.15,47.56,47.07,51.67,-0.1,3.22,48.67,46.45
AVGO,Broadcom,Information Technology,Semiconductors,369.57,369.57,139.23,338.58,319.98,309.71,296.17,231.78,0.2,-5.18,350.43,268.97
BR,Broadridge Financial Solutions,Industrials,Data Processing & Outsourced Services,250.11,266.89,205.88,251.79,253.16,256.75,250.9,238.31,0.2,6.1,265.37,248.14
BRO,Brown & Brown,Financials,Insurance Brokers,92.5,124.07,91.23,94.32,95.16,95.62,98.72,107.73,-0.4,5.77,97.84,93.41
BF-B,Brown–Forman,Consumer Staples,Distillers & Vintners,27.27,48.21,25.45,27.89,28.52,29.42,29.26,32.76,0.1,16.24,31.7,27.14
BLDR,Builders FirstSource,Industrials,Building Products,140.25,201.83,105.63,144.21,141.53,140.22,134.07,136.32,-0.1,6.02,148.69,131.74
BG,Bunge Global,Consumer Staples,Agricultural Products & Services,82.34,96.95,67.23,83.26,83.25,83.16,79.6,77.34,0.0,6.28,87.51,78.8
BXP,"BXP, Inc.",Real Estate,Office REITs,73.87,86.01,56.05,74.84,73.56,70.26,68.97,68.64,0.2,5.27,77.76,62.76
CHRW,C.H. Robinson,Industrials,Air Freight & Logistics,127.64,128.66,85.99,126.59,127.35,125.02,112.27,101.34,-0.2,2.41,130.72,119.33
CDNS,Cadence Design Systems,Information Technology,Application Software,338.53,371.03,231.64,352.26,350.3,349.3,340.72,301.78,-0.2,6.41,360.23,338.36
CZR,Caesars Entertainment,Consumer Discretionary,Casinos & Gaming,25.63,45.55,23.18,25.9,26.13,25.93,27.35,30.1,0.2,6.48,27.29,24.58
CPT,Camden Property Trust,Real Estate,Multi-Family Residential REITs,108.85,123.69,104.05,110.62,110.44,109.11,110.52,114.13,0.0,3.49,112.65,105.57
CPB,Campbell's Company (The),Consumer Staples,Packaged Foods & Meats,33.49,49.74,30.28,33.56,32.87,32.69,32.14,36.19,-0.1,1.97,34.15,31.22
COF,Capital One,Financials,Consumer Finance,223.43,227.22,134.82,222.77,223.74,220.72,217.08,193.63,-0.2,2.7,229.46,211.98
CAH,Cardinal Health,Health Care,Health Care Distributors,149.29,167.63,106.71,149.88,149.7,149.49,155.27,139.29,0.0,2.06,152.37,146.62
KMX,CarMax,Consumer Discretionary,Automotive Retail,59.19,89.19,54.66,60.72,60.91,59.84,60.98,71.91,0.0,5.79,62.62,57.05
CCL,Carnival,Consumer Discretionary,"Hotels, Resorts & Cruise Lines",31.36,32.49,16.03,31.56,31.7,31.01,30.03,24.87,0.0,5.07,32.95,29.07
CARR,Carrier Global,Industrials,Building Products,62.5,81.67,55.21,64.13,64.56,65.47,70.02,68.36,0.0,9.76,68.6,62.34
CAT,Caterpillar Inc.,Industrials,Construction Machinery & Heavy Transportation Equipment,422.91,438.02,271.63,421.42,422.49,421.52,417.76,366.32,0.0,3.33,436.99,406.03
CBOE,Cboe Global Markets,Financials,Financial Exchanges & Data,234.51,253.24,189.73,233.61,234.45,240.64,240.69,219.35,-0.2,8.22,253.79,227.5
CBRE,CBRE Group,Real Estate,Real Estate Services,162.62,164.98,113.94,162.86,162.01,161.39,152.69,137.03,0.0,1.87,165.66,157.13
CDW,CDW Corporation,Information Technology,Technology Distributors,170.77,225.45,143.46,168.71,166.5,165.95,171.39,173.75,0.4,-0.28,170.29,161.61
COR,Cencora,Health Care,Health Care Distributors,296.32,303.69,217.68,295.61,294.01,294.02,292.64,270.18,0.0,2.01,302.28,285.74
CNC,Centene Corporation,Health Care,Managed Health Care,31.27,76.57,25.21,29.76,29.47,29.05,29.3,51.95,0.2,-0.67,31.06,27.03
CNP,CenterPoint Energy,Utilities,Multi-Utilities,37.79,38.94,26.74,37.58,37.64,37.81,37.44,35.05,0.0,1.53,38.37,37.24
CF,CF Industries,Materials,Fertilizers & Agricultural Chemicals,86.9,101.88,67.67,84.94,85.72,85.67,89.34,85.4,0.0,1.06,87.82,83.52
CRL,Charles River Laboratories,Health Care,Life Sciences Tools & Services,153.27,220.69,99.75,159.79,161.19,159.93,160.63,158.69,0.0,8.89,166.9,152.96
SCHW,Charles Schwab Corporation,Financials,Investment Banking & Brokerage,92.24,98.69,60.96,93.81,95.12,95.66,95.08,83.94,0.0,7.11,98.8,92.52
CHTR,Charter Communications,Communication Services,Cable & Satellite,263.0,427.25,256.57,262.25,263.52,266.07,312.14,356.58,0.0,4.3,274.31,257.82
CVX,Chevron Corporation,Energy,Integrated Oil & Gas,157.79,164.65,130.67,155.6,157.7,156.38,152.85,147.56,0.0,2.55,161.81,150.95
CMG,Chipotle Mexican Grill,Consumer Discretionary,Restaurants,38.71,66.16,38.71,40.06,41.1,42.16,46.59,52.49,-0.2,16.3,45.02,39.3
CB,Chubb Limited,Financials,Property & Casualty Insurance,277.45,301.45,256.04,277.83,276.56,275.99,274.76,279.43,-0.1,1.14,280.61,271.38
CHD,Church & Dwight,Consumer Staples,Household Products,93.0,112.48,90.63,94.7,93.83,93.67,94.76,100.93,0.0,3.13,95.91,91.43
CI,Cigna,Health Care,Health Care Services,302.44,359.97,260.91,302.94,300.82,298.94,295.48,303.99,0.1,1.89,308.16,289.73
CINF,Cincinnati Financial,Financials,Property & Casualty Insurance,152.31,157.35,125.84,153.68,153.59,153.31,150.7,144.44,0.0,2.3,155.81,150.81
CTAS,Cintas,Industrials,Diversified Support Services,201.4,227.2,181.05,203.52,206.03,211.32,216.59,209.16,0.0,11.24,224.04,198.6
CSCO,Cisco,Information Technology,Communications Equipment,68.13,71.79,47.4,67.45,67.97,67.81,68.3,62.34,-0.2,2.63,69.92,65.7
C,Citigroup,Financials,Diversified Banks,97.17,97.34,55.59,96.57,96.29,95.32,92.71,77.55,-0.2,0.89,98.03,92.61
CFG,Citizens Financial Group,Financials,Regional Banks,51.81,52.51,33.59,51.89,51.9,50.6,48.79,43.55,0.0,3.57,53.66,47.54
CLX,Clorox,Consumer Staples,Household Products,123.33,165.31,116.82,125.31,122.45,121.5,123.63,139.2,0.0,2.88,126.88,116.11
CME,CME Group,Financials,Financial Exchanges & Data,259.91,288.01,204.06,261.92,264.14,267.67,273.08,256.75,-0.2,6.28,276.23,259.09
CMS,CMS Energy,Utilities,Multi-Utilities,71.22,74.4,63.54,71.18,71.36,72.01,71.7,69.61,0.2,3.31,73.58,70.44
KO,Coca-Cola Company (The),Consumer Staples,Soft Drinks & Non-alcoholic Beverages,67.82,73.38,59.94,67.86,68.35,69.09,69.49,67.8,0.0,4.73,71.03,67.16
CTSH,Cognizant,Information Technology,IT Consulting & Other Services,69.16,89.65,65.92,70.88,71.43,71.09,73.21,77.13,0.0,5.71,73.11,69.08
COIN,Coinbase,Financials,Financial Exchanges & Data,315.34,419.78,151.47,308.44,307.0,310.06,342.56,272.45,0.0,3.67,326.91,293.23
CL,Colgate-Palmolive,Consumer Staples,Household Products,83.2,104.76,83.06,84.09,84.06,84.66,86.34,89.11,0.2,4.03,86.55,82.77
CMCSA,Comcast,Communication Services,Cable & Satellite,33.48,43.96,31.41,33.8,33.84,33.69,33.94,35.25,0.0,2.69,34.38,32.99
CAG,Conagra Brands,Consumer Staples,Packaged Foods & Meats,19.36,30.97,18.26,19.29,19.15,19.2,19.2,23.05,-0.1,1.7,19.69,18.72
COP,ConocoPhillips,Energy,Oil & Gas Exploration & Production,94.32,111.14,81.29,93.26,95.53,95.46,94.12,94.36,0.1,5.86,99.85,91.07
ED,Consolidated Edison,Utilities,Multi-Utilities,97.08,111.42,85.77,97.31,97.81,99.54,100.55,99.21,0.0,6.75,103.63,95.45
STZ,Constellation Brands,Consumer Staples,Distillers & Vintners,142.9,252.91,142.9,145.86,150.86,158.49,165.48,182.54,0.0,23.86,177.0,139.99
CEG,Constellation Energy,Utilities,Electric Utilities,320.0,354.46,170.52,306.06,308.94,313.42,320.58,275.59,0.0,2.9,329.28,297.56
COO,Cooper Companies (The),Health Care,Health Care Supplies,67.66,111.23,64.58,68.16,67.94,70.84,71.86,82.26,-0.2,14.72,77.62,64.05
CPRT,Copart,Industrials,Diversified Support Services,48.52,63.84,45.33,48.78,48.67,48.24,47.43,54.58,-0.3,2.37,49.67,46.8
GLW,Corning Inc.,Information Technology,Electronic Components,74.93,74.93,38.69,72.08,70.08,67.73,61.33,50.99,0.2,-1.67,73.68,61.78
CPAY,Corpay,Financials,Transaction & Payment Processing Services,304.8,389.55,283.07,313.22,317.93,319.2,323.69,340.91,-0.2,8.45,330.56,307.84
CTVA,Corteva,Materials,Fertilizers & Agricultural Chemicals,71.78,76.93,54.59,72.44,73.15,72.86,73.04,65.52,-0.2,3.97,74.63,71.09
CSGP,CoStar Group,Real Estate,Real Estate Services,86.3,96.83,69.29,88.21,88.63,88.82,88.99,79.88,-0.4,5.53,91.07,86.56
COST,Costco,Consumer Staples,Consumer Staples Merchandise Retail,956.29,1073.97,869.13,965.35,955.32,962.27,961.42,974.39,0.1,3.98,994.35,930.2
CTRA,Coterra,Energy,Oil & Gas Exploration & Production,24.37,29.06,21.86,24.09,24.22,23.94,24.05,25.41,-0.2,1.72,24.79,23.1
CRWD,CrowdStrike,Information Technology,Systems Software,424.87,514.1,246.58,421.31,422.15,422.08,450.16,411.55,0.2,2.65,436.13,408.02
CCI,Crown Castle,Real Estate,Telecom Tower REITs,94.03,115.16,82.06,94.8,96.62,99.38,103.07,97.55,-0.2,12.47,105.76,93.0
CSX,CSX Corporation,Industrials,Rail Transportation,32.05,36.37,26.47,32.37,32.38,33.77,34.2,31.95,-0.2,16.1,37.21,30.32
CMI,Cummins,Industrials,Construction Machinery & Heavy Transportation Equipment,405.27,405.27,264.26,399.65,398.74,398.79,372.3,342.94,0.0,0.24,406.24,391.32
CVS,CVS Health,Health Care,Health Care Services,73.97,74.09,42.33,72.69,72.81,71.34,66.54,61.25,0.0,2.35,75.71,66.96
DHR,Danaher Corporation,Health Care,Life Sciences Tools & Services,192.59,276.83,174.36,196.96,200.41,204.84,201.45,208.25,-0.1,12.25,216.18,193.48
DRI,Darden Restaurants,Consumer Discretionary,Restaurants,211.46,224.21,150.91,210.89,209.07,207.9,207.93,196.71,-0.2,0.17,211.82,204.0
DDOG,Datadog,Information Technology,Application Software,139.13,168.65,87.0,136.78,136.06,132.13,137.56,127.93,-0.2,1.73,141.54,122.73
DVA,DaVita,Health Care,Health Care Services,132.26,177.35,127.69,135.38,136.12,136.35,138.99,147.83,-0.2,5.91,140.08,132.62
DAY,Dayforce,Industrials,Human Resource & Employment Services,68.89,81.8,49.33,69.14,69.37,66.51,60.38,62.96,0.1,13.04,77.87,55.15
DECK,Deckers Brands,Consumer Discretionary,Footwear,114.13,223.11,95.32,118.2,119.21,113.05,108.12,138.0,0.1,11.43,127.18,98.93
DE,Deere & Company,Industrials,Agricultural & Farm Machinery,471.35,529.8,381.62,475.32,478.61,484.95,499.81,476.94,-0.2,7.24,505.48,464.43
DELL,Dell Technologies,Information Technology,"Technology Hardware, Storage & Peripherals",124.45,142.14,70.88,124.05,125.39,129.63,129.16,112.24,0.2,13.84,141.67,117.58
DAL,Delta Air Lines,Industrials,Passenger Airlines,61.39,68.45,35.65,61.11,61.3,60.67,56.6,54.63,0.0,2.3,62.8,58.54
DVN,Devon Energy,Energy,Oil & Gas Exploration & Production,35.52,42.08,26.61,34.94,35.37,34.79,33.77,33.54,0.0,3.18,36.65,32.93
DXCM,Dexcom,Health Care,Health Care Equipment,76.0,90.75,59.83,78.73,77.37,78.65,81.33,80.05,0.2,9.96,83.57,73.72
FANG,Diamondback Energy,Energy,Oil & Gas Exploration & Production,139.64,194.36,117.58,138.93,143.18,141.93,142.02,148.37,0.0,7.5,150.11,133.75
DLR,Digital Realty,Real Estate,Data Center REITs,173.89,191.46,135.17,165.03,165.56,165.94,170.49,166.69,0.4,-1.13,171.93,159.96
DG,Dollar General,Consumer Staples,Consumer Staples Merchandise Retail,106.47,116.32,67.66,107.49,108.93,111.01,111.19,91.4,-0.2,9.41,116.49,105.53
DLTR,Dollar Tree,Consumer Staples,Consumer Staples Merchandise Retail,98.85,117.16,61.21,99.18,104.38,108.75,110.11,85.73,-0.2,22.46,121.05,96.45
D,Dominion Energy,Utilities,Multi-Utilities,59.42,61.39,48.51,58.51,58.73,59.56,58.61,54.8,0.0,3.75,61.65,57.47
DPZ,Domino's,Consumer Discretionary,Restaurants,450.56,495.6,398.04,460.41,459.58,454.83,459.29,456.89,0.0,4.21,469.53,440.12
DASH,DoorDash,Consumer Discretionary,Specialized Consumer Services,257.43,270.99,124.61,252.04,249.14,248.65,247.26,204.81,0.2,-0.44,256.3,241.01
DOV,Dover Corporation,Industrials,Industrial Machinery & Supplies & Components,175.64,204.71,150.28,176.89,177.7,178.47,181.58,183.83,0.0,4.42,183.4,173.54
DOW,Dow Inc.,Materials,Commodity Chemicals,23.83,51.44,20.57,24.07,24.19,23.87,24.97,31.47,0.2,5.5,25.14,22.61
DHI,D. R. Horton,Consumer Discretionary,Homebuilding,176.13,194.88,114.44,179.31,174.49,170.32,153.5,137.73,0.2,3.46,182.22,158.42
DTE,DTE Energy,Utilities,Multi-Utilities,135.64,141.49,114.13,135.7,136.12,137.79,136.91,130.07,0.2,4.52,141.77,133.81
DUK,Duke Energy,Utilities,Electric Utilities,121.35,124.85,102.96,120.68,121.53,122.51,120.48,114.83,0.2,3.26,125.31,119.72
DD,DuPont,Materials,Specialty Chemicals,76.1,87.69,54.51,77.11,76.85,75.64,74.17,72.97,0.2,3.97,79.12,72.16
EMN,Eastman Chemical Company,Materials,Specialty Chemicals,65.05,110.6,58.79,67.84,68.35,67.67,71.22,83.19,0.2,8.53,70.6,64.74
ETN,Eaton Corporation,Industrials,Electrical Components & Equipment,362.25,391.62,244.95,351.44,349.98,350.15,361.54,327.55,0.4,-0.76,359.5,340.81
EBAY,eBay Inc.,Consumer Discretionary,Broadline Retail,91.29,100.46,56.61,92.49,91.9,95.26,87.49,72.28,-0.2,12.36,102.57,87.95
ECL,Ecolab,Materials,Specialty Chemicals,269.09,285.47,225.1,272.72,274.81,278.21,272.42,255.98,0.0,6.66,287.01,269.41
EIX,Edison International,Utilities,Electric Utilities,55.57,84.75,47.56,54.55,55.01,55.23,53.52,57.93,-0.3,2.29,56.84,53.63
EW,Edwards Lifesciences,Health Care,Health Care Equipment,78.28,81.83,64.54,80.04,80.67,80.23,78.8,74.5,0.0,5.98,82.96,77.49
EA,Electronic Arts,Communication Services,Interactive Home Entertainment,170.27,178.81,116.08,168.2,169.59,171.26,161.99,148.79,-0.2,4.23,177.47,165.04
ELV,Elevance Health,Health Care,Managed Health Care,306.75,546.53,274.66,310.34,313.45,310.77,309.55,374.71,0.3,5.74,324.36,297.17
EMR,Emerson Electric,Industrials,Electrical Components & Equipment,133.67,149.04,93.37,132.82,132.5,132.45,137.2,123.28,0.2,1.08,135.11,129.77
ENPH,Enphase Energy,Information Technology,Semiconductor Materials & Equipment,37.12,119.74,30.11,38.01,37.69,36.74,36.98,52.53,0.0,8.32,40.21,33.28
ETR,Entergy,Utilities,Electric Utilities,88.44,91.02,59.06,87.64,87.86,88.64,86.96,81.76,0.0,2.73,90.85,86.43
EOG,EOG Resources,Energy,Oil & Gas Exploration & Production,120.26,134.72,102.81,118.95,121.35,120.37,119.66,120.23,-0.1,4.31,125.44,115.31
EPAM,EPAM Systems,Information Technology,IT Consulting & Other Services,153.1,267.63,143.33,164.02,169.3,167.67,166.89,193.85,-0.1,17.72,180.23,155.12
EQT,EQT Corporation,Energy,Oil & Gas Exploration & Production,51.17,60.26,31.49,51.12,51.51,51.62,53.12,51.36,0.2,3.62,53.02,50.21
EFX,Equifax,Industrials,Research & Consulting Services,245.55,304.58,204.69,248.16,244.7,246.68,249.18,252.19,0.2,4.53,256.67,236.69
EQIX,Equinix,Real Estate,Data Center REITs,780.6,968.75,731.64,773.45,776.41,776.17,776.17,851.92,0.1,1.46,792.0,760.32
EQR,Equity Residential,Real Estate,Multi-Family Residential REITs,65.86,75.24,61.2,66.25,65.65,64.95,65.47,68.24,-0.2,1.66,66.95,62.96
ERIE,Erie Indemnity,Financials,Insurance Brokers,330.0,537.71,328.17,333.86,339.21,351.11,352.09,382.34,-0.2,14.88,379.1,323.11
ESS,Essex Property Trust,Real Estate,Multi-Family Residential REITs,263.64,308.41,252.08,266.17,265.87,263.68,271.33,280.76,0.2,3.01,271.58,255.78
EL,Estée Lauder Companies (The),Consumer Staples,Personal Care Products,87.43,98.93,49.61,88.33,89.94,89.82,89.31,74.02,0.0,7.3,93.81,85.83
EG,Everest Group,Financials,Reinsurance,340.03,400.34,324.54,341.1,342.45,340.78,336.55,346.73,-0.1,2.79,349.52,332.02
EVRG,Evergy,Utilities,Electric Utilities,71.61,72.6,56.74,71.33,71.38,71.6,70.31,65.72,-0.2,1.3,72.54,70.66
ES,Eversource Energy,Utilities,Electric Utilities,64.01,66.62,53.58,63.54,63.79,64.53,65.12,60.95,-0.4,4.12,66.65,62.41
EXC,Exelon,Utilities,Electric Utilities,43.32,46.54,35.25,43.24,43.48,44.07,43.76,41.97,0.2,4.92,45.45,42.7
EXE,Expand Energy,Energy,Oil & Gas Exploration & Production,96.47,120.67,68.08,95.58,96.25,95.44,99.32,102.59,0.0,1.69,98.1,92.77
EXPE,Expedia Group,Consumer Discretionary,"Hotels, Resorts & Cruise Lines",215.49,217.7,129.01,216.37,214.78,211.79,194.73,178.93,0.0,2.04,219.89,203.68
EXPD,Expeditors International,Industrials,Air Freight & Logistics,121.34,129.72,102.14,121.31,121.2,120.75,117.92,114.63,-0.2,1.12,122.7,118.81
EXR,Extra Space Storage,Real Estate,Self-Storage REITs,145.0,177.29,125.24,145.6,143.96,141.5,144.19,146.97,0.0,1.89,147.74,135.25
XOM,ExxonMobil,Energy,Integrated Oil & Gas,112.5,121.0,98.11,110.93,112.16,110.38,109.77,107.89,0.0,2.76,115.6,105.14
FFIV,"F5, Inc.",Information Technology,Communications Equipment,326.69,326.69,199.93,320.59,316.8,316.9,309.43,282.43,0.2,-0.03,326.59,307.2
FDS,FactSet,Financials,Financial Exchanges & Data,361.76,490.93,361.76,370.09,371.72,374.05,400.59,438.45,-0.2,6.37,384.8,363.32
FICO,Fair Isaac,Information Technology,Application Software,1530.36,2382.4,1311.26,1533.21,1513.9,1441.82,1494.76,1821.39,0.0,4.7,1602.29,1281.29
FAST,Fastenal,Industrials,Trading Companies & Distributors,47.97,50.39,33.16,48.46,49.11,49.31,47.02,40.8,-0.2,6.15,50.92,47.7
FRT,Federal Realty Investment Trust,Real Estate,Retail REITs,100.45,113.73,82.59,101.24,100.61,98.44,95.67,98.71,0.1,3.43,103.9,92.97
FDX,FedEx,Industrials,Air Freight & Logistics,225.69,298.15,195.55,225.31,226.33,227.59,228.93,239.83,0.0,3.7,234.04,221.12
FIS,Fidelity National Information Services,Financials,Transaction & Payment Processing Services,66.37,89.62,66.37,68.28,68.72,69.68,74.97,76.7,0.0,9.22,72.49,66.87
FITB,Fifth Third Bancorp,Financials,Regional Banks,45.51,47.14,33.02,45.66,45.63,44.53,43.33,40.99,0.2,3.43,47.07,41.99
FSLR,First Solar,Information Technology,Semiconductors,203.79,255.75,120.38,203.41,199.78,199.49,185.86,165.85,0.0,6.19,216.4,182.57
FE,FirstEnergy,Utilities,Electric Utilities,43.24,43.95,37.17,43.37,43.47,43.5,42.1,40.31,0.2,1.67,43.96,43.05
FI,Fiserv,Financials,Transaction & Payment Processing Services,132.14,237.79,132.14,135.0,136.23,136.95,146.58,187.97,-0.2,6.62,140.89,133.0
F,Ford Motor Company,Consumer Discretionary,Automobile Manufacturers,11.42,11.91,8.45,11.6,11.68,11.62,11.38,10.12,0.2,4.55,11.94,11.29
FTNT,Fortinet,Information Technology,Systems Software,79.48,114.57,74.39,78.99,78.47,78.59,91.08,97.92,-0.2,2.01,81.08,76.11
FTV,Fortive,Industrials,Industrial Machinery & Supplies & Components,47.75,62.4,46.55,47.78,47.77,48.02,49.47,54.28,0.2,2.66,49.02,47.02
FOXA,Fox Corporation (Class A),Communication Services,Broadcasting,57.19,62.48,38.55,60.12,59.93,59.3,56.94,52.85,-0.2,8.22,61.89,56.71
FOX,Fox Corporation (Class B),Communication Services,Broadcasting,51.8,56.81,35.67,54.58,54.56,54.08,52.07,49.04,-0.2,8.86,56.39,51.77
BEN,Franklin Resources,Financials,Asset Management & Custody Banks,24.31,26.03,16.43,24.89,25.22,25.21,24.91,21.26,0.0,7.53,26.14,24.28
FCX,Freeport-McMoRan,Materials,Copper,44.88,51.16,28.93,45.57,45.16,43.83,43.65,39.79,0.0,5.06,47.15,40.51
GRMN,Garmin,Consumer Discretionary,Consumer Electronics,235.96,241.82,159.72,237.8,237.86,235.48,228.6,212.23,0.0,2.56,242.0,228.98
IT,Gartner,Information Technology,IT Consulting & Other Services,232.59,551.8,225.98,241.55,245.15,244.06,301.71,423.84,-0.2,8.91,253.31,234.8
GE,GE Aerospace,Industrials,Aerospace & Defense,283.41,283.41,159.16,279.44,277.31,272.8,267.37,217.72,0.2,-0.04,283.3,262.31
GEHC,GE HealthCare,Health Care,Health Care Equipment,75.99,93.69,58.69,76.54,74.84,74.44,74.44,77.27,-0.2,2.4,77.81,71.08
GEV,GE Vernova,Industrials,Heavy Electrical Equipment,643.56,664.55,201.42,606.08,605.61,610.58,601.53,430.95,-0.2,0.47,646.58,574.6
GEN,Gen Digital,Information Technology,Systems Software,29.25,32.03,23.31,29.53,29.8,30.59,30.12,28.17,0.2,10.53,32.33,28.84
GNRC,Generac,Industrials,Electrical Components & Equipment,185.01,202.85,101.92,182.05,182.41,188.97,174.75,148.67,0.0,10.51,204.45,173.48
GD,General Dynamics,Industrials,Aerospace & Defense,323.05,325.46,239.38,322.48,323.45,320.36,311.77,277.2,0.0,1.45,327.73,312.97
GIS,General Mills,Consumer Staples,Packaged Foods & Meats,50.01,72.16,48.44,50.13,49.68,49.66,50.11,55.83,-0.2,1.16,50.59,48.74
GM,General Motors,Consumer Discretionary,Automobile Manufacturers,57.34,59.57,42.24,57.96,58.12,57.5,54.59,50.39,0.2,3.71,59.47,55.53
GPC,Genuine Parts Company,Consumer Discretionary,Distributors,139.49,140.22,103.92,139.6,138.38,137.7,131.93,121.7,0.0,0.94,140.8,134.61
GILD,Gilead Sciences,Health Care,Biotechnology,115.25,120.47,76.7,114.94,113.99,115.59,113.83,104.48,-0.2,4.32,120.23,110.96
GPN,Global Payments,Financials,Transaction & Payment Processing Services,85.08,118.42,67.25,86.89,87.31,87.25,83.83,92.66,0.1,5.28,89.57,84.94
GL,Globe Life,Financials,Life & Health Insurance,139.02,143.27,100.46,140.22,140.25,139.37,133.26,122.45,0.2,2.52,142.52,136.22
GDDY,GoDaddy,Information Technology,Internet Services & Infrastructure,144.97,214.35,133.35,146.41,146.4,145.86,156.74,180.47,0.0,2.92,149.2,142.52
GS,Goldman Sachs,Financials,Investment Banking & Brokerage,769.58,769.58,457.48,752.49,746.2,738.21,722.41,617.66,0.4,-0.41,766.42,710.0
HAL,Halliburton,Energy,Oil & Gas Equipment & Services,22.6,31.1,18.96,22.14,22.2,21.77,21.64,23.52,-0.1,1.55,22.95,20.58
HIG,Hartford (The),Financials,Property & Casualty Insurance,131.24,134.7,105.0,131.82,132.02,131.8,126.85,119.9,0.2,2.38,134.36,129.24
HAS,Hasbro,Consumer Discretionary,Leisure Products,77.66,81.85,49.75,79.16,79.89,80.13,77.62,64.74,-0.4,6.0,82.32,77.94
HCA,HCA Healthcare,Health Care,Health Care Facilities,394.36,420.77,295.46,411.64,408.83,404.43,381.55,346.91,-0.2,6.58,420.31,388.58
DOC,Healthpeak Properties,Real Estate,Health Care REITs,17.95,21.82,16.53,18.14,18.01,17.65,17.67,18.48,0.0,3.06,18.5,16.8
HSIC,Henry Schein,Health Care,Health Care Distributors,67.41,81.91,62.7,68.0,68.31,68.37,69.63,71.2,0.0,3.66,69.88,66.86
HSY,Hershey Company (The),Consumer Staples,Packaged Foods & Meats,185.6,196.72,141.22,186.32,184.75,182.43,178.96,167.37,0.2,1.58,188.53,176.33
HPE,Hewlett Packard Enterprise,Information Technology,"Technology Hardware, Storage & Peripherals",24.44,24.44,12.42,23.7,23.25,22.49,21.4,19.38,0.2,-0.29,24.37,20.62
HLT,Hilton Worldwide,Consumer Discretionary,"Hotels, Resorts & Cruise Lines",273.1,278.5,201.05,275.25,275.57,273.6,271.16,251.31,0.0,2.47,279.85,267.36
HOLX,Hologic,Health Care,Health Care Equipment,65.5,83.72,52.73,66.38,66.52,67.16,66.38,65.59,0.0,5.15,68.87,65.44
HD,Home Depot (The),Consumer Discretionary,Home Improvement Retail,413.23,423.6,331.29,415.83,410.41,405.94,385.29,378.92,0.2,1.73,420.38,391.5
HON,Honeywell,Industrials,Industrial Conglomerates,211.7,239.16,180.99,214.01,216.38,217.49,224.09,217.15,-0.2,5.57,223.49,211.47
HRL,Hormel Foods,Consumer Staples,Packaged Foods & Meats,24.97,32.6,24.97,25.38,25.7,27.19,28.47,29.44,0.0,22.59,30.61,23.77
HST,Host Hotels & Resorts,Real Estate,Hotel & Resort REITs,17.59,18.25,12.54,17.49,17.36,16.82,16.35,15.82,0.2,2.79,18.08,15.56
HWM,Howmet Aerospace,Industrials,Aerospace & Defense,183.8,192.01,92.89,179.99,177.36,175.3,180.02,146.7,0.2,-1.0,181.96,168.62
HPQ,HP Inc.,Information Technology,"Technology Hardware, Storage & Peripherals",28.37,38.15,21.63,29.0,28.67,27.83,26.35,28.52,0.1,5.01,29.79,25.87
HUBB,Hubbell Incorporated,Industrials,Industrial Machinery & Supplies & Components,442.33,466.13,313.96,437.88,436.85,435.42,428.23,398.45,-0.2,1.05,446.97,423.88
HUM,Humana,Health Care,Managed Health Care,273.58,341.87,220.41,295.38,299.78,295.15,262.75,261.2,-0.2,16.59,318.97,271.32
HBAN,Huntington Bancshares,Financials,Regional Banks,17.66,17.88,12.37,17.71,17.72,17.31,16.98,15.97,0.2,3.4,18.26,16.36
HII,Huntington Ingalls Industries,Industrials,Aerospace & Defense,271.93,277.49,156.78,270.01,270.88,268.89,262.63,216.8,0.0,1.01,274.68,263.11
IBM,IBM,Information Technology,IT Consulting & Other Services,256.88,292.8,197.94,253.56,248.74,244.56,258.98,247.19,0.4,-0.08,256.67,232.44
IEX,IDEX Corporation,Industrials,Industrial Machinery & Supplies & Components,160.17,233.54,157.53,163.23,163.54,164.7,170.93,187.48,0.2,5.67,169.25,160.15
IDXX,Idexx Laboratories,Health Care,Health Care Equipment,637.95,682.78,361.04,645.96,643.82,644.15,597.57,487.3,0.2,3.4,659.64,628.67
ITW,Illinois Tool Works,Industrials,Industrial Machinery & Supplies & Components,262.55,273.51,217.09,264.66,264.41,264.05,260.21,252.59,0.2,2.74,269.74,258.36
INCY,Incyte,Health Care,Biotechnology,86.25,86.96,55.17,86.1,85.66,85.62,77.57,69.94,0.0,1.41,87.47,83.78
IR,Ingersoll Rand,Industrials,Industrial Machinery & Supplies & Components,80.24,105.27,66.72,80.09,79.61,79.6,82.28,84.99,0.0,1.96,81.81,77.39
PODD,Insulet Corporation,Health Care,Health Care Equipment,337.61,352.82,219.13,346.98,343.52,334.19,309.25,285.18,0.2,5.75,357.02,311.36
INTC,Intel,Information Technology,Semiconductors,24.77,27.39,18.13,24.56,24.51,24.27,22.8,21.7,0.0,3.35,25.6,22.95
IBKR,Interactive Brokers,Financials,Investment Banking & Brokerage,62.51,67.54,30.23,62.05,62.48,62.71,62.33,51.44,0.0,3.47,64.68,60.73
ICE,Intercontinental Exchange,Financials,Financial Exchanges & Data,172.23,188.45,142.02,173.67,174.96,177.51,181.02,168.85,0.0,6.52,183.46,171.56
IFF,International Flavors & Fragrances,Materials,Specialty Chemicals,64.48,104.49,63.46,65.46,66.09,66.21,70.29,77.52,0.0,5.24,67.86,64.56
IP,International Paper,Materials,Paper & Plastic Packaging Products & Materials,46.47,58.45,43.05,47.55,48.21,48.02,49.26,50.43,0.0,7.47,49.94,46.11
IPG,Interpublic Group of Companies (The),Communication Services,Advertising,25.96,30.52,22.33,26.71,26.58,26.38,25.38,25.62,0.1,4.93,27.24,25.51
INTU,Intuit,Information Technology,Application Software,656.26,807.39,542.39,667.99,666.9,680.12,732.58,662.46,0.2,10.1,722.54,637.69
ISRG,Intuitive Surgical,Health Care,Health Care Equipment,449.98,610.45,441.18,461.78,463.74,470.34,490.55,526.06,0.0,9.19,491.33,449.36
IVZ,Invesco,Financials,Asset Management & Custody Banks,22.16,22.23,11.86,22.07,21.97,21.59,20.15,16.8,0.0,1.81,22.56,20.63
INVH,Invitation Homes,Real Estate,Single-Family Residential REITs,30.01,35.78,29.76,30.2,30.49,30.53,31.17,32.17,0.0,4.27,31.29,29.77
IQV,IQVIA,Health Care,Life Sciences Tools & Services,183.87,244.62,137.0,186.59,186.96,188.48,180.81,178.0,0.0,5.57,194.11,182.85
IRM,Iron Mountain,Real Estate,Other Specialized REITs,97.43,125.19,76.34,93.96,92.52,92.17,95.16,96.82,0.2,-1.41,96.06,88.27
JBHT,J.B. Hunt,Industrials,Cargo Ground Transportation,136.94,195.43,123.94,141.99,143.43,144.05,146.06,153.13,-0.2,8.86,149.07,139.03
JBL,Jabil,Information Technology,Electronic Manufacturing Services,215.72,230.3,101.44,210.44,208.01,209.48,217.29,169.83,0.0,1.49,218.93,200.03
JKHY,Jack Henry & Associates,Financials,Transaction & Payment Processing Services,159.1,189.99,157.95,161.58,161.62,161.56,168.82,173.14,0.0,3.45,164.59,158.54
J,Jacobs Solutions,Industrials,Construction & Engineering,144.71,151.85,109.18,144.47,145.24,146.54,142.25,130.83,0.2,4.0,150.5,142.58
JNJ,Johnson & Johnson,Health Care,Pharmaceuticals,175.79,178.76,138.72,177.61,177.35,176.69,168.55,155.57,0.2,2.25,179.75,173.62
JCI,Johnson Controls,Industrials,Building Products,107.8,111.73,67.4,106.92,107.07,106.4,106.58,90.95,-0.2,1.35,109.26,103.56
JPM,JPMorgan Chase,Financials,Diversified Banks,300.54,303.82,199.83,297.9,299.05,296.06,293.24,261.09,-0.2,1.27,304.36,287.77
K,Kellanova,Consumer Staples,Packaged Foods & Meats,79.04,81.71,77.28,79.45,79.22,79.34,79.29,80.08,0.3,1.04,79.86,78.82
KVUE,Kenvue,Consumer Staples,Personal Care Products,18.47,24.0,18.43,18.99,19.82,20.57,21.1,21.81,0.0,22.79,22.68,18.46
KDP,Keurig Dr Pepper,Consumer Staples,Soft Drinks & Non-alcoholic Beverages,27.44,36.99,27.44,28.12,28.67,31.32,32.69,32.68,0.0,36.44,37.44,25.19
KEY,KeyCorp,Financials,Regional Banks,19.23,19.23,12.92,19.12,19.1,18.68,18.25,16.67,0.2,2.6,19.73,17.63
KEYS,Keysight Technologies,Information Technology,Electronic Equipment & Instruments,170.21,185.11,127.02,168.69,166.75,165.46,164.53,161.35,0.0,0.69,171.38,159.55
KMB,Kimberly-Clark,Consumer Staples,Household Products,128.01,144.6,121.02,129.31,128.52,129.9,129.35,131.29,0.1,4.47,133.73,126.07
KIM,Kimco Realty,Real Estate,Retail REITs,22.3,24.65,18.27,22.5,22.33,21.86,21.46,21.31,0.2,3.05,22.98,20.75
KMI,Kinder Morgan,Energy,Oil & Gas Storage & Transportation,27.38,30.24,19.94,26.76,26.81,26.71,27.16,26.99,0.2,-0.66,27.2,26.23
KKR,KKR & Co.,Financials,Asset Management & Custody Banks,139.29,166.38,92.52,137.65,138.19,139.72,141.87,134.3,-0.2,4.57,145.66,133.77
KLAC,KLA Corporation,Information Technology,Semiconductor Materials & Equipment,932.63,953.34,573.9,907.54,888.29,890.24,903.62,762.69,-0.2,1.63,947.83,832.62
KHC,Kraft Heinz,Consumer Staples,Packaged Foods & Meats,26.65,34.12,25.24,26.89,27.01,27.14,27.13,27.98,0.1,4.92,27.96,26.32
KR,Kroger,Consumer Staples,Food Retail,67.03,73.97,50.47,67.65,67.84,68.97,70.32,65.99,-0.2,6.86,71.63,66.3
LHX,L3Harris,Industrials,Aerospace & Defense,275.64,277.04,191.79,272.88,273.8,273.19,268.51,231.38,-0.2,0.86,278.01,268.38
LH,Labcorp,Health Care,Health Care Services,272.94,278.67,209.65,276.43,276.16,275.12,264.34,245.98,0.2,2.88,280.8,269.43
LRCX,Lam Research,Information Technology,Semiconductor Materials & Equipment,107.36,107.38,58.94,104.27,102.4,101.97,100.31,83.51,0.0,0.96,108.39,95.56
LW,Lamb Weston,Consumer Staples,Packaged Foods & Meats,55.87,80.72,47.73,56.87,56.79,56.01,54.19,56.87,0.1,4.24,58.24,53.78
LVS,Las Vegas Sands,Consumer Discretionary,Casinos & Gaming,54.5,57.71,30.35,54.21,55.55,54.93,52.23,45.33,0.2,6.15,57.85,52.01
LDOS,Leidos,Industrials,Diversified Support Services,180.37,199.72,126.1,179.08,179.97,180.04,170.85,151.73,0.0,1.66,183.36,176.72
LEN,Lennar,Consumer Discretionary,Homebuilding,136.58,183.45,101.84,139.28,136.27,134.25,122.6,122.15,0.0,3.42,141.25,127.25
LII,Lennox International,Industrials,Building Products,558.78,674.16,506.5,567.35,560.97,575.78,597.21,593.05,0.2,10.26,616.11,535.43
LLY,Lilly (Eli),Health Care,Pharmaceuticals,754.62,927.92,624.28,742.8,738.57,719.42,742.03,783.37,-0.2,1.71,767.52,671.34
LIN,Linde plc,Materials,Industrial Gases,472.7,481.18,408.92,472.54,474.42,476.26,471.02,453.32,0.0,2.26,483.38,469.15
LYV,Live Nation Entertainment,Communication Services,Movies & Entertainment,170.9,170.9,94.8,167.4,166.31,164.6,155.67,141.53,0.0,0.01,170.92,158.3
LKQ,LKQ Corporation,Consumer Discretionary,Distributors,32.09,43.02,28.96,32.34,32.26,31.74,33.18,37.33,0.0,2.77,32.98,30.51
LMT,Lockheed Martin,Industrials,Aerospace & Defense,463.87,597.79,407.77,460.16,455.87,448.42,443.48,459.04,0.1,0.55,466.42,430.4
L,Loews Corporation,Financials,Multi-line Insurance,96.12,97.53,76.27,96.44,96.5,96.11,93.49,88.02,-0.2,1.4,97.47,94.75
LOW,Lowe's,Consumer Discretionary,Home Improvement Retail,266.55,278.66,209.46,268.63,263.68,259.96,240.47,237.97,0.2,1.95,271.75,248.18
LULU,Lululemon Athletica,Consumer Discretionary,"Apparel, Accessories & Luxury Goods",163.9,421.16,163.9,174.32,188.32,194.37,208.84,298.58,-0.2,36.11,223.08,165.65
LYB,LyondellBasell,Materials,Specialty Chemicals,54.4,89.15,47.21,54.56,55.13,54.54,56.69,62.91,0.2,6.69,58.04,51.04
MTB,M&T Bank,Financials,Regional Banks,198.17,215.8,154.27,199.82,199.67,196.19,194.25,186.26,0.4,3.41,204.93,187.47
MPC,Marathon Petroleum,Energy,Oil & Gas Refining & Marketing,181.69,183.18,117.23,181.06,180.14,172.88,171.72,152.96,0.2,3.97,188.9,156.85
MKTX,MarketAxess,Financials,Financial Exchanges & Data,184.63,289.47,180.13,185.52,184.33,186.21,199.29,213.6,0.0,4.12,192.24,180.19
MAR,Marriott International,Consumer Discretionary,"Hotels, Resorts & Cruise Lines",262.42,302.22,210.04,265.61,266.54,266.59,269.15,265.48,0.0,3.8,272.39,260.79
MMC,Marsh McLennan,Financials,Insurance Brokers,198.77,243.22,197.78,202.79,204.33,206.59,207.27,219.45,0.0,7.04,212.76,200.41
MLM,Martin Marietta Materials,Materials,Construction Materials,616.73,627.09,451.25,619.93,617.01,612.27,589.55,541.01,-0.2,1.63,626.78,597.73
MAS,Masco,Industrials,Building Products,73.17,84.25,58.18,74.49,73.87,73.88,69.75,69.73,0.2,3.91,76.03,71.73
MA,Mastercard,Financials,Transaction & Payment Processing Services,579.38,598.96,478.51,585.97,589.14,588.64,573.01,550.76,0.0,3.56,600.01,577.29
MTCH,Match Group,Communication Services,Interactive Media & Services,37.9,38.77,26.87,38.09,37.68,37.69,35.28,32.18,0.0,2.61,38.89,36.49
MKC,McCormick & Company,Consumer Staples,Packaged Foods & Meats,68.58,83.73,68.41,69.88,69.9,70.05,71.05,74.87,0.0,4.72,71.82,68.28
MCD,McDonald's,Consumer Discretionary,Restaurants,305.94,317.67,275.0,312.53,312.67,310.92,303.06,299.29,-0.2,3.9,317.87,303.96
MCK,McKesson Corporation,Health Care,Health Care Distributors,706.25,734.45,476.95,697.53,691.88,686.33,697.94,660.76,-0.2,0.67,710.98,661.7
MDT,Medtronic,Health Care,Health Care Equipment,92.32,94.07,78.03,93.03,92.75,92.47,91.18,86.67,0.0,2.03,94.19,90.75
MRK,Merck & Co.,Health Care,Pharmaceuticals,84.03,115.53,72.74,84.3,84.26,84.49,82.77,86.41,-0.1,3.03,86.58,82.39
META,Meta Platforms,Communication Services,Interactive Media & Services,751.98,790.0,484.29,754.22,748.04,754.79,739.96,653.25,-0.2,4.13,783.04,726.55
MET,MetLife,Financials,Life & Health Insurance,79.23,86.38,67.4,79.88,80.38,79.72,77.94,79.15,-0.1,4.1,82.48,76.97
MTD,Mettler Toledo,Health Care,Life Sciences Tools & Services,1252.87,1499.7,970.15,1289.27,1286.03,1296.76,1254.15,1216.89,-0.2,6.66,1336.31,1257.24
MGM,MGM Resorts,Consumer Discretionary,Casinos & Gaming,35.95,41.99,25.79,36.37,37.79,37.34,37.11,34.26,0.0,11.27,40.0,34.67
MCHP,Microchip Technology,Information Technology,Semiconductors,64.74,78.29,34.83,65.03,64.89,65.58,68.23,58.76,0.2,5.78,68.48,62.68
MU,Micron Technology,Information Technology,Semiconductors,140.0,140.0,64.66,132.46,125.82,122.89,118.69,101.0,0.2,-2.76,136.14,109.65
MSFT,Microsoft,Information Technology,Systems Software,500.37,534.76,353.33,499.99,503.35,507.1,509.23,443.85,-0.2,4.19,521.34,492.86
MAA,Mid-America Apartment Communities,Real Estate,Multi-Family Residential REITs,141.46,167.59,138.38,144.19,144.1,142.76,145.35,152.09,0.2,3.5,146.41,139.11
MRNA,Moderna,Health Care,Biotechnology,24.31,79.51,23.65,24.61,24.49,25.64,28.67,31.78,0.0,16.99,28.44,22.85
MHK,Mohawk Industries,Consumer Discretionary,Home Furnishings,135.35,161.25,97.99,137.0,134.35,131.63,121.72,116.6,0.2,3.35,139.88,123.38
MOH,Molina Healthcare,Health Care,Managed Health Care,179.15,360.77,152.31,176.34,177.37,173.79,184.12,275.62,0.2,3.53,185.47,162.12
TAP,Molson Coors Beverage Company,Consumer Staples,Brewers,49.05,61.78,46.8,49.64,49.77,50.39,49.8,54.3,0.1,6.01,52.0,48.77
MDLZ,Mondelez International,Consumer Staples,Packaged Foods & Meats,62.27,73.6,55.34,61.88,61.7,62.04,64.94,63.55,-0.2,1.67,63.31,60.76
MPWR,Monolithic Power Systems,Information Technology,Semiconductors,855.18,936.74,454.23,858.27,850.31,845.74,789.38,665.34,0.0,2.3,874.85,816.59
MNST,Monster Beverage,Consumer Staples,Soft Drinks & Non-alcoholic Beverages,62.83,64.69,46.16,63.02,62.74,63.23,61.66,57.43,-0.2,3.45,65.0,61.46
MCO,Moody's Corporation,Financials,Financial Exchanges & Data,506.08,524.53,395.22,504.09,504.47,509.24,507.26,481.47,0.2,3.24,522.48,496.0
MS,Morgan Stanley,Financials,Investment Banking & Brokerage,154.12,154.12,93.82,150.75,150.12,148.19,144.19,129.38,0.2,-0.36,153.57,142.81
MOS,Mosaic Company (The),Materials,Fertilizers & Agricultural Chemicals,33.41,37.55,22.47,32.56,32.84,32.58,34.27,29.66,0.0,0.63,33.62,31.54
MSI,Motorola Solutions,Information Technology,Communications Equipment,481.7,500.78,393.68,479.12,475.57,468.61,445.2,440.75,0.0,0.67,484.93,452.28
MSCI,MSCI Inc.,Financials,Financial Exchanges & Data,563.18,630.0,503.37,563.85,563.12,565.15,562.9,568.84,-0.1,2.97,579.91,550.42
NDAQ,"Nasdaq, Inc.",Financials,Financial Exchanges & Data,94.66,96.94,66.19,94.46,94.45,94.54,93.28,82.6,-0.2,1.08,95.68,93.39
NTAP,NetApp,Information Technology,"Technology Hardware, Storage & Peripherals",123.53,129.06,75.73,121.08,117.94,113.62,108.69,106.12,0.0,0.23,123.81,103.41
NFLX,Netflix,Communication Services,Movies & Entertainment,1247.71,1339.13,673.62,1251.4,1236.05,1228.13,1223.66,1068.53,0.0,1.24,1263.18,1193.09
NEM,Newmont,Materials,Gold,78.43,78.43,36.49,76.23,75.1,72.24,66.16,51.57,0.0,0.41,78.75,65.73
NWSA,News Corp (Class A),Communication Services,Publishing,28.77,30.5,23.97,29.37,29.32,29.56,29.46,28.27,0.2,5.53,30.36,28.76
NWS,News Corp (Class B),Communication Services,Publishing,31.56,35.17,26.94,32.91,33.27,33.84,33.85,32.17,-0.4,12.45,35.49,32.19
NEE,NextEra Energy,Utilities,Multi-Utilities,71.04,82.85,63.11,70.53,71.44,72.98,72.72,70.33,0.2,8.38,76.99,68.97
NKE,"Nike, Inc.",Consumer Discretionary,"Apparel, Accessories & Luxury Goods",74.25,87.5,52.64,74.25,75.24,76.1,75.06,69.58,0.4,6.59,79.14,73.06
NI,NiSource,Utilities,Multi-Utilities,40.73,43.33,32.5,40.32,41.24,41.82,41.32,38.81,0.0,7.19,43.66,39.98
NDSN,Nordson Corporation,Industrials,Industrial Machinery & Supplies & Components,223.72,261.43,166.9,224.6,224.31,221.98,219.03,212.21,0.2,3.18,230.83,213.14
NSC,Norfolk Southern,Industrials,Rail Transportation,272.36,285.53,204.09,275.78,276.55,279.22,274.7,248.28,0.0,5.42,287.12,271.32
NTRS,Northern Trust,Financials,Asset Management & Custody Banks,127.06,131.24,83.34,127.87,128.86,128.16,127.26,108.93,0.0,3.6,131.63,124.69
NOC,Northrop Grumman,Industrials,Aerospace & Defense,579.87,594.87,427.78,578.79,582.19,584.08,560.71,499.25,0.2,2.5,594.37,573.81
NCLH,Norwegian Cruise Line Holdings,Consumer Discretionary,"Hotels, Resorts & Cruise Lines",25.43,29.07,15.5,25.32,25.18,24.79,23.96,22.49,-0.2,1.97,25.93,23.65
NRG,NRG Energy,Utilities,Independent Power Producers & Energy Traders,161.21,173.91,76.72,151.37,149.12,148.88,153.06,122.23,0.2,-2.77,156.74,141.02
NUE,Nucor,Materials,Steel,141.88,165.5,102.79,143.82,145.96,145.9,142.58,128.76,0.0,6.41,150.97,140.82
NVDA,Nvidia,Information Technology,Semiconductors,177.33,183.16,94.3,171.02,173.24,176.2,173.23,139.65,-0.2,4.84,185.91,166.49
NVR,"NVR, Inc.",Consumer Discretionary,Homebuilding,8335.89,9924.4,6700.0,8412.98,8265.13,8208.69,7899.01,7699.61,0.2,2.08,8509.28,7907.8
NXPI,NXP Semiconductors,Information Technology,Semiconductors,219.28,252.0,152.79,224.12,229.31,230.36,225.05,210.37,-0.2,9.86,240.9,219.82
ORLY,O’Reilly Automotive,Consumer Discretionary,Automotive Retail,105.11,106.92,73.94,105.66,104.71,103.6,99.15,90.66,0.0,1.38,106.56,100.64
OXY,Occidental Petroleum,Energy,Oil & Gas Exploration & Production,46.31,55.07,35.91,45.87,46.57,45.75,44.75,45.34,-0.3,3.91,48.12,43.39
ODFL,Old Dominion,Industrials,Cargo Ground Transportation,146.31,230.37,141.59,149.03,149.65,151.19,155.87,170.73,0.0,7.24,156.9,145.47
OMC,Omnicom Group,Communication Services,Advertising,76.0,101.86,68.6,78.13,77.75,77.23,74.53,78.46,0.1,4.87,79.7,74.75
ON,ON Semiconductor,Information Technology,Semiconductors,48.13,74.7,31.95,48.56,49.12,49.91,53.38,51.37,0.0,9.12,52.52,47.29
OKE,Oneok,Energy,Oil & Gas Storage & Transportation,73.35,112.93,71.36,72.71,73.94,74.07,77.16,87.98,-0.2,4.29,76.5,71.64
ORCL,Oracle Corporation,Information Technology,Application Software,328.33,328.33,122.56,252.82,241.51,240.52,241.8,183.77,0.0,-13.68,283.41,197.62
OTIS,Otis Worldwide,Industrials,Industrial Machinery & Supplies & Components,87.63,104.22,84.52,87.3,86.83,87.38,90.79,94.94,-0.2,1.86,89.26,85.5
PCAR,Paccar,Industrials,Construction Machinery & Heavy Transportation Equipment,98.66,113.98,85.82,98.34,98.89,99.15,98.1,99.59,-0.1,3.24,101.86,96.43
PKG,Packaging Corporation of America,Materials,Paper & Plastic Packaging Products & Materials,213.05,244.28,174.83,216.0,215.47,209.14,204.01,205.27,0.3,6.14,226.13,192.15
PLTR,Palantir Technologies,Information Technology,Application Software,166.74,186.97,34.6,158.89,157.8,162.06,158.16,112.37,-0.2,8.17,180.36,143.76
PANW,Palo Alto Networks,Information Technology,Systems Software,197.33,208.28,152.44,195.81,193.03,186.9,188.25,187.28,0.0,2.01,201.3,172.5
PSKY,Paramount Skydance Corporation,Communication Services,Movies & Entertainment,15.11,16.03,9.8,15.05,14.9,14.84,13.46,11.81,0.2,8.27,16.36,13.33
PH,Parker Hannifin,Industrials,Industrial Machinery & Supplies & Components,765.28,766.28,514.56,759.24,758.35,751.19,731.59,667.08,-0.2,1.05,773.32,729.05
PAYX,Paychex,Industrials,Human Resource & Employment Services,133.07,158.58,128.59,135.13,136.41,137.48,140.76,144.21,-0.4,6.12,141.21,133.76
PAYC,Paycom,Industrials,Human Resource & Employment Services,220.88,265.28,158.91,223.26,223.84,224.32,227.18,224.42,0.0,5.36,232.72,215.92
PYPL,PayPal,Financials,Transaction & Payment Processing Services,65.64,91.81,57.41,67.69,68.72,69.01,71.28,74.7,-0.2,8.62,71.3,66.72
PNR,Pentair,Industrials,Industrial Machinery & Supplies & Components,109.26,110.68,75.76,109.95,108.89,107.87,105.71,98.4,0.2,2.16,111.62,104.12
PEP,PepsiCo,Consumer Staples,Soft Drinks & Non-alcoholic Beverages,142.66,171.56,125.83,143.87,145.43,146.72,141.94,141.32,0.2,5.94,151.13,142.3
PFE,Pfizer,Health Care,Pharmaceuticals,24.57,28.21,20.83,24.65,24.74,25.02,24.69,24.21,0.0,4.76,25.74,24.29
PCG,PG&E Corporation,Utilities,Multi-Utilities,15.26,21.53,13.0,15.02,15.11,15.13,14.47,16.45,-0.3,2.23,15.6,14.66
PM,Philip Morris International,Consumer Staples,Tobacco,165.31,183.57,115.19,163.09,164.32,166.45,169.51,154.46,0.0,4.78,173.21,159.68
PSX,Phillips 66,Energy,Oil & Gas Refining & Marketing,131.42,133.86,91.09,131.41,132.04,128.35,125.71,118.53,0.2,4.54,137.39,119.32
PNW,Pinnacle West Capital,Utilities,Multi-Utilities,87.62,93.78,79.36,88.22,88.78,90.06,90.45,88.88,-0.2,6.41,93.24,86.88
PNC,PNC Financial Services,Financials,Diversified Banks,201.89,209.23,146.94,203.57,204.73,200.32,195.99,184.02,0.2,4.68,211.34,189.32
POOL,Pool Corporation,Consumer Discretionary,Distributors,319.15,385.63,283.92,324.71,317.69,319.11,311.57,322.14,0.1,4.99,335.08,303.13
PPG,PPG Industries,Materials,Specialty Chemicals,108.78,131.36,90.49,109.86,110.27,111.27,111.74,112.08,0.0,4.87,114.08,108.47
PPL,PPL Corporation,Utilities,Electric Utilities,35.79,37.24,30.73,35.93,36.19,36.48,35.87,34.29,0.2,4.33,37.34,35.61
PFG,Principal Financial Group,Financials,Life & Health Insurance,80.07,87.94,68.21,80.23,79.89,79.03,78.66,78.41,0.0,1.75,81.47,76.58
PG,Procter & Gamble,Consumer Staples,Personal Care Products,157.35,176.3,150.47,159.01,158.08,157.38,156.16,162.45,0.1,2.28,160.94,153.82
PGR,Progressive Corporation,Financials,Property & Casualty Insurance,246.41,291.0,234.89,245.7,245.89,247.24,247.29,259.66,-0.2,2.33,252.15,242.35
PLD,Prologis,Real Estate,Industrial REITs,110.98,127.92,88.91,112.55,112.41,110.64,108.74,108.73,0.2,4.42,115.89,105.39
PRU,Prudential Financial,Financials,Life & Health Insurance,105.67,124.75,92.74,106.32,107.43,107.22,104.76,107.36,-0.1,4.67,110.6,103.83
PEG,Public Service Enterprise Group,Utilities,Electric Utilities,81.72,91.66,75.92,80.57,81.05,82.53,83.77,82.13,-0.4,5.67,86.35,78.71
PTC,PTC Inc.,Information Technology,Application Software,204.5,216.53,136.74,209.68,211.83,211.18,203.72,179.73,-0.2,6.69,218.18,204.16
PSA,Public Storage,Real Estate,Self-Storage REITs,288.69,354.44,263.65,292.71,292.09,289.1,287.54,295.01,0.3,3.3,298.22,279.98
PHM,PulteGroup,Consumer Discretionary,Homebuilding,135.41,148.13,91.82,138.35,135.16,132.25,121.78,110.91,0.2,3.83,140.6,123.91
PWR,Quanta Services,Industrials,Construction & Engineering,390.17,421.68,236.56,377.55,378.23,378.97,387.34,329.53,0.0,-0.65,387.63,370.31
QCOM,Qualcomm,Information Technology,Semiconductors,158.95,174.12,123.21,159.48,159.02,157.61,155.6,153.89,0.0,1.6,161.49,153.74
DGX,Quest Diagnostics,Health Care,Health Care Services,180.14,184.4,144.81,181.79,180.78,180.71,175.33,167.9,0.2,2.38,184.43,177.0
RL,Ralph Lauren Corporation,Consumer Discretionary,"Apparel, Accessories & Luxury Goods",312.58,320.75,170.17,312.83,307.77,298.7,294.07,255.22,0.2,2.76,321.21,276.18
RJF,Raymond James Financial,Financials,Investment Banking & Brokerage,166.7,171.46,114.36,166.93,167.56,165.98,163.78,153.78,0.0,2.35,170.62,161.34
RTX,RTX Corporation,Industrials,Aerospace & Defense,155.0,160.66,112.45,155.43,157.24,156.5,153.43,133.2,0.0,3.92,161.08,151.93
O,Realty Income,Real Estate,Retail REITs,59.45,61.45,49.6,59.12,58.59,58.45,57.45,55.04,0.0,0.64,59.83,57.08
REG,Regency Centers,Real Estate,Retail REITs,72.09,76.25,64.84,72.96,72.65,72.1,71.37,71.45,-0.1,2.21,73.68,70.53
REGN,Regeneron Pharmaceuticals,Health Care,Biotechnology,555.83,1159.49,482.34,562.28,570.04,574.5,562.48,621.98,0.1,7.67,598.46,550.52
RF,Regions Financial Corporation,Financials,Regional Banks,27.04,27.36,17.95,27.06,27.05,26.45,25.53,23.06,0.0,3.0,27.85,25.04
RSG,Republic Services,Industrials,Environmental & Facilities Services,228.51,257.46,196.49,229.86,231.69,232.73,236.54,231.72,-0.2,3.78,237.15,228.31
RMD,ResMed,Health Care,Health Care Equipment,270.47,293.73,203.67,276.0,275.2,281.18,273.02,245.1,0.0,9.04,294.92,267.44
RVTY,Revvity,Health Care,Health Care Equipment,82.5,127.41,82.5,85.23,86.53,88.82,92.34,102.77,-0.2,14.9,94.79,82.85
ROK,Rockwell Automation,Industrials,Electrical Components & Equipment,339.39,357.15,217.21,341.73,342.69,344.2,344.55,297.01,0.0,4.23,353.75,334.65
ROL,"Rollins, Inc.",Industrials,Environmental & Facilities Services,56.37,58.48,45.24,56.84,56.66,57.1,56.81,53.23,0.2,3.67,58.44,55.77
ROP,Roper Technologies,Information Technology,Electronic Equipment & Instruments,513.23,592.1,501.26,520.38,522.66,526.38,541.19,554.08,-0.4,5.0,538.89,513.85
ROST,Ross Stores,Consumer Discretionary,Apparel Retail,149.24,154.88,122.22,150.48,149.89,148.42,140.87,140.72,0.0,2.14,152.43,144.42
RCL,Royal Caribbean Group,Consumer Discretionary,"Hotels, Resorts & Cruise Lines",341.5,365.84,156.58,350.04,354.74,342.07,335.57,261.52,-0.2,9.98,375.58,308.56
SPGI,S&P Global,Financials,Financial Exchanges & Data,539.89,563.17,436.73,542.36,543.65,549.34,541.01,512.92,0.0,4.39,563.59,535.11
CRM,Salesforce,Information Technology,Application Software,242.57,366.29,231.66,248.33,251.19,247.35,254.6,287.38,0.2,6.85,259.19,235.51
SBAC,SBA Communications,Real Estate,Telecom Tower REITs,193.57,244.52,189.91,193.86,198.96,209.13,221.03,217.21,0.0,19.54,231.39,186.87
SLB,Schlumberger,Energy,Oil & Gas Equipment & Services,36.16,44.26,31.43,35.91,35.86,34.8,34.53,36.86,-0.1,3.46,37.41,32.19
STX,Seagate Technology,Information Technology,"Technology Hardware, Storage & Peripherals",193.04,193.04,66.19,189.2,179.99,169.25,157.47,112.42,0.0,1.14,195.24,143.26
SRE,Sempra,Utilities,Multi-Utilities,82.01,92.47,63.23,80.99,81.64,81.76,79.81,78.09,0.0,1.79,83.48,80.05
NOW,ServiceNow,Information Technology,Systems Software,923.57,1170.39,721.65,921.79,917.38,896.63,932.8,967.05,-0.2,2.5,946.66,846.63
SHW,Sherwin-Williams,Materials,Specialty Chemicals,357.45,397.11,312.15,366.45,365.56,365.85,353.02,351.43,0.2,4.77,374.5,357.19
SPG,Simon Property Group,Real Estate,Retail REITs,179.23,180.92,136.92,179.7,178.49,175.36,167.78,164.45,0.2,1.73,182.33,168.39
SWKS,Skyworks Solutions,Information Technology,Semiconductors,73.6,98.66,48.25,74.83,74.7,74.64,73.11,72.89,-0.2,4.21,76.7,72.58
SJM,J.M. Smucker Company (The),Consumer Staples,Packaged Foods & Meats,110.03,116.99,93.48,111.46,110.16,110.97,108.22,107.71,-0.2,4.31,114.77,107.18
SW,Smurfit Westrock,Materials,Paper & Plastic Packaging Products & Materials,45.27,55.13,37.46,46.08,46.39,45.21,45.44,46.7,0.0,7.09,48.48,41.94
SNA,Snap-on,Industrials,Industrial Machinery & Supplies & Components,324.16,364.18,268.8,326.25,325.91,325.96,322.87,327.3,-0.1,2.74,333.04,318.9
SOLV,Solventum,Health Care,Health Care Technology,71.22,84.04,63.01,72.76,72.57,72.59,73.38,72.32,0.2,4.61,74.5,70.68
SO,Southern Company,Utilities,Electric Utilities,91.56,95.24,78.98,91.45,91.88,92.85,93.0,87.8,0.0,3.96,95.19,90.5
LUV,Southwest Airlines,Industrials,Passenger Airlines,31.11,37.49,23.77,31.26,31.92,31.72,32.67,31.3,0.0,7.17,33.34,30.11
SWK,Stanley Black & Decker,Industrials,Industrial Machinery & Supplies & Components,76.97,105.48,54.53,77.06,75.27,74.79,71.79,73.49,0.1,1.99,78.5,71.08
SBUX,Starbucks,Consumer Discretionary,Restaurants,82.88,114.25,78.61,84.66,86.42,88.16,90.68,93.01,0.0,13.31,93.91,82.41
STT,State Street Corporation,Financials,Asset Management & Custody Banks,110.77,115.82,74.79,112.3,113.28,113.09,111.08,97.9,0.2,5.05,116.36,109.82
STLD,Steel Dynamics,Materials,Steel,132.72,152.49,106.43,132.61,131.68,130.15,129.63,127.62,0.0,2.34,135.83,124.48
STE,Steris,Health Care,Health Care Equipment,243.83,251.3,200.94,245.85,244.93,245.99,236.27,226.03,0.2,2.92,250.95,241.02
SYK,Stryker Corporation,Health Care,Health Care Equipment,382.97,403.53,336.65,391.1,390.82,388.76,389.38,379.2,-0.2,4.21,399.09,378.45
SMCI,Supermicro,Information Technology,"Technology Hardware, Storage & Peripherals",43.91,60.71,18.01,41.6,41.91,43.12,48.27,40.36,0.2,6.99,46.98,39.25
SYF,Synchrony Financial,Financials,Consumer Finance,74.74,76.86,43.38,75.68,75.82,74.19,71.63,62.67,0.2,4.36,78.0,70.38
SNPS,Synopsys,Information Technology,Application Software,387.78,645.35,380.9,560.27,580.43,594.71,592.92,511.67,0.2,78.28,691.33,498.07
SYY,Sysco,Consumer Staples,Food Distributors,80.19,82.51,67.53,81.51,80.95,80.55,79.48,74.59,0.2,2.97,82.57,78.54
TMUS,T-Mobile US,Communication Services,Wireless Telecommunication Services,240.38,270.87,192.56,246.18,249.16,251.19,242.23,241.26,-0.4,8.37,260.5,241.9
TROW,T. Rowe Price,Financials,Asset Management & Custody Banks,106.64,120.07,79.19,108.33,107.79,107.57,105.28,101.6,0.2,3.97,110.87,104.27
TTWO,Take-Two Interactive,Communication Services,Interactive Home Entertainment,244.04,248.78,147.66,244.2,240.1,235.58,232.86,214.11,0.2,1.59,247.92,223.23
TPR,"Tapestry, Inc.",Consumer Discretionary,"Apparel, Accessories & Luxury Goods",105.3,113.1,40.43,104.98,103.56,101.78,102.48,80.03,-0.2,4.03,109.54,94.03
TRGP,Targa Resources,Energy,Oil & Gas Storage & Transportation,163.41,213.93,141.11,162.82,164.43,163.7,165.82,177.97,0.0,2.96,168.25,159.16
TGT,Target Corporation,Consumer Staples,Consumer Staples Merchandise Retail,90.78,154.72,86.82,91.81,93.46,97.29,100.54,108.79,-0.2,17.99,107.11,87.47
TEL,TE Connectivity,Information Technology,Electronic Manufacturing Services,210.35,210.35,121.04,208.83,207.68,205.68,195.69,160.25,0.0,0.45,211.3,200.08
TDY,Teledyne Technologies,Information Technology,Electronic Equipment & Instruments,544.97,563.66,424.26,546.41,543.62,543.38,542.34,499.94,-0.2,1.15,551.24,535.51
TER,Teradyne,Information Technology,Semiconductor Materials & Equipment,117.82,139.5,67.79,118.25,118.4,115.45,104.7,100.98,0.0,4.6,123.24,107.66
TSLA,"Tesla, Inc.",Consumer Discretionary,Automobile Manufacturers,347.79,479.86,213.65,346.11,342.34,338.79,325.56,330.38,-0.1,2.61,356.87,320.7
TXN,Texas Instruments,Information Technology,Semiconductors,184.01,219.66,143.34,186.02,193.77,196.45,198.75,185.8,-0.2,14.74,211.13,181.76
TPL,Texas Pacific Land Corporation,Energy,Oil & Gas Exploration & Production,937.63,1720.9,783.51,913.69,917.96,906.69,949.43,1200.79,0.0,0.59,943.16,870.27
TXT,Textron,Industrials,Aerospace & Defense,81.02,90.25,60.7,81.41,80.88,80.53,80.97,76.47,-0.2,1.93,82.58,78.48
TMO,Thermo Fisher Scientific,Health Care,Life Sciences Tools & Services,476.54,622.18,390.26,485.74,487.13,488.69,462.94,480.7,-0.3,4.76,499.22,478.14
TJX,TJX Companies,Consumer Discretionary,Apparel Retail,139.86,141.02,110.73,140.19,138.99,137.07,130.35,125.05,0.0,1.71,142.25,131.89
TKO,TKO Group Holdings,Communication Services,Movies & Entertainment,195.13,200.47,113.12,195.22,191.34,188.85,177.64,159.37,0.0,1.55,198.15,179.53
TTD,Trade Desk (The),Communication Services,Advertising,46.14,139.51,45.27,50.91,52.52,52.63,68.28,82.15,0.0,22.26,56.41,48.85
TSCO,Tractor Supply,Consumer Discretionary,Other Specialty Retail,58.45,62.65,47.62,59.76,60.72,60.78,58.86,54.39,-0.4,7.72,62.96,58.6
TT,Trane Technologies,Industrials,Building Products,417.32,471.46,313.81,413.54,414.65,419.99,432.03,392.85,-0.4,4.03,434.14,405.83
TDG,TransDigm Group,Industrials,Aerospace & Defense,1287.32,1516.55,1152.5,1289.1,1295.11,1303.52,1385.61,1294.34,0.0,3.62,1333.92,1273.15
TRV,Travelers Companies (The),Financials,Property & Casualty Insurance,272.33,279.43,223.19,275.0,273.89,272.25,265.3,256.83,0.0,2.58,279.36,265.14
TRMB,Trimble Inc.,Information Technology,Electronic Equipment & Instruments,80.16,85.24,54.31,80.39,80.43,81.23,81.65,72.99,0.0,5.08,84.23,78.23
TFC,Truist Financial,Financials,Diversified Banks,45.12,47.07,33.92,46.0,46.32,45.62,44.66,42.2,0.2,5.5,47.6,43.63
TYL,Tyler Technologies,Information Technology,Application Software,545.91,646.74,521.68,556.92,557.09,561.62,569.18,581.57,-0.2,6.09,579.16,544.11
TSN,Tyson Foods,Consumer Staples,Packaged Foods & Meats,55.42,63.59,51.83,55.91,56.17,56.3,55.06,56.88,-0.3,3.43,57.32,55.29
USB,U.S. Bancorp,Financials,Diversified Banks,49.2,51.9,36.0,49.04,48.85,47.89,46.73,44.98,0.2,2.17,50.27,45.5
UBER,Uber,Industrials,Passenger Ground Transportation,94.21,97.48,59.93,93.4,93.78,93.92,92.47,79.41,-0.2,3.35,97.37,90.46
UDR,"UDR, Inc.",Real Estate,Multi-Family Residential REITs,38.19,45.23,37.29,38.77,38.82,38.73,39.39,41.13,0.2,3.35,39.47,37.98
ULTA,Ulta Beauty,Consumer Discretionary,Other Specialty Retail,515.47,533.81,314.47,518.7,521.42,522.22,507.01,426.11,-0.2,4.97,541.09,503.34
UNP,Union Pacific Corporation,Industrials,Rail Transportation,215.19,249.94,205.73,218.37,219.97,221.0,224.4,227.47,-0.2,5.23,226.44,215.57
UAL,United Airlines Holdings,Industrials,Passenger Airlines,107.51,110.52,48.42,106.71,105.87,103.48,94.23,88.33,0.0,1.62,109.25,97.71
UPS,United Parcel Service,Industrials,Air Freight & Logistics,83.85,130.93,82.93,84.42,85.52,86.34,91.2,104.08,0.0,6.29,89.12,83.57
URI,United Rentals,Industrials,Trading Companies & Distributors,944.81,975.23,549.5,960.05,956.52,938.13,875.02,741.05,0.2,4.12,983.74,892.5
UNH,UnitedHealth Group,Health Care,Managed Health Care,346.78,615.84,237.77,328.14,317.34,307.47,290.57,418.14,0.1,-1.19,342.65,272.3
UHS,Universal Health Services,Health Care,Health Care Facilities,186.06,240.49,154.78,186.81,184.17,182.76,175.84,180.88,0.1,1.67,189.17,176.36
VLO,Valero Energy,Energy,Oil & Gas Refining & Marketing,158.5,161.83,102.97,157.97,155.35,147.86,143.9,130.95,0.0,3.89,164.67,131.05
VTR,Ventas,Real Estate,Health Care REITs,69.25,69.55,56.07,68.24,68.01,68.0,66.81,64.03,0.0,-0.22,69.1,66.89
VLTO,Veralto,Industrials,Environmental & Facilities Services,106.01,113.22,85.23,106.05,106.07,107.05,105.22,100.73,0.0,3.44,109.66,104.43
VRSN,Verisign,Information Technology,Internet Services & Infrastructure,283.48,305.1,175.69,281.86,277.43,273.1,277.25,247.73,-0.2,0.4,284.61,261.6
VRSK,Verisk Analytics,Industrials,Research & Consulting Services,262.77,320.87,260.0,268.96,268.03,268.3,281.44,290.13,-0.2,4.09,273.52,263.08
VZ,Verizon,Communication Services,Integrated Telecommunication Services,43.49,45.06,36.62,43.79,43.89,44.12,43.11,41.62,0.0,3.72,45.11,43.13
VRTX,Vertex Pharmaceuticals,Health Care,Biotechnology,388.55,516.74,366.54,394.67,394.31,393.29,426.38,451.63,0.0,3.09,400.56,386.01
VTRS,Viatris,Health Care,Pharmaceuticals,10.24,12.87,7.08,10.4,10.45,10.48,9.65,9.75,-0.1,4.3,10.68,10.28
VICI,Vici Properties,Real Estate,Hotel & Resort REITs,33.14,33.93,27.46,33.33,33.44,33.18,33.13,31.21,0.0,2.72,34.04,32.31
V,Visa Inc.,Financials,Transaction & Payment Processing Services,338.12,372.65,267.75,343.72,347.15,346.35,347.38,339.45,-0.2,4.79,354.32,338.4
VST,Vistra Corp.,Utilities,Electric Utilities,209.21,214.06,74.43,193.75,192.31,193.97,195.75,160.23,0.4,-1.5,206.07,181.87
VMC,Vulcan Materials Company,Materials,Construction Materials,294.43,298.91,219.65,294.58,292.69,291.9,279.86,263.69,0.0,0.98,297.32,286.49
WRB,W. R. Berkley Corporation,Financials,Property & Casualty Insurance,72.15,74.57,55.33,72.34,72.06,71.79,70.39,66.3,0.0,1.25,73.05,70.53
GWW,W. W. Grainger,Industrials,Industrial Machinery & Supplies & Components,994.06,1212.97,915.74,1001.64,1008.88,1001.49,1009.28,1041.34,-0.2,4.05,1034.32,968.7
WAB,Wabtec,Industrials,Construction Machinery & Heavy Transportation Equipment,189.59,214.1,159.81,191.51,192.54,192.54,198.55,194.06,0.0,3.68,196.57,188.52
WMT,Walmart,Consumer Staples,Consumer Staples Merchandise Retail,100.41,104.27,76.59,101.28,99.29,99.29,98.4,94.83,0.2,3.36,103.78,94.79
DIS,Walt Disney Company (The),Communication Services,Movies & Entertainment,115.79,124.01,81.37,117.74,117.85,117.36,118.7,109.74,0.0,3.11,119.39,115.32
WBD,Warner Bros. Discovery,Communication Services,Broadcasting,12.54,13.7,6.94,12.21,12.04,11.93,12.13,10.56,0.0,-0.56,12.47,11.38
WM,Waste Management,Industrials,Environmental & Facilities Services,217.69,241.26,199.11,220.18,222.79,224.97,227.34,224.48,-0.4,6.55,231.95,217.98
WAT,Waters Corporation,Health Care,Life Sciences Tools & Services,293.03,417.28,277.72,301.79,298.95,297.15,302.76,351.28,0.0,4.91,307.42,286.88
WEC,WEC Energy Group,Utilities,Electric Utilities,109.39,110.37,89.8,107.92,107.3,107.62,107.09,102.6,0.0,0.11,109.51,105.73
WFC,Wells Fargo,Financials,Diversified Banks,80.3,83.83,50.45,80.2,80.99,79.81,80.19,74.46,-0.2,3.71,83.28,76.33
WELL,Welltower,Real Estate,Health Care REITs,168.09,169.36,120.86,168.36,168.04,166.11,162.36,146.93,0.0,1.53,170.66,161.56
WST,West Pharmaceutical Services,Health Care,Health Care Supplies,255.22,347.02,190.04,251.74,248.97,247.35,238.99,253.83,0.3,-0.58,253.74,240.96
WDC,Western Digital,Information Technology,"Technology Hardware, Storage & Peripherals",95.02,95.02,30.45,93.08,87.59,82.03,74.62,54.59,0.0,1.04,96.01,68.06
WY,Weyerhaeuser,Real Estate,Timber REITs,25.1,32.88,24.29,25.6,25.52,25.75,25.64,27.27,0.1,6.22,26.66,24.83
WSM,"Williams-Sonoma, Inc.",Consumer Discretionary,Homefurnishing Retail,202.67,215.83,127.65,202.78,196.64,199.27,188.89,178.55,0.0,4.08,210.94,187.6
WMB,Williams Companies,Energy,Oil & Gas Storage & Transportation,58.76,62.87,42.92,57.59,57.64,57.41,58.06,57.23,0.2,-0.53,58.45,56.38
WTW,Willis Towers Watson,Financials,Insurance Brokers,330.22,339.25,284.76,330.21,328.74,331.51,319.83,316.88,-0.2,2.69,339.1,323.92
WDAY,"Workday, Inc.",Information Technology,Application Software,226.48,279.91,210.47,230.25,230.26,227.9,230.04,246.94,0.0,3.81,235.11,220.67
WYNN,Wynn Resorts,Consumer Discretionary,Casinos & Gaming,122.9,126.75,65.78,122.17,123.85,118.28,112.28,92.45,0.0,6.4,130.77,105.8
XEL,Xcel Energy,Utilities,Multi-Utilities,72.31,74.26,60.63,72.2,72.32,72.6,71.64,68.85,0.0,1.96,73.73,71.47
XYL,Xylem Inc.,Industrials,Industrial Machinery & Supplies & Components,137.73,144.22,102.25,139.56,140.76,141.22,137.3,125.6,-0.2,5.13,144.8,137.66
YUM,Yum! Brands,Consumer Discretionary,Restaurants,146.02,160.96,121.48,145.61,145.37,146.34,146.01,142.86,0.0,2.7,149.96,142.72
ZBRA,Zebra Technologies,Information Technology,Electronic Equipment & Instruments,306.19,421.11,213.54,311.44,313.05,315.98,321.68,322.93,0.0,8.45,332.06,299.91
ZBH,Zimmer Biomet,Health Care,Health Care Equipment,102.3,112.89,89.98,104.27,104.94,104.85,98.82,101.62,0.1,5.77,108.2,101.5
ZTS,Zoetis,Health Care,Pharmaceuticals,149.42,194.12,143.44,151.5,152.93,153.8,152.64,160.57,-0.3,5.68,157.91,149.7
