Symbol,Company,GICS_Sector,GICS_Sub_Industry,Current_Price,52_Week_High,52_Week_Low,SMA_5,SMA_10,SMA_20,SMA_50,SMA_100,SMA_125,SMA_200
MMM,3M,Industrials,Industrial Conglomerates,153.57,163.4,120.83,154.29,154.74,154.92,153.27,148.47,147.16,143.8
AOS,A. O. Smith,Industrials,Building Products,72.49,90.29,58.25,72.95,72.13,72.34,70.82,68.19,67.43,67.79
ABT,Abbott Laboratories,Health Care,Health Care Equipment,129.36,139.95,109.57,131.85,131.84,131.54,130.41,131.36,130.43,126.98
ABBV,AbbVie,Health Care,Biotechnology,211.64,214.8,159.42,211.48,210.76,208.92,198.43,191.45,191.97,187.92
ACN,Accenture,Information Technology,IT Consulting & Other Services,243.11,394.41,236.67,251.71,254.21,253.29,266.43,286.12,289.03,314.96
ADBE,Adobe Inc.,Information Technology,Application Software,350.16,587.75,330.04,351.23,351.73,353.86,359.18,375.7,375.51,406.69
AMD,Advanced Micro Devices,Information Technology,Semiconductors,159.54,186.65,76.48,155.94,160.25,165.74,161.85,137.38,129.77,125.95
AES,AES Corporation,Utilities,Independent Power Producers & Energy Traders,12.73,19.17,9.28,12.78,13.09,13.17,12.91,11.69,11.65,11.57
AFL,Aflac,Financials,Life & Health Insurance,107.23,113.54,96.14,107.07,106.81,106.72,103.5,103.69,104.27,104.22
A,Agilent Technologies,Health Care,Life Sciences Tools & Services,124.12,153.19,96.23,127.15,125.55,122.37,119.45,115.65,115.08,123.44
APD,Air Products,Materials,Industrial Gases,287.5,336.92,242.14,288.68,291.06,291.95,291.6,282.14,281.63,291.64
ABNB,Airbnb,Consumer Discretionary,"Hotels, Resorts & Cruise Lines",123.41,163.93,99.88,124.2,126.44,126.32,131.08,130.41,128.29,131.17
AKAM,Akamai Technologies,Information Technology,Internet Services & Infrastructure,76.75,106.8,67.51,77.91,77.99,76.96,77.27,77.81,77.9,83.78
ALB,Albemarle Corporation,Materials,Specialty Chemicals,73.32,112.1,49.11,77.74,80.59,80.8,75.95,67.35,67.42,75.18
ARE,Alexandria Real Estate Equities,Real Estate,Office REITs,84.0,118.73,66.16,84.17,82.93,80.37,78.66,75.01,77.41,84.63
ALGN,Align Technology,Health Care,Health Care Supplies,132.94,262.87,127.7,135.91,137.41,140.72,164.2,172.49,170.53,186.29
ALLE,Allegion,Industrials,Building Products,170.43,173.25,116.14,171.22,170.46,169.81,161.95,150.5,145.69,140.36
LNT,Alliant Energy,Utilities,Electric Utilities,63.99,67.11,54.71,64.28,64.65,65.15,64.19,62.37,62.18,61.15
ALL,Allstate,Financials,Property & Casualty Insurance,200.03,213.71,173.88,202.06,202.72,204.49,199.93,199.53,199.42,196.28
GOOGL,Alphabet Inc. (Class A),Communication Services,Interactive Media & Services,239.17,241.66,140.23,235.94,225.28,214.28,198.53,182.22,177.37,179.96
GOOG,Alphabet Inc. (Class C),Communication Services,Interactive Media & Services,239.56,242.08,142.36,236.21,225.73,214.93,199.34,183.33,178.68,181.39
MO,Altria,Consumer Staples,Tobacco,66.23,68.6,46.28,66.27,66.51,66.55,62.82,60.6,59.73,56.83
AMZN,Amazon,Consumer Discretionary,Broadline Retail,230.33,242.52,161.38,234.48,231.35,229.54,226.41,214.13,209.21,213.69
AMCR,Amcor,Materials,Paper & Plastic Packaging Products & Materials,8.23,11.04,8.16,8.26,8.38,8.55,9.18,9.17,9.2,9.39
AEE,Ameren,Utilities,Multi-Utilities,99.29,102.85,79.88,99.57,99.44,100.01,98.91,97.3,97.27,95.2
AEP,American Electric Power,Utilities,Electric Utilities,108.33,115.08,87.57,108.2,109.68,111.22,109.2,105.92,105.44,101.86
AXP,American Express,Financials,Consumer Finance,323.35,332.46,219.87,325.99,326.56,318.55,312.97,300.42,292.26,295.08
AIG,American International Group,Financials,Multi-line Insurance,78.0,87.61,68.55,79.24,80.37,80.97,80.58,81.89,82.03,79.17
AMT,American Tower,Real Estate,Telecom Tower REITs,193.76,235.86,169.77,195.08,198.18,202.75,212.32,213.5,213.02,204.37
AWK,American Water Works,Utilities,Water Utilities,138.5,153.69,116.64,140.76,141.71,143.1,142.08,141.86,141.99,136.53
AMP,Ameriprise Financial,Financials,Asset Management & Custody Banks,492.0,576.69,393.57,495.79,504.87,507.13,517.23,508.7,501.87,514.48
AME,Ametek,Industrials,Electrical Components & Equipment,187.41,197.35,144.77,187.78,186.61,185.65,182.95,178.82,176.64,179.74
AMGN,Amgen,Health Care,Biotechnology,278.51,330.26,247.06,280.48,283.45,287.31,291.55,284.64,287.31,283.72
APH,Amphenol,Information Technology,Electronic Components,119.09,120.8,56.35,113.92,112.05,110.89,106.4,96.16,89.92,82.4
ADI,Analog Devices,Information Technology,Semiconductors,247.21,257.11,157.31,247.51,248.85,245.03,237.91,225.63,219.15,217.48
AON,Aon plc,Financials,Insurance Brokers,362.37,411.24,322.37,368.56,369.07,369.87,362.6,360.05,365.09,368.75
APA,APA Corporation,Energy,Oil & Gas Exploration & Production,23.29,26.13,13.18,22.68,22.87,21.9,20.27,18.8,18.64,19.71
APO,Apollo Global Management,Financials,Asset Management & Custody Banks,133.64,187.59,101.84,133.76,134.56,135.67,141.83,137.88,136.68,145.99
AAPL,Apple Inc.,Information Technology,"Technology Hardware, Storage & Peripherals",226.79,259.18,168.8,235.7,234.19,231.81,220.11,211.32,210.6,221.02
AMAT,Applied Materials,Information Technology,Semiconductor Materials & Equipment,163.42,213.48,123.04,161.99,161.42,164.34,178.73,170.48,165.43,167.41
APTV,Aptiv,Consumer Discretionary,Automotive Parts & Equipment,81.61,82.74,47.19,81.39,80.47,78.32,72.86,68.49,66.38,64.45
ACGL,Arch Capital Group,Financials,Property & Casualty Insurance,90.6,110.75,82.49,90.92,91.33,91.51,89.69,91.05,91.42,92.04
ADM,Archer Daniels Midland,Consumer Staples,Agricultural Products & Services,61.41,64.38,40.22,62.16,62.26,61.52,57.5,53.14,51.6,50.47
ANET,Arista Networks,Information Technology,Communications Equipment,150.72,151.71,59.43,143.33,139.6,137.13,124.31,107.08,101.23,103.33
AJG,Arthur J. Gallagher & Co.,Financials,Insurance Brokers,293.18,349.78,272.05,297.91,299.36,298.7,301.28,314.75,317.98,312.22
AIZ,Assurant,Financials,Multi-line Insurance,209.4,227.13,173.64,211.99,213.74,213.28,199.69,197.78,198.41,202.78
T,AT&T,Communication Services,Integrated Telecommunication Services,29.2,29.79,19.99,29.34,29.21,29.04,28.22,27.79,27.57,26.02
ATO,Atmos Energy,Utilities,Gas Utilities,163.91,167.99,127.99,164.62,165.16,165.28,159.59,157.25,155.7,150.5
ADSK,Autodesk,Information Technology,Application Software,323.8,329.09,232.67,324.42,314.79,300.85,299.99,295.06,288.17,290.73
ADP,Automatic Data Processing,Industrials,Human Resource & Employment Services,292.39,328.29,264.23,297.04,299.51,302.05,303.58,306.18,304.02,301.76
AZO,AutoZone,Consumer Discretionary,Automotive Retail,4252.9,4297.97,2898.57,4247.85,4220.96,4156.53,3955.81,3825.17,3790.85,3618.7
AVB,AvalonBay Communities,Real Estate,Multi-Family Residential REITs,192.64,233.48,178.86,194.1,193.52,192.24,195.07,199.53,200.28,206.65
AVY,Avery Dennison,Materials,Paper & Plastic Packaging Products & Materials,164.73,219.94,155.31,167.02,168.34,171.61,173.89,174.35,173.95,178.82
AXON,Axon Enterprise,Industrials,Aerospace & Defense,747.55,885.92,353.91,735.74,744.65,754.46,762.92,737.86,700.2,666.34
BKR,Baker Hughes,Energy,Oil & Gas Equipment & Services,46.92,48.6,31.55,45.98,45.6,44.53,42.88,40.07,40.23,41.33
BALL,Ball Corporation,Materials,"Metal, Glass & Plastic Containers",50.07,67.13,43.18,50.56,51.04,52.1,55.15,54.0,53.12,53.56
BAC,Bank of America,Financials,Diversified Banks,50.13,50.79,32.69,50.0,50.07,49.09,47.77,45.3,44.09,44.29
BAX,Baxter International,Health Care,Health Care Equipment,23.98,39.59,21.18,24.1,24.15,24.11,25.85,28.02,28.7,29.7
BDX,Becton Dickinson,Health Care,Health Care Equipment,188.43,248.0,161.47,190.42,190.43,192.89,184.72,180.09,187.4,201.87
BBY,Best Buy,Consumer Discretionary,Computer & Electronics Retail,76.61,99.71,54.24,76.89,75.55,74.28,70.9,69.61,69.14,74.55
TECH,Bio-Techne,Health Care,Life Sciences Tools & Services,50.96,80.52,45.87,53.32,53.85,54.37,53.85,51.71,52.68,59.58
BIIB,Biogen,Health Care,Biotechnology,142.61,204.18,110.04,141.63,139.07,138.23,133.4,129.44,129.79,136.52
BLK,BlackRock,Financials,Asset Management & Custody Banks,1102.89,1166.38,766.05,1103.24,1109.34,1121.89,1107.25,1030.72,1005.98,1000.36
BX,Blackstone Inc.,Financials,Asset Management & Custody Banks,178.23,196.67,114.16,172.92,171.65,170.77,168.06,152.96,149.76,157.34
XYZ,"Block, Inc.",Financials,Transaction & Payment Processing Services,73.75,99.26,44.27,75.15,76.76,76.63,74.75,67.01,64.86,71.97
BK,BNY Mellon,Financials,Asset Management & Custody Banks,104.0,106.57,64.5,104.41,104.81,103.53,100.13,93.15,90.47,86.99
BA,Boeing,Industrials,Aerospace & Defense,227.52,242.69,128.88,229.67,232.46,231.28,228.12,212.7,202.8,190.51
BKNG,Booking Holdings,Consumer Discretionary,"Hotels, Resorts & Cruise Lines",5474.81,5829.37,3692.1,5539.68,5560.56,5574.65,5597.0,5425.74,5247.59,5125.14
BSX,Boston Scientific,Health Care,Health Care Equipment,105.23,109.5,80.64,107.19,106.73,105.64,104.87,103.78,102.56,100.41
BMY,Bristol Myers Squibb,Health Care,Pharmaceuticals,47.15,61.84,42.96,46.99,47.15,47.56,47.07,47.2,48.94,51.67
AVGO,Broadcom,Information Technology,Semiconductors,369.57,372.97,133.38,338.58,319.98,309.71,296.17,262.27,245.21,231.78
BR,Broadridge Financial Solutions,Industrials,Data Processing & Outsourced Services,250.11,271.91,204.82,251.79,253.16,256.75,250.9,244.53,242.18,238.31
BRO,Brown & Brown,Financials,Insurance Brokers,92.5,125.31,90.24,94.32,95.16,95.62,98.72,104.67,107.61,107.73
BLDR,Builders FirstSource,Industrials,Building Products,140.25,203.14,102.6,144.21,141.53,140.22,134.07,124.08,124.12,136.32
BG,Bunge Global,Consumer Staples,Agricultural Products & Services,82.34,97.07,65.6,83.26,83.25,83.16,79.6,79.09,77.98,77.34
BXP,"BXP, Inc.",Real Estate,Office REITs,73.87,86.38,53.45,74.84,73.56,70.26,68.97,67.87,67.03,68.64
CHRW,C.H. Robinson,Industrials,Air Freight & Logistics,127.64,130.53,83.72,126.59,127.35,125.02,112.27,102.64,101.23,101.34
CDNS,Cadence Design Systems,Information Technology,Application Software,338.53,376.45,221.56,352.26,350.3,349.3,340.72,320.3,307.31,301.78
CZR,Caesars Entertainment,Consumer Discretionary,Casinos & Gaming,25.63,45.93,21.4,25.9,26.13,25.93,27.35,27.54,27.27,30.1
CPT,Camden Property Trust,Real Estate,Multi-Family Residential REITs,108.85,124.31,101.41,110.62,110.44,109.11,110.52,112.78,113.22,114.13
CPB,Campbell's Company (The),Consumer Staples,Packaged Foods & Meats,33.49,50.77,29.39,33.56,32.87,32.69,32.14,33.07,34.03,36.19
COF,Capital One,Financials,Consumer Finance,223.43,231.82,129.97,222.77,223.74,220.72,217.08,204.16,197.0,193.63
CAH,Cardinal Health,Health Care,Health Care Distributors,149.29,168.44,104.89,149.88,149.7,149.49,155.27,153.54,149.19,139.29
KMX,CarMax,Consumer Discretionary,Automotive Retail,59.19,91.25,54.53,60.72,60.91,59.84,60.98,63.43,65.34,71.91
CCL,Carnival,Consumer Discretionary,"Hotels, Resorts & Cruise Lines",31.36,32.77,15.07,31.56,31.7,31.01,30.03,26.14,24.76,24.87
CARR,Carrier Global,Industrials,Building Products,62.5,82.31,53.89,64.13,64.56,65.47,70.02,69.78,68.38,68.36
CAT,Caterpillar Inc.,Industrials,Construction Machinery & Heavy Transportation Equipment,422.91,441.15,265.05,421.42,422.49,421.52,417.76,379.11,366.47,366.32
CBOE,Cboe Global Markets,Financials,Financial Exchanges & Data,234.51,255.27,186.22,233.61,234.45,240.64,240.69,232.29,229.08,219.35
CBRE,CBRE Group,Real Estate,Real Estate Services,162.62,165.41,108.45,162.86,162.01,161.39,152.69,140.29,137.26,137.03
CDW,CDW Corporation,Information Technology,Technology Distributors,170.77,227.65,136.33,168.71,166.5,165.95,171.39,172.31,169.56,173.75
COR,Cencora,Health Care,Health Care Distributors,296.32,308.18,216.84,295.61,294.01,294.02,292.64,290.92,287.24,270.18
CNC,Centene Corporation,Health Care,Managed Health Care,31.27,77.29,25.08,29.76,29.47,29.05,29.3,43.54,46.99,51.95
CNP,CenterPoint Energy,Utilities,Multi-Utilities,37.79,39.16,25.67,37.58,37.64,37.81,37.44,37.17,36.86,35.05
CF,CF Industries,Materials,Fertilizers & Agricultural Chemicals,86.9,103.84,66.56,84.94,85.72,85.67,89.34,88.29,85.54,85.4
CRL,Charles River Laboratories,Health Care,Life Sciences Tools & Services,153.27,230.02,91.86,159.79,161.19,159.93,160.63,148.13,147.57,158.69
SCHW,Charles Schwab Corporation,Financials,Investment Banking & Brokerage,92.24,99.42,60.38,93.81,95.12,95.66,95.08,90.33,87.49,83.94
CHTR,Charter Communications,Communication Services,Cable & Satellite,263.0,437.06,251.8,262.25,263.52,266.07,312.14,351.95,352.56,356.58
CVX,Chevron Corporation,Energy,Integrated Oil & Gas,157.79,165.09,129.01,155.6,157.7,156.38,152.85,145.38,146.44,147.56
CMG,Chipotle Mexican Grill,Consumer Discretionary,Restaurants,38.71,66.74,38.53,40.06,41.1,42.16,46.59,48.93,49.01,52.49
CB,Chubb Limited,Financials,Property & Casualty Insurance,277.45,305.88,250.52,277.83,276.56,275.99,274.76,280.98,282.79,279.43
CHD,Church & Dwight,Consumer Staples,Household Products,93.0,115.72,90.22,94.7,93.83,93.67,94.76,95.69,97.75,100.93
CI,Cigna,Health Care,Health Care Services,302.44,363.87,255.6,302.94,300.82,298.94,295.48,307.13,309.7,303.99
CINF,Cincinnati Financial,Financials,Property & Casualty Insurance,152.31,158.92,122.28,153.68,153.59,153.31,150.7,147.55,145.98,144.44
CTAS,Cintas,Industrials,Diversified Support Services,201.4,228.77,179.74,203.52,206.03,211.32,216.59,217.18,213.5,209.16
CSCO,Cisco,Information Technology,Communications Equipment,68.13,72.55,46.57,67.45,67.97,67.81,68.3,65.21,63.86,62.34
C,Citigroup,Financials,Diversified Banks,97.17,98.38,54.51,96.57,96.29,95.32,92.71,83.29,79.91,77.55
CFG,Citizens Financial Group,Financials,Regional Banks,51.81,52.85,31.96,51.89,51.9,50.6,48.79,44.23,43.0,43.55
CLX,Clorox,Consumer Staples,Household Products,123.33,166.9,116.17,125.31,122.45,121.5,123.63,126.81,129.66,139.2
CME,CME Group,Financials,Financial Exchanges & Data,259.91,288.09,203.31,261.92,264.14,267.67,273.08,272.88,270.12,256.75
CMS,CMS Energy,Utilities,Multi-Utilities,71.22,75.33,62.54,71.18,71.36,72.01,71.7,70.97,71.16,69.61
KO,Coca-Cola Company (The),Consumer Staples,Soft Drinks & Non-alcoholic Beverages,67.82,73.85,59.75,67.86,68.35,69.09,69.49,70.2,70.12,67.8
CTSH,Cognizant,Information Technology,IT Consulting & Other Services,69.16,89.77,64.98,70.88,71.43,71.09,73.21,75.35,75.11,77.13
COIN,Coinbase,Financials,Financial Exchanges & Data,315.34,444.65,142.58,308.44,307.0,310.06,342.56,295.78,272.47,272.45
CL,Colgate-Palmolive,Consumer Staples,Household Products,83.2,105.45,82.29,84.09,84.06,84.66,86.34,88.38,88.86,89.11
CMCSA,Comcast,Communication Services,Cable & Satellite,33.48,44.12,31.03,33.8,33.84,33.69,33.94,34.12,34.29,35.25
CAG,Conagra Brands,Consumer Staples,Packaged Foods & Meats,19.36,31.36,18.18,19.29,19.15,19.2,19.2,20.79,21.65,23.05
COP,ConocoPhillips,Energy,Oil & Gas Exploration & Production,94.32,112.56,78.56,93.26,95.53,95.46,94.12,91.51,92.09,94.36
ED,Consolidated Edison,Utilities,Multi-Utilities,97.08,112.97,85.07,97.31,97.81,99.54,100.55,102.19,103.07,99.21
STZ,Constellation Brands,Consumer Staples,Distillers & Vintners,142.9,255.51,142.51,145.86,150.86,158.49,165.48,171.61,173.12,182.54
CEG,Constellation Energy,Utilities,Electric Utilities,320.0,356.57,160.94,306.06,308.94,313.42,320.58,300.17,281.62,275.59
COO,Cooper Companies (The),Health Care,Health Care Supplies,67.66,112.38,61.78,68.16,67.94,70.84,71.86,74.15,75.25,82.26
CPRT,Copart,Industrials,Diversified Support Services,48.52,64.38,45.05,48.78,48.67,48.24,47.43,51.5,52.38,54.58
GLW,Corning Inc.,Information Technology,Electronic Components,74.93,75.05,36.95,72.08,70.08,67.73,61.33,54.49,52.46,50.99
CPAY,Corpay,Financials,Transaction & Payment Processing Services,304.8,400.81,269.02,313.22,317.93,319.2,323.69,326.62,327.54,340.91
CTVA,Corteva,Materials,Fertilizers & Agricultural Chemicals,71.78,77.22,53.14,72.44,73.15,72.86,73.04,70.58,68.5,65.52
CSGP,CoStar Group,Real Estate,Real Estate Services,86.3,97.43,68.26,88.21,88.63,88.82,88.99,83.51,82.46,79.88
COST,Costco,Consumer Staples,Consumer Staples Merchandise Retail,956.29,1075.34,862.73,965.35,955.32,962.27,961.42,981.76,971.75,974.39
CTRA,Coterra,Energy,Oil & Gas Exploration & Production,24.37,29.29,21.55,24.09,24.22,23.94,24.05,24.47,24.95,25.41
CRWD,CrowdStrike,Information Technology,Systems Software,424.87,517.98,242.25,421.31,422.15,422.08,450.16,450.62,432.92,411.55
CCI,Crown Castle,Real Estate,Telecom Tower REITs,94.03,115.8,81.93,94.8,96.62,99.38,103.07,101.88,101.56,97.55
CSX,CSX Corporation,Industrials,Rail Transportation,32.05,37.1,26.01,32.37,32.38,33.77,34.2,32.3,31.58,31.95
CMI,Cummins,Industrials,Construction Machinery & Heavy Transportation Equipment,405.27,406.31,257.24,399.65,398.74,398.79,372.3,342.14,334.42,342.94
CVS,CVS Health,Health Care,Health Care Services,73.97,74.53,42.12,72.69,72.81,71.34,66.54,65.42,65.55,61.25
DHR,Danaher Corporation,Health Care,Life Sciences Tools & Services,192.59,278.43,170.73,196.96,200.41,204.84,201.45,198.05,198.38,208.25
DRI,Darden Restaurants,Consumer Discretionary,Restaurants,211.46,226.68,149.33,210.89,209.07,207.9,207.93,208.24,205.62,196.71
DDOG,Datadog,Information Technology,Application Software,139.13,170.08,81.63,136.78,136.06,132.13,137.56,126.23,120.77,127.93
DVA,DaVita,Health Care,Health Care Services,132.26,179.6,126.07,135.38,136.12,136.35,138.99,139.33,141.37,147.83
DAY,Dayforce,Industrials,Human Resource & Employment Services,68.89,82.69,48.01,69.14,69.37,66.51,60.38,59.04,58.51,62.96
DECK,Deckers Brands,Consumer Discretionary,Footwear,114.13,223.98,93.72,118.2,119.21,113.05,108.12,109.75,110.38,138.0
DE,Deere & Company,Industrials,Agricultural & Farm Machinery,471.35,532.1,373.4,475.32,478.61,484.95,499.81,498.67,491.23,476.94
DELL,Dell Technologies,Information Technology,"Technology Hardware, Storage & Peripherals",124.45,145.54,65.56,124.05,125.39,129.63,129.16,117.89,112.01,112.24
DAL,Delta Air Lines,Industrials,Passenger Airlines,61.39,69.36,34.52,61.11,61.3,60.67,56.6,51.85,50.11,54.63
DVN,Devon Energy,Energy,Oil & Gas Exploration & Production,35.52,42.42,25.71,34.94,35.37,34.79,33.77,32.87,32.94,33.54
DXCM,Dexcom,Health Care,Health Care Equipment,76.0,93.25,57.52,78.73,77.37,78.65,81.33,81.41,78.85,80.05
FANG,Diamondback Energy,Energy,Oil & Gas Exploration & Production,139.64,195.31,112.4,138.93,143.18,141.93,142.02,140.21,140.92,148.37
DLR,Digital Realty,Real Estate,Data Center REITs,173.89,193.72,129.05,165.03,165.56,165.94,170.49,168.98,164.21,166.69
DG,Dollar General,Consumer Staples,Consumer Staples Merchandise Retail,106.47,117.95,65.67,107.49,108.93,111.01,111.19,106.13,101.98,91.4
DLTR,Dollar Tree,Consumer Staples,Consumer Staples Merchandise Retail,98.85,118.06,60.49,99.18,104.38,108.75,110.11,99.91,93.96,85.73
D,Dominion Energy,Utilities,Multi-Utilities,59.42,61.75,46.96,58.51,58.73,59.56,58.61,56.38,55.65,54.8
DPZ,Domino's,Consumer Discretionary,Restaurants,450.56,497.15,390.2,460.41,459.58,454.83,459.29,465.14,462.98,456.89
DASH,DoorDash,Consumer Discretionary,Specialized Consumer Services,257.43,278.15,122.73,252.04,249.14,248.65,247.26,226.67,218.08,204.81
DOV,Dover Corporation,Industrials,Industrial Machinery & Supplies & Components,175.64,220.46,142.22,176.89,177.7,178.47,181.58,178.77,177.21,183.83
DOW,Dow Inc.,Materials,Commodity Chemicals,23.83,51.74,20.11,24.07,24.19,23.87,24.97,26.59,27.59,31.47
DHI,D. R. Horton,Consumer Discretionary,Homebuilding,176.13,197.64,109.8,179.31,174.49,170.32,153.5,138.32,135.54,137.73
DTE,DTE Energy,Utilities,Multi-Utilities,135.64,142.05,112.71,135.7,136.12,137.79,136.91,135.49,135.0,130.07
DUK,Duke Energy,Utilities,Electric Utilities,121.35,126.75,102.41,120.68,121.53,122.51,120.48,118.37,118.12,114.83
DD,DuPont,Materials,Specialty Chemicals,76.1,88.2,53.17,77.11,76.85,75.64,74.17,70.36,70.05,72.97
EMN,Eastman Chemical Company,Materials,Specialty Chemicals,65.05,111.31,56.78,67.84,68.35,67.67,71.22,74.53,76.36,83.19
ETN,Eaton Corporation,Industrials,Electrical Components & Equipment,362.25,398.4,230.37,351.44,349.98,350.15,361.54,338.86,326.68,327.55
EBAY,eBay Inc.,Consumer Discretionary,Broadline Retail,91.29,100.83,55.44,92.49,91.9,95.26,87.49,79.78,76.79,72.28
ECL,Ecolab,Materials,Specialty Chemicals,269.09,286.04,221.08,272.72,274.81,278.21,272.42,264.85,260.92,255.98
EIX,Edison International,Utilities,Electric Utilities,55.57,85.03,46.98,54.55,55.01,55.23,53.52,53.56,53.99,57.93
EW,Edwards Lifesciences,Health Care,Health Care Equipment,78.28,83.0,64.01,80.04,80.67,80.23,78.8,77.22,75.86,74.5
EA,Electronic Arts,Communication Services,Interactive Home Entertainment,170.27,180.7,114.77,168.2,169.59,171.26,161.99,155.64,152.84,148.79
ELV,Elevance Health,Health Care,Managed Health Care,306.75,552.9,273.71,310.34,313.45,310.77,309.55,351.29,367.06,374.71
EMR,Emerson Electric,Industrials,Electrical Components & Equipment,133.67,149.68,89.31,132.82,132.5,132.45,137.2,127.27,123.01,123.28
ENPH,Enphase Energy,Information Technology,Semiconductor Materials & Equipment,37.12,126.19,29.89,38.01,37.69,36.74,36.98,40.52,44.08,52.53
ETR,Entergy,Utilities,Electric Utilities,88.44,91.79,58.27,87.64,87.86,88.64,86.96,84.49,84.01,81.76
EOG,EOG Resources,Energy,Oil & Gas Exploration & Production,120.26,135.49,100.76,118.95,121.35,120.37,119.66,116.67,116.82,120.23
EPAM,EPAM Systems,Information Technology,IT Consulting & Other Services,153.1,269.0,138.15,164.02,169.3,167.67,166.89,168.8,168.13,193.85
EQT,EQT Corporation,Energy,Oil & Gas Exploration & Production,51.17,60.83,31.05,51.12,51.51,51.62,53.12,53.9,53.34,51.36
EFX,Equifax,Industrials,Research & Consulting Services,245.55,307.44,199.2,248.16,244.7,246.68,249.18,255.11,250.43,252.19
EQIX,Equinix,Real Estate,Data Center REITs,780.6,977.63,693.42,773.45,776.41,776.17,776.17,816.42,813.52,851.92
EQR,Equity Residential,Real Estate,Multi-Family Residential REITs,65.86,76.06,58.81,66.25,65.65,64.95,65.47,67.07,67.14,68.24
ERIE,Erie Indemnity,Financials,Insurance Brokers,330.0,539.84,323.76,333.86,339.21,351.11,352.09,356.33,367.02,382.34
ESS,Essex Property Trust,Real Estate,Multi-Family Residential REITs,263.64,310.81,241.65,266.17,265.87,263.68,271.33,275.45,277.42,280.76
EL,Estée Lauder Companies (The),Consumer Staples,Personal Care Products,87.43,101.55,47.94,88.33,89.94,89.82,89.31,77.54,74.3,74.02
EG,Everest Group,Financials,Reinsurance,340.03,400.59,318.14,341.1,342.45,340.77,336.55,339.85,342.27,346.73
EVRG,Evergy,Utilities,Electric Utilities,71.61,73.29,56.68,71.33,71.38,71.6,70.31,68.32,67.83,65.72
ES,Eversource Energy,Utilities,Electric Utilities,64.01,67.15,51.64,63.54,63.79,64.53,65.12,63.65,62.7,60.95
EXC,Exelon,Utilities,Electric Utilities,43.32,47.26,34.98,43.24,43.48,44.07,43.76,43.73,43.82,41.97
EXE,Expand Energy,Energy,Oil & Gas Exploration & Production,96.47,121.47,66.93,95.58,96.25,95.44,99.32,105.32,105.09,102.59
EXPE,Expedia Group,Consumer Discretionary,"Hotels, Resorts & Cruise Lines",215.49,219.1,125.66,216.37,214.78,211.79,194.73,179.46,175.63,178.93
EXPD,Expeditors International,Industrials,Air Freight & Logistics,121.34,129.91,99.78,121.31,121.2,120.75,117.92,114.87,114.6,114.63
EXR,Extra Space Storage,Real Estate,Self-Storage REITs,145.0,178.97,119.72,145.6,143.96,141.5,144.19,145.15,144.18,146.97
XOM,ExxonMobil,Energy,Integrated Oil & Gas,112.5,121.93,96.01,110.93,112.16,110.38,109.77,107.71,107.98,107.89
FFIV,"F5, Inc.",Information Technology,Communications Equipment,326.69,334.0,197.34,320.59,316.8,316.9,309.43,295.17,288.65,282.43
FDS,FactSet,Financials,Financial Exchanges & Data,361.76,495.04,360.86,370.09,371.72,374.05,400.59,419.62,421.98,438.45
FICO,Fair Isaac,Information Technology,Application Software,1530.36,2402.52,1300.0,1533.21,1513.9,1441.82,1494.76,1691.91,1721.57,1821.39
FAST,Fastenal,Industrials,Trading Companies & Distributors,47.97,50.63,32.14,48.46,49.11,49.31,47.02,43.92,42.73,40.8
FRT,Federal Realty Investment Trust,Real Estate,Retail REITs,100.45,114.28,79.72,101.24,100.61,98.44,95.67,94.94,94.46,98.71
FDX,FedEx,Industrials,Air Freight & Logistics,225.69,301.45,191.82,225.31,226.33,227.59,228.93,223.21,223.78,239.83
FIS,Fidelity National Information Services,Financials,Transaction & Payment Processing Services,66.37,90.63,65.96,68.28,68.72,69.68,74.97,77.03,76.04,76.7
FITB,Fifth Third Bancorp,Financials,Regional Banks,45.51,47.75,31.96,45.66,45.63,44.53,43.33,40.54,39.8,40.99
FSLR,First Solar,Information Technology,Semiconductors,203.79,262.72,116.56,203.41,199.78,199.49,185.86,169.14,161.03,165.85
FE,FirstEnergy,Utilities,Electric Utilities,43.24,44.4,36.81,43.37,43.47,43.5,42.1,41.55,41.03,40.31
FI,Fiserv,Financials,Transaction & Payment Processing Services,132.14,238.59,128.22,135.0,136.23,136.95,146.58,160.57,171.31,187.97
F,Ford Motor Company,Consumer Discretionary,Automobile Manufacturers,11.42,11.99,8.21,11.6,11.68,11.62,11.38,10.77,10.51,10.12
FTNT,Fortinet,Information Technology,Systems Software,79.48,114.82,70.12,78.99,78.47,78.59,91.08,96.78,96.67,97.92
FTV,Fortive,Industrials,Industrial Machinery & Supplies & Components,47.75,62.65,45.45,47.78,47.77,48.02,49.47,51.16,51.57,54.28
FOXA,Fox Corporation (Class A),Communication Services,Broadcasting,57.19,62.69,38.35,60.12,59.93,59.3,56.94,54.97,54.37,52.85
FOX,Fox Corporation (Class B),Communication Services,Broadcasting,51.8,57.02,35.53,54.58,54.56,54.08,52.07,50.47,50.0,49.04
BEN,Franklin Resources,Financials,Asset Management & Custody Banks,24.31,26.08,16.03,24.89,25.22,25.21,24.91,22.94,22.05,21.26
FCX,Freeport-McMoRan,Materials,Copper,44.88,51.85,27.45,45.57,45.16,43.83,43.65,41.34,40.35,39.79
GRMN,Garmin,Consumer Discretionary,Consumer Electronics,235.96,244.52,159.09,237.8,237.86,235.48,228.6,213.99,211.52,212.23
IT,Gartner,Information Technology,IT Consulting & Other Services,232.59,584.01,223.65,241.55,245.15,244.06,301.71,362.3,373.5,423.84
GE,GE Aerospace,Industrials,Aerospace & Defense,283.41,284.41,158.81,279.44,277.31,272.8,267.37,247.57,236.73,217.72
GEHC,GE HealthCare,Health Care,Health Care Equipment,75.99,94.71,57.59,76.54,74.84,74.44,74.44,72.46,72.77,77.27
GEV,GE Vernova,Industrials,Heavy Electrical Equipment,643.56,677.29,197.0,606.08,605.61,610.58,601.53,521.56,480.42,430.95
GEN,Gen Digital,Information Technology,Systems Software,29.25,32.09,22.55,29.53,29.8,30.59,30.12,28.94,28.34,28.17
GNRC,Generac,Industrials,Electrical Components & Equipment,185.01,203.25,99.5,182.05,182.41,188.97,174.75,149.37,144.12,148.67
GD,General Dynamics,Industrials,Aerospace & Defense,323.05,326.02,236.67,322.48,323.45,320.36,311.77,293.58,287.88,277.2
GIS,General Mills,Consumer Staples,Packaged Foods & Meats,50.01,72.88,48.29,50.13,49.68,49.66,50.11,51.93,53.08,55.83
GM,General Motors,Consumer Discretionary,Automobile Manufacturers,57.34,60.6,41.36,57.96,58.12,57.5,54.59,51.18,50.3,50.39
GPC,Genuine Parts Company,Consumer Discretionary,Distributors,139.49,142.43,102.41,139.6,138.38,137.7,131.93,126.03,124.01,121.7
GILD,Gilead Sciences,Health Care,Biotechnology,115.25,121.83,75.91,114.94,113.99,115.59,113.83,109.82,109.34,104.48
GPN,Global Payments,Financials,Transaction & Payment Processing Services,85.08,119.03,65.72,86.89,87.31,87.25,83.83,80.38,82.75,92.66
GL,Globe Life,Financials,Life & Health Insurance,139.02,144.0,98.18,140.22,140.25,139.37,133.26,127.13,126.67,122.45
GDDY,GoDaddy,Information Technology,Internet Services & Infrastructure,144.97,216.0,132.51,146.41,146.4,145.86,156.74,169.01,170.44,180.47
GS,Goldman Sachs,Financials,Investment Banking & Brokerage,769.58,774.43,434.87,752.49,746.2,738.21,722.41,657.72,631.3,617.66
HAL,Halliburton,Energy,Oil & Gas Equipment & Services,22.6,31.66,18.43,22.14,22.2,21.77,21.64,21.09,21.5,23.52
HIG,Hartford (The),Financials,Property & Casualty Insurance,131.24,135.17,103.64,131.82,132.02,131.8,126.85,126.02,124.41,119.9
HAS,Hasbro,Consumer Discretionary,Leisure Products,77.66,82.19,48.07,79.16,79.89,80.13,77.62,70.94,68.07,64.74
HCA,HCA Healthcare,Health Care,Health Care Facilities,394.36,420.98,288.77,411.64,408.83,404.43,381.55,373.41,365.6,346.91
DOC,Healthpeak Properties,Real Estate,Health Care REITs,17.95,22.06,16.35,18.14,18.01,17.65,17.67,17.43,17.75,18.48
HSIC,Henry Schein,Health Care,Health Care Distributors,67.41,82.49,60.56,68.0,68.31,68.37,69.63,69.65,69.29,71.2
HSY,Hershey Company (The),Consumer Staples,Packaged Foods & Meats,185.6,202.98,136.73,186.32,184.75,182.43,178.96,170.96,169.64,167.37
HPE,Hewlett Packard Enterprise,Information Technology,"Technology Hardware, Storage & Peripherals",24.44,24.68,11.88,23.7,23.25,22.49,21.4,19.34,18.46,19.38
HLT,Hilton Worldwide,Consumer Discretionary,"Hotels, Resorts & Cruise Lines",273.1,279.81,195.81,275.25,275.57,273.6,271.16,257.44,250.35,251.31
HOLX,Hologic,Health Care,Health Care Equipment,65.5,84.39,51.9,66.38,66.52,67.16,66.38,63.23,62.67,65.59
HD,Home Depot (The),Consumer Discretionary,Home Improvement Retail,413.23,429.19,322.47,415.83,410.41,405.94,385.29,372.81,368.45,378.92
HON,Honeywell,Industrials,Industrial Conglomerates,211.7,240.47,177.52,214.01,216.38,217.49,224.09,220.61,217.03,217.15
HRL,Hormel Foods,Consumer Staples,Packaged Foods & Meats,24.97,32.84,23.71,25.38,25.7,27.19,28.47,29.15,29.23,29.44
HST,Host Hotels & Resorts,Real Estate,Hotel & Resort REITs,17.59,18.53,12.06,17.49,17.36,16.82,16.35,15.63,15.29,15.82
HWM,Howmet Aerospace,Industrials,Aerospace & Defense,183.8,193.13,90.78,179.99,177.36,175.3,180.02,170.46,161.84,146.7
HPQ,HP Inc.,Information Technology,"Technology Hardware, Storage & Peripherals",28.37,38.63,20.97,29.0,28.67,27.83,26.35,25.97,26.0,28.52
HUBB,Hubbell Incorporated,Industrials,Industrial Machinery & Supplies & Components,442.33,475.24,297.55,437.88,436.85,435.42,428.23,402.75,389.43,398.45
HUM,Humana,Health Care,Managed Health Care,273.58,352.31,206.87,295.38,299.78,295.15,262.75,252.38,255.78,261.2
HBAN,Huntington Bancshares,Financials,Regional Banks,17.66,18.03,11.8,17.71,17.72,17.31,16.98,16.17,15.75,15.97
HII,Huntington Ingalls Industries,Industrials,Aerospace & Defense,271.93,291.7,155.93,270.01,270.88,268.89,262.63,244.53,235.81,216.8
IBM,IBM,Information Technology,IT Consulting & Other Services,256.88,294.17,195.9,253.56,248.74,244.56,258.98,259.74,255.61,247.19
IEX,IDEX Corporation,Industrials,Industrial Machinery & Supplies & Components,160.17,235.67,152.2,163.23,163.54,164.7,170.93,174.58,174.69,187.48
IDXX,Idexx Laboratories,Health Care,Health Care Equipment,637.95,688.12,356.14,645.96,643.82,644.15,597.57,547.56,519.77,487.3
ITW,Illinois Tool Works,Industrials,Industrial Machinery & Supplies & Components,262.55,274.77,213.36,264.66,264.41,264.05,260.21,251.23,249.22,252.59
INCY,Incyte,Health Care,Biotechnology,86.25,87.99,53.56,86.1,85.66,85.62,77.57,70.97,68.92,69.94
IR,Ingersoll Rand,Industrials,Industrial Machinery & Supplies & Components,80.24,105.95,65.58,80.09,79.61,79.6,82.28,81.24,80.45,84.99
PODD,Insulet Corporation,Health Care,Health Care Equipment,337.61,353.5,216.0,346.98,343.52,334.19,309.25,302.86,294.17,285.18
INTC,Intel,Information Technology,Semiconductors,24.77,27.55,17.67,24.56,24.51,24.27,22.8,21.8,21.9,21.7
ICE,Intercontinental Exchange,Financials,Financial Exchanges & Data,172.23,189.35,141.51,173.67,174.96,177.51,181.02,177.67,175.47,168.85
IFF,International Flavors & Fragrances,Materials,Specialty Chemicals,64.48,105.18,62.33,65.46,66.09,66.21,70.29,73.02,73.53,77.52
IP,International Paper,Materials,Paper & Plastic Packaging Products & Materials,46.47,58.71,42.44,47.55,48.21,48.02,49.26,47.81,48.19,50.43
IPG,Interpublic Group of Companies (The),Communication Services,Advertising,25.96,31.81,21.93,26.71,26.58,26.38,25.38,24.58,24.63,25.62
INTU,Intuit,Information Technology,Application Software,656.26,813.7,531.0,667.99,666.9,680.12,732.58,715.09,690.9,662.46
ISRG,Intuitive Surgical,Health Care,Health Care Equipment,449.98,616.0,425.0,461.78,463.74,470.34,490.55,511.09,507.11,526.06
IVZ,Invesco,Financials,Asset Management & Custody Banks,22.16,22.56,11.33,22.07,21.97,21.59,20.15,17.27,16.64,16.8
INVH,Invitation Homes,Real Estate,Single-Family Residential REITs,30.01,35.99,29.11,30.2,30.49,30.53,31.17,32.34,32.47,32.17
IQV,IQVIA,Health Care,Life Sciences Tools & Services,183.87,248.03,134.65,186.59,186.96,188.48,180.81,165.14,166.02,178.0
IRM,Iron Mountain,Real Estate,Other Specialized REITs,97.43,127.24,71.77,93.96,92.52,92.17,95.16,95.83,93.52,96.82
JBHT,J.B. Hunt,Industrials,Cargo Ground Transportation,136.94,198.61,122.01,141.99,143.43,144.05,146.06,142.1,142.12,153.13
JBL,Jabil,Information Technology,Electronic Manufacturing Services,215.72,232.75,99.48,210.44,208.01,209.48,217.29,193.48,181.83,169.83
JKHY,Jack Henry & Associates,Financials,Transaction & Payment Processing Services,159.1,194.68,157.23,161.58,161.62,161.56,168.82,173.11,173.37,173.14
J,Jacobs Solutions,Industrials,Construction & Engineering,144.71,152.07,104.68,144.47,145.24,146.54,142.25,133.5,130.37,130.83
JNJ,Johnson & Johnson,Health Care,Pharmaceuticals,175.79,179.84,137.37,177.61,177.35,176.69,168.55,160.32,159.41,155.57
JCI,Johnson Controls,Industrials,Building Products,107.8,112.63,66.84,106.92,107.07,106.4,106.58,100.98,96.59,90.95
JPM,JPMorgan Chase,Financials,Diversified Banks,300.54,305.15,196.2,297.9,299.05,296.06,293.24,276.66,268.02,261.09
K,Kellanova,Consumer Staples,Packaged Foods & Meats,79.04,82.04,77.13,79.45,79.22,79.34,79.29,79.97,80.21,80.08
KVUE,Kenvue,Consumer Staples,Personal Care Products,18.47,24.71,17.15,18.99,19.82,20.57,21.1,21.8,21.96,21.81
KDP,Keurig Dr Pepper,Consumer Staples,Soft Drinks & Non-alcoholic Beverages,27.44,37.26,27.1,28.12,28.67,31.32,32.69,33.02,33.2,32.68
KEY,KeyCorp,Financials,Regional Banks,19.23,19.41,12.43,19.12,19.1,18.68,18.25,16.89,16.47,16.67
KEYS,Keysight Technologies,Information Technology,Electronic Equipment & Instruments,170.21,186.2,121.43,168.69,166.75,165.46,164.53,160.36,157.42,161.35
KMB,Kimberly-Clark,Consumer Staples,Household Products,128.01,147.59,120.67,129.31,128.52,129.9,129.35,130.93,132.11,131.29
KIM,Kimco Realty,Real Estate,Retail REITs,22.3,24.7,17.52,22.5,22.33,21.86,21.46,20.98,20.79,21.31
KMI,Kinder Morgan,Energy,Oil & Gas Storage & Transportation,27.38,30.49,19.68,26.76,26.81,26.71,27.16,27.22,27.14,26.99
KKR,KKR & Co.,Financials,Asset Management & Custody Banks,139.29,169.7,85.9,137.65,138.19,139.72,141.87,130.91,126.76,134.3
KLAC,KLA Corporation,Information Technology,Semiconductor Materials & Equipment,932.63,957.18,548.81,907.54,888.29,890.24,903.62,839.16,806.41,762.69
KHC,Kraft Heinz,Consumer Staples,Packaged Foods & Meats,26.65,34.37,25.07,26.89,27.01,27.14,27.13,26.93,27.3,27.98
KR,Kroger,Consumer Staples,Food Retail,67.03,74.52,49.68,67.65,67.84,68.97,70.32,69.59,68.9,65.99
LHX,L3Harris,Industrials,Aerospace & Defense,275.64,279.29,190.25,272.88,273.8,273.19,268.51,250.38,242.23,231.38
LH,Labcorp,Health Care,Health Care Services,272.94,282.74,208.23,276.43,276.16,275.12,264.34,255.49,250.36,245.98
LRCX,Lam Research,Information Technology,Semiconductor Materials & Equipment,107.36,108.02,56.18,104.27,102.4,101.97,100.31,91.25,87.3,83.51
LW,Lamb Weston,Consumer Staples,Packaged Foods & Meats,55.87,82.35,47.25,56.87,56.79,56.01,54.19,53.46,53.42,56.87
LVS,Las Vegas Sands,Consumer Discretionary,Casinos & Gaming,54.5,58.05,29.84,54.21,55.55,54.93,52.23,46.06,44.33,45.33
LDOS,Leidos,Industrials,Diversified Support Services,180.37,201.22,122.92,179.08,179.97,180.04,170.85,160.3,155.58,151.73
LEN,Lennar,Consumer Discretionary,Homebuilding,136.58,184.74,97.54,139.28,136.27,134.25,122.6,115.31,114.6,122.15
LII,Lennox International,Industrials,Building Products,558.78,689.44,497.88,567.35,560.97,575.78,597.21,578.78,575.09,593.05
LLY,Lilly (Eli),Health Care,Pharmaceuticals,754.62,935.2,622.41,742.8,738.57,719.42,742.03,761.07,766.97,783.37
LIN,Linde plc,Materials,Industrial Gases,472.7,484.83,406.06,472.54,474.42,476.26,471.02,463.86,461.06,453.32
LYV,Live Nation Entertainment,Communication Services,Movies & Entertainment,170.9,172.02,93.32,167.4,166.31,164.6,155.67,147.94,143.42,141.53
LKQ,LKQ Corporation,Consumer Discretionary,Distributors,32.09,43.77,28.65,32.34,32.26,31.74,33.18,36.1,37.03,37.33
LMT,Lockheed Martin,Industrials,Aerospace & Defense,463.87,602.02,407.14,460.16,455.87,448.42,443.48,454.44,453.36,459.04
L,Loews Corporation,Financials,Multi-line Insurance,96.12,97.77,74.95,96.44,96.5,96.11,93.49,90.78,90.08,88.02
LOW,Lowe's,Consumer Discretionary,Home Improvement Retail,266.55,281.56,204.22,268.63,263.68,259.96,240.47,231.3,229.62,237.97
LULU,Lululemon Athletica,Consumer Discretionary,"Apparel, Accessories & Luxury Goods",163.9,423.32,162.8,174.32,188.32,194.37,208.84,243.7,253.57,298.58
LYB,LyondellBasell,Materials,Specialty Chemicals,54.4,89.94,46.44,54.56,55.13,54.54,56.69,56.26,57.6,62.91
MTB,M&T Bank,Financials,Regional Banks,198.17,219.44,148.52,199.82,199.67,196.19,194.25,185.95,182.35,186.26
MPC,Marathon Petroleum,Energy,Oil & Gas Refining & Marketing,181.69,186.28,113.82,181.06,180.14,172.88,171.72,162.86,157.49,152.96
MKTX,MarketAxess,Financials,Financial Exchanges & Data,184.63,292.5,178.2,185.52,184.33,186.21,199.29,209.55,210.33,213.6
MAR,Marriott International,Consumer Discretionary,"Hotels, Resorts & Cruise Lines",262.42,305.27,204.35,265.61,266.54,266.59,269.15,262.68,256.67,265.48
MMC,Marsh McLennan,Financials,Insurance Brokers,198.77,246.94,196.27,202.79,204.33,206.59,207.27,215.13,218.72,219.45
MLM,Martin Marietta Materials,Materials,Construction Materials,616.73,629.6,440.72,619.93,617.01,612.27,589.55,564.0,547.41,541.01
MAS,Masco,Industrials,Building Products,73.17,85.23,56.02,74.49,73.87,73.88,69.75,66.1,66.14,69.73
MA,Mastercard,Financials,Transaction & Payment Processing Services,579.38,601.77,464.22,585.97,589.14,588.64,573.01,567.5,558.94,550.76
MTCH,Match Group,Communication Services,Interactive Media & Services,37.9,39.2,26.24,38.09,37.68,37.69,35.28,32.61,32.06,32.18
MKC,McCormick & Company,Consumer Staples,Packaged Foods & Meats,68.58,85.22,67.71,69.88,69.9,70.05,71.05,72.55,73.67,74.87
MCD,McDonald's,Consumer Discretionary,Restaurants,305.94,322.65,271.85,312.53,312.67,310.92,303.06,304.25,304.18,299.29
MCK,McKesson Corporation,Health Care,Health Care Distributors,706.25,737.01,462.37,697.53,691.88,686.33,697.94,703.84,697.18,660.76
MDT,Medtronic,Health Care,Health Care Equipment,92.32,94.71,77.57,93.03,92.75,92.47,91.18,87.7,87.48,86.67
MRK,Merck & Co.,Health Care,Pharmaceuticals,84.03,116.25,72.58,84.3,84.26,84.49,82.77,80.61,81.66,86.41
META,Meta Platforms,Communication Services,Interactive Media & Services,751.98,796.25,479.43,754.22,748.04,754.79,739.96,688.26,664.34,653.25
MET,MetLife,Financials,Life & Health Insurance,79.23,87.17,64.24,79.88,80.38,79.72,77.94,77.64,77.44,79.15
MTD,Mettler Toledo,Health Care,Life Sciences Tools & Services,1252.87,1521.01,946.69,1289.27,1286.03,1296.76,1254.15,1192.94,1181.38,1216.89
MGM,MGM Resorts,Consumer Discretionary,Casinos & Gaming,35.95,42.54,25.3,36.37,37.79,37.34,37.11,34.78,33.86,34.26
MCHP,Microchip Technology,Information Technology,Semiconductors,64.74,79.31,33.63,65.03,64.89,65.58,68.23,63.04,59.61,58.76
MU,Micron Technology,Information Technology,Semiconductors,140.0,142.24,61.48,132.46,125.82,122.89,118.69,108.42,103.74,101.0
MSFT,Microsoft,Information Technology,Systems Software,500.37,554.54,343.59,499.99,503.35,507.1,509.23,478.2,458.64,443.85
MAA,Mid-America Apartment Communities,Real Estate,Multi-Family Residential REITs,141.46,170.0,137.32,144.19,144.1,142.76,145.35,149.77,151.33,152.09
MRNA,Moderna,Health Care,Biotechnology,24.31,79.96,23.15,24.61,24.49,25.64,28.67,27.55,27.95,31.78
MHK,Mohawk Industries,Consumer Discretionary,Home Furnishings,135.35,164.29,96.24,137.0,134.35,131.63,121.72,112.79,112.32,116.6
MOH,Molina Healthcare,Health Care,Managed Health Care,179.15,365.23,151.95,176.34,177.37,173.79,184.12,246.05,262.33,275.62
TAP,Molson Coors Beverage Company,Consumer Staples,Brewers,49.05,63.47,46.5,49.64,49.77,50.39,49.8,51.37,52.87,54.3
MDLZ,Mondelez International,Consumer Staples,Packaged Foods & Meats,62.27,73.95,53.2,61.88,61.7,62.04,64.94,65.63,65.56,63.55
MPWR,Monolithic Power Systems,Information Technology,Semiconductors,855.18,947.45,437.93,858.27,850.31,845.74,789.38,726.21,693.95,665.34
MNST,Monster Beverage,Consumer Staples,Soft Drinks & Non-alcoholic Beverages,62.83,66.75,45.7,63.02,62.74,63.23,61.66,61.75,60.91,57.43
MCO,Moody's Corporation,Financials,Financial Exchanges & Data,506.08,528.95,377.3,504.09,504.47,509.24,507.26,488.53,479.68,481.47
MS,Morgan Stanley,Financials,Investment Banking & Brokerage,154.12,154.53,91.36,150.75,150.12,148.19,144.19,134.76,130.22,129.38
MOS,Mosaic Company (The),Materials,Fertilizers & Agricultural Chemicals,33.41,37.97,21.99,32.56,32.84,32.58,34.27,33.78,32.21,29.66
MSI,Motorola Solutions,Information Technology,Communications Equipment,481.7,503.98,387.87,479.12,475.57,468.61,445.2,431.12,429.29,440.75
MSCI,MSCI Inc.,Financials,Financial Exchanges & Data,563.18,636.39,483.67,563.85,563.12,565.15,562.9,558.61,556.65,568.84
NDAQ,"Nasdaq, Inc.",Financials,Financial Exchanges & Data,94.66,97.63,64.64,94.46,94.45,94.54,93.28,87.42,84.66,82.6
NTAP,NetApp,Information Technology,"Technology Hardware, Storage & Peripherals",123.53,133.34,71.49,121.08,117.94,113.62,108.69,103.03,99.74,106.12
NFLX,Netflix,Communication Services,Movies & Entertainment,1247.71,1341.15,660.8,1251.4,1236.05,1228.13,1223.66,1202.55,1149.01,1068.53
NEM,Newmont,Materials,Gold,78.43,78.78,36.35,76.23,75.1,72.24,66.16,60.03,57.67,51.57
NWSA,News Corp (Class A),Communication Services,Publishing,28.77,30.75,23.38,29.37,29.32,29.56,29.46,28.68,28.23,28.27
NWS,News Corp (Class B),Communication Services,Publishing,31.56,35.58,26.25,32.91,33.27,33.84,33.85,33.03,32.44,32.17
NEE,NextEra Energy,Utilities,Multi-Utilities,71.04,83.5,60.75,70.53,71.44,72.98,72.72,70.88,70.35,70.33
NKE,"Nike, Inc.",Consumer Discretionary,"Apparel, Accessories & Luxury Goods",74.25,88.65,51.67,74.25,75.24,76.1,75.06,67.64,66.6,69.58
NI,NiSource,Utilities,Multi-Utilities,40.73,43.51,32.09,40.32,41.24,41.82,41.32,40.17,39.86,38.81
NDSN,Nordson Corporation,Industrials,Industrial Machinery & Supplies & Components,223.72,263.91,164.43,224.6,224.31,221.98,219.03,210.5,207.29,212.21
NSC,Norfolk Southern,Industrials,Rail Transportation,272.36,291.69,199.43,275.78,276.55,279.22,274.7,256.53,250.06,248.28
NTRS,Northern Trust,Financials,Asset Management & Custody Banks,127.06,132.18,80.54,127.87,128.86,128.16,127.26,115.67,111.22,108.93
NOC,Northrop Grumman,Industrials,Aerospace & Defense,579.87,598.64,420.66,578.79,582.19,584.08,560.71,521.85,517.71,499.25
NCLH,Norwegian Cruise Line Holdings,Consumer Discretionary,"Hotels, Resorts & Cruise Lines",25.43,29.29,14.21,25.32,25.18,24.79,23.96,21.06,20.51,22.49
NRG,NRG Energy,Utilities,Independent Power Producers & Energy Traders,161.21,175.96,74.96,151.37,149.12,148.88,153.06,146.75,136.4,122.23
NUE,Nucor,Materials,Steel,141.88,168.24,97.18,143.82,145.96,145.9,142.58,130.19,127.89,128.76
NVDA,Nvidia,Information Technology,Semiconductors,177.33,184.48,86.61,171.02,173.24,176.2,173.23,151.93,143.8,139.65
NVR,"NVR, Inc.",Consumer Discretionary,Homebuilding,8335.89,9964.77,6562.85,8412.98,8265.13,8208.69,7899.01,7537.06,7468.42,7699.61
NXPI,NXP Semiconductors,Information Technology,Semiconductors,219.28,253.03,147.4,224.12,229.31,230.36,225.05,212.57,207.51,210.37
ORLY,O’Reilly Automotive,Consumer Discretionary,Automotive Retail,105.11,107.2,73.11,105.66,104.71,103.6,99.15,95.03,94.33,90.66
OXY,Occidental Petroleum,Energy,Oil & Gas Exploration & Production,46.31,55.64,34.59,45.87,46.57,45.75,44.75,43.34,43.52,45.34
ODFL,Old Dominion,Industrials,Cargo Ground Transportation,146.31,231.78,140.65,149.03,149.65,151.19,155.87,157.87,158.37,170.73
OMC,Omnicom Group,Communication Services,Advertising,76.0,103.32,67.76,78.13,77.75,77.23,74.53,73.48,74.09,78.46
ON,ON Semiconductor,Information Technology,Semiconductors,48.13,76.06,31.04,48.56,49.12,49.91,53.38,49.32,47.43,51.37
OKE,Oneok,Energy,Oil & Gas Storage & Transportation,73.35,113.92,70.63,72.71,73.94,74.07,77.16,79.29,81.56,87.98
ORCL,Oracle Corporation,Information Technology,Application Software,328.33,345.72,118.18,252.82,241.51,240.52,241.8,204.75,192.06,183.77
OTIS,Otis Worldwide,Industrials,Industrial Machinery & Supplies & Components,87.63,105.86,83.85,87.3,86.83,87.38,90.79,93.23,94.35,94.94
PCAR,Paccar,Industrials,Construction Machinery & Heavy Transportation Equipment,98.66,114.66,84.08,98.34,98.89,99.15,98.1,95.18,95.04,99.59
PKG,Packaging Corporation of America,Materials,Paper & Plastic Packaging Products & Materials,213.05,246.22,171.6,216.0,215.47,209.14,204.01,196.11,195.24,205.27
PLTR,Palantir Technologies,Information Technology,Application Software,166.74,190.0,32.47,158.89,157.8,162.06,158.16,141.42,130.62,112.37
PANW,Palo Alto Networks,Information Technology,Systems Software,197.33,210.39,144.15,195.81,193.03,186.9,188.25,189.35,186.27,187.28
PSKY,Paramount Skydance Corporation,Communication Services,Movies & Entertainment,15.11,17.53,9.78,15.05,14.9,14.84,13.46,12.64,12.39,11.81
PH,Parker Hannifin,Industrials,Industrial Machinery & Supplies & Components,765.28,771.47,485.92,759.24,758.35,751.19,731.59,688.62,669.24,667.08
PAYX,Paychex,Industrials,Human Resource & Employment Services,133.07,160.03,125.65,135.13,136.41,137.48,140.76,145.35,145.29,144.21
PAYC,Paycom,Industrials,Human Resource & Employment Services,220.88,267.33,154.63,223.26,223.84,224.32,227.18,234.91,230.72,224.42
PYPL,PayPal,Financials,Transaction & Payment Processing Services,65.64,93.66,55.85,67.69,68.72,69.01,71.28,70.69,69.64,74.7
PNR,Pentair,Industrials,Industrial Machinery & Supplies & Components,109.26,111.8,73.85,109.95,108.89,107.87,105.71,100.79,97.57,98.4
PEP,PepsiCo,Consumer Staples,Soft Drinks & Non-alcoholic Beverages,142.66,172.75,125.14,143.87,145.43,146.72,141.94,135.92,137.51,141.32
PFE,Pfizer,Health Care,Pharmaceuticals,24.57,28.43,20.18,24.65,24.74,25.02,24.69,23.81,23.74,24.21
PCG,PG&E Corporation,Utilities,Multi-Utilities,15.26,21.62,12.97,15.02,15.11,15.13,14.47,15.28,15.61,16.45
PM,Philip Morris International,Consumer Staples,Tobacco,165.31,185.29,114.24,163.09,164.32,166.45,169.51,171.97,168.17,154.46
PSX,Phillips 66,Energy,Oil & Gas Refining & Marketing,131.42,135.47,89.26,131.41,132.04,128.35,125.71,119.22,117.9,118.53
PNW,Pinnacle West Capital,Utilities,Multi-Utilities,87.62,94.64,79.08,88.22,88.78,90.06,90.45,90.29,90.48,88.88
PNC,PNC Financial Services,Financials,Diversified Banks,201.89,210.46,142.39,203.57,204.73,200.32,195.99,183.23,179.23,184.02
POOL,Pool Corporation,Consumer Discretionary,Distributors,319.15,391.14,281.15,324.71,317.69,319.11,311.57,305.34,307.1,322.14
PPG,PPG Industries,Materials,Specialty Chemicals,108.78,133.97,89.08,109.86,110.27,111.27,111.74,110.32,109.28,112.08
PPL,PPL Corporation,Utilities,Electric Utilities,35.79,37.38,30.65,35.93,36.19,36.48,35.87,35.22,35.1,34.29
PFG,Principal Financial Group,Financials,Life & Health Insurance,80.07,88.63,67.06,80.23,79.89,79.03,78.66,77.27,77.48,78.41
PG,Procter & Gamble,Consumer Staples,Personal Care Products,157.35,177.66,149.91,159.01,158.08,157.38,156.16,158.8,159.97,162.45
PGR,Progressive Corporation,Financials,Property & Casualty Insurance,246.41,292.77,228.37,245.7,245.89,247.24,247.29,260.8,263.73,259.66
PLD,Prologis,Real Estate,Industrial REITs,110.98,128.08,84.54,112.55,112.41,110.64,108.74,107.04,106.53,108.73
PRU,Prudential Financial,Financials,Life & Health Insurance,105.67,125.75,88.12,106.32,107.43,107.22,104.76,103.5,103.57,107.36
PEG,Public Service Enterprise Group,Utilities,Electric Utilities,81.72,92.35,73.5,80.57,81.05,82.53,83.77,81.59,81.35,82.13
PTC,PTC Inc.,Information Technology,Application Software,204.5,219.69,133.38,209.68,211.83,211.18,203.72,184.22,177.94,179.73
PSA,Public Storage,Real Estate,Self-Storage REITs,288.69,359.28,254.04,292.71,292.09,289.1,287.54,291.93,291.03,295.01
PHM,PulteGroup,Consumer Discretionary,Homebuilding,135.41,148.55,87.88,138.35,135.16,132.25,121.78,111.63,109.37,110.91
PWR,Quanta Services,Industrials,Construction & Engineering,390.17,424.94,227.02,377.55,378.23,378.97,387.34,361.43,341.54,329.53
QCOM,Qualcomm,Information Technology,Semiconductors,158.95,178.09,119.4,159.48,159.02,157.61,155.6,151.77,150.66,153.89
DGX,Quest Diagnostics,Health Care,Health Care Services,180.14,185.62,144.09,181.79,180.78,180.71,175.33,175.08,173.21,167.9
RL,Ralph Lauren Corporation,Consumer Discretionary,"Apparel, Accessories & Luxury Goods",312.58,321.77,167.44,312.83,307.77,298.7,294.07,275.64,263.12,255.22
RJF,Raymond James Financial,Financials,Investment Banking & Brokerage,166.7,173.13,112.35,166.93,167.56,165.98,163.78,154.52,151.04,153.78
RTX,RTX Corporation,Industrials,Aerospace & Defense,155.0,161.26,111.21,155.43,157.24,156.5,153.43,143.65,140.68,133.2
O,Realty Income,Real Estate,Retail REITs,59.45,61.61,49.53,59.12,58.59,58.45,57.45,56.63,56.21,55.04
REG,Regency Centers,Real Estate,Retail REITs,72.09,76.68,62.82,72.96,72.65,72.1,71.37,71.33,71.14,71.45
REGN,Regeneron Pharmaceuticals,Health Care,Biotechnology,555.83,1165.58,475.77,562.28,570.04,574.5,562.48,557.56,569.19,621.98
RF,Regions Financial Corporation,Financials,Regional Banks,27.04,27.61,17.36,27.06,27.05,26.45,25.53,23.36,22.74,23.06
RSG,Republic Services,Industrials,Environmental & Facilities Services,228.51,258.14,195.62,229.86,231.69,232.73,236.54,242.31,241.3,231.72
RMD,ResMed,Health Care,Health Care Equipment,270.47,293.81,199.07,276.0,275.2,281.18,273.02,258.46,250.15,245.1
RVTY,Revvity,Health Care,Health Care Equipment,82.5,129.23,81.36,85.23,86.53,88.82,92.34,92.85,94.93,102.77
ROK,Rockwell Automation,Industrials,Electrical Components & Equipment,339.39,359.54,213.27,341.73,342.69,344.2,344.55,319.8,305.34,297.01
ROL,"Rollins, Inc.",Industrials,Environmental & Facilities Services,56.37,58.96,44.94,56.84,56.66,57.1,56.81,56.61,55.84,53.23
ROP,Roper Technologies,Information Technology,Electronic Equipment & Instruments,513.23,593.46,498.03,520.38,522.66,526.38,541.19,553.46,556.26,554.08
ROST,Ross Stores,Consumer Discretionary,Apparel Retail,149.24,156.94,121.69,150.48,149.89,148.42,140.87,139.97,137.88,140.72
RCL,Royal Caribbean Group,Consumer Discretionary,"Hotels, Resorts & Cruise Lines",341.5,366.5,152.4,350.04,354.74,342.07,335.57,292.03,274.36,261.52
SPGI,S&P Global,Financials,Financial Exchanges & Data,539.89,578.04,425.6,542.36,543.65,549.34,541.01,522.75,514.92,512.92
CRM,Salesforce,Information Technology,Application Software,242.57,367.42,226.48,248.33,251.19,247.35,254.6,262.27,263.12,287.38
SBAC,SBA Communications,Real Estate,Telecom Tower REITs,193.57,247.78,186.81,193.86,198.96,209.13,221.03,225.28,223.57,217.21
SLB,Schlumberger,Energy,Oil & Gas Equipment & Services,36.16,44.81,30.61,35.91,35.86,34.8,34.53,34.27,35.02,36.86
STX,Seagate Technology,Information Technology,"Technology Hardware, Storage & Peripherals",193.04,193.8,62.86,189.2,179.99,169.25,157.47,133.91,123.14,112.42
SRE,Sempra,Utilities,Multi-Utilities,82.01,93.45,61.37,80.99,81.64,81.76,79.81,77.41,75.66,78.09
NOW,ServiceNow,Information Technology,Systems Software,923.57,1198.09,678.66,921.79,917.38,896.63,932.8,957.23,927.38,967.05
SHW,Sherwin-Williams,Materials,Specialty Chemicals,357.45,397.81,307.5,366.45,365.56,365.85,353.02,350.52,347.76,351.43
SPG,Simon Property Group,Real Estate,Retail REITs,179.23,183.19,132.99,179.7,178.49,175.36,167.78,162.03,160.5,164.45
SWKS,Skyworks Solutions,Information Technology,Semiconductors,73.6,99.23,47.01,74.83,74.7,74.64,73.11,70.62,68.79,72.89
SJM,J.M. Smucker Company (The),Consumer Staples,Packaged Foods & Meats,110.03,121.73,92.38,111.46,110.16,110.97,108.22,107.64,108.49,107.71
SW,Smurfit Westrock,Materials,Paper & Plastic Packaging Products & Materials,45.27,55.46,36.31,46.08,46.39,45.21,45.44,43.94,43.68,46.7
SNA,Snap-on,Industrials,Industrial Machinery & Supplies & Components,324.16,366.68,262.79,326.25,325.91,325.96,322.87,317.81,319.43,327.3
SOLV,Solventum,Health Care,Health Care Technology,71.22,85.92,60.7,72.76,72.57,72.59,73.38,72.42,72.25,72.32
SO,Southern Company,Utilities,Electric Utilities,91.56,95.68,78.5,91.45,91.88,92.85,93.0,90.9,90.4,87.8
LUV,Southwest Airlines,Industrials,Passenger Airlines,31.11,37.75,23.55,31.26,31.92,31.72,32.67,31.6,31.29,31.3
SWK,Stanley Black & Decker,Industrials,Industrial Machinery & Supplies & Components,76.97,106.2,52.62,77.06,75.27,74.79,71.79,67.76,68.19,73.49
SBUX,Starbucks,Consumer Discretionary,Restaurants,82.88,115.87,74.48,84.66,86.42,88.16,90.68,88.31,88.86,93.01
STT,State Street Corporation,Financials,Asset Management & Custody Banks,110.77,116.37,72.29,112.3,113.28,113.09,111.08,102.82,99.17,97.9
STLD,Steel Dynamics,Materials,Steel,132.72,153.72,102.78,132.61,131.68,130.15,129.63,129.6,127.96,127.62
STE,Steris,Health Care,Health Care Equipment,243.83,251.8,199.47,245.85,244.93,245.99,236.27,235.64,232.72,226.03
SYK,Stryker Corporation,Health Care,Health Care Equipment,382.97,404.87,328.46,391.1,390.82,388.76,389.38,383.67,379.35,379.2
SMCI,Supermicro,Information Technology,"Technology Hardware, Storage & Peripherals",43.91,66.44,17.25,41.6,41.91,43.12,48.27,44.04,42.47,40.36
SYF,Synchrony Financial,Financials,Consumer Finance,74.74,77.41,40.15,75.68,75.82,74.19,71.63,64.6,61.76,62.67
SNPS,Synopsys,Information Technology,Application Software,387.78,651.73,365.74,560.27,580.43,594.71,592.92,535.69,514.68,511.67
SYY,Sysco,Consumer Staples,Food Distributors,80.19,83.17,66.65,81.51,80.95,80.55,79.48,75.9,75.02,74.59
TMUS,T-Mobile US,Communication Services,Wireless Telecommunication Services,240.38,274.51,190.56,246.18,249.16,251.19,242.23,240.79,244.17,241.26
TROW,T. Rowe Price,Financials,Asset Management & Custody Banks,106.64,121.15,76.8,108.33,107.79,107.57,105.28,98.65,96.76,101.6
TTWO,Take-Two Interactive,Communication Services,Interactive Home Entertainment,244.04,250.45,146.76,244.2,240.1,235.58,232.86,231.3,226.74,214.11
TPR,"Tapestry, Inc.",Consumer Discretionary,"Apparel, Accessories & Luxury Goods",105.3,113.62,39.52,104.98,103.56,101.78,102.48,90.09,85.75,80.03
TRGP,Targa Resources,Energy,Oil & Gas Storage & Transportation,163.41,215.2,139.32,162.82,164.43,163.7,165.82,165.66,169.31,177.97
TGT,Target Corporation,Consumer Staples,Consumer Staples Merchandise Retail,90.78,155.5,85.44,91.81,93.46,97.29,100.54,97.66,97.78,108.79
TEL,TE Connectivity,Information Technology,Electronic Manufacturing Services,210.35,212.1,115.38,208.83,207.68,205.68,195.69,175.98,168.22,160.25
TDY,Teledyne Technologies,Information Technology,Electronic Equipment & Instruments,544.97,570.56,416.0,546.41,543.62,543.38,542.34,514.62,508.24,499.94
TER,Teradyne,Information Technology,Semiconductor Materials & Equipment,117.82,143.64,65.6,118.25,118.4,115.45,104.7,92.87,90.5,100.98
TSLA,"Tesla, Inc.",Consumer Discretionary,Automobile Manufacturers,347.79,488.54,212.11,346.11,342.34,338.79,325.56,319.19,306.13,330.38
TXN,Texas Instruments,Information Technology,Semiconductors,184.01,220.1,137.77,186.02,193.77,196.45,198.75,189.74,185.15,185.8
TPL,Texas Pacific Land Corporation,Energy,Oil & Gas Exploration & Production,937.63,1759.83,762.48,913.69,917.96,906.69,949.43,1085.71,1124.63,1200.79
TXT,Textron,Industrials,Aerospace & Defense,81.02,91.23,57.69,81.41,80.88,80.53,80.97,77.46,75.94,76.47
TMO,Thermo Fisher Scientific,Health Care,Life Sciences Tools & Services,476.54,625.84,385.46,485.74,487.13,488.69,462.94,436.7,445.79,480.7
TJX,TJX Companies,Consumer Discretionary,Apparel Retail,139.86,145.58,109.83,140.19,138.99,137.07,130.35,128.52,126.88,125.05
TKO,TKO Group Holdings,Communication Services,Movies & Entertainment,195.13,200.71,112.59,195.22,191.34,188.85,177.64,170.6,166.04,159.37
TTD,Trade Desk (The),Communication Services,Advertising,46.14,141.53,42.96,50.91,52.52,52.63,68.28,67.73,64.85,82.15
TSCO,Tractor Supply,Consumer Discretionary,Other Specialty Retail,58.45,63.75,46.46,59.76,60.72,60.78,58.86,54.75,54.21,54.39
TT,Trane Technologies,Industrials,Building Products,417.32,475.11,296.82,413.54,414.65,419.99,432.03,419.66,403.72,392.85
TDG,TransDigm Group,Industrials,Aerospace & Defense,1287.32,1519.36,1107.45,1289.1,1295.11,1303.52,1385.61,1359.34,1339.07,1294.34
TRV,Travelers Companies (The),Financials,Property & Casualty Insurance,272.33,280.7,221.86,275.0,273.89,272.25,265.3,265.74,263.47,256.83
TRMB,Trimble Inc.,Information Technology,Electronic Equipment & Instruments,80.16,87.5,52.91,80.39,80.43,81.23,81.65,75.33,73.18,72.99
TFC,Truist Financial,Financials,Diversified Banks,45.12,47.46,32.72,46.0,46.32,45.62,44.66,41.85,41.1,42.2
TYL,Tyler Technologies,Information Technology,Application Software,545.91,661.31,513.52,556.92,557.09,561.62,569.18,568.31,568.18,581.57
TSN,Tyson Foods,Consumer Staples,Packaged Foods & Meats,55.42,64.65,51.39,55.91,56.17,56.3,55.06,55.48,56.35,56.88
USB,U.S. Bancorp,Financials,Diversified Banks,49.2,52.21,34.8,49.04,48.85,47.89,46.73,44.58,43.66,44.98
UBER,Uber,Industrials,Passenger Ground Transportation,94.21,97.71,59.33,93.4,93.78,93.92,92.47,88.79,85.46,79.41
UDR,"UDR, Inc.",Real Estate,Multi-Family Residential REITs,38.19,45.63,35.84,38.77,38.82,38.73,39.39,40.2,40.52,41.13
ULTA,Ulta Beauty,Consumer Discretionary,Other Specialty Retail,515.47,539.0,309.01,518.7,521.42,522.22,507.01,466.8,444.81,426.11
UNP,Union Pacific Corporation,Industrials,Rail Transportation,215.19,252.32,202.16,218.37,219.97,221.0,224.4,222.25,222.98,227.47
UAL,United Airlines Holdings,Industrials,Passenger Airlines,107.51,116.0,46.58,106.71,105.87,103.48,94.23,85.08,81.93,88.33
UPS,United Parcel Service,Industrials,Air Freight & Logistics,83.85,136.36,82.72,84.42,85.52,86.34,91.2,93.49,95.44,104.08
URI,United Rentals,Industrials,Trading Companies & Distributors,944.81,980.53,523.58,960.05,956.52,938.13,875.02,780.21,745.83,741.05
UNH,UnitedHealth Group,Health Care,Managed Health Care,346.78,621.24,234.6,328.14,317.34,307.47,290.57,314.08,357.12,418.14
UHS,Universal Health Services,Health Care,Health Care Facilities,186.06,242.21,152.16,186.81,184.17,182.76,175.84,178.13,178.24,180.88
VLO,Valero Energy,Energy,Oil & Gas Refining & Marketing,158.5,163.02,97.37,157.97,155.35,147.86,143.9,134.88,132.1,130.95
VTR,Ventas,Real Estate,Health Care REITs,69.25,70.82,55.85,68.24,68.01,68.0,66.81,65.62,65.82,64.03
VLTO,Veralto,Industrials,Environmental & Facilities Services,106.01,114.62,83.77,106.05,106.07,107.05,105.22,101.47,100.04,100.73
VRSN,Verisign,Information Technology,Internet Services & Infrastructure,283.48,309.71,174.64,281.86,277.43,273.1,277.25,276.5,269.99,247.73
VRSK,Verisk Analytics,Industrials,Research & Consulting Services,262.77,322.46,259.01,268.96,268.03,268.3,281.44,293.59,292.93,290.13
VZ,Verizon,Communication Services,Integrated Telecommunication Services,43.49,45.87,36.41,43.79,43.89,44.12,43.11,42.8,42.78,41.62
VRTX,Vertex Pharmaceuticals,Health Care,Biotechnology,388.55,519.88,362.5,394.67,394.31,393.29,426.38,440.92,451.61,451.63
VTRS,Viatris,Health Care,Pharmaceuticals,10.24,13.04,6.68,10.4,10.45,10.48,9.65,9.06,8.9,9.75
VICI,Vici Properties,Real Estate,Hotel & Resort REITs,33.14,34.01,27.24,33.33,33.44,33.18,33.13,32.38,32.13,31.21
V,Visa Inc.,Financials,Transaction & Payment Processing Services,338.12,374.85,266.36,343.72,347.15,346.35,347.38,349.8,346.65,339.45
VST,Vistra Corp.,Utilities,Electric Utilities,209.21,216.85,72.39,193.75,192.31,193.97,195.75,176.1,164.65,160.23
VMC,Vulcan Materials Company,Materials,Construction Materials,294.43,299.29,214.34,294.58,292.69,291.9,279.86,270.57,263.57,263.69
WRB,W. R. Berkley Corporation,Financials,Property & Casualty Insurance,72.15,75.77,54.76,72.34,72.06,71.79,70.39,71.24,70.16,66.3
GWW,W. W. Grainger,Industrials,Industrial Machinery & Supplies & Components,994.06,1219.65,889.92,1001.64,1008.88,1001.49,1009.28,1030.61,1018.7,1041.34
WAB,Wabtec,Industrials,Construction Machinery & Heavy Transportation Equipment,189.59,215.82,151.42,191.51,192.54,192.54,198.55,197.73,193.68,194.06
WBA,Walgreens Boots Alliance,Consumer Staples,Drug Retail,11.98,13.25,7.98,11.98,12.03,11.93,11.67,11.39,11.33,10.81
WMT,Walmart,Consumer Staples,Consumer Staples Merchandise Retail,100.41,104.51,75.75,101.28,99.29,99.29,98.4,97.45,95.34,94.83
DIS,Walt Disney Company (The),Communication Services,Movies & Entertainment,115.79,124.69,79.76,117.74,117.85,117.36,118.7,113.1,109.11,109.74
WBD,Warner Bros. Discovery,Communication Services,Broadcasting,12.54,13.87,6.78,12.21,12.04,11.93,12.13,10.81,10.58,10.56
WM,Waste Management,Industrials,Environmental & Facilities Services,217.69,241.74,198.19,220.18,222.79,224.97,227.34,229.81,229.23,224.48
WAT,Waters Corporation,Health Care,Life Sciences Tools & Services,293.03,423.56,275.05,301.79,298.95,297.15,302.76,324.77,330.14,351.28
WEC,WEC Energy Group,Utilities,Electric Utilities,109.39,110.99,89.63,107.92,107.3,107.62,107.09,106.14,105.88,102.6
WFC,Wells Fargo,Financials,Diversified Banks,80.3,84.33,49.13,80.2,80.99,79.81,80.19,76.75,74.95,74.46
WELL,Welltower,Real Estate,Health Care REITs,168.09,170.99,120.11,168.36,168.04,166.11,162.36,155.96,153.98,146.93
WST,West Pharmaceutical Services,Health Care,Health Care Supplies,255.22,351.24,187.09,251.74,248.97,247.35,238.99,226.84,225.15,253.83
WDC,Western Digital,Information Technology,"Technology Hardware, Storage & Peripherals",95.02,96.18,28.74,93.08,87.59,82.03,74.62,62.54,57.89,54.59
WY,Weyerhaeuser,Real Estate,Timber REITs,25.1,33.04,23.71,25.6,25.52,25.75,25.64,25.7,26.08,27.27
WSM,"Williams-Sonoma, Inc.",Consumer Discretionary,Homefurnishing Retail,202.67,218.08,123.89,202.78,196.64,199.27,188.89,173.79,170.2,178.55
WMB,Williams Companies,Energy,Oil & Gas Storage & Transportation,58.76,63.45,42.4,57.59,57.64,57.41,58.06,58.57,58.41,57.23
WTW,Willis Towers Watson,Financials,Insurance Brokers,330.22,342.16,280.03,330.21,328.74,331.51,319.83,313.21,315.81,316.88
WDAY,"Workday, Inc.",Information Technology,Application Software,226.48,294.0,205.33,230.25,230.26,227.9,230.04,238.87,238.49,246.94
WYNN,Wynn Resorts,Consumer Discretionary,Casinos & Gaming,122.9,128.53,64.93,122.17,123.85,118.28,112.28,99.76,95.62,92.45
XEL,Xcel Energy,Utilities,Multi-Utilities,72.31,74.57,60.59,72.2,72.32,72.6,71.64,70.26,69.98,68.85
XYL,Xylem Inc.,Industrials,Industrial Machinery & Supplies & Components,137.73,144.93,99.87,139.56,140.76,141.22,137.3,130.29,127.23,125.6
YUM,Yum! Brands,Consumer Discretionary,Restaurants,146.02,161.72,120.38,145.61,145.37,146.34,146.01,145.17,146.39,142.86
ZBRA,Zebra Technologies,Information Technology,Electronic Equipment & Instruments,306.19,427.76,205.73,311.44,313.05,315.98,321.68,300.7,292.97,322.93
ZBH,Zimmer Biomet,Health Care,Health Care Equipment,102.3,114.14,88.99,104.27,104.94,104.85,98.82,96.68,98.9,101.62
ZTS,Zoetis,Health Care,Pharmaceuticals,149.42,197.92,138.77,151.5,152.93,153.8,152.64,156.09,156.24,160.57
