Symbol,Company,GICS_Sector,GICS_Sub_Industry,Current_Price,High_52_Week,Low_52_Week,SMA5,SMA10,SMA20,SMA50,SMA200,Score,Target_Pcnt,Target_Price,Stop_Loss
MMM,3M,Industrials,Industrial Conglomerates,154.0,159.46,122.31,154.22,155.31,155.17,153.19,143.54,0.0,3.37,159.19,151.15
AOS,A. O. Smith,Industrials,Building Products,73.96,88.84,59.04,72.29,72.17,72.21,70.54,67.77,0.2,0.37,74.23,70.18
ABT,Abbott Laboratories,Health Care,Health Care Equipment,132.2,138.95,110.09,132.32,132.05,131.59,130.57,126.83,0.0,1.04,133.57,129.61
ABBV,AbbVie,Health Care,Biotechnology,209.79,213.0,160.57,211.83,210.14,207.68,197.28,187.43,0.0,2.86,215.79,199.56
ACN,Accenture,Information Technology,IT Consulting & Other Services,255.57,394.31,237.87,254.76,255.85,252.36,268.36,315.97,-0.2,3.51,264.54,240.16
ADBE,Adobe Inc.,Information Technology,Application Software,358.66,586.55,333.65,349.21,353.12,352.25,360.55,408.17,-0.2,2.35,367.09,337.42
AMD,Advanced Micro Devices,Information Technology,Semiconductors,151.41,184.42,78.21,157.76,161.71,167.33,161.25,125.76,0.2,21.56,184.05,150.61
AES,AES Corporation,Utilities,Independent Power Producers & Energy Traders,12.72,19.11,9.5,13.02,13.23,13.18,12.82,11.58,-0.2,7.7,13.7,12.67
AFL,Aflac,Financials,Life & Health Insurance,106.34,112.86,97.56,106.84,107.01,106.37,103.42,104.25,-0.3,2.96,109.49,103.25
A,Agilent Technologies,Health Care,Life Sciences Tools & Services,128.13,151.96,99.08,127.16,124.26,121.43,119.18,123.44,0.1,1.29,129.78,113.07
APD,Air Products,Materials,Industrial Gases,288.91,333.89,247.03,290.44,292.41,291.88,291.32,291.99,-0.1,3.22,298.21,285.55
ABNB,Airbnb,Consumer Discretionary,"Hotels, Resorts & Cruise Lines",124.62,161.42,105.69,125.26,127.22,125.96,131.48,131.25,0.0,5.78,131.82,120.1
AKAM,Akamai Technologies,Information Technology,Internet Services & Infrastructure,78.88,106.67,68.21,77.83,77.84,76.35,77.36,83.87,-0.2,2.28,80.68,72.02
ALB,Albemarle Corporation,Materials,Specialty Chemicals,82.0,109.53,50.43,80.49,82.28,81.44,75.58,75.48,0.0,4.98,86.08,76.81
ARE,Alexandria Real Estate Equities,Real Estate,Office REITs,85.56,117.87,66.61,83.12,82.29,79.26,78.2,84.79,0.1,1.2,86.59,71.94
ALGN,Align Technology,Health Care,Health Care Supplies,136.86,257.17,129.01,136.04,139.2,141.04,166.38,187.21,0.0,9.07,149.27,132.82
ALLE,Allegion,Industrials,Building Products,173.1,173.1,118.08,170.28,170.55,169.34,160.91,140.03,0.0,0.39,173.78,164.91
LNT,Alliant Energy,Utilities,Electric Utilities,64.05,66.97,54.87,64.51,65.04,65.25,64.03,61.11,-0.2,4.25,66.77,63.74
ALL,Allstate,Financials,Property & Casualty Insurance,200.31,212.57,177.81,203.62,203.04,205.04,199.83,196.22,0.0,5.34,211.01,199.08
GOOGL,Alphabet Inc. (Class A),Communication Services,Interactive Media & Services,234.04,235.0,144.53,228.67,219.1,210.72,196.21,179.49,0.0,0.09,234.25,187.18
GOOG,Alphabet Inc. (Class C),Communication Services,Interactive Media & Services,234.16,235.17,146.4,229.02,219.63,211.41,197.03,180.93,0.0,0.15,234.51,188.31
MO,Altria,Consumer Staples,Tobacco,65.77,67.68,46.47,66.53,66.62,66.51,62.52,56.7,0.2,3.19,67.87,65.15
AMZN,Amazon,Consumer Discretionary,Broadline Retail,235.84,242.06,167.32,231.04,230.16,228.25,225.89,213.37,0.0,0.33,236.62,219.89
AMCR,Amcor,Materials,Paper & Plastic Packaging Products & Materials,8.22,10.94,8.22,8.33,8.43,8.7,9.22,9.4,-0.2,17.52,9.66,7.75
AEE,Ameren,Utilities,Multi-Utilities,99.99,103.26,80.71,100.23,100.31,100.86,99.44,95.78,0.0,2.47,102.46,99.26
AEP,American Electric Power,Utilities,Electric Utilities,107.55,114.06,87.97,108.88,110.57,111.59,108.96,101.72,-0.2,7.12,115.21,107.97
AXP,American Express,Financials,Consumer Finance,325.41,331.28,230.81,327.43,325.43,316.13,312.71,294.68,0.2,3.65,337.29,294.98
AIG,American International Group,Financials,Multi-line Insurance,78.77,87.26,69.3,80.42,81.26,81.0,80.86,79.14,0.0,6.53,83.91,78.1
AMT,American Tower,Real Estate,Telecom Tower REITs,193.64,235.15,170.7,196.76,201.21,203.87,213.33,204.38,-0.4,10.44,213.86,193.88
AWK,American Water Works,Utilities,Water Utilities,140.02,150.19,118.87,141.46,142.68,143.51,142.01,136.49,0.0,4.88,146.85,140.18
AMP,Ameriprise Financial,Financials,Asset Management & Custody Banks,492.44,569.83,419.45,502.73,509.17,509.04,518.69,515.14,-0.2,6.48,524.35,493.74
AME,Ametek,Industrials,Electrical Components & Equipment,188.67,196.4,151.15,186.63,186.36,185.28,182.68,179.79,0.2,0.23,189.1,181.45
AMGN,Amgen,Health Care,Biotechnology,280.19,326.46,252.22,282.94,285.4,287.66,291.42,283.65,0.0,5.82,296.5,278.82
APH,Amphenol,Information Technology,Electronic Components,110.54,112.75,58.99,110.74,110.42,110.18,105.61,81.92,-0.2,1.61,112.32,108.03
ADI,Analog Devices,Information Technology,Semiconductors,248.98,254.62,163.21,247.01,250.12,242.97,237.46,217.07,0.0,5.26,262.08,223.88
AON,Aon plc,Financials,Insurance Brokers,370.01,407.61,334.44,372.0,370.19,370.03,362.18,368.88,-0.1,1.81,376.71,363.36
APA,APA Corporation,Energy,Oil & Gas Exploration & Production,22.26,25.74,13.62,22.99,22.82,21.67,20.09,19.7,0.4,8.54,24.16,19.17
APO,Apollo Global Management,Financials,Asset Management & Custody Banks,134.44,176.82,105.37,133.84,134.58,136.55,142.15,146.3,0.0,6.26,142.86,130.25
AAPL,Apple Inc.,Information Technology,"Technology Hardware, Storage & Peripherals",237.88,258.1,172.0,237.11,233.72,231.59,219.01,220.99,0.1,0.98,240.21,222.99
AMAT,Applied Materials,Information Technology,Semiconductor Materials & Equipment,162.05,211.69,126.23,159.37,161.38,166.58,179.49,167.46,-0.2,15.88,187.78,145.39
APTV,Aptiv,Consumer Discretionary,Automotive Parts & Equipment,82.3,82.3,47.92,80.24,79.97,77.06,72.32,64.16,0.0,2.49,84.35,69.76
ACGL,Arch Capital Group,Financials,Property & Casualty Insurance,90.9,109.22,84.99,91.73,91.58,91.38,89.72,92.1,0.1,3.39,93.98,88.78
ADM,Archer Daniels Midland,Consumer Staples,Agricultural Products & Services,62.3,64.21,41.01,62.19,62.6,61.13,57.1,50.36,0.0,4.08,64.84,57.42
ANET,Arista Networks,Information Technology,Communications Equipment,140.01,142.85,64.37,139.46,137.06,136.44,122.49,102.8,0.0,1.99,142.8,130.09
AJG,Arthur J. Gallagher & Co.,Financials,Insurance Brokers,299.12,347.33,273.85,300.57,299.95,298.03,302.18,312.17,0.0,2.63,306.99,289.06
AIZ,Assurant,Financials,Multi-line Insurance,211.75,225.29,178.36,213.78,214.35,212.94,199.14,202.85,0.1,3.33,218.8,207.08
T,AT&T,Communication Services,Integrated Telecommunication Services,28.9,29.59,19.72,29.24,29.08,28.94,28.18,25.95,0.0,2.7,29.68,28.2
ATO,Atmos Energy,Utilities,Gas Utilities,163.87,167.34,127.91,165.16,165.51,165.33,159.13,150.3,-0.2,2.04,167.21,163.45
ADSK,Autodesk,Information Technology,Application Software,326.79,326.79,238.84,321.95,306.67,296.78,299.3,290.52,-0.2,0.61,328.78,264.78
ADP,Automatic Data Processing,Industrials,Human Resource & Employment Services,298.43,325.19,264.09,298.84,301.27,302.74,304.02,301.74,-0.2,3.53,308.96,296.51
AZO,AutoZone,Consumer Discretionary,Automotive Retail,4242.88,4242.88,2981.19,4212.91,4198.56,4131.2,3931.36,3607.35,0.0,1.2,4293.79,3968.51
AVB,AvalonBay Communities,Real Estate,Multi-Family Residential REITs,194.47,232.03,182.72,192.54,193.16,191.44,195.43,206.95,0.0,1.29,196.98,185.91
AVY,Avery Dennison,Materials,Paper & Plastic Packaging Products & Materials,168.38,217.94,157.86,167.73,169.88,172.26,174.24,179.1,0.0,6.32,179.02,165.49
AXON,Axon Enterprise,Industrials,Aerospace & Defense,740.61,870.97,354.62,733.61,749.95,759.84,766.26,664.99,0.0,8.42,802.97,716.7
BKR,Baker Hughes,Energy,Oil & Gas Equipment & Services,45.64,48.05,32.21,45.58,45.25,44.18,42.56,41.29,0.2,2.17,46.63,41.73
BALL,Ball Corporation,Materials,"Metal, Glass & Plastic Containers",50.96,66.93,44.6,50.71,51.52,52.41,55.38,53.65,-0.2,7.44,54.75,50.08
BAC,Bank of America,Financials,Diversified Banks,49.46,50.46,34.0,49.9,49.94,48.72,47.64,44.24,0.0,4.12,51.5,45.95
BAX,Baxter International,Health Care,Health Care Equipment,24.09,39.36,21.61,23.96,24.18,24.04,26.08,29.78,0.0,2.86,24.78,23.31
BDX,Becton Dickinson,Health Care,Health Care Equipment,191.58,246.46,164.16,190.6,192.13,194.21,184.95,203.26,-0.3,4.46,200.12,188.3
BRK-B,Berkshire Hathaway,Financials,Multi-Sector Holdings,493.78,539.8,442.29,500.62,498.0,488.95,481.14,488.39,0.3,3.61,511.61,466.28
BBY,Best Buy,Consumer Discretionary,Computer & Electronics Retail,77.59,99.54,55.4,76.03,74.99,73.54,70.54,74.63,0.1,0.43,77.92,69.16
TECH,Bio-Techne,Health Care,Life Sciences Tools & Services,54.11,79.93,46.59,53.64,54.69,54.25,53.81,59.72,-0.1,6.12,57.42,51.09
BIIB,Biogen,Health Care,Biotechnology,141.35,201.8,113.38,140.64,137.75,136.77,132.71,136.66,0.1,2.11,144.33,129.21
BLK,BlackRock,Financials,Asset Management & Custody Banks,1104.92,1154.71,807.61,1102.3,1115.1,1125.31,1104.82,999.5,0.0,4.95,1159.61,1091.02
BX,Blackstone Inc.,Financials,Asset Management & Custody Banks,173.3,194.8,118.51,170.02,170.61,170.39,167.01,157.38,-0.2,1.88,176.56,164.22
XYZ,"Block, Inc.",Financials,Transaction & Payment Processing Services,75.82,98.92,46.53,75.71,77.62,76.55,74.45,72.14,0.2,6.62,80.84,72.26
BK,BNY Mellon,Financials,Asset Management & Custody Banks,104.02,106.1,64.89,104.53,104.71,103.43,99.59,86.71,0.0,2.44,106.56,100.3
BA,Boeing,Industrials,Aerospace & Defense,230.95,237.38,136.59,232.21,232.92,231.36,227.46,189.67,-0.2,3.55,239.15,223.59
BKNG,Booking Holdings,Consumer Discretionary,"Hotels, Resorts & Cruise Lines",5569.7,5805.92,3704.78,5544.24,5594.86,5562.68,5605.32,5119.52,-0.2,3.39,5758.51,5366.96
BSX,Boston Scientific,Health Care,Health Care Equipment,108.14,108.14,81.37,107.37,106.55,105.25,104.88,100.25,0.0,0.54,108.72,101.77
BMY,Bristol Myers Squibb,Health Care,Pharmaceuticals,46.72,61.62,43.31,47.09,47.15,47.46,47.01,51.75,-0.1,4.52,48.83,46.09
AVGO,Broadcom,Information Technology,Semiconductors,345.65,345.65,135.46,317.45,308.58,305.23,292.95,229.89,0.2,-3.9,332.17,278.29
BR,Broadridge Financial Solutions,Industrials,Data Processing & Outsourced Services,253.43,266.89,204.4,251.65,254.31,257.92,250.5,238.03,0.0,5.11,266.38,249.46
BRO,Brown & Brown,Financials,Insurance Brokers,95.35,124.07,91.23,95.27,95.84,95.78,99.4,107.89,0.0,2.08,97.33,94.22
BF-B,Brown–Forman,Consumer Staples,Distillers & Vintners,27.59,48.21,25.45,28.36,29.09,29.72,29.23,32.88,-0.1,14.53,31.6,27.84
BLDR,Builders FirstSource,Industrials,Building Products,147.89,201.83,105.63,142.81,141.92,139.5,133.13,136.71,-0.1,1.01,149.38,129.62
BG,Bunge Global,Consumer Staples,Agricultural Products & Services,84.34,96.95,67.23,82.49,83.9,83.0,79.46,77.39,-0.2,3.64,87.41,78.59
BXP,"BXP, Inc.",Real Estate,Office REITs,75.79,86.01,56.05,74.82,72.85,69.23,68.75,68.67,0.0,2.43,77.63,60.84
CHRW,C.H. Robinson,Industrials,Air Freight & Logistics,125.9,128.66,85.99,127.14,127.19,124.03,111.03,101.14,0.2,4.34,131.36,116.71
CDNS,Cadence Design Systems,Information Technology,Application Software,360.64,371.03,231.64,350.22,349.19,349.42,338.98,301.25,0.2,-0.81,357.72,341.11
CZR,Caesars Entertainment,Consumer Discretionary,Casinos & Gaming,26.38,45.55,23.18,25.85,26.31,25.81,27.47,30.21,0.0,4.17,27.48,24.15
CPT,Camden Property Trust,Real Estate,Multi-Family Residential REITs,110.92,123.69,104.05,110.12,110.2,108.53,110.62,114.2,-0.2,1.74,112.85,104.21
CPB,Campbell's Company (The),Consumer Staples,Packaged Foods & Meats,33.9,49.89,30.28,33.16,32.59,32.54,32.01,36.27,0.1,-0.03,33.89,31.18
COF,Capital One,Financials,Consumer Finance,220.1,227.22,134.82,222.51,223.75,219.62,216.61,193.2,0.0,4.5,230.0,209.24
CAH,Cardinal Health,Health Care,Health Care Distributors,150.28,167.63,106.71,149.86,149.03,149.68,155.95,138.97,-0.2,2.8,154.49,144.88
KMX,CarMax,Consumer Discretionary,Automotive Retail,61.38,89.19,54.66,60.59,60.8,59.44,61.24,72.07,0.0,2.39,62.85,56.03
CCL,Carnival,Consumer Discretionary,"Hotels, Resorts & Cruise Lines",31.56,32.49,15.67,31.48,31.72,30.77,29.88,24.81,-0.2,4.59,33.01,28.54
CARR,Carrier Global,Industrials,Building Products,65.61,81.67,55.21,64.13,65.21,65.7,70.43,68.46,-0.2,4.19,68.36,63.03
CAT,Caterpillar Inc.,Industrials,Construction Machinery & Heavy Transportation Equipment,422.78,438.02,271.63,419.45,424.74,420.53,416.34,365.9,0.0,3.44,437.32,403.72
CBOE,Cboe Global Markets,Financials,Financial Exchanges & Data,234.37,253.24,189.73,233.68,236.94,242.38,240.59,219.05,0.0,9.2,255.93,228.82
CBRE,CBRE Group,Real Estate,Real Estate Services,163.52,164.98,113.55,161.66,162.38,160.64,151.78,136.73,0.0,1.78,166.43,154.84
CDW,CDW Corporation,Information Technology,Technology Distributors,167.85,225.45,143.46,165.89,165.55,165.12,171.69,173.79,0.2,0.97,169.48,160.75
COR,Cencora,Health Care,Health Care Distributors,297.86,303.69,217.68,294.61,292.31,293.2,292.7,269.61,0.0,1.23,301.52,284.89
CNC,Centene Corporation,Health Care,Managed Health Care,28.84,76.57,25.21,29.23,29.01,28.5,30.22,52.23,0.0,7.04,30.87,26.13
CNP,CenterPoint Energy,Utilities,Multi-Utilities,37.32,38.94,26.61,37.62,37.64,37.87,37.39,34.98,0.2,3.14,38.49,37.25
CF,CF Industries,Materials,Fertilizers & Agricultural Chemicals,84.5,101.88,67.67,85.07,85.84,85.32,89.54,85.4,0.2,4.37,88.19,82.45
CRL,Charles River Laboratories,Health Care,Life Sciences Tools & Services,162.0,220.69,99.75,162.38,162.9,159.48,160.46,159.0,-0.2,3.69,167.98,150.99
SCHW,Charles Schwab Corporation,Financials,Investment Banking & Brokerage,93.45,98.69,60.96,95.09,95.87,96.18,94.98,83.81,0.2,6.0,99.06,93.3
CHTR,Charter Communications,Communication Services,Cable & Satellite,263.88,427.25,256.57,262.11,264.9,265.84,317.8,357.8,0.0,4.07,274.62,257.08
CVX,Chevron Corporation,Energy,Integrated Oil & Gas,154.0,164.65,130.67,157.05,158.0,155.97,152.27,147.55,-0.2,5.12,161.88,150.07
CMG,Chipotle Mexican Grill,Consumer Discretionary,Restaurants,39.65,66.16,39.65,41.13,41.81,42.48,47.25,52.69,0.0,12.23,44.5,40.45
CB,Chubb Limited,Financials,Property & Casualty Insurance,277.47,301.45,256.04,277.95,275.75,275.31,275.17,279.5,-0.1,1.24,280.91,269.7
CHD,Church & Dwight,Consumer Staples,Household Products,94.58,112.48,90.63,94.43,93.56,93.44,94.81,101.09,-0.2,1.4,95.9,90.98
CI,Cigna,Health Care,Health Care Services,300.89,359.97,260.91,301.68,300.18,296.46,296.46,304.14,0.0,3.71,312.05,280.86
CINF,Cincinnati Financial,Financials,Property & Casualty Insurance,153.46,157.35,125.84,153.78,153.68,153.07,150.49,144.39,0.0,1.69,156.05,150.09
CTAS,Cintas,Industrials,Diversified Support Services,202.78,227.2,181.05,205.05,208.16,213.46,217.38,209.3,0.0,11.55,226.2,200.7
CSCO,Cisco,Information Technology,Communications Equipment,66.88,71.79,47.21,67.45,67.97,68.14,68.34,62.22,0.0,6.15,70.99,65.29
C,Citigroup,Financials,Diversified Banks,95.87,97.08,55.59,95.63,95.91,95.0,92.18,77.26,-0.2,1.9,97.69,92.3
CFG,Citizens Financial Group,Financials,Regional Banks,51.7,52.51,33.59,51.84,51.75,50.18,48.49,43.48,0.2,3.77,53.65,46.71
CLX,Clorox,Consumer Staples,Household Products,125.87,165.31,116.82,124.08,121.26,121.17,123.39,139.59,0.0,0.19,126.11,116.22
CME,CME Group,Financials,Financial Exchanges & Data,262.58,289.38,205.04,265.34,267.31,270.83,274.91,257.55,0.0,7.07,281.14,260.52
CMS,CMS Energy,Utilities,Multi-Utilities,70.69,74.4,63.54,71.29,71.58,72.19,71.6,69.57,0.2,4.24,73.69,70.69
KO,Coca-Cola Company (The),Consumer Staples,Soft Drinks & Non-alcoholic Beverages,67.43,73.38,59.94,68.34,68.55,69.38,69.6,67.73,0.0,5.8,71.34,67.43
CTSH,Cognizant,Information Technology,IT Consulting & Other Services,71.19,89.65,65.92,71.61,71.82,70.96,73.51,77.19,0.2,3.01,73.33,68.59
COIN,Coinbase,Financials,Financial Exchanges & Data,302.2,419.78,147.35,302.79,305.04,310.47,343.95,272.53,0.2,8.58,328.13,292.81
CL,Colgate-Palmolive,Consumer Staples,Household Products,84.19,106.15,83.06,84.24,84.13,84.76,86.56,89.2,0.2,2.77,86.52,83.0
CMCSA,Comcast,Communication Services,Cable & Satellite,34.0,43.96,31.41,33.98,33.89,33.5,34.0,35.33,-0.2,2.59,34.88,32.13
CAG,Conagra Brands,Consumer Staples,Packaged Foods & Meats,19.46,30.97,18.26,19.13,19.07,19.2,19.22,23.11,0.0,1.18,19.69,18.71
COP,ConocoPhillips,Energy,Oil & Gas Exploration & Production,91.4,111.14,81.29,94.75,96.43,95.48,93.96,94.53,-0.3,9.16,99.77,91.19
ED,Consolidated Edison,Utilities,Multi-Utilities,96.65,111.42,85.77,97.51,98.37,100.14,100.61,99.18,0.0,7.97,104.35,95.93
STZ,Constellation Brands,Consumer Staples,Distillers & Vintners,146.1,252.91,145.88,147.63,154.17,160.98,166.14,183.45,0.0,21.74,177.86,144.1
CEG,Constellation Energy,Utilities,Electric Utilities,298.82,354.46,170.52,305.03,309.59,315.85,321.0,274.8,-0.2,12.16,335.16,296.54
COO,Cooper Companies (The),Health Care,Health Care Supplies,68.79,111.23,64.58,67.47,69.06,71.22,71.99,82.57,-0.4,13.04,77.76,64.68
CPRT,Copart,Industrials,Diversified Support Services,48.75,63.84,45.33,48.78,48.71,48.1,47.44,54.66,-0.3,2.01,49.73,46.47
GLW,Corning Inc.,Information Technology,Electronic Components,72.15,72.15,38.69,70.17,68.72,66.87,60.46,50.71,0.2,-1.03,71.41,62.34
CPAY,Corpay,Financials,Transaction & Payment Processing Services,311.59,389.55,283.07,317.07,320.91,318.96,324.51,341.48,0.0,6.26,331.1,306.84
CTVA,Corteva,Materials,Fertilizers & Agricultural Chemicals,72.95,76.93,54.55,72.84,73.44,72.8,73.12,65.36,-0.2,2.44,74.73,70.88
CSGP,CoStar Group,Real Estate,Real Estate Services,88.06,96.83,69.29,88.52,89.18,89.14,88.72,79.73,0.0,4.02,91.6,86.69
COST,Costco,Consumer Staples,Consumer Staples Merchandise Retail,971.85,1073.97,869.13,955.97,950.06,964.49,962.15,973.92,0.1,2.88,999.84,929.11
CTRA,Coterra,Energy,Oil & Gas Exploration & Production,23.85,29.06,21.86,24.21,24.17,23.91,24.09,25.42,0.0,3.69,24.73,23.08
CRWD,CrowdStrike,Information Technology,Systems Software,428.06,514.1,246.39,416.97,420.96,422.77,453.37,410.78,0.2,2.35,438.12,407.43
CCI,Crown Castle,Real Estate,Telecom Tower REITs,93.88,115.16,82.06,96.13,98.2,100.26,103.36,97.61,-0.2,12.89,105.98,94.53
CSX,CSX Corporation,Industrials,Rail Transportation,32.43,36.37,26.47,32.42,32.45,34.09,34.22,31.97,-0.2,15.54,37.47,30.71
CMI,Cummins,Industrials,Construction Machinery & Heavy Transportation Equipment,397.4,404.74,264.26,397.11,398.19,397.95,369.29,342.5,0.2,2.29,406.5,389.41
CVS,CVS Health,Health Care,Health Care Services,70.26,74.09,42.33,73.03,72.51,70.57,66.35,61.06,0.2,8.3,76.09,65.05
DHR,Danaher Corporation,Health Care,Life Sciences Tools & Services,198.63,276.83,174.36,200.22,203.12,205.76,201.63,208.61,0.1,8.06,214.64,196.89
DRI,Darden Restaurants,Consumer Discretionary,Restaurants,210.79,224.21,150.91,209.49,207.86,207.07,208.09,196.19,-0.2,0.16,211.13,203.02
DDOG,Datadog,Information Technology,Application Software,136.44,168.65,87.0,134.32,133.57,131.04,137.3,127.83,0.0,1.91,139.05,123.03
DVA,DaVita,Health Care,Health Care Services,134.51,177.35,127.69,136.17,136.82,135.95,139.29,148.06,0.2,4.74,140.89,131.03
DAY,Dayforce,Industrials,Human Resource & Employment Services,69.34,81.8,49.33,69.39,69.5,64.69,59.84,63.02,-0.1,14.36,79.3,50.09
DECK,Deckers Brands,Consumer Discretionary,Footwear,117.17,223.11,95.32,121.61,118.92,111.79,107.68,138.61,0.1,8.65,127.31,96.27
DE,Deere & Company,Industrials,Agricultural & Farm Machinery,481.51,529.8,376.26,475.19,481.48,488.24,501.28,476.18,-0.2,6.08,510.79,465.71
DELL,Dell Technologies,Information Technology,"Technology Hardware, Storage & Peripherals",123.0,142.14,70.88,123.9,127.02,131.35,129.15,112.35,0.2,17.01,143.92,118.77
DAL,Delta Air Lines,Industrials,Passenger Airlines,61.76,68.45,35.65,61.18,61.25,60.16,56.13,54.65,0.0,3.61,63.99,56.33
DVN,Devon Energy,Energy,Oil & Gas Exploration & Production,34.51,42.08,26.61,35.27,35.49,34.61,33.66,33.56,0.2,6.32,36.69,32.53
DXCM,Dexcom,Health Care,Health Care Equipment,78.0,90.75,59.83,78.5,77.14,78.83,81.71,80.04,0.2,7.26,83.66,74.0
FANG,Diamondback Energy,Energy,Oil & Gas Exploration & Production,137.28,194.36,117.58,142.18,144.51,141.8,142.01,148.76,0.0,9.42,150.21,133.39
DLR,Digital Realty,Real Estate,Data Center REITs,161.21,191.46,135.17,162.35,165.15,165.95,170.65,166.81,-0.2,6.1,171.04,160.84
DG,Dollar General,Consumer Staples,Consumer Staples Merchandise Retail,108.72,116.32,67.66,109.32,110.11,111.95,111.52,91.1,0.0,7.08,116.42,107.47
DLTR,Dollar Tree,Consumer Staples,Consumer Staples Merchandise Retail,99.4,117.16,61.21,102.83,107.25,110.41,110.16,85.41,0.0,21.21,120.48,100.33
D,Dominion Energy,Utilities,Multi-Utilities,57.95,61.39,48.51,58.2,58.76,59.71,58.47,54.76,0.2,6.78,61.88,57.55
DPZ,Domino's,Consumer Discretionary,Restaurants,466.11,495.6,398.04,465.29,459.81,453.44,459.04,456.72,-0.2,0.87,470.17,436.72
DASH,DoorDash,Consumer Discretionary,Specialized Consumer Services,250.6,270.99,123.56,247.83,247.15,248.98,246.75,203.99,-0.2,3.15,258.49,239.47
DOV,Dover Corporation,Industrials,Industrial Machinery & Supplies & Components,178.0,204.71,150.28,176.92,178.84,178.57,181.88,184.05,0.0,3.0,183.34,173.8
DOW,Dow Inc.,Materials,Commodity Chemicals,23.98,51.44,20.57,24.15,24.29,23.57,25.06,31.64,0.2,7.3,25.73,21.42
DHI,D. R. Horton,Consumer Discretionary,Homebuilding,184.04,194.88,114.44,176.99,172.82,168.28,151.56,137.56,0.2,-1.21,181.81,154.75
DTE,DTE Energy,Utilities,Multi-Utilities,134.74,141.49,114.13,135.78,136.7,138.24,136.78,129.89,0.2,5.43,142.06,134.44
DUK,Duke Energy,Utilities,Electric Utilities,120.17,124.85,102.96,121.01,122.0,122.82,120.31,114.73,0.0,4.44,125.51,120.14
DD,DuPont,Materials,Specialty Chemicals,77.74,87.69,54.51,76.81,76.91,75.05,73.84,73.01,0.2,2.47,79.66,70.44
EMN,Eastman Chemical Company,Materials,Specialty Chemicals,68.9,110.6,58.79,68.71,68.76,67.26,71.59,83.53,0.0,3.92,71.6,62.92
ETN,Eaton Corporation,Industrials,Electrical Components & Equipment,349.49,391.62,244.95,346.7,348.71,350.79,361.49,327.57,-0.2,3.37,361.27,340.3
EBAY,eBay Inc.,Consumer Discretionary,Broadline Retail,93.02,100.46,56.61,91.75,92.78,95.66,86.77,71.96,0.2,10.32,102.62,88.7
ECL,Ecolab,Materials,Specialty Chemicals,275.35,285.47,225.1,274.37,276.59,278.73,272.36,255.71,0.0,3.88,286.03,271.42
EIX,Edison International,Utilities,Electric Utilities,53.3,84.75,47.56,54.71,54.92,55.28,53.33,58.19,-0.3,6.75,56.9,53.66
EW,Edwards Lifesciences,Health Care,Health Care Equipment,80.21,81.83,64.54,81.02,81.07,80.08,78.77,74.41,0.0,3.7,83.18,76.98
EA,Electronic Arts,Communication Services,Interactive Home Entertainment,168.06,178.81,116.08,168.8,170.42,172.12,161.6,148.75,0.2,6.31,178.66,165.58
ELV,Elevance Health,Health Care,Managed Health Care,308.16,546.53,274.66,314.75,313.67,308.84,312.52,375.52,0.2,5.94,326.46,291.24
EMR,Emerson Electric,Industrials,Electrical Components & Equipment,132.73,149.04,93.37,131.85,132.5,132.35,137.2,123.23,-0.2,1.71,135.0,129.71
ENPH,Enphase Energy,Information Technology,Semiconductor Materials & Equipment,38.81,119.74,30.11,37.81,37.81,36.3,37.09,52.77,-0.2,3.97,40.35,32.25
ETR,Entergy,Utilities,Electric Utilities,86.83,91.02,59.06,87.47,88.19,88.86,86.74,81.62,0.4,4.87,91.06,86.65
EOG,EOG Resources,Energy,Oil & Gas Exploration & Production,117.65,134.72,102.81,120.77,121.86,120.24,119.68,120.37,-0.1,6.65,125.47,115.01
EPAM,EPAM Systems,Information Technology,IT Consulting & Other Services,164.45,267.63,143.33,170.15,171.76,167.0,167.56,194.57,-0.2,10.28,181.36,152.66
EQT,EQT Corporation,Energy,Oil & Gas Exploration & Production,50.76,60.26,31.49,51.62,51.82,51.7,53.41,51.29,0.2,4.31,52.95,50.45
EFX,Equifax,Industrials,Research & Consulting Services,252.97,304.58,204.69,242.95,244.67,245.79,249.52,252.13,0.0,1.3,256.26,235.31
EQIX,Equinix,Real Estate,Data Center REITs,765.51,968.75,731.64,768.18,776.82,775.9,776.39,853.13,0.0,3.45,791.92,759.88
EQR,Equity Residential,Real Estate,Multi-Family Residential REITs,66.39,75.24,61.2,65.49,65.33,64.58,65.52,68.3,-0.2,0.69,66.85,62.31
ERIE,Erie Indemnity,Financials,Insurance Brokers,336.25,537.71,328.17,334.8,344.39,354.21,352.55,383.13,-0.1,12.78,379.22,329.2
ESS,Essex Property Trust,Real Estate,Multi-Family Residential REITs,265.71,308.41,252.08,264.09,265.64,262.36,272.01,281.04,0.0,2.42,272.14,252.58
EL,Estée Lauder Companies (The),Consumer Staples,Personal Care Products,88.85,98.93,49.61,89.65,90.11,90.02,89.0,73.78,0.0,5.68,93.9,86.14
EG,Everest Group,Financials,Reinsurance,339.58,400.34,324.54,343.74,342.39,339.67,336.47,346.98,0.1,3.32,350.85,328.5
EVRG,Evergy,Utilities,Electric Utilities,70.77,72.6,56.74,71.32,71.45,71.65,70.18,65.62,0.0,2.54,72.57,70.73
ES,Eversource Energy,Utilities,Electric Utilities,62.86,66.62,53.58,63.36,63.75,64.71,65.11,60.91,-0.2,6.44,66.91,62.52
EXC,Exelon,Utilities,Electric Utilities,43.02,46.54,35.25,43.31,43.74,44.22,43.75,41.92,0.2,5.76,45.5,42.94
EXE,Expand Energy,Energy,Oil & Gas Exploration & Production,94.52,120.67,68.08,96.4,96.22,95.42,100.15,102.57,0.2,3.79,98.1,92.74
EXPE,Expedia Group,Consumer Discretionary,"Hotels, Resorts & Cruise Lines",217.2,217.2,129.01,214.67,214.08,209.88,192.84,178.54,0.0,1.96,221.46,198.31
EXPD,Expeditors International,Industrials,Air Freight & Logistics,121.72,129.72,102.14,121.1,121.16,120.52,117.65,114.6,-0.2,1.08,123.03,118.0
EXR,Extra Space Storage,Real Estate,Self-Storage REITs,147.02,177.29,125.24,144.44,143.04,140.54,144.25,147.12,0.0,0.18,147.28,133.79
XOM,ExxonMobil,Energy,Integrated Oil & Gas,109.85,121.0,98.11,111.62,112.17,109.72,109.61,107.94,-0.2,5.36,115.74,103.69
FFIV,"F5, Inc.",Information Technology,Communications Equipment,320.63,326.47,198.93,313.33,314.72,316.52,308.19,281.56,-0.2,1.48,325.38,307.66
FDS,FactSet,Financials,Financial Exchanges & Data,375.34,490.93,368.54,371.1,374.3,374.63,403.62,439.57,0.0,2.32,384.05,365.23
FICO,Fair Isaac,Information Technology,Application Software,1538.2,2382.4,1311.26,1522.95,1490.61,1419.48,1506.1,1828.79,0.0,2.86,1582.19,1256.83
FAST,Fastenal,Industrials,Trading Companies & Distributors,48.19,50.39,31.58,49.03,49.54,49.33,46.77,40.62,-0.2,5.58,50.88,47.77
FRT,Federal Realty Investment Trust,Real Estate,Retail REITs,101.75,113.73,82.59,100.92,100.32,97.61,95.41,98.8,0.1,2.28,104.07,91.15
FDX,FedEx,Industrials,Air Freight & Logistics,225.0,300.06,196.8,225.5,228.62,229.01,230.4,241.98,0.0,4.83,235.87,222.14
FIS,Fidelity National Information Services,Financials,Transaction & Payment Processing Services,68.96,89.62,67.79,68.58,69.33,70.01,75.52,76.88,0.0,5.06,72.45,67.58
FITB,Fifth Third Bancorp,Financials,Regional Banks,45.49,47.14,33.02,45.7,45.48,44.16,43.16,40.99,0.2,3.58,47.12,41.21
FSLR,First Solar,Information Technology,Semiconductors,203.21,255.75,120.38,201.5,198.71,197.49,184.08,165.73,0.0,6.62,216.66,178.31
FE,FirstEnergy,Utilities,Electric Utilities,43.31,43.95,37.17,43.43,43.53,43.52,41.95,40.28,0.2,1.5,43.96,43.08
FI,Fiserv,Financials,Transaction & Payment Processing Services,135.21,237.79,132.22,136.0,136.89,136.74,148.1,188.76,0.0,4.4,141.16,132.33
F,Ford Motor Company,Consumer Discretionary,Automobile Manufacturers,11.69,11.91,8.45,11.69,11.75,11.59,11.34,10.11,0.0,2.65,12.0,11.18
FTNT,Fortinet,Information Technology,Systems Software,80.36,114.57,74.39,77.83,78.06,78.28,92.07,98.04,-0.2,1.05,81.2,75.36
FTV,Fortive,Industrials,Industrial Machinery & Supplies & Components,47.98,62.53,46.55,47.56,47.93,47.97,49.68,54.43,0.2,2.38,49.12,46.82
FOXA,Fox Corporation (Class A),Communication Services,Broadcasting,62.48,62.48,38.55,61.13,60.18,59.01,56.87,52.72,0.0,0.19,62.6,55.43
FOX,Fox Corporation (Class B),Communication Services,Broadcasting,56.81,56.81,35.67,55.66,54.88,53.85,52.05,48.95,0.0,0.46,57.07,50.64
BEN,Franklin Resources,Financials,Asset Management & Custody Banks,24.88,26.03,16.43,25.31,25.4,25.32,24.89,21.22,0.0,4.9,26.1,24.53
FCX,Freeport-McMoRan,Materials,Copper,46.66,51.16,28.93,46.04,45.09,43.57,43.62,39.77,-0.2,0.86,47.06,40.08
GRMN,Garmin,Consumer Discretionary,Consumer Electronics,239.51,241.82,159.72,237.15,236.95,234.86,227.46,211.91,0.0,0.97,241.83,227.89
IT,Gartner,Information Technology,IT Consulting & Other Services,246.26,551.8,225.98,245.48,245.73,242.88,308.27,426.64,-0.2,3.78,255.57,230.18
GE,GE Aerospace,Industrials,Aerospace & Defense,276.05,282.27,159.16,277.77,275.4,272.56,266.4,216.69,0.0,2.28,282.34,262.79
GEHC,GE HealthCare,Health Care,Health Care Equipment,78.16,93.69,58.69,74.4,74.24,74.08,74.32,77.32,0.0,-1.82,76.74,71.41
GEV,GE Vernova,Industrials,Heavy Electrical Equipment,600.23,664.55,197.94,587.57,603.51,613.53,597.52,428.03,0.0,9.28,655.93,571.11
GEN,Gen Digital,Information Technology,Systems Software,29.91,32.03,23.31,29.62,30.11,30.77,30.12,28.16,0.2,8.22,32.37,29.16
GNRC,Generac,Industrials,Electrical Components & Equipment,183.97,202.85,101.92,179.62,183.99,190.4,173.13,148.65,0.2,12.08,206.19,174.61
GD,General Dynamics,Industrials,Aerospace & Defense,322.72,325.46,239.38,323.04,323.22,319.59,310.47,276.77,0.0,1.52,327.63,311.56
GIS,General Mills,Consumer Staples,Packaged Foods & Meats,50.12,72.16,48.44,49.88,49.5,49.57,50.12,55.94,0.0,0.66,50.45,48.69
GM,General Motors,Consumer Discretionary,Automobile Manufacturers,58.2,59.57,42.24,58.09,58.26,57.13,54.25,50.36,0.0,3.11,60.01,54.24
GPC,Genuine Parts Company,Consumer Discretionary,Distributors,139.85,140.22,103.92,137.98,138.13,137.09,131.17,121.5,0.0,0.87,141.07,133.12
GILD,Gilead Sciences,Health Care,Biotechnology,115.88,120.47,76.26,113.88,113.77,116.07,113.64,104.18,0.0,4.83,121.48,110.66
GPN,Global Payments,Financials,Transaction & Payment Processing Services,87.42,118.42,67.25,87.25,87.82,86.82,83.56,92.94,0.1,3.97,90.89,82.74
GL,Globe Life,Financials,Life & Health Insurance,140.37,143.27,100.46,140.43,140.21,139.33,132.62,122.14,0.0,1.48,142.45,136.22
GDDY,GoDaddy,Information Technology,Internet Services & Infrastructure,148.06,214.35,133.35,145.22,146.23,144.98,158.07,180.86,-0.2,1.76,150.67,139.29
GS,Goldman Sachs,Financials,Investment Banking & Brokerage,741.85,748.9,457.48,738.07,740.83,734.27,719.56,615.72,-0.2,2.02,756.84,711.72
HAL,Halliburton,Energy,Oil & Gas Equipment & Services,21.77,31.1,18.96,22.09,22.15,21.61,21.57,23.6,0.1,5.33,22.93,20.28
HIG,Hartford (The),Financials,Property & Casualty Insurance,130.64,134.7,105.0,132.41,132.25,131.52,126.62,119.75,0.2,3.25,134.89,128.16
HAS,Hasbro,Consumer Discretionary,Leisure Products,79.36,81.85,49.75,79.65,80.53,80.04,77.41,64.55,0.2,4.07,82.59,77.48
HCA,HCA Healthcare,Health Care,Health Care Facilities,418.1,420.77,295.46,412.84,408.52,402.7,380.65,346.2,0.0,0.7,421.03,384.38
DOC,Healthpeak Properties,Real Estate,Health Care REITs,18.3,21.82,16.53,18.07,17.92,17.53,17.63,18.5,0.0,0.98,18.48,16.57
HSIC,Henry Schein,Health Care,Health Care Distributors,67.74,81.91,62.7,68.09,68.56,68.3,69.86,71.27,0.2,3.44,70.07,66.52
HSY,Hershey Company (The),Consumer Staples,Packaged Foods & Meats,187.53,196.72,141.22,185.76,183.83,181.23,178.1,167.16,0.2,0.36,188.21,174.26
HPE,Hewlett Packard Enterprise,Information Technology,"Technology Hardware, Storage & Peripherals",23.5,24.05,12.42,23.14,22.92,22.17,21.21,19.35,0.2,1.66,23.89,20.45
HLT,Hilton Worldwide,Consumer Discretionary,"Hotels, Resorts & Cruise Lines",277.8,278.5,201.05,275.83,275.67,272.67,270.82,251.06,0.0,1.21,281.16,264.17
HOLX,Hologic,Health Care,Health Care Equipment,66.54,83.72,52.73,66.51,66.68,67.34,66.34,65.72,0.2,3.58,68.92,65.76
HD,Home Depot (The),Consumer Discretionary,Home Improvement Retail,419.94,423.6,331.29,412.0,408.74,403.47,383.35,378.77,0.2,-0.01,419.9,387.03
HON,Honeywell,Industrials,Industrial Conglomerates,214.75,239.16,180.99,215.15,218.1,217.75,224.76,217.27,-0.2,3.88,223.08,212.42
HRL,Hormel Foods,Consumer Staples,Packaged Foods & Meats,25.5,32.6,25.03,25.36,26.41,27.53,28.66,29.48,-0.2,20.71,30.78,24.29
HST,Host Hotels & Resorts,Real Estate,Hotel & Resort REITs,17.39,18.25,12.54,17.33,17.24,16.62,16.27,15.81,0.2,3.57,18.01,15.23
HWM,Howmet Aerospace,Industrials,Aerospace & Defense,179.43,192.01,91.19,176.97,175.79,175.2,180.18,146.03,-0.2,1.07,181.35,169.04
HPQ,HP Inc.,Information Technology,"Technology Hardware, Storage & Peripherals",29.35,38.15,21.63,29.05,28.38,27.57,26.19,28.59,-0.1,1.23,29.71,25.42
HUBB,Hubbell Incorporated,Industrials,Industrial Machinery & Supplies & Components,436.62,466.13,313.96,433.75,436.65,433.8,426.89,398.48,-0.2,2.51,447.58,420.03
HUM,Humana,Health Care,Managed Health Care,310.38,360.34,220.41,310.47,304.72,294.9,261.55,261.19,-0.2,3.04,319.82,269.99
HBAN,Huntington Bancshares,Financials,Regional Banks,17.73,17.88,12.37,17.71,17.67,17.17,16.94,15.96,0.2,3.16,18.29,16.05
HII,Huntington Ingalls Industries,Industrials,Aerospace & Defense,269.94,277.49,156.78,270.02,270.96,268.54,261.41,215.99,0.0,1.64,274.37,262.72
IBM,IBM,Information Technology,IT Consulting & Other Services,256.09,292.8,195.22,247.48,245.35,242.31,260.27,246.66,0.4,-1.74,251.63,233.0
IEX,IDEX Corporation,Industrials,Industrial Machinery & Supplies & Components,164.17,233.54,157.53,163.49,164.52,164.63,171.49,188.1,0.2,3.37,169.7,159.55
IDXX,Idexx Laboratories,Health Care,Health Care Equipment,652.83,682.78,361.04,641.93,642.77,644.69,593.05,485.01,0.0,1.08,659.88,629.51
ITW,Illinois Tool Works,Industrials,Industrial Machinery & Supplies & Components,266.68,273.51,217.09,264.42,265.23,263.69,259.59,252.6,0.0,1.35,270.28,257.09
INCY,Incyte,Health Care,Biotechnology,86.56,86.96,55.17,86.32,85.35,85.07,76.87,69.82,0.0,2.54,88.76,81.38
IR,Ingersoll Rand,Industrials,Industrial Machinery & Supplies & Components,80.38,105.27,66.72,79.17,79.7,79.35,82.43,85.21,0.0,1.97,81.96,76.73
PODD,Insulet Corporation,Health Care,Health Care Equipment,349.56,349.56,214.75,346.58,340.56,330.4,307.99,284.34,0.0,2.01,356.59,304.23
INTC,Intel,Information Technology,Semiconductors,24.48,27.39,18.13,24.36,24.48,23.94,22.72,21.7,0.2,6.99,26.19,21.68
IBKR,Interactive Brokers,Financials,Investment Banking & Brokerage,61.11,67.54,30.12,62.68,62.6,63.15,62.02,51.21,0.2,8.53,66.32,59.99
ICE,Intercontinental Exchange,Financials,Financial Exchanges & Data,173.89,188.45,142.02,174.58,176.18,178.66,181.41,168.69,-0.2,6.42,185.05,172.26
IFF,International Flavors & Fragrances,Materials,Specialty Chemicals,66.17,104.49,63.46,66.0,66.52,66.13,70.65,77.73,0.2,2.93,68.11,64.15
IP,International Paper,Materials,Paper & Plastic Packaging Products & Materials,47.41,58.45,43.05,48.35,48.69,48.08,49.26,50.53,0.2,5.23,49.89,46.28
IPG,Interpublic Group of Companies (The),Communication Services,Advertising,27.01,30.52,22.33,26.75,26.64,26.23,25.3,25.62,0.1,1.81,27.5,24.96
INTU,Intuit,Information Technology,Application Software,671.68,807.39,542.39,668.69,665.83,684.74,737.28,662.41,-0.2,8.5,728.77,640.68
ISRG,Intuitive Surgical,Health Care,Health Care Equipment,470.0,610.45,441.18,460.33,466.26,471.97,493.74,526.83,-0.2,4.44,490.87,453.05
IVZ,Invesco,Financials,Asset Management & Custody Banks,22.0,22.06,11.86,21.86,21.88,21.43,19.89,16.75,0.0,2.27,22.5,20.36
INVH,Invitation Homes,Real Estate,Single-Family Residential REITs,30.1,36.03,29.76,30.25,30.61,30.51,31.28,32.2,0.2,4.02,31.31,29.71
IQV,IQVIA,Health Care,Life Sciences Tools & Services,187.68,248.14,137.0,185.56,187.19,188.11,179.64,178.05,0.2,3.68,194.59,181.62
IRM,Iron Mountain,Real Estate,Other Specialized REITs,92.43,125.19,76.34,90.99,91.44,91.55,95.37,96.99,0.0,1.56,93.87,89.22
JBHT,J.B. Hunt,Industrials,Cargo Ground Transportation,142.99,195.43,123.94,144.33,144.35,144.18,146.27,153.54,0.0,4.06,148.8,139.56
JBL,Jabil,Information Technology,Electronic Manufacturing Services,209.17,230.3,100.84,206.5,207.23,210.88,217.5,168.99,-0.2,7.48,224.82,196.94
JKHY,Jack Henry & Associates,Financials,Transaction & Payment Processing Services,162.53,189.99,157.95,161.45,161.69,161.33,169.52,173.23,-0.2,1.32,164.68,157.99
J,Jacobs Solutions,Industrials,Construction & Engineering,144.76,151.85,109.18,144.5,145.93,146.97,141.7,130.73,0.2,4.17,150.8,143.15
JNJ,Johnson & Johnson,Health Care,Pharmaceuticals,178.13,178.76,138.72,178.28,177.44,176.25,167.55,155.29,0.0,1.27,180.39,172.1
JCI,Johnson Controls,Industrials,Building Products,107.17,111.73,66.66,106.36,107.15,106.32,106.51,90.7,-0.4,1.8,109.1,103.53
JPM,JPMorgan Chase,Financials,Diversified Banks,292.91,303.82,199.83,298.06,298.56,295.26,292.76,260.5,0.0,3.7,303.75,286.77
K,Kellanova,Consumer Staples,Packaged Foods & Meats,79.36,81.71,77.28,79.34,79.23,79.37,79.27,80.07,0.1,0.67,79.89,78.86
KVUE,Kenvue,Consumer Staples,Personal Care Products,18.43,24.0,18.43,19.76,20.28,20.84,21.18,21.86,-0.2,22.46,22.57,19.11
KDP,Keurig Dr Pepper,Consumer Staples,Soft Drinks & Non-alcoholic Beverages,27.63,36.99,27.63,28.71,29.17,32.03,32.91,32.71,0.0,37.13,37.89,26.17
KEY,KeyCorp,Financials,Regional Banks,19.15,19.18,12.92,19.04,19.06,18.51,18.17,16.66,0.2,3.08,19.74,17.28
KEYS,Keysight Technologies,Information Technology,Electronic Equipment & Instruments,169.29,185.11,127.02,166.65,165.79,164.92,164.31,161.17,0.0,0.68,170.44,159.41
KMB,Kimberly-Clark,Consumer Staples,Household Products,129.78,144.6,121.02,128.38,128.42,130.21,129.26,131.31,-0.1,3.44,134.24,126.17
KIM,Kimco Realty,Real Estate,Retail REITs,22.52,24.65,18.27,22.41,22.24,21.7,21.39,21.33,0.2,1.95,22.96,20.45
KMI,Kinder Morgan,Energy,Oil & Gas Storage & Transportation,26.48,30.24,19.94,26.65,26.72,26.69,27.23,26.99,0.2,2.27,27.08,26.3
KKR,KKR & Co.,Financials,Asset Management & Custody Banks,138.69,166.38,92.52,137.03,138.4,140.32,141.67,134.43,-0.2,6.0,147.01,133.64
KLAC,KLA Corporation,Information Technology,Semiconductor Materials & Equipment,908.98,953.34,573.9,875.52,880.01,889.81,902.25,759.58,0.0,4.16,946.79,832.82
KHC,Kraft Heinz,Consumer Staples,Packaged Foods & Meats,26.9,34.2,25.24,26.82,27.14,27.17,27.07,28.01,0.1,3.87,27.94,26.41
KR,Kroger,Consumer Staples,Food Retail,68.0,73.97,50.47,68.09,68.28,69.59,70.47,65.88,-0.2,7.65,73.2,65.98
LHX,L3Harris,Industrials,Aerospace & Defense,273.89,277.04,191.79,272.78,274.31,272.78,267.5,231.05,0.2,1.48,277.94,267.61
LH,Labcorp,Health Care,Health Care Services,277.21,278.67,209.65,275.75,276.37,274.35,263.75,245.57,0.0,1.49,281.34,267.35
LRCX,Lam Research,Information Technology,Semiconductor Materials & Equipment,105.07,107.38,58.94,100.64,101.6,101.69,99.94,83.14,0.0,2.38,107.57,95.81
LW,Lamb Weston,Consumer Staples,Packaged Foods & Meats,57.57,80.72,47.73,56.89,56.73,55.59,54.02,57.05,0.1,1.96,58.7,52.48
LVS,Las Vegas Sands,Consumer Discretionary,Casinos & Gaming,53.75,57.71,30.35,54.99,55.94,54.85,51.8,45.27,-0.2,7.7,57.89,51.81
LDOS,Leidos,Industrials,Diversified Support Services,178.41,199.72,126.1,178.92,180.42,179.83,169.93,151.5,0.2,2.82,183.44,176.21
LEN,Lennar,Consumer Discretionary,Homebuilding,142.4,183.45,101.84,137.82,135.68,132.8,121.51,122.39,-0.1,0.07,142.5,123.09
LII,Lennox International,Industrials,Building Products,580.46,674.16,506.5,561.7,563.1,578.58,597.66,593.64,0.0,6.41,617.67,539.49
LLY,Lilly (Eli),Health Care,Pharmaceuticals,738.64,927.92,624.28,736.36,731.19,707.76,742.95,783.09,-0.2,4.5,771.88,643.6
LIN,Linde plc,Materials,Industrial Gases,474.63,481.18,408.92,471.89,475.47,475.98,470.7,452.99,0.0,1.93,483.79,468.17
LYV,Live Nation Entertainment,Communication Services,Movies & Entertainment,169.4,169.4,92.78,164.65,165.44,163.19,154.87,141.16,0.0,0.31,169.93,156.45
LKQ,LKQ Corporation,Consumer Discretionary,Distributors,32.61,43.02,28.96,32.25,32.14,31.46,33.36,37.38,0.0,2.12,33.3,29.62
LMT,Lockheed Martin,Industrials,Aerospace & Defense,459.11,597.79,407.77,456.28,453.44,444.95,443.36,459.61,0.1,1.39,465.49,424.43
L,Loews Corporation,Financials,Multi-line Insurance,96.02,97.53,76.27,96.66,96.45,95.9,93.29,87.9,0.2,1.84,97.79,94.01
LOW,Lowe's,Consumer Discretionary,Home Improvement Retail,273.02,278.66,209.46,265.4,261.84,257.42,238.62,237.9,0.2,-0.35,272.06,242.78
LULU,Lululemon Athletica,Consumer Discretionary,"Apparel, Accessories & Luxury Goods",168.1,421.16,167.8,188.15,195.86,196.86,211.7,299.99,-0.2,29.9,218.36,175.35
LYB,LyondellBasell,Materials,Specialty Chemicals,54.63,89.15,47.21,54.81,55.62,53.91,56.79,63.12,0.2,8.26,59.14,48.69
MTB,M&T Bank,Financials,Regional Banks,199.22,215.8,154.27,199.74,199.38,195.03,193.99,186.35,0.2,2.93,205.06,185.01
MPC,Marathon Petroleum,Energy,Oil & Gas Refining & Marketing,181.19,181.25,117.23,179.92,178.22,170.44,171.06,152.69,-0.2,3.39,187.33,153.54
MKTX,MarketAxess,Financials,Financial Exchanges & Data,187.17,289.47,180.13,183.32,185.04,186.37,200.65,214.37,-0.2,2.79,192.39,180.34
MAR,Marriott International,Consumer Discretionary,"Hotels, Resorts & Cruise Lines",268.07,302.22,210.04,266.23,267.54,266.35,269.53,265.62,-0.2,1.91,273.19,259.51
MMC,Marsh McLennan,Financials,Insurance Brokers,203.46,243.22,197.78,204.8,205.61,206.94,207.93,219.64,0.0,4.12,211.84,202.03
MLM,Martin Marietta Materials,Materials,Construction Materials,627.09,627.09,451.25,619.26,615.9,611.41,586.88,540.65,0.2,-0.03,626.9,595.94
MAS,Masco,Industrials,Building Products,75.8,84.25,58.18,74.11,74.08,73.55,69.37,69.76,-0.1,1.31,76.79,70.32
MA,Mastercard,Financials,Transaction & Payment Processing Services,586.6,598.96,473.4,590.32,591.29,587.86,571.96,550.12,0.0,2.58,601.73,574.0
MTCH,Match Group,Communication Services,Interactive Media & Services,38.77,38.77,26.87,37.78,37.52,37.49,34.99,32.09,0.0,0.64,39.02,35.96
MKC,McCormick & Company,Consumer Staples,Packaged Foods & Meats,70.15,83.73,68.41,69.97,70.16,70.08,71.31,74.92,0.2,2.32,71.78,68.38
MCD,McDonald's,Consumer Discretionary,Restaurants,312.8,317.67,275.0,315.26,313.11,310.13,302.29,299.04,0.2,1.98,318.99,301.28
MCK,McKesson Corporation,Health Care,Health Care Distributors,696.98,734.45,476.95,691.66,686.48,682.25,698.84,659.83,0.0,1.36,706.46,658.04
MDT,Medtronic,Health Care,Health Care Equipment,92.99,93.33,78.03,92.86,92.54,92.39,90.92,86.58,-0.2,1.04,93.96,90.83
MRK,Merck & Co.,Health Care,Pharmaceuticals,84.09,115.53,72.74,84.5,84.42,84.07,82.56,86.51,-0.1,3.95,87.41,80.74
META,Meta Platforms,Communication Services,Interactive Media & Services,752.3,790.0,484.29,745.11,747.01,756.7,739.04,651.23,-0.2,4.85,788.79,724.6
MET,MetLife,Financials,Life & Health Insurance,79.6,86.38,67.4,80.4,80.71,79.39,77.96,79.17,-0.1,4.26,82.99,75.79
MTD,Mettler Toledo,Health Care,Life Sciences Tools & Services,1314.65,1499.7,970.15,1290.55,1289.67,1297.32,1250.57,1215.87,-0.2,1.6,1335.68,1258.89
MGM,MGM Resorts,Consumer Discretionary,Casinos & Gaming,36.2,41.99,25.79,37.39,38.26,37.23,37.05,34.27,0.0,11.05,40.2,34.26
MCHP,Microchip Technology,Information Technology,Semiconductors,65.3,78.29,34.83,64.51,65.56,65.34,68.43,58.74,0.2,5.67,69.0,61.67
MU,Micron Technology,Information Technology,Semiconductors,131.46,131.46,64.66,124.85,121.59,121.71,118.14,100.59,0.2,-0.38,130.96,112.45
MSFT,Microsoft,Information Technology,Systems Software,498.2,534.76,353.33,502.33,504.1,509.63,509.09,442.99,0.0,5.66,526.4,492.84
MAA,Mid-America Apartment Communities,Real Estate,Multi-Family Residential REITs,144.65,167.59,138.38,143.95,143.88,142.26,145.47,152.19,0.0,1.29,146.52,138.01
MRNA,Moderna,Health Care,Biotechnology,24.83,79.51,23.65,24.5,24.62,25.76,28.79,31.92,0.0,14.5,28.43,23.09
MHK,Mohawk Industries,Consumer Discretionary,Home Furnishings,139.47,161.25,97.99,135.06,133.59,130.37,120.5,116.61,0.0,0.29,139.87,120.88
MOH,Molina Healthcare,Health Care,Managed Health Care,175.55,360.77,152.31,176.26,176.29,171.31,188.81,276.69,-0.2,6.19,186.42,156.21
TAP,Molson Coors Beverage Company,Consumer Staples,Brewers,49.88,61.78,46.8,49.77,50.02,50.48,49.73,54.4,0.1,4.11,51.93,49.03
MDLZ,Mondelez International,Consumer Staples,Packaged Foods & Meats,61.94,73.6,55.34,61.53,61.62,61.94,65.14,63.55,-0.2,2.08,63.23,60.66
MPWR,Monolithic Power Systems,Information Technology,Semiconductors,864.32,936.74,454.23,845.9,847.85,841.99,784.43,662.61,0.0,1.45,876.85,807.11
MNST,Monster Beverage,Consumer Staples,Soft Drinks & Non-alcoholic Beverages,63.02,64.69,46.16,63.02,62.57,63.3,61.63,57.33,-0.2,3.3,65.1,61.5
MCO,Moody's Corporation,Financials,Financial Exchanges & Data,507.63,524.53,395.22,500.27,505.2,509.83,506.74,481.06,0.0,3.07,523.21,496.45
MS,Morgan Stanley,Financials,Investment Banking & Brokerage,148.79,150.53,93.79,148.96,149.14,147.43,143.65,129.15,-0.2,2.1,151.91,142.93
MOS,Mosaic Company (The),Materials,Fertilizers & Agricultural Chemicals,32.58,37.81,22.62,32.72,33.09,32.67,34.61,29.78,0.2,3.93,33.86,31.49
MSI,Motorola Solutions,Information Technology,Communications Equipment,478.37,500.78,393.68,477.83,471.24,467.24,442.79,440.8,0.2,0.78,482.1,452.38
MSCI,MSCI Inc.,Financials,Financial Exchanges & Data,574.58,630.0,503.37,558.49,564.4,563.34,563.24,569.07,-0.3,1.15,581.19,545.52
NDAQ,"Nasdaq, Inc.",Financials,Financial Exchanges & Data,94.99,96.94,66.19,94.03,94.42,94.71,93.06,82.45,-0.2,1.47,96.39,93.03
NTAP,NetApp,Information Technology,"Technology Hardware, Storage & Peripherals",121.17,129.06,75.73,118.12,115.32,111.97,107.98,106.08,0.2,-0.48,120.59,103.34
NFLX,Netflix,Communication Services,Movies & Entertainment,1244.76,1339.13,665.77,1237.27,1229.37,1224.76,1226.68,1064.57,-0.2,0.78,1254.47,1195.1
NEM,Newmont,Materials,Gold,75.75,76.17,36.49,75.52,73.97,71.39,65.36,51.22,0.0,1.97,77.24,65.54
NWSA,News Corp (Class A),Communication Services,Publishing,29.94,30.5,23.97,29.29,29.49,29.51,29.48,28.26,-0.2,1.74,30.46,28.56
NWS,News Corp (Class B),Communication Services,Publishing,33.97,35.17,26.94,33.33,33.77,33.95,33.94,32.17,-0.2,3.53,35.17,32.73
NEE,NextEra Energy,Utilities,Multi-Utilities,69.77,82.85,63.11,71.16,72.23,73.08,72.68,70.37,0.2,10.19,76.88,69.29
NKE,"Nike, Inc.",Consumer Discretionary,"Apparel, Accessories & Luxury Goods",74.15,87.5,52.64,74.49,76.16,76.11,74.95,69.57,-0.2,6.7,79.12,73.11
NI,NiSource,Utilities,Multi-Utilities,40.23,43.33,32.26,40.86,41.62,41.98,41.29,38.77,-0.2,8.5,43.65,40.32
NDSN,Nordson Corporation,Industrials,Industrial Machinery & Supplies & Components,226.13,261.43,166.9,224.37,224.94,221.01,218.7,212.47,0.2,2.32,231.38,210.65
NSC,Norfolk Southern,Industrials,Rail Transportation,275.59,285.53,204.09,277.91,277.37,279.76,273.96,248.12,-0.2,3.96,286.5,273.0
NTRS,Northern Trust,Financials,Asset Management & Custody Banks,127.43,131.24,83.34,128.25,129.35,127.92,127.13,108.71,0.0,3.4,131.76,124.08
NOC,Northrop Grumman,Industrials,Aerospace & Defense,581.9,594.87,427.78,582.56,584.56,584.33,557.49,498.31,0.2,2.0,593.54,575.15
NCLH,Norwegian Cruise Line Holdings,Consumer Discretionary,"Hotels, Resorts & Cruise Lines",24.53,29.07,15.5,25.17,25.03,24.65,23.75,22.5,0.0,5.26,25.82,23.48
NRG,NRG Energy,Utilities,Independent Power Producers & Energy Traders,147.76,173.91,75.33,147.08,146.87,148.64,153.24,121.59,0.0,5.04,155.21,142.08
NUE,Nucor,Materials,Steel,144.02,165.5,102.79,145.57,147.42,145.71,142.13,128.78,0.2,5.28,151.62,139.79
NVDA,Nvidia,Information Technology,Semiconductors,168.31,183.16,94.3,169.68,174.59,177.06,172.58,139.34,0.0,11.19,187.14,166.97
NVR,"NVR, Inc.",Consumer Discretionary,Homebuilding,8543.0,9924.4,6700.0,8362.57,8223.41,8165.86,7861.99,7705.65,0.4,-0.26,8520.79,7811.32
NXPI,NXP Semiconductors,Information Technology,Semiconductors,225.5,252.0,152.79,227.7,232.46,229.47,224.9,210.33,0.0,8.38,244.4,214.55
ORLY,O’Reilly Automotive,Consumer Discretionary,Automotive Retail,106.4,106.4,73.94,104.66,104.07,103.27,98.5,90.41,0.0,-0.58,105.78,100.77
OXY,Occidental Petroleum,Energy,Oil & Gas Exploration & Production,45.38,55.07,35.91,46.45,46.67,45.58,44.61,45.38,-0.1,6.13,48.16,42.99
ODFL,Old Dominion,Industrials,Cargo Ground Transportation,151.11,230.37,141.59,149.67,151.14,151.04,156.48,171.37,0.2,4.21,157.47,144.62
OMC,Omnicom Group,Communication Services,Advertising,78.94,101.86,68.6,78.27,77.95,76.81,74.3,78.64,0.1,1.95,80.48,73.13
ON,ON Semiconductor,Information Technology,Semiconductors,48.88,74.7,31.95,48.56,49.63,49.92,53.55,51.55,0.2,7.71,52.65,47.2
OKE,Oneok,Energy,Oil & Gas Storage & Transportation,71.36,112.93,71.36,73.37,74.31,74.2,77.47,88.34,-0.4,7.03,76.38,72.01
ORCL,Oracle Corporation,Information Technology,Application Software,238.48,256.43,122.56,228.61,231.49,237.36,238.97,182.78,0.0,7.07,255.34,219.37
OTIS,Otis Worldwide,Industrials,Industrial Machinery & Supplies & Components,87.37,104.22,84.52,86.46,86.71,87.27,91.19,95.05,0.0,2.19,89.28,85.25
PCAR,Paccar,Industrials,Construction Machinery & Heavy Transportation Equipment,98.25,113.98,85.82,98.12,99.35,99.11,97.97,99.68,-0.1,3.75,101.93,96.3
PKG,Packaging Corporation of America,Materials,Paper & Plastic Packaging Products & Materials,215.93,244.28,174.83,216.46,215.14,207.57,203.03,205.48,0.1,4.45,225.54,189.6
PLTR,Palantir Technologies,Information Technology,Application Software,156.1,186.97,30.16,155.47,156.69,164.09,156.92,111.35,0.0,19.78,186.98,141.21
PANW,Palo Alto Networks,Information Technology,Systems Software,197.38,208.28,152.44,193.25,190.42,184.33,188.46,187.24,0.0,1.12,199.59,169.07
PSKY,Paramount Skydance Corporation,Communication Services,Movies & Entertainment,15.19,16.03,9.8,14.89,15.04,14.38,13.37,11.76,0.0,14.29,17.36,11.4
PH,Parker Hannifin,Industrials,Industrial Machinery & Supplies & Components,760.18,766.28,514.56,754.83,757.13,749.12,729.09,666.34,-0.2,1.57,772.11,726.12
PAYX,Paychex,Industrials,Human Resource & Employment Services,135.43,158.58,125.82,135.96,137.32,137.79,141.16,144.25,-0.2,3.98,140.82,134.76
PAYC,Paycom,Industrials,Human Resource & Employment Services,224.3,265.28,153.91,222.85,225.18,223.92,227.47,224.37,0.2,4.0,233.27,214.58
PYPL,PayPal,Financials,Transaction & Payment Processing Services,68.4,91.81,57.41,68.8,69.36,69.1,71.57,74.88,0.2,3.77,70.98,67.22
PNR,Pentair,Industrials,Industrial Machinery & Supplies & Components,110.68,110.68,75.76,108.9,108.77,107.4,105.46,98.35,0.2,0.89,111.67,103.15
PEP,PepsiCo,Consumer Staples,Soft Drinks & Non-alcoholic Beverages,141.71,171.56,125.83,145.92,146.09,146.88,141.44,141.41,0.0,6.47,150.88,142.89
PFE,Pfizer,Health Care,Pharmaceuticals,24.55,28.21,20.83,24.75,24.82,25.01,24.66,24.2,0.0,4.85,25.74,24.29
PCG,PG&E Corporation,Utilities,Multi-Utilities,14.56,21.53,13.0,15.11,15.09,15.15,14.42,16.51,-0.3,7.35,15.63,14.66
PM,Philip Morris International,Consumer Staples,Tobacco,162.72,183.57,115.19,163.21,164.72,166.9,170.17,154.08,-0.2,6.83,173.83,159.96
PSX,Phillips 66,Energy,Oil & Gas Refining & Marketing,130.21,133.86,91.09,131.54,131.62,126.97,125.16,118.49,0.2,5.62,137.53,116.4
PNW,Pinnacle West Capital,Utilities,Multi-Utilities,87.84,93.78,79.36,88.73,89.27,90.56,90.48,88.89,0.2,6.47,93.52,87.59
PNC,PNC Financial Services,Financials,Diversified Banks,203.77,209.23,146.94,205.19,204.92,199.19,195.32,184.01,0.2,3.96,211.84,186.55
POOL,Pool Corporation,Consumer Discretionary,Distributors,333.62,385.63,283.92,318.46,317.57,317.92,310.39,322.51,0.1,0.45,335.12,300.7
PPG,PPG Industries,Materials,Specialty Chemicals,111.53,131.36,90.49,109.99,110.92,111.13,111.9,112.19,-0.2,2.7,114.54,107.72
PPL,PPL Corporation,Utilities,Electric Utilities,35.65,37.24,30.73,36.15,36.34,36.56,35.78,34.26,-0.2,4.66,37.31,35.81
PFG,Principal Financial Group,Financials,Life & Health Insurance,79.71,87.94,68.21,79.91,79.8,78.63,78.6,78.43,0.0,2.28,81.53,75.74
PG,Procter & Gamble,Consumer Staples,Personal Care Products,159.01,176.3,150.47,158.88,157.61,157.04,156.16,162.54,-0.1,1.07,160.71,153.37
PGR,Progressive Corporation,Financials,Property & Casualty Insurance,245.94,291.0,234.89,246.28,245.94,247.16,248.11,259.71,0.2,2.54,252.19,242.13
PLD,Prologis,Real Estate,Industrial REITs,113.56,127.92,88.91,112.41,112.41,109.94,108.5,108.74,0.1,2.41,116.3,103.57
PRU,Prudential Financial,Financials,Life & Health Insurance,105.84,124.75,92.74,107.05,108.16,106.95,104.78,107.51,-0.1,5.05,111.18,102.71
PEG,Public Service Enterprise Group,Utilities,Electric Utilities,80.19,92.39,76.52,81.24,82.0,83.75,84.52,82.84,-0.2,9.83,88.07,79.43
PTC,PTC Inc.,Information Technology,Application Software,212.73,216.53,136.74,212.95,213.68,211.14,202.38,179.58,-0.2,2.62,218.3,203.98
PSA,Public Storage,Real Estate,Self-Storage REITs,294.72,354.44,263.65,292.94,292.09,288.17,287.63,295.37,0.1,1.36,298.73,277.6
PHM,PulteGroup,Consumer Discretionary,Homebuilding,141.42,148.13,91.82,137.0,134.29,130.82,120.55,110.82,0.2,-0.41,140.84,120.8
PWR,Quanta Services,Industrials,Construction & Engineering,375.53,421.68,236.56,374.64,378.09,379.57,387.25,329.0,-0.2,3.45,388.49,370.66
QCOM,Qualcomm,Information Technology,Semiconductors,160.24,174.12,123.21,158.81,158.64,156.73,155.56,153.91,0.0,1.65,162.88,150.58
DGX,Quest Diagnostics,Health Care,Health Care Services,182.53,184.4,144.81,180.87,180.4,180.42,175.19,167.68,0.0,0.93,184.23,176.61
RL,Ralph Lauren Corporation,Consumer Discretionary,"Apparel, Accessories & Luxury Goods",308.99,320.75,170.17,313.23,303.59,296.99,292.64,254.15,0.2,3.0,318.26,275.71
RJF,Raymond James Financial,Financials,Investment Banking & Brokerage,165.77,171.46,113.62,167.45,167.72,166.03,163.24,153.74,0.0,3.03,170.79,161.26
RTX,RTX Corporation,Industrials,Aerospace & Defense,154.22,160.66,112.45,157.31,158.15,156.61,153.08,132.84,0.0,4.27,160.81,152.42
O,Realty Income,Real Estate,Retail REITs,59.1,61.45,49.6,58.47,58.28,58.23,57.33,54.99,0.0,0.85,59.6,56.87
REG,Regency Centers,Real Estate,Retail REITs,73.08,76.25,64.84,72.98,72.61,72.05,71.31,71.45,-0.1,0.77,73.64,70.46
REGN,Regeneron Pharmaceuticals,Health Care,Biotechnology,558.44,1159.49,482.34,568.15,574.8,573.93,561.12,623.92,-0.1,7.45,600.04,547.8
RF,Regions Financial Corporation,Financials,Regional Banks,27.04,27.36,17.95,27.05,26.98,26.23,25.38,23.04,0.2,3.29,27.93,24.53
RSG,Republic Services,Industrials,Environmental & Facilities Services,228.13,257.46,196.49,231.46,232.58,233.38,237.18,231.52,-0.4,4.02,237.3,229.45
RMD,ResMed,Health Care,Health Care Equipment,279.46,293.73,203.67,274.1,277.33,282.02,272.27,244.72,0.0,5.5,294.83,269.21
RVTY,Revvity,Health Care,Health Care Equipment,86.28,127.41,83.36,85.97,88.12,89.14,92.87,103.03,0.0,9.26,94.27,84.0
ROK,Rockwell Automation,Industrials,Electrical Components & Equipment,344.67,357.15,217.21,340.56,345.02,343.43,344.09,296.37,-0.2,3.07,355.25,331.6
ROL,"Rollins, Inc.",Industrials,Environmental & Facilities Services,57.13,58.48,45.24,56.7,56.6,57.23,56.78,53.15,0.0,2.7,58.67,55.8
ROP,Roper Technologies,Information Technology,Electronic Equipment & Instruments,523.43,592.1,501.26,522.42,524.84,527.08,543.11,554.38,0.0,2.8,538.09,516.08
ROST,Ross Stores,Consumer Discretionary,Apparel Retail,151.57,155.29,122.55,151.46,149.96,148.59,140.38,141.0,-0.1,0.75,152.71,144.47
RCL,Royal Caribbean Group,Consumer Discretionary,"Hotels, Resorts & Cruise Lines",351.06,365.84,154.84,354.49,355.93,338.53,334.29,260.4,0.2,7.63,377.85,299.2
SPGI,S&P Global,Financials,Financial Exchanges & Data,545.87,563.17,436.73,540.61,545.2,550.61,540.12,512.47,0.0,3.45,564.7,536.5
CRM,Salesforce,Information Technology,Application Software,252.27,366.29,231.66,251.27,250.89,245.83,255.63,288.12,0.0,3.25,260.47,231.2
SBAC,SBA Communications,Real Estate,Telecom Tower REITs,191.35,244.52,189.91,197.11,204.5,211.63,222.59,217.45,-0.2,20.88,231.3,191.94
SLB,Schlumberger,Energy,Oil & Gas Equipment & Services,35.78,44.26,31.43,35.64,35.71,34.44,34.44,36.92,-0.1,4.22,37.29,31.6
STX,Seagate Technology,Information Technology,"Technology Hardware, Storage & Peripherals",189.24,189.24,66.19,181.64,174.45,165.38,155.5,111.45,0.2,-0.77,187.78,142.98
SRE,Sempra,Utilities,Multi-Utilities,79.41,92.47,63.23,81.55,81.75,81.79,79.59,78.19,-0.4,5.06,83.43,80.16
NOW,ServiceNow,Information Technology,Systems Software,939.33,1170.39,721.65,916.5,906.11,889.26,936.67,967.9,0.0,0.06,939.89,838.66
SHW,Sherwin-Williams,Materials,Specialty Chemicals,375.23,397.11,312.15,367.48,367.03,365.47,352.39,351.56,0.2,0.06,375.46,355.47
SPG,Simon Property Group,Real Estate,Retail REITs,182.55,183.07,138.55,181.01,179.65,176.03,168.94,166.34,0.0,1.29,184.9,167.15
SWKS,Skyworks Solutions,Information Technology,Semiconductors,75.63,98.66,48.25,74.42,75.01,74.25,73.1,72.96,0.2,2.47,77.5,71.01
SJM,J.M. Smucker Company (The),Consumer Staples,Packaged Foods & Meats,111.59,116.99,93.48,111.57,110.29,110.93,107.64,107.69,-0.5,2.83,114.75,107.11
SW,Smurfit Westrock,Materials,Paper & Plastic Packaging Products & Materials,46.69,55.13,37.46,46.77,46.55,45.02,45.33,46.77,-0.2,3.81,48.47,41.57
SNA,Snap-on,Industrials,Industrial Machinery & Supplies & Components,326.96,364.18,264.02,325.95,327.11,325.75,322.3,327.54,-0.3,1.95,333.34,318.15
SOLV,Solventum,Health Care,Health Care Technology,74.6,84.04,63.01,72.58,72.72,72.58,73.52,72.27,0.2,-0.23,74.43,70.73
SO,Southern Company,Utilities,Electric Utilities,90.83,95.24,78.98,91.65,92.23,93.06,92.97,87.74,0.0,4.83,95.22,90.9
LUV,Southwest Airlines,Industrials,Passenger Airlines,31.71,37.49,23.77,31.72,32.27,31.59,32.72,31.31,0.2,6.12,33.65,29.53
SWK,Stanley Black & Decker,Industrials,Industrial Machinery & Supplies & Components,78.42,105.48,54.53,75.23,74.89,74.04,71.39,73.54,0.1,0.43,78.76,69.32
SBUX,Starbucks,Consumer Discretionary,Restaurants,84.17,114.25,78.61,86.73,86.99,89.02,91.0,93.15,0.0,11.92,94.2,83.84
STT,State Street Corporation,Financials,Asset Management & Custody Banks,111.65,115.82,74.79,112.98,114.07,113.01,110.84,97.71,0.2,4.33,116.48,109.54
STLD,Steel Dynamics,Materials,Steel,134.54,152.49,106.43,131.73,131.88,129.4,129.54,127.69,-0.2,1.15,136.09,122.71
STE,Steris,Health Care,Health Care Equipment,248.32,251.96,201.46,244.3,245.74,246.13,236.56,226.27,0.0,1.28,251.5,240.76
SYK,Stryker Corporation,Health Care,Health Care Equipment,393.11,403.53,336.65,391.65,391.77,387.64,389.63,379.19,-0.2,1.73,399.91,375.39
SMCI,Supermicro,Information Technology,"Technology Hardware, Storage & Peripherals",40.04,60.71,18.01,40.41,42.07,43.36,48.47,40.17,-0.2,18.78,47.56,39.16
SYF,Synchrony Financial,Financials,Consumer Finance,75.14,76.86,43.38,75.74,75.67,73.75,71.26,62.55,0.2,3.78,77.98,69.52
SNPS,Synopsys,Information Technology,Application Software,609.08,645.35,380.9,598.66,600.52,607.19,593.38,512.0,-0.2,3.05,627.66,586.76
SYY,Sysco,Consumer Staples,Food Distributors,81.55,82.51,67.53,81.62,80.74,80.53,79.25,74.52,0.2,1.24,82.56,78.51
TMUS,T-Mobile US,Communication Services,Wireless Telecommunication Services,242.9,270.87,190.29,251.27,250.97,252.01,242.0,241.16,-0.4,6.6,258.93,245.08
TROW,T. Rowe Price,Financials,Asset Management & Custody Banks,108.17,120.07,79.19,107.76,108.01,107.53,104.86,101.67,0.0,2.58,110.96,104.1
TTWO,Take-Two Interactive,Communication Services,Interactive Home Entertainment,248.78,248.78,147.66,241.78,237.18,233.75,232.71,213.5,0.4,-1.46,245.15,222.35
TPR,"Tapestry, Inc.",Consumer Discretionary,"Apparel, Accessories & Luxury Goods",104.82,113.1,39.64,104.17,102.35,102.16,101.75,79.53,0.2,5.81,110.91,93.41
TRGP,Targa Resources,Energy,Oil & Gas Storage & Transportation,160.52,213.93,141.11,163.94,164.38,164.17,166.25,178.33,0.0,5.29,169.01,159.33
TGT,Target Corporation,Consumer Staples,Consumer Staples Merchandise Retail,91.5,154.72,86.82,92.43,94.62,98.61,100.82,109.39,0.0,18.22,108.17,89.04
TEL,TE Connectivity,Information Technology,Electronic Manufacturing Services,207.87,208.74,121.04,207.14,206.98,204.86,194.0,159.61,0.0,1.28,210.53,199.19
TDY,Teledyne Technologies,Information Technology,Electronic Equipment & Instruments,546.3,563.66,421.77,544.98,543.23,543.61,540.98,499.15,-0.2,1.11,552.36,534.83
TER,Teradyne,Information Technology,Semiconductor Materials & Equipment,118.9,139.5,67.79,119.67,118.66,114.61,103.65,100.84,0.0,4.08,123.75,105.47
TSLA,"Tesla, Inc.",Consumer Discretionary,Automobile Manufacturers,346.4,479.86,210.73,339.84,342.69,338.04,324.49,330.33,-0.1,2.55,355.23,320.83
TXN,Texas Instruments,Information Technology,Semiconductors,185.82,219.66,143.34,191.32,198.06,196.83,199.61,185.95,-0.2,13.41,210.74,182.94
TPL,Texas Pacific Land Corporation,Energy,Oil & Gas Exploration & Production,912.58,1720.9,783.51,916.5,915.04,900.24,954.84,1205.63,0.0,3.62,945.62,854.9
TXT,Textron,Industrials,Aerospace & Defense,82.74,90.25,60.7,80.95,80.94,80.26,80.95,76.49,-0.2,0.05,82.78,77.73
TMO,Thermo Fisher Scientific,Health Care,Life Sciences Tools & Services,487.65,622.18,390.26,488.36,489.16,487.73,460.04,480.94,-0.1,3.15,503.01,472.44
TJX,TJX Companies,Consumer Discretionary,Apparel Retail,140.84,141.02,110.73,139.83,138.23,136.32,129.67,124.83,0.2,0.67,141.78,130.86
TKO,TKO Group Holdings,Communication Services,Movies & Entertainment,200.47,200.47,113.12,191.3,189.07,187.57,177.03,158.68,0.0,-2.03,196.4,178.73
TTD,Trade Desk (The),Communication Services,Advertising,52.03,139.51,45.27,52.79,53.12,53.02,69.14,82.84,0.0,6.36,55.34,50.7
TSCO,Tractor Supply,Consumer Discretionary,Other Specialty Retail,60.09,62.65,47.62,60.58,61.29,60.82,58.59,54.34,0.2,4.59,62.85,58.79
TT,Trane Technologies,Industrials,Building Products,414.93,472.54,314.52,412.23,417.13,422.77,433.8,393.68,-0.2,5.65,438.37,407.16
TDG,TransDigm Group,Industrials,Aerospace & Defense,1293.24,1516.55,1146.91,1285.89,1297.47,1305.49,1390.13,1293.06,0.0,3.32,1336.18,1274.82
TRV,Travelers Companies (The),Financials,Property & Casualty Insurance,274.48,279.43,223.19,275.81,273.63,271.37,265.0,256.68,0.2,1.99,279.94,262.78
TRMB,Trimble Inc.,Information Technology,Electronic Equipment & Instruments,81.29,85.24,54.15,79.78,80.7,81.53,81.48,72.88,0.0,4.11,84.63,78.42
TFC,Truist Financial,Financials,Diversified Banks,46.01,47.07,33.92,46.49,46.49,45.44,44.54,42.2,0.2,4.0,47.85,43.03
TYL,Tyler Technologies,Information Technology,Application Software,566.1,646.74,521.68,557.32,556.87,563.81,570.58,582.05,-0.2,2.85,582.23,545.4
TSN,Tyson Foods,Consumer Staples,Packaged Foods & Meats,55.9,63.67,51.83,56.23,56.42,56.35,55.04,56.94,-0.1,2.45,57.27,55.42
USB,U.S. Bancorp,Financials,Diversified Banks,48.65,51.9,36.0,48.74,48.67,47.48,46.57,44.98,0.2,3.17,50.19,44.77
UBER,Uber,Industrials,Passenger Ground Transportation,94.36,97.48,59.93,92.62,93.98,93.55,92.37,79.15,-0.2,3.12,97.3,89.8
UDR,"UDR, Inc.",Real Estate,Multi-Family Residential REITs,38.75,45.23,37.29,38.69,38.87,38.63,39.46,41.17,0.2,2.17,39.59,37.68
ULTA,Ulta Beauty,Consumer Discretionary,Other Specialty Retail,519.81,533.81,314.47,525.55,523.54,521.49,504.94,424.44,-0.2,4.4,542.68,500.28
UNP,Union Pacific Corporation,Industrials,Rail Transportation,217.26,249.94,205.73,220.88,221.18,221.23,224.95,227.6,0.0,3.97,225.89,216.57
UAL,United Airlines Holdings,Industrials,Passenger Airlines,107.77,110.52,45.12,106.25,105.2,102.21,93.14,88.18,0.0,2.48,110.44,93.98
UPS,United Parcel Service,Industrials,Air Freight & Logistics,84.32,130.93,82.93,84.87,86.21,86.46,91.8,104.52,0.0,5.49,88.95,83.96
URI,United Rentals,Industrials,Trading Companies & Distributors,970.23,975.23,549.5,962.83,955.83,932.78,867.28,739.81,0.2,1.82,987.89,877.67
UNH,UnitedHealth Group,Health Care,Managed Health Care,320.25,615.84,237.77,312.54,308.4,298.43,289.09,420.41,0.1,4.46,334.53,262.34
UHS,Universal Health Services,Health Care,Health Care Facilities,185.76,240.49,154.78,184.93,183.42,181.46,175.56,180.99,0.1,2.08,189.62,173.29
VLO,Valero Energy,Energy,Oil & Gas Refining & Marketing,157.36,157.36,102.97,155.84,152.72,145.1,142.83,130.74,0.0,2.92,161.95,128.24
VTR,Ventas,Real Estate,Health Care REITs,68.08,69.55,56.07,67.82,67.79,67.97,66.57,63.97,-0.2,1.31,68.97,66.98
VLTO,Veralto,Industrials,Environmental & Facilities Services,106.9,113.22,85.23,105.91,106.39,107.29,105.04,100.71,-0.2,2.69,109.78,104.8
VRSN,Verisign,Information Technology,Internet Services & Infrastructure,282.92,305.1,175.69,277.48,274.15,271.08,277.36,246.66,0.0,-0.75,280.8,261.36
VRSK,Verisk Analytics,Industrials,Research & Consulting Services,273.03,320.87,260.0,269.37,268.42,268.1,283.21,290.27,-0.2,0.36,274.01,262.19
VZ,Verizon,Communication Services,Integrated Telecommunication Services,43.32,45.06,36.62,43.88,44.0,44.09,43.05,41.59,0.0,4.27,45.17,43.01
VRTX,Vertex Pharmaceuticals,Health Care,Biotechnology,395.25,516.74,366.54,397.18,393.42,392.15,428.41,452.28,-0.2,1.97,403.04,381.27
VTRS,Viatris,Health Care,Pharmaceuticals,10.48,12.87,7.08,10.48,10.48,10.43,9.6,9.77,0.1,3.53,10.85,10.02
VICI,Vici Properties,Real Estate,Hotel & Resort REITs,33.31,33.93,27.46,33.43,33.51,33.15,33.11,31.19,0.2,2.19,34.04,32.26
V,Visa Inc.,Financials,Transaction & Payment Processing Services,342.3,372.65,267.75,347.49,348.94,345.84,347.79,339.15,-0.2,3.81,355.34,336.34
VST,Vistra Corp.,Utilities,Electric Utilities,188.01,214.06,73.19,187.93,190.53,194.3,195.47,159.71,-0.2,9.98,206.77,181.83
VMC,Vulcan Materials Company,Materials,Construction Materials,298.91,298.91,219.65,293.32,292.16,291.36,278.56,263.52,0.2,-0.49,297.45,285.28
WRB,W. R. Berkley Corporation,Financials,Property & Casualty Insurance,72.41,74.57,55.33,72.31,71.83,71.57,70.42,66.18,0.0,1.08,73.19,69.95
GWW,W. W. Grainger,Industrials,Industrial Machinery & Supplies & Components,997.8,1212.97,915.74,1010.98,1012.53,997.07,1010.78,1043.04,0.0,4.49,1042.6,951.55
WAB,Wabtec,Industrials,Construction Machinery & Heavy Transportation Equipment,190.93,214.1,159.81,192.35,193.44,192.78,199.29,194.11,0.2,2.86,196.39,189.16
WMT,Walmart,Consumer Staples,Consumer Staples Merchandise Retail,102.28,104.27,75.9,100.2,98.23,99.5,98.24,94.66,0.2,2.19,104.52,94.49
DIS,Walt Disney Company (The),Communication Services,Movies & Entertainment,118.84,124.01,81.37,118.24,118.07,117.01,118.97,109.69,-0.2,1.18,120.24,113.78
WBD,Warner Bros. Discovery,Communication Services,Broadcasting,12.35,13.7,6.94,11.95,11.95,11.79,12.09,10.53,-0.2,1.05,12.48,11.09
WM,Waste Management,Industrials,Environmental & Facilities Services,219.05,241.26,199.11,222.84,224.03,226.63,227.74,224.46,-0.2,7.08,234.56,218.71
WAT,Waters Corporation,Health Care,Life Sciences Tools & Services,309.37,417.28,277.72,300.38,299.11,295.71,304.92,351.81,0.0,-0.05,309.22,282.21
WEC,WEC Energy Group,Utilities,Electric Utilities,107.36,110.37,89.8,107.11,107.02,107.64,106.87,102.49,0.2,1.97,109.47,105.8
WFC,Wells Fargo,Financials,Diversified Banks,79.14,83.83,50.45,80.44,81.06,79.61,80.14,74.38,-0.2,5.09,83.17,76.04
WELL,Welltower,Real Estate,Health Care REITs,169.36,169.36,120.86,168.01,167.42,165.87,161.71,146.6,0.0,0.5,170.21,161.53
WST,West Pharmaceutical Services,Health Care,Health Care Supplies,253.15,347.02,190.04,248.82,247.42,246.0,237.59,254.34,0.3,-0.4,252.14,239.86
WDC,Western Digital,Information Technology,"Technology Hardware, Storage & Peripherals",93.29,93.29,30.45,88.71,84.5,80.08,73.37,54.13,0.2,-1.76,91.65,68.51
WY,Weyerhaeuser,Real Estate,Timber REITs,25.95,32.88,24.29,25.47,25.71,25.75,25.66,27.31,-0.1,2.74,26.66,24.85
WSM,"Williams-Sonoma, Inc.",Consumer Discretionary,Homefurnishing Retail,203.26,215.83,126.49,198.54,195.7,199.35,187.31,177.87,0.0,3.97,211.33,187.37
WMB,Williams Companies,Energy,Oil & Gas Storage & Transportation,56.85,62.87,42.67,57.35,57.41,57.39,58.24,57.21,0.2,2.52,58.28,56.49
WTW,Willis Towers Watson,Financials,Insurance Brokers,332.23,339.25,284.76,328.8,329.81,331.48,318.84,316.66,0.0,2.07,339.11,323.86
WDAY,"Workday, Inc.",Information Technology,Application Software,231.81,279.91,210.47,231.27,229.16,226.45,230.44,247.25,-0.2,2.36,237.28,215.61
WYNN,Wynn Resorts,Consumer Discretionary,Casinos & Gaming,122.67,126.75,65.78,123.49,123.16,117.09,111.16,92.13,0.2,6.1,130.15,104.03
XEL,Xcel Energy,Utilities,Multi-Utilities,71.75,74.26,60.63,72.25,72.44,72.64,71.47,68.81,0.0,2.76,73.73,71.54
XYL,Xylem Inc.,Industrials,Industrial Machinery & Supplies & Components,140.03,144.22,102.25,140.52,141.76,141.73,136.93,125.43,0.2,3.17,144.47,138.99
YUM,Yum! Brands,Consumer Discretionary,Restaurants,147.99,160.96,121.48,145.25,145.44,145.85,146.08,142.7,-0.4,1.83,150.7,141.0
ZBRA,Zebra Technologies,Information Technology,Electronic Equipment & Instruments,313.8,421.11,213.54,310.33,315.23,317.09,321.66,323.67,0.0,6.22,333.32,300.86
ZBH,Zimmer Biomet,Health Care,Health Care Equipment,104.71,112.89,89.98,105.05,105.81,104.63,98.35,101.7,0.1,3.75,108.64,100.63
ZTS,Zoetis,Health Care,Pharmaceuticals,151.75,194.12,143.44,152.72,154.01,153.77,152.88,160.82,-0.3,4.1,157.97,149.58
