Symbol,Company,GICS_Sector,GICS_Sub_Industry,Current_Price,52_Week_High,52_Week_Low,SMA_5,SMA_10,SMA_20,SMA_50,SMA_100,SMA_125,SMA_200
MMM,3M,Industrials,Industrial Conglomerates,154.0,163.4,120.83,154.22,155.31,155.17,153.19,148.04,147.07,143.54
AOS,A. O. Smith,Industrials,Building Products,73.96,90.29,58.25,72.29,72.17,72.21,70.54,68.0,67.33,67.77
ABT,Abbott Laboratories,Health Care,Health Care Equipment,132.2,139.95,109.57,132.32,132.05,131.59,130.57,131.29,130.43,126.83
ABBV,AbbVie,Health Care,Biotechnology,209.79,214.8,159.42,211.83,210.14,207.68,197.28,190.69,191.93,187.43
ACN,Accenture,Information Technology,IT Consulting & Other Services,255.57,394.41,236.67,254.76,255.85,252.36,268.36,286.88,290.23,315.97
ADBE,Adobe Inc.,Information Technology,Application Software,358.66,587.75,330.04,349.21,353.12,352.25,360.55,375.61,376.85,408.17
AMD,Advanced Micro Devices,Information Technology,Semiconductors,151.41,186.65,76.48,157.76,161.71,167.33,161.25,136.06,128.82,125.76
AES,AES Corporation,Utilities,Independent Power Producers & Energy Traders,12.72,19.17,9.28,13.02,13.23,13.18,12.82,11.64,11.63,11.58
AFL,Aflac,Financials,Life & Health Insurance,106.34,113.54,96.14,106.84,107.01,106.37,103.42,103.68,104.23,104.25
A,Agilent Technologies,Health Care,Life Sciences Tools & Services,128.13,153.19,96.23,127.16,124.26,121.43,119.18,115.2,114.99,123.44
APD,Air Products,Materials,Industrial Gases,288.91,336.92,242.14,290.44,292.41,291.88,291.32,281.62,281.72,291.99
ABNB,Airbnb,Consumer Discretionary,"Hotels, Resorts & Cruise Lines",124.62,163.93,99.88,125.26,127.22,125.96,131.48,130.21,128.33,131.25
AKAM,Akamai Technologies,Information Technology,Internet Services & Infrastructure,78.88,106.8,67.51,77.83,77.84,76.35,77.36,77.74,77.94,83.87
ALB,Albemarle Corporation,Materials,Specialty Chemicals,82.0,112.1,49.11,80.49,82.28,81.44,75.58,66.95,67.4,75.48
ARE,Alexandria Real Estate Equities,Real Estate,Office REITs,85.56,118.73,66.16,83.12,82.29,79.26,78.2,74.86,77.61,84.79
ALGN,Align Technology,Health Care,Health Care Supplies,136.86,262.87,127.7,136.04,139.2,141.04,166.38,173.11,171.02,187.21
ALLE,Allegion,Industrials,Building Products,173.1,173.25,116.14,170.28,170.55,169.34,160.91,149.61,144.95,140.03
LNT,Alliant Energy,Utilities,Electric Utilities,64.05,67.11,54.71,64.51,65.04,65.25,64.03,62.29,62.14,61.11
ALL,Allstate,Financials,Property & Casualty Insurance,200.31,213.71,173.88,203.62,203.04,205.04,199.83,199.38,199.39,196.22
GOOGL,Alphabet Inc. (Class A),Communication Services,Interactive Media & Services,234.04,238.12,140.36,228.67,219.1,210.72,196.21,180.68,176.34,179.49
GOOG,Alphabet Inc. (Class C),Communication Services,Interactive Media & Services,234.16,238.35,142.49,229.02,219.63,211.41,197.03,181.83,177.67,180.93
MO,Altria,Consumer Staples,Tobacco,65.77,68.6,46.28,66.53,66.62,66.51,62.52,60.4,59.57,56.7
AMZN,Amazon,Consumer Discretionary,Broadline Retail,235.84,242.52,161.38,231.04,230.16,228.25,225.89,212.98,208.62,213.37
AMCR,Amcor,Materials,Paper & Plastic Packaging Products & Materials,8.22,11.04,8.16,8.33,8.43,8.7,9.22,9.18,9.23,9.4
AEE,Ameren,Utilities,Multi-Utilities,99.99,103.59,80.45,100.23,100.31,100.86,99.44,97.95,97.92,95.78
AEP,American Electric Power,Utilities,Electric Utilities,107.55,115.08,87.57,108.88,110.57,111.59,108.96,105.84,105.34,101.72
AXP,American Express,Financials,Consumer Finance,325.41,332.46,219.87,327.43,325.43,316.13,312.71,299.04,291.18,294.68
AIG,American International Group,Financials,Multi-line Insurance,78.77,87.61,68.55,80.42,81.26,81.0,80.86,81.95,82.06,79.14
AMT,American Tower,Real Estate,Telecom Tower REITs,193.64,235.86,169.77,196.76,201.21,203.87,213.33,213.94,213.2,204.38
AWK,American Water Works,Utilities,Water Utilities,140.02,153.69,116.64,141.46,142.68,143.51,142.01,141.97,142.01,136.49
AMP,Ameriprise Financial,Financials,Asset Management & Custody Banks,492.44,576.69,393.57,502.73,509.17,509.04,518.69,508.18,501.6,515.14
AME,Ametek,Industrials,Electrical Components & Equipment,188.67,197.35,144.77,186.63,186.36,185.28,182.68,178.25,176.48,179.79
AMGN,Amgen,Health Care,Biotechnology,280.19,330.26,247.06,282.94,285.4,287.66,291.42,284.73,287.81,283.65
APH,Amphenol,Information Technology,Electronic Components,110.54,113.69,56.35,110.74,110.42,110.18,105.61,95.1,89.03,81.92
ADI,Analog Devices,Information Technology,Semiconductors,248.98,257.11,157.31,247.01,250.12,242.97,237.46,224.2,218.49,217.07
AON,Aon plc,Financials,Insurance Brokers,370.01,411.24,322.37,372.0,370.19,370.03,362.18,360.25,365.61,368.88
APA,APA Corporation,Energy,Oil & Gas Exploration & Production,22.26,26.13,13.18,22.99,22.82,21.67,20.09,18.65,18.58,19.7
APO,Apollo Global Management,Financials,Asset Management & Custody Banks,134.44,187.59,101.84,133.84,134.58,136.55,142.15,137.71,136.64,146.3
AAPL,Apple Inc.,Information Technology,"Technology Hardware, Storage & Peripherals",237.88,259.18,168.8,237.11,233.72,231.59,219.01,210.66,210.41,220.99
AMAT,Applied Materials,Information Technology,Semiconductor Materials & Equipment,162.05,213.48,123.04,159.37,161.38,166.58,179.49,170.03,165.17,167.46
APTV,Aptiv,Consumer Discretionary,Automotive Parts & Equipment,82.3,82.35,47.19,80.24,79.97,77.06,72.32,67.87,66.08,64.16
ACGL,Arch Capital Group,Financials,Property & Casualty Insurance,90.9,110.75,82.49,91.73,91.58,91.38,89.72,91.1,91.41,92.1
ADM,Archer Daniels Midland,Consumer Staples,Agricultural Products & Services,62.3,64.38,40.22,62.19,62.6,61.13,57.1,52.81,51.37,50.36
ANET,Arista Networks,Information Technology,Communications Equipment,140.01,145.46,59.43,139.46,137.06,136.44,122.49,105.6,100.16,102.8
AJG,Arthur J. Gallagher & Co.,Financials,Insurance Brokers,299.12,349.78,272.05,300.57,299.95,298.03,302.18,315.48,318.43,312.17
AIZ,Assurant,Financials,Multi-line Insurance,211.75,227.13,173.64,213.78,214.35,212.94,199.14,197.39,198.27,202.85
T,AT&T,Communication Services,Integrated Telecommunication Services,28.9,29.79,19.6,29.24,29.08,28.94,28.18,27.75,27.51,25.95
ATO,Atmos Energy,Utilities,Gas Utilities,163.87,167.99,127.77,165.16,165.51,165.33,159.13,157.06,155.41,150.3
ADSK,Autodesk,Information Technology,Application Software,326.79,329.09,232.67,321.95,306.67,296.78,299.3,293.83,287.0,290.52
ADP,Automatic Data Processing,Industrials,Human Resource & Employment Services,298.43,328.29,262.35,298.84,301.27,302.74,304.02,306.18,303.95,301.74
AZO,AutoZone,Consumer Discretionary,Automotive Retail,4242.88,4259.21,2898.57,4212.91,4198.56,4131.2,3931.36,3811.71,3779.37,3607.35
AVB,AvalonBay Communities,Real Estate,Multi-Family Residential REITs,194.47,233.48,178.86,192.54,193.16,191.44,195.43,199.63,200.5,206.95
AVY,Avery Dennison,Materials,Paper & Plastic Packaging Products & Materials,168.38,219.94,155.31,167.73,169.88,172.26,174.24,174.38,174.12,179.1
AXON,Axon Enterprise,Industrials,Aerospace & Defense,740.61,885.92,346.71,733.61,749.95,759.84,766.26,734.57,697.04,664.99
BKR,Baker Hughes,Energy,Oil & Gas Equipment & Services,45.64,48.6,31.55,45.58,45.25,44.18,42.56,39.9,40.16,41.29
BALL,Ball Corporation,Materials,"Metal, Glass & Plastic Containers",50.96,67.13,43.18,50.71,51.52,52.41,55.38,53.94,53.14,53.65
BAC,Bank of America,Financials,Diversified Banks,49.46,50.79,32.69,49.9,49.94,48.72,47.64,45.04,43.91,44.24
BAX,Baxter International,Health Care,Health Care Equipment,24.09,39.59,21.18,23.96,24.18,24.04,26.08,28.08,28.87,29.78
BDX,Becton Dickinson,Health Care,Health Care Equipment,191.58,249.34,162.35,190.6,192.13,194.21,184.95,181.25,188.93,203.26
BBY,Best Buy,Consumer Discretionary,Computer & Electronics Retail,77.59,99.71,54.24,76.03,74.99,73.54,70.54,69.26,69.06,74.63
TECH,Bio-Techne,Health Care,Life Sciences Tools & Services,54.11,80.52,45.87,53.64,54.69,54.25,53.81,51.67,52.79,59.72
BIIB,Biogen,Health Care,Biotechnology,141.35,205.19,110.04,140.64,137.75,136.77,132.71,128.9,129.77,136.66
BLK,BlackRock,Financials,Asset Management & Custody Banks,1104.92,1166.38,766.05,1102.3,1115.1,1125.31,1104.82,1026.0,1002.73,999.5
BX,Blackstone Inc.,Financials,Asset Management & Custody Banks,173.3,196.67,114.16,170.02,170.61,170.39,167.01,152.04,149.15,157.38
XYZ,"Block, Inc.",Financials,Transaction & Payment Processing Services,75.82,99.26,44.27,75.71,77.62,76.55,74.45,66.61,64.55,72.14
BK,BNY Mellon,Financials,Asset Management & Custody Banks,104.02,106.57,64.5,104.53,104.71,103.43,99.59,92.58,90.08,86.71
BA,Boeing,Industrials,Aerospace & Defense,230.95,242.69,128.88,232.21,232.92,231.36,227.46,211.25,201.65,189.67
BKNG,Booking Holdings,Consumer Discretionary,"Hotels, Resorts & Cruise Lines",5569.7,5829.37,3674.61,5544.24,5594.86,5562.68,5605.32,5406.5,5229.01,5119.52
BSX,Boston Scientific,Health Care,Health Care Equipment,108.14,108.94,80.5,107.37,106.55,105.25,104.88,103.55,102.39,100.25
BMY,Bristol Myers Squibb,Health Care,Pharmaceuticals,46.72,61.84,42.96,47.09,47.15,47.46,47.01,47.23,49.13,51.75
AVGO,Broadcom,Information Technology,Semiconductors,345.65,356.34,133.38,317.45,308.58,305.23,292.95,258.73,242.62,229.89
BR,Broadridge Financial Solutions,Industrials,Data Processing & Outsourced Services,253.43,271.91,203.77,251.65,254.31,257.92,250.5,244.2,241.75,238.03
BRO,Brown & Brown,Financials,Insurance Brokers,95.35,125.31,90.24,95.27,95.84,95.78,99.4,105.19,108.0,107.89
BLDR,Builders FirstSource,Industrials,Building Products,147.89,203.14,102.6,142.81,141.92,139.5,133.13,123.59,123.95,136.71
BG,Bunge Global,Consumer Staples,Agricultural Products & Services,84.34,98.06,65.6,82.49,83.9,83.0,79.46,78.92,77.81,77.39
BXP,"BXP, Inc.",Real Estate,Office REITs,75.79,86.38,53.45,74.82,72.85,69.23,68.75,67.65,66.88,68.67
CHRW,C.H. Robinson,Industrials,Air Freight & Logistics,125.9,130.53,83.72,127.14,127.19,124.03,111.03,101.9,100.73,101.14
CDNS,Cadence Design Systems,Information Technology,Application Software,360.64,376.45,221.56,350.22,349.19,349.42,338.98,318.53,305.5,301.25
CZR,Caesars Entertainment,Consumer Discretionary,Casinos & Gaming,26.38,45.93,21.4,25.85,26.31,25.81,27.47,27.53,27.3,30.21
CPT,Camden Property Trust,Real Estate,Multi-Family Residential REITs,110.92,124.31,101.41,110.12,110.2,108.53,110.62,112.77,113.34,114.2
CPB,Campbell's Company (The),Consumer Staples,Packaged Foods & Meats,33.9,50.77,29.39,33.16,32.59,32.54,32.01,33.13,34.11,36.27
COF,Capital One,Financials,Consumer Finance,220.1,231.82,129.97,222.51,223.75,219.62,216.61,202.92,196.1,193.2
CAH,Cardinal Health,Health Care,Health Care Distributors,150.28,168.44,104.89,149.86,149.03,149.68,155.95,153.22,148.79,138.97
KMX,CarMax,Consumer Discretionary,Automotive Retail,61.38,91.25,54.53,60.59,60.8,59.44,61.24,63.55,65.54,72.07
CCL,Carnival,Consumer Discretionary,"Hotels, Resorts & Cruise Lines",31.56,32.77,15.07,31.48,31.72,30.77,29.88,25.87,24.57,24.81
CARR,Carrier Global,Industrials,Building Products,65.61,82.31,53.89,64.13,65.21,65.7,70.43,69.71,68.41,68.46
CAT,Caterpillar Inc.,Industrials,Construction Machinery & Heavy Transportation Equipment,422.78,441.15,265.05,419.45,424.74,420.53,416.34,376.48,365.12,365.9
CBOE,Cboe Global Markets,Financials,Financial Exchanges & Data,234.37,255.27,186.22,233.68,236.94,242.38,240.59,231.97,228.69,219.05
CBRE,CBRE Group,Real Estate,Real Estate Services,163.52,165.41,108.45,161.66,162.38,160.64,151.78,139.4,136.69,136.73
CDW,CDW Corporation,Information Technology,Technology Distributors,167.85,227.65,136.33,165.89,165.55,165.12,171.69,171.88,169.48,173.79
COR,Cencora,Health Care,Health Care Distributors,297.86,308.18,216.84,294.61,292.31,293.2,292.7,290.64,286.59,269.61
CNC,Centene Corporation,Health Care,Managed Health Care,28.84,77.29,25.08,29.23,29.01,28.5,30.22,44.16,47.43,52.23
CNP,CenterPoint Energy,Utilities,Multi-Utilities,37.32,39.16,25.67,37.62,37.64,37.87,37.39,37.14,36.81,34.98
CF,CF Industries,Materials,Fertilizers & Agricultural Chemicals,84.5,103.84,66.56,85.07,85.84,85.32,89.54,88.03,85.39,85.4
CRL,Charles River Laboratories,Health Care,Life Sciences Tools & Services,162.0,230.02,91.86,162.38,162.9,159.48,160.46,147.13,147.79,159.0
SCHW,Charles Schwab Corporation,Financials,Investment Banking & Brokerage,93.45,99.42,60.38,95.09,95.87,96.18,94.98,90.0,87.17,83.81
CHTR,Charter Communications,Communication Services,Cable & Satellite,263.88,437.06,251.8,262.11,264.9,265.84,317.8,353.44,354.0,357.8
CVX,Chevron Corporation,Energy,Integrated Oil & Gas,154.0,165.09,129.01,157.05,158.0,155.97,152.27,144.89,146.34,147.55
CMG,Chipotle Mexican Grill,Consumer Discretionary,Restaurants,39.65,66.74,39.24,41.13,41.81,42.48,47.25,49.11,49.19,52.69
CB,Chubb Limited,Financials,Property & Casualty Insurance,277.47,305.88,250.52,277.95,275.75,275.31,275.17,281.12,282.92,279.5
CHD,Church & Dwight,Consumer Staples,Household Products,94.58,115.72,90.22,94.43,93.56,93.44,94.81,95.87,98.0,101.09
CI,Cigna,Health Care,Health Care Services,300.89,363.88,255.6,301.68,300.18,296.46,296.46,307.61,309.84,304.14
CINF,Cincinnati Financial,Financials,Property & Casualty Insurance,153.46,158.92,122.28,153.78,153.68,153.07,150.49,147.13,145.75,144.39
CTAS,Cintas,Industrials,Diversified Support Services,202.78,228.77,179.74,205.05,208.16,213.46,217.38,217.26,213.37,209.3
CSCO,Cisco,Information Technology,Communications Equipment,66.88,72.55,46.57,67.45,67.97,68.14,68.34,64.98,63.74,62.22
C,Citigroup,Financials,Diversified Banks,95.87,97.98,54.51,95.63,95.91,95.0,92.18,82.59,79.42,77.26
CFG,Citizens Financial Group,Financials,Regional Banks,51.7,52.85,31.96,51.84,51.75,50.18,48.49,43.9,42.8,43.48
CLX,Clorox,Consumer Staples,Household Products,125.87,166.9,116.17,124.08,121.26,121.17,123.39,127.03,129.99,139.59
CME,CME Group,Financials,Financial Exchanges & Data,262.58,289.46,204.28,265.34,267.31,270.83,274.91,274.17,271.34,257.55
CMS,CMS Energy,Utilities,Multi-Utilities,70.69,75.33,62.54,71.29,71.58,72.19,71.6,70.97,71.15,69.57
KO,Coca-Cola Company (The),Consumer Staples,Soft Drinks & Non-alcoholic Beverages,67.43,73.85,59.75,68.34,68.55,69.38,69.6,70.27,70.15,67.73
CTSH,Cognizant,Information Technology,IT Consulting & Other Services,71.19,89.77,64.98,71.61,71.82,70.96,73.51,75.35,75.27,77.19
COIN,Coinbase,Financials,Financial Exchanges & Data,302.2,444.65,142.58,302.79,305.04,310.47,343.95,292.92,270.47,272.53
CL,Colgate-Palmolive,Consumer Staples,Household Products,84.19,106.9,82.4,84.24,84.13,84.76,86.56,88.56,88.98,89.2
CMCSA,Comcast,Communication Services,Cable & Satellite,34.0,44.12,31.03,33.98,33.89,33.5,34.0,34.13,34.31,35.33
CAG,Conagra Brands,Consumer Staples,Packaged Foods & Meats,19.46,31.36,18.18,19.13,19.07,19.2,19.22,20.89,21.75,23.11
COP,ConocoPhillips,Energy,Oil & Gas Exploration & Production,91.4,112.56,78.56,94.75,96.43,95.48,93.96,91.34,92.12,94.53
ED,Consolidated Edison,Utilities,Multi-Utilities,96.65,112.97,85.07,97.51,98.37,100.14,100.61,102.45,103.14,99.18
STZ,Constellation Brands,Consumer Staples,Distillers & Vintners,146.1,255.51,144.58,147.63,154.17,160.98,166.14,172.35,173.73,183.45
CEG,Constellation Energy,Utilities,Electric Utilities,298.82,356.57,160.94,305.03,309.59,315.85,321.0,298.08,280.04,274.8
COO,Cooper Companies (The),Health Care,Health Care Supplies,68.79,112.38,61.78,67.47,69.06,71.22,71.99,74.35,75.44,82.57
CPRT,Copart,Industrials,Diversified Support Services,48.75,64.38,45.05,48.78,48.71,48.1,47.44,51.73,52.45,54.66
GLW,Corning Inc.,Information Technology,Electronic Components,72.15,72.54,36.95,70.17,68.72,66.87,60.46,53.84,52.0,50.71
CPAY,Corpay,Financials,Transaction & Payment Processing Services,311.59,400.81,269.02,317.07,320.91,318.96,324.51,326.64,327.87,341.48
CTVA,Corteva,Materials,Fertilizers & Agricultural Chemicals,72.95,77.22,53.14,72.84,73.44,72.8,73.12,70.32,68.29,65.36
CSGP,CoStar Group,Real Estate,Real Estate Services,88.06,97.43,68.26,88.52,89.17,89.14,88.72,83.36,82.3,79.73
COST,Costco,Consumer Staples,Consumer Staples Merchandise Retail,971.85,1075.34,862.73,955.97,950.06,964.49,962.15,981.8,971.08,973.92
CTRA,Coterra,Energy,Oil & Gas Exploration & Production,23.85,29.29,21.55,24.21,24.17,23.91,24.09,24.49,24.98,25.42
CRWD,CrowdStrike,Information Technology,Systems Software,428.06,517.98,242.25,416.97,420.96,422.77,453.37,449.86,431.55,410.78
CCI,Crown Castle,Real Estate,Telecom Tower REITs,93.88,115.8,81.93,96.13,98.2,100.26,103.36,101.99,101.56,97.61
CSX,CSX Corporation,Industrials,Rail Transportation,32.43,37.1,26.01,32.42,32.45,34.09,34.22,32.2,31.53,31.97
CMI,Cummins,Industrials,Construction Machinery & Heavy Transportation Equipment,397.4,406.31,257.24,397.11,398.19,397.95,369.29,339.76,333.24,342.5
CVS,CVS Health,Health Care,Health Care Services,70.26,74.53,42.12,73.03,72.51,70.57,66.35,65.31,65.4,61.06
DHR,Danaher Corporation,Health Care,Life Sciences Tools & Services,198.63,278.43,170.73,200.22,203.12,205.76,201.63,197.98,198.56,208.61
DRI,Darden Restaurants,Consumer Discretionary,Restaurants,210.79,226.68,149.33,209.49,207.86,207.07,208.09,207.95,205.23,196.19
DDOG,Datadog,Information Technology,Application Software,136.44,170.08,81.63,134.32,133.57,131.04,137.3,125.28,120.16,127.83
DVA,DaVita,Health Care,Health Care Services,134.51,179.6,126.07,136.17,136.82,135.95,139.29,139.52,141.53,148.06
DAY,Dayforce,Industrials,Human Resource & Employment Services,69.34,82.69,48.01,69.39,69.5,64.69,59.84,58.77,58.27,63.02
DECK,Deckers Brands,Consumer Discretionary,Footwear,117.17,223.98,93.72,121.61,118.92,111.79,107.68,109.53,110.48,138.61
DE,Deere & Company,Industrials,Agricultural & Farm Machinery,481.51,532.1,373.4,475.19,481.48,488.24,501.28,498.3,491.18,476.18
DELL,Dell Technologies,Information Technology,"Technology Hardware, Storage & Peripherals",123.0,145.54,65.56,123.9,127.02,131.35,129.15,117.11,111.52,112.35
DAL,Delta Air Lines,Industrials,Passenger Airlines,61.76,69.36,34.52,61.18,61.25,60.16,56.13,51.44,49.86,54.65
DVN,Devon Energy,Energy,Oil & Gas Exploration & Production,34.51,42.42,25.71,35.27,35.49,34.61,33.66,32.75,32.93,33.56
DXCM,Dexcom,Health Care,Health Care Equipment,78.0,93.25,57.52,78.5,77.14,78.83,81.71,81.25,78.74,80.04
FANG,Diamondback Energy,Energy,Oil & Gas Exploration & Production,137.28,195.31,112.4,142.18,144.51,141.8,142.01,139.99,141.01,148.76
DLR,Digital Realty,Real Estate,Data Center REITs,161.21,193.72,129.05,162.35,165.15,165.95,170.65,168.53,163.86,166.81
DG,Dollar General,Consumer Staples,Consumer Staples Merchandise Retail,108.72,117.95,65.67,109.32,110.11,111.95,111.52,105.79,101.5,91.1
DLTR,Dollar Tree,Consumer Staples,Consumer Staples Merchandise Retail,99.4,118.06,60.49,102.83,107.25,110.41,110.16,99.41,93.42,85.41
D,Dominion Energy,Utilities,Multi-Utilities,57.95,61.75,46.96,58.2,58.76,59.71,58.47,56.24,55.55,54.76
DPZ,Domino's,Consumer Discretionary,Restaurants,466.11,497.15,390.2,465.29,459.81,453.44,459.04,465.31,462.6,456.72
DASH,DoorDash,Consumer Discretionary,Specialized Consumer Services,250.6,278.15,122.32,247.83,247.15,248.98,246.75,225.14,216.94,203.99
DOV,Dover Corporation,Industrials,Industrial Machinery & Supplies & Components,178.0,220.46,142.22,176.92,178.84,178.57,181.88,178.5,177.29,184.05
DOW,Dow Inc.,Materials,Commodity Chemicals,23.98,51.74,20.11,24.15,24.29,23.57,25.06,26.64,27.77,31.64
DHI,D. R. Horton,Consumer Discretionary,Homebuilding,184.04,197.64,109.8,176.99,172.82,168.28,151.56,137.14,134.78,137.56
DTE,DTE Energy,Utilities,Multi-Utilities,134.74,142.05,112.71,135.78,136.7,138.24,136.78,135.41,134.91,129.89
DUK,Duke Energy,Utilities,Electric Utilities,120.17,126.75,102.41,121.01,122.0,122.82,120.31,118.32,118.03,114.73
DD,DuPont,Materials,Specialty Chemicals,77.74,88.2,53.17,76.81,76.91,75.05,73.84,70.01,70.03,73.01
EMN,Eastman Chemical Company,Materials,Specialty Chemicals,68.9,111.31,56.78,68.71,68.76,67.26,71.59,74.73,76.76,83.53
ETN,Eaton Corporation,Industrials,Electrical Components & Equipment,349.49,398.4,230.37,346.7,348.71,350.79,361.49,337.18,325.56,327.57
EBAY,eBay Inc.,Consumer Discretionary,Broadline Retail,93.02,100.83,55.44,91.75,92.78,95.66,86.77,79.25,76.35,71.96
ECL,Ecolab,Materials,Specialty Chemicals,275.35,286.04,221.08,274.37,276.59,278.73,272.36,264.18,260.69,255.71
EIX,Edison International,Utilities,Electric Utilities,53.3,85.03,46.98,54.71,54.92,55.28,53.33,53.57,53.97,58.19
EW,Edwards Lifesciences,Health Care,Health Care Equipment,80.21,83.0,64.01,81.02,81.07,80.08,78.77,77.06,75.69,74.41
EA,Electronic Arts,Communication Services,Interactive Home Entertainment,168.06,180.7,114.77,168.8,170.42,172.12,161.6,155.15,152.34,148.75
ELV,Elevance Health,Health Care,Managed Health Care,308.16,552.9,273.71,314.75,313.67,308.84,312.52,353.76,368.72,375.52
EMR,Emerson Electric,Industrials,Electrical Components & Equipment,132.73,149.68,89.31,131.85,132.5,132.35,137.2,126.58,122.65,123.23
ENPH,Enphase Energy,Information Technology,Semiconductor Materials & Equipment,38.81,126.19,29.89,37.81,37.81,36.3,37.09,40.82,44.43,52.77
ETR,Entergy,Utilities,Electric Utilities,86.83,91.79,58.27,87.47,88.19,88.86,86.74,84.37,83.91,81.62
EOG,EOG Resources,Energy,Oil & Gas Exploration & Production,117.65,135.49,100.76,120.77,121.86,120.24,119.68,116.42,116.87,120.37
EPAM,EPAM Systems,Information Technology,IT Consulting & Other Services,164.45,269.0,138.15,170.15,171.76,167.0,167.56,168.61,168.63,194.57
EQT,EQT Corporation,Energy,Oil & Gas Exploration & Production,50.76,60.83,31.05,51.62,51.82,51.7,53.41,53.89,53.31,51.29
EFX,Equifax,Industrials,Research & Consulting Services,252.97,307.44,199.2,242.95,244.67,245.79,249.52,254.57,250.27,252.13
EQIX,Equinix,Real Estate,Data Center REITs,765.51,977.63,693.42,768.18,776.82,775.9,776.39,816.3,814.41,853.13
EQR,Equity Residential,Real Estate,Multi-Family Residential REITs,66.39,76.06,58.81,65.49,65.33,64.58,65.52,67.07,67.17,68.3
ERIE,Erie Indemnity,Financials,Insurance Brokers,336.25,539.84,323.76,334.8,344.39,354.21,352.55,358.0,368.58,383.13
ESS,Essex Property Trust,Real Estate,Multi-Family Residential REITs,265.71,310.81,241.65,264.09,265.64,262.36,272.01,275.53,277.79,281.04
EL,Estée Lauder Companies (The),Consumer Staples,Personal Care Products,88.85,101.55,47.94,89.65,90.11,90.02,89.0,76.84,73.97,73.78
EG,Everest Group,Financials,Reinsurance,339.58,400.59,318.14,343.74,342.39,339.67,336.47,339.98,342.38,346.98
EVRG,Evergy,Utilities,Electric Utilities,70.77,73.29,56.68,71.32,71.45,71.65,70.18,68.22,67.73,65.62
ES,Eversource Energy,Utilities,Electric Utilities,62.86,67.15,51.64,63.36,63.75,64.71,65.11,63.52,62.62,60.91
EXC,Exelon,Utilities,Electric Utilities,43.02,47.26,34.98,43.31,43.74,44.22,43.75,43.79,43.81,41.92
EXE,Expand Energy,Energy,Oil & Gas Exploration & Production,94.52,121.47,66.93,96.4,96.22,95.42,100.15,105.46,105.14,102.57
EXPE,Expedia Group,Consumer Discretionary,"Hotels, Resorts & Cruise Lines",217.2,219.1,125.66,214.67,214.08,209.88,192.84,178.16,174.77,178.54
EXPD,Expeditors International,Industrials,Air Freight & Logistics,121.72,129.91,99.78,121.1,121.16,120.52,117.65,114.58,114.53,114.6
EXR,Extra Space Storage,Real Estate,Self-Storage REITs,147.02,178.97,119.72,144.44,143.04,140.54,144.25,144.98,144.22,147.12
XOM,ExxonMobil,Energy,Integrated Oil & Gas,109.85,121.93,96.01,111.62,112.17,109.72,109.61,107.51,107.91,107.94
FFIV,"F5, Inc.",Information Technology,Communications Equipment,320.63,334.0,197.34,313.33,314.72,316.52,308.19,293.87,287.68,281.56
FDS,FactSet,Financials,Financial Exchanges & Data,375.34,495.04,362.41,371.1,374.3,374.63,403.62,420.86,422.96,439.57
FICO,Fair Isaac,Information Technology,Application Software,1538.2,2402.52,1300.0,1522.95,1490.61,1419.48,1506.1,1699.38,1724.97,1828.79
FAST,Fastenal,Industrials,Trading Companies & Distributors,48.19,50.63,31.05,49.03,49.54,49.33,46.77,43.74,42.52,40.62
FRT,Federal Realty Investment Trust,Real Estate,Retail REITs,101.75,114.28,79.72,100.92,100.32,97.61,95.41,94.75,94.38,98.8
FDX,FedEx,Industrials,Air Freight & Logistics,225.0,303.39,193.05,225.5,228.62,229.01,230.4,224.17,225.43,241.98
FIS,Fidelity National Information Services,Financials,Transaction & Payment Processing Services,68.96,90.63,66.18,68.58,69.33,70.01,75.52,77.06,76.04,76.88
FITB,Fifth Third Bancorp,Financials,Regional Banks,45.49,47.75,31.96,45.7,45.48,44.16,43.16,40.32,39.67,40.99
FSLR,First Solar,Information Technology,Semiconductors,203.21,262.72,116.56,201.5,198.71,197.49,184.08,167.58,159.97,165.73
FE,FirstEnergy,Utilities,Electric Utilities,43.31,44.4,36.81,43.43,43.53,43.52,41.95,41.48,40.94,40.28
FI,Fiserv,Financials,Transaction & Payment Processing Services,135.21,238.59,128.22,136.0,136.89,136.74,148.1,162.11,172.56,188.76
F,Ford Motor Company,Consumer Discretionary,Automobile Manufacturers,11.69,11.99,8.21,11.69,11.75,11.59,11.34,10.73,10.48,10.11
FTNT,Fortinet,Information Technology,Systems Software,80.36,114.82,70.12,77.83,78.06,78.28,92.07,97.14,96.96,98.04
FTV,Fortive,Industrials,Industrial Machinery & Supplies & Components,47.98,62.79,45.5,47.56,47.93,47.97,49.68,51.21,51.72,54.43
FOXA,Fox Corporation (Class A),Communication Services,Broadcasting,62.48,62.69,38.35,61.13,60.18,59.01,56.87,54.79,54.28,52.72
FOX,Fox Corporation (Class B),Communication Services,Broadcasting,56.81,57.02,35.53,55.66,54.88,53.85,52.05,50.33,49.94,48.95
BEN,Franklin Resources,Financials,Asset Management & Custody Banks,24.88,26.08,16.03,25.31,25.4,25.32,24.89,22.8,21.96,21.22
FCX,Freeport-McMoRan,Materials,Copper,46.66,51.85,27.45,46.04,45.09,43.57,43.62,41.11,40.22,39.77
GRMN,Garmin,Consumer Discretionary,Consumer Electronics,239.51,244.52,159.09,237.15,236.95,234.86,227.46,213.04,211.13,211.91
IT,Gartner,Information Technology,IT Consulting & Other Services,246.26,584.01,223.65,245.48,245.73,242.88,308.27,365.57,377.07,426.64
GE,GE Aerospace,Industrials,Aerospace & Defense,276.05,284.41,158.81,277.77,275.4,272.56,266.4,245.65,235.34,216.69
GEHC,GE HealthCare,Health Care,Health Care Equipment,78.16,94.71,57.59,74.4,74.24,74.08,74.32,72.16,72.88,77.32
GEV,GE Vernova,Industrials,Heavy Electrical Equipment,600.23,677.29,193.0,587.57,603.51,613.53,597.52,515.63,475.08,428.03
GEN,Gen Digital,Information Technology,Systems Software,29.91,32.09,22.55,29.62,30.11,30.77,30.12,28.84,28.29,28.16
GNRC,Generac,Industrials,Electrical Components & Equipment,183.97,203.25,99.5,179.62,183.99,190.4,173.13,147.94,143.29,148.65
GD,General Dynamics,Industrials,Aerospace & Defense,322.72,326.02,236.67,323.04,323.22,319.59,310.47,292.64,286.87,276.77
GIS,General Mills,Consumer Staples,Packaged Foods & Meats,50.12,72.88,48.29,49.88,49.5,49.57,50.12,52.05,53.23,55.94
GM,General Motors,Consumer Discretionary,Automobile Manufacturers,58.2,60.6,41.36,58.09,58.26,57.13,54.25,50.91,50.14,50.36
GPC,Genuine Parts Company,Consumer Discretionary,Distributors,139.85,142.43,102.41,137.98,138.13,137.09,131.17,125.48,123.71,121.5
GILD,Gilead Sciences,Health Care,Biotechnology,115.88,121.83,75.31,113.88,113.77,116.07,113.64,109.6,109.29,104.18
GPN,Global Payments,Financials,Transaction & Payment Processing Services,87.42,119.03,65.72,87.25,87.82,86.82,83.56,80.35,82.86,92.94
GL,Globe Life,Financials,Life & Health Insurance,140.37,144.0,98.18,140.43,140.21,139.33,132.62,126.77,126.4,122.14
GDDY,GoDaddy,Information Technology,Internet Services & Infrastructure,148.06,216.0,132.51,145.22,146.23,144.98,158.07,169.54,170.86,180.86
GS,Goldman Sachs,Financials,Investment Banking & Brokerage,741.85,757.35,434.87,738.07,740.83,734.27,719.56,652.35,627.48,615.72
HAL,Halliburton,Energy,Oil & Gas Equipment & Services,21.77,31.66,18.43,22.09,22.15,21.61,21.57,21.07,21.53,23.6
HIG,Hartford (The),Financials,Property & Casualty Insurance,130.64,135.17,103.64,132.41,132.25,131.52,126.62,125.73,124.17,119.75
HAS,Hasbro,Consumer Discretionary,Leisure Products,79.36,82.19,48.07,79.65,80.53,80.04,77.41,70.4,67.8,64.55
HCA,HCA Healthcare,Health Care,Health Care Facilities,418.1,420.98,288.77,412.84,408.52,402.7,380.65,371.99,364.21,346.2
DOC,Healthpeak Properties,Real Estate,Health Care REITs,18.3,22.06,16.35,18.07,17.93,17.53,17.63,17.43,17.77,18.5
HSIC,Henry Schein,Health Care,Health Care Distributors,67.74,82.49,60.56,68.09,68.56,68.3,69.86,69.57,69.35,71.27
HSY,Hershey Company (The),Consumer Staples,Packaged Foods & Meats,187.53,202.98,136.73,185.76,183.83,181.23,178.1,170.5,169.41,167.16
HPE,Hewlett Packard Enterprise,Information Technology,"Technology Hardware, Storage & Peripherals",23.5,24.28,11.88,23.14,22.92,22.17,21.21,19.15,18.31,19.35
HLT,Hilton Worldwide,Consumer Discretionary,"Hotels, Resorts & Cruise Lines",277.8,279.81,195.81,275.83,275.67,272.67,270.82,256.16,249.65,251.06
HOLX,Hologic,Health Care,Health Care Equipment,66.54,84.39,51.9,66.51,66.68,67.34,66.34,63.06,62.6,65.72
HD,Home Depot (The),Consumer Discretionary,Home Improvement Retail,419.94,429.19,322.47,412.0,408.74,403.47,383.35,371.44,367.58,378.77
HON,Honeywell,Industrials,Industrial Conglomerates,214.75,240.47,177.52,215.15,218.1,217.75,224.76,220.23,216.91,217.27
HRL,Hormel Foods,Consumer Staples,Packaged Foods & Meats,25.5,32.84,23.71,25.36,26.41,27.53,28.66,29.25,29.29,29.48
HST,Host Hotels & Resorts,Real Estate,Hotel & Resort REITs,17.39,18.53,12.06,17.33,17.24,16.62,16.27,15.55,15.25,15.81
HWM,Howmet Aerospace,Industrials,Aerospace & Defense,179.43,193.13,90.47,176.97,175.79,175.2,180.18,169.31,160.96,146.03
HPQ,HP Inc.,Information Technology,"Technology Hardware, Storage & Peripherals",29.35,38.63,20.97,29.05,28.38,27.57,26.19,25.87,25.99,28.59
HUBB,Hubbell Incorporated,Industrials,Industrial Machinery & Supplies & Components,436.62,475.24,297.55,433.75,436.65,433.8,426.89,400.76,387.76,398.48
HUM,Humana,Health Care,Managed Health Care,310.38,370.07,206.87,310.47,304.72,294.9,261.55,252.62,255.37,261.19
HBAN,Huntington Bancshares,Financials,Regional Banks,17.73,18.03,11.8,17.71,17.67,17.17,16.94,16.09,15.69,15.96
HII,Huntington Ingalls Industries,Industrials,Aerospace & Defense,269.94,291.7,155.93,270.02,270.96,268.54,261.41,243.43,234.56,215.99
IBM,IBM,Information Technology,IT Consulting & Other Services,256.09,294.17,193.86,247.48,245.35,242.31,260.27,259.31,255.42,246.66
IEX,IDEX Corporation,Industrials,Industrial Machinery & Supplies & Components,164.17,235.67,152.2,163.49,164.52,164.63,171.49,174.65,175.02,188.1
IDXX,Idexx Laboratories,Health Care,Health Care Equipment,652.83,688.12,356.14,641.93,642.77,644.69,593.05,542.69,516.13,485.01
ITW,Illinois Tool Works,Industrials,Industrial Machinery & Supplies & Components,266.68,274.77,213.36,264.42,265.23,263.69,259.59,250.57,249.02,252.6
INCY,Incyte,Health Care,Biotechnology,86.56,87.99,53.56,86.32,85.35,85.07,76.87,70.41,68.63,69.82
IR,Ingersoll Rand,Industrials,Industrial Machinery & Supplies & Components,80.38,105.95,65.58,79.17,79.7,79.35,82.43,81.08,80.48,85.21
PODD,Insulet Corporation,Health Care,Health Care Equipment,349.56,350.0,211.27,346.58,340.56,330.4,307.99,301.03,292.6,284.34
INTC,Intel,Information Technology,Semiconductors,24.48,27.55,17.67,24.36,24.48,23.94,22.72,21.7,21.83,21.7
ICE,Intercontinental Exchange,Financials,Financial Exchanges & Data,173.89,189.35,141.51,174.58,176.18,178.66,181.41,177.39,175.39,168.69
IFF,International Flavors & Fragrances,Materials,Specialty Chemicals,66.17,105.18,62.33,66.0,66.52,66.13,70.65,73.15,73.75,77.73
IP,International Paper,Materials,Paper & Plastic Packaging Products & Materials,47.41,58.71,42.44,48.35,48.69,48.08,49.26,47.79,48.23,50.53
IPG,Interpublic Group of Companies (The),Communication Services,Advertising,27.01,31.81,21.93,26.75,26.64,26.23,25.3,24.53,24.63,25.62
INTU,Intuit,Information Technology,Application Software,671.68,813.7,531.0,668.69,665.83,684.74,737.28,713.62,689.68,662.41
ISRG,Intuitive Surgical,Health Care,Health Care Equipment,470.0,616.0,425.0,460.33,466.26,471.97,493.74,511.61,507.7,526.83
IVZ,Invesco,Financials,Asset Management & Custody Banks,22.0,22.25,11.33,21.86,21.88,21.43,19.89,17.08,16.52,16.75
INVH,Invitation Homes,Real Estate,Single-Family Residential REITs,30.1,36.43,29.11,30.25,30.61,30.51,31.28,32.39,32.51,32.2
IQV,IQVIA,Health Care,Life Sciences Tools & Services,187.68,249.54,134.65,185.56,187.19,188.11,179.64,164.39,165.98,178.05
IRM,Iron Mountain,Real Estate,Other Specialized REITs,92.43,127.24,71.77,90.99,91.44,91.55,95.37,95.54,93.31,96.99
JBHT,J.B. Hunt,Industrials,Cargo Ground Transportation,142.99,198.61,122.01,144.33,144.35,144.18,146.27,141.9,142.35,153.54
JBL,Jabil,Information Technology,Electronic Manufacturing Services,209.17,232.75,99.48,206.5,207.23,210.88,217.5,191.92,180.57,168.99
JKHY,Jack Henry & Associates,Financials,Transaction & Payment Processing Services,162.53,194.68,157.23,161.45,161.69,161.33,169.52,173.33,173.57,173.23
J,Jacobs Solutions,Industrials,Construction & Engineering,144.76,152.07,104.68,144.5,145.93,146.97,141.7,132.92,129.99,130.73
JNJ,Johnson & Johnson,Health Care,Pharmaceuticals,178.13,179.84,137.37,178.28,177.44,176.25,167.55,159.82,159.18,155.29
JCI,Johnson Controls,Industrials,Building Products,107.17,112.63,66.5,106.36,107.15,106.32,106.51,100.39,96.11,90.7
JPM,JPMorgan Chase,Financials,Diversified Banks,292.91,305.15,196.2,298.06,298.56,295.26,292.76,275.28,266.85,260.5
K,Kellanova,Consumer Staples,Packaged Foods & Meats,79.36,82.04,77.13,79.34,79.23,79.37,79.27,80.01,80.24,80.07
KVUE,Kenvue,Consumer Staples,Personal Care Products,18.43,24.71,17.15,19.76,20.28,20.84,21.18,21.87,22.02,21.86
KDP,Keurig Dr Pepper,Consumer Staples,Soft Drinks & Non-alcoholic Beverages,27.63,37.26,27.24,28.71,29.17,32.03,32.91,33.17,33.28,32.71
KEY,KeyCorp,Financials,Regional Banks,19.15,19.32,12.43,19.04,19.06,18.51,18.17,16.79,16.41,16.66
KEYS,Keysight Technologies,Information Technology,Electronic Equipment & Instruments,169.29,186.2,121.43,166.65,165.79,164.92,164.31,159.69,157.1,161.17
KMB,Kimberly-Clark,Consumer Staples,Household Products,129.78,147.59,120.67,128.38,128.42,130.21,129.26,131.09,132.27,131.31
KIM,Kimco Realty,Real Estate,Retail REITs,22.52,24.7,17.52,22.41,22.24,21.7,21.39,20.93,20.76,21.33
KMI,Kinder Morgan,Energy,Oil & Gas Storage & Transportation,26.48,30.49,19.68,26.65,26.72,26.69,27.23,27.21,27.12,26.99
KKR,KKR & Co.,Financials,Asset Management & Custody Banks,138.69,169.7,85.9,137.03,138.4,140.32,141.67,130.2,126.36,134.43
KLAC,KLA Corporation,Information Technology,Semiconductor Materials & Equipment,908.98,957.18,548.81,875.52,880.01,889.81,902.25,833.78,802.31,759.58
KHC,Kraft Heinz,Consumer Staples,Packaged Foods & Meats,26.9,34.58,25.07,26.82,27.14,27.17,27.07,26.96,27.36,28.01
KR,Kroger,Consumer Staples,Food Retail,68.0,74.52,49.68,68.09,68.28,69.59,70.47,69.61,68.87,65.88
LHX,L3Harris,Industrials,Aerospace & Defense,273.89,279.29,190.25,272.78,274.31,272.78,267.5,249.27,241.2,231.05
LH,Labcorp,Health Care,Health Care Services,277.21,282.74,208.23,275.75,276.37,274.35,263.75,254.42,249.74,245.57
LRCX,Lam Research,Information Technology,Semiconductor Materials & Equipment,105.07,108.02,56.18,100.64,101.6,101.69,99.94,90.45,86.8,83.14
LW,Lamb Weston,Consumer Staples,Packaged Foods & Meats,57.57,82.35,47.25,56.89,56.73,55.59,54.02,53.39,53.32,57.05
LVS,Las Vegas Sands,Consumer Discretionary,Casinos & Gaming,53.75,58.05,29.84,54.99,55.94,54.85,51.8,45.61,44.15,45.27
LDOS,Leidos,Industrials,Diversified Support Services,178.41,201.22,122.92,178.92,180.42,179.83,169.93,159.51,154.83,151.5
LEN,Lennar,Consumer Discretionary,Homebuilding,142.4,184.74,97.54,137.82,135.68,132.8,121.51,114.62,114.31,122.39
LII,Lennox International,Industrials,Building Products,580.46,689.44,497.88,561.7,563.1,578.58,597.66,578.62,575.2,593.64
LLY,Lilly (Eli),Health Care,Pharmaceuticals,738.64,935.84,622.41,736.36,731.19,707.76,742.95,760.87,768.04,783.09
LIN,Linde plc,Materials,Industrial Gases,474.63,484.83,406.06,471.89,475.47,475.98,470.7,463.33,460.67,452.99
LYV,Live Nation Entertainment,Communication Services,Movies & Entertainment,169.4,169.65,92.57,164.65,165.44,163.19,154.87,147.07,142.65,141.16
LKQ,LKQ Corporation,Consumer Discretionary,Distributors,32.61,43.77,28.65,32.25,32.14,31.46,33.36,36.27,37.19,37.38
LMT,Lockheed Martin,Industrials,Aerospace & Defense,459.11,602.02,407.14,456.28,453.44,444.95,443.36,454.56,453.33,459.61
L,Loews Corporation,Financials,Multi-line Insurance,96.02,97.77,74.95,96.66,96.45,95.9,93.29,90.57,89.89,87.9
LOW,Lowe's,Consumer Discretionary,Home Improvement Retail,273.02,281.56,204.22,265.4,261.84,257.42,238.62,230.25,228.99,237.9
LULU,Lululemon Athletica,Consumer Discretionary,"Apparel, Accessories & Luxury Goods",168.1,423.32,162.8,188.15,195.86,196.86,211.7,245.46,256.02,299.99
LYB,LyondellBasell,Materials,Specialty Chemicals,54.63,89.94,46.44,54.81,55.62,53.91,56.79,56.25,57.85,63.12
MTB,M&T Bank,Financials,Regional Banks,199.22,219.44,148.52,199.74,199.38,195.03,193.99,185.11,181.87,186.35
MPC,Marathon Petroleum,Energy,Oil & Gas Refining & Marketing,181.19,183.5,113.82,179.92,178.22,170.44,171.06,161.65,156.72,152.69
MKTX,MarketAxess,Financials,Financial Exchanges & Data,187.17,292.5,178.2,183.32,185.04,186.37,200.65,210.25,210.66,214.37
MAR,Marriott International,Consumer Discretionary,"Hotels, Resorts & Cruise Lines",268.07,305.27,204.35,266.23,267.54,266.35,269.53,261.81,256.36,265.62
MMC,Marsh McLennan,Financials,Insurance Brokers,203.46,246.94,196.27,204.8,205.61,206.94,207.93,215.74,219.19,219.64
MLM,Martin Marietta Materials,Materials,Construction Materials,627.09,629.6,440.72,619.26,615.9,611.41,586.88,561.57,544.97,540.65
MAS,Masco,Industrials,Building Products,75.8,85.23,56.02,74.11,74.08,73.55,69.37,65.85,66.1,69.76
MA,Mastercard,Financials,Transaction & Payment Processing Services,586.6,601.77,464.22,590.32,591.29,587.86,571.96,566.16,558.02,550.12
MTCH,Match Group,Communication Services,Interactive Media & Services,38.77,39.2,26.24,37.78,37.52,37.49,34.99,32.42,31.94,32.09
MKC,McCormick & Company,Consumer Staples,Packaged Foods & Meats,70.15,85.22,68.23,69.97,70.16,70.08,71.31,72.64,73.87,74.92
MCD,McDonald's,Consumer Discretionary,Restaurants,312.8,322.65,271.85,315.26,313.11,310.13,302.29,304.21,304.03,299.04
MCK,McKesson Corporation,Health Care,Health Care Distributors,696.98,737.01,462.37,691.66,686.48,682.25,698.84,703.56,696.21,659.83
MDT,Medtronic,Health Care,Health Care Equipment,92.99,94.71,77.57,92.86,92.54,92.39,90.92,87.48,87.45,86.58
MRK,Merck & Co.,Health Care,Pharmaceuticals,84.09,116.37,72.58,84.5,84.42,84.07,82.56,80.46,81.79,86.51
META,Meta Platforms,Communication Services,Interactive Media & Services,752.3,796.25,479.43,745.11,747.01,756.7,739.04,683.31,661.98,651.23
MET,MetLife,Financials,Life & Health Insurance,79.6,87.17,64.24,80.4,80.71,79.39,77.96,77.47,77.42,79.17
MTD,Mettler Toledo,Health Care,Life Sciences Tools & Services,1314.65,1521.01,946.69,1290.55,1289.67,1297.32,1250.57,1188.19,1180.75,1215.87
MGM,MGM Resorts,Consumer Discretionary,Casinos & Gaming,36.2,42.54,25.3,37.39,38.26,37.23,37.05,34.64,33.78,34.27
MCHP,Microchip Technology,Information Technology,Semiconductors,65.3,79.31,33.63,64.51,65.56,65.34,68.43,62.5,59.39,58.74
MU,Micron Technology,Information Technology,Semiconductors,131.46,132.26,61.48,124.85,121.59,121.71,118.14,107.07,103.01,100.59
MSFT,Microsoft,Information Technology,Systems Software,498.2,554.54,343.59,502.33,504.1,509.63,509.09,475.76,456.74,442.99
MAA,Mid-America Apartment Communities,Real Estate,Multi-Family Residential REITs,144.65,170.0,137.32,143.95,143.88,142.26,145.47,149.96,151.6,152.19
MRNA,Moderna,Health Care,Biotechnology,24.83,79.96,23.15,24.5,24.62,25.76,28.79,27.57,28.11,31.92
MHK,Mohawk Industries,Consumer Discretionary,Home Furnishings,139.47,164.29,96.24,135.06,133.59,130.37,120.5,112.12,111.96,116.61
MOH,Molina Healthcare,Health Care,Managed Health Care,175.55,365.23,151.95,176.26,176.29,171.31,188.81,249.12,264.56,276.69
TAP,Molson Coors Beverage Company,Consumer Staples,Brewers,49.88,63.47,46.5,49.77,50.02,50.48,49.73,51.54,53.02,54.4
MDLZ,Mondelez International,Consumer Staples,Packaged Foods & Meats,61.94,73.95,53.2,61.53,61.62,61.94,65.14,65.71,65.61,63.55
MPWR,Monolithic Power Systems,Information Technology,Semiconductors,864.32,947.45,437.93,845.9,847.85,841.99,784.43,719.74,689.42,662.61
MNST,Monster Beverage,Consumer Staples,Soft Drinks & Non-alcoholic Beverages,63.02,66.75,45.7,63.02,62.57,63.3,61.63,61.65,60.78,57.33
MCO,Moody's Corporation,Financials,Financial Exchanges & Data,507.63,528.95,377.3,500.27,505.2,509.83,506.74,486.97,478.63,481.06
MS,Morgan Stanley,Financials,Investment Banking & Brokerage,148.79,151.86,91.36,148.96,149.14,147.43,143.65,133.85,129.55,129.15
MOS,Mosaic Company (The),Materials,Fertilizers & Agricultural Chemicals,32.58,38.23,22.14,32.72,33.09,32.67,34.61,33.88,32.29,29.78
MSI,Motorola Solutions,Information Technology,Communications Equipment,478.37,503.98,387.87,477.83,471.24,467.24,442.79,430.02,428.18,440.8
MSCI,MSCI Inc.,Financials,Financial Exchanges & Data,574.58,636.39,483.67,558.49,564.4,563.34,563.24,558.21,556.24,569.07
NDAQ,"Nasdaq, Inc.",Financials,Financial Exchanges & Data,94.99,97.63,64.64,94.03,94.42,94.71,93.06,86.97,84.29,82.45
NTAP,NetApp,Information Technology,"Technology Hardware, Storage & Peripherals",121.17,133.34,71.49,118.12,115.32,111.97,107.98,102.19,99.21,106.08
NFLX,Netflix,Communication Services,Movies & Entertainment,1244.76,1341.15,660.8,1237.27,1229.37,1224.76,1226.68,1196.82,1143.44,1064.57
NEM,Newmont,Materials,Gold,75.75,77.3,36.35,75.52,73.97,71.39,65.36,59.58,57.13,51.22
NWSA,News Corp (Class A),Communication Services,Publishing,29.94,30.75,23.38,29.29,29.49,29.51,29.48,28.62,28.2,28.26
NWS,News Corp (Class B),Communication Services,Publishing,33.97,35.58,26.25,33.33,33.77,33.95,33.94,33.0,32.42,32.17
NEE,NextEra Energy,Utilities,Multi-Utilities,69.77,83.5,60.75,71.16,72.23,73.08,72.68,70.79,70.38,70.37
NKE,"Nike, Inc.",Consumer Discretionary,"Apparel, Accessories & Luxury Goods",74.15,88.65,51.67,74.49,76.16,76.11,74.95,67.23,66.59,69.57
NI,NiSource,Utilities,Multi-Utilities,40.23,43.51,32.09,40.86,41.62,41.98,41.29,40.13,39.82,38.77
NDSN,Nordson Corporation,Industrials,Industrial Machinery & Supplies & Components,226.13,263.91,164.43,224.37,224.94,221.01,218.7,209.66,206.99,212.47
NSC,Norfolk Southern,Industrials,Rail Transportation,275.59,291.69,199.43,277.91,277.37,279.76,273.96,255.34,249.37,248.12
NTRS,Northern Trust,Financials,Asset Management & Custody Banks,127.43,132.18,80.54,128.25,129.35,127.92,127.13,114.85,110.71,108.71
NOC,Northrop Grumman,Industrials,Aerospace & Defense,581.9,598.64,420.66,582.56,584.56,584.33,557.49,520.91,516.19,498.31
NCLH,Norwegian Cruise Line Holdings,Consumer Discretionary,"Hotels, Resorts & Cruise Lines",24.53,29.29,14.21,25.17,25.03,24.65,23.75,20.87,20.41,22.5
NRG,NRG Energy,Utilities,Independent Power Producers & Energy Traders,147.76,175.96,74.96,147.08,146.87,148.64,153.24,145.55,135.33,121.59
NUE,Nucor,Materials,Steel,144.02,168.24,97.18,145.57,147.42,145.71,142.13,129.55,127.69,128.78
NVDA,Nvidia,Information Technology,Semiconductors,168.31,184.48,86.61,169.68,174.59,177.06,172.58,150.61,142.81,139.34
NVR,"NVR, Inc.",Consumer Discretionary,Homebuilding,8543.0,9964.77,6562.85,8362.57,8223.41,8165.86,7861.99,7513.44,7453.22,7705.65
NXPI,NXP Semiconductors,Information Technology,Semiconductors,225.5,253.03,147.4,227.7,232.46,229.47,224.9,211.53,207.22,210.33
ORLY,O’Reilly Automotive,Consumer Discretionary,Automotive Retail,106.4,106.54,73.11,104.66,104.07,103.27,98.5,94.75,94.04,90.41
OXY,Occidental Petroleum,Energy,Oil & Gas Exploration & Production,45.38,55.64,34.59,46.45,46.67,45.58,44.61,43.19,43.52,45.38
ODFL,Old Dominion,Industrials,Cargo Ground Transportation,151.11,231.78,140.65,149.67,151.14,151.04,156.48,157.92,158.66,171.37
OMC,Omnicom Group,Communication Services,Advertising,78.94,103.32,67.76,78.27,77.95,76.81,74.3,73.4,74.14,78.64
ON,ON Semiconductor,Information Technology,Semiconductors,48.88,76.06,31.04,48.56,49.63,49.92,53.55,49.05,47.34,51.55
OKE,Oneok,Energy,Oil & Gas Storage & Transportation,71.36,113.92,70.63,73.37,74.31,74.2,77.47,79.49,81.84,88.34
ORCL,Oracle Corporation,Information Technology,Application Software,238.48,260.87,118.18,228.61,231.49,237.36,238.97,201.69,189.85,182.78
OTIS,Otis Worldwide,Industrials,Industrial Machinery & Supplies & Components,87.37,105.86,83.85,86.46,86.71,87.27,91.19,93.41,94.54,95.05
PCAR,Paccar,Industrials,Construction Machinery & Heavy Transportation Equipment,98.25,114.66,84.08,98.12,99.35,99.11,97.97,94.97,95.11,99.68
PKG,Packaging Corporation of America,Materials,Paper & Plastic Packaging Products & Materials,215.93,246.22,171.6,216.46,215.14,207.57,203.03,195.57,194.94,205.48
PLTR,Palantir Technologies,Information Technology,Application Software,156.1,190.0,29.5,155.47,156.69,164.09,156.92,140.04,129.28,111.35
PANW,Palo Alto Networks,Information Technology,Systems Software,197.38,210.39,144.15,193.25,190.42,184.33,188.46,188.83,185.98,187.24
PSKY,Paramount Skydance Corporation,Communication Services,Movies & Entertainment,15.19,17.53,9.78,14.89,15.04,14.38,13.37,12.56,12.33,11.76
PH,Parker Hannifin,Industrials,Industrial Machinery & Supplies & Components,760.18,771.47,485.92,754.83,757.13,749.12,729.09,684.63,666.82,666.34
PAYX,Paychex,Industrials,Human Resource & Employment Services,135.43,160.03,125.38,135.96,137.32,137.79,141.16,145.57,145.45,144.25
PAYC,Paycom,Industrials,Human Resource & Employment Services,224.3,267.33,152.1,222.85,225.18,223.92,227.47,234.81,230.47,224.37
PYPL,PayPal,Financials,Transaction & Payment Processing Services,68.4,93.66,55.85,68.8,69.36,69.1,71.57,70.58,69.67,74.88
PNR,Pentair,Industrials,Industrial Machinery & Supplies & Components,110.68,111.8,73.85,108.9,108.77,107.4,105.46,100.23,97.19,98.35
PEP,PepsiCo,Consumer Staples,Soft Drinks & Non-alcoholic Beverages,141.71,172.75,125.14,145.92,146.09,146.88,141.44,135.84,137.58,141.41
PFE,Pfizer,Health Care,Pharmaceuticals,24.55,28.43,20.18,24.75,24.82,25.01,24.66,23.74,23.75,24.2
PCG,PG&E Corporation,Utilities,Multi-Utilities,14.56,21.62,12.97,15.11,15.09,15.15,14.42,15.33,15.62,16.51
PM,Philip Morris International,Consumer Staples,Tobacco,162.72,185.29,114.24,163.21,164.72,166.9,170.17,171.85,167.92,154.08
PSX,Phillips 66,Energy,Oil & Gas Refining & Marketing,130.21,135.47,89.26,131.54,131.62,126.97,125.16,118.47,117.73,118.49
PNW,Pinnacle West Capital,Utilities,Multi-Utilities,87.84,94.64,79.08,88.73,89.27,90.56,90.48,90.38,90.51,88.89
PNC,PNC Financial Services,Financials,Diversified Banks,203.77,210.46,142.39,205.19,204.92,199.19,195.32,182.23,178.69,184.01
POOL,Pool Corporation,Consumer Discretionary,Distributors,333.62,391.14,281.15,318.46,317.57,317.92,310.39,304.97,307.34,322.51
PPG,PPG Industries,Materials,Specialty Chemicals,111.53,133.97,89.08,109.99,110.92,111.13,111.9,110.09,109.31,112.19
PPL,PPL Corporation,Utilities,Electric Utilities,35.65,37.38,30.65,36.15,36.34,36.56,35.78,35.2,35.07,34.26
PFG,Principal Financial Group,Financials,Life & Health Insurance,79.71,88.63,67.06,79.91,79.8,78.63,78.6,77.09,77.49,78.43
PG,Procter & Gamble,Consumer Staples,Personal Care Products,159.01,177.66,149.91,158.88,157.61,157.04,156.16,158.93,160.13,162.54
PGR,Progressive Corporation,Financials,Property & Casualty Insurance,245.94,292.77,228.37,246.28,245.94,247.16,248.11,261.41,264.24,259.71
PLD,Prologis,Real Estate,Industrial REITs,113.56,128.08,84.54,112.41,112.41,109.94,108.5,106.78,106.58,108.74
PRU,Prudential Financial,Financials,Life & Health Insurance,105.84,125.75,88.12,107.05,108.16,106.95,104.78,103.32,103.53,107.51
PEG,Public Service Enterprise Group,Utilities,Electric Utilities,80.19,93.08,74.08,81.24,82.0,83.75,84.52,82.26,81.95,82.84
PTC,PTC Inc.,Information Technology,Application Software,212.73,219.69,133.38,212.95,213.68,211.14,202.38,183.05,177.19,179.58
PSA,Public Storage,Real Estate,Self-Storage REITs,294.72,359.28,254.04,292.94,292.09,288.17,287.63,291.86,291.2,295.37
PHM,PulteGroup,Consumer Discretionary,Homebuilding,141.42,148.55,87.88,137.0,134.29,130.82,120.55,110.79,108.86,110.82
PWR,Quanta Services,Industrials,Construction & Engineering,375.53,424.94,227.02,374.64,378.09,379.57,387.25,359.21,339.39,329.0
QCOM,Qualcomm,Information Technology,Semiconductors,160.24,178.09,119.4,158.81,158.64,156.73,155.56,151.31,150.54,153.91
DGX,Quest Diagnostics,Health Care,Health Care Services,182.53,185.62,144.09,180.87,180.4,180.42,175.19,174.75,172.96,167.68
RL,Ralph Lauren Corporation,Consumer Discretionary,"Apparel, Accessories & Luxury Goods",308.99,321.77,167.44,313.23,303.59,296.99,292.64,273.46,261.71,254.15
RJF,Raymond James Financial,Financials,Investment Banking & Brokerage,165.77,173.13,112.35,167.45,167.72,166.03,163.24,153.87,150.62,153.74
RTX,RTX Corporation,Industrials,Aerospace & Defense,154.22,161.26,111.21,157.31,158.15,156.61,153.08,143.13,140.25,132.84
O,Realty Income,Real Estate,Retail REITs,59.1,61.61,49.53,58.47,58.28,58.23,57.33,56.55,56.14,54.99
REG,Regency Centers,Real Estate,Retail REITs,73.08,76.68,62.82,72.98,72.61,72.05,71.31,71.27,71.13,71.45
REGN,Regeneron Pharmaceuticals,Health Care,Biotechnology,558.44,1170.14,475.77,568.15,574.8,573.93,561.12,557.47,571.51,623.92
RF,Regions Financial Corporation,Financials,Regional Banks,27.04,27.61,17.36,27.05,26.98,26.23,25.38,23.2,22.64,23.04
RSG,Republic Services,Industrials,Environmental & Facilities Services,228.13,258.14,195.62,231.46,232.58,233.38,237.18,242.61,241.32,231.52
RMD,ResMed,Health Care,Health Care Equipment,279.46,293.81,199.07,274.1,277.33,282.02,272.27,257.2,249.31,244.72
RVTY,Revvity,Health Care,Health Care Equipment,86.28,129.23,81.36,85.97,88.12,89.14,92.87,93.06,95.38,103.03
ROK,Rockwell Automation,Industrials,Electrical Components & Equipment,344.67,359.54,213.27,340.56,345.02,343.43,344.09,317.56,304.06,296.37
ROL,"Rollins, Inc.",Industrials,Environmental & Facilities Services,57.13,58.96,44.94,56.7,56.6,57.23,56.78,56.57,55.75,53.15
ROP,Roper Technologies,Information Technology,Electronic Equipment & Instruments,523.43,593.46,498.03,522.42,524.84,527.08,543.11,554.35,557.03,554.38
ROST,Ross Stores,Consumer Discretionary,Apparel Retail,151.57,157.36,122.01,151.46,149.96,148.59,140.38,140.14,137.88,141.0
RCL,Royal Caribbean Group,Consumer Discretionary,"Hotels, Resorts & Cruise Lines",351.06,366.5,152.4,354.49,355.93,338.53,334.29,289.0,272.17,260.4
SPGI,S&P Global,Financials,Financial Exchanges & Data,545.87,578.04,425.6,540.61,545.2,550.61,540.12,521.19,513.86,512.47
CRM,Salesforce,Information Technology,Application Software,252.27,367.42,226.48,251.27,250.89,245.83,255.63,262.37,263.64,288.12
SBAC,SBA Communications,Real Estate,Telecom Tower REITs,191.35,247.78,186.89,197.11,204.5,211.63,222.59,225.89,223.94,217.45
SLB,Schlumberger,Energy,Oil & Gas Equipment & Services,35.78,44.81,30.61,35.64,35.71,34.44,34.44,34.22,35.08,36.92
STX,Seagate Technology,Information Technology,"Technology Hardware, Storage & Peripherals",189.24,191.52,62.86,181.64,174.45,165.38,155.5,131.5,121.43,111.45
SRE,Sempra,Utilities,Multi-Utilities,79.41,93.45,61.37,81.55,81.75,81.79,79.59,77.18,75.44,78.19
NOW,ServiceNow,Information Technology,Systems Software,939.33,1198.09,678.66,916.5,906.11,889.26,936.67,954.79,925.73,967.9
SHW,Sherwin-Williams,Materials,Specialty Chemicals,375.23,397.81,307.5,367.48,367.03,365.47,352.39,349.98,347.61,351.56
SPG,Simon Property Group,Real Estate,Retail REITs,182.55,185.37,134.57,181.01,179.65,176.03,168.94,163.27,162.11,166.34
SWKS,Skyworks Solutions,Information Technology,Semiconductors,75.63,99.69,47.01,74.42,75.01,74.25,73.1,70.24,68.67,72.96
SJM,J.M. Smucker Company (The),Consumer Staples,Packaged Foods & Meats,111.59,121.73,92.38,111.57,110.29,110.93,107.64,107.7,108.49,107.69
SW,Smurfit Westrock,Materials,Paper & Plastic Packaging Products & Materials,46.69,55.46,36.31,46.77,46.55,45.02,45.33,43.84,43.64,46.77
SNA,Snap-on,Industrials,Industrial Machinery & Supplies & Components,326.96,366.68,262.13,325.95,327.11,325.75,322.3,317.94,319.48,327.54
SOLV,Solventum,Health Care,Health Care Technology,74.6,85.92,60.7,72.58,72.72,72.58,73.52,72.3,72.29,72.27
SO,Southern Company,Utilities,Electric Utilities,90.83,95.68,78.5,91.65,92.23,93.06,92.97,90.86,90.34,87.74
LUV,Southwest Airlines,Industrials,Passenger Airlines,31.71,37.75,23.55,31.72,32.27,31.59,32.72,31.48,31.27,31.31
SWK,Stanley Black & Decker,Industrials,Industrial Machinery & Supplies & Components,78.42,106.2,52.62,75.23,74.89,74.04,71.39,67.35,68.25,73.54
SBUX,Starbucks,Consumer Discretionary,Restaurants,84.17,115.87,74.48,86.73,86.99,89.02,91.0,88.26,89.09,93.15
STT,State Street Corporation,Financials,Asset Management & Custody Banks,111.65,116.37,72.29,112.98,114.07,113.01,110.84,102.19,98.73,97.71
STLD,Steel Dynamics,Materials,Steel,134.54,153.72,102.78,131.73,131.88,129.4,129.54,129.31,127.79,127.69
STE,Steris,Health Care,Health Care Equipment,248.32,252.46,199.99,244.3,245.74,246.13,236.56,235.7,232.97,226.27
SYK,Stryker Corporation,Health Care,Health Care Equipment,393.11,404.87,328.46,391.65,391.77,387.64,389.63,382.84,378.95,379.19
SMCI,Supermicro,Information Technology,"Technology Hardware, Storage & Peripherals",40.04,66.44,17.25,40.41,42.07,43.36,48.47,43.83,42.44,40.17
SYF,Synchrony Financial,Financials,Consumer Finance,75.14,77.41,40.15,75.74,75.67,73.75,71.26,64.03,61.39,62.55
SNPS,Synopsys,Information Technology,Application Software,609.08,651.73,365.74,598.66,600.52,607.19,593.38,534.18,513.65,512.0
SYY,Sysco,Consumer Staples,Food Distributors,81.55,83.17,66.65,81.62,80.74,80.53,79.25,75.7,74.9,74.52
TMUS,T-Mobile US,Communication Services,Wireless Telecommunication Services,242.9,274.51,189.91,251.27,250.97,252.01,242.0,241.18,244.37,241.16
TROW,T. Rowe Price,Financials,Asset Management & Custody Banks,108.17,121.15,76.8,107.76,108.01,107.53,104.86,98.22,96.52,101.67
TTWO,Take-Two Interactive,Communication Services,Interactive Home Entertainment,248.78,250.45,146.76,241.78,237.18,233.75,232.71,230.64,226.08,213.5
TPR,"Tapestry, Inc.",Consumer Discretionary,"Apparel, Accessories & Luxury Goods",104.82,113.62,39.36,104.17,102.35,102.16,101.75,89.24,85.2,79.53
TRGP,Targa Resources,Energy,Oil & Gas Storage & Transportation,160.52,215.2,139.32,163.94,164.38,164.17,166.25,165.78,169.62,178.33
TGT,Target Corporation,Consumer Staples,Consumer Staples Merchandise Retail,91.5,155.5,85.44,92.43,94.62,98.61,100.82,97.63,98.04,109.39
TEL,TE Connectivity,Information Technology,Electronic Manufacturing Services,207.87,212.01,115.38,207.14,206.98,204.86,194.0,174.33,167.15,159.61
TDY,Teledyne Technologies,Information Technology,Electronic Equipment & Instruments,546.3,570.56,416.0,544.98,543.23,543.61,540.98,513.02,507.31,499.15
TER,Teradyne,Information Technology,Semiconductor Materials & Equipment,118.9,143.64,65.6,119.67,118.66,114.61,103.65,91.99,90.02,100.84
TSLA,"Tesla, Inc.",Consumer Discretionary,Automobile Manufacturers,346.4,488.54,210.51,339.84,342.69,338.04,324.49,317.2,304.4,330.33
TXN,Texas Instruments,Information Technology,Semiconductors,185.82,220.1,137.77,191.32,198.06,196.83,199.61,188.98,184.98,185.95
TPL,Texas Pacific Land Corporation,Energy,Oil & Gas Exploration & Production,912.58,1759.83,762.48,916.5,915.04,900.24,954.84,1092.67,1131.26,1205.63
TXT,Textron,Industrials,Aerospace & Defense,82.74,91.23,57.69,80.95,80.94,80.26,80.95,77.15,75.82,76.49
TMO,Thermo Fisher Scientific,Health Care,Life Sciences Tools & Services,487.65,625.84,385.46,488.36,489.16,487.73,460.04,435.88,446.32,480.94
TJX,TJX Companies,Consumer Discretionary,Apparel Retail,140.84,145.58,109.83,139.83,138.23,136.32,129.67,128.26,126.48,124.83
TKO,TKO Group Holdings,Communication Services,Movies & Entertainment,200.47,200.71,112.59,191.3,189.07,187.57,177.03,169.66,165.24,158.68
TTD,Trade Desk (The),Communication Services,Advertising,52.03,141.53,42.96,52.79,53.12,53.02,69.14,67.72,65.01,82.84
TSCO,Tractor Supply,Consumer Discretionary,Other Specialty Retail,60.09,63.75,46.46,60.58,61.29,60.82,58.59,54.57,54.11,54.34
TT,Trane Technologies,Industrials,Building Products,414.93,476.19,297.5,412.23,417.13,422.77,433.8,419.04,403.37,393.68
TDG,TransDigm Group,Industrials,Aerospace & Defense,1293.24,1519.36,1107.45,1285.89,1297.47,1305.49,1390.13,1358.59,1338.07,1293.06
TRV,Travelers Companies (The),Financials,Property & Casualty Insurance,274.48,280.7,221.86,275.81,273.63,271.37,265.0,265.28,263.14,256.68
TRMB,Trimble Inc.,Information Technology,Electronic Equipment & Instruments,81.29,87.5,52.91,79.78,80.7,81.53,81.48,74.9,72.97,72.88
TFC,Truist Financial,Financials,Diversified Banks,46.01,47.46,32.72,46.49,46.49,45.44,44.54,41.65,41.0,42.2
TYL,Tyler Technologies,Information Technology,Application Software,566.1,661.31,513.52,557.32,556.87,563.81,570.58,568.74,568.42,582.05
TSN,Tyson Foods,Consumer Staples,Packaged Foods & Meats,55.9,64.65,51.39,56.23,56.42,56.35,55.04,55.57,56.41,56.94
USB,U.S. Bancorp,Financials,Diversified Banks,48.65,52.21,34.8,48.74,48.67,47.48,46.57,44.35,43.53,44.98
UBER,Uber,Industrials,Passenger Ground Transportation,94.36,97.71,59.33,92.62,93.98,93.55,92.37,88.36,85.08,79.15
UDR,"UDR, Inc.",Real Estate,Multi-Family Residential REITs,38.75,45.63,35.84,38.69,38.87,38.63,39.46,40.24,40.58,41.17
ULTA,Ulta Beauty,Consumer Discretionary,Other Specialty Retail,519.81,539.0,309.01,525.55,523.54,521.49,504.94,463.59,441.95,424.44
UNP,Union Pacific Corporation,Industrials,Rail Transportation,217.26,252.32,202.16,220.88,221.18,221.23,224.95,222.25,223.28,227.6
UAL,United Airlines Holdings,Industrials,Passenger Airlines,107.77,116.0,44.57,106.25,105.2,102.21,93.14,84.29,81.41,88.18
UPS,United Parcel Service,Industrials,Air Freight & Logistics,84.32,136.36,82.72,84.87,86.21,86.46,91.8,93.65,95.88,104.52
URI,United Rentals,Industrials,Trading Companies & Distributors,970.23,980.53,523.58,962.83,955.83,932.78,867.28,773.08,740.34,739.81
UNH,UnitedHealth Group,Health Care,Managed Health Care,320.25,621.24,234.6,312.54,308.4,298.43,289.09,318.74,359.25,420.41
UHS,Universal Health Services,Health Care,Health Care Facilities,185.76,242.21,152.16,184.93,183.42,181.46,175.56,177.89,177.96,180.99
VLO,Valero Energy,Energy,Oil & Gas Refining & Marketing,157.36,159.26,97.37,155.84,152.72,145.1,142.83,133.79,131.49,130.74
VTR,Ventas,Real Estate,Health Care REITs,68.08,70.82,55.85,67.82,67.79,67.97,66.57,65.59,65.77,63.97
VLTO,Veralto,Industrials,Environmental & Facilities Services,106.9,114.62,83.77,105.91,106.39,107.29,105.04,101.15,99.88,100.71
VRSN,Verisign,Information Technology,Internet Services & Infrastructure,282.92,309.71,174.64,277.48,274.15,271.08,277.36,275.74,269.19,246.66
VRSK,Verisk Analytics,Industrials,Research & Consulting Services,273.03,322.46,259.01,269.37,268.42,268.1,283.21,294.14,293.29,290.27
VZ,Verizon,Communication Services,Integrated Telecommunication Services,43.32,45.87,36.41,43.88,44.0,44.09,43.05,42.8,42.75,41.59
VRTX,Vertex Pharmaceuticals,Health Care,Biotechnology,395.25,519.88,362.5,397.18,393.42,392.15,428.41,442.94,453.2,452.28
VTRS,Viatris,Health Care,Pharmaceuticals,10.48,13.04,6.68,10.48,10.48,10.43,9.6,9.0,8.88,9.77
VICI,Vici Properties,Real Estate,Hotel & Resort REITs,33.31,34.01,27.24,33.43,33.51,33.15,33.11,32.35,32.1,31.19
V,Visa Inc.,Financials,Transaction & Payment Processing Services,342.3,374.85,266.36,347.49,348.94,345.84,347.79,349.63,346.49,339.15
VST,Vistra Corp.,Utilities,Electric Utilities,188.01,216.85,72.39,187.93,190.53,194.3,195.47,174.38,163.31,159.71
VMC,Vulcan Materials Company,Materials,Construction Materials,298.91,299.29,214.34,293.32,292.16,291.36,278.56,269.53,262.48,263.52
WRB,W. R. Berkley Corporation,Financials,Property & Casualty Insurance,72.41,75.77,54.76,72.31,71.83,71.57,70.42,71.15,69.99,66.18
GWW,W. W. Grainger,Industrials,Industrial Machinery & Supplies & Components,997.8,1219.65,889.92,1010.98,1012.53,997.07,1010.78,1030.48,1018.32,1043.04
WAB,Wabtec,Industrials,Construction Machinery & Heavy Transportation Equipment,190.93,215.82,151.42,192.35,193.44,192.78,199.29,197.35,193.45,194.11
WBA,Walgreens Boots Alliance,Consumer Staples,Drug Retail,11.98,13.25,7.98,11.98,12.03,11.93,11.67,11.39,11.33,10.81
WMT,Walmart,Consumer Staples,Consumer Staples Merchandise Retail,102.28,104.51,75.56,100.2,98.23,99.5,98.24,97.26,95.09,94.66
DIS,Walt Disney Company (The),Communication Services,Movies & Entertainment,118.84,124.69,79.76,118.24,118.07,117.01,118.97,112.44,108.82,109.69
WBD,Warner Bros. Discovery,Communication Services,Broadcasting,12.35,13.87,6.78,11.95,11.95,11.79,12.09,10.73,10.55,10.53
WM,Waste Management,Industrials,Environmental & Facilities Services,219.05,241.74,198.19,222.84,224.03,226.63,227.74,230.04,229.28,224.46
WAT,Waters Corporation,Health Care,Life Sciences Tools & Services,309.37,423.56,275.05,300.38,299.11,295.71,304.92,325.28,331.41,351.81
WEC,WEC Energy Group,Utilities,Electric Utilities,107.36,110.99,89.63,107.11,107.02,107.64,106.87,106.09,105.8,102.49
WFC,Wells Fargo,Financials,Diversified Banks,79.14,84.33,49.13,80.44,81.06,79.61,80.14,76.41,74.74,74.38
WELL,Welltower,Real Estate,Health Care REITs,169.36,170.99,120.11,168.01,167.42,165.87,161.71,155.48,153.62,146.6
WST,West Pharmaceutical Services,Health Care,Health Care Supplies,253.15,351.24,187.09,248.82,247.42,246.0,237.59,225.98,224.73,254.34
WDC,Western Digital,Information Technology,"Technology Hardware, Storage & Peripherals",93.29,93.5,28.74,88.71,84.5,80.08,73.37,61.36,57.05,54.13
WY,Weyerhaeuser,Real Estate,Timber REITs,25.95,33.04,23.71,25.47,25.71,25.75,25.66,25.7,26.15,27.31
WSM,"Williams-Sonoma, Inc.",Consumer Discretionary,Homefurnishing Retail,203.26,218.08,123.89,198.54,195.7,199.35,187.31,172.52,169.73,177.87
WMB,Williams Companies,Energy,Oil & Gas Storage & Transportation,56.85,63.45,42.4,57.35,57.41,57.39,58.24,58.57,58.35,57.21
WTW,Willis Towers Watson,Financials,Insurance Brokers,332.23,342.16,280.03,328.8,329.81,331.48,318.84,313.11,315.68,316.66
WDAY,"Workday, Inc.",Information Technology,Application Software,231.81,294.0,205.33,231.27,229.16,226.45,230.44,238.91,238.71,247.25
WYNN,Wynn Resorts,Consumer Discretionary,Casinos & Gaming,122.67,128.53,64.93,123.49,123.16,117.09,111.16,98.8,95.04,92.13
XEL,Xcel Energy,Utilities,Multi-Utilities,71.75,74.57,60.59,72.25,72.44,72.64,71.47,70.2,69.91,68.81
XYL,Xylem Inc.,Industrials,Industrial Machinery & Supplies & Components,140.03,144.93,99.87,140.52,141.76,141.73,136.93,129.71,126.99,125.43
YUM,Yum! Brands,Consumer Discretionary,Restaurants,147.99,161.72,120.38,145.25,145.44,145.85,146.08,145.1,146.52,142.7
ZBRA,Zebra Technologies,Information Technology,Electronic Equipment & Instruments,313.8,427.76,205.73,310.33,315.23,317.09,321.66,299.05,292.5,323.67
ZBH,Zimmer Biomet,Health Care,Health Care Equipment,104.71,114.14,88.99,105.05,105.81,104.63,98.35,96.55,98.93,101.7
ZTS,Zoetis,Health Care,Pharmaceuticals,151.75,197.92,138.77,152.72,154.01,153.77,152.88,156.04,156.44,160.82
