Symbol,Company,GICS_Sector,GICS_Sub_Industry,Current_Price,High_52_Week,Low_52_Week,SMA5,SMA10,SMA20,SMA50,SMA200,Score,Target_Pcnt,Target_Price,Stop_Loss
MMM,3M,Industrials,Industrial Conglomerates,156.6,159.47,122.31,156.06,155.83,155.77,153.73,144.79,-0.2,1.72,159.29,152.25
AOS,A. O. Smith,Industrials,Building Products,73.09,88.84,59.04,73.23,73.15,72.64,71.52,67.81,0.0,2.15,74.66,70.62
ABT,Abbott Laboratories,Health Care,Health Care Equipment,136.04,138.95,110.09,133.77,132.88,132.48,130.42,127.59,0.2,-0.59,135.24,129.73
ABBV,AbbVie,Health Care,Biotechnology,222.47,222.47,160.57,219.83,216.95,213.59,202.75,189.57,0.0,0.38,223.32,203.87
ACN,Accenture,Information Technology,IT Consulting & Other Services,239.7,394.31,236.81,239.03,242.85,249.53,258.18,310.9,-0.2,10.79,265.56,233.51
ADBE,Adobe Inc.,Information Technology,Application Software,365.9,552.96,333.65,359.05,355.8,354.63,356.01,401.22,-0.2,0.55,367.91,341.35
AMD,Advanced Micro Devices,Information Technology,Semiconductors,157.39,184.42,78.21,159.22,157.71,160.53,164.7,126.67,-0.2,8.08,170.11,150.95
AES,AES Corporation,Utilities,Independent Power Producers & Energy Traders,13.05,19.11,9.5,12.85,12.81,13.06,13.09,11.59,-0.2,4.98,13.7,12.42
AFL,Aflac,Financials,Life & Health Insurance,108.04,112.86,97.56,108.26,107.9,107.56,104.28,104.13,-0.2,1.43,109.58,105.53
A,Agilent Technologies,Health Care,Life Sciences Tools & Services,126.32,151.96,99.08,126.7,126.2,124.9,120.16,123.19,0.1,3.78,131.09,118.71
APD,Air Products,Materials,Industrial Gases,290.15,333.89,247.03,289.54,289.86,291.65,291.55,290.41,0.2,2.76,298.16,285.16
ABNB,Airbnb,Consumer Discretionary,"Hotels, Resorts & Cruise Lines",127.04,161.42,105.69,123.55,123.52,125.63,129.25,130.68,0.0,3.57,131.58,119.7
AKAM,Akamai Technologies,Information Technology,Internet Services & Infrastructure,76.28,106.67,68.21,76.41,77.19,77.45,76.87,83.23,0.1,4.14,79.44,75.46
ALB,Albemarle Corporation,Materials,Specialty Chemicals,81.84,108.94,50.16,80.98,78.22,80.0,77.12,73.83,0.0,6.6,87.24,72.75
ARE,Alexandria Real Estate Equities,Real Estate,Office REITs,86.19,117.58,66.61,86.02,85.3,83.56,79.93,83.98,0.1,1.75,87.7,79.43
ALGN,Align Technology,Health Care,Health Care Supplies,131.39,257.17,129.01,131.26,132.95,136.71,155.02,182.86,0.0,12.1,147.29,126.13
ALLE,Allegion,Industrials,Building Products,179.33,179.33,118.08,177.59,175.37,172.92,165.92,141.68,0.2,0.27,179.81,166.01
LNT,Alliant Energy,Utilities,Electric Utilities,64.17,66.97,54.87,64.03,64.17,64.75,64.63,61.24,0.2,3.54,66.44,63.06
ALL,Allstate,Financials,Property & Casualty Insurance,206.04,212.57,177.81,200.43,200.55,202.0,200.77,196.28,0.2,0.98,208.06,195.95
GOOGL,Alphabet Inc. (Class A),Communication Services,Interactive Media & Services,254.72,254.72,144.4,251.81,245.31,230.71,208.57,182.77,0.0,4.09,265.14,196.29
GOOG,Alphabet Inc. (Class C),Communication Services,Interactive Media & Services,255.24,255.24,146.27,252.12,245.64,231.17,209.29,184.16,0.0,3.93,265.27,197.06
MO,Altria,Consumer Staples,Tobacco,64.89,66.6,45.73,64.81,65.0,65.37,62.79,56.34,-0.2,2.5,66.51,64.24
AMZN,Amazon,Consumer Discretionary,Broadline Retail,231.48,242.06,167.32,231.96,232.23,230.84,227.74,214.67,0.0,2.48,237.22,224.47
AMCR,Amcor,Materials,Paper & Plastic Packaging Products & Materials,8.26,10.94,8.19,8.3,8.28,8.38,8.98,9.32,0.0,4.84,8.66,8.1
AEE,Ameren,Utilities,Multi-Utilities,99.13,102.53,81.22,99.16,99.47,99.63,99.54,95.49,0.2,1.97,101.08,98.18
AEP,American Electric Power,Utilities,Electric Utilities,107.06,114.06,87.97,107.39,107.94,109.58,109.81,102.28,-0.2,6.49,114.01,105.15
AXP,American Express,Financials,Consumer Finance,341.12,341.67,230.81,334.62,330.08,327.44,314.38,296.3,0.4,-0.23,340.34,314.54
AIG,American International Group,Financials,Multi-line Insurance,76.98,86.75,68.89,76.95,77.53,79.39,79.35,78.81,0.0,8.52,83.54,75.23
AMT,American Tower,Real Estate,Telecom Tower REITs,193.31,232.35,170.7,194.16,194.44,198.74,208.52,204.15,0.0,8.89,210.5,186.98
AWK,American Water Works,Utilities,Water Utilities,135.06,150.19,118.87,136.07,137.79,140.55,141.61,136.6,0.0,8.89,147.07,134.02
AMP,Ameriprise Financial,Financials,Asset Management & Custody Banks,489.52,569.83,419.45,488.17,491.67,501.64,510.67,511.89,-0.2,7.35,525.5,477.78
AME,Ametek,Industrials,Electrical Components & Equipment,187.87,196.08,150.9,187.93,188.36,187.12,183.58,179.25,0.0,1.55,190.78,183.45
AMGN,Amgen,Health Care,Biotechnology,285.41,326.46,252.22,276.69,278.12,282.44,289.29,283.63,0.2,2.92,293.74,271.13
APH,Amphenol,Information Technology,Electronic Components,123.94,123.94,58.9,120.51,118.63,114.39,109.32,83.95,0.0,0.25,124.25,104.54
ADI,Analog Devices,Information Technology,Semiconductors,245.33,254.62,163.21,245.94,246.75,248.55,238.38,218.64,0.0,3.99,255.12,241.99
AON,Aon plc,Financials,Insurance Brokers,351.32,407.61,334.44,356.49,362.54,366.62,363.49,367.9,-0.1,8.27,380.37,352.88
APA,APA Corporation,Energy,Oil & Gas Exploration & Production,23.48,25.74,13.62,23.79,23.2,22.98,20.82,19.77,0.0,4.3,24.49,21.47
APO,Apollo Global Management,Financials,Asset Management & Custody Banks,144.75,176.82,107.9,141.12,138.25,136.41,141.3,144.98,0.0,-1.2,143.01,129.8
AAPL,Apple Inc.,Information Technology,"Technology Hardware, Storage & Peripherals",245.5,258.1,172.0,239.44,236.03,234.37,223.83,221.22,0.4,-0.43,244.44,224.31
AMAT,Applied Materials,Information Technology,Semiconductor Materials & Equipment,190.1,211.69,126.23,180.49,172.94,167.18,176.73,167.59,0.0,-2.38,185.58,148.78
APTV,Aptiv,Consumer Discretionary,Automotive Parts & Equipment,85.28,85.37,47.92,83.89,83.2,81.39,74.55,65.46,0.0,0.28,85.52,77.26
ACGL,Arch Capital Group,Financials,Property & Casualty Insurance,88.4,109.22,84.99,88.24,89.68,90.76,89.7,91.69,0.1,6.56,94.2,87.32
ADM,Archer Daniels Midland,Consumer Staples,Agricultural Products & Services,61.65,64.21,41.01,61.29,61.53,62.1,58.48,50.8,0.2,3.45,63.78,60.42
ANET,Arista Networks,Information Technology,Communications Equipment,149.61,153.04,64.37,145.34,145.18,140.78,130.29,104.92,0.0,1.94,152.51,129.06
AJG,Arthur J. Gallagher & Co.,Financials,Insurance Brokers,299.65,347.33,273.85,293.98,295.86,298.07,298.5,311.9,-0.2,1.91,305.37,290.77
AIZ,Assurant,Financials,Multi-line Insurance,209.6,225.29,178.36,208.42,210.07,212.38,202.26,202.33,-0.3,4.24,218.49,206.27
T,AT&T,Communication Services,Integrated Telecommunication Services,29.01,29.62,20.4,29.34,29.33,29.2,28.41,26.26,0.0,2.79,29.82,28.57
ATO,Atmos Energy,Utilities,Gas Utilities,162.93,167.34,133.24,163.57,164.26,165.06,161.33,151.1,-0.2,2.97,167.77,162.34
ADSK,Autodesk,Information Technology,Application Software,322.67,326.79,238.84,320.91,322.39,312.7,301.7,291.15,0.2,6.5,343.64,281.75
ADP,Automatic Data Processing,Industrials,Human Resource & Employment Services,292.0,323.5,267.3,290.25,292.47,296.57,299.98,299.95,-0.2,5.05,306.75,286.37
AZO,AutoZone,Consumer Discretionary,Automotive Retail,4140.36,4354.54,2981.19,4192.6,4242.66,4214.0,4025.07,3657.75,-0.2,4.69,4334.54,4093.45
AVB,AvalonBay Communities,Real Estate,Multi-Family Residential REITs,192.96,232.03,182.72,192.85,193.86,193.46,193.89,205.47,0.0,2.1,197.01,189.92
AVY,Avery Dennison,Materials,Paper & Plastic Packaging Products & Materials,164.38,217.94,157.86,165.09,165.96,168.38,171.65,177.64,0.0,6.71,175.41,161.35
AXON,Axon Enterprise,Industrials,Aerospace & Defense,774.53,870.97,383.01,760.85,753.16,752.84,759.62,670.84,0.0,1.29,784.52,721.15
BKR,Baker Hughes,Energy,Oil & Gas Equipment & Services,47.34,48.05,33.92,46.92,46.61,45.89,43.94,41.46,0.2,0.89,47.76,44.01
BALL,Ball Corporation,Materials,"Metal, Glass & Plastic Containers",48.71,66.93,44.6,49.32,50.03,50.91,53.98,53.17,-0.2,9.79,53.48,48.33
BAC,Bank of America,Financials,Diversified Banks,52.25,52.25,34.0,51.41,50.82,50.37,48.26,44.47,0.2,-0.56,51.96,48.78
BAX,Baxter International,Health Care,Health Care Equipment,23.02,38.49,21.61,23.52,23.86,24.03,24.93,29.39,-0.4,8.21,24.91,23.16
BDX,Becton Dickinson,Health Care,Health Care Equipment,187.04,245.13,163.27,186.99,188.28,190.09,186.47,200.76,0.1,4.98,196.35,183.84
BRK-B,Berkshire Hathaway,Financials,Multi-Sector Holdings,492.85,539.8,442.29,491.64,492.54,495.03,482.99,489.15,-0.1,2.57,505.52,484.55
BBY,Best Buy,Consumer Discretionary,Computer & Electronics Retail,72.23,98.27,54.69,73.25,74.69,74.25,70.44,73.23,0.1,6.94,77.24,71.26
TECH,Bio-Techne,Health Care,Life Sciences Tools & Services,53.15,79.93,46.59,52.21,52.48,53.73,53.78,58.86,-0.2,7.98,57.39,50.08
BIIB,Biogen,Health Care,Biotechnology,142.5,201.44,113.38,143.64,143.94,140.75,135.05,136.04,0.1,4.53,148.96,132.54
BLK,BlackRock,Financials,Asset Management & Custody Banks,1142.85,1154.71,807.61,1129.15,1121.68,1120.28,1115.01,1004.65,0.0,0.6,1149.71,1090.87
BX,Blackstone Inc.,Financials,Asset Management & Custody Banks,187.62,194.8,118.51,185.49,181.74,176.03,172.17,157.23,0.0,1.08,189.65,162.43
XYZ,"Block, Inc.",Financials,Transaction & Payment Processing Services,77.03,98.92,46.53,76.1,75.27,76.61,75.66,71.45,0.0,5.01,80.89,72.33
BK,BNY Mellon,Financials,Asset Management & Custody Banks,108.71,108.71,69.2,107.23,106.1,105.33,102.21,87.96,0.2,-0.25,108.44,102.22
BA,Boeing,Industrials,Aerospace & Defense,215.65,237.38,136.59,215.34,220.06,226.45,227.83,192.82,-0.2,12.52,242.65,210.24
BKNG,Booking Holdings,Consumer Discretionary,"Hotels, Resorts & Cruise Lines",5444.44,5805.92,3988.9,5495.17,5504.85,5556.92,5565.72,5137.82,0.0,5.05,5719.38,5394.31
BSX,Boston Scientific,Health Care,Health Care Equipment,97.83,108.14,82.57,98.68,102.19,104.27,104.37,100.75,0.0,13.68,111.21,97.33
BMY,Bristol Myers Squibb,Health Care,Pharmaceuticals,45.02,61.62,43.31,45.89,46.43,46.85,46.93,51.3,-0.2,7.2,48.26,45.44
AVGO,Broadcom,Information Technology,Semiconductors,344.94,369.57,145.95,352.11,353.19,328.3,307.59,238.51,0.2,10.91,382.57,274.05
BR,Broadridge Financial Solutions,Industrials,Data Processing & Outsourced Services,241.46,265.85,205.08,244.91,248.44,251.31,251.07,238.03,0.0,8.15,261.14,241.49
BRO,Brown & Brown,Financials,Insurance Brokers,91.73,124.07,90.88,91.52,92.67,94.32,96.52,107.05,-0.2,7.13,98.27,90.37
BF-B,Brown–Forman,Consumer Staples,Distillers & Vintners,27.48,48.21,25.45,27.41,27.43,28.43,29.16,32.31,0.0,12.26,30.85,26.02
BLDR,Builders FirstSource,Industrials,Building Products,124.15,201.83,105.63,131.9,137.74,139.66,135.0,134.69,0.0,22.42,151.98,127.33
BG,Bunge Global,Consumer Staples,Agricultural Products & Services,79.17,96.95,67.23,80.69,81.79,82.98,80.18,77.16,0.2,10.75,87.68,78.29
BXP,"BXP, Inc.",Real Estate,Office REITs,76.44,86.01,56.05,77.47,76.28,74.24,70.18,68.61,0.2,4.84,80.14,68.35
CHRW,C.H. Robinson,Industrials,Air Freight & Logistics,136.07,137.09,85.99,135.06,131.83,129.45,117.3,102.37,0.0,0.62,136.91,121.98
CDNS,Cadence Design Systems,Information Technology,Application Software,373.35,373.35,231.64,357.21,354.52,351.3,345.67,303.42,0.2,-1.52,367.68,334.94
CZR,Caesars Entertainment,Consumer Discretionary,Casinos & Gaming,25.56,45.55,23.18,25.77,25.73,26.04,26.75,29.66,0.2,6.81,27.3,24.77
CPT,Camden Property Trust,Real Estate,Multi-Family Residential REITs,107.95,123.69,104.05,107.45,108.89,109.47,109.8,113.69,0.0,4.22,112.51,106.43
CPB,Campbell's Company (The),Consumer Staples,Packaged Foods & Meats,33.43,49.23,30.28,33.27,33.45,32.98,32.46,35.81,-0.1,3.35,34.55,31.42
COF,Capital One,Financials,Consumer Finance,228.32,229.74,143.45,226.92,224.87,224.37,218.23,195.01,0.2,0.53,229.53,219.21
CAH,Cardinal Health,Health Care,Health Care Distributors,149.6,167.63,106.71,149.39,150.22,149.52,153.31,140.33,0.0,1.87,152.4,146.63
KMX,CarMax,Consumer Discretionary,Automotive Retail,58.43,89.19,54.66,59.67,60.13,60.4,59.69,71.12,-0.1,6.69,62.34,58.46
CCL,Carnival,Consumer Discretionary,"Hotels, Resorts & Cruise Lines",30.52,32.49,16.43,31.12,31.41,31.55,30.34,25.09,-0.2,6.45,32.49,30.61
CARR,Carrier Global,Industrials,Building Products,60.39,81.67,55.21,60.88,61.99,63.71,68.07,67.84,-0.2,13.23,68.38,59.03
CAT,Caterpillar Inc.,Industrials,Construction Machinery & Heavy Transportation Equipment,466.54,466.96,271.63,452.15,438.75,432.39,424.77,368.15,0.2,-1.14,461.22,403.54
CBOE,Cboe Global Markets,Financials,Financial Exchanges & Data,233.06,253.24,189.73,234.46,234.42,236.28,240.96,220.13,-0.2,5.23,245.25,227.31
CBRE,CBRE Group,Real Estate,Real Estate Services,164.14,165.9,113.94,164.52,164.07,163.27,155.92,138.0,0.0,1.66,166.86,159.68
CDW,CDW Corporation,Information Technology,Technology Distributors,161.22,225.45,143.46,164.13,165.82,165.61,169.2,173.35,0.0,5.76,170.51,160.71
COR,Cencora,Health Care,Health Care Distributors,290.02,303.69,217.68,290.27,294.95,293.37,292.23,271.88,0.2,4.04,301.74,285.0
CNC,Centene Corporation,Health Care,Managed Health Care,31.77,76.32,25.21,32.08,31.89,30.48,28.76,50.99,0.1,6.83,33.94,27.02
CNP,CenterPoint Energy,Utilities,Multi-Utilities,38.02,38.94,27.48,38.02,37.92,37.82,37.75,35.27,0.0,0.89,38.36,37.27
CF,CF Industries,Materials,Fertilizers & Agricultural Chemicals,85.09,101.88,67.67,84.74,85.15,85.6,87.97,85.31,0.2,3.13,87.75,83.45
CRL,Charles River Laboratories,Health Care,Life Sciences Tools & Services,155.39,220.69,99.75,153.79,155.42,159.15,160.19,157.22,0.0,8.17,168.09,150.23
SCHW,Charles Schwab Corporation,Financials,Investment Banking & Brokerage,94.33,98.69,62.55,92.57,92.97,94.54,95.24,84.36,-0.4,4.48,98.56,90.52
CHTR,Charter Communications,Communication Services,Cable & Satellite,262.55,427.25,256.57,262.91,263.21,264.74,291.52,352.17,0.0,4.14,273.42,256.07
CVX,Chevron Corporation,Energy,Integrated Oil & Gas,156.21,164.65,130.67,158.4,157.4,157.91,154.23,147.63,0.2,3.67,161.94,153.86
CMG,Chipotle Mexican Grill,Consumer Discretionary,Restaurants,39.32,66.16,38.58,39.34,39.21,40.71,44.17,51.72,0.0,11.75,43.94,37.49
CB,Chubb Limited,Financials,Property & Casualty Insurance,273.89,301.45,256.04,273.35,275.97,275.87,273.84,279.14,0.1,2.77,281.48,270.25
CHD,Church & Dwight,Consumer Staples,Household Products,90.35,112.48,90.35,91.44,92.7,93.15,93.93,100.3,0.0,6.24,95.99,90.32
CI,Cigna,Health Care,Health Care Services,290.36,351.85,260.91,294.41,298.6,299.49,292.94,302.99,-0.3,5.8,307.2,291.77
CINF,Cincinnati Financial,Financials,Property & Casualty Insurance,156.11,157.35,125.84,154.98,154.8,154.34,151.85,144.47,0.0,0.54,156.95,151.72
CTAS,Cintas,Industrials,Diversified Support Services,200.13,227.2,181.05,199.72,201.17,205.31,214.26,208.43,-0.2,7.6,215.34,195.29
CSCO,Cisco,Information Technology,Communications Equipment,68.21,71.79,49.22,67.71,67.51,67.76,68.12,62.69,0.0,1.58,69.29,66.24
C,Citigroup,Financials,Diversified Banks,102.68,102.68,57.29,101.46,99.59,97.72,94.74,78.69,-0.2,0.06,102.74,92.71
CFG,Citizens Financial Group,Financials,Regional Banks,53.55,53.64,33.59,52.39,52.07,51.87,49.54,43.76,0.2,-0.41,53.33,50.4
CLX,Clorox,Consumer Staples,Household Products,121.66,165.31,116.82,123.77,124.17,122.43,123.6,137.81,0.0,5.36,128.18,116.69
CME,CME Group,Financials,Financial Exchanges & Data,261.53,288.01,204.06,260.64,261.06,263.9,271.08,258.12,0.0,3.63,271.02,256.77
CMS,CMS Energy,Utilities,Multi-Utilities,70.12,74.4,63.54,70.44,70.84,71.33,71.89,69.71,0.0,3.94,72.88,69.78
KO,Coca-Cola Company (The),Consumer Staples,Soft Drinks & Non-alcoholic Beverages,66.43,72.82,59.48,66.48,66.75,67.53,68.47,67.43,-0.2,4.4,69.35,65.7
CTSH,Cognizant,Information Technology,IT Consulting & Other Services,66.94,89.65,65.92,69.0,69.58,70.76,71.76,76.79,-0.4,10.07,73.68,67.84
COIN,Coinbase,Financials,Financial Exchanges & Data,342.46,419.78,151.47,332.22,324.44,315.62,338.31,273.33,0.0,-0.51,340.71,290.52
CL,Colgate-Palmolive,Consumer Staples,Household Products,81.17,101.53,81.17,81.71,82.75,83.53,85.03,88.71,0.0,5.93,85.98,81.09
CMCSA,Comcast,Communication Services,Cable & Satellite,31.59,43.96,31.41,32.11,32.82,33.36,33.47,34.92,-0.4,10.64,34.95,31.78
CAG,Conagra Brands,Consumer Staples,Packaged Foods & Meats,18.54,30.88,18.26,18.76,19.06,19.08,19.01,22.8,0.1,6.09,19.67,18.48
COP,ConocoPhillips,Energy,Oil & Gas Exploration & Production,91.92,111.14,81.29,93.22,93.02,95.0,94.11,93.88,0.2,8.8,100.01,89.98
ED,Consolidated Edison,Utilities,Multi-Utilities,96.33,111.42,85.77,96.33,96.76,97.82,100.19,99.19,-0.2,4.6,100.76,94.87
STZ,Constellation Brands,Consumer Staples,Distillers & Vintners,132.92,252.91,132.92,133.82,138.65,147.49,160.75,179.08,0.0,27.33,169.25,125.73
CEG,Constellation Energy,Utilities,Electric Utilities,330.9,354.46,170.52,325.64,318.93,314.83,322.26,278.17,-0.2,0.64,333.02,296.64
COO,Cooper Companies (The),Health Care,Health Care Supplies,68.17,111.1,64.32,66.07,67.02,68.36,70.8,81.02,-0.2,9.56,74.69,62.03
CPRT,Copart,Industrials,Diversified Support Services,45.85,63.84,45.33,46.42,47.47,48.1,47.2,54.08,-0.3,9.73,50.31,45.9
GLW,Corning Inc.,Information Technology,Electronic Components,79.56,79.62,38.69,78.55,76.47,72.26,64.9,52.05,0.0,2.71,81.72,62.8
CPAY,Corpay,Financials,Transaction & Payment Processing Services,301.93,389.55,283.07,305.8,307.94,315.41,319.77,338.41,0.0,10.08,332.36,298.45
CTVA,Corteva,Materials,Fertilizers & Agricultural Chemicals,70.86,76.93,54.65,70.42,71.66,72.56,72.38,65.87,0.2,6.49,75.46,69.67
CSGP,CoStar Group,Real Estate,Real Estate Services,87.1,96.83,69.29,88.27,87.77,88.63,89.68,80.17,0.0,4.67,91.17,86.09
COST,Costco,Consumer Staples,Consumer Staples Merchandise Retail,951.16,1073.97,869.13,955.74,961.83,955.28,958.11,974.5,0.0,2.67,976.56,934.04
CTRA,Coterra,Energy,Oil & Gas Exploration & Production,23.28,29.06,21.94,24.1,24.13,24.15,23.95,25.33,-0.3,6.53,24.8,23.5
CRWD,CrowdStrike,Information Technology,Systems Software,502.55,514.1,267.12,468.09,448.64,434.42,444.04,415.09,0.0,-3.58,484.56,384.28
CCI,Crown Castle,Real Estate,Telecom Tower REITs,93.6,112.8,81.15,93.7,93.66,95.88,100.79,96.25,0.0,8.72,101.76,90.0
CSX,CSX Corporation,Industrials,Rail Transportation,32.98,36.37,26.47,32.83,32.62,32.63,34.13,31.85,0.2,2.06,33.66,31.61
CMI,Cummins,Industrials,Construction Machinery & Heavy Transportation Equipment,423.64,426.39,264.26,418.29,411.02,404.85,384.23,344.72,0.2,0.0,423.64,386.04
CVS,CVS Health,Health Care,Health Care Services,74.92,74.98,42.33,74.06,73.59,73.1,67.65,61.87,0.0,1.16,75.79,70.42
DHR,Danaher Corporation,Health Care,Life Sciences Tools & Services,193.29,276.83,174.36,192.1,193.13,198.78,200.09,206.73,-0.2,9.63,211.9,185.65
DRI,Darden Restaurants,Consumer Discretionary,Restaurants,184.73,224.21,152.57,201.69,206.86,207.25,206.37,198.04,0.0,19.44,220.64,193.85
DDOG,Datadog,Information Technology,Application Software,138.82,168.65,87.0,136.62,137.48,135.26,136.72,127.48,-0.2,3.0,142.98,127.53
DVA,DaVita,Health Care,Health Care Services,130.16,177.35,127.69,129.89,131.93,134.67,137.23,146.62,-0.2,8.64,141.41,127.94
DAY,Dayforce,Industrials,Human Resource & Employment Services,68.8,81.8,49.33,68.83,68.93,69.21,62.0,62.59,0.1,1.63,69.92,68.5
DECK,Deckers Brands,Consumer Discretionary,Footwear,113.79,223.11,95.32,117.05,116.83,117.48,109.78,135.46,-0.1,9.65,124.77,110.18
DE,Deere & Company,Industrials,Agricultural & Farm Machinery,469.63,529.8,385.39,470.54,472.81,477.87,493.86,477.88,0.0,5.4,494.99,460.73
DELL,Dell Technologies,Information Technology,"Technology Hardware, Storage & Peripherals",131.94,142.14,70.88,129.77,126.8,127.3,129.73,112.03,0.0,2.57,135.33,119.27
DAL,Delta Air Lines,Industrials,Passenger Airlines,59.76,68.45,35.65,58.87,59.85,60.54,57.76,54.49,-0.2,5.14,62.83,58.25
DVN,Devon Energy,Energy,Oil & Gas Exploration & Production,33.96,41.79,26.43,34.62,34.63,34.97,33.72,33.21,0.2,6.63,36.21,33.73
DXCM,Dexcom,Health Care,Health Care Equipment,67.45,90.75,59.83,74.36,75.64,76.6,80.06,80.0,0.0,22.25,82.46,70.75
FANG,Diamondback Energy,Energy,Oil & Gas Exploration & Production,139.67,194.36,117.58,138.75,138.22,141.67,141.75,147.05,-0.2,7.73,150.47,132.86
DLR,Digital Realty,Real Estate,Data Center REITs,172.08,190.11,134.22,172.7,170.48,167.52,169.64,165.05,0.0,2.97,177.19,157.85
DG,Dollar General,Consumer Staples,Consumer Staples Merchandise Retail,102.11,116.32,67.66,104.78,105.34,107.91,109.94,92.48,-0.2,11.56,113.91,101.91
DLTR,Dollar Tree,Consumer Staples,Consumer Staples Merchandise Retail,95.26,117.16,61.21,96.81,97.54,103.09,109.16,86.75,-0.2,22.22,116.43,89.75
D,Dominion Energy,Utilities,Multi-Utilities,59.85,61.39,48.51,59.83,59.54,59.32,59.08,54.94,0.0,1.85,60.96,57.67
DPZ,Domino's,Consumer Discretionary,Restaurants,428.71,493.69,397.61,437.87,446.49,451.51,455.46,454.7,-0.4,10.14,472.18,430.85
DASH,DoorDash,Consumer Discretionary,Specialized Consumer Services,265.29,270.99,132.48,262.76,259.65,253.24,250.13,207.77,0.0,0.96,267.84,238.63
DOV,Dover Corporation,Industrials,Industrial Machinery & Supplies & Components,171.34,204.71,150.28,172.02,173.95,176.62,179.53,182.81,0.0,7.34,183.92,169.33
DOW,Dow Inc.,Materials,Commodity Chemicals,23.49,51.44,20.57,24.16,24.28,24.32,24.41,30.87,-0.4,6.81,25.09,23.56
DHI,D. R. Horton,Consumer Discretionary,Homebuilding,168.3,194.88,114.44,170.33,174.86,173.17,158.93,137.99,0.2,8.78,183.08,163.27
DTE,DTE Energy,Utilities,Multi-Utilities,135.67,140.36,113.22,135.26,135.0,135.56,136.49,129.54,0.0,1.78,138.08,133.04
DUK,Duke Energy,Utilities,Electric Utilities,121.08,124.85,102.96,121.04,121.11,121.76,121.17,115.13,0.2,2.51,124.12,119.41
DD,DuPont,Materials,Specialty Chemicals,78.1,87.69,54.51,77.45,77.31,77.07,74.73,72.82,0.0,0.45,78.45,75.69
EMN,Eastman Chemical Company,Materials,Specialty Chemicals,65.11,109.24,58.06,65.74,66.12,67.04,68.56,80.97,0.0,6.93,69.62,64.46
ETN,Eaton Corporation,Industrials,Electrical Components & Equipment,374.5,391.62,244.95,371.17,364.18,356.35,363.15,327.54,0.0,0.73,377.23,335.45
EBAY,eBay Inc.,Consumer Discretionary,Broadline Retail,91.11,100.46,56.61,89.98,90.99,92.18,89.53,73.26,-0.2,6.8,97.31,87.05
ECL,Ecolab,Materials,Specialty Chemicals,265.48,284.78,224.56,265.94,268.9,272.83,271.48,256.22,0.2,6.71,283.29,262.37
EIX,Edison International,Utilities,Electric Utilities,55.64,84.75,47.56,55.56,55.39,55.27,54.15,56.95,-0.3,1.85,56.67,53.87
EW,Edwards Lifesciences,Health Care,Health Care Equipment,74.41,81.83,64.54,75.06,76.92,79.07,78.62,74.67,0.2,13.26,84.28,73.86
EA,Electronic Arts,Communication Services,Interactive Home Entertainment,173.09,178.81,116.08,172.74,171.03,170.88,164.5,149.06,0.0,1.12,175.03,166.74
ELV,Elevance Health,Health Care,Managed Health Care,313.71,530.17,273.17,310.97,310.81,311.81,302.16,369.73,-0.1,2.12,320.36,303.26
EMR,Emerson Electric,Industrials,Electrical Components & Equipment,132.34,149.04,93.37,131.99,133.1,132.85,136.52,123.41,-0.2,3.29,136.69,129.01
ENPH,Enphase Energy,Information Technology,Semiconductor Materials & Equipment,38.42,119.74,30.11,38.51,38.14,37.94,36.46,51.47,-0.1,2.65,39.44,36.45
ETR,Entergy,Utilities,Electric Utilities,88.67,91.02,62.0,88.63,88.56,88.5,88.06,82.25,-0.2,2.11,90.54,86.46
EOG,EOG Resources,Energy,Oil & Gas Exploration & Production,116.0,134.72,102.81,118.51,118.59,120.4,119.33,119.8,0.1,8.33,125.66,115.14
EPAM,EPAM Systems,Information Technology,IT Consulting & Other Services,156.2,267.63,143.33,154.93,157.12,164.96,163.38,190.73,-0.1,16.55,182.05,147.88
EQT,EQT Corporation,Energy,Oil & Gas Exploration & Production,49.19,60.26,33.09,49.7,50.26,51.1,52.4,51.52,0.0,7.93,53.09,49.1
EFX,Equifax,Industrials,Research & Consulting Services,257.58,300.05,204.69,259.62,256.51,250.67,248.6,252.32,-0.1,3.48,266.54,234.78
EQIX,Equinix,Real Estate,Data Center REITs,791.25,968.75,731.64,785.26,783.81,781.36,778.17,846.57,-0.1,1.05,799.56,763.14
EQR,Equity Residential,Real Estate,Multi-Family Residential REITs,65.05,75.24,61.2,64.92,65.68,65.45,65.28,67.94,-0.1,3.15,67.1,63.79
ERIE,Erie Indemnity,Financials,Insurance Brokers,317.99,537.71,317.99,320.1,327.49,337.45,349.34,378.78,-0.2,15.04,365.82,309.08
ESS,Essex Property Trust,Real Estate,Multi-Family Residential REITs,267.55,308.41,252.08,266.52,266.67,266.21,268.83,279.61,-0.2,1.3,271.03,261.39
EL,Estée Lauder Companies (The),Consumer Staples,Personal Care Products,87.8,98.93,49.61,87.98,87.53,88.92,89.32,74.65,0.0,5.9,92.98,84.87
EG,Everest Group,Financials,Reinsurance,335.38,400.34,324.54,334.85,339.23,341.02,336.62,345.27,0.1,4.6,350.81,331.24
EVRG,Evergy,Utilities,Electric Utilities,72.29,72.6,56.74,71.78,71.72,71.66,70.78,66.05,-0.2,0.43,72.6,70.73
ES,Eversource Energy,Utilities,Electric Utilities,67.0,67.0,53.58,64.62,64.46,64.29,65.13,61.08,0.4,-0.75,66.5,62.08
EXC,Exelon,Utilities,Electric Utilities,43.41,46.54,35.25,43.18,43.22,43.58,43.83,42.15,-0.4,2.97,44.7,42.46
EXE,Expand Energy,Energy,Oil & Gas Exploration & Production,98.5,120.67,72.15,98.03,96.79,96.51,98.08,102.62,-0.2,0.94,99.43,93.6
EXPE,Expedia Group,Consumer Discretionary,"Hotels, Resorts & Cruise Lines",222.43,228.24,136.05,224.55,221.67,217.74,201.38,180.37,0.0,2.25,227.43,208.03
EXPD,Expeditors International,Industrials,Air Freight & Logistics,120.15,129.72,102.14,123.63,122.9,121.95,118.71,114.77,-0.2,4.11,125.09,118.81
EXR,Extra Space Storage,Real Estate,Self-Storage REITs,139.32,175.34,123.86,142.47,143.66,142.35,141.89,144.7,0.1,5.52,147.01,137.7
XOM,ExxonMobil,Energy,Integrated Oil & Gas,112.82,121.0,98.11,113.81,112.64,112.48,110.05,107.78,0.2,2.45,115.58,109.37
FFIV,"F5, Inc.",Information Technology,Communications Equipment,328.69,334.59,213.57,326.43,326.11,320.25,313.28,285.2,0.2,1.72,334.34,306.14
FDS,FactSet,Financials,Financial Exchanges & Data,289.15,490.93,289.15,323.21,345.83,360.33,385.02,433.3,-0.2,41.86,410.19,310.47
FICO,Fair Isaac,Information Technology,Application Software,1477.21,2382.4,1311.26,1531.98,1541.56,1509.97,1464.96,1793.03,0.1,9.09,1611.49,1408.46
FAST,Fastenal,Industrials,Trading Companies & Distributors,47.58,50.39,34.08,47.39,47.58,48.67,47.66,40.93,0.0,7.44,51.12,46.22
FRT,Federal Realty Investment Trust,Real Estate,Retail REITs,99.62,113.73,82.59,100.02,100.61,100.35,96.49,98.32,0.1,2.77,102.38,98.32
FDX,FedEx,Industrials,Air Freight & Logistics,231.75,298.15,195.55,227.48,227.22,227.78,227.78,237.56,-0.2,0.98,234.02,221.55
FIS,Fidelity National Information Services,Financials,Transaction & Payment Processing Services,65.11,89.09,65.11,66.37,66.96,68.08,72.61,75.66,0.0,9.26,71.14,65.02
FITB,Fifth Third Bancorp,Financials,Regional Banks,46.08,47.14,33.02,45.73,45.59,45.5,43.66,40.96,0.0,0.72,46.41,44.58
FSLR,First Solar,Information Technology,Semiconductors,212.49,255.75,120.38,209.02,206.02,202.32,191.02,166.45,0.2,0.17,212.85,191.77
FE,FirstEnergy,Utilities,Electric Utilities,43.21,43.95,37.17,43.34,43.4,43.49,42.63,40.4,0.2,1.53,43.87,43.11
FI,Fiserv,Financials,Transaction & Payment Processing Services,131.8,237.79,131.8,132.85,133.8,135.57,141.16,184.93,0.0,6.25,140.04,131.11
F,Ford Motor Company,Consumer Discretionary,Automobile Manufacturers,11.62,11.91,8.45,11.66,11.63,11.69,11.39,10.16,0.0,2.5,11.91,11.48
FTNT,Fortinet,Information Technology,Systems Software,84.21,114.57,74.39,81.25,80.65,79.34,87.77,97.46,0.4,-1.53,82.92,75.76
FTV,Fortive,Industrials,Industrial Machinery & Supplies & Components,48.63,62.32,46.49,48.56,48.44,48.22,48.81,53.86,0.0,1.81,49.51,46.94
FOXA,Fox Corporation (Class A),Communication Services,Broadcasting,60.62,62.48,39.83,59.18,59.12,59.48,57.45,53.3,-0.2,2.28,62.0,56.97
FOX,Fox Corporation (Class B),Communication Services,Broadcasting,54.55,56.81,36.9,53.45,53.45,54.03,52.42,49.38,0.0,3.56,56.49,51.57
BEN,Franklin Resources,Financials,Asset Management & Custody Banks,24.42,26.03,16.43,24.33,24.49,24.97,24.87,21.37,0.2,6.59,26.03,23.91
FCX,Freeport-McMoRan,Materials,Copper,44.94,51.16,28.93,45.18,45.2,44.97,43.61,39.85,0.0,4.18,46.82,43.13
GRMN,Garmin,Consumer Discretionary,Consumer Electronics,235.12,240.92,159.13,235.81,236.87,236.29,230.97,212.45,0.0,2.62,241.28,231.3
IT,Gartner,Information Technology,IT Consulting & Other Services,256.39,551.8,225.98,252.22,247.47,246.78,281.03,414.41,-0.2,0.61,257.95,235.6
GE,GE Aerospace,Industrials,Aerospace & Defense,301.14,301.14,159.16,293.5,286.64,280.54,273.22,221.58,0.2,-0.88,298.49,262.61
GEHC,GE HealthCare,Health Care,Health Care Equipment,74.91,93.69,58.69,76.16,76.8,75.37,74.55,77.04,-0.1,5.78,79.24,71.51
GEV,GE Vernova,Industrials,Heavy Electrical Equipment,624.17,664.55,235.21,619.31,620.57,612.38,615.42,440.91,-0.2,3.91,648.58,576.21
GEN,Gen Digital,Information Technology,Systems Software,28.99,32.03,23.31,28.77,29.13,29.71,29.99,28.13,0.0,8.14,31.35,28.07
GNRC,Generac,Industrials,Electrical Components & Equipment,182.28,202.85,101.92,183.39,184.0,184.52,179.53,148.54,0.2,6.23,193.64,175.41
GD,General Dynamics,Industrials,Aerospace & Defense,324.08,329.62,239.38,325.46,325.02,323.96,315.94,278.91,0.2,1.42,328.68,319.26
GIS,General Mills,Consumer Staples,Packaged Foods & Meats,50.35,72.02,48.44,49.59,49.9,49.7,49.82,55.36,0.0,0.91,50.81,48.59
GM,General Motors,Consumer Discretionary,Automobile Manufacturers,58.98,59.57,42.24,58.88,58.51,58.39,55.49,50.49,0.0,0.51,59.28,57.5
GPC,Genuine Parts Company,Consumer Discretionary,Distributors,137.33,142.77,103.92,138.63,139.55,138.77,133.93,122.33,0.2,3.54,142.19,135.35
GILD,Gilead Sciences,Health Care,Biotechnology,114.09,119.64,79.83,112.67,113.87,113.37,113.32,104.64,0.0,1.85,116.2,110.55
GPN,Global Payments,Financials,Transaction & Payment Processing Services,86.55,118.08,67.06,85.28,85.69,86.75,84.22,91.31,-0.3,3.55,89.62,83.89
GL,Globe Life,Financials,Life & Health Insurance,145.43,145.43,102.81,143.03,141.98,141.14,136.36,123.61,0.4,-0.8,144.27,138.01
GDDY,GoDaddy,Information Technology,Internet Services & Infrastructure,144.76,214.35,133.35,144.98,146.05,146.09,152.46,178.7,0.0,3.19,149.38,142.8
GS,Goldman Sachs,Financials,Investment Banking & Brokerage,805.0,805.0,457.48,795.16,781.6,761.02,734.55,624.77,0.0,0.67,810.39,711.62
HAL,Halliburton,Energy,Oil & Gas Equipment & Services,22.51,31.1,18.96,22.27,22.2,22.19,21.75,23.22,-0.1,1.33,22.81,21.57
HIG,Hartford (The),Financials,Property & Casualty Insurance,130.95,134.7,105.0,130.82,131.26,131.9,128.03,120.33,0.0,2.46,134.17,129.62
HAS,Hasbro,Consumer Discretionary,Leisure Products,74.15,81.85,49.75,74.73,76.76,78.77,77.56,65.24,0.0,13.27,83.99,73.55
HCA,HCA Healthcare,Health Care,Health Care Facilities,402.3,420.02,294.93,400.99,403.52,405.0,384.05,348.95,-0.2,3.67,417.06,392.92
DOC,Healthpeak Properties,Real Estate,Health Care REITs,18.47,21.82,16.53,18.35,18.23,18.05,17.71,18.39,0.1,0.65,18.59,17.51
HSIC,Henry Schein,Health Care,Health Care Distributors,67.86,81.91,62.7,68.2,68.23,68.49,68.83,70.94,0.2,3.23,70.05,66.93
HSY,Hershey Company (The),Consumer Staples,Packaged Foods & Meats,190.18,193.45,141.22,189.87,188.07,185.64,181.51,168.01,0.2,1.19,192.44,178.85
HPE,Hewlett Packard Enterprise,Information Technology,"Technology Hardware, Storage & Peripherals",24.99,25.24,12.35,24.77,24.46,23.58,21.83,19.41,0.0,2.24,25.55,21.6
HLT,Hilton Worldwide,Consumer Discretionary,"Hotels, Resorts & Cruise Lines",268.61,278.5,201.05,269.29,272.53,274.08,271.04,252.0,0.2,4.61,280.99,267.17
HOLX,Hologic,Health Care,Health Care Equipment,66.33,83.72,52.73,65.99,65.95,66.4,66.44,65.13,0.4,3.95,68.95,63.85
HD,Home Depot (The),Consumer Discretionary,Home Improvement Retail,415.69,423.6,331.29,418.87,418.9,413.34,392.47,379.21,0.2,2.72,427.0,399.71
HON,Honeywell,Industrials,Industrial Conglomerates,209.37,239.16,180.99,210.79,212.14,215.52,220.42,216.65,-0.2,7.04,224.11,206.93
HRL,Hormel Foods,Consumer Staples,Packaged Foods & Meats,24.82,32.6,24.73,24.88,25.09,25.94,27.68,29.26,0.0,16.92,29.02,22.86
HST,Host Hotels & Resorts,Real Estate,Hotel & Resort REITs,17.42,18.25,12.54,17.57,17.56,17.37,16.55,15.82,0.2,2.64,17.88,16.87
HWM,Howmet Aerospace,Industrials,Aerospace & Defense,190.23,192.01,94.42,188.83,185.64,180.29,181.26,149.17,0.0,1.44,192.97,167.62
HPQ,HP Inc.,Information Technology,"Technology Hardware, Storage & Peripherals",28.16,37.77,21.42,27.95,28.23,28.08,26.45,27.96,0.1,4.23,29.35,26.81
HUBB,Hubbell Incorporated,Industrials,Industrial Machinery & Supplies & Components,441.44,466.13,313.96,437.67,439.29,438.11,431.81,397.99,-0.2,1.59,448.46,427.75
HUM,Humana,Health Care,Managed Health Care,252.66,315.37,220.41,266.93,274.68,289.16,266.96,260.36,-0.2,28.67,325.1,253.21
HBAN,Huntington Bancshares,Financials,Regional Banks,17.72,17.87,12.26,17.58,17.56,17.52,16.87,15.84,0.0,0.85,17.87,17.17
HII,Huntington Ingalls Industries,Industrials,Aerospace & Defense,275.13,277.49,156.78,273.7,272.82,271.83,266.05,219.67,-0.2,0.61,276.81,266.85
IBM,IBM,Information Technology,IT Consulting & Other Services,266.4,292.8,199.27,260.85,258.68,251.31,254.92,248.57,0.0,0.39,267.44,235.2
IEX,IDEX Corporation,Industrials,Industrial Machinery & Supplies & Components,161.03,233.54,157.53,161.54,161.91,163.43,168.17,185.16,0.2,4.43,168.16,158.71
IDXX,Idexx Laboratories,Health Care,Health Care Equipment,656.16,682.78,361.04,648.43,647.48,644.76,612.17,495.22,0.0,0.09,656.75,632.78
ITW,Illinois Tool Works,Industrials,Industrial Machinery & Supplies & Components,261.86,273.51,217.09,262.73,263.48,264.49,260.98,252.4,0.2,2.69,268.9,260.08
INCY,Incyte,Health Care,Biotechnology,86.53,86.96,55.17,84.87,85.2,85.2,79.86,70.35,0.0,1.16,87.53,82.87
IR,Ingersoll Rand,Industrials,Industrial Machinery & Supplies & Components,81.61,105.27,66.72,79.78,79.9,79.81,81.28,84.15,0.0,0.77,82.24,77.38
PODD,Insulet Corporation,Health Care,Health Care Equipment,330.84,352.82,227.79,331.8,337.87,338.27,314.13,287.58,-0.2,6.88,353.6,322.95
INTC,Intel,Information Technology,Semiconductors,29.58,30.57,18.13,27.02,25.75,25.13,23.27,21.77,0.2,-3.68,28.49,21.77
IBKR,Interactive Brokers,Financials,Investment Banking & Brokerage,65.03,67.54,32.13,63.4,62.99,62.85,63.14,51.95,-0.2,0.29,65.22,60.48
ICE,Intercontinental Exchange,Financials,Financial Exchanges & Data,169.77,187.92,141.62,171.26,172.36,174.36,179.2,168.89,-0.2,5.88,179.75,168.97
IFF,International Flavors & Fragrances,Materials,Specialty Chemicals,63.53,104.49,63.34,63.9,64.72,65.71,68.67,76.65,0.0,7.62,68.37,63.05
IP,International Paper,Materials,Paper & Plastic Packaging Products & Materials,46.43,58.45,43.05,46.46,46.56,47.7,48.74,50.05,0.0,8.08,50.18,45.21
IPG,Interpublic Group of Companies (The),Communication Services,Advertising,25.65,30.52,22.33,26.12,26.32,26.48,25.58,25.54,-0.4,6.0,27.19,25.76
INTU,Intuit,Information Technology,Application Software,687.92,807.39,542.39,665.64,663.36,664.14,717.07,663.13,0.4,-0.75,682.76,645.5
ISRG,Intuitive Surgical,Health Care,Health Care Equipment,438.72,610.45,433.66,435.34,446.98,456.93,477.41,522.48,-0.2,11.21,487.9,425.97
IVZ,Invesco,Financials,Asset Management & Custody Banks,22.49,22.65,11.86,22.35,22.31,22.08,20.97,16.98,0.0,0.84,22.68,21.47
INVH,Invitation Homes,Real Estate,Single-Family Residential REITs,29.64,35.27,29.52,29.6,29.92,30.32,30.81,32.05,0.0,6.04,31.43,29.22
IQV,IQVIA,Health Care,Life Sciences Tools & Services,187.22,244.62,137.0,187.38,187.6,187.57,184.19,177.57,-0.2,2.59,192.07,183.08
IRM,Iron Mountain,Real Estate,Other Specialized REITs,99.89,124.18,75.72,99.69,97.66,94.25,94.38,95.4,0.0,2.26,102.15,86.35
JBHT,J.B. Hunt,Industrials,Cargo Ground Transportation,132.52,195.43,123.94,135.25,137.66,141.36,143.91,151.44,0.0,13.5,150.41,132.31
JBL,Jabil,Information Technology,Electronic Manufacturing Services,224.34,230.3,107.64,218.13,215.31,211.31,216.61,172.8,0.0,-0.82,222.5,200.11
JKHY,Jack Henry & Associates,Financials,Transaction & Payment Processing Services,151.97,189.99,151.97,156.74,158.96,160.45,165.75,172.69,-0.2,9.35,166.18,154.73
J,Jacobs Solutions,Industrials,Construction & Engineering,149.17,151.85,109.18,147.8,146.76,146.53,144.32,131.25,0.2,0.7,150.21,142.85
JNJ,Johnson & Johnson,Health Care,Pharmaceuticals,176.19,178.76,138.72,176.28,176.89,177.15,171.62,156.48,-0.2,1.84,179.43,174.88
JCI,Johnson Controls,Industrials,Building Products,108.69,111.73,70.88,107.87,107.6,107.38,106.86,91.83,0.0,0.63,109.37,105.37
JPM,JPMorgan Chase,Financials,Diversified Banks,314.78,314.78,200.72,311.57,306.16,302.53,296.21,263.41,-0.2,0.11,315.13,289.92
K,Kellanova,Consumer Staples,Packaged Foods & Meats,77.38,81.71,77.28,78.54,78.96,79.1,79.25,80.08,-0.4,3.62,80.18,78.03
KVUE,Kenvue,Consumer Staples,Personal Care Products,18.34,24.0,18.1,18.23,18.48,19.54,20.78,21.64,-0.2,19.63,21.94,17.14
KDP,Keurig Dr Pepper,Consumer Staples,Soft Drinks & Non-alcoholic Beverages,27.11,36.99,26.75,27.06,27.28,28.6,31.77,32.52,0.0,19.29,32.34,24.85
KEY,KeyCorp,Financials,Regional Banks,19.08,19.23,12.92,18.88,19.01,19.01,18.36,16.68,-0.2,1.47,19.36,18.67
KEYS,Keysight Technologies,Information Technology,Electronic Equipment & Instruments,178.15,185.11,127.02,174.42,172.36,168.96,165.79,161.47,0.0,-0.55,177.17,160.75
KMB,Kimberly-Clark,Consumer Staples,Household Products,124.62,144.6,121.02,125.25,127.24,127.95,128.75,131.04,0.0,5.87,131.94,123.97
KIM,Kimco Realty,Real Estate,Retail REITs,21.94,24.65,18.27,22.1,22.25,22.22,21.62,21.24,0.2,3.42,22.69,21.75
KMI,Kinder Morgan,Energy,Oil & Gas Storage & Transportation,27.42,30.24,20.67,27.45,27.29,27.01,27.1,27.0,-0.2,1.46,27.82,26.21
KKR,KKR & Co.,Financials,Asset Management & Custody Banks,148.92,166.38,92.52,146.34,143.54,141.12,143.07,133.86,-0.2,0.03,148.96,133.28
KLAC,KLA Corporation,Information Technology,Semiconductor Materials & Equipment,1044.81,1046.69,573.9,1012.17,974.35,925.25,915.02,775.54,0.0,0.05,1045.33,805.12
KHC,Kraft Heinz,Consumer Staples,Packaged Foods & Meats,26.42,34.07,25.24,25.96,26.27,26.74,27.11,27.84,0.0,6.17,28.05,25.43
KR,Kroger,Consumer Staples,Food Retail,65.58,73.97,53.53,66.54,67.09,67.76,69.86,66.27,-0.4,6.56,69.88,65.65
LHX,L3Harris,Industrials,Aerospace & Defense,283.94,284.27,191.79,282.94,279.48,276.92,272.28,232.8,0.2,0.47,285.27,268.57
LH,Labcorp,Health Care,Health Care Services,277.27,279.72,209.65,276.0,276.59,276.49,266.9,247.34,0.0,1.06,280.21,272.78
LRCX,Lam Research,Information Technology,Semiconductor Materials & Equipment,126.92,126.92,58.94,122.96,116.54,108.82,103.39,85.23,0.0,0.84,127.99,89.65
LW,Lamb Weston,Consumer Staples,Packaged Foods & Meats,55.66,80.72,47.73,56.32,56.57,56.62,54.87,56.21,-0.1,4.22,58.01,55.23
LVS,Las Vegas Sands,Consumer Discretionary,Casinos & Gaming,53.87,57.71,30.35,52.95,53.52,54.79,52.9,45.44,0.2,7.78,58.06,51.52
LDOS,Leidos,Industrials,Diversified Support Services,187.45,199.29,125.82,184.74,182.85,181.61,173.57,152.16,0.2,-0.16,187.15,176.07
LEN,Lennar,Consumer Discretionary,Homebuilding,127.32,183.45,101.84,132.15,135.45,135.23,125.53,121.08,-0.4,11.66,142.17,128.3
LII,Lennox International,Industrials,Building Products,539.64,674.16,506.5,545.91,553.86,559.05,589.81,589.37,0.0,8.75,586.86,531.24
LLY,Lilly (Eli),Health Care,Pharmaceuticals,751.99,925.78,624.28,757.59,754.35,741.42,738.98,783.13,-0.1,3.09,775.23,707.63
LIN,Linde plc,Materials,Industrial Gases,479.01,483.59,408.92,476.61,476.95,476.49,471.99,454.31,-0.2,1.19,484.71,468.26
LYV,Live Nation Entertainment,Communication Services,Movies & Entertainment,163.72,174.06,102.8,168.11,169.9,167.48,158.87,142.61,-0.2,6.59,174.51,160.46
LKQ,LKQ Corporation,Consumer Discretionary,Distributors,30.68,43.02,28.96,31.2,31.82,31.94,32.25,37.12,-0.2,7.72,33.05,30.83
LMT,Lockheed Martin,Industrials,Aerospace & Defense,472.94,597.79,407.77,473.45,468.93,460.38,445.12,457.51,0.1,1.73,481.12,439.64
L,Loews Corporation,Financials,Multi-line Insurance,96.69,98.05,76.27,96.67,96.71,96.59,94.27,88.41,-0.2,1.19,97.84,95.35
LOW,Lowe's,Consumer Discretionary,Home Improvement Retail,265.2,278.66,209.46,268.67,269.62,265.27,246.67,238.1,0.2,4.12,276.13,254.41
LULU,Lululemon Athletica,Consumer Discretionary,"Apparel, Accessories & Luxury Goods",169.62,421.16,159.87,165.04,164.85,182.33,198.07,293.2,-0.2,30.22,220.88,143.77
LYB,LyondellBasell,Materials,Specialty Chemicals,52.01,89.15,47.21,52.69,53.76,54.83,55.57,62.1,0.0,11.31,57.89,51.76
MTB,M&T Bank,Financials,Regional Banks,202.02,215.8,154.27,198.58,198.67,198.98,194.13,185.75,-0.2,0.16,202.34,195.61
MPC,Marathon Petroleum,Energy,Oil & Gas Refining & Marketing,185.46,185.46,117.23,183.62,182.68,179.93,172.7,153.94,0.0,1.19,187.67,172.19
MKTX,MarketAxess,Financials,Financial Exchanges & Data,178.32,289.47,178.32,181.24,183.95,184.57,194.28,210.95,0.0,7.51,191.71,177.43
MAR,Marriott International,Consumer Discretionary,"Hotels, Resorts & Cruise Lines",268.52,302.22,210.04,265.51,265.65,266.88,267.38,264.87,0.0,1.49,272.52,261.24
MMC,Marsh McLennan,Financials,Insurance Brokers,196.78,243.22,196.15,197.05,199.58,202.95,205.21,218.48,-0.2,7.3,211.14,194.75
MLM,Martin Marietta Materials,Materials,Construction Materials,618.57,631.12,451.25,613.9,617.45,615.68,597.56,541.86,-0.2,1.59,628.41,602.94
MAS,Masco,Industrials,Building Products,72.24,84.25,58.18,72.89,73.57,73.82,70.73,69.55,0.2,5.33,76.09,71.54
MA,Mastercard,Financials,Transaction & Payment Processing Services,584.16,598.96,478.51,587.64,585.73,589.13,576.2,553.03,0.0,2.77,600.34,577.93
MTCH,Match Group,Communication Services,Interactive Media & Services,38.51,38.77,26.87,37.92,38.02,37.7,36.03,32.4,0.0,0.52,38.71,36.68
MKC,McCormick & Company,Consumer Staples,Packaged Foods & Meats,65.48,83.73,65.48,66.32,67.87,69.12,70.09,74.55,-0.4,11.1,72.75,65.49
MCD,McDonald's,Consumer Discretionary,Restaurants,302.38,317.67,275.0,302.77,305.89,309.48,304.59,299.9,0.0,5.57,319.22,299.74
MCK,McKesson Corporation,Health Care,Health Care Distributors,698.31,734.45,476.95,695.4,701.7,693.67,695.15,663.55,0.0,2.42,715.21,672.17
MDT,Medtronic,Health Care,Health Care Equipment,95.08,95.59,78.03,94.57,94.05,93.28,92.0,87.05,0.0,0.33,95.39,91.17
MRK,Merck & Co.,Health Care,Pharmaceuticals,81.51,114.4,72.03,81.26,82.29,83.1,82.02,85.04,0.1,5.37,85.89,80.32
META,Meta Platforms,Communication Services,Interactive Media & Services,778.38,790.0,484.29,775.61,765.45,756.36,746.63,660.37,0.0,0.57,782.82,729.89
MET,MetLife,Financials,Life & Health Insurance,79.16,86.38,67.4,79.22,79.54,80.22,78.02,78.97,-0.1,3.73,82.11,78.33
MTD,Mettler Toledo,Health Care,Life Sciences Tools & Services,1265.59,1499.7,970.15,1272.58,1275.8,1283.07,1262.85,1218.75,0.0,4.14,1317.99,1248.17
MGM,MGM Resorts,Consumer Discretionary,Casinos & Gaming,35.8,41.99,25.79,35.61,35.61,37.03,36.8,34.18,0.2,12.51,40.28,33.78
MCHP,Microchip Technology,Information Technology,Semiconductors,65.15,78.29,34.83,64.96,64.93,65.44,67.11,58.72,0.0,5.19,68.53,62.35
MU,Micron Technology,Information Technology,Semiconductors,162.73,168.89,64.66,161.64,152.27,136.24,123.93,103.06,0.0,6.3,172.98,99.5
MSFT,Microsoft,Information Technology,Systems Software,517.93,534.76,353.33,512.16,506.87,505.94,511.15,447.1,0.0,-0.18,517.0,494.87
MAA,Mid-America Apartment Communities,Real Estate,Multi-Family Residential REITs,140.86,167.59,138.38,140.19,141.88,142.8,144.3,151.53,0.0,4.09,146.62,138.98
MRNA,Moderna,Health Care,Biotechnology,25.24,69.86,23.51,24.88,24.69,24.77,27.76,31.2,0.0,4.16,26.29,23.25
MHK,Mohawk Industries,Consumer Discretionary,Home Furnishings,130.66,161.25,97.99,133.71,135.47,134.21,125.13,116.45,0.2,7.32,140.22,128.2
MOH,Molina Healthcare,Health Care,Managed Health Care,175.14,355.15,152.31,176.75,178.93,177.56,174.9,271.53,0.3,5.78,185.26,169.84
TAP,Molson Coors Beverage Company,Consumer Staples,Brewers,46.57,61.78,46.57,47.12,48.15,49.21,49.61,53.91,-0.2,11.94,52.13,46.29
MDLZ,Mondelez International,Consumer Staples,Packaged Foods & Meats,63.71,72.96,55.34,62.82,62.49,62.13,64.13,63.52,0.2,-0.2,63.58,60.67
MPWR,Monolithic Power Systems,Information Technology,Semiconductors,916.36,936.74,454.23,883.71,867.04,856.43,805.96,675.87,0.4,-1.24,905.0,807.85
MNST,Monster Beverage,Consumer Staples,Soft Drinks & Non-alcoholic Beverages,64.13,66.52,46.16,65.16,64.35,63.45,62.09,57.79,0.2,2.93,66.01,60.89
MCO,Moody's Corporation,Financials,Financial Exchanges & Data,480.74,524.53,395.22,498.32,504.43,505.23,507.56,482.04,-0.2,9.11,524.54,485.93
MS,Morgan Stanley,Financials,Investment Banking & Brokerage,159.91,159.91,96.42,157.8,155.7,152.38,146.41,130.35,0.0,0.36,160.49,144.29
MOS,Mosaic Company (The),Materials,Fertilizers & Agricultural Chemicals,33.98,37.55,22.47,34.05,33.57,33.21,33.85,29.97,-0.2,1.68,34.55,31.88
MSI,Motorola Solutions,Information Technology,Communications Equipment,476.21,499.65,392.79,477.58,479.24,473.89,452.44,439.34,0.2,3.0,490.5,457.27
MSCI,MSCI Inc.,Financials,Financial Exchanges & Data,559.75,630.0,503.37,567.6,571.36,567.9,561.63,568.26,-0.1,4.89,587.12,548.65
NDAQ,"Nasdaq, Inc.",Financials,Financial Exchanges & Data,89.57,96.67,66.01,91.39,93.02,93.58,93.42,82.78,0.0,8.13,96.85,90.3
NTAP,NetApp,Information Technology,"Technology Hardware, Storage & Peripherals",125.16,129.06,75.73,124.59,123.99,119.12,111.21,106.18,0.2,3.95,130.1,108.14
NFLX,Netflix,Communication Services,Movies & Entertainment,1226.97,1339.13,687.65,1213.2,1221.37,1223.36,1213.23,1079.91,0.0,2.94,1263.04,1183.71
NEM,Newmont,Materials,Gold,81.72,81.72,36.49,79.42,78.61,76.03,69.0,52.89,0.0,0.72,82.31,69.74
NWSA,News Corp (Class A),Communication Services,Publishing,30.62,30.62,23.89,30.18,29.76,29.6,29.43,28.2,0.0,0.16,30.67,28.53
NWS,News Corp (Class B),Communication Services,Publishing,33.92,35.06,26.86,33.26,32.86,33.32,33.59,32.11,0.0,3.24,35.02,31.63
NEE,NextEra Energy,Utilities,Multi-Utilities,71.08,82.85,63.11,70.7,70.73,71.78,72.42,70.17,-0.2,5.47,74.97,68.59
NKE,"Nike, Inc.",Consumer Discretionary,"Apparel, Accessories & Luxury Goods",70.89,87.5,52.64,72.22,73.04,74.79,74.79,69.48,0.2,11.84,79.28,70.3
NI,NiSource,Utilities,Multi-Utilities,40.32,43.33,32.78,40.0,40.36,41.12,41.46,38.93,-0.2,7.39,43.3,38.95
NDSN,Nordson Corporation,Industrials,Industrial Machinery & Supplies & Components,225.08,260.48,166.29,225.68,224.9,224.56,218.9,210.4,0.0,1.39,228.21,220.91
NSC,Norfolk Southern,Industrials,Rail Transportation,283.71,285.53,204.09,279.93,276.98,277.63,277.22,248.7,0.0,0.2,284.28,270.96
NTRS,Northern Trust,Financials,Asset Management & Custody Banks,131.5,132.22,83.34,130.54,129.5,129.52,127.6,109.75,0.0,0.49,132.14,126.89
NOC,Northrop Grumman,Industrials,Aerospace & Defense,573.03,594.87,427.78,575.55,577.01,581.19,570.9,502.54,-0.2,3.39,592.46,569.95
NCLH,Norwegian Cruise Line Holdings,Consumer Discretionary,"Hotels, Resorts & Cruise Lines",25.23,29.07,15.5,25.52,25.65,25.37,24.53,22.46,0.0,5.35,26.58,24.16
NRG,NRG Energy,Utilities,Independent Power Producers & Energy Traders,164.36,173.91,80.57,164.69,160.74,153.67,154.41,124.6,-0.2,3.55,170.19,137.16
NUE,Nucor,Materials,Steel,133.3,165.5,102.79,138.98,140.69,144.25,142.77,128.4,0.0,15.03,153.33,135.16
NVDA,Nvidia,Information Technology,Semiconductors,176.67,183.15,94.3,175.17,174.72,175.13,175.54,140.89,-0.4,4.04,183.81,166.47
NVR,"NVR, Inc.",Consumer Discretionary,Homebuilding,8094.7,9924.4,6700.0,8179.68,8300.14,8245.26,7985.06,7669.35,0.2,5.72,8557.72,7932.86
NXPI,NXP Semiconductors,Information Technology,Semiconductors,224.05,250.84,152.09,222.14,221.61,226.96,223.05,209.36,0.0,7.19,240.16,213.76
ORLY,O’Reilly Automotive,Consumer Discretionary,Automotive Retail,103.93,107.82,73.94,104.77,105.76,104.71,101.13,91.49,-0.2,3.74,107.82,101.6
OXY,Occidental Petroleum,Energy,Oil & Gas Exploration & Production,46.1,54.77,35.72,46.78,46.19,46.33,44.84,44.98,-0.1,4.14,48.01,44.65
ODFL,Old Dominion,Industrials,Cargo Ground Transportation,140.84,230.37,140.84,143.46,145.72,148.82,152.54,168.07,0.0,12.0,157.74,139.89
OMC,Omnicom Group,Communication Services,Advertising,75.01,101.86,68.6,76.28,76.91,77.43,75.0,77.66,-0.3,6.08,79.57,75.29
ON,ON Semiconductor,Information Technology,Semiconductors,51.07,74.7,31.95,50.07,49.33,49.63,52.42,50.66,0.0,2.31,52.25,47.01
OKE,Oneok,Energy,Oil & Gas Storage & Transportation,71.55,112.93,71.36,72.64,72.61,73.63,76.11,86.68,0.0,6.67,76.32,70.95
ORCL,Oracle Corporation,Information Technology,Application Software,308.66,328.33,122.56,303.1,292.38,261.83,251.7,187.8,0.2,8.5,334.9,188.75
OTIS,Otis Worldwide,Industrials,Industrial Machinery & Supplies & Components,89.16,104.22,84.52,89.6,88.94,87.89,89.41,94.56,0.0,1.67,90.65,85.13
PCAR,Paccar,Industrials,Construction Machinery & Heavy Transportation Equipment,99.46,113.98,85.82,101.35,100.55,100.11,98.6,99.27,0.1,4.16,103.6,96.62
PKG,Packaging Corporation of America,Materials,Paper & Plastic Packaging Products & Materials,211.28,242.86,173.82,212.12,212.96,213.27,204.35,203.11,0.2,3.19,218.02,208.52
PLTR,Palantir Technologies,Information Technology,Application Software,182.39,186.97,36.38,173.83,169.02,162.99,163.03,116.14,0.0,-1.94,178.85,147.11
PANW,Palo Alto Networks,Information Technology,Systems Software,208.19,208.28,152.44,203.92,200.65,194.96,188.54,187.53,0.0,0.1,208.4,181.52
PSKY,Paramount Skydance Corporation,Communication Services,Movies & Entertainment,18.92,18.92,10.05,18.17,17.24,16.16,14.18,12.04,0.0,1.69,19.24,13.08
PH,Parker Hannifin,Industrials,Industrial Machinery & Supplies & Components,755.68,769.67,514.56,752.78,757.3,756.73,738.28,669.16,-0.2,2.01,770.87,742.57
PAYX,Paychex,Industrials,Human Resource & Employment Services,130.0,158.58,128.82,131.43,133.06,135.46,139.02,143.88,-0.2,8.77,141.4,129.51
PAYC,Paycom,Industrials,Human Resource & Employment Services,216.6,265.28,158.91,215.88,219.61,222.85,225.3,224.03,0.0,7.64,233.15,212.57
PYPL,PayPal,Financials,Transaction & Payment Processing Services,68.22,91.81,57.41,67.86,67.52,68.51,70.15,74.05,0.0,4.13,71.04,65.98
PNR,Pentair,Industrials,Industrial Machinery & Supplies & Components,110.3,112.59,75.76,110.59,110.55,109.56,106.42,98.55,0.0,2.13,112.65,106.46
PEP,PepsiCo,Consumer Staples,Soft Drinks & Non-alcoholic Beverages,141.76,169.55,125.83,140.88,141.96,144.35,143.03,140.83,0.4,5.59,149.68,139.01
PFE,Pfizer,Health Care,Pharmaceuticals,24.03,28.21,20.83,24.02,24.27,24.61,24.57,24.2,0.2,6.53,25.6,23.62
PCG,PG&E Corporation,Utilities,Multi-Utilities,14.91,21.53,13.0,15.04,15.12,15.13,14.67,16.24,-0.1,4.76,15.62,14.64
PM,Philip Morris International,Consumer Staples,Tobacco,162.95,183.57,115.19,163.12,164.24,164.93,167.5,155.73,0.0,4.49,170.27,159.6
PSX,Phillips 66,Energy,Oil & Gas Refining & Marketing,129.72,133.86,91.09,131.69,131.56,131.58,126.35,118.61,0.2,3.47,134.22,128.94
PNW,Pinnacle West Capital,Utilities,Multi-Utilities,86.52,93.78,79.36,86.36,87.12,88.37,90.09,88.75,-0.2,5.62,91.38,85.36
PNC,PNC Financial Services,Financials,Diversified Banks,205.52,209.23,146.94,203.79,202.98,203.84,197.24,183.96,0.0,1.27,208.13,199.57
POOL,Pool Corporation,Consumer Discretionary,Distributors,317.92,385.63,283.92,323.89,324.98,320.78,314.69,320.59,0.1,5.82,336.42,305.15
PPG,PPG Industries,Materials,Specialty Chemicals,109.42,131.36,90.49,108.87,109.66,110.43,110.72,111.68,0.0,3.82,113.6,107.26
PPL,PPL Corporation,Utilities,Electric Utilities,35.69,36.96,30.49,35.67,35.71,35.95,35.91,34.11,0.2,2.63,36.63,35.27
PFG,Principal Financial Group,Financials,Life & Health Insurance,81.71,87.94,68.21,81.48,81.2,80.51,78.88,78.37,0.0,1.3,82.77,78.26
PG,Procter & Gamble,Consumer Staples,Personal Care Products,156.04,176.3,150.47,157.71,158.09,157.84,156.06,161.92,-0.1,2.86,160.5,155.17
PGR,Progressive Corporation,Financials,Property & Casualty Insurance,242.34,291.0,234.89,243.71,245.13,245.69,245.84,259.14,0.0,3.1,249.85,241.54
PLD,Prologis,Real Estate,Industrial REITs,113.51,123.97,88.13,113.97,113.15,112.22,108.86,107.84,0.2,1.59,115.31,109.12
PRU,Prudential Financial,Financials,Life & Health Insurance,103.59,124.75,92.74,103.61,104.9,106.73,104.5,106.71,0.1,7.5,111.36,102.1
PEG,Public Service Enterprise Group,Utilities,Electric Utilities,81.6,91.66,75.92,81.48,81.34,81.52,83.84,81.83,0.0,2.24,83.43,79.61
PTC,PTC Inc.,Information Technology,Application Software,205.95,216.53,136.74,205.04,205.86,209.88,206.84,180.03,0.2,6.26,218.84,200.92
PSA,Public Storage,Real Estate,Self-Storage REITs,279.0,350.81,260.94,283.66,286.4,287.7,283.96,290.43,-0.1,5.61,294.65,280.74
PHM,PulteGroup,Consumer Discretionary,Homebuilding,131.9,147.88,91.67,133.72,135.68,134.42,124.95,110.83,0.2,6.52,140.5,128.34
PWR,Quanta Services,Industrials,Construction & Engineering,388.58,421.68,236.56,383.83,383.05,380.79,388.01,331.03,-0.2,1.0,392.47,369.1
QCOM,Qualcomm,Information Technology,Semiconductors,166.85,174.12,123.21,165.12,162.68,160.51,156.3,154.27,0.2,0.11,167.03,153.98
DGX,Quest Diagnostics,Health Care,Health Care Services,183.6,184.4,144.81,181.99,182.17,181.17,176.42,168.67,0.0,0.5,184.52,177.83
RL,Ralph Lauren Corporation,Consumer Discretionary,"Apparel, Accessories & Luxury Goods",312.45,320.75,180.92,312.6,312.58,306.93,298.41,258.68,0.0,4.71,327.17,286.69
RJF,Raymond James Financial,Financials,Investment Banking & Brokerage,174.06,174.06,119.46,171.08,169.48,168.58,165.58,153.99,0.2,-0.22,173.68,163.47
RTX,RTX Corporation,Industrials,Aerospace & Defense,158.24,160.66,112.45,158.34,156.62,157.48,155.27,134.57,-0.2,2.09,161.55,153.42
O,Realty Income,Real Estate,Retail REITs,59.16,61.45,49.6,59.64,59.68,58.96,57.85,55.21,0.2,2.55,60.67,57.25
REG,Regency Centers,Real Estate,Retail REITs,70.27,75.5,64.21,70.34,71.07,71.45,70.86,70.71,0.2,3.97,73.06,69.84
REGN,Regeneron Pharmaceuticals,Health Care,Biotechnology,591.99,1145.28,482.34,584.77,572.29,575.1,567.07,616.19,-0.1,1.28,599.57,550.64
RF,Regions Financial Corporation,Financials,Regional Banks,27.16,27.4,17.95,26.99,27.01,26.97,25.9,23.09,0.0,1.14,27.47,26.46
RSG,Republic Services,Industrials,Environmental & Facilities Services,226.94,257.46,196.49,226.68,227.98,230.59,234.71,232.17,-0.2,4.31,236.72,224.45
RMD,ResMed,Health Care,Health Care Equipment,273.19,293.73,203.67,272.4,273.59,276.17,275.31,246.06,-0.2,5.62,288.54,263.79
RVTY,Revvity,Health Care,Health Care Equipment,86.72,127.41,82.5,85.83,85.15,87.03,90.24,101.78,0.0,7.4,93.14,80.91
ROK,Rockwell Automation,Industrials,Electrical Components & Equipment,347.82,357.15,217.21,345.95,345.22,345.45,345.42,299.09,0.0,2.0,354.78,336.11
ROL,"Rollins, Inc.",Industrials,Environmental & Facilities Services,55.51,58.48,45.24,55.81,56.54,56.62,56.89,53.45,0.0,4.59,58.06,55.18
ROP,Roper Technologies,Information Technology,Electronic Equipment & Instruments,504.62,592.1,501.26,506.19,511.72,518.95,533.46,552.4,-0.2,6.52,537.52,500.36
ROST,Ross Stores,Consumer Discretionary,Apparel Retail,146.18,154.88,122.22,146.49,148.09,148.61,143.2,140.71,-0.2,4.3,152.47,144.76
RCL,Royal Caribbean Group,Consumer Discretionary,"Hotels, Resorts & Cruise Lines",328.6,365.84,166.71,325.79,335.35,345.32,335.69,264.74,0.0,13.19,371.94,318.7
SPGI,S&P Global,Financials,Financial Exchanges & Data,507.16,563.17,436.73,528.87,537.29,541.74,541.93,513.65,-0.2,11.7,566.5,516.99
CRM,Salesforce,Information Technology,Application Software,247.09,365.66,231.26,242.91,244.84,247.45,250.45,283.73,-0.2,4.15,257.34,237.54
SBAC,SBA Communications,Real Estate,Telecom Tower REITs,199.1,244.52,189.91,198.91,197.03,202.34,216.17,216.46,-0.2,10.58,220.16,184.52
SLB,Schlumberger,Energy,Oil & Gas Equipment & Services,34.43,44.26,31.43,34.79,35.33,35.5,34.46,36.6,-0.1,6.33,36.61,34.38
STX,Seagate Technology,Information Technology,"Technology Hardware, Storage & Peripherals",221.23,221.23,66.19,214.7,204.01,187.73,166.28,116.31,0.0,2.12,225.92,149.52
SRE,Sempra,Utilities,Multi-Utilities,83.2,92.47,63.23,82.88,82.36,82.23,80.96,77.79,0.2,1.37,84.34,80.12
NOW,ServiceNow,Information Technology,Systems Software,961.15,1170.39,721.65,947.74,940.25,920.55,922.8,963.36,-0.2,1.02,970.95,870.13
SHW,Sherwin-Williams,Materials,Specialty Chemicals,346.8,397.11,312.15,351.37,357.97,362.38,353.69,350.3,0.2,9.0,378.01,346.77
SPG,Simon Property Group,Real Estate,Retail REITs,180.72,183.9,136.92,181.53,181.3,179.12,170.49,164.75,0.0,2.22,184.73,173.51
SWKS,Skyworks Solutions,Information Technology,Semiconductors,78.95,96.35,48.25,75.51,75.1,75.1,72.88,72.63,0.2,-1.33,77.9,72.3
SJM,J.M. Smucker Company (The),Consumer Staples,Packaged Foods & Meats,108.78,116.99,93.48,105.49,107.86,109.15,108.73,107.52,-0.2,5.85,115.14,103.16
SW,Smurfit Westrock,Materials,Paper & Plastic Packaging Products & Materials,43.82,55.13,37.46,44.16,44.8,45.62,45.11,46.35,0.1,9.15,47.83,43.42
SNA,Snap-on,Industrials,Industrial Machinery & Supplies & Components,337.24,364.18,273.59,336.37,332.12,329.91,325.46,326.47,-0.1,0.86,340.14,319.69
SOLV,Solventum,Health Care,Health Care Technology,73.72,84.04,63.01,73.9,73.54,73.08,72.99,72.42,0.0,1.57,74.88,71.28
SO,Southern Company,Utilities,Electric Utilities,91.8,95.24,78.98,91.7,91.65,92.12,93.1,87.99,-0.2,2.15,93.77,90.48
LUV,Southwest Airlines,Industrials,Passenger Airlines,32.52,37.49,23.77,31.98,31.71,32.03,32.34,31.32,-0.2,2.46,33.32,30.75
SWK,Stanley Black & Decker,Industrials,Industrial Machinery & Supplies & Components,76.67,105.48,54.53,78.12,77.98,76.35,72.84,73.23,0.1,5.27,80.71,71.99
SBUX,Starbucks,Consumer Discretionary,Restaurants,84.56,114.25,78.61,83.65,83.34,85.38,89.17,92.45,0.2,6.39,89.96,80.79
STT,State Street Corporation,Financials,Asset Management & Custody Banks,113.5,115.82,74.79,112.21,112.09,113.27,111.5,98.49,-0.2,2.5,116.34,110.21
STLD,Steel Dynamics,Materials,Steel,139.27,152.49,108.79,137.44,134.94,133.32,129.86,127.39,0.2,0.32,139.72,126.92
STE,Steris,Health Care,Health Care Equipment,248.78,252.43,200.94,248.77,248.67,247.13,238.36,227.26,0.0,1.76,253.16,241.1
SYK,Stryker Corporation,Health Care,Health Care Equipment,376.83,403.53,336.65,377.06,382.62,387.25,387.47,379.0,0.0,6.28,400.49,374.02
SMCI,Supermicro,Information Technology,"Technology Hardware, Storage & Peripherals",45.81,60.71,18.01,45.39,44.28,43.37,47.77,40.79,0.2,3.21,47.28,39.45
SYF,Synchrony Financial,Financials,Consumer Finance,76.59,76.86,43.38,75.75,75.61,75.54,72.51,63.03,-0.2,1.03,77.38,73.7
SNPS,Synopsys,Information Technology,Application Software,495.5,645.35,380.9,449.24,471.1,535.68,579.14,507.79,-0.4,41.66,701.93,369.43
SYY,Sysco,Consumer Staples,Food Distributors,82.39,82.51,67.53,81.64,81.31,80.96,80.12,74.84,0.2,0.7,82.97,78.96
TMUS,T-Mobile US,Communication Services,Wireless Telecommunication Services,238.17,270.87,193.92,238.76,240.29,246.04,242.81,241.31,0.0,8.34,258.03,234.04
TROW,T. Rowe Price,Financials,Asset Management & Custody Banks,105.99,118.63,78.24,104.9,105.14,105.93,104.82,100.0,0.0,2.89,109.05,102.81
TTWO,Take-Two Interactive,Communication Services,Interactive Home Entertainment,250.85,250.85,147.66,249.22,247.96,241.58,234.04,216.26,0.2,2.03,255.94,227.21
TPR,"Tapestry, Inc.",Consumer Discretionary,"Apparel, Accessories & Luxury Goods",114.19,114.19,41.81,111.41,108.57,105.18,105.11,81.84,0.2,-0.25,113.9,96.47
TRGP,Targa Resources,Energy,Oil & Gas Storage & Transportation,164.43,213.93,143.44,165.47,164.42,164.54,164.99,176.74,0.0,3.01,169.38,159.69
TGT,Target Corporation,Consumer Staples,Consumer Staples Merchandise Retail,88.13,154.72,86.82,88.95,89.94,92.67,98.73,107.62,-0.2,12.65,99.28,86.05
TEL,TE Connectivity,Information Technology,Electronic Manufacturing Services,216.17,217.31,121.04,214.2,212.01,209.35,201.46,162.51,0.2,0.1,216.39,202.32
TDY,Teledyne Technologies,Information Technology,Electronic Equipment & Instruments,565.41,566.11,426.75,558.09,554.89,549.3,548.26,502.69,0.0,0.1,565.98,532.61
TER,Teradyne,Information Technology,Semiconductor Materials & Equipment,119.85,139.5,67.79,116.2,116.06,117.17,107.82,101.26,0.0,1.68,121.86,112.48
TSLA,"Tesla, Inc.",Consumer Discretionary,Automobile Manufacturers,426.07,479.86,213.65,420.09,390.64,366.35,340.27,332.77,0.0,1.93,434.29,298.38
TXN,Texas Instruments,Information Technology,Semiconductors,179.37,219.66,143.34,179.42,181.89,190.99,194.09,185.29,-0.2,18.22,212.05,169.93
TPL,Texas Pacific Land Corporation,Energy,Oil & Gas Exploration & Production,875.1,1720.9,853.36,912.11,918.7,916.75,930.5,1177.68,-0.2,8.77,951.85,881.64
TXT,Textron,Industrials,Aerospace & Defense,83.62,90.23,60.69,83.18,82.36,81.58,81.01,76.39,0.2,0.5,84.04,79.12
TMO,Thermo Fisher Scientific,Health Care,Life Sciences Tools & Services,479.58,618.07,389.91,477.7,480.38,485.17,470.27,479.02,-0.1,3.95,498.52,471.82
TJX,TJX Companies,Consumer Discretionary,Apparel Retail,139.78,141.17,110.73,140.09,140.14,138.97,132.49,125.67,0.2,1.83,142.34,135.6
TKO,TKO Group Holdings,Communication Services,Movies & Entertainment,201.11,204.49,113.99,202.01,200.3,193.62,180.84,161.1,0.2,3.55,208.25,179.01
TTD,Trade Desk (The),Communication Services,Advertising,44.47,139.51,43.93,44.84,46.52,49.88,64.14,79.24,0.2,30.25,57.92,41.84
TSCO,Tractor Supply,Consumer Discretionary,Other Specialty Retail,59.66,62.65,47.62,59.45,59.55,60.48,59.41,54.55,0.4,5.26,62.8,58.16
TT,Trane Technologies,Industrials,Building Products,406.58,471.46,313.81,402.09,406.78,411.98,428.01,392.57,-0.2,5.36,428.37,395.6
TDG,TransDigm Group,Industrials,Aerospace & Defense,1282.46,1516.55,1152.5,1282.88,1287.18,1293.55,1365.56,1297.98,0.0,3.23,1323.88,1263.27
TRV,Travelers Companies (The),Financials,Property & Casualty Insurance,277.0,279.43,222.29,275.64,275.47,274.09,266.83,256.45,-0.2,1.17,280.24,267.95
TRMB,Trimble Inc.,Information Technology,Electronic Equipment & Instruments,82.78,85.24,55.12,81.2,81.12,80.97,82.01,73.31,0.0,0.76,83.41,78.54
TFC,Truist Financial,Financials,Diversified Banks,45.99,47.07,33.92,45.36,45.37,45.93,44.76,42.18,-0.2,2.96,47.35,44.5
TYL,Tyler Technologies,Information Technology,Application Software,534.32,646.74,521.68,534.98,544.43,550.4,563.13,578.81,-0.2,6.92,571.29,529.54
TSN,Tyson Foods,Consumer Staples,Packaged Foods & Meats,53.59,62.84,51.83,54.01,54.84,55.69,54.89,56.62,-0.1,8.01,57.88,53.5
USB,U.S. Bancorp,Financials,Diversified Banks,50.41,51.9,36.0,49.58,49.36,48.99,47.02,44.93,0.4,-0.5,50.16,47.83
UBER,Uber,Industrials,Passenger Ground Transportation,98.51,98.85,59.93,96.57,95.74,94.98,92.63,80.28,0.0,0.58,99.08,90.89
UDR,"UDR, Inc.",Real Estate,Multi-Family Residential REITs,37.56,45.08,37.29,37.45,38.04,38.48,39.02,40.91,0.0,6.04,39.83,37.13
ULTA,Ulta Beauty,Consumer Discretionary,Other Specialty Retail,521.47,534.81,314.47,527.27,522.2,523.35,513.73,431.95,-0.2,4.02,542.43,504.28
UNP,Union Pacific Corporation,Industrials,Rail Transportation,220.61,249.94,205.73,218.08,216.98,219.54,221.94,226.77,0.0,2.38,225.86,213.22
UAL,United Airlines Holdings,Industrials,Passenger Airlines,106.31,110.52,52.17,105.19,106.28,105.5,97.51,88.68,0.0,2.26,108.71,102.29
UPS,United Parcel Service,Industrials,Air Freight & Logistics,84.06,130.93,82.93,84.5,84.41,85.54,88.85,102.55,0.0,5.41,88.61,82.46
URI,United Rentals,Industrials,Trading Companies & Distributors,941.52,975.23,549.5,944.37,947.98,949.89,896.56,744.49,0.2,3.42,973.72,926.11
UNH,UnitedHealth Group,Health Care,Managed Health Care,336.69,611.98,236.28,340.16,341.11,323.15,293.94,406.88,0.1,7.46,361.81,284.49
UHS,Universal Health Services,Health Care,Health Care Facilities,188.64,240.49,154.78,188.0,188.07,185.73,176.55,180.49,-0.1,2.03,192.47,179.0
VLO,Valero Energy,Energy,Oil & Gas Refining & Marketing,162.62,163.85,102.97,162.07,160.24,155.88,146.14,131.8,0.0,2.6,166.85,144.92
VTR,Ventas,Real Estate,Health Care REITs,67.13,69.85,56.07,68.07,68.51,68.14,67.59,64.24,0.0,3.8,69.68,66.59
VLTO,Veralto,Industrials,Environmental & Facilities Services,106.9,113.22,85.23,107.01,107.11,106.86,105.89,100.76,-0.2,2.19,109.24,104.49
VRSN,Verisign,Information Technology,Internet Services & Infrastructure,282.28,305.1,175.69,286.27,285.84,279.33,277.35,251.33,0.4,4.04,293.68,264.96
VRSK,Verisk Analytics,Industrials,Research & Consulting Services,243.47,320.32,243.47,249.08,257.6,262.68,273.78,288.37,-0.2,14.87,279.67,245.69
VZ,Verizon,Communication Services,Integrated Telecommunication Services,43.48,45.06,36.62,43.79,43.75,43.93,43.3,41.7,0.0,2.48,44.56,43.3
VRTX,Vertex Pharmaceuticals,Health Care,Biotechnology,383.12,516.74,366.54,388.39,391.41,392.41,416.0,449.23,-0.2,4.75,401.32,383.49
VTRS,Viatris,Health Care,Pharmaceuticals,9.9,12.87,7.08,9.71,9.98,10.24,9.75,9.64,0.0,10.51,10.94,9.54
VICI,Vici Properties,Real Estate,Hotel & Resort REITs,31.84,33.46,27.08,32.18,32.45,32.76,32.62,30.84,0.0,5.34,33.54,31.97
V,Visa Inc.,Financials,Transaction & Payment Processing Services,341.61,372.65,267.75,341.01,341.24,345.48,345.36,340.54,0.2,4.0,355.27,335.69
VST,Vistra Corp.,Utilities,Electric Utilities,211.28,214.06,90.56,210.54,205.74,198.26,198.26,162.01,-0.2,2.95,217.51,179.01
VMC,Vulcan Materials Company,Materials,Construction Materials,297.79,301.65,219.65,294.92,295.7,293.6,283.93,264.12,0.0,0.8,300.17,287.04
WRB,W. R. Berkley Corporation,Financials,Property & Casualty Insurance,73.39,74.57,55.33,72.76,72.82,72.32,70.72,66.69,0.0,0.78,73.96,70.67
GWW,W. W. Grainger,Industrials,Industrial Machinery & Supplies & Components,987.61,1212.97,915.74,999.41,1000.25,1007.59,1003.91,1034.58,0.1,4.28,1029.88,985.33
WAB,Wabtec,Industrials,Construction Machinery & Heavy Transportation Equipment,188.7,214.1,159.81,188.14,189.23,191.58,195.24,193.73,0.0,4.52,197.23,185.93
WMT,Walmart,Consumer Staples,Consumer Staples Merchandise Retail,102.33,104.27,77.29,103.46,102.84,100.26,99.25,95.32,0.2,3.8,106.22,94.31
DIS,Walt Disney Company (The),Communication Services,Movies & Entertainment,113.76,124.01,81.37,115.11,116.06,117.07,117.72,109.76,-0.2,5.41,119.91,114.21
WBD,Warner Bros. Discovery,Communication Services,Broadcasting,19.33,19.46,7.33,18.75,16.59,14.25,13.13,10.85,0.0,5.9,20.47,8.04
WM,Waste Management,Industrials,Environmental & Facilities Services,216.4,240.36,198.36,215.6,216.93,220.46,225.27,223.46,-0.2,5.49,228.28,212.62
WAT,Waters Corporation,Health Care,Life Sciences Tools & Services,300.87,417.28,277.72,302.61,301.38,299.89,295.86,348.64,0.1,2.79,309.26,290.52
WEC,WEC Energy Group,Utilities,Electric Utilities,110.12,110.97,89.8,109.7,109.31,108.22,107.97,103.0,0.0,0.88,111.09,105.35
WFC,Wells Fargo,Financials,Diversified Banks,84.64,84.64,52.44,82.68,81.63,81.34,80.27,74.73,0.2,-0.6,84.13,78.56
WELL,Welltower,Real Estate,Health Care REITs,165.19,169.36,120.86,166.35,167.57,167.25,164.52,148.01,-0.2,3.04,170.21,164.29
WST,West Pharmaceutical Services,Health Care,Health Care Supplies,254.85,347.02,190.04,256.47,256.0,251.44,243.75,251.67,-0.1,2.8,261.99,240.91
WDC,Western Digital,Information Technology,"Technology Hardware, Storage & Peripherals",106.63,106.63,30.45,103.64,99.49,91.17,79.78,56.33,0.0,3.36,110.21,72.14
WY,Weyerhaeuser,Real Estate,Timber REITs,24.1,32.88,24.1,24.58,24.99,25.39,25.48,27.06,0.0,10.91,26.73,24.05
WSM,"Williams-Sonoma, Inc.",Consumer Discretionary,Homefurnishing Retail,198.25,215.83,127.65,198.32,200.06,197.89,192.74,179.51,0.2,4.83,207.83,187.96
WMB,Williams Companies,Energy,Oil & Gas Storage & Transportation,60.11,62.34,43.23,59.17,58.52,57.73,57.74,56.82,0.0,-0.07,60.07,55.4
WTW,Willis Towers Watson,Financials,Insurance Brokers,336.71,340.45,285.03,333.03,333.63,332.07,323.77,317.64,-0.2,1.16,340.62,323.52
WDAY,"Workday, Inc.",Information Technology,Application Software,233.62,279.91,210.47,228.75,228.28,228.2,228.51,245.72,-0.2,1.59,237.33,219.06
WYNN,Wynn Resorts,Consumer Discretionary,Casinos & Gaming,129.52,129.52,65.78,125.0,123.74,123.03,114.66,93.59,0.2,0.37,130.0,116.06
XEL,Xcel Energy,Utilities,Multi-Utilities,72.11,73.68,60.16,72.3,72.1,72.11,71.76,68.42,-0.2,1.54,73.22,71.0
XYL,Xylem Inc.,Industrials,Industrial Machinery & Supplies & Components,142.88,144.22,102.25,141.7,140.72,141.4,138.77,126.2,0.0,1.4,144.88,137.92
YUM,Yum! Brands,Consumer Discretionary,Restaurants,145.66,160.96,121.48,147.22,147.45,146.4,145.72,143.34,0.0,2.8,149.74,143.06
ZBRA,Zebra Technologies,Information Technology,Electronic Equipment & Instruments,318.54,421.11,213.54,319.61,315.89,316.01,321.18,320.11,-0.2,2.56,326.69,305.31
ZBH,Zimmer Biomet,Health Care,Health Care Equipment,100.09,112.89,89.98,100.06,101.85,103.98,99.82,101.31,-0.1,9.17,109.27,98.69
ZTS,Zoetis,Health Care,Pharmaceuticals,145.88,194.12,143.44,146.72,148.34,151.42,151.18,159.61,-0.1,8.58,158.4,144.43
