Symbol,Company,GICS_Sector,GICS_Sub_Industry,Current_Price,52_Week_High,52_Week_Low,SMA_5,SMA_10,SMA_20,SMA_50,SMA_100,SMA_125,SMA_200
MMM,3M,Industrials,Industrial Conglomerates,156.6,163.4,120.83,156.06,155.83,155.77,153.73,150.11,147.58,144.79
AOS,A. O. Smith,Industrials,Building Products,73.09,90.29,58.25,73.23,73.15,72.64,71.52,68.89,67.83,67.81
ABT,Abbott Laboratories,Health Care,Health Care Equipment,136.04,139.95,109.57,133.77,132.88,132.48,130.42,131.65,130.85,127.59
ABBV,AbbVie,Health Care,Biotechnology,222.47,223.48,159.42,219.83,216.95,213.59,202.75,194.41,192.59,189.57
ACN,Accenture,Information Technology,IT Consulting & Other Services,239.7,394.41,234.18,239.03,242.85,249.53,258.18,282.88,284.89,310.9
ADBE,Adobe Inc.,Information Technology,Application Software,365.9,557.9,330.04,359.05,355.8,354.63,356.01,375.74,373.64,401.22
AMD,Advanced Micro Devices,Information Technology,Semiconductors,157.39,186.65,76.48,159.22,157.71,160.53,164.7,142.11,132.83,126.67
AES,AES Corporation,Utilities,Independent Power Producers & Energy Traders,13.05,19.17,9.28,12.85,12.81,13.06,13.09,11.91,11.67,11.59
AFL,Aflac,Financials,Life & Health Insurance,108.04,113.54,96.14,108.26,107.9,107.56,104.28,103.81,104.38,104.13
A,Agilent Technologies,Health Care,Life Sciences Tools & Services,126.32,153.19,96.23,126.7,126.2,124.9,120.16,117.2,115.39,123.19
APD,Air Products,Materials,Industrial Gases,290.15,336.92,242.14,289.54,289.86,291.65,291.55,284.04,281.71,290.41
ABNB,Airbnb,Consumer Discretionary,"Hotels, Resorts & Cruise Lines",127.04,163.93,99.88,123.55,123.52,125.63,129.25,130.79,128.2,130.68
AKAM,Akamai Technologies,Information Technology,Internet Services & Infrastructure,76.28,106.8,67.51,76.41,77.19,77.45,76.87,77.85,77.65,83.23
ALB,Albemarle Corporation,Materials,Specialty Chemicals,81.84,111.49,48.84,80.98,78.22,80.0,77.12,68.68,67.23,73.83
ARE,Alexandria Real Estate Equities,Real Estate,Office REITs,86.19,118.71,66.16,86.02,85.3,83.56,79.93,75.73,76.91,83.98
ALGN,Align Technology,Health Care,Health Care Supplies,131.39,262.87,127.7,131.26,132.95,136.71,155.02,169.29,168.6,182.86
ALLE,Allegion,Industrials,Building Products,179.33,180.34,116.14,177.59,175.37,172.92,165.92,153.77,148.52,141.68
LNT,Alliant Energy,Utilities,Electric Utilities,64.17,67.11,54.71,64.03,64.17,64.75,64.63,62.68,62.29,61.24
ALL,Allstate,Financials,Property & Casualty Insurance,206.04,213.71,173.88,200.43,200.55,202.0,200.77,200.18,199.2,196.28
GOOGL,Alphabet Inc. (Class A),Communication Services,Interactive Media & Services,254.72,256.0,140.23,251.81,245.31,230.71,208.57,188.77,182.16,182.77
GOOG,Alphabet Inc. (Class C),Communication Services,Interactive Media & Services,255.24,256.7,142.36,252.12,245.64,231.17,209.29,189.75,183.37,184.16
MO,Altria,Consumer Staples,Tobacco,64.89,67.51,45.54,64.81,65.0,65.37,62.79,60.23,59.32,56.34
AMZN,Amazon,Consumer Discretionary,Broadline Retail,231.48,242.52,161.38,231.96,232.23,230.84,227.74,217.74,211.21,214.67
AMCR,Amcor,Materials,Paper & Plastic Packaging Products & Materials,8.26,11.04,8.16,8.3,8.28,8.38,8.98,9.09,9.13,9.32
AEE,Ameren,Utilities,Multi-Utilities,99.13,102.85,80.57,99.16,99.47,99.63,99.54,97.48,97.35,95.49
AEP,American Electric Power,Utilities,Electric Utilities,107.06,115.08,87.57,107.39,107.94,109.58,109.81,106.11,105.67,102.28
AXP,American Express,Financials,Consumer Finance,341.12,344.36,219.87,334.62,330.08,327.44,314.38,305.71,296.08,296.3
AIG,American International Group,Financials,Multi-line Insurance,76.98,87.1,68.15,76.95,77.53,79.39,79.35,81.2,81.27,78.81
AMT,American Tower,Real Estate,Telecom Tower REITs,193.31,234.33,169.77,194.16,194.44,198.74,208.52,212.17,212.19,204.15
AWK,American Water Works,Utilities,Water Utilities,135.06,153.69,116.64,136.07,137.79,140.55,141.61,141.31,141.74,136.6
AMP,Ameriprise Financial,Financials,Asset Management & Custody Banks,489.52,576.69,393.57,488.17,491.67,501.64,510.67,510.67,502.16,511.89
AME,Ametek,Industrials,Electrical Components & Equipment,187.87,197.03,144.53,187.93,188.36,187.12,183.58,180.42,177.1,179.25
AMGN,Amgen,Health Care,Biotechnology,285.41,330.26,247.06,276.69,278.12,282.44,289.29,284.88,285.48,283.63
APH,Amphenol,Information Technology,Electronic Components,123.94,124.39,56.27,120.51,118.63,114.39,109.32,99.51,92.92,83.95
ADI,Analog Devices,Information Technology,Semiconductors,245.33,257.11,157.31,245.94,246.75,248.55,238.38,230.01,221.41,218.64
AON,Aon plc,Financials,Insurance Brokers,351.32,411.24,322.37,356.49,362.54,366.62,363.49,360.37,363.41,367.9
APA,APA Corporation,Energy,Oil & Gas Exploration & Production,23.48,26.13,13.18,23.79,23.2,22.98,20.82,19.35,18.86,19.77
APO,Apollo Global Management,Financials,Asset Management & Custody Banks,144.75,187.59,101.84,141.12,138.25,136.41,141.3,138.74,136.79,144.98
AAPL,Apple Inc.,Information Technology,"Technology Hardware, Storage & Peripherals",245.5,259.18,168.8,239.44,236.03,234.37,223.83,213.75,211.94,221.22
AMAT,Applied Materials,Information Technology,Semiconductor Materials & Equipment,190.1,213.48,123.04,180.49,172.94,167.18,176.73,172.87,166.8,167.59
APTV,Aptiv,Consumer Discretionary,Automotive Parts & Equipment,85.28,86.4,47.19,83.89,83.2,81.39,74.55,70.59,67.56,65.46
ACGL,Arch Capital Group,Financials,Property & Casualty Insurance,88.4,110.75,82.49,88.24,89.68,90.76,89.7,90.89,91.23,91.69
ADM,Archer Daniels Midland,Consumer Staples,Agricultural Products & Services,61.65,64.38,40.22,61.29,61.53,62.1,58.48,54.12,52.45,50.8
ANET,Arista Networks,Information Technology,Communications Equipment,149.61,156.32,59.43,145.34,145.18,140.78,130.29,112.17,104.72,104.92
AJG,Arthur J. Gallagher & Co.,Financials,Insurance Brokers,299.65,349.78,272.05,293.98,295.86,298.07,298.5,312.63,316.2,311.9
AIZ,Assurant,Financials,Multi-line Insurance,209.6,227.13,173.64,208.42,210.07,212.38,202.26,199.28,198.45,202.33
T,AT&T,Communication Services,Integrated Telecommunication Services,29.01,29.79,20.23,29.34,29.33,29.2,28.41,27.98,27.76,26.26
ATO,Atmos Energy,Utilities,Gas Utilities,162.93,167.99,131.97,163.57,164.26,165.06,161.33,157.77,156.6,151.1
ADSK,Autodesk,Information Technology,Application Software,322.67,329.09,232.67,320.91,322.39,312.7,301.7,299.02,291.55,291.15
ADP,Automatic Data Processing,Industrials,Human Resource & Employment Services,292.0,326.59,266.62,290.25,292.47,296.57,299.98,304.78,302.43,299.95
AZO,AutoZone,Consumer Discretionary,Automotive Retail,4140.36,4388.11,2898.57,4192.6,4242.66,4214.0,4025.07,3868.16,3827.11,3657.75
AVB,AvalonBay Communities,Real Estate,Multi-Family Residential REITs,192.96,233.48,178.86,192.85,193.86,193.46,193.89,198.84,199.55,205.47
AVY,Avery Dennison,Materials,Paper & Plastic Packaging Products & Materials,164.38,219.94,155.31,165.09,165.96,168.38,171.65,174.08,173.37,177.64
AXON,Axon Enterprise,Industrials,Aerospace & Defense,774.53,885.92,380.51,760.85,753.16,752.84,759.62,750.67,711.72,670.84
BKR,Baker Hughes,Energy,Oil & Gas Equipment & Services,47.34,48.6,33.21,46.92,46.61,45.89,43.94,40.78,40.44,41.46
BALL,Ball Corporation,Materials,"Metal, Glass & Plastic Containers",48.71,67.13,43.18,49.32,50.03,50.91,53.98,54.09,53.04,53.17
BAC,Bank of America,Financials,Diversified Banks,52.25,52.66,32.69,51.41,50.82,50.37,48.26,46.21,44.65,44.47
BAX,Baxter International,Health Care,Health Care Equipment,23.02,39.16,21.18,23.52,23.86,24.03,24.93,27.63,28.14,29.39
BDX,Becton Dickinson,Health Care,Health Care Equipment,187.04,248.0,161.47,186.99,188.28,190.09,186.47,179.25,185.23,200.76
BBY,Best Buy,Consumer Discretionary,Computer & Electronics Retail,72.23,98.44,53.55,73.25,74.69,74.25,70.44,69.5,68.48,73.23
TECH,Bio-Techne,Health Care,Life Sciences Tools & Services,53.15,80.52,45.87,52.21,52.48,53.73,53.78,51.92,52.18,58.86
BIIB,Biogen,Health Care,Biotechnology,142.5,204.18,110.04,143.64,143.94,140.75,135.05,131.27,129.97,136.04
BLK,BlackRock,Financials,Asset Management & Custody Banks,1142.85,1166.38,766.05,1129.15,1121.68,1120.28,1115.01,1047.9,1016.86,1004.65
BX,Blackstone Inc.,Financials,Asset Management & Custody Banks,187.62,196.67,114.16,185.49,181.74,176.03,172.17,156.96,152.06,157.23
XYZ,"Block, Inc.",Financials,Transaction & Payment Processing Services,77.03,99.26,44.27,76.1,75.27,76.61,75.66,68.39,65.77,71.45
BK,BNY Mellon,Financials,Asset Management & Custody Banks,108.71,109.21,68.75,107.23,106.1,105.33,102.21,95.26,91.89,87.96
BA,Boeing,Industrials,Aerospace & Defense,215.65,242.69,128.88,215.34,220.06,226.45,227.83,215.9,205.56,192.82
BKNG,Booking Holdings,Consumer Discretionary,"Hotels, Resorts & Cruise Lines",5444.44,5829.37,3957.19,5495.17,5504.85,5556.92,5565.72,5482.23,5303.17,5137.82
BSX,Boston Scientific,Health Care,Health Care Equipment,97.83,109.5,80.64,98.68,102.19,104.27,104.37,103.91,102.61,100.75
BMY,Bristol Myers Squibb,Health Care,Pharmaceuticals,45.02,61.84,42.96,45.89,46.43,46.85,46.93,47.06,48.24,51.3
AVGO,Broadcom,Information Technology,Semiconductors,344.94,374.23,137.78,352.11,353.19,328.3,307.59,274.53,254.31,238.51
BR,Broadridge Financial Solutions,Industrials,Data Processing & Outsourced Services,241.46,270.85,204.08,244.91,248.44,251.31,251.07,244.54,242.24,238.03
BRO,Brown & Brown,Financials,Insurance Brokers,91.73,125.31,89.99,91.52,92.67,94.32,96.52,103.01,106.12,107.05
BLDR,Builders FirstSource,Industrials,Building Products,124.15,203.14,102.6,131.9,137.74,139.66,135.0,125.29,124.61,134.69
BG,Bunge Global,Consumer Staples,Agricultural Products & Services,79.17,97.07,65.6,80.69,81.79,82.98,80.18,79.26,78.44,77.16
BXP,"BXP, Inc.",Real Estate,Office REITs,76.44,86.38,53.45,77.47,76.28,74.24,70.18,68.8,67.69,68.61
CHRW,C.H. Robinson,Industrials,Air Freight & Logistics,136.07,138.0,83.72,135.06,131.83,129.45,117.3,105.78,103.24,102.37
CDNS,Cadence Design Systems,Information Technology,Application Software,373.35,376.45,221.56,357.21,354.52,351.3,345.67,326.21,312.96,303.42
CZR,Caesars Entertainment,Consumer Discretionary,Casinos & Gaming,25.56,45.93,21.4,25.77,25.73,26.04,26.75,27.46,27.15,29.66
CPT,Camden Property Trust,Real Estate,Multi-Family Residential REITs,107.95,124.31,101.41,107.45,108.89,109.47,109.8,112.5,112.73,113.69
CPB,Campbell's Company (The),Consumer Staples,Packaged Foods & Meats,33.43,49.91,29.39,33.27,33.45,32.98,32.46,32.84,33.79,35.81
COF,Capital One,Financials,Consumer Finance,228.32,231.82,141.57,226.92,224.87,224.37,218.23,207.8,200.17,195.01
CAH,Cardinal Health,Health Care,Health Care Distributors,149.6,168.44,104.89,149.39,150.22,149.52,153.31,154.63,150.35,140.33
KMX,CarMax,Consumer Discretionary,Automotive Retail,58.43,91.25,54.53,59.67,60.13,60.4,59.69,63.09,64.73,71.12
CCL,Carnival,Consumer Discretionary,"Hotels, Resorts & Cruise Lines",30.52,32.8,15.07,31.12,31.41,31.55,30.34,27.05,25.38,25.09
CARR,Carrier Global,Industrials,Building Products,60.39,82.31,53.89,60.88,61.99,63.71,68.07,69.92,68.1,67.84
CAT,Caterpillar Inc.,Industrials,Construction Machinery & Heavy Transportation Equipment,466.54,472.11,265.05,452.15,438.75,432.39,424.77,389.57,372.72,368.15
CBOE,Cboe Global Markets,Financials,Financial Exchanges & Data,233.06,255.27,186.22,234.46,234.42,236.28,240.96,233.81,230.12,220.13
CBRE,CBRE Group,Real Estate,Real Estate Services,164.14,167.56,108.45,164.52,164.07,163.27,155.92,143.43,139.35,138.0
CDW,CDW Corporation,Information Technology,Technology Distributors,161.22,227.65,136.33,164.13,165.82,165.61,169.2,173.07,169.4,173.35
COR,Cencora,Health Care,Health Care Distributors,290.02,308.18,216.84,290.27,294.95,293.37,292.23,291.61,289.03,271.88
CNC,Centene Corporation,Health Care,Managed Health Care,31.77,77.17,25.08,32.08,31.89,30.48,28.76,41.62,45.51,50.99
CNP,CenterPoint Energy,Utilities,Multi-Utilities,38.02,39.16,27.23,38.02,37.92,37.82,37.75,37.24,37.03,35.27
CF,CF Industries,Materials,Fertilizers & Agricultural Chemicals,85.09,103.84,66.56,84.74,85.15,85.6,87.97,88.94,86.05,85.31
CRL,Charles River Laboratories,Health Care,Life Sciences Tools & Services,155.39,230.02,91.86,153.79,155.42,159.15,160.19,151.25,146.65,157.22
SCHW,Charles Schwab Corporation,Financials,Investment Banking & Brokerage,94.33,99.42,61.62,92.57,92.97,94.54,95.24,91.42,88.38,84.36
CHTR,Charter Communications,Communication Services,Cable & Satellite,262.55,437.06,251.8,262.91,263.21,264.74,291.52,346.2,347.42,352.17
CVX,Chevron Corporation,Energy,Integrated Oil & Gas,156.21,165.09,129.01,158.4,157.4,157.91,154.23,147.04,146.52,147.63
CMG,Chipotle Mexican Grill,Consumer Discretionary,Restaurants,39.32,66.74,38.3,39.34,39.21,40.71,44.17,48.24,48.47,51.72
CB,Chubb Limited,Financials,Property & Casualty Insurance,273.89,305.88,250.52,273.35,275.97,275.87,273.84,280.49,281.82,279.14
CHD,Church & Dwight,Consumer Staples,Household Products,90.35,115.72,90.22,91.44,92.7,93.15,93.93,95.05,96.87,100.3
CI,Cigna,Health Care,Health Care Services,290.36,355.46,255.6,294.41,298.6,299.49,292.94,304.82,308.73,302.99
CINF,Cincinnati Financial,Financials,Property & Casualty Insurance,156.11,158.92,122.28,154.98,154.8,154.34,151.85,149.17,146.63,144.47
CTAS,Cintas,Industrials,Diversified Support Services,200.13,228.77,179.74,199.72,201.17,205.31,214.26,216.83,213.96,208.43
CSCO,Cisco,Information Technology,Communications Equipment,68.21,72.55,48.93,67.71,67.51,67.76,68.12,66.06,64.3,62.69
C,Citigroup,Financials,Diversified Banks,102.68,103.12,54.71,101.46,99.59,97.72,94.74,85.79,81.68,78.69
CFG,Citizens Financial Group,Financials,Regional Banks,53.55,53.78,31.96,52.39,52.07,51.87,49.54,45.39,43.68,43.76
CLX,Clorox,Consumer Staples,Household Products,121.66,166.9,116.17,123.77,124.17,122.43,123.6,125.87,128.56,137.81
CME,CME Group,Financials,Financial Exchanges & Data,261.53,288.09,203.31,260.64,261.06,263.9,271.08,272.86,270.13,258.12
CMS,CMS Energy,Utilities,Multi-Utilities,70.12,75.33,62.54,70.44,70.84,71.33,71.89,70.89,71.09,69.71
KO,Coca-Cola Company (The),Consumer Staples,Soft Drinks & Non-alcoholic Beverages,66.43,73.29,59.3,66.48,66.75,67.53,68.47,69.31,69.49,67.43
CTSH,Cognizant,Information Technology,IT Consulting & Other Services,66.94,89.77,64.98,69.0,69.58,70.76,71.76,75.29,74.62,76.79
COIN,Coinbase,Financials,Financial Exchanges & Data,342.46,444.65,142.58,332.22,324.44,315.62,338.31,305.33,280.53,273.33
CL,Colgate-Palmolive,Consumer Staples,Household Products,81.17,102.45,81.01,81.71,82.75,83.53,85.03,87.6,88.47,88.71
CMCSA,Comcast,Communication Services,Cable & Satellite,31.59,44.12,31.03,32.11,32.82,33.36,33.47,34.04,34.13,34.92
CAG,Conagra Brands,Consumer Staples,Packaged Foods & Meats,18.54,31.17,18.18,18.76,19.06,19.08,19.01,20.41,21.31,22.8
COP,ConocoPhillips,Energy,Oil & Gas Exploration & Production,91.92,112.56,78.56,93.22,93.02,95.0,94.11,91.81,91.8,93.88
ED,Consolidated Edison,Utilities,Multi-Utilities,96.33,112.97,85.07,96.33,96.76,97.82,100.19,101.27,102.59,99.19
STZ,Constellation Brands,Consumer Staples,Distillers & Vintners,132.92,255.51,131.82,133.82,138.65,147.49,160.75,168.21,170.76,179.08
CEG,Constellation Energy,Utilities,Electric Utilities,330.9,356.57,160.94,325.64,318.93,314.83,322.26,308.15,287.69,278.17
COO,Cooper Companies (The),Health Care,Health Care Supplies,68.17,112.29,61.78,66.07,67.02,68.36,70.8,73.17,74.48,81.02
CPRT,Copart,Industrials,Diversified Support Services,45.85,64.38,45.05,46.42,47.47,48.1,47.2,50.57,52.03,54.08
GLW,Corning Inc.,Information Technology,Electronic Components,79.56,79.98,36.95,78.55,76.47,72.26,64.9,56.98,54.19,52.05
CPAY,Corpay,Financials,Transaction & Payment Processing Services,301.93,400.81,269.02,305.8,307.94,315.41,319.77,326.22,325.44,338.41
CTVA,Corteva,Materials,Fertilizers & Agricultural Chemicals,70.86,77.22,53.14,70.42,71.66,72.56,72.38,71.34,69.09,65.87
CSGP,CoStar Group,Real Estate,Real Estate Services,87.1,97.43,68.26,88.27,87.77,88.63,89.68,83.99,82.99,80.17
COST,Costco,Consumer Staples,Consumer Staples Merchandise Retail,951.16,1075.34,862.73,955.74,961.83,955.28,958.11,980.67,975.03,974.5
CTRA,Coterra,Energy,Oil & Gas Exploration & Production,23.28,29.29,21.84,24.1,24.13,24.15,23.95,24.41,24.74,25.33
CRWD,CrowdStrike,Information Technology,Systems Software,502.55,517.98,263.45,468.09,448.64,434.42,444.04,455.17,438.44,415.09
CCI,Crown Castle,Real Estate,Telecom Tower REITs,93.6,114.47,81.02,93.7,93.66,95.88,100.79,100.33,100.05,96.25
CSX,CSX Corporation,Industrials,Rail Transportation,32.98,37.1,26.01,32.83,32.62,32.63,34.13,32.67,31.75,31.85
CMI,Cummins,Industrials,Construction Machinery & Heavy Transportation Equipment,423.64,428.96,257.24,418.29,411.02,404.85,384.23,351.48,339.85,344.72
CVS,CVS Health,Health Care,Health Care Services,74.92,76.24,42.12,74.06,73.59,73.1,67.65,66.09,66.03,61.87
DHR,Danaher Corporation,Health Care,Life Sciences Tools & Services,193.29,278.43,170.73,192.1,193.13,198.78,200.09,198.03,197.41,206.73
DRI,Darden Restaurants,Consumer Discretionary,Restaurants,184.73,226.68,151.84,201.69,206.86,207.25,206.37,208.67,206.61,198.04
DDOG,Datadog,Information Technology,Application Software,138.82,170.08,81.63,136.62,137.48,135.26,136.72,129.13,122.68,127.48
DVA,DaVita,Health Care,Health Care Services,130.16,179.6,126.07,129.89,131.93,134.67,137.23,138.82,140.46,146.62
DAY,Dayforce,Industrials,Human Resource & Employment Services,68.8,82.69,48.01,68.83,68.93,69.21,62.0,59.98,59.21,62.59
DECK,Deckers Brands,Consumer Discretionary,Footwear,113.79,223.98,93.72,117.05,116.83,117.48,109.78,110.46,110.39,135.46
DE,Deere & Company,Industrials,Agricultural & Farm Machinery,469.63,532.1,383.0,470.54,472.81,477.87,493.86,499.87,491.11,477.88
DELL,Dell Technologies,Information Technology,"Technology Hardware, Storage & Peripherals",131.94,145.54,65.56,129.77,126.8,127.3,129.73,120.68,113.84,112.03
DAL,Delta Air Lines,Industrials,Passenger Airlines,59.76,69.36,34.52,58.87,59.85,60.54,57.76,53.14,50.84,54.49
DVN,Devon Energy,Energy,Oil & Gas Exploration & Production,33.96,42.12,25.53,34.62,34.63,34.97,33.72,32.94,32.71,33.21
DXCM,Dexcom,Health Care,Health Care Equipment,67.45,93.25,57.52,74.36,75.64,76.6,80.06,81.84,79.01,80.0
FANG,Diamondback Energy,Energy,Oil & Gas Exploration & Production,139.67,195.31,112.4,138.75,138.22,141.67,141.75,140.5,140.16,147.05
DLR,Digital Realty,Real Estate,Data Center REITs,172.08,192.35,128.14,172.7,170.48,167.52,169.64,169.32,164.47,165.05
DG,Dollar General,Consumer Staples,Consumer Staples Merchandise Retail,102.11,117.95,65.67,104.78,105.34,107.91,109.94,106.89,103.35,92.48
DLTR,Dollar Tree,Consumer Staples,Consumer Staples Merchandise Retail,95.26,118.06,60.49,96.81,97.54,103.09,109.16,101.06,95.75,86.75
D,Dominion Energy,Utilities,Multi-Utilities,59.85,61.75,46.96,59.83,59.54,59.32,59.08,56.94,56.01,54.94
DPZ,Domino's,Consumer Discretionary,Restaurants,428.71,495.24,392.06,437.87,446.49,451.51,455.46,460.82,460.99,454.7
DASH,DoorDash,Consumer Discretionary,Specialized Consumer Services,265.29,278.15,130.32,262.76,259.65,253.24,250.13,232.26,222.25,207.77
DOV,Dover Corporation,Industrials,Industrial Machinery & Supplies & Components,171.34,220.46,142.22,172.02,173.95,176.62,179.53,179.37,176.84,182.81
DOW,Dow Inc.,Materials,Commodity Chemicals,23.49,51.74,20.11,24.16,24.28,24.32,24.41,26.33,26.97,30.87
DHI,D. R. Horton,Consumer Discretionary,Homebuilding,168.3,197.64,109.8,170.33,174.86,173.17,158.93,141.8,138.08,137.99
DTE,DTE Energy,Utilities,Multi-Utilities,135.67,140.92,111.81,135.26,135.0,135.56,136.49,134.59,134.05,129.54
DUK,Duke Energy,Utilities,Electric Utilities,121.08,126.75,102.41,121.04,121.11,121.76,121.17,118.54,118.32,115.13
DD,DuPont,Materials,Specialty Chemicals,78.1,88.2,53.17,77.45,77.31,77.07,74.73,71.4,70.15,72.82
EMN,Eastman Chemical Company,Materials,Specialty Chemicals,65.11,109.94,56.08,65.74,66.12,67.04,68.56,72.91,74.16,80.97
ETN,Eaton Corporation,Industrials,Electrical Components & Equipment,374.5,398.4,230.37,371.17,364.18,356.35,363.15,345.46,331.03,327.54
EBAY,eBay Inc.,Consumer Discretionary,Broadline Retail,91.11,100.83,55.44,89.98,90.99,92.18,89.53,81.48,78.19,73.26
ECL,Ecolab,Materials,Specialty Chemicals,265.48,285.35,220.55,265.94,268.9,272.83,271.48,266.44,261.27,256.22
EIX,Edison International,Utilities,Electric Utilities,55.64,85.03,46.98,55.56,55.39,55.27,54.15,53.49,53.96,56.95
EW,Edwards Lifesciences,Health Care,Health Care Equipment,74.41,83.0,64.01,75.06,76.92,79.07,78.62,77.45,76.19,74.67
EA,Electronic Arts,Communication Services,Interactive Home Entertainment,173.09,180.7,114.77,172.74,171.03,170.88,164.5,157.56,154.58,149.06
ELV,Elevance Health,Health Care,Managed Health Care,313.71,534.83,272.22,310.97,310.81,311.81,302.16,342.12,358.79,369.73
EMR,Emerson Electric,Industrials,Electrical Components & Equipment,132.34,149.68,89.31,131.99,133.1,132.85,136.52,129.53,124.26,123.41
ENPH,Enphase Energy,Information Technology,Semiconductor Materials & Equipment,38.42,126.19,29.89,38.51,38.14,37.94,36.46,39.78,42.8,51.47
ETR,Entergy,Utilities,Electric Utilities,88.67,91.79,61.36,88.63,88.56,88.5,88.06,84.95,84.34,82.25
EOG,EOG Resources,Energy,Oil & Gas Exploration & Production,116.0,135.49,100.76,118.51,118.59,120.4,119.33,117.21,116.66,119.8
EPAM,EPAM Systems,Information Technology,IT Consulting & Other Services,156.2,269.0,138.15,154.93,157.12,164.96,163.38,169.0,166.75,190.73
EQT,EQT Corporation,Energy,Oil & Gas Exploration & Production,49.19,60.83,32.46,49.7,50.26,51.1,52.4,53.96,53.25,51.52
EFX,Equifax,Industrials,Research & Consulting Services,257.58,304.91,199.2,259.62,256.51,250.67,248.6,256.32,251.57,252.32
EQIX,Equinix,Real Estate,Data Center REITs,791.25,977.63,693.42,785.26,783.81,781.36,778.17,815.55,810.86,846.57
EQR,Equity Residential,Real Estate,Multi-Family Residential REITs,65.05,76.06,58.81,64.92,65.68,65.45,65.28,66.88,66.99,67.94
ERIE,Erie Indemnity,Financials,Insurance Brokers,317.99,539.84,317.74,320.1,327.49,337.45,349.34,351.8,362.08,378.78
ESS,Essex Property Trust,Real Estate,Multi-Family Residential REITs,267.55,310.81,241.65,266.52,266.67,266.21,268.83,275.02,275.98,279.61
EL,Estée Lauder Companies (The),Consumer Staples,Personal Care Products,87.8,101.55,47.94,87.98,87.53,88.92,89.32,79.69,75.45,74.65
EG,Everest Group,Financials,Reinsurance,335.38,400.59,318.14,334.85,339.23,341.02,336.62,339.02,341.43,345.27
EVRG,Evergy,Utilities,Electric Utilities,72.29,73.29,56.68,71.78,71.72,71.66,70.78,68.68,68.16,66.05
ES,Eversource Energy,Utilities,Electric Utilities,67.0,69.47,51.64,64.62,64.46,64.29,65.13,64.19,62.94,61.08
EXC,Exelon,Utilities,Electric Utilities,43.41,47.26,34.98,43.18,43.22,43.58,43.83,43.55,43.81,42.15
EXE,Expand Energy,Energy,Oil & Gas Exploration & Production,98.5,121.47,71.01,98.03,96.79,96.51,98.08,104.96,104.74,102.62
EXPE,Expedia Group,Consumer Discretionary,"Hotels, Resorts & Cruise Lines",222.43,229.0,129.46,224.55,221.67,217.74,201.38,184.29,178.84,180.37
EXPD,Expeditors International,Industrials,Air Freight & Logistics,120.15,129.91,99.78,123.63,122.9,121.95,118.71,116.03,115.05,114.77
EXR,Extra Space Storage,Real Estate,Self-Storage REITs,139.32,177.0,118.4,142.47,143.66,142.35,141.89,143.94,142.66,144.7
XOM,ExxonMobil,Energy,Integrated Oil & Gas,112.82,121.93,96.01,113.81,112.64,112.48,110.05,108.24,108.09,107.78
FFIV,"F5, Inc.",Information Technology,Communications Equipment,328.69,337.39,211.89,326.43,326.11,320.25,313.28,299.75,292.08,285.2
FDS,FactSet,Financials,Financial Exchanges & Data,289.15,495.04,288.85,323.21,345.83,360.33,385.02,413.61,416.53,433.3
FICO,Fair Isaac,Information Technology,Application Software,1477.21,2402.52,1300.0,1531.98,1541.56,1509.97,1464.96,1666.36,1705.72,1793.03
FAST,Fastenal,Industrials,Trading Companies & Distributors,47.58,50.63,33.78,47.39,47.58,48.67,47.66,44.43,43.25,40.93
FRT,Federal Realty Investment Trust,Real Estate,Retail REITs,99.62,114.28,79.72,100.02,100.61,100.35,96.49,95.46,94.8,98.32
FDX,FedEx,Industrials,Air Freight & Logistics,231.75,301.45,191.82,227.48,227.22,227.78,227.78,224.67,223.14,237.56
FIS,Fidelity National Information Services,Financials,Transaction & Payment Processing Services,65.11,90.1,65.04,66.37,66.96,68.08,72.61,75.84,75.3,75.66
FITB,Fifth Third Bancorp,Financials,Regional Banks,46.08,47.75,31.96,45.73,45.59,45.5,43.66,41.31,40.21,40.96
FSLR,First Solar,Information Technology,Semiconductors,212.49,262.72,116.56,209.02,206.02,202.32,191.02,174.28,165.31,166.45
FE,FirstEnergy,Utilities,Electric Utilities,43.21,44.4,36.81,43.34,43.4,43.49,42.63,41.68,41.29,40.4
FI,Fiserv,Financials,Transaction & Payment Processing Services,131.8,238.59,128.22,132.85,133.8,135.57,141.16,156.11,166.63,184.93
F,Ford Motor Company,Consumer Discretionary,Automobile Manufacturers,11.62,11.99,8.21,11.66,11.63,11.69,11.39,10.92,10.63,10.16
FTNT,Fortinet,Information Technology,Systems Software,84.21,114.82,70.12,81.25,80.65,79.34,87.77,95.6,95.77,97.46
FTV,Fortive,Industrials,Industrial Machinery & Supplies & Components,48.63,62.58,45.4,48.56,48.44,48.22,48.81,50.98,51.11,53.86
FOXA,Fox Corporation (Class A),Communication Services,Broadcasting,60.62,62.69,39.82,59.18,59.12,59.48,57.45,55.71,54.75,53.3
FOX,Fox Corporation (Class B),Communication Services,Broadcasting,54.55,57.02,36.71,53.45,53.45,54.03,52.42,51.05,50.27,49.38
BEN,Franklin Resources,Financials,Asset Management & Custody Banks,24.42,26.08,16.03,24.33,24.49,24.97,24.87,23.39,22.34,21.37
FCX,Freeport-McMoRan,Materials,Copper,44.94,51.85,27.45,45.18,45.2,44.97,43.61,42.04,40.68,39.85
GRMN,Garmin,Consumer Discretionary,Consumer Electronics,235.12,243.61,158.5,235.81,236.87,236.29,230.97,216.26,212.33,212.45
IT,Gartner,Information Technology,IT Consulting & Other Services,256.39,584.01,223.65,252.22,247.47,246.78,281.03,351.29,362.55,414.41
GE,GE Aerospace,Industrials,Aerospace & Defense,301.14,303.0,158.81,293.5,286.64,280.54,273.22,254.5,241.74,221.58
GEHC,GE HealthCare,Health Care,Health Care Equipment,74.91,94.71,57.59,76.16,76.8,75.37,74.55,73.29,72.46,77.04
GEV,GE Vernova,Industrials,Heavy Electrical Equipment,624.17,677.29,233.54,619.31,620.57,612.38,615.42,541.12,497.12,440.91
GEN,Gen Digital,Information Technology,Systems Software,28.99,32.09,22.55,28.77,29.13,29.71,29.99,29.26,28.44,28.13
GNRC,Generac,Industrials,Electrical Components & Equipment,182.28,203.25,99.5,183.39,184.0,184.52,179.53,154.47,147.07,148.54
GD,General Dynamics,Industrials,Aerospace & Defense,324.08,330.18,236.67,325.46,325.02,323.96,315.94,297.45,291.48,278.91
GIS,General Mills,Consumer Staples,Packaged Foods & Meats,50.35,72.65,48.29,49.59,49.9,49.7,49.82,51.47,52.61,55.36
GM,General Motors,Consumer Discretionary,Automobile Manufacturers,58.98,60.6,41.36,58.88,58.51,58.39,55.49,52.1,50.87,50.49
GPC,Genuine Parts Company,Consumer Discretionary,Distributors,137.33,143.1,102.41,138.63,139.55,138.77,133.93,127.85,125.11,122.33
GILD,Gilead Sciences,Health Care,Biotechnology,114.09,120.99,79.46,112.67,113.87,113.37,113.32,109.74,108.89,104.64
GPN,Global Payments,Financials,Transaction & Payment Processing Services,86.55,118.69,65.53,85.28,85.69,86.75,84.22,81.17,81.97,91.31
GL,Globe Life,Financials,Life & Health Insurance,145.43,146.18,99.63,143.03,141.98,141.14,136.36,128.61,127.62,123.61
GDDY,GoDaddy,Information Technology,Internet Services & Infrastructure,144.76,216.0,132.51,144.98,146.05,146.09,152.46,166.85,168.59,178.7
GS,Goldman Sachs,Financials,Investment Banking & Brokerage,805.0,809.49,434.87,795.16,781.6,761.02,734.55,676.54,645.1,624.77
HAL,Halliburton,Energy,Oil & Gas Equipment & Services,22.51,31.66,18.43,22.27,22.2,22.19,21.75,21.19,21.37,23.22
HIG,Hartford (The),Financials,Property & Casualty Insurance,130.95,135.17,103.64,130.82,131.26,131.9,128.03,127.01,125.16,120.33
HAS,Hasbro,Consumer Discretionary,Leisure Products,74.15,82.19,48.07,74.73,76.76,78.77,77.56,72.42,69.02,65.24
HCA,HCA Healthcare,Health Care,Health Care Facilities,402.3,420.23,288.25,400.99,403.52,405.0,384.05,377.8,369.2,348.95
DOC,Healthpeak Properties,Real Estate,Health Care REITs,18.47,22.06,16.35,18.35,18.23,18.05,17.71,17.45,17.66,18.39
HSIC,Henry Schein,Health Care,Health Care Distributors,67.86,82.49,60.56,68.2,68.23,68.49,68.83,69.9,69.16,70.94
HSY,Hershey Company (The),Consumer Staples,Packaged Foods & Meats,190.18,202.98,136.73,189.87,188.07,185.64,181.51,172.77,170.9,168.01
HPE,Hewlett Packard Enterprise,Information Technology,"Technology Hardware, Storage & Peripherals",24.99,25.35,11.82,24.77,24.46,23.58,21.83,19.89,18.88,19.41
HLT,Hilton Worldwide,Consumer Discretionary,"Hotels, Resorts & Cruise Lines",268.61,279.81,195.81,269.29,272.53,274.08,271.04,261.44,252.71,252.0
HOLX,Hologic,Health Care,Health Care Equipment,66.33,84.39,51.9,65.99,65.95,66.4,66.44,63.79,62.92,65.13
HD,Home Depot (The),Consumer Discretionary,Home Improvement Retail,415.69,429.19,322.47,418.87,418.9,413.34,392.47,377.63,372.5,379.21
HON,Honeywell,Industrials,Industrial Conglomerates,209.37,240.47,177.52,210.79,212.14,215.52,220.42,221.69,217.27,216.65
HRL,Hormel Foods,Consumer Staples,Packaged Foods & Meats,24.82,32.84,23.71,24.88,25.09,25.94,27.68,28.8,28.99,29.26
HST,Host Hotels & Resorts,Real Estate,Hotel & Resort REITs,17.42,18.53,12.06,17.57,17.56,17.37,16.55,15.91,15.46,15.82
HWM,Howmet Aerospace,Industrials,Aerospace & Defense,190.23,193.13,94.0,188.83,185.64,180.29,181.26,174.59,165.15,149.17
HPQ,HP Inc.,Information Technology,"Technology Hardware, Storage & Peripherals",28.16,38.25,20.76,27.95,28.23,28.08,26.45,25.99,25.74,27.96
HUBB,Hubbell Incorporated,Industrials,Industrial Machinery & Supplies & Components,441.44,475.24,297.55,437.67,439.29,438.11,431.81,409.34,395.18,397.99
HUM,Humana,Health Care,Managed Health Care,252.66,321.0,206.87,266.93,274.68,289.16,266.96,253.06,256.29,260.36
HBAN,Huntington Bancshares,Financials,Regional Banks,17.72,17.93,11.7,17.58,17.56,17.52,16.87,16.29,15.78,15.84
HII,Huntington Ingalls Industries,Industrials,Aerospace & Defense,275.13,291.7,155.93,273.7,272.82,271.83,266.05,248.41,239.94,219.67
IBM,IBM,Information Technology,IT Consulting & Other Services,266.4,294.17,197.92,260.85,258.68,251.31,254.92,261.51,256.44,248.57
IEX,IDEX Corporation,Industrials,Industrial Machinery & Supplies & Components,161.03,235.67,152.2,161.54,161.91,163.43,168.17,174.21,173.59,185.16
IDXX,Idexx Laboratories,Health Care,Health Care Equipment,656.16,688.12,356.14,648.43,647.48,644.76,612.17,563.06,532.58,495.22
ITW,Illinois Tool Works,Industrials,Industrial Machinery & Supplies & Components,261.86,274.77,213.36,262.73,263.48,264.49,260.98,253.23,249.93,252.4
INCY,Incyte,Health Care,Biotechnology,86.53,87.99,53.56,84.87,85.2,85.2,79.86,72.82,70.15,70.35
IR,Ingersoll Rand,Industrials,Industrial Machinery & Supplies & Components,81.61,105.95,65.58,79.78,79.9,79.81,81.28,81.7,80.35,84.15
PODD,Insulet Corporation,Health Care,Health Care Equipment,330.84,353.5,225.37,331.8,337.87,338.27,314.13,308.69,298.31,287.58
INTC,Intel,Information Technology,Semiconductors,29.58,32.38,17.67,27.02,25.75,25.13,23.27,22.24,21.99,21.77
ICE,Intercontinental Exchange,Financials,Financial Exchanges & Data,169.77,188.82,141.12,171.26,172.36,174.36,179.2,178.04,175.01,168.89
IFF,International Flavors & Fragrances,Materials,Specialty Chemicals,63.53,105.18,62.33,63.9,64.72,65.71,68.67,72.31,72.71,76.65
IP,International Paper,Materials,Paper & Plastic Packaging Products & Materials,46.43,58.71,42.44,46.46,46.56,47.7,48.74,47.85,47.95,50.05
IPG,Interpublic Group of Companies (The),Communication Services,Advertising,25.65,31.81,21.93,26.12,26.32,26.48,25.58,24.77,24.66,25.54
INTU,Intuit,Information Technology,Application Software,687.92,813.7,531.0,665.64,663.36,664.14,717.07,719.58,694.58,663.13
ISRG,Intuitive Surgical,Health Care,Health Care Equipment,438.72,616.0,425.0,435.34,446.98,456.93,477.41,507.37,504.48,522.48
IVZ,Invesco,Financials,Asset Management & Custody Banks,22.49,22.78,11.33,22.35,22.31,22.08,20.97,17.92,17.06,16.98
INVH,Invitation Homes,Real Estate,Single-Family Residential REITs,29.64,35.52,29.11,29.6,29.92,30.32,30.81,32.08,32.28,32.05
IQV,IQVIA,Health Care,Life Sciences Tools & Services,187.22,248.03,134.65,187.38,187.6,187.57,184.19,168.02,166.16,177.57
IRM,Iron Mountain,Real Estate,Other Specialized REITs,99.89,126.21,71.19,99.69,97.66,94.25,94.38,96.13,93.48,95.4
JBHT,J.B. Hunt,Industrials,Cargo Ground Transportation,132.52,198.61,122.01,135.25,137.66,141.36,143.91,142.62,141.51,151.44
JBL,Jabil,Information Technology,Electronic Manufacturing Services,224.34,232.75,106.9,218.13,215.31,211.31,216.61,198.92,186.24,172.8
JKHY,Jack Henry & Associates,Financials,Transaction & Payment Processing Services,151.97,194.68,151.7,156.74,158.96,160.45,165.75,172.24,172.43,172.69
J,Jacobs Solutions,Industrials,Construction & Engineering,149.17,152.07,104.68,147.8,146.76,146.53,144.32,135.59,131.92,131.25
JNJ,Johnson & Johnson,Health Care,Pharmaceuticals,176.19,179.84,137.37,176.28,176.89,177.15,171.62,161.95,160.32,156.48
JCI,Johnson Controls,Industrials,Building Products,108.69,112.63,67.78,107.87,107.6,107.38,106.86,103.06,98.11,91.83
JPM,JPMorgan Chase,Financials,Diversified Banks,314.78,315.79,199.85,311.57,306.16,302.53,296.21,281.76,272.35,263.41
K,Kellanova,Consumer Staples,Packaged Foods & Meats,77.38,82.04,77.13,78.54,78.96,79.1,79.25,79.79,80.08,80.08
KVUE,Kenvue,Consumer Staples,Personal Care Products,18.34,24.71,17.15,18.23,18.48,19.54,20.78,21.51,21.71,21.64
KDP,Keurig Dr Pepper,Consumer Staples,Soft Drinks & Non-alcoholic Beverages,27.11,37.26,26.58,27.06,27.28,28.6,31.77,32.5,32.87,32.52
KEY,KeyCorp,Financials,Regional Banks,19.08,19.41,12.43,18.88,19.01,19.01,18.36,17.23,16.67,16.68
KEYS,Keysight Technologies,Information Technology,Electronic Equipment & Instruments,178.15,186.2,121.43,174.42,172.36,168.96,165.79,162.8,158.56,161.47
KMB,Kimberly-Clark,Consumer Staples,Household Products,124.62,147.59,120.67,125.25,127.24,127.95,128.75,130.45,131.52,131.04
KIM,Kimco Realty,Real Estate,Retail REITs,21.94,24.7,17.52,22.1,22.25,22.22,21.62,21.14,20.9,21.24
KMI,Kinder Morgan,Energy,Oil & Gas Storage & Transportation,27.42,30.49,20.55,27.45,27.29,27.01,27.1,27.32,27.17,27.0
KKR,KKR & Co.,Financials,Asset Management & Custody Banks,148.92,169.7,85.9,146.34,143.54,141.12,143.07,133.62,128.53,133.86
KLAC,KLA Corporation,Information Technology,Semiconductor Materials & Equipment,1044.81,1076.79,548.81,1012.17,974.35,925.25,915.02,862.95,822.74,775.54
KHC,Kraft Heinz,Consumer Staples,Packaged Foods & Meats,26.42,34.37,25.07,25.96,26.27,26.74,27.11,26.74,27.13,27.84
KR,Kroger,Consumer Staples,Food Retail,65.58,74.52,53.47,66.54,67.09,67.76,69.86,69.32,69.01,66.27
LHX,L3Harris,Industrials,Aerospace & Defense,283.94,286.81,190.25,282.94,279.48,276.92,272.28,255.12,246.31,232.8
LH,Labcorp,Health Care,Health Care Services,277.27,282.74,208.23,276.0,276.59,276.49,266.9,259.35,252.61,247.34
LRCX,Lam Research,Information Technology,Semiconductor Materials & Equipment,126.92,128.7,56.18,122.96,116.54,108.82,103.39,95.03,89.76,85.23
LW,Lamb Weston,Consumer Staples,Packaged Foods & Meats,55.66,82.35,47.25,56.32,56.57,56.62,54.87,53.8,53.7,56.21
LVS,Las Vegas Sands,Consumer Discretionary,Casinos & Gaming,53.87,58.05,29.84,52.95,53.52,54.79,52.9,47.39,44.93,45.44
LDOS,Leidos,Industrials,Diversified Support Services,187.45,200.78,122.65,184.74,182.85,181.61,173.57,162.94,158.0,152.16
LEN,Lennar,Consumer Discretionary,Homebuilding,127.32,184.74,97.54,132.15,135.45,135.23,125.53,117.24,115.54,121.08
LII,Lennox International,Industrials,Building Products,539.64,689.44,497.88,545.91,553.86,559.05,589.81,579.89,573.61,589.37
LLY,Lilly (Eli),Health Care,Pharmaceuticals,751.99,932.73,622.41,757.59,754.35,741.42,738.98,754.95,763.32,783.13
LIN,Linde plc,Materials,Industrial Gases,479.01,484.83,406.06,476.61,476.95,476.49,471.99,466.1,462.37,454.31
LYV,Live Nation Entertainment,Communication Services,Movies & Entertainment,163.72,175.25,102.32,168.11,169.9,167.48,158.87,150.73,146.17,142.61
LKQ,LKQ Corporation,Consumer Discretionary,Distributors,30.68,43.77,28.65,31.2,31.82,31.94,32.25,35.56,36.52,37.12
LMT,Lockheed Martin,Industrials,Aerospace & Defense,472.94,602.02,407.14,473.45,468.93,460.38,445.12,455.3,454.22,457.51
L,Loews Corporation,Financials,Multi-line Insurance,96.69,98.33,74.95,96.67,96.71,96.59,94.27,91.6,90.64,88.41
LOW,Lowe's,Consumer Discretionary,Home Improvement Retail,265.2,281.56,204.22,268.67,269.62,265.27,246.67,234.97,232.26,238.1
LULU,Lululemon Athletica,Consumer Discretionary,"Apparel, Accessories & Luxury Goods",169.62,423.32,159.25,165.04,164.85,182.33,198.07,236.81,244.79,293.2
LYB,LyondellBasell,Materials,Specialty Chemicals,52.01,89.94,46.44,52.69,53.76,54.83,55.57,56.13,56.67,62.1
MTB,M&T Bank,Financials,Regional Banks,202.02,219.44,148.52,198.58,198.67,198.98,194.13,188.52,183.78,185.75
MPC,Marathon Petroleum,Energy,Oil & Gas Refining & Marketing,185.46,186.28,113.82,183.62,182.68,179.93,172.7,166.45,159.65,153.94
MKTX,MarketAxess,Financials,Financial Exchanges & Data,178.32,292.5,177.85,181.24,183.95,184.57,194.28,207.03,208.58,210.95
MAR,Marriott International,Consumer Discretionary,"Hotels, Resorts & Cruise Lines",268.52,305.27,204.35,265.51,265.65,266.88,267.38,265.42,258.04,264.87
MMC,Marsh McLennan,Financials,Insurance Brokers,196.78,246.94,195.01,197.05,199.58,202.95,205.21,213.82,216.95,218.48
MLM,Martin Marietta Materials,Materials,Construction Materials,618.57,632.26,440.72,613.9,617.45,615.68,597.56,572.41,555.05,541.86
MAS,Masco,Industrials,Building Products,72.24,85.23,56.02,72.89,73.57,73.82,70.73,67.04,66.34,69.55
MA,Mastercard,Financials,Transaction & Payment Processing Services,584.16,601.77,464.22,587.64,585.73,589.13,576.2,571.75,562.15,553.03
MTCH,Match Group,Communication Services,Interactive Media & Services,38.51,39.2,26.24,37.92,38.02,37.7,36.03,33.19,32.47,32.4
MKC,McCormick & Company,Consumer Staples,Packaged Foods & Meats,65.48,85.22,65.47,66.32,67.87,69.12,70.09,72.01,72.96,74.55
MCD,McDonald's,Consumer Discretionary,Restaurants,302.38,322.65,271.85,302.77,305.89,309.48,304.59,303.7,304.4,299.9
MCK,McKesson Corporation,Health Care,Health Care Distributors,698.31,737.01,462.37,695.4,701.7,693.67,695.15,704.52,699.71,663.55
MDT,Medtronic,Health Care,Health Care Equipment,95.08,95.91,77.57,94.57,94.05,93.28,92.0,88.52,87.7,87.05
MRK,Merck & Co.,Health Care,Pharmaceuticals,81.51,115.12,71.87,81.26,82.29,83.1,82.02,80.06,80.28,85.04
META,Meta Platforms,Communication Services,Interactive Media & Services,778.38,796.25,479.43,775.61,765.45,756.36,746.63,705.76,674.23,660.37
MET,MetLife,Financials,Life & Health Insurance,79.16,87.17,64.24,79.22,79.54,80.22,78.02,78.11,77.41,78.97
MTD,Mettler Toledo,Health Care,Life Sciences Tools & Services,1265.59,1521.01,946.69,1272.58,1275.8,1283.07,1262.85,1209.76,1184.38,1218.75
MGM,MGM Resorts,Consumer Discretionary,Casinos & Gaming,35.8,42.54,25.3,35.61,35.61,37.03,36.8,35.12,34.06,34.18
MCHP,Microchip Technology,Information Technology,Semiconductors,65.15,79.31,33.63,64.96,64.93,65.44,67.11,64.61,60.31,58.72
MU,Micron Technology,Information Technology,Semiconductors,162.73,170.45,61.48,161.64,152.27,136.24,123.93,114.44,107.08,103.06
MSFT,Microsoft,Information Technology,Systems Software,517.93,554.54,343.59,512.16,506.87,505.94,511.15,487.63,465.65,447.1
MAA,Mid-America Apartment Communities,Real Estate,Multi-Family Residential REITs,140.86,170.0,137.32,140.19,141.88,142.8,144.3,148.66,150.3,151.53
MRNA,Moderna,Health Care,Biotechnology,25.24,73.35,23.15,24.88,24.69,24.77,27.76,27.44,27.44,31.2
MHK,Mohawk Industries,Consumer Discretionary,Home Furnishings,130.66,164.29,96.24,133.71,135.47,134.21,125.13,114.88,113.51,116.45
MOH,Molina Healthcare,Health Care,Managed Health Care,175.14,359.97,151.95,176.75,178.93,177.56,174.9,236.32,254.81,271.53
TAP,Molson Coors Beverage Company,Consumer Staples,Brewers,46.57,63.47,46.35,47.12,48.15,49.21,49.61,50.71,52.29,53.91
MDLZ,Mondelez International,Consumer Staples,Packaged Foods & Meats,63.71,73.4,53.2,62.82,62.49,62.13,64.13,65.37,65.5,63.52
MPWR,Monolithic Power Systems,Information Technology,Semiconductors,916.36,947.45,437.93,883.71,867.04,856.43,805.96,748.91,708.69,675.87
MNST,Monster Beverage,Consumer Staples,Soft Drinks & Non-alcoholic Beverages,64.13,67.13,45.7,65.16,64.35,63.45,62.09,62.19,61.39,57.79
MCO,Moody's Corporation,Financials,Financial Exchanges & Data,480.74,528.95,377.3,498.32,504.43,505.23,507.56,493.7,482.61,482.04
MS,Morgan Stanley,Financials,Investment Banking & Brokerage,159.91,161.08,92.93,157.8,155.7,152.38,146.41,138.04,132.55,130.35
MOS,Mosaic Company (The),Materials,Fertilizers & Agricultural Chemicals,33.98,37.97,21.99,34.05,33.57,33.21,33.85,34.21,32.62,29.97
MSI,Motorola Solutions,Information Technology,Communications Equipment,476.21,502.83,387.0,477.58,479.24,473.89,452.44,434.2,431.75,439.34
MSCI,MSCI Inc.,Financials,Financial Exchanges & Data,559.75,636.39,483.67,567.6,571.36,567.9,561.63,561.38,557.47,568.26
NDAQ,"Nasdaq, Inc.",Financials,Financial Exchanges & Data,89.57,97.36,64.46,91.39,93.02,93.58,93.42,88.53,85.42,82.78
NTAP,NetApp,Information Technology,"Technology Hardware, Storage & Peripherals",125.16,133.34,71.49,124.59,123.99,119.12,111.21,105.82,101.61,106.18
NFLX,Netflix,Communication Services,Movies & Entertainment,1226.97,1341.15,677.88,1213.2,1221.37,1223.36,1213.23,1213.53,1164.2,1079.91
NEM,Newmont,Materials,Gold,81.72,82.05,36.35,79.42,78.61,76.03,69.0,61.8,59.5,52.89
NWSA,News Corp (Class A),Communication Services,Publishing,30.62,30.86,23.3,30.18,29.76,29.6,29.43,28.84,28.31,28.2
NWS,News Corp (Class B),Communication Services,Publishing,33.92,35.47,26.17,33.26,32.86,33.32,33.59,33.11,32.47,32.11
NEE,NextEra Energy,Utilities,Multi-Utilities,71.08,83.5,60.75,70.7,70.73,71.78,72.42,71.29,70.37,70.17
NKE,"Nike, Inc.",Consumer Discretionary,"Apparel, Accessories & Luxury Goods",70.89,88.65,51.67,72.22,73.04,74.79,74.79,68.77,66.68,69.48
NI,NiSource,Utilities,Multi-Utilities,40.32,43.51,32.37,40.0,40.36,41.12,41.46,40.28,39.95,38.93
NDSN,Nordson Corporation,Industrials,Industrial Machinery & Supplies & Components,225.08,262.94,163.83,225.68,224.9,224.56,218.9,212.69,207.71,210.4
NSC,Norfolk Southern,Industrials,Rail Transportation,283.71,291.69,199.43,279.93,276.98,277.63,277.22,260.67,252.76,248.7
NTRS,Northern Trust,Financials,Asset Management & Custody Banks,131.5,132.94,80.54,130.54,129.5,129.52,127.6,118.55,113.09,109.75
NOC,Northrop Grumman,Industrials,Aerospace & Defense,573.03,598.64,420.66,575.55,577.01,581.19,570.9,528.23,522.82,502.54
NCLH,Norwegian Cruise Line Holdings,Consumer Discretionary,"Hotels, Resorts & Cruise Lines",25.23,29.29,14.21,25.52,25.65,25.37,24.53,21.69,20.86,22.46
NRG,NRG Energy,Utilities,Independent Power Producers & Energy Traders,164.36,175.96,79.04,164.69,160.74,153.67,154.41,151.1,140.2,124.6
NUE,Nucor,Materials,Steel,133.3,168.24,97.18,138.98,140.69,144.25,142.77,132.16,128.56,128.4
NVDA,Nvidia,Information Technology,Semiconductors,176.67,184.47,86.61,175.17,174.72,175.13,175.54,156.97,147.03,140.89
NVR,"NVR, Inc.",Consumer Discretionary,Homebuilding,8094.7,9964.77,6562.85,8179.68,8300.14,8245.26,7985.06,7617.2,7527.11,7669.35
NXPI,NXP Semiconductors,Information Technology,Semiconductors,224.05,251.87,146.73,222.14,221.61,226.96,223.05,214.41,207.62,209.36
ORLY,O’Reilly Automotive,Consumer Discretionary,Automotive Retail,103.93,108.42,73.33,104.77,105.76,104.71,101.13,96.02,95.27,91.49
OXY,Occidental Petroleum,Energy,Oil & Gas Exploration & Production,46.1,55.34,34.4,46.78,46.19,46.33,44.84,43.6,43.27,44.98
ODFL,Old Dominion,Industrials,Cargo Ground Transportation,140.84,231.78,140.09,143.46,145.72,148.82,152.54,157.38,157.36,168.07
OMC,Omnicom Group,Communication Services,Advertising,75.01,103.32,67.76,76.28,76.91,77.43,75.0,73.76,73.95,77.66
ON,ON Semiconductor,Information Technology,Semiconductors,51.07,76.06,31.04,50.07,49.33,49.63,52.42,50.19,47.79,50.66
OKE,Oneok,Energy,Oil & Gas Storage & Transportation,71.55,113.92,70.63,72.64,72.61,73.63,76.11,78.57,80.28,86.68
ORCL,Oracle Corporation,Information Technology,Application Software,308.66,345.72,118.18,303.1,292.38,261.83,251.7,216.67,200.57,187.8
OTIS,Otis Worldwide,Industrials,Industrial Machinery & Supplies & Components,89.16,105.86,83.85,89.6,88.94,87.89,89.41,92.9,93.74,94.56
PCAR,Paccar,Industrials,Construction Machinery & Heavy Transportation Equipment,99.46,114.66,84.08,101.35,100.55,100.11,98.6,96.04,95.21,99.27
PKG,Packaging Corporation of America,Materials,Paper & Plastic Packaging Products & Materials,211.28,244.78,170.61,212.12,212.96,213.27,204.35,197.03,195.18,203.11
PLTR,Palantir Technologies,Information Technology,Application Software,182.39,190.0,35.71,173.83,169.02,162.99,163.03,146.32,135.44,116.14
PANW,Palo Alto Networks,Information Technology,Systems Software,208.19,210.39,144.15,203.92,200.65,194.96,188.54,191.53,187.34,187.53
PSKY,Paramount Skydance Corporation,Communication Services,Movies & Entertainment,18.92,19.23,9.92,18.17,17.24,16.16,14.18,13.1,12.72,12.04
PH,Parker Hannifin,Industrials,Industrial Machinery & Supplies & Components,755.68,779.77,485.92,752.78,757.3,756.73,738.28,701.28,677.24,669.16
PAYX,Paychex,Industrials,Human Resource & Employment Services,130.0,160.03,128.21,131.43,133.06,135.46,139.02,144.74,144.67,143.88
PAYC,Paycom,Industrials,Human Resource & Employment Services,216.6,267.33,157.01,215.88,219.61,222.85,225.3,234.9,231.03,224.03
PYPL,PayPal,Financials,Transaction & Payment Processing Services,68.22,93.66,55.85,67.86,67.52,68.51,70.15,71.02,69.56,74.05
PNR,Pentair,Industrials,Industrial Machinery & Supplies & Components,110.3,112.91,73.85,110.59,110.55,109.56,106.42,102.54,98.93,98.55
PEP,PepsiCo,Consumer Staples,Soft Drinks & Non-alcoholic Beverages,141.76,171.43,125.14,140.88,141.96,144.35,143.03,136.32,137.31,140.83
PFE,Pfizer,Health Care,Pharmaceuticals,24.03,28.43,20.18,24.02,24.27,24.61,24.57,23.97,23.68,24.2
PCG,PG&E Corporation,Utilities,Multi-Utilities,14.91,21.62,12.97,15.04,15.12,15.13,14.67,15.14,15.51,16.24
PM,Philip Morris International,Consumer Staples,Tobacco,162.95,185.29,114.24,163.12,164.24,164.93,167.5,171.88,168.92,155.73
PSX,Phillips 66,Energy,Oil & Gas Refining & Marketing,129.72,135.47,89.26,131.69,131.56,131.58,126.35,121.43,118.29,118.61
PNW,Pinnacle West Capital,Utilities,Multi-Utilities,86.52,94.64,79.08,86.36,87.12,88.37,90.09,89.91,90.2,88.75
PNC,PNC Financial Services,Financials,Diversified Banks,205.52,210.46,142.39,203.79,202.98,203.84,197.24,186.64,181.13,183.96
POOL,Pool Corporation,Consumer Discretionary,Distributors,317.92,391.14,281.15,323.89,324.98,320.78,314.69,307.35,307.34,320.59
PPG,PPG Industries,Materials,Specialty Chemicals,109.42,133.97,89.08,108.87,109.66,110.43,110.72,110.95,109.2,111.68
PPL,PPL Corporation,Utilities,Electric Utilities,35.69,37.09,30.41,35.67,35.71,35.95,35.91,34.98,34.92,34.11
PFG,Principal Financial Group,Financials,Life & Health Insurance,81.71,88.63,67.06,81.48,81.2,80.51,78.88,77.98,77.49,78.37
PG,Procter & Gamble,Consumer Staples,Personal Care Products,156.04,177.66,149.91,157.71,158.09,157.84,156.06,158.41,159.52,161.92
PGR,Progressive Corporation,Financials,Property & Casualty Insurance,242.34,292.77,228.37,243.71,245.13,245.69,245.84,259.43,261.8,259.14
PLD,Prologis,Real Estate,Industrial REITs,113.51,124.94,83.8,113.97,113.15,112.22,108.86,107.1,105.85,107.84
PRU,Prudential Financial,Financials,Life & Health Insurance,103.59,125.75,88.12,103.61,104.9,106.73,104.5,103.91,103.45,106.71
PEG,Public Service Enterprise Group,Utilities,Electric Utilities,81.6,92.35,73.5,81.48,81.34,81.52,83.84,81.69,81.4,81.83
PTC,PTC Inc.,Information Technology,Application Software,205.95,219.69,133.38,205.04,205.86,209.88,206.84,188.27,180.57,180.03
PSA,Public Storage,Real Estate,Self-Storage REITs,279.0,355.59,251.43,283.66,286.4,287.7,283.96,288.82,287.79,290.43
PHM,PulteGroup,Consumer Discretionary,Homebuilding,131.9,148.31,87.74,133.72,135.68,134.42,124.95,113.95,110.97,110.83
PWR,Quanta Services,Industrials,Construction & Engineering,388.58,424.94,227.02,383.83,383.05,380.79,388.01,369.17,348.27,331.03
QCOM,Qualcomm,Information Technology,Semiconductors,166.85,178.09,119.4,165.12,162.68,160.51,156.3,153.42,151.19,154.27
DGX,Quest Diagnostics,Health Care,Health Care Services,183.6,185.62,144.09,181.99,182.17,181.17,176.42,175.91,174.02,168.67
RL,Ralph Lauren Corporation,Consumer Discretionary,"Apparel, Accessories & Luxury Goods",312.45,321.77,176.02,312.6,312.58,306.93,298.41,282.69,268.36,258.68
RJF,Raymond James Financial,Financials,Investment Banking & Brokerage,174.06,175.27,117.19,171.08,169.48,168.58,165.58,157.05,152.67,153.99
RTX,RTX Corporation,Industrials,Aerospace & Defense,158.24,161.26,111.21,158.34,156.62,157.48,155.27,146.17,142.18,134.57
O,Realty Income,Real Estate,Retail REITs,59.16,61.61,49.53,59.64,59.68,58.96,57.85,56.87,56.49,55.21
REG,Regency Centers,Real Estate,Retail REITs,70.27,75.93,62.21,70.34,71.07,71.45,70.86,70.67,70.48,70.71
REGN,Regeneron Pharmaceuticals,Health Care,Biotechnology,591.99,1160.87,475.77,584.77,572.29,575.1,567.07,557.09,564.24,616.19
RF,Regions Financial Corporation,Financials,Regional Banks,27.16,27.61,17.36,26.99,27.01,26.97,25.9,23.89,23.07,23.09
RSG,Republic Services,Industrials,Environmental & Facilities Services,226.94,258.14,195.62,226.68,227.98,230.59,234.71,241.33,241.05,232.17
RMD,ResMed,Health Care,Health Care Equipment,273.19,293.81,199.07,272.4,273.59,276.17,275.31,262.01,253.05,246.06
RVTY,Revvity,Health Care,Health Care Equipment,86.72,129.23,81.36,85.83,85.15,87.03,90.24,92.31,93.54,101.78
ROK,Rockwell Automation,Industrials,Electrical Components & Equipment,347.82,359.54,213.27,345.95,345.22,345.45,345.42,327.42,310.35,299.09
ROL,"Rollins, Inc.",Industrials,Environmental & Facilities Services,55.51,58.96,44.94,55.81,56.54,56.62,56.89,56.7,56.13,53.45
ROP,Roper Technologies,Information Technology,Electronic Equipment & Instruments,504.62,593.46,498.03,506.19,511.72,518.95,533.46,550.45,552.76,552.4
ROST,Ross Stores,Consumer Discretionary,Apparel Retail,146.18,156.94,121.69,146.49,148.09,148.61,143.2,140.63,139.21,140.71
RCL,Royal Caribbean Group,Consumer Discretionary,"Hotels, Resorts & Cruise Lines",328.6,366.5,163.55,325.79,335.35,345.32,335.69,300.94,281.01,264.74
SPGI,S&P Global,Financials,Financial Exchanges & Data,507.16,578.04,425.6,528.87,537.29,541.74,541.93,527.37,517.41,513.65
CRM,Salesforce,Information Technology,Application Software,247.09,366.78,226.09,242.91,244.84,247.45,250.45,261.15,260.76,283.73
SBAC,SBA Communications,Real Estate,Telecom Tower REITs,199.1,247.78,186.81,198.91,197.03,202.34,216.17,223.59,222.53,216.46
SLB,Schlumberger,Energy,Oil & Gas Equipment & Services,34.43,44.81,30.61,34.79,35.33,35.5,34.46,34.34,34.73,36.6
STX,Seagate Technology,Information Technology,"Technology Hardware, Storage & Peripherals",221.23,221.66,62.86,214.7,204.01,187.73,166.28,143.09,129.97,116.31
SRE,Sempra,Utilities,Multi-Utilities,83.2,93.45,61.37,82.88,82.36,82.23,80.96,78.15,76.45,77.79
NOW,ServiceNow,Information Technology,Systems Software,961.15,1198.09,678.66,947.74,940.25,920.55,922.8,964.0,933.62,963.36
SHW,Sherwin-Williams,Materials,Specialty Chemicals,346.8,397.81,307.5,351.37,357.97,362.38,353.69,352.3,348.8,350.3
SPG,Simon Property Group,Real Estate,Retail REITs,180.72,184.5,132.99,181.53,181.3,179.12,170.49,164.3,161.76,164.75
SWKS,Skyworks Solutions,Information Technology,Semiconductors,78.95,97.73,47.01,75.51,75.1,75.1,72.88,71.82,69.21,72.63
SJM,J.M. Smucker Company (The),Consumer Staples,Packaged Foods & Meats,108.78,121.73,92.38,105.49,107.86,109.15,108.73,107.13,108.38,107.52
SW,Smurfit Westrock,Materials,Paper & Plastic Packaging Products & Materials,43.82,55.46,36.31,44.16,44.8,45.62,45.11,44.18,43.7,46.35
SNA,Snap-on,Industrials,Industrial Machinery & Supplies & Components,337.24,366.68,273.21,336.37,332.12,329.91,325.46,320.23,320.01,326.47
SOLV,Solventum,Health Care,Health Care Technology,73.72,85.92,60.7,73.9,73.54,73.08,72.99,72.98,72.2,72.42
SO,Southern Company,Utilities,Electric Utilities,91.8,95.68,78.5,91.7,91.65,92.12,93.1,91.06,90.59,87.99
LUV,Southwest Airlines,Industrials,Passenger Airlines,32.52,37.75,23.55,31.98,31.71,32.03,32.34,32.06,31.26,31.32
SWK,Stanley Black & Decker,Industrials,Industrial Machinery & Supplies & Components,76.67,106.2,52.62,78.12,77.98,76.35,72.84,69.18,68.16,73.23
SBUX,Starbucks,Consumer Discretionary,Restaurants,84.56,115.87,74.48,83.65,83.34,85.38,89.17,88.43,88.1,92.45
STT,State Street Corporation,Financials,Asset Management & Custody Banks,113.5,116.37,72.29,112.21,112.09,113.27,111.5,104.79,100.59,98.49
STLD,Steel Dynamics,Materials,Steel,139.27,153.72,102.78,137.44,134.94,133.32,129.86,130.6,128.59,127.39
STE,Steris,Health Care,Health Care Equipment,248.78,253.0,199.47,248.77,248.67,247.13,238.36,237.54,234.14,227.26
SYK,Stryker Corporation,Health Care,Health Care Equipment,376.83,404.87,328.46,377.06,382.62,387.25,387.47,385.46,379.85,379.0
SMCI,Supermicro,Information Technology,"Technology Hardware, Storage & Peripherals",45.81,66.44,17.25,45.39,44.28,43.37,47.77,44.86,42.73,40.79
SYF,Synchrony Financial,Financials,Consumer Finance,76.59,77.41,40.15,75.75,75.61,75.54,72.51,66.45,63.04,63.03
SNPS,Synopsys,Information Technology,Application Software,495.5,651.73,365.74,449.24,471.1,535.68,579.14,536.98,514.56,507.79
SYY,Sysco,Consumer Staples,Food Distributors,82.39,83.24,66.65,81.64,81.31,80.96,80.12,76.61,75.56,74.84
TMUS,T-Mobile US,Communication Services,Wireless Telecommunication Services,238.17,274.51,192.73,238.76,240.29,246.04,242.81,240.03,243.22,241.31
TROW,T. Rowe Price,Financials,Asset Management & Custody Banks,105.99,119.7,75.88,104.9,105.14,105.93,104.82,98.86,96.38,100.0
TTWO,Take-Two Interactive,Communication Services,Interactive Home Entertainment,250.85,252.61,146.76,249.22,247.96,241.58,234.04,233.54,229.05,216.26
TPR,"Tapestry, Inc.",Consumer Discretionary,"Apparel, Accessories & Luxury Goods",114.19,115.35,41.31,111.41,108.57,105.18,105.11,93.18,87.93,81.84
TRGP,Targa Resources,Energy,Oil & Gas Storage & Transportation,164.43,215.2,141.47,165.47,164.42,164.54,164.99,165.23,167.83,176.74
TGT,Target Corporation,Consumer Staples,Consumer Staples Merchandise Retail,88.13,155.5,85.44,88.95,89.94,92.67,98.73,97.45,97.05,107.62
TEL,TE Connectivity,Information Technology,Electronic Manufacturing Services,216.17,218.76,115.38,214.2,212.01,209.35,201.46,181.38,172.07,162.51
TDY,Teledyne Technologies,Information Technology,Electronic Equipment & Instruments,565.41,570.56,419.0,558.09,554.89,549.3,548.26,521.69,511.78,502.69
TER,Teradyne,Information Technology,Semiconductor Materials & Equipment,119.85,143.64,65.6,116.2,116.06,117.17,107.82,95.8,92.06,101.26
TSLA,"Tesla, Inc.",Consumer Discretionary,Automobile Manufacturers,426.07,488.54,212.11,420.09,390.64,366.35,340.27,329.96,315.65,332.77
TXN,Texas Instruments,Information Technology,Semiconductors,179.37,220.1,137.77,179.42,181.89,190.99,194.09,191.75,185.41,185.29
TPL,Texas Pacific Land Corporation,Energy,Oil & Gas Exploration & Production,875.1,1759.83,844.11,912.11,918.7,916.75,930.5,1058.27,1102.04,1177.68
TXT,Textron,Industrials,Aerospace & Defense,83.62,91.21,57.67,83.18,82.36,81.58,81.01,78.55,76.44,76.39
TMO,Thermo Fisher Scientific,Health Care,Life Sciences Tools & Services,479.58,621.58,385.11,477.7,480.38,485.17,470.27,440.07,443.31,479.02
TJX,TJX Companies,Consumer Discretionary,Apparel Retail,139.78,145.58,109.83,140.09,140.14,138.97,132.49,129.56,128.32,125.67
TKO,TKO Group Holdings,Communication Services,Movies & Entertainment,201.11,212.49,113.01,202.01,200.3,193.62,180.84,173.52,168.6,161.1
TTD,Trade Desk (The),Communication Services,Advertising,44.47,141.53,42.96,44.84,46.52,49.88,64.14,67.29,64.28,79.24
TSCO,Tractor Supply,Consumer Discretionary,Other Specialty Retail,59.66,63.75,46.46,59.45,59.55,60.48,59.41,55.47,54.65,54.55
TT,Trane Technologies,Industrials,Building Products,406.58,475.11,296.82,402.09,406.78,411.98,428.01,424.36,406.99,392.57
TDG,TransDigm Group,Industrials,Aerospace & Defense,1282.46,1519.36,1107.45,1282.88,1287.18,1293.55,1365.56,1360.75,1340.12,1297.98
TRV,Travelers Companies (The),Financials,Property & Casualty Insurance,277.0,280.0,220.97,275.64,275.47,274.09,266.83,266.12,263.47,256.45
TRMB,Trimble Inc.,Information Technology,Electronic Equipment & Instruments,82.78,87.5,52.91,81.2,81.12,80.97,82.01,76.85,73.82,73.31
TFC,Truist Financial,Financials,Diversified Banks,45.99,47.46,32.72,45.36,45.37,45.93,44.76,42.5,41.41,42.18
TYL,Tyler Technologies,Information Technology,Application Software,534.32,661.31,513.52,534.98,544.43,550.4,563.13,567.69,566.54,578.81
TSN,Tyson Foods,Consumer Staples,Packaged Foods & Meats,53.59,63.75,51.39,54.01,54.84,55.69,54.89,55.1,56.08,56.62
USB,U.S. Bancorp,Financials,Diversified Banks,50.41,52.21,34.8,49.58,49.36,48.99,47.02,45.33,44.12,44.93
UBER,Uber,Industrials,Passenger Ground Transportation,98.51,99.7,59.33,96.57,95.74,94.98,92.63,90.21,86.78,80.28
UDR,"UDR, Inc.",Real Estate,Multi-Family Residential REITs,37.56,45.5,35.84,37.45,38.04,38.48,39.02,39.98,40.26,40.91
ULTA,Ulta Beauty,Consumer Discretionary,Other Specialty Retail,521.47,539.0,309.01,527.27,522.2,523.35,513.73,477.17,454.93,431.95
UNP,Union Pacific Corporation,Industrials,Rail Transportation,220.61,252.32,202.16,218.08,216.98,219.54,221.94,222.51,222.1,226.77
UAL,United Airlines Holdings,Industrials,Passenger Airlines,106.31,116.0,51.44,105.19,106.28,105.5,97.51,87.77,83.77,88.68
UPS,United Parcel Service,Industrials,Air Freight & Logistics,84.06,136.36,82.0,84.5,84.41,85.54,88.85,92.83,93.85,102.55
URI,United Rentals,Industrials,Trading Companies & Distributors,941.52,980.53,523.58,944.37,947.98,949.89,896.56,804.23,764.27,744.49
UNH,UnitedHealth Group,Health Care,Managed Health Care,336.69,617.34,233.13,340.16,341.11,323.15,293.94,306.56,346.44,406.88
UHS,Universal Health Services,Health Care,Health Care Facilities,188.64,242.21,152.16,188.0,188.07,185.73,176.55,179.6,179.13,180.49
VLO,Valero Energy,Energy,Oil & Gas Refining & Marketing,162.62,165.65,97.37,162.07,160.24,155.88,146.14,138.38,133.85,131.8
VTR,Ventas,Real Estate,Health Care REITs,67.13,70.82,55.85,68.07,68.51,68.14,67.59,65.69,65.93,64.24
VLTO,Veralto,Industrials,Environmental & Facilities Services,106.9,114.62,83.77,107.01,107.11,106.86,105.89,102.68,100.59,100.76
VRSN,Verisign,Information Technology,Internet Services & Infrastructure,282.28,309.71,174.64,286.27,285.84,279.33,277.35,278.78,272.68,251.33
VRSK,Verisk Analytics,Industrials,Research & Consulting Services,243.47,321.9,242.57,249.08,257.6,262.68,273.78,290.65,290.5,288.37
VZ,Verizon,Communication Services,Integrated Telecommunication Services,43.48,45.87,36.41,43.79,43.75,43.93,43.3,42.92,42.86,41.7
VRTX,Vertex Pharmaceuticals,Health Care,Biotechnology,383.12,519.88,362.5,388.39,391.41,392.41,416.0,433.94,445.0,449.23
VTRS,Viatris,Health Care,Pharmaceuticals,9.9,13.04,6.68,9.71,9.98,10.24,9.75,9.21,8.94,9.64
VICI,Vici Properties,Real Estate,Hotel & Resort REITs,31.84,33.54,26.86,32.18,32.45,32.76,32.62,31.98,31.76,30.84
V,Visa Inc.,Financials,Transaction & Payment Processing Services,341.61,374.85,266.36,341.01,341.24,345.48,345.36,350.52,347.06,340.54
VST,Vistra Corp.,Utilities,Electric Utilities,211.28,217.9,89.63,210.54,205.74,198.26,198.26,182.42,169.31,162.01
VMC,Vulcan Materials Company,Materials,Construction Materials,297.79,302.21,214.34,294.92,295.7,293.6,283.93,274.3,267.06,264.12
WRB,W. R. Berkley Corporation,Financials,Property & Casualty Insurance,73.39,75.77,54.76,72.76,72.83,72.32,70.72,71.48,70.74,66.69
GWW,W. W. Grainger,Industrials,Industrial Machinery & Supplies & Components,987.61,1219.65,889.92,999.41,1000.25,1007.59,1003.91,1030.92,1020.65,1034.58
WAB,Wabtec,Industrials,Construction Machinery & Heavy Transportation Equipment,188.7,215.82,151.42,188.14,189.23,191.58,195.24,198.54,194.08,193.73
WBA,Walgreens Boots Alliance,Consumer Staples,Drug Retail,11.98,13.25,7.98,11.98,12.03,11.93,11.67,11.39,11.33,10.81
WMT,Walmart,Consumer Staples,Consumer Staples Merchandise Retail,102.33,106.11,76.74,103.46,102.84,100.26,99.25,98.1,96.35,95.32
DIS,Walt Disney Company (The),Communication Services,Movies & Entertainment,113.76,124.69,79.76,115.11,116.06,117.07,117.72,115.08,110.06,109.76
WBD,Warner Bros. Discovery,Communication Services,Broadcasting,19.33,19.6,7.25,18.75,16.59,14.25,13.13,11.52,11.03,10.85
WM,Waste Management,Industrials,Environmental & Facilities Services,216.4,240.84,197.45,215.6,216.93,220.46,225.27,228.2,227.94,223.46
WAT,Waters Corporation,Health Care,Life Sciences Tools & Services,300.87,423.56,275.05,302.61,301.38,299.89,295.86,322.67,326.21,348.64
WEC,WEC Energy Group,Utilities,Electric Utilities,110.12,111.27,89.63,109.7,109.31,108.22,107.97,106.37,106.14,103.0
WFC,Wells Fargo,Financials,Diversified Banks,84.64,84.93,52.16,82.68,81.63,81.34,80.27,77.84,75.61,74.73
WELL,Welltower,Real Estate,Health Care REITs,165.19,170.99,120.11,166.35,167.57,167.25,164.52,157.45,155.1,148.01
WST,West Pharmaceutical Services,Health Care,Health Care Supplies,254.85,351.24,187.09,256.47,256.0,251.44,243.75,230.04,226.72,251.67
WDC,Western Digital,Information Technology,"Technology Hardware, Storage & Peripherals",106.63,107.18,28.74,103.64,99.49,91.17,79.78,66.98,61.12,56.33
WY,Weyerhaeuser,Real Estate,Timber REITs,24.1,33.04,23.71,24.58,24.99,25.39,25.48,25.69,25.84,27.06
WSM,"Williams-Sonoma, Inc.",Consumer Discretionary,Homefurnishing Retail,198.25,218.08,123.89,198.32,200.06,197.89,192.74,177.55,172.02,179.51
WMB,Williams Companies,Energy,Oil & Gas Storage & Transportation,60.11,62.92,43.0,59.17,58.52,57.73,57.74,58.18,58.01,56.82
WTW,Willis Towers Watson,Financials,Insurance Brokers,336.71,342.16,282.71,333.03,333.63,332.07,323.77,314.73,316.2,317.64
WDAY,"Workday, Inc.",Information Technology,Application Software,233.62,294.0,205.33,228.75,228.28,228.2,228.51,238.84,237.35,245.72
WYNN,Wynn Resorts,Consumer Discretionary,Casinos & Gaming,129.52,130.84,64.93,125.0,123.74,123.03,114.66,102.98,97.87,93.59
XEL,Xcel Energy,Utilities,Multi-Utilities,72.11,73.99,60.12,72.3,72.1,72.11,71.76,69.95,69.65,68.42
XYL,Xylem Inc.,Industrials,Industrial Machinery & Supplies & Components,142.88,144.93,99.87,141.7,140.72,141.4,138.77,132.34,128.43,126.2
YUM,Yum! Brands,Consumer Discretionary,Restaurants,145.66,161.72,120.38,147.22,147.45,146.4,145.72,145.44,145.99,143.34
ZBRA,Zebra Technologies,Information Technology,Electronic Equipment & Instruments,318.54,427.76,205.73,319.61,315.89,316.01,321.18,306.53,294.95,320.11
ZBH,Zimmer Biomet,Health Care,Health Care Equipment,100.09,114.14,88.99,100.06,101.85,103.98,99.82,96.82,98.37,101.31
ZTS,Zoetis,Health Care,Pharmaceuticals,145.88,197.92,138.77,146.72,148.34,151.42,151.18,155.9,155.44,159.61
