Symbol,Company,GICS_Sector,GICS_Sub_Industry,Current_Price,High_52_Week,Low_52_Week,SMA5,SMA10,SMA20,SMA50,SMA200,Score,Target_Pcnt,Target_Price,Stop_Loss
MMM,3M,Industrials,Industrial Conglomerates,165.67,173.09,123.2,165.8,168.09,168.14,163.72,151.53,0.0,4.76,173.56,162.72
AOS,A. O. Smith,Industrials,Building Products,68.66,73.9,58.72,67.75,67.33,65.92,67.11,67.47,0.0,1.06,69.39,62.46
ABT,Abbott Laboratories,Health Care,Health Care Equipment,128.64,138.33,109.61,123.56,124.79,126.47,127.55,129.76,-0.2,2.54,131.91,121.03
ABBV,AbbVie,Health Care,Biotechnology,226.95,242.63,165.03,224.44,225.67,228.61,227.16,202.97,0.2,4.14,236.35,220.89
ACN,Accenture,Information Technology,IT Consulting & Other Services,274.66,394.31,232.56,270.66,268.05,256.57,250.4,277.61,0.1,2.43,281.33,231.81
ADBE,Adobe Inc.,Information Technology,Application Software,350.98,549.93,312.4,345.6,337.54,329.33,336.54,367.2,0.0,0.48,352.66,306.02
AMD,Advanced Micro Devices,Information Technology,Semiconductors,221.43,264.33,78.21,220.71,218.97,221.2,229.3,155.39,0.0,10.55,244.79,197.61
AES,AES Corporation,Utilities,Independent Power Producers & Energy Traders,13.85,15.18,9.38,13.89,13.9,13.86,14.04,12.23,0.2,1.81,14.1,13.61
AFL,Aflac,Financials,Life & Health Insurance,111.65,114.41,97.05,108.75,108.97,110.01,109.73,105.73,0.0,1.25,113.05,106.96
A,Agilent Technologies,Health Care,Life Sciences Tools & Services,140.4,157.2,98.88,141.96,145.18,147.32,145.32,123.83,0.0,11.63,156.73,137.9
APD,Air Products,Materials,Industrial Gases,243.6,331.69,230.76,238.17,249.11,252.65,254.81,274.45,-0.2,11.27,271.05,234.24
ABNB,Airbnb,Consumer Discretionary,"Hotels, Resorts & Cruise Lines",131.84,161.42,105.69,126.96,123.74,119.97,122.13,126.65,0.2,-1.15,130.32,109.61
AKAM,Akamai Technologies,Information Technology,Internet Services & Infrastructure,87.2,102.1,68.21,86.02,86.27,87.31,81.05,78.77,0.2,3.84,90.55,84.06
ALB,Albemarle Corporation,Materials,Specialty Chemicals,132.38,134.59,50.16,131.33,128.4,124.76,107.78,78.68,0.0,3.24,136.67,112.84
ARE,Alexandria Real Estate Equities,Real Estate,Office REITs,47.31,98.01,44.97,45.92,47.7,49.57,60.4,73.78,0.0,17.65,55.66,43.48
ALGN,Align Technology,Health Care,Health Care Supplies,162.99,239.52,124.88,161.62,157.48,148.57,140.06,159.68,-0.1,4.23,169.88,127.27
ALLE,Allegion,Industrials,Building Products,162.82,179.47,118.08,160.84,161.75,162.14,167.74,152.81,-0.2,2.72,167.25,157.03
LNT,Alliant Energy,Utilities,Electric Utilities,65.6,69.47,54.87,65.0,65.67,66.94,67.23,63.34,-0.2,6.6,69.93,63.95
ALL,Allstate,Financials,Property & Casualty Insurance,211.63,213.64,177.51,204.31,205.77,208.45,202.93,200.02,0.0,2.32,216.54,200.37
GOOGL,Alphabet Inc. (Class A),Communication Services,Interactive Media & Services,307.77,323.23,144.3,314.24,315.94,308.36,281.46,208.54,0.2,9.58,337.25,279.47
GOOG,Alphabet Inc. (Class C),Communication Services,Interactive Media & Services,308.8,323.43,146.18,315.14,316.69,308.88,282.08,209.64,0.2,9.38,337.77,279.99
MO,Altria,Consumer Staples,Tobacco,59.12,66.65,48.28,58.57,58.55,58.46,60.63,59.56,0.2,0.36,59.33,57.58
AMZN,Amazon,Consumer Discretionary,Broadline Retail,222.3,254.0,167.32,227.83,229.85,228.37,229.08,215.17,0.0,7.14,238.17,218.56
AMCR,Amcor,Materials,Paper & Plastic Packaging Products & Materials,8.26,10.15,7.82,8.23,8.32,8.4,8.23,8.91,-0.1,4.72,8.65,8.15
AEE,Ameren,Utilities,Multi-Utilities,98.76,105.59,84.39,98.15,99.38,101.73,102.62,98.38,-0.2,8.4,107.06,96.4
AEP,American Electric Power,Utilities,Electric Utilities,115.93,123.77,87.28,115.23,116.95,119.58,118.54,108.28,0.0,8.45,125.73,113.44
AXP,American Express,Financials,Consumer Finance,382.17,384.89,230.22,373.76,369.95,361.38,354.04,309.82,0.0,0.95,385.8,336.96
AIG,American International Group,Financials,Multi-line Insurance,86.48,86.75,68.89,80.63,78.81,77.45,78.61,80.45,-0.2,-4.06,82.97,71.94
AMT,American Tower,Real Estate,Telecom Tower REITs,179.84,230.32,169.21,180.91,179.05,179.86,183.0,202.3,0.0,2.26,183.9,175.81
AWK,American Water Works,Utilities,Water Utilities,134.07,149.23,118.11,129.9,130.06,130.23,133.51,138.65,0.2,-0.31,133.65,126.82
AMP,Ameriprise Financial,Financials,Asset Management & Custody Banks,490.42,567.86,418.0,488.25,477.42,463.14,468.51,491.33,0.0,1.74,498.95,427.32
AME,Ametek,Industrials,Electrical Components & Equipment,202.67,203.84,150.67,200.48,199.23,196.35,192.08,181.24,0.2,0.78,204.25,188.45
AMGN,Amgen,Health Care,Biotechnology,324.73,345.46,250.44,318.51,328.39,333.79,313.82,292.96,-0.2,8.83,353.4,314.19
APH,Amphenol,Information Technology,Electronic Components,130.09,143.85,58.9,137.3,138.47,136.86,134.13,102.24,0.0,10.66,143.96,129.76
ADI,Analog Devices,Information Technology,Semiconductors,281.2,283.39,162.63,280.31,277.3,258.19,245.09,227.2,0.0,7.08,301.11,215.28
AON,Aon plc,Financials,Insurance Brokers,352.77,407.61,326.07,345.96,346.4,347.57,347.45,361.74,0.1,0.53,354.64,340.51
APA,APA Corporation,Energy,Oil & Gas Exploration & Production,25.26,27.1,13.47,26.01,26.16,25.26,24.05,20.25,0.2,8.35,27.37,23.14
APO,Apollo Global Management,Financials,Asset Management & Custody Banks,146.75,176.13,107.48,145.49,140.03,134.29,129.22,134.48,0.1,1.89,149.52,119.05
AAPL,Apple Inc.,Information Technology,"Technology Hardware, Storage & Peripherals",273.56,286.19,171.83,277.09,279.84,276.06,267.63,228.6,0.2,4.97,287.16,264.98
AMAT,Applied Materials,Information Technology,Semiconductor Materials & Equipment,262.45,275.15,125.98,268.6,266.92,250.11,235.8,184.41,0.2,9.61,287.67,212.54
APP,AppLovin,Information Technology,Application Software,683.57,724.62,219.37,703.64,683.27,616.43,611.12,440.23,0.2,11.32,760.95,471.9
APTV,Aptiv,Consumer Discretionary,Automotive Parts & Equipment,77.01,87.98,47.92,77.78,77.42,76.41,80.75,71.37,0.0,4.78,80.69,72.12
ACGL,Arch Capital Group,Financials,Property & Casualty Insurance,95.4,96.94,84.72,92.73,92.64,92.59,90.45,91.02,0.1,-0.63,94.8,90.39
ADM,Archer Daniels Midland,Consumer Staples,Agricultural Products & Services,60.29,63.67,40.67,58.89,59.34,59.23,59.83,53.85,-0.2,1.61,61.26,57.21
ARES,Ares Management,Financials,Asset Management & Custody Banks,172.46,194.14,116.52,173.61,167.81,158.03,152.93,161.96,0.3,4.95,181.0,135.05
ANET,Arista Networks,Information Technology,Communications Equipment,125.85,162.03,64.37,130.35,129.2,127.07,139.3,113.48,0.2,7.42,135.19,118.96
AJG,Arthur J. Gallagher & Co.,Financials,Insurance Brokers,255.96,346.41,237.85,244.36,244.0,247.59,264.2,303.12,0.2,1.43,259.62,235.56
AIZ,Assurant,Financials,Multi-line Insurance,232.71,232.71,177.67,225.57,224.41,225.16,219.19,204.41,0.4,-0.95,230.5,219.8
T,AT&T,Communication Services,Integrated Telecommunication Services,24.38,29.3,20.9,24.48,24.97,25.32,25.41,26.84,-0.2,8.2,26.38,24.26
ATO,Atmos Energy,Utilities,Gas Utilities,170.89,178.17,133.41,167.63,169.33,171.86,173.46,159.96,-0.2,4.1,177.9,165.83
ADSK,Autodesk,Information Technology,Application Software,293.48,326.79,238.84,299.33,303.19,298.67,302.97,293.31,-0.2,6.29,311.94,285.41
ADP,Automatic Data Processing,Industrials,Human Resource & Employment Services,265.58,323.5,249.06,261.31,260.08,256.16,266.66,292.58,0.2,0.03,265.66,246.64
AZO,AutoZone,Consumer Discretionary,Automotive Retail,3490.73,4354.54,3185.71,3528.94,3690.45,3786.13,3844.39,3827.82,-0.2,18.04,4120.46,3451.86
AVB,AvalonBay Communities,Real Estate,Multi-Family Residential REITs,177.8,222.25,173.92,176.64,178.29,178.8,181.12,194.3,-0.2,2.91,182.97,174.64
AVY,Avery Dennison,Materials,Paper & Plastic Packaging Products & Materials,183.57,193.53,156.63,178.12,176.33,172.7,170.32,171.81,0.3,-0.68,182.32,163.08
AXON,Axon Enterprise,Industrials,Aerospace & Defense,548.86,870.97,496.65,559.61,551.41,542.25,627.3,677.42,-0.2,4.24,572.13,512.38
BKR,Baker Hughes,Energy,Oil & Gas Equipment & Services,46.87,50.61,34.43,47.49,48.74,48.8,47.77,42.7,0.2,8.7,50.95,46.65
BALL,Ball Corporation,Materials,"Metal, Glass & Plastic Containers",51.41,59.23,44.42,48.59,48.71,48.52,48.26,51.41,0.1,-1.46,50.66,46.39
BAC,Bank of America,Financials,Diversified Banks,55.49,55.49,33.82,54.31,53.91,52.89,52.13,46.39,0.2,-0.16,55.4,50.38
BAX,Baxter International,Health Care,Health Care Equipment,19.6,36.1,17.41,18.62,18.69,18.46,20.08,26.37,0.4,-0.66,19.47,17.44
BDX,Becton Dickinson,Health Care,Health Care Equipment,200.63,243.81,162.39,195.56,193.61,192.5,187.98,188.32,0.1,-0.6,199.43,185.58
BRK-B,Berkshire Hathaway,Financials,Multi-Sector Holdings,505.71,539.8,442.66,496.13,500.7,503.57,496.77,498.21,-0.3,1.93,515.47,491.68
BBY,Best Buy,Consumer Discretionary,Computer & Electronics Retail,72.89,87.59,54.69,73.54,74.24,75.37,77.7,71.47,0.0,9.53,79.84,70.9
TECH,Bio-Techne,Health Care,Life Sciences Tools & Services,58.5,78.3,46.53,59.74,61.45,61.35,61.24,55.22,0.2,13.37,66.32,56.38
BIIB,Biogen,Health Care,Biotechnology,175.18,182.09,113.38,176.3,178.35,175.94,161.03,139.33,-0.2,6.83,187.14,164.73
BLK,BlackRock,Financials,Asset Management & Custody Banks,1082.02,1196.76,803.7,1080.11,1068.62,1044.8,1089.8,1030.71,-0.2,2.17,1105.5,984.06
BX,Blackstone Inc.,Financials,Asset Management & Custody Banks,150.89,187.02,117.47,153.8,151.71,146.47,150.29,151.1,0.0,5.16,158.68,134.27
XYZ,"Block, Inc.",Financials,Transaction & Payment Processing Services,64.31,98.19,46.53,62.76,62.27,62.15,69.66,66.64,0.2,3.13,66.32,57.98
BK,BNY Mellon,Financials,Asset Management & Custody Banks,117.08,118.68,72.12,116.9,114.95,111.76,109.28,95.94,0.2,2.03,119.46,104.07
BA,Boeing,Industrials,Aerospace & Defense,204.9,237.38,136.59,202.19,200.91,193.37,203.36,202.07,0.0,3.35,211.76,174.96
BKNG,Booking Holdings,Consumer Discretionary,"Hotels, Resorts & Cruise Lines",5475.06,5794.84,4141.9,5281.02,5166.5,4992.89,5066.18,5187.96,0.0,-0.63,5440.57,4545.26
BSX,Boston Scientific,Health Care,Health Care Equipment,91.94,108.14,88.03,92.55,95.66,97.64,98.77,101.19,-0.2,13.63,104.47,90.8
BMY,Bristol Myers Squibb,Health Care,Pharmaceuticals,54.74,60.79,42.6,51.89,51.2,49.29,46.76,48.07,0.1,-1.13,54.12,44.45
AVGO,Broadcom,Information Technology,Semiconductors,339.84,412.97,145.7,393.31,388.61,375.83,361.59,279.34,0.0,25.54,426.64,325.04
BR,Broadridge Financial Solutions,Industrials,Data Processing & Outsourced Services,228.84,265.85,215.58,228.02,228.76,227.77,228.01,237.64,-0.2,1.32,231.86,223.67
BRO,Brown & Brown,Financials,Insurance Brokers,82.08,123.81,76.42,79.04,79.39,79.73,83.64,100.74,0.4,-0.11,81.99,77.47
BF-B,Brown–Forman,Consumer Staples,Distillers & Vintners,30.34,43.65,25.25,30.28,30.03,29.0,28.04,29.9,0.1,3.1,31.28,26.72
BLDR,Builders FirstSource,Industrials,Building Products,104.4,173.51,94.85,107.26,109.71,106.21,113.78,122.24,0.2,13.05,118.02,94.4
BG,Bunge Global,Consumer Staples,Agricultural Products & Services,92.45,97.09,66.74,92.12,93.64,94.24,92.58,81.18,0.2,5.58,97.61,90.88
BXP,"BXP, Inc.",Real Estate,Office REITs,71.64,78.2,55.53,70.22,70.58,70.55,71.31,68.32,0.0,2.18,73.2,67.9
CHRW,C.H. Robinson,Industrials,Air Freight & Logistics,157.48,159.8,85.64,156.31,157.38,155.34,144.17,114.09,0.0,3.18,162.49,148.19
CDNS,Cadence Design Systems,Information Technology,Application Software,319.42,373.37,231.64,333.05,330.38,318.45,327.66,313.25,-0.2,8.59,346.86,290.04
CPT,Camden Property Trust,Real Estate,Multi-Family Residential REITs,104.39,122.09,97.58,103.21,104.21,104.16,102.96,109.68,-0.1,2.73,107.24,101.09
CPB,Campbell's Company (The),Consumer Staples,Packaged Foods & Meats,28.3,41.2,28.18,28.68,29.27,30.04,30.42,32.96,0.0,13.22,32.04,28.03
COF,Capital One,Financials,Consumer Finance,240.05,240.05,149.12,235.7,231.05,219.71,217.31,202.75,0.0,2.36,245.72,193.71
CAH,Cardinal Health,Health Care,Health Care Distributors,199.7,213.73,114.18,198.62,200.4,204.89,185.65,157.16,0.2,8.03,215.74,194.04
CCL,Carnival,Consumer Discretionary,"Hotels, Resorts & Cruise Lines",28.72,32.49,16.43,26.87,26.39,26.03,27.32,25.7,0.4,-3.45,27.73,24.34
CARR,Carrier Global,Industrials,Building Products,52.47,80.42,50.36,53.18,53.74,53.28,55.93,64.25,0.0,6.17,55.71,50.85
CAT,Caterpillar Inc.,Industrials,Construction Machinery & Heavy Transportation Equipment,589.58,625.61,270.85,604.28,596.57,577.2,552.64,418.48,0.2,5.81,623.83,530.56
CBOE,Cboe Global Markets,Financials,Financial Exchanges & Data,245.93,260.88,189.73,250.47,252.35,254.46,248.1,233.87,0.0,6.1,260.93,248.0
CBRE,CBRE Group,Real Estate,Real Estate Services,158.69,165.9,113.94,157.44,159.05,157.41,156.04,143.73,0.0,4.39,165.66,149.15
CDW,CDW Corporation,Information Technology,Technology Distributors,144.57,203.07,136.03,147.41,145.87,143.49,148.12,163.05,0.2,4.03,150.4,136.59
COR,Cencora,Health Care,Health Care Distributors,351.54,374.75,222.96,342.39,343.53,354.84,341.79,300.09,0.2,8.31,380.75,328.94
CNC,Centene Corporation,Health Care,Managed Health Care,40.62,65.89,25.21,39.14,38.84,38.14,36.86,43.94,-0.1,1.11,41.07,35.2
CNP,CenterPoint Energy,Utilities,Multi-Utilities,38.15,40.0,30.14,37.8,38.18,38.93,39.06,37.24,-0.2,6.47,40.62,37.25
CF,CF Industries,Materials,Fertilizers & Agricultural Chemicals,78.47,101.28,67.27,77.44,78.34,78.89,82.65,84.18,-0.2,5.3,82.63,75.14
CRL,Charles River Laboratories,Health Care,Life Sciences Tools & Services,197.56,197.56,99.75,191.99,186.38,177.69,177.41,156.57,0.0,1.21,199.95,155.42
SCHW,Charles Schwab Corporation,Financials,Investment Banking & Brokerage,95.33,98.41,68.45,95.33,94.42,93.11,93.71,88.78,-0.2,1.55,96.81,89.42
CHTR,Charter Communications,Communication Services,Cable & Satellite,209.18,427.25,194.22,208.86,204.4,202.07,227.17,315.15,0.2,1.35,212.0,192.12
CVX,Chevron Corporation,Energy,Integrated Oil & Gas,149.48,162.83,129.22,149.76,150.54,150.95,151.73,147.62,0.0,3.43,154.61,147.29
CMG,Chipotle Mexican Grill,Consumer Discretionary,Restaurants,35.92,66.16,29.81,34.41,34.25,33.07,35.78,45.07,0.0,1.09,36.31,29.83
CB,Chubb Limited,Financials,Property & Casualty Insurance,312.04,312.04,256.04,302.6,298.61,297.5,288.09,283.81,0.2,-1.91,306.08,288.91
CHD,Church & Dwight,Consumer Staples,Household Products,84.96,112.09,81.52,83.21,83.66,83.65,85.24,94.27,0.0,0.55,85.43,81.88
CI,Cigna,Health Care,Health Care Services,276.27,334.83,243.04,267.48,268.47,270.4,279.71,299.62,0.0,1.11,279.34,261.44
CINF,Cincinnati Financial,Financials,Property & Casualty Insurance,166.88,168.48,125.14,163.46,163.53,164.27,161.1,149.76,-0.2,1.26,168.98,159.56
CTAS,Cintas,Industrials,Diversified Support Services,188.3,226.65,180.61,185.76,185.39,184.86,187.21,205.07,0.0,0.03,188.36,181.37
CSCO,Cisco,Information Technology,Communications Equipment,78.39,80.25,52.55,79.26,78.27,77.57,73.61,66.24,0.0,2.22,80.13,75.0
C,Citigroup,Financials,Diversified Banks,113.0,113.0,56.95,110.84,108.34,104.17,100.89,86.09,0.0,0.92,114.04,94.3
CFG,Citizens Financial Group,Financials,Regional Banks,58.47,58.47,33.29,57.4,56.32,54.21,52.33,45.75,0.0,1.57,59.39,49.04
CLX,Clorox,Consumer Staples,Household Products,101.39,158.93,98.43,101.82,103.66,103.61,109.81,123.98,0.0,7.53,109.02,98.21
CME,CME Group,Financials,Financial Exchanges & Data,272.67,288.01,222.62,270.39,272.68,275.3,271.51,269.23,0.2,4.25,284.26,266.36
CMS,CMS Energy,Utilities,Multi-Utilities,70.64,75.44,63.06,70.27,71.21,72.75,73.13,71.29,-0.2,8.1,76.36,69.15
KO,Coca-Cola Company (The),Consumer Staples,Soft Drinks & Non-alcoholic Beverages,71.05,72.61,59.07,70.14,70.46,70.96,69.34,68.9,-0.4,2.53,72.85,69.06
CTSH,Cognizant,Information Technology,IT Consulting & Other Services,84.14,89.26,65.18,82.57,80.81,77.49,72.62,74.01,-0.1,1.72,85.59,69.39
COIN,Coinbase,Financials,Financial Exchanges & Data,248.66,419.78,151.47,268.87,268.81,264.08,308.88,283.22,0.0,15.89,288.17,240.0
CL,Colgate-Palmolive,Consumer Staples,Household Products,79.4,95.74,74.98,77.5,78.01,78.7,78.1,85.24,-0.1,2.13,81.09,76.31
CMCSA,Comcast,Communication Services,Cable & Satellite,28.23,38.78,26.46,27.37,27.24,27.09,28.2,32.35,0.4,-0.85,27.99,26.18
CAG,Conagra Brands,Consumer Staples,Packaged Foods & Meats,18.02,26.38,16.7,17.46,17.33,17.44,17.63,20.25,0.0,0.11,18.04,16.84
COP,ConocoPhillips,Energy,Oil & Gas Exploration & Production,94.05,103.38,80.54,94.77,93.2,90.69,89.17,90.87,0.1,3.02,96.89,84.48
ED,Consolidated Edison,Utilities,Multi-Utilities,98.89,110.5,85.06,96.24,96.52,98.54,98.76,100.85,-0.2,4.34,103.18,93.91
STZ,Constellation Brands,Consumer Staples,Distillers & Vintners,142.82,233.95,127.65,145.25,142.04,137.0,136.02,160.06,0.1,4.37,149.06,124.94
CEG,Constellation Energy,Utilities,Electric Utilities,357.5,403.49,170.33,363.0,362.74,355.7,365.01,303.55,0.0,5.44,376.95,334.46
COO,Cooper Companies (The),Health Care,Health Care Supplies,81.36,99.45,64.32,80.15,78.84,76.65,73.28,74.64,0.1,2.46,83.36,69.93
CPRT,Copart,Industrials,Diversified Support Services,38.62,63.84,38.41,38.67,38.78,39.52,41.87,49.3,0.0,7.95,41.69,37.34
GLW,Corning Inc.,Information Technology,Electronic Components,88.38,95.97,38.56,91.59,87.95,84.76,85.62,62.48,-0.2,6.32,93.97,75.56
CPAY,Corpay,Financials,Transaction & Payment Processing Services,311.43,389.55,255.0,308.66,304.24,293.96,285.85,315.63,0.1,2.65,319.68,268.24
CTVA,Corteva,Materials,Fertilizers & Agricultural Chemicals,65.57,76.73,55.1,65.53,65.74,65.52,64.07,66.92,-0.1,2.52,67.22,63.83
CSGP,CoStar Group,Real Estate,Real Estate Services,63.54,96.83,63.54,66.63,67.46,67.43,71.38,79.73,-0.2,10.17,70.0,64.86
COST,Costco,Consumer Staples,Consumer Staples Merchandise Retail,859.69,1072.45,859.69,878.91,894.13,897.86,915.36,955.24,-0.2,8.19,930.1,865.58
CTRA,Coterra,Energy,Oil & Gas Exploration & Production,26.25,28.82,22.01,26.64,26.84,26.45,24.99,24.75,0.2,4.95,27.55,25.36
CRWD,CrowdStrike,Information Technology,Systems Software,489.42,557.53,308.86,511.95,512.98,512.66,516.66,453.68,-0.2,9.43,535.57,489.74
CCI,Crown Castle,Real Estate,Telecom Tower REITs,89.39,112.64,81.15,90.58,89.59,90.03,92.76,97.68,0.0,3.17,92.22,87.84
CSX,CSX Corporation,Industrials,Rail Transportation,37.35,37.35,26.38,36.86,36.26,35.31,35.5,32.6,-0.2,0.86,37.67,32.95
CMI,Cummins,Industrials,Construction Machinery & Heavy Transportation Equipment,517.45,524.53,263.13,514.65,510.01,493.01,457.01,371.04,0.2,3.51,535.61,450.43
CVS,CVS Health,Health Care,Health Care Services,79.56,82.45,41.98,78.82,77.82,77.98,78.73,69.14,-0.2,1.85,81.03,74.93
DHR,Danaher Corporation,Health Care,Life Sciences Tools & Services,227.94,249.37,174.06,227.69,227.1,226.16,218.23,203.06,0.0,1.98,232.45,219.86
DRI,Darden Restaurants,Consumer Discretionary,Restaurants,186.29,222.41,155.17,181.15,178.56,176.42,180.4,196.68,0.0,-0.68,185.02,167.81
DDOG,Datadog,Information Technology,Application Software,142.4,199.72,87.0,150.07,152.5,159.8,162.75,132.3,-0.2,27.34,181.33,138.27
DVA,DaVita,Health Care,Health Care Services,120.4,177.35,115.2,118.63,118.45,118.56,122.57,136.02,0.0,1.54,122.25,114.88
DAY,Dayforce,Industrials,Human Resource & Employment Services,69.37,78.29,49.33,69.13,69.12,69.04,68.74,61.8,0.4,-0.13,69.28,68.79
DECK,Deckers Brands,Consumer Discretionary,Footwear,104.24,223.11,79.54,101.67,98.3,91.19,91.34,106.56,-0.2,2.5,106.85,75.52
DE,Deere & Company,Industrials,Agricultural & Farm Machinery,487.55,527.96,404.45,472.32,473.88,476.15,468.93,481.7,-0.1,1.29,493.84,458.48
DELL,Dell Technologies,Information Technology,"Technology Hardware, Storage & Peripherals",130.67,164.88,70.63,137.71,136.81,131.3,143.56,120.48,0.2,11.53,145.74,116.88
DAL,Delta Air Lines,Industrials,Passenger Airlines,71.28,71.28,35.54,69.28,67.75,63.57,60.79,53.44,0.0,3.06,73.46,53.68
DVN,Devon Energy,Energy,Oil & Gas Exploration & Production,36.12,38.41,26.43,37.41,37.5,36.66,34.58,33.41,0.2,7.09,38.68,34.63
DXCM,Dexcom,Health Care,Health Care Equipment,65.95,90.75,54.84,66.88,65.8,63.15,64.08,74.49,-0.2,5.2,69.38,56.92
FANG,Diamondback Energy,Energy,Oil & Gas Exploration & Production,153.6,175.21,116.78,157.32,157.52,152.92,146.63,141.74,0.2,6.02,162.85,142.98
DLR,Digital Realty,Real Estate,Data Center REITs,152.46,181.88,134.22,159.47,159.57,159.03,166.58,164.04,-0.2,7.81,164.37,153.69
DG,Dollar General,Consumer Staples,Consumer Staples Merchandise Retail,132.9,132.9,67.25,128.26,122.82,113.24,106.14,101.49,0.0,2.88,136.73,89.76
DLTR,Dollar Tree,Consumer Staples,Consumer Staples Merchandise Retail,131.62,131.62,61.92,125.17,119.59,111.64,103.49,95.27,0.2,-0.11,131.48,91.8
D,Dominion Energy,Utilities,Multi-Utilities,59.57,62.07,47.97,58.54,58.95,59.86,59.89,56.53,0.0,4.35,62.16,57.55
DPZ,Domino's,Consumer Discretionary,Restaurants,439.26,493.69,397.21,425.49,425.13,416.46,413.73,447.16,0.1,-0.02,439.17,393.74
DASH,DoorDash,Consumer Discretionary,Specialized Consumer Services,227.65,281.74,163.16,225.58,221.91,210.32,234.28,224.47,0.2,4.57,238.05,182.59
DOV,Dover Corporation,Industrials,Industrial Machinery & Supplies & Components,201.31,204.14,149.86,195.93,192.4,187.21,178.6,176.97,0.2,-0.4,200.5,173.9
DOW,Dow Inc.,Materials,Commodity Chemicals,23.47,39.0,20.27,23.72,23.59,22.87,22.65,26.09,-0.1,6.86,25.08,20.65
DHI,D. R. Horton,Consumer Discretionary,Homebuilding,156.12,183.47,114.08,153.67,156.85,151.26,152.1,141.85,0.0,7.74,168.2,134.3
DTE,DTE Energy,Utilities,Multi-Utilities,129.09,143.32,114.72,130.02,131.15,133.79,137.28,134.83,-0.2,8.06,139.49,128.08
DUK,Duke Energy,Utilities,Electric Utilities,116.67,127.92,102.07,115.1,116.91,119.99,122.74,118.68,-0.2,8.85,127.0,112.97
DD,DuPont,Materials,Specialty Chemicals,40.69,41.49,22.69,40.87,40.37,39.45,36.72,31.43,0.0,2.65,41.77,37.13
ETN,Eaton Corporation,Industrials,Electrical Components & Equipment,332.37,391.62,244.95,344.27,340.63,340.0,361.36,336.79,0.0,6.5,353.97,326.0
EBAY,eBay Inc.,Consumer Discretionary,Broadline Retail,82.68,100.1,58.89,83.49,82.97,82.3,86.69,79.68,0.0,2.36,84.63,79.98
ECL,Ecolab,Materials,Specialty Chemicals,260.89,284.78,224.56,258.02,262.23,263.74,266.68,262.74,-0.2,6.28,277.27,250.21
EIX,Edison International,Utilities,Electric Utilities,59.1,77.36,46.84,57.44,57.54,58.01,56.86,54.19,-0.2,0.95,59.66,56.35
EW,Edwards Lifesciences,Health Care,Health Care Equipment,83.32,86.82,67.07,83.82,84.5,85.01,81.43,77.01,-0.2,4.72,87.25,82.78
EA,Electronic Arts,Communication Services,Interactive Home Entertainment,204.18,204.18,115.97,203.74,203.47,202.33,201.15,166.21,-0.2,0.3,204.79,199.85
ELV,Elevance Health,Health Care,Managed Health Care,360.5,445.96,271.77,344.44,337.1,331.51,334.17,353.81,-0.2,-1.51,355.06,307.97
EME,Emcor,Industrials,Construction & Engineering,623.62,777.0,341.52,628.64,622.83,613.95,654.05,543.35,-0.2,3.1,642.95,584.91
EMR,Emerson Electric,Industrials,Electrical Components & Equipment,137.06,148.4,92.96,136.96,135.75,132.16,131.92,125.17,0.0,2.77,140.86,123.47
ETR,Entergy,Utilities,Electric Utilities,93.69,97.52,71.18,93.29,93.7,94.39,95.11,86.83,-0.2,3.29,96.77,92.01
EOG,EOG Resources,Energy,Oil & Gas Exploration & Production,105.79,133.44,101.83,109.35,110.14,108.85,107.87,113.92,-0.3,6.95,113.14,104.56
EPAM,EPAM Systems,Information Technology,IT Consulting & Other Services,213.37,267.63,142.2,209.56,203.63,192.65,172.14,169.3,0.0,1.87,217.36,167.96
EQT,EQT Corporation,Energy,Oil & Gas Exploration & Production,56.07,61.17,42.04,58.24,59.24,58.8,56.63,53.66,0.0,10.29,61.84,55.75
EFX,Equifax,Industrials,Research & Consulting Services,216.65,278.79,203.71,214.35,212.19,210.59,217.4,241.88,0.2,1.02,218.86,202.31
EQIX,Equinix,Real Estate,Data Center REITs,759.54,953.43,726.09,745.73,738.97,750.12,787.14,803.55,-0.2,2.8,780.81,719.46
EQR,Equity Residential,Real Estate,Multi-Family Residential REITs,61.1,72.76,58.7,60.61,61.12,60.62,61.02,65.08,0.0,2.45,62.6,58.64
ERIE,Erie Indemnity,Financials,Insurance Brokers,287.19,445.35,275.0,279.87,288.15,289.87,300.81,348.73,-0.2,5.86,304.02,275.72
ESS,Essex Property Trust,Real Estate,Multi-Family Residential REITs,259.22,305.43,247.18,255.4,257.07,257.49,258.14,270.69,-0.2,2.05,264.53,250.45
EL,Estée Lauder Companies (The),Consumer Staples,Personal Care Products,100.33,107.28,49.43,103.72,102.39,95.94,94.86,80.05,0.2,10.04,110.4,81.48
EG,Everest Group,Financials,Reinsurance,327.92,368.76,304.91,317.35,314.87,314.74,328.32,339.29,0.4,-0.42,326.54,302.96
EVRG,Evergy,Utilities,Electric Utilities,74.09,78.01,57.62,73.56,73.92,75.08,76.04,69.74,-0.2,5.07,77.85,72.31
ES,Eversource Energy,Utilities,Electric Utilities,68.49,74.88,52.98,67.63,67.08,67.58,70.86,64.51,-0.2,7.14,73.38,61.77
EXC,Exelon,Utilities,Electric Utilities,43.96,47.82,34.95,43.48,44.04,45.09,45.91,44.01,-0.2,8.19,47.56,42.61
EXE,Expand Energy,Energy,Oil & Gas Exploration & Production,110.42,122.89,91.44,115.59,118.51,117.83,110.95,105.52,-0.4,12.39,124.1,111.55
EXPE,Expedia Group,Consumer Discretionary,"Hotels, Resorts & Cruise Lines",283.59,283.59,135.82,272.9,267.14,258.09,238.84,195.11,0.2,-0.04,283.48,232.7
EXPD,Expeditors International,Industrials,Air Freight & Logistics,152.1,153.02,101.6,150.45,149.52,145.75,132.48,119.43,0.0,2.14,155.35,136.16
EXR,Extra Space Storage,Real Estate,Self-Storage REITs,133.14,156.01,123.86,130.23,130.85,131.06,137.44,141.5,-0.2,1.16,134.68,127.44
XOM,ExxonMobil,Energy,Integrated Oil & Gas,117.61,119.54,97.25,118.19,117.44,117.15,114.96,109.41,0.2,2.08,120.06,114.24
FFIV,"F5, Inc.",Information Technology,Communications Equipment,264.07,343.17,223.99,258.56,250.2,241.46,269.02,286.19,0.2,0.36,265.02,217.91
FDS,FactSet,Financials,Financial Exchanges & Data,291.0,485.96,252.61,289.04,284.93,279.07,277.44,376.44,0.1,1.03,294.0,264.15
FICO,Fair Isaac,Information Technology,Application Software,1818.09,2206.01,1311.26,1781.66,1778.84,1771.06,1716.38,1710.81,-0.2,0.72,1831.18,1710.95
FAST,Fastenal,Industrials,Trading Companies & Distributors,42.65,50.13,34.82,41.29,41.16,40.53,41.89,42.54,0.4,-0.94,42.25,38.82
FRT,Federal Realty Investment Trust,Real Estate,Retail REITs,100.88,109.5,81.67,97.92,97.77,97.54,97.74,95.16,0.0,-0.95,99.92,95.15
FDX,FedEx,Industrials,Air Freight & Logistics,281.36,284.78,195.55,280.44,276.47,272.38,256.96,233.81,0.2,1.39,285.27,259.49
FIS,Fidelity National Information Services,Financials,Transaction & Payment Processing Services,66.58,83.39,61.13,66.21,65.99,64.88,65.35,71.62,-0.2,1.8,67.78,61.98
FITB,Fifth Third Bancorp,Financials,Regional Banks,47.98,48.39,32.73,46.86,45.76,44.01,43.09,40.79,0.0,0.73,48.33,39.69
FSLR,First Solar,Information Technology,Semiconductors,256.24,277.39,120.38,260.12,259.77,258.47,249.97,186.4,0.0,6.61,273.18,243.77
FE,FirstEnergy,Utilities,Electric Utilities,44.58,47.72,36.81,44.52,44.99,45.9,46.02,42.1,-0.2,7.81,48.06,43.75
FISV,Fiserv,Financials,Transaction & Payment Processing Services,68.55,237.79,59.77,67.04,66.04,63.67,87.05,149.84,-0.2,0.98,69.22,58.12
F,Ford Motor Company,Consumer Discretionary,Automobile Manufacturers,13.68,13.68,8.35,13.39,13.23,13.11,12.73,11.03,0.2,-0.22,13.65,12.57
FTNT,Fortinet,Information Technology,Systems Software,81.46,114.57,74.39,82.51,83.22,81.78,83.33,92.51,0.0,5.4,85.86,77.69
FTV,Fortive,Industrials,Industrial Machinery & Supplies & Components,55.38,62.25,46.44,54.69,53.99,52.92,51.1,51.42,-0.1,1.03,55.95,49.89
FOXA,Fox Corporation (Class A),Communication Services,Broadcasting,71.82,71.82,45.64,70.29,68.38,66.67,63.53,57.15,0.2,-0.68,71.33,62.0
FOX,Fox Corporation (Class B),Communication Services,Broadcasting,63.19,63.44,43.32,62.7,61.25,59.78,57.08,52.19,0.0,0.59,63.56,56.0
BEN,Franklin Resources,Financials,Asset Management & Custody Banks,23.59,25.67,16.21,23.39,23.15,22.52,22.73,22.01,-0.2,1.91,24.04,21.0
FCX,Freeport-McMoRan,Materials,Copper,47.68,48.11,28.82,46.41,45.24,42.97,41.87,40.55,-0.2,1.34,48.32,37.61
GRMN,Garmin,Consumer Discretionary,Consumer Electronics,207.73,259.77,172.21,206.46,203.15,197.48,219.0,215.52,0.2,1.63,211.12,183.85
IT,Gartner,Information Technology,IT Consulting & Other Services,245.59,548.38,224.13,233.16,231.9,230.85,237.94,334.99,0.2,-2.42,239.65,222.06
GE,GE Aerospace,Industrials,Aerospace & Defense,301.41,314.28,158.97,289.19,288.8,292.52,299.58,255.13,0.0,1.11,304.76,280.29
GEHC,GE HealthCare,Health Care,Health Care Equipment,84.44,93.35,58.67,84.22,83.21,79.46,76.74,74.5,0.2,5.42,89.02,69.9
GEV,GE Vernova,Industrials,Heavy Electrical Equipment,684.51,723.0,269.69,671.78,639.98,608.09,597.39,512.55,0.0,2.43,701.14,515.02
GEN,Gen Digital,Information Technology,Systems Software,27.51,31.88,23.2,27.36,27.07,26.69,26.63,27.79,0.1,0.87,27.75,25.64
GNRC,Generac,Industrials,Electrical Components & Equipment,158.02,202.85,101.92,163.28,160.57,153.36,165.55,151.46,0.0,7.89,170.49,136.23
GD,General Dynamics,Industrials,Aerospace & Defense,340.69,353.77,238.33,338.94,338.0,339.55,341.1,302.19,0.0,1.44,345.6,333.52
GIS,General Mills,Consumer Staples,Packaged Foods & Meats,47.04,63.77,45.64,46.12,46.17,46.8,47.41,51.27,0.0,2.78,48.35,45.25
GM,General Motors,Consumer Discretionary,Automobile Manufacturers,81.63,81.63,42.15,79.23,76.82,73.51,68.0,55.26,0.0,0.37,81.93,65.09
GPC,Genuine Parts Company,Consumer Discretionary,Distributors,131.86,141.64,103.09,130.39,129.68,128.07,128.94,125.61,-0.2,0.92,133.07,123.07
GILD,Gilead Sciences,Health Care,Biotechnology,119.93,128.07,87.29,121.01,122.21,124.19,121.59,112.37,0.2,7.75,129.22,119.16
GPN,Global Payments,Financials,Transaction & Payment Processing Services,81.39,115.79,67.06,79.81,79.25,76.29,80.22,82.89,0.0,1.9,82.94,69.64
GL,Globe Life,Financials,Life & Health Insurance,140.56,146.27,103.56,136.12,133.73,133.21,133.96,129.52,0.0,-1.44,138.54,127.88
GDDY,GoDaddy,Information Technology,Internet Services & Infrastructure,123.94,214.35,123.94,126.35,127.68,126.96,130.06,158.32,0.0,5.45,130.69,123.21
GS,Goldman Sachs,Financials,Investment Banking & Brokerage,892.01,911.03,455.22,887.11,858.66,822.96,796.33,680.17,0.2,2.18,911.46,734.42
HAL,Halliburton,Energy,Oil & Gas Equipment & Services,28.4,29.12,18.84,28.64,28.01,27.02,25.95,22.8,0.2,3.77,29.47,24.58
HIG,Hartford (The),Financials,Property & Casualty Insurance,138.03,138.03,104.54,132.67,132.83,133.67,129.87,125.61,0.0,0.65,138.93,128.41
HAS,Hasbro,Consumer Discretionary,Leisure Products,81.49,83.96,49.29,81.72,81.84,80.28,77.26,70.23,0.2,4.71,85.33,75.23
HCA,HCA Healthcare,Health Care,Health Care Facilities,475.9,515.85,294.93,480.13,486.51,489.06,463.66,391.18,0.0,8.43,516.02,462.1
DOC,Healthpeak Properties,Real Estate,Health Care REITs,16.65,20.01,16.25,16.64,17.09,17.43,17.83,17.71,-0.2,11.59,18.58,16.28
HSIC,Henry Schein,Health Care,Health Care Distributors,77.48,81.91,62.03,75.38,74.15,73.52,69.05,69.22,0.3,-0.22,77.31,69.73
HSY,Hershey Company (The),Consumer Staples,Packaged Foods & Meats,188.35,194.06,140.14,181.91,182.28,183.13,181.21,173.33,0.0,0.58,189.44,176.81
HPE,Hewlett Packard Enterprise,Information Technology,"Technology Hardware, Storage & Peripherals",23.98,26.25,12.35,24.48,23.48,22.34,23.34,20.05,-0.2,5.59,25.32,19.35
HLT,Hilton Worldwide,Consumer Discretionary,"Hotels, Resorts & Cruise Lines",286.17,286.17,200.93,274.93,276.48,275.17,268.52,255.97,-0.2,1.12,289.38,260.96
HOLX,Hologic,Health Care,Health Care Equipment,75.17,75.53,52.73,74.91,74.91,74.68,72.88,65.55,0.0,0.25,75.36,73.99
HD,Home Depot (The),Consumer Discretionary,Home Improvement Retail,357.58,420.7,329.16,352.27,352.95,348.72,367.04,370.01,0.2,2.56,366.73,330.7
HON,Honeywell,Industrials,Industrial Conglomerates,197.26,224.06,169.57,193.07,192.57,192.14,194.47,200.26,0.0,0.14,197.54,186.76
HRL,Hormel Foods,Consumer Staples,Packaged Foods & Meats,24.01,31.79,21.29,23.79,23.71,23.18,23.08,27.05,0.1,1.96,24.48,21.88
HST,Host Hotels & Resorts,Real Estate,Hotel & Resort REITs,18.62,18.62,12.39,17.83,17.63,17.5,16.99,15.76,0.2,-1.72,18.3,16.7
HWM,Howmet Aerospace,Industrials,Aerospace & Defense,197.07,209.74,107.4,194.07,194.69,198.1,198.01,171.56,0.0,4.79,206.51,189.68
HPQ,HP Inc.,Information Technology,"Technology Hardware, Storage & Peripherals",24.42,33.5,21.17,24.98,24.99,24.17,25.65,25.77,0.0,7.58,26.27,22.07
HUBB,Hubbell Incorporated,Industrials,Industrial Machinery & Supplies & Components,445.24,471.0,312.92,448.59,441.95,431.81,436.28,402.03,0.0,2.92,458.24,405.39
HUM,Humana,Health Care,Managed Health Care,273.87,310.91,219.64,260.76,255.58,244.96,263.22,257.58,0.2,-0.72,271.9,218.01
HBAN,Huntington Bancshares,Financials,Regional Banks,17.75,17.91,12.26,17.43,17.13,16.45,16.08,15.84,0.0,1.69,18.05,14.85
HII,Huntington Ingalls Industries,Industrials,Aerospace & Defense,328.64,328.64,156.09,321.87,315.29,312.16,303.3,252.94,0.4,-0.66,326.47,297.84
IBM,IBM,Information Technology,IT Consulting & Other Services,309.2,314.98,211.92,310.45,307.83,303.39,298.31,266.12,0.2,2.66,317.42,289.35
IEX,IDEX Corporation,Industrials,Industrial Machinery & Supplies & Components,178.62,224.77,156.86,177.16,177.03,172.29,169.15,172.21,0.1,3.33,184.57,160.03
IDXX,Idexx Laboratories,Health Care,Health Care Equipment,700.27,766.68,361.04,703.06,713.45,715.18,680.65,565.57,0.0,9.8,768.9,661.49
ITW,Illinois Tool Works,Industrials,Industrial Machinery & Supplies & Components,259.14,269.49,215.75,252.97,250.98,247.81,248.11,249.22,0.0,-0.59,257.61,238.03
INCY,Incyte,Health Care,Biotechnology,99.23,108.26,55.17,96.47,99.03,101.48,96.61,77.15,0.0,9.03,108.19,94.77
IR,Ingersoll Rand,Industrials,Industrial Machinery & Supplies & Components,81.58,101.58,66.7,80.74,80.17,78.43,78.42,80.11,-0.1,2.84,83.9,72.96
PODD,Insulet Corporation,Health Care,Health Care Equipment,292.67,352.82,237.06,294.48,302.02,316.26,318.47,301.15,-0.2,19.25,349.01,283.52
INTC,Intel,Information Technology,Semiconductors,37.56,43.76,18.13,39.73,40.78,38.23,38.06,26.57,-0.2,18.34,44.45,32.01
IBKR,Interactive Brokers,Financials,Investment Banking & Brokerage,62.77,72.99,35.93,65.37,64.94,64.17,67.32,57.16,0.2,7.18,67.28,61.05
ICE,Intercontinental Exchange,Financials,Financial Exchanges & Data,161.93,187.92,141.62,160.09,158.65,156.2,155.11,169.28,0.1,0.56,162.84,149.56
IFF,International Flavors & Fragrances,Materials,Specialty Chemicals,64.07,86.24,59.55,64.52,66.12,66.56,64.52,70.36,-0.1,9.83,70.37,62.76
IP,International Paper,Materials,Paper & Plastic Packaging Products & Materials,38.73,57.74,35.6,38.6,38.74,38.18,41.06,45.94,-0.2,4.39,40.43,35.92
INTU,Intuit,Information Technology,Application Software,656.46,805.92,541.4,661.38,655.85,651.62,657.58,676.51,-0.2,3.22,677.6,625.63
ISRG,Intuitive Surgical,Health Care,Health Care Equipment,559.75,610.45,429.59,557.61,563.68,562.67,527.53,508.13,0.2,4.06,582.48,542.86
IVZ,Invesco,Financials,Asset Management & Custody Banks,26.08,27.0,11.76,26.47,25.71,24.58,23.8,18.75,0.2,5.18,27.43,21.73
INVH,Invitation Homes,Real Estate,Single-Family Residential REITs,26.97,34.81,26.09,26.55,27.06,27.52,28.04,30.93,0.0,6.9,28.83,26.22
IQV,IQVIA,Health Care,Life Sciences Tools & Services,222.98,231.92,137.0,222.7,224.56,224.05,216.5,181.3,0.0,4.81,233.71,214.4
IRM,Iron Mountain,Real Estate,Other Specialized REITs,82.52,109.59,75.72,85.12,84.48,85.59,96.15,93.88,0.0,9.21,90.12,81.06
JBHT,J.B. Hunt,Industrials,Cargo Ground Transportation,197.37,199.55,123.62,194.94,190.4,178.02,166.9,148.15,0.0,4.0,205.26,150.78
JBL,Jabil,Information Technology,Electronic Manufacturing Services,221.21,234.36,116.73,227.79,221.38,211.16,209.91,189.88,0.2,6.39,235.35,186.99
JKHY,Jack Henry & Associates,Financials,Transaction & Payment Processing Services,187.41,189.35,145.77,184.13,180.51,174.4,162.41,168.81,-0.1,1.18,189.62,159.18
J,Jacobs Solutions,Industrials,Construction & Engineering,135.24,164.04,108.92,136.91,137.18,138.21,149.02,135.89,0.0,12.24,151.79,124.62
JNJ,Johnson & Johnson,Health Care,Pharmaceuticals,214.93,214.93,137.84,206.61,205.36,203.84,194.88,169.24,0.2,-1.07,212.63,195.06
JCI,Johnson Controls,Industrials,Building Products,116.63,122.66,70.88,116.25,115.41,115.3,113.91,101.08,0.0,1.29,118.13,112.47
JPM,JPMorgan Chase,Financials,Diversified Banks,320.18,320.41,208.26,312.68,312.35,307.41,306.81,279.07,0.0,0.41,321.49,293.33
KVUE,Kenvue,Consumer Staples,Personal Care Products,17.24,23.7,13.93,17.13,17.06,16.85,16.06,19.96,0.1,2.38,17.65,16.05
KDP,Keurig Dr Pepper,Consumer Staples,Soft Drinks & Non-alcoholic Beverages,29.1,35.14,25.3,29.23,28.81,28.07,27.35,30.97,0.1,2.27,29.76,26.38
KEY,KeyCorp,Financials,Regional Banks,20.49,20.69,12.78,20.21,19.49,18.52,17.91,16.85,0.0,2.0,20.9,16.14
KEYS,Keysight Technologies,Information Technology,Electronic Equipment & Instruments,207.31,214.14,127.02,210.86,207.94,194.65,181.54,164.65,0.2,8.86,225.68,163.62
KMB,Kimberly-Clark,Consumer Staples,Household Products,103.03,142.87,98.85,102.87,103.88,103.84,109.58,125.02,0.2,4.29,107.45,100.24
KIM,Kimco Realty,Real Estate,Retail REITs,20.42,23.46,18.04,20.06,20.09,20.09,20.63,20.64,-0.2,0.54,20.53,19.65
KMI,Kinder Morgan,Energy,Oil & Gas Storage & Transportation,26.75,29.9,24.4,26.95,27.17,27.07,26.85,26.84,0.0,3.81,27.77,26.37
KKR,KKR & Co.,Financials,Asset Management & Custody Banks,134.48,166.13,92.38,136.96,131.4,124.72,122.57,126.29,0.1,5.34,141.66,107.77
KLAC,KLA Corporation,Information Technology,Semiconductor Materials & Equipment,1228.27,1246.18,572.94,1232.71,1214.49,1175.91,1157.47,907.05,0.0,3.17,1267.21,1084.59
KHC,Kraft Heinz,Consumer Staples,Packaged Foods & Meats,24.61,30.79,23.35,24.42,24.64,24.71,24.65,26.35,0.1,3.41,25.45,23.96
KR,Kroger,Consumer Staples,Food Retail,62.87,73.58,57.2,62.52,63.92,65.18,65.78,67.43,-0.2,10.12,69.23,61.12
LHX,L3Harris,Industrials,Aerospace & Defense,288.23,305.49,190.99,284.61,280.61,281.06,287.47,254.95,0.0,1.14,291.52,270.6
LH,Labcorp,Health Care,Health Care Services,262.98,290.15,210.49,261.54,262.7,263.46,267.12,256.21,0.2,2.85,270.47,256.45
LRCX,Lam Research,Information Technology,Semiconductor Materials & Equipment,164.86,168.71,58.73,166.08,161.84,154.97,152.24,106.07,0.0,4.22,171.82,138.12
LW,Lamb Weston,Consumer Staples,Packaged Foods & Meats,59.58,80.24,47.44,59.16,59.43,58.36,61.16,55.24,0.0,2.99,61.36,55.36
LVS,Las Vegas Sands,Consumer Discretionary,Casinos & Gaming,66.91,69.49,30.23,66.62,67.06,66.36,60.25,48.92,0.2,3.81,69.46,63.26
LDOS,Leidos,Industrials,Diversified Support Services,185.32,199.55,125.82,186.95,187.79,188.42,190.54,165.53,0.0,4.07,192.86,183.97
LEN,Lennar,Consumer Discretionary,Homebuilding,119.71,150.54,101.41,119.36,124.05,123.15,123.43,117.88,0.0,12.96,135.22,111.06
LII,Lennox International,Industrials,Building Products,497.38,662.88,444.26,504.39,501.51,484.97,500.75,552.85,0.0,6.17,528.07,441.88
LLY,Lilly (Eli),Health Care,Pharmaceuticals,1062.88,1109.94,623.36,1009.14,1020.81,1039.88,934.5,812.29,0.0,4.22,1107.73,972.03
LIN,Linde plc,Materials,Industrial Gases,418.02,481.82,389.38,398.75,401.91,406.41,426.64,452.24,0.2,1.2,423.04,389.78
LYV,Live Nation Entertainment,Communication Services,Movies & Entertainment,141.97,174.06,115.79,139.96,137.45,134.07,143.54,144.69,-0.2,1.23,143.72,124.43
LKQ,LKQ Corporation,Consumer Discretionary,Distributors,30.53,42.58,28.17,29.76,29.51,29.52,29.88,34.69,0.0,0.85,30.79,28.25
LMT,Lockheed Martin,Industrials,Aerospace & Defense,484.07,510.37,404.69,471.83,458.75,458.92,474.25,458.43,0.0,-0.4,482.13,435.71
L,Loews Corporation,Financials,Multi-line Insurance,105.01,108.26,80.73,103.25,104.2,105.16,102.6,93.62,0.0,3.66,108.85,101.47
LOW,Lowe's,Consumer Discretionary,Home Improvement Retail,248.99,271.68,208.44,246.15,246.19,238.82,238.53,233.9,0.2,3.16,256.86,220.79
LULU,Lululemon Athletica,Consumer Discretionary,"Apparel, Accessories & Luxury Goods",208.09,421.16,159.87,189.61,186.88,178.99,174.41,231.12,0.1,-3.64,200.52,157.46
LYB,LyondellBasell,Materials,Specialty Chemicals,43.35,71.62,41.19,43.75,44.7,44.34,44.59,53.23,0.0,11.72,48.43,40.25
MTB,M&T Bank,Financials,Regional Banks,204.55,205.75,153.05,201.69,197.6,191.25,186.33,183.27,0.0,1.13,206.86,175.63
MPC,Marathon Petroleum,Energy,Oil & Gas Refining & Marketing,184.63,199.13,116.64,188.69,190.24,191.73,190.44,166.76,0.2,7.73,198.9,184.56
MAR,Marriott International,Consumer Discretionary,"Hotels, Resorts & Cruise Lines",308.38,308.38,209.55,292.69,296.68,294.39,280.09,262.94,0.0,1.46,312.88,275.89
MMC,Marsh McLennan,Financials,Insurance Brokers,186.91,242.13,176.58,182.83,183.04,181.96,186.5,209.06,0.2,-0.43,186.11,177.8
MLM,Martin Marietta Materials,Materials,Construction Materials,634.22,655.98,450.65,624.78,620.62,612.15,618.65,566.71,-0.2,0.65,638.34,585.93
MAS,Masco,Industrials,Building Products,64.73,80.35,57.89,63.29,63.77,62.65,64.61,66.26,0.0,2.95,66.64,58.67
MA,Mastercard,Financials,Transaction & Payment Processing Services,569.21,598.17,477.88,549.89,548.09,543.47,554.88,558.43,0.0,-0.96,563.75,523.18
MTCH,Match Group,Communication Services,Interactive Media & Services,32.6,38.56,26.72,33.55,33.72,33.0,32.84,32.45,0.0,7.18,34.94,31.06
MKC,McCormick & Company,Consumer Staples,Packaged Foods & Meats,68.48,83.15,63.3,65.16,64.85,65.74,65.79,71.12,0.0,0.8,69.03,62.44
MCD,McDonald's,Consumer Discretionary,Restaurants,318.81,318.81,273.36,311.93,309.14,307.27,303.41,302.61,0.2,-0.86,316.07,298.48
MCK,McKesson Corporation,Health Care,Health Care Distributors,823.31,888.45,560.41,808.98,815.96,840.1,816.73,726.71,0.0,9.07,897.98,782.19
MDT,Medtronic,Health Care,Health Care Equipment,98.54,105.35,77.44,99.99,101.06,101.17,97.11,90.18,-0.2,7.8,106.23,96.11
MRK,Merck & Co.,Health Care,Pharmaceuticals,100.54,105.66,72.03,98.6,99.87,99.21,91.76,84.13,0.2,5.87,106.44,91.98
META,Meta Platforms,Communication Services,Interactive Media & Services,650.1,789.47,483.96,655.34,653.92,632.65,667.58,670.63,-0.2,5.48,685.73,579.58
MET,MetLife,Financials,Life & Health Insurance,82.66,84.55,66.92,80.13,78.74,77.23,78.34,77.65,0.0,-1.04,81.8,72.65
MTD,Mettler Toledo,Health Care,Life Sciences Tools & Services,1411.57,1506.02,970.15,1398.36,1417.96,1428.18,1398.68,1245.25,0.0,6.4,1501.91,1354.47
MGM,MGM Resorts,Consumer Discretionary,Casinos & Gaming,37.47,40.37,25.79,36.66,36.11,34.37,33.16,33.72,-0.1,3.1,38.63,30.1
MCHP,Microchip Technology,Information Technology,Semiconductors,67.36,74.07,34.52,67.71,64.28,57.8,60.33,59.64,0.0,7.82,72.63,42.98
MU,Micron Technology,Information Technology,Semiconductors,237.35,263.71,64.62,251.77,243.68,235.2,222.16,137.54,0.2,11.61,264.91,205.49
MSFT,Microsoft,Information Technology,Systems Software,474.99,541.06,352.67,484.01,483.85,485.62,503.94,470.44,0.0,6.32,505.01,466.22
MAA,Mid-America Apartment Communities,Real Estate,Multi-Family Residential REITs,132.32,165.69,126.28,131.74,132.84,132.7,132.03,144.89,-0.1,3.26,136.63,128.77
MRNA,Moderna,Health Care,Biotechnology,30.16,47.53,22.36,29.0,27.16,25.81,26.12,27.54,0.0,-0.3,30.07,21.55
MHK,Mohawk Industries,Consumer Discretionary,Home Furnishings,111.17,139.75,97.99,110.16,111.87,110.36,115.51,114.77,0.0,6.67,118.59,102.13
MOH,Molina Healthcare,Health Care,Managed Health Care,166.59,353.24,134.51,161.28,154.89,148.36,162.96,233.73,0.2,-0.07,166.47,130.26
TAP,Molson Coors Beverage Company,Consumer Staples,Brewers,47.65,61.12,42.77,46.68,46.18,45.91,45.5,50.39,0.1,-0.61,47.36,44.46
MDLZ,Mondelez International,Consumer Staples,Packaged Foods & Meats,54.55,70.19,53.79,54.22,55.02,55.74,58.15,63.1,-0.2,6.1,57.88,53.6
MPWR,Monolithic Power Systems,Information Technology,Semiconductors,952.36,1105.05,453.43,971.88,961.4,927.85,970.41,773.08,-0.2,5.74,1007.03,848.63
MNST,Monster Beverage,Consumer Staples,Soft Drinks & Non-alcoholic Beverages,74.79,75.95,46.16,73.73,74.03,73.55,70.67,63.45,0.0,1.63,76.01,71.09
MCO,Moody's Corporation,Financials,Financial Exchanges & Data,486.75,523.49,394.44,485.15,487.88,483.26,482.84,480.06,-0.2,2.3,497.95,468.58
MS,Morgan Stanley,Financials,Investment Banking & Brokerage,178.22,180.29,97.76,178.78,175.66,169.24,164.11,139.82,0.2,3.36,184.21,154.27
MOS,Mosaic Company (The),Materials,Fertilizers & Agricultural Chemicals,24.86,37.21,22.27,24.25,24.18,24.2,27.07,30.5,0.2,1.93,25.34,23.06
MSI,Motorola Solutions,Information Technology,Communications Equipment,364.62,489.19,364.62,369.23,371.86,371.66,406.39,425.59,0.2,4.0,379.2,364.13
MSCI,MSCI Inc.,Financials,Financial Exchanges & Data,554.07,628.02,501.79,543.2,544.76,552.76,557.39,556.63,-0.4,3.3,572.35,533.17
NDAQ,"Nasdaq, Inc.",Financials,Financial Exchanges & Data,92.68,96.38,65.81,91.79,90.46,88.97,88.23,85.24,0.2,0.98,93.59,84.36
NTAP,NetApp,Information Technology,"Technology Hardware, Storage & Peripherals",114.28,125.81,75.4,117.52,116.36,112.22,114.84,104.69,0.0,6.48,121.69,102.76
NFLX,Netflix,Communication Services,Movies & Entertainment,93.58,133.91,82.84,94.78,99.98,104.02,110.74,113.33,0.0,24.4,116.41,91.63
NEM,Newmont,Materials,Gold,99.51,99.51,36.38,95.28,92.89,89.77,87.64,66.34,0.2,-0.79,98.72,80.82
NWSA,News Corp (Class A),Communication Services,Publishing,26.1,31.03,23.89,26.0,25.82,25.62,26.14,27.77,0.2,1.03,26.37,24.88
NWS,News Corp (Class B),Communication Services,Publishing,29.34,35.06,27.33,29.44,29.29,29.11,29.72,31.72,0.0,1.94,29.91,28.3
NEE,NextEra Energy,Utilities,Multi-Utilities,81.43,86.29,62.68,80.82,82.48,83.46,83.17,73.47,0.2,6.75,86.93,79.99
NKE,"Nike, Inc.",Consumer Discretionary,"Apparel, Accessories & Luxury Goods",67.88,79.84,52.31,65.66,65.58,64.14,65.2,66.77,0.0,0.06,67.92,60.36
NI,NiSource,Utilities,Multi-Utilities,41.74,44.13,34.46,41.5,41.85,42.5,42.86,40.5,0.0,5.68,44.11,40.89
NDSN,Nordson Corporation,Industrials,Industrial Machinery & Supplies & Components,237.57,245.88,166.29,235.24,236.37,234.23,233.75,214.92,-0.2,1.97,242.25,226.21
NSC,Norfolk Southern,Industrials,Rail Transportation,299.34,299.34,203.11,294.04,293.51,289.19,287.42,260.94,0.2,0.29,300.21,278.17
NTRS,Northern Trust,Financials,Asset Management & Custody Banks,139.59,140.09,82.84,136.83,134.1,130.42,128.73,116.27,0.0,0.36,140.09,120.75
NOC,Northrop Grumman,Industrials,Aerospace & Defense,574.38,635.37,426.05,558.79,554.17,559.0,579.19,534.94,0.2,0.03,574.55,543.46
NCLH,Norwegian Cruise Line Holdings,Consumer Discretionary,"Hotels, Resorts & Cruise Lines",21.73,29.07,15.5,19.87,19.29,18.65,20.67,20.93,0.4,-5.15,20.61,16.69
NRG,NRG Energy,Utilities,Independent Power Producers & Energy Traders,159.79,178.04,82.84,165.89,165.83,165.52,167.03,144.16,0.0,7.6,171.93,159.09
NUE,Nucor,Materials,Steel,161.98,166.57,102.37,162.06,161.88,157.02,147.7,133.38,0.2,4.45,169.19,144.85
NVDA,Nvidia,Information Technology,Semiconductors,176.43,207.03,94.29,182.33,181.84,182.0,186.87,156.06,0.0,7.05,188.87,175.14
NVR,"NVR, Inc.",Consumer Discretionary,Homebuilding,7589.3,8848.69,6700.0,7472.3,7521.68,7412.77,7467.58,7515.18,-0.2,2.1,7748.68,7076.76
NXPI,NXP Semiconductors,Information Technology,Semiconductors,232.87,241.33,151.41,230.1,224.21,207.34,210.72,208.47,-0.2,4.84,244.14,170.53
ORLY,O’Reilly Automotive,Consumer Discretionary,Automotive Retail,95.06,107.82,78.66,95.0,97.31,98.58,98.73,96.1,-0.2,8.8,103.43,93.72
OXY,Occidental Petroleum,Energy,Oil & Gas Exploration & Production,40.12,51.56,35.51,41.1,41.61,41.55,41.69,43.09,-0.2,6.48,42.72,40.38
ODFL,Old Dominion,Industrials,Cargo Ground Transportation,156.71,207.79,126.04,154.7,151.37,141.44,139.66,152.82,0.1,4.39,163.59,119.3
OMC,Omnicom Group,Communication Services,Advertising,80.89,88.93,68.6,76.95,74.39,73.59,75.41,74.94,0.0,-2.18,79.13,68.05
ON,ON Semiconductor,Information Technology,Semiconductors,55.21,67.97,31.95,55.58,54.65,50.91,50.58,48.28,0.2,7.28,59.23,42.6
OKE,Oneok,Energy,Oil & Gas Storage & Transportation,72.74,104.36,64.31,74.01,74.42,72.41,69.84,77.42,0.1,5.9,77.03,67.78
ORCL,Oracle Corporation,Information Technology,Application Software,184.04,327.76,122.35,209.59,208.96,209.6,247.04,212.39,0.0,26.15,232.17,187.04
OTIS,Otis Worldwide,Industrials,Industrial Machinery & Supplies & Components,88.14,102.87,84.13,87.39,87.26,87.57,89.49,92.74,0.0,1.15,89.15,85.99
PCAR,Paccar,Industrials,Construction Machinery & Heavy Transportation Equipment,112.97,113.48,85.53,111.58,109.51,104.83,100.29,96.92,0.0,3.25,116.64,93.03
PKG,Packaging Corporation of America,Materials,Paper & Plastic Packaging Products & Materials,204.93,237.61,173.82,200.61,199.19,198.59,202.28,198.02,-0.2,0.9,206.77,190.42
PLTR,Palantir Technologies,Information Technology,Application Software,184.26,207.18,64.98,184.61,179.7,172.28,179.47,144.42,-0.2,3.92,191.48,153.07
PANW,Palo Alto Networks,Information Technology,Systems Software,185.95,221.38,152.44,191.92,192.54,192.4,204.99,192.12,0.0,10.51,205.49,179.3
PSKY,Paramount Skydance Corporation,Communication Services,Movies & Entertainment,13.89,19.73,10.05,14.39,14.63,15.17,16.0,13.73,0.0,20.16,16.69,13.65
PH,Parker Hannifin,Industrials,Industrial Machinery & Supplies & Components,884.32,899.13,513.45,883.06,875.32,855.92,805.1,707.12,0.2,2.31,904.75,807.05
PAYX,Paychex,Industrials,Human Resource & Employment Services,115.46,157.06,108.46,113.63,112.67,111.69,116.85,136.05,0.4,-0.41,114.99,108.4
PAYC,Paycom,Industrials,Human Resource & Employment Services,162.65,264.67,159.21,163.84,163.94,162.86,179.47,215.46,0.4,2.72,167.07,158.65
PYPL,PayPal,Financials,Transaction & Payment Processing Services,60.65,91.6,57.28,61.08,61.61,61.31,65.92,68.4,0.2,4.68,63.49,59.13
PNR,Pentair,Industrials,Industrial Machinery & Supplies & Components,105.0,112.34,75.59,104.45,104.81,104.33,106.99,100.38,0.0,2.24,107.35,101.31
PEP,PepsiCo,Consumer Staples,Soft Drinks & Non-alcoholic Beverages,150.98,152.79,124.61,148.0,147.24,146.42,145.92,139.48,0.2,-0.58,150.1,142.73
PFE,Pfizer,Health Care,Pharmaceuticals,26.61,26.9,20.47,25.86,25.7,25.47,24.95,23.86,0.4,-0.79,26.4,24.53
PCG,PG&E Corporation,Utilities,Multi-Utilities,15.37,20.3,12.98,15.04,15.21,15.6,16.03,15.68,-0.2,7.74,16.56,14.65
PM,Philip Morris International,Consumer Staples,Tobacco,158.51,181.86,114.18,151.58,151.68,153.49,153.65,162.2,0.0,1.0,160.1,146.88
PSX,Phillips 66,Energy,Oil & Gas Refining & Marketing,140.63,143.81,90.32,141.36,140.28,137.92,134.88,122.85,0.2,2.7,144.43,131.41
PNW,Pinnacle West Capital,Utilities,Multi-Utilities,88.28,92.82,78.54,87.18,87.86,88.66,89.54,89.27,0.0,2.98,90.91,86.41
PNC,PNC Financial Services,Financials,Diversified Banks,211.59,211.59,145.61,205.97,200.84,193.44,188.22,181.97,0.0,0.28,212.18,174.69
POOL,Pool Corporation,Consumer Discretionary,Distributors,238.43,369.6,230.21,237.91,240.5,239.9,263.8,297.59,0.0,4.03,248.04,231.76
PPG,PPG Industries,Materials,Specialty Chemicals,103.75,121.09,89.82,101.35,100.99,99.1,99.19,106.09,-0.2,0.47,104.24,93.97
PPL,PPL Corporation,Utilities,Electric Utilities,34.25,37.66,30.6,33.63,34.06,35.07,36.09,35.0,-0.2,9.23,37.41,32.73
PFG,Principal Financial Group,Financials,Life & Health Insurance,90.79,91.54,67.57,89.53,87.42,85.12,82.62,78.86,0.0,0.59,91.33,78.92
PG,Procter & Gamble,Consumer Staples,Personal Care Products,145.13,172.77,138.34,140.74,143.25,145.55,147.66,156.19,-0.2,4.88,152.21,138.89
PGR,Progressive Corporation,Financials,Property & Casualty Insurance,235.71,290.89,203.7,227.69,227.22,226.64,224.46,253.0,0.1,-1.31,232.62,220.67
PLD,Prologis,Real Estate,Industrial REITs,130.54,130.56,88.13,128.99,128.81,127.01,124.11,111.44,0.2,1.19,132.09,121.93
PRU,Prudential Financial,Financials,Life & Health Insurance,117.57,117.57,91.53,114.48,112.0,108.84,104.73,103.02,0.2,-0.26,117.26,100.4
PEG,Public Service Enterprise Group,Utilities,Electric Utilities,80.46,88.72,75.32,78.99,79.49,80.51,81.25,80.76,-0.4,3.39,83.19,77.83
PTC,PTC Inc.,Information Technology,Application Software,174.95,216.53,136.74,175.24,175.69,174.54,187.49,181.64,-0.2,2.61,179.52,169.57
PSA,Public Storage,Real Estate,Self-Storage REITs,271.69,311.8,260.94,269.46,271.85,271.3,283.47,287.21,0.0,2.43,278.29,264.3
PHM,PulteGroup,Consumer Discretionary,Homebuilding,126.61,141.19,91.67,126.0,126.89,123.14,122.73,114.28,0.2,5.96,134.16,112.13
PWR,Quanta Services,Industrials,Construction & Engineering,435.79,466.91,236.5,457.19,457.44,449.67,442.48,366.93,0.0,9.3,476.32,423.01
QCOM,Qualcomm,Information Technology,Semiconductors,179.63,186.73,122.59,178.88,175.48,170.14,170.09,156.35,0.2,2.17,183.53,156.76
DGX,Quest Diagnostics,Health Care,Health Care Services,184.01,192.35,148.06,181.31,182.21,185.36,183.41,175.98,0.2,4.77,192.79,177.93
Q,Qnity Electronics,Information Technology,Semiconductor Materials & Equipment,76.34,,,83.35,81.99,80.27,,,0.3,14.38,87.32,73.23
RL,Ralph Lauren Corporation,Consumer Discretionary,"Apparel, Accessories & Luxury Goods",372.57,372.57,181.18,361.97,361.52,352.49,336.33,283.76,0.2,3.11,384.16,320.82
RJF,Raymond James Financial,Financials,Investment Banking & Brokerage,162.41,175.92,122.89,164.48,161.84,158.51,160.83,154.49,0.0,3.1,167.44,149.58
RTX,RTX Corporation,Industrials,Aerospace & Defense,181.63,181.63,112.01,175.44,172.49,172.85,171.38,149.0,0.2,-1.4,179.09,166.62
O,Realty Income,Real Estate,Retail REITs,58.03,60.07,48.92,57.26,57.6,57.12,57.73,56.3,-0.2,0.81,58.5,55.74
REG,Regency Centers,Real Estate,Retail REITs,68.08,75.5,64.21,67.74,68.73,69.48,70.36,70.61,0.0,5.79,72.02,66.93
REGN,Regeneron Pharmaceuticals,Health Care,Biotechnology,751.9,787.32,481.73,724.15,727.77,735.33,660.45,597.92,0.0,5.44,792.8,677.84
RF,Regions Financial Corporation,Financials,Regional Banks,27.4,27.84,17.76,27.08,26.5,25.51,24.83,23.35,0.0,1.79,27.89,23.13
RSG,Republic Services,Industrials,Environmental & Facilities Services,215.55,256.75,198.59,211.01,212.88,214.2,215.25,232.83,-0.2,2.41,220.74,207.65
RMD,ResMed,Health Care,Health Care Equipment,251.67,293.03,203.19,250.42,251.08,250.15,257.2,252.27,0.0,2.48,257.91,242.38
RVTY,Revvity,Health Care,Health Care Equipment,98.73,126.56,82.44,100.95,101.65,99.66,95.88,95.21,0.0,10.13,108.73,90.58
HOOD,Robinhood Markets,Financials,Investment Banking & Brokerage,114.4,152.46,34.17,129.12,129.74,123.46,132.35,92.5,0.0,24.62,142.57,104.34
ROK,Rockwell Automation,Industrials,Electrical Components & Equipment,401.6,413.05,216.41,405.54,401.74,390.74,371.2,322.62,0.2,4.32,418.95,362.53
ROL,"Rollins, Inc.",Industrials,Environmental & Facilities Services,60.0,61.5,45.1,59.36,60.13,59.98,58.28,56.22,0.0,3.82,62.29,57.68
ROP,Roper Technologies,Information Technology,Electronic Equipment & Instruments,443.54,591.12,439.64,443.8,444.5,444.52,465.22,529.73,0.0,1.29,449.26,439.8
ROST,Ross Stores,Consumer Discretionary,Apparel Retail,184.26,184.26,121.95,180.8,179.0,173.29,163.5,144.75,0.0,2.94,189.68,156.9
RCL,Royal Caribbean Group,Consumer Discretionary,"Hotels, Resorts & Cruise Lines",288.65,364.72,176.89,265.89,264.38,261.08,280.05,277.02,0.4,-2.61,281.12,241.04
SPGI,S&P Global,Financials,Financial Exchanges & Data,498.2,562.06,435.88,493.98,495.18,493.57,489.16,506.79,-0.1,0.56,500.99,486.15
CRM,Salesforce,Information Technology,Application Software,253.99,358.19,225.37,260.22,251.54,241.48,245.6,257.79,0.0,5.71,268.49,214.46
SNDK,Sandisk,Information Technology,"Technology Hardware, Storage & Peripherals",201.36,,,224.15,217.24,223.27,195.71,86.38,0.2,30.12,262.01,184.54
SBAC,SBA Communications,Real Estate,Telecom Tower REITs,192.72,239.71,186.46,191.01,189.75,192.5,192.93,212.57,0.0,3.23,198.94,186.06
SLB,Schlumberger,Energy,Oil & Gas Equipment & Services,38.87,42.4,31.19,39.14,38.22,36.95,35.6,35.15,0.2,3.27,40.14,33.75
STX,Seagate Technology,Information Technology,"Technology Hardware, Storage & Peripherals",284.45,307.85,65.98,291.9,279.95,268.72,253.65,161.94,0.0,6.64,303.34,234.1
SRE,Sempra,Utilities,Multi-Utilities,88.6,94.03,62.32,88.24,89.18,90.5,91.19,79.22,-0.2,6.09,94.0,87.0
NOW,ServiceNow,Information Technology,Systems Software,772.75,1170.39,721.65,840.45,837.48,828.28,874.17,911.99,-0.2,13.07,873.75,782.83
SHW,Sherwin-Williams,Materials,Specialty Chemicals,327.95,374.36,311.42,326.36,331.85,333.19,335.89,344.63,0.0,5.71,346.68,319.7
SPG,Simon Property Group,Real Estate,Retail REITs,183.78,185.39,135.26,180.8,180.84,180.74,178.49,165.76,0.0,0.41,184.53,176.94
SWKS,Skyworks Solutions,Information Technology,Semiconductors,66.29,90.17,47.71,68.22,68.29,65.85,70.31,69.18,0.2,7.89,71.52,60.18
SJM,J.M. Smucker Company (The),Consumer Staples,Packaged Foods & Meats,101.6,115.07,92.55,100.45,100.64,102.74,103.52,106.45,0.0,6.49,108.19,97.28
SW,Smurfit Westrock,Materials,Paper & Plastic Packaging Products & Materials,38.01,54.52,32.79,36.52,36.1,35.14,38.02,42.39,0.4,-0.74,37.73,32.54
SNA,Snap-on,Industrials,Industrial Machinery & Supplies & Components,351.76,351.76,286.43,348.41,345.88,339.32,338.18,324.44,0.0,1.13,355.73,322.88
SOLS,Solstice Advanced Materials,Materials,Specialty Chemicals,48.76,,,48.44,47.82,46.07,,,-0.1,4.41,50.91,41.24
SOLV,Solventum,Health Care,Health Care Technology,81.75,85.77,63.01,81.83,83.62,82.22,75.74,73.43,0.2,8.84,88.98,75.46
SO,Southern Company,Utilities,Electric Utilities,85.76,98.91,78.34,85.12,86.53,88.16,91.83,90.34,-0.2,7.65,92.32,83.99
LUV,Southwest Airlines,Industrials,Passenger Airlines,41.84,41.84,23.77,39.7,37.81,35.4,33.49,31.83,0.2,-0.88,41.47,29.33
SWK,Stanley Black & Decker,Industrials,Industrial Machinery & Supplies & Components,74.29,86.37,53.89,74.19,72.99,69.32,68.73,68.98,0.1,5.82,78.61,60.03
SBUX,Starbucks,Consumer Discretionary,Restaurants,85.39,113.43,77.9,83.93,84.7,84.68,83.63,87.46,-0.3,2.34,87.39,81.96
STT,State Street Corporation,Financials,Asset Management & Custody Banks,128.99,129.6,74.25,127.55,124.13,119.68,117.6,103.96,0.0,1.22,130.56,108.79
STLD,Steel Dynamics,Materials,Steel,169.08,173.01,108.4,168.98,168.5,163.83,155.99,135.27,0.2,4.21,176.2,151.48
STE,Steris,Health Care,Health Care Equipment,253.95,267.99,200.94,256.79,258.98,260.06,250.79,238.12,0.0,5.7,268.43,251.7
SYK,Stryker Corporation,Health Care,Health Care Equipment,354.46,402.61,335.89,352.81,359.74,363.05,366.84,375.17,0.0,6.52,377.57,348.52
SMCI,Supermicro,Information Technology,"Technology Hardware, Storage & Peripherals",31.36,60.71,26.85,34.14,33.96,33.75,43.28,42.85,0.0,15.66,36.27,31.23
SYF,Synchrony Financial,Financials,Consumer Finance,83.28,85.66,43.2,82.86,81.11,77.53,74.59,65.46,0.2,3.4,86.11,68.96
SNPS,Synopsys,Information Technology,Application Software,457.36,645.35,380.9,468.41,462.66,429.24,436.99,488.31,0.0,9.26,499.71,358.75
SYY,Sysco,Consumer Staples,Food Distributors,75.38,82.73,67.09,73.7,73.87,74.75,76.17,75.45,0.2,2.41,77.2,72.3
TMUS,T-Mobile US,Communication Services,Wireless Telecommunication Services,196.19,269.54,195.32,198.53,203.55,206.67,213.41,235.9,-0.2,11.02,217.81,195.53
TROW,T. Rowe Price,Financials,Asset Management & Custody Banks,103.16,115.8,78.24,104.31,104.31,102.04,103.07,98.14,0.0,4.5,107.8,96.28
TTWO,Take-Two Interactive,Communication Services,Interactive Home Entertainment,244.77,262.29,178.61,245.84,246.57,242.77,248.96,233.38,0.2,3.19,252.58,232.96
TPR,"Tapestry, Inc.",Consumer Discretionary,"Apparel, Accessories & Luxury Goods",123.65,123.65,59.9,120.07,116.34,110.57,110.85,93.46,-0.2,0.7,124.52,96.62
TRGP,Targa Resources,Energy,Oil & Gas Storage & Transportation,181.92,212.51,145.33,182.78,179.89,175.51,164.81,167.91,0.1,2.41,186.3,164.71
TGT,Target Corporation,Consumer Staples,Consumer Staples Merchandise Retail,97.82,136.48,83.68,95.22,93.26,90.42,90.37,94.99,0.3,-0.08,97.74,83.11
TEL,TE Connectivity,Information Technology,Electronic Manufacturing Services,230.02,249.0,121.04,237.72,234.25,230.27,232.04,187.08,0.0,6.7,245.43,215.1
TDY,Teledyne Technologies,Information Technology,Electronic Equipment & Instruments,512.97,593.62,435.54,515.79,511.15,503.85,528.02,517.27,0.2,2.43,525.44,482.28
TER,Teradyne,Information Technology,Semiconductor Materials & Equipment,195.0,204.01,67.74,201.19,197.0,182.42,167.08,113.08,0.2,10.33,215.14,149.69
TSLA,"Tesla, Inc.",Consumer Discretionary,Automobile Manufacturers,446.89,479.86,221.86,447.62,442.89,424.97,435.12,345.2,-0.2,4.3,466.11,383.85
TXN,Texas Instruments,Information Technology,Semiconductors,178.15,217.72,142.07,180.39,179.06,169.44,168.98,179.64,0.1,6.93,190.5,148.38
TPL,Texas Pacific Land Corporation,Energy,Oil & Gas Exploration & Production,836.13,1423.41,836.13,880.78,888.19,895.97,922.58,1067.02,0.0,16.75,976.18,815.72
TXT,Textron,Industrials,Aerospace & Defense,87.65,87.65,60.69,85.58,84.27,82.77,82.37,78.02,0.2,-0.62,87.11,78.43
TMO,Thermo Fisher Scientific,Health Care,Life Sciences Tools & Services,573.08,605.06,389.91,571.41,575.11,578.74,564.7,481.5,-0.2,4.07,596.4,561.09
TJX,TJX Companies,Consumer Discretionary,Apparel Retail,156.72,156.72,111.77,155.07,153.02,150.93,145.96,132.19,0.0,0.66,157.75,144.11
TKO,TKO Group Holdings,Communication Services,Movies & Entertainment,208.1,208.1,138.12,202.05,199.69,192.58,189.6,173.39,0.2,0.92,210.01,175.15
TTD,Trade Desk (The),Communication Services,Advertising,36.24,135.02,36.24,38.25,38.88,39.32,45.72,58.6,0.0,14.93,41.65,36.99
TSCO,Tractor Supply,Consumer Discretionary,Other Specialty Retail,52.69,62.38,47.42,52.61,53.25,53.43,54.14,54.35,0.0,4.9,55.27,51.6
TT,Trane Technologies,Industrials,Building Products,394.74,471.46,313.81,398.71,403.08,407.83,418.64,405.09,-0.2,7.21,423.2,392.46
TDG,TransDigm Group,Industrials,Aerospace & Defense,1286.39,1516.55,1152.5,1314.39,1331.48,1338.1,1314.6,1325.57,-0.1,6.94,1375.67,1300.52
TRV,Travelers Companies (The),Financials,Property & Casualty Insurance,290.1,293.36,228.7,281.63,282.96,285.61,278.12,266.34,0.0,1.68,294.97,276.25
TRMB,Trimble Inc.,Information Technology,Electronic Equipment & Instruments,80.21,85.24,55.12,81.84,82.13,80.0,79.59,75.21,0.2,6.77,85.64,74.36
TFC,Truist Financial,Financials,Diversified Banks,49.72,49.72,33.53,48.92,48.01,46.62,44.81,42.04,0.0,0.74,50.09,43.15
TYL,Tyler Technologies,Information Technology,Application Software,447.55,646.74,447.55,454.12,459.55,462.81,479.97,544.22,-0.4,6.4,476.19,449.43
TSN,Tyson Foods,Consumer Staples,Packaged Foods & Meats,59.45,62.13,50.27,57.76,57.43,56.0,53.69,55.31,0.1,1.72,60.47,51.52
USB,U.S. Bancorp,Financials,Diversified Banks,53.73,53.73,35.62,52.77,51.65,49.54,48.04,44.83,0.0,1.53,54.55,44.52
UBER,Uber,Industrials,Passenger Ground Transportation,81.61,100.1,59.93,86.57,88.0,87.6,91.91,87.51,-0.2,15.68,94.41,80.78
UDR,"UDR, Inc.",Real Estate,Multi-Family Residential REITs,35.78,44.54,33.56,35.28,35.5,35.38,35.33,38.75,-0.1,2.35,36.62,34.14
ULTA,Ulta Beauty,Consumer Discretionary,Other Specialty Retail,590.93,602.97,314.47,595.45,575.29,545.91,536.97,470.77,0.2,4.64,618.35,473.49
UNP,Union Pacific Corporation,Industrials,Rail Transportation,240.82,248.49,204.53,235.88,234.54,229.09,225.29,223.62,0.0,0.53,242.1,216.1
UAL,United Airlines Holdings,Industrials,Passenger Airlines,107.37,110.52,56.15,106.74,105.74,100.3,98.59,87.8,0.2,5.39,113.16,87.43
UPS,United Parcel Service,Industrials,Air Freight & Logistics,100.46,127.5,81.17,98.62,97.17,95.53,91.25,93.14,0.1,0.04,100.5,90.56
URI,United Rentals,Industrials,Trading Companies & Distributors,809.52,1017.86,548.35,806.38,805.63,805.54,875.58,787.36,-0.2,3.11,834.7,776.37
UNH,UnitedHealth Group,Health Care,Managed Health Care,340.46,587.56,234.7,330.56,329.36,323.68,338.39,353.48,-0.2,0.22,341.21,306.15
UHS,Universal Health Services,Health Care,Health Care Facilities,222.78,243.98,154.65,224.34,229.16,231.19,220.6,189.86,-0.2,10.07,245.21,217.16
VLO,Valero Energy,Energy,Oil & Gas Refining & Marketing,167.17,184.27,102.32,171.74,173.69,175.11,170.28,143.53,0.0,9.39,182.87,167.36
VTR,Ventas,Real Estate,Health Care REITs,78.78,81.0,55.68,78.96,79.63,79.56,74.81,68.04,0.2,3.5,81.54,77.57
VLTO,Veralto,Industrials,Environmental & Facilities Services,100.15,109.64,85.14,98.93,100.47,99.92,100.99,100.64,-0.2,3.63,103.79,96.05
VRSN,Verisign,Information Technology,Internet Services & Infrastructure,241.8,304.16,189.78,244.34,247.45,249.06,251.39,264.36,-0.2,6.14,256.65,241.48
VRSK,Verisk Analytics,Industrials,Research & Consulting Services,217.82,320.32,208.0,216.72,220.02,220.99,226.08,272.51,-0.2,4.54,227.71,214.27
VZ,Verizon,Communication Services,Integrated Telecommunication Services,40.98,44.3,36.0,40.43,40.77,40.84,40.36,41.7,-0.3,1.9,41.76,39.93
VRTX,Vertex Pharmaceuticals,Health Care,Biotechnology,455.3,513.76,366.54,444.98,445.96,437.8,426.0,441.95,-0.1,1.46,461.95,413.67
VTRS,Viatris,Health Care,Pharmaceuticals,11.69,12.2,7.0,11.54,11.2,10.85,10.46,9.3,0.0,0.68,11.77,9.94
VICI,Vici Properties,Real Estate,Hotel & Resort REITs,28.58,33.46,27.08,28.03,28.12,28.66,29.96,31.27,-0.2,5.25,30.08,27.23
V,Visa Inc.,Financials,Transaction & Payment Processing Services,346.13,371.92,304.76,334.17,331.88,330.18,337.68,343.42,0.2,-0.99,342.7,317.67
VST,Vistra Corp.,Utilities,Electric Utilities,168.0,217.92,97.84,167.74,169.98,172.35,185.76,171.12,0.0,7.68,180.9,163.8
VMC,Vulcan Materials Company,Materials,Construction Materials,296.34,308.54,219.27,295.84,294.2,290.74,293.29,271.98,-0.2,1.94,302.09,279.39
WRB,W. R. Berkley Corporation,Financials,Property & Casualty Insurance,69.16,78.46,56.11,67.93,69.47,73.46,74.51,71.15,-0.2,18.75,82.13,64.78
GWW,W. W. Grainger,Industrials,Industrial Machinery & Supplies & Components,1025.77,1138.81,913.57,1006.99,987.08,961.13,958.05,996.89,0.1,0.27,1028.54,893.69
WAB,Wabtec,Industrials,Construction Machinery & Heavy Transportation Equipment,214.63,217.77,159.62,213.96,212.93,207.35,202.94,195.1,0.2,2.82,220.68,194.01
WMT,Walmart,Consumer Staples,Consumer Staples Merchandise Retail,116.73,116.73,81.4,115.44,114.75,110.35,106.46,98.6,0.2,3.37,120.66,100.05
DIS,Walt Disney Company (The),Communication Services,Movies & Entertainment,111.6,124.01,81.37,109.31,107.46,105.86,109.42,109.45,0.2,-0.68,110.84,100.89
WBD,Warner Bros. Discovery,Communication Services,Broadcasting,29.66,29.66,7.69,28.83,26.78,25.0,22.24,14.19,0.0,0.4,29.78,20.22
WM,Waste Management,Industrials,Environmental & Facilities Services,218.11,239.43,196.01,211.77,212.99,213.12,210.65,222.33,-0.1,0.57,219.35,206.9
WAT,Waters Corporation,Health Care,Life Sciences Tools & Services,383.51,417.28,277.72,390.09,393.57,392.06,366.46,339.12,0.2,7.6,412.66,371.48
WEC,WEC Energy Group,Utilities,Electric Utilities,105.05,116.56,89.09,104.14,105.28,108.21,111.29,107.0,-0.2,9.02,114.53,101.88
WFC,Wells Fargo,Financials,Diversified Banks,92.76,92.76,59.98,91.0,89.61,86.96,85.21,77.71,0.0,0.59,93.31,80.62
WELL,Welltower,Real Estate,Health Care REITs,190.59,208.22,121.65,189.83,196.33,198.93,186.83,163.01,-0.2,10.96,211.48,186.38
WST,West Pharmaceutical Services,Health Care,Health Care Supplies,272.22,346.74,189.89,269.37,274.04,271.01,273.61,240.01,0.0,5.37,286.84,255.17
WDC,Western Digital,Information Technology,"Technology Hardware, Storage & Peripherals",172.32,187.2,30.42,177.47,170.23,162.04,147.31,84.13,0.2,8.03,186.16,137.92
WY,Weyerhaeuser,Real Estate,Timber REITs,23.36,30.38,21.15,23.02,22.42,22.02,22.74,25.09,0.0,0.3,23.43,20.61
WSM,"Williams-Sonoma, Inc.",Consumer Discretionary,Homefurnishing Retail,185.88,215.07,135.95,184.44,181.71,180.05,187.01,176.75,0.0,1.25,188.2,171.89
WMB,Williams Companies,Energy,Oil & Gas Storage & Transportation,59.49,64.48,50.69,60.44,61.24,60.51,60.51,58.71,0.0,6.05,63.09,57.94
WTW,Willis Towers Watson,Financials,Insurance Brokers,328.89,349.93,294.27,322.41,320.58,319.68,325.62,320.14,0.2,-0.68,326.65,312.71
WDAY,"Workday, Inc.",Information Technology,Application Software,215.29,278.35,210.47,221.07,218.32,221.08,229.25,236.49,0.2,8.01,232.53,209.63
WYNN,Wynn Resorts,Consumer Discretionary,Casinos & Gaming,126.39,133.09,65.64,125.24,127.48,124.88,123.0,104.46,0.0,6.27,134.31,115.44
XEL,Xcel Energy,Utilities,Multi-Utilities,75.64,82.11,61.84,75.16,76.39,78.44,79.91,72.51,-0.2,10.01,83.21,73.67
XYL,Xylem Inc.,Industrials,Industrial Machinery & Supplies & Components,137.69,152.52,101.96,138.3,139.11,139.74,144.77,132.63,-0.2,3.57,142.61,136.87
YUM,Yum! Brands,Consumer Discretionary,Restaurants,153.4,160.2,120.91,146.2,146.79,148.46,146.21,146.55,-0.1,1.03,154.98,141.94
ZBRA,Zebra Technologies,Information Technology,Electronic Equipment & Instruments,263.22,421.11,213.54,267.54,262.96,251.45,270.27,288.69,0.0,6.0,279.01,223.88
ZBH,Zimmer Biomet,Health Care,Health Care Equipment,92.29,112.61,87.55,92.57,93.23,92.81,95.7,98.3,0.2,6.25,98.06,87.57
ZTS,Zoetis,Health Care,Pharmaceuticals,120.76,176.49,115.75,118.08,120.37,121.16,131.16,149.18,0.0,6.92,129.12,113.19
