Symbol,Company,GICS_Sector,GICS_Sub_Industry,Current_Price,52_Week_High,52_Week_Low,SMA_5,SMA_10,SMA_20,SMA_50,SMA_100,SMA_125,SMA_200
MMM,3M,Industrials,Industrial Conglomerates,165.89,174.69,120.31,166.83,167.95,168.22,163.95,158.67,157.15,151.61
AOS,A. O. Smith,Industrials,Building Products,68.71,76.52,57.94,68.07,67.6,66.13,67.02,69.38,68.93,67.49
ABT,Abbott Laboratories,Health Care,Health Care Equipment,128.68,139.33,109.21,124.24,124.54,126.22,127.38,129.31,129.57,129.7
ABBV,AbbVie,Health Care,Biotechnology,227.32,243.06,160.33,224.52,225.71,228.63,227.17,217.6,211.2,202.97
ACN,Accenture,Information Technology,IT Consulting & Other Services,275.08,394.41,229.4,270.74,268.09,256.59,250.41,250.6,258.87,277.62
ADBE,Adobe Inc.,Information Technology,Application Software,351.29,552.3,311.59,345.66,337.57,329.35,336.55,345.28,351.43,367.2
AMD,Advanced Micro Devices,Information Technology,Semiconductors,207.05,267.08,76.48,216.46,217.02,217.35,230.97,198.49,187.77,156.49
AES,AES Corporation,Utilities,Independent Power Producers & Energy Traders,13.86,15.32,9.16,13.9,13.9,13.86,14.04,13.52,13.12,12.23
AFL,Aflac,Financials,Life & Health Insurance,111.79,115.24,95.64,109.18,109.03,109.83,109.7,107.61,106.47,105.75
A,Agilent Technologies,Health Care,Life Sciences Tools & Services,140.36,160.27,96.03,141.96,145.18,147.32,145.32,133.66,130.48,123.83
APD,Air Products,Materials,Industrial Gases,244.11,334.71,229.11,239.66,247.38,251.86,254.25,269.9,273.04,274.11
ABNB,Airbnb,Consumer Discretionary,"Hotels, Resorts & Cruise Lines",132.0,163.93,99.88,126.99,123.75,119.98,122.14,124.32,126.56,126.65
AKAM,Akamai Technologies,Information Technology,Internet Services & Infrastructure,87.08,103.75,67.51,85.99,86.26,87.3,81.04,78.76,78.82,78.77
ALB,Albemarle Corporation,Materials,Specialty Chemicals,132.57,136.1,48.84,132.48,128.86,125.65,108.68,93.78,88.74,78.97
ARE,Alexandria Real Estate Equities,Real Estate,Office REITs,47.45,100.23,44.1,45.95,47.72,49.57,60.4,70.06,70.97,73.78
ALGN,Align Technology,Health Care,Health Care Supplies,162.98,246.19,122.0,161.62,157.48,148.57,140.06,141.47,151.55,159.68
ALLE,Allegion,Industrials,Building Products,162.94,180.68,116.14,160.86,161.76,162.15,167.74,169.17,164.65,152.81
LNT,Alliant Energy,Utilities,Electric Utilities,65.59,69.59,54.52,65.0,65.67,66.94,67.23,65.95,64.95,63.34
ALL,Allstate,Financials,Property & Casualty Insurance,211.44,214.88,173.06,205.54,205.47,208.14,202.87,203.01,201.1,200.08
GOOGL,Alphabet Inc. (Class A),Communication Services,Interactive Media & Services,307.68,328.62,140.14,314.22,315.93,308.36,281.46,250.5,235.97,208.54
GOOG,Alphabet Inc. (Class C),Communication Services,Interactive Media & Services,308.76,328.46,142.27,315.13,316.69,308.88,282.08,251.13,236.67,209.64
MO,Altria,Consumer Staples,Tobacco,59.17,67.51,47.59,58.7,58.52,58.49,60.49,62.41,61.54,59.59
AMZN,Amazon,Consumer Discretionary,Broadline Retail,222.32,258.6,161.38,227.84,229.85,228.37,229.08,227.97,226.51,215.17
AMCR,Amcor,Materials,Paper & Plastic Packaging Products & Materials,8.26,10.3,7.67,8.23,8.32,8.4,8.23,8.48,8.67,8.91
AEE,Ameren,Utilities,Multi-Utilities,98.76,105.97,83.94,98.15,99.38,101.73,102.62,101.15,99.92,98.38
AEP,American Electric Power,Utilities,Electric Utilities,115.9,124.8,86.88,114.9,116.31,119.22,118.56,114.18,111.97,108.33
AXP,American Express,Financials,Consumer Finance,382.0,387.49,219.32,377.79,372.15,362.65,355.1,336.92,331.94,310.24
AIG,American International Group,Financials,Multi-line Insurance,86.43,87.1,68.15,82.34,79.63,77.81,78.68,78.81,79.52,80.46
AMT,American Tower,Real Estate,Telecom Tower REITs,179.73,232.28,168.28,180.89,179.04,179.85,182.99,192.12,197.65,202.3
AWK,American Water Works,Utilities,Water Utilities,134.07,152.71,115.89,129.9,130.06,130.23,133.51,136.63,137.26,138.65
AMP,Ameriprise Financial,Financials,Asset Management & Custody Banks,490.8,574.69,392.21,488.32,477.46,463.16,468.52,485.12,493.54,491.33
AME,Ametek,Industrials,Electrical Components & Equipment,202.73,204.43,144.31,200.99,199.88,196.79,192.45,188.65,186.78,181.3
AMGN,Amgen,Health Care,Biotechnology,325.4,346.38,245.31,317.95,326.48,332.99,314.27,299.51,297.23,293.04
APH,Amphenol,Information Technology,Electronic Components,129.97,144.37,56.27,137.28,138.46,136.85,134.13,123.74,118.64,102.24
ADI,Analog Devices,Information Technology,Semiconductors,280.76,284.23,156.76,280.26,278.63,260.43,245.84,242.47,241.3,227.46
AON,Aon plc,Financials,Insurance Brokers,352.57,411.24,322.37,345.92,346.38,347.56,347.45,355.58,355.33,361.74
APA,APA Corporation,Energy,Oil & Gas Exploration & Production,25.28,27.72,13.04,25.98,26.22,25.32,24.08,22.88,22.05,20.28
APO,Apollo Global Management,Financials,Asset Management & Custody Banks,146.9,176.99,101.44,145.52,140.04,134.3,129.23,133.8,135.61,134.48
AAPL,Apple Inc.,Information Technology,"Technology Hardware, Storage & Peripherals",273.88,288.62,168.63,277.23,279.39,276.37,268.05,250.25,241.71,228.79
AMAT,Applied Materials,Information Technology,Semiconductor Materials & Equipment,261.47,276.1,122.8,266.62,267.26,251.74,236.62,208.04,203.83,184.91
APTV,Aptiv,Consumer Discretionary,Automotive Parts & Equipment,77.34,88.8,47.19,77.84,77.45,76.42,80.76,79.1,77.2,71.37
ACGL,Arch Capital Group,Financials,Property & Casualty Insurance,95.53,97.4,82.45,92.76,92.65,92.6,90.46,90.18,90.04,91.03
ADM,Archer Daniels Midland,Consumer Staples,Agricultural Products & Services,60.22,64.46,39.88,59.28,59.28,59.33,59.82,59.51,58.26,53.92
ANET,Arista Networks,Information Technology,Communications Equipment,125.96,164.94,59.43,130.37,129.21,127.08,139.31,137.9,130.82,113.48
AJG,Arthur J. Gallagher & Co.,Financials,Insurance Brokers,256.23,348.85,236.34,244.41,244.03,247.6,264.2,280.44,287.19,303.12
AIZ,Assurant,Financials,Multi-line Insurance,232.52,233.32,172.97,225.53,224.39,225.15,219.18,212.88,208.46,204.41
T,AT&T,Communication Services,Integrated Telecommunication Services,24.38,29.47,20.72,24.43,24.85,25.27,25.36,26.82,26.92,26.83
ATO,Atmos Energy,Utilities,Gas Utilities,170.42,179.62,133.05,167.79,168.95,171.55,173.43,168.17,165.1,160.05
ADSK,Autodesk,Information Technology,Application Software,293.55,329.09,232.67,299.34,303.19,298.67,302.97,304.88,304.04,293.31
ADP,Automatic Data Processing,Industrials,Human Resource & Employment Services,265.66,326.59,247.18,262.8,261.11,256.81,266.16,282.13,286.39,292.36
AZO,AutoZone,Consumer Discretionary,Automotive Retail,3484.77,4388.11,3162.0,3527.75,3689.86,3785.84,3844.27,3977.9,3919.57,3827.79
AVB,AvalonBay Communities,Real Estate,Multi-Family Residential REITs,177.83,224.32,166.73,176.65,178.3,178.81,181.12,185.85,188.85,194.3
AVY,Avery Dennison,Materials,Paper & Plastic Packaging Products & Materials,183.55,198.81,154.46,178.11,176.33,172.7,170.32,169.0,170.66,171.81
AXON,Axon Enterprise,Industrials,Aerospace & Defense,549.88,885.92,469.24,559.81,551.51,542.3,627.32,692.37,708.0,677.42
BKR,Baker Hughes,Energy,Oil & Gas Equipment & Services,46.92,51.12,33.06,47.39,48.41,48.71,47.74,46.6,45.12,42.71
BALL,Ball Corporation,Materials,"Metal, Glass & Plastic Containers",51.41,59.82,43.01,49.23,48.89,48.7,48.27,50.15,51.59,51.41
BAC,Bank of America,Financials,Diversified Banks,55.43,56.07,32.53,54.55,54.12,53.02,52.22,50.57,49.79,46.44
BAX,Baxter International,Health Care,Health Care Equipment,19.49,37.25,17.39,18.79,18.69,18.49,19.98,21.93,23.4,26.29
BDX,Becton Dickinson,Health Care,Health Care Equipment,200.5,246.65,160.6,197.81,194.61,192.94,188.14,187.69,184.86,188.22
BBY,Best Buy,Consumer Discretionary,Computer & Electronics Retail,73.06,88.15,53.55,73.58,74.26,75.38,77.7,74.73,73.45,71.48
TECH,Bio-Techne,Health Care,Life Sciences Tools & Services,58.58,78.83,45.8,59.4,60.93,61.32,61.15,57.64,56.55,55.21
BIIB,Biogen,Health Care,Biotechnology,175.31,185.17,110.04,176.33,178.36,175.95,161.03,149.24,145.19,139.33
BLK,BlackRock,Financials,Asset Management & Custody Banks,1082.32,1214.03,762.34,1080.17,1068.65,1044.81,1089.81,1104.93,1093.73,1030.71
BX,Blackstone Inc.,Financials,Asset Management & Custody Banks,150.65,188.42,113.15,153.75,151.69,146.46,150.29,161.36,159.67,151.1
XYZ,"Block, Inc.",Financials,Transaction & Payment Processing Services,64.15,98.99,44.27,62.73,62.25,62.14,69.66,72.92,72.06,66.64
BK,BNY Mellon,Financials,Asset Management & Custody Banks,117.1,119.4,69.31,117.42,115.47,112.09,109.5,106.75,103.99,96.09
BA,Boeing,Industrials,Aerospace & Defense,205.27,242.69,128.88,201.89,202.74,193.88,203.13,214.07,214.88,202.23
BKNG,Booking Holdings,Consumer Discretionary,"Hotels, Resorts & Cruise Lines",5471.62,5818.24,4074.35,5280.33,5166.16,4992.72,5066.11,5290.05,5353.78,5187.94
BSX,Boston Scientific,Health Care,Health Care Equipment,91.94,109.5,85.98,92.3,94.82,97.13,98.68,100.82,101.47,101.13
BMY,Bristol Myers Squibb,Health Care,Pharmaceuticals,54.58,61.0,42.38,52.01,51.5,49.57,46.89,46.34,46.34,48.04
AVGO,Broadcom,Information Technology,Semiconductors,406.37,414.61,137.54,403.39,394.92,375.84,361.56,338.65,324.88,278.62
BR,Broadridge Financial Solutions,Industrials,Data Processing & Outsourced Services,229.42,270.85,210.73,228.14,228.82,227.8,228.03,239.5,239.25,237.64
BRO,Brown & Brown,Financials,Insurance Brokers,82.18,125.05,76.17,79.85,79.44,79.78,83.38,88.74,92.34,100.56
BLDR,Builders FirstSource,Industrials,Building Products,104.57,175.24,94.35,107.3,109.72,106.22,113.78,123.78,123.74,122.24
BG,Bunge Global,Consumer Staples,Agricultural Products & Services,92.59,98.82,65.12,92.14,93.65,94.25,92.58,86.65,84.8,81.18
BXP,"BXP, Inc.",Real Estate,Office REITs,71.69,78.59,52.95,70.23,70.59,70.55,71.32,70.91,70.45,68.32
CHRW,C.H. Robinson,Industrials,Air Freight & Logistics,157.65,162.14,83.39,156.34,157.39,155.34,144.17,133.67,126.14,114.09
CDNS,Cadence Design Systems,Information Technology,Application Software,319.01,376.45,221.56,332.97,330.34,318.43,327.65,339.93,334.36,313.25
CZR,Caesars Entertainment,Consumer Discretionary,Casinos & Gaming,23.92,40.0,18.25,23.71,23.46,22.28,21.91,24.02,25.09,25.94
CPT,Camden Property Trust,Real Estate,Multi-Family Residential REITs,104.68,123.08,97.17,103.58,104.05,104.26,102.97,105.13,106.63,109.6
CPB,Campbell's Company (The),Consumer Staples,Packaged Foods & Meats,28.31,42.36,27.85,28.43,29.09,29.91,30.36,31.3,31.21,32.91
COF,Capital One,Financials,Consumer Finance,239.9,243.31,141.84,237.13,232.78,221.08,217.79,217.9,216.82,202.95
CAH,Cardinal Health,Health Care,Health Care Distributors,199.62,214.93,112.98,198.61,200.39,204.88,185.65,168.74,167.44,157.16
KMX,CarMax,Consumer Discretionary,Automotive Retail,40.93,91.25,30.26,40.42,39.61,37.46,39.89,48.57,52.08,58.63
CCL,Carnival,Consumer Discretionary,"Hotels, Resorts & Cruise Lines",28.6,32.8,15.07,27.17,26.54,26.11,27.3,28.84,28.7,25.72
CARR,Carrier Global,Industrials,Building Products,52.52,80.78,50.3,53.19,53.74,53.28,55.93,60.33,63.08,64.25
CAT,Caterpillar Inc.,Industrials,Construction Machinery & Heavy Transportation Equipment,589.06,627.5,264.29,604.45,599.5,579.37,554.66,495.33,475.12,419.77
CBOE,Cboe Global Markets,Financials,Financial Exchanges & Data,245.96,262.98,186.22,250.47,252.36,254.46,248.1,244.99,242.57,233.87
CBRE,CBRE Group,Real Estate,Real Estate Services,158.66,171.0,108.45,157.44,159.05,157.4,156.04,157.6,153.96,143.73
CDW,CDW Corporation,Information Technology,Technology Distributors,144.73,219.61,135.03,147.44,145.89,143.5,148.13,156.82,160.72,163.06
COR,Cencora,Health Care,Health Care Distributors,350.71,377.54,222.21,343.86,342.04,354.0,342.65,318.33,313.56,300.55
CNC,Centene Corporation,Health Care,Managed Health Care,40.62,66.81,25.08,39.14,38.84,38.14,36.86,33.3,34.69,43.94
CNP,CenterPoint Energy,Utilities,Multi-Utilities,38.12,40.28,29.87,37.74,38.05,38.85,39.05,38.49,38.0,37.26
CF,CF Industries,Materials,Fertilizers & Agricultural Chemicals,78.61,103.22,66.16,77.46,78.35,78.89,82.65,84.68,86.5,84.18
CRL,Charles River Laboratories,Health Care,Life Sciences Tools & Services,197.45,200.51,91.86,191.97,186.37,177.69,177.4,168.57,165.74,156.57
SCHW,Charles Schwab Corporation,Financials,Investment Banking & Brokerage,95.25,99.14,65.3,95.31,94.42,93.11,93.7,94.41,93.77,88.78
CHTR,Charter Communications,Communication Services,Cable & Satellite,209.69,437.06,193.0,208.96,204.45,202.09,227.18,248.69,278.24,315.15
CVX,Chevron Corporation,Energy,Integrated Oil & Gas,149.72,163.27,127.59,150.07,150.31,150.67,151.7,152.76,151.4,147.6
CMG,Chipotle Mexican Grill,Consumer Discretionary,Restaurants,35.92,66.74,29.75,34.41,34.25,33.07,35.78,38.71,41.88,45.07
CB,Chubb Limited,Financials,Property & Casualty Insurance,312.33,312.5,250.52,304.91,300.1,298.16,288.59,281.62,281.38,283.94
CHD,Church & Dwight,Consumer Staples,Household Products,85.08,115.32,81.05,83.24,83.67,83.66,85.24,88.56,90.11,94.27
CI,Cigna,Health Care,Health Care Services,276.28,344.64,238.17,269.71,268.73,270.72,279.02,284.45,289.19,299.48
CINF,Cincinnati Financial,Financials,Property & Casualty Insurance,166.95,169.86,121.6,163.48,163.53,164.28,161.1,156.82,154.76,149.76
CTAS,Cintas,Industrials,Diversified Support Services,188.36,228.23,179.31,185.77,185.4,184.86,187.21,199.12,202.93,205.07
CSCO,Cisco,Information Technology,Communications Equipment,78.4,80.82,51.49,79.26,78.27,77.57,73.61,70.65,70.02,66.24
C,Citigroup,Financials,Diversified Banks,113.11,113.51,54.39,111.43,109.27,104.75,101.18,98.66,96.16,86.26
CFG,Citizens Financial Group,Financials,Regional Banks,58.53,59.31,31.67,57.41,56.33,54.22,52.33,51.18,49.98,45.75
CLX,Clorox,Consumer Staples,Household Products,101.42,160.33,98.2,102.44,103.42,103.63,109.45,115.45,116.83,123.74
CME,CME Group,Financials,Financial Exchanges & Data,271.69,288.09,221.44,270.19,272.58,275.25,271.49,270.57,271.21,269.23
CMS,CMS Energy,Utilities,Multi-Utilities,70.61,75.54,62.07,70.13,70.88,72.55,73.09,72.3,71.71,71.28
KO,Coca-Cola Company (The),Consumer Staples,Soft Drinks & Non-alcoholic Beverages,70.97,72.91,58.88,70.18,70.31,70.94,69.43,68.43,68.53,68.9
CTSH,Cognizant,Information Technology,IT Consulting & Other Services,84.18,89.37,64.7,82.58,80.82,77.49,72.62,71.32,72.43,74.01
COIN,Coinbase,Financials,Financial Exchanges & Data,249.06,444.65,142.58,268.95,268.85,264.1,308.88,317.29,326.46,283.22
CL,Colgate-Palmolive,Consumer Staples,Household Products,79.43,98.37,74.55,77.95,77.86,78.72,78.12,80.47,82.04,85.18
CMCSA,Comcast,Communication Services,Cable & Satellite,28.23,38.9,25.75,27.37,27.24,27.09,28.2,30.34,31.21,32.35
CAG,Conagra Brands,Consumer Staples,Packaged Foods & Meats,18.01,27.05,16.6,17.59,17.34,17.45,17.61,18.09,18.35,20.22
COP,ConocoPhillips,Energy,Oil & Gas Exploration & Production,94.18,103.48,77.84,95.33,93.75,90.94,89.22,91.48,91.43,90.86
ED,Consolidated Edison,Utilities,Multi-Utilities,99.01,112.03,84.37,96.68,96.5,98.38,98.76,98.87,98.87,100.84
STZ,Constellation Brands,Consumer Staples,Distillers & Vintners,143.19,238.63,126.45,145.32,142.08,137.02,136.03,144.7,148.78,160.06
CEG,Constellation Energy,Utilities,Electric Utilities,357.0,412.23,160.75,362.9,362.69,355.68,365.0,345.37,339.22,303.54
COO,Cooper Companies (The),Health Care,Health Care Supplies,81.46,100.24,61.78,80.98,79.32,77.15,73.51,71.67,71.82,74.59
CPRT,Copart,Industrials,Diversified Support Services,38.72,63.85,38.18,38.74,38.74,39.4,41.75,44.34,44.99,49.22
GLW,Corning Inc.,Information Technology,Electronic Components,88.19,96.64,36.82,91.56,88.47,85.07,85.71,77.93,72.81,62.68
CPAY,Corpay,Financials,Transaction & Payment Processing Services,311.49,400.81,252.84,308.67,304.25,293.96,285.85,299.48,305.51,315.63
CTVA,Corteva,Materials,Fertilizers & Agricultural Chemicals,65.66,77.02,53.0,65.55,65.75,65.53,64.07,67.6,68.87,66.92
CSGP,CoStar Group,Real Estate,Real Estate Services,63.79,97.43,62.0,66.68,67.48,67.44,71.39,80.41,80.93,79.73
COST,Costco,Consumer Staples,Consumer Staples Merchandise Retail,860.07,1073.82,851.4,878.37,891.42,895.95,914.77,933.34,940.78,954.45
CTRA,Coterra,Energy,Oil & Gas Exploration & Production,26.27,29.04,21.87,26.64,26.84,26.46,24.99,24.33,24.42,24.75
CRWD,CrowdStrike,Information Technology,Systems Software,489.08,566.9,298.0,511.89,512.94,512.64,516.65,481.6,482.98,453.68
CCI,Crown Castle,Real Estate,Telecom Tower REITs,89.46,114.47,81.02,90.59,89.6,90.03,92.76,95.96,97.17,97.68
CSX,CSX Corporation,Industrials,Rail Transportation,37.44,37.54,25.91,37.09,36.52,35.44,35.53,34.82,34.5,32.63
CMI,Cummins,Industrials,Construction Machinery & Heavy Transportation Equipment,516.77,526.5,256.13,514.98,511.33,495.45,458.57,428.09,408.94,371.78
CVS,CVS Health,Health Care,Health Care Services,79.55,85.15,41.77,79.4,77.85,78.06,78.78,74.33,72.32,69.22
DHR,Danaher Corporation,Health Care,Life Sciences Tools & Services,227.88,256.97,170.43,227.67,227.09,226.15,218.23,208.9,206.57,203.06
DRI,Darden Restaurants,Consumer Discretionary,Restaurants,185.91,224.86,154.97,181.07,178.53,176.4,180.39,190.84,195.19,196.68
DDOG,Datadog,Information Technology,Application Software,142.19,201.69,81.63,150.03,152.48,159.79,162.74,149.75,147.4,132.3
DVA,DaVita,Health Care,Health Care Services,120.51,179.6,113.97,118.65,118.46,118.57,122.57,128.89,131.46,136.02
DAY,Dayforce,Industrials,Human Resource & Employment Services,69.36,79.13,48.01,69.13,69.12,69.04,68.74,66.46,64.5,61.8
DECK,Deckers Brands,Consumer Discretionary,Footwear,104.07,223.98,78.91,101.62,99.2,92.1,91.3,100.95,101.35,106.37
DE,Deere & Company,Industrials,Agricultural & Farm Machinery,487.48,530.24,398.95,476.0,475.54,476.57,469.36,476.61,483.01,481.74
DELL,Dell Technologies,Information Technology,"Technology Hardware, Storage & Peripherals",130.34,168.08,65.33,137.64,136.78,131.29,143.55,137.44,134.53,120.48
DAL,Delta Air Lines,Industrials,Passenger Airlines,71.33,71.63,34.41,69.29,67.76,63.57,60.79,59.31,57.78,53.44
DVN,Devon Energy,Energy,Oil & Gas Exploration & Production,36.18,38.48,25.53,37.41,37.48,36.74,34.64,34.43,34.11,33.42
DXCM,Dexcom,Health Care,Health Care Equipment,65.81,93.25,54.11,66.85,65.78,63.14,64.08,70.53,73.24,74.49
FANG,Diamondback Energy,Energy,Oil & Gas Exploration & Production,153.52,175.92,111.64,157.31,157.52,152.91,146.62,144.04,143.2,141.74
DLR,Digital Realty,Real Estate,Data Center REITs,152.26,183.82,128.14,159.43,159.55,159.02,166.58,168.0,168.91,164.04
DG,Dollar General,Consumer Staples,Consumer Staples Merchandise Retail,132.94,135.57,65.27,128.26,122.82,113.25,106.14,106.94,107.9,101.49
DLTR,Dollar Tree,Consumer Staples,Consumer Staples Merchandise Retail,131.6,132.43,61.8,127.07,121.59,112.89,104.28,105.0,105.01,95.56
D,Dominion Energy,Utilities,Multi-Utilities,59.6,62.17,46.43,58.72,58.88,59.83,59.87,59.51,58.72,56.56
DPZ,Domino's,Consumer Discretionary,Restaurants,437.96,495.24,392.47,425.23,425.0,416.39,413.71,431.09,436.59,447.16
DASH,DoorDash,Consumer Discretionary,Specialized Consumer Services,227.02,285.5,155.4,225.45,221.85,210.29,234.27,244.66,243.14,224.47
DOV,Dover Corporation,Industrials,Industrial Machinery & Supplies & Components,201.44,219.84,141.82,197.52,193.84,188.04,179.26,177.08,178.58,176.98
DOW,Dow Inc.,Materials,Commodity Chemicals,23.46,39.29,19.82,23.72,23.59,22.87,22.65,22.87,23.8,26.09
DHI,D. R. Horton,Consumer Discretionary,Homebuilding,156.15,183.98,109.46,154.49,156.77,151.96,151.74,158.25,153.11,142.01
DTE,DTE Energy,Utilities,Multi-Utilities,129.05,143.79,113.52,129.97,130.8,133.42,137.08,137.19,136.27,134.83
DUK,Duke Energy,Utilities,Electric Utilities,116.6,128.91,101.53,115.11,116.35,119.61,122.6,121.87,120.61,118.69
DD,DuPont,Materials,Specialty Chemicals,40.67,41.83,22.13,40.93,40.48,39.52,36.88,34.11,33.29,31.47
EMN,Eastman Chemical Company,Materials,Specialty Chemicals,63.78,100.53,56.08,64.18,62.61,60.95,61.09,63.41,66.1,71.58
ETN,Eaton Corporation,Industrials,Electrical Components & Equipment,332.28,398.4,230.37,341.97,339.85,338.97,360.53,361.93,361.08,336.99
EBAY,eBay Inc.,Consumer Discretionary,Broadline Retail,82.54,100.76,58.09,83.46,82.96,82.3,86.69,89.08,86.52,79.68
ECL,Ecolab,Materials,Specialty Chemicals,260.96,285.35,220.55,258.04,262.24,263.74,266.68,269.29,268.82,262.74
EIX,Edison International,Utilities,Electric Utilities,59.05,77.91,46.27,57.88,57.55,57.98,56.93,55.5,54.41,54.22
EW,Edwards Lifesciences,Health Care,Health Care Equipment,83.34,87.89,65.94,83.82,84.5,85.01,81.43,79.93,79.26,77.01
EA,Electronic Arts,Communication Services,Interactive Home Entertainment,204.18,204.64,114.66,203.74,203.47,202.33,201.15,185.99,179.44,166.21
ELV,Elevance Health,Health Care,Managed Health Care,360.22,451.93,270.83,344.38,337.07,331.5,334.16,318.76,323.64,353.8
EMR,Emerson Electric,Industrials,Electrical Components & Equipment,136.83,149.03,88.93,137.06,136.2,132.6,131.96,132.85,133.62,125.25
ENPH,Enphase Energy,Information Technology,Semiconductor Materials & Equipment,31.46,76.9,25.78,32.01,30.91,29.2,32.15,34.06,35.21,41.25
ETR,Entergy,Utilities,Electric Utilities,93.71,97.93,71.14,93.19,93.47,94.26,95.06,92.02,90.05,86.87
EOG,EOG Resources,Energy,Oil & Gas Exploration & Production,105.81,134.2,99.8,108.83,109.97,108.73,107.83,112.53,113.81,113.84
EPAM,EPAM Systems,Information Technology,IT Consulting & Other Services,212.99,269.0,138.15,209.49,203.59,192.64,172.13,166.52,167.64,169.3
EQT,EQT Corporation,Energy,Oil & Gas Exploration & Production,54.94,62.23,41.77,57.09,58.65,58.53,56.62,54.19,54.7,53.71
EFX,Equifax,Industrials,Research & Consulting Services,217.65,279.27,198.73,214.55,212.29,210.64,217.42,232.49,237.47,241.88
EQIX,Equinix,Real Estate,Data Center REITs,758.85,964.38,689.25,745.6,738.9,750.08,787.13,781.66,783.64,803.55
EQR,Equity Residential,Real Estate,Multi-Family Residential REITs,61.17,73.58,58.19,60.69,61.07,60.7,60.98,62.55,63.34,65.03
ERIE,Erie Indemnity,Financials,Insurance Brokers,288.01,451.6,273.59,280.04,288.23,289.91,300.82,321.04,326.17,348.73
ESS,Essex Property Trust,Real Estate,Multi-Family Residential REITs,259.49,307.81,239.32,255.45,257.09,257.51,258.15,260.42,264.72,270.69
EL,Estée Lauder Companies (The),Consumer Staples,Personal Care Products,100.67,109.62,47.76,103.78,102.43,95.96,94.86,91.87,90.19,80.06
EG,Everest Group,Financials,Reinsurance,327.52,368.99,302.44,317.27,314.83,314.72,328.31,333.47,334.13,339.29
EVRG,Evergy,Utilities,Electric Utilities,74.07,78.59,57.4,73.65,73.75,74.98,76.0,73.71,72.46,69.77
ES,Eversource Energy,Utilities,Electric Utilities,68.57,75.25,51.06,67.93,67.24,67.32,70.78,68.12,67.27,64.55
EXC,Exelon,Utilities,Electric Utilities,43.9,48.09,34.68,43.52,43.82,44.96,45.88,44.8,44.32,44.02
EXE,Expand Energy,Energy,Oil & Gas Exploration & Production,110.42,126.62,90.25,115.59,118.51,117.83,110.95,104.39,105.32,105.52
EXPE,Expedia Group,Consumer Discretionary,"Hotels, Resorts & Cruise Lines",283.39,287.48,129.24,272.86,267.12,258.08,238.83,223.09,213.47,195.11
EXPD,Expeditors International,Industrials,Air Freight & Logistics,151.9,155.04,99.26,150.41,149.5,145.74,132.48,125.98,123.66,119.43
EXR,Extra Space Storage,Real Estate,Self-Storage REITs,133.27,157.45,118.4,130.26,130.86,131.07,137.44,138.96,140.57,141.5
XOM,ExxonMobil,Energy,Integrated Oil & Gas,117.78,120.47,95.18,118.79,117.68,117.14,115.09,112.45,111.81,109.46
FFIV,"F5, Inc.",Information Technology,Communications Equipment,264.45,346.0,223.76,255.37,247.71,240.2,270.28,294.09,294.34,286.32
FDS,FactSet,Financials,Financial Exchanges & Data,291.39,491.19,249.51,289.12,284.97,279.09,277.44,317.71,341.0,376.44
FICO,Fair Isaac,Information Technology,Application Software,1815.86,2217.6,1300.0,1798.12,1786.25,1776.13,1716.22,1595.81,1615.46,1710.59
FAST,Fastenal,Industrials,Trading Companies & Distributors,42.62,50.37,34.62,41.29,41.15,40.53,41.89,44.88,44.51,42.54
FRT,Federal Realty Investment Trust,Real Estate,Retail REITs,100.83,111.1,78.83,97.91,97.77,97.53,97.74,97.04,96.32,95.16
FDX,FedEx,Industrials,Air Freight & Logistics,281.14,289.89,191.82,281.94,277.55,273.21,257.75,243.46,240.75,233.94
FIS,Fidelity National Information Services,Financials,Transaction & Payment Processing Services,66.56,83.94,59.15,66.21,65.99,64.88,65.35,67.45,69.88,71.62
FITB,Fifth Third Bancorp,Financials,Regional Banks,47.8,48.71,31.68,46.83,45.74,44.0,43.09,43.36,43.01,40.79
FSLR,First Solar,Information Technology,Semiconductors,256.32,281.55,116.56,260.14,259.77,258.47,249.98,224.98,212.76,186.4
FE,FirstEnergy,Utilities,Electric Utilities,44.55,47.73,36.45,44.51,44.99,45.9,46.02,44.52,43.52,42.1
FI,Fiserv,Financials,Transaction & Payment Processing Services,68.75,238.59,59.56,67.08,66.06,63.68,85.82,110.39,121.86,149.0
F,Ford Motor Company,Consumer Discretionary,Automobile Manufacturers,13.68,13.84,8.11,13.51,13.29,13.14,12.76,12.08,11.86,11.05
FTNT,Fortinet,Information Technology,Systems Software,81.44,114.82,70.12,82.51,83.22,81.78,83.33,83.79,87.81,92.51
FTV,Fortive,Industrials,Industrial Machinery & Supplies & Components,55.42,62.51,45.35,54.69,54.0,52.92,51.1,49.72,50.22,51.42
FOXA,Fox Corporation (Class A),Communication Services,Broadcasting,71.41,72.96,45.48,70.9,68.98,66.97,63.72,61.13,60.01,57.22
FOX,Fox Corporation (Class B),Communication Services,Broadcasting,63.23,64.22,42.96,62.71,61.25,59.78,57.08,55.17,54.32,52.19
BEN,Franklin Resources,Financials,Asset Management & Custody Banks,23.58,25.72,15.81,23.39,23.15,22.52,22.73,23.54,23.56,22.01
FCX,Freeport-McMoRan,Materials,Copper,47.62,48.85,27.35,46.4,45.24,42.96,41.87,42.15,42.5,40.55
GRMN,Garmin,Consumer Discretionary,Consumer Electronics,207.45,261.69,167.87,206.41,203.12,197.47,219.0,226.89,224.07,215.51
IT,Gartner,Information Technology,IT Consulting & Other Services,245.57,584.01,222.54,234.48,232.21,230.99,237.47,249.1,276.09,333.67
GE,GE Aerospace,Industrials,Aerospace & Defense,301.61,316.67,158.62,291.75,289.95,292.28,299.64,289.93,282.65,255.6
GEHC,GE HealthCare,Health Care,Health Care Equipment,84.38,94.66,57.57,84.2,83.2,79.46,76.74,75.52,75.3,74.5
GEV,GE Vernova,Industrials,Heavy Electrical Equipment,682.6,731.0,251.84,671.4,639.79,608.0,597.35,610.72,594.91,512.54
GEN,Gen Digital,Information Technology,Systems Software,27.55,31.94,22.45,27.37,27.07,26.69,26.63,28.12,28.4,27.79
GNRC,Generac,Industrials,Electrical Components & Equipment,158.05,203.25,99.5,163.28,160.57,153.36,165.55,174.29,168.33,151.46
GD,General Dynamics,Industrials,Aerospace & Defense,340.43,360.5,235.63,339.18,338.48,339.2,341.0,330.67,323.28,302.64
GIS,General Mills,Consumer Staples,Packaged Foods & Meats,47.06,65.04,45.15,46.27,46.13,46.76,47.35,48.25,48.71,51.21
GM,General Motors,Consumer Discretionary,Automobile Manufacturers,81.62,82.01,41.28,79.23,76.82,73.51,68.0,62.38,60.09,55.26
GPC,Genuine Parts Company,Consumer Discretionary,Distributors,131.68,141.97,101.6,130.99,129.92,128.33,128.8,132.12,130.2,125.66
GILD,Gilead Sciences,Health Care,Biotechnology,119.8,128.7,86.73,120.98,122.2,124.19,121.58,117.72,116.01,112.37
GPN,Global Payments,Financials,Transaction & Payment Processing Services,81.33,116.28,65.53,79.8,79.25,76.29,80.22,82.62,82.05,82.89
GL,Globe Life,Financials,Life & Health Insurance,140.79,147.54,101.59,136.17,133.75,133.22,133.97,137.04,133.81,129.53
GDDY,GoDaddy,Information Technology,Internet Services & Infrastructure,124.03,216.0,121.94,126.36,127.69,126.96,130.06,138.72,145.77,158.32
GS,Goldman Sachs,Financials,Investment Banking & Brokerage,891.79,919.1,432.73,887.07,858.64,822.94,796.32,771.92,754.46,680.17
HAL,Halliburton,Energy,Oil & Gas Equipment & Services,28.39,29.67,18.31,28.75,28.22,27.1,26.04,24.11,23.53,22.81
HIG,Hartford (The),Financials,Property & Casualty Insurance,138.28,138.38,103.19,132.72,132.85,133.68,129.88,129.65,128.25,125.61
HAS,Hasbro,Consumer Discretionary,Leisure Products,81.44,85.15,47.63,81.79,81.72,80.51,77.39,77.08,76.4,70.33
HCA,HCA Healthcare,Health Care,Health Care Facilities,475.36,520.0,288.25,480.02,486.45,489.04,463.65,428.74,417.58,391.18
DOC,Healthpeak Properties,Real Estate,Health Care REITs,16.66,20.35,16.08,16.64,17.09,17.43,17.83,17.68,17.64,17.71
HSIC,Henry Schein,Health Care,Health Care Distributors,77.3,82.49,60.56,75.34,74.13,73.51,69.04,68.56,69.31,69.22
HSY,Hershey Company (The),Consumer Staples,Packaged Foods & Meats,188.02,195.98,135.68,182.05,181.92,183.31,180.96,182.33,179.58,173.39
HPE,Hewlett Packard Enterprise,Information Technology,"Technology Hardware, Storage & Peripherals",24.01,26.44,11.82,24.49,23.48,22.34,23.34,22.94,22.32,20.05
HLT,Hilton Worldwide,Consumer Discretionary,"Hotels, Resorts & Cruise Lines",286.23,287.4,195.7,274.94,276.49,275.17,268.52,268.65,268.15,255.97
HOLX,Hologic,Health Care,Health Care Equipment,75.17,77.32,51.9,74.91,74.91,74.68,72.88,69.9,68.87,65.55
HD,Home Depot (The),Consumer Discretionary,Home Improvement Retail,357.57,424.01,320.39,354.22,353.41,348.7,366.38,382.25,377.96,369.87
HON,Honeywell,Industrials,Industrial Conglomerates,197.4,225.29,166.32,193.43,192.93,191.88,194.43,198.11,201.98,200.24
HRL,Hormel Foods,Consumer Staples,Packaged Foods & Meats,24.01,32.43,21.03,23.79,23.71,23.18,23.08,24.77,25.75,27.05
HST,Host Hotels & Resorts,Real Estate,Hotel & Resort REITs,18.61,18.64,11.93,18.08,17.71,17.54,17.02,16.79,16.6,15.78
HWM,Howmet Aerospace,Industrials,Aerospace & Defense,197.08,211.83,104.84,195.01,194.65,197.85,198.2,190.34,188.46,171.87
HPQ,HP Inc.,Information Technology,"Technology Hardware, Storage & Peripherals",24.47,33.78,20.52,24.98,25.06,24.2,25.62,26.11,25.79,25.75
HUBB,Hubbell Incorporated,Industrials,Industrial Machinery & Supplies & Components,444.32,482.66,296.56,448.4,441.86,431.76,436.26,433.61,429.37,402.02
HUM,Humana,Health Care,Managed Health Care,274.33,314.25,206.15,263.26,258.25,246.55,262.92,267.7,260.94,257.59
HBAN,Huntington Bancshares,Financials,Regional Banks,17.74,18.03,11.7,17.43,17.13,16.45,16.08,16.53,16.55,15.84
HII,Huntington Ingalls Industries,Industrials,Aerospace & Defense,328.75,331.86,155.24,321.89,315.3,312.16,303.3,286.29,278.09,252.95
IBM,IBM,Information Technology,IT Consulting & Other Services,309.48,324.9,209.2,310.52,308.21,303.58,298.76,276.24,277.54,266.43
IEX,IDEX Corporation,Industrials,Industrial Machinery & Supplies & Components,178.73,226.85,151.55,177.19,177.04,172.3,169.15,166.47,168.84,172.21
IDXX,Idexx Laboratories,Health Care,Health Care Equipment,699.11,769.98,356.14,702.83,713.33,715.13,680.63,655.94,631.02,565.56
ITW,Illinois Tool Works,Industrials,Industrial Machinery & Supplies & Components,259.22,273.07,212.05,252.98,250.99,247.82,248.11,254.01,253.41,249.22
INCY,Incyte,Health Care,Biotechnology,99.24,109.28,53.56,96.22,98.37,101.04,96.79,89.88,85.65,77.26
IR,Ingersoll Rand,Industrials,Industrial Machinery & Supplies & Components,81.68,102.88,65.56,80.76,80.18,78.43,78.42,79.45,80.6,80.11
PODD,Insulet Corporation,Health Care,Health Care Equipment,292.34,354.88,230.05,294.42,301.99,316.24,318.46,319.18,314.92,301.15
INTC,Intel,Information Technology,Semiconductors,37.81,44.02,17.67,39.78,40.8,38.24,38.07,31.59,29.79,26.57
ICE,Intercontinental Exchange,Financials,Financial Exchanges & Data,161.7,188.82,141.12,160.04,158.63,156.18,155.1,165.93,168.87,169.28
IFF,International Flavors & Fragrances,Materials,Specialty Chemicals,64.17,87.0,59.14,64.12,65.53,66.44,64.54,65.0,66.95,70.27
IP,International Paper,Materials,Paper & Plastic Packaging Products & Materials,38.74,57.79,35.35,38.61,38.68,38.24,40.9,43.99,44.95,45.86
IPG,Interpublic Group of Companies (The),Communication Services,Advertising,24.57,31.81,21.93,25.12,25.04,25.18,26.03,25.78,25.34,25.2
INTU,Intuit,Information Technology,Application Software,657.28,812.22,530.03,664.48,659.87,652.09,657.44,679.74,696.53,676.82
ISRG,Intuitive Surgical,Health Care,Health Care Equipment,560.0,616.0,425.0,557.66,563.71,562.68,527.54,496.13,501.37,508.14
IVZ,Invesco,Financials,Asset Management & Custody Banks,26.08,27.31,11.23,26.47,25.71,24.58,23.8,22.67,21.45,18.75
INVH,Invitation Homes,Real Estate,Single-Family Residential REITs,26.99,35.13,26.02,26.55,27.06,27.53,28.04,29.01,29.67,30.93
IQV,IQVIA,Health Care,Life Sciences Tools & Services,222.8,234.3,134.65,222.67,224.54,224.04,216.49,202.21,194.24,181.3
IRM,Iron Mountain,Real Estate,Other Specialized REITs,82.46,111.25,71.19,85.1,84.47,85.59,96.15,95.66,96.44,93.88
JBHT,J.B. Hunt,Industrials,Cargo Ground Transportation,197.24,204.43,121.7,194.92,190.39,178.02,166.9,153.67,152.39,148.15
JBL,Jabil,Information Technology,Electronic Manufacturing Services,221.2,237.05,108.52,227.18,222.62,212.19,210.31,213.08,214.17,190.22
JKHY,Jack Henry & Associates,Financials,Transaction & Payment Processing Services,187.45,194.03,143.64,184.14,180.52,174.41,162.41,161.31,164.63,168.81
J,Jacobs Solutions,Industrials,Construction & Engineering,135.38,168.03,104.43,136.94,137.19,138.22,149.02,147.58,144.6,135.9
JNJ,Johnson & Johnson,Health Care,Pharmaceuticals,214.96,215.0,136.5,208.61,205.98,204.69,195.36,184.87,178.97,169.49
JCI,Johnson Controls,Industrials,Building Products,116.65,123.78,67.78,116.25,115.41,115.3,113.91,110.41,109.49,101.08
JPM,JPMorgan Chase,Financials,Diversified Banks,320.28,322.88,200.22,313.36,313.32,308.16,307.01,303.11,299.6,279.36
K,Kellanova,Consumer Staples,Packaged Foods & Meats,83.44,83.49,75.95,83.32,83.2,83.01,82.65,80.64,80.17,80.35
KVUE,Kenvue,Consumer Staples,Personal Care Products,17.25,24.41,13.85,17.13,17.06,16.85,16.06,17.82,18.44,19.96
KDP,Keurig Dr Pepper,Consumer Staples,Soft Drinks & Non-alcoholic Beverages,29.12,35.62,25.03,29.24,28.81,28.07,27.35,28.75,29.61,30.97
KEY,KeyCorp,Financials,Regional Banks,20.48,20.88,12.29,20.21,19.49,18.52,17.91,18.09,17.94,16.85
KEYS,Keysight Technologies,Information Technology,Electronic Equipment & Instruments,207.57,214.58,121.43,210.91,207.97,194.66,181.54,174.68,172.43,164.65
KMB,Kimberly-Clark,Consumer Staples,Household Products,103.14,145.82,98.03,103.15,103.48,103.87,109.22,117.88,119.57,124.86
KIM,Kimco Realty,Real Estate,Retail REITs,20.42,23.89,17.3,20.06,20.09,20.09,20.63,21.0,20.97,20.64
KMI,Kinder Morgan,Energy,Oil & Gas Storage & Transportation,26.77,30.15,23.17,26.96,27.17,27.07,26.85,26.89,27.0,26.84
KKR,KKR & Co.,Financials,Asset Management & Custody Banks,134.33,169.44,85.77,136.93,131.39,124.71,122.57,131.99,132.69,126.29
KLAC,KLA Corporation,Information Technology,Semiconductor Materials & Equipment,1226.77,1282.32,547.89,1232.41,1214.34,1175.84,1157.44,1049.96,1020.72,907.04
KHC,Kraft Heinz,Consumer Staples,Packaged Foods & Meats,24.61,31.87,23.33,24.42,24.64,24.71,24.65,25.56,25.64,26.35
KR,Kroger,Consumer Staples,Food Retail,62.9,74.13,56.96,62.49,63.49,65.0,65.73,67.04,67.77,67.43
LHX,L3Harris,Industrials,Aerospace & Defense,288.44,306.84,189.46,285.71,282.09,281.01,287.29,282.19,276.75,255.38
LH,Labcorp,Health Care,Health Care Services,262.83,292.94,207.68,261.51,262.68,263.46,267.11,269.66,266.55,256.21
LRCX,Lam Research,Information Technology,Semiconductor Materials & Equipment,164.75,169.69,55.98,166.05,161.83,154.96,152.24,130.66,124.01,106.07
LW,Lamb Weston,Consumer Staples,Packaged Foods & Meats,59.59,81.86,46.97,59.16,59.43,58.36,61.16,58.41,57.0,55.24
LVS,Las Vegas Sands,Consumer Discretionary,Casinos & Gaming,66.77,70.45,29.72,66.59,67.05,66.35,60.25,56.91,54.79,48.92
LDOS,Leidos,Industrials,Diversified Support Services,185.91,205.77,122.65,187.06,187.85,188.45,190.55,184.39,179.21,165.53
LEN,Lennar,Consumer Discretionary,Homebuilding,119.79,155.09,97.13,119.38,124.06,123.15,123.43,125.44,122.44,117.88
LII,Lennox International,Industrials,Building Products,496.82,687.72,443.19,504.28,501.45,484.94,500.74,536.82,547.38,552.85
LLY,Lilly (Eli),Health Care,Pharmaceuticals,1061.07,1111.99,621.5,1014.76,1017.59,1039.9,938.24,836.52,824.91,812.84
LIN,Linde plc,Materials,Industrial Gases,417.38,483.05,387.78,403.99,402.91,406.1,425.65,448.77,451.76,452.01
LYV,Live Nation Entertainment,Communication Services,Movies & Entertainment,142.04,175.25,112.88,139.98,137.45,134.07,143.54,152.37,151.54,144.69
LKQ,LKQ Corporation,Consumer Discretionary,Distributors,30.56,43.32,28.13,29.77,29.51,29.52,29.88,30.28,31.64,34.69
LMT,Lockheed Martin,Industrials,Aerospace & Defense,484.26,512.11,404.07,474.84,462.88,459.83,473.84,462.02,460.16,458.64
L,Loews Corporation,Financials,Multi-line Insurance,105.01,109.06,78.83,103.83,103.99,105.16,102.66,99.27,97.59,93.71
LOW,Lowe's,Consumer Discretionary,Home Improvement Retail,248.9,273.63,203.22,246.63,246.27,239.79,238.57,245.28,240.22,233.91
LULU,Lululemon Athletica,Consumer Discretionary,"Apparel, Accessories & Luxury Goods",207.42,423.32,159.25,189.47,186.81,178.96,174.39,181.62,191.88,231.12
LYB,LyondellBasell,Materials,Specialty Chemicals,43.38,72.64,40.42,43.75,44.7,44.34,44.59,48.2,50.25,53.23
MTB,M&T Bank,Financials,Regional Banks,204.94,207.29,147.35,201.77,197.64,191.27,186.34,189.7,190.19,183.27
MPC,Marathon Petroleum,Energy,Oil & Gas Refining & Marketing,184.74,201.29,113.25,188.71,190.25,191.74,190.44,182.83,180.48,166.76
MKTX,MarketAxess,Financials,Financial Exchanges & Data,178.31,237.97,155.48,173.92,168.45,167.4,167.57,177.33,185.04,196.06
MAR,Marriott International,Consumer Discretionary,"Hotels, Resorts & Cruise Lines",308.76,310.23,203.87,292.77,296.72,294.41,280.1,272.42,272.23,262.94
MMC,Marsh McLennan,Financials,Insurance Brokers,187.02,245.83,174.18,182.86,183.05,181.96,186.5,194.42,198.01,209.06
MLM,Martin Marietta Materials,Materials,Construction Materials,633.75,664.29,440.13,625.9,621.87,613.76,618.52,613.39,601.67,567.45
MAS,Masco,Industrials,Building Products,64.78,80.67,55.74,63.59,63.69,62.81,64.49,67.93,67.27,66.21
MA,Mastercard,Financials,Transaction & Payment Processing Services,568.8,600.98,463.61,549.8,548.05,543.45,554.87,566.66,564.25,558.43
MTCH,Match Group,Communication Services,Interactive Media & Services,32.6,38.99,26.09,33.36,33.67,33.05,32.82,34.62,34.07,32.46
MKC,McCormick & Company,Consumer Staples,Packaged Foods & Meats,68.51,84.63,62.64,65.17,64.85,65.74,65.8,67.2,68.31,71.12
MCD,McDonald's,Consumer Discretionary,Restaurants,318.89,320.72,270.23,313.33,310.46,307.85,303.77,303.84,301.28,302.69
MCK,McKesson Corporation,Health Care,Health Care Distributors,822.91,894.75,555.78,812.07,811.62,838.7,818.25,760.21,751.56,727.59
MDT,Medtronic,Health Care,Health Care Equipment,98.6,106.33,76.99,99.72,100.72,101.37,97.15,94.75,93.34,90.23
MRK,Merck & Co.,Health Care,Pharmaceuticals,100.62,105.84,71.87,98.89,99.73,99.59,91.98,87.14,85.81,84.19
META,Meta Platforms,Communication Services,Interactive Media & Services,650.36,795.71,479.11,655.39,653.95,632.66,667.59,709.97,710.54,670.63
MET,MetLife,Financials,Life & Health Insurance,82.75,85.61,63.78,80.14,78.75,77.23,78.34,78.31,78.16,77.65
MTD,Mettler Toledo,Health Care,Life Sciences Tools & Services,1410.6,1525.17,946.69,1398.16,1417.86,1428.14,1398.66,1334.43,1306.17,1245.25
MGM,MGM Resorts,Consumer Discretionary,Casinos & Gaming,37.42,41.32,25.3,36.65,36.11,34.37,33.16,34.73,35.05,33.72
MCHP,Microchip Technology,Information Technology,Semiconductors,67.18,75.98,33.33,67.67,64.26,57.8,60.33,62.67,64.35,59.64
MU,Micron Technology,Information Technology,Semiconductors,237.63,264.75,61.44,251.83,243.71,235.21,222.17,177.65,166.18,137.54
MSFT,Microsoft,Information Technology,Systems Software,475.62,553.5,342.95,481.64,483.09,484.12,503.2,507.44,505.36,470.86
MAA,Mid-America Apartment Communities,Real Estate,Multi-Family Residential REITs,132.55,168.08,125.75,132.01,132.53,132.77,131.98,136.18,138.36,144.73
MRNA,Moderna,Health Care,Biotechnology,30.21,48.92,22.28,29.02,27.17,25.81,26.13,26.37,27.09,27.54
MHK,Mohawk Industries,Consumer Discretionary,Home Furnishings,111.19,143.13,96.24,110.92,111.58,110.64,115.18,121.77,119.14,114.75
MOH,Molina Healthcare,Health Care,Managed Health Care,166.4,359.97,133.4,161.24,154.87,148.35,162.96,167.95,183.7,233.73
TAP,Molson Coors Beverage Company,Consumer Staples,Brewers,47.65,62.82,42.5,46.88,46.3,45.99,45.53,46.87,47.16,50.33
MDLZ,Mondelez International,Consumer Staples,Packaged Foods & Meats,54.49,70.58,52.78,54.21,55.02,55.74,58.15,60.39,61.82,63.1
MPWR,Monolithic Power Systems,Information Technology,Semiconductors,950.6,1123.38,437.16,971.53,961.22,927.76,970.38,904.33,868.4,773.07
MNST,Monster Beverage,Consumer Staples,Soft Drinks & Non-alcoholic Beverages,74.75,76.28,45.7,73.72,74.03,73.55,70.67,66.98,65.82,63.45
MCO,Moody's Corporation,Financials,Financial Exchanges & Data,486.83,527.9,376.55,485.17,487.89,483.27,482.84,492.79,492.67,480.06
MS,Morgan Stanley,Financials,Investment Banking & Brokerage,178.11,181.98,92.37,178.75,175.64,169.23,164.11,156.48,152.77,139.82
MOS,Mosaic Company (The),Materials,Fertilizers & Agricultural Chemicals,24.93,37.63,21.79,24.78,24.34,24.22,26.91,30.1,31.23,30.52
MSI,Motorola Solutions,Information Technology,Communications Equipment,364.83,491.11,361.32,367.93,371.02,370.91,404.63,432.57,429.47,425.23
MSCI,MSCI Inc.,Financials,Financial Exchanges & Data,553.71,634.4,482.15,543.13,544.72,552.74,557.39,558.97,560.1,556.63
NDAQ,"Nasdaq, Inc.",Financials,Financial Exchanges & Data,92.8,97.06,64.26,91.82,90.47,88.98,88.23,90.6,90.12,85.24
NTAP,NetApp,Information Technology,"Technology Hardware, Storage & Peripherals",114.43,126.11,71.18,117.55,116.38,112.22,114.84,114.14,112.29,104.69
NFLX,Netflix,Communication Services,Movies & Entertainment,93.67,134.12,82.11,94.79,99.99,104.03,110.74,115.74,117.82,113.33
NEM,Newmont,Materials,Gold,99.46,102.13,36.25,97.1,93.51,90.3,87.87,80.86,76.45,66.62
NWSA,News Corp (Class A),Communication Services,Publishing,26.1,31.61,23.3,26.0,25.82,25.62,26.14,27.84,28.13,27.77
NWS,News Corp (Class B),Communication Services,Publishing,29.33,35.47,26.17,29.43,29.29,29.11,29.72,31.61,32.04,31.72
NEE,NextEra Energy,Utilities,Multi-Utilities,81.54,86.94,60.35,81.06,82.19,83.38,83.22,77.72,76.61,73.53
NKE,"Nike, Inc.",Consumer Discretionary,"Apparel, Accessories & Luxury Goods",67.87,80.55,51.34,66.44,65.79,64.32,65.12,69.52,69.6,66.72
NI,NiSource,Utilities,Multi-Utilities,41.8,44.58,34.39,41.53,41.7,42.43,42.82,42.21,41.7,40.51
NDSN,Nordson Corporation,Industrials,Industrial Machinery & Supplies & Components,237.92,251.85,163.83,235.31,236.4,234.25,233.75,227.22,225.03,214.92
NSC,Norfolk Southern,Industrials,Rail Transportation,299.55,300.79,198.48,294.88,294.25,289.85,287.39,284.29,279.61,261.22
NTRS,Northern Trust,Financials,Asset Management & Custody Banks,139.76,140.75,80.06,136.86,134.11,130.43,128.74,128.42,127.25,116.27
NOC,Northrop Grumman,Industrials,Aerospace & Defense,574.8,638.31,418.96,562.12,556.64,559.72,578.45,579.83,565.63,535.52
NCLH,Norwegian Cruise Line Holdings,Consumer Discretionary,"Hotels, Resorts & Cruise Lines",21.67,29.29,14.21,19.86,19.28,18.64,20.67,22.75,22.48,20.93
NRG,NRG Energy,Utilities,Independent Power Producers & Energy Traders,159.97,180.08,78.84,165.93,165.85,165.53,167.03,161.88,160.08,144.16
NUE,Nucor,Materials,Steel,162.01,168.07,96.79,163.23,162.32,157.89,148.24,144.73,142.92,133.53
NVDA,Nvidia,Information Technology,Semiconductors,176.43,212.18,86.6,182.33,181.84,182.0,186.87,182.34,177.8,156.06
NVR,"NVR, Inc.",Consumer Discretionary,Homebuilding,7589.29,8915.67,6562.85,7488.19,7521.76,7425.07,7454.38,7765.32,7710.42,7516.54
NXPI,NXP Semiconductors,Information Technology,Semiconductors,232.38,250.74,146.07,230.0,224.17,207.31,210.71,216.59,217.36,208.47
ORLY,O’Reilly Automotive,Consumer Discretionary,Automotive Retail,95.16,108.72,78.3,94.22,96.61,98.35,98.52,101.0,99.11,96.11
OXY,Occidental Petroleum,Energy,Oil & Gas Exploration & Production,40.1,52.05,34.2,41.09,41.51,41.48,41.61,43.38,43.39,43.05
ODFL,Old Dominion,Industrials,Cargo Ground Transportation,156.5,208.11,125.76,154.66,151.35,141.43,139.65,143.82,147.7,152.82
OMC,Omnicom Group,Communication Services,Advertising,80.91,90.2,67.76,76.96,74.39,73.59,75.41,75.66,74.9,74.94
ON,ON Semiconductor,Information Technology,Semiconductors,55.25,70.58,31.04,55.59,54.65,50.92,50.58,50.59,51.78,48.28
OKE,Oneok,Energy,Oil & Gas Storage & Transportation,72.78,105.47,64.02,73.74,74.42,72.56,69.87,71.7,73.14,77.3
ORCL,Oracle Corporation,Information Technology,Application Software,184.22,345.12,117.98,209.63,208.98,209.61,247.04,254.27,248.7,212.39
OTIS,Otis Worldwide,Industrials,Industrial Machinery & Supplies & Components,88.38,105.37,83.46,87.43,87.29,87.59,89.49,88.56,90.3,92.74
PCAR,Paccar,Industrials,Construction Machinery & Heavy Transportation Equipment,112.95,114.5,83.8,111.94,110.27,105.63,100.57,99.6,98.76,96.95
PKG,Packaging Corporation of America,Materials,Paper & Plastic Packaging Products & Materials,205.12,238.15,170.61,200.65,199.21,198.6,202.29,204.51,202.89,198.02
PLTR,Palantir Technologies,Information Technology,Application Software,184.39,207.52,63.4,184.63,179.71,172.29,179.48,174.03,167.77,144.42
PANW,Palo Alto Networks,Information Technology,Systems Software,185.9,223.61,144.15,191.91,192.53,192.4,204.99,197.66,197.88,192.12
PSKY,Paramount Skydance Corporation,Communication Services,Movies & Entertainment,13.9,20.86,9.92,14.39,14.63,15.17,16.0,15.64,15.04,13.73
PH,Parker Hannifin,Industrials,Industrial Machinery & Supplies & Components,884.34,908.35,484.88,884.1,878.2,858.56,807.57,776.0,760.65,708.23
PAYX,Paychex,Industrials,Human Resource & Employment Services,115.7,158.49,108.0,113.68,112.69,111.7,116.86,125.91,129.35,136.05
PAYC,Paycom,Industrials,Human Resource & Employment Services,162.86,266.71,156.14,163.88,163.96,162.87,179.47,200.93,206.53,215.46
PYPL,PayPal,Financials,Transaction & Payment Processing Services,60.74,93.03,55.72,61.1,61.62,61.31,65.92,67.38,68.64,68.4
PNR,Pentair,Industrials,Industrial Machinery & Supplies & Components,105.08,113.69,73.68,104.47,104.82,104.33,106.99,107.0,106.27,100.38
PEP,PepsiCo,Consumer Staples,Soft Drinks & Non-alcoholic Beverages,151.12,155.29,123.93,149.03,147.51,146.74,146.13,144.09,141.88,139.49
PFE,Pfizer,Health Care,Pharmaceuticals,26.53,27.21,19.83,25.86,25.75,25.5,24.92,24.59,24.47,23.86
PCG,PG&E Corporation,Utilities,Multi-Utilities,15.36,20.33,12.95,15.08,15.14,15.54,16.02,15.5,15.13,15.67
PM,Philip Morris International,Consumer Staples,Tobacco,158.41,183.57,113.18,151.56,151.67,153.48,153.65,158.49,162.27,162.2
PSX,Phillips 66,Energy,Oil & Gas Refining & Marketing,140.84,144.96,88.51,141.4,140.3,137.93,134.88,130.95,129.39,122.85
PNW,Pinnacle West Capital,Utilities,Multi-Utilities,88.31,93.67,78.26,87.28,87.72,88.63,89.51,89.0,88.96,89.26
PNC,PNC Financial Services,Financials,Diversified Banks,211.49,213.03,141.09,208.54,202.65,194.76,188.5,192.55,191.78,182.09
POOL,Pool Corporation,Consumer Discretionary,Distributors,238.28,373.87,229.63,237.88,240.49,239.89,263.8,289.26,290.71,297.59
PPG,PPG Industries,Materials,Specialty Chemicals,103.78,121.66,88.43,101.99,101.36,99.43,99.19,103.58,105.56,106.05
PPL,PPL Corporation,Utilities,Electric Utilities,33.99,37.96,30.24,33.58,34.03,35.06,36.08,35.95,35.54,35.0
PFG,Principal Financial Group,Financials,Life & Health Insurance,90.88,92.1,66.44,89.55,87.43,85.13,82.63,80.66,80.12,78.86
PG,Procter & Gamble,Consumer Staples,Personal Care Products,145.25,176.43,138.14,141.66,142.8,145.31,147.49,150.98,152.0,156.05
PGR,Progressive Corporation,Financials,Property & Casualty Insurance,236.0,292.65,199.9,230.09,227.95,227.14,224.25,234.7,238.59,252.77
PLD,Prologis,Real Estate,Industrial REITs,130.49,131.34,83.8,128.98,128.81,127.0,124.11,117.09,114.92,111.44
PRU,Prudential Financial,Financials,Life & Health Insurance,117.61,118.21,86.97,114.49,112.0,108.84,104.74,104.0,103.78,103.02
PEG,Public Service Enterprise Group,Utilities,Electric Utilities,80.48,89.82,72.92,79.14,79.29,80.35,81.2,82.07,82.01,80.76
PTC,PTC Inc.,Information Technology,Application Software,174.77,219.69,133.38,175.2,175.68,174.53,187.48,197.77,194.77,181.64
PSA,Public Storage,Real Estate,Self-Storage REITs,271.81,316.95,251.43,269.48,271.86,271.3,283.47,283.84,284.55,287.21
PHM,PulteGroup,Consumer Discretionary,Homebuilding,126.83,141.88,87.74,126.35,126.84,123.56,122.51,125.7,122.39,114.4
PWR,Quanta Services,Industrials,Construction & Engineering,435.37,473.99,226.97,457.11,457.4,449.65,442.47,416.33,409.31,366.93
QCOM,Qualcomm,Information Technology,Semiconductors,179.96,204.9,118.79,178.95,175.51,170.15,170.1,164.02,162.28,156.35
DGX,Quest Diagnostics,Health Care,Health Care Services,184.07,197.55,146.3,181.32,182.22,185.36,183.41,181.07,179.47,175.98
RL,Ralph Lauren Corporation,Consumer Discretionary,"Apparel, Accessories & Luxury Goods",372.91,377.72,175.49,362.04,361.55,352.51,336.34,319.1,311.16,283.76
RJF,Raymond James Financial,Financials,Investment Banking & Brokerage,162.76,177.15,116.85,164.55,161.87,158.53,160.84,164.18,162.38,154.49
RTX,RTX Corporation,Industrials,Aerospace & Defense,181.79,181.97,110.77,176.9,173.57,173.05,171.63,164.47,160.79,149.24
O,Realty Income,Real Estate,Retail REITs,58.03,60.33,48.85,57.34,57.63,57.18,57.69,57.72,57.37,56.31
REG,Regency Centers,Real Estate,Retail REITs,68.11,75.93,62.21,67.72,68.42,69.39,70.28,70.8,70.58,70.57
REGN,Regeneron Pharmaceuticals,Health Care,Biotechnology,752.87,790.98,475.17,724.34,727.87,735.37,660.47,615.26,599.81,597.92
RF,Regions Financial Corporation,Financials,Regional Banks,27.43,27.96,17.18,27.09,26.51,25.52,24.83,25.37,25.02,23.35
RSG,Republic Services,Industrials,Environmental & Facilities Services,215.7,257.43,197.66,211.04,212.9,214.21,215.25,223.37,227.21,232.83
RMD,ResMed,Health Care,Health Care Equipment,252.23,293.11,198.6,250.54,251.14,250.18,257.21,267.21,264.89,252.27
RVTY,Revvity,Health Care,Health Care Equipment,98.73,128.0,81.3,101.09,101.46,100.04,96.01,92.14,93.23,95.15
ROK,Rockwell Automation,Industrials,Electrical Components & Equipment,401.33,415.89,212.49,406.08,403.24,392.19,372.34,357.78,353.8,323.22
ROL,"Rollins, Inc.",Industrials,Environmental & Facilities Services,60.01,61.84,44.8,59.36,60.13,59.98,58.28,57.67,57.27,56.22
ROP,Roper Technologies,Information Technology,Electronic Equipment & Instruments,443.81,592.47,435.42,443.69,444.75,444.36,464.14,493.36,506.25,529.05
ROST,Ross Stores,Consumer Discretionary,Apparel Retail,184.34,185.0,121.41,181.68,179.51,174.38,164.09,155.36,150.25,144.97
RCL,Royal Caribbean Group,Consumer Discretionary,"Hotels, Resorts & Cruise Lines",288.23,365.38,163.05,271.1,265.57,262.36,279.33,304.89,308.23,277.19
SPGI,S&P Global,Financials,Financial Exchanges & Data,498.18,576.91,424.77,495.77,495.75,493.97,489.6,511.65,513.53,506.64
CRM,Salesforce,Information Technology,Application Software,253.96,365.3,221.96,260.21,251.54,241.48,245.6,246.39,250.15,257.79
SBAC,SBA Communications,Real Estate,Telecom Tower REITs,193.04,241.44,184.43,191.07,189.78,192.52,192.94,200.6,206.66,212.57
SLB,Schlumberger,Energy,Oil & Gas Equipment & Services,38.88,43.29,30.37,39.38,38.53,37.09,35.71,34.95,34.84,35.15
STX,Seagate Technology,Information Technology,"Technology Hardware, Storage & Peripherals",284.76,308.93,62.66,291.96,279.99,268.73,253.65,217.29,202.44,161.95
SRE,Sempra,Utilities,Multi-Utilities,88.65,95.03,60.49,88.25,89.19,90.5,91.19,86.48,84.06,79.22
NOW,ServiceNow,Information Technology,Systems Software,770.65,1198.09,678.66,840.03,837.27,828.18,874.13,895.68,914.41,911.98
SHW,Sherwin-Williams,Materials,Specialty Chemicals,328.0,378.76,306.78,326.68,330.57,333.02,335.55,344.51,344.1,344.47
SPG,Simon Property Group,Real Estate,Retail REITs,183.66,186.14,131.37,181.61,180.74,180.81,178.46,175.75,172.28,165.79
SWKS,Skyworks Solutions,Information Technology,Semiconductors,66.36,91.61,46.48,67.79,68.41,65.91,70.12,71.71,71.97,69.19
SJM,J.M. Smucker Company (The),Consumer Staples,Packaged Foods & Meats,101.77,117.94,91.46,100.49,100.66,102.75,103.52,105.83,104.71,106.45
SW,Smurfit Westrock,Materials,Paper & Plastic Packaging Products & Materials,37.42,54.55,32.73,36.79,36.27,35.25,37.93,41.25,41.95,42.32
SNA,Snap-on,Industrials,Industrial Machinery & Supplies & Components,351.42,356.07,283.93,349.01,347.08,340.47,338.29,332.58,328.85,324.52
SOLV,Solventum,Health Care,Health Care Technology,81.79,88.2,60.7,81.84,83.63,82.22,75.74,74.28,74.35,73.43
SO,Southern Company,Utilities,Electric Utilities,85.8,100.02,77.85,84.91,86.07,87.88,91.64,92.08,91.81,90.32
LUV,Southwest Airlines,Industrials,Passenger Airlines,41.81,42.2,23.55,40.34,38.44,35.82,33.66,32.6,32.94,31.88
SWK,Stanley Black & Decker,Industrials,Industrial Machinery & Supplies & Components,74.34,87.08,52.01,74.86,73.51,69.86,68.76,70.75,70.25,68.95
SBUX,Starbucks,Consumer Discretionary,Restaurants,85.43,115.04,73.95,84.33,84.75,84.71,83.62,85.25,86.65,87.32
STT,State Street Corporation,Financials,Asset Management & Custody Banks,129.1,131.36,71.77,128.29,125.09,120.23,117.83,114.94,113.13,104.11
STLD,Steel Dynamics,Materials,Steel,169.16,173.86,102.41,168.99,168.51,163.84,155.99,143.37,140.88,135.27
STE,Steris,Health Care,Health Care Equipment,254.09,268.6,199.47,254.89,257.89,259.74,250.98,246.7,243.74,238.29
SYK,Stryker Corporation,Health Care,Health Care Equipment,354.67,403.95,327.71,352.95,357.94,362.65,366.51,374.4,377.37,375.03
SMCI,Supermicro,Information Technology,"Technology Hardware, Storage & Peripherals",31.4,66.44,25.71,34.14,33.96,33.75,43.28,45.21,45.87,42.85
SYF,Synchrony Financial,Financials,Consumer Finance,83.38,86.22,39.98,82.88,81.12,77.54,74.59,73.69,72.4,65.46
SNPS,Synopsys,Information Technology,Application Software,455.77,651.73,365.74,465.53,463.97,432.31,436.63,497.87,506.65,488.28
SYY,Sysco,Consumer Staples,Food Distributors,75.48,83.13,66.22,74.04,73.73,74.74,76.02,78.18,77.8,75.45
TMUS,T-Mobile US,Communication Services,Wireless Telecommunication Services,196.26,273.15,194.31,198.54,203.56,206.68,213.41,228.25,228.41,235.9
TROW,T. Rowe Price,Financials,Asset Management & Custody Banks,103.28,116.8,75.88,104.41,104.65,102.2,103.1,103.95,102.97,98.16
TTWO,Take-Two Interactive,Communication Services,Interactive Home Entertainment,244.92,264.79,177.35,245.87,246.59,242.77,248.96,243.24,242.19,233.38
TPR,"Tapestry, Inc.",Consumer Discretionary,"Apparel, Accessories & Luxury Goods",123.79,125.73,57.71,120.1,116.36,110.58,110.85,108.68,105.54,93.46
TRGP,Targa Resources,Energy,Oil & Gas Storage & Transportation,182.17,213.78,143.19,182.83,179.91,175.52,164.82,164.57,165.25,167.91
TGT,Target Corporation,Consumer Staples,Consumer Staples Merchandise Retail,97.93,138.95,83.44,96.05,93.85,90.79,90.56,92.58,93.93,94.87
TEL,TE Connectivity,Information Technology,Electronic Manufacturing Services,229.92,250.67,115.38,237.7,234.24,230.26,232.04,220.22,210.68,187.08
TDY,Teledyne Technologies,Information Technology,Electronic Equipment & Instruments,513.27,595.99,419.0,515.85,511.18,503.87,528.03,540.53,536.6,517.27
TER,Teradyne,Information Technology,Semiconductor Materials & Equipment,194.95,205.0,65.55,199.25,198.37,183.59,168.03,142.27,132.2,113.5
TSLA,"Tesla, Inc.",Consumer Discretionary,Automobile Manufacturers,478.65,488.54,214.25,452.35,447.74,428.81,435.98,398.58,382.69,346.18
TXN,Texas Instruments,Information Technology,Semiconductors,178.26,218.15,136.55,180.11,180.2,170.45,168.99,177.97,183.7,179.58
TPL,Texas Pacific Land Corporation,Energy,Oil & Gas Exploration & Production,836.43,1455.48,812.0,880.84,888.22,895.99,922.58,921.06,943.01,1067.02
TXT,Textron,Industrials,Aerospace & Defense,87.61,88.12,57.67,86.12,84.78,83.09,82.37,81.63,81.74,78.09
TMO,Thermo Fisher Scientific,Health Care,Life Sciences Tools & Services,573.31,609.27,385.11,572.27,573.84,578.43,565.28,523.55,502.88,481.73
TJX,TJX Companies,Consumer Discretionary,Apparel Retail,156.85,157.72,111.06,155.1,153.03,150.94,145.96,140.74,137.23,132.19
TKO,TKO Group Holdings,Communication Services,Movies & Entertainment,208.22,212.49,132.26,202.08,199.7,192.59,189.6,187.97,184.93,173.39
TTD,Trade Desk (The),Communication Services,Advertising,37.02,137.03,36.78,39.01,39.21,39.65,46.01,52.54,56.85,58.78
TSCO,Tractor Supply,Consumer Discretionary,Other Specialty Retail,52.72,63.47,46.26,52.34,53.08,53.27,54.07,56.56,56.27,54.33
TT,Trane Technologies,Industrials,Building Products,394.9,475.11,296.82,397.52,401.2,406.49,417.98,419.99,423.11,405.29
TDG,TransDigm Group,Industrials,Aerospace & Defense,1288.08,1519.36,1107.45,1314.73,1331.65,1338.18,1314.63,1323.83,1343.93,1325.58
TRV,Travelers Companies (The),Financials,Property & Casualty Insurance,290.36,295.68,226.54,282.99,282.58,285.58,278.16,273.88,270.93,266.5
TRMB,Trimble Inc.,Information Technology,Electronic Equipment & Instruments,80.29,87.5,52.91,81.56,81.99,80.14,79.58,80.73,80.25,75.25
TFC,Truist Financial,Financials,Diversified Banks,49.76,50.43,32.34,48.93,48.02,46.62,44.81,44.64,44.24,42.04
TYL,Tyler Technologies,Information Technology,Application Software,447.75,661.31,445.64,454.16,459.57,462.82,479.98,518.08,529.14,544.22
TSN,Tyson Foods,Consumer Staples,Packaged Foods & Meats,59.53,62.66,50.12,58.52,57.6,56.32,53.8,54.19,54.13,55.31
USB,U.S. Bancorp,Financials,Diversified Banks,53.74,54.01,34.43,52.77,51.65,49.54,48.04,47.54,47.08,44.83
UBER,Uber,Industrials,Passenger Ground Transportation,81.56,101.99,59.33,86.56,87.99,87.59,91.9,92.83,92.57,87.51
UDR,"UDR, Inc.",Real Estate,Multi-Family Residential REITs,35.76,44.96,32.94,35.28,35.49,35.38,35.33,36.62,37.3,38.75
ULTA,Ulta Beauty,Consumer Discretionary,Other Specialty Retail,591.91,611.9,309.01,595.65,575.39,545.96,536.99,530.13,519.64,470.78
UNP,Union Pacific Corporation,Industrials,Rail Transportation,241.03,250.85,200.99,236.82,235.55,230.02,225.39,223.56,224.38,223.61
UAL,United Airlines Holdings,Industrials,Passenger Airlines,107.52,116.0,52.0,106.77,105.75,100.3,98.59,98.87,95.71,87.8
UPS,United Parcel Service,Industrials,Air Freight & Logistics,100.49,128.18,80.6,98.63,97.18,95.53,91.25,88.02,89.91,93.14
URI,United Rentals,Industrials,Trading Companies & Distributors,809.38,1019.33,522.49,806.35,805.61,805.53,875.58,898.6,872.74,787.36
UNH,UnitedHealth Group,Health Care,Managed Health Care,339.86,594.32,231.57,330.44,329.3,323.65,338.38,320.34,315.7,353.47
UHS,Universal Health Services,Health Care,Health Care Facilities,222.96,246.13,152.04,224.37,229.18,231.2,220.61,201.04,196.07,189.86
VLO,Valero Energy,Energy,Oil & Gas Refining & Marketing,167.35,184.46,96.76,171.78,173.71,175.12,170.28,160.15,156.35,143.53
VTR,Ventas,Real Estate,Health Care REITs,78.75,81.89,55.47,78.95,79.63,79.56,74.81,71.25,69.69,68.03
VLTO,Veralto,Industrials,Environmental & Facilities Services,100.19,109.99,83.69,98.94,100.47,99.92,100.99,103.71,103.19,100.64
VRSN,Verisign,Information Technology,Internet Services & Infrastructure,241.99,308.75,189.47,244.38,247.47,249.07,251.39,263.84,267.67,264.36
VRSK,Verisk Analytics,Industrials,Research & Consulting Services,217.95,321.9,197.0,216.74,220.04,221.0,226.09,245.08,256.84,272.51
VZ,Verizon,Communication Services,Integrated Telecommunication Services,40.99,45.09,35.79,40.43,40.77,40.84,40.36,41.62,41.55,41.7
VRTX,Vertex Pharmaceuticals,Health Care,Biotechnology,455.18,519.68,362.5,444.96,445.95,437.8,425.99,414.03,422.88,441.95
VTRS,Viatris,Health Care,Pharmaceuticals,11.69,12.5,6.6,11.54,11.2,10.85,10.46,10.12,9.88,9.3
VICI,Vici Properties,Real Estate,Hotel & Resort REITs,28.56,33.54,26.86,28.02,28.12,28.66,29.96,31.25,31.49,31.27
V,Visa Inc.,Financials,Transaction & Payment Processing Services,346.13,374.11,297.39,334.17,331.88,330.18,337.68,340.41,342.25,343.42
VST,Vistra Corp.,Utilities,Electric Utilities,167.93,219.82,90.3,167.73,169.97,172.35,185.76,193.04,192.33,171.12
VMC,Vulcan Materials Company,Materials,Construction Materials,296.99,311.21,213.97,295.97,294.26,290.77,293.3,291.48,285.78,271.98
WRB,W. R. Berkley Corporation,Financials,Property & Casualty Insurance,69.2,78.96,55.38,67.94,69.47,73.46,74.51,73.19,72.66,71.15
GWW,W. W. Grainger,Industrials,Industrial Machinery & Supplies & Components,1027.09,1148.83,887.81,1007.25,987.21,961.2,958.07,971.81,984.22,996.9
WAB,Wabtec,Industrials,Construction Machinery & Heavy Transportation Equipment,215.23,219.63,151.24,214.08,212.99,207.38,202.95,197.61,199.87,195.1
WMT,Walmart,Consumer Staples,Consumer Staples Merchandise Retail,116.85,117.45,79.43,115.46,114.76,110.36,106.46,103.6,102.13,98.6
DIS,Walt Disney Company (The),Communication Services,Movies & Entertainment,110.51,124.69,79.76,109.88,107.84,106.1,109.38,112.78,114.42,109.43
WBD,Warner Bros. Discovery,Communication Services,Broadcasting,29.7,29.92,7.52,28.84,26.78,25.01,22.24,18.31,16.97,14.19
WM,Waste Management,Industrials,Environmental & Facilities Services,218.31,239.91,193.36,211.81,213.01,213.13,210.66,216.88,218.79,222.33
WAT,Waters Corporation,Health Care,Life Sciences Tools & Services,383.98,423.56,275.05,390.18,393.61,392.08,366.47,331.36,331.17,339.12
WEC,WEC Energy Group,Utilities,Electric Utilities,105.09,117.25,88.91,104.15,105.29,108.21,111.29,109.8,108.59,107.0
WFC,Wells Fargo,Financials,Diversified Banks,92.76,93.42,57.46,91.0,89.61,86.96,85.21,82.78,82.08,77.71
WELL,Welltower,Real Estate,Health Care REITs,190.46,209.05,120.99,189.81,196.32,198.92,186.83,176.95,172.34,163.0
WST,West Pharmaceutical Services,Health Care,Health Care Supplies,272.49,347.77,186.94,269.43,274.06,271.02,273.62,262.2,253.83,240.01
WDC,Western Digital,Information Technology,"Technology Hardware, Storage & Peripherals",172.28,188.77,28.72,177.46,170.23,162.04,147.31,118.52,107.79,84.13
WY,Weyerhaeuser,Real Estate,Timber REITs,23.42,30.64,20.96,23.03,22.43,22.02,22.74,23.9,24.23,25.09
WSM,"Williams-Sonoma, Inc.",Consumer Discretionary,Homefurnishing Retail,186.3,217.31,128.49,184.52,181.75,180.07,187.02,191.86,186.81,176.75
WMB,Williams Companies,Energy,Oil & Gas Storage & Transportation,59.63,65.55,50.57,60.47,61.25,60.52,60.51,59.66,59.48,58.71
WTW,Willis Towers Watson,Financials,Insurance Brokers,328.92,352.79,291.3,322.42,320.58,319.69,325.62,327.43,322.72,320.14
WDAY,"Workday, Inc.",Information Technology,Application Software,215.42,283.68,205.33,221.09,218.33,221.09,229.26,229.78,230.93,236.5
WYNN,Wynn Resorts,Consumer Discretionary,Casinos & Gaming,126.55,134.72,64.8,125.27,127.5,124.89,123.0,120.52,116.73,104.46
XEL,Xcel Energy,Utilities,Multi-Utilities,75.68,83.01,61.07,75.17,76.4,78.44,79.91,76.65,74.98,72.51
XYL,Xylem Inc.,Industrials,Industrial Machinery & Supplies & Components,137.76,153.83,99.59,138.31,139.11,139.74,144.77,142.8,140.05,132.63
YUM,Yum! Brands,Consumer Discretionary,Restaurants,153.79,160.96,119.81,146.27,146.83,148.48,146.21,146.03,145.94,146.55
ZBRA,Zebra Technologies,Information Technology,Electronic Equipment & Instruments,264.24,427.76,205.73,267.75,263.06,251.5,270.29,293.51,297.97,288.69
ZBH,Zimmer Biomet,Health Care,Health Care Equipment,92.39,113.87,85.33,92.59,93.24,92.82,95.71,98.06,97.04,98.3
ZTS,Zoetis,Health Care,Pharmaceuticals,117.66,179.47,115.25,117.66,121.11,121.18,131.66,140.56,143.45,149.39
