Symbol,Company,GICS_Sector,GICS_Sub_Industry,Current_Price,High_52_Week,Low_52_Week,SMA5,SMA10,SMA20,SMA50,SMA200,Score,Target_Pcnt,Target_Price,Stop_Loss
MMM,3M,Industrials,Industrial Conglomerates,153.33,160.2,122.88,156.08,154.17,151.81,151.04,142.28,0.2,3.74,159.06,144.55
AOS,A. O. Smith,Industrials,Building Products,72.01,88.84,59.04,72.34,71.46,71.28,68.23,67.87,0.2,1.76,73.28,69.29
ABT,Abbott Laboratories,Health Care,Health Care Equipment,130.44,138.95,108.68,130.38,131.12,129.06,131.08,125.59,0.2,2.72,133.99,124.14
ABBV,AbbVie,Health Care,Biotechnology,206.59,212.84,160.57,203.61,200.85,195.89,190.74,185.65,0.4,0.58,207.79,184.0
AMD,Advanced Micro Devices,Information Technology,Semiconductors,176.09,184.42,78.21,178.78,174.88,172.31,151.26,124.51,0.2,6.31,187.2,157.42
AES,AES Corporation,Utilities,Independent Power Producers & Energy Traders,13.35,19.11,9.5,13.11,12.99,13.18,12.12,11.63,0.2,3.37,13.8,12.57
ALLE,Allegion,Industrials,Building Products,167.13,169.62,118.08,167.78,166.07,164.36,152.17,137.87,0.2,3.08,172.28,156.44
LNT,Alliant Energy,Utilities,Electric Utilities,64.54,66.34,54.87,64.81,65.3,65.02,62.58,60.55,0.2,3.04,66.5,63.53
ALL,Allstate,Financials,Property & Casualty Insurance,206.77,211.62,174.73,207.56,207.07,201.98,198.63,195.99,0.4,3.35,213.7,190.27
GOOGL,Alphabet Inc. (Class A),Communication Services,Interactive Media & Services,203.05,205.89,144.53,203.04,200.49,196.64,184.74,176.7,0.4,1.53,206.16,187.12
GOOG,Alphabet Inc. (Class C),Communication Services,Interactive Media & Services,203.89,207.22,146.4,203.96,201.31,197.49,185.7,178.22,0.4,1.51,206.97,188.02
MO,Altria,Consumer Staples,Tobacco,66.08,66.08,46.47,65.79,64.8,62.6,60.32,55.59,0.2,2.36,67.64,57.55
AMZN,Amazon,Consumer Discretionary,Broadline Retail,230.63,242.06,167.32,227.73,224.19,225.79,221.59,211.51,0.4,3.59,238.91,212.67
AEP,American Electric Power,Utilities,Electric Utilities,110.96,114.06,87.97,112.18,112.31,111.2,106.14,100.46,0.2,3.88,115.27,107.13
AXP,American Express,Financials,Consumer Finance,305.8,328.13,230.81,305.82,300.97,302.86,306.52,291.77,0.4,2.7,314.06,291.66
AIG,American International Group,Financials,Multi-line Insurance,80.22,87.26,69.3,79.78,78.98,78.93,81.78,78.66,0.2,1.36,81.31,76.54
AMT,American Tower,Real Estate,Telecom Tower REITs,203.49,235.15,170.7,204.37,206.34,213.41,216.84,204.03,0.2,14.59,233.18,193.64
AWK,American Water Works,Utilities,Water Utilities,143.11,150.19,118.87,143.25,143.09,142.14,141.06,135.67,0.2,2.56,146.77,137.51
AME,Ametek,Industrials,Electrical Components & Equipment,181.5,196.4,151.15,183.9,183.68,182.17,180.53,179.7,0.2,3.28,187.45,176.87
AMGN,Amgen,Health Care,Biotechnology,293.63,329.11,254.27,290.94,289.75,296.38,293.22,287.0,0.2,6.52,312.77,280.0
ADI,Analog Devices,Information Technology,Semiconductors,232.54,245.68,163.85,234.01,228.26,228.09,233.27,215.84,0.6,2.55,238.47,217.7
AMAT,Applied Materials,Information Technology,Semiconductor Materials & Equipment,163.55,212.29,126.59,178.41,180.17,183.03,183.52,169.49,0.2,21.33,198.44,167.62
APTV,Aptiv,Consumer Discretionary,Automotive Parts & Equipment,76.02,76.02,47.92,74.18,70.03,69.37,69.31,62.66,0.6,0.45,76.36,62.39
ADM,Archer Daniels Midland,Consumer Staples,Agricultural Products & Services,59.64,60.56,41.37,59.42,58.54,56.72,54.47,50.03,0.4,1.88,60.76,52.69
ANET,Arista Networks,Information Technology,Communications Equipment,137.07,141.25,64.37,138.02,136.31,126.68,110.79,100.28,0.4,8.41,148.6,104.76
T,AT&T,Communication Services,Integrated Telecommunication Services,28.91,28.91,18.23,28.68,28.29,27.97,27.81,25.41,0.4,0.03,28.92,27.02
ATO,Atmos Energy,Utilities,Gas Utilities,163.99,166.98,126.05,165.64,163.39,160.12,156.27,149.19,0.4,2.76,168.52,151.73
ADSK,Autodesk,Information Technology,Application Software,289.25,321.27,238.84,285.95,290.24,296.45,298.5,290.33,0.2,8.13,312.77,280.15
AZO,AutoZone,Consumer Discretionary,Automotive Retail,4048.61,4072.8,2981.19,4017.02,4030.14,3930.86,3778.93,3531.77,0.4,2.47,4148.61,3713.09
BALL,Ball Corporation,Materials,"Metal, Glass & Plastic Containers",53.46,67.18,44.77,53.87,53.79,56.14,56.57,54.42,0.2,14.22,61.06,51.22
BAC,Bank of America,Financials,Diversified Banks,47.9,48.93,34.19,47.46,46.54,47.05,46.67,44.04,0.2,2.86,49.27,44.83
BRK-B,Berkshire Hathaway,Financials,Multi-Sector Holdings,477.26,539.8,440.84,476.28,470.61,473.48,479.29,485.89,0.2,2.23,487.9,459.06
BLK,BlackRock,Financials,Asset Management & Custody Banks,1136.98,1160.16,811.42,1150.36,1134.77,1123.9,1072.76,995.72,0.2,2.06,1160.4,1087.35
BX,Blackstone Inc.,Financials,Asset Management & Custody Banks,169.22,194.8,118.51,173.18,170.95,172.04,158.64,157.52,0.2,5.47,178.48,165.6
BK,BNY Mellon,Financials,Asset Management & Custody Banks,101.27,103.61,63.49,102.23,102.27,101.4,95.62,84.74,0.2,2.92,104.23,98.57
BA,Boeing,Industrials,Aerospace & Defense,230.55,236.41,136.59,233.0,229.73,228.92,220.02,183.89,0.2,3.18,237.88,219.96
BKNG,Booking Holdings,Consumer Discretionary,"Hotels, Resorts & Cruise Lines",5504.42,5815.92,3590.95,5470.59,5454.94,5529.62,5560.93,5072.34,0.2,4.62,5758.72,5300.62
BSX,Boston Scientific,Health Care,Health Care Equipment,102.68,107.76,77.58,103.03,103.18,104.56,103.55,98.86,0.2,5.13,107.95,101.17
AVGO,Broadcom,Information Technology,Semiconductors,304.08,312.83,135.46,308.71,305.08,298.32,278.67,220.75,0.2,4.08,316.49,280.16
BR,Broadridge Financial Solutions,Industrials,Data Processing & Outsourced Services,260.99,266.89,204.4,261.0,263.31,255.71,245.86,235.29,0.2,4.29,272.19,239.25
BG,Bunge Global,Consumer Staples,Agricultural Products & Services,81.03,98.79,67.82,82.13,82.2,80.08,79.21,78.05,0.4,4.9,85.0,75.17
CHRW,C.H. Robinson,Industrials,Air Freight & Logistics,122.9,122.9,86.41,121.08,119.03,111.94,102.51,100.16,0.2,5.18,129.27,94.61
CDNS,Cadence Design Systems,Information Technology,Application Software,354.27,371.03,231.64,351.16,353.19,349.62,325.37,297.39,0.2,6.83,378.47,320.77
COF,Capital One,Financials,Consumer Finance,215.16,220.48,134.82,216.72,212.94,213.06,210.49,189.93,0.2,2.57,220.69,205.42
CAH,Cardinal Health,Health Care,Health Care Distributors,149.04,167.63,106.24,148.66,152.66,154.92,158.97,136.58,0.2,9.1,162.6,147.22
CARR,Carrier Global,Industrials,Building Products,66.29,81.67,55.21,66.05,66.0,69.92,72.02,69.04,0.2,22.46,81.18,58.66
CBOE,Cboe Global Markets,Financials,Financial Exchanges & Data,247.01,253.24,189.73,246.46,248.45,246.08,236.5,216.42,0.2,2.84,254.03,238.13
CBRE,CBRE Group,Real Estate,Real Estate Services,157.66,159.66,110.57,158.18,156.65,153.7,143.96,134.67,0.2,4.03,164.01,143.38
COR,Cencora,Health Care,Health Care Distributors,291.01,303.43,217.68,291.45,288.49,289.13,291.95,265.71,0.2,2.05,296.98,281.27
CF,CF Industries,Materials,Fertilizers & Agricultural Chemicals,83.64,101.88,67.67,84.53,84.92,88.7,92.22,85.16,0.2,16.91,97.78,79.62
CVX,Chevron Corporation,Energy,Integrated Oil & Gas,155.83,166.48,132.12,155.57,154.53,154.0,150.12,148.58,0.4,1.32,157.89,150.12
CI,Cigna,Health Care,Health Care Services,299.53,361.79,262.23,290.86,281.79,284.56,301.72,306.71,0.2,3.76,310.79,258.33
CTAS,Cintas,Industrials,Diversified Support Services,214.42,227.2,181.05,219.88,221.78,221.8,220.49,209.52,0.2,5.9,227.07,216.52
C,Citigroup,Financials,Diversified Banks,94.1,95.74,55.59,94.73,93.37,93.65,87.5,75.14,0.2,2.68,96.62,90.68
CFG,Citizens Financial Group,Financials,Regional Banks,48.35,49.45,33.59,48.51,47.76,48.08,45.8,42.95,0.2,2.96,49.78,46.38
CME,CME Group,Financials,Financial Exchanges & Data,271.02,289.38,196.44,273.89,278.43,278.24,275.5,253.89,0.2,5.84,286.85,269.62
CMS,CMS Energy,Utilities,Multi-Utilities,72.23,74.4,63.54,72.68,73.1,72.81,70.81,69.18,0.2,3.1,74.47,71.14
KO,Coca-Cola Company (The),Consumer Staples,Soft Drinks & Non-alcoholic Beverages,69.11,73.38,59.94,69.95,69.98,69.44,69.97,67.28,0.2,2.75,71.01,67.88
CPRT,Copart,Industrials,Diversified Support Services,47.35,63.84,45.33,47.23,46.88,46.52,47.55,55.1,0.2,0.74,47.7,45.33
CTVA,Corteva,Materials,Fertilizers & Agricultural Chemicals,72.34,77.12,52.19,71.87,71.72,72.2,73.22,64.51,0.2,2.21,73.94,70.45
COST,Costco,Consumer Staples,Consumer Staples Merchandise Retail,974.61,1073.97,866.15,978.43,975.15,956.84,971.81,970.03,0.2,2.53,999.27,914.41
CRWD,CrowdStrike,Information Technology,Systems Software,425.51,514.1,246.39,429.24,431.55,446.76,470.7,403.97,0.2,13.1,481.25,412.28
CCI,Crown Castle,Real Estate,Telecom Tower REITs,100.42,115.16,82.06,101.46,103.2,106.08,103.4,97.7,0.4,12.84,113.31,98.85
CSX,CSX Corporation,Industrials,Rail Transportation,35.96,36.46,26.58,36.11,35.81,35.57,34.03,32.17,0.2,1.22,36.4,34.75
CMI,Cummins,Industrials,Construction Machinery & Heavy Transportation Equipment,401.47,406.8,265.61,402.31,392.64,378.4,349.11,340.24,0.2,2.44,411.27,345.54
CVS,CVS Health,Health Care,Health Care Services,70.48,70.48,42.33,67.44,65.82,63.43,64.53,59.8,0.4,-1.6,69.35,57.5
DRI,Darden Restaurants,Consumer Discretionary,Restaurants,204.59,224.21,139.03,206.01,204.97,204.69,211.06,192.95,0.4,2.17,209.03,200.36
DDOG,Datadog,Information Technology,Application Software,129.38,168.65,87.0,127.76,130.48,137.74,135.26,127.42,0.2,19.59,154.73,120.76
DAY,Dayforce,Industrials,Human Resource & Employment Services,67.53,81.8,49.33,55.76,53.93,56.09,56.73,63.51,0.2,-4.75,64.32,47.87
DE,Deere & Company,Industrials,Agricultural & Farm Machinery,488.02,529.8,367.41,495.01,501.73,506.85,510.01,470.02,0.2,8.13,527.7,485.98
DELL,Dell Technologies,Information Technology,"Technology Hardware, Storage & Peripherals",137.92,142.14,70.88,139.17,136.43,133.33,125.69,112.53,0.2,3.56,142.83,123.82
DXCM,Dexcom,Health Care,Health Care Equipment,80.69,90.75,59.83,80.35,78.67,81.91,83.13,79.55,0.2,13.27,91.4,72.42
DLR,Digital Realty,Real Estate,Data Center REITs,165.64,191.46,135.17,167.32,168.81,172.88,173.43,167.53,0.2,9.99,182.19,163.57
DG,Dollar General,Consumer Staples,Consumer Staples Merchandise Retail,112.97,121.87,67.66,114.28,114.21,110.95,111.85,88.71,0.4,4.75,118.34,103.56
DLTR,Dollar Tree,Consumer Staples,Consumer Staples Merchandise Retail,113.49,117.16,61.21,114.37,115.29,114.82,106.54,82.05,0.2,3.08,116.99,112.65
D,Dominion Energy,Utilities,Multi-Utilities,60.54,62.1,49.07,61.25,61.34,60.13,57.8,55.09,0.2,4.01,62.97,57.29
DPZ,Domino's,Consumer Discretionary,Restaurants,451.5,495.6,397.58,449.1,445.94,459.87,458.69,454.79,0.2,8.52,489.97,429.79
DASH,DoorDash,Consumer Discretionary,Specialized Consumer Services,252.58,270.99,123.56,253.31,256.62,251.72,240.12,198.31,0.2,5.79,267.2,236.24
DHI,D. R. Horton,Consumer Discretionary,Homebuilding,166.49,194.88,114.44,163.96,159.33,153.22,138.58,137.17,0.2,1.1,168.32,138.12
DUK,Duke Energy,Utilities,Electric Utilities,121.42,124.85,102.96,123.02,123.58,121.58,118.17,113.76,0.2,4.19,126.51,116.65
EBAY,eBay Inc.,Consumer Discretionary,Broadline Retail,99.13,100.77,54.55,99.23,96.14,90.02,82.07,69.78,0.2,6.28,105.36,74.68
ECL,Ecolab,Materials,Specialty Chemicals,281.11,281.83,225.1,280.07,275.18,270.6,268.6,253.43,0.4,1.03,284.01,257.2
EA,Electronic Arts,Communication Services,Interactive Home Entertainment,169.15,179.01,116.21,175.83,170.96,162.5,156.38,147.87,0.4,7.87,182.46,142.54
ELV,Elevance Health,Health Care,Managed Health Care,311.97,553.55,274.66,300.78,292.49,288.68,331.14,382.32,0.4,-0.96,308.98,268.37
EMR,Emerson Electric,Industrials,Electrical Components & Equipment,131.6,149.04,93.37,132.82,133.35,139.42,135.83,122.27,0.2,15.9,152.52,126.33
ETR,Entergy,Utilities,Electric Utilities,87.74,91.02,56.86,89.68,89.72,89.01,84.77,80.38,0.2,4.43,91.63,86.4
EQT,EQT Corporation,Energy,Oil & Gas Exploration & Production,50.18,60.26,31.36,51.57,51.52,52.12,54.96,50.44,0.2,7.79,54.09,50.15
EFX,Equifax,Industrials,Research & Consulting Services,246.99,305.2,205.11,247.41,243.92,243.47,254.58,253.91,0.2,1.68,251.14,235.79
EL,Estée Lauder Companies (The),Consumer Staples,Personal Care Products,91.31,99.31,49.8,91.75,91.09,91.06,84.69,72.47,0.2,3.72,94.71,87.41
EXPE,Expedia Group,Consumer Discretionary,"Hotels, Resorts & Cruise Lines",207.13,209.68,129.25,206.93,197.71,191.48,180.83,175.93,0.4,2.06,211.4,171.57
EXPD,Expeditors International,Industrials,Air Freight & Logistics,120.15,129.72,102.14,120.57,119.01,117.12,115.72,114.43,0.2,1.7,122.19,112.04
XOM,ExxonMobil,Energy,Integrated Oil & Gas,106.65,121.0,98.11,106.26,105.87,107.65,108.97,108.21,0.2,4.96,111.94,103.36
FFIV,"F5, Inc.",Information Technology,Communications Equipment,314.21,326.47,195.57,320.06,319.74,311.94,301.59,276.24,0.2,5.46,331.37,292.53
FAST,Fastenal,Industrials,Trading Companies & Distributors,48.99,49.21,32.44,48.84,47.98,47.28,44.55,40.24,0.2,1.31,49.63,44.93
FIS,Fidelity National Information Services,Financials,Transaction & Payment Processing Services,70.23,89.62,67.79,71.43,71.04,75.84,78.65,78.12,0.2,22.03,85.7,65.98
FITB,Fifth Third Bancorp,Financials,Regional Banks,42.69,47.14,33.02,42.71,42.02,42.12,41.54,40.94,0.2,1.94,43.52,40.73
FSLR,First Solar,Information Technology,Semiconductors,220.65,255.75,120.38,194.04,189.45,185.35,172.41,165.51,0.4,-7.51,204.08,166.61
FE,FirstEnergy,Utilities,Electric Utilities,42.9,43.95,37.17,43.52,43.37,42.51,40.88,40.04,0.2,4.03,44.63,40.4
F,Ford Motor Company,Consumer Discretionary,Automobile Manufacturers,11.44,11.75,8.45,11.4,11.24,11.12,10.98,10.0,0.4,1.22,11.58,10.66
FTNT,Fortinet,Information Technology,Systems Software,80.76,114.57,73.4,78.98,81.2,91.93,98.82,98.62,0.2,44.18,116.44,67.42
FOXA,Fox Corporation (Class A),Communication Services,Broadcasting,57.76,59.89,38.55,58.25,56.27,56.21,55.72,51.86,0.2,2.8,59.38,53.03
FOX,Fox Corporation (Class B),Communication Services,Broadcasting,52.88,54.58,35.86,53.16,51.32,51.42,51.09,48.23,0.2,2.8,54.36,48.48
FCX,Freeport-McMoRan,Materials,Copper,41.81,51.16,28.93,42.27,41.54,42.12,42.86,39.82,0.4,9.71,45.87,38.36
GRMN,Garmin,Consumer Discretionary,Consumer Electronics,232.15,239.99,159.72,233.82,231.77,230.25,218.57,209.57,0.2,3.95,241.32,219.17
GEN,Gen Digital,Information Technology,Systems Software,31.36,32.16,23.4,31.67,30.51,30.27,29.91,28.14,0.4,3.64,32.5,28.03
GD,General Dynamics,Industrials,Aerospace & Defense,314.61,317.49,239.38,315.13,314.62,313.2,298.61,275.04,0.2,2.04,321.03,305.37
GM,General Motors,Consumer Discretionary,Automobile Manufacturers,56.35,59.72,42.35,55.76,54.44,53.42,51.75,50.22,0.2,0.94,56.88,49.96
GPC,Genuine Parts Company,Consumer Discretionary,Distributors,137.51,140.16,104.68,137.18,135.24,133.71,127.3,120.87,0.4,0.99,138.87,128.56
GILD,Gilead Sciences,Health Care,Biotechnology,118.01,120.47,71.47,119.11,116.85,115.18,112.04,102.44,0.4,3.39,122.01,108.35
GL,Globe Life,Financials,Life & Health Insurance,135.81,143.27,95.13,137.71,138.94,136.96,127.22,119.84,0.2,8.47,147.31,126.61
GS,Goldman Sachs,Financials,Investment Banking & Brokerage,729.44,747.2,459.93,739.09,730.13,725.65,694.42,606.01,0.2,2.48,747.53,703.79
HIG,Hartford (The),Financials,Property & Casualty Insurance,129.46,131.34,105.42,130.26,129.14,126.42,125.14,118.84,0.4,2.32,132.46,120.37
HAS,Hasbro,Consumer Discretionary,Leisure Products,81.77,81.77,50.19,80.41,78.85,77.41,74.79,63.82,0.4,-0.39,81.45,73.37
HCA,HCA Healthcare,Health Care,Health Care Facilities,393.65,412.92,295.46,392.77,383.17,366.3,371.17,342.37,0.4,2.99,405.42,327.19
HSY,Hershey Company (The),Consumer Staples,Packaged Foods & Meats,178.88,196.72,141.22,177.92,180.73,182.71,173.86,166.43,0.2,6.9,191.22,174.2
HPE,Hewlett Packard Enterprise,Information Technology,"Technology Hardware, Storage & Peripherals",21.49,24.05,12.42,21.37,20.86,20.71,19.94,19.2,0.4,0.98,21.7,19.72
HLT,Hilton Worldwide,Consumer Discretionary,"Hotels, Resorts & Cruise Lines",268.85,278.65,201.16,269.71,265.39,267.2,264.37,248.99,0.2,2.99,276.89,257.51
HON,Honeywell,Industrials,Industrial Conglomerates,216.48,239.16,180.99,216.96,216.88,220.58,226.24,216.92,0.2,7.45,232.61,208.54
HST,Host Hotels & Resorts,Real Estate,Hotel & Resort REITs,15.84,18.25,12.54,15.88,15.6,15.89,15.86,15.81,0.4,5.93,16.78,15.0
HWM,Howmet Aerospace,Industrials,Aerospace & Defense,172.9,192.01,91.19,175.57,178.11,182.03,179.68,141.34,0.2,11.46,192.71,171.34
HBAN,Huntington Bancshares,Financials,Regional Banks,16.62,17.67,12.37,16.64,16.34,16.45,16.52,15.87,0.4,2.65,17.06,15.85
HII,Huntington Ingalls Industries,Industrials,Aerospace & Defense,268.76,278.86,157.56,267.98,267.61,266.0,251.71,212.16,0.2,2.63,275.83,256.17
IBM,IBM,Information Technology,IT Consulting & Other Services,239.64,292.8,188.46,238.26,241.79,251.28,270.41,243.86,0.2,15.41,276.57,225.98
IDXX,Idexx Laboratories,Health Care,Health Care Equipment,642.24,682.78,361.04,652.64,648.96,607.09,560.48,470.03,0.4,10.68,710.83,503.32
ITW,Illinois Tool Works,Industrials,Industrial Machinery & Supplies & Components,259.39,273.51,217.09,261.67,259.25,258.72,253.56,252.5,0.2,2.49,265.85,251.59
INCY,Incyte,Health Care,Biotechnology,85.28,86.92,55.17,85.16,81.7,77.54,72.26,69.31,0.2,3.8,88.52,66.57
PODD,Insulet Corporation,Health Care,Health Care Equipment,322.09,327.47,180.69,315.49,305.12,297.17,299.02,278.22,0.6,0.44,323.51,270.83
INTC,Intel,Information Technology,Semiconductors,23.91,27.39,18.13,23.27,21.73,21.37,21.82,21.67,0.4,3.09,24.65,18.09
ICE,Intercontinental Exchange,Financials,Financial Exchanges & Data,178.63,188.45,142.02,181.33,184.25,184.17,181.87,167.22,0.2,6.12,189.56,178.78
INTU,Intuit,Information Technology,Application Software,718.0,807.39,542.39,714.11,733.6,760.23,762.31,661.16,0.2,15.31,827.93,692.57
IVZ,Invesco,Financials,Asset Management & Custody Banks,21.0,21.6,11.86,21.12,20.86,21.0,17.96,16.43,0.2,3.62,21.76,20.24
JKHY,Jack Henry & Associates,Financials,Transaction & Payment Processing Services,161.12,190.67,158.52,160.78,162.09,168.55,174.99,174.93,0.2,13.88,183.48,153.6
J,Jacobs Solutions,Industrials,Construction & Engineering,147.21,152.18,109.42,149.1,148.06,144.79,136.79,130.65,0.2,3.33,152.11,137.46
JNJ,Johnson & Johnson,Health Care,Pharmaceuticals,176.48,176.64,139.73,175.01,173.51,170.73,161.77,154.63,0.2,0.53,177.42,164.05
KDP,Keurig Dr Pepper,Consumer Staples,Soft Drinks & Non-alcoholic Beverages,34.65,36.99,29.97,34.74,34.34,33.87,33.46,32.81,0.2,1.56,35.19,32.55
KEYS,Keysight Technologies,Information Technology,Electronic Equipment & Instruments,165.14,185.11,127.02,166.07,164.01,164.54,163.53,160.6,0.2,3.12,170.29,158.8
KMI,Kinder Morgan,Energy,Oil & Gas Storage & Transportation,26.27,30.24,19.94,26.64,26.86,27.13,27.49,26.87,0.4,7.77,28.31,25.96
LHX,L3Harris,Industrials,Aerospace & Defense,272.49,278.26,192.63,270.9,272.35,272.35,261.14,230.22,0.2,2.53,279.38,265.31
LH,Labcorp,Health Care,Health Care Services,271.01,272.54,210.19,270.9,267.23,264.02,259.61,243.14,0.4,1.65,275.48,252.56
LVS,Las Vegas Sands,Consumer Discretionary,Casinos & Gaming,53.17,54.33,30.35,53.83,53.28,52.28,48.01,44.88,0.2,4.16,55.38,49.17
LDOS,Leidos,Industrials,Diversified Support Services,178.74,199.72,126.1,178.96,177.11,169.28,161.19,151.9,0.4,3.75,185.44,153.11
LIN,Linde plc,Materials,Industrial Gases,477.66,481.83,410.23,476.85,473.78,470.82,468.59,452.82,0.2,0.68,480.91,460.75
LYV,Live Nation Entertainment,Communication Services,Movies & Entertainment,162.35,162.35,92.78,160.44,155.78,153.46,149.35,138.21,0.4,0.16,162.61,144.31
LMT,Lockheed Martin,Industrials,Aerospace & Defense,441.74,602.16,410.74,438.15,433.65,426.71,451.38,469.0,0.2,0.39,443.46,409.94
L,Loews Corporation,Financials,Multi-line Insurance,94.58,95.58,76.32,94.98,94.3,92.77,91.26,86.88,0.2,1.74,96.23,89.31
MTB,M&T Bank,Financials,Regional Banks,190.05,217.42,155.42,191.67,188.93,190.57,191.55,187.86,0.4,4.21,198.05,183.09
MAR,Marriott International,Consumer Discretionary,"Hotels, Resorts & Cruise Lines",265.98,302.99,210.58,266.49,263.34,266.47,268.89,266.51,0.4,5.09,279.52,253.44
MMC,Marsh McLennan,Financials,Insurance Brokers,207.39,243.22,197.78,207.07,205.01,204.65,210.84,220.53,0.2,2.3,212.16,197.14
MLM,Martin Marietta Materials,Materials,Construction Materials,604.55,620.08,451.86,612.43,607.88,593.9,568.85,540.17,0.2,3.52,625.83,561.98
MA,Mastercard,Financials,Transaction & Payment Processing Services,582.41,589.94,463.77,579.99,574.42,569.19,564.3,544.68,0.2,0.37,584.56,553.78
MTCH,Match Group,Communication Services,Interactive Media & Services,37.97,38.74,26.87,38.01,36.92,35.49,33.13,31.8,0.4,2.9,39.07,31.91
MCK,McKesson Corporation,Health Care,Health Care Distributors,671.63,735.33,477.52,668.14,675.85,692.03,708.31,651.86,0.2,9.09,732.68,651.37
MDT,Medtronic,Health Care,Health Care Equipment,92.83,93.02,78.03,92.57,91.87,91.65,89.21,86.18,0.4,1.43,94.16,89.13
META,Meta Platforms,Communication Services,Interactive Media & Services,766.89,790.0,484.29,780.87,773.68,749.77,725.45,639.23,0.4,6.07,813.44,686.07
MTD,Mettler Toledo,Health Care,Life Sciences Tools & Services,1322.31,1499.7,970.15,1313.05,1278.04,1261.86,1218.09,1216.7,0.2,0.68,1331.3,1192.44
MU,Micron Technology,Information Technology,Semiconductors,122.95,127.79,64.66,124.23,119.34,114.76,117.73,99.44,0.4,4.39,128.35,101.17
MSFT,Microsoft,Information Technology,Systems Software,516.07,535.64,353.91,521.71,522.59,519.66,502.77,437.54,0.2,3.87,536.04,503.3
MDLZ,Mondelez International,Consumer Staples,Packaged Foods & Meats,61.89,73.6,55.34,61.8,61.92,64.87,66.49,63.81,0.2,16.46,72.08,57.66
MPWR,Monolithic Power Systems,Information Technology,Semiconductors,839.11,939.39,454.23,843.35,822.51,780.69,745.13,654.46,0.4,5.39,884.34,677.07
MNST,Monster Beverage,Consumer Staples,Soft Drinks & Non-alcoholic Beverages,63.97,64.69,46.16,64.2,62.87,61.45,61.66,56.71,0.2,2.7,65.7,57.2
MS,Morgan Stanley,Financials,Investment Banking & Brokerage,144.45,148.51,93.79,146.53,144.24,142.86,139.2,127.39,0.4,2.48,148.03,137.7
MOS,Mosaic Company (The),Materials,Fertilizers & Agricultural Chemicals,32.21,37.81,22.62,32.04,32.29,34.34,35.31,29.34,0.2,20.77,38.9,29.79
NFLX,Netflix,Communication Services,Movies & Entertainment,1243.11,1339.13,663.22,1228.47,1207.9,1191.18,1230.61,1034.06,0.4,0.22,1245.84,1136.57
NEM,Newmont,Materials,Gold,68.93,69.33,36.61,68.85,68.63,65.84,61.06,49.34,0.4,4.27,71.87,59.8
NWSA,News Corp (Class A),Communication Services,Publishing,29.55,30.38,23.97,29.45,29.18,29.27,29.11,28.17,0.2,1.39,29.96,28.57
NWS,News Corp (Class B),Communication Services,Publishing,34.2,34.89,26.94,33.99,33.68,33.63,33.49,31.92,0.4,0.47,34.36,32.89
NEE,NextEra Energy,Utilities,Multi-Utilities,75.54,83.49,63.6,73.47,72.65,72.35,72.79,71.0,0.2,0.5,75.92,68.77
NKE,"Nike, Inc.",Consumer Discretionary,"Apparel, Accessories & Luxury Goods",77.72,87.95,52.92,76.64,75.56,75.89,71.12,69.85,0.2,1.38,78.79,72.99
NDSN,Nordson Corporation,Industrials,Industrial Machinery & Supplies & Components,213.81,261.43,166.9,216.37,214.07,215.51,216.39,214.5,0.4,4.31,223.03,208.01
NSC,Norfolk Southern,Industrials,Rail Transportation,280.24,285.03,204.09,280.71,280.52,279.47,266.14,246.53,0.2,1.47,284.36,274.58
NRG,NRG Energy,Utilities,Independent Power Producers & Energy Traders,149.13,173.91,75.33,152.64,154.15,158.05,154.83,117.63,0.2,15.87,172.8,143.31
NUE,Nucor,Materials,Steel,144.64,165.5,102.79,144.33,141.41,141.85,135.56,128.91,0.2,2.18,147.79,135.91
NVDA,Nvidia,Information Technology,Semiconductors,181.76,183.16,94.3,181.8,181.22,178.02,164.33,137.06,0.2,2.65,186.58,169.45
NXPI,NXP Semiconductors,Information Technology,Semiconductors,231.2,253.51,152.79,228.42,217.47,219.35,219.82,210.15,0.2,3.06,238.27,200.42
ORLY,O’Reilly Automotive,Consumer Discretionary,Automotive Retail,101.25,104.44,73.94,101.76,102.59,100.35,94.55,88.73,0.2,4.35,105.65,95.04
ORCL,Oracle Corporation,Information Technology,Application Software,247.49,256.43,122.56,247.75,250.3,248.5,229.76,179.02,0.2,4.28,258.08,238.92
PLTR,Palantir Technologies,Information Technology,Application Software,172.97,186.97,30.16,180.5,180.71,168.53,151.56,104.06,0.2,12.27,194.19,142.85
PANW,Palo Alto Networks,Information Technology,Systems Software,176.06,208.28,152.44,175.79,172.43,181.18,191.49,187.34,0.2,17.49,206.85,155.49
PSKY,Paramount Skydance Corporation,Communication Services,Movies & Entertainment,13.6,15.0,9.8,13.53,12.28,12.65,12.55,11.48,0.4,11.25,15.13,10.16
PAYC,Paycom,Industrials,Human Resource & Employment Services,224.62,265.71,154.16,218.9,222.53,228.43,232.34,223.83,0.2,8.45,243.6,213.26
PNR,Pentair,Industrials,Industrial Machinery & Supplies & Components,105.45,109.01,75.76,106.44,104.66,103.65,102.87,97.91,0.4,2.03,107.59,99.72
PFE,Pfizer,Health Care,Pharmaceuticals,25.12,28.21,20.83,25.04,24.73,24.47,24.31,24.23,0.2,1.95,25.61,23.32
PM,Philip Morris International,Consumer Staples,Tobacco,166.1,183.57,113.44,166.41,167.18,164.82,174.19,151.14,0.4,2.97,171.03,158.62
PSX,Phillips 66,Energy,Oil & Gas Refining & Marketing,122.93,136.52,91.98,122.38,121.06,122.95,123.55,119.03,0.4,4.86,128.9,117.0
PNC,PNC Financial Services,Financials,Diversified Banks,191.6,209.23,146.94,192.41,190.5,191.84,188.17,183.4,0.2,3.56,198.42,185.27
PPL,PPL Corporation,Utilities,Electric Utilities,36.23,37.24,30.01,36.8,36.49,36.34,35.03,33.95,0.2,2.73,37.22,35.47
PTC,PTC Inc.,Information Technology,Application Software,208.39,216.41,136.74,207.03,208.05,207.27,190.11,177.99,0.2,4.05,216.83,197.71
PHM,PulteGroup,Consumer Discretionary,Homebuilding,128.67,148.13,91.82,127.84,124.3,120.6,112.1,110.59,0.4,1.39,130.46,110.74
PWR,Quanta Services,Industrials,Construction & Engineering,382.39,421.68,236.56,382.45,384.65,395.22,382.76,324.72,0.2,9.91,420.28,370.15
QCOM,Qualcomm,Information Technology,Semiconductors,159.18,175.11,123.92,157.09,151.94,153.96,155.59,155.18,0.2,4.1,165.71,142.21
DGX,Quest Diagnostics,Health Care,Health Care Services,179.38,181.25,144.81,179.06,177.12,173.78,174.26,165.86,0.4,1.74,182.5,165.06
O,Realty Income,Real Estate,Retail REITs,58.11,61.73,49.83,57.99,57.6,57.33,57.06,55.01,0.2,0.72,58.53,56.12
RF,Regions Financial Corporation,Financials,Regional Banks,25.65,26.62,18.13,25.69,25.28,25.58,24.33,23.08,0.2,4.37,26.77,24.4
RSG,Republic Services,Industrials,Environmental & Facilities Services,231.97,257.46,196.49,232.72,233.91,236.38,241.39,229.5,0.2,6.41,246.84,225.92
RMD,ResMed,Health Care,Health Care Equipment,286.94,290.83,203.67,285.39,283.78,279.64,264.32,241.99,0.2,1.77,292.02,267.24
RCL,Royal Caribbean Group,Consumer Discretionary,"Hotels, Resorts & Cruise Lines",328.24,352.84,154.84,316.2,312.05,324.47,312.82,251.26,0.4,9.36,358.96,289.97
SPGI,S&P Global,Financials,Financial Exchanges & Data,550.23,564.15,437.5,558.5,559.0,547.48,530.53,509.45,0.2,4.91,577.25,517.68
SBAC,SBA Communications,Real Estate,Telecom Tower REITs,216.3,245.74,190.85,218.11,219.26,225.21,228.98,219.29,0.4,10.52,239.05,211.37
STX,Seagate Technology,Information Technology,"Technology Hardware, Storage & Peripherals",157.71,157.71,66.19,156.08,152.96,152.49,144.57,106.47,0.2,0.91,159.15,145.84
SOLV,Solventum,Health Care,Health Care Technology,71.0,84.04,58.84,72.42,72.43,72.84,73.95,72.21,0.2,5.62,74.99,70.7
LUV,Southwest Airlines,Industrials,Passenger Airlines,31.23,37.7,23.9,31.02,30.3,31.44,32.89,31.39,0.2,15.15,35.96,26.93
STT,State Street Corporation,Financials,Asset Management & Custody Banks,110.97,113.6,74.79,111.71,111.01,111.17,106.69,96.2,0.2,2.57,113.82,108.51
STLD,Steel Dynamics,Materials,Steel,125.89,152.49,106.43,126.93,124.79,126.25,129.45,128.24,0.4,5.48,132.79,119.71
STE,Steris,Health Care,Health Care Equipment,244.78,251.96,201.46,245.46,239.31,233.3,234.64,224.48,0.4,2.49,250.88,215.71
SYF,Synchrony Financial,Financials,Consumer Finance,71.54,72.83,43.38,72.16,70.77,70.65,67.65,61.54,0.2,3.1,73.76,67.54
SNPS,Synopsys,Information Technology,Application Software,624.44,645.35,380.9,620.62,621.33,620.8,560.74,507.73,0.2,3.18,644.3,597.28
SYY,Sysco,Consumer Staples,Food Distributors,79.1,82.19,67.53,80.55,80.44,80.16,77.52,74.09,0.2,3.5,81.87,78.46
TMUS,T-Mobile US,Communication Services,Wireless Telecommunication Services,255.98,271.83,190.96,252.81,247.9,243.64,236.4,240.3,0.2,0.31,256.77,230.52
TTWO,Take-Two Interactive,Communication Services,Interactive Home Entertainment,233.75,243.05,146.38,233.56,228.74,227.05,233.41,209.09,0.6,1.17,236.48,217.62
TEL,TE Connectivity,Information Technology,Electronic Manufacturing Services,203.9,209.34,121.47,204.8,202.73,203.02,183.26,156.25,0.2,5.38,214.87,191.17
TXN,Texas Instruments,Information Technology,Semiconductors,193.84,219.66,143.34,193.68,189.65,188.68,199.53,186.32,0.6,4.65,202.85,174.5
TXT,Textron,Industrials,Aerospace & Defense,79.46,91.11,60.7,79.71,78.62,79.37,80.09,76.78,0.2,6.67,84.76,73.98
TJX,TJX Companies,Consumer Discretionary,Apparel Retail,132.87,134.6,110.06,133.02,131.96,128.88,125.79,123.23,0.4,2.03,135.57,122.19
TKO,TKO Group Holdings,Communication Services,Movies & Entertainment,185.28,191.28,113.12,188.49,176.55,172.19,171.95,153.77,0.4,4.25,193.15,151.24
TSCO,Tractor Supply,Consumer Discretionary,Other Specialty Retail,61.37,61.37,47.8,60.12,59.94,59.26,56.13,54.07,0.4,-0.15,61.28,57.25
TDG,TransDigm Group,Industrials,Aerospace & Defense,1396.57,1620.83,1205.1,1406.74,1408.03,1504.61,1501.41,1377.7,0.2,21.7,1699.63,1309.62
TRV,Travelers Companies (The),Financials,Property & Casualty Insurance,264.82,275.2,212.84,266.44,265.95,263.46,262.58,254.97,0.2,2.2,270.65,256.28
TRMB,Trimble Inc.,Information Technology,Electronic Equipment & Instruments,82.43,85.24,54.04,83.28,83.21,83.67,79.19,71.95,0.2,3.86,85.61,81.74
TFC,Truist Financial,Financials,Diversified Banks,44.26,46.42,33.92,44.49,43.61,43.85,42.86,41.98,0.2,3.43,45.78,41.91
USB,U.S. Bancorp,Financials,Diversified Banks,46.04,51.9,36.0,46.24,45.37,45.5,45.32,44.96,0.4,2.65,47.26,43.73
UBER,Uber,Industrials,Passenger Ground Transportation,94.02,97.48,59.93,92.12,91.2,90.22,90.24,77.7,0.4,0.02,94.04,86.39
ULTA,Ulta Beauty,Consumer Discretionary,Other Specialty Retail,519.14,532.71,314.47,523.01,514.45,513.59,488.99,414.5,0.2,2.13,530.2,496.97
URI,United Rentals,Industrials,Trading Companies & Distributors,914.95,932.23,549.5,918.53,889.59,875.59,802.68,731.95,0.4,3.39,945.97,805.19
UNH,UnitedHealth Group,Health Care,Managed Health Care,310.66,615.84,237.77,283.91,266.42,266.95,288.69,439.46,0.4,-0.84,308.05,225.87
VTR,Ventas,Real Estate,Health Care REITs,67.37,69.55,56.07,67.84,68.22,67.59,65.1,63.63,0.2,3.0,69.39,65.8
VLTO,Veralto,Industrials,Environmental & Facilities Services,106.91,113.22,85.23,108.08,107.68,105.91,102.71,100.43,0.2,3.11,110.23,101.58
VRSK,Verisk Analytics,Industrials,Research & Consulting Services,266.2,320.87,260.0,265.19,265.26,276.23,294.55,290.95,0.4,14.1,303.73,248.73
VZ,Verizon,Communication Services,Integrated Telecommunication Services,44.35,45.03,36.62,43.81,43.33,43.08,42.44,41.22,0.4,-0.52,44.12,42.04
VICI,Vici Properties,Real Estate,Hotel & Resort REITs,32.26,33.93,27.46,32.65,32.85,32.99,32.74,30.98,0.2,4.87,33.83,32.14
V,Visa Inc.,Financials,Transaction & Payment Processing Services,341.52,372.65,264.61,342.15,338.98,344.32,349.88,335.69,0.2,5.11,358.97,329.67
VMC,Vulcan Materials Company,Materials,Construction Materials,290.04,295.15,219.65,292.26,287.76,280.22,269.91,262.62,0.4,2.61,297.61,262.83
WRB,W. R. Berkley Corporation,Financials,Property & Casualty Insurance,70.37,74.57,55.33,70.82,70.54,69.7,70.6,65.2,0.2,1.95,71.74,67.67
WAB,Wabtec,Industrials,Construction Machinery & Heavy Transportation Equipment,189.88,214.1,157.51,191.36,190.41,193.6,202.06,194.15,0.4,9.64,208.18,179.02
WBA,Walgreens Boots Alliance,Consumer Staples,Drug Retail,11.98,12.93,8.01,11.95,11.9,11.75,11.56,10.69,0.2,0.75,12.07,11.43
WMT,Walmart,Consumer Staples,Consumer Staples Merchandise Retail,100.33,104.27,72.27,101.02,101.73,99.51,97.47,93.54,0.2,4.44,104.78,94.24
WELL,Welltower,Real Estate,Health Care REITs,162.92,168.94,113.43,163.11,165.62,164.27,157.48,144.27,0.2,4.74,170.64,157.9
WDC,Western Digital,Information Technology,"Technology Hardware, Storage & Peripherals",76.02,78.69,30.48,75.86,75.3,73.54,66.84,51.95,0.2,5.52,80.22,66.86
WSM,"Williams-Sonoma, Inc.",Consumer Discretionary,Homefurnishing Retail,201.46,215.83,126.49,205.46,203.09,194.82,176.1,173.18,0.2,6.19,213.93,175.71
WMB,Williams Companies,Energy,Oil & Gas Storage & Transportation,56.56,62.87,42.31,57.4,57.85,58.31,58.95,56.91,0.4,6.65,60.32,56.31
XYL,Xylem Inc.,Industrials,Industrial Machinery & Supplies & Components,140.64,144.62,102.53,142.05,142.65,138.93,133.02,124.42,0.2,6.53,149.82,128.04
YUM,Yum! Brands,Consumer Discretionary,Restaurants,150.33,161.74,122.07,146.43,143.81,145.0,145.65,142.39,0.4,0.23,150.68,139.33
ZTS,Zoetis,Health Care,Pharmaceuticals,153.19,194.12,143.44,152.51,149.98,150.25,154.81,162.24,0.2,1.49,155.47,145.03
