Symbol,Company,GICS_Sector,GICS_Sub_Industry,Current_Price,52_Week_High,52_Week_Low,SMA_5,SMA_10,SMA_20,SMA_50,SMA_100,SMA_125,SMA_200
MMM,3M,Industrials,Industrial Conglomerates,153.39,164.15,121.39,156.1,154.17,151.81,151.04,146.34,146.82,142.28
AOS,A. O. Smith,Industrials,Building Products,72.06,90.29,58.25,72.35,71.46,71.29,68.23,66.78,66.66,67.87
ABT,Abbott Laboratories,Health Care,Health Care Equipment,130.46,139.95,107.69,130.38,131.12,129.06,131.08,130.6,130.75,125.59
ABBV,AbbVie,Health Care,Biotechnology,206.43,214.8,159.42,203.58,200.83,195.88,190.73,187.74,191.21,185.65
ACN,Accenture,Information Technology,IT Consulting & Other Services,249.14,394.41,236.67,245.17,244.0,259.45,282.45,292.46,301.08,322.54
ADBE,Adobe Inc.,Information Technology,Application Software,356.61,587.75,330.04,349.91,344.69,354.16,372.15,377.46,386.98,418.35
AMD,Advanced Micro Devices,Information Technology,Semiconductors,176.43,186.65,76.48,178.85,174.91,172.32,151.26,126.7,122.2,124.51
AES,AES Corporation,Utilities,Independent Power Producers & Energy Traders,13.35,19.17,9.28,13.11,12.99,13.18,12.12,11.34,11.33,11.63
AFL,Aflac,Financials,Life & Health Insurance,105.41,114.16,96.67,105.07,103.65,102.21,102.61,104.13,104.6,104.73
A,Agilent Technologies,Health Care,Life Sciences Tools & Services,118.92,153.19,96.23,118.92,116.55,117.11,117.65,113.29,115.73,124.2
APD,Air Products,Materials,Industrial Gases,288.82,336.92,242.14,290.99,289.77,291.41,287.05,279.26,283.45,292.91
ABNB,Airbnb,Consumer Discretionary,"Hotels, Resorts & Cruise Lines",125.1,163.93,99.88,122.84,124.67,131.06,133.95,128.8,130.33,131.97
AKAM,Akamai Technologies,Information Technology,Internet Services & Infrastructure,75.12,106.8,67.51,74.24,73.53,76.06,77.68,77.64,78.62,85.21
ALB,Albemarle Corporation,Materials,Specialty Chemicals,83.76,112.1,49.11,81.41,76.89,75.92,69.79,64.5,66.85,76.72
ARE,Alexandria Real Estate Equities,Real Estate,Office REITs,77.37,118.73,66.16,75.33,74.93,77.17,75.42,75.22,79.32,86.55
ALGN,Align Technology,Health Care,Health Care Supplies,145.23,262.87,127.7,143.35,140.68,161.63,178.17,175.73,175.74,192.52
ALLE,Allegion,Industrials,Building Products,167.21,170.11,116.14,167.8,166.08,164.36,152.18,143.42,140.11,137.87
LNT,Alliant Energy,Utilities,Electric Utilities,64.44,66.76,54.3,64.79,65.29,65.01,62.57,61.7,61.8,60.55
ALL,Allstate,Financials,Property & Casualty Insurance,206.91,212.16,173.55,207.59,207.08,201.99,198.64,199.19,198.96,196.0
GOOGL,Alphabet Inc. (Class A),Communication Services,Interactive Media & Services,203.1,206.56,140.36,203.05,200.49,196.64,184.74,172.33,171.82,176.71
GOOG,Alphabet Inc. (Class C),Communication Services,Interactive Media & Services,203.96,208.21,142.49,203.98,201.31,197.49,185.7,173.68,173.3,178.22
MO,Altria,Consumer Staples,Tobacco,66.04,66.6,46.28,65.78,64.8,62.59,60.32,58.93,58.13,55.59
AMZN,Amazon,Consumer Discretionary,Broadline Retail,231.03,242.52,161.38,225.87,222.29,225.72,221.14,206.76,206.46,211.3
AMCR,Amcor,Materials,Paper & Plastic Packaging Products & Materials,8.52,11.04,8.25,9.14,9.35,9.47,9.4,9.29,9.4,9.51
AEE,Ameren,Utilities,Multi-Utilities,99.92,103.59,78.2,101.07,101.4,100.97,97.96,97.49,97.59,94.79
AEP,American Electric Power,Utilities,Electric Utilities,110.86,114.42,87.57,112.16,112.3,111.19,106.14,104.75,104.47,100.46
AXP,American Express,Financials,Consumer Finance,305.87,329.14,219.87,305.83,300.97,302.86,306.52,289.83,287.51,291.77
AIG,American International Group,Financials,Multi-line Insurance,80.33,87.61,68.55,79.8,78.99,78.93,81.78,82.08,81.75,78.66
AMT,American Tower,Real Estate,Telecom Tower REITs,203.37,235.86,169.77,204.34,206.33,213.4,216.84,215.08,212.73,204.03
AWK,American Water Works,Utilities,Water Utilities,142.85,153.69,116.64,143.2,143.06,142.12,141.06,141.95,141.07,135.67
AMP,Ameriprise Financial,Financials,Asset Management & Custody Banks,503.55,576.69,393.57,509.32,507.01,512.6,519.93,502.06,502.48,516.85
AME,Ametek,Industrials,Electrical Components & Equipment,181.6,197.35,144.77,183.92,183.69,182.17,180.54,175.15,176.41,179.7
AMGN,Amgen,Health Care,Biotechnology,293.98,332.94,249.07,291.01,289.78,296.4,293.23,287.77,292.17,287.0
APH,Amphenol,Information Technology,Electronic Components,110.97,112.35,56.35,110.52,109.84,107.36,101.12,88.74,83.99,79.13
ADI,Analog Devices,Information Technology,Semiconductors,232.61,247.73,157.93,234.02,228.26,228.09,233.27,216.5,217.15,215.84
AON,Aon plc,Financials,Insurance Brokers,367.26,411.24,322.37,367.07,366.02,362.16,357.43,361.88,368.66,369.03
APA,APA Corporation,Energy,Oil & Gas Exploration & Production,20.47,28.41,13.18,20.49,19.85,19.48,19.23,17.96,18.35,19.68
APO,Apollo Global Management,Financials,Asset Management & Custody Banks,139.33,188.28,102.22,140.99,142.16,144.67,142.71,137.2,138.1,148.13
AAPL,Apple Inc.,Information Technology,"Technology Hardware, Storage & Peripherals",231.22,259.18,168.8,231.71,225.03,217.59,209.99,206.81,211.27,220.5
AMAT,Applied Materials,Information Technology,Semiconductor Materials & Equipment,163.64,214.09,123.39,178.42,180.18,183.04,183.52,167.65,165.53,169.49
APTV,Aptiv,Consumer Discretionary,Automotive Parts & Equipment,76.04,76.14,47.19,74.19,70.03,69.38,69.31,64.63,64.61,62.66
ACGL,Arch Capital Group,Financials,Property & Casualty Insurance,90.55,110.75,82.49,90.09,89.65,88.59,89.44,91.22,91.27,92.34
ADM,Archer Daniels Midland,Consumer Staples,Agricultural Products & Services,59.56,60.72,40.56,59.4,58.53,56.72,54.47,50.86,50.05,50.03
ANET,Arista Networks,Information Technology,Communications Equipment,137.2,141.99,59.43,138.05,136.32,126.69,110.79,97.02,95.17,100.28
AJG,Arthur J. Gallagher & Co.,Financials,Insurance Brokers,294.53,350.53,272.64,293.28,290.68,294.68,307.8,320.54,322.39,311.88
AIZ,Assurant,Financials,Multi-line Insurance,210.43,227.97,174.28,211.77,206.85,196.63,195.07,195.74,197.78,202.64
T,AT&T,Communication Services,Integrated Telecommunication Services,28.91,29.15,18.12,28.68,28.29,27.97,27.81,27.45,27.19,25.41
ATO,Atmos Energy,Utilities,Gas Utilities,163.9,167.44,124.49,165.62,163.38,160.12,156.26,155.63,154.22,149.19
ADSK,Autodesk,Information Technology,Application Software,289.34,326.62,232.67,285.97,290.25,296.46,298.5,287.83,284.12,290.33
ADP,Automatic Data Processing,Industrials,Human Resource & Employment Services,301.75,328.29,256.54,301.96,302.39,304.23,305.84,305.22,304.49,301.09
AZO,AutoZone,Consumer Discretionary,Automotive Retail,4049.24,4094.69,2898.57,4017.15,4030.21,3930.89,3778.95,3743.73,3701.42,3531.78
AVB,AvalonBay Communities,Real Estate,Multi-Family Residential REITs,188.96,233.48,178.86,189.37,187.98,192.13,198.71,200.83,203.31,208.97
AVY,Avery Dennison,Materials,Paper & Plastic Packaging Products & Materials,173.21,221.17,156.18,175.97,172.83,173.09,176.59,175.3,176.29,182.14
AXON,Axon Enterprise,Industrials,Aerospace & Defense,788.78,885.92,346.71,765.39,808.99,770.83,774.14,704.73,671.84,648.0
BKR,Baker Hughes,Energy,Oil & Gas Equipment & Services,42.8,48.6,31.55,42.82,43.11,43.57,40.65,39.21,40.04,40.94
BALL,Ball Corporation,Materials,"Metal, Glass & Plastic Containers",53.42,67.39,43.35,53.86,53.79,56.14,56.57,53.75,53.28,54.42
BAC,Bank of America,Financials,Diversified Banks,47.95,49.31,32.88,47.47,46.54,47.05,46.67,43.69,43.42,44.04
BAX,Baxter International,Health Care,Health Care Equipment,23.67,39.87,21.33,24.08,23.64,25.1,28.03,29.2,30.22,30.68
BDX,Becton Dickinson,Health Care,Health Care Equipment,195.9,249.34,162.35,195.55,190.07,185.7,178.67,184.09,192.4,205.75
BBY,Best Buy,Consumer Discretionary,Computer & Electronics Retail,71.59,99.71,54.24,71.59,69.74,68.21,69.16,68.01,70.0,75.53
TECH,Bio-Techne,Health Care,Life Sciences Tools & Services,53.72,80.64,45.94,53.72,52.38,54.41,52.71,51.72,53.81,61.16
BIIB,Biogen,Health Care,Biotechnology,136.98,207.59,110.04,134.93,132.33,131.11,130.36,127.34,130.28,139.07
BLK,BlackRock,Financials,Asset Management & Custody Banks,1137.69,1171.89,769.66,1150.5,1134.84,1123.93,1072.77,998.89,988.11,995.73
BX,Blackstone Inc.,Financials,Asset Management & Custody Banks,169.29,196.67,114.16,173.19,170.96,172.04,158.64,146.93,147.33,157.52
XYZ,"Block, Inc.",Financials,Transaction & Payment Processing Services,76.76,99.26,44.27,76.02,75.48,76.9,70.87,63.43,63.26,72.19
BK,BNY Mellon,Financials,Asset Management & Custody Banks,101.4,104.47,63.02,102.25,102.28,101.4,95.62,89.07,88.06,84.74
BA,Boeing,Industrials,Aerospace & Defense,230.89,242.69,128.88,233.06,229.76,228.94,220.03,201.25,194.77,183.89
BKNG,Booking Holdings,Consumer Discretionary,"Hotels, Resorts & Cruise Lines",5512.14,5839.41,3564.57,5472.13,5455.71,5530.0,5561.09,5262.82,5156.36,5072.38
BSX,Boston Scientific,Health Care,Health Care Equipment,102.96,108.94,76.6,103.08,103.2,104.58,103.56,102.2,101.96,98.86
BMY,Bristol Myers Squibb,Health Care,Pharmaceuticals,48.22,61.84,42.96,47.77,46.68,46.72,47.05,48.3,50.24,52.21
AVGO,Broadcom,Information Technology,Semiconductors,303.97,317.35,133.38,308.69,305.07,298.31,278.67,239.67,231.0,220.75
BR,Broadridge Financial Solutions,Industrials,Data Processing & Outsourced Services,261.07,271.91,203.77,261.02,263.32,255.72,245.86,240.98,239.54,235.29
BRO,Brown & Brown,Financials,Insurance Brokers,94.67,125.31,90.24,95.13,93.92,95.7,102.71,108.47,110.22,108.73
BLDR,Builders FirstSource,Industrials,Building Products,136.14,203.14,102.6,138.6,134.89,133.22,125.65,121.15,123.64,139.24
BG,Bunge Global,Consumer Staples,Agricultural Products & Services,80.93,99.21,66.18,82.11,82.19,80.08,79.21,78.24,77.17,78.05
BXP,"BXP, Inc.",Real Estate,Office REITs,65.19,86.38,53.45,65.0,64.82,66.78,68.54,66.42,66.4,69.12
CHRW,C.H. Robinson,Industrials,Air Freight & Logistics,122.85,122.95,84.13,121.07,119.03,111.94,102.51,98.0,98.1,100.16
CDNS,Cadence Design Systems,Information Technology,Application Software,354.4,376.45,221.56,351.19,353.21,349.62,325.37,305.16,294.47,297.39
CZR,Caesars Entertainment,Consumer Discretionary,Casinos & Gaming,25.53,45.93,21.4,25.35,24.9,26.53,27.87,27.41,28.05,31.2
CPT,Camden Property Trust,Real Estate,Multi-Family Residential REITs,106.19,124.31,101.41,106.18,106.16,109.03,112.12,113.39,114.49,114.62
CPB,Campbell's Company (The),Consumer Staples,Packaged Foods & Meats,32.35,50.77,29.39,32.38,32.47,32.47,31.89,33.92,34.88,37.08
COF,Capital One,Financials,Consumer Finance,215.26,231.82,129.97,216.74,212.95,213.06,210.5,195.3,192.64,189.93
CAH,Cardinal Health,Health Care,Health Care Distributors,149.24,168.44,103.38,148.7,152.68,154.93,158.97,150.86,146.2,136.58
KMX,CarMax,Consumer Discretionary,Automotive Retail,58.32,91.25,54.53,57.9,56.8,57.99,63.05,65.61,67.9,73.13
CCL,Carnival,Consumer Discretionary,"Hotels, Resorts & Cruise Lines",30.05,31.01,15.04,30.07,29.48,29.66,27.93,24.1,23.65,24.26
CARR,Carrier Global,Industrials,Building Products,66.28,82.31,53.89,66.04,66.0,69.92,72.02,69.04,68.36,69.04
CAT,Caterpillar Inc.,Industrials,Construction Machinery & Heavy Transportation Equipment,412.01,441.15,265.05,412.74,416.78,423.67,398.89,360.08,355.57,363.13
CBOE,Cboe Global Markets,Financials,Financial Exchanges & Data,246.89,255.27,186.22,246.44,248.44,246.07,236.5,228.68,225.35,216.42
CBRE,CBRE Group,Real Estate,Real Estate Services,157.71,161.03,108.45,158.19,156.66,153.71,143.96,134.06,134.0,134.67
CDW,CDW Corporation,Information Technology,Technology Distributors,165.93,229.02,136.84,165.46,164.3,171.29,174.74,170.94,171.43,176.24
COR,Cencora,Health Care,Health Care Distributors,290.98,308.18,216.84,291.44,288.49,289.13,291.95,288.27,281.61,265.71
CNC,Centene Corporation,Health Care,Managed Health Care,28.95,80.59,25.08,27.52,26.48,26.68,37.4,48.73,50.74,54.47
CNP,CenterPoint Energy,Utilities,Multi-Utilities,37.69,39.39,24.93,38.27,38.51,38.35,37.1,37.09,36.55,34.56
CF,CF Industries,Materials,Fertilizers & Agricultural Chemicals,83.73,103.84,66.56,84.55,84.93,88.71,92.22,86.37,84.45,85.16
CRL,Charles River Laboratories,Health Care,Life Sciences Tools & Services,157.91,230.02,91.86,155.63,154.34,163.34,156.85,143.49,148.42,161.51
SCHW,Charles Schwab Corporation,Financials,Investment Banking & Brokerage,96.45,99.42,60.38,96.92,96.77,96.69,92.94,87.11,85.12,82.27
CHTR,Charter Communications,Communication Services,Cable & Satellite,266.33,437.06,254.67,265.89,263.16,288.5,352.93,365.88,365.29,365.57
CVX,Chevron Corporation,Energy,Integrated Oil & Gas,155.59,166.93,130.45,155.52,154.5,153.99,150.12,145.33,147.42,148.57
CMG,Chipotle Mexican Grill,Consumer Discretionary,Restaurants,44.04,66.74,41.18,43.03,42.75,44.8,50.29,50.22,50.43,53.9
CB,Chubb Limited,Financials,Property & Casualty Insurance,272.62,305.88,250.52,273.48,271.62,270.33,277.9,282.96,283.14,279.69
CHD,Church & Dwight,Consumer Staples,Household Products,92.92,115.72,90.22,92.61,92.04,93.74,95.67,97.52,99.66,101.76
CI,Cigna,Health Care,Health Care Services,299.19,365.71,256.89,290.79,281.76,284.55,301.71,312.26,311.88,306.71
CINF,Cincinnati Financial,Financials,Property & Casualty Insurance,149.85,158.92,122.28,152.09,151.64,150.4,148.39,144.93,144.11,143.69
CTAS,Cintas,Industrials,Diversified Support Services,214.38,228.77,179.74,219.87,221.78,221.79,220.49,216.03,212.63,209.52
CSCO,Cisco,Information Technology,Communications Equipment,66.76,72.55,46.57,68.81,69.31,68.74,67.78,63.61,63.21,61.4
C,Citigroup,Financials,Diversified Banks,94.19,96.28,54.51,94.75,93.38,93.65,87.5,78.3,77.19,75.14
CFG,Citizens Financial Group,Financials,Regional Banks,48.36,49.55,31.96,48.51,47.76,48.08,45.8,41.94,41.94,42.95
CLX,Clorox,Consumer Staples,Household Products,119.81,166.9,116.17,121.61,122.56,124.48,123.72,129.8,133.24,142.22
CME,CME Group,Financials,Financial Exchanges & Data,271.31,289.46,195.35,273.95,278.46,278.25,275.51,272.84,269.26,253.9
CMS,CMS Energy,Utilities,Multi-Utilities,72.19,75.33,62.54,72.67,73.09,72.8,70.81,70.97,71.09,69.18
KO,Coca-Cola Company (The),Consumer Staples,Soft Drinks & Non-alcoholic Beverages,69.06,73.85,59.75,69.94,69.98,69.44,69.97,70.43,70.23,67.28
CTSH,Cognizant,Information Technology,IT Consulting & Other Services,70.26,90.17,65.27,69.76,69.75,72.12,75.79,75.77,76.98,77.9
COIN,Coinbase,Financials,Financial Exchanges & Data,322.13,444.65,142.58,322.84,315.67,344.32,338.43,274.41,260.89,268.49
CL,Colgate-Palmolive,Consumer Staples,Household Products,84.43,106.9,82.4,85.09,84.7,85.53,87.82,89.52,89.63,89.65
CMCSA,Comcast,Communication Services,Cable & Satellite,33.49,44.12,31.03,32.98,32.43,33.08,34.21,34.26,34.49,35.92
CAG,Conagra Brands,Consumer Staples,Packaged Foods & Meats,19.13,31.36,18.18,19.35,19.23,19.01,19.82,21.75,22.4,23.66
COP,ConocoPhillips,Energy,Oil & Gas Exploration & Production,94.02,113.49,79.21,95.09,94.18,94.65,93.44,91.64,92.59,96.06
ED,Consolidated Edison,Utilities,Multi-Utilities,99.82,112.97,85.07,101.99,102.76,102.44,100.94,103.54,103.11,98.93
STZ,Constellation Brands,Consumer Staples,Distillers & Vintners,166.48,255.51,158.43,168.91,169.69,170.84,168.04,175.43,175.71,188.64
CEG,Constellation Energy,Utilities,Electric Utilities,321.32,357.0,161.13,327.19,332.17,333.01,319.8,282.98,273.7,270.1
COO,Cooper Companies (The),Health Care,Health Care Supplies,74.06,112.38,65.0,73.54,71.58,72.12,72.0,75.55,77.51,84.88
CPRT,Copart,Industrials,Diversified Support Services,47.42,64.38,45.05,47.24,46.89,46.52,47.55,52.88,53.25,55.1
GLW,Corning Inc.,Information Technology,Electronic Components,65.62,66.5,37.1,65.66,65.1,62.03,55.94,50.58,50.04,49.47
CPAY,Corpay,Financials,Transaction & Payment Processing Services,315.35,400.81,269.02,315.84,312.28,321.45,327.53,326.99,332.06,343.49
CTVA,Corteva,Materials,Fertilizers & Agricultural Chemicals,72.29,77.41,51.83,71.86,71.72,72.19,73.22,68.6,67.14,64.51
CSGP,CoStar Group,Real Estate,Real Estate Services,88.82,97.43,68.26,88.49,91.77,92.58,86.34,81.76,80.97,78.71
COST,Costco,Consumer Staples,Consumer Staples Merchandise Retail,974.82,1075.34,862.73,978.47,975.17,956.85,971.82,979.72,978.57,970.03
CTRA,Coterra,Energy,Oil & Gas Exploration & Production,23.28,29.29,21.55,23.83,23.84,23.75,24.69,24.83,25.25,25.4
CRWD,CrowdStrike,Information Technology,Systems Software,425.47,517.98,242.25,429.23,431.55,446.76,470.69,441.06,427.34,403.97
CCI,Crown Castle,Real Estate,Telecom Tower REITs,100.42,115.8,81.93,101.46,103.2,106.08,103.4,101.98,100.63,97.7
CSX,CSX Corporation,Industrials,Rail Transportation,35.92,36.68,26.11,36.1,35.81,35.57,34.03,31.62,31.44,32.17
CMI,Cummins,Industrials,Construction Machinery & Heavy Transportation Equipment,401.49,408.38,258.55,402.31,392.64,378.4,349.11,327.08,330.13,340.24
CVS,CVS Health,Health Care,Health Care Services,70.3,71.73,42.12,67.41,65.8,63.42,64.52,64.48,64.44,59.8
DHR,Danaher Corporation,Health Care,Life Sciences Tools & Services,210.49,278.43,170.73,209.3,203.95,202.06,200.01,196.51,198.91,211.24
DRI,Darden Restaurants,Consumer Discretionary,Restaurants,204.92,226.68,137.54,206.08,205.0,204.7,211.07,206.49,203.49,192.95
DDOG,Datadog,Information Technology,Application Software,129.2,170.08,81.63,127.73,130.47,137.73,135.25,120.23,118.28,127.42
DVA,DaVita,Health Care,Health Care Services,134.06,179.6,126.07,134.12,132.52,138.34,139.55,141.52,142.44,148.98
DAY,Dayforce,Industrials,Human Resource & Employment Services,67.97,82.69,48.01,55.85,53.98,56.11,56.74,56.96,57.37,63.52
DECK,Deckers Brands,Consumer Discretionary,Footwear,105.99,223.98,93.72,104.61,103.87,106.2,104.67,108.87,113.12,142.46
DE,Deere & Company,Industrials,Agricultural & Farm Machinery,488.15,532.1,352.93,495.04,501.74,506.86,510.01,494.07,490.72,470.02
DELL,Dell Technologies,Information Technology,"Technology Hardware, Storage & Peripherals",138.06,145.54,65.56,139.2,136.45,133.34,125.69,110.96,108.83,112.53
DAL,Delta Air Lines,Industrials,Passenger Airlines,61.19,69.36,34.52,59.65,56.6,55.32,52.76,48.7,49.58,54.61
DVN,Devon Energy,Energy,Oil & Gas Exploration & Production,33.63,44.6,25.71,33.62,33.14,33.15,33.2,32.38,32.94,33.77
DXCM,Dexcom,Health Care,Health Care Equipment,80.79,93.25,57.52,80.37,78.68,81.92,83.13,79.53,79.5,79.55
FANG,Diamondback Energy,Energy,Oil & Gas Exploration & Production,139.12,195.31,112.4,139.32,140.15,143.15,142.49,139.53,141.52,150.97
DLR,Digital Realty,Real Estate,Data Center REITs,165.5,193.72,129.05,167.29,168.8,172.87,173.43,165.31,162.76,167.53
DG,Dollar General,Consumer Staples,Consumer Staples Merchandise Retail,112.93,123.68,65.67,114.28,114.21,110.95,111.85,102.58,97.52,88.71
DLTR,Dollar Tree,Consumer Staples,Consumer Staples Merchandise Retail,112.38,118.06,60.49,113.99,114.96,114.82,106.85,94.32,89.3,82.28
D,Dominion Energy,Utilities,Multi-Utilities,60.51,62.26,47.5,61.25,61.33,60.13,57.8,55.92,55.64,55.09
DPZ,Domino's,Consumer Discretionary,Restaurants,451.67,497.15,390.2,449.14,445.96,459.88,458.7,465.25,464.08,454.79
DASH,DoorDash,Consumer Discretionary,Specialized Consumer Services,253.0,278.15,122.32,253.39,256.66,251.74,240.13,215.8,211.04,198.31
DOV,Dover Corporation,Industrials,Industrial Machinery & Supplies & Components,177.08,221.09,142.63,178.77,176.81,180.25,182.21,177.19,179.36,185.73
DOW,Dow Inc.,Materials,Commodity Chemicals,23.42,52.49,20.4,22.96,22.22,23.71,26.65,27.86,29.55,33.5
DHI,D. R. Horton,Consumer Discretionary,Homebuilding,166.35,197.64,109.8,163.94,159.31,153.21,138.57,130.47,130.0,137.17
DTE,DTE Energy,Utilities,Multi-Utilities,137.52,141.54,112.71,139.55,139.68,139.03,135.46,134.69,134.06,128.51
DUK,Duke Energy,Utilities,Electric Utilities,121.36,126.75,102.41,123.01,123.57,121.58,118.17,117.52,117.06,113.76
DD,DuPont,Materials,Specialty Chemicals,73.22,88.67,53.45,73.17,72.05,72.97,71.81,68.9,70.73,73.78
EMN,Eastman Chemical Company,Materials,Specialty Chemicals,65.83,111.31,56.78,65.55,63.4,68.33,73.97,76.52,79.85,85.7
ETN,Eaton Corporation,Industrials,Electrical Components & Equipment,353.09,399.56,231.05,356.0,357.77,371.57,357.83,326.99,319.58,328.54
EBAY,eBay Inc.,Consumer Discretionary,Broadline Retail,99.2,101.15,53.86,99.24,96.15,90.02,82.07,75.25,73.52,69.78
ECL,Ecolab,Materials,Specialty Chemicals,281.12,282.67,221.08,280.08,275.18,270.6,268.6,259.13,259.25,253.43
EIX,Edison International,Utilities,Electric Utilities,55.72,85.03,46.98,55.9,55.36,53.96,51.74,53.61,53.64,59.86
EW,Edwards Lifesciences,Health Care,Health Care Equipment,78.36,83.0,64.01,77.88,78.17,78.48,77.24,75.58,74.69,73.42
EA,Electronic Arts,Communication Services,Interactive Home Entertainment,169.04,180.9,114.9,175.8,170.95,162.5,156.37,151.2,148.22,147.87
ELV,Elevance Health,Health Care,Managed Health Care,311.26,558.44,273.71,300.63,292.41,288.65,331.13,370.46,377.63,382.31
EMR,Emerson Electric,Industrials,Electrical Components & Equipment,131.61,149.68,89.31,132.82,133.35,139.42,135.83,122.53,121.06,122.27
ENPH,Enphase Energy,Information Technology,Semiconductor Materials & Equipment,36.27,130.08,29.89,34.22,32.99,33.86,38.09,43.6,47.16,55.31
ETR,Entergy,Utilities,Electric Utilities,87.71,91.79,56.54,89.68,89.72,89.01,84.77,83.4,83.37,80.38
EOG,EOG Resources,Energy,Oil & Gas Exploration & Production,117.88,135.49,100.76,118.83,117.76,118.58,119.38,115.69,117.43,120.62
EPAM,EPAM Systems,Information Technology,IT Consulting & Other Services,164.64,269.0,138.15,159.08,156.36,160.34,168.03,166.87,172.85,197.75
EQT,EQT Corporation,Energy,Oil & Gas Exploration & Production,50.23,60.83,30.48,51.58,51.52,52.12,54.96,53.72,52.99,50.44
EFX,Equifax,Industrials,Research & Consulting Services,246.98,308.07,199.6,247.41,243.92,243.47,254.58,252.57,250.5,253.91
EQIX,Equinix,Real Estate,Data Center REITs,775.74,983.59,697.65,780.75,778.8,785.64,808.94,822.44,832.34,866.03
EQR,Equity Residential,Real Estate,Multi-Family Residential REITs,63.58,76.06,58.81,63.58,63.41,64.68,66.37,67.32,67.85,68.67
ERIE,Erie Indemnity,Financials,Insurance Brokers,362.02,539.84,331.01,365.65,361.47,359.63,353.62,366.05,375.98,387.94
ESS,Essex Property Trust,Real Estate,Multi-Family Residential REITs,257.95,310.81,241.65,257.25,256.18,266.73,276.9,277.9,281.36,282.65
EL,Estée Lauder Companies (The),Consumer Staples,Personal Care Products,91.34,101.93,48.12,91.75,91.09,91.06,84.69,72.85,72.19,72.47
EG,Everest Group,Financials,Reinsurance,331.25,400.59,318.14,333.04,330.99,332.05,335.19,341.11,342.71,348.12
EVRG,Evergy,Utilities,Electric Utilities,71.16,73.97,55.88,72.36,72.58,71.42,69.51,68.02,67.69,65.35
ES,Eversource Energy,Utilities,Electric Utilities,64.4,67.09,51.64,65.51,65.55,65.86,65.07,62.66,62.22,60.61
EXC,Exelon,Utilities,Electric Utilities,43.92,47.26,34.98,44.6,44.67,44.26,43.28,43.86,43.66,41.45
EXE,Expand Energy,Energy,Oil & Gas Exploration & Production,93.2,121.47,66.93,94.55,96.5,97.77,105.88,106.65,105.46,102.03
EXPE,Expedia Group,Consumer Discretionary,"Hotels, Resorts & Cruise Lines",207.13,213.0,125.89,206.93,197.71,191.48,180.83,170.62,172.92,175.93
EXPD,Expeditors International,Industrials,Air Freight & Logistics,120.15,129.91,99.78,120.57,119.01,117.12,115.72,113.49,114.2,114.43
EXR,Extra Space Storage,Real Estate,Self-Storage REITs,136.65,178.97,119.72,136.82,137.06,141.78,145.83,144.46,145.33,148.3
XOM,ExxonMobil,Energy,Integrated Oil & Gas,106.6,121.93,96.01,106.25,105.87,107.65,108.97,107.08,107.49,108.21
FFIV,"F5, Inc.",Information Technology,Communications Equipment,314.63,334.0,193.7,320.15,319.79,311.96,301.6,286.09,284.71,276.24
FDS,FactSet,Financials,Financial Exchanges & Data,371.27,496.49,365.76,372.56,378.89,394.63,419.24,429.83,432.72,447.38
FICO,Fair Isaac,Information Technology,Application Software,1362.26,2402.52,1300.0,1335.52,1338.01,1411.83,1605.3,1751.19,1763.97,1878.0
FAST,Fastenal,Industrials,Trading Companies & Distributors,48.99,49.26,31.89,48.84,47.97,47.28,44.55,42.18,41.28,40.24
FRT,Federal Realty Investment Trust,Real Estate,Retail REITs,93.85,114.28,79.72,93.77,93.05,93.35,94.11,93.63,94.61,99.5
FDX,FedEx,Industrials,Air Freight & Logistics,227.93,303.39,193.05,229.44,227.34,229.08,228.82,223.2,228.11,245.35
FIS,Fidelity National Information Services,Financials,Transaction & Payment Processing Services,70.34,90.63,66.18,71.46,71.05,75.84,78.65,77.43,76.03,78.12
FITB,Fifth Third Bancorp,Financials,Regional Banks,42.69,47.75,31.96,42.71,42.02,42.12,41.54,39.09,39.28,40.94
FSLR,First Solar,Information Technology,Semiconductors,220.78,262.72,116.56,194.07,189.46,185.35,172.41,157.49,153.67,165.51
FE,FirstEnergy,Utilities,Electric Utilities,42.88,43.97,36.81,43.51,43.37,42.51,40.88,40.85,40.49,40.04
FI,Fiserv,Financials,Transaction & Payment Processing Services,136.98,238.59,128.22,134.98,134.14,138.31,156.33,172.54,182.78,193.62
F,Ford Motor Company,Consumer Discretionary,Automobile Manufacturers,11.44,11.81,8.21,11.4,11.24,11.12,10.98,10.4,10.2,10.0
FTNT,Fortinet,Information Technology,Systems Software,80.87,114.82,70.12,79.01,81.21,91.94,98.83,99.48,100.18,98.62
FTV,Fortive,Industrials,Industrial Machinery & Supplies & Components,47.94,62.72,45.45,48.06,47.75,48.79,51.19,51.73,52.98,54.91
FOXA,Fox Corporation (Class A),Communication Services,Broadcasting,57.74,60.24,38.38,58.25,56.27,56.2,55.72,53.95,54.13,51.86
FOX,Fox Corporation (Class B),Communication Services,Broadcasting,52.85,54.93,35.71,53.15,51.32,51.42,51.09,49.68,49.95,48.23
BEN,Franklin Resources,Financials,Asset Management & Custody Banks,25.09,26.08,16.03,25.55,25.34,24.94,24.06,21.81,21.32,20.87
FCX,Freeport-McMoRan,Materials,Copper,41.81,51.85,27.45,42.27,41.54,42.12,42.86,39.77,39.38,39.82
GRMN,Garmin,Consumer Discretionary,Consumer Electronics,232.14,244.52,159.09,233.81,231.77,230.25,218.57,207.73,209.75,209.57
IT,Gartner,Information Technology,IT Consulting & Other Services,239.25,584.01,223.65,238.61,236.54,292.16,353.71,388.01,404.73,446.43
GE,GE Aerospace,Industrials,Aerospace & Defense,268.54,281.5,158.81,270.92,272.12,270.71,258.19,233.84,227.19,209.97
GEHC,GE HealthCare,Health Care,Health Care Equipment,73.57,94.71,57.59,74.07,72.72,73.7,73.82,71.66,74.47,78.13
GEV,GE Vernova,Industrials,Heavy Electrical Equipment,621.55,677.29,172.73,632.1,642.05,639.1,565.34,473.97,443.3,408.12
GEN,Gen Digital,Information Technology,Systems Software,31.35,32.22,22.64,31.67,30.51,30.27,29.91,28.23,28.04,28.14
GNRC,Generac,Industrials,Electrical Components & Equipment,198.9,203.25,99.5,199.68,197.59,183.1,157.36,138.4,137.55,148.19
GD,General Dynamics,Industrials,Aerospace & Defense,314.61,322.5,236.67,315.13,314.62,313.2,298.61,284.78,279.03,275.04
GIS,General Mills,Consumer Staples,Packaged Foods & Meats,49.33,72.88,48.59,49.51,49.53,49.78,51.0,53.19,54.38,56.95
GM,General Motors,Consumer Discretionary,Automobile Manufacturers,56.33,60.75,41.47,55.76,54.43,53.42,51.75,49.31,49.06,50.22
GPC,Genuine Parts Company,Consumer Discretionary,Distributors,137.49,140.8,103.16,137.17,135.23,133.71,127.3,123.09,122.75,120.87
GILD,Gilead Sciences,Health Care,Biotechnology,118.12,121.83,70.61,119.13,116.86,115.18,112.04,108.57,108.95,102.44
GPN,Global Payments,Financials,Transaction & Payment Processing Services,86.4,119.03,65.72,85.85,83.7,83.01,80.73,80.8,84.45,94.45
GL,Globe Life,Financials,Life & Health Insurance,135.89,144.0,94.26,137.72,138.95,136.96,127.22,124.55,124.6,119.84
GDDY,GoDaddy,Information Technology,Internet Services & Infrastructure,143.63,216.0,132.51,143.39,144.46,154.23,166.94,173.47,174.16,182.85
GS,Goldman Sachs,Financials,Investment Banking & Brokerage,729.25,749.05,437.2,739.05,730.11,725.64,694.41,624.48,615.24,606.01
HAL,Halliburton,Energy,Oil & Gas Equipment & Services,21.36,31.9,18.56,21.2,21.12,21.67,21.63,21.3,22.06,24.22
HIG,Hartford (The),Financials,Property & Casualty Insurance,129.45,131.98,104.05,130.26,129.14,126.42,125.14,124.17,122.68,118.84
HAS,Hasbro,Consumer Discretionary,Leisure Products,81.82,81.83,48.5,80.42,78.85,77.41,74.79,67.53,66.5,63.82
HCA,HCA Healthcare,Health Care,Health Care Facilities,394.1,414.51,288.77,392.86,383.21,366.32,371.18,362.33,354.32,342.38
DOC,Healthpeak Properties,Real Estate,Health Care REITs,17.19,22.19,16.45,17.14,17.04,17.37,17.55,17.66,18.08,18.85
HSIC,Henry Schein,Health Care,Health Care Distributors,67.61,82.49,60.56,67.97,66.89,68.76,70.65,69.31,69.98,71.32
HSY,Hershey Company (The),Consumer Staples,Packaged Foods & Meats,178.84,202.98,136.73,177.91,180.72,182.71,173.86,167.8,168.28,166.43
HPE,Hewlett Packard Enterprise,Information Technology,"Technology Hardware, Storage & Peripherals",21.52,24.28,11.88,21.38,20.87,20.71,19.94,18.01,17.92,19.2
HLT,Hilton Worldwide,Consumer Discretionary,"Hotels, Resorts & Cruise Lines",268.98,279.46,195.92,269.73,265.4,267.21,264.37,248.43,247.93,248.99
HOLX,Hologic,Health Care,Health Care Equipment,67.71,84.39,51.9,68.1,67.92,67.09,65.67,62.11,62.25,66.63
HD,Home Depot (The),Consumer Discretionary,Home Improvement Retail,395.24,431.63,324.29,399.62,393.19,383.82,371.34,365.87,366.64,379.77
HON,Honeywell,Industrials,Industrial Conglomerates,216.43,240.47,177.52,216.95,216.87,220.57,226.24,217.77,215.86,216.92
HRL,Hormel Foods,Consumer Staples,Packaged Foods & Meats,28.24,32.84,27.07,28.55,28.49,28.62,29.55,29.62,29.45,29.66
HST,Host Hotels & Resorts,Real Estate,Hotel & Resort REITs,15.85,18.53,12.06,15.88,15.6,15.89,15.86,15.08,15.11,15.81
HWM,Howmet Aerospace,Industrials,Aerospace & Defense,173.07,193.13,90.47,175.6,178.12,182.04,179.68,162.48,156.01,141.34
HPQ,HP Inc.,Information Technology,"Technology Hardware, Storage & Peripherals",26.85,38.63,20.97,26.85,26.13,25.74,25.22,25.46,26.38,29.13
HUBB,Hubbell Incorporated,Industrials,Industrial Machinery & Supplies & Components,430.82,476.65,298.43,434.45,427.75,430.87,416.26,387.63,380.75,400.02
HUM,Humana,Health Care,Managed Health Care,288.73,377.69,206.87,282.68,271.4,255.97,243.13,248.4,250.68,259.07
HBAN,Huntington Bancshares,Financials,Regional Banks,16.62,17.91,11.8,16.64,16.34,16.45,16.52,15.57,15.48,15.87
HII,Huntington Ingalls Industries,Industrials,Aerospace & Defense,268.51,293.14,156.7,267.93,267.59,265.99,251.71,234.7,225.31,212.16
IBM,IBM,Information Technology,IT Consulting & Other Services,239.7,294.17,187.56,238.27,241.8,251.28,270.41,258.14,256.43,243.86
IEX,IDEX Corporation,Industrials,Industrial Machinery & Supplies & Components,164.53,235.67,152.2,165.86,162.52,168.91,175.12,175.71,177.93,192.07
IDXX,Idexx Laboratories,Health Care,Health Care Equipment,642.42,688.12,356.14,652.68,648.98,607.09,560.48,509.31,494.13,470.03
ITW,Illinois Tool Works,Industrials,Industrial Machinery & Supplies & Components,259.38,274.77,213.36,261.66,259.25,258.72,253.56,246.6,248.54,252.5
INCY,Incyte,Health Care,Biotechnology,85.36,87.24,53.56,85.18,81.7,77.55,72.26,66.82,67.1,69.31
IR,Ingersoll Rand,Industrials,Industrial Machinery & Supplies & Components,78.82,105.95,65.58,79.3,77.92,81.26,83.24,80.46,80.97,86.66
PODD,Insulet Corporation,Health Care,Health Care Equipment,322.25,329.33,180.31,315.52,305.14,297.18,299.02,289.87,285.01,278.22
INTC,Intel,Information Technology,Semiconductors,23.91,27.55,17.67,23.27,21.73,21.37,21.82,21.26,21.66,21.67
ICE,Intercontinental Exchange,Financials,Financial Exchanges & Data,178.71,189.35,141.51,181.35,184.25,184.17,181.87,175.52,174.48,167.22
IFF,International Flavors & Fragrances,Materials,Specialty Chemicals,65.54,105.18,62.33,65.63,65.62,69.78,73.24,74.22,75.27,79.56
IP,International Paper,Materials,Paper & Plastic Packaging Products & Materials,46.87,58.71,42.44,47.37,46.97,49.24,48.64,47.9,48.76,50.91
IPG,Interpublic Group of Companies (The),Communication Services,Advertising,26.17,32.2,22.2,25.92,25.39,25.38,24.69,24.53,24.93,26.05
INTU,Intuit,Information Technology,Application Software,717.98,813.7,531.0,714.11,733.6,760.23,762.31,702.14,680.55,661.16
ISRG,Intuitive Surgical,Health Care,Health Care Equipment,481.32,616.0,425.0,479.84,476.2,484.92,508.47,514.64,518.52,530.56
IVZ,Invesco,Financials,Asset Management & Custody Banks,21.0,21.64,11.33,21.12,20.86,21.0,17.96,15.97,15.94,16.43
INVH,Invitation Homes,Real Estate,Single-Family Residential REITs,30.08,36.53,29.11,30.29,30.22,30.86,32.0,32.7,32.72,32.3
IQV,IQVIA,Health Care,Life Sciences Tools & Services,192.9,252.88,134.65,189.91,184.99,188.32,170.88,160.81,166.15,179.71
IRM,Iron Mountain,Real Estate,Other Specialized REITs,90.81,127.24,71.77,91.96,91.7,94.77,98.25,94.31,92.95,98.76
JBHT,J.B. Hunt,Industrials,Cargo Ground Transportation,142.79,198.61,122.01,143.87,142.23,144.16,145.23,141.29,144.19,156.32
JBL,Jabil,Information Technology,Electronic Manufacturing Services,215.52,232.75,99.48,219.48,220.48,222.03,213.61,181.41,174.37,163.6
JKHY,Jack Henry & Associates,Financials,Transaction & Payment Processing Services,161.19,195.38,157.8,160.8,162.09,168.55,174.99,175.77,175.63,174.93
J,Jacobs Solutions,Industrials,Construction & Engineering,147.22,152.4,104.91,149.1,148.06,144.79,136.79,129.03,127.83,130.65
JNJ,Johnson & Johnson,Health Care,Pharmaceuticals,176.66,177.57,138.38,175.04,173.52,170.74,161.78,157.61,158.57,154.63
JCI,Johnson Controls,Industrials,Building Products,105.6,112.63,66.5,105.31,105.16,106.43,105.51,96.33,93.46,88.8
JPM,JPMorgan Chase,Financials,Diversified Banks,290.86,301.29,196.2,291.78,290.69,293.25,285.73,266.25,262.04,255.76
K,Kellanova,Consumer Staples,Packaged Foods & Meats,80.06,82.65,77.7,80.14,80.06,79.99,79.86,80.86,81.03,80.61
KVUE,Kenvue,Consumer Staples,Personal Care Products,21.23,24.71,19.2,21.38,21.33,21.66,21.36,22.13,22.27,21.98
KDP,Keurig Dr Pepper,Consumer Staples,Soft Drinks & Non-alcoholic Beverages,34.62,37.26,29.71,34.73,34.33,33.87,33.46,33.64,33.53,32.81
KEY,KeyCorp,Financials,Regional Banks,18.11,19.33,12.56,18.12,17.83,18.06,17.6,16.34,16.28,16.75
KEYS,Keysight Technologies,Information Technology,Electronic Equipment & Instruments,165.32,186.2,121.43,166.1,164.03,164.55,163.53,156.42,157.04,160.6
KMB,Kimberly-Clark,Consumer Staples,Household Products,131.56,149.05,121.86,133.27,134.43,131.23,130.5,133.46,134.52,132.54
KIM,Kimco Realty,Real Estate,Retail REITs,21.17,24.97,17.71,21.24,21.16,21.4,21.27,20.85,20.86,21.66
KMI,Kinder Morgan,Energy,Oil & Gas Storage & Transportation,26.29,30.49,19.68,26.65,26.86,27.13,27.49,27.2,27.04,26.87
KKR,KKR & Co.,Financials,Asset Management & Custody Banks,141.1,169.7,85.9,144.83,143.7,145.93,137.68,125.85,125.05,134.93
KLAC,KLA Corporation,Information Technology,Semiconductor Materials & Equipment,882.85,959.26,550.01,919.64,910.69,907.4,900.82,804.4,786.04,745.93
KHC,Kraft Heinz,Consumer Staples,Packaged Foods & Meats,27.25,35.08,25.44,27.59,27.51,27.86,27.05,27.58,28.06,28.7
KR,Kroger,Consumer Staples,Food Retail,69.96,74.52,49.68,70.34,71.76,71.22,70.11,69.29,68.3,65.04
LHX,L3Harris,Industrials,Aerospace & Defense,272.43,280.52,191.09,270.89,272.34,272.35,261.14,241.17,234.28,230.22
LH,Labcorp,Health Care,Health Care Services,270.96,283.47,208.77,270.89,267.23,264.02,259.61,248.14,247.38,243.14
LRCX,Lam Research,Information Technology,Semiconductor Materials & Equipment,98.74,108.02,56.18,103.53,101.32,99.45,97.35,85.91,84.41,81.32
LW,Lamb Weston,Consumer Staples,Packaged Foods & Meats,54.38,82.35,47.25,54.21,53.1,54.95,53.42,53.1,52.83,58.52
LVS,Las Vegas Sands,Consumer Discretionary,Casinos & Gaming,53.22,55.65,29.84,53.84,53.28,52.28,48.01,42.79,42.91,44.88
LDOS,Leidos,Industrials,Diversified Support Services,178.74,201.22,122.92,178.96,177.11,169.28,161.19,153.43,149.28,151.9
LEN,Lennar,Consumer Discretionary,Homebuilding,131.78,184.74,97.54,129.91,124.99,120.29,114.27,111.11,112.74,124.37
LII,Lennox International,Industrials,Building Products,599.43,689.44,497.88,598.49,594.88,613.99,592.28,575.77,578.96,596.38
LLY,Lilly (Eli),Health Care,Pharmaceuticals,697.97,965.15,622.41,675.84,678.58,728.23,761.1,767.58,786.64,789.01
LIN,Linde plc,Materials,Industrial Gases,477.89,482.86,407.35,476.89,473.8,470.83,468.6,460.63,460.12,452.82
LYV,Live Nation Entertainment,Communication Services,Movies & Entertainment,162.43,163.0,92.57,160.45,155.78,153.47,149.35,141.81,140.03,138.21
LKQ,LKQ Corporation,Consumer Discretionary,Distributors,30.87,43.77,28.65,30.93,30.16,31.01,35.0,37.53,38.21,37.73
LMT,Lockheed Martin,Industrials,Aerospace & Defense,441.52,606.41,410.11,438.11,433.63,426.7,451.37,457.12,455.81,469.0
L,Loews Corporation,Financials,Multi-line Insurance,94.59,96.1,75.0,94.98,94.3,92.77,91.26,89.38,88.63,86.88
LOW,Lowe's,Consumer Discretionary,Home Improvement Retail,251.21,281.56,204.22,251.5,245.28,236.53,226.64,224.99,226.78,238.06
LULU,Lululemon Athletica,Consumer Discretionary,"Apparel, Accessories & Luxury Goods",198.46,423.32,185.95,194.7,194.21,204.12,226.55,258.2,275.2,308.81
LYB,LyondellBasell,Materials,Specialty Chemicals,53.14,93.74,47.55,52.61,51.21,55.8,58.81,58.27,61.1,66.3
MTB,M&T Bank,Financials,Regional Banks,189.88,221.09,149.64,191.64,188.92,190.56,191.54,181.96,181.69,187.86
MPC,Marathon Petroleum,Energy,Oil & Gas Refining & Marketing,162.58,183.1,114.45,161.62,162.04,167.04,169.14,156.56,154.22,151.67
MKTX,MarketAxess,Financials,Financial Exchanges & Data,187.48,293.7,183.0,188.47,189.77,199.66,211.72,214.85,212.62,221.46
MAR,Marriott International,Consumer Discretionary,"Hotels, Resorts & Cruise Lines",266.1,306.04,204.87,266.51,263.35,266.48,268.89,257.05,257.69,266.51
MMC,Marsh McLennan,Financials,Insurance Brokers,207.41,246.94,196.27,207.07,205.01,204.65,210.84,219.59,222.07,220.53
MLM,Martin Marietta Materials,Materials,Construction Materials,604.35,630.45,441.31,612.39,607.86,593.89,568.85,543.6,531.06,540.17
MAS,Masco,Industrials,Building Products,73.36,85.23,56.02,73.26,71.22,69.26,66.2,64.57,66.11,70.1
MA,Mastercard,Financials,Transaction & Payment Processing Services,582.83,593.91,459.26,580.07,574.47,569.21,564.3,556.29,554.26,544.68
MTCH,Match Group,Communication Services,Interactive Media & Services,37.98,39.2,26.24,38.02,36.92,35.49,33.13,31.31,31.31,31.8
MKC,McCormick & Company,Consumer Staples,Packaged Foods & Meats,68.54,85.22,68.42,69.63,69.75,70.62,72.4,73.68,75.05,75.3
MCD,McDonald's,Consumer Discretionary,Restaurants,308.73,324.48,265.61,306.66,305.75,303.02,298.75,304.95,304.79,299.08
MCK,McKesson Corporation,Health Care,Health Care Distributors,671.52,737.89,462.92,668.11,675.84,692.03,708.31,702.69,690.1,651.86
MDT,Medtronic,Health Care,Health Care Equipment,92.86,94.71,77.57,92.57,91.87,91.65,89.21,86.47,87.2,86.18
MRK,Merck & Co.,Health Care,Pharmaceuticals,84.16,116.37,72.58,82.83,81.55,81.78,81.12,80.21,82.35,87.46
META,Meta Platforms,Communication Services,Interactive Media & Services,767.31,796.25,479.43,780.95,773.72,749.79,725.46,656.69,651.84,639.24
MET,MetLife,Financials,Life & Health Insurance,77.5,87.17,64.24,77.33,76.29,76.21,77.41,76.69,77.53,79.09
MTD,Mettler Toledo,Health Care,Life Sciences Tools & Services,1322.31,1521.01,946.69,1313.05,1278.04,1261.86,1218.09,1160.72,1179.37,1216.7
MGM,MGM Resorts,Consumer Discretionary,Casinos & Gaming,36.22,42.54,25.3,36.06,35.36,36.37,35.78,33.43,33.41,34.26
MCHP,Microchip Technology,Information Technology,Semiconductors,65.37,80.85,33.87,65.46,64.97,67.21,69.57,59.7,58.99,59.43
MU,Micron Technology,Information Technology,Semiconductors,123.09,129.73,61.48,124.25,119.36,114.77,117.73,101.14,100.07,99.44
MSFT,Microsoft,Information Technology,Systems Software,516.21,555.45,344.16,521.73,522.6,519.67,502.77,458.58,445.4,437.54
MAA,Mid-America Apartment Communities,Real Estate,Multi-Family Residential REITs,140.31,170.0,137.32,139.88,140.29,144.26,146.76,151.86,153.69,152.71
MRNA,Moderna,Health Care,Biotechnology,28.17,91.99,23.15,27.09,26.78,29.34,29.2,27.86,29.03,33.55
MHK,Mohawk Industries,Consumer Discretionary,Home Furnishings,127.29,164.29,96.24,128.53,124.53,121.15,112.27,108.97,110.29,117.2
MOH,Molina Healthcare,Health Care,Managed Health Care,170.31,365.23,151.95,163.19,158.92,161.99,222.05,271.58,278.83,286.96
TAP,Molson Coors Beverage Company,Consumer Staples,Brewers,51.2,64.07,46.94,51.32,50.65,50.39,49.89,53.34,54.56,55.35
MDLZ,Mondelez International,Consumer Staples,Packaged Foods & Meats,61.9,73.95,53.2,61.8,61.92,64.87,66.49,66.29,65.85,63.81
MPWR,Monolithic Power Systems,Information Technology,Semiconductors,840.78,951.76,437.93,843.68,822.68,780.77,745.16,677.02,664.6,654.46
MNST,Monster Beverage,Consumer Staples,Soft Drinks & Non-alcoholic Beverages,63.97,66.75,45.7,64.2,62.87,61.45,61.66,60.97,59.73,56.71
MCO,Moody's Corporation,Financials,Financial Exchanges & Data,510.17,528.95,377.3,516.46,515.2,512.17,498.69,477.43,476.58,478.02
MS,Morgan Stanley,Financials,Investment Banking & Brokerage,144.54,149.08,91.36,146.55,144.25,142.87,139.2,128.42,127.04,127.39
MOS,Mosaic Company (The),Materials,Fertilizers & Agricultural Chemicals,32.19,38.23,22.14,32.03,32.29,34.34,35.31,32.84,31.37,29.34
MSI,Motorola Solutions,Information Technology,Communications Equipment,460.41,503.98,387.87,464.75,455.94,443.56,426.71,423.5,423.26,441.01
MSCI,MSCI Inc.,Financials,Financial Exchanges & Data,558.08,636.39,483.67,558.61,553.19,551.06,559.98,554.84,556.74,570.1
NDAQ,"Nasdaq, Inc.",Financials,Financial Exchanges & Data,94.07,97.63,64.64,95.17,95.9,94.99,90.87,83.94,82.57,81.19
NTAP,NetApp,Information Technology,"Technology Hardware, Storage & Peripherals",109.17,133.34,71.49,108.94,106.6,105.63,105.09,98.06,98.55,106.35
NFLX,Netflix,Communication Services,Movies & Entertainment,1243.11,1341.15,659.8,1228.47,1207.9,1191.18,1230.61,1154.52,1114.93,1034.06
NEM,Newmont,Materials,Gold,68.94,70.29,36.47,68.85,68.63,65.84,61.06,56.36,54.05,49.34
NWSA,News Corp (Class A),Communication Services,Publishing,29.55,30.75,23.38,29.45,29.18,29.27,29.11,28.13,28.05,28.17
NWS,News Corp (Class B),Communication Services,Publishing,34.19,35.58,26.25,33.99,33.68,33.63,33.49,32.38,32.21,31.92
NEE,NextEra Energy,Utilities,Multi-Utilities,75.54,84.15,61.22,73.47,72.65,72.35,72.79,70.51,70.52,71.0
NKE,"Nike, Inc.",Consumer Discretionary,"Apparel, Accessories & Luxury Goods",77.71,89.11,51.93,76.63,75.56,75.89,71.12,65.13,67.06,69.85
NI,NiSource,Utilities,Multi-Utilities,41.74,43.51,30.51,42.26,42.28,42.15,40.59,39.66,39.53,38.27
NDSN,Nordson Corporation,Industrials,Industrial Machinery & Supplies & Components,213.84,263.91,164.43,216.37,214.07,215.51,216.39,204.88,205.58,214.5
NSC,Norfolk Southern,Industrials,Rail Transportation,280.22,286.71,199.43,280.71,280.52,279.46,266.14,247.23,245.02,246.53
NTRS,Northern Trust,Financials,Asset Management & Custody Banks,126.86,133.0,81.05,126.94,126.19,127.46,123.25,110.33,108.87,107.44
NOC,Northrop Grumman,Industrials,Aerospace & Defense,586.47,594.68,422.32,583.41,584.5,579.15,533.57,511.69,503.76,494.6
NCLH,Norwegian Cruise Line Holdings,Consumer Discretionary,"Hotels, Resorts & Cruise Lines",24.69,29.29,14.21,24.47,24.44,24.28,22.11,19.88,20.2,22.61
NRG,NRG Energy,Utilities,Independent Power Producers & Energy Traders,149.34,175.96,74.96,152.69,154.17,158.06,154.84,138.04,130.18,117.64
NUE,Nucor,Materials,Steel,144.74,168.24,97.18,144.35,141.42,141.85,135.56,125.0,126.18,128.91
NVDA,Nvidia,Information Technology,Semiconductors,181.97,184.48,86.61,181.84,181.24,178.03,164.34,141.09,137.0,137.06
NVR,"NVR, Inc.",Consumer Discretionary,Homebuilding,8186.22,9964.77,6562.85,8175.74,8013.82,7900.54,7589.18,7371.02,7350.02,7775.6
NXPI,NXP Semiconductors,Information Technology,Semiconductors,231.32,254.98,147.4,228.44,217.48,219.36,219.82,204.09,206.18,210.16
ORLY,O’Reilly Automotive,Consumer Discretionary,Automotive Retail,101.29,104.86,73.11,101.77,102.59,100.35,94.55,93.22,92.39,88.73
OXY,Occidental Petroleum,Energy,Oil & Gas Exploration & Production,44.28,57.35,34.59,44.51,43.98,44.14,44.1,42.77,43.72,45.63
ODFL,Old Dominion,Industrials,Cargo Ground Transportation,150.82,232.21,140.91,151.15,148.57,153.09,159.19,159.33,162.12,176.09
OMC,Omnicom Group,Communication Services,Advertising,76.39,104.25,68.37,75.65,74.24,74.29,72.88,73.73,75.15,80.87
ON,ON Semiconductor,Information Technology,Semiconductors,50.84,78.61,31.04,51.09,49.2,53.13,54.41,47.42,47.25,53.0
OKE,Oneok,Energy,Oil & Gas Storage & Transportation,73.11,113.92,72.75,74.24,74.57,77.59,79.26,81.41,83.95,90.04
ORCL,Oracle Corporation,Information Technology,Application Software,247.53,260.87,118.18,247.76,250.3,248.5,229.76,188.23,182.12,179.02
OTIS,Otis Worldwide,Industrials,Industrial Machinery & Supplies & Components,87.94,105.86,83.85,87.8,87.1,87.64,93.52,94.94,95.9,95.83
PCAR,Paccar,Industrials,Construction Machinery & Heavy Transportation Equipment,98.42,114.66,84.08,99.06,98.05,98.53,96.13,94.08,95.81,100.18
PKG,Packaging Corporation of America,Materials,Paper & Plastic Packaging Products & Materials,194.2,246.22,171.6,196.78,195.75,198.28,196.82,192.46,194.2,206.77
PLTR,Palantir Technologies,Information Technology,Application Software,173.25,190.0,29.31,180.56,180.74,168.54,151.57,130.07,121.76,104.06
PANW,Palo Alto Networks,Information Technology,Systems Software,176.15,210.39,144.15,175.81,172.44,181.18,191.49,185.95,185.89,187.34
PSKY,Paramount Skydance Corporation,Communication Services,Movies & Entertainment,13.62,17.53,9.78,13.54,12.29,12.65,12.55,12.03,11.93,11.48
PH,Parker Hannifin,Industrials,Industrial Machinery & Supplies & Components,734.81,763.99,487.08,744.84,732.0,730.34,706.13,661.74,656.91,661.88
PAYX,Paychex,Industrials,Human Resource & Employment Services,137.63,160.03,121.21,137.4,138.55,141.62,144.65,146.74,146.68,144.44
PAYC,Paycom,Industrials,Human Resource & Employment Services,224.62,267.76,152.34,218.9,222.53,228.43,232.34,233.33,229.61,223.83
PYPL,PayPal,Financials,Transaction & Payment Processing Services,69.7,93.66,55.85,69.38,68.71,70.94,72.52,69.78,69.98,75.79
PNR,Pentair,Industrials,Industrial Machinery & Supplies & Components,105.45,109.84,73.85,106.44,104.66,103.65,102.87,96.78,95.32,97.91
PEP,PepsiCo,Consumer Staples,Soft Drinks & Non-alcoholic Beverages,149.35,174.44,126.36,148.92,145.88,144.18,137.69,136.76,139.16,143.64
PFE,Pfizer,Health Care,Pharmaceuticals,25.14,28.43,20.18,25.04,24.73,24.47,24.31,23.42,23.78,24.23
PCG,PG&E Corporation,Utilities,Multi-Utilities,15.1,21.62,12.97,15.23,15.16,14.6,14.15,15.57,15.72,16.88
PM,Philip Morris International,Consumer Staples,Tobacco,166.26,185.29,112.21,166.44,167.2,164.83,174.19,169.99,166.19,151.14
PSX,Phillips 66,Energy,Oil & Gas Refining & Marketing,122.91,137.05,90.14,122.37,121.06,122.95,123.55,116.51,118.2,119.03
PNW,Pinnacle West Capital,Utilities,Multi-Utilities,90.43,94.64,79.08,91.84,92.3,91.38,90.05,90.51,90.51,88.64
PNC,PNC Financial Services,Financials,Diversified Banks,191.61,210.46,142.39,192.42,190.5,191.84,188.17,176.35,176.43,183.4
POOL,Pool Corporation,Consumer Discretionary,Distributors,317.25,391.14,281.15,321.25,314.29,314.53,303.61,304.09,310.32,325.4
PPG,PPG Industries,Materials,Specialty Chemicals,111.16,133.97,89.08,111.26,108.48,109.39,111.68,108.83,109.45,112.92
PPL,PPL Corporation,Utilities,Electric Utilities,36.25,37.31,29.79,36.8,36.49,36.34,35.03,34.96,34.81,33.95
PFG,Principal Financial Group,Financials,Life & Health Insurance,77.6,89.5,67.72,77.78,77.05,77.97,78.43,77.5,78.74,79.37
PG,Procter & Gamble,Consumer Staples,Personal Care Products,155.45,177.66,149.91,154.81,153.94,154.58,156.63,159.82,161.51,162.87
PGR,Progressive Corporation,Financials,Property & Casualty Insurance,247.3,292.77,228.37,247.53,246.48,245.3,253.35,265.11,267.56,259.72
PLD,Prologis,Real Estate,Industrial REITs,105.64,128.08,84.54,105.82,105.79,106.97,107.01,105.39,107.43,108.7
PRU,Prudential Financial,Financials,Life & Health Insurance,106.26,127.36,89.25,106.28,104.59,104.0,104.9,103.86,104.89,109.63
PEG,Public Service Enterprise Group,Utilities,Electric Utilities,84.22,93.08,74.08,86.37,86.76,87.39,84.2,81.96,81.74,82.98
PTC,PTC Inc.,Information Technology,Application Software,208.49,219.69,133.38,207.05,208.06,207.27,190.11,174.16,171.52,177.99
PSA,Public Storage,Real Estate,Self-Storage REITs,281.04,359.28,254.04,281.71,281.72,283.58,288.66,290.94,292.28,297.62
PHM,PulteGroup,Consumer Discretionary,Homebuilding,128.62,148.55,87.88,127.83,124.29,120.6,112.1,106.09,105.69,110.59
PWR,Quanta Services,Industrials,Construction & Engineering,382.74,424.94,227.02,382.52,384.68,395.24,382.77,342.29,326.06,324.72
QCOM,Qualcomm,Information Technology,Semiconductors,159.23,179.1,120.08,157.1,151.95,153.96,155.59,149.94,151.45,155.18
DGX,Quest Diagnostics,Health Care,Health Care Services,179.37,181.56,144.09,179.06,177.12,173.78,174.26,172.49,171.92,165.86
RL,Ralph Lauren Corporation,Consumer Discretionary,"Apparel, Accessories & Luxury Goods",289.38,306.34,159.07,294.44,293.46,295.67,284.18,260.85,257.41,247.66
RJF,Raymond James Financial,Financials,Investment Banking & Brokerage,164.2,173.13,112.35,164.88,165.06,165.45,158.12,149.35,148.59,152.79
RTX,RTX Corporation,Industrials,Aerospace & Defense,155.1,158.09,111.21,154.69,154.75,155.09,148.94,138.88,136.83,130.13
O,Realty Income,Real Estate,Retail REITs,58.11,61.9,49.76,57.99,57.6,57.33,57.06,56.22,56.06,55.01
REG,Regency Centers,Real Estate,Retail REITs,70.57,76.68,62.82,71.32,71.96,71.68,70.93,70.97,71.28,71.36
REGN,Regeneron Pharmaceuticals,Health Care,Biotechnology,576.14,1207.86,476.49,568.12,563.44,562.13,544.47,560.62,585.99,642.41
RF,Regions Financial Corporation,Financials,Regional Banks,25.64,27.09,17.53,25.69,25.28,25.58,24.33,22.46,22.38,23.08
RSG,Republic Services,Industrials,Environmental & Facilities Services,232.15,258.14,195.62,232.76,233.92,236.39,241.39,243.41,241.22,229.5
RMD,ResMed,Health Care,Health Care Equipment,286.85,292.47,199.07,285.37,283.77,279.63,264.32,248.02,243.73,241.98
RVTY,Revvity,Health Care,Health Care Equipment,90.16,129.23,85.12,89.86,88.3,91.45,94.58,94.64,98.12,105.2
ROK,Rockwell Automation,Industrials,Electrical Components & Equipment,341.44,360.92,214.09,344.0,339.02,346.24,339.07,304.4,298.14,292.34
ROL,"Rollins, Inc.",Industrials,Environmental & Facilities Services,57.15,58.93,44.94,57.58,57.93,57.51,56.67,56.05,55.13,52.55
ROP,Roper Technologies,Information Technology,Electronic Equipment & Instruments,532.24,593.46,498.03,525.78,530.72,543.24,553.89,559.64,562.93,556.17
ROST,Ross Stores,Consumer Discretionary,Apparel Retail,146.44,161.83,122.01,147.81,146.42,142.32,135.71,137.71,136.48,140.34
RCL,Royal Caribbean Group,Consumer Discretionary,"Hotels, Resorts & Cruise Lines",328.38,355.91,152.4,316.23,312.06,324.47,312.83,267.88,259.18,251.26
SPGI,S&P Global,Financials,Financial Exchanges & Data,550.04,579.05,426.35,558.46,558.98,547.47,530.52,512.55,511.83,509.45
CRM,Salesforce,Information Technology,Application Software,243.45,367.42,226.48,237.59,239.87,251.51,260.17,263.83,269.02,292.53
SBAC,SBA Communications,Real Estate,Telecom Tower REITs,216.36,249.02,190.65,218.12,219.26,225.21,228.98,227.92,225.61,219.29
SLB,Schlumberger,Energy,Oil & Gas Equipment & Services,33.35,45.17,30.85,33.21,33.04,33.81,34.58,34.77,35.94,37.63
STX,Seagate Technology,Information Technology,"Technology Hardware, Storage & Peripherals",157.84,158.67,62.86,156.1,152.98,152.5,144.58,118.44,113.14,106.47
SRE,Sempra,Utilities,Multi-Utilities,80.57,93.45,61.37,81.6,81.67,81.27,77.52,75.27,74.56,78.42
NOW,ServiceNow,Information Technology,Systems Software,884.09,1198.09,678.66,863.78,873.93,918.0,964.95,939.19,927.01,974.37
SHW,Sherwin-Williams,Materials,Specialty Chemicals,359.2,397.81,307.5,362.75,356.94,347.63,345.99,345.72,346.07,351.99
SPG,Simon Property Group,Real Estate,Retail REITs,172.59,185.37,134.57,171.97,169.32,167.19,163.5,159.86,162.0,165.69
SWKS,Skyworks Solutions,Information Technology,Semiconductors,74.46,107.64,47.45,73.94,71.5,71.2,72.96,68.55,68.29,74.36
SJM,J.M. Smucker Company (The),Consumer Staples,Packaged Foods & Meats,111.25,121.73,92.38,110.9,110.03,109.04,103.79,108.07,108.21,107.54
SW,Smurfit Westrock,Materials,Paper & Plastic Packaging Products & Materials,42.67,55.46,36.31,43.43,43.27,44.79,44.43,43.32,44.08,47.03
SNA,Snap-on,Industrials,Industrial Machinery & Supplies & Components,323.09,369.12,263.88,326.64,324.24,324.89,319.97,319.81,322.28,330.53
SOLV,Solventum,Health Care,Health Care Technology,71.07,85.92,57.86,72.43,72.44,72.85,73.95,71.98,72.93,72.21
SO,Southern Company,Utilities,Electric Utilities,92.97,96.44,79.12,94.0,94.37,94.74,92.56,90.94,90.49,87.91
LUV,Southwest Airlines,Industrials,Passenger Airlines,31.21,37.96,23.68,31.02,30.3,31.44,32.89,31.22,31.16,31.39
SWK,Stanley Black & Decker,Industrials,Industrial Machinery & Supplies & Components,75.12,107.4,53.22,74.2,71.55,71.09,69.61,66.89,70.05,75.26
SBUX,Starbucks,Consumer Discretionary,Restaurants,92.71,115.87,74.48,92.42,91.32,91.66,92.12,88.47,91.59,93.71
STT,State Street Corporation,Financials,Asset Management & Custody Banks,110.96,114.28,72.29,111.71,111.01,111.16,106.69,97.9,96.52,96.2
STLD,Steel Dynamics,Materials,Steel,125.93,153.72,102.78,126.93,124.79,126.25,129.45,127.75,127.63,128.24
STE,Steris,Health Care,Health Care Equipment,244.81,252.2,199.99,245.47,239.31,233.3,234.64,232.0,230.44,224.48
SYK,Stryker Corporation,Health Care,Health Care Equipment,381.4,404.87,328.46,379.48,378.38,386.69,386.58,378.26,378.25,377.74
SMCI,Supermicro,Information Technology,"Technology Hardware, Storage & Peripherals",46.1,66.44,17.25,45.89,47.0,51.59,48.85,42.64,42.77,39.04
SYF,Synchrony Financial,Financials,Consumer Finance,71.51,73.44,40.15,72.16,70.77,70.65,67.65,60.43,59.54,61.54
SNPS,Synopsys,Information Technology,Application Software,623.95,651.73,365.74,620.52,621.28,620.78,560.73,508.78,497.8,507.72
SYY,Sysco,Consumer Staples,Food Distributors,79.11,82.64,66.65,80.55,80.44,80.16,77.52,74.46,74.09,74.09
TMUS,T-Mobile US,Communication Services,Wireless Telecommunication Services,256.22,275.47,190.22,252.86,247.92,243.65,236.41,242.82,246.52,240.3
TROW,T. Rowe Price,Financials,Asset Management & Custody Banks,106.39,121.15,76.8,108.02,106.55,105.95,100.96,95.44,95.79,101.97
TTWO,Take-Two Interactive,Communication Services,Interactive Home Entertainment,233.84,245.08,145.5,233.58,228.75,227.05,233.41,226.84,223.3,209.09
TPR,"Tapestry, Inc.",Consumer Discretionary,"Apparel, Accessories & Luxury Goods",99.66,114.05,37.23,104.1,106.97,107.7,96.91,84.76,83.31,76.23
TRGP,Targa Resources,Energy,Oil & Gas Storage & Transportation,161.82,215.2,137.98,165.06,165.01,165.01,167.5,167.97,172.79,179.4
TGT,Target Corporation,Consumer Staples,Consumer Staples Merchandise Retail,104.75,161.18,85.44,104.5,103.98,103.41,100.78,97.68,100.61,112.84
TEL,TE Connectivity,Information Technology,Electronic Manufacturing Services,203.9,212.76,115.79,204.8,202.73,203.02,183.26,164.79,161.57,156.25
TDY,Teledyne Technologies,Information Technology,Electronic Equipment & Instruments,535.87,570.56,409.06,543.74,545.79,548.71,527.38,503.38,502.13,494.14
TER,Teradyne,Information Technology,Semiconductor Materials & Equipment,110.58,143.79,65.67,111.49,108.79,103.14,95.55,86.63,89.44,100.3
TSLA,"Tesla, Inc.",Consumer Discretionary,Automobile Manufacturers,334.38,488.54,202.59,336.15,330.03,323.62,320.32,305.89,299.56,326.92
TXN,Texas Instruments,Information Technology,Semiconductors,193.91,220.1,137.77,193.69,189.66,188.68,199.53,183.95,184.28,186.32
TPL,Texas Pacific Land Corporation,Energy,Oil & Gas Exploration & Production,892.54,1762.86,763.79,885.29,892.03,927.44,1005.41,1142.45,1182.88,1233.53
TXT,Textron,Industrials,Aerospace & Defense,79.43,91.39,57.69,79.71,78.62,79.37,80.09,75.38,74.98,76.78
TMO,Thermo Fisher Scientific,Health Care,Life Sciences Tools & Services,490.57,625.84,385.46,485.36,472.0,470.47,436.11,432.44,450.59,484.82
TJX,TJX Companies,Consumer Discretionary,Apparel Retail,132.96,135.42,108.87,133.03,131.97,128.88,125.8,126.12,124.65,123.23
TKO,TKO Group Holdings,Communication Services,Movies & Entertainment,185.28,194.76,112.59,188.49,176.55,172.19,171.95,164.09,161.29,153.77
TTD,Trade Desk (The),Communication Services,Advertising,54.86,141.53,42.96,53.07,63.84,74.9,73.89,67.59,66.91,87.8
TSCO,Tractor Supply,Consumer Discretionary,Other Specialty Retail,61.41,63.99,46.64,60.12,59.94,59.27,56.13,53.52,53.66,54.07
TT,Trane Technologies,Industrials,Building Products,428.04,476.19,297.5,430.76,429.59,441.15,435.29,407.33,395.39,391.8
TDG,TransDigm Group,Industrials,Aerospace & Defense,1396.5,1623.83,1183.6,1406.72,1408.03,1504.6,1501.41,1444.22,1424.46,1377.7
TRV,Travelers Companies (The),Financials,Property & Casualty Insurance,264.86,276.69,211.05,266.45,265.95,263.46,262.58,262.28,260.52,254.97
TRMB,Trimble Inc.,Information Technology,Electronic Equipment & Instruments,82.51,87.5,52.91,83.3,83.22,83.68,79.19,72.24,71.81,71.95
TFC,Truist Financial,Financials,Diversified Banks,44.23,47.29,32.72,44.48,43.6,43.85,42.86,40.43,40.73,41.98
TYL,Tyler Technologies,Information Technology,Application Software,570.32,661.31,513.52,571.97,585.9,576.69,576.53,569.52,574.28,585.62
TSN,Tyson Foods,Consumer Staples,Packaged Foods & Meats,56.03,65.23,51.85,56.65,56.42,54.98,55.01,56.59,57.24,57.57
USB,U.S. Bancorp,Financials,Diversified Banks,46.03,52.21,34.8,46.23,45.37,45.49,45.32,43.11,43.12,44.96
UBER,Uber,Industrials,Passenger Ground Transportation,93.96,97.71,59.33,92.1,91.19,90.21,90.24,85.12,83.07,77.7
UDR,"UDR, Inc.",Real Estate,Multi-Family Residential REITs,38.15,45.63,35.84,38.21,38.23,39.09,39.99,40.6,41.07,41.41
ULTA,Ulta Beauty,Consumer Discretionary,Other Specialty Retail,519.44,534.1,309.01,523.07,514.48,513.61,489.0,441.12,423.63,414.5
UNP,Union Pacific Corporation,Industrials,Rail Transportation,219.92,253.9,203.43,220.84,221.72,223.22,226.75,223.74,226.93,229.68
UAL,United Airlines Holdings,Industrials,Passenger Airlines,102.31,116.0,40.96,100.13,94.38,91.95,85.89,79.02,80.17,86.83
UPS,United Parcel Service,Industrials,Air Freight & Logistics,86.75,138.94,84.28,87.88,87.19,90.9,96.86,97.21,100.82,109.25
URI,United Rentals,Industrials,Trading Companies & Distributors,915.49,933.32,523.58,918.64,889.64,875.62,802.69,725.36,706.11,731.95
UNH,UnitedHealth Group,Health Care,Managed Health Care,310.51,621.24,234.6,283.88,266.41,266.95,288.68,351.46,377.87,439.46
UHS,Universal Health Services,Health Care,Health Care Facilities,178.03,242.48,152.33,177.79,173.01,167.3,173.18,177.79,177.62,182.69
VLO,Valero Energy,Energy,Oil & Gas Refining & Marketing,136.3,153.86,97.37,135.69,134.64,137.38,138.61,129.35,129.13,129.39
VTR,Ventas,Real Estate,Health Care REITs,67.37,70.82,55.85,67.84,68.22,67.59,65.1,65.39,65.69,63.63
VLTO,Veralto,Industrials,Environmental & Facilities Services,106.93,114.62,83.77,108.09,107.68,105.91,102.71,99.16,98.98,100.43
VRSN,Verisign,Information Technology,Internet Services & Infrastructure,267.85,310.6,175.14,267.02,268.98,275.63,280.37,272.75,265.75,240.88
VRSK,Verisk Analytics,Industrials,Research & Consulting Services,265.96,322.46,259.01,265.14,265.24,276.22,294.55,297.26,296.22,290.94
VZ,Verizon,Communication Services,Integrated Telecommunication Services,44.35,45.87,36.41,43.81,43.34,43.08,42.44,42.6,42.53,41.22
VRTX,Vertex Pharmaceuticals,Health Care,Biotechnology,390.69,519.88,362.5,391.49,383.47,425.67,443.82,455.75,463.25,458.8
VTRS,Viatris,Health Care,Pharmaceuticals,10.66,13.19,6.75,10.5,9.92,9.52,9.23,8.73,8.9,9.96
VICI,Vici Properties,Real Estate,Hotel & Resort REITs,32.26,34.01,27.24,32.65,32.85,32.99,32.74,32.0,31.86,30.98
V,Visa Inc.,Financials,Transaction & Payment Processing Services,341.67,374.85,261.01,342.18,338.99,344.33,349.88,347.55,346.77,335.69
VST,Vistra Corp.,Utilities,Electric Utilities,198.18,216.85,72.39,202.54,203.09,202.01,191.82,163.55,157.0,155.54
VMC,Vulcan Materials Company,Materials,Construction Materials,290.04,296.62,214.34,292.26,287.76,280.22,269.91,261.62,256.99,262.62
WRB,W. R. Berkley Corporation,Financials,Property & Casualty Insurance,70.37,75.77,54.76,70.82,70.54,69.7,70.6,70.52,68.83,65.2
GWW,W. W. Grainger,Industrials,Industrial Machinery & Supplies & Components,972.99,1219.65,889.92,972.05,957.95,989.88,1023.22,1024.62,1017.38,1052.74
WAB,Wabtec,Industrials,Construction Machinery & Heavy Transportation Equipment,189.85,215.82,151.42,191.36,190.41,193.6,202.05,194.75,192.18,194.15
WBA,Walgreens Boots Alliance,Consumer Staples,Drug Retail,11.98,13.25,7.98,11.95,11.9,11.75,11.56,11.31,11.25,10.69
WMT,Walmart,Consumer Staples,Consumer Staples Merchandise Retail,100.37,104.51,71.82,101.02,101.74,99.51,97.47,95.65,94.69,93.54
DIS,Walt Disney Company (The),Communication Services,Movies & Entertainment,116.75,124.69,79.76,115.76,115.02,117.62,118.98,108.67,107.85,108.4
WBD,Warner Bros. Discovery,Communication Services,Broadcasting,11.85,13.87,6.78,11.75,11.78,12.49,11.69,10.37,10.45,10.31
WM,Waste Management,Industrials,Environmental & Facilities Services,223.99,241.74,198.19,227.97,230.66,230.33,230.04,230.34,229.57,223.87
WAT,Waters Corporation,Health Care,Life Sciences Tools & Services,291.24,423.56,275.05,291.73,285.61,290.49,318.45,331.53,340.54,356.83
WEC,WEC Energy Group,Utilities,Electric Utilities,106.74,110.99,85.57,107.96,108.58,108.51,105.88,105.71,105.39,101.5
WFC,Wells Fargo,Financials,Diversified Banks,77.28,84.33,49.13,78.23,77.79,79.54,78.74,74.44,74.11,73.5
WELL,Welltower,Real Estate,Health Care REITs,162.96,170.34,113.08,163.11,165.62,164.27,157.48,152.52,151.69,144.27
WST,West Pharmaceutical Services,Health Care,Health Care Supplies,244.54,351.24,187.09,244.61,242.1,244.27,230.46,221.2,221.89,259.61
WDC,Western Digital,Information Technology,"Technology Hardware, Storage & Peripherals",76.03,78.8,28.78,75.86,75.3,73.54,66.84,55.1,53.23,51.95
WY,Weyerhaeuser,Real Estate,Timber REITs,25.82,33.31,23.91,26.0,25.78,25.74,26.05,26.08,26.78,27.86
WSM,"Williams-Sonoma, Inc.",Consumer Discretionary,Homefurnishing Retail,201.46,218.08,123.89,205.46,203.09,194.82,176.1,166.08,169.14,173.18
WMB,Williams Companies,Energy,Oil & Gas Storage & Transportation,56.56,63.45,41.89,57.39,57.85,58.31,58.95,58.56,58.16,56.91
WTW,Willis Towers Watson,Financials,Insurance Brokers,328.67,342.16,275.87,330.77,328.61,319.59,309.64,312.03,315.5,314.86
WDAY,"Workday, Inc.",Information Technology,Application Software,231.24,294.0,205.33,223.38,222.77,228.94,234.77,239.16,241.98,248.96
WYNN,Wynn Resorts,Consumer Discretionary,Casinos & Gaming,108.48,112.57,65.08,110.72,109.08,108.91,102.31,92.89,91.81,90.21
XEL,Xcel Energy,Utilities,Multi-Utilities,71.91,74.57,56.48,72.31,72.78,72.79,69.99,69.66,69.46,68.28
XYL,Xylem Inc.,Industrials,Industrial Machinery & Supplies & Components,140.62,145.33,100.15,142.05,142.65,138.93,133.01,125.95,125.83,124.42
YUM,Yum! Brands,Consumer Discretionary,Restaurants,150.45,162.5,120.96,146.46,143.82,145.0,145.66,146.36,148.02,142.39
ZBRA,Zebra Technologies,Information Technology,Electronic Equipment & Instruments,318.39,427.76,205.73,325.99,318.7,326.76,316.42,290.36,291.72,329.02
ZBH,Zimmer Biomet,Health Care,Health Care Equipment,102.95,115.64,88.99,102.57,99.38,97.05,94.52,96.82,98.85,101.86
ZTS,Zoetis,Health Care,Pharmaceuticals,153.26,197.92,138.77,152.53,149.99,150.25,154.81,156.12,157.59,162.24
