Symbol,Company,GICS_Sector,GICS_Sub_Industry,Current_Price,High_52_Week,Low_52_Week,SMA5,SMA10,SMA20,SMA50,SMA200,Score,Target_Pcnt,Target_Price,Stop_Loss
MMM,3M,Industrials,Industrial Conglomerates,153.33,160.2,122.88,156.08,154.17,151.81,151.04,142.28,0.2,3.74,159.06,144.55
AOS,A. O. Smith,Industrials,Building Products,72.01,88.84,59.04,72.34,71.46,71.28,68.23,67.87,0.2,1.76,73.28,69.29
ABT,Abbott Laboratories,Health Care,Health Care Equipment,130.44,138.95,108.68,130.38,131.12,129.06,131.08,125.59,0.2,2.72,133.99,124.14
ABBV,AbbVie,Health Care,Biotechnology,206.59,212.84,160.57,203.61,200.85,195.89,190.74,185.65,0.4,0.58,207.79,184.0
ACN,Accenture,Information Technology,IT Consulting & Other Services,248.76,394.31,237.87,245.1,243.96,259.43,282.44,322.54,0.0,18.27,294.21,224.65
ADBE,Adobe Inc.,Information Technology,Application Software,356.62,586.55,333.65,349.91,344.69,354.16,372.15,418.35,-0.2,6.84,381.01,327.29
AMD,Advanced Micro Devices,Information Technology,Semiconductors,176.09,184.42,78.21,178.78,174.88,172.31,151.26,124.51,0.2,6.31,187.2,157.42
AES,AES Corporation,Utilities,Independent Power Producers & Energy Traders,13.35,19.11,9.5,13.11,12.99,13.18,12.12,11.63,0.2,3.37,13.8,12.57
AFL,Aflac,Financials,Life & Health Insurance,105.39,113.48,98.09,105.06,103.65,102.21,102.61,104.73,0.0,1.58,107.06,97.37
A,Agilent Technologies,Health Care,Life Sciences Tools & Services,119.01,151.96,99.08,118.94,116.55,117.12,117.65,124.2,-0.2,2.7,122.22,112.01
APD,Air Products,Materials,Industrial Gases,288.79,333.89,247.03,290.98,289.77,291.41,287.05,292.91,-0.4,4.13,300.72,282.08
ABNB,Airbnb,Consumer Discretionary,"Hotels, Resorts & Cruise Lines",125.67,161.42,105.69,124.31,124.14,130.44,133.71,131.92,0.0,15.92,145.68,115.19
AKAM,Akamai Technologies,Information Technology,Internet Services & Infrastructure,75.11,106.67,68.21,74.24,73.52,76.06,77.68,85.21,-0.2,9.91,82.55,69.58
ALB,Albemarle Corporation,Materials,Specialty Chemicals,84.04,109.53,50.43,81.46,76.92,75.93,69.8,76.72,0.0,5.49,88.65,63.22
ARE,Alexandria Real Estate Equities,Real Estate,Office REITs,77.57,117.87,66.61,75.37,74.95,77.18,75.42,86.55,0.0,7.39,83.3,71.05
ALGN,Align Technology,Health Care,Health Care Supplies,144.72,257.17,129.01,143.25,140.63,161.6,178.16,192.52,-0.2,54.26,223.25,99.96
ALLE,Allegion,Industrials,Building Products,167.13,169.62,118.08,167.78,166.07,164.36,152.17,137.87,0.2,3.08,172.28,156.44
LNT,Alliant Energy,Utilities,Electric Utilities,64.54,66.34,54.87,64.81,65.3,65.02,62.58,60.55,0.2,3.04,66.5,63.53
ALL,Allstate,Financials,Property & Casualty Insurance,206.77,211.62,174.73,207.56,207.07,201.98,198.63,195.99,0.4,3.35,213.7,190.27
GOOGL,Alphabet Inc. (Class A),Communication Services,Interactive Media & Services,203.05,205.89,144.53,203.04,200.49,196.64,184.74,176.7,0.4,1.53,206.16,187.12
GOOG,Alphabet Inc. (Class C),Communication Services,Interactive Media & Services,203.89,207.22,146.4,203.96,201.31,197.49,185.7,178.22,0.4,1.51,206.97,188.02
MO,Altria,Consumer Staples,Tobacco,66.08,66.08,46.47,65.79,64.8,62.6,60.32,55.59,0.2,2.36,67.64,57.55
AMZN,Amazon,Consumer Discretionary,Broadline Retail,230.63,242.06,167.32,227.73,224.19,225.79,221.59,211.51,0.4,3.59,238.91,212.67
AMCR,Amcor,Materials,Paper & Plastic Packaging Products & Materials,8.53,10.94,8.45,9.15,9.35,9.47,9.4,9.51,-0.4,19.7,10.21,8.72
AEE,Ameren,Utilities,Multi-Utilities,100.02,103.26,78.94,101.09,101.41,100.98,97.96,94.8,0.0,3.22,103.24,98.72
AEP,American Electric Power,Utilities,Electric Utilities,110.96,114.06,87.97,112.18,112.31,111.2,106.14,100.46,0.2,3.88,115.27,107.13
AXP,American Express,Financials,Consumer Finance,305.8,328.13,230.81,305.82,300.97,302.86,306.52,291.77,0.4,2.7,314.06,291.66
AIG,American International Group,Financials,Multi-line Insurance,80.22,87.26,69.3,79.78,78.98,78.93,81.78,78.66,0.2,1.36,81.31,76.54
AMT,American Tower,Real Estate,Telecom Tower REITs,203.49,235.15,170.7,204.37,206.34,213.41,216.84,204.03,0.2,14.59,233.18,193.64
AWK,American Water Works,Utilities,Water Utilities,143.11,150.19,118.87,143.25,143.09,142.14,141.06,135.67,0.2,2.56,146.77,137.51
AMP,Ameriprise Financial,Financials,Asset Management & Custody Banks,502.59,569.83,418.94,509.12,506.91,512.55,519.91,516.84,0.0,5.93,532.39,492.74
AME,Ametek,Industrials,Electrical Components & Equipment,181.5,196.4,151.15,183.9,183.68,182.17,180.53,179.7,0.2,3.28,187.45,176.87
AMGN,Amgen,Health Care,Biotechnology,293.63,329.11,254.27,290.94,289.75,296.38,293.22,287.0,0.2,6.52,312.77,280.0
APH,Amphenol,Information Technology,Electronic Components,111.28,111.85,58.99,110.58,109.87,107.38,101.12,79.14,0.0,1.96,113.46,101.3
ADI,Analog Devices,Information Technology,Semiconductors,232.54,245.68,163.85,234.01,228.26,228.09,233.27,215.84,0.6,2.55,238.47,217.7
AON,Aon plc,Financials,Insurance Brokers,367.42,407.61,328.86,367.1,366.03,362.17,357.43,369.03,-0.2,1.93,374.51,349.81
APA,APA Corporation,Energy,Oil & Gas Exploration & Production,20.48,28.03,13.62,20.49,19.85,19.48,19.23,19.68,-0.2,2.59,21.01,17.94
APO,Apollo Global Management,Financials,Asset Management & Custody Banks,139.42,177.47,105.76,141.01,142.16,144.68,142.71,148.13,-0.2,9.82,153.11,136.24
AAPL,Apple Inc.,Information Technology,"Technology Hardware, Storage & Peripherals",231.18,258.1,172.0,231.71,225.03,217.59,209.99,220.5,-0.2,3.24,238.67,196.51
AMAT,Applied Materials,Information Technology,Semiconductor Materials & Equipment,163.55,212.29,126.59,178.41,180.17,183.03,183.52,169.49,0.2,21.33,198.44,167.62
APTV,Aptiv,Consumer Discretionary,Automotive Parts & Equipment,76.02,76.02,47.92,74.18,70.03,69.37,69.31,62.66,0.6,0.45,76.36,62.39
ACGL,Arch Capital Group,Financials,Property & Casualty Insurance,90.42,109.22,84.99,90.07,89.63,88.58,89.43,92.34,0.0,1.42,91.7,85.47
ADM,Archer Daniels Midland,Consumer Staples,Agricultural Products & Services,59.64,60.56,41.37,59.42,58.54,56.72,54.47,50.03,0.4,1.88,60.76,52.69
ANET,Arista Networks,Information Technology,Communications Equipment,137.07,141.25,64.37,138.02,136.31,126.68,110.79,100.28,0.4,8.41,148.6,104.76
AJG,Arthur J. Gallagher & Co.,Financials,Insurance Brokers,294.37,348.08,274.44,293.25,290.66,294.67,307.8,311.88,-0.2,6.98,314.92,274.43
AIZ,Assurant,Financials,Multi-line Insurance,210.11,226.12,179.02,211.71,206.82,196.61,195.06,202.64,0.0,4.45,219.46,173.76
T,AT&T,Communication Services,Integrated Telecommunication Services,28.91,28.91,18.23,28.68,28.29,27.97,27.81,25.41,0.4,0.03,28.92,27.02
ATO,Atmos Energy,Utilities,Gas Utilities,163.99,166.98,126.05,165.64,163.39,160.12,156.27,149.19,0.4,2.76,168.52,151.73
ADSK,Autodesk,Information Technology,Application Software,289.25,321.27,238.84,285.95,290.24,296.45,298.5,290.33,0.2,8.13,312.77,280.15
ADP,Automatic Data Processing,Industrials,Human Resource & Employment Services,301.62,325.19,258.31,301.94,302.38,304.23,305.84,301.09,0.0,3.05,310.82,297.65
AZO,AutoZone,Consumer Discretionary,Automotive Retail,4048.61,4072.8,2981.19,4017.02,4030.14,3930.86,3778.93,3531.77,0.4,2.47,4148.61,3713.09
AVB,AvalonBay Communities,Real Estate,Multi-Family Residential REITs,189.05,232.03,182.72,189.39,187.99,192.14,198.72,208.97,-0.2,9.24,206.52,177.76
AVY,Avery Dennison,Materials,Paper & Plastic Packaging Products & Materials,173.13,219.16,158.75,175.95,172.82,173.09,176.59,182.14,-0.2,5.42,182.51,163.67
AXON,Axon Enterprise,Industrials,Aerospace & Defense,786.91,870.97,354.62,765.01,808.8,770.73,774.1,647.99,-0.2,11.08,874.1,667.38
BKR,Baker Hughes,Energy,Oil & Gas Equipment & Services,43.08,48.05,32.21,42.9,43.07,43.75,40.78,40.98,-0.4,8.33,46.67,40.83
BALL,Ball Corporation,Materials,"Metal, Glass & Plastic Containers",53.46,67.18,44.77,53.87,53.79,56.14,56.57,54.42,0.2,14.22,61.06,51.22
BAC,Bank of America,Financials,Diversified Banks,47.9,48.93,34.19,47.46,46.54,47.05,46.67,44.04,0.2,2.86,49.27,44.83
BAX,Baxter International,Health Care,Health Care Equipment,23.72,39.64,21.76,24.09,23.65,25.1,28.03,30.68,0.0,27.74,30.3,19.91
BDX,Becton Dickinson,Health Care,Health Care Equipment,195.82,246.46,164.16,195.54,190.07,185.69,178.67,205.75,0.0,2.43,200.58,170.8
BRK-B,Berkshire Hathaway,Financials,Multi-Sector Holdings,477.26,539.8,440.84,476.28,470.61,473.48,479.29,485.89,0.2,2.23,487.9,459.06
BBY,Best Buy,Consumer Discretionary,Computer & Electronics Retail,71.64,99.54,55.4,71.6,69.75,68.21,69.16,75.53,-0.2,1.62,72.8,63.63
TECH,Bio-Techne,Health Care,Life Sciences Tools & Services,53.72,80.05,46.66,53.72,52.38,54.41,52.71,61.16,-0.2,11.67,59.99,48.83
BIIB,Biogen,Health Care,Biotechnology,136.83,206.18,113.38,134.9,132.31,131.1,130.35,139.07,-0.2,0.56,137.6,124.61
BLK,BlackRock,Financials,Asset Management & Custody Banks,1136.98,1160.16,811.42,1150.36,1134.77,1123.9,1072.76,995.72,0.2,2.06,1160.4,1087.35
BX,Blackstone Inc.,Financials,Asset Management & Custody Banks,169.22,194.8,118.51,173.18,170.95,172.04,158.64,157.52,0.2,5.47,178.48,165.6
XYZ,"Block, Inc.",Financials,Transaction & Payment Processing Services,76.51,98.92,46.53,75.97,75.45,76.89,70.86,72.19,-0.2,6.31,81.34,72.43
BK,BNY Mellon,Financials,Asset Management & Custody Banks,101.27,103.61,63.49,102.23,102.27,101.4,95.62,84.74,0.2,2.92,104.23,98.57
BA,Boeing,Industrials,Aerospace & Defense,230.55,236.41,136.59,233.0,229.73,228.92,220.02,183.89,0.2,3.18,237.88,219.96
BKNG,Booking Holdings,Consumer Discretionary,"Hotels, Resorts & Cruise Lines",5504.42,5815.92,3590.95,5470.59,5454.94,5529.62,5560.93,5072.34,0.2,4.62,5758.72,5300.62
BSX,Boston Scientific,Health Care,Health Care Equipment,102.68,107.76,77.58,103.03,103.18,104.56,103.55,98.86,0.2,5.13,107.95,101.17
BMY,Bristol Myers Squibb,Health Care,Pharmaceuticals,48.22,61.62,43.31,47.77,46.68,46.72,47.05,52.21,-0.2,3.48,49.9,43.54
AVGO,Broadcom,Information Technology,Semiconductors,304.08,312.83,135.46,308.71,305.08,298.32,278.67,220.75,0.2,4.08,316.49,280.16
BR,Broadridge Financial Solutions,Industrials,Data Processing & Outsourced Services,260.99,266.89,204.4,261.0,263.31,255.71,245.86,235.29,0.2,4.29,272.19,239.25
BRO,Brown & Brown,Financials,Insurance Brokers,94.66,124.07,91.23,95.13,93.91,95.7,102.71,108.73,0.0,10.29,104.4,87.0
BF-B,Brown–Forman,Consumer Staples,Distillers & Vintners,30.66,48.58,25.65,30.53,30.6,30.33,28.59,33.98,-0.4,3.23,31.65,29.0
BLDR,Builders FirstSource,Industrials,Building Products,136.34,201.83,105.63,138.64,134.91,133.23,125.65,139.24,-0.2,4.01,141.81,124.65
BG,Bunge Global,Consumer Staples,Agricultural Products & Services,81.03,98.79,67.82,82.13,82.2,80.08,79.21,78.05,0.4,4.9,85.0,75.17
BXP,"BXP, Inc.",Real Estate,Office REITs,65.18,86.01,56.05,65.0,64.82,66.78,68.54,69.12,-0.4,11.28,72.53,61.03
CHRW,C.H. Robinson,Industrials,Air Freight & Logistics,122.9,122.9,86.41,121.08,119.03,111.94,102.51,100.16,0.2,5.18,129.27,94.61
CDNS,Cadence Design Systems,Information Technology,Application Software,354.27,371.03,231.64,351.16,353.19,349.62,325.37,297.39,0.2,6.83,378.47,320.77
CZR,Caesars Entertainment,Consumer Discretionary,Casinos & Gaming,25.44,45.55,23.18,25.34,24.89,26.52,27.87,31.2,-0.4,20.32,30.61,22.44
CPT,Camden Property Trust,Real Estate,Multi-Family Residential REITs,106.29,123.69,104.05,106.19,106.17,109.03,112.13,114.62,-0.4,9.67,116.57,101.5
CPB,Campbell's Company (The),Consumer Staples,Packaged Foods & Meats,32.46,49.89,30.28,32.4,32.48,32.47,31.89,37.08,-0.4,2.06,33.13,31.82
COF,Capital One,Financials,Consumer Finance,215.16,220.48,134.82,216.72,212.94,213.06,210.49,189.93,0.2,2.57,220.69,205.42
CAH,Cardinal Health,Health Care,Health Care Distributors,149.04,167.63,106.24,148.66,152.66,154.92,158.97,136.58,0.2,9.1,162.6,147.22
KMX,CarMax,Consumer Discretionary,Automotive Retail,58.33,89.19,54.66,57.9,56.8,57.99,63.06,73.13,-0.2,7.82,62.89,53.1
CCL,Carnival,Consumer Discretionary,"Hotels, Resorts & Cruise Lines",29.99,30.74,15.32,30.05,29.48,29.65,27.93,24.26,0.0,2.77,30.82,28.49
CARR,Carrier Global,Industrials,Building Products,66.29,81.67,55.21,66.05,66.0,69.92,72.02,69.04,0.2,22.46,81.18,58.66
CAT,Caterpillar Inc.,Industrials,Construction Machinery & Heavy Transportation Equipment,412.2,438.02,271.63,412.78,416.8,423.68,398.9,363.13,-0.2,7.46,442.95,404.43
CBOE,Cboe Global Markets,Financials,Financial Exchanges & Data,247.01,253.24,189.73,246.46,248.45,246.08,236.5,216.42,0.2,2.84,254.03,238.13
CBRE,CBRE Group,Real Estate,Real Estate Services,157.66,159.66,110.57,158.18,156.65,153.7,143.96,134.67,0.2,4.03,164.01,143.38
CDW,CDW Corporation,Information Technology,Technology Distributors,165.93,226.97,144.0,165.46,164.3,171.29,174.74,176.24,-0.4,12.64,186.9,155.68
COR,Cencora,Health Care,Health Care Distributors,291.01,303.43,217.68,291.45,288.49,289.13,291.95,265.71,0.2,2.05,296.98,281.27
CNC,Centene Corporation,Health Care,Managed Health Care,28.97,80.23,25.21,27.52,26.48,26.68,37.4,54.47,0.0,0.86,29.22,24.14
CNP,CenterPoint Energy,Utilities,Multi-Utilities,37.69,39.16,25.3,38.27,38.51,38.35,37.1,34.56,0.0,4.64,39.44,37.27
CF,CF Industries,Materials,Fertilizers & Agricultural Chemicals,83.64,101.88,67.67,84.53,84.92,88.7,92.22,85.16,0.2,16.91,97.78,79.62
CRL,Charles River Laboratories,Health Care,Life Sciences Tools & Services,157.9,220.69,99.75,155.63,154.34,163.34,156.85,161.51,-0.4,16.76,184.36,142.31
SCHW,Charles Schwab Corporation,Financials,Investment Banking & Brokerage,96.37,98.69,60.96,96.91,96.76,96.69,92.94,82.27,-0.2,2.51,98.79,94.58
CHTR,Charter Communications,Communication Services,Cable & Satellite,266.64,427.25,256.57,265.95,263.19,288.51,352.93,365.57,0.0,42.08,378.84,198.17
CVX,Chevron Corporation,Energy,Integrated Oil & Gas,155.83,166.48,132.12,155.57,154.53,154.0,150.12,148.58,0.4,1.32,157.89,150.12
CMG,Chipotle Mexican Grill,Consumer Discretionary,Restaurants,43.74,66.16,41.44,43.45,42.83,44.36,50.11,53.81,0.0,15.18,50.38,38.35
CB,Chubb Limited,Financials,Property & Casualty Insurance,272.38,301.45,256.04,273.43,271.6,270.32,277.89,279.69,-0.2,1.7,277.01,263.64
CHD,Church & Dwight,Consumer Staples,Household Products,92.99,112.48,90.63,92.62,92.05,93.74,95.67,101.76,0.0,5.66,98.25,89.23
CI,Cigna,Health Care,Health Care Services,299.53,361.79,262.23,290.86,281.79,284.56,301.72,306.71,0.2,3.76,310.79,258.33
CINF,Cincinnati Financial,Financials,Property & Casualty Insurance,149.84,157.35,125.84,152.09,151.64,150.4,148.39,143.68,0.0,3.27,154.74,146.07
CTAS,Cintas,Industrials,Diversified Support Services,214.42,227.2,181.05,219.88,221.78,221.8,220.49,209.52,0.2,5.9,227.07,216.52
CSCO,Cisco,Information Technology,Communications Equipment,66.7,71.79,47.21,68.8,69.31,68.73,67.78,61.4,-0.2,7.39,71.63,65.84
C,Citigroup,Financials,Diversified Banks,94.1,95.74,55.59,94.73,93.37,93.65,87.5,75.14,0.2,2.68,96.62,90.68
CFG,Citizens Financial Group,Financials,Regional Banks,48.35,49.45,33.59,48.51,47.76,48.08,45.8,42.95,0.2,2.96,49.78,46.38
CLX,Clorox,Consumer Staples,Household Products,119.82,165.31,116.82,121.61,122.57,124.48,123.72,142.22,-0.2,8.86,130.44,118.51
CME,CME Group,Financials,Financial Exchanges & Data,271.02,289.38,196.44,273.89,278.43,278.24,275.5,253.89,0.2,5.84,286.85,269.62
CMS,CMS Energy,Utilities,Multi-Utilities,72.23,74.4,63.54,72.68,73.1,72.81,70.81,69.18,0.2,3.1,74.47,71.14
KO,Coca-Cola Company (The),Consumer Staples,Soft Drinks & Non-alcoholic Beverages,69.11,73.38,59.94,69.95,69.98,69.44,69.97,67.28,0.2,2.75,71.01,67.88
CTSH,Cognizant,Information Technology,IT Consulting & Other Services,70.21,90.05,66.22,69.75,69.74,72.11,75.79,77.9,0.0,11.11,78.01,66.21
COIN,Coinbase,Financials,Financial Exchanges & Data,322.3,419.78,147.35,322.87,315.69,344.33,338.43,268.49,0.0,29.31,416.77,271.88
CL,Colgate-Palmolive,Consumer Staples,Household Products,84.5,106.38,83.06,85.11,84.7,85.54,87.82,89.65,-0.2,5.38,89.05,82.02
CMCSA,Comcast,Communication Services,Cable & Satellite,33.53,43.96,31.41,32.98,32.43,33.08,34.21,35.92,-0.2,5.76,35.46,30.7
CAG,Conagra Brands,Consumer Staples,Packaged Foods & Meats,19.15,30.97,18.26,19.36,19.23,19.02,19.83,23.66,-0.2,2.77,19.68,18.35
COP,ConocoPhillips,Energy,Oil & Gas Exploration & Production,94.1,112.05,81.96,95.11,94.19,94.66,93.44,96.06,-0.4,3.8,97.68,91.63
ED,Consolidated Edison,Utilities,Multi-Utilities,99.87,111.42,85.77,102.0,102.77,102.44,100.94,98.93,-0.2,5.16,105.02,99.86
STZ,Constellation Brands,Consumer Staples,Distillers & Vintners,166.61,252.91,159.07,168.94,169.7,170.85,168.04,188.64,-0.2,5.85,176.36,165.34
CEG,Constellation Energy,Utilities,Electric Utilities,320.94,354.89,170.73,327.12,332.13,332.99,319.79,270.09,-0.2,9.9,352.71,313.27
COO,Cooper Companies (The),Health Care,Health Care Supplies,74.09,111.23,66.91,73.55,71.58,72.12,72.0,84.88,-0.2,2.27,75.77,68.48
CPRT,Copart,Industrials,Diversified Support Services,47.35,63.84,45.33,47.23,46.88,46.52,47.55,55.1,0.2,0.74,47.7,45.33
GLW,Corning Inc.,Information Technology,Electronic Components,65.64,65.77,38.85,65.67,65.1,62.03,55.94,49.47,0.0,7.01,70.24,53.83
CPAY,Corpay,Financials,Transaction & Payment Processing Services,314.98,389.55,283.07,315.77,312.25,321.43,327.52,343.49,0.0,9.36,344.46,298.41
CTVA,Corteva,Materials,Fertilizers & Agricultural Chemicals,72.34,77.12,52.19,71.87,71.72,72.2,73.22,64.51,0.2,2.21,73.94,70.45
CSGP,CoStar Group,Real Estate,Real Estate Services,88.71,96.83,69.29,88.47,91.76,92.57,86.33,78.71,-0.2,12.13,99.47,85.68
COST,Costco,Consumer Staples,Consumer Staples Merchandise Retail,974.61,1073.97,866.15,978.43,975.15,956.84,971.81,970.03,0.2,2.53,999.27,914.41
CTRA,Coterra,Energy,Oil & Gas Exploration & Production,23.32,29.06,21.86,23.84,23.84,23.75,24.69,25.4,0.0,4.33,24.33,23.16
CRWD,CrowdStrike,Information Technology,Systems Software,425.51,514.1,246.39,429.24,431.55,446.76,470.7,403.97,0.2,13.1,481.25,412.28
CCI,Crown Castle,Real Estate,Telecom Tower REITs,100.42,115.16,82.06,101.46,103.2,106.08,103.4,97.7,0.4,12.84,113.31,98.85
CSX,CSX Corporation,Industrials,Rail Transportation,35.96,36.46,26.58,36.11,35.81,35.57,34.03,32.17,0.2,1.22,36.4,34.75
CMI,Cummins,Industrials,Construction Machinery & Heavy Transportation Equipment,401.47,406.8,265.61,402.31,392.64,378.4,349.11,340.24,0.2,2.44,411.27,345.54
CVS,CVS Health,Health Care,Health Care Services,70.48,70.48,42.33,67.44,65.82,63.43,64.53,59.8,0.4,-1.6,69.35,57.5
DHR,Danaher Corporation,Health Care,Life Sciences Tools & Services,210.79,276.83,174.36,209.36,203.98,202.07,200.02,211.24,-0.2,1.21,213.34,190.79
DRI,Darden Restaurants,Consumer Discretionary,Restaurants,204.59,224.21,139.03,206.01,204.97,204.69,211.06,192.95,0.4,2.17,209.03,200.36
DDOG,Datadog,Information Technology,Application Software,129.38,168.65,87.0,127.76,130.48,137.74,135.26,127.42,0.2,19.59,154.73,120.76
DVA,DaVita,Health Care,Health Care Services,134.01,177.35,127.69,134.11,132.51,138.33,139.55,148.98,-0.4,13.54,152.15,124.5
DAY,Dayforce,Industrials,Human Resource & Employment Services,67.53,81.8,49.33,55.76,53.93,56.09,56.73,63.51,0.2,-4.75,64.32,47.87
DECK,Deckers Brands,Consumer Discretionary,Footwear,105.98,223.11,95.32,104.6,103.87,106.2,104.67,142.46,-0.2,7.7,114.14,98.26
DE,Deere & Company,Industrials,Agricultural & Farm Machinery,488.02,529.8,367.41,495.01,501.73,506.85,510.01,470.02,0.2,8.13,527.7,485.98
DELL,Dell Technologies,Information Technology,"Technology Hardware, Storage & Peripherals",137.92,142.14,70.88,139.17,136.43,133.33,125.69,112.53,0.2,3.56,142.83,123.82
DAL,Delta Air Lines,Industrials,Passenger Airlines,61.05,68.45,35.65,59.62,56.59,55.32,52.76,54.61,0.0,-0.46,60.77,49.86
DVN,Devon Energy,Energy,Oil & Gas Exploration & Production,33.65,44.02,26.61,33.63,33.14,33.15,33.21,33.77,-0.2,2.35,34.44,31.87
DXCM,Dexcom,Health Care,Health Care Equipment,80.69,90.75,59.83,80.35,78.67,81.91,83.13,79.55,0.2,13.27,91.4,72.42
FANG,Diamondback Energy,Energy,Oil & Gas Exploration & Production,139.38,194.36,117.58,139.37,140.18,143.17,142.5,150.97,-0.2,8.67,151.46,134.87
DLR,Digital Realty,Real Estate,Data Center REITs,165.64,191.46,135.17,167.32,168.81,172.88,173.43,167.53,0.2,9.99,182.19,163.57
DG,Dollar General,Consumer Staples,Consumer Staples Merchandise Retail,112.97,121.87,67.66,114.28,114.21,110.95,111.85,88.71,0.4,4.75,118.34,103.56
DLTR,Dollar Tree,Consumer Staples,Consumer Staples Merchandise Retail,113.49,117.16,61.21,114.37,115.29,114.82,106.54,82.05,0.2,3.08,116.99,112.65
D,Dominion Energy,Utilities,Multi-Utilities,60.54,62.1,49.07,61.25,61.34,60.13,57.8,55.09,0.2,4.01,62.97,57.29
DPZ,Domino's,Consumer Discretionary,Restaurants,451.5,495.6,397.58,449.1,445.94,459.87,458.69,454.79,0.2,8.52,489.97,429.79
DASH,DoorDash,Consumer Discretionary,Specialized Consumer Services,252.58,270.99,123.56,253.31,256.62,251.72,240.12,198.31,0.2,5.79,267.2,236.24
DOV,Dover Corporation,Industrials,Industrial Machinery & Supplies & Components,177.12,205.3,150.71,178.78,176.81,180.26,182.21,185.73,-0.2,7.72,190.79,169.71
DOW,Dow Inc.,Materials,Commodity Chemicals,23.41,52.18,20.87,22.95,22.21,23.71,26.65,33.5,-0.2,23.11,28.82,18.6
DHI,D. R. Horton,Consumer Discretionary,Homebuilding,166.49,194.88,114.44,163.96,159.33,153.22,138.58,137.17,0.2,1.1,168.32,138.12
DTE,DTE Energy,Utilities,Multi-Utilities,137.57,141.49,114.13,139.56,139.69,139.03,135.46,128.51,0.0,3.08,141.81,136.25
DUK,Duke Energy,Utilities,Electric Utilities,121.42,124.85,102.96,123.02,123.58,121.58,118.17,113.76,0.2,4.19,126.51,116.65
DD,DuPont,Materials,Specialty Chemicals,73.18,88.16,54.8,73.16,72.05,72.97,71.81,73.78,0.0,5.64,77.31,68.64
EMN,Eastman Chemical Company,Materials,Specialty Chemicals,65.89,110.6,58.79,65.56,63.41,68.33,73.98,85.7,-0.2,25.59,82.75,53.91
ETN,Eaton Corporation,Industrials,Electrical Components & Equipment,352.95,392.76,245.66,355.97,357.76,371.56,357.82,328.54,0.0,13.59,400.92,342.22
EBAY,eBay Inc.,Consumer Discretionary,Broadline Retail,99.13,100.77,54.55,99.23,96.14,90.02,82.07,69.78,0.2,6.28,105.36,74.68
ECL,Ecolab,Materials,Specialty Chemicals,281.11,281.83,225.1,280.07,275.18,270.6,268.6,253.43,0.4,1.03,284.01,257.2
EIX,Edison International,Utilities,Electric Utilities,55.79,84.75,47.56,55.91,55.37,53.96,51.74,59.86,-0.2,2.65,57.27,50.66
EW,Edwards Lifesciences,Health Care,Health Care Equipment,78.35,81.16,64.54,77.88,78.17,78.48,77.24,73.42,0.0,3.59,81.16,75.79
EA,Electronic Arts,Communication Services,Interactive Home Entertainment,169.15,179.01,116.21,175.83,170.96,162.5,156.38,147.87,0.4,7.87,182.46,142.54
ELV,Elevance Health,Health Care,Managed Health Care,311.97,553.55,274.66,300.78,292.49,288.68,331.14,382.32,0.4,-0.96,308.98,268.37
EMR,Emerson Electric,Industrials,Electrical Components & Equipment,131.6,149.04,93.37,132.82,133.35,139.42,135.83,122.27,0.2,15.9,152.52,126.33
ENPH,Enphase Energy,Information Technology,Semiconductor Materials & Equipment,36.29,123.65,30.11,34.23,33.0,33.86,38.09,55.31,0.0,7.72,39.09,28.63
ETR,Entergy,Utilities,Electric Utilities,87.74,91.02,56.86,89.68,89.72,89.01,84.77,80.38,0.2,4.43,91.63,86.4
EOG,EOG Resources,Energy,Oil & Gas Exploration & Production,118.03,134.72,102.81,118.86,117.77,118.58,119.38,120.62,0.0,3.63,122.31,114.86
EPAM,EPAM Systems,Information Technology,IT Consulting & Other Services,164.82,267.63,143.33,159.11,156.37,160.35,168.03,197.75,0.0,6.06,174.81,145.9
EQT,EQT Corporation,Energy,Oil & Gas Exploration & Production,50.18,60.26,31.36,51.57,51.52,52.12,54.96,50.44,0.2,7.79,54.09,50.15
EFX,Equifax,Industrials,Research & Consulting Services,246.99,305.2,205.11,247.41,243.92,243.47,254.58,253.91,0.2,1.68,251.14,235.79
EQIX,Equinix,Real Estate,Data Center REITs,776.4,974.66,736.11,780.88,778.86,785.67,808.95,866.03,-0.2,3.97,807.22,764.15
EQR,Equity Residential,Real Estate,Multi-Family Residential REITs,63.65,75.24,61.2,63.59,63.42,64.69,66.37,68.67,-0.2,8.06,68.78,60.59
ERIE,Erie Indemnity,Financials,Insurance Brokers,362.02,537.71,339.09,365.65,361.47,359.63,353.62,387.94,-0.2,2.37,370.6,348.66
ESS,Essex Property Trust,Real Estate,Multi-Family Residential REITs,258.12,308.41,252.08,257.29,256.2,266.74,276.91,282.65,-0.2,14.89,296.55,236.92
EL,Estée Lauder Companies (The),Consumer Staples,Personal Care Products,91.31,99.31,49.8,91.75,91.09,91.06,84.69,72.47,0.2,3.72,94.71,87.41
EG,Everest Group,Financials,Reinsurance,331.83,400.34,324.54,333.15,331.05,332.08,335.2,348.12,0.0,2.12,338.86,325.3
EVRG,Evergy,Utilities,Electric Utilities,71.26,73.27,56.09,72.38,72.59,71.43,69.51,65.35,0.0,4.49,74.46,68.4
ES,Eversource Energy,Utilities,Electric Utilities,64.46,66.62,53.58,65.52,65.56,65.86,65.07,60.61,-0.2,3.91,66.98,64.75
EXC,Exelon,Utilities,Electric Utilities,43.97,46.54,35.25,44.61,44.68,44.26,43.28,41.45,0.0,3.5,45.51,43.02
EXE,Expand Energy,Energy,Oil & Gas Exploration & Production,93.04,120.67,68.08,94.52,96.48,97.76,105.88,102.03,0.0,10.63,102.93,92.6
EXPE,Expedia Group,Consumer Discretionary,"Hotels, Resorts & Cruise Lines",207.13,209.68,129.25,206.93,197.71,191.48,180.83,175.93,0.4,2.06,211.4,171.57
EXPD,Expeditors International,Industrials,Air Freight & Logistics,120.15,129.72,102.14,120.57,119.01,117.12,115.72,114.43,0.2,1.7,122.19,112.04
EXR,Extra Space Storage,Real Estate,Self-Storage REITs,136.72,177.29,125.24,136.83,137.07,141.78,145.83,148.3,-0.2,13.22,154.79,128.77
XOM,ExxonMobil,Energy,Integrated Oil & Gas,106.65,121.0,98.11,106.26,105.87,107.65,108.97,108.21,0.2,4.96,111.94,103.36
FFIV,"F5, Inc.",Information Technology,Communications Equipment,314.21,326.47,195.57,320.06,319.74,311.94,301.59,276.24,0.2,5.46,331.37,292.53
FDS,FactSet,Financials,Financial Exchanges & Data,371.27,492.37,369.62,372.56,378.89,394.63,419.24,447.38,-0.2,15.97,430.56,358.69
FICO,Fair Isaac,Information Technology,Application Software,1360.25,2382.4,1311.26,1335.12,1337.81,1411.73,1605.26,1877.99,0.0,16.75,1588.09,1235.4
FAST,Fastenal,Industrials,Trading Companies & Distributors,48.99,49.21,32.44,48.84,47.98,47.28,44.55,40.24,0.2,1.31,49.63,44.93
FRT,Federal Realty Investment Trust,Real Estate,Retail REITs,93.99,113.73,82.59,93.79,93.06,93.36,94.11,99.5,0.0,2.37,96.22,90.5
FDX,FedEx,Industrials,Air Freight & Logistics,227.84,300.06,196.8,229.42,227.33,229.07,228.82,245.35,0.0,6.71,243.13,215.02
FIS,Fidelity National Information Services,Financials,Transaction & Payment Processing Services,70.23,89.62,67.79,71.43,71.04,75.84,78.65,78.12,0.2,22.03,85.7,65.98
FITB,Fifth Third Bancorp,Financials,Regional Banks,42.69,47.14,33.02,42.71,42.02,42.12,41.54,40.94,0.2,1.94,43.52,40.73
FSLR,First Solar,Information Technology,Semiconductors,220.65,255.75,120.38,194.04,189.45,185.35,172.41,165.51,0.4,-7.51,204.08,166.61
FE,FirstEnergy,Utilities,Electric Utilities,42.9,43.95,37.17,43.52,43.37,42.51,40.88,40.04,0.2,4.03,44.63,40.4
FI,Fiserv,Financials,Transaction & Payment Processing Services,136.6,237.79,132.22,134.91,134.1,138.29,156.33,193.62,0.0,11.82,152.75,123.83
F,Ford Motor Company,Consumer Discretionary,Automobile Manufacturers,11.44,11.75,8.45,11.4,11.24,11.12,10.98,10.0,0.4,1.22,11.58,10.66
FTNT,Fortinet,Information Technology,Systems Software,80.76,114.57,73.4,78.98,81.2,91.93,98.82,98.62,0.2,44.18,116.44,67.42
FTV,Fortive,Industrials,Industrial Machinery & Supplies & Components,47.94,62.46,46.55,48.06,47.75,48.79,51.19,54.91,0.0,8.8,52.16,45.42
FOXA,Fox Corporation (Class A),Communication Services,Broadcasting,57.76,59.89,38.55,58.25,56.27,56.21,55.72,51.86,0.2,2.8,59.38,53.03
FOX,Fox Corporation (Class B),Communication Services,Broadcasting,52.88,54.58,35.86,53.16,51.32,51.42,51.09,48.23,0.2,2.8,54.36,48.48
BEN,Franklin Resources,Financials,Asset Management & Custody Banks,25.1,26.03,16.43,25.56,25.34,24.94,24.06,20.87,0.0,3.55,25.99,23.9
FCX,Freeport-McMoRan,Materials,Copper,41.81,51.16,28.93,42.27,41.54,42.12,42.86,39.82,0.4,9.71,45.87,38.36
GRMN,Garmin,Consumer Discretionary,Consumer Electronics,232.15,239.99,159.72,233.82,231.77,230.25,218.57,209.57,0.2,3.95,241.32,219.17
IT,Gartner,Information Technology,IT Consulting & Other Services,239.07,551.8,225.98,238.58,236.52,292.15,353.71,446.43,-0.2,69.27,404.67,179.62
GE,GE Aerospace,Industrials,Aerospace & Defense,268.38,279.63,159.16,270.88,272.11,270.7,258.19,209.97,-0.2,4.13,279.46,261.93
GEHC,GE HealthCare,Health Care,Health Care Equipment,73.6,93.69,58.69,74.08,72.72,73.71,73.82,78.13,-0.2,7.51,79.13,68.28
GEV,GE Vernova,Industrials,Heavy Electrical Equipment,621.52,664.55,181.78,632.09,642.04,639.09,565.34,408.12,-0.2,10.83,688.83,589.38
GEN,Gen Digital,Information Technology,Systems Software,31.36,32.16,23.4,31.67,30.51,30.27,29.91,28.14,0.4,3.64,32.5,28.03
GNRC,Generac,Industrials,Electrical Components & Equipment,199.11,202.85,101.92,199.72,197.61,183.11,157.36,148.2,0.0,11.96,222.92,143.29
GD,General Dynamics,Industrials,Aerospace & Defense,314.61,317.49,239.38,315.13,314.62,313.2,298.61,275.04,0.2,2.04,321.03,305.37
GIS,General Mills,Consumer Staples,Packaged Foods & Meats,49.38,72.16,48.94,49.52,49.54,49.78,51.0,56.96,0.0,3.75,51.23,48.34
GM,General Motors,Consumer Discretionary,Automobile Manufacturers,56.35,59.72,42.35,55.76,54.44,53.42,51.75,50.22,0.2,0.94,56.88,49.96
GPC,Genuine Parts Company,Consumer Discretionary,Distributors,137.51,140.16,104.68,137.18,135.24,133.71,127.3,120.87,0.4,0.99,138.87,128.56
GILD,Gilead Sciences,Health Care,Biotechnology,118.01,120.47,71.47,119.11,116.85,115.18,112.04,102.44,0.4,3.39,122.01,108.35
GPN,Global Payments,Financials,Transaction & Payment Processing Services,86.31,118.42,67.25,85.83,83.69,83.0,80.73,94.45,0.0,2.69,88.63,77.37
GL,Globe Life,Financials,Life & Health Insurance,135.81,143.27,95.13,137.71,138.94,136.96,127.22,119.84,0.2,8.47,147.31,126.61
GDDY,GoDaddy,Information Technology,Internet Services & Infrastructure,143.49,214.35,133.35,143.36,144.44,154.22,166.93,182.85,-0.2,23.07,176.59,131.84
GS,Goldman Sachs,Financials,Investment Banking & Brokerage,729.44,747.2,459.93,739.09,730.13,725.65,694.42,606.01,0.2,2.48,747.53,703.79
HAL,Halliburton,Energy,Oil & Gas Equipment & Services,21.36,31.33,19.1,21.2,21.12,21.67,21.63,24.22,-0.2,8.01,23.07,20.27
HIG,Hartford (The),Financials,Property & Casualty Insurance,129.46,131.34,105.42,130.26,129.14,126.42,125.14,118.84,0.4,2.32,132.46,120.37
HAS,Hasbro,Consumer Discretionary,Leisure Products,81.77,81.77,50.19,80.41,78.85,77.41,74.79,63.82,0.4,-0.39,81.45,73.37
HCA,HCA Healthcare,Health Care,Health Care Facilities,393.65,412.92,295.46,392.77,383.17,366.3,371.17,342.37,0.4,2.99,405.42,327.19
DOC,Healthpeak Properties,Real Estate,Health Care REITs,17.24,21.95,16.63,17.15,17.05,17.37,17.55,18.85,0.0,8.93,18.78,15.97
HSIC,Henry Schein,Health Care,Health Care Distributors,67.58,81.91,62.7,67.96,66.89,68.76,70.65,71.32,0.0,9.03,73.68,63.83
HSY,Hershey Company (The),Consumer Staples,Packaged Foods & Meats,178.88,196.72,141.22,177.92,180.73,182.71,173.86,166.43,0.2,6.9,191.22,174.2
HPE,Hewlett Packard Enterprise,Information Technology,"Technology Hardware, Storage & Peripherals",21.49,24.05,12.42,21.37,20.86,20.71,19.94,19.2,0.4,0.98,21.7,19.72
HLT,Hilton Worldwide,Consumer Discretionary,"Hotels, Resorts & Cruise Lines",268.85,278.65,201.16,269.71,265.39,267.2,264.37,248.99,0.2,2.99,276.89,257.51
HOLX,Hologic,Health Care,Health Care Equipment,67.71,83.72,52.73,68.1,67.92,67.09,65.67,66.63,-0.2,2.24,69.23,64.94
HD,Home Depot (The),Consumer Discretionary,Home Improvement Retail,395.31,426.0,333.17,399.64,393.2,383.82,371.34,379.77,0.0,2.63,405.71,361.93
HON,Honeywell,Industrials,Industrial Conglomerates,216.48,239.16,180.99,216.96,216.88,220.58,226.24,216.92,0.2,7.45,232.61,208.54
HRL,Hormel Foods,Consumer Staples,Packaged Foods & Meats,28.23,32.6,27.75,28.55,28.49,28.62,29.55,29.66,-0.2,4.46,29.49,27.74
HST,Host Hotels & Resorts,Real Estate,Hotel & Resort REITs,15.84,18.25,12.54,15.88,15.6,15.89,15.86,15.81,0.4,5.93,16.78,15.0
HWM,Howmet Aerospace,Industrials,Aerospace & Defense,172.9,192.01,91.19,175.57,178.11,182.03,179.68,141.34,0.2,11.46,192.71,171.34
HPQ,HP Inc.,Information Technology,"Technology Hardware, Storage & Peripherals",26.86,38.15,21.63,26.85,26.13,25.74,25.22,29.13,-0.2,1.45,27.25,24.23
HUBB,Hubbell Incorporated,Industrials,Industrial Machinery & Supplies & Components,430.82,467.52,314.89,434.45,427.75,430.87,416.26,400.02,0.0,3.56,446.16,415.59
HUM,Humana,Health Care,Managed Health Care,288.57,366.52,220.41,282.65,271.38,255.97,243.13,259.07,-0.2,1.92,294.11,217.83
HBAN,Huntington Bancshares,Financials,Regional Banks,16.62,17.67,12.37,16.64,16.34,16.45,16.52,15.87,0.4,2.65,17.06,15.85
HII,Huntington Ingalls Industries,Industrials,Aerospace & Defense,268.76,278.86,157.56,267.98,267.61,266.0,251.71,212.16,0.2,2.63,275.83,256.17
IBM,IBM,Information Technology,IT Consulting & Other Services,239.64,292.8,188.46,238.26,241.79,251.28,270.41,243.86,0.2,15.41,276.57,225.98
IEX,IDEX Corporation,Industrials,Industrial Machinery & Supplies & Components,164.6,233.54,157.53,165.88,162.53,168.92,175.13,192.07,-0.2,15.66,190.38,147.45
IDXX,Idexx Laboratories,Health Care,Health Care Equipment,642.24,682.78,361.04,652.64,648.96,607.09,560.48,470.03,0.4,10.68,710.83,503.32
ITW,Illinois Tool Works,Industrials,Industrial Machinery & Supplies & Components,259.39,273.51,217.09,261.67,259.25,258.72,253.56,252.5,0.2,2.49,265.85,251.59
INCY,Incyte,Health Care,Biotechnology,85.28,86.92,55.17,85.16,81.7,77.54,72.26,69.31,0.2,3.8,88.52,66.57
IR,Ingersoll Rand,Industrials,Industrial Machinery & Supplies & Components,78.89,105.27,66.72,79.31,77.92,81.27,83.25,86.66,-0.4,14.63,90.43,72.1
PODD,Insulet Corporation,Health Care,Health Care Equipment,322.09,327.47,180.69,315.49,305.12,297.17,299.02,278.22,0.6,0.44,323.51,270.83
INTC,Intel,Information Technology,Semiconductors,23.91,27.39,18.13,23.27,21.73,21.37,21.82,21.67,0.4,3.09,24.65,18.09
ICE,Intercontinental Exchange,Financials,Financial Exchanges & Data,178.63,188.45,142.02,181.33,184.25,184.17,181.87,167.22,0.2,6.12,189.56,178.78
IFF,International Flavors & Fragrances,Materials,Specialty Chemicals,65.52,104.49,63.46,65.62,65.61,69.78,73.24,79.56,-0.2,21.25,79.44,60.11
IP,International Paper,Materials,Paper & Plastic Packaging Products & Materials,46.9,58.45,43.05,47.37,46.98,49.24,48.64,50.91,-0.4,19.96,56.26,42.21
IPG,Interpublic Group of Companies (The),Communication Services,Advertising,26.17,31.12,22.6,25.92,25.4,25.38,24.69,26.05,0.0,2.14,26.73,24.04
INTU,Intuit,Information Technology,Application Software,718.0,807.39,542.39,714.11,733.6,760.23,762.31,661.16,0.2,15.31,827.93,692.57
ISRG,Intuitive Surgical,Health Care,Health Care Equipment,481.56,610.45,451.58,479.89,476.22,484.93,508.47,530.56,-0.2,5.38,507.47,462.4
IVZ,Invesco,Financials,Asset Management & Custody Banks,21.0,21.6,11.86,21.12,20.86,21.0,17.96,16.43,0.2,3.62,21.76,20.24
INVH,Invitation Homes,Real Estate,Single-Family Residential REITs,30.11,36.03,29.76,30.3,30.23,30.86,32.0,32.3,0.0,8.3,32.61,29.11
IQV,IQVIA,Health Care,Life Sciences Tools & Services,192.88,251.55,137.0,189.9,184.98,188.32,170.88,179.71,-0.2,4.68,201.91,174.73
IRM,Iron Mountain,Real Estate,Other Specialized REITs,90.78,125.19,76.34,91.96,91.69,94.77,98.25,98.76,-0.2,12.24,101.89,87.65
JBHT,J.B. Hunt,Industrials,Cargo Ground Transportation,142.82,195.43,123.94,143.88,142.24,144.16,145.23,156.32,0.0,6.1,151.53,136.8
JBL,Jabil,Information Technology,Electronic Manufacturing Services,215.51,230.3,100.84,219.48,220.48,222.03,213.61,163.6,0.0,7.04,230.68,213.37
JKHY,Jack Henry & Associates,Financials,Transaction & Payment Processing Services,161.12,190.67,158.52,160.78,162.09,168.55,174.99,174.93,0.2,13.88,183.48,153.6
J,Jacobs Solutions,Industrials,Construction & Engineering,147.21,152.18,109.42,149.1,148.06,144.79,136.79,130.65,0.2,3.33,152.11,137.46
JNJ,Johnson & Johnson,Health Care,Pharmaceuticals,176.48,176.64,139.73,175.01,173.51,170.73,161.77,154.63,0.2,0.53,177.42,164.05
JCI,Johnson Controls,Industrials,Building Products,105.58,111.73,66.66,105.31,105.16,106.43,105.51,88.8,0.0,5.54,111.43,101.42
JPM,JPMorgan Chase,Financials,Diversified Banks,291.11,299.63,199.83,291.83,290.71,293.26,285.73,255.76,-0.2,3.23,300.51,286.02
K,Kellanova,Consumer Staples,Packaged Foods & Meats,80.07,82.31,77.85,80.15,80.06,79.99,79.86,80.61,-0.2,0.27,80.29,79.7
KVUE,Kenvue,Consumer Staples,Personal Care Products,21.23,24.0,19.25,21.38,21.33,21.66,21.36,21.98,-0.2,6.64,22.64,20.68
KDP,Keurig Dr Pepper,Consumer Staples,Soft Drinks & Non-alcoholic Beverages,34.65,36.99,29.97,34.74,34.34,33.87,33.46,32.81,0.2,1.56,35.19,32.55
KEY,KeyCorp,Financials,Regional Banks,18.13,19.26,13.06,18.12,17.83,18.06,17.6,16.75,0.0,4.25,18.9,17.22
KEYS,Keysight Technologies,Information Technology,Electronic Equipment & Instruments,165.14,185.11,127.02,166.07,164.01,164.54,163.53,160.6,0.2,3.12,170.29,158.8
KMB,Kimberly-Clark,Consumer Staples,Household Products,131.68,146.03,122.21,133.29,134.44,131.23,130.5,132.54,-0.4,5.41,138.8,123.67
KIM,Kimco Realty,Real Estate,Retail REITs,21.17,24.93,18.48,21.24,21.16,21.4,21.27,21.66,-0.2,5.1,22.25,20.55
KMI,Kinder Morgan,Energy,Oil & Gas Storage & Transportation,26.27,30.24,19.94,26.64,26.86,27.13,27.49,26.87,0.4,7.77,28.31,25.96
KKR,KKR & Co.,Financials,Asset Management & Custody Banks,141.0,166.38,92.52,144.81,143.69,145.92,137.68,134.92,0.0,8.54,153.04,138.8
KLAC,KLA Corporation,Information Technology,Semiconductor Materials & Equipment,883.39,955.41,575.15,919.75,910.75,907.43,900.83,745.93,0.0,7.74,951.76,863.08
KHC,Kraft Heinz,Consumer Staples,Packaged Foods & Meats,27.3,34.7,25.61,27.6,27.51,27.86,27.06,28.7,-0.4,6.7,29.13,26.6
KR,Kroger,Consumer Staples,Food Retail,70.0,73.97,50.47,70.35,71.77,71.22,70.11,65.04,-0.2,6.67,74.67,67.77
LHX,L3Harris,Industrials,Aerospace & Defense,272.49,278.26,192.63,270.9,272.35,272.35,261.14,230.22,0.2,2.53,279.38,265.31
LH,Labcorp,Health Care,Health Care Services,271.01,272.54,210.19,270.9,267.23,264.02,259.61,243.14,0.4,1.65,275.48,252.56
LRCX,Lam Research,Information Technology,Semiconductor Materials & Equipment,98.68,107.38,58.94,103.52,101.31,99.45,97.35,81.32,0.0,7.69,106.27,92.62
LW,Lamb Weston,Consumer Staples,Packaged Foods & Meats,54.38,80.72,47.73,54.21,53.1,54.95,53.42,58.52,-0.4,12.08,60.95,48.94
LVS,Las Vegas Sands,Consumer Discretionary,Casinos & Gaming,53.17,54.33,30.35,53.83,53.28,52.28,48.01,44.88,0.2,4.16,55.38,49.17
LDOS,Leidos,Industrials,Diversified Support Services,178.74,199.72,126.1,178.96,177.11,169.28,161.19,151.9,0.4,3.75,185.44,153.11
LEN,Lennar,Consumer Discretionary,Homebuilding,131.76,183.45,101.84,129.9,124.99,120.29,114.27,124.37,0.0,0.72,132.71,107.87
LII,Lennox International,Industrials,Building Products,599.58,674.16,506.5,598.52,594.89,614.0,592.28,596.39,-0.2,11.2,666.73,561.23
LLY,Lilly (Eli),Health Care,Pharmaceuticals,696.88,952.73,624.28,675.62,678.47,728.18,761.07,789.0,-0.4,22.19,851.52,604.82
LIN,Linde plc,Materials,Industrial Gases,477.66,481.83,410.23,476.85,473.78,470.82,468.59,452.82,0.2,0.68,480.91,460.75
LYV,Live Nation Entertainment,Communication Services,Movies & Entertainment,162.35,162.35,92.78,160.44,155.78,153.46,149.35,138.21,0.4,0.16,162.61,144.31
LKQ,LKQ Corporation,Consumer Discretionary,Distributors,30.84,43.02,28.96,30.92,30.16,31.01,35.0,37.73,-0.2,17.12,36.12,25.9
LMT,Lockheed Martin,Industrials,Aerospace & Defense,441.74,602.16,410.74,438.15,433.65,426.71,451.38,469.0,0.2,0.39,443.46,409.94
L,Loews Corporation,Financials,Multi-line Insurance,94.58,95.58,76.32,94.98,94.3,92.77,91.26,86.88,0.2,1.74,96.23,89.31
LOW,Lowe's,Consumer Discretionary,Home Improvement Retail,251.29,278.66,209.46,251.52,245.29,236.54,226.64,238.06,0.0,2.24,256.92,216.16
LULU,Lululemon Athletica,Consumer Discretionary,"Apparel, Accessories & Luxury Goods",206.35,421.16,186.44,198.68,195.2,203.27,224.06,308.3,-0.2,9.9,226.78,179.78
LYB,LyondellBasell,Materials,Specialty Chemicals,53.12,93.12,48.34,52.6,51.21,55.8,58.81,66.3,-0.2,27.26,67.6,43.99
MTB,M&T Bank,Financials,Regional Banks,190.05,217.42,155.42,191.67,188.93,190.57,191.55,187.86,0.4,4.21,198.05,183.09
MPC,Marathon Petroleum,Energy,Oil & Gas Refining & Marketing,162.52,182.26,117.88,161.6,162.03,167.03,169.13,151.67,0.0,10.03,178.82,155.24
MKTX,MarketAxess,Financials,Financial Exchanges & Data,187.28,290.66,184.43,188.43,189.75,199.65,211.71,221.46,-0.2,18.31,221.57,177.73
MAR,Marriott International,Consumer Discretionary,"Hotels, Resorts & Cruise Lines",265.98,302.99,210.58,266.49,263.34,266.47,268.89,266.51,0.4,5.09,279.52,253.44
MMC,Marsh McLennan,Financials,Insurance Brokers,207.39,243.22,197.78,207.07,205.01,204.65,210.84,220.53,0.2,2.3,212.16,197.14
MLM,Martin Marietta Materials,Materials,Construction Materials,604.55,620.08,451.86,612.43,607.88,593.9,568.85,540.17,0.2,3.52,625.83,561.98
MAS,Masco,Industrials,Building Products,73.36,84.25,58.18,73.26,71.22,69.26,66.2,70.1,0.0,1.51,74.47,64.06
MA,Mastercard,Financials,Transaction & Payment Processing Services,582.41,589.94,463.77,579.99,574.42,569.19,564.3,544.68,0.2,0.37,584.56,553.78
MTCH,Match Group,Communication Services,Interactive Media & Services,37.97,38.74,26.87,38.01,36.92,35.49,33.13,31.8,0.4,2.9,39.07,31.91
MKC,McCormick & Company,Consumer Staples,Packaged Foods & Meats,68.51,83.73,68.51,69.62,69.75,70.62,72.4,75.3,-0.2,6.41,72.9,68.33
MCD,McDonald's,Consumer Discretionary,Restaurants,308.58,319.48,268.56,306.64,305.73,303.01,298.75,299.08,-0.2,0.85,311.2,294.82
MCK,McKesson Corporation,Health Care,Health Care Distributors,671.63,735.33,477.52,668.14,675.85,692.03,708.31,651.86,0.2,9.09,732.68,651.37
MDT,Medtronic,Health Care,Health Care Equipment,92.83,93.02,78.03,92.57,91.87,91.65,89.21,86.18,0.4,1.43,94.16,89.13
MRK,Merck & Co.,Health Care,Pharmaceuticals,84.09,115.53,72.74,82.81,81.54,81.78,81.12,87.46,-0.2,1.89,85.68,77.88
META,Meta Platforms,Communication Services,Interactive Media & Services,766.89,790.0,484.29,780.87,773.68,749.77,725.45,639.23,0.4,6.07,813.44,686.07
MET,MetLife,Financials,Life & Health Insurance,77.5,86.38,67.4,77.33,76.29,76.21,77.41,79.09,-0.2,2.01,79.06,73.37
MTD,Mettler Toledo,Health Care,Life Sciences Tools & Services,1322.31,1499.7,970.15,1313.05,1278.04,1261.86,1218.09,1216.7,0.2,0.68,1331.3,1192.44
MGM,MGM Resorts,Consumer Discretionary,Casinos & Gaming,36.17,41.99,25.79,36.06,35.36,36.37,35.78,34.26,0.0,8.16,39.12,33.62
MCHP,Microchip Technology,Information Technology,Semiconductors,65.37,80.56,35.07,65.46,64.97,67.21,69.57,59.43,0.0,12.45,73.51,60.91
MU,Micron Technology,Information Technology,Semiconductors,122.95,127.79,64.66,124.23,119.34,114.76,117.73,99.44,0.4,4.39,128.35,101.17
MSFT,Microsoft,Information Technology,Systems Software,516.07,535.64,353.91,521.71,522.59,519.66,502.77,437.54,0.2,3.87,536.04,503.3
MAA,Mid-America Apartment Communities,Real Estate,Multi-Family Residential REITs,140.47,167.59,138.38,139.91,140.31,144.27,146.77,152.71,-0.2,10.38,155.05,133.48
MRNA,Moderna,Health Care,Biotechnology,28.13,89.96,23.65,27.08,26.78,29.34,29.2,33.55,-0.4,26.98,35.72,22.96
MHK,Mohawk Industries,Consumer Discretionary,Home Furnishings,127.42,161.25,97.99,128.55,124.55,121.16,112.27,117.2,0.0,2.7,130.86,111.46
MOH,Molina Healthcare,Health Care,Managed Health Care,170.47,360.77,152.31,163.22,158.94,162.0,222.05,286.96,-0.2,5.75,180.27,143.72
TAP,Molson Coors Beverage Company,Consumer Staples,Brewers,51.19,62.37,47.24,51.32,50.65,50.38,49.89,55.35,0.0,2.73,52.59,48.18
MDLZ,Mondelez International,Consumer Staples,Packaged Foods & Meats,61.89,73.6,55.34,61.8,61.92,64.87,66.49,63.81,0.2,16.46,72.08,57.66
MPWR,Monolithic Power Systems,Information Technology,Semiconductors,839.11,939.39,454.23,843.35,822.51,780.69,745.13,654.46,0.4,5.39,884.34,677.07
MNST,Monster Beverage,Consumer Staples,Soft Drinks & Non-alcoholic Beverages,63.97,64.69,46.16,64.2,62.87,61.45,61.66,56.71,0.2,2.7,65.7,57.2
MCO,Moody's Corporation,Financials,Financial Exchanges & Data,509.98,524.53,395.22,516.43,515.18,512.16,498.68,478.02,0.0,2.66,523.55,500.76
MS,Morgan Stanley,Financials,Investment Banking & Brokerage,144.45,148.51,93.79,146.53,144.24,142.86,139.2,127.39,0.4,2.48,148.03,137.7
MOS,Mosaic Company (The),Materials,Fertilizers & Agricultural Chemicals,32.21,37.81,22.62,32.04,32.29,34.34,35.31,29.34,0.2,20.77,38.9,29.79
MSI,Motorola Solutions,Information Technology,Communications Equipment,460.19,500.78,393.68,464.7,455.91,443.55,426.71,441.01,0.0,3.12,474.55,412.53
MSCI,MSCI Inc.,Financials,Financial Exchanges & Data,558.55,630.0,503.37,558.7,553.24,551.09,559.99,570.11,0.0,2.62,573.18,528.98
NDAQ,"Nasdaq, Inc.",Financials,Financial Exchanges & Data,94.11,96.94,66.19,95.18,95.9,94.99,90.87,81.19,-0.2,5.85,99.62,90.36
NTAP,NetApp,Information Technology,"Technology Hardware, Storage & Peripherals",109.26,130.77,75.73,108.96,106.61,105.63,105.09,106.35,-0.2,1.03,110.39,100.89
NFLX,Netflix,Communication Services,Movies & Entertainment,1243.11,1339.13,663.22,1228.47,1207.9,1191.18,1230.61,1034.06,0.4,0.22,1245.84,1136.57
NEM,Newmont,Materials,Gold,68.93,69.33,36.61,68.85,68.63,65.84,61.06,49.34,0.4,4.27,71.87,59.8
NWSA,News Corp (Class A),Communication Services,Publishing,29.55,30.38,23.97,29.45,29.18,29.27,29.11,28.17,0.2,1.39,29.96,28.57
NWS,News Corp (Class B),Communication Services,Publishing,34.2,34.89,26.94,33.99,33.68,33.63,33.49,31.92,0.4,0.47,34.36,32.89
NEE,NextEra Energy,Utilities,Multi-Utilities,75.54,83.49,63.6,73.47,72.65,72.35,72.79,71.0,0.2,0.5,75.92,68.77
NKE,"Nike, Inc.",Consumer Discretionary,"Apparel, Accessories & Luxury Goods",77.72,87.95,52.92,76.64,75.56,75.89,71.12,69.85,0.2,1.38,78.79,72.99
NI,NiSource,Utilities,Multi-Utilities,41.72,43.33,30.83,42.25,42.28,42.15,40.59,38.27,0.0,3.55,43.2,41.1
NDSN,Nordson Corporation,Industrials,Industrial Machinery & Supplies & Components,213.81,261.43,166.9,216.37,214.07,215.51,216.39,214.5,0.4,4.31,223.03,208.01
NSC,Norfolk Southern,Industrials,Rail Transportation,280.24,285.03,204.09,280.71,280.52,279.47,266.14,246.53,0.2,1.47,284.36,274.58
NTRS,Northern Trust,Financials,Asset Management & Custody Banks,126.76,132.06,83.52,126.92,126.18,127.45,123.25,107.44,0.0,3.95,131.77,123.14
NOC,Northrop Grumman,Industrials,Aerospace & Defense,586.54,589.95,429.46,583.42,584.51,579.15,533.57,494.6,0.0,1.5,595.34,562.95
NCLH,Norwegian Cruise Line Holdings,Consumer Discretionary,"Hotels, Resorts & Cruise Lines",24.67,29.07,15.5,24.47,24.43,24.28,22.11,22.6,-0.2,3.36,25.5,23.07
NRG,NRG Energy,Utilities,Independent Power Producers & Energy Traders,149.13,173.91,75.33,152.64,154.15,158.05,154.83,117.63,0.2,15.87,172.8,143.31
NUE,Nucor,Materials,Steel,144.64,165.5,102.79,144.33,141.41,141.85,135.56,128.91,0.2,2.18,147.79,135.91
NVDA,Nvidia,Information Technology,Semiconductors,181.76,183.16,94.3,181.8,181.22,178.02,164.33,137.06,0.2,2.65,186.58,169.45
NVR,"NVR, Inc.",Consumer Discretionary,Homebuilding,8186.22,9924.4,6700.0,8175.74,8013.82,7900.54,7589.18,7775.6,0.0,1.12,8277.91,7523.57
NXPI,NXP Semiconductors,Information Technology,Semiconductors,231.2,253.51,152.79,228.42,217.47,219.35,219.82,210.15,0.2,3.06,238.27,200.42
ORLY,O’Reilly Automotive,Consumer Discretionary,Automotive Retail,101.25,104.44,73.94,101.76,102.59,100.35,94.55,88.73,0.2,4.35,105.65,95.04
OXY,Occidental Petroleum,Energy,Oil & Gas Exploration & Production,44.28,56.7,35.91,44.51,43.98,44.14,44.1,45.63,-0.2,3.21,45.7,42.58
ODFL,Old Dominion,Industrials,Cargo Ground Transportation,150.8,230.8,141.85,151.15,148.56,153.09,159.19,176.09,0.0,13.18,170.68,135.5
OMC,Omnicom Group,Communication Services,Advertising,76.4,102.78,69.22,75.65,74.24,74.29,72.88,80.87,-0.2,2.3,78.16,70.42
ON,ON Semiconductor,Information Technology,Semiconductors,50.81,77.87,31.95,51.08,49.2,53.13,54.41,53.0,0.0,23.74,62.87,43.39
OKE,Oneok,Energy,Oil & Gas Storage & Transportation,73.14,112.93,73.14,74.25,74.58,77.6,79.26,90.04,-0.2,14.67,83.87,71.32
ORCL,Oracle Corporation,Information Technology,Application Software,247.49,256.43,122.56,247.75,250.3,248.5,229.76,179.02,0.2,4.28,258.08,238.92
OTIS,Otis Worldwide,Industrials,Industrial Machinery & Supplies & Components,87.94,104.22,84.52,87.8,87.1,87.64,93.52,95.83,-0.2,6.97,94.07,81.22
PCAR,Paccar,Industrials,Construction Machinery & Heavy Transportation Equipment,98.4,113.98,85.82,99.05,98.05,98.53,96.13,100.18,-0.4,3.39,101.74,95.33
PKG,Packaging Corporation of America,Materials,Paper & Plastic Packaging Products & Materials,194.32,244.28,174.83,196.8,195.77,198.28,196.83,206.77,-0.2,7.28,208.47,188.09
PLTR,Palantir Technologies,Information Technology,Application Software,172.97,186.97,30.16,180.5,180.71,168.53,151.56,104.06,0.2,12.27,194.19,142.85
PANW,Palo Alto Networks,Information Technology,Systems Software,176.06,208.28,152.44,175.79,172.43,181.18,191.49,187.34,0.2,17.49,206.85,155.49
PSKY,Paramount Skydance Corporation,Communication Services,Movies & Entertainment,13.6,15.0,9.8,13.53,12.28,12.65,12.55,11.48,0.4,11.25,15.13,10.16
PH,Parker Hannifin,Industrials,Industrial Machinery & Supplies & Components,735.42,762.05,515.78,744.96,732.06,730.37,706.14,661.88,0.0,3.07,758.0,702.71
PAYX,Paychex,Industrials,Human Resource & Employment Services,137.52,158.58,121.76,137.37,138.54,141.61,144.65,144.44,0.0,8.57,149.31,133.92
PAYC,Paycom,Industrials,Human Resource & Employment Services,224.62,265.71,154.16,218.9,222.53,228.43,232.34,223.83,0.2,8.45,243.6,213.26
PYPL,PayPal,Financials,Transaction & Payment Processing Services,69.6,91.81,57.41,69.36,68.7,70.94,72.52,75.79,0.0,13.03,78.67,63.2
PNR,Pentair,Industrials,Industrial Machinery & Supplies & Components,105.45,109.01,75.76,106.44,104.66,103.65,102.87,97.91,0.4,2.03,107.59,99.72
PEP,PepsiCo,Consumer Staples,Soft Drinks & Non-alcoholic Beverages,149.39,173.24,127.06,148.93,145.89,144.18,137.69,143.64,0.0,1.29,151.32,137.05
PFE,Pfizer,Health Care,Pharmaceuticals,25.12,28.21,20.83,25.04,24.73,24.47,24.31,24.23,0.2,1.95,25.61,23.32
PCG,PG&E Corporation,Utilities,Multi-Utilities,15.11,21.53,13.0,15.23,15.16,14.61,14.15,16.88,0.0,4.83,15.84,13.37
PM,Philip Morris International,Consumer Staples,Tobacco,166.1,183.57,113.44,166.41,167.18,164.82,174.19,151.14,0.4,2.97,171.03,158.62
PSX,Phillips 66,Energy,Oil & Gas Refining & Marketing,122.93,136.52,91.98,122.38,121.06,122.95,123.55,119.03,0.4,4.86,128.9,117.0
PNW,Pinnacle West Capital,Utilities,Multi-Utilities,90.41,93.78,79.36,91.83,92.29,91.38,90.05,88.64,0.0,4.69,94.65,88.12
PNC,PNC Financial Services,Financials,Diversified Banks,191.6,209.23,146.94,192.41,190.5,191.84,188.17,183.4,0.2,3.56,198.42,185.27
POOL,Pool Corporation,Consumer Discretionary,Distributors,317.53,385.63,283.92,321.3,314.32,314.54,303.61,325.4,0.0,3.72,329.34,299.75
PPG,PPG Industries,Materials,Specialty Chemicals,111.1,131.36,90.49,111.24,108.47,109.38,111.68,112.92,0.0,5.82,117.57,101.2
PPL,PPL Corporation,Utilities,Electric Utilities,36.23,37.24,30.01,36.8,36.49,36.34,35.03,33.95,0.2,2.73,37.22,35.47
PFG,Principal Financial Group,Financials,Life & Health Insurance,77.62,88.8,68.88,77.79,77.05,77.97,78.43,79.37,0.0,5.17,81.63,74.31
PG,Procter & Gamble,Consumer Staples,Personal Care Products,155.47,176.3,150.47,154.81,153.94,154.58,156.63,162.87,0.0,2.88,159.95,149.21
PGR,Progressive Corporation,Financials,Property & Casualty Insurance,246.78,291.0,231.16,247.42,246.43,245.28,253.34,259.72,0.0,1.92,251.52,239.03
PLD,Prologis,Real Estate,Industrial REITs,105.64,127.92,88.91,105.82,105.79,106.97,107.01,108.7,-0.2,4.81,110.72,103.21
PRU,Prudential Financial,Financials,Life & Health Insurance,106.24,126.35,93.93,106.28,104.59,104.0,104.9,109.63,-0.2,1.31,107.63,100.37
PEG,Public Service Enterprise Group,Utilities,Electric Utilities,84.21,92.39,76.52,86.37,86.76,87.39,84.2,82.98,-0.4,7.21,90.28,84.5
PTC,PTC Inc.,Information Technology,Application Software,208.39,216.41,136.74,207.03,208.05,207.27,190.11,177.99,0.2,4.05,216.83,197.71
PSA,Public Storage,Real Estate,Self-Storage REITs,281.07,354.44,263.65,281.71,281.72,283.58,288.66,297.62,0.0,4.27,293.07,274.07
PHM,PulteGroup,Consumer Discretionary,Homebuilding,128.67,148.13,91.82,127.84,124.3,120.6,112.1,110.59,0.4,1.39,130.46,110.74
PWR,Quanta Services,Industrials,Construction & Engineering,382.39,421.68,236.56,382.45,384.65,395.22,382.76,324.72,0.2,9.91,420.28,370.15
QCOM,Qualcomm,Information Technology,Semiconductors,159.18,175.11,123.92,157.09,151.94,153.96,155.59,155.18,0.2,4.1,165.71,142.21
DGX,Quest Diagnostics,Health Care,Health Care Services,179.38,181.25,144.81,179.06,177.12,173.78,174.26,165.86,0.4,1.74,182.5,165.06
RL,Ralph Lauren Corporation,Consumer Discretionary,"Apparel, Accessories & Luxury Goods",289.09,304.45,160.89,294.38,293.43,295.66,284.17,247.65,0.0,6.51,307.91,283.41
RJF,Raymond James Financial,Financials,Investment Banking & Brokerage,164.14,171.46,113.62,164.87,165.05,165.45,158.12,152.79,-0.2,3.78,170.34,160.55
RTX,RTX Corporation,Industrials,Aerospace & Defense,155.03,157.71,112.45,154.67,154.74,155.09,148.94,130.13,0.0,2.35,158.67,151.5
O,Realty Income,Real Estate,Retail REITs,58.11,61.73,49.83,57.99,57.6,57.33,57.06,55.01,0.2,0.72,58.53,56.12
REG,Regency Centers,Real Estate,Retail REITs,70.61,76.25,64.84,71.33,71.96,71.68,70.93,71.36,-0.4,3.97,73.41,69.96
REGN,Regeneron Pharmaceuticals,Health Care,Biotechnology,575.76,1198.45,483.07,568.05,563.4,562.11,544.46,642.41,-0.2,0.66,579.56,544.68
RF,Regions Financial Corporation,Financials,Regional Banks,25.65,26.62,18.13,25.69,25.28,25.58,24.33,23.08,0.2,4.37,26.77,24.4
RSG,Republic Services,Industrials,Environmental & Facilities Services,231.97,257.46,196.49,232.72,233.91,236.38,241.39,229.5,0.2,6.41,246.84,225.92
RMD,ResMed,Health Care,Health Care Equipment,286.94,290.83,203.67,285.39,283.78,279.64,264.32,241.99,0.2,1.77,292.02,267.24
RVTY,Revvity,Health Care,Health Care Equipment,90.11,127.41,85.8,89.85,88.29,91.45,94.58,105.2,0.0,12.97,101.8,81.1
ROK,Rockwell Automation,Industrials,Electrical Components & Equipment,341.54,358.52,218.04,344.02,339.03,346.25,339.08,292.34,-0.2,6.8,364.76,327.75
ROL,"Rollins, Inc.",Industrials,Environmental & Facilities Services,57.17,58.48,45.24,57.58,57.93,57.51,56.67,52.55,0.0,3.73,59.3,55.72
ROP,Roper Technologies,Information Technology,Electronic Equipment & Instruments,532.16,592.1,501.26,525.76,530.71,543.24,553.88,556.17,-0.4,7.48,571.97,514.53
ROST,Ross Stores,Consumer Discretionary,Apparel Retail,146.35,155.29,122.55,147.79,146.42,142.31,135.71,140.34,0.0,3.48,151.44,133.18
RCL,Royal Caribbean Group,Consumer Discretionary,"Hotels, Resorts & Cruise Lines",328.24,352.84,154.84,316.2,312.05,324.47,312.82,251.26,0.4,9.36,358.96,289.97
SPGI,S&P Global,Financials,Financial Exchanges & Data,550.23,564.15,437.5,558.5,559.0,547.48,530.53,509.45,0.2,4.91,577.25,517.68
CRM,Salesforce,Information Technology,Application Software,243.32,366.29,231.66,237.56,239.86,251.5,260.16,292.53,-0.4,14.21,277.9,225.1
SBAC,SBA Communications,Real Estate,Telecom Tower REITs,216.3,245.74,190.85,218.11,219.26,225.21,228.98,219.29,0.4,10.52,239.05,211.37
SLB,Schlumberger,Energy,Oil & Gas Equipment & Services,33.35,44.61,31.68,33.21,33.04,33.81,34.58,37.63,0.0,7.89,35.98,31.64
STX,Seagate Technology,Information Technology,"Technology Hardware, Storage & Peripherals",157.71,157.71,66.19,156.08,152.96,152.49,144.57,106.47,0.2,0.91,159.15,145.84
SRE,Sempra,Utilities,Multi-Utilities,80.56,92.47,63.23,81.6,81.67,81.27,77.52,78.42,-0.2,3.14,83.09,79.46
NOW,ServiceNow,Information Technology,Systems Software,883.92,1170.39,721.65,863.75,873.92,917.99,964.95,974.37,-0.4,15.17,1018.01,818.01
SHW,Sherwin-Williams,Materials,Specialty Chemicals,359.36,397.11,312.15,362.78,356.96,347.64,345.99,351.99,0.0,2.84,369.57,325.7
SPG,Simon Property Group,Real Estate,Retail REITs,172.47,183.07,138.55,171.95,169.31,167.18,163.5,165.69,-0.2,0.78,173.82,160.56
SWKS,Skyworks Solutions,Information Technology,Semiconductors,74.39,106.51,48.7,73.92,71.49,71.2,72.96,74.36,-0.2,2.27,76.08,66.33
SJM,J.M. Smucker Company (The),Consumer Staples,Packaged Foods & Meats,111.15,117.29,93.48,110.88,110.02,109.04,103.78,107.54,0.0,0.76,111.99,106.08
SW,Smurfit Westrock,Materials,Paper & Plastic Packaging Products & Materials,42.67,55.13,37.46,43.43,43.27,44.79,44.43,47.03,-0.4,14.48,48.85,40.74
SNA,Snap-on,Industrials,Industrial Machinery & Supplies & Components,323.09,366.61,265.78,326.64,324.24,324.89,319.97,330.53,-0.4,3.28,333.69,316.08
SOLV,Solventum,Health Care,Health Care Technology,71.0,84.04,58.84,72.42,72.43,72.84,73.95,72.21,0.2,5.62,74.99,70.7
SO,Southern Company,Utilities,Electric Utilities,92.95,96.0,79.61,93.99,94.36,94.74,92.56,87.91,-0.2,3.38,96.09,93.4
LUV,Southwest Airlines,Industrials,Passenger Airlines,31.23,37.7,23.9,31.02,30.3,31.44,32.89,31.39,0.2,15.15,35.96,26.93
SWK,Stanley Black & Decker,Industrials,Industrial Machinery & Supplies & Components,75.12,106.67,55.14,74.2,71.55,71.09,69.61,75.26,-0.2,2.44,76.95,65.24
SBUX,Starbucks,Consumer Discretionary,Restaurants,92.67,114.25,78.61,92.41,91.31,91.66,92.12,93.71,-0.2,4.04,96.41,86.91
STT,State Street Corporation,Financials,Asset Management & Custody Banks,110.97,113.6,74.79,111.71,111.01,111.17,106.69,96.2,0.2,2.57,113.82,108.51
STLD,Steel Dynamics,Materials,Steel,125.89,152.49,106.43,126.93,124.79,126.25,129.45,128.24,0.4,5.48,132.79,119.71
STE,Steris,Health Care,Health Care Equipment,244.78,251.96,201.46,245.46,239.31,233.3,234.64,224.48,0.4,2.49,250.88,215.71
SYK,Stryker Corporation,Health Care,Health Care Equipment,380.9,403.53,331.18,379.38,378.33,386.66,386.57,377.74,0.0,6.92,407.26,366.06
SMCI,Supermicro,Information Technology,"Technology Hardware, Storage & Peripherals",46.08,62.88,18.01,45.89,47.0,51.59,48.85,39.04,0.0,37.13,63.19,39.99
SYF,Synchrony Financial,Financials,Consumer Finance,71.54,72.83,43.38,72.16,70.77,70.65,67.65,61.54,0.2,3.1,73.76,67.54
SNPS,Synopsys,Information Technology,Application Software,624.44,645.35,380.9,620.62,621.33,620.8,560.74,507.73,0.2,3.18,644.3,597.28
SYY,Sysco,Consumer Staples,Food Distributors,79.1,82.19,67.53,80.55,80.44,80.16,77.52,74.09,0.2,3.5,81.87,78.46
TMUS,T-Mobile US,Communication Services,Wireless Telecommunication Services,255.98,271.83,190.96,252.81,247.9,243.64,236.4,240.3,0.2,0.31,256.77,230.52
TROW,T. Rowe Price,Financials,Asset Management & Custody Banks,106.39,120.07,79.19,108.01,106.55,105.95,100.96,101.97,-0.4,3.22,109.82,102.09
TTWO,Take-Two Interactive,Communication Services,Interactive Home Entertainment,233.75,243.05,146.38,233.56,228.74,227.05,233.41,209.09,0.6,1.17,236.48,217.62
TPR,"Tapestry, Inc.",Consumer Discretionary,"Apparel, Accessories & Luxury Goods",99.59,113.53,38.32,104.08,106.96,107.7,96.91,76.23,-0.4,16.8,116.32,99.08
TRGP,Targa Resources,Energy,Oil & Gas Storage & Transportation,161.79,213.93,138.82,165.05,165.0,165.01,167.5,179.4,-0.2,4.34,168.81,161.2
TGT,Target Corporation,Consumer Staples,Consumer Staples Merchandise Retail,104.86,154.72,86.82,104.52,103.99,103.42,100.79,112.84,-0.2,2.86,107.86,98.98
TEL,TE Connectivity,Information Technology,Electronic Manufacturing Services,203.9,209.34,121.47,204.8,202.73,203.02,183.26,156.25,0.2,5.38,214.87,191.17
TDY,Teledyne Technologies,Information Technology,Electronic Equipment & Instruments,535.45,563.66,413.36,543.65,545.75,548.69,527.38,494.13,-0.2,4.58,559.97,537.4
TER,Teradyne,Information Technology,Semiconductor Materials & Equipment,110.59,139.64,67.86,111.49,108.79,103.14,95.55,100.3,0.0,7.6,118.99,87.27
TSLA,"Tesla, Inc.",Consumer Discretionary,Automobile Manufacturers,334.22,479.86,205.75,336.12,330.02,323.61,320.32,326.92,-0.2,3.93,347.35,299.87
TXN,Texas Instruments,Information Technology,Semiconductors,193.84,219.66,143.34,193.68,189.65,188.68,199.53,186.32,0.6,4.65,202.85,174.5
TPL,Texas Pacific Land Corporation,Energy,Oil & Gas Exploration & Production,892.54,1723.85,784.85,885.29,892.03,927.44,1005.41,1233.53,0.0,14.21,1019.37,835.48
TXT,Textron,Industrials,Aerospace & Defense,79.46,91.11,60.7,79.71,78.62,79.37,80.09,76.78,0.2,6.67,84.76,73.98
TMO,Thermo Fisher Scientific,Health Care,Life Sciences Tools & Services,490.64,622.18,390.26,485.38,472.01,470.47,436.11,484.83,-0.2,2.01,500.5,440.45
TJX,TJX Companies,Consumer Discretionary,Apparel Retail,132.87,134.6,110.06,133.02,131.96,128.88,125.79,123.23,0.4,2.03,135.57,122.19
TKO,TKO Group Holdings,Communication Services,Movies & Entertainment,185.28,191.28,113.12,188.49,176.55,172.19,171.95,153.77,0.4,4.25,193.15,151.24
TTD,Trade Desk (The),Communication Services,Advertising,54.98,139.51,45.27,53.1,63.85,74.91,73.89,87.8,-0.2,94.43,106.9,42.92
TSCO,Tractor Supply,Consumer Discretionary,Other Specialty Retail,61.37,61.37,47.8,60.12,59.94,59.26,56.13,54.07,0.4,-0.15,61.28,57.25
TT,Trane Technologies,Industrials,Building Products,428.3,472.54,314.52,430.82,429.61,441.16,435.29,391.8,0.0,10.6,473.7,408.65
TDG,TransDigm Group,Industrials,Aerospace & Defense,1396.57,1620.83,1205.1,1406.74,1408.03,1504.61,1501.41,1377.7,0.2,21.7,1699.63,1309.62
TRV,Travelers Companies (The),Financials,Property & Casualty Insurance,264.82,275.2,212.84,266.44,265.95,263.46,262.58,254.97,0.2,2.2,270.65,256.28
TRMB,Trimble Inc.,Information Technology,Electronic Equipment & Instruments,82.43,85.24,54.04,83.28,83.21,83.67,79.19,71.95,0.2,3.86,85.61,81.74
TFC,Truist Financial,Financials,Diversified Banks,44.26,46.42,33.92,44.49,43.61,43.85,42.86,41.98,0.2,3.43,45.78,41.91
TYL,Tyler Technologies,Information Technology,Application Software,569.81,646.74,521.68,571.86,585.85,576.67,576.52,585.62,-0.4,7.66,613.46,539.86
TSN,Tyson Foods,Consumer Staples,Packaged Foods & Meats,56.01,64.25,52.3,56.65,56.42,54.98,55.01,57.57,0.0,3.89,58.19,51.78
USB,U.S. Bancorp,Financials,Diversified Banks,46.04,51.9,36.0,46.24,45.37,45.5,45.32,44.96,0.4,2.65,47.26,43.73
UBER,Uber,Industrials,Passenger Ground Transportation,94.02,97.48,59.93,92.12,91.2,90.22,90.24,77.7,0.4,0.02,94.04,86.39
UDR,"UDR, Inc.",Real Estate,Multi-Family Residential REITs,38.16,45.23,37.29,38.21,38.23,39.09,39.99,41.41,-0.4,8.44,41.38,36.8
ULTA,Ulta Beauty,Consumer Discretionary,Other Specialty Retail,519.14,532.71,314.47,523.01,514.45,513.59,488.99,414.5,0.2,2.13,530.2,496.97
UNP,Union Pacific Corporation,Industrials,Rail Transportation,220.3,251.7,207.02,220.92,221.76,223.24,226.76,229.68,-0.2,4.35,229.88,216.6
UAL,United Airlines Holdings,Industrials,Passenger Airlines,102.31,110.52,41.33,100.13,94.38,91.95,85.89,86.83,0.0,-0.27,102.03,81.88
UPS,United Parcel Service,Industrials,Air Freight & Logistics,86.81,133.4,84.5,87.89,87.19,90.9,96.86,109.25,0.0,20.42,104.54,77.26
URI,United Rentals,Industrials,Trading Companies & Distributors,914.95,932.23,549.5,918.53,889.59,875.59,802.68,731.95,0.4,3.39,945.97,805.19
UNH,UnitedHealth Group,Health Care,Managed Health Care,310.66,615.84,237.77,283.91,266.42,266.95,288.69,439.46,0.4,-0.84,308.05,225.87
UHS,Universal Health Services,Health Care,Health Care Facilities,178.08,240.75,154.95,177.8,173.02,167.3,173.18,182.69,-0.2,2.41,182.37,152.23
VLO,Valero Energy,Energy,Oil & Gas Refining & Marketing,136.3,153.55,102.97,135.69,134.64,137.38,138.61,129.39,0.0,6.9,145.7,129.05
VTR,Ventas,Real Estate,Health Care REITs,67.37,69.55,56.07,67.84,68.22,67.59,65.1,63.63,0.2,3.0,69.39,65.8
VLTO,Veralto,Industrials,Environmental & Facilities Services,106.91,113.22,85.23,108.08,107.68,105.91,102.71,100.43,0.2,3.11,110.23,101.58
VRSN,Verisign,Information Technology,Internet Services & Infrastructure,267.61,305.98,176.2,266.97,268.96,275.61,280.37,240.88,0.0,12.32,300.58,250.63
VRSK,Verisk Analytics,Industrials,Research & Consulting Services,266.2,320.87,260.0,265.19,265.26,276.23,294.55,290.95,0.4,14.1,303.73,248.73
VZ,Verizon,Communication Services,Integrated Telecommunication Services,44.35,45.03,36.62,43.81,43.33,43.08,42.44,41.22,0.4,-0.52,44.12,42.04
VRTX,Vertex Pharmaceuticals,Health Care,Biotechnology,390.5,516.74,366.54,391.46,383.45,425.66,443.81,458.79,-0.2,30.98,511.48,339.84
VTRS,Viatris,Health Care,Pharmaceuticals,10.67,13.02,7.16,10.5,9.92,9.52,9.23,9.96,0.0,1.22,10.8,8.25
VICI,Vici Properties,Real Estate,Hotel & Resort REITs,32.26,33.93,27.46,32.65,32.85,32.99,32.74,30.98,0.2,4.87,33.83,32.14
V,Visa Inc.,Financials,Transaction & Payment Processing Services,341.52,372.65,264.61,342.15,338.98,344.32,349.88,335.69,0.2,5.11,358.97,329.67
VST,Vistra Corp.,Utilities,Electric Utilities,198.15,214.06,73.19,202.53,203.09,202.01,191.82,155.54,0.0,8.27,214.54,189.49
VMC,Vulcan Materials Company,Materials,Construction Materials,290.04,295.15,219.65,292.26,287.76,280.22,269.91,262.62,0.4,2.61,297.61,262.83
WRB,W. R. Berkley Corporation,Financials,Property & Casualty Insurance,70.37,74.57,55.33,70.82,70.54,69.7,70.6,65.2,0.2,1.95,71.74,67.67
GWW,W. W. Grainger,Industrials,Industrial Machinery & Supplies & Components,972.99,1212.97,915.74,972.05,957.95,989.88,1023.22,1052.74,-0.2,11.27,1082.65,897.14
WAB,Wabtec,Industrials,Construction Machinery & Heavy Transportation Equipment,189.88,214.1,157.51,191.36,190.41,193.6,202.06,194.15,0.4,9.64,208.18,179.02
WBA,Walgreens Boots Alliance,Consumer Staples,Drug Retail,11.98,12.93,8.01,11.95,11.9,11.75,11.56,10.69,0.2,0.75,12.07,11.43
WMT,Walmart,Consumer Staples,Consumer Staples Merchandise Retail,100.33,104.27,72.27,101.02,101.73,99.51,97.47,93.54,0.2,4.44,104.78,94.24
DIS,Walt Disney Company (The),Communication Services,Movies & Entertainment,116.76,124.01,81.37,115.76,115.02,117.62,118.98,108.4,0.0,6.18,123.98,111.27
WBD,Warner Bros. Discovery,Communication Services,Broadcasting,11.85,13.7,6.94,11.75,11.78,12.49,11.69,10.31,0.0,20.08,14.23,10.76
WM,Waste Management,Industrials,Environmental & Facilities Services,223.95,241.26,199.11,227.96,230.66,230.33,230.04,223.87,0.0,5.77,236.87,223.79
WAT,Waters Corporation,Health Care,Life Sciences Tools & Services,291.04,417.28,277.72,291.69,285.59,290.48,318.45,356.83,-0.2,5.46,306.93,274.05
WEC,WEC Energy Group,Utilities,Electric Utilities,106.69,110.37,86.3,107.95,108.57,108.51,105.87,101.5,-0.2,3.5,110.42,106.6
WFC,Wells Fargo,Financials,Diversified Banks,77.3,83.83,50.45,78.24,77.79,79.54,78.74,73.5,0.0,9.28,84.47,74.62
WELL,Welltower,Real Estate,Health Care REITs,162.92,168.94,113.43,163.11,165.62,164.27,157.48,144.27,0.2,4.74,170.64,157.9
WST,West Pharmaceutical Services,Health Care,Health Care Supplies,244.59,347.02,190.04,244.62,242.11,244.27,230.46,259.61,-0.2,9.91,268.83,219.73
WDC,Western Digital,Information Technology,"Technology Hardware, Storage & Peripherals",76.02,78.69,30.48,75.86,75.3,73.54,66.84,51.95,0.2,5.52,80.22,66.86
WY,Weyerhaeuser,Real Estate,Timber REITs,25.82,33.15,24.49,26.0,25.78,25.74,26.05,27.86,-0.2,2.75,26.53,24.95
WSM,"Williams-Sonoma, Inc.",Consumer Discretionary,Homefurnishing Retail,201.46,215.83,126.49,205.46,203.09,194.82,176.1,173.18,0.2,6.19,213.93,175.71
WMB,Williams Companies,Energy,Oil & Gas Storage & Transportation,56.56,62.87,42.31,57.4,57.85,58.31,58.95,56.91,0.4,6.65,60.32,56.31
WTW,Willis Towers Watson,Financials,Insurance Brokers,328.67,338.92,276.66,330.77,328.61,319.59,309.64,314.86,0.0,3.35,339.68,299.5
WDAY,"Workday, Inc.",Information Technology,Application Software,231.25,279.91,210.47,223.39,222.77,228.94,234.77,248.96,-0.2,6.43,246.12,211.76
WYNN,Wynn Resorts,Consumer Discretionary,Casinos & Gaming,108.49,112.49,65.93,110.73,109.08,108.91,102.31,90.21,0.0,3.46,112.24,105.58
XEL,Xcel Energy,Utilities,Multi-Utilities,71.91,74.24,56.96,72.31,72.78,72.79,69.99,68.28,-0.2,3.17,74.19,71.4
XYL,Xylem Inc.,Industrials,Industrial Machinery & Supplies & Components,140.64,144.62,102.53,142.05,142.65,138.93,133.02,124.42,0.2,6.53,149.82,128.04
YUM,Yum! Brands,Consumer Discretionary,Restaurants,150.33,161.74,122.07,146.43,143.81,145.0,145.65,142.39,0.4,0.23,150.68,139.33
ZBRA,Zebra Technologies,Information Technology,Electronic Equipment & Instruments,318.54,421.11,213.54,326.02,318.71,326.77,316.43,329.02,-0.4,9.43,348.58,304.96
ZBH,Zimmer Biomet,Health Care,Health Care Equipment,102.94,115.11,89.98,102.57,99.38,97.05,94.52,101.86,0.0,2.3,105.31,88.78
ZTS,Zoetis,Health Care,Pharmaceuticals,153.19,194.12,143.44,152.51,149.98,150.25,154.81,162.24,0.2,1.49,155.47,145.03
