Symbol,Company,GICS_Sector,GICS_Sub_Industry,Current_Price,52_Week_High,52_Week_Low,SMA_5,SMA_10,SMA_20,SMA_50,SMA_100,SMA_125,SMA_200
MMM,3M,Industrials,Industrial Conglomerates,154.27,163.4,120.83,156.09,155.56,154.49,152.72,147.25,146.79,143.03
AOS,A. O. Smith,Industrials,Building Products,70.38,90.29,58.25,71.62,72.07,71.77,69.87,67.62,67.17,67.75
ABT,Abbott Laboratories,Health Care,Health Care Equipment,131.46,139.95,109.57,131.71,131.87,131.49,130.76,131.01,130.52,126.46
ABBV,AbbVie,Health Care,Biotechnology,211.92,214.8,159.42,209.33,208.96,204.91,195.04,189.17,191.86,186.48
ACN,Accenture,Information Technology,IT Consulting & Other Services,256.17,394.41,236.67,256.97,256.5,250.25,271.61,288.22,292.92,318.02
ADBE,Adobe Inc.,Information Technology,Application Software,345.63,587.75,330.04,353.51,356.07,350.41,363.24,375.78,379.89,411.63
AMD,Advanced Micro Devices,Information Technology,Semiconductors,162.32,186.65,76.48,165.46,165.39,170.13,159.83,133.53,126.99,125.41
AES,AES Corporation,Utilities,Independent Power Producers & Energy Traders,13.41,19.17,9.28,13.43,13.36,13.17,12.61,11.53,11.57,11.58
AFL,Aflac,Financials,Life & Health Insurance,105.62,113.54,96.14,106.83,107.24,105.18,103.11,103.6,104.21,104.27
A,Agilent Technologies,Health Care,Life Sciences Tools & Services,125.21,153.19,96.23,122.56,121.0,118.73,118.39,114.24,114.9,123.5
APD,Air Products,Materials,Industrial Gases,292.19,336.92,242.14,293.98,293.95,291.82,290.36,280.69,282.26,292.36
ABNB,Airbnb,Consumer Discretionary,"Hotels, Resorts & Cruise Lines",127.59,163.93,99.88,129.06,128.08,126.1,132.03,129.85,128.69,131.42
AKAM,Akamai Technologies,Information Technology,Internet Services & Infrastructure,76.98,106.8,67.51,77.94,77.27,75.41,77.48,77.59,78.14,84.09
ALB,Albemarle Corporation,Materials,Specialty Chemicals,79.54,112.1,49.11,83.72,81.88,79.35,73.97,66.0,67.21,75.92
ARE,Alexandria Real Estate Equities,Real Estate,Office REITs,80.91,118.73,66.16,81.55,80.22,77.57,77.32,74.58,78.08,85.18
ALGN,Align Technology,Health Care,Health Care Supplies,137.16,262.87,127.7,140.8,142.66,141.65,170.41,174.23,172.14,188.89
ALLE,Allegion,Industrials,Building Products,167.99,172.95,116.14,170.46,169.99,168.04,158.68,147.74,143.59,139.4
LNT,Alliant Energy,Utilities,Electric Utilities,64.66,67.11,54.71,65.25,65.79,65.54,63.69,62.1,62.05,60.99
ALL,Allstate,Financials,Property & Casualty Insurance,203.34,213.71,173.88,202.91,204.76,205.42,199.04,198.88,199.16,196.01
GOOGL,Alphabet Inc. (Class A),Communication Services,Interactive Media & Services,211.35,214.65,140.36,210.1,206.57,203.55,191.09,177.63,174.35,178.36
GOOG,Alphabet Inc. (Class C),Communication Services,Interactive Media & Services,211.99,215.34,142.49,210.81,207.32,204.33,191.96,178.86,175.74,179.83
MO,Altria,Consumer Staples,Tobacco,67.13,68.6,46.28,66.72,67.02,65.91,61.98,59.97,59.22,56.41
AMZN,Amazon,Consumer Discretionary,Broadline Retail,225.34,242.52,161.38,228.75,227.43,225.85,224.3,211.08,207.61,212.91
AMCR,Amcor,Materials,Paper & Plastic Packaging Products & Materials,8.42,11.04,8.25,8.51,8.55,8.95,9.29,9.22,9.28,9.43
AEE,Ameren,Utilities,Multi-Utilities,99.72,103.59,78.91,100.2,100.9,101.15,99.07,97.81,97.81,95.55
AEP,American Electric Power,Utilities,Electric Utilities,110.09,115.08,87.57,111.68,112.48,112.38,108.41,105.59,105.15,101.38
AXP,American Express,Financials,Consumer Finance,331.18,332.06,219.87,326.5,319.01,310.05,311.08,296.11,289.44,293.86
AIG,American International Group,Financials,Multi-line Insurance,81.05,87.61,68.55,81.75,82.13,80.56,81.24,82.0,82.07,79.02
AMT,American Tower,Real Estate,Telecom Tower REITs,200.49,235.86,169.77,203.52,206.65,206.48,215.33,214.47,213.55,204.26
AWK,American Water Works,Utilities,Water Utilities,141.41,153.69,116.64,143.31,144.38,143.72,141.92,142.02,141.99,136.27
AMP,Ameriprise Financial,Financials,Asset Management & Custody Banks,512.82,576.69,393.57,515.88,512.47,509.84,520.34,506.78,501.43,516.26
AME,Ametek,Industrials,Electrical Components & Equipment,184.81,197.35,144.77,185.93,185.42,184.6,182.0,177.14,176.33,179.91
AMGN,Amgen,Health Care,Biotechnology,286.92,330.26,247.06,287.56,290.06,288.69,290.87,284.79,288.91,283.72
APH,Amphenol,Information Technology,Electronic Components,109.25,112.35,56.35,110.02,109.66,109.75,104.43,93.27,87.47,81.12
ADI,Analog Devices,Information Technology,Semiconductors,248.32,258.13,157.93,253.0,249.4,238.78,237.33,222.47,218.54,217.17
AON,Aon plc,Financials,Insurance Brokers,371.96,411.24,322.37,368.57,371.1,368.46,360.93,360.34,366.52,369.03
APA,APA Corporation,Energy,Oil & Gas Exploration & Production,23.84,28.02,13.18,22.95,22.0,20.92,19.71,18.33,18.43,19.67
APO,Apollo Global Management,Financials,Asset Management & Custody Banks,135.84,187.59,101.84,135.72,135.31,138.5,142.46,137.38,136.61,146.87
AAPL,Apple Inc.,Information Technology,"Technology Hardware, Storage & Peripherals",229.72,259.18,168.8,230.84,229.06,227.03,215.96,208.98,210.25,220.71
AMAT,Applied Materials,Information Technology,Semiconductor Materials & Equipment,157.57,213.48,123.04,162.5,161.91,170.78,181.04,169.38,164.93,167.84
APTV,Aptiv,Consumer Discretionary,Automotive Parts & Equipment,78.39,81.13,47.19,79.61,78.1,74.05,71.27,66.66,65.59,63.64
ACGL,Arch Capital Group,Financials,Property & Casualty Insurance,91.32,110.75,82.49,91.33,92.02,90.82,89.6,91.1,91.39,92.18
ADM,Archer Daniels Midland,Consumer Staples,Agricultural Products & Services,62.05,64.38,40.22,62.58,62.13,60.09,56.31,52.1,50.9,50.12
ANET,Arista Networks,Information Technology,Communications Equipment,135.87,141.99,59.43,135.24,133.88,135.14,118.96,102.94,98.34,101.94
AJG,Arthur J. Gallagher & Co.,Financials,Insurance Brokers,302.57,350.53,272.64,300.77,301.47,296.07,304.48,317.37,320.07,312.71
AIZ,Assurant,Financials,Multi-line Insurance,214.57,227.97,174.28,215.85,215.3,211.01,198.49,197.19,198.64,203.57
T,AT&T,Communication Services,Integrated Telecommunication Services,29.08,29.65,18.74,28.99,29.01,28.66,28.06,27.63,27.42,25.79
ATO,Atmos Energy,Utilities,Gas Utilities,165.46,167.99,125.29,165.86,165.82,164.18,158.23,156.44,154.83,149.84
ADSK,Autodesk,Information Technology,Application Software,319.16,326.62,232.67,298.15,293.03,291.65,297.74,291.32,284.96,290.21
ADP,Automatic Data Processing,Industrials,Human Resource & Employment Services,299.77,328.29,262.35,302.89,304.59,303.54,304.59,306.06,304.07,301.75
AZO,AutoZone,Consumer Discretionary,Automotive Retail,4179.84,4229.68,2898.57,4192.21,4162.61,4095.94,3879.65,3788.17,3760.11,3585.83
AVB,AvalonBay Communities,Real Estate,Multi-Family Residential REITs,189.02,233.48,178.86,193.12,192.4,190.15,196.2,199.7,201.22,207.57
AVY,Avery Dennison,Materials,Paper & Plastic Packaging Products & Materials,169.31,221.17,156.18,171.7,173.96,173.35,175.95,175.35,175.56,180.69
AXON,Axon Enterprise,Industrials,Aerospace & Defense,743.59,885.92,346.71,762.3,762.39,785.83,771.1,727.86,690.26,662.37
BKR,Baker Hughes,Energy,Oil & Gas Equipment & Services,45.36,48.6,31.55,45.11,44.4,43.72,41.92,39.57,40.03,41.23
BALL,Ball Corporation,Materials,"Metal, Glass & Plastic Containers",51.06,67.39,43.35,52.15,52.65,53.19,56.07,54.0,53.41,54.05
BAC,Bank of America,Financials,Diversified Banks,50.42,50.92,32.88,50.46,49.59,48.07,47.64,44.73,43.86,44.39
BAX,Baxter International,Health Care,Health Care Equipment,24.17,39.59,21.18,24.36,24.25,23.86,26.59,28.26,29.24,29.94
BDX,Becton Dickinson,Health Care,Health Care Equipment,188.15,249.34,162.35,192.37,195.0,192.49,183.29,181.71,190.0,203.94
BBY,Best Buy,Consumer Discretionary,Computer & Electronics Retail,74.46,99.71,54.24,73.98,73.83,71.8,69.86,68.63,69.04,74.86
TECH,Bio-Techne,Health Care,Life Sciences Tools & Services,53.42,80.52,45.87,55.08,55.24,53.75,53.59,51.58,53.08,60.09
BIIB,Biogen,Health Care,Biotechnology,139.63,206.7,110.04,135.52,137.02,134.62,131.54,127.95,130.0,137.13
BLK,BlackRock,Financials,Asset Management & Custody Banks,1114.77,1171.89,769.66,1128.76,1131.08,1132.88,1102.39,1021.68,1002.16,1002.59
BX,Blackstone Inc.,Financials,Asset Management & Custody Banks,169.55,196.67,114.16,171.21,169.12,170.04,164.81,150.39,148.3,157.52
XYZ,"Block, Inc.",Financials,Transaction & Payment Processing Services,76.23,99.26,44.27,78.96,77.56,76.52,73.58,65.76,64.02,72.33
BK,BNY Mellon,Financials,Asset Management & Custody Banks,104.7,106.57,64.5,105.2,103.58,102.95,98.41,91.47,89.44,86.15
BA,Boeing,Industrials,Aerospace & Defense,237.38,242.69,128.88,235.73,231.07,230.49,225.07,208.34,199.25,187.87
BKNG,Booking Holdings,Consumer Discretionary,"Hotels, Resorts & Cruise Lines",5505.55,5839.41,3680.94,5615.59,5643.7,5550.7,5607.64,5375.4,5209.39,5116.26
BSX,Boston Scientific,Health Care,Health Care Equipment,106.66,108.94,79.53,106.03,105.65,104.43,104.59,103.02,102.13,99.86
BMY,Bristol Myers Squibb,Health Care,Pharmaceuticals,47.41,61.84,42.96,47.26,47.64,47.16,46.95,47.39,49.53,51.93
AVGO,Broadcom,Information Technology,Semiconductors,298.24,317.35,133.38,300.51,296.65,300.95,288.21,253.0,238.28,226.84
BR,Broadridge Financial Solutions,Industrials,Data Processing & Outsourced Services,251.96,271.91,203.77,256.02,258.46,260.84,249.56,243.39,241.27,237.5
BRO,Brown & Brown,Financials,Insurance Brokers,95.43,125.31,90.24,96.15,96.42,95.18,100.56,106.1,108.75,108.19
BLDR,Builders FirstSource,Industrials,Building Products,137.36,203.14,102.6,140.12,139.11,137.02,131.0,122.67,123.64,137.4
BG,Bunge Global,Consumer Staples,Agricultural Products & Services,81.42,98.35,65.6,83.97,84.08,82.76,79.42,78.57,77.51,77.44
BXP,"BXP, Inc.",Real Estate,Office REITs,72.4,86.38,53.45,71.42,69.59,67.2,68.15,67.05,66.58,68.68
CHRW,C.H. Robinson,Industrials,Air Freight & Logistics,128.89,131.17,84.13,128.37,126.11,122.58,108.85,100.93,100.32,101.26
CDNS,Cadence Design Systems,Information Technology,Application Software,342.81,376.45,221.56,347.69,347.32,350.35,334.64,314.83,301.95,300.2
CZR,Caesars Entertainment,Consumer Discretionary,Casinos & Gaming,25.89,45.93,21.4,26.6,26.2,25.56,27.71,27.53,27.4,30.47
CPT,Camden Property Trust,Real Estate,Multi-Family Residential REITs,108.58,124.31,101.41,110.21,109.41,107.76,110.88,112.7,113.65,114.35
CPB,Campbell's Company (The),Consumer Staples,Packaged Foods & Meats,31.46,50.77,29.39,31.82,32.24,32.35,31.82,33.3,34.3,36.45
COF,Capital One,Financials,Consumer Finance,223.27,231.82,129.97,225.42,221.08,217.06,215.31,200.59,194.55,192.42
CAH,Cardinal Health,Health Care,Health Care Distributors,149.55,168.44,104.89,148.91,149.23,150.98,157.06,152.46,148.0,138.39
KMX,CarMax,Consumer Discretionary,Automotive Retail,59.69,91.25,54.53,60.99,59.99,58.4,61.79,63.94,66.05,72.41
CCL,Carnival,Consumer Discretionary,"Hotels, Resorts & Cruise Lines",31.16,32.77,15.07,31.95,31.04,30.26,29.39,25.33,24.22,24.66
CARR,Carrier Global,Industrials,Building Products,63.5,82.31,53.89,65.79,66.15,66.09,71.06,69.52,68.46,68.67
CAT,Caterpillar Inc.,Industrials,Construction Machinery & Heavy Transportation Equipment,416.05,441.15,265.05,426.79,425.65,421.25,412.47,371.39,362.58,365.16
CBOE,Cboe Global Markets,Financials,Financial Exchanges & Data,231.88,255.27,186.22,236.76,242.66,245.5,240.18,231.06,228.04,218.31
CBRE,CBRE Group,Real Estate,Real Estate Services,159.56,165.41,108.45,162.03,161.95,159.31,149.83,137.64,135.76,136.15
CDW,CDW Corporation,Information Technology,Technology Distributors,162.27,227.65,136.33,164.36,165.14,164.41,172.46,171.24,169.53,174.08
COR,Cencora,Health Care,Health Care Distributors,294.85,308.18,216.84,291.32,293.91,291.17,292.62,290.03,285.3,268.59
CNC,Centene Corporation,Health Care,Managed Health Care,29.62,80.59,25.08,28.91,29.06,27.77,32.18,45.51,48.4,52.81
CNP,CenterPoint Energy,Utilities,Multi-Utilities,37.94,39.16,25.67,37.71,37.86,38.08,37.28,37.09,36.68,34.82
CF,CF Industries,Materials,Fertilizers & Agricultural Chemicals,87.43,103.84,66.56,86.87,86.28,85.64,90.21,87.46,85.12,85.38
CRL,Charles River Laboratories,Health Care,Life Sciences Tools & Services,161.25,230.02,91.86,162.86,161.28,157.77,159.4,145.07,148.08,159.79
SCHW,Charles Schwab Corporation,Financials,Investment Banking & Brokerage,96.12,99.42,60.38,96.63,96.23,96.48,94.51,89.21,86.5,83.49
CHTR,Charter Communications,Communication Services,Cable & Satellite,264.42,437.06,254.67,265.89,268.21,265.71,328.66,356.55,357.75,360.48
CVX,Chevron Corporation,Energy,Integrated Oil & Gas,161.83,165.09,129.01,159.67,157.55,155.16,151.24,144.05,146.18,147.48
CMG,Chipotle Mexican Grill,Consumer Discretionary,Restaurants,41.75,66.74,41.18,42.29,42.71,42.75,48.33,49.48,49.52,53.06
CB,Chubb Limited,Financials,Property & Casualty Insurance,276.81,305.88,250.52,274.04,275.46,273.56,275.74,281.34,283.18,279.58
CHD,Church & Dwight,Consumer Staples,Household Products,93.25,115.72,90.22,92.78,93.56,92.8,94.87,96.22,98.53,101.33
CI,Cigna,Health Care,Health Care Services,300.72,365.71,256.89,300.17,301.36,291.52,299.25,310.01,311.82,306.09
CINF,Cincinnati Financial,Financials,Property & Casualty Insurance,152.95,158.92,122.28,153.51,153.52,152.58,149.83,146.24,145.26,144.28
CTAS,Cintas,Industrials,Diversified Support Services,205.51,228.77,179.74,210.01,212.68,217.22,218.62,217.25,213.27,209.58
CSCO,Cisco,Information Technology,Communications Equipment,67.8,72.55,46.57,68.63,67.85,68.59,68.36,64.57,63.58,62.01
C,Citigroup,Financials,Diversified Banks,94.78,97.49,54.51,96.15,95.05,94.22,91.02,81.22,78.57,76.68
CFG,Citizens Financial Group,Financials,Regional Banks,51.6,52.53,31.96,51.85,50.64,49.21,47.76,43.22,42.45,43.35
CLX,Clorox,Consumer Staples,Household Products,119.98,166.9,116.17,118.55,119.44,120.98,122.92,127.55,130.68,140.32
CME,CME Group,Financials,Financial Exchanges & Data,265.4,289.46,198.79,268.08,270.07,274.22,275.49,273.88,271.0,256.59
CMS,CMS Energy,Utilities,Multi-Utilities,71.16,75.33,62.54,71.65,72.24,72.66,71.4,70.96,71.16,69.47
KO,Coca-Cola Company (The),Consumer Staples,Soft Drinks & Non-alcoholic Beverages,69.06,73.85,59.75,68.79,69.45,69.72,69.73,70.37,70.2,67.59
CTSH,Cognizant,Information Technology,IT Consulting & Other Services,71.78,89.77,64.98,71.95,71.67,70.56,73.93,75.3,75.64,77.34
COIN,Coinbase,Financials,Financial Exchanges & Data,303.56,444.65,142.58,306.8,306.66,311.1,347.4,287.8,267.45,272.42
CL,Colgate-Palmolive,Consumer Staples,Household Products,84.39,106.9,82.4,84.09,84.86,84.77,86.83,88.86,89.29,89.32
CMCSA,Comcast,Communication Services,Cable & Satellite,34.13,44.12,31.03,33.83,33.81,33.12,34.06,34.12,34.37,35.5
CAG,Conagra Brands,Consumer Staples,Packaged Foods & Meats,18.77,31.36,18.18,18.93,19.13,19.17,19.34,21.12,21.96,23.25
COP,ConocoPhillips,Energy,Oil & Gas Exploration & Production,98.99,112.56,78.56,98.27,96.97,95.23,93.63,91.01,91.96,94.84
ED,Consolidated Edison,Utilities,Multi-Utilities,97.2,112.97,85.07,98.68,99.93,101.34,100.69,102.83,103.26,99.1
STZ,Constellation Brands,Consumer Staples,Distillers & Vintners,151.26,255.51,149.36,158.23,161.96,165.81,167.34,173.81,174.8,185.22
CEG,Constellation Energy,Utilities,Electric Utilities,307.19,356.57,160.94,313.45,313.2,322.58,322.08,294.22,277.09,273.21
COO,Cooper Companies (The),Health Care,Health Care Supplies,65.33,112.38,61.78,69.02,71.43,71.48,72.14,74.73,76.04,83.23
CPRT,Copart,Industrials,Diversified Support Services,48.48,64.38,45.05,48.66,48.38,47.63,47.39,52.15,52.61,54.83
GLW,Corning Inc.,Information Technology,Electronic Components,68.47,69.01,36.95,67.65,66.35,65.59,58.92,52.67,51.19,50.23
CPAY,Corpay,Financials,Transaction & Payment Processing Services,317.79,400.81,269.02,323.81,322.75,317.57,325.24,326.32,328.6,342.54
CTVA,Corteva,Materials,Fertilizers & Agricultural Chemicals,73.92,77.41,53.27,74.28,73.67,72.69,73.38,69.94,68.06,65.2
CSGP,CoStar Group,Real Estate,Real Estate Services,88.12,97.43,68.26,89.35,89.41,90.55,88.11,82.93,81.97,79.45
COST,Costco,Consumer Staples,Consumer Staples Merchandise Retail,938.82,1075.34,862.73,943.59,956.32,965.97,964.74,982.01,972.06,973.13
CTRA,Coterra,Energy,Oil & Gas Exploration & Production,24.74,29.29,21.55,24.32,23.9,23.87,24.26,24.51,25.03,25.43
CRWD,CrowdStrike,Information Technology,Systems Software,413.5,517.98,242.25,423.88,421.06,426.35,459.47,448.18,429.02,409.29
CCI,Crown Castle,Real Estate,Telecom Tower REITs,98.1,115.8,81.93,99.3,101.14,102.18,103.87,101.99,101.5,97.67
CSX,CSX Corporation,Industrials,Rail Transportation,32.19,37.1,26.01,32.38,33.7,34.68,34.21,32.02,31.48,32.03
CMI,Cummins,Industrials,Construction Machinery & Heavy Transportation Equipment,395.23,406.31,257.24,399.09,398.06,394.38,363.02,335.26,331.35,341.64
CVS,CVS Health,Health Care,Health Care Services,74.09,74.53,42.12,72.57,71.86,68.82,65.84,65.12,65.13,60.66
DHR,Danaher Corporation,Health Care,Life Sciences Tools & Services,203.79,278.43,170.73,205.23,207.32,205.56,201.59,197.54,198.9,209.36
DRI,Darden Restaurants,Consumer Discretionary,Restaurants,208.06,226.68,149.33,206.79,206.96,206.01,208.69,207.31,204.64,195.28
DDOG,Datadog,Information Technology,Application Software,134.69,170.08,81.63,134.07,131.66,131.06,137.0,123.65,119.37,127.7
DVA,DaVita,Health Care,Health Care Services,136.95,179.6,126.07,137.4,137.63,135.04,139.59,140.2,141.82,148.49
DAY,Dayforce,Industrials,Human Resource & Employment Services,69.5,82.69,48.01,69.62,68.86,61.35,58.79,58.21,57.83,63.17
DECK,Deckers Brands,Consumer Discretionary,Footwear,122.88,223.98,93.72,118.21,112.75,108.29,106.09,109.1,110.73,139.73
DE,Deere & Company,Industrials,Agricultural & Farm Machinery,476.78,532.1,371.71,485.54,488.05,495.04,504.03,497.49,491.4,474.49
DELL,Dell Technologies,Information Technology,"Technology Hardware, Storage & Peripherals",120.96,145.54,65.56,128.13,129.4,132.93,128.85,115.39,110.48,112.5
DAL,Delta Air Lines,Industrials,Passenger Airlines,61.13,69.36,34.52,61.46,60.68,58.63,55.12,50.63,49.62,54.7
DVN,Devon Energy,Energy,Oil & Gas Exploration & Production,36.42,43.93,25.71,35.84,35.14,34.13,33.45,32.5,32.89,33.62
DXCM,Dexcom,Health Care,Health Care Equipment,74.3,93.25,57.52,75.44,77.86,78.27,82.09,80.74,78.68,79.93
FANG,Diamondback Energy,Energy,Oil & Gas Exploration & Production,149.86,195.31,112.4,147.76,144.22,142.21,141.9,139.45,140.95,149.48
DLR,Digital Realty,Real Estate,Data Center REITs,162.95,193.72,129.05,167.36,166.54,167.65,171.61,167.8,163.4,167.08
DG,Dollar General,Consumer Staples,Consumer Staples Merchandise Retail,110.46,117.95,65.67,110.53,111.75,112.95,111.83,104.94,100.5,90.41
DLTR,Dollar Tree,Consumer Staples,Consumer Staples Merchandise Retail,111.35,118.06,60.49,111.57,112.14,113.53,110.06,98.28,92.4,84.68
D,Dominion Energy,Utilities,Multi-Utilities,59.14,62.46,47.5,59.8,60.52,60.92,58.88,56.62,56.05,55.31
DPZ,Domino's,Consumer Discretionary,Restaurants,467.3,497.15,390.2,455.67,453.03,449.15,458.36,465.12,462.55,456.06
DASH,DoorDash,Consumer Discretionary,Specialized Consumer Services,244.1,278.15,122.32,246.22,246.11,251.4,245.63,222.49,214.83,202.49
DOV,Dover Corporation,Industrials,Industrial Machinery & Supplies & Components,175.77,220.46,142.22,179.92,179.64,177.98,182.07,177.89,177.5,184.51
DOW,Dow Inc.,Materials,Commodity Chemicals,24.41,51.74,20.11,24.41,24.16,23.02,25.27,26.77,28.15,31.99
DHI,D. R. Horton,Consumer Discretionary,Homebuilding,170.26,197.64,109.8,168.9,167.75,163.47,147.5,134.76,133.29,137.2
DTE,DTE Energy,Utilities,Multi-Utilities,135.65,142.05,112.71,137.06,138.41,139.04,136.51,135.16,134.7,129.51
DUK,Duke Energy,Utilities,Electric Utilities,121.89,126.75,102.41,122.74,123.36,123.47,119.89,118.14,117.82,114.47
DD,DuPont,Materials,Specialty Chemicals,75.79,88.2,53.17,76.85,75.93,73.8,73.1,69.3,70.04,73.08
EMN,Eastman Chemical Company,Materials,Specialty Chemicals,69.42,111.31,56.78,69.01,68.23,65.81,72.17,75.11,77.63,84.12
ETN,Eaton Corporation,Industrials,Electrical Components & Equipment,343.75,398.4,230.37,350.33,348.56,353.08,360.95,334.31,323.38,327.84
EBAY,eBay Inc.,Consumer Discretionary,Broadline Retail,89.89,100.83,55.44,92.15,95.49,95.66,85.37,78.09,75.56,71.33
ECL,Ecolab,Materials,Specialty Chemicals,274.79,286.04,221.08,278.09,280.47,277.77,271.67,262.63,260.44,255.14
EIX,Edison International,Utilities,Electric Utilities,55.79,85.03,46.98,55.39,55.32,55.33,52.96,53.6,53.96,58.69
EW,Edwards Lifesciences,Health Care,Health Care Equipment,81.77,83.0,64.01,81.3,81.07,79.62,78.41,76.6,75.38,74.12
EA,Electronic Arts,Communication Services,Interactive Home Entertainment,171.45,180.7,114.77,171.81,171.58,171.18,160.7,154.06,151.36,148.63
ELV,Elevance Health,Health Care,Managed Health Care,322.33,558.44,273.71,314.25,313.34,302.78,317.41,358.7,371.56,377.32
EMR,Emerson Electric,Industrials,Electrical Components & Equipment,131.38,149.68,89.31,132.95,132.35,132.86,137.05,125.33,122.09,123.13
ENPH,Enphase Energy,Information Technology,Semiconductor Materials & Equipment,36.98,126.19,29.89,37.56,37.07,35.01,37.13,41.4,45.15,53.23
ETR,Entergy,Utilities,Electric Utilities,87.41,91.79,57.35,88.55,88.91,89.32,86.28,84.08,83.69,81.32
EOG,EOG Resources,Energy,Oil & Gas Exploration & Production,126.1,135.49,100.76,123.89,121.62,119.68,119.72,115.92,116.95,120.6
EPAM,EPAM Systems,Information Technology,IT Consulting & Other Services,174.7,269.0,138.15,173.81,171.69,164.02,167.8,167.9,169.51,196.06
EQT,EQT Corporation,Energy,Oil & Gas Exploration & Production,52.38,60.83,31.05,52.13,51.84,51.69,54.01,53.81,53.18,51.12
EFX,Equifax,Industrials,Research & Consulting Services,234.03,308.07,199.6,243.55,246.72,245.25,250.98,254.1,250.86,252.92
EQIX,Equinix,Real Estate,Data Center REITs,771.56,977.63,693.42,783.29,780.25,776.86,781.92,816.54,817.41,855.47
EQR,Equity Residential,Real Estate,Multi-Family Residential REITs,64.01,76.06,58.81,65.01,64.83,64.1,65.63,67.04,67.32,68.41
ERIE,Erie Indemnity,Financials,Insurance Brokers,338.06,539.84,331.01,348.94,356.14,358.69,353.57,361.17,372.14,384.56
ESS,Essex Property Trust,Real Estate,Multi-Family Residential REITs,260.6,310.81,241.65,266.22,265.05,260.54,273.43,275.55,278.82,281.65
EL,Estée Lauder Companies (The),Consumer Staples,Personal Care Products,90.79,101.93,48.12,91.34,90.08,90.55,88.4,75.74,73.68,73.52
EG,Everest Group,Financials,Reinsurance,345.35,400.59,318.14,341.83,342.38,336.72,336.17,340.09,342.81,347.38
EVRG,Evergy,Utilities,Electric Utilities,71.27,73.29,55.96,71.51,71.71,71.83,69.9,67.96,67.5,65.41
ES,Eversource Energy,Utilities,Electric Utilities,63.7,67.15,51.64,64.2,64.77,65.17,65.1,63.23,62.5,60.82
EXC,Exelon,Utilities,Electric Utilities,43.37,47.26,34.98,43.92,44.34,44.51,43.68,43.85,43.78,41.8
EXE,Expand Energy,Energy,Oil & Gas Exploration & Production,98.21,121.47,66.93,96.76,95.56,96.02,101.96,105.64,105.13,102.5
EXPE,Expedia Group,Consumer Discretionary,"Hotels, Resorts & Cruise Lines",212.12,216.21,125.66,213.33,211.19,204.24,188.94,175.63,173.74,177.84
EXPD,Expeditors International,Industrials,Air Freight & Logistics,120.85,129.91,99.78,121.32,120.61,119.8,117.05,114.11,114.52,114.54
EXR,Extra Space Storage,Real Estate,Self-Storage REITs,140.86,178.97,119.72,141.78,141.0,139.04,144.4,144.5,144.46,147.39
XOM,ExxonMobil,Energy,Integrated Oil & Gas,114.69,121.93,96.01,113.31,111.48,108.68,109.43,107.12,107.77,108.05
FFIV,"F5, Inc.",Information Technology,Communications Equipment,306.73,334.0,197.34,314.32,315.0,317.47,306.48,291.71,286.41,280.12
FDS,FactSet,Financials,Financial Exchanges & Data,368.88,495.04,362.41,374.97,377.23,377.5,408.82,422.92,425.15,441.81
FICO,Fair Isaac,Information Technology,Application Software,1504.88,2402.52,1300.0,1474.48,1430.29,1383.54,1534.25,1713.47,1733.84,1844.65
FAST,Fastenal,Industrials,Trading Companies & Distributors,49.19,50.63,31.03,49.84,49.84,48.91,46.14,43.33,42.18,40.39
FRT,Federal Realty Investment Trust,Real Estate,Retail REITs,99.14,114.28,79.72,99.71,98.66,95.85,94.83,94.27,94.31,98.97
FDX,FedEx,Industrials,Air Freight & Logistics,224.18,303.39,193.05,229.97,230.53,228.92,230.37,223.5,226.13,243.19
FIS,Fidelity National Information Services,Financials,Transaction & Payment Processing Services,68.31,90.63,66.18,69.52,69.91,70.45,76.49,77.15,76.08,77.25
FITB,Fifth Third Bancorp,Financials,Regional Banks,45.57,47.75,31.96,45.49,44.54,43.28,42.73,39.86,39.46,40.99
FSLR,First Solar,Information Technology,Semiconductors,195.78,262.72,116.56,195.19,198.71,194.01,179.93,164.55,157.75,165.42
FE,FirstEnergy,Utilities,Electric Utilities,43.47,44.4,36.81,43.6,43.59,43.48,41.66,41.33,40.77,40.21
FI,Fiserv,Financials,Transaction & Payment Processing Services,136.78,238.59,128.22,137.69,138.45,136.3,150.93,165.03,175.25,190.29
F,Ford Motor Company,Consumer Discretionary,Automobile Manufacturers,11.72,11.99,8.21,11.79,11.69,11.47,11.25,10.63,10.41,10.09
FTNT,Fortinet,Information Technology,Systems Software,76.93,114.82,70.12,78.15,78.39,79.79,94.13,97.93,97.71,98.4
FTV,Fortive,Industrials,Industrial Machinery & Supplies & Components,47.36,62.65,45.45,48.06,48.21,47.97,50.12,51.26,52.02,54.55
FOXA,Fox Corporation (Class A),Communication Services,Broadcasting,61.05,61.1,38.53,59.76,59.41,57.83,56.71,54.57,54.33,52.66
FOX,Fox Corporation (Class B),Communication Services,Broadcasting,55.62,55.7,35.71,54.56,54.31,52.81,51.95,50.19,50.05,48.94
BEN,Franklin Resources,Financials,Asset Management & Custody Banks,25.42,26.08,16.03,25.51,25.22,25.28,24.7,22.5,21.77,21.13
FCX,Freeport-McMoRan,Materials,Copper,44.94,51.85,27.45,44.39,43.34,42.43,43.28,40.57,39.9,39.7
GRMN,Garmin,Consumer Discretionary,Consumer Electronics,234.29,244.52,159.09,237.06,234.71,233.27,224.74,211.11,210.51,211.34
IT,Gartner,Information Technology,IT Consulting & Other Services,250.91,584.01,223.65,247.86,246.24,241.37,320.86,371.87,384.68,432.57
GE,GE Aerospace,Industrials,Aerospace & Defense,275.39,281.5,158.81,274.78,270.81,271.46,264.05,241.86,232.69,214.71
GEHC,GE HealthCare,Health Care,Health Care Equipment,71.6,94.71,57.59,73.48,73.82,73.25,74.12,71.7,73.21,77.48
GEV,GE Vernova,Industrials,Heavy Electrical Equipment,579.68,677.29,184.99,614.93,609.77,626.08,590.74,504.84,465.56,422.79
GEN,Gen Digital,Information Technology,Systems Software,29.5,32.09,22.55,30.28,30.83,30.61,30.07,28.64,28.22,28.16
GNRC,Generac,Industrials,Electrical Components & Equipment,179.51,203.25,99.5,185.6,189.52,193.51,169.78,145.22,141.77,148.8
GD,General Dynamics,Industrials,Aerospace & Defense,324.39,326.02,236.67,324.3,321.14,317.83,307.35,290.64,285.02,276.25
GIS,General Mills,Consumer Staples,Packaged Foods & Meats,49.32,72.88,48.29,49.12,49.45,49.49,50.23,52.34,53.61,56.19
GM,General Motors,Consumer Discretionary,Automobile Manufacturers,58.53,60.75,41.47,58.63,58.01,56.22,53.63,50.49,49.93,50.47
GPC,Genuine Parts Company,Consumer Discretionary,Distributors,136.03,140.81,103.16,138.65,138.41,136.8,130.56,125.36,124.15,122.0
GILD,Gilead Sciences,Health Care,Biotechnology,112.71,121.83,75.31,113.38,114.87,115.86,113.05,109.17,109.32,103.7
GPN,Global Payments,Financials,Transaction & Payment Processing Services,86.99,119.03,65.72,88.02,87.7,85.7,82.81,80.28,83.23,93.5
GL,Globe Life,Financials,Life & Health Insurance,139.95,144.0,98.18,140.11,139.67,139.31,131.15,125.96,125.87,121.51
GDDY,GoDaddy,Information Technology,Internet Services & Infrastructure,144.39,216.0,132.51,146.94,146.47,145.48,160.66,170.59,171.78,181.67
GS,Goldman Sachs,Financials,Investment Banking & Brokerage,730.85,749.32,434.87,742.79,733.33,729.86,713.41,642.6,621.64,612.53
HAL,Halliburton,Energy,Oil & Gas Equipment & Services,22.69,31.9,18.56,22.45,22.03,21.57,21.61,21.18,21.77,23.92
HIG,Hartford (The),Financials,Property & Casualty Insurance,131.91,134.94,104.05,132.47,132.8,130.98,126.52,125.53,124.14,119.88
HAS,Hasbro,Consumer Discretionary,Leisure Products,79.75,82.19,48.07,81.13,80.7,79.42,76.73,69.29,67.25,64.16
HCA,HCA Healthcare,Health Care,Health Care Facilities,406.14,414.51,288.77,404.88,404.93,394.04,377.68,368.85,361.36,344.81
DOC,Healthpeak Properties,Real Estate,Health Care REITs,17.95,22.06,16.35,17.84,17.63,17.28,17.57,17.42,17.83,18.55
HSIC,Henry Schein,Health Care,Health Care Distributors,68.39,82.49,60.56,69.01,68.83,67.84,70.23,69.45,69.53,71.26
HSY,Hershey Company (The),Consumer Staples,Packaged Foods & Meats,185.78,202.98,136.73,182.92,181.84,181.26,176.73,169.61,169.2,166.91
HPE,Hewlett Packard Enterprise,Information Technology,"Technology Hardware, Storage & Peripherals",22.68,24.28,11.88,22.73,22.29,21.58,20.81,18.78,18.1,19.31
HLT,Hilton Worldwide,Consumer Discretionary,"Hotels, Resorts & Cruise Lines",276.01,279.31,195.81,275.93,274.13,269.7,269.14,253.63,248.79,250.54
HOLX,Hologic,Health Care,Health Care Equipment,66.61,84.39,51.9,66.74,67.29,67.58,66.19,62.73,62.51,65.97
HD,Home Depot (The),Consumer Discretionary,Home Improvement Retail,406.31,431.63,324.29,407.26,406.46,399.8,381.07,371.01,368.34,380.58
HON,Honeywell,Industrials,Industrial Conglomerates,217.6,240.47,177.52,220.45,219.69,218.28,225.45,219.48,216.77,217.52
HRL,Hormel Foods,Consumer Staples,Packaged Foods & Meats,25.03,32.84,23.71,26.69,27.76,28.13,29.03,29.41,29.4,29.56
HST,Host Hotels & Resorts,Real Estate,Hotel & Resort REITs,17.07,18.53,12.06,17.17,16.81,16.21,16.11,15.4,15.19,15.8
HWM,Howmet Aerospace,Industrials,Aerospace & Defense,173.22,193.13,90.47,175.01,173.44,175.78,180.04,167.24,159.28,144.74
HPQ,HP Inc.,Information Technology,"Technology Hardware, Storage & Peripherals",28.94,38.63,20.97,27.99,27.52,26.83,25.81,25.64,26.0,28.72
HUBB,Hubbell Incorporated,Industrials,Industrial Machinery & Supplies & Components,430.15,475.24,297.55,438.31,435.39,431.01,424.06,397.27,384.92,398.59
HUM,Humana,Health Care,Managed Health Care,310.06,377.69,206.87,301.55,297.72,284.48,255.67,251.71,253.69,260.56
HBAN,Huntington Bancshares,Financials,Regional Banks,17.68,17.92,11.8,17.72,17.33,16.84,16.83,15.9,15.6,15.95
HII,Huntington Ingalls Industries,Industrials,Aerospace & Defense,269.71,291.7,155.93,271.97,269.3,267.74,258.58,240.9,232.09,214.48
IBM,IBM,Information Technology,IT Consulting & Other Services,241.5,294.17,192.82,243.64,242.29,242.03,263.52,258.62,255.49,245.77
IEX,IDEX Corporation,Industrials,Industrial Machinery & Supplies & Components,162.15,235.67,152.2,164.79,165.12,163.78,172.3,174.84,175.74,189.35
IDXX,Idexx Laboratories,Health Care,Health Care Equipment,639.45,688.12,356.14,643.23,641.27,644.89,583.91,532.73,509.43,480.66
ITW,Illinois Tool Works,Industrials,Industrial Machinery & Supplies & Components,262.26,274.77,213.36,265.15,264.88,262.06,257.92,249.19,248.99,252.63
INCY,Incyte,Health Care,Biotechnology,85.98,87.99,53.56,84.63,85.11,83.39,75.45,69.26,68.12,69.66
IR,Ingersoll Rand,Industrials,Industrial Machinery & Supplies & Components,77.94,105.95,65.58,79.88,79.6,78.76,82.75,80.8,80.64,85.69
PODD,Insulet Corporation,Health Care,Health Care Equipment,344.92,350.0,199.69,337.72,333.67,319.44,304.92,297.4,289.65,282.73
INTC,Intel,Information Technology,Semiconductors,24.21,27.55,17.67,24.54,24.44,23.07,22.53,21.54,21.7,21.7
ICE,Intercontinental Exchange,Financials,Financial Exchanges & Data,175.09,189.35,141.51,176.97,178.35,181.26,181.89,176.67,175.22,168.29
IFF,International Flavors & Fragrances,Materials,Specialty Chemicals,66.55,105.18,62.33,66.93,66.79,66.19,71.32,73.41,74.23,78.16
IP,International Paper,Materials,Paper & Plastic Packaging Products & Materials,49.17,58.71,42.44,48.99,48.56,47.77,49.09,47.72,48.31,50.67
IPG,Interpublic Group of Companies (The),Communication Services,Advertising,26.3,32.2,22.2,26.69,26.76,26.07,25.38,24.72,24.94,25.95
INTU,Intuit,Information Technology,Application Software,661.99,813.7,531.0,663.98,673.75,703.63,744.61,710.31,687.48,662.9
ISRG,Intuitive Surgical,Health Care,Health Care Equipment,469.07,616.0,425.0,472.32,473.58,474.89,498.97,513.25,509.9,528.36
IVZ,Invesco,Financials,Asset Management & Custody Banks,21.65,22.25,11.33,21.92,21.5,21.18,19.35,16.71,16.31,16.65
INVH,Invitation Homes,Real Estate,Single-Family Residential REITs,30.33,36.53,29.11,30.87,30.81,30.51,31.52,32.46,32.61,32.25
IQV,IQVIA,Health Care,Life Sciences Tools & Services,183.74,252.88,134.65,187.97,188.88,186.91,177.37,162.91,166.04,178.43
IRM,Iron Mountain,Real Estate,Other Specialized REITs,89.46,127.24,71.77,91.41,91.61,91.65,96.3,95.2,93.05,97.4
JBHT,J.B. Hunt,Industrials,Cargo Ground Transportation,144.25,198.61,122.01,144.67,144.94,143.57,146.13,141.56,142.87,154.36
JBL,Jabil,Information Technology,Electronic Manufacturing Services,202.08,232.75,99.48,206.61,206.69,213.59,217.89,188.96,178.36,167.44
JKHY,Jack Henry & Associates,Financials,Transaction & Payment Processing Services,160.77,195.38,157.8,162.33,162.66,162.36,171.5,174.31,174.92,174.06
J,Jacobs Solutions,Industrials,Construction & Engineering,145.23,152.07,104.68,146.97,147.11,147.41,140.44,131.76,129.28,130.68
JNJ,Johnson & Johnson,Health Care,Pharmaceuticals,178.06,179.84,137.37,176.79,177.07,174.65,165.35,158.65,158.71,154.69
JCI,Johnson Controls,Industrials,Building Products,105.96,112.63,66.5,107.85,106.82,105.99,106.29,99.23,95.26,90.25
JPM,JPMorgan Chase,Financials,Diversified Banks,299.7,302.95,196.2,300.01,296.56,293.65,291.48,272.66,265.02,259.31
K,Kellanova,Consumer Staples,Packaged Foods & Meats,78.94,82.65,77.7,79.5,79.77,79.91,79.71,80.66,80.88,80.64
KVUE,Kenvue,Consumer Staples,Personal Care Products,20.78,24.71,19.2,20.71,21.09,21.2,21.3,21.96,22.13,21.93
KDP,Keurig Dr Pepper,Consumer Staples,Soft Drinks & Non-alcoholic Beverages,28.91,37.26,28.6,29.19,31.78,33.06,33.25,33.42,33.41,32.79
KEY,KeyCorp,Financials,Regional Banks,18.96,19.5,12.56,19.27,18.89,18.36,18.16,16.75,16.46,16.82
KEYS,Keysight Technologies,Information Technology,Electronic Equipment & Instruments,163.79,186.2,121.43,164.63,163.79,163.87,164.01,158.45,156.71,160.93
KMB,Kimberly-Clark,Consumer Staples,Household Products,128.84,149.05,121.86,129.34,131.01,132.71,130.45,132.69,133.96,132.58
KIM,Kimco Realty,Real Estate,Retail REITs,22.25,24.97,17.71,22.33,22.09,21.62,21.5,21.04,20.93,21.59
KMI,Kinder Morgan,Energy,Oil & Gas Storage & Transportation,26.74,30.49,19.68,26.84,26.71,26.78,27.36,27.18,27.09,26.98
KKR,KKR & Co.,Financials,Asset Management & Custody Banks,138.74,169.7,85.9,139.77,139.42,141.57,140.95,128.89,125.68,134.72
KLAC,KLA Corporation,Information Technology,Semiconductor Materials & Equipment,846.35,957.18,548.81,877.87,876.61,892.79,902.31,825.35,796.34,754.64
KHC,Kraft Heinz,Consumer Staples,Packaged Foods & Meats,26.02,34.58,25.07,27.2,27.24,27.17,26.95,27.02,27.47,28.07
KR,Kroger,Consumer Staples,Food Retail,68.64,74.52,49.68,68.18,69.46,70.6,70.83,69.57,68.76,65.69
LHX,L3Harris,Industrials,Aerospace & Defense,275.12,280.52,191.09,276.84,276.06,274.18,266.63,248.11,240.34,231.62
LH,Labcorp,Health Care,Health Care Services,273.78,282.74,208.23,276.67,276.45,271.47,262.39,252.31,248.9,244.81
LRCX,Lam Research,Information Technology,Semiconductor Materials & Equipment,97.03,108.02,56.18,101.71,100.78,101.06,99.42,89.11,86.01,82.57
LW,Lamb Weston,Consumer Staples,Packaged Foods & Meats,56.55,82.35,47.25,56.68,56.13,54.61,53.72,53.28,53.15,57.46
LVS,Las Vegas Sands,Consumer Discretionary,Casinos & Gaming,57.01,58.05,29.84,57.05,55.72,54.48,50.85,44.71,43.85,45.14
LDOS,Leidos,Industrials,Diversified Support Services,180.89,201.22,122.92,181.78,181.16,179.11,167.91,158.0,153.44,151.53
LEN,Lennar,Consumer Discretionary,Homebuilding,132.68,184.74,97.54,133.11,132.98,128.97,119.18,113.27,113.81,122.81
LII,Lennox International,Industrials,Building Products,543.57,689.44,497.88,559.11,573.12,584.03,597.52,578.11,576.06,594.56
LLY,Lilly (Eli),Health Care,Pharmaceuticals,735.19,962.29,622.41,733.99,719.54,699.06,746.61,760.9,772.68,784.05
LIN,Linde plc,Materials,Industrial Gases,474.14,486.38,407.35,479.84,480.17,477.02,471.3,463.48,461.82,453.96
LYV,Live Nation Entertainment,Communication Services,Movies & Entertainment,165.47,167.22,92.57,166.15,164.96,160.36,153.55,145.68,141.53,140.45
LKQ,LKQ Corporation,Consumer Discretionary,Distributors,31.96,43.77,28.65,32.08,31.64,30.9,33.72,36.62,37.5,37.48
LMT,Lockheed Martin,Industrials,Aerospace & Defense,452.5,606.41,410.11,454.85,450.25,441.89,446.66,458.06,456.77,464.5
L,Loews Corporation,Financials,Multi-line Insurance,96.22,97.41,74.95,96.36,96.27,95.25,92.74,90.11,89.51,87.62
LOW,Lowe's,Consumer Discretionary,Home Improvement Retail,258.74,281.56,204.22,258.27,258.31,251.78,234.77,228.36,228.13,237.89
LULU,Lululemon Athletica,Consumer Discretionary,"Apparel, Accessories & Luxury Goods",200.21,423.32,185.95,203.12,201.96,198.44,215.32,248.56,261.1,302.78
LYB,LyondellBasell,Materials,Specialty Chemicals,55.84,91.24,46.44,56.19,55.62,52.81,56.95,56.24,58.41,63.56
MTB,M&T Bank,Financials,Regional Banks,198.98,221.09,149.64,200.72,197.72,193.36,194.58,184.8,182.39,187.89
MPC,Marathon Petroleum,Energy,Oil & Gas Refining & Marketing,180.15,182.09,113.82,178.11,172.79,166.97,169.9,159.41,155.29,152.17
MKTX,MarketAxess,Financials,Financial Exchanges & Data,180.2,292.5,179.1,184.78,186.48,187.7,203.6,211.4,211.31,215.94
MAR,Marriott International,Consumer Discretionary,"Hotels, Resorts & Cruise Lines",264.48,305.27,204.35,268.02,267.38,265.03,269.51,260.14,256.21,265.9
MMC,Marsh McLennan,Financials,Insurance Brokers,205.44,246.94,196.27,206.1,208.13,206.58,208.9,216.8,220.15,219.97
MLM,Martin Marietta Materials,Materials,Construction Materials,616.38,630.45,441.31,615.75,610.02,608.87,581.58,556.97,540.87,540.82
MAS,Masco,Industrials,Building Products,72.38,85.23,56.02,73.62,73.8,72.5,68.46,65.35,66.07,69.82
MA,Mastercard,Financials,Transaction & Payment Processing Services,591.87,601.77,464.22,591.98,592.22,583.41,568.61,562.91,556.62,548.75
MTCH,Match Group,Communication Services,Interactive Media & Services,36.98,39.2,26.24,37.22,37.22,37.07,34.41,32.04,31.73,31.94
MKC,McCormick & Company,Consumer Staples,Packaged Foods & Meats,68.8,85.22,68.23,70.01,70.29,70.01,71.67,72.86,74.24,74.99
MCD,McDonald's,Consumer Discretionary,Restaurants,315.76,324.48,273.39,313.18,313.06,309.4,301.66,305.54,305.6,300.23
MCK,McKesson Corporation,Health Care,Health Care Distributors,691.62,737.89,462.92,684.66,687.75,681.78,701.92,704.01,695.53,659.02
MDT,Medtronic,Health Care,Health Care Equipment,93.33,94.71,77.57,92.47,92.13,92.0,90.33,87.09,87.43,86.43
MRK,Merck & Co.,Health Care,Pharmaceuticals,85.48,116.37,72.58,84.37,85.02,83.29,82.2,80.23,82.06,86.73
META,Meta Platforms,Communication Services,Interactive Media & Services,735.11,796.25,479.43,745.28,747.28,760.5,736.14,675.46,658.09,647.73
MET,MetLife,Financials,Life & Health Insurance,80.56,87.17,64.24,80.97,80.42,78.36,77.85,77.12,77.42,79.17
MTD,Mettler Toledo,Health Care,Life Sciences Tools & Services,1276.0,1521.01,946.69,1286.03,1295.88,1286.41,1241.74,1178.26,1180.26,1214.67
MGM,MGM Resorts,Consumer Discretionary,Casinos & Gaming,38.91,42.54,25.3,39.29,38.19,36.78,36.79,34.34,33.63,34.28
MCHP,Microchip Technology,Information Technology,Semiconductors,63.6,80.29,33.63,65.62,66.2,65.37,68.84,61.5,59.14,58.72
MU,Micron Technology,Information Technology,Semiconductors,118.48,129.73,61.48,118.75,118.29,118.85,118.08,104.9,101.87,100.06
MSFT,Microsoft,Information Technology,Systems Software,505.12,554.54,343.59,506.05,505.98,513.91,508.21,471.12,453.22,441.34
MAA,Mid-America Apartment Communities,Real Estate,Multi-Family Residential REITs,142.3,170.0,137.32,143.86,143.01,141.64,145.65,150.31,152.24,152.39
MRNA,Moderna,Health Care,Biotechnology,24.19,79.96,23.15,24.52,25.61,26.19,28.96,27.63,28.45,32.24
MHK,Mohawk Industries,Consumer Discretionary,Home Furnishings,130.52,164.29,96.24,131.81,130.03,127.27,117.86,110.88,111.34,116.71
MOH,Molina Healthcare,Health Care,Managed Health Care,183.25,365.23,151.95,177.94,175.96,167.38,198.26,255.9,269.35,279.34
TAP,Molson Coors Beverage Company,Consumer Staples,Brewers,50.25,64.07,46.94,50.48,51.15,50.9,49.99,52.42,53.85,55.14
MDLZ,Mondelez International,Consumer Staples,Packaged Foods & Meats,61.79,73.95,53.2,61.66,62.25,62.08,65.62,65.9,65.76,63.6
MPWR,Monolithic Power Systems,Information Technology,Semiconductors,823.65,951.76,437.93,846.97,840.85,832.24,773.54,706.83,680.94,657.47
MNST,Monster Beverage,Consumer Staples,Soft Drinks & Non-alcoholic Beverages,62.67,66.75,45.7,62.19,62.88,62.88,61.6,61.46,60.53,57.17
MCO,Moody's Corporation,Financials,Financial Exchanges & Data,498.5,528.95,377.3,507.83,510.16,512.63,505.18,484.15,477.46,480.53
MS,Morgan Stanley,Financials,Investment Banking & Brokerage,148.85,150.75,91.36,149.57,147.58,145.92,142.6,132.18,128.52,128.77
MOS,Mosaic Company (The),Materials,Fertilizers & Agricultural Chemicals,33.25,38.23,22.14,33.48,33.04,32.67,34.85,33.59,32.04,29.64
MSI,Motorola Solutions,Information Technology,Communications Equipment,479.0,503.98,387.87,468.32,464.91,460.46,437.86,427.68,426.33,441.06
MSCI,MSCI Inc.,Financials,Financial Exchanges & Data,553.91,636.39,483.67,566.35,569.0,560.97,563.66,557.39,556.19,569.81
NDAQ,"Nasdaq, Inc.",Financials,Financial Exchanges & Data,93.59,97.63,64.64,94.66,94.47,95.2,92.56,86.06,83.69,82.13
NTAP,NetApp,Information Technology,"Technology Hardware, Storage & Peripherals",115.37,133.34,71.49,113.38,111.38,108.98,106.84,100.77,98.35,106.04
NFLX,Netflix,Communication Services,Movies & Entertainment,1214.11,1341.15,660.8,1220.68,1216.03,1212.07,1229.53,1184.26,1132.9,1056.26
NEM,Newmont,Materials,Gold,75.86,76.52,36.47,73.61,71.64,70.14,64.22,58.83,56.28,50.68
NWSA,News Corp (Class A),Communication Services,Publishing,28.85,30.75,23.38,29.43,29.7,29.44,29.47,28.49,28.15,28.25
NWS,News Corp (Class B),Communication Services,Publishing,33.21,35.58,26.25,33.91,34.27,33.97,33.96,32.87,32.37,32.13
NEE,NextEra Energy,Utilities,Multi-Utilities,72.65,83.5,60.75,72.88,74.19,73.15,72.64,70.59,70.39,70.41
NKE,"Nike, Inc.",Consumer Discretionary,"Apparel, Accessories & Luxury Goods",74.29,89.11,51.93,77.26,77.32,76.42,74.25,66.8,67.0,69.93
NI,NiSource,Utilities,Multi-Utilities,42.11,43.51,31.61,42.27,42.41,42.34,41.23,40.03,39.75,38.67
NDSN,Nordson Corporation,Industrials,Industrial Machinery & Supplies & Components,222.7,263.91,164.43,224.9,222.84,218.47,217.8,208.03,206.54,213.06
NSC,Norfolk Southern,Industrials,Rail Transportation,278.25,291.69,199.43,277.01,280.24,280.36,272.13,252.9,248.06,247.79
NTRS,Northern Trust,Financials,Asset Management & Custody Banks,129.77,133.0,81.05,131.1,129.87,128.04,127.33,113.98,110.54,108.9
NOC,Northrop Grumman,Industrials,Aerospace & Defense,589.32,600.99,422.32,589.38,590.2,587.27,552.26,520.49,514.91,498.69
NCLH,Norwegian Cruise Line Holdings,Consumer Discretionary,"Hotels, Resorts & Cruise Lines",24.72,29.29,14.21,24.92,24.59,24.51,23.26,20.54,20.24,22.54
NRG,NRG Energy,Utilities,Independent Power Producers & Energy Traders,145.11,175.96,74.96,146.74,146.6,150.44,153.81,143.43,133.49,120.47
NUE,Nucor,Materials,Steel,146.4,168.24,97.18,148.64,147.33,144.37,140.72,128.18,127.2,128.83
NVDA,Nvidia,Information Technology,Semiconductors,170.78,184.48,86.61,177.7,177.23,179.24,171.06,148.27,140.97,138.87
NVR,"NVR, Inc.",Consumer Discretionary,Homebuilding,8169.85,9964.77,6562.85,8092.87,8103.66,8057.02,7770.94,7462.65,7422.31,7719.56
NXPI,NXP Semiconductors,Information Technology,Semiconductors,232.66,253.03,147.4,236.41,233.55,225.55,224.02,209.35,206.81,210.18
ORLY,O’Reilly Automotive,Consumer Discretionary,Automotive Retail,103.19,104.86,73.11,103.62,103.28,102.94,97.23,94.23,93.52,89.94
OXY,Occidental Petroleum,Energy,Oil & Gas Exploration & Production,48.05,56.46,34.59,47.22,46.11,45.04,44.37,42.86,43.52,45.45
ODFL,Old Dominion,Industrials,Cargo Ground Transportation,149.9,232.21,140.91,151.77,152.83,150.68,157.67,158.5,159.84,173.13
OMC,Omnicom Group,Communication Services,Advertising,76.93,104.25,68.37,77.87,78.11,76.16,74.33,73.88,74.9,79.75
ON,ON Semiconductor,Information Technology,Semiconductors,48.94,78.61,31.04,50.31,50.24,49.71,53.97,48.56,47.23,51.94
OKE,Oneok,Energy,Oil & Gas Storage & Transportation,74.62,113.92,72.18,75.28,74.69,74.63,77.98,79.81,82.33,88.97
ORCL,Oracle Corporation,Information Technology,Application Software,225.3,260.87,118.18,232.35,233.64,242.05,237.49,197.89,187.41,181.91
OTIS,Otis Worldwide,Industrials,Industrial Machinery & Supplies & Components,85.77,105.86,83.85,86.75,87.45,87.26,91.97,93.76,95.03,95.28
PCAR,Paccar,Industrials,Construction Machinery & Heavy Transportation Equipment,98.86,114.66,84.08,100.24,99.84,98.94,97.6,94.65,95.4,99.94
PKG,Packaging Corporation of America,Materials,Paper & Plastic Packaging Products & Materials,216.45,246.22,171.6,214.67,210.51,203.12,200.77,194.41,194.45,205.81
PLTR,Palantir Technologies,Information Technology,Application Software,157.09,190.0,29.31,157.9,157.54,169.18,155.92,137.45,126.97,109.47
PANW,Palo Alto Networks,Information Technology,Systems Software,190.52,210.39,144.15,188.78,186.36,179.4,189.18,187.87,185.52,187.32
PSKY,Paramount Skydance Corporation,Communication Services,Movies & Entertainment,14.46,17.53,9.78,14.9,14.99,13.63,13.15,12.39,12.22,11.68
PH,Parker Hannifin,Industrials,Industrial Machinery & Supplies & Components,749.93,773.3,487.08,761.15,752.86,742.5,724.25,678.78,664.18,666.69
PAYX,Paychex,Industrials,Human Resource & Employment Services,135.96,160.03,125.38,138.17,138.64,138.6,141.84,145.91,145.91,144.39
PAYC,Paycom,Industrials,Human Resource & Employment Services,220.0,267.33,152.1,225.34,227.01,224.63,227.88,234.47,230.1,224.38
PYPL,PayPal,Financials,Transaction & Payment Processing Services,69.25,93.66,55.85,69.87,69.34,69.02,71.92,70.33,69.68,75.23
PNR,Pentair,Industrials,Industrial Machinery & Supplies & Components,106.29,109.99,73.85,108.3,107.46,106.07,104.77,99.13,96.5,98.26
PEP,PepsiCo,Consumer Staples,Soft Drinks & Non-alcoholic Beverages,150.28,174.44,126.36,148.11,149.03,147.46,141.42,137.05,139.11,143.03
PFE,Pfizer,Health Care,Pharmaceuticals,24.98,28.43,20.18,24.87,25.18,24.95,24.59,23.61,23.77,24.19
PCG,PG&E Corporation,Utilities,Multi-Utilities,15.32,21.62,12.97,15.14,15.14,15.15,14.33,15.39,15.65,16.63
PM,Philip Morris International,Consumer Staples,Tobacco,167.4,185.29,114.24,166.23,168.64,167.94,171.68,171.46,167.51,153.3
PSX,Phillips 66,Energy,Oil & Gas Refining & Marketing,133.84,135.71,89.26,132.55,129.24,124.55,124.19,117.11,117.42,118.36
PNW,Pinnacle West Capital,Utilities,Multi-Utilities,88.8,94.64,79.08,89.57,90.47,91.38,90.46,90.43,90.54,88.89
PNC,PNC Financial Services,Financials,Diversified Banks,205.42,210.46,142.39,205.6,201.24,195.89,193.4,180.11,177.73,183.98
POOL,Pool Corporation,Consumer Discretionary,Distributors,305.07,391.14,281.15,313.4,316.05,315.11,308.3,304.41,308.34,323.11
PPG,PPG Industries,Materials,Specialty Chemicals,109.59,133.97,89.08,111.35,111.96,110.21,112.1,109.68,109.41,112.4
PPL,PPL Corporation,Utilities,Electric Utilities,36.42,37.38,30.32,36.52,36.65,36.57,35.61,35.14,35.0,34.2
PFG,Principal Financial Group,Financials,Life & Health Insurance,79.94,89.5,67.72,80.41,79.91,78.48,79.11,77.54,78.35,79.27
PG,Procter & Gamble,Consumer Staples,Personal Care Products,157.99,177.66,149.91,156.72,157.51,155.74,156.13,159.1,160.58,162.64
PGR,Progressive Corporation,Financials,Property & Casualty Insurance,245.86,292.77,228.37,245.95,247.53,246.99,249.47,262.53,265.33,259.87
PLD,Prologis,Real Estate,Industrial REITs,111.3,128.08,84.54,112.35,111.5,108.63,107.97,106.11,106.76,108.71
PRU,Prudential Financial,Financials,Life & Health Insurance,107.41,125.75,88.12,108.93,108.42,105.86,104.6,102.97,103.53,107.78
PEG,Public Service Enterprise Group,Utilities,Electric Utilities,81.81,93.08,74.08,82.61,83.24,84.99,84.68,82.27,81.86,82.93
PTC,PTC Inc.,Information Technology,Application Software,212.64,219.69,133.38,214.06,213.24,210.64,198.83,180.37,175.53,179.16
PSA,Public Storage,Real Estate,Self-Storage REITs,288.18,359.28,254.04,290.9,289.91,285.79,287.47,291.28,291.57,295.96
PHM,PulteGroup,Consumer Discretionary,Homebuilding,132.09,148.55,87.88,131.55,130.46,127.36,117.86,109.06,107.86,110.62
PWR,Quanta Services,Industrials,Construction & Engineering,374.68,424.94,227.02,380.82,379.56,382.15,387.11,354.99,335.21,328.01
QCOM,Qualcomm,Information Technology,Semiconductors,158.78,179.1,120.08,159.85,157.95,154.93,156.11,151.3,151.28,154.78
DGX,Quest Diagnostics,Health Care,Health Care Services,178.7,185.62,144.09,179.93,180.95,179.01,174.92,174.07,172.64,167.21
RL,Ralph Lauren Corporation,Consumer Discretionary,"Apparel, Accessories & Luxury Goods",311.02,311.4,165.78,298.69,292.37,292.92,289.32,268.91,259.13,252.03
RJF,Raymond James Financial,Financials,Investment Banking & Brokerage,168.32,173.13,112.35,168.48,166.22,165.65,161.95,152.55,149.8,153.58
RTX,RTX Corporation,Industrials,Aerospace & Defense,158.01,161.26,111.21,159.34,157.58,156.18,151.9,141.93,139.3,132.07
O,Realty Income,Real Estate,Retail REITs,57.74,61.9,49.76,58.26,58.69,58.13,57.44,56.61,56.33,55.14
REG,Regency Centers,Real Estate,Retail REITs,72.33,76.68,62.82,72.32,72.06,72.0,71.15,71.1,71.14,71.42
REGN,Regeneron Pharmaceuticals,Health Care,Biotechnology,577.9,1205.8,475.77,582.56,583.56,573.01,557.31,557.26,576.05,628.36
RF,Regions Financial Corporation,Financials,Regional Banks,26.89,27.58,17.53,27.22,26.68,25.98,25.27,23.09,22.67,23.22
RSG,Republic Services,Industrials,Environmental & Facilities Services,233.12,258.14,195.62,233.88,234.23,234.09,238.45,243.03,241.37,231.09
RMD,ResMed,Health Care,Health Care Equipment,270.99,293.81,199.07,277.6,283.1,283.4,270.73,254.72,247.82,243.94
RVTY,Revvity,Health Care,Health Care Equipment,87.87,129.23,85.12,89.41,90.61,89.43,93.78,93.5,96.32,103.64
ROK,Rockwell Automation,Industrials,Electrical Components & Equipment,337.84,359.54,213.27,347.05,345.91,341.95,342.66,313.18,301.81,295.13
ROL,"Rollins, Inc.",Industrials,Environmental & Facilities Services,56.67,58.96,44.94,56.52,57.16,57.54,56.76,56.47,55.59,53.02
ROP,Roper Technologies,Information Technology,Electronic Equipment & Instruments,518.99,593.46,498.03,525.0,529.22,529.97,546.57,555.68,559.01,555.11
ROST,Ross Stores,Consumer Discretionary,Apparel Retail,151.25,157.36,122.01,149.22,148.06,147.22,138.46,139.68,137.36,140.76
RCL,Royal Caribbean Group,Consumer Discretionary,"Hotels, Resorts & Cruise Lines",354.08,366.5,152.4,359.19,346.98,329.44,328.61,282.66,267.74,257.95
SPGI,S&P Global,Financials,Financial Exchanges & Data,539.64,578.04,425.6,547.56,550.52,554.32,538.25,518.17,512.68,511.72
CRM,Salesforce,Information Technology,Application Software,252.86,367.42,226.48,251.51,249.2,244.56,257.03,262.61,264.66,289.77
SBAC,SBA Communications,Real Estate,Telecom Tower REITs,202.0,247.78,189.7,207.97,214.7,216.37,225.51,226.65,224.67,217.85
SLB,Schlumberger,Energy,Oil & Gas Equipment & Services,35.9,45.17,30.85,36.1,35.23,34.13,34.53,34.4,35.49,37.35
STX,Seagate Technology,Information Technology,"Technology Hardware, Storage & Peripherals",170.5,173.42,62.86,168.55,163.69,158.38,151.69,126.98,118.32,109.68
SRE,Sempra,Utilities,Multi-Utilities,82.89,93.45,61.37,82.19,82.17,81.94,79.09,76.64,75.05,78.36
NOW,ServiceNow,Information Technology,Systems Software,911.42,1198.09,678.66,902.02,893.08,883.91,943.11,950.03,923.7,970.27
SHW,Sherwin-Williams,Materials,Specialty Chemicals,360.92,397.81,307.5,365.36,366.56,361.74,350.3,348.6,347.3,351.81
SPG,Simon Property Group,Real Estate,Retail REITs,178.87,185.37,134.57,178.78,176.93,173.12,167.16,161.92,161.73,166.16
SWKS,Skyworks Solutions,Information Technology,Semiconductors,73.07,106.65,47.01,75.0,75.01,72.91,72.96,69.49,68.46,73.09
SJM,J.M. Smucker Company (The),Consumer Staples,Packaged Foods & Meats,109.35,121.73,92.38,108.57,110.56,110.31,106.32,107.76,108.47,107.57
SW,Smurfit Westrock,Materials,Paper & Plastic Packaging Products & Materials,47.11,55.46,36.31,46.56,45.33,44.31,44.98,43.59,43.6,46.82
SNA,Snap-on,Industrials,Industrial Machinery & Supplies & Components,323.45,366.68,262.13,327.17,326.71,324.41,320.68,317.96,319.69,328.01
SOLV,Solventum,Health Care,Health Care Technology,71.82,85.92,60.01,72.68,72.68,72.54,73.65,72.06,72.44,72.19
SO,Southern Company,Utilities,Electric Utilities,92.09,95.68,78.5,92.6,93.43,93.56,92.84,90.71,90.26,87.61
LUV,Southwest Airlines,Industrials,Passenger Airlines,32.25,37.96,23.68,32.94,32.39,31.35,32.89,31.44,31.36,31.48
SWK,Stanley Black & Decker,Industrials,Industrial Machinery & Supplies & Components,71.72,107.4,53.22,74.45,74.95,73.22,71.34,67.42,69.27,74.5
SBUX,Starbucks,Consumer Discretionary,Restaurants,89.78,115.87,74.48,88.06,88.35,89.82,91.41,88.22,89.69,93.37
STT,State Street Corporation,Financials,Asset Management & Custody Banks,113.26,116.37,72.29,114.83,114.0,112.51,110.03,100.87,97.95,97.31
STLD,Steel Dynamics,Materials,Steel,129.02,153.72,102.78,131.19,130.13,127.46,129.22,128.79,127.51,127.83
STE,Steris,Health Care,Health Care Equipment,242.02,252.46,199.99,245.88,247.44,243.37,236.08,234.74,232.51,225.77
SYK,Stryker Corporation,Health Care,Health Care Equipment,389.94,404.87,328.46,391.7,391.02,384.71,389.16,381.27,378.57,379.04
SMCI,Supermicro,Information Technology,"Technology Hardware, Storage & Peripherals",40.78,66.44,17.25,43.08,43.15,45.06,48.83,43.58,42.36,39.76
SYF,Synchrony Financial,Financials,Consumer Finance,75.62,77.15,40.15,75.93,74.12,72.46,70.35,62.88,60.68,62.32
SNPS,Synopsys,Information Technology,Application Software,592.01,651.73,365.74,601.37,602.25,611.83,584.02,526.96,508.64,510.9
SYY,Sysco,Consumer Staples,Food Distributors,80.55,82.64,66.65,80.11,80.04,80.24,78.68,75.24,74.67,74.37
TMUS,T-Mobile US,Communication Services,Wireless Telecommunication Services,255.89,274.51,189.91,251.67,253.29,250.12,240.31,241.43,244.77,240.86
TROW,T. Rowe Price,Financials,Asset Management & Custody Banks,105.6,121.15,76.8,107.89,107.18,106.88,103.8,97.38,96.16,101.79
TTWO,Take-Two Interactive,Communication Services,Interactive Home Entertainment,240.95,245.08,146.76,234.39,231.77,230.2,232.67,229.34,224.97,212.27
TPR,"Tapestry, Inc.",Consumer Discretionary,"Apparel, Accessories & Luxury Goods",102.79,114.05,39.21,101.78,100.22,103.61,100.63,87.95,84.59,78.8
TRGP,Targa Resources,Energy,Oil & Gas Storage & Transportation,166.72,215.2,139.32,165.94,163.99,164.46,166.69,165.82,170.17,178.88
TGT,Target Corporation,Consumer Staples,Consumer Staples Merchandise Retail,92.44,155.5,85.44,95.86,97.68,100.84,101.11,97.63,98.68,110.51
TEL,TE Connectivity,Information Technology,Electronic Manufacturing Services,204.56,212.01,115.38,206.72,204.68,203.34,190.71,171.17,165.24,158.45
TDY,Teledyne Technologies,Information Technology,Electronic Equipment & Instruments,537.91,570.56,416.0,540.85,542.38,544.12,537.03,509.74,505.41,497.82
TER,Teradyne,Information Technology,Semiconductor Materials & Equipment,120.61,143.79,65.67,118.47,115.42,112.09,101.36,90.28,89.71,100.66
TSLA,"Tesla, Inc.",Consumer Discretionary,Automobile Manufacturers,329.36,488.54,205.97,342.1,337.04,333.58,323.94,313.79,301.66,329.94
TXN,Texas Instruments,Information Technology,Semiconductors,199.81,220.1,137.77,203.57,202.73,196.22,200.73,187.56,184.93,186.2
TPL,Texas Pacific Land Corporation,Energy,Oil & Gas Exploration & Production,942.32,1762.86,763.79,923.49,910.69,901.34,967.95,1107.33,1147.0,1216.83
TXT,Textron,Industrials,Aerospace & Defense,79.53,91.39,57.69,80.68,80.42,79.5,80.76,76.52,75.59,76.59
TMO,Thermo Fisher Scientific,Health Care,Life Sciences Tools & Services,487.53,625.84,385.46,489.32,491.42,481.56,453.5,434.0,447.54,481.79
TJX,TJX Companies,Consumer Discretionary,Apparel Retail,138.57,145.58,109.83,137.24,136.86,134.42,128.31,127.74,125.82,124.41
TKO,TKO Group Holdings,Communication Services,Movies & Entertainment,185.35,194.76,112.59,187.17,185.75,181.17,175.68,167.79,163.72,157.17
TTD,Trade Desk (The),Communication Services,Advertising,54.18,141.53,42.96,53.81,53.2,58.52,70.51,67.64,65.39,84.3
TSCO,Tractor Supply,Consumer Discretionary,Other Specialty Retail,61.52,63.75,46.46,62.0,61.65,60.67,57.99,54.2,53.96,54.23
TT,Trane Technologies,Industrials,Building Products,410.93,476.19,297.5,420.28,422.25,425.96,435.05,416.25,401.11,393.59
TDG,TransDigm Group,Industrials,Aerospace & Defense,1304.88,1623.83,1183.6,1382.04,1390.17,1398.78,1491.84,1448.99,1428.73,1380.36
TRV,Travelers Companies (The),Financials,Property & Casualty Insurance,273.35,279.04,218.53,271.65,272.51,269.23,264.03,264.08,262.46,256.25
TRMB,Trimble Inc.,Information Technology,Electronic Equipment & Instruments,78.57,87.5,52.91,81.04,81.08,82.17,80.98,74.07,72.59,72.72
TFC,Truist Financial,Financials,Diversified Banks,46.42,47.29,32.72,46.63,45.74,44.68,44.11,41.21,40.82,42.16
TYL,Tyler Technologies,Information Technology,Application Software,552.49,661.31,513.52,555.93,560.06,572.86,572.44,569.03,569.68,583.12
TSN,Tyson Foods,Consumer Staples,Packaged Foods & Meats,56.54,64.65,51.39,56.52,56.54,56.23,54.92,55.7,56.53,57.04
USB,U.S. Bancorp,Financials,Diversified Banks,48.52,52.21,34.8,48.67,47.86,46.62,46.21,43.91,43.34,44.98
UBER,Uber,Industrials,Passenger Ground Transportation,92.81,97.71,59.33,94.88,94.96,93.08,92.18,87.55,84.52,78.73
UDR,"UDR, Inc.",Real Estate,Multi-Family Residential REITs,38.42,45.63,35.84,38.94,38.91,38.57,39.59,40.28,40.74,41.26
ULTA,Ulta Beauty,Consumer Discretionary,Other Specialty Retail,532.52,538.59,309.01,523.15,522.3,518.26,500.09,457.09,436.52,421.52
UNP,Union Pacific Corporation,Industrials,Rail Transportation,221.99,252.32,202.16,221.49,222.64,221.5,225.39,222.16,224.02,227.83
UAL,United Airlines Holdings,Industrials,Passenger Airlines,104.68,116.0,41.63,104.62,102.76,98.57,90.81,82.67,80.7,87.86
UPS,United Parcel Service,Industrials,Air Freight & Logistics,85.23,136.36,82.72,87.05,87.27,86.49,92.89,94.04,96.89,105.32
URI,United Rentals,Industrials,Trading Companies & Distributors,958.77,961.16,523.58,952.68,934.05,911.77,848.77,758.13,729.32,737.48
UNH,UnitedHealth Group,Health Care,Managed Health Care,308.8,621.24,234.6,305.05,304.5,285.35,288.23,329.63,364.56,425.99
UHS,Universal Health Services,Health Care,Health Care Facilities,181.51,242.48,152.33,181.63,182.88,177.93,174.91,177.8,177.8,181.5
VLO,Valero Energy,Energy,Oil & Gas Refining & Marketing,154.28,154.29,97.37,151.03,146.64,140.66,141.16,131.93,130.43,130.31
VTR,Ventas,Real Estate,Health Care REITs,67.92,70.82,55.85,67.8,68.08,68.14,66.18,65.51,65.75,63.87
VLTO,Veralto,Industrials,Environmental & Facilities Services,105.28,114.62,83.77,106.49,107.42,107.54,104.55,100.5,99.66,100.65
VRSN,Verisign,Information Technology,Internet Services & Infrastructure,273.2,309.71,174.64,272.19,270.98,269.58,277.68,274.37,267.91,244.74
VRSK,Verisk Analytics,Industrials,Research & Consulting Services,265.0,322.46,259.01,267.06,268.72,266.97,286.13,294.93,294.13,290.56
VZ,Verizon,Communication Services,Integrated Telecommunication Services,43.8,45.87,36.41,44.04,44.39,43.86,42.87,42.75,42.74,41.49
VRTX,Vertex Pharmaceuticals,Health Care,Biotechnology,401.0,519.88,362.5,392.07,392.7,388.04,432.37,446.47,456.25,454.03
VTRS,Viatris,Health Care,Pharmaceuticals,10.56,13.04,6.68,10.47,10.52,10.16,9.47,8.87,8.84,9.8
VICI,Vici Properties,Real Estate,Hotel & Resort REITs,33.34,34.01,27.24,33.57,33.31,33.08,33.03,32.23,32.04,31.12
V,Visa Inc.,Financials,Transaction & Payment Processing Services,350.07,374.85,266.36,350.65,348.22,343.66,347.73,348.97,346.42,338.36
VST,Vistra Corp.,Utilities,Electric Utilities,185.81,216.85,72.39,192.27,191.86,197.52,195.38,171.36,160.98,158.75
VMC,Vulcan Materials Company,Materials,Construction Materials,292.49,296.62,214.34,291.43,290.73,289.23,275.79,267.37,260.39,263.31
WRB,W. R. Berkley Corporation,Financials,Property & Casualty Insurance,71.98,75.77,54.76,71.53,71.76,71.16,70.46,70.95,69.66,65.91
GWW,W. W. Grainger,Industrials,Industrial Machinery & Supplies & Components,1016.86,1219.65,889.92,1014.77,1009.83,984.15,1012.2,1029.13,1017.91,1046.52
WAB,Wabtec,Industrials,Construction Machinery & Heavy Transportation Equipment,192.62,215.82,151.42,194.39,193.79,192.1,200.25,196.53,192.98,194.2
WBA,Walgreens Boots Alliance,Consumer Staples,Drug Retail,11.98,13.25,7.98,11.98,12.03,11.93,11.67,11.39,11.33,10.81
WMT,Walmart,Consumer Staples,Consumer Staples Merchandise Retail,97.85,104.51,74.94,96.61,97.78,99.77,97.94,96.89,94.8,94.32
DIS,Walt Disney Company (The),Communication Services,Movies & Entertainment,118.27,124.69,79.76,118.01,117.61,116.3,119.04,111.15,108.41,109.45
WBD,Warner Bros. Discovery,Communication Services,Broadcasting,11.62,13.87,6.78,11.85,11.81,11.79,12.0,10.58,10.52,10.48
WM,Waste Management,Industrials,Environmental & Facilities Services,225.73,241.74,198.19,225.56,226.7,228.69,228.46,230.25,229.43,224.42
WAT,Waters Corporation,Health Care,Life Sciences Tools & Services,296.48,423.56,275.05,297.34,297.27,291.35,308.7,326.33,334.15,353.32
WEC,WEC Energy Group,Utilities,Electric Utilities,106.02,110.99,88.81,106.74,107.51,108.02,106.55,105.98,105.7,102.23
WFC,Wells Fargo,Financials,Diversified Banks,81.78,84.33,49.13,81.99,80.28,79.04,79.98,75.72,74.43,74.22
WELL,Welltower,Real Estate,Health Care REITs,167.74,170.34,117.74,167.4,166.28,165.93,160.52,154.43,152.98,145.91
WST,West Pharmaceutical Services,Health Care,Health Care Supplies,243.74,351.24,187.09,245.32,245.77,243.86,235.16,224.26,224.08,255.95
WDC,Western Digital,Information Technology,"Technology Hardware, Storage & Peripherals",81.91,82.32,28.78,80.93,78.7,77.01,71.19,59.22,55.56,53.33
WY,Weyerhaeuser,Real Estate,Timber REITs,24.89,33.04,23.71,25.67,25.88,25.72,25.7,25.7,26.28,27.4
WSM,"Williams-Sonoma, Inc.",Consumer Discretionary,Homefurnishing Retail,191.96,218.08,123.89,191.66,195.89,199.5,183.98,170.45,169.22,176.43
WMB,Williams Companies,Energy,Oil & Gas Storage & Transportation,57.38,63.45,42.4,57.58,57.34,57.59,58.55,58.51,58.24,57.16
WTW,Willis Towers Watson,Financials,Insurance Brokers,325.46,342.16,280.03,328.63,332.72,330.71,316.53,312.7,315.69,316.32
WDAY,"Workday, Inc.",Information Technology,Application Software,228.89,294.0,205.33,228.16,227.03,224.93,230.82,238.78,239.36,248.0
WYNN,Wynn Resorts,Consumer Discretionary,Casinos & Gaming,125.47,128.53,64.93,124.25,118.91,113.87,108.6,96.81,93.94,91.43
XEL,Xcel Energy,Utilities,Multi-Utilities,72.14,74.57,58.66,72.46,72.91,72.86,71.11,70.06,69.75,68.7
XYL,Xylem Inc.,Industrials,Industrial Machinery & Supplies & Components,140.35,144.93,99.87,142.62,142.14,142.21,135.85,128.43,126.6,125.05
YUM,Yum! Brands,Consumer Discretionary,Restaurants,145.44,162.5,120.96,146.05,147.44,145.57,146.67,145.75,147.64,143.14
ZBRA,Zebra Technologies,Information Technology,Electronic Equipment & Instruments,307.07,427.76,205.73,317.63,315.58,317.09,320.9,295.85,291.94,325.37
ZBH,Zimmer Biomet,Health Care,Health Care Equipment,105.01,115.64,88.99,106.1,106.0,102.67,97.3,96.44,98.98,101.79
ZTS,Zoetis,Health Care,Pharmaceuticals,152.88,197.92,138.77,154.85,155.41,152.65,153.19,155.9,156.93,161.23
