Symbol,Company,GICS_Sector,GICS_Sub_Industry,Current_Price,52_Week_High,52_Week_Low,SMA_5,SMA_10,SMA_20,SMA_50,SMA_100,SMA_125,SMA_200
MMM,3M,Industrials,Industrial Conglomerates,155.16,163.4,120.83,157.13,155.71,155.56,153.73,149.71,147.47,144.54
AOS,A. O. Smith,Industrials,Building Products,73.12,90.29,58.25,73.37,73.16,72.51,71.38,68.71,67.72,67.81
ABT,Abbott Laboratories,Health Care,Health Care Equipment,134.17,139.95,109.57,132.93,132.39,132.18,130.32,131.51,130.69,127.41
ABBV,AbbVie,Health Care,Biotechnology,220.81,221.77,159.42,218.65,215.06,212.3,201.51,193.72,192.35,189.13
ACN,Accenture,Information Technology,IT Consulting & Other Services,241.24,394.41,235.83,239.72,245.72,251.02,260.28,283.93,285.86,312.08
ADBE,Adobe Inc.,Information Technology,Application Software,362.07,557.9,330.04,352.36,351.8,353.31,356.24,375.77,373.99,402.7
AMD,Advanced Micro Devices,Information Technology,Semiconductors,159.16,186.65,76.48,159.0,157.47,161.21,164.04,140.89,132.02,126.46
AES,AES Corporation,Utilities,Independent Power Producers & Energy Traders,12.51,19.17,9.28,12.79,12.79,13.07,13.08,11.85,11.67,11.58
AFL,Aflac,Financials,Life & Health Insurance,109.23,113.54,96.14,108.62,107.84,107.56,104.02,103.79,104.37,104.17
A,Agilent Technologies,Health Care,Life Sciences Tools & Services,126.72,153.19,96.23,125.9,126.52,124.02,119.99,116.78,115.28,123.29
APD,Air Products,Materials,Industrial Gases,290.63,336.92,242.14,290.49,289.58,291.82,291.67,283.55,281.67,290.77
ABNB,Airbnb,Consumer Discretionary,"Hotels, Resorts & Cruise Lines",123.2,163.93,99.88,122.17,123.19,125.58,129.68,130.73,128.22,130.79
AKAM,Akamai Technologies,Information Technology,Internet Services & Infrastructure,75.84,106.8,67.51,76.94,77.43,77.4,77.0,77.91,77.72,83.41
ALB,Albemarle Corporation,Materials,Specialty Chemicals,80.16,111.49,48.84,78.55,77.94,79.67,76.76,68.2,67.15,74.07
ARE,Alexandria Real Estate Equities,Real Estate,Office REITs,85.14,118.73,66.16,85.22,84.7,82.62,79.59,75.5,77.02,84.17
ALGN,Align Technology,Health Care,Health Care Supplies,129.44,262.87,127.7,131.96,133.93,137.72,157.84,170.3,169.19,183.85
ALLE,Allegion,Industrials,Building Products,176.61,179.6,116.14,176.41,173.82,171.8,164.79,152.92,147.68,141.29
LNT,Alliant Energy,Utilities,Electric Utilities,63.86,67.11,54.71,64.35,64.31,64.97,64.54,62.6,62.27,61.21
ALL,Allstate,Financials,Property & Casualty Insurance,197.25,213.71,173.88,198.66,200.36,202.32,200.27,199.91,199.21,196.27
GOOGL,Alphabet Inc. (Class A),Communication Services,Interactive Media & Services,249.53,253.04,140.23,246.69,241.32,225.31,205.51,186.92,180.71,181.92
GOOG,Alphabet Inc. (Class C),Communication Services,Interactive Media & Services,249.85,253.23,142.36,247.04,241.63,225.81,206.26,187.93,181.95,183.32
MO,Altria,Consumer Staples,Tobacco,65.51,67.51,45.54,65.22,65.22,65.59,62.51,60.07,59.16,56.23
AMZN,Amazon,Consumer Discretionary,Broadline Retail,231.62,242.52,161.38,231.04,232.76,230.0,227.38,216.88,210.64,214.42
AMCR,Amcor,Materials,Paper & Plastic Packaging Products & Materials,8.28,11.04,8.16,8.31,8.28,8.41,9.05,9.11,9.15,9.34
AEE,Ameren,Utilities,Multi-Utilities,98.97,102.85,80.57,99.82,99.69,99.84,99.38,97.44,97.34,95.42
AEP,American Electric Power,Utilities,Electric Utilities,107.52,115.08,87.57,108.33,108.27,110.24,109.73,106.07,105.62,102.19
AXP,American Express,Financials,Consumer Finance,336.0,337.49,219.87,328.99,327.49,324.13,313.58,304.17,294.92,295.91
AIG,American International Group,Financials,Multi-line Insurance,76.8,87.61,68.55,77.56,78.4,80.27,79.99,81.73,81.82,79.25
AMT,American Tower,Real Estate,Telecom Tower REITs,197.22,234.33,169.77,195.22,195.15,200.38,209.65,212.49,212.49,204.26
AWK,American Water Works,Utilities,Water Utilities,136.09,153.69,116.64,137.77,139.26,141.6,141.86,141.46,141.82,136.6
AMP,Ameriprise Financial,Financials,Asset Management & Custody Banks,486.17,576.69,393.57,491.6,493.7,503.13,512.62,510.14,502.15,512.66
AME,Ametek,Industrials,Electrical Components & Equipment,186.25,197.03,144.53,188.88,188.18,186.6,183.31,179.97,176.88,179.3
AMGN,Amgen,Health Care,Biotechnology,274.71,330.26,247.06,276.26,278.37,283.75,289.9,284.81,285.95,283.57
APH,Amphenol,Information Technology,Electronic Components,118.41,120.8,56.35,118.97,116.45,113.09,108.47,98.7,92.13,83.56
ADI,Analog Devices,Information Technology,Semiconductors,246.32,257.11,157.31,245.76,246.63,248.32,238.21,228.92,220.71,218.31
AON,Aon plc,Financials,Insurance Brokers,358.0,411.24,322.37,364.51,366.54,368.88,363.7,360.09,364.02,368.28
APA,APA Corporation,Energy,Oil & Gas Exploration & Production,24.16,26.13,13.18,23.48,23.08,22.66,20.68,19.2,18.8,19.75
APO,Apollo Global Management,Financials,Asset Management & Custody Banks,138.82,187.59,101.84,138.36,136.06,135.46,141.41,138.54,136.78,145.26
AAPL,Apple Inc.,Information Technology,"Technology Hardware, Storage & Peripherals",238.99,259.18,168.8,235.59,235.64,232.75,222.62,213.1,211.53,221.15
AMAT,Applied Materials,Information Technology,Semiconductor Materials & Equipment,178.13,213.48,123.04,172.11,167.05,164.2,176.98,172.08,166.2,167.4
APTV,Aptiv,Consumer Discretionary,Automotive Parts & Equipment,82.88,84.72,47.19,83.06,82.23,80.34,73.96,70.01,67.19,65.17
ACGL,Arch Capital Group,Financials,Property & Casualty Insurance,87.35,110.75,82.49,89.83,90.38,91.25,89.7,90.94,91.3,91.81
ADM,Archer Daniels Midland,Consumer Staples,Agricultural Products & Services,61.09,64.38,40.22,61.39,61.77,62.07,58.19,53.84,52.2,50.71
ANET,Arista Networks,Information Technology,Communications Equipment,142.84,156.32,59.43,144.57,143.95,139.14,128.62,110.77,103.67,104.45
AJG,Arthur J. Gallagher & Co.,Financials,Insurance Brokers,292.66,349.78,272.05,294.28,296.1,298.59,299.12,313.1,316.74,312.03
AIZ,Assurant,Financials,Multi-line Insurance,209.5,227.13,173.64,209.95,210.97,212.87,201.46,198.89,198.42,202.47
T,AT&T,Communication Services,Integrated Telecommunication Services,29.54,29.79,20.23,29.51,29.42,29.22,28.35,27.93,27.71,26.2
ATO,Atmos Energy,Utilities,Gas Utilities,163.45,167.99,131.97,165.08,164.85,165.35,160.94,157.65,156.37,150.96
ADSK,Autodesk,Information Technology,Application Software,319.28,329.09,232.67,320.49,322.45,309.15,300.66,297.97,290.66,290.83
ADP,Automatic Data Processing,Industrials,Human Resource & Employment Services,288.75,326.59,266.62,291.66,293.58,297.96,300.54,304.74,302.46,300.04
AZO,AutoZone,Consumer Discretionary,Automotive Retail,4232.57,4388.11,2898.57,4273.3,4260.58,4214.63,4009.02,3857.7,3818.36,3648.18
AVB,AvalonBay Communities,Real Estate,Multi-Family Residential REITs,192.54,233.48,178.86,193.93,194.01,193.19,194.22,199.07,199.77,205.84
AVY,Avery Dennison,Materials,Paper & Plastic Packaging Products & Materials,164.94,219.94,155.31,166.04,166.53,169.39,172.39,174.16,173.52,178.01
AXON,Axon Enterprise,Industrials,Aerospace & Defense,751.81,885.92,376.53,754.1,744.92,752.01,759.57,747.32,708.34,669.54
BKR,Baker Hughes,Energy,Oil & Gas Equipment & Services,46.48,48.6,32.92,46.69,46.34,45.47,43.63,40.55,40.39,41.42
BALL,Ball Corporation,Materials,"Metal, Glass & Plastic Containers",49.04,67.13,43.18,50.2,50.38,51.28,54.34,54.11,53.07,53.3
BAC,Bank of America,Financials,Diversified Banks,51.4,51.62,32.69,50.8,50.4,49.96,48.04,45.95,44.49,44.41
BAX,Baxter International,Health Care,Health Care Equipment,23.2,39.59,21.18,23.87,23.99,24.09,25.18,27.77,28.29,29.49
BDX,Becton Dickinson,Health Care,Health Care Equipment,187.57,248.0,161.47,187.38,188.9,191.01,185.98,179.55,185.88,201.06
BBY,Best Buy,Consumer Discretionary,Computer & Electronics Retail,74.52,99.71,54.24,75.49,76.19,75.05,71.31,70.25,69.33,74.3
TECH,Bio-Techne,Health Care,Life Sciences Tools & Services,51.52,80.52,45.87,51.88,52.6,53.84,53.79,51.86,52.3,59.08
BIIB,Biogen,Health Care,Biotechnology,144.87,204.18,110.04,145.11,143.37,140.34,134.69,130.78,129.93,136.21
BLK,BlackRock,Financials,Asset Management & Custody Banks,1131.78,1166.38,766.05,1124.67,1113.96,1118.42,1113.06,1043.13,1013.72,1003.26
BX,Blackstone Inc.,Financials,Asset Management & Custody Banks,183.62,196.67,114.16,183.28,178.1,173.61,171.06,155.83,151.4,157.21
XYZ,"Block, Inc.",Financials,Transaction & Payment Processing Services,75.71,99.26,44.27,74.64,74.9,76.3,75.33,68.01,65.52,71.56
BK,BNY Mellon,Financials,Asset Management & Custody Banks,107.01,107.21,67.42,106.2,105.3,104.62,101.58,94.65,91.48,87.68
BA,Boeing,Industrials,Aerospace & Defense,214.63,242.69,128.88,216.27,222.97,227.39,228.25,215.19,204.91,192.2
BKNG,Booking Holdings,Consumer Discretionary,"Hotels, Resorts & Cruise Lines",5553.7,5829.37,3902.01,5508.97,5524.33,5579.11,5575.31,5470.31,5289.47,5135.14
BSX,Boston Scientific,Health Care,Health Care Equipment,98.5,109.5,80.64,100.88,104.04,105.03,104.58,103.99,102.66,100.68
BMY,Bristol Myers Squibb,Health Care,Pharmaceuticals,46.15,61.84,42.96,46.52,46.75,47.15,47.04,47.1,48.46,51.42
AVGO,Broadcom,Information Technology,Semiconductors,346.17,374.23,137.78,357.95,348.26,322.83,304.85,271.47,251.84,236.66
BR,Broadridge Financial Solutions,Industrials,Data Processing & Outsourced Services,245.12,270.85,204.08,249.47,250.14,253.14,250.9,244.41,242.08,237.94
BRO,Brown & Brown,Financials,Insurance Brokers,92.21,125.31,89.99,92.36,93.34,94.8,97.16,103.46,106.55,107.26
BLDR,Builders FirstSource,Industrials,Building Products,129.28,203.14,102.6,139.15,141.68,140.3,135.3,125.19,124.62,135.28
BG,Bunge Global,Consumer Staples,Agricultural Products & Services,80.41,97.07,65.6,81.59,82.43,83.32,80.01,79.25,78.32,77.23
BXP,"BXP, Inc.",Real Estate,Office REITs,76.43,86.38,53.45,77.32,76.08,73.18,69.89,68.56,67.52,68.63
CHRW,C.H. Robinson,Industrials,Air Freight & Logistics,135.09,137.03,83.72,133.11,129.85,127.92,115.81,104.81,102.64,102.04
CDNS,Cadence Design Systems,Information Technology,Application Software,347.27,376.45,221.56,349.2,350.73,349.04,343.82,324.59,311.22,302.79
CZR,Caesars Entertainment,Consumer Discretionary,Casinos & Gaming,25.43,45.93,21.4,25.58,25.74,25.95,26.94,27.51,27.18,29.78
CPT,Camden Property Trust,Real Estate,Multi-Family Residential REITs,106.47,124.31,101.41,108.45,109.53,109.53,110.02,112.61,112.89,113.85
CPB,Campbell's Company (The),Consumer Staples,Packaged Foods & Meats,32.93,50.18,29.39,33.27,33.42,32.88,32.34,32.88,33.85,35.92
COF,Capital One,Financials,Consumer Finance,225.61,231.82,137.23,224.93,223.85,222.8,217.82,206.86,199.28,194.62
CAH,Cardinal Health,Health Care,Health Care Distributors,148.68,168.44,104.89,150.41,150.14,149.76,153.84,154.39,150.06,140.04
KMX,CarMax,Consumer Discretionary,Automotive Retail,59.13,91.25,54.53,60.18,60.45,60.26,60.0,63.21,64.93,71.37
CCL,Carnival,Consumer Discretionary,"Hotels, Resorts & Cruise Lines",31.19,32.8,15.07,31.52,31.54,31.38,30.26,26.81,25.22,25.03
CARR,Carrier Global,Industrials,Building Products,60.72,82.31,53.89,61.37,62.75,64.22,68.69,69.9,68.18,67.99
CAT,Caterpillar Inc.,Industrials,Construction Machinery & Heavy Transportation Equipment,450.66,452.32,265.05,438.03,429.73,427.64,422.25,386.35,370.58,367.48
CBOE,Cboe Global Markets,Financials,Financial Exchanges & Data,236.96,255.27,186.22,235.07,234.34,237.97,240.94,233.38,229.85,219.95
CBRE,CBRE Group,Real Estate,Real Estate Services,164.33,167.56,108.45,164.53,163.69,162.78,154.95,142.55,138.79,137.75
CDW,CDW Corporation,Information Technology,Technology Distributors,167.29,227.65,136.33,165.32,167.01,165.9,169.9,172.97,169.46,173.48
COR,Cencora,Health Care,Health Care Distributors,289.08,308.18,216.84,295.16,295.38,294.67,292.54,291.52,288.65,271.46
CNC,Centene Corporation,Health Care,Managed Health Care,32.02,77.29,25.08,32.76,31.26,30.19,28.79,42.15,45.95,51.27
CNP,CenterPoint Energy,Utilities,Multi-Utilities,38.05,39.16,27.23,38.09,37.84,37.83,37.67,37.23,36.99,35.22
CF,CF Industries,Materials,Fertilizers & Agricultural Chemicals,84.19,103.84,66.56,85.25,85.1,85.73,88.45,88.81,85.91,85.34
CRL,Charles River Laboratories,Health Care,Life Sciences Tools & Services,152.72,230.02,91.86,153.84,156.81,159.24,160.39,150.42,146.82,157.65
SCHW,Charles Schwab Corporation,Financials,Investment Banking & Brokerage,92.09,99.42,61.58,92.54,93.17,94.72,95.19,91.14,88.13,84.24
CHTR,Charter Communications,Communication Services,Cable & Satellite,268.02,437.06,251.8,263.43,262.84,265.23,297.13,348.46,349.03,353.48
CVX,Chevron Corporation,Energy,Integrated Oil & Gas,160.09,165.09,129.01,158.46,157.03,157.59,154.01,146.61,146.57,147.62
CMG,Chipotle Mexican Grill,Consumer Discretionary,Restaurants,39.67,66.74,38.3,39.03,39.54,41.05,44.83,48.48,48.61,51.94
CB,Chubb Limited,Financials,Property & Casualty Insurance,272.25,305.88,250.52,275.92,276.88,276.39,274.08,280.6,282.1,279.26
CHD,Church & Dwight,Consumer Staples,Household Products,92.0,115.72,90.22,92.43,93.57,93.52,94.22,95.19,97.12,100.48
CI,Cigna,Health Care,Health Care Services,296.59,363.87,255.6,299.31,301.13,300.4,293.57,305.62,309.12,303.38
CINF,Cincinnati Financial,Financials,Property & Casualty Insurance,154.48,158.92,122.28,155.3,154.49,154.07,151.5,148.73,146.44,144.48
CTAS,Cintas,Industrials,Diversified Support Services,199.98,228.77,179.74,201.17,202.34,206.97,214.91,216.98,213.83,208.66
CSCO,Cisco,Information Technology,Communications Equipment,67.72,72.55,48.45,67.18,67.31,67.63,68.15,65.82,64.16,62.58
C,Citigroup,Financials,Diversified Banks,101.76,102.21,54.71,100.09,98.33,96.76,94.07,85.09,81.17,78.36
CFG,Citizens Financial Group,Financials,Regional Banks,52.27,53.0,31.96,51.66,51.78,51.37,49.29,45.05,43.47,43.69
CLX,Clorox,Consumer Staples,Household Products,125.4,166.9,116.17,124.2,124.75,122.2,123.71,126.15,128.87,138.21
CME,CME Group,Financials,Financial Exchanges & Data,262.4,288.09,203.31,261.15,261.54,265.06,271.6,272.93,270.15,257.78
CMS,CMS Energy,Utilities,Multi-Utilities,70.38,75.33,62.54,71.05,71.12,71.6,71.87,70.91,71.12,69.69
KO,Coca-Cola Company (The),Consumer Staples,Soft Drinks & Non-alcoholic Beverages,67.04,73.29,59.3,66.62,66.98,67.9,68.58,69.4,69.51,67.39
CTSH,Cognizant,Information Technology,IT Consulting & Other Services,70.03,89.77,64.98,69.5,70.19,70.98,72.13,75.35,74.74,76.9
COIN,Coinbase,Financials,Financial Exchanges & Data,320.56,444.65,142.58,324.5,316.47,311.58,339.86,302.62,278.09,272.94
CL,Colgate-Palmolive,Consumer Staples,Household Products,82.22,103.59,81.41,82.63,83.36,84.01,85.4,87.82,88.6,88.85
CMCSA,Comcast,Communication Services,Cable & Satellite,32.43,44.12,31.03,32.76,33.28,33.55,33.63,34.08,34.2,35.02
CAG,Conagra Brands,Consumer Staples,Packaged Foods & Meats,18.89,31.17,18.18,19.02,19.16,19.14,19.05,20.51,21.41,22.87
COP,ConocoPhillips,Energy,Oil & Gas Exploration & Production,93.82,112.56,78.56,93.45,93.35,95.21,94.17,91.77,91.92,94.01
ED,Consolidated Edison,Utilities,Multi-Utilities,96.4,112.97,85.07,96.84,97.08,98.34,100.32,101.52,102.75,99.21
STZ,Constellation Brands,Consumer Staples,Distillers & Vintners,133.04,255.51,132.82,137.12,141.49,150.75,162.22,169.22,171.45,180.09
CEG,Constellation Energy,Utilities,Electric Utilities,321.27,356.57,160.94,323.22,314.64,313.48,321.78,306.08,285.98,277.44
COO,Cooper Companies (The),Health Care,Health Care Supplies,64.32,112.38,61.78,66.02,67.09,68.92,71.13,73.44,74.7,81.38
CPRT,Copart,Industrials,Diversified Support Services,46.62,64.38,45.05,47.62,48.2,48.3,47.28,50.86,52.16,54.26
GLW,Corning Inc.,Information Technology,Electronic Components,76.88,78.81,36.95,77.21,74.65,70.75,63.8,56.26,53.69,51.74
CPAY,Corpay,Financials,Transaction & Payment Processing Services,310.63,400.81,269.02,308.55,310.88,316.75,320.96,326.53,326.18,339.18
CTVA,Corteva,Materials,Fertilizers & Agricultural Chemicals,70.64,77.22,53.14,71.57,72.0,72.77,72.57,71.15,68.94,65.78
CSGP,CoStar Group,Real Estate,Real Estate Services,87.87,97.43,68.26,87.77,87.99,88.64,89.56,83.87,82.84,80.1
COST,Costco,Consumer Staples,Consumer Staples Merchandise Retail,963.03,1075.34,862.73,961.48,963.42,958.32,959.03,981.14,974.2,974.62
CTRA,Coterra,Energy,Oil & Gas Exploration & Production,24.38,29.29,21.84,24.37,24.23,24.11,24.0,24.44,24.82,25.35
CRWD,CrowdStrike,Information Technology,Systems Software,445.5,517.98,259.35,440.95,431.13,425.82,443.95,453.6,436.25,413.53
CCI,Crown Castle,Real Estate,Telecom Tower REITs,94.8,114.51,81.02,94.16,93.95,96.72,101.16,100.43,100.21,96.32
CSX,CSX Corporation,Industrials,Rail Transportation,32.77,37.1,26.01,32.61,32.49,32.89,34.13,32.55,31.69,31.88
CMI,Cummins,Industrials,Construction Machinery & Heavy Transportation Equipment,411.78,420.75,257.24,412.54,406.09,401.67,380.65,348.79,338.17,344.14
CVS,CVS Health,Health Care,Health Care Services,74.0,75.55,42.12,74.12,73.4,72.75,67.28,65.88,65.9,61.7
DHR,Danaher Corporation,Health Care,Life Sciences Tools & Services,192.94,278.43,170.73,191.43,194.2,200.12,200.45,198.07,197.66,207.17
DRI,Darden Restaurants,Consumer Discretionary,Restaurants,208.79,226.68,151.84,211.4,211.14,209.07,207.37,208.86,206.74,197.87
DDOG,Datadog,Information Technology,Application Software,134.23,170.08,81.63,136.62,136.7,134.36,136.81,128.4,122.14,127.62
DVA,DaVita,Health Care,Health Care Services,128.0,179.6,126.07,131.09,133.24,135.4,137.73,139.01,140.75,146.98
DAY,Dayforce,Industrials,Human Resource & Employment Services,68.41,82.69,48.01,68.88,69.01,69.14,61.59,59.76,59.04,62.71
DECK,Deckers Brands,Consumer Discretionary,Footwear,118.68,223.98,93.72,118.48,118.34,116.45,109.39,110.35,110.42,136.25
DE,Deere & Company,Industrials,Agricultural & Farm Machinery,469.12,532.1,383.0,470.78,473.05,479.56,495.51,499.58,491.09,477.76
DELL,Dell Technologies,Information Technology,"Technology Hardware, Storage & Peripherals",130.34,145.54,65.56,127.05,125.55,126.91,129.52,119.92,113.29,111.95
DAL,Delta Air Lines,Industrials,Passenger Airlines,58.82,69.36,34.52,59.08,60.1,60.43,57.52,52.78,50.63,54.52
DVN,Devon Energy,Energy,Oil & Gas Exploration & Production,35.41,42.12,25.53,34.75,34.72,34.88,33.7,32.87,32.73,33.24
DXCM,Dexcom,Health Care,Health Care Equipment,76.44,93.25,57.52,76.16,77.45,77.56,80.61,81.83,79.06,80.07
FANG,Diamondback Energy,Energy,Oil & Gas Exploration & Production,140.47,195.31,112.4,137.74,138.34,141.44,141.8,140.41,140.42,147.39
DLR,Digital Realty,Real Estate,Data Center REITs,171.15,192.35,128.14,173.15,168.51,166.69,169.56,169.04,164.11,165.23
DG,Dollar General,Consumer Staples,Consumer Staples Merchandise Retail,106.14,117.95,65.67,104.93,106.21,108.83,110.25,106.65,102.99,92.19
DLTR,Dollar Tree,Consumer Staples,Consumer Staples Merchandise Retail,97.78,118.06,60.49,97.47,98.33,104.71,109.55,100.73,95.25,86.49
D,Dominion Energy,Utilities,Multi-Utilities,59.6,61.75,46.96,59.93,59.22,59.41,58.97,56.79,55.91,54.91
DPZ,Domino's,Consumer Discretionary,Restaurants,438.21,495.24,392.06,447.15,452.9,452.89,456.88,461.94,461.48,455.08
DASH,DoorDash,Consumer Discretionary,Specialized Consumer Services,259.25,278.15,126.9,259.72,255.88,251.02,249.15,230.68,221.05,206.9
DOV,Dover Corporation,Industrials,Industrial Machinery & Supplies & Components,171.45,220.46,142.22,173.41,175.15,177.17,180.2,179.3,176.95,183.13
DOW,Dow Inc.,Materials,Commodity Chemicals,24.54,51.74,20.11,24.65,24.36,24.3,24.64,26.43,27.15,31.04
DHI,D. R. Horton,Consumer Discretionary,Homebuilding,169.98,197.64,109.8,174.53,176.92,172.54,157.71,140.9,137.45,137.97
DTE,DTE Energy,Utilities,Multi-Utilities,135.11,140.92,111.81,135.39,135.01,135.95,136.33,134.54,134.04,129.41
DUK,Duke Energy,Utilities,Electric Utilities,121.1,126.75,102.41,121.56,121.12,122.12,121.0,118.49,118.27,115.07
DD,DuPont,Materials,Specialty Chemicals,76.78,88.2,53.17,77.27,77.19,76.67,74.62,71.14,70.1,72.86
EMN,Eastman Chemical Company,Materials,Specialty Chemicals,65.99,109.94,56.08,66.11,66.56,67.01,69.12,73.07,74.5,81.31
ETN,Eaton Corporation,Industrials,Electrical Components & Equipment,363.35,398.4,230.37,367.21,359.33,353.64,362.54,343.73,329.77,327.51
EBAY,eBay Inc.,Consumer Discretionary,Broadline Retail,89.96,100.83,55.44,90.49,91.49,93.02,88.98,81.0,77.8,72.99
ECL,Ecolab,Materials,Specialty Chemicals,265.36,286.04,221.08,269.51,271.11,275.27,272.17,266.51,261.65,256.64
EIX,Edison International,Utilities,Electric Utilities,55.56,85.03,46.98,55.8,55.18,55.2,53.96,53.52,53.98,57.24
EW,Edwards Lifesciences,Health Care,Health Care Equipment,75.2,83.0,64.01,76.38,78.21,79.75,78.76,77.47,76.13,74.64
EA,Electronic Arts,Communication Services,Interactive Home Entertainment,173.59,180.7,114.77,171.94,170.07,170.7,163.65,157.02,154.11,148.95
ELV,Elevance Health,Health Care,Managed Health Care,308.48,549.9,272.22,310.41,309.7,311.14,303.34,344.1,360.58,370.55
EMR,Emerson Electric,Industrials,Electrical Components & Equipment,131.0,149.68,89.31,133.65,133.24,132.69,136.82,128.97,123.93,123.4
ENPH,Enphase Energy,Information Technology,Semiconductor Materials & Equipment,38.72,126.19,29.89,38.13,38.07,37.61,36.64,39.94,43.17,51.8
ETR,Entergy,Utilities,Electric Utilities,88.18,91.79,61.36,89.36,88.5,88.63,87.78,84.86,84.26,82.13
EOG,EOG Resources,Energy,Oil & Gas Exploration & Production,119.84,135.49,100.76,119.28,119.11,120.53,119.47,117.12,116.75,119.93
EPAM,EPAM Systems,Information Technology,IT Consulting & Other Services,153.46,269.0,138.15,155.3,159.66,166.0,164.33,169.06,167.03,191.62
EQT,EQT Corporation,Energy,Oil & Gas Exploration & Production,49.99,60.83,32.46,50.36,50.74,51.34,52.61,53.98,53.31,51.47
EFX,Equifax,Industrials,Research & Consulting Services,262.33,307.44,199.2,259.25,253.71,249.39,248.83,256.24,251.31,252.32
EQIX,Equinix,Real Estate,Data Center REITs,778.78,977.63,693.42,787.17,780.31,779.96,776.92,816.42,811.59,848.33
EQR,Equity Residential,Real Estate,Multi-Family Residential REITs,64.63,76.06,58.81,65.6,65.93,65.39,65.35,66.95,67.05,68.04
ERIE,Erie Indemnity,Financials,Insurance Brokers,320.37,539.84,319.48,327.9,330.88,341.77,350.51,352.49,363.49,379.94
ESS,Essex Property Trust,Real Estate,Multi-Family Residential REITs,266.23,310.81,241.65,266.46,266.31,265.64,269.54,275.14,276.43,279.97
EL,Estée Lauder Companies (The),Consumer Staples,Personal Care Products,88.17,101.55,47.94,86.91,87.62,88.81,89.36,79.11,75.11,74.49
EG,Everest Group,Financials,Reinsurance,333.65,400.59,318.14,340.39,340.74,342.1,336.83,339.36,341.69,345.75
EVRG,Evergy,Utilities,Electric Utilities,71.76,73.29,56.68,72.03,71.68,71.68,70.65,68.58,68.07,65.96
ES,Eversource Energy,Utilities,Electric Utilities,63.3,67.15,51.64,64.6,64.07,64.3,65.13,64.04,62.86,61.05
EXC,Exelon,Utilities,Electric Utilities,43.23,47.26,34.98,43.25,43.25,43.73,43.82,43.6,43.81,42.1
EXE,Expand Energy,Energy,Oil & Gas Exploration & Production,99.68,121.47,70.4,96.97,96.27,96.12,98.27,105.07,104.86,102.6
EXPE,Expedia Group,Consumer Discretionary,"Hotels, Resorts & Cruise Lines",225.18,229.0,129.46,224.39,220.38,216.03,199.66,183.05,178.05,179.98
EXPD,Expeditors International,Industrials,Air Freight & Logistics,124.95,129.91,99.78,124.16,122.74,121.62,118.55,115.75,114.94,114.75
EXR,Extra Space Storage,Real Estate,Self-Storage REITs,143.18,177.0,118.4,144.51,144.25,142.03,142.13,143.88,142.67,144.94
XOM,ExxonMobil,Energy,Integrated Oil & Gas,115.29,121.93,96.01,113.32,112.13,112.03,110.05,108.1,108.09,107.79
FFIV,"F5, Inc.",Information Technology,Communications Equipment,323.81,337.39,210.72,325.58,323.09,318.72,312.11,298.5,291.09,284.4
FDS,FactSet,Financials,Financial Exchanges & Data,336.04,495.04,332.8,351.6,360.85,368.93,391.11,416.13,418.68,435.21
FICO,Fair Isaac,Information Technology,Application Software,1551.83,2402.52,1300.0,1560.24,1546.72,1495.3,1468.49,1675.32,1711.37,1801.67
FAST,Fastenal,Industrials,Trading Companies & Distributors,47.12,50.63,33.59,47.38,47.92,48.86,47.5,44.28,43.09,40.82
FRT,Federal Realty Investment Trust,Real Estate,Retail REITs,99.29,114.28,79.72,100.75,100.99,99.99,96.28,95.33,94.71,98.45
FDX,FedEx,Industrials,Air Freight & Logistics,225.78,301.45,191.82,227.51,226.41,227.35,228.06,224.26,223.23,238.23
FIS,Fidelity National Information Services,Financials,Transaction & Payment Processing Services,67.15,90.1,65.66,67.01,67.49,68.44,73.17,76.08,75.42,75.84
FITB,Fifth Third Bancorp,Financials,Regional Banks,45.91,47.75,31.96,45.42,45.54,45.18,43.57,41.09,40.09,40.97
FSLR,First Solar,Information Technology,Semiconductors,210.71,262.72,116.56,205.59,204.5,201.13,189.2,172.88,164.01,166.3
FE,FirstEnergy,Utilities,Electric Utilities,43.44,44.4,36.81,43.49,43.43,43.51,42.49,41.65,41.22,40.38
FI,Fiserv,Financials,Transaction & Payment Processing Services,134.18,238.59,128.22,133.92,134.46,136.34,142.68,157.02,168.03,185.81
F,Ford Motor Company,Consumer Discretionary,Automobile Manufacturers,11.66,11.99,8.21,11.68,11.64,11.67,11.39,10.88,10.6,10.15
FTNT,Fortinet,Information Technology,Systems Software,80.29,114.82,70.12,80.33,79.66,78.95,88.62,95.99,96.03,97.58
FTV,Fortive,Industrials,Industrial Machinery & Supplies & Components,48.03,62.71,45.45,48.74,48.23,48.13,48.98,51.06,51.25,54.03
FOXA,Fox Corporation (Class A),Communication Services,Broadcasting,59.22,62.69,38.98,58.49,59.31,59.33,57.27,55.49,54.63,53.16
FOX,Fox Corporation (Class B),Communication Services,Broadcasting,53.57,57.02,36.06,52.86,53.72,53.97,52.29,50.88,50.19,49.28
BEN,Franklin Resources,Financials,Asset Management & Custody Banks,24.21,26.08,16.03,24.46,24.68,24.98,24.9,23.27,22.26,21.35
FCX,Freeport-McMoRan,Materials,Copper,45.09,51.85,27.45,45.33,45.45,44.63,43.66,41.88,40.61,39.84
GRMN,Garmin,Consumer Discretionary,Consumer Electronics,234.18,244.52,159.09,237.19,237.5,236.28,230.98,216.28,212.64,212.96
IT,Gartner,Information Technology,IT Consulting & Other Services,253.92,584.01,223.65,248.03,244.79,245.75,286.48,354.51,365.27,417.05
GE,GE Aerospace,Industrials,Aerospace & Defense,289.5,294.74,158.81,286.5,282.97,277.39,271.31,252.5,240.21,220.39
GEHC,GE HealthCare,Health Care,Health Care Equipment,76.63,94.71,57.59,77.25,76.9,75.28,74.61,73.16,72.58,77.13
GEV,GE Vernova,Industrials,Heavy Electrical Equipment,614.79,677.29,224.8,624.22,615.15,611.16,612.21,536.19,492.6,438.08
GEN,Gen Digital,Information Technology,Systems Software,28.66,32.09,22.55,28.97,29.25,29.95,30.03,29.18,28.41,28.15
GNRC,Generac,Industrials,Electrical Components & Equipment,181.29,203.25,99.5,184.57,183.31,185.22,178.27,153.07,146.26,148.61
GD,General Dynamics,Industrials,Aerospace & Defense,325.28,330.18,236.67,326.89,324.68,323.23,315.03,296.38,290.47,278.46
GIS,General Mills,Consumer Staples,Packaged Foods & Meats,49.18,72.65,48.29,49.66,49.89,49.66,49.86,51.58,52.72,55.51
GM,General Motors,Consumer Discretionary,Automobile Manufacturers,58.73,60.6,41.36,58.67,58.32,58.13,55.23,51.86,50.72,50.45
GPC,Genuine Parts Company,Consumer Discretionary,Distributors,139.23,143.1,102.41,140.39,140.0,138.57,133.42,127.4,124.79,122.18
GILD,Gilead Sciences,Health Care,Biotechnology,112.26,120.99,79.46,113.29,113.72,113.65,113.29,109.53,108.75,104.4
GPN,Global Payments,Financials,Transaction & Payment Processing Services,85.35,118.69,65.53,85.12,85.88,86.67,83.99,80.9,82.14,91.63
GL,Globe Life,Financials,Life & Health Insurance,142.8,144.0,99.63,142.17,141.2,140.62,135.31,128.18,127.34,123.27
GDDY,GoDaddy,Information Technology,Internet Services & Infrastructure,144.09,216.0,132.51,145.49,145.95,146.15,153.56,167.63,169.15,179.22
GS,Goldman Sachs,Financials,Investment Banking & Brokerage,794.22,798.52,434.87,786.26,769.38,752.0,730.33,671.25,641.16,622.67
HAL,Halliburton,Energy,Oil & Gas Equipment & Services,22.25,31.66,18.43,22.2,22.17,22.05,21.73,21.15,21.4,23.3
HIG,Hartford (The),Financials,Property & Casualty Insurance,130.65,135.17,103.64,131.5,131.66,132.09,127.64,126.76,124.96,120.23
HAS,Hasbro,Consumer Discretionary,Leisure Products,73.92,82.19,48.07,76.59,77.87,79.27,77.63,72.13,68.78,65.12
HCA,HCA Healthcare,Health Care,Health Care Facilities,399.39,420.98,288.77,402.06,406.85,406.13,383.74,377.0,368.7,348.79
DOC,Healthpeak Properties,Real Estate,Health Care REITs,18.21,22.06,16.35,18.18,18.16,17.92,17.69,17.42,17.68,18.41
HSIC,Henry Schein,Health Care,Health Care Distributors,67.37,82.49,60.56,68.63,68.31,68.51,69.07,69.84,69.19,71.04
HSY,Hershey Company (The),Consumer Staples,Packaged Foods & Meats,191.09,202.98,136.73,188.13,187.23,184.73,180.41,172.19,170.48,167.82
HPE,Hewlett Packard Enterprise,Information Technology,"Technology Hardware, Storage & Peripherals",24.73,25.1,11.88,24.72,24.21,23.32,21.78,19.81,18.83,19.47
HLT,Hilton Worldwide,Consumer Discretionary,"Hotels, Resorts & Cruise Lines",266.41,279.81,195.81,272.9,274.07,274.27,271.33,260.5,252.11,251.84
HOLX,Hologic,Health Care,Health Care Equipment,68.2,84.39,51.9,65.23,65.81,66.47,66.41,63.6,62.83,65.25
HD,Home Depot (The),Consumer Discretionary,Home Improvement Retail,417.0,429.19,322.47,421.45,418.64,411.43,390.61,376.36,371.42,379.25
HON,Honeywell,Industrials,Industrial Conglomerates,211.68,240.47,177.52,212.23,213.12,216.27,221.48,221.45,217.24,216.83
HRL,Hormel Foods,Consumer Staples,Packaged Foods & Meats,24.89,32.84,23.71,25.03,25.2,26.33,27.93,28.89,29.06,29.32
HST,Host Hotels & Resorts,Real Estate,Hotel & Resort REITs,17.52,18.53,12.06,17.62,17.56,17.24,16.5,15.83,15.42,15.83
HWM,Howmet Aerospace,Industrials,Aerospace & Defense,185.39,193.13,93.25,186.42,183.2,178.45,180.81,173.49,164.19,148.43
HPQ,HP Inc.,Information Technology,"Technology Hardware, Storage & Peripherals",27.9,38.25,20.76,27.94,28.35,27.89,26.34,25.92,25.74,28.01
HUBB,Hubbell Incorporated,Industrials,Industrial Machinery & Supplies & Components,433.26,475.24,297.55,439.03,438.46,436.79,430.93,407.66,393.51,398.13
HUM,Humana,Health Care,Managed Health Care,269.39,321.0,206.87,274.46,284.92,292.5,265.98,253.14,256.38,260.7
HBAN,Huntington Bancshares,Financials,Regional Banks,17.54,18.03,11.8,17.62,17.66,17.55,17.0,16.36,15.87,15.97
HII,Huntington Ingalls Industries,Industrials,Aerospace & Defense,272.46,291.7,155.93,273.89,271.95,270.88,265.15,247.4,238.73,218.86
IBM,IBM,Information Technology,IT Consulting & Other Services,259.08,294.17,197.92,256.66,255.11,248.84,255.77,260.82,256.04,248.14
IEX,IDEX Corporation,Industrials,Industrial Machinery & Supplies & Components,159.59,235.67,152.2,161.93,162.58,163.62,169.08,174.42,173.91,185.83
IDXX,Idexx Laboratories,Health Care,Health Care Equipment,640.86,688.12,356.14,643.36,644.66,642.83,607.57,558.66,528.82,492.88
ITW,Illinois Tool Works,Industrials,Industrial Machinery & Supplies & Components,262.48,274.77,213.36,263.58,264.12,264.37,260.91,252.74,249.71,252.49
INCY,Incyte,Health Care,Biotechnology,84.8,87.99,53.56,84.22,85.16,85.21,79.19,72.28,69.75,70.24
IR,Ingersoll Rand,Industrials,Industrial Machinery & Supplies & Components,79.0,105.95,65.58,79.11,79.6,79.48,81.54,81.56,80.34,84.37
PODD,Insulet Corporation,Health Care,Health Care Equipment,322.22,353.5,225.37,334.87,340.93,338.1,312.74,307.25,297.26,286.93
INTC,Intel,Information Technology,Semiconductors,24.9,27.55,17.67,24.73,24.64,24.48,23.02,22.04,21.9,21.71
ICE,Intercontinental Exchange,Financials,Financial Exchanges & Data,172.25,189.35,141.51,173.2,173.44,175.74,180.12,178.37,175.55,169.25
IFF,International Flavors & Fragrances,Materials,Specialty Chemicals,63.34,105.18,62.33,64.84,65.15,65.96,69.18,72.56,72.94,76.91
IP,International Paper,Materials,Paper & Plastic Packaging Products & Materials,46.94,58.71,42.44,46.25,46.9,47.77,48.92,47.85,48.01,50.15
IPG,Interpublic Group of Companies (The),Communication Services,Advertising,26.26,31.81,21.93,26.4,26.56,26.52,25.52,24.73,24.66,25.58
INTU,Intuit,Information Technology,Application Software,662.68,813.7,531.0,654.37,661.18,665.85,720.14,718.36,693.28,662.68
ISRG,Intuitive Surgical,Health Care,Health Care Equipment,433.66,616.0,425.0,441.54,451.66,460.72,481.0,508.91,505.36,523.51
IVZ,Invesco,Financials,Asset Management & Custody Banks,22.17,22.78,11.33,22.32,22.19,21.89,20.74,17.74,16.93,16.93
INVH,Invitation Homes,Real Estate,Single-Family Residential REITs,29.64,35.99,29.11,29.93,30.07,30.42,30.92,32.16,32.34,32.09
IQV,IQVIA,Health Care,Life Sciences Tools & Services,186.69,248.03,134.65,187.48,187.03,187.57,183.19,167.25,166.1,177.69
IRM,Iron Mountain,Real Estate,Other Specialized REITs,99.48,126.21,71.19,98.72,95.96,93.32,94.34,95.87,93.28,95.6
JBHT,J.B. Hunt,Industrials,Cargo Ground Transportation,134.52,198.61,122.01,137.61,139.8,142.28,144.68,142.54,141.72,151.98
JBL,Jabil,Information Technology,Electronic Manufacturing Services,213.64,232.75,103.62,214.27,212.36,209.38,216.5,197.37,184.97,171.91
JKHY,Jack Henry & Associates,Financials,Transaction & Payment Processing Services,159.78,194.68,157.23,159.76,160.67,161.42,166.78,172.57,172.75,172.89
J,Jacobs Solutions,Industrials,Construction & Engineering,147.3,152.07,104.68,147.13,145.8,146.25,143.74,135.01,131.44,131.14
JNJ,Johnson & Johnson,Health Care,Pharmaceuticals,177.2,179.84,137.37,177.52,177.57,177.4,170.84,161.5,160.09,156.25
JCI,Johnson Controls,Industrials,Building Products,107.41,112.63,67.78,107.51,107.21,107.05,106.77,102.5,97.69,91.57
JPM,JPMorgan Chase,Financials,Diversified Banks,311.75,312.91,199.85,308.46,303.18,300.31,295.08,280.32,271.13,262.73
K,Kellanova,Consumer Staples,Packaged Foods & Meats,78.65,82.04,77.13,79.23,79.34,79.27,79.29,79.86,80.13,80.09
KVUE,Kenvue,Consumer Staples,Personal Care Products,18.34,24.71,17.15,18.51,18.75,19.87,20.88,21.6,21.78,21.69
KDP,Keurig Dr Pepper,Consumer Staples,Soft Drinks & Non-alcoholic Beverages,27.26,37.26,26.58,27.16,27.64,29.4,32.03,32.64,32.96,32.57
KEY,KeyCorp,Financials,Regional Banks,18.71,19.41,12.43,18.88,19.0,18.9,18.33,17.14,16.62,16.68
KEYS,Keysight Technologies,Information Technology,Electronic Equipment & Instruments,172.91,186.2,121.43,171.93,170.31,167.14,165.26,162.13,158.2,161.39
KMB,Kimberly-Clark,Consumer Staples,Household Products,125.59,147.59,120.67,126.71,128.01,128.63,128.97,130.53,131.7,131.13
KIM,Kimco Realty,Real Estate,Retail REITs,21.95,24.7,17.52,22.25,22.37,22.15,21.58,21.09,20.87,21.26
KMI,Kinder Morgan,Energy,Oil & Gas Storage & Transportation,27.57,30.49,20.39,27.46,27.11,26.93,27.1,27.29,27.17,26.99
KKR,KKR & Co.,Financials,Asset Management & Custody Banks,144.4,169.7,85.9,144.36,141.0,140.01,142.74,132.91,128.0,133.98
KLAC,KLA Corporation,Information Technology,Semiconductor Materials & Equipment,989.87,1002.04,548.81,978.53,943.04,908.21,910.15,855.85,817.34,771.43
KHC,Kraft Heinz,Consumer Staples,Packaged Foods & Meats,25.73,34.37,25.07,25.99,26.44,26.82,27.11,26.78,27.17,27.88
KR,Kroger,Consumer Staples,Food Retail,66.96,74.52,53.47,67.33,67.49,68.35,70.04,69.4,68.99,66.21
LHX,L3Harris,Industrials,Aerospace & Defense,281.86,286.81,190.25,281.57,277.23,276.08,271.28,253.76,245.09,232.38
LH,Labcorp,Health Care,Health Care Services,276.07,282.74,208.23,276.65,276.54,276.43,266.04,258.36,251.92,246.97
LRCX,Lam Research,Information Technology,Semiconductor Materials & Equipment,121.9,123.28,56.18,118.82,111.55,106.04,102.34,93.92,88.96,84.68
LW,Lamb Weston,Consumer Staples,Packaged Foods & Meats,55.65,82.35,47.25,56.6,56.73,56.51,54.67,53.7,53.64,56.41
LVS,Las Vegas Sands,Consumer Discretionary,Casinos & Gaming,52.71,58.05,29.84,53.17,53.69,54.8,52.75,47.03,44.74,45.42
LDOS,Leidos,Industrials,Diversified Support Services,183.8,200.78,122.65,183.46,181.07,180.87,172.57,162.09,157.14,151.92
LEN,Lennar,Consumer Discretionary,Homebuilding,132.97,184.74,97.54,135.58,137.43,135.2,124.96,116.79,115.32,121.44
LII,Lennox International,Industrials,Building Products,545.93,689.44,497.88,551.99,559.67,562.97,592.58,579.61,574.1,590.56
LLY,Lilly (Eli),Health Care,Pharmaceuticals,760.13,932.73,622.41,756.94,749.87,736.44,740.16,757.35,764.59,783.43
LIN,Linde plc,Materials,Industrial Gases,479.86,484.83,406.06,478.74,475.64,476.74,471.67,465.45,462.01,454.07
LYV,Live Nation Entertainment,Communication Services,Movies & Entertainment,169.37,175.25,99.17,171.99,169.7,167.28,158.07,150.11,145.51,142.36
LKQ,LKQ Corporation,Consumer Discretionary,Distributors,31.11,43.77,28.65,31.88,32.11,31.91,32.56,35.68,36.66,37.19
LMT,Lockheed Martin,Industrials,Aerospace & Defense,473.12,602.02,407.14,472.55,466.35,457.39,444.61,455.24,453.79,457.9
L,Loews Corporation,Financials,Multi-line Insurance,96.79,98.33,74.95,97.06,96.75,96.56,94.02,91.37,90.5,88.31
LOW,Lowe's,Consumer Discretionary,Home Improvement Retail,267.95,281.56,204.22,270.96,269.79,264.27,245.04,234.03,231.58,238.13
LULU,Lululemon Athletica,Consumer Discretionary,"Apparel, Accessories & Luxury Goods",163.48,423.32,159.25,162.29,168.3,185.17,200.77,238.78,247.26,294.71
LYB,LyondellBasell,Materials,Specialty Chemicals,53.52,89.94,46.44,53.89,54.22,55.0,56.02,56.21,56.93,62.34
MTB,M&T Bank,Financials,Regional Banks,198.6,219.44,148.52,197.42,198.62,197.99,194.11,187.8,183.36,185.88
MPC,Marathon Petroleum,Energy,Oil & Gas Refining & Marketing,184.68,186.28,113.82,182.04,181.55,177.94,172.48,165.46,159.08,153.62
MKTX,MarketAxess,Financials,Financial Exchanges & Data,183.53,292.5,178.2,184.29,184.91,185.47,195.85,207.79,209.16,211.73
MAR,Marriott International,Consumer Discretionary,"Hotels, Resorts & Cruise Lines",262.05,305.27,204.35,265.9,265.76,266.51,267.93,264.8,257.62,265.06
MMC,Marsh McLennan,Financials,Insurance Brokers,197.4,246.94,196.17,199.75,201.27,204.42,205.89,214.27,217.51,218.82
MLM,Martin Marietta Materials,Materials,Construction Materials,609.69,632.26,440.72,615.5,617.72,613.71,595.38,570.07,552.81,541.61
MAS,Masco,Industrials,Building Products,72.47,85.23,56.02,73.62,74.06,73.82,70.51,66.79,66.29,69.61
MA,Mastercard,Financials,Transaction & Payment Processing Services,598.63,601.77,464.22,587.43,586.7,589.85,575.37,570.72,561.34,552.48
MTCH,Match Group,Communication Services,Interactive Media & Services,37.59,39.2,26.24,37.65,37.87,37.53,35.82,33.02,32.34,32.34
MKC,McCormick & Company,Consumer Staples,Packaged Foods & Meats,66.81,85.22,65.95,67.73,68.8,69.58,70.35,72.18,73.17,74.66
MCD,McDonald's,Consumer Discretionary,Restaurants,304.97,322.65,271.85,304.83,308.68,310.44,304.28,303.93,304.42,299.77
MCK,McKesson Corporation,Health Care,Health Care Distributors,692.24,737.01,462.37,703.96,700.74,694.61,696.18,704.55,699.2,662.86
MDT,Medtronic,Health Care,Health Care Equipment,94.58,95.54,77.57,94.1,93.56,92.96,91.76,88.28,87.6,86.94
MRK,Merck & Co.,Health Care,Pharmaceuticals,81.14,115.12,71.87,81.91,82.69,83.4,82.08,80.06,80.44,85.21
META,Meta Platforms,Communication Services,Interactive Media & Services,775.72,796.25,479.43,765.18,759.7,752.77,744.66,701.14,671.21,658.28
MET,MetLife,Financials,Life & Health Insurance,78.68,87.17,64.24,79.81,79.84,80.22,77.96,78.02,77.45,79.04
MTD,Mettler Toledo,Health Care,Life Sciences Tools & Services,1273.96,1521.01,946.69,1270.49,1279.88,1285.18,1260.9,1205.47,1183.15,1218.46
MGM,MGM Resorts,Consumer Discretionary,Casinos & Gaming,35.29,42.54,25.3,35.24,35.8,37.07,36.9,35.04,34.0,34.2
MCHP,Microchip Technology,Information Technology,Semiconductors,65.78,79.31,33.63,64.62,64.83,65.47,67.46,64.23,60.07,58.73
MU,Micron Technology,Information Technology,Semiconductors,159.99,160.59,61.48,156.88,144.67,131.31,122.2,112.71,106.01,102.38
MSFT,Microsoft,Information Technology,Systems Software,510.02,554.54,343.59,509.07,504.53,505.07,510.69,485.16,463.64,446.17
MAA,Mid-America Apartment Communities,Real Estate,Multi-Family Residential REITs,139.55,170.0,137.32,141.17,142.68,142.9,144.63,149.01,150.59,151.72
MRNA,Moderna,Health Care,Biotechnology,25.0,75.37,23.15,24.52,24.56,24.89,28.08,27.48,27.56,31.38
MHK,Mohawk Industries,Consumer Discretionary,Home Furnishings,131.28,164.29,96.24,136.19,136.59,133.45,124.38,114.38,113.22,116.52
MOH,Molina Healthcare,Health Care,Managed Health Care,176.32,365.23,151.95,179.64,177.99,177.13,177.12,239.12,256.98,272.73
TAP,Molson Coors Beverage Company,Consumer Staples,Brewers,46.86,63.47,46.5,47.93,48.79,49.64,49.71,50.89,52.47,54.03
MDLZ,Mondelez International,Consumer Staples,Packaged Foods & Meats,62.83,73.87,53.2,62.23,62.06,62.08,64.27,65.4,65.5,63.52
MPWR,Monolithic Power Systems,Information Technology,Semiconductors,877.66,947.45,437.93,851.78,855.02,847.08,799.11,742.24,703.57,672.3
MNST,Monster Beverage,Consumer Staples,Soft Drinks & Non-alcoholic Beverages,66.52,67.12,45.7,65.1,64.06,63.45,61.89,62.07,61.28,57.7
MCO,Moody's Corporation,Financials,Financial Exchanges & Data,511.77,528.95,377.3,511.91,508.0,508.3,508.42,492.82,482.23,482.21
MS,Morgan Stanley,Financials,Investment Banking & Brokerage,157.41,158.48,92.93,156.55,153.65,150.83,145.68,137.13,131.89,130.04
MOS,Mosaic Company (The),Materials,Fertilizers & Agricultural Chemicals,34.16,37.97,21.99,33.87,33.21,33.04,33.94,34.1,32.52,29.88
MSI,Motorola Solutions,Information Technology,Communications Equipment,477.85,502.83,387.0,481.39,479.71,472.47,450.1,433.27,430.87,439.54
MSCI,MSCI Inc.,Financials,Financial Exchanges & Data,578.64,636.39,483.67,578.2,571.03,569.18,562.49,560.86,557.51,568.69
NDAQ,"Nasdaq, Inc.",Financials,Financial Exchanges & Data,93.1,97.36,64.46,93.61,93.9,94.05,93.45,88.24,85.21,82.7
NTAP,NetApp,Information Technology,"Technology Hardware, Storage & Peripherals",123.92,133.34,71.49,124.11,122.59,117.35,110.45,105.06,101.06,106.13
NFLX,Netflix,Communication Services,Movies & Entertainment,1228.5,1341.15,677.88,1204.64,1228.02,1222.63,1215.31,1211.3,1160.01,1076.56
NEM,Newmont,Materials,Gold,78.69,80.07,36.35,79.19,77.71,74.96,68.17,61.27,58.98,52.5
NWSA,News Corp (Class A),Communication Services,Publishing,30.23,30.65,23.3,29.72,29.51,29.51,29.39,28.77,28.25,28.19
NWS,News Corp (Class B),Communication Services,Publishing,33.15,35.47,26.17,32.67,32.75,33.37,33.6,33.06,32.42,32.09
NEE,NextEra Energy,Utilities,Multi-Utilities,70.31,83.5,60.75,70.92,70.72,72.24,72.52,71.17,70.35,70.23
NKE,"Nike, Inc.",Consumer Discretionary,"Apparel, Accessories & Luxury Goods",72.31,88.65,51.67,73.08,73.67,75.22,74.88,68.48,66.64,69.54
NI,NiSource,Utilities,Multi-Utilities,39.61,43.51,32.37,40.33,40.33,41.34,41.42,40.26,39.93,38.9
NDSN,Nordson Corporation,Industrials,Industrial Machinery & Supplies & Components,223.64,262.94,163.83,225.37,224.57,223.52,218.72,211.91,207.34,210.7
NSC,Norfolk Southern,Industrials,Rail Transportation,278.0,291.69,199.43,276.39,276.09,277.8,276.3,259.39,251.91,248.58
NTRS,Northern Trust,Financials,Asset Management & Custody Banks,129.46,132.18,80.54,129.57,128.72,129.01,127.37,117.73,112.54,109.51
NOC,Northrop Grumman,Industrials,Aerospace & Defense,577.08,598.64,420.66,577.98,578.39,583.11,568.32,526.25,521.42,501.62
NCLH,Norwegian Cruise Line Holdings,Consumer Discretionary,"Hotels, Resorts & Cruise Lines",25.38,29.29,14.21,26.11,25.71,25.2,24.42,21.53,20.78,22.48
NRG,NRG Energy,Utilities,Independent Power Producers & Energy Traders,164.58,175.96,79.04,163.53,157.45,151.95,153.86,149.98,139.16,123.94
NUE,Nucor,Materials,Steel,142.8,168.24,97.18,142.48,143.15,145.21,143.07,131.8,128.42,128.58
NVDA,Nvidia,Information Technology,Semiconductors,170.29,184.47,86.61,175.58,173.29,175.01,175.02,155.64,146.1,140.49
NVR,"NVR, Inc.",Consumer Discretionary,Homebuilding,8137.31,9964.77,6562.85,8314.61,8363.8,8230.9,7967.41,7595.58,7512.7,7680.13
NXPI,NXP Semiconductors,Information Technology,Semiconductors,221.89,253.03,147.4,220.84,222.48,227.96,224.28,214.74,208.16,210.31
ORLY,O’Reilly Automotive,Consumer Discretionary,Automotive Retail,104.55,108.42,73.33,106.31,105.99,104.67,100.68,95.75,95.04,91.28
OXY,Occidental Petroleum,Energy,Oil & Gas Exploration & Production,47.19,55.34,34.4,46.42,46.05,46.07,44.79,43.47,43.28,45.01
ODFL,Old Dominion,Industrials,Cargo Ground Transportation,141.79,231.78,140.65,145.67,147.35,149.63,153.65,157.5,157.69,168.89
OMC,Omnicom Group,Communication Services,Advertising,76.6,103.32,67.76,77.08,77.6,77.57,74.87,73.72,74.01,77.91
ON,ON Semiconductor,Information Technology,Semiconductors,49.8,76.06,31.04,48.95,48.76,49.4,52.71,49.95,47.66,50.85
OKE,Oneok,Energy,Oil & Gas Storage & Transportation,72.86,113.92,70.63,72.88,72.8,73.76,76.41,78.81,80.68,87.04
ORCL,Oracle Corporation,Information Technology,Application Software,301.41,345.72,118.18,302.05,277.44,254.98,249.0,213.39,198.15,186.59
OTIS,Otis Worldwide,Industrials,Industrial Machinery & Supplies & Components,89.64,105.86,83.85,89.38,88.34,87.75,89.79,92.95,93.91,94.68
PCAR,Paccar,Industrials,Construction Machinery & Heavy Transportation Equipment,100.86,114.66,84.08,102.03,100.19,99.85,98.53,95.86,95.16,99.39
PKG,Packaging Corporation of America,Materials,Paper & Plastic Packaging Products & Materials,212.08,244.78,170.61,213.01,213.88,212.31,204.03,196.45,194.87,203.4
PLTR,Palantir Technologies,Information Technology,Application Software,168.33,190.0,35.56,169.12,164.0,160.63,161.55,145.0,133.99,115.01
PANW,Palo Alto Networks,Information Technology,Systems Software,203.12,210.39,144.15,200.07,197.94,192.65,188.22,191.0,186.96,187.39
PSKY,Paramount Skydance Corporation,Communication Services,Movies & Entertainment,17.92,19.05,9.92,18.04,16.52,15.82,13.95,12.96,12.61,11.96
PH,Parker Hannifin,Industrials,Industrial Machinery & Supplies & Components,738.5,779.77,485.92,756.19,757.72,754.79,736.43,698.05,675.08,668.56
PAYX,Paychex,Industrials,Human Resource & Employment Services,132.46,160.03,128.21,133.32,134.23,136.27,139.58,144.96,144.86,144.01
PAYC,Paycom,Industrials,Human Resource & Employment Services,214.73,267.33,157.01,219.05,221.15,223.77,225.89,235.1,231.02,224.19
PYPL,PayPal,Financials,Transaction & Payment Processing Services,68.62,93.66,55.85,67.35,67.52,68.46,70.43,70.96,69.58,74.23
PNR,Pentair,Industrials,Industrial Machinery & Supplies & Components,109.46,112.91,73.85,110.93,110.44,108.94,106.26,102.11,98.55,98.52
PEP,PepsiCo,Consumer Staples,Soft Drinks & Non-alcoholic Beverages,141.23,172.75,125.14,141.93,142.9,145.07,142.74,136.11,137.35,140.99
PFE,Pfizer,Health Care,Pharmaceuticals,24.05,28.43,20.18,24.13,24.39,24.76,24.62,23.93,23.7,24.2
PCG,PG&E Corporation,Utilities,Multi-Utilities,15.09,21.62,12.97,15.31,15.17,15.14,14.61,15.19,15.54,16.3
PM,Philip Morris International,Consumer Staples,Tobacco,166.3,185.29,114.24,164.98,164.04,166.06,168.18,172.0,168.74,155.4
PSX,Phillips 66,Energy,Oil & Gas Refining & Marketing,133.14,135.47,89.26,132.13,131.77,130.92,126.38,120.88,118.19,118.61
PNW,Pinnacle West Capital,Utilities,Multi-Utilities,86.11,94.64,79.08,87.2,87.71,88.93,90.24,90.03,90.3,88.8
PNC,PNC Financial Services,Financials,Diversified Banks,203.77,210.46,142.39,202.38,202.97,202.71,196.81,185.67,180.55,183.99
POOL,Pool Corporation,Consumer Discretionary,Distributors,323.33,391.14,281.15,326.43,325.57,319.81,314.18,306.71,307.28,321.1
PPG,PPG Industries,Materials,Specialty Chemicals,108.1,133.97,89.08,109.69,109.78,110.69,111.06,110.8,109.2,111.8
PPL,PPL Corporation,Utilities,Electric Utilities,35.61,37.09,30.41,35.84,35.77,36.05,35.83,34.98,34.9,34.09
PFG,Principal Financial Group,Financials,Life & Health Insurance,80.86,88.63,67.06,81.74,80.98,80.13,78.83,77.79,77.49,78.39
PG,Procter & Gamble,Consumer Staples,Personal Care Products,160.33,177.66,149.91,158.35,158.68,158.08,156.07,158.49,159.65,162.11
PGR,Progressive Corporation,Financials,Property & Casualty Insurance,243.61,292.77,228.37,246.26,245.98,246.56,246.15,259.93,262.3,259.34
PLD,Prologis,Real Estate,Industrial REITs,113.89,126.69,84.54,114.47,113.51,112.51,109.47,107.76,106.68,108.78
PRU,Prudential Financial,Financials,Life & Health Insurance,103.01,125.75,88.12,104.9,105.61,107.07,104.57,103.85,103.52,106.92
PEG,Public Service Enterprise Group,Utilities,Electric Utilities,80.43,92.35,73.5,81.87,81.22,81.74,83.83,81.65,81.41,81.93
PTC,PTC Inc.,Information Technology,Application Software,203.98,219.69,133.38,205.04,207.36,210.42,206.7,187.21,179.83,179.96
PSA,Public Storage,Real Estate,Self-Storage REITs,284.13,355.59,251.43,287.34,288.52,287.95,284.14,288.9,287.89,290.97
PHM,PulteGroup,Consumer Discretionary,Homebuilding,134.1,148.55,87.88,135.71,137.03,133.89,124.4,113.5,110.68,111.02
PWR,Quanta Services,Industrials,Construction & Engineering,376.01,424.94,227.02,382.42,379.99,379.53,387.67,367.16,346.35,330.58
QCOM,Qualcomm,Information Technology,Semiconductors,165.26,178.09,119.4,162.79,161.14,159.15,155.94,153.0,150.99,154.13
DGX,Quest Diagnostics,Health Care,Health Care Services,182.25,185.62,144.09,181.88,181.84,181.23,175.98,175.73,173.73,168.44
RL,Ralph Lauren Corporation,Consumer Discretionary,"Apparel, Accessories & Luxury Goods",306.12,321.77,176.02,313.61,313.22,304.19,297.49,280.83,266.92,257.79
RJF,Raymond James Financial,Financials,Investment Banking & Brokerage,170.07,173.13,116.88,169.75,168.34,167.4,165.0,156.31,152.14,153.93
RTX,RTX Corporation,Industrials,Aerospace & Defense,158.31,161.26,111.21,157.75,156.59,157.31,154.76,145.48,141.76,134.19
O,Realty Income,Real Estate,Retail REITs,59.71,61.61,49.53,60.1,59.61,58.99,57.74,56.8,56.42,55.17
REG,Regency Centers,Real Estate,Retail REITs,69.76,75.93,62.21,70.94,71.59,71.5,70.79,70.66,70.49,70.74
REGN,Regeneron Pharmaceuticals,Health Care,Biotechnology,585.5,1160.87,475.77,572.27,567.28,575.02,565.47,557.28,565.25,617.73
RF,Regions Financial Corporation,Financials,Regional Banks,26.93,27.61,17.36,26.92,26.99,26.79,25.79,23.74,22.98,23.08
RSG,Republic Services,Industrials,Environmental & Facilities Services,226.27,258.14,195.62,228.09,228.97,231.49,235.25,241.68,241.15,232.07
RMD,ResMed,Health Care,Health Care Equipment,271.71,293.81,199.07,272.05,274.02,277.72,274.64,261.22,252.19,245.8
RVTY,Revvity,Health Care,Health Care Equipment,85.39,129.23,81.36,84.64,84.94,87.37,90.8,92.45,93.86,102.07
ROK,Rockwell Automation,Industrials,Electrical Components & Equipment,344.66,359.54,213.27,345.77,343.75,344.58,345.14,325.37,308.88,298.52
ROL,"Rollins, Inc.",Industrials,Environmental & Facilities Services,56.14,58.96,44.94,56.68,56.76,56.88,56.89,56.69,56.06,53.39
ROP,Roper Technologies,Information Technology,Electronic Equipment & Instruments,509.65,593.46,498.03,509.45,514.91,521.64,535.35,551.39,553.81,552.96
ROST,Ross Stores,Consumer Discretionary,Apparel Retail,146.66,156.94,121.69,147.83,149.16,148.55,142.59,140.49,138.84,140.78
RCL,Royal Caribbean Group,Consumer Discretionary,"Hotels, Resorts & Cruise Lines",323.07,366.5,163.55,332.24,341.14,345.31,336.1,298.67,279.21,263.88
SPGI,S&P Global,Financials,Financial Exchanges & Data,544.1,578.04,425.6,544.9,543.63,546.37,542.76,526.78,517.22,513.77
CRM,Salesforce,Information Technology,Application Software,242.21,367.42,226.48,242.62,245.47,247.86,251.73,262.0,261.74,285.05
SBAC,SBA Communications,Real Estate,Telecom Tower REITs,199.38,247.78,186.81,199.2,196.53,204.62,217.5,224.02,222.85,216.71
SLB,Schlumberger,Energy,Oil & Gas Equipment & Services,34.79,44.81,30.61,35.28,35.59,35.37,34.53,34.33,34.82,36.68
STX,Seagate Technology,Information Technology,"Technology Hardware, Storage & Peripherals",213.36,215.2,62.86,205.68,197.44,181.49,163.26,140.35,127.87,115.11
SRE,Sempra,Utilities,Multi-Utilities,82.65,93.45,61.37,83.23,82.11,82.12,80.64,77.99,76.23,77.88
NOW,ServiceNow,Information Technology,Systems Software,950.37,1198.09,678.66,939.41,930.6,913.47,924.26,963.74,931.57,964.27
SHW,Sherwin-Williams,Materials,Specialty Chemicals,350.21,397.81,307.5,357.85,362.15,364.11,353.8,351.95,348.56,350.75
SPG,Simon Property Group,Real Estate,Retail REITs,181.56,184.5,132.99,182.64,181.17,178.25,169.73,163.77,161.43,164.7
SWKS,Skyworks Solutions,Information Technology,Semiconductors,74.49,97.73,47.01,74.14,74.48,74.71,72.84,71.48,69.02,72.69
SJM,J.M. Smucker Company (The),Consumer Staples,Packaged Foods & Meats,105.19,121.73,92.38,106.13,108.79,109.68,108.56,107.23,108.37,107.59
SW,Smurfit Westrock,Materials,Paper & Plastic Packaging Products & Materials,44.04,55.46,36.31,44.54,45.31,45.51,45.24,44.13,43.7,46.45
SNA,Snap-on,Industrials,Industrial Machinery & Supplies & Components,331.37,366.68,272.7,334.13,330.19,328.31,324.62,319.57,319.79,326.71
SOLV,Solventum,Health Care,Health Care Technology,74.07,85.92,60.7,73.72,73.24,72.92,73.03,72.82,72.21,72.4
SO,Southern Company,Utilities,Electric Utilities,91.63,95.68,78.5,91.93,91.69,92.44,93.11,91.01,90.53,87.94
LUV,Southwest Airlines,Industrials,Passenger Airlines,32.12,37.75,23.55,31.7,31.48,31.89,32.48,31.94,31.29,31.31
SWK,Stanley Black & Decker,Industrials,Industrial Machinery & Supplies & Components,78.18,106.2,52.62,78.33,77.69,75.82,72.62,68.82,68.16,73.32
SBUX,Starbucks,Consumer Discretionary,Restaurants,83.22,115.87,74.48,82.91,83.78,85.88,89.59,88.4,88.3,92.61
STT,State Street Corporation,Financials,Asset Management & Custody Banks,111.7,116.37,72.29,111.94,112.12,113.15,111.36,104.26,100.2,98.32
STLD,Steel Dynamics,Materials,Steel,136.85,153.72,102.78,134.55,133.58,131.92,129.74,130.36,128.33,127.42
STE,Steris,Health Care,Health Care Equipment,248.79,253.0,199.47,249.38,247.61,246.95,237.59,237.02,233.69,226.93
SYK,Stryker Corporation,Health Care,Health Care Equipment,376.88,404.87,328.46,380.55,385.82,388.35,388.12,385.21,379.75,379.1
SMCI,Supermicro,Information Technology,"Technology Hardware, Storage & Peripherals",44.9,66.44,17.25,44.83,43.21,43.03,47.94,44.68,42.65,40.67
SYF,Synchrony Financial,Financials,Consumer Finance,74.82,77.41,40.15,75.4,75.54,75.03,72.26,65.94,62.67,62.93
SNPS,Synopsys,Information Technology,Application Software,425.4,651.73,365.74,426.82,493.55,546.86,581.97,536.13,513.94,508.44
SYY,Sysco,Consumer Staples,Food Distributors,82.46,83.17,66.65,81.24,81.37,80.78,79.91,76.37,75.37,74.77
TMUS,T-Mobile US,Communication Services,Wireless Telecommunication Services,239.45,274.51,192.73,239.98,243.08,247.95,242.44,239.93,243.48,241.36
TROW,T. Rowe Price,Financials,Asset Management & Custody Banks,104.86,119.7,75.88,104.3,105.66,105.73,104.62,98.47,96.13,100.12
TTWO,Take-Two Interactive,Communication Services,Interactive Home Entertainment,250.52,251.2,146.76,247.66,245.93,239.38,233.57,233.05,228.43,215.63
TPR,"Tapestry, Inc.",Consumer Discretionary,"Apparel, Accessories & Luxury Goods",109.88,113.62,41.31,108.58,106.78,103.63,104.4,92.28,87.27,81.31
TRGP,Targa Resources,Energy,Oil & Gas Storage & Transportation,166.52,215.2,141.47,164.88,163.85,164.06,165.09,165.41,168.29,177.06
TGT,Target Corporation,Consumer Staples,Consumer Staples Merchandise Retail,88.93,155.5,85.44,89.74,90.78,93.58,99.28,97.57,97.26,108.0
TEL,TE Connectivity,Information Technology,Electronic Manufacturing Services,213.83,215.22,115.38,211.95,210.39,207.7,199.72,179.92,170.92,161.83
TDY,Teledyne Technologies,Information Technology,Electronic Equipment & Instruments,550.87,570.56,419.0,556.96,551.69,547.11,546.64,519.62,510.76,501.91
TER,Teradyne,Information Technology,Semiconductor Materials & Equipment,114.32,143.64,65.6,114.02,116.14,116.17,106.87,94.95,91.55,101.15
TSLA,"Tesla, Inc.",Consumer Discretionary,Automobile Manufacturers,425.86,488.54,212.11,404.45,375.28,356.4,335.53,327.24,312.79,331.94
TXN,Texas Instruments,Information Technology,Semiconductors,180.3,220.1,137.77,180.62,183.32,193.01,195.53,191.34,185.36,185.44
TPL,Texas Pacific Land Corporation,Energy,Oil & Gas Exploration & Production,913.0,1759.83,805.92,929.67,921.68,915.93,936.64,1067.15,1108.83,1184.83
TXT,Textron,Industrials,Aerospace & Defense,82.71,91.21,57.67,82.36,81.88,81.14,81.02,78.26,76.27,76.4
TMO,Thermo Fisher Scientific,Health Care,Life Sciences Tools & Services,472.64,621.58,385.11,479.57,482.44,486.02,468.05,438.9,443.9,479.46
TJX,TJX Companies,Consumer Discretionary,Apparel Retail,140.04,145.58,109.83,140.21,140.2,138.78,131.87,129.28,127.93,125.52
TKO,TKO Group Holdings,Communication Services,Movies & Entertainment,201.38,212.49,113.01,201.86,198.18,191.7,179.63,172.64,167.76,160.45
TTD,Trade Desk (The),Communication Services,Advertising,45.37,141.53,42.96,45.24,48.08,50.7,65.42,67.49,64.47,80.08
TSCO,Tractor Supply,Consumer Discretionary,Other Specialty Retail,59.1,63.75,46.46,59.67,59.71,60.59,59.3,55.25,54.52,54.51
TT,Trane Technologies,Industrials,Building Products,398.96,475.11,296.82,403.41,408.47,413.86,429.16,423.23,406.06,392.65
TDG,TransDigm Group,Industrials,Aerospace & Defense,1275.96,1519.36,1107.45,1282.11,1285.61,1295.9,1371.57,1361.02,1339.83,1296.84
TRV,Travelers Companies (The),Financials,Property & Casualty Insurance,275.03,280.0,220.97,276.33,275.22,273.7,265.91,265.74,263.13,256.29
TRMB,Trimble Inc.,Information Technology,Electronic Equipment & Instruments,79.64,87.5,52.91,81.05,80.72,80.78,81.93,76.44,73.64,73.22
TFC,Truist Financial,Financials,Diversified Banks,45.38,47.46,32.72,45.04,45.52,45.75,44.71,42.32,41.32,42.18
TYL,Tyler Technologies,Information Technology,Application Software,536.38,661.31,513.52,541.9,549.41,553.91,564.62,567.51,567.11,579.79
TSN,Tyson Foods,Consumer Staples,Packaged Foods & Meats,54.12,63.75,51.39,54.73,55.32,55.94,54.92,55.21,56.16,56.71
USB,U.S. Bancorp,Financials,Diversified Banks,49.61,52.21,34.8,49.15,49.09,48.59,46.9,45.11,43.99,44.95
UBER,Uber,Industrials,Passenger Ground Transportation,92.95,99.7,59.33,96.04,94.72,94.72,92.63,89.84,86.44,80.03
UDR,"UDR, Inc.",Real Estate,Multi-Family Residential REITs,37.31,45.63,35.84,37.93,38.35,38.61,39.14,40.05,40.34,40.98
ULTA,Ulta Beauty,Consumer Discretionary,Other Specialty Retail,528.8,539.0,309.01,523.32,521.01,522.38,511.63,474.31,452.01,430.48
UNP,Union Pacific Corporation,Industrials,Rail Transportation,217.17,252.32,202.16,216.07,217.22,219.9,222.54,222.31,222.27,226.96
UAL,United Airlines Holdings,Industrials,Passenger Airlines,105.51,116.0,50.31,106.04,106.38,104.77,96.72,87.02,83.26,88.59
UPS,United Parcel Service,Industrials,Air Freight & Logistics,84.18,136.36,82.0,84.48,84.45,85.73,89.49,93.02,94.29,103.0
URI,United Rentals,Industrials,Trading Companies & Distributors,931.01,980.53,523.58,947.03,953.54,945.27,891.28,797.96,759.23,743.63
UNH,UnitedHealth Group,Health Care,Managed Health Care,341.61,617.34,233.13,346.19,336.14,319.55,292.49,308.12,349.18,409.48
UHS,Universal Health Services,Health Care,Health Care Facilities,187.39,242.21,152.16,189.15,187.98,185.3,176.34,179.27,178.93,180.64
VLO,Valero Energy,Energy,Oil & Gas Refining & Marketing,163.67,165.65,97.37,159.64,158.8,153.59,145.64,137.37,133.34,131.52
VTR,Ventas,Real Estate,Health Care REITs,67.34,70.82,55.85,68.89,68.57,68.3,67.41,65.69,65.91,64.19
VLTO,Veralto,Industrials,Environmental & Facilities Services,106.74,114.62,83.77,107.84,106.95,107.03,105.72,102.38,100.44,100.77
VRSN,Verisign,Information Technology,Internet Services & Infrastructure,287.77,309.71,174.64,287.62,284.74,278.1,277.46,278.55,272.0,250.38
VRSK,Verisk Analytics,Industrials,Research & Consulting Services,249.69,321.9,248.98,256.83,262.66,265.33,276.11,291.49,291.16,288.85
VZ,Verizon,Communication Services,Integrated Telecommunication Services,44.21,45.87,36.41,43.99,43.89,44.08,43.24,42.88,42.85,41.69
VRTX,Vertex Pharmaceuticals,Health Care,Biotechnology,387.15,519.88,362.5,392.72,393.69,393.49,419.76,436.14,446.95,450.04
VTRS,Viatris,Health Care,Pharmaceuticals,9.62,13.04,6.68,9.78,10.09,10.31,9.72,9.17,8.93,9.67
VICI,Vici Properties,Real Estate,Hotel & Resort REITs,32.6,34.01,27.24,32.93,33.13,33.27,33.11,32.42,32.19,31.26
V,Visa Inc.,Financials,Transaction & Payment Processing Services,346.2,374.85,266.36,341.64,342.68,345.87,346.01,350.43,347.0,340.27
VST,Vistra Corp.,Utilities,Electric Utilities,208.31,217.9,84.33,209.0,201.37,196.35,197.69,180.77,168.04,161.47
VMC,Vulcan Materials Company,Materials,Construction Materials,292.25,302.21,214.34,294.97,294.77,292.51,282.8,273.25,266.05,263.99
WRB,W. R. Berkley Corporation,Financials,Property & Casualty Insurance,73.11,75.77,54.76,72.98,72.66,72.25,70.57,71.42,70.57,66.59
GWW,W. W. Grainger,Industrials,Industrial Machinery & Supplies & Components,997.93,1219.65,889.92,1004.59,1003.11,1007.64,1005.81,1031.15,1020.21,1036.59
WAB,Wabtec,Industrials,Construction Machinery & Heavy Transportation Equipment,185.65,215.82,151.42,188.53,190.02,191.83,196.18,198.41,194.01,193.83
WBA,Walgreens Boots Alliance,Consumer Staples,Drug Retail,11.98,13.25,7.98,11.98,12.03,11.93,11.67,11.39,11.33,10.81
WMT,Walmart,Consumer Staples,Consumer Staples Merchandise Retail,104.27,106.11,76.74,103.5,102.39,99.99,98.96,97.93,96.07,95.2
DIS,Walt Disney Company (The),Communication Services,Movies & Entertainment,116.1,124.69,79.76,116.0,116.87,117.3,117.99,114.59,109.82,109.78
WBD,Warner Bros. Discovery,Communication Services,Broadcasting,17.99,19.6,7.25,18.15,15.18,13.51,12.83,11.31,10.9,10.76
WM,Waste Management,Industrials,Environmental & Facilities Services,215.66,240.84,197.45,216.7,218.03,221.74,225.62,228.42,228.07,223.55
WAT,Waters Corporation,Health Care,Life Sciences Tools & Services,303.68,423.56,275.05,300.73,301.26,298.88,297.76,323.37,327.18,349.46
WEC,WEC Energy Group,Utilities,Electric Utilities,109.26,111.27,89.63,109.83,108.87,108.11,107.74,106.3,106.07,102.89
WFC,Wells Fargo,Financials,Diversified Banks,82.48,84.33,51.66,81.6,80.9,80.74,80.17,77.54,75.42,74.64
WELL,Welltower,Real Estate,Health Care REITs,165.91,170.99,120.11,167.53,167.94,167.31,163.96,157.06,154.78,147.72
WST,West Pharmaceutical Services,Health Care,Health Care Supplies,256.64,351.24,187.09,257.95,254.84,250.4,242.65,229.24,226.29,252.36
WDC,Western Digital,Information Technology,"Technology Hardware, Storage & Peripherals",100.94,103.98,28.74,100.05,96.56,88.09,78.14,65.68,60.13,55.81
WY,Weyerhaeuser,Real Estate,Timber REITs,24.49,33.04,23.71,25.0,25.3,25.52,25.54,25.7,25.92,27.13
WSM,"Williams-Sonoma, Inc.",Consumer Discretionary,Homefurnishing Retail,196.61,218.08,123.89,198.84,200.81,197.82,191.76,176.59,171.44,179.22
WMB,Williams Companies,Energy,Oil & Gas Storage & Transportation,59.02,62.92,43.0,58.6,57.85,57.41,57.62,58.14,57.98,56.79
WTW,Willis Towers Watson,Financials,Insurance Brokers,332.33,342.16,282.71,335.2,332.7,332.3,322.77,314.08,316.16,317.49
WDAY,"Workday, Inc.",Information Technology,Application Software,234.88,294.0,205.33,225.34,227.79,227.59,228.56,238.96,237.61,245.9
WYNN,Wynn Resorts,Consumer Discretionary,Casinos & Gaming,123.28,128.53,64.93,122.42,122.3,121.24,113.92,102.03,97.12,93.23
XEL,Xcel Energy,Utilities,Multi-Utilities,72.05,73.99,60.12,72.45,72.05,72.16,71.58,69.87,69.59,68.4
XYL,Xylem Inc.,Industrials,Industrial Machinery & Supplies & Components,140.99,144.93,99.87,141.36,140.46,141.22,138.32,131.8,128.04,126.03
YUM,Yum! Brands,Consumer Discretionary,Restaurants,148.26,161.72,120.38,148.76,147.18,146.65,145.93,145.45,146.15,143.25
ZBRA,Zebra Technologies,Information Technology,Electronic Equipment & Instruments,317.32,427.76,205.73,317.06,314.25,314.6,321.39,305.01,294.42,320.97
ZBH,Zimmer Biomet,Health Care,Health Care Equipment,99.92,114.14,88.99,101.47,102.87,104.47,99.62,96.84,98.54,101.43
ZTS,Zoetis,Health Care,Pharmaceuticals,146.93,197.92,138.77,147.89,149.69,152.39,151.64,156.03,155.69,159.89
