Symbol,Company,GICS_Sector,GICS_Sub_Industry,Current_Price,52_Week_High,52_Week_Low,SMA_5,SMA_10,SMA_20,SMA_50,SMA_100,SMA_125,SMA_200
MMM,3M,Industrials,Industrial Conglomerates,155.53,163.4,120.83,156.41,155.35,154.13,152.5,146.97,146.72,142.91
AOS,A. O. Smith,Industrials,Building Products,71.29,90.29,58.25,72.05,72.24,71.77,69.71,67.5,67.13,67.77
ABT,Abbott Laboratories,Health Care,Health Care Equipment,132.66,139.95,109.57,131.79,131.75,131.41,130.78,130.92,130.56,126.38
ABBV,AbbVie,Health Care,Biotechnology,210.4,214.8,159.42,208.46,208.43,204.17,194.48,188.78,191.8,186.27
ACN,Accenture,Information Technology,IT Consulting & Other Services,259.97,394.41,236.67,256.95,255.8,250.38,272.17,288.45,293.61,318.5
ADBE,Adobe Inc.,Information Technology,Application Software,356.7,587.75,330.04,357.03,357.23,350.07,363.87,375.73,380.69,412.42
AMD,Advanced Micro Devices,Information Technology,Semiconductors,162.63,186.65,76.48,165.66,166.77,170.86,159.15,132.69,126.5,125.34
AES,AES Corporation,Utilities,Independent Power Producers & Energy Traders,13.54,19.17,9.28,13.44,13.35,13.18,12.55,11.49,11.54,11.58
AFL,Aflac,Financials,Life & Health Insurance,106.86,113.54,96.14,107.18,107.2,104.8,103.05,103.53,104.22,104.28
A,Agilent Technologies,Health Care,Life Sciences Tools & Services,125.66,153.19,96.23,121.35,120.29,118.21,118.19,113.98,114.88,123.54
APD,Air Products,Materials,Industrial Gases,294.11,336.92,242.14,294.37,293.54,291.59,289.9,280.24,282.33,292.44
ABNB,Airbnb,Consumer Discretionary,"Hotels, Resorts & Cruise Lines",130.53,163.93,99.88,129.18,127.87,126.27,132.11,129.63,128.8,131.47
AKAM,Akamai Technologies,Information Technology,Internet Services & Infrastructure,79.13,106.8,67.51,77.85,77.1,75.33,77.51,77.5,78.19,84.16
ALB,Albemarle Corporation,Materials,Specialty Chemicals,84.92,112.1,49.11,84.07,82.24,78.8,73.51,65.71,67.14,76.06
ARE,Alexandria Real Estate Equities,Real Estate,Office REITs,82.44,118.73,66.16,81.45,79.85,77.38,77.1,74.53,78.21,85.3
ALGN,Align Technology,Health Care,Health Care Supplies,141.96,262.87,127.7,142.36,143.43,141.68,171.31,174.3,172.4,189.33
ALLE,Allegion,Industrials,Building Products,169.8,172.95,116.14,170.82,169.92,167.97,158.08,147.24,143.23,139.27
LNT,Alliant Energy,Utilities,Electric Utilities,65.07,67.11,54.71,65.56,65.76,65.62,63.6,62.04,62.04,60.96
ALL,Allstate,Financials,Property & Casualty Insurance,203.45,214.76,174.74,203.26,205.94,206.32,199.83,199.63,200.07,196.93
GOOGL,Alphabet Inc. (Class A),Communication Services,Interactive Media & Services,212.91,214.65,140.36,209.53,205.79,202.74,190.2,176.96,174.02,178.2
GOOG,Alphabet Inc. (Class C),Communication Services,Interactive Media & Services,213.53,215.34,142.49,210.24,206.55,203.52,191.07,178.2,175.42,179.68
MO,Altria,Consumer Staples,Tobacco,67.21,68.6,46.28,66.71,66.9,65.65,61.83,59.85,59.11,56.33
AMZN,Amazon,Consumer Discretionary,Broadline Retail,229.0,242.52,161.38,229.27,228.05,225.17,223.99,210.53,207.44,212.82
AMCR,Amcor,Materials,Paper & Plastic Packaging Products & Materials,8.63,11.04,8.25,8.53,8.56,9.0,9.3,9.22,9.3,9.44
AEE,Ameren,Utilities,Multi-Utilities,99.78,103.59,78.91,100.4,100.92,101.33,98.97,97.74,97.8,95.51
AEP,American Electric Power,Utilities,Electric Utilities,111.02,115.08,87.57,112.27,112.54,112.58,108.23,105.49,105.1,101.29
AXP,American Express,Financials,Consumer Finance,331.28,332.06,219.87,323.43,316.6,308.42,310.42,295.11,289.04,293.65
AIG,American International Group,Financials,Multi-line Insurance,81.32,87.61,68.55,82.1,82.07,80.43,81.32,81.96,82.06,78.99
AMT,American Tower,Real Estate,Telecom Tower REITs,203.85,235.86,169.77,205.65,206.91,207.1,215.67,214.48,213.58,204.22
AWK,American Water Works,Utilities,Water Utilities,143.51,153.69,116.64,143.91,144.51,143.95,141.91,142.0,141.96,136.22
AMP,Ameriprise Financial,Financials,Asset Management & Custody Banks,514.81,576.69,393.57,515.62,511.75,509.52,520.26,505.89,501.29,516.49
AME,Ametek,Industrials,Electrical Components & Equipment,184.8,197.35,144.77,186.09,185.2,184.59,181.84,176.8,176.31,179.94
AMGN,Amgen,Health Care,Biotechnology,287.71,330.26,247.06,287.87,290.39,289.32,290.88,284.67,289.07,283.84
APH,Amphenol,Information Technology,Electronic Components,108.86,112.35,56.35,110.11,109.84,109.72,104.12,92.77,87.1,80.94
ADI,Analog Devices,Information Technology,Semiconductors,251.31,258.13,157.93,254.24,247.72,237.48,236.93,221.64,218.36,217.02
AON,Aon plc,Financials,Insurance Brokers,367.0,411.24,322.37,368.37,370.44,367.89,360.57,360.2,366.77,369.07
APA,APA Corporation,Energy,Oil & Gas Exploration & Production,23.22,28.02,13.18,22.65,21.65,20.64,19.62,18.23,18.39,19.65
APO,Apollo Global Management,Financials,Asset Management & Custody Banks,136.23,187.59,101.84,135.33,135.66,138.78,142.42,137.11,136.62,147.01
AAPL,Apple Inc.,Information Technology,"Technology Hardware, Storage & Peripherals",232.14,259.18,168.8,230.33,229.18,225.7,215.38,208.41,210.29,220.67
AMAT,Applied Materials,Information Technology,Semiconductor Materials & Equipment,160.76,213.48,123.04,163.38,162.46,172.02,181.27,169.09,164.88,167.99
APTV,Aptiv,Consumer Discretionary,Automotive Parts & Equipment,79.53,81.13,47.19,79.7,77.83,73.37,71.04,66.37,65.47,63.53
ACGL,Arch Capital Group,Financials,Property & Casualty Insurance,91.53,110.75,82.49,91.44,91.92,90.68,89.58,91.05,91.39,92.21
ADM,Archer Daniels Midland,Consumer Staples,Agricultural Products & Services,62.64,64.38,40.22,63.01,61.84,59.68,56.13,51.89,50.76,50.06
ANET,Arista Networks,Information Technology,Communications Equipment,136.55,141.99,59.43,134.67,134.09,134.37,117.97,102.27,97.93,101.75
AJG,Arthur J. Gallagher & Co.,Financials,Insurance Brokers,302.75,350.53,272.64,299.98,300.66,295.17,304.83,317.46,320.34,312.65
AIZ,Assurant,Financials,Multi-line Insurance,215.61,227.97,174.28,215.72,214.76,209.73,198.12,196.84,198.56,203.54
T,AT&T,Communication Services,Integrated Telecommunication Services,29.29,29.65,18.74,28.92,29.0,28.59,28.03,27.6,27.39,25.75
ATO,Atmos Energy,Utilities,Gas Utilities,166.13,167.99,125.29,165.85,165.59,163.84,157.98,156.24,154.69,149.73
ADSK,Autodesk,Information Technology,Application Software,314.7,326.62,232.67,291.39,290.07,290.82,297.3,290.51,284.54,290.18
ADP,Automatic Data Processing,Industrials,Human Resource & Employment Services,304.05,328.29,262.35,303.71,304.88,303.66,304.72,305.81,304.15,301.76
AZO,AutoZone,Consumer Discretionary,Automotive Retail,4198.53,4229.68,2898.57,4184.21,4148.62,4085.34,3869.16,3781.36,3754.46,3580.8
AVB,AvalonBay Communities,Real Estate,Multi-Family Residential REITs,195.85,233.48,178.86,193.77,192.32,189.84,196.52,199.67,201.46,207.76
AVY,Avery Dennison,Materials,Paper & Plastic Packaging Products & Materials,171.65,221.17,156.18,173.0,174.26,173.25,176.07,175.25,175.64,180.85
AXON,Axon Enterprise,Industrials,Aerospace & Defense,747.29,885.92,346.71,766.28,767.2,785.9,771.78,725.46,688.53,661.73
BKR,Baker Hughes,Energy,Oil & Gas Equipment & Services,45.4,48.6,31.55,44.93,44.15,43.63,41.79,39.46,40.01,41.22
BALL,Ball Corporation,Materials,"Metal, Glass & Plastic Containers",52.64,67.39,43.35,52.54,52.82,53.52,56.18,53.93,53.4,54.1
BAC,Bank of America,Financials,Diversified Banks,50.74,50.92,32.88,50.27,49.34,47.84,47.54,44.58,43.79,44.36
BAX,Baxter International,Health Care,Health Care Equipment,24.69,39.87,21.33,24.54,24.33,23.92,26.88,28.49,29.53,30.19
BDX,Becton Dickinson,Health Care,Health Care Equipment,192.98,249.34,162.35,193.67,195.69,192.03,182.9,181.82,190.27,204.15
BBY,Best Buy,Consumer Discretionary,Computer & Electronics Retail,73.64,99.71,54.24,73.95,73.57,71.39,69.72,68.44,69.03,74.92
TECH,Bio-Techne,Health Care,Life Sciences Tools & Services,54.63,80.52,45.87,55.74,55.23,53.82,53.52,51.53,53.14,60.2
BIIB,Biogen,Health Care,Biotechnology,132.22,206.7,110.04,134.86,136.65,134.25,131.29,127.7,130.02,137.3
BLK,BlackRock,Financials,Asset Management & Custody Banks,1127.14,1171.89,769.66,1133.23,1133.21,1132.95,1099.58,1018.64,1000.77,1002.2
BX,Blackstone Inc.,Financials,Asset Management & Custody Banks,171.4,196.67,114.16,171.2,169.09,170.09,164.15,149.88,148.13,157.57
XYZ,"Block, Inc.",Financials,Transaction & Payment Processing Services,79.64,99.26,44.27,79.53,77.61,76.51,73.33,65.49,63.89,72.37
BK,BNY Mellon,Financials,Asset Management & Custody Banks,105.6,106.57,64.5,104.89,103.28,102.78,98.13,91.15,89.28,86.02
BA,Boeing,Industrials,Aerospace & Defense,234.68,242.69,128.88,233.63,230.58,229.74,224.29,207.36,198.62,187.43
BKNG,Booking Holdings,Consumer Discretionary,"Hotels, Resorts & Cruise Lines",5599.05,5839.41,3680.94,5655.2,5646.35,5549.23,5603.61,5361.91,5204.39,5113.93
BSX,Boston Scientific,Health Care,Health Care Equipment,105.5,108.94,79.03,105.72,105.29,104.44,104.48,102.86,102.11,99.77
BMY,Bristol Myers Squibb,Health Care,Pharmaceuticals,47.18,61.84,42.96,47.21,47.72,47.06,46.93,47.44,49.62,51.98
AVGO,Broadcom,Information Technology,Semiconductors,297.39,317.35,133.38,299.71,297.4,300.92,287.25,251.58,237.38,226.24
BR,Broadridge Financial Solutions,Industrials,Data Processing & Outsourced Services,255.62,271.91,203.77,256.96,259.27,260.66,249.25,243.04,241.17,237.36
BRO,Brown & Brown,Financials,Insurance Brokers,96.95,125.31,90.24,96.41,96.37,95.04,100.82,106.27,108.94,108.27
BLDR,Builders FirstSource,Industrials,Building Products,138.68,203.14,102.6,141.03,139.02,136.56,130.54,122.44,123.59,137.63
BG,Bunge Global,Consumer Staples,Agricultural Products & Services,84.22,98.35,65.6,85.32,83.92,82.68,79.49,78.44,77.42,77.46
BXP,"BXP, Inc.",Real Estate,Office REITs,72.51,86.38,53.45,70.88,68.86,66.87,68.11,66.88,66.52,68.71
CHRW,C.H. Robinson,Industrials,Air Freight & Logistics,128.7,131.16,84.13,127.87,125.52,121.88,108.13,100.51,100.06,101.15
CDNS,Cadence Design Systems,Information Technology,Application Software,350.43,376.45,221.56,348.16,348.66,351.46,333.7,313.72,301.14,299.99
CZR,Caesars Entertainment,Consumer Discretionary,Casinos & Gaming,26.77,45.93,21.4,26.78,26.18,25.53,27.75,27.51,27.43,30.54
CPT,Camden Property Trust,Real Estate,Multi-Family Residential REITs,111.98,124.31,101.41,110.27,109.13,107.62,111.0,112.67,113.75,114.4
CPB,Campbell's Company (The),Consumer Staples,Packaged Foods & Meats,31.93,50.77,29.39,32.03,32.33,32.39,31.82,33.35,34.37,36.51
COF,Capital One,Financials,Consumer Finance,227.22,231.82,129.97,224.99,220.37,216.41,214.8,199.87,194.23,192.24
CAH,Cardinal Health,Health Care,Health Care Distributors,148.78,168.44,104.89,148.21,149.24,151.43,157.33,152.22,147.81,138.24
KMX,CarMax,Consumer Discretionary,Automotive Retail,61.35,91.25,54.53,61.02,59.87,58.15,61.97,64.07,66.22,72.49
CCL,Carnival,Consumer Discretionary,"Hotels, Resorts & Cruise Lines",31.89,32.77,15.07,31.97,30.92,30.19,29.24,25.19,24.15,24.63
CARR,Carrier Global,Industrials,Building Products,65.2,82.31,53.89,66.29,66.45,66.24,71.19,69.43,68.45,68.73
CAT,Caterpillar Inc.,Industrials,Construction Machinery & Heavy Transportation Equipment,419.04,441.15,265.05,430.04,425.31,422.13,411.33,369.95,361.84,365.04
CBOE,Cboe Global Markets,Financials,Financial Exchanges & Data,235.95,255.27,186.22,240.2,244.07,246.45,240.06,230.82,227.87,218.14
CBRE,CBRE Group,Real Estate,Real Estate Services,162.12,165.41,108.45,163.11,161.77,159.13,149.32,137.18,135.6,136.03
CDW,CDW Corporation,Information Technology,Technology Distributors,164.76,227.65,136.33,165.2,165.44,164.87,172.62,171.06,169.59,174.25
COR,Cencora,Health Care,Health Care Distributors,291.61,308.18,216.84,290.01,293.46,291.08,292.58,289.82,284.96,268.36
CNC,Centene Corporation,Health Care,Managed Health Care,29.04,80.59,25.08,28.8,28.99,27.6,32.68,45.84,48.63,52.96
CNP,CenterPoint Energy,Utilities,Multi-Utilities,37.71,39.16,25.67,37.66,37.82,38.13,37.23,37.06,36.64,34.78
CF,CF Industries,Materials,Fertilizers & Agricultural Chemicals,86.63,103.84,66.56,86.62,85.98,85.92,90.45,87.27,85.01,85.36
CRL,Charles River Laboratories,Health Care,Life Sciences Tools & Services,163.31,230.02,91.86,163.43,160.86,158.1,159.12,144.7,148.11,160.08
SCHW,Charles Schwab Corporation,Financials,Investment Banking & Brokerage,95.84,99.42,60.38,96.65,96.23,96.52,94.36,88.95,86.33,83.39
CHTR,Charter Communications,Communication Services,Cable & Satellite,265.58,437.06,254.67,267.69,268.45,265.57,331.1,357.12,358.58,361.13
CVX,Chevron Corporation,Energy,Integrated Oil & Gas,160.6,165.09,129.01,158.94,156.73,154.54,150.96,143.77,146.07,147.42
CMG,Chipotle Mexican Grill,Consumer Discretionary,Restaurants,42.14,66.74,41.18,42.49,42.87,42.81,48.55,49.52,49.61,53.15
CB,Chubb Limited,Financials,Property & Casualty Insurance,275.07,305.88,250.52,273.56,275.07,273.1,275.88,281.31,283.23,279.59
CHD,Church & Dwight,Consumer Staples,Household Products,93.16,115.72,90.22,92.68,93.52,92.69,94.92,96.29,98.66,101.39
CI,Cigna,Health Care,Health Care Services,300.87,365.71,256.89,300.18,301.12,289.81,299.52,310.13,311.86,306.28
CINF,Cincinnati Financial,Financials,Property & Casualty Insurance,153.6,158.92,122.28,153.58,153.21,152.42,149.67,145.97,145.17,144.25
CTAS,Cintas,Industrials,Diversified Support Services,210.03,228.77,179.74,211.28,213.55,218.18,218.88,217.09,213.25,209.66
CSCO,Cisco,Information Technology,Communications Equipment,69.09,72.55,46.57,68.5,67.76,68.63,68.33,64.42,63.54,61.96
C,Citigroup,Financials,Diversified Banks,96.57,97.49,54.51,96.2,95.0,94.08,90.69,80.86,78.39,76.55
CFG,Citizens Financial Group,Financials,Regional Banks,52.28,52.53,31.96,51.67,50.33,49.01,47.55,43.04,42.38,43.32
CLX,Clorox,Consumer Staples,Household Products,118.2,166.9,116.17,118.43,119.39,121.13,122.91,127.69,130.9,140.53
CME,CME Group,Financials,Financial Exchanges & Data,266.51,289.46,198.79,269.28,270.57,275.31,275.66,273.77,270.87,256.35
CMS,CMS Energy,Utilities,Multi-Utilities,71.57,75.33,62.54,71.86,72.33,72.81,71.35,70.94,71.17,69.45
KO,Coca-Cola Company (The),Consumer Staples,Soft Drinks & Non-alcoholic Beverages,68.99,73.85,59.75,68.77,69.46,69.71,69.72,70.36,70.2,67.55
CTSH,Cognizant,Information Technology,IT Consulting & Other Services,72.25,89.77,64.98,72.02,71.5,70.52,74.0,75.24,75.73,77.38
COIN,Coinbase,Financials,Financial Exchanges & Data,304.54,444.65,142.58,307.29,308.38,311.83,347.5,286.28,266.72,272.53
CL,Colgate-Palmolive,Consumer Staples,Household Products,84.07,106.9,82.4,84.03,84.85,84.72,86.89,88.89,89.33,89.35
CMCSA,Comcast,Communication Services,Cable & Satellite,33.97,44.12,31.03,33.81,33.74,33.04,34.06,34.11,34.37,35.54
CAG,Conagra Brands,Consumer Staples,Packaged Foods & Meats,19.13,31.36,18.18,19.01,19.15,19.17,19.38,21.17,22.01,23.29
COP,ConocoPhillips,Energy,Oil & Gas Exploration & Production,98.97,112.56,78.56,98.11,96.48,94.89,93.53,90.83,91.88,94.89
ED,Consolidated Edison,Utilities,Multi-Utilities,98.23,112.97,85.07,99.23,100.19,101.71,100.75,102.9,103.28,99.09
STZ,Constellation Brands,Consumer Staples,Distillers & Vintners,161.94,255.51,156.17,160.72,163.46,166.77,167.54,173.99,174.95,185.63
CEG,Constellation Energy,Utilities,Electric Utilities,307.98,356.57,160.94,314.15,314.76,324.94,322.03,293.0,276.47,272.85
COO,Cooper Companies (The),Health Care,Health Care Supplies,67.39,112.38,61.78,70.65,72.25,71.78,72.22,74.79,76.24,83.42
CPRT,Copart,Industrials,Diversified Support Services,48.81,64.38,45.05,48.64,48.26,47.49,47.38,52.21,52.65,54.87
GLW,Corning Inc.,Information Technology,Electronic Components,67.03,69.29,37.1,67.48,66.27,65.58,58.79,52.59,51.22,50.33
CPAY,Corpay,Financials,Transaction & Payment Processing Services,325.67,400.81,269.02,324.76,322.62,317.9,325.21,325.97,328.85,342.82
CTVA,Corteva,Materials,Fertilizers & Agricultural Chemicals,74.19,77.41,53.27,74.22,73.51,72.59,73.38,69.75,67.95,65.12
CSGP,CoStar Group,Real Estate,Real Estate Services,89.49,97.43,68.26,89.83,89.41,90.99,87.94,82.78,81.87,79.39
COST,Costco,Consumer Staples,Consumer Staples Merchandise Retail,943.32,1075.34,862.73,944.14,960.37,966.8,965.54,981.68,972.82,973.09
CTRA,Coterra,Energy,Oil & Gas Exploration & Production,24.44,29.29,21.55,24.14,23.75,23.82,24.3,24.51,25.04,25.43
CRWD,CrowdStrike,Information Technology,Systems Software,423.7,517.98,242.25,424.95,422.35,428.42,460.73,447.29,428.84,408.93
CCI,Crown Castle,Real Estate,Telecom Tower REITs,99.14,115.8,81.93,100.28,101.38,102.63,103.91,101.95,101.45,97.67
CSX,CSX Corporation,Industrials,Rail Transportation,32.51,37.25,26.11,32.59,34.19,34.97,34.34,32.09,31.59,32.17
CMI,Cummins,Industrials,Construction Machinery & Heavy Transportation Equipment,398.44,406.31,257.24,399.26,398.52,392.6,361.37,333.95,330.94,341.42
CVS,CVS Health,Health Care,Health Care Services,73.15,73.22,42.12,72.0,71.47,68.19,65.68,65.04,65.04,60.56
DHR,Danaher Corporation,Health Care,Life Sciences Tools & Services,205.82,278.43,170.73,206.02,207.84,205.24,201.43,197.25,198.92,209.55
DRI,Darden Restaurants,Consumer Discretionary,Restaurants,206.94,226.68,149.33,206.23,206.7,205.84,209.01,207.07,204.5,195.07
DDOG,Datadog,Information Technology,Application Software,136.68,170.08,81.63,132.81,131.1,131.28,136.85,123.18,119.22,127.63
DVA,DaVita,Health Care,Health Care Services,137.76,179.6,126.07,137.47,137.26,135.16,139.59,140.27,141.86,148.58
DAY,Dayforce,Industrials,Human Resource & Employment Services,69.77,82.69,48.01,69.62,68.58,60.63,58.53,58.01,57.73,63.22
DECK,Deckers Brands,Consumer Discretionary,Footwear,119.63,223.98,93.72,116.24,111.02,107.4,105.66,108.89,110.82,140.0
DE,Deere & Company,Industrials,Agricultural & Farm Machinery,478.64,532.1,369.26,487.76,489.49,496.73,504.89,496.84,491.22,474.1
DELL,Dell Technologies,Information Technology,"Technology Hardware, Storage & Peripherals",122.15,145.54,65.56,130.14,131.12,133.39,128.8,114.9,110.26,112.58
DAL,Delta Air Lines,Industrials,Passenger Airlines,61.78,69.36,34.52,61.31,60.67,58.2,54.84,50.38,49.56,54.71
DVN,Devon Energy,Energy,Oil & Gas Exploration & Production,36.1,43.93,25.71,35.71,34.85,33.91,33.41,32.4,32.86,33.63
DXCM,Dexcom,Health Care,Health Care Equipment,75.34,93.25,57.52,75.78,78.52,78.37,82.2,80.61,78.74,79.91
FANG,Diamondback Energy,Energy,Oil & Gas Exploration & Production,148.76,195.31,112.4,146.84,143.19,142.05,141.86,139.13,140.89,149.6
DLR,Digital Realty,Real Estate,Data Center REITs,167.64,193.72,129.05,167.94,166.75,168.14,171.86,167.52,163.32,167.16
DG,Dollar General,Consumer Staples,Consumer Staples Merchandise Retail,108.76,122.16,65.67,110.9,111.93,112.97,111.84,104.7,100.19,90.23
DLTR,Dollar Tree,Consumer Staples,Consumer Staples Merchandise Retail,109.17,118.06,60.49,111.66,112.21,113.75,109.81,97.87,92.04,84.43
D,Dominion Energy,Utilities,Multi-Utilities,59.9,62.46,47.5,60.01,60.64,61.02,58.78,56.52,56.0,55.3
DPZ,Domino's,Consumer Discretionary,Restaurants,458.3,497.15,390.2,454.34,450.78,449.19,457.96,464.74,462.64,455.93
DASH,DoorDash,Consumer Discretionary,Specialized Consumer Services,245.25,278.15,122.32,246.46,247.03,252.1,245.16,221.7,214.43,202.14
DOV,Dover Corporation,Industrials,Industrial Machinery & Supplies & Components,178.86,221.09,142.63,181.18,180.2,178.45,182.56,178.14,178.06,185.17
DOW,Dow Inc.,Materials,Commodity Chemicals,24.63,52.49,20.4,24.72,24.32,23.18,25.69,27.16,28.64,32.54
DHI,D. R. Horton,Consumer Discretionary,Homebuilding,169.48,197.64,109.8,168.64,167.24,162.6,146.57,134.2,132.93,137.18
DTE,DTE Energy,Utilities,Multi-Utilities,136.65,142.05,112.71,137.62,138.58,139.3,136.44,135.06,134.66,129.41
DUK,Duke Energy,Utilities,Electric Utilities,122.49,126.75,102.41,122.99,123.31,123.53,119.74,118.06,117.76,114.4
DD,DuPont,Materials,Specialty Chemicals,76.92,88.67,53.45,77.33,76.0,73.91,73.28,69.45,70.42,73.5
EMN,Eastman Chemical Company,Materials,Specialty Chemicals,70.34,111.31,56.78,68.82,67.86,65.38,72.27,75.13,77.81,84.27
ETN,Eaton Corporation,Industrials,Electrical Components & Equipment,349.14,398.4,230.37,350.73,349.54,355.08,360.68,333.37,322.85,327.97
EBAY,eBay Inc.,Consumer Discretionary,Broadline Retail,90.61,101.15,55.62,94.05,96.64,96.08,85.38,78.02,75.6,71.41
ECL,Ecolab,Materials,Specialty Chemicals,277.04,286.04,221.08,278.8,281.0,277.25,271.4,262.13,260.37,255.01
EIX,Edison International,Utilities,Electric Utilities,56.13,85.03,46.98,55.13,55.3,55.31,52.83,53.56,53.94,58.81
EW,Edwards Lifesciences,Health Care,Health Care Equipment,81.34,83.0,64.01,81.12,80.72,79.53,78.25,76.46,75.29,74.04
EA,Electronic Arts,Communication Services,Interactive Home Entertainment,171.95,180.7,114.77,172.03,171.33,170.59,160.28,153.67,151.04,148.56
ELV,Elevance Health,Health Care,Managed Health Care,318.65,558.44,273.71,312.58,312.04,300.41,318.46,359.76,372.13,377.81
EMR,Emerson Electric,Industrials,Electrical Components & Equipment,132.0,149.68,89.31,133.15,132.39,133.39,136.98,124.95,121.95,123.1
ENPH,Enphase Energy,Information Technology,Semiconductor Materials & Equipment,37.7,126.19,29.89,37.81,36.95,34.74,37.11,41.52,45.32,53.36
ETR,Entergy,Utilities,Electric Utilities,88.09,91.79,57.35,88.91,88.96,89.5,86.14,83.99,83.67,81.24
EOG,EOG Resources,Energy,Oil & Gas Exploration & Production,124.82,135.49,100.76,122.95,120.78,119.23,119.68,115.69,116.9,120.62
EPAM,EPAM Systems,Information Technology,IT Consulting & Other Services,176.36,269.0,138.15,173.38,170.68,162.95,167.57,167.58,169.7,196.4
EQT,EQT Corporation,Energy,Oil & Gas Exploration & Production,51.84,60.83,31.05,52.01,51.65,51.66,54.17,53.76,53.16,51.07
EFX,Equifax,Industrials,Research & Consulting Services,246.3,308.07,199.6,246.9,247.88,245.71,251.41,253.82,250.93,253.1
EQIX,Equinix,Real Estate,Data Center REITs,786.19,977.63,693.42,785.45,779.6,776.97,784.04,816.14,818.43,856.08
EQR,Equity Residential,Real Estate,Multi-Family Residential REITs,66.12,76.06,58.81,65.17,64.75,64.04,65.72,67.01,67.39,68.45
ERIE,Erie Indemnity,Financials,Insurance Brokers,354.38,539.84,331.01,353.99,358.31,359.6,353.83,361.58,372.93,384.96
ESS,Essex Property Trust,Real Estate,Multi-Family Residential REITs,270.21,310.81,241.65,267.19,264.63,260.24,273.86,275.46,279.16,281.83
EL,Estée Lauder Companies (The),Consumer Staples,Personal Care Products,91.73,101.93,48.12,90.92,90.07,90.64,88.09,75.33,73.49,73.38
EG,Everest Group,Financials,Reinsurance,341.88,400.59,318.14,341.03,341.04,335.76,336.01,339.94,342.86,347.47
EVRG,Evergy,Utilities,Electric Utilities,71.26,73.29,55.96,71.59,71.66,71.89,69.81,67.88,67.45,65.36
ES,Eversource Energy,Utilities,Electric Utilities,64.07,67.15,51.64,64.13,64.86,65.31,65.08,63.13,62.46,60.8
EXC,Exelon,Utilities,Electric Utilities,43.68,47.26,34.98,44.17,44.41,44.58,43.65,43.85,43.78,41.77
EXE,Expand Energy,Energy,Oil & Gas Exploration & Production,96.78,121.47,66.93,96.04,95.04,96.09,102.4,105.63,105.13,102.48
EXPE,Expedia Group,Consumer Discretionary,"Hotels, Resorts & Cruise Lines",214.8,216.21,125.66,213.5,210.61,202.87,187.99,174.87,173.54,177.7
EXPD,Expeditors International,Industrials,Air Freight & Logistics,120.54,129.91,99.78,121.22,120.52,119.6,116.91,113.92,114.49,114.53
EXR,Extra Space Storage,Real Estate,Self-Storage REITs,143.58,178.97,119.72,141.64,140.6,138.9,144.5,144.35,144.53,147.48
XOM,ExxonMobil,Energy,Integrated Oil & Gas,114.29,121.93,96.01,112.72,110.68,108.26,109.41,106.97,107.7,108.06
FFIV,"F5, Inc.",Information Technology,Communications Equipment,313.14,334.0,197.34,316.11,315.95,318.19,306.09,291.06,286.2,279.8
FDS,FactSet,Financials,Financial Exchanges & Data,373.32,496.49,365.76,378.39,378.34,379.86,411.04,424.43,426.98,443.65
FICO,Fair Isaac,Information Technology,Application Software,1521.64,2402.52,1300.0,1458.28,1414.82,1376.35,1540.25,1715.2,1736.77,1848.87
FAST,Fastenal,Industrials,Trading Companies & Distributors,49.66,50.63,31.57,50.05,49.84,48.72,45.98,43.24,42.2,40.7
FRT,Federal Realty Investment Trust,Real Estate,Retail REITs,100.55,114.28,79.72,99.71,98.12,95.47,94.74,94.11,94.32,99.03
FDX,FedEx,Industrials,Air Freight & Logistics,231.07,303.39,193.05,231.73,230.88,228.59,230.38,223.23,226.29,243.5
FIS,Fidelity National Information Services,Financials,Transaction & Payment Processing Services,69.81,90.63,66.18,70.08,70.05,70.98,76.73,77.15,76.09,77.34
FITB,Fifth Third Bancorp,Financials,Regional Banks,45.77,47.75,31.96,45.25,44.26,43.08,42.6,39.73,39.42,41.0
FSLR,First Solar,Information Technology,Semiconductors,195.19,262.72,116.56,195.92,201.06,193.39,178.91,163.8,157.24,165.41
FE,FirstEnergy,Utilities,Electric Utilities,43.62,44.4,36.81,43.64,43.53,43.47,41.58,41.27,40.73,40.2
FI,Fiserv,Financials,Transaction & Payment Processing Services,138.18,238.59,128.22,137.79,138.48,136.27,151.47,165.62,175.94,190.68
F,Ford Motor Company,Consumer Discretionary,Automobile Manufacturers,11.77,11.99,8.21,11.81,11.66,11.42,11.23,10.59,10.39,10.08
FTNT,Fortinet,Information Technology,Systems Software,78.77,114.82,70.12,78.3,78.77,80.87,94.59,98.04,97.95,98.51
FTV,Fortive,Industrials,Industrial Machinery & Supplies & Components,47.86,62.65,45.45,48.29,48.25,47.96,50.23,51.26,52.1,54.6
FOXA,Fox Corporation (Class A),Communication Services,Broadcasting,59.7,60.24,38.53,59.5,59.07,57.63,56.59,54.44,54.29,52.59
FOX,Fox Corporation (Class B),Communication Services,Broadcasting,54.55,55.15,35.71,54.37,54.02,52.63,51.86,50.08,50.02,48.87
BEN,Franklin Resources,Financials,Asset Management & Custody Banks,25.66,26.08,16.03,25.5,25.18,25.26,24.64,22.41,21.72,21.11
FCX,Freeport-McMoRan,Materials,Copper,44.4,51.85,27.45,44.14,43.02,42.21,43.18,40.41,39.82,39.7
GRMN,Garmin,Consumer Discretionary,Consumer Electronics,241.82,244.52,159.09,236.74,234.54,232.83,224.05,210.49,210.38,211.22
IT,Gartner,Information Technology,IT Consulting & Other Services,251.19,584.01,223.65,245.98,245.05,245.66,323.7,373.13,386.53,434.06
GE,GE Aerospace,Industrials,Aerospace & Defense,275.2,281.5,158.81,273.02,270.12,271.5,263.32,240.8,232.07,214.25
GEHC,GE HealthCare,Health Care,Health Care Equipment,73.73,94.71,57.59,74.08,73.98,73.2,74.12,71.57,73.32,77.55
GEV,GE Vernova,Industrials,Heavy Electrical Equipment,612.97,677.29,180.42,619.45,614.31,630.24,588.88,501.91,463.43,421.63
GEN,Gen Digital,Information Technology,Systems Software,30.2,32.09,22.55,30.61,31.01,30.58,30.06,28.57,28.2,28.16
GNRC,Generac,Industrials,Electrical Components & Equipment,185.25,203.25,99.5,188.35,191.38,194.36,168.74,144.44,141.36,148.88
GD,General Dynamics,Industrials,Aerospace & Defense,324.57,326.02,236.67,323.4,320.06,317.25,306.41,289.91,284.41,276.17
GIS,General Mills,Consumer Staples,Packaged Foods & Meats,49.33,72.88,48.29,49.12,49.45,49.48,50.29,52.4,53.7,56.25
GM,General Motors,Consumer Discretionary,Automobile Manufacturers,58.59,60.75,41.47,58.58,57.78,55.93,53.43,50.33,49.83,50.46
GPC,Genuine Parts Company,Consumer Discretionary,Distributors,139.33,140.81,103.16,139.3,138.52,136.57,130.24,125.05,124.03,121.92
GILD,Gilead Sciences,Health Care,Biotechnology,112.97,121.83,74.82,113.67,115.4,115.95,112.96,109.07,109.32,103.61
GPN,Global Payments,Financials,Transaction & Payment Processing Services,88.82,119.03,65.72,88.39,87.64,85.3,82.6,80.2,83.33,93.64
GL,Globe Life,Financials,Life & Health Insurance,139.95,144.0,98.18,140.0,139.27,139.28,130.75,125.69,125.74,121.35
GDDY,GoDaddy,Information Technology,Internet Services & Infrastructure,148.31,216.0,132.51,147.25,146.44,146.17,161.27,170.77,172.03,181.87
GS,Goldman Sachs,Financials,Investment Banking & Brokerage,745.25,753.33,437.2,746.78,736.47,733.13,715.27,643.26,623.68,615.09
HAL,Halliburton,Energy,Oil & Gas Equipment & Services,22.73,31.9,18.56,22.38,21.9,21.52,21.6,21.14,21.78,23.95
HIG,Hartford (The),Financials,Property & Casualty Insurance,132.31,134.94,104.05,132.61,132.58,130.7,126.4,125.3,124.01,119.8
HAS,Hasbro,Consumer Discretionary,Leisure Products,81.17,82.19,48.07,81.4,80.81,79.24,76.5,68.99,67.1,64.07
HCA,HCA Healthcare,Health Care,Health Care Facilities,403.96,414.51,288.77,404.2,403.67,391.9,377.1,368.11,360.6,344.56
DOC,Healthpeak Properties,Real Estate,Health Care REITs,17.94,22.06,16.35,17.78,17.54,17.23,17.54,17.42,17.84,18.57
HSIC,Henry Schein,Health Care,Health Care Distributors,69.58,82.49,60.56,69.02,68.71,67.92,70.3,69.39,69.54,71.26
HSY,Hershey Company (The),Consumer Staples,Packaged Foods & Meats,183.75,202.98,136.73,181.9,181.1,181.42,176.42,169.31,169.11,166.85
HPE,Hewlett Packard Enterprise,Information Technology,"Technology Hardware, Storage & Peripherals",22.57,24.28,11.88,22.7,22.18,21.45,20.71,18.68,18.07,19.3
HLT,Hilton Worldwide,Consumer Discretionary,"Hotels, Resorts & Cruise Lines",276.06,279.46,195.92,275.63,273.56,269.16,268.74,253.02,248.79,250.55
HOLX,Hologic,Health Care,Health Care Equipment,67.12,84.39,51.9,66.85,67.35,67.65,66.15,62.65,62.48,66.03
HD,Home Depot (The),Consumer Discretionary,Home Improvement Retail,406.77,431.63,324.29,407.78,405.3,398.52,379.93,370.27,368.11,380.55
HON,Honeywell,Industrials,Industrial Conglomerates,219.5,240.47,177.52,221.05,219.57,218.38,225.51,219.12,216.67,217.53
HRL,Hormel Foods,Consumer Staples,Packaged Foods & Meats,25.44,32.84,23.71,27.46,28.08,28.28,29.13,29.45,29.42,29.58
HST,Host Hotels & Resorts,Real Estate,Hotel & Resort REITs,17.21,18.53,12.06,17.14,16.69,16.14,16.08,15.35,15.18,15.8
HWM,Howmet Aerospace,Industrials,Aerospace & Defense,174.1,193.13,90.47,174.61,173.42,176.17,180.04,166.65,158.91,144.45
HPQ,HP Inc.,Information Technology,"Technology Hardware, Storage & Peripherals",28.54,38.63,20.97,27.7,27.31,26.63,25.72,25.57,25.99,28.76
HUBB,Hubbell Incorporated,Industrials,Industrial Machinery & Supplies & Components,430.99,475.24,297.55,439.54,435.47,430.89,423.35,396.12,384.27,398.74
HUM,Humana,Health Care,Managed Health Care,303.66,377.69,206.87,298.98,295.43,281.34,254.24,251.42,253.3,260.4
HBAN,Huntington Bancshares,Financials,Regional Banks,17.81,17.92,11.8,17.64,17.23,16.77,16.79,15.85,15.58,15.95
HII,Huntington Ingalls Industries,Industrials,Aerospace & Defense,270.79,293.14,156.7,272.98,270.15,268.72,259.1,241.23,232.42,215.18
IBM,IBM,Information Technology,IT Consulting & Other Services,243.49,294.17,192.06,243.22,242.09,242.47,264.27,258.38,255.56,245.6
IEX,IDEX Corporation,Industrials,Industrial Machinery & Supplies & Components,164.5,235.67,152.2,165.56,165.29,163.59,172.51,174.82,175.91,189.68
IDXX,Idexx Laboratories,Health Care,Health Care Equipment,647.09,688.12,356.14,643.61,641.11,647.06,581.6,529.95,507.85,479.65
ITW,Illinois Tool Works,Industrials,Industrial Machinery & Supplies & Components,264.65,274.77,213.36,266.04,264.58,261.63,257.46,248.74,248.91,252.67
INCY,Incyte,Health Care,Biotechnology,84.61,87.24,53.56,84.38,85.01,82.99,75.1,68.97,67.99,69.64
IR,Ingersoll Rand,Industrials,Industrial Machinery & Supplies & Components,79.43,105.95,65.58,80.23,79.7,78.8,82.8,80.69,80.67,85.83
PODD,Insulet Corporation,Health Care,Health Care Equipment,339.88,341.14,191.77,334.53,331.48,316.59,304.08,296.43,289.05,282.38
INTC,Intel,Information Technology,Semiconductors,24.35,27.55,17.67,24.61,24.38,22.84,22.47,21.48,21.68,21.71
ICE,Intercontinental Exchange,Financials,Financial Exchanges & Data,176.6,189.35,141.51,177.78,178.63,181.93,181.96,176.44,175.17,168.2
IFF,International Flavors & Fragrances,Materials,Specialty Chemicals,67.51,105.18,62.33,67.05,66.66,66.37,71.46,73.41,74.33,78.28
IP,International Paper,Materials,Paper & Plastic Packaging Products & Materials,49.68,58.71,42.44,49.04,48.33,47.59,49.01,47.67,48.32,50.7
IPG,Interpublic Group of Companies (The),Communication Services,Advertising,26.84,32.2,22.2,26.86,26.74,25.98,25.32,24.68,24.94,25.96
INTU,Intuit,Information Technology,Application Software,667.0,813.7,531.0,662.97,679.27,709.78,746.58,709.11,686.95,663.06
ISRG,Intuitive Surgical,Health Care,Health Care Equipment,473.3,616.0,425.0,472.2,474.8,475.6,499.78,513.13,510.61,528.69
IVZ,Invesco,Financials,Asset Management & Custody Banks,21.89,22.25,11.33,21.91,21.44,21.14,19.21,16.62,16.26,16.63
INVH,Invitation Homes,Real Estate,Single-Family Residential REITs,31.29,36.53,29.11,30.97,30.77,30.5,31.58,32.45,32.64,32.26
IQV,IQVIA,Health Care,Life Sciences Tools & Services,190.81,252.88,134.65,188.82,189.76,186.86,176.79,162.52,166.04,178.59
IRM,Iron Mountain,Real Estate,Other Specialized REITs,92.33,127.24,71.77,91.88,91.74,91.92,96.54,95.06,93.03,97.52
JBHT,J.B. Hunt,Industrials,Cargo Ground Transportation,144.99,198.61,122.01,144.37,144.76,143.44,146.02,141.4,142.96,154.62
JBL,Jabil,Information Technology,Electronic Manufacturing Services,204.83,232.75,99.48,207.96,208.05,214.6,217.97,188.15,177.87,167.1
JKHY,Jack Henry & Associates,Financials,Transaction & Payment Processing Services,163.26,195.38,157.8,162.52,162.67,162.84,171.85,174.33,175.04,174.13
J,Jacobs Solutions,Industrials,Construction & Engineering,146.23,152.07,104.68,147.35,147.24,147.13,140.08,131.39,129.09,130.68
JNJ,Johnson & Johnson,Health Care,Pharmaceuticals,177.17,179.84,137.37,176.6,176.76,174.23,164.77,158.35,158.59,154.55
JCI,Johnson Controls,Industrials,Building Products,106.89,112.63,66.5,107.93,106.79,106.02,106.21,98.88,95.05,90.15
JPM,JPMorgan Chase,Financials,Diversified Banks,301.42,302.95,196.2,299.05,295.74,293.38,290.96,271.82,264.6,258.99
K,Kellanova,Consumer Staples,Packaged Foods & Meats,79.5,82.65,77.7,79.7,79.88,79.97,79.71,80.68,80.91,80.64
KVUE,Kenvue,Consumer Staples,Personal Care Products,20.71,24.71,19.2,20.8,21.13,21.26,21.31,21.96,22.15,21.94
KDP,Keurig Dr Pepper,Consumer Staples,Soft Drinks & Non-alcoholic Beverages,29.09,37.26,28.7,29.63,32.35,33.27,33.34,33.47,33.45,32.8
KEY,KeyCorp,Financials,Regional Banks,19.36,19.5,12.56,19.28,18.81,18.3,18.1,16.69,16.44,16.82
KEYS,Keysight Technologies,Information Technology,Electronic Equipment & Instruments,163.43,186.2,121.43,164.94,163.86,163.76,163.92,158.09,156.62,160.93
KMB,Kimberly-Clark,Consumer Staples,Household Products,129.14,149.05,121.86,129.73,131.26,132.93,130.43,132.72,134.04,132.59
KIM,Kimco Realty,Real Estate,Retail REITs,22.49,24.97,17.71,22.32,21.98,21.56,21.47,21.01,20.92,21.6
KMI,Kinder Morgan,Energy,Oil & Gas Storage & Transportation,26.98,30.49,19.68,26.78,26.66,26.86,27.38,27.16,27.09,26.98
KKR,KKR & Co.,Financials,Asset Management & Custody Banks,139.49,169.7,85.9,139.77,139.67,141.88,140.62,128.45,125.53,134.8
KLAC,KLA Corporation,Information Technology,Semiconductor Materials & Equipment,872.0,957.18,548.81,884.51,880.31,896.15,902.34,822.85,795.14,753.71
KHC,Kraft Heinz,Consumer Staples,Packaged Foods & Meats,27.97,35.08,25.44,27.78,27.68,27.57,27.33,27.42,27.9,28.5
KR,Kroger,Consumer Staples,Food Retail,67.84,74.52,49.68,68.48,69.57,70.73,70.89,69.54,68.71,65.63
LHX,L3Harris,Industrials,Aerospace & Defense,277.62,280.52,191.09,277.05,275.74,274.32,266.12,247.35,239.78,231.54
LH,Labcorp,Health Care,Health Care Services,277.99,282.74,208.23,277.0,276.05,270.94,262.13,251.73,248.75,244.65
LRCX,Lam Research,Information Technology,Semiconductor Materials & Equipment,100.15,108.02,56.18,102.56,100.97,101.13,99.29,88.74,85.84,82.46
LW,Lamb Weston,Consumer Staples,Packaged Foods & Meats,57.53,82.35,47.25,56.57,55.91,54.52,53.65,53.24,53.09,57.58
LVS,Las Vegas Sands,Consumer Discretionary,Casinos & Gaming,57.63,58.05,29.84,56.89,55.3,54.24,50.54,44.45,43.75,45.1
LDOS,Leidos,Industrials,Diversified Support Services,180.92,201.22,122.92,181.93,180.88,178.11,167.26,157.52,153.05,151.62
LEN,Lennar,Consumer Discretionary,Homebuilding,133.14,184.74,97.54,133.53,132.86,128.27,118.65,112.96,113.69,122.97
LII,Lennox International,Industrials,Building Products,557.86,689.44,497.88,564.5,578.77,586.88,597.62,577.76,576.27,594.97
LLY,Lilly (Eli),Health Care,Pharmaceuticals,732.58,962.29,622.41,726.01,715.83,700.67,747.12,760.78,774.05,784.51
LIN,Linde plc,Materials,Industrial Gases,478.29,486.38,407.35,480.58,480.61,476.68,470.93,462.86,461.69,453.85
LYV,Live Nation Entertainment,Communication Services,Movies & Entertainment,166.49,167.22,92.57,166.23,164.62,159.65,153.22,145.22,141.31,140.24
LKQ,LKQ Corporation,Consumer Discretionary,Distributors,32.62,43.77,28.65,32.02,31.53,30.76,33.82,36.68,37.57,37.51
LMT,Lockheed Martin,Industrials,Aerospace & Defense,455.63,606.41,410.11,453.89,449.06,440.45,447.02,457.93,456.72,465.03
L,Loews Corporation,Financials,Multi-line Insurance,96.8,97.41,74.95,96.25,96.1,95.08,92.59,89.96,89.42,87.55
LOW,Lowe's,Consumer Discretionary,Home Improvement Retail,258.06,281.56,204.22,258.29,257.52,250.53,233.83,227.87,227.96,237.95
LULU,Lululemon Athletica,Consumer Discretionary,"Apparel, Accessories & Luxury Goods",202.2,423.32,185.95,203.56,202.3,198.25,215.87,249.04,262.26,303.37
LYB,LyondellBasell,Materials,Specialty Chemicals,56.35,91.24,46.44,56.43,55.2,52.5,56.97,56.19,58.51,63.68
MTB,M&T Bank,Financials,Regional Banks,201.66,221.09,149.64,200.5,196.89,192.82,194.3,184.36,182.24,187.95
MPC,Marathon Petroleum,Energy,Oil & Gas Refining & Marketing,179.71,182.09,113.82,176.52,170.95,166.31,169.66,158.78,154.98,152.04
MKTX,MarketAxess,Financials,Financial Exchanges & Data,183.84,292.5,182.15,186.77,187.05,189.12,204.37,211.65,211.44,216.4
MAR,Marriott International,Consumer Discretionary,"Hotels, Resorts & Cruise Lines",267.86,305.27,204.35,268.85,267.49,264.73,269.41,259.6,256.25,265.99
MMC,Marsh McLennan,Financials,Insurance Brokers,205.81,246.94,196.27,206.41,208.35,206.26,209.1,216.95,220.39,220.05
MLM,Martin Marietta Materials,Materials,Construction Materials,616.4,630.45,441.31,613.37,608.67,608.16,580.01,555.33,539.63,540.8
MAS,Masco,Industrials,Building Products,73.39,85.23,56.02,74.05,73.87,72.33,68.23,65.2,66.06,69.86
MA,Mastercard,Financials,Transaction & Payment Processing Services,595.29,601.77,464.22,592.25,591.45,582.31,567.42,561.78,556.32,548.43
MTCH,Match Group,Communication Services,Interactive Media & Services,37.34,39.2,26.24,37.26,37.31,36.91,34.28,31.94,31.68,31.91
MKC,McCormick & Company,Consumer Staples,Packaged Foods & Meats,70.37,85.22,68.23,70.36,70.25,70.08,71.75,72.89,74.34,75.03
MCD,McDonald's,Consumer Discretionary,Restaurants,313.54,324.48,273.39,312.71,312.36,308.83,301.1,305.37,305.5,300.13
MCK,McKesson Corporation,Health Care,Health Care Distributors,686.64,737.89,462.92,682.12,685.71,682.75,702.51,703.62,695.15,658.63
MDT,Medtronic,Health Care,Health Care Equipment,92.81,94.71,77.57,92.21,92.08,91.81,90.17,86.97,87.42,86.39
MRK,Merck & Co.,Health Care,Pharmaceuticals,84.12,116.37,72.58,84.34,84.9,83.01,82.07,80.16,82.1,86.8
META,Meta Platforms,Communication Services,Interactive Media & Services,738.7,796.25,479.43,748.92,750.5,762.57,735.09,673.21,657.32,646.96
MET,MetLife,Financials,Life & Health Insurance,81.36,87.17,64.24,81.02,80.13,78.05,77.81,76.99,77.42,79.17
MTD,Mettler Toledo,Health Care,Life Sciences Tools & Services,1301.04,1521.01,946.69,1288.79,1299.42,1284.21,1239.29,1175.23,1179.98,1214.54
MGM,MGM Resorts,Consumer Discretionary,Casinos & Gaming,39.69,42.54,25.3,39.14,37.92,36.61,36.69,34.21,33.58,34.27
MCHP,Microchip Technology,Information Technology,Semiconductors,65.0,80.29,33.63,66.61,66.35,65.5,68.94,61.21,59.09,58.74
MU,Micron Technology,Information Technology,Semiconductors,119.01,129.73,61.48,118.34,118.8,118.31,118.18,104.37,101.65,100.0
MSFT,Microsoft,Information Technology,Systems Software,506.69,554.54,343.59,505.87,507.09,515.39,507.64,469.6,452.28,440.89
MAA,Mid-America Apartment Communities,Real Estate,Multi-Family Residential REITs,145.82,170.0,137.32,143.8,142.79,141.53,145.75,150.36,152.42,152.46
MRNA,Moderna,Health Care,Biotechnology,24.09,80.56,23.15,24.75,26.0,26.36,29.0,27.64,28.5,32.33
MHK,Mohawk Industries,Consumer Discretionary,Home Furnishings,132.69,164.29,96.24,132.12,129.69,126.71,117.24,110.57,111.2,116.79
MOH,Molina Healthcare,Health Care,Managed Health Care,180.83,365.23,151.95,176.32,174.55,166.13,200.48,257.38,270.33,280.07
TAP,Molson Coors Beverage Company,Consumer Staples,Brewers,50.49,64.07,46.94,50.76,51.23,50.81,49.95,52.5,53.92,55.19
MDLZ,Mondelez International,Consumer Staples,Packaged Foods & Meats,61.44,73.95,53.2,61.7,62.25,62.17,65.75,65.92,65.78,63.62
MPWR,Monolithic Power Systems,Information Technology,Semiconductors,835.76,951.76,437.93,849.81,843.52,832.59,770.75,703.13,679.03,656.57
MNST,Monster Beverage,Consumer Staples,Soft Drinks & Non-alcoholic Beverages,62.41,66.75,45.7,62.12,63.03,62.77,61.61,61.38,60.47,57.14
MCO,Moody's Corporation,Financials,Financial Exchanges & Data,509.76,528.95,377.3,510.13,511.23,513.65,504.59,483.12,477.31,480.41
MS,Morgan Stanley,Financials,Investment Banking & Brokerage,150.48,150.75,91.36,149.33,147.17,145.55,142.26,131.68,128.29,128.68
MOS,Mosaic Company (The),Materials,Fertilizers & Agricultural Chemicals,33.4,38.23,22.14,33.45,32.94,32.78,34.91,33.48,31.95,29.61
MSI,Motorola Solutions,Information Technology,Communications Equipment,472.46,503.98,387.87,464.65,463.13,458.51,436.4,426.83,425.87,441.13
MSCI,MSCI Inc.,Financials,Financial Exchanges & Data,567.72,636.39,483.67,570.31,569.17,561.79,563.44,556.88,556.27,569.99
NDAQ,"Nasdaq, Inc.",Financials,Financial Exchanges & Data,94.74,97.63,64.64,94.81,94.54,95.36,92.41,85.79,83.56,82.06
NTAP,NetApp,Information Technology,"Technology Hardware, Storage & Peripherals",112.79,133.34,71.49,112.51,110.73,108.37,106.58,100.37,98.17,106.07
NFLX,Netflix,Communication Services,Movies & Entertainment,1208.25,1341.15,660.8,1221.47,1219.13,1209.91,1229.88,1180.82,1130.97,1054.22
NEM,Newmont,Materials,Gold,74.4,74.52,36.47,72.66,70.95,69.62,63.87,58.52,56.01,50.51
NWSA,News Corp (Class A),Communication Services,Publishing,29.41,30.75,23.38,29.68,29.76,29.47,29.46,28.44,28.14,28.25
NWS,News Corp (Class B),Communication Services,Publishing,33.87,35.58,26.25,34.21,34.37,33.99,33.94,32.81,32.35,32.13
NEE,NextEra Energy,Utilities,Multi-Utilities,72.05,83.5,60.75,73.29,74.44,73.02,72.61,70.49,70.37,70.41
NKE,"Nike, Inc.",Consumer Discretionary,"Apparel, Accessories & Luxury Goods",77.37,89.11,51.93,78.23,77.63,76.45,73.96,66.59,67.02,69.94
NI,NiSource,Utilities,Multi-Utilities,42.27,43.51,31.61,42.38,42.37,42.4,41.17,39.97,39.73,38.63
NDSN,Nordson Corporation,Industrials,Industrial Machinery & Supplies & Components,225.09,263.91,164.43,225.51,221.98,217.95,217.54,207.47,206.4,213.24
NSC,Norfolk Southern,Industrials,Rail Transportation,279.98,291.69,199.43,276.84,280.4,280.35,271.61,252.16,247.72,247.73
NTRS,Northern Trust,Financials,Asset Management & Custody Banks,131.28,133.0,81.05,131.26,129.6,127.94,126.97,113.52,110.32,108.77
NOC,Northrop Grumman,Industrials,Aerospace & Defense,590.04,600.99,422.32,588.86,589.75,587.29,550.43,519.49,513.89,498.37
NCLH,Norwegian Cruise Line Holdings,Consumer Discretionary,"Hotels, Resorts & Cruise Lines",24.84,29.29,14.21,24.9,24.58,24.54,23.14,20.45,20.21,22.55
NRG,NRG Energy,Utilities,Independent Power Producers & Energy Traders,145.56,175.96,74.96,146.67,147.13,151.88,153.94,142.83,133.13,120.21
NUE,Nucor,Materials,Steel,148.73,168.24,97.18,149.27,147.16,143.9,140.26,127.75,127.06,128.89
NVDA,Nvidia,Information Technology,Semiconductors,174.18,184.48,86.61,179.51,178.35,179.7,170.52,147.53,140.53,138.74
NVR,"NVR, Inc.",Consumer Discretionary,Homebuilding,8117.65,9964.77,6562.85,8084.25,8101.85,8042.08,7750.7,7447.96,7414.56,7724.96
NXPI,NXP Semiconductors,Information Technology,Semiconductors,234.85,253.03,147.4,237.22,233.49,224.52,223.53,208.55,206.62,210.14
ORLY,O’Reilly Automotive,Consumer Discretionary,Automotive Retail,103.68,104.86,73.11,103.47,103.1,102.85,96.96,94.08,93.42,89.84
OXY,Occidental Petroleum,Energy,Oil & Gas Exploration & Production,47.61,56.46,34.59,46.89,45.73,44.78,44.32,42.74,43.5,45.46
ODFL,Old Dominion,Industrials,Cargo Ground Transportation,150.97,232.21,140.91,152.89,152.88,150.4,157.8,158.48,160.04,173.53
OMC,Omnicom Group,Communication Services,Advertising,78.33,104.25,68.37,78.32,78.03,75.92,74.2,73.8,74.92,79.88
ON,ON Semiconductor,Information Technology,Semiconductors,49.59,78.61,31.04,50.71,50.4,49.66,54.05,48.39,47.2,52.04
OKE,Oneok,Energy,Oil & Gas Storage & Transportation,76.38,113.92,72.18,75.24,74.53,74.89,78.12,79.83,82.47,89.12
ORCL,Oracle Corporation,Information Technology,Application Software,226.13,260.87,118.18,234.38,236.02,243.41,237.08,196.88,186.86,181.72
OTIS,Otis Worldwide,Industrials,Industrial Machinery & Supplies & Components,86.38,105.86,83.85,86.97,87.63,87.22,92.13,93.8,95.13,95.35
PCAR,Paccar,Industrials,Construction Machinery & Heavy Transportation Equipment,99.98,114.66,84.08,100.57,99.79,98.8,97.44,94.52,95.42,100.0
PKG,Packaging Corporation of America,Materials,Paper & Plastic Packaging Products & Materials,217.96,246.22,171.6,213.83,208.27,201.96,200.17,193.99,194.32,205.91
PLTR,Palantir Technologies,Information Technology,Application Software,156.71,190.0,29.31,157.92,159.23,169.36,155.52,136.66,126.39,108.99
PANW,Palo Alto Networks,Information Technology,Systems Software,190.52,210.39,144.15,187.59,184.93,178.43,189.35,187.49,185.47,187.36
PSKY,Paramount Skydance Corporation,Communication Services,Movies & Entertainment,14.7,17.53,9.78,15.2,14.9,13.53,13.1,12.35,12.2,11.67
PH,Parker Hannifin,Industrials,Industrial Machinery & Supplies & Components,759.35,773.3,487.08,761.23,751.49,740.96,722.31,676.52,663.17,666.47
PAYX,Paychex,Industrials,Human Resource & Employment Services,139.46,160.03,125.38,138.67,138.8,138.77,142.08,145.9,146.02,144.44
PAYC,Paycom,Industrials,Human Resource & Employment Services,227.15,267.33,152.1,227.5,227.5,225.07,228.11,234.19,230.06,224.41
PYPL,PayPal,Financials,Transaction & Payment Processing Services,70.19,93.66,55.85,69.91,69.37,68.95,71.93,70.21,69.67,75.32
PNR,Pentair,Industrials,Industrial Machinery & Supplies & Components,107.53,109.99,73.85,108.63,107.39,105.87,104.58,98.82,96.36,98.25
PEP,PepsiCo,Consumer Staples,Soft Drinks & Non-alcoholic Beverages,148.65,174.44,126.36,147.69,148.95,146.93,141.0,136.93,139.12,143.08
PFE,Pfizer,Health Care,Pharmaceuticals,24.76,28.43,20.18,24.9,25.19,24.88,24.56,23.57,23.77,24.19
PCG,PG&E Corporation,Utilities,Multi-Utilities,15.28,21.62,12.97,15.06,15.12,15.14,14.3,15.4,15.66,16.66
PM,Philip Morris International,Consumer Staples,Tobacco,167.13,185.29,114.24,166.23,168.56,167.72,171.97,171.27,167.39,153.07
PSX,Phillips 66,Energy,Oil & Gas Refining & Marketing,133.58,135.71,89.26,131.69,128.02,123.88,123.99,116.68,117.31,118.31
PNW,Pinnacle West Capital,Utilities,Multi-Utilities,89.36,94.64,79.08,89.81,90.63,91.55,90.44,90.41,90.55,88.89
PNC,PNC Financial Services,Financials,Diversified Banks,207.44,210.46,142.39,204.65,199.89,195.07,192.81,179.52,177.5,183.97
POOL,Pool Corporation,Consumer Discretionary,Distributors,310.71,391.14,281.15,316.67,317.15,315.29,307.95,304.25,308.6,323.43
PPG,PPG Industries,Materials,Specialty Chemicals,111.23,133.97,89.08,111.86,112.1,109.95,112.07,109.49,109.4,112.46
PPL,PPL Corporation,Utilities,Electric Utilities,36.47,37.38,30.32,36.54,36.64,36.56,35.56,35.1,34.98,34.18
PFG,Principal Financial Group,Financials,Life & Health Insurance,80.51,89.5,67.72,80.48,79.68,78.28,79.05,77.43,78.38,79.29
PG,Procter & Gamble,Consumer Staples,Personal Care Products,157.04,177.66,149.91,156.35,157.28,155.38,156.13,159.09,160.69,162.67
PGR,Progressive Corporation,Financials,Property & Casualty Insurance,247.06,292.77,228.37,245.6,247.65,246.78,249.79,262.67,265.62,259.91
PLD,Prologis,Real Estate,Industrial REITs,113.78,128.08,84.54,112.41,110.91,108.33,107.86,105.89,106.83,108.71
PRU,Prudential Financial,Financials,Life & Health Insurance,109.66,125.75,88.12,109.27,108.21,105.51,104.51,102.83,103.52,107.83
PEG,Public Service Enterprise Group,Utilities,Electric Utilities,82.33,93.08,74.08,82.77,83.47,85.41,84.69,82.23,81.85,82.95
PTC,PTC Inc.,Information Technology,Application Software,213.5,219.69,133.38,214.4,212.81,210.83,197.91,179.61,175.1,179.07
PSA,Public Storage,Real Estate,Self-Storage REITs,294.59,359.28,254.04,291.23,289.15,285.41,287.5,291.03,291.66,296.15
PHM,PulteGroup,Consumer Discretionary,Homebuilding,132.02,148.55,87.88,131.59,130.08,126.72,117.25,108.65,107.62,110.62
PWR,Quanta Services,Industrials,Construction & Engineering,377.96,424.94,227.02,381.54,380.42,383.1,386.83,353.69,334.21,327.78
QCOM,Qualcomm,Information Technology,Semiconductors,160.73,179.1,120.08,159.38,157.96,154.37,155.96,150.95,151.24,154.81
DGX,Quest Diagnostics,Health Care,Health Care Services,181.64,185.62,144.09,179.92,180.97,178.7,174.92,173.87,172.6,167.1
RL,Ralph Lauren Corporation,Consumer Discretionary,"Apparel, Accessories & Luxury Goods",296.93,306.34,164.87,293.96,290.23,292.6,288.36,267.62,258.65,251.54
RJF,Raymond James Financial,Financials,Investment Banking & Brokerage,169.44,173.13,112.35,167.99,165.83,165.56,161.55,152.11,149.6,153.54
RTX,RTX Corporation,Industrials,Aerospace & Defense,158.6,161.26,111.21,158.99,157.33,156.12,151.66,141.54,139.06,131.89
O,Realty Income,Real Estate,Retail REITs,58.76,61.9,49.76,58.36,58.71,58.12,57.42,56.54,56.32,55.13
REG,Regency Centers,Real Estate,Retail REITs,72.5,76.68,62.82,72.23,71.86,71.99,71.13,71.03,71.16,71.42
REGN,Regeneron Pharmaceuticals,Health Care,Biotechnology,580.7,1205.8,475.77,581.46,583.16,572.64,555.93,557.03,576.81,629.58
RF,Regions Financial Corporation,Financials,Regional Banks,27.39,27.58,17.53,27.17,26.56,25.9,25.17,23.01,22.64,23.22
RSG,Republic Services,Industrials,Environmental & Facilities Services,233.97,258.14,195.62,233.7,234.16,234.02,238.74,242.97,241.39,230.97
RMD,ResMed,Health Care,Health Care Equipment,274.51,293.81,199.07,280.56,284.61,284.39,270.37,254.05,247.5,243.82
RVTY,Revvity,Health Care,Health Care Equipment,90.11,129.23,85.12,90.26,90.79,89.45,93.93,93.54,96.49,103.8
ROK,Rockwell Automation,Industrials,Electrical Components & Equipment,343.43,359.54,213.27,349.48,346.41,342.5,342.31,311.98,301.23,294.81
ROL,"Rollins, Inc.",Industrials,Environmental & Facilities Services,56.54,58.96,44.94,56.51,57.2,57.62,56.76,56.41,55.56,52.99
ROP,Roper Technologies,Information Technology,Electronic Equipment & Instruments,526.31,593.46,498.03,527.26,530.55,531.34,547.41,555.68,559.52,555.33
ROST,Ross Stores,Consumer Discretionary,Apparel Retail,147.16,157.36,122.01,148.46,147.54,146.76,137.99,139.43,137.23,140.71
RCL,Royal Caribbean Group,Consumer Discretionary,"Hotels, Resorts & Cruise Lines",363.22,366.46,152.4,357.37,344.25,327.52,326.98,280.91,266.71,257.34
SPGI,S&P Global,Financials,Financial Exchanges & Data,548.44,578.04,425.6,549.78,551.59,555.44,537.53,517.17,512.48,511.54
CRM,Salesforce,Information Technology,Application Software,256.25,367.42,226.48,250.51,248.31,244.53,257.18,262.51,264.93,290.21
SBAC,SBA Communications,Real Estate,Telecom Tower REITs,204.85,247.78,189.7,211.89,215.9,217.74,226.03,226.69,224.78,217.92
SLB,Schlumberger,Energy,Oil & Gas Equipment & Services,36.84,45.17,30.85,36.05,34.97,33.98,34.53,34.36,35.51,37.39
STX,Seagate Technology,Information Technology,"Technology Hardware, Storage & Peripherals",167.4,173.41,62.86,167.25,162.51,157.59,150.88,125.93,117.7,109.33
SRE,Sempra,Utilities,Multi-Utilities,82.56,93.45,61.37,81.95,81.98,81.95,78.9,76.44,74.94,78.39
NOW,ServiceNow,Information Technology,Systems Software,917.46,1198.09,678.66,895.73,891.14,884.48,944.31,948.19,923.66,970.89
SHW,Sherwin-Williams,Materials,Specialty Chemicals,365.83,397.81,307.5,366.57,366.36,361.04,349.74,348.11,347.24,351.93
SPG,Simon Property Group,Real Estate,Retail REITs,180.66,185.37,134.57,178.29,176.3,172.38,166.73,161.51,161.73,166.14
SWKS,Skyworks Solutions,Information Technology,Semiconductors,74.94,106.65,47.01,75.59,75.06,72.63,72.93,69.25,68.4,73.15
SJM,J.M. Smucker Company (The),Consumer Staples,Packaged Foods & Meats,110.51,121.73,92.38,109.01,110.77,110.28,106.05,107.74,108.46,107.57
SW,Smurfit Westrock,Materials,Paper & Plastic Packaging Products & Materials,47.36,55.46,36.31,46.33,44.91,44.13,44.88,43.5,43.59,46.84
SNA,Snap-on,Industrials,Industrial Machinery & Supplies & Components,325.24,366.68,262.13,328.27,326.47,324.07,320.28,317.78,319.7,328.16
SOLV,Solventum,Health Care,Health Care Technology,73.09,85.92,59.35,72.86,72.57,72.61,73.69,71.97,72.5,72.19
SO,Southern Company,Utilities,Electric Utilities,92.3,95.68,78.5,92.81,93.51,93.72,92.77,90.65,90.23,87.57
LUV,Southwest Airlines,Industrials,Passenger Airlines,32.9,37.96,23.68,33.0,32.29,31.22,32.87,31.36,31.33,31.48
SWK,Stanley Black & Decker,Industrials,Industrial Machinery & Supplies & Components,74.29,107.4,53.22,75.4,75.23,73.03,71.2,67.25,69.34,74.58
SBUX,Starbucks,Consumer Discretionary,Restaurants,88.19,115.87,74.48,87.26,88.62,89.79,91.46,88.11,89.86,93.41
STT,State Street Corporation,Financials,Asset Management & Custody Banks,114.97,116.37,72.29,115.16,113.79,112.34,109.74,100.49,97.76,97.22
STLD,Steel Dynamics,Materials,Steel,130.92,153.72,102.78,132.04,129.82,127.08,129.15,128.6,127.48,127.91
STE,Steris,Health Care,Health Care Equipment,245.06,252.46,199.99,247.17,247.7,242.69,235.95,234.4,232.38,225.67
SYK,Stryker Corporation,Health Care,Health Care Equipment,391.41,404.87,328.46,391.89,390.19,384.29,388.86,380.74,378.56,378.97
SMCI,Supermicro,Information Technology,"Technology Hardware, Storage & Peripherals",41.54,66.44,17.25,43.74,43.66,45.94,48.93,43.49,42.34,39.67
SYF,Synchrony Financial,Financials,Consumer Finance,76.34,77.14,40.15,75.6,73.74,72.13,70.08,62.56,60.52,62.26
SNPS,Synopsys,Information Technology,Application Software,603.52,651.73,365.74,602.37,605.58,614.04,581.59,524.86,507.46,510.72
SYY,Sysco,Consumer Staples,Food Distributors,80.47,82.64,66.65,79.86,79.9,80.19,78.56,75.11,74.62,74.35
TMUS,T-Mobile US,Communication Services,Wireless Telecommunication Services,251.99,275.47,190.58,251.37,253.94,250.17,240.43,242.15,245.68,241.59
TROW,T. Rowe Price,Financials,Asset Management & Custody Banks,107.62,121.15,76.8,108.26,107.28,106.89,103.55,97.12,96.09,101.83
TTWO,Take-Two Interactive,Communication Services,Interactive Home Entertainment,233.27,245.08,146.76,232.57,230.93,229.45,232.61,228.89,224.71,211.96
TPR,"Tapestry, Inc.",Consumer Discretionary,"Apparel, Accessories & Luxury Goods",101.82,114.05,38.51,100.92,99.93,104.06,100.26,87.53,84.41,78.54
TRGP,Targa Resources,Energy,Oil & Gas Storage & Transportation,167.76,215.2,139.32,164.83,163.42,164.36,166.74,165.74,170.34,179.01
TGT,Target Corporation,Consumer Staples,Consumer Staples Merchandise Retail,95.98,155.5,85.44,96.8,98.93,101.15,101.15,97.57,98.86,110.78
TEL,TE Connectivity,Information Technology,Electronic Manufacturing Services,206.5,212.01,115.38,206.83,204.52,203.27,189.87,170.34,164.78,158.19
TDY,Teledyne Technologies,Information Technology,Electronic Equipment & Instruments,538.17,570.56,416.0,541.49,542.25,544.84,536.01,508.72,505.05,497.57
TER,Teradyne,Information Technology,Semiconductor Materials & Equipment,118.24,143.79,65.67,117.76,114.4,111.35,100.68,89.76,89.6,100.6
TSLA,"Tesla, Inc.",Consumer Discretionary,Automobile Manufacturers,333.87,488.54,202.59,345.54,337.62,332.57,323.79,312.72,301.2,330.04
TXN,Texas Instruments,Information Technology,Semiconductors,202.48,220.1,137.77,204.8,202.18,195.36,200.67,187.0,184.86,186.26
TPL,Texas Pacific Land Corporation,Energy,Oil & Gas Exploration & Production,933.48,1762.86,763.79,915.15,905.67,901.82,970.79,1109.07,1150.38,1219.09
TXT,Textron,Industrials,Aerospace & Defense,80.16,91.39,57.69,80.93,80.37,79.41,80.71,76.34,75.51,76.63
TMO,Thermo Fisher Scientific,Health Care,Life Sciences Tools & Services,492.72,625.84,385.46,489.96,491.42,480.51,451.7,433.31,447.76,482.08
TJX,TJX Companies,Consumer Discretionary,Apparel Retail,136.61,145.58,109.83,136.63,136.31,133.94,128.0,127.55,125.68,124.3
TKO,TKO Group Holdings,Communication Services,Movies & Entertainment,189.56,194.76,112.59,186.85,185.77,180.19,175.47,167.33,163.41,156.84
TTD,Trade Desk (The),Communication Services,Advertising,54.66,141.53,42.96,53.45,53.28,60.3,70.79,67.55,65.5,84.68
TSCO,Tractor Supply,Consumer Discretionary,Other Specialty Retail,61.76,63.75,46.46,62.0,61.59,60.56,57.8,54.06,53.9,54.2
TT,Trane Technologies,Industrials,Building Products,415.6,476.19,297.5,422.02,424.05,427.11,435.23,415.29,400.56,393.59
TDG,TransDigm Group,Industrials,Aerospace & Defense,1398.88,1623.83,1183.6,1399.06,1398.7,1413.99,1494.59,1448.26,1429.09,1380.71
TRV,Travelers Companies (The),Financials,Property & Casualty Insurance,271.51,279.04,218.53,271.45,271.66,268.71,263.87,263.7,262.3,256.16
TRMB,Trimble Inc.,Information Technology,Electronic Equipment & Instruments,80.82,87.5,52.91,81.62,81.51,82.45,80.85,73.84,72.5,72.69
TFC,Truist Financial,Financials,Diversified Banks,46.82,47.29,32.72,46.5,45.54,44.5,43.98,41.09,40.79,42.15
TYL,Tyler Technologies,Information Technology,Application Software,562.88,661.31,513.52,556.42,561.6,575.38,572.78,568.72,570.2,583.42
TSN,Tyson Foods,Consumer Staples,Packaged Foods & Meats,56.78,65.23,51.85,57.0,56.9,56.55,55.35,56.19,57.06,57.55
USB,U.S. Bancorp,Financials,Diversified Banks,48.83,52.21,34.8,48.6,47.62,46.41,46.1,43.78,43.3,44.99
UBER,Uber,Industrials,Passenger Ground Transportation,93.75,97.71,59.33,95.35,95.08,92.86,92.0,87.27,84.38,78.63
UDR,"UDR, Inc.",Real Estate,Multi-Family Residential REITs,39.57,45.63,35.84,39.05,38.88,38.55,39.63,40.27,40.79,41.29
ULTA,Ulta Beauty,Consumer Discretionary,Other Specialty Retail,492.73,538.59,309.01,521.52,520.74,517.39,498.92,455.05,435.01,420.76
UNP,Union Pacific Corporation,Industrials,Rail Transportation,223.57,253.9,203.43,222.59,223.56,222.75,226.75,223.37,225.54,229.31
UAL,United Airlines Holdings,Industrials,Passenger Airlines,105.0,116.0,40.96,104.15,102.53,97.69,90.21,82.18,80.56,87.78
UPS,United Parcel Service,Industrials,Air Freight & Logistics,87.44,136.36,82.72,87.55,87.4,86.4,93.13,94.08,97.11,105.51
URI,United Rentals,Industrials,Trading Companies & Distributors,956.34,960.0,523.58,948.82,929.57,907.18,843.68,754.04,726.41,737.01
UNH,UnitedHealth Group,Health Care,Managed Health Care,309.87,621.24,234.6,304.27,304.47,281.96,288.1,332.03,365.84,427.52
UHS,Universal Health Services,Health Care,Health Care Facilities,181.58,242.48,152.33,182.11,182.49,177.09,174.71,177.71,177.74,181.64
VLO,Valero Energy,Energy,Oil & Gas Refining & Marketing,152.01,153.86,97.37,149.6,144.89,139.7,140.87,131.42,130.2,130.21
VTR,Ventas,Real Estate,Health Care REITs,68.08,70.82,55.85,67.76,68.01,68.16,66.06,65.46,65.76,63.84
VLTO,Veralto,Industrials,Environmental & Facilities Services,106.19,114.62,83.77,106.86,107.56,107.63,104.38,100.3,99.61,100.65
VRSN,Verisign,Information Technology,Internet Services & Infrastructure,273.37,309.71,174.64,270.82,270.34,269.3,277.82,273.98,267.61,244.3
VRSK,Verisk Analytics,Industrials,Research & Consulting Services,268.12,322.46,259.01,267.48,268.79,267.12,286.95,295.04,294.4,290.65
VZ,Verizon,Communication Services,Integrated Telecommunication Services,44.23,45.87,36.41,44.12,44.45,43.82,42.81,42.72,42.72,41.46
VRTX,Vertex Pharmaceuticals,Health Care,Biotechnology,391.02,519.88,362.5,389.65,391.58,391.61,433.17,447.18,456.93,454.53
VTRS,Viatris,Health Care,Pharmaceuticals,10.55,13.04,6.68,10.47,10.52,10.08,9.43,8.84,8.82,9.81
VICI,Vici Properties,Real Estate,Hotel & Resort REITs,33.78,34.01,27.24,33.6,33.2,33.11,33.01,32.19,32.02,31.11
V,Visa Inc.,Financials,Transaction & Payment Processing Services,351.78,374.85,265.8,350.4,347.48,343.23,347.48,348.54,346.43,338.16
VST,Vistra Corp.,Utilities,Electric Utilities,189.11,216.85,72.39,193.12,193.17,198.93,195.36,170.52,160.51,158.55
VMC,Vulcan Materials Company,Materials,Construction Materials,291.16,296.62,214.34,290.99,290.46,288.68,275.05,266.7,259.92,263.3
WRB,W. R. Berkley Corporation,Financials,Property & Casualty Insurance,71.69,75.77,54.76,71.36,71.61,71.08,70.48,70.88,69.57,65.85
GWW,W. W. Grainger,Industrials,Industrial Machinery & Supplies & Components,1013.5,1219.65,889.92,1014.09,1005.95,980.11,1012.56,1028.11,1017.64,1047.5
WAB,Wabtec,Industrials,Construction Machinery & Heavy Transportation Equipment,193.5,215.82,151.42,194.53,193.51,191.8,200.39,196.21,192.86,194.24
WBA,Walgreens Boots Alliance,Consumer Staples,Drug Retail,11.98,13.25,7.98,11.98,12.03,11.93,11.67,11.39,11.33,10.81
WMT,Walmart,Consumer Staples,Consumer Staples Merchandise Retail,96.98,104.51,74.94,96.26,98.06,99.85,97.9,96.73,94.78,94.25
DIS,Walt Disney Company (The),Communication Services,Movies & Entertainment,118.38,124.69,79.76,117.89,117.44,116.36,119.02,110.79,108.33,109.36
WBD,Warner Bros. Discovery,Communication Services,Broadcasting,11.64,13.87,6.78,11.94,11.83,11.85,11.98,10.54,10.51,10.47
WM,Waste Management,Industrials,Environmental & Facilities Services,226.39,241.74,198.19,225.22,226.54,228.93,228.58,230.15,229.45,224.4
WAT,Waters Corporation,Health Care,Life Sciences Tools & Services,301.8,423.56,275.05,297.83,296.57,290.8,309.63,326.44,334.73,353.74
WEC,WEC Energy Group,Utilities,Electric Utilities,106.51,110.99,88.81,106.92,107.54,108.24,106.5,105.93,105.68,102.18
WFC,Wells Fargo,Financials,Diversified Banks,82.18,84.33,49.13,81.67,79.84,78.81,79.84,75.52,74.35,74.17
WELL,Welltower,Real Estate,Health Care REITs,168.28,170.34,117.74,166.83,165.75,165.94,160.17,154.1,152.86,145.74
WST,West Pharmaceutical Services,Health Care,Health Care Supplies,246.95,351.24,187.09,246.02,245.7,243.6,234.6,223.73,223.93,256.36
WDC,Western Digital,Information Technology,"Technology Hardware, Storage & Peripherals",80.34,82.32,28.78,80.4,78.14,76.78,70.73,58.72,55.26,53.18
WY,Weyerhaeuser,Real Estate,Timber REITs,25.87,33.31,23.91,26.12,26.12,25.93,25.93,25.9,26.54,27.65
WSM,"Williams-Sonoma, Inc.",Consumer Discretionary,Homefurnishing Retail,188.19,218.08,123.89,192.86,196.86,199.92,183.3,169.91,169.14,176.11
WMB,Williams Companies,Energy,Oil & Gas Storage & Transportation,57.88,63.45,42.4,57.47,57.25,57.73,58.62,58.47,58.23,57.15
WTW,Willis Towers Watson,Financials,Insurance Brokers,326.79,342.16,280.03,330.83,333.13,330.47,315.98,312.46,315.75,316.26
WDAY,"Workday, Inc.",Information Technology,Application Software,230.82,294.0,205.33,227.06,227.33,224.74,231.0,238.6,239.55,248.17
WYNN,Wynn Resorts,Consumer Discretionary,Casinos & Gaming,126.75,128.53,64.93,122.83,117.18,112.94,107.86,96.22,93.63,91.23
XEL,Xcel Energy,Utilities,Multi-Utilities,72.39,74.57,58.6,72.63,72.92,72.97,71.0,70.01,69.72,68.68
XYL,Xylem Inc.,Industrials,Industrial Machinery & Supplies & Components,141.56,144.93,99.87,143.0,142.16,142.37,135.52,128.05,126.49,124.97
YUM,Yum! Brands,Consumer Discretionary,Restaurants,146.97,162.5,120.96,146.34,147.83,145.65,146.54,145.7,147.74,143.08
ZBRA,Zebra Technologies,Information Technology,Electronic Equipment & Instruments,317.09,427.76,205.73,320.13,316.62,318.81,320.64,294.91,291.87,325.85
ZBH,Zimmer Biomet,Health Care,Health Care Equipment,106.1,115.64,88.99,106.56,105.75,102.04,97.02,96.42,98.97,101.81
ZTS,Zoetis,Health Care,Pharmaceuticals,156.4,197.92,138.77,155.31,155.35,152.6,153.26,155.8,157.06,161.34
