Symbol,Company,GICS_Sector,GICS_Sub_Industry,Current_Price,52_Week_High,52_Week_Low,SMA_5,SMA_10,SMA_20,SMA_50,SMA_100,SMA_125,SMA_200
MMM,3M,Industrials,Industrial Conglomerates,151.1,163.4,120.83,152.81,154.86,154.85,154.63,151.88,149.45,146.91
AOS,A. O. Smith,Industrials,Building Products,67.68,85.71,58.25,69.53,71.35,71.97,72.01,69.42,68.83,67.88
ABT,Abbott Laboratories,Health Care,Health Care Equipment,131.38,139.95,109.7,132.91,133.33,133.86,132.52,131.94,131.72,129.27
ABBV,AbbVie,Health Care,Biotechnology,230.3,244.81,159.42,231.11,233.21,227.06,215.24,201.13,197.51,194.19
ACN,Accenture,Information Technology,IT Consulting & Other Services,243.56,394.41,229.4,248.15,246.89,242.96,247.13,272.32,278.1,302.02
ADBE,Adobe Inc.,Information Technology,Application Software,339.32,557.9,330.04,344.28,346.62,353.37,351.32,369.23,371.04,389.64
AMD,Advanced Micro Devices,Information Technology,Semiconductors,216.42,240.1,76.48,222.26,197.52,178.69,171.41,154.58,143.77,130.91
AES,AES Corporation,Utilities,Independent Power Producers & Energy Traders,14.44,17.29,9.28,14.44,14.39,13.71,13.34,12.39,12.02,11.7
AFL,Aflac,Financials,Life & Health Insurance,110.26,113.9,96.14,111.44,111.56,110.28,107.51,104.76,104.91,104.75
A,Agilent Technologies,Health Care,Life Sciences Tools & Services,138.23,152.88,96.03,138.87,138.32,131.71,125.06,120.68,118.05,122.6
APD,Air Products,Materials,Industrial Gases,260.86,334.71,240.55,264.02,267.28,272.6,282.6,282.11,278.97,285.67
ABNB,Airbnb,Consumer Discretionary,"Hotels, Resorts & Cruise Lines",118.86,163.93,99.88,119.41,120.28,122.03,124.11,129.49,128.6,129.6
AKAM,Akamai Technologies,Information Technology,Internet Services & Infrastructure,73.8,106.8,67.51,75.17,76.15,76.14,76.12,77.21,77.48,81.51
ALB,Albemarle Corporation,Materials,Specialty Chemicals,96.34,111.49,48.84,92.98,89.83,86.2,81.37,73.32,70.08,72.97
ARE,Alexandria Real Estate Equities,Real Estate,Office REITs,73.87,115.77,65.12,75.11,78.98,81.61,79.62,76.2,75.34,81.38
ALGN,Align Technology,Health Care,Health Care Supplies,129.54,246.19,122.0,130.15,129.59,129.34,135.36,160.88,164.52,174.91
ALLE,Allegion,Industrials,Building Products,173.69,180.34,116.14,175.55,176.42,176.48,172.18,159.38,154.87,144.86
LNT,Alliant Energy,Utilities,Electric Utilities,67.66,68.52,54.71,67.72,67.43,66.12,65.59,63.61,62.99,61.86
ALL,Allstate,Financials,Property & Casualty Insurance,205.64,215.7,173.88,208.89,209.94,208.11,205.75,201.63,200.8,197.54
GOOGL,Alphabet Inc. (Class A),Communication Services,Interactive Media & Services,244.15,256.0,140.23,242.53,244.21,246.86,226.85,202.38,193.61,187.69
GOOG,Alphabet Inc. (Class C),Communication Services,Interactive Media & Services,244.64,256.7,142.36,243.39,245.04,247.52,227.5,203.23,194.64,189.01
MO,Altria,Consumer Staples,Tobacco,64.95,67.51,45.54,65.86,65.85,65.4,65.07,61.59,60.62,57.47
AMZN,Amazon,Consumer Discretionary,Broadline Retail,220.07,242.52,161.38,222.24,221.42,223.56,225.76,221.68,215.42,214.45
AMCR,Amcor,Materials,Paper & Plastic Packaging Products & Materials,7.98,11.02,7.81,7.93,8.05,8.11,8.5,8.92,8.98,9.19
AEE,Ameren,Utilities,Multi-Utilities,103.56,105.67,82.82,103.71,103.79,102.02,101.01,98.49,98.13,96.67
AEP,American Electric Power,Utilities,Electric Utilities,116.8,119.06,87.57,117.42,115.55,111.71,111.48,107.63,106.9,103.98
AXP,American Express,Financials,Consumer Finance,323.12,348.31,219.32,322.63,326.24,332.34,321.16,312.49,304.81,298.34
AIG,American International Group,Financials,Multi-line Insurance,81.82,87.1,68.15,82.87,81.62,79.42,79.52,80.9,80.99,79.45
AMT,American Tower,Real Estate,Telecom Tower REITs,183.2,232.28,168.28,185.55,188.04,190.23,196.99,206.5,207.8,202.25
AWK,American Water Works,Utilities,Water Utilities,139.63,153.69,116.64,141.44,139.47,137.73,140.72,140.64,141.18,137.46
AMP,Ameriprise Financial,Financials,Asset Management & Custody Banks,481.81,576.69,393.57,488.12,489.49,490.97,499.89,510.06,504.87,507.74
AME,Ametek,Industrials,Electrical Components & Equipment,182.24,197.03,144.53,181.89,183.78,185.34,185.39,182.17,179.58,179.03
AMGN,Amgen,Health Care,Biotechnology,292.4,330.26,247.06,293.62,293.82,285.87,286.21,287.52,284.66,285.54
APH,Amphenol,Information Technology,Electronic Components,123.91,127.5,56.27,124.44,123.98,123.07,115.96,106.17,100.41,88.05
ADI,Analog Devices,Information Technology,Semiconductors,234.67,257.11,157.31,233.91,238.07,242.41,240.96,235.29,228.02,220.93
AON,Aon plc,Financials,Insurance Brokers,353.36,411.24,322.37,361.25,361.32,357.72,364.18,360.8,360.13,367.39
APA,APA Corporation,Energy,Oil & Gas Exploration & Production,22.82,25.88,13.18,23.62,24.1,24.12,22.48,20.56,19.69,20.03
APO,Apollo Global Management,Financials,Asset Management & Custody Banks,122.44,187.59,101.84,123.01,125.81,133.17,135.79,137.77,136.92,141.67
AAPL,Apple Inc.,Information Technology,"Technology Hardware, Storage & Peripherals",247.66,259.24,168.8,252.3,254.34,251.68,237.9,221.47,218.09,221.85
AMAT,Applied Materials,Information Technology,Semiconductor Materials & Equipment,219.48,226.49,123.04,215.76,216.63,205.46,183.64,181.13,175.59,170.88
APTV,Aptiv,Consumer Discretionary,Automotive Parts & Equipment,81.7,88.8,47.19,82.97,85.11,85.02,79.64,74.17,71.2,67.68
ACGL,Arch Capital Group,Financials,Property & Casualty Insurance,92.25,110.69,82.49,92.83,91.64,90.26,90.64,90.54,90.96,91.42
ADM,Archer Daniels Midland,Consumer Staples,Agricultural Products & Services,61.64,64.38,40.22,61.78,61.05,61.02,60.64,56.21,54.47,51.65
ANET,Arista Networks,Information Technology,Communications Equipment,147.45,162.68,59.43,152.49,149.69,146.96,141.09,121.19,113.84,108.02
AJG,Arthur J. Gallagher & Co.,Financials,Insurance Brokers,298.0,349.78,273.89,303.75,306.26,303.25,298.75,308.36,312.74,313.25
AIZ,Assurant,Financials,Multi-line Insurance,217.42,227.13,173.64,217.76,218.29,215.07,212.09,202.56,200.77,202.46
T,AT&T,Communication Services,Integrated Telecommunication Services,25.59,29.47,20.15,25.83,26.34,27.41,28.08,27.69,27.51,26.37
ATO,Atmos Energy,Utilities,Gas Utilities,175.54,177.83,133.63,175.52,173.01,169.13,166.24,159.92,159.32,153.63
ADSK,Autodesk,Information Technology,Application Software,307.97,329.09,232.67,309.48,314.4,318.27,308.1,303.92,298.89,292.38
ADP,Automatic Data Processing,Industrials,Human Resource & Employment Services,284.35,326.59,269.86,287.81,289.59,290.19,295.99,302.37,301.85,299.72
AZO,AutoZone,Consumer Discretionary,Automotive Retail,4097.97,4388.11,2980.1,4050.85,4143.57,4159.56,4148.33,3934.55,3886.53,3728.04
AVB,AvalonBay Communities,Real Estate,Multi-Family Residential REITs,184.68,231.37,177.24,185.8,188.19,189.8,189.53,194.74,196.34,201.33
AVY,Avery Dennison,Materials,Paper & Plastic Packaging Products & Materials,157.49,217.77,155.31,160.06,161.38,162.15,167.16,172.01,172.09,175.05
AXON,Axon Enterprise,Industrials,Aerospace & Defense,710.0,885.92,422.38,717.82,717.57,730.39,754.83,758.68,734.49,676.95
BKR,Baker Hughes,Energy,Oil & Gas Equipment & Services,45.49,50.93,33.21,46.97,47.79,48.19,45.93,42.67,41.49,42.06
BALL,Ball Corporation,Materials,"Metal, Glass & Plastic Containers",47.04,66.86,43.18,47.83,49.04,49.03,51.06,53.59,53.02,52.51
BAC,Bank of America,Financials,Diversified Banks,48.86,52.88,32.69,49.49,50.12,50.97,49.45,47.63,46.21,44.96
BAX,Baxter International,Health Care,Health Care Equipment,22.11,37.27,21.18,22.44,22.86,22.83,23.45,26.37,27.08,28.78
BDX,Becton Dickinson,Health Care,Health Care Equipment,186.66,248.0,161.47,189.75,190.41,188.08,189.45,181.6,181.85,198.23
BBY,Best Buy,Consumer Discretionary,Computer & Electronics Retail,77.45,94.94,53.55,75.06,75.73,74.77,73.16,70.63,69.69,72.55
TECH,Bio-Techne,Health Care,Life Sciences Tools & Services,59.65,80.37,45.87,59.59,60.05,56.08,54.55,53.1,52.4,57.46
BIIB,Biogen,Health Care,Biotechnology,144.69,194.13,110.04,148.81,150.75,145.58,140.46,135.08,132.2,135.37
BLK,BlackRock,Financials,Asset Management & Custody Banks,1155.12,1184.13,766.05,1157.23,1159.36,1149.97,1132.89,1082.73,1049.45,1014.93
BX,Blackstone Inc.,Financials,Asset Management & Custody Banks,158.16,196.67,114.16,159.99,164.08,173.01,172.25,161.75,156.52,156.45
XYZ,"Block, Inc.",Financials,Transaction & Payment Processing Services,75.02,99.26,44.27,78.13,76.79,76.35,76.13,71.92,68.47,70.08
BK,BNY Mellon,Financials,Asset Management & Custody Banks,106.3,110.87,69.65,106.12,106.58,107.51,105.11,98.86,95.48,90.33
BA,Boeing,Industrials,Aerospace & Defense,215.56,242.69,128.88,217.89,217.39,216.51,223.9,219.49,212.51,196.89
BKNG,Booking Holdings,Consumer Discretionary,"Hotels, Resorts & Cruise Lines",5253.85,5829.37,4082.14,5196.79,5299.62,5399.13,5481.21,5515.58,5409.56,5156.91
BSX,Boston Scientific,Health Care,Health Care Equipment,94.95,109.5,80.64,96.07,96.4,97.19,101.79,102.75,102.55,101.31
BMY,Bristol Myers Squibb,Health Care,Pharmaceuticals,43.54,61.0,42.38,44.28,44.84,44.56,45.66,46.08,46.25,49.76
AVGO,Broadcom,Information Technology,Semiconductors,356.7,373.59,137.54,341.65,338.36,339.66,323.45,294.03,275.27,249.35
BR,Broadridge Financial Solutions,Industrials,Data Processing & Outsourced Services,232.67,270.85,205.06,234.63,234.95,237.46,249.05,244.6,242.65,238.63
BRO,Brown & Brown,Financials,Insurance Brokers,94.48,125.31,89.99,95.49,94.68,93.55,94.25,100.42,102.83,106.16
BLDR,Builders FirstSource,Industrials,Building Products,120.71,201.53,102.6,125.48,125.88,124.75,133.01,126.6,124.51,131.2
BG,Bunge Global,Consumer Staples,Agricultural Products & Services,80.98,93.96,65.6,81.9,82.43,81.29,82.05,79.79,79.43,77.18
BXP,"BXP, Inc.",Real Estate,Office REITs,70.1,85.58,52.95,71.57,73.43,74.48,71.18,69.76,68.53,67.89
CHRW,C.H. Robinson,Industrials,Air Freight & Logistics,124.39,138.0,83.72,129.29,131.6,132.85,127.38,112.17,107.98,104.49
CDNS,Cadence Design Systems,Information Technology,Application Software,332.23,376.45,221.56,340.68,345.45,351.77,351.31,332.47,325.11,306.79
CZR,Caesars Entertainment,Consumer Discretionary,Casinos & Gaming,22.03,45.93,21.4,22.98,24.84,25.54,25.57,26.95,27.13,28.79
CPT,Camden Property Trust,Real Estate,Multi-Family Residential REITs,101.81,123.08,100.41,102.37,103.58,104.86,106.34,109.65,110.45,111.69
CPB,Campbell's Company (The),Consumer Staples,Packaged Foods & Meats,29.8,47.0,29.03,30.34,30.93,31.73,32.07,31.92,32.58,34.6
COF,Capital One,Financials,Consumer Finance,207.61,231.82,142.38,209.29,211.45,218.28,218.53,212.01,206.22,197.77
CAH,Cardinal Health,Health Care,Health Care Distributors,154.31,167.89,105.46,156.56,156.53,153.55,151.79,155.15,152.77,142.82
KMX,CarMax,Consumer Discretionary,Automotive Retail,43.69,91.25,42.75,44.04,45.04,49.84,55.29,59.99,61.23,68.12
CCL,Carnival,Consumer Discretionary,"Hotels, Resorts & Cruise Lines",28.09,32.8,15.07,28.37,28.56,29.61,30.23,28.38,26.7,25.35
CARR,Carrier Global,Industrials,Building Products,56.87,82.31,53.89,58.12,58.81,59.35,62.87,68.0,67.75,66.84
CAT,Caterpillar Inc.,Industrials,Construction Machinery & Heavy Transportation Equipment,504.76,511.5,265.05,497.05,492.7,478.3,444.92,413.99,394.84,376.52
CBOE,Cboe Global Markets,Financials,Financial Exchanges & Data,243.49,255.27,186.22,242.23,241.58,240.39,241.54,236.7,233.41,223.43
CBRE,CBRE Group,Real Estate,Real Estate Services,152.93,167.56,108.45,152.03,153.96,157.63,159.28,148.04,143.3,139.66
CDW,CDW Corporation,Information Technology,Technology Distributors,147.51,222.24,136.33,151.3,155.08,159.06,162.82,170.14,169.62,171.92
COR,Cencora,Health Care,Health Care Distributors,317.0,319.87,218.99,313.69,310.94,304.14,297.38,294.82,293.11,277.73
CNC,Centene Corporation,Health Care,Managed Health Care,36.36,73.5,25.08,37.36,37.14,35.19,31.28,37.65,42.25,49.17
CNP,CenterPoint Energy,Utilities,Multi-Utilities,39.19,40.5,27.87,39.31,39.01,38.71,38.3,37.45,37.43,35.88
CF,CF Industries,Materials,Fertilizers & Agricultural Chemicals,88.21,103.84,66.56,89.36,89.49,88.5,86.85,90.06,88.01,85.53
CRL,Charles River Laboratories,Health Care,Life Sciences Tools & Services,170.64,230.02,91.86,170.68,170.8,160.97,159.38,156.13,149.66,154.85
SCHW,Charles Schwab Corporation,Financials,Investment Banking & Brokerage,93.49,99.42,65.41,93.45,93.58,93.72,94.91,92.91,90.71,85.6
CHTR,Charter Communications,Communication Services,Cable & Satellite,258.73,437.06,251.8,266.81,271.66,269.36,266.47,324.84,336.36,343.57
CVX,Chevron Corporation,Energy,Integrated Oil & Gas,151.94,165.09,129.01,152.23,153.19,155.81,155.55,150.14,147.12,148.23
CMG,Chipotle Mexican Grill,Consumer Discretionary,Restaurants,40.9,66.74,38.3,40.71,40.54,40.11,41.17,46.5,47.26,49.85
CB,Chubb Limited,Financials,Property & Casualty Insurance,282.53,305.88,250.52,285.24,284.16,279.99,276.83,279.55,280.81,279.58
CHD,Church & Dwight,Consumer Staples,Household Products,86.52,115.72,85.08,88.15,88.15,88.34,91.19,94.04,94.57,98.83
CI,Cigna,Health Care,Health Care Services,295.41,352.15,255.6,303.23,300.7,295.45,293.89,300.55,305.44,303.1
CINF,Cincinnati Financial,Financials,Property & Casualty Insurance,157.88,166.9,121.6,161.95,161.67,158.22,154.62,150.72,148.52,144.59
CTAS,Cintas,Industrials,Diversified Support Services,187.94,228.77,179.74,193.13,197.91,199.57,207.81,214.43,213.82,207.74
CSCO,Cisco,Information Technology,Communications Equipment,67.46,72.11,51.49,68.94,68.58,67.93,67.86,66.96,65.22,63.16
C,Citigroup,Financials,Diversified Banks,96.1,105.59,54.71,96.09,97.38,99.91,97.01,90.21,86.0,81.09
CFG,Citizens Financial Group,Financials,Regional Banks,50.25,55.24,31.96,51.3,52.32,52.63,51.01,47.52,45.6,44.44
CLX,Clorox,Consumer Staples,Household Products,120.37,166.9,116.17,120.12,121.07,122.01,122.06,123.6,126.1,134.64
CME,CME Group,Financials,Financial Exchanges & Data,271.28,288.09,204.81,268.02,266.83,265.57,268.33,271.59,271.22,261.16
CMS,CMS Energy,Utilities,Multi-Utilities,73.55,75.33,62.54,73.57,73.09,72.04,72.21,71.09,71.16,70.26
KO,Coca-Cola Company (The),Consumer Staples,Soft Drinks & Non-alcoholic Beverages,66.8,73.29,59.3,66.62,66.51,66.42,67.71,68.7,69.09,67.82
CTSH,Cognizant,Information Technology,IT Consulting & Other Services,66.34,89.77,64.98,67.42,67.32,67.72,69.42,73.56,73.9,75.84
COIN,Coinbase,Financials,Financial Exchanges & Data,356.99,444.65,142.58,372.81,368.59,347.35,326.11,325.68,302.78,276.97
CL,Colgate-Palmolive,Consumer Staples,Household Products,76.98,100.36,76.68,77.97,78.26,79.46,82.44,85.84,86.9,87.66
CMCSA,Comcast,Communication Services,Cable & Satellite,29.41,43.66,29.39,30.06,30.47,30.95,32.11,33.18,33.28,33.92
CAG,Conagra Brands,Consumer Staples,Packaged Foods & Meats,18.19,28.75,17.89,18.58,18.75,18.6,18.94,19.71,20.45,22.17
COP,ConocoPhillips,Energy,Oil & Gas Exploration & Production,88.78,112.56,78.56,91.47,92.98,93.79,94.25,92.58,91.8,93.52
ED,Consolidated Edison,Utilities,Multi-Utilities,100.86,112.97,85.07,100.98,99.94,98.78,99.67,100.28,101.65,99.88
STZ,Constellation Brands,Consumer Staples,Distillers & Vintners,141.44,242.37,131.2,141.73,140.37,136.88,150.36,160.17,165.43,171.56
CEG,Constellation Energy,Utilities,Electric Utilities,380.91,392.18,160.94,372.36,362.33,346.79,331.05,321.66,306.69,287.3
COO,Cooper Companies (The),Health Care,Health Care Supplies,69.3,109.37,61.78,69.34,69.3,68.19,69.47,71.05,73.09,78.71
CPRT,Copart,Industrials,Diversified Support Services,44.07,64.38,43.71,44.23,44.53,45.01,46.71,47.84,50.52,52.78
GLW,Corning Inc.,Information Technology,Electronic Components,85.5,87.78,36.95,85.56,84.44,81.9,73.46,62.9,59.2,54.87
CPAY,Corpay,Financials,Transaction & Payment Processing Services,282.51,400.81,269.02,286.95,287.32,293.81,307.27,318.94,320.67,332.97
CTVA,Corteva,Materials,Fertilizers & Agricultural Chemicals,62.67,77.22,53.14,63.19,63.62,66.5,70.09,71.38,69.79,66.41
CSGP,CoStar Group,Real Estate,Real Estate Services,75.18,97.43,68.26,77.58,80.56,83.25,87.29,84.9,83.51,80.67
COST,Costco,Consumer Staples,Consumer Staples Merchandise Retail,935.56,1075.34,864.06,927.61,922.41,932.55,951.89,967.7,973.27,970.59
CTRA,Coterra,Energy,Oil & Gas Exploration & Production,23.17,29.29,21.84,23.66,23.62,23.7,23.85,24.35,24.35,25.28
CRWD,CrowdStrike,Information Technology,Systems Software,508.61,517.98,294.68,501.19,497.89,488.56,451.74,464.48,455.36,425.58
CCI,Crown Castle,Real Estate,Telecom Tower REITs,96.1,114.47,81.02,96.37,95.9,95.09,97.51,99.4,99.64,96.39
CSX,CSX Corporation,Industrials,Rail Transportation,35.57,37.1,26.01,35.81,35.74,34.69,34.29,33.6,32.61,32.0
CMI,Cummins,Industrials,Construction Machinery & Heavy Transportation Equipment,409.0,440.51,257.24,423.86,427.06,423.32,406.79,369.64,355.82,349.67
CVS,CVS Health,Health Care,Health Care Services,78.44,79.68,42.12,77.43,77.12,76.1,72.39,68.07,67.37,64.03
DHR,Danaher Corporation,Health Care,Life Sciences Tools & Services,205.14,277.73,170.43,205.16,207.4,198.09,200.35,198.44,197.47,203.78
DRI,Darden Restaurants,Consumer Discretionary,Restaurants,185.01,224.86,150.62,185.56,188.27,189.5,199.32,204.95,203.77,198.15
DDOG,Datadog,Information Technology,Application Software,164.2,170.08,81.63,161.13,156.15,146.96,138.61,135.4,129.29,126.98
DVA,DaVita,Health Care,Health Care Services,123.91,179.6,122.94,126.64,129.03,129.91,132.97,136.73,137.73,144.6
DAY,Dayforce,Industrials,Human Resource & Employment Services,68.38,82.69,48.01,68.52,68.74,68.78,65.6,61.64,60.78,61.9
DECK,Deckers Brands,Consumer Discretionary,Footwear,98.31,223.98,93.72,98.36,100.32,106.06,109.24,107.53,109.27,127.36
DE,Deere & Company,Industrials,Agricultural & Farm Machinery,439.11,530.24,381.67,452.79,455.49,461.4,477.01,493.24,489.92,478.0
DELL,Dell Technologies,Information Technology,"Technology Hardware, Storage & Peripherals",153.4,166.1,65.56,155.06,150.06,141.02,134.61,127.49,121.23,114.06
DAL,Delta Air Lines,Industrials,Passenger Airlines,58.72,69.36,34.52,57.9,57.5,57.89,58.57,54.81,52.82,54.16
DVN,Devon Energy,Energy,Oil & Gas Exploration & Production,33.21,42.12,25.53,34.0,34.42,34.76,34.33,33.43,32.96,33.34
DXCM,Dexcom,Health Care,Health Care Equipment,65.2,93.25,57.52,66.44,66.54,68.44,74.22,79.45,79.0,79.08
FANG,Diamondback Energy,Energy,Oil & Gas Exploration & Production,142.11,192.59,112.4,144.82,145.05,143.65,142.21,141.87,140.46,145.79
DLR,Digital Realty,Real Estate,Data Center REITs,171.56,192.35,128.14,172.92,173.6,172.91,169.19,170.82,168.39,164.42
DG,Dollar General,Consumer Staples,Consumer Staples Merchandise Retail,101.87,117.24,65.27,98.86,99.4,101.26,106.73,107.69,104.5,93.88
DLTR,Dollar Tree,Consumer Staples,Consumer Staples Merchandise Retail,92.59,118.06,60.49,88.42,89.47,92.49,102.56,102.06,98.24,88.33
D,Dominion Energy,Utilities,Multi-Utilities,61.34,62.37,46.96,60.8,61.02,60.58,60.16,58.07,57.08,55.57
DPZ,Domino's,Consumer Discretionary,Restaurants,408.26,495.24,392.06,408.98,418.56,424.6,440.4,451.33,456.84,452.89
DASH,DoorDash,Consumer Discretionary,Specialized Consumer Services,273.52,285.08,141.76,274.56,273.55,268.87,258.98,244.3,233.46,215.42
DOV,Dover Corporation,Industrials,Industrial Machinery & Supplies & Components,161.16,220.46,142.22,162.85,164.74,167.12,173.19,177.61,176.53,180.34
DOW,Dow Inc.,Materials,Commodity Chemicals,21.42,50.35,20.11,21.85,22.62,23.0,23.2,25.36,25.97,29.55
DHI,D. R. Horton,Consumer Discretionary,Homebuilding,152.59,193.34,109.8,155.08,163.52,165.74,166.74,148.3,143.31,139.07
DTE,DTE Energy,Utilities,Multi-Utilities,140.07,143.79,111.81,140.92,140.72,138.89,137.83,135.51,135.1,131.33
DUK,Duke Energy,Utilities,Electric Utilities,126.09,127.27,102.41,125.72,124.42,123.18,122.95,119.64,119.23,116.45
DD,DuPont,Materials,Specialty Chemicals,75.95,85.99,53.17,76.95,78.24,77.59,75.84,73.16,71.51,72.67
EMN,Eastman Chemical Company,Materials,Specialty Chemicals,60.06,107.33,56.08,60.8,62.11,63.19,64.48,70.56,71.79,78.44
ETN,Eaton Corporation,Industrials,Electrical Components & Equipment,375.37,398.4,230.37,373.86,374.76,372.22,361.83,355.31,343.8,329.07
EBAY,eBay Inc.,Consumer Discretionary,Broadline Retail,89.36,100.83,55.44,90.63,90.4,90.7,92.92,84.93,81.57,75.49
ECL,Ecolab,Materials,Specialty Chemicals,270.22,285.35,220.55,275.04,274.91,270.99,273.49,269.54,265.03,258.55
EIX,Edison International,Utilities,Electric Utilities,53.65,83.74,46.27,53.2,53.8,54.03,54.28,52.56,53.05,54.2
EW,Edwards Lifesciences,Health Care,Health Care Equipment,72.95,83.0,64.89,74.91,75.89,75.49,77.91,77.42,76.85,74.88
EA,Electronic Arts,Communication Services,Interactive Home Entertainment,200.29,203.75,114.77,200.08,200.59,188.82,177.65,164.36,161.14,151.77
ELV,Elevance Health,Health Care,Managed Health Care,351.42,501.08,272.22,356.52,347.91,332.5,314.89,331.84,347.1,366.52
EMR,Emerson Electric,Industrials,Electrical Components & Equipment,128.18,149.68,89.31,130.03,131.51,131.18,132.49,132.51,127.65,123.7
ENPH,Enphase Energy,Information Technology,Semiconductor Materials & Equipment,34.82,103.99,29.89,35.62,36.22,37.11,36.28,38.11,40.1,48.61
ETR,Entergy,Utilities,Electric Utilities,95.72,98.58,62.53,95.85,95.23,92.65,90.52,86.77,85.89,83.88
EOG,EOG Resources,Energy,Oil & Gas Exploration & Production,109.72,135.49,100.76,110.13,110.57,113.82,117.16,117.41,116.09,119.0
EPAM,EPAM Systems,Information Technology,IT Consulting & Other Services,146.7,269.0,138.15,148.11,150.3,152.32,158.85,165.62,165.55,183.23
EQT,EQT Corporation,Energy,Oil & Gas Exploration & Production,53.66,60.83,34.99,55.05,55.48,53.49,52.29,54.08,53.7,52.37
EFX,Equifax,Industrials,Research & Consulting Services,225.46,292.84,199.2,233.34,238.34,247.91,246.96,252.58,253.49,250.99
EQIX,Equinix,Real Estate,Data Center REITs,806.29,977.63,693.42,801.18,790.43,789.25,782.06,804.62,810.82,834.44
EQR,Equity Residential,Real Estate,Multi-Family Residential REITs,62.01,75.25,58.19,62.09,62.83,63.56,63.8,65.27,65.88,66.69
ERIE,Erie Indemnity,Financials,Insurance Brokers,319.47,531.01,305.49,322.27,318.61,317.3,336.54,343.63,349.16,369.63
ESS,Essex Property Trust,Real Estate,Multi-Family Residential REITs,257.58,307.81,239.32,259.34,262.06,262.97,260.83,269.73,270.93,275.11
EL,Estée Lauder Companies (The),Consumer Staples,Personal Care Products,92.74,96.5,47.94,92.56,90.26,88.76,89.27,84.1,79.15,75.58
EG,Everest Group,Financials,Reinsurance,351.02,395.49,318.14,354.87,354.76,347.0,341.84,339.85,341.25,344.43
EVRG,Evergy,Utilities,Electric Utilities,77.49,78.56,56.68,77.43,76.96,74.91,73.04,70.21,69.44,67.28
ES,Eversource Energy,Utilities,Electric Utilities,70.97,74.46,51.06,72.41,72.18,69.57,66.33,65.19,63.94,61.53
EXC,Exelon,Utilities,Electric Utilities,46.85,47.35,34.98,46.8,46.01,44.83,44.43,43.69,43.94,42.87
EXE,Expand Energy,Energy,Oil & Gas Exploration & Production,102.68,121.47,80.07,105.62,106.66,104.01,99.26,104.52,104.84,103.49
EXPE,Expedia Group,Consumer Discretionary,"Hotels, Resorts & Cruise Lines",215.64,240.98,129.46,214.27,216.38,218.97,212.3,192.99,186.4,183.05
EXPD,Expeditors International,Industrials,Air Freight & Logistics,113.97,128.27,99.78,117.27,120.07,121.1,120.66,117.44,115.95,115.05
EXR,Extra Space Storage,Real Estate,Self-Storage REITs,145.02,168.1,118.4,143.07,142.33,141.29,140.2,143.3,143.1,143.87
XOM,ExxonMobil,Energy,Integrated Oil & Gas,112.24,119.92,96.01,112.83,112.77,113.6,111.1,109.59,108.66,108.2
FFIV,"F5, Inc.",Information Technology,Communications Equipment,340.64,346.0,213.24,337.62,331.97,328.93,322.83,308.56,300.79,291.05
FDS,FactSet,Financials,Financial Exchanges & Data,285.99,495.04,272.5,282.12,282.3,291.45,341.44,387.73,397.81,417.59
FICO,Fair Isaac,Information Technology,Application Software,1649.99,2402.52,1300.0,1719.71,1709.33,1620.37,1506.44,1595.0,1680.95,1747.92
FAST,Fastenal,Industrials,Trading Companies & Distributors,42.33,50.63,34.22,45.96,47.04,47.38,48.11,45.58,44.5,41.72
FRT,Federal Realty Investment Trust,Real Estate,Retail REITs,96.96,113.0,78.83,96.97,98.18,98.35,97.08,95.14,94.69,96.43
FDX,FedEx,Industrials,Air Freight & Logistics,229.65,301.45,191.82,234.71,238.29,235.15,230.06,227.66,224.91,234.53
FIS,Fidelity National Information Services,Financials,Transaction & Payment Processing Services,67.31,90.1,63.0,67.88,67.22,66.15,68.23,74.01,74.56,74.37
FITB,Fifth Third Bancorp,Financials,Regional Banks,42.2,47.33,31.68,42.94,43.6,44.33,43.84,42.04,40.86,40.62
FSLR,First Solar,Information Technology,Semiconductors,226.15,237.2,116.56,229.12,228.28,222.08,206.72,186.15,177.75,168.88
FE,FirstEnergy,Utilities,Electric Utilities,46.97,47.37,36.81,46.73,46.32,45.13,44.14,42.27,42.15,40.92
FI,Fiserv,Financials,Transaction & Payment Processing Services,122.55,238.59,121.93,124.87,125.77,128.44,132.91,147.64,155.61,178.6
F,Ford Motor Company,Consumer Discretionary,Automobile Manufacturers,11.54,12.8,8.21,11.62,11.99,11.86,11.64,11.19,10.94,10.34
FTNT,Fortinet,Information Technology,Systems Software,84.2,114.82,70.12,84.96,85.25,84.19,81.83,92.55,94.39,96.49
FTV,Fortive,Industrials,Industrial Machinery & Supplies & Components,48.58,62.58,45.4,49.03,49.44,48.93,48.33,50.36,50.67,53.16
FOXA,Fox Corporation (Class A),Communication Services,Broadcasting,58.1,65.3,40.85,59.18,60.63,60.59,59.13,57.15,55.86,54.41
FOX,Fox Corporation (Class B),Communication Services,Broadcasting,51.95,59.29,37.58,52.97,54.48,54.57,53.61,52.12,51.1,50.21
BEN,Franklin Resources,Financials,Asset Management & Custody Banks,22.84,25.72,15.81,23.23,23.17,23.38,24.23,23.55,22.7,21.3
FCX,Freeport-McMoRan,Materials,Copper,42.78,49.55,27.45,42.1,40.77,41.22,42.48,42.43,41.28,39.78
GRMN,Garmin,Consumer Discretionary,Consumer Electronics,251.34,261.69,158.51,254.39,254.58,246.1,238.59,224.99,218.67,215.46
IT,Gartner,Information Technology,IT Consulting & Other Services,245.36,584.01,223.65,243.71,250.33,254.31,248.82,322.1,342.86,394.27
GE,GE Aerospace,Industrials,Aerospace & Defense,297.53,306.88,158.62,298.53,298.9,297.96,283.56,267.42,255.21,231.65
GEHC,GE HealthCare,Health Care,Health Care Equipment,71.84,94.71,57.59,73.34,74.71,74.53,74.27,73.83,72.75,76.52
GEV,GE Vernova,Industrials,Heavy Electrical Equipment,648.25,677.29,251.95,623.73,614.41,616.69,620.28,574.23,536.28,463.39
GEN,Gen Digital,Information Technology,Systems Software,26.7,32.09,22.55,26.96,27.5,28.15,29.38,29.36,28.75,28.02
GNRC,Generac,Industrials,Electrical Components & Equipment,174.12,203.25,99.5,170.88,168.95,171.95,182.98,162.14,153.26,148.41
GD,General Dynamics,Industrials,Aerospace & Defense,334.39,345.85,235.63,339.09,340.09,332.17,323.77,306.19,299.2,283.41
GIS,General Mills,Consumer Staples,Packaged Foods & Meats,48.15,69.38,47.69,49.1,49.44,49.4,49.17,50.18,51.01,53.63
GM,General Motors,Consumer Discretionary,Automobile Manufacturers,55.62,62.14,41.36,56.11,58.05,58.81,57.48,53.91,52.47,51.03
GPC,Genuine Parts Company,Consumer Discretionary,Distributors,131.7,143.1,102.41,132.65,135.86,137.05,136.88,130.61,127.92,123.79
GILD,Gilead Sciences,Health Care,Biotechnology,118.21,120.99,81.73,117.43,114.61,113.66,114.29,111.85,109.84,106.56
GPN,Global Payments,Financials,Transaction & Payment Processing Services,84.22,118.69,65.53,86.18,86.06,85.93,85.64,82.2,81.26,89.08
GL,Globe Life,Financials,Life & Health Insurance,136.46,147.54,99.43,136.12,137.47,140.54,139.94,131.44,129.35,126.13
GDDY,GoDaddy,Information Technology,Internet Services & Infrastructure,132.41,216.0,130.0,133.49,134.27,139.02,143.26,159.07,163.74,173.3
GS,Goldman Sachs,Financials,Investment Banking & Brokerage,786.78,825.25,434.87,779.45,784.53,792.0,760.08,711.3,679.68,641.98
HAL,Halliburton,Energy,Oil & Gas Equipment & Services,22.5,31.66,18.43,23.21,23.86,23.71,22.45,21.81,21.53,22.91
HIG,Hartford (The),Financials,Property & Casualty Insurance,128.74,135.17,103.64,130.94,131.99,131.7,131.18,127.94,126.93,121.88
HAS,Hasbro,Consumer Discretionary,Leisure Products,72.41,82.19,48.07,73.68,74.54,74.74,77.37,74.39,71.41,66.37
HCA,HCA Healthcare,Health Care,Health Care Facilities,410.68,439.01,288.25,421.71,425.06,417.06,404.82,387.44,379.91,357.74
DOC,Healthpeak Properties,Real Estate,Health Care REITs,17.96,21.94,16.26,18.49,18.86,18.71,17.94,17.64,17.58,18.2
HSIC,Henry Schein,Health Care,Health Care Distributors,63.0,82.49,60.56,64.07,65.14,66.31,67.35,69.46,69.01,70.32
HSY,Hershey Company (The),Consumer Staples,Packaged Foods & Meats,189.2,202.98,136.73,192.77,191.91,190.72,186.02,177.3,174.35,169.37
HPE,Hewlett Packard Enterprise,Information Technology,"Technology Hardware, Storage & Peripherals",24.8,26.44,11.82,25.29,24.96,24.77,23.19,21.15,20.18,19.69
HLT,Hilton Worldwide,Consumer Discretionary,"Hotels, Resorts & Cruise Lines",263.36,279.81,195.81,260.34,259.54,262.47,267.62,264.13,257.9,252.75
HOLX,Hologic,Health Care,Health Care Equipment,65.51,84.39,51.9,67.59,67.6,67.18,67.12,65.57,63.81,64.56
HD,Home Depot (The),Consumer Discretionary,Home Improvement Retail,379.37,429.19,322.47,380.68,388.5,400.68,401.93,382.82,378.04,378.37
HON,Honeywell,Industrials,Industrial Conglomerates,202.91,240.47,177.52,205.38,207.66,208.54,213.57,220.66,218.07,215.29
HRL,Hormel Foods,Consumer Staples,Packaged Foods & Meats,23.55,32.84,23.34,23.79,24.21,24.45,26.14,28.01,28.32,28.69
HST,Host Hotels & Resorts,Real Estate,Hotel & Resort REITs,16.26,18.32,11.93,16.19,16.57,16.91,16.6,16.08,15.7,15.59
HWM,Howmet Aerospace,Industrials,Aerospace & Defense,189.99,198.48,98.55,189.2,190.79,190.68,182.88,180.3,173.33,155.33
HPQ,HP Inc.,Information Technology,"Technology Hardware, Storage & Peripherals",27.35,38.25,20.76,26.69,26.71,27.19,27.12,26.06,25.97,27.43
HUBB,Hubbell Incorporated,Industrials,Industrial Machinery & Supplies & Components,418.72,475.24,297.55,415.73,418.89,425.81,430.17,418.4,406.39,396.28
HUM,Humana,Health Care,Managed Health Care,271.0,314.25,206.15,287.02,277.76,268.62,277.98,255.82,255.35,259.8
HBAN,Huntington Bancshares,Financials,Regional Banks,15.9,17.93,11.7,16.19,16.62,17.04,16.97,16.58,16.18,15.87
HII,Huntington Ingalls Industries,Industrials,Aerospace & Defense,287.9,291.7,155.93,286.65,286.21,280.84,273.58,257.29,250.58,227.21
IBM,IBM,Information Technology,IT Consulting & Other Services,277.22,301.04,197.92,285.32,285.98,278.22,258.68,266.47,262.22,253.19
IEX,IDEX Corporation,Industrials,Industrial Machinery & Supplies & Components,160.84,234.67,151.55,163.68,164.1,162.16,162.4,170.38,171.51,179.77
IDXX,Idexx Laboratories,Health Care,Health Care Equipment,633.32,688.12,356.14,627.08,628.72,634.3,641.21,585.67,561.43,511.34
ITW,Illinois Tool Works,Industrials,Industrial Machinery & Supplies & Components,244.46,273.07,212.05,249.24,254.63,257.1,259.33,253.98,250.84,250.26
INCY,Incyte,Health Care,Biotechnology,84.73,88.66,53.56,85.17,85.77,85.03,84.32,76.56,73.33,71.45
IR,Ingersoll Rand,Industrials,Industrial Machinery & Supplies & Components,76.1,105.95,65.58,78.6,81.07,81.0,79.81,81.92,81.01,82.69
PODD,Insulet Corporation,Health Care,Health Care Equipment,314.56,353.5,226.5,315.68,312.61,319.35,323.24,313.24,305.6,291.6
INTC,Intel,Information Technology,Semiconductors,37.22,39.65,17.67,37.2,36.62,33.49,27.42,24.47,23.7,22.91
ICE,Intercontinental Exchange,Financials,Financial Exchanges & Data,158.75,188.82,141.12,159.38,161.07,165.22,173.38,176.58,174.88,169.75
IFF,International Flavors & Fragrances,Materials,Specialty Chemicals,60.1,104.48,59.14,60.42,60.98,61.52,64.01,69.46,70.57,74.15
IP,International Paper,Materials,Paper & Plastic Packaging Products & Materials,45.65,58.71,42.44,46.07,46.27,46.25,47.0,47.86,47.48,49.4
IPG,Interpublic Group of Companies (The),Communication Services,Advertising,26.11,31.81,21.93,26.66,26.73,26.44,26.16,25.08,24.91,25.39
INTU,Intuit,Information Technology,Application Software,655.68,812.22,530.03,651.16,664.39,674.5,685.52,723.17,704.01,664.2
ISRG,Intuitive Surgical,Health Care,Health Care Equipment,435.73,616.0,425.0,439.62,442.84,441.29,457.93,491.36,497.95,514.76
IVZ,Invesco,Financials,Asset Management & Custody Banks,23.29,24.54,11.33,23.55,23.56,23.01,22.08,19.31,18.24,17.46
INVH,Invitation Homes,Real Estate,Single-Family Residential REITs,28.25,35.13,27.71,28.1,28.44,28.82,29.59,30.94,31.46,31.48
IQV,IQVIA,Health Care,Life Sciences Tools & Services,203.77,237.34,134.65,201.28,201.61,192.98,189.24,175.23,169.88,177.16
IRM,Iron Mountain,Real Estate,Other Specialized REITs,102.17,126.21,71.19,104.05,103.89,102.47,96.21,97.43,96.09,94.91
JBHT,J.B. Hunt,Industrials,Cargo Ground Transportation,138.12,198.61,122.01,140.88,138.5,136.11,140.12,142.29,140.85,148.16
JBL,Jabil,Information Technology,Electronic Manufacturing Services,199.9,237.14,108.57,201.55,205.97,213.39,213.23,207.69,196.23,178.83
JKHY,Jack Henry & Associates,Financials,Transaction & Payment Processing Services,152.19,194.68,144.12,150.42,148.76,150.74,157.38,167.9,169.19,170.67
J,Jacobs Solutions,Industrials,Construction & Engineering,153.91,157.89,104.68,154.63,153.91,150.99,148.31,140.07,136.34,132.66
JNJ,Johnson & Johnson,Health Care,Pharmaceuticals,190.9,192.1,137.37,190.26,188.55,182.8,178.38,167.3,164.2,159.71
JCI,Johnson Controls,Industrials,Building Products,106.38,112.63,67.78,107.29,108.23,107.95,106.97,105.67,101.88,93.96
JPM,JPMorgan Chase,Financials,Diversified Banks,307.97,316.47,200.22,305.22,307.3,309.53,300.51,289.26,280.79,267.99
K,Kellanova,Consumer Staples,Packaged Foods & Meats,82.8,83.0,76.48,82.86,82.68,80.42,79.79,79.73,80.05,80.24
KVUE,Kenvue,Consumer Staples,Personal Care Products,16.22,24.71,15.47,16.4,16.13,16.71,19.03,20.37,20.92,21.2
KDP,Keurig Dr Pepper,Consumer Staples,Soft Drinks & Non-alcoholic Beverages,26.42,36.17,25.03,25.8,25.7,25.96,29.13,30.99,31.54,31.73
KEY,KeyCorp,Financials,Regional Banks,17.56,19.41,12.43,17.89,18.23,18.53,18.47,17.71,17.16,16.76
KEYS,Keysight Technologies,Information Technology,Electronic Equipment & Instruments,163.35,186.2,121.43,167.24,170.61,172.77,168.36,165.53,162.23,161.83
KMB,Kimberly-Clark,Consumer Staples,Household Products,119.27,147.59,118.18,120.07,121.37,122.64,127.39,128.89,129.63,130.46
KIM,Kimco Realty,Real Estate,Retail REITs,21.05,24.7,17.52,21.14,21.34,21.58,21.64,21.29,21.09,21.07
KMI,Kinder Morgan,Energy,Oil & Gas Storage & Transportation,27.34,30.49,22.36,27.62,27.93,27.81,27.26,27.46,27.31,27.14
KKR,KKR & Co.,Financials,Asset Management & Custody Banks,120.44,169.7,85.9,122.35,124.83,133.58,138.08,135.27,131.21,132.08
KLAC,KLA Corporation,Information Technology,Semiconductor Materials & Equipment,1025.0,1155.0,548.81,1041.71,1079.65,1063.36,966.61,917.67,875.26,810.0
KHC,Kraft Heinz,Consumer Staples,Packaged Foods & Meats,25.11,34.37,24.8,25.16,25.55,25.85,26.53,26.49,26.76,27.52
KR,Kroger,Consumer Staples,Food Retail,67.13,74.52,53.78,67.49,66.89,66.35,68.39,68.76,69.0,66.78
LHX,L3Harris,Industrials,Aerospace & Defense,293.42,308.12,190.25,298.43,299.45,293.08,281.52,267.26,257.42,238.59
LH,Labcorp,Health Care,Health Care Services,276.64,289.2,208.23,277.89,278.7,278.46,275.02,264.8,259.16,251.22
LRCX,Lam Research,Information Technology,Semiconductor Materials & Equipment,137.81,153.7,56.07,138.61,141.17,134.29,115.4,104.3,98.21,89.98
LW,Lamb Weston,Consumer Staples,Packaged Foods & Meats,63.81,82.35,47.25,63.89,62.8,59.04,56.76,55.1,54.42,55.08
LVS,Las Vegas Sands,Consumer Discretionary,Casinos & Gaming,46.47,58.05,29.84,50.6,51.99,52.64,53.65,49.45,47.07,45.44
LDOS,Leidos,Industrials,Diversified Support Services,185.94,200.78,122.65,192.65,193.04,189.33,182.86,168.93,164.9,155.09
LEN,Lennar,Consumer Discretionary,Homebuilding,118.02,180.51,97.13,119.09,123.18,125.1,128.5,119.15,116.78,118.54
LII,Lennox International,Industrials,Building Products,524.25,687.72,496.64,535.94,539.7,535.35,559.81,571.85,569.58,578.95
LLY,Lilly (Eli),Health Care,Pharmaceuticals,819.4,931.67,622.41,839.52,829.08,787.0,744.0,757.72,764.74,783.46
LIN,Linde plc,Materials,Industrial Gases,456.64,484.83,406.06,461.36,465.34,470.81,473.35,469.21,465.1,457.08
LYV,Live Nation Entertainment,Communication Services,Movies & Entertainment,153.86,175.25,111.84,152.97,155.61,160.19,161.63,153.89,150.18,144.47
LKQ,LKQ Corporation,Consumer Discretionary,Distributors,29.15,43.77,28.42,29.36,30.19,30.41,30.91,34.03,35.17,36.55
LMT,Lockheed Martin,Industrials,Aerospace & Defense,503.83,602.02,407.14,508.35,505.8,493.46,464.64,460.83,461.29,458.11
L,Loews Corporation,Financials,Multi-line Insurance,101.33,103.52,74.95,102.09,101.67,99.83,97.32,93.65,92.3,89.73
LOW,Lowe's,Consumer Discretionary,Home Improvement Retail,234.48,281.56,204.22,235.77,241.35,251.41,254.36,238.34,235.24,237.16
LULU,Lululemon Athletica,Consumer Discretionary,"Apparel, Accessories & Luxury Goods",169.85,423.32,159.25,171.77,174.22,173.04,183.64,217.8,230.57,277.01
LYB,LyondellBasell,Materials,Specialty Chemicals,46.27,87.79,44.89,47.33,48.16,49.64,51.78,55.07,55.12,60.28
MTB,M&T Bank,Financials,Regional Banks,182.7,219.44,148.52,185.85,190.23,194.74,194.25,191.26,187.17,185.46
MPC,Marathon Petroleum,Energy,Oil & Gas Refining & Marketing,183.4,201.61,113.82,186.42,189.61,189.85,178.61,173.04,166.95,157.82
MKTX,MarketAxess,Financials,Financial Exchanges & Data,172.9,292.5,161.61,172.56,171.59,175.64,182.79,199.7,203.73,205.94
MAR,Marriott International,Consumer Discretionary,"Hotels, Resorts & Cruise Lines",263.26,305.27,204.35,265.01,265.3,264.77,264.95,266.48,262.42,263.23
MMC,Marsh McLennan,Financials,Insurance Brokers,205.36,245.83,194.14,205.39,203.0,200.01,202.54,209.05,211.83,216.38
MLM,Martin Marietta Materials,Materials,Construction Materials,638.61,643.87,440.72,634.14,631.98,623.17,615.91,586.01,573.67,547.32
MAS,Masco,Industrials,Building Products,65.99,85.23,56.02,67.16,68.66,70.14,71.78,68.04,66.86,68.94
MA,Mastercard,Financials,Transaction & Payment Processing Services,559.24,600.98,463.61,567.21,571.14,574.14,579.46,571.78,567.49,555.99
MTCH,Match Group,Communication Services,Interactive Media & Services,32.12,38.99,26.09,32.47,33.48,35.15,36.27,33.88,32.93,32.46
MKC,McCormick & Company,Consumer Staples,Packaged Foods & Meats,65.36,85.22,63.66,65.91,66.95,66.32,68.42,70.65,71.47,73.62
MCD,McDonald's,Consumer Discretionary,Restaurants,300.11,322.65,271.85,296.33,298.3,300.79,305.36,301.91,303.77,300.67
MCK,McKesson Corporation,Health Care,Health Care Distributors,769.49,776.14,490.22,759.38,757.25,740.22,708.95,712.14,709.65,676.81
MDT,Medtronic,Health Care,Health Care Equipment,95.58,99.37,77.57,96.75,96.54,95.63,93.63,90.42,89.03,88.25
MRK,Merck & Co.,Health Care,Pharmaceuticals,85.7,107.6,71.87,86.64,87.48,83.74,83.03,81.13,80.45,83.98
META,Meta Platforms,Communication Services,Interactive Media & Services,715.7,795.71,479.11,717.09,719.04,740.95,751.39,724.88,695.12,669.65
MET,MetLife,Financials,Life & Health Insurance,80.82,87.17,64.24,81.47,81.77,80.96,79.65,78.72,78.13,79.0
MTD,Mettler Toledo,Health Care,Life Sciences Tools & Services,1284.74,1486.76,946.69,1300.73,1298.09,1272.32,1278.48,1234.91,1204.85,1220.19
MGM,MGM Resorts,Consumer Discretionary,Casinos & Gaming,31.57,42.54,25.3,32.15,33.27,34.27,35.64,35.29,34.62,34.01
MCHP,Microchip Technology,Information Technology,Semiconductors,64.39,77.17,33.63,64.51,65.01,65.05,65.12,66.53,62.99,59.2
MU,Micron Technology,Information Technology,Semiconductors,192.77,201.0,61.44,189.79,186.06,174.04,144.19,128.68,119.37,109.21
MSFT,Microsoft,Information Technology,Systems Software,514.05,554.54,343.59,519.25,519.56,515.4,513.05,500.41,483.27,453.23
MAA,Mid-America Apartment Communities,Real Estate,Multi-Family Residential REITs,134.54,170.0,133.28,135.21,136.28,138.14,140.54,145.0,147.78,150.34
MRNA,Moderna,Health Care,Biotechnology,26.74,59.73,23.15,27.27,27.42,26.37,25.97,27.57,27.25,29.99
MHK,Mohawk Industries,Consumer Discretionary,Home Furnishings,119.25,164.29,96.24,120.24,124.37,127.09,128.7,117.99,115.5,116.27
MOH,Molina Healthcare,Health Care,Managed Health Care,194.27,359.97,151.95,198.97,197.58,190.64,178.46,216.08,237.05,263.1
TAP,Molson Coors Beverage Company,Consumer Staples,Brewers,46.03,63.47,43.8,45.96,45.93,45.83,48.32,49.15,50.52,52.84
MDLZ,Mondelez International,Consumer Staples,Packaged Foods & Meats,61.17,70.58,52.78,61.58,61.97,62.37,61.88,64.37,64.59,63.19
MPWR,Monolithic Power Systems,Information Technology,Semiconductors,981.67,990.67,437.16,958.35,944.57,920.49,869.68,790.55,755.9,701.31
MNST,Monster Beverage,Consumer Staples,Soft Drinks & Non-alcoholic Beverages,67.15,70.06,45.7,68.54,67.93,66.55,64.41,63.13,62.52,58.93
MCO,Moody's Corporation,Financials,Financial Exchanges & Data,473.72,528.95,377.3,485.76,483.58,484.44,500.34,495.41,487.51,481.86
MS,Morgan Stanley,Financials,Investment Banking & Brokerage,155.13,163.98,92.93,154.98,156.17,157.68,151.71,143.58,138.51,132.99
MOS,Mosaic Company (The),Materials,Fertilizers & Agricultural Chemicals,30.99,37.97,21.99,33.0,33.81,34.12,33.27,34.53,33.72,30.68
MSI,Motorola Solutions,Information Technology,Communications Equipment,456.25,502.83,387.0,458.19,456.32,461.62,463.51,440.69,436.37,438.08
MSCI,MSCI Inc.,Financials,Financial Exchanges & Data,548.35,636.39,483.67,557.93,559.53,562.96,563.3,562.46,559.66,564.53
NDAQ,"Nasdaq, Inc.",Financials,Financial Exchanges & Data,89.39,97.36,64.46,89.6,88.65,88.95,92.42,90.05,87.38,83.52
NTAP,NetApp,Information Technology,"Technology Hardware, Storage & Peripherals",118.86,132.76,71.18,118.58,118.75,120.58,115.5,109.39,105.63,105.62
NFLX,Netflix,Communication Services,Movies & Entertainment,1219.03,1341.15,677.88,1215.1,1192.45,1203.16,1211.06,1221.41,1198.8,1102.79
NEM,Newmont,Materials,Gold,89.4,89.42,36.35,87.02,86.72,84.51,76.96,67.29,64.33,56.57
NWSA,News Corp (Class A),Communication Services,Publishing,26.09,31.61,23.3,26.55,27.74,29.08,29.24,29.0,28.65,28.22
NWS,News Corp (Class B),Communication Services,Publishing,29.55,35.47,26.17,29.99,31.31,32.48,33.1,33.11,32.8,32.17
NEE,NextEra Energy,Utilities,Multi-Utilities,84.3,85.03,60.75,83.72,81.31,77.02,74.24,72.87,71.8,70.7
NKE,"Nike, Inc.",Consumer Discretionary,"Apparel, Accessories & Luxury Goods",67.38,82.92,51.67,67.73,70.03,70.49,73.43,70.54,68.01,68.97
NI,NiSource,Utilities,Multi-Utilities,42.73,44.52,32.69,43.2,43.35,42.29,42.04,40.92,40.5,39.49
NDSN,Nordson Corporation,Industrials,Industrial Machinery & Supplies & Components,230.52,262.94,163.83,231.52,231.29,228.23,222.93,218.17,212.6,210.06
NSC,Norfolk Southern,Industrials,Rail Transportation,289.57,302.24,199.43,293.06,296.25,292.63,284.42,271.19,262.06,252.61
NTRS,Northern Trust,Financials,Asset Management & Custody Banks,127.03,135.48,80.54,128.99,130.86,131.07,129.01,123.52,118.01,111.97
NOC,Northrop Grumman,Industrials,Aerospace & Defense,618.88,640.9,420.66,627.39,618.48,600.09,589.99,549.12,535.82,513.33
NCLH,Norwegian Cruise Line Holdings,Consumer Discretionary,"Hotels, Resorts & Cruise Lines",23.04,29.29,14.21,23.27,23.82,24.54,24.76,22.7,21.67,22.26
NRG,NRG Energy,Utilities,Independent Power Producers & Energy Traders,168.77,175.96,79.04,165.52,164.9,165.36,157.65,156.29,149.32,130.32
NUE,Nucor,Materials,Steel,136.97,167.56,96.79,136.49,136.59,136.45,140.54,134.73,130.7,128.25
NVDA,Nvidia,Information Technology,Semiconductors,188.32,195.62,86.61,187.64,187.41,182.44,179.44,166.97,156.72,144.68
NVR,"NVR, Inc.",Consumer Discretionary,Homebuilding,7584.9,9964.77,6562.85,7650.4,7864.15,7961.93,8074.62,7733.38,7619.37,7605.81
NXPI,NXP Semiconductors,Information Technology,Semiconductors,216.7,251.87,146.73,217.74,222.94,223.99,223.64,219.11,213.08,210.08
ORLY,O’Reilly Automotive,Consumer Discretionary,Automotive Retail,102.88,108.72,76.22,101.47,103.39,104.02,103.89,97.97,96.71,93.16
OXY,Occidental Petroleum,Energy,Oil & Gas Exploration & Production,42.42,54.12,34.4,43.89,44.89,45.95,45.38,44.34,43.54,44.87
ODFL,Old Dominion,Industrials,Cargo Ground Transportation,136.18,231.78,133.69,139.58,140.27,140.71,145.98,153.93,154.72,163.28
OMC,Omnicom Group,Communication Services,Advertising,76.51,103.32,67.76,78.0,78.19,77.32,76.56,74.17,74.17,76.58
ON,ON Semiconductor,Information Technology,Semiconductors,50.11,76.06,31.04,48.97,49.09,49.79,49.48,51.42,49.15,49.26
OKE,Oneok,Energy,Oil & Gas Storage & Transportation,69.57,113.92,69.08,70.95,71.88,72.38,73.53,76.98,78.09,84.39
ORCL,Oracle Corporation,Information Technology,Application Software,308.01,345.12,117.98,293.96,290.41,296.01,267.81,239.0,220.19,196.96
OTIS,Otis Worldwide,Industrials,Industrial Machinery & Supplies & Components,89.18,105.86,83.85,90.0,90.84,90.25,88.51,91.95,92.72,94.07
PCAR,Paccar,Industrials,Construction Machinery & Heavy Transportation Equipment,93.23,114.66,84.08,94.77,96.56,97.89,98.54,96.83,95.66,98.32
PKG,Packaging Corporation of America,Materials,Paper & Plastic Packaging Products & Materials,207.75,244.78,170.61,209.94,212.56,213.08,208.39,201.6,198.17,201.64
PLTR,Palantir Technologies,Information Technology,Application Software,177.21,190.0,40.36,180.77,181.09,179.29,171.73,155.79,147.41,124.69
PANW,Palo Alto Networks,Information Technology,Systems Software,213.28,217.94,144.15,213.17,210.53,207.22,193.4,194.4,192.15,188.46
PSKY,Paramount Skydance Corporation,Communication Services,Movies & Entertainment,17.1,20.86,9.92,17.82,18.37,18.54,16.0,14.22,13.66,12.67
PH,Parker Hannifin,Industrials,Industrial Machinery & Supplies & Components,728.66,779.77,485.92,737.62,748.63,750.42,747.51,718.56,698.25,675.54
PAYX,Paychex,Industrials,Human Resource & Employment Services,127.42,160.03,119.02,126.36,125.5,127.58,133.53,141.05,142.23,142.95
PAYC,Paycom,Industrials,Human Resource & Employment Services,201.3,267.33,159.74,202.5,202.33,209.61,218.37,229.25,230.27,222.56
PYPL,PayPal,Financials,Transaction & Payment Processing Services,68.86,93.66,55.85,73.04,70.84,69.36,68.9,71.0,70.24,72.53
PNR,Pentair,Industrials,Industrial Machinery & Supplies & Components,108.83,113.95,73.85,109.67,110.63,110.27,108.4,104.99,102.25,98.92
PEP,PepsiCo,Consumer Staples,Soft Drinks & Non-alcoholic Beverages,148.89,170.89,125.14,144.66,143.09,142.01,143.88,138.4,137.1,140.01
PFE,Pfizer,Health Care,Pharmaceuticals,24.73,28.11,20.18,25.34,26.03,24.99,24.86,24.4,23.97,24.26
PCG,PG&E Corporation,Utilities,Multi-Utilities,15.97,21.59,12.95,16.2,15.93,15.37,15.23,14.85,15.31,15.86
PM,Philip Morris International,Consumer Staples,Tobacco,159.47,183.57,113.18,157.32,156.99,159.46,162.78,168.89,168.26,157.16
PSX,Phillips 66,Energy,Oil & Gas Refining & Marketing,129.79,142.35,89.26,130.26,132.28,133.23,129.16,124.92,121.36,119.76
PNW,Pinnacle West Capital,Utilities,Multi-Utilities,92.13,94.64,79.08,92.01,90.68,88.61,89.72,89.59,90.0,89.01
PNC,PNC Financial Services,Financials,Diversified Banks,186.92,210.46,142.39,189.1,193.71,198.63,198.19,191.24,185.64,184.03
POOL,Pool Corporation,Consumer Discretionary,Distributors,291.73,391.14,281.15,296.14,302.89,309.08,314.03,307.51,306.4,316.15
PPG,PPG Industries,Materials,Specialty Chemicals,98.86,129.03,89.08,100.05,102.19,104.48,107.77,109.98,109.19,110.24
PPL,PPL Corporation,Utilities,Electric Utilities,37.44,37.81,30.41,37.28,37.04,36.56,36.31,35.29,35.23,34.49
PFG,Principal Financial Group,Financials,Life & Health Insurance,79.67,88.63,67.06,81.42,82.58,82.16,80.02,78.84,78.08,78.71
PG,Procter & Gamble,Consumer Staples,Personal Care Products,147.49,177.66,146.96,150.2,151.26,153.02,155.05,157.15,157.95,160.56
PGR,Progressive Corporation,Financials,Property & Casualty Insurance,236.28,292.65,228.28,241.08,242.83,242.5,244.93,252.93,257.7,258.84
PLD,Prologis,Real Estate,Industrial REITs,112.72,123.15,83.8,114.07,115.17,114.56,111.16,108.67,107.5,108.46
PRU,Prudential Financial,Financials,Life & Health Insurance,101.25,125.75,88.12,101.91,102.54,102.91,104.69,104.03,103.37,105.56
PEG,Public Service Enterprise Group,Utilities,Electric Utilities,81.74,92.35,73.5,81.22,81.75,81.73,82.83,82.32,81.64,81.58
PTC,PTC Inc.,Information Technology,Application Software,202.48,219.69,133.38,201.36,202.32,203.37,207.47,194.36,187.17,180.52
PSA,Public Storage,Real Estate,Self-Storage REITs,299.63,342.02,251.43,294.95,292.78,287.86,285.94,287.71,288.67,288.85
PHM,PulteGroup,Consumer Discretionary,Homebuilding,120.49,148.31,87.74,123.84,129.37,130.55,130.13,118.29,114.82,111.57
PWR,Quanta Services,Industrials,Construction & Engineering,430.98,443.97,226.97,428.69,424.83,409.21,392.76,383.24,368.14,337.69
QCOM,Qualcomm,Information Technology,Semiconductors,161.78,178.09,119.4,162.85,165.38,166.76,160.03,156.87,154.15,155.18
DGX,Quest Diagnostics,Health Care,Health Care Services,182.78,190.64,144.18,182.21,182.0,183.14,180.54,176.47,175.73,170.34
RL,Ralph Lauren Corporation,Consumer Discretionary,"Apparel, Accessories & Luxury Goods",317.23,330.11,175.49,320.68,319.97,314.66,305.08,292.32,280.97,265.08
RJF,Raymond James Financial,Financials,Investment Banking & Brokerage,159.87,177.15,116.85,163.02,165.4,169.16,167.18,160.3,156.52,154.38
RTX,RTX Corporation,Industrials,Aerospace & Defense,158.85,170.85,111.21,163.31,165.31,162.76,158.86,151.7,146.78,138.44
O,Realty Income,Real Estate,Retail REITs,58.73,61.34,49.31,58.86,59.57,59.51,58.63,57.34,56.95,55.54
REG,Regency Centers,Real Estate,Retail REITs,71.48,75.93,62.21,71.18,71.56,71.24,71.39,70.7,70.72,70.69
REGN,Regeneron Pharmaceuticals,Health Care,Biotechnology,557.73,1019.99,475.77,567.87,578.7,577.95,573.32,556.7,560.95,602.84
RF,Regions Financial Corporation,Financials,Regional Banks,24.56,27.61,17.36,25.01,25.61,26.19,26.14,24.67,23.83,23.22
RSG,Republic Services,Industrials,Environmental & Facilities Services,223.04,257.43,195.57,223.6,224.34,225.39,229.45,237.29,238.76,232.94
RMD,ResMed,Health Care,Health Care Equipment,273.01,293.81,199.07,277.7,276.97,274.67,278.35,267.05,260.63,248.95
RVTY,Revvity,Health Care,Health Care Equipment,90.98,129.23,81.36,90.78,91.22,88.26,88.08,91.6,91.93,99.7
ROK,Rockwell Automation,Industrials,Electrical Components & Equipment,339.2,359.54,213.27,341.62,345.36,344.78,343.45,337.65,323.0,303.41
ROL,"Rollins, Inc.",Industrials,Environmental & Facilities Services,56.09,59.12,44.94,57.16,57.8,57.05,57.25,56.89,56.67,54.19
ROP,Roper Technologies,Information Technology,Electronic Equipment & Instruments,512.73,592.47,491.43,514.07,506.91,505.05,517.64,539.25,544.06,548.46
ROST,Ross Stores,Consumer Discretionary,Apparel Retail,154.77,157.03,121.69,150.96,152.15,149.97,148.53,141.57,141.76,140.67
RCL,Royal Caribbean Group,Consumer Discretionary,"Hotels, Resorts & Cruise Lines",306.22,365.38,163.05,308.18,313.19,319.46,327.69,313.37,295.19,270.13
SPGI,S&P Global,Financials,Financial Exchanges & Data,479.34,578.04,425.6,483.34,481.99,493.84,528.31,523.82,517.78,512.14
CRM,Salesforce,Information Technology,Application Software,248.75,366.78,226.09,243.19,241.36,242.79,244.32,255.26,258.17,275.36
SBAC,SBA Communications,Real Estate,Telecom Tower REITs,188.12,247.78,185.45,188.17,189.84,193.64,203.91,216.96,219.55,214.98
SLB,Schlumberger,Energy,Oil & Gas Equipment & Services,32.27,43.8,30.61,33.1,33.79,34.27,34.32,34.35,34.28,36.19
STX,Seagate Technology,Information Technology,"Technology Hardware, Storage & Peripherals",219.51,264.83,62.66,220.99,234.82,227.56,191.68,163.94,149.16,126.91
SRE,Sempra,Utilities,Multi-Utilities,91.17,95.72,60.93,92.08,91.22,87.88,83.99,79.94,78.65,77.47
NOW,ServiceNow,Information Technology,Systems Software,923.7,1198.09,678.66,909.78,911.69,925.62,909.13,952.05,949.31,948.45
SHW,Sherwin-Williams,Materials,Specialty Chemicals,332.16,397.81,307.5,334.55,338.77,342.31,354.18,350.05,349.19,348.15
SPG,Simon Property Group,Real Estate,Retail REITs,176.5,188.43,132.99,177.56,181.06,181.84,176.94,168.14,165.44,165.64
SWKS,Skyworks Solutions,Information Technology,Semiconductors,73.37,97.73,47.01,73.32,75.13,76.83,74.64,73.34,71.45,71.89
SJM,J.M. Smucker Company (The),Consumer Staples,Packaged Foods & Meats,101.49,121.73,92.38,105.08,106.57,107.09,108.94,106.5,107.63,107.24
SW,Smurfit Westrock,Materials,Paper & Plastic Packaging Products & Materials,41.53,55.46,36.31,41.87,41.88,42.61,43.87,44.13,43.69,45.54
SNA,Snap-on,Industrials,Industrial Machinery & Supplies & Components,331.99,366.68,277.82,333.44,339.61,338.94,330.84,324.02,321.8,325.92
SOLV,Solventum,Health Care,Health Care Technology,70.88,85.92,60.7,71.56,72.62,72.78,72.7,73.4,72.4,72.68
SO,Southern Company,Utilities,Electric Utilities,98.08,98.42,78.5,97.02,95.86,94.37,93.59,92.13,91.46,89.04
LUV,Southwest Airlines,Industrials,Passenger Airlines,31.9,37.75,23.55,31.94,32.13,32.29,31.64,32.39,31.6,31.3
SWK,Stanley Black & Decker,Industrials,Industrial Machinery & Supplies & Components,64.49,105.27,52.62,68.91,71.63,73.75,73.7,70.6,68.8,72.58
SBUX,Starbucks,Consumer Discretionary,Restaurants,80.03,115.87,74.48,79.92,82.38,83.38,86.21,88.48,87.26,91.59
STT,State Street Corporation,Financials,Asset Management & Custody Banks,114.19,118.24,71.77,115.2,115.3,114.0,112.55,107.59,103.85,99.31
STLD,Steel Dynamics,Materials,Steel,145.54,153.16,102.41,144.77,143.54,140.64,133.17,131.63,130.83,128.06
STE,Steris,Health Care,Health Care Equipment,235.48,253.0,199.47,238.92,240.89,244.43,243.84,239.51,237.13,229.83
SYK,Stryker Corporation,Health Care,Health Care Equipment,364.92,403.95,327.71,368.85,368.13,370.57,379.08,382.56,380.23,377.85
SMCI,Supermicro,Information Technology,"Technology Hardware, Storage & Peripherals",54.75,66.44,17.25,55.87,53.87,49.94,46.81,47.12,44.82,41.87
SYF,Synchrony Financial,Financials,Consumer Finance,70.14,77.41,40.15,70.2,70.48,72.72,73.08,68.94,65.88,63.51
SNPS,Synopsys,Information Technology,Application Software,448.0,651.73,365.74,467.7,473.92,474.8,540.9,535.17,521.51,504.59
SYY,Sysco,Consumer Staples,Food Distributors,78.27,83.13,66.22,78.69,80.33,80.83,80.32,77.76,76.31,74.65
TMUS,T-Mobile US,Communication Services,Wireless Telecommunication Services,225.06,274.51,206.21,226.86,229.23,233.76,242.48,238.42,239.99,241.54
TROW,T. Rowe Price,Financials,Asset Management & Custody Banks,105.36,119.7,75.88,104.88,103.88,104.14,105.03,100.88,98.49,99.12
TTWO,Take-Two Interactive,Communication Services,Interactive Home Entertainment,256.68,262.19,152.27,256.78,256.93,253.82,242.12,237.65,234.98,221.73
TPR,"Tapestry, Inc.",Consumer Discretionary,"Apparel, Accessories & Luxury Goods",114.06,117.77,42.3,113.57,114.08,112.97,107.75,99.0,93.74,85.92
TRGP,Targa Resources,Energy,Oil & Gas Storage & Transportation,151.77,215.2,148.27,160.08,162.36,165.51,164.73,165.55,165.66,175.33
TGT,Target Corporation,Consumer Staples,Consumer Staples Merchandise Retail,87.34,155.5,85.36,88.32,88.8,88.49,94.14,96.37,95.88,104.41
TEL,TE Connectivity,Information Technology,Electronic Manufacturing Services,219.38,226.4,115.38,220.58,220.9,218.6,210.51,191.92,182.86,168.26
TDY,Teledyne Technologies,Information Technology,Electronic Equipment & Instruments,567.82,595.99,419.0,577.66,581.28,573.44,557.18,536.6,524.31,511.04
TER,Teradyne,Information Technology,Semiconductor Materials & Equipment,139.13,150.71,65.6,140.23,141.79,134.52,121.77,105.48,99.71,102.71
TSLA,"Tesla, Inc.",Consumer Discretionary,Automobile Manufacturers,435.9,488.54,212.11,431.34,438.0,434.01,378.01,350.5,338.16,334.88
TXN,Texas Instruments,Information Technology,Semiconductors,175.11,220.1,137.77,176.88,179.3,180.39,187.72,192.99,187.36,184.76
TPL,Texas Pacific Land Corporation,Energy,Oil & Gas Exploration & Production,892.23,1759.83,844.11,920.76,938.44,928.26,915.81,991.99,1059.76,1151.39
TXT,Textron,Industrials,Aerospace & Defense,81.74,91.21,57.67,83.83,84.94,84.11,81.64,80.35,78.42,76.65
TMO,Thermo Fisher Scientific,Health Care,Life Sciences Tools & Services,524.58,609.27,385.11,531.88,528.74,499.98,488.87,454.42,447.61,477.36
TJX,TJX Companies,Consumer Discretionary,Apparel Retail,141.39,145.58,110.34,140.74,141.95,141.32,138.11,131.49,130.83,127.14
TKO,TKO Group Holdings,Communication Services,Movies & Entertainment,188.6,212.49,113.01,190.85,194.85,197.6,189.86,178.87,174.81,165.58
TTD,Trade Desk (The),Communication Services,Advertising,51.28,141.53,42.96,53.06,51.92,49.06,53.72,64.74,63.9,72.62
TSCO,Tractor Supply,Consumer Discretionary,Other Specialty Retail,54.91,63.75,46.46,54.2,55.05,56.59,58.87,56.24,55.09,54.61
TT,Trane Technologies,Industrials,Building Products,418.76,475.11,296.82,420.2,422.08,414.08,418.15,426.13,417.1,394.33
TDG,TransDigm Group,Industrials,Aerospace & Defense,1293.08,1519.36,1107.45,1283.35,1289.99,1289.79,1302.76,1355.67,1344.85,1306.43
TRV,Travelers Companies (The),Financials,Property & Casualty Insurance,270.38,287.95,227.43,276.53,278.64,277.29,273.03,268.01,266.77,258.99
TRMB,Trimble Inc.,Information Technology,Electronic Equipment & Instruments,77.06,87.5,52.91,78.33,79.45,80.33,81.19,78.87,76.01,73.84
TFC,Truist Financial,Financials,Diversified Banks,42.95,47.46,32.72,43.77,44.64,45.15,45.02,43.44,42.35,42.28
TYL,Tyler Technologies,Information Technology,Application Software,506.53,661.31,483.56,504.1,504.16,517.28,547.65,560.36,559.7,570.61
TSN,Tyson Foods,Consumer Staples,Packaged Foods & Meats,52.1,63.75,51.39,52.48,53.44,53.72,55.07,54.72,55.26,56.14
USB,U.S. Bancorp,Financials,Diversified Banks,46.16,51.66,34.43,46.61,47.29,48.09,47.3,45.83,44.75,44.41
UBER,Uber,Industrials,Passenger Ground Transportation,94.08,101.99,59.33,96.11,96.85,97.15,94.85,91.98,90.06,82.94
UDR,"UDR, Inc.",Real Estate,Multi-Family Residential REITs,36.15,44.96,35.21,35.83,36.0,36.39,37.42,38.69,39.15,39.93
ULTA,Ulta Beauty,Consumer Discretionary,Other Specialty Retail,542.93,572.23,309.01,555.19,555.99,544.69,529.22,500.87,478.76,442.53
UNP,Union Pacific Corporation,Industrials,Rail Transportation,225.85,252.32,202.16,229.47,232.72,229.44,224.01,224.62,223.14,227.12
UAL,United Airlines Holdings,Industrials,Passenger Airlines,99.25,116.0,52.0,98.4,96.89,99.78,100.29,91.4,87.66,88.79
UPS,United Parcel Service,Industrials,Air Freight & Logistics,83.18,136.36,82.0,84.71,85.04,84.61,85.32,91.29,91.83,99.59
URI,United Rentals,Industrials,Trading Companies & Distributors,974.54,1004.92,523.58,977.59,975.19,959.14,937.52,849.75,809.81,758.45
UNH,UnitedHealth Group,Health Care,Managed Health Care,358.66,617.34,233.13,362.89,358.07,350.46,318.12,306.1,323.39,392.83
UHS,Universal Health Services,Health Care,Health Care Facilities,197.76,239.23,152.16,202.07,203.79,198.82,187.67,182.18,181.68,181.58
VLO,Valero Energy,Energy,Oil & Gas Refining & Marketing,161.41,178.43,97.37,161.41,163.35,165.81,153.63,145.33,139.9,135.05
VTR,Ventas,Real Estate,Health Care REITs,67.45,70.52,55.47,67.94,68.86,68.25,67.99,65.8,65.78,64.58
VLTO,Veralto,Industrials,Environmental & Facilities Services,101.44,114.5,83.69,103.0,104.74,105.23,106.4,103.71,101.96,100.68
VRSN,Verisign,Information Technology,Internet Services & Infrastructure,264.06,309.71,174.64,265.0,269.87,277.46,275.09,278.01,276.45,257.85
VRSK,Verisk Analytics,Industrials,Research & Consulting Services,242.08,321.9,239.78,243.2,245.86,245.91,258.18,281.62,284.76,285.43
VZ,Verizon,Communication Services,Integrated Telecommunication Services,39.75,45.09,35.79,40.21,41.37,42.07,42.68,42.15,42.12,41.22
VRTX,Vertex Pharmaceuticals,Health Care,Biotechnology,407.37,519.88,362.5,412.29,407.23,396.17,394.23,424.63,433.5,444.94
VTRS,Viatris,Health Care,Pharmaceuticals,9.86,13.04,6.68,9.94,10.01,9.84,10.02,9.44,9.18,9.46
VICI,Vici Properties,Real Estate,Hotel & Resort REITs,30.91,33.54,26.86,31.25,31.94,32.0,32.43,32.16,31.95,31.06
V,Visa Inc.,Financials,Transaction & Payment Processing Services,343.3,374.85,273.43,347.55,347.2,343.61,343.57,349.17,348.31,343.11
VST,Vistra Corp.,Utilities,Electric Utilities,209.55,219.82,90.3,204.52,202.51,204.73,200.73,191.69,180.35,166.42
VMC,Vulcan Materials Company,Materials,Construction Materials,302.75,309.17,214.34,302.48,303.44,300.12,294.4,279.84,275.46,266.22
WRB,W. R. Berkley Corporation,Financials,Property & Casualty Insurance,77.45,78.43,55.38,77.65,77.03,75.49,73.1,72.11,71.85,67.91
GWW,W. W. Grainger,Industrials,Industrial Machinery & Supplies & Components,935.49,1219.65,889.92,955.52,954.38,964.78,979.46,1014.89,1018.91,1020.09
WAB,Wabtec,Industrials,Construction Machinery & Heavy Transportation Equipment,193.54,215.82,151.42,195.49,197.57,195.08,192.97,198.79,196.68,193.6
WBA,Walgreens Boots Alliance,Consumer Staples,Drug Retail,11.98,,,11.98,12.03,11.93,11.67,11.39,11.33,10.81
WMT,Walmart,Consumer Staples,Consumer Staples Merchandise Retail,102.12,106.11,78.6,102.37,102.34,102.72,101.3,98.96,98.35,96.07
DIS,Walt Disney Company (The),Communication Services,Movies & Entertainment,110.27,124.69,79.76,110.97,111.97,112.96,115.19,116.66,112.68,109.69
WBD,Warner Bros. Discovery,Communication Services,Broadcasting,17.78,20.24,7.25,17.81,18.52,18.83,15.05,13.12,12.23,11.48
WM,Waste Management,Industrials,Environmental & Facilities Services,217.09,240.84,197.52,218.28,218.65,217.91,222.38,226.49,226.92,223.95
WAT,Waters Corporation,Health Care,Life Sciences Tools & Services,336.33,423.56,275.05,328.76,324.13,310.93,300.54,316.6,321.9,343.33
WEC,WEC Energy Group,Utilities,Electric Utilities,114.97,115.9,89.63,114.75,114.12,112.54,109.99,107.58,107.26,104.57
WFC,Wells Fargo,Financials,Diversified Banks,78.92,86.66,56.1,79.46,80.39,82.17,80.54,79.21,77.51,75.63
WELL,Welltower,Real Estate,Health Care REITs,166.85,180.4,120.11,168.44,172.44,171.05,168.47,161.34,158.5,151.61
WST,West Pharmaceutical Services,Health Care,Health Care Supplies,262.47,351.24,187.09,264.34,266.93,261.67,252.63,238.1,232.9,246.75
WDC,Western Digital,Information Technology,"Technology Hardware, Storage & Peripherals",118.86,137.4,28.74,119.02,123.36,115.63,95.51,78.56,71.47,61.75
WY,Weyerhaeuser,Real Estate,Timber REITs,23.93,32.6,23.71,24.28,24.62,24.55,25.18,25.5,25.5,26.67
WSM,"Williams-Sonoma, Inc.",Consumer Discretionary,Homefurnishing Retail,190.0,218.08,123.89,188.18,192.34,195.29,198.08,182.52,177.31,180.25
WMB,Williams Companies,Energy,Oil & Gas Storage & Transportation,62.68,65.55,47.51,63.17,63.5,62.41,59.38,59.07,58.77,57.62
WTW,Willis Towers Watson,Financials,Insurance Brokers,336.62,352.79,283.83,340.94,343.66,340.21,334.07,319.59,317.6,319.16
WDAY,"Workday, Inc.",Information Technology,Application Software,236.6,294.0,205.33,235.88,235.93,237.1,230.46,235.54,238.1,243.28
WYNN,Wynn Resorts,Consumer Discretionary,Casinos & Gaming,112.52,134.23,64.93,120.09,124.23,125.56,120.0,108.89,104.03,96.28
XEL,Xcel Energy,Utilities,Multi-Utilities,80.16,82.54,60.12,81.21,80.79,77.81,74.48,71.51,71.07,69.43
XYL,Xylem Inc.,Industrials,Industrial Machinery & Supplies & Components,146.0,151.16,99.87,146.69,147.76,145.05,143.03,135.97,132.58,128.12
YUM,Yum! Brands,Consumer Discretionary,Restaurants,140.47,161.72,120.38,143.51,147.35,148.3,146.61,145.79,145.72,144.49
ZBRA,Zebra Technologies,Information Technology,Electronic Equipment & Instruments,281.96,427.76,205.73,292.11,295.23,303.3,311.24,310.43,300.31,311.93
ZBH,Zimmer Biomet,Health Care,Health Care Equipment,95.09,113.87,88.77,96.92,98.08,98.61,100.9,96.86,96.94,100.38
ZTS,Zoetis,Health Care,Pharmaceuticals,142.26,194.19,138.77,142.6,144.46,144.43,148.97,153.61,153.89,157.38
