Symbol,Company,GICS_Sector,GICS_Sub_Industry,Current_Price,High_52_Week,Low_52_Week,SMA5,SMA10,SMA20,SMA50,SMA200,Score,Target_Pcnt,Target_Price,Stop_Loss
MMM,3M,Industrials,Industrial Conglomerates,151.1,159.47,122.31,152.81,154.86,154.85,154.63,146.91,0.2,5.54,159.47,150.23
AOS,A. O. Smith,Industrials,Building Products,67.68,84.6,59.04,69.53,71.35,71.97,72.01,67.88,-0.2,11.36,75.37,68.56
ABT,Abbott Laboratories,Health Care,Health Care Equipment,131.38,138.95,110.09,132.91,133.33,133.86,132.52,129.27,-0.2,3.74,136.29,131.42
ABBV,AbbVie,Health Care,Biotechnology,230.3,244.38,160.57,231.11,233.21,227.06,215.24,194.19,0.2,4.65,241.01,213.09
ACN,Accenture,Information Technology,IT Consulting & Other Services,243.56,394.31,232.56,248.15,246.89,242.96,247.13,302.02,0.2,4.2,253.79,232.13
ADBE,Adobe Inc.,Information Technology,Application Software,339.32,552.96,333.65,344.28,346.62,353.37,351.32,389.64,0.1,9.05,370.03,336.73
AMD,Advanced Micro Devices,Information Technology,Semiconductors,216.42,235.56,78.21,222.26,197.52,178.69,171.41,130.91,0.2,7.83,233.37,124.01
AES,AES Corporation,Utilities,Independent Power Producers & Energy Traders,14.44,16.89,9.5,14.44,14.39,13.71,13.34,11.7,0.4,5.96,15.3,12.12
AFL,Aflac,Financials,Life & Health Insurance,110.26,113.07,97.56,111.44,111.56,110.28,107.51,104.75,0.2,3.17,113.76,106.82
A,Agilent Technologies,Health Care,Life Sciences Tools & Services,138.23,151.65,98.88,138.87,138.32,131.71,125.06,122.6,0.2,5.72,146.14,117.29
APD,Air Products,Materials,Industrial Gases,260.86,331.69,245.41,264.02,267.28,272.6,282.6,285.67,-0.2,11.74,291.48,253.72
ABNB,Airbnb,Consumer Discretionary,"Hotels, Resorts & Cruise Lines",118.86,161.42,105.69,119.41,120.28,122.03,124.11,129.6,0.0,6.45,126.53,117.53
AKAM,Akamai Technologies,Information Technology,Internet Services & Infrastructure,73.8,106.67,68.21,75.17,76.15,76.14,76.12,81.51,0.1,6.42,78.54,73.75
ALB,Albemarle Corporation,Materials,Specialty Chemicals,96.34,108.94,50.16,92.98,89.83,86.2,81.37,72.97,0.2,0.36,96.69,75.72
ARE,Alexandria Real Estate Equities,Real Estate,Office REITs,73.87,115.36,65.57,75.11,78.98,81.61,79.62,81.38,0.1,21.35,89.64,73.57
ALGN,Align Technology,Health Care,Health Care Supplies,129.54,240.52,124.88,130.15,129.59,129.34,135.36,174.91,-0.2,3.81,134.48,124.21
ALLE,Allegion,Industrials,Building Products,173.69,179.33,118.08,175.55,176.42,176.48,172.18,144.86,0.2,3.61,179.96,173.0
LNT,Alliant Energy,Utilities,Electric Utilities,67.66,68.12,54.87,67.72,67.43,66.12,65.59,61.86,0.2,2.29,69.21,63.02
ALL,Allstate,Financials,Property & Casualty Insurance,205.64,214.65,178.34,208.89,209.94,208.11,205.75,197.54,0.0,5.61,217.18,199.03
GOOGL,Alphabet Inc. (Class A),Communication Services,Interactive Media & Services,244.15,254.72,144.4,242.53,244.21,246.86,226.85,187.69,-0.2,4.59,255.36,238.37
GOOG,Alphabet Inc. (Class C),Communication Services,Interactive Media & Services,244.64,255.24,146.27,243.39,245.04,247.52,227.5,189.01,-0.2,4.58,255.84,239.2
MO,Altria,Consumer Staples,Tobacco,64.95,66.65,45.73,65.86,65.85,65.4,65.07,57.47,0.0,2.93,66.85,63.95
AMZN,Amazon,Consumer Discretionary,Broadline Retail,220.07,242.06,167.32,222.24,221.42,223.56,225.76,214.45,0.0,6.2,233.71,213.42
AMCR,Amcor,Materials,Paper & Plastic Packaging Products & Materials,7.98,10.94,7.82,7.93,8.05,8.11,8.5,9.19,0.0,5.39,8.41,7.82
AEE,Ameren,Utilities,Multi-Utilities,103.56,104.88,83.35,103.71,103.79,102.02,101.01,96.67,0.2,2.64,106.29,97.76
AEP,American Electric Power,Utilities,Electric Utilities,116.8,118.19,87.97,117.42,115.55,111.71,111.48,103.98,0.2,2.8,120.07,103.36
AXP,American Express,Financials,Consumer Finance,323.12,341.44,230.22,322.63,326.24,332.34,321.16,298.34,0.0,7.52,347.42,317.25
AIG,American International Group,Financials,Multi-line Insurance,81.82,86.75,68.89,82.87,81.62,79.42,79.52,79.45,0.0,3.4,84.6,74.24
AMT,American Tower,Real Estate,Telecom Tower REITs,183.2,230.32,169.21,185.55,188.04,190.23,196.99,202.25,-0.4,7.43,196.81,183.64
AWK,American Water Works,Utilities,Water Utilities,139.63,150.19,118.87,141.44,139.47,137.73,140.72,137.46,0.0,2.19,142.69,132.78
AMP,Ameriprise Financial,Financials,Asset Management & Custody Banks,481.81,569.83,419.45,488.12,489.49,490.97,499.89,507.74,0.0,3.99,501.03,480.88
AME,Ametek,Industrials,Electrical Components & Equipment,182.24,196.08,150.9,181.89,183.78,185.34,185.39,179.03,0.0,4.49,190.42,180.25
AMGN,Amgen,Health Care,Biotechnology,292.4,321.88,252.22,293.62,293.82,285.87,286.21,285.54,-0.2,4.25,304.83,266.9
APH,Amphenol,Information Technology,Electronic Components,123.91,126.25,58.9,124.44,123.98,123.07,115.96,88.05,0.0,2.49,127.0,119.15
ADI,Analog Devices,Information Technology,Semiconductors,234.67,254.62,163.21,233.91,238.07,242.41,240.96,220.93,0.0,8.34,254.24,230.57
AON,Aon plc,Financials,Insurance Brokers,353.36,407.61,334.44,361.25,361.32,357.72,364.18,367.39,0.2,3.96,367.35,348.08
APA,APA Corporation,Energy,Oil & Gas Exploration & Production,22.82,25.74,13.62,23.62,24.1,24.12,22.48,20.03,-0.2,12.31,25.63,22.61
APO,Apollo Global Management,Financials,Asset Management & Custody Banks,122.44,176.82,107.9,123.01,125.81,133.17,135.79,141.67,-0.2,22.13,149.54,116.81
AAPL,Apple Inc.,Information Technology,"Technology Hardware, Storage & Peripherals",247.66,258.1,172.0,252.3,254.34,251.68,237.9,221.85,-0.2,7.02,265.05,238.31
AMAT,Applied Materials,Information Technology,Semiconductor Materials & Equipment,219.48,223.91,126.23,215.76,216.63,205.46,183.64,170.88,0.2,6.39,233.5,177.41
APP,AppLovin,Information Technology,Application Software,590.11,718.54,143.0,604.37,639.79,641.91,539.87,388.26,-0.2,22.96,725.6,558.22
APTV,Aptiv,Consumer Discretionary,Automotive Parts & Equipment,81.7,87.98,47.92,82.97,85.11,85.02,79.64,67.68,-0.2,8.73,88.83,81.2
ACGL,Arch Capital Group,Financials,Property & Casualty Insurance,92.25,108.78,84.99,92.83,91.64,90.26,90.64,91.42,-0.2,1.97,94.07,86.45
ADM,Archer Daniels Midland,Consumer Staples,Agricultural Products & Services,61.64,64.21,41.01,61.78,61.05,61.02,60.64,51.65,0.0,2.27,63.04,59.0
ANET,Arista Networks,Information Technology,Communications Equipment,147.45,158.23,64.37,152.49,149.69,146.96,141.09,108.02,0.2,6.0,156.3,137.63
AJG,Arthur J. Gallagher & Co.,Financials,Insurance Brokers,298.0,347.33,274.22,303.75,306.26,303.25,298.75,313.25,-0.1,5.38,314.03,292.49
AIZ,Assurant,Financials,Multi-line Insurance,217.42,225.29,178.36,217.76,218.29,215.07,212.09,202.46,0.0,2.72,223.33,206.81
T,AT&T,Communication Services,Integrated Telecommunication Services,25.59,29.3,20.31,25.83,26.34,27.41,28.08,26.37,0.0,16.76,29.88,24.93
ATO,Atmos Energy,Utilities,Gas Utilities,175.54,176.48,134.17,175.52,173.01,169.13,166.24,153.63,0.2,1.67,178.47,159.78
ADSK,Autodesk,Information Technology,Application Software,307.97,326.79,238.84,309.48,314.4,318.27,308.1,292.38,0.0,7.14,329.96,306.58
ADP,Automatic Data Processing,Industrials,Human Resource & Employment Services,284.35,323.5,273.96,287.81,289.59,290.19,295.99,299.72,-0.4,3.86,295.33,285.04
AZO,AutoZone,Consumer Discretionary,Automotive Retail,4097.97,4354.54,2981.19,4050.85,4143.57,4159.56,4148.33,3728.04,0.0,5.54,4325.0,3994.2
AVB,AvalonBay Communities,Real Estate,Multi-Family Residential REITs,184.68,229.94,181.07,185.8,188.19,189.8,189.53,201.33,0.1,5.64,195.1,184.5
AVY,Avery Dennison,Materials,Paper & Plastic Packaging Products & Materials,157.49,216.16,157.49,160.06,161.38,162.15,167.16,175.05,-0.4,5.74,166.53,157.78
AXON,Axon Enterprise,Industrials,Aerospace & Defense,710.0,870.97,423.5,717.82,717.57,730.39,754.83,676.95,0.0,10.01,781.07,679.73
BKR,Baker Hughes,Energy,Oil & Gas Equipment & Services,45.49,50.55,34.6,46.97,47.79,48.19,45.93,42.06,-0.2,12.35,51.11,45.28
BALL,Ball Corporation,Materials,"Metal, Glass & Plastic Containers",47.04,66.32,44.6,47.83,49.04,49.03,51.06,52.51,-0.2,8.42,51.0,47.05
BAC,Bank of America,Financials,Diversified Banks,48.86,52.42,34.0,49.49,50.12,50.97,49.45,44.96,0.0,8.78,53.15,48.79
BAX,Baxter International,Health Care,Health Care Equipment,22.11,36.21,21.61,22.44,22.86,22.83,23.45,28.78,0.0,8.73,24.04,21.63
BDX,Becton Dickinson,Health Care,Health Care Equipment,186.66,245.13,163.27,189.75,190.41,188.08,189.45,198.23,-0.2,4.36,194.8,181.37
BRK-B,Berkshire Hathaway,Financials,Multi-Sector Holdings,491.93,539.8,442.29,495.99,497.56,496.07,489.69,492.04,-0.1,2.44,503.93,488.2
BBY,Best Buy,Consumer Discretionary,Computer & Electronics Retail,77.45,93.87,54.69,75.06,75.73,74.77,73.16,72.55,-0.4,1.42,78.55,71.0
TECH,Bio-Techne,Health Care,Life Sciences Tools & Services,59.65,78.41,46.59,59.59,60.05,56.08,54.55,57.46,0.1,8.25,64.57,47.59
BIIB,Biogen,Health Care,Biotechnology,144.69,191.56,113.38,148.81,150.75,145.58,140.46,135.37,0.2,10.01,159.17,131.99
BLK,BlackRock,Financials,Asset Management & Custody Banks,1155.12,1179.27,807.61,1157.23,1159.36,1149.97,1132.89,1014.93,0.0,2.49,1183.88,1116.0
BX,Blackstone Inc.,Financials,Asset Management & Custody Banks,158.16,194.8,118.51,159.99,164.08,173.01,172.25,156.45,0.0,22.29,193.41,152.59
XYZ,"Block, Inc.",Financials,Transaction & Payment Processing Services,75.02,98.92,46.53,78.13,76.79,76.35,76.13,70.08,0.2,7.77,80.85,71.85
BK,BNY Mellon,Financials,Asset Management & Custody Banks,106.3,109.75,72.45,106.12,106.58,107.51,105.11,90.33,0.0,3.89,110.44,104.57
BA,Boeing,Industrials,Aerospace & Defense,215.56,237.38,136.59,217.89,217.39,216.51,223.9,196.89,0.2,3.48,223.06,209.97
BKNG,Booking Holdings,Consumer Discretionary,"Hotels, Resorts & Cruise Lines",5253.85,5805.92,4149.83,5196.79,5299.62,5399.13,5481.21,5156.91,0.0,7.73,5659.97,5138.11
BSX,Boston Scientific,Health Care,Health Care Equipment,94.95,108.14,83.62,96.07,96.4,97.19,101.79,101.31,-0.2,4.59,99.31,95.06
BMY,Bristol Myers Squibb,Health Care,Pharmaceuticals,43.54,60.79,42.72,44.28,44.84,44.56,45.66,49.76,0.0,6.5,46.37,42.74
AVGO,Broadcom,Information Technology,Semiconductors,356.7,368.94,145.7,341.65,338.36,339.66,323.45,249.35,0.0,-0.09,356.38,322.95
BR,Broadridge Financial Solutions,Industrials,Data Processing & Outsourced Services,232.67,265.85,206.47,234.63,234.95,237.46,249.05,238.63,0.0,5.33,245.07,229.85
BRO,Brown & Brown,Financials,Insurance Brokers,94.48,124.07,90.88,95.49,94.68,93.55,94.25,106.16,-0.2,2.11,96.47,90.64
BF-B,Brown–Forman,Consumer Staples,Distillers & Vintners,26.93,48.21,25.45,27.33,27.45,27.33,28.59,31.13,0.2,4.2,28.06,26.6
BLDR,Builders FirstSource,Industrials,Building Products,120.71,198.25,105.63,125.48,125.88,124.75,133.01,131.2,0.2,11.41,134.48,115.03
BG,Bunge Global,Consumer Staples,Agricultural Products & Services,80.98,93.67,67.23,81.9,82.43,81.29,82.05,77.18,-0.2,5.26,85.24,77.35
BXP,"BXP, Inc.",Real Estate,Office REITs,70.1,85.21,55.53,71.57,73.43,74.48,71.18,67.89,0.0,12.2,78.65,70.32
CHRW,C.H. Robinson,Industrials,Air Freight & Logistics,124.39,137.09,85.99,129.29,131.6,132.85,127.38,104.49,-0.4,11.88,139.17,126.53
CDNS,Cadence Design Systems,Information Technology,Application Software,332.23,373.37,231.64,340.68,345.45,351.77,351.31,306.79,0.2,12.58,374.02,329.52
CPT,Camden Property Trust,Real Estate,Multi-Family Residential REITs,101.81,122.47,101.67,102.37,103.58,104.86,106.34,111.69,0.0,6.46,108.39,101.32
CPB,Campbell's Company (The),Consumer Staples,Packaged Foods & Meats,29.8,46.62,29.8,30.34,30.93,31.73,32.07,34.6,-0.2,14.09,34.0,29.47
COF,Capital One,Financials,Consumer Finance,207.61,229.74,149.31,209.29,211.45,218.28,218.53,197.77,-0.2,12.3,233.15,203.41
CAH,Cardinal Health,Health Care,Health Care Distributors,154.31,167.08,106.36,156.56,156.53,153.55,151.79,142.82,0.2,4.3,160.95,146.15
KMX,CarMax,Consumer Discretionary,Automotive Retail,43.69,89.19,43.17,44.04,45.04,49.84,55.29,68.12,0.0,44.13,62.97,36.71
CCL,Carnival,Consumer Discretionary,"Hotels, Resorts & Cruise Lines",28.09,32.49,16.43,28.37,28.56,29.61,30.23,25.35,0.0,13.63,31.92,27.31
CARR,Carrier Global,Industrials,Building Products,56.87,81.67,55.21,58.12,58.81,59.35,62.87,66.84,-0.2,8.39,61.64,57.06
CAT,Caterpillar Inc.,Industrials,Construction Machinery & Heavy Transportation Equipment,504.76,504.76,271.63,497.05,492.7,478.3,444.92,376.52,0.0,1.53,512.48,444.11
CBOE,Cboe Global Markets,Financials,Financial Exchanges & Data,243.49,253.24,189.73,242.23,241.58,240.39,241.54,223.43,-0.2,1.87,248.04,232.74
CBRE,CBRE Group,Real Estate,Real Estate Services,152.93,165.9,113.94,152.03,153.96,157.63,159.28,139.66,-0.2,9.1,166.85,148.43
CDW,CDW Corporation,Information Technology,Technology Distributors,147.51,220.37,143.46,151.3,155.08,159.06,162.82,171.92,-0.2,15.52,170.4,147.71
COR,Cencora,Health Care,Health Care Distributors,317.0,318.0,220.36,313.69,310.94,304.14,297.38,277.73,0.0,1.9,323.02,285.26
CNC,Centene Corporation,Health Care,Managed Health Care,36.36,72.9,25.21,37.36,37.14,35.19,31.28,49.17,0.1,9.49,39.81,30.56
CNP,CenterPoint Energy,Utilities,Multi-Utilities,39.19,39.56,27.88,39.31,39.01,38.71,38.3,35.88,0.2,1.61,39.82,37.6
CF,CF Industries,Materials,Fertilizers & Agricultural Chemicals,88.21,101.88,67.67,89.36,89.49,88.5,86.85,85.53,0.0,6.37,93.83,83.18
CRL,Charles River Laboratories,Health Care,Life Sciences Tools & Services,170.64,220.69,99.75,170.68,170.8,160.97,159.38,154.85,0.2,7.07,182.7,139.23
SCHW,Charles Schwab Corporation,Financials,Investment Banking & Brokerage,93.49,98.69,65.8,93.45,93.58,93.72,94.91,85.6,0.0,3.14,96.43,91.0
CHTR,Charter Communications,Communication Services,Cable & Satellite,258.73,427.25,256.57,266.81,271.66,269.36,266.47,343.57,-0.1,9.43,283.13,255.59
CVX,Chevron Corporation,Energy,Integrated Oil & Gas,151.94,164.65,130.67,152.23,153.19,155.81,155.55,148.23,0.0,6.71,162.14,149.49
CMG,Chipotle Mexican Grill,Consumer Discretionary,Restaurants,40.9,66.16,38.58,40.71,40.54,40.11,41.17,49.85,-0.2,1.96,41.7,38.51
CB,Chubb Limited,Financials,Property & Casualty Insurance,282.53,301.45,256.04,285.24,284.16,279.99,276.83,279.58,-0.1,2.64,289.99,269.97
CHD,Church & Dwight,Consumer Staples,Household Products,86.52,112.48,85.84,88.15,88.15,88.34,91.19,98.83,0.0,6.43,92.08,84.6
CI,Cigna,Health Care,Health Care Services,295.41,351.85,260.91,303.23,300.7,295.45,293.89,303.1,0.3,5.24,310.89,280.02
CINF,Cincinnati Financial,Financials,Property & Casualty Insurance,157.88,165.69,125.14,161.95,161.67,158.22,154.62,144.59,0.2,5.42,166.44,149.99
CTAS,Cintas,Industrials,Diversified Support Services,187.94,227.2,181.05,193.13,197.91,199.57,207.81,207.74,-0.2,11.29,209.16,189.99
CSCO,Cisco,Information Technology,Communications Equipment,67.46,71.36,52.19,68.94,68.58,67.93,67.86,63.16,0.2,3.57,69.87,66.0
C,Citigroup,Financials,Diversified Banks,96.1,103.49,57.29,96.09,97.38,99.91,97.01,81.09,0.2,10.04,105.75,94.06
CFG,Citizens Financial Group,Financials,Regional Banks,50.25,54.0,33.59,51.3,52.32,52.63,51.01,44.44,0.0,9.47,55.01,50.24
CLX,Clorox,Consumer Staples,Household Products,120.37,165.31,116.82,120.12,121.07,122.01,122.06,134.64,0.0,4.53,125.82,118.2
CME,CME Group,Financials,Financial Exchanges & Data,271.28,288.01,211.73,268.02,266.83,265.57,268.33,261.16,-0.2,0.81,273.48,257.67
CMS,CMS Energy,Utilities,Multi-Utilities,73.55,74.4,63.54,73.57,73.09,72.04,72.21,70.26,-0.2,1.51,74.66,69.41
KO,Coca-Cola Company (The),Consumer Staples,Soft Drinks & Non-alcoholic Beverages,66.8,72.82,59.48,66.62,66.51,66.42,67.71,67.82,0.0,0.51,67.14,65.69
CTSH,Cognizant,Information Technology,IT Consulting & Other Services,66.34,89.65,65.8,67.42,67.32,67.72,69.42,75.84,0.0,5.55,70.02,65.42
COIN,Coinbase,Financials,Financial Exchanges & Data,356.99,419.78,151.47,372.81,368.59,347.35,326.11,276.97,0.0,11.72,398.83,295.87
CL,Colgate-Palmolive,Consumer Staples,Household Products,76.98,99.32,76.98,77.97,78.26,79.46,82.44,87.66,-0.2,7.11,82.45,76.48
CMCSA,Comcast,Communication Services,Cable & Satellite,29.41,43.5,29.41,30.06,30.47,30.95,32.11,33.92,-0.2,9.79,32.29,29.6
CAG,Conagra Brands,Consumer Staples,Packaged Foods & Meats,18.19,28.6,18.04,18.58,18.75,18.6,18.94,22.17,0.0,6.27,19.33,17.86
COP,ConocoPhillips,Energy,Oil & Gas Exploration & Production,88.78,110.98,81.29,91.47,92.98,93.79,94.25,93.52,-0.2,11.15,98.68,88.9
ED,Consolidated Edison,Utilities,Multi-Utilities,100.86,111.42,85.77,100.98,99.94,98.78,99.67,99.88,-0.2,1.55,102.42,95.14
STZ,Constellation Brands,Consumer Staples,Distillers & Vintners,141.44,240.49,131.78,141.73,140.37,136.88,150.36,171.56,0.2,2.38,144.81,128.95
CEG,Constellation Energy,Utilities,Electric Utilities,380.91,383.23,170.52,372.36,362.33,346.79,331.05,287.3,0.2,1.3,385.86,307.73
COO,Cooper Companies (The),Health Care,Health Care Supplies,69.3,108.56,64.32,69.34,69.3,68.19,69.47,78.71,-0.2,2.8,71.24,65.14
CPRT,Copart,Industrials,Diversified Support Services,44.07,63.84,43.88,44.23,44.53,45.01,46.71,52.78,-0.2,5.47,46.48,43.55
GLW,Corning Inc.,Information Technology,Electronic Components,85.5,87.19,38.69,85.56,84.44,81.9,73.46,54.87,0.0,2.62,87.74,76.06
CPAY,Corpay,Financials,Transaction & Payment Processing Services,282.51,389.55,280.11,286.95,287.32,293.81,307.27,332.97,-0.2,9.6,309.63,277.99
CTVA,Corteva,Materials,Fertilizers & Agricultural Chemicals,62.67,76.93,54.65,63.19,63.62,66.5,70.09,66.41,-0.2,16.5,73.01,60.0
CSGP,CoStar Group,Real Estate,Real Estate Services,75.18,96.83,69.29,77.58,80.56,83.25,87.29,80.67,-0.2,21.07,91.02,75.47
COST,Costco,Consumer Staples,Consumer Staples Merchandise Retail,935.56,1073.97,869.72,927.61,922.41,932.55,951.89,970.59,0.0,3.1,964.56,900.53
CTRA,Coterra,Energy,Oil & Gas Exploration & Production,23.17,29.06,21.94,23.66,23.62,23.7,23.85,25.28,0.0,6.47,24.67,22.73
CRWD,CrowdStrike,Information Technology,Systems Software,508.61,514.1,296.87,501.19,497.89,488.56,451.74,425.58,0.2,2.99,523.82,453.32
CCI,Crown Castle,Real Estate,Telecom Tower REITs,96.1,112.64,81.15,96.37,95.9,95.09,97.51,96.39,0.0,1.49,97.53,92.64
CSX,CSX Corporation,Industrials,Rail Transportation,35.57,36.37,26.47,35.81,35.74,34.69,34.29,32.0,0.2,4.55,37.19,32.18
CMI,Cummins,Industrials,Construction Machinery & Heavy Transportation Equipment,409.0,438.88,264.26,423.86,427.06,423.32,406.79,349.67,-0.2,7.58,440.0,406.61
CVS,CVS Health,Health Care,Health Care Services,78.44,78.44,42.33,77.43,77.12,76.1,72.39,64.03,0.0,0.41,78.76,73.43
DHR,Danaher Corporation,Health Care,Life Sciences Tools & Services,205.14,272.73,174.06,205.16,207.4,198.09,200.35,203.78,0.0,6.65,218.78,177.38
DRI,Darden Restaurants,Consumer Discretionary,Restaurants,185.01,222.41,151.34,185.56,188.27,189.5,199.32,198.15,-0.2,9.85,203.23,175.76
DDOG,Datadog,Information Technology,Application Software,164.2,168.65,87.0,161.13,156.15,146.96,138.61,126.98,0.2,2.33,168.03,125.91
DVA,DaVita,Health Care,Health Care Services,123.91,177.35,123.91,126.64,129.03,129.91,132.97,144.6,-0.4,9.18,135.28,124.52
DAY,Dayforce,Industrials,Human Resource & Employment Services,68.38,81.8,49.33,68.52,68.74,68.78,65.6,61.9,0.2,1.3,69.27,68.29
DECK,Deckers Brands,Consumer Discretionary,Footwear,98.31,223.11,95.07,98.36,100.32,106.06,109.24,127.36,-0.2,22.13,120.07,92.04
DE,Deere & Company,Industrials,Agricultural & Farm Machinery,439.11,527.96,384.05,452.79,455.49,461.4,477.01,478.0,-0.4,8.79,477.71,445.09
DELL,Dell Technologies,Information Technology,"Technology Hardware, Storage & Peripherals",153.4,164.53,70.88,155.06,150.06,141.02,134.61,114.06,0.2,5.35,161.61,120.43
DAL,Delta Air Lines,Industrials,Passenger Airlines,58.72,68.45,35.65,57.9,57.5,57.89,58.57,54.16,0.2,2.16,59.99,55.79
DVN,Devon Energy,Energy,Oil & Gas Exploration & Production,33.21,41.79,26.43,34.0,34.42,34.76,34.33,33.34,0.2,10.3,36.63,32.89
DXCM,Dexcom,Health Care,Health Care Equipment,65.2,90.75,59.83,66.44,66.54,68.44,74.22,79.08,0.0,15.54,75.33,61.54
FANG,Diamondback Energy,Energy,Oil & Gas Exploration & Production,142.11,189.94,117.58,144.82,145.05,143.65,142.21,145.79,-0.1,5.89,150.48,136.81
DLR,Digital Realty,Real Estate,Data Center REITs,171.56,190.11,134.22,172.92,173.6,172.91,169.19,164.42,-0.2,3.25,177.14,168.68
DG,Dollar General,Consumer Staples,Consumer Staples Merchandise Retail,101.87,115.62,67.25,98.86,99.4,101.26,106.73,93.88,-0.2,4.38,106.33,96.18
DLTR,Dollar Tree,Consumer Staples,Consumer Staples Merchandise Retail,92.59,117.16,61.21,88.42,89.47,92.49,102.56,88.33,-0.2,7.77,99.78,85.2
D,Dominion Energy,Utilities,Multi-Utilities,61.34,61.53,48.51,60.8,61.02,60.58,60.16,55.57,-0.2,0.96,61.93,59.24
DPZ,Domino's,Consumer Discretionary,Restaurants,408.26,493.69,397.61,408.98,418.56,424.6,440.4,452.89,-0.2,9.09,445.37,403.84
DASH,DoorDash,Consumer Discretionary,Specialized Consumer Services,273.52,281.74,144.49,274.56,273.55,268.87,258.98,215.42,-0.2,2.99,281.7,256.06
DOV,Dover Corporation,Industrials,Industrial Machinery & Supplies & Components,161.16,204.71,150.28,162.85,164.74,167.12,173.19,180.34,0.2,7.81,173.75,160.49
DOW,Dow Inc.,Materials,Commodity Chemicals,21.42,49.99,20.57,21.85,22.62,23.0,23.2,29.55,0.0,16.06,24.86,21.14
DHI,D. R. Horton,Consumer Discretionary,Homebuilding,152.59,192.41,114.44,155.08,163.52,165.74,166.74,139.07,-0.2,17.7,179.6,151.88
DTE,DTE Energy,Utilities,Multi-Utilities,140.07,142.41,113.22,140.92,140.72,138.89,137.83,131.33,0.4,2.65,143.78,134.0
DUK,Duke Energy,Utilities,Electric Utilities,126.09,127.02,102.96,125.72,124.42,123.18,122.95,116.45,0.0,0.64,126.9,119.45
DD,DuPont,Materials,Specialty Chemicals,75.95,85.06,54.51,76.95,78.24,77.59,75.84,72.67,-0.2,6.86,81.16,74.02
EMN,Eastman Chemical Company,Materials,Specialty Chemicals,60.06,106.16,58.06,60.8,62.11,63.19,64.48,78.44,-0.2,11.94,67.23,59.15
ETN,Eaton Corporation,Industrials,Electrical Components & Equipment,375.37,391.62,244.95,373.86,374.76,372.22,361.83,329.07,-0.2,1.6,381.38,363.08
EBAY,eBay Inc.,Consumer Discretionary,Broadline Retail,89.36,100.46,56.61,90.63,90.4,90.7,92.92,75.49,0.0,5.08,93.9,87.5
ECL,Ecolab,Materials,Specialty Chemicals,270.22,284.78,224.56,275.04,274.91,270.99,273.49,258.55,0.0,4.08,281.24,260.74
EIX,Edison International,Utilities,Electric Utilities,53.65,83.47,46.84,53.2,53.8,54.03,54.28,54.2,0.0,3.43,55.49,52.57
EW,Edwards Lifesciences,Health Care,Health Care Equipment,72.95,81.83,65.75,74.91,75.89,75.49,77.91,74.88,-0.4,6.94,78.01,72.97
EA,Electronic Arts,Communication Services,Interactive Home Entertainment,200.29,202.05,116.08,200.08,200.59,188.82,177.65,151.77,0.0,8.26,216.83,160.8
ELV,Elevance Health,Health Care,Managed Health Care,351.42,499.89,273.17,356.52,347.91,332.5,314.89,366.52,0.1,4.79,368.25,296.76
EME,Emcor,Industrials,Construction & Engineering,677.02,695.03,341.64,677.94,667.89,650.44,632.85,502.05,0.0,2.42,693.4,607.49
EMR,Emerson Electric,Industrials,Electrical Components & Equipment,128.18,149.04,93.37,130.03,131.51,131.18,132.49,123.7,0.0,5.64,135.41,126.94
ETR,Entergy,Utilities,Electric Utilities,95.72,97.48,62.67,95.85,95.23,92.65,90.52,83.88,0.2,3.16,98.74,86.56
EOG,EOG Resources,Energy,Oil & Gas Exploration & Production,109.72,134.72,102.81,110.13,110.57,113.82,117.16,119.0,0.0,10.39,121.12,106.52
EPAM,EPAM Systems,Information Technology,IT Consulting & Other Services,146.7,267.63,142.38,148.11,150.3,152.32,158.85,183.23,-0.2,8.43,159.07,145.56
EQT,EQT Corporation,Energy,Oil & Gas Exploration & Production,53.66,60.26,35.15,55.05,55.48,53.49,52.29,52.37,0.1,9.49,58.75,48.24
EFX,Equifax,Industrials,Research & Consulting Services,225.46,289.1,204.69,233.34,238.34,247.91,246.96,250.99,-0.1,20.44,271.54,224.28
EQIX,Equinix,Real Estate,Data Center REITs,806.29,968.75,731.64,801.18,790.43,789.25,782.06,834.44,-0.1,0.52,810.48,768.02
EQR,Equity Residential,Real Estate,Multi-Family Residential REITs,62.01,74.44,60.55,62.09,62.83,63.56,63.8,66.69,0.0,5.84,65.63,61.5
ERIE,Erie Indemnity,Financials,Insurance Brokers,319.47,526.68,310.72,322.27,318.61,317.3,336.54,369.63,-0.2,1.91,325.57,309.04
ESS,Essex Property Trust,Real Estate,Multi-Family Residential REITs,257.58,305.43,249.65,259.34,262.06,262.97,260.83,275.11,0.1,4.34,268.76,257.19
EL,Estée Lauder Companies (The),Consumer Staples,Personal Care Products,92.74,95.76,49.61,92.56,90.26,88.76,89.27,75.58,-0.2,1.81,94.42,83.09
EG,Everest Group,Financials,Reinsurance,351.02,392.1,324.54,354.87,354.76,347.0,341.84,344.43,0.1,4.38,366.39,327.62
EVRG,Evergy,Utilities,Electric Utilities,77.49,77.83,56.74,77.43,76.96,74.91,73.04,67.28,0.0,2.53,79.45,70.37
ES,Eversource Energy,Utilities,Electric Utilities,70.97,73.49,52.98,72.41,72.18,69.57,66.33,61.53,0.4,7.54,76.32,62.83
EXC,Exelon,Utilities,Electric Utilities,46.85,47.07,35.25,46.8,46.01,44.83,44.43,42.87,0.0,1.52,47.56,42.1
EXE,Expand Energy,Energy,Oil & Gas Exploration & Production,102.68,120.67,80.65,105.62,106.66,104.01,99.26,103.49,0.1,8.87,111.79,96.23
EXPE,Expedia Group,Consumer Discretionary,"Hotels, Resorts & Cruise Lines",215.64,228.24,136.05,214.27,216.38,218.97,212.3,183.05,0.2,5.42,227.33,210.62
EXPD,Expeditors International,Industrials,Air Freight & Logistics,113.97,125.62,102.14,117.27,120.07,121.1,120.66,115.05,-0.2,11.85,127.48,114.74
EXR,Extra Space Storage,Real Estate,Self-Storage REITs,145.02,165.33,123.86,143.07,142.33,141.29,140.2,143.87,-0.1,0.2,145.31,137.27
XOM,ExxonMobil,Energy,Integrated Oil & Gas,112.24,119.75,98.11,112.83,112.77,113.6,111.1,108.2,0.0,3.91,116.63,110.56
FFIV,"F5, Inc.",Information Technology,Communications Equipment,340.64,342.58,213.57,337.62,331.97,328.93,322.83,291.05,0.2,0.16,341.19,316.68
FDS,FactSet,Financials,Financial Exchanges & Data,285.99,490.93,275.01,282.12,282.3,291.45,341.44,417.59,-0.2,14.09,326.29,256.63
FICO,Fair Isaac,Information Technology,Application Software,1649.99,2382.4,1311.26,1719.71,1709.33,1620.37,1506.44,1747.92,0.3,13.7,1876.04,1364.65
FAST,Fastenal,Industrials,Trading Companies & Distributors,42.33,50.39,34.27,45.96,47.04,47.38,48.11,41.72,-0.2,18.38,50.11,44.65
FRT,Federal Realty Investment Trust,Real Estate,Retail REITs,96.96,112.47,81.67,96.97,98.18,98.35,97.08,96.43,0.2,3.53,100.38,96.33
FDX,FedEx,Industrials,Air Freight & Logistics,229.65,298.15,195.55,234.71,238.29,235.15,230.06,234.53,-0.3,7.87,247.72,222.58
FIS,Fidelity National Information Services,Financials,Transaction & Payment Processing Services,67.31,89.09,63.37,67.88,67.22,66.15,68.23,74.37,0.2,2.7,69.13,63.17
FITB,Fifth Third Bancorp,Financials,Regional Banks,42.2,46.72,32.73,42.94,43.6,44.33,43.84,40.62,-0.2,10.0,46.42,42.25
FSLR,First Solar,Information Technology,Semiconductors,226.15,234.3,120.38,229.12,228.28,222.08,206.72,168.88,0.2,5.21,237.93,206.23
FE,FirstEnergy,Utilities,Electric Utilities,46.97,46.97,37.17,46.73,46.32,45.13,44.14,40.92,0.0,1.89,47.86,42.4
FI,Fiserv,Financials,Transaction & Payment Processing Services,122.55,237.79,122.55,124.87,125.77,128.44,132.91,178.6,0.0,10.04,134.85,122.04
F,Ford Motor Company,Consumer Discretionary,Automobile Manufacturers,11.54,12.7,8.45,11.62,11.99,11.86,11.64,10.34,0.0,9.01,12.58,11.15
FTNT,Fortinet,Information Technology,Systems Software,84.2,114.57,74.39,84.96,85.25,84.19,81.83,96.49,0.1,4.5,87.99,80.4
FTV,Fortive,Industrials,Industrial Machinery & Supplies & Components,48.58,62.32,46.49,49.03,49.44,48.93,48.33,53.16,-0.1,3.93,50.49,47.37
FOXA,Fox Corporation (Class A),Communication Services,Broadcasting,58.1,63.06,40.96,59.18,60.63,60.59,59.13,54.41,0.2,10.05,63.94,57.24
FOX,Fox Corporation (Class B),Communication Services,Broadcasting,51.95,57.29,37.61,52.97,54.48,54.57,53.61,50.21,0.2,11.22,57.78,51.37
BEN,Franklin Resources,Financials,Asset Management & Custody Banks,22.84,25.67,16.21,23.23,23.17,23.38,24.23,21.3,0.0,6.48,24.32,22.44
FCX,Freeport-McMoRan,Materials,Copper,42.78,49.3,28.93,42.1,40.77,41.22,42.48,39.78,0.0,11.59,47.74,34.69
GRMN,Garmin,Consumer Discretionary,Consumer Electronics,251.34,259.77,159.13,254.39,254.58,246.1,238.59,215.46,0.2,5.28,264.61,227.57
IT,Gartner,Information Technology,IT Consulting & Other Services,245.36,551.8,225.98,243.71,250.33,254.31,248.82,394.27,-0.1,9.52,268.72,239.9
GE,GE Aerospace,Industrials,Aerospace & Defense,297.53,305.26,158.97,298.53,298.9,297.96,283.56,231.65,0.2,2.79,305.83,290.08
GEHC,GE HealthCare,Health Care,Health Care Equipment,71.84,93.39,58.69,73.34,74.71,74.53,74.27,76.52,0.1,8.71,78.1,70.96
GEV,GE Vernova,Industrials,Heavy Electrical Equipment,648.25,664.55,264.1,623.73,614.41,616.69,620.28,463.39,0.0,-0.38,645.79,587.62
GEN,Gen Digital,Information Technology,Systems Software,26.7,32.03,23.31,26.96,27.5,28.15,29.38,28.02,0.0,11.35,29.73,26.57
GNRC,Generac,Industrials,Electrical Components & Equipment,174.12,202.85,101.92,170.88,168.95,171.95,182.98,148.41,0.2,6.89,186.12,157.79
GD,General Dynamics,Industrials,Aerospace & Defense,334.39,344.98,238.33,339.09,340.09,332.17,323.77,283.41,0.2,4.49,349.4,314.94
GIS,General Mills,Consumer Staples,Packaged Foods & Meats,48.15,68.18,47.84,49.1,49.44,49.4,49.17,53.63,-0.1,5.03,50.57,48.23
GM,General Motors,Consumer Discretionary,Automobile Manufacturers,55.62,61.34,42.24,56.11,58.05,58.81,57.48,51.03,0.0,12.39,62.51,55.12
GPC,Genuine Parts Company,Consumer Discretionary,Distributors,131.7,142.77,103.92,132.65,135.86,137.05,136.88,123.79,0.0,8.42,142.79,131.32
GILD,Gilead Sciences,Health Care,Biotechnology,118.21,119.64,82.22,117.43,114.61,113.66,114.29,106.56,-0.2,0.3,118.56,108.77
GPN,Global Payments,Financials,Transaction & Payment Processing Services,84.22,118.08,67.06,86.18,86.06,85.93,85.64,89.08,-0.1,5.78,89.09,82.77
GL,Globe Life,Financials,Life & Health Insurance,136.46,146.27,102.63,136.12,137.47,140.54,139.94,126.13,0.0,8.42,147.95,133.14
GDDY,GoDaddy,Information Technology,Internet Services & Infrastructure,132.41,214.35,130.68,133.49,134.27,139.02,143.26,173.3,-0.2,12.79,149.35,128.7
GS,Goldman Sachs,Financials,Investment Banking & Brokerage,786.78,806.32,457.48,779.45,784.53,792.0,760.08,641.98,0.2,3.48,814.16,769.86
HAL,Halliburton,Energy,Oil & Gas Equipment & Services,22.5,31.1,18.96,23.21,23.86,23.71,22.45,22.91,-0.3,14.71,25.81,21.61
HIG,Hartford (The),Financials,Property & Casualty Insurance,128.74,134.7,105.0,130.94,131.99,131.7,131.18,121.88,0.0,4.58,134.64,128.75
HAS,Hasbro,Consumer Discretionary,Leisure Products,72.41,81.85,49.75,73.68,74.54,74.74,77.37,66.37,0.0,6.63,77.21,72.28
HCA,HCA Healthcare,Health Care,Health Care Facilities,410.68,437.57,294.93,421.71,425.06,417.06,404.82,357.74,-0.2,7.0,439.43,394.69
DOC,Healthpeak Properties,Real Estate,Health Care REITs,17.96,21.7,16.44,18.49,18.86,18.71,17.94,18.2,-0.3,8.96,19.57,17.86
HSIC,Henry Schein,Health Care,Health Care Distributors,63.0,81.91,62.7,64.07,65.14,66.31,67.35,70.32,0.0,10.57,69.66,62.96
HSY,Hershey Company (The),Consumer Staples,Packaged Foods & Meats,189.2,195.56,141.22,192.77,191.91,190.72,186.02,169.37,0.0,4.12,197.0,184.43
HPE,Hewlett Packard Enterprise,Information Technology,"Technology Hardware, Storage & Peripherals",24.8,26.25,12.35,25.29,24.96,24.77,23.19,19.69,0.2,4.44,25.9,23.64
HLT,Hilton Worldwide,Consumer Discretionary,"Hotels, Resorts & Cruise Lines",263.36,278.5,201.05,260.34,259.54,262.47,267.62,252.75,-0.2,2.75,270.6,254.34
HOLX,Hologic,Health Care,Health Care Equipment,65.51,83.72,52.73,67.59,67.6,67.18,67.12,64.56,0.0,6.23,69.59,64.76
HD,Home Depot (The),Consumer Discretionary,Home Improvement Retail,379.37,423.6,331.29,380.68,388.5,400.68,401.93,378.37,0.0,13.07,428.95,372.4
HON,Honeywell,Industrials,Industrial Conglomerates,202.91,239.16,180.99,205.38,207.66,208.54,213.57,215.29,-0.4,5.43,213.93,203.16
HRL,Hormel Foods,Consumer Staples,Packaged Foods & Meats,23.55,32.6,23.55,23.79,24.21,24.45,26.14,28.69,0.0,7.47,25.31,23.59
HST,Host Hotels & Resorts,Real Estate,Hotel & Resort REITs,16.26,18.04,12.39,16.19,16.57,16.91,16.6,15.59,0.0,9.66,17.83,15.98
HWM,Howmet Aerospace,Industrials,Aerospace & Defense,189.99,196.23,99.44,189.2,190.79,190.68,182.88,155.33,0.0,3.33,196.32,185.06
HPQ,HP Inc.,Information Technology,"Technology Hardware, Storage & Peripherals",27.35,37.77,21.42,26.69,26.71,27.19,27.12,27.43,-0.3,4.83,28.67,25.72
HUBB,Hubbell Incorporated,Industrials,Industrial Machinery & Supplies & Components,418.72,466.13,313.96,415.73,418.89,425.81,430.17,396.28,0.0,6.33,445.22,406.41
HUM,Humana,Health Care,Managed Health Care,271.0,310.91,219.64,287.02,277.76,268.62,277.98,259.8,-0.4,10.85,300.4,236.83
HBAN,Huntington Bancshares,Financials,Regional Banks,15.9,17.87,12.26,16.19,16.62,17.04,16.97,15.87,0.0,14.4,18.19,15.88
HII,Huntington Ingalls Industries,Industrials,Aerospace & Defense,287.9,290.83,156.78,286.65,286.21,280.84,273.58,227.21,0.0,1.67,292.71,268.97
IBM,IBM,Information Technology,IT Consulting & Other Services,277.22,293.87,199.27,285.32,285.98,278.22,258.68,253.19,0.2,7.95,299.26,257.18
IEX,IDEX Corporation,Industrials,Industrial Machinery & Supplies & Components,160.84,232.54,156.86,163.68,164.1,162.16,162.4,179.77,0.0,4.05,167.35,156.96
IDXX,Idexx Laboratories,Health Care,Health Care Equipment,633.32,682.78,361.04,627.08,628.72,634.3,641.21,511.34,-0.2,3.63,656.31,612.26
ITW,Illinois Tool Works,Industrials,Industrial Machinery & Supplies & Components,244.46,271.83,215.75,249.24,254.63,257.1,259.33,250.26,0.0,9.4,267.44,246.76
INCY,Incyte,Health Care,Biotechnology,84.73,87.23,55.17,85.17,85.77,85.03,84.32,71.45,-0.2,3.8,87.95,82.11
IR,Ingersoll Rand,Industrials,Industrial Machinery & Supplies & Components,76.1,105.27,66.72,78.6,81.07,81.0,79.81,82.69,-0.1,12.56,85.66,76.33
PODD,Insulet Corporation,Health Care,Health Care Equipment,314.56,352.82,229.13,315.68,312.61,319.35,323.24,291.6,-0.4,7.18,337.15,301.56
INTC,Intel,Information Technology,Semiconductors,37.22,37.8,18.13,37.2,36.62,33.49,27.42,22.91,0.2,11.69,41.57,25.41
IBKR,Interactive Brokers,Financials,Investment Banking & Brokerage,70.52,72.62,35.97,70.71,70.21,67.54,65.0,53.88,0.2,4.48,73.68,61.41
ICE,Intercontinental Exchange,Financials,Financial Exchanges & Data,158.75,187.92,141.62,159.38,161.07,165.22,173.38,169.75,-0.2,10.14,174.85,155.6
IFF,International Flavors & Fragrances,Materials,Specialty Chemicals,60.1,103.8,59.55,60.42,60.98,61.52,64.01,74.15,0.0,6.31,63.89,59.14
IP,International Paper,Materials,Paper & Plastic Packaging Products & Materials,45.65,58.45,43.05,46.07,46.27,46.25,47.0,49.4,0.2,3.53,47.26,45.23
IPG,Interpublic Group of Companies (The),Communication Services,Advertising,26.11,30.52,22.33,26.66,26.73,26.44,26.16,25.39,0.0,5.63,27.58,25.31
INTU,Intuit,Information Technology,Application Software,655.68,805.92,541.4,651.16,664.39,674.5,685.52,664.2,-0.2,8.47,711.22,637.75
ISRG,Intuitive Surgical,Health Care,Health Care Equipment,435.73,610.45,429.59,439.62,442.84,441.29,457.93,514.76,0.0,3.95,452.94,429.66
IVZ,Invesco,Financials,Asset Management & Custody Banks,23.29,24.13,11.86,23.55,23.56,23.01,22.08,17.46,0.0,4.77,24.4,21.62
INVH,Invitation Homes,Real Estate,Single-Family Residential REITs,28.25,34.81,27.94,28.1,28.44,28.82,29.59,31.48,-0.2,5.59,29.83,27.81
IQV,IQVIA,Health Care,Life Sciences Tools & Services,203.77,236.69,137.0,201.28,201.61,192.98,189.24,177.16,0.2,4.2,212.33,173.63
IRM,Iron Mountain,Real Estate,Other Specialized REITs,102.17,124.18,75.72,104.05,103.89,102.47,96.21,94.91,0.2,4.65,106.92,98.02
JBHT,J.B. Hunt,Industrials,Cargo Ground Transportation,138.12,195.43,123.94,140.88,138.5,136.11,140.12,148.16,-0.2,4.33,144.1,128.11
JBL,Jabil,Information Technology,Electronic Manufacturing Services,199.9,234.45,116.78,201.55,205.97,213.39,213.23,178.83,0.2,17.44,234.76,192.01
JKHY,Jack Henry & Associates,Financials,Transaction & Payment Processing Services,152.19,189.99,146.26,150.42,148.76,150.74,157.38,170.67,-0.2,3.75,157.9,143.6
J,Jacobs Solutions,Industrials,Construction & Engineering,153.91,157.36,109.18,154.63,153.91,150.99,148.31,132.66,0.2,2.53,157.8,144.18
JNJ,Johnson & Johnson,Health Care,Pharmaceuticals,190.9,191.08,138.72,190.26,188.55,182.8,178.38,159.71,0.0,2.17,195.04,170.57
JCI,Johnson Controls,Industrials,Building Products,106.38,111.73,70.88,107.29,108.23,107.95,106.97,93.96,0.0,3.74,110.36,105.53
JPM,JPMorgan Chase,Financials,Diversified Banks,307.97,314.53,208.26,305.22,307.3,309.53,300.51,267.99,-0.2,2.78,316.53,302.54
K,Kellanova,Consumer Staples,Packaged Foods & Meats,82.8,82.9,76.96,82.86,82.68,80.42,79.79,80.24,-0.1,3.16,85.42,75.42
KVUE,Kenvue,Consumer Staples,Personal Care Products,16.22,24.0,15.69,16.4,16.13,16.71,19.03,21.2,0.0,13.63,18.43,14.99
KDP,Keurig Dr Pepper,Consumer Staples,Soft Drinks & Non-alcoholic Beverages,26.42,35.85,25.3,25.8,25.7,25.96,29.13,31.73,-0.2,2.35,27.04,24.89
KEY,KeyCorp,Financials,Regional Banks,17.56,19.23,12.92,17.89,18.23,18.53,18.47,16.76,-0.2,10.76,19.45,17.61
KEYS,Keysight Technologies,Information Technology,Electronic Equipment & Instruments,163.35,185.11,127.02,167.24,170.61,172.77,168.36,161.83,0.0,11.18,181.61,163.93
KMB,Kimberly-Clark,Consumer Staples,Household Products,119.27,144.6,119.27,120.07,121.37,122.64,127.39,130.46,-0.2,6.18,126.64,118.65
KIM,Kimco Realty,Real Estate,Retail REITs,21.05,24.65,18.27,21.14,21.34,21.58,21.64,21.07,0.0,5.8,22.27,20.89
KMI,Kinder Morgan,Energy,Oil & Gas Storage & Transportation,27.34,30.24,22.71,27.62,27.93,27.81,27.26,27.14,0.0,4.83,28.66,26.96
KKR,KKR & Co.,Financials,Asset Management & Custody Banks,120.44,166.38,92.52,122.35,124.83,133.58,138.08,132.08,-0.2,27.47,153.52,113.65
KLAC,KLA Corporation,Information Technology,Semiconductor Materials & Equipment,1025.0,1139.71,573.9,1041.71,1079.65,1063.36,966.61,810.0,-0.2,12.2,1150.05,976.65
KHC,Kraft Heinz,Consumer Staples,Packaged Foods & Meats,25.11,34.07,25.04,25.16,25.55,25.85,26.53,27.52,-0.2,6.97,26.86,24.83
KR,Kroger,Consumer Staples,Food Retail,67.13,73.97,54.1,67.49,66.89,66.35,68.39,66.78,0.0,1.73,68.29,64.4
LHX,L3Harris,Industrials,Aerospace & Defense,293.42,306.76,191.79,298.43,299.45,293.08,281.52,238.59,0.2,5.27,308.88,277.28
LH,Labcorp,Health Care,Health Care Services,276.64,287.06,211.06,277.89,278.7,278.46,275.02,251.22,0.2,2.67,284.03,272.89
LRCX,Lam Research,Information Technology,Semiconductor Materials & Equipment,137.81,149.15,58.83,138.61,141.17,134.29,115.4,89.98,0.2,9.47,150.86,117.72
LW,Lamb Weston,Consumer Staples,Packaged Foods & Meats,63.81,80.72,47.73,63.89,62.8,59.04,56.76,55.08,0.2,5.27,67.17,50.9
LVS,Las Vegas Sands,Consumer Discretionary,Casinos & Gaming,46.47,57.71,30.35,50.6,51.99,52.64,53.64,45.44,-0.2,21.63,56.52,48.76
LDOS,Leidos,Industrials,Diversified Support Services,185.94,199.29,125.82,192.65,193.04,189.33,182.86,155.09,-0.2,7.12,199.18,179.49
LEN,Lennar,Consumer Discretionary,Homebuilding,118.02,179.83,101.41,119.09,123.18,125.1,128.5,118.54,0.0,13.82,134.33,115.86
LII,Lennox International,Industrials,Building Products,524.25,672.47,505.24,535.94,539.7,535.35,559.81,578.95,0.2,6.66,559.17,511.56
LLY,Lilly (Eli),Health Care,Pharmaceuticals,819.4,925.78,624.28,839.52,829.08,787.0,744.0,783.46,0.1,7.54,881.18,692.84
LIN,Linde plc,Materials,Industrial Gases,456.64,483.59,408.92,461.36,465.34,470.81,473.35,457.08,0.0,6.34,485.59,456.05
LYV,Live Nation Entertainment,Communication Services,Movies & Entertainment,153.86,174.06,112.69,152.97,155.61,160.19,161.63,144.47,-0.2,11.36,171.34,149.03
LKQ,LKQ Corporation,Consumer Discretionary,Distributors,29.15,43.02,28.68,29.36,30.19,30.41,30.91,36.55,-0.2,9.47,31.91,28.9
LMT,Lockheed Martin,Industrials,Aerospace & Defense,503.83,597.79,407.77,508.35,505.8,493.46,464.64,458.11,0.0,3.42,521.06,465.83
L,Loews Corporation,Financials,Multi-line Insurance,101.33,103.05,76.29,102.09,101.67,99.83,97.32,89.73,0.0,2.86,104.23,95.43
LOW,Lowe's,Consumer Discretionary,Home Improvement Retail,234.48,278.66,209.46,235.77,241.35,251.41,254.36,237.16,0.0,17.2,274.81,228.01
LULU,Lululemon Athletica,Consumer Discretionary,"Apparel, Accessories & Luxury Goods",169.85,421.16,159.87,171.77,174.22,173.04,183.64,277.01,0.2,7.39,182.4,163.68
LYB,LyondellBasell,Materials,Specialty Chemicals,46.27,87.23,44.91,47.33,48.16,49.64,51.78,60.28,-0.2,16.32,53.82,45.47
MTB,M&T Bank,Financials,Regional Banks,182.7,215.8,154.27,185.85,190.23,194.74,194.25,185.46,0.0,13.15,206.73,182.75
MPC,Marathon Petroleum,Energy,Oil & Gas Refining & Marketing,183.4,198.69,117.23,186.42,189.61,189.85,178.61,157.82,-0.2,8.84,199.61,180.1
MAR,Marriott International,Consumer Discretionary,"Hotels, Resorts & Cruise Lines",263.26,302.22,210.04,265.01,265.3,264.77,264.95,263.23,0.0,2.98,271.11,258.45
MMC,Marsh McLennan,Financials,Insurance Brokers,205.36,242.13,195.27,205.39,203.0,200.01,202.54,216.38,-0.2,0.92,207.25,192.78
MLM,Martin Marietta Materials,Materials,Construction Materials,638.61,638.61,451.25,634.14,631.98,623.17,615.91,547.32,0.2,0.78,643.59,602.74
MAS,Masco,Industrials,Building Products,65.99,84.25,58.18,67.16,68.66,70.14,71.78,68.94,-0.2,12.73,74.39,65.89
MA,Mastercard,Financials,Transaction & Payment Processing Services,559.24,598.17,477.88,567.21,571.14,574.14,579.46,555.99,0.0,6.21,593.97,554.33
MTCH,Match Group,Communication Services,Interactive Media & Services,32.12,38.56,26.72,32.47,33.48,35.15,36.27,32.46,-0.2,21.67,39.08,31.22
MKC,McCormick & Company,Consumer Staples,Packaged Foods & Meats,65.36,83.73,64.3,65.91,66.95,66.32,68.42,73.62,0.0,5.29,68.82,63.82
MCD,McDonald's,Consumer Discretionary,Restaurants,300.11,317.67,275.0,296.33,298.3,300.79,305.36,300.67,-0.4,2.51,307.64,293.95
MCK,McKesson Corporation,Health Care,Health Care Distributors,769.49,772.54,496.98,759.38,757.25,740.22,708.95,676.81,0.0,3.55,796.81,683.66
MDT,Medtronic,Health Care,Health Care Equipment,95.58,98.43,78.03,96.75,96.54,95.63,93.63,88.25,0.0,2.92,98.37,92.89
MRK,Merck & Co.,Health Care,Pharmaceuticals,85.7,107.55,72.03,86.64,87.48,83.74,83.03,83.98,0.1,7.21,91.88,75.6
META,Meta Platforms,Communication Services,Interactive Media & Services,715.7,789.47,483.96,717.09,719.04,740.95,751.39,669.65,-0.2,10.47,790.63,691.27
MET,MetLife,Financials,Life & Health Insurance,80.82,86.38,67.4,81.47,81.77,80.96,79.65,79.0,0.0,3.38,83.55,78.38
MTD,Mettler Toledo,Health Care,Life Sciences Tools & Services,1284.74,1456.89,970.15,1300.73,1298.09,1272.32,1278.48,1220.19,-0.2,5.34,1353.35,1191.32
MGM,MGM Resorts,Consumer Discretionary,Casinos & Gaming,31.57,41.99,25.79,32.15,33.27,34.27,35.64,34.01,-0.2,17.55,37.11,31.44
MCHP,Microchip Technology,Information Technology,Semiconductors,64.39,76.79,34.83,64.51,65.01,65.05,65.12,59.2,0.0,5.31,67.81,62.29
MU,Micron Technology,Information Technology,Semiconductors,192.77,196.54,64.62,189.79,186.06,174.04,144.19,109.21,0.2,4.3,201.06,147.02
MSFT,Microsoft,Information Technology,Systems Software,514.05,534.76,353.33,519.25,519.56,515.4,513.05,453.23,0.0,2.59,527.36,503.46
MAA,Mid-America Apartment Communities,Real Estate,Multi-Family Residential REITs,134.54,167.59,134.54,135.21,136.28,138.14,140.54,150.34,-0.2,6.02,142.64,133.64
MRNA,Moderna,Health Care,Biotechnology,26.74,58.29,23.51,27.27,27.42,26.37,25.97,29.99,0.1,7.97,28.87,23.86
MHK,Mohawk Industries,Consumer Discretionary,Home Furnishings,119.25,161.25,97.99,120.24,124.37,127.09,128.7,116.27,-0.2,14.41,136.43,117.76
MOH,Molina Healthcare,Health Care,Managed Health Care,194.27,353.24,152.31,198.97,197.58,190.64,178.46,263.1,0.3,7.31,208.47,172.8
TAP,Molson Coors Beverage Company,Consumer Staples,Brewers,46.03,61.78,44.09,45.96,45.93,45.83,48.32,52.84,-0.2,3.11,47.46,44.2
MDLZ,Mondelez International,Consumer Staples,Packaged Foods & Meats,61.17,70.19,54.9,61.58,61.97,62.37,61.88,63.19,0.1,4.38,63.85,60.89
MPWR,Monolithic Power Systems,Information Technology,Semiconductors,981.67,981.67,453.43,958.35,944.57,920.49,869.68,701.31,0.2,0.83,989.82,851.21
MNST,Monster Beverage,Consumer Staples,Soft Drinks & Non-alcoholic Beverages,67.15,69.62,46.16,68.54,67.93,66.55,64.41,58.93,0.4,4.05,69.87,63.23
MCO,Moody's Corporation,Financials,Financial Exchanges & Data,473.72,524.53,395.22,485.76,483.58,484.44,500.34,481.86,0.0,6.5,504.51,464.36
MS,Morgan Stanley,Financials,Investment Banking & Brokerage,155.13,161.16,98.35,154.98,156.17,157.68,151.71,132.99,0.0,4.62,162.3,153.06
MOS,Mosaic Company (The),Materials,Fertilizers & Agricultural Chemicals,30.99,37.55,22.47,33.0,33.81,34.12,33.27,30.68,-0.2,18.65,36.77,31.47
MSI,Motorola Solutions,Information Technology,Communications Equipment,456.25,499.65,392.79,458.19,456.32,461.62,463.51,438.08,-0.2,5.12,479.61,443.63
MSCI,MSCI Inc.,Financials,Financial Exchanges & Data,548.35,630.0,503.37,557.93,559.53,562.96,563.3,564.53,0.0,5.4,577.96,547.94
NDAQ,"Nasdaq, Inc.",Financials,Financial Exchanges & Data,89.39,96.67,66.01,89.6,88.65,88.95,92.42,83.52,-0.2,3.34,92.38,85.52
NTAP,NetApp,Information Technology,"Technology Hardware, Storage & Peripherals",118.86,128.5,75.4,118.58,118.75,120.58,115.5,105.62,-0.4,6.21,126.24,114.92
NFLX,Netflix,Communication Services,Movies & Entertainment,1219.03,1339.13,687.65,1215.1,1192.45,1203.16,1211.06,1102.79,0.0,2.46,1249.02,1157.3
NEM,Newmont,Materials,Gold,89.4,89.4,36.49,87.02,86.72,84.51,76.96,56.57,0.0,1.36,90.62,78.41
NWSA,News Corp (Class A),Communication Services,Publishing,26.09,31.03,23.89,26.55,27.74,29.08,29.24,28.22,0.0,24.49,32.48,25.69
NWS,News Corp (Class B),Communication Services,Publishing,29.55,35.06,26.86,29.99,31.31,32.48,33.1,32.17,0.0,20.98,35.75,29.21
NEE,NextEra Energy,Utilities,Multi-Utilities,84.3,84.3,63.11,83.72,81.31,77.02,74.24,70.7,0.0,3.21,87.01,67.02
NKE,"Nike, Inc.",Consumer Discretionary,"Apparel, Accessories & Luxury Goods",67.38,82.12,52.64,67.73,70.03,70.49,73.43,68.97,-0.2,11.18,74.91,66.07
NI,NiSource,Utilities,Multi-Utilities,42.73,44.17,32.78,43.2,43.35,42.29,42.04,39.49,0.4,5.62,45.13,39.45
NDSN,Nordson Corporation,Industrials,Industrial Machinery & Supplies & Components,230.52,260.48,166.29,231.52,231.29,228.23,222.93,210.06,0.0,2.3,235.82,220.63
NSC,Norfolk Southern,Industrials,Rail Transportation,289.57,300.41,204.09,293.06,296.25,292.63,284.42,252.61,-0.2,5.89,306.63,278.63
NTRS,Northern Trust,Financials,Asset Management & Custody Banks,127.03,134.6,83.34,128.99,130.86,131.07,129.01,111.97,0.2,6.77,135.63,126.51
NOC,Northrop Grumman,Industrials,Aerospace & Defense,618.88,637.95,427.78,627.39,618.48,600.09,589.99,513.33,0.2,3.64,641.41,558.77
NCLH,Norwegian Cruise Line Holdings,Consumer Discretionary,"Hotels, Resorts & Cruise Lines",23.04,29.07,15.5,23.27,23.82,24.54,24.76,22.26,0.0,14.15,26.3,22.78
NRG,NRG Energy,Utilities,Independent Power Producers & Energy Traders,168.77,173.91,83.06,165.52,164.9,165.36,157.65,130.32,-0.2,1.14,170.69,160.01
NUE,Nucor,Materials,Steel,136.97,164.83,102.37,136.49,136.59,136.45,140.54,128.25,0.0,3.35,141.56,131.35
NVDA,Nvidia,Information Technology,Semiconductors,188.32,192.57,94.3,187.64,187.41,182.44,179.44,144.68,0.0,3.04,194.04,170.85
NVR,"NVR, Inc.",Consumer Discretionary,Homebuilding,7584.9,9924.4,6700.0,7650.4,7864.15,7961.93,8074.62,7605.81,-0.2,10.4,8373.73,7549.98
NXPI,NXP Semiconductors,Information Technology,Semiconductors,216.7,250.84,152.09,217.74,222.94,223.99,223.64,210.08,0.2,8.42,234.95,213.04
ORLY,O’Reilly Automotive,Consumer Discretionary,Automotive Retail,102.88,107.82,76.44,101.47,103.39,104.02,103.89,93.16,0.0,4.94,107.96,100.07
OXY,Occidental Petroleum,Energy,Oil & Gas Exploration & Production,42.42,53.65,35.72,43.89,44.89,45.95,45.38,44.87,0.0,16.17,49.28,42.62
ODFL,Old Dominion,Industrials,Cargo Ground Transportation,136.18,230.37,134.31,139.58,140.27,140.71,145.98,163.28,-0.2,7.2,145.98,135.42
OMC,Omnicom Group,Communication Services,Advertising,76.51,101.86,68.6,78.0,78.19,77.32,76.56,76.58,-0.1,5.36,80.61,74.03
ON,ON Semiconductor,Information Technology,Semiconductors,50.11,74.7,31.95,48.97,49.09,49.79,49.48,49.26,0.0,4.63,52.43,47.14
OKE,Oneok,Energy,Oil & Gas Storage & Transportation,69.57,112.93,69.09,70.95,71.88,72.38,73.53,84.39,-0.2,7.55,74.82,69.95
ORCL,Oracle Corporation,Information Technology,Application Software,308.01,327.76,122.35,293.96,290.41,296.01,267.81,196.96,0.0,3.98,320.27,271.75
OTIS,Otis Worldwide,Industrials,Industrial Machinery & Supplies & Components,89.18,104.22,84.52,90.0,90.84,90.25,88.51,94.07,-0.3,3.64,92.43,88.08
PCAR,Paccar,Industrials,Construction Machinery & Heavy Transportation Equipment,93.23,113.98,85.82,94.77,96.56,97.89,98.54,98.32,0.0,10.4,102.93,92.85
PKG,Packaging Corporation of America,Materials,Paper & Plastic Packaging Products & Materials,207.75,242.86,173.82,209.94,212.56,213.08,208.39,201.64,0.2,5.15,218.45,207.7
PLTR,Palantir Technologies,Information Technology,Application Software,177.21,187.05,41.41,180.77,181.09,179.29,171.73,124.69,0.0,6.56,188.83,169.75
PANW,Palo Alto Networks,Information Technology,Systems Software,213.28,217.79,152.44,213.17,210.53,207.22,193.4,188.46,0.2,1.59,216.67,197.76
PSKY,Paramount Skydance Corporation,Communication Services,Movies & Entertainment,17.1,19.73,10.05,17.82,18.37,18.54,16.0,12.67,0.2,16.96,20.0,17.08
PH,Parker Hannifin,Industrials,Industrial Machinery & Supplies & Components,728.66,769.67,514.56,737.62,748.63,750.42,747.51,675.54,0.2,6.16,773.55,727.3
PAYX,Paychex,Industrials,Human Resource & Employment Services,127.42,158.58,123.42,126.36,125.5,127.58,133.53,142.95,-0.2,4.17,132.73,122.42
PAYC,Paycom,Industrials,Human Resource & Employment Services,201.3,265.28,161.46,202.5,202.33,209.61,218.37,222.56,-0.2,11.72,224.89,194.33
PYPL,PayPal,Financials,Transaction & Payment Processing Services,68.86,91.81,57.41,73.04,70.84,69.36,68.9,72.53,0.1,8.95,75.02,63.69
PNR,Pentair,Industrials,Industrial Machinery & Supplies & Components,108.83,112.59,75.76,109.67,110.63,110.27,108.4,98.92,-0.2,3.75,112.91,107.64
PEP,PepsiCo,Consumer Staples,Soft Drinks & Non-alcoholic Beverages,148.89,169.55,125.83,144.66,143.09,142.01,143.88,140.01,0.0,-0.85,147.62,136.39
PFE,Pfizer,Health Care,Pharmaceuticals,24.73,27.72,20.83,25.34,26.03,24.99,24.86,24.26,0.2,11.04,27.46,22.53
PCG,PG&E Corporation,Utilities,Multi-Utilities,15.97,21.5,12.98,16.2,15.93,15.37,15.23,15.86,0.1,4.32,16.66,14.08
PM,Philip Morris International,Consumer Staples,Tobacco,159.47,181.86,114.18,157.32,156.99,159.46,162.78,157.16,0.0,4.07,165.96,152.97
PSX,Phillips 66,Energy,Oil & Gas Refining & Marketing,129.79,139.46,91.09,130.26,132.28,133.23,129.16,119.76,0.0,7.63,139.69,126.77
PNW,Pinnacle West Capital,Utilities,Multi-Utilities,92.13,93.78,79.36,92.01,90.68,88.61,89.72,89.01,0.0,1.35,93.37,83.84
PNC,PNC Financial Services,Financials,Diversified Banks,186.92,209.23,146.94,189.1,193.71,198.63,198.19,184.03,0.0,12.99,211.2,186.06
POOL,Pool Corporation,Consumer Discretionary,Distributors,291.73,385.63,283.92,296.14,302.89,309.08,314.03,316.15,0.0,12.69,328.75,289.43
PPG,PPG Industries,Materials,Specialty Chemicals,98.86,128.23,90.49,100.05,102.19,104.48,107.77,110.24,0.0,12.28,111.0,97.96
PPL,PPL Corporation,Utilities,Electric Utilities,37.44,37.49,30.49,37.28,37.04,36.56,36.31,34.49,0.0,1.15,37.87,35.25
PFG,Principal Financial Group,Financials,Life & Health Insurance,79.67,87.94,68.21,81.42,82.58,82.16,80.02,78.71,0.0,6.56,84.9,79.42
PG,Procter & Gamble,Consumer Staples,Personal Care Products,147.49,176.3,147.49,150.2,151.26,153.02,155.05,160.56,0.0,7.71,158.86,147.19
PGR,Progressive Corporation,Financials,Property & Casualty Insurance,236.28,290.89,234.8,241.08,242.83,242.5,244.93,258.84,-0.2,4.81,247.65,237.36
PLD,Prologis,Real Estate,Industrial REITs,112.72,122.49,88.13,114.07,115.17,114.56,111.16,108.46,-0.2,4.29,117.56,111.55
PRU,Prudential Financial,Financials,Life & Health Insurance,101.25,124.75,92.74,101.91,102.54,102.91,104.69,105.56,-0.2,3.9,105.2,100.62
PEG,Public Service Enterprise Group,Utilities,Electric Utilities,81.74,91.66,75.92,81.22,81.75,81.73,82.83,81.58,0.0,1.9,83.29,80.16
PTC,PTC Inc.,Information Technology,Application Software,202.48,216.53,136.74,201.36,202.32,203.37,207.47,180.52,-0.2,2.37,207.28,199.47
PSA,Public Storage,Real Estate,Self-Storage REITs,299.63,337.69,260.94,294.95,292.78,287.86,285.94,288.85,0.3,-0.1,299.33,276.38
PHM,PulteGroup,Consumer Discretionary,Homebuilding,120.49,147.88,91.67,123.84,129.37,130.55,130.13,111.57,-0.2,16.35,140.19,120.9
PWR,Quanta Services,Industrials,Construction & Engineering,430.98,443.45,236.5,428.69,424.83,409.21,392.76,337.69,0.0,3.4,445.63,372.79
QCOM,Qualcomm,Information Technology,Semiconductors,161.78,174.12,123.21,162.85,165.38,166.76,160.03,155.18,-0.2,7.91,174.58,158.93
DGX,Quest Diagnostics,Health Care,Health Care Services,182.78,189.74,144.64,182.21,182.0,183.14,180.54,170.34,0.0,3.57,189.31,176.99
RL,Ralph Lauren Corporation,Consumer Discretionary,"Apparel, Accessories & Luxury Goods",317.23,329.03,181.18,320.68,319.97,314.66,305.08,265.08,-0.2,3.6,328.65,300.66
RJF,Raymond James Financial,Financials,Investment Banking & Brokerage,159.87,175.92,122.89,163.02,165.4,169.16,167.18,154.38,0.0,11.76,178.67,159.64
RTX,RTX Corporation,Industrials,Aerospace & Defense,158.85,169.27,112.45,163.31,165.31,162.76,158.86,138.44,-0.2,7.55,170.84,154.68
O,Realty Income,Real Estate,Retail REITs,58.73,61.18,49.38,58.86,59.57,59.51,58.63,55.54,-0.2,3.58,60.83,58.19
REG,Regency Centers,Real Estate,Retail REITs,71.48,75.5,64.21,71.18,71.56,71.24,71.39,70.69,0.0,1.75,72.73,69.75
REGN,Regeneron Pharmaceuticals,Health Care,Biotechnology,557.73,1012.19,482.34,567.87,578.7,577.95,573.32,602.84,0.1,9.15,608.76,547.15
RF,Regions Financial Corporation,Financials,Regional Banks,24.56,27.4,17.95,25.01,25.61,26.19,26.14,23.22,-0.2,13.19,27.8,24.58
RSG,Republic Services,Industrials,Environmental & Facilities Services,223.04,256.75,195.95,223.6,224.34,225.39,229.45,232.94,0.0,2.79,229.26,221.51
RMD,ResMed,Health Care,Health Care Equipment,273.01,293.73,203.67,277.7,276.97,274.67,278.35,248.95,0.0,3.62,282.89,266.44
RVTY,Revvity,Health Care,Health Care Equipment,90.98,126.65,82.5,90.78,91.22,88.26,88.08,99.7,-0.1,4.43,95.01,81.5
HOOD,Robinhood Markets,Financials,Investment Banking & Brokerage,140.68,152.46,23.49,145.59,144.89,134.48,119.43,75.01,0.0,11.89,157.41,111.55
ROK,Rockwell Automation,Industrials,Electrical Components & Equipment,339.2,357.15,217.21,341.62,345.36,344.78,343.45,303.41,0.2,4.03,352.87,336.7
ROL,"Rollins, Inc.",Industrials,Environmental & Facilities Services,56.09,58.74,45.24,57.16,57.8,57.05,57.25,54.19,-0.2,6.2,59.57,54.54
ROP,Roper Technologies,Information Technology,Electronic Equipment & Instruments,512.73,591.12,494.21,514.07,506.91,505.05,517.64,548.46,0.2,1.19,518.83,491.27
ROST,Ross Stores,Consumer Discretionary,Apparel Retail,154.77,156.17,122.22,150.96,152.15,149.97,148.53,140.67,0.0,1.04,156.38,143.57
RCL,Royal Caribbean Group,Consumer Discretionary,"Hotels, Resorts & Cruise Lines",306.22,364.72,176.89,308.18,313.19,319.46,327.69,270.13,0.0,9.42,335.07,303.84
SPGI,S&P Global,Financials,Financial Exchanges & Data,479.34,563.17,436.73,483.34,481.99,493.84,528.31,512.14,0.0,10.81,531.16,456.51
CRM,Salesforce,Information Technology,Application Software,248.75,365.66,231.26,243.19,241.36,242.79,244.32,275.36,0.0,0.6,250.24,235.33
SBAC,SBA Communications,Real Estate,Telecom Tower REITs,188.12,244.52,187.49,188.17,189.84,193.64,203.91,214.98,0.0,7.47,202.17,185.1
SLB,Schlumberger,Energy,Oil & Gas Equipment & Services,32.27,43.47,31.43,33.1,33.79,34.27,34.32,36.19,-0.2,11.87,36.1,32.43
STX,Seagate Technology,Information Technology,"Technology Hardware, Storage & Peripherals",219.51,256.84,65.98,220.99,234.82,227.56,191.68,126.91,0.2,16.12,254.9,200.24
SRE,Sempra,Utilities,Multi-Utilities,91.17,94.01,62.78,92.08,91.22,87.88,83.99,77.47,0.2,5.14,95.86,79.89
NOW,ServiceNow,Information Technology,Systems Software,923.7,1170.39,721.65,909.78,911.69,925.62,909.13,948.45,-0.1,4.0,960.65,890.58
SHW,Sherwin-Williams,Materials,Specialty Chemicals,332.16,397.11,312.15,334.55,338.77,342.31,354.18,348.15,-0.2,6.55,353.92,330.69
SPG,Simon Property Group,Real Estate,Retail REITs,176.5,187.67,136.92,177.56,181.06,181.84,176.94,165.64,-0.2,6.79,188.48,175.19
SWKS,Skyworks Solutions,Information Technology,Semiconductors,73.37,95.47,48.25,73.32,75.13,76.83,74.64,71.89,0.0,13.14,83.01,70.66
SJM,J.M. Smucker Company (The),Consumer Staples,Packaged Foods & Meats,101.49,116.99,93.48,105.08,106.57,107.09,108.94,107.24,-0.2,9.46,111.09,103.09
SW,Smurfit Westrock,Materials,Paper & Plastic Packaging Products & Materials,41.53,55.13,37.46,41.87,41.88,42.61,43.87,45.54,0.0,8.14,44.91,40.31
SNA,Snap-on,Industrials,Industrial Machinery & Supplies & Components,331.99,364.18,279.1,333.44,339.61,338.94,330.84,325.92,-0.2,5.52,350.32,327.56
SOLV,Solventum,Health Care,Health Care Technology,70.88,84.04,63.01,71.56,72.62,72.78,72.7,72.68,0.2,6.29,75.34,70.21
SO,Southern Company,Utilities,Electric Utilities,98.08,98.29,78.98,97.02,95.86,94.37,93.59,89.04,0.0,0.25,98.33,90.41
LUV,Southwest Airlines,Industrials,Passenger Airlines,31.9,37.49,23.77,31.94,32.13,32.29,31.64,31.3,0.2,4.2,33.24,31.33
SWK,Stanley Black & Decker,Industrials,Industrial Machinery & Supplies & Components,64.49,104.26,54.53,68.91,71.63,73.75,73.7,72.58,0.0,25.86,81.17,66.32
SBUX,Starbucks,Consumer Discretionary,Restaurants,80.03,114.25,78.46,79.92,82.38,83.38,86.21,91.59,0.0,9.93,87.98,78.77
STT,State Street Corporation,Financials,Asset Management & Custody Banks,114.19,117.23,74.25,115.2,115.3,114.0,112.55,99.31,-0.2,3.77,118.49,109.51
STLD,Steel Dynamics,Materials,Steel,145.54,151.94,108.4,144.77,143.54,140.64,133.17,128.06,0.2,1.55,147.8,133.48
STE,Steris,Health Care,Health Care Equipment,235.48,252.43,200.94,238.92,240.89,244.43,243.84,229.83,-0.2,7.58,253.33,235.52
SYK,Stryker Corporation,Health Care,Health Care Equipment,364.92,402.61,335.89,368.85,368.13,370.57,379.08,377.85,0.0,3.88,379.08,362.04
SMCI,Supermicro,Information Technology,"Technology Hardware, Storage & Peripherals",54.75,60.71,18.01,55.87,53.87,49.94,46.81,41.87,0.2,7.56,58.89,40.99
SYF,Synchrony Financial,Financials,Consumer Finance,70.14,76.86,43.38,70.2,70.48,72.72,73.08,63.51,-0.2,10.61,77.58,67.85
SNPS,Synopsys,Information Technology,Application Software,448.0,645.35,380.9,467.7,473.92,474.8,540.9,504.59,0.0,16.19,520.53,429.08
SYY,Sysco,Consumer Staples,Food Distributors,78.27,82.73,67.09,78.69,80.33,80.83,80.32,74.65,0.0,6.77,83.57,78.09
TMUS,T-Mobile US,Communication Services,Wireless Telecommunication Services,225.06,270.87,208.48,226.86,229.23,233.76,242.48,241.54,-0.2,8.69,244.62,222.9
TROW,T. Rowe Price,Financials,Asset Management & Custody Banks,105.36,118.63,78.24,104.88,103.88,104.14,105.03,99.12,0.0,1.81,107.27,101.0
TTWO,Take-Two Interactive,Communication Services,Interactive Home Entertainment,256.68,260.5,153.49,256.78,256.93,253.82,242.12,221.73,0.0,2.53,263.17,244.46
TPR,"Tapestry, Inc.",Consumer Discretionary,"Apparel, Accessories & Luxury Goods",114.06,116.81,42.76,113.57,114.08,112.97,107.75,85.92,-0.4,3.69,118.27,107.68
TRGP,Targa Resources,Energy,Oil & Gas Storage & Transportation,151.77,213.93,151.77,160.08,162.36,165.51,164.73,175.33,-0.1,16.56,176.9,154.12
TGT,Target Corporation,Consumer Staples,Consumer Staples Merchandise Retail,87.34,154.72,85.53,88.32,88.8,88.49,94.14,104.41,0.2,4.08,90.9,86.09
TEL,TE Connectivity,Information Technology,Electronic Manufacturing Services,219.38,224.43,121.04,220.58,220.9,218.6,210.51,168.26,0.2,2.64,225.17,212.03
TDY,Teledyne Technologies,Information Technology,Electronic Equipment & Instruments,567.82,593.62,435.54,577.66,581.28,573.44,557.18,511.04,-0.2,5.05,596.49,550.4
TER,Teradyne,Information Technology,Semiconductor Materials & Equipment,139.13,147.87,67.79,140.23,141.79,134.52,121.77,102.71,0.2,11.17,154.67,114.38
TSLA,"Tesla, Inc.",Consumer Discretionary,Automobile Manufacturers,435.9,479.86,213.65,431.34,438.0,434.01,378.01,334.88,0.2,4.76,456.65,411.37
TXN,Texas Instruments,Information Technology,Semiconductors,175.11,219.66,143.34,176.88,179.3,180.39,187.72,184.76,-0.2,6.56,186.6,174.18
TPL,Texas Pacific Land Corporation,Energy,Oil & Gas Exploration & Production,892.23,1720.9,853.36,920.76,938.44,928.26,915.81,1151.39,0.1,10.48,985.74,870.78
TXT,Textron,Industrials,Aerospace & Defense,81.74,90.23,60.69,83.83,84.94,84.11,81.64,76.65,-0.2,6.84,87.33,80.89
TMO,Thermo Fisher Scientific,Health Care,Life Sciences Tools & Services,524.58,605.06,389.91,531.88,528.74,499.98,488.87,477.36,0.2,7.28,562.77,437.2
TJX,TJX Companies,Consumer Discretionary,Apparel Retail,141.39,144.54,110.99,140.74,141.95,141.32,138.11,127.14,0.2,2.38,144.76,137.9
TKO,TKO Group Holdings,Communication Services,Movies & Entertainment,188.6,205.33,113.99,190.85,194.85,197.6,189.86,165.58,0.0,10.1,207.65,187.55
TTD,Trade Desk (The),Communication Services,Advertising,51.28,139.51,43.93,53.06,51.92,49.06,53.72,72.62,0.0,8.54,55.66,42.46
TSCO,Tractor Supply,Consumer Discretionary,Other Specialty Retail,54.91,62.65,47.62,54.2,55.05,56.59,58.87,54.61,-0.2,10.03,60.42,52.76
TT,Trane Technologies,Industrials,Building Products,418.76,471.46,313.81,420.2,422.08,414.08,418.15,394.33,-0.2,3.25,432.37,395.82
TDG,TransDigm Group,Industrials,Aerospace & Defense,1293.08,1516.55,1152.5,1283.35,1289.99,1289.79,1302.76,1306.43,-0.2,1.27,1309.5,1270.07
TRV,Travelers Companies (The),Financials,Property & Casualty Insurance,270.38,284.97,229.41,276.53,278.64,277.29,273.03,258.99,-0.2,5.59,285.49,269.08
TRMB,Trimble Inc.,Information Technology,Electronic Equipment & Instruments,77.06,85.24,55.12,78.33,79.45,80.33,81.19,73.84,0.0,8.62,83.7,76.96
TFC,Truist Financial,Financials,Diversified Banks,42.95,47.07,33.92,43.77,44.64,45.15,45.02,42.28,0.0,9.78,47.15,43.15
TYL,Tyler Technologies,Information Technology,Application Software,506.53,646.74,485.73,504.1,504.16,517.28,547.65,570.61,0.0,8.16,547.86,486.69
TSN,Tyson Foods,Consumer Staples,Packaged Foods & Meats,52.1,62.84,51.58,52.48,53.44,53.72,55.07,56.14,-0.2,6.51,55.49,51.94
USB,U.S. Bancorp,Financials,Diversified Banks,46.16,51.35,35.62,46.61,47.29,48.09,47.3,44.41,0.2,8.9,50.27,45.91
UBER,Uber,Industrials,Passenger Ground Transportation,94.08,100.1,59.93,96.11,96.85,97.15,94.85,82.94,0.0,7.5,101.14,93.16
UDR,"UDR, Inc.",Real Estate,Multi-Family Residential REITs,36.15,44.54,35.6,35.83,36.0,36.39,37.42,39.93,-0.2,3.43,37.39,35.39
ULTA,Ulta Beauty,Consumer Discretionary,Other Specialty Retail,542.93,566.91,314.47,555.19,555.99,544.69,529.22,442.53,-0.2,5.81,574.47,514.87
UNP,Union Pacific Corporation,Industrials,Rail Transportation,225.85,249.94,205.73,229.47,232.72,229.44,224.01,227.12,-0.3,7.4,242.56,216.32
UAL,United Airlines Holdings,Industrials,Passenger Airlines,99.25,110.52,56.15,98.4,96.89,99.78,100.29,88.79,0.0,8.39,107.58,91.99
UPS,United Parcel Service,Industrials,Air Freight & Logistics,83.18,130.93,82.58,84.71,85.04,84.61,85.32,99.59,0.0,4.54,86.96,82.26
URI,United Rentals,Industrials,Trading Companies & Distributors,974.54,994.37,549.5,977.59,975.19,959.14,937.52,758.45,0.0,2.49,998.81,919.45
UNH,UnitedHealth Group,Health Care,Managed Health Care,358.66,611.98,236.28,362.89,358.07,350.46,318.12,392.83,-0.1,3.22,370.21,330.7
UHS,Universal Health Services,Health Care,Health Care Facilities,197.76,235.89,154.78,202.07,203.79,198.82,187.67,181.58,0.2,7.56,212.71,184.92
VLO,Valero Energy,Energy,Oil & Gas Refining & Marketing,161.41,175.63,102.97,161.41,163.35,165.81,153.63,135.05,-0.2,8.65,175.37,156.23
VTR,Ventas,Real Estate,Health Care REITs,67.45,70.32,55.68,67.94,68.86,68.25,67.99,64.58,0.0,4.33,70.37,66.12
VLTO,Veralto,Industrials,Environmental & Facilities Services,101.44,113.11,85.14,103.0,104.74,105.23,106.4,100.68,-0.4,6.9,108.44,102.01
VRSN,Verisign,Information Technology,Internet Services & Infrastructure,264.06,305.1,175.69,265.0,269.87,277.46,275.09,257.85,0.0,11.69,294.93,259.98
VRSK,Verisk Analytics,Industrials,Research & Consulting Services,242.08,320.32,241.27,243.2,245.86,245.91,258.18,285.43,0.0,4.2,252.25,239.57
VZ,Verizon,Communication Services,Integrated Telecommunication Services,39.75,44.3,36.0,40.21,41.37,42.07,42.68,41.22,0.0,11.87,44.47,39.66
VRTX,Vertex Pharmaceuticals,Health Care,Biotechnology,407.37,516.74,366.54,412.29,407.23,396.17,394.23,444.94,0.1,3.53,421.75,370.61
VTRS,Viatris,Health Care,Pharmaceuticals,9.86,12.87,7.08,9.94,10.01,9.84,10.02,9.46,0.2,4.26,10.28,9.4
VICI,Vici Properties,Real Estate,Hotel & Resort REITs,30.91,33.46,27.08,31.25,31.94,32.0,32.43,31.06,0.0,7.31,33.17,30.83
V,Visa Inc.,Financials,Transaction & Payment Processing Services,343.3,372.65,275.54,347.55,347.2,343.61,343.57,343.11,0.2,2.94,353.39,333.85
VST,Vistra Corp.,Utilities,Electric Utilities,209.55,217.92,97.84,204.52,202.51,204.73,200.73,166.42,0.0,2.95,215.73,193.72
VMC,Vulcan Materials Company,Materials,Construction Materials,302.75,307.62,219.65,302.48,303.44,300.12,294.4,266.22,-0.2,1.97,308.71,291.54
WRB,W. R. Berkley Corporation,Financials,Property & Casualty Insurance,77.45,77.84,56.03,77.65,77.03,75.49,73.1,67.91,0.2,2.35,79.27,71.71
GWW,W. W. Grainger,Industrials,Industrial Machinery & Supplies & Components,935.49,1212.97,915.74,955.52,954.38,964.78,979.46,1020.09,-0.2,7.14,1002.28,927.25
WAB,Wabtec,Industrials,Construction Machinery & Heavy Transportation Equipment,193.54,214.1,159.81,195.49,197.57,195.08,192.97,193.6,-0.3,5.36,203.91,186.24
WMT,Walmart,Consumer Staples,Consumer Staples Merchandise Retail,102.12,104.27,78.84,102.37,102.34,102.72,101.3,96.07,0.0,1.88,104.04,101.39
DIS,Walt Disney Company (The),Communication Services,Movies & Entertainment,110.27,124.01,81.37,110.97,111.97,112.96,115.19,109.69,0.0,5.4,116.22,109.68
WBD,Warner Bros. Discovery,Communication Services,Broadcasting,17.78,19.82,7.33,17.81,18.52,18.83,15.05,11.48,0.2,14.68,20.39,17.27
WM,Waste Management,Industrials,Environmental & Facilities Services,217.09,240.36,198.36,218.28,218.65,217.91,222.38,223.95,0.2,1.95,221.32,214.5
WAT,Waters Corporation,Health Care,Life Sciences Tools & Services,336.33,417.28,277.72,328.76,324.13,310.93,300.54,343.33,0.1,1.68,341.98,279.89
WEC,WEC Energy Group,Utilities,Electric Utilities,114.97,115.2,89.8,114.75,114.12,112.54,109.99,104.57,0.2,1.54,116.74,108.33
WFC,Wells Fargo,Financials,Diversified Banks,78.92,85.16,56.49,79.46,80.39,82.17,80.54,75.63,0.0,9.79,86.65,77.7
WELL,Welltower,Real Estate,Health Care REITs,166.85,179.38,120.86,168.44,172.44,171.05,168.47,151.61,-0.2,7.9,180.03,162.07
WST,West Pharmaceutical Services,Health Care,Health Care Supplies,262.47,347.02,190.04,264.34,266.93,261.67,252.63,246.75,0.2,4.63,274.62,248.7
WDC,Western Digital,Information Technology,"Technology Hardware, Storage & Peripherals",118.86,131.31,30.45,119.02,123.36,115.63,95.51,61.75,0.2,12.75,134.01,97.24
WY,Weyerhaeuser,Real Estate,Timber REITs,23.93,32.48,23.93,24.28,24.62,24.55,25.18,26.67,0.0,5.47,25.24,23.86
WSM,"Williams-Sonoma, Inc.",Consumer Discretionary,Homefurnishing Retail,190.0,215.83,127.65,188.18,192.34,195.29,198.08,180.25,0.0,8.03,205.26,185.33
WMB,Williams Companies,Energy,Oil & Gas Storage & Transportation,62.68,64.48,47.8,63.17,63.5,62.41,59.38,57.62,0.2,5.46,66.1,58.72
WTW,Willis Towers Watson,Financials,Insurance Brokers,336.62,349.93,286.78,340.94,343.66,340.21,334.07,319.16,0.0,4.48,351.7,328.73
WDAY,"Workday, Inc.",Information Technology,Application Software,236.6,279.91,210.47,235.88,235.93,237.1,230.46,243.28,-0.1,5.39,249.35,224.84
WYNN,Wynn Resorts,Consumer Discretionary,Casinos & Gaming,112.52,133.34,65.78,120.09,124.23,125.56,120.0,96.28,-0.2,20.12,135.16,115.96
XEL,Xcel Energy,Utilities,Multi-Utilities,80.16,81.85,60.16,81.21,80.79,77.81,74.48,69.43,0.2,6.46,85.34,70.28
XYL,Xylem Inc.,Industrials,Industrial Machinery & Supplies & Components,146.0,149.9,102.25,146.69,147.76,145.05,143.03,128.12,0.2,3.52,151.14,138.95
YUM,Yum! Brands,Consumer Discretionary,Restaurants,140.47,160.96,121.48,143.51,147.35,148.3,146.61,144.49,-0.2,10.84,155.7,140.9
ZBRA,Zebra Technologies,Information Technology,Electronic Equipment & Instruments,281.96,421.11,213.54,292.11,295.23,303.3,311.24,311.93,0.0,16.12,327.41,279.21
ZBH,Zimmer Biomet,Health Care,Health Care Equipment,95.09,112.61,89.76,96.92,98.08,98.61,100.9,100.38,-0.4,7.15,101.89,95.33
ZTS,Zoetis,Health Care,Pharmaceuticals,142.26,192.1,141.11,142.6,144.46,144.43,148.97,157.38,-0.2,4.48,148.63,140.22
