Symbol,Company,GICS_Sector,GICS_Sub_Industry,Current_Price,High_52_Week,Low_52_Week,SMA5,SMA10,SMA20,SMA50,SMA200,Score,Target_Pcnt,Target_Price,Stop_Loss
MMM,3M,Industrials,Industrial Conglomerates,152.53,159.47,122.31,152.25,154.6,154.65,154.73,147.03,0.0,4.45,159.32,149.99
AOS,A. O. Smith,Industrials,Building Products,68.82,81.03,59.04,69.01,70.89,71.73,71.98,67.89,-0.2,9.43,75.31,68.15
ABT,Abbott Laboratories,Health Care,Health Care Equipment,133.27,138.95,110.09,132.96,133.26,133.89,132.59,129.37,-0.2,2.27,136.3,131.48
ABBV,AbbVie,Health Care,Biotechnology,229.13,244.38,160.57,230.37,232.97,227.7,215.88,194.46,0.2,5.08,240.77,214.63
ACN,Accenture,Information Technology,IT Consulting & Other Services,244.2,394.31,232.56,246.74,246.65,243.33,246.84,301.46,0.2,3.93,253.8,232.87
ADBE,Adobe Inc.,Information Technology,Application Software,335.94,552.96,333.65,341.8,344.94,352.53,351.27,389.08,0.1,10.39,370.84,334.23
AMD,Advanced Micro Devices,Information Technology,Semiconductors,218.09,235.56,78.21,223.57,203.15,181.57,172.24,131.37,0.2,9.2,238.15,124.99
AES,AES Corporation,Utilities,Independent Power Producers & Energy Traders,14.39,16.89,9.5,14.44,14.51,13.79,13.36,11.71,0.4,6.6,15.34,12.25
AFL,Aflac,Financials,Life & Health Insurance,111.51,113.07,97.56,111.16,111.55,110.48,107.78,104.8,0.0,2.01,113.75,107.2
A,Agilent Technologies,Health Care,Life Sciences Tools & Services,138.04,151.65,98.88,138.76,139.29,132.27,125.53,122.61,0.2,6.32,146.76,117.77
APD,Air Products,Materials,Industrial Gases,262.0,331.69,245.41,262.25,266.38,271.54,282.13,285.54,-0.2,10.81,290.32,252.77
ABNB,Airbnb,Consumer Discretionary,"Hotels, Resorts & Cruise Lines",122.89,161.42,105.69,120.02,120.43,122.09,123.95,129.54,0.0,3.02,126.6,117.58
AKAM,Akamai Technologies,Information Technology,Internet Services & Infrastructure,74.09,106.67,68.21,74.67,75.98,76.03,76.09,81.4,0.0,6.06,78.58,73.48
ALB,Albemarle Corporation,Materials,Specialty Chemicals,96.24,108.94,50.16,94.13,91.35,86.97,81.94,73.01,0.2,1.85,98.02,75.92
ARE,Alexandria Real Estate Equities,Real Estate,Office REITs,75.07,115.36,65.57,74.5,78.15,81.14,79.6,81.29,-0.1,19.29,89.55,72.73
ALGN,Align Technology,Health Care,Health Care Supplies,129.79,240.52,124.88,130.02,130.04,129.24,135.2,174.49,-0.2,3.44,134.25,124.23
ALLE,Allegion,Industrials,Building Products,175.6,179.33,118.08,175.26,176.24,176.41,172.36,145.08,0.2,2.45,179.9,172.91
LNT,Alliant Energy,Utilities,Electric Utilities,68.33,68.33,54.87,67.77,67.53,66.35,65.63,61.91,0.2,1.52,69.37,63.34
ALL,Allstate,Financials,Property & Casualty Insurance,209.52,214.65,178.34,208.43,209.43,208.77,205.9,197.62,0.0,3.12,216.06,201.48
GOOGL,Alphabet Inc. (Class A),Communication Services,Interactive Media & Services,245.45,254.72,144.4,242.46,244.44,246.58,227.86,187.94,0.0,3.83,254.85,238.3
GOOG,Alphabet Inc. (Class C),Communication Services,Interactive Media & Services,246.19,255.24,146.27,243.2,245.31,247.26,228.51,189.26,0.0,3.74,255.4,239.12
MO,Altria,Consumer Staples,Tobacco,65.4,66.65,45.73,65.61,65.78,65.43,65.16,57.55,0.0,2.23,66.86,64.0
AMZN,Amazon,Consumer Discretionary,Broadline Retail,216.39,242.06,167.32,221.16,221.1,222.68,225.85,214.39,0.0,7.24,232.06,213.29
AMCR,Amcor,Materials,Paper & Plastic Packaging Products & Materials,8.1,10.94,7.82,7.96,8.04,8.1,8.48,9.18,-0.2,3.21,8.36,7.83
AEE,Ameren,Utilities,Multi-Utilities,104.23,104.88,83.42,103.63,103.77,102.31,101.04,96.74,0.2,2.05,106.37,98.25
AEP,American Electric Power,Utilities,Electric Utilities,118.38,118.38,87.97,117.46,116.14,112.29,111.57,104.12,0.0,2.05,120.81,103.77
AXP,American Express,Financials,Consumer Finance,332.85,341.44,230.22,323.77,326.39,332.67,321.86,298.5,0.0,4.4,347.5,317.84
AIG,American International Group,Financials,Multi-line Insurance,82.91,86.75,68.89,82.64,82.06,79.75,79.63,79.51,0.2,2.45,84.94,74.56
AMT,American Tower,Real Estate,Telecom Tower REITs,186.51,230.32,169.21,185.46,187.45,189.91,196.5,202.28,-0.2,5.39,196.56,183.25
AWK,American Water Works,Utilities,Water Utilities,141.56,150.19,118.87,141.25,139.71,138.0,140.63,137.55,0.0,1.14,143.17,132.82
AMP,Ameriprise Financial,Financials,Asset Management & Custody Banks,486.52,569.83,419.45,485.86,489.02,490.99,499.49,507.51,0.0,2.98,501.02,480.94
AME,Ametek,Industrials,Electrical Components & Equipment,185.78,196.08,150.9,182.76,183.55,185.26,185.42,179.04,-0.2,2.42,190.28,180.25
AMGN,Amgen,Health Care,Biotechnology,293.85,321.88,252.22,293.29,294.99,286.91,286.1,285.72,0.0,3.87,305.22,268.6
APH,Amphenol,Information Technology,Electronic Components,122.64,126.25,58.9,124.06,123.87,123.25,116.25,88.31,-0.2,3.33,126.72,119.78
ADI,Analog Devices,Information Technology,Semiconductors,235.4,254.62,163.21,234.24,237.04,241.97,241.23,221.03,0.0,7.97,254.16,229.79
AON,Aon plc,Financials,Insurance Brokers,360.51,407.61,334.44,359.96,361.71,357.92,364.18,367.4,0.0,1.97,367.61,348.22
APA,APA Corporation,Energy,Oil & Gas Exploration & Production,22.91,25.74,13.62,23.19,23.96,24.04,22.57,20.04,0.2,11.83,25.62,22.46
APO,Apollo Global Management,Financials,Asset Management & Custody Banks,127.64,176.82,107.9,123.33,125.25,132.55,135.51,141.44,-0.2,16.55,148.76,116.34
AAPL,Apple Inc.,Information Technology,"Technology Hardware, Storage & Peripherals",247.77,258.1,172.0,250.56,253.66,252.16,238.79,221.8,-0.2,6.62,264.17,240.15
AMAT,Applied Materials,Information Technology,Semiconductor Materials & Equipment,218.19,223.91,126.23,217.09,217.98,207.69,184.36,171.14,0.0,6.37,232.09,183.29
APP,AppLovin,Information Technology,Application Software,590.03,718.54,143.0,596.01,626.94,641.22,543.77,389.51,-0.2,23.11,726.39,556.07
APTV,Aptiv,Consumer Discretionary,Automotive Parts & Equipment,82.73,87.98,47.92,82.46,84.76,85.0,80.0,67.79,-0.2,7.41,88.86,81.14
ACGL,Arch Capital Group,Financials,Property & Casualty Insurance,92.23,108.78,84.99,92.46,91.79,90.51,90.72,91.42,-0.2,2.1,94.17,86.84
ADM,Archer Daniels Midland,Consumer Staples,Agricultural Products & Services,61.85,64.21,41.01,61.57,61.26,61.0,60.8,51.71,0.0,1.79,62.96,59.03
ANET,Arista Networks,Information Technology,Communications Equipment,138.79,158.23,64.37,151.19,148.99,146.79,141.45,108.15,0.0,12.81,156.57,137.01
AJG,Arthur J. Gallagher & Co.,Financials,Insurance Brokers,303.73,347.33,274.22,302.53,305.66,303.87,299.15,313.34,-0.1,3.11,313.18,294.56
AIZ,Assurant,Financials,Multi-line Insurance,221.81,225.29,178.36,218.86,218.81,215.89,212.77,202.51,0.2,0.71,223.38,208.4
T,AT&T,Communication Services,Integrated Telecommunication Services,26.13,29.3,20.35,25.88,26.16,27.26,28.06,26.39,-0.2,13.59,29.68,24.84
ATO,Atmos Energy,Utilities,Gas Utilities,177.65,177.65,134.17,176.07,173.7,169.86,166.62,153.83,0.0,1.04,179.5,160.22
ADSK,Autodesk,Information Technology,Application Software,306.59,326.79,238.84,307.96,313.3,317.67,308.19,292.4,0.0,7.77,330.41,304.93
ADP,Automatic Data Processing,Industrials,Human Resource & Employment Services,285.92,323.5,273.96,286.41,288.83,290.05,295.7,299.69,-0.2,3.35,295.5,284.61
AZO,AutoZone,Consumer Discretionary,Automotive Retail,4055.99,4354.54,2981.19,4044.86,4120.14,4151.16,4150.1,3731.91,0.0,6.5,4319.63,3982.71
AVB,AvalonBay Communities,Real Estate,Multi-Family Residential REITs,185.42,229.94,181.07,185.38,187.42,189.55,189.61,201.17,0.0,5.25,195.15,183.93
AVY,Avery Dennison,Materials,Paper & Plastic Packaging Products & Materials,160.13,216.16,157.49,159.81,161.18,161.85,167.04,174.92,-0.2,3.59,165.88,157.81
AXON,Axon Enterprise,Industrials,Aerospace & Defense,704.67,870.97,423.5,715.83,716.27,728.09,754.02,677.32,0.0,10.55,779.01,677.15
BKR,Baker Hughes,Energy,Oil & Gas Equipment & Services,44.83,50.55,34.6,46.22,47.4,48.07,45.96,42.08,-0.2,14.48,51.32,44.83
BALL,Ball Corporation,Materials,"Metal, Glass & Plastic Containers",47.58,66.32,44.6,47.64,48.76,48.92,50.87,52.47,-0.2,7.12,50.97,46.87
BAC,Bank of America,Financials,Diversified Banks,50.09,52.42,34.0,49.45,49.97,50.94,49.54,44.99,0.0,6.11,53.15,48.73
BAX,Baxter International,Health Care,Health Care Equipment,22.82,36.11,21.61,22.43,22.86,22.78,23.46,28.75,0.0,4.69,23.89,21.67
BDX,Becton Dickinson,Health Care,Health Care Equipment,188.36,245.13,163.27,188.92,190.53,188.19,189.66,198.05,-0.4,3.44,194.84,181.53
BRK-B,Berkshire Hathaway,Financials,Multi-Sector Holdings,495.97,539.8,442.29,494.72,496.88,496.32,490.43,492.23,-0.1,1.58,503.81,488.8
BBY,Best Buy,Consumer Discretionary,Computer & Electronics Retail,77.21,93.87,54.69,75.45,75.89,74.98,73.4,72.52,0.0,2.07,78.81,71.14
TECH,Bio-Techne,Health Care,Life Sciences Tools & Services,59.27,78.41,46.59,59.61,60.41,56.46,54.64,57.39,0.1,9.36,64.82,48.1
BIIB,Biogen,Health Care,Biotechnology,145.31,191.56,113.38,147.43,151.28,145.66,140.72,135.35,0.2,9.58,159.23,132.09
BLK,BlackRock,Financials,Asset Management & Custody Banks,1194.26,1194.26,807.61,1162.83,1162.2,1153.74,1134.56,1015.7,0.2,-0.38,1189.72,1117.74
BX,Blackstone Inc.,Financials,Asset Management & Custody Banks,163.98,194.8,118.51,159.8,163.4,172.02,172.12,156.41,-0.2,17.19,192.17,151.87
XYZ,"Block, Inc.",Financials,Transaction & Payment Processing Services,76.18,98.92,46.53,77.57,77.18,76.37,76.14,70.0,-0.2,6.14,80.86,71.87
BK,BNY Mellon,Financials,Asset Management & Custody Banks,107.11,109.75,72.45,106.16,106.4,107.59,105.23,90.48,0.0,3.05,110.38,104.79
BA,Boeing,Industrials,Aerospace & Defense,214.3,237.38,136.59,216.38,217.24,216.48,223.74,197.06,0.2,4.09,223.06,209.89
BKNG,Booking Holdings,Consumer Discretionary,"Hotels, Resorts & Cruise Lines",5280.14,5805.92,4149.83,5204.42,5287.71,5389.38,5477.48,5157.83,0.0,7.06,5652.92,5125.89
BSX,Boston Scientific,Health Care,Health Care Equipment,96.24,108.14,83.62,96.13,96.27,97.05,101.58,101.33,0.0,2.91,99.04,95.06
BMY,Bristol Myers Squibb,Health Care,Pharmaceuticals,43.8,60.79,42.72,44.1,44.77,44.46,45.64,49.71,0.0,5.53,46.22,42.7
AVGO,Broadcom,Information Technology,Semiconductors,344.13,368.94,145.7,343.2,339.78,338.9,324.39,249.88,-0.2,2.62,353.15,324.65
BR,Broadridge Financial Solutions,Industrials,Data Processing & Outsourced Services,235.01,265.85,206.47,234.25,234.63,236.93,248.8,238.68,0.0,3.66,243.61,230.25
BRO,Brown & Brown,Financials,Insurance Brokers,94.77,124.07,90.88,95.33,94.78,93.74,94.3,106.11,-0.2,1.76,96.44,91.05
BF-B,Brown–Forman,Consumer Staples,Distillers & Vintners,27.53,48.21,25.45,27.27,27.49,27.34,28.55,31.07,0.0,2.0,28.08,26.61
BLDR,Builders FirstSource,Industrials,Building Products,128.09,198.25,105.63,125.72,126.56,124.31,133.01,131.1,0.0,3.4,132.45,116.18
BG,Bunge Global,Consumer Staples,Agricultural Products & Services,82.41,93.67,67.23,81.57,82.55,81.23,82.1,77.21,-0.4,3.2,85.05,77.41
BXP,"BXP, Inc.",Real Estate,Office REITs,70.53,85.21,55.53,70.92,73.05,74.1,71.29,67.88,0.0,10.93,78.24,69.96
CHRW,C.H. Robinson,Industrials,Air Freight & Logistics,127.98,137.09,85.99,128.12,131.16,132.56,127.65,104.62,-0.2,8.77,139.2,125.92
CDNS,Cadence Design Systems,Information Technology,Application Software,325.75,373.37,231.64,336.73,342.9,350.6,350.53,306.88,0.2,15.29,375.56,325.63
CPT,Camden Property Trust,Real Estate,Multi-Family Residential REITs,102.13,122.47,101.67,102.12,103.11,104.66,106.29,111.64,-0.2,6.08,108.34,100.98
CPB,Campbell's Company (The),Consumer Staples,Packaged Foods & Meats,30.34,46.62,29.8,30.18,30.85,31.59,32.04,34.55,-0.2,11.54,33.84,29.35
COF,Capital One,Financials,Consumer Finance,214.2,229.74,149.68,209.39,211.62,217.76,218.61,197.94,-0.2,8.52,232.45,203.08
CAH,Cardinal Health,Health Care,Health Care Distributors,154.19,167.08,106.36,156.07,156.31,153.86,151.71,143.0,0.0,4.29,160.8,146.93
KMX,CarMax,Consumer Discretionary,Automotive Retail,44.0,89.19,43.17,43.87,44.95,49.02,55.08,67.92,0.0,39.66,61.45,36.59
CCL,Carnival,Consumer Discretionary,"Hotels, Resorts & Cruise Lines",28.96,32.49,16.43,28.42,28.57,29.5,30.22,25.36,0.0,9.5,31.71,27.3
CARR,Carrier Global,Industrials,Building Products,57.5,81.67,55.21,57.79,58.59,59.18,62.69,66.78,0.0,6.92,61.48,56.88
CAT,Caterpillar Inc.,Industrials,Construction Machinery & Heavy Transportation Equipment,527.47,527.47,271.63,505.2,497.73,482.64,446.79,377.35,0.2,-1.68,518.61,446.67
CBOE,Cboe Global Markets,Financials,Financial Exchanges & Data,238.21,253.24,189.73,241.69,240.88,240.62,241.29,223.65,-0.2,4.0,247.74,233.51
CBRE,CBRE Group,Real Estate,Real Estate Services,154.36,165.9,113.94,152.37,153.64,157.21,159.24,139.77,-0.2,7.67,166.2,148.22
CDW,CDW Corporation,Information Technology,Technology Distributors,150.33,220.37,143.46,150.32,154.19,158.27,162.4,171.8,0.0,12.9,169.72,146.81
COR,Cencora,Health Care,Health Care Distributors,317.93,318.0,220.72,315.53,311.48,305.53,297.88,278.19,0.0,1.96,324.16,286.91
CNC,Centene Corporation,Health Care,Managed Health Care,36.44,72.9,25.21,36.97,37.22,35.42,31.49,49.05,0.1,9.22,39.8,31.04
CNP,CenterPoint Energy,Utilities,Multi-Utilities,39.49,39.56,27.88,39.32,39.08,38.8,38.31,35.92,0.2,0.91,39.85,37.75
CF,CF Industries,Materials,Fertilizers & Agricultural Chemicals,86.73,101.88,67.67,88.32,89.2,88.59,86.72,85.55,0.0,8.07,93.73,83.45
CRL,Charles River Laboratories,Health Care,Life Sciences Tools & Services,170.13,220.69,99.75,170.68,172.16,161.9,159.42,154.77,0.2,7.88,183.54,140.25
SCHW,Charles Schwab Corporation,Financials,Investment Banking & Brokerage,93.39,98.69,66.82,93.33,93.37,93.83,94.84,85.7,0.0,3.07,96.26,91.41
CHTR,Charter Communications,Communication Services,Cable & Satellite,266.25,427.25,256.57,264.77,270.78,269.61,266.56,343.14,-0.1,6.26,282.92,256.3
CVX,Chevron Corporation,Energy,Integrated Oil & Gas,152.39,164.65,130.67,151.72,152.9,155.46,155.61,148.29,-0.2,6.11,161.7,149.21
CMG,Chipotle Mexican Grill,Consumer Discretionary,Restaurants,42.1,66.16,38.58,40.94,40.83,40.25,41.15,49.75,0.4,-0.21,42.01,38.48
CB,Chubb Limited,Financials,Property & Casualty Insurance,284.63,301.45,256.04,284.32,284.4,280.62,277.16,279.63,-0.1,1.93,290.12,271.11
CHD,Church & Dwight,Consumer Staples,Household Products,86.93,112.48,85.84,87.54,88.08,88.11,91.1,98.73,0.0,5.37,91.6,84.63
CI,Cigna,Health Care,Health Care Services,302.13,351.85,260.91,302.23,302.09,295.84,294.63,303.23,0.1,3.11,311.53,280.16
CINF,Cincinnati Financial,Financials,Property & Casualty Insurance,158.75,165.69,125.14,160.57,161.73,158.53,154.81,144.67,0.2,4.77,166.32,150.75
CTAS,Cintas,Industrials,Diversified Support Services,188.23,227.2,181.05,190.94,196.21,199.02,207.08,207.74,-0.2,11.46,209.8,188.23
CSCO,Cisco,Information Technology,Communications Equipment,68.66,71.36,52.55,68.87,68.64,68.04,67.87,63.22,0.0,1.78,69.88,66.19
C,Citigroup,Financials,Diversified Banks,99.84,103.49,57.29,96.5,97.21,99.87,97.16,81.24,0.0,5.87,105.7,94.03
CFG,Citizens Financial Group,Financials,Regional Banks,51.8,54.0,33.59,51.03,52.18,52.66,51.09,44.48,0.0,6.14,54.98,50.34
CLX,Clorox,Consumer Staples,Household Products,119.33,165.31,116.82,119.89,120.67,121.73,121.99,134.44,0.0,5.15,125.48,117.99
CME,CME Group,Financials,Financial Exchanges & Data,267.18,288.01,211.73,268.74,266.53,265.94,267.96,261.34,0.0,2.33,273.41,258.47
CMS,CMS Energy,Utilities,Multi-Utilities,74.35,74.4,63.54,73.69,73.2,72.26,72.21,70.3,0.0,0.71,74.88,69.63
KO,Coca-Cola Company (The),Consumer Staples,Soft Drinks & Non-alcoholic Beverages,67.51,72.82,59.48,66.77,66.63,66.48,67.69,67.85,0.2,-0.25,67.34,65.62
CTSH,Cognizant,Information Technology,IT Consulting & Other Services,67.27,89.65,65.8,67.28,67.34,67.63,69.35,75.78,-0.2,3.82,69.84,65.42
COIN,Coinbase,Financials,Financial Exchanges & Data,341.55,419.78,151.47,365.96,368.99,348.03,326.58,277.28,0.0,16.77,398.83,297.25
CL,Colgate-Palmolive,Consumer Staples,Household Products,78.4,99.32,76.98,77.83,78.1,79.31,82.34,87.6,0.0,4.82,82.18,76.45
CMCSA,Comcast,Communication Services,Cable & Satellite,29.99,43.5,29.41,29.94,30.36,30.85,32.06,33.88,-0.2,7.27,32.17,29.53
CAG,Conagra Brands,Consumer Staples,Packaged Foods & Meats,18.5,28.6,18.04,18.5,18.77,18.58,18.94,22.13,0.0,4.32,19.3,17.86
COP,ConocoPhillips,Energy,Oil & Gas Exploration & Production,88.17,110.98,81.29,90.06,92.34,93.47,94.17,93.49,0.0,12.2,98.93,88.02
ED,Consolidated Edison,Utilities,Multi-Utilities,101.89,111.42,85.77,101.35,100.08,99.09,99.62,99.95,0.0,0.76,102.66,95.52
STZ,Constellation Brands,Consumer Staples,Distillers & Vintners,141.24,240.49,131.78,141.95,141.02,137.21,149.78,171.15,0.2,2.86,145.28,129.13
CEG,Constellation Energy,Utilities,Electric Utilities,389.56,389.56,170.52,378.64,368.38,350.13,331.75,288.11,0.2,0.56,391.74,308.5
COO,Cooper Companies (The),Health Care,Health Care Supplies,71.21,108.56,64.32,69.78,69.57,68.5,69.46,78.6,-0.2,0.38,71.48,65.51
CPRT,Copart,Industrials,Diversified Support Services,44.77,63.84,43.88,44.34,44.51,44.92,46.69,52.7,-0.2,3.19,46.2,43.64
GLW,Corning Inc.,Information Technology,Electronic Components,84.61,87.19,38.69,85.47,84.69,82.19,73.89,55.05,0.0,3.95,87.95,76.43
CPAY,Corpay,Financials,Transaction & Payment Processing Services,289.82,389.55,280.11,287.11,287.5,292.99,306.58,332.69,0.0,6.21,307.82,278.17
CTVA,Corteva,Materials,Fertilizers & Agricultural Chemicals,62.67,76.93,54.65,62.61,63.13,66.14,69.9,66.44,-0.2,15.94,72.66,59.63
CSGP,CoStar Group,Real Estate,Real Estate Services,75.73,96.83,69.29,76.6,79.7,82.63,86.87,80.68,0.0,19.79,90.72,74.54
COST,Costco,Consumer Staples,Consumer Staples Merchandise Retail,946.51,1073.97,869.72,933.95,924.5,932.27,951.72,970.54,0.0,1.82,963.74,900.84
CTRA,Coterra,Energy,Oil & Gas Exploration & Production,23.21,29.06,21.94,23.4,23.58,23.63,23.84,25.27,0.0,5.73,24.54,22.73
CRWD,CrowdStrike,Information Technology,Systems Software,488.94,514.1,296.87,502.06,497.75,490.75,452.42,426.2,-0.2,6.31,519.79,461.72
CCI,Crown Castle,Real Estate,Telecom Tower REITs,97.29,112.64,81.15,96.8,95.98,95.27,97.34,96.44,-0.2,0.51,97.79,92.75
CSX,CSX Corporation,Industrials,Rail Transportation,36.13,36.37,26.47,35.84,35.8,34.87,34.31,32.02,0.2,3.04,37.23,32.51
CMI,Cummins,Industrials,Construction Machinery & Heavy Transportation Equipment,416.65,438.88,264.26,420.35,426.49,423.38,407.93,350.01,-0.2,5.6,439.98,406.78
CVS,CVS Health,Health Care,Health Care Services,79.66,79.66,42.33,77.93,77.54,76.41,72.76,64.22,0.2,-0.55,79.22,73.6
DHR,Danaher Corporation,Health Care,Life Sciences Tools & Services,206.15,272.73,174.06,204.64,208.19,198.89,200.53,203.66,0.0,6.5,219.55,178.23
DRI,Darden Restaurants,Consumer Discretionary,Restaurants,187.0,222.41,152.11,184.96,188.09,188.44,198.99,198.18,0.0,6.49,199.14,177.74
DDOG,Datadog,Information Technology,Application Software,160.88,168.65,87.0,162.4,158.0,148.28,139.04,127.04,0.2,5.27,169.36,127.2
DVA,DaVita,Health Care,Health Care Services,126.62,177.35,123.91,125.76,128.41,129.73,132.71,144.46,-0.2,6.86,135.31,124.16
DAY,Dayforce,Industrials,Human Resource & Employment Services,68.2,81.8,49.33,68.36,68.67,68.74,65.86,61.87,0.0,1.55,69.26,68.21
DECK,Deckers Brands,Consumer Discretionary,Footwear,99.28,223.11,95.07,98.62,100.11,105.09,109.12,126.82,-0.2,18.98,118.12,92.05
DE,Deere & Company,Industrials,Agricultural & Farm Machinery,447.95,527.96,384.05,450.08,454.56,460.44,475.8,478.11,-0.2,6.6,477.51,443.36
DELL,Dell Technologies,Information Technology,"Technology Hardware, Storage & Peripherals",148.77,164.53,70.88,154.64,150.76,142.08,134.98,114.22,0.4,8.87,161.97,122.18
DAL,Delta Air Lines,Industrials,Passenger Airlines,61.27,68.45,35.65,58.83,57.95,58.06,58.75,54.16,0.2,-1.06,60.62,55.5
DVN,Devon Energy,Energy,Oil & Gas Exploration & Production,32.71,41.79,26.43,33.55,34.18,34.65,34.35,33.35,0.2,12.26,36.72,32.58
DXCM,Dexcom,Health Care,Health Care Equipment,66.21,90.75,59.83,66.48,66.44,67.92,74.02,79.01,0.0,11.42,73.77,62.07
FANG,Diamondback Energy,Energy,Oil & Gas Exploration & Production,141.83,189.94,117.58,143.41,144.93,143.82,142.11,145.73,-0.1,5.96,150.28,137.35
DLR,Digital Realty,Real Estate,Data Center REITs,171.88,190.11,134.22,172.27,173.5,172.81,169.2,164.4,0.0,3.0,177.04,168.59
DG,Dollar General,Consumer Staples,Consumer Staples Merchandise Retail,103.71,115.62,67.25,100.33,99.5,101.26,106.6,94.04,0.2,2.55,106.35,96.17
DLTR,Dollar Tree,Consumer Staples,Consumer Staples Merchandise Retail,95.58,117.16,61.21,90.53,89.59,92.49,102.16,88.44,-0.2,4.42,99.8,85.19
D,Dominion Energy,Utilities,Multi-Utilities,61.52,61.53,48.51,60.93,61.05,60.69,60.18,55.62,0.0,0.75,61.98,59.4
DPZ,Domino's,Consumer Discretionary,Restaurants,424.23,493.69,397.61,411.54,417.81,423.7,439.56,452.88,-0.4,4.37,442.77,404.6
DASH,DoorDash,Consumer Discretionary,Specialized Consumer Services,270.54,281.74,148.87,273.31,273.4,269.25,259.23,215.92,0.0,4.16,281.79,256.7
DOV,Dover Corporation,Industrials,Industrial Machinery & Supplies & Components,162.55,204.71,150.28,162.44,164.31,166.62,172.93,180.21,-0.2,6.45,173.03,160.2
DOW,Dow Inc.,Materials,Commodity Chemicals,21.92,49.99,20.57,21.73,22.51,22.87,23.22,29.47,0.0,12.5,24.66,21.08
DHI,D. R. Horton,Consumer Discretionary,Homebuilding,156.74,192.41,114.44,154.19,162.25,164.99,166.81,139.16,-0.2,14.27,179.11,150.89
DTE,DTE Energy,Utilities,Multi-Utilities,141.65,142.41,113.22,140.76,140.74,139.27,137.87,131.45,0.2,1.48,143.75,134.8
DUK,Duke Energy,Utilities,Electric Utilities,127.82,127.82,102.96,126.17,124.83,123.55,123.04,116.56,0.2,-0.22,127.54,119.57
DD,DuPont,Materials,Specialty Chemicals,77.58,85.06,54.51,76.69,78.21,77.61,75.98,72.68,-0.2,4.64,81.18,74.05
EMN,Eastman Chemical Company,Materials,Specialty Chemicals,60.54,106.16,58.06,60.44,61.86,62.92,64.49,78.3,-0.2,10.51,66.9,58.93
ETN,Eaton Corporation,Industrials,Electrical Components & Equipment,374.35,391.62,244.95,374.54,374.77,372.38,361.64,329.26,-0.2,1.93,381.57,363.2
EBAY,eBay Inc.,Consumer Discretionary,Broadline Retail,91.06,100.46,56.61,90.24,90.41,90.81,92.89,75.63,-0.2,3.12,93.9,87.72
ECL,Ecolab,Materials,Specialty Chemicals,273.03,284.78,224.56,273.84,274.82,271.44,273.68,258.72,0.0,3.0,281.22,261.66
EIX,Edison International,Utilities,Electric Utilities,56.07,83.47,46.84,53.68,53.96,54.11,54.31,54.1,0.2,-0.45,55.82,52.41
EW,Edwards Lifesciences,Health Care,Health Care Equipment,73.36,81.83,65.75,74.24,75.45,75.41,77.77,74.87,-0.2,6.45,78.09,72.72
EA,Electronic Arts,Communication Services,Interactive Home Entertainment,200.2,202.05,116.08,200.11,200.44,190.22,178.46,152.02,0.0,8.67,217.56,162.89
ELV,Elevance Health,Health Care,Managed Health Care,350.48,499.89,273.17,355.12,350.64,334.53,316.43,366.43,0.1,5.43,369.51,299.54
EME,Emcor,Industrials,Construction & Engineering,674.14,695.03,341.64,678.15,670.35,653.2,633.75,503.11,0.0,3.06,694.77,611.61
EMR,Emerson Electric,Industrials,Electrical Components & Equipment,129.77,149.04,93.37,129.69,131.37,131.22,132.25,123.72,-0.2,4.33,135.39,127.04
ETR,Entergy,Utilities,Electric Utilities,96.66,97.48,63.44,95.98,95.57,93.07,90.64,83.99,0.2,2.47,99.05,87.09
EOG,EOG Resources,Energy,Oil & Gas Exploration & Production,109.12,134.72,102.81,109.87,110.27,113.24,117.0,118.96,0.0,10.03,120.06,106.42
EPAM,EPAM Systems,Information Technology,IT Consulting & Other Services,146.98,267.63,142.38,147.53,149.92,151.94,158.73,182.76,-0.2,8.17,158.99,144.89
EQT,EQT Corporation,Energy,Oil & Gas Exploration & Production,53.29,60.26,35.15,54.28,55.37,53.66,52.32,52.42,-0.3,10.08,58.66,48.66
EFX,Equifax,Industrials,Research & Consulting Services,228.33,289.1,204.69,231.4,235.52,246.3,246.67,250.84,-0.2,18.53,270.64,221.96
EQIX,Equinix,Real Estate,Data Center REITs,817.42,968.75,731.64,807.25,793.85,791.16,782.94,833.85,0.1,-0.28,815.13,767.17
EQR,Equity Residential,Real Estate,Multi-Family Residential REITs,62.3,74.44,60.55,62.06,62.58,63.47,63.8,66.66,0.0,5.3,65.6,61.35
ERIE,Erie Indemnity,Financials,Insurance Brokers,321.14,526.68,310.72,322.61,319.04,317.39,335.87,369.15,0.0,1.44,325.76,309.0
ESS,Essex Property Trust,Real Estate,Multi-Family Residential REITs,259.37,305.43,249.65,258.79,261.23,262.79,260.98,275.02,0.1,3.62,268.76,256.8
EL,Estée Lauder Companies (The),Consumer Staples,Personal Care Products,95.0,95.76,49.61,93.02,90.94,89.08,89.32,75.69,-0.2,0.38,95.36,82.8
EG,Everest Group,Financials,Reinsurance,356.74,392.1,324.54,353.24,355.41,348.31,342.46,344.42,-0.1,2.76,366.59,330.02
EVRG,Evergy,Utilities,Electric Utilities,78.09,78.09,57.01,77.51,77.17,75.24,73.16,67.37,0.0,2.04,79.68,70.81
ES,Eversource Energy,Utilities,Electric Utilities,70.59,73.49,52.98,71.96,72.12,69.97,66.43,61.61,0.2,7.58,75.94,63.99
EXC,Exelon,Utilities,Electric Utilities,47.38,47.38,35.25,46.92,46.24,45.06,44.48,42.92,0.0,0.95,47.83,42.29
EXE,Expand Energy,Energy,Oil & Gas Exploration & Production,101.36,120.67,80.65,104.09,106.17,104.2,99.29,103.52,-0.3,10.01,111.51,96.89
EXPE,Expedia Group,Consumer Discretionary,"Hotels, Resorts & Cruise Lines",223.12,228.24,136.05,215.66,217.32,218.88,213.07,183.23,0.0,1.74,227.0,210.75
EXPD,Expeditors International,Industrials,Air Freight & Logistics,117.39,125.62,102.14,116.29,119.55,120.73,120.67,115.08,0.0,8.24,127.06,114.41
EXR,Extra Space Storage,Real Estate,Self-Storage REITs,147.84,165.33,123.86,144.07,143.02,141.51,140.43,143.88,0.3,-0.99,146.38,136.64
XOM,ExxonMobil,Energy,Integrated Oil & Gas,112.29,119.75,98.11,112.44,112.72,113.48,111.22,108.25,0.0,3.77,116.52,110.43
FFIV,"F5, Inc.",Information Technology,Communications Equipment,343.17,343.17,213.57,340.1,333.97,329.9,323.27,291.48,0.2,0.06,343.38,316.44
FDS,FactSet,Financials,Financial Exchanges & Data,285.75,490.93,275.01,283.88,282.23,288.48,339.26,416.58,-0.2,9.57,313.1,263.85
FICO,Fair Isaac,Information Technology,Application Software,1649.51,2382.4,1311.26,1673.7,1724.63,1625.17,1512.21,1745.64,0.1,13.93,1879.29,1371.05
FAST,Fastenal,Industrials,Trading Companies & Distributors,42.75,50.39,35.0,45.02,46.41,47.16,48.06,41.75,-0.2,18.25,50.55,43.76
FRT,Federal Realty Investment Trust,Real Estate,Retail REITs,97.34,112.47,81.67,96.92,97.9,98.28,97.21,96.38,0.2,3.09,100.35,96.22
FDX,FedEx,Industrials,Air Freight & Logistics,234.67,298.15,195.55,233.18,238.17,235.5,230.43,234.37,0.1,5.51,247.6,223.39
FIS,Fidelity National Information Services,Financials,Transaction & Payment Processing Services,67.74,89.09,63.37,67.72,67.39,66.22,68.01,74.31,0.2,2.26,69.27,63.16
FITB,Fifth Third Bancorp,Financials,Regional Banks,43.41,46.72,32.73,42.88,43.49,44.27,43.89,40.63,0.0,6.86,46.39,42.15
FSLR,First Solar,Information Technology,Semiconductors,224.43,234.3,120.38,228.43,228.67,223.04,207.54,169.07,0.2,5.56,236.91,209.18
FE,FirstEnergy,Utilities,Electric Utilities,47.53,47.53,37.17,46.95,46.49,45.35,44.22,40.96,0.0,1.2,48.1,42.61
FI,Fiserv,Financials,Transaction & Payment Processing Services,124.12,237.79,122.55,124.35,125.29,128.01,132.67,178.17,-0.2,8.25,134.36,121.66
F,Ford Motor Company,Consumer Discretionary,Automobile Manufacturers,11.65,12.7,8.45,11.57,11.96,11.87,11.66,10.35,0.0,7.98,12.58,11.16
FTNT,Fortinet,Information Technology,Systems Software,83.08,114.57,74.39,84.59,85.15,84.36,81.52,96.42,-0.1,5.46,87.62,81.09
FTV,Fortive,Industrials,Industrial Machinery & Supplies & Components,49.03,62.32,46.49,48.91,49.45,48.95,48.37,53.12,-0.1,3.02,50.51,47.39
FOXA,Fox Corporation (Class A),Communication Services,Broadcasting,58.11,63.06,41.0,58.5,60.13,60.62,59.16,54.46,0.2,9.91,63.87,57.38
FOX,Fox Corporation (Class B),Communication Services,Broadcasting,52.11,57.29,37.61,52.38,53.96,54.58,53.62,50.23,0.2,10.86,57.77,51.39
BEN,Franklin Resources,Financials,Asset Management & Custody Banks,22.92,25.67,16.21,23.13,23.15,23.33,24.2,21.32,0.0,5.8,24.25,22.41
FCX,Freeport-McMoRan,Materials,Copper,41.97,49.3,28.93,42.36,41.04,41.05,42.51,39.8,0.0,12.75,47.32,34.79
GRMN,Garmin,Consumer Discretionary,Consumer Electronics,249.33,259.77,159.13,252.99,254.89,246.73,239.08,215.67,0.2,6.2,264.79,228.68
IT,Gartner,Information Technology,IT Consulting & Other Services,246.73,551.8,225.98,244.01,248.72,254.1,247.02,393.06,-0.1,8.95,268.81,239.39
GE,GE Aerospace,Industrials,Aerospace & Defense,300.08,305.26,158.97,298.2,298.83,298.33,284.04,232.3,0.0,1.93,305.87,290.8
GEHC,GE HealthCare,Health Care,Health Care Equipment,72.34,93.39,58.69,72.91,74.43,74.27,74.3,76.49,0.0,7.4,77.69,70.85
GEV,GE Vernova,Industrials,Heavy Electrical Equipment,644.41,664.55,265.84,631.39,617.36,618.02,619.92,464.88,-0.2,0.79,649.5,586.53
GEN,Gen Digital,Information Technology,Systems Software,26.83,32.03,23.31,26.87,27.34,28.06,29.34,28.02,0.0,10.81,29.73,26.4
GNRC,Generac,Industrials,Electrical Components & Equipment,183.82,202.85,101.92,174.25,170.59,171.96,182.73,148.56,0.2,1.27,186.15,157.76
GD,General Dynamics,Industrials,Aerospace & Defense,335.5,344.98,238.33,337.8,339.69,332.7,324.26,283.78,0.2,4.22,349.66,315.74
GIS,General Mills,Consumer Staples,Packaged Foods & Meats,48.58,68.11,47.84,48.76,49.32,49.38,49.17,53.57,0.1,4.14,50.59,48.17
GM,General Motors,Consumer Discretionary,Automobile Manufacturers,57.15,61.34,42.24,56.09,57.67,58.75,57.57,51.05,0.0,9.38,62.51,54.99
GPC,Genuine Parts Company,Consumer Discretionary,Distributors,133.66,142.77,103.92,132.18,135.36,136.76,136.95,123.88,-0.2,6.64,142.54,130.97
GILD,Gilead Sciences,Health Care,Biotechnology,118.48,119.64,82.49,117.77,115.36,114.04,114.38,106.69,0.0,0.6,119.19,108.9
GPN,Global Payments,Financials,Transaction & Payment Processing Services,86.47,118.08,67.06,85.85,86.4,86.04,85.8,88.96,-0.3,3.05,89.11,82.97
GL,Globe Life,Financials,Life & Health Insurance,139.87,146.27,102.63,136.96,137.19,140.51,139.96,126.28,0.0,5.76,147.93,133.1
GDDY,GoDaddy,Information Technology,Internet Services & Infrastructure,132.27,214.35,130.68,132.89,133.81,138.42,142.74,172.93,-0.2,12.54,148.86,127.99
GS,Goldman Sachs,Financials,Investment Banking & Brokerage,770.76,806.32,457.48,775.67,781.97,791.26,761.05,642.97,-0.2,5.76,815.16,767.39
HAL,Halliburton,Energy,Oil & Gas Equipment & Services,22.44,31.1,18.96,22.85,23.65,23.71,22.47,22.89,-0.3,15.02,25.81,21.62
HIG,Hartford (The),Financials,Property & Casualty Insurance,131.18,134.7,105.0,130.42,131.77,131.77,131.29,121.99,0.2,2.59,134.58,128.96
HAS,Hasbro,Consumer Discretionary,Leisure Products,73.14,81.85,49.75,73.34,74.27,74.67,77.31,66.46,-0.2,5.59,77.23,72.1
HCA,HCA Healthcare,Health Care,Health Care Facilities,418.4,437.57,294.93,417.87,424.28,418.0,405.94,358.32,0.2,4.9,438.9,397.08
DOC,Healthpeak Properties,Real Estate,Health Care REITs,18.14,21.7,16.44,18.29,18.76,18.71,17.96,18.19,-0.3,7.88,19.57,17.86
HSIC,Henry Schein,Health Care,Health Care Distributors,63.39,81.91,62.7,63.77,64.84,66.06,67.22,70.28,0.0,9.64,69.5,62.62
HSY,Hershey Company (The),Consumer Staples,Packaged Foods & Meats,189.43,195.56,141.22,191.78,192.14,190.51,186.03,169.49,0.0,3.83,196.69,184.34
HPE,Hewlett Packard Enterprise,Information Technology,"Technology Hardware, Storage & Peripherals",25.0,26.25,12.35,25.31,25.01,24.81,23.29,19.71,-0.4,3.68,25.92,23.69
HLT,Hilton Worldwide,Consumer Discretionary,"Hotels, Resorts & Cruise Lines",268.4,278.5,201.05,262.29,260.44,262.19,267.75,252.83,-0.2,0.24,269.04,255.35
HOLX,Hologic,Health Care,Health Care Equipment,65.92,83.72,52.73,67.23,67.44,67.31,67.08,64.52,0.0,4.78,69.07,65.54
HD,Home Depot (The),Consumer Discretionary,Home Improvement Retail,387.72,423.6,331.29,380.86,386.75,399.0,402.11,378.37,-0.2,9.91,426.14,371.87
HON,Honeywell,Industrials,Industrial Conglomerates,208.61,239.16,180.99,205.3,207.47,208.43,213.35,215.21,-0.4,2.44,213.7,203.16
HRL,Hormel Foods,Consumer Staples,Packaged Foods & Meats,23.92,32.6,23.55,23.77,24.13,24.4,26.06,28.65,0.0,5.56,25.25,23.54
HST,Host Hotels & Resorts,Real Estate,Hotel & Resort REITs,16.38,18.04,12.39,16.18,16.5,16.85,16.61,15.58,0.0,8.49,17.77,15.94
HWM,Howmet Aerospace,Industrials,Aerospace & Defense,193.03,196.23,99.44,189.52,190.47,190.96,183.12,155.74,-0.2,1.78,196.47,185.45
HPQ,HP Inc.,Information Technology,"Technology Hardware, Storage & Peripherals",28.54,37.77,21.42,27.09,26.84,27.23,27.2,27.41,0.3,0.95,28.81,25.66
HUBB,Hubbell Incorporated,Industrials,Industrial Machinery & Supplies & Components,427.43,466.13,313.96,418.63,418.6,425.41,430.17,396.28,-0.2,3.95,444.31,406.49
HUM,Humana,Health Care,Managed Health Care,261.61,310.91,219.64,280.29,277.9,268.13,278.28,259.85,-0.2,14.68,300.01,236.23
HBAN,Huntington Bancshares,Financials,Regional Banks,16.34,17.87,12.26,16.1,16.53,16.99,16.97,15.87,0.0,11.26,18.18,15.8
HII,Huntington Ingalls Industries,Industrials,Aerospace & Defense,291.94,291.94,156.78,287.96,286.61,281.78,274.13,227.72,0.2,0.72,294.04,269.51
IBM,IBM,Information Technology,IT Consulting & Other Services,276.15,293.87,199.27,281.78,285.38,279.15,259.2,253.47,0.2,7.91,297.99,260.33
IEX,IDEX Corporation,Industrials,Industrial Machinery & Supplies & Components,163.65,232.54,156.86,163.39,164.25,162.18,162.52,179.54,-0.2,2.29,167.4,156.97
IDXX,Idexx Laboratories,Health Care,Health Care Equipment,636.91,682.78,361.04,629.01,628.52,633.86,640.3,512.45,-0.2,2.89,655.32,612.41
ITW,Illinois Tool Works,Industrials,Industrial Machinery & Supplies & Components,248.09,271.83,215.75,247.7,253.36,256.49,259.25,250.24,-0.2,7.8,267.44,245.55
INCY,Incyte,Health Care,Biotechnology,85.96,87.23,55.17,84.92,85.88,85.13,84.48,71.53,-0.2,2.41,88.03,82.24
IR,Ingersoll Rand,Industrials,Industrial Machinery & Supplies & Components,77.24,105.27,66.72,77.78,80.53,80.97,79.78,82.61,0.1,10.95,85.7,76.24
PODD,Insulet Corporation,Health Care,Health Care Equipment,318.3,352.82,229.13,316.65,313.57,318.65,323.85,291.88,-0.2,5.38,335.42,301.87
INTC,Intel,Information Technology,Semiconductors,35.63,37.8,18.13,36.89,36.83,34.01,27.74,22.99,0.2,15.6,41.19,26.83
IBKR,Interactive Brokers,Financials,Investment Banking & Brokerage,69.36,72.62,35.97,70.71,70.26,67.89,65.09,54.01,0.0,6.13,73.61,62.17
ICE,Intercontinental Exchange,Financials,Financial Exchanges & Data,158.27,187.92,141.62,158.64,160.05,164.57,172.79,169.79,-0.2,10.07,174.21,154.93
IFF,International Flavors & Fragrances,Materials,Specialty Chemicals,61.67,103.8,59.55,60.55,60.99,61.4,63.85,74.04,-0.2,2.9,63.46,59.33
IP,International Paper,Materials,Paper & Plastic Packaging Products & Materials,46.67,58.45,43.05,46.22,46.3,46.27,47.02,49.37,0.0,1.35,47.3,45.24
IPG,Interpublic Group of Companies (The),Communication Services,Advertising,26.79,30.52,22.33,26.57,26.62,26.46,26.21,25.39,0.0,3.06,27.61,25.32
INTU,Intuit,Information Technology,Application Software,657.16,805.92,541.4,651.23,661.94,674.85,682.99,664.28,-0.2,8.16,710.78,638.92
ISRG,Intuitive Surgical,Health Care,Health Care Equipment,436.39,610.45,429.59,438.71,441.76,441.39,456.99,514.26,0.0,3.77,452.84,429.95
IVZ,Invesco,Financials,Asset Management & Custody Banks,23.45,24.13,11.86,23.42,23.61,23.08,22.13,17.49,0.0,4.14,24.42,21.74
INVH,Invitation Homes,Real Estate,Single-Family Residential REITs,28.51,34.81,27.94,28.18,28.36,28.78,29.56,31.47,-0.2,4.45,29.78,27.78
IQV,IQVIA,Health Care,Life Sciences Tools & Services,204.76,236.69,137.0,202.06,203.09,193.87,189.68,177.18,0.2,4.34,213.65,174.09
IRM,Iron Mountain,Real Estate,Other Specialized REITs,103.36,124.18,75.72,103.54,104.03,102.62,96.39,94.91,-0.4,3.5,106.98,98.27
JBHT,J.B. Hunt,Industrials,Cargo Ground Transportation,139.37,195.43,123.94,140.75,139.02,136.18,140.08,148.01,-0.2,3.52,144.28,128.09
JBL,Jabil,Information Technology,Electronic Manufacturing Services,200.59,234.45,116.78,201.14,204.31,212.75,212.8,179.09,0.0,17.08,234.85,190.66
JKHY,Jack Henry & Associates,Financials,Transaction & Payment Processing Services,154.12,189.99,146.26,151.32,149.28,150.5,157.07,170.56,0.2,1.71,156.76,144.23
J,Jacobs Solutions,Industrials,Construction & Engineering,158.02,158.02,109.18,155.17,154.73,151.59,148.68,132.78,0.2,0.41,158.67,144.5
JNJ,Johnson & Johnson,Health Care,Pharmaceuticals,190.85,191.08,138.72,190.65,189.1,183.52,178.8,159.95,0.0,2.63,195.87,171.18
JCI,Johnson Controls,Industrials,Building Products,107.85,111.73,70.88,107.19,108.02,107.99,106.99,94.1,0.0,2.33,110.36,105.62
JPM,JPMorgan Chase,Financials,Diversified Banks,302.08,314.53,208.26,304.1,306.12,309.25,300.69,268.32,-0.2,4.92,316.94,301.57
K,Kellanova,Consumer Staples,Packaged Foods & Meats,82.95,82.95,76.96,82.87,82.77,80.6,79.86,80.26,-0.1,3.3,85.69,75.5
KVUE,Kenvue,Consumer Staples,Personal Care Products,16.15,24.0,15.69,16.39,16.12,16.61,18.92,21.17,0.0,12.82,18.22,15.0
KDP,Keurig Dr Pepper,Consumer Staples,Soft Drinks & Non-alcoholic Beverages,26.69,35.85,25.3,26.07,25.82,25.96,29.0,31.71,-0.2,1.27,27.03,24.89
KEY,KeyCorp,Financials,Regional Banks,18.01,19.23,12.92,17.81,18.16,18.5,18.48,16.77,0.2,8.0,19.45,17.55
KEYS,Keysight Technologies,Information Technology,Electronic Equipment & Instruments,164.84,185.11,127.02,166.19,169.6,172.41,168.42,161.84,0.2,10.36,181.92,162.92
KMB,Kimberly-Clark,Consumer Staples,Household Products,120.17,144.6,119.27,119.64,120.95,122.4,127.15,130.42,-0.2,5.17,126.38,118.42
KIM,Kimco Realty,Real Estate,Retail REITs,21.39,24.65,18.27,21.15,21.3,21.55,21.65,21.06,-0.2,3.74,22.19,20.9
KMI,Kinder Morgan,Energy,Oil & Gas Storage & Transportation,27.31,30.24,23.42,27.48,27.83,27.81,27.24,27.14,0.0,4.91,28.65,26.97
KKR,KKR & Co.,Financials,Asset Management & Custody Banks,125.98,166.38,92.52,122.61,124.44,132.66,137.7,131.95,-0.2,20.82,152.21,113.11
KLAC,KLA Corporation,Information Technology,Semiconductor Materials & Equipment,1025.71,1139.71,573.9,1029.9,1074.36,1065.11,968.85,811.9,-0.2,11.84,1147.15,983.08
KHC,Kraft Heinz,Consumer Staples,Packaged Foods & Meats,25.44,34.07,25.04,25.16,25.49,25.82,26.51,27.5,-0.2,5.54,26.85,24.79
KR,Kroger,Consumer Staples,Food Retail,69.13,73.97,54.16,67.94,67.06,66.47,68.35,66.82,0.0,-0.55,68.75,64.18
LHX,L3Harris,Industrials,Aerospace & Defense,299.99,306.76,191.79,298.14,298.91,293.87,281.98,239.04,0.0,3.13,309.38,278.34
LH,Labcorp,Health Care,Health Care Services,279.78,287.06,211.06,277.92,277.97,278.75,275.35,251.48,0.0,1.49,283.95,273.53
LRCX,Lam Research,Information Technology,Semiconductor Materials & Equipment,138.31,149.15,58.83,138.21,141.61,135.2,116.2,90.31,0.2,8.83,150.52,119.87
LW,Lamb Weston,Consumer Staples,Packaged Foods & Meats,64.16,80.72,47.73,64.06,63.41,59.36,56.95,55.09,0.2,5.63,67.77,50.95
LVS,Las Vegas Sands,Consumer Discretionary,Casinos & Gaming,48.04,57.71,30.35,49.85,51.41,52.45,53.56,45.42,-0.4,18.26,56.81,48.09
LDOS,Leidos,Industrials,Diversified Support Services,187.27,199.29,125.82,190.7,192.87,189.56,183.4,155.31,-0.2,6.24,198.96,180.17
LEN,Lennar,Consumer Discretionary,Homebuilding,122.23,179.83,101.41,119.21,122.85,124.55,128.58,118.49,0.0,8.86,133.06,116.04
LII,Lennox International,Industrials,Building Products,530.84,672.47,505.24,533.7,539.84,534.44,558.44,578.48,0.2,5.01,557.44,511.43
LLY,Lilly (Eli),Health Care,Pharmaceuticals,812.35,925.78,624.28,833.26,834.01,789.38,744.9,783.57,0.1,8.77,883.59,695.19
LIN,Linde plc,Materials,Industrial Gases,459.25,483.59,408.92,459.14,463.76,470.2,473.22,457.27,0.0,5.78,485.79,454.61
LYV,Live Nation Entertainment,Communication Services,Movies & Entertainment,152.83,174.06,114.41,152.47,154.55,159.31,161.66,144.56,-0.2,11.14,169.86,148.76
LKQ,LKQ Corporation,Consumer Discretionary,Distributors,29.83,43.02,28.68,29.33,30.12,30.32,30.93,36.52,-0.2,6.47,31.76,28.89
LMT,Lockheed Martin,Industrials,Aerospace & Defense,505.18,597.79,407.77,507.17,506.4,495.0,466.33,458.25,0.0,3.25,521.6,468.39
L,Loews Corporation,Financials,Multi-line Insurance,102.62,103.05,76.29,102.02,101.9,100.17,97.52,89.82,0.0,1.67,104.33,96.0
LOW,Lowe's,Consumer Discretionary,Home Improvement Retail,240.75,278.66,209.46,235.94,240.29,249.92,254.49,237.13,-0.2,12.99,272.02,227.83
LULU,Lululemon Athletica,Consumer Discretionary,"Apparel, Accessories & Luxury Goods",169.13,421.16,159.87,170.96,173.34,173.38,183.09,275.93,0.2,7.37,181.59,165.18
LYB,LyondellBasell,Materials,Specialty Chemicals,46.66,86.42,44.91,46.84,47.92,49.34,51.72,60.16,-0.2,14.59,53.47,45.21
MTB,M&T Bank,Financials,Regional Banks,187.04,215.8,154.27,185.34,189.17,194.33,194.25,185.46,0.0,10.55,206.77,181.88
MPC,Marathon Petroleum,Energy,Oil & Gas Refining & Marketing,183.12,198.69,117.23,184.74,188.64,189.86,178.93,158.07,-0.2,8.99,199.58,180.12
MAR,Marriott International,Consumer Discretionary,"Hotels, Resorts & Cruise Lines",267.97,302.22,210.04,265.11,266.06,264.78,265.14,263.15,-0.2,1.17,271.11,258.44
MMC,Marsh McLennan,Financials,Insurance Brokers,207.02,242.13,195.27,206.03,203.64,200.57,202.72,216.36,-0.2,0.55,208.16,192.98
MLM,Martin Marietta Materials,Materials,Construction Materials,656.85,656.85,451.25,639.59,634.64,625.52,617.02,547.95,0.4,-1.08,649.76,601.31
MAS,Masco,Industrials,Building Products,68.13,84.25,58.18,67.08,68.43,69.88,71.76,68.91,-0.2,8.56,73.96,65.8
MA,Mastercard,Financials,Transaction & Payment Processing Services,567.92,598.17,477.88,564.97,571.13,573.26,579.44,556.17,0.0,4.33,592.51,554.0
MTCH,Match Group,Communication Services,Interactive Media & Services,32.44,38.56,26.72,32.34,33.21,34.91,36.24,32.46,-0.2,19.85,38.88,30.94
MKC,McCormick & Company,Consumer Staples,Packaged Foods & Meats,65.8,83.73,64.3,65.95,66.84,66.26,68.33,73.57,0.0,4.47,68.74,63.77
MCD,McDonald's,Consumer Discretionary,Restaurants,304.56,317.67,275.0,297.98,298.36,300.85,305.4,300.74,0.2,1.07,307.82,293.9
MCK,McKesson Corporation,Health Care,Health Care Distributors,781.9,781.9,496.98,765.73,758.19,744.65,710.38,677.83,0.0,2.28,799.73,689.59
MDT,Medtronic,Health Care,Health Care Equipment,96.54,98.43,78.03,96.39,96.67,95.75,93.77,88.33,-0.2,1.96,98.43,93.07
MRK,Merck & Co.,Health Care,Pharmaceuticals,84.7,107.55,72.03,86.06,87.55,83.92,83.14,83.92,0.3,8.6,91.98,75.86
META,Meta Platforms,Communication Services,Interactive Media & Services,708.65,789.47,483.96,716.2,716.47,737.46,750.04,670.16,-0.2,10.9,785.89,689.02
MET,MetLife,Financials,Life & Health Insurance,82.89,86.38,67.4,81.5,81.82,81.17,79.82,79.01,-0.2,0.94,83.67,78.67
MTD,Mettler Toledo,Health Care,Life Sciences Tools & Services,1303.04,1456.89,970.15,1299.51,1305.63,1273.66,1279.9,1220.47,-0.2,4.05,1355.81,1191.57
MGM,MGM Resorts,Consumer Discretionary,Casinos & Gaming,32.45,41.99,25.79,32.01,33.05,34.13,35.58,34.0,-0.2,14.08,37.02,31.24
MCHP,Microchip Technology,Information Technology,Semiconductors,64.6,76.79,34.83,64.44,65.05,65.06,65.09,59.24,0.0,4.98,67.82,62.31
MU,Micron Technology,Information Technology,Semiconductors,187.06,196.54,64.62,190.06,188.05,175.46,145.78,109.7,0.0,8.03,202.08,148.83
MSFT,Microsoft,Information Technology,Systems Software,513.57,534.76,353.33,517.17,519.12,515.62,512.62,453.62,0.0,2.66,527.23,504.01
MAA,Mid-America Apartment Communities,Real Estate,Multi-Family Residential REITs,133.76,167.59,133.76,134.72,135.68,137.86,140.41,150.26,-0.2,6.68,142.7,133.02
MRNA,Moderna,Health Care,Biotechnology,26.25,58.29,23.51,27.05,27.46,26.44,25.95,29.92,0.1,9.9,28.85,24.03
MHK,Mohawk Industries,Consumer Discretionary,Home Furnishings,125.71,161.25,97.99,120.86,124.05,126.54,128.83,116.3,-0.4,7.2,134.76,118.32
MOH,Molina Healthcare,Health Care,Managed Health Care,194.89,353.24,152.31,197.3,197.93,191.56,179.19,262.6,0.1,6.85,208.24,174.88
TAP,Molson Coors Beverage Company,Consumer Staples,Brewers,46.73,61.78,44.09,46.07,46.08,45.79,48.29,52.79,-0.2,1.24,47.31,44.27
MDLZ,Mondelez International,Consumer Staples,Packaged Foods & Meats,62.13,70.19,54.9,61.48,61.94,62.37,61.86,63.21,-0.1,2.77,63.85,60.89
MPWR,Monolithic Power Systems,Information Technology,Semiconductors,968.25,981.67,453.43,962.9,949.33,926.13,872.46,703.08,0.2,2.41,991.58,860.67
MNST,Monster Beverage,Consumer Staples,Soft Drinks & Non-alcoholic Beverages,68.61,69.62,46.16,68.63,68.06,66.67,64.57,59.01,0.2,2.17,70.1,63.24
MCO,Moody's Corporation,Financials,Financial Exchanges & Data,481.25,524.53,395.22,484.32,484.05,483.1,499.59,481.88,0.0,3.9,500.02,466.16
MS,Morgan Stanley,Financials,Investment Banking & Brokerage,155.34,161.16,98.35,154.85,155.81,157.66,151.98,133.14,0.0,4.49,162.31,152.99
MOS,Mosaic Company (The),Materials,Fertilizers & Agricultural Chemicals,29.95,37.55,22.47,31.9,33.34,33.93,33.16,30.71,-0.2,24.01,37.14,30.71
MSI,Motorola Solutions,Information Technology,Communications Equipment,460.62,499.65,392.79,458.61,456.65,460.81,463.94,438.04,-0.2,3.64,477.39,444.23
MSCI,MSCI Inc.,Financials,Financial Exchanges & Data,553.58,630.0,503.37,554.82,558.15,562.28,562.97,564.28,0.0,4.36,577.72,546.85
NDAQ,"Nasdaq, Inc.",Financials,Financial Exchanges & Data,89.54,96.67,66.01,89.82,88.76,88.8,92.28,83.58,0.2,2.56,91.83,85.78
NTAP,NetApp,Information Technology,"Technology Hardware, Storage & Peripherals",120.55,128.5,75.4,119.1,119.01,120.46,115.85,105.64,-0.4,4.55,126.04,114.9
NFLX,Netflix,Communication Services,Movies & Entertainment,1215.35,1339.13,687.65,1219.96,1194.09,1203.91,1211.95,1104.21,0.0,2.86,1250.11,1157.76
NEM,Newmont,Materials,Gold,90.54,90.54,36.49,87.74,87.34,85.09,77.47,56.84,-0.2,0.71,91.18,78.99
NWSA,News Corp (Class A),Communication Services,Publishing,26.64,31.03,23.89,26.4,27.33,28.93,29.18,28.21,-0.2,21.92,32.48,25.38
NWS,News Corp (Class B),Communication Services,Publishing,29.95,35.06,27.23,29.8,30.85,32.33,33.02,32.17,-0.2,19.47,35.78,28.89
NEE,NextEra Energy,Utilities,Multi-Utilities,84.64,84.64,63.11,84.01,82.23,77.76,74.53,70.77,0.0,3.63,87.71,67.81
NKE,"Nike, Inc.",Consumer Discretionary,"Apparel, Accessories & Luxury Goods",67.64,82.12,52.64,67.48,69.82,70.24,73.3,68.93,-0.2,10.44,74.7,65.78
NI,NiSource,Utilities,Multi-Utilities,42.93,44.17,32.97,43.07,43.31,42.47,42.03,39.53,0.2,4.78,44.98,39.96
NDSN,Nordson Corporation,Industrials,Industrial Machinery & Supplies & Components,233.37,260.48,166.29,232.03,231.94,228.59,223.37,210.18,-0.2,1.32,236.45,220.74
NSC,Norfolk Southern,Industrials,Rail Transportation,290.31,300.41,204.09,291.95,295.24,293.24,284.66,252.89,-0.2,5.27,305.61,280.86
NTRS,Northern Trust,Financials,Asset Management & Custody Banks,129.02,134.6,83.34,128.3,130.3,131.06,129.06,112.1,0.2,5.13,135.64,126.48
NOC,Northrop Grumman,Industrials,Aerospace & Defense,626.93,637.95,427.78,628.45,620.24,602.47,590.78,514.14,0.2,2.76,644.23,560.72
NCLH,Norwegian Cruise Line Holdings,Consumer Discretionary,"Hotels, Resorts & Cruise Lines",23.75,29.07,15.5,23.24,23.73,24.45,24.72,22.25,0.0,10.19,26.17,22.72
NRG,NRG Energy,Utilities,Independent Power Producers & Energy Traders,165.61,173.91,83.06,166.12,165.26,165.43,157.48,130.69,-0.2,3.1,170.74,160.11
NUE,Nucor,Materials,Steel,138.51,164.83,102.37,137.03,136.9,136.26,140.58,128.36,0.0,1.59,140.71,131.81
NVDA,Nvidia,Information Technology,Semiconductors,180.03,192.57,94.3,186.64,186.75,182.7,179.44,144.88,0.0,7.67,193.84,171.57
NVR,"NVR, Inc.",Consumer Discretionary,Homebuilding,7737.01,9924.4,6700.0,7629.78,7834.38,7938.28,8071.94,7603.2,-0.2,7.86,8345.14,7531.74
NXPI,NXP Semiconductors,Information Technology,Semiconductors,216.11,250.84,152.09,217.05,221.78,223.79,223.74,210.1,0.2,8.81,235.15,212.44
ORLY,O’Reilly Automotive,Consumer Discretionary,Automotive Retail,103.05,107.82,76.44,101.71,102.92,103.9,103.92,93.27,-0.2,4.63,107.82,99.99
OXY,Occidental Petroleum,Energy,Oil & Gas Exploration & Production,42.28,53.65,35.72,43.28,44.39,45.67,45.38,44.85,0.0,16.49,49.25,42.09
ODFL,Old Dominion,Industrials,Cargo Ground Transportation,135.43,230.37,134.31,138.4,139.73,140.13,145.81,163.06,-0.2,7.1,145.05,135.21
OMC,Omnicom Group,Communication Services,Advertising,78.55,101.86,68.6,77.76,77.9,77.4,76.71,76.56,0.0,2.78,80.73,74.08
ON,ON Semiconductor,Information Technology,Semiconductors,49.54,74.7,31.95,49.25,49.11,49.78,49.51,49.17,0.2,5.83,52.43,47.14
OKE,Oneok,Energy,Oil & Gas Storage & Transportation,69.58,112.93,69.09,70.37,71.54,72.23,73.32,84.25,-0.2,7.73,74.96,69.51
ORCL,Oracle Corporation,Information Technology,Application Software,299.0,327.76,122.35,297.01,292.23,295.65,268.75,197.6,0.0,6.86,319.51,271.79
OTIS,Otis Worldwide,Industrials,Industrial Machinery & Supplies & Components,90.82,104.22,84.52,90.09,90.78,90.33,88.63,94.06,-0.1,1.82,92.47,88.2
PCAR,Paccar,Industrials,Construction Machinery & Heavy Transportation Equipment,95.11,113.98,85.82,94.46,96.24,97.5,98.52,98.27,0.0,7.38,102.13,92.87
PKG,Packaging Corporation of America,Materials,Paper & Plastic Packaging Products & Materials,210.76,242.86,173.82,209.99,211.84,213.04,208.76,201.57,0.2,3.66,218.47,207.61
PLTR,Palantir Technologies,Information Technology,Application Software,179.74,187.05,41.41,180.28,180.82,179.76,172.11,125.18,0.0,4.8,188.37,171.17
PANW,Palo Alto Networks,Information Technology,Systems Software,207.56,217.79,152.44,212.47,210.93,207.53,194.13,188.55,-0.2,4.35,216.59,198.46
PSKY,Paramount Skydance Corporation,Communication Services,Movies & Entertainment,17.29,19.73,10.05,17.57,18.21,18.53,16.1,12.7,0.2,15.79,20.02,17.03
PH,Parker Hannifin,Industrials,Industrial Machinery & Supplies & Components,736.48,769.67,514.56,734.78,746.46,749.54,747.89,675.99,0.2,5.01,773.38,725.72
PAYX,Paychex,Industrials,Human Resource & Employment Services,128.59,158.58,123.42,126.67,125.68,127.43,133.32,142.91,-0.2,2.85,132.25,122.59
PAYC,Paycom,Industrials,Human Resource & Employment Services,200.53,265.28,161.46,201.86,201.57,208.97,217.8,222.52,-0.2,12.02,224.63,193.3
PYPL,PayPal,Financials,Transaction & Payment Processing Services,69.15,91.81,57.41,71.95,71.05,69.47,68.92,72.43,0.1,8.49,75.02,63.92
PNR,Pentair,Industrials,Industrial Machinery & Supplies & Components,110.41,112.59,75.76,109.62,110.59,110.24,108.56,98.97,0.0,2.22,112.86,107.63
PEP,PepsiCo,Consumer Staples,Soft Drinks & Non-alcoholic Beverages,151.54,169.55,125.83,146.81,144.2,142.59,144.15,140.03,0.0,-1.35,149.49,135.69
PFE,Pfizer,Health Care,Pharmaceuticals,24.52,27.72,20.83,24.99,25.93,25.02,24.88,24.26,0.0,11.95,27.45,22.6
PCG,PG&E Corporation,Utilities,Multi-Utilities,16.4,21.5,12.98,16.24,16.06,15.45,15.26,15.84,0.1,2.38,16.79,14.1
PM,Philip Morris International,Consumer Staples,Tobacco,159.07,181.86,114.18,158.23,156.83,159.35,162.73,157.37,0.0,4.22,165.78,152.91
PSX,Phillips 66,Energy,Oil & Gas Refining & Marketing,130.84,139.46,91.09,129.96,131.76,133.12,129.37,119.87,0.2,6.75,139.67,126.57
PNW,Pinnacle West Capital,Utilities,Multi-Utilities,93.45,93.78,79.36,92.31,91.06,88.99,89.74,89.07,0.0,0.61,94.02,83.95
PNC,PNC Financial Services,Financials,Diversified Banks,189.73,209.23,146.94,188.29,192.59,198.07,198.2,184.03,-0.2,11.3,211.17,184.97
POOL,Pool Corporation,Consumer Discretionary,Distributors,295.46,385.63,283.92,295.01,301.43,307.44,313.76,315.89,0.0,10.29,325.86,289.03
PPG,PPG Industries,Materials,Specialty Chemicals,100.5,128.23,90.49,99.81,101.73,104.09,107.7,110.15,-0.2,10.02,110.57,97.6
PPL,PPL Corporation,Utilities,Electric Utilities,37.86,37.86,30.58,37.35,37.11,36.68,36.35,34.52,0.0,0.4,38.01,35.35
PFG,Principal Financial Group,Financials,Life & Health Insurance,81.29,87.94,68.21,80.97,82.41,82.22,80.14,78.74,0.0,4.35,84.83,79.62
PG,Procter & Gamble,Consumer Staples,Personal Care Products,149.16,176.3,147.49,149.52,150.81,152.58,155.02,160.48,0.0,6.03,158.15,146.99
PGR,Progressive Corporation,Financials,Property & Casualty Insurance,240.4,290.89,234.8,240.38,242.19,242.28,244.91,258.85,0.0,2.9,247.37,237.18
PLD,Prologis,Real Estate,Industrial REITs,115.45,122.49,88.13,113.97,115.26,114.63,111.38,108.53,0.0,1.9,117.64,111.61
PRU,Prudential Financial,Financials,Life & Health Insurance,103.7,124.75,92.74,101.91,102.54,102.99,104.75,105.51,-0.4,1.51,105.27,100.71
PEG,Public Service Enterprise Group,Utilities,Electric Utilities,82.44,91.66,75.92,81.61,81.65,81.79,82.69,81.57,0.0,1.12,83.36,80.21
PTC,PTC Inc.,Information Technology,Application Software,202.06,216.53,136.74,201.32,202.23,203.22,207.18,180.59,-0.2,2.49,207.09,199.36
PSA,Public Storage,Real Estate,Self-Storage REITs,302.15,337.69,260.94,296.67,294.11,288.73,286.43,288.9,0.3,-0.16,301.67,275.78
PHM,PulteGroup,Consumer Discretionary,Homebuilding,124.89,147.88,91.67,122.9,128.65,130.1,130.25,111.65,-0.2,12.03,139.91,120.28
PWR,Quanta Services,Industrials,Construction & Engineering,431.6,443.45,236.5,430.71,426.56,411.88,393.52,338.19,0.0,3.48,446.62,377.17
QCOM,Qualcomm,Information Technology,Semiconductors,161.74,174.12,123.21,162.11,164.91,166.64,160.33,155.21,-0.2,8.01,174.7,158.58
DGX,Quest Diagnostics,Health Care,Health Care Services,185.39,189.74,144.64,182.91,181.56,183.44,180.82,170.51,-0.2,2.17,189.41,177.47
RL,Ralph Lauren Corporation,Consumer Discretionary,"Apparel, Accessories & Luxury Goods",317.92,329.03,181.18,319.31,320.4,314.87,305.36,265.53,-0.2,3.46,328.92,300.81
RJF,Raymond James Financial,Financials,Investment Banking & Brokerage,162.54,175.92,122.89,162.4,164.44,168.86,167.11,154.42,0.0,10.0,178.79,158.91
RTX,RTX Corporation,Industrials,Aerospace & Defense,159.4,169.27,112.45,161.34,164.52,162.8,158.91,138.66,-0.2,7.16,170.81,154.8
O,Realty Income,Real Estate,Retail REITs,58.84,61.18,49.38,58.7,59.4,59.47,58.67,55.58,-0.2,3.35,60.81,58.12
REG,Regency Centers,Real Estate,Retail REITs,71.81,75.5,64.21,71.25,71.45,71.31,71.39,70.68,-0.4,1.32,72.76,69.86
REGN,Regeneron Pharmaceuticals,Health Care,Biotechnology,572.6,1012.19,482.34,565.74,579.74,577.83,573.35,602.14,0.1,6.3,608.67,546.96
RF,Regions Financial Corporation,Financials,Regional Banks,25.16,27.4,17.95,24.9,25.49,26.12,26.14,23.23,-0.2,10.41,27.78,24.46
RSG,Republic Services,Industrials,Environmental & Facilities Services,224.48,256.75,195.95,223.94,223.9,225.37,229.32,233.05,0.2,2.13,229.26,221.49
RMD,ResMed,Health Care,Health Care Equipment,270.07,293.73,203.67,275.06,276.61,274.54,277.93,249.14,0.0,4.77,282.95,266.12
RVTY,Revvity,Health Care,Health Care Equipment,91.14,126.65,82.5,90.77,91.57,88.55,88.14,99.6,-0.1,4.53,95.27,81.83
HOOD,Robinhood Markets,Financials,Investment Banking & Brokerage,134.95,152.46,23.49,143.58,144.07,135.36,120.01,75.48,0.2,16.27,156.91,113.82
ROK,Rockwell Automation,Industrials,Electrical Components & Equipment,344.01,357.15,217.21,341.57,344.81,344.87,343.36,303.69,0.2,2.58,352.89,336.87
ROL,"Rollins, Inc.",Industrials,Environmental & Facilities Services,56.89,58.74,45.24,56.94,57.61,57.14,57.23,54.25,-0.2,4.61,59.51,54.76
ROP,Roper Technologies,Information Technology,Electronic Equipment & Instruments,513.82,591.12,494.21,514.72,508.5,505.66,517.0,548.4,0.2,1.18,519.88,491.46
ROST,Ross Stores,Consumer Discretionary,Apparel Retail,155.26,156.17,122.22,151.95,152.43,150.41,148.8,140.7,0.2,1.12,157.0,143.83
RCL,Royal Caribbean Group,Consumer Discretionary,"Hotels, Resorts & Cruise Lines",313.86,364.72,176.89,308.0,312.22,319.11,327.68,270.51,0.0,6.71,334.92,303.32
SPGI,S&P Global,Financials,Financial Exchanges & Data,486.69,563.17,436.73,484.43,481.99,491.11,526.8,512.06,-0.2,7.15,521.49,460.72
CRM,Salesforce,Information Technology,Application Software,239.77,365.66,231.26,243.19,241.64,242.83,244.08,274.85,0.2,4.35,250.2,235.46
SBAC,SBA Communications,Real Estate,Telecom Tower REITs,191.07,244.52,187.49,188.68,189.62,193.23,203.15,214.94,0.0,5.43,201.45,185.02
SLB,Schlumberger,Energy,Oil & Gas Equipment & Services,32.57,43.47,31.43,32.73,33.61,34.13,34.32,36.16,0.0,10.68,36.05,32.22
STX,Seagate Technology,Information Technology,"Technology Hardware, Storage & Peripherals",211.63,256.84,65.98,218.31,232.38,227.62,192.83,127.54,-0.2,20.4,254.8,200.44
SRE,Sempra,Utilities,Multi-Utilities,91.33,94.01,62.78,91.54,91.42,88.34,84.17,77.5,0.2,5.1,95.99,80.68
NOW,ServiceNow,Information Technology,Systems Software,911.26,1170.39,721.65,911.19,910.79,924.59,908.9,947.48,0.1,5.35,960.01,889.13
SHW,Sherwin-Williams,Materials,Specialty Chemicals,335.27,397.11,312.15,334.21,337.67,341.41,353.95,348.11,-0.2,5.07,352.27,330.56
SPG,Simon Property Group,Real Estate,Retail REITs,175.83,187.67,136.92,176.94,179.88,181.55,177.21,165.68,0.0,7.32,188.7,174.41
SWKS,Skyworks Solutions,Information Technology,Semiconductors,72.77,95.47,48.25,73.01,74.71,76.76,74.75,71.81,0.0,14.18,83.09,70.43
SJM,J.M. Smucker Company (The),Consumer Staples,Packaged Foods & Meats,102.42,116.99,93.48,103.94,105.95,106.98,108.81,107.21,-0.2,8.72,111.35,102.62
SW,Smurfit Westrock,Materials,Paper & Plastic Packaging Products & Materials,42.23,55.13,37.46,42.08,41.84,42.51,43.85,45.49,0.0,5.8,44.68,40.33
SNA,Snap-on,Industrials,Industrial Machinery & Supplies & Components,337.02,364.18,284.46,333.48,338.66,339.09,331.25,325.91,-0.2,3.93,350.26,327.9
SOLV,Solventum,Health Care,Health Care Technology,71.49,84.04,63.01,71.42,72.47,72.64,72.67,72.7,0.0,5.18,75.19,70.1
SO,Southern Company,Utilities,Electric Utilities,99.68,99.68,78.98,97.67,96.35,94.79,93.68,89.13,0.2,-0.55,99.13,90.45
LUV,Southwest Airlines,Industrials,Passenger Airlines,33.42,37.49,23.77,32.15,32.28,32.38,31.72,31.29,0.2,-0.09,33.39,31.36
SWK,Stanley Black & Decker,Industrials,Industrial Machinery & Supplies & Components,67.02,104.26,54.53,67.68,70.9,73.21,73.69,72.52,-0.2,20.77,80.94,65.48
SBUX,Starbucks,Consumer Discretionary,Restaurants,81.15,114.25,78.46,79.89,82.04,83.22,86.05,91.55,0.0,8.31,87.89,78.54
STT,State Street Corporation,Financials,Asset Management & Custody Banks,115.4,117.23,74.25,114.9,115.32,114.29,112.68,99.4,-0.4,2.56,118.35,110.23
STLD,Steel Dynamics,Materials,Steel,146.98,151.94,108.4,145.62,144.29,141.03,133.69,128.22,0.2,1.14,148.66,133.4
STE,Steris,Health Care,Health Care Equipment,237.81,252.43,200.94,238.17,239.93,243.92,244.04,229.99,-0.2,6.43,253.1,234.73
SYK,Stryker Corporation,Health Care,Health Care Equipment,370.0,402.61,335.89,369.0,368.16,370.28,378.87,377.87,-0.2,2.29,378.47,362.1
SMCI,Supermicro,Information Technology,"Technology Hardware, Storage & Peripherals",53.11,60.71,18.01,55.48,54.39,50.35,46.71,41.97,0.2,11.26,59.09,41.61
SYF,Synchrony Financial,Financials,Consumer Finance,72.84,76.86,43.38,70.59,70.66,72.63,73.16,63.55,-0.2,6.3,77.43,67.84
SNPS,Synopsys,Information Technology,Application Software,443.76,645.35,380.9,460.89,468.96,475.69,537.05,504.31,0.0,16.76,518.13,433.23
SYY,Sysco,Consumer Staples,Food Distributors,80.14,82.73,67.09,78.73,80.16,80.79,80.34,74.67,0.2,4.24,83.54,78.03
TMUS,T-Mobile US,Communication Services,Wireless Telecommunication Services,229.42,270.87,209.08,227.21,228.24,233.35,242.27,241.59,-0.2,6.45,244.22,222.48
TROW,T. Rowe Price,Financials,Asset Management & Custody Banks,106.13,118.63,78.24,104.95,104.23,104.26,105.06,99.09,-0.2,1.29,107.5,101.01
TTWO,Take-Two Interactive,Communication Services,Interactive Home Entertainment,257.72,260.5,154.79,256.23,256.86,254.32,242.76,222.09,0.0,2.2,263.39,245.25
TPR,"Tapestry, Inc.",Consumer Discretionary,"Apparel, Accessories & Luxury Goods",116.26,116.81,42.76,113.77,114.39,113.31,107.85,86.18,0.0,1.96,118.54,108.08
TRGP,Targa Resources,Energy,Oil & Gas Storage & Transportation,150.38,213.93,150.38,156.87,160.64,164.88,164.45,175.19,-0.1,18.38,178.02,151.74
TGT,Target Corporation,Consumer Staples,Consumer Staples Merchandise Retail,88.96,154.72,85.53,88.26,88.72,88.46,93.94,104.22,0.0,2.08,90.81,86.11
TEL,TE Connectivity,Information Technology,Electronic Manufacturing Services,220.65,224.43,121.04,220.3,221.02,219.01,210.86,168.64,-0.4,1.98,225.02,213.0
TDY,Teledyne Technologies,Information Technology,Electronic Equipment & Instruments,571.93,593.62,435.54,574.33,579.87,574.29,557.58,511.53,0.2,4.16,595.72,552.86
TER,Teradyne,Information Technology,Semiconductor Materials & Equipment,136.97,147.87,67.79,139.59,141.73,135.67,122.39,102.75,-0.2,12.05,153.47,117.87
TSLA,"Tesla, Inc.",Consumer Discretionary,Automobile Manufacturers,429.24,479.86,213.65,430.57,436.45,434.39,380.41,334.72,0.2,6.34,456.45,412.35
TXN,Texas Instruments,Information Technology,Semiconductors,173.94,219.66,143.34,176.26,178.32,180.21,187.54,184.69,-0.2,7.47,186.93,173.48
TPL,Texas Pacific Land Corporation,Energy,Oil & Gas Exploration & Production,907.52,1720.9,853.36,910.34,935.83,926.85,914.96,1150.14,0.1,8.53,984.93,868.79
TXT,Textron,Industrials,Aerospace & Defense,83.76,90.23,60.69,83.58,84.87,84.13,81.76,76.69,0.2,4.26,87.33,80.92
TMO,Thermo Fisher Scientific,Health Care,Life Sciences Tools & Services,525.83,605.06,389.91,529.22,532.82,502.24,490.06,477.36,0.2,7.51,565.32,439.15
TJX,TJX Companies,Consumer Discretionary,Apparel Retail,144.1,144.54,110.99,141.03,141.91,141.55,138.42,127.25,0.0,0.68,145.08,138.02
TKO,TKO Group Holdings,Communication Services,Movies & Entertainment,189.97,205.33,113.99,189.25,193.65,197.08,190.35,165.81,0.2,9.26,207.56,186.59
TTD,Trade Desk (The),Communication Services,Advertising,50.73,139.51,43.93,52.51,52.09,49.36,52.93,72.26,-0.2,9.8,55.7,43.01
TSCO,Tractor Supply,Consumer Discretionary,Other Specialty Retail,55.48,62.65,47.62,54.55,54.91,56.42,58.8,54.61,-0.4,8.35,60.11,52.72
TT,Trane Technologies,Industrials,Building Products,424.04,471.46,313.81,420.39,422.29,415.29,417.97,394.57,-0.2,2.08,432.86,397.74
TDG,TransDigm Group,Industrials,Aerospace & Defense,1312.48,1516.55,1152.5,1288.97,1289.44,1291.33,1298.9,1306.9,0.2,0.04,1313.0,1269.67
TRV,Travelers Companies (The),Financials,Property & Casualty Insurance,275.64,284.97,229.61,274.66,278.29,277.48,273.3,259.16,-0.2,3.53,285.37,269.59
TRMB,Trimble Inc.,Information Technology,Electronic Equipment & Instruments,78.04,85.24,55.12,78.08,79.08,80.19,81.07,73.87,0.0,7.24,83.69,76.69
TFC,Truist Financial,Financials,Diversified Banks,43.93,47.07,33.92,43.52,44.46,45.12,45.04,42.29,0.2,7.4,47.18,43.06
TYL,Tyler Technologies,Information Technology,Application Software,506.28,646.74,485.73,508.21,502.47,515.86,545.72,570.15,0.0,7.79,545.72,486.0
TSN,Tyson Foods,Consumer Staples,Packaged Foods & Meats,52.85,62.84,51.58,52.21,53.3,53.64,55.06,56.12,-0.2,4.88,55.43,51.85
USB,U.S. Bancorp,Financials,Diversified Banks,47.09,51.35,35.62,46.52,47.17,48.05,47.36,44.41,0.2,6.75,50.27,45.83
UBER,Uber,Industrials,Passenger Ground Transportation,94.25,100.1,59.93,95.4,96.47,96.97,94.96,83.1,0.0,7.31,101.14,92.8
UDR,"UDR, Inc.",Real Estate,Multi-Family Residential REITs,36.36,44.54,35.6,35.97,35.95,36.37,37.39,39.9,-0.2,2.72,37.35,35.39
ULTA,Ulta Beauty,Consumer Discretionary,Other Specialty Retail,541.01,566.91,314.47,552.04,555.42,545.48,529.74,443.06,-0.2,6.1,574.01,516.96
UNP,Union Pacific Corporation,Industrials,Rail Transportation,227.08,249.94,205.73,228.51,231.79,230.0,224.14,227.13,-0.3,6.42,241.66,218.33
UAL,United Airlines Holdings,Industrials,Passenger Airlines,103.15,110.52,56.15,99.7,97.55,99.73,100.61,88.8,0.2,4.14,107.42,92.04
UPS,United Parcel Service,Industrials,Air Freight & Logistics,84.05,130.93,82.58,84.33,85.1,84.56,85.33,99.41,-0.2,3.39,86.9,82.21
URI,United Rentals,Industrials,Trading Companies & Distributors,1000.5,1000.5,549.5,979.97,979.77,961.23,940.19,759.84,0.2,0.43,1004.8,917.65
UNH,UnitedHealth Group,Health Care,Managed Health Care,359.93,611.98,236.28,362.14,359.54,351.47,320.53,392.14,-0.1,3.08,371.02,331.94
UHS,Universal Health Services,Health Care,Health Care Facilities,203.81,235.89,154.78,200.9,203.73,199.7,188.46,181.69,0.0,4.26,212.49,186.91
VLO,Valero Energy,Energy,Oil & Gas Refining & Marketing,162.19,175.63,102.97,161.21,162.54,165.78,154.17,135.28,-0.2,8.14,175.39,156.18
VTR,Ventas,Real Estate,Health Care REITs,67.96,70.32,55.68,67.77,68.66,68.27,67.99,64.63,0.0,3.56,70.38,66.15
VLTO,Veralto,Industrials,Environmental & Facilities Services,101.99,113.11,85.14,102.43,104.28,105.01,106.31,100.68,-0.2,6.34,108.46,101.55
VRSN,Verisign,Information Technology,Internet Services & Infrastructure,265.01,305.1,175.69,263.94,268.41,276.33,275.04,258.18,0.0,10.93,293.98,258.69
VRSK,Verisk Analytics,Industrials,Research & Consulting Services,243.36,320.32,241.27,242.65,245.04,245.49,257.7,285.26,0.0,3.26,251.29,239.67
VZ,Verizon,Communication Services,Integrated Telecommunication Services,40.55,44.3,36.0,40.18,41.1,41.94,42.65,41.24,-0.2,9.49,44.4,39.49
VRTX,Vertex Pharmaceuticals,Health Care,Biotechnology,412.22,516.74,366.54,412.68,409.29,397.22,393.03,444.96,0.1,2.76,423.6,370.83
VTRS,Viatris,Health Care,Pharmaceuticals,9.93,12.87,7.08,9.9,10.01,9.86,10.04,9.45,0.0,3.52,10.28,9.44
VICI,Vici Properties,Real Estate,Hotel & Resort REITs,31.12,33.46,27.08,31.08,31.79,31.95,32.38,31.08,-0.2,6.59,33.17,30.72
V,Visa Inc.,Financials,Transaction & Payment Processing Services,348.38,372.65,275.9,346.75,347.9,344.03,343.71,343.26,0.0,1.57,353.85,334.2
VST,Vistra Corp.,Utilities,Electric Utilities,205.51,217.92,97.84,205.69,203.46,204.54,200.57,166.74,0.0,4.79,215.35,193.72
VMC,Vulcan Materials Company,Materials,Construction Materials,309.07,309.07,219.65,304.12,303.59,300.97,294.95,266.45,-0.2,0.15,309.53,292.4
WRB,W. R. Berkley Corporation,Financials,Property & Casualty Insurance,78.46,78.46,56.03,77.78,77.21,75.84,73.26,68.02,0.0,1.1,79.32,72.37
GWW,W. W. Grainger,Industrials,Industrial Machinery & Supplies & Components,959.74,1212.97,915.74,955.7,955.06,963.08,979.93,1019.47,-0.2,4.01,998.23,927.94
WAB,Wabtec,Industrials,Construction Machinery & Heavy Transportation Equipment,196.0,214.1,159.81,195.13,197.12,195.5,193.15,193.62,-0.1,3.91,203.66,187.34
WMT,Walmart,Consumer Staples,Consumer Staples Merchandise Retail,107.21,107.21,79.33,103.17,102.75,102.91,101.45,96.15,0.0,-1.82,105.26,100.55
DIS,Walt Disney Company (The),Communication Services,Movies & Entertainment,111.17,124.01,81.37,110.7,111.63,112.75,115.02,109.68,0.0,4.29,115.94,109.56
WBD,Warner Bros. Discovery,Communication Services,Broadcasting,17.98,19.82,7.33,17.68,18.37,18.82,15.16,11.52,0.2,13.46,20.4,17.23
WM,Waste Management,Industrials,Environmental & Facilities Services,218.11,240.36,198.36,218.39,218.37,218.12,222.15,224.02,0.2,1.32,220.99,215.26
WAT,Waters Corporation,Health Care,Life Sciences Tools & Services,333.14,417.28,277.72,331.71,327.47,312.43,301.49,343.13,0.1,3.47,344.7,280.18
WEC,WEC Energy Group,Utilities,Electric Utilities,116.49,116.49,89.8,115.01,114.31,112.93,110.11,104.69,0.2,0.51,117.08,108.77
WFC,Wells Fargo,Financials,Diversified Banks,84.56,85.16,59.66,80.14,80.46,82.33,80.69,75.7,0.2,2.78,86.91,77.76
WELL,Welltower,Real Estate,Health Care REITs,169.34,179.38,122.12,167.71,171.56,171.26,168.49,151.83,-0.2,6.22,179.87,162.64
WST,West Pharmaceutical Services,Health Care,Health Care Supplies,261.17,347.02,190.04,263.38,266.81,261.81,253.08,246.39,0.2,5.18,274.7,248.93
WDC,Western Digital,Information Technology,"Technology Hardware, Storage & Peripherals",113.13,131.31,30.45,117.66,122.67,116.13,96.23,62.09,0.2,18.14,133.65,98.61
WY,Weyerhaeuser,Real Estate,Timber REITs,23.9,32.48,23.9,24.18,24.53,24.5,25.15,26.65,0.0,5.52,25.22,23.78
WSM,"Williams-Sonoma, Inc.",Consumer Discretionary,Homefurnishing Retail,191.5,215.83,127.65,188.67,191.94,195.06,197.9,180.28,0.0,7.12,205.13,184.98
WMB,Williams Companies,Energy,Oil & Gas Storage & Transportation,62.36,64.48,48.77,62.85,63.4,62.63,59.43,57.67,0.2,5.36,65.7,59.56
WTW,Willis Towers Watson,Financials,Insurance Brokers,343.31,349.93,286.78,339.61,343.44,340.89,334.54,319.32,-0.2,2.35,351.38,330.38
WDAY,"Workday, Inc.",Information Technology,Application Software,237.18,279.91,210.47,236.69,235.58,238.0,230.7,243.12,-0.1,4.15,247.02,228.97
WYNN,Wynn Resorts,Consumer Discretionary,Casinos & Gaming,116.11,133.34,65.78,118.73,123.02,125.33,120.18,96.42,0.0,16.77,135.58,115.08
XEL,Xcel Energy,Utilities,Multi-Utilities,80.85,81.85,60.31,81.01,80.81,78.25,74.62,69.5,0.0,5.64,85.41,71.09
XYL,Xylem Inc.,Industrials,Industrial Machinery & Supplies & Components,146.57,149.9,102.25,146.38,147.67,145.34,143.09,128.27,0.2,3.1,151.11,139.55
YUM,Yum! Brands,Consumer Discretionary,Restaurants,143.98,160.96,121.48,142.96,146.55,148.1,146.56,144.54,0.0,8.16,155.73,140.46
ZBRA,Zebra Technologies,Information Technology,Electronic Equipment & Instruments,288.99,421.11,213.54,290.58,294.41,301.83,310.19,311.4,0.0,12.69,325.66,278.02
ZBH,Zimmer Biomet,Health Care,Health Care Equipment,98.37,112.61,89.76,96.78,98.06,98.58,101.03,100.34,-0.4,3.55,101.86,95.31
ZTS,Zoetis,Health Care,Pharmaceuticals,143.46,192.1,141.11,142.74,144.17,144.23,148.8,157.28,0.0,3.32,148.22,140.24
