Symbol,Company,GICS_Sector,GICS_Sub_Industry,Current_Price,52_Week_High,52_Week_Low,SMA_5,SMA_10,SMA_20,SMA_50,SMA_100,SMA_125,SMA_200
MMM,3M,Industrials,Industrial Conglomerates,152.53,163.4,120.83,152.25,154.6,154.65,154.73,151.93,149.6,147.03
AOS,A. O. Smith,Industrials,Building Products,68.82,81.6,58.25,69.01,70.89,71.73,71.98,69.44,68.88,67.89
ABT,Abbott Laboratories,Health Care,Health Care Equipment,133.27,139.95,109.7,132.96,133.26,133.89,132.59,131.94,131.78,129.37
ABBV,AbbVie,Health Care,Biotechnology,229.13,244.81,159.42,230.37,232.97,227.7,215.88,201.62,197.94,194.46
ACN,Accenture,Information Technology,IT Consulting & Other Services,244.2,394.41,229.4,246.74,246.65,243.33,246.84,271.6,277.76,301.46
ADBE,Adobe Inc.,Information Technology,Application Software,335.94,557.9,330.04,341.8,344.94,352.53,351.27,368.45,370.92,389.08
AMD,Advanced Micro Devices,Information Technology,Semiconductors,218.09,240.1,76.48,223.57,203.15,181.57,172.24,155.64,144.75,131.37
AES,AES Corporation,Utilities,Independent Power Producers & Energy Traders,14.39,17.29,9.28,14.44,14.51,13.79,13.36,12.43,12.05,11.71
AFL,Aflac,Financials,Life & Health Insurance,111.51,113.9,96.14,111.16,111.55,110.48,107.78,104.85,104.95,104.8
A,Agilent Technologies,Health Care,Life Sciences Tools & Services,138.04,152.88,96.03,138.76,139.29,132.27,125.53,120.98,118.33,122.61
APD,Air Products,Materials,Industrial Gases,262.0,334.71,240.55,262.25,266.38,271.54,282.13,282.07,278.97,285.54
ABNB,Airbnb,Consumer Discretionary,"Hotels, Resorts & Cruise Lines",122.89,163.93,99.88,120.02,120.43,122.09,123.95,129.45,128.66,129.54
AKAM,Akamai Technologies,Information Technology,Internet Services & Infrastructure,74.09,106.8,67.51,74.67,75.98,76.03,76.09,77.19,77.47,81.4
ALB,Albemarle Corporation,Materials,Specialty Chemicals,96.24,111.49,48.84,94.13,91.35,86.97,81.94,73.72,70.42,73.01
ARE,Alexandria Real Estate Equities,Real Estate,Office REITs,75.07,115.77,65.12,74.5,78.15,81.14,79.6,76.29,75.33,81.29
ALGN,Align Technology,Health Care,Health Care Supplies,129.79,246.19,122.0,130.02,130.04,129.24,135.2,160.46,164.25,174.49
ALLE,Allegion,Industrials,Building Products,175.6,180.34,116.14,175.26,176.24,176.41,172.36,159.72,155.27,145.08
LNT,Alliant Energy,Utilities,Electric Utilities,68.33,68.61,54.71,67.77,67.53,66.35,65.63,63.68,63.05,61.91
ALL,Allstate,Financials,Property & Casualty Insurance,209.52,215.7,173.88,208.43,209.43,208.77,205.9,201.69,200.94,197.62
GOOGL,Alphabet Inc. (Class A),Communication Services,Interactive Media & Services,245.45,256.0,140.23,242.46,244.44,246.58,227.86,203.15,194.32,187.94
GOOG,Alphabet Inc. (Class C),Communication Services,Interactive Media & Services,246.19,256.7,142.36,243.2,245.31,247.26,228.51,203.99,195.35,189.26
MO,Altria,Consumer Staples,Tobacco,65.4,67.51,45.54,65.61,65.78,65.43,65.16,61.67,60.7,57.55
AMZN,Amazon,Consumer Discretionary,Broadline Retail,216.39,242.52,161.38,221.16,221.1,222.68,225.85,221.83,215.71,214.39
AMCR,Amcor,Materials,Paper & Plastic Packaging Products & Materials,8.1,11.02,7.81,7.96,8.04,8.1,8.48,8.91,8.97,9.18
AEE,Ameren,Utilities,Multi-Utilities,104.23,105.67,82.82,103.63,103.77,102.31,101.04,98.58,98.18,96.74
AEP,American Electric Power,Utilities,Electric Utilities,118.38,119.06,87.57,117.46,116.14,112.29,111.57,107.79,107.01,104.12
AXP,American Express,Financials,Consumer Finance,332.85,348.31,219.32,323.77,326.39,332.67,321.86,312.97,305.42,298.5
AIG,American International Group,Financials,Multi-line Insurance,82.91,87.1,68.15,82.64,82.06,79.75,79.63,80.91,81.01,79.51
AMT,American Tower,Real Estate,Telecom Tower REITs,186.51,232.28,168.28,185.46,187.45,189.91,196.5,206.27,207.58,202.28
AWK,American Water Works,Utilities,Water Utilities,141.56,153.69,116.64,141.25,139.71,138.0,140.63,140.63,141.15,137.55
AMP,Ameriprise Financial,Financials,Asset Management & Custody Banks,486.52,576.69,393.57,485.86,489.02,490.99,499.49,509.83,504.97,507.51
AME,Ametek,Industrials,Electrical Components & Equipment,185.78,197.03,144.53,182.76,183.55,185.26,185.42,182.26,179.79,179.04
AMGN,Amgen,Health Care,Biotechnology,293.85,330.26,247.06,293.29,294.99,286.91,286.1,287.76,284.69,285.72
APH,Amphenol,Information Technology,Electronic Components,122.64,127.5,56.27,124.06,123.87,123.25,116.25,106.54,100.87,88.31
ADI,Analog Devices,Information Technology,Semiconductors,235.4,257.11,157.31,234.24,237.04,241.97,241.23,235.45,228.48,221.03
AON,Aon plc,Financials,Insurance Brokers,360.51,411.24,322.37,359.96,361.71,357.92,364.18,360.84,359.99,367.4
APA,APA Corporation,Energy,Oil & Gas Exploration & Production,22.91,25.88,13.18,23.19,23.96,24.04,22.57,20.63,19.75,20.04
APO,Apollo Global Management,Financials,Asset Management & Custody Banks,127.64,187.59,101.84,123.33,125.25,132.55,135.51,137.74,136.93,141.44
AAPL,Apple Inc.,Information Technology,"Technology Hardware, Storage & Peripherals",247.77,259.24,168.8,250.56,253.66,252.16,238.79,221.93,218.46,221.8
AMAT,Applied Materials,Information Technology,Semiconductor Materials & Equipment,218.19,226.49,123.04,217.09,217.98,207.69,184.36,181.69,176.17,171.14
APTV,Aptiv,Consumer Discretionary,Automotive Parts & Equipment,82.73,88.8,47.19,82.46,84.76,85.0,80.0,74.33,71.46,67.79
ACGL,Arch Capital Group,Financials,Property & Casualty Insurance,92.23,109.41,82.49,92.46,91.79,90.51,90.72,90.54,90.96,91.42
ADM,Archer Daniels Midland,Consumer Staples,Agricultural Products & Services,61.85,64.38,40.22,61.57,61.26,61.0,60.8,56.35,54.6,51.71
ANET,Arista Networks,Information Technology,Communications Equipment,138.79,162.68,59.43,151.19,148.99,146.79,141.45,121.66,114.36,108.15
AJG,Arthur J. Gallagher & Co.,Financials,Insurance Brokers,303.73,349.78,273.89,302.53,305.66,303.87,299.15,308.03,312.5,313.34
AIZ,Assurant,Financials,Multi-line Insurance,221.81,227.13,173.64,218.86,218.81,215.89,212.77,202.86,201.0,202.51
T,AT&T,Communication Services,Integrated Telecommunication Services,26.13,29.47,20.15,25.88,26.16,27.26,28.06,27.68,27.51,26.39
ATO,Atmos Energy,Utilities,Gas Utilities,177.65,177.87,133.63,176.07,173.7,169.86,166.62,160.14,159.51,153.83
ADSK,Autodesk,Information Technology,Application Software,306.59,329.09,232.67,307.96,313.3,317.67,308.19,304.06,299.22,292.4
ADP,Automatic Data Processing,Industrials,Human Resource & Employment Services,285.92,326.59,269.86,286.41,288.83,290.05,295.7,302.04,301.78,299.69
AZO,AutoZone,Consumer Discretionary,Automotive Retail,4055.99,4388.11,2980.1,4044.86,4120.14,4151.16,4150.1,3936.39,3889.93,3731.91
AVB,AvalonBay Communities,Real Estate,Multi-Family Residential REITs,185.42,231.37,177.24,185.38,187.42,189.55,189.61,194.61,196.24,201.17
AVY,Avery Dennison,Materials,Paper & Plastic Packaging Products & Materials,160.13,217.77,155.31,159.81,161.18,161.85,167.04,171.83,172.03,174.92
AXON,Axon Enterprise,Industrials,Aerospace & Defense,704.67,885.92,422.38,715.83,716.27,728.09,754.02,758.37,735.5,677.32
BKR,Baker Hughes,Energy,Oil & Gas Equipment & Services,44.83,50.93,33.21,46.22,47.4,48.07,45.96,42.75,41.55,42.08
BALL,Ball Corporation,Materials,"Metal, Glass & Plastic Containers",47.58,66.86,43.18,47.64,48.76,48.92,50.87,53.53,53.02,52.47
BAC,Bank of America,Financials,Diversified Banks,50.09,52.88,32.69,49.45,49.97,50.94,49.54,47.71,46.31,44.99
BAX,Baxter International,Health Care,Health Care Equipment,22.82,37.27,21.18,22.43,22.86,22.78,23.46,26.3,27.05,28.75
BDX,Becton Dickinson,Health Care,Health Care Equipment,188.36,248.0,161.47,188.92,190.53,188.19,189.66,181.77,181.76,198.05
BBY,Best Buy,Consumer Discretionary,Computer & Electronics Retail,77.21,94.94,53.55,75.45,75.89,74.98,73.4,70.72,69.83,72.52
TECH,Bio-Techne,Health Care,Life Sciences Tools & Services,59.27,80.37,45.87,59.61,60.41,56.46,54.64,53.23,52.47,57.39
BIIB,Biogen,Health Care,Biotechnology,145.31,194.13,110.04,147.43,151.28,145.66,140.72,135.26,132.43,135.35
BLK,BlackRock,Financials,Asset Management & Custody Banks,1194.26,1209.82,766.05,1162.83,1162.2,1153.74,1134.56,1085.04,1051.96,1015.7
BX,Blackstone Inc.,Financials,Asset Management & Custody Banks,163.98,196.67,114.16,159.8,163.4,172.02,172.12,162.03,156.77,156.41
XYZ,"Block, Inc.",Financials,Transaction & Payment Processing Services,76.18,99.26,44.27,77.57,77.18,76.37,76.14,72.13,68.64,70.0
BK,BNY Mellon,Financials,Asset Management & Custody Banks,107.11,110.87,69.65,106.16,106.4,107.59,105.23,99.05,95.72,90.48
BA,Boeing,Industrials,Aerospace & Defense,214.3,242.69,128.88,216.38,217.24,216.48,223.74,219.6,212.98,197.06
BKNG,Booking Holdings,Consumer Discretionary,"Hotels, Resorts & Cruise Lines",5280.14,5829.37,4082.14,5204.42,5287.71,5389.38,5477.48,5515.63,5415.03,5157.83
BSX,Boston Scientific,Health Care,Health Care Equipment,96.24,109.5,80.64,96.13,96.27,97.05,101.58,102.67,102.56,101.33
BMY,Bristol Myers Squibb,Health Care,Pharmaceuticals,43.8,61.0,42.38,44.1,44.77,44.46,45.64,46.06,46.22,49.71
AVGO,Broadcom,Information Technology,Semiconductors,344.13,373.59,137.54,343.2,339.78,338.9,324.39,295.19,276.6,249.88
BR,Broadridge Financial Solutions,Industrials,Data Processing & Outsourced Services,235.01,270.85,205.06,234.25,234.63,236.93,248.8,244.58,242.66,238.68
BRO,Brown & Brown,Financials,Insurance Brokers,94.77,125.31,89.99,95.33,94.78,93.74,94.3,100.26,102.64,106.11
BLDR,Builders FirstSource,Industrials,Building Products,128.09,201.53,102.6,125.72,126.56,124.31,133.01,126.79,124.59,131.1
BG,Bunge Global,Consumer Staples,Agricultural Products & Services,82.41,93.96,65.6,81.57,82.55,81.23,82.1,79.84,79.49,77.21
BXP,"BXP, Inc.",Real Estate,Office REITs,70.53,85.58,52.95,70.92,73.05,74.1,71.29,69.83,68.6,67.88
CHRW,C.H. Robinson,Industrials,Air Freight & Logistics,127.98,138.0,83.72,128.12,131.16,132.56,127.65,112.49,108.28,104.62
CDNS,Cadence Design Systems,Information Technology,Application Software,325.75,376.45,221.56,336.73,342.9,350.6,350.53,332.55,325.6,306.88
CZR,Caesars Entertainment,Consumer Discretionary,Casinos & Gaming,22.14,45.93,21.4,22.48,24.36,25.36,25.51,26.89,27.11,28.73
CPT,Camden Property Trust,Real Estate,Multi-Family Residential REITs,102.13,123.08,100.41,102.12,103.11,104.66,106.29,109.54,110.4,111.64
CPB,Campbell's Company (The),Consumer Staples,Packaged Foods & Meats,30.34,47.0,29.03,30.18,30.85,31.59,32.04,31.89,32.53,34.55
COF,Capital One,Financials,Consumer Finance,214.2,231.82,142.38,209.39,211.62,217.76,218.61,212.29,206.63,197.94
CAH,Cardinal Health,Health Care,Health Care Distributors,154.19,167.89,105.46,156.07,156.31,153.86,151.71,155.17,152.93,143.0
KMX,CarMax,Consumer Discretionary,Automotive Retail,44.0,91.25,42.75,43.87,44.95,49.02,55.08,59.79,61.04,67.92
CCL,Carnival,Consumer Discretionary,"Hotels, Resorts & Cruise Lines",28.96,32.8,15.07,28.42,28.57,29.5,30.22,28.45,26.78,25.36
CARR,Carrier Global,Industrials,Building Products,57.5,82.31,53.89,57.79,58.59,59.18,62.69,67.86,67.73,66.78
CAT,Caterpillar Inc.,Industrials,Construction Machinery & Heavy Transportation Equipment,527.47,531.56,265.05,505.2,497.73,482.64,446.79,415.85,396.73,377.35
CBOE,Cboe Global Markets,Financials,Financial Exchanges & Data,238.21,255.27,186.22,241.69,240.88,240.62,241.29,236.8,233.58,223.65
CBRE,CBRE Group,Real Estate,Real Estate Services,154.36,167.56,108.45,152.37,153.64,157.21,159.24,148.37,143.59,139.77
CDW,CDW Corporation,Information Technology,Technology Distributors,150.33,221.38,136.33,150.32,154.19,158.27,162.4,169.84,169.62,171.8
COR,Cencora,Health Care,Health Care Distributors,317.93,319.87,220.11,315.53,311.48,305.53,297.88,295.09,293.38,278.19
CNC,Centene Corporation,Health Care,Managed Health Care,36.44,73.5,25.08,36.97,37.22,35.42,31.49,37.41,42.05,49.05
CNP,CenterPoint Energy,Utilities,Multi-Utilities,39.49,40.5,27.87,39.32,39.08,38.8,38.31,37.48,37.45,35.92
CF,CF Industries,Materials,Fertilizers & Agricultural Chemicals,86.73,103.84,66.56,88.32,89.2,88.59,86.72,90.04,88.13,85.55
CRL,Charles River Laboratories,Health Care,Life Sciences Tools & Services,170.13,230.02,91.86,170.68,172.16,161.9,159.42,156.48,150.17,154.77
SCHW,Charles Schwab Corporation,Financials,Investment Banking & Brokerage,93.39,99.42,65.48,93.33,93.37,93.83,94.84,92.97,90.85,85.7
CHTR,Charter Communications,Communication Services,Cable & Satellite,266.25,437.06,251.8,264.77,270.78,269.61,266.56,323.35,335.75,343.14
CVX,Chevron Corporation,Energy,Integrated Oil & Gas,152.39,165.09,129.01,151.72,152.9,155.46,155.61,150.33,147.29,148.29
CMG,Chipotle Mexican Grill,Consumer Discretionary,Restaurants,42.1,66.74,38.3,40.94,40.83,40.25,41.15,46.42,47.21,49.75
CB,Chubb Limited,Financials,Property & Casualty Insurance,284.63,305.88,250.52,284.32,284.4,280.62,277.16,279.5,280.82,279.63
CHD,Church & Dwight,Consumer Staples,Household Products,86.93,115.72,85.08,87.54,88.08,88.11,91.1,93.96,94.43,98.73
CI,Cigna,Health Care,Health Care Services,302.13,352.15,255.6,302.23,302.09,295.84,294.63,300.43,305.25,303.23
CINF,Cincinnati Financial,Financials,Property & Casualty Insurance,158.75,166.9,121.6,160.57,161.73,158.53,154.81,150.86,148.74,144.67
CTAS,Cintas,Industrials,Diversified Support Services,188.23,228.77,179.74,190.94,196.21,199.02,207.08,214.11,213.66,207.74
CSCO,Cisco,Information Technology,Communications Equipment,68.66,72.11,51.49,68.87,68.64,68.04,67.87,67.02,65.32,63.22
C,Citigroup,Financials,Diversified Banks,99.84,105.59,54.71,96.5,97.21,99.87,97.16,90.48,86.29,81.24
CFG,Citizens Financial Group,Financials,Regional Banks,51.8,55.24,31.96,51.03,52.18,52.66,51.09,47.65,45.74,44.48
CLX,Clorox,Consumer Staples,Household Products,119.33,166.9,116.17,119.89,120.67,121.73,121.99,123.49,125.96,134.44
CME,CME Group,Financials,Financial Exchanges & Data,267.18,288.09,204.81,268.74,266.53,265.94,267.96,271.47,271.27,261.34
CMS,CMS Energy,Utilities,Multi-Utilities,74.35,75.33,62.54,73.69,73.2,72.26,72.21,71.13,71.18,70.3
KO,Coca-Cola Company (The),Consumer Staples,Soft Drinks & Non-alcoholic Beverages,67.51,73.29,59.3,66.77,66.63,66.48,67.69,68.66,69.06,67.85
CTSH,Cognizant,Information Technology,IT Consulting & Other Services,67.27,89.77,64.98,67.28,67.34,67.63,69.35,73.44,73.88,75.78
COIN,Coinbase,Financials,Financial Exchanges & Data,341.55,444.65,142.58,365.96,368.99,348.03,326.58,326.51,304.11,277.28
CL,Colgate-Palmolive,Consumer Staples,Household Products,78.4,100.36,76.68,77.83,78.1,79.31,82.34,85.71,86.78,87.6
CMCSA,Comcast,Communication Services,Cable & Satellite,29.99,43.66,29.39,29.94,30.36,30.85,32.06,33.13,33.25,33.88
CAG,Conagra Brands,Consumer Staples,Packaged Foods & Meats,18.5,28.75,17.89,18.5,18.77,18.58,18.94,19.68,20.4,22.13
COP,ConocoPhillips,Energy,Oil & Gas Exploration & Production,88.17,112.56,78.56,90.06,92.34,93.47,94.17,92.59,91.83,93.49
ED,Consolidated Edison,Utilities,Multi-Utilities,101.89,112.97,85.07,101.35,100.08,99.09,99.62,100.25,101.59,99.95
STZ,Constellation Brands,Consumer Staples,Distillers & Vintners,141.24,242.37,131.2,141.95,141.03,137.21,149.78,159.74,165.11,171.15
CEG,Constellation Energy,Utilities,Electric Utilities,389.56,395.14,160.94,378.64,368.38,350.13,331.75,322.68,308.14,288.11
COO,Cooper Companies (The),Health Care,Health Care Supplies,71.21,109.37,61.78,69.78,69.57,68.5,69.46,70.97,73.03,78.6
CPRT,Copart,Industrials,Diversified Support Services,44.77,64.38,43.71,44.34,44.51,44.92,46.69,47.68,50.39,52.7
GLW,Corning Inc.,Information Technology,Electronic Components,84.61,87.78,36.95,85.47,84.69,82.19,73.89,63.27,59.54,55.05
CPAY,Corpay,Financials,Transaction & Payment Processing Services,289.82,400.81,269.02,287.11,287.5,292.99,306.58,318.56,320.48,332.69
CTVA,Corteva,Materials,Fertilizers & Agricultural Chemicals,62.67,77.22,53.14,62.61,63.13,66.14,69.9,71.33,69.82,66.44
CSGP,CoStar Group,Real Estate,Real Estate Services,75.73,97.43,68.26,76.6,79.7,82.63,86.87,84.91,83.47,80.68
COST,Costco,Consumer Staples,Consumer Staples Merchandise Retail,946.51,1075.34,864.06,933.95,924.5,932.27,951.72,966.92,973.05,970.54
CTRA,Coterra,Energy,Oil & Gas Exploration & Production,23.21,29.29,21.84,23.4,23.58,23.63,23.84,24.33,24.34,25.27
CRWD,CrowdStrike,Information Technology,Systems Software,488.94,517.98,294.68,502.06,497.75,490.75,452.42,465.03,456.13,426.2
CCI,Crown Castle,Real Estate,Telecom Tower REITs,97.29,114.47,81.02,96.8,95.98,95.27,97.34,99.38,99.64,96.44
CSX,CSX Corporation,Industrials,Rail Transportation,36.13,37.1,26.01,35.84,35.8,34.87,34.31,33.66,32.68,32.02
CMI,Cummins,Industrials,Construction Machinery & Heavy Transportation Equipment,416.65,440.51,257.24,420.35,426.49,423.38,407.93,370.61,356.88,350.01
CVS,CVS Health,Health Care,Health Care Services,79.66,79.94,42.12,77.93,77.54,76.41,72.76,68.25,67.47,64.22
DHR,Danaher Corporation,Health Care,Life Sciences Tools & Services,206.15,277.73,170.43,204.64,208.19,198.89,200.53,198.64,197.61,203.66
DRI,Darden Restaurants,Consumer Discretionary,Restaurants,187.0,224.86,151.32,184.96,188.09,188.44,198.99,204.82,203.69,198.18
DDOG,Datadog,Information Technology,Application Software,160.88,170.08,81.63,162.4,158.0,148.28,139.04,135.87,129.83,127.04
DVA,DaVita,Health Care,Health Care Services,126.62,179.6,122.93,125.76,128.41,129.73,132.71,136.59,137.57,144.46
DAY,Dayforce,Industrials,Human Resource & Employment Services,68.2,82.69,48.01,68.36,68.67,68.74,65.86,61.75,60.88,61.87
DECK,Deckers Brands,Consumer Discretionary,Footwear,99.28,223.98,93.72,98.62,100.11,105.09,109.12,107.29,109.23,126.82
DE,Deere & Company,Industrials,Agricultural & Farm Machinery,447.95,530.24,381.67,450.08,454.56,460.44,475.8,492.6,489.84,478.11
DELL,Dell Technologies,Information Technology,"Technology Hardware, Storage & Peripherals",148.77,166.1,65.56,154.64,150.76,142.08,134.98,127.86,121.74,114.22
DAL,Delta Air Lines,Industrials,Passenger Airlines,61.27,69.36,34.52,58.83,57.95,58.06,58.75,54.94,52.99,54.16
DVN,Devon Energy,Energy,Oil & Gas Exploration & Production,32.71,42.12,25.53,33.55,34.18,34.65,34.35,33.45,33.0,33.35
DXCM,Dexcom,Health Care,Health Care Equipment,66.21,93.25,57.52,66.48,66.44,67.92,74.02,79.27,78.98,79.01
FANG,Diamondback Energy,Energy,Oil & Gas Exploration & Production,141.83,190.95,112.4,143.41,144.93,143.82,142.11,141.94,140.59,145.73
DLR,Digital Realty,Real Estate,Data Center REITs,171.88,192.35,128.14,172.27,173.5,172.81,169.2,170.89,168.61,164.4
DG,Dollar General,Consumer Staples,Consumer Staples Merchandise Retail,103.71,117.24,65.27,100.33,99.5,101.26,106.6,107.73,104.63,94.04
DLTR,Dollar Tree,Consumer Staples,Consumer Staples Merchandise Retail,95.58,118.06,60.49,90.53,89.59,92.49,102.16,102.13,98.43,88.44
D,Dominion Energy,Utilities,Multi-Utilities,61.52,62.37,46.96,60.93,61.05,60.69,60.18,58.14,57.15,55.62
DPZ,Domino's,Consumer Discretionary,Restaurants,424.23,495.24,392.47,411.54,417.81,423.7,439.56,450.81,456.52,452.88
DASH,DoorDash,Consumer Discretionary,Specialized Consumer Services,270.54,285.08,143.37,273.31,273.4,269.25,259.23,244.95,234.17,215.92
DOV,Dover Corporation,Industrials,Industrial Machinery & Supplies & Components,162.55,220.46,142.22,162.44,164.31,166.62,172.93,177.46,176.53,180.21
DOW,Dow Inc.,Materials,Commodity Chemicals,21.92,50.35,20.11,21.73,22.51,22.87,23.22,25.3,25.93,29.47
DHI,D. R. Horton,Consumer Discretionary,Homebuilding,156.74,193.34,109.8,154.19,162.25,164.99,166.81,148.67,143.61,139.16
DTE,DTE Energy,Utilities,Multi-Utilities,141.65,143.79,111.81,140.76,140.74,139.27,137.87,135.59,135.18,131.45
DUK,Duke Energy,Utilities,Electric Utilities,127.82,128.49,102.41,126.17,124.83,123.55,123.04,119.77,119.31,116.56
DD,DuPont,Materials,Specialty Chemicals,77.58,85.99,53.17,76.69,78.21,77.61,75.98,73.26,71.65,72.68
EMN,Eastman Chemical Company,Materials,Specialty Chemicals,60.54,107.33,56.08,60.44,61.86,62.92,64.49,70.37,71.67,78.3
ETN,Eaton Corporation,Industrials,Electrical Components & Equipment,374.35,398.4,230.37,374.54,374.77,372.38,361.64,355.84,344.59,329.26
EBAY,eBay Inc.,Consumer Discretionary,Broadline Retail,91.06,100.83,55.44,90.24,90.41,90.81,92.89,85.13,81.78,75.63
ECL,Ecolab,Materials,Specialty Chemicals,273.03,285.35,220.55,273.84,274.82,271.44,273.68,269.67,265.32,258.72
EIX,Edison International,Utilities,Electric Utilities,56.07,83.74,46.27,53.68,53.96,54.11,54.31,52.57,53.05,54.1
EW,Edwards Lifesciences,Health Care,Health Care Equipment,73.36,83.0,64.89,74.24,75.45,75.41,77.77,77.39,76.87,74.87
EA,Electronic Arts,Communication Services,Interactive Home Entertainment,200.2,203.75,114.77,200.11,200.44,190.22,178.46,164.86,161.58,152.02
ELV,Elevance Health,Health Care,Managed Health Care,350.48,501.08,272.22,355.12,350.64,334.53,316.43,331.39,346.44,366.43
EMR,Emerson Electric,Industrials,Electrical Components & Equipment,129.77,149.68,89.31,129.69,131.37,131.22,132.25,132.65,127.89,123.72
ENPH,Enphase Energy,Information Technology,Semiconductor Materials & Equipment,36.44,102.73,29.89,35.65,36.32,36.99,36.38,38.01,39.96,48.43
ETR,Entergy,Utilities,Electric Utilities,96.66,98.58,62.86,95.98,95.57,93.07,90.64,86.92,86.0,83.99
EOG,EOG Resources,Energy,Oil & Gas Exploration & Production,109.12,135.49,100.76,109.87,110.27,113.24,117.0,117.39,116.12,118.96
EPAM,EPAM Systems,Information Technology,IT Consulting & Other Services,146.98,269.0,138.15,147.53,149.92,151.94,158.73,165.25,165.51,182.76
EQT,EQT Corporation,Energy,Oil & Gas Exploration & Production,53.29,60.83,34.99,54.28,55.37,53.66,52.32,54.05,53.72,52.42
EFX,Equifax,Industrials,Research & Consulting Services,228.33,292.84,199.2,231.4,235.52,246.3,246.67,252.28,253.52,250.84
EQIX,Equinix,Real Estate,Data Center REITs,817.42,977.63,693.42,807.25,793.85,791.16,782.94,804.25,811.13,833.85
EQR,Equity Residential,Real Estate,Multi-Family Residential REITs,62.3,75.25,58.19,62.06,62.58,63.47,63.8,65.22,65.85,66.66
ERIE,Erie Indemnity,Financials,Insurance Brokers,321.14,531.01,305.49,322.61,319.04,317.39,335.87,343.33,348.4,369.15
ESS,Essex Property Trust,Real Estate,Multi-Family Residential REITs,259.37,307.81,239.32,258.79,261.23,262.79,260.98,269.6,270.86,275.02
EL,Estée Lauder Companies (The),Consumer Staples,Personal Care Products,95.0,96.5,47.94,93.02,90.94,89.08,89.32,84.42,79.48,75.69
EG,Everest Group,Financials,Reinsurance,356.74,395.2,318.14,353.24,355.41,348.31,342.46,340.03,341.32,344.42
EVRG,Evergy,Utilities,Electric Utilities,78.09,78.56,56.8,77.51,77.17,75.24,73.16,70.34,69.53,67.37
ES,Eversource Energy,Utilities,Electric Utilities,70.59,74.46,51.06,71.96,72.12,69.97,66.43,65.26,64.05,61.61
EXC,Exelon,Utilities,Electric Utilities,47.38,47.63,34.98,46.92,46.24,45.06,44.48,43.72,43.95,42.92
EXE,Expand Energy,Energy,Oil & Gas Exploration & Production,101.36,121.47,80.07,104.09,106.17,104.2,99.29,104.4,104.83,103.52
EXPE,Expedia Group,Consumer Discretionary,"Hotels, Resorts & Cruise Lines",223.12,240.98,129.46,215.66,217.32,218.88,213.07,193.64,186.98,183.23
EXPD,Expeditors International,Industrials,Air Freight & Logistics,117.39,128.27,99.78,116.29,119.55,120.73,120.67,117.49,116.02,115.08
EXR,Extra Space Storage,Real Estate,Self-Storage REITs,147.84,168.1,118.4,144.07,143.02,141.51,140.43,143.36,143.2,143.88
XOM,ExxonMobil,Energy,Integrated Oil & Gas,112.29,119.92,96.01,112.44,112.72,113.48,111.22,109.69,108.75,108.25
FFIV,"F5, Inc.",Information Technology,Communications Equipment,343.17,346.0,213.24,340.1,333.97,329.9,323.27,309.13,301.42,291.48
FDS,FactSet,Financials,Financial Exchanges & Data,285.75,495.04,272.5,283.88,282.23,288.48,339.26,385.97,396.63,416.58
FICO,Fair Isaac,Information Technology,Application Software,1649.51,2402.52,1300.0,1673.7,1724.63,1625.17,1512.21,1594.41,1678.75,1745.64
FAST,Fastenal,Industrials,Trading Companies & Distributors,42.75,50.63,34.8,45.02,46.41,47.16,48.06,45.6,44.52,41.75
FRT,Federal Realty Investment Trust,Real Estate,Retail REITs,97.34,113.0,78.83,96.92,97.9,98.28,97.21,95.2,94.75,96.38
FDX,FedEx,Industrials,Air Freight & Logistics,234.67,301.45,191.82,233.18,238.17,235.5,230.43,227.87,225.15,234.37
FIS,Fidelity National Information Services,Financials,Transaction & Payment Processing Services,67.74,90.1,63.0,67.72,67.39,66.22,68.01,73.9,74.55,74.31
FITB,Fifth Third Bancorp,Financials,Regional Banks,43.41,47.33,31.68,42.88,43.49,44.27,43.89,42.11,40.94,40.63
FSLR,First Solar,Information Technology,Semiconductors,224.43,237.2,116.56,228.43,228.67,223.04,207.54,186.76,178.53,169.07
FE,FirstEnergy,Utilities,Electric Utilities,47.53,47.65,36.81,46.95,46.49,45.35,44.22,42.32,42.21,40.96
FI,Fiserv,Financials,Transaction & Payment Processing Services,124.12,238.59,121.4,124.35,125.29,128.01,132.67,147.26,154.9,178.17
F,Ford Motor Company,Consumer Discretionary,Automobile Manufacturers,11.65,12.8,8.21,11.57,11.96,11.87,11.66,11.21,10.96,10.35
FTNT,Fortinet,Information Technology,Systems Software,83.08,114.82,70.12,84.59,85.15,84.36,81.52,92.35,94.26,96.42
FTV,Fortive,Industrials,Industrial Machinery & Supplies & Components,49.03,62.58,45.4,48.91,49.45,48.95,48.37,50.32,50.67,53.12
FOXA,Fox Corporation (Class A),Communication Services,Broadcasting,58.11,65.3,40.91,58.5,60.13,60.62,59.16,57.18,55.92,54.46
FOX,Fox Corporation (Class B),Communication Services,Broadcasting,52.11,59.29,37.58,52.38,53.96,54.58,53.62,52.14,51.15,50.23
BEN,Franklin Resources,Financials,Asset Management & Custody Banks,22.92,25.72,15.81,23.13,23.15,23.33,24.2,23.57,22.74,21.32
FCX,Freeport-McMoRan,Materials,Copper,41.97,49.55,27.45,42.36,41.04,41.05,42.51,42.48,41.35,39.8
GRMN,Garmin,Consumer Discretionary,Consumer Electronics,249.33,261.69,158.51,252.99,254.89,246.73,239.08,225.49,219.14,215.67
IT,Gartner,Information Technology,IT Consulting & Other Services,246.73,584.01,223.65,244.01,248.72,254.1,247.02,320.14,341.6,393.06
GE,GE Aerospace,Industrials,Aerospace & Defense,300.08,306.88,158.62,298.2,298.83,298.33,284.04,268.09,256.13,232.3
GEHC,GE HealthCare,Health Care,Health Care Equipment,72.34,94.71,57.59,72.91,74.43,74.27,74.3,73.86,72.82,76.49
GEV,GE Vernova,Industrials,Heavy Electrical Equipment,644.41,677.29,251.95,631.39,617.36,618.02,619.92,576.15,538.81,464.88
GEN,Gen Digital,Information Technology,Systems Software,26.83,32.09,22.55,26.87,27.34,28.06,29.34,29.35,28.77,28.02
GNRC,Generac,Industrials,Electrical Components & Equipment,183.82,203.25,99.5,174.25,170.59,171.96,182.73,162.75,153.83,148.56
GD,General Dynamics,Industrials,Aerospace & Defense,335.5,345.85,235.63,337.8,339.69,332.7,324.26,306.79,299.69,283.78
GIS,General Mills,Consumer Staples,Packaged Foods & Meats,48.58,69.38,47.69,48.76,49.32,49.38,49.17,50.15,50.94,53.57
GM,General Motors,Consumer Discretionary,Automobile Manufacturers,57.15,62.14,41.36,56.09,57.67,58.75,57.57,53.99,52.57,51.05
GPC,Genuine Parts Company,Consumer Discretionary,Distributors,133.66,143.1,102.41,132.18,135.36,136.76,136.95,130.72,128.09,123.88
GILD,Gilead Sciences,Health Care,Biotechnology,118.48,120.99,81.73,117.77,115.36,114.04,114.38,111.97,109.96,106.69
GPN,Global Payments,Financials,Transaction & Payment Processing Services,86.47,118.69,65.53,85.85,86.4,86.04,85.8,82.31,81.27,88.96
GL,Globe Life,Financials,Life & Health Insurance,139.87,147.54,99.43,136.96,137.19,140.51,139.96,131.64,129.49,126.28
GDDY,GoDaddy,Information Technology,Internet Services & Infrastructure,132.27,216.0,130.0,132.89,133.81,138.42,142.74,158.55,163.4,172.93
GS,Goldman Sachs,Financials,Investment Banking & Brokerage,770.76,825.25,434.87,775.67,781.97,791.26,761.05,713.13,681.83,642.97
HAL,Halliburton,Energy,Oil & Gas Equipment & Services,22.44,31.66,18.43,22.85,23.65,23.71,22.47,21.84,21.55,22.89
HIG,Hartford (The),Financials,Property & Casualty Insurance,131.18,135.17,103.64,130.42,131.77,131.77,131.29,127.96,127.05,121.99
HAS,Hasbro,Consumer Discretionary,Leisure Products,73.14,82.19,48.07,73.34,74.27,74.67,77.31,74.46,71.58,66.46
HCA,HCA Healthcare,Health Care,Health Care Facilities,418.4,439.01,288.25,417.87,424.28,418.0,405.94,387.82,380.58,358.32
DOC,Healthpeak Properties,Real Estate,Health Care REITs,18.14,21.94,16.26,18.29,18.76,18.71,17.96,17.65,17.58,18.19
HSIC,Henry Schein,Health Care,Health Care Distributors,63.39,82.49,60.56,63.77,64.84,66.06,67.22,69.38,69.0,70.28
HSY,Hershey Company (The),Consumer Staples,Packaged Foods & Meats,189.43,202.98,136.73,191.78,192.14,190.51,186.03,177.69,174.54,169.49
HPE,Hewlett Packard Enterprise,Information Technology,"Technology Hardware, Storage & Peripherals",25.0,26.44,11.82,25.31,25.01,24.81,23.29,21.23,20.26,19.71
HLT,Hilton Worldwide,Consumer Discretionary,"Hotels, Resorts & Cruise Lines",268.4,279.81,195.81,262.29,260.44,262.19,267.75,264.35,258.36,252.83
HOLX,Hologic,Health Care,Health Care Equipment,65.92,84.39,51.9,67.23,67.44,67.31,67.08,65.69,63.87,64.52
HD,Home Depot (The),Consumer Discretionary,Home Improvement Retail,387.72,429.19,322.47,380.86,386.75,399.0,402.11,383.04,378.34,378.37
HON,Honeywell,Industrials,Industrial Conglomerates,208.61,240.47,177.52,205.3,207.47,208.43,213.35,220.54,218.16,215.21
HRL,Hormel Foods,Consumer Staples,Packaged Foods & Meats,23.92,32.84,23.13,23.77,24.13,24.4,26.06,27.96,28.27,28.65
HST,Host Hotels & Resorts,Real Estate,Hotel & Resort REITs,16.38,18.32,11.93,16.18,16.5,16.85,16.61,16.1,15.72,15.58
HWM,Howmet Aerospace,Industrials,Aerospace & Defense,193.03,198.48,98.55,189.52,190.47,190.96,183.12,180.6,173.88,155.74
HPQ,HP Inc.,Information Technology,"Technology Hardware, Storage & Peripherals",28.54,38.25,20.76,27.09,26.84,27.23,27.2,26.06,26.01,27.41
HUBB,Hubbell Incorporated,Industrials,Industrial Machinery & Supplies & Components,427.43,475.24,297.55,418.63,418.6,425.41,430.17,418.88,407.05,396.28
HUM,Humana,Health Care,Managed Health Care,261.61,314.25,206.15,280.29,277.9,268.13,278.28,256.0,255.16,259.85
HBAN,Huntington Bancshares,Financials,Regional Banks,16.34,17.93,11.7,16.1,16.53,16.99,16.97,16.59,16.21,15.87
HII,Huntington Ingalls Industries,Industrials,Aerospace & Defense,291.94,296.03,155.93,287.96,286.61,281.78,274.13,258.0,251.19,227.72
IBM,IBM,Information Technology,IT Consulting & Other Services,276.15,301.04,197.92,281.78,285.38,279.15,259.2,266.64,262.53,253.47
IEX,IDEX Corporation,Industrials,Industrial Machinery & Supplies & Components,163.65,234.67,151.55,163.39,164.25,162.18,162.52,170.22,171.49,179.54
IDXX,Idexx Laboratories,Health Care,Health Care Equipment,636.91,688.12,356.14,629.01,628.52,633.86,640.3,587.03,563.29,512.45
ITW,Illinois Tool Works,Industrials,Industrial Machinery & Supplies & Components,248.09,273.07,212.05,247.7,253.36,256.49,259.25,254.05,250.99,250.24
INCY,Incyte,Health Care,Biotechnology,85.96,88.66,53.56,84.92,85.88,85.13,84.48,76.77,73.55,71.53
IR,Ingersoll Rand,Industrials,Industrial Machinery & Supplies & Components,77.24,105.95,65.58,77.78,80.53,80.97,79.78,81.88,81.05,82.61
PODD,Insulet Corporation,Health Care,Health Care Equipment,318.3,353.5,226.5,316.65,313.57,318.65,323.85,313.18,306.1,291.88
INTC,Intel,Information Technology,Semiconductors,35.63,39.65,17.67,36.89,36.83,34.01,27.74,24.62,23.83,22.99
ICE,Intercontinental Exchange,Financials,Financial Exchanges & Data,158.27,188.82,141.12,158.64,160.05,164.57,172.79,176.43,174.87,169.79
IFF,International Flavors & Fragrances,Materials,Specialty Chemicals,61.67,104.48,59.14,60.55,60.99,61.4,63.85,69.32,70.49,74.04
IP,International Paper,Materials,Paper & Plastic Packaging Products & Materials,46.67,58.71,42.44,46.22,46.3,46.27,47.02,47.85,47.49,49.37
IPG,Interpublic Group of Companies (The),Communication Services,Advertising,26.79,31.81,21.93,26.57,26.62,26.46,26.21,25.11,24.93,25.39
INTU,Intuit,Information Technology,Application Software,657.16,812.22,530.03,651.23,661.94,674.85,682.99,723.16,704.53,664.28
ISRG,Intuitive Surgical,Health Care,Health Care Equipment,436.39,616.0,425.0,438.71,441.76,441.39,456.99,490.25,497.54,514.26
IVZ,Invesco,Financials,Asset Management & Custody Banks,23.45,24.54,11.33,23.42,23.61,23.08,22.13,19.4,18.33,17.49
INVH,Invitation Homes,Real Estate,Single-Family Residential REITs,28.51,35.13,27.71,28.18,28.36,28.78,29.56,30.9,31.43,31.47
IQV,IQVIA,Health Care,Life Sciences Tools & Services,204.76,237.34,134.65,202.06,203.09,193.87,189.68,175.91,170.33,177.18
IRM,Iron Mountain,Real Estate,Other Specialized REITs,103.36,126.21,71.19,103.54,104.03,102.62,96.39,97.52,96.27,94.91
JBHT,J.B. Hunt,Industrials,Cargo Ground Transportation,139.37,198.61,122.01,140.75,139.02,136.18,140.08,142.29,140.89,148.01
JBL,Jabil,Information Technology,Electronic Manufacturing Services,200.59,237.14,108.57,201.14,204.31,212.75,212.8,208.05,196.76,179.09
JKHY,Jack Henry & Associates,Financials,Transaction & Payment Processing Services,154.12,194.68,144.12,151.32,149.28,150.5,157.07,167.63,169.05,170.56
J,Jacobs Solutions,Industrials,Construction & Engineering,158.02,158.02,104.68,155.17,154.73,151.59,148.68,140.39,136.68,132.78
JNJ,Johnson & Johnson,Health Care,Pharmaceuticals,190.85,194.39,137.37,190.65,189.1,183.52,178.8,167.7,164.52,159.95
JCI,Johnson Controls,Industrials,Building Products,107.85,112.63,67.78,107.19,108.02,107.99,106.99,105.78,102.11,94.1
JPM,JPMorgan Chase,Financials,Diversified Banks,302.08,316.47,200.22,304.1,306.12,309.25,300.69,289.69,281.35,268.32
K,Kellanova,Consumer Staples,Packaged Foods & Meats,82.95,83.0,76.48,82.87,82.77,80.6,79.86,79.75,80.06,80.26
KVUE,Kenvue,Consumer Staples,Personal Care Products,16.15,24.71,15.47,16.39,16.12,16.61,18.92,20.3,20.87,21.17
KDP,Keurig Dr Pepper,Consumer Staples,Soft Drinks & Non-alcoholic Beverages,26.69,36.17,25.03,26.07,25.82,25.96,29.0,30.93,31.47,31.71
KEY,KeyCorp,Financials,Regional Banks,18.01,19.41,12.43,17.81,18.16,18.5,18.48,17.74,17.19,16.77
KEYS,Keysight Technologies,Information Technology,Electronic Equipment & Instruments,164.84,186.2,121.43,166.19,169.6,172.41,168.42,165.56,162.45,161.84
KMB,Kimberly-Clark,Consumer Staples,Household Products,120.17,147.59,118.18,119.64,120.95,122.4,127.15,128.7,129.48,130.42
KIM,Kimco Realty,Real Estate,Retail REITs,21.39,24.7,17.52,21.15,21.3,21.55,21.65,21.3,21.1,21.06
KMI,Kinder Morgan,Energy,Oil & Gas Storage & Transportation,27.31,30.49,22.84,27.48,27.83,27.81,27.24,27.46,27.32,27.14
KKR,KKR & Co.,Financials,Asset Management & Custody Banks,125.98,169.7,85.9,122.61,124.44,132.66,137.7,135.35,131.39,131.95
KLAC,KLA Corporation,Information Technology,Semiconductor Materials & Equipment,1025.71,1155.0,548.81,1029.9,1074.36,1065.11,968.85,920.16,878.08,811.9
KHC,Kraft Heinz,Consumer Staples,Packaged Foods & Meats,25.44,34.37,24.8,25.16,25.49,25.82,26.51,26.48,26.73,27.5
KR,Kroger,Consumer Staples,Food Retail,69.13,74.52,53.78,67.94,67.06,66.47,68.35,68.77,69.01,66.82
LHX,L3Harris,Industrials,Aerospace & Defense,299.99,308.12,190.25,298.14,298.91,293.87,281.98,267.96,258.06,239.04
LH,Labcorp,Health Care,Health Care Services,279.78,289.2,208.23,277.92,277.97,278.75,275.35,265.2,259.6,251.48
LRCX,Lam Research,Information Technology,Semiconductor Materials & Equipment,138.31,153.7,56.07,138.21,141.61,135.2,116.2,104.86,98.77,90.31
LW,Lamb Weston,Consumer Staples,Packaged Foods & Meats,64.16,82.35,47.25,64.06,63.41,59.36,56.95,55.23,54.5,55.09
LVS,Las Vegas Sands,Consumer Discretionary,Casinos & Gaming,48.04,58.05,29.84,49.85,51.41,52.45,53.56,49.53,47.19,45.42
LDOS,Leidos,Industrials,Diversified Support Services,187.27,200.78,122.65,190.7,192.87,189.56,183.4,169.22,165.27,155.31
LEN,Lennar,Consumer Discretionary,Homebuilding,122.23,180.51,97.13,119.21,122.85,124.55,128.58,119.32,116.93,118.49
LII,Lennox International,Industrials,Building Products,530.84,687.72,496.64,533.7,539.84,534.44,558.44,571.49,569.4,578.48
LLY,Lilly (Eli),Health Care,Pharmaceuticals,812.35,931.67,622.41,833.26,834.01,789.38,744.9,758.61,765.21,783.57
LIN,Linde plc,Materials,Industrial Gases,459.25,484.83,406.06,459.14,463.76,470.2,473.22,469.27,465.19,457.27
LYV,Live Nation Entertainment,Communication Services,Movies & Entertainment,152.83,175.25,112.79,152.47,154.55,159.31,161.66,153.98,150.37,144.56
LKQ,LKQ Corporation,Consumer Discretionary,Distributors,29.83,43.77,28.42,29.33,30.12,30.32,30.93,33.93,35.08,36.52
LMT,Lockheed Martin,Industrials,Aerospace & Defense,505.18,602.02,407.14,507.17,506.4,495.0,466.33,461.25,461.63,458.25
L,Loews Corporation,Financials,Multi-line Insurance,102.62,103.52,74.95,102.02,101.9,100.17,97.52,93.8,92.44,89.82
LOW,Lowe's,Consumer Discretionary,Home Improvement Retail,240.75,281.56,204.22,235.94,240.29,249.92,254.49,238.48,235.42,237.13
LULU,Lululemon Athletica,Consumer Discretionary,"Apparel, Accessories & Luxury Goods",169.13,423.32,159.25,170.96,173.34,173.38,183.09,216.31,229.88,275.93
LYB,LyondellBasell,Materials,Specialty Chemicals,46.66,87.79,44.89,46.84,47.92,49.34,51.72,55.0,55.06,60.16
MTB,M&T Bank,Financials,Regional Banks,187.04,219.44,148.52,185.34,189.17,194.33,194.25,191.36,187.41,185.46
MPC,Marathon Petroleum,Energy,Oil & Gas Refining & Marketing,183.12,201.61,113.82,184.74,188.64,189.86,178.93,173.32,167.45,158.07
MKTX,MarketAxess,Financials,Financial Exchanges & Data,171.08,292.5,161.61,173.15,171.27,175.05,182.04,199.22,203.32,205.66
MAR,Marriott International,Consumer Discretionary,"Hotels, Resorts & Cruise Lines",267.97,305.27,204.35,265.11,266.06,264.78,265.14,266.57,262.79,263.15
MMC,Marsh McLennan,Financials,Insurance Brokers,207.02,245.83,194.14,206.03,203.64,200.57,202.72,208.85,211.64,216.36
MLM,Martin Marietta Materials,Materials,Construction Materials,656.85,657.17,440.72,639.59,634.64,625.52,617.02,586.99,574.95,547.95
MAS,Masco,Industrials,Building Products,68.13,85.23,56.02,67.08,68.43,69.88,71.76,68.1,66.91,68.91
MA,Mastercard,Financials,Transaction & Payment Processing Services,567.92,600.98,463.61,564.97,571.13,573.26,579.44,571.78,567.91,556.17
MTCH,Match Group,Communication Services,Interactive Media & Services,32.44,38.99,26.09,32.34,33.21,34.91,36.24,33.92,32.95,32.46
MKC,McCormick & Company,Consumer Staples,Packaged Foods & Meats,65.8,85.22,63.66,65.95,66.84,66.26,68.33,70.58,71.4,73.57
MCD,McDonald's,Consumer Discretionary,Restaurants,304.56,322.65,271.85,297.98,298.36,300.85,305.4,301.83,303.74,300.74
MCK,McKesson Corporation,Health Care,Health Care Distributors,781.9,783.89,490.22,765.73,758.19,744.65,710.38,712.78,710.38,677.83
MDT,Medtronic,Health Care,Health Care Equipment,96.54,99.37,77.57,96.39,96.67,95.75,93.77,90.55,89.15,88.33
MRK,Merck & Co.,Health Care,Pharmaceuticals,84.7,107.6,71.87,86.06,87.55,83.92,83.14,81.22,80.51,83.92
META,Meta Platforms,Communication Services,Interactive Media & Services,708.65,795.71,479.11,716.2,716.47,737.46,750.04,725.62,696.63,670.16
MET,MetLife,Financials,Life & Health Insurance,82.89,87.17,64.24,81.5,81.82,81.17,79.82,78.77,78.22,79.01
MTD,Mettler Toledo,Health Care,Life Sciences Tools & Services,1303.04,1486.76,946.69,1299.51,1305.63,1273.66,1279.9,1236.6,1206.9,1220.47
MGM,MGM Resorts,Consumer Discretionary,Casinos & Gaming,32.45,42.54,25.3,32.01,33.05,34.13,35.58,35.31,34.64,34.0
MCHP,Microchip Technology,Information Technology,Semiconductors,64.6,77.17,33.63,64.44,65.05,65.06,65.09,66.59,63.2,59.24
MU,Micron Technology,Information Technology,Semiconductors,187.06,201.0,61.44,190.06,188.05,175.46,145.78,129.6,120.3,109.7
MSFT,Microsoft,Information Technology,Systems Software,513.57,554.54,343.59,517.17,519.12,515.62,512.62,501.02,484.31,453.62
MAA,Mid-America Apartment Communities,Real Estate,Multi-Family Residential REITs,133.76,170.0,133.24,134.72,135.68,137.86,140.41,144.79,147.62,150.26
MRNA,Moderna,Health Care,Biotechnology,26.25,59.73,23.15,27.05,27.46,26.44,25.95,27.57,27.25,29.92
MHK,Mohawk Industries,Consumer Discretionary,Home Furnishings,125.71,164.29,96.24,120.86,124.05,126.54,128.83,118.22,115.68,116.3
MOH,Molina Healthcare,Health Care,Managed Health Care,194.89,359.97,151.95,197.3,197.93,191.56,179.19,214.83,235.92,262.6
TAP,Molson Coors Beverage Company,Consumer Staples,Brewers,46.73,63.47,43.8,46.07,46.08,45.79,48.29,49.07,50.42,52.79
MDLZ,Mondelez International,Consumer Staples,Packaged Foods & Meats,62.13,70.58,52.78,61.48,61.94,62.37,61.86,64.35,64.56,63.21
MPWR,Monolithic Power Systems,Information Technology,Semiconductors,968.25,994.83,437.16,962.9,949.33,926.13,872.46,793.48,759.31,703.08
MNST,Monster Beverage,Consumer Staples,Soft Drinks & Non-alcoholic Beverages,68.61,70.06,45.7,68.63,68.06,66.67,64.57,63.19,62.6,59.01
MCO,Moody's Corporation,Financials,Financial Exchanges & Data,481.25,528.95,377.3,484.32,484.05,483.1,499.59,495.5,487.9,481.88
MS,Morgan Stanley,Financials,Investment Banking & Brokerage,155.34,163.98,92.93,154.85,155.81,157.66,151.98,143.89,138.89,133.14
MOS,Mosaic Company (The),Materials,Fertilizers & Agricultural Chemicals,29.95,37.97,21.99,31.9,33.34,33.93,33.16,34.47,33.75,30.71
MSI,Motorola Solutions,Information Technology,Communications Equipment,460.62,502.83,387.0,458.61,456.65,460.81,463.94,441.05,436.63,438.04
MSCI,MSCI Inc.,Financials,Financial Exchanges & Data,553.58,636.39,483.67,554.82,558.15,562.28,562.97,562.41,559.66,564.28
NDAQ,"Nasdaq, Inc.",Financials,Financial Exchanges & Data,89.54,97.36,64.46,89.82,88.76,88.8,92.28,90.15,87.52,83.58
NTAP,NetApp,Information Technology,"Technology Hardware, Storage & Peripherals",120.55,132.76,71.18,119.1,119.01,120.46,115.85,109.61,105.94,105.64
NFLX,Netflix,Communication Services,Movies & Entertainment,1215.35,1341.15,677.88,1219.96,1194.09,1203.91,1211.95,1221.62,1200.71,1104.21
NEM,Newmont,Materials,Gold,90.54,91.24,36.35,87.74,87.34,85.09,77.47,67.68,64.62,56.84
NWSA,News Corp (Class A),Communication Services,Publishing,26.64,31.61,23.3,26.4,27.33,28.93,29.18,28.98,28.65,28.21
NWS,News Corp (Class B),Communication Services,Publishing,29.95,35.47,26.17,29.8,30.85,32.33,33.02,33.09,32.8,32.17
NEE,NextEra Energy,Utilities,Multi-Utilities,84.64,85.03,60.75,84.01,82.23,77.76,74.53,73.01,71.94,70.77
NKE,"Nike, Inc.",Consumer Discretionary,"Apparel, Accessories & Luxury Goods",67.64,82.92,51.67,67.48,69.82,70.24,73.3,70.62,68.12,68.93
NI,NiSource,Utilities,Multi-Utilities,42.93,44.52,32.78,43.07,43.31,42.47,42.03,40.97,40.54,39.53
NDSN,Nordson Corporation,Industrials,Industrial Machinery & Supplies & Components,233.37,262.94,163.83,232.03,231.94,228.59,223.37,218.56,213.02,210.18
NSC,Norfolk Southern,Industrials,Rail Transportation,290.31,302.24,199.43,291.95,295.24,293.24,284.66,271.71,262.66,252.89
NTRS,Northern Trust,Financials,Asset Management & Custody Banks,129.02,135.48,80.54,128.3,130.3,131.06,129.06,123.77,118.34,112.1
NOC,Northrop Grumman,Industrials,Aerospace & Defense,626.93,640.9,420.66,628.45,620.24,602.47,590.78,550.69,536.64,514.14
NCLH,Norwegian Cruise Line Holdings,Consumer Discretionary,"Hotels, Resorts & Cruise Lines",23.75,29.29,14.21,23.24,23.73,24.45,24.72,22.77,21.73,22.25
NRG,NRG Energy,Utilities,Independent Power Producers & Energy Traders,165.61,175.96,79.04,166.12,165.26,165.43,157.48,156.39,149.87,130.69
NUE,Nucor,Materials,Steel,138.51,167.56,96.79,137.03,136.9,136.26,140.58,135.01,130.93,128.36
NVDA,Nvidia,Information Technology,Semiconductors,180.03,195.62,86.61,186.64,186.75,182.7,179.44,167.45,157.26,144.88
NVR,"NVR, Inc.",Consumer Discretionary,Homebuilding,7737.01,9964.77,6562.85,7629.78,7834.38,7938.28,8071.94,7739.97,7623.62,7603.2
NXPI,NXP Semiconductors,Information Technology,Semiconductors,216.11,251.87,146.73,217.05,221.78,223.79,223.74,219.24,213.45,210.1
ORLY,O’Reilly Automotive,Consumer Discretionary,Automotive Retail,103.05,108.72,76.22,101.71,102.92,103.9,103.92,98.08,96.79,93.27
OXY,Occidental Petroleum,Energy,Oil & Gas Exploration & Production,42.28,54.12,34.4,43.28,44.39,45.67,45.38,44.35,43.58,44.85
ODFL,Old Dominion,Industrials,Cargo Ground Transportation,135.43,231.78,133.69,138.4,139.73,140.13,145.81,153.65,154.58,163.06
OMC,Omnicom Group,Communication Services,Advertising,78.55,103.32,67.76,77.76,77.9,77.4,76.71,74.23,74.2,76.56
ON,ON Semiconductor,Information Technology,Semiconductors,49.54,76.06,31.04,49.25,49.11,49.78,49.51,51.48,49.26,49.17
OKE,Oneok,Energy,Oil & Gas Storage & Transportation,69.58,113.92,68.26,70.37,71.54,72.23,73.32,76.87,77.99,84.25
ORCL,Oracle Corporation,Information Technology,Application Software,299.0,345.12,117.98,297.01,292.23,295.65,268.75,240.43,221.51,197.6
OTIS,Otis Worldwide,Industrials,Industrial Machinery & Supplies & Components,90.82,105.86,83.85,90.09,90.78,90.33,88.63,91.88,92.67,94.06
PCAR,Paccar,Industrials,Construction Machinery & Heavy Transportation Equipment,95.11,114.66,84.08,94.46,96.24,97.5,98.52,96.84,95.71,98.27
PKG,Packaging Corporation of America,Materials,Paper & Plastic Packaging Products & Materials,210.76,244.78,170.61,209.99,211.84,213.04,208.76,201.82,198.36,201.57
PLTR,Palantir Technologies,Information Technology,Application Software,179.74,190.0,40.36,180.28,180.82,179.76,172.11,156.38,148.06,125.18
PANW,Palo Alto Networks,Information Technology,Systems Software,207.56,217.94,144.15,212.47,210.93,207.53,194.13,194.66,192.42,188.55
PSKY,Paramount Skydance Corporation,Communication Services,Movies & Entertainment,17.29,20.86,9.92,17.57,18.21,18.53,16.1,14.28,13.72,12.7
PH,Parker Hannifin,Industrials,Industrial Machinery & Supplies & Components,736.48,779.77,485.92,734.78,746.46,749.54,747.89,719.33,699.61,675.99
PAYX,Paychex,Industrials,Human Resource & Employment Services,128.59,160.03,119.02,126.67,125.68,127.43,133.32,140.79,142.09,142.91
PAYC,Paycom,Industrials,Human Resource & Employment Services,200.53,267.33,160.2,201.86,201.57,208.97,217.8,228.69,230.12,222.52
PYPL,PayPal,Financials,Transaction & Payment Processing Services,69.15,93.66,55.85,71.95,71.05,69.47,68.92,70.98,70.29,72.43
PNR,Pentair,Industrials,Industrial Machinery & Supplies & Components,110.41,113.95,73.85,109.62,110.59,110.24,108.56,105.12,102.48,98.97
PEP,PepsiCo,Consumer Staples,Soft Drinks & Non-alcoholic Beverages,151.54,170.89,125.14,146.81,144.2,142.59,144.15,138.64,137.2,140.03
PFE,Pfizer,Health Care,Pharmaceuticals,24.52,27.86,20.18,24.99,25.93,25.02,24.88,24.42,23.99,24.26
PCG,PG&E Corporation,Utilities,Multi-Utilities,16.4,21.59,12.95,16.24,16.06,15.45,15.26,14.85,15.31,15.84
PM,Philip Morris International,Consumer Staples,Tobacco,159.07,183.57,113.18,158.23,156.83,159.35,162.73,168.76,168.27,157.37
PSX,Phillips 66,Energy,Oil & Gas Refining & Marketing,130.84,142.35,89.26,129.96,131.76,133.12,129.37,125.12,121.65,119.87
PNW,Pinnacle West Capital,Utilities,Multi-Utilities,93.45,94.64,79.08,92.31,91.06,88.99,89.74,89.62,90.01,89.07
PNC,PNC Financial Services,Financials,Diversified Banks,189.73,210.46,142.39,188.29,192.59,198.07,198.2,191.43,185.94,184.03
POOL,Pool Corporation,Consumer Discretionary,Distributors,295.46,391.14,281.15,295.01,301.43,307.44,313.76,307.45,306.33,315.89
PPG,PPG Industries,Materials,Specialty Chemicals,100.5,129.03,89.08,99.81,101.73,104.09,107.7,109.88,109.21,110.15
PPL,PPL Corporation,Utilities,Electric Utilities,37.86,37.96,30.41,37.35,37.11,36.68,36.35,35.33,35.26,34.52
PFG,Principal Financial Group,Financials,Life & Health Insurance,81.29,88.63,67.06,80.97,82.41,82.22,80.14,78.89,78.16,78.74
PG,Procter & Gamble,Consumer Staples,Personal Care Products,149.16,177.66,146.97,149.52,150.81,152.58,155.02,157.0,157.82,160.48
PGR,Progressive Corporation,Financials,Property & Casualty Insurance,240.4,292.65,228.28,240.38,242.19,242.28,244.91,252.52,257.42,258.85
PLD,Prologis,Real Estate,Industrial REITs,115.45,123.15,83.8,113.97,115.26,114.63,111.38,108.8,107.65,108.53
PRU,Prudential Financial,Financials,Life & Health Insurance,103.7,125.75,88.12,101.91,102.54,102.99,104.75,104.06,103.42,105.51
PEG,Public Service Enterprise Group,Utilities,Electric Utilities,82.44,92.35,73.5,81.61,81.65,81.79,82.69,82.38,81.64,81.57
PTC,PTC Inc.,Information Technology,Application Software,202.06,219.69,133.38,201.32,202.23,203.22,207.18,194.69,187.61,180.59
PSA,Public Storage,Real Estate,Self-Storage REITs,302.15,342.02,251.43,296.67,294.11,288.73,286.43,287.83,288.83,288.9
PHM,PulteGroup,Consumer Discretionary,Homebuilding,124.89,148.31,87.74,122.9,128.65,130.1,130.25,118.55,115.07,111.65
PWR,Quanta Services,Industrials,Construction & Engineering,431.6,443.97,226.97,430.71,426.56,411.88,393.52,384.14,369.41,338.19
QCOM,Qualcomm,Information Technology,Semiconductors,161.74,178.09,119.4,162.11,164.91,166.64,160.33,156.99,154.34,155.21
DGX,Quest Diagnostics,Health Care,Health Care Services,185.39,190.64,144.18,182.91,181.56,183.44,180.82,176.63,175.89,170.51
RL,Ralph Lauren Corporation,Consumer Discretionary,"Apparel, Accessories & Luxury Goods",317.92,330.11,175.49,319.31,320.4,314.87,305.36,292.78,281.9,265.53
RJF,Raymond James Financial,Financials,Investment Banking & Brokerage,162.54,177.15,116.85,162.4,164.44,168.86,167.11,160.45,156.74,154.42
RTX,RTX Corporation,Industrials,Aerospace & Defense,159.4,170.85,111.21,161.34,164.52,162.8,158.91,151.96,147.03,138.66
O,Realty Income,Real Estate,Retail REITs,58.84,61.34,49.31,58.7,59.4,59.47,58.67,57.38,56.98,55.58
REG,Regency Centers,Real Estate,Retail REITs,71.81,75.93,62.21,71.25,71.45,71.31,71.39,70.72,70.74,70.68
REGN,Regeneron Pharmaceuticals,Health Care,Biotechnology,572.6,1019.99,475.77,565.74,579.74,577.83,573.35,556.39,561.08,602.14
RF,Regions Financial Corporation,Financials,Regional Banks,25.16,27.61,17.36,24.9,25.49,26.12,26.14,24.72,23.88,23.23
RSG,Republic Services,Industrials,Environmental & Facilities Services,224.48,257.43,195.57,223.94,223.9,225.37,229.32,237.03,238.61,233.05
RMD,ResMed,Health Care,Health Care Equipment,270.07,293.81,199.07,275.06,276.61,274.54,277.93,267.29,261.09,249.14
RVTY,Revvity,Health Care,Health Care Equipment,91.14,129.23,81.36,90.77,91.57,88.55,88.14,91.61,91.9,99.6
ROK,Rockwell Automation,Industrials,Electrical Components & Equipment,344.01,359.54,213.27,341.57,344.81,344.87,343.36,338.08,323.91,303.69
ROL,"Rollins, Inc.",Industrials,Environmental & Facilities Services,56.89,59.12,44.94,56.94,57.61,57.14,57.23,56.89,56.69,54.25
ROP,Roper Technologies,Information Technology,Electronic Equipment & Instruments,513.82,592.47,491.43,514.72,508.5,505.66,517.0,538.68,543.65,548.4
ROST,Ross Stores,Consumer Discretionary,Apparel Retail,155.26,157.03,121.69,151.95,152.43,150.41,148.8,141.6,141.88,140.7
RCL,Royal Caribbean Group,Consumer Discretionary,"Hotels, Resorts & Cruise Lines",313.86,365.38,163.05,308.0,312.22,319.11,327.68,314.15,296.17,270.51
SPGI,S&P Global,Financials,Financial Exchanges & Data,486.69,578.04,425.6,484.43,481.99,491.11,526.8,523.6,517.92,512.06
CRM,Salesforce,Information Technology,Application Software,239.77,366.78,226.09,243.19,241.64,242.83,244.08,254.85,258.05,274.85
SBAC,SBA Communications,Real Estate,Telecom Tower REITs,191.07,247.78,185.45,188.68,189.62,193.23,203.15,216.57,219.3,214.94
SLB,Schlumberger,Energy,Oil & Gas Equipment & Services,32.57,43.66,30.61,32.73,33.61,34.13,34.32,34.34,34.28,36.16
STX,Seagate Technology,Information Technology,"Technology Hardware, Storage & Peripherals",211.63,264.83,62.66,218.31,232.38,227.62,192.83,165.02,150.29,127.54
SRE,Sempra,Utilities,Multi-Utilities,91.33,95.72,60.93,91.54,91.42,88.34,84.17,80.09,78.82,77.5
NOW,ServiceNow,Information Technology,Systems Software,911.26,1198.09,678.66,911.19,910.79,924.59,908.9,951.02,950.07,947.48
SHW,Sherwin-Williams,Materials,Specialty Chemicals,335.27,397.81,307.5,334.21,337.67,341.41,353.95,349.87,349.19,348.11
SPG,Simon Property Group,Real Estate,Retail REITs,175.83,188.43,132.99,176.94,179.88,181.55,177.21,168.36,165.68,165.68
SWKS,Skyworks Solutions,Information Technology,Semiconductors,72.77,97.73,47.01,73.01,74.71,76.76,74.75,73.37,71.59,71.81
SJM,J.M. Smucker Company (The),Consumer Staples,Packaged Foods & Meats,102.42,121.73,92.38,103.94,105.95,106.98,108.81,106.41,107.54,107.21
SW,Smurfit Westrock,Materials,Paper & Plastic Packaging Products & Materials,42.23,55.46,36.31,42.08,41.84,42.51,43.85,44.12,43.7,45.49
SNA,Snap-on,Industrials,Industrial Machinery & Supplies & Components,337.02,366.68,280.2,333.48,338.66,339.09,331.25,324.19,321.84,325.91
SOLV,Solventum,Health Care,Health Care Technology,71.49,85.92,60.7,71.42,72.47,72.64,72.67,73.39,72.44,72.7
SO,Southern Company,Utilities,Electric Utilities,99.68,99.81,78.5,97.67,96.35,94.79,93.68,92.24,91.54,89.13
LUV,Southwest Airlines,Industrials,Passenger Airlines,33.42,37.75,23.55,32.15,32.28,32.38,31.72,32.41,31.67,31.29
SWK,Stanley Black & Decker,Industrials,Industrial Machinery & Supplies & Components,67.02,105.27,52.62,67.68,70.9,73.21,73.69,70.62,68.87,72.52
SBUX,Starbucks,Consumer Discretionary,Restaurants,81.15,115.87,74.48,79.89,82.04,83.22,86.05,88.46,87.25,91.55
STT,State Street Corporation,Financials,Asset Management & Custody Banks,115.4,118.24,71.77,114.9,115.32,114.29,112.68,107.8,104.13,99.4
STLD,Steel Dynamics,Materials,Steel,146.98,153.16,102.41,145.62,144.29,141.03,133.69,131.79,131.07,128.22
STE,Steris,Health Care,Health Care Equipment,237.81,253.0,199.47,238.17,239.93,243.92,244.04,239.44,237.28,229.99
SYK,Stryker Corporation,Health Care,Health Care Equipment,370.0,403.95,327.71,369.0,368.16,370.28,378.87,382.48,380.43,377.87
SMCI,Supermicro,Information Technology,"Technology Hardware, Storage & Peripherals",53.11,66.44,17.25,55.48,54.39,50.35,46.71,47.24,44.98,41.97
SYF,Synchrony Financial,Financials,Consumer Finance,72.84,77.41,40.15,70.59,70.66,72.63,73.16,69.1,66.09,63.55
SNPS,Synopsys,Information Technology,Application Software,443.76,651.73,365.74,460.89,468.96,475.69,537.05,534.6,521.66,504.31
SYY,Sysco,Consumer Staples,Food Distributors,80.14,83.13,66.22,78.73,80.16,80.79,80.34,77.85,76.39,74.67
TMUS,T-Mobile US,Communication Services,Wireless Telecommunication Services,229.42,274.51,206.21,227.21,228.24,233.35,242.27,238.33,239.71,241.59
TROW,T. Rowe Price,Financials,Asset Management & Custody Banks,106.13,119.7,75.88,104.95,104.23,104.26,105.06,101.02,98.65,99.09
TTWO,Take-Two Interactive,Communication Services,Interactive Home Entertainment,257.72,262.19,153.06,256.23,256.86,254.32,242.76,237.96,235.33,222.09
TPR,"Tapestry, Inc.",Consumer Discretionary,"Apparel, Accessories & Luxury Goods",116.26,117.77,42.3,113.77,114.39,113.31,107.85,99.37,94.16,86.18
TRGP,Targa Resources,Energy,Oil & Gas Storage & Transportation,150.38,215.2,147.4,156.87,160.64,164.88,164.45,165.46,165.54,175.19
TGT,Target Corporation,Consumer Staples,Consumer Staples Merchandise Retail,88.96,155.5,85.36,88.26,88.72,88.46,93.94,96.34,95.87,104.22
TEL,TE Connectivity,Information Technology,Electronic Manufacturing Services,220.65,226.4,115.38,220.3,221.02,219.01,210.86,192.54,183.6,168.64
TDY,Teledyne Technologies,Information Technology,Electronic Equipment & Instruments,571.93,595.99,419.0,574.33,579.87,574.29,557.58,537.43,525.14,511.53
TER,Teradyne,Information Technology,Semiconductor Materials & Equipment,136.97,150.71,65.6,139.59,141.73,135.67,122.39,106.06,100.22,102.75
TSLA,"Tesla, Inc.",Consumer Discretionary,Automobile Manufacturers,429.24,488.54,212.11,430.57,436.45,434.39,380.41,351.45,339.56,334.72
TXN,Texas Instruments,Information Technology,Semiconductors,173.94,220.1,137.77,176.26,178.32,180.21,187.54,192.89,187.56,184.69
TPL,Texas Pacific Land Corporation,Energy,Oil & Gas Exploration & Production,907.52,1759.83,844.11,910.34,935.83,926.85,914.96,987.55,1056.93,1150.14
TXT,Textron,Industrials,Aerospace & Defense,83.76,91.21,57.67,83.58,84.87,84.13,81.76,80.45,78.56,76.69
TMO,Thermo Fisher Scientific,Health Care,Life Sciences Tools & Services,525.83,609.27,385.11,529.22,532.82,502.24,490.06,455.7,448.29,477.36
TJX,TJX Companies,Consumer Discretionary,Apparel Retail,144.1,145.58,110.34,141.03,141.91,141.55,138.42,131.62,130.96,127.25
TKO,TKO Group Holdings,Communication Services,Movies & Entertainment,189.97,212.49,113.01,189.25,193.65,197.08,190.35,179.18,175.14,165.81
TTD,Trade Desk (The),Communication Services,Advertising,50.73,141.53,42.96,52.51,52.09,49.36,52.93,64.5,63.92,72.26
TSCO,Tractor Supply,Consumer Discretionary,Other Specialty Retail,55.48,63.75,46.46,54.55,54.91,56.42,58.8,56.3,55.13,54.61
TT,Trane Technologies,Industrials,Building Products,424.04,475.11,296.82,420.39,422.29,415.29,417.97,426.14,417.75,394.57
TDG,TransDigm Group,Industrials,Aerospace & Defense,1312.48,1519.36,1107.45,1288.97,1289.44,1291.33,1298.9,1355.62,1345.17,1306.9
TRV,Travelers Companies (The),Financials,Property & Casualty Insurance,275.64,287.95,227.43,274.66,278.29,277.48,273.3,268.07,267.0,259.16
TRMB,Trimble Inc.,Information Technology,Electronic Equipment & Instruments,78.04,87.5,52.91,78.08,79.08,80.19,81.07,78.94,76.16,73.87
TFC,Truist Financial,Financials,Diversified Banks,43.93,47.46,32.72,43.52,44.46,45.12,45.04,43.49,42.42,42.29
TYL,Tyler Technologies,Information Technology,Application Software,506.28,661.31,483.56,508.21,502.47,515.86,545.72,559.76,559.12,570.15
TSN,Tyson Foods,Consumer Staples,Packaged Foods & Meats,52.85,63.75,51.07,52.21,53.3,53.64,55.06,54.7,55.2,56.12
USB,U.S. Bancorp,Financials,Diversified Banks,47.09,51.66,34.43,46.52,47.17,48.05,47.36,45.88,44.82,44.41
UBER,Uber,Industrials,Passenger Ground Transportation,94.25,101.99,59.33,95.4,96.47,96.97,94.96,92.04,90.23,83.1
UDR,"UDR, Inc.",Real Estate,Multi-Family Residential REITs,36.36,44.96,35.21,35.97,35.95,36.37,37.39,38.66,39.12,39.9
ULTA,Ulta Beauty,Consumer Discretionary,Other Specialty Retail,541.01,572.23,309.01,552.04,555.42,545.48,529.74,502.23,480.22,443.06
UNP,Union Pacific Corporation,Industrials,Rail Transportation,227.08,252.32,202.16,228.51,231.79,230.0,224.14,224.68,223.22,227.13
UAL,United Airlines Holdings,Industrials,Passenger Airlines,103.15,116.0,52.0,99.7,97.55,99.73,100.61,91.7,87.95,88.8
UPS,United Parcel Service,Industrials,Air Freight & Logistics,84.05,136.36,82.0,84.33,85.1,84.56,85.33,91.19,91.75,99.41
URI,United Rentals,Industrials,Trading Companies & Distributors,1000.5,1007.97,523.58,979.97,979.77,961.23,940.19,852.81,813.06,759.84
UNH,UnitedHealth Group,Health Care,Managed Health Care,359.93,617.34,233.13,362.14,359.54,351.47,320.53,306.71,321.66,392.14
UHS,Universal Health Services,Health Care,Health Care Facilities,203.81,239.23,152.16,200.9,203.73,199.7,188.46,182.32,181.91,181.69
VLO,Valero Energy,Energy,Oil & Gas Refining & Marketing,162.19,178.43,97.37,161.21,162.54,165.78,154.17,145.68,140.35,135.28
VTR,Ventas,Real Estate,Health Care REITs,67.96,70.52,55.47,67.77,68.66,68.27,67.99,65.85,65.79,64.63
VLTO,Veralto,Industrials,Environmental & Facilities Services,101.99,114.5,83.69,102.43,104.28,105.01,106.31,103.73,102.06,100.68
VRSN,Verisign,Information Technology,Internet Services & Infrastructure,265.01,309.71,174.64,263.94,268.41,276.33,275.04,277.86,276.57,258.18
VRSK,Verisk Analytics,Industrials,Research & Consulting Services,243.36,321.9,239.78,242.65,245.04,245.49,257.7,280.94,284.35,285.26
VZ,Verizon,Communication Services,Integrated Telecommunication Services,40.55,45.09,35.79,40.18,41.1,41.94,42.65,42.13,42.1,41.24
VRTX,Vertex Pharmaceuticals,Health Care,Biotechnology,412.22,519.88,362.5,412.68,409.29,397.22,393.03,424.4,432.79,444.96
VTRS,Viatris,Health Care,Pharmaceuticals,9.93,13.04,6.68,9.9,10.01,9.86,10.04,9.45,9.2,9.45
VICI,Vici Properties,Real Estate,Hotel & Resort REITs,31.12,33.54,26.86,31.08,31.79,31.95,32.38,32.17,31.95,31.08
V,Visa Inc.,Financials,Transaction & Payment Processing Services,348.38,374.85,273.45,346.75,347.9,344.03,343.71,349.07,348.42,343.26
VST,Vistra Corp.,Utilities,Electric Utilities,205.51,219.82,90.3,205.69,203.46,204.54,200.57,192.23,181.07,166.74
VMC,Vulcan Materials Company,Materials,Construction Materials,309.07,310.68,214.34,304.12,303.59,300.97,294.95,280.24,275.99,266.45
WRB,W. R. Berkley Corporation,Financials,Property & Casualty Insurance,78.46,78.48,55.38,77.78,77.21,75.84,73.26,72.17,71.93,68.02
GWW,W. W. Grainger,Industrials,Industrial Machinery & Supplies & Components,959.74,1219.65,889.92,955.7,955.06,963.08,979.93,1013.7,1018.63,1019.47
WAB,Wabtec,Industrials,Construction Machinery & Heavy Transportation Equipment,196.0,215.82,151.42,195.13,197.12,195.5,193.15,198.75,196.87,193.62
WBA,Walgreens Boots Alliance,Consumer Staples,Drug Retail,11.98,,,11.98,12.03,11.93,11.67,11.39,11.33,10.81
WMT,Walmart,Consumer Staples,Consumer Staples Merchandise Retail,107.21,107.92,78.6,103.17,102.75,102.91,101.45,99.07,98.46,96.15
DIS,Walt Disney Company (The),Communication Services,Movies & Entertainment,111.17,124.69,79.76,110.7,111.63,112.75,115.02,116.67,112.89,109.68
WBD,Warner Bros. Discovery,Communication Services,Broadcasting,17.98,20.24,7.25,17.68,18.37,18.82,15.16,13.21,12.31,11.52
WM,Waste Management,Industrials,Environmental & Facilities Services,218.11,240.84,197.52,218.39,218.37,218.12,222.15,226.35,226.83,224.02
WAT,Waters Corporation,Health Care,Life Sciences Tools & Services,333.14,423.56,275.05,331.71,327.47,312.43,301.49,316.46,321.98,343.13
WEC,WEC Energy Group,Utilities,Electric Utilities,116.49,117.2,89.63,115.01,114.31,112.93,110.11,107.68,107.34,104.69
WFC,Wells Fargo,Financials,Diversified Banks,84.56,86.66,57.76,80.14,80.46,82.33,80.69,79.33,77.68,75.7
WELL,Welltower,Real Estate,Health Care REITs,169.34,180.4,121.34,167.71,171.56,171.26,168.49,161.56,158.7,151.83
WST,West Pharmaceutical Services,Health Care,Health Care Supplies,261.17,351.24,187.09,263.38,266.81,261.81,253.08,238.62,233.3,246.39
WDC,Western Digital,Information Technology,"Technology Hardware, Storage & Peripherals",113.13,137.4,28.74,117.66,122.67,116.13,96.23,79.2,72.09,62.09
WY,Weyerhaeuser,Real Estate,Timber REITs,23.9,32.6,23.54,24.18,24.53,24.5,25.15,25.49,25.48,26.65
WSM,"Williams-Sonoma, Inc.",Consumer Discretionary,Homefurnishing Retail,191.5,218.08,123.89,188.67,191.94,195.06,197.9,182.76,177.71,180.28
WMB,Williams Companies,Energy,Oil & Gas Storage & Transportation,62.36,65.55,47.63,62.85,63.4,62.63,59.43,59.12,58.81,57.67
WTW,Willis Towers Watson,Financials,Insurance Brokers,343.31,352.79,283.83,339.61,343.44,340.89,334.54,319.93,317.74,319.32
WDAY,"Workday, Inc.",Information Technology,Application Software,237.18,294.0,205.33,236.69,235.57,238.0,230.7,235.23,238.13,243.12
WYNN,Wynn Resorts,Consumer Discretionary,Casinos & Gaming,116.11,134.23,64.93,118.73,123.02,125.33,120.18,109.14,104.36,96.42
XEL,Xcel Energy,Utilities,Multi-Utilities,80.85,82.54,60.12,81.01,80.81,78.25,74.62,71.63,71.16,69.5
XYL,Xylem Inc.,Industrials,Industrial Machinery & Supplies & Components,146.57,151.16,99.87,146.38,147.67,145.34,143.09,136.18,132.88,128.27
YUM,Yum! Brands,Consumer Discretionary,Restaurants,143.98,161.72,120.38,142.96,146.55,148.1,146.56,145.78,145.73,144.54
ZBRA,Zebra Technologies,Information Technology,Electronic Equipment & Instruments,288.99,427.76,205.73,290.58,294.41,301.83,310.19,310.44,300.8,311.4
ZBH,Zimmer Biomet,Health Care,Health Care Equipment,98.37,113.87,88.77,96.78,98.06,98.58,101.03,96.93,96.95,100.34
ZTS,Zoetis,Health Care,Pharmaceuticals,143.46,194.19,138.77,142.74,144.17,144.23,148.8,153.44,153.85,157.28
