Symbol,Company,GICS_Sector,GICS_Sub_Industry,Current_Price,52_Week_High,52_Week_Low,SMA_5,SMA_10,SMA_20,SMA_50,SMA_100,SMA_125,SMA_200
MMM,3M,Industrials,Industrial Conglomerates,148.75,163.4,120.83,153.78,155.16,155.13,154.48,151.9,149.32,146.79
AOS,A. O. Smith,Industrials,Building Products,67.75,86.19,58.25,70.47,71.85,72.25,72.07,69.44,68.81,67.88
ABT,Abbott Laboratories,Health Care,Health Care Equipment,132.57,139.95,109.7,133.38,133.5,133.86,132.44,131.97,131.69,129.17
ABBV,AbbVie,Health Care,Biotechnology,230.5,244.81,159.42,231.09,232.5,226.42,214.54,200.66,197.07,193.91
ACN,Accenture,Information Technology,IT Consulting & Other Services,240.94,394.41,229.4,249.07,247.23,242.68,247.36,273.07,278.46,302.57
ADBE,Adobe Inc.,Information Technology,Application Software,337.51,557.9,330.04,346.44,348.63,353.76,351.49,370.01,371.13,390.18
AMD,Advanced Micro Devices,Information Technology,Semiconductors,214.9,240.1,76.48,219.71,192.01,175.93,170.52,153.55,142.79,130.45
AES,AES Corporation,Utilities,Independent Power Producers & Energy Traders,14.07,17.29,9.28,14.41,14.26,13.64,13.32,12.35,11.98,11.69
AFL,Aflac,Financials,Life & Health Insurance,110.95,113.9,96.14,112.0,111.67,110.19,107.26,104.71,104.89,104.71
A,Agilent Technologies,Health Care,Life Sciences Tools & Services,136.62,152.88,96.03,139.54,136.85,131.07,124.56,120.43,117.78,122.57
APD,Air Products,Materials,Industrial Gases,257.08,334.71,240.55,266.04,268.06,273.94,282.98,282.22,279.04,285.8
ABNB,Airbnb,Consumer Discretionary,"Hotels, Resorts & Cruise Lines",118.19,163.93,99.88,119.71,120.69,122.11,124.29,129.63,128.55,129.67
AKAM,Akamai Technologies,Information Technology,Internet Services & Infrastructure,73.24,106.8,67.51,76.1,76.39,76.28,76.13,77.25,77.48,81.62
ALB,Albemarle Corporation,Materials,Specialty Chemicals,89.86,111.49,48.84,92.12,88.89,85.44,80.8,72.94,69.76,72.93
ARE,Alexandria Real Estate Equities,Real Estate,Office REITs,73.92,115.77,65.12,76.33,79.9,82.13,79.64,76.16,75.37,81.47
ALGN,Align Technology,Health Care,Health Care Supplies,125.79,246.19,122.0,130.54,129.27,129.42,135.5,161.41,164.81,175.3
ALLE,Allegion,Industrials,Building Products,173.29,180.34,116.14,176.28,176.55,176.6,172.01,159.08,154.49,144.65
LNT,Alliant Energy,Utilities,Electric Utilities,67.75,68.52,54.71,67.81,67.35,65.97,65.55,63.56,62.94,61.81
ALL,Allstate,Financials,Property & Casualty Insurance,205.67,215.7,173.88,209.53,210.51,207.67,205.61,201.63,200.7,197.47
GOOGL,Alphabet Inc. (Class A),Communication Services,Interactive Media & Services,236.57,256.0,140.23,243.78,244.2,247.24,225.75,201.57,192.92,187.44
GOOG,Alphabet Inc. (Class C),Communication Services,Interactive Media & Services,237.49,256.7,142.36,244.76,245.01,247.88,226.4,202.43,193.98,188.76
MO,Altria,Consumer Staples,Tobacco,66.54,67.51,45.54,65.94,65.92,65.4,64.99,61.52,60.55,57.39
AMZN,Amazon,Consumer Discretionary,Broadline Retail,216.37,242.52,161.38,222.4,221.63,224.13,225.65,221.52,215.12,214.48
AMCR,Amcor,Materials,Paper & Plastic Packaging Products & Materials,7.93,11.02,7.81,7.95,8.07,8.13,8.53,8.93,8.99,9.2
AEE,Ameren,Utilities,Multi-Utilities,103.67,105.67,82.82,103.97,103.79,101.87,100.96,98.43,98.08,96.59
AEP,American Electric Power,Utilities,Electric Utilities,117.04,119.06,87.57,117.19,114.85,111.33,111.4,107.49,106.8,103.85
AXP,American Express,Financials,Consumer Finance,316.26,349.19,219.87,324.9,328.82,333.31,321.37,312.98,305.02,298.95
AIG,American International Group,Financials,Multi-line Insurance,81.3,87.1,68.15,83.11,81.23,79.16,79.42,80.92,80.98,79.4
AMT,American Tower,Real Estate,Telecom Tower REITs,186.68,232.28,168.28,186.03,189.0,190.61,197.53,206.79,208.05,202.22
AWK,American Water Works,Utilities,Water Utilities,142.98,153.69,116.64,141.3,139.21,137.63,140.83,140.67,141.24,137.38
AMP,Ameriprise Financial,Financials,Asset Management & Custody Banks,479.43,576.69,393.57,490.52,491.27,491.26,500.25,510.42,504.79,507.98
AME,Ametek,Industrials,Electrical Components & Equipment,179.28,197.03,144.53,182.04,184.24,185.7,185.38,182.15,179.41,179.02
AMGN,Amgen,Health Care,Biotechnology,290.13,330.26,247.06,293.97,291.98,284.97,286.25,287.32,284.64,285.37
APH,Amphenol,Information Technology,Electronic Components,121.7,127.5,56.27,124.33,123.69,122.83,115.57,105.79,99.94,87.78
ADI,Analog Devices,Information Technology,Semiconductors,225.32,257.11,157.31,235.48,239.08,242.92,240.68,235.17,227.56,220.81
AON,Aon plc,Financials,Insurance Brokers,360.15,411.24,322.37,363.72,361.45,358.24,364.18,360.89,360.36,367.4
APA,APA Corporation,Energy,Oil & Gas Exploration & Production,21.94,25.88,13.18,24.08,24.25,24.13,22.39,20.51,19.62,20.02
APO,Apollo Global Management,Financials,Asset Management & Custody Banks,118.22,187.59,101.84,123.86,127.41,133.97,136.09,137.93,136.94,141.9
AAPL,Apple Inc.,Information Technology,"Technology Hardware, Storage & Peripherals",245.27,259.24,168.8,254.11,255.02,251.13,236.99,221.06,217.73,221.88
AMAT,Applied Materials,Information Technology,Semiconductor Materials & Equipment,209.95,226.49,123.04,216.65,215.18,203.03,182.84,180.58,174.98,170.62
APTV,Aptiv,Consumer Discretionary,Automotive Parts & Equipment,80.7,88.8,47.19,84.15,85.52,85.07,79.32,74.03,70.95,67.57
ACGL,Arch Capital Group,Financials,Property & Casualty Insurance,92.47,110.69,82.49,92.65,91.4,90.14,90.56,90.56,90.96,91.42
ADM,Archer Daniels Midland,Consumer Staples,Agricultural Products & Services,60.84,64.38,40.22,61.94,60.92,60.97,60.48,56.08,54.34,51.58
ANET,Arista Networks,Information Technology,Communications Equipment,154.1,162.68,59.43,152.9,149.28,146.86,140.49,120.67,113.25,107.85
AJG,Arthur J. Gallagher & Co.,Financials,Insurance Brokers,301.74,349.78,273.89,305.98,307.03,302.82,298.46,308.77,313.09,313.18
AIZ,Assurant,Financials,Multi-line Insurance,217.37,227.13,173.64,218.61,217.99,214.63,211.46,202.37,200.58,202.42
T,AT&T,Communication Services,Integrated Telecommunication Services,25.87,29.79,20.36,26.05,26.82,27.88,28.42,28.0,27.82,26.63
ATO,Atmos Energy,Utilities,Gas Utilities,176.48,177.83,133.63,175.08,172.41,168.65,165.83,159.74,159.15,153.44
ADSK,Autodesk,Information Technology,Application Software,303.5,329.09,232.67,312.57,315.81,318.92,307.89,303.8,298.51,292.32
ADP,Automatic Data Processing,Industrials,Human Resource & Employment Services,285.19,326.59,269.86,289.05,290.42,290.51,296.28,302.72,301.96,299.75
AZO,AutoZone,Consumer Discretionary,Automotive Retail,4075.31,4388.11,2980.1,4066.14,4161.15,4166.33,4143.55,3932.37,3883.19,3723.77
AVB,AvalonBay Communities,Real Estate,Multi-Family Residential REITs,184.53,231.37,177.24,186.38,188.9,190.12,189.49,194.94,196.44,201.47
AVY,Avery Dennison,Materials,Paper & Plastic Packaging Products & Materials,158.67,217.77,155.31,161.11,161.68,162.52,167.31,172.25,172.2,175.19
AXON,Axon Enterprise,Industrials,Aerospace & Defense,703.03,885.92,422.21,720.13,718.17,732.92,755.47,759.01,733.41,676.52
BKR,Baker Hughes,Energy,Oil & Gas Equipment & Services,45.04,50.93,33.21,47.69,48.3,48.23,45.89,42.58,41.42,42.03
BALL,Ball Corporation,Materials,"Metal, Glass & Plastic Containers",47.09,66.86,43.18,48.35,49.3,49.17,51.26,53.66,53.03,52.55
BAC,Bank of America,Financials,Diversified Banks,48.65,52.88,32.69,49.79,50.48,51.06,49.39,47.59,46.11,44.93
BAX,Baxter International,Health Care,Health Care Equipment,21.95,37.43,21.18,22.65,22.89,22.92,23.44,26.46,27.13,28.81
BDX,Becton Dickinson,Health Care,Health Care Equipment,186.56,248.0,161.47,190.82,190.14,188.03,189.22,181.48,181.98,198.41
BBY,Best Buy,Consumer Discretionary,Computer & Electronics Retail,70.43,94.94,53.55,74.69,75.56,74.58,72.88,70.55,69.55,72.57
TECH,Bio-Techne,Health Care,Life Sciences Tools & Services,58.66,80.37,45.87,60.05,59.3,55.68,54.45,53.0,52.34,57.52
BIIB,Biogen,Health Care,Biotechnology,146.57,194.13,110.04,150.68,150.14,145.51,140.21,134.94,132.0,135.4
BLK,BlackRock,Financials,Asset Management & Custody Banks,1132.36,1184.13,766.05,1162.06,1161.4,1147.97,1131.52,1081.06,1047.25,1014.27
BX,Blackstone Inc.,Financials,Asset Management & Custody Banks,153.77,196.67,114.16,161.74,165.88,174.29,172.47,161.6,156.28,156.51
XYZ,"Block, Inc.",Financials,Transaction & Payment Processing Services,74.67,99.26,44.27,78.69,76.82,76.33,76.11,71.75,68.31,70.15
BK,BNY Mellon,Financials,Asset Management & Custody Banks,104.54,110.87,69.65,106.15,106.92,107.51,104.98,98.7,95.24,90.18
BA,Boeing,Industrials,Aerospace & Defense,210.73,242.69,128.88,218.72,217.54,216.52,224.03,219.41,212.06,196.7
BKNG,Booking Holdings,Consumer Discretionary,"Hotels, Resorts & Cruise Lines",5164.93,5829.37,4082.14,5229.99,5319.72,5414.43,5483.67,5515.96,5403.86,5155.82
BSX,Boston Scientific,Health Care,Health Care Equipment,95.41,109.5,80.64,96.42,96.61,97.43,102.0,102.87,102.54,101.28
BMY,Bristol Myers Squibb,Health Care,Pharmaceuticals,43.96,61.0,42.38,44.6,44.84,44.66,45.66,46.11,46.31,49.82
AVGO,Broadcom,Information Technology,Semiconductors,324.63,373.59,137.54,337.41,335.48,340.0,322.08,292.77,273.84,248.72
BR,Broadridge Financial Solutions,Industrials,Data Processing & Outsourced Services,232.85,270.85,205.06,235.13,235.44,238.31,249.27,244.68,242.67,238.58
BRO,Brown & Brown,Financials,Insurance Brokers,95.94,125.31,89.99,95.48,94.54,93.37,94.21,100.6,103.04,106.19
BLDR,Builders FirstSource,Industrials,Building Products,122.5,201.53,102.6,126.76,125.77,125.73,133.2,126.54,124.5,131.34
BG,Bunge Global,Consumer Staples,Agricultural Products & Services,80.77,94.98,65.6,82.53,82.58,81.26,81.97,79.78,79.39,77.16
BXP,"BXP, Inc.",Real Estate,Office REITs,69.49,85.58,52.95,72.47,73.89,74.83,71.06,69.72,68.46,67.9
CHRW,C.H. Robinson,Industrials,Air Freight & Logistics,125.31,138.0,83.72,131.28,132.35,133.3,127.16,111.92,107.71,104.38
CDNS,Cadence Design Systems,Information Technology,Application Software,327.0,376.45,221.56,344.9,347.08,352.73,351.81,332.35,324.53,306.65
CZR,Caesars Entertainment,Consumer Discretionary,Casinos & Gaming,21.86,45.93,21.4,23.85,25.43,25.73,25.64,27.02,27.16,28.84
CPT,Camden Property Trust,Real Estate,Multi-Family Residential REITs,101.67,123.08,100.41,102.6,103.95,105.13,106.43,109.8,110.51,111.74
CPB,Campbell's Company (The),Consumer Staples,Packaged Foods & Meats,30.39,47.0,29.03,30.63,31.0,31.87,32.11,31.97,32.65,34.65
COF,Capital One,Financials,Consumer Finance,202.49,231.82,142.38,210.54,213.05,219.22,218.52,211.88,205.85,197.62
CAH,Cardinal Health,Health Care,Health Care Distributors,156.88,167.89,105.46,156.74,156.51,153.32,151.81,155.15,152.6,142.63
KMX,CarMax,Consumer Discretionary,Automotive Retail,43.17,91.25,42.75,44.66,45.2,50.67,55.54,60.22,61.42,68.32
CCL,Carnival,Consumer Discretionary,"Hotels, Resorts & Cruise Lines",27.69,32.8,15.07,28.57,28.7,29.77,30.25,28.33,26.61,25.34
CARR,Carrier Global,Industrials,Building Products,56.66,82.31,53.89,58.71,59.04,59.57,63.07,68.18,67.78,66.9
CAT,Caterpillar Inc.,Industrials,Construction Machinery & Heavy Transportation Equipment,491.3,511.44,265.05,495.17,489.39,474.86,443.39,412.43,393.16,375.81
CBOE,Cboe Global Markets,Financials,Financial Exchanges & Data,244.71,255.27,186.22,240.9,241.86,239.92,241.63,236.51,233.2,223.17
CBRE,CBRE Group,Real Estate,Real Estate Services,150.38,167.56,108.45,152.15,154.56,158.27,159.3,147.79,143.03,139.55
CDW,CDW Corporation,Information Technology,Technology Distributors,145.04,223.63,136.33,153.27,156.56,159.84,163.23,170.53,169.64,172.05
COR,Cencora,Health Care,Health Care Distributors,318.0,319.68,218.21,311.35,310.04,302.86,296.8,294.57,292.84,277.27
CNC,Centene Corporation,Health Care,Managed Health Care,35.76,73.5,25.08,37.62,37.02,35.0,31.07,37.9,42.47,49.29
CNP,CenterPoint Energy,Utilities,Multi-Utilities,39.24,40.5,27.87,39.36,39.01,38.66,38.29,37.43,37.41,35.85
CF,CF Industries,Materials,Fertilizers & Agricultural Chemicals,87.34,103.84,66.56,90.13,89.72,88.36,86.91,90.05,87.88,85.51
CRL,Charles River Laboratories,Health Care,Life Sciences Tools & Services,167.03,230.02,91.86,171.54,168.43,160.05,159.3,155.86,149.15,154.93
SCHW,Charles Schwab Corporation,Financials,Investment Banking & Brokerage,91.96,99.42,64.15,93.56,93.92,93.65,94.95,92.87,90.58,85.5
CHTR,Charter Communications,Communication Services,Cable & Satellite,259.49,437.06,251.8,271.62,273.4,269.45,266.59,326.49,337.02,344.02
CVX,Chevron Corporation,Energy,Integrated Oil & Gas,148.9,165.09,129.01,152.64,153.61,156.08,155.51,149.98,146.96,148.16
CMG,Chipotle Mexican Grill,Consumer Discretionary,Restaurants,39.82,66.74,38.3,40.85,40.44,39.99,41.2,46.61,47.33,49.95
CB,Chubb Limited,Financials,Property & Casualty Insurance,283.01,305.88,250.52,286.01,283.86,279.58,276.52,279.63,280.85,279.53
CHD,Church & Dwight,Consumer Staples,Household Products,87.7,115.72,85.08,88.63,88.12,88.58,91.33,94.14,94.71,98.92
CI,Cigna,Health Care,Health Care Services,300.73,352.15,255.6,304.75,299.83,295.53,293.2,300.81,305.68,303.01
CINF,Cincinnati Financial,Financials,Property & Casualty Insurance,158.97,166.9,121.6,163.42,161.52,158.04,154.37,150.62,148.31,144.5
CTAS,Cintas,Industrials,Diversified Support Services,187.96,228.77,179.74,195.35,199.51,200.16,208.47,214.78,213.98,207.73
CSCO,Cisco,Information Technology,Communications Equipment,67.94,72.11,51.22,69.23,68.56,67.89,67.84,66.91,65.13,63.11
C,Citigroup,Financials,Diversified Banks,93.93,105.59,54.71,96.48,98.08,100.09,96.91,90.0,85.73,80.95
CFG,Citizens Financial Group,Financials,Regional Banks,49.25,55.24,31.96,52.05,52.66,52.68,50.94,47.43,45.48,44.4
CLX,Clorox,Consumer Staples,Household Products,120.14,166.9,116.17,119.78,121.33,122.13,122.09,123.74,126.25,134.83
CME,CME Group,Financials,Financial Exchanges & Data,271.45,288.09,204.81,266.18,266.93,264.95,268.5,271.63,271.14,260.94
CMS,CMS Energy,Utilities,Multi-Utilities,74.09,75.33,62.54,73.51,73.01,71.94,72.21,71.06,71.15,70.22
KO,Coca-Cola Company (The),Consumer Staples,Soft Drinks & Non-alcoholic Beverages,67.04,73.29,59.3,66.48,66.43,66.39,67.74,68.73,69.13,67.79
CTSH,Cognizant,Information Technology,IT Consulting & Other Services,65.8,89.77,64.98,67.71,67.39,67.84,69.5,73.7,73.93,75.9
COIN,Coinbase,Financials,Financial Exchanges & Data,357.01,444.65,142.58,378.63,366.29,345.85,325.27,324.72,301.33,276.53
CL,Colgate-Palmolive,Consumer Staples,Household Products,77.96,100.36,77.09,78.07,78.6,79.72,82.57,85.98,87.04,87.72
CMCSA,Comcast,Communication Services,Cable & Satellite,29.46,43.66,29.42,30.4,30.65,31.09,32.16,33.23,33.31,33.95
CAG,Conagra Brands,Consumer Staples,Packaged Foods & Meats,18.58,28.75,17.89,18.68,18.74,18.62,18.95,19.76,20.51,22.21
COP,ConocoPhillips,Energy,Oil & Gas Exploration & Production,87.64,112.56,78.56,92.7,93.69,93.97,94.31,92.58,91.77,93.55
ED,Consolidated Edison,Utilities,Multi-Utilities,102.39,112.97,85.07,100.68,99.81,98.59,99.73,100.32,101.73,99.81
STZ,Constellation Brands,Consumer Staples,Distillers & Vintners,141.33,242.37,131.2,141.18,139.87,136.58,150.85,160.64,165.78,171.96
CEG,Constellation Energy,Utilities,Electric Utilities,368.49,392.12,160.94,369.0,357.67,344.27,330.24,320.77,305.29,286.54
COO,Cooper Companies (The),Health Care,Health Care Supplies,68.37,109.37,61.78,69.5,69.14,68.0,69.5,71.17,73.16,78.83
CPRT,Copart,Industrials,Diversified Support Services,43.88,64.38,43.71,44.31,44.59,45.19,46.74,48.02,50.65,52.85
GLW,Corning Inc.,Information Technology,Electronic Components,82.98,87.77,36.95,85.53,83.91,81.52,72.99,62.52,58.84,54.67
CPAY,Corpay,Financials,Transaction & Payment Processing Services,280.11,400.81,269.02,288.19,288.66,294.93,307.94,319.52,320.88,333.28
CTVA,Corteva,Materials,Fertilizers & Agricultural Chemicals,61.83,77.22,53.14,63.52,64.13,66.87,70.25,71.45,69.77,66.38
CSGP,CoStar Group,Real Estate,Real Estate Services,75.58,97.43,68.26,78.77,81.46,83.94,87.68,84.91,83.54,80.65
COST,Costco,Consumer Staples,Consumer Staples Merchandise Retail,930.01,1075.34,864.06,922.69,920.54,933.78,952.23,968.69,973.6,970.64
CTRA,Coterra,Energy,Oil & Gas Exploration & Production,22.75,29.29,21.84,23.79,23.67,23.75,23.86,24.36,24.36,25.28
CRWD,CrowdStrike,Information Technology,Systems Software,493.66,517.98,292.5,498.66,495.88,485.36,450.5,463.82,454.32,424.84
CCI,Crown Castle,Real Estate,Telecom Tower REITs,97.58,114.47,81.02,95.95,95.9,94.96,97.7,99.45,99.66,96.34
CSX,CSX Corporation,Industrials,Rail Transportation,35.49,37.1,26.01,35.95,35.77,34.53,34.28,33.55,32.55,31.98
CMI,Cummins,Industrials,Construction Machinery & Heavy Transportation Equipment,413.08,440.51,257.24,429.83,428.1,423.58,405.69,368.83,354.83,349.35
CVS,CVS Health,Health Care,Health Care Services,77.9,79.2,42.12,77.11,76.83,75.85,72.08,67.91,67.29,63.86
DHR,Danaher Corporation,Health Care,Life Sciences Tools & Services,202.46,277.73,170.43,206.48,205.49,197.24,200.19,198.36,197.37,203.89
DRI,Darden Restaurants,Consumer Discretionary,Restaurants,181.17,226.68,151.84,188.12,190.3,192.25,201.24,206.79,205.5,199.72
DDOG,Datadog,Information Technology,Application Software,158.74,170.08,81.63,159.76,154.26,145.69,138.03,134.92,128.71,126.89
DVA,DaVita,Health Care,Health Care Services,123.99,179.6,123.13,127.49,129.7,130.26,133.26,136.95,137.94,144.74
DAY,Dayforce,Industrials,Human Resource & Employment Services,68.11,82.69,48.01,68.65,68.79,68.81,65.34,61.55,60.68,61.93
DECK,Deckers Brands,Consumer Discretionary,Footwear,95.07,223.98,93.72,99.1,100.82,107.08,109.34,107.83,109.34,127.91
DE,Deere & Company,Industrials,Agricultural & Farm Machinery,446.35,530.24,381.67,456.43,457.97,462.82,478.21,494.07,490.12,477.94
DELL,Dell Technologies,Information Technology,"Technology Hardware, Storage & Peripherals",150.57,166.1,65.56,153.54,148.11,139.69,134.09,127.09,120.68,113.88
DAL,Delta Air Lines,Industrials,Passenger Airlines,57.48,69.36,34.52,57.81,57.39,57.88,58.42,54.72,52.67,54.18
DVN,Devon Energy,Energy,Oil & Gas Exploration & Production,32.5,42.12,25.53,34.34,34.65,34.79,34.31,33.42,32.92,33.33
DXCM,Dexcom,Health Care,Health Care Equipment,65.12,93.25,57.52,66.67,66.67,68.96,74.5,79.67,79.02,79.15
FANG,Diamondback Energy,Energy,Oil & Gas Exploration & Production,139.82,192.59,112.4,146.22,145.2,143.27,142.27,141.83,140.33,145.85
DLR,Digital Realty,Real Estate,Data Center REITs,168.49,192.35,128.14,174.0,173.45,173.08,169.18,170.78,168.17,164.44
DG,Dollar General,Consumer Staples,Consumer Staples Merchandise Retail,99.22,117.24,65.27,97.99,99.45,101.36,106.85,107.68,104.4,93.74
DLTR,Dollar Tree,Consumer Staples,Consumer Staples Merchandise Retail,87.61,118.06,60.49,87.44,89.63,92.72,103.01,102.05,98.09,88.24
D,Dominion Energy,Utilities,Multi-Utilities,60.97,62.37,46.96,60.83,60.98,60.55,60.13,58.03,57.01,55.53
DPZ,Domino's,Consumer Discretionary,Restaurants,406.37,495.24,392.06,411.91,421.18,426.69,441.52,452.14,457.36,452.96
DASH,DoorDash,Consumer Discretionary,Specialized Consumer Services,266.02,285.08,141.76,276.21,273.45,268.1,258.47,243.61,232.72,214.91
DOV,Dover Corporation,Industrials,Industrial Machinery & Supplies & Components,161.45,220.46,142.22,163.92,165.28,167.66,173.46,177.83,176.54,180.47
DOW,Dow Inc.,Materials,Commodity Chemicals,20.65,50.35,20.11,22.25,22.76,23.14,23.21,25.43,26.02,29.63
DHI,D. R. Horton,Consumer Discretionary,Homebuilding,151.58,193.34,109.8,158.86,165.25,166.72,166.68,148.0,143.05,139.0
DTE,DTE Energy,Utilities,Multi-Utilities,140.45,143.79,111.81,141.25,140.8,138.71,137.78,135.47,135.03,131.22
DUK,Duke Energy,Utilities,Electric Utilities,127.02,127.27,102.41,125.38,124.09,122.99,122.86,119.54,119.17,116.35
DD,DuPont,Materials,Specialty Chemicals,73.7,85.99,53.17,77.92,78.35,77.65,75.71,73.08,71.38,72.67
EMN,Eastman Chemical Company,Materials,Specialty Chemicals,58.2,107.33,56.08,61.53,62.37,63.44,64.44,70.76,71.93,78.58
ETN,Eaton Corporation,Industrials,Electrical Components & Equipment,369.08,398.4,230.37,374.79,373.94,372.23,361.93,354.83,343.0,328.87
EBAY,eBay Inc.,Consumer Discretionary,Broadline Retail,88.55,100.83,55.44,91.11,90.58,90.75,92.96,84.76,81.38,75.36
ECL,Ecolab,Materials,Specialty Chemicals,272.08,285.35,220.55,276.94,275.18,270.98,273.3,269.45,264.77,258.39
EIX,Edison International,Utilities,Electric Utilities,52.12,83.74,46.27,53.26,53.87,54.09,54.25,52.59,53.06,54.31
EW,Edwards Lifesciences,Health Care,Health Care Equipment,73.94,83.0,64.89,75.63,76.31,75.65,78.03,77.46,76.82,74.89
EA,Electronic Arts,Communication Services,Interactive Home Entertainment,200.02,203.75,114.77,200.11,200.76,187.39,176.78,163.87,160.7,151.5
ELV,Elevance Health,Health Care,Managed Health Care,353.24,501.08,272.22,356.23,344.73,330.28,313.33,332.41,347.78,366.59
EMR,Emerson Electric,Industrials,Electrical Components & Equipment,126.01,149.68,89.31,131.35,131.62,131.55,132.75,132.4,127.42,123.67
ENPH,Enphase Energy,Information Technology,Semiconductor Materials & Equipment,34.27,105.92,29.89,36.09,36.35,37.27,36.21,38.26,40.25,48.8
ETR,Entergy,Utilities,Electric Utilities,95.26,98.58,62.53,96.2,95.01,92.37,90.39,86.65,85.78,83.77
EOG,EOG Resources,Energy,Oil & Gas Exploration & Production,108.07,135.49,100.76,110.28,110.94,114.21,117.3,117.43,116.06,119.04
EPAM,EPAM Systems,Information Technology,IT Consulting & Other Services,142.38,269.0,138.15,149.27,151.08,152.71,158.94,166.01,165.59,183.72
EQT,EQT Corporation,Energy,Oil & Gas Exploration & Production,53.12,60.83,34.99,55.76,55.56,53.31,52.26,54.1,53.67,52.32
EFX,Equifax,Industrials,Research & Consulting Services,230.3,292.84,199.2,235.71,241.35,249.48,247.24,253.08,253.47,251.15
EQIX,Equinix,Real Estate,Data Center REITs,800.6,977.63,693.42,797.89,787.97,788.52,781.28,805.21,810.57,835.02
EQR,Equity Residential,Real Estate,Multi-Family Residential REITs,61.67,75.25,58.19,62.13,63.04,63.69,63.8,65.35,65.9,66.73
ERIE,Erie Indemnity,Financials,Insurance Brokers,324.31,531.01,305.49,321.61,317.85,317.35,337.13,344.09,349.97,370.1
ESS,Essex Property Trust,Real Estate,Multi-Family Residential REITs,255.86,307.81,239.32,260.09,262.67,263.19,260.77,269.98,271.01,275.19
EL,Estée Lauder Companies (The),Consumer Staples,Personal Care Products,87.65,96.5,47.94,91.74,89.9,88.49,89.22,83.82,78.85,75.49
EG,Everest Group,Financials,Reinsurance,346.69,395.49,318.14,356.98,354.2,346.44,341.45,339.79,341.25,344.45
EVRG,Evergy,Utilities,Electric Utilities,77.47,78.56,56.68,77.43,76.72,74.64,72.91,70.1,69.35,67.19
ES,Eversource Energy,Utilities,Electric Utilities,72.35,74.46,51.06,72.75,72.14,69.26,66.21,65.13,63.83,61.45
EXC,Exelon,Utilities,Electric Utilities,47.07,47.35,34.98,46.57,45.75,44.66,44.38,43.66,43.93,42.82
EXE,Expand Energy,Energy,Oil & Gas Exploration & Production,101.75,121.47,80.07,106.63,107.07,103.65,99.21,104.62,104.82,103.44
EXPE,Expedia Group,Consumer Discretionary,"Hotels, Resorts & Cruise Lines",210.33,240.98,129.46,215.91,216.87,219.6,211.54,192.45,185.87,182.91
EXPD,Expeditors International,Industrials,Air Freight & Logistics,113.13,128.27,99.78,119.21,120.95,121.61,120.67,117.46,115.93,115.03
EXR,Extra Space Storage,Real Estate,Self-Storage REITs,141.98,168.1,118.4,142.38,141.97,141.22,140.05,143.34,143.01,143.86
XOM,ExxonMobil,Energy,Integrated Oil & Gas,110.73,119.92,96.01,113.22,112.96,113.6,111.03,109.51,108.58,108.16
FFIV,"F5, Inc.",Information Technology,Communications Equipment,331.75,346.0,213.24,335.29,330.17,328.11,322.17,308.02,300.16,290.61
FDS,FactSet,Financials,Financial Exchanges & Data,283.13,495.04,272.5,279.92,282.77,294.38,343.52,389.55,398.97,418.59
FICO,Fair Isaac,Information Technology,Application Software,1665.21,2402.52,1300.0,1759.74,1696.87,1615.63,1501.06,1598.77,1683.21,1750.07
FAST,Fastenal,Industrials,Trading Companies & Distributors,45.78,50.63,33.96,47.05,47.69,47.65,48.18,45.56,44.48,41.69
FRT,Federal Realty Investment Trust,Real Estate,Retail REITs,95.58,113.0,78.83,97.33,98.37,98.5,96.93,95.12,94.63,96.48
FDX,FedEx,Industrials,Air Freight & Logistics,224.63,301.45,191.82,238.18,238.98,234.95,229.78,227.55,224.74,234.7
FIS,Fidelity National Information Services,Financials,Transaction & Payment Processing Services,66.87,90.1,63.0,67.85,67.06,66.13,68.44,74.13,74.59,74.44
FITB,Fifth Third Bancorp,Financials,Regional Banks,41.47,47.33,31.68,43.25,43.88,44.47,43.81,42.01,40.8,40.62
FSLR,First Solar,Information Technology,Semiconductors,225.91,237.2,116.56,229.81,228.02,221.12,205.87,185.56,176.99,168.68
FE,FirstEnergy,Utilities,Electric Utilities,46.91,47.37,36.81,46.61,46.16,44.96,44.05,42.22,42.09,40.87
FI,Fiserv,Financials,Transaction & Payment Processing Services,122.63,238.59,122.62,125.37,126.56,128.95,133.16,148.08,156.33,179.02
F,Ford Motor Company,Consumer Discretionary,Automobile Manufacturers,11.41,12.8,8.21,11.85,12.05,11.87,11.63,11.18,10.93,10.33
FTNT,Fortinet,Information Technology,Systems Software,83.04,114.82,70.12,85.4,85.3,84.03,82.09,92.76,94.49,96.55
FTV,Fortive,Industrials,Industrial Machinery & Supplies & Components,47.8,62.58,45.4,49.32,49.48,48.93,48.29,50.41,50.68,53.2
FOXA,Fox Corporation (Class A),Communication Services,Broadcasting,57.27,65.3,40.85,59.84,61.1,60.63,59.07,57.13,55.79,54.37
FOX,Fox Corporation (Class B),Communication Services,Broadcasting,51.4,59.29,37.58,53.59,54.98,54.63,53.58,52.12,51.05,50.18
BEN,Franklin Resources,Financials,Asset Management & Custody Banks,22.67,25.72,15.81,23.29,23.19,23.44,24.25,23.54,22.66,21.29
FCX,Freeport-McMoRan,Materials,Copper,40.88,49.55,27.45,41.61,40.2,41.36,42.42,42.39,41.21,39.76
GRMN,Garmin,Consumer Discretionary,Consumer Electronics,248.03,261.69,158.51,255.65,254.0,245.32,237.92,224.5,218.18,215.24
IT,Gartner,Information Technology,IT Consulting & Other Services,239.45,584.01,223.65,245.93,251.91,254.38,250.48,324.13,344.16,395.48
GE,GE Aerospace,Industrials,Aerospace & Defense,291.49,306.88,158.62,298.67,298.51,297.41,282.99,266.79,254.32,231.0
GEHC,GE HealthCare,Health Care,Health Care Equipment,71.01,94.71,57.59,74.25,74.83,74.82,74.23,73.83,72.69,76.56
GEV,GE Vernova,Industrials,Heavy Electrical Equipment,604.56,677.29,251.95,614.72,609.83,615.72,620.45,572.25,533.67,461.87
GEN,Gen Digital,Information Technology,Systems Software,26.52,32.09,22.55,27.17,27.71,28.26,29.42,29.38,28.73,28.02
GNRC,Generac,Industrials,Electrical Components & Equipment,170.08,203.25,99.5,168.88,168.12,172.53,183.37,161.67,152.77,148.32
GD,General Dynamics,Industrials,Aerospace & Defense,332.94,347.37,236.67,342.42,341.07,333.11,324.67,306.96,300.03,284.27
GIS,General Mills,Consumer Staples,Packaged Foods & Meats,49.34,70.25,48.29,49.88,50.09,50.0,49.78,50.86,51.72,54.37
GM,General Motors,Consumer Discretionary,Automobile Manufacturers,55.35,62.14,41.36,56.62,58.6,58.98,57.42,53.85,52.38,51.02
GPC,Genuine Parts Company,Consumer Discretionary,Distributors,130.34,143.1,102.41,134.0,136.61,137.42,136.79,130.55,127.79,123.69
GILD,Gilead Sciences,Health Care,Biotechnology,117.18,120.99,81.73,116.51,114.06,113.38,114.17,111.75,109.74,106.43
GPN,Global Payments,Financials,Transaction & Payment Processing Services,82.85,118.69,65.53,86.77,86.28,85.93,85.51,82.15,81.26,89.22
GL,Globe Life,Financials,Life & Health Insurance,136.0,147.54,99.43,135.62,138.15,140.83,139.95,131.29,129.22,125.99
GDDY,GoDaddy,Information Technology,Internet Services & Infrastructure,130.68,216.0,130.17,134.45,135.19,139.68,143.74,159.62,164.05,173.66
GS,Goldman Sachs,Financials,Investment Banking & Brokerage,764.36,825.25,434.87,781.45,786.26,792.0,758.46,709.43,677.38,640.86
HAL,Halliburton,Energy,Oil & Gas Equipment & Services,21.97,31.66,18.43,23.59,24.11,23.68,22.43,21.79,21.52,22.93
HIG,Hartford (The),Financials,Property & Casualty Insurance,129.02,135.17,103.64,131.7,132.34,131.83,131.05,127.95,126.83,121.78
HAS,Hasbro,Consumer Discretionary,Leisure Products,70.95,82.19,48.07,74.15,74.99,74.92,77.4,74.33,71.25,66.29
HCA,HCA Healthcare,Health Care,Health Care Facilities,415.14,439.01,288.25,426.28,426.08,416.65,403.73,387.18,379.34,357.2
DOC,Healthpeak Properties,Real Estate,Health Care REITs,18.05,21.94,16.26,18.75,18.96,18.72,17.91,17.63,17.58,18.2
HSIC,Henry Schein,Health Care,Health Care Distributors,63.17,82.49,60.56,64.68,65.45,66.6,67.45,69.56,69.03,70.35
HSY,Hershey Company (The),Consumer Staples,Packaged Foods & Meats,192.13,202.98,136.73,193.97,191.4,190.53,185.99,176.95,174.18,169.25
HPE,Hewlett Packard Enterprise,Information Technology,"Technology Hardware, Storage & Peripherals",24.4,26.44,11.82,25.29,24.9,24.77,23.08,21.08,20.09,19.68
HLT,Hilton Worldwide,Consumer Discretionary,"Hotels, Resorts & Cruise Lines",259.53,279.81,195.81,259.7,259.43,262.86,267.57,264.02,257.47,252.69
HOLX,Hologic,Health Care,Health Care Equipment,67.76,84.39,51.9,67.96,67.76,67.09,67.15,65.48,63.75,64.59
HD,Home Depot (The),Consumer Discretionary,Home Improvement Retail,375.75,429.19,322.47,382.67,391.24,402.85,401.78,382.76,377.83,378.4
HON,Honeywell,Industrials,Industrial Conglomerates,200.91,240.47,177.52,206.59,208.3,208.99,213.85,220.87,218.03,215.4
HRL,Hormel Foods,Consumer Staples,Packaged Foods & Meats,23.73,32.84,23.68,23.94,24.32,24.51,26.24,28.07,28.37,28.72
HST,Host Hotels & Resorts,Real Estate,Hotel & Resort REITs,15.82,18.32,11.93,16.26,16.66,16.97,16.58,16.06,15.67,15.59
HWM,Howmet Aerospace,Industrials,Aerospace & Defense,184.09,198.48,98.55,189.3,190.98,190.65,182.76,180.05,172.83,154.94
HPQ,HP Inc.,Information Technology,"Technology Hardware, Storage & Peripherals",25.55,38.25,20.76,26.54,26.66,27.21,27.06,26.07,25.94,27.46
HUBB,Hubbell Incorporated,Industrials,Industrial Machinery & Supplies & Components,408.46,475.24,297.55,414.6,419.66,426.78,430.31,418.08,405.82,396.3
HUM,Humana,Health Care,Managed Health Care,280.22,314.25,206.15,291.86,276.18,268.79,277.49,255.65,255.44,259.7
HBAN,Huntington Bancshares,Financials,Regional Banks,15.6,17.93,11.7,16.35,16.77,17.12,16.97,16.57,16.16,15.87
HII,Huntington Ingalls Industries,Industrials,Aerospace & Defense,282.99,291.7,155.93,286.77,285.37,280.1,273.19,256.66,250.02,226.7
IBM,IBM,Information Technology,IT Consulting & Other Services,277.82,301.04,197.92,287.76,286.23,277.17,258.1,266.35,261.89,252.89
IEX,IDEX Corporation,Industrials,Industrial Machinery & Supplies & Components,161.16,235.67,152.2,165.35,164.8,162.8,163.03,171.37,172.3,180.77
IDXX,Idexx Laboratories,Health Care,Health Care Equipment,616.15,688.12,356.14,625.97,628.45,634.83,639.26,584.51,559.6,510.24
ITW,Illinois Tool Works,Industrials,Industrial Machinery & Supplies & Components,244.93,273.07,212.05,252.09,256.16,257.99,259.45,254.01,250.73,250.3
INCY,Incyte,Health Care,Biotechnology,83.8,88.66,53.56,85.67,85.69,84.95,84.14,76.37,73.12,71.37
IR,Ingersoll Rand,Industrials,Industrial Machinery & Supplies & Components,76.1,105.95,65.58,80.07,81.71,81.14,79.79,81.99,80.99,82.77
PODD,Insulet Corporation,Health Care,Health Care Equipment,314.52,353.5,225.37,315.11,312.22,320.63,322.65,313.37,305.13,291.34
INTC,Intel,Information Technology,Semiconductors,36.37,39.65,17.67,37.07,36.35,32.87,27.06,24.31,23.56,22.82
ICE,Intercontinental Exchange,Financials,Financial Exchanges & Data,157.5,188.82,141.12,159.44,161.99,165.87,173.89,176.75,174.88,169.7
IFF,International Flavors & Fragrances,Materials,Specialty Chemicals,59.55,104.48,59.14,60.7,61.07,61.71,64.19,69.63,70.67,74.27
IP,International Paper,Materials,Paper & Plastic Packaging Products & Materials,45.69,58.71,42.44,46.12,46.31,46.24,47.0,47.9,47.49,49.44
IPG,Interpublic Group of Companies (The),Communication Services,Advertising,26.12,31.81,21.93,26.8,26.83,26.45,26.11,25.06,24.89,25.4
INTU,Intuit,Information Technology,Application Software,641.79,812.22,530.03,653.79,668.16,674.22,687.9,723.3,703.49,664.1
ISRG,Intuitive Surgical,Health Care,Health Care Equipment,429.59,616.0,425.0,442.41,443.19,441.21,458.88,492.57,498.39,515.22
IVZ,Invesco,Financials,Asset Management & Custody Banks,22.47,24.54,11.33,23.72,23.53,22.96,22.02,19.22,18.16,17.42
INVH,Invitation Homes,Real Estate,Single-Family Residential REITs,27.94,35.13,27.71,28.1,28.52,28.88,29.62,31.0,31.49,31.49
IQV,IQVIA,Health Care,Life Sciences Tools & Services,198.17,237.34,134.65,201.53,199.31,192.09,188.81,174.65,169.46,177.13
IRM,Iron Mountain,Real Estate,Other Specialized REITs,101.84,126.21,71.19,104.89,103.71,102.35,96.03,97.4,95.94,94.91
JBHT,J.B. Hunt,Industrials,Cargo Ground Transportation,137.09,198.61,122.01,141.59,138.17,136.02,140.14,142.35,140.84,148.31
JBL,Jabil,Information Technology,Electronic Manufacturing Services,193.99,237.14,108.57,202.01,207.43,214.2,213.61,207.37,195.7,178.55
JKHY,Jack Henry & Associates,Financials,Transaction & Payment Processing Services,151.54,194.68,144.12,149.52,148.66,151.05,157.67,168.23,169.36,170.78
J,Jacobs Solutions,Industrials,Construction & Engineering,151.13,157.89,104.68,154.85,153.37,150.64,148.01,139.81,136.04,132.56
JNJ,Johnson & Johnson,Health Care,Pharmaceuticals,190.72,192.1,137.37,189.71,187.62,182.13,177.88,166.9,163.89,159.46
JCI,Johnson Controls,Industrials,Building Products,105.55,112.63,67.78,107.93,108.41,108.02,106.97,105.58,101.65,93.83
JPM,JPMorgan Chase,Financials,Diversified Banks,300.89,316.47,200.22,305.46,307.92,309.5,300.11,288.81,280.18,267.62
K,Kellanova,Consumer Staples,Packaged Foods & Meats,82.86,83.0,76.48,82.83,82.6,80.23,79.72,79.72,80.04,80.22
KVUE,Kenvue,Consumer Staples,Personal Care Products,16.65,24.71,15.47,16.3,16.14,16.81,19.14,20.45,20.97,21.22
KDP,Keurig Dr Pepper,Consumer Staples,Soft Drinks & Non-alcoholic Beverages,25.82,36.17,25.03,25.58,25.62,25.97,29.26,31.06,31.61,31.75
KEY,KeyCorp,Financials,Regional Banks,17.2,19.41,12.43,18.08,18.36,18.59,18.47,17.7,17.13,16.76
KEYS,Keysight Technologies,Information Technology,Electronic Equipment & Instruments,159.49,186.2,121.43,169.24,171.6,173.19,168.27,165.53,162.01,161.83
KMB,Kimberly-Clark,Consumer Staples,Household Products,119.57,147.59,119.36,120.32,121.71,122.95,127.59,129.08,129.8,130.5
KIM,Kimco Realty,Real Estate,Retail REITs,20.78,24.7,17.52,21.24,21.41,21.65,21.63,21.29,21.08,21.08
KMI,Kinder Morgan,Energy,Oil & Gas Storage & Transportation,27.1,30.49,22.2,27.74,28.04,27.81,27.28,27.46,27.3,27.13
KKR,KKR & Co.,Financials,Asset Management & Custody Banks,117.82,169.7,85.9,123.64,126.24,134.79,138.52,135.3,131.07,132.22
KLAC,KLA Corporation,Information Technology,Semiconductor Materials & Equipment,982.75,1155.0,548.81,1064.65,1083.57,1061.55,963.8,915.31,872.4,808.09
KHC,Kraft Heinz,Consumer Staples,Packaged Foods & Meats,25.15,34.37,24.85,25.19,25.61,25.87,26.57,26.51,26.79,27.54
KR,Kroger,Consumer Staples,Food Retail,67.78,74.52,53.78,67.03,66.82,66.36,68.47,68.78,69.01,66.75
LHX,L3Harris,Industrials,Aerospace & Defense,292.34,308.12,190.25,300.35,299.81,292.5,281.19,266.61,256.83,238.17
LH,Labcorp,Health Care,Health Care Services,277.88,289.2,208.23,277.57,279.31,278.4,274.7,264.53,258.76,250.97
LRCX,Lam Research,Information Technology,Semiconductor Materials & Equipment,131.37,153.7,56.07,140.88,140.5,133.35,114.57,103.76,97.65,89.66
LW,Lamb Weston,Consumer Staples,Packaged Foods & Meats,63.75,82.35,47.25,63.81,61.99,58.65,56.61,55.0,54.35,55.08
LVS,Las Vegas Sands,Consumer Discretionary,Casinos & Gaming,49.61,58.05,29.84,51.76,52.86,52.97,53.76,49.4,46.95,45.46
LDOS,Leidos,Industrials,Diversified Support Services,188.03,200.78,122.65,195.07,193.0,189.17,182.32,168.67,164.55,154.89
LEN,Lennar,Consumer Discretionary,Homebuilding,118.77,181.28,97.54,121.07,124.57,126.37,128.98,119.56,117.17,119.11
LII,Lennox International,Industrials,Building Products,524.5,687.72,496.64,541.81,539.21,536.67,561.41,572.55,569.83,579.43
LLY,Lilly (Eli),Health Care,Pharmaceuticals,833.49,931.67,622.41,844.65,819.79,783.44,742.83,756.98,764.19,783.32
LIN,Linde plc,Materials,Industrial Gases,453.82,484.83,406.06,463.75,467.32,471.82,473.38,469.21,464.99,456.89
LYV,Live Nation Entertainment,Communication Services,Movies & Entertainment,152.96,175.25,111.28,153.39,156.66,161.11,161.47,153.82,149.98,144.36
LKQ,LKQ Corporation,Consumer Discretionary,Distributors,28.68,43.77,28.65,29.68,30.31,30.53,30.92,34.15,35.27,36.59
LMT,Lockheed Martin,Industrials,Aerospace & Defense,505.05,602.02,407.14,510.43,504.62,491.93,462.92,460.48,461.01,457.97
L,Loews Corporation,Financials,Multi-line Insurance,100.86,103.52,74.95,102.3,101.51,99.61,97.1,93.52,92.18,89.64
LOW,Lowe's,Consumer Discretionary,Home Improvement Retail,232.22,281.56,204.22,237.21,243.23,253.29,254.19,238.29,235.14,237.21
LULU,Lululemon Athletica,Consumer Discretionary,"Apparel, Accessories & Luxury Goods",167.51,423.32,159.25,172.62,175.15,172.55,184.11,219.37,231.29,278.08
LYB,LyondellBasell,Materials,Specialty Chemicals,44.91,87.79,44.89,47.82,48.44,49.96,51.9,55.17,55.19,60.39
MTB,M&T Bank,Financials,Regional Banks,180.84,219.44,148.52,187.31,191.79,195.44,194.27,191.26,186.96,185.47
MPC,Marathon Petroleum,Energy,Oil & Gas Refining & Marketing,180.89,201.61,113.82,188.44,190.91,189.68,178.23,172.81,166.47,157.56
MKTX,MarketAxess,Financials,Financial Exchanges & Data,177.4,292.5,161.61,171.56,172.06,176.08,183.47,200.18,204.11,206.21
MAR,Marriott International,Consumer Discretionary,"Hotels, Resorts & Cruise Lines",260.2,305.27,204.35,266.74,265.66,264.87,264.78,266.51,262.09,263.33
MMC,Marsh McLennan,Financials,Insurance Brokers,207.02,245.83,194.14,204.59,202.4,199.61,202.37,209.28,212.07,216.4
MLM,Martin Marietta Materials,Materials,Construction Materials,632.38,640.0,440.72,633.64,630.25,621.79,614.68,585.25,572.58,546.77
MAS,Masco,Industrials,Building Products,65.09,85.23,56.02,67.72,69.06,70.51,71.83,68.03,66.82,68.97
MA,Mastercard,Financials,Transaction & Payment Processing Services,557.48,600.98,463.61,570.97,571.96,575.29,579.46,571.98,567.1,555.82
MTCH,Match Group,Communication Services,Interactive Media & Services,31.45,38.99,26.09,32.85,33.9,35.41,36.29,33.85,32.89,32.46
MKC,McCormick & Company,Consumer Staples,Packaged Foods & Meats,66.66,85.22,63.66,66.5,67.1,66.35,68.51,70.73,71.56,73.68
MCD,McDonald's,Consumer Discretionary,Restaurants,297.01,322.65,271.85,295.52,298.58,300.89,305.38,302.07,303.87,300.6
MCK,McKesson Corporation,Health Care,Health Care Distributors,763.55,776.14,490.22,753.74,756.49,736.89,707.51,711.62,709.04,675.84
MDT,Medtronic,Health Care,Health Care Equipment,95.45,99.37,77.57,97.32,96.38,95.52,93.5,90.32,88.93,88.17
MRK,Merck & Co.,Health Care,Pharmaceuticals,85.99,107.6,71.87,87.26,86.76,83.51,82.88,81.04,80.38,84.04
META,Meta Platforms,Communication Services,Interactive Media & Services,705.3,795.71,479.11,717.08,721.81,743.37,752.06,724.08,693.64,669.06
MET,MetLife,Financials,Life & Health Insurance,79.77,87.17,64.24,81.78,81.9,80.94,79.5,78.7,78.06,78.99
MTD,Mettler Toledo,Health Care,Life Sciences Tools & Services,1273.67,1486.76,946.69,1312.83,1288.75,1271.09,1276.73,1233.92,1203.23,1219.94
MGM,MGM Resorts,Consumer Discretionary,Casinos & Gaming,31.28,42.54,25.3,32.62,33.76,34.48,35.72,35.31,34.6,34.02
MCHP,Microchip Technology,Information Technology,Semiconductors,60.41,77.17,33.63,64.95,64.98,64.99,65.15,66.48,62.78,59.16
MU,Micron Technology,Information Technology,Semiconductors,181.6,201.0,61.44,189.42,183.16,172.28,142.44,127.73,118.4,108.69
MSFT,Microsoft,Information Technology,Systems Software,510.96,554.54,343.59,522.15,519.61,515.46,513.23,499.84,482.25,452.83
MAA,Mid-America Apartment Communities,Real Estate,Multi-Family Residential REITs,134.55,170.0,133.28,135.51,136.68,138.44,140.65,145.24,147.94,150.41
MRNA,Moderna,Health Care,Biotechnology,26.83,59.73,23.15,27.43,27.28,26.23,25.99,27.58,27.25,30.05
MHK,Mohawk Industries,Consumer Discretionary,Home Furnishings,117.54,164.29,96.24,121.62,125.26,127.98,128.65,117.87,115.38,116.28
MOH,Molina Healthcare,Health Care,Managed Health Care,194.05,359.97,151.95,200.23,197.45,189.73,177.67,217.4,238.28,263.6
TAP,Molson Coors Beverage Company,Consumer Staples,Brewers,45.97,63.47,43.8,45.88,45.9,45.92,48.35,49.25,50.63,52.9
MDLZ,Mondelez International,Consumer Staples,Packaged Foods & Meats,61.45,70.58,52.78,61.7,62.07,62.37,61.93,64.4,64.64,63.17
MPWR,Monolithic Power Systems,Information Technology,Semiconductors,904.44,990.25,437.16,955.64,934.91,913.82,865.73,787.71,752.34,699.47
MNST,Monster Beverage,Consumer Staples,Soft Drinks & Non-alcoholic Beverages,69.62,70.06,45.7,68.52,67.91,66.41,64.25,63.09,62.46,58.85
MCO,Moody's Corporation,Financials,Financial Exchanges & Data,484.1,528.95,377.3,487.71,484.29,486.19,500.87,495.53,487.21,481.85
MS,Morgan Stanley,Financials,Investment Banking & Brokerage,151.86,163.98,92.93,155.57,156.77,157.76,151.38,143.31,138.13,132.82
MOS,Mosaic Company (The),Materials,Fertilizers & Agricultural Chemicals,30.35,37.97,21.99,33.87,34.18,34.27,33.35,34.57,33.68,30.65
MSI,Motorola Solutions,Information Technology,Communications Equipment,456.3,502.83,387.0,458.36,456.11,462.93,463.1,440.34,436.12,438.13
MSCI,MSCI Inc.,Financials,Financial Exchanges & Data,546.95,636.39,483.67,561.22,561.59,564.37,563.45,562.67,559.66,564.78
NDAQ,"Nasdaq, Inc.",Financials,Financial Exchanges & Data,88.9,97.36,64.46,89.36,88.58,89.13,92.53,89.97,87.25,83.46
NTAP,NetApp,Information Technology,"Technology Hardware, Storage & Peripherals",113.94,132.76,71.18,118.9,118.67,120.82,115.13,109.2,105.34,105.61
NFLX,Netflix,Communication Services,Movies & Entertainment,1220.08,1341.15,677.88,1203.95,1191.19,1202.33,1209.85,1221.14,1196.5,1101.25
NEM,Newmont,Materials,Gold,85.14,89.37,36.35,86.84,86.23,84.01,76.42,66.92,64.05,56.31
NWSA,News Corp (Class A),Communication Services,Publishing,25.78,31.61,23.3,26.94,28.23,29.27,29.29,29.02,28.65,28.22
NWS,News Corp (Class B),Communication Services,Publishing,29.28,35.47,26.17,30.44,31.8,32.64,33.17,33.14,32.81,32.18
NEE,NextEra Energy,Utilities,Multi-Utilities,83.35,84.82,60.75,83.28,80.5,76.38,73.95,72.76,71.65,70.64
NKE,"Nike, Inc.",Consumer Discretionary,"Apparel, Accessories & Luxury Goods",65.22,82.92,51.67,68.49,70.24,70.77,73.57,70.48,67.91,69.01
NI,NiSource,Utilities,Multi-Utilities,42.86,44.52,32.69,43.49,43.4,42.18,42.04,40.89,40.47,39.46
NDSN,Nordson Corporation,Industrials,Industrial Machinery & Supplies & Components,228.16,262.94,163.83,232.24,230.98,228.0,222.49,217.88,212.22,209.94
NSC,Norfolk Southern,Industrials,Rail Transportation,288.37,302.24,199.43,295.08,297.25,292.01,284.12,270.72,261.5,252.32
NTRS,Northern Trust,Financials,Asset Management & Custody Banks,124.72,135.48,80.54,130.02,131.55,131.23,129.0,123.31,117.7,111.83
NOC,Northrop Grumman,Industrials,Aerospace & Defense,623.49,640.9,420.66,627.32,615.99,597.87,589.29,547.65,535.12,512.54
NCLH,Norwegian Cruise Line Holdings,Consumer Discretionary,"Hotels, Resorts & Cruise Lines",22.45,29.29,14.21,23.48,23.99,24.69,24.78,22.65,21.61,22.28
NRG,NRG Energy,Utilities,Independent Power Producers & Energy Traders,160.43,175.96,79.04,164.55,164.55,165.22,157.63,156.19,148.73,129.93
NUE,Nucor,Materials,Steel,133.65,167.56,96.79,136.21,136.45,136.65,140.56,134.5,130.49,128.13
NVDA,Nvidia,Information Technology,Semiconductors,183.16,195.62,86.61,187.08,186.76,181.92,179.14,166.43,156.1,144.44
NVR,"NVR, Inc.",Consumer Discretionary,Homebuilding,7450.9,9964.77,6562.85,7747.17,7915.17,7996.58,8078.13,7729.6,7616.61,7609.0
NXPI,NXP Semiconductors,Information Technology,Semiconductors,205.37,251.87,146.73,220.69,223.88,224.07,223.49,219.03,212.7,210.05
ORLY,O’Reilly Automotive,Consumer Discretionary,Automotive Retail,102.15,108.72,76.22,101.56,103.86,104.19,103.81,97.86,96.64,93.05
OXY,Occidental Petroleum,Energy,Oil & Gas Exploration & Production,42.15,54.12,34.4,44.49,45.46,46.1,45.4,44.33,43.5,44.89
ODFL,Old Dominion,Industrials,Cargo Ground Transportation,134.31,231.78,133.69,140.91,140.75,141.16,146.09,154.26,154.87,163.5
OMC,Omnicom Group,Communication Services,Advertising,76.5,103.32,67.76,78.4,78.46,77.34,76.44,74.15,74.16,76.62
ON,ON Semiconductor,Information Technology,Semiconductors,45.74,76.06,31.04,49.02,49.05,49.69,49.61,51.36,49.03,49.35
OKE,Oneok,Energy,Oil & Gas Storage & Transportation,69.09,113.92,69.08,71.58,72.23,72.54,73.72,77.11,78.18,84.53
ORCL,Oracle Corporation,Information Technology,Application Software,292.96,345.12,117.98,290.58,287.83,295.69,266.53,237.52,218.8,196.25
OTIS,Otis Worldwide,Industrials,Industrial Machinery & Supplies & Components,89.46,105.86,83.85,90.33,91.05,90.28,88.42,92.03,92.79,94.09
PCAR,Paccar,Industrials,Construction Machinery & Heavy Transportation Equipment,93.0,114.66,84.08,95.83,97.22,98.34,98.6,96.86,95.62,98.37
PKG,Packaging Corporation of America,Materials,Paper & Plastic Packaging Products & Materials,206.75,244.78,170.61,210.98,213.41,213.28,208.04,201.43,198.01,201.71
PLTR,Palantir Technologies,Information Technology,Application Software,175.44,190.0,40.36,181.23,181.25,178.99,171.27,155.28,146.73,124.21
PANW,Palo Alto Networks,Information Technology,Systems Software,208.55,217.94,144.15,213.03,209.6,206.62,192.59,194.21,191.8,188.33
PSKY,Paramount Skydance Corporation,Communication Services,Movies & Entertainment,17.0,20.86,9.92,18.22,18.61,18.61,15.91,14.17,13.61,12.63
PH,Parker Hannifin,Industrials,Industrial Machinery & Supplies & Components,716.66,779.77,485.92,744.57,751.12,751.99,747.15,718.06,696.95,675.1
PAYX,Paychex,Industrials,Human Resource & Employment Services,125.55,160.03,119.02,125.75,125.61,127.81,133.77,141.35,142.38,143.0
PAYC,Paycom,Industrials,Human Resource & Employment Services,199.82,267.33,158.97,202.28,204.02,210.46,218.87,229.83,230.4,222.58
PYPL,PayPal,Financials,Transaction & Payment Processing Services,69.84,93.66,55.85,73.52,70.92,69.27,68.86,71.04,70.18,72.62
PNR,Pentair,Industrials,Industrial Machinery & Supplies & Components,107.21,113.95,73.85,110.31,110.71,110.36,108.23,104.89,102.04,98.88
PEP,PepsiCo,Consumer Staples,Soft Drinks & Non-alcoholic Beverages,150.08,170.89,125.14,142.82,142.22,141.6,143.66,138.2,137.06,140.0
PFE,Pfizer,Health Care,Pharmaceuticals,24.78,28.43,20.18,25.68,25.94,24.96,24.84,24.38,23.94,24.26
PCG,PG&E Corporation,Utilities,Multi-Utilities,15.86,21.59,12.95,16.21,15.84,15.34,15.2,14.87,15.32,15.88
PM,Philip Morris International,Consumer Staples,Tobacco,160.47,183.57,113.18,156.14,157.19,159.5,162.82,169.01,168.22,156.96
PSX,Phillips 66,Energy,Oil & Gas Refining & Marketing,126.76,142.35,89.26,130.89,133.06,133.3,128.93,124.82,121.09,119.65
PNW,Pinnacle West Capital,Utilities,Multi-Utilities,92.41,94.64,79.08,91.75,90.23,88.37,89.69,89.58,90.0,88.97
PNC,PNC Financial Services,Financials,Diversified Banks,183.95,210.46,142.39,190.84,195.21,199.41,198.17,191.13,185.37,184.03
POOL,Pool Corporation,Consumer Discretionary,Distributors,289.91,391.14,281.15,299.25,304.81,310.74,314.34,307.73,306.54,316.42
PPG,PPG Industries,Materials,Specialty Chemicals,98.48,129.03,89.08,100.98,102.71,105.01,107.87,110.12,109.2,110.33
PPL,PPL Corporation,Utilities,Electric Utilities,37.23,37.81,30.41,37.22,37.0,36.49,36.27,35.26,35.21,34.46
PFG,Principal Financial Group,Financials,Life & Health Insurance,79.42,88.63,67.06,82.33,82.86,82.33,79.92,78.83,78.02,78.69
PG,Procter & Gamble,Consumer Staples,Personal Care Products,149.69,177.66,149.45,150.78,151.86,153.49,155.11,157.32,158.11,160.65
PGR,Progressive Corporation,Financials,Property & Casualty Insurance,240.0,292.65,228.28,241.92,243.63,242.97,245.02,253.42,258.04,258.84
PLD,Prologis,Real Estate,Industrial REITs,111.23,123.15,83.8,114.95,115.32,114.58,110.99,108.61,107.37,108.41
PRU,Prudential Financial,Financials,Life & Health Insurance,99.13,125.75,88.12,102.3,102.8,103.12,104.65,104.06,103.35,105.63
PEG,Public Service Enterprise Group,Utilities,Electric Utilities,80.65,92.35,73.5,81.24,81.88,81.79,82.96,82.28,81.64,81.59
PTC,PTC Inc.,Information Technology,Application Software,196.9,219.69,133.38,201.86,202.46,203.45,207.66,194.07,186.73,180.43
PSA,Public Storage,Real Estate,Self-Storage REITs,294.42,342.02,251.43,293.18,291.67,287.21,285.47,287.73,288.54,288.8
PHM,PulteGroup,Consumer Discretionary,Homebuilding,120.04,148.31,87.74,126.84,130.64,131.25,130.06,118.09,114.62,111.52
PWR,Quanta Services,Industrials,Construction & Engineering,417.61,443.97,226.97,428.06,422.63,406.94,392.04,382.37,366.89,337.17
QCOM,Qualcomm,Information Technology,Semiconductors,153.59,178.09,119.4,164.22,165.73,166.73,159.74,156.77,153.95,155.15
DGX,Quest Diagnostics,Health Care,Health Care Services,184.07,190.64,144.18,181.34,182.52,182.99,180.29,176.41,175.6,170.17
RL,Ralph Lauren Corporation,Consumer Discretionary,"Apparel, Accessories & Luxury Goods",309.42,330.11,175.49,321.45,319.11,314.54,304.59,291.93,280.04,264.63
RJF,Raymond James Financial,Financials,Investment Banking & Brokerage,160.28,177.15,116.85,164.57,167.01,169.55,167.23,160.22,156.32,154.35
RTX,RTX Corporation,Industrials,Aerospace & Defense,157.7,170.85,111.21,165.3,165.79,162.74,158.8,151.47,146.53,138.22
O,Realty Income,Real Estate,Retail REITs,58.26,61.34,49.31,59.09,59.72,59.57,58.58,57.3,56.92,55.5
REG,Regency Centers,Real Estate,Retail REITs,70.37,75.93,62.21,71.12,71.64,71.21,71.35,70.7,70.7,70.69
REGN,Regeneron Pharmaceuticals,Health Care,Biotechnology,564.63,1019.99,475.77,573.42,579.01,578.69,573.32,557.26,561.05,603.61
RF,Regions Financial Corporation,Financials,Regional Banks,24.16,27.61,17.36,25.27,25.8,26.31,26.14,24.65,23.79,23.22
RSG,Republic Services,Industrials,Environmental & Facilities Services,225.16,257.43,195.57,223.63,224.88,225.61,229.6,237.57,238.93,232.82
RMD,ResMed,Health Care,Health Care Equipment,272.0,293.81,199.07,279.38,276.78,274.58,278.46,266.79,260.15,248.73
RVTY,Revvity,Health Care,Health Care Equipment,88.29,129.23,81.36,91.26,90.54,87.91,88.03,91.63,91.98,99.81
ROK,Rockwell Automation,Industrials,Electrical Components & Equipment,333.75,359.54,213.27,343.49,345.89,345.14,343.53,337.33,322.14,303.14
ROL,"Rollins, Inc.",Industrials,Environmental & Facilities Services,57.0,59.12,44.94,57.6,58.04,57.07,57.28,56.9,56.67,54.14
ROP,Roper Technologies,Information Technology,Electronic Equipment & Instruments,509.0,592.47,491.43,512.93,505.65,504.64,518.21,539.89,544.48,548.5
ROST,Ross Stores,Consumer Discretionary,Apparel Retail,147.71,157.03,121.69,150.46,151.86,149.59,148.17,141.55,141.67,140.63
RCL,Royal Caribbean Group,Consumer Discretionary,"Hotels, Resorts & Cruise Lines",304.62,365.38,163.05,310.39,315.24,320.59,327.83,312.79,294.27,269.77
SPGI,S&P Global,Financials,Financial Exchanges & Data,486.1,578.04,425.6,483.14,483.19,497.07,529.61,524.24,517.7,512.22
CRM,Salesforce,Information Technology,Application Software,241.68,366.78,226.09,242.59,241.0,242.45,244.35,255.65,258.21,275.82
SBAC,SBA Communications,Real Estate,Telecom Tower REITs,189.1,247.78,185.7,188.28,190.64,194.13,204.7,217.39,219.83,215.04
SLB,Schlumberger,Energy,Oil & Gas Equipment & Services,31.72,43.8,30.61,33.56,34.08,34.39,34.33,34.36,34.29,36.21
STX,Seagate Technology,Information Technology,"Technology Hardware, Storage & Peripherals",214.38,264.83,62.66,225.65,235.71,227.11,190.38,162.81,147.98,126.25
SRE,Sempra,Utilities,Multi-Utilities,90.2,95.72,60.93,92.33,91.0,87.46,83.78,79.8,78.46,77.44
NOW,ServiceNow,Information Technology,Systems Software,888.71,1198.09,678.66,907.61,913.41,926.81,908.94,953.03,948.32,949.28
SHW,Sherwin-Williams,Materials,Specialty Chemicals,332.81,397.81,307.5,335.5,339.84,343.55,354.39,350.31,349.25,348.21
SPG,Simon Property Group,Real Estate,Retail REITs,175.3,188.43,132.99,178.09,182.0,182.2,176.58,167.97,165.2,165.58
SWKS,Skyworks Solutions,Information Technology,Semiconductors,69.16,97.73,47.01,74.03,75.49,76.81,74.51,73.33,71.32,71.96
SJM,J.M. Smucker Company (The),Consumer Staples,Packaged Foods & Meats,104.75,121.73,92.38,106.19,107.17,107.13,109.06,106.62,107.74,107.27
SW,Smurfit Westrock,Materials,Paper & Plastic Packaging Products & Materials,40.45,55.46,36.31,41.63,41.94,42.76,43.92,44.17,43.68,45.6
SNA,Snap-on,Industrials,Industrial Machinery & Supplies & Components,327.33,366.68,277.82,335.15,340.86,339.32,330.52,323.95,321.81,325.95
SOLV,Solventum,Health Care,Health Care Technology,70.52,85.92,60.7,72.14,72.75,72.89,72.72,73.44,72.37,72.66
SO,Southern Company,Utilities,Electric Utilities,98.29,98.36,78.5,96.5,95.44,94.08,93.51,92.05,91.39,88.95
LUV,Southwest Airlines,Industrials,Passenger Airlines,31.29,37.75,23.55,32.08,32.22,32.26,31.6,32.4,31.55,31.3
SWK,Stanley Black & Decker,Industrials,Industrial Machinery & Supplies & Components,64.43,105.27,52.62,70.89,72.57,74.45,73.73,70.64,68.75,72.65
SBUX,Starbucks,Consumer Discretionary,Restaurants,78.46,115.87,74.48,80.34,82.95,83.51,86.34,88.53,87.29,91.62
STT,State Street Corporation,Financials,Asset Management & Custody Banks,111.0,118.24,71.77,115.74,115.52,113.86,112.43,107.41,103.58,99.21
STLD,Steel Dynamics,Materials,Steel,141.23,153.16,102.41,143.98,142.82,139.92,132.69,131.52,130.61,127.9
STE,Steris,Health Care,Health Care Equipment,235.83,253.0,199.47,239.96,241.88,245.04,243.66,239.65,237.03,229.69
SYK,Stryker Corporation,Health Care,Health Care Equipment,364.6,403.95,327.71,369.12,368.54,371.13,379.32,382.79,380.12,377.85
SMCI,Supermicro,Information Technology,"Technology Hardware, Storage & Peripherals",52.86,66.44,17.25,55.84,53.04,49.47,46.85,47.0,44.65,41.76
SYF,Synchrony Financial,Financials,Consumer Finance,68.02,77.41,40.15,70.45,70.8,73.02,73.02,68.84,65.69,63.48
SNPS,Synopsys,Information Technology,Application Software,438.92,651.73,365.74,473.75,477.28,473.36,544.31,535.85,521.31,504.81
SYY,Sysco,Consumer Staples,Food Distributors,78.45,83.13,66.22,79.21,80.63,80.88,80.34,77.7,76.25,74.63
TMUS,T-Mobile US,Communication Services,Wireless Telecommunication Services,228.79,274.51,206.21,226.84,230.52,234.49,242.71,238.57,240.28,241.51
TROW,T. Rowe Price,Financials,Asset Management & Custody Banks,101.43,119.7,75.88,104.95,103.69,104.08,104.96,100.78,98.34,99.15
TTWO,Take-Two Interactive,Communication Services,Interactive Home Entertainment,251.97,262.19,152.27,256.84,257.25,253.35,241.4,237.45,234.63,221.36
TPR,"Tapestry, Inc.",Consumer Discretionary,"Apparel, Accessories & Luxury Goods",108.22,117.77,42.3,113.85,113.83,112.78,107.59,98.67,93.33,85.67
TRGP,Targa Resources,Energy,Oil & Gas Storage & Transportation,152.41,215.2,148.27,162.25,164.09,166.09,164.96,165.65,165.75,175.45
TGT,Target Corporation,Consumer Staples,Consumer Staples Merchandise Retail,85.53,155.5,85.36,88.65,88.94,88.56,94.36,96.47,95.92,104.62
TEL,TE Connectivity,Information Technology,Electronic Manufacturing Services,214.57,226.4,115.38,221.3,220.74,218.19,210.15,191.34,182.14,167.87
TDY,Teledyne Technologies,Information Technology,Electronic Equipment & Instruments,567.44,595.99,419.0,582.82,582.43,572.88,556.72,535.88,523.51,510.55
TER,Teradyne,Information Technology,Semiconductor Materials & Equipment,132.08,150.71,65.6,141.98,141.31,133.27,121.06,104.9,99.19,102.66
TSLA,"Tesla, Inc.",Consumer Discretionary,Automobile Manufacturers,413.49,488.54,212.11,434.81,438.73,432.72,375.34,349.58,336.69,334.86
TXN,Texas Instruments,Information Technology,Semiconductors,171.7,220.1,137.77,178.22,180.11,180.55,187.83,193.11,187.15,184.81
TPL,Texas Pacific Land Corporation,Energy,Oil & Gas Exploration & Production,889.25,1759.83,844.11,937.39,941.29,929.83,916.63,996.73,1062.57,1152.6
TXT,Textron,Industrials,Aerospace & Defense,81.53,91.21,57.67,84.95,85.17,84.13,81.55,80.29,78.29,76.63
TMO,Thermo Fisher Scientific,Health Care,Life Sciences Tools & Services,524.8,609.27,385.11,535.76,522.49,497.48,487.63,453.31,447.0,477.36
TJX,TJX Companies,Consumer Discretionary,Apparel Retail,140.38,145.58,110.34,141.08,142.16,141.31,137.8,131.42,130.73,127.03
TKO,TKO Group Holdings,Communication Services,Movies & Entertainment,187.05,212.49,113.01,192.76,196.52,198.39,189.38,178.6,174.48,165.34
TTD,Trade Desk (The),Communication Services,Advertising,52.36,141.53,42.96,53.43,51.75,48.78,54.41,65.0,63.88,72.98
TSCO,Tractor Supply,Consumer Discretionary,Other Specialty Retail,54.24,63.75,46.46,54.16,55.23,56.83,58.92,56.2,55.07,54.6
TT,Trane Technologies,Industrials,Building Products,414.14,475.11,296.82,421.41,421.64,413.27,418.54,426.22,416.52,394.11
TDG,TransDigm Group,Industrials,Aerospace & Defense,1277.99,1519.36,1107.45,1283.08,1289.62,1289.55,1306.56,1356.12,1344.52,1306.0
TRV,Travelers Companies (The),Financials,Property & Casualty Insurance,270.12,287.95,223.33,279.0,279.26,277.59,272.77,268.02,266.6,258.83
TRMB,Trimble Inc.,Information Technology,Electronic Equipment & Instruments,75.63,87.5,52.91,79.08,79.93,80.53,81.3,78.82,75.87,73.81
TFC,Truist Financial,Financials,Diversified Banks,42.31,47.46,32.72,44.25,44.93,45.24,45.01,43.41,42.29,42.28
TYL,Tyler Technologies,Information Technology,Application Software,504.21,661.31,483.56,502.04,506.43,518.93,549.15,561.04,560.22,571.05
TSN,Tyson Foods,Consumer Staples,Packaged Foods & Meats,52.1,63.75,51.39,52.89,53.63,53.81,55.07,54.76,55.33,56.16
USB,U.S. Bancorp,Financials,Diversified Banks,45.28,51.66,34.43,46.92,47.53,48.22,47.25,45.8,44.68,44.41
UBER,Uber,Industrials,Passenger Ground Transportation,93.4,101.99,59.33,97.32,97.39,97.39,94.7,91.96,89.9,82.78
UDR,"UDR, Inc.",Real Estate,Multi-Family Residential REITs,35.71,44.96,35.21,35.72,36.03,36.45,37.46,38.74,39.18,39.96
ULTA,Ulta Beauty,Consumer Discretionary,Other Specialty Retail,549.28,572.23,309.01,559.98,557.07,543.85,528.52,499.58,477.34,441.96
UNP,Union Pacific Corporation,Industrials,Rail Transportation,225.45,252.32,202.16,231.78,233.75,228.96,223.85,224.62,223.09,227.1
UAL,United Airlines Holdings,Industrials,Passenger Airlines,96.67,116.0,52.0,97.96,96.83,100.05,99.99,91.17,87.4,88.79
UPS,United Parcel Service,Industrials,Air Freight & Logistics,82.87,136.36,82.0,85.4,85.18,84.66,85.31,91.42,91.92,99.77
URI,United Rentals,Industrials,Trading Companies & Distributors,950.03,1004.92,523.58,980.15,972.12,957.8,935.19,847.14,806.77,757.15
UNH,UnitedHealth Group,Health Care,Managed Health Care,354.5,617.34,233.13,362.91,356.72,349.92,315.67,305.68,325.15,393.52
UHS,Universal Health Services,Health Care,Health Care Facilities,196.11,239.23,152.16,203.89,204.12,198.41,186.97,182.15,181.53,181.49
VLO,Valero Energy,Energy,Oil & Gas Refining & Marketing,158.02,178.43,97.37,161.81,164.42,165.61,153.07,145.02,139.48,134.82
VTR,Ventas,Real Estate,Health Care REITs,67.73,70.52,55.47,68.3,68.99,68.34,67.98,65.76,65.78,64.52
VLTO,Veralto,Industrials,Environmental & Facilities Services,101.87,114.5,83.69,103.94,105.09,105.54,106.47,103.72,101.87,100.69
VRSN,Verisign,Information Technology,Internet Services & Infrastructure,260.82,309.71,174.64,266.34,271.89,278.65,275.1,278.17,276.3,257.53
VRSK,Verisk Analytics,Industrials,Research & Consulting Services,243.06,321.9,239.83,243.79,246.53,246.56,258.77,282.32,285.18,285.6
VZ,Verizon,Communication Services,Integrated Telecommunication Services,39.85,45.87,36.41,40.97,42.29,42.93,43.45,42.9,42.86,41.91
VRTX,Vertex Pharmaceuticals,Health Care,Biotechnology,407.79,519.88,362.5,411.4,406.03,395.47,395.33,425.02,434.21,444.93
VTRS,Viatris,Health Care,Pharmaceuticals,9.74,13.04,6.68,9.99,9.99,9.83,10.0,9.42,9.16,9.47
VICI,Vici Properties,Real Estate,Hotel & Resort REITs,30.96,33.54,26.86,31.52,32.11,32.09,32.46,32.16,31.95,31.05
V,Visa Inc.,Financials,Transaction & Payment Processing Services,343.65,374.85,272.51,348.75,346.89,343.4,343.48,349.39,348.24,342.97
VST,Vistra Corp.,Utilities,Electric Utilities,196.86,219.82,90.3,202.69,201.34,204.92,200.7,191.16,179.57,166.08
VMC,Vulcan Materials Company,Materials,Construction Materials,301.43,309.17,214.34,302.87,303.47,299.68,293.83,279.54,274.98,266.02
WRB,W. R. Berkley Corporation,Financials,Property & Casualty Insurance,77.65,78.43,55.38,77.55,76.88,75.25,72.94,72.06,71.78,67.82
GWW,W. W. Grainger,Industrials,Industrial Machinery & Supplies & Components,947.56,1219.65,889.92,960.2,955.63,968.63,979.35,1016.43,1019.39,1020.79
WAB,Wabtec,Industrials,Construction Machinery & Heavy Transportation Equipment,191.03,215.82,151.42,197.04,197.98,194.82,192.83,198.9,196.52,193.59
WBA,Walgreens Boots Alliance,Consumer Staples,Drug Retail,11.98,,,11.98,12.03,11.93,11.67,11.39,11.33,10.81
WMT,Walmart,Consumer Staples,Consumer Staples Merchandise Retail,101.84,106.11,78.6,102.49,102.43,102.8,101.22,98.91,98.28,96.01
DIS,Walt Disney Company (The),Communication Services,Movies & Entertainment,109.19,124.69,79.76,111.47,112.42,113.22,115.31,116.68,112.47,109.69
WBD,Warner Bros. Discovery,Communication Services,Broadcasting,17.1,20.24,7.25,18.07,18.63,18.92,14.96,13.04,12.15,11.44
WM,Waste Management,Industrials,Environmental & Facilities Services,219.25,240.84,197.52,218.4,218.88,217.86,222.6,226.65,227.03,223.87
WAT,Waters Corporation,Health Care,Life Sciences Tools & Services,331.0,423.56,275.05,327.01,319.44,309.07,299.62,316.86,321.88,343.5
WEC,WEC Energy Group,Utilities,Electric Utilities,115.13,115.9,89.63,114.67,114.05,112.34,109.87,107.49,107.2,104.46
WFC,Wells Fargo,Financials,Diversified Banks,77.62,86.66,55.83,79.81,80.96,82.3,80.51,79.18,77.38,75.58
WELL,Welltower,Real Estate,Health Care REITs,165.94,180.4,120.11,169.9,173.38,171.15,168.44,161.18,158.32,151.39
WST,West Pharmaceutical Services,Health Care,Health Care Supplies,261.77,351.24,187.09,265.46,266.71,261.42,252.16,237.63,232.5,247.08
WDC,Western Digital,Information Technology,"Technology Hardware, Storage & Peripherals",115.42,137.4,28.74,120.3,123.15,114.81,94.67,77.88,70.81,61.39
WY,Weyerhaeuser,Real Estate,Timber REITs,23.93,32.6,23.71,24.49,24.71,24.6,25.2,25.52,25.51,26.69
WSM,"Williams-Sonoma, Inc.",Consumer Discretionary,Homefurnishing Retail,181.45,218.08,123.89,189.41,192.54,195.84,198.03,182.34,176.95,180.23
WMB,Williams Companies,Energy,Oil & Gas Storage & Transportation,62.61,65.55,47.06,63.35,63.63,62.2,59.32,59.02,58.72,57.57
WTW,Willis Towers Watson,Financials,Insurance Brokers,336.99,352.79,283.83,343.49,344.12,340.02,333.62,319.33,317.51,319.03
WDAY,"Workday, Inc.",Information Technology,Application Software,233.18,294.0,205.33,236.24,237.04,236.4,230.18,235.92,238.07,243.43
WYNN,Wynn Resorts,Consumer Discretionary,Casinos & Gaming,119.89,134.23,64.93,122.5,126.22,126.08,119.9,108.7,103.71,96.15
XEL,Xcel Energy,Utilities,Multi-Utilities,80.93,82.54,60.12,81.38,80.78,77.46,74.33,71.42,70.98,69.36
XYL,Xylem Inc.,Industrials,Industrial Machinery & Supplies & Components,144.32,151.16,99.87,147.47,147.55,144.83,142.94,135.77,132.28,127.98
YUM,Yum! Brands,Consumer Discretionary,Restaurants,141.62,161.72,120.38,145.17,148.7,148.72,146.69,145.86,145.75,144.45
ZBRA,Zebra Technologies,Information Technology,Electronic Equipment & Instruments,275.89,427.76,205.73,296.11,296.73,305.25,312.3,310.58,299.91,312.47
ZBH,Zimmer Biomet,Health Care,Health Care Equipment,94.71,113.87,88.77,97.67,98.37,98.89,100.81,96.86,96.99,100.43
ZTS,Zoetis,Health Care,Pharmaceuticals,141.11,194.19,138.77,143.22,144.54,144.63,149.07,153.82,153.95,157.48
