Symbol,Company,GICS_Sector,GICS_Sub_Industry,Current_Price,52_Week_High,52_Week_Low,SMA_5,SMA_10,SMA_20,SMA_50,SMA_100,SMA_125,SMA_200
MMM,3M,Industrials,Industrial Conglomerates,156.0,163.4,120.83,156.94,155.58,155.91,154.34,151.93,149.04,146.54
AOS,A. O. Smith,Industrials,Building Products,71.07,86.71,58.25,72.36,72.49,72.71,72.14,69.47,68.72,67.87
ABT,Abbott Laboratories,Health Care,Health Care Equipment,134.27,139.95,109.69,133.72,133.6,133.88,132.22,132.0,131.55,128.96
ABBV,AbbVie,Health Care,Biotechnology,231.24,244.81,159.42,232.95,230.3,225.29,212.88,199.71,196.13,193.29
ACN,Accenture,Information Technology,IT Consulting & Other Services,252.98,394.41,229.4,248.41,245.09,242.17,248.33,274.48,279.05,303.75
ADBE,Adobe Inc.,Information Technology,Application Software,348.77,557.9,330.04,349.09,351.59,354.51,352.23,371.54,371.27,391.18
AMD,Advanced Micro Devices,Information Technology,Semiconductors,235.56,235.87,76.48,197.04,179.31,169.25,168.68,151.4,140.67,129.41
AES,AES Corporation,Utilities,Independent Power Producers & Energy Traders,14.73,17.94,9.28,14.45,14.02,13.49,13.26,12.3,11.91,11.67
AFL,Aflac,Financials,Life & Health Insurance,111.9,113.9,96.14,112.16,111.55,109.98,106.75,104.59,104.78,104.6
A,Agilent Technologies,Health Care,Life Sciences Tools & Services,140.81,152.88,96.03,140.26,133.65,129.71,123.67,119.92,117.18,122.52
APD,Air Products,Materials,Industrial Gases,268.58,334.71,240.55,270.5,268.99,277.12,284.07,282.51,279.07,286.07
ABNB,Airbnb,Consumer Discretionary,"Hotels, Resorts & Cruise Lines",119.99,163.93,99.88,120.38,121.4,122.47,124.87,129.99,128.47,129.8
AKAM,Akamai Technologies,Information Technology,Internet Services & Infrastructure,76.72,106.8,67.51,77.47,76.66,76.64,76.25,77.32,77.46,81.83
ALB,Albemarle Corporation,Materials,Specialty Chemicals,91.69,111.49,48.84,90.02,87.54,83.65,79.79,72.25,69.15,72.87
ARE,Alexandria Real Estate Equities,Real Estate,Office REITs,75.22,115.77,65.12,80.16,81.61,83.06,79.71,76.1,75.35,81.66
ALGN,Align Technology,Health Care,Health Care Supplies,133.09,246.19,122.0,131.19,128.61,129.91,137.0,162.56,165.35,176.13
ALLE,Allegion,Industrials,Building Products,178.27,180.34,116.14,177.54,176.48,176.78,171.65,158.48,153.67,144.21
LNT,Alliant Energy,Utilities,Electric Utilities,67.87,68.52,54.71,67.43,66.97,65.7,65.44,63.46,62.81,61.71
ALL,Allstate,Financials,Property & Casualty Insurance,212.35,215.7,173.88,210.76,211.3,207.08,205.19,201.64,200.42,197.28
GOOGL,Alphabet Inc. (Class A),Communication Services,Interactive Media & Services,244.62,256.0,140.23,246.37,245.62,247.39,223.95,200.11,191.57,186.94
GOOG,Alphabet Inc. (Class C),Communication Services,Interactive Media & Services,245.46,256.7,142.36,247.4,246.42,248.0,224.61,200.98,192.65,188.27
MO,Altria,Consumer Staples,Tobacco,65.42,67.51,45.54,65.78,65.78,65.33,64.77,61.34,60.36,57.23
AMZN,Amazon,Consumer Discretionary,Broadline Retail,225.22,242.52,161.38,221.96,221.01,224.83,226.05,221.2,214.49,214.5
AMCR,Amcor,Materials,Paper & Plastic Packaging Products & Materials,7.97,11.02,7.9,8.08,8.09,8.17,8.59,8.96,9.01,9.21
AEE,Ameren,Utilities,Multi-Utilities,103.7,105.67,82.82,103.97,103.41,101.59,100.82,98.3,97.96,96.43
AEP,American Electric Power,Utilities,Electric Utilities,118.19,119.06,87.57,115.91,113.16,110.54,111.21,107.2,106.57,103.57
AXP,American Express,Financials,Consumer Finance,323.82,349.19,219.87,328.9,332.94,334.0,320.61,312.55,303.87,298.68
AIG,American International Group,Financials,Multi-line Insurance,84.0,87.1,68.15,82.35,80.29,78.77,79.21,80.94,80.96,79.28
AMT,American Tower,Real Estate,Telecom Tower REITs,185.59,232.28,168.28,187.9,190.26,191.42,198.36,207.28,208.38,202.12
AWK,American Water Works,Utilities,Water Utilities,141.03,153.69,116.64,139.16,137.96,137.38,140.71,140.68,141.25,137.19
AMP,Ameriprise Financial,Financials,Asset Management & Custody Banks,490.17,576.69,393.57,492.89,493.31,492.62,501.53,511.14,504.37,508.37
AME,Ametek,Industrials,Electrical Components & Equipment,183.19,197.03,144.53,183.5,185.06,186.64,185.35,182.16,179.03,179.03
AMGN,Amgen,Health Care,Biotechnology,294.62,330.26,247.06,295.91,287.84,283.65,286.37,286.9,284.41,285.0
APH,Amphenol,Information Technology,Electronic Components,125.79,126.11,56.27,123.9,123.39,122.32,114.84,105.04,98.99,87.24
ADI,Analog Devices,Information Technology,Semiconductors,237.93,257.11,157.31,239.57,242.27,244.43,240.49,235.02,226.69,220.57
AON,Aon plc,Financials,Insurance Brokers,365.38,411.24,322.37,364.51,360.16,359.43,363.96,360.93,360.54,367.34
APA,APA Corporation,Energy,Oil & Gas Exploration & Production,24.6,26.13,13.18,24.64,24.59,24.14,22.25,20.39,19.49,19.99
APO,Apollo Global Management,Financials,Asset Management & Custody Banks,124.8,187.59,101.84,126.13,130.61,135.61,137.05,138.37,136.99,142.38
AAPL,Apple Inc.,Information Technology,"Technology Hardware, Storage & Peripherals",258.06,259.24,168.8,257.28,256.32,249.37,235.33,220.26,216.84,221.9
AMAT,Applied Materials,Information Technology,Semiconductor Materials & Equipment,217.51,226.49,123.04,218.82,212.51,198.41,181.61,179.57,173.79,170.08
APTV,Aptiv,Consumer Discretionary,Automotive Parts & Equipment,84.46,88.8,47.19,86.53,86.27,85.23,78.76,73.75,70.42,67.33
ACGL,Arch Capital Group,Financials,Property & Casualty Insurance,93.1,110.75,82.49,91.68,90.97,90.14,90.3,90.61,90.95,91.4
ADM,Archer Daniels Midland,Consumer Staples,Agricultural Products & Services,62.22,64.38,40.22,61.54,60.87,61.01,60.2,55.85,54.07,51.46
ANET,Arista Networks,Information Technology,Communications Equipment,157.36,158.51,59.43,148.42,146.6,145.86,139.15,119.48,111.91,107.4
AJG,Arthur J. Gallagher & Co.,Financials,Insurance Brokers,306.94,349.78,273.89,309.01,307.36,302.52,297.82,309.56,313.51,312.95
AIZ,Assurant,Financials,Multi-line Insurance,219.26,227.13,173.64,219.12,217.57,214.15,210.15,202.04,200.11,202.32
T,AT&T,Communication Services,Integrated Telecommunication Services,26.25,29.79,20.36,26.47,27.28,28.23,28.48,28.04,27.82,26.59
ATO,Atmos Energy,Utilities,Gas Utilities,175.75,176.1,133.63,172.6,170.76,167.72,165.01,159.37,158.72,153.04
ADSK,Autodesk,Information Technology,Application Software,311.41,329.09,232.67,317.77,318.73,320.41,307.83,303.61,297.73,292.21
ADP,Automatic Data Processing,Industrials,Human Resource & Employment Services,290.7,326.59,269.86,291.07,291.36,291.46,297.2,303.37,302.08,299.77
AZO,AutoZone,Consumer Discretionary,Automotive Retail,4027.76,4388.11,2980.1,4151.38,4190.3,4198.03,4134.93,3928.61,3877.05,3715.9
AVB,AvalonBay Communities,Real Estate,Multi-Family Residential REITs,186.42,231.37,177.24,188.46,190.16,191.02,189.66,195.33,196.51,201.75
AVY,Avery Dennison,Materials,Paper & Plastic Packaging Products & Materials,161.96,217.77,155.31,162.44,161.67,163.26,167.61,172.69,172.3,175.44
AXON,Axon Enterprise,Industrials,Aerospace & Defense,727.41,885.92,416.88,719.93,716.56,736.43,756.81,759.39,730.87,675.58
BKR,Baker Hughes,Energy,Oil & Gas Equipment & Services,47.85,50.93,33.21,48.48,49.07,48.26,45.83,42.41,41.27,41.96
BALL,Ball Corporation,Materials,"Metal, Glass & Plastic Containers",48.7,66.86,43.18,49.52,49.6,49.54,51.66,53.78,53.01,52.62
BAC,Bank of America,Financials,Diversified Banks,49.84,52.88,32.69,50.33,51.04,51.2,49.31,47.49,45.89,44.86
BAX,Baxter International,Health Care,Health Care Equipment,22.75,37.43,21.18,23.18,22.81,23.12,23.54,26.64,27.22,28.88
BDX,Becton Dickinson,Health Care,Health Care Equipment,193.93,248.0,161.47,192.73,189.1,188.12,188.87,181.21,182.15,198.75
BBY,Best Buy,Consumer Discretionary,Computer & Electronics Retail,76.95,95.22,53.55,76.25,76.02,74.92,72.55,70.51,69.32,72.66
TECH,Bio-Techne,Health Care,Life Sciences Tools & Services,60.56,80.37,45.87,61.34,57.68,54.98,54.33,52.79,52.19,57.65
BIIB,Biogen,Health Care,Biotechnology,150.97,194.13,110.04,154.47,147.82,145.39,139.38,134.53,131.46,135.38
BLK,BlackRock,Financials,Asset Management & Custody Banks,1165.0,1184.13,766.05,1166.35,1161.8,1145.86,1129.73,1077.69,1042.62,1012.84
BX,Blackstone Inc.,Financials,Asset Management & Custody Banks,162.46,196.67,114.16,165.86,169.53,176.83,173.11,161.36,155.78,156.6
XYZ,"Block, Inc.",Financials,Transaction & Payment Processing Services,81.11,99.26,44.27,78.33,76.01,75.91,76.1,71.35,67.92,70.26
BK,BNY Mellon,Financials,Asset Management & Custody Banks,106.01,110.87,69.65,106.47,107.65,107.55,104.83,98.38,94.77,89.88
BA,Boeing,Industrials,Aerospace & Defense,225.32,242.69,128.88,220.12,218.35,216.98,224.44,219.26,211.15,196.34
BKNG,Booking Holdings,Consumer Discretionary,"Hotels, Resorts & Cruise Lines",5131.23,5829.37,4082.14,5327.14,5396.41,5444.4,5498.49,5518.98,5393.4,5153.9
BSX,Boston Scientific,Health Care,Health Care Equipment,96.79,109.5,80.64,96.59,96.98,98.15,102.38,103.07,102.49,101.21
BMY,Bristol Myers Squibb,Health Care,Pharmaceuticals,44.54,61.0,42.38,44.98,44.61,44.86,45.65,46.14,46.39,49.92
AVGO,Broadcom,Information Technology,Semiconductors,345.5,373.59,137.54,338.79,335.58,342.43,320.6,290.65,271.31,247.55
BR,Broadridge Financial Solutions,Industrials,Data Processing & Outsourced Services,236.6,270.85,205.06,235.41,235.83,240.31,249.78,244.81,242.58,238.47
BRO,Brown & Brown,Financials,Insurance Brokers,95.96,125.31,89.99,94.87,94.03,93.19,94.06,100.92,103.39,106.26
BLDR,Builders FirstSource,Industrials,Building Products,129.54,201.53,102.6,127.96,124.25,127.68,133.26,126.42,124.43,131.58
BG,Bunge Global,Consumer Staples,Agricultural Products & Services,82.44,96.01,65.6,83.52,82.51,81.34,81.91,79.76,79.27,77.12
BXP,"BXP, Inc.",Real Estate,Office REITs,73.03,85.58,52.95,74.53,74.67,75.38,70.86,69.64,68.27,67.89
CHRW,C.H. Robinson,Industrials,Air Freight & Logistics,134.04,138.0,83.72,134.47,133.49,133.76,126.31,111.36,107.12,104.14
CDNS,Cadence Design Systems,Information Technology,Application Software,350.0,376.45,221.56,348.67,349.63,353.86,353.0,332.01,323.24,306.28
CZR,Caesars Entertainment,Consumer Discretionary,Casinos & Gaming,23.38,45.93,21.4,25.71,26.24,26.04,25.84,27.18,27.2,28.95
CPT,Camden Property Trust,Real Estate,Multi-Family Residential REITs,103.06,123.08,100.41,103.6,104.68,105.85,106.74,110.1,110.58,111.83
CPB,Campbell's Company (The),Consumer Staples,Packaged Foods & Meats,30.49,47.0,29.03,31.29,31.32,32.16,32.17,32.06,32.76,34.74
COF,Capital One,Financials,Consumer Finance,211.92,231.82,142.38,213.53,216.38,220.97,218.84,211.67,205.12,197.31
CAH,Cardinal Health,Health Care,Health Care Distributors,157.77,167.89,105.46,156.51,155.27,152.8,151.77,155.07,152.16,142.22
KMX,CarMax,Consumer Discretionary,Automotive Retail,44.36,91.25,42.75,45.7,45.51,52.36,56.09,60.7,61.8,68.73
CCL,Carnival,Consumer Discretionary,"Hotels, Resorts & Cruise Lines",28.92,32.8,15.07,28.83,29.19,30.16,30.33,28.24,26.45,25.31
CARR,Carrier Global,Industrials,Building Products,59.8,82.31,53.89,59.47,59.32,60.03,63.51,68.55,67.8,66.99
CAT,Caterpillar Inc.,Industrials,Construction Machinery & Heavy Transportation Equipment,502.12,509.48,265.05,494.53,483.17,468.43,441.0,409.55,389.85,374.44
CBOE,Cboe Global Markets,Financials,Financial Exchanges & Data,241.26,255.27,186.22,240.01,242.06,239.18,241.57,236.1,232.71,222.66
CBRE,CBRE Group,Real Estate,Real Estate Services,151.7,167.56,108.45,153.94,155.71,159.62,159.5,147.38,142.47,139.31
CDW,CDW Corporation,Information Technology,Technology Distributors,156.92,223.63,136.33,157.64,159.01,161.5,164.36,171.31,169.62,172.29
COR,Cencora,Health Care,Health Care Distributors,310.61,315.23,216.84,307.19,307.41,301.52,295.69,294.07,292.27,276.37
CNC,Centene Corporation,Health Care,Managed Health Care,38.45,73.5,25.08,38.01,36.59,34.69,30.64,38.4,42.89,49.52
CNP,CenterPoint Energy,Utilities,Multi-Utilities,39.56,40.5,27.87,39.12,38.88,38.57,38.26,37.4,37.36,35.77
CF,CF Industries,Materials,Fertilizers & Agricultural Chemicals,90.69,103.84,66.56,90.93,90.31,88.15,87.08,90.03,87.59,85.46
CRL,Charles River Laboratories,Health Care,Life Sciences Tools & Services,173.47,230.02,91.86,174.24,163.93,158.72,159.43,155.29,148.03,155.07
SCHW,Charles Schwab Corporation,Financials,Investment Banking & Brokerage,93.79,99.42,63.35,93.72,94.34,93.72,95.14,92.78,90.29,85.31
CHTR,Charter Communications,Communication Services,Cable & Satellite,274.37,437.06,251.8,276.64,275.35,269.6,267.08,329.71,338.18,344.92
CVX,Chevron Corporation,Energy,Integrated Oil & Gas,153.74,165.09,129.01,153.92,155.64,156.82,155.53,149.73,146.68,148.03
CMG,Chipotle Mexican Grill,Consumer Discretionary,Restaurants,40.98,66.74,38.3,41.12,40.31,39.83,41.32,46.85,47.49,50.17
CB,Chubb Limited,Financials,Property & Casualty Insurance,287.1,305.88,250.52,285.61,283.03,279.26,275.83,279.83,280.82,279.41
CHD,Church & Dwight,Consumer Staples,Household Products,88.92,115.72,85.08,88.82,87.84,89.18,91.61,94.3,94.97,99.09
CI,Cigna,Health Care,Health Care Services,306.76,352.15,255.6,304.97,296.16,295.62,292.31,301.11,306.04,302.69
CINF,Cincinnati Financial,Financials,Property & Casualty Insurance,165.55,166.9,121.6,164.05,160.58,157.6,153.86,150.4,147.83,144.3
CTAS,Cintas,Industrials,Diversified Support Services,198.81,228.77,179.74,200.51,202.16,201.52,209.77,215.41,214.2,207.67
CSCO,Cisco,Information Technology,Communications Equipment,70.33,72.11,50.89,68.81,68.2,67.67,67.79,66.8,64.93,62.99
C,Citigroup,Financials,Diversified Banks,96.7,105.59,54.71,97.53,99.65,100.51,96.88,89.61,85.18,80.67
CFG,Citizens Financial Group,Financials,Regional Banks,52.01,55.24,31.96,53.19,53.18,52.8,50.83,47.25,45.22,44.31
CLX,Clorox,Consumer Staples,Household Products,119.59,166.9,116.17,120.84,122.03,122.52,122.27,124.02,126.54,135.23
CME,CME Group,Financials,Financial Exchanges & Data,264.94,288.09,204.81,264.14,266.8,264.16,268.76,271.72,270.94,260.53
CMS,CMS Energy,Utilities,Multi-Utilities,73.19,75.33,62.54,72.87,72.56,71.74,72.16,71.02,71.1,70.13
KO,Coca-Cola Company (The),Consumer Staples,Soft Drinks & Non-alcoholic Beverages,66.12,73.29,59.3,66.35,66.26,66.4,67.78,68.82,69.18,67.74
CTSH,Cognizant,Information Technology,IT Consulting & Other Services,68.4,89.77,64.98,67.76,67.31,68.1,69.71,73.98,73.97,76.01
COIN,Coinbase,Financials,Financial Exchanges & Data,387.27,444.65,142.58,380.24,353.81,341.0,325.49,322.59,298.14,275.57
CL,Colgate-Palmolive,Consumer Staples,Household Products,78.0,100.36,77.09,78.17,78.95,80.3,82.85,86.24,87.26,87.86
CMCSA,Comcast,Communication Services,Cable & Satellite,30.77,43.66,30.3,30.75,30.96,31.4,32.27,33.33,33.37,34.02
CAG,Conagra Brands,Consumer Staples,Packaged Foods & Meats,18.71,28.75,17.89,18.93,18.65,18.7,18.94,19.84,20.61,22.28
COP,ConocoPhillips,Energy,Oil & Gas Exploration & Production,93.75,112.56,78.56,94.29,95.26,94.32,94.53,92.59,91.67,93.58
ED,Consolidated Edison,Utilities,Multi-Utilities,100.83,112.97,85.07,99.33,99.29,98.19,99.75,100.36,101.82,99.67
STZ,Constellation Brands,Consumer Staples,Distillers & Vintners,142.76,242.37,131.2,140.86,137.95,136.49,151.94,161.66,166.44,172.77
CEG,Constellation Energy,Utilities,Electric Utilities,371.0,376.78,160.94,362.14,348.25,338.76,329.05,319.1,302.57,285.03
COO,Cooper Companies (The),Health Care,Health Care Supplies,70.26,109.37,61.78,69.79,68.77,67.85,69.6,71.44,73.28,79.06
CPRT,Copart,Industrials,Diversified Support Services,44.93,64.38,44.12,44.66,44.77,45.66,46.81,48.41,50.89,52.99
GLW,Corning Inc.,Information Technology,Electronic Components,87.07,87.07,36.95,84.71,82.74,80.64,72.09,61.77,58.14,54.29
CPAY,Corpay,Financials,Transaction & Payment Processing Services,292.27,400.81,269.02,289.06,290.45,297.43,309.57,320.79,321.15,333.84
CTVA,Corteva,Materials,Fertilizers & Agricultural Chemicals,63.11,77.22,53.14,63.98,65.19,68.01,70.64,71.57,69.71,66.32
CSGP,CoStar Group,Real Estate,Real Estate Services,79.0,97.43,68.26,81.89,82.86,84.97,88.45,84.92,83.54,80.59
COST,Costco,Consumer Staples,Consumer Staples Merchandise Retail,914.8,1075.34,864.06,914.54,919.18,936.74,952.07,970.54,974.0,970.78
CTRA,Coterra,Energy,Oil & Gas Exploration & Production,24.23,29.29,21.84,23.81,23.78,23.87,23.89,24.39,24.38,25.28
CRWD,CrowdStrike,Information Technology,Systems Software,509.95,517.98,285.79,495.44,491.05,478.7,448.8,462.63,452.27,423.4
CCI,Crown Castle,Real Estate,Telecom Tower REITs,96.42,114.47,81.02,95.29,95.41,94.69,98.01,99.51,99.61,96.25
CSX,CSX Corporation,Industrials,Rail Transportation,35.95,37.1,26.01,35.95,35.39,34.22,34.26,33.46,32.42,31.94
CMI,Cummins,Industrials,Construction Machinery & Heavy Transportation Equipment,436.35,440.51,257.24,434.96,427.33,422.65,403.48,367.07,352.61,348.6
CVS,CVS Health,Health Care,Health Care Services,76.93,79.2,42.12,77.17,76.4,75.6,71.47,67.6,67.14,63.51
DHR,Danaher Corporation,Health Care,Life Sciences Tools & Services,204.96,277.73,170.43,210.15,201.39,196.12,200.06,198.21,197.06,204.11
DRI,Darden Restaurants,Consumer Discretionary,Restaurants,187.92,226.68,151.84,191.88,191.03,195.15,201.98,207.28,205.63,199.7
DDOG,Datadog,Information Technology,Application Software,164.12,170.08,81.63,155.88,149.54,143.33,137.36,134.03,127.61,126.76
DVA,DaVita,Health Care,Health Care Services,127.89,179.6,126.07,130.07,130.77,131.06,133.95,137.35,138.41,144.99
DAY,Dayforce,Industrials,Human Resource & Employment Services,68.61,82.69,48.01,68.91,68.89,68.87,64.94,61.38,60.46,61.99
DECK,Deckers Brands,Consumer Discretionary,Footwear,101.58,223.98,93.72,101.69,102.59,109.2,109.79,108.45,109.54,129.02
DE,Deere & Company,Industrials,Agricultural & Farm Machinery,460.75,530.24,381.67,460.85,460.46,464.87,480.74,495.59,490.08,477.66
DELL,Dell Technologies,Information Technology,"Technology Hardware, Storage & Peripherals",164.53,166.1,65.56,149.85,143.63,136.89,133.29,126.3,119.5,113.47
DAL,Delta Air Lines,Industrials,Passenger Airlines,57.12,69.36,34.52,57.27,57.08,58.04,58.21,54.57,52.37,54.19
DVN,Devon Energy,Energy,Oil & Gas Exploration & Production,34.97,42.12,25.53,34.75,35.24,34.93,34.3,33.4,32.83,33.29
DXCM,Dexcom,Health Care,Health Care Equipment,67.78,93.25,57.52,66.73,66.89,69.91,75.23,80.07,79.02,79.26
FANG,Diamondback Energy,Energy,Oil & Gas Exploration & Production,149.07,195.31,112.4,147.55,146.2,142.83,142.54,141.77,140.05,145.93
DLR,Digital Realty,Real Estate,Data Center REITs,174.2,192.35,128.14,175.28,173.37,173.18,169.33,170.71,167.69,164.45
DG,Dollar General,Consumer Staples,Consumer Staples Merchandise Retail,98.16,117.24,65.27,98.49,100.03,101.89,107.07,107.59,104.21,93.48
DLTR,Dollar Tree,Consumer Staples,Consumer Staples Merchandise Retail,87.83,118.06,60.49,88.15,90.88,93.73,104.03,102.01,97.83,88.07
D,Dominion Energy,Utilities,Multi-Utilities,60.57,62.37,46.96,61.11,60.85,60.49,60.01,57.91,56.86,55.43
DPZ,Domino's,Consumer Discretionary,Restaurants,413.5,495.24,392.06,421.16,425.86,431.36,443.99,453.88,458.13,453.12
DASH,DoorDash,Consumer Discretionary,Specialized Consumer Services,281.05,285.08,141.26,276.18,271.76,266.94,257.61,242.24,231.26,213.89
DOV,Dover Corporation,Industrials,Industrial Machinery & Supplies & Components,164.75,220.46,142.22,165.84,166.27,169.02,174.23,178.3,176.51,180.73
DOW,Dow Inc.,Materials,Commodity Chemicals,22.6,51.25,20.11,23.21,23.01,23.5,23.28,25.58,26.1,29.79
DHI,D. R. Horton,Consumer Discretionary,Homebuilding,158.66,193.34,109.8,167.55,168.17,169.51,166.33,147.47,142.52,138.86
DTE,DTE Energy,Utilities,Multi-Utilities,141.58,143.79,111.81,141.01,140.45,138.25,137.6,135.39,134.82,130.98
DUK,Duke Energy,Utilities,Electric Utilities,125.23,126.75,102.41,124.06,123.46,122.61,122.63,119.34,119.01,116.14
DD,DuPont,Materials,Specialty Chemicals,78.37,85.99,53.17,79.76,78.27,77.84,75.55,72.93,71.09,72.67
EMN,Eastman Chemical Company,Materials,Specialty Chemicals,62.34,107.33,56.08,63.36,62.85,64.15,64.94,71.18,72.18,78.86
ETN,Eaton Corporation,Industrials,Electrical Components & Equipment,376.7,398.4,230.37,375.58,372.34,371.22,362.45,353.93,341.39,328.47
EBAY,eBay Inc.,Consumer Discretionary,Broadline Retail,92.08,100.83,55.44,91.49,91.14,90.98,92.76,84.4,80.96,75.1
ECL,Ecolab,Materials,Specialty Chemicals,281.35,285.35,220.55,278.13,274.54,271.06,272.88,269.18,264.14,258.02
EIX,Edison International,Utilities,Electric Utilities,53.47,83.74,46.27,53.85,54.09,54.37,54.19,52.67,53.08,54.53
EW,Edwards Lifesciences,Health Care,Health Care Equipment,75.74,83.0,64.01,76.55,76.55,75.97,78.26,77.53,76.73,74.88
EA,Electronic Arts,Communication Services,Interactive Home Entertainment,200.01,203.75,114.77,200.44,196.92,184.5,174.95,162.88,159.75,150.97
ELV,Elevance Health,Health Care,Managed Health Care,362.34,501.08,272.22,352.1,337.13,326.04,310.57,333.29,349.03,366.65
EMR,Emerson Electric,Industrials,Electrical Components & Equipment,132.94,149.68,89.31,133.4,131.73,132.3,133.41,132.22,126.95,123.6
ENPH,Enphase Energy,Information Technology,Semiconductor Materials & Equipment,36.03,107.14,29.89,36.8,36.61,37.47,36.11,38.54,40.5,49.13
ETR,Entergy,Utilities,Electric Utilities,96.66,98.58,62.53,95.82,94.18,91.84,90.14,86.39,85.53,83.54
EOG,EOG Resources,Energy,Oil & Gas Exploration & Production,110.5,135.49,100.76,110.53,112.4,115.12,117.73,117.5,115.98,119.1
EPAM,EPAM Systems,Information Technology,IT Consulting & Other Services,151.06,269.0,138.15,152.07,151.97,153.76,159.52,166.75,165.6,184.73
EQT,EQT Corporation,Energy,Oil & Gas Exploration & Production,56.41,60.83,34.99,56.51,55.56,53.0,52.23,54.13,53.58,52.21
EFX,Equifax,Industrials,Research & Consulting Services,239.68,292.84,199.2,236.8,245.6,252.13,247.6,254.01,253.25,251.38
EQIX,Equinix,Real Estate,Data Center REITs,803.62,977.63,693.42,786.38,784.4,787.38,780.55,806.46,809.94,836.07
EQR,Equity Residential,Real Estate,Multi-Family Residential REITs,62.33,75.25,58.19,62.76,63.5,64.11,63.87,65.51,65.93,66.79
ERIE,Erie Indemnity,Financials,Insurance Brokers,327.7,533.51,305.49,318.87,316.0,318.8,338.37,345.05,351.43,370.94
ESS,Essex Property Trust,Real Estate,Multi-Family Residential REITs,262.11,307.81,239.32,262.78,263.81,263.98,260.94,270.47,271.03,275.33
EL,Estée Lauder Companies (The),Consumer Staples,Personal Care Products,95.76,96.43,47.94,90.78,88.8,87.93,89.32,83.3,78.25,75.31
EG,Everest Group,Financials,Reinsurance,360.0,395.49,318.14,358.86,353.79,346.41,340.85,339.73,341.16,344.45
EVRG,Evergy,Utilities,Electric Utilities,77.83,78.18,56.68,77.14,76.06,74.18,72.62,69.87,69.15,67.01
ES,Eversource Energy,Utilities,Electric Utilities,73.49,74.45,51.06,72.67,71.49,68.49,65.93,64.94,63.55,61.27
EXC,Exelon,Utilities,Electric Utilities,46.62,47.26,34.98,45.88,45.16,44.31,44.27,43.6,43.9,42.71
EXE,Expand Energy,Energy,Oil & Gas Exploration & Production,108.68,121.47,80.07,108.14,107.31,102.87,99.17,104.79,104.75,103.33
EXPE,Expedia Group,Consumer Discretionary,"Hotels, Resorts & Cruise Lines",212.41,240.98,129.46,217.86,217.96,220.42,210.19,191.49,184.84,182.59
EXPD,Expeditors International,Industrials,Air Freight & Logistics,120.75,128.27,99.78,122.66,122.32,122.49,120.64,117.51,115.83,114.99
EXR,Extra Space Storage,Real Estate,Self-Storage REITs,142.41,168.1,118.4,142.23,141.22,141.58,139.97,143.46,142.81,143.83
XOM,ExxonMobil,Energy,Integrated Oil & Gas,114.02,121.93,96.01,113.41,113.88,113.63,110.99,109.4,108.38,108.07
FFIV,"F5, Inc.",Information Technology,Communications Equipment,342.58,343.84,213.24,330.9,327.65,327.21,320.93,306.99,298.9,289.76
FDS,FactSet,Financials,Financial Exchanges & Data,281.47,495.04,272.5,279.52,283.51,302.68,348.39,393.28,401.14,420.59
FICO,Fair Isaac,Information Technology,Application Software,1695.01,2402.52,1300.0,1812.01,1666.19,1603.96,1492.87,1609.11,1686.12,1753.88
FAST,Fastenal,Industrials,Trading Companies & Distributors,47.55,50.63,33.96,47.77,48.1,47.77,48.18,45.47,44.36,41.59
FRT,Federal Realty Investment Trust,Real Estate,Retail REITs,97.55,113.0,78.83,98.46,98.73,98.93,96.75,95.1,94.49,96.58
FDX,FedEx,Industrials,Air Freight & Logistics,239.93,301.45,191.82,243.24,240.24,234.79,229.44,227.43,224.31,235.1
FIS,Fidelity National Information Services,Financials,Transaction & Payment Processing Services,68.13,90.1,63.0,67.39,66.32,66.09,68.91,74.37,74.62,74.55
FITB,Fifth Third Bancorp,Financials,Regional Banks,43.54,47.33,31.68,43.93,44.35,44.71,43.77,41.93,40.65,40.6
FSLR,First Solar,Information Technology,Semiconductors,231.37,235.87,116.56,230.22,226.3,218.36,203.74,184.4,175.29,168.17
FE,FirstEnergy,Utilities,Electric Utilities,46.68,47.35,36.81,46.17,45.77,44.65,43.85,42.13,41.98,40.79
FI,Fiserv,Financials,Transaction & Payment Processing Services,126.51,238.59,124.89,126.31,127.53,130.02,133.79,148.95,157.64,179.82
F,Ford Motor Company,Consumer Discretionary,Automobile Manufacturers,11.74,12.8,8.21,12.25,12.12,11.9,11.6,11.17,10.89,10.31
FTNT,Fortinet,Information Technology,Systems Software,86.46,114.82,70.12,85.97,85.13,83.6,82.74,93.16,94.69,96.67
FTV,Fortive,Industrials,Industrial Machinery & Supplies & Components,49.84,62.58,45.4,49.93,49.38,49.0,48.3,50.54,50.67,53.27
FOXA,Fox Corporation (Class A),Communication Services,Broadcasting,60.16,65.3,40.74,61.41,61.63,60.67,58.96,57.08,55.64,54.27
FOX,Fox Corporation (Class B),Communication Services,Broadcasting,53.76,59.29,37.5,55.11,55.55,54.71,53.53,52.11,50.95,50.12
BEN,Franklin Resources,Financials,Asset Management & Custody Banks,23.59,25.72,15.81,23.38,23.16,23.56,24.28,23.51,22.57,21.25
FCX,Freeport-McMoRan,Materials,Copper,42.85,50.45,27.45,40.48,38.89,41.68,42.32,42.31,41.05,39.73
GRMN,Garmin,Consumer Discretionary,Consumer Electronics,259.77,260.58,158.5,257.71,251.26,244.01,236.6,223.52,217.13,214.76
IT,Gartner,Information Technology,IT Consulting & Other Services,243.99,584.01,223.65,252.02,256.17,254.61,254.45,328.27,346.62,397.92
GE,GE Aerospace,Industrials,Aerospace & Defense,302.56,306.88,158.62,299.79,298.57,295.99,282.05,265.54,252.49,229.7
GEHC,GE HealthCare,Health Care,Health Care Equipment,75.13,94.71,57.59,75.88,74.71,75.28,74.18,73.84,72.52,76.61
GEV,GE Vernova,Industrials,Heavy Electrical Equipment,625.45,677.29,251.95,607.2,607.22,616.76,621.98,568.6,528.8,459.05
GEN,Gen Digital,Information Technology,Systems Software,27.24,32.09,22.55,27.64,28.08,28.52,29.53,29.41,28.69,28.03
GNRC,Generac,Industrials,Electrical Components & Equipment,171.33,203.25,99.5,167.61,167.17,174.04,184.05,160.83,151.79,148.17
GD,General Dynamics,Industrials,Aerospace & Defense,346.44,347.37,236.67,344.21,338.97,332.11,323.63,305.8,298.98,283.47
GIS,General Mills,Consumer Staples,Packaged Foods & Meats,49.75,70.8,48.29,50.31,50.18,50.1,49.77,50.96,51.84,54.49
GM,General Motors,Consumer Discretionary,Automobile Manufacturers,56.4,62.14,41.36,58.27,59.66,59.28,57.29,53.74,52.19,50.97
GPC,Genuine Parts Company,Consumer Discretionary,Distributors,133.68,143.1,102.41,137.65,137.82,138.53,136.73,130.47,127.49,123.51
GILD,Gilead Sciences,Health Care,Biotechnology,118.25,120.99,81.73,114.37,112.97,113.22,114.0,111.46,109.48,106.16
GPN,Global Payments,Financials,Transaction & Payment Processing Services,88.53,118.69,65.53,87.64,86.19,86.02,85.33,82.07,81.24,89.47
GL,Globe Life,Financials,Life & Health Insurance,136.03,147.54,99.43,136.48,139.61,141.42,140.12,131.0,128.94,125.69
GDDY,GoDaddy,Information Technology,Internet Services & Infrastructure,135.3,216.0,131.29,135.35,137.0,141.13,144.96,160.78,164.67,174.38
GS,Goldman Sachs,Financials,Investment Banking & Brokerage,776.51,825.25,434.87,786.46,791.56,793.02,756.51,706.18,672.82,638.65
HAL,Halliburton,Energy,Oil & Gas Equipment & Services,23.92,31.66,18.43,24.25,24.55,23.64,22.41,21.75,21.48,22.95
HIG,Hartford (The),Financials,Property & Casualty Insurance,133.01,135.17,103.64,133.15,132.9,132.16,130.83,127.97,126.59,121.56
HAS,Hasbro,Consumer Discretionary,Leisure Products,75.57,82.19,48.07,75.25,75.45,75.56,77.49,74.21,70.89,66.11
HCA,HCA Healthcare,Health Care,Health Care Facilities,426.27,439.01,288.25,430.72,426.08,415.28,401.21,386.56,377.99,356.02
DOC,Healthpeak Properties,Real Estate,Health Care REITs,18.85,21.94,16.26,19.16,19.06,18.7,17.85,17.61,17.57,18.21
HSIC,Henry Schein,Health Care,Health Care Distributors,64.73,82.49,60.56,65.74,65.84,67.14,67.64,69.72,69.03,70.41
HSY,Hershey Company (The),Consumer Staples,Packaged Foods & Meats,195.56,202.98,136.73,193.86,190.26,189.83,185.73,176.23,173.69,168.98
HPE,Hewlett Packard Enterprise,Information Technology,"Technology Hardware, Storage & Peripherals",26.08,26.44,11.82,24.94,24.65,24.7,22.9,20.92,19.91,19.63
HLT,Hilton Worldwide,Consumer Discretionary,"Hotels, Resorts & Cruise Lines",260.06,279.81,195.81,259.24,259.77,264.53,268.0,263.94,256.69,252.56
HOLX,Hologic,Health Care,Health Care Equipment,68.34,84.39,51.9,67.91,67.42,66.82,67.06,65.25,63.58,64.62
HD,Home Depot (The),Consumer Discretionary,Home Improvement Retail,383.79,429.19,322.47,390.0,397.65,407.48,401.41,382.73,377.39,378.45
HON,Honeywell,Industrials,Industrial Conglomerates,209.85,240.47,177.52,209.58,209.37,210.07,214.59,221.28,217.89,215.61
HRL,Hormel Foods,Consumer Staples,Packaged Foods & Meats,23.89,32.84,23.71,24.3,24.48,24.66,26.41,28.2,28.46,28.79
HST,Host Hotels & Resorts,Real Estate,Hotel & Resort REITs,16.25,18.32,11.93,16.66,16.91,17.11,16.57,16.05,15.63,15.6
HWM,Howmet Aerospace,Industrials,Aerospace & Defense,191.65,198.48,98.55,190.78,191.99,190.5,182.74,179.6,171.85,154.17
HPQ,HP Inc.,Information Technology,"Technology Hardware, Storage & Peripherals",27.03,38.25,20.76,26.66,26.77,27.4,27.0,26.11,25.88,27.51
HUBB,Hubbell Incorporated,Industrials,Industrial Machinery & Supplies & Components,419.67,475.24,297.55,416.41,421.5,429.83,431.21,417.59,404.73,396.38
HUM,Humana,Health Care,Managed Health Care,298.04,314.25,206.15,285.77,269.95,267.91,276.26,254.76,255.52,259.23
HBAN,Huntington Bancshares,Financials,Regional Banks,16.34,17.93,11.7,16.81,17.05,17.28,16.99,16.57,16.1,15.87
HII,Huntington Ingalls Industries,Industrials,Aerospace & Defense,290.83,291.7,155.93,286.23,283.46,279.18,272.51,255.52,248.76,225.71
IBM,IBM,Information Technology,IT Consulting & Other Services,289.46,301.04,197.92,289.57,286.2,274.39,256.98,266.01,261.03,252.25
IEX,IDEX Corporation,Industrials,Industrial Machinery & Supplies & Components,166.89,235.67,152.2,166.38,164.16,162.7,163.05,171.88,172.34,181.23
IDXX,Idexx Laboratories,Health Care,Health Care Equipment,629.91,688.12,356.14,630.0,629.0,636.9,636.49,582.46,555.83,508.12
ITW,Illinois Tool Works,Industrials,Industrial Machinery & Supplies & Components,252.75,273.07,212.05,257.59,258.41,259.65,259.72,254.04,250.41,250.35
INCY,Incyte,Health Care,Biotechnology,85.38,88.66,53.56,86.58,85.27,84.99,83.82,75.95,72.67,71.21
IR,Ingersoll Rand,Industrials,Industrial Machinery & Supplies & Components,80.99,105.95,65.58,82.78,82.54,81.4,80.1,82.12,80.9,82.91
PODD,Insulet Corporation,Health Care,Health Care Equipment,315.49,353.5,225.37,312.39,312.89,322.87,321.68,313.53,304.09,290.78
INTC,Intel,Information Technology,Semiconductors,37.43,38.68,17.67,37.06,35.88,31.59,26.38,24.0,23.29,22.65
ICE,Intercontinental Exchange,Financials,Financial Exchanges & Data,159.37,188.82,141.12,160.8,163.81,167.49,174.94,177.09,174.82,169.6
IFF,International Flavors & Fragrances,Materials,Specialty Chemicals,61.3,104.48,59.73,61.5,61.12,62.28,64.63,69.96,70.85,74.51
IP,International Paper,Materials,Paper & Plastic Packaging Products & Materials,46.66,58.71,42.44,46.46,46.17,46.26,47.15,47.96,47.48,49.51
IPG,Interpublic Group of Companies (The),Communication Services,Advertising,27.28,31.81,21.93,26.82,26.79,26.47,26.04,25.03,24.85,25.41
INTU,Intuit,Information Technology,Application Software,657.8,813.7,531.0,669.54,679.57,676.33,695.23,725.12,703.77,665.24
ISRG,Intuitive Surgical,Health Care,Health Care Equipment,448.09,616.0,425.0,446.82,443.78,442.82,461.04,495.09,499.27,516.09
IVZ,Invesco,Financials,Asset Management & Custody Banks,24.0,24.54,11.33,23.98,23.4,22.9,21.94,19.07,17.98,17.36
INVH,Invitation Homes,Real Estate,Single-Family Residential REITs,28.18,35.13,27.96,28.38,28.73,29.09,29.73,31.11,31.54,31.52
IQV,IQVIA,Health Care,Life Sciences Tools & Services,200.6,237.34,134.65,203.49,194.82,190.92,188.34,173.5,168.56,177.07
IRM,Iron Mountain,Real Estate,Other Specialized REITs,105.39,126.21,71.19,105.15,103.2,101.71,95.77,97.31,95.59,94.89
JBHT,J.B. Hunt,Industrials,Cargo Ground Transportation,146.55,198.61,122.01,140.07,136.89,136.0,140.29,142.49,140.72,148.59
JBL,Jabil,Information Technology,Electronic Manufacturing Services,206.53,237.14,108.57,205.82,210.17,215.68,214.62,206.73,194.63,177.99
JKHY,Jack Henry & Associates,Financials,Transaction & Payment Processing Services,149.43,194.68,144.12,147.87,148.35,152.09,158.49,168.87,169.68,171.02
J,Jacobs Solutions,Industrials,Construction & Engineering,157.36,157.44,104.68,155.25,152.12,150.08,147.53,139.31,135.41,132.35
JNJ,Johnson & Johnson,Health Care,Pharmaceuticals,189.69,190.21,137.37,188.27,185.19,180.87,176.84,166.08,163.2,158.96
JCI,Johnson Controls,Industrials,Building Products,108.43,112.63,67.78,108.75,108.36,108.12,106.88,105.4,101.17,93.55
JPM,JPMorgan Chase,Financials,Diversified Banks,304.03,316.47,200.22,307.1,309.92,309.66,299.84,288.02,279.0,266.89
K,Kellanova,Consumer Staples,Packaged Foods & Meats,82.87,83.0,76.48,82.76,81.53,79.9,79.57,79.68,80.01,80.18
KVUE,Kenvue,Consumer Staples,Personal Care Products,16.08,24.71,15.47,15.91,16.05,17.03,19.32,20.59,21.05,21.27
KDP,Keurig Dr Pepper,Consumer Staples,Soft Drinks & Non-alcoholic Beverages,25.58,36.17,25.03,25.56,25.56,26.1,29.54,31.21,31.75,31.81
KEY,KeyCorp,Financials,Regional Banks,18.09,19.41,12.43,18.42,18.59,18.74,18.47,17.67,17.06,16.74
KEYS,Keysight Technologies,Information Technology,Electronic Equipment & Instruments,172.18,186.2,121.43,172.82,173.11,173.81,168.28,165.5,161.5,161.79
KMB,Kimberly-Clark,Consumer Staples,Household Products,119.63,147.59,119.54,121.54,122.19,123.87,127.75,129.44,130.06,130.59
KIM,Kimco Realty,Real Estate,Retail REITs,21.29,24.7,17.52,21.4,21.51,21.79,21.64,21.29,21.06,21.09
KMI,Kinder Morgan,Energy,Oil & Gas Storage & Transportation,28.14,30.49,22.08,28.15,28.19,27.84,27.3,27.47,27.27,27.11
KKR,KKR & Co.,Financials,Asset Management & Custody Banks,124.73,169.7,85.9,125.72,129.02,137.12,139.61,135.4,130.76,132.46
KLAC,KLA Corporation,Information Technology,Semiconductor Materials & Equipment,1062.59,1155.0,548.81,1105.57,1092.28,1055.91,959.08,910.68,866.67,804.13
KHC,Kraft Heinz,Consumer Staples,Packaged Foods & Meats,25.08,34.37,24.95,25.58,25.78,25.99,26.67,26.55,26.84,27.58
KR,Kroger,Consumer Staples,Food Retail,68.12,74.52,53.78,66.49,66.38,66.37,68.54,68.8,69.01,66.68
LHX,L3Harris,Industrials,Aerospace & Defense,306.76,306.83,190.25,300.94,299.03,290.97,280.31,265.28,255.56,237.31
LH,Labcorp,Health Care,Health Care Services,277.51,289.2,208.23,277.71,279.42,278.5,274.04,263.94,257.82,250.45
LRCX,Lam Research,Information Technology,Semiconductor Materials & Equipment,142.54,153.7,56.07,144.97,138.91,131.33,112.99,102.71,96.54,89.01
LW,Lamb Weston,Consumer Staples,Packaged Foods & Meats,64.02,82.35,47.25,63.15,59.96,57.91,56.34,54.78,54.18,55.05
LVS,Las Vegas Sands,Consumer Discretionary,Casinos & Gaming,53.27,58.05,29.84,52.67,53.42,53.31,53.82,49.22,46.64,45.46
LDOS,Leidos,Industrials,Diversified Support Services,198.23,200.78,122.65,196.35,191.52,188.47,181.08,168.01,163.73,154.4
LEN,Lennar,Consumer Discretionary,Homebuilding,120.12,181.28,97.54,125.41,125.9,128.4,128.74,119.41,116.94,119.25
LII,Lennox International,Industrials,Building Products,554.58,687.72,496.64,549.49,536.87,539.17,564.66,574.01,570.13,580.32
LLY,Lilly (Eli),Health Care,Pharmaceuticals,845.72,931.67,622.41,838.82,794.82,774.58,738.99,755.19,762.26,782.46
LIN,Linde plc,Materials,Industrial Gases,467.83,484.83,406.06,468.59,470.94,474.5,473.61,469.21,464.64,456.51
LYV,Live Nation Entertainment,Communication Services,Movies & Entertainment,149.95,175.25,110.21,154.84,158.46,163.22,161.36,153.72,149.6,144.16
LKQ,LKQ Corporation,Consumer Discretionary,Distributors,29.7,43.77,28.65,30.61,30.54,30.89,30.94,34.41,35.46,36.65
LMT,Lockheed Martin,Industrials,Aerospace & Defense,514.02,602.02,407.14,508.64,500.51,488.39,459.34,459.64,460.31,457.65
L,Loews Corporation,Financials,Multi-line Insurance,103.05,103.47,74.95,102.35,101.13,99.24,96.65,93.28,91.91,89.45
LOW,Lowe's,Consumer Discretionary,Home Improvement Retail,237.59,281.56,204.22,242.57,247.81,257.16,253.88,238.28,234.9,237.3
LULU,Lululemon Athletica,Consumer Discretionary,"Apparel, Accessories & Luxury Goods",174.82,423.32,159.25,175.18,175.88,171.78,185.43,222.41,232.71,280.14
LYB,LyondellBasell,Materials,Specialty Chemicals,48.69,88.94,46.44,49.06,49.03,50.86,52.33,55.38,55.29,60.62
MTB,M&T Bank,Financials,Regional Banks,188.07,219.44,148.52,191.57,194.8,196.82,194.44,191.27,186.5,185.46
MPC,Marathon Petroleum,Energy,Oil & Gas Refining & Marketing,188.71,201.61,113.82,191.83,193.58,189.39,177.64,172.35,165.46,157.02
MKTX,MarketAxess,Financials,Financial Exchanges & Data,172.13,292.5,161.61,169.65,172.93,177.27,184.76,201.0,204.74,206.73
MAR,Marriott International,Consumer Discretionary,"Hotels, Resorts & Cruise Lines",267.98,305.27,204.35,268.27,265.54,265.27,264.9,266.68,261.45,263.49
MMC,Marsh McLennan,Financials,Insurance Brokers,204.75,245.83,194.14,202.13,200.67,199.18,202.07,209.74,212.43,216.41
MLM,Martin Marietta Materials,Materials,Construction Materials,636.31,640.0,440.72,632.93,625.81,620.83,612.33,583.87,570.16,545.72
MAS,Masco,Industrials,Building Products,68.81,85.23,56.02,69.5,69.91,71.33,71.84,68.04,66.74,69.04
MA,Mastercard,Financials,Transaction & Payment Processing Services,576.44,601.77,464.22,578.57,573.6,578.33,580.26,573.18,566.93,556.17
MTCH,Match Group,Communication Services,Interactive Media & Services,33.21,38.99,26.09,33.84,34.68,35.98,36.38,33.8,32.83,32.46
MKC,McCormick & Company,Consumer Staples,Packaged Foods & Meats,65.81,85.22,63.66,67.34,66.85,66.65,68.7,70.89,71.71,73.79
MCD,McDonald's,Consumer Discretionary,Restaurants,294.4,322.65,271.85,297.52,300.26,302.04,305.57,302.49,304.02,300.51
MCK,McKesson Corporation,Health Care,Health Care Distributors,755.75,776.14,480.31,748.79,754.04,732.38,705.22,710.88,707.79,674.0
MDT,Medtronic,Health Care,Health Care Equipment,97.87,99.37,77.57,97.56,96.04,95.34,93.3,90.12,88.71,87.99
MRK,Merck & Co.,Health Care,Pharmaceuticals,86.4,107.6,71.87,88.3,85.03,83.15,82.58,80.81,80.23,84.13
META,Meta Platforms,Communication Services,Interactive Media & Services,717.84,795.71,479.11,716.84,727.2,746.7,752.64,722.48,690.84,667.76
MET,MetLife,Financials,Life & Health Insurance,82.03,87.17,64.24,82.17,81.91,80.92,79.26,78.69,77.89,78.97
MTD,Mettler Toledo,Health Care,Life Sciences Tools & Services,1328.53,1486.76,946.69,1319.5,1272.03,1269.14,1275.09,1231.27,1198.9,1219.21
MGM,MGM Resorts,Consumer Discretionary,Casinos & Gaming,32.32,42.54,25.3,33.61,34.4,34.79,35.94,35.35,34.56,34.04
MCHP,Microchip Technology,Information Technology,Semiconductors,66.92,77.17,33.63,66.23,65.28,65.16,65.36,66.42,62.38,59.08
MU,Micron Technology,Information Technology,Semiconductors,196.54,201.0,61.44,188.93,177.16,168.97,139.43,125.96,116.52,107.7
MSFT,Microsoft,Information Technology,Systems Software,524.85,554.54,343.59,522.1,518.12,514.34,513.46,498.62,480.12,452.01
MAA,Mid-America Apartment Communities,Real Estate,Multi-Family Residential REITs,135.85,170.0,134.97,136.21,137.57,139.29,141.08,145.76,148.21,150.53
MRNA,Moderna,Health Care,Biotechnology,27.92,60.65,23.15,27.93,26.75,25.95,26.14,27.55,27.22,30.17
MHK,Mohawk Industries,Consumer Discretionary,Home Furnishings,122.25,164.29,96.24,125.9,126.96,129.92,128.54,117.66,115.15,116.27
MOH,Molina Healthcare,Health Care,Managed Health Care,202.92,359.97,151.95,200.59,196.13,188.48,176.14,219.96,240.63,264.57
TAP,Molson Coors Beverage Company,Consumer Staples,Brewers,45.6,63.47,43.8,46.0,45.63,46.2,48.46,49.44,50.84,53.01
MDLZ,Mondelez International,Consumer Staples,Packaged Foods & Meats,61.66,70.58,52.78,62.1,62.32,62.4,62.05,64.47,64.71,63.13
MPWR,Monolithic Power Systems,Information Technology,Semiconductors,980.9,986.63,437.16,948.77,924.12,903.21,856.85,783.0,745.38,695.91
MNST,Monster Beverage,Consumer Staples,Soft Drinks & Non-alcoholic Beverages,68.73,69.19,45.7,67.74,67.03,65.9,63.87,62.96,62.27,58.67
MCO,Moody's Corporation,Financials,Financial Exchanges & Data,490.09,528.95,377.3,485.84,481.57,488.91,501.87,495.56,486.19,481.58
MS,Morgan Stanley,Financials,Investment Banking & Brokerage,155.65,163.98,92.93,156.52,157.87,158.0,150.95,142.84,137.36,132.48
MOS,Mosaic Company (The),Materials,Fertilizers & Agricultural Chemicals,34.79,37.97,21.99,34.97,34.81,34.45,33.51,34.63,33.57,30.56
MSI,Motorola Solutions,Information Technology,Communications Equipment,462.26,502.83,387.0,455.76,455.95,465.72,462.28,439.65,435.47,438.2
MSCI,MSCI Inc.,Financials,Financial Exchanges & Data,566.94,636.39,483.67,564.35,564.07,567.54,563.68,563.03,559.32,565.23
NDAQ,"Nasdaq, Inc.",Financials,Financial Exchanges & Data,89.87,97.36,64.46,88.29,87.97,89.59,92.76,89.8,86.93,83.33
NTAP,NetApp,Information Technology,"Technology Hardware, Storage & Peripherals",121.82,132.76,71.18,119.7,119.21,121.5,114.61,108.86,104.77,105.59
NFLX,Netflix,Communication Services,Movies & Entertainment,1214.25,1341.15,677.88,1176.89,1187.96,1199.37,1207.7,1220.46,1191.61,1098.05
NEM,Newmont,Materials,Gold,88.4,89.37,36.35,87.43,86.09,83.44,75.5,66.22,63.52,55.83
NWSA,News Corp (Class A),Communication Services,Publishing,27.02,31.61,23.3,27.88,29.07,29.6,29.42,29.06,28.64,28.24
NWS,News Corp (Class B),Communication Services,Publishing,30.5,35.47,26.17,31.51,32.61,32.92,33.32,33.21,32.81,32.19
NEE,NextEra Energy,Utilities,Multi-Utilities,84.04,84.61,60.75,81.52,78.85,75.17,73.43,72.55,71.36,70.49
NKE,"Nike, Inc.",Consumer Discretionary,"Apparel, Accessories & Luxury Goods",69.09,82.92,51.67,71.13,70.77,71.48,73.91,70.39,67.7,69.1
NI,NiSource,Utilities,Multi-Utilities,43.9,44.52,32.69,43.72,43.26,42.0,42.02,40.82,40.39,39.38
NDSN,Nordson Corporation,Industrials,Industrial Machinery & Supplies & Components,234.32,262.94,163.83,233.0,229.64,227.46,221.82,217.33,211.44,209.69
NSC,Norfolk Southern,Industrials,Rail Transportation,296.62,302.24,199.43,298.12,298.13,290.28,283.54,269.76,260.27,251.69
NTRS,Northern Trust,Financials,Asset Management & Custody Banks,130.75,135.48,80.54,132.21,132.54,131.44,129.1,122.89,117.06,111.55
NOC,Northrop Grumman,Industrials,Aerospace & Defense,637.95,638.46,420.66,618.53,608.17,592.89,587.02,544.43,533.38,510.87
NCLH,Norwegian Cruise Line Holdings,Consumer Discretionary,"Hotels, Resorts & Cruise Lines",23.68,29.29,14.21,24.11,24.42,25.08,24.85,22.58,21.51,22.31
NRG,NRG Energy,Utilities,Independent Power Producers & Energy Traders,167.52,175.96,79.04,165.53,164.84,164.93,157.71,156.1,147.59,129.18
NUE,Nucor,Materials,Steel,137.84,167.56,96.79,137.26,136.44,137.26,140.82,134.09,130.06,127.92
NVDA,Nvidia,Information Technology,Semiconductors,189.11,191.05,86.61,187.24,184.78,180.88,178.77,165.38,154.84,143.89
NVR,"NVR, Inc.",Consumer Discretionary,Homebuilding,7756.83,9964.77,6562.85,7983.06,8002.1,8090.46,8080.39,7725.74,7609.67,7615.54
NXPI,NXP Semiconductors,Information Technology,Semiconductors,225.64,251.87,146.73,226.65,226.48,224.73,223.6,218.95,211.93,209.97
ORLY,O’Reilly Automotive,Consumer Discretionary,Automotive Retail,100.76,108.72,76.22,103.13,104.74,104.86,103.73,97.69,96.5,92.85
OXY,Occidental Petroleum,Energy,Oil & Gas Exploration & Production,45.04,55.34,34.4,44.97,46.24,46.35,45.42,44.3,43.4,44.92
ODFL,Old Dominion,Industrials,Cargo Ground Transportation,144.78,231.78,133.69,142.18,141.1,142.09,146.48,154.92,155.12,163.96
OMC,Omnicom Group,Communication Services,Advertising,79.63,103.32,67.76,78.47,78.34,77.39,76.23,74.12,74.1,76.71
ON,ON Semiconductor,Information Technology,Semiconductors,50.88,76.06,31.04,49.48,49.48,49.76,49.98,51.3,48.82,49.52
OKE,Oneok,Energy,Oil & Gas Storage & Transportation,72.38,113.92,70.63,72.58,72.93,72.84,74.15,77.39,78.34,84.79
ORCL,Oracle Corporation,Information Technology,Application Software,288.63,345.72,118.18,287.88,286.72,296.66,265.26,235.22,216.57,195.32
OTIS,Otis Worldwide,Industrials,Industrial Machinery & Supplies & Components,91.25,105.86,83.85,91.25,91.12,90.24,88.26,92.2,92.87,94.11
PCAR,Paccar,Industrials,Construction Machinery & Heavy Transportation Equipment,95.73,114.66,84.08,97.62,98.0,99.14,98.78,96.91,95.54,98.47
PKG,Packaging Corporation of America,Materials,Paper & Plastic Packaging Products & Materials,213.28,244.78,170.61,213.39,214.51,213.85,207.47,201.09,197.63,201.85
PLTR,Palantir Technologies,Information Technology,Application Software,183.56,190.0,38.78,181.08,180.83,177.73,170.39,154.22,145.26,123.18
PANW,Palo Alto Networks,Information Technology,Systems Software,217.79,217.94,144.15,211.58,207.69,205.16,191.25,193.85,191.1,188.09
PSKY,Paramount Skydance Corporation,Communication Services,Movies & Entertainment,18.5,20.86,9.92,18.77,18.9,18.67,15.73,14.05,13.5,12.56
PH,Parker Hannifin,Industrials,Industrial Machinery & Supplies & Components,753.34,779.77,485.92,757.77,755.16,755.64,747.25,717.07,694.26,674.21
PAYX,Paychex,Industrials,Human Resource & Employment Services,126.59,160.03,119.02,125.2,126.02,128.8,134.56,141.96,142.67,143.1
PAYC,Paycom,Industrials,Human Resource & Employment Services,205.08,267.33,158.79,202.45,207.02,212.79,220.15,230.99,230.58,222.63
PYPL,PayPal,Financials,Transaction & Payment Processing Services,76.13,93.66,55.85,72.04,69.77,68.7,68.72,71.03,70.01,72.76
PNR,Pentair,Industrials,Industrial Machinery & Supplies & Components,111.8,113.95,73.85,111.82,110.81,110.69,107.96,104.74,101.6,98.8
PEP,PepsiCo,Consumer Staples,Soft Drinks & Non-alcoholic Beverages,138.84,170.89,125.14,140.72,140.77,141.25,143.33,137.84,136.97,140.0
PFE,Pfizer,Health Care,Pharmaceuticals,25.68,28.43,20.18,26.57,25.67,24.89,24.78,24.33,23.88,24.26
PCG,PG&E Corporation,Utilities,Multi-Utilities,16.72,21.59,12.95,16.1,15.56,15.29,15.12,14.91,15.33,15.91
PM,Philip Morris International,Consumer Staples,Tobacco,155.27,183.57,113.18,154.61,158.04,160.18,162.93,169.21,168.09,156.56
PSX,Phillips 66,Energy,Oil & Gas Refining & Marketing,131.3,142.35,89.26,132.91,135.13,133.57,128.69,124.68,120.55,119.43
PNW,Pinnacle West Capital,Utilities,Multi-Utilities,91.95,94.64,79.08,90.56,89.12,88.0,89.57,89.57,89.95,88.87
PNC,PNC Financial Services,Financials,Diversified Banks,190.16,210.46,142.39,195.24,198.35,200.92,198.33,190.93,184.76,184.02
POOL,Pool Corporation,Consumer Discretionary,Distributors,301.72,391.14,281.15,306.35,307.28,314.22,314.98,308.27,306.74,316.9
PPG,PPG Industries,Materials,Specialty Chemicals,101.59,129.03,89.08,103.15,103.65,106.23,108.12,110.41,109.19,110.52
PPL,PPL Corporation,Utilities,Electric Utilities,37.29,37.81,30.41,37.01,36.87,36.39,36.21,35.21,35.16,34.4
PFG,Principal Financial Group,Financials,Life & Health Insurance,81.77,88.63,67.06,83.6,83.06,82.46,79.74,78.81,77.86,78.62
PG,Procter & Gamble,Consumer Staples,Personal Care Products,150.69,177.66,149.91,151.59,152.3,154.3,155.18,157.57,158.32,160.8
PGR,Progressive Corporation,Financials,Property & Casualty Insurance,243.06,292.65,228.28,243.33,243.96,243.7,245.05,254.34,258.57,258.78
PLD,Prologis,Real Estate,Industrial REITs,115.99,123.15,83.8,116.45,115.49,114.71,110.74,108.53,107.06,108.27
PRU,Prudential Financial,Financials,Life & Health Insurance,102.89,125.75,88.12,103.16,103.34,103.73,104.67,104.14,103.28,105.74
PEG,Public Service Enterprise Group,Utilities,Electric Utilities,81.8,92.35,73.5,81.55,82.0,81.92,83.27,82.23,81.63,81.6
PTC,PTC Inc.,Information Technology,Application Software,203.43,219.69,133.38,203.34,203.17,204.13,208.04,193.54,185.85,180.31
PSA,Public Storage,Real Estate,Self-Storage REITs,293.14,342.02,251.43,292.04,289.48,286.85,284.8,287.91,288.21,288.7
PHM,PulteGroup,Consumer Discretionary,Homebuilding,127.66,148.31,87.74,133.05,132.48,132.95,129.74,117.75,114.19,111.4
PWR,Quanta Services,Industrials,Construction & Engineering,443.45,443.97,226.97,426.96,418.44,403.16,391.43,380.79,364.36,336.18
QCOM,Qualcomm,Information Technology,Semiconductors,167.77,178.09,119.4,167.98,167.69,166.93,159.43,156.61,153.56,155.05
DGX,Quest Diagnostics,Health Care,Health Care Services,180.89,190.64,143.46,180.14,183.24,182.96,179.67,176.28,175.28,169.84
RL,Ralph Lauren Corporation,Consumer Discretionary,"Apparel, Accessories & Luxury Goods",329.03,329.74,175.49,323.82,317.27,314.4,303.94,291.1,278.1,263.7
RJF,Raymond James Financial,Financials,Investment Banking & Brokerage,165.15,177.15,116.85,166.34,169.22,170.35,167.46,160.03,155.85,154.24
RTX,RTX Corporation,Industrials,Aerospace & Defense,168.57,170.85,111.21,167.97,166.19,162.42,158.7,150.97,145.99,137.76
O,Realty Income,Real Estate,Retail REITs,59.01,61.34,49.31,59.8,59.99,59.73,58.47,57.23,56.83,55.41
REG,Regency Centers,Real Estate,Retail REITs,71.26,75.93,62.21,71.49,71.72,71.31,71.37,70.74,70.65,70.69
REGN,Regeneron Pharmaceuticals,Health Care,Biotechnology,563.86,1019.99,475.77,586.52,577.5,578.38,572.6,557.79,560.75,604.96
RF,Regions Financial Corporation,Financials,Regional Banks,25.29,27.61,17.36,25.89,26.18,26.54,26.16,24.59,23.69,23.2
RSG,Republic Services,Industrials,Environmental & Facilities Services,225.35,257.43,195.57,223.6,225.58,226.24,229.89,238.06,239.21,232.61
RMD,ResMed,Health Care,Health Care Equipment,282.35,293.81,199.07,280.45,275.55,274.32,278.43,266.33,259.14,248.31
RVTY,Revvity,Health Care,Health Care Equipment,91.77,129.23,81.36,92.37,89.26,87.34,88.0,91.7,92.04,100.02
ROK,Rockwell Automation,Industrials,Electrical Components & Equipment,348.11,359.54,213.27,347.8,346.6,346.09,344.01,336.7,320.38,302.6
ROL,"Rollins, Inc.",Industrials,Environmental & Facilities Services,58.12,59.12,44.94,58.29,58.17,57.17,57.3,56.9,56.63,54.04
ROP,Roper Technologies,Information Technology,Electronic Equipment & Instruments,520.0,592.47,491.43,506.86,502.21,504.69,519.68,541.22,545.11,548.57
ROST,Ross Stores,Consumer Discretionary,Apparel Retail,152.02,157.03,121.69,152.69,152.19,149.65,147.7,141.63,141.52,140.61
RCL,Royal Caribbean Group,Consumer Discretionary,"Hotels, Resorts & Cruise Lines",308.31,365.38,163.05,314.9,319.23,324.23,328.54,311.74,292.43,269.03
SPGI,S&P Global,Financials,Financial Exchanges & Data,482.43,578.04,425.6,479.69,483.03,503.14,531.71,524.93,517.27,512.22
CRM,Salesforce,Information Technology,Application Software,240.43,366.78,226.09,241.04,240.74,242.51,245.06,256.54,258.38,276.77
SBAC,SBA Communications,Real Estate,Telecom Tower REITs,187.61,247.78,186.51,189.72,191.95,195.27,206.15,218.27,220.23,215.14
SLB,Schlumberger,Energy,Oil & Gas Equipment & Services,33.97,44.81,30.61,34.27,34.6,34.73,34.39,34.41,34.3,36.24
STX,Seagate Technology,Information Technology,"Technology Hardware, Storage & Peripherals",224.35,264.83,62.66,239.94,235.7,224.89,187.72,160.6,145.61,124.93
SRE,Sempra,Utilities,Multi-Utilities,93.36,95.72,60.93,92.11,90.2,86.68,83.38,79.51,78.07,77.37
NOW,ServiceNow,Information Technology,Systems Software,914.32,1198.09,678.66,910.77,918.2,929.84,911.22,955.63,946.42,951.07
SHW,Sherwin-Williams,Materials,Specialty Chemicals,337.57,397.81,307.5,340.4,341.44,346.69,354.3,350.89,349.23,348.29
SPG,Simon Property Group,Real Estate,Retail REITs,178.23,188.43,132.99,181.31,183.38,182.81,176.01,167.64,164.67,165.45
SWKS,Skyworks Solutions,Information Technology,Semiconductors,76.1,97.73,47.01,76.36,77.09,77.13,74.43,73.33,71.04,72.1
SJM,J.M. Smucker Company (The),Consumer Staples,Packaged Foods & Meats,105.92,121.73,92.38,107.44,107.88,107.57,109.14,106.77,107.87,107.29
SW,Smurfit Westrock,Materials,Paper & Plastic Packaging Products & Materials,43.3,55.46,36.31,41.73,42.05,43.09,44.07,44.26,43.65,45.69
SNA,Snap-on,Industrials,Industrial Machinery & Supplies & Components,339.25,366.68,277.22,342.64,342.84,339.65,330.12,323.9,321.73,326.0
SOLV,Solventum,Health Care,Health Care Technology,72.43,85.92,60.7,73.39,72.71,73.14,72.76,73.51,72.28,72.61
SO,Southern Company,Utilities,Electric Utilities,96.18,96.77,78.5,95.3,94.82,93.58,93.38,91.87,91.24,88.78
LUV,Southwest Airlines,Industrials,Passenger Airlines,32.45,37.75,23.55,32.45,32.37,32.28,31.56,32.41,31.46,31.31
SWK,Stanley Black & Decker,Industrials,Industrial Machinery & Supplies & Components,72.74,105.27,52.62,73.95,73.89,75.6,73.73,70.69,68.6,72.76
SBUX,Starbucks,Consumer Discretionary,Restaurants,80.04,115.87,74.48,83.32,83.84,83.81,86.79,88.63,87.37,91.69
STT,State Street Corporation,Financials,Asset Management & Custody Banks,116.69,118.24,71.77,116.4,115.52,113.64,112.33,107.06,103.0,99.01
STLD,Steel Dynamics,Materials,Steel,146.55,153.16,102.41,144.08,141.39,138.65,132.0,131.32,130.19,127.59
STE,Steris,Health Care,Health Care Equipment,242.33,253.0,199.47,241.89,243.68,246.4,243.25,239.92,236.72,229.36
SYK,Stryker Corporation,Health Care,Health Care Equipment,375.29,403.95,327.71,369.54,368.65,372.91,380.45,383.3,379.81,377.75
SMCI,Supermicro,Information Technology,"Technology Hardware, Storage & Peripherals",58.68,66.44,17.25,54.57,51.16,48.38,47.03,46.8,44.3,41.52
SYF,Synchrony Financial,Financials,Consumer Finance,70.97,77.41,40.15,70.95,71.78,73.64,73.03,68.65,65.32,63.43
SNPS,Synopsys,Information Technology,Application Software,489.36,651.73,365.74,477.15,482.45,470.37,551.42,536.92,520.54,505.12
SYY,Sysco,Consumer Staples,Food Distributors,78.76,83.13,66.22,80.88,81.18,81.12,80.39,77.57,76.1,74.59
TMUS,T-Mobile US,Communication Services,Wireless Telecommunication Services,226.58,274.51,204.5,227.93,232.56,235.89,243.17,238.85,240.73,241.41
TROW,T. Rowe Price,Financials,Asset Management & Custody Banks,105.82,119.7,75.88,104.46,103.62,104.14,104.87,100.61,98.04,99.22
TTWO,Take-Two Interactive,Communication Services,Interactive Home Entertainment,258.07,262.19,150.45,258.03,256.51,252.55,240.16,236.98,233.89,220.63
TPR,"Tapestry, Inc.",Consumer Discretionary,"Apparel, Accessories & Luxury Goods",116.81,117.77,42.3,115.61,113.34,112.36,107.46,98.09,92.57,85.19
TRGP,Targa Resources,Energy,Oil & Gas Storage & Transportation,168.49,215.2,148.27,164.5,167.31,166.98,165.34,165.79,165.82,175.6
TGT,Target Corporation,Consumer Staples,Consumer Staples Merchandise Retail,90.38,155.5,85.44,89.43,88.98,88.9,94.9,96.67,95.97,105.01
TEL,TE Connectivity,Information Technology,Electronic Manufacturing Services,224.43,225.27,115.38,222.28,220.19,217.45,209.63,190.21,180.67,167.11
TDY,Teledyne Technologies,Information Technology,Electronic Equipment & Instruments,588.01,595.99,419.0,588.0,582.36,571.81,555.88,534.4,521.74,509.49
TER,Teradyne,Information Technology,Semiconductor Materials & Equipment,144.6,150.71,65.6,144.56,140.4,130.8,119.82,103.77,98.13,102.52
TSLA,"Tesla, Inc.",Consumer Discretionary,Automobile Manufacturers,438.69,488.54,212.11,438.17,440.2,428.5,370.91,348.01,333.93,334.9
TXN,Texas Instruments,Information Technology,Semiconductors,181.6,220.1,137.77,180.62,181.7,181.36,188.2,193.35,186.74,184.88
TPL,Texas Pacific Land Corporation,Energy,Oil & Gas Exploration & Production,952.92,1759.83,844.11,960.31,949.37,933.68,919.67,1007.16,1067.5,1154.7
TXT,Textron,Industrials,Aerospace & Defense,86.22,91.21,57.67,86.36,85.14,84.0,81.34,80.16,78.0,76.56
TMO,Thermo Fisher Scientific,Health Care,Life Sciences Tools & Services,536.19,609.27,385.11,537.52,508.88,493.0,485.32,450.95,445.43,477.25
TJX,TJX Companies,Consumer Discretionary,Apparel Retail,140.71,145.58,109.83,142.06,142.72,141.38,137.21,131.31,130.54,126.84
TKO,TKO Group Holdings,Communication Services,Movies & Entertainment,194.15,212.49,113.01,197.12,198.65,199.87,188.6,178.12,173.8,164.89
TTD,Trade Desk (The),Communication Services,Advertising,54.07,141.53,42.96,52.63,50.5,47.97,55.75,65.46,63.82,73.7
TSCO,Tractor Supply,Consumer Discretionary,Other Specialty Retail,53.92,63.75,46.46,54.88,55.68,57.44,59.04,56.17,55.01,54.58
TT,Trane Technologies,Industrials,Building Products,426.37,475.11,296.82,424.37,420.52,412.41,419.24,426.45,415.3,393.69
TDG,TransDigm Group,Industrials,Aerospace & Defense,1285.85,1519.36,1107.45,1286.92,1292.84,1290.11,1315.92,1357.37,1343.64,1305.1
TRV,Travelers Companies (The),Financials,Property & Casualty Insurance,282.76,286.89,220.97,283.01,280.0,278.28,272.22,268.01,266.13,258.47
TRMB,Trimble Inc.,Information Technology,Electronic Equipment & Instruments,80.47,87.5,52.91,80.3,80.57,80.98,81.59,78.71,75.57,73.75
TFC,Truist Financial,Financials,Diversified Banks,44.14,47.46,32.72,45.11,45.45,45.44,45.02,43.37,42.15,42.26
TYL,Tyler Technologies,Information Technology,Application Software,517.57,661.31,483.56,500.09,510.55,523.34,551.73,562.44,561.14,572.0
TSN,Tyson Foods,Consumer Staples,Packaged Foods & Meats,52.42,63.75,51.39,53.98,54.06,54.19,55.08,54.82,55.45,56.21
USB,U.S. Bancorp,Financials,Diversified Banks,46.99,51.66,34.43,47.64,48.03,48.47,47.2,45.75,44.53,44.4
UBER,Uber,Industrials,Passenger Ground Transportation,99.28,101.99,59.33,98.08,98.06,97.45,94.42,91.91,89.53,82.44
UDR,"UDR, Inc.",Real Estate,Multi-Family Residential REITs,36.25,45.5,35.81,36.24,36.62,37.13,38.04,39.32,39.7,40.49
ULTA,Ulta Beauty,Consumer Discretionary,Other Specialty Retail,565.81,572.23,309.01,560.75,555.17,540.15,526.96,496.71,474.19,440.69
UNP,Union Pacific Corporation,Industrials,Rail Transportation,232.65,252.32,202.16,234.65,234.77,227.66,223.6,224.6,222.9,227.03
UAL,United Airlines Holdings,Industrials,Passenger Airlines,98.09,116.0,52.0,96.39,96.73,100.95,99.6,90.76,86.84,88.77
UPS,United Parcel Service,Industrials,Air Freight & Logistics,86.25,136.36,82.0,86.24,84.99,84.7,85.35,91.69,92.07,100.11
URI,United Rentals,Industrials,Trading Companies & Distributors,994.37,1004.03,523.58,985.86,966.93,956.16,931.78,842.3,800.59,754.62
UNH,UnitedHealth Group,Health Care,Managed Health Care,369.92,617.34,233.13,361.25,353.47,348.9,311.48,304.46,328.8,394.77
UHS,Universal Health Services,Health Care,Health Care Facilities,205.2,239.23,152.16,206.9,204.2,197.65,185.65,182.11,181.17,181.27
VLO,Valero Energy,Energy,Oil & Gas Refining & Marketing,162.44,178.43,97.37,162.83,167.42,165.33,152.18,144.48,138.65,134.38
VTR,Ventas,Real Estate,Health Care REITs,68.0,70.52,55.47,69.09,69.07,68.48,67.93,65.7,65.73,64.41
VLTO,Veralto,Industrials,Environmental & Facilities Services,104.0,114.5,83.69,105.71,105.51,106.2,106.58,103.7,101.66,100.69
VRSN,Verisign,Information Technology,Internet Services & Infrastructure,267.88,309.71,174.64,271.47,276.43,281.26,275.33,278.57,276.02,256.86
VRSK,Verisk Analytics,Industrials,Research & Consulting Services,243.48,321.9,239.83,246.22,247.21,248.72,260.15,283.7,285.91,285.92
VZ,Verizon,Communication Services,Integrated Telecommunication Services,41.32,45.87,36.41,42.25,42.92,43.3,43.54,42.96,42.9,41.89
VRTX,Vertex Pharmaceuticals,Health Care,Biotechnology,421.15,519.88,362.5,409.3,400.52,393.93,397.4,425.59,435.3,444.79
VTRS,Viatris,Health Care,Pharmaceuticals,9.97,13.04,6.68,10.11,9.92,9.85,9.96,9.4,9.11,9.49
VICI,Vici Properties,Real Estate,Hotel & Resort REITs,31.43,33.54,26.86,32.21,32.36,32.26,32.51,32.17,31.93,31.01
V,Visa Inc.,Financials,Transaction & Payment Processing Services,351.36,374.85,271.33,349.77,345.05,343.01,343.57,349.8,347.96,342.67
VST,Vistra Corp.,Utilities,Electric Utilities,206.55,219.82,90.3,202.24,201.54,205.24,200.86,190.23,178.08,165.42
VMC,Vulcan Materials Company,Materials,Construction Materials,304.43,309.17,214.34,303.61,302.44,299.29,292.68,278.99,273.96,265.6
WRB,W. R. Berkley Corporation,Financials,Property & Casualty Insurance,77.84,78.22,54.89,77.13,76.41,74.86,72.58,71.97,71.61,67.62
GWW,W. W. Grainger,Industrials,Industrial Machinery & Supplies & Components,967.19,1219.65,889.92,959.05,955.16,973.76,982.57,1019.24,1019.63,1022.01
WAB,Wabtec,Industrials,Construction Machinery & Heavy Transportation Equipment,199.47,215.82,151.42,199.3,198.43,194.54,192.74,199.15,196.14,193.56
WBA,Walgreens Boots Alliance,Consumer Staples,Drug Retail,11.98,,,11.98,12.03,11.93,11.67,11.39,11.33,10.81
WMT,Walmart,Consumer Staples,Consumer Staples Merchandise Retail,102.9,106.11,78.22,102.52,102.69,102.92,101.05,98.83,98.11,95.91
DIS,Walt Disney Company (The),Communication Services,Movies & Entertainment,111.89,124.69,79.76,112.36,113.05,113.87,115.68,116.73,112.06,109.7
WBD,Warner Bros. Discovery,Communication Services,Broadcasting,17.89,20.24,7.25,18.76,19.08,18.93,14.79,12.87,12.0,11.38
WM,Waste Management,Industrials,Environmental & Facilities Services,219.98,240.84,197.52,218.38,218.79,217.92,223.06,226.86,227.15,223.72
WAT,Waters Corporation,Health Care,Life Sciences Tools & Services,327.65,423.56,275.05,324.79,311.25,305.89,298.15,317.42,321.71,343.84
WEC,WEC Energy Group,Utilities,Electric Utilities,114.59,115.9,89.63,113.93,113.55,111.9,109.61,107.32,107.04,104.23
WFC,Wells Fargo,Financials,Diversified Banks,79.73,86.66,55.56,80.55,82.14,82.56,80.59,79.11,77.11,75.48
WELL,Welltower,Real Estate,Health Care REITs,169.14,180.4,120.11,173.36,174.71,171.37,168.37,160.82,157.91,150.95
WST,West Pharmaceutical Services,Health Care,Health Care Supplies,267.93,351.24,187.09,269.54,265.78,261.02,251.43,236.71,231.61,247.74
WDC,Western Digital,Information Technology,"Technology Hardware, Storage & Peripherals",121.18,137.4,28.74,125.79,121.04,112.74,92.96,76.53,69.48,60.67
WY,Weyerhaeuser,Real Estate,Timber REITs,24.7,32.6,23.71,24.83,24.74,24.72,25.23,25.56,25.53,26.72
WSM,"Williams-Sonoma, Inc.",Consumer Discretionary,Homefurnishing Retail,191.11,218.08,123.89,194.38,195.71,197.33,198.17,182.1,176.33,180.17
WMB,Williams Companies,Energy,Oil & Gas Storage & Transportation,63.5,65.55,46.87,63.92,63.79,61.79,59.17,58.91,58.6,57.46
WTW,Willis Towers Watson,Financials,Insurance Brokers,343.76,352.79,283.14,347.2,344.49,340.17,332.45,318.81,317.2,318.77
WDAY,"Workday, Inc.",Information Technology,Application Software,238.25,294.0,205.33,235.67,238.84,235.34,230.09,236.67,237.91,243.77
WYNN,Wynn Resorts,Consumer Discretionary,Casinos & Gaming,121.57,134.23,64.93,125.21,127.36,126.17,119.39,108.19,102.92,95.82
XEL,Xcel Energy,Utilities,Multi-Utilities,81.85,82.22,60.12,80.91,80.21,76.6,73.98,71.22,70.77,69.19
XYL,Xylem Inc.,Industrials,Industrial Machinery & Supplies & Components,148.19,151.16,99.87,149.02,146.89,144.44,142.61,135.4,131.68,127.68
YUM,Yum! Brands,Consumer Discretionary,Restaurants,146.03,161.72,120.38,148.71,150.58,149.43,146.8,145.97,145.78,144.32
ZBRA,Zebra Technologies,Information Technology,Electronic Equipment & Instruments,307.28,427.76,205.73,301.34,299.43,307.95,314.24,310.82,298.9,313.49
ZBH,Zimmer Biomet,Health Care,Health Care Equipment,98.36,113.87,88.77,99.24,98.64,99.63,100.66,96.86,97.08,100.53
ZTS,Zoetis,Health Care,Pharmaceuticals,143.49,194.19,138.77,144.91,144.55,145.34,149.27,154.24,154.03,157.68
