Symbol,Company,GICS_Sector,GICS_Sub_Industry,Current_Price,52_Week_High,52_Week_Low,SMA_5,SMA_10,SMA_20,SMA_50,SMA_100,SMA_125,SMA_200
MMM,3M,Industrials,Industrial Conglomerates,162.08,174.69,120.31,162.98,164.71,167.55,164.58,159.2,157.71,151.93
AOS,A. O. Smith,Industrials,Building Products,68.05,76.52,57.94,68.22,67.99,67.07,66.81,69.27,69.09,67.54
ABT,Abbott Laboratories,Health Care,Health Care Equipment,125.99,139.33,109.21,126.63,124.78,125.93,126.83,129.28,129.35,129.51
ABBV,AbbVie,Health Care,Biotechnology,228.24,243.06,160.33,225.3,224.51,226.63,226.61,219.39,212.89,203.46
ACN,Accenture,Information Technology,IT Consulting & Other Services,273.68,394.41,229.4,272.82,271.43,264.2,252.62,250.26,257.82,275.86
ADBE,Adobe Inc.,Information Technology,Application Software,355.08,465.7,311.59,352.92,349.8,337.28,337.12,344.51,350.38,364.94
AMD,Advanced Micro Devices,Information Technology,Semiconductors,214.63,267.08,76.48,206.11,212.69,213.51,229.77,199.76,190.17,158.61
AES,AES Corporation,Utilities,Independent Power Producers & Energy Traders,13.59,15.32,9.16,13.64,13.77,13.83,13.97,13.55,13.26,12.31
AFL,Aflac,Financials,Life & Health Insurance,110.08,115.24,95.64,110.41,109.42,109.7,109.57,108.02,106.7,105.81
A,Agilent Technologies,Health Care,Life Sciences Tools & Services,136.58,160.27,96.03,137.99,139.9,145.55,145.05,134.58,131.37,124.14
APD,Air Products,Materials,Industrial Gases,240.29,334.71,229.11,243.54,240.79,250.06,252.26,267.91,272.14,272.9
ABNB,Airbnb,Consumer Discretionary,"Hotels, Resorts & Cruise Lines",135.42,163.93,99.88,133.4,129.84,124.09,123.39,123.98,126.59,126.47
AKAM,Akamai Technologies,Information Technology,Internet Services & Infrastructure,89.44,103.75,67.51,87.95,86.85,87.41,82.12,79.16,79.17,78.92
ALB,Albemarle Corporation,Materials,Specialty Chemicals,140.48,140.78,48.7,134.24,131.87,127.42,111.01,95.28,90.35,79.71
ARE,Alexandria Real Estate Equities,Real Estate,Office REITs,48.32,100.23,44.1,47.84,46.82,48.88,57.34,68.5,70.07,72.56
ALGN,Align Technology,Health Care,Health Care Supplies,156.47,237.23,122.0,160.82,161.47,155.47,143.01,139.29,150.75,159.32
ALLE,Allegion,Industrials,Building Products,160.01,180.68,116.14,160.67,160.56,162.09,166.06,168.96,165.49,153.67
LNT,Alliant Energy,Utilities,Electric Utilities,64.85,69.59,54.52,65.38,65.17,66.36,67.05,66.03,65.17,63.41
ALL,Allstate,Financials,Property & Casualty Insurance,205.18,214.88,173.06,208.13,205.77,207.75,202.69,203.63,201.51,200.31
GOOGL,Alphabet Inc. (Class A),Communication Services,Interactive Media & Services,303.87,328.62,140.14,303.57,309.06,312.98,287.31,256.01,241.35,211.88
GOOG,Alphabet Inc. (Class C),Communication Services,Interactive Media & Services,305.31,328.46,142.27,304.83,310.16,313.7,287.96,256.66,242.06,212.97
MO,Altria,Consumer Staples,Tobacco,58.51,67.51,47.59,58.9,58.7,58.56,59.94,62.41,61.53,59.69
AMZN,Amazon,Consumer Discretionary,Broadline Retail,228.97,258.6,161.38,224.42,226.52,228.18,229.3,227.65,227.05,215.65
AMCR,Amcor,Materials,Paper & Plastic Packaging Products & Materials,8.31,10.3,7.67,8.32,8.27,8.37,8.27,8.41,8.64,8.87
AEE,Ameren,Utilities,Multi-Utilities,98.92,105.97,83.94,98.7,98.27,100.43,102.14,101.16,100.1,98.41
AEP,American Electric Power,Utilities,Electric Utilities,115.18,124.8,86.88,115.16,115.02,117.72,118.46,114.45,112.42,108.59
AXP,American Express,Financials,Consumer Finance,376.09,387.49,219.32,378.11,375.97,369.55,359.17,339.69,334.43,312.14
AIG,American International Group,Financials,Multi-line Insurance,85.79,86.84,67.79,85.7,82.8,79.36,78.47,78.7,79.15,80.16
AMT,American Tower,Real Estate,Telecom Tower REITs,172.49,232.28,168.28,176.93,179.01,178.87,182.03,189.98,196.06,201.66
AWK,American Water Works,Utilities,Water Utilities,130.82,152.71,115.89,132.94,130.96,130.7,132.99,136.4,137.02,138.59
AMP,Ameriprise Financial,Financials,Asset Management & Custody Banks,486.72,574.69,392.21,488.0,486.79,471.05,468.16,483.98,492.91,490.8
AME,Ametek,Industrials,Electrical Components & Equipment,202.56,204.43,144.31,201.88,201.09,199.04,193.99,189.59,187.56,181.67
AMGN,Amgen,Health Care,Biotechnology,326.25,346.38,245.31,325.75,321.43,330.43,316.91,300.59,298.76,293.42
APH,Amphenol,Information Technology,Electronic Components,136.74,144.09,56.16,130.33,133.6,135.92,134.47,124.75,119.86,103.71
ADI,Analog Devices,Information Technology,Semiconductors,275.21,284.23,156.76,276.0,277.97,269.68,248.85,244.33,242.76,228.48
AON,Aon plc,Financials,Insurance Brokers,352.02,411.24,322.37,352.59,349.38,348.84,346.29,355.18,355.26,360.46
APA,APA Corporation,Energy,Oil & Gas Exploration & Production,24.02,27.72,13.04,24.34,25.24,25.3,24.06,23.08,22.22,20.41
APO,Apollo Global Management,Financials,Asset Management & Custody Banks,146.71,175.64,101.44,146.68,146.21,139.39,131.43,133.76,136.14,134.66
AAPL,Apple Inc.,Information Technology,"Technology Hardware, Storage & Peripherals",270.59,288.62,168.63,272.67,275.35,277.36,269.35,252.68,244.05,229.53
AMAT,Applied Materials,Information Technology,Semiconductor Materials & Equipment,256.85,276.1,122.8,255.75,261.85,257.21,239.54,210.71,206.44,186.96
APTV,Aptiv,Consumer Discretionary,Automotive Parts & Equipment,77.86,88.8,47.19,77.39,77.76,77.13,79.96,79.52,77.6,71.7
ACGL,Arch Capital Group,Financials,Property & Casualty Insurance,96.03,97.4,82.45,95.93,94.19,93.54,90.79,90.61,90.24,91.11
ADM,Archer Daniels Midland,Consumer Staples,Agricultural Products & Services,58.4,64.46,39.88,58.69,58.76,59.24,59.55,59.69,58.44,54.18
ANET,Arista Networks,Information Technology,Communications Equipment,132.32,164.94,59.43,126.26,128.2,127.26,136.79,138.33,132.24,114.44
AJG,Arthur J. Gallagher & Co.,Financials,Insurance Brokers,254.42,348.85,236.34,253.23,248.73,247.41,258.82,278.09,284.55,301.03
AIZ,Assurant,Financials,Multi-line Insurance,238.59,240.58,172.97,236.05,230.47,227.71,220.89,215.46,210.03,205.2
T,AT&T,Communication Services,Integrated Telecommunication Services,24.04,29.47,20.72,24.21,24.37,25.01,25.23,26.69,26.82,26.8
ATO,Atmos Energy,Utilities,Gas Utilities,166.98,179.62,133.05,168.86,167.99,170.46,173.01,168.73,165.6,160.48
ADSK,Autodesk,Information Technology,Application Software,300.76,329.09,232.67,296.25,298.21,299.85,301.11,304.49,303.96,294.03
ADP,Automatic Data Processing,Industrials,Human Resource & Employment Services,258.74,324.5,245.59,262.46,261.27,257.98,262.4,278.61,283.19,289.65
AZO,AutoZone,Consumer Discretionary,Automotive Retail,3392.02,4388.11,3162.0,3423.62,3471.78,3679.87,3776.44,3956.93,3910.99,3825.1
AVB,AvalonBay Communities,Real Estate,Multi-Family Residential REITs,179.42,224.32,166.73,179.33,177.89,179.26,180.27,184.88,187.89,193.32
AVY,Avery Dennison,Materials,Paper & Plastic Packaging Products & Materials,180.56,192.3,154.46,182.89,180.41,176.27,172.47,169.52,170.99,171.86
AXON,Axon Enterprise,Industrials,Aerospace & Defense,599.88,885.92,469.24,564.0,563.35,549.92,611.74,684.13,699.45,678.51
BKR,Baker Hughes,Energy,Oil & Gas Equipment & Services,44.87,51.12,33.06,45.31,46.4,48.07,47.49,46.58,45.34,42.77
BALL,Ball Corporation,Materials,"Metal, Glass & Plastic Containers",51.94,59.82,43.01,51.96,50.23,49.63,48.56,49.91,51.47,51.43
BAC,Bank of America,Financials,Diversified Banks,55.01,56.07,32.53,54.79,54.52,53.7,52.6,50.85,50.09,46.69
BAX,Baxter International,Health Care,Health Care Equipment,19.12,37.25,17.39,19.21,18.87,18.76,19.69,21.56,23.05,25.98
BDX,Becton Dickinson,Health Care,Health Care Equipment,195.97,246.65,160.6,196.5,196.05,194.04,188.51,188.26,185.75,187.72
BBY,Best Buy,Consumer Discretionary,Computer & Electronics Retail,71.41,87.0,52.85,71.84,72.27,73.97,76.38,74.09,72.73,70.42
TECH,Bio-Techne,Health Care,Life Sciences Tools & Services,58.27,78.83,45.8,57.7,58.72,61.15,60.93,57.61,56.8,55.13
BIIB,Biogen,Health Care,Biotechnology,173.38,185.17,110.04,172.53,174.31,177.16,162.92,151.38,147.03,140.06
BLK,BlackRock,Financials,Asset Management & Custody Banks,1058.14,1214.03,762.34,1067.69,1074.61,1057.9,1080.51,1102.96,1097.55,1033.8
BX,Blackstone Inc.,Financials,Asset Management & Custody Banks,152.56,188.42,113.15,152.38,153.22,149.27,149.37,160.48,160.23,151.11
XYZ,"Block, Inc.",Financials,Transaction & Payment Processing Services,65.03,95.78,44.27,64.35,63.6,63.21,68.19,72.18,72.08,66.71
BK,BNY Mellon,Financials,Asset Management & Custody Banks,115.57,119.4,69.31,114.98,115.93,113.57,110.18,107.29,104.77,96.68
BA,Boeing,Industrials,Aerospace & Defense,214.66,242.69,128.88,208.29,205.19,198.36,202.2,213.22,215.18,203.15
BKNG,Booking Holdings,Consumer Discretionary,"Hotels, Resorts & Cruise Lines",5420.25,5818.24,4074.35,5400.27,5323.3,5141.13,5075.69,5277.73,5355.55,5200.63
BSX,Boston Scientific,Health Care,Health Care Equipment,95.61,109.5,85.98,94.27,93.47,96.37,98.53,100.36,101.23,100.96
BMY,Bristol Myers Squibb,Health Care,Pharmaceuticals,54.21,61.0,42.38,53.92,52.67,51.04,47.61,46.63,46.6,47.97
AVGO,Broadcom,Information Technology,Semiconductors,335.36,414.61,137.54,334.47,365.9,374.11,361.42,341.44,329.01,283.11
BR,Broadridge Financial Solutions,Industrials,Data Processing & Outsourced Services,227.29,269.71,209.84,227.87,227.78,227.47,226.5,237.61,237.97,236.42
BRO,Brown & Brown,Financials,Insurance Brokers,80.17,125.05,76.17,81.03,79.99,79.98,82.23,88.07,91.43,99.8
BLDR,Builders FirstSource,Industrials,Building Products,103.85,175.12,94.35,104.16,106.12,107.85,111.48,122.39,123.4,121.5
BG,Bunge Global,Consumer Staples,Agricultural Products & Services,91.12,98.82,65.12,92.12,92.16,93.73,93.54,87.44,85.15,81.71
BXP,"BXP, Inc.",Real Estate,Office REITs,68.89,78.59,52.95,69.99,70.08,70.69,70.94,70.95,70.46,68.43
CHRW,C.H. Robinson,Industrials,Air Freight & Logistics,166.75,167.1,83.39,161.71,158.97,158.04,147.06,136.75,128.89,115.7
CDNS,Cadence Design Systems,Information Technology,Application Software,317.34,376.45,221.56,316.68,325.25,320.89,324.51,338.53,335.21,315.08
CZR,Caesars Entertainment,Consumer Discretionary,Casinos & Gaming,24.28,40.0,18.25,23.98,23.91,23.28,21.83,23.78,24.93,25.77
CPT,Camden Property Trust,Real Estate,Multi-Family Residential REITs,107.69,121.85,96.2,106.31,104.23,104.31,102.36,103.93,105.39,108.27
CPB,Campbell's Company (The),Consumer Staples,Packaged Foods & Meats,28.59,42.36,27.85,28.59,28.68,29.47,30.19,31.17,31.13,32.71
COF,Capital One,Financials,Consumer Finance,243.62,244.82,141.84,241.47,238.37,229.17,220.2,219.07,218.18,204.1
CAH,Cardinal Health,Health Care,Health Care Distributors,201.82,214.93,113.37,199.44,198.88,202.97,189.94,170.85,168.87,158.98
KMX,CarMax,Consumer Discretionary,Automotive Retail,38.26,91.25,30.26,40.04,40.24,39.09,39.37,47.59,51.01,57.62
CCL,Carnival,Consumer Discretionary,"Hotels, Resorts & Cruise Lines",31.31,32.8,15.07,28.9,27.77,26.77,27.32,28.8,28.85,25.86
CARR,Carrier Global,Industrials,Building Products,53.56,80.78,50.3,53.04,53.15,53.52,55.33,59.2,62.39,63.99
CAT,Caterpillar Inc.,Industrials,Construction Machinery & Heavy Transportation Equipment,577.39,627.5,264.29,576.76,591.35,584.2,560.98,501.02,481.87,424.63
CBOE,Cboe Global Markets,Financials,Financial Exchanges & Data,249.52,262.98,186.22,249.24,250.54,252.99,248.93,245.25,243.3,234.64
CBRE,CBRE Group,Real Estate,Real Estate Services,160.94,171.0,108.45,160.22,158.92,159.68,156.75,158.08,154.96,144.25
CDW,CDW Corporation,Information Technology,Technology Distributors,138.91,219.61,135.03,143.12,145.3,144.37,146.9,154.99,159.59,162.37
COR,Cencora,Health Care,Health Care Distributors,341.85,377.54,222.21,343.49,342.38,349.87,345.25,320.46,315.11,302.34
CNC,Centene Corporation,Health Care,Managed Health Care,39.21,66.81,25.08,39.34,39.27,38.92,36.98,33.93,34.09,43.46
CNP,CenterPoint Energy,Utilities,Multi-Utilities,37.74,40.28,29.87,38.11,37.92,38.53,38.96,38.51,38.08,37.36
CF,CF Industries,Materials,Fertilizers & Agricultural Chemicals,78.06,103.22,66.16,78.33,77.83,78.27,81.66,84.11,85.84,84.22
CRL,Charles River Laboratories,Health Care,Life Sciences Tools & Services,196.39,200.58,91.86,195.92,193.5,185.6,179.55,169.45,167.67,157.29
SCHW,Charles Schwab Corporation,Financials,Investment Banking & Brokerage,99.05,99.53,65.3,96.83,96.21,94.3,94.04,94.42,94.11,89.3
CHTR,Charter Communications,Communication Services,Cable & Satellite,205.53,437.06,193.0,208.5,208.27,203.74,221.57,244.33,272.67,311.91
CVX,Chevron Corporation,Energy,Integrated Oil & Gas,147.4,163.27,127.59,148.23,149.05,149.8,151.38,152.59,151.52,147.62
CMG,Chipotle Mexican Grill,Consumer Discretionary,Restaurants,37.76,64.15,29.75,36.8,35.63,34.57,35.34,38.3,41.24,44.66
CB,Chubb Limited,Financials,Property & Casualty Insurance,309.47,313.46,250.52,311.41,306.65,301.27,290.54,283.36,282.21,284.46
CHD,Church & Dwight,Consumer Staples,Household Products,85.01,115.32,81.05,85.23,84.19,84.15,84.92,88.02,89.68,93.64
CI,Cigna,Health Care,Health Care Services,272.08,344.64,238.17,274.64,270.9,271.6,276.64,283.76,287.97,298.84
CINF,Cincinnati Financial,Financials,Property & Casualty Insurance,167.27,169.86,121.6,166.96,165.11,165.31,161.35,157.73,155.64,150.38
CTAS,Cintas,Industrials,Diversified Support Services,188.21,228.23,179.31,188.31,186.96,185.85,186.24,197.45,201.66,204.68
CSCO,Cisco,Information Technology,Communications Equipment,78.82,80.82,51.49,77.51,78.33,77.57,74.43,71.13,70.49,66.61
C,Citigroup,Financials,Diversified Banks,114.92,115.61,54.39,112.66,111.63,107.56,102.46,99.39,97.26,87.07
CFG,Citizens Financial Group,Financials,Regional Banks,58.96,59.33,31.67,58.51,57.95,56.15,52.93,51.69,50.68,46.14
CLX,Clorox,Consumer Staples,Household Products,98.47,159.03,98.2,100.18,101.26,103.61,107.97,114.44,116.22,122.8
CME,CME Group,Financials,Financial Exchanges & Data,269.92,286.76,220.42,270.96,270.27,272.65,271.05,269.21,270.05,268.55
CMS,CMS Energy,Utilities,Multi-Utilities,69.5,75.54,62.07,70.21,70.16,71.81,72.87,72.26,71.76,71.26
KO,Coca-Cola Company (The),Consumer Staples,Soft Drinks & Non-alcoholic Beverages,70.46,72.91,58.88,70.57,70.3,70.92,69.8,68.54,68.6,68.94
CTSH,Cognizant,Information Technology,IT Consulting & Other Services,85.12,89.37,64.7,84.04,83.28,80.51,74.24,71.78,72.71,74.04
COIN,Coinbase,Financials,Financial Exchanges & Data,239.2,444.65,142.58,250.78,261.93,260.99,298.4,311.94,325.18,283.97
CL,Colgate-Palmolive,Consumer Staples,Household Products,78.47,98.37,74.55,78.86,78.08,78.69,78.21,80.17,81.78,84.94
CMCSA,Comcast,Communication Services,Cable & Satellite,29.52,37.52,25.75,29.61,28.39,27.66,28.07,30.15,31.03,32.22
CAG,Conagra Brands,Consumer Staples,Packaged Foods & Meats,17.41,27.05,16.6,17.76,17.58,17.53,17.56,18.06,18.26,20.08
COP,ConocoPhillips,Energy,Oil & Gas Exploration & Production,91.69,103.48,77.84,92.8,93.94,91.74,89.17,91.38,91.48,90.95
ED,Consolidated Edison,Utilities,Multi-Utilities,98.57,112.03,84.37,99.41,97.69,97.97,98.77,98.84,98.88,100.85
STZ,Constellation Brands,Consumer Staples,Distillers & Vintners,135.4,228.32,126.45,139.6,142.88,139.61,136.05,143.12,148.0,159.27
CEG,Constellation Energy,Utilities,Electric Utilities,360.52,412.23,160.75,357.06,359.48,358.72,363.92,346.68,341.07,306.72
COO,Cooper Companies (The),Health Care,Health Care Supplies,82.86,100.24,61.78,82.07,81.19,79.25,74.51,72.03,72.21,74.42
CPRT,Copart,Industrials,Diversified Support Services,39.06,63.85,38.18,39.04,38.86,38.98,41.32,44.05,44.71,48.92
GLW,Corning Inc.,Information Technology,Electronic Components,89.04,96.64,36.82,87.15,89.36,86.4,85.79,79.07,73.97,63.49
CPAY,Corpay,Financials,Transaction & Payment Processing Services,307.94,400.81,252.84,309.47,308.99,300.63,287.4,298.49,305.15,314.61
CTVA,Corteva,Materials,Fertilizers & Agricultural Chemicals,66.32,77.02,53.0,66.21,65.93,65.97,64.34,67.3,68.58,67.07
CSGP,CoStar Group,Real Estate,Real Estate Services,65.43,97.43,62.0,64.5,66.03,67.12,69.87,78.97,80.35,79.46
COST,Costco,Consumer Staples,Consumer Staples Merchandise Retail,856.24,1073.82,844.06,859.49,871.67,888.24,909.96,930.5,936.67,950.93
CTRA,Coterra,Energy,Oil & Gas Exploration & Production,25.45,29.04,21.87,25.67,26.16,26.39,25.18,24.43,24.39,24.76
CRWD,CrowdStrike,Information Technology,Systems Software,484.88,566.9,298.0,481.63,498.33,503.69,515.34,482.53,482.93,456.42
CCI,Crown Castle,Real Estate,Telecom Tower REITs,86.5,113.13,80.07,87.81,88.82,88.55,91.05,93.87,95.62,96.48
CSX,CSX Corporation,Industrials,Rail Transportation,36.62,37.54,25.91,36.74,36.81,36.0,35.58,34.87,34.64,32.75
CMI,Cummins,Industrials,Construction Machinery & Heavy Transportation Equipment,507.18,526.5,256.13,507.4,510.29,503.89,464.41,433.71,415.05,375.0
CVS,CVS Health,Health Care,Health Care Services,77.87,85.15,41.77,78.3,78.55,78.21,78.92,75.05,72.71,69.52
DHR,Danaher Corporation,Health Care,Life Sciences Tools & Services,223.75,256.97,170.43,224.79,226.08,226.69,219.78,209.93,207.74,203.47
DRI,Darden Restaurants,Consumer Discretionary,Restaurants,188.99,224.86,154.97,188.67,184.51,180.59,180.29,190.16,193.91,196.6
DDOG,Datadog,Information Technology,Application Software,140.85,201.69,81.63,139.59,145.19,151.0,160.94,149.3,147.87,132.95
DVA,DaVita,Health Care,Health Care Services,115.04,179.6,113.97,117.52,118.17,118.7,121.44,127.52,130.68,135.4
DAY,Dayforce,Industrials,Human Resource & Employment Services,69.32,77.52,48.01,69.26,69.19,69.12,68.78,66.95,65.0,62.08
DECK,Deckers Brands,Consumer Discretionary,Footwear,98.75,223.98,78.91,101.98,101.51,95.94,91.41,100.48,101.36,105.71
DE,Deere & Company,Industrials,Agricultural & Farm Machinery,469.98,530.24,398.95,479.9,475.83,477.13,470.89,475.31,481.82,482.02
DELL,Dell Technologies,Information Technology,"Technology Hardware, Storage & Peripherals",126.75,168.08,65.33,128.37,132.97,132.58,141.28,137.27,134.97,121.31
DAL,Delta Air Lines,Industrials,Passenger Airlines,70.7,72.34,34.41,70.6,69.79,66.94,62.06,60.11,58.69,53.79
DVN,Devon Energy,Energy,Oil & Gas Exploration & Production,35.9,38.23,25.37,35.97,36.71,36.68,34.53,34.31,33.98,33.26
DXCM,Dexcom,Health Care,Health Care Equipment,66.16,93.25,54.11,65.98,66.53,64.95,63.99,69.4,72.6,74.06
FANG,Diamondback Energy,Energy,Oil & Gas Exploration & Production,147.96,175.92,111.64,150.43,154.18,153.67,147.06,144.25,143.47,141.94
DLR,Digital Realty,Real Estate,Data Center REITs,151.13,182.13,127.13,150.12,154.28,156.05,162.88,165.43,166.63,162.75
DG,Dollar General,Consumer Staples,Consumer Staples Merchandise Retail,137.11,137.9,65.27,135.64,131.89,119.99,109.21,108.14,108.68,102.78
DLTR,Dollar Tree,Consumer Staples,Consumer Staples Merchandise Retail,127.44,132.48,61.8,129.0,126.91,118.38,107.56,105.54,105.95,96.75
D,Dominion Energy,Utilities,Multi-Utilities,59.6,62.17,46.43,59.8,59.14,59.74,59.84,59.62,58.91,56.7
DPZ,Domino's,Consumer Discretionary,Restaurants,429.93,493.24,390.88,434.23,428.25,422.62,413.91,427.37,434.13,444.31
DASH,DoorDash,Consumer Discretionary,Specialized Consumer Services,237.36,285.5,155.4,228.9,227.22,216.55,229.44,243.8,243.28,225.37
DOV,Dover Corporation,Industrials,Industrial Machinery & Supplies & Components,196.16,219.84,141.82,197.26,196.38,191.51,181.83,177.59,179.23,177.17
DOW,Dow Inc.,Materials,Commodity Chemicals,23.33,39.24,19.82,23.15,23.48,23.32,22.72,22.82,23.64,25.8
DHI,D. R. Horton,Consumer Discretionary,Homebuilding,146.23,183.98,109.46,152.24,152.99,154.66,151.03,158.51,153.94,142.48
DTE,DTE Energy,Utilities,Multi-Utilities,128.07,142.5,112.5,128.87,128.93,131.02,134.96,135.72,135.0,133.64
DUK,Duke Energy,Utilities,Electric Utilities,116.03,128.91,101.53,116.67,115.75,118.26,122.02,121.85,120.7,118.75
DD,DuPont,Materials,Specialty Chemicals,41.26,41.83,22.13,40.69,40.8,40.08,37.5,34.5,33.71,31.64
EMN,Eastman Chemical Company,Materials,Specialty Chemicals,63.36,99.23,55.35,63.81,63.25,61.68,60.5,62.19,64.95,70.11
ETN,Eaton Corporation,Industrials,Electrical Components & Equipment,318.2,398.4,230.37,322.62,333.4,335.27,356.05,359.13,360.62,337.84
EBAY,eBay Inc.,Consumer Discretionary,Broadline Retail,84.5,100.76,58.09,83.03,83.53,82.81,85.89,89.29,86.81,80.14
ECL,Ecolab,Materials,Specialty Chemicals,263.05,284.56,219.93,261.55,259.7,264.06,264.43,268.37,268.09,261.92
EIX,Edison International,Utilities,Electric Utilities,60.1,76.53,46.27,59.44,58.36,58.3,57.41,55.82,54.75,54.36
EW,Edwards Lifesciences,Health Care,Health Care Equipment,85.6,87.89,65.94,84.79,84.28,84.94,82.27,80.21,79.67,77.33
EA,Electronic Arts,Communication Services,Interactive Home Entertainment,204.02,204.64,114.66,203.99,203.82,203.03,201.53,188.6,181.49,168.02
ELV,Elevance Health,Health Care,Managed Health Care,340.09,451.93,270.83,348.64,346.4,338.43,333.62,321.95,322.74,352.75
EMR,Emerson Electric,Industrials,Electrical Components & Equipment,132.82,149.03,88.93,133.48,135.18,133.85,132.01,132.28,133.77,125.61
ENPH,Enphase Energy,Information Technology,Semiconductor Materials & Equipment,33.19,76.9,25.78,32.2,32.18,30.45,31.73,33.95,35.07,40.63
ETR,Entergy,Utilities,Electric Utilities,91.97,97.93,71.14,92.51,92.77,93.84,94.78,92.23,90.42,87.05
EOG,EOG Resources,Energy,Oil & Gas Exploration & Production,101.89,134.2,99.8,103.39,106.59,107.68,107.27,111.85,113.23,113.53
EPAM,EPAM Systems,Information Technology,IT Consulting & Other Services,208.69,269.0,138.15,207.61,208.21,199.62,177.66,168.46,169.22,169.47
EQT,EQT Corporation,Energy,Oil & Gas Exploration & Production,53.99,62.23,41.77,54.12,55.67,57.45,56.42,54.27,54.5,53.86
EFX,Equifax,Industrials,Research & Consulting Services,219.35,279.27,198.73,218.49,216.84,214.07,215.69,231.27,236.02,241.28
EQIX,Equinix,Real Estate,Data Center REITs,758.3,943.1,689.25,753.96,748.93,745.87,783.48,779.83,778.54,800.15
EQR,Equity Residential,Real Estate,Multi-Family Residential REITs,61.68,73.58,58.19,61.52,61.05,61.21,60.93,62.37,63.15,64.83
ERIE,Erie Indemnity,Financials,Insurance Brokers,281.76,451.6,273.59,286.83,283.37,289.47,297.46,317.6,323.65,344.95
ESS,Essex Property Trust,Real Estate,Multi-Family Residential REITs,258.2,307.81,239.32,259.28,257.18,258.69,257.86,259.33,263.9,269.66
EL,Estée Lauder Companies (The),Consumer Staples,Personal Care Products,107.47,110.37,47.76,105.23,104.85,100.77,96.31,92.65,91.4,80.96
EG,Everest Group,Financials,Reinsurance,331.66,368.99,302.44,329.75,323.47,317.92,325.38,333.31,333.83,338.7
EVRG,Evergy,Utilities,Electric Utilities,72.66,78.59,57.4,73.39,73.45,74.5,75.72,73.91,72.67,69.94
ES,Eversource Energy,Utilities,Electric Utilities,67.57,74.42,50.49,67.52,67.16,66.35,69.62,67.48,66.71,64.02
EXC,Exelon,Utilities,Electric Utilities,43.83,48.09,35.13,43.99,43.7,44.57,45.72,44.83,44.39,44.05
EXE,Expand Energy,Energy,Oil & Gas Exploration & Production,109.4,126.62,90.25,108.76,112.41,115.98,111.15,104.96,104.94,105.85
EXPE,Expedia Group,Consumer Discretionary,"Hotels, Resorts & Cruise Lines",289.49,292.42,129.24,285.27,278.15,267.82,245.45,228.01,218.24,197.45
EXPD,Expeditors International,Industrials,Air Freight & Logistics,152.61,155.04,99.26,150.93,150.65,148.75,135.5,127.8,125.16,120.28
EXR,Extra Space Storage,Real Estate,Self-Storage REITs,130.64,155.55,116.98,131.48,130.2,130.21,134.88,136.53,138.38,139.4
XOM,ExxonMobil,Energy,Integrated Oil & Gas,116.31,120.47,95.18,116.54,117.48,116.83,115.36,112.71,112.01,109.7
FFIV,"F5, Inc.",Information Technology,Communications Equipment,258.82,346.0,223.76,259.05,258.67,249.18,261.5,291.65,292.85,285.58
FDS,FactSet,Financials,Financial Exchanges & Data,286.86,491.19,249.51,288.28,288.81,283.5,278.43,311.48,335.49,372.5
FICO,Fair Isaac,Information Technology,Application Software,1747.69,2217.6,1300.0,1772.8,1779.92,1781.44,1714.51,1605.5,1612.84,1708.71
FAST,Fastenal,Industrials,Trading Companies & Distributors,42.36,50.37,34.62,42.3,41.73,41.14,41.38,44.66,44.56,42.67
FRT,Federal Realty Investment Trust,Real Estate,Retail REITs,101.75,110.61,78.83,101.23,99.44,98.67,98.03,97.43,96.62,95.18
FDX,FedEx,Industrials,Air Freight & Logistics,289.02,289.98,190.85,284.41,282.01,276.52,260.06,244.31,241.5,233.54
FIS,Fidelity National Information Services,Financials,Transaction & Payment Processing Services,65.64,82.1,59.15,66.22,66.27,65.74,65.24,66.75,69.34,71.55
FITB,Fifth Third Bancorp,Financials,Regional Banks,47.85,48.71,31.68,47.74,47.32,45.57,43.48,43.64,43.38,40.97
FSLR,First Solar,Information Technology,Semiconductors,266.83,281.55,116.56,259.41,259.62,260.43,252.82,228.83,217.29,189.59
FE,FirstEnergy,Utilities,Electric Utilities,44.4,47.73,36.45,44.43,44.44,45.4,45.86,44.7,43.72,42.27
FI,Fiserv,Financials,Transaction & Payment Processing Services,68.0,238.59,59.56,68.35,67.47,64.9,81.17,107.48,118.77,145.75
F,Ford Motor Company,Consumer Discretionary,Automobile Manufacturers,13.43,13.99,8.11,13.48,13.44,13.26,12.88,12.18,11.96,11.14
FTNT,Fortinet,Information Technology,Systems Software,79.92,114.82,70.12,80.61,81.64,81.86,82.82,82.62,86.96,91.88
FTV,Fortive,Industrials,Industrial Machinery & Supplies & Components,54.87,62.51,45.35,54.96,54.78,53.97,51.61,49.92,50.31,51.32
FOXA,Fox Corporation (Class A),Communication Services,Broadcasting,72.22,72.96,46.21,71.25,71.04,68.55,64.76,61.9,60.65,57.6
FOX,Fox Corporation (Class B),Communication Services,Broadcasting,63.96,64.22,42.96,63.25,62.97,60.99,57.95,55.76,54.84,52.46
BEN,Franklin Resources,Financials,Asset Management & Custody Banks,24.1,25.72,15.81,23.75,23.56,23.06,22.75,23.51,23.63,22.13
FCX,Freeport-McMoRan,Materials,Copper,49.28,49.64,27.35,48.02,47.18,44.95,42.55,42.4,42.78,40.85
GRMN,Garmin,Consumer Discretionary,Consumer Electronics,201.93,260.57,167.16,203.97,204.93,200.39,212.86,224.58,223.33,214.18
IT,Gartner,Information Technology,IT Consulting & Other Services,250.2,584.01,222.54,248.95,239.88,235.79,237.65,245.06,271.35,328.93
GE,GE Aerospace,Industrials,Aerospace & Defense,308.02,316.67,158.62,300.32,294.59,292.9,299.6,291.09,284.49,257.62
GEHC,GE HealthCare,Health Care,Health Care Equipment,83.32,94.66,57.57,82.98,83.55,82.09,77.5,75.85,75.76,74.43
GEV,GE Vernova,Industrials,Heavy Electrical Equipment,658.58,731.0,251.84,655.95,662.59,628.26,601.47,611.39,601.27,521.03
GEN,Gen Digital,Information Technology,Systems Software,27.65,31.94,22.45,27.62,27.51,27.05,26.66,28.0,28.34,27.81
GNRC,Generac,Industrials,Electrical Components & Equipment,138.96,203.25,99.5,146.91,155.53,153.11,163.72,173.88,168.86,151.72
GD,General Dynamics,Industrials,Aerospace & Defense,340.77,360.5,235.63,338.54,338.42,338.53,340.59,331.7,325.22,304.31
GIS,General Mills,Consumer Staples,Packaged Foods & Meats,47.92,65.04,45.15,47.87,46.96,46.87,47.24,48.2,48.58,50.98
GM,General Motors,Consumer Discretionary,Automobile Manufacturers,81.96,83.04,41.28,81.48,79.8,76.08,69.88,63.53,61.16,55.95
GPC,Genuine Parts Company,Consumer Discretionary,Distributors,125.7,141.97,101.6,128.21,129.27,128.83,128.28,131.97,130.48,125.81
GILD,Gilead Sciences,Health Care,Biotechnology,124.94,127.86,86.16,121.27,120.79,122.46,121.44,117.37,115.86,111.86
GPN,Global Payments,Financials,Transaction & Payment Processing Services,80.35,114.79,65.33,81.55,80.65,78.44,79.4,82.29,82.01,82.17
GL,Globe Life,Financials,Life & Health Insurance,138.64,147.54,103.01,139.46,137.68,135.21,134.29,137.17,134.56,129.87
GDDY,GoDaddy,Information Technology,Internet Services & Infrastructure,126.68,216.0,121.94,125.49,126.0,126.94,129.1,136.73,143.71,157.05
GS,Goldman Sachs,Financials,Investment Banking & Brokerage,894.87,919.1,432.73,882.45,884.37,849.21,806.22,780.03,764.31,687.59
HAL,Halliburton,Energy,Oil & Gas Equipment & Services,27.66,29.67,18.31,27.69,28.19,27.36,26.34,24.32,23.73,22.89
HIG,Hartford (The),Financials,Property & Casualty Insurance,138.44,139.92,103.19,138.43,135.28,134.99,130.46,130.42,128.76,126.15
HAS,Hasbro,Consumer Discretionary,Leisure Products,82.2,85.15,47.63,81.42,81.58,81.54,77.96,77.36,76.8,70.73
HCA,HCA Healthcare,Health Care,Health Care Facilities,471.22,520.0,288.25,471.28,476.78,487.64,466.73,433.97,420.6,394.38
DOC,Healthpeak Properties,Real Estate,Health Care REITs,16.11,20.33,16.08,16.39,16.51,17.16,17.59,17.64,17.63,17.63
HSIC,Henry Schein,Health Care,Health Care Distributors,77.27,82.49,60.56,77.07,76.13,74.96,70.19,68.87,69.53,69.35
HSY,Hershey Company (The),Consumer Staples,Packaged Foods & Meats,190.06,195.98,135.68,188.68,184.64,184.73,180.64,182.53,180.22,173.69
HPE,Hewlett Packard Enterprise,Information Technology,"Technology Hardware, Storage & Peripherals",24.43,26.44,11.82,24.14,24.3,23.09,23.23,23.12,22.57,20.19
HLT,Hilton Worldwide,Consumer Discretionary,"Hotels, Resorts & Cruise Lines",293.31,294.92,195.7,289.13,281.44,280.44,271.38,269.49,269.67,256.69
HOLX,Hologic,Health Care,Health Care Equipment,74.96,75.34,51.9,75.01,74.94,74.89,73.57,70.35,69.3,65.86
HD,Home Depot (The),Consumer Discretionary,Home Improvement Retail,347.44,424.01,320.39,353.77,353.23,351.63,364.05,381.52,378.07,369.42
HON,Honeywell,Industrials,Industrial Conglomerates,200.67,225.29,166.32,198.87,195.61,193.42,194.78,197.76,201.7,200.33
HRL,Hormel Foods,Consumer Staples,Packaged Foods & Meats,23.69,31.17,21.03,23.87,23.83,23.56,23.09,24.54,25.51,26.94
HST,Host Hotels & Resorts,Real Estate,Hotel & Resort REITs,18.59,18.72,11.93,18.51,18.14,17.82,17.19,16.88,16.7,15.84
HWM,Howmet Aerospace,Industrials,Aerospace & Defense,203.54,211.83,104.84,197.03,195.67,197.18,198.72,190.64,189.21,173.25
HPQ,HP Inc.,Information Technology,"Technology Hardware, Storage & Peripherals",23.17,33.78,20.52,24.07,24.56,24.51,25.42,26.07,25.8,25.66
HUBB,Hubbell Incorporated,Industrials,Industrial Machinery & Supplies & Components,441.54,482.66,296.56,437.87,442.85,436.07,437.98,433.71,430.67,403.78
HUM,Humana,Health Care,Managed Health Care,259.92,314.25,206.15,262.75,261.22,252.5,260.13,268.49,261.65,257.58
HBAN,Huntington Bancshares,Financials,Regional Banks,17.6,17.88,11.6,17.57,17.43,16.88,16.05,16.44,16.48,15.76
HII,Huntington Ingalls Industries,Industrials,Aerospace & Defense,334.44,337.44,155.24,326.86,321.96,315.58,306.54,288.92,281.09,255.96
IBM,IBM,Information Technology,IT Consulting & Other Services,301.22,324.9,209.2,303.37,306.91,305.65,299.82,277.99,278.13,267.55
IEX,IDEX Corporation,Industrials,Industrial Machinery & Supplies & Components,177.94,223.39,151.55,177.53,177.38,176.01,170.33,166.35,169.03,171.98
IDXX,Idexx Laboratories,Health Care,Health Care Equipment,703.3,769.98,356.14,697.95,700.9,719.09,687.63,662.62,638.02,572.13
ITW,Illinois Tool Works,Industrials,Industrial Machinery & Supplies & Components,249.02,273.07,212.05,252.38,252.56,250.38,247.81,253.73,253.91,249.11
INCY,Incyte,Health Care,Biotechnology,102.46,109.28,53.56,98.61,97.16,100.18,97.77,90.87,86.61,77.83
IR,Ingersoll Rand,Industrials,Industrial Machinery & Supplies & Components,78.75,97.57,65.56,79.39,80.08,79.74,78.2,79.07,80.52,80.01
PODD,Insulet Corporation,Health Care,Health Care Equipment,290.52,354.88,230.05,290.64,293.74,307.26,316.69,319.18,314.47,301.53
INTC,Intel,Information Technology,Semiconductors,37.46,44.02,17.67,36.92,38.35,38.81,38.04,32.39,30.41,26.95
ICE,Intercontinental Exchange,Financials,Financial Exchanges & Data,160.09,188.26,140.7,160.4,159.6,157.41,154.63,164.53,167.78,168.58
IFF,International Flavors & Fragrances,Materials,Specialty Chemicals,65.61,86.61,59.14,65.08,64.72,66.46,64.89,64.65,66.68,69.99
IP,International Paper,Materials,Paper & Plastic Packaging Products & Materials,38.34,57.79,35.35,38.57,38.56,38.67,40.33,43.39,44.74,45.61
IPG,Interpublic Group of Companies (The),Communication Services,Advertising,24.57,31.81,21.93,25.12,25.04,25.18,26.03,25.78,25.34,25.2
INTU,Intuit,Information Technology,Application Software,672.6,812.22,530.03,665.24,664.76,656.34,658.27,674.51,693.66,678.11
ISRG,Intuitive Surgical,Health Care,Health Care Equipment,572.83,616.0,425.0,561.14,557.63,564.09,538.6,499.25,503.12,508.05
IVZ,Invesco,Financials,Asset Management & Custody Banks,26.95,27.31,11.23,26.38,26.44,25.47,24.06,22.93,21.92,19.01
INVH,Invitation Homes,Real Estate,Single-Family Residential REITs,27.08,35.13,26.02,27.12,26.77,27.3,27.91,28.79,29.43,30.78
IQV,IQVIA,Health Care,Life Sciences Tools & Services,220.58,234.3,134.65,221.97,222.26,225.08,218.36,203.46,196.89,182.2
IRM,Iron Mountain,Real Estate,Other Specialized REITs,79.98,108.27,70.45,80.33,82.37,83.1,92.77,93.85,94.61,92.78
JBHT,J.B. Hunt,Industrials,Cargo Ground Transportation,197.34,204.43,121.7,196.44,195.82,187.0,172.43,156.17,154.66,149.11
JBL,Jabil,Information Technology,Electronic Manufacturing Services,225.75,237.05,108.52,218.57,223.3,216.18,211.43,212.77,214.5,191.74
JKHY,Jack Henry & Associates,Financials,Transaction & Payment Processing Services,184.18,194.03,143.64,186.24,185.2,179.85,166.24,161.87,164.91,169.08
J,Jacobs Solutions,Industrials,Construction & Engineering,133.93,168.03,104.43,133.69,135.35,135.25,146.88,147.17,144.85,136.17
JNJ,Johnson & Johnson,Health Care,Pharmaceuticals,207.44,215.19,136.5,209.91,207.93,206.41,196.99,186.61,180.88,170.42
JCI,Johnson Controls,Industrials,Building Products,119.57,123.78,67.78,117.88,116.88,115.83,114.81,110.88,110.06,101.98
JPM,JPMorgan Chase,Financials,Diversified Banks,316.39,322.88,200.22,315.99,314.17,311.07,307.67,303.83,300.9,280.7
K,Kellanova,Consumer Staples,Packaged Foods & Meats,83.44,83.49,75.95,83.32,83.2,83.01,82.65,80.64,80.17,80.35
KVUE,Kenvue,Consumer Staples,Personal Care Products,17.05,24.41,13.85,17.18,17.16,17.08,16.19,17.59,18.29,19.82
KDP,Keurig Dr Pepper,Consumer Staples,Soft Drinks & Non-alcoholic Beverages,28.1,35.62,25.03,28.69,28.83,28.24,27.52,28.61,29.51,30.9
KEY,KeyCorp,Financials,Regional Banks,20.96,21.12,12.29,20.75,20.5,19.43,18.18,18.22,18.13,16.97
KEYS,Keysight Technologies,Information Technology,Electronic Equipment & Instruments,201.13,214.58,121.43,202.31,206.73,201.62,184.6,176.48,174.09,165.82
KMB,Kimberly-Clark,Consumer Staples,Household Products,100.67,145.82,98.03,102.09,102.49,103.83,107.84,116.99,118.79,124.16
KIM,Kimco Realty,Real Estate,Retail REITs,20.08,23.35,17.3,20.28,20.14,20.18,20.54,20.95,20.95,20.62
KMI,Kinder Morgan,Energy,Oil & Gas Storage & Transportation,26.59,30.15,23.17,26.53,26.84,26.94,26.74,26.87,26.97,26.85
KKR,KKR & Co.,Financials,Asset Management & Custody Banks,131.37,169.44,85.77,132.74,134.34,127.9,123.09,131.24,133.03,126.39
KLAC,KLA Corporation,Information Technology,Semiconductor Materials & Equipment,1252.65,1282.32,547.89,1219.11,1222.48,1196.02,1170.04,1065.06,1034.48,919.93
KHC,Kraft Heinz,Consumer Staples,Packaged Foods & Meats,24.75,31.87,23.33,24.63,24.5,24.75,24.62,25.43,25.62,26.26
KR,Kroger,Consumer Staples,Food Retail,62.56,74.13,56.96,62.78,62.68,64.21,65.43,66.79,67.52,67.44
LHX,L3Harris,Industrials,Aerospace & Defense,288.11,306.84,189.46,284.19,284.27,280.5,285.86,282.75,277.91,256.93
LH,Labcorp,Health Care,Health Care Services,251.73,292.94,207.68,256.2,258.99,262.24,265.1,269.35,266.42,256.32
LRCX,Lam Research,Information Technology,Semiconductor Materials & Equipment,173.11,173.58,55.98,164.07,164.64,159.46,154.21,133.93,126.85,108.24
LW,Lamb Weston,Consumer Staples,Packaged Foods & Meats,44.27,79.68,43.91,56.46,57.82,58.43,60.48,58.3,57.14,55.41
LVS,Las Vegas Sands,Consumer Discretionary,Casinos & Gaming,66.56,70.45,29.72,66.86,66.57,66.86,61.72,57.66,55.78,49.47
LDOS,Leidos,Industrials,Diversified Support Services,184.01,205.77,122.65,182.93,185.09,186.96,189.35,185.21,180.27,166.57
LEN,Lennar,Consumer Discretionary,Homebuilding,106.75,145.63,97.13,112.92,116.11,122.23,122.44,125.37,122.69,117.72
LII,Lennox International,Industrials,Building Products,497.15,687.72,443.19,493.44,499.75,494.87,495.56,529.31,545.14,550.66
LLY,Lilly (Eli),Health Care,Pharmaceuticals,1073.14,1111.99,621.5,1057.66,1029.86,1044.03,955.09,847.47,834.04,815.67
LIN,Linde plc,Materials,Industrial Gases,422.5,483.05,387.78,420.87,409.63,408.03,422.23,446.98,450.66,451.28
LYV,Live Nation Entertainment,Communication Services,Movies & Entertainment,140.75,175.25,112.88,139.16,139.3,135.28,142.27,151.81,151.23,144.66
LKQ,LKQ Corporation,Consumer Discretionary,Distributors,29.77,43.32,28.13,30.01,29.93,29.67,29.9,30.26,31.38,34.43
LMT,Lockheed Martin,Industrials,Aerospace & Defense,473.24,512.11,404.07,475.93,473.5,461.12,471.12,464.41,460.57,459.2
L,Loews Corporation,Financials,Multi-line Insurance,106.15,109.06,78.83,105.49,104.3,105.31,102.9,99.87,98.11,94.11
LOW,Lowe's,Consumer Discretionary,Home Improvement Retail,242.95,273.63,203.22,246.77,246.29,243.97,239.29,246.03,241.27,234.05
LULU,Lululemon Athletica,Consumer Discretionary,"Apparel, Accessories & Luxury Goods",208.29,423.32,159.25,208.86,198.92,189.57,177.81,181.29,191.02,227.55
LYB,LyondellBasell,Materials,Specialty Chemicals,43.19,72.64,40.42,43.27,43.51,44.47,44.24,47.55,49.85,52.73
MTB,M&T Bank,Financials,Regional Banks,205.63,208.09,147.35,204.84,203.2,197.01,187.95,190.41,191.09,183.91
MPC,Marathon Petroleum,Energy,Oil & Gas Refining & Marketing,167.7,201.29,113.25,174.52,181.72,186.62,188.92,183.01,180.83,167.63
MKTX,MarketAxess,Financials,Financial Exchanges & Data,179.32,232.76,155.48,180.18,175.94,169.22,168.51,176.23,183.8,195.82
MAR,Marriott International,Consumer Discretionary,"Hotels, Resorts & Cruise Lines",310.47,311.69,203.87,308.36,299.56,300.23,283.97,274.09,274.08,263.84
MMC,Marsh McLennan,Financials,Insurance Brokers,184.21,245.83,174.18,186.15,184.42,183.46,184.76,193.48,196.84,207.84
MLM,Martin Marietta Materials,Materials,Construction Materials,635.71,664.29,440.13,629.09,626.34,620.65,618.11,615.4,604.36,570.62
MAS,Masco,Industrials,Building Products,64.11,80.67,55.74,64.8,63.97,63.88,64.23,67.88,67.37,66.06
MA,Mastercard,Financials,Transaction & Payment Processing Services,570.68,600.98,463.61,567.5,558.97,552.06,554.14,566.88,565.1,558.62
MTCH,Match Group,Communication Services,Interactive Media & Services,32.85,38.99,26.09,32.56,33.11,33.27,32.77,34.56,34.13,32.5
MKC,McCormick & Company,Consumer Staples,Packaged Foods & Meats,68.83,84.63,62.64,68.53,66.68,66.33,65.97,67.04,68.12,70.79
MCD,McDonald's,Consumer Discretionary,Restaurants,316.68,321.79,270.23,317.65,314.58,310.86,305.68,304.64,302.28,303.0
MCK,McKesson Corporation,Health Care,Health Care Distributors,817.94,894.75,556.01,813.6,810.34,830.22,823.11,764.27,754.43,731.01
MDT,Medtronic,Health Care,Health Care Equipment,98.61,106.33,76.99,98.34,99.3,101.19,97.19,95.02,93.77,90.36
MRK,Merck & Co.,Health Care,Pharmaceuticals,100.96,104.94,71.26,99.87,98.79,99.92,92.25,87.13,85.78,83.67
META,Meta Platforms,Communication Services,Interactive Media & Services,665.91,795.06,478.72,656.9,655.27,646.75,660.86,706.83,708.34,670.29
MET,MetLife,Financials,Life & Health Insurance,81.19,85.61,63.78,82.06,81.05,78.81,78.37,78.6,78.32,77.65
MTD,Mettler Toledo,Health Care,Life Sciences Tools & Services,1393.17,1525.17,946.69,1393.24,1394.01,1425.98,1405.56,1340.74,1315.37,1248.43
MGM,MGM Resorts,Consumer Discretionary,Casinos & Gaming,37.44,41.32,25.3,36.93,36.79,35.74,33.54,34.68,35.18,33.82
MCHP,Microchip Technology,Information Technology,Semiconductors,65.0,75.98,33.33,65.23,66.45,61.42,60.3,62.5,64.25,59.84
MU,Micron Technology,Information Technology,Semiconductors,267.81,268.38,61.44,242.38,247.45,238.75,227.41,184.2,170.99,141.33
MSFT,Microsoft,Information Technology,Systems Software,483.11,553.5,342.95,478.89,481.8,481.86,499.66,506.18,505.3,472.62
MAA,Mid-America Apartment Communities,Real Estate,Multi-Family Residential REITs,134.53,168.08,125.75,134.76,133.23,133.77,132.07,135.64,138.02,144.16
MRNA,Moderna,Health Care,Biotechnology,33.67,48.92,22.28,30.99,29.93,27.47,26.43,26.24,27.29,27.51
MHK,Mohawk Industries,Consumer Discretionary,Home Furnishings,106.98,143.13,96.24,109.49,109.96,111.64,114.09,121.34,119.39,114.6
MOH,Molina Healthcare,Health Care,Managed Health Care,163.24,359.97,133.4,163.13,162.4,154.83,159.13,168.04,178.5,230.09
TAP,Molson Coors Beverage Company,Consumer Staples,Brewers,47.9,62.82,42.5,47.83,47.25,46.52,45.73,46.81,47.18,50.12
MDLZ,Mondelez International,Consumer Staples,Packaged Foods & Meats,55.09,70.58,52.78,54.38,54.25,55.31,57.39,59.68,61.33,62.85
MPWR,Monolithic Power Systems,Information Technology,Semiconductors,950.74,1123.38,437.16,938.65,956.35,936.95,968.97,912.91,876.33,779.91
MNST,Monster Beverage,Consumer Staples,Soft Drinks & Non-alcoholic Beverages,77.15,77.17,45.7,75.43,74.5,74.34,71.39,67.71,66.31,63.95
MCO,Moody's Corporation,Financials,Financial Exchanges & Data,502.85,527.9,376.55,496.01,490.57,489.04,483.74,492.12,493.57,480.33
MS,Morgan Stanley,Financials,Investment Banking & Brokerage,176.81,181.98,92.37,175.77,177.29,172.98,166.11,158.2,154.55,141.14
MOS,Mosaic Company (The),Materials,Fertilizers & Agricultural Chemicals,23.74,37.63,21.79,24.01,24.26,24.14,26.06,29.6,30.85,30.53
MSI,Motorola Solutions,Information Technology,Communications Equipment,371.03,489.48,359.36,369.59,368.8,369.71,396.39,428.79,426.87,422.84
MSCI,MSCI Inc.,Financials,Financial Exchanges & Data,565.33,627.03,482.16,558.69,549.36,552.75,557.1,559.51,560.59,556.34
NDAQ,"Nasdaq, Inc.",Financials,Financial Exchanges & Data,95.33,97.06,64.26,93.92,92.95,91.0,88.75,90.57,90.44,85.62
NTAP,NetApp,Information Technology,"Technology Hardware, Storage & Peripherals",112.11,126.11,71.18,112.15,114.98,113.72,114.09,114.51,112.67,105.15
NFLX,Netflix,Communication Services,Movies & Entertainment,94.97,134.12,82.11,94.42,94.76,100.14,108.31,114.58,116.64,113.28
NEM,Newmont,Materials,Gold,102.1,102.35,36.25,99.72,97.37,93.14,88.89,82.31,77.78,67.77
NWSA,News Corp (Class A),Communication Services,Publishing,25.92,31.61,23.3,26.02,26.02,25.8,26.0,27.68,28.03,27.72
NWS,News Corp (Class B),Communication Services,Publishing,29.56,35.47,26.17,29.54,29.52,29.33,29.58,31.41,31.92,31.67
NEE,NextEra Energy,Utilities,Multi-Utilities,79.97,86.94,60.35,80.82,80.84,82.67,83.05,78.13,76.95,73.76
NKE,"Nike, Inc.",Consumer Discretionary,"Apparel, Accessories & Luxury Goods",58.47,80.55,51.34,64.94,65.26,64.77,64.75,69.02,69.75,66.48
NI,NiSource,Utilities,Multi-Utilities,41.19,44.58,34.39,41.44,41.44,42.13,42.66,42.21,41.76,40.55
NDSN,Nordson Corporation,Industrials,Industrial Machinery & Supplies & Components,240.73,250.6,163.26,237.93,235.97,235.97,233.44,227.43,225.3,214.96
NSC,Norfolk Southern,Industrials,Rail Transportation,291.25,300.79,198.48,294.2,293.88,292.22,287.19,284.86,280.9,262.35
NTRS,Northern Trust,Financials,Asset Management & Custody Banks,139.27,140.75,80.06,138.65,137.63,133.89,129.5,128.91,128.27,117.13
NOC,Northrop Grumman,Industrials,Aerospace & Defense,569.62,638.31,418.96,567.57,562.72,560.23,573.65,579.79,568.05,537.52
NCLH,Norwegian Cruise Line Holdings,Consumer Discretionary,"Hotels, Resorts & Cruise Lines",23.18,29.29,14.21,21.91,20.8,19.63,20.46,22.65,22.6,20.94
NRG,NRG Energy,Utilities,Independent Power Producers & Energy Traders,155.73,180.08,78.84,156.0,161.11,163.39,166.13,161.74,160.26,145.61
NUE,Nucor,Materials,Steel,157.85,168.07,96.79,160.13,161.41,160.17,150.07,145.4,144.02,134.11
NVDA,Nvidia,Information Technology,Semiconductors,179.98,212.18,86.6,175.81,178.93,179.63,185.62,182.33,179.01,157.54
NVR,"NVR, Inc.",Consumer Discretionary,Homebuilding,7385.79,8618.28,6562.85,7516.51,7487.25,7495.38,7428.54,7754.32,7720.33,7520.08
NXPI,NXP Semiconductors,Information Technology,Semiconductors,227.9,250.74,146.07,226.96,227.94,214.29,210.72,216.67,217.92,208.76
ORLY,O’Reilly Automotive,Consumer Discretionary,Automotive Retail,91.79,108.72,78.3,93.36,94.56,97.39,97.95,100.84,99.18,96.14
OXY,Occidental Petroleum,Energy,Oil & Gas Exploration & Production,39.73,52.05,34.2,39.84,40.56,41.14,41.21,43.19,43.26,42.95
ODFL,Old Dominion,Industrials,Cargo Ground Transportation,157.12,208.11,125.76,157.16,156.21,148.6,141.22,143.66,147.69,152.4
OMC,Omnicom Group,Communication Services,Advertising,80.22,87.42,67.76,81.14,78.98,75.73,75.65,75.99,75.34,74.97
ON,ON Semiconductor,Information Technology,Semiconductors,54.53,69.27,31.04,54.37,54.95,53.02,51.04,50.43,51.83,48.51
OKE,Oneok,Energy,Oil & Gas Storage & Transportation,71.88,105.47,64.02,72.12,73.15,73.08,69.94,71.38,72.92,76.96
ORCL,Oracle Corporation,Information Technology,Application Software,193.92,345.12,117.98,185.2,197.99,201.23,236.76,251.25,247.81,213.09
OTIS,Otis Worldwide,Industrials,Industrial Machinery & Supplies & Components,87.11,105.37,83.46,88.0,87.69,87.67,89.25,88.59,90.03,92.45
PCAR,Paccar,Industrials,Construction Machinery & Heavy Transportation Equipment,111.82,114.5,83.8,112.01,111.65,108.72,101.81,100.09,99.41,97.12
PKG,Packaging Corporation of America,Materials,Paper & Plastic Packaging Products & Materials,203.6,236.7,169.57,203.62,201.52,199.77,200.29,203.39,202.39,196.86
PLTR,Palantir Technologies,Information Technology,Application Software,194.46,207.52,63.4,185.69,185.08,176.98,179.95,175.44,169.6,146.94
PANW,Palo Alto Networks,Information Technology,Systems Software,186.99,223.61,144.15,185.86,189.46,189.45,202.42,197.15,197.31,192.18
PSKY,Paramount Skydance Corporation,Communication Services,Movies & Entertainment,13.1,20.78,9.89,13.38,13.84,14.53,15.42,15.59,15.03,13.73
PH,Parker Hannifin,Industrials,Industrial Machinery & Supplies & Components,871.88,908.35,484.88,872.2,877.68,868.48,817.11,781.46,767.4,712.98
PAYX,Paychex,Industrials,Human Resource & Employment Services,112.48,158.49,108.0,114.8,114.22,112.86,115.9,124.38,128.0,135.21
PAYC,Paycom,Industrials,Human Resource & Employment Services,163.22,266.71,156.14,164.02,164.32,163.54,175.73,197.36,203.76,214.23
PYPL,PayPal,Financials,Transaction & Payment Processing Services,59.42,93.03,55.72,60.22,60.75,61.26,64.63,66.66,68.22,68.19
PNR,Pentair,Industrials,Industrial Machinery & Supplies & Components,103.65,113.69,73.68,104.03,104.34,104.77,106.3,107.1,106.52,100.72
PEP,PepsiCo,Consumer Staples,Soft Drinks & Non-alcoholic Beverages,148.24,155.29,123.93,149.85,148.89,147.44,146.92,144.46,142.6,139.51
PFE,Pfizer,Health Care,Pharmaceuticals,25.19,27.21,19.83,25.45,25.58,25.55,24.9,24.64,24.53,23.87
PCG,PG&E Corporation,Utilities,Multi-Utilities,15.81,20.33,12.95,15.59,15.29,15.47,15.97,15.56,15.19,15.66
PM,Philip Morris International,Consumer Staples,Tobacco,159.01,183.57,113.18,158.26,154.43,154.04,153.91,158.38,161.33,162.36
PSX,Phillips 66,Energy,Oil & Gas Refining & Marketing,128.74,144.96,88.51,132.63,137.08,136.99,135.06,131.41,129.87,123.15
PNW,Pinnacle West Capital,Utilities,Multi-Utilities,87.48,93.67,78.26,88.23,87.66,88.44,89.31,89.01,88.98,89.24
PNC,PNC Financial Services,Financials,Diversified Banks,210.89,213.03,141.09,210.31,208.04,200.48,190.03,193.26,192.88,182.74
POOL,Pool Corporation,Consumer Discretionary,Distributors,231.94,368.69,229.63,235.92,237.1,239.75,257.26,285.2,288.64,294.97
PPG,PPG Industries,Materials,Specialty Chemicals,102.46,121.6,88.43,103.3,102.31,101.08,99.37,103.29,105.37,105.9
PPL,PPL Corporation,Utilities,Electric Utilities,34.49,37.96,30.24,34.36,33.97,34.66,35.84,35.89,35.59,35.02
PFG,Principal Financial Group,Financials,Life & Health Insurance,88.71,92.1,66.44,89.52,89.44,87.0,83.31,81.22,80.68,78.99
PG,Procter & Gamble,Consumer Staples,Personal Care Products,144.37,176.43,138.14,145.61,142.94,145.05,147.15,150.6,151.63,155.55
PGR,Progressive Corporation,Financials,Property & Casualty Insurance,224.39,292.65,199.9,228.94,228.23,227.62,223.03,234.05,237.43,251.66
PLD,Prologis,Real Estate,Industrial REITs,127.34,130.68,83.15,128.07,127.99,127.48,124.43,117.23,114.98,110.82
PRU,Prudential Financial,Financials,Life & Health Insurance,114.41,118.31,86.97,116.06,115.21,111.91,106.14,104.74,104.33,103.23
PEG,Public Service Enterprise Group,Utilities,Electric Utilities,80.41,89.82,72.92,80.3,79.49,80.19,81.16,81.82,81.98,80.8
PTC,PTC Inc.,Information Technology,Application Software,177.58,219.69,133.38,175.63,175.54,175.04,184.76,196.39,195.1,182.01
PSA,Public Storage,Real Estate,Self-Storage REITs,259.65,309.54,248.69,265.61,266.39,268.25,278.02,279.94,280.62,283.34
PHM,PulteGroup,Consumer Discretionary,Homebuilding,118.84,141.59,87.56,122.79,124.25,124.95,121.74,125.69,122.76,114.52
PWR,Quanta Services,Industrials,Construction & Engineering,428.0,473.99,226.97,427.58,442.62,448.14,442.41,417.11,411.9,371.36
QCOM,Qualcomm,Information Technology,Semiconductors,175.19,204.9,118.79,175.42,177.02,172.56,170.96,164.87,163.2,156.91
DGX,Quest Diagnostics,Health Care,Health Care Services,175.79,197.55,146.3,178.76,179.89,183.38,183.22,181.58,179.49,176.16
RL,Ralph Lauren Corporation,Consumer Discretionary,"Apparel, Accessories & Luxury Goods",362.77,380.0,175.49,367.91,364.71,362.26,340.68,322.52,315.19,286.64
RJF,Raymond James Financial,Financials,Investment Banking & Brokerage,161.96,177.15,116.85,161.6,163.18,160.04,160.43,163.89,162.92,154.87
RTX,RTX Corporation,Industrials,Aerospace & Defense,182.9,183.24,110.77,180.09,177.47,174.27,172.68,165.42,161.94,150.26
O,Realty Income,Real Estate,Retail REITs,56.65,60.33,48.85,57.34,57.27,57.3,57.56,57.77,57.4,56.35
REG,Regency Centers,Real Estate,Retail REITs,68.69,75.09,61.52,67.97,67.45,68.54,69.31,69.94,69.73,69.68
REGN,Regeneron Pharmaceuticals,Health Care,Biotechnology,763.24,790.98,475.17,752.14,737.09,744.86,677.48,624.84,609.33,599.52
RF,Regions Financial Corporation,Financials,Regional Banks,27.57,27.98,17.18,27.5,27.31,26.38,25.04,25.46,25.25,23.49
RSG,Republic Services,Industrials,Environmental & Facilities Services,213.38,257.43,197.66,214.18,212.41,214.17,214.29,221.99,225.84,232.32
RMD,ResMed,Health Care,Health Care Equipment,244.54,293.11,198.6,246.69,248.62,250.64,253.88,265.83,264.69,252.74
RVTY,Revvity,Health Care,Health Care Equipment,95.88,128.0,81.3,96.85,99.07,100.8,96.36,92.16,93.27,94.86
ROK,Rockwell Automation,Industrials,Electrical Components & Equipment,395.36,415.89,212.49,395.85,401.05,397.23,376.33,359.47,356.16,325.71
ROL,"Rollins, Inc.",Industrials,Environmental & Facilities Services,60.43,61.84,44.8,60.07,59.72,60.31,58.51,57.81,57.41,56.43
ROP,Roper Technologies,Information Technology,Electronic Equipment & Instruments,446.16,592.47,435.42,447.26,445.76,445.28,458.88,488.95,502.61,526.3
ROST,Ross Stores,Consumer Discretionary,Apparel Retail,181.73,185.85,121.41,182.74,181.56,178.91,166.62,157.11,152.01,145.9
RCL,Royal Caribbean Group,Consumer Discretionary,"Hotels, Resorts & Cruise Lines",294.81,365.38,163.05,287.03,275.48,269.36,277.33,302.7,308.68,278.39
SPGI,S&P Global,Financials,Financial Exchanges & Data,510.33,576.91,424.77,505.42,499.99,497.56,491.66,510.76,513.47,506.42
CRM,Salesforce,Information Technology,Application Software,257.57,364.71,221.6,256.36,258.9,247.31,246.81,245.54,249.57,256.59
SBAC,SBA Communications,Real Estate,Telecom Tower REITs,190.22,241.44,184.43,190.93,190.86,191.08,193.22,198.74,205.13,211.96
SLB,Schlumberger,Energy,Oil & Gas Equipment & Services,38.15,43.29,30.37,38.26,38.76,37.62,36.06,35.08,34.97,35.14
STX,Seagate Technology,Information Technology,"Technology Hardware, Storage & Peripherals",304.74,308.93,62.66,289.62,291.08,277.63,259.34,224.28,208.79,166.86
SRE,Sempra,Utilities,Multi-Utilities,87.05,95.03,60.49,87.52,87.87,89.66,90.75,86.87,84.63,79.69
NOW,ServiceNow,Information Technology,Systems Software,154.15,239.62,135.73,154.65,163.22,164.03,172.42,177.21,181.32,181.83
SHW,Sherwin-Williams,Materials,Specialty Chemicals,320.21,378.76,306.78,325.97,326.24,332.69,334.75,344.13,343.73,343.86
SPG,Simon Property Group,Real Estate,Retail REITs,184.59,187.08,131.37,184.12,182.28,181.94,179.07,176.62,173.22,166.0
SWKS,Skyworks Solutions,Information Technology,Semiconductors,64.36,91.61,46.48,65.25,66.8,66.51,69.37,71.51,71.78,69.2
SJM,J.M. Smucker Company (The),Consumer Staples,Packaged Foods & Meats,98.61,117.94,91.46,100.15,100.3,101.24,102.95,105.47,104.93,106.27
SW,Smurfit Westrock,Materials,Paper & Plastic Packaging Products & Materials,38.22,54.55,32.73,38.02,37.38,36.32,37.53,40.76,41.78,42.07
SNA,Snap-on,Industrials,Industrial Machinery & Supplies & Components,346.92,356.07,283.93,347.86,348.04,344.35,339.28,333.6,330.26,324.93
SOLV,Solventum,Health Care,Health Care Technology,80.97,88.2,60.7,80.82,81.45,83.21,76.56,74.65,74.66,73.49
SO,Southern Company,Utilities,Electric Utilities,85.58,100.02,77.85,86.31,85.58,87.23,90.93,91.8,91.75,90.3
LUV,Southwest Airlines,Industrials,Passenger Airlines,41.1,43.54,23.55,41.34,40.45,37.72,34.38,32.98,33.25,32.12
SWK,Stanley Black & Decker,Industrials,Industrial Machinery & Supplies & Components,72.4,87.08,52.01,72.84,73.65,71.95,68.82,70.87,70.52,68.79
SBUX,Starbucks,Consumer Discretionary,Restaurants,88.66,115.04,73.95,86.75,85.34,85.46,84.17,85.05,86.52,86.89
STT,State Street Corporation,Financials,Asset Management & Custody Banks,128.35,131.36,71.77,127.84,127.56,123.07,118.68,115.55,114.03,104.85
STLD,Steel Dynamics,Materials,Steel,174.32,176.98,102.41,171.94,170.75,168.28,158.76,145.59,142.66,136.4
STE,Steris,Health Care,Health Care Equipment,254.95,268.6,199.47,253.05,254.71,259.01,251.92,247.69,244.26,238.83
SYK,Stryker Corporation,Health Care,Health Care Equipment,355.46,403.95,327.71,353.63,353.18,361.11,365.16,372.51,376.62,374.33
SMCI,Supermicro,Information Technology,"Technology Hardware, Storage & Peripherals",31.09,66.44,25.71,30.67,32.5,32.93,40.8,43.88,45.37,42.66
SYF,Synchrony Financial,Financials,Consumer Finance,84.29,86.22,39.98,83.56,83.3,80.49,75.88,74.32,73.28,66.15
SNPS,Synopsys,Information Technology,Application Software,468.73,651.73,365.74,459.59,463.56,447.12,434.88,491.54,506.24,488.57
SYY,Sysco,Consumer Staples,Food Distributors,74.66,83.13,66.22,75.21,74.35,74.65,75.68,78.02,77.83,75.48
TMUS,T-Mobile US,Communication Services,Wireless Telecommunication Services,198.09,273.15,194.01,198.38,198.35,203.14,210.63,226.16,227.44,234.27
TROW,T. Rowe Price,Financials,Asset Management & Custody Banks,102.96,115.38,74.96,103.54,103.47,102.5,101.81,102.73,102.12,97.13
TTWO,Take-Two Interactive,Communication Services,Interactive Home Entertainment,247.7,264.79,177.35,244.8,244.99,244.62,247.58,244.2,242.36,234.22
TPR,"Tapestry, Inc.",Consumer Discretionary,"Apparel, Accessories & Luxury Goods",125.05,127.54,57.71,123.86,121.92,115.95,111.74,109.47,107.12,94.53
TRGP,Targa Resources,Energy,Oil & Gas Storage & Transportation,178.4,213.78,143.19,179.62,181.08,177.26,166.02,165.14,165.65,167.68
TGT,Target Corporation,Consumer Staples,Consumer Staples Merchandise Retail,97.29,138.95,83.44,98.03,96.55,93.06,91.34,92.4,94.07,94.57
TEL,TE Connectivity,Information Technology,Electronic Manufacturing Services,230.22,250.67,115.38,227.31,232.95,228.79,232.36,221.0,212.7,188.62
TDY,Teledyne Technologies,Information Technology,Electronic Equipment & Instruments,510.51,595.99,419.0,507.72,512.28,506.88,520.21,538.3,537.33,517.44
TER,Teradyne,Information Technology,Semiconductor Materials & Equipment,195.4,205.0,65.55,191.61,196.24,189.01,171.75,146.11,135.51,115.18
TSLA,"Tesla, Inc.",Consumer Discretionary,Automobile Manufacturers,482.17,495.28,214.25,479.6,463.61,443.85,439.27,405.09,387.57,350.13
TXN,Texas Instruments,Information Technology,Semiconductors,177.75,218.15,136.55,176.79,178.72,174.6,168.84,177.6,183.02,179.33
TPL,Texas Pacific Land Corporation,Energy,Oil & Gas Exploration & Production,896.57,1455.48,807.7,867.06,874.17,878.82,914.64,915.56,934.97,1054.76
TXT,Textron,Industrials,Aerospace & Defense,89.82,89.92,57.66,87.9,86.68,84.71,82.53,81.99,82.06,78.38
TMO,Thermo Fisher Scientific,Health Care,Life Sciences Tools & Services,565.66,608.82,384.82,567.34,569.08,576.79,567.09,526.6,507.87,482.26
TJX,TJX Companies,Consumer Discretionary,Apparel Retail,154.6,157.83,111.06,155.39,155.17,153.21,147.4,142.24,138.52,133.03
TKO,TKO Group Holdings,Communication Services,Movies & Entertainment,212.57,216.14,131.77,210.78,206.07,198.73,190.57,189.43,185.75,174.34
TTD,Trade Desk (The),Communication Services,Advertising,37.15,135.7,35.65,36.89,37.61,38.5,44.09,49.6,55.29,57.84
TSCO,Tractor Supply,Consumer Discretionary,Other Specialty Retail,51.39,63.47,46.26,52.56,52.51,53.2,53.96,56.34,56.27,54.3
TT,Trane Technologies,Industrials,Building Products,389.75,475.11,296.82,389.62,393.81,402.76,415.19,417.1,422.0,406.21
TDG,TransDigm Group,Industrials,Aerospace & Defense,1277.12,1519.36,1107.45,1272.84,1299.66,1323.56,1313.14,1314.53,1341.47,1325.41
TRV,Travelers Companies (The),Financials,Property & Casualty Insurance,291.73,295.68,226.54,291.37,286.02,286.89,279.08,275.28,271.82,267.26
TRMB,Trimble Inc.,Information Technology,Electronic Equipment & Instruments,81.29,87.5,52.91,80.15,81.0,81.09,79.59,80.53,80.49,75.47
TFC,Truist Financial,Financials,Diversified Banks,49.91,50.5,32.34,49.89,49.42,47.99,45.36,44.94,44.67,42.23
TYL,Tyler Technologies,Information Technology,Application Software,458.57,661.31,445.64,452.47,454.11,459.9,475.21,512.98,524.2,540.25
TSN,Tyson Foods,Consumer Staples,Packaged Foods & Meats,58.49,62.66,50.12,58.59,58.22,57.46,54.26,54.42,54.28,55.29
USB,U.S. Bancorp,Financials,Diversified Banks,53.92,54.41,34.43,53.74,53.22,51.37,48.66,47.95,47.52,45.07
UBER,Uber,Industrials,Passenger Ground Transportation,79.0,101.99,59.75,80.12,83.7,85.43,90.19,92.39,92.37,87.64
UDR,"UDR, Inc.",Real Estate,Multi-Family Residential REITs,35.78,44.96,32.94,35.91,35.57,35.7,35.34,36.43,37.13,38.56
ULTA,Ulta Beauty,Consumer Discretionary,Other Specialty Retail,597.49,611.9,309.01,591.59,594.58,562.08,539.39,533.17,523.44,475.55
UNP,Union Pacific Corporation,Industrials,Rail Transportation,234.4,250.85,200.99,236.38,236.04,233.11,225.64,224.05,224.8,223.52
UAL,United Airlines Holdings,Industrials,Passenger Airlines,113.4,116.0,52.0,111.34,108.99,105.19,99.94,99.89,97.14,88.34
UPS,United Parcel Service,Industrials,Air Freight & Logistics,101.98,128.18,80.6,101.04,99.88,97.58,92.89,88.39,90.11,92.85
URI,United Rentals,Industrials,Trading Companies & Distributors,808.66,1019.33,522.49,806.17,807.15,807.35,857.95,894.9,876.73,792.07
UNH,UnitedHealth Group,Health Care,Managed Health Care,327.44,594.32,231.57,332.5,331.67,328.57,335.51,323.48,316.98,350.18
UHS,Universal Health Services,Health Care,Health Care Facilities,227.26,246.13,152.04,224.68,224.49,230.71,222.47,204.35,198.16,191.1
VLO,Valero Energy,Energy,Oil & Gas Refining & Marketing,161.98,184.46,96.76,163.51,168.26,172.05,170.35,161.02,157.19,144.32
VTR,Ventas,Real Estate,Health Care REITs,79.69,81.89,55.47,79.09,78.93,79.45,75.83,71.89,70.36,68.31
VLTO,Veralto,Industrials,Environmental & Facilities Services,100.49,109.99,83.69,100.19,99.42,100.39,100.48,103.5,103.27,100.67
VRSN,Verisign,Information Technology,Internet Services & Infrastructure,244.38,308.75,189.47,243.2,243.79,247.6,248.92,261.66,266.16,264.51
VRSK,Verisk Analytics,Industrials,Research & Consulting Services,219.3,321.9,197.0,218.58,217.99,220.61,223.91,242.03,254.04,270.94
VZ,Verizon,Communication Services,Integrated Telecommunication Services,39.97,45.09,35.79,40.56,40.53,40.71,40.35,41.56,41.54,41.68
VRTX,Vertex Pharmaceuticals,Health Care,Biotechnology,451.15,519.68,362.5,451.74,448.04,443.07,430.06,413.18,423.13,441.1
VTRS,Viatris,Health Care,Pharmaceuticals,11.94,12.13,6.6,11.74,11.58,11.13,10.61,10.23,9.98,9.35
VICI,Vici Properties,Real Estate,Hotel & Resort REITs,27.72,33.01,26.43,28.04,27.82,27.93,29.15,30.56,30.85,30.72
V,Visa Inc.,Financials,Transaction & Payment Processing Services,348.39,374.11,297.39,346.16,340.33,335.57,337.4,340.11,342.3,343.26
VST,Vistra Corp.,Utilities,Electric Utilities,163.95,219.82,90.3,166.36,167.26,170.19,182.06,191.5,191.68,172.17
VMC,Vulcan Materials Company,Materials,Construction Materials,292.42,311.21,213.97,290.97,293.37,292.83,292.08,292.43,287.06,273.31
WRB,W. R. Berkley Corporation,Financials,Property & Casualty Insurance,69.63,77.72,54.51,69.19,68.04,70.63,72.64,72.13,71.42,70.23
GWW,W. W. Grainger,Industrials,Industrial Machinery & Supplies & Components,1018.86,1129.04,887.81,1022.01,1007.83,980.88,962.85,970.83,983.77,997.6
WAB,Wabtec,Industrials,Construction Machinery & Heavy Transportation Equipment,214.86,220.89,151.24,213.93,213.92,211.07,204.47,198.54,200.36,195.95
WMT,Walmart,Consumer Staples,Consumer Staples Merchandise Retail,114.46,117.45,79.27,115.43,115.02,112.61,107.27,104.1,102.53,98.81
DIS,Walt Disney Company (The),Communication Services,Movies & Entertainment,111.17,123.85,79.22,111.16,109.86,106.86,108.66,111.7,113.48,108.77
WBD,Warner Bros. Discovery,Communication Services,Broadcasting,28.16,30.0,7.52,28.52,28.71,26.38,23.26,19.07,17.68,14.62
WM,Waste Management,Industrials,Environmental & Facilities Services,217.5,239.91,193.36,218.56,214.92,214.8,210.69,216.31,218.23,222.1
WAT,Waters Corporation,Health Care,Life Sciences Tools & Services,375.29,423.56,275.05,378.53,384.49,392.34,371.7,335.24,332.62,339.18
WEC,WEC Energy Group,Utilities,Electric Utilities,104.46,117.25,88.91,104.84,104.46,106.95,110.58,109.72,108.65,107.04
WFC,Wells Fargo,Financials,Diversified Banks,92.83,94.26,57.46,92.4,91.7,89.12,86.45,83.29,82.78,78.17
WELL,Welltower,Real Estate,Health Care REITs,187.67,209.05,120.99,189.04,190.46,197.16,188.3,178.03,173.52,163.75
WST,West Pharmaceutical Services,Health Care,Health Care Supplies,270.42,347.77,186.94,269.3,268.87,273.12,273.71,262.61,255.85,240.98
WDC,Western Digital,Information Technology,"Technology Hardware, Storage & Peripherals",184.85,188.77,28.72,174.55,175.75,166.61,151.61,122.73,111.47,86.75
WY,Weyerhaeuser,Real Estate,Timber REITs,23.72,30.64,20.96,23.54,23.17,22.49,22.67,23.82,24.16,24.97
WSM,"Williams-Sonoma, Inc.",Consumer Discretionary,Homefurnishing Retail,191.48,217.31,128.49,187.49,186.14,182.43,186.56,192.0,188.03,176.82
WMB,Williams Companies,Energy,Oil & Gas Storage & Transportation,58.4,65.01,50.16,58.76,59.64,60.03,59.67,59.22,58.97,58.32
WTW,Willis Towers Watson,Financials,Insurance Brokers,330.78,352.79,291.3,330.16,326.09,322.5,324.04,328.61,323.98,320.06
WDAY,"Workday, Inc.",Information Technology,Application Software,219.37,283.68,205.33,216.89,219.9,219.66,227.44,228.77,230.13,235.54
WYNN,Wynn Resorts,Consumer Discretionary,Casinos & Gaming,127.47,134.72,64.8,126.34,125.52,126.61,123.28,121.35,118.23,105.4
XEL,Xcel Energy,Utilities,Multi-Utilities,72.96,83.01,61.07,73.83,74.51,77.04,79.26,76.72,75.19,72.62
XYL,Xylem Inc.,Industrials,Industrial Machinery & Supplies & Components,137.85,153.83,99.59,137.45,137.82,139.12,143.69,143.11,140.55,132.86
YUM,Yum! Brands,Consumer Discretionary,Restaurants,154.09,160.96,119.81,153.36,149.54,149.69,146.87,146.45,146.49,146.47
ZBRA,Zebra Technologies,Information Technology,Electronic Equipment & Instruments,251.51,427.76,205.73,256.99,262.78,257.78,265.88,289.72,296.52,287.54
ZBH,Zimmer Biomet,Health Care,Health Care Equipment,90.4,113.87,85.33,91.38,92.17,93.19,95.06,97.86,97.06,98.04
ZTS,Zoetis,Health Care,Pharmaceuticals,122.89,175.6,115.25,122.42,120.04,122.12,128.98,138.81,141.72,148.06
