Symbol,Company,GICS_Sector,GICS_Sub_Industry,Current_Price,52_Week_High,52_Week_Low,SMA_5,SMA_10,SMA_20,SMA_50,SMA_100,SMA_125,SMA_200
MMM,3M,Industrials,Industrial Conglomerates,169.12,174.69,120.31,171.26,170.09,168.43,162.31,157.66,155.84,150.91
AOS,A. O. Smith,Industrials,Building Products,67.14,76.52,57.94,66.48,65.66,65.4,67.65,69.52,68.7,67.4
ABT,Abbott Laboratories,Health Care,Health Care Equipment,125.05,139.33,109.21,126.71,126.94,127.42,128.62,129.36,130.08,130.04
ABBV,AbbVie,Health Care,Biotechnology,228.05,243.06,160.33,227.09,229.02,228.55,227.48,215.36,209.42,202.17
ACN,Accenture,Information Technology,IT Consulting & Other Services,269.46,394.41,229.4,262.15,254.41,249.0,247.07,251.4,261.04,280.36
ADBE,Adobe Inc.,Information Technology,Application Software,328.71,557.9,311.59,324.26,321.37,324.97,337.5,346.6,354.45,370.16
AMD,Advanced Micro Devices,Information Technology,Semiconductors,215.35,267.08,76.48,217.1,213.07,226.57,223.38,194.37,182.43,152.58
AES,AES Corporation,Utilities,Independent Power Producers & Energy Traders,13.91,15.32,9.16,13.93,13.85,13.91,13.99,13.48,12.99,12.12
AFL,Aflac,Financials,Life & Health Insurance,109.15,115.24,95.64,109.38,110.1,111.41,109.91,107.04,106.02,105.57
A,Agilent Technologies,Health Care,Life Sciences Tools & Services,147.28,160.27,96.03,149.79,151.04,148.92,143.67,132.0,129.3,123.54
APD,Air Products,Materials,Industrial Gases,262.26,334.71,235.55,260.26,258.42,258.29,257.95,273.47,275.0,276.4
ABNB,Airbnb,Consumer Discretionary,"Hotels, Resorts & Cruise Lines",120.78,163.93,99.88,119.04,117.07,118.36,121.62,125.05,127.1,127.21
AKAM,Akamai Technologies,Information Technology,Internet Services & Infrastructure,86.65,103.75,67.51,87.74,88.36,87.29,79.92,78.36,78.48,78.65
ALB,Albemarle Corporation,Materials,Specialty Chemicals,119.0,132.9,48.84,126.39,123.32,116.7,102.4,90.07,84.87,77.13
ARE,Alexandria Real Estate Equities,Real Estate,Office REITs,46.7,103.12,46.1,51.14,51.29,52.01,64.88,72.01,72.14,75.21
ALGN,Align Technology,Health Care,Health Care Supplies,156.13,246.19,122.0,151.19,146.97,141.89,135.92,143.41,152.59,160.56
ALLE,Allegion,Industrials,Building Products,161.14,180.68,116.14,164.11,163.69,163.98,169.58,168.63,163.55,151.81
LNT,Alliant Energy,Utilities,Electric Utilities,65.75,69.59,54.52,67.14,67.75,67.64,67.34,65.84,64.71,63.25
ALL,Allstate,Financials,Property & Casualty Insurance,206.71,214.88,173.06,209.24,210.62,208.59,203.72,202.22,200.67,199.48
GOOGL,Alphabet Inc. (Class A),Communication Services,Interactive Media & Services,316.94,328.83,140.23,317.49,313.85,299.37,273.17,242.95,229.44,204.49
GOOG,Alphabet Inc. (Class C),Communication Services,Interactive Media & Services,317.82,328.67,142.36,317.94,314.17,299.81,273.75,243.58,230.15,205.62
MO,Altria,Consumer Staples,Tobacco,58.22,67.51,47.59,58.72,58.43,58.27,61.51,62.37,61.49,59.38
AMZN,Amazon,Consumer Discretionary,Broadline Retail,228.85,258.6,161.38,232.55,228.57,233.26,228.16,227.86,225.87,214.76
AMCR,Amcor,Materials,Paper & Plastic Packaging Products & Materials,8.32,10.34,7.67,8.45,8.47,8.45,8.22,8.56,8.72,8.97
AEE,Ameren,Utilities,Multi-Utilities,101.0,106.73,84.54,102.67,103.7,104.1,103.82,101.82,100.45,99.02
AEP,American Electric Power,Utilities,Electric Utilities,117.91,124.8,86.88,119.9,120.76,121.32,117.87,113.53,111.13,107.91
AXP,American Express,Financials,Consumer Finance,370.76,377.23,219.32,365.03,360.44,359.9,349.46,332.24,327.47,307.44
AIG,American International Group,Financials,Multi-line Insurance,77.11,87.1,68.15,76.78,76.17,76.57,78.42,78.76,79.71,80.35
AMT,American Tower,Real Estate,Telecom Tower REITs,178.6,232.28,168.28,177.62,178.74,179.93,184.41,194.77,199.15,202.65
AWK,American Water Works,Utilities,Water Utilities,128.41,152.71,115.89,130.24,130.38,130.08,134.2,137.3,137.7,138.69
AMP,Ameriprise Financial,Financials,Asset Management & Custody Banks,473.89,574.69,392.21,462.29,455.3,455.72,469.12,487.89,494.67,492.46
AME,Ametek,Industrials,Electrical Components & Equipment,199.16,204.15,144.53,197.83,196.29,195.45,190.69,187.4,185.8,181.08
AMGN,Amgen,Health Care,Biotechnology,339.42,346.38,245.31,341.23,339.74,335.44,309.04,297.88,295.47,292.32
APH,Amphenol,Information Technology,Electronic Components,139.65,144.37,56.27,139.98,137.63,137.66,132.38,121.59,116.49,100.1
ADI,Analog Devices,Information Technology,Semiconductors,275.97,279.49,157.31,271.81,256.59,244.94,241.5,240.11,239.23,226.53
AON,Aon plc,Financials,Insurance Brokers,347.14,411.24,322.37,348.48,348.3,347.9,348.74,356.06,355.61,363.2
APA,APA Corporation,Energy,Oil & Gas Exploration & Production,26.67,27.18,13.04,25.87,24.98,24.65,23.81,22.34,21.67,20.11
APO,Apollo Global Management,Financials,Asset Management & Custody Banks,136.44,186.86,101.44,133.25,131.4,130.22,127.9,134.18,135.13,134.58
AAPL,Apple Inc.,Information Technology,"Technology Hardware, Storage & Peripherals",280.05,288.62,168.63,282.47,278.05,274.26,264.98,245.64,237.28,227.57
AMAT,Applied Materials,Information Technology,Semiconductor Materials & Equipment,269.19,272.76,122.8,262.03,247.77,238.48,228.62,202.6,198.53,181.35
APTV,Aptiv,Consumer Discretionary,Automotive Parts & Equipment,76.24,88.8,47.19,77.26,75.88,77.82,81.79,78.64,76.78,71.04
ACGL,Arch Capital Group,Financials,Property & Casualty Insurance,92.04,100.48,82.45,92.91,92.88,91.92,90.15,89.93,89.95,90.94
ADM,Archer Daniels Midland,Consumer Staples,Agricultural Products & Services,59.2,64.46,39.88,60.11,59.6,58.61,59.9,59.15,57.74,53.47
ANET,Arista Networks,Information Technology,Communications Equipment,128.46,164.94,59.43,128.45,125.42,128.36,141.06,136.76,129.12,112.45
AJG,Arthur J. Gallagher & Co.,Financials,Insurance Brokers,245.1,349.78,239.47,245.68,247.41,250.66,272.33,285.17,291.38,306.4
AIZ,Assurant,Financials,Multi-line Insurance,224.21,231.13,172.97,224.12,225.18,224.67,218.04,210.53,207.09,203.72
T,AT&T,Communication Services,Integrated Telecommunication Services,25.35,29.47,20.72,25.6,25.68,25.48,25.77,26.99,27.09,26.87
ATO,Atmos Energy,Utilities,Gas Utilities,171.21,179.62,133.05,172.11,173.21,174.33,173.43,167.26,164.15,159.31
ADSK,Autodesk,Information Technology,Application Software,305.37,329.09,232.67,306.26,299.47,298.05,305.28,304.58,303.86,292.85
ADP,Automatic Data Processing,Industrials,Human Resource & Employment Services,259.59,326.59,247.18,257.63,255.1,254.0,270.27,284.87,288.99,293.96
AZO,AutoZone,Consumer Discretionary,Automotive Retail,3844.92,4388.11,3162.0,3879.19,3891.12,3837.2,3923.13,3986.53,3923.9,3822.7
AVB,AvalonBay Communities,Real Estate,Multi-Family Residential REITs,179.2,224.32,166.73,180.69,180.51,178.89,182.88,187.28,190.13,195.46
AVY,Avery Dennison,Materials,Paper & Plastic Packaging Products & Materials,174.52,202.13,154.46,172.88,170.66,171.12,168.15,168.96,170.54,171.89
AXON,Axon Enterprise,Industrials,Aerospace & Defense,551.2,885.92,469.24,541.17,533.41,548.49,646.06,703.1,718.5,676.42
BKR,Baker Hughes,Energy,Oil & Gas Equipment & Services,50.63,51.12,33.06,50.19,49.62,48.87,47.94,46.11,44.61,42.58
BALL,Ball Corporation,Materials,"Metal, Glass & Plastic Containers",48.7,61.93,43.01,48.85,48.89,48.13,48.37,50.79,51.9,51.47
BAC,Bank of America,Financials,Diversified Banks,54.1,54.69,32.69,53.65,52.82,52.82,52.04,50.31,49.47,46.31
BAX,Baxter International,Health Care,Health Care Equipment,18.38,37.25,17.39,18.78,18.54,18.34,20.55,22.57,24.07,26.83
BDX,Becton Dickinson,Health Care,Health Care Equipment,192.91,248.0,161.47,192.56,192.54,190.2,187.82,187.45,184.44,190.19
BBY,Best Buy,Consumer Discretionary,Computer & Electronics Retail,74.03,88.15,53.55,75.96,76.63,76.64,77.97,74.31,73.3,71.85
TECH,Bio-Techne,Health Care,Life Sciences Tools & Services,63.28,78.83,45.8,63.66,63.25,61.02,60.66,57.18,56.04,55.34
BIIB,Biogen,Health Care,Biotechnology,180.75,185.17,110.04,180.55,177.29,169.08,156.11,145.71,142.67,138.01
BLK,BlackRock,Financials,Asset Management & Custody Banks,1073.43,1219.94,766.05,1055.83,1037.57,1048.74,1103.92,1110.98,1094.11,1031.62
BX,Blackstone Inc.,Financials,Asset Management & Custody Banks,151.09,188.42,113.15,148.42,145.3,143.53,152.33,162.15,158.92,151.16
XYZ,"Block, Inc.",Financials,Transaction & Payment Processing Services,61.73,99.26,44.27,62.82,62.86,63.24,71.06,73.67,72.13,66.81
BK,BNY Mellon,Financials,Asset Management & Custody Banks,113.71,114.43,69.31,112.56,110.43,110.02,108.25,105.42,102.44,95.01
BA,Boeing,Industrials,Aerospace & Defense,201.57,242.69,128.88,196.99,189.25,191.27,205.11,216.03,215.16,201.32
BKNG,Booking Holdings,Consumer Discretionary,"Hotels, Resorts & Cruise Lines",5038.49,5829.37,4082.14,5005.45,4907.18,4924.85,5097.91,5325.44,5371.38,5189.03
BSX,Boston Scientific,Health Care,Health Care Equipment,97.38,109.5,85.98,99.51,99.14,100.18,99.22,101.61,101.84,101.47
BMY,Bristol Myers Squibb,Health Care,Pharmaceuticals,51.75,61.0,42.38,49.87,48.76,48.05,45.85,46.0,46.12,48.17
AVGO,Broadcom,Information Technology,Semiconductors,380.09,403.0,137.54,386.26,377.89,363.47,354.43,332.63,318.67,273.84
BR,Broadridge Financial Solutions,Industrials,Data Processing & Outsourced Services,230.65,270.85,210.73,228.67,228.09,225.88,228.87,240.11,239.75,237.79
BRO,Brown & Brown,Financials,Insurance Brokers,79.38,125.05,76.17,80.1,80.06,79.73,85.33,90.4,93.85,101.77
BLDR,Builders FirstSource,Industrials,Building Products,110.64,187.22,94.35,112.52,108.03,106.01,115.45,124.95,124.03,123.22
BG,Bunge Global,Consumer Staples,Agricultural Products & Services,94.53,98.82,65.12,95.67,95.22,95.04,91.24,85.52,84.08,80.55
BXP,"BXP, Inc.",Real Estate,Office REITs,70.5,79.1,52.95,71.55,71.22,70.97,71.9,70.87,70.5,68.22
CHRW,C.H. Robinson,Industrials,Air Freight & Logistics,158.15,162.79,83.72,159.3,156.82,154.07,141.85,130.66,123.63,112.77
CDNS,Cadence Design Systems,Information Technology,Application Software,336.97,376.45,221.56,322.5,312.97,314.72,329.6,339.04,332.93,310.9
CZR,Caesars Entertainment,Consumer Discretionary,Casinos & Gaming,23.01,40.0,18.25,23.23,22.32,21.11,22.29,24.4,25.26,26.29
CPT,Camden Property Trust,Real Estate,Multi-Family Residential REITs,104.56,123.08,97.17,105.7,105.44,103.75,103.23,105.81,107.26,110.12
CPB,Campbell's Company (The),Consumer Staples,Packaged Foods & Meats,29.18,44.2,29.03,30.0,30.37,30.65,30.73,31.48,31.4,33.27
COF,Capital One,Financials,Consumer Finance,229.31,230.96,141.84,224.0,217.08,214.72,215.22,216.49,214.63,201.61
CAH,Cardinal Health,Health Care,Health Care Distributors,198.35,214.93,112.98,204.69,207.89,206.36,180.37,166.32,165.41,154.98
KMX,CarMax,Consumer Discretionary,Automotive Retail,38.65,91.25,30.26,38.72,37.38,35.39,40.52,49.91,53.35,59.91
CCL,Carnival,Consumer Discretionary,"Hotels, Resorts & Cruise Lines",25.74,32.8,15.07,25.87,25.71,26.02,27.65,29.04,28.52,25.61
CARR,Carrier Global,Industrials,Building Products,54.62,80.78,50.3,54.39,53.17,54.36,56.68,61.92,64.07,64.67
CAT,Caterpillar Inc.,Industrials,Construction Machinery & Heavy Transportation Equipment,598.98,602.72,264.29,583.35,571.33,565.88,536.97,482.27,461.35,410.51
CBOE,Cboe Global Markets,Financials,Financial Exchanges & Data,253.84,262.98,186.22,255.11,255.34,256.58,247.22,244.24,241.24,232.56
CBRE,CBRE Group,Real Estate,Real Estate Services,161.1,171.0,108.45,160.78,159.47,155.88,155.93,156.57,152.76,143.16
CDW,CDW Corporation,Information Technology,Technology Distributors,144.21,219.61,135.03,143.86,142.38,142.32,149.59,158.63,161.98,164.1
COR,Cencora,Health Care,Health Care Distributors,335.24,377.54,222.21,350.05,359.35,360.94,337.59,314.81,310.56,297.17
CNC,Centene Corporation,Health Care,Managed Health Care,38.72,66.81,25.08,38.71,38.22,37.25,36.44,32.68,35.47,44.52
CNP,CenterPoint Energy,Utilities,Multi-Utilities,38.57,40.28,29.87,38.88,39.26,39.33,39.12,38.41,37.88,37.11
CF,CF Industries,Materials,Fertilizers & Agricultural Chemicals,79.29,103.22,66.16,79.03,78.56,80.65,84.27,85.64,87.41,84.18
CRL,Charles River Laboratories,Health Care,Life Sciences Tools & Services,184.4,202.72,91.86,179.61,175.52,171.6,173.4,166.61,163.81,155.83
SCHW,Charles Schwab Corporation,Financials,Investment Banking & Brokerage,94.75,99.14,65.3,93.25,92.03,93.2,93.61,94.34,93.42,88.3
CHTR,Charter Communications,Communication Services,Cable & Satellite,200.41,437.06,193.0,199.03,199.25,203.38,234.99,259.47,287.14,319.71
CVX,Chevron Corporation,Energy,Integrated Oil & Gas,151.81,163.27,127.59,151.46,150.54,151.91,152.34,152.63,150.94,147.67
CMG,Chipotle Mexican Grill,Consumer Discretionary,Restaurants,34.06,66.74,29.75,34.18,33.15,31.97,36.42,39.84,42.69,45.61
CB,Chubb Limited,Financials,Property & Casualty Insurance,293.73,305.88,250.52,294.67,295.94,294.17,285.58,279.64,280.47,282.92
CHD,Church & Dwight,Consumer Staples,Household Products,83.96,115.32,81.05,84.23,84.0,84.21,85.64,89.33,90.8,94.96
CI,Cigna,Health Care,Health Care Services,270.32,346.57,239.51,274.72,274.3,270.24,284.15,288.3,293.5,302.34
CINF,Cincinnati Financial,Financials,Property & Casualty Insurance,162.93,169.86,121.6,164.63,165.64,164.86,160.43,155.95,153.92,148.95
CTAS,Cintas,Industrials,Diversified Support Services,183.86,228.23,179.31,184.84,184.36,184.65,189.28,201.1,204.65,205.59
CSCO,Cisco,Information Technology,Communications Equipment,77.58,80.06,51.49,77.04,76.54,75.71,72.24,69.97,69.31,65.75
C,Citigroup,Financials,Diversified Banks,107.59,108.71,54.39,104.76,102.35,101.38,99.67,97.37,94.26,85.1
CFG,Citizens Financial Group,Financials,Regional Banks,55.71,56.04,31.67,54.95,53.87,52.66,51.79,50.62,49.19,45.35
CLX,Clorox,Consumer Staples,Household Products,105.22,165.17,98.2,106.13,105.49,104.53,112.15,117.13,117.96,125.42
CME,CME Group,Financials,Financial Exchanges & Data,272.57,288.09,221.44,276.97,276.67,277.49,271.3,270.83,271.06,268.48
CMS,CMS Energy,Utilities,Multi-Utilities,71.67,75.54,62.07,73.02,73.7,73.77,73.28,72.35,71.63,71.3
KO,Coca-Cola Company (The),Consumer Staples,Soft Drinks & Non-alcoholic Beverages,70.5,72.91,58.88,71.31,71.63,70.99,68.81,68.33,68.53,68.86
CTSH,Cognizant,Information Technology,IT Consulting & Other Services,80.06,89.37,64.7,78.43,76.89,74.7,70.74,70.9,72.3,74.06
COIN,Coinbase,Financials,Financial Exchanges & Data,275.36,444.65,142.58,269.64,260.18,274.12,316.8,325.6,325.61,281.92
CL,Colgate-Palmolive,Consumer Staples,Household Products,77.61,98.37,74.55,78.99,79.38,78.99,78.27,81.12,82.72,85.56
CMCSA,Comcast,Communication Services,Cable & Satellite,27.22,41.87,25.75,26.99,26.86,27.13,28.64,30.77,31.55,32.58
CAG,Conagra Brands,Consumer Staples,Packaged Foods & Meats,16.94,27.05,16.6,17.37,17.51,17.37,17.72,18.16,18.56,20.46
COP,ConocoPhillips,Energy,Oil & Gas Exploration & Production,92.89,104.07,77.84,90.59,88.91,88.55,89.2,91.24,91.26,90.9
ED,Consolidated Edison,Utilities,Multi-Utilities,96.26,112.03,84.37,97.56,98.68,99.13,98.99,99.12,99.11,100.86
STZ,Constellation Brands,Consumer Staples,Distillers & Vintners,137.44,239.24,126.45,137.53,135.09,132.34,134.83,146.16,149.79,160.9
CEG,Constellation Energy,Utilities,Electric Utilities,368.94,412.23,160.75,363.46,356.6,352.46,362.06,342.56,336.1,300.86
COO,Cooper Companies (The),Health Care,Health Care Supplies,77.13,106.63,61.78,76.86,76.3,73.83,71.79,71.13,71.27,74.92
CPRT,Copart,Industrials,Diversified Support Services,38.76,63.85,38.61,38.94,39.32,40.22,42.61,44.86,45.59,49.84
GLW,Corning Inc.,Information Technology,Electronic Components,85.71,92.26,36.82,84.01,82.67,83.55,84.44,75.39,70.56,61.25
CPAY,Corpay,Financials,Transaction & Payment Processing Services,297.05,400.81,252.84,296.79,292.24,286.05,283.69,300.97,307.05,317.36
CTVA,Corteva,Materials,Fertilizers & Agricultural Chemicals,66.29,77.02,53.0,66.2,65.84,65.35,64.09,68.04,69.18,66.82
CSGP,CoStar Group,Real Estate,Real Estate Services,68.23,97.43,63.82,68.45,67.96,67.78,73.42,81.56,81.62,80.03
COST,Costco,Consumer Staples,Consumer Staples Merchandise Retail,894.31,1073.82,868.14,912.83,904.52,909.06,920.1,937.6,946.94,959.74
CTRA,Coterra,Energy,Oil & Gas Exploration & Production,27.35,29.04,21.87,26.94,26.43,26.27,24.59,24.13,24.37,24.75
CRWD,CrowdStrike,Information Technology,Systems Software,513.91,566.9,298.0,513.58,508.06,522.22,513.84,479.2,481.22,450.27
CCI,Crown Castle,Real Estate,Telecom Tower REITs,88.45,114.47,81.02,88.97,89.39,90.3,93.38,96.87,97.51,97.63
CSX,CSX Corporation,Industrials,Rail Transportation,36.12,37.05,25.91,35.45,34.92,34.78,35.26,34.63,34.23,32.45
CMI,Cummins,Industrials,Construction Machinery & Heavy Transportation Equipment,511.26,515.64,256.13,502.94,492.81,480.41,445.74,416.66,398.1,366.47
CVS,CVS Health,Health Care,Health Care Services,76.34,85.15,41.77,77.68,77.87,78.2,78.37,73.1,71.55,68.65
DHR,Danaher Corporation,Health Care,Life Sciences Tools & Services,226.35,256.97,170.43,226.46,226.81,222.29,214.39,206.77,205.33,202.47
DRI,Darden Restaurants,Consumer Discretionary,Restaurants,176.01,224.86,154.97,176.3,175.8,174.83,181.43,192.41,196.87,196.97
DDOG,Datadog,Information Technology,Application Software,152.95,201.69,81.63,156.63,157.61,172.53,162.06,149.35,145.98,131.31
DVA,DaVita,Health Care,Health Care Services,116.9,179.6,113.97,118.65,118.98,119.73,124.14,130.4,132.39,136.8
DAY,Dayforce,Industrials,Human Resource & Employment Services,69.1,81.93,48.01,69.11,69.03,68.91,68.71,65.78,64.03,61.65
DECK,Deckers Brands,Consumer Discretionary,Footwear,95.86,223.98,78.91,92.53,88.5,85.35,91.6,101.1,101.63,107.84
DE,Deere & Company,Industrials,Agricultural & Farm Machinery,482.38,530.24,398.95,473.19,478.47,476.76,467.42,478.65,485.3,481.95
DELL,Dell Technologies,Information Technology,"Technology Hardware, Storage & Peripherals",138.39,168.08,65.33,134.68,129.97,132.5,143.63,136.7,133.27,119.73
DAL,Delta Air Lines,Industrials,Passenger Airlines,67.14,69.15,34.41,65.6,62.96,60.56,59.32,58.51,56.83,53.2
DVN,Devon Energy,Energy,Oil & Gas Exploration & Production,37.69,38.12,25.53,37.51,36.65,35.7,34.35,34.08,33.9,33.37
DXCM,Dexcom,Health Care,Health Care Equipment,65.15,93.25,54.11,64.29,62.65,60.41,64.12,71.61,74.05,75.17
FANG,Diamondback Energy,Energy,Oil & Gas Exploration & Production,159.29,175.92,111.64,156.48,151.91,148.79,144.95,142.91,142.67,141.55
DLR,Digital Realty,Real Estate,Data Center REITs,161.23,188.68,128.14,158.79,158.4,160.84,167.97,168.94,169.58,163.99
DG,Dollar General,Consumer Staples,Consumer Staples Merchandise Retail,124.2,124.88,65.27,112.59,107.97,104.91,102.82,105.74,107.03,99.87
DLTR,Dollar Tree,Consumer Staples,Consumer Staples Merchandise Retail,115.47,119.21,61.8,111.62,107.41,105.67,99.68,104.02,103.34,93.78
D,Dominion Energy,Utilities,Multi-Utilities,59.87,62.87,46.96,60.76,61.18,61.09,60.75,60.04,59.12,57.05
DPZ,Domino's,Consumer Discretionary,Restaurants,429.13,495.24,392.47,425.79,416.94,411.41,414.57,433.79,437.95,448.39
DASH,DoorDash,Consumer Discretionary,Specialized Consumer Services,221.12,285.5,155.4,212.91,202.14,202.53,239.35,245.43,242.78,223.63
DOV,Dover Corporation,Industrials,Industrial Machinery & Supplies & Components,190.29,219.84,141.82,187.64,185.25,183.03,175.12,176.51,177.58,177.04
DOW,Dow Inc.,Materials,Commodity Chemicals,22.86,41.4,19.82,23.63,22.93,22.4,22.53,23.14,24.08,26.48
DHI,D. R. Horton,Consumer Discretionary,Homebuilding,160.63,183.98,109.46,160.09,154.19,148.34,153.81,157.08,151.34,141.02
DTE,DTE Energy,Utilities,Multi-Utilities,132.15,143.79,113.52,133.44,134.76,136.11,138.43,137.61,136.4,134.8
DUK,Duke Energy,Utilities,Electric Utilities,117.94,128.91,101.53,120.19,121.37,122.15,123.49,121.99,120.54,118.6
DD,DuPont,Materials,Specialty Chemicals,39.79,41.02,22.13,39.73,39.0,39.2,35.7,33.44,32.59,31.21
EMN,Eastman Chemical Company,Materials,Specialty Chemicals,60.53,100.7,56.08,61.43,60.36,60.17,61.03,64.39,66.86,72.71
ETN,Eaton Corporation,Industrials,Electrical Components & Equipment,339.19,398.4,230.37,338.69,336.21,348.17,364.63,364.28,360.29,335.26
EBAY,eBay Inc.,Consumer Discretionary,Broadline Retail,82.07,100.76,58.09,82.5,81.81,82.68,87.5,88.79,86.24,79.21
ECL,Ecolab,Materials,Specialty Chemicals,264.05,285.35,220.55,269.46,269.33,263.87,268.25,269.88,269.2,262.91
EIX,Edison International,Utilities,Electric Utilities,57.43,81.69,46.27,57.78,58.23,58.07,56.46,55.01,53.86,53.96
EW,Edwards Lifesciences,Health Care,Health Care Equipment,85.38,87.4,65.94,85.2,85.35,85.07,80.5,79.46,78.84,76.66
EA,Electronic Arts,Communication Services,Interactive Home Entertainment,203.49,203.58,114.66,202.8,201.95,201.53,200.04,182.88,176.77,164.02
ELV,Elevance Health,Health Care,Managed Health Care,332.12,454.26,272.22,332.35,330.18,325.33,333.61,317.45,327.09,356.85
EMR,Emerson Electric,Industrials,Electrical Components & Equipment,136.45,149.03,88.93,133.7,131.14,129.94,131.07,133.28,132.99,124.64
ENPH,Enphase Energy,Information Technology,Semiconductor Materials & Equipment,31.08,78.26,25.78,29.4,28.24,28.89,32.73,34.51,35.84,42.23
ETR,Entergy,Utilities,Electric Utilities,94.48,97.93,71.14,94.76,94.81,95.09,94.95,91.47,89.37,86.54
EOG,EOG Resources,Energy,Oil & Gas Exploration & Production,111.9,134.2,99.8,110.01,108.13,108.11,108.19,113.05,114.32,114.49
EPAM,EPAM Systems,Information Technology,IT Consulting & Other Services,201.47,269.0,138.15,194.38,188.52,183.4,165.36,164.03,166.06,169.41
EQT,EQT Corporation,Energy,Oil & Gas Exploration & Production,60.06,61.61,41.77,60.24,58.79,58.97,56.25,54.07,54.58,53.45
EFX,Equifax,Industrials,Research & Consulting Services,211.34,279.27,198.73,210.21,210.77,208.71,221.76,234.86,240.04,242.67
EQIX,Equinix,Real Estate,Data Center REITs,727.58,967.65,689.25,734.85,744.09,769.86,790.9,783.46,790.47,808.12
EQR,Equity Residential,Real Estate,Multi-Family Residential REITs,61.71,73.58,58.19,61.78,61.18,60.29,61.44,62.97,63.74,65.37
ERIE,Erie Indemnity,Financials,Insurance Brokers,298.5,451.6,276.91,295.98,295.11,289.85,304.44,325.35,329.66,351.92
ESS,Essex Property Trust,Real Estate,Multi-Family Residential REITs,257.72,307.81,239.32,260.42,260.26,258.24,259.26,262.23,265.94,271.76
EL,Estée Lauder Companies (The),Consumer Staples,Personal Care Products,103.35,104.14,47.76,98.76,94.76,91.52,92.79,90.83,88.53,79.09
EG,Everest Group,Financials,Reinsurance,312.85,384.07,302.44,313.09,311.79,317.43,332.26,334.52,335.16,339.94
EVRG,Evergy,Utilities,Electric Utilities,73.89,78.59,57.4,75.18,75.75,75.74,76.16,73.3,72.05,69.5
ES,Eversource Energy,Utilities,Electric Utilities,66.86,75.25,51.06,66.57,65.93,69.21,71.23,67.94,67.08,64.32
EXC,Exelon,Utilities,Electric Utilities,43.88,48.09,34.68,45.25,45.6,45.69,45.98,44.75,44.24,43.98
EXE,Expand Energy,Energy,Oil & Gas Exploration & Production,121.86,124.89,90.25,121.2,118.68,117.33,109.68,103.49,105.12,105.01
EXPE,Expedia Group,Consumer Discretionary,"Hotels, Resorts & Cruise Lines",258.14,279.14,129.24,259.78,254.61,254.17,232.39,217.89,208.63,192.89
EXPD,Expeditors International,Industrials,Air Freight & Logistics,150.27,151.26,99.26,147.48,145.44,141.89,128.99,123.71,121.89,118.39
EXR,Extra Space Storage,Real Estate,Self-Storage REITs,131.37,163.25,118.4,132.25,131.75,131.7,138.68,140.0,141.4,142.14
XOM,ExxonMobil,Energy,Integrated Oil & Gas,116.94,119.76,95.18,116.53,116.2,116.79,114.35,111.74,111.25,109.1
FFIV,"F5, Inc.",Information Technology,Communications Equipment,243.32,346.0,223.76,240.04,237.47,237.03,277.18,296.26,295.8,287.34
FDS,FactSet,Financials,Financial Exchanges & Data,278.36,491.19,249.51,278.04,276.27,272.07,276.96,325.78,347.3,381.4
FICO,Fair Isaac,Information Technology,Application Software,1768.8,2400.0,1300.0,1776.87,1774.86,1759.77,1689.91,1577.62,1615.04,1710.66
FAST,Fastenal,Industrials,Trading Companies & Distributors,41.71,50.37,34.62,40.79,40.3,40.43,42.7,45.16,44.54,42.4
FRT,Federal Realty Investment Trust,Real Estate,Retail REITs,97.07,111.1,78.83,97.92,97.79,97.41,97.88,96.81,96.15,95.27
FDX,FedEx,Industrials,Air Freight & Logistics,274.35,289.89,191.82,272.84,271.34,267.5,252.01,239.91,237.49,233.03
FIS,Fidelity National Information Services,Financials,Transaction & Payment Processing Services,65.17,84.46,59.51,65.92,65.15,64.96,65.6,68.67,70.96,72.1
FITB,Fifth Third Bancorp,Financials,Regional Banks,45.38,46.19,31.68,44.25,43.39,42.88,42.85,43.12,42.61,40.65
FSLR,First Solar,Information Technology,Semiconductors,256.92,281.55,116.56,262.4,260.02,260.57,245.68,219.94,208.37,183.2
FE,FirstEnergy,Utilities,Electric Utilities,45.19,47.73,36.45,46.05,46.53,46.32,46.07,44.25,43.27,41.98
FI,Fiserv,Financials,Transaction & Payment Processing Services,66.95,238.59,59.56,63.03,61.84,62.61,94.47,117.09,127.45,154.81
F,Ford Motor Company,Consumer Discretionary,Automobile Manufacturers,13.1,13.81,8.11,13.12,13.01,13.08,12.56,11.91,11.68,10.9
FTNT,Fortinet,Information Technology,Systems Software,85.21,114.82,70.12,82.77,81.2,81.38,83.5,85.1,88.7,93.3
FTV,Fortive,Industrials,Industrial Machinery & Supplies & Components,53.27,62.51,45.35,53.22,52.84,52.01,50.43,49.48,50.17,51.59
FOXA,Fox Corporation (Class A),Communication Services,Broadcasting,67.46,67.54,45.36,66.41,65.7,65.64,62.68,60.25,59.22,56.81
FOX,Fox Corporation (Class B),Communication Services,Broadcasting,60.02,60.73,42.96,59.23,58.78,58.96,56.3,54.5,53.71,51.91
BEN,Franklin Resources,Financials,Asset Management & Custody Banks,23.11,25.72,15.81,22.74,22.33,22.31,22.67,23.58,23.48,21.89
FCX,Freeport-McMoRan,Materials,Copper,44.51,48.78,27.35,43.61,42.16,41.24,40.82,42.06,42.27,40.28
GRMN,Garmin,Consumer Discretionary,Consumer Electronics,202.07,261.69,167.87,198.18,195.04,195.75,223.92,228.08,224.04,216.02
IT,Gartner,Information Technology,IT Consulting & Other Services,231.2,584.01,222.54,231.05,231.04,229.9,241.18,257.84,286.16,342.91
GE,GE Aerospace,Industrials,Aerospace & Defense,291.27,316.67,158.62,291.2,291.81,298.42,300.69,288.03,279.87,252.5
GEHC,GE HealthCare,Health Care,Health Care Equipment,82.15,94.66,57.57,81.04,79.52,76.27,75.49,75.0,74.74,74.68
GEV,GE Vernova,Industrials,Heavy Electrical Equipment,629.05,677.01,251.84,601.85,586.59,579.31,590.4,605.32,586.05,502.5
GEN,Gen Digital,Information Technology,Systems Software,26.92,31.94,22.45,26.6,26.47,26.37,26.74,28.29,28.5,27.78
GNRC,Generac,Industrials,Electrical Components & Equipment,164.09,203.25,99.5,155.88,150.78,151.5,166.07,173.54,166.66,150.72
GD,General Dynamics,Industrials,Aerospace & Defense,339.68,360.5,235.63,337.51,338.66,341.95,340.44,328.11,319.8,299.35
GIS,General Mills,Consumer Staples,Packaged Foods & Meats,45.89,65.04,45.6,46.49,46.96,46.95,47.81,48.5,49.08,51.64
GM,General Motors,Consumer Discretionary,Automobile Manufacturers,74.69,74.92,41.36,73.53,71.83,70.95,65.65,60.68,58.55,54.27
GPC,Genuine Parts Company,Consumer Discretionary,Distributors,130.14,143.1,102.41,129.78,128.77,127.61,130.8,132.84,130.67,126.26
GILD,Gilead Sciences,Health Care,Biotechnology,122.66,128.7,86.73,124.35,125.33,124.46,120.43,117.0,115.46,111.99
GPN,Global Payments,Financials,Transaction & Payment Processing Services,79.42,117.56,65.53,78.01,75.68,75.29,80.86,82.79,81.95,83.58
GL,Globe Life,Financials,Life & Health Insurance,130.62,147.54,99.43,131.97,132.61,132.41,134.78,136.22,133.06,129.14
GDDY,GoDaddy,Information Technology,Internet Services & Infrastructure,130.04,216.0,121.94,128.85,127.42,128.52,131.4,141.22,148.22,159.78
GS,Goldman Sachs,Financials,Investment Banking & Brokerage,835.95,843.99,432.73,823.31,805.38,798.46,785.27,761.03,741.57,672.01
HAL,Halliburton,Energy,Oil & Gas Equipment & Services,27.73,30.92,18.31,26.88,26.22,26.61,25.47,23.59,23.15,22.71
HIG,Hartford (The),Financials,Property & Casualty Insurance,131.71,138.03,103.19,134.35,135.16,133.14,129.87,128.99,127.88,125.03
HAS,Hasbro,Consumer Discretionary,Leisure Products,81.7,83.45,47.63,82.22,81.07,78.96,76.45,76.66,75.6,69.74
HCA,HCA Healthcare,Health Care,Health Care Facilities,485.26,520.0,288.25,496.73,498.26,485.4,456.54,421.36,412.14,386.33
DOC,Healthpeak Properties,Real Estate,Health Care REITs,17.2,20.54,16.08,17.8,17.84,17.69,18.08,17.76,17.65,17.78
HSIC,Henry Schein,Health Care,Health Care Distributors,73.02,82.49,60.56,73.05,73.5,72.69,67.94,68.29,69.11,69.23
HSY,Hershey Company (The),Consumer Staples,Packaged Foods & Meats,181.94,201.43,135.68,183.7,184.79,179.93,181.64,181.72,178.72,172.94
HPE,Hewlett Packard Enterprise,Information Technology,"Technology Hardware, Storage & Peripherals",22.92,26.44,11.82,22.18,21.54,22.05,23.35,22.72,22.01,19.92
HLT,Hilton Worldwide,Consumer Discretionary,"Hotels, Resorts & Cruise Lines",273.12,287.4,195.7,280.52,278.61,274.33,266.77,268.46,266.97,255.54
HOLX,Hologic,Health Care,Health Care Equipment,74.86,80.31,51.9,74.9,74.74,74.5,71.94,69.27,68.39,65.24
HD,Home Depot (The),Consumer Discretionary,Home Improvement Retail,350.55,428.5,322.47,355.35,349.56,355.55,375.19,385.23,380.44,373.21
HON,Honeywell,Industrials,Industrial Conglomerates,192.35,225.29,166.32,192.28,190.92,193.36,194.89,199.96,202.92,200.33
HRL,Hormel Foods,Consumer Staples,Packaged Foods & Meats,24.07,32.43,21.03,23.39,23.08,22.68,23.14,25.08,26.05,27.18
HST,Host Hotels & Resorts,Real Estate,Hotel & Resort REITs,17.12,18.32,11.93,17.5,17.46,17.53,16.92,16.67,16.46,15.7
HWM,Howmet Aerospace,Industrials,Aerospace & Defense,195.67,211.83,104.84,197.91,199.32,201.86,197.9,189.8,187.16,169.71
HPQ,HP Inc.,Information Technology,"Technology Hardware, Storage & Peripherals",25.83,35.49,20.76,25.0,24.42,24.47,26.12,26.39,26.04,26.31
HUBB,Hubbell Incorporated,Industrials,Industrial Machinery & Supplies & Components,437.08,482.66,296.56,430.64,425.78,432.99,432.96,432.26,426.04,399.37
HUM,Humana,Health Care,Managed Health Care,254.22,314.25,206.15,248.22,240.46,240.05,262.55,265.27,259.36,257.49
HBAN,Huntington Bancshares,Financials,Regional Banks,17.04,17.93,11.7,16.7,16.3,15.96,16.07,16.48,16.47,15.79
HII,Huntington Ingalls Industries,Industrials,Aerospace & Defense,316.01,328.55,155.24,310.54,309.22,310.47,298.59,282.37,273.63,248.46
IBM,IBM,Information Technology,IT Consulting & Other Services,306.83,324.9,209.2,305.1,302.51,303.23,294.91,273.89,275.61,264.45
IEX,IDEX Corporation,Industrials,Industrial Machinery & Supplies & Components,179.04,228.47,151.55,176.18,173.19,169.61,167.3,166.76,168.99,172.68
IDXX,Idexx Laboratories,Health Care,Health Care Equipment,717.15,769.98,356.14,731.53,734.77,716.66,671.53,645.13,622.37,558.06
ITW,Illinois Tool Works,Industrials,Industrial Machinery & Supplies & Components,249.08,273.07,212.05,248.85,247.3,245.58,248.95,254.24,252.95,249.4
INCY,Incyte,Health Care,Biotechnology,100.39,109.28,53.56,101.97,103.11,104.18,95.04,87.91,84.09,76.42
IR,Ingersoll Rand,Industrials,Industrial Machinery & Supplies & Components,79.82,105.55,65.56,79.66,78.84,77.42,78.65,79.77,80.69,80.21
PODD,Insulet Corporation,Health Care,Health Care Equipment,315.83,354.88,230.05,314.08,320.76,325.38,320.51,318.51,315.28,300.56
INTC,Intel,Information Technology,Semiconductors,40.2,44.02,17.67,41.6,38.46,37.49,37.47,30.57,28.87,26.1
ICE,Intercontinental Exchange,Financials,Financial Exchanges & Data,158.37,188.82,141.12,156.96,155.61,153.48,155.83,167.17,169.7,169.53
IFF,International Flavors & Fragrances,Materials,Specialty Chemicals,66.35,89.2,59.14,68.15,67.92,66.36,64.03,65.75,67.61,70.78
IP,International Paper,Materials,Paper & Plastic Packaging Products & Materials,39.06,57.79,35.35,38.96,38.42,37.79,41.87,44.86,45.35,46.4
IPG,Interpublic Group of Companies (The),Communication Services,Advertising,24.57,31.81,21.93,25.12,25.04,25.18,26.03,25.78,25.34,25.2
INTU,Intuit,Information Technology,Application Software,661.32,812.22,530.03,642.07,644.14,648.48,660.38,686.57,701.92,673.98
ISRG,Intuitive Surgical,Health Care,Health Care Equipment,568.65,616.0,425.0,569.39,568.23,564.2,513.2,493.26,499.44,508.86
IVZ,Invesco,Financials,Asset Management & Custody Banks,25.13,25.7,11.23,24.57,24.14,23.73,23.36,22.23,20.88,18.46
INVH,Invitation Homes,Real Estate,Single-Family Residential REITs,27.37,35.13,27.32,27.78,27.92,28.01,28.32,29.33,29.97,31.07
IQV,IQVIA,Health Care,Life Sciences Tools & Services,224.12,234.3,134.65,227.09,226.94,221.91,212.4,199.04,191.1,180.34
IRM,Iron Mountain,Real Estate,Other Specialized REITs,85.0,119.08,71.19,84.25,84.59,89.99,98.14,96.45,97.16,94.03
JBHT,J.B. Hunt,Industrials,Cargo Ground Transportation,187.41,190.95,121.7,182.95,175.22,170.44,159.65,151.01,149.85,147.19
JBL,Jabil,Information Technology,Electronic Manufacturing Services,217.43,237.05,108.52,212.85,206.18,206.87,208.45,212.81,211.64,187.87
JKHY,Jack Henry & Associates,Financials,Transaction & Payment Processing Services,180.21,194.03,143.64,175.31,173.04,168.35,158.11,160.94,164.38,168.38
J,Jacobs Solutions,Industrials,Construction & Engineering,140.49,168.03,104.43,136.25,133.99,143.03,150.46,147.63,144.09,135.54
JNJ,Johnson & Johnson,Health Care,Pharmaceuticals,202.15,207.81,136.5,205.03,204.85,198.99,191.97,181.87,175.98,167.85
JCI,Johnson Controls,Industrials,Building Products,114.06,123.78,67.78,114.96,114.65,117.12,112.97,109.98,108.86,100.14
JPM,JPMorgan Chase,Financials,Diversified Banks,315.33,322.25,200.22,311.47,306.24,307.95,306.62,301.46,296.89,277.39
K,Kellanova,Consumer Staples,Packaged Foods & Meats,83.15,83.28,75.95,83.11,83.01,82.88,82.32,80.45,80.07,80.29
KVUE,Kenvue,Consumer Staples,Personal Care Products,17.0,24.41,13.85,17.08,16.92,16.69,15.92,18.1,18.64,20.12
KDP,Keurig Dr Pepper,Consumer Staples,Soft Drinks & Non-alcoholic Beverages,28.5,35.62,25.03,28.21,27.81,27.28,26.92,29.0,29.77,31.09
KEY,KeyCorp,Financials,Regional Banks,19.06,19.2,12.29,18.54,18.15,17.8,17.73,17.96,17.73,16.73
KEYS,Keysight Technologies,Information Technology,Electronic Equipment & Instruments,208.35,209.87,121.43,202.37,192.36,186.09,177.07,171.84,170.07,163.44
KMB,Kimberly-Clark,Consumer Staples,Household Products,105.16,147.59,99.22,107.18,106.42,104.84,113.16,120.88,122.5,127.5
KIM,Kimco Realty,Real Estate,Retail REITs,20.36,24.4,17.52,20.44,20.42,20.39,21.04,21.35,21.26,20.92
KMI,Kinder Morgan,Energy,Oil & Gas Storage & Transportation,27.71,30.15,23.17,27.27,27.03,26.97,26.95,26.87,26.99,26.79
KKR,KKR & Co.,Financials,Asset Management & Custody Banks,127.92,169.44,85.77,124.32,121.42,120.22,121.97,132.56,132.1,126.16
KLAC,KLA Corporation,Information Technology,Semiconductor Materials & Equipment,1205.44,1282.32,547.89,1187.94,1158.1,1164.75,1140.33,1031.24,1003.07,892.15
KHC,Kraft Heinz,Consumer Staples,Packaged Foods & Meats,24.57,31.87,23.33,25.09,25.0,24.61,24.79,25.73,25.69,26.5
KR,Kroger,Consumer Staples,Food Retail,62.9,74.13,56.54,66.19,66.04,65.75,66.18,67.66,67.88,67.46
LHX,L3Harris,Industrials,Aerospace & Defense,281.33,306.84,189.46,276.81,277.39,283.81,288.95,280.79,274.67,252.37
LH,Labcorp,Health Care,Health Care Services,261.74,292.94,207.68,265.99,265.76,263.09,269.41,268.75,266.46,255.81
LRCX,Lam Research,Information Technology,Semiconductor Materials & Equipment,156.24,166.88,55.98,156.84,152.27,153.49,148.64,126.73,120.42,103.58
LW,Lamb Weston,Consumer Staples,Packaged Foods & Meats,59.66,81.86,46.97,59.55,58.62,58.64,60.92,57.86,56.79,55.03
LVS,Las Vegas Sands,Consumer Discretionary,Casinos & Gaming,66.29,70.45,29.72,67.87,66.87,66.06,58.75,55.82,53.58,48.23
LDOS,Leidos,Industrials,Diversified Support Services,192.32,205.77,122.65,189.47,188.82,190.89,190.63,182.87,177.27,163.76
LEN,Lennar,Consumer Discretionary,Homebuilding,127.13,167.19,97.13,130.3,127.62,123.92,124.17,124.94,121.95,117.88
LII,Lennox International,Industrials,Building Products,504.11,687.72,443.19,495.95,483.19,478.94,503.43,543.39,549.34,556.1
LLY,Lilly (Eli),Health Care,Pharmaceuticals,1011.97,1111.99,621.5,1045.0,1061.24,1029.41,904.67,820.13,813.02,808.6
LIN,Linde plc,Materials,Industrial Gases,404.0,483.05,402.52,406.98,407.21,413.33,435.29,453.15,455.36,453.93
LYV,Live Nation Entertainment,Communication Services,Movies & Entertainment,139.12,175.25,112.88,133.24,131.21,134.12,146.09,153.01,151.65,144.91
LKQ,LKQ Corporation,Consumer Discretionary,Distributors,28.83,43.32,28.13,29.3,29.33,29.75,29.95,30.72,32.04,35.0
LMT,Lockheed Martin,Industrials,Aerospace & Defense,447.23,512.11,404.07,445.89,449.89,454.73,476.78,459.79,459.96,457.25
L,Loews Corporation,Financials,Multi-line Insurance,104.31,109.06,78.83,106.13,106.51,105.15,102.24,98.45,96.75,93.04
LOW,Lowe's,Consumer Discretionary,Home Improvement Retail,245.93,275.13,203.22,244.98,239.61,234.8,239.05,243.44,238.59,233.68
LULU,Lululemon Athletica,Consumer Discretionary,"Apparel, Accessories & Luxury Goods",183.45,423.32,159.25,182.95,177.67,172.6,172.86,183.85,194.76,236.37
LYB,LyondellBasell,Materials,Specialty Chemicals,42.99,74.88,40.42,46.47,45.41,43.9,45.06,49.22,50.9,54.02
MTB,M&T Bank,Financials,Regional Banks,195.71,210.57,147.35,192.25,189.46,186.57,185.79,189.21,189.2,182.85
MPC,Marathon Petroleum,Energy,Oil & Gas Refining & Marketing,190.13,201.29,113.25,192.43,191.25,193.46,191.02,181.86,179.21,165.57
MKTX,MarketAxess,Financials,Financial Exchanges & Data,167.22,261.57,155.48,162.31,162.49,166.2,167.75,179.51,187.45,196.6
MAR,Marriott International,Consumer Discretionary,"Hotels, Resorts & Cruise Lines",295.8,309.43,203.87,303.07,299.85,293.06,276.5,271.13,270.72,262.47
MMC,Marsh McLennan,Financials,Insurance Brokers,182.96,245.83,174.18,183.53,182.18,181.31,188.49,196.0,199.63,210.47
MLM,Martin Marietta Materials,Materials,Construction Materials,616.6,664.29,440.13,615.62,611.93,608.03,617.96,609.05,597.23,562.62
MAS,Masco,Industrials,Building Products,64.39,80.67,55.74,64.58,63.48,62.25,65.42,68.09,67.22,66.59
MA,Mastercard,Financials,Transaction & Payment Processing Services,540.16,600.98,463.61,546.86,543.18,545.29,557.26,567.05,565.68,558.73
MTCH,Match Group,Communication Services,Interactive Media & Services,33.83,38.99,26.09,33.64,33.09,32.75,33.04,34.57,33.9,32.4
MKC,McCormick & Company,Consumer Staples,Packaged Foods & Meats,63.29,84.63,63.14,65.35,66.37,65.83,65.95,67.58,68.75,71.55
MCD,McDonald's,Consumer Discretionary,Restaurants,307.73,320.72,270.23,305.94,306.18,304.07,302.06,302.56,300.38,302.25
MCK,McKesson Corporation,Health Care,Health Care Distributors,809.12,894.75,555.78,836.28,853.6,852.6,810.58,753.2,746.37,720.73
MDT,Medtronic,Health Care,Health Care Equipment,101.9,106.33,76.99,102.91,102.87,99.21,96.43,94.03,92.55,89.81
MRK,Merck & Co.,Health Care,Pharmaceuticals,100.99,105.84,71.87,102.19,101.44,96.29,89.87,85.89,84.7,83.79
META,Meta Platforms,Communication Services,Interactive Media & Services,660.82,795.71,479.11,647.27,630.26,621.02,676.86,712.83,712.24,671.01
MET,MetLife,Financials,Life & Health Insurance,77.74,85.61,63.78,76.88,76.06,76.59,78.47,78.08,78.05,77.66
MTD,Mettler Toledo,Health Care,Life Sciences Tools & Services,1416.39,1525.17,946.69,1448.65,1455.77,1438.36,1378.89,1322.58,1295.92,1241.94
MGM,MGM Resorts,Consumer Discretionary,Casinos & Gaming,35.35,41.32,25.3,35.39,34.16,33.2,32.99,34.8,34.88,33.7
MCHP,Microchip Technology,Information Technology,Semiconductors,64.26,75.98,33.33,58.32,54.63,54.22,59.93,62.98,64.33,59.39
MU,Micron Technology,Information Technology,Semiconductors,225.41,260.58,61.44,235.2,226.35,232.96,212.43,169.43,159.73,132.94
MSFT,Microsoft,Information Technology,Systems Software,479.71,553.5,342.95,485.24,481.32,491.27,507.47,509.08,504.82,467.95
MAA,Mid-America Apartment Communities,Real Estate,Multi-Family Residential REITs,132.93,168.08,125.75,134.79,134.23,132.18,132.66,137.43,139.23,145.68
MRNA,Moderna,Health Care,Biotechnology,25.57,48.92,22.28,24.99,24.49,24.76,25.8,26.58,27.02,27.69
MHK,Mohawk Industries,Consumer Discretionary,Home Furnishings,112.06,143.13,96.24,114.64,112.63,109.81,117.67,121.92,118.72,114.98
MOH,Molina Healthcare,Health Care,Managed Health Care,149.88,359.97,133.4,147.64,145.47,143.57,166.83,169.86,190.18,237.67
TAP,Molson Coors Beverage Company,Consumer Staples,Brewers,45.5,63.47,42.94,46.33,46.25,46.18,45.79,47.58,47.84,51.29
MDLZ,Mondelez International,Consumer Staples,Packaged Foods & Meats,55.81,70.58,52.78,56.36,56.45,56.47,59.12,61.27,62.39,63.36
MPWR,Monolithic Power Systems,Information Technology,Semiconductors,947.93,1123.38,437.16,942.93,917.07,922.98,962.42,889.18,855.72,763.49
MNST,Monster Beverage,Consumer Staples,Soft Drinks & Non-alcoholic Beverages,73.27,76.28,45.7,74.58,74.03,72.41,69.8,66.11,65.32,62.8
MCO,Moody's Corporation,Financials,Financial Exchanges & Data,488.52,527.9,376.55,489.28,485.12,483.3,481.63,493.54,492.27,480.37
MS,Morgan Stanley,Financials,Investment Banking & Brokerage,174.46,176.0,92.37,171.08,166.85,165.34,161.6,154.1,150.43,138.31
MOS,Mosaic Company (The),Materials,Fertilizers & Agricultural Chemicals,24.05,37.97,21.99,24.42,24.22,24.75,28.55,31.15,32.08,30.8
MSI,Motorola Solutions,Information Technology,Communications Equipment,370.81,495.94,365.4,373.42,371.05,377.66,416.54,436.11,431.65,427.19
MSCI,MSCI Inc.,Financials,Financial Exchanges & Data,538.85,634.4,482.15,551.02,555.94,563.33,559.65,559.85,560.41,557.55
NDAQ,"Nasdaq, Inc.",Financials,Financial Exchanges & Data,90.06,97.36,64.46,89.43,88.94,87.95,87.98,90.69,90.11,85.14
NTAP,NetApp,Information Technology,"Technology Hardware, Storage & Peripherals",115.56,128.69,71.18,113.98,111.01,110.49,114.99,113.44,111.53,104.79
NFLX,Netflix,Communication Services,Movies & Entertainment,103.21,134.12,82.11,106.64,106.07,109.16,113.57,117.33,119.06,113.43
NEM,Newmont,Materials,Gold,90.39,98.29,36.25,90.62,88.09,87.71,86.48,78.38,74.23,64.82
NWSA,News Corp (Class A),Communication Services,Publishing,25.55,31.61,23.3,25.54,25.44,25.74,26.61,28.05,28.21,27.84
NWS,News Corp (Class B),Communication Services,Publishing,29.14,35.47,26.17,29.11,28.97,29.23,30.2,31.88,32.15,31.8
NEE,NextEra Energy,Utilities,Multi-Utilities,83.11,86.94,60.35,84.72,84.54,84.23,82.54,77.2,76.1,73.09
NKE,"Nike, Inc.",Consumer Discretionary,"Apparel, Accessories & Luxury Goods",65.62,80.55,51.34,65.16,63.8,63.17,65.8,70.03,69.34,67.13
NI,NiSource,Utilities,Multi-Utilities,41.9,44.58,34.39,42.63,42.87,43.05,42.98,42.15,41.55,40.43
NDSN,Nordson Corporation,Industrials,Industrial Machinery & Supplies & Components,237.93,255.47,163.83,237.15,235.67,233.64,232.71,226.02,224.12,214.18
NSC,Norfolk Southern,Industrials,Rail Transportation,294.9,300.79,198.48,292.52,289.13,286.44,287.74,282.72,277.04,259.36
NTRS,Northern Trust,Financials,Asset Management & Custody Banks,132.87,135.48,80.54,131.56,130.07,129.08,129.01,128.49,126.64,116.13
NOC,Northrop Grumman,Industrials,Aerospace & Defense,551.91,638.31,418.96,553.53,559.23,560.46,583.9,578.17,561.97,531.55
NCLH,Norwegian Cruise Line Holdings,Consumer Discretionary,"Hotels, Resorts & Cruise Lines",18.82,29.29,14.21,18.62,18.32,18.37,21.27,22.98,22.44,21.08
NRG,NRG Energy,Utilities,Independent Power Producers & Energy Traders,169.34,180.08,78.84,167.07,165.42,166.25,166.89,161.02,159.38,142.37
NUE,Nucor,Materials,Steel,162.81,166.27,96.79,161.76,157.74,152.04,144.65,143.26,140.57,132.56
NVDA,Nvidia,Information Technology,Semiconductors,182.93,212.19,86.61,180.18,180.1,184.74,186.99,181.66,175.94,154.51
NVR,"NVR, Inc.",Consumer Discretionary,Homebuilding,7503.04,9256.14,6562.85,7561.59,7464.37,7348.32,7532.8,7773.1,7696.23,7506.31
NXPI,NXP Semiconductors,Information Technology,Semiconductors,225.48,251.86,146.73,212.56,201.47,200.26,211.16,217.18,217.52,209.34
ORLY,O’Reilly Automotive,Consumer Discretionary,Automotive Retail,99.58,108.72,78.3,100.19,100.23,99.18,99.99,100.9,98.8,95.88
OXY,Occidental Petroleum,Energy,Oil & Gas Exploration & Production,42.58,52.36,34.4,42.27,41.83,41.79,42.58,43.77,43.82,43.56
ODFL,Old Dominion,Industrials,Cargo Ground Transportation,153.18,221.13,125.76,143.95,138.06,136.37,137.86,144.3,148.03,153.59
OMC,Omnicom Group,Communication Services,Advertising,69.9,101.86,67.76,71.4,72.26,72.72,75.6,75.43,74.63,75.08
ON,ON Semiconductor,Information Technology,Semiconductors,54.48,73.19,31.04,52.76,50.07,48.82,49.85,50.88,51.65,48.18
OKE,Oneok,Energy,Oil & Gas Storage & Transportation,75.96,105.97,64.02,74.09,72.33,70.64,69.55,72.03,73.46,77.98
ORCL,Oracle Corporation,Information Technology,Application Software,215.04,345.12,117.98,205.35,203.85,216.59,256.01,256.19,247.8,211.13
OTIS,Otis Worldwide,Industrials,Industrial Machinery & Supplies & Components,86.81,105.37,83.46,87.6,87.69,88.49,89.91,89.15,90.67,93.05
PCAR,Paccar,Industrials,Construction Machinery & Heavy Transportation Equipment,108.44,114.27,83.8,106.45,104.52,100.8,98.71,98.53,97.7,96.73
PKG,Packaging Corporation of America,Materials,Paper & Plastic Packaging Products & Materials,196.48,239.95,170.61,198.86,198.54,198.6,204.12,204.6,202.45,198.21
PLTR,Palantir Technologies,Information Technology,Application Software,177.76,207.52,63.4,172.09,166.26,171.73,179.17,172.12,165.45,141.69
PANW,Palo Alto Networks,Information Technology,Systems Software,195.65,223.61,144.15,191.4,188.05,198.14,206.39,197.88,198.04,192.05
PSKY,Paramount Skydance Corporation,Communication Services,Movies & Entertainment,14.77,20.86,9.92,15.4,15.51,15.54,16.57,15.56,14.93,13.64
PH,Parker Hannifin,Industrials,Industrial Machinery & Supplies & Components,871.46,879.64,484.88,863.48,852.99,844.6,789.38,764.41,748.2,700.46
PAYX,Paychex,Industrials,Human Resource & Employment Services,111.76,158.49,108.0,111.63,111.15,111.17,118.26,127.61,131.19,137.03
PAYC,Paycom,Industrials,Human Resource & Employment Services,165.59,266.71,156.14,163.02,162.08,163.25,184.89,204.78,210.65,217.0
PYPL,PayPal,Financials,Transaction & Payment Processing Services,61.74,93.44,55.72,62.23,61.34,62.81,66.67,68.18,69.21,68.78
PNR,Pentair,Industrials,Industrial Machinery & Supplies & Components,104.89,113.69,73.68,105.36,104.93,105.32,107.65,107.03,105.97,100.03
PEP,PepsiCo,Consumer Staples,Soft Drinks & Non-alcoholic Beverages,146.67,156.98,125.14,148.32,147.36,146.24,146.4,144.96,142.15,140.82
PFE,Pfizer,Health Care,Pharmaceuticals,25.62,27.21,19.83,25.47,25.34,25.22,24.81,24.45,24.33,23.83
PCG,PG&E Corporation,Utilities,Multi-Utilities,15.32,21.07,12.95,15.57,15.7,16.06,16.04,15.39,15.08,15.7
PM,Philip Morris International,Consumer Staples,Tobacco,148.3,183.57,113.18,153.65,154.41,154.48,154.81,159.85,163.63,162.19
PSX,Phillips 66,Energy,Oil & Gas Refining & Marketing,139.01,142.04,88.51,138.63,136.12,136.9,134.24,129.9,128.29,122.33
PNW,Pinnacle West Capital,Utilities,Multi-Utilities,88.18,93.67,78.26,89.1,89.35,88.95,89.47,89.23,88.98,89.32
PNC,PNC Financial Services,Financials,Diversified Banks,197.98,206.9,141.09,194.23,191.47,187.43,187.55,191.77,189.98,181.32
POOL,Pool Corporation,Consumer Discretionary,Distributors,242.04,374.68,229.63,243.94,241.48,243.21,272.1,293.02,293.4,300.64
PPG,PPG Industries,Materials,Specialty Chemicals,100.62,126.7,88.43,100.42,99.27,97.58,99.45,104.43,105.99,106.42
PPL,PPL Corporation,Utilities,Electric Utilities,34.12,38.27,30.49,35.37,35.81,36.2,36.71,36.36,35.82,35.28
PFG,Principal Financial Group,Financials,Life & Health Insurance,85.67,86.94,66.44,84.56,83.94,83.27,81.76,80.03,79.44,78.66
PG,Procter & Gamble,Consumer Staples,Personal Care Products,145.33,176.43,142.51,146.7,147.63,147.35,148.93,151.93,153.0,156.97
PGR,Progressive Corporation,Financials,Property & Casualty Insurance,227.04,292.65,199.9,227.92,227.31,224.04,226.56,236.0,240.76,254.37
PLD,Prologis,Real Estate,Industrial REITs,128.21,130.45,83.8,128.76,127.47,125.84,122.43,115.81,113.84,111.13
PRU,Prudential Financial,Financials,Life & Health Insurance,110.0,122.37,86.97,108.78,107.83,106.24,103.28,103.2,103.21,102.81
PEG,Public Service Enterprise Group,Utilities,Electric Utilities,80.99,90.54,73.5,81.46,81.69,82.21,82.22,83.04,82.7,81.46
PTC,PTC Inc.,Information Technology,Application Software,177.98,219.69,133.38,176.43,174.17,174.94,190.84,199.21,194.57,181.28
PSA,Public Storage,Real Estate,Self-Storage REITs,276.86,331.67,251.43,274.79,272.46,272.94,285.56,284.66,285.72,287.99
PHM,PulteGroup,Consumer Discretionary,Homebuilding,128.22,141.88,87.74,127.89,124.67,121.27,123.48,124.77,121.04,113.6
PWR,Quanta Services,Industrials,Construction & Engineering,465.5,469.43,226.97,458.67,450.65,445.55,436.97,412.76,404.45,361.2
QCOM,Qualcomm,Information Technology,Semiconductors,173.74,205.95,119.4,171.13,167.2,169.24,169.56,163.42,162.0,156.58
DGX,Quest Diagnostics,Health Care,Health Care Services,183.64,197.55,146.3,184.35,187.32,186.06,183.86,180.3,179.25,175.65
RL,Ralph Lauren Corporation,Consumer Discretionary,"Apparel, Accessories & Luxury Goods",356.65,374.0,175.49,360.78,355.64,342.62,330.28,314.58,306.47,281.06
RJF,Raymond James Financial,Financials,Investment Banking & Brokerage,162.28,177.15,116.85,157.82,155.68,158.04,161.65,163.86,161.52,154.07
RTX,RTX Corporation,Industrials,Aerospace & Defense,170.08,180.6,110.77,170.05,171.05,173.26,170.08,162.75,158.92,147.49
O,Realty Income,Real Estate,Retail REITs,58.17,60.33,48.85,57.76,57.08,56.81,57.98,57.6,57.28,56.19
REG,Regency Centers,Real Estate,Retail REITs,69.1,75.93,62.21,70.21,70.49,70.09,70.85,70.93,70.71,70.74
REGN,Regeneron Pharmaceuticals,Health Care,Biotechnology,722.32,796.57,475.17,743.66,754.46,718.62,642.42,604.96,590.08,597.34
RF,Regions Financial Corporation,Financials,Regional Banks,26.41,27.32,17.18,25.71,25.2,24.83,24.73,25.25,24.76,23.22
RSG,Republic Services,Industrials,Environmental & Facilities Services,214.74,257.43,197.66,214.78,216.1,212.21,217.02,225.08,228.95,233.38
RMD,ResMed,Health Care,Health Care Equipment,251.07,293.11,198.6,251.51,251.36,249.98,259.54,267.75,264.83,251.66
RVTY,Revvity,Health Care,Health Care Equipment,102.26,128.0,81.3,103.02,101.82,97.09,94.2,91.79,92.89,95.59
ROK,Rockwell Automation,Industrials,Electrical Components & Equipment,401.89,406.44,212.49,395.86,389.64,383.79,363.89,354.04,349.05,319.1
ROL,"Rollins, Inc.",Industrials,Environmental & Facilities Services,60.21,61.84,44.8,60.88,60.72,59.57,58.06,57.4,57.12,55.96
ROP,Roper Technologies,Information Technology,Electronic Equipment & Instruments,444.45,592.47,435.42,444.86,444.1,445.56,471.57,500.86,513.06,533.65
ROST,Ross Stores,Consumer Discretionary,Apparel Retail,176.86,179.05,121.69,177.26,174.91,168.0,160.48,152.35,147.99,143.75
RCL,Royal Caribbean Group,Consumer Discretionary,"Hotels, Resorts & Cruise Lines",259.04,365.38,163.05,264.55,262.72,259.58,287.06,310.51,308.16,276.19
SPGI,S&P Global,Financials,Financial Exchanges & Data,495.89,576.91,424.77,496.22,494.17,493.64,487.82,513.51,514.11,507.78
CRM,Salesforce,Information Technology,Application Software,248.55,366.78,221.96,237.07,232.69,236.04,243.21,246.49,250.39,259.16
SBAC,SBA Communications,Real Estate,Telecom Tower REITs,189.77,241.44,184.43,189.39,191.84,194.48,193.16,203.12,208.28,213.16
SLB,Schlumberger,Energy,Oil & Gas Equipment & Services,38.04,43.29,30.37,36.79,36.12,36.14,35.06,34.58,34.62,35.19
STX,Seagate Technology,Information Technology,"Technology Hardware, Storage & Peripherals",263.81,297.88,62.66,267.23,260.17,265.99,247.09,208.77,194.61,156.21
SRE,Sempra,Utilities,Multi-Utilities,90.04,95.72,60.93,91.59,92.13,92.29,91.77,86.4,83.94,79.45
NOW,ServiceNow,Information Technology,Systems Software,837.31,1198.09,678.66,825.81,818.68,833.44,883.77,902.8,922.3,914.8
SHW,Sherwin-Williams,Materials,Specialty Chemicals,334.94,394.49,306.78,339.37,338.6,336.94,337.61,345.3,345.14,345.24
SPG,Simon Property Group,Real Estate,Retail REITs,183.16,188.43,132.99,183.82,183.56,183.05,180.97,176.43,172.93,167.64
SWKS,Skyworks Solutions,Information Technology,Semiconductors,68.68,91.61,46.48,67.61,65.31,65.87,71.32,71.93,72.13,69.05
SJM,J.M. Smucker Company (The),Consumer Staples,Packaged Foods & Meats,99.62,117.94,91.46,101.65,102.54,104.69,104.33,106.14,104.52,106.64
SW,Smurfit Westrock,Materials,Paper & Plastic Packaging Products & Materials,36.51,54.55,32.73,35.68,34.94,34.92,38.61,41.79,42.25,42.79
SNA,Snap-on,Industrials,Industrial Machinery & Supplies & Components,346.07,358.76,283.93,341.9,338.81,336.56,337.37,330.95,326.79,323.9
SOLV,Solventum,Health Care,Health Care Technology,85.18,88.2,60.7,85.37,84.37,79.11,74.54,73.74,73.97,73.33
SO,Southern Company,Utilities,Electric Utilities,87.24,100.02,77.85,88.88,89.09,89.7,92.81,92.62,91.96,90.37
LUV,Southwest Airlines,Industrials,Passenger Airlines,35.69,37.75,23.55,35.28,34.3,33.33,32.63,32.36,32.53,31.54
SWK,Stanley Black & Decker,Industrials,Industrial Machinery & Supplies & Components,71.96,87.08,52.01,71.4,69.14,67.25,68.62,70.44,69.74,69.27
SBUX,Starbucks,Consumer Discretionary,Restaurants,85.2,115.04,73.95,85.91,85.34,84.89,83.64,85.85,87.06,88.27
STT,State Street Corporation,Financials,Asset Management & Custody Banks,121.49,122.69,71.77,119.71,117.51,117.3,116.14,113.59,111.4,103.03
STLD,Steel Dynamics,Materials,Steel,168.01,172.94,102.41,168.52,164.59,159.43,152.54,141.11,139.11,134.17
STE,Steris,Health Care,Health Care Equipment,260.18,268.6,199.47,261.61,262.6,261.81,249.22,244.43,242.8,237.01
SYK,Stryker Corporation,Health Care,Health Care Equipment,363.23,403.95,327.71,367.87,368.57,365.06,368.36,376.99,378.66,376.09
SMCI,Supermicro,Information Technology,"Technology Hardware, Storage & Peripherals",34.28,66.44,25.71,33.63,33.05,35.09,44.99,46.26,46.29,43.36
SYF,Synchrony Financial,Financials,Consumer Finance,80.1,80.65,39.98,78.71,76.84,75.04,73.32,72.92,71.35,64.78
SNPS,Synopsys,Information Technology,Application Software,463.27,651.73,365.74,447.07,422.52,407.71,439.0,507.02,508.01,488.37
SYY,Sysco,Consumer Staples,Food Distributors,73.11,83.13,66.22,74.6,75.16,75.09,77.14,78.51,77.8,75.4
TMUS,T-Mobile US,Communication Services,Wireless Telecommunication Services,208.33,273.15,198.43,208.52,207.95,208.92,217.56,229.94,229.85,237.75
TROW,T. Rowe Price,Financials,Asset Management & Custody Banks,105.34,119.7,75.88,103.37,101.81,101.61,102.81,103.94,102.25,98.06
TTWO,Take-Two Interactive,Communication Services,Interactive Home Entertainment,247.12,264.79,177.35,246.86,242.97,240.74,250.05,242.41,241.62,232.31
TPR,"Tapestry, Inc.",Consumer Discretionary,"Apparel, Accessories & Luxury Goods",114.79,118.56,57.91,111.47,108.88,105.75,110.26,108.12,104.03,92.71
TRGP,Targa Resources,Energy,Oil & Gas Storage & Transportation,179.8,213.78,143.19,175.86,173.41,172.01,163.05,163.44,164.5,168.29
TGT,Target Corporation,Consumer Staples,Consumer Staples Merchandise Retail,91.39,138.95,83.44,90.95,88.7,89.03,89.51,93.05,93.95,95.78
TEL,TE Connectivity,Information Technology,Electronic Manufacturing Services,233.01,250.67,115.38,229.05,224.59,232.22,229.8,216.9,207.21,184.52
TDY,Teledyne Technologies,Information Technology,Electronic Equipment & Instruments,517.46,595.99,419.0,501.84,497.64,502.75,535.3,542.75,535.58,516.71
TER,Teradyne,Information Technology,Semiconductor Materials & Equipment,198.12,200.85,65.55,188.93,177.23,175.89,159.44,134.77,125.83,110.45
TSLA,"Tesla, Inc.",Consumer Discretionary,Automobile Manufacturers,451.49,488.54,214.25,437.56,423.79,422.46,434.52,391.02,376.41,342.07
TXN,Texas Instruments,Information Technology,Semiconductors,179.06,218.15,136.55,174.67,167.45,163.54,169.0,179.6,184.55,180.05
TPL,Texas Pacific Land Corporation,Energy,Oil & Gas Exploration & Production,922.33,1564.5,836.72,883.63,879.41,927.66,929.04,925.73,953.12,1080.48
TXT,Textron,Industrials,Aerospace & Defense,83.04,87.94,57.67,82.87,82.35,81.74,82.25,81.58,81.28,77.65
TMO,Thermo Fisher Scientific,Health Care,Life Sciences Tools & Services,572.24,609.27,385.11,581.81,584.64,580.57,554.57,513.77,493.61,480.3
TJX,TJX Companies,Consumer Discretionary,Apparel Retail,150.12,154.66,111.06,150.65,150.71,148.15,144.52,138.83,135.75,131.19
TKO,TKO Group Holdings,Communication Services,Movies & Entertainment,200.46,212.49,132.26,195.57,189.5,186.27,189.32,185.93,183.09,172.03
TTD,Trade Desk (The),Communication Services,Advertising,39.33,141.53,38.22,39.41,39.23,40.91,46.95,54.63,58.12,59.65
TSCO,Tractor Supply,Consumer Discretionary,Other Specialty Retail,54.38,63.47,46.26,54.02,53.73,54.05,54.54,56.88,56.16,54.42
TT,Trane Technologies,Industrials,Building Products,405.03,475.11,296.82,411.39,411.55,416.16,420.87,423.51,424.5,403.6
TDG,TransDigm Group,Industrials,Aerospace & Defense,1354.81,1519.36,1107.45,1350.16,1346.92,1330.51,1311.67,1333.65,1345.08,1323.06
TRV,Travelers Companies (The),Financials,Property & Casualty Insurance,282.52,296.85,227.43,287.73,289.56,286.89,278.62,273.44,270.89,266.26
TRMB,Trimble Inc.,Information Technology,Electronic Equipment & Instruments,82.25,87.5,52.91,81.98,80.29,79.17,79.42,80.76,79.71,74.89
TFC,Truist Financial,Financials,Diversified Banks,47.4,47.86,32.34,46.87,46.23,45.36,44.39,44.35,43.78,41.9
TYL,Tyler Technologies,Information Technology,Application Software,465.64,661.31,450.0,464.84,465.26,465.56,487.22,524.37,535.27,549.0
TSN,Tyson Foods,Consumer Staples,Packaged Foods & Meats,56.04,62.66,50.12,57.2,56.22,54.67,53.21,53.83,53.92,55.33
USB,U.S. Bancorp,Financials,Diversified Banks,51.17,51.51,34.43,50.05,49.01,48.0,47.54,47.11,46.62,44.59
UBER,Uber,Industrials,Passenger Ground Transportation,90.47,101.99,59.33,88.57,86.31,89.22,93.15,93.03,92.49,87.19
UDR,"UDR, Inc.",Real Estate,Multi-Family Residential REITs,35.17,44.96,32.94,35.94,35.78,35.16,35.47,36.93,37.56,38.96
ULTA,Ulta Beauty,Consumer Discretionary,Other Specialty Retail,535.16,572.23,309.01,542.84,529.7,523.85,531.53,524.11,513.26,463.83
UNP,Union Pacific Corporation,Industrials,Rail Transportation,237.0,252.32,202.16,233.53,229.94,225.93,226.33,224.02,224.86,225.05
UAL,United Airlines Holdings,Industrials,Passenger Airlines,104.7,116.0,52.0,104.13,99.9,97.43,97.42,97.93,94.4,87.52
UPS,United Parcel Service,Industrials,Air Freight & Logistics,94.78,128.18,80.6,95.92,94.89,94.14,89.4,87.95,89.88,93.53
URI,United Rentals,Industrials,Trading Companies & Distributors,804.6,1019.33,522.49,807.9,804.55,818.93,893.07,898.04,867.9,782.57
UNH,UnitedHealth Group,Health Care,Managed Health Care,339.71,609.61,233.13,329.39,323.29,324.15,342.78,319.24,316.28,360.64
UHS,Universal Health Services,Health Care,Health Care Facilities,229.73,246.13,152.04,236.28,236.26,231.39,217.77,197.55,193.53,188.57
VLO,Valero Energy,Energy,Oil & Gas Refining & Marketing,174.28,184.46,96.76,177.43,175.44,176.7,169.69,158.06,154.11,142.05
VTR,Ventas,Real Estate,Health Care REITs,80.53,81.26,55.47,80.33,79.9,78.66,73.6,70.44,68.88,67.64
VLTO,Veralto,Industrials,Environmental & Facilities Services,102.86,109.99,83.69,101.81,100.87,99.56,101.71,103.87,103.14,100.62
VRSN,Verisign,Information Technology,Internet Services & Infrastructure,248.66,308.75,183.84,251.06,251.3,249.27,255.51,266.12,269.27,263.99
VRSK,Verisk Analytics,Industrials,Research & Consulting Services,222.14,321.9,197.0,224.11,223.23,220.07,229.76,250.01,261.33,274.76
VZ,Verizon,Communication Services,Integrated Telecommunication Services,41.16,45.09,35.79,40.86,40.8,40.75,40.65,41.66,41.6,41.71
VRTX,Vertex Pharmaceuticals,Health Care,Biotechnology,456.61,519.68,362.5,442.42,434.72,430.99,419.73,415.2,423.17,442.95
VTRS,Viatris,Health Care,Pharmaceuticals,10.69,12.59,6.6,10.73,10.58,10.53,10.23,9.95,9.73,9.26
VICI,Vici Properties,Real Estate,Hotel & Resort REITs,27.98,33.54,26.86,28.43,28.61,29.37,30.51,31.53,31.65,31.35
V,Visa Inc.,Financials,Transaction & Payment Processing Services,325.66,374.11,297.39,329.94,329.91,330.96,338.48,341.36,343.68,343.88
VST,Vistra Corp.,Utilities,Electric Utilities,175.1,219.82,90.3,174.36,173.7,176.65,189.76,194.33,192.46,170.43
VMC,Vulcan Materials Company,Materials,Construction Materials,293.19,311.21,213.97,292.94,291.35,289.0,293.93,289.6,284.17,270.59
WRB,W. R. Berkley Corporation,Financials,Property & Casualty Insurance,70.71,78.96,55.38,73.17,75.43,75.9,75.47,73.22,72.87,70.95
GWW,W. W. Grainger,Industrials,Industrial Machinery & Supplies & Components,969.87,1191.02,887.81,959.14,948.98,942.94,951.69,974.21,988.22,997.17
WAB,Wabtec,Industrials,Construction Machinery & Heavy Transportation Equipment,213.38,215.56,151.24,210.48,206.26,205.13,200.92,197.44,199.34,194.17
WMT,Walmart,Consumer Staples,Consumer Staples Merchandise Retail,114.61,114.89,79.43,112.7,109.61,105.98,104.7,102.21,101.02,97.92
DIS,Walt Disney Company (The),Communication Services,Movies & Entertainment,105.37,124.69,79.76,105.44,104.28,106.89,110.0,113.66,114.91,109.49
WBD,Warner Bros. Discovery,Communication Services,Broadcasting,24.44,24.76,7.52,24.28,23.72,23.26,21.16,17.38,16.09,13.66
WM,Waste Management,Industrials,Environmental & Facilities Services,213.94,240.84,194.11,215.69,215.73,210.75,212.17,218.48,220.65,223.61
WAT,Waters Corporation,Health Care,Life Sciences Tools & Services,394.31,423.56,275.05,398.35,398.36,388.3,355.72,325.27,329.06,338.75
WEC,WEC Energy Group,Utilities,Electric Utilities,106.21,117.25,88.91,108.6,109.93,110.55,112.36,109.94,108.53,106.93
WFC,Wells Fargo,Financials,Diversified Banks,90.15,90.63,57.46,87.41,85.79,85.46,84.24,82.15,81.25,77.26
WELL,Welltower,Real Estate,Health Care REITs,203.96,209.05,120.99,204.24,203.18,198.04,184.27,174.5,169.91,161.44
WST,West Pharmaceutical Services,Health Care,Health Care Supplies,279.83,347.77,186.94,277.71,274.94,271.5,272.67,259.02,251.55,238.33
WDC,Western Digital,Information Technology,"Technology Hardware, Storage & Peripherals",160.41,178.45,28.74,160.57,154.64,158.38,139.76,111.09,101.22,79.81
WY,Weyerhaeuser,Real Estate,Timber REITs,21.36,31.65,20.96,21.89,21.75,21.91,22.99,24.08,24.44,25.31
WSM,"Williams-Sonoma, Inc.",Consumer Discretionary,Homefurnishing Retail,176.99,217.31,128.49,179.17,178.07,182.65,188.53,191.2,185.44,177.1
WMB,Williams Companies,Energy,Oil & Gas Storage & Transportation,63.39,65.55,50.57,61.5,60.51,60.14,60.9,59.42,59.34,58.53
WTW,Willis Towers Watson,Financials,Insurance Brokers,319.33,352.79,291.3,318.67,318.26,319.83,328.04,326.49,321.49,320.31
WDAY,"Workday, Inc.",Information Technology,Application Software,216.6,294.0,205.33,214.69,219.11,222.52,231.59,230.57,232.31,237.7
WYNN,Wynn Resorts,Consumer Discretionary,Casinos & Gaming,125.68,134.72,64.8,130.35,126.87,124.8,123.55,119.45,114.85,103.41
XEL,Xcel Energy,Utilities,Multi-Utilities,77.61,83.01,61.07,79.38,79.79,80.22,80.48,76.31,74.5,72.27
XYL,Xylem Inc.,Industrials,Industrial Machinery & Supplies & Components,140.52,153.83,99.59,140.18,140.26,143.05,145.56,142.35,139.48,132.29
YUM,Yum! Brands,Consumer Discretionary,Restaurants,145.71,160.96,119.81,148.85,150.17,149.19,146.87,146.03,145.74,146.64
ZBRA,Zebra Technologies,Information Technology,Electronic Equipment & Instruments,262.63,427.76,205.73,255.88,249.1,247.85,273.88,297.21,299.22,290.08
ZBH,Zimmer Biomet,Health Care,Health Care Equipment,92.43,113.87,85.33,94.39,94.13,91.66,96.33,98.15,97.02,98.64
ZTS,Zoetis,Health Care,Pharmaceuticals,120.0,179.47,115.25,124.49,123.88,121.79,134.26,142.13,145.35,150.49
