Symbol,Company,GICS_Sector,GICS_Sub_Industry,Current_Price,52_Week_High,52_Week_Low,SMA_5,SMA_10,SMA_20,SMA_50,SMA_100,SMA_125,SMA_200
MMM,3M,Industrials,Industrial Conglomerates,152.0,163.4,120.83,155.18,155.4,154.62,152.82,147.4,146.84,143.15
AOS,A. O. Smith,Industrials,Building Products,70.79,90.29,58.25,71.3,71.86,71.79,70.01,67.71,67.21,67.75
ABT,Abbott Laboratories,Health Care,Health Care Equipment,132.18,139.95,109.57,131.83,131.96,131.56,130.75,131.07,130.49,126.55
ABBV,AbbVie,Health Care,Biotechnology,211.86,214.8,159.42,210.03,209.53,205.57,195.63,189.53,191.89,186.71
ACN,Accenture,Information Technology,IT Consulting & Other Services,254.15,394.41,236.67,256.72,256.33,250.61,270.83,287.8,292.2,317.51
ADBE,Adobe Inc.,Information Technology,Application Software,348.5,587.75,330.04,352.23,354.82,350.9,362.61,375.62,379.07,410.74
AMD,Advanced Micro Devices,Information Technology,Semiconductors,162.13,186.65,76.48,164.56,164.94,169.53,160.48,134.18,127.47,125.5
AES,AES Corporation,Utilities,Independent Power Producers & Energy Traders,13.23,19.17,9.28,13.4,13.35,13.2,12.67,11.55,11.59,11.58
AFL,Aflac,Financials,Life & Health Insurance,106.74,113.54,96.14,106.55,107.28,105.6,103.16,103.63,104.21,104.26
A,Agilent Technologies,Health Care,Life Sciences Tools & Services,125.22,153.19,96.23,123.95,121.51,119.25,118.57,114.42,114.9,123.46
APD,Air Products,Materials,Industrial Gases,291.28,336.92,242.14,293.44,294.05,291.76,290.76,280.92,282.12,292.29
ABNB,Airbnb,Consumer Discretionary,"Hotels, Resorts & Cruise Lines",124.9,163.93,99.88,128.67,127.97,125.85,131.91,129.89,128.55,131.38
AKAM,Akamai Technologies,Information Technology,Internet Services & Infrastructure,77.56,106.8,67.51,78.07,77.38,75.6,77.45,77.6,78.1,84.02
ALB,Albemarle Corporation,Materials,Specialty Chemicals,80.11,112.1,49.11,83.43,81.84,79.95,74.41,66.2,67.26,75.81
ARE,Alexandria Real Estate Equities,Real Estate,Office REITs,81.56,118.73,66.16,81.69,80.55,77.74,77.52,74.6,77.94,85.07
ALGN,Align Technology,Health Care,Health Care Supplies,132.35,262.87,127.7,138.92,141.51,141.29,169.39,173.9,171.8,188.45
ALLE,Allegion,Industrials,Building Products,167.69,172.95,116.14,169.69,169.78,168.15,159.19,148.17,143.93,139.54
LNT,Alliant Energy,Utilities,Electric Utilities,64.52,67.11,54.71,65.01,65.64,65.46,63.77,62.15,62.07,61.03
ALL,Allstate,Financials,Property & Casualty Insurance,204.57,213.71,173.88,203.39,204.28,205.42,199.19,199.01,199.22,196.06
GOOGL,Alphabet Inc. (Class A),Communication Services,Interactive Media & Services,230.66,231.31,140.36,214.81,209.48,205.35,192.4,178.35,174.81,178.61
GOOG,Alphabet Inc. (Class C),Communication Services,Interactive Media & Services,231.1,231.8,142.49,215.44,210.18,206.12,193.26,179.56,176.19,180.07
MO,Altria,Consumer Staples,Tobacco,66.63,68.6,46.28,66.76,67.02,66.11,62.1,60.08,59.32,56.49
AMZN,Amazon,Consumer Discretionary,Broadline Retail,225.99,242.52,161.38,228.21,227.23,226.46,224.65,211.42,207.75,213.0
AMCR,Amcor,Materials,Paper & Plastic Packaging Products & Materials,8.35,11.04,8.25,8.49,8.54,8.9,9.27,9.21,9.27,9.42
AEE,Ameren,Utilities,Multi-Utilities,99.92,103.59,79.51,100.01,100.71,101.05,99.15,97.85,97.83,95.6
AEP,American Electric Power,Utilities,Electric Utilities,110.03,115.08,87.57,111.16,112.22,112.27,108.56,105.69,105.22,101.48
AXP,American Express,Financials,Consumer Finance,323.71,332.06,219.87,327.12,320.77,311.41,311.58,296.73,289.77,294.05
AIG,American International Group,Financials,Multi-line Insurance,81.34,87.61,68.55,81.5,82.14,80.71,81.15,81.99,82.08,79.06
AMT,American Tower,Real Estate,Telecom Tower REITs,196.26,235.86,169.77,201.29,205.61,205.79,214.82,214.4,213.48,204.3
AWK,American Water Works,Utilities,Water Utilities,140.7,153.69,116.64,142.66,143.93,143.72,141.88,142.05,142.03,136.32
AMP,Ameriprise Financial,Financials,Asset Management & Custody Banks,507.2,576.69,393.57,513.94,512.57,509.95,520.13,507.15,501.44,516.01
AME,Ametek,Industrials,Electrical Components & Equipment,184.35,197.35,144.77,185.45,185.33,184.57,182.15,177.38,176.33,179.87
AMGN,Amgen,Health Care,Biotechnology,283.85,330.26,247.06,286.41,289.13,288.0,291.15,284.76,288.69,283.69
APH,Amphenol,Information Technology,Electronic Components,110.69,112.35,56.35,110.17,109.73,109.89,104.73,93.71,87.84,81.32
ADI,Analog Devices,Information Technology,Semiconductors,244.55,257.11,157.31,250.19,250.01,239.12,236.7,222.1,217.83,216.46
AON,Aon plc,Financials,Insurance Brokers,374.0,411.24,322.37,369.57,371.22,369.08,361.23,360.36,366.29,368.99
APA,APA Corporation,Energy,Oil & Gas Exploration & Production,22.68,27.53,13.18,23.06,22.24,21.12,19.8,18.4,18.47,19.68
APO,Apollo Global Management,Financials,Asset Management & Custody Banks,132.63,187.59,101.84,135.36,134.86,137.88,142.44,137.43,136.56,146.72
AAPL,Apple Inc.,Information Technology,"Technology Hardware, Storage & Peripherals",238.47,259.18,168.8,232.68,229.85,228.82,216.7,209.39,210.27,220.78
AMAT,Applied Materials,Information Technology,Semiconductor Materials & Equipment,156.25,213.48,123.04,160.85,161.36,169.66,180.74,169.46,164.94,167.7
APTV,Aptiv,Consumer Discretionary,Automotive Parts & Equipment,79.63,81.13,47.19,79.56,78.45,74.79,71.53,66.91,65.71,63.76
ACGL,Arch Capital Group,Financials,Property & Casualty Insurance,92.9,110.75,82.49,91.73,92.12,91.03,89.64,91.11,91.4,92.17
ADM,Archer Daniels Midland,Consumer Staples,Agricultural Products & Services,61.72,64.38,40.22,62.36,62.36,60.32,56.5,52.28,51.03,50.18
ANET,Arista Networks,Information Technology,Communications Equipment,137.38,141.99,59.43,135.86,134.34,136.11,119.87,103.55,98.73,102.13
AJG,Arthur J. Gallagher & Co.,Financials,Insurance Brokers,303.7,350.53,272.64,301.47,301.74,296.97,304.07,317.18,319.79,312.76
AIZ,Assurant,Financials,Multi-line Insurance,214.89,227.13,173.64,215.5,214.78,211.61,198.08,196.7,198.0,202.84
T,AT&T,Communication Services,Integrated Telecommunication Services,29.04,29.65,18.82,29.08,29.02,28.72,28.08,27.66,27.44,25.83
ATO,Atmos Energy,Utilities,Gas Utilities,165.22,167.99,126.11,165.7,165.84,164.65,158.43,156.62,154.97,149.95
ADSK,Autodesk,Information Technology,Application Software,317.51,326.62,232.67,305.16,295.85,292.57,298.07,291.86,285.36,290.25
ADP,Automatic Data Processing,Industrials,Human Resource & Employment Services,298.86,328.29,262.35,301.97,303.91,303.51,304.36,306.11,304.0,301.73
AZO,AutoZone,Consumer Discretionary,Automotive Retail,4189.48,4229.68,2898.57,4194.07,4168.67,4104.85,3889.25,3794.31,3765.18,3590.9
AVB,AvalonBay Communities,Real Estate,Multi-Family Residential REITs,191.07,233.48,178.86,192.93,192.36,190.39,195.9,199.63,200.98,207.4
AVY,Avery Dennison,Materials,Paper & Plastic Packaging Products & Materials,166.8,221.17,156.18,170.42,173.12,173.28,175.7,175.34,175.44,180.53
AXON,Axon Enterprise,Industrials,Aerospace & Defense,725.29,885.92,346.71,753.55,759.09,778.74,769.94,729.51,691.78,663.02
BKR,Baker Hughes,Energy,Oil & Gas Equipment & Services,45.0,48.6,31.55,45.22,44.61,43.78,42.07,39.64,40.06,41.24
BALL,Ball Corporation,Materials,"Metal, Glass & Plastic Containers",50.15,67.13,43.18,51.53,52.19,52.8,55.74,53.83,53.19,53.8
BAC,Bank of America,Financials,Diversified Banks,50.06,50.92,32.88,50.42,49.79,48.29,47.71,44.86,43.93,44.41
BAX,Baxter International,Health Care,Health Care Equipment,23.54,39.59,21.18,24.2,24.19,23.9,26.46,28.19,29.15,29.89
BDX,Becton Dickinson,Health Care,Health Care Equipment,189.61,249.34,162.35,191.48,194.16,193.13,183.69,181.52,189.74,203.75
BBY,Best Buy,Consumer Discretionary,Computer & Electronics Retail,74.89,99.71,54.24,74.22,73.91,72.2,70.03,68.75,69.06,74.8
TECH,Bio-Techne,Health Care,Life Sciences Tools & Services,53.34,80.52,45.87,54.39,55.09,53.69,53.67,51.58,53.02,59.99
BIIB,Biogen,Health Care,Biotechnology,141.62,206.7,110.04,136.5,137.3,135.06,131.88,128.16,129.98,137.0
BLK,BlackRock,Financials,Asset Management & Custody Banks,1099.49,1171.89,769.66,1120.7,1128.18,1132.37,1104.65,1023.75,1003.29,1002.98
BX,Blackstone Inc.,Financials,Asset Management & Custody Banks,167.34,196.67,114.16,170.39,169.13,170.02,165.41,150.71,148.44,157.48
XYZ,"Block, Inc.",Financials,Transaction & Payment Processing Services,75.79,99.26,44.27,78.37,77.71,76.54,73.83,65.96,64.14,72.27
BK,BNY Mellon,Financials,Asset Management & Custody Banks,104.68,106.57,64.5,105.22,103.94,103.15,98.72,91.74,89.59,86.29
BA,Boeing,Industrials,Aerospace & Defense,232.38,242.69,128.88,235.24,231.81,230.87,225.69,209.05,199.8,188.31
BKNG,Booking Holdings,Consumer Discretionary,"Hotels, Resorts & Cruise Lines",5582.95,5839.41,3680.94,5591.04,5643.59,5556.95,5612.63,5385.14,5214.86,5119.2
BSX,Boston Scientific,Health Care,Health Care Equipment,107.53,108.94,80.5,106.26,106.02,104.57,104.69,103.12,102.16,99.95
BMY,Bristol Myers Squibb,Health Care,Pharmaceuticals,47.5,61.84,42.96,47.32,47.56,47.24,46.97,47.33,49.45,51.89
AVGO,Broadcom,Information Technology,Semiconductors,302.39,317.35,133.38,301.38,297.39,301.42,289.19,254.18,239.17,227.48
BR,Broadridge Financial Solutions,Industrials,Data Processing & Outsourced Services,249.82,271.91,203.77,254.52,257.15,260.06,249.75,243.58,241.34,237.63
BRO,Brown & Brown,Financials,Insurance Brokers,95.29,125.31,90.24,96.0,96.26,95.37,100.25,105.89,108.56,108.11
BLDR,Builders FirstSource,Industrials,Building Products,136.33,203.14,102.6,138.85,138.93,137.19,131.34,122.79,123.66,137.19
BG,Bunge Global,Consumer Staples,Agricultural Products & Services,81.23,98.06,65.6,83.23,84.21,82.73,79.38,78.65,77.59,77.42
BXP,"BXP, Inc.",Real Estate,Office REITs,73.78,86.38,53.45,72.28,70.28,67.59,68.23,67.18,66.64,68.67
CHRW,C.H. Robinson,Industrials,Air Freight & Logistics,128.79,131.17,84.13,128.75,126.61,123.2,109.55,101.3,100.57,101.37
CDNS,Cadence Design Systems,Information Technology,Application Software,347.32,376.45,221.56,348.35,347.36,349.7,335.72,315.66,302.77,300.44
CZR,Caesars Entertainment,Consumer Discretionary,Casinos & Gaming,24.89,45.93,21.4,26.35,26.16,25.54,27.64,27.5,27.35,30.4
CPT,Camden Property Trust,Real Estate,Multi-Family Residential REITs,109.41,124.31,101.41,110.25,109.52,107.85,110.76,112.68,113.55,114.31
CPB,Campbell's Company (The),Consumer Staples,Packaged Foods & Meats,33.73,50.77,29.39,32.17,32.34,32.41,31.86,33.26,34.27,36.41
COF,Capital One,Financials,Consumer Finance,221.33,231.82,129.97,224.7,221.75,217.56,215.72,201.06,194.84,192.6
CAH,Cardinal Health,Health Care,Health Care Distributors,150.56,168.44,104.89,149.53,149.38,150.59,156.81,152.67,148.19,138.53
KMX,CarMax,Consumer Discretionary,Automotive Retail,60.21,91.25,54.53,61.1,60.08,58.61,61.65,63.74,65.9,72.32
CCL,Carnival,Consumer Discretionary,"Hotels, Resorts & Cruise Lines",31.33,32.77,15.07,31.84,31.22,30.36,29.53,25.45,24.3,24.7
CARR,Carrier Global,Industrials,Building Products,62.47,82.31,53.89,64.99,65.7,65.89,70.88,69.54,68.45,68.61
CAT,Caterpillar Inc.,Industrials,Construction Machinery & Heavy Transportation Equipment,415.12,441.15,265.05,423.56,425.55,420.29,413.47,372.56,363.22,365.29
CBOE,Cboe Global Markets,Financials,Financial Exchanges & Data,235.41,255.27,186.22,235.29,241.59,244.84,240.29,231.36,228.23,218.5
CBRE,CBRE Group,Real Estate,Real Estate Services,159.13,165.41,108.45,161.17,161.86,159.44,150.24,138.02,135.89,136.27
CDW,CDW Corporation,Information Technology,Technology Distributors,163.37,227.65,136.33,164.3,164.79,164.35,172.27,171.29,169.46,173.95
COR,Cencora,Health Care,Health Care Distributors,295.14,308.18,216.84,292.41,293.96,291.34,292.67,290.25,285.66,268.84
CNC,Centene Corporation,Health Care,Managed Health Care,30.06,80.59,25.08,29.19,29.13,27.98,31.71,45.19,48.17,52.66
CNP,CenterPoint Energy,Utilities,Multi-Utilities,37.62,39.16,25.67,37.7,37.82,38.02,37.31,37.1,36.71,34.86
CF,CF Industries,Materials,Fertilizers & Agricultural Chemicals,84.77,103.84,66.56,86.5,86.36,85.27,89.98,87.62,85.19,85.4
CRL,Charles River Laboratories,Health Care,Life Sciences Tools & Services,162.33,230.02,91.86,162.58,161.67,157.51,159.69,145.31,148.04,159.52
SCHW,Charles Schwab Corporation,Financials,Investment Banking & Brokerage,96.22,99.42,60.38,96.43,96.27,96.48,94.67,89.43,86.66,83.58
CHTR,Charter Communications,Communication Services,Cable & Satellite,261.22,437.06,254.67,264.8,267.63,265.47,326.03,355.69,356.81,359.82
CVX,Chevron Corporation,Energy,Integrated Oil & Gas,158.06,165.09,129.01,159.81,158.16,155.5,151.49,144.2,146.27,147.53
CMG,Chipotle Mexican Grill,Consumer Discretionary,Restaurants,41.79,66.74,41.18,42.15,42.56,42.71,48.09,49.39,49.42,52.97
CB,Chubb Limited,Financials,Property & Casualty Insurance,278.22,305.88,250.52,275.28,275.9,274.08,275.54,281.28,283.13,279.57
CHD,Church & Dwight,Consumer Staples,Household Products,93.28,115.72,90.22,92.96,93.48,92.92,94.8,96.14,98.39,101.26
CI,Cigna,Health Care,Health Care Services,300.48,365.71,256.89,300.2,301.2,293.0,298.92,309.83,311.76,305.92
CINF,Cincinnati Financial,Financials,Property & Casualty Insurance,153.53,158.92,122.28,153.5,153.64,152.74,149.96,146.44,145.36,144.3
CTAS,Cintas,Industrials,Diversified Support Services,205.61,228.77,179.74,208.53,211.59,216.38,218.33,217.28,213.28,209.49
CSCO,Cisco,Information Technology,Communications Equipment,67.67,72.55,46.57,68.49,67.94,68.6,68.38,64.67,63.62,62.07
C,Citigroup,Financials,Diversified Banks,95.03,97.49,54.51,96.01,95.18,94.39,91.35,81.54,78.76,76.82
CFG,Citizens Financial Group,Financials,Regional Banks,51.67,52.53,31.96,51.92,50.96,49.43,47.95,43.37,42.52,43.38
CLX,Clorox,Consumer Staples,Household Products,122.91,166.9,116.17,119.6,119.65,120.92,122.96,127.41,130.48,140.13
CME,CME Group,Financials,Financial Exchanges & Data,269.35,289.46,198.79,267.63,269.86,273.46,275.42,274.05,271.14,256.85
CMS,CMS Energy,Utilities,Multi-Utilities,71.52,75.33,62.54,71.53,72.09,72.55,71.45,70.97,71.17,69.5
KO,Coca-Cola Company (The),Consumer Staples,Soft Drinks & Non-alcoholic Beverages,68.99,73.85,59.75,68.85,69.34,69.72,69.71,70.36,70.2,67.62
CTSH,Cognizant,Information Technology,IT Consulting & Other Services,71.82,89.77,64.98,71.98,71.77,70.67,73.84,75.29,75.55,77.3
COIN,Coinbase,Financials,Financial Exchanges & Data,302.31,444.65,142.58,305.57,306.69,311.31,347.3,289.06,268.09,272.34
CL,Colgate-Palmolive,Consumer Staples,Household Products,83.81,106.9,82.4,84.03,84.66,84.81,86.74,88.81,89.23,89.29
CMCSA,Comcast,Communication Services,Cable & Satellite,33.89,44.12,31.03,33.87,33.81,33.19,34.05,34.11,34.36,35.45
CAG,Conagra Brands,Consumer Staples,Packaged Foods & Meats,19.2,31.36,18.18,19.01,19.12,19.19,19.29,21.06,21.92,23.21
COP,ConocoPhillips,Energy,Oil & Gas Exploration & Production,94.65,112.56,78.56,97.79,97.06,95.34,93.7,91.05,92.02,94.77
ED,Consolidated Edison,Utilities,Multi-Utilities,97.85,112.97,85.07,98.3,99.61,101.07,100.64,102.77,103.25,99.12
STZ,Constellation Brands,Consumer Staples,Distillers & Vintners,146.49,255.51,146.32,155.86,160.02,164.61,167.02,173.46,174.59,184.78
CEG,Constellation Energy,Utilities,Electric Utilities,308.48,356.57,160.94,311.83,312.33,320.84,321.96,295.16,277.73,273.62
COO,Cooper Companies (The),Health Care,Health Care Supplies,67.14,112.38,61.78,67.71,70.75,71.36,72.09,74.62,75.85,83.05
CPRT,Copart,Industrials,Diversified Support Services,48.12,64.38,45.05,48.55,48.41,47.71,47.4,52.04,52.56,54.78
GLW,Corning Inc.,Information Technology,Electronic Components,69.34,69.79,36.95,68.09,66.86,65.91,59.28,52.94,51.37,50.34
CPAY,Corpay,Financials,Transaction & Payment Processing Services,319.37,400.81,269.02,322.65,322.62,317.61,325.19,326.29,328.31,342.27
CTVA,Corteva,Materials,Fertilizers & Agricultural Chemicals,72.39,77.22,53.14,73.86,73.53,72.54,73.17,69.91,67.99,65.12
CSGP,CoStar Group,Real Estate,Real Estate Services,87.86,97.43,68.26,89.05,89.3,90.12,88.26,83.02,82.05,79.51
COST,Costco,Consumer Staples,Consumer Staples Merchandise Retail,949.78,1075.34,862.73,945.28,953.21,966.28,963.67,981.88,971.29,973.24
CTRA,Coterra,Energy,Oil & Gas Exploration & Production,24.07,29.29,21.55,24.35,24.0,23.87,24.21,24.5,25.02,25.43
CRWD,CrowdStrike,Information Technology,Systems Software,413.2,517.98,242.25,423.0,420.52,424.92,457.9,448.53,429.4,409.64
CCI,Crown Castle,Real Estate,Telecom Tower REITs,97.07,115.8,81.93,98.44,100.6,101.78,103.76,102.02,101.54,97.66
CSX,CSX Corporation,Industrials,Rail Transportation,32.28,37.1,26.01,32.38,33.29,34.52,34.21,32.06,31.49,32.01
CMI,Cummins,Industrials,Construction Machinery & Heavy Transportation Equipment,392.13,406.31,257.24,397.82,397.25,395.42,364.57,336.24,331.74,341.86
CVS,CVS Health,Health Care,Health Care Services,73.32,74.53,42.12,72.93,72.09,69.32,65.99,65.17,65.2,60.76
DHR,Danaher Corporation,Health Care,Life Sciences Tools & Services,199.44,278.43,170.73,203.87,206.04,205.58,201.66,197.62,198.82,209.16
DRI,Darden Restaurants,Consumer Discretionary,Restaurants,208.27,226.68,149.33,207.25,207.01,206.21,208.46,207.46,204.77,195.51
DDOG,Datadog,Information Technology,Application Software,132.6,170.08,81.63,135.33,132.02,131.04,137.06,124.01,119.51,127.74
DVA,DaVita,Health Care,Health Care Services,135.97,179.6,126.07,136.85,137.56,134.81,139.58,140.03,141.79,148.38
DAY,Dayforce,Industrials,Human Resource & Employment Services,69.54,82.69,48.01,69.61,69.27,62.17,59.04,58.35,57.92,63.12
DECK,Deckers Brands,Consumer Discretionary,Footwear,123.67,223.98,93.72,120.21,114.56,109.18,106.55,109.17,110.63,139.46
DE,Deere & Company,Industrials,Agricultural & Farm Machinery,469.52,532.1,373.19,481.89,486.06,493.09,503.17,497.67,491.44,474.89
DELL,Dell Technologies,Information Technology,"Technology Hardware, Storage & Peripherals",124.02,145.54,65.56,126.74,128.28,132.6,128.98,115.8,110.7,112.45
DAL,Delta Air Lines,Industrials,Passenger Airlines,61.27,69.36,34.52,61.48,60.75,59.05,55.38,50.8,49.66,54.69
DVN,Devon Energy,Energy,Oil & Gas Exploration & Production,35.08,43.44,25.71,35.81,35.29,34.27,33.5,32.54,32.9,33.61
DXCM,Dexcom,Health Care,Health Care Equipment,78.92,93.25,57.52,76.0,77.67,78.45,82.07,80.86,78.65,79.96
FANG,Diamondback Energy,Energy,Oil & Gas Exploration & Production,142.29,195.31,112.4,147.43,144.55,142.09,141.94,139.54,140.97,149.32
DLR,Digital Realty,Real Estate,Data Center REITs,161.5,193.72,129.05,166.08,166.03,167.11,171.29,167.96,163.46,167.0
DG,Dollar General,Consumer Staples,Consumer Staples Merchandise Retail,109.69,117.95,65.67,110.36,111.44,112.89,111.73,105.18,100.8,90.59
DLTR,Dollar Tree,Consumer Staples,Consumer Staples Merchandise Retail,102.03,118.06,60.49,109.58,111.09,112.85,110.1,98.58,92.65,84.88
D,Dominion Energy,Utilities,Multi-Utilities,58.92,62.46,47.5,59.62,60.28,60.81,58.94,56.7,56.09,55.33
DPZ,Domino's,Consumer Discretionary,Restaurants,466.6,497.15,390.2,458.74,454.63,450.13,458.54,465.24,462.51,456.21
DASH,DoorDash,Consumer Discretionary,Specialized Consumer Services,248.83,278.15,122.32,246.23,246.16,251.08,246.0,223.09,215.26,202.85
DOV,Dover Corporation,Industrials,Industrial Machinery & Supplies & Components,174.73,220.46,142.22,178.52,179.2,177.88,182.03,177.98,177.39,184.38
DOW,Dow Inc.,Materials,Commodity Chemicals,23.93,51.74,20.11,24.32,24.24,23.12,25.22,26.73,28.05,31.9
DHI,D. R. Horton,Consumer Discretionary,Homebuilding,172.17,197.64,109.8,169.66,168.16,164.36,148.37,135.28,133.63,137.26
DTE,DTE Energy,Utilities,Multi-Utilities,135.49,142.05,112.71,136.54,137.99,138.84,136.53,135.22,134.75,129.6
DUK,Duke Energy,Utilities,Electric Utilities,121.5,126.75,102.41,122.39,123.13,123.4,120.0,118.21,117.89,114.53
DD,DuPont,Materials,Specialty Chemicals,75.57,88.2,53.17,76.58,76.15,73.97,73.28,69.44,70.02,73.06
EMN,Eastman Chemical Company,Materials,Specialty Chemicals,67.57,111.31,56.78,68.87,68.32,66.12,72.03,74.98,77.41,83.97
ETN,Eaton Corporation,Industrials,Electrical Components & Equipment,342.99,398.4,230.37,348.52,347.96,352.46,361.17,334.92,323.85,327.73
EBAY,eBay Inc.,Consumer Discretionary,Broadline Retail,90.16,100.83,55.44,91.31,94.54,95.62,85.64,78.38,75.76,71.48
ECL,Ecolab,Materials,Specialty Chemicals,273.23,286.04,221.08,276.89,279.43,278.11,271.82,262.99,260.48,255.28
EIX,Edison International,Utilities,Electric Utilities,55.35,85.03,46.98,55.47,55.22,55.34,53.08,53.6,53.98,58.57
EW,Edwards Lifesciences,Health Care,Health Care Equipment,81.22,83.0,64.01,81.29,81.3,79.72,78.53,76.72,75.44,74.2
EA,Electronic Arts,Communication Services,Interactive Home Entertainment,167.86,180.7,114.77,170.97,171.32,171.53,160.97,154.37,151.63,148.65
ELV,Elevance Health,Health Care,Managed Health Care,321.59,558.44,273.71,316.56,314.3,305.04,316.4,357.58,370.98,376.89
EMR,Emerson Electric,Industrials,Electrical Components & Equipment,129.5,149.68,89.31,132.18,132.14,132.33,137.06,125.59,122.21,123.14
ENPH,Enphase Energy,Information Technology,Semiconductor Materials & Equipment,37.08,126.19,29.89,37.38,37.15,35.26,37.18,41.23,44.98,53.12
ETR,Entergy,Utilities,Electric Utilities,87.2,91.79,58.14,88.08,88.75,89.19,86.38,84.16,83.72,81.39
EOG,EOG Resources,Energy,Oil & Gas Exploration & Production,120.58,135.49,100.76,123.74,121.94,119.82,119.71,116.0,116.95,120.56
EPAM,EPAM Systems,Information Technology,IT Consulting & Other Services,174.05,269.0,138.15,174.57,172.34,165.26,167.92,168.05,169.3,195.7
EQT,EQT Corporation,Energy,Oil & Gas Exploration & Production,51.55,60.83,31.05,51.9,51.94,51.69,53.86,53.82,53.19,51.16
EFX,Equifax,Industrials,Research & Consulting Services,237.49,307.44,199.2,241.23,245.08,244.67,250.14,253.73,250.3,252.27
EQIX,Equinix,Real Estate,Data Center REITs,762.22,977.63,693.42,779.38,779.6,776.26,779.47,816.28,816.22,854.86
EQR,Equity Residential,Real Estate,Multi-Family Residential REITs,64.67,76.06,58.81,65.05,64.85,64.17,65.56,67.02,67.26,68.38
ERIE,Erie Indemnity,Financials,Insurance Brokers,328.17,539.84,323.76,344.55,352.66,357.26,353.03,360.45,371.22,384.14
ESS,Essex Property Trust,Real Estate,Multi-Family Residential REITs,261.51,310.81,241.65,265.57,264.96,260.75,273.0,275.47,278.49,281.49
EL,Estée Lauder Companies (The),Consumer Staples,Personal Care Products,91.93,101.55,47.94,91.56,90.01,90.29,88.34,75.81,73.56,73.39
EG,Everest Group,Financials,Reinsurance,348.53,400.59,318.14,343.8,343.45,337.75,336.31,340.11,342.76,347.31
EVRG,Evergy,Utilities,Electric Utilities,71.39,73.29,56.31,71.44,71.67,71.78,69.97,68.04,67.55,65.46
ES,Eversource Energy,Utilities,Electric Utilities,63.3,67.15,51.64,64.03,64.53,65.04,65.1,63.31,62.54,60.85
EXC,Exelon,Utilities,Electric Utilities,43.38,47.26,34.98,43.72,44.21,44.47,43.69,43.84,43.79,41.83
EXE,Expand Energy,Energy,Oil & Gas Exploration & Production,97.08,121.47,66.93,96.92,95.96,95.9,101.51,105.59,105.12,102.53
EXPE,Expedia Group,Consumer Discretionary,"Hotels, Resorts & Cruise Lines",212.54,216.21,125.66,213.2,211.68,205.79,189.88,176.14,173.92,178.0
EXPD,Expeditors International,Industrials,Air Freight & Logistics,120.4,129.91,99.78,121.08,120.51,120.0,117.17,114.22,114.55,114.56
EXR,Extra Space Storage,Real Estate,Self-Storage REITs,143.2,178.97,119.72,142.31,141.37,139.27,144.28,144.59,144.38,147.31
XOM,ExxonMobil,Energy,Integrated Oil & Gas,111.91,121.93,96.01,113.4,111.93,108.96,109.45,107.2,107.84,108.03
FFIV,"F5, Inc.",Information Technology,Communications Equipment,309.03,334.0,197.34,313.01,314.36,316.99,306.76,292.16,286.62,280.45
FDS,FactSet,Financials,Financial Exchanges & Data,370.8,495.04,362.41,373.36,377.01,376.72,407.52,422.38,424.58,441.27
FICO,Fair Isaac,Information Technology,Application Software,1520.75,2402.52,1300.0,1494.6,1443.87,1392.43,1527.04,1710.2,1731.03,1840.51
FAST,Fastenal,Industrials,Trading Companies & Distributors,49.52,50.63,31.05,49.75,49.8,49.12,46.31,43.45,42.28,40.49
FRT,Federal Realty Investment Trust,Real Estate,Retail REITs,100.07,114.28,79.72,99.97,99.0,96.18,94.93,94.38,94.3,98.92
FDX,FedEx,Industrials,Air Freight & Logistics,225.34,303.39,193.05,228.81,229.75,229.07,230.29,223.59,225.95,242.91
FIS,Fidelity National Information Services,Financials,Transaction & Payment Processing Services,68.19,90.63,66.18,69.16,69.8,70.25,76.25,77.11,76.07,77.16
FITB,Fifth Third Bancorp,Financials,Regional Banks,45.58,47.75,31.96,45.61,44.82,43.5,42.85,39.96,39.51,40.99
FSLR,First Solar,Information Technology,Semiconductors,201.49,262.72,116.56,196.14,197.76,194.74,181.06,165.27,158.32,165.52
FE,FirstEnergy,Utilities,Electric Utilities,43.4,44.4,36.81,43.56,43.59,43.49,41.73,41.37,40.81,40.23
FI,Fiserv,Financials,Transaction & Payment Processing Services,136.77,238.59,128.22,137.47,138.21,136.42,150.26,164.29,174.53,189.91
F,Ford Motor Company,Consumer Discretionary,Automobile Manufacturers,11.62,11.99,8.21,11.75,11.69,11.5,11.27,10.65,10.43,10.09
FTNT,Fortinet,Information Technology,Systems Software,76.58,114.82,70.12,77.94,78.24,78.81,93.6,97.69,97.47,98.29
FTV,Fortive,Industrials,Industrial Machinery & Supplies & Components,47.03,62.73,45.5,47.77,48.1,47.9,50.01,51.24,51.95,54.54
FOXA,Fox Corporation (Class A),Communication Services,Broadcasting,60.08,61.28,38.53,59.96,59.61,58.09,56.79,54.66,54.36,52.73
FOX,Fox Corporation (Class B),Communication Services,Broadcasting,54.87,55.81,35.71,54.75,54.47,53.05,52.02,50.27,50.06,49.0
BEN,Franklin Resources,Financials,Asset Management & Custody Banks,25.53,26.08,16.03,25.56,25.29,25.29,24.76,22.58,21.82,21.16
FCX,Freeport-McMoRan,Materials,Copper,46.21,51.85,27.45,44.76,43.81,42.74,43.39,40.7,39.97,39.72
GRMN,Garmin,Consumer Discretionary,Consumer Electronics,236.91,244.52,159.09,237.92,235.06,233.7,225.44,211.56,210.62,211.47
IT,Gartner,Information Technology,IT Consulting & Other Services,247.58,584.01,223.65,248.75,246.71,241.56,317.84,370.28,382.74,431.05
GE,GE Aerospace,Industrials,Aerospace & Defense,275.93,281.5,158.81,275.17,271.81,271.65,264.62,242.75,233.28,215.18
GEHC,GE HealthCare,Health Care,Health Care Equipment,72.38,94.71,57.59,73.14,73.66,73.33,74.15,71.77,73.12,77.42
GEV,GE Vernova,Industrials,Heavy Electrical Equipment,577.04,677.29,187.18,605.15,607.16,622.45,592.29,507.34,467.65,424.06
GEN,Gen Digital,Information Technology,Systems Software,29.66,32.09,22.55,30.06,30.64,30.67,30.09,28.68,28.24,28.16
GNRC,Generac,Industrials,Electrical Components & Equipment,175.14,203.25,99.5,182.76,187.12,192.41,170.61,145.82,142.13,148.73
GD,General Dynamics,Industrials,Aerospace & Defense,322.81,326.02,236.67,324.43,321.78,318.28,308.19,291.18,285.52,276.33
GIS,General Mills,Consumer Staples,Packaged Foods & Meats,49.75,72.88,48.29,49.22,49.43,49.52,50.17,52.27,53.53,56.12
GM,General Motors,Consumer Discretionary,Automobile Manufacturers,57.75,60.75,41.47,58.42,58.08,56.48,53.82,50.61,50.01,50.47
GPC,Genuine Parts Company,Consumer Discretionary,Distributors,136.27,140.81,103.16,138.16,138.16,136.99,130.86,125.59,124.26,122.08
GILD,Gilead Sciences,Health Care,Biotechnology,112.99,121.83,75.31,113.03,114.37,115.88,113.18,109.26,109.31,103.8
GPN,Global Payments,Financials,Transaction & Payment Processing Services,86.76,119.03,65.72,87.73,87.72,86.12,83.01,80.24,83.13,93.36
GL,Globe Life,Financials,Life & Health Insurance,140.57,144.0,98.18,140.28,140.05,139.36,131.52,126.14,125.99,121.67
GDDY,GoDaddy,Information Technology,Internet Services & Infrastructure,143.49,216.0,132.51,146.38,146.35,144.99,159.99,170.29,171.51,181.46
GS,Goldman Sachs,Financials,Investment Banking & Brokerage,730.56,749.32,434.87,739.91,734.63,730.54,715.15,644.79,622.78,613.28
HAL,Halliburton,Energy,Oil & Gas Equipment & Services,21.59,31.9,18.56,22.39,22.08,21.57,21.63,21.18,21.75,23.88
HIG,Hartford (The),Financials,Property & Casualty Insurance,133.15,134.41,103.64,132.22,132.51,130.8,126.16,125.22,123.78,119.5
HAS,Hasbro,Consumer Discretionary,Leisure Products,79.03,82.19,48.07,80.62,80.67,79.55,76.91,69.54,67.39,64.25
HCA,HCA Healthcare,Health Care,Health Care Facilities,407.61,414.51,288.77,406.01,405.42,396.23,378.25,369.55,362.07,345.11
DOC,Healthpeak Properties,Real Estate,Health Care REITs,17.73,22.06,16.35,17.88,17.68,17.32,17.57,17.42,17.81,18.54
HSIC,Henry Schein,Health Care,Health Care Distributors,67.13,82.49,60.56,68.62,68.71,67.96,70.13,69.46,69.49,71.26
HSY,Hershey Company (The),Consumer Staples,Packaged Foods & Meats,184.69,202.98,136.73,183.17,182.23,181.12,176.99,169.84,169.29,166.96
HPE,Hewlett Packard Enterprise,Information Technology,"Technology Hardware, Storage & Peripherals",22.82,24.28,11.88,22.79,22.43,21.73,20.91,18.87,18.14,19.32
HLT,Hilton Worldwide,Consumer Discretionary,"Hotels, Resorts & Cruise Lines",275.0,279.73,195.81,275.89,274.47,270.45,269.6,254.2,248.91,250.67
HOLX,Hologic,Health Care,Health Care Equipment,66.24,84.39,51.9,66.66,67.13,67.5,66.23,62.8,62.55,65.9
HD,Home Depot (The),Consumer Discretionary,Home Improvement Retail,407.71,431.63,324.29,407.3,406.51,400.91,382.08,371.55,368.55,380.64
HON,Honeywell,Industrials,Industrial Conglomerates,214.0,240.47,177.52,218.74,219.41,217.98,225.26,219.65,216.82,217.44
HRL,Hormel Foods,Consumer Staples,Packaged Foods & Meats,25.35,32.84,23.71,26.01,27.45,27.98,28.93,29.37,29.37,29.53
HST,Host Hotels & Resorts,Real Estate,Hotel & Resort REITs,17.19,18.53,12.06,17.23,16.91,16.3,16.15,15.43,15.21,15.8
HWM,Howmet Aerospace,Industrials,Aerospace & Defense,174.49,193.13,90.47,174.72,173.7,175.54,180.02,167.71,159.63,145.04
HPQ,HP Inc.,Information Technology,"Technology Hardware, Storage & Peripherals",28.7,38.63,20.97,28.33,27.69,27.01,25.91,25.69,25.99,28.68
HUBB,Hubbell Incorporated,Industrials,Industrial Machinery & Supplies & Components,428.8,475.24,297.55,435.83,435.12,431.13,424.77,398.06,385.53,398.5
HUM,Humana,Health Care,Managed Health Care,311.98,377.69,206.87,304.17,300.09,287.36,257.23,251.98,254.1,260.73
HBAN,Huntington Bancshares,Financials,Regional Banks,17.61,17.92,11.8,17.74,17.43,16.91,16.86,15.94,15.62,15.95
HII,Huntington Ingalls Industries,Industrials,Aerospace & Defense,269.33,291.7,155.93,271.76,269.82,267.73,259.25,241.62,232.71,214.83
IBM,IBM,Information Technology,IT Consulting & Other Services,244.1,294.17,193.27,243.93,242.58,241.79,262.65,258.74,255.46,245.96
IEX,IDEX Corporation,Industrials,Industrial Machinery & Supplies & Components,161.32,235.67,152.2,163.85,164.67,163.76,172.09,174.73,175.53,189.03
IDXX,Idexx Laboratories,Health Care,Health Care Equipment,633.95,688.12,356.14,641.68,640.99,644.49,586.1,535.1,511.01,481.7
ITW,Illinois Tool Works,Industrials,Industrial Machinery & Supplies & Components,261.25,274.77,213.36,264.15,264.61,262.32,258.29,249.47,249.01,252.61
INCY,Incyte,Health Care,Biotechnology,86.96,87.99,53.56,85.22,85.26,83.85,75.84,69.54,68.26,69.7
IR,Ingersoll Rand,Industrials,Industrial Machinery & Supplies & Components,77.38,105.95,65.58,79.13,79.36,78.75,82.66,80.85,80.58,85.56
PODD,Insulet Corporation,Health Care,Health Care Equipment,343.53,350.0,199.69,340.06,335.27,322.57,305.64,298.19,290.23,283.07
INTC,Intel,Information Technology,Semiconductors,24.0,27.55,17.67,24.47,24.31,23.26,22.59,21.56,21.73,21.7
ICE,Intercontinental Exchange,Financials,Financial Exchanges & Data,175.13,189.35,141.51,176.25,178.03,180.65,181.8,176.86,175.26,168.39
IFF,International Flavors & Fragrances,Materials,Specialty Chemicals,65.71,105.18,62.33,66.73,66.77,65.94,71.16,73.34,74.11,78.05
IP,International Paper,Materials,Paper & Plastic Packaging Products & Materials,48.17,58.71,42.44,48.87,48.64,47.89,49.14,47.73,48.28,50.63
IPG,Interpublic Group of Companies (The),Communication Services,Advertising,26.46,31.81,21.93,26.44,26.48,25.87,25.12,24.44,24.63,25.63
INTU,Intuit,Information Technology,Application Software,668.68,813.7,531.0,665.81,670.51,698.6,742.76,711.05,687.9,662.77
ISRG,Intuitive Surgical,Health Care,Health Care Equipment,441.18,616.0,425.0,465.71,469.77,473.09,497.49,512.43,508.88,527.88
IVZ,Invesco,Financials,Asset Management & Custody Banks,21.7,22.25,11.33,21.87,21.59,21.22,19.48,16.8,16.36,16.68
INVH,Invitation Homes,Real Estate,Single-Family Residential REITs,30.23,36.53,29.11,30.78,30.78,30.5,31.45,32.44,32.59,32.24
IQV,IQVIA,Health Care,Life Sciences Tools & Services,184.62,252.69,134.65,187.34,188.11,186.95,177.96,163.19,166.03,178.28
IRM,Iron Mountain,Real Estate,Other Specialized REITs,89.81,127.24,71.77,91.09,91.44,91.36,96.04,95.26,93.07,97.29
JBHT,J.B. Hunt,Industrials,Cargo Ground Transportation,145.38,198.61,122.01,144.88,144.75,143.7,146.19,141.61,142.76,154.14
JBL,Jabil,Information Technology,Electronic Manufacturing Services,203.2,232.75,99.48,205.58,206.4,212.78,217.78,189.62,178.84,167.79
JKHY,Jack Henry & Associates,Financials,Transaction & Payment Processing Services,161.59,195.38,157.8,162.24,162.76,162.14,171.11,174.22,174.8,173.99
J,Jacobs Solutions,Industrials,Construction & Engineering,143.37,152.07,104.68,146.02,146.71,147.33,140.75,132.02,129.45,130.68
JNJ,Johnson & Johnson,Health Care,Pharmaceuticals,178.0,179.84,137.37,177.09,177.22,175.07,165.91,158.94,158.84,154.84
JCI,Johnson Controls,Industrials,Building Products,105.34,112.63,66.5,107.22,106.9,106.02,106.33,99.5,95.45,90.36
JPM,JPMorgan Chase,Financials,Diversified Banks,299.51,302.95,196.2,300.2,297.44,294.06,291.94,273.32,265.42,259.63
K,Kellanova,Consumer Staples,Packaged Foods & Meats,79.04,82.04,77.13,78.99,79.2,79.35,79.16,80.06,80.28,80.06
KVUE,Kenvue,Consumer Staples,Personal Care Products,20.45,24.71,19.2,20.65,20.99,21.15,21.29,21.95,22.12,21.91
KDP,Keurig Dr Pepper,Consumer Staples,Soft Drinks & Non-alcoholic Beverages,29.09,37.26,28.58,29.22,31.17,32.84,33.18,33.37,33.38,32.77
KEY,KeyCorp,Financials,Regional Banks,18.95,19.29,12.43,19.08,18.81,18.24,18.02,16.62,16.32,16.65
KEYS,Keysight Technologies,Information Technology,Electronic Equipment & Instruments,165.32,186.2,121.43,164.82,163.98,164.07,164.1,158.68,156.78,160.95
KMB,Kimberly-Clark,Consumer Staples,Household Products,128.0,149.05,121.86,128.98,130.52,132.4,130.4,132.63,133.88,132.58
KIM,Kimco Realty,Real Estate,Retail REITs,22.48,24.97,17.71,22.4,22.17,21.68,21.52,21.07,20.94,21.58
KMI,Kinder Morgan,Energy,Oil & Gas Storage & Transportation,26.73,30.49,19.68,26.86,26.75,26.72,27.34,27.19,27.1,26.98
KKR,KKR & Co.,Financials,Asset Management & Custody Banks,134.83,169.7,85.9,138.72,139.01,141.19,141.2,129.14,125.77,134.63
KLAC,KLA Corporation,Information Technology,Semiconductor Materials & Equipment,843.9,957.18,548.81,869.03,873.39,890.91,902.1,826.78,797.39,755.57
KHC,Kraft Heinz,Consumer Staples,Packaged Foods & Meats,26.93,34.58,25.07,27.13,27.2,27.19,26.98,27.0,27.45,28.05
KR,Kroger,Consumer Staples,Food Retail,68.2,74.52,49.68,68.02,69.21,70.44,70.72,69.6,68.81,65.73
LHX,L3Harris,Industrials,Aerospace & Defense,273.11,280.52,191.09,275.93,276.15,273.92,267.07,248.71,240.86,231.69
LH,Labcorp,Health Care,Health Care Services,273.84,282.74,208.23,275.9,276.33,272.02,262.66,252.75,249.06,244.97
LRCX,Lam Research,Information Technology,Semiconductor Materials & Equipment,97.74,108.02,56.18,100.54,100.52,101.11,99.54,89.38,86.16,82.68
LW,Lamb Weston,Consumer Staples,Packaged Foods & Meats,56.55,82.35,47.25,56.71,56.28,54.78,53.78,53.31,53.19,57.35
LVS,Las Vegas Sands,Consumer Discretionary,Casinos & Gaming,55.37,58.05,29.84,56.88,55.9,54.64,51.12,44.93,43.93,45.17
LDOS,Leidos,Industrials,Diversified Support Services,177.71,201.22,122.92,180.85,181.06,179.34,168.45,158.38,153.8,151.42
LEN,Lennar,Consumer Discretionary,Homebuilding,134.08,184.74,97.54,133.27,132.96,129.67,119.66,113.53,113.92,122.69
LII,Lennox International,Industrials,Building Products,545.04,689.44,497.88,554.59,566.28,581.13,597.16,577.98,575.73,594.22
LLY,Lilly (Eli),Health Care,Pharmaceuticals,737.83,962.29,622.41,734.35,723.0,697.74,745.98,760.77,771.17,783.68
LIN,Linde plc,Materials,Industrial Gases,471.78,486.38,407.35,477.81,479.36,477.11,471.54,463.75,461.87,454.06
LYV,Live Nation Entertainment,Communication Services,Movies & Entertainment,161.97,167.5,92.57,165.22,164.87,160.93,153.78,145.99,141.73,140.61
LKQ,LKQ Corporation,Consumer Discretionary,Distributors,31.98,43.77,28.65,32.18,31.71,31.01,33.62,36.53,37.43,37.46
LMT,Lockheed Martin,Industrials,Aerospace & Defense,449.06,602.02,407.14,451.59,448.43,440.05,443.09,454.7,453.45,460.64
L,Loews Corporation,Financials,Multi-line Insurance,96.88,97.41,74.95,96.56,96.37,95.43,92.86,90.22,89.6,87.69
LOW,Lowe's,Consumer Discretionary,Home Improvement Retail,260.68,281.56,204.22,258.74,258.74,252.94,235.64,228.76,228.29,237.87
LULU,Lululemon Athletica,Consumer Discretionary,"Apparel, Accessories & Luxury Goods",198.53,423.32,185.95,202.32,202.04,198.62,214.78,247.81,259.89,302.17
LYB,LyondellBasell,Materials,Specialty Chemicals,54.19,91.16,46.44,55.7,55.78,52.98,56.91,56.22,58.27,63.45
MTB,M&T Bank,Financials,Regional Banks,198.57,219.44,148.52,199.51,197.36,192.59,193.38,183.77,181.23,186.46
MPC,Marathon Petroleum,Energy,Oil & Gas Refining & Marketing,179.0,183.5,113.82,179.21,174.34,167.52,170.16,159.9,155.65,152.31
MKTX,MarketAxess,Financials,Financial Exchanges & Data,181.59,292.5,179.1,183.14,186.03,186.43,202.83,211.2,211.21,215.51
MAR,Marriott International,Consumer Discretionary,"Hotels, Resorts & Cruise Lines",265.07,305.27,204.35,267.47,267.27,265.34,269.54,260.47,256.17,265.81
MMC,Marsh McLennan,Financials,Insurance Brokers,205.27,246.94,196.27,205.87,207.56,206.82,208.64,216.57,219.9,219.89
MLM,Martin Marietta Materials,Materials,Construction Materials,611.2,629.6,440.72,614.09,609.71,608.32,582.01,557.54,541.23,540.13
MAS,Masco,Industrials,Building Products,72.33,85.23,56.02,73.24,73.59,72.63,68.65,65.44,66.06,69.8
MA,Mastercard,Financials,Transaction & Payment Processing Services,593.28,601.77,464.22,592.32,593.0,584.77,569.64,563.69,556.92,549.08
MTCH,Match Group,Communication Services,Interactive Media & Services,37.59,39.2,26.24,37.28,37.2,37.26,34.55,32.12,31.78,31.98
MKC,McCormick & Company,Consumer Staples,Packaged Foods & Meats,69.84,85.22,68.23,69.91,70.37,70.02,71.58,72.81,74.14,74.97
MCD,McDonald's,Consumer Discretionary,Restaurants,316.39,322.65,271.85,312.81,312.2,308.71,300.57,304.0,303.98,298.66
MCK,McKesson Corporation,Health Care,Health Care Distributors,690.84,737.01,462.37,686.24,688.49,680.12,700.5,703.39,695.13,658.62
MDT,Medtronic,Health Care,Health Care Equipment,92.25,94.71,77.57,92.48,92.37,92.13,90.47,87.17,87.43,86.46
MRK,Merck & Co.,Health Care,Pharmaceuticals,84.18,116.37,72.58,84.21,84.95,83.46,82.28,80.26,82.0,86.67
META,Meta Platforms,Communication Services,Interactive Media & Services,737.05,796.25,479.43,741.87,745.84,759.18,736.91,676.98,658.74,648.49
MET,MetLife,Financials,Life & Health Insurance,80.57,87.17,64.24,80.88,80.6,78.65,77.88,77.19,77.41,79.17
MTD,Mettler Toledo,Health Care,Life Sciences Tools & Services,1268.6,1521.01,946.69,1282.8,1290.49,1287.65,1243.84,1180.33,1180.35,1214.71
MGM,MGM Resorts,Consumer Discretionary,Casinos & Gaming,38.11,42.54,25.3,39.21,38.33,36.93,36.89,34.42,33.67,34.29
MCHP,Microchip Technology,Information Technology,Semiconductors,63.28,80.23,33.63,64.76,66.1,65.2,68.75,61.69,59.18,58.71
MU,Micron Technology,Information Technology,Semiconductors,118.72,129.73,61.48,119.19,117.96,119.33,118.02,105.31,102.07,100.13
MSFT,Microsoft,Information Technology,Systems Software,505.35,554.54,343.59,506.71,505.62,512.83,508.62,472.28,454.06,441.77
MAA,Mid-America Apartment Communities,Real Estate,Multi-Family Residential REITs,143.41,170.0,137.32,144.02,143.11,141.72,145.55,150.2,152.05,152.34
MRNA,Moderna,Health Care,Biotechnology,24.05,79.96,23.15,24.38,25.22,26.02,28.93,27.61,28.36,32.14
MHK,Mohawk Industries,Consumer Discretionary,Home Furnishings,130.58,164.29,96.24,131.7,130.31,127.78,118.41,111.1,111.45,116.65
MOH,Molina Healthcare,Health Care,Managed Health Care,177.04,365.23,151.95,178.39,176.28,168.47,195.98,254.27,268.27,278.63
TAP,Molson Coors Beverage Company,Consumer Staples,Brewers,49.81,64.07,46.94,50.38,50.97,50.92,50.03,52.32,53.78,55.09
MDLZ,Mondelez International,Consumer Staples,Packaged Foods & Meats,61.3,73.95,53.2,61.51,62.11,62.03,65.49,65.86,65.73,63.58
MPWR,Monolithic Power Systems,Information Technology,Semiconductors,827.56,947.45,437.93,842.35,839.13,833.48,776.27,709.49,682.68,658.41
MNST,Monster Beverage,Consumer Staples,Soft Drinks & Non-alcoholic Beverages,63.51,66.75,45.7,62.47,62.83,63.11,61.61,61.51,60.6,57.21
MCO,Moody's Corporation,Financials,Financial Exchanges & Data,496.44,528.95,377.3,504.84,508.6,511.71,505.6,484.75,477.59,480.65
MS,Morgan Stanley,Financials,Investment Banking & Brokerage,148.53,150.75,91.36,149.48,148.02,146.33,142.91,132.56,128.74,128.87
MOS,Mosaic Company (The),Materials,Fertilizers & Agricultural Chemicals,32.69,38.23,22.14,33.36,33.08,32.52,34.78,33.67,32.11,29.68
MSI,Motorola Solutions,Information Technology,Communications Equipment,474.16,503.98,387.87,472.03,466.29,462.47,439.13,428.26,426.73,440.96
MSCI,MSCI Inc.,Financials,Financial Exchanges & Data,551.61,636.39,483.67,562.39,567.34,560.76,563.62,557.44,556.04,569.59
NDAQ,"Nasdaq, Inc.",Financials,Financial Exchanges & Data,93.77,97.63,64.64,94.44,94.46,95.07,92.7,86.28,83.81,82.21
NTAP,NetApp,Information Technology,"Technology Hardware, Storage & Peripherals",116.47,133.34,71.49,114.8,112.11,109.7,107.1,101.08,98.54,106.03
NFLX,Netflix,Communication Services,Movies & Entertainment,1226.18,1341.15,660.8,1220.7,1217.24,1215.98,1228.98,1187.06,1134.78,1058.29
NEM,Newmont,Materials,Gold,75.42,76.52,36.47,74.21,72.44,70.55,64.54,59.1,56.54,50.86
NWSA,News Corp (Class A),Communication Services,Publishing,28.94,30.75,23.38,29.27,29.61,29.42,29.47,28.52,28.15,28.25
NWS,News Corp (Class B),Communication Services,Publishing,32.89,35.58,26.25,33.63,34.1,33.94,33.95,32.89,32.38,32.14
NEE,NextEra Energy,Utilities,Multi-Utilities,71.63,83.5,60.75,72.35,73.76,73.2,72.67,70.64,70.41,70.4
NKE,"Nike, Inc.",Consumer Discretionary,"Apparel, Accessories & Luxury Goods",74.74,88.65,51.67,76.23,76.78,76.08,74.16,66.62,66.64,69.57
NI,NiSource,Utilities,Multi-Utilities,41.8,43.51,31.88,42.15,42.36,42.29,41.26,40.07,39.77,38.7
NDSN,Nordson Corporation,Industrials,Industrial Machinery & Supplies & Components,221.97,263.91,164.43,224.02,223.29,218.87,217.98,208.38,206.64,212.89
NSC,Norfolk Southern,Industrials,Rail Transportation,278.19,291.69,199.43,277.31,279.51,280.27,272.59,253.49,248.39,247.87
NTRS,Northern Trust,Financials,Asset Management & Custody Banks,129.7,133.0,81.05,130.66,130.1,128.23,127.5,114.35,110.75,109.02
NOC,Northrop Grumman,Industrials,Aerospace & Defense,581.01,598.64,420.66,585.59,587.83,584.76,551.81,519.21,513.8,497.04
NCLH,Norwegian Cruise Line Holdings,Consumer Discretionary,"Hotels, Resorts & Cruise Lines",25.34,29.29,14.21,25.03,24.68,24.53,23.4,20.61,20.27,22.53
NRG,NRG Energy,Utilities,Independent Power Producers & Energy Traders,146.91,175.96,74.96,146.87,146.45,149.19,153.72,143.93,133.88,120.74
NUE,Nucor,Materials,Steel,145.21,168.24,97.18,148.09,147.26,144.66,141.11,128.48,127.31,128.8
NVDA,Nvidia,Information Technology,Semiconductors,170.62,184.48,86.61,175.47,176.73,178.86,171.59,148.84,141.39,138.98
NVR,"NVR, Inc.",Consumer Discretionary,Homebuilding,8190.23,9964.77,6562.85,8117.27,8098.0,8071.19,7787.96,7473.35,7428.73,7714.94
NXPI,NXP Semiconductors,Information Technology,Semiconductors,228.2,253.03,147.4,234.49,233.45,226.54,224.39,209.78,206.91,210.21
ORLY,O’Reilly Automotive,Consumer Discretionary,Automotive Retail,103.84,104.86,73.11,103.75,103.36,103.02,97.48,94.37,93.64,90.05
OXY,Occidental Petroleum,Energy,Oil & Gas Exploration & Production,46.3,56.01,34.59,47.27,46.34,45.2,44.41,42.92,43.53,45.44
ODFL,Old Dominion,Industrials,Cargo Ground Transportation,148.11,232.21,140.91,150.5,152.16,150.73,157.41,158.33,159.61,172.74
OMC,Omnicom Group,Communication Services,Advertising,77.53,103.32,67.76,77.38,77.53,75.79,73.81,73.25,74.21,78.93
ON,ON Semiconductor,Information Technology,Semiconductors,47.79,78.47,31.04,49.67,50.04,49.73,53.86,48.65,47.24,51.83
OKE,Oneok,Energy,Oil & Gas Storage & Transportation,73.87,113.92,72.18,75.17,74.72,74.54,77.88,79.72,82.21,88.82
ORCL,Oracle Corporation,Information Technology,Application Software,223.45,260.87,118.18,230.2,232.52,240.44,237.83,198.74,187.91,182.09
OTIS,Otis Worldwide,Industrials,Industrial Machinery & Supplies & Components,85.67,105.86,83.85,86.36,87.15,87.25,91.77,93.68,94.91,95.22
PCAR,Paccar,Industrials,Construction Machinery & Heavy Transportation Equipment,96.22,114.66,84.08,99.44,99.52,98.86,97.7,94.68,95.35,99.86
PKG,Packaging Corporation of America,Materials,Paper & Plastic Packaging Products & Materials,212.93,246.22,171.6,214.94,211.97,204.1,201.25,194.66,194.53,205.7
PLTR,Palantir Technologies,Information Technology,Application Software,154.9,190.0,29.31,156.71,157.25,168.26,156.22,138.08,127.49,109.95
PANW,Palo Alto Networks,Information Technology,Systems Software,191.53,210.39,144.15,190.24,187.36,180.52,188.94,188.06,185.58,187.28
PSKY,Paramount Skydance Corporation,Communication Services,Movies & Entertainment,15.06,17.53,9.78,14.74,15.15,13.8,13.2,12.43,12.25,11.7
PH,Parker Hannifin,Industrials,Industrial Machinery & Supplies & Components,748.53,771.47,485.92,757.46,751.86,742.6,724.29,678.74,663.52,665.39
PAYX,Paychex,Industrials,Human Resource & Employment Services,135.63,160.03,125.38,137.68,138.31,138.42,141.55,145.82,145.79,144.34
PAYC,Paycom,Industrials,Human Resource & Employment Services,221.35,267.33,152.1,224.42,226.39,224.55,227.65,234.5,230.14,224.35
PYPL,PayPal,Financials,Transaction & Payment Processing Services,69.64,93.66,55.85,69.76,69.4,69.11,71.87,70.38,69.68,75.15
PNR,Pentair,Industrials,Industrial Machinery & Supplies & Components,106.84,109.99,73.85,107.84,107.44,106.2,104.92,99.36,96.63,98.28
PEP,PepsiCo,Consumer Staples,Soft Drinks & Non-alcoholic Beverages,148.64,174.44,126.36,148.44,148.67,147.92,141.81,137.09,139.09,142.98
PFE,Pfizer,Health Care,Pharmaceuticals,24.79,28.43,20.18,24.84,25.13,24.95,24.61,23.64,23.77,24.19
PCG,PG&E Corporation,Utilities,Multi-Utilities,15.35,21.62,12.97,15.2,15.12,15.16,14.36,15.38,15.65,16.6
PM,Philip Morris International,Consumer Staples,Tobacco,163.22,185.29,114.24,165.54,168.09,167.89,171.28,171.59,167.62,153.51
PSX,Phillips 66,Energy,Oil & Gas Refining & Marketing,130.53,135.71,89.26,132.68,130.08,125.04,124.41,117.4,117.53,118.4
PNW,Pinnacle West Capital,Utilities,Multi-Utilities,88.73,94.64,79.08,89.33,90.14,91.2,90.46,90.43,90.53,88.89
PNC,PNC Financial Services,Financials,Diversified Banks,205.0,210.46,142.39,205.9,202.44,196.69,193.92,180.58,177.95,183.98
POOL,Pool Corporation,Consumer Discretionary,Distributors,304.74,391.14,281.15,310.67,314.05,314.81,308.54,304.35,308.06,322.88
PPG,PPG Industries,Materials,Specialty Chemicals,109.19,133.97,89.08,110.67,111.6,110.4,112.05,109.75,109.38,112.35
PPL,PPL Corporation,Utilities,Electric Utilities,36.22,37.38,30.57,36.46,36.6,36.6,35.65,35.16,35.02,34.21
PFG,Principal Financial Group,Financials,Life & Health Insurance,80.18,89.5,67.72,80.34,80.06,78.69,79.17,77.58,78.31,79.25
PG,Procter & Gamble,Consumer Staples,Personal Care Products,158.17,177.66,149.91,157.16,157.48,156.12,156.09,159.08,160.47,162.62
PGR,Progressive Corporation,Financials,Property & Casualty Insurance,246.72,292.77,228.37,246.09,247.14,247.18,249.08,262.29,265.05,259.82
PLD,Prologis,Real Estate,Industrial REITs,110.95,128.08,84.54,112.27,111.52,108.83,108.05,106.25,106.67,108.72
PRU,Prudential Financial,Financials,Life & Health Insurance,107.43,125.75,88.12,108.54,108.54,106.14,104.66,103.03,103.52,107.71
PEG,Public Service Enterprise Group,Utilities,Electric Utilities,81.35,93.08,74.08,82.18,82.91,84.65,84.64,82.28,81.87,82.91
PTC,PTC Inc.,Information Technology,Application Software,212.24,219.69,133.38,213.99,213.48,210.51,199.74,181.0,175.94,179.25
PSA,Public Storage,Real Estate,Self-Storage REITs,291.76,359.28,254.04,291.48,290.35,286.29,287.41,291.4,291.46,295.81
PHM,PulteGroup,Consumer Discretionary,Homebuilding,133.3,148.55,87.88,131.98,130.76,127.97,118.43,109.42,108.08,110.64
PWR,Quanta Services,Industrials,Construction & Engineering,374.41,424.94,227.02,378.91,379.07,381.41,387.28,356.04,336.18,328.25
QCOM,Qualcomm,Information Technology,Semiconductors,157.28,179.1,120.08,159.47,158.05,155.46,156.19,151.45,151.29,154.76
DGX,Quest Diagnostics,Health Care,Health Care Services,179.51,185.62,144.09,179.76,180.62,179.32,174.93,174.23,172.72,167.31
RL,Ralph Lauren Corporation,Consumer Discretionary,"Apparel, Accessories & Luxury Goods",313.36,317.34,166.41,302.72,295.17,293.63,290.19,269.97,259.65,252.56
RJF,Raymond James Financial,Financials,Investment Banking & Brokerage,166.56,173.13,112.35,168.2,166.46,165.65,162.27,152.86,149.97,153.61
RTX,RTX Corporation,Industrials,Aerospace & Defense,158.11,161.26,111.21,159.04,158.02,156.31,152.16,142.24,139.54,132.26
O,Realty Income,Real Estate,Retail REITs,57.95,61.61,49.53,58.07,58.37,57.93,57.19,56.4,56.08,54.91
REG,Regency Centers,Real Estate,Retail REITs,72.23,76.68,62.82,72.35,72.1,71.92,71.15,71.13,71.12,71.42
REGN,Regeneron Pharmaceuticals,Health Care,Biotechnology,563.8,1187.45,475.77,577.79,582.77,572.74,558.36,557.15,575.08,627.09
RF,Regions Financial Corporation,Financials,Regional Banks,26.94,27.31,17.36,27.03,26.6,25.84,25.12,22.95,22.5,23.01
RSG,Republic Services,Industrials,Environmental & Facilities Services,232.49,258.14,195.62,233.52,234.0,234.11,238.1,242.97,241.36,231.2
RMD,ResMed,Health Care,Health Care Equipment,269.21,293.81,199.07,274.41,281.41,282.64,271.03,255.26,248.2,244.06
RVTY,Revvity,Health Care,Health Care Equipment,83.36,129.23,82.04,87.83,89.81,89.17,93.55,93.33,96.1,103.46
ROK,Rockwell Automation,Industrials,Electrical Components & Equipment,338.66,359.54,213.27,343.65,345.42,341.65,342.98,314.17,302.35,295.46
ROL,"Rollins, Inc.",Industrials,Environmental & Facilities Services,56.3,58.96,44.94,56.48,57.0,57.46,56.75,56.51,55.62,53.05
ROP,Roper Technologies,Information Technology,Electronic Equipment & Instruments,524.13,593.46,498.03,524.94,528.37,529.28,545.74,555.39,558.46,554.92
ROST,Ross Stores,Consumer Discretionary,Apparel Retail,150.73,157.36,122.01,149.7,148.35,147.67,138.92,139.82,137.47,140.82
RCL,Royal Caribbean Group,Consumer Discretionary,"Hotels, Resorts & Cruise Lines",355.0,366.5,152.4,359.44,349.47,331.62,330.24,284.12,268.74,258.55
SPGI,S&P Global,Financials,Financial Exchanges & Data,539.24,578.04,425.6,544.95,549.1,553.18,538.76,518.84,512.82,511.92
CRM,Salesforce,Information Technology,Application Software,256.45,367.42,226.48,254.05,250.24,245.01,256.89,262.53,264.38,289.35
SBAC,SBA Communications,Real Estate,Telecom Tower REITs,199.31,247.78,189.7,204.07,212.71,215.44,224.84,226.54,224.52,217.77
SLB,Schlumberger,Energy,Oil & Gas Equipment & Services,35.0,45.17,30.85,36.04,35.4,34.21,34.55,34.4,35.46,37.31
STX,Seagate Technology,Information Technology,"Technology Hardware, Storage & Peripherals",176.32,176.49,62.86,170.77,165.53,159.61,152.56,128.0,119.0,110.07
SRE,Sempra,Utilities,Multi-Utilities,82.23,93.45,61.37,82.28,82.13,81.93,79.23,76.79,75.14,78.32
NOW,ServiceNow,Information Technology,Systems Software,919.38,1198.09,678.66,912.97,896.34,884.62,941.89,950.97,923.73,969.63
SHW,Sherwin-Williams,Materials,Specialty Chemicals,363.03,397.81,307.5,364.67,366.07,362.32,350.7,348.88,347.32,351.72
SPG,Simon Property Group,Real Estate,Retail REITs,179.86,185.37,134.57,179.38,177.43,173.65,167.58,162.2,161.74,166.2
SWKS,Skyworks Solutions,Information Technology,Semiconductors,73.56,106.63,47.01,74.57,74.94,73.24,73.0,69.64,68.52,73.04
SJM,J.M. Smucker Company (The),Consumer Staples,Packaged Foods & Meats,112.05,121.73,92.38,108.86,110.56,110.48,106.63,107.75,108.51,107.59
SW,Smurfit Westrock,Materials,Paper & Plastic Packaging Products & Materials,46.95,55.46,36.31,46.69,45.7,44.47,45.08,43.64,43.59,46.81
SNA,Snap-on,Industrials,Industrial Machinery & Supplies & Components,321.85,366.68,262.13,325.58,326.42,324.5,320.99,317.92,319.63,327.86
SOLV,Solventum,Health Care,Health Care Technology,71.4,85.92,60.7,72.37,72.59,72.49,73.62,72.09,72.39,72.2
SO,Southern Company,Utilities,Electric Utilities,91.66,95.68,78.5,92.31,93.18,93.46,92.87,90.77,90.3,87.64
LUV,Southwest Airlines,Industrials,Passenger Airlines,32.33,37.96,23.68,32.73,32.46,31.47,32.9,31.48,31.38,31.49
SWK,Stanley Black & Decker,Industrials,Industrial Machinery & Supplies & Components,72.85,106.2,52.62,73.48,73.94,72.66,70.72,66.77,68.43,73.62
SBUX,Starbucks,Consumer Discretionary,Restaurants,87.25,115.87,74.48,88.18,87.98,89.71,91.32,88.22,89.51,93.32
STT,State Street Corporation,Financials,Asset Management & Custody Banks,113.0,116.37,72.29,114.27,114.18,112.66,110.27,101.18,98.12,97.41
STLD,Steel Dynamics,Materials,Steel,129.59,153.72,102.78,130.76,130.27,127.77,129.28,128.87,127.53,127.76
STE,Steris,Health Care,Health Care Equipment,242.46,252.46,199.99,244.66,246.93,244.3,236.19,234.94,232.63,225.88
SYK,Stryker Corporation,Health Care,Health Care Equipment,388.56,404.87,328.46,390.55,390.89,385.1,389.37,381.54,378.53,379.06
SMCI,Supermicro,Information Technology,"Technology Hardware, Storage & Peripherals",40.1,66.44,17.25,42.23,42.84,44.21,48.82,43.62,42.37,39.85
SYF,Synchrony Financial,Financials,Consumer Finance,75.49,77.15,40.15,75.96,74.51,72.74,70.6,63.13,60.85,62.37
SNPS,Synopsys,Information Technology,Application Software,592.12,651.73,365.74,600.6,600.18,610.02,586.44,528.59,509.79,511.09
SYY,Sysco,Consumer Staples,Food Distributors,81.04,82.64,66.65,80.39,80.19,80.33,78.8,75.34,74.73,74.4
TMUS,T-Mobile US,Communication Services,Wireless Telecommunication Services,252.66,274.51,189.91,252.14,252.83,250.85,240.84,241.42,244.7,240.94
TROW,T. Rowe Price,Financials,Asset Management & Custody Banks,105.37,121.15,76.8,107.25,107.08,106.86,104.03,97.54,96.22,101.75
TTWO,Take-Two Interactive,Communication Services,Interactive Home Entertainment,238.86,245.08,146.76,236.0,232.82,230.85,232.61,229.65,225.16,212.56
TPR,"Tapestry, Inc.",Consumer Discretionary,"Apparel, Accessories & Luxury Goods",104.43,114.05,39.39,102.53,100.87,103.25,101.01,88.32,84.78,79.07
TRGP,Targa Resources,Energy,Oil & Gas Storage & Transportation,163.55,215.2,139.32,166.03,164.26,164.45,166.68,165.74,170.0,178.74
TGT,Target Corporation,Consumer Staples,Consumer Staples Merchandise Retail,92.35,155.5,85.44,95.11,96.38,100.39,101.04,97.6,98.51,110.22
TEL,TE Connectivity,Information Technology,Electronic Manufacturing Services,205.98,212.01,115.38,206.53,205.01,203.6,191.53,171.9,165.69,158.73
TDY,Teledyne Technologies,Information Technology,Electronic Equipment & Instruments,544.64,570.56,416.0,540.82,542.53,543.75,538.11,510.5,505.8,498.1
TER,Teradyne,Information Technology,Semiconductor Materials & Equipment,119.63,143.79,65.67,118.67,116.32,112.73,102.01,90.69,89.79,100.72
TSLA,"Tesla, Inc.",Consumer Discretionary,Automobile Manufacturers,334.09,488.54,207.03,338.58,337.52,334.84,323.65,314.41,302.1,329.97
TXN,Texas Instruments,Information Technology,Semiconductors,195.74,220.1,137.77,201.52,202.71,196.73,200.65,187.85,184.95,186.14
TPL,Texas Pacific Land Corporation,Energy,Oil & Gas Exploration & Production,909.48,1759.83,762.48,922.23,910.18,897.49,963.55,1101.95,1141.4,1212.3
TXT,Textron,Industrials,Aerospace & Defense,79.7,91.39,57.69,80.35,80.42,79.57,80.81,76.65,75.65,76.55
TMO,Thermo Fisher Scientific,Health Care,Life Sciences Tools & Services,484.55,625.84,385.46,488.53,490.04,482.47,455.18,434.31,447.23,481.51
TJX,TJX Companies,Consumer Discretionary,Apparel Retail,139.47,145.58,109.83,137.8,137.35,134.98,128.61,127.88,125.96,124.51
TKO,TKO Group Holdings,Communication Services,Movies & Entertainment,186.61,194.76,112.59,187.46,185.92,182.32,175.9,168.18,164.01,157.53
TTD,Trade Desk (The),Communication Services,Advertising,53.77,141.53,42.96,54.12,53.32,56.83,70.21,67.64,65.29,83.91
TSCO,Tractor Supply,Consumer Discretionary,Other Specialty Retail,60.14,63.75,46.46,61.69,61.46,60.7,58.12,54.29,54.0,54.25
TT,Trane Technologies,Industrials,Building Products,408.31,476.19,297.5,416.71,420.2,424.94,434.68,416.92,401.61,393.59
TDG,TransDigm Group,Industrials,Aerospace & Defense,1278.48,1519.36,1107.45,1301.13,1306.19,1310.62,1395.59,1357.07,1337.41,1292.02
TRV,Travelers Companies (The),Financials,Property & Casualty Insurance,276.55,279.04,221.82,272.78,273.27,269.8,264.21,264.37,262.63,256.36
TRMB,Trimble Inc.,Information Technology,Electronic Equipment & Instruments,78.6,87.5,52.91,80.48,80.83,81.96,81.1,74.24,72.66,72.75
TFC,Truist Financial,Financials,Diversified Banks,46.41,47.29,32.72,46.64,45.97,44.85,44.23,41.3,40.86,42.17
TYL,Tyler Technologies,Information Technology,Application Software,553.83,661.31,513.52,557.26,558.42,570.11,571.91,568.92,569.11,582.79
TSN,Tyson Foods,Consumer Staples,Packaged Foods & Meats,56.35,64.65,51.39,56.44,56.55,56.33,54.95,55.67,56.51,57.02
USB,U.S. Bancorp,Financials,Diversified Banks,48.54,52.21,34.8,48.66,48.09,46.82,46.31,44.01,43.38,44.98
UBER,Uber,Industrials,Passenger Ground Transportation,92.94,97.71,59.33,94.16,94.72,93.26,92.34,87.75,84.65,78.84
UDR,"UDR, Inc.",Real Estate,Multi-Family Residential REITs,38.39,45.63,35.84,38.87,38.86,38.56,39.53,40.26,40.69,41.24
ULTA,Ulta Beauty,Consumer Discretionary,Other Specialty Retail,531.07,539.0,309.01,524.15,523.76,519.31,501.28,458.77,437.96,422.28
UNP,Union Pacific Corporation,Industrials,Rail Transportation,221.76,252.32,202.16,221.57,222.58,221.51,225.33,222.17,223.87,227.77
UAL,United Airlines Holdings,Industrials,Passenger Airlines,106.16,116.0,42.87,105.03,103.16,99.5,91.4,83.02,80.82,87.94
UPS,United Parcel Service,Industrials,Air Freight & Logistics,85.29,136.36,82.72,86.62,87.02,86.5,92.63,93.93,96.65,105.13
URI,United Rentals,Industrials,Trading Companies & Distributors,945.26,962.04,523.58,952.99,937.01,915.76,853.37,761.5,731.83,737.9
UNH,UnitedHealth Group,Health Care,Managed Health Care,307.88,621.24,234.6,306.54,304.86,288.2,288.38,326.97,363.25,424.5
UHS,Universal Health Services,Health Care,Health Care Facilities,181.57,242.21,152.16,181.54,182.62,178.59,174.89,177.59,177.64,181.19
VLO,Valero Energy,Energy,Oil & Gas Refining & Marketing,155.38,159.25,97.37,152.72,148.38,141.59,141.55,132.34,130.72,130.42
VTR,Ventas,Real Estate,Health Care REITs,67.45,70.82,55.85,67.77,68.03,68.08,66.27,65.53,65.74,63.89
VLTO,Veralto,Industrials,Environmental & Facilities Services,105.07,114.62,83.77,106.08,107.12,107.47,104.68,100.64,99.71,100.66
VRSN,Verisign,Information Technology,Internet Services & Infrastructure,274.11,309.71,174.64,273.01,271.46,269.92,277.52,274.67,268.19,245.2
VRSK,Verisk Analytics,Industrials,Research & Consulting Services,268.44,322.46,259.01,267.09,268.47,267.15,285.33,294.72,293.91,290.47
VZ,Verizon,Communication Services,Integrated Telecommunication Services,43.74,45.87,36.41,43.99,44.27,43.92,42.91,42.77,42.76,41.51
VRTX,Vertex Pharmaceuticals,Health Care,Biotechnology,396.62,519.88,362.5,393.95,393.28,389.13,431.44,445.61,455.48,453.56
VTRS,Viatris,Health Care,Pharmaceuticals,10.55,13.04,6.68,10.5,10.52,10.25,9.5,8.9,8.85,9.79
VICI,Vici Properties,Real Estate,Hotel & Resort REITs,33.4,34.01,27.24,33.56,33.41,33.07,33.04,32.26,32.05,31.14
V,Visa Inc.,Financials,Transaction & Payment Processing Services,350.87,374.85,266.36,350.59,349.06,344.36,347.88,349.16,346.42,338.58
VST,Vistra Corp.,Utilities,Electric Utilities,188.12,216.85,72.39,190.87,191.32,196.44,195.41,172.06,161.47,158.99
VMC,Vulcan Materials Company,Materials,Construction Materials,288.05,296.62,214.34,290.8,290.25,289.5,276.34,267.86,260.79,263.32
WRB,W. R. Berkley Corporation,Financials,Property & Casualty Insurance,72.28,75.77,54.76,71.77,71.83,71.27,70.42,71.01,69.74,65.98
GWW,W. W. Grainger,Industrials,Industrial Machinery & Supplies & Components,1018.74,1219.65,889.92,1016.12,1012.16,988.41,1011.86,1029.7,1018.21,1045.61
WAB,Wabtec,Industrials,Construction Machinery & Heavy Transportation Equipment,191.25,215.82,151.42,193.57,193.65,192.23,200.03,196.69,193.08,194.17
WBA,Walgreens Boots Alliance,Consumer Staples,Drug Retail,11.98,13.25,7.98,11.98,12.03,11.93,11.67,11.39,11.33,10.81
WMT,Walmart,Consumer Staples,Consumer Staples Merchandise Retail,99.44,104.51,75.48,97.29,97.59,99.79,97.98,96.99,94.84,94.4
DIS,Walt Disney Company (The),Communication Services,Movies & Entertainment,117.38,124.69,79.76,117.95,117.72,116.26,119.05,111.42,108.47,109.54
WBD,Warner Bros. Discovery,Communication Services,Broadcasting,11.92,13.87,6.78,11.88,11.84,11.75,12.02,10.61,10.52,10.49
WM,Waste Management,Industrials,Environmental & Facilities Services,224.41,241.74,198.19,225.39,226.29,228.42,228.25,230.25,229.4,224.43
WAT,Waters Corporation,Health Care,Life Sciences Tools & Services,290.06,423.56,275.05,296.12,296.51,291.79,307.65,325.87,333.44,352.84
WEC,WEC Energy Group,Utilities,Electric Utilities,106.89,110.99,89.6,106.68,107.35,107.91,106.59,106.02,105.73,102.29
WFC,Wells Fargo,Financials,Diversified Banks,80.51,84.33,49.13,81.79,80.57,79.19,80.06,75.87,74.49,74.26
WELL,Welltower,Real Estate,Health Care REITs,167.43,170.34,117.77,167.72,166.67,165.85,160.8,154.7,153.09,146.07
WST,West Pharmaceutical Services,Health Care,Health Care Supplies,248.95,351.24,187.09,246.21,245.96,244.37,235.81,224.72,224.23,255.56
WDC,Western Digital,Information Technology,"Technology Hardware, Storage & Peripherals",86.0,86.28,28.78,82.19,79.72,77.52,71.7,59.72,55.89,53.52
WY,Weyerhaeuser,Real Estate,Timber REITs,24.82,33.04,23.71,25.45,25.75,25.68,25.67,25.69,26.24,27.37
WSM,"Williams-Sonoma, Inc.",Consumer Discretionary,Homefurnishing Retail,192.13,218.08,123.89,190.5,194.83,198.91,184.68,170.81,169.27,176.76
WMB,Williams Companies,Energy,Oil & Gas Storage & Transportation,57.73,63.45,42.4,57.7,57.45,57.53,58.5,58.52,58.26,57.17
WTW,Willis Towers Watson,Financials,Insurance Brokers,327.19,342.16,280.03,327.27,331.89,330.85,317.02,312.84,315.65,316.39
WDAY,"Workday, Inc.",Information Technology,Application Software,233.43,294.0,205.33,230.27,227.4,225.36,230.76,238.8,239.15,247.81
WYNN,Wynn Resorts,Consumer Discretionary,Casinos & Gaming,125.52,128.53,64.93,125.54,120.18,114.77,109.32,97.31,94.22,91.63
XEL,Xcel Energy,Utilities,Multi-Utilities,72.43,74.57,58.85,72.43,72.83,72.8,71.2,70.11,69.79,68.73
XYL,Xylem Inc.,Industrials,Industrial Machinery & Supplies & Components,139.7,144.93,99.87,141.97,141.97,142.03,136.14,128.73,126.69,125.13
YUM,Yum! Brands,Consumer Discretionary,Restaurants,144.55,161.72,120.38,145.13,146.12,145.19,146.05,145.06,146.83,142.51
ZBRA,Zebra Technologies,Information Technology,Electronic Equipment & Instruments,305.71,427.76,205.73,314.66,314.95,317.25,321.09,296.47,291.96,324.88
ZBH,Zimmer Biomet,Health Care,Health Care Equipment,105.04,115.64,88.99,105.6,106.07,103.32,97.58,96.46,98.99,101.77
ZTS,Zoetis,Health Care,Pharmaceuticals,152.43,197.92,138.77,154.37,155.08,152.97,153.1,155.9,156.82,161.13
