Symbol,Company,GICS_Sector,GICS_Sub_Industry,Current_Price,High_52_Week,Low_52_Week,SMA5,SMA10,SMA20,SMA50,SMA200,Score,Target_Pcnt,Target_Price,Stop_Loss
MMM,3M,Industrials,Industrial Conglomerates,156.0,159.47,122.31,154.22,154.78,155.25,153.68,145.79,-0.2,1.65,158.57,151.92
AOS,A. O. Smith,Industrials,Building Products,73.1,88.1,59.04,72.62,72.57,72.86,72.08,67.82,0.0,1.63,74.29,71.44
ABT,Abbott Laboratories,Health Care,Health Care Equipment,133.47,138.95,110.09,133.48,134.44,133.41,131.49,128.4,0.0,2.38,136.65,130.19
ABBV,AbbVie,Health Care,Biotechnology,244.38,244.38,160.57,227.65,224.79,219.93,208.61,191.68,0.2,-3.78,235.14,204.72
ACN,Accenture,Information Technology,IT Consulting & Other Services,243.71,394.31,232.56,241.77,240.27,242.99,251.62,306.32,-0.2,4.99,255.87,230.13
ADBE,Adobe Inc.,Information Technology,Application Software,343.72,552.96,333.65,354.08,358.29,355.04,354.42,393.94,0.1,7.29,368.78,341.3
AMD,Advanced Micro Devices,Information Technology,Semiconductors,164.01,184.42,78.21,161.58,160.48,158.97,165.74,127.63,0.0,0.89,165.47,152.48
AES,AES Corporation,Utilities,Independent Power Producers & Energy Traders,15.37,19.11,9.5,13.59,13.36,13.07,13.17,11.62,-0.2,-7.55,14.21,11.94
AFL,Aflac,Financials,Life & Health Insurance,110.75,112.86,97.56,110.93,109.56,108.7,105.69,104.33,0.2,0.99,111.85,105.55
A,Agilent Technologies,Health Care,Life Sciences Tools & Services,138.58,151.65,98.88,127.04,126.45,126.36,121.61,122.42,0.1,-3.93,133.13,119.58
APD,Air Products,Materials,Industrial Gases,268.7,333.89,247.03,268.89,276.34,282.96,288.39,288.65,-0.2,12.46,302.18,263.75
ABNB,Airbnb,Consumer Discretionary,"Hotels, Resorts & Cruise Lines",122.32,161.42,105.69,122.42,123.66,123.42,126.87,130.09,0.2,3.46,126.55,120.3
AKAM,Akamai Technologies,Information Technology,Internet Services & Infrastructure,75.84,106.67,68.21,75.85,76.08,76.75,76.53,82.34,0.1,4.11,78.96,74.55
ALB,Albemarle Corporation,Materials,Specialty Chemicals,84.47,108.94,50.16,85.07,83.02,80.48,78.61,73.03,0.0,4.78,88.51,72.45
ARE,Alexandria Real Estate Equities,Real Estate,Office REITs,83.46,115.36,65.57,83.06,84.09,83.73,79.68,82.04,0.1,2.9,85.88,81.59
ALGN,Align Technology,Health Care,Health Care Supplies,127.52,254.32,124.88,126.04,128.25,131.09,144.38,178.57,0.0,8.99,138.98,123.2
ALLE,Allegion,Industrials,Building Products,176.73,179.33,118.08,175.42,176.58,175.2,170.12,143.16,0.2,2.23,180.67,169.73
LNT,Alliant Energy,Utilities,Electric Utilities,67.11,67.41,54.87,66.51,65.5,64.91,65.11,61.48,0.0,-0.01,67.1,62.72
ALL,Allstate,Financials,Property & Casualty Insurance,210.68,214.65,177.81,211.84,209.45,204.91,203.48,196.77,0.2,2.46,215.86,193.94
GOOGL,Alphabet Inc. (Class A),Communication Services,Interactive Media & Services,244.9,254.72,144.4,244.88,248.25,244.78,218.57,185.58,0.2,5.28,257.83,231.74
GOOG,Alphabet Inc. (Class C),Communication Services,Interactive Media & Services,245.54,255.24,146.27,245.44,248.78,245.2,219.22,186.92,0.2,5.22,258.36,232.06
MO,Altria,Consumer Staples,Tobacco,66.29,66.6,45.73,65.78,65.15,65.19,64.04,56.85,0.0,0.14,66.38,63.99
AMZN,Amazon,Consumer Discretionary,Broadline Retail,220.63,242.06,167.32,220.06,223.16,227.96,226.97,214.66,0.2,8.97,240.42,215.51
AMCR,Amcor,Materials,Paper & Plastic Packaging Products & Materials,8.19,10.94,7.97,8.11,8.14,8.21,8.76,9.24,0.0,3.05,8.44,7.99
AEE,Ameren,Utilities,Multi-Utilities,103.43,104.38,83.35,102.85,101.29,100.49,100.32,96.0,0.0,0.35,103.79,97.19
AEP,American Electric Power,Utilities,Electric Utilities,112.75,114.06,87.97,110.41,108.96,108.61,110.43,102.92,0.2,-0.83,111.81,105.42
AXP,American Express,Financials,Consumer Finance,328.56,342.31,230.81,336.98,339.06,333.28,318.67,297.87,0.2,5.72,347.35,319.19
AIG,American International Group,Financials,Multi-line Insurance,79.64,86.75,68.89,78.23,77.73,77.88,78.87,78.99,0.2,0.68,80.18,75.59
AMT,American Tower,Real Estate,Telecom Tower REITs,193.32,230.32,169.21,192.62,192.14,192.79,201.98,202.09,-0.2,1.2,195.64,189.95
AWK,American Water Works,Utilities,Water Utilities,136.07,150.19,118.87,136.75,136.29,137.77,140.76,136.87,0.2,4.66,142.41,133.14
AMP,Ameriprise Financial,Financials,Asset Management & Custody Banks,486.6,569.83,419.45,493.74,493.0,493.35,504.36,509.49,0.2,3.85,505.33,481.35
AME,Ametek,Industrials,Electrical Components & Equipment,187.44,196.08,150.9,186.62,187.09,187.64,184.95,179.08,0.0,1.71,190.65,184.62
AMGN,Amgen,Health Care,Biotechnology,298.5,321.88,252.22,279.77,281.21,279.79,287.12,284.11,0.4,-2.08,292.29,267.28
APH,Amphenol,Information Technology,Electronic Components,124.66,125.4,58.9,122.87,123.26,119.79,112.88,85.97,0.0,3.1,128.52,111.05
ADI,Analog Devices,Information Technology,Semiconductors,239.28,254.62,163.21,244.97,246.2,246.42,239.32,219.87,-0.2,4.79,250.74,242.08
AON,Aon plc,Financials,Insurance Brokers,360.13,407.61,334.44,355.81,354.34,360.44,363.63,367.16,-0.4,4.28,375.54,345.32
APA,APA Corporation,Energy,Oil & Gas Exploration & Production,25.06,25.74,13.62,24.54,24.21,23.65,21.73,19.9,0.0,1.2,25.36,21.93
APO,Apollo Global Management,Financials,Asset Management & Custody Banks,129.95,176.82,107.9,135.08,138.97,137.51,139.41,143.56,0.0,12.26,145.88,129.15
AAPL,Apple Inc.,Information Technology,"Technology Hardware, Storage & Peripherals",255.45,258.1,172.0,255.37,252.3,243.97,230.92,221.69,0.2,3.1,263.37,224.57
AMAT,Applied Materials,Information Technology,Semiconductor Materials & Equipment,217.74,217.74,126.23,206.19,201.36,184.21,178.46,168.79,0.0,1.52,221.05,147.36
APP,AppLovin,Information Technology,Application Software,704.09,718.54,130.55,688.95,665.25,613.6,499.4,376.64,0.0,4.93,738.8,488.36
APTV,Aptiv,Consumer Discretionary,Automotive Parts & Equipment,87.1,87.1,47.92,86.01,85.66,83.94,77.13,66.61,-0.2,0.79,87.79,80.09
ACGL,Arch Capital Group,Financials,Property & Casualty Insurance,90.31,109.22,84.99,90.26,89.52,89.95,89.89,91.39,0.1,2.97,92.99,86.9
ADM,Archer Daniels Midland,Consumer Staples,Agricultural Products & Services,59.25,64.21,41.01,60.19,60.55,61.16,59.52,51.17,-0.2,6.36,63.02,59.3
ANET,Arista Networks,Information Technology,Communications Equipment,149.27,153.04,64.37,144.78,145.23,144.59,135.86,106.47,-0.2,1.64,151.72,137.46
AJG,Arthur J. Gallagher & Co.,Financials,Insurance Brokers,305.84,347.33,274.22,305.7,303.39,299.74,297.5,312.25,-0.1,1.39,310.09,289.4
AIZ,Assurant,Financials,Multi-line Insurance,217.48,225.29,178.36,216.03,213.77,212.37,206.75,202.15,0.2,0.57,218.72,206.01
T,AT&T,Communication Services,Integrated Telecommunication Services,27.55,29.62,20.53,28.09,28.47,28.95,28.6,26.49,-0.2,9.44,30.15,27.74
ATO,Atmos Energy,Utilities,Gas Utilities,169.38,170.75,134.17,168.92,166.6,165.73,163.32,152.17,0.0,0.64,170.46,160.98
ADSK,Autodesk,Information Technology,Application Software,315.73,326.79,238.84,319.7,321.7,322.07,306.39,291.84,0.0,3.88,327.98,316.16
ADP,Automatic Data Processing,Industrials,Human Resource & Employment Services,291.61,323.5,271.07,291.64,291.55,292.57,298.63,299.76,-0.2,2.31,298.35,286.8
AZO,AutoZone,Consumer Discretionary,Automotive Retail,4247.96,4354.54,2981.19,4229.23,4183.72,4222.15,4101.87,3695.2,0.0,2.5,4354.16,4089.96
AVB,AvalonBay Communities,Real Estate,Multi-Family Residential REITs,191.37,229.94,181.07,191.86,191.73,191.99,190.81,202.49,0.1,1.68,194.59,189.41
AVY,Avery Dennison,Materials,Paper & Plastic Packaging Products & Materials,162.49,216.39,157.86,160.91,162.27,164.4,168.92,176.12,0.0,4.47,169.75,159.05
AXON,Axon Enterprise,Industrials,Aerospace & Defense,711.34,870.97,399.22,713.2,735.85,740.39,757.11,673.46,0.0,10.8,788.16,692.6
BKR,Baker Hughes,Energy,Oil & Gas Equipment & Services,48.36,50.55,34.6,49.65,48.93,47.63,45.53,41.77,0.4,5.15,50.85,44.42
BALL,Ball Corporation,Materials,"Metal, Glass & Plastic Containers",50.47,66.93,44.6,49.69,49.23,49.8,52.59,52.8,-0.2,2.24,51.6,48.01
BAC,Bank of America,Financials,Diversified Banks,50.68,52.42,34.0,51.75,51.84,51.12,49.07,44.72,0.2,4.32,52.87,49.37
BAX,Baxter International,Health Care,Health Care Equipment,23.36,37.12,21.61,22.44,22.71,23.35,24.08,29.03,-0.2,6.81,24.95,21.75
BDX,Becton Dickinson,Health Care,Health Care Equipment,190.94,245.13,163.27,185.46,186.18,187.54,187.83,199.5,-0.2,1.07,192.98,182.09
BRK-B,Berkshire Hathaway,Financials,Multi-Sector Holdings,498.2,539.8,442.29,499.04,496.34,495.61,486.72,490.32,-0.1,1.22,504.28,486.96
BBY,Best Buy,Consumer Discretionary,Computer & Electronics Retail,77.35,98.27,54.69,75.79,74.44,74.83,71.58,72.85,0.1,0.74,77.92,71.74
TECH,Bio-Techne,Health Care,Life Sciences Tools & Services,59.92,79.5,46.59,54.02,53.34,52.97,53.97,57.98,0.0,-4.77,57.06,48.88
BIIB,Biogen,Health Care,Biotechnology,154.22,193.84,113.38,141.17,140.98,142.18,136.97,135.29,0.2,-2.5,150.36,134.0
BLK,BlackRock,Financials,Asset Management & Custody Banks,1141.07,1175.56,807.61,1157.25,1146.22,1130.09,1124.6,1009.53,0.0,2.71,1171.99,1088.23
BX,Blackstone Inc.,Financials,Asset Management & Custody Banks,168.1,194.8,118.51,173.2,179.09,178.6,174.06,156.96,-0.2,13.72,191.16,166.02
XYZ,"Block, Inc.",Financials,Transaction & Payment Processing Services,73.4,98.92,46.53,73.68,75.32,75.11,76.25,70.61,0.0,6.32,78.04,72.18
BK,BNY Mellon,Financials,Asset Management & Custody Banks,106.83,109.75,69.2,108.83,108.76,107.03,104.22,89.14,0.0,3.89,110.99,103.08
BA,Boeing,Industrials,Aerospace & Defense,215.2,237.38,136.59,216.58,215.77,219.37,225.65,195.12,0.0,7.76,231.9,206.84
BKNG,Booking Holdings,Consumer Discretionary,"Hotels, Resorts & Cruise Lines",5350.56,5805.92,4071.78,5465.67,5470.74,5497.53,5530.57,5148.75,-0.2,5.06,5621.3,5373.69
BSX,Boston Scientific,Health Care,Health Care Equipment,95.85,108.14,83.62,97.37,97.57,100.8,103.37,101.04,0.0,13.83,109.11,92.49
BMY,Bristol Myers Squibb,Health Care,Pharmaceuticals,47.43,61.62,43.31,44.84,44.89,45.82,46.53,50.83,0.0,1.81,48.29,43.35
AVGO,Broadcom,Information Technology,Semiconductors,333.39,368.94,145.7,332.37,336.8,342.23,315.75,244.62,0.2,11.21,370.76,313.71
BR,Broadridge Financial Solutions,Industrials,Data Processing & Outsourced Services,234.6,265.85,206.47,236.26,238.17,244.16,251.13,238.28,-0.2,9.7,257.36,230.95
BRO,Brown & Brown,Financials,Insurance Brokers,92.76,124.07,90.88,93.2,92.76,93.05,94.63,106.46,0.0,3.03,95.57,90.53
BF-B,Brown–Forman,Consumer Staples,Distillers & Vintners,27.55,48.21,25.45,27.11,27.2,27.43,28.96,31.69,0.0,2.9,28.35,26.51
BLDR,Builders FirstSource,Industrials,Building Products,126.74,198.25,105.63,120.54,121.81,131.74,133.92,132.43,-0.4,21.26,153.68,109.79
BG,Bunge Global,Consumer Staples,Agricultural Products & Services,82.49,95.58,67.23,81.51,80.12,81.27,81.19,77.01,0.2,3.36,85.26,77.28
BXP,"BXP, Inc.",Real Estate,Office REITs,76.32,85.21,55.53,74.82,75.21,75.29,70.42,67.91,-0.2,2.32,78.09,72.48
CHRW,C.H. Robinson,Industrials,Air Freight & Logistics,132.66,137.09,85.99,132.52,133.73,131.79,122.97,103.48,0.2,4.35,138.43,125.15
CDNS,Cadence Design Systems,Information Technology,Application Software,351.97,373.37,231.64,350.58,358.78,354.75,351.8,305.27,0.0,5.94,372.88,336.62
CPT,Camden Property Trust,Real Estate,Multi-Family Residential REITs,105.59,122.47,103.02,105.76,106.22,107.34,107.65,112.11,0.0,4.88,110.74,103.94
CPB,Campbell's Company (The),Consumer Staples,Packaged Foods & Meats,31.99,47.2,30.28,31.75,32.65,33.03,32.68,35.41,0.1,8.57,34.73,31.33
COF,Capital One,Financials,Consumer Finance,213.48,229.74,143.45,219.23,222.7,223.28,218.86,196.48,0.0,8.38,231.37,215.2
CAH,Cardinal Health,Health Care,Health Care Distributors,157.93,167.63,106.71,154.43,152.84,151.49,152.29,141.64,-0.2,-0.39,157.31,145.68
KMX,CarMax,Consumer Discretionary,Automotive Retail,46.04,89.19,44.86,45.32,51.78,56.12,57.58,69.7,0.0,49.46,68.81,43.43
CCL,Carnival,Consumer Discretionary,"Hotels, Resorts & Cruise Lines",28.36,32.49,16.43,29.55,30.15,30.85,30.44,25.24,0.0,15.66,32.8,28.89
CARR,Carrier Global,Industrials,Building Products,59.46,81.67,55.21,59.18,59.64,61.2,65.4,67.27,0.0,9.72,65.24,57.15
CAT,Caterpillar Inc.,Industrials,Construction Machinery & Heavy Transportation Equipment,480.82,480.82,271.63,471.81,470.57,450.15,434.63,371.36,0.0,2.72,493.9,406.42
CBOE,Cboe Global Markets,Financials,Financial Exchanges & Data,241.57,253.24,189.73,244.11,240.82,237.58,241.86,221.6,0.0,2.14,246.74,228.42
CBRE,CBRE Group,Real Estate,Real Estate Services,156.56,165.9,113.94,157.48,160.01,161.85,158.94,138.86,0.0,7.39,168.13,155.57
CDW,CDW Corporation,Information Technology,Technology Distributors,158.99,223.15,143.46,160.37,161.52,164.26,166.67,172.7,0.0,7.87,171.5,157.02
COR,Cencora,Health Care,Health Care Distributors,311.77,312.53,217.68,307.64,301.86,298.62,293.92,274.4,0.0,0.74,314.08,283.16
CNC,Centene Corporation,Health Care,Managed Health Care,35.74,75.28,25.21,35.18,33.99,32.63,29.58,50.04,0.1,3.16,36.87,28.38
CNP,CenterPoint Energy,Utilities,Multi-Utilities,38.17,39.13,27.88,38.64,38.53,38.18,38.1,35.57,0.2,2.67,39.19,37.17
CF,CF Industries,Materials,Fertilizers & Agricultural Chemicals,86.43,101.88,67.67,89.7,88.21,86.65,87.29,85.33,0.0,6.17,91.76,81.55
CRL,Charles River Laboratories,Health Care,Life Sciences Tools & Services,170.48,220.69,99.75,153.61,153.4,155.11,159.6,155.45,0.2,-1.89,167.26,142.96
SCHW,Charles Schwab Corporation,Financials,Investment Banking & Brokerage,92.25,98.69,62.55,94.97,94.32,93.75,95.44,84.9,0.2,5.22,97.07,90.42
CHTR,Charter Communications,Communication Services,Cable & Satellite,275.1,427.25,256.57,274.06,269.16,266.0,272.76,347.39,0.2,0.43,276.28,255.72
CVX,Chevron Corporation,Energy,Integrated Oil & Gas,154.58,164.65,130.67,157.37,157.46,157.24,155.51,147.8,-0.2,4.4,161.38,153.1
CMG,Chipotle Mexican Grill,Consumer Discretionary,Restaurants,38.97,66.16,38.58,39.49,39.6,39.57,41.9,50.75,0.0,5.18,40.99,38.15
CB,Chubb Limited,Financials,Property & Casualty Insurance,281.41,301.45,256.04,280.44,277.75,277.32,274.15,279.1,-0.1,0.8,283.66,270.96
CHD,Church & Dwight,Consumer Staples,Household Products,87.92,112.48,85.84,86.85,87.74,90.65,92.38,99.49,-0.2,10.79,97.41,83.89
CI,Cigna,Health Care,Health Care Services,291.65,351.85,260.91,287.35,289.1,295.11,291.25,301.9,-0.1,5.88,308.8,281.42
CINF,Cincinnati Financial,Financials,Property & Casualty Insurance,159.79,159.79,125.14,157.12,155.95,154.79,152.33,143.85,0.4,-0.65,158.75,150.83
CTAS,Cintas,Industrials,Diversified Support Services,203.64,227.2,181.05,203.82,202.2,202.27,211.89,207.86,-0.2,1.41,206.51,198.02
CSCO,Cisco,Information Technology,Communications Equipment,68.75,71.79,51.33,67.99,67.95,67.63,68.11,63.07,-0.2,0.13,68.84,66.42
C,Citigroup,Financials,Diversified Banks,98.71,103.49,57.29,101.78,102.21,100.27,96.61,79.96,0.2,6.8,105.42,95.12
CFG,Citizens Financial Group,Financials,Regional Banks,52.74,53.65,33.59,53.16,53.18,52.48,50.41,44.07,0.2,2.52,54.07,50.89
CLX,Clorox,Consumer Staples,Household Products,122.68,165.31,116.82,123.21,122.52,123.64,123.01,136.19,-0.1,3.59,127.08,120.19
CME,CME Group,Financials,Financial Exchanges & Data,265.84,288.01,211.23,269.46,265.69,263.61,269.85,259.61,0.0,2.06,271.32,255.91
CMS,CMS Energy,Utilities,Multi-Utilities,72.37,74.4,63.54,72.24,71.51,71.31,72.06,69.94,-0.2,0.91,73.03,69.6
KO,Coca-Cola Company (The),Consumer Staples,Soft Drinks & Non-alcoholic Beverages,66.78,72.82,59.48,66.16,66.3,66.64,68.0,67.62,-0.2,1.41,67.72,65.57
CTSH,Cognizant,Information Technology,IT Consulting & Other Services,66.53,89.65,65.92,66.87,67.57,68.88,70.52,76.3,-0.2,8.61,72.26,65.5
COIN,Coinbase,Financials,Financial Exchanges & Data,346.17,419.78,151.47,327.39,329.63,323.05,326.21,273.72,-0.2,0.97,349.53,296.56
CL,Colgate-Palmolive,Consumer Staples,Household Products,79.01,101.53,79.01,79.73,80.2,81.78,83.8,88.19,-0.2,8.18,85.47,78.09
CMCSA,Comcast,Communication Services,Cable & Satellite,30.94,43.96,30.94,31.44,31.51,32.4,32.92,34.55,0.0,11.15,34.39,30.41
CAG,Conagra Brands,Consumer Staples,Packaged Foods & Meats,19.3,30.87,18.04,18.38,18.43,18.79,18.95,22.48,0.2,2.38,19.76,17.82
COP,ConocoPhillips,Energy,Oil & Gas Exploration & Production,95.46,111.14,81.29,96.24,94.77,94.06,94.63,93.64,-0.2,2.36,97.71,90.41
ED,Consolidated Edison,Utilities,Multi-Utilities,98.17,111.42,85.77,99.25,98.29,97.68,99.94,99.41,0.0,2.06,100.19,95.17
STZ,Constellation Brands,Consumer Staples,Distillers & Vintners,138.95,252.22,131.78,135.05,133.98,137.74,155.26,175.02,-0.2,6.99,148.66,126.81
CEG,Constellation Energy,Utilities,Electric Utilities,350.9,354.46,170.52,334.37,334.83,324.74,325.43,281.84,-0.2,0.48,352.58,296.9
COO,Cooper Companies (The),Health Care,Health Care Supplies,68.07,110.34,64.32,67.75,67.8,67.44,69.99,79.68,-0.2,2.51,69.78,65.1
CPRT,Copart,Industrials,Diversified Support Services,45.09,63.84,44.6,44.88,45.18,46.69,46.99,53.4,-0.2,11.0,50.05,43.33
GLW,Corning Inc.,Information Technology,Electronic Components,83.12,83.12,38.69,80.78,80.31,77.48,69.28,53.35,-0.2,1.95,84.74,70.22
CPAY,Corpay,Financials,Transaction & Payment Processing Services,286.41,389.55,283.07,291.84,296.05,303.47,314.24,335.45,0.0,12.29,321.61,285.33
CTVA,Corteva,Materials,Fertilizers & Agricultural Chemicals,61.47,76.93,54.65,66.41,68.24,70.12,71.53,66.17,-0.2,23.13,75.69,64.55
CSGP,CoStar Group,Real Estate,Real Estate Services,83.48,96.83,69.29,83.83,85.12,86.55,89.57,80.41,0.0,8.59,90.65,82.46
COST,Costco,Consumer Staples,Consumer Staples Merchandise Retail,917.34,1073.97,869.13,923.82,935.48,949.45,954.06,972.41,0.0,7.42,985.41,913.5
CTRA,Coterra,Energy,Oil & Gas Exploration & Production,23.96,29.06,21.94,23.76,23.65,23.94,23.87,25.28,-0.1,3.17,24.72,23.16
CRWD,CrowdStrike,Information Technology,Systems Software,499.96,514.1,275.15,486.66,489.21,460.17,445.84,420.25,0.2,4.41,522.01,398.33
CCI,Crown Castle,Real Estate,Telecom Tower REITs,95.71,112.8,81.15,95.54,94.66,94.3,99.43,96.16,-0.2,0.66,96.34,92.27
CSX,CSX Corporation,Industrials,Rail Transportation,35.0,36.37,26.47,34.83,34.16,33.33,34.19,31.85,0.0,1.34,35.47,31.19
CMI,Cummins,Industrials,Construction Machinery & Heavy Transportation Equipment,424.65,426.39,264.26,419.71,421.56,413.83,396.48,346.68,0.0,1.96,432.97,394.67
CVS,CVS Health,Health Care,Health Care Services,76.87,76.87,42.33,75.64,75.56,74.48,69.77,62.72,0.0,0.87,77.54,71.42
DHR,Danaher Corporation,Health Care,Life Sciences Tools & Services,212.88,276.34,174.06,192.64,191.61,192.73,199.32,204.65,0.4,-3.12,206.24,179.24
DRI,Darden Restaurants,Consumer Discretionary,Restaurants,192.4,224.21,152.57,190.18,188.67,199.91,203.23,198.93,-0.2,15.83,222.86,176.95
DDOG,Datadog,Information Technology,Application Software,152.7,168.65,87.0,143.21,140.41,138.55,136.6,126.73,0.4,-3.61,147.19,129.93
DVA,DaVita,Health Care,Health Care Services,132.87,177.35,127.69,131.48,131.54,132.39,135.6,145.5,0.0,3.24,137.17,127.6
DAY,Dayforce,Industrials,Human Resource & Employment Services,68.95,81.8,49.33,68.88,68.85,68.93,63.99,62.18,0.0,0.61,69.37,68.49
DECK,Deckers Brands,Consumer Discretionary,Footwear,101.18,223.11,95.32,103.49,108.31,113.33,110.71,131.64,0.1,24.75,126.22,100.44
DE,Deere & Company,Industrials,Agricultural & Farm Machinery,451.73,527.96,384.05,460.06,464.75,468.08,485.88,476.93,-0.4,6.33,480.32,455.82
DELL,Dell Technologies,Information Technology,"Technology Hardware, Storage & Peripherals",149.68,149.68,70.88,137.41,135.32,130.44,131.38,112.62,-0.2,-4.11,143.53,117.34
DAL,Delta Air Lines,Industrials,Passenger Airlines,56.11,68.45,35.65,56.89,57.9,59.0,57.98,54.27,0.0,11.0,62.28,55.72
DVN,Devon Energy,Energy,Oil & Gas Exploration & Production,35.32,41.79,26.43,35.73,35.1,34.91,34.16,33.23,0.2,3.14,36.43,33.39
DXCM,Dexcom,Health Care,Health Care Equipment,66.08,90.75,59.83,67.05,68.37,72.91,77.38,79.52,-0.2,25.68,83.05,62.77
FANG,Diamondback Energy,Energy,Oil & Gas Exploration & Production,143.54,194.36,117.58,144.85,143.02,140.68,142.41,146.16,-0.2,2.74,147.47,133.89
DLR,Digital Realty,Real Estate,Data Center REITs,171.45,190.11,134.22,171.45,172.15,170.33,169.5,164.56,0.0,4.62,179.37,161.29
DG,Dollar General,Consumer Staples,Consumer Staples Merchandise Retail,99.68,116.32,67.66,102.19,103.0,104.61,108.56,93.45,-0.4,9.81,109.46,99.75
DLTR,Dollar Tree,Consumer Staples,Consumer Staples Merchandise Retail,90.32,117.16,61.21,93.6,94.65,96.49,106.69,87.61,-0.2,12.49,101.6,91.38
D,Dominion Energy,Utilities,Multi-Utilities,60.9,61.39,48.51,60.6,60.45,59.84,59.68,55.2,0.0,1.43,61.77,57.9
DPZ,Domino's,Consumer Discretionary,Restaurants,428.16,493.69,397.61,430.56,428.57,440.73,449.37,453.66,-0.2,9.37,468.28,413.19
DASH,DoorDash,Consumer Discretionary,Specialized Consumer Services,267.64,272.5,141.93,267.34,265.93,260.9,254.47,211.35,0.0,2.53,274.41,247.41
DOV,Dover Corporation,Industrials,Industrial Machinery & Supplies & Components,166.4,204.71,150.28,166.69,168.42,171.78,176.25,181.48,0.0,8.24,180.11,163.46
DOW,Dow Inc.,Materials,Commodity Chemicals,23.05,51.44,20.57,22.81,23.08,23.72,23.56,30.17,0.1,9.63,25.27,22.17
DHI,D. R. Horton,Consumer Discretionary,Homebuilding,172.44,192.41,114.44,168.79,167.98,172.45,164.17,138.33,0.0,6.61,183.84,161.07
DTE,DTE Energy,Utilities,Multi-Utilities,140.16,141.43,113.22,139.89,138.31,136.66,137.21,130.38,-0.2,0.78,141.25,132.07
DUK,Duke Energy,Utilities,Electric Utilities,122.39,124.85,102.96,122.86,122.41,121.76,122.05,115.66,-0.2,1.32,124.01,119.53
DD,DuPont,Materials,Specialty Chemicals,78.22,87.27,54.51,76.78,77.16,77.18,75.06,72.65,0.0,1.04,79.03,75.32
EMN,Eastman Chemical Company,Materials,Specialty Chemicals,61.96,107.49,58.06,62.34,63.57,65.06,66.27,79.6,0.0,11.49,69.08,61.05
ETN,Eaton Corporation,Industrials,Electrical Components & Equipment,373.84,391.62,244.95,369.11,371.04,365.18,363.58,327.76,0.0,2.73,384.05,346.3
EBAY,eBay Inc.,Consumer Discretionary,Broadline Retail,87.58,100.46,56.61,90.79,90.97,91.23,91.65,74.39,-0.2,7.57,94.21,88.25
ECL,Ecolab,Materials,Specialty Chemicals,269.71,284.78,224.56,270.95,268.49,269.54,271.79,257.16,0.0,2.5,276.45,262.62
EIX,Edison International,Utilities,Electric Utilities,56.28,84.75,47.56,55.17,55.17,55.17,54.78,55.93,-0.1,0.69,56.67,53.68
EW,Edwards Lifesciences,Health Care,Health Care Equipment,76.31,81.83,64.54,76.56,75.47,76.84,78.44,74.81,-0.2,6.53,81.29,72.39
EA,Electronic Arts,Communication Services,Interactive Home Entertainment,201.63,202.05,116.08,193.41,182.82,176.44,170.04,149.85,0.2,-0.63,200.36,152.54
ELV,Elevance Health,Health Care,Managed Health Care,332.66,510.67,273.17,322.16,320.83,315.26,304.02,367.04,0.1,-0.98,329.4,301.11
EME,Emcor,Industrials,Construction & Engineering,654.92,655.83,341.64,642.13,639.87,633.86,624.3,494.04,0.0,0.22,656.36,611.38
EMR,Emerson Electric,Industrials,Electrical Components & Equipment,131.19,149.04,93.37,130.07,131.08,132.16,134.82,123.43,-0.4,4.01,136.45,127.86
ETR,Entergy,Utilities,Electric Utilities,93.4,93.55,62.67,92.54,91.09,89.79,89.29,82.97,0.2,0.56,93.92,85.67
EOG,EOG Resources,Energy,Oil & Gas Exploration & Production,111.27,134.72,102.81,114.27,115.34,117.23,118.7,119.36,-0.2,10.16,122.58,111.88
EPAM,EPAM Systems,Information Technology,IT Consulting & Other Services,152.3,267.63,143.33,151.88,153.84,156.75,161.28,187.05,0.0,10.07,167.64,145.87
EQT,EQT Corporation,Energy,Oil & Gas Exploration & Production,56.16,60.26,35.15,54.61,52.56,51.65,51.83,51.9,0.0,-1.09,55.55,47.75
EFX,Equifax,Industrials,Research & Consulting Services,253.84,291.78,204.69,254.4,256.23,254.97,248.39,252.1,-0.1,4.49,265.24,244.71
EQIX,Equinix,Real Estate,Data Center REITs,773.95,968.75,731.64,782.43,787.98,784.15,781.27,839.94,-0.1,3.81,803.44,764.89
EQR,Equity Residential,Real Estate,Multi-Family Residential REITs,64.1,74.44,60.55,64.24,64.38,64.8,64.27,66.96,0.1,3.4,66.28,63.33
ERIE,Erie Indemnity,Financials,Insurance Brokers,312.05,535.75,312.05,314.48,316.26,323.57,343.74,374.82,0.0,9.49,341.66,305.48
ESS,Essex Property Trust,Real Estate,Multi-Family Residential REITs,266.59,305.43,249.65,264.85,264.63,264.19,263.2,275.9,-0.1,0.51,267.95,260.43
EL,Estée Lauder Companies (The),Consumer Staples,Personal Care Products,86.2,97.86,49.61,86.82,87.02,87.32,89.22,74.98,0.2,4.79,90.33,84.31
EG,Everest Group,Financials,Reinsurance,353.53,400.34,324.54,348.71,343.2,341.97,338.33,344.31,-0.1,0.25,354.41,329.51
EVRG,Evergy,Utilities,Electric Utilities,76.23,76.23,56.74,74.98,73.77,72.72,71.79,66.58,0.0,-0.51,75.84,69.61
ES,Eversource Energy,Utilities,Electric Utilities,71.6,71.6,52.98,70.31,68.71,66.03,65.21,60.85,0.0,1.27,72.51,59.55
EXC,Exelon,Utilities,Electric Utilities,45.06,46.54,35.25,44.44,44.06,43.65,44.02,42.45,0.0,-0.38,44.89,42.42
EXE,Expand Energy,Energy,Oil & Gas Exploration & Production,109.18,120.67,78.88,106.48,103.18,99.73,98.09,102.99,0.1,-0.5,108.63,90.83
EXPE,Expedia Group,Consumer Discretionary,"Hotels, Resorts & Cruise Lines",217.95,228.24,136.05,218.05,219.72,220.05,207.17,181.65,-0.2,4.52,227.8,212.3
EXPD,Expeditors International,Industrials,Air Freight & Logistics,121.53,129.72,102.14,121.99,121.57,122.16,119.95,114.84,0.0,3.0,125.18,119.14
EXR,Extra Space Storage,Real Estate,Self-Storage REITs,141.13,172.52,123.86,140.21,139.79,142.02,140.63,144.01,0.1,4.44,147.4,136.64
XOM,ExxonMobil,Energy,Integrated Oil & Gas,111.99,121.0,98.11,114.35,113.9,113.01,110.65,107.89,0.2,4.31,116.82,109.21
FFIV,"F5, Inc.",Information Technology,Communications Equipment,327.29,334.59,213.57,324.4,326.19,324.64,317.9,287.98,0.0,2.01,333.87,315.42
FDS,FactSet,Financials,Financial Exchanges & Data,286.73,490.93,283.86,287.49,289.8,325.32,362.06,425.64,0.0,39.2,399.13,251.53
FICO,Fair Isaac,Information Technology,Application Software,1512.71,2382.4,1311.26,1520.36,1521.8,1534.26,1464.04,1762.18,-0.1,4.59,1582.14,1486.46
FAST,Fastenal,Industrials,Trading Companies & Distributors,47.72,50.39,33.71,48.44,47.96,47.94,48.11,41.23,-0.2,3.65,49.46,46.43
FRT,Federal Realty Investment Trust,Real Estate,Retail REITs,99.64,113.73,82.59,99.9,99.81,100.4,97.31,97.91,-0.1,2.77,102.4,98.41
FDX,FedEx,Industrials,Air Freight & Logistics,239.55,298.15,195.55,237.24,234.2,230.3,228.85,235.9,0.1,0.18,239.98,220.62
FIS,Fidelity National Information Services,Financials,Transaction & Payment Processing Services,66.51,89.09,63.37,65.25,64.98,66.23,70.27,74.91,0.2,4.29,69.36,63.11
FITB,Fifth Third Bancorp,Financials,Regional Banks,44.35,46.72,32.73,44.76,44.94,45.04,43.61,40.58,-0.2,3.4,45.86,44.22
FSLR,First Solar,Information Technology,Semiconductors,224.82,249.44,120.38,222.39,218.82,211.66,198.95,167.21,0.2,1.33,227.81,195.5
FE,FirstEnergy,Utilities,Electric Utilities,45.97,45.97,37.17,45.37,44.47,43.95,43.35,40.6,0.2,-0.46,45.76,42.15
FI,Fiserv,Financials,Transaction & Payment Processing Services,126.09,237.79,126.09,128.74,129.92,132.19,135.31,181.75,-0.4,9.25,137.75,126.64
F,Ford Motor Company,Consumer Discretionary,Automobile Manufacturers,12.27,12.27,8.45,11.99,11.83,11.74,11.49,10.24,0.4,-1.14,12.13,11.34
FTNT,Fortinet,Information Technology,Systems Software,85.18,114.57,74.39,84.29,84.05,81.86,84.63,96.95,-0.2,2.0,86.88,76.83
FTV,Fortive,Industrials,Industrial Machinery & Supplies & Components,50.08,62.32,46.49,48.84,48.66,48.44,48.42,53.44,0.1,-0.7,49.73,47.15
FOXA,Fox Corporation (Class A),Communication Services,Broadcasting,61.89,63.06,40.96,61.84,61.39,60.35,58.43,53.93,0.2,3.15,63.84,56.85
FOX,Fox Corporation (Class B),Communication Services,Broadcasting,55.95,57.29,37.61,56.0,55.43,54.58,53.17,49.86,0.2,3.34,57.82,51.34
BEN,Franklin Resources,Financials,Asset Management & Custody Banks,22.54,25.67,16.21,22.95,23.38,23.86,24.38,21.17,0.0,11.8,25.2,22.51
FCX,Freeport-McMoRan,Materials,Copper,39.09,50.08,28.93,37.3,40.46,42.95,42.7,39.72,0.0,29.29,50.54,35.37
GRMN,Garmin,Consumer Discretionary,Consumer Electronics,255.18,255.18,159.13,244.82,240.67,238.82,234.24,213.57,0.0,-2.63,248.47,229.15
IT,Gartner,Information Technology,IT Consulting & Other Services,251.0,551.8,225.98,260.31,259.19,251.99,264.72,404.15,0.0,7.48,269.77,234.21
GE,GE Aerospace,Industrials,Aerospace & Defense,300.88,305.26,158.97,297.35,299.01,290.82,278.91,226.3,0.2,2.82,309.36,272.26
GEHC,GE HealthCare,Health Care,Health Care Equipment,75.51,93.69,58.69,73.53,73.99,75.45,74.33,76.71,-0.1,5.02,79.3,71.59
GEV,GE Vernova,Industrials,Heavy Electrical Equipment,606.15,664.55,251.8,607.23,617.81,616.48,624.81,452.08,0.0,6.91,648.03,584.91
GEN,Gen Digital,Information Technology,Systems Software,28.12,32.03,23.31,28.52,28.73,28.99,29.81,28.06,0.0,6.26,29.88,28.1
GNRC,Generac,Industrials,Electrical Components & Equipment,167.89,202.85,101.92,166.73,171.99,177.65,182.69,148.13,-0.2,15.6,194.08,161.22
GD,General Dynamics,Industrials,Aerospace & Defense,340.75,341.0,239.38,333.74,328.68,326.68,320.67,281.36,0.2,-0.91,337.65,315.71
GIS,General Mills,Consumer Staples,Packaged Foods & Meats,50.7,71.65,48.44,50.06,50.22,50.06,49.8,54.82,-0.1,0.83,51.12,49.0
GM,General Motors,Consumer Discretionary,Automobile Manufacturers,61.34,61.34,42.24,61.05,60.09,59.2,56.74,50.79,0.0,0.39,61.58,56.82
GPC,Genuine Parts Company,Consumer Discretionary,Distributors,138.17,142.77,103.92,137.99,138.04,139.02,136.23,122.98,0.2,2.61,141.78,136.26
GILD,Gilead Sciences,Health Care,Biotechnology,111.15,119.64,81.41,111.57,112.61,113.17,113.89,105.55,0.0,4.7,116.37,109.96
GPN,Global Payments,Financials,Transaction & Payment Processing Services,85.12,118.08,67.06,84.75,85.66,85.77,84.96,90.1,0.1,3.57,88.16,83.37
GL,Globe Life,Financials,Life & Health Insurance,140.98,146.55,102.81,143.01,143.92,142.56,140.1,125.14,-0.2,3.86,146.42,138.7
GDDY,GoDaddy,Information Technology,Internet Services & Infrastructure,132.18,214.35,132.18,138.65,141.85,143.9,148.03,176.16,-0.2,14.75,151.68,136.13
GS,Goldman Sachs,Financials,Investment Banking & Brokerage,785.51,806.32,457.48,796.65,799.69,784.53,749.9,633.21,0.2,5.2,826.36,742.71
HAL,Halliburton,Energy,Oil & Gas Equipment & Services,24.9,31.1,18.96,24.85,24.05,23.11,22.23,23.03,0.1,2.53,25.53,20.68
HIG,Hartford (The),Financials,Property & Casualty Insurance,132.9,134.7,105.0,132.64,132.0,131.83,129.78,120.94,0.0,0.96,134.18,129.49
HAS,Hasbro,Consumer Discretionary,Leisure Products,75.31,81.85,49.75,75.65,75.2,76.54,77.49,65.71,-0.2,7.2,80.73,72.35
HCA,HCA Healthcare,Health Care,Health Care Facilities,426.07,426.2,294.93,421.43,414.38,410.33,392.36,352.91,0.2,0.67,428.92,391.71
DOC,Healthpeak Properties,Real Estate,Health Care REITs,19.18,21.7,16.44,18.96,18.78,18.42,17.72,18.22,-0.1,0.42,19.26,17.59
HSIC,Henry Schein,Health Care,Health Care Distributors,65.6,81.91,62.7,65.94,67.1,67.71,68.24,70.63,0.0,6.88,70.11,65.3
HSY,Hershey Company (The),Consumer Staples,Packaged Foods & Meats,188.83,193.45,141.22,186.67,188.66,187.94,184.71,168.51,0.0,2.38,193.32,182.56
HPE,Hewlett Packard Enterprise,Information Technology,"Technology Hardware, Storage & Peripherals",24.93,25.24,12.35,24.37,24.64,24.36,22.47,19.53,0.0,2.41,25.53,23.19
HLT,Hilton Worldwide,Consumer Discretionary,"Hotels, Resorts & Cruise Lines",256.75,278.5,201.05,260.3,262.99,268.53,269.09,252.34,-0.2,9.66,281.55,255.52
HOLX,Hologic,Health Care,Health Care Equipment,67.04,83.72,52.73,66.94,67.06,66.43,66.87,64.75,0.0,2.94,69.01,63.86
HD,Home Depot (The),Consumer Discretionary,Home Improvement Retail,397.02,423.6,331.29,405.31,409.24,413.94,399.79,378.74,-0.4,7.63,427.31,400.57
HON,Honeywell,Industrials,Industrial Conglomerates,210.18,239.16,180.99,209.17,209.23,211.18,216.21,216.04,-0.2,2.71,215.88,206.48
HRL,Hormel Foods,Consumer Staples,Packaged Foods & Meats,24.8,32.6,24.31,24.66,24.65,24.93,26.89,28.97,-0.2,3.51,25.67,24.19
HST,Host Hotels & Resorts,Real Estate,Hotel & Resort REITs,17.05,18.04,12.39,17.15,17.18,17.27,16.53,15.62,0.2,2.99,17.56,16.97
HWM,Howmet Aerospace,Industrials,Aerospace & Defense,194.85,196.23,99.44,193.2,192.4,187.8,182.45,152.19,0.2,2.01,198.77,176.84
HPQ,HP Inc.,Information Technology,"Technology Hardware, Storage & Peripherals",26.7,37.77,21.42,26.88,27.51,27.93,26.88,27.67,-0.1,10.07,29.39,26.47
HUBB,Hubbell Incorporated,Industrials,Industrial Machinery & Supplies & Components,430.47,466.13,313.96,426.58,431.93,435.19,433.05,397.01,0.2,4.14,448.29,422.1
HUM,Humana,Health Care,Managed Health Care,246.77,312.35,219.64,254.13,256.18,270.06,270.97,258.4,-0.2,24.42,307.03,233.1
HBAN,Huntington Bancshares,Financials,Regional Banks,17.04,17.87,12.26,17.28,17.4,17.46,16.96,15.85,-0.2,4.64,17.83,17.09
HII,Huntington Ingalls Industries,Industrials,Aerospace & Defense,286.01,287.91,156.78,280.69,278.3,275.12,270.1,223.31,0.2,-0.32,285.09,265.14
IBM,IBM,Information Technology,IT Consulting & Other Services,286.49,292.8,199.27,282.84,275.67,265.39,254.4,250.61,0.0,0.97,289.27,241.51
IEX,IDEX Corporation,Industrials,Industrial Machinery & Supplies & Components,164.1,233.54,157.53,161.94,161.25,161.91,164.88,182.54,0.0,0.96,165.68,158.16
IDXX,Idexx Laboratories,Health Care,Health Care Equipment,620.11,682.78,361.04,627.99,637.13,640.89,629.4,503.06,0.2,6.78,662.15,619.64
ITW,Illinois Tool Works,Industrials,Industrial Machinery & Supplies & Components,259.92,271.83,215.75,259.24,259.53,261.01,259.93,250.47,0.2,2.12,265.43,256.58
INCY,Incyte,Health Care,Biotechnology,86.7,86.96,55.17,83.95,84.57,84.87,82.34,70.78,0.0,1.21,87.75,81.98
IR,Ingersoll Rand,Industrials,Industrial Machinery & Supplies & Components,83.5,105.27,66.72,82.29,81.86,80.73,80.56,83.3,-0.1,0.19,83.66,77.81
PODD,Insulet Corporation,Health Care,Health Care Equipment,305.98,352.82,227.79,313.38,322.11,331.52,319.39,289.61,0.0,17.05,358.15,304.9
INTC,Intel,Information Technology,Semiconductors,35.94,35.94,18.13,34.69,32.29,28.47,24.83,22.23,0.0,2.78,36.94,19.99
IBKR,Interactive Brokers,Financials,Investment Banking & Brokerage,68.78,68.81,33.97,67.5,66.16,64.3,64.09,52.66,0.0,0.44,69.08,59.52
ICE,Intercontinental Exchange,Financials,Financial Exchanges & Data,162.64,187.92,141.62,166.82,168.13,170.59,177.14,169.39,-0.2,8.61,176.64,164.53
IFF,International Flavors & Fragrances,Materials,Specialty Chemicals,60.96,103.8,59.9,60.74,61.6,63.16,66.03,75.1,-0.2,9.66,66.85,59.48
IP,International Paper,Materials,Paper & Plastic Packaging Products & Materials,46.25,58.45,43.05,45.87,46.17,46.54,47.94,49.68,0.0,4.24,48.21,44.86
IPG,Interpublic Group of Companies (The),Communication Services,Advertising,26.51,30.52,22.33,26.76,26.34,26.45,25.92,25.45,0.2,3.89,27.54,25.35
INTU,Intuit,Information Technology,Application Software,679.5,807.39,542.39,689.61,690.7,675.94,707.24,665.06,0.0,4.55,710.42,641.49
ISRG,Intuitive Surgical,Health Care,Health Care Equipment,438.04,610.45,433.66,440.75,441.46,446.56,465.91,518.41,0.0,7.01,468.75,424.38
IVZ,Invesco,Financials,Asset Management & Custody Banks,23.09,23.09,11.86,22.82,22.64,22.42,21.68,17.19,0.2,-0.09,23.07,21.76
INVH,Invitation Homes,Real Estate,Single-Family Residential REITs,29.01,34.81,28.9,29.09,29.17,29.47,30.06,31.6,0.2,4.34,30.27,28.67
IQV,IQVIA,Health Care,Life Sciences Tools & Services,203.79,236.97,137.0,186.14,186.36,186.7,187.72,176.91,0.0,-3.12,197.43,175.97
IRM,Iron Mountain,Real Estate,Other Specialized REITs,102.26,124.18,75.72,101.26,101.49,98.72,95.07,94.93,0.2,4.15,106.5,90.94
JBHT,J.B. Hunt,Industrials,Cargo Ground Transportation,132.68,195.43,123.94,133.7,133.16,136.48,141.12,149.48,0.2,9.2,144.89,128.07
JBL,Jabil,Information Technology,Electronic Manufacturing Services,214.84,234.45,116.78,214.51,221.31,216.83,216.53,176.24,0.0,7.78,231.55,202.12
JKHY,Jack Henry & Associates,Financials,Transaction & Payment Processing Services,146.29,189.99,146.29,148.84,150.36,155.52,161.42,171.74,0.0,13.79,166.46,144.57
J,Jacobs Solutions,Industrials,Construction & Engineering,152.49,152.49,109.18,148.99,148.97,147.38,146.24,131.8,0.4,-0.38,151.91,142.85
JNJ,Johnson & Johnson,Health Care,Pharmaceuticals,186.05,186.05,138.72,182.11,178.84,178.2,174.71,157.81,0.2,-0.98,184.23,172.18
JCI,Johnson Controls,Industrials,Building Products,108.89,111.73,70.88,107.96,108.11,107.66,106.94,92.85,0.0,0.8,109.76,105.55
JPM,JPMorgan Chase,Financials,Diversified Banks,310.71,316.06,200.72,314.27,313.8,308.49,300.18,266.33,0.2,3.77,322.42,294.56
K,Kellanova,Consumer Staples,Packaged Foods & Meats,82.46,82.46,76.96,80.29,78.8,79.07,79.23,80.08,0.0,-0.19,82.3,75.84
KVUE,Kenvue,Consumer Staples,Personal Care Products,15.85,24.0,15.85,16.2,16.85,17.8,19.96,21.4,0.0,27.38,20.19,15.41
KDP,Keurig Dr Pepper,Consumer Staples,Soft Drinks & Non-alcoholic Beverages,25.6,36.37,25.5,25.56,25.96,26.68,30.3,31.98,0.2,11.64,28.58,24.77
KEY,KeyCorp,Financials,Regional Banks,18.51,19.23,12.92,18.76,18.82,18.91,18.46,16.71,0.0,4.43,19.33,18.5
KEYS,Keysight Technologies,Information Technology,Electronic Equipment & Instruments,173.1,185.11,127.02,173.39,175.25,172.78,167.67,161.63,0.0,3.51,179.18,166.37
KMB,Kimberly-Clark,Consumer Staples,Household Products,123.23,144.6,121.02,122.84,123.61,125.81,128.23,130.73,-0.2,6.5,131.24,120.38
KIM,Kimco Realty,Real Estate,Retail REITs,21.52,24.65,18.27,21.62,21.75,22.06,21.67,21.14,0.2,5.99,22.81,21.31
KMI,Kinder Morgan,Energy,Oil & Gas Storage & Transportation,28.3,30.24,21.15,28.22,27.87,27.49,27.19,27.05,0.0,1.13,28.62,26.36
KKR,KKR & Co.,Financials,Asset Management & Custody Banks,127.47,166.38,92.52,132.31,139.2,140.1,142.1,133.1,-0.2,19.5,152.33,127.87
KLAC,KLA Corporation,Information Technology,Semiconductor Materials & Equipment,1128.87,1128.87,573.9,1079.0,1069.76,1006.4,939.18,792.59,0.0,1.72,1148.29,864.5
KHC,Kraft Heinz,Consumer Staples,Packaged Foods & Meats,26.28,34.07,25.24,25.98,26.21,26.32,26.93,27.69,0.0,3.61,27.23,25.42
KR,Kroger,Consumer Staples,Food Retail,66.51,73.97,54.1,66.26,65.83,66.66,68.96,66.54,-0.2,3.35,68.74,64.58
LHX,L3Harris,Industrials,Aerospace & Defense,300.47,305.41,191.79,297.13,290.68,283.95,277.17,235.21,0.0,0.64,302.39,265.52
LH,Labcorp,Health Care,Health Care Services,279.06,287.06,209.65,281.12,279.82,278.18,272.34,249.21,0.4,1.87,284.28,272.08
LRCX,Lam Research,Information Technology,Semiconductor Materials & Equipment,142.79,142.79,58.83,132.85,130.89,121.11,108.27,87.28,0.0,1.12,144.39,97.83
LW,Lamb Weston,Consumer Staples,Packaged Foods & Meats,62.01,80.72,47.73,56.76,55.94,56.34,55.89,55.41,0.2,-3.13,60.07,52.6
LVS,Las Vegas Sands,Consumer Discretionary,Casinos & Gaming,54.77,57.71,30.35,54.18,53.69,53.69,53.67,45.44,0.0,1.13,55.39,51.99
LDOS,Leidos,Industrials,Diversified Support Services,191.63,199.29,125.82,186.69,187.04,184.06,177.66,153.24,0.2,0.06,191.74,176.38
LEN,Lennar,Consumer Discretionary,Homebuilding,128.21,180.59,101.84,126.4,126.3,131.87,127.76,119.74,0.2,12.73,144.53,119.2
LII,Lennox International,Industrials,Building Products,537.06,672.47,505.24,524.26,528.29,543.28,575.15,582.89,-0.2,7.92,579.6,506.95
LLY,Lilly (Eli),Health Care,Pharmaceuticals,825.42,925.78,624.28,750.81,751.28,750.57,734.69,780.84,-0.1,-3.74,794.55,706.56
LIN,Linde plc,Materials,Industrial Gases,466.81,483.59,408.92,473.3,475.33,475.49,473.67,455.46,0.0,3.58,483.52,467.44
LYV,Live Nation Entertainment,Communication Services,Movies & Entertainment,158.88,174.06,109.06,162.08,163.02,166.36,161.13,143.69,0.2,10.22,175.12,157.59
LKQ,LKQ Corporation,Consumer Discretionary,Distributors,31.13,43.02,28.96,30.47,30.53,31.32,31.14,36.8,-0.1,6.42,33.13,29.5
LMT,Lockheed Martin,Industrials,Aerospace & Defense,499.0,597.79,407.77,492.39,486.18,476.27,450.22,456.96,-0.1,0.47,501.35,451.18
L,Loews Corporation,Financials,Multi-line Insurance,100.15,100.39,76.27,99.91,98.78,97.76,95.54,88.97,0.0,0.59,100.74,94.79
LOW,Lowe's,Consumer Discretionary,Home Improvement Retail,247.99,278.66,209.46,253.05,257.56,263.67,252.44,237.61,-0.2,12.42,278.79,248.56
LULU,Lululemon Athletica,Consumer Discretionary,"Apparel, Accessories & Luxury Goods",177.57,421.16,159.87,176.58,174.83,171.56,189.76,285.43,0.0,7.87,191.54,151.59
LYB,LyondellBasell,Materials,Specialty Chemicals,48.42,89.15,47.21,48.99,50.25,52.24,53.62,61.15,0.0,17.47,56.88,47.6
MTB,M&T Bank,Financials,Regional Banks,195.29,215.8,154.27,198.03,199.16,198.89,194.57,185.47,0.0,3.7,202.52,195.27
MPC,Marathon Petroleum,Energy,Oil & Gas Refining & Marketing,192.31,198.69,117.23,195.33,191.84,186.69,175.78,155.68,0.2,3.48,199.0,174.38
MAR,Marriott International,Consumer Discretionary,"Hotels, Resorts & Cruise Lines",261.66,302.22,210.04,262.81,263.46,264.61,265.5,263.9,0.0,3.16,269.93,259.28
MMC,Marsh McLennan,Financials,Insurance Brokers,201.29,243.22,196.15,200.12,198.77,200.02,203.41,217.58,0.0,2.16,205.64,194.39
MLM,Martin Marietta Materials,Materials,Construction Materials,620.06,631.12,451.25,618.68,617.44,617.58,606.91,543.51,-0.2,1.77,631.04,604.14
MAS,Masco,Industrials,Building Products,70.22,84.25,58.18,70.31,71.1,72.58,71.61,69.2,0.4,8.52,76.2,68.96
MA,Mastercard,Financials,Transaction & Payment Processing Services,573.77,598.96,478.51,568.63,573.66,580.18,578.92,554.87,0.2,4.41,599.07,561.3
MTCH,Match Group,Communication Services,Interactive Media & Services,34.63,38.77,26.87,35.72,36.51,37.19,36.59,32.55,-0.2,13.86,39.43,34.96
MKC,McCormick & Company,Consumer Staples,Packaged Foods & Meats,67.76,83.73,64.3,66.36,65.77,67.28,69.16,74.07,-0.2,5.3,71.35,63.22
MCD,McDonald's,Consumer Discretionary,Restaurants,300.52,317.67,275.0,302.99,302.9,305.79,305.51,300.33,0.0,4.81,314.98,296.59
MCK,McKesson Corporation,Health Care,Health Care Distributors,765.08,772.54,480.14,759.3,738.38,719.56,701.35,669.53,0.0,1.69,778.01,661.09
MDT,Medtronic,Health Care,Health Care Equipment,94.81,95.74,78.03,94.51,94.85,94.21,92.78,87.54,-0.2,1.29,96.03,92.38
MRK,Merck & Co.,Health Care,Pharmaceuticals,90.13,110.64,72.03,81.76,81.19,81.94,82.06,84.35,-0.2,-3.13,87.31,76.57
META,Meta Platforms,Communication Services,Interactive Media & Services,717.34,789.47,483.96,737.56,752.66,755.92,752.08,665.26,0.0,9.63,786.42,725.46
MET,MetLife,Financials,Life & Health Insurance,81.93,86.38,67.4,81.65,80.84,80.34,78.78,78.92,-0.1,0.84,82.62,78.06
MTD,Mettler Toledo,Health Care,Life Sciences Tools & Services,1289.82,1499.7,970.15,1224.55,1243.28,1261.58,1269.32,1217.61,-0.2,2.82,1326.19,1197.02
MGM,MGM Resorts,Consumer Discretionary,Casinos & Gaming,34.69,41.99,25.79,35.19,35.15,35.48,36.38,34.09,0.0,6.72,37.02,33.94
MCHP,Microchip Technology,Information Technology,Semiconductors,64.11,78.0,34.83,64.33,64.9,64.86,65.66,58.86,0.0,3.45,66.32,63.41
MU,Micron Technology,Information Technology,Semiconductors,182.15,182.15,64.66,165.49,165.18,154.92,131.73,105.64,0.0,1.05,184.06,125.79
MSFT,Microsoft,Information Technology,Systems Software,519.71,534.76,353.33,514.15,513.1,508.81,512.28,450.09,-0.2,0.56,522.62,495.01
MAA,Mid-America Apartment Communities,Real Estate,Multi-Family Residential REITs,138.0,167.59,138.0,138.93,139.88,141.28,142.62,150.92,0.0,5.62,145.76,136.81
MRNA,Moderna,Health Care,Biotechnology,27.6,66.83,23.51,25.57,25.68,25.12,26.73,30.5,0.2,-2.36,26.95,23.29
MHK,Mohawk Industries,Consumer Discretionary,Home Furnishings,128.91,161.25,97.99,128.02,128.79,132.69,127.85,116.27,0.0,9.83,141.58,123.8
MOH,Molina Healthcare,Health Care,Managed Health Care,192.79,353.24,152.31,191.68,186.84,182.41,172.86,266.98,0.1,1.85,196.36,168.48
TAP,Molson Coors Beverage Company,Consumer Staples,Brewers,46.03,61.78,44.09,45.26,45.42,47.11,48.9,53.32,-0.2,10.78,50.99,43.23
MDLZ,Mondelez International,Consumer Staples,Packaged Foods & Meats,63.17,71.5,54.9,62.54,62.88,62.22,62.79,63.07,-0.2,1.19,63.92,60.52
MPWR,Monolithic Power Systems,Information Technology,Semiconductors,915.87,935.09,453.43,899.47,906.9,880.21,834.05,687.4,0.2,2.58,939.5,820.95
MNST,Monster Beverage,Consumer Staples,Soft Drinks & Non-alcoholic Beverages,67.43,67.43,46.16,66.33,65.38,64.72,63.13,58.28,0.0,0.27,67.61,61.83
MCO,Moody's Corporation,Financials,Financial Exchanges & Data,479.82,524.53,395.22,477.31,478.95,493.47,504.23,481.51,-0.2,9.23,524.11,462.82
MS,Morgan Stanley,Financials,Investment Banking & Brokerage,156.89,161.16,98.35,159.21,159.46,156.55,149.48,131.66,0.2,4.68,164.23,148.87
MOS,Mosaic Company (The),Materials,Fertilizers & Agricultural Chemicals,33.82,37.55,22.47,34.66,34.48,33.85,33.68,30.32,0.4,5.8,35.78,31.91
MSI,Motorola Solutions,Information Technology,Communications Equipment,456.93,499.65,392.79,456.13,462.87,471.29,459.38,438.37,0.0,7.83,492.71,449.88
MSCI,MSCI Inc.,Financials,Financial Exchanges & Data,552.59,630.0,503.37,563.8,563.81,567.42,561.68,566.42,0.1,5.86,584.97,549.86
NDAQ,"Nasdaq, Inc.",Financials,Financial Exchanges & Data,86.91,96.67,66.01,87.66,88.23,91.07,93.26,83.09,-0.2,11.7,97.08,85.05
NTAP,NetApp,Information Technology,"Technology Hardware, Storage & Peripherals",118.5,129.06,75.73,119.24,121.9,122.25,113.65,106.06,-0.2,7.46,127.34,117.16
NFLX,Netflix,Communication Services,Movies & Entertainment,1170.9,1339.13,687.65,1199.02,1207.96,1217.99,1207.64,1091.5,0.0,8.02,1264.81,1171.18
NEM,Newmont,Materials,Gold,85.95,85.95,36.49,84.74,83.56,80.64,73.06,54.63,0.0,1.93,87.61,73.67
NWSA,News Corp (Class A),Communication Services,Publishing,28.95,31.03,23.89,30.26,30.4,29.95,29.56,28.25,0.0,7.98,31.26,28.65
NWS,News Corp (Class B),Communication Services,Publishing,32.46,35.06,26.86,33.7,33.75,33.25,33.53,32.18,0.0,7.21,34.8,31.7
NEE,NextEra Energy,Utilities,Multi-Utilities,78.67,82.85,63.11,76.17,74.12,72.42,72.42,70.22,0.2,-1.74,77.3,67.55
NKE,"Nike, Inc.",Consumer Discretionary,"Apparel, Accessories & Luxury Goods",74.2,87.2,52.64,70.41,70.84,72.26,74.48,69.23,0.2,2.36,75.95,68.56
NI,NiSource,Utilities,Multi-Utilities,43.07,43.33,32.78,42.79,41.97,41.15,41.8,39.17,0.0,1.04,43.52,38.77
NDSN,Nordson Corporation,Industrials,Industrial Machinery & Supplies & Components,228.55,260.48,166.29,226.27,225.74,225.16,220.43,209.37,0.2,0.3,229.24,221.07
NSC,Norfolk Southern,Industrials,Rail Transportation,298.68,300.41,204.09,298.15,293.31,284.7,281.69,250.23,0.0,1.82,304.12,265.27
NTRS,Northern Trust,Financials,Asset Management & Custody Banks,131.2,134.6,83.34,132.88,131.99,130.36,128.69,110.8,0.2,2.52,134.51,126.2
NOC,Northrop Grumman,Industrials,Aerospace & Defense,605.42,609.32,427.78,597.8,587.53,582.96,581.92,507.21,0.4,-0.36,603.24,562.66
NCLH,Norwegian Cruise Line Holdings,Consumer Discretionary,"Hotels, Resorts & Cruise Lines",24.19,29.07,15.5,24.72,25.04,25.38,24.82,22.37,0.2,10.17,26.65,24.11
NRG,NRG Energy,Utilities,Independent Power Producers & Energy Traders,161.91,173.91,83.06,164.15,165.33,161.39,156.99,127.34,0.2,8.12,175.06,147.71
NUE,Nucor,Materials,Steel,135.39,164.83,102.37,135.63,134.94,138.75,141.39,127.53,0.0,8.58,147.01,130.5
NVDA,Nvidia,Information Technology,Semiconductors,187.24,187.24,94.3,182.31,180.35,176.82,177.45,142.52,-0.2,0.1,187.43,166.22
NVR,"NVR, Inc.",Consumer Discretionary,Homebuilding,8036.48,9924.4,6700.0,8021.15,8032.09,8197.94,8065.05,7628.87,0.2,6.94,8594.21,7801.84
NXPI,NXP Semiconductors,Information Technology,Semiconductors,224.91,250.84,152.09,226.32,226.12,223.84,223.39,209.64,0.0,2.26,229.99,217.69
ORLY,O’Reilly Automotive,Consumer Discretionary,Automotive Retail,105.68,107.82,76.44,106.34,105.0,105.49,103.16,92.36,0.0,2.58,108.41,102.58
OXY,Occidental Petroleum,Energy,Oil & Gas Exploration & Production,47.72,54.77,35.72,47.51,47.01,46.53,45.4,44.95,0.0,1.32,48.35,44.71
ODFL,Old Dominion,Industrials,Cargo Ground Transportation,139.24,230.37,138.59,140.02,140.26,143.81,148.78,165.34,-0.2,9.19,152.04,135.57
OMC,Omnicom Group,Communication Services,Advertising,77.45,101.86,68.6,78.21,77.0,77.3,75.92,76.91,0.1,3.93,80.49,74.11
ON,ON Semiconductor,Information Technology,Semiconductors,48.35,74.7,31.95,49.47,50.31,49.53,50.82,49.94,0.0,7.14,51.8,47.26
OKE,Oneok,Energy,Oil & Gas Storage & Transportation,72.98,112.93,71.36,73.28,72.94,72.87,75.0,85.44,-0.2,1.99,74.43,71.3
ORCL,Oracle Corporation,Information Technology,Application Software,289.01,328.33,122.56,285.56,298.35,287.89,261.02,192.36,0.2,20.35,347.82,227.97
OTIS,Otis Worldwide,Industrials,Industrial Machinery & Supplies & Components,92.36,104.22,84.52,90.98,90.16,89.25,87.94,94.21,0.3,-0.23,92.15,86.35
PCAR,Paccar,Industrials,Construction Machinery & Heavy Transportation Equipment,97.71,113.98,85.82,98.39,98.45,99.32,99.07,98.71,0.2,5.8,103.38,95.26
PKG,Packaging Corporation of America,Materials,Paper & Plastic Packaging Products & Materials,214.85,242.86,173.82,215.63,214.51,214.19,206.53,202.26,0.0,1.64,218.37,210.01
PLTR,Palantir Technologies,Information Technology,Application Software,184.95,186.97,36.46,180.58,180.37,172.19,167.93,120.5,0.0,3.41,191.26,153.13
PANW,Palo Alto Networks,Information Technology,Systems Software,206.8,208.28,152.44,203.79,204.5,201.22,190.13,187.75,0.0,1.47,209.84,192.59
PSKY,Paramount Skydance Corporation,Communication Services,Movies & Entertainment,18.89,19.73,10.05,19.03,18.94,17.73,15.17,12.37,0.0,11.59,21.08,14.39
PH,Parker Hannifin,Industrials,Industrial Machinery & Supplies & Components,755.22,769.67,514.56,752.55,754.3,756.01,744.71,671.83,-0.2,1.86,769.27,742.77
PAYX,Paychex,Industrials,Human Resource & Employment Services,124.01,158.58,124.01,126.84,128.33,131.28,136.71,143.4,-0.2,11.51,138.28,124.28
PAYC,Paycom,Industrials,Human Resource & Employment Services,199.23,265.28,158.91,211.58,214.82,217.99,223.6,223.29,0.0,15.53,230.17,205.8
PYPL,PayPal,Financials,Transaction & Payment Processing Services,66.66,91.81,57.41,67.49,67.7,67.61,69.16,73.2,0.2,4.1,69.39,65.83
PNR,Pentair,Industrials,Industrial Machinery & Supplies & Components,110.5,112.59,75.76,109.79,110.0,110.22,107.08,98.64,0.0,1.46,112.11,108.33
PEP,PepsiCo,Consumer Staples,Soft Drinks & Non-alcoholic Beverages,143.14,169.55,125.83,140.82,141.17,142.03,143.5,140.29,-0.2,1.71,145.59,138.48
PFE,Pfizer,Health Care,Pharmaceuticals,27.21,28.21,20.83,24.78,24.43,24.41,24.59,24.21,-0.2,-4.52,25.98,22.84
PCG,PG&E Corporation,Utilities,Multi-Utilities,15.66,21.5,12.98,15.03,14.89,15.02,14.9,16.0,-0.1,0.19,15.69,14.34
PM,Philip Morris International,Consumer Staples,Tobacco,160.86,183.57,115.19,162.99,162.84,163.44,165.0,157.2,0.0,3.92,167.17,159.71
PSX,Phillips 66,Energy,Oil & Gas Refining & Marketing,134.59,139.46,91.09,137.34,134.62,133.2,127.94,118.98,0.2,3.33,139.07,127.32
PNW,Pinnacle West Capital,Utilities,Multi-Utilities,88.18,93.78,79.36,87.67,87.12,87.42,89.52,88.7,0.2,1.63,89.62,85.21
PNC,PNC Financial Services,Financials,Diversified Banks,198.44,209.23,146.94,201.46,203.02,203.0,198.36,183.98,-0.2,4.33,207.03,198.96
POOL,Pool Corporation,Consumer Discretionary,Distributors,309.18,385.63,283.92,308.22,312.04,318.81,316.35,318.12,0.1,8.77,336.3,301.33
PPG,PPG Industries,Materials,Specialty Chemicals,104.09,129.31,90.49,104.16,106.04,107.91,109.2,110.95,0.0,8.68,113.13,102.7
PPL,PPL Corporation,Utilities,Electric Utilities,36.59,37.16,30.49,36.74,36.35,36.06,36.11,34.26,-0.2,1.39,37.1,35.03
PFG,Principal Financial Group,Financials,Life & Health Insurance,83.04,87.94,68.21,82.51,82.25,81.61,79.36,78.42,0.0,0.9,83.79,79.43
PG,Procter & Gamble,Consumer Staples,Personal Care Products,153.18,176.3,150.47,153.0,153.64,156.16,155.8,161.19,0.1,5.69,161.9,150.41
PGR,Progressive Corporation,Financials,Property & Casualty Insurance,246.46,291.0,234.89,244.7,242.76,244.37,245.36,258.84,-0.2,1.42,249.96,238.78
PLD,Prologis,Real Estate,Industrial REITs,116.48,122.49,88.13,114.53,114.25,113.48,109.93,108.0,0.2,-0.14,116.32,110.64
PRU,Prudential Financial,Financials,Life & Health Insurance,102.99,124.75,92.74,103.52,103.43,104.52,104.66,106.03,0.0,4.83,107.96,101.08
PEG,Public Service Enterprise Group,Utilities,Electric Utilities,82.55,91.66,75.92,82.45,82.14,81.68,83.78,81.65,0.0,1.45,83.75,79.6
PTC,PTC Inc.,Information Technology,Application Software,202.42,216.53,136.74,202.99,204.07,205.71,208.03,180.16,-0.2,4.99,212.52,198.91
PSA,Public Storage,Real Estate,Self-Storage REITs,290.68,349.71,260.94,286.92,284.01,286.27,284.16,288.99,-0.1,1.46,294.92,277.6
PHM,PulteGroup,Consumer Discretionary,Homebuilding,134.44,147.88,91.67,131.92,131.58,134.21,128.13,110.97,0.0,4.89,141.01,127.42
PWR,Quanta Services,Industrials,Construction & Engineering,420.65,421.68,236.56,410.01,401.77,390.88,389.96,333.94,0.2,-0.5,418.55,363.21
QCOM,Qualcomm,Information Technology,Semiconductors,166.49,174.12,123.21,167.41,168.48,164.81,158.55,154.71,0.2,4.11,173.33,156.28
DGX,Quest Diagnostics,Health Care,Health Care Services,182.07,190.58,144.81,187.17,186.13,183.98,179.31,169.87,0.0,4.34,189.97,177.98
RL,Ralph Lauren Corporation,Consumer Discretionary,"Apparel, Accessories & Luxury Goods",317.42,319.78,181.18,310.71,310.56,311.42,301.28,261.2,-0.2,0.68,319.58,303.26
RJF,Raymond James Financial,Financials,Investment Banking & Brokerage,165.9,176.43,120.78,172.5,173.35,170.85,167.89,154.43,0.0,7.32,178.04,163.65
RTX,RTX Corporation,Industrials,Aerospace & Defense,167.2,167.33,112.45,164.4,161.98,159.29,157.47,136.44,0.0,-0.15,166.95,151.62
O,Realty Income,Real Estate,Retail REITs,60.46,61.45,49.6,60.38,59.88,59.74,58.42,55.46,0.2,0.86,60.98,58.5
REG,Regency Centers,Real Estate,Retail REITs,72.09,75.5,64.21,71.96,71.4,71.5,71.27,70.71,0.0,1.68,73.3,69.69
REGN,Regeneron Pharmaceuticals,Health Care,Biotechnology,599.94,1046.75,482.34,568.47,577.36,572.32,570.2,608.47,-0.1,0.18,601.02,543.64
RF,Regions Financial Corporation,Financials,Regional Banks,26.21,27.4,17.95,26.46,26.68,26.84,26.18,23.14,-0.2,4.81,27.47,26.2
RSG,Republic Services,Industrials,Environmental & Facilities Services,227.29,257.46,196.49,228.18,227.57,228.27,232.52,232.78,0.0,2.16,232.2,224.35
RMD,ResMed,Health Care,Health Care Equipment,270.85,293.73,203.67,270.64,272.39,273.21,277.79,247.24,-0.2,3.07,279.17,267.25
RVTY,Revvity,Health Care,Health Care Equipment,91.76,127.41,82.5,86.14,86.17,85.55,88.66,100.56,0.2,-2.34,89.61,81.5
HOOD,Robinhood Markets,Financials,Investment Banking & Brokerage,139.14,143.18,22.33,132.69,128.7,121.4,112.66,70.75,0.0,1.67,141.46,101.35
ROK,Rockwell Automation,Industrials,Electrical Components & Equipment,349.32,357.15,217.21,345.4,345.39,344.57,344.76,301.2,-0.2,0.49,351.03,338.12
ROL,"Rollins, Inc.",Industrials,Environmental & Facilities Services,58.13,58.74,45.24,58.05,56.86,56.81,57.18,53.78,-0.2,1.5,59.0,54.61
ROP,Roper Technologies,Information Technology,Electronic Equipment & Instruments,497.97,592.1,495.03,498.39,502.49,508.7,525.83,550.21,-0.2,5.67,526.2,491.19
ROST,Ross Stores,Consumer Discretionary,Apparel Retail,153.2,154.88,122.22,151.69,149.05,149.1,146.24,140.55,0.2,0.65,154.2,144.0
RCL,Royal Caribbean Group,Consumer Discretionary,"Hotels, Resorts & Cruise Lines",316.02,364.72,171.15,323.55,325.4,332.75,331.77,267.11,0.2,12.69,356.12,309.37
SPGI,S&P Global,Financials,Financial Exchanges & Data,481.67,563.17,436.73,486.37,493.99,518.81,536.7,512.72,0.0,18.42,570.39,467.2
CRM,Salesforce,Information Technology,Application Software,235.69,365.66,231.26,240.43,243.37,244.23,247.74,279.48,0.0,7.3,252.9,235.56
SBAC,SBA Communications,Real Estate,Telecom Tower REITs,191.79,244.52,189.91,194.18,196.09,196.31,210.3,215.58,0.0,5.32,201.99,190.62
SLB,Schlumberger,Energy,Oil & Gas Equipment & Services,35.09,44.26,31.43,34.94,34.69,35.14,34.48,36.35,-0.3,3.79,36.42,33.86
STX,Seagate Technology,Information Technology,"Technology Hardware, Storage & Peripherals",256.84,256.84,65.98,231.46,227.28,212.05,178.87,121.27,0.2,-2.9,249.39,174.71
SRE,Sempra,Utilities,Multi-Utilities,89.26,92.47,63.23,88.8,86.54,84.33,82.73,77.76,0.2,1.49,90.59,78.06
NOW,ServiceNow,Information Technology,Systems Software,912.43,1170.39,721.65,925.63,934.59,932.59,918.15,956.18,-0.1,5.44,962.07,903.08
SHW,Sherwin-Williams,Materials,Specialty Chemicals,341.22,397.11,312.15,342.48,344.26,353.21,354.12,348.76,0.0,9.78,374.59,331.82
SPG,Simon Property Group,Real Estate,Retail REITs,185.76,187.67,136.92,185.46,183.65,182.41,174.3,165.21,0.0,0.79,187.23,177.59
SWKS,Skyworks Solutions,Information Technology,Semiconductors,76.34,95.47,48.25,77.82,79.0,76.74,73.93,72.38,0.2,7.73,82.24,71.25
SJM,J.M. Smucker Company (The),Consumer Staples,Packaged Foods & Meats,108.52,116.99,93.48,108.33,108.35,108.57,109.24,107.34,0.0,4.74,113.66,103.49
SW,Smurfit Westrock,Materials,Paper & Plastic Packaging Products & Materials,42.66,55.13,37.46,42.37,43.04,44.17,44.68,45.95,0.0,10.24,47.03,41.32
SNA,Snap-on,Industrials,Industrial Machinery & Supplies & Components,345.24,364.18,278.25,343.04,340.91,335.55,328.49,326.01,0.2,1.11,349.07,322.03
SOLV,Solventum,Health Care,Health Care Technology,73.04,84.04,63.01,72.02,72.71,72.98,72.83,72.5,0.2,2.89,75.15,70.8
SO,Southern Company,Utilities,Electric Utilities,94.8,95.24,78.98,94.34,93.54,92.62,93.28,88.42,0.0,0.41,95.19,90.05
LUV,Southwest Airlines,Industrials,Passenger Airlines,32.28,37.49,23.77,32.28,32.49,31.99,31.65,31.3,0.0,3.04,33.26,30.72
SWK,Stanley Black & Decker,Industrials,Industrial Machinery & Supplies & Components,73.62,105.48,54.53,73.83,75.06,76.37,73.51,72.89,0.4,9.16,80.36,72.39
SBUX,Starbucks,Consumer Discretionary,Restaurants,84.4,114.25,78.61,84.37,84.51,84.15,87.81,91.92,0.0,2.62,86.61,81.68
STT,State Street Corporation,Financials,Asset Management & Custody Banks,113.38,117.25,74.79,115.32,114.25,113.19,112.61,99.21,0.4,2.72,116.46,109.91
STLD,Steel Dynamics,Materials,Steel,141.0,151.94,108.4,138.71,138.23,135.66,130.46,126.97,0.2,1.13,142.59,128.72
STE,Steris,Health Care,Health Care Equipment,241.3,252.43,200.94,245.48,247.16,247.39,241.76,228.56,-0.4,4.76,252.79,241.99
SYK,Stryker Corporation,Health Care,Health Care Equipment,364.15,402.61,335.89,367.75,371.21,378.08,383.46,377.69,-0.2,8.73,395.94,360.22
SMCI,Supermicro,Information Technology,"Technology Hardware, Storage & Peripherals",52.39,60.71,18.01,47.75,47.06,45.13,47.12,41.02,0.0,-3.45,50.58,39.69
SYF,Synchrony Financial,Financials,Consumer Finance,69.84,76.86,43.38,72.61,74.11,74.83,73.12,63.31,0.0,12.04,78.25,71.4
SNPS,Synopsys,Information Technology,Application Software,488.78,645.35,380.9,487.75,488.75,491.15,564.79,505.94,-0.2,26.9,620.26,362.02
SYY,Sysco,Consumer Staples,Food Distributors,82.82,82.82,67.53,82.01,81.98,81.68,80.76,74.97,0.0,0.47,83.21,80.14
TMUS,T-Mobile US,Communication Services,Wireless Telecommunication Services,233.26,270.87,203.21,237.2,237.83,240.46,244.34,241.33,-0.2,6.95,249.47,231.43
TROW,T. Rowe Price,Financials,Asset Management & Custody Banks,101.07,118.63,78.24,102.78,103.91,104.79,104.95,99.44,0.0,7.37,108.52,101.05
TTWO,Take-Two Interactive,Communication Services,Interactive Home Entertainment,255.4,259.96,147.66,254.99,252.26,249.09,236.94,218.83,0.2,1.66,259.64,238.54
TPR,"Tapestry, Inc.",Consumer Discretionary,"Apparel, Accessories & Luxury Goods",113.83,116.14,42.76,111.07,112.63,109.7,106.74,83.85,0.2,2.87,117.1,102.31
TRGP,Targa Resources,Energy,Oil & Gas Storage & Transportation,168.07,213.93,145.11,170.13,169.27,166.56,165.45,175.95,-0.1,3.52,173.99,159.14
TGT,Target Corporation,Consumer Staples,Consumer Staples Merchandise Retail,89.14,154.72,86.56,88.53,88.21,89.49,96.44,106.0,-0.2,4.41,93.07,85.92
TEL,TE Connectivity,Information Technology,Electronic Manufacturing Services,221.69,221.69,121.04,218.1,217.78,214.09,208.01,165.22,0.2,0.35,222.47,205.7
TDY,Teledyne Technologies,Information Technology,Electronic Equipment & Instruments,575.07,586.04,435.54,576.71,571.14,561.41,552.31,506.59,0.2,1.78,585.31,537.53
TER,Teradyne,Information Technology,Semiconductor Materials & Equipment,141.12,141.12,67.79,136.25,132.3,124.22,114.48,102.02,0.0,1.63,143.42,105.02
TSLA,"Tesla, Inc.",Consumer Discretionary,Automobile Manufacturers,459.46,479.86,213.65,442.24,435.7,405.49,359.11,335.13,0.0,5.24,483.54,327.46
TXN,Texas Instruments,Information Technology,Semiconductors,180.39,219.66,143.34,182.79,182.1,182.71,188.76,184.98,0.0,4.38,188.29,177.13
TPL,Texas Pacific Land Corporation,Energy,Oil & Gas Exploration & Production,957.98,1720.9,853.36,938.42,922.37,922.03,920.48,1160.22,-0.1,0.86,966.22,877.82
TXT,Textron,Industrials,Aerospace & Defense,85.21,90.23,60.69,83.91,83.64,82.76,80.79,76.4,0.4,-0.04,85.18,80.33
TMO,Thermo Fisher Scientific,Health Care,Life Sciences Tools & Services,530.73,616.4,389.91,480.25,477.47,479.95,479.27,476.91,0.0,-3.99,509.55,450.34
TJX,TJX Companies,Consumer Discretionary,Apparel Retail,144.32,144.54,110.73,143.39,141.62,140.91,135.58,126.36,0.2,-0.12,144.15,137.68
TKO,TKO Group Holdings,Communication Services,Movies & Entertainment,198.76,205.33,113.99,200.18,200.25,199.22,185.72,163.54,0.2,4.18,207.07,191.37
TTD,Trade Desk (The),Communication Services,Advertising,49.32,139.51,43.93,48.37,47.01,47.55,59.06,75.69,-0.2,7.44,52.99,42.11
TSCO,Tractor Supply,Consumer Discretionary,Other Specialty Retail,55.92,62.65,47.62,56.48,57.6,58.66,59.43,54.58,-0.2,10.26,61.66,55.65
TT,Trane Technologies,Industrials,Building Products,425.41,471.46,313.81,416.68,410.93,409.7,423.43,392.85,0.4,-0.28,424.22,395.17
TDG,TransDigm Group,Industrials,Aerospace & Defense,1300.8,1516.55,1152.5,1298.77,1295.71,1290.66,1337.26,1302.36,-0.2,1.03,1314.2,1267.12
TRV,Travelers Companies (The),Financials,Property & Casualty Insurance,277.24,279.43,222.29,276.99,276.89,276.05,269.86,257.4,-0.2,1.21,280.59,271.51
TRMB,Trimble Inc.,Information Technology,Electronic Equipment & Instruments,79.41,85.24,55.12,80.85,81.27,81.0,82.01,73.58,0.0,4.57,83.04,78.95
TFC,Truist Financial,Financials,Diversified Banks,45.57,47.07,33.92,45.79,45.8,45.66,44.99,42.22,0.0,2.68,46.79,44.54
TYL,Tyler Technologies,Information Technology,Application Software,500.74,646.74,500.74,521.01,525.69,537.55,557.44,574.76,-0.2,13.5,568.34,506.78
TSN,Tyson Foods,Consumer Staples,Packaged Foods & Meats,54.47,62.84,51.83,54.13,54.02,54.67,55.02,56.32,-0.4,3.67,56.47,52.87
USB,U.S. Bancorp,Financials,Diversified Banks,47.88,51.35,35.62,48.42,48.81,48.69,47.0,44.41,-0.2,3.72,49.66,47.72
UBER,Uber,Industrials,Passenger Ground Transportation,96.61,99.57,59.93,98.04,97.84,96.28,93.61,81.5,0.0,4.73,101.18,91.38
UDR,"UDR, Inc.",Real Estate,Multi-Family Residential REITs,36.92,45.08,36.71,37.0,37.18,37.77,38.47,40.66,0.0,6.42,39.29,36.24
ULTA,Ulta Beauty,Consumer Discretionary,Other Specialty Retail,556.04,556.04,314.47,549.6,538.26,529.64,522.27,437.23,0.0,0.03,556.21,503.04
UNP,Union Pacific Corporation,Industrials,Rail Transportation,234.74,249.94,205.73,234.9,229.96,223.59,222.58,226.84,0.1,1.87,239.13,208.07
UAL,United Airlines Holdings,Industrials,Passenger Airlines,93.15,110.52,55.62,97.07,100.67,103.53,99.05,88.72,-0.2,20.14,111.91,95.15
UPS,United Parcel Service,Industrials,Air Freight & Logistics,84.38,130.93,82.58,83.74,84.04,84.24,86.58,100.99,-0.2,1.19,85.38,83.1
URI,United Rentals,Industrials,Trading Companies & Distributors,962.92,975.23,549.5,948.0,945.87,949.71,920.03,748.91,0.0,1.16,974.09,925.35
UNH,UnitedHealth Group,Health Care,Managed Health Care,348.3,611.98,236.28,345.68,344.07,340.11,303.08,398.12,-0.1,4.61,364.36,315.85
UHS,Universal Health Services,Health Care,Health Care Facilities,203.51,235.89,154.78,201.5,197.28,192.63,180.81,180.68,0.0,0.79,205.12,180.14
VLO,Valero Energy,Energy,Oil & Gas Refining & Marketing,167.67,175.63,102.97,172.02,169.42,164.11,150.16,133.38,0.0,5.43,176.77,151.46
VTR,Ventas,Real Estate,Health Care REITs,70.32,70.32,55.68,69.05,68.22,68.15,67.64,64.13,0.2,-0.17,70.2,66.1
VLTO,Veralto,Industrials,Environmental & Facilities Services,106.04,113.11,85.14,105.3,105.68,106.26,106.33,100.63,0.0,2.53,108.72,103.79
VRSN,Verisign,Information Technology,Internet Services & Infrastructure,274.92,305.1,175.69,281.38,282.97,283.85,277.41,254.94,-0.4,5.87,291.06,276.65
VRSK,Verisk Analytics,Industrials,Research & Consulting Services,249.55,320.32,242.3,248.19,245.92,254.29,265.07,286.76,-0.2,10.06,274.65,233.93
VZ,Verizon,Communication Services,Integrated Telecommunication Services,43.83,45.06,36.62,43.6,43.48,43.69,43.6,41.82,0.0,1.32,44.41,42.96
VRTX,Vertex Pharmaceuticals,Health Care,Biotechnology,404.21,516.74,366.54,391.75,386.85,390.27,403.43,446.12,0.4,-0.03,404.09,376.45
VTRS,Viatris,Health Care,Pharmaceuticals,10.09,12.87,7.08,9.72,9.75,9.92,9.87,9.54,0.2,4.96,10.59,9.25
VICI,Vici Properties,Real Estate,Hotel & Resort REITs,32.91,33.46,27.08,32.52,32.18,32.43,32.55,30.93,0.0,1.22,33.31,31.54
V,Visa Inc.,Financials,Transaction & Payment Processing Services,347.83,372.65,271.88,340.33,340.32,341.5,343.99,341.75,0.0,0.36,349.08,333.93
VST,Vistra Corp.,Utilities,Electric Utilities,201.51,217.92,97.84,200.84,204.96,203.06,200.27,163.89,0.0,9.13,219.91,186.21
VMC,Vulcan Materials Company,Materials,Construction Materials,301.64,307.62,219.65,301.27,299.3,297.04,289.46,264.81,0.2,1.2,305.26,288.81
WRB,W. R. Berkley Corporation,Financials,Property & Casualty Insurance,75.41,76.62,55.35,75.7,74.72,73.65,71.72,67.16,0.0,1.52,76.56,70.73
GWW,W. W. Grainger,Industrials,Industrial Machinery & Supplies & Components,944.0,1212.97,915.74,951.28,965.71,984.41,991.51,1026.06,-0.2,9.45,1033.21,935.63
WAB,Wabtec,Industrials,Construction Machinery & Heavy Transportation Equipment,198.56,214.1,159.81,197.56,195.16,192.59,192.83,193.52,0.0,1.03,200.61,184.58
WMT,Walmart,Consumer Staples,Consumer Staples Merchandise Retail,101.96,104.27,78.34,102.86,102.83,102.61,100.49,95.69,0.0,2.61,104.62,100.61
DIS,Walt Disney Company (The),Communication Services,Movies & Entertainment,112.95,124.01,81.37,113.74,113.55,115.21,116.58,109.7,0.0,5.51,119.17,111.25
WBD,Warner Bros. Discovery,Communication Services,Broadcasting,19.35,19.82,7.33,19.41,19.41,17.29,14.26,11.2,0.0,20.83,23.38,11.2
WM,Waste Management,Industrials,Environmental & Facilities Services,219.87,240.36,198.36,219.2,218.29,218.16,224.17,223.47,0.2,1.19,222.49,213.84
WAT,Waters Corporation,Health Care,Life Sciences Tools & Services,319.81,417.28,277.72,297.71,299.01,300.14,295.72,345.07,0.1,-1.62,314.63,285.63
WEC,WEC Energy Group,Utilities,Electric Utilities,112.99,114.59,89.8,113.18,111.91,110.39,109.01,103.7,0.2,1.45,114.63,106.15
WFC,Wells Fargo,Financials,Diversified Banks,80.87,85.16,53.78,83.73,84.05,82.47,80.84,75.2,-0.2,6.75,86.33,78.61
WELL,Welltower,Real Estate,Health Care REITs,179.38,179.38,120.86,176.06,172.3,170.12,167.14,149.78,0.2,-0.65,178.21,162.02
WST,West Pharmaceutical Services,Health Care,Health Care Supplies,271.42,347.02,190.04,262.01,258.29,256.56,250.06,249.24,0.4,-1.5,267.35,245.79
WDC,Western Digital,Information Technology,"Technology Hardware, Storage & Peripherals",130.59,130.59,30.45,116.3,112.56,104.56,87.31,58.75,0.2,-4.56,124.64,84.49
WY,Weyerhaeuser,Real Estate,Timber REITs,24.95,32.88,24.1,24.66,24.52,24.91,25.33,26.82,0.0,4.41,26.05,23.77
WSM,"Williams-Sonoma, Inc.",Consumer Discretionary,Homefurnishing Retail,195.3,215.83,127.65,197.04,198.05,199.43,197.15,180.08,0.0,5.41,205.87,192.99
WMB,Williams Companies,Energy,Oil & Gas Storage & Transportation,63.69,64.01,44.11,63.67,62.32,60.09,58.54,57.17,0.0,2.42,65.23,54.95
WTW,Willis Towers Watson,Financials,Insurance Brokers,344.1,345.45,284.76,341.78,339.6,335.7,328.53,317.76,0.0,0.77,346.75,324.66
WDAY,"Workday, Inc.",Information Technology,Application Software,232.21,279.91,210.47,242.01,240.17,233.98,230.47,244.75,0.1,7.58,249.81,218.16
WYNN,Wynn Resorts,Consumer Discretionary,Casinos & Gaming,132.03,132.43,65.78,129.51,128.52,125.41,117.77,94.96,0.2,0.39,132.54,118.28
XEL,Xcel Energy,Utilities,Multi-Utilities,80.31,80.65,60.16,79.51,76.51,74.28,73.07,68.81,0.0,0.83,80.98,67.58
XYL,Xylem Inc.,Industrials,Industrial Machinery & Supplies & Components,147.88,147.88,102.25,144.76,143.7,142.08,140.87,126.93,0.4,-0.59,147.01,137.15
YUM,Yum! Brands,Consumer Discretionary,Restaurants,153.19,160.96,121.48,152.45,150.13,148.66,146.46,143.94,0.0,0.73,154.31,143.0
ZBRA,Zebra Technologies,Information Technology,Electronic Equipment & Instruments,291.79,421.11,213.54,297.52,306.7,310.47,317.54,315.94,-0.2,12.25,327.53,293.41
ZBH,Zimmer Biomet,Health Care,Health Care Equipment,98.89,112.61,89.76,98.03,99.02,100.82,100.36,100.69,-0.1,7.02,105.83,95.81
ZTS,Zoetis,Health Care,Pharmaceuticals,146.95,193.03,141.13,144.19,144.29,146.99,149.98,158.37,-0.2,4.81,154.02,139.96
