Symbol,Company,GICS_Sector,GICS_Sub_Industry,Current_Price,52_Week_High,52_Week_Low,SMA_5,SMA_10,SMA_20,SMA_50,SMA_100,SMA_125,SMA_200
MMM,3M,Industrials,Industrial Conglomerates,156.5,163.4,120.83,156.81,155.4,155.48,153.69,149.54,147.44,144.42
AOS,A. O. Smith,Industrials,Building Products,73.61,90.29,58.25,73.24,72.93,72.5,71.28,68.63,67.67,67.81
ABT,Abbott Laboratories,Health Care,Health Care Equipment,132.76,139.95,109.57,131.97,132.19,132.03,130.3,131.46,130.63,127.32
ABBV,AbbVie,Health Care,Biotechnology,216.26,221.77,159.42,216.81,214.17,211.57,200.85,193.3,192.25,188.91
ACN,Accenture,Information Technology,IT Consulting & Other Services,236.81,394.41,235.84,240.1,247.01,251.76,261.49,284.41,286.5,312.66
ADBE,Adobe Inc.,Information Technology,Application Software,352.73,557.9,330.04,349.98,350.44,353.26,356.64,375.76,374.2,403.52
AMD,Advanced Micro Devices,Information Technology,Semiconductors,160.46,186.65,76.48,159.08,157.77,161.58,163.62,140.24,131.59,126.35
AES,AES Corporation,Utilities,Independent Power Producers & Energy Traders,12.7,19.17,9.28,12.84,12.86,13.11,13.05,11.82,11.67,11.58
AFL,Aflac,Financials,Life & Health Insurance,107.63,113.54,96.14,108.22,107.59,107.42,103.89,103.78,104.35,104.19
A,Agilent Technologies,Health Care,Life Sciences Tools & Services,127.19,153.19,96.23,125.38,126.37,123.69,119.88,116.58,115.24,123.32
APD,Air Products,Materials,Industrial Gases,284.95,336.92,242.14,289.86,289.65,291.8,291.7,283.31,281.66,290.96
ABNB,Airbnb,Consumer Discretionary,"Hotels, Resorts & Cruise Lines",121.66,163.93,99.88,122.21,123.36,125.72,129.95,130.71,128.24,130.87
AKAM,Akamai Technologies,Information Technology,Internet Services & Infrastructure,76.38,106.8,67.51,77.13,77.6,77.44,77.1,77.95,77.78,83.49
ALB,Albemarle Corporation,Materials,Specialty Chemicals,80.94,111.49,48.84,77.11,77.89,79.67,76.55,67.98,67.14,74.2
ARE,Alexandria Real Estate Equities,Real Estate,Office REITs,85.75,118.73,66.16,85.0,84.34,82.28,79.42,75.4,77.09,84.27
ALGN,Align Technology,Health Care,Health Care Supplies,131.82,262.87,127.7,132.66,134.22,138.44,159.16,170.84,169.49,184.35
ALLE,Allegion,Industrials,Building Products,177.04,177.75,116.14,175.17,172.92,171.46,164.23,152.54,147.3,141.1
LNT,Alliant Energy,Utilities,Electric Utilities,63.62,67.11,54.71,64.37,64.38,65.08,64.48,62.56,62.26,61.2
ALL,Allstate,Financials,Property & Casualty Insurance,196.3,213.71,173.88,199.22,201.09,202.93,200.18,199.86,199.26,196.3
GOOGL,Alphabet Inc. (Class A),Communication Services,Interactive Media & Services,251.16,253.04,140.23,244.62,239.41,222.9,204.0,186.01,180.02,181.52
GOOG,Alphabet Inc. (Class C),Communication Services,Interactive Media & Services,251.42,253.23,142.36,244.98,239.73,223.43,204.76,187.04,181.28,182.92
MO,Altria,Consumer Staples,Tobacco,64.81,67.51,45.54,65.15,65.22,65.59,62.37,59.98,59.08,56.17
AMZN,Amazon,Consumer Discretionary,Broadline Retail,234.05,242.52,161.38,230.78,232.2,229.82,227.13,216.43,210.35,214.3
AMCR,Amcor,Materials,Paper & Plastic Packaging Products & Materials,8.39,11.04,8.16,8.3,8.29,8.42,9.08,9.13,9.16,9.35
AEE,Ameren,Utilities,Multi-Utilities,98.56,102.85,80.57,99.88,99.72,99.95,99.29,97.43,97.34,95.38
AEP,American Electric Power,Utilities,Electric Utilities,106.84,115.08,87.57,108.5,108.52,110.5,109.64,106.05,105.6,102.13
AXP,American Express,Financials,Consumer Finance,327.04,332.46,219.87,326.46,326.26,322.64,313.2,303.48,294.38,295.74
AIG,American International Group,Financials,Multi-line Insurance,76.34,87.61,68.55,77.8,78.85,80.49,80.11,81.78,81.88,79.24
AMT,American Tower,Real Estate,Telecom Tower REITs,194.73,234.33,169.77,194.52,195.05,200.85,210.12,212.61,212.59,204.28
AWK,American Water Works,Utilities,Water Utilities,136.25,153.69,116.64,138.25,139.72,142.05,141.94,141.54,141.85,136.59
AMP,Ameriprise Financial,Financials,Asset Management & Custody Banks,486.13,576.69,393.57,492.77,495.8,504.14,513.59,509.99,502.23,513.07
AME,Ametek,Industrials,Electrical Components & Equipment,187.27,197.03,144.53,189.05,187.96,186.54,183.21,179.78,176.81,179.35
AMGN,Amgen,Health Care,Biotechnology,273.08,330.26,247.06,277.02,279.29,284.67,290.3,284.82,286.24,283.56
APH,Amphenol,Information Technology,Electronic Components,119.04,120.8,56.35,119.1,115.67,112.67,108.05,98.27,91.72,83.33
ADI,Analog Devices,Information Technology,Semiconductors,244.1,257.11,157.31,245.93,246.46,247.48,238.17,228.39,220.4,218.15
AON,Aon plc,Financials,Insurance Brokers,356.57,411.24,322.37,365.39,368.14,369.62,363.62,360.15,364.26,368.43
APA,APA Corporation,Energy,Oil & Gas Exploration & Production,24.51,26.13,13.18,23.31,22.93,22.46,20.6,19.12,18.77,19.74
APO,Apollo Global Management,Financials,Asset Management & Custody Banks,140.05,187.59,101.84,137.32,135.44,135.37,141.52,138.48,136.81,145.44
AAPL,Apple Inc.,Information Technology,"Technology Hardware, Storage & Peripherals",238.15,259.18,168.8,233.15,235.59,232.33,222.04,212.78,211.33,221.13
AMAT,Applied Materials,Information Technology,Semiconductor Materials & Equipment,173.54,213.48,123.04,169.17,164.86,163.39,177.31,171.79,166.0,167.37
APTV,Aptiv,Consumer Discretionary,Automotive Parts & Equipment,83.12,84.72,47.19,82.81,81.9,80.0,73.74,69.73,67.03,65.03
ACGL,Arch Capital Group,Financials,Property & Casualty Insurance,87.38,110.75,82.49,90.48,90.93,91.47,89.76,90.99,91.34,91.88
ADM,Archer Daniels Midland,Consumer Staples,Agricultural Products & Services,62.35,64.38,40.22,61.46,61.84,61.98,58.05,53.71,52.08,50.67
ANET,Arista Networks,Information Technology,Communications Equipment,142.16,156.32,59.43,146.15,143.41,138.64,127.83,110.1,103.21,104.24
AJG,Arthur J. Gallagher & Co.,Financials,Insurance Brokers,291.46,349.78,272.05,294.39,297.13,298.97,299.53,313.48,317.0,312.12
AIZ,Assurant,Financials,Multi-line Insurance,205.44,227.13,173.64,209.93,211.51,213.05,201.07,198.72,198.44,202.55
T,AT&T,Communication Services,Integrated Telecommunication Services,29.33,29.79,20.23,29.44,29.37,29.19,28.32,27.91,27.69,26.16
ATO,Atmos Energy,Utilities,Gas Utilities,163.21,167.99,130.94,165.17,165.03,165.42,160.69,157.6,156.25,150.88
ADSK,Autodesk,Information Technology,Application Software,318.51,329.09,232.67,321.39,322.27,307.65,300.57,297.5,290.26,290.82
ADP,Automatic Data Processing,Industrials,Human Resource & Employment Services,288.69,326.59,266.62,292.09,294.44,298.73,300.87,304.77,302.51,300.1
AZO,AutoZone,Consumer Discretionary,Automotive Retail,4223.93,4388.11,2898.57,4277.36,4256.27,4209.44,3999.21,3851.48,3813.23,3642.74
AVB,AvalonBay Communities,Real Estate,Multi-Family Residential REITs,192.28,233.48,178.86,193.95,193.87,193.13,194.4,199.19,199.89,206.03
AVY,Avery Dennison,Materials,Paper & Plastic Packaging Products & Materials,166.23,219.94,155.31,166.0,166.72,169.86,172.71,174.23,173.62,178.19
AXON,Axon Enterprise,Industrials,Aerospace & Defense,750.67,885.92,375.71,753.25,742.27,752.33,760.34,745.71,706.87,668.95
BKR,Baker Hughes,Energy,Oil & Gas Equipment & Services,47.23,48.6,32.42,46.78,46.19,45.29,43.49,40.45,40.37,41.4
BALL,Ball Corporation,Materials,"Metal, Glass & Plastic Containers",49.73,67.13,43.18,50.4,50.49,51.48,54.53,54.12,53.09,53.36
BAC,Bank of America,Financials,Diversified Banks,50.66,51.09,32.69,50.54,50.24,49.78,47.95,45.83,44.41,44.39
BAX,Baxter International,Health Care,Health Care Equipment,23.87,39.59,21.18,24.03,24.02,24.13,25.32,27.84,28.38,29.53
BDX,Becton Dickinson,Health Care,Health Care Equipment,186.21,248.0,161.47,187.56,189.0,191.47,185.7,179.7,186.21,201.22
BBY,Best Buy,Consumer Discretionary,Computer & Electronics Retail,74.04,99.71,54.24,75.91,76.22,75.03,71.27,70.16,69.31,74.35
TECH,Bio-Techne,Health Care,Life Sciences Tools & Services,51.78,80.52,45.87,51.77,52.78,54.01,53.82,51.85,52.37,59.2
BIIB,Biogen,Health Care,Biotechnology,143.68,204.18,110.04,144.66,143.05,140.04,134.49,130.53,129.91,136.27
BLK,BlackRock,Financials,Asset Management & Custody Banks,1118.89,1166.38,766.05,1118.9,1110.21,1117.99,1111.83,1040.89,1012.25,1002.63
BX,Blackstone Inc.,Financials,Asset Management & Custody Banks,183.72,196.67,114.16,182.2,176.47,172.8,170.5,155.33,151.11,157.23
XYZ,"Block, Inc.",Financials,Transaction & Payment Processing Services,75.78,99.26,44.27,74.25,74.91,76.23,75.17,67.82,65.4,71.63
BK,BNY Mellon,Financials,Asset Management & Custody Banks,105.49,107.01,66.95,105.6,105.07,104.32,101.29,94.36,91.28,87.54
BA,Boeing,Industrials,Aerospace & Defense,215.02,242.69,128.88,218.84,224.74,227.91,228.33,214.8,204.58,191.89
BKNG,Booking Holdings,Consumer Discretionary,"Hotels, Resorts & Cruise Lines",5475.01,5829.37,3866.77,5493.19,5526.29,5580.15,5578.31,5462.89,5281.64,5133.26
BSX,Boston Scientific,Health Care,Health Care Equipment,98.98,109.5,80.64,102.23,104.94,105.29,104.66,104.02,102.68,100.64
BMY,Bristol Myers Squibb,Health Care,Pharmaceuticals,46.34,61.84,42.96,46.72,46.89,47.26,47.06,47.12,48.56,51.47
AVGO,Broadcom,Information Technology,Semiconductors,360.0,374.23,137.78,362.63,343.89,320.27,303.36,269.88,250.63,235.74
BR,Broadridge Financial Solutions,Industrials,Data Processing & Outsourced Services,245.61,270.85,204.08,250.28,250.51,253.98,250.73,244.32,241.99,237.88
BRO,Brown & Brown,Financials,Insurance Brokers,90.92,125.31,89.99,92.42,93.65,95.03,97.46,103.71,106.77,107.36
BLDR,Builders FirstSource,Industrials,Building Products,136.99,203.14,102.6,141.34,142.39,140.75,135.26,125.1,124.61,135.56
BG,Bunge Global,Consumer Staples,Agricultural Products & Services,83.69,97.07,65.6,81.98,82.51,83.29,79.91,79.24,78.27,77.27
BXP,"BXP, Inc.",Real Estate,Office REITs,78.93,86.38,53.45,76.8,75.81,72.7,69.72,68.45,67.44,68.64
CHRW,C.H. Robinson,Industrials,Air Freight & Logistics,133.77,134.91,83.72,131.62,129.16,127.33,115.07,104.37,102.34,101.88
CDNS,Cadence Design Systems,Information Technology,Application Software,349.01,376.45,221.56,347.45,350.73,349.02,343.34,323.93,310.52,302.6
CZR,Caesars Entertainment,Consumer Discretionary,Casinos & Gaming,25.58,45.93,21.4,25.62,25.68,25.94,27.03,27.52,27.21,29.85
CPT,Camden Property Trust,Real Estate,Multi-Family Residential REITs,107.12,124.31,101.41,108.92,109.83,109.62,110.16,112.68,112.98,113.93
CPB,Campbell's Company (The),Consumer Staples,Packaged Foods & Meats,33.56,50.18,29.39,33.38,33.5,32.87,32.31,32.92,33.89,35.98
COF,Capital One,Financials,Consumer Finance,224.41,231.82,135.98,224.5,223.42,222.25,217.65,206.44,198.85,194.44
CAH,Cardinal Health,Health Care,Health Care Distributors,148.37,168.44,104.89,150.53,150.33,149.78,154.16,154.25,149.92,139.9
KMX,CarMax,Consumer Discretionary,Automotive Retail,60.35,91.25,54.53,60.2,60.56,60.28,60.19,63.27,65.02,71.5
CCL,Carnival,Consumer Discretionary,"Hotels, Resorts & Cruise Lines",31.2,32.8,15.07,31.56,31.56,31.3,30.21,26.68,25.14,25.0
CARR,Carrier Global,Industrials,Building Products,60.93,82.31,53.89,61.73,62.92,64.54,68.97,69.89,68.24,68.07
CAT,Caterpillar Inc.,Industrials,Construction Machinery & Heavy Transportation Equipment,440.67,441.15,265.05,432.48,426.17,425.91,421.09,384.9,369.66,367.24
CBOE,Cboe Global Markets,Financials,Financial Exchanges & Data,233.74,255.27,186.22,234.58,234.19,238.42,240.86,233.13,229.69,219.84
CBRE,CBRE Group,Real Estate,Real Estate Services,162.84,167.56,108.45,164.19,163.18,162.56,154.46,142.14,138.51,137.63
CDW,CDW Corporation,Information Technology,Technology Distributors,166.15,227.65,136.33,166.01,166.62,165.88,170.16,172.87,169.49,173.52
COR,Cencora,Health Care,Health Care Distributors,290.0,308.18,216.84,296.61,295.99,294.95,292.71,291.44,288.46,271.25
CNC,Centene Corporation,Health Care,Managed Health Care,31.8,77.29,25.08,32.61,31.06,30.06,28.8,42.45,46.16,51.41
CNP,CenterPoint Energy,Utilities,Multi-Utilities,37.65,39.16,25.67,38.04,37.79,37.83,37.62,37.22,36.97,35.18
CF,CF Industries,Materials,Fertilizers & Agricultural Chemicals,84.96,103.84,66.56,85.79,85.16,85.72,88.7,88.73,85.85,85.35
CRL,Charles River Laboratories,Health Care,Life Sciences Tools & Services,151.6,230.02,91.86,153.95,157.78,159.53,160.51,150.05,146.99,157.88
SCHW,Charles Schwab Corporation,Financials,Investment Banking & Brokerage,91.03,99.42,61.03,92.57,93.59,94.91,95.18,91.0,88.02,84.19
CHTR,Charter Communications,Communication Services,Cable & Satellite,261.08,437.06,251.8,262.42,262.16,265.18,300.0,349.13,349.71,354.1
CVX,Chevron Corporation,Energy,Integrated Oil & Gas,159.54,165.09,129.01,158.0,156.83,157.19,153.84,146.37,146.57,147.6
CMG,Chipotle Mexican Grill,Consumer Discretionary,Restaurants,39.3,66.74,38.3,38.84,39.76,41.23,45.15,48.58,48.69,52.05
CB,Chubb Limited,Financials,Property & Casualty Insurance,272.02,305.88,250.52,276.96,277.47,276.47,274.24,280.69,282.29,279.33
CHD,Church & Dwight,Consumer Staples,Household Products,91.52,115.72,90.22,92.63,93.69,93.63,94.33,95.27,97.25,100.57
CI,Cigna,Health Care,Health Care Services,294.21,363.87,255.6,300.48,301.36,300.6,293.84,305.98,309.28,303.54
CINF,Cincinnati Financial,Financials,Property & Casualty Insurance,153.27,158.92,122.28,154.87,154.4,153.96,151.34,148.53,146.37,144.49
CTAS,Cintas,Industrials,Diversified Support Services,199.29,228.77,179.74,201.45,202.91,207.79,215.21,217.07,213.8,208.79
CSCO,Cisco,Information Technology,Communications Equipment,66.93,72.55,48.34,67.26,67.31,67.58,68.16,65.7,64.1,62.54
C,Citigroup,Financials,Diversified Banks,100.64,100.85,54.71,99.17,97.66,96.35,93.74,84.74,80.92,78.19
CFG,Citizens Financial Group,Financials,Regional Banks,51.13,52.85,31.96,51.57,51.72,51.18,49.19,44.9,43.37,43.66
CLX,Clorox,Consumer Staples,Household Products,124.85,166.9,116.17,123.78,124.5,121.97,123.7,126.26,129.01,138.4
CME,CME Group,Financials,Financial Exchanges & Data,259.83,288.09,203.31,260.65,262.1,265.45,271.84,272.91,270.16,257.59
CMS,CMS Energy,Utilities,Multi-Utilities,69.96,75.33,62.54,71.22,71.23,71.74,71.84,70.94,71.14,69.68
KO,Coca-Cola Company (The),Consumer Staples,Soft Drinks & Non-alcoholic Beverages,66.24,73.29,59.3,66.67,67.13,68.02,68.63,69.44,69.52,67.37
CTSH,Cognizant,Information Technology,IT Consulting & Other Services,69.17,89.77,64.98,69.33,70.37,71.02,72.34,75.36,74.81,76.95
COIN,Coinbase,Financials,Financial Exchanges & Data,327.91,444.65,142.58,323.45,314.64,310.65,340.54,301.45,277.04,272.8
CL,Colgate-Palmolive,Consumer Staples,Household Products,81.48,103.93,81.41,82.83,83.52,84.19,85.59,87.91,88.65,88.91
CMCSA,Comcast,Communication Services,Cable & Satellite,32.29,44.12,31.03,32.97,33.43,33.62,33.7,34.09,34.23,35.06
CAG,Conagra Brands,Consumer Staples,Packaged Foods & Meats,18.94,31.17,18.18,19.12,19.19,19.16,19.08,20.57,21.46,22.91
COP,ConocoPhillips,Energy,Oil & Gas Exploration & Production,94.54,112.56,78.56,93.55,93.44,95.21,94.2,91.74,91.97,94.06
ED,Consolidated Edison,Utilities,Multi-Utilities,95.57,112.97,85.07,96.98,97.22,98.58,100.36,101.66,102.82,99.22
STZ,Constellation Brands,Consumer Staples,Distillers & Vintners,134.68,255.51,133.84,139.09,142.83,152.4,162.95,169.74,171.8,180.58
CEG,Constellation Energy,Utilities,Electric Utilities,322.91,356.57,160.94,322.96,313.36,313.28,321.61,305.04,285.15,277.16
COO,Cooper Companies (The),Health Care,Health Care Supplies,65.16,112.38,61.78,66.69,67.37,69.4,71.33,73.62,74.82,81.57
CPRT,Copart,Industrials,Diversified Support Services,46.57,64.38,45.05,48.0,48.35,48.36,47.32,51.02,52.22,54.34
GLW,Corning Inc.,Information Technology,Electronic Components,78.7,78.81,36.95,76.82,73.89,70.12,63.31,55.93,53.46,51.59
CPAY,Corpay,Financials,Transaction & Payment Processing Services,306.29,400.81,269.02,307.38,311.76,317.26,321.39,326.65,326.51,339.54
CTVA,Corteva,Materials,Fertilizers & Agricultural Chemicals,69.88,77.22,53.14,71.8,72.18,72.85,72.68,71.06,68.87,65.74
CSGP,CoStar Group,Real Estate,Real Estate Services,88.13,97.43,68.26,87.45,87.99,88.7,89.46,83.82,82.77,80.06
COST,Costco,Consumer Staples,Consumer Staples Merchandise Retail,952.07,1075.34,862.73,960.14,962.09,959.21,959.46,981.24,973.71,974.64
CTRA,Coterra,Energy,Oil & Gas Exploration & Production,24.55,29.29,21.84,24.37,24.2,24.05,24.01,24.45,24.85,25.36
CRWD,CrowdStrike,Information Technology,Systems Software,444.98,517.98,256.0,436.82,427.9,424.48,445.19,453.28,435.68,413.12
CCI,Crown Castle,Real Estate,Telecom Tower REITs,93.57,114.51,81.02,93.79,94.07,97.04,101.3,100.47,100.27,96.35
CSX,CSX Corporation,Industrials,Rail Transportation,32.47,37.1,26.01,32.47,32.44,33.07,34.14,32.51,31.67,31.9
CMI,Cummins,Industrials,Construction Machinery & Heavy Transportation Equipment,415.44,416.92,257.24,411.24,404.13,401.09,379.0,347.58,337.47,343.94
CVS,CVS Health,Health Care,Health Care Services,73.48,75.55,42.12,74.11,73.34,72.6,67.12,65.79,65.84,61.61
DHR,Danaher Corporation,Health Care,Life Sciences Tools & Services,190.47,278.43,170.73,191.36,194.85,201.08,200.6,198.11,197.8,207.38
DRI,Darden Restaurants,Consumer Discretionary,Restaurants,210.04,226.68,151.84,211.93,211.09,209.03,207.51,208.76,206.55,197.68
DDOG,Datadog,Information Technology,Application Software,134.59,170.08,81.63,137.6,136.54,134.1,137.04,128.06,121.9,127.73
DVA,DaVita,Health Care,Health Care Services,130.11,179.6,126.07,131.95,134.03,135.83,138.05,139.13,140.93,147.18
DAY,Dayforce,Industrials,Human Resource & Employment Services,69.07,82.69,48.01,68.98,69.12,68.99,61.38,59.65,58.95,62.76
DECK,Deckers Brands,Consumer Discretionary,Footwear,118.69,223.98,93.72,117.57,118.84,115.79,109.12,110.27,110.43,136.63
DE,Deere & Company,Industrials,Agricultural & Farm Machinery,468.7,532.1,381.05,471.23,473.09,480.57,496.31,499.52,491.15,477.69
DELL,Dell Technologies,Information Technology,"Technology Hardware, Storage & Peripherals",127.68,145.54,65.56,125.87,124.92,127.16,129.39,119.56,113.03,112.0
DAL,Delta Air Lines,Industrials,Passenger Airlines,57.86,69.36,34.52,59.6,60.34,60.51,57.35,52.61,50.54,54.55
DVN,Devon Energy,Energy,Oil & Gas Exploration & Production,34.97,42.12,25.53,34.72,34.66,34.78,33.68,32.83,32.73,33.24
DXCM,Dexcom,Health Care,Health Care Equipment,76.55,93.25,57.52,76.07,77.69,77.78,80.75,81.78,79.03,80.07
FANG,Diamondback Energy,Energy,Oil & Gas Exploration & Production,138.42,195.31,112.4,137.58,138.52,141.37,141.85,140.35,140.54,147.54
DLR,Digital Realty,Real Estate,Data Center REITs,173.86,192.35,128.14,173.46,167.43,166.4,169.53,168.85,163.93,165.32
DG,Dollar General,Consumer Staples,Consumer Staples Merchandise Retail,104.21,117.95,65.67,105.0,106.57,109.16,110.38,106.53,102.79,92.03
DLTR,Dollar Tree,Consumer Staples,Consumer Staples Merchandise Retail,95.48,118.06,60.49,97.69,98.75,105.45,109.69,100.56,94.98,86.35
D,Dominion Energy,Utilities,Multi-Utilities,59.4,61.75,46.96,59.89,59.08,59.46,58.89,56.71,55.86,54.89
DPZ,Domino's,Consumer Discretionary,Restaurants,442.42,495.24,392.06,449.27,455.56,453.42,457.27,462.4,461.64,455.22
DASH,DoorDash,Consumer Discretionary,Specialized Consumer Services,263.09,278.15,126.9,259.36,254.84,250.47,248.79,229.96,220.5,206.5
DOV,Dover Corporation,Industrials,Industrial Machinery & Supplies & Components,172.57,220.46,142.22,174.25,175.47,177.56,180.53,179.27,177.03,183.29
DOW,Dow Inc.,Materials,Commodity Chemicals,24.48,51.74,20.11,24.51,24.3,24.23,24.72,26.47,27.24,31.13
DHI,D. R. Horton,Consumer Discretionary,Homebuilding,171.69,197.64,109.8,175.76,177.14,172.44,156.94,140.46,137.13,137.96
DTE,DTE Energy,Utilities,Multi-Utilities,133.98,140.92,111.81,135.28,134.94,136.12,136.22,134.54,134.03,129.34
DUK,Duke Energy,Utilities,Electric Utilities,120.25,126.75,102.41,121.61,121.16,122.26,120.89,118.47,118.24,115.03
DD,DuPont,Materials,Specialty Chemicals,77.17,88.2,53.17,77.13,77.07,76.5,74.57,71.03,70.1,72.89
EMN,Eastman Chemical Company,Materials,Specialty Chemicals,65.99,109.94,56.08,65.76,66.63,67.01,69.39,73.2,74.69,81.49
ETN,Eaton Corporation,Industrials,Electrical Components & Equipment,371.19,398.4,230.37,366.99,357.29,352.93,362.39,342.95,329.2,327.56
EBAY,eBay Inc.,Consumer Discretionary,Broadline Retail,88.85,100.83,55.44,90.75,91.51,93.5,88.68,80.77,77.61,72.86
ECL,Ecolab,Materials,Specialty Chemicals,264.06,286.04,221.08,270.25,271.9,276.19,272.24,266.25,261.55,256.54
EIX,Edison International,Utilities,Electric Utilities,55.18,85.03,46.98,55.81,55.16,55.24,53.87,53.54,53.99,57.38
EW,Edwards Lifesciences,Health Care,Health Care Equipment,75.09,83.0,64.01,77.0,78.81,79.94,78.78,77.47,76.09,74.62
EA,Electronic Arts,Communication Services,Interactive Home Entertainment,172.08,180.7,114.77,171.28,169.5,170.54,163.22,156.74,153.85,148.91
ELV,Elevance Health,Health Care,Managed Health Care,310.0,549.9,272.22,310.06,310.83,311.24,304.12,345.26,361.52,370.99
EMR,Emerson Electric,Industrials,Electrical Components & Equipment,129.03,149.68,89.31,134.19,133.09,132.72,136.96,128.7,123.77,123.4
ENPH,Enphase Energy,Information Technology,Semiconductor Materials & Equipment,38.99,126.19,29.89,37.81,37.9,37.49,36.68,40.01,43.36,51.96
ETR,Entergy,Utilities,Electric Utilities,88.26,91.79,60.51,89.41,88.4,88.66,87.63,84.81,84.22,82.07
EOG,EOG Resources,Energy,Oil & Gas Exploration & Production,120.84,135.49,100.76,119.36,119.19,120.4,119.53,117.04,116.77,119.98
EPAM,EPAM Systems,Information Technology,IT Consulting & Other Services,154.57,269.0,138.15,155.23,161.72,166.71,164.93,169.1,167.25,192.1
EQT,EQT Corporation,Energy,Oil & Gas Exploration & Production,49.95,60.83,32.4,50.6,50.9,51.37,52.7,53.97,53.33,51.45
EFX,Equifax,Industrials,Research & Consulting Services,260.58,307.44,199.2,255.9,251.22,248.75,248.86,256.18,251.14,252.3
EQIX,Equinix,Real Estate,Data Center REITs,779.31,977.63,693.42,787.54,778.66,779.46,776.6,816.71,812.12,849.25
EQR,Equity Residential,Real Estate,Multi-Family Residential REITs,64.75,76.06,58.81,65.84,65.93,65.38,65.39,66.99,67.08,68.09
ERIE,Erie Indemnity,Financials,Insurance Brokers,320.73,539.84,320.44,329.82,331.66,343.9,350.92,353.35,364.21,380.51
ESS,Essex Property Trust,Real Estate,Multi-Family Residential REITs,265.55,310.81,241.65,265.94,265.84,265.44,269.93,275.22,276.65,280.15
EL,Estée Lauder Companies (The),Consumer Staples,Personal Care Products,88.52,101.55,47.94,86.76,87.99,88.88,89.3,78.81,74.94,74.41
EG,Everest Group,Financials,Reinsurance,330.63,400.59,318.14,341.66,342.23,342.3,336.99,339.56,341.86,345.99
EVRG,Evergy,Utilities,Electric Utilities,71.35,73.29,56.68,72.0,71.64,71.68,70.58,68.54,68.03,65.92
ES,Eversource Energy,Utilities,Electric Utilities,63.42,67.15,51.64,64.74,64.07,64.42,65.16,63.98,62.84,61.04
EXC,Exelon,Utilities,Electric Utilities,42.73,47.26,34.98,43.27,43.26,43.8,43.8,43.62,43.82,42.08
EXE,Expand Energy,Energy,Oil & Gas Exploration & Production,97.52,121.47,70.06,96.33,96.01,95.79,98.38,105.09,104.91,102.58
EXPE,Expedia Group,Consumer Discretionary,"Hotels, Resorts & Cruise Lines",224.98,229.0,129.46,222.45,219.12,215.15,198.7,182.38,177.62,179.78
EXPD,Expeditors International,Industrials,Air Freight & Logistics,124.8,129.91,99.78,123.44,122.28,121.44,118.4,115.6,114.87,114.73
EXR,Extra Space Storage,Real Estate,Self-Storage REITs,143.42,177.0,118.4,144.55,144.1,141.77,142.23,143.84,142.67,145.04
XOM,ExxonMobil,Energy,Integrated Oil & Gas,114.68,121.93,96.01,112.77,111.79,111.63,110.01,108.02,108.07,107.79
FFIV,"F5, Inc.",Information Technology,Communications Equipment,323.73,337.39,206.1,326.16,321.61,318.31,311.68,297.94,290.66,284.04
FDS,FactSet,Financials,Financial Exchanges & Data,345.19,495.04,341.79,356.74,364.32,370.77,393.26,417.03,419.48,435.96
FICO,Fair Isaac,Information Technology,Application Software,1553.54,2402.52,1300.0,1555.94,1543.61,1486.95,1471.52,1679.17,1713.94,1805.83
FAST,Fastenal,Industrials,Trading Companies & Distributors,47.25,50.63,33.6,47.55,48.16,49.0,47.41,44.21,43.01,40.83
FRT,Federal Realty Investment Trust,Real Estate,Retail REITs,99.91,114.28,79.72,100.98,101.07,99.87,96.18,95.28,94.68,98.51
FDX,FedEx,Industrials,Air Freight & Logistics,227.7,301.45,191.82,227.49,226.22,227.64,228.29,224.13,223.38,238.58
FIS,Fidelity National Information Services,Financials,Transaction & Payment Processing Services,66.44,90.1,65.66,66.86,67.55,68.53,73.42,76.2,75.47,75.92
FITB,Fifth Third Bancorp,Financials,Regional Banks,45.0,47.75,31.96,45.34,45.51,45.02,43.52,40.99,40.04,40.98
FSLR,First Solar,Information Technology,Semiconductors,205.25,262.72,116.56,204.21,203.58,201.14,188.3,172.14,163.36,166.21
FE,FirstEnergy,Utilities,Electric Utilities,43.05,44.4,36.81,43.45,43.43,43.51,42.42,41.63,41.18,40.37
FI,Fiserv,Financials,Transaction & Payment Processing Services,132.75,238.59,128.22,133.51,134.72,136.58,143.4,157.45,168.72,186.25
F,Ford Motor Company,Consumer Discretionary,Automobile Manufacturers,11.61,11.99,8.21,11.63,11.64,11.66,11.39,10.87,10.58,10.15
FTNT,Fortinet,Information Technology,Systems Software,79.78,114.82,70.12,80.17,79.29,78.84,89.17,96.19,96.17,97.66
FTV,Fortive,Industrials,Industrial Machinery & Supplies & Components,48.75,62.65,45.45,48.67,48.12,48.14,49.07,51.09,51.32,54.07
FOXA,Fox Corporation (Class A),Communication Services,Broadcasting,57.47,62.69,38.71,58.08,59.39,59.27,57.18,55.39,54.58,53.1
FOX,Fox Corporation (Class B),Communication Services,Broadcasting,52.01,57.02,35.78,52.5,53.85,53.94,52.22,50.8,50.16,49.23
BEN,Franklin Resources,Financials,Asset Management & Custody Banks,24.24,26.08,16.03,24.48,24.81,25.01,24.91,23.22,22.22,21.33
FCX,Freeport-McMoRan,Materials,Copper,45.3,51.85,27.45,45.29,45.56,44.45,43.68,41.8,40.57,39.83
GRMN,Garmin,Consumer Discretionary,Consumer Electronics,236.67,244.52,159.09,237.54,237.77,236.24,230.57,215.92,212.43,212.84
IT,Gartner,Information Technology,IT Consulting & Other Services,250.88,584.01,223.65,243.76,244.16,245.2,289.39,356.15,366.83,418.39
GE,GE Aerospace,Industrials,Aerospace & Defense,292.97,294.74,158.81,285.28,281.61,276.21,270.47,251.58,239.54,219.86
GEHC,GE HealthCare,Health Care,Health Care Equipment,77.48,94.71,57.59,77.13,76.47,75.15,74.59,73.07,72.62,77.16
GEV,GE Vernova,Industrials,Heavy Electrical Equipment,617.91,677.29,218.58,629.97,611.37,610.57,610.51,533.64,490.37,436.69
GEN,Gen Digital,Information Technology,Systems Software,28.6,32.09,22.55,29.08,29.35,30.09,30.05,29.14,28.4,28.15
GNRC,Generac,Industrials,Electrical Components & Equipment,183.61,203.25,99.5,185.32,182.7,186.11,177.62,152.39,145.87,148.66
GD,General Dynamics,Industrials,Aerospace & Defense,326.4,330.18,236.67,326.44,324.44,322.79,314.46,295.83,289.99,278.22
GIS,General Mills,Consumer Staples,Packaged Foods & Meats,49.56,72.65,48.29,49.82,49.95,49.7,49.9,51.64,52.79,55.58
GM,General Motors,Consumer Discretionary,Automobile Manufacturers,58.46,60.6,41.36,58.39,58.2,58.03,55.1,51.74,50.64,50.43
GPC,Genuine Parts Company,Consumer Discretionary,Distributors,139.63,143.1,102.41,140.44,139.6,138.5,133.15,127.16,124.66,122.1
GILD,Gilead Sciences,Health Care,Biotechnology,110.86,120.99,79.21,113.73,113.72,113.9,113.26,109.45,108.7,104.28
GPN,Global Payments,Financials,Transaction & Payment Processing Services,84.29,118.69,65.53,85.01,86.0,86.72,83.89,80.76,82.23,91.78
GL,Globe Life,Financials,Life & Health Insurance,140.86,144.0,99.63,141.41,140.97,140.32,134.88,127.99,127.21,123.11
GDDY,GoDaddy,Information Technology,Internet Services & Infrastructure,144.14,216.0,132.51,145.67,145.89,146.18,154.22,167.99,169.45,179.5
GS,Goldman Sachs,Financials,Investment Banking & Brokerage,785.53,793.17,434.87,781.33,763.01,748.17,728.31,668.7,639.22,621.67
HAL,Halliburton,Energy,Oil & Gas Equipment & Services,22.42,31.66,18.43,22.27,22.1,21.99,21.72,21.14,21.42,23.35
HIG,Hartford (The),Financials,Property & Casualty Insurance,129.65,135.17,103.64,131.62,131.91,132.12,127.47,126.63,124.86,120.18
HAS,Hasbro,Consumer Discretionary,Leisure Products,74.69,82.19,48.07,77.34,78.38,79.54,77.67,71.98,68.67,65.06
HCA,HCA Healthcare,Health Care,Health Care Facilities,399.75,420.98,288.77,401.05,407.67,406.3,383.31,376.41,368.17,348.43
DOC,Healthpeak Properties,Real Estate,Health Care REITs,18.23,22.06,16.35,18.13,18.11,17.87,17.69,17.43,17.69,18.43
HSIC,Henry Schein,Health Care,Health Care Distributors,68.39,82.49,60.56,68.63,68.29,68.56,69.21,69.83,69.22,71.08
HSY,Hershey Company (The),Consumer Staples,Packaged Foods & Meats,193.45,202.98,136.73,187.03,186.59,184.21,179.96,171.89,170.27,167.71
HPE,Hewlett Packard Enterprise,Information Technology,"Technology Hardware, Storage & Peripherals",24.43,25.1,11.88,24.66,24.02,23.15,21.7,19.72,18.76,19.45
HLT,Hilton Worldwide,Consumer Discretionary,"Hotels, Resorts & Cruise Lines",273.88,279.81,195.81,274.24,274.93,274.53,271.46,260.02,251.84,251.77
HOLX,Hologic,Health Care,Health Care Equipment,63.33,84.39,51.9,64.69,65.61,66.45,66.34,63.51,62.77,65.31
HD,Home Depot (The),Consumer Discretionary,Home Improvement Retail,421.45,429.19,322.47,420.7,417.48,410.83,389.58,375.75,370.88,379.27
HON,Honeywell,Industrials,Industrial Conglomerates,210.95,240.47,177.52,212.23,213.35,216.52,222.02,221.32,217.2,216.9
HRL,Hormel Foods,Consumer Staples,Packaged Foods & Meats,25.02,32.84,23.71,25.04,25.25,26.5,28.05,28.94,29.09,29.35
HST,Host Hotels & Resorts,Real Estate,Hotel & Resort REITs,17.66,18.53,12.06,17.64,17.52,17.17,16.48,15.8,15.39,15.83
HWM,Howmet Aerospace,Industrials,Aerospace & Defense,187.46,193.13,92.51,186.1,182.11,177.78,180.69,172.96,163.76,148.09
HPQ,HP Inc.,Information Technology,"Technology Hardware, Storage & Peripherals",27.72,38.25,20.76,28.03,28.41,27.83,26.3,25.89,25.74,28.06
HUBB,Hubbell Incorporated,Industrials,Industrial Machinery & Supplies & Components,435.44,475.24,297.55,440.85,438.01,436.7,430.49,406.91,392.77,398.24
HUM,Humana,Health Care,Managed Health Care,272.32,321.47,206.87,275.3,289.18,293.45,265.35,253.12,256.35,260.82
HBAN,Huntington Bancshares,Financials,Regional Banks,17.43,18.03,11.8,17.65,17.67,17.5,17.0,16.33,15.85,15.97
HII,Huntington Ingalls Industries,Industrials,Aerospace & Defense,273.19,291.7,155.93,273.78,271.64,270.47,264.63,246.87,238.2,218.46
IBM,IBM,Information Technology,IT Consulting & Other Services,257.52,294.17,197.92,256.22,253.61,247.95,256.36,260.49,255.96,247.96
IEX,IDEX Corporation,Industrials,Industrial Machinery & Supplies & Components,163.84,235.67,152.2,162.04,162.75,163.94,169.52,174.55,174.1,186.18
IDXX,Idexx Laboratories,Health Care,Health Care Equipment,645.65,688.12,356.14,642.78,643.97,642.62,605.53,556.66,527.07,491.76
ITW,Illinois Tool Works,Industrials,Industrial Machinery & Supplies & Components,261.84,274.77,213.36,263.6,264.0,264.44,260.82,252.53,249.64,252.53
INCY,Incyte,Health Care,Biotechnology,83.9,87.99,53.56,84.51,85.38,85.24,78.85,72.03,69.55,70.19
IR,Ingersoll Rand,Industrials,Industrial Machinery & Supplies & Components,77.7,105.95,65.58,79.36,79.44,79.52,81.7,81.53,80.37,84.5
PODD,Insulet Corporation,Health Care,Health Care Equipment,332.13,353.5,225.37,337.95,343.06,338.36,312.22,306.62,296.81,286.65
INTC,Intel,Information Technology,Semiconductors,25.27,27.55,17.67,24.7,24.55,24.5,22.99,22.01,21.89,21.7
ICE,Intercontinental Exchange,Financials,Financial Exchanges & Data,171.4,189.35,141.51,173.2,173.73,176.04,180.3,178.28,175.55,169.18
IFF,International Flavors & Fragrances,Materials,Specialty Chemicals,64.52,105.18,62.33,65.07,65.38,66.09,69.44,72.68,73.07,77.04
IP,International Paper,Materials,Paper & Plastic Packaging Products & Materials,46.24,58.71,42.44,46.16,47.03,47.79,48.99,47.84,48.05,50.2
IPG,Interpublic Group of Companies (The),Communication Services,Advertising,26.36,31.81,21.93,26.34,26.57,26.52,25.5,24.71,24.66,25.59
INTU,Intuit,Information Technology,Application Software,651.3,813.7,531.0,653.09,661.78,667.76,722.5,717.87,692.79,662.54
ISRG,Intuitive Surgical,Health Care,Health Care Equipment,434.5,616.0,425.0,444.8,452.41,462.99,482.88,509.65,505.83,524.05
IVZ,Invesco,Financials,Asset Management & Custody Banks,22.1,22.78,11.33,22.32,22.15,21.82,20.63,17.66,16.88,16.91
INVH,Invitation Homes,Real Estate,Single-Family Residential REITs,29.53,35.99,29.11,30.0,30.12,30.47,30.97,32.2,32.37,32.11
IQV,IQVIA,Health Care,Life Sciences Tools & Services,186.81,248.03,134.65,186.91,186.83,187.85,182.74,166.89,166.1,177.77
IRM,Iron Mountain,Real Estate,Other Specialized REITs,100.35,126.21,71.19,98.15,94.92,92.89,94.32,95.72,93.18,95.71
JBHT,J.B. Hunt,Industrials,Cargo Ground Transportation,137.8,198.61,122.01,138.09,140.89,142.91,145.04,142.51,141.82,152.26
JBL,Jabil,Information Technology,Electronic Manufacturing Services,213.33,232.75,103.62,214.69,211.31,209.0,216.66,196.7,184.38,171.5
JKHY,Jack Henry & Associates,Financials,Transaction & Payment Processing Services,159.07,194.68,157.23,159.63,160.8,161.44,167.18,172.68,172.88,172.94
J,Jacobs Solutions,Industrials,Construction & Engineering,146.16,152.07,104.68,146.61,145.41,146.26,143.45,134.74,131.24,131.1
JNJ,Johnson & Johnson,Health Care,Pharmaceuticals,176.46,179.84,137.37,177.24,177.65,177.36,170.39,161.25,159.96,156.12
JCI,Johnson Controls,Industrials,Building Products,106.96,112.63,67.78,107.58,107.0,106.91,106.74,102.23,97.49,91.45
JPM,JPMorgan Chase,Financials,Diversified Banks,309.19,310.89,198.56,306.22,301.96,299.26,294.5,279.64,270.53,262.4
K,Kellanova,Consumer Staples,Packaged Foods & Meats,79.42,82.04,77.13,79.3,79.38,79.31,79.29,79.89,80.15,80.09
KVUE,Kenvue,Consumer Staples,Personal Care Products,18.13,24.71,17.15,18.54,18.96,20.03,20.93,21.64,21.82,21.72
KDP,Keurig Dr Pepper,Consumer Staples,Soft Drinks & Non-alcoholic Beverages,26.96,37.26,26.58,27.19,27.82,29.8,32.16,32.71,33.01,32.59
KEY,KeyCorp,Financials,Regional Banks,18.63,19.41,12.43,18.98,19.02,18.87,18.32,17.1,16.59,16.68
KEYS,Keysight Technologies,Information Technology,Electronic Equipment & Instruments,172.07,186.2,121.43,171.39,169.55,166.67,165.07,161.83,158.06,161.39
KMB,Kimberly-Clark,Consumer Staples,Household Products,125.04,147.59,120.67,127.2,128.13,128.93,129.06,130.57,131.79,131.18
KIM,Kimco Realty,Real Estate,Retail REITs,22.11,24.7,17.52,22.32,22.4,22.13,21.55,21.07,20.86,21.28
KMI,Kinder Morgan,Energy,Oil & Gas Storage & Transportation,27.21,30.49,20.08,27.42,27.02,26.87,27.11,27.28,27.16,26.99
KKR,KKR & Co.,Financials,Asset Management & Custody Banks,144.38,169.7,85.9,143.33,140.05,139.73,142.61,132.59,127.78,134.06
KLAC,KLA Corporation,Information Technology,Semiconductor Materials & Equipment,990.57,1002.03,548.81,967.08,928.44,902.52,908.7,852.82,815.15,769.62
KHC,Kraft Heinz,Consumer Staples,Packaged Foods & Meats,25.93,34.37,25.07,26.17,26.56,26.9,27.11,26.81,27.2,27.91
KR,Kroger,Consumer Staples,Food Retail,66.75,74.52,53.42,67.34,67.61,68.54,70.08,69.44,68.97,66.17
LHX,L3Harris,Industrials,Aerospace & Defense,284.27,286.81,190.25,280.33,276.23,275.54,270.76,253.08,244.52,232.18
LH,Labcorp,Health Care,Health Care Services,274.09,282.74,208.23,276.02,276.32,276.38,265.66,257.87,251.61,246.77
LRCX,Lam Research,Information Technology,Semiconductor Materials & Equipment,120.47,120.92,56.18,115.92,109.13,104.96,101.9,93.41,88.61,84.43
LW,Lamb Weston,Consumer Staples,Packaged Foods & Meats,57.74,82.35,47.25,56.65,56.82,56.48,54.6,53.66,53.61,56.51
LVS,Las Vegas Sands,Consumer Discretionary,Casinos & Gaming,51.86,58.05,29.84,53.53,53.96,54.84,52.68,46.87,44.66,45.4
LDOS,Leidos,Industrials,Diversified Support Services,182.58,200.78,122.65,182.69,180.43,180.6,172.12,161.7,156.78,151.82
LEN,Lennar,Consumer Discretionary,Homebuilding,133.81,184.74,97.54,136.3,137.54,135.26,124.51,116.55,115.21,121.61
LII,Lennox International,Industrials,Building Products,550.4,689.44,497.88,554.56,559.58,566.35,593.55,579.37,574.45,591.14
LLY,Lilly (Eli),Health Care,Pharmaceuticals,764.71,935.2,622.41,755.84,747.64,733.59,740.48,758.31,765.17,783.55
LIN,Linde plc,Materials,Industrial Gases,471.47,484.83,406.06,477.31,474.68,476.66,471.44,465.12,461.83,453.92
LYV,Live Nation Entertainment,Communication Services,Movies & Entertainment,170.42,175.25,97.41,172.3,168.96,166.96,157.57,149.74,145.14,142.2
LKQ,LKQ Corporation,Consumer Discretionary,Distributors,31.52,43.77,28.65,32.08,32.2,31.92,32.7,35.73,36.74,37.22
LMT,Lockheed Martin,Industrials,Aerospace & Defense,474.32,602.02,407.14,470.7,463.95,455.63,444.34,455.11,453.72,458.07
L,Loews Corporation,Financials,Multi-line Insurance,95.89,98.33,74.95,96.93,96.76,96.52,93.92,91.26,90.42,88.26
LOW,Lowe's,Consumer Discretionary,Home Improvement Retail,270.52,281.56,204.22,270.68,269.07,263.69,244.13,233.56,231.22,238.14
LULU,Lululemon Athletica,Consumer Discretionary,"Apparel, Accessories & Luxury Goods",162.34,423.32,159.25,162.37,171.81,186.88,202.27,239.86,248.59,295.48
LYB,LyondellBasell,Materials,Specialty Chemicals,52.65,89.94,46.44,54.06,54.29,54.95,56.19,56.24,57.07,62.45
MTB,M&T Bank,Financials,Regional Banks,195.28,219.44,148.52,197.33,198.62,197.51,194.12,187.48,183.17,185.96
MPC,Marathon Petroleum,Energy,Oil & Gas Refining & Marketing,182.99,186.28,113.82,181.44,180.98,176.88,172.37,164.97,158.78,153.47
MKTX,MarketAxess,Financials,Financial Exchanges & Data,182.94,292.5,178.2,184.51,184.71,185.6,196.5,208.12,209.42,212.1
MAR,Marriott International,Consumer Discretionary,"Hotels, Resorts & Cruise Lines",267.89,305.27,204.35,265.98,266.06,266.72,268.27,264.53,257.5,265.18
MMC,Marsh McLennan,Financials,Insurance Brokers,196.83,246.94,196.17,200.02,202.06,205.09,206.19,214.47,217.77,218.98
MLM,Martin Marietta Materials,Materials,Construction Materials,609.76,632.26,440.72,616.91,617.87,613.58,594.35,569.05,551.84,541.53
MAS,Masco,Industrials,Building Products,73.3,85.23,56.02,73.76,74.04,73.92,70.36,66.66,66.28,69.65
MA,Mastercard,Financials,Transaction & Payment Processing Services,586.42,601.77,464.22,583.58,586.16,589.19,574.63,570.08,560.83,552.12
MTCH,Match Group,Communication Services,Interactive Media & Services,37.44,39.2,26.24,37.72,37.87,37.55,35.72,32.95,32.29,32.31
MKC,McCormick & Company,Consumer Staples,Packaged Foods & Meats,67.11,85.22,65.95,68.08,69.11,69.7,70.47,72.26,73.28,74.71
MCD,McDonald's,Consumer Discretionary,Restaurants,303.29,322.65,271.85,305.03,309.82,310.65,303.98,304.01,304.41,299.69
MCK,McKesson Corporation,Health Care,Health Care Distributors,693.45,737.01,462.37,706.76,700.6,693.81,696.8,704.5,698.96,662.51
MDT,Medtronic,Health Care,Health Care Equipment,94.19,95.54,77.57,93.64,93.33,92.73,91.64,88.17,87.57,86.89
MRK,Merck & Co.,Health Care,Pharmaceuticals,81.09,115.12,71.87,82.33,82.92,83.55,82.07,80.03,80.53,85.29
META,Meta Platforms,Communication Services,Interactive Media & Services,779.0,796.25,479.43,760.43,755.83,751.56,743.56,698.71,669.67,657.27
MET,MetLife,Financials,Life & Health Insurance,78.73,87.17,64.24,79.92,80.03,80.22,77.97,77.98,77.47,79.08
MTD,Mettler Toledo,Health Care,Life Sciences Tools & Services,1276.1,1521.01,946.69,1266.27,1279.34,1287.61,1259.55,1203.48,1182.73,1218.25
MGM,MGM Resorts,Consumer Discretionary,Casinos & Gaming,35.36,42.54,25.3,35.37,36.09,37.14,36.94,35.0,33.98,34.21
MCHP,Microchip Technology,Information Technology,Semiconductors,64.45,79.31,33.63,64.42,64.58,65.39,67.62,64.03,59.97,58.74
MU,Micron Technology,Information Technology,Semiconductors,158.82,160.34,61.48,152.88,140.54,129.41,121.49,111.88,105.54,102.08
MSFT,Microsoft,Information Technology,Systems Software,509.04,554.54,343.59,507.14,504.06,505.02,510.41,483.92,462.65,445.75
MAA,Mid-America Apartment Communities,Real Estate,Multi-Family Residential REITs,139.39,170.0,137.32,141.55,143.06,143.04,144.82,149.2,150.75,151.82
MRNA,Moderna,Health Care,Biotechnology,24.84,75.37,23.15,24.39,24.47,25.04,28.24,27.5,27.63,31.47
MHK,Mohawk Industries,Consumer Discretionary,Home Furnishings,136.77,164.29,96.24,137.0,136.52,133.28,123.94,114.16,113.08,116.56
MOH,Molina Healthcare,Health Care,Managed Health Care,176.45,365.23,151.95,180.21,178.06,177.01,178.21,240.49,258.08,273.33
TAP,Molson Coors Beverage Company,Consumer Staples,Brewers,47.43,63.47,46.5,48.37,49.04,49.85,49.75,50.99,52.55,54.1
MDLZ,Mondelez International,Consumer Staples,Packaged Foods & Meats,62.7,73.87,53.2,62.12,61.9,62.08,64.38,65.42,65.5,63.52
MPWR,Monolithic Power Systems,Information Technology,Semiconductors,857.02,947.45,437.93,847.29,850.02,845.43,796.78,739.26,701.57,670.76
MNST,Monster Beverage,Consumer Staples,Soft Drinks & Non-alcoholic Beverages,66.16,66.75,45.7,64.37,63.76,63.32,61.79,61.99,61.2,57.64
MCO,Moody's Corporation,Financials,Financial Exchanges & Data,508.0,528.95,377.3,510.77,506.47,508.31,508.15,492.09,481.81,482.13
MS,Morgan Stanley,Financials,Investment Banking & Brokerage,155.81,158.48,92.93,155.89,152.76,150.17,145.33,136.69,131.57,129.89
MOS,Mosaic Company (The),Materials,Fertilizers & Agricultural Chemicals,33.82,37.97,21.99,33.72,33.04,32.93,34.0,34.05,32.46,29.83
MSI,Motorola Solutions,Information Technology,Communications Equipment,476.84,502.83,387.0,481.94,479.23,471.55,448.87,432.75,430.42,439.61
MSCI,MSCI Inc.,Financials,Financial Exchanges & Data,567.02,636.39,483.67,575.11,568.32,568.66,562.5,560.35,557.42,568.78
NDAQ,"Nasdaq, Inc.",Financials,Financial Exchanges & Data,92.54,97.36,64.46,93.87,93.94,94.07,93.36,88.05,85.07,82.65
NTAP,NetApp,Information Technology,"Technology Hardware, Storage & Peripherals",123.37,133.34,71.49,124.03,121.85,116.62,110.1,104.7,100.8,106.15
NFLX,Netflix,Communication Services,Movies & Entertainment,1200.51,1341.15,677.88,1208.48,1227.79,1221.91,1216.25,1209.99,1157.86,1074.78
NEM,Newmont,Materials,Gold,79.02,80.07,36.35,79.14,77.36,74.38,67.74,61.04,58.73,52.32
NWSA,News Corp (Class A),Communication Services,Publishing,29.73,30.65,23.3,29.43,29.37,29.48,29.37,28.74,28.23,28.18
NWS,News Corp (Class B),Communication Services,Publishing,32.8,35.47,26.17,32.35,32.71,33.44,33.62,33.03,32.41,32.09
NEE,NextEra Energy,Utilities,Multi-Utilities,69.83,83.5,60.75,71.07,70.86,72.52,72.55,71.12,70.35,70.26
NKE,"Nike, Inc.",Consumer Discretionary,"Apparel, Accessories & Luxury Goods",72.75,88.65,51.67,73.47,73.91,75.43,74.9,68.33,66.64,69.56
NI,NiSource,Utilities,Multi-Utilities,39.37,43.51,32.37,40.56,40.55,41.48,41.4,40.26,39.92,38.89
NDSN,Nordson Corporation,Industrials,Industrial Machinery & Supplies & Components,226.13,262.94,163.83,225.22,224.32,223.17,218.66,211.55,207.2,210.85
NSC,Norfolk Southern,Industrials,Rail Transportation,278.09,291.69,199.43,275.27,276.11,278.17,275.94,258.85,251.54,248.55
NTRS,Northern Trust,Financials,Asset Management & Custody Banks,129.25,132.18,80.54,129.09,128.66,128.87,127.28,117.35,112.29,109.4
NOC,Northrop Grumman,Industrials,Aerospace & Defense,579.36,598.64,420.66,578.54,578.78,583.45,566.84,525.07,520.7,501.13
NCLH,Norwegian Cruise Line Holdings,Consumer Discretionary,"Hotels, Resorts & Cruise Lines",25.58,29.29,14.21,26.12,25.71,25.15,24.35,21.45,20.74,22.49
NRG,NRG Energy,Utilities,Independent Power Producers & Energy Traders,164.22,175.96,76.3,162.85,155.68,151.14,153.58,149.39,138.63,123.62
NUE,Nucor,Materials,Steel,142.93,168.24,97.18,142.3,143.39,145.36,143.01,131.52,128.31,128.63
NVDA,Nvidia,Information Technology,Semiconductors,174.88,184.47,86.61,176.99,173.33,175.27,174.81,155.0,145.67,140.32
NVR,"NVR, Inc.",Consumer Discretionary,Homebuilding,8209.98,9964.77,6562.85,8354.32,8369.09,8236.38,7955.03,7585.68,7505.8,7685.55
NXPI,NXP Semiconductors,Information Technology,Semiconductors,220.99,253.03,147.4,220.31,223.11,228.33,224.48,214.45,208.04,210.32
ORLY,O’Reilly Automotive,Consumer Discretionary,Automotive Retail,105.39,108.42,73.33,106.42,105.92,104.6,100.42,95.61,94.92,91.17
OXY,Occidental Petroleum,Energy,Oil & Gas Exploration & Production,47.76,55.34,34.4,46.25,45.94,45.9,44.75,43.39,43.29,45.02
ODFL,Old Dominion,Industrials,Cargo Ground Transportation,147.02,231.78,140.65,146.57,147.98,150.26,154.15,157.66,157.85,169.3
OMC,Omnicom Group,Communication Services,Advertising,76.9,103.32,67.76,76.96,77.7,77.59,74.81,73.7,74.03,78.04
ON,ON Semiconductor,Information Technology,Semiconductors,49.56,76.06,31.04,48.62,48.55,49.4,52.86,49.86,47.61,50.96
OKE,Oneok,Energy,Oil & Gas Storage & Transportation,72.58,113.92,70.63,72.98,72.9,73.79,76.56,78.93,80.87,87.22
ORCL,Oracle Corporation,Information Technology,Application Software,306.65,345.72,118.18,307.43,269.64,251.64,247.65,211.75,196.95,186.03
OTIS,Otis Worldwide,Industrials,Industrial Machinery & Supplies & Components,89.21,105.86,83.85,88.98,87.95,87.7,89.98,92.97,94.01,94.73
PCAR,Paccar,Industrials,Construction Machinery & Heavy Transportation Equipment,102.86,114.66,84.08,101.59,99.72,99.78,98.48,95.77,95.14,99.44
PKG,Packaging Corporation of America,Materials,Paper & Plastic Packaging Products & Materials,211.47,244.78,170.61,212.95,213.84,211.56,203.82,196.19,194.74,203.55
PLTR,Palantir Technologies,Information Technology,Application Software,170.26,190.0,34.89,168.8,162.66,160.1,160.98,144.4,133.34,114.49
PANW,Palo Alto Networks,Information Technology,Systems Software,201.34,210.39,144.15,198.91,196.78,191.57,188.24,190.73,186.84,187.37
PSKY,Paramount Skydance Corporation,Communication Services,Movies & Entertainment,17.53,19.05,9.92,17.47,16.23,15.59,13.85,12.9,12.56,11.92
PH,Parker Hannifin,Industrials,Industrial Machinery & Supplies & Components,754.05,779.77,485.92,761.55,758.72,754.99,735.76,696.6,674.18,668.38
PAYX,Paychex,Industrials,Human Resource & Employment Services,131.62,160.03,128.21,133.45,134.55,136.6,139.81,145.06,144.96,144.06
PAYC,Paycom,Industrials,Human Resource & Employment Services,213.32,267.33,157.01,220.28,221.82,224.41,226.27,235.2,231.04,224.29
PYPL,PayPal,Financials,Transaction & Payment Processing Services,66.85,93.66,55.85,66.75,67.62,68.48,70.56,70.92,69.59,74.32
PNR,Pentair,Industrials,Industrial Machinery & Supplies & Components,111.01,112.91,73.85,110.89,110.18,108.82,106.18,101.92,98.39,98.52
PEP,PepsiCo,Consumer Staples,Soft Drinks & Non-alcoholic Beverages,140.03,172.75,125.14,142.22,143.5,145.54,142.59,136.02,137.38,141.06
PFE,Pfizer,Health Care,Pharmaceuticals,23.9,28.43,20.18,24.23,24.46,24.82,24.64,23.91,23.71,24.21
PCG,PG&E Corporation,Utilities,Multi-Utilities,14.95,21.62,12.97,15.35,15.19,15.17,14.59,15.21,15.56,16.33
PM,Philip Morris International,Consumer Staples,Tobacco,162.96,185.29,114.24,164.78,163.73,166.19,168.41,172.03,168.62,155.21
PSX,Phillips 66,Energy,Oil & Gas Refining & Marketing,133.04,135.47,89.26,131.79,131.51,130.38,126.29,120.57,118.14,118.59
PNW,Pinnacle West Capital,Utilities,Multi-Utilities,85.9,94.64,79.08,87.5,87.97,89.22,90.29,90.1,90.35,88.83
PNC,PNC Financial Services,Financials,Diversified Banks,200.94,210.46,142.39,202.0,203.1,202.17,196.66,185.22,180.29,184.01
POOL,Pool Corporation,Consumer Discretionary,Distributors,328.28,391.14,281.15,325.6,323.71,319.88,313.74,306.34,307.25,321.35
PPG,PPG Industries,Materials,Specialty Chemicals,108.36,133.97,89.08,109.83,109.89,110.92,111.23,110.75,109.23,111.86
PPL,PPL Corporation,Utilities,Electric Utilities,35.49,37.09,30.41,35.88,35.81,36.09,35.79,34.98,34.89,34.08
PFG,Principal Financial Group,Financials,Life & Health Insurance,80.09,88.63,67.06,81.58,80.83,79.98,78.83,77.72,77.51,78.4
PG,Procter & Gamble,Consumer Staples,Personal Care Products,158.05,180.43,149.91,157.75,158.46,157.98,156.17,159.1,160.62,163.77
PGR,Progressive Corporation,Financials,Property & Casualty Insurance,244.97,292.77,228.37,246.82,246.29,246.91,246.31,260.15,262.54,259.44
PLD,Prologis,Real Estate,Industrial REITs,114.03,127.91,84.54,113.89,113.22,112.36,109.33,107.64,106.67,108.78
PRU,Prudential Financial,Financials,Life & Health Insurance,102.15,125.75,88.12,105.43,106.05,107.24,104.64,103.83,103.56,107.02
PEG,Public Service Enterprise Group,Utilities,Electric Utilities,81.22,92.35,73.5,82.13,81.25,81.92,83.84,81.65,81.42,81.99
PTC,PTC Inc.,Information Technology,Application Software,204.95,219.69,133.38,205.15,208.19,210.71,206.2,186.69,179.49,179.94
PSA,Public Storage,Real Estate,Self-Storage REITs,284.81,355.59,251.43,287.66,288.99,287.96,284.21,288.94,287.94,291.23
PHM,PulteGroup,Consumer Discretionary,Homebuilding,133.87,148.55,87.88,135.98,136.95,133.71,123.89,113.19,110.44,111.03
PWR,Quanta Services,Industrials,Construction & Engineering,378.24,424.94,227.02,385.25,379.83,379.69,387.71,366.22,345.5,330.43
QCOM,Qualcomm,Information Technology,Semiconductors,164.14,178.09,119.4,161.53,160.25,158.65,155.8,152.8,150.92,154.08
DGX,Quest Diagnostics,Health Care,Health Care Services,180.16,185.62,144.09,181.46,181.56,181.26,175.78,175.66,173.6,168.33
RL,Ralph Lauren Corporation,Consumer Discretionary,"Apparel, Accessories & Luxury Goods",314.66,321.77,174.44,314.9,313.94,303.15,297.07,279.96,266.25,257.36
RJF,Raymond James Financial,Financials,Investment Banking & Brokerage,169.07,173.13,115.3,169.08,167.99,167.11,164.75,155.98,151.94,153.92
RTX,RTX Corporation,Industrials,Aerospace & Defense,158.58,161.26,111.21,157.09,156.57,157.07,154.48,145.11,141.57,133.99
O,Realty Income,Real Estate,Retail REITs,59.98,61.61,49.53,60.04,59.43,58.94,57.69,56.76,56.38,55.15
REG,Regency Centers,Real Estate,Retail REITs,70.38,75.93,62.21,71.26,71.77,71.56,70.77,70.67,70.49,70.75
REGN,Regeneron Pharmaceuticals,Health Care,Biotechnology,575.06,1165.58,475.77,566.34,565.11,574.33,564.7,557.4,565.93,618.55
RF,Regions Financial Corporation,Financials,Regional Banks,26.56,27.61,17.36,26.94,26.99,26.72,25.74,23.67,22.93,23.08
RSG,Republic Services,Industrials,Environmental & Facilities Services,225.33,258.14,195.62,228.53,229.59,231.91,235.51,241.82,241.2,232.02
RMD,ResMed,Health Care,Health Care Equipment,272.6,293.81,199.07,271.8,273.77,278.44,274.32,260.86,251.78,245.68
RVTY,Revvity,Health Care,Health Care Equipment,85.28,129.23,81.36,84.07,84.73,87.67,91.1,92.55,94.05,102.22
ROK,Rockwell Automation,Industrials,Electrical Components & Equipment,342.26,359.54,213.27,344.71,343.15,344.53,344.99,324.39,308.19,298.26
ROL,"Rollins, Inc.",Industrials,Environmental & Facilities Services,55.23,58.96,44.94,56.72,56.77,56.97,56.87,56.68,56.02,53.37
ROP,Roper Technologies,Information Technology,Electronic Equipment & Instruments,502.44,593.46,498.03,510.16,516.36,522.79,536.45,551.88,554.34,553.21
ROST,Ross Stores,Consumer Discretionary,Apparel Retail,146.45,156.94,121.69,148.35,149.52,148.59,142.28,140.41,138.67,140.81
RCL,Royal Caribbean Group,Consumer Discretionary,"Hotels, Resorts & Cruise Lines",321.7,366.5,163.55,335.93,344.33,345.66,336.25,297.54,278.34,263.48
SPGI,S&P Global,Financials,Financial Exchanges & Data,541.29,578.04,425.6,544.06,543.14,546.83,542.39,526.14,516.82,513.65
CRM,Salesforce,Information Technology,Application Software,239.31,367.42,226.48,242.69,246.9,248.05,252.36,262.22,262.03,285.55
SBAC,SBA Communications,Real Estate,Telecom Tower REITs,199.18,247.78,186.81,198.04,196.53,205.61,218.18,224.23,223.0,216.83
SLB,Schlumberger,Energy,Oil & Gas Equipment & Services,35.24,44.81,30.61,35.55,35.62,35.28,34.56,34.32,34.87,36.72
STX,Seagate Technology,Information Technology,"Technology Hardware, Storage & Peripherals",211.13,215.17,62.86,201.62,193.74,178.71,161.88,139.04,126.88,114.54
SRE,Sempra,Utilities,Multi-Utilities,82.7,93.45,61.37,83.1,82.07,82.12,80.47,77.9,76.13,77.92
NOW,ServiceNow,Information Technology,Systems Software,932.01,1198.09,678.66,934.05,927.5,910.29,925.71,963.62,930.72,964.87
SHW,Sherwin-Williams,Materials,Specialty Chemicals,353.2,397.81,307.5,359.3,363.44,365.0,353.7,351.78,348.43,350.96
SPG,Simon Property Group,Real Estate,Retail REITs,181.52,184.5,132.99,182.18,180.79,177.82,169.33,163.48,161.26,164.66
SWKS,Skyworks Solutions,Information Technology,Semiconductors,74.22,99.23,47.01,73.97,74.39,74.7,72.89,71.33,68.98,72.73
SJM,J.M. Smucker Company (The),Consumer Staples,Packaged Foods & Meats,104.54,121.73,92.38,107.09,109.48,110.02,108.5,107.31,108.39,107.64
SW,Smurfit Westrock,Materials,Paper & Plastic Packaging Products & Materials,44.28,55.46,36.31,44.79,45.6,45.46,45.29,44.1,43.71,46.5
SNA,Snap-on,Industrials,Industrial Machinery & Supplies & Components,334.01,366.68,271.73,332.69,329.24,327.97,324.29,319.32,319.77,326.87
SOLV,Solventum,Health Care,Health Care Technology,74.13,85.92,60.7,73.15,72.97,72.83,73.05,72.76,72.23,72.39
SO,Southern Company,Utilities,Electric Utilities,91.36,95.68,78.5,91.92,91.69,92.56,93.09,90.99,90.5,87.92
LUV,Southwest Airlines,Industrials,Passenger Airlines,31.57,37.75,23.55,31.5,31.5,31.85,32.51,31.88,31.3,31.31
SWK,Stanley Black & Decker,Industrials,Industrial Machinery & Supplies & Components,77.81,106.2,52.62,78.09,77.16,75.68,72.47,68.64,68.18,73.35
SBUX,Starbucks,Consumer Discretionary,Restaurants,84.37,115.87,74.48,82.84,84.19,86.27,89.81,88.4,88.42,92.69
STT,State Street Corporation,Financials,Asset Management & Custody Banks,110.49,116.37,72.29,111.75,112.25,113.12,111.31,104.01,100.02,98.24
STLD,Steel Dynamics,Materials,Steel,139.67,153.72,102.78,133.72,132.85,131.49,129.73,130.26,128.26,127.45
STE,Steris,Health Care,Health Care Equipment,247.99,253.0,199.47,248.39,246.92,246.86,237.25,236.79,233.5,226.76
SYK,Stryker Corporation,Health Care,Health Care Equipment,376.62,404.87,328.46,381.77,386.99,389.01,388.37,385.05,379.75,379.16
SMCI,Supermicro,Information Technology,"Technology Hardware, Storage & Peripherals",44.91,66.44,17.25,44.63,42.73,42.94,48.02,44.59,42.61,40.62
SYF,Synchrony Financial,Financials,Consumer Finance,74.53,77.41,40.15,75.39,75.61,74.87,72.14,65.71,62.5,62.89
SNPS,Synopsys,Information Technology,Application Software,425.97,651.73,365.74,419.3,510.22,556.23,584.49,536.27,514.14,509.09
SYY,Sysco,Consumer Staples,Food Distributors,81.53,83.17,66.65,80.78,81.23,80.63,79.79,76.27,75.28,74.73
TMUS,T-Mobile US,Communication Services,Wireless Telecommunication Services,237.62,274.51,192.73,240.17,244.4,248.85,242.36,240.13,243.62,241.37
TROW,T. Rowe Price,Financials,Asset Management & Custody Banks,103.69,119.7,75.88,104.4,105.59,105.74,104.49,98.29,96.03,100.18
TTWO,Take-Two Interactive,Communication Services,Interactive Home Entertainment,247.73,250.96,146.76,246.36,244.76,238.27,233.38,232.77,228.09,215.31
TPR,"Tapestry, Inc.",Consumer Discretionary,"Apparel, Accessories & Luxury Goods",109.5,113.62,41.31,107.66,106.19,103.02,104.04,91.86,86.97,81.06
TRGP,Targa Resources,Energy,Oil & Gas Storage & Transportation,162.94,215.2,141.47,164.26,163.55,163.77,165.22,165.5,168.53,177.23
TGT,Target Corporation,Consumer Staples,Consumer Staples Merchandise Retail,89.72,155.5,85.44,90.11,91.12,94.4,99.52,97.61,97.37,108.17
TEL,TE Connectivity,Information Technology,Electronic Manufacturing Services,212.56,215.22,115.38,211.26,209.61,207.14,198.88,179.2,170.38,161.51
TDY,Teledyne Technologies,Information Technology,Electronic Equipment & Instruments,554.88,570.56,419.0,555.78,551.06,546.72,545.93,518.71,510.36,501.55
TER,Teradyne,Information Technology,Semiconductor Materials & Equipment,113.93,143.64,65.6,114.72,116.66,115.98,106.43,94.58,91.34,101.12
TSLA,"Tesla, Inc.",Consumer Discretionary,Automobile Manufacturers,421.62,488.54,212.11,388.84,366.1,351.57,332.97,325.58,311.27,331.5
TXN,Texas Instruments,Information Technology,Semiconductors,177.63,220.1,137.77,181.36,184.86,193.79,196.22,191.13,185.35,185.52
TPL,Texas Pacific Land Corporation,Energy,Oil & Gas Exploration & Production,935.67,1759.83,797.18,934.6,921.33,915.31,939.27,1071.34,1112.57,1188.09
TXT,Textron,Industrials,Aerospace & Defense,83.43,91.21,57.67,82.02,81.58,80.99,81.0,78.11,76.2,76.42
TMO,Thermo Fisher Scientific,Health Care,Life Sciences Tools & Services,480.74,621.58,385.11,480.26,483.58,487.28,467.11,438.43,444.26,479.65
TJX,TJX Companies,Consumer Discretionary,Apparel Retail,139.55,145.58,109.83,140.18,140.14,138.5,131.57,129.14,127.75,125.45
TKO,TKO Group Holdings,Communication Services,Movies & Entertainment,200.29,212.49,113.01,200.47,196.63,190.84,179.05,172.17,167.34,160.12
TTD,Trade Desk (The),Communication Services,Advertising,44.9,141.53,42.96,45.39,48.92,51.06,66.0,67.57,64.55,80.5
TSCO,Tractor Supply,Consumer Discretionary,Other Specialty Retail,58.99,63.75,46.46,59.54,59.82,60.73,59.25,55.15,54.46,54.49
TT,Trane Technologies,Industrials,Building Products,399.99,475.11,296.82,407.08,409.32,415.3,429.7,422.66,405.66,392.73
TDG,TransDigm Group,Industrials,Aerospace & Defense,1281.73,1519.36,1107.45,1284.39,1285.86,1297.49,1374.68,1361.06,1339.89,1296.37
TRV,Travelers Companies (The),Financials,Property & Casualty Insurance,271.95,280.0,220.97,275.79,275.26,273.34,265.52,265.57,263.0,256.21
TRMB,Trimble Inc.,Information Technology,Electronic Equipment & Instruments,80.89,87.5,52.91,81.16,80.62,80.85,81.93,76.26,73.57,73.18
TFC,Truist Financial,Financials,Diversified Banks,44.56,47.46,32.72,44.99,45.63,45.69,44.7,42.24,41.28,42.19
TYL,Tyler Technologies,Information Technology,Application Software,534.67,661.31,513.52,543.8,551.15,555.61,565.59,567.45,567.44,580.28
TSN,Tyson Foods,Consumer Staples,Packaged Foods & Meats,54.34,63.75,51.39,54.99,55.54,56.04,54.94,55.27,56.21,56.74
USB,U.S. Bancorp,Financials,Diversified Banks,48.39,52.21,34.8,49.07,48.99,48.42,46.86,45.01,43.92,44.96
UBER,Uber,Industrials,Passenger Ground Transportation,97.83,99.7,59.33,96.29,94.72,94.84,92.72,89.69,86.28,79.92
UDR,"UDR, Inc.",Real Estate,Multi-Family Residential REITs,37.31,45.63,35.84,38.11,38.46,38.68,39.2,40.09,40.38,41.02
ULTA,Ulta Beauty,Consumer Discretionary,Other Specialty Retail,525.21,539.0,309.01,520.65,521.24,521.77,510.72,472.88,450.53,429.64
UNP,Union Pacific Corporation,Industrials,Rail Transportation,216.0,252.32,202.16,215.68,217.68,220.16,222.89,222.26,222.4,227.08
UAL,United Airlines Holdings,Industrials,Passenger Airlines,104.2,116.0,49.89,106.44,106.44,104.6,96.23,86.66,83.02,88.54
UPS,United Parcel Service,Industrials,Air Freight & Logistics,85.2,136.36,82.0,84.41,84.56,85.92,89.82,93.14,94.52,103.22
URI,United Rentals,Industrials,Trading Companies & Distributors,958.65,980.53,523.58,949.79,954.97,944.51,888.46,795.1,756.77,743.31
UNH,UnitedHealth Group,Health Care,Managed Health Care,339.78,617.34,233.13,346.79,332.57,317.58,291.77,308.89,350.42,410.74
UHS,Universal Health Services,Health Care,Health Care Facilities,186.26,242.21,152.16,188.88,187.4,185.05,176.23,179.13,178.85,180.73
VLO,Valero Energy,Energy,Oil & Gas Refining & Marketing,162.64,163.33,97.37,158.6,157.98,152.31,145.32,136.84,133.08,131.38
VTR,Ventas,Real Estate,Health Care REITs,68.07,70.82,55.85,69.27,68.58,68.33,67.31,65.7,65.9,64.17
VLTO,Veralto,Industrials,Environmental & Facilities Services,106.54,114.62,83.77,107.7,106.78,107.1,105.64,102.23,100.38,100.77
VRSN,Verisign,Information Technology,Internet Services & Infrastructure,287.47,309.71,174.64,286.76,283.37,277.17,277.42,278.19,271.63,249.86
VRSK,Verisk Analytics,Industrials,Research & Consulting Services,251.83,321.9,251.13,259.35,264.49,266.38,277.16,291.87,291.47,289.07
VZ,Verizon,Communication Services,Integrated Telecommunication Services,43.74,45.87,36.41,43.84,43.84,44.11,43.2,42.86,42.83,41.68
VRTX,Vertex Pharmaceuticals,Health Care,Biotechnology,391.36,519.88,362.5,393.0,394.64,393.67,421.35,437.19,447.95,450.44
VTRS,Viatris,Health Care,Pharmaceuticals,9.56,13.04,6.68,9.91,10.18,10.35,9.71,9.15,8.92,9.69
VICI,Vici Properties,Real Estate,Hotel & Resort REITs,32.64,34.01,27.24,33.03,33.21,33.26,33.12,32.41,32.18,31.25
V,Visa Inc.,Financials,Transaction & Payment Processing Services,340.03,374.85,266.36,340.02,343.15,345.68,346.17,350.31,346.94,340.09
VST,Vistra Corp.,Utilities,Electric Utilities,209.43,217.9,80.56,209.18,199.35,195.61,197.32,179.93,167.41,161.24
VMC,Vulcan Materials Company,Materials,Construction Materials,291.96,302.21,214.34,295.4,294.35,292.54,282.27,272.81,265.64,263.97
WRB,W. R. Berkley Corporation,Financials,Property & Casualty Insurance,71.42,75.77,54.76,72.79,72.58,72.17,70.51,71.4,70.49,66.54
GWW,W. W. Grainger,Industrials,Industrial Machinery & Supplies & Components,993.64,1219.65,889.92,1003.81,1005.2,1007.51,1006.54,1031.32,1020.06,1037.65
WAB,Wabtec,Industrials,Construction Machinery & Heavy Transportation Equipment,187.65,215.82,151.42,189.32,190.58,192.19,196.7,198.4,194.0,193.91
WBA,Walgreens Boots Alliance,Consumer Staples,Drug Retail,11.98,13.25,7.98,11.98,12.03,11.93,11.67,11.39,11.33,10.81
WMT,Walmart,Consumer Staples,Consumer Staples Merchandise Retail,103.42,104.51,76.74,102.73,101.91,99.85,98.81,97.84,95.92,95.13
DIS,Walt Disney Company (The),Communication Services,Movies & Entertainment,115.23,124.69,79.76,115.94,117.0,117.31,118.11,114.33,109.69,109.78
WBD,Warner Bros. Discovery,Communication Services,Broadcasting,18.25,19.6,7.25,17.06,14.57,13.19,12.7,11.22,10.84,10.72
WM,Waste Management,Industrials,Environmental & Facilities Services,213.88,240.84,197.45,216.94,218.82,222.33,225.79,228.52,228.15,223.59
WAT,Waters Corporation,Health Care,Life Sciences Tools & Services,303.08,423.56,275.05,298.6,299.9,298.58,298.65,323.74,327.72,349.89
WEC,WEC Energy Group,Utilities,Electric Utilities,108.69,111.27,89.63,109.86,108.64,108.07,107.62,106.28,106.04,102.84
WFC,Wells Fargo,Financials,Diversified Banks,81.39,84.33,50.62,81.16,80.7,80.49,80.14,77.4,75.33,74.61
WELL,Welltower,Real Estate,Health Care REITs,165.21,170.99,120.11,167.96,168.1,167.19,163.66,156.87,154.63,147.58
WST,West Pharmaceutical Services,Health Care,Health Care Supplies,258.35,351.24,187.09,257.67,254.07,249.92,241.92,228.78,226.07,252.67
WDC,Western Digital,Information Technology,"Technology Hardware, Storage & Peripherals",103.09,103.96,28.74,98.86,95.06,86.83,77.4,65.07,59.68,55.58
WY,Weyerhaeuser,Real Estate,Timber REITs,24.94,33.04,23.71,25.12,25.33,25.6,25.57,25.71,25.96,27.16
WSM,"Williams-Sonoma, Inc.",Consumer Discretionary,Homefurnishing Retail,196.06,218.08,123.89,200.05,200.36,198.12,191.2,176.14,171.19,179.09
WMB,Williams Companies,Energy,Oil & Gas Storage & Transportation,57.95,62.92,43.0,58.45,57.68,57.27,57.59,58.14,57.98,56.77
WTW,Willis Towers Watson,Financials,Insurance Brokers,330.72,342.16,282.71,334.78,332.19,332.45,322.23,313.82,316.16,317.4
WDAY,"Workday, Inc.",Information Technology,Application Software,219.01,294.0,205.33,223.66,227.65,227.34,228.67,238.98,237.75,246.08
WYNN,Wynn Resorts,Consumer Discretionary,Casinos & Gaming,120.68,128.53,64.93,122.35,122.52,120.72,113.66,101.61,96.81,93.07
XEL,Xcel Energy,Utilities,Multi-Utilities,72.11,73.99,60.12,72.39,72.03,72.19,71.48,69.84,69.57,68.39
XYL,Xylem Inc.,Industrials,Industrial Machinery & Supplies & Components,140.72,144.93,99.87,140.71,140.33,141.24,138.12,131.54,127.88,125.94
YUM,Yum! Brands,Consumer Discretionary,Restaurants,148.01,161.72,120.38,148.31,146.81,146.8,145.96,145.43,146.21,143.19
ZBRA,Zebra Technologies,Information Technology,Electronic Equipment & Instruments,318.41,427.76,205.73,314.83,313.09,314.34,321.5,304.28,294.17,321.4
ZBH,Zimmer Biomet,Health Care,Health Care Equipment,99.12,114.14,88.99,101.94,103.38,104.69,99.5,96.85,98.64,101.48
ZTS,Zoetis,Health Care,Pharmaceuticals,147.46,197.92,138.77,148.39,150.24,152.83,151.85,156.08,155.81,160.03
