Symbol,Company,GICS_Sector,GICS_Sub_Industry,Current_Price,High_52_Week,Low_52_Week,SMA5,SMA10,SMA20,SMA50,SMA200,Score,Target_Pcnt,Target_Price,Stop_Loss
MMM,3M,Industrials,Industrial Conglomerates,156.57,159.46,122.31,155.62,155.1,152.56,151.67,142.53,0.2,2.64,160.7,144.43
AOS,A. O. Smith,Industrials,Building Products,72.38,88.84,59.04,72.43,72.55,71.58,69.2,67.81,0.2,1.88,73.74,69.43
ABT,Abbott Laboratories,Health Care,Health Care Equipment,131.59,138.95,110.09,132.1,131.24,130.74,130.81,126.12,0.2,2.16,134.43,127.04
ABBV,AbbVie,Health Care,Biotechnology,208.36,212.84,160.57,209.03,207.08,201.53,193.09,186.06,0.4,2.82,214.24,188.82
AMD,Advanced Micro Devices,Information Technology,Semiconductors,166.62,184.42,78.21,165.33,171.22,172.32,156.78,125.06,0.2,10.71,184.47,160.17
AES,AES Corporation,Utilities,Independent Power Producers & Energy Traders,13.34,19.11,9.5,13.3,13.24,13.11,12.38,11.58,0.2,1.87,13.59,12.63
ABNB,Airbnb,Consumer Discretionary,"Hotels, Resorts & Cruise Lines",126.89,161.42,105.69,127.27,126.21,126.48,132.35,131.63,0.2,6.21,134.77,118.19
ALLE,Allegion,Industrials,Building Products,171.53,172.24,118.08,169.86,169.17,167.13,156.0,138.82,0.4,0.31,172.06,162.19
LNT,Alliant Energy,Utilities,Electric Utilities,65.71,66.97,54.87,66.26,65.65,65.57,63.27,60.82,0.2,1.92,66.97,64.18
ALL,Allstate,Financials,Property & Casualty Insurance,203.18,213.62,177.09,206.19,207.27,205.53,199.47,196.71,0.2,5.38,214.11,196.94
GOOGL,Alphabet Inc. (Class A),Communication Services,Interactive Media & Services,207.14,208.49,144.53,204.16,203.47,200.02,188.08,177.71,0.2,1.36,209.96,190.08
GOOG,Alphabet Inc. (Class C),Communication Services,Interactive Media & Services,207.95,209.16,146.4,204.93,204.32,200.83,188.97,179.2,0.2,1.34,210.74,190.92
MO,Altria,Consumer Staples,Tobacco,66.45,67.68,46.47,67.29,66.58,64.9,61.37,56.1,0.4,3.94,69.07,60.74
AMZN,Amazon,Consumer Discretionary,Broadline Retail,228.71,242.06,167.32,226.25,227.73,224.63,223.06,212.5,0.2,3.5,236.71,212.54
AEP,American Electric Power,Utilities,Electric Utilities,112.63,114.06,87.97,113.27,112.77,112.65,107.56,101.01,0.2,1.33,114.13,111.18
AXP,American Express,Financials,Consumer Finance,320.6,328.13,230.81,314.43,310.54,304.24,308.43,293.06,0.4,-0.31,319.61,288.87
AMT,American Tower,Real Estate,Telecom Tower REITs,207.45,235.15,170.7,209.94,207.32,208.08,216.39,204.08,0.4,3.06,213.8,202.36
AWK,American Water Works,Utilities,Water Utilities,143.95,150.19,118.87,145.21,144.5,143.55,141.68,136.03,0.2,2.63,147.74,139.37
AMP,Ameriprise Financial,Financials,Asset Management & Custody Banks,516.89,569.83,419.45,511.19,509.39,508.76,519.69,517.0,0.4,0.68,520.4,497.13
AME,Ametek,Industrials,Electrical Components & Equipment,186.78,196.4,151.15,185.22,184.69,183.88,181.32,179.99,0.4,0.93,188.52,179.24
AMGN,Amgen,Health Care,Biotechnology,289.58,326.46,252.22,291.84,291.17,290.56,291.01,284.22,0.4,4.03,301.25,279.86
ADI,Analog Devices,Information Technology,Semiconductors,255.63,255.63,163.85,250.83,242.16,233.3,235.48,216.57,0.4,0.18,256.09,210.52
AMAT,Applied Materials,Information Technology,Semiconductor Materials & Equipment,164.51,211.69,126.23,161.87,167.26,174.89,181.9,168.38,0.2,19.76,197.02,152.76
APTV,Aptiv,Consumer Discretionary,Automotive Parts & Equipment,79.88,79.88,47.92,77.33,76.17,71.43,70.34,63.16,0.2,2.3,81.72,61.14
ADM,Archer Daniels Midland,Consumer Staples,Agricultural Products & Services,62.82,64.21,41.01,62.36,60.78,58.37,55.59,49.88,0.2,2.47,64.37,52.38
ANET,Arista Networks,Information Technology,Communications Equipment,134.27,141.25,64.37,132.81,134.67,132.21,115.34,101.29,0.2,9.56,147.11,117.32
T,AT&T,Communication Services,Integrated Telecommunication Services,28.56,29.44,18.77,28.96,28.87,28.35,27.93,25.64,0.2,3.5,29.56,27.15
ATO,Atmos Energy,Utilities,Gas Utilities,166.01,167.34,126.24,165.99,165.4,162.23,157.11,149.32,0.4,2.86,170.76,153.7
ADSK,Autodesk,Information Technology,Application Software,282.45,321.27,238.84,286.54,286.91,291.78,297.34,290.3,0.4,8.79,307.28,276.28
ADP,Automatic Data Processing,Industrials,Human Resource & Employment Services,303.45,325.19,264.09,305.84,304.6,304.14,304.94,301.71,0.2,2.32,310.49,297.81
AZO,AutoZone,Consumer Discretionary,Automotive Retail,4180.17,4180.17,2981.19,4143.28,4092.1,4028.8,3833.37,3565.08,0.4,1.39,4238.27,3819.3
AXON,Axon Enterprise,Industrials,Aerospace & Defense,769.02,870.97,354.62,764.64,764.27,783.28,772.38,657.9,0.2,12.89,868.15,698.41
BALL,Ball Corporation,Materials,"Metal, Glass & Plastic Containers",52.66,67.18,44.77,53.05,53.36,54.29,56.38,54.21,0.2,9.65,57.74,50.84
BAC,Bank of America,Financials,Diversified Banks,50.25,50.25,34.19,49.16,48.37,47.3,47.18,44.27,0.4,-0.1,50.2,44.4
BLK,BlackRock,Financials,Asset Management & Custody Banks,1139.8,1160.16,811.42,1135.66,1139.81,1129.11,1090.41,1000.54,0.2,2.23,1165.22,1092.95
XYZ,"Block, Inc.",Financials,Transaction & Payment Processing Services,78.78,98.92,46.53,77.05,76.51,75.97,72.36,72.31,0.4,1.02,79.58,72.35
BK,BNY Mellon,Financials,Asset Management & Custody Banks,104.59,104.59,64.88,102.66,102.24,102.12,97.21,85.58,0.4,-0.21,104.37,99.88
BA,Boeing,Industrials,Aerospace & Defense,234.83,236.41,136.59,228.38,230.11,227.9,222.16,186.15,0.2,0.69,236.45,219.36
BKNG,Booking Holdings,Consumer Discretionary,"Hotels, Resorts & Cruise Lines",5705.68,5815.92,3711.15,5696.13,5598.37,5531.05,5585.41,5103.52,0.4,0.88,5755.89,5306.08
BSX,Boston Scientific,Health Care,Health Care Equipment,106.39,107.76,79.17,105.79,104.56,104.44,104.23,99.49,0.2,0.91,107.36,101.51
AVGO,Broadcom,Information Technology,Semiconductors,298.01,312.83,135.46,293.4,299.43,299.85,284.14,224.42,0.2,5.41,314.13,285.58
BR,Broadridge Financial Solutions,Industrials,Data Processing & Outsourced Services,257.29,266.89,204.4,259.77,260.33,259.06,248.15,236.8,0.2,5.89,272.44,245.68
BG,Bunge Global,Consumer Staples,Agricultural Products & Services,84.93,97.93,67.23,85.19,83.07,81.8,79.52,77.44,0.4,2.28,86.87,76.73
CHRW,C.H. Robinson,Industrials,Air Freight & Logistics,126.9,126.9,86.41,124.47,123.29,118.92,106.02,100.8,0.2,3.44,131.27,106.57
CDNS,Cadence Design Systems,Information Technology,Application Software,344.03,371.03,231.64,346.37,348.29,353.51,330.6,299.23,0.2,7.0,368.11,338.91
CZR,Caesars Entertainment,Consumer Discretionary,Casinos & Gaming,26.14,45.55,23.18,25.97,25.74,25.49,27.74,30.75,0.2,4.93,27.43,23.56
COF,Capital One,Financials,Consumer Finance,224.92,224.92,134.82,218.79,217.71,214.26,212.97,191.62,0.4,-0.33,224.18,204.34
CAH,Cardinal Health,Health Care,Health Care Distributors,147.49,167.63,106.71,149.23,149.29,152.51,158.21,137.76,0.2,9.2,161.06,143.96
KMX,CarMax,Consumer Discretionary,Automotive Retail,59.67,89.19,54.66,59.06,58.76,57.4,62.15,72.71,0.2,1.64,60.65,54.15
CCL,Carnival,Consumer Discretionary,"Hotels, Resorts & Cruise Lines",31.87,31.87,15.67,30.59,30.31,29.8,28.72,24.51,0.4,-0.97,31.56,28.04
CARR,Carrier Global,Industrials,Building Products,66.48,81.67,55.21,66.42,66.38,66.48,71.42,68.86,0.2,2.81,68.35,64.6
CAT,Caterpillar Inc.,Industrials,Construction Machinery & Heavy Transportation Equipment,431.26,438.02,271.63,427.54,420.54,422.84,407.12,364.62,0.4,2.55,442.26,403.42
CBRE,CBRE Group,Real Estate,Real Estate Services,163.42,164.98,113.55,162.55,160.77,158.13,147.57,135.58,0.4,0.75,164.65,151.6
COR,Cencora,Health Care,Health Care Distributors,289.7,303.69,217.68,295.5,294.02,290.71,292.76,267.67,0.2,4.36,302.33,279.1
CF,CF Industries,Materials,Fertilizers & Agricultural Chemicals,86.63,101.88,67.67,86.22,85.61,86.68,91.28,85.29,0.4,8.59,94.07,79.29
CVX,Chevron Corporation,Energy,Integrated Oil & Gas,157.36,164.65,130.67,156.5,155.06,153.16,150.14,147.28,0.4,0.57,158.26,148.07
CINF,Cincinnati Financial,Financials,Property & Casualty Insurance,153.59,157.35,125.84,153.78,153.03,151.53,149.15,144.14,0.2,1.71,156.22,146.84
CTAS,Cintas,Industrials,Diversified Support Services,212.99,227.2,181.05,214.66,216.61,219.89,219.5,209.79,0.4,7.21,228.35,211.44
CSCO,Cisco,Information Technology,Communications Equipment,68.39,71.79,47.21,67.4,67.66,68.45,68.1,61.78,0.2,4.8,71.67,65.24
CFG,Citizens Financial Group,Financials,Regional Banks,51.31,51.31,33.59,50.01,49.3,48.33,46.86,43.22,0.6,-0.74,50.93,45.73
CME,CME Group,Financials,Financial Exchanges & Data,271.61,289.38,198.12,272.09,272.49,276.98,275.78,255.55,0.2,5.84,287.47,266.49
CMS,CMS Energy,Utilities,Multi-Utilities,72.09,74.4,63.54,72.64,72.66,72.98,71.17,69.35,0.2,3.07,74.3,71.66
KO,Coca-Cola Company (The),Consumer Staples,Soft Drinks & Non-alcoholic Beverages,68.73,73.38,59.94,69.83,69.83,69.68,69.79,67.46,0.2,3.8,71.34,68.02
CTSH,Cognizant,Information Technology,IT Consulting & Other Services,71.68,89.65,65.92,71.56,70.76,70.45,74.43,77.49,0.2,1.8,72.97,67.94
ED,Consolidated Edison,Utilities,Multi-Utilities,99.72,111.42,85.77,100.92,101.27,102.28,100.85,99.03,0.2,5.46,105.16,99.41
GLW,Corning Inc.,Information Technology,Electronic Components,67.4,67.4,38.85,65.89,65.64,64.81,57.76,50.02,0.2,0.15,67.5,62.12
CTVA,Corteva,Materials,Fertilizers & Agricultural Chemicals,73.94,77.12,54.68,73.37,72.75,72.18,73.36,64.89,0.4,-0.07,73.89,70.47
CRWD,CrowdStrike,Information Technology,Systems Software,417.6,514.1,246.39,418.04,422.0,432.22,464.09,407.4,0.2,10.38,460.95,403.49
CCI,Crown Castle,Real Estate,Telecom Tower REITs,101.39,115.16,82.06,102.76,102.13,103.73,103.92,97.69,0.2,6.28,107.76,99.69
CMI,Cummins,Industrials,Construction Machinery & Heavy Transportation Equipment,398.46,404.74,264.26,396.68,398.84,386.69,356.28,340.64,0.2,4.81,417.63,355.75
CVS,CVS Health,Health Care,Health Care Services,71.55,71.55,42.33,71.26,69.87,66.67,65.32,60.31,0.2,3.28,73.9,59.44
DRI,Darden Restaurants,Consumer Discretionary,Restaurants,205.98,224.21,149.42,206.77,206.74,205.27,209.97,194.45,0.4,1.6,209.28,201.25
DDOG,Datadog,Information Technology,Application Software,126.31,168.65,87.0,128.7,128.21,132.03,136.2,127.5,0.4,13.56,143.44,120.62
DXCM,Dexcom,Health Care,Health Care Equipment,76.12,90.75,59.83,79.33,79.92,79.49,82.58,79.82,0.4,12.44,85.59,73.38
DLR,Digital Realty,Real Estate,Data Center REITs,167.92,191.46,135.17,165.99,166.32,169.15,172.31,167.24,0.2,4.98,176.28,162.0
DLTR,Dollar Tree,Consumer Staples,Consumer Staples Merchandise Retail,111.98,117.16,61.21,112.61,113.11,114.15,109.02,83.69,0.2,4.66,117.2,111.09
DPZ,Domino's,Consumer Discretionary,Restaurants,451.22,495.6,397.58,450.52,450.08,451.43,457.97,455.81,0.4,4.41,471.12,431.74
DHI,D. R. Horton,Consumer Discretionary,Homebuilding,168.37,194.88,114.44,166.65,166.16,159.07,143.73,137.14,0.4,4.18,175.41,142.75
DUK,Duke Energy,Utilities,Electric Utilities,123.28,124.85,102.96,123.87,123.49,123.2,119.2,114.19,0.2,2.2,125.99,120.41
DD,DuPont,Materials,Specialty Chemicals,77.3,88.16,54.8,76.12,74.83,72.99,72.67,73.59,0.2,0.26,77.5,68.48
EMN,Eastman Chemical Company,Materials,Specialty Chemicals,68.29,110.6,58.79,67.76,66.98,65.26,72.66,84.73,0.2,7.12,73.15,57.36
EBAY,eBay Inc.,Consumer Discretionary,Broadline Retail,94.64,100.77,56.78,98.08,98.93,95.28,84.49,70.94,0.2,11.67,105.68,84.88
ECL,Ecolab,Materials,Specialty Chemicals,279.22,285.47,225.1,281.97,281.62,274.72,270.41,254.51,0.4,4.07,290.58,258.85
EW,Edwards Lifesciences,Health Care,Health Care Equipment,81.27,81.83,64.54,81.3,79.79,79.35,77.82,73.82,0.2,1.16,82.21,76.49
EA,Electronic Arts,Communication Services,Interactive Home Entertainment,172.23,179.01,116.21,171.85,173.12,168.26,159.18,148.51,0.2,6.64,183.67,152.85
ELV,Elevance Health,Health Care,Managed Health Care,310.03,553.55,274.66,312.04,308.09,296.03,322.23,379.44,0.2,4.59,324.26,267.79
ETR,Entergy,Utilities,Electric Utilities,89.59,91.02,57.69,89.43,89.42,89.59,85.66,80.99,0.2,1.63,91.05,88.14
EQT,EQT Corporation,Energy,Oil & Gas Exploration & Production,52.71,60.26,31.49,51.98,51.73,51.83,54.57,50.9,0.4,1.27,53.38,50.28
ESS,Essex Property Trust,Real Estate,Multi-Family Residential REITs,264.77,308.41,252.08,264.36,261.49,259.22,274.64,282.16,0.2,1.36,268.37,250.07
EXE,Expand Energy,Energy,Oil & Gas Exploration & Production,96.28,120.67,68.08,95.0,94.62,96.94,103.68,102.37,0.2,6.92,102.94,90.93
EXPE,Expedia Group,Consumer Discretionary,"Hotels, Resorts & Cruise Lines",213.63,214.81,129.25,210.56,209.18,198.03,185.28,177.44,0.2,4.49,223.22,172.83
EXPD,Expeditors International,Industrials,Air Freight & Logistics,121.6,129.72,102.14,119.93,120.31,118.51,116.46,114.48,0.2,1.68,123.64,113.37
EXR,Extra Space Storage,Real Estate,Self-Storage REITs,140.56,177.29,125.24,140.43,139.04,138.68,144.82,147.73,0.2,3.1,144.92,132.43
XOM,ExxonMobil,Energy,Integrated Oil & Gas,111.49,121.0,98.11,110.45,108.59,107.75,109.33,108.11,0.2,0.76,112.34,103.16
FFIV,"F5, Inc.",Information Technology,Communications Equipment,315.57,326.47,198.85,315.7,316.99,316.72,304.41,278.67,0.2,4.05,328.35,305.09
FAST,Fastenal,Industrials,Trading Companies & Distributors,49.96,50.39,32.44,49.86,49.51,48.12,45.47,40.57,0.4,2.88,51.4,44.84
FITB,Fifth Third Bancorp,Financials,Regional Banks,45.0,47.14,33.02,44.03,43.43,42.47,42.14,40.99,0.6,-0.38,44.83,40.11
FSLR,First Solar,Information Technology,Semiconductors,196.72,255.75,120.38,199.38,199.2,191.11,176.5,165.42,0.2,8.88,214.19,168.04
FE,FirstEnergy,Utilities,Electric Utilities,43.59,43.95,37.17,43.62,43.54,43.24,41.32,40.14,0.2,1.86,44.4,42.09
F,Ford Motor Company,Consumer Discretionary,Automobile Manufacturers,11.84,11.84,8.45,11.64,11.56,11.27,11.14,10.06,0.4,0.93,11.95,10.59
FOXA,Fox Corporation (Class A),Communication Services,Broadcasting,59.07,59.89,38.72,59.25,58.93,57.03,56.3,52.36,0.4,3.59,61.19,52.88
FOX,Fox Corporation (Class B),Communication Services,Broadcasting,53.95,54.64,35.86,54.2,53.87,52.11,51.6,48.68,0.4,3.74,55.97,48.25
FCX,Freeport-McMoRan,Materials,Copper,44.35,51.16,28.93,42.87,42.49,41.55,43.01,39.74,0.4,-0.32,44.21,38.88
GRMN,Garmin,Consumer Discretionary,Consumer Electronics,232.6,239.99,159.72,232.2,233.1,229.86,221.68,210.75,0.2,3.15,239.93,219.78
GEN,Gen Digital,Information Technology,Systems Software,30.77,32.03,23.31,31.22,31.37,30.41,30.01,28.14,0.2,6.95,32.91,27.92
GNRC,Generac,Industrials,Electrical Components & Equipment,189.32,202.85,101.92,191.49,195.53,194.87,165.07,148.88,0.2,7.82,204.12,185.6
GD,General Dynamics,Industrials,Aerospace & Defense,322.18,322.18,239.38,319.14,317.27,315.23,303.61,275.85,0.2,-0.36,321.02,309.44
GM,General Motors,Consumer Discretionary,Automobile Manufacturers,58.8,59.72,42.35,57.75,57.03,55.04,52.82,50.4,0.2,0.99,59.38,50.7
GPC,Genuine Parts Company,Consumer Discretionary,Distributors,138.75,140.16,104.68,138.16,138.03,135.1,129.04,121.62,0.4,2.18,141.77,128.44
GL,Globe Life,Financials,Life & Health Insurance,139.69,143.27,99.96,139.81,138.48,139.17,129.52,120.88,0.2,1.95,142.41,135.94
GS,Goldman Sachs,Financials,Investment Banking & Brokerage,748.95,748.95,459.93,733.25,734.12,729.02,708.1,612.56,0.4,0.32,751.35,706.7
HIG,Hartford (The),Financials,Property & Casualty Insurance,132.83,134.02,105.42,133.33,132.11,129.42,125.98,119.54,0.4,2.22,135.78,123.06
HAS,Hasbro,Consumer Discretionary,Leisure Products,81.6,81.85,49.75,80.72,80.37,78.22,75.68,63.77,0.4,1.64,82.94,73.49
HCA,HCA Healthcare,Health Care,Health Care Facilities,401.96,412.92,295.46,404.83,400.03,384.38,375.14,343.74,0.4,4.74,421.01,347.75
HSY,Hershey Company (The),Consumer Staples,Packaged Foods & Meats,183.4,196.72,141.22,181.29,180.12,182.13,175.61,166.66,0.2,3.95,190.64,173.62
HPE,Hewlett Packard Enterprise,Information Technology,"Technology Hardware, Storage & Peripherals",22.5,24.05,12.42,22.07,21.74,21.1,20.42,19.28,0.4,1.02,22.73,19.46
HLT,Hilton Worldwide,Consumer Discretionary,"Hotels, Resorts & Cruise Lines",275.34,278.65,201.16,273.2,271.78,267.83,267.0,250.1,0.2,1.19,278.62,257.03
HON,Honeywell,Industrials,Industrial Conglomerates,222.56,239.16,180.99,220.08,218.6,218.22,225.56,217.43,0.8,0.18,222.96,213.49
HST,Host Hotels & Resorts,Real Estate,Hotel & Resort REITs,16.93,18.25,12.54,16.6,16.28,15.91,15.97,15.8,0.6,0.06,16.94,14.89
HUBB,Hubbell Incorporated,Industrials,Industrial Machinery & Supplies & Components,442.52,467.52,314.89,435.69,435.28,431.04,421.76,400.27,0.2,0.9,446.5,415.59
HBAN,Huntington Bancshares,Financials,Regional Banks,17.49,17.67,12.37,17.12,16.9,16.55,16.66,15.93,0.4,-0.29,17.44,15.66
HII,Huntington Ingalls Industries,Industrials,Aerospace & Defense,271.74,278.86,157.56,269.2,268.21,267.96,256.6,214.03,0.2,1.37,275.46,260.46
IBM,IBM,Information Technology,IT Consulting & Other Services,242.63,292.8,190.71,241.22,240.37,243.69,266.44,245.05,0.2,5.37,255.66,231.71
IDXX,Idexx Laboratories,Health Care,Health Care Equipment,641.72,682.78,361.04,640.3,644.48,632.41,574.29,476.43,0.2,10.48,708.97,555.81
ITW,Illinois Tool Works,Industrials,Industrial Machinery & Supplies & Components,266.24,273.51,217.09,265.08,263.7,259.86,255.96,252.71,0.4,1.22,269.49,250.24
INCY,Incyte,Health Care,Biotechnology,84.0,86.92,55.17,85.31,85.58,81.73,74.2,69.61,0.2,7.04,89.91,73.56
PODD,Insulet Corporation,Health Care,Health Care Equipment,331.83,333.0,180.69,330.49,324.87,309.57,302.1,281.08,0.4,4.13,345.53,273.61
INTC,Intel,Information Technology,Semiconductors,24.35,27.39,18.13,24.15,24.03,22.1,22.25,21.72,0.4,7.8,26.25,17.96
ICE,Intercontinental Exchange,Financials,Financial Exchanges & Data,178.74,188.45,142.02,179.82,180.06,183.14,182.15,167.86,0.2,6.36,190.11,176.17
IP,International Paper,Materials,Paper & Plastic Packaging Products & Materials,48.78,58.45,43.05,48.42,47.83,47.51,48.82,50.81,0.2,4.2,50.83,44.18
INTU,Intuit,Information Technology,Application Software,659.54,807.39,542.39,675.21,693.34,728.29,752.3,663.06,0.2,23.82,816.64,639.95
IVZ,Invesco,Financials,Asset Management & Custody Banks,21.93,21.93,11.86,21.31,21.22,20.96,18.76,16.56,0.4,-0.5,21.82,20.11
J,Jacobs Solutions,Industrials,Construction & Engineering,148.14,151.85,109.18,147.39,147.83,146.12,138.94,130.63,0.2,3.04,152.64,139.6
JNJ,Johnson & Johnson,Health Care,Pharmaceuticals,176.49,179.29,139.73,178.39,177.18,173.75,164.45,155.3,0.2,3.13,182.01,165.48
JCI,Johnson Controls,Industrials,Building Products,108.46,111.73,66.66,106.57,105.74,105.56,105.93,89.75,0.4,-0.54,107.87,103.24
JPM,JPMorgan Chase,Financials,Diversified Banks,298.57,299.63,199.83,294.68,293.08,292.56,289.13,258.02,0.2,0.14,298.99,286.13
KEY,KeyCorp,Financials,Regional Banks,19.3,19.3,13.06,18.73,18.46,18.09,17.89,16.81,0.6,-0.98,19.11,17.07
KEYS,Keysight Technologies,Information Technology,Electronic Equipment & Instruments,164.39,185.11,127.02,163.14,164.17,163.52,163.68,160.91,0.2,3.07,169.44,157.6
KKR,KKR & Co.,Financials,Asset Management & Custody Banks,140.08,166.38,92.52,139.3,141.24,142.83,139.55,134.97,0.2,6.69,149.45,136.2
KLAC,KLA Corporation,Information Technology,Semiconductor Materials & Equipment,888.1,953.34,573.9,877.75,892.2,897.65,902.26,750.55,0.2,6.75,948.05,847.28
KR,Kroger,Consumer Staples,Food Retail,68.99,73.97,50.47,70.39,70.09,71.05,70.75,65.49,0.2,7.83,74.39,67.72
LHX,L3Harris,Industrials,Aerospace & Defense,277.66,278.26,192.63,276.37,273.78,274.11,264.44,231.19,0.2,0.88,280.1,268.11
LH,Labcorp,Health Care,Health Care Services,278.45,278.45,210.19,277.48,274.78,269.21,261.83,244.66,0.4,1.25,281.93,256.49
LVS,Las Vegas Sands,Consumer Discretionary,Casinos & Gaming,56.19,56.22,30.35,54.92,54.31,53.48,49.61,44.99,0.4,-0.55,55.88,51.08
LDOS,Leidos,Industrials,Diversified Support Services,182.35,199.72,126.1,181.26,180.12,174.82,165.26,151.79,0.2,4.32,190.23,159.41
LII,Lennox International,Industrials,Building Products,567.63,674.16,506.5,577.96,590.58,594.18,596.45,595.78,0.2,9.55,621.84,566.53
LIN,Linde plc,Materials,Industrial Gases,481.92,482.36,410.23,480.9,479.63,473.82,469.79,453.5,0.2,1.14,487.41,460.22
LYV,Live Nation Entertainment,Communication Services,Movies & Entertainment,166.62,166.62,92.78,164.51,162.9,157.01,151.97,139.61,0.2,2.12,170.15,143.87
LMT,Lockheed Martin,Industrials,Aerospace & Defense,455.46,602.16,410.74,448.52,444.18,435.17,448.0,466.37,0.2,0.09,455.87,414.49
L,Loews Corporation,Financials,Multi-line Insurance,95.9,96.7,76.27,96.18,95.71,94.14,92.1,87.34,0.4,2.25,98.06,90.22
LYB,LyondellBasell,Materials,Specialty Chemicals,56.6,90.95,47.21,55.85,53.94,52.39,57.1,64.03,0.2,4.01,58.87,45.91
MTB,M&T Bank,Financials,Regional Banks,200.15,217.42,155.42,196.68,194.16,190.86,193.02,188.03,0.4,-0.14,199.87,181.87
MPC,Marathon Petroleum,Energy,Oil & Gas Refining & Marketing,173.51,181.25,117.23,169.47,165.63,164.65,168.95,151.61,0.4,0.2,173.86,155.46
MAR,Marriott International,Consumer Discretionary,"Hotels, Resorts & Cruise Lines",267.85,302.22,210.04,267.08,266.65,263.71,268.65,266.09,0.4,1.91,272.97,254.44
MMC,Marsh McLennan,Financials,Insurance Brokers,206.42,243.22,197.78,209.26,208.84,205.21,209.61,220.28,0.2,3.47,213.58,196.82
MA,Mastercard,Financials,Transaction & Payment Processing Services,591.61,598.96,463.77,593.68,588.14,577.76,565.38,547.33,0.2,1.69,601.61,553.92
MTCH,Match Group,Communication Services,Interactive Media & Services,37.3,38.74,26.87,37.12,37.69,36.43,33.86,31.84,0.2,6.35,39.67,33.18
MCD,McDonald's,Consumer Discretionary,Restaurants,312.94,319.48,276.57,313.35,310.93,307.3,299.92,299.81,0.4,1.13,316.48,298.12
MCK,McKesson Corporation,Health Care,Health Care Distributors,680.52,735.33,477.52,691.56,681.6,685.55,704.94,657.19,0.2,5.91,720.74,650.38
MGM,MGM Resorts,Consumer Discretionary,Casinos & Gaming,38.51,41.99,25.79,37.44,36.88,36.16,36.34,34.23,0.4,0.18,38.58,33.73
MCHP,Microchip Technology,Information Technology,Semiconductors,67.62,79.81,34.83,67.45,66.27,65.79,69.05,58.83,0.2,3.71,70.13,61.45
MDLZ,Mondelez International,Consumer Staples,Packaged Foods & Meats,62.05,73.6,55.34,62.71,62.38,62.63,66.03,63.67,0.4,4.22,64.67,60.58
MPWR,Monolithic Power Systems,Information Technology,Semiconductors,850.64,937.7,454.23,835.9,841.17,815.93,761.27,655.3,0.2,4.87,892.07,739.8
MS,Morgan Stanley,Financials,Investment Banking & Brokerage,148.97,148.97,93.79,146.56,146.25,144.32,141.08,128.34,0.2,0.7,150.01,138.63
MOS,Mosaic Company (The),Materials,Fertilizers & Agricultural Chemicals,33.3,37.81,22.62,32.81,32.54,33.12,35.07,29.52,0.2,9.16,36.35,29.89
NFLX,Netflix,Communication Services,Movies & Entertainment,1226.09,1339.13,665.77,1213.78,1220.21,1201.86,1229.98,1047.76,0.2,2.49,1256.62,1147.05
NEM,Newmont,Materials,Gold,72.43,72.43,36.61,70.68,69.61,67.98,62.97,50.08,0.2,1.5,73.52,62.44
NWSA,News Corp (Class A),Communication Services,Publishing,29.73,30.5,23.97,29.94,29.8,29.43,29.37,28.25,0.4,2.32,30.42,28.44
NWS,News Corp (Class B),Communication Services,Publishing,34.29,35.17,26.94,34.57,34.41,33.9,33.83,32.09,0.4,2.36,35.1,32.7
NEE,NextEra Energy,Utilities,Multi-Utilities,74.84,83.49,63.6,75.75,75.09,73.25,73.13,70.97,0.4,3.75,77.65,68.84
NKE,"Nike, Inc.",Consumer Discretionary,"Apparel, Accessories & Luxury Goods",78.65,87.95,52.92,77.73,77.35,76.08,72.92,69.89,0.4,0.66,79.17,73.0
NDSN,Nordson Corporation,Industrials,Industrial Machinery & Supplies & Components,226.35,261.43,166.9,222.55,219.66,216.14,216.92,213.75,0.6,0.13,226.64,205.63
NTRS,Northern Trust,Financials,Asset Management & Custody Banks,131.87,132.06,83.86,129.55,128.26,127.67,125.72,108.35,0.4,-0.05,131.8,123.54
NOC,Northrop Grumman,Industrials,Aerospace & Defense,593.02,597.21,429.46,592.39,588.28,585.86,545.06,497.31,0.2,0.75,597.47,574.24
NCLH,Norwegian Cruise Line Holdings,Consumer Discretionary,"Hotels, Resorts & Cruise Lines",24.76,29.07,15.5,24.33,24.41,24.46,22.74,22.59,0.2,3.39,25.6,23.32
NRG,NRG Energy,Utilities,Independent Power Producers & Energy Traders,146.23,173.91,75.33,146.03,148.64,154.79,154.24,119.4,0.2,18.26,172.93,136.65
NUE,Nucor,Materials,Steel,147.95,165.5,102.79,146.43,145.83,142.69,138.66,129.05,0.4,1.49,150.15,135.23
NXPI,NXP Semiconductors,Information Technology,Semiconductors,237.82,252.0,152.79,232.4,231.41,221.17,222.07,210.04,0.4,2.5,243.77,198.58
ORLY,O’Reilly Automotive,Consumer Discretionary,Automotive Retail,103.18,104.44,73.94,102.97,102.5,102.11,96.03,89.5,0.2,2.03,105.27,98.94
ON,ON Semiconductor,Information Technology,Semiconductors,50.99,77.87,31.95,50.41,50.7,50.64,54.2,52.36,0.4,11.67,56.94,44.33
PKG,Packaging Corporation of America,Materials,Paper & Plastic Packaging Products & Materials,211.62,244.28,174.83,209.01,202.81,198.87,198.51,206.23,0.2,0.47,212.61,185.14
PANW,Palo Alto Networks,Information Technology,Systems Software,184.23,208.28,152.44,184.48,180.76,176.44,189.97,187.42,0.6,2.42,188.69,164.2
PSKY,Paramount Skydance Corporation,Communication Services,Movies & Entertainment,15.84,16.03,9.8,15.56,14.79,13.26,12.94,11.61,0.4,6.94,16.94,9.58
PH,Parker Hannifin,Industrials,Industrial Machinery & Supplies & Components,761.55,762.05,515.78,748.04,745.8,735.04,715.75,665.4,0.2,0.81,767.72,702.34
PAYC,Paycom,Industrials,Human Resource & Employment Services,225.97,265.28,153.91,228.36,224.79,225.66,228.89,224.42,0.4,4.9,237.04,214.26
PNR,Pentair,Industrials,Industrial Machinery & Supplies & Components,109.17,109.17,75.76,107.04,106.85,104.77,103.87,98.16,0.4,0.75,109.99,99.55
PFE,Pfizer,Health Care,Pharmaceuticals,24.92,28.21,20.83,25.41,25.29,24.68,24.49,24.21,0.4,4.94,26.15,23.22
PM,Philip Morris International,Consumer Staples,Tobacco,166.68,183.57,115.19,170.63,168.59,167.32,172.94,152.41,0.4,4.34,173.91,160.73
PSX,Phillips 66,Energy,Oil & Gas Refining & Marketing,129.89,135.19,91.09,127.47,124.65,122.12,123.39,118.15,0.6,-0.17,129.67,114.58
PNC,PNC Financial Services,Financials,Diversified Banks,203.46,209.23,146.94,198.97,195.91,192.55,190.81,183.85,0.6,-0.81,201.81,183.28
PPL,PPL Corporation,Utilities,Electric Utilities,36.52,37.24,30.73,36.75,36.76,36.45,35.38,34.11,0.2,2.27,37.35,35.55
PTC,PTC Inc.,Information Technology,Application Software,212.58,216.41,136.74,212.96,210.52,210.05,195.15,178.74,0.2,2.87,218.68,201.41
PHM,PulteGroup,Consumer Discretionary,Homebuilding,131.13,148.13,91.82,129.53,129.34,124.15,115.36,110.6,0.4,3.68,135.96,112.33
QCOM,Qualcomm,Information Technology,Semiconductors,159.17,175.11,123.92,156.63,157.08,153.0,155.64,154.95,0.2,2.51,163.17,142.85
DGX,Quest Diagnostics,Health Care,Health Care Services,180.36,184.4,144.81,181.47,180.64,177.02,174.87,166.72,0.4,3.33,186.37,167.67
RL,Ralph Lauren Corporation,Consumer Discretionary,"Apparel, Accessories & Luxury Goods",293.2,304.45,166.99,287.61,289.62,292.92,286.6,250.32,0.2,4.58,306.63,279.22
RTX,RTX Corporation,Industrials,Aerospace & Defense,159.57,159.57,112.45,157.0,155.77,155.7,150.85,131.29,0.2,-0.68,158.48,152.92
O,Realty Income,Real Estate,Retail REITs,58.13,61.73,49.83,58.95,58.58,57.79,57.33,55.07,0.2,2.87,59.8,55.79
RF,Regions Financial Corporation,Financials,Regional Banks,27.08,27.08,18.13,26.42,26.1,25.59,24.84,23.18,0.6,-0.63,26.91,24.26
RSG,Republic Services,Industrials,Environmental & Facilities Services,234.33,257.46,196.49,234.48,233.78,233.6,239.58,230.57,0.2,1.22,237.19,230.02
RMD,ResMed,Health Care,Health Care Equipment,285.17,293.73,203.67,288.42,287.16,284.14,268.75,243.37,0.2,3.12,294.07,274.23
ROK,Rockwell Automation,Industrials,Electrical Components & Equipment,355.67,357.15,217.21,347.19,345.71,342.58,340.73,293.75,0.4,0.68,358.09,327.07
RCL,Royal Caribbean Group,Consumer Discretionary,"Hotels, Resorts & Cruise Lines",353.74,353.74,154.84,339.51,329.41,321.28,321.11,255.24,0.6,-1.37,348.89,293.66
SPGI,S&P Global,Financials,Financial Exchanges & Data,552.32,564.15,437.5,554.03,555.9,555.23,535.64,511.6,0.2,3.3,570.55,539.91
SBAC,SBA Communications,Real Estate,Telecom Tower REITs,218.84,244.52,189.91,221.35,219.3,220.63,227.33,218.08,0.4,4.24,228.12,213.14
STX,Seagate Technology,Information Technology,"Technology Hardware, Storage & Peripherals",165.24,165.24,66.19,160.29,158.52,155.2,148.56,108.32,0.6,-0.31,164.73,145.69
SOLV,Solventum,Health Care,Health Care Technology,72.92,84.04,60.05,72.81,72.61,72.48,73.71,72.21,0.4,1.73,74.18,70.79
LUV,Southwest Airlines,Industrials,Passenger Airlines,33.4,37.7,23.9,32.19,31.7,30.84,32.78,31.45,0.8,-0.93,33.09,28.59
STT,State Street Corporation,Financials,Asset Management & Custody Banks,115.82,115.82,74.79,114.09,112.9,111.76,108.66,96.89,0.6,-0.21,115.58,107.94
STLD,Steel Dynamics,Materials,Steel,131.73,152.49,106.43,129.78,128.62,126.19,129.12,128.17,0.2,1.11,133.19,119.19
STE,Steris,Health Care,Health Care Equipment,248.58,251.96,201.46,249.2,247.69,239.88,235.47,225.26,0.4,4.31,259.29,220.45
SYK,Stryker Corporation,Health Care,Health Care Equipment,394.33,403.53,336.65,391.23,386.71,384.13,387.8,378.63,0.4,1.19,399.02,369.21
SYF,Synchrony Financial,Financials,Consumer Finance,75.34,75.34,43.38,73.07,72.56,71.02,69.15,62.08,0.4,-0.48,74.98,67.06
SYY,Sysco,Consumer Staples,Food Distributors,79.63,82.19,67.53,79.99,80.16,80.15,78.18,74.28,0.2,2.67,81.76,78.54
TTWO,Take-Two Interactive,Communication Services,Interactive Home Entertainment,230.82,243.05,147.66,229.64,231.06,227.8,232.9,211.08,0.4,2.7,237.05,218.54
TEL,TE Connectivity,Information Technology,Electronic Manufacturing Services,206.91,209.34,121.47,203.78,204.2,203.39,187.88,157.92,0.2,0.6,208.15,198.63
TXN,Texas Instruments,Information Technology,Semiconductors,205.98,219.66,143.34,203.9,199.13,192.26,200.25,186.39,0.4,1.25,208.55,175.97
TXT,Textron,Industrials,Aerospace & Defense,81.38,91.11,60.7,80.49,80.18,78.94,80.48,76.73,0.2,0.55,81.83,76.05
TJX,TJX Companies,Consumer Discretionary,Apparel Retail,136.68,138.27,110.73,136.9,135.14,132.14,127.15,123.97,0.4,2.42,139.99,124.3
TKO,TKO Group Holdings,Communication Services,Movies & Entertainment,185.16,191.28,113.12,184.38,186.35,176.99,174.41,155.79,0.2,7.81,199.62,154.36
TSCO,Tractor Supply,Consumer Discretionary,Other Specialty Retail,61.69,62.05,47.62,61.23,60.83,59.81,57.15,54.12,0.4,1.49,62.61,57.01
TT,Trane Technologies,Industrials,Building Products,426.19,472.54,314.52,423.7,426.3,429.34,435.31,393.22,0.2,3.22,439.91,418.76
TRV,Travelers Companies (The),Financials,Property & Casualty Insurance,270.89,276.29,218.14,273.77,270.61,266.89,263.48,255.86,0.2,2.2,276.85,256.94
TRMB,Trimble Inc.,Information Technology,Electronic Equipment & Instruments,81.44,85.24,54.15,81.18,82.02,82.78,80.27,72.55,0.2,4.94,85.46,80.09
TFC,Truist Financial,Financials,Diversified Banks,46.36,46.42,33.92,45.29,44.92,43.95,43.51,42.11,0.4,-0.17,46.28,41.62
USB,U.S. Bancorp,Financials,Diversified Banks,48.57,51.9,36.0,47.52,46.93,45.84,45.73,44.99,0.6,-0.04,48.55,43.13
UBER,Uber,Industrials,Passenger Ground Transportation,96.53,97.48,59.93,95.29,94.06,91.72,91.37,78.3,0.2,1.16,97.65,85.8
ULTA,Ulta Beauty,Consumer Discretionary,Other Specialty Retail,526.06,532.71,314.47,523.36,523.01,516.54,496.12,418.81,0.2,1.58,534.37,498.68
UAL,United Airlines Holdings,Industrials,Passenger Airlines,104.13,110.52,41.33,101.3,101.09,95.13,88.45,87.51,0.4,4.0,108.3,81.96
URI,United Rentals,Industrials,Trading Companies & Distributors,943.7,943.7,549.5,921.03,919.74,895.02,828.02,735.68,0.4,1.16,954.65,835.38
VLO,Valero Energy,Energy,Oil & Gas Refining & Marketing,146.95,153.55,102.97,144.05,140.37,137.44,140.1,129.93,0.6,-0.39,146.38,128.5
VTR,Ventas,Real Estate,Health Care REITs,67.6,69.55,56.07,68.28,67.99,68.04,65.73,63.77,0.2,2.66,69.4,66.68
VLTO,Veralto,Industrials,Environmental & Facilities Services,107.11,113.22,85.23,108.16,108.03,107.39,103.81,100.6,0.2,2.64,109.94,104.84
VRSN,Verisign,Information Technology,Internet Services & Infrastructure,269.99,305.1,175.69,269.92,268.76,268.36,278.34,242.97,0.4,1.44,273.88,262.85
VZ,Verizon,Communication Services,Integrated Telecommunication Services,43.96,45.06,36.62,44.54,44.35,43.61,42.64,41.38,0.4,3.05,45.3,41.92
VICI,Vici Properties,Real Estate,Hotel & Resort REITs,33.45,33.93,27.46,33.26,32.91,32.97,32.91,31.05,0.2,1.08,33.81,32.13
V,Visa Inc.,Financials,Transaction & Payment Processing Services,351.18,372.65,265.57,347.53,345.54,342.33,347.48,337.47,0.6,0.49,352.9,331.76
VST,Vistra Corp.,Utilities,Electric Utilities,195.12,214.06,73.19,191.77,195.63,201.09,194.47,157.66,0.2,10.39,215.39,186.79
VMC,Vulcan Materials Company,Materials,Construction Materials,291.2,295.15,219.65,289.69,291.11,286.06,273.12,263.28,0.2,2.8,299.35,272.76
WRB,W. R. Berkley Corporation,Financials,Property & Casualty Insurance,71.05,74.57,55.33,71.89,71.52,70.7,70.53,65.66,0.2,2.46,72.8,68.6
WAB,Wabtec,Industrials,Construction Machinery & Heavy Transportation Equipment,195.34,214.1,159.81,193.73,192.54,191.05,200.8,194.31,0.6,0.45,196.22,185.87
WBA,Walgreens Boots Alliance,Consumer Staples,Drug Retail,11.92,12.93,8.01,12.07,12.03,11.9,11.65,10.78,0.2,2.68,12.24,11.55
WMT,Walmart,Consumer Staples,Consumer Staples Merchandise Retail,96.05,104.27,74.97,97.9,99.28,100.06,97.78,94.05,0.2,9.41,105.09,95.03
DIS,Walt Disney Company (The),Communication Services,Movies & Entertainment,117.65,124.01,81.37,117.49,116.86,116.41,119.02,109.06,0.4,2.6,120.71,112.12
WM,Waste Management,Industrials,Environmental & Facilities Services,225.25,241.26,199.11,227.19,227.15,229.62,229.09,224.3,0.2,4.96,236.42,222.81
WFC,Wells Fargo,Financials,Diversified Banks,81.51,83.83,50.45,79.36,78.62,78.41,79.29,73.97,0.4,-0.31,81.26,75.57
WELL,Welltower,Real Estate,Health Care REITs,165.84,168.94,117.06,165.62,164.19,165.54,159.18,145.23,0.2,2.36,169.75,161.33
WDC,Western Digital,Information Technology,"Technology Hardware, Storage & Peripherals",79.71,79.71,30.48,77.24,76.57,75.96,69.38,52.75,0.2,-0.06,79.66,72.26
WSM,"Williams-Sonoma, Inc.",Consumer Discretionary,Homefurnishing Retail,197.93,215.83,126.49,199.16,201.9,199.76,181.41,175.22,0.2,6.71,211.21,188.32
WMB,Williams Companies,Energy,Oil & Gas Storage & Transportation,57.13,62.87,42.67,57.21,57.18,58.04,58.68,57.1,0.2,5.55,60.3,55.77
WYNN,Wynn Resorts,Consumer Discretionary,Casinos & Gaming,119.08,119.08,65.78,114.83,112.7,110.39,105.57,90.61,0.4,-1.34,117.48,103.3
XYL,Xylem Inc.,Industrials,Industrial Machinery & Supplies & Components,143.34,144.62,102.53,142.37,142.07,142.09,134.84,125.0,0.2,3.13,147.83,136.35
YUM,Yum! Brands,Consumer Discretionary,Restaurants,147.03,161.74,122.07,147.83,148.02,145.59,146.19,142.91,0.2,3.46,152.12,139.06
