Symbol,Company,GICS_Sector,GICS_Sub_Industry,Current_Price,High_52_Week,Low_52_Week,SMA5,SMA10,SMA20,SMA50,SMA200,Score,Target_Pcnt,Target_Price,Stop_Loss
MMM,3M,Industrials,Industrial Conglomerates,156.57,159.46,122.31,155.62,155.1,152.56,151.67,142.53,0.2,2.64,160.7,144.43
AOS,A. O. Smith,Industrials,Building Products,72.38,88.84,59.04,72.43,72.55,71.58,69.2,67.81,0.2,1.88,73.74,69.43
ABT,Abbott Laboratories,Health Care,Health Care Equipment,131.59,138.95,110.09,132.1,131.24,130.74,130.81,126.12,0.2,2.16,134.43,127.04
ABBV,AbbVie,Health Care,Biotechnology,208.36,212.84,160.57,209.03,207.08,201.53,193.09,186.06,0.4,2.82,214.24,188.82
ACN,Accenture,Information Technology,IT Consulting & Other Services,255.42,394.31,237.87,255.95,252.36,251.54,275.27,319.92,-0.2,5.65,269.85,233.25
ADBE,Adobe Inc.,Information Technology,Application Software,354.91,586.55,333.65,357.41,355.98,350.2,365.78,414.59,-0.2,3.89,368.72,331.66
AMD,Advanced Micro Devices,Information Technology,Semiconductors,166.62,184.42,78.21,165.33,171.22,172.32,156.78,125.06,0.2,10.71,184.47,160.17
AES,AES Corporation,Utilities,Independent Power Producers & Energy Traders,13.34,19.11,9.5,13.3,13.24,13.11,12.38,11.58,0.2,1.87,13.59,12.63
AFL,Aflac,Financials,Life & Health Insurance,108.16,112.86,97.56,108.02,106.62,103.51,102.76,104.27,0.0,2.48,110.84,96.17
A,Agilent Technologies,Health Care,Life Sciences Tools & Services,118.3,151.96,99.08,119.07,119.2,117.07,117.8,123.75,-0.2,3.21,122.1,112.03
APD,Air Products,Materials,Industrial Gases,293.97,333.89,247.03,294.67,292.85,290.39,288.77,292.6,-0.2,1.36,297.97,282.81
ABNB,Airbnb,Consumer Discretionary,"Hotels, Resorts & Cruise Lines",126.89,161.42,105.69,127.27,126.21,126.48,132.35,131.63,0.2,6.21,134.77,118.19
AKAM,Akamai Technologies,Information Technology,Internet Services & Infrastructure,76.94,106.67,68.21,76.7,75.94,74.98,77.54,84.47,0.0,2.7,79.02,70.94
ALB,Albemarle Corporation,Materials,Specialty Chemicals,81.53,109.53,50.43,80.24,81.02,76.16,71.96,76.24,0.0,8.0,88.05,64.27
ARE,Alexandria Real Estate Equities,Real Estate,Office REITs,80.83,117.87,66.61,79.41,77.81,76.6,76.4,85.7,0.0,0.74,81.43,71.77
ALGN,Align Technology,Health Care,Health Care Supplies,141.78,257.17,129.01,144.11,144.03,143.89,173.56,190.54,0.0,21.77,172.65,115.13
ALLE,Allegion,Industrials,Building Products,171.53,172.24,118.08,169.86,169.17,167.13,156.0,138.82,0.4,0.31,172.06,162.19
LNT,Alliant Energy,Utilities,Electric Utilities,65.71,66.97,54.87,66.26,65.65,65.57,63.27,60.82,0.2,1.92,66.97,64.18
ALL,Allstate,Financials,Property & Casualty Insurance,203.18,213.62,177.09,206.19,207.27,205.53,199.47,196.71,0.2,5.38,214.11,196.94
GOOGL,Alphabet Inc. (Class A),Communication Services,Interactive Media & Services,207.14,208.49,144.53,204.16,203.47,200.02,188.08,177.71,0.2,1.36,209.96,190.08
GOOG,Alphabet Inc. (Class C),Communication Services,Interactive Media & Services,207.95,209.16,146.4,204.93,204.32,200.83,188.97,179.2,0.2,1.34,210.74,190.92
MO,Altria,Consumer Staples,Tobacco,66.45,67.68,46.47,67.29,66.58,64.9,61.37,56.1,0.4,3.94,69.07,60.74
AMZN,Amazon,Consumer Discretionary,Broadline Retail,228.71,242.06,167.32,226.25,227.73,224.63,223.06,212.5,0.2,3.5,236.71,212.54
AMCR,Amcor,Materials,Paper & Plastic Packaging Products & Materials,8.45,10.94,8.45,8.58,8.73,9.12,9.33,9.46,-0.2,19.76,10.12,8.13
AEE,Ameren,Utilities,Multi-Utilities,100.84,103.26,79.24,101.4,101.3,101.46,98.64,95.3,0.0,2.2,103.06,99.86
AEP,American Electric Power,Utilities,Electric Utilities,112.63,114.06,87.97,113.27,112.77,112.65,107.56,101.01,0.2,1.33,114.13,111.18
AXP,American Express,Financials,Consumer Finance,320.6,328.13,230.81,314.43,310.54,304.24,308.43,293.06,0.4,-0.31,319.61,288.87
AIG,American International Group,Financials,Multi-line Insurance,82.58,87.26,69.3,82.77,81.57,79.77,81.5,78.89,0.0,1.63,83.93,75.61
AMT,American Tower,Real Estate,Telecom Tower REITs,207.45,235.15,170.7,209.94,207.32,208.08,216.39,204.08,0.4,3.06,213.8,202.36
AWK,American Water Works,Utilities,Water Utilities,143.95,150.19,118.87,145.21,144.5,143.55,141.68,136.03,0.2,2.63,147.74,139.37
AMP,Ameriprise Financial,Financials,Asset Management & Custody Banks,516.89,569.83,419.45,511.19,509.39,508.76,519.69,517.0,0.4,0.68,520.4,497.13
AME,Ametek,Industrials,Electrical Components & Equipment,186.78,196.4,151.15,185.22,184.69,183.88,181.32,179.99,0.4,0.93,188.52,179.24
AMGN,Amgen,Health Care,Biotechnology,289.58,326.46,252.22,291.84,291.17,290.56,291.01,284.22,0.4,4.03,301.25,279.86
APH,Amphenol,Information Technology,Electronic Components,109.9,111.85,58.99,109.29,109.73,108.99,103.09,80.38,0.0,2.39,112.53,105.45
ADI,Analog Devices,Information Technology,Semiconductors,255.63,255.63,163.85,250.83,242.16,233.3,235.48,216.57,0.4,0.18,256.09,210.52
AON,Aon plc,Financials,Insurance Brokers,369.0,407.61,334.18,372.86,370.68,365.94,359.52,369.25,-0.2,2.63,378.7,353.18
APA,APA Corporation,Energy,Oil & Gas Exploration & Production,22.12,27.9,13.62,21.42,20.93,20.06,19.46,19.64,0.0,1.13,22.37,17.76
APO,Apollo Global Management,Financials,Asset Management & Custody Banks,134.4,176.82,105.37,134.37,136.78,139.74,142.22,147.37,0.0,9.72,147.46,132.02
AAPL,Apple Inc.,Information Technology,"Technology Hardware, Storage & Peripherals",229.31,258.1,172.0,227.03,229.43,221.86,213.28,220.57,-0.2,6.22,243.57,200.13
AMAT,Applied Materials,Information Technology,Semiconductor Materials & Equipment,164.51,211.69,126.23,161.87,167.26,174.89,181.9,168.38,0.2,19.76,197.02,152.76
APTV,Aptiv,Consumer Discretionary,Automotive Parts & Equipment,79.88,79.88,47.92,77.33,76.17,71.43,70.34,63.16,0.2,2.3,81.72,61.14
ACGL,Arch Capital Group,Financials,Property & Casualty Insurance,90.9,109.22,84.99,92.51,91.69,89.94,89.52,92.28,0.0,3.7,94.26,85.63
ADM,Archer Daniels Midland,Consumer Staples,Agricultural Products & Services,62.82,64.21,41.01,62.36,60.78,58.37,55.59,49.88,0.2,2.47,64.37,52.38
ANET,Arista Networks,Information Technology,Communications Equipment,134.27,141.25,64.37,132.81,134.67,132.21,115.34,101.29,0.2,9.56,147.11,117.32
AJG,Arthur J. Gallagher & Co.,Financials,Insurance Brokers,300.2,348.08,274.44,302.0,298.67,292.98,305.8,312.5,-0.2,2.01,306.23,279.73
AIZ,Assurant,Financials,Multi-line Insurance,214.24,226.12,179.02,214.86,213.62,205.12,196.98,203.36,0.0,6.03,227.16,183.09
T,AT&T,Communication Services,Integrated Telecommunication Services,28.56,29.44,18.77,28.96,28.87,28.35,27.93,25.64,0.2,3.5,29.56,27.15
ATO,Atmos Energy,Utilities,Gas Utilities,166.01,167.34,126.24,165.99,165.4,162.23,157.11,149.32,0.4,2.86,170.76,153.7
ADSK,Autodesk,Information Technology,Application Software,282.45,321.27,238.84,286.54,286.91,291.78,297.34,290.3,0.4,8.79,307.28,276.28
ADP,Automatic Data Processing,Industrials,Human Resource & Employment Services,303.45,325.19,264.09,305.84,304.6,304.14,304.94,301.71,0.2,2.32,310.49,297.81
AZO,AutoZone,Consumer Discretionary,Automotive Retail,4180.17,4180.17,2981.19,4143.28,4092.1,4028.8,3833.37,3565.08,0.4,1.39,4238.27,3819.3
AVB,AvalonBay Communities,Real Estate,Multi-Family Residential REITs,192.01,232.03,182.72,191.79,190.96,188.96,197.13,208.19,0.0,1.86,195.58,182.34
AVY,Avery Dennison,Materials,Paper & Plastic Packaging Products & Materials,173.22,219.16,158.75,175.81,175.86,172.55,176.24,181.3,-0.2,4.27,180.62,164.49
AXON,Axon Enterprise,Industrials,Aerospace & Defense,769.02,870.97,354.62,764.64,764.27,783.28,772.38,657.9,0.2,12.89,868.15,698.41
BKR,Baker Hughes,Energy,Oil & Gas Equipment & Services,44.45,48.05,32.21,43.99,43.47,43.51,41.42,41.18,0.0,1.46,45.1,41.93
BALL,Ball Corporation,Materials,"Metal, Glass & Plastic Containers",52.66,67.18,44.77,53.05,53.36,54.29,56.38,54.21,0.2,9.65,57.74,50.84
BAC,Bank of America,Financials,Diversified Banks,50.25,50.25,34.19,49.16,48.37,47.3,47.18,44.27,0.4,-0.1,50.2,44.4
BAX,Baxter International,Health Care,Health Care Equipment,24.5,39.64,21.76,24.34,24.24,23.83,27.22,30.35,-0.2,7.76,26.4,21.26
BDX,Becton Dickinson,Health Care,Health Care Equipment,194.07,246.46,164.16,196.84,196.41,189.86,181.52,204.69,-0.2,6.73,207.13,172.57
BRK-B,Berkshire Hathaway,Financials,Multi-Sector Holdings,492.21,539.8,442.29,488.93,484.22,475.86,479.03,487.04,0.0,0.68,495.56,456.14
BBY,Best Buy,Consumer Discretionary,Computer & Electronics Retail,73.67,99.54,55.4,73.61,73.0,70.05,69.41,75.11,0.0,4.11,76.7,63.4
TECH,Bio-Techne,Health Care,Life Sciences Tools & Services,56.79,79.93,46.59,55.78,54.89,53.92,53.23,60.5,-0.2,3.03,58.51,49.33
BIIB,Biogen,Health Care,Biotechnology,136.72,205.0,113.38,138.1,137.4,133.52,130.95,137.9,-0.2,3.96,142.13,124.91
BLK,BlackRock,Financials,Asset Management & Custody Banks,1139.8,1160.16,811.42,1135.66,1139.81,1129.11,1090.41,1000.54,0.2,2.23,1165.22,1092.95
BX,Blackstone Inc.,Financials,Asset Management & Custody Banks,171.43,194.8,118.51,167.87,169.88,170.11,162.03,157.59,0.0,2.93,176.45,163.76
XYZ,"Block, Inc.",Financials,Transaction & Payment Processing Services,78.78,98.92,46.53,77.05,76.51,75.97,72.36,72.31,0.4,1.02,79.58,72.35
BK,BNY Mellon,Financials,Asset Management & Custody Banks,104.59,104.59,64.88,102.66,102.24,102.12,97.21,85.58,0.4,-0.21,104.37,99.88
BA,Boeing,Industrials,Aerospace & Defense,234.83,236.41,136.59,228.38,230.11,227.9,222.16,186.15,0.2,0.69,236.45,219.36
BKNG,Booking Holdings,Consumer Discretionary,"Hotels, Resorts & Cruise Lines",5705.68,5815.92,3711.15,5696.13,5598.37,5531.05,5585.41,5103.52,0.4,0.88,5755.89,5306.08
BSX,Boston Scientific,Health Care,Health Care Equipment,106.39,107.76,79.17,105.79,104.56,104.44,104.23,99.49,0.2,0.91,107.36,101.51
BMY,Bristol Myers Squibb,Health Care,Pharmaceuticals,47.21,61.62,43.31,47.79,47.96,46.65,46.91,52.07,-0.2,5.15,49.64,43.65
AVGO,Broadcom,Information Technology,Semiconductors,298.01,312.83,135.46,293.4,299.43,299.85,284.14,224.42,0.2,5.41,314.13,285.58
BR,Broadridge Financial Solutions,Industrials,Data Processing & Outsourced Services,257.29,266.89,204.4,259.77,260.33,259.06,248.15,236.8,0.2,5.89,272.44,245.68
BRO,Brown & Brown,Financials,Insurance Brokers,96.05,124.07,91.23,96.52,96.08,94.38,101.49,108.49,-0.2,2.3,98.26,90.5
BF-B,Brown–Forman,Consumer Staples,Distillers & Vintners,29.85,48.58,25.65,30.61,30.56,30.31,28.97,33.59,-0.4,6.0,31.64,28.97
BLDR,Builders FirstSource,Industrials,Building Products,142.67,201.83,105.63,139.0,138.91,134.7,128.66,138.2,-0.2,2.19,145.79,123.6
BG,Bunge Global,Consumer Staples,Agricultural Products & Services,84.93,97.93,67.23,85.19,83.07,81.8,79.52,77.44,0.4,2.28,86.87,76.73
BXP,"BXP, Inc.",Real Estate,Office REITs,69.48,86.01,56.05,68.28,66.96,65.93,68.07,68.81,0.0,0.3,69.69,62.17
CHRW,C.H. Robinson,Industrials,Air Freight & Logistics,126.9,126.9,86.41,124.47,123.29,118.92,106.02,100.8,0.2,3.44,131.27,106.57
CDNS,Cadence Design Systems,Information Technology,Application Software,344.03,371.03,231.64,346.37,348.29,353.51,330.6,299.23,0.2,7.0,368.11,338.91
CZR,Caesars Entertainment,Consumer Discretionary,Casinos & Gaming,26.14,45.55,23.18,25.97,25.74,25.49,27.74,30.75,0.2,4.93,27.43,23.56
CPT,Camden Property Trust,Real Estate,Multi-Family Residential REITs,109.2,123.69,104.05,108.79,107.78,107.37,111.22,114.48,0.0,1.69,111.05,103.69
CPB,Campbell's Company (The),Consumer Staples,Packaged Foods & Meats,31.97,49.89,30.28,32.52,32.51,32.43,31.8,36.7,-0.4,3.32,33.03,31.83
COF,Capital One,Financials,Consumer Finance,224.92,224.92,134.82,218.79,217.71,214.26,212.97,191.62,0.4,-0.33,224.18,204.34
CAH,Cardinal Health,Health Care,Health Care Distributors,147.49,167.63,106.71,149.23,149.29,152.51,158.21,137.76,0.2,9.2,161.06,143.96
KMX,CarMax,Consumer Discretionary,Automotive Retail,59.67,89.19,54.66,59.06,58.76,57.4,62.15,72.71,0.2,1.64,60.65,54.15
CCL,Carnival,Consumer Discretionary,"Hotels, Resorts & Cruise Lines",31.87,31.87,15.67,30.59,30.31,29.8,28.72,24.51,0.4,-0.97,31.56,28.04
CARR,Carrier Global,Industrials,Building Products,66.48,81.67,55.21,66.42,66.38,66.48,71.42,68.86,0.2,2.81,68.35,64.6
CAT,Caterpillar Inc.,Industrials,Construction Machinery & Heavy Transportation Equipment,431.26,438.02,271.63,427.54,420.54,422.84,407.12,364.62,0.4,2.55,442.26,403.42
CBOE,Cboe Global Markets,Financials,Financial Exchanges & Data,242.76,253.24,189.73,247.89,246.83,247.52,239.43,217.56,-0.2,4.72,254.22,240.82
CBRE,CBRE Group,Real Estate,Real Estate Services,163.42,164.98,113.55,162.55,160.77,158.13,147.57,135.58,0.4,0.75,164.65,151.6
CDW,CDW Corporation,Information Technology,Technology Distributors,163.67,226.12,143.46,165.27,165.4,166.14,172.93,174.75,-0.2,6.84,174.87,157.42
COR,Cencora,Health Care,Health Care Distributors,289.7,303.69,217.68,295.5,294.02,290.71,292.76,267.67,0.2,4.36,302.33,279.1
CNC,Centene Corporation,Health Care,Managed Health Care,28.66,80.23,25.21,29.07,28.62,27.18,34.25,53.46,-0.2,5.9,30.35,24.01
CNP,CenterPoint Energy,Utilities,Multi-Utilities,37.7,38.94,26.11,37.95,37.98,38.25,37.11,34.64,0.0,3.42,38.99,37.52
CF,CF Industries,Materials,Fertilizers & Agricultural Chemicals,86.63,101.88,67.67,86.22,85.61,86.68,91.28,85.29,0.4,8.59,94.07,79.29
CRL,Charles River Laboratories,Health Care,Life Sciences Tools & Services,163.71,220.69,99.75,160.76,158.67,159.27,158.16,160.84,-0.2,6.51,174.37,144.17
SCHW,Charles Schwab Corporation,Financials,Investment Banking & Brokerage,97.24,98.69,60.96,96.12,96.2,96.58,93.91,83.05,0.0,1.31,98.51,94.65
CHTR,Charter Communications,Communication Services,Cable & Satellite,266.67,427.25,256.57,270.46,268.61,266.35,337.66,363.12,0.0,4.17,277.79,254.91
CVX,Chevron Corporation,Energy,Integrated Oil & Gas,157.36,164.65,130.67,156.5,155.06,153.16,150.14,147.28,0.4,0.57,158.26,148.07
CMG,Chipotle Mexican Grill,Consumer Discretionary,Restaurants,42.52,66.16,41.44,42.98,43.22,42.91,49.12,53.38,0.0,3.81,44.14,41.67
CB,Chubb Limited,Financials,Property & Casualty Insurance,272.0,301.45,256.04,276.52,275.43,272.03,276.5,279.64,-0.4,2.95,280.02,264.05
CHD,Church & Dwight,Consumer Staples,Household Products,92.38,112.48,90.63,94.0,93.51,92.92,95.14,101.55,0.0,3.65,95.75,90.09
CI,Cigna,Health Care,Health Care Services,300.32,361.79,262.23,302.19,298.57,286.19,300.35,306.49,0.0,5.01,315.37,257.02
CINF,Cincinnati Financial,Financials,Property & Casualty Insurance,153.59,157.35,125.84,153.78,153.03,151.53,149.15,144.14,0.2,1.71,156.22,146.84
CTAS,Cintas,Industrials,Diversified Support Services,212.99,227.2,181.05,214.66,216.61,219.89,219.5,209.79,0.4,7.21,228.35,211.44
CSCO,Cisco,Information Technology,Communications Equipment,68.39,71.79,47.21,67.4,67.66,68.45,68.1,61.78,0.2,4.8,71.67,65.24
C,Citigroup,Financials,Diversified Banks,95.72,95.74,55.59,94.35,94.35,93.54,89.53,76.11,0.0,0.86,96.54,90.55
CFG,Citizens Financial Group,Financials,Regional Banks,51.31,51.31,33.59,50.01,49.3,48.33,46.86,43.22,0.6,-0.74,50.93,45.73
CLX,Clorox,Consumer Staples,Household Products,117.67,165.31,116.82,119.69,120.54,121.93,123.08,141.14,-0.4,6.99,125.9,117.97
CME,CME Group,Financials,Financial Exchanges & Data,271.61,289.38,198.12,272.09,272.49,276.98,275.78,255.55,0.2,5.84,287.47,266.49
CMS,CMS Energy,Utilities,Multi-Utilities,72.09,74.4,63.54,72.64,72.66,72.98,71.17,69.35,0.2,3.07,74.3,71.66
KO,Coca-Cola Company (The),Consumer Staples,Soft Drinks & Non-alcoholic Beverages,68.73,73.38,59.94,69.83,69.83,69.68,69.79,67.46,0.2,3.8,71.34,68.02
CTSH,Cognizant,Information Technology,IT Consulting & Other Services,71.68,89.65,65.92,71.56,70.76,70.45,74.43,77.49,0.2,1.8,72.97,67.94
COIN,Coinbase,Financials,Financial Exchanges & Data,308.48,419.78,147.35,307.8,313.13,319.22,345.27,271.82,0.0,17.2,361.54,276.9
CL,Colgate-Palmolive,Consumer Staples,Household Products,84.14,106.38,83.06,85.29,85.26,84.78,87.15,89.44,0.0,3.07,86.72,82.85
CMCSA,Comcast,Communication Services,Cable & Satellite,33.68,43.96,31.41,33.75,33.53,32.88,34.09,35.69,0.0,2.38,34.48,31.29
CAG,Conagra Brands,Consumer Staples,Packaged Foods & Meats,18.79,30.97,18.26,19.23,19.26,19.08,19.51,23.41,0.0,5.43,19.81,18.34
COP,ConocoPhillips,Energy,Oil & Gas Exploration & Production,97.05,111.14,81.29,96.34,95.4,94.24,93.26,95.05,-0.2,0.69,97.72,90.76
ED,Consolidated Edison,Utilities,Multi-Utilities,99.72,111.42,85.77,100.92,101.27,102.28,100.85,99.03,0.2,5.46,105.16,99.41
STZ,Constellation Brands,Consumer Staples,Distillers & Vintners,158.37,252.91,158.37,164.18,166.12,167.92,167.52,186.65,-0.2,10.1,174.37,161.48
CEG,Constellation Energy,Utilities,Electric Utilities,316.58,354.46,170.52,312.83,317.9,329.4,321.54,271.69,0.0,12.29,355.49,303.31
COO,Cooper Companies (The),Health Care,Health Care Supplies,73.66,111.23,66.91,73.78,73.74,72.17,72.27,83.94,-0.2,3.07,75.92,68.43
CPRT,Copart,Industrials,Diversified Support Services,48.65,63.84,45.33,48.26,47.8,47.04,47.34,54.98,0.0,0.74,49.01,45.07
GLW,Corning Inc.,Information Technology,Electronic Components,67.4,67.4,38.85,65.89,65.64,64.81,57.76,50.02,0.2,0.15,67.5,62.12
CPAY,Corpay,Financials,Transaction & Payment Processing Services,325.17,389.55,283.07,322.59,320.46,317.53,325.17,343.25,0.0,2.39,332.94,302.12
CTVA,Corteva,Materials,Fertilizers & Agricultural Chemicals,73.94,77.12,54.68,73.37,72.75,72.18,73.36,64.89,0.4,-0.07,73.89,70.47
CSGP,CoStar Group,Real Estate,Real Estate Services,89.37,96.83,69.29,89.54,89.0,91.83,87.38,79.18,-0.2,10.33,98.6,85.05
COST,Costco,Consumer Staples,Consumer Staples Merchandise Retail,941.34,1073.97,869.13,961.14,969.22,965.76,967.44,972.63,0.0,6.69,1004.32,927.2
CTRA,Coterra,Energy,Oil & Gas Exploration & Production,23.9,29.06,21.86,23.65,23.67,23.76,24.42,25.42,0.0,1.97,24.37,23.14
CRWD,CrowdStrike,Information Technology,Systems Software,417.6,514.1,246.39,418.04,422.0,432.22,464.09,407.4,0.2,10.38,460.95,403.49
CCI,Crown Castle,Real Estate,Telecom Tower REITs,101.39,115.16,82.06,102.76,102.13,103.73,103.92,97.69,0.2,6.28,107.76,99.69
CSX,CSX Corporation,Industrials,Rail Transportation,32.41,36.52,26.58,34.33,35.29,35.38,34.32,32.22,0.0,15.58,37.46,33.3
CMI,Cummins,Industrials,Construction Machinery & Heavy Transportation Equipment,398.46,404.74,264.26,396.68,398.84,386.69,356.28,340.64,0.2,4.81,417.63,355.75
CVS,CVS Health,Health Care,Health Care Services,71.55,71.55,42.33,71.26,69.87,66.67,65.32,60.31,0.2,3.28,73.9,59.44
DHR,Danaher Corporation,Health Care,Life Sciences Tools & Services,206.25,276.83,174.36,208.22,209.26,204.35,200.92,210.15,-0.2,4.57,215.68,193.03
DRI,Darden Restaurants,Consumer Discretionary,Restaurants,205.98,224.21,149.42,206.77,206.74,205.27,209.97,194.45,0.4,1.6,209.28,201.25
DDOG,Datadog,Information Technology,Application Software,126.31,168.65,87.0,128.7,128.21,132.03,136.2,127.5,0.4,13.56,143.44,120.62
DVA,DaVita,Health Care,Health Care Services,138.68,177.35,127.69,138.27,136.58,135.77,139.57,148.75,0.0,4.49,144.91,126.63
DAY,Dayforce,Industrials,Human Resource & Employment Services,69.57,81.8,49.33,68.93,63.65,58.78,57.78,63.39,-0.2,5.1,73.12,44.44
DECK,Deckers Brands,Consumer Discretionary,Footwear,113.69,223.11,95.32,108.91,106.9,105.68,104.72,140.79,0.0,-0.99,112.56,98.8
DE,Deere & Company,Industrials,Agricultural & Farm Machinery,487.76,529.8,370.76,490.23,491.29,500.24,506.98,472.77,0.0,7.28,523.27,477.19
DELL,Dell Technologies,Information Technology,"Technology Hardware, Storage & Peripherals",130.99,142.14,70.88,129.83,133.88,133.63,127.93,112.66,0.0,8.66,142.33,124.94
DAL,Delta Air Lines,Industrials,Passenger Airlines,61.15,68.45,35.65,60.03,60.03,56.84,54.02,54.7,0.0,4.48,63.89,49.8
DVN,Devon Energy,Energy,Oil & Gas Exploration & Production,35.23,43.73,26.61,34.77,34.21,33.49,33.33,33.67,-0.2,0.74,35.49,31.49
DXCM,Dexcom,Health Care,Health Care Equipment,76.12,90.75,59.83,79.33,79.92,79.49,82.58,79.82,0.4,12.44,85.59,73.38
FANG,Diamondback Energy,Energy,Oil & Gas Exploration & Production,143.96,194.36,117.58,141.68,140.68,141.93,141.95,150.04,0.0,3.74,149.34,134.51
DLR,Digital Realty,Real Estate,Data Center REITs,167.92,191.46,135.17,165.99,166.32,169.15,172.31,167.24,0.2,4.98,176.28,162.0
DG,Dollar General,Consumer Staples,Consumer Staples Merchandise Retail,110.5,121.87,67.66,112.52,113.09,112.34,111.95,89.71,0.0,7.21,118.47,106.2
DLTR,Dollar Tree,Consumer Staples,Consumer Staples Merchandise Retail,111.98,117.16,61.21,112.61,113.11,114.15,109.02,83.69,0.2,4.66,117.2,111.09
D,Dominion Energy,Utilities,Multi-Utilities,59.82,62.1,49.07,60.94,61.08,60.87,58.43,55.23,-0.2,5.15,62.9,58.84
DPZ,Domino's,Consumer Discretionary,Restaurants,451.22,495.6,397.58,450.52,450.08,451.43,457.97,455.81,0.4,4.41,471.12,431.74
DASH,DoorDash,Consumer Discretionary,Specialized Consumer Services,248.79,270.99,123.56,246.08,248.17,252.52,243.63,201.01,0.0,7.01,266.23,238.81
DOV,Dover Corporation,Industrials,Industrial Machinery & Supplies & Components,182.21,205.3,150.71,180.39,179.76,178.21,182.33,185.46,0.0,1.09,184.2,172.22
DOW,Dow Inc.,Materials,Commodity Chemicals,24.74,52.18,20.87,24.51,23.9,22.93,25.98,32.85,0.0,2.95,25.47,20.39
DHI,D. R. Horton,Consumer Discretionary,Homebuilding,168.37,194.88,114.44,166.65,166.16,159.07,143.73,137.14,0.4,4.18,175.41,142.75
DTE,DTE Energy,Utilities,Multi-Utilities,138.1,141.49,114.13,139.43,139.46,139.33,136.15,129.09,0.0,2.82,141.99,136.67
DUK,Duke Energy,Utilities,Electric Utilities,123.28,124.85,102.96,123.87,123.49,123.2,119.2,114.19,0.2,2.2,125.99,120.41
DD,DuPont,Materials,Specialty Chemicals,77.3,88.16,54.8,76.12,74.83,72.99,72.67,73.59,0.2,0.26,77.5,68.48
EMN,Eastman Chemical Company,Materials,Specialty Chemicals,68.29,110.6,58.79,67.76,66.98,65.26,72.66,84.73,0.2,7.12,73.15,57.36
ETN,Eaton Corporation,Industrials,Electrical Components & Equipment,352.02,392.76,245.66,347.4,350.31,360.25,360.33,328.95,0.0,10.08,387.5,332.99
EBAY,eBay Inc.,Consumer Discretionary,Broadline Retail,94.64,100.77,56.78,98.08,98.93,95.28,84.49,70.94,0.2,11.67,105.68,84.88
ECL,Ecolab,Materials,Specialty Chemicals,279.22,285.47,225.1,281.97,281.62,274.72,270.41,254.51,0.4,4.07,290.58,258.85
EIX,Edison International,Utilities,Electric Utilities,54.92,84.75,47.56,54.96,55.46,54.84,52.42,59.16,-0.4,4.53,57.41,52.27
EW,Edwards Lifesciences,Health Care,Health Care Equipment,81.27,81.83,64.54,81.3,79.79,79.35,77.82,73.82,0.2,1.16,82.21,76.49
EA,Electronic Arts,Communication Services,Interactive Home Entertainment,172.23,179.01,116.21,171.85,173.12,168.26,159.18,148.51,0.2,6.64,183.67,152.85
ELV,Elevance Health,Health Care,Managed Health Care,310.03,553.55,274.66,312.04,308.09,296.03,322.23,379.44,0.2,4.59,324.26,267.79
EMR,Emerson Electric,Industrials,Electrical Components & Equipment,133.35,149.04,93.37,132.1,132.4,134.97,136.64,122.98,0.0,8.29,144.4,125.54
ENPH,Enphase Energy,Information Technology,Semiconductor Materials & Equipment,37.96,123.65,30.11,36.93,35.79,33.96,37.2,53.87,-0.2,1.82,38.65,29.26
ETR,Entergy,Utilities,Electric Utilities,89.59,91.02,57.69,89.43,89.42,89.59,85.66,80.99,0.2,1.63,91.05,88.14
EOG,EOG Resources,Energy,Oil & Gas Exploration & Production,121.3,134.72,102.81,120.14,119.4,118.52,119.61,120.65,-0.2,0.62,122.05,114.99
EPAM,EPAM Systems,Information Technology,IT Consulting & Other Services,170.28,267.63,143.33,170.12,166.05,160.38,167.21,197.13,-0.2,2.94,175.29,145.47
EQT,EQT Corporation,Energy,Oil & Gas Exploration & Production,52.71,60.26,31.49,51.98,51.73,51.83,54.57,50.9,0.4,1.27,53.38,50.28
EFX,Equifax,Industrials,Research & Consulting Services,247.6,305.2,205.11,249.43,249.18,245.02,252.23,253.42,0.0,2.77,254.46,235.58
EQIX,Equinix,Real Estate,Data Center REITs,781.79,968.75,731.64,779.82,775.94,775.8,789.69,857.57,0.0,0.97,789.37,762.23
EQR,Equity Residential,Real Estate,Multi-Family Residential REITs,64.48,75.24,61.2,64.66,64.26,63.77,65.88,68.52,0.0,1.52,65.46,62.08
ERIE,Erie Indemnity,Financials,Insurance Brokers,350.1,537.71,339.09,360.78,363.01,359.79,353.77,386.01,-0.4,5.91,370.79,348.8
ESS,Essex Property Trust,Real Estate,Multi-Family Residential REITs,264.77,308.41,252.08,264.36,261.49,259.22,274.64,282.16,0.2,1.36,268.37,250.07
EL,Estée Lauder Companies (The),Consumer Staples,Personal Care Products,89.82,99.31,49.8,88.8,90.04,90.74,87.05,72.95,0.0,5.4,94.67,86.81
EG,Everest Group,Financials,Reinsurance,338.72,400.34,324.54,343.11,339.1,334.49,335.61,347.74,-0.2,2.34,346.65,322.32
EVRG,Evergy,Utilities,Electric Utilities,71.76,72.6,56.23,71.9,71.81,71.69,69.49,65.18,0.0,2.09,73.26,70.11
ES,Eversource Energy,Utilities,Electric Utilities,64.11,66.62,53.58,65.03,65.28,65.53,65.01,60.71,0.0,4.55,67.03,64.03
EXC,Exelon,Utilities,Electric Utilities,44.42,46.54,35.25,44.7,44.67,44.62,43.54,41.67,0.0,1.96,45.29,43.96
EXE,Expand Energy,Energy,Oil & Gas Exploration & Production,96.28,120.67,68.08,95.0,94.62,96.94,103.68,102.37,0.2,6.92,102.94,90.93
EXPE,Expedia Group,Consumer Discretionary,"Hotels, Resorts & Cruise Lines",213.63,214.81,129.25,210.56,209.18,198.03,185.28,177.44,0.2,4.49,223.22,172.83
EXPD,Expeditors International,Industrials,Air Freight & Logistics,121.6,129.72,102.14,119.93,120.31,118.51,116.46,114.48,0.2,1.68,123.64,113.37
EXR,Extra Space Storage,Real Estate,Self-Storage REITs,140.56,177.29,125.24,140.43,139.04,138.68,144.82,147.73,0.2,3.1,144.92,132.43
XOM,ExxonMobil,Energy,Integrated Oil & Gas,111.49,121.0,98.11,110.45,108.59,107.75,109.33,108.11,0.2,0.76,112.34,103.16
FFIV,"F5, Inc.",Information Technology,Communications Equipment,315.57,326.47,198.85,315.7,316.99,316.72,304.41,278.67,0.2,4.05,328.35,305.09
FDS,FactSet,Financials,Financial Exchanges & Data,380.0,492.37,369.62,381.77,377.49,383.56,413.86,445.1,-0.2,6.44,404.47,362.64
FICO,Fair Isaac,Information Technology,Application Software,1420.13,2382.4,1311.26,1393.15,1369.74,1371.26,1558.4,1859.63,-0.2,3.88,1475.23,1267.23
FAST,Fastenal,Industrials,Trading Companies & Distributors,49.96,50.39,32.44,49.86,49.51,48.12,45.47,40.57,0.4,2.88,51.4,44.84
FRT,Federal Realty Investment Trust,Real Estate,Retail REITs,98.76,113.73,82.59,98.02,96.27,94.25,94.39,99.18,0.0,0.73,99.48,89.03
FDX,FedEx,Industrials,Air Freight & Logistics,231.1,300.06,196.8,230.68,230.31,227.08,229.85,244.2,-0.2,2.48,236.83,217.34
FIS,Fidelity National Information Services,Financials,Transaction & Payment Processing Services,70.0,89.62,67.79,70.43,70.64,72.44,77.38,77.58,0.0,13.76,79.63,65.25
FITB,Fifth Third Bancorp,Financials,Regional Banks,45.0,47.14,33.02,44.03,43.43,42.47,42.14,40.99,0.6,-0.38,44.83,40.11
FSLR,First Solar,Information Technology,Semiconductors,196.72,255.75,120.38,199.38,199.2,191.11,176.5,165.42,0.2,8.88,214.19,168.04
FE,FirstEnergy,Utilities,Electric Utilities,43.59,43.95,37.17,43.62,43.54,43.24,41.32,40.14,0.2,1.86,44.4,42.09
FI,Fiserv,Financials,Transaction & Payment Processing Services,137.88,237.79,132.22,138.96,137.66,136.33,152.98,191.77,0.0,2.85,141.81,130.85
F,Ford Motor Company,Consumer Discretionary,Automobile Manufacturers,11.84,11.84,8.45,11.64,11.56,11.27,11.14,10.06,0.4,0.93,11.95,10.59
FTNT,Fortinet,Information Technology,Systems Software,77.65,114.57,74.39,78.53,78.72,84.01,95.98,98.61,0.0,32.92,103.21,64.81
FTV,Fortive,Industrials,Industrial Machinery & Supplies & Components,48.51,62.46,46.55,48.43,48.27,47.95,50.51,54.73,0.0,1.98,49.47,46.43
FOXA,Fox Corporation (Class A),Communication Services,Broadcasting,59.07,59.89,38.72,59.25,58.93,57.03,56.3,52.36,0.4,3.59,61.19,52.88
FOX,Fox Corporation (Class B),Communication Services,Broadcasting,53.95,54.64,35.86,54.2,53.87,52.11,51.6,48.68,0.4,3.74,55.97,48.25
BEN,Franklin Resources,Financials,Asset Management & Custody Banks,25.29,26.03,16.43,25.02,25.2,25.03,24.44,21.03,0.0,3.2,26.1,23.97
FCX,Freeport-McMoRan,Materials,Copper,44.35,51.16,28.93,42.87,42.49,41.55,43.01,39.74,0.4,-0.32,44.21,38.88
GRMN,Garmin,Consumer Discretionary,Consumer Electronics,232.6,239.99,159.72,232.2,233.1,229.86,221.68,210.75,0.2,3.15,239.93,219.78
IT,Gartner,Information Technology,IT Consulting & Other Services,243.13,551.8,225.98,244.67,242.96,258.95,333.06,438.46,0.0,39.03,338.02,179.88
GE,GE Aerospace,Industrials,Aerospace & Defense,273.94,279.63,159.16,268.45,268.3,270.98,260.97,212.84,0.0,1.61,278.35,263.61
GEHC,GE HealthCare,Health Care,Health Care Equipment,74.09,93.69,58.69,74.18,74.05,72.76,74.0,77.75,-0.2,2.73,76.11,69.4
GEV,GE Vernova,Industrials,Heavy Electrical Equipment,625.91,664.55,181.78,609.18,615.55,635.38,580.82,417.35,-0.2,8.48,678.99,591.77
GEN,Gen Digital,Information Technology,Systems Software,30.77,32.03,23.31,31.22,31.37,30.41,30.01,28.14,0.2,6.95,32.91,27.92
GNRC,Generac,Industrials,Electrical Components & Equipment,189.32,202.85,101.92,191.49,195.53,194.87,165.07,148.88,0.2,7.82,204.12,185.6
GD,General Dynamics,Industrials,Aerospace & Defense,322.18,322.18,239.38,319.14,317.27,315.23,303.61,275.85,0.2,-0.36,321.02,309.44
GIS,General Mills,Consumer Staples,Packaged Foods & Meats,49.25,72.16,48.94,49.64,49.65,49.48,50.5,56.47,0.0,1.95,50.21,48.75
GM,General Motors,Consumer Discretionary,Automobile Manufacturers,58.8,59.72,42.35,57.75,57.03,55.04,52.82,50.4,0.2,0.99,59.38,50.7
GPC,Genuine Parts Company,Consumer Discretionary,Distributors,138.75,140.16,104.68,138.16,138.03,135.1,129.04,121.62,0.4,2.18,141.77,128.44
GILD,Gilead Sciences,Health Care,Biotechnology,114.75,120.47,74.32,115.71,117.2,115.99,112.71,103.31,0.0,6.66,122.39,109.58
GPN,Global Payments,Financials,Transaction & Payment Processing Services,88.23,118.42,67.25,87.71,87.2,84.02,81.88,93.99,0.0,3.47,91.29,76.76
GL,Globe Life,Financials,Life & Health Insurance,139.69,143.27,99.96,139.81,138.48,139.17,129.52,120.88,0.2,1.95,142.41,135.94
GDDY,GoDaddy,Information Technology,Internet Services & Infrastructure,146.25,214.35,133.35,146.32,145.32,148.07,163.04,182.3,0.0,11.84,163.57,132.57
GS,Goldman Sachs,Financials,Investment Banking & Brokerage,748.95,748.95,459.93,733.25,734.12,729.02,708.1,612.56,0.4,0.32,751.35,706.7
HAL,Halliburton,Energy,Oil & Gas Equipment & Services,21.88,31.33,19.1,21.77,21.5,21.46,21.61,24.05,-0.2,3.02,22.54,20.38
HIG,Hartford (The),Financials,Property & Casualty Insurance,132.83,134.02,105.42,133.33,132.11,129.42,125.98,119.54,0.4,2.22,135.78,123.06
HAS,Hasbro,Consumer Discretionary,Leisure Products,81.6,81.85,49.75,80.72,80.37,78.22,75.68,63.77,0.4,1.64,82.94,73.49
HCA,HCA Healthcare,Health Care,Health Care Facilities,401.96,412.92,295.46,404.83,400.03,384.38,375.14,343.74,0.4,4.74,421.01,347.75
DOC,Healthpeak Properties,Real Estate,Health Care REITs,17.53,21.82,16.53,17.49,17.29,17.07,17.48,18.62,0.0,0.8,17.67,16.47
HSIC,Henry Schein,Health Care,Health Care Distributors,69.06,81.91,62.7,68.8,68.42,67.8,70.39,71.26,0.0,2.14,70.54,65.07
HSY,Hershey Company (The),Consumer Staples,Packaged Foods & Meats,183.4,196.72,141.22,181.29,180.12,182.13,175.61,166.66,0.2,3.95,190.64,173.62
HPE,Hewlett Packard Enterprise,Information Technology,"Technology Hardware, Storage & Peripherals",22.5,24.05,12.42,22.07,21.74,21.1,20.42,19.28,0.4,1.02,22.73,19.46
HLT,Hilton Worldwide,Consumer Discretionary,"Hotels, Resorts & Cruise Lines",275.34,278.65,201.16,273.2,271.78,267.83,267.0,250.1,0.2,1.19,278.62,257.03
HOLX,Hologic,Health Care,Health Care Equipment,66.63,83.72,52.73,67.59,67.79,67.57,66.0,66.22,-0.2,3.95,69.26,65.88
HD,Home Depot (The),Consumer Discretionary,Home Improvement Retail,407.54,426.0,333.17,405.73,403.75,393.06,376.47,380.31,0.0,2.73,418.67,367.48
HON,Honeywell,Industrials,Industrial Conglomerates,222.56,239.16,180.99,220.08,218.6,218.22,225.56,217.43,0.8,0.18,222.96,213.49
HRL,Hormel Foods,Consumer Staples,Packaged Foods & Meats,28.76,32.6,27.75,28.89,28.69,28.53,29.33,29.62,0.0,1.32,29.14,27.91
HST,Host Hotels & Resorts,Real Estate,Hotel & Resort REITs,16.93,18.25,12.54,16.6,16.28,15.91,15.97,15.8,0.6,0.06,16.94,14.89
HWM,Howmet Aerospace,Industrials,Aerospace & Defense,175.92,192.01,91.19,172.67,173.23,177.67,179.79,143.51,0.0,7.03,188.29,167.05
HPQ,HP Inc.,Information Technology,"Technology Hardware, Storage & Peripherals",27.01,38.15,21.63,27.06,26.99,26.14,25.5,28.88,0.0,4.11,28.12,24.17
HUBB,Hubbell Incorporated,Industrials,Industrial Machinery & Supplies & Components,442.52,467.52,314.89,435.69,435.28,431.04,421.76,400.27,0.2,0.9,446.5,415.59
HUM,Humana,Health Care,Managed Health Care,298.87,366.52,220.41,296.01,290.52,274.33,250.62,260.19,-0.2,3.76,310.11,238.55
HBAN,Huntington Bancshares,Financials,Regional Banks,17.49,17.67,12.37,17.12,16.9,16.55,16.66,15.93,0.4,-0.29,17.44,15.66
HII,Huntington Ingalls Industries,Industrials,Aerospace & Defense,271.74,278.86,157.56,269.2,268.21,267.96,256.6,214.03,0.2,1.37,275.46,260.46
IBM,IBM,Information Technology,IT Consulting & Other Services,242.63,292.8,190.71,241.22,240.37,243.69,266.44,245.05,0.2,5.37,255.66,231.71
IEX,IDEX Corporation,Industrials,Industrial Machinery & Supplies & Components,166.0,233.54,157.53,165.48,165.85,163.14,173.17,190.62,0.0,2.51,170.17,156.12
IDXX,Idexx Laboratories,Health Care,Health Care Equipment,641.72,682.78,361.04,640.3,644.48,632.41,574.29,476.43,0.2,10.48,708.97,555.81
ITW,Illinois Tool Works,Industrials,Industrial Machinery & Supplies & Components,266.24,273.51,217.09,265.08,263.7,259.86,255.96,252.71,0.4,1.22,269.49,250.24
INCY,Incyte,Health Care,Biotechnology,84.0,86.92,55.17,85.31,85.58,81.73,74.2,69.61,0.2,7.04,89.91,73.56
IR,Ingersoll Rand,Industrials,Industrial Machinery & Supplies & Components,81.13,105.27,66.72,79.59,79.59,79.04,82.85,86.17,-0.2,3.99,84.37,73.72
PODD,Insulet Corporation,Health Care,Health Care Equipment,331.83,333.0,180.69,330.49,324.87,309.57,302.1,281.08,0.4,4.13,345.53,273.61
INTC,Intel,Information Technology,Semiconductors,24.35,27.39,18.13,24.15,24.03,22.1,22.25,21.72,0.4,7.8,26.25,17.96
ICE,Intercontinental Exchange,Financials,Financial Exchanges & Data,178.74,188.45,142.02,179.82,180.06,183.14,182.15,167.86,0.2,6.36,190.11,176.17
IFF,International Flavors & Fragrances,Materials,Specialty Chemicals,66.72,104.49,63.46,66.82,66.33,66.91,71.94,78.61,-0.2,7.54,71.75,62.08
IP,International Paper,Materials,Paper & Plastic Packaging Products & Materials,48.78,58.45,43.05,48.42,47.83,47.51,48.82,50.81,0.2,4.2,50.83,44.18
IPG,Interpublic Group of Companies (The),Communication Services,Advertising,26.72,31.12,22.6,26.85,26.51,25.65,25.1,26.0,0.0,2.96,27.51,23.78
INTU,Intuit,Information Technology,Application Software,659.54,807.39,542.39,675.21,693.34,728.29,752.3,663.06,0.2,23.82,816.64,639.95
ISRG,Intuitive Surgical,Health Care,Health Care Equipment,474.26,610.45,451.58,473.84,476.94,477.92,502.23,529.48,-0.2,3.71,491.86,463.97
IVZ,Invesco,Financials,Asset Management & Custody Banks,21.93,21.93,11.86,21.31,21.22,20.96,18.76,16.56,0.4,-0.5,21.82,20.11
INVH,Invitation Homes,Real Estate,Single-Family Residential REITs,30.68,36.03,29.76,30.77,30.57,30.45,31.71,32.28,-0.2,1.76,31.22,29.68
IQV,IQVIA,Health Care,Life Sciences Tools & Services,187.76,251.55,137.0,188.87,190.0,186.44,174.78,179.04,-0.2,4.39,196.0,176.87
IRM,Iron Mountain,Real Estate,Other Specialized REITs,91.43,125.19,76.34,91.78,91.81,92.58,97.17,97.86,-0.2,6.34,97.23,87.93
JBHT,J.B. Hunt,Industrials,Cargo Ground Transportation,144.32,195.43,123.94,144.63,144.66,143.01,145.71,155.28,0.0,2.88,148.48,137.55
JBL,Jabil,Information Technology,Electronic Manufacturing Services,208.37,230.3,100.84,207.23,210.96,216.86,217.16,166.04,0.0,11.11,231.52,202.21
JKHY,Jack Henry & Associates,Financials,Transaction & Payment Processing Services,162.08,190.67,158.52,163.28,162.08,163.93,172.92,174.37,-0.2,5.98,171.77,156.07
J,Jacobs Solutions,Industrials,Construction & Engineering,148.14,151.85,109.18,147.39,147.83,146.12,138.94,130.63,0.2,3.04,152.64,139.6
JNJ,Johnson & Johnson,Health Care,Pharmaceuticals,176.49,179.29,139.73,178.39,177.18,173.75,164.45,155.3,0.2,3.13,182.01,165.48
JCI,Johnson Controls,Industrials,Building Products,108.46,111.73,66.66,106.57,105.74,105.56,105.93,89.75,0.4,-0.54,107.87,103.24
JPM,JPMorgan Chase,Financials,Diversified Banks,298.57,299.63,199.83,294.68,293.08,292.56,289.13,258.02,0.2,0.14,298.99,286.13
K,Kellanova,Consumer Staples,Packaged Foods & Meats,79.81,82.31,77.85,79.99,80.05,80.01,79.72,80.64,-0.4,0.59,80.28,79.74
KVUE,Kenvue,Consumer Staples,Personal Care Products,20.79,24.0,19.25,21.33,21.32,21.37,21.35,21.96,-0.4,5.44,21.92,20.81
KDP,Keurig Dr Pepper,Consumer Staples,Soft Drinks & Non-alcoholic Beverages,28.95,36.99,28.95,33.11,33.96,33.86,33.55,32.85,0.0,27.43,36.89,30.83
KEY,KeyCorp,Financials,Regional Banks,19.3,19.3,13.06,18.73,18.46,18.09,17.89,16.81,0.6,-0.98,19.11,17.07
KEYS,Keysight Technologies,Information Technology,Electronic Equipment & Instruments,164.39,185.11,127.02,163.14,164.17,163.52,163.68,160.91,0.2,3.07,169.44,157.6
KMB,Kimberly-Clark,Consumer Staples,Household Products,129.81,146.03,122.21,132.06,132.57,132.55,130.42,132.58,-0.4,6.91,138.78,126.32
KIM,Kimco Realty,Real Estate,Retail REITs,22.11,24.93,18.48,21.94,21.64,21.39,21.38,21.62,-0.2,0.72,22.27,20.52
KMI,Kinder Morgan,Energy,Oil & Gas Storage & Transportation,26.62,30.24,19.94,26.64,26.62,27.01,27.4,26.96,0.0,6.16,28.26,25.77
KKR,KKR & Co.,Financials,Asset Management & Custody Banks,140.08,166.38,92.52,139.3,141.24,142.83,139.55,134.97,0.2,6.69,149.45,136.2
KLAC,KLA Corporation,Information Technology,Semiconductor Materials & Equipment,888.1,953.34,573.9,877.75,892.2,897.65,902.26,750.55,0.2,6.75,948.05,847.28
KHC,Kraft Heinz,Consumer Staples,Packaged Foods & Meats,27.7,34.7,25.61,27.67,27.67,27.57,27.2,28.56,-0.4,2.09,28.28,26.85
KR,Kroger,Consumer Staples,Food Retail,68.99,73.97,50.47,70.39,70.09,71.05,70.75,65.49,0.2,7.83,74.39,67.72
LHX,L3Harris,Industrials,Aerospace & Defense,277.66,278.26,192.63,276.37,273.78,274.11,264.44,231.19,0.2,0.88,280.1,268.11
LH,Labcorp,Health Care,Health Care Services,278.45,278.45,210.19,277.48,274.78,269.21,261.83,244.66,0.4,1.25,281.93,256.49
LRCX,Lam Research,Information Technology,Semiconductor Materials & Equipment,103.63,107.38,58.94,100.51,101.54,100.25,98.68,82.08,0.0,3.2,106.95,93.54
LW,Lamb Weston,Consumer Staples,Packaged Foods & Meats,56.41,80.72,47.73,55.85,55.23,54.54,53.47,57.91,0.0,3.37,58.31,50.78
LVS,Las Vegas Sands,Consumer Discretionary,Casinos & Gaming,56.19,56.22,30.35,54.92,54.31,53.48,49.61,44.99,0.4,-0.55,55.88,51.08
LDOS,Leidos,Industrials,Diversified Support Services,182.35,199.72,126.1,181.26,180.12,174.82,165.26,151.79,0.2,4.32,190.23,159.41
LEN,Lennar,Consumer Discretionary,Homebuilding,133.27,183.45,101.84,132.66,132.22,125.32,116.98,123.43,0.0,5.32,140.36,110.28
LII,Lennox International,Industrials,Building Products,567.63,674.16,506.5,577.96,590.58,594.18,596.45,595.78,0.2,9.55,621.84,566.53
LLY,Lilly (Eli),Health Care,Pharmaceuticals,736.03,952.73,624.28,711.66,700.28,703.61,750.72,785.45,-0.2,7.77,793.22,613.99
LIN,Linde plc,Materials,Industrial Gases,481.92,482.36,410.23,480.9,479.63,473.82,469.79,453.5,0.2,1.14,487.41,460.22
LYV,Live Nation Entertainment,Communication Services,Movies & Entertainment,166.62,166.62,92.78,164.51,162.9,157.01,151.97,139.61,0.2,2.12,170.15,143.87
LKQ,LKQ Corporation,Consumer Discretionary,Distributors,31.47,43.02,28.96,31.24,31.23,30.33,34.1,37.59,-0.2,2.51,32.26,28.41
LMT,Lockheed Martin,Industrials,Aerospace & Defense,455.46,602.16,410.74,448.52,444.18,435.17,448.0,466.37,0.2,0.09,455.87,414.49
L,Loews Corporation,Financials,Multi-line Insurance,95.9,96.7,76.27,96.18,95.71,94.14,92.1,87.34,0.4,2.25,98.06,90.22
LOW,Lowe's,Consumer Discretionary,Home Improvement Retail,258.33,278.66,209.46,258.74,256.24,245.69,231.06,238.02,0.0,4.27,269.36,222.01
LULU,Lululemon Athletica,Consumer Discretionary,"Apparel, Accessories & Luxury Goods",202.53,421.16,186.44,201.77,200.43,197.63,217.71,304.99,-0.2,2.84,208.28,186.97
LYB,LyondellBasell,Materials,Specialty Chemicals,56.6,90.95,47.21,55.85,53.94,52.39,57.1,64.03,0.2,4.01,58.87,45.91
MTB,M&T Bank,Financials,Regional Banks,200.15,217.42,155.42,196.68,194.16,190.86,193.02,188.03,0.4,-0.14,199.87,181.87
MPC,Marathon Petroleum,Energy,Oil & Gas Refining & Marketing,173.51,181.25,117.23,169.47,165.63,164.65,168.95,151.61,0.4,0.2,173.86,155.46
MKTX,MarketAxess,Financials,Financial Exchanges & Data,189.78,289.47,183.68,188.93,188.09,192.46,206.62,217.69,-0.2,10.6,209.9,175.03
MAR,Marriott International,Consumer Discretionary,"Hotels, Resorts & Cruise Lines",267.85,302.22,210.04,267.08,266.65,263.71,268.65,266.09,0.4,1.91,272.97,254.44
MMC,Marsh McLennan,Financials,Insurance Brokers,206.42,243.22,197.78,209.26,208.84,205.21,209.61,220.28,0.2,3.47,213.58,196.82
MLM,Martin Marietta Materials,Materials,Construction Materials,617.04,620.08,451.86,606.15,608.35,602.3,575.57,540.8,0.0,1.67,627.34,577.24
MAS,Masco,Industrials,Building Products,74.26,84.25,58.18,73.94,73.89,71.35,67.48,69.94,0.0,3.64,76.96,65.74
MA,Mastercard,Financials,Transaction & Payment Processing Services,591.61,598.96,463.77,593.68,588.14,577.76,565.38,547.33,0.2,1.69,601.61,553.92
MTCH,Match Group,Communication Services,Interactive Media & Services,37.3,38.74,26.87,37.12,37.69,36.43,33.86,31.84,0.2,6.35,39.67,33.18
MKC,McCormick & Company,Consumer Staples,Packaged Foods & Meats,70.33,83.73,68.41,70.82,70.21,70.15,71.91,75.11,0.0,2.13,71.83,68.47
MCD,McDonald's,Consumer Discretionary,Restaurants,312.94,319.48,276.57,313.35,310.93,307.3,299.92,299.81,0.4,1.13,316.48,298.12
MCK,McKesson Corporation,Health Care,Health Care Distributors,680.52,735.33,477.52,691.56,681.6,685.55,704.94,657.19,0.2,5.91,720.74,650.38
MDT,Medtronic,Health Care,Health Care Equipment,92.18,93.22,78.03,92.25,92.19,91.53,89.79,86.31,0.0,2.19,94.2,88.87
MRK,Merck & Co.,Health Care,Pharmaceuticals,84.99,115.53,72.74,85.68,84.72,82.39,81.81,87.02,-0.2,3.06,87.59,77.2
META,Meta Platforms,Communication Services,Interactive Media & Services,754.1,790.0,484.29,749.8,761.53,761.64,732.24,644.52,0.0,6.38,802.21,721.08
MET,MetLife,Financials,Life & Health Insurance,81.01,86.38,67.4,80.32,79.07,77.04,77.6,79.16,-0.2,1.0,81.82,72.26
MTD,Mettler Toledo,Health Care,Life Sciences Tools & Services,1284.77,1499.7,970.15,1298.18,1307.48,1275.58,1231.48,1215.8,0.0,5.22,1351.83,1199.34
MGM,MGM Resorts,Consumer Discretionary,Casinos & Gaming,38.51,41.99,25.79,37.44,36.88,36.16,36.34,34.23,0.4,0.18,38.58,33.73
MCHP,Microchip Technology,Information Technology,Semiconductors,67.62,79.81,34.83,67.45,66.27,65.79,69.05,58.83,0.2,3.71,70.13,61.45
MU,Micron Technology,Information Technology,Semiconductors,116.5,127.79,64.66,116.72,119.96,116.81,118.24,99.89,0.0,11.3,129.66,103.95
MSFT,Microsoft,Information Technology,Systems Software,502.04,534.76,353.33,504.53,510.85,517.65,505.88,439.57,0.0,6.91,536.73,498.56
MAA,Mid-America Apartment Communities,Real Estate,Multi-Family Residential REITs,142.62,167.59,138.38,142.21,141.42,141.37,145.92,152.56,-0.2,2.14,145.67,137.07
MRNA,Moderna,Health Care,Biotechnology,24.73,82.44,23.65,26.06,26.79,27.15,29.06,32.71,-0.2,22.6,30.32,23.97
MHK,Mohawk Industries,Consumer Discretionary,Home Furnishings,131.15,161.25,97.99,128.93,128.91,124.26,115.28,116.99,0.0,3.19,135.33,113.19
MOH,Molina Healthcare,Health Care,Managed Health Care,174.78,360.77,152.31,174.16,170.22,163.19,207.4,282.38,-0.2,2.7,179.5,146.89
TAP,Molson Coors Beverage Company,Consumer Staples,Brewers,50.33,62.37,47.24,51.56,51.48,50.53,49.87,55.27,0.0,5.25,52.97,48.1
MDLZ,Mondelez International,Consumer Staples,Packaged Foods & Meats,62.05,73.6,55.34,62.71,62.38,62.63,66.03,63.67,0.4,4.22,64.67,60.58
MPWR,Monolithic Power Systems,Information Technology,Semiconductors,850.64,937.7,454.23,835.9,841.17,815.93,761.27,655.3,0.2,4.87,892.07,739.8
MNST,Monster Beverage,Consumer Staples,Soft Drinks & Non-alcoholic Beverages,62.12,64.69,46.16,63.2,63.71,62.4,61.68,57.02,0.0,7.18,66.58,58.22
MCO,Moody's Corporation,Financials,Financial Exchanges & Data,511.39,524.53,395.22,512.36,514.01,513.53,502.33,479.74,0.0,2.15,522.38,504.68
MS,Morgan Stanley,Financials,Investment Banking & Brokerage,148.97,148.97,93.79,146.56,146.25,144.32,141.08,128.34,0.2,0.7,150.01,138.63
MOS,Mosaic Company (The),Materials,Fertilizers & Agricultural Chemicals,33.3,37.81,22.62,32.81,32.54,33.12,35.07,29.52,0.2,9.16,36.35,29.89
MSI,Motorola Solutions,Information Technology,Communications Equipment,455.62,500.78,393.68,460.55,461.65,453.75,432.64,441.26,-0.2,4.69,476.99,430.5
MSCI,MSCI Inc.,Financials,Financial Exchanges & Data,571.43,630.0,503.37,572.3,567.19,560.1,562.0,570.07,-0.2,1.55,580.29,539.89
NDAQ,"Nasdaq, Inc.",Financials,Financial Exchanges & Data,94.9,96.94,66.19,94.49,94.62,95.49,91.89,81.79,0.0,2.75,97.51,93.47
NTAP,NetApp,Information Technology,"Technology Hardware, Storage & Peripherals",109.41,130.49,75.73,109.43,109.3,106.76,105.91,106.17,-0.2,2.95,112.64,100.88
NFLX,Netflix,Communication Services,Movies & Entertainment,1226.09,1339.13,665.77,1213.78,1220.21,1201.86,1229.98,1047.76,0.2,2.49,1256.62,1147.05
NEM,Newmont,Materials,Gold,72.43,72.43,36.61,70.68,69.61,67.98,62.97,50.08,0.2,1.5,73.52,62.44
NWSA,News Corp (Class A),Communication Services,Publishing,29.73,30.5,23.97,29.94,29.8,29.43,29.37,28.25,0.4,2.32,30.42,28.44
NWS,News Corp (Class B),Communication Services,Publishing,34.29,35.17,26.94,34.57,34.41,33.9,33.83,32.09,0.4,2.36,35.1,32.7
NEE,NextEra Energy,Utilities,Multi-Utilities,74.84,83.49,63.6,75.75,75.09,73.25,73.13,70.97,0.4,3.75,77.65,68.84
NKE,"Nike, Inc.",Consumer Discretionary,"Apparel, Accessories & Luxury Goods",78.65,87.95,52.92,77.73,77.35,76.08,72.92,69.89,0.4,0.66,79.17,73.0
NI,NiSource,Utilities,Multi-Utilities,42.38,43.33,31.69,42.56,42.4,42.42,40.98,38.52,0.0,1.86,43.17,41.68
NDSN,Nordson Corporation,Industrials,Industrial Machinery & Supplies & Components,226.35,261.43,166.9,222.55,219.66,216.14,216.92,213.75,0.6,0.13,226.64,205.63
NSC,Norfolk Southern,Industrials,Rail Transportation,276.67,285.53,204.09,281.7,281.89,280.3,270.04,247.61,-0.2,3.53,286.44,274.16
NTRS,Northern Trust,Financials,Asset Management & Custody Banks,131.87,132.06,83.86,129.55,128.26,127.67,125.72,108.35,0.4,-0.05,131.8,123.54
NOC,Northrop Grumman,Industrials,Aerospace & Defense,593.02,597.21,429.46,592.39,588.28,585.86,545.06,497.31,0.2,0.75,597.47,574.24
NCLH,Norwegian Cruise Line Holdings,Consumer Discretionary,"Hotels, Resorts & Cruise Lines",24.76,29.07,15.5,24.33,24.41,24.46,22.74,22.59,0.2,3.39,25.6,23.32
NRG,NRG Energy,Utilities,Independent Power Producers & Energy Traders,146.23,173.91,75.33,146.03,148.64,154.79,154.24,119.4,0.2,18.26,172.93,136.65
NUE,Nucor,Materials,Steel,147.95,165.5,102.79,146.43,145.83,142.69,138.66,129.05,0.4,1.49,150.15,135.23
NVDA,Nvidia,Information Technology,Semiconductors,181.77,183.16,94.3,177.99,179.17,179.44,168.49,138.27,-0.2,1.71,184.88,174.02
NVR,"NVR, Inc.",Consumer Discretionary,Homebuilding,8068.25,9924.4,6700.0,8078.73,8152.25,7977.94,7690.05,7742.48,-0.2,4.01,8391.79,7564.25
NXPI,NXP Semiconductors,Information Technology,Semiconductors,237.82,252.0,152.79,232.4,231.41,221.17,222.07,210.04,0.4,2.5,243.77,198.58
ORLY,O’Reilly Automotive,Consumer Discretionary,Automotive Retail,103.18,104.44,73.94,102.97,102.5,102.11,96.03,89.5,0.2,2.03,105.27,98.94
OXY,Occidental Petroleum,Energy,Oil & Gas Exploration & Production,46.04,56.27,35.91,45.42,44.94,44.27,44.21,45.51,-0.2,0.39,46.22,42.32
ODFL,Old Dominion,Industrials,Cargo Ground Transportation,154.48,230.8,141.85,153.81,153.0,149.55,158.16,174.64,0.0,2.52,158.37,140.74
OMC,Omnicom Group,Communication Services,Advertising,77.91,102.78,69.22,78.39,77.4,74.98,73.69,80.24,0.0,2.96,80.22,69.74
ON,ON Semiconductor,Information Technology,Semiconductors,50.99,77.87,31.95,50.41,50.7,50.64,54.2,52.36,0.4,11.67,56.94,44.33
OKE,Oneok,Energy,Oil & Gas Storage & Transportation,74.42,112.93,73.04,74.28,74.2,75.58,78.4,89.5,-0.2,8.2,80.52,70.64
ORCL,Oracle Corporation,Information Technology,Application Software,234.21,256.43,122.56,234.84,239.53,245.74,235.61,180.97,0.0,11.64,261.47,230.0
OTIS,Otis Worldwide,Industrials,Industrial Machinery & Supplies & Components,87.63,104.22,84.52,87.95,87.93,86.99,92.64,95.53,-0.2,2.17,89.53,84.46
PCAR,Paccar,Industrials,Construction Machinery & Heavy Transportation Equipment,100.25,113.98,85.82,99.6,99.41,98.36,96.87,100.14,0.0,1.14,101.39,95.33
PKG,Packaging Corporation of America,Materials,Paper & Plastic Packaging Products & Materials,211.62,244.28,174.83,209.01,202.81,198.87,198.51,206.23,0.2,0.47,212.61,185.14
PLTR,Palantir Technologies,Information Technology,Application Software,160.87,186.97,30.16,157.79,166.33,169.34,154.48,107.48,-0.2,20.2,193.37,145.32
PANW,Palo Alto Networks,Information Technology,Systems Software,184.23,208.28,152.44,184.48,180.76,176.44,189.97,187.42,0.6,2.42,188.69,164.2
PSKY,Paramount Skydance Corporation,Communication Services,Movies & Entertainment,15.84,16.03,9.8,15.56,14.79,13.26,12.94,11.61,0.4,6.94,16.94,9.58
PH,Parker Hannifin,Industrials,Industrial Machinery & Supplies & Components,761.55,762.05,515.78,748.04,745.8,735.04,715.75,665.4,0.2,0.81,767.72,702.34
PAYX,Paychex,Industrials,Human Resource & Employment Services,138.04,158.58,125.82,138.93,138.56,139.41,142.81,144.52,-0.2,4.33,144.02,134.79
PAYC,Paycom,Industrials,Human Resource & Employment Services,225.97,265.28,153.91,228.36,224.79,225.66,228.89,224.42,0.4,4.9,237.04,214.26
PYPL,PayPal,Financials,Transaction & Payment Processing Services,70.18,91.81,57.41,69.04,69.3,68.74,71.96,75.5,0.0,0.87,70.79,66.69
PNR,Pentair,Industrials,Industrial Machinery & Supplies & Components,109.17,109.17,75.76,107.04,106.85,104.77,103.87,98.16,0.4,0.75,109.99,99.55
PEP,PepsiCo,Consumer Staples,Soft Drinks & Non-alcoholic Beverages,147.0,173.24,127.06,148.91,149.46,145.77,139.93,143.26,-0.2,5.06,154.44,137.1
PFE,Pfizer,Health Care,Pharmaceuticals,24.92,28.21,20.83,25.41,25.29,24.68,24.49,24.21,0.4,4.94,26.15,23.22
PCG,PG&E Corporation,Utilities,Multi-Utilities,15.05,21.53,13.0,15.04,15.15,14.98,14.22,16.73,-0.6,5.32,15.85,14.11
PM,Philip Morris International,Consumer Staples,Tobacco,166.68,183.57,115.19,170.63,168.59,167.32,172.94,152.41,0.4,4.34,173.91,160.73
PSX,Phillips 66,Energy,Oil & Gas Refining & Marketing,129.89,135.19,91.09,127.47,124.65,122.12,123.39,118.15,0.6,-0.17,129.67,114.58
PNW,Pinnacle West Capital,Utilities,Multi-Utilities,89.96,93.78,79.36,90.95,91.35,91.55,90.33,88.86,0.0,4.6,94.1,89.0
PNC,PNC Financial Services,Financials,Diversified Banks,203.46,209.23,146.94,198.97,195.91,192.55,190.81,183.85,0.6,-0.81,201.81,183.28
POOL,Pool Corporation,Consumer Discretionary,Distributors,318.38,385.63,283.92,317.42,320.53,314.39,306.23,324.2,-0.2,3.5,329.52,299.27
PPG,PPG Industries,Materials,Specialty Chemicals,112.57,131.36,90.49,112.52,112.28,108.92,111.83,112.63,0.0,3.05,116.0,101.85
PPL,PPL Corporation,Utilities,Electric Utilities,36.52,37.24,30.73,36.75,36.76,36.45,35.38,34.11,0.2,2.27,37.35,35.55
PFG,Principal Financial Group,Financials,Life & Health Insurance,80.55,88.8,68.88,79.79,78.93,77.7,78.78,79.34,-0.2,0.27,80.77,74.63
PG,Procter & Gamble,Consumer Staples,Personal Care Products,155.97,176.3,150.47,157.81,156.67,154.59,156.22,162.73,-0.2,2.65,160.1,149.08
PGR,Progressive Corporation,Financials,Property & Casualty Insurance,246.03,291.0,234.89,248.19,248.6,246.13,250.88,260.02,0.0,2.77,252.85,239.41
PLD,Prologis,Real Estate,Industrial REITs,111.35,127.92,88.91,110.76,108.87,107.38,107.4,108.69,-0.2,0.89,112.34,102.42
PRU,Prudential Financial,Financials,Life & Health Insurance,109.38,124.75,92.74,108.54,107.01,104.23,104.12,107.98,-0.2,1.15,110.64,97.82
PEG,Public Service Enterprise Group,Utilities,Electric Utilities,83.47,92.39,76.52,83.64,84.67,86.4,84.62,82.95,0.0,8.85,90.86,81.94
PTC,PTC Inc.,Information Technology,Application Software,212.58,216.41,136.74,212.96,210.52,210.05,195.15,178.74,0.2,2.87,218.68,201.41
PSA,Public Storage,Real Estate,Self-Storage REITs,288.88,354.44,263.65,289.23,286.11,283.51,287.54,296.61,-0.2,1.43,293.01,274.02
PHM,PulteGroup,Consumer Discretionary,Homebuilding,131.13,148.13,91.82,129.53,129.34,124.15,115.36,110.6,0.4,3.68,135.96,112.33
PWR,Quanta Services,Industrials,Construction & Engineering,383.92,421.68,236.56,379.23,379.7,386.44,385.53,326.86,0.0,5.43,404.77,368.14
QCOM,Qualcomm,Information Technology,Semiconductors,159.17,175.11,123.92,156.63,157.08,153.0,155.64,154.95,0.2,2.51,163.17,142.85
DGX,Quest Diagnostics,Health Care,Health Care Services,180.36,184.4,144.81,181.47,180.64,177.02,174.87,166.72,0.4,3.33,186.37,167.67
RL,Ralph Lauren Corporation,Consumer Discretionary,"Apparel, Accessories & Luxury Goods",293.2,304.45,166.99,287.61,289.62,292.92,286.6,250.32,0.2,4.58,306.63,279.22
RJF,Raymond James Financial,Financials,Investment Banking & Brokerage,167.96,171.46,113.62,164.73,164.4,165.23,160.29,153.37,0.0,0.77,169.25,161.22
RTX,RTX Corporation,Industrials,Aerospace & Defense,159.57,159.57,112.45,157.0,155.77,155.7,150.85,131.29,0.2,-0.68,158.48,152.92
O,Realty Income,Real Estate,Retail REITs,58.13,61.73,49.83,58.95,58.58,57.79,57.33,55.07,0.2,2.87,59.8,55.79
REG,Regency Centers,Real Estate,Retail REITs,72.07,76.25,64.84,71.86,71.56,71.84,71.01,71.4,-0.4,1.91,73.45,70.23
REGN,Regeneron Pharmaceuticals,Health Care,Biotechnology,587.65,1196.63,482.34,587.74,578.97,568.1,551.84,633.14,-0.2,1.71,597.7,538.48
RF,Regions Financial Corporation,Financials,Regional Banks,27.08,27.08,18.13,26.42,26.1,25.59,24.84,23.18,0.6,-0.63,26.91,24.26
RSG,Republic Services,Industrials,Environmental & Facilities Services,234.33,257.46,196.49,234.48,233.78,233.6,239.58,230.57,0.2,1.22,237.19,230.02
RMD,ResMed,Health Care,Health Care Equipment,285.17,293.73,203.67,288.42,287.16,284.14,268.75,243.37,0.2,3.12,294.07,274.23
RVTY,Revvity,Health Care,Health Care Equipment,91.23,127.41,85.8,91.78,91.12,89.41,94.26,104.32,0.0,2.83,93.81,85.0
ROK,Rockwell Automation,Industrials,Electrical Components & Equipment,355.67,357.15,217.21,347.19,345.71,342.58,340.73,293.75,0.4,0.68,358.09,327.07
ROL,"Rollins, Inc.",Industrials,Environmental & Facilities Services,56.47,58.48,45.24,57.51,57.54,57.76,56.74,52.87,-0.2,4.34,58.92,56.6
ROP,Roper Technologies,Information Technology,Electronic Equipment & Instruments,524.45,592.1,501.26,531.81,530.1,534.51,549.41,555.9,-0.2,5.33,552.4,516.62
ROST,Ross Stores,Consumer Discretionary,Apparel Retail,148.33,155.29,122.55,147.0,147.35,145.04,136.82,140.58,-0.2,2.85,152.56,137.52
RCL,Royal Caribbean Group,Consumer Discretionary,"Hotels, Resorts & Cruise Lines",353.74,353.74,154.84,339.51,329.41,321.28,321.11,255.24,0.6,-1.37,348.89,293.66
SPGI,S&P Global,Financials,Financial Exchanges & Data,552.32,564.15,437.5,554.03,555.9,555.23,535.64,511.6,0.2,3.3,570.55,539.91
CRM,Salesforce,Information Technology,Application Software,243.74,366.29,231.66,246.44,243.5,245.18,257.67,291.08,-0.2,7.15,261.17,229.2
SBAC,SBA Communications,Real Estate,Telecom Tower REITs,218.84,244.52,189.91,221.35,219.3,220.63,227.33,218.08,0.4,4.24,228.12,213.14
SLB,Schlumberger,Energy,Oil & Gas Equipment & Services,35.32,44.61,31.68,34.75,34.02,33.57,34.5,37.48,-0.2,0.23,35.4,31.73
STX,Seagate Technology,Information Technology,"Technology Hardware, Storage & Peripherals",165.24,165.24,66.19,160.29,158.52,155.2,148.56,108.32,0.6,-0.31,164.73,145.69
SRE,Sempra,Utilities,Multi-Utilities,81.78,92.47,63.23,81.98,81.89,81.82,78.38,78.47,-0.2,1.66,83.14,80.51
NOW,ServiceNow,Information Technology,Systems Software,864.66,1170.39,721.65,879.71,875.88,889.53,949.47,972.31,0.0,10.12,952.16,826.91
SHW,Sherwin-Williams,Materials,Specialty Chemicals,366.46,397.11,312.15,367.48,366.14,356.28,347.67,352.14,0.0,3.69,379.98,332.56
SPG,Simon Property Group,Real Estate,Retail REITs,176.83,183.07,138.55,175.47,174.29,169.96,165.41,166.0,0.0,1.57,179.61,160.33
SWKS,Skyworks Solutions,Information Technology,Semiconductors,75.67,106.51,48.7,75.87,75.21,72.23,73.33,74.0,0.0,4.11,78.78,65.67
SJM,J.M. Smucker Company (The),Consumer Staples,Packaged Foods & Meats,110.58,117.29,93.48,112.27,111.78,110.21,105.25,107.62,-0.2,3.16,114.07,106.36
SW,Smurfit Westrock,Materials,Paper & Plastic Packaging Products & Materials,46.3,55.13,37.46,44.71,44.03,43.9,44.64,46.91,-0.2,0.5,46.53,41.28
SNA,Snap-on,Industrials,Industrial Machinery & Supplies & Components,329.79,364.18,264.02,327.26,326.02,322.69,319.04,328.44,-0.2,0.68,332.03,313.34
SOLV,Solventum,Health Care,Health Care Technology,72.92,84.04,60.05,72.81,72.61,72.48,73.71,72.21,0.4,1.73,74.18,70.79
SO,Southern Company,Utilities,Electric Utilities,93.09,95.24,78.98,94.05,93.81,93.93,92.49,87.46,0.0,2.26,95.19,92.67
LUV,Southwest Airlines,Industrials,Passenger Airlines,33.4,37.7,23.9,32.19,31.7,30.84,32.78,31.45,0.8,-0.93,33.09,28.59
SWK,Stanley Black & Decker,Industrials,Industrial Machinery & Supplies & Components,75.19,106.67,55.14,75.25,75.14,71.89,70.58,74.78,0.0,4.88,78.86,64.91
SBUX,Starbucks,Consumer Discretionary,Restaurants,86.63,114.25,78.61,87.78,89.9,89.95,91.7,93.5,0.0,8.88,94.32,85.59
STT,State Street Corporation,Financials,Asset Management & Custody Banks,115.82,115.82,74.79,114.09,112.9,111.76,108.66,96.89,0.6,-0.21,115.58,107.94
STLD,Steel Dynamics,Materials,Steel,131.73,152.49,106.43,129.78,128.62,126.19,129.12,128.17,0.2,1.11,133.19,119.19
STE,Steris,Health Care,Health Care Equipment,248.58,251.96,201.46,249.2,247.69,239.88,235.47,225.26,0.4,4.31,259.29,220.45
SYK,Stryker Corporation,Health Care,Health Care Equipment,394.33,403.53,336.65,391.23,386.71,384.13,387.8,378.63,0.4,1.19,399.02,369.21
SMCI,Supermicro,Information Technology,"Technology Hardware, Storage & Peripherals",44.36,61.32,18.01,43.45,44.33,48.24,48.95,39.38,0.0,35.84,60.26,36.22
SYF,Synchrony Financial,Financials,Consumer Finance,75.34,75.34,43.38,73.07,72.56,71.02,69.15,62.08,0.4,-0.48,74.98,67.06
SNPS,Synopsys,Information Technology,Application Software,596.0,645.35,380.9,599.76,608.98,617.97,573.78,510.07,0.0,8.05,643.98,591.98
SYY,Sysco,Consumer Staples,Food Distributors,79.63,82.19,67.53,79.99,80.16,80.15,78.18,74.28,0.2,2.67,81.76,78.54
TMUS,T-Mobile US,Communication Services,Wireless Telecommunication Services,251.2,271.83,190.96,254.41,254.12,248.33,238.82,241.28,-0.2,4.45,262.38,234.28
TROW,T. Rowe Price,Financials,Asset Management & Custody Banks,108.56,120.07,79.19,106.92,107.36,106.05,102.59,101.93,0.0,1.48,110.17,101.94
TTWO,Take-Two Interactive,Communication Services,Interactive Home Entertainment,230.82,243.05,147.66,229.64,231.06,227.8,232.9,211.08,0.4,2.7,237.05,218.54
TPR,"Tapestry, Inc.",Consumer Discretionary,"Apparel, Accessories & Luxury Goods",100.7,113.53,39.35,99.22,100.39,104.92,99.18,77.77,0.0,15.58,116.39,93.44
TRGP,Targa Resources,Energy,Oil & Gas Storage & Transportation,163.08,213.93,141.11,162.5,162.98,164.15,166.89,179.3,-0.2,3.23,168.35,159.96
TGT,Target Corporation,Consumer Staples,Consumer Staples Merchandise Retail,96.11,154.72,86.82,97.65,101.12,101.62,101.02,111.48,-0.2,12.18,107.82,95.43
TEL,TE Connectivity,Information Technology,Electronic Manufacturing Services,206.91,209.34,121.47,203.78,204.2,203.39,187.88,157.92,0.2,0.6,208.15,198.63
TDY,Teledyne Technologies,Information Technology,Electronic Equipment & Instruments,544.77,563.66,420.0,544.24,543.15,546.08,532.94,496.7,0.0,2.03,555.83,536.34
TER,Teradyne,Information Technology,Semiconductor Materials & Equipment,118.61,139.64,67.86,113.96,112.61,109.65,98.82,100.49,-0.2,-0.8,117.66,101.64
TSLA,"Tesla, Inc.",Consumer Discretionary,Automobile Manufacturers,351.67,479.86,205.75,336.46,335.23,327.59,322.56,329.43,0.0,0.78,354.41,300.78
TXN,Texas Instruments,Information Technology,Semiconductors,205.98,219.66,143.34,203.9,199.13,192.26,200.25,186.39,0.4,1.25,208.55,175.97
TPL,Texas Pacific Land Corporation,Energy,Oil & Gas Exploration & Production,911.04,1723.85,784.85,899.67,896.97,908.07,980.71,1225.4,-0.2,7.98,983.74,832.41
TXT,Textron,Industrials,Aerospace & Defense,81.38,91.11,60.7,80.49,80.18,78.94,80.48,76.73,0.2,0.55,81.83,76.05
TMO,Thermo Fisher Scientific,Health Care,Life Sciences Tools & Services,488.48,622.18,390.26,491.56,490.25,477.38,446.05,483.04,-0.2,3.74,506.75,448.03
TJX,TJX Companies,Consumer Discretionary,Apparel Retail,136.68,138.27,110.73,136.9,135.14,132.14,127.15,123.97,0.4,2.42,139.99,124.3
TKO,TKO Group Holdings,Communication Services,Movies & Entertainment,185.16,191.28,113.12,184.38,186.35,176.99,174.41,155.79,0.2,7.81,199.62,154.36
TTD,Trade Desk (The),Communication Services,Advertising,52.22,139.51,45.27,52.52,52.73,65.14,71.67,85.77,-0.2,88.68,98.53,31.76
TSCO,Tractor Supply,Consumer Discretionary,Other Specialty Retail,61.69,62.05,47.62,61.23,60.83,59.81,57.15,54.12,0.4,1.49,62.61,57.01
TT,Trane Technologies,Industrials,Building Products,426.19,472.54,314.52,423.7,426.3,429.34,435.31,393.22,0.2,3.22,439.91,418.76
TDG,TransDigm Group,Industrials,Aerospace & Defense,1413.34,1620.83,1225.77,1401.42,1402.14,1445.1,1496.1,1380.06,0.0,13.76,1607.82,1282.4
TRV,Travelers Companies (The),Financials,Property & Casualty Insurance,270.89,276.29,218.14,273.77,270.61,266.89,263.48,255.86,0.2,2.2,276.85,256.94
TRMB,Trimble Inc.,Information Technology,Electronic Equipment & Instruments,81.44,85.24,54.15,81.18,82.02,82.78,80.27,72.55,0.2,4.94,85.46,80.09
TFC,Truist Financial,Financials,Diversified Banks,46.36,46.42,33.92,45.29,44.92,43.95,43.51,42.11,0.4,-0.17,46.28,41.62
TYL,Tyler Technologies,Information Technology,Application Software,547.18,646.74,521.68,559.58,566.16,577.43,573.95,584.23,0.0,12.13,613.55,541.32
TSN,Tyson Foods,Consumer Staples,Packaged Foods & Meats,57.23,64.25,52.3,57.17,56.94,55.92,55.22,57.57,0.0,3.49,59.23,52.61
USB,U.S. Bancorp,Financials,Diversified Banks,48.57,51.9,36.0,47.52,46.93,45.84,45.73,44.99,0.6,-0.04,48.55,43.13
UBER,Uber,Industrials,Passenger Ground Transportation,96.53,97.48,59.93,95.29,94.06,91.72,91.37,78.3,0.2,1.16,97.65,85.8
UDR,"UDR, Inc.",Real Estate,Multi-Family Residential REITs,38.75,45.23,37.29,38.86,38.63,38.56,39.72,41.34,0.0,2.25,39.62,37.5
ULTA,Ulta Beauty,Consumer Discretionary,Other Specialty Retail,526.06,532.71,314.47,523.36,523.01,516.54,496.12,418.81,0.2,1.58,534.37,498.68
UNP,Union Pacific Corporation,Industrials,Rail Transportation,222.74,251.7,207.02,224.98,223.42,222.74,226.76,229.58,0.0,2.07,227.35,218.11
UAL,United Airlines Holdings,Industrials,Passenger Airlines,104.13,110.52,41.33,101.3,101.09,95.13,88.45,87.51,0.4,4.0,108.3,81.96
UPS,United Parcel Service,Industrials,Air Freight & Logistics,87.46,130.93,82.93,87.42,87.17,85.93,93.77,106.08,-0.2,1.62,88.88,82.97
URI,United Rentals,Industrials,Trading Companies & Distributors,943.7,943.7,549.5,921.03,919.74,895.02,828.02,735.68,0.4,1.16,954.65,835.38
UNH,UnitedHealth Group,Health Care,Managed Health Care,300.43,615.84,237.77,303.18,297.59,273.83,288.25,431.9,0.0,8.58,326.21,221.45
UHS,Universal Health Services,Health Care,Health Care Facilities,181.45,240.75,154.95,183.91,181.54,174.57,174.08,182.0,0.0,4.79,190.14,158.99
VLO,Valero Energy,Energy,Oil & Gas Refining & Marketing,146.95,153.55,102.97,144.05,140.37,137.44,140.1,129.93,0.6,-0.39,146.38,128.5
VTR,Ventas,Real Estate,Health Care REITs,67.6,69.55,56.07,68.28,67.99,68.04,65.73,63.77,0.2,2.66,69.4,66.68
VLTO,Veralto,Industrials,Environmental & Facilities Services,107.11,113.22,85.23,108.16,108.03,107.39,103.81,100.6,0.2,2.64,109.94,104.84
VRSN,Verisign,Information Technology,Internet Services & Infrastructure,269.99,305.1,175.69,269.92,268.76,268.36,278.34,242.97,0.4,1.44,273.88,262.85
VRSK,Verisk Analytics,Industrials,Research & Consulting Services,268.31,320.87,260.0,269.84,268.57,268.32,289.37,290.85,0.0,3.13,276.71,259.94
VZ,Verizon,Communication Services,Integrated Telecommunication Services,43.96,45.06,36.62,44.54,44.35,43.61,42.64,41.38,0.4,3.05,45.3,41.92
VRTX,Vertex Pharmaceuticals,Health Care,Biotechnology,387.18,516.74,366.54,392.61,392.27,402.41,436.55,456.23,0.0,20.68,467.25,337.55
VTRS,Viatris,Health Care,Pharmaceuticals,10.41,12.87,7.08,10.54,10.51,9.82,9.33,9.83,0.0,9.22,11.37,8.27
VICI,Vici Properties,Real Estate,Hotel & Resort REITs,33.45,33.93,27.46,33.26,32.91,32.97,32.91,31.05,0.2,1.08,33.81,32.13
V,Visa Inc.,Financials,Transaction & Payment Processing Services,351.18,372.65,265.57,347.53,345.54,342.33,347.48,337.47,0.6,0.49,352.9,331.76
VST,Vistra Corp.,Utilities,Electric Utilities,195.12,214.06,73.19,191.77,195.63,201.09,194.47,157.66,0.2,10.39,215.39,186.79
VMC,Vulcan Materials Company,Materials,Construction Materials,291.2,295.15,219.65,289.69,291.11,286.06,273.12,263.28,0.2,2.8,299.35,272.76
WRB,W. R. Berkley Corporation,Financials,Property & Casualty Insurance,71.05,74.57,55.33,71.89,71.52,70.7,70.53,65.66,0.2,2.46,72.8,68.6
GWW,W. W. Grainger,Industrials,Industrial Machinery & Supplies & Components,1011.96,1212.97,915.74,1008.19,994.11,978.23,1014.71,1050.07,0.0,3.42,1046.57,909.91
WAB,Wabtec,Industrials,Construction Machinery & Heavy Transportation Equipment,195.34,214.1,159.81,193.73,192.54,191.05,200.8,194.31,0.6,0.45,196.22,185.87
WBA,Walgreens Boots Alliance,Consumer Staples,Drug Retail,11.92,12.93,8.01,12.07,12.03,11.9,11.65,10.78,0.2,2.68,12.24,11.55
WMT,Walmart,Consumer Staples,Consumer Staples Merchandise Retail,96.05,104.27,74.97,97.9,99.28,100.06,97.78,94.05,0.2,9.41,105.09,95.03
DIS,Walt Disney Company (The),Communication Services,Movies & Entertainment,117.65,124.01,81.37,117.49,116.86,116.41,119.02,109.06,0.4,2.6,120.71,112.12
WBD,Warner Bros. Discovery,Communication Services,Broadcasting,11.8,13.7,6.94,11.8,11.81,12.02,11.9,10.42,0.0,13.56,13.4,10.64
WM,Waste Management,Industrials,Environmental & Facilities Services,225.25,241.26,199.11,227.19,227.15,229.62,229.09,224.3,0.2,4.96,236.42,222.81
WAT,Waters Corporation,Health Care,Life Sciences Tools & Services,296.14,417.28,277.72,296.89,295.35,290.01,312.31,355.05,0.0,2.99,304.99,275.03
WEC,WEC Energy Group,Utilities,Electric Utilities,107.16,110.37,89.51,108.01,107.95,108.47,106.28,101.97,0.0,3.04,110.42,106.52
WFC,Wells Fargo,Financials,Diversified Banks,81.51,83.83,50.45,79.36,78.62,78.41,79.29,73.97,0.4,-0.31,81.26,75.57
WELL,Welltower,Real Estate,Health Care REITs,165.84,168.94,117.06,165.62,164.19,165.54,159.18,145.23,0.2,2.36,169.75,161.33
WST,West Pharmaceutical Services,Health Care,Health Care Supplies,244.5,347.02,190.04,245.71,245.73,243.06,233.03,257.54,-0.2,2.4,250.37,235.77
WDC,Western Digital,Information Technology,"Technology Hardware, Storage & Peripherals",79.71,79.71,30.48,77.24,76.57,75.96,69.38,52.75,0.2,-0.06,79.66,72.26
WY,Weyerhaeuser,Real Estate,Timber REITs,26.17,33.15,24.49,26.26,26.19,25.81,25.94,27.73,-0.2,2.29,26.77,24.86
WSM,"Williams-Sonoma, Inc.",Consumer Discretionary,Homefurnishing Retail,197.93,215.83,126.49,199.16,201.9,199.76,181.41,175.22,0.2,6.71,211.21,188.32
WMB,Williams Companies,Energy,Oil & Gas Storage & Transportation,57.13,62.87,42.67,57.21,57.18,58.04,58.68,57.1,0.2,5.55,60.3,55.77
WTW,Willis Towers Watson,Financials,Insurance Brokers,333.99,339.25,278.22,336.51,334.28,327.91,314.12,316.05,0.0,3.51,345.71,310.11
WDAY,"Workday, Inc.",Information Technology,Application Software,222.88,279.91,210.47,224.52,225.53,224.76,231.73,248.56,-0.2,5.68,235.54,213.97
WYNN,Wynn Resorts,Consumer Discretionary,Casinos & Gaming,119.08,119.08,65.78,114.83,112.7,110.39,105.57,90.61,0.4,-1.34,117.48,103.3
XEL,Xcel Energy,Utilities,Multi-Utilities,72.54,74.26,58.14,73.23,72.88,73.05,70.62,68.57,0.0,2.4,74.28,71.82
XYL,Xylem Inc.,Industrials,Industrial Machinery & Supplies & Components,143.34,144.62,102.53,142.37,142.07,142.09,134.84,125.0,0.2,3.13,147.83,136.35
YUM,Yum! Brands,Consumer Discretionary,Restaurants,147.03,161.74,122.07,147.83,148.02,145.59,146.19,142.91,0.2,3.46,152.12,139.06
ZBRA,Zebra Technologies,Information Technology,Electronic Equipment & Instruments,320.58,421.11,213.54,315.23,318.91,321.11,318.92,327.0,-0.2,7.26,343.85,298.37
ZBH,Zimmer Biomet,Health Care,Health Care Equipment,107.54,115.11,89.98,106.54,104.77,99.92,96.11,101.84,-0.2,3.74,111.56,88.28
ZTS,Zoetis,Health Care,Pharmaceuticals,154.79,194.12,143.44,155.79,154.66,151.37,153.52,161.59,0.0,2.55,158.74,144.01
