Symbol,Company,GICS_Sector,GICS_Sub_Industry,Current_Price,52_Week_High,52_Week_Low,SMA_5,SMA_10,SMA_20,SMA_50,SMA_100,SMA_125,SMA_200
MMM,3M,Industrials,Industrial Conglomerates,156.57,163.4,120.83,155.62,155.1,152.56,151.67,146.18,146.6,142.53
AOS,A. O. Smith,Industrials,Building Products,72.38,90.29,58.25,72.43,72.55,71.58,69.2,67.2,66.98,67.81
ABT,Abbott Laboratories,Health Care,Health Care Equipment,131.59,139.95,109.57,132.1,131.24,130.74,130.81,130.74,130.68,126.12
ABBV,AbbVie,Health Care,Biotechnology,208.36,214.8,159.42,209.03,207.08,201.53,193.09,188.17,191.7,186.06
ACN,Accenture,Information Technology,IT Consulting & Other Services,255.42,394.41,236.67,255.95,252.36,251.54,275.27,289.34,295.75,319.92
ADBE,Adobe Inc.,Information Technology,Application Software,354.91,587.75,330.04,357.41,355.98,350.2,365.78,375.63,382.69,414.59
AMD,Advanced Micro Devices,Information Technology,Semiconductors,166.62,186.65,76.48,165.33,171.22,172.32,156.78,130.34,124.89,125.06
AES,AES Corporation,Utilities,Independent Power Producers & Energy Traders,13.34,19.17,9.28,13.3,13.24,13.11,12.38,11.41,11.48,11.58
AFL,Aflac,Financials,Life & Health Insurance,108.16,113.54,96.14,108.02,106.62,103.51,102.76,103.43,104.24,104.27
A,Agilent Technologies,Health Care,Life Sciences Tools & Services,118.3,153.19,96.23,119.07,119.2,117.07,117.8,113.44,114.97,123.75
APD,Air Products,Materials,Industrial Gases,293.97,336.92,242.14,294.67,292.85,290.39,288.77,279.41,282.68,292.6
ABNB,Airbnb,Consumer Discretionary,"Hotels, Resorts & Cruise Lines",126.89,163.93,99.88,127.27,126.21,126.48,132.35,128.99,129.03,131.63
AKAM,Akamai Technologies,Information Technology,Internet Services & Infrastructure,76.94,106.8,67.51,76.7,75.94,74.98,77.54,77.38,78.22,84.47
ALB,Albemarle Corporation,Materials,Specialty Chemicals,81.53,112.1,49.11,80.24,81.02,76.16,71.96,64.95,66.87,76.24
ARE,Alexandria Real Estate Equities,Real Estate,Office REITs,80.83,118.73,66.16,79.41,77.81,76.6,76.4,74.48,78.6,85.7
ALGN,Align Technology,Health Care,Health Care Supplies,141.78,262.87,127.7,144.11,144.03,143.89,173.56,174.66,173.38,190.54
ALLE,Allegion,Industrials,Building Products,171.53,172.67,116.14,169.86,169.17,167.13,156.0,145.81,142.16,138.82
LNT,Alliant Energy,Utilities,Electric Utilities,65.71,67.11,54.71,66.26,65.65,65.57,63.27,61.91,62.0,60.82
ALL,Allstate,Financials,Property & Casualty Insurance,203.18,214.76,174.74,206.19,207.27,205.53,199.47,199.22,199.91,196.71
GOOGL,Alphabet Inc. (Class A),Communication Services,Interactive Media & Services,207.14,210.52,140.36,204.16,203.47,200.02,188.08,175.06,173.0,177.71
GOOG,Alphabet Inc. (Class C),Communication Services,Interactive Media & Services,207.95,211.09,142.49,204.93,204.32,200.83,188.97,176.35,174.43,179.2
MO,Altria,Consumer Staples,Tobacco,66.45,68.6,46.28,67.29,66.58,64.9,61.37,59.51,58.81,56.1
AMZN,Amazon,Consumer Discretionary,Broadline Retail,228.71,242.52,161.38,226.25,227.73,224.63,223.06,208.88,206.93,212.5
AMCR,Amcor,Materials,Paper & Plastic Packaging Products & Materials,8.45,11.04,8.25,8.58,8.73,9.12,9.33,9.23,9.33,9.46
AEE,Ameren,Utilities,Multi-Utilities,100.84,103.59,78.91,101.4,101.3,101.46,98.64,97.64,97.8,95.3
AEP,American Electric Power,Utilities,Electric Utilities,112.63,115.08,87.57,113.27,112.77,112.65,107.56,105.23,104.92,101.01
AXP,American Express,Financials,Consumer Finance,320.6,329.14,219.87,314.43,310.54,304.24,308.43,292.43,288.28,293.06
AIG,American International Group,Financials,Multi-line Insurance,82.58,87.61,68.55,82.77,81.57,79.77,81.5,81.92,82.04,78.89
AMT,American Tower,Real Estate,Telecom Tower REITs,207.45,235.86,169.77,209.94,207.32,208.08,216.39,214.9,213.58,204.08
AWK,American Water Works,Utilities,Water Utilities,143.95,153.69,116.64,145.21,144.5,143.55,141.68,142.05,141.75,136.03
AMP,Ameriprise Financial,Financials,Asset Management & Custody Banks,516.89,576.69,393.57,511.19,509.39,508.76,519.69,503.36,501.57,517.0
AME,Ametek,Industrials,Electrical Components & Equipment,186.78,197.35,144.77,185.22,184.69,183.88,181.32,175.89,176.34,179.99
AMGN,Amgen,Health Care,Biotechnology,289.58,330.26,247.06,291.84,291.17,290.56,291.01,284.85,289.45,284.22
APH,Amphenol,Information Technology,Electronic Components,109.9,112.35,56.35,109.29,109.73,108.99,103.09,91.29,86.01,80.38
ADI,Analog Devices,Information Technology,Semiconductors,255.63,257.72,157.93,250.83,242.16,233.3,235.48,219.17,217.68,216.57
AON,Aon plc,Financials,Insurance Brokers,369.0,411.24,322.37,372.86,370.68,365.94,359.52,360.48,367.69,369.25
APA,APA Corporation,Energy,Oil & Gas Exploration & Production,22.12,28.02,13.18,21.42,20.93,20.06,19.46,18.01,18.3,19.64
APO,Apollo Global Management,Financials,Asset Management & Custody Banks,134.4,187.59,101.84,134.37,136.78,139.74,142.22,136.45,136.86,147.37
AAPL,Apple Inc.,Information Technology,"Technology Hardware, Storage & Peripherals",229.31,259.18,168.8,227.03,229.43,221.86,213.28,207.17,210.45,220.57
AMAT,Applied Materials,Information Technology,Semiconductor Materials & Equipment,164.51,213.48,123.04,161.87,167.26,174.89,181.9,168.11,164.67,168.38
APTV,Aptiv,Consumer Discretionary,Automotive Parts & Equipment,79.88,80.01,47.19,77.33,76.17,71.43,70.34,65.57,65.1,63.16
ACGL,Arch Capital Group,Financials,Property & Casualty Insurance,90.9,110.75,82.49,92.51,91.69,89.94,89.52,90.99,91.42,92.28
ADM,Archer Daniels Midland,Consumer Staples,Agricultural Products & Services,62.82,64.38,40.22,62.36,60.78,58.37,55.59,51.32,50.36,49.88
ANET,Arista Networks,Information Technology,Communications Equipment,134.27,141.99,59.43,132.81,134.67,132.21,115.34,100.25,96.85,101.29
AJG,Arthur J. Gallagher & Co.,Financials,Insurance Brokers,300.2,350.53,272.64,302.0,298.67,292.98,305.8,318.17,321.2,312.5
AIZ,Assurant,Financials,Multi-line Insurance,214.24,227.97,174.28,214.86,213.62,205.12,196.98,196.03,198.37,203.36
T,AT&T,Communication Services,Integrated Telecommunication Services,28.56,29.65,18.64,28.96,28.87,28.35,27.93,27.53,27.33,25.64
ATO,Atmos Energy,Utilities,Gas Utilities,166.01,167.99,125.29,165.99,165.4,162.23,157.11,155.69,154.31,149.32
ADSK,Autodesk,Information Technology,Application Software,282.45,326.62,232.67,286.54,286.91,291.78,297.34,289.08,284.06,290.3
ADP,Automatic Data Processing,Industrials,Human Resource & Employment Services,303.45,328.29,262.35,305.84,304.6,304.14,304.94,305.38,304.35,301.71
AZO,AutoZone,Consumer Discretionary,Automotive Retail,4180.17,4187.39,2898.57,4143.28,4092.1,4028.8,3833.37,3764.93,3736.98,3565.08
AVB,AvalonBay Communities,Real Estate,Multi-Family Residential REITs,192.01,233.48,178.86,191.79,190.96,188.96,197.13,199.64,202.11,208.19
AVY,Avery Dennison,Materials,Paper & Plastic Packaging Products & Materials,173.22,221.17,156.18,175.81,175.86,172.55,176.24,175.19,175.94,181.3
AXON,Axon Enterprise,Industrials,Aerospace & Defense,769.02,885.92,346.71,764.64,764.27,783.28,772.38,717.87,682.78,657.9
BKR,Baker Hughes,Energy,Oil & Gas Equipment & Services,44.45,48.6,31.55,43.99,43.47,43.51,41.42,39.21,39.96,41.18
BALL,Ball Corporation,Materials,"Metal, Glass & Plastic Containers",52.66,67.39,43.35,53.05,53.36,54.29,56.38,53.82,53.4,54.21
BAC,Bank of America,Financials,Diversified Banks,50.25,50.26,32.88,49.16,48.37,47.3,47.18,44.13,43.65,44.27
BAX,Baxter International,Health Care,Health Care Equipment,24.5,39.87,21.33,24.34,24.24,23.83,27.22,28.64,29.77,30.35
BBY,Best Buy,Consumer Discretionary,Computer & Electronics Retail,73.67,99.71,54.24,73.61,73.0,70.05,69.41,68.03,69.33,75.11
TECH,Bio-Techne,Health Care,Life Sciences Tools & Services,56.79,80.52,45.87,55.78,54.89,53.92,53.23,51.47,53.28,60.5
BIIB,Biogen,Health Care,Biotechnology,136.72,206.7,110.04,138.1,137.4,133.52,130.95,127.41,130.19,137.9
BLK,BlackRock,Financials,Asset Management & Custody Banks,1139.8,1171.89,769.66,1135.66,1139.81,1129.11,1090.41,1009.9,996.53,1000.54
BX,Blackstone Inc.,Financials,Asset Management & Custody Banks,171.43,196.67,114.16,167.87,169.88,170.11,162.03,148.51,147.78,157.59
XYZ,"Block, Inc.",Financials,Transaction & Payment Processing Services,78.78,99.26,44.27,77.05,76.51,75.97,72.36,64.64,63.51,72.31
BK,BNY Mellon,Financials,Asset Management & Custody Banks,104.59,104.76,64.0,102.66,102.24,102.12,97.21,90.23,88.83,85.58
BA,Boeing,Industrials,Aerospace & Defense,234.83,242.69,128.88,228.38,230.11,227.9,222.16,204.55,197.12,186.15
BKNG,Booking Holdings,Consumer Discretionary,"Hotels, Resorts & Cruise Lines",5705.68,5839.41,3680.94,5696.13,5598.37,5531.05,5585.41,5322.81,5188.05,5103.52
BSX,Boston Scientific,Health Care,Health Care Equipment,106.39,108.94,78.53,105.79,104.56,104.44,104.23,102.48,102.05,99.49
BMY,Bristol Myers Squibb,Health Care,Pharmaceuticals,47.21,61.84,42.96,47.79,47.96,46.65,46.91,47.68,49.88,52.07
AVGO,Broadcom,Information Technology,Semiconductors,298.01,317.35,133.38,293.4,299.43,299.85,284.14,247.05,234.78,224.42
BR,Broadridge Financial Solutions,Industrials,Data Processing & Outsourced Services,257.29,271.91,203.77,259.77,260.33,259.06,248.15,242.16,240.75,236.8
BRO,Brown & Brown,Financials,Insurance Brokers,96.05,125.31,90.24,96.52,96.08,94.38,101.49,106.88,109.45,108.49
BLDR,Builders FirstSource,Industrials,Building Products,142.67,203.14,102.6,139.0,138.91,134.7,128.66,121.86,123.53,138.2
BG,Bunge Global,Consumer Staples,Agricultural Products & Services,84.93,98.35,65.6,85.19,83.07,81.8,79.52,78.1,77.12,77.44
BXP,"BXP, Inc.",Real Estate,Office REITs,69.48,86.38,53.45,68.28,66.96,65.93,68.07,66.52,66.42,68.81
CHRW,C.H. Robinson,Industrials,Air Freight & Logistics,126.9,127.34,84.13,124.47,123.29,118.92,106.02,99.38,99.35,100.8
CDNS,Cadence Design Systems,Information Technology,Application Software,344.03,376.45,221.56,346.37,348.29,353.51,330.6,310.36,298.65,299.23
CZR,Caesars Entertainment,Consumer Discretionary,Casinos & Gaming,26.14,45.93,21.4,25.97,25.74,25.49,27.74,27.4,27.57,30.75
CPT,Camden Property Trust,Real Estate,Multi-Family Residential REITs,109.2,124.31,101.41,108.79,107.78,107.37,111.22,112.68,114.01,114.48
CPB,Campbell's Company (The),Consumer Staples,Packaged Foods & Meats,31.97,50.77,29.39,32.52,32.51,32.43,31.8,33.55,34.55,36.7
COF,Capital One,Financials,Consumer Finance,224.92,231.82,129.97,218.79,217.71,214.26,212.97,197.75,193.52,191.62
CAH,Cardinal Health,Health Care,Health Care Distributors,147.49,168.44,104.89,149.23,149.29,152.51,158.21,151.65,147.3,137.76
KMX,CarMax,Consumer Discretionary,Automotive Retail,59.67,91.25,54.53,59.06,58.76,57.4,62.15,64.48,66.71,72.71
CCL,Carnival,Consumer Discretionary,"Hotels, Resorts & Cruise Lines",31.87,31.91,15.07,30.59,30.31,29.8,28.72,24.72,23.94,24.51
CARR,Carrier Global,Industrials,Building Products,66.48,82.31,53.89,66.42,66.38,66.48,71.42,69.18,68.38,68.86
CAT,Caterpillar Inc.,Industrials,Construction Machinery & Heavy Transportation Equipment,431.26,441.15,265.05,427.54,420.54,422.84,407.12,365.75,359.61,364.62
CBOE,Cboe Global Markets,Financials,Financial Exchanges & Data,242.76,255.27,186.22,247.89,246.83,247.52,239.43,230.19,227.25,217.56
CBRE,CBRE Group,Real Estate,Real Estate Services,163.42,165.41,108.45,162.55,160.77,158.13,147.57,135.9,135.08,135.58
CDW,CDW Corporation,Information Technology,Technology Distributors,163.67,228.16,136.33,165.27,165.4,166.14,172.93,170.51,169.83,174.75
COR,Cencora,Health Care,Health Care Distributors,289.7,308.18,216.84,295.5,294.02,290.71,292.76,289.49,284.02,267.67
CNC,Centene Corporation,Health Care,Managed Health Care,28.66,80.59,25.08,29.07,28.62,27.18,34.25,46.85,49.33,53.46
CNP,CenterPoint Energy,Utilities,Multi-Utilities,37.7,39.16,25.67,37.95,37.98,38.25,37.11,37.01,36.55,34.64
CF,CF Industries,Materials,Fertilizers & Agricultural Chemicals,86.63,103.84,66.56,86.22,85.61,86.68,91.28,86.89,84.82,85.29
CRL,Charles River Laboratories,Health Care,Life Sciences Tools & Services,163.71,230.02,91.86,160.76,158.67,159.27,158.16,143.92,148.14,160.84
SCHW,Charles Schwab Corporation,Financials,Investment Banking & Brokerage,97.24,99.42,60.38,96.12,96.2,96.58,93.91,88.18,85.89,83.05
CHTR,Charter Communications,Communication Services,Cable & Satellite,266.67,437.06,254.67,270.46,268.61,266.35,337.66,359.53,360.94,363.12
CVX,Chevron Corporation,Energy,Integrated Oil & Gas,157.36,165.09,129.01,156.5,155.06,153.16,150.14,143.27,145.9,147.28
CMG,Chipotle Mexican Grill,Consumer Discretionary,Restaurants,42.52,66.74,41.18,42.98,43.22,42.91,49.12,49.69,49.88,53.38
CB,Chubb Limited,Financials,Property & Casualty Insurance,272.0,305.88,250.52,276.52,275.43,272.03,276.5,281.64,283.47,279.64
CHD,Church & Dwight,Consumer Staples,Household Products,92.38,115.72,90.22,94.0,93.51,92.92,95.14,96.68,99.08,101.55
CI,Cigna,Health Care,Health Care Services,300.32,365.71,256.89,302.19,298.57,286.19,300.35,310.84,311.98,306.49
CINF,Cincinnati Financial,Financials,Property & Casualty Insurance,153.59,158.92,122.28,153.78,153.03,151.53,149.15,145.37,144.96,144.14
CTAS,Cintas,Industrials,Diversified Support Services,212.99,228.77,179.74,214.66,216.61,219.89,219.5,216.61,213.13,209.79
CSCO,Cisco,Information Technology,Communications Equipment,68.39,72.55,46.57,67.4,67.66,68.45,68.1,64.0,63.4,61.78
C,Citigroup,Financials,Diversified Banks,95.72,96.28,54.51,94.35,94.35,93.54,89.53,79.73,77.93,76.11
CFG,Citizens Financial Group,Financials,Regional Banks,51.31,51.4,31.96,50.01,49.3,48.33,46.86,42.51,42.2,43.22
CLX,Clorox,Consumer Staples,Household Products,117.67,166.9,116.17,119.69,120.54,121.93,123.08,128.37,131.72,141.14
CME,CME Group,Financials,Financial Exchanges & Data,271.61,289.46,197.54,272.09,272.49,276.98,275.78,273.45,270.47,255.55
CMS,CMS Energy,Utilities,Multi-Utilities,72.09,75.33,62.54,72.64,72.66,72.98,71.17,70.95,71.18,69.35
KO,Coca-Cola Company (The),Consumer Staples,Soft Drinks & Non-alcoholic Beverages,68.73,73.85,59.75,69.83,69.83,69.68,69.79,70.4,70.24,67.46
CTSH,Cognizant,Information Technology,IT Consulting & Other Services,71.68,89.77,64.98,71.56,70.76,70.45,74.43,75.15,75.99,77.49
COIN,Coinbase,Financials,Financial Exchanges & Data,308.48,444.65,142.58,307.8,313.13,319.22,345.27,281.95,264.38,271.82
CL,Colgate-Palmolive,Consumer Staples,Household Products,84.14,106.9,82.4,85.29,85.26,84.78,87.15,89.11,89.48,89.44
CMCSA,Comcast,Communication Services,Cable & Satellite,33.68,44.12,31.03,33.75,33.53,32.88,34.09,34.11,34.41,35.69
CAG,Conagra Brands,Consumer Staples,Packaged Foods & Meats,18.79,31.36,18.18,19.23,19.26,19.08,19.51,21.37,22.15,23.41
COP,ConocoPhillips,Energy,Oil & Gas Exploration & Production,97.05,112.56,78.56,96.34,95.4,94.24,93.26,90.51,91.79,95.05
ED,Consolidated Edison,Utilities,Multi-Utilities,99.72,112.97,85.07,100.92,101.27,102.28,100.85,103.16,103.32,99.03
STZ,Constellation Brands,Consumer Staples,Distillers & Vintners,158.37,255.51,156.2,164.18,166.12,167.92,167.52,174.39,175.25,186.65
CEG,Constellation Energy,Utilities,Electric Utilities,316.58,356.57,160.94,312.83,317.9,329.4,321.54,288.96,274.76,271.69
COO,Cooper Companies (The),Health Care,Health Care Supplies,73.66,112.38,65.0,73.78,73.74,72.17,72.27,74.98,76.77,83.94
CPRT,Copart,Industrials,Diversified Support Services,48.65,64.38,45.05,48.26,47.8,47.04,47.34,52.4,52.8,54.98
GLW,Corning Inc.,Information Technology,Electronic Components,67.4,67.68,37.1,65.89,65.64,64.81,57.76,51.76,50.76,50.02
CPAY,Corpay,Financials,Transaction & Payment Processing Services,325.17,400.81,269.02,322.59,320.46,317.53,325.17,325.15,329.82,343.25
CTVA,Corteva,Materials,Fertilizers & Agricultural Chemicals,73.94,77.41,53.27,73.37,72.75,72.18,73.36,69.24,67.65,64.89
CSGP,CoStar Group,Real Estate,Real Estate Services,89.37,97.43,68.26,89.54,89.0,91.83,87.38,82.34,81.53,79.18
COST,Costco,Consumer Staples,Consumer Staples Merchandise Retail,941.34,1075.34,862.73,961.14,969.22,965.76,967.44,981.15,974.99,972.63
CTRA,Coterra,Energy,Oil & Gas Exploration & Production,23.9,29.29,21.55,23.65,23.67,23.76,24.42,24.54,25.07,25.42
CRWD,CrowdStrike,Information Technology,Systems Software,417.6,517.98,242.25,418.04,422.0,432.22,464.09,444.34,427.75,407.4
CCI,Crown Castle,Real Estate,Telecom Tower REITs,101.39,115.8,81.93,102.76,102.13,103.73,103.92,102.01,101.28,97.69
CSX,CSX Corporation,Industrials,Rail Transportation,32.41,37.25,26.11,34.33,35.29,35.38,34.32,31.94,31.57,32.22
CMI,Cummins,Industrials,Construction Machinery & Heavy Transportation Equipment,398.46,406.31,257.24,396.68,398.84,386.69,356.28,330.32,329.94,340.64
CVS,CVS Health,Health Care,Health Care Services,71.55,72.3,42.12,71.26,69.87,66.67,65.32,64.78,64.83,60.31
DHR,Danaher Corporation,Health Care,Life Sciences Tools & Services,206.25,278.43,170.73,208.22,209.26,204.35,200.92,196.68,198.92,210.15
DRI,Darden Restaurants,Consumer Discretionary,Restaurants,205.98,226.68,149.11,206.77,206.74,205.27,209.97,206.61,204.2,194.45
DDOG,Datadog,Information Technology,Application Software,126.31,170.08,81.63,128.7,128.21,132.03,136.2,121.79,118.69,127.5
DVA,DaVita,Health Care,Health Care Services,138.68,179.6,126.07,138.27,136.58,135.77,139.57,140.66,142.07,148.75
DAY,Dayforce,Industrials,Human Resource & Employment Services,69.57,82.69,48.01,68.93,63.65,58.78,57.78,57.51,57.52,63.39
DECK,Deckers Brands,Consumer Discretionary,Footwear,113.69,223.98,93.72,108.91,106.9,105.68,104.72,108.47,111.3,140.79
DE,Deere & Company,Industrials,Agricultural & Farm Machinery,487.76,532.1,369.26,490.23,491.29,500.24,506.98,495.17,490.86,472.77
DELL,Dell Technologies,Information Technology,"Technology Hardware, Storage & Peripherals",130.99,145.54,65.56,129.83,133.88,133.63,127.93,113.23,109.57,112.66
DAL,Delta Air Lines,Industrials,Passenger Airlines,61.15,69.36,34.52,60.03,60.03,56.84,54.02,49.65,49.5,54.7
DVN,Devon Energy,Energy,Oil & Gas Exploration & Production,35.23,44.6,25.71,34.77,34.21,33.49,33.33,32.23,32.84,33.67
DXCM,Dexcom,Health Care,Health Care Equipment,76.12,93.25,57.52,79.33,79.92,79.49,82.58,80.17,79.02,79.82
FANG,Diamondback Energy,Energy,Oil & Gas Exploration & Production,143.96,195.31,112.4,141.68,140.68,141.93,141.95,138.52,140.95,150.04
DLR,Digital Realty,Real Estate,Data Center REITs,167.92,193.72,129.05,165.99,166.32,169.15,172.31,166.58,162.97,167.24
DG,Dollar General,Consumer Staples,Consumer Staples Merchandise Retail,110.5,122.16,65.67,112.52,113.09,112.34,111.95,104.15,99.28,89.71
DLTR,Dollar Tree,Consumer Staples,Consumer Staples Merchandise Retail,111.98,118.06,60.49,112.61,113.11,114.15,109.02,96.6,91.08,83.69
D,Dominion Energy,Utilities,Multi-Utilities,59.82,62.46,47.5,60.94,61.08,60.87,58.43,56.3,55.9,55.23
DPZ,Domino's,Consumer Discretionary,Restaurants,451.22,497.15,390.2,450.52,450.08,451.43,457.97,464.54,463.32,455.81
DASH,DoorDash,Consumer Discretionary,Specialized Consumer Services,248.79,278.15,122.32,246.08,248.17,252.52,243.63,219.35,213.26,201.01
DOV,Dover Corporation,Industrials,Industrial Machinery & Supplies & Components,182.21,221.09,142.63,180.39,179.76,178.21,182.33,177.37,178.41,185.46
DOW,Dow Inc.,Materials,Commodity Chemicals,24.74,52.49,20.4,24.51,23.9,22.93,25.98,27.27,28.92,32.85
DHI,D. R. Horton,Consumer Discretionary,Homebuilding,168.37,197.64,109.8,166.65,166.16,159.07,143.73,132.83,131.89,137.14
DTE,DTE Energy,Utilities,Multi-Utilities,138.1,142.05,112.71,139.43,139.46,139.33,136.15,134.91,134.52,129.09
DUK,Duke Energy,Utilities,Electric Utilities,123.28,126.75,102.41,123.87,123.49,123.2,119.2,117.91,117.58,114.19
DD,DuPont,Materials,Specialty Chemicals,77.3,88.67,53.45,76.12,74.83,72.99,72.67,68.96,70.47,73.59
EMN,Eastman Chemical Company,Materials,Specialty Chemicals,68.29,111.31,56.78,67.76,66.98,65.26,72.66,75.33,78.42,84.73
ETN,Eaton Corporation,Industrials,Electrical Components & Equipment,352.02,399.56,231.05,347.4,350.31,360.25,360.33,331.18,322.05,328.95
EBAY,eBay Inc.,Consumer Discretionary,Broadline Retail,94.64,101.15,55.62,98.08,98.93,95.28,84.49,77.14,74.92,70.94
ECL,Ecolab,Materials,Specialty Chemicals,279.22,286.04,221.08,281.97,281.62,274.72,270.41,260.93,260.1,254.51
EIX,Edison International,Utilities,Electric Utilities,54.92,85.03,46.98,54.96,55.46,54.84,52.42,53.52,53.86,59.16
EW,Edwards Lifesciences,Health Care,Health Care Equipment,81.27,83.0,64.01,81.3,79.79,79.35,77.82,76.14,75.06,73.82
EA,Electronic Arts,Communication Services,Interactive Home Entertainment,172.23,180.9,114.9,171.85,173.12,168.26,159.18,152.82,150.18,148.51
ELV,Elevance Health,Health Care,Managed Health Care,310.03,558.44,273.71,312.04,308.09,296.03,322.23,363.37,374.02,379.44
EMR,Emerson Electric,Industrials,Electrical Components & Equipment,133.35,149.68,89.31,132.1,132.4,134.97,136.64,123.86,121.59,122.98
ENPH,Enphase Energy,Information Technology,Semiconductor Materials & Equipment,37.96,130.08,29.89,36.93,35.79,33.96,37.2,42.11,45.79,53.87
ETR,Entergy,Utilities,Electric Utilities,89.59,91.79,57.35,89.43,89.42,89.59,85.66,83.73,83.59,80.99
EOG,EOG Resources,Energy,Oil & Gas Exploration & Production,121.3,135.49,100.76,120.14,119.4,118.52,119.61,115.3,116.89,120.65
EPAM,EPAM Systems,Information Technology,IT Consulting & Other Services,170.28,269.0,138.15,170.12,166.05,160.38,167.21,166.79,170.41,197.13
EQT,EQT Corporation,Energy,Oil & Gas Exploration & Production,52.71,60.83,31.05,51.98,51.73,51.83,54.57,53.65,53.05,50.9
EFX,Equifax,Industrials,Research & Consulting Services,247.6,308.07,199.6,249.43,249.18,245.02,252.23,252.95,250.88,253.42
EQIX,Equinix,Real Estate,Data Center REITs,781.79,977.63,693.42,779.82,775.94,775.8,789.69,815.4,821.08,857.57
EQR,Equity Residential,Real Estate,Multi-Family Residential REITs,64.48,76.06,58.81,64.66,64.26,63.77,65.88,66.97,67.56,68.52
ERIE,Erie Indemnity,Financials,Insurance Brokers,350.1,539.84,331.01,360.77,363.01,359.79,353.77,362.93,374.67,386.01
ESS,Essex Property Trust,Real Estate,Multi-Family Residential REITs,264.77,310.81,241.65,264.36,261.49,259.22,274.64,275.61,280.02,282.16
EL,Estée Lauder Companies (The),Consumer Staples,Personal Care Products,89.82,101.93,48.12,88.8,90.04,90.74,87.05,74.2,72.99,72.95
EG,Everest Group,Financials,Reinsurance,338.72,400.59,318.14,343.11,339.1,334.49,335.61,339.88,343.01,347.74
EVRG,Evergy,Utilities,Electric Utilities,71.76,73.29,55.96,71.9,71.81,71.69,69.49,67.69,67.34,65.18
ES,Eversource Energy,Utilities,Electric Utilities,64.11,67.15,51.64,65.03,65.28,65.53,65.01,62.93,62.38,60.71
EXC,Exelon,Utilities,Electric Utilities,44.42,47.26,34.98,44.7,44.67,44.62,43.54,43.88,43.76,41.67
EXE,Expand Energy,Energy,Oil & Gas Exploration & Production,96.28,121.47,66.93,95.0,94.62,96.94,103.68,105.78,105.12,102.37
EXPE,Expedia Group,Consumer Discretionary,"Hotels, Resorts & Cruise Lines",213.63,216.6,125.89,210.56,209.18,198.03,185.28,173.1,173.39,177.44
EXPD,Expeditors International,Industrials,Air Freight & Logistics,121.6,129.91,99.78,119.93,120.31,118.51,116.46,113.51,114.38,114.48
EXR,Extra Space Storage,Real Estate,Self-Storage REITs,140.56,178.97,119.72,140.43,139.04,138.68,144.82,144.17,144.71,147.73
XOM,ExxonMobil,Energy,Integrated Oil & Gas,111.49,121.93,96.01,110.45,108.59,107.75,109.33,106.7,107.56,108.11
FFIV,"F5, Inc.",Information Technology,Communications Equipment,315.57,334.0,197.09,315.7,316.99,316.72,304.41,288.9,285.54,278.67
FDS,FactSet,Financials,Financial Exchanges & Data,380.0,496.49,365.76,381.77,377.49,383.56,413.86,425.7,428.91,445.1
FICO,Fair Isaac,Information Technology,Application Software,1420.13,2402.52,1300.0,1393.15,1369.74,1371.26,1558.4,1722.61,1745.89,1859.63
FAST,Fastenal,Industrials,Trading Companies & Distributors,49.96,50.63,31.89,49.86,49.51,48.12,45.47,42.86,41.89,40.57
FRT,Federal Realty Investment Trust,Real Estate,Retail REITs,98.76,114.28,79.72,98.02,96.27,94.25,94.39,93.75,94.38,99.18
FDX,FedEx,Industrials,Air Freight & Logistics,231.1,303.39,193.05,230.68,230.31,227.08,229.85,222.56,226.91,244.2
FIS,Fidelity National Information Services,Financials,Transaction & Payment Processing Services,70.0,90.63,66.18,70.43,70.64,72.44,77.38,77.18,76.09,77.58
FITB,Fifth Third Bancorp,Financials,Regional Banks,45.0,47.75,31.96,44.03,43.43,42.47,42.14,39.39,39.35,40.99
FSLR,First Solar,Information Technology,Semiconductors,196.72,262.72,116.56,199.38,199.2,191.11,176.5,161.91,155.81,165.42
FE,FirstEnergy,Utilities,Electric Utilities,43.59,44.4,36.81,43.62,43.54,43.24,41.32,41.12,40.6,40.14
FI,Fiserv,Financials,Transaction & Payment Processing Services,137.88,238.59,128.22,138.96,137.66,136.33,152.98,167.62,178.27,191.77
F,Ford Motor Company,Consumer Discretionary,Automobile Manufacturers,11.84,11.87,8.21,11.64,11.56,11.27,11.14,10.52,10.32,10.06
FTNT,Fortinet,Information Technology,Systems Software,77.65,114.82,70.12,78.53,78.72,84.01,95.98,98.3,98.63,98.61
FTV,Fortive,Industrials,Industrial Machinery & Supplies & Components,48.51,62.72,45.45,48.43,48.27,47.95,50.51,51.29,52.38,54.73
FOXA,Fox Corporation (Class A),Communication Services,Broadcasting,59.07,60.24,38.53,59.25,58.93,57.03,56.3,54.15,54.23,52.36
FOX,Fox Corporation (Class B),Communication Services,Broadcasting,53.95,55.15,35.71,54.2,53.87,52.11,51.6,49.82,49.99,48.68
BEN,Franklin Resources,Financials,Asset Management & Custody Banks,25.29,26.08,16.03,25.02,25.2,25.03,24.44,22.16,21.57,21.03
FCX,Freeport-McMoRan,Materials,Copper,44.35,51.85,27.45,42.87,42.49,41.55,43.01,40.01,39.63,39.74
GRMN,Garmin,Consumer Discretionary,Consumer Electronics,232.6,244.52,159.09,232.2,233.1,229.86,221.68,208.73,210.02,210.75
IT,Gartner,Information Technology,IT Consulting & Other Services,243.13,584.01,223.65,244.67,242.96,258.95,333.06,377.39,392.41,438.46
GE,GE Aerospace,Industrials,Aerospace & Defense,273.94,281.5,158.81,268.45,268.3,270.98,260.97,237.77,230.34,212.84
GEHC,GE HealthCare,Health Care,Health Care Equipment,74.09,94.71,57.59,74.18,74.05,72.76,74.0,71.28,73.65,77.75
GEV,GE Vernova,Industrials,Heavy Electrical Equipment,625.91,677.29,172.73,609.18,615.55,635.38,580.82,491.76,456.29,417.35
GEN,Gen Digital,Information Technology,Systems Software,30.77,32.09,22.55,31.22,31.37,30.41,30.01,28.39,28.13,28.14
GNRC,Generac,Industrials,Electrical Components & Equipment,189.32,203.25,99.5,191.49,195.53,194.87,165.07,142.23,140.11,148.88
GD,General Dynamics,Industrials,Aerospace & Defense,322.18,322.78,236.67,319.14,317.27,315.23,303.61,287.75,282.61,275.85
GIS,General Mills,Consumer Staples,Packaged Foods & Meats,49.25,72.88,48.59,49.64,49.65,49.48,50.5,52.69,53.95,56.47
GM,General Motors,Consumer Discretionary,Automobile Manufacturers,58.8,60.75,41.47,57.75,57.03,55.04,52.82,49.9,49.57,50.4
GPC,Genuine Parts Company,Consumer Discretionary,Distributors,138.75,140.81,103.16,138.16,138.03,135.1,129.04,124.29,123.6,121.62
GILD,Gilead Sciences,Health Care,Biotechnology,114.75,121.83,73.54,115.71,117.2,115.99,112.71,108.9,109.3,103.31
GPN,Global Payments,Financials,Transaction & Payment Processing Services,88.23,119.03,65.72,87.71,87.2,84.02,81.88,80.15,83.69,93.99
GL,Globe Life,Financials,Life & Health Insurance,139.69,144.0,98.18,139.81,138.48,139.17,129.52,125.06,125.4,120.88
GDDY,GoDaddy,Information Technology,Internet Services & Infrastructure,146.25,216.0,132.51,146.32,145.32,148.07,163.04,171.37,172.74,182.3
GS,Goldman Sachs,Financials,Investment Banking & Brokerage,748.95,749.16,437.2,733.25,734.12,729.02,708.1,635.2,620.3,612.56
HAL,Halliburton,Energy,Oil & Gas Equipment & Services,21.88,31.9,18.56,21.77,21.5,21.46,21.61,21.09,21.85,24.05
HIG,Hartford (The),Financials,Property & Casualty Insurance,132.83,134.94,104.05,133.33,132.11,129.42,125.98,124.78,123.66,119.54
HAS,Hasbro,Consumer Discretionary,Leisure Products,81.6,82.05,48.07,80.72,80.37,78.22,75.68,68.14,66.66,63.77
HCA,HCA Healthcare,Health Care,Health Care Facilities,401.96,414.51,288.77,404.83,400.03,384.38,375.14,366.03,358.34,343.74
DOC,Healthpeak Properties,Real Estate,Health Care REITs,17.53,22.06,16.35,17.49,17.29,17.07,17.48,17.43,17.89,18.62
HSIC,Henry Schein,Health Care,Health Care Distributors,69.06,82.49,60.56,68.8,68.42,67.8,70.39,69.28,69.6,71.26
HSY,Hershey Company (The),Consumer Staples,Packaged Foods & Meats,183.4,202.98,136.73,181.29,180.12,182.13,175.61,168.7,168.86,166.66
HPE,Hewlett Packard Enterprise,Information Technology,"Technology Hardware, Storage & Peripherals",22.5,24.28,11.88,22.07,21.74,21.1,20.42,18.39,17.99,19.28
HLT,Hilton Worldwide,Consumer Discretionary,"Hotels, Resorts & Cruise Lines",275.34,279.46,195.92,273.2,271.78,267.83,267.0,251.03,248.45,250.1
HOLX,Hologic,Health Care,Health Care Equipment,66.63,84.39,51.9,67.59,67.79,67.57,66.0,62.48,62.39,66.22
HD,Home Depot (The),Consumer Discretionary,Home Improvement Retail,407.54,431.63,324.29,405.73,403.75,393.06,376.47,368.5,367.62,380.31
HON,Honeywell,Industrials,Industrial Conglomerates,222.56,240.47,177.52,220.08,218.6,218.22,225.56,218.29,216.41,217.43
HRL,Hormel Foods,Consumer Staples,Packaged Foods & Meats,28.76,32.84,27.07,28.89,28.69,28.53,29.33,29.56,29.47,29.62
HST,Host Hotels & Resorts,Real Estate,Hotel & Resort REITs,16.93,18.53,12.06,16.6,16.28,15.91,15.97,15.22,15.14,15.8
HWM,Howmet Aerospace,Industrials,Aerospace & Defense,175.92,193.13,90.47,172.67,173.23,177.67,179.79,164.92,157.9,143.51
HPQ,HP Inc.,Information Technology,"Technology Hardware, Storage & Peripherals",27.01,38.63,20.97,27.06,26.99,26.14,25.5,25.42,26.06,28.88
HUBB,Hubbell Incorporated,Industrials,Industrial Machinery & Supplies & Components,442.52,476.65,298.43,435.69,435.28,431.04,421.76,393.57,383.55,400.27
HUM,Humana,Health Care,Managed Health Care,298.87,377.69,206.87,296.01,290.52,274.33,250.62,250.14,252.41,260.19
HBAN,Huntington Bancshares,Financials,Regional Banks,17.49,17.91,11.8,17.12,16.9,16.55,16.66,15.69,15.54,15.93
HII,Huntington Ingalls Industries,Industrials,Aerospace & Defense,271.74,293.14,156.7,269.2,268.21,267.96,256.6,238.64,229.99,214.03
IBM,IBM,Information Technology,IT Consulting & Other Services,242.63,294.17,189.05,241.22,240.37,243.69,266.44,257.92,255.65,245.05
IEX,IDEX Corporation,Industrials,Industrial Machinery & Supplies & Components,166.0,235.67,152.2,165.48,165.85,163.14,173.17,174.77,176.53,190.62
IDXX,Idexx Laboratories,Health Care,Health Care Equipment,641.72,688.12,356.14,640.3,644.48,632.41,574.29,522.44,502.89,476.43
ITW,Illinois Tool Works,Industrials,Industrial Machinery & Supplies & Components,266.24,274.77,213.36,265.08,263.7,259.86,255.96,247.59,248.75,252.71
INCY,Incyte,Health Care,Biotechnology,84.0,87.24,53.56,85.31,85.58,81.73,74.2,68.27,67.7,69.61
IR,Ingersoll Rand,Industrials,Industrial Machinery & Supplies & Components,81.13,105.95,65.58,79.59,79.59,79.04,82.85,80.4,80.75,86.17
PODD,Insulet Corporation,Health Care,Health Care Equipment,331.83,334.18,180.31,330.49,324.87,309.57,302.1,293.89,287.45,281.08
INTC,Intel,Information Technology,Semiconductors,24.35,27.55,17.67,24.15,24.03,22.1,22.25,21.35,21.64,21.72
ICE,Intercontinental Exchange,Financials,Financial Exchanges & Data,178.74,189.35,141.51,179.82,180.06,183.14,182.15,175.9,175.04,167.86
IFF,International Flavors & Fragrances,Materials,Specialty Chemicals,66.72,105.18,62.33,66.82,66.33,66.91,71.94,73.59,74.65,78.61
IP,International Paper,Materials,Paper & Plastic Packaging Products & Materials,48.78,58.71,42.44,48.42,47.83,47.51,48.82,47.61,48.46,50.81
IPG,Interpublic Group of Companies (The),Communication Services,Advertising,26.72,32.2,22.2,26.85,26.51,25.65,25.1,24.58,24.93,26.0
INTU,Intuit,Information Technology,Application Software,659.54,813.7,531.0,675.21,693.34,728.29,752.3,706.24,685.44,663.06
ISRG,Intuitive Surgical,Health Care,Health Care Equipment,474.26,616.0,425.0,473.84,476.94,477.92,502.23,513.05,512.89,529.48
IVZ,Invesco,Financials,Asset Management & Custody Banks,21.93,21.95,11.33,21.31,21.22,20.96,18.76,16.34,16.14,16.56
INVH,Invitation Homes,Real Estate,Single-Family Residential REITs,30.68,36.53,29.11,30.77,30.57,30.45,31.71,32.49,32.69,32.28
IQV,IQVIA,Health Care,Life Sciences Tools & Services,187.76,252.88,134.65,188.87,190.0,186.44,174.78,161.59,165.97,179.04
IRM,Iron Mountain,Real Estate,Other Specialized REITs,91.43,127.24,71.77,91.78,91.81,92.58,97.17,94.66,92.98,97.86
JBHT,J.B. Hunt,Industrials,Cargo Ground Transportation,144.32,198.61,122.01,144.63,144.66,143.01,145.71,141.06,143.29,155.28
JBL,Jabil,Information Technology,Electronic Manufacturing Services,208.37,232.75,99.48,207.23,210.96,216.86,217.16,185.53,176.53,166.04
JKHY,Jack Henry & Associates,Financials,Transaction & Payment Processing Services,162.08,195.38,157.8,163.28,162.08,163.93,172.92,174.69,175.29,174.37
J,Jacobs Solutions,Industrials,Construction & Engineering,148.14,152.07,104.68,147.39,147.83,146.12,138.94,130.34,128.55,130.63
JNJ,Johnson & Johnson,Health Care,Pharmaceuticals,176.49,181.16,138.38,178.39,177.18,173.75,164.45,158.76,159.41,155.3
JCI,Johnson Controls,Industrials,Building Products,108.46,112.63,66.5,106.57,105.74,105.56,105.93,97.83,94.45,89.75
JPM,JPMorgan Chase,Financials,Diversified Banks,298.57,301.29,196.2,294.68,293.08,292.56,289.13,269.29,263.59,258.02
K,Kellanova,Consumer Staples,Packaged Foods & Meats,79.81,82.65,77.7,79.99,80.05,80.01,79.72,80.74,80.96,80.64
KVUE,Kenvue,Consumer Staples,Personal Care Products,20.79,24.71,19.2,21.33,21.32,21.37,21.35,22.01,22.21,21.96
KDP,Keurig Dr Pepper,Consumer Staples,Soft Drinks & Non-alcoholic Beverages,28.95,37.26,28.93,33.11,33.96,33.86,33.55,33.61,33.54,32.85
KEY,KeyCorp,Financials,Regional Banks,19.3,19.33,12.56,18.73,18.46,18.09,17.89,16.51,16.38,16.81
KEYS,Keysight Technologies,Information Technology,Electronic Equipment & Instruments,164.39,186.2,121.43,163.14,164.17,163.52,163.68,157.07,156.45,160.91
KMB,Kimberly-Clark,Consumer Staples,Household Products,129.81,149.05,121.86,132.06,132.57,132.55,130.42,132.98,134.28,132.58
KIM,Kimco Realty,Real Estate,Retail REITs,22.11,24.97,17.71,21.94,21.64,21.39,21.38,20.91,20.9,21.62
KMI,Kinder Morgan,Energy,Oil & Gas Storage & Transportation,26.62,30.49,19.68,26.64,26.62,27.01,27.4,27.12,27.07,26.96
KKR,KKR & Co.,Financials,Asset Management & Custody Banks,140.08,169.7,85.9,139.3,141.24,142.83,139.55,127.17,125.37,134.97
KLAC,KLA Corporation,Information Technology,Semiconductor Materials & Equipment,888.1,957.18,548.81,877.75,892.2,897.65,902.26,814.24,790.62,750.55
KHC,Kraft Heinz,Consumer Staples,Packaged Foods & Meats,27.7,35.08,25.44,27.67,27.67,27.57,27.2,27.46,27.95,28.56
KR,Kroger,Consumer Staples,Food Retail,68.99,74.52,49.68,70.39,70.09,71.05,70.75,69.53,68.6,65.49
LHX,L3Harris,Industrials,Aerospace & Defense,277.66,280.52,191.09,276.37,273.78,274.11,264.44,245.13,238.03,231.19
LH,Labcorp,Health Care,Health Care Services,278.45,283.47,208.77,277.48,274.78,269.21,261.83,250.84,248.73,244.66
LRCX,Lam Research,Information Technology,Semiconductor Materials & Equipment,103.63,108.02,56.18,100.51,101.54,100.25,98.68,87.52,85.19,82.08
LW,Lamb Weston,Consumer Staples,Packaged Foods & Meats,56.41,82.35,47.25,55.85,55.23,54.54,53.47,53.26,52.94,57.91
LVS,Las Vegas Sands,Consumer Discretionary,Casinos & Gaming,56.19,56.86,29.84,54.92,54.31,53.48,49.61,43.73,43.43,44.99
LDOS,Leidos,Industrials,Diversified Support Services,182.35,201.22,122.92,181.26,180.12,174.82,165.26,156.11,151.78,151.79
LEN,Lennar,Consumer Discretionary,Homebuilding,133.27,184.74,97.54,132.66,132.22,125.32,116.98,112.2,113.33,123.43
LII,Lennox International,Industrials,Building Products,567.63,689.44,497.88,577.96,590.58,594.18,596.45,576.87,577.06,595.78
LLY,Lilly (Eli),Health Care,Pharmaceuticals,736.03,965.1,622.41,711.66,700.28,703.61,750.72,761.2,778.41,785.45
LIN,Linde plc,Materials,Industrial Gases,481.92,486.38,407.35,480.9,479.63,473.82,469.79,461.7,461.19,453.5
LYV,Live Nation Entertainment,Communication Services,Movies & Entertainment,166.62,166.9,92.57,164.51,162.9,157.01,151.97,143.89,140.74,139.61
LKQ,LKQ Corporation,Consumer Discretionary,Distributors,31.47,43.77,28.65,31.24,31.23,30.33,34.1,36.92,37.78,37.59
LMT,Lockheed Martin,Industrials,Aerospace & Defense,455.46,606.41,410.11,448.52,444.18,435.17,448.0,457.36,456.45,466.37
L,Loews Corporation,Financials,Multi-line Insurance,95.9,97.41,74.95,96.18,95.71,94.14,92.1,89.61,89.18,87.34
LOW,Lowe's,Consumer Discretionary,Home Improvement Retail,258.33,281.56,204.22,258.74,256.24,245.69,231.06,226.68,227.63,238.02
LULU,Lululemon Athletica,Consumer Discretionary,"Apparel, Accessories & Luxury Goods",202.53,423.32,185.95,201.77,200.43,197.63,217.71,250.75,265.96,304.99
LYB,LyondellBasell,Materials,Specialty Chemicals,56.6,91.56,46.44,55.85,53.94,52.39,57.1,56.2,58.86,64.03
MTB,M&T Bank,Financials,Regional Banks,200.15,221.09,149.64,196.68,194.16,190.86,193.02,183.06,181.91,188.03
MPC,Marathon Petroleum,Energy,Oil & Gas Refining & Marketing,173.51,182.09,113.82,169.47,165.63,164.65,168.95,157.08,154.19,151.61
MKTX,MarketAxess,Financials,Financial Exchanges & Data,189.78,292.5,182.26,188.93,188.09,192.46,206.62,212.43,211.6,217.69
MAR,Marriott International,Consumer Discretionary,"Hotels, Resorts & Cruise Lines",267.85,305.27,204.35,267.08,266.65,263.71,268.65,258.01,256.44,266.09
MMC,Marsh McLennan,Financials,Insurance Brokers,206.42,246.94,196.27,209.26,208.84,205.21,209.61,217.71,221.09,220.28
MLM,Martin Marietta Materials,Materials,Construction Materials,617.04,630.45,441.31,606.15,608.35,602.3,575.57,551.01,536.32,540.8
MAS,Masco,Industrials,Building Products,74.26,85.23,56.02,73.94,73.89,71.35,67.48,64.85,66.07,69.94
MA,Mastercard,Financials,Transaction & Payment Processing Services,591.61,601.77,459.26,593.68,588.14,577.76,565.38,559.03,555.79,547.33
MTCH,Match Group,Communication Services,Interactive Media & Services,37.3,39.2,26.24,37.12,37.69,36.43,33.86,31.68,31.53,31.84
MKC,McCormick & Company,Consumer Staples,Packaged Foods & Meats,70.33,85.22,68.23,70.82,70.21,70.15,71.91,73.07,74.62,75.11
MCD,McDonald's,Consumer Discretionary,Restaurants,312.94,324.48,273.39,313.35,310.93,307.3,299.92,305.13,305.31,299.81
MCK,McKesson Corporation,Health Care,Health Care Distributors,680.52,737.89,462.92,691.56,681.6,685.55,704.94,703.71,693.96,657.19
MDT,Medtronic,Health Care,Health Care Equipment,92.18,94.71,77.57,92.25,92.19,91.53,89.79,86.72,87.39,86.31
MRK,Merck & Co.,Health Care,Pharmaceuticals,84.99,116.37,72.58,85.68,84.72,82.39,81.81,80.11,82.25,87.02
META,Meta Platforms,Communication Services,Interactive Media & Services,754.1,796.25,479.43,749.8,761.53,761.64,732.24,666.35,655.25,644.52
MET,MetLife,Financials,Life & Health Insurance,81.01,87.17,64.24,80.32,79.07,77.04,77.6,76.67,77.49,79.16
MTD,Mettler Toledo,Health Care,Life Sciences Tools & Services,1284.77,1521.01,946.69,1298.18,1307.48,1275.58,1231.48,1168.03,1179.38,1215.8
MGM,MGM Resorts,Consumer Discretionary,Casinos & Gaming,38.51,42.54,25.3,37.44,36.88,36.16,36.34,33.83,33.44,34.23
MCHP,Microchip Technology,Information Technology,Semiconductors,67.62,80.29,33.63,67.45,66.27,65.79,69.05,60.38,58.89,58.83
MU,Micron Technology,Information Technology,Semiconductors,116.5,129.73,61.48,116.72,119.96,116.81,118.24,102.85,100.98,99.89
MSFT,Microsoft,Information Technology,Systems Software,502.04,554.54,343.59,504.53,510.85,517.65,505.88,465.24,449.48,439.57
MAA,Mid-America Apartment Communities,Real Estate,Multi-Family Residential REITs,142.62,170.0,137.32,142.21,141.42,141.37,145.92,150.6,152.91,152.56
MRNA,Moderna,Health Care,Biotechnology,24.73,84.28,23.15,26.06,26.79,27.15,29.06,27.66,28.65,32.71
MHK,Mohawk Industries,Consumer Discretionary,Home Furnishings,131.15,164.29,96.24,128.93,128.91,124.26,115.28,109.75,110.83,116.99
MOH,Molina Healthcare,Health Care,Managed Health Care,174.78,365.23,151.95,174.16,170.22,163.19,207.4,262.46,273.25,282.38
TAP,Molson Coors Beverage Company,Consumer Staples,Brewers,50.33,64.07,46.94,51.56,51.48,50.53,49.87,52.8,54.16,55.27
MDLZ,Mondelez International,Consumer Staples,Packaged Foods & Meats,62.05,73.95,53.2,62.71,62.38,62.63,66.03,66.06,65.84,63.67
MPWR,Monolithic Power Systems,Information Technology,Semiconductors,850.64,951.76,437.93,835.9,841.17,815.93,761.27,692.14,672.87,655.3
MNST,Monster Beverage,Consumer Staples,Soft Drinks & Non-alcoholic Beverages,62.12,66.75,45.7,63.2,63.71,62.4,61.68,61.26,60.27,57.02
MCO,Moody's Corporation,Financials,Financial Exchanges & Data,511.39,528.95,377.3,512.36,514.01,513.53,502.33,480.21,477.02,479.74
MS,Morgan Stanley,Financials,Investment Banking & Brokerage,148.97,149.08,91.36,146.56,146.25,144.32,141.08,130.22,127.78,128.34
MOS,Mosaic Company (The),Materials,Fertilizers & Agricultural Chemicals,33.3,38.23,22.14,32.81,32.54,33.12,35.07,33.2,31.71,29.52
MSI,Motorola Solutions,Information Technology,Communications Equipment,455.62,503.98,387.87,460.55,461.65,453.75,432.64,425.13,424.93,441.26
MSCI,MSCI Inc.,Financials,Financial Exchanges & Data,571.43,636.39,483.67,572.3,567.19,560.1,562.0,555.3,556.61,570.07
NDAQ,"Nasdaq, Inc.",Financials,Financial Exchanges & Data,94.9,97.63,64.64,94.49,94.62,95.49,91.89,85.03,83.24,81.79
NTAP,NetApp,Information Technology,"Technology Hardware, Storage & Peripherals",109.41,133.34,71.49,109.43,109.3,106.76,105.91,99.28,97.92,106.17
NFLX,Netflix,Communication Services,Movies & Entertainment,1226.09,1341.15,660.8,1213.78,1220.21,1201.86,1229.98,1170.6,1125.0,1047.76
NEM,Newmont,Materials,Gold,72.43,72.78,36.47,70.68,69.61,67.98,62.97,57.69,55.26,50.08
NWSA,News Corp (Class A),Communication Services,Publishing,29.73,30.75,23.38,29.94,29.8,29.43,29.37,28.3,28.11,28.25
NWS,News Corp (Class B),Communication Services,Publishing,34.29,35.58,26.25,34.57,34.41,33.9,33.83,32.64,32.3,32.09
NEE,NextEra Energy,Utilities,Multi-Utilities,74.84,84.15,61.22,75.75,75.09,73.25,73.13,70.87,70.83,70.97
NKE,"Nike, Inc.",Consumer Discretionary,"Apparel, Accessories & Luxury Goods",78.65,89.11,51.93,77.73,77.35,76.08,72.92,65.93,67.04,69.89
NI,NiSource,Utilities,Multi-Utilities,42.38,43.51,31.59,42.56,42.4,42.42,40.98,39.83,39.68,38.52
NDSN,Nordson Corporation,Industrials,Industrial Machinery & Supplies & Components,226.35,263.91,164.43,222.55,219.66,216.14,216.92,206.04,205.97,213.75
NSC,Norfolk Southern,Industrials,Rail Transportation,276.67,291.69,199.43,281.7,281.89,280.3,270.04,250.19,246.88,247.61
NTRS,Northern Trust,Financials,Asset Management & Custody Banks,131.87,133.0,81.05,129.55,128.26,127.67,125.72,112.18,109.76,108.35
NOC,Northrop Grumman,Industrials,Aerospace & Defense,593.02,600.99,422.32,592.39,588.28,585.86,545.06,516.6,510.85,497.31
NCLH,Norwegian Cruise Line Holdings,Consumer Discretionary,"Hotels, Resorts & Cruise Lines",24.76,29.29,14.21,24.33,24.41,24.46,22.74,20.17,20.16,22.59
NRG,NRG Energy,Utilities,Independent Power Producers & Energy Traders,146.23,175.96,74.96,146.03,148.64,154.79,154.24,141.03,132.06,119.4
NUE,Nucor,Materials,Steel,147.95,168.24,97.18,146.43,145.83,142.69,138.66,126.43,126.69,129.05
NVDA,Nvidia,Information Technology,Semiconductors,181.77,184.48,86.61,177.99,179.17,179.44,168.49,145.11,139.11,138.27
NVR,"NVR, Inc.",Consumer Discretionary,Homebuilding,8068.25,9964.77,6562.85,8078.73,8152.25,7977.94,7690.05,7421.37,7393.78,7742.48
NXPI,NXP Semiconductors,Information Technology,Semiconductors,237.82,253.03,147.4,232.4,231.41,221.17,222.07,206.37,206.07,210.04
ORLY,O’Reilly Automotive,Consumer Discretionary,Automotive Retail,103.18,104.86,73.11,102.97,102.5,102.11,96.03,93.74,93.12,89.5
OXY,Occidental Petroleum,Energy,Oil & Gas Exploration & Production,46.04,57.35,34.59,45.42,44.94,44.27,44.21,42.54,43.51,45.51
ODFL,Old Dominion,Industrials,Cargo Ground Transportation,154.48,232.21,140.91,153.81,153.0,149.55,158.16,158.52,160.57,174.64
OMC,Omnicom Group,Communication Services,Advertising,77.91,104.25,68.37,78.39,77.4,74.98,73.69,73.63,74.97,80.24
ON,ON Semiconductor,Information Technology,Semiconductors,50.99,78.61,31.04,50.41,50.7,50.64,54.2,47.92,47.1,52.36
OKE,Oneok,Energy,Oil & Gas Storage & Transportation,74.42,113.92,72.18,74.28,74.2,75.58,78.4,80.04,82.94,89.5
ORCL,Oracle Corporation,Information Technology,Application Software,234.21,260.87,118.18,234.84,239.53,245.74,235.61,193.76,185.16,180.97
OTIS,Otis Worldwide,Industrials,Industrial Machinery & Supplies & Components,87.63,105.86,83.85,87.95,87.93,86.99,92.64,94.08,95.42,95.53
PCAR,Paccar,Industrials,Construction Machinery & Heavy Transportation Equipment,100.25,114.66,84.08,99.6,99.41,98.36,96.87,94.2,95.52,100.14
PKG,Packaging Corporation of America,Materials,Paper & Plastic Packaging Products & Materials,211.62,246.22,171.6,209.01,202.81,198.87,198.51,193.04,194.16,206.23
PLTR,Palantir Technologies,Information Technology,Application Software,160.87,190.0,29.31,157.79,166.33,169.34,154.48,134.29,124.64,107.48
PANW,Palo Alto Networks,Information Technology,Systems Software,184.23,210.39,144.15,184.48,180.76,176.44,189.97,186.51,185.41,187.42
PSKY,Paramount Skydance Corporation,Communication Services,Movies & Entertainment,15.84,17.53,9.78,15.56,14.79,13.26,12.94,12.24,12.11,11.61
PH,Parker Hannifin,Industrials,Industrial Machinery & Supplies & Components,761.55,763.99,487.08,748.04,745.8,735.04,715.75,669.58,660.56,665.4
PAYX,Paychex,Industrials,Human Resource & Employment Services,138.04,160.03,124.25,138.93,138.56,139.41,142.81,146.04,146.26,144.52
PAYC,Paycom,Industrials,Human Resource & Employment Services,225.97,267.33,152.1,228.36,224.79,225.66,228.89,233.45,229.84,224.42
PYPL,PayPal,Financials,Transaction & Payment Processing Services,70.18,93.66,55.85,69.04,69.3,68.74,71.96,69.89,69.68,75.5
PNR,Pentair,Industrials,Industrial Machinery & Supplies & Components,109.17,109.84,73.85,107.04,106.85,104.77,103.87,97.93,95.97,98.16
PEP,PepsiCo,Consumer Staples,Soft Drinks & Non-alcoholic Beverages,147.0,174.44,126.36,148.91,149.46,145.77,139.93,136.86,139.19,143.26
PFE,Pfizer,Health Care,Pharmaceuticals,24.92,28.43,20.18,25.41,25.29,24.68,24.49,23.5,23.78,24.21
PCG,PG&E Corporation,Utilities,Multi-Utilities,15.05,21.62,12.97,15.04,15.15,14.98,14.22,15.44,15.69,16.73
PM,Philip Morris International,Consumer Staples,Tobacco,166.68,185.29,114.24,170.63,168.59,167.32,172.94,170.9,167.09,152.41
PSX,Phillips 66,Energy,Oil & Gas Refining & Marketing,129.89,135.71,89.26,127.47,124.65,122.12,123.39,115.66,117.12,118.15
PNW,Pinnacle West Capital,Utilities,Multi-Utilities,89.96,94.64,79.08,90.95,91.35,91.55,90.33,90.43,90.57,88.86
PNC,PNC Financial Services,Financials,Diversified Banks,203.46,210.46,142.39,198.97,195.91,192.55,190.81,177.91,177.03,183.85
POOL,Pool Corporation,Consumer Discretionary,Distributors,318.38,391.14,281.15,317.42,320.53,314.39,306.23,304.06,309.23,324.2
PPG,PPG Industries,Materials,Specialty Chemicals,112.57,133.97,89.08,112.52,112.28,108.92,111.83,109.1,109.4,112.63
PPL,PPL Corporation,Utilities,Electric Utilities,36.52,37.38,30.32,36.75,36.76,36.45,35.38,35.04,34.93,34.11
PFG,Principal Financial Group,Financials,Life & Health Insurance,80.55,89.5,67.72,79.79,78.93,77.7,78.78,77.23,78.53,79.34
PG,Procter & Gamble,Consumer Staples,Personal Care Products,155.97,177.66,149.91,157.81,156.67,154.59,156.22,159.29,161.05,162.73
PGR,Progressive Corporation,Financials,Property & Casualty Insurance,246.03,292.77,228.37,248.19,248.6,246.13,250.88,263.29,266.48,260.02
PLD,Prologis,Real Estate,Industrial REITs,111.35,128.08,84.54,110.76,108.87,107.38,107.4,105.42,107.02,108.69
PRU,Prudential Financial,Financials,Life & Health Insurance,109.38,125.75,88.12,108.54,107.01,104.23,104.12,102.44,103.56,107.98
PEG,Public Service Enterprise Group,Utilities,Electric Utilities,83.47,93.08,74.08,83.64,84.67,86.4,84.62,82.09,81.78,82.95
PTC,PTC Inc.,Information Technology,Application Software,212.58,219.69,133.38,212.96,210.52,210.05,195.15,177.45,173.83,178.74
PSA,Public Storage,Real Estate,Self-Storage REITs,288.88,359.28,254.04,289.23,286.11,283.51,287.54,290.72,291.86,296.61
PHM,PulteGroup,Consumer Discretionary,Homebuilding,131.13,148.55,87.88,129.53,129.34,124.15,115.36,107.65,106.92,110.6
PWR,Quanta Services,Industrials,Construction & Engineering,383.92,424.94,227.02,379.23,379.7,386.44,385.53,349.6,331.2,326.86
QCOM,Qualcomm,Information Technology,Semiconductors,159.17,179.1,120.08,156.63,157.08,153.0,155.64,150.08,151.06,154.95
DGX,Quest Diagnostics,Health Care,Health Care Services,180.36,185.62,144.09,181.47,180.64,177.02,174.87,173.42,172.41,166.72
RL,Ralph Lauren Corporation,Consumer Discretionary,"Apparel, Accessories & Luxury Goods",293.2,306.34,164.87,287.61,289.62,292.92,286.6,264.59,257.93,250.32
RJF,Raymond James Financial,Financials,Investment Banking & Brokerage,167.96,173.13,112.35,164.73,164.4,165.23,160.29,150.83,149.18,153.37
RTX,RTX Corporation,Industrials,Aerospace & Defense,159.57,159.7,111.21,157.0,155.77,155.7,150.85,140.37,138.37,131.29
O,Realty Income,Real Estate,Retail REITs,58.13,61.9,49.76,58.95,58.58,57.79,57.33,56.41,56.25,55.07
REG,Regency Centers,Real Estate,Retail REITs,72.07,76.68,62.82,71.86,71.56,71.84,71.01,70.92,71.23,71.4
REGN,Regeneron Pharmaceuticals,Health Care,Biotechnology,587.65,1206.03,475.77,587.74,578.97,568.1,551.84,557.07,579.47,633.14
RF,Regions Financial Corporation,Financials,Regional Banks,27.08,27.12,17.53,26.42,26.1,25.59,24.84,22.75,22.53,23.18
RSG,Republic Services,Industrials,Environmental & Facilities Services,234.33,258.14,195.62,234.48,233.78,233.6,239.58,243.08,241.42,230.57
RMD,ResMed,Health Care,Health Care Equipment,285.17,293.81,199.07,288.42,287.16,284.14,268.75,252.02,246.41,243.37
RVTY,Revvity,Health Care,Health Care Equipment,91.23,129.23,85.12,91.78,91.12,89.41,94.26,93.78,97.01,104.32
ROK,Rockwell Automation,Industrials,Electrical Components & Equipment,355.67,359.54,213.27,347.19,345.71,342.58,340.73,308.44,299.64,293.75
ROL,"Rollins, Inc.",Industrials,Environmental & Facilities Services,56.47,58.96,44.94,57.51,57.54,57.76,56.74,56.3,55.45,52.87
ROP,Roper Technologies,Information Technology,Electronic Equipment & Instruments,524.45,593.46,498.03,531.81,530.1,534.51,549.41,556.37,560.77,555.9
ROST,Ross Stores,Consumer Discretionary,Apparel Retail,148.33,161.83,122.01,147.0,147.35,145.04,136.82,138.85,136.96,140.58
RCL,Royal Caribbean Group,Consumer Discretionary,"Hotels, Resorts & Cruise Lines",353.74,355.91,152.4,339.51,329.41,321.28,321.11,275.48,263.77,255.24
SPGI,S&P Global,Financials,Financial Exchanges & Data,552.32,579.05,426.35,554.03,555.9,555.23,535.64,515.34,512.86,511.6
CRM,Salesforce,Information Technology,Application Software,243.74,367.42,226.48,246.44,243.5,245.18,257.67,262.28,265.9,291.08
SBAC,SBA Communications,Real Estate,Telecom Tower REITs,218.84,247.78,189.7,221.35,219.3,220.63,227.33,227.09,225.01,218.08
SLB,Schlumberger,Energy,Oil & Gas Equipment & Services,35.32,45.17,30.85,34.75,34.02,33.57,34.5,34.33,35.61,37.48
STX,Seagate Technology,Information Technology,"Technology Hardware, Storage & Peripherals",165.24,166.91,62.86,160.29,158.52,155.2,148.56,122.92,116.03,108.32
SRE,Sempra,Utilities,Multi-Utilities,81.78,93.45,61.37,81.98,81.89,81.82,78.38,75.97,74.66,78.47
NOW,ServiceNow,Information Technology,Systems Software,864.66,1198.09,678.66,879.71,875.88,889.53,949.47,943.16,923.87,972.31
SHW,Sherwin-Williams,Materials,Specialty Chemicals,366.46,397.81,307.5,367.48,366.14,356.28,347.67,347.03,346.99,352.14
SPG,Simon Property Group,Real Estate,Retail REITs,176.83,185.37,134.57,175.47,174.29,169.96,165.41,160.5,161.76,166.0
SWKS,Skyworks Solutions,Information Technology,Semiconductors,75.67,107.64,47.45,75.87,75.21,72.23,73.33,69.21,68.76,74.0
SJM,J.M. Smucker Company (The),Consumer Staples,Packaged Foods & Meats,110.58,121.73,92.38,112.27,111.78,110.21,105.25,107.91,108.48,107.62
SW,Smurfit Westrock,Materials,Paper & Plastic Packaging Products & Materials,46.3,55.46,36.31,44.71,44.03,43.9,44.64,43.31,43.68,46.91
SNA,Snap-on,Industrials,Industrial Machinery & Supplies & Components,329.79,366.68,262.13,327.26,326.02,322.69,319.04,317.36,319.83,328.44
SOLV,Solventum,Health Care,Health Care Technology,72.92,85.92,59.35,72.81,72.61,72.48,73.71,71.8,72.69,72.21
SO,Southern Company,Utilities,Electric Utilities,93.09,95.68,78.5,94.05,93.81,93.93,92.49,90.51,90.13,87.46
LUV,Southwest Airlines,Industrials,Passenger Airlines,33.4,37.96,23.68,32.19,31.7,30.84,32.78,31.17,31.27,31.45
SWK,Stanley Black & Decker,Industrials,Industrial Machinery & Supplies & Components,75.19,107.4,53.22,75.25,75.14,71.89,70.58,66.84,69.54,74.78
SBUX,Starbucks,Consumer Discretionary,Restaurants,86.63,115.87,74.48,87.78,89.9,89.95,91.7,87.94,90.47,93.5
STT,State Street Corporation,Financials,Asset Management & Custody Banks,115.82,115.88,72.29,114.09,112.9,111.76,108.66,99.37,97.32,96.89
STLD,Steel Dynamics,Materials,Steel,131.73,153.72,102.78,129.78,128.62,126.19,129.12,128.0,127.48,128.17
STE,Steris,Health Care,Health Care Equipment,248.58,252.46,199.99,249.2,247.69,239.88,235.47,233.46,231.75,225.26
SYK,Stryker Corporation,Health Care,Health Care Equipment,394.33,404.87,328.46,391.23,386.71,384.13,387.8,379.57,378.48,378.63
SMCI,Supermicro,Information Technology,"Technology Hardware, Storage & Peripherals",44.36,66.44,17.25,43.45,44.33,48.24,48.95,43.14,42.27,39.38
SYF,Synchrony Financial,Financials,Consumer Finance,75.34,75.57,40.15,73.07,72.56,71.02,69.15,61.61,60.1,62.08
SNPS,Synopsys,Information Technology,Application Software,596.0,651.73,365.74,599.76,608.98,617.97,573.78,518.53,503.75,510.07
SYY,Sysco,Consumer Staples,Food Distributors,79.63,82.64,66.65,79.99,80.16,80.15,78.18,74.85,74.48,74.28
TMUS,T-Mobile US,Communication Services,Wireless Telecommunication Services,251.2,275.47,190.58,254.41,254.12,248.33,238.82,242.21,246.07,241.28
TROW,T. Rowe Price,Financials,Asset Management & Custody Banks,108.56,121.15,76.8,106.92,107.36,106.05,102.59,96.34,95.93,101.93
TTWO,Take-Two Interactive,Communication Services,Interactive Home Entertainment,230.82,245.08,146.76,229.64,231.06,227.8,232.9,227.9,224.13,211.08
TPR,"Tapestry, Inc.",Consumer Discretionary,"Apparel, Accessories & Luxury Goods",100.7,114.05,38.51,99.22,100.39,104.92,99.18,86.37,83.98,77.77
TRGP,Targa Resources,Energy,Oil & Gas Storage & Transportation,163.08,215.2,139.32,162.5,162.97,164.15,166.89,165.75,171.02,179.3
TGT,Target Corporation,Consumer Staples,Consumer Staples Merchandise Retail,96.11,155.83,85.44,97.65,101.12,101.62,101.02,97.45,99.41,111.48
TEL,TE Connectivity,Information Technology,Electronic Manufacturing Services,206.91,212.76,115.79,203.78,204.2,203.39,187.88,168.42,163.99,157.92
TDY,Teledyne Technologies,Information Technology,Electronic Equipment & Instruments,544.77,570.56,416.0,544.24,543.15,546.08,532.94,505.96,504.31,496.7
TER,Teradyne,Information Technology,Semiconductor Materials & Equipment,118.61,143.79,65.67,113.96,112.61,109.65,98.82,88.39,89.37,100.49
TSLA,"Tesla, Inc.",Consumer Discretionary,Automobile Manufacturers,351.67,488.54,202.59,336.46,335.23,327.59,322.56,309.82,299.84,329.43
TXN,Texas Instruments,Information Technology,Semiconductors,205.98,220.1,137.77,203.9,199.13,192.26,200.25,185.51,184.55,186.39
TPL,Texas Pacific Land Corporation,Energy,Oil & Gas Exploration & Production,911.04,1762.86,763.79,899.67,896.97,908.07,980.71,1115.91,1161.32,1225.4
TXT,Textron,Industrials,Aerospace & Defense,81.38,91.39,57.69,80.49,80.17,78.94,80.48,75.8,75.35,76.73
TMO,Thermo Fisher Scientific,Health Care,Life Sciences Tools & Services,488.48,625.84,385.46,491.56,490.25,477.38,446.05,432.05,448.58,483.04
TJX,TJX Companies,Consumer Discretionary,Apparel Retail,136.68,145.58,109.83,136.9,135.14,132.14,127.15,127.08,125.35,123.97
TKO,TKO Group Holdings,Communication Services,Movies & Entertainment,185.16,194.76,112.59,184.38,186.35,176.99,174.41,165.98,162.46,155.79
TTD,Trade Desk (The),Communication Services,Advertising,52.22,141.53,42.96,52.52,52.73,65.14,71.67,67.34,65.87,85.77
TSCO,Tractor Supply,Consumer Discretionary,Other Specialty Retail,61.69,63.75,46.46,61.23,60.83,59.81,57.15,53.76,53.72,54.12
TT,Trane Technologies,Industrials,Building Products,426.19,476.19,297.5,423.7,426.3,429.34,435.31,412.28,398.76,393.22
TDG,TransDigm Group,Industrials,Aerospace & Defense,1413.34,1623.83,1183.6,1401.42,1402.14,1445.1,1496.1,1444.85,1428.25,1380.06
TRV,Travelers Companies (The),Financials,Property & Casualty Insurance,270.89,279.04,214.94,273.77,270.61,266.89,263.48,262.92,261.93,255.86
TRMB,Trimble Inc.,Information Technology,Electronic Equipment & Instruments,81.44,87.5,52.91,81.18,82.02,82.78,80.27,73.11,72.24,72.55
TFC,Truist Financial,Financials,Diversified Banks,46.36,47.29,32.72,45.29,44.92,43.95,43.51,40.73,40.74,42.11
TYL,Tyler Technologies,Information Technology,Application Software,547.18,661.31,513.52,559.58,566.16,577.43,573.95,568.35,571.32,584.23
TSN,Tyson Foods,Consumer Staples,Packaged Foods & Meats,57.23,65.23,51.85,57.17,56.94,55.92,55.22,56.29,57.16,57.57
USB,U.S. Bancorp,Financials,Diversified Banks,48.57,52.21,34.8,47.52,46.93,45.84,45.73,43.43,43.22,44.99
UBER,Uber,Industrials,Passenger Ground Transportation,96.53,97.71,59.33,95.29,94.06,91.72,91.37,86.42,83.9,78.3
UDR,"UDR, Inc.",Real Estate,Multi-Family Residential REITs,38.75,45.63,35.84,38.86,38.63,38.56,39.72,40.3,40.91,41.34
ULTA,Ulta Beauty,Consumer Discretionary,Other Specialty Retail,526.06,534.1,309.01,523.36,523.01,516.54,496.12,450.18,431.2,418.81
UNP,Union Pacific Corporation,Industrials,Rail Transportation,222.74,253.9,203.43,224.98,223.42,222.74,226.76,223.13,226.06,229.58
UAL,United Airlines Holdings,Industrials,Passenger Airlines,104.13,116.0,40.96,101.3,101.09,95.13,88.45,80.81,80.26,87.51
UPS,United Parcel Service,Industrials,Air Freight & Logistics,87.46,136.36,82.72,87.42,87.17,85.93,93.77,94.28,97.76,106.08
URI,United Rentals,Industrials,Trading Companies & Distributors,943.7,946.97,523.58,921.03,919.74,895.02,828.02,742.52,718.6,735.68
UNH,UnitedHealth Group,Health Care,Managed Health Care,300.43,621.24,234.6,303.18,297.59,273.83,288.25,338.66,369.67,431.9
UHS,Universal Health Services,Health Care,Health Care Facilities,181.45,242.48,152.33,183.91,181.54,174.57,174.08,177.6,177.66,182.0
VLO,Valero Energy,Energy,Oil & Gas Refining & Marketing,146.95,153.86,97.37,144.05,140.37,137.44,140.1,130.09,129.63,129.93
VTR,Ventas,Real Estate,Health Care REITs,67.6,70.82,55.85,68.28,67.99,68.04,65.73,65.4,65.77,63.77
VLTO,Veralto,Industrials,Environmental & Facilities Services,107.11,114.62,83.77,108.16,108.03,107.39,103.81,99.8,99.43,100.6
VRSN,Verisign,Information Technology,Internet Services & Infrastructure,269.99,309.71,174.64,269.92,268.76,268.36,278.34,273.06,266.75,242.97
VRSK,Verisk Analytics,Industrials,Research & Consulting Services,268.31,322.46,259.01,269.84,268.57,268.32,289.37,295.69,295.07,290.85
VZ,Verizon,Communication Services,Integrated Telecommunication Services,43.96,45.87,36.41,44.54,44.35,43.61,42.64,42.67,42.67,41.38
VRTX,Vertex Pharmaceuticals,Health Care,Biotechnology,387.18,519.88,362.5,392.61,392.27,402.41,436.55,449.79,459.05,456.23
VTRS,Viatris,Health Care,Pharmaceuticals,10.41,13.04,6.68,10.54,10.51,9.82,9.33,8.76,8.79,9.83
VICI,Vici Properties,Real Estate,Hotel & Resort REITs,33.45,34.01,27.24,33.26,32.91,32.97,32.91,32.08,31.97,31.05
V,Visa Inc.,Financials,Transaction & Payment Processing Services,351.18,374.85,263.46,347.53,345.54,342.33,347.48,347.63,346.63,337.47
VST,Vistra Corp.,Utilities,Electric Utilities,195.12,216.85,72.39,191.77,195.63,201.09,194.47,167.8,158.95,157.66
VMC,Vulcan Materials Company,Materials,Construction Materials,291.2,296.62,214.34,289.69,291.11,286.06,273.12,264.9,258.76,263.28
WRB,W. R. Berkley Corporation,Financials,Property & Casualty Insurance,71.05,75.77,54.76,71.89,71.52,70.7,70.53,70.72,69.36,65.66
GWW,W. W. Grainger,Industrials,Industrial Machinery & Supplies & Components,1011.96,1219.65,889.92,1008.19,994.11,978.23,1014.71,1025.93,1017.43,1050.07
WAB,Wabtec,Industrials,Construction Machinery & Heavy Transportation Equipment,195.34,215.82,151.42,193.73,192.54,191.05,200.8,195.31,192.56,194.31
WBA,Walgreens Boots Alliance,Consumer Staples,Drug Retail,11.92,13.25,7.98,12.07,12.03,11.9,11.65,11.37,11.31,10.78
WMT,Walmart,Consumer Staples,Consumer Staples Merchandise Retail,96.05,104.51,74.29,97.9,99.28,100.06,97.78,96.37,94.79,94.05
DIS,Walt Disney Company (The),Communication Services,Movies & Entertainment,117.65,124.69,79.76,117.49,116.86,116.41,119.02,109.79,108.19,109.06
WBD,Warner Bros. Discovery,Communication Services,Broadcasting,11.8,13.87,6.78,11.8,11.81,12.02,11.9,10.44,10.5,10.42
WM,Waste Management,Industrials,Environmental & Facilities Services,225.25,241.74,198.19,227.19,227.15,229.62,229.09,230.18,229.57,224.3
WAT,Waters Corporation,Health Care,Life Sciences Tools & Services,296.14,423.56,275.05,296.89,295.35,290.01,312.31,327.46,336.55,355.05
WEC,WEC Energy Group,Utilities,Electric Utilities,107.16,110.99,88.81,108.01,107.95,108.47,106.28,105.83,105.64,101.97
WFC,Wells Fargo,Financials,Diversified Banks,81.51,84.33,49.13,79.36,78.62,78.41,79.29,74.92,74.22,73.97
WELL,Welltower,Real Estate,Health Care REITs,165.84,170.34,115.85,165.62,164.19,165.54,159.18,153.37,152.49,145.23
WST,West Pharmaceutical Services,Health Care,Health Care Supplies,244.5,351.24,187.09,245.71,245.73,243.06,233.03,222.58,223.48,257.54
WDC,Western Digital,Information Technology,"Technology Hardware, Storage & Peripherals",79.71,80.3,28.78,77.24,76.57,75.96,69.38,57.24,54.47,52.75
WY,Weyerhaeuser,Real Estate,Timber REITs,26.17,33.31,23.91,26.26,26.19,25.81,25.94,25.91,26.63,27.73
WSM,"Williams-Sonoma, Inc.",Consumer Discretionary,Homefurnishing Retail,197.93,218.08,123.89,199.16,201.9,199.76,181.41,168.45,169.15,175.22
WMB,Williams Companies,Energy,Oil & Gas Storage & Transportation,57.13,63.45,42.4,57.21,57.18,58.04,58.68,58.41,58.19,57.1
WTW,Willis Towers Watson,Financials,Insurance Brokers,333.99,342.16,277.63,336.51,334.28,327.91,314.12,312.02,315.95,316.05
WDAY,"Workday, Inc.",Information Technology,Application Software,222.88,294.0,205.33,224.52,225.53,224.76,231.73,238.32,240.27,248.56
WYNN,Wynn Resorts,Consumer Discretionary,Casinos & Gaming,119.08,119.4,64.93,114.83,112.7,110.39,105.57,94.55,92.74,90.61
XEL,Xcel Energy,Utilities,Multi-Utilities,72.54,74.57,57.94,73.23,72.88,73.05,70.62,69.88,69.67,68.57
XYL,Xylem Inc.,Industrials,Industrial Machinery & Supplies & Components,143.34,145.33,100.15,142.37,142.07,142.09,134.84,127.28,126.5,125.0
YUM,Yum! Brands,Consumer Discretionary,Restaurants,147.03,162.5,120.96,147.83,148.02,145.59,146.19,145.84,147.95,142.91
ZBRA,Zebra Technologies,Information Technology,Electronic Equipment & Instruments,320.58,427.76,205.73,315.23,318.91,321.11,318.92,292.16,291.65,327.0
ZBH,Zimmer Biomet,Health Care,Health Care Equipment,107.54,115.64,88.99,106.54,104.77,99.92,96.11,96.48,98.93,101.84
ZTS,Zoetis,Health Care,Pharmaceuticals,154.79,197.92,138.77,155.79,154.66,151.37,153.52,155.71,157.32,161.59
