Symbol,Company,GICS_Sector,GICS_Sub_Industry,Current_Price,High_52_Week,Low_52_Week,SMA5,SMA10,SMA20,SMA50,SMA200,Score,Target_Pcnt,Target_Price,Stop_Loss
MMM,3M,Industrials,Industrial Conglomerates,152.86,160.2,122.88,155.99,154.12,151.79,151.03,142.28,0.2,4.04,159.04,144.55
AOS,A. O. Smith,Industrials,Building Products,72.15,88.84,59.04,72.37,71.47,71.29,68.23,67.87,0.4,1.58,73.29,69.29
ABT,Abbott Laboratories,Health Care,Health Care Equipment,130.27,138.95,108.68,130.34,131.1,129.05,131.07,125.59,0.2,2.84,133.97,124.14
ABBV,AbbVie,Health Care,Biotechnology,206.57,212.84,160.57,203.61,200.85,195.89,190.74,185.65,0.4,0.58,207.77,184.0
AMD,Advanced Micro Devices,Information Technology,Semiconductors,176.14,184.42,78.21,178.79,174.88,172.31,151.26,124.51,0.2,6.28,187.2,157.42
AES,AES Corporation,Utilities,Independent Power Producers & Energy Traders,13.36,19.11,9.5,13.11,12.99,13.18,12.12,11.63,0.2,3.29,13.8,12.57
ALLE,Allegion,Industrials,Building Products,167.2,169.62,118.08,167.79,166.08,164.36,152.18,137.87,0.2,3.04,172.28,156.44
LNT,Alliant Energy,Utilities,Electric Utilities,64.43,66.34,54.87,64.79,65.29,65.01,62.57,60.55,0.2,3.23,66.51,63.52
ALL,Allstate,Financials,Property & Casualty Insurance,207.09,211.62,174.73,207.63,207.1,202.0,198.64,196.0,0.4,3.21,213.74,190.25
GOOGL,Alphabet Inc. (Class A),Communication Services,Interactive Media & Services,203.5,205.89,144.53,203.13,200.53,196.66,184.75,176.71,0.2,1.35,206.25,187.08
GOOG,Alphabet Inc. (Class C),Communication Services,Interactive Media & Services,204.29,207.22,146.4,204.04,201.35,197.51,185.71,178.22,0.2,1.35,207.05,187.98
MO,Altria,Consumer Staples,Tobacco,65.99,66.01,46.47,65.77,64.8,62.59,60.32,55.59,0.2,2.47,67.62,57.56
AMZN,Amazon,Consumer Discretionary,Broadline Retail,231.49,242.06,167.32,227.91,224.27,225.83,221.61,211.52,0.4,3.25,239.01,212.64
AEP,American Electric Power,Utilities,Electric Utilities,110.7,114.06,87.97,112.13,112.28,111.18,106.14,100.46,0.2,4.12,115.26,107.11
AXP,American Express,Financials,Consumer Finance,307.05,328.13,230.81,306.07,301.09,302.92,306.54,291.77,0.4,2.33,314.2,291.64
AIG,American International Group,Financials,Multi-line Insurance,80.38,87.26,69.3,79.81,78.99,78.93,81.78,78.66,0.2,1.19,81.34,76.53
AMT,American Tower,Real Estate,Telecom Tower REITs,203.13,235.15,170.7,204.3,206.3,213.39,216.83,204.03,0.2,14.8,233.19,193.58
AWK,American Water Works,Utilities,Water Utilities,142.66,150.19,118.87,143.16,143.05,142.11,141.05,135.67,0.2,2.85,146.73,137.5
AME,Ametek,Industrials,Electrical Components & Equipment,182.62,196.4,151.15,184.12,183.79,182.22,180.56,179.71,0.2,2.68,187.51,176.93
AMGN,Amgen,Health Care,Biotechnology,292.62,329.11,254.27,290.74,289.65,296.33,293.2,287.0,0.2,6.88,312.75,279.91
ADI,Analog Devices,Information Technology,Semiconductors,231.55,245.68,163.85,233.81,228.16,228.04,233.25,215.83,0.6,2.93,238.33,217.73
AMAT,Applied Materials,Information Technology,Semiconductor Materials & Equipment,163.53,212.29,126.59,178.4,180.17,183.03,183.52,169.49,0.2,21.35,198.44,167.62
APTV,Aptiv,Consumer Discretionary,Automotive Parts & Equipment,75.71,75.71,47.92,74.12,70.0,69.36,69.31,62.66,0.6,0.77,76.29,62.43
ADM,Archer Daniels Midland,Consumer Staples,Agricultural Products & Services,59.67,60.56,41.37,59.42,58.54,56.72,54.47,50.03,0.4,1.83,60.76,52.69
ANET,Arista Networks,Information Technology,Communications Equipment,138.04,141.25,64.37,138.22,136.41,126.73,110.81,100.28,0.2,7.76,148.75,104.72
T,AT&T,Communication Services,Integrated Telecommunication Services,28.92,28.92,18.23,28.68,28.3,27.97,27.81,25.41,0.4,0.0,28.92,27.02
ATO,Atmos Energy,Utilities,Gas Utilities,164.02,166.98,126.05,165.64,163.39,160.13,156.27,149.19,0.4,2.74,168.51,151.73
ADSK,Autodesk,Information Technology,Application Software,289.65,321.27,238.84,286.04,290.28,296.47,298.51,290.33,0.2,7.97,312.74,280.21
AZO,AutoZone,Consumer Discretionary,Automotive Retail,4039.95,4072.8,2981.19,4015.29,4029.28,3930.43,3778.76,3531.73,0.4,2.66,4147.41,3713.56
BALL,Ball Corporation,Materials,"Metal, Glass & Plastic Containers",52.85,67.18,44.77,53.75,53.73,56.11,56.56,54.42,0.2,15.61,61.1,51.12
BAC,Bank of America,Financials,Diversified Banks,47.92,48.93,34.19,47.46,46.54,47.05,46.67,44.04,0.2,2.82,49.27,44.83
BRK-B,Berkshire Hathaway,Financials,Multi-Sector Holdings,478.52,539.8,440.84,476.53,470.73,473.54,479.31,485.89,0.2,1.99,488.04,459.05
BLK,BlackRock,Financials,Asset Management & Custody Banks,1136.12,1160.16,811.42,1150.19,1134.68,1123.86,1072.74,995.72,0.2,2.13,1160.32,1087.36
BX,Blackstone Inc.,Financials,Asset Management & Custody Banks,169.22,194.8,118.51,173.18,170.95,172.04,158.64,157.52,0.2,5.47,178.48,165.6
BK,BNY Mellon,Financials,Asset Management & Custody Banks,101.74,103.61,63.49,102.32,102.31,101.42,95.63,84.74,0.2,2.48,104.26,98.59
BA,Boeing,Industrials,Aerospace & Defense,232.41,236.41,136.59,233.37,229.91,229.01,220.06,183.9,0.4,2.44,238.08,219.95
BKNG,Booking Holdings,Consumer Discretionary,"Hotels, Resorts & Cruise Lines",5532.0,5815.92,3590.95,5476.1,5457.7,5531.0,5561.48,5072.48,0.2,4.12,5759.92,5302.3
BSX,Boston Scientific,Health Care,Health Care Equipment,103.05,107.76,77.58,103.1,103.21,104.58,103.56,98.86,0.2,4.74,107.93,101.23
AVGO,Broadcom,Information Technology,Semiconductors,305.76,312.83,135.46,309.05,305.25,298.4,278.7,220.75,0.2,3.57,316.68,280.12
BR,Broadridge Financial Solutions,Industrials,Data Processing & Outsourced Services,260.06,266.89,204.4,260.81,263.22,255.67,245.84,235.29,0.2,4.62,272.07,239.26
BG,Bunge Global,Consumer Staples,Agricultural Products & Services,80.57,98.79,67.82,82.04,82.15,80.06,79.2,78.05,0.4,5.46,84.97,75.16
CHRW,C.H. Robinson,Industrials,Air Freight & Logistics,122.97,122.97,86.41,121.1,119.04,111.95,102.51,100.16,0.2,5.14,129.29,94.61
CDNS,Cadence Design Systems,Information Technology,Application Software,356.25,371.03,231.64,351.56,353.39,349.71,325.41,297.4,0.2,6.28,378.62,320.8
COF,Capital One,Financials,Consumer Finance,216.2,220.48,134.82,216.93,213.04,213.11,210.52,189.93,0.2,2.13,220.81,205.4
CAH,Cardinal Health,Health Care,Health Care Distributors,149.73,167.63,106.24,148.8,152.73,154.95,158.98,136.59,0.2,8.56,162.55,147.36
CARR,Carrier Global,Industrials,Building Products,66.49,81.67,55.21,66.09,66.02,69.93,72.02,69.04,0.2,22.08,81.17,58.68
CBOE,Cboe Global Markets,Financials,Financial Exchanges & Data,245.96,253.24,189.73,246.25,248.35,246.02,236.48,216.41,0.2,3.25,253.95,238.09
CBRE,CBRE Group,Real Estate,Real Estate Services,157.84,159.66,110.57,158.22,156.67,153.71,143.97,134.67,0.2,3.93,164.04,143.38
COR,Cencora,Health Care,Health Care Distributors,290.35,303.43,217.68,291.32,288.43,289.1,291.94,265.71,0.2,2.27,296.94,281.26
CVX,Chevron Corporation,Energy,Integrated Oil & Gas,155.32,166.48,132.12,155.47,154.48,153.98,150.11,148.57,0.2,1.61,157.82,150.13
CI,Cigna,Health Care,Health Care Services,298.32,361.79,262.23,290.62,281.67,284.5,301.69,306.71,0.2,4.12,310.61,258.4
CTAS,Cintas,Industrials,Diversified Support Services,214.28,227.2,181.05,219.85,221.77,221.79,220.49,209.52,0.2,5.99,227.12,216.47
C,Citigroup,Financials,Diversified Banks,94.22,95.74,55.59,94.75,93.38,93.66,87.51,75.14,0.2,2.56,96.63,90.68
CFG,Citizens Financial Group,Financials,Regional Banks,48.54,49.45,33.59,48.54,47.78,48.09,45.8,42.95,0.2,2.6,49.8,46.38
CME,CME Group,Financials,Financial Exchanges & Data,270.41,289.38,196.44,273.77,278.37,278.21,275.49,253.89,0.4,6.11,286.93,269.48
CMS,CMS Energy,Utilities,Multi-Utilities,72.03,74.4,63.54,72.64,73.08,72.8,70.81,69.18,0.2,3.4,74.48,71.12
KO,Coca-Cola Company (The),Consumer Staples,Soft Drinks & Non-alcoholic Beverages,69.13,73.38,59.94,69.95,69.98,69.44,69.97,67.28,0.2,2.72,71.01,67.88
CPRT,Copart,Industrials,Diversified Support Services,47.36,63.84,45.33,47.23,46.88,46.52,47.55,55.1,0.2,0.72,47.7,45.33
CTVA,Corteva,Materials,Fertilizers & Agricultural Chemicals,72.29,77.12,52.19,71.86,71.72,72.19,73.22,64.51,0.2,2.27,73.93,70.45
COST,Costco,Consumer Staples,Consumer Staples Merchandise Retail,979.35,1073.97,866.15,979.38,975.62,957.08,971.91,970.05,0.2,2.1,999.92,914.21
CTRA,Coterra,Energy,Oil & Gas Exploration & Production,23.24,29.06,21.86,23.82,23.83,23.74,24.69,25.4,0.2,4.73,24.34,23.15
CRWD,CrowdStrike,Information Technology,Systems Software,426.34,514.1,246.39,429.4,431.64,446.8,470.71,403.98,0.2,12.86,481.17,412.42
CCI,Crown Castle,Real Estate,Telecom Tower REITs,100.55,115.16,82.06,101.49,103.22,106.09,103.4,97.7,0.4,12.68,113.3,98.88
CSX,CSX Corporation,Industrials,Rail Transportation,35.99,36.46,26.58,36.11,35.81,35.58,34.03,32.17,0.2,1.14,36.4,34.75
CMI,Cummins,Industrials,Construction Machinery & Heavy Transportation Equipment,401.95,406.8,265.61,402.41,392.69,378.42,349.12,340.24,0.2,2.34,411.36,345.49
CVS,CVS Health,Health Care,Health Care Services,70.17,70.17,42.33,67.38,65.79,63.41,64.52,59.79,0.4,-1.28,69.27,57.55
DRI,Darden Restaurants,Consumer Discretionary,Restaurants,205.41,224.21,139.03,206.17,205.05,204.73,211.08,192.95,0.4,1.78,209.07,200.39
DDOG,Datadog,Information Technology,Application Software,129.07,168.65,87.0,127.7,130.45,137.72,135.25,127.42,0.2,19.88,154.73,120.71
DAY,Dayforce,Industrials,Human Resource & Employment Services,66.62,81.8,49.33,55.58,53.84,56.05,56.71,63.51,0.2,-3.9,64.02,48.07
DE,Deere & Company,Industrials,Agricultural & Farm Machinery,491.13,529.8,367.41,495.63,502.04,507.0,510.07,470.03,0.2,7.37,527.33,486.66
DELL,Dell Technologies,Information Technology,"Technology Hardware, Storage & Peripherals",138.13,142.14,70.88,139.21,136.45,133.34,125.69,112.53,0.2,3.43,142.87,123.81
DXCM,Dexcom,Health Care,Health Care Equipment,80.82,90.75,59.83,80.37,78.68,81.92,83.13,79.55,0.2,13.09,91.4,72.43
DLR,Digital Realty,Real Estate,Data Center REITs,165.02,191.46,135.17,167.2,168.75,172.85,173.42,167.53,0.2,10.45,182.26,163.44
DG,Dollar General,Consumer Staples,Consumer Staples Merchandise Retail,112.3,121.87,67.66,114.15,114.14,110.92,111.84,88.71,0.4,5.33,118.29,103.56
D,Dominion Energy,Utilities,Multi-Utilities,60.4,62.1,49.07,61.23,61.32,60.12,57.79,55.09,0.2,4.24,62.96,57.28
DASH,DoorDash,Consumer Discretionary,Specialized Consumer Services,253.34,270.99,123.56,253.46,256.69,251.76,240.14,198.31,0.2,5.49,267.25,236.26
DHI,D. R. Horton,Consumer Discretionary,Homebuilding,165.16,194.88,114.44,163.7,159.19,153.15,138.55,137.16,0.2,1.74,168.03,138.27
DUK,Duke Energy,Utilities,Electric Utilities,121.46,124.85,102.96,123.03,123.58,121.58,118.17,113.76,0.2,4.16,126.51,116.65
EBAY,eBay Inc.,Consumer Discretionary,Broadline Retail,99.03,100.77,54.55,99.21,96.13,90.01,82.07,69.78,0.2,6.37,105.34,74.69
ECL,Ecolab,Materials,Specialty Chemicals,280.08,281.83,225.1,279.87,275.07,270.55,268.58,253.42,0.4,1.32,283.78,257.3
EA,Electronic Arts,Communication Services,Interactive Home Entertainment,169.16,179.01,116.21,175.83,170.96,162.5,156.38,147.87,0.4,7.87,182.47,142.54
ELV,Elevance Health,Health Care,Managed Health Care,309.32,553.55,274.66,300.25,292.22,288.55,331.09,382.3,0.4,-0.34,308.27,268.82
EMR,Emerson Electric,Industrials,Electrical Components & Equipment,131.83,149.04,93.37,132.86,133.37,139.43,135.83,122.28,0.2,15.69,152.51,126.36
ETR,Entergy,Utilities,Electric Utilities,87.85,91.02,56.86,89.71,89.73,89.02,84.77,80.39,0.2,4.29,91.62,86.41
EQT,EQT Corporation,Energy,Oil & Gas Exploration & Production,50.5,60.26,31.36,51.63,51.55,52.14,54.97,50.44,0.4,7.03,54.05,50.22
EFX,Equifax,Industrials,Research & Consulting Services,245.62,305.2,205.11,247.14,243.78,243.4,254.55,253.91,0.2,2.18,250.97,235.83
EL,Estée Lauder Companies (The),Consumer Staples,Personal Care Products,90.74,99.31,49.8,91.63,91.03,91.03,84.68,72.47,0.2,4.34,94.68,87.38
EXPE,Expedia Group,Consumer Discretionary,"Hotels, Resorts & Cruise Lines",206.67,209.68,129.25,206.84,197.67,191.46,180.82,175.93,0.4,2.24,211.3,171.62
EXPD,Expeditors International,Industrials,Air Freight & Logistics,120.01,129.72,102.14,120.54,118.99,117.11,115.71,114.43,0.2,1.8,122.17,112.05
XOM,ExxonMobil,Energy,Integrated Oil & Gas,106.72,121.0,98.11,106.27,105.88,107.66,108.97,108.21,0.2,4.89,111.94,103.37
FFIV,"F5, Inc.",Information Technology,Communications Equipment,316.26,326.47,195.57,320.47,319.95,312.05,301.63,276.25,0.2,4.83,331.54,292.57
FAST,Fastenal,Industrials,Trading Companies & Distributors,49.11,49.21,32.44,48.87,47.99,47.28,44.55,40.24,0.2,1.1,49.65,44.92
FIS,Fidelity National Information Services,Financials,Transaction & Payment Processing Services,69.73,89.62,67.79,71.33,70.99,75.81,78.64,78.12,0.2,22.95,85.73,65.9
FITB,Fifth Third Bancorp,Financials,Regional Banks,42.77,47.14,33.02,42.73,42.03,42.13,41.54,40.94,0.2,1.78,43.53,40.72
FSLR,First Solar,Information Technology,Semiconductors,219.33,255.75,120.38,193.78,189.31,185.28,172.38,165.5,0.4,-7.21,203.52,167.04
FE,FirstEnergy,Utilities,Electric Utilities,42.83,43.95,37.17,43.5,43.36,42.51,40.88,40.04,0.2,4.18,44.62,40.39
F,Ford Motor Company,Consumer Discretionary,Automobile Manufacturers,11.46,11.75,8.45,11.41,11.24,11.12,10.98,10.0,0.4,1.05,11.58,10.65
FTNT,Fortinet,Information Technology,Systems Software,80.76,114.57,73.4,78.98,81.2,91.93,98.82,98.62,0.2,44.18,116.44,67.42
FOXA,Fox Corporation (Class A),Communication Services,Broadcasting,57.57,59.89,38.55,58.21,56.25,56.2,55.72,51.86,0.2,3.09,59.35,53.04
FOX,Fox Corporation (Class B),Communication Services,Broadcasting,52.75,54.58,35.86,53.13,51.31,51.41,51.09,48.23,0.2,3.01,54.34,48.49
FCX,Freeport-McMoRan,Materials,Copper,41.75,51.16,28.93,42.26,41.53,42.11,42.86,39.82,0.4,9.87,45.87,38.35
GRMN,Garmin,Consumer Discretionary,Consumer Electronics,232.6,239.99,159.72,233.91,231.82,230.27,218.58,209.58,0.2,3.77,241.37,219.17
GEN,Gen Digital,Information Technology,Systems Software,31.37,32.16,23.4,31.67,30.51,30.27,29.91,28.14,0.4,3.6,32.5,28.03
GD,General Dynamics,Industrials,Aerospace & Defense,313.58,317.49,239.38,314.92,314.51,313.15,298.59,275.03,0.2,2.35,320.95,305.34
GM,General Motors,Consumer Discretionary,Automobile Manufacturers,56.23,59.72,42.35,55.74,54.42,53.42,51.75,50.22,0.2,1.1,56.85,49.98
GPC,Genuine Parts Company,Consumer Discretionary,Distributors,137.14,140.16,104.68,137.1,135.2,133.7,127.3,120.87,0.4,1.21,138.8,128.59
GILD,Gilead Sciences,Health Care,Biotechnology,117.99,120.47,71.47,119.11,116.84,115.18,112.04,102.44,0.4,3.41,122.01,108.35
GL,Globe Life,Financials,Life & Health Insurance,135.99,143.27,95.13,137.74,138.96,136.97,127.22,119.84,0.2,8.32,147.3,126.63
GS,Goldman Sachs,Financials,Investment Banking & Brokerage,730.96,747.2,459.93,739.39,730.28,725.73,694.45,606.02,0.2,2.28,747.63,703.8
HIG,Hartford (The),Financials,Property & Casualty Insurance,129.76,131.34,105.42,130.32,129.17,126.43,125.15,118.84,0.4,2.12,132.51,120.36
HAS,Hasbro,Consumer Discretionary,Leisure Products,81.51,81.51,50.19,80.35,78.82,77.4,74.78,63.82,0.4,-0.16,81.38,73.41
HCA,HCA Healthcare,Health Care,Health Care Facilities,393.62,412.92,295.46,392.77,383.16,366.3,371.17,342.37,0.4,2.99,405.39,327.19
HSY,Hershey Company (The),Consumer Staples,Packaged Foods & Meats,178.4,196.72,141.22,177.82,180.68,182.69,173.85,166.42,0.2,7.2,191.24,174.13
HPE,Hewlett Packard Enterprise,Information Technology,"Technology Hardware, Storage & Peripherals",21.63,24.05,12.42,21.4,20.88,20.72,19.94,19.21,0.6,0.46,21.73,19.7
HLT,Hilton Worldwide,Consumer Discretionary,"Hotels, Resorts & Cruise Lines",269.15,278.65,201.16,269.77,265.42,267.22,264.37,248.99,0.2,2.89,276.93,257.51
HON,Honeywell,Industrials,Industrial Conglomerates,216.4,239.16,180.99,216.95,216.87,220.57,226.24,216.92,0.2,7.49,232.61,208.53
HST,Host Hotels & Resorts,Real Estate,Hotel & Resort REITs,15.85,18.25,12.54,15.88,15.6,15.89,15.86,15.81,0.4,5.87,16.78,15.0
HWM,Howmet Aerospace,Industrials,Aerospace & Defense,173.05,192.01,91.19,175.6,178.12,182.04,179.68,141.34,0.2,11.35,192.69,171.38
HBAN,Huntington Bancshares,Financials,Regional Banks,16.68,17.67,12.37,16.65,16.35,16.46,16.52,15.87,0.4,2.34,17.07,15.84
HII,Huntington Ingalls Industries,Industrials,Aerospace & Defense,267.6,278.86,157.56,267.75,267.49,265.94,251.69,212.16,0.2,3.03,275.71,256.16
IBM,IBM,Information Technology,IT Consulting & Other Services,239.45,292.8,188.46,238.22,241.77,251.27,270.41,243.86,0.2,15.51,276.59,225.95
IDXX,Idexx Laboratories,Health Care,Health Care Equipment,637.86,682.78,361.04,651.77,648.52,606.87,560.39,470.0,0.4,11.36,710.32,503.38
ITW,Illinois Tool Works,Industrials,Industrial Machinery & Supplies & Components,259.22,273.51,217.09,261.63,259.24,258.72,253.56,252.49,0.2,2.55,265.83,251.59
INCY,Incyte,Health Care,Biotechnology,84.92,86.92,55.17,85.09,81.66,77.53,72.25,69.3,0.2,4.16,88.45,66.6
PODD,Insulet Corporation,Health Care,Health Care Equipment,323.07,327.47,180.69,315.69,305.22,297.22,299.04,278.23,0.6,0.21,323.75,270.69
INTC,Intel,Information Technology,Semiconductors,23.66,27.39,18.13,23.22,21.71,21.36,21.81,21.67,0.4,3.97,24.6,18.11
ICE,Intercontinental Exchange,Financials,Financial Exchanges & Data,177.94,188.45,142.02,181.19,184.18,184.14,181.86,167.22,0.2,6.59,189.67,178.6
INTU,Intuit,Information Technology,Application Software,717.21,807.39,542.39,713.96,733.52,760.19,762.3,661.16,0.2,15.44,827.95,692.43
IVZ,Invesco,Financials,Asset Management & Custody Banks,21.0,21.6,11.86,21.12,20.86,21.0,17.96,16.43,0.2,3.62,21.76,20.24
JKHY,Jack Henry & Associates,Financials,Transaction & Payment Processing Services,160.83,190.67,158.52,160.73,162.06,168.53,174.99,174.93,0.2,14.1,183.51,153.56
J,Jacobs Solutions,Industrials,Construction & Engineering,146.79,152.18,109.42,149.01,148.02,144.76,136.79,130.65,0.2,3.59,152.06,137.47
JNJ,Johnson & Johnson,Health Care,Pharmaceuticals,176.25,176.64,139.73,174.96,173.48,170.72,161.77,154.63,0.2,0.63,177.36,164.08
KDP,Keurig Dr Pepper,Consumer Staples,Soft Drinks & Non-alcoholic Beverages,34.65,36.99,29.97,34.74,34.34,33.87,33.46,32.81,0.2,1.56,35.19,32.55
KEYS,Keysight Technologies,Information Technology,Electronic Equipment & Instruments,164.43,185.11,127.02,165.92,163.94,164.51,163.52,160.6,0.2,3.53,170.23,158.77
KMI,Kinder Morgan,Energy,Oil & Gas Storage & Transportation,26.23,30.24,19.94,26.64,26.85,27.13,27.49,26.87,0.4,7.93,28.31,25.95
LHX,L3Harris,Industrials,Aerospace & Defense,271.92,278.26,192.63,270.79,272.29,272.32,261.13,230.22,0.2,2.74,279.37,265.28
LH,Labcorp,Health Care,Health Care Services,270.49,272.54,210.19,270.79,267.18,264.0,259.6,243.13,0.4,1.82,275.41,252.59
LVS,Las Vegas Sands,Consumer Discretionary,Casinos & Gaming,52.8,54.33,30.35,53.76,53.24,52.26,48.0,44.88,0.2,4.83,55.35,49.17
LDOS,Leidos,Industrials,Diversified Support Services,178.12,199.72,126.1,178.83,177.05,169.25,161.18,151.89,0.4,4.06,185.35,153.14
LIN,Linde plc,Materials,Industrial Gases,478.51,481.83,410.23,477.02,473.86,470.86,468.61,452.82,0.2,0.53,481.05,460.67
LYV,Live Nation Entertainment,Communication Services,Movies & Entertainment,162.12,162.12,92.78,160.39,155.75,153.45,149.35,138.21,0.4,0.27,162.56,144.35
LMT,Lockheed Martin,Industrials,Aerospace & Defense,440.64,602.16,410.74,437.93,433.54,426.65,451.36,468.99,0.2,0.59,443.24,410.08
L,Loews Corporation,Financials,Multi-line Insurance,94.59,95.58,76.32,94.98,94.3,92.77,91.26,86.88,0.2,1.73,96.23,89.31
MTB,M&T Bank,Financials,Regional Banks,190.67,217.42,155.42,191.8,188.99,190.6,191.56,187.86,0.4,3.88,198.07,183.12
MAR,Marriott International,Consumer Discretionary,"Hotels, Resorts & Cruise Lines",266.26,302.99,210.58,266.54,263.36,266.49,268.9,266.51,0.4,4.98,279.52,253.45
MMC,Marsh McLennan,Financials,Insurance Brokers,207.65,243.22,197.78,207.12,205.03,204.66,210.85,220.53,0.2,2.18,212.18,197.14
MLM,Martin Marietta Materials,Materials,Construction Materials,602.83,620.08,451.86,612.08,607.71,593.81,568.82,540.16,0.2,3.78,625.62,562.0
MA,Mastercard,Financials,Transaction & Payment Processing Services,584.14,589.94,463.77,580.34,574.6,569.27,564.33,544.69,0.4,0.15,585.02,553.55
MTCH,Match Group,Communication Services,Interactive Media & Services,37.84,38.74,26.87,37.99,36.91,35.48,33.13,31.8,0.4,3.17,39.04,31.92
MCK,McKesson Corporation,Health Care,Health Care Distributors,671.19,735.33,477.52,668.05,675.81,692.01,708.3,651.85,0.2,9.17,732.74,651.3
MDT,Medtronic,Health Care,Health Care Equipment,92.81,93.02,78.03,92.56,91.87,91.64,89.21,86.18,0.4,1.44,94.15,89.14
META,Meta Platforms,Communication Services,Interactive Media & Services,767.37,790.0,484.29,780.96,773.73,749.79,725.46,639.24,0.4,6.01,813.49,686.07
MTD,Mettler Toledo,Health Care,Life Sciences Tools & Services,1311.32,1499.7,970.15,1310.85,1276.94,1261.31,1217.87,1216.64,0.2,1.35,1329.02,1193.66
MU,Micron Technology,Information Technology,Semiconductors,123.55,127.79,64.66,124.35,119.41,114.79,117.74,99.45,0.4,3.97,128.45,101.13
MSFT,Microsoft,Information Technology,Systems Software,517.1,535.64,353.91,521.91,522.69,519.71,502.79,437.54,0.2,3.66,536.03,503.39
MDLZ,Mondelez International,Consumer Staples,Packaged Foods & Meats,61.84,73.6,55.34,61.79,61.91,64.87,66.49,63.81,0.2,16.56,72.08,57.65
MPWR,Monolithic Power Systems,Information Technology,Semiconductors,850.31,939.39,454.23,845.59,823.63,781.25,745.36,654.51,0.4,4.22,886.19,676.26
MNST,Monster Beverage,Consumer Staples,Soft Drinks & Non-alcoholic Beverages,64.12,64.69,46.16,64.23,62.88,61.46,61.66,56.71,0.2,2.51,65.73,57.19
MS,Morgan Stanley,Financials,Investment Banking & Brokerage,144.78,148.51,93.79,146.59,144.27,142.88,139.21,127.39,0.4,2.27,148.07,137.69
MOS,Mosaic Company (The),Materials,Fertilizers & Agricultural Chemicals,32.3,37.81,22.62,32.05,32.3,34.35,35.31,29.34,0.2,20.4,38.89,29.8
NFLX,Netflix,Communication Services,Movies & Entertainment,1245.09,1339.13,663.22,1228.86,1208.1,1191.28,1230.65,1034.07,0.6,0.1,1246.34,1136.28
NEM,Newmont,Materials,Gold,69.0,69.33,36.61,68.86,68.64,65.84,61.06,49.34,0.4,4.19,71.89,59.8
NWSA,News Corp (Class A),Communication Services,Publishing,29.53,30.38,23.97,29.45,29.18,29.27,29.11,28.17,0.2,1.46,29.96,28.57
NWS,News Corp (Class B),Communication Services,Publishing,34.23,34.89,26.94,34.0,33.68,33.63,33.49,31.92,0.4,0.41,34.37,32.88
NEE,NextEra Energy,Utilities,Multi-Utilities,75.72,83.49,63.6,73.51,72.67,72.36,72.8,71.0,0.2,0.32,75.96,68.75
NKE,"Nike, Inc.",Consumer Discretionary,"Apparel, Accessories & Luxury Goods",77.43,87.95,52.92,76.58,75.53,75.88,71.11,69.85,0.2,1.69,78.74,73.01
NDSN,Nordson Corporation,Industrials,Industrial Machinery & Supplies & Components,214.1,261.43,166.9,216.43,214.09,215.53,216.4,214.5,0.4,4.17,223.03,208.03
NSC,Norfolk Southern,Industrials,Rail Transportation,279.79,285.03,204.09,280.62,280.48,279.44,266.13,246.53,0.2,1.62,284.32,274.57
NRG,NRG Energy,Utilities,Independent Power Producers & Energy Traders,150.44,173.91,75.33,152.91,154.28,158.11,154.86,117.64,0.2,14.8,172.71,143.52
NUE,Nucor,Materials,Steel,144.65,165.5,102.79,144.34,141.41,141.85,135.56,128.91,0.2,2.17,147.79,135.91
NVDA,Nvidia,Information Technology,Semiconductors,182.01,183.16,94.3,181.85,181.24,178.03,164.34,137.07,0.2,2.53,186.61,169.44
NXPI,NXP Semiconductors,Information Technology,Semiconductors,232.01,253.51,152.79,228.58,217.55,219.39,219.83,210.16,0.2,2.77,238.44,200.35
ORLY,O’Reilly Automotive,Consumer Discretionary,Automotive Retail,101.39,104.44,73.94,101.79,102.6,100.35,94.56,88.73,0.2,4.21,105.66,95.04
ORCL,Oracle Corporation,Information Technology,Application Software,249.07,256.43,122.56,248.07,250.46,248.58,229.79,179.02,0.2,3.65,258.16,239.01
PLTR,Palantir Technologies,Information Technology,Application Software,174.03,186.97,30.16,180.71,180.82,168.58,151.58,104.07,0.2,11.65,194.3,142.86
PANW,Palo Alto Networks,Information Technology,Systems Software,176.17,208.28,152.44,175.81,172.44,181.18,191.49,187.34,0.2,17.43,206.88,155.5
PSKY,Paramount Skydance Corporation,Communication Services,Movies & Entertainment,13.5,15.0,9.8,13.51,12.27,12.64,12.55,11.48,0.4,12.0,15.12,10.17
PAYC,Paycom,Industrials,Human Resource & Employment Services,225.28,265.71,154.16,219.03,222.6,228.46,232.35,223.84,0.2,8.13,243.6,213.33
PNR,Pentair,Industrials,Industrial Machinery & Supplies & Components,105.6,109.01,75.76,106.47,104.68,103.66,102.87,97.91,0.4,1.9,107.61,99.71
PFE,Pfizer,Health Care,Pharmaceuticals,25.07,28.21,20.83,25.03,24.72,24.46,24.3,24.23,0.2,2.11,25.6,23.33
PM,Philip Morris International,Consumer Staples,Tobacco,166.6,183.57,113.44,166.51,167.23,164.85,174.2,151.14,0.4,2.69,171.08,158.62
PSX,Phillips 66,Energy,Oil & Gas Refining & Marketing,122.84,136.52,91.98,122.36,121.05,122.95,123.55,119.03,0.4,4.93,128.9,117.0
PNC,PNC Financial Services,Financials,Diversified Banks,192.01,209.23,146.94,192.5,190.54,191.86,188.18,183.41,0.2,3.34,198.42,185.29
PPL,PPL Corporation,Utilities,Electric Utilities,36.24,37.24,30.01,36.8,36.49,36.34,35.03,33.95,0.2,2.7,37.22,35.47
PTC,PTC Inc.,Information Technology,Application Software,208.31,216.41,136.74,207.02,208.04,207.26,190.11,177.99,0.2,4.09,216.83,197.71
PHM,PulteGroup,Consumer Discretionary,Homebuilding,128.21,148.13,91.82,127.75,124.25,120.58,112.09,110.59,0.4,1.68,130.36,110.79
PWR,Quanta Services,Industrials,Construction & Engineering,383.32,421.68,236.56,382.63,384.74,395.27,382.78,324.72,0.2,9.63,420.23,370.29
QCOM,Qualcomm,Information Technology,Semiconductors,158.9,175.11,123.92,157.03,151.91,153.94,155.58,155.18,0.2,4.26,165.67,142.22
DGX,Quest Diagnostics,Health Care,Health Care Services,178.95,181.25,144.81,178.98,177.07,173.76,174.25,165.85,0.4,1.94,182.42,165.09
O,Realty Income,Real Estate,Retail REITs,57.87,61.73,49.83,57.94,57.57,57.32,57.06,55.01,0.2,1.09,58.5,56.14
RF,Regions Financial Corporation,Financials,Regional Banks,25.69,26.62,18.13,25.7,25.28,25.58,24.33,23.08,0.2,4.2,26.77,24.4
RSG,Republic Services,Industrials,Environmental & Facilities Services,232.43,257.46,196.49,232.81,233.95,236.4,241.4,229.5,0.2,6.2,246.84,225.98
RMD,ResMed,Health Care,Health Care Equipment,286.12,290.83,203.67,285.22,283.7,279.6,264.3,241.98,0.2,2.02,291.9,267.29
RCL,Royal Caribbean Group,Consumer Discretionary,"Hotels, Resorts & Cruise Lines",326.8,352.84,154.84,315.91,311.9,324.39,312.8,251.25,0.4,9.81,358.86,289.92
SPGI,S&P Global,Financials,Financial Exchanges & Data,551.21,564.15,437.5,558.69,559.09,547.53,530.55,509.45,0.2,4.74,577.34,517.71
SBAC,SBA Communications,Real Estate,Telecom Tower REITs,215.15,245.74,190.85,217.88,219.14,225.15,228.96,219.29,0.4,11.16,239.16,211.16
STX,Seagate Technology,Information Technology,"Technology Hardware, Storage & Peripherals",158.7,158.7,66.19,156.27,153.06,152.54,144.59,106.48,0.4,0.42,159.37,145.72
LUV,Southwest Airlines,Industrials,Passenger Airlines,31.31,37.7,23.9,31.04,30.31,31.45,32.89,31.4,0.2,14.88,35.97,26.93
STT,State Street Corporation,Financials,Asset Management & Custody Banks,111.19,113.6,74.79,111.76,111.03,111.18,106.69,96.2,0.2,2.37,113.83,108.52
STLD,Steel Dynamics,Materials,Steel,125.91,152.49,106.43,126.93,124.79,126.25,129.45,128.24,0.4,5.46,132.78,119.71
STE,Steris,Health Care,Health Care Equipment,244.56,251.96,201.46,245.42,239.29,233.29,234.64,224.48,0.4,2.57,250.85,215.73
SYF,Synchrony Financial,Financials,Consumer Finance,71.79,72.83,43.38,72.21,70.8,70.66,67.65,61.54,0.4,2.79,73.79,67.53
SNPS,Synopsys,Information Technology,Application Software,625.33,645.35,380.9,620.79,621.42,620.85,560.76,507.73,0.2,3.05,644.4,597.3
SYY,Sysco,Consumer Staples,Food Distributors,79.22,82.19,67.53,80.58,80.45,80.17,77.52,74.09,0.2,3.33,81.86,78.48
TMUS,T-Mobile US,Communication Services,Wireless Telecommunication Services,255.18,271.83,190.96,252.65,247.82,243.6,236.39,240.29,0.2,0.55,256.58,230.62
TTWO,Take-Two Interactive,Communication Services,Interactive Home Entertainment,232.55,243.05,146.38,233.32,228.62,226.99,233.38,209.08,0.6,1.6,236.27,217.72
TEL,TE Connectivity,Information Technology,Electronic Manufacturing Services,203.7,209.34,121.47,204.76,202.71,203.01,183.26,156.25,0.2,5.48,214.86,191.16
TXN,Texas Instruments,Information Technology,Semiconductors,194.33,219.66,143.34,193.77,189.7,188.7,199.54,186.32,0.6,4.42,202.92,174.49
TXT,Textron,Industrials,Aerospace & Defense,79.07,91.11,60.7,79.63,78.58,79.35,80.08,76.78,0.2,7.18,84.75,73.96
TJX,TJX Companies,Consumer Discretionary,Apparel Retail,133.06,134.6,110.06,133.05,131.98,128.89,125.8,123.23,0.4,1.91,135.6,122.18
TKO,TKO Group Holdings,Communication Services,Movies & Entertainment,185.56,191.28,113.12,188.54,176.58,172.21,171.95,153.77,0.4,4.12,193.21,151.22
TSCO,Tractor Supply,Consumer Discretionary,Other Specialty Retail,61.1,61.1,47.8,60.06,59.91,59.25,56.12,54.07,0.4,0.18,61.21,57.29
TDG,TransDigm Group,Industrials,Aerospace & Defense,1390.14,1620.83,1205.1,1405.45,1407.39,1504.29,1501.28,1377.67,0.2,22.29,1700.0,1308.56
TRV,Travelers Companies (The),Financials,Property & Casualty Insurance,264.92,275.2,212.84,266.47,265.96,263.47,262.58,254.97,0.2,2.16,270.64,256.28
TRMB,Trimble Inc.,Information Technology,Electronic Equipment & Instruments,82.8,85.24,54.04,83.36,83.25,83.69,79.2,71.95,0.2,3.36,85.58,81.8
TFC,Truist Financial,Financials,Diversified Banks,44.33,46.42,33.92,44.5,43.61,43.85,42.86,41.98,0.2,3.29,45.79,41.91
USB,U.S. Bancorp,Financials,Diversified Banks,46.11,51.9,36.0,46.25,45.38,45.5,45.32,44.96,0.4,2.52,47.27,43.73
UBER,Uber,Industrials,Passenger Ground Transportation,93.98,97.48,59.93,92.11,91.2,90.21,90.24,77.7,0.4,0.05,94.03,86.39
ULTA,Ulta Beauty,Consumer Discretionary,Other Specialty Retail,516.87,532.71,314.47,522.56,514.22,513.48,488.95,414.49,0.2,2.54,530.0,496.98
URI,United Rentals,Industrials,Trading Companies & Distributors,914.04,932.23,549.5,918.35,889.5,875.55,802.66,731.95,0.4,3.48,945.85,805.24
UNH,UnitedHealth Group,Health Care,Managed Health Care,308.49,615.84,237.77,283.47,266.21,266.84,288.64,439.45,0.4,-0.33,307.47,226.22
VTR,Ventas,Real Estate,Health Care REITs,67.21,69.55,56.07,67.81,68.21,67.58,65.1,63.63,0.2,3.23,69.38,65.79
VLTO,Veralto,Industrials,Environmental & Facilities Services,106.69,113.22,85.23,108.04,107.66,105.9,102.71,100.43,0.2,3.31,110.22,101.58
VRSK,Verisk Analytics,Industrials,Research & Consulting Services,265.69,320.87,260.0,265.09,265.21,276.21,294.54,290.94,0.4,14.32,303.74,248.67
VZ,Verizon,Communication Services,Integrated Telecommunication Services,44.39,45.03,36.62,43.82,43.34,43.08,42.44,41.22,0.4,-0.59,44.13,42.03
V,Visa Inc.,Financials,Transaction & Payment Processing Services,342.74,372.65,264.61,342.4,339.1,344.38,349.9,335.7,0.2,4.74,358.99,329.77
VMC,Vulcan Materials Company,Materials,Construction Materials,289.88,295.15,219.65,292.23,287.74,280.21,269.91,262.62,0.4,2.66,297.59,262.84
WRB,W. R. Berkley Corporation,Financials,Property & Casualty Insurance,70.5,74.57,55.33,70.84,70.55,69.71,70.6,65.2,0.2,1.77,71.75,67.67
WAB,Wabtec,Industrials,Construction Machinery & Heavy Transportation Equipment,189.81,214.1,157.51,191.35,190.4,193.6,202.05,194.15,0.4,9.68,208.18,179.01
WBA,Walgreens Boots Alliance,Consumer Staples,Drug Retail,12.0,12.93,8.01,11.95,11.9,11.75,11.56,10.69,0.2,0.67,12.08,11.43
WMT,Walmart,Consumer Staples,Consumer Staples Merchandise Retail,100.7,104.27,72.27,101.09,101.77,99.53,97.48,93.54,0.2,4.08,104.81,94.25
WELL,Welltower,Real Estate,Health Care REITs,162.41,168.94,113.43,163.0,165.57,164.24,157.47,144.27,0.2,5.07,170.64,157.85
WDC,Western Digital,Information Technology,"Technology Hardware, Storage & Peripherals",76.29,78.69,30.48,75.91,75.32,73.55,66.85,51.95,0.2,5.19,80.25,66.85
WSM,"Williams-Sonoma, Inc.",Consumer Discretionary,Homefurnishing Retail,201.65,215.83,126.49,205.5,203.1,194.83,176.11,173.18,0.2,6.1,213.95,175.71
WMB,Williams Companies,Energy,Oil & Gas Storage & Transportation,56.52,62.87,42.31,57.39,57.84,58.31,58.95,56.91,0.4,6.72,60.32,56.3
XYL,Xylem Inc.,Industrials,Industrial Machinery & Supplies & Components,140.85,144.62,102.53,142.09,142.67,138.95,133.02,124.42,0.2,6.39,149.85,128.04
YUM,Yum! Brands,Consumer Discretionary,Restaurants,149.34,161.74,122.07,146.23,143.71,144.95,145.64,142.39,0.4,0.74,150.45,139.45
ZTS,Zoetis,Health Care,Pharmaceuticals,152.32,194.12,143.44,152.34,149.89,150.2,154.79,162.24,0.2,1.98,155.34,145.07
