Symbol,Company,GICS_Sector,GICS_Sub_Industry,Current_Price,High_52_Week,Low_52_Week,SMA5,SMA10,SMA20,SMA50,SMA200,Score,Target_Pcnt,Target_Price,Stop_Loss
MMM,3M,Industrials,Industrial Conglomerates,152.86,160.2,122.88,155.99,154.12,151.79,151.03,142.28,0.2,4.04,159.04,144.55
AOS,A. O. Smith,Industrials,Building Products,72.15,88.84,59.04,72.37,71.47,71.29,68.23,67.87,0.4,1.58,73.29,69.29
ABT,Abbott Laboratories,Health Care,Health Care Equipment,130.27,138.95,108.68,130.34,131.1,129.05,131.07,125.59,0.2,2.84,133.97,124.14
ABBV,AbbVie,Health Care,Biotechnology,206.57,212.84,160.57,203.61,200.85,195.89,190.74,185.65,0.4,0.58,207.77,184.0
ACN,Accenture,Information Technology,IT Consulting & Other Services,249.13,394.31,237.87,245.17,244.0,259.45,282.45,322.54,0.0,18.1,294.22,224.69
ADBE,Adobe Inc.,Information Technology,Application Software,357.24,586.55,333.65,350.03,344.75,354.19,372.17,418.35,-0.2,6.67,381.07,327.31
AMD,Advanced Micro Devices,Information Technology,Semiconductors,176.14,184.42,78.21,178.79,174.88,172.31,151.26,124.51,0.2,6.28,187.2,157.42
AES,AES Corporation,Utilities,Independent Power Producers & Energy Traders,13.36,19.11,9.5,13.11,12.99,13.18,12.12,11.63,0.2,3.29,13.8,12.57
AFL,Aflac,Financials,Life & Health Insurance,105.76,113.48,98.09,105.14,103.69,102.23,102.61,104.73,0.0,1.3,107.13,97.33
A,Agilent Technologies,Health Care,Life Sciences Tools & Services,118.15,151.96,99.08,118.77,116.47,117.07,117.64,124.2,-0.2,3.36,122.12,112.02
APD,Air Products,Materials,Industrial Gases,288.14,333.89,247.03,290.85,289.7,291.38,287.04,292.91,-0.4,4.37,300.73,282.01
ABNB,Airbnb,Consumer Discretionary,"Hotels, Resorts & Cruise Lines",125.49,161.42,105.69,124.28,124.12,130.43,133.71,131.92,0.0,16.09,145.68,115.17
AKAM,Akamai Technologies,Information Technology,Internet Services & Infrastructure,75.28,106.67,68.21,74.28,73.54,76.07,77.69,85.21,-0.2,9.66,82.55,69.59
ALB,Albemarle Corporation,Materials,Specialty Chemicals,83.09,109.53,50.43,81.27,76.82,75.89,69.78,76.71,0.0,6.5,88.49,63.29
ARE,Alexandria Real Estate Equities,Real Estate,Office REITs,77.21,117.87,66.61,75.3,74.91,77.16,75.42,86.55,0.0,7.86,83.28,71.04
ALGN,Align Technology,Health Care,Health Care Supplies,144.94,257.17,129.01,143.3,140.65,161.62,178.16,192.52,-0.2,54.02,223.24,99.99
ALLE,Allegion,Industrials,Building Products,167.2,169.62,118.08,167.79,166.08,164.36,152.18,137.87,0.2,3.04,172.28,156.44
LNT,Alliant Energy,Utilities,Electric Utilities,64.43,66.34,54.87,64.79,65.29,65.01,62.57,60.55,0.2,3.23,66.51,63.52
ALL,Allstate,Financials,Property & Casualty Insurance,207.09,211.62,174.73,207.63,207.1,202.0,198.64,196.0,0.4,3.21,213.74,190.25
GOOGL,Alphabet Inc. (Class A),Communication Services,Interactive Media & Services,203.5,205.89,144.53,203.13,200.53,196.66,184.75,176.71,0.2,1.35,206.25,187.08
GOOG,Alphabet Inc. (Class C),Communication Services,Interactive Media & Services,204.29,207.22,146.4,204.04,201.35,197.51,185.71,178.22,0.2,1.35,207.05,187.98
MO,Altria,Consumer Staples,Tobacco,65.99,66.01,46.47,65.77,64.8,62.59,60.32,55.59,0.2,2.47,67.62,57.56
AMZN,Amazon,Consumer Discretionary,Broadline Retail,231.49,242.06,167.32,227.91,224.27,225.83,221.61,211.52,0.4,3.25,239.01,212.64
AMCR,Amcor,Materials,Paper & Plastic Packaging Products & Materials,8.48,10.94,8.45,9.14,9.34,9.46,9.4,9.51,-0.4,20.52,10.22,8.7
AEE,Ameren,Utilities,Multi-Utilities,99.95,103.26,78.94,101.07,101.41,100.98,97.96,94.79,0.0,3.29,103.24,98.71
AEP,American Electric Power,Utilities,Electric Utilities,110.7,114.06,87.97,112.13,112.28,111.18,106.14,100.46,0.2,4.12,115.26,107.11
AXP,American Express,Financials,Consumer Finance,307.05,328.13,230.81,306.07,301.09,302.92,306.54,291.77,0.4,2.33,314.2,291.64
AIG,American International Group,Financials,Multi-line Insurance,80.38,87.26,69.3,79.81,78.99,78.93,81.78,78.66,0.2,1.19,81.34,76.53
AMT,American Tower,Real Estate,Telecom Tower REITs,203.13,235.15,170.7,204.3,206.3,213.39,216.83,204.03,0.2,14.8,233.19,193.58
AWK,American Water Works,Utilities,Water Utilities,142.66,150.19,118.87,143.16,143.05,142.11,141.05,135.67,0.2,2.85,146.73,137.5
AMP,Ameriprise Financial,Financials,Asset Management & Custody Banks,505.63,569.83,418.94,509.73,507.22,512.7,519.97,516.86,0.0,5.27,532.28,493.15
AME,Ametek,Industrials,Electrical Components & Equipment,182.62,196.4,151.15,184.12,183.79,182.22,180.56,179.71,0.2,2.68,187.51,176.93
AMGN,Amgen,Health Care,Biotechnology,292.62,329.11,254.27,290.74,289.65,296.33,293.2,287.0,0.2,6.88,312.75,279.91
APH,Amphenol,Information Technology,Electronic Components,111.06,111.85,58.99,110.54,109.85,107.37,101.12,79.13,0.0,2.12,113.41,101.32
ADI,Analog Devices,Information Technology,Semiconductors,231.55,245.68,163.85,233.81,228.16,228.04,233.25,215.83,0.6,2.93,238.33,217.73
AON,Aon plc,Financials,Insurance Brokers,365.37,407.61,328.86,366.69,365.83,362.07,357.39,369.02,-0.2,2.44,374.29,349.86
APA,APA Corporation,Energy,Oil & Gas Exploration & Production,20.41,28.03,13.62,20.48,19.84,19.48,19.23,19.68,-0.2,2.89,21.0,17.95
APO,Apollo Global Management,Financials,Asset Management & Custody Banks,139.39,177.47,105.76,141.0,142.16,144.68,142.71,148.13,-0.2,9.84,153.11,136.24
AAPL,Apple Inc.,Information Technology,"Technology Hardware, Storage & Peripherals",230.89,258.1,172.0,231.65,225.0,217.57,209.99,220.5,0.0,3.34,238.6,196.53
AMAT,Applied Materials,Information Technology,Semiconductor Materials & Equipment,163.53,212.29,126.59,178.4,180.17,183.03,183.52,169.49,0.2,21.35,198.44,167.62
APTV,Aptiv,Consumer Discretionary,Automotive Parts & Equipment,75.71,75.71,47.92,74.12,70.0,69.36,69.31,62.66,0.6,0.77,76.29,62.43
ACGL,Arch Capital Group,Financials,Property & Casualty Insurance,90.35,109.22,84.99,90.05,89.62,88.58,89.43,92.34,0.0,1.47,91.68,85.47
ADM,Archer Daniels Midland,Consumer Staples,Agricultural Products & Services,59.67,60.56,41.37,59.42,58.54,56.72,54.47,50.03,0.4,1.83,60.76,52.69
ANET,Arista Networks,Information Technology,Communications Equipment,138.04,141.25,64.37,138.22,136.41,126.73,110.81,100.28,0.2,7.76,148.75,104.72
AJG,Arthur J. Gallagher & Co.,Financials,Insurance Brokers,294.51,348.08,274.44,293.28,290.68,294.68,307.8,311.88,-0.2,6.93,314.92,274.44
AIZ,Assurant,Financials,Multi-line Insurance,209.14,226.12,179.02,211.52,206.72,196.57,195.04,202.63,0.0,4.86,219.3,173.82
T,AT&T,Communication Services,Integrated Telecommunication Services,28.92,28.92,18.23,28.68,28.3,27.97,27.81,25.41,0.4,0.0,28.92,27.02
ATO,Atmos Energy,Utilities,Gas Utilities,164.02,166.98,126.05,165.64,163.39,160.13,156.27,149.19,0.4,2.74,168.51,151.73
ADSK,Autodesk,Information Technology,Application Software,289.65,321.27,238.84,286.04,290.28,296.47,298.51,290.33,0.2,7.97,312.74,280.21
ADP,Automatic Data Processing,Industrials,Human Resource & Employment Services,302.65,325.19,258.31,302.14,302.48,304.28,305.86,301.1,0.0,2.69,310.79,297.76
AZO,AutoZone,Consumer Discretionary,Automotive Retail,4039.95,4072.8,2981.19,4015.29,4029.28,3930.43,3778.76,3531.73,0.4,2.66,4147.41,3713.56
AVB,AvalonBay Communities,Real Estate,Multi-Family Residential REITs,188.25,232.03,182.72,189.23,187.91,192.1,198.7,208.96,-0.2,9.7,206.51,177.68
AVY,Avery Dennison,Materials,Paper & Plastic Packaging Products & Materials,172.25,219.16,158.75,175.78,172.73,173.04,176.57,182.14,-0.2,5.93,182.46,163.62
AXON,Axon Enterprise,Industrials,Aerospace & Defense,791.62,870.97,354.62,765.96,809.27,770.97,774.2,648.01,-0.2,10.47,874.5,667.45
BKR,Baker Hughes,Energy,Oil & Gas Equipment & Services,42.87,48.05,32.21,42.86,43.05,43.74,40.77,40.98,-0.4,8.86,46.67,40.8
BALL,Ball Corporation,Materials,"Metal, Glass & Plastic Containers",52.85,67.18,44.77,53.75,53.73,56.11,56.56,54.42,0.2,15.61,61.1,51.12
BAC,Bank of America,Financials,Diversified Banks,47.92,48.93,34.19,47.46,46.54,47.05,46.67,44.04,0.2,2.82,49.27,44.83
BAX,Baxter International,Health Care,Health Care Equipment,23.61,39.64,21.76,24.07,23.64,25.1,28.02,30.68,0.0,28.34,30.3,19.9
BDX,Becton Dickinson,Health Care,Health Care Equipment,195.0,246.46,164.16,195.37,189.98,185.65,178.65,205.75,0.0,2.78,200.42,170.87
BRK-B,Berkshire Hathaway,Financials,Multi-Sector Holdings,478.52,539.8,440.84,476.53,470.73,473.54,479.31,485.89,0.2,1.99,488.04,459.05
BBY,Best Buy,Consumer Discretionary,Computer & Electronics Retail,71.8,99.54,55.4,71.63,69.77,68.22,69.16,75.53,-0.2,1.43,72.83,63.61
TECH,Bio-Techne,Health Care,Life Sciences Tools & Services,53.29,80.05,46.66,53.63,52.34,54.39,52.7,61.16,-0.2,12.55,59.98,48.79
BIIB,Biogen,Health Care,Biotechnology,135.91,206.18,113.38,134.71,132.22,131.06,130.34,139.07,-0.2,1.09,137.39,124.72
BLK,BlackRock,Financials,Asset Management & Custody Banks,1136.12,1160.16,811.42,1150.19,1134.68,1123.86,1072.74,995.72,0.2,2.13,1160.32,1087.36
BX,Blackstone Inc.,Financials,Asset Management & Custody Banks,169.22,194.8,118.51,173.18,170.95,172.04,158.64,157.52,0.2,5.47,178.48,165.6
XYZ,"Block, Inc.",Financials,Transaction & Payment Processing Services,76.73,98.92,46.53,76.01,75.47,76.9,70.87,72.19,-0.2,6.02,81.35,72.45
BK,BNY Mellon,Financials,Asset Management & Custody Banks,101.74,103.61,63.49,102.32,102.31,101.42,95.63,84.74,0.2,2.48,104.26,98.59
BA,Boeing,Industrials,Aerospace & Defense,232.41,236.41,136.59,233.37,229.91,229.01,220.06,183.9,0.4,2.44,238.08,219.95
BKNG,Booking Holdings,Consumer Discretionary,"Hotels, Resorts & Cruise Lines",5532.0,5815.92,3590.95,5476.1,5457.7,5531.0,5561.48,5072.48,0.2,4.12,5759.92,5302.3
BSX,Boston Scientific,Health Care,Health Care Equipment,103.05,107.76,77.58,103.1,103.21,104.58,103.56,98.86,0.2,4.74,107.93,101.23
BMY,Bristol Myers Squibb,Health Care,Pharmaceuticals,48.19,61.62,43.31,47.77,46.67,46.72,47.05,52.21,-0.2,3.55,49.9,43.54
AVGO,Broadcom,Information Technology,Semiconductors,305.76,312.83,135.46,309.05,305.25,298.4,278.7,220.75,0.2,3.57,316.68,280.12
BR,Broadridge Financial Solutions,Industrials,Data Processing & Outsourced Services,260.06,266.89,204.4,260.81,263.22,255.67,245.84,235.29,0.2,4.62,272.07,239.26
BRO,Brown & Brown,Financials,Insurance Brokers,94.95,124.07,91.23,95.19,93.94,95.71,102.72,108.74,0.0,9.95,104.4,87.02
BF-B,Brown–Forman,Consumer Staples,Distillers & Vintners,30.5,48.58,25.65,30.5,30.59,30.32,28.59,33.98,-0.4,3.74,31.64,29.0
BLDR,Builders FirstSource,Industrials,Building Products,136.52,201.83,105.63,138.68,134.93,133.24,125.65,139.24,-0.2,3.89,141.83,124.64
BG,Bunge Global,Consumer Staples,Agricultural Products & Services,80.57,98.79,67.82,82.04,82.15,80.06,79.2,78.05,0.4,5.46,84.97,75.16
BXP,"BXP, Inc.",Real Estate,Office REITs,65.16,86.01,56.05,65.0,64.82,66.78,68.54,69.12,-0.4,11.31,72.53,61.02
CHRW,C.H. Robinson,Industrials,Air Freight & Logistics,122.97,122.97,86.41,121.1,119.04,111.95,102.51,100.16,0.2,5.14,129.29,94.61
CDNS,Cadence Design Systems,Information Technology,Application Software,356.25,371.03,231.64,351.56,353.39,349.71,325.41,297.4,0.2,6.28,378.62,320.8
CZR,Caesars Entertainment,Consumer Discretionary,Casinos & Gaming,25.68,45.55,23.18,25.38,24.91,26.53,27.87,31.2,-0.2,19.2,30.61,22.46
CPT,Camden Property Trust,Real Estate,Multi-Family Residential REITs,105.77,123.69,104.05,106.09,106.11,109.01,112.11,114.62,-0.2,10.22,116.58,101.44
CPB,Campbell's Company (The),Consumer Staples,Packaged Foods & Meats,32.34,49.89,30.28,32.38,32.47,32.47,31.89,37.08,-0.4,2.41,33.12,31.81
COF,Capital One,Financials,Consumer Finance,216.2,220.48,134.82,216.93,213.04,213.11,210.52,189.93,0.2,2.13,220.81,205.4
CAH,Cardinal Health,Health Care,Health Care Distributors,149.73,167.63,106.24,148.8,152.73,154.95,158.98,136.59,0.2,8.56,162.55,147.36
KMX,CarMax,Consumer Discretionary,Automotive Retail,58.45,89.19,54.66,57.93,56.81,58.0,63.06,73.13,-0.2,7.61,62.9,53.1
CCL,Carnival,Consumer Discretionary,"Hotels, Resorts & Cruise Lines",29.97,30.74,15.32,30.05,29.48,29.65,27.93,24.26,0.0,2.84,30.82,28.49
CARR,Carrier Global,Industrials,Building Products,66.49,81.67,55.21,66.09,66.02,69.93,72.02,69.04,0.2,22.08,81.17,58.68
CAT,Caterpillar Inc.,Industrials,Construction Machinery & Heavy Transportation Equipment,412.64,438.02,271.63,412.87,416.85,423.7,398.91,363.13,-0.2,7.33,442.89,404.5
CBOE,Cboe Global Markets,Financials,Financial Exchanges & Data,245.96,253.24,189.73,246.25,248.35,246.02,236.48,216.41,0.2,3.25,253.95,238.09
CBRE,CBRE Group,Real Estate,Real Estate Services,157.84,159.66,110.57,158.22,156.67,153.71,143.97,134.67,0.2,3.93,164.04,143.38
CDW,CDW Corporation,Information Technology,Technology Distributors,165.84,226.97,144.0,165.45,164.29,171.28,174.74,176.24,-0.4,12.7,186.9,155.66
COR,Cencora,Health Care,Health Care Distributors,290.35,303.43,217.68,291.32,288.43,289.1,291.94,265.71,0.2,2.27,296.94,281.26
CNC,Centene Corporation,Health Care,Managed Health Care,28.99,80.23,25.21,27.53,26.48,26.68,37.4,54.47,0.0,0.83,29.23,24.14
CNP,CenterPoint Energy,Utilities,Multi-Utilities,37.73,39.16,25.3,38.28,38.52,38.36,37.11,34.56,0.0,4.51,39.43,37.28
CF,CF Industries,Materials,Fertilizers & Agricultural Chemicals,84.45,101.88,67.67,84.69,85.0,88.74,92.24,85.17,0.0,15.74,97.74,79.75
CRL,Charles River Laboratories,Health Care,Life Sciences Tools & Services,156.98,220.69,99.75,155.44,154.25,163.3,156.83,161.51,-0.4,17.45,184.37,142.22
SCHW,Charles Schwab Corporation,Financials,Investment Banking & Brokerage,96.17,98.69,60.96,96.87,96.74,96.68,92.93,82.27,-0.2,2.72,98.79,94.57
CHTR,Charter Communications,Communication Services,Cable & Satellite,266.81,427.25,256.57,265.98,263.21,288.52,352.94,365.57,0.0,41.99,378.84,198.19
CVX,Chevron Corporation,Energy,Integrated Oil & Gas,155.32,166.48,132.12,155.47,154.48,153.98,150.11,148.57,0.2,1.61,157.82,150.13
CMG,Chipotle Mexican Grill,Consumer Discretionary,Restaurants,43.38,66.16,41.44,43.38,42.8,44.35,50.1,53.81,0.0,16.11,50.37,38.32
CB,Chubb Limited,Financials,Property & Casualty Insurance,272.92,301.45,256.04,273.54,271.65,270.35,277.9,279.69,-0.2,1.52,277.07,263.63
CHD,Church & Dwight,Consumer Staples,Household Products,92.8,112.48,90.63,92.59,92.03,93.73,95.67,101.76,0.0,5.87,98.25,89.21
CI,Cigna,Health Care,Health Care Services,298.32,361.79,262.23,290.62,281.67,284.5,301.69,306.71,0.2,4.12,310.61,258.4
CINF,Cincinnati Financial,Financials,Property & Casualty Insurance,149.79,157.35,125.84,152.08,151.64,150.4,148.39,143.68,0.0,3.3,154.73,146.07
CTAS,Cintas,Industrials,Diversified Support Services,214.28,227.2,181.05,219.85,221.77,221.79,220.49,209.52,0.2,5.99,227.12,216.47
CSCO,Cisco,Information Technology,Communications Equipment,66.95,71.79,47.21,68.85,69.33,68.75,67.79,61.4,-0.2,6.96,71.61,65.88
C,Citigroup,Financials,Diversified Banks,94.22,95.74,55.59,94.75,93.38,93.66,87.51,75.14,0.2,2.56,96.63,90.68
CFG,Citizens Financial Group,Financials,Regional Banks,48.54,49.45,33.59,48.54,47.78,48.09,45.8,42.95,0.2,2.6,49.8,46.38
CLX,Clorox,Consumer Staples,Household Products,119.48,165.31,116.82,121.54,122.53,124.46,123.71,142.22,-0.2,9.21,130.48,118.44
CME,CME Group,Financials,Financial Exchanges & Data,270.41,289.38,196.44,273.77,278.37,278.21,275.49,253.89,0.4,6.11,286.93,269.48
CMS,CMS Energy,Utilities,Multi-Utilities,72.03,74.4,63.54,72.64,73.08,72.8,70.81,69.18,0.2,3.4,74.48,71.12
KO,Coca-Cola Company (The),Consumer Staples,Soft Drinks & Non-alcoholic Beverages,69.13,73.38,59.94,69.95,69.98,69.44,69.97,67.28,0.2,2.72,71.01,67.88
CTSH,Cognizant,Information Technology,IT Consulting & Other Services,70.1,90.05,66.22,69.73,69.73,72.11,75.78,77.9,0.0,11.28,78.01,66.2
COIN,Coinbase,Financials,Financial Exchanges & Data,320.73,419.78,147.35,322.56,315.53,344.25,338.4,268.48,0.0,29.95,416.79,271.7
CL,Colgate-Palmolive,Consumer Staples,Household Products,84.26,106.38,83.06,85.06,84.68,85.53,87.81,89.65,-0.2,5.7,89.06,81.99
CMCSA,Comcast,Communication Services,Cable & Satellite,33.43,43.96,31.41,32.96,32.42,33.08,34.21,35.92,-0.2,6.04,35.45,30.7
CAG,Conagra Brands,Consumer Staples,Packaged Foods & Meats,18.98,30.97,18.26,19.32,19.21,19.01,19.82,23.66,-0.2,3.64,19.67,18.34
COP,ConocoPhillips,Energy,Oil & Gas Exploration & Production,94.0,112.05,81.96,95.09,94.18,94.65,93.44,96.06,-0.4,3.91,97.68,91.62
ED,Consolidated Edison,Utilities,Multi-Utilities,99.74,111.42,85.77,101.97,102.75,102.43,100.94,98.93,0.0,5.31,105.04,99.83
STZ,Constellation Brands,Consumer Staples,Distillers & Vintners,166.25,252.91,159.07,168.87,169.67,170.83,168.04,188.63,-0.2,6.1,176.39,165.27
CEG,Constellation Energy,Utilities,Electric Utilities,322.77,354.89,170.73,327.48,332.31,333.08,319.83,270.1,-0.2,9.24,352.59,313.57
COO,Cooper Companies (The),Health Care,Health Care Supplies,73.53,111.23,66.91,73.44,71.52,72.1,71.99,84.88,-0.2,2.94,75.69,68.51
CPRT,Copart,Industrials,Diversified Support Services,47.36,63.84,45.33,47.23,46.88,46.52,47.55,55.1,0.2,0.72,47.7,45.33
GLW,Corning Inc.,Information Technology,Electronic Components,65.52,65.77,38.85,65.64,65.09,62.03,55.94,49.47,0.0,7.17,70.22,53.83
CPAY,Corpay,Financials,Transaction & Payment Processing Services,316.5,389.55,283.07,316.07,312.4,321.51,327.55,343.5,0.0,8.83,344.45,298.56
CTVA,Corteva,Materials,Fertilizers & Agricultural Chemicals,72.29,77.12,52.19,71.86,71.72,72.19,73.22,64.51,0.2,2.27,73.93,70.45
CSGP,CoStar Group,Real Estate,Real Estate Services,88.16,96.83,69.29,88.36,91.7,92.55,86.32,78.7,-0.2,12.87,99.51,85.58
COST,Costco,Consumer Staples,Consumer Staples Merchandise Retail,979.35,1073.97,866.15,979.38,975.62,957.08,971.91,970.05,0.2,2.1,999.92,914.21
CTRA,Coterra,Energy,Oil & Gas Exploration & Production,23.24,29.06,21.86,23.82,23.83,23.74,24.69,25.4,0.2,4.73,24.34,23.15
CRWD,CrowdStrike,Information Technology,Systems Software,426.34,514.1,246.39,429.4,431.64,446.8,470.71,403.98,0.2,12.86,481.17,412.42
CCI,Crown Castle,Real Estate,Telecom Tower REITs,100.55,115.16,82.06,101.49,103.22,106.09,103.4,97.7,0.4,12.68,113.3,98.88
CSX,CSX Corporation,Industrials,Rail Transportation,35.99,36.46,26.58,36.11,35.81,35.58,34.03,32.17,0.2,1.14,36.4,34.75
CMI,Cummins,Industrials,Construction Machinery & Heavy Transportation Equipment,401.95,406.8,265.61,402.41,392.69,378.42,349.12,340.24,0.2,2.34,411.36,345.49
CVS,CVS Health,Health Care,Health Care Services,70.17,70.17,42.33,67.38,65.79,63.41,64.52,59.79,0.4,-1.28,69.27,57.55
DHR,Danaher Corporation,Health Care,Life Sciences Tools & Services,209.01,276.83,174.36,209.0,203.8,201.98,199.98,211.23,-0.2,1.91,213.0,190.95
DRI,Darden Restaurants,Consumer Discretionary,Restaurants,205.41,224.21,139.03,206.17,205.05,204.73,211.08,192.95,0.4,1.78,209.07,200.39
DDOG,Datadog,Information Technology,Application Software,129.07,168.65,87.0,127.7,130.45,137.72,135.25,127.42,0.2,19.88,154.73,120.71
DVA,DaVita,Health Care,Health Care Services,133.25,177.35,127.69,133.96,132.44,138.3,139.53,148.98,-0.4,14.21,152.18,124.41
DAY,Dayforce,Industrials,Human Resource & Employment Services,66.62,81.8,49.33,55.58,53.84,56.05,56.71,63.51,0.2,-3.9,64.02,48.07
DECK,Deckers Brands,Consumer Discretionary,Footwear,105.58,223.11,95.32,104.52,103.83,106.18,104.66,142.46,-0.2,8.09,114.12,98.24
DE,Deere & Company,Industrials,Agricultural & Farm Machinery,491.13,529.8,367.41,495.63,502.04,507.0,510.07,470.03,0.2,7.37,527.33,486.66
DELL,Dell Technologies,Information Technology,"Technology Hardware, Storage & Peripherals",138.13,142.14,70.88,139.21,136.45,133.34,125.69,112.53,0.2,3.43,142.87,123.81
DAL,Delta Air Lines,Industrials,Passenger Airlines,61.09,68.45,35.65,59.63,56.59,55.32,52.76,54.61,0.0,-0.51,60.78,49.85
DVN,Devon Energy,Energy,Oil & Gas Exploration & Production,33.55,44.02,26.61,33.61,33.13,33.15,33.2,33.77,-0.2,2.62,34.43,31.87
DXCM,Dexcom,Health Care,Health Care Equipment,80.82,90.75,59.83,80.37,78.68,81.92,83.13,79.55,0.2,13.09,91.4,72.43
FANG,Diamondback Energy,Energy,Oil & Gas Exploration & Production,139.52,194.36,117.58,139.4,140.19,143.17,142.5,150.97,-0.2,8.56,151.46,134.89
DLR,Digital Realty,Real Estate,Data Center REITs,165.02,191.46,135.17,167.2,168.75,172.85,173.42,167.53,0.2,10.45,182.26,163.44
DG,Dollar General,Consumer Staples,Consumer Staples Merchandise Retail,112.3,121.87,67.66,114.15,114.14,110.92,111.84,88.71,0.4,5.33,118.29,103.56
DLTR,Dollar Tree,Consumer Staples,Consumer Staples Merchandise Retail,112.06,117.16,61.21,113.93,114.92,114.81,106.85,82.28,0.0,4.44,117.04,112.58
D,Dominion Energy,Utilities,Multi-Utilities,60.4,62.1,49.07,61.23,61.32,60.12,57.79,55.09,0.2,4.24,62.96,57.28
DPZ,Domino's,Consumer Discretionary,Restaurants,444.85,495.6,397.58,447.77,445.28,459.54,458.56,454.75,0.0,10.18,490.14,428.95
DASH,DoorDash,Consumer Discretionary,Specialized Consumer Services,253.34,270.99,123.56,253.46,256.69,251.76,240.14,198.31,0.2,5.49,267.25,236.26
DOV,Dover Corporation,Industrials,Industrial Machinery & Supplies & Components,177.15,205.3,150.71,178.78,176.82,180.26,182.21,185.73,-0.2,7.71,190.81,169.72
DOW,Dow Inc.,Materials,Commodity Chemicals,23.24,52.18,20.87,22.92,22.2,23.7,26.65,33.5,-0.2,24.01,28.82,18.59
DHI,D. R. Horton,Consumer Discretionary,Homebuilding,165.16,194.88,114.44,163.7,159.19,153.15,138.55,137.16,0.2,1.74,168.03,138.27
DTE,DTE Energy,Utilities,Multi-Utilities,137.4,141.49,114.13,139.53,139.67,139.02,135.46,128.51,0.0,3.22,141.82,136.23
DUK,Duke Energy,Utilities,Electric Utilities,121.46,124.85,102.96,123.03,123.58,121.58,118.17,113.76,0.2,4.16,126.51,116.65
DD,DuPont,Materials,Specialty Chemicals,73.19,88.16,54.8,73.16,72.05,72.97,71.81,73.78,0.0,5.63,77.31,68.64
EMN,Eastman Chemical Company,Materials,Specialty Chemicals,65.76,110.6,58.79,65.54,63.4,68.33,73.97,85.7,-0.2,25.84,82.75,53.9
ETN,Eaton Corporation,Industrials,Electrical Components & Equipment,353.5,392.76,245.66,356.08,357.81,371.59,357.83,328.54,0.0,13.4,400.87,342.31
EBAY,eBay Inc.,Consumer Discretionary,Broadline Retail,99.03,100.77,54.55,99.21,96.13,90.01,82.07,69.78,0.2,6.37,105.34,74.69
ECL,Ecolab,Materials,Specialty Chemicals,280.08,281.83,225.1,279.87,275.07,270.55,268.58,253.42,0.4,1.32,283.78,257.3
EIX,Edison International,Utilities,Electric Utilities,55.63,84.75,47.56,55.88,55.35,53.96,51.74,59.86,-0.2,2.89,57.24,50.67
EW,Edwards Lifesciences,Health Care,Health Care Equipment,78.3,81.16,64.54,77.87,78.16,78.48,77.24,73.42,0.0,3.65,81.16,75.79
EA,Electronic Arts,Communication Services,Interactive Home Entertainment,169.16,179.01,116.21,175.83,170.96,162.5,156.38,147.87,0.4,7.87,182.47,142.54
ELV,Elevance Health,Health Care,Managed Health Care,309.32,553.55,274.66,300.25,292.22,288.55,331.09,382.3,0.4,-0.34,308.27,268.82
EMR,Emerson Electric,Industrials,Electrical Components & Equipment,131.83,149.04,93.37,132.86,133.37,139.43,135.83,122.28,0.2,15.69,152.51,126.36
ENPH,Enphase Energy,Information Technology,Semiconductor Materials & Equipment,35.77,123.65,30.11,34.12,32.94,33.83,38.08,55.31,0.0,9.09,39.02,28.65
ETR,Entergy,Utilities,Electric Utilities,87.85,91.02,56.86,89.71,89.73,89.02,84.77,80.39,0.2,4.29,91.62,86.41
EOG,EOG Resources,Energy,Oil & Gas Exploration & Production,117.73,134.72,102.81,118.8,117.74,118.57,119.37,120.62,0.0,3.89,122.31,114.83
EPAM,EPAM Systems,Information Technology,IT Consulting & Other Services,164.6,267.63,143.33,159.07,156.35,160.34,168.02,197.75,0.0,6.18,174.77,145.91
EQT,EQT Corporation,Energy,Oil & Gas Exploration & Production,50.5,60.26,31.36,51.63,51.55,52.14,54.97,50.44,0.4,7.03,54.05,50.22
EFX,Equifax,Industrials,Research & Consulting Services,245.62,305.2,205.11,247.14,243.78,243.4,254.55,253.91,0.2,2.18,250.97,235.83
EQIX,Equinix,Real Estate,Data Center REITs,769.65,974.66,736.11,779.53,778.19,785.34,808.82,866.0,-0.2,4.93,807.59,763.05
EQR,Equity Residential,Real Estate,Multi-Family Residential REITs,63.24,75.24,61.2,63.51,63.38,64.67,66.36,68.66,-0.2,8.78,68.79,60.55
ERIE,Erie Indemnity,Financials,Insurance Brokers,359.74,537.71,339.09,365.19,361.24,359.51,353.58,387.92,-0.2,2.97,370.42,348.6
ESS,Essex Property Trust,Real Estate,Multi-Family Residential REITs,256.46,308.41,252.08,256.95,256.03,266.66,276.87,282.64,-0.2,15.65,296.6,236.73
EL,Estée Lauder Companies (The),Consumer Staples,Personal Care Products,90.74,99.31,49.8,91.63,91.03,91.03,84.68,72.47,0.2,4.34,94.68,87.38
EG,Everest Group,Financials,Reinsurance,331.97,400.34,324.54,333.18,331.07,332.08,335.2,348.12,0.0,2.08,338.87,325.31
EVRG,Evergy,Utilities,Electric Utilities,71.43,73.27,56.09,72.42,72.61,71.43,69.51,65.36,0.0,4.24,74.46,68.41
ES,Eversource Energy,Utilities,Electric Utilities,64.54,66.62,53.58,65.54,65.57,65.87,65.07,60.61,-0.2,3.75,66.96,64.77
EXC,Exelon,Utilities,Electric Utilities,44.0,46.54,35.25,44.61,44.68,44.27,43.28,41.45,0.0,3.43,45.51,43.02
EXE,Expand Energy,Energy,Oil & Gas Exploration & Production,93.03,120.67,68.08,94.52,96.48,97.76,105.88,102.03,0.0,10.64,102.93,92.6
EXPE,Expedia Group,Consumer Discretionary,"Hotels, Resorts & Cruise Lines",206.67,209.68,129.25,206.84,197.67,191.46,180.82,175.93,0.4,2.24,211.3,171.62
EXPD,Expeditors International,Industrials,Air Freight & Logistics,120.01,129.72,102.14,120.54,118.99,117.11,115.71,114.43,0.2,1.8,122.17,112.05
EXR,Extra Space Storage,Real Estate,Self-Storage REITs,136.86,177.29,125.24,136.86,137.08,141.79,145.84,148.3,-0.2,13.1,154.79,128.79
XOM,ExxonMobil,Energy,Integrated Oil & Gas,106.72,121.0,98.11,106.27,105.88,107.66,108.97,108.21,0.2,4.89,111.94,103.37
FFIV,"F5, Inc.",Information Technology,Communications Equipment,316.26,326.47,195.57,320.47,319.95,312.05,301.63,276.25,0.2,4.83,331.54,292.57
FDS,FactSet,Financials,Financial Exchanges & Data,371.15,492.37,369.62,372.53,378.88,394.62,419.24,447.38,-0.2,16.01,430.57,358.67
FICO,Fair Isaac,Information Technology,Application Software,1350.14,2382.4,1311.26,1333.09,1336.8,1411.23,1605.05,1877.94,0.0,17.63,1588.17,1234.25
FAST,Fastenal,Industrials,Trading Companies & Distributors,49.11,49.21,32.44,48.87,47.99,47.28,44.55,40.24,0.2,1.1,49.65,44.92
FRT,Federal Realty Investment Trust,Real Estate,Retail REITs,93.74,113.73,82.59,93.74,93.04,93.35,94.1,99.5,0.0,2.62,96.2,90.49
FDX,FedEx,Industrials,Air Freight & Logistics,227.72,300.06,196.8,229.39,227.32,229.07,228.81,245.35,0.0,6.76,243.11,215.01
FIS,Fidelity National Information Services,Financials,Transaction & Payment Processing Services,69.73,89.62,67.79,71.33,70.99,75.81,78.64,78.12,0.2,22.95,85.73,65.9
FITB,Fifth Third Bancorp,Financials,Regional Banks,42.77,47.14,33.02,42.73,42.03,42.13,41.54,40.94,0.2,1.78,43.53,40.72
FSLR,First Solar,Information Technology,Semiconductors,219.33,255.75,120.38,193.78,189.31,185.28,172.38,165.5,0.4,-7.21,203.52,167.04
FE,FirstEnergy,Utilities,Electric Utilities,42.83,43.95,37.17,43.5,43.36,42.51,40.88,40.04,0.2,4.18,44.62,40.39
FI,Fiserv,Financials,Transaction & Payment Processing Services,137.06,237.79,132.22,135.0,134.15,138.31,156.34,193.62,0.0,11.45,152.75,123.87
F,Ford Motor Company,Consumer Discretionary,Automobile Manufacturers,11.46,11.75,8.45,11.41,11.24,11.12,10.98,10.0,0.4,1.05,11.58,10.65
FTNT,Fortinet,Information Technology,Systems Software,80.76,114.57,73.4,78.98,81.2,91.93,98.82,98.62,0.2,44.18,116.44,67.42
FTV,Fortive,Industrials,Industrial Machinery & Supplies & Components,47.75,62.53,46.55,48.02,47.74,48.78,51.19,54.95,0.0,9.24,52.16,45.4
FOXA,Fox Corporation (Class A),Communication Services,Broadcasting,57.57,59.89,38.55,58.21,56.25,56.2,55.72,51.86,0.2,3.09,59.35,53.04
FOX,Fox Corporation (Class B),Communication Services,Broadcasting,52.75,54.58,35.86,53.13,51.31,51.41,51.09,48.23,0.2,3.01,54.34,48.49
BEN,Franklin Resources,Financials,Asset Management & Custody Banks,25.06,26.03,16.43,25.55,25.33,24.94,24.06,20.87,0.0,3.67,25.98,23.9
FCX,Freeport-McMoRan,Materials,Copper,41.75,51.16,28.93,42.26,41.53,42.11,42.86,39.82,0.4,9.87,45.87,38.35
GRMN,Garmin,Consumer Discretionary,Consumer Electronics,232.6,239.99,159.72,233.91,231.82,230.27,218.58,209.58,0.2,3.77,241.37,219.17
IT,Gartner,Information Technology,IT Consulting & Other Services,238.94,551.8,225.98,238.55,236.51,292.15,353.71,446.43,-0.2,69.37,404.69,179.6
GE,GE Aerospace,Industrials,Aerospace & Defense,268.45,279.63,159.16,270.9,272.11,270.7,258.19,209.97,-0.2,4.11,279.48,261.93
GEHC,GE HealthCare,Health Care,Health Care Equipment,73.17,93.69,58.69,73.99,72.68,73.68,73.82,78.13,-0.2,8.12,79.11,68.25
GEV,GE Vernova,Industrials,Heavy Electrical Equipment,625.02,664.55,181.78,632.79,642.39,639.27,565.41,408.14,-0.2,10.2,688.77,589.78
GEN,Gen Digital,Information Technology,Systems Software,31.37,32.16,23.4,31.67,30.51,30.27,29.91,28.14,0.4,3.6,32.5,28.03
GNRC,Generac,Industrials,Electrical Components & Equipment,198.14,202.85,101.92,199.52,197.51,183.06,157.34,148.19,0.0,12.45,222.81,143.32
GD,General Dynamics,Industrials,Aerospace & Defense,313.58,317.49,239.38,314.92,314.51,313.15,298.59,275.03,0.2,2.35,320.95,305.34
GIS,General Mills,Consumer Staples,Packaged Foods & Meats,49.35,72.16,48.94,49.51,49.54,49.78,51.0,56.96,0.0,3.81,51.23,48.33
GM,General Motors,Consumer Discretionary,Automobile Manufacturers,56.23,59.72,42.35,55.74,54.42,53.42,51.75,50.22,0.2,1.1,56.85,49.98
GPC,Genuine Parts Company,Consumer Discretionary,Distributors,137.14,140.16,104.68,137.1,135.2,133.7,127.3,120.87,0.4,1.21,138.8,128.59
GILD,Gilead Sciences,Health Care,Biotechnology,117.99,120.47,71.47,119.11,116.84,115.18,112.04,102.44,0.4,3.41,122.01,108.35
GPN,Global Payments,Financials,Transaction & Payment Processing Services,86.37,118.42,67.25,85.84,83.7,83.0,80.73,94.45,0.0,2.63,88.64,77.37
GL,Globe Life,Financials,Life & Health Insurance,135.99,143.27,95.13,137.74,138.96,136.97,127.22,119.84,0.2,8.32,147.3,126.63
GDDY,GoDaddy,Information Technology,Internet Services & Infrastructure,144.07,214.35,133.35,143.48,144.5,154.25,166.94,182.85,-0.2,22.56,176.57,131.93
GS,Goldman Sachs,Financials,Investment Banking & Brokerage,730.96,747.2,459.93,739.39,730.28,725.73,694.45,606.02,0.2,2.28,747.63,703.8
HAL,Halliburton,Energy,Oil & Gas Equipment & Services,21.33,31.33,19.1,21.19,21.11,21.67,21.62,24.22,-0.2,8.16,23.07,20.27
HIG,Hartford (The),Financials,Property & Casualty Insurance,129.76,131.34,105.42,130.32,129.17,126.43,125.15,118.84,0.4,2.12,132.51,120.36
HAS,Hasbro,Consumer Discretionary,Leisure Products,81.51,81.51,50.19,80.35,78.82,77.4,74.78,63.82,0.4,-0.16,81.38,73.41
HCA,HCA Healthcare,Health Care,Health Care Facilities,393.62,412.92,295.46,392.77,383.16,366.3,371.17,342.37,0.4,2.99,405.39,327.19
DOC,Healthpeak Properties,Real Estate,Health Care REITs,17.06,21.95,16.63,17.11,17.03,17.36,17.55,18.85,0.0,10.02,18.77,15.95
HSIC,Henry Schein,Health Care,Health Care Distributors,67.22,81.91,62.7,67.89,66.86,68.74,70.64,71.32,0.0,9.61,73.68,63.79
HSY,Hershey Company (The),Consumer Staples,Packaged Foods & Meats,178.4,196.72,141.22,177.82,180.68,182.69,173.85,166.42,0.2,7.2,191.24,174.13
HPE,Hewlett Packard Enterprise,Information Technology,"Technology Hardware, Storage & Peripherals",21.63,24.05,12.42,21.4,20.88,20.72,19.94,19.21,0.6,0.46,21.73,19.7
HLT,Hilton Worldwide,Consumer Discretionary,"Hotels, Resorts & Cruise Lines",269.15,278.65,201.16,269.77,265.42,267.22,264.37,248.99,0.2,2.89,276.93,257.51
HOLX,Hologic,Health Care,Health Care Equipment,67.27,83.72,52.73,68.01,67.88,67.06,65.66,66.63,-0.2,2.85,69.19,64.93
HD,Home Depot (The),Consumer Discretionary,Home Improvement Retail,394.7,426.0,333.17,399.52,393.13,383.79,371.33,379.77,0.0,2.77,405.63,361.96
HON,Honeywell,Industrials,Industrial Conglomerates,216.4,239.16,180.99,216.95,216.87,220.57,226.24,216.92,0.2,7.49,232.61,208.53
HRL,Hormel Foods,Consumer Staples,Packaged Foods & Meats,28.28,32.6,27.75,28.56,28.5,28.62,29.55,29.66,-0.2,4.28,29.49,27.75
HST,Host Hotels & Resorts,Real Estate,Hotel & Resort REITs,15.85,18.25,12.54,15.88,15.6,15.89,15.86,15.81,0.4,5.87,16.78,15.0
HWM,Howmet Aerospace,Industrials,Aerospace & Defense,173.05,192.01,91.19,175.6,178.12,182.04,179.68,141.34,0.2,11.35,192.69,171.38
HPQ,HP Inc.,Information Technology,"Technology Hardware, Storage & Peripherals",26.83,38.15,21.63,26.85,26.13,25.74,25.22,29.13,-0.2,1.57,27.25,24.23
HUBB,Hubbell Incorporated,Industrials,Industrial Machinery & Supplies & Components,432.22,467.52,314.89,434.73,427.89,430.94,416.29,400.03,0.0,3.24,446.22,415.65
HUM,Humana,Health Care,Managed Health Care,287.19,366.52,220.41,282.37,271.24,255.9,243.1,259.06,-0.2,2.31,293.82,217.99
HBAN,Huntington Bancshares,Financials,Regional Banks,16.68,17.67,12.37,16.65,16.35,16.46,16.52,15.87,0.4,2.34,17.07,15.84
HII,Huntington Ingalls Industries,Industrials,Aerospace & Defense,267.6,278.86,157.56,267.75,267.49,265.94,251.69,212.16,0.2,3.03,275.71,256.16
IBM,IBM,Information Technology,IT Consulting & Other Services,239.45,292.8,188.46,238.22,241.77,251.27,270.41,243.86,0.2,15.51,276.59,225.95
IEX,IDEX Corporation,Industrials,Industrial Machinery & Supplies & Components,163.78,233.54,157.53,165.71,162.44,168.87,175.11,192.07,-0.2,16.24,190.38,147.37
IDXX,Idexx Laboratories,Health Care,Health Care Equipment,637.86,682.78,361.04,651.77,648.52,606.87,560.39,470.0,0.4,11.36,710.32,503.38
ITW,Illinois Tool Works,Industrials,Industrial Machinery & Supplies & Components,259.22,273.51,217.09,261.63,259.24,258.72,253.56,252.49,0.2,2.55,265.83,251.59
INCY,Incyte,Health Care,Biotechnology,84.92,86.92,55.17,85.09,81.66,77.53,72.25,69.3,0.2,4.16,88.45,66.6
IR,Ingersoll Rand,Industrials,Industrial Machinery & Supplies & Components,78.89,105.27,66.72,79.31,77.92,81.27,83.25,86.66,-0.4,14.63,90.43,72.1
PODD,Insulet Corporation,Health Care,Health Care Equipment,323.07,327.47,180.69,315.69,305.22,297.22,299.04,278.23,0.6,0.21,323.75,270.69
INTC,Intel,Information Technology,Semiconductors,23.66,27.39,18.13,23.22,21.71,21.36,21.81,21.67,0.4,3.97,24.6,18.11
ICE,Intercontinental Exchange,Financials,Financial Exchanges & Data,177.94,188.45,142.02,181.19,184.18,184.14,181.86,167.22,0.2,6.59,189.67,178.6
IFF,International Flavors & Fragrances,Materials,Specialty Chemicals,65.31,104.49,63.46,65.58,65.59,69.76,73.24,79.56,-0.2,21.64,79.44,60.08
IP,International Paper,Materials,Paper & Plastic Packaging Products & Materials,46.86,58.45,43.05,47.36,46.97,49.23,48.64,50.91,-0.4,20.06,56.26,42.21
IPG,Interpublic Group of Companies (The),Communication Services,Advertising,26.09,31.12,22.6,25.9,25.39,25.38,24.69,26.05,0.0,2.41,26.72,24.05
INTU,Intuit,Information Technology,Application Software,717.21,807.39,542.39,713.96,733.52,760.19,762.3,661.16,0.2,15.44,827.95,692.43
ISRG,Intuitive Surgical,Health Care,Health Care Equipment,481.28,610.45,451.58,479.83,476.2,484.91,508.47,530.56,-0.2,5.44,507.46,462.38
IVZ,Invesco,Financials,Asset Management & Custody Banks,21.0,21.6,11.86,21.12,20.86,21.0,17.96,16.43,0.2,3.62,21.76,20.24
INVH,Invitation Homes,Real Estate,Single-Family Residential REITs,29.95,36.03,29.76,30.26,30.21,30.85,32.0,32.3,0.0,8.88,32.61,29.08
IQV,IQVIA,Health Care,Life Sciences Tools & Services,192.54,251.55,137.0,189.83,184.95,188.3,170.87,179.71,-0.2,4.84,201.86,174.74
IRM,Iron Mountain,Real Estate,Other Specialized REITs,90.74,125.19,76.34,91.95,91.69,94.76,98.25,98.76,-0.2,12.29,101.89,87.64
JBHT,J.B. Hunt,Industrials,Cargo Ground Transportation,142.52,195.43,123.94,143.82,142.21,144.15,145.23,156.32,0.0,6.32,151.53,136.77
JBL,Jabil,Information Technology,Electronic Manufacturing Services,215.66,230.3,100.84,219.51,220.49,222.03,213.61,163.6,0.0,6.96,230.67,213.4
JKHY,Jack Henry & Associates,Financials,Transaction & Payment Processing Services,160.83,190.67,158.52,160.73,162.06,168.53,174.99,174.93,0.2,14.1,183.51,153.56
J,Jacobs Solutions,Industrials,Construction & Engineering,146.79,152.18,109.42,149.01,148.02,144.76,136.79,130.65,0.2,3.59,152.06,137.47
JNJ,Johnson & Johnson,Health Care,Pharmaceuticals,176.25,176.64,139.73,174.96,173.48,170.72,161.77,154.63,0.2,0.63,177.36,164.08
JCI,Johnson Controls,Industrials,Building Products,105.71,111.73,66.66,105.33,105.17,106.43,105.52,88.8,0.0,5.41,111.43,101.43
JPM,JPMorgan Chase,Financials,Diversified Banks,291.53,299.63,199.83,291.91,290.75,293.29,285.74,255.77,-0.2,3.08,300.51,286.07
K,Kellanova,Consumer Staples,Packaged Foods & Meats,80.02,82.31,77.85,80.14,80.05,79.99,79.86,80.61,-0.2,0.32,80.28,79.7
KVUE,Kenvue,Consumer Staples,Personal Care Products,21.1,24.0,19.25,21.35,21.31,21.65,21.36,21.98,-0.2,7.3,22.64,20.66
KDP,Keurig Dr Pepper,Consumer Staples,Soft Drinks & Non-alcoholic Beverages,34.65,36.99,29.97,34.74,34.34,33.87,33.46,32.81,0.2,1.56,35.19,32.55
KEY,KeyCorp,Financials,Regional Banks,18.18,19.26,13.06,18.13,17.83,18.07,17.6,16.75,0.0,4.02,18.91,17.22
KEYS,Keysight Technologies,Information Technology,Electronic Equipment & Instruments,164.43,185.11,127.02,165.92,163.94,164.51,163.52,160.6,0.2,3.53,170.23,158.77
KMB,Kimberly-Clark,Consumer Staples,Household Products,131.33,146.03,122.21,133.22,134.41,131.22,130.5,132.54,-0.4,5.67,138.78,123.65
KIM,Kimco Realty,Real Estate,Retail REITs,21.11,24.93,18.48,21.23,21.16,21.4,21.27,21.66,-0.2,5.4,22.25,20.54
KMI,Kinder Morgan,Energy,Oil & Gas Storage & Transportation,26.23,30.24,19.94,26.64,26.85,27.13,27.49,26.87,0.4,7.93,28.31,25.95
KKR,KKR & Co.,Financials,Asset Management & Custody Banks,141.2,166.38,92.52,144.85,143.71,145.93,137.68,134.93,0.0,8.38,153.03,138.84
KLAC,KLA Corporation,Information Technology,Semiconductor Materials & Equipment,883.39,955.41,575.15,919.75,910.75,907.43,900.83,745.93,0.0,7.74,951.76,863.08
KHC,Kraft Heinz,Consumer Staples,Packaged Foods & Meats,27.27,34.7,25.61,27.59,27.51,27.86,27.06,28.7,-0.4,6.82,29.13,26.59
KR,Kroger,Consumer Staples,Food Retail,69.74,73.97,50.47,70.29,71.74,71.21,70.1,65.04,-0.2,7.08,74.68,67.74
LHX,L3Harris,Industrials,Aerospace & Defense,271.92,278.26,192.63,270.79,272.29,272.32,261.13,230.22,0.2,2.74,279.37,265.28
LH,Labcorp,Health Care,Health Care Services,270.49,272.54,210.19,270.79,267.18,264.0,259.6,243.13,0.4,1.82,275.41,252.59
LRCX,Lam Research,Information Technology,Semiconductor Materials & Equipment,98.88,107.38,58.94,103.56,101.33,99.46,97.36,81.32,0.0,7.48,106.28,92.63
LW,Lamb Weston,Consumer Staples,Packaged Foods & Meats,54.3,80.72,47.73,54.2,53.09,54.94,53.42,58.52,-0.4,12.25,60.95,48.93
LVS,Las Vegas Sands,Consumer Discretionary,Casinos & Gaming,52.8,54.33,30.35,53.76,53.24,52.26,48.0,44.88,0.2,4.83,55.35,49.17
LDOS,Leidos,Industrials,Diversified Support Services,178.12,199.72,126.1,178.83,177.05,169.25,161.18,151.89,0.4,4.06,185.35,153.14
LEN,Lennar,Consumer Discretionary,Homebuilding,131.43,183.45,101.84,129.84,124.95,120.27,114.27,124.37,0.0,0.91,132.63,107.91
LII,Lennox International,Industrials,Building Products,600.06,674.16,506.5,598.62,594.94,614.02,592.29,596.39,-0.2,11.12,666.79,561.28
LLY,Lilly (Eli),Health Care,Pharmaceuticals,698.05,952.73,624.28,675.86,678.58,728.24,761.1,789.01,-0.4,21.99,851.55,604.94
LIN,Linde plc,Materials,Industrial Gases,478.51,481.83,410.23,477.02,473.86,470.86,468.61,452.82,0.2,0.53,481.05,460.67
LYV,Live Nation Entertainment,Communication Services,Movies & Entertainment,162.12,162.12,92.78,160.39,155.75,153.45,149.35,138.21,0.4,0.27,162.56,144.35
LKQ,LKQ Corporation,Consumer Discretionary,Distributors,30.84,43.02,28.96,30.92,30.16,31.01,35.0,37.73,-0.2,17.12,36.12,25.9
LMT,Lockheed Martin,Industrials,Aerospace & Defense,440.64,602.16,410.74,437.93,433.54,426.65,451.36,468.99,0.2,0.59,443.24,410.08
L,Loews Corporation,Financials,Multi-line Insurance,94.59,95.58,76.32,94.98,94.3,92.77,91.26,86.88,0.2,1.73,96.23,89.31
LOW,Lowe's,Consumer Discretionary,Home Improvement Retail,250.89,278.66,209.46,251.44,245.25,236.52,226.64,238.06,0.0,2.37,256.84,216.2
LULU,Lululemon Athletica,Consumer Discretionary,"Apparel, Accessories & Luxury Goods",203.62,421.16,186.44,198.14,194.93,203.14,224.01,308.29,-0.2,11.28,226.59,179.68
LYB,LyondellBasell,Materials,Specialty Chemicals,52.95,93.12,48.34,52.57,51.19,55.79,58.81,66.3,-0.2,27.67,67.6,43.97
MTB,M&T Bank,Financials,Regional Banks,190.67,217.42,155.42,191.8,188.99,190.6,191.56,187.86,0.4,3.88,198.07,183.12
MPC,Marathon Petroleum,Energy,Oil & Gas Refining & Marketing,162.67,182.26,117.88,161.63,162.05,167.04,169.14,151.67,0.0,9.93,178.82,155.26
MKTX,MarketAxess,Financials,Financial Exchanges & Data,186.61,290.66,184.43,188.3,189.68,199.62,211.7,221.46,-0.2,18.76,221.62,177.62
MAR,Marriott International,Consumer Discretionary,"Hotels, Resorts & Cruise Lines",266.26,302.99,210.58,266.54,263.36,266.49,268.9,266.51,0.4,4.98,279.52,253.45
MMC,Marsh McLennan,Financials,Insurance Brokers,207.65,243.22,197.78,207.12,205.03,204.66,210.85,220.53,0.2,2.18,212.18,197.14
MLM,Martin Marietta Materials,Materials,Construction Materials,602.83,620.08,451.86,612.08,607.71,593.81,568.82,540.16,0.2,3.78,625.62,562.0
MAS,Masco,Industrials,Building Products,73.05,84.25,58.18,73.2,71.19,69.25,66.19,70.1,0.0,1.85,74.4,64.09
MA,Mastercard,Financials,Transaction & Payment Processing Services,584.14,589.94,463.77,580.34,574.6,569.27,564.33,544.69,0.4,0.15,585.02,553.55
MTCH,Match Group,Communication Services,Interactive Media & Services,37.84,38.74,26.87,37.99,36.91,35.48,33.13,31.8,0.4,3.17,39.04,31.92
MKC,McCormick & Company,Consumer Staples,Packaged Foods & Meats,68.41,83.73,68.41,69.6,69.74,70.61,72.4,75.3,-0.2,6.59,72.92,68.3
MCD,McDonald's,Consumer Discretionary,Restaurants,308.7,319.48,268.56,306.66,305.74,303.02,298.75,299.08,-0.2,0.82,311.23,294.81
MCK,McKesson Corporation,Health Care,Health Care Distributors,671.19,735.33,477.52,668.05,675.81,692.01,708.3,651.85,0.2,9.17,732.74,651.3
MDT,Medtronic,Health Care,Health Care Equipment,92.81,93.02,78.03,92.56,91.87,91.64,89.21,86.18,0.4,1.44,94.15,89.14
MRK,Merck & Co.,Health Care,Pharmaceuticals,84.22,115.53,72.74,82.84,81.55,81.78,81.12,87.46,-0.2,1.76,85.7,77.87
META,Meta Platforms,Communication Services,Interactive Media & Services,767.37,790.0,484.29,780.96,773.73,749.79,725.46,639.24,0.4,6.01,813.49,686.07
MET,MetLife,Financials,Life & Health Insurance,77.74,86.38,67.4,77.38,76.31,76.23,77.41,79.09,-0.2,1.75,79.1,73.36
MTD,Mettler Toledo,Health Care,Life Sciences Tools & Services,1311.32,1499.7,970.15,1310.85,1276.94,1261.31,1217.87,1216.64,0.2,1.35,1329.02,1193.66
MGM,MGM Resorts,Consumer Discretionary,Casinos & Gaming,36.18,41.99,25.79,36.06,35.36,36.37,35.78,34.26,0.0,8.13,39.12,33.62
MCHP,Microchip Technology,Information Technology,Semiconductors,65.56,80.56,35.07,65.5,64.98,67.22,69.57,59.43,0.0,12.13,73.51,60.93
MU,Micron Technology,Information Technology,Semiconductors,123.55,127.79,64.66,124.35,119.41,114.79,117.74,99.45,0.4,3.97,128.45,101.13
MSFT,Microsoft,Information Technology,Systems Software,517.1,535.64,353.91,521.91,522.69,519.71,502.79,437.54,0.2,3.66,536.03,503.39
MAA,Mid-America Apartment Communities,Real Estate,Multi-Family Residential REITs,140.06,167.59,138.38,139.83,140.27,144.25,146.76,152.71,-0.2,10.71,155.06,133.43
MRNA,Moderna,Health Care,Biotechnology,28.09,89.96,23.65,27.07,26.77,29.34,29.2,33.54,-0.4,27.16,35.72,22.96
MHK,Mohawk Industries,Consumer Discretionary,Home Furnishings,127.09,161.25,97.99,128.49,124.51,121.14,112.26,117.2,0.0,2.92,130.8,111.48
MOH,Molina Healthcare,Health Care,Managed Health Care,169.15,360.77,152.31,162.96,158.81,161.93,222.03,286.95,-0.2,6.47,180.09,143.77
TAP,Molson Coors Beverage Company,Consumer Staples,Brewers,51.12,62.37,47.24,51.3,50.64,50.38,49.89,55.35,0.0,2.86,52.58,48.18
MDLZ,Mondelez International,Consumer Staples,Packaged Foods & Meats,61.84,73.6,55.34,61.79,61.91,64.87,66.49,63.81,0.2,16.56,72.08,57.65
MPWR,Monolithic Power Systems,Information Technology,Semiconductors,850.31,939.39,454.23,845.59,823.63,781.25,745.36,654.51,0.4,4.22,886.19,676.26
MNST,Monster Beverage,Consumer Staples,Soft Drinks & Non-alcoholic Beverages,64.12,64.69,46.16,64.23,62.88,61.46,61.66,56.71,0.2,2.51,65.73,57.19
MCO,Moody's Corporation,Financials,Financial Exchanges & Data,509.22,524.53,395.22,516.27,515.11,512.12,498.67,478.02,0.0,2.81,523.53,500.69
MS,Morgan Stanley,Financials,Investment Banking & Brokerage,144.78,148.51,93.79,146.59,144.27,142.88,139.21,127.39,0.4,2.27,148.07,137.69
MOS,Mosaic Company (The),Materials,Fertilizers & Agricultural Chemicals,32.3,37.81,22.62,32.05,32.3,34.35,35.31,29.34,0.2,20.4,38.89,29.8
MSI,Motorola Solutions,Information Technology,Communications Equipment,461.18,500.78,393.68,464.9,456.01,443.6,426.73,441.02,0.0,2.94,474.74,412.47
MSCI,MSCI Inc.,Financials,Financial Exchanges & Data,555.67,630.0,503.37,558.13,552.95,550.94,559.93,570.09,0.0,3.1,572.9,529.0
NDAQ,"Nasdaq, Inc.",Financials,Financial Exchanges & Data,94.34,96.94,66.19,95.22,95.93,95.0,90.87,81.19,-0.2,5.61,99.63,90.38
NTAP,NetApp,Information Technology,"Technology Hardware, Storage & Peripherals",108.9,130.77,75.73,108.89,106.57,105.61,105.08,106.35,-0.2,1.29,110.3,100.92
NFLX,Netflix,Communication Services,Movies & Entertainment,1245.09,1339.13,663.22,1228.86,1208.1,1191.28,1230.65,1034.07,0.6,0.1,1246.34,1136.28
NEM,Newmont,Materials,Gold,69.0,69.33,36.61,68.86,68.64,65.84,61.06,49.34,0.4,4.19,71.89,59.8
NWSA,News Corp (Class A),Communication Services,Publishing,29.53,30.38,23.97,29.45,29.18,29.27,29.11,28.17,0.2,1.46,29.96,28.57
NWS,News Corp (Class B),Communication Services,Publishing,34.23,34.89,26.94,34.0,33.68,33.63,33.49,31.92,0.4,0.41,34.37,32.88
NEE,NextEra Energy,Utilities,Multi-Utilities,75.72,83.49,63.6,73.51,72.67,72.36,72.8,71.0,0.2,0.32,75.96,68.75
NKE,"Nike, Inc.",Consumer Discretionary,"Apparel, Accessories & Luxury Goods",77.43,87.95,52.92,76.58,75.53,75.88,71.11,69.85,0.2,1.69,78.74,73.01
NI,NiSource,Utilities,Multi-Utilities,41.71,43.33,30.83,42.25,42.28,42.15,40.59,38.27,0.0,3.57,43.2,41.1
NDSN,Nordson Corporation,Industrials,Industrial Machinery & Supplies & Components,214.1,261.43,166.9,216.43,214.09,215.53,216.4,214.5,0.4,4.17,223.03,208.03
NSC,Norfolk Southern,Industrials,Rail Transportation,279.79,285.03,204.09,280.62,280.48,279.44,266.13,246.53,0.2,1.62,284.32,274.57
NTRS,Northern Trust,Financials,Asset Management & Custody Banks,127.05,132.06,83.52,126.98,126.21,127.47,123.26,107.44,0.0,3.72,131.78,123.16
NOC,Northrop Grumman,Industrials,Aerospace & Defense,584.82,589.95,429.46,583.08,584.34,579.07,533.54,494.59,0.0,1.76,595.11,563.01
NCLH,Norwegian Cruise Line Holdings,Consumer Discretionary,"Hotels, Resorts & Cruise Lines",24.58,29.07,15.5,24.45,24.42,24.28,22.11,22.6,-0.2,3.7,25.49,23.07
NRG,NRG Energy,Utilities,Independent Power Producers & Energy Traders,150.44,173.91,75.33,152.91,154.28,158.11,154.86,117.64,0.2,14.8,172.71,143.52
NUE,Nucor,Materials,Steel,144.65,165.5,102.79,144.34,141.41,141.85,135.56,128.91,0.2,2.17,147.79,135.91
NVDA,Nvidia,Information Technology,Semiconductors,182.01,183.16,94.3,181.85,181.24,178.03,164.34,137.07,0.2,2.53,186.61,169.44
NVR,"NVR, Inc.",Consumer Discretionary,Homebuilding,8151.74,9924.4,6700.0,8168.85,8010.38,7898.82,7588.49,7775.43,0.0,1.46,8270.76,7526.8
NXPI,NXP Semiconductors,Information Technology,Semiconductors,232.01,253.51,152.79,228.58,217.55,219.39,219.83,210.16,0.2,2.77,238.44,200.35
ORLY,O’Reilly Automotive,Consumer Discretionary,Automotive Retail,101.39,104.44,73.94,101.79,102.6,100.35,94.56,88.73,0.2,4.21,105.66,95.04
OXY,Occidental Petroleum,Energy,Oil & Gas Exploration & Production,44.21,56.7,35.91,44.5,43.97,44.14,44.1,45.63,-0.2,3.37,45.7,42.57
ODFL,Old Dominion,Industrials,Cargo Ground Transportation,150.46,230.8,141.85,151.08,148.53,153.07,159.18,176.09,0.0,13.43,170.67,135.47
OMC,Omnicom Group,Communication Services,Advertising,76.16,102.78,69.22,75.61,74.22,74.28,72.88,80.86,-0.2,2.59,78.13,70.43
ON,ON Semiconductor,Information Technology,Semiconductors,50.53,77.87,31.95,51.03,49.17,53.12,54.4,53.0,0.0,24.42,62.87,43.37
OKE,Oneok,Energy,Oil & Gas Storage & Transportation,73.04,112.93,73.04,74.23,74.57,77.59,79.26,90.04,-0.2,14.84,83.88,71.3
ORCL,Oracle Corporation,Information Technology,Application Software,249.07,256.43,122.56,248.07,250.46,248.58,229.79,179.02,0.2,3.65,258.16,239.01
OTIS,Otis Worldwide,Industrials,Industrial Machinery & Supplies & Components,87.61,104.22,84.52,87.74,87.07,87.63,93.52,95.82,-0.2,7.35,94.05,81.2
PCAR,Paccar,Industrials,Construction Machinery & Heavy Transportation Equipment,98.38,113.98,85.82,99.05,98.05,98.53,96.13,100.18,-0.4,3.41,101.73,95.33
PKG,Packaging Corporation of America,Materials,Paper & Plastic Packaging Products & Materials,194.11,244.28,174.83,196.76,195.74,198.27,196.82,206.77,-0.2,7.4,208.47,188.06
PLTR,Palantir Technologies,Information Technology,Application Software,174.03,186.97,30.16,180.71,180.82,168.58,151.58,104.07,0.2,11.65,194.3,142.86
PANW,Palo Alto Networks,Information Technology,Systems Software,176.17,208.28,152.44,175.81,172.44,181.18,191.49,187.34,0.2,17.43,206.88,155.5
PSKY,Paramount Skydance Corporation,Communication Services,Movies & Entertainment,13.5,15.0,9.8,13.51,12.27,12.64,12.55,11.48,0.4,12.0,15.12,10.17
PH,Parker Hannifin,Industrials,Industrial Machinery & Supplies & Components,736.2,762.05,515.78,745.12,732.14,730.41,706.16,661.88,0.0,2.97,758.07,702.72
PAYX,Paychex,Industrials,Human Resource & Employment Services,137.57,158.58,121.76,137.38,138.55,141.61,144.65,144.44,0.0,8.53,149.3,133.93
PAYC,Paycom,Industrials,Human Resource & Employment Services,225.28,265.71,154.16,219.03,222.6,228.46,232.35,223.84,0.2,8.13,243.6,213.33
PYPL,PayPal,Financials,Transaction & Payment Processing Services,69.53,91.81,57.41,69.35,68.69,70.93,72.52,75.79,0.0,13.15,78.67,63.2
PNR,Pentair,Industrials,Industrial Machinery & Supplies & Components,105.6,109.01,75.76,106.47,104.68,103.66,102.87,97.91,0.4,1.9,107.61,99.71
PEP,PepsiCo,Consumer Staples,Soft Drinks & Non-alcoholic Beverages,149.55,173.24,127.06,148.96,145.9,144.19,137.69,143.64,0.0,1.2,151.34,137.03
PFE,Pfizer,Health Care,Pharmaceuticals,25.07,28.21,20.83,25.03,24.72,24.46,24.3,24.23,0.2,2.11,25.6,23.33
PCG,PG&E Corporation,Utilities,Multi-Utilities,15.1,21.53,13.0,15.23,15.16,14.6,14.15,16.88,0.0,4.9,15.84,13.37
PM,Philip Morris International,Consumer Staples,Tobacco,166.6,183.57,113.44,166.51,167.23,164.85,174.2,151.14,0.4,2.69,171.08,158.62
PSX,Phillips 66,Energy,Oil & Gas Refining & Marketing,122.84,136.52,91.98,122.36,121.05,122.95,123.55,119.03,0.4,4.93,128.9,117.0
PNW,Pinnacle West Capital,Utilities,Multi-Utilities,90.33,93.78,79.36,91.82,92.29,91.38,90.04,88.63,0.0,4.78,94.65,88.11
PNC,PNC Financial Services,Financials,Diversified Banks,192.01,209.23,146.94,192.5,190.54,191.86,188.18,183.41,0.2,3.34,198.42,185.29
POOL,Pool Corporation,Consumer Discretionary,Distributors,316.08,385.63,283.92,321.01,314.17,314.47,303.59,325.39,0.0,4.16,329.23,299.72
PPG,PPG Industries,Materials,Specialty Chemicals,110.97,131.36,90.49,111.22,108.46,109.38,111.68,112.92,0.0,5.94,117.56,101.2
PPL,PPL Corporation,Utilities,Electric Utilities,36.24,37.24,30.01,36.8,36.49,36.34,35.03,33.95,0.2,2.7,37.22,35.47
PFG,Principal Financial Group,Financials,Life & Health Insurance,77.7,88.8,68.88,77.8,77.06,77.97,78.43,79.37,0.0,5.06,81.63,74.32
PG,Procter & Gamble,Consumer Staples,Personal Care Products,155.72,176.3,150.47,154.86,153.97,154.59,156.64,162.87,0.0,2.73,159.97,149.21
PGR,Progressive Corporation,Financials,Property & Casualty Insurance,247.09,291.0,231.16,247.48,246.46,245.29,253.34,259.72,0.0,1.81,251.56,239.03
PLD,Prologis,Real Estate,Industrial REITs,105.44,127.92,88.91,105.78,105.77,106.96,107.01,108.7,-0.2,5.01,110.72,103.19
PRU,Prudential Financial,Financials,Life & Health Insurance,106.62,126.35,93.93,106.35,104.63,104.02,104.91,109.63,-0.2,1.01,107.7,100.34
PEG,Public Service Enterprise Group,Utilities,Electric Utilities,84.12,92.39,76.52,86.35,86.75,87.39,84.2,82.98,-0.4,7.35,90.3,84.48
PTC,PTC Inc.,Information Technology,Application Software,208.31,216.41,136.74,207.02,208.04,207.26,190.11,177.99,0.2,4.09,216.83,197.71
PSA,Public Storage,Real Estate,Self-Storage REITs,280.56,354.44,263.65,281.61,281.67,283.55,288.65,297.62,0.0,4.47,293.1,274.01
PHM,PulteGroup,Consumer Discretionary,Homebuilding,128.21,148.13,91.82,127.75,124.25,120.58,112.09,110.59,0.4,1.68,130.36,110.79
PWR,Quanta Services,Industrials,Construction & Engineering,383.32,421.68,236.56,382.63,384.74,395.27,382.78,324.72,0.2,9.63,420.23,370.29
QCOM,Qualcomm,Information Technology,Semiconductors,158.9,175.11,123.92,157.03,151.91,153.94,155.58,155.18,0.2,4.26,165.67,142.22
DGX,Quest Diagnostics,Health Care,Health Care Services,178.95,181.25,144.81,178.98,177.07,173.76,174.25,165.85,0.4,1.94,182.42,165.09
RL,Ralph Lauren Corporation,Consumer Discretionary,"Apparel, Accessories & Luxury Goods",289.66,304.45,160.89,294.5,293.48,295.69,284.18,247.66,0.0,6.29,307.88,283.49
RJF,Raymond James Financial,Financials,Investment Banking & Brokerage,164.36,171.46,113.62,164.91,165.08,165.46,158.13,152.8,-0.2,3.64,170.34,160.57
RTX,RTX Corporation,Industrials,Aerospace & Defense,155.5,157.71,112.45,154.77,154.79,155.11,148.95,130.13,0.0,2.06,158.7,151.51
O,Realty Income,Real Estate,Retail REITs,57.87,61.73,49.83,57.94,57.57,57.32,57.06,55.01,0.2,1.09,58.5,56.14
REG,Regency Centers,Real Estate,Retail REITs,70.34,76.25,64.84,71.27,71.94,71.67,70.93,71.36,-0.4,4.39,73.43,69.91
REGN,Regeneron Pharmaceuticals,Health Care,Biotechnology,573.91,1198.45,483.07,567.68,563.22,562.02,544.43,642.4,-0.2,0.92,579.19,544.86
RF,Regions Financial Corporation,Financials,Regional Banks,25.69,26.62,18.13,25.7,25.28,25.58,24.33,23.08,0.2,4.2,26.77,24.4
RSG,Republic Services,Industrials,Environmental & Facilities Services,232.43,257.46,196.49,232.81,233.95,236.4,241.4,229.5,0.2,6.2,246.84,225.98
RMD,ResMed,Health Care,Health Care Equipment,286.12,290.83,203.67,285.22,283.7,279.6,264.3,241.98,0.2,2.02,291.9,267.29
RVTY,Revvity,Health Care,Health Care Equipment,89.69,127.41,85.8,89.77,88.25,91.43,94.57,105.2,0.0,13.49,101.79,81.06
ROK,Rockwell Automation,Industrials,Electrical Components & Equipment,342.82,358.52,218.04,344.27,339.16,346.31,339.1,292.35,-0.2,6.4,364.76,327.87
ROL,"Rollins, Inc.",Industrials,Environmental & Facilities Services,57.09,58.48,45.24,57.57,57.92,57.5,56.67,52.55,0.0,3.87,59.3,55.71
ROP,Roper Technologies,Information Technology,Electronic Equipment & Instruments,532.28,592.1,501.26,525.78,530.73,543.24,553.89,556.17,-0.4,7.45,571.93,514.54
ROST,Ross Stores,Consumer Discretionary,Apparel Retail,146.06,155.29,122.55,147.73,146.39,142.3,135.71,140.34,0.0,3.66,151.41,133.19
RCL,Royal Caribbean Group,Consumer Discretionary,"Hotels, Resorts & Cruise Lines",326.8,352.84,154.84,315.91,311.9,324.39,312.8,251.25,0.4,9.81,358.86,289.92
SPGI,S&P Global,Financials,Financial Exchanges & Data,551.21,564.15,437.5,558.69,559.09,547.53,530.55,509.45,0.2,4.74,577.34,517.71
CRM,Salesforce,Information Technology,Application Software,243.97,366.29,231.66,237.69,239.92,251.53,260.18,292.54,-0.4,13.9,277.88,225.17
SBAC,SBA Communications,Real Estate,Telecom Tower REITs,215.15,245.74,190.85,217.88,219.14,225.15,228.96,219.29,0.4,11.16,239.16,211.16
SLB,Schlumberger,Energy,Oil & Gas Equipment & Services,33.3,44.61,31.68,33.2,33.04,33.81,34.58,37.63,0.0,8.05,35.98,31.63
STX,Seagate Technology,Information Technology,"Technology Hardware, Storage & Peripherals",158.7,158.7,66.19,156.27,153.06,152.54,144.59,106.48,0.4,0.42,159.37,145.72
SRE,Sempra,Utilities,Multi-Utilities,80.99,92.47,63.23,81.68,81.71,81.29,77.53,78.43,-0.2,2.58,83.08,79.5
NOW,ServiceNow,Information Technology,Systems Software,892.05,1170.39,721.65,865.38,874.73,918.4,965.11,974.41,-0.4,14.11,1017.92,818.9
SHW,Sherwin-Williams,Materials,Specialty Chemicals,358.85,397.11,312.15,362.68,356.91,347.62,345.98,351.99,0.0,2.97,369.51,325.73
SPG,Simon Property Group,Real Estate,Retail REITs,172.56,183.07,138.55,171.97,169.32,167.19,163.5,165.69,-0.2,0.74,173.84,160.55
SWKS,Skyworks Solutions,Information Technology,Semiconductors,74.26,106.51,48.7,73.9,71.48,71.19,72.96,74.36,-0.2,2.41,76.05,66.34
SJM,J.M. Smucker Company (The),Consumer Staples,Packaged Foods & Meats,111.47,117.29,93.48,110.95,110.05,109.05,103.79,107.54,0.0,0.53,112.06,106.05
SW,Smurfit Westrock,Materials,Paper & Plastic Packaging Products & Materials,42.92,55.13,37.46,43.48,43.29,44.81,44.44,47.03,-0.4,13.77,48.83,40.78
SNA,Snap-on,Industrials,Industrial Machinery & Supplies & Components,323.2,366.61,265.78,326.66,324.25,324.89,319.97,330.54,-0.4,3.25,333.7,316.09
SOLV,Solventum,Health Care,Health Care Technology,70.76,84.04,58.84,72.37,72.4,72.83,73.94,72.21,0.0,6.02,75.02,70.65
SO,Southern Company,Utilities,Electric Utilities,92.85,96.0,79.61,93.97,94.35,94.74,92.56,87.91,-0.2,3.51,96.11,93.36
LUV,Southwest Airlines,Industrials,Passenger Airlines,31.31,37.7,23.9,31.04,30.31,31.45,32.89,31.4,0.2,14.88,35.97,26.93
SWK,Stanley Black & Decker,Industrials,Industrial Machinery & Supplies & Components,74.54,106.67,55.14,74.09,71.5,71.07,69.6,75.26,-0.2,3.09,76.84,65.29
SBUX,Starbucks,Consumer Discretionary,Restaurants,92.54,114.25,78.61,92.38,91.3,91.66,92.12,93.71,-0.2,4.17,96.4,86.91
STT,State Street Corporation,Financials,Asset Management & Custody Banks,111.19,113.6,74.79,111.76,111.03,111.18,106.69,96.2,0.2,2.37,113.83,108.52
STLD,Steel Dynamics,Materials,Steel,125.91,152.49,106.43,126.93,124.79,126.25,129.45,128.24,0.4,5.46,132.78,119.71
STE,Steris,Health Care,Health Care Equipment,244.56,251.96,201.46,245.42,239.29,233.29,234.64,224.48,0.4,2.57,250.85,215.73
SYK,Stryker Corporation,Health Care,Health Care Equipment,381.61,403.53,331.18,379.52,378.4,386.7,386.58,377.74,0.0,6.72,407.25,366.13
SMCI,Supermicro,Information Technology,"Technology Hardware, Storage & Peripherals",45.86,62.88,18.01,45.84,46.97,51.58,48.85,39.04,0.0,37.81,63.2,39.95
SYF,Synchrony Financial,Financials,Consumer Finance,71.79,72.83,43.38,72.21,70.8,70.66,67.65,61.54,0.4,2.79,73.79,67.53
SNPS,Synopsys,Information Technology,Application Software,625.33,645.35,380.9,620.79,621.42,620.85,560.76,507.73,0.2,3.05,644.4,597.3
SYY,Sysco,Consumer Staples,Food Distributors,79.22,82.19,67.53,80.58,80.45,80.17,77.52,74.09,0.2,3.33,81.86,78.48
TMUS,T-Mobile US,Communication Services,Wireless Telecommunication Services,255.18,271.83,190.96,252.65,247.82,243.6,236.39,240.29,0.2,0.55,256.58,230.62
TROW,T. Rowe Price,Financials,Asset Management & Custody Banks,106.64,120.07,79.19,108.07,106.58,105.97,100.97,101.97,-0.4,3.0,109.84,102.09
TTWO,Take-Two Interactive,Communication Services,Interactive Home Entertainment,232.55,243.05,146.38,233.32,228.62,226.99,233.38,209.08,0.6,1.6,236.27,217.72
TPR,"Tapestry, Inc.",Consumer Discretionary,"Apparel, Accessories & Luxury Goods",99.91,113.53,38.32,104.15,106.99,107.72,96.92,76.23,-0.4,16.38,116.28,99.15
TRGP,Targa Resources,Energy,Oil & Gas Storage & Transportation,161.05,213.93,138.82,164.91,164.93,164.97,167.48,179.4,-0.4,4.88,168.91,161.03
TGT,Target Corporation,Consumer Staples,Consumer Staples Merchandise Retail,104.95,154.72,86.82,104.54,104.0,103.42,100.79,112.84,-0.2,2.78,107.87,98.98
TEL,TE Connectivity,Information Technology,Electronic Manufacturing Services,203.7,209.34,121.47,204.76,202.71,203.01,183.26,156.25,0.2,5.48,214.86,191.16
TDY,Teledyne Technologies,Information Technology,Electronic Equipment & Instruments,536.59,563.66,413.36,543.88,545.86,548.75,527.4,494.14,-0.2,4.32,559.77,537.71
TER,Teradyne,Information Technology,Semiconductor Materials & Equipment,110.41,139.64,67.86,111.46,108.77,103.13,95.54,100.3,0.0,7.76,118.98,87.28
TSLA,"Tesla, Inc.",Consumer Discretionary,Automobile Manufacturers,335.16,479.86,205.75,336.3,330.11,323.66,320.34,326.92,-0.2,3.68,347.49,299.83
TXN,Texas Instruments,Information Technology,Semiconductors,194.33,219.66,143.34,193.77,189.7,188.7,199.54,186.32,0.6,4.42,202.92,174.49
TPL,Texas Pacific Land Corporation,Energy,Oil & Gas Exploration & Production,892.05,1723.85,784.85,885.19,891.98,927.42,1005.4,1233.53,0.0,14.28,1019.43,835.42
TXT,Textron,Industrials,Aerospace & Defense,79.07,91.11,60.7,79.63,78.58,79.35,80.08,76.78,0.2,7.18,84.75,73.96
TMO,Thermo Fisher Scientific,Health Care,Life Sciences Tools & Services,487.54,622.18,390.26,484.76,471.7,470.32,436.05,484.81,-0.2,2.55,499.97,440.68
TJX,TJX Companies,Consumer Discretionary,Apparel Retail,133.06,134.6,110.06,133.05,131.98,128.89,125.8,123.23,0.4,1.91,135.6,122.18
TKO,TKO Group Holdings,Communication Services,Movies & Entertainment,185.56,191.28,113.12,188.54,176.58,172.21,171.95,153.77,0.4,4.12,193.21,151.22
TTD,Trade Desk (The),Communication Services,Advertising,54.95,139.51,45.27,53.09,63.85,74.91,73.89,87.8,-0.2,94.54,106.9,42.91
TSCO,Tractor Supply,Consumer Discretionary,Other Specialty Retail,61.1,61.1,47.8,60.06,59.91,59.25,56.12,54.07,0.4,0.18,61.21,57.29
TT,Trane Technologies,Industrials,Building Products,428.88,472.54,314.52,430.93,429.67,441.19,435.3,391.81,0.0,10.44,473.66,408.72
TDG,TransDigm Group,Industrials,Aerospace & Defense,1390.14,1620.83,1205.1,1405.45,1407.39,1504.29,1501.28,1377.67,0.2,22.29,1700.0,1308.56
TRV,Travelers Companies (The),Financials,Property & Casualty Insurance,264.92,275.2,212.84,266.47,265.96,263.47,262.58,254.97,0.2,2.16,270.64,256.28
TRMB,Trimble Inc.,Information Technology,Electronic Equipment & Instruments,82.8,85.24,54.04,83.36,83.25,83.69,79.2,71.95,0.2,3.36,85.58,81.8
TFC,Truist Financial,Financials,Diversified Banks,44.33,46.42,33.92,44.5,43.61,43.85,42.86,41.98,0.2,3.29,45.79,41.91
TYL,Tyler Technologies,Information Technology,Application Software,567.82,646.74,521.68,571.47,585.65,576.57,576.48,585.61,-0.4,8.04,613.47,539.67
TSN,Tyson Foods,Consumer Staples,Packaged Foods & Meats,56.07,64.25,52.3,56.66,56.42,54.98,55.01,57.57,0.0,3.78,58.19,51.78
USB,U.S. Bancorp,Financials,Diversified Banks,46.11,51.9,36.0,46.25,45.38,45.5,45.32,44.96,0.4,2.52,47.27,43.73
UBER,Uber,Industrials,Passenger Ground Transportation,93.98,97.48,59.93,92.11,91.2,90.21,90.24,77.7,0.4,0.05,94.03,86.39
UDR,"UDR, Inc.",Real Estate,Multi-Family Residential REITs,38.11,45.23,37.29,38.2,38.23,39.09,39.99,41.41,-0.4,8.58,41.38,36.8
ULTA,Ulta Beauty,Consumer Discretionary,Other Specialty Retail,516.87,532.71,314.47,522.56,514.22,513.48,488.95,414.49,0.2,2.54,530.0,496.98
UNP,Union Pacific Corporation,Industrials,Rail Transportation,220.08,251.7,207.02,220.87,221.73,223.23,226.76,229.68,-0.2,4.46,229.9,216.56
UAL,United Airlines Holdings,Industrials,Passenger Airlines,102.37,110.52,41.33,100.14,94.38,91.95,85.9,86.83,0.0,-0.32,102.04,81.87
UPS,United Parcel Service,Industrials,Air Freight & Logistics,86.51,133.4,84.5,87.83,87.17,90.88,96.85,109.25,0.0,20.84,104.54,77.23
URI,United Rentals,Industrials,Trading Companies & Distributors,914.04,932.23,549.5,918.35,889.5,875.55,802.66,731.95,0.4,3.48,945.85,805.24
UNH,UnitedHealth Group,Health Care,Managed Health Care,308.49,615.84,237.77,283.47,266.21,266.84,288.64,439.45,0.4,-0.33,307.47,226.22
UHS,Universal Health Services,Health Care,Health Care Facilities,177.61,240.75,154.95,177.71,172.97,167.28,173.17,182.69,-0.2,2.63,182.28,152.28
VLO,Valero Energy,Energy,Oil & Gas Refining & Marketing,136.81,153.55,102.97,135.79,134.69,137.41,138.62,129.4,0.0,6.52,145.73,129.08
VTR,Ventas,Real Estate,Health Care REITs,67.21,69.55,56.07,67.81,68.21,67.58,65.1,63.63,0.2,3.23,69.38,65.79
VLTO,Veralto,Industrials,Environmental & Facilities Services,106.69,113.22,85.23,108.04,107.66,105.9,102.71,100.43,0.2,3.31,110.22,101.58
VRSN,Verisign,Information Technology,Internet Services & Infrastructure,267.65,305.98,176.2,266.98,268.96,275.62,280.37,240.88,0.0,12.31,300.6,250.64
VRSK,Verisk Analytics,Industrials,Research & Consulting Services,265.69,320.87,260.0,265.09,265.21,276.21,294.54,290.94,0.4,14.32,303.74,248.67
VZ,Verizon,Communication Services,Integrated Telecommunication Services,44.39,45.03,36.62,43.82,43.34,43.08,42.44,41.22,0.4,-0.59,44.13,42.03
VRTX,Vertex Pharmaceuticals,Health Care,Biotechnology,389.88,516.74,366.54,391.33,383.39,425.63,443.8,458.79,-0.2,31.19,511.48,339.76
VTRS,Viatris,Health Care,Pharmaceuticals,10.63,13.02,7.16,10.49,9.91,9.52,9.22,9.96,0.0,1.51,10.79,8.26
VICI,Vici Properties,Real Estate,Hotel & Resort REITs,32.2,33.93,27.46,32.64,32.84,32.98,32.74,30.98,0.0,5.09,33.84,32.13
V,Visa Inc.,Financials,Transaction & Payment Processing Services,342.74,372.65,264.61,342.4,339.1,344.38,349.9,335.7,0.2,4.74,358.99,329.77
VST,Vistra Corp.,Utilities,Electric Utilities,198.96,214.06,73.19,202.7,203.17,202.05,191.84,155.54,0.0,7.82,214.52,189.57
VMC,Vulcan Materials Company,Materials,Construction Materials,289.88,295.15,219.65,292.23,287.74,280.21,269.91,262.62,0.4,2.66,297.59,262.84
WRB,W. R. Berkley Corporation,Financials,Property & Casualty Insurance,70.5,74.57,55.33,70.84,70.55,69.71,70.6,65.2,0.2,1.77,71.75,67.67
GWW,W. W. Grainger,Industrials,Industrial Machinery & Supplies & Components,978.13,1212.97,915.74,973.08,958.47,990.14,1023.32,1052.76,-0.2,10.69,1082.69,897.55
WAB,Wabtec,Industrials,Construction Machinery & Heavy Transportation Equipment,189.81,214.1,157.51,191.35,190.4,193.6,202.05,194.15,0.4,9.68,208.18,179.01
WBA,Walgreens Boots Alliance,Consumer Staples,Drug Retail,12.0,12.93,8.01,11.95,11.9,11.75,11.56,10.69,0.2,0.67,12.08,11.43
WMT,Walmart,Consumer Staples,Consumer Staples Merchandise Retail,100.7,104.27,72.27,101.09,101.77,99.53,97.48,93.54,0.2,4.08,104.81,94.25
DIS,Walt Disney Company (The),Communication Services,Movies & Entertainment,116.55,124.01,81.37,115.72,115.0,117.61,118.97,108.39,0.0,6.37,123.97,111.26
WBD,Warner Bros. Discovery,Communication Services,Broadcasting,11.82,13.7,6.94,11.74,11.78,12.49,11.69,10.31,0.0,20.39,14.23,10.75
WM,Waste Management,Industrials,Environmental & Facilities Services,224.2,241.26,199.11,228.01,230.68,230.34,230.05,223.88,0.0,5.64,236.84,223.85
WAT,Waters Corporation,Health Care,Life Sciences Tools & Services,289.4,417.28,277.72,291.36,285.42,290.4,318.41,356.82,-0.2,6.03,306.85,273.96
WEC,WEC Energy Group,Utilities,Electric Utilities,106.39,110.37,86.3,107.89,108.54,108.49,105.87,101.5,-0.4,3.83,110.46,106.52
WFC,Wells Fargo,Financials,Diversified Banks,77.44,83.83,50.45,78.26,77.8,79.55,78.74,73.5,0.0,9.08,84.47,74.64
WELL,Welltower,Real Estate,Health Care REITs,162.41,168.94,113.43,163.0,165.57,164.24,157.47,144.27,0.2,5.07,170.64,157.85
WST,West Pharmaceutical Services,Health Care,Health Care Supplies,243.09,347.02,190.04,244.32,241.96,244.2,230.43,259.6,-0.2,10.56,268.76,219.65
WDC,Western Digital,Information Technology,"Technology Hardware, Storage & Peripherals",76.29,78.69,30.48,75.91,75.32,73.55,66.85,51.95,0.2,5.19,80.25,66.85
WY,Weyerhaeuser,Real Estate,Timber REITs,25.68,33.15,24.49,25.97,25.77,25.74,26.05,27.86,0.0,3.27,26.52,24.95
WSM,"Williams-Sonoma, Inc.",Consumer Discretionary,Homefurnishing Retail,201.65,215.83,126.49,205.5,203.1,194.83,176.11,173.18,0.2,6.1,213.95,175.71
WMB,Williams Companies,Energy,Oil & Gas Storage & Transportation,56.52,62.87,42.31,57.39,57.84,58.31,58.95,56.91,0.4,6.72,60.32,56.3
WTW,Willis Towers Watson,Financials,Insurance Brokers,329.59,338.92,276.66,330.96,328.7,319.64,309.66,314.87,0.0,3.1,339.81,299.46
WDAY,"Workday, Inc.",Information Technology,Application Software,231.85,279.91,210.47,223.51,222.83,228.97,234.78,248.96,-0.2,6.18,246.18,211.77
WYNN,Wynn Resorts,Consumer Discretionary,Casinos & Gaming,108.15,112.49,65.93,110.66,109.05,108.9,102.3,90.21,0.0,3.78,112.24,105.55
XEL,Xcel Energy,Utilities,Multi-Utilities,72.21,74.24,56.96,72.37,72.81,72.81,69.99,68.28,-0.2,2.71,74.17,71.44
XYL,Xylem Inc.,Industrials,Industrial Machinery & Supplies & Components,140.85,144.62,102.53,142.09,142.67,138.95,133.02,124.42,0.2,6.39,149.85,128.04
YUM,Yum! Brands,Consumer Discretionary,Restaurants,149.34,161.74,122.07,146.23,143.71,144.95,145.64,142.39,0.4,0.74,150.45,139.45
ZBRA,Zebra Technologies,Information Technology,Electronic Equipment & Instruments,317.48,421.11,213.54,325.81,318.61,326.72,316.4,329.02,-0.4,9.81,348.62,304.83
ZBH,Zimmer Biomet,Health Care,Health Care Equipment,102.56,115.11,89.98,102.49,99.34,97.03,94.52,101.86,0.0,2.61,105.24,88.82
ZTS,Zoetis,Health Care,Pharmaceuticals,152.32,194.12,143.44,152.34,149.89,150.2,154.79,162.24,0.2,1.98,155.34,145.07
