Symbol,Company,GICS_Sector,GICS_Sub_Industry,Current_Price,52_Week_High,52_Week_Low,SMA_5,SMA_10,SMA_20,SMA_50,SMA_100,SMA_125,SMA_200
MMM,3M,Industrials,Industrial Conglomerates,152.86,164.15,121.39,155.99,154.12,151.79,151.03,146.34,146.82,142.28
AOS,A. O. Smith,Industrials,Building Products,72.15,90.29,58.25,72.37,71.47,71.29,68.23,66.78,66.66,67.87
ABT,Abbott Laboratories,Health Care,Health Care Equipment,130.27,139.95,107.69,130.34,131.1,129.05,131.07,130.6,130.74,125.59
ABBV,AbbVie,Health Care,Biotechnology,206.57,214.8,159.42,203.61,200.85,195.89,190.74,187.74,191.21,185.65
ACN,Accenture,Information Technology,IT Consulting & Other Services,249.13,394.41,236.67,245.17,244.0,259.45,282.45,292.46,301.08,322.54
ADBE,Adobe Inc.,Information Technology,Application Software,357.24,587.75,330.04,350.03,344.75,354.19,372.17,377.47,386.99,418.35
AMD,Advanced Micro Devices,Information Technology,Semiconductors,176.14,186.65,76.48,178.79,174.88,172.31,151.26,126.69,122.2,124.51
AES,AES Corporation,Utilities,Independent Power Producers & Energy Traders,13.36,19.17,9.28,13.11,12.99,13.18,12.12,11.34,11.33,11.63
AFL,Aflac,Financials,Life & Health Insurance,105.76,114.16,96.67,105.14,103.69,102.23,102.61,104.13,104.61,104.73
A,Agilent Technologies,Health Care,Life Sciences Tools & Services,118.15,153.19,96.23,118.77,116.47,117.07,117.64,113.29,115.72,124.2
APD,Air Products,Materials,Industrial Gases,288.14,336.92,242.14,290.85,289.7,291.38,287.04,279.25,283.44,292.91
ABNB,Airbnb,Consumer Discretionary,"Hotels, Resorts & Cruise Lines",125.49,163.93,99.88,124.28,124.12,130.43,133.71,128.76,130.05,131.92
AKAM,Akamai Technologies,Information Technology,Internet Services & Infrastructure,75.28,106.8,67.51,74.28,73.54,76.07,77.69,77.64,78.62,85.21
ALB,Albemarle Corporation,Materials,Specialty Chemicals,83.09,112.1,49.11,81.27,76.82,75.89,69.78,64.49,66.84,76.71
ARE,Alexandria Real Estate Equities,Real Estate,Office REITs,77.21,118.73,66.16,75.3,74.91,77.16,75.42,75.22,79.32,86.55
ALGN,Align Technology,Health Care,Health Care Supplies,144.94,262.87,127.7,143.3,140.65,161.62,178.16,175.73,175.74,192.52
ALLE,Allegion,Industrials,Building Products,167.2,170.11,116.14,167.79,166.08,164.36,152.18,143.42,140.11,137.87
LNT,Alliant Energy,Utilities,Electric Utilities,64.43,66.76,54.3,64.79,65.29,65.01,62.57,61.7,61.8,60.55
ALL,Allstate,Financials,Property & Casualty Insurance,207.09,212.16,173.55,207.63,207.1,202.0,198.64,199.19,198.96,196.0
GOOGL,Alphabet Inc. (Class A),Communication Services,Interactive Media & Services,203.5,206.56,140.36,203.13,200.53,196.66,184.75,172.33,171.82,176.71
GOOG,Alphabet Inc. (Class C),Communication Services,Interactive Media & Services,204.29,208.21,142.49,204.04,201.35,197.51,185.71,173.68,173.3,178.22
MO,Altria,Consumer Staples,Tobacco,65.99,66.6,46.28,65.77,64.8,62.59,60.32,58.92,58.13,55.59
AMZN,Amazon,Consumer Discretionary,Broadline Retail,231.49,242.52,161.38,227.91,224.27,225.83,221.61,207.02,206.5,211.52
AMCR,Amcor,Materials,Paper & Plastic Packaging Products & Materials,8.48,11.04,8.25,9.14,9.34,9.46,9.4,9.29,9.4,9.51
AEE,Ameren,Utilities,Multi-Utilities,99.95,103.59,78.2,101.07,101.41,100.98,97.96,97.5,97.59,94.79
AEP,American Electric Power,Utilities,Electric Utilities,110.7,114.42,87.57,112.13,112.28,111.18,106.14,104.75,104.47,100.46
AXP,American Express,Financials,Consumer Finance,307.05,329.14,219.87,306.07,301.09,302.92,306.54,289.84,287.52,291.77
AIG,American International Group,Financials,Multi-line Insurance,80.38,87.61,68.55,79.81,78.99,78.93,81.78,82.08,81.75,78.66
AMT,American Tower,Real Estate,Telecom Tower REITs,203.13,235.86,169.77,204.3,206.3,213.39,216.83,215.08,212.73,204.03
AWK,American Water Works,Utilities,Water Utilities,142.66,153.69,116.64,143.16,143.05,142.11,141.05,141.95,141.07,135.67
AMP,Ameriprise Financial,Financials,Asset Management & Custody Banks,505.63,576.69,393.57,509.73,507.22,512.7,519.97,502.08,502.5,516.86
AME,Ametek,Industrials,Electrical Components & Equipment,182.62,197.35,144.77,184.12,183.79,182.22,180.56,175.16,176.41,179.71
AMGN,Amgen,Health Care,Biotechnology,292.62,332.94,249.07,290.74,289.65,296.33,293.2,287.76,292.16,287.0
APH,Amphenol,Information Technology,Electronic Components,111.06,112.35,56.35,110.54,109.85,107.37,101.12,88.74,83.99,79.13
ADI,Analog Devices,Information Technology,Semiconductors,231.55,247.73,157.93,233.81,228.16,228.04,233.25,216.49,217.15,215.83
AON,Aon plc,Financials,Insurance Brokers,365.37,411.24,322.37,366.69,365.83,362.07,357.39,361.86,368.65,369.02
APA,APA Corporation,Energy,Oil & Gas Exploration & Production,20.41,28.41,13.18,20.48,19.84,19.48,19.23,17.96,18.35,19.68
APO,Apollo Global Management,Financials,Asset Management & Custody Banks,139.39,188.28,102.22,141.0,142.16,144.68,142.71,137.2,138.1,148.13
AAPL,Apple Inc.,Information Technology,"Technology Hardware, Storage & Peripherals",230.89,259.18,168.8,231.65,225.0,217.57,209.99,206.81,211.26,220.5
AMAT,Applied Materials,Information Technology,Semiconductor Materials & Equipment,163.53,214.09,123.39,178.4,180.17,183.03,183.52,167.65,165.53,169.49
APTV,Aptiv,Consumer Discretionary,Automotive Parts & Equipment,75.71,76.14,47.19,74.12,70.0,69.36,69.31,64.63,64.61,62.66
ACGL,Arch Capital Group,Financials,Property & Casualty Insurance,90.35,110.75,82.49,90.05,89.62,88.58,89.43,91.22,91.27,92.34
ADM,Archer Daniels Midland,Consumer Staples,Agricultural Products & Services,59.67,60.72,40.56,59.42,58.54,56.72,54.47,50.86,50.05,50.03
ANET,Arista Networks,Information Technology,Communications Equipment,138.04,141.99,59.43,138.22,136.41,126.73,110.81,97.03,95.18,100.28
AJG,Arthur J. Gallagher & Co.,Financials,Insurance Brokers,294.51,350.53,272.64,293.28,290.68,294.68,307.8,320.54,322.39,311.88
AIZ,Assurant,Financials,Multi-line Insurance,209.14,227.97,174.28,211.52,206.72,196.57,195.04,195.72,197.77,202.63
T,AT&T,Communication Services,Integrated Telecommunication Services,28.92,29.15,18.12,28.68,28.3,27.97,27.81,27.45,27.19,25.41
ATO,Atmos Energy,Utilities,Gas Utilities,164.02,167.44,124.49,165.64,163.39,160.13,156.27,155.63,154.22,149.19
ADSK,Autodesk,Information Technology,Application Software,289.65,326.62,232.67,286.04,290.28,296.47,298.51,287.83,284.12,290.33
ADP,Automatic Data Processing,Industrials,Human Resource & Employment Services,302.65,328.29,256.54,302.14,302.48,304.28,305.86,305.22,304.5,301.1
AZO,AutoZone,Consumer Discretionary,Automotive Retail,4039.95,4094.69,2898.57,4015.29,4029.28,3930.43,3778.76,3743.64,3701.35,3531.73
AVB,AvalonBay Communities,Real Estate,Multi-Family Residential REITs,188.25,233.48,178.86,189.23,187.91,192.1,198.7,200.82,203.31,208.96
AVY,Avery Dennison,Materials,Paper & Plastic Packaging Products & Materials,172.25,221.17,156.18,175.78,172.73,173.04,176.57,175.29,176.28,182.14
AXON,Axon Enterprise,Industrials,Aerospace & Defense,791.62,885.92,346.71,765.96,809.27,770.97,774.2,704.76,671.87,648.01
BKR,Baker Hughes,Energy,Oil & Gas Equipment & Services,42.87,48.6,31.55,42.86,43.05,43.74,40.77,39.2,40.01,40.98
BALL,Ball Corporation,Materials,"Metal, Glass & Plastic Containers",52.85,67.39,43.35,53.75,53.73,56.11,56.56,53.74,53.27,54.42
BAC,Bank of America,Financials,Diversified Banks,47.92,49.31,32.88,47.46,46.54,47.05,46.67,43.69,43.42,44.04
BAX,Baxter International,Health Care,Health Care Equipment,23.61,39.87,21.33,24.07,23.64,25.1,28.02,29.2,30.22,30.68
BDX,Becton Dickinson,Health Care,Health Care Equipment,195.0,249.34,162.35,195.37,189.98,185.65,178.65,184.08,192.39,205.75
BBY,Best Buy,Consumer Discretionary,Computer & Electronics Retail,71.8,99.71,54.24,71.63,69.77,68.22,69.16,68.01,70.01,75.53
TECH,Bio-Techne,Health Care,Life Sciences Tools & Services,53.29,80.64,45.94,53.63,52.34,54.39,52.7,51.72,53.81,61.16
BIIB,Biogen,Health Care,Biotechnology,135.91,207.59,110.04,134.71,132.22,131.06,130.34,127.33,130.27,139.07
BLK,BlackRock,Financials,Asset Management & Custody Banks,1136.12,1171.89,769.66,1150.19,1134.68,1123.86,1072.74,998.88,988.09,995.72
BX,Blackstone Inc.,Financials,Asset Management & Custody Banks,169.22,196.67,114.16,173.18,170.95,172.04,158.64,146.92,147.33,157.52
XYZ,"Block, Inc.",Financials,Transaction & Payment Processing Services,76.73,99.26,44.27,76.01,75.47,76.9,70.87,63.43,63.26,72.19
BK,BNY Mellon,Financials,Asset Management & Custody Banks,101.74,104.47,63.02,102.32,102.31,101.42,95.63,89.07,88.06,84.74
BA,Boeing,Industrials,Aerospace & Defense,232.41,242.69,128.88,233.37,229.91,229.01,220.06,201.27,194.78,183.9
BKNG,Booking Holdings,Consumer Discretionary,"Hotels, Resorts & Cruise Lines",5532.0,5839.41,3564.57,5476.1,5457.7,5531.0,5561.48,5263.01,5156.51,5072.48
BSX,Boston Scientific,Health Care,Health Care Equipment,103.05,108.94,76.6,103.1,103.21,104.58,103.56,102.2,101.96,98.86
BMY,Bristol Myers Squibb,Health Care,Pharmaceuticals,48.19,61.84,42.96,47.77,46.67,46.72,47.05,48.3,50.24,52.21
AVGO,Broadcom,Information Technology,Semiconductors,305.76,317.35,133.38,309.05,305.25,298.4,278.7,239.69,231.01,220.75
BR,Broadridge Financial Solutions,Industrials,Data Processing & Outsourced Services,260.06,271.91,203.77,260.81,263.22,255.67,245.84,240.97,239.53,235.29
BRO,Brown & Brown,Financials,Insurance Brokers,94.95,125.31,90.24,95.19,93.94,95.71,102.72,108.47,110.22,108.74
BLDR,Builders FirstSource,Industrials,Building Products,136.52,203.14,102.6,138.68,134.93,133.24,125.65,121.16,123.65,139.24
BG,Bunge Global,Consumer Staples,Agricultural Products & Services,80.57,99.21,66.18,82.04,82.15,80.06,79.2,78.24,77.16,78.05
BXP,"BXP, Inc.",Real Estate,Office REITs,65.16,86.38,53.45,65.0,64.82,66.78,68.54,66.42,66.4,69.12
CHRW,C.H. Robinson,Industrials,Air Freight & Logistics,122.97,123.14,84.13,121.1,119.04,111.95,102.51,98.0,98.1,100.16
CDNS,Cadence Design Systems,Information Technology,Application Software,356.25,376.45,221.56,351.56,353.39,349.71,325.41,305.18,294.49,297.4
CZR,Caesars Entertainment,Consumer Discretionary,Casinos & Gaming,25.68,45.93,21.4,25.38,24.91,26.53,27.87,27.41,28.05,31.2
CPT,Camden Property Trust,Real Estate,Multi-Family Residential REITs,105.77,124.31,101.41,106.09,106.11,109.01,112.11,113.39,114.48,114.62
CPB,Campbell's Company (The),Consumer Staples,Packaged Foods & Meats,32.34,50.77,29.39,32.38,32.47,32.47,31.89,33.92,34.88,37.08
COF,Capital One,Financials,Consumer Finance,216.2,231.82,129.97,216.93,213.04,213.11,210.52,195.31,192.65,189.93
CAH,Cardinal Health,Health Care,Health Care Distributors,149.73,168.44,103.38,148.8,152.73,154.95,158.98,150.86,146.2,136.59
KMX,CarMax,Consumer Discretionary,Automotive Retail,58.45,91.25,54.53,57.93,56.81,58.0,63.06,65.61,67.9,73.13
CCL,Carnival,Consumer Discretionary,"Hotels, Resorts & Cruise Lines",29.97,31.01,15.04,30.05,29.48,29.65,27.93,24.1,23.64,24.26
CARR,Carrier Global,Industrials,Building Products,66.49,82.31,53.89,66.09,66.02,69.93,72.02,69.05,68.36,69.04
CAT,Caterpillar Inc.,Industrials,Construction Machinery & Heavy Transportation Equipment,412.64,441.15,265.05,412.87,416.85,423.7,398.91,360.09,355.57,363.13
CBOE,Cboe Global Markets,Financials,Financial Exchanges & Data,245.96,255.27,186.22,246.25,248.35,246.02,236.48,228.67,225.34,216.41
CBRE,CBRE Group,Real Estate,Real Estate Services,157.84,161.03,108.45,158.22,156.67,153.71,143.97,134.06,134.01,134.67
CDW,CDW Corporation,Information Technology,Technology Distributors,165.84,229.02,136.84,165.45,164.29,171.28,174.74,170.94,171.43,176.24
COR,Cencora,Health Care,Health Care Distributors,290.35,308.18,216.84,291.32,288.43,289.1,291.94,288.26,281.61,265.71
CNC,Centene Corporation,Health Care,Managed Health Care,28.99,80.59,25.08,27.53,26.48,26.68,37.4,48.73,50.74,54.47
CNP,CenterPoint Energy,Utilities,Multi-Utilities,37.73,39.39,24.93,38.28,38.52,38.36,37.11,37.09,36.55,34.56
CF,CF Industries,Materials,Fertilizers & Agricultural Chemicals,84.45,103.84,66.56,84.69,85.0,88.74,92.24,86.38,84.46,85.17
CRL,Charles River Laboratories,Health Care,Life Sciences Tools & Services,156.98,230.02,91.86,155.44,154.25,163.3,156.83,143.48,148.41,161.51
SCHW,Charles Schwab Corporation,Financials,Investment Banking & Brokerage,96.17,99.42,60.38,96.87,96.74,96.68,92.93,87.11,85.12,82.27
CHTR,Charter Communications,Communication Services,Cable & Satellite,266.81,437.06,254.67,265.98,263.21,288.52,352.94,365.89,365.29,365.57
CVX,Chevron Corporation,Energy,Integrated Oil & Gas,155.32,166.93,130.45,155.47,154.48,153.98,150.11,145.32,147.41,148.57
CMG,Chipotle Mexican Grill,Consumer Discretionary,Restaurants,43.38,66.74,41.18,43.38,42.8,44.35,50.1,50.16,50.34,53.81
CB,Chubb Limited,Financials,Property & Casualty Insurance,272.92,305.88,250.52,273.54,271.65,270.35,277.9,282.97,283.14,279.69
CHD,Church & Dwight,Consumer Staples,Household Products,92.8,115.72,90.22,92.59,92.03,93.73,95.67,97.52,99.66,101.76
CI,Cigna,Health Care,Health Care Services,298.32,365.71,256.89,290.62,281.67,284.5,301.69,312.25,311.87,306.71
CINF,Cincinnati Financial,Financials,Property & Casualty Insurance,149.79,158.92,122.28,152.08,151.64,150.4,148.39,144.93,144.11,143.68
CTAS,Cintas,Industrials,Diversified Support Services,214.28,228.77,179.74,219.85,221.77,221.79,220.49,216.03,212.63,209.52
CSCO,Cisco,Information Technology,Communications Equipment,66.95,72.55,46.57,68.85,69.33,68.75,67.79,63.61,63.21,61.4
C,Citigroup,Financials,Diversified Banks,94.22,96.28,54.51,94.75,93.38,93.66,87.51,78.3,77.19,75.14
CFG,Citizens Financial Group,Financials,Regional Banks,48.54,49.55,31.96,48.54,47.78,48.09,45.8,41.94,41.94,42.95
CLX,Clorox,Consumer Staples,Household Products,119.48,166.9,116.17,121.54,122.53,124.46,123.71,129.79,133.24,142.22
CME,CME Group,Financials,Financial Exchanges & Data,270.41,289.46,195.35,273.77,278.37,278.21,275.49,272.83,269.26,253.89
CMS,CMS Energy,Utilities,Multi-Utilities,72.03,75.33,62.54,72.64,73.08,72.8,70.81,70.97,71.08,69.18
KO,Coca-Cola Company (The),Consumer Staples,Soft Drinks & Non-alcoholic Beverages,69.13,73.85,59.75,69.95,69.98,69.44,69.97,70.43,70.23,67.28
CTSH,Cognizant,Information Technology,IT Consulting & Other Services,70.1,90.17,65.27,69.73,69.73,72.11,75.78,75.77,76.98,77.9
COIN,Coinbase,Financials,Financial Exchanges & Data,320.73,444.65,142.58,322.56,315.53,344.25,338.4,274.4,260.88,268.48
CL,Colgate-Palmolive,Consumer Staples,Household Products,84.26,106.9,82.4,85.06,84.68,85.53,87.81,89.52,89.63,89.65
CMCSA,Comcast,Communication Services,Cable & Satellite,33.43,44.12,31.03,32.96,32.42,33.08,34.21,34.26,34.49,35.92
CAG,Conagra Brands,Consumer Staples,Packaged Foods & Meats,18.98,31.36,18.18,19.32,19.21,19.01,19.82,21.75,22.4,23.66
COP,ConocoPhillips,Energy,Oil & Gas Exploration & Production,94.0,113.49,79.21,95.09,94.18,94.65,93.44,91.64,92.59,96.06
ED,Consolidated Edison,Utilities,Multi-Utilities,99.74,112.97,85.07,101.97,102.75,102.43,100.94,103.54,103.11,98.93
STZ,Constellation Brands,Consumer Staples,Distillers & Vintners,166.25,255.51,158.43,168.87,169.67,170.83,168.04,175.43,175.7,188.63
CEG,Constellation Energy,Utilities,Electric Utilities,322.77,357.0,161.13,327.48,332.31,333.08,319.83,283.0,273.72,270.1
COO,Cooper Companies (The),Health Care,Health Care Supplies,73.53,112.38,65.0,73.44,71.52,72.1,71.99,75.55,77.51,84.88
CPRT,Copart,Industrials,Diversified Support Services,47.36,64.38,45.05,47.23,46.88,46.52,47.55,52.88,53.24,55.1
GLW,Corning Inc.,Information Technology,Electronic Components,65.52,66.5,37.1,65.64,65.09,62.03,55.94,50.58,50.04,49.47
CPAY,Corpay,Financials,Transaction & Payment Processing Services,316.5,400.81,269.02,316.07,312.4,321.51,327.55,327.0,332.07,343.5
CTVA,Corteva,Materials,Fertilizers & Agricultural Chemicals,72.29,77.41,51.83,71.86,71.72,72.19,73.22,68.6,67.14,64.51
CSGP,CoStar Group,Real Estate,Real Estate Services,88.16,97.43,68.26,88.36,91.7,92.55,86.32,81.75,80.96,78.7
COST,Costco,Consumer Staples,Consumer Staples Merchandise Retail,979.35,1075.34,862.73,979.38,975.62,957.08,971.91,979.76,978.6,970.05
CTRA,Coterra,Energy,Oil & Gas Exploration & Production,23.24,29.29,21.55,23.82,23.83,23.74,24.69,24.83,25.25,25.4
CRWD,CrowdStrike,Information Technology,Systems Software,426.34,517.98,242.25,429.4,431.64,446.8,470.71,441.07,427.35,403.98
CCI,Crown Castle,Real Estate,Telecom Tower REITs,100.55,115.8,81.93,101.49,103.22,106.09,103.4,101.98,100.63,97.7
CSX,CSX Corporation,Industrials,Rail Transportation,35.99,36.68,26.11,36.11,35.81,35.58,34.03,31.62,31.44,32.17
CMI,Cummins,Industrials,Construction Machinery & Heavy Transportation Equipment,401.95,408.38,258.55,402.41,392.69,378.42,349.12,327.09,330.13,340.24
CVS,CVS Health,Health Care,Health Care Services,70.17,71.73,42.12,67.38,65.79,63.41,64.52,64.48,64.43,59.79
DHR,Danaher Corporation,Health Care,Life Sciences Tools & Services,209.01,278.43,170.73,209.0,203.8,201.98,199.98,196.49,198.9,211.23
DRI,Darden Restaurants,Consumer Discretionary,Restaurants,205.41,226.68,137.54,206.17,205.05,204.73,211.08,206.49,203.5,192.95
DDOG,Datadog,Information Technology,Application Software,129.07,170.08,81.63,127.7,130.45,137.72,135.25,120.22,118.27,127.42
DVA,DaVita,Health Care,Health Care Services,133.25,179.6,126.07,133.96,132.44,138.3,139.53,141.51,142.44,148.98
DAY,Dayforce,Industrials,Human Resource & Employment Services,66.62,82.69,48.01,55.58,53.84,56.05,56.71,56.95,57.36,63.51
DECK,Deckers Brands,Consumer Discretionary,Footwear,105.58,223.98,93.72,104.52,103.83,106.18,104.66,108.87,113.12,142.46
DE,Deere & Company,Industrials,Agricultural & Farm Machinery,491.13,532.1,352.93,495.63,502.04,507.0,510.07,494.1,490.75,470.03
DELL,Dell Technologies,Information Technology,"Technology Hardware, Storage & Peripherals",138.13,145.54,65.56,139.21,136.45,133.34,125.69,110.96,108.83,112.53
DAL,Delta Air Lines,Industrials,Passenger Airlines,61.09,69.36,34.52,59.63,56.59,55.32,52.76,48.7,49.58,54.61
DVN,Devon Energy,Energy,Oil & Gas Exploration & Production,33.55,44.6,25.71,33.61,33.13,33.15,33.2,32.38,32.94,33.77
DXCM,Dexcom,Health Care,Health Care Equipment,80.82,93.25,57.52,80.37,78.68,81.92,83.13,79.53,79.5,79.55
FANG,Diamondback Energy,Energy,Oil & Gas Exploration & Production,139.52,195.31,112.4,139.4,140.19,143.17,142.5,139.54,141.52,150.97
DLR,Digital Realty,Real Estate,Data Center REITs,165.02,193.72,129.05,167.2,168.75,172.85,173.42,165.3,162.75,167.53
DG,Dollar General,Consumer Staples,Consumer Staples Merchandise Retail,112.3,123.68,65.67,114.15,114.14,110.92,111.84,102.57,97.52,88.71
DLTR,Dollar Tree,Consumer Staples,Consumer Staples Merchandise Retail,112.06,118.06,60.49,113.93,114.92,114.81,106.85,94.31,89.3,82.28
D,Dominion Energy,Utilities,Multi-Utilities,60.4,62.26,47.5,61.23,61.32,60.12,57.79,55.92,55.63,55.09
DPZ,Domino's,Consumer Discretionary,Restaurants,444.85,497.15,390.2,447.77,445.28,459.54,458.56,465.18,464.03,454.75
DASH,DoorDash,Consumer Discretionary,Specialized Consumer Services,253.34,278.15,122.32,253.46,256.69,251.76,240.14,215.81,211.04,198.31
DOV,Dover Corporation,Industrials,Industrial Machinery & Supplies & Components,177.15,221.09,142.63,178.78,176.82,180.26,182.21,177.19,179.36,185.73
DOW,Dow Inc.,Materials,Commodity Chemicals,23.24,52.49,20.4,22.92,22.2,23.7,26.65,27.86,29.55,33.5
DHI,D. R. Horton,Consumer Discretionary,Homebuilding,165.16,197.64,109.8,163.7,159.19,153.15,138.55,130.45,129.99,137.16
DTE,DTE Energy,Utilities,Multi-Utilities,137.4,141.54,112.71,139.53,139.67,139.02,135.46,134.69,134.06,128.51
DUK,Duke Energy,Utilities,Electric Utilities,121.46,126.75,102.41,123.03,123.58,121.58,118.17,117.53,117.06,113.76
DD,DuPont,Materials,Specialty Chemicals,73.19,88.67,53.45,73.16,72.05,72.97,71.81,68.9,70.73,73.78
EMN,Eastman Chemical Company,Materials,Specialty Chemicals,65.76,111.31,56.78,65.54,63.4,68.33,73.97,76.52,79.85,85.7
ETN,Eaton Corporation,Industrials,Electrical Components & Equipment,353.5,399.56,231.05,356.08,357.81,371.59,357.83,326.99,319.58,328.54
EBAY,eBay Inc.,Consumer Discretionary,Broadline Retail,99.03,101.15,53.86,99.21,96.13,90.01,82.07,75.25,73.51,69.78
ECL,Ecolab,Materials,Specialty Chemicals,280.08,282.67,221.08,279.87,275.07,270.55,268.58,259.12,259.24,253.42
EIX,Edison International,Utilities,Electric Utilities,55.63,85.03,46.98,55.88,55.35,53.96,51.74,53.61,53.64,59.86
EW,Edwards Lifesciences,Health Care,Health Care Equipment,78.3,83.0,64.01,77.87,78.16,78.48,77.24,75.58,74.69,73.42
EA,Electronic Arts,Communication Services,Interactive Home Entertainment,169.16,180.9,114.9,175.83,170.96,162.5,156.38,151.2,148.22,147.87
ELV,Elevance Health,Health Care,Managed Health Care,309.32,558.44,273.71,300.25,292.22,288.55,331.09,370.44,377.61,382.3
EMR,Emerson Electric,Industrials,Electrical Components & Equipment,131.83,149.68,89.31,132.86,133.37,139.43,135.83,122.54,121.06,122.28
ENPH,Enphase Energy,Information Technology,Semiconductor Materials & Equipment,35.77,130.08,29.89,34.12,32.94,33.83,38.08,43.6,47.16,55.31
ETR,Entergy,Utilities,Electric Utilities,87.85,91.79,56.54,89.71,89.73,89.02,84.77,83.4,83.37,80.39
EOG,EOG Resources,Energy,Oil & Gas Exploration & Production,117.73,135.49,100.76,118.8,117.74,118.57,119.37,115.69,117.42,120.62
EPAM,EPAM Systems,Information Technology,IT Consulting & Other Services,164.6,269.0,138.15,159.07,156.35,160.34,168.02,166.87,172.85,197.75
EQT,EQT Corporation,Energy,Oil & Gas Exploration & Production,50.5,60.83,30.48,51.63,51.55,52.14,54.97,53.72,52.99,50.44
EFX,Equifax,Industrials,Research & Consulting Services,245.62,308.07,199.6,247.14,243.78,243.4,254.55,252.56,250.49,253.91
EQIX,Equinix,Real Estate,Data Center REITs,769.65,983.59,697.65,779.53,778.19,785.34,808.82,822.38,832.29,866.0
EQR,Equity Residential,Real Estate,Multi-Family Residential REITs,63.24,76.06,58.81,63.51,63.38,64.67,66.36,67.32,67.85,68.66
ERIE,Erie Indemnity,Financials,Insurance Brokers,359.74,539.84,331.01,365.19,361.24,359.51,353.58,366.03,375.97,387.92
ESS,Essex Property Trust,Real Estate,Multi-Family Residential REITs,256.46,310.81,241.65,256.95,256.03,266.66,276.87,277.89,281.35,282.64
EL,Estée Lauder Companies (The),Consumer Staples,Personal Care Products,90.74,101.93,48.12,91.63,91.03,91.03,84.68,72.85,72.19,72.47
EG,Everest Group,Financials,Reinsurance,331.97,400.59,318.14,333.18,331.07,332.08,335.2,341.11,342.72,348.12
EVRG,Evergy,Utilities,Electric Utilities,71.43,73.97,55.88,72.42,72.61,71.43,69.51,68.03,67.69,65.36
ES,Eversource Energy,Utilities,Electric Utilities,64.54,67.09,51.64,65.54,65.57,65.87,65.07,62.66,62.22,60.61
EXC,Exelon,Utilities,Electric Utilities,44.0,47.26,34.98,44.61,44.68,44.27,43.28,43.86,43.66,41.45
EXE,Expand Energy,Energy,Oil & Gas Exploration & Production,93.03,121.47,66.93,94.52,96.48,97.76,105.88,106.65,105.46,102.03
EXPE,Expedia Group,Consumer Discretionary,"Hotels, Resorts & Cruise Lines",206.67,213.0,125.89,206.84,197.67,191.46,180.82,170.61,172.92,175.93
EXPD,Expeditors International,Industrials,Air Freight & Logistics,120.01,129.91,99.78,120.54,118.99,117.11,115.71,113.49,114.2,114.43
EXR,Extra Space Storage,Real Estate,Self-Storage REITs,136.86,178.97,119.72,136.86,137.08,141.79,145.84,144.46,145.33,148.3
XOM,ExxonMobil,Energy,Integrated Oil & Gas,106.72,121.93,96.01,106.27,105.88,107.66,108.97,107.08,107.49,108.21
FFIV,"F5, Inc.",Information Technology,Communications Equipment,316.26,334.0,193.7,320.47,319.95,312.05,301.63,286.1,284.72,276.25
FDS,FactSet,Financials,Financial Exchanges & Data,371.15,496.49,365.76,372.53,378.88,394.62,419.24,429.83,432.72,447.38
FICO,Fair Isaac,Information Technology,Application Software,1350.14,2402.52,1300.0,1333.09,1336.8,1411.23,1605.05,1751.07,1763.87,1877.94
FAST,Fastenal,Industrials,Trading Companies & Distributors,49.11,49.26,31.89,48.87,47.99,47.28,44.55,42.18,41.28,40.24
FRT,Federal Realty Investment Trust,Real Estate,Retail REITs,93.74,114.28,79.72,93.74,93.04,93.35,94.1,93.62,94.61,99.5
FDX,FedEx,Industrials,Air Freight & Logistics,227.72,303.39,193.05,229.39,227.32,229.07,228.81,223.2,228.11,245.35
FIS,Fidelity National Information Services,Financials,Transaction & Payment Processing Services,69.73,90.63,66.18,71.33,70.99,75.81,78.64,77.42,76.02,78.12
FITB,Fifth Third Bancorp,Financials,Regional Banks,42.77,47.75,31.96,42.73,42.03,42.13,41.54,39.09,39.28,40.94
FSLR,First Solar,Information Technology,Semiconductors,219.33,262.72,116.56,193.78,189.31,185.28,172.38,157.48,153.66,165.5
FE,FirstEnergy,Utilities,Electric Utilities,42.83,43.97,36.81,43.5,43.36,42.51,40.88,40.85,40.49,40.04
FI,Fiserv,Financials,Transaction & Payment Processing Services,137.06,238.59,128.22,135.0,134.15,138.31,156.34,172.54,182.78,193.62
F,Ford Motor Company,Consumer Discretionary,Automobile Manufacturers,11.46,11.81,8.21,11.41,11.24,11.12,10.98,10.4,10.2,10.0
FTNT,Fortinet,Information Technology,Systems Software,80.76,114.82,70.12,78.98,81.2,91.93,98.82,99.47,100.18,98.62
FTV,Fortive,Industrials,Industrial Machinery & Supplies & Components,47.75,62.79,45.5,48.02,47.74,48.78,51.19,51.75,53.01,54.95
FOXA,Fox Corporation (Class A),Communication Services,Broadcasting,57.57,60.24,38.38,58.21,56.25,56.2,55.72,53.95,54.13,51.86
FOX,Fox Corporation (Class B),Communication Services,Broadcasting,52.75,54.93,35.71,53.13,51.31,51.41,51.09,49.68,49.95,48.23
BEN,Franklin Resources,Financials,Asset Management & Custody Banks,25.06,26.08,16.03,25.55,25.33,24.94,24.06,21.81,21.32,20.87
FCX,Freeport-McMoRan,Materials,Copper,41.75,51.85,27.45,42.26,41.53,42.11,42.86,39.77,39.38,39.82
GRMN,Garmin,Consumer Discretionary,Consumer Electronics,232.6,244.52,159.09,233.91,231.82,230.27,218.58,207.73,209.75,209.58
IT,Gartner,Information Technology,IT Consulting & Other Services,238.94,584.01,223.65,238.55,236.51,292.15,353.71,388.0,404.73,446.43
GE,GE Aerospace,Industrials,Aerospace & Defense,268.45,281.5,158.81,270.9,272.11,270.7,258.19,233.84,227.19,209.97
GEHC,GE HealthCare,Health Care,Health Care Equipment,73.17,94.71,57.59,73.99,72.68,73.68,73.82,71.65,74.46,78.13
GEV,GE Vernova,Industrials,Heavy Electrical Equipment,625.02,677.29,172.73,632.79,642.39,639.27,565.41,474.0,443.33,408.14
GEN,Gen Digital,Information Technology,Systems Software,31.37,32.22,22.64,31.67,30.51,30.27,29.91,28.23,28.04,28.14
GNRC,Generac,Industrials,Electrical Components & Equipment,198.14,203.25,99.5,199.52,197.51,183.06,157.34,138.4,137.54,148.19
GD,General Dynamics,Industrials,Aerospace & Defense,313.58,322.5,236.67,314.92,314.51,313.15,298.59,284.77,279.02,275.03
GIS,General Mills,Consumer Staples,Packaged Foods & Meats,49.35,72.88,48.59,49.51,49.54,49.78,51.0,53.19,54.38,56.96
GM,General Motors,Consumer Discretionary,Automobile Manufacturers,56.23,60.75,41.47,55.74,54.42,53.42,51.75,49.31,49.06,50.22
GPC,Genuine Parts Company,Consumer Discretionary,Distributors,137.14,140.8,103.16,137.1,135.2,133.7,127.3,123.09,122.74,120.87
GILD,Gilead Sciences,Health Care,Biotechnology,117.99,121.83,70.61,119.11,116.84,115.18,112.04,108.56,108.94,102.44
GPN,Global Payments,Financials,Transaction & Payment Processing Services,86.37,119.03,65.72,85.84,83.7,83.0,80.73,80.8,84.45,94.45
GL,Globe Life,Financials,Life & Health Insurance,135.99,144.0,94.26,137.74,138.96,136.97,127.22,124.56,124.61,119.84
GDDY,GoDaddy,Information Technology,Internet Services & Infrastructure,144.07,216.0,132.51,143.48,144.5,154.25,166.94,173.47,174.16,182.85
GS,Goldman Sachs,Financials,Investment Banking & Brokerage,730.96,749.05,437.2,739.39,730.28,725.73,694.45,624.49,615.26,606.02
HAL,Halliburton,Energy,Oil & Gas Equipment & Services,21.33,31.9,18.56,21.19,21.11,21.67,21.62,21.3,22.06,24.22
HIG,Hartford (The),Financials,Property & Casualty Insurance,129.76,131.98,104.05,130.32,129.17,126.43,125.15,124.18,122.68,118.84
HAS,Hasbro,Consumer Discretionary,Leisure Products,81.51,81.83,48.5,80.35,78.82,77.4,74.78,67.53,66.5,63.82
HCA,HCA Healthcare,Health Care,Health Care Facilities,393.62,414.51,288.77,392.77,383.16,366.3,371.17,362.32,354.31,342.37
DOC,Healthpeak Properties,Real Estate,Health Care REITs,17.06,22.19,16.45,17.11,17.03,17.36,17.55,17.66,18.08,18.85
HSIC,Henry Schein,Health Care,Health Care Distributors,67.22,82.49,60.56,67.89,66.86,68.74,70.64,69.3,69.98,71.32
HSY,Hershey Company (The),Consumer Staples,Packaged Foods & Meats,178.4,202.98,136.73,177.82,180.68,182.69,173.85,167.8,168.28,166.42
HPE,Hewlett Packard Enterprise,Information Technology,"Technology Hardware, Storage & Peripherals",21.63,24.28,11.88,21.4,20.88,20.72,19.94,18.01,17.93,19.21
HLT,Hilton Worldwide,Consumer Discretionary,"Hotels, Resorts & Cruise Lines",269.15,279.46,195.92,269.77,265.42,267.22,264.37,248.43,247.93,248.99
HOLX,Hologic,Health Care,Health Care Equipment,67.27,84.39,51.9,68.01,67.88,67.06,65.66,62.11,62.25,66.63
HD,Home Depot (The),Consumer Discretionary,Home Improvement Retail,394.7,431.63,324.29,399.52,393.13,383.79,371.33,365.86,366.64,379.77
HON,Honeywell,Industrials,Industrial Conglomerates,216.4,240.47,177.52,216.95,216.87,220.57,226.24,217.77,215.86,216.92
HRL,Hormel Foods,Consumer Staples,Packaged Foods & Meats,28.28,32.84,27.07,28.56,28.5,28.62,29.55,29.62,29.45,29.66
HST,Host Hotels & Resorts,Real Estate,Hotel & Resort REITs,15.85,18.53,12.06,15.88,15.6,15.89,15.86,15.08,15.11,15.81
HWM,Howmet Aerospace,Industrials,Aerospace & Defense,173.05,193.13,90.47,175.6,178.12,182.04,179.68,162.48,156.01,141.34
HPQ,HP Inc.,Information Technology,"Technology Hardware, Storage & Peripherals",26.83,38.63,20.97,26.85,26.13,25.74,25.22,25.46,26.38,29.13
HUBB,Hubbell Incorporated,Industrials,Industrial Machinery & Supplies & Components,432.22,476.65,298.43,434.73,427.89,430.94,416.29,387.65,380.76,400.03
HUM,Humana,Health Care,Managed Health Care,287.19,377.69,206.87,282.37,271.24,255.9,243.1,248.38,250.67,259.06
HBAN,Huntington Bancshares,Financials,Regional Banks,16.68,17.91,11.8,16.65,16.35,16.46,16.52,15.57,15.48,15.87
HII,Huntington Ingalls Industries,Industrials,Aerospace & Defense,267.6,293.14,156.7,267.75,267.49,265.94,251.69,234.69,225.3,212.16
IBM,IBM,Information Technology,IT Consulting & Other Services,239.45,294.17,187.56,238.22,241.77,251.27,270.41,258.14,256.43,243.86
IEX,IDEX Corporation,Industrials,Industrial Machinery & Supplies & Components,163.78,235.67,152.2,165.71,162.44,168.87,175.11,175.71,177.92,192.07
IDXX,Idexx Laboratories,Health Care,Health Care Equipment,637.86,688.12,356.14,651.77,648.52,606.87,560.39,509.26,494.09,470.0
ITW,Illinois Tool Works,Industrials,Industrial Machinery & Supplies & Components,259.22,274.77,213.36,261.63,259.24,258.72,253.56,246.59,248.53,252.49
INCY,Incyte,Health Care,Biotechnology,84.92,87.24,53.56,85.09,81.66,77.53,72.25,66.81,67.1,69.3
IR,Ingersoll Rand,Industrials,Industrial Machinery & Supplies & Components,78.89,105.95,65.58,79.31,77.92,81.27,83.25,80.46,80.97,86.66
PODD,Insulet Corporation,Health Care,Health Care Equipment,323.07,329.33,180.31,315.69,305.22,297.22,299.04,289.88,285.01,278.23
INTC,Intel,Information Technology,Semiconductors,23.66,27.55,17.67,23.22,21.71,21.36,21.81,21.26,21.66,21.67
ICE,Intercontinental Exchange,Financials,Financial Exchanges & Data,177.94,189.35,141.51,181.19,184.18,184.14,181.86,175.51,174.47,167.22
IFF,International Flavors & Fragrances,Materials,Specialty Chemicals,65.31,105.18,62.33,65.58,65.59,69.76,73.24,74.22,75.27,79.56
IP,International Paper,Materials,Paper & Plastic Packaging Products & Materials,46.86,58.71,42.44,47.36,46.97,49.23,48.64,47.9,48.76,50.91
IPG,Interpublic Group of Companies (The),Communication Services,Advertising,26.09,32.2,22.2,25.9,25.39,25.38,24.69,24.53,24.93,26.05
INTU,Intuit,Information Technology,Application Software,717.21,813.7,531.0,713.96,733.52,760.19,762.3,702.13,680.54,661.16
ISRG,Intuitive Surgical,Health Care,Health Care Equipment,481.28,616.0,425.0,479.83,476.2,484.91,508.47,514.64,518.52,530.56
IVZ,Invesco,Financials,Asset Management & Custody Banks,21.0,21.64,11.33,21.12,20.86,21.0,17.96,15.97,15.94,16.43
INVH,Invitation Homes,Real Estate,Single-Family Residential REITs,29.95,36.53,29.11,30.26,30.21,30.85,32.0,32.7,32.72,32.3
IQV,IQVIA,Health Care,Life Sciences Tools & Services,192.54,252.88,134.65,189.83,184.95,188.3,170.87,160.81,166.15,179.71
IRM,Iron Mountain,Real Estate,Other Specialized REITs,90.74,127.24,71.77,91.95,91.69,94.76,98.25,94.3,92.95,98.76
JBHT,J.B. Hunt,Industrials,Cargo Ground Transportation,142.52,198.61,122.01,143.82,142.21,144.15,145.23,141.29,144.19,156.32
JBL,Jabil,Information Technology,Electronic Manufacturing Services,215.66,232.75,99.48,219.51,220.49,222.03,213.61,181.41,174.37,163.6
JKHY,Jack Henry & Associates,Financials,Transaction & Payment Processing Services,160.83,195.38,157.8,160.73,162.06,168.53,174.99,175.77,175.63,174.93
J,Jacobs Solutions,Industrials,Construction & Engineering,146.79,152.4,104.91,149.01,148.02,144.76,136.79,129.03,127.83,130.65
JNJ,Johnson & Johnson,Health Care,Pharmaceuticals,176.25,177.57,138.38,174.96,173.48,170.72,161.77,157.61,158.57,154.63
JCI,Johnson Controls,Industrials,Building Products,105.71,112.63,66.5,105.33,105.17,106.43,105.52,96.33,93.46,88.8
JPM,JPMorgan Chase,Financials,Diversified Banks,291.53,301.29,196.2,291.91,290.75,293.29,285.74,266.26,262.04,255.77
K,Kellanova,Consumer Staples,Packaged Foods & Meats,80.02,82.65,77.7,80.14,80.05,79.99,79.86,80.86,81.03,80.61
KVUE,Kenvue,Consumer Staples,Personal Care Products,21.1,24.71,19.2,21.35,21.31,21.65,21.36,22.13,22.27,21.98
KDP,Keurig Dr Pepper,Consumer Staples,Soft Drinks & Non-alcoholic Beverages,34.65,37.26,29.71,34.74,34.34,33.87,33.46,33.64,33.53,32.81
KEY,KeyCorp,Financials,Regional Banks,18.18,19.33,12.56,18.13,17.83,18.07,17.6,16.35,16.28,16.75
KEYS,Keysight Technologies,Information Technology,Electronic Equipment & Instruments,164.43,186.2,121.43,165.92,163.94,164.51,163.52,156.41,157.03,160.6
KMB,Kimberly-Clark,Consumer Staples,Household Products,131.33,149.05,121.86,133.22,134.41,131.22,130.5,133.46,134.51,132.54
KIM,Kimco Realty,Real Estate,Retail REITs,21.11,24.97,17.71,21.23,21.16,21.4,21.27,20.85,20.86,21.66
KMI,Kinder Morgan,Energy,Oil & Gas Storage & Transportation,26.23,30.49,19.68,26.64,26.85,27.13,27.49,27.2,27.04,26.87
KKR,KKR & Co.,Financials,Asset Management & Custody Banks,141.2,169.7,85.9,144.85,143.71,145.93,137.68,125.85,125.05,134.93
KLAC,KLA Corporation,Information Technology,Semiconductor Materials & Equipment,883.39,959.26,550.01,919.75,910.75,907.43,900.83,804.41,786.04,745.93
KHC,Kraft Heinz,Consumer Staples,Packaged Foods & Meats,27.27,35.08,25.44,27.59,27.51,27.86,27.06,27.58,28.06,28.7
KR,Kroger,Consumer Staples,Food Retail,69.74,74.52,49.68,70.29,71.74,71.21,70.1,69.29,68.3,65.04
LHX,L3Harris,Industrials,Aerospace & Defense,271.92,280.52,191.09,270.79,272.29,272.32,261.13,241.16,234.27,230.22
LH,Labcorp,Health Care,Health Care Services,270.49,283.47,208.77,270.79,267.18,264.0,259.6,248.14,247.38,243.13
LRCX,Lam Research,Information Technology,Semiconductor Materials & Equipment,98.88,108.02,56.18,103.56,101.33,99.46,97.36,85.91,84.41,81.32
LW,Lamb Weston,Consumer Staples,Packaged Foods & Meats,54.3,82.35,47.25,54.2,53.09,54.94,53.42,53.1,52.83,58.52
LVS,Las Vegas Sands,Consumer Discretionary,Casinos & Gaming,52.8,55.65,29.84,53.76,53.24,52.26,48.0,42.78,42.91,44.88
LDOS,Leidos,Industrials,Diversified Support Services,178.12,201.22,122.92,178.83,177.05,169.25,161.18,153.42,149.28,151.89
LEN,Lennar,Consumer Discretionary,Homebuilding,131.43,184.74,97.54,129.84,124.95,120.27,114.27,111.11,112.74,124.37
LII,Lennox International,Industrials,Building Products,600.06,689.44,497.88,598.62,594.94,614.02,592.29,575.78,578.96,596.39
LLY,Lilly (Eli),Health Care,Pharmaceuticals,698.05,965.15,622.41,675.86,678.58,728.24,761.1,767.58,786.64,789.01
LIN,Linde plc,Materials,Industrial Gases,478.51,482.86,407.35,477.02,473.86,470.86,468.61,460.64,460.13,452.82
LYV,Live Nation Entertainment,Communication Services,Movies & Entertainment,162.12,163.0,92.57,160.39,155.75,153.45,149.35,141.81,140.02,138.21
LKQ,LKQ Corporation,Consumer Discretionary,Distributors,30.84,43.77,28.65,30.92,30.16,31.01,35.0,37.53,38.2,37.73
LMT,Lockheed Martin,Industrials,Aerospace & Defense,440.64,606.41,410.11,437.93,433.54,426.65,451.36,457.11,455.8,468.99
L,Loews Corporation,Financials,Multi-line Insurance,94.59,96.1,75.0,94.98,94.3,92.77,91.26,89.38,88.63,86.88
LOW,Lowe's,Consumer Discretionary,Home Improvement Retail,250.89,281.56,204.22,251.44,245.25,236.52,226.64,224.99,226.77,238.06
LULU,Lululemon Athletica,Consumer Discretionary,"Apparel, Accessories & Luxury Goods",203.62,423.32,185.95,198.14,194.93,203.14,224.01,256.87,273.85,308.29
LYB,LyondellBasell,Materials,Specialty Chemicals,52.95,93.74,47.55,52.57,51.19,55.79,58.81,58.27,61.1,66.3
MTB,M&T Bank,Financials,Regional Banks,190.67,221.09,149.64,191.8,188.99,190.6,191.56,181.97,181.69,187.86
MPC,Marathon Petroleum,Energy,Oil & Gas Refining & Marketing,162.67,183.1,114.45,161.63,162.05,167.04,169.14,156.56,154.23,151.67
MKTX,MarketAxess,Financials,Financial Exchanges & Data,186.61,293.7,183.0,188.3,189.68,199.62,211.7,214.84,212.61,221.46
MAR,Marriott International,Consumer Discretionary,"Hotels, Resorts & Cruise Lines",266.26,306.04,204.87,266.54,263.36,266.49,268.9,257.05,257.69,266.51
MMC,Marsh McLennan,Financials,Insurance Brokers,207.65,246.94,196.27,207.12,205.03,204.66,210.85,219.59,222.07,220.53
MLM,Martin Marietta Materials,Materials,Construction Materials,602.83,630.45,441.31,612.08,607.71,593.81,568.82,543.58,531.05,540.16
MAS,Masco,Industrials,Building Products,73.05,85.23,56.02,73.2,71.19,69.25,66.19,64.57,66.1,70.1
MA,Mastercard,Financials,Transaction & Payment Processing Services,584.14,593.91,459.26,580.34,574.6,569.27,564.33,556.3,554.27,544.69
MTCH,Match Group,Communication Services,Interactive Media & Services,37.84,39.2,26.24,37.99,36.91,35.48,33.13,31.31,31.31,31.8
MKC,McCormick & Company,Consumer Staples,Packaged Foods & Meats,68.41,85.22,68.23,69.6,69.74,70.61,72.4,73.68,75.05,75.3
MCD,McDonald's,Consumer Discretionary,Restaurants,308.7,324.48,265.61,306.66,305.74,303.02,298.75,304.95,304.79,299.08
MCK,McKesson Corporation,Health Care,Health Care Distributors,671.19,737.89,462.92,668.05,675.81,692.01,708.3,702.69,690.1,651.85
MDT,Medtronic,Health Care,Health Care Equipment,92.81,94.71,77.57,92.56,91.87,91.64,89.21,86.47,87.2,86.18
MRK,Merck & Co.,Health Care,Pharmaceuticals,84.22,116.37,72.58,82.84,81.55,81.78,81.12,80.21,82.35,87.46
META,Meta Platforms,Communication Services,Interactive Media & Services,767.37,796.25,479.43,780.96,773.73,749.79,725.46,656.69,651.84,639.24
MET,MetLife,Financials,Life & Health Insurance,77.74,87.17,64.24,77.38,76.31,76.23,77.41,76.69,77.53,79.09
MTD,Mettler Toledo,Health Care,Life Sciences Tools & Services,1311.32,1521.01,946.69,1310.85,1276.94,1261.31,1217.87,1160.61,1179.28,1216.64
MGM,MGM Resorts,Consumer Discretionary,Casinos & Gaming,36.18,42.54,25.3,36.06,35.36,36.37,35.78,33.43,33.41,34.26
MCHP,Microchip Technology,Information Technology,Semiconductors,65.56,80.85,33.87,65.5,64.98,67.22,69.57,59.7,58.99,59.43
MU,Micron Technology,Information Technology,Semiconductors,123.55,129.73,61.48,124.35,119.41,114.79,117.74,101.14,100.07,99.45
MSFT,Microsoft,Information Technology,Systems Software,517.1,555.45,344.16,521.91,522.69,519.71,502.79,458.59,445.41,437.54
MAA,Mid-America Apartment Communities,Real Estate,Multi-Family Residential REITs,140.06,170.0,137.32,139.83,140.27,144.25,146.76,151.86,153.69,152.71
MRNA,Moderna,Health Care,Biotechnology,28.09,91.99,23.15,27.07,26.77,29.34,29.2,27.86,29.03,33.54
MHK,Mohawk Industries,Consumer Discretionary,Home Furnishings,127.09,164.29,96.24,128.49,124.51,121.14,112.26,108.97,110.29,117.2
MOH,Molina Healthcare,Health Care,Managed Health Care,169.15,365.23,151.95,162.96,158.81,161.93,222.03,271.57,278.82,286.95
TAP,Molson Coors Beverage Company,Consumer Staples,Brewers,51.12,64.07,46.94,51.3,50.64,50.38,49.89,53.34,54.56,55.35
MDLZ,Mondelez International,Consumer Staples,Packaged Foods & Meats,61.84,73.95,53.2,61.79,61.91,64.87,66.49,66.29,65.85,63.81
MPWR,Monolithic Power Systems,Information Technology,Semiconductors,850.31,951.76,437.93,845.59,823.63,781.25,745.36,677.11,664.67,654.51
MNST,Monster Beverage,Consumer Staples,Soft Drinks & Non-alcoholic Beverages,64.12,66.75,45.7,64.23,62.88,61.46,61.66,60.97,59.73,56.71
MCO,Moody's Corporation,Financials,Financial Exchanges & Data,509.22,528.95,377.3,516.27,515.11,512.12,498.67,477.42,476.57,478.02
MS,Morgan Stanley,Financials,Investment Banking & Brokerage,144.78,149.08,91.36,146.59,144.27,142.88,139.21,128.43,127.05,127.39
MOS,Mosaic Company (The),Materials,Fertilizers & Agricultural Chemicals,32.3,38.23,22.14,32.05,32.3,34.35,35.31,32.84,31.37,29.34
MSI,Motorola Solutions,Information Technology,Communications Equipment,461.18,503.98,387.87,464.9,456.01,443.6,426.73,423.5,423.27,441.02
MSCI,MSCI Inc.,Financials,Financial Exchanges & Data,555.67,636.39,483.67,558.13,552.95,550.94,559.93,554.82,556.72,570.09
NDAQ,"Nasdaq, Inc.",Financials,Financial Exchanges & Data,94.34,97.63,64.64,95.22,95.93,95.0,90.87,83.94,82.57,81.19
NTAP,NetApp,Information Technology,"Technology Hardware, Storage & Peripherals",108.9,133.34,71.49,108.89,106.57,105.61,105.08,98.06,98.55,106.35
NFLX,Netflix,Communication Services,Movies & Entertainment,1245.09,1341.15,659.8,1228.86,1208.1,1191.28,1230.65,1154.54,1114.95,1034.07
NEM,Newmont,Materials,Gold,69.0,70.29,36.47,68.86,68.64,65.84,61.06,56.36,54.05,49.34
NWSA,News Corp (Class A),Communication Services,Publishing,29.53,30.75,23.38,29.45,29.18,29.27,29.11,28.13,28.05,28.17
NWS,News Corp (Class B),Communication Services,Publishing,34.23,35.58,26.25,34.0,33.68,33.63,33.49,32.38,32.21,31.92
NEE,NextEra Energy,Utilities,Multi-Utilities,75.72,84.15,61.22,73.51,72.67,72.36,72.8,70.51,70.52,71.0
NKE,"Nike, Inc.",Consumer Discretionary,"Apparel, Accessories & Luxury Goods",77.43,89.11,51.93,76.58,75.53,75.88,71.11,65.13,67.06,69.85
NI,NiSource,Utilities,Multi-Utilities,41.71,43.51,30.51,42.25,42.28,42.15,40.59,39.65,39.53,38.27
NDSN,Nordson Corporation,Industrials,Industrial Machinery & Supplies & Components,214.1,263.91,164.43,216.43,214.09,215.53,216.4,204.88,205.58,214.5
NSC,Norfolk Southern,Industrials,Rail Transportation,279.79,286.71,199.43,280.62,280.48,279.44,266.13,247.23,245.02,246.53
NTRS,Northern Trust,Financials,Asset Management & Custody Banks,127.05,133.0,81.05,126.98,126.21,127.47,123.26,110.33,108.87,107.44
NOC,Northrop Grumman,Industrials,Aerospace & Defense,584.82,594.68,422.32,583.08,584.34,579.07,533.54,511.68,503.75,494.59
NCLH,Norwegian Cruise Line Holdings,Consumer Discretionary,"Hotels, Resorts & Cruise Lines",24.58,29.29,14.21,24.45,24.42,24.28,22.11,19.88,20.2,22.6
NRG,NRG Energy,Utilities,Independent Power Producers & Energy Traders,150.44,175.96,74.96,152.91,154.28,158.11,154.86,138.05,130.19,117.64
NUE,Nucor,Materials,Steel,144.65,168.24,97.18,144.34,141.41,141.85,135.56,125.0,126.18,128.91
NVDA,Nvidia,Information Technology,Semiconductors,182.01,184.48,86.61,181.85,181.24,178.03,164.34,141.09,137.0,137.07
NVR,"NVR, Inc.",Consumer Discretionary,Homebuilding,8151.74,9964.77,6562.85,8168.85,8010.38,7898.82,7588.49,7370.68,7349.75,7775.43
NXPI,NXP Semiconductors,Information Technology,Semiconductors,232.01,254.98,147.4,228.58,217.55,219.39,219.83,204.1,206.18,210.16
ORLY,O’Reilly Automotive,Consumer Discretionary,Automotive Retail,101.39,104.86,73.11,101.79,102.6,100.35,94.56,93.22,92.39,88.73
OXY,Occidental Petroleum,Energy,Oil & Gas Exploration & Production,44.21,57.35,34.59,44.5,43.97,44.14,44.1,42.77,43.72,45.63
ODFL,Old Dominion,Industrials,Cargo Ground Transportation,150.46,232.21,140.91,151.08,148.53,153.07,159.18,159.33,162.12,176.09
OMC,Omnicom Group,Communication Services,Advertising,76.16,104.25,68.37,75.61,74.22,74.28,72.88,73.73,75.15,80.86
ON,ON Semiconductor,Information Technology,Semiconductors,50.53,78.61,31.04,51.03,49.17,53.12,54.4,47.42,47.25,53.0
OKE,Oneok,Energy,Oil & Gas Storage & Transportation,73.04,113.92,72.75,74.23,74.57,77.59,79.26,81.41,83.95,90.04
ORCL,Oracle Corporation,Information Technology,Application Software,249.07,260.87,118.18,248.07,250.46,248.58,229.79,188.24,182.13,179.02
OTIS,Otis Worldwide,Industrials,Industrial Machinery & Supplies & Components,87.61,105.86,83.85,87.74,87.07,87.63,93.52,94.93,95.89,95.82
PCAR,Paccar,Industrials,Construction Machinery & Heavy Transportation Equipment,98.38,114.66,84.08,99.05,98.05,98.53,96.13,94.08,95.81,100.18
PKG,Packaging Corporation of America,Materials,Paper & Plastic Packaging Products & Materials,194.11,246.22,171.6,196.76,195.74,198.27,196.82,192.46,194.2,206.77
PLTR,Palantir Technologies,Information Technology,Application Software,174.03,190.0,29.31,180.71,180.82,168.58,151.58,130.07,121.77,104.07
PANW,Palo Alto Networks,Information Technology,Systems Software,176.17,210.39,144.15,175.81,172.44,181.18,191.49,185.95,185.89,187.34
PSKY,Paramount Skydance Corporation,Communication Services,Movies & Entertainment,13.5,17.53,9.78,13.51,12.27,12.64,12.55,12.03,11.93,11.48
PH,Parker Hannifin,Industrials,Industrial Machinery & Supplies & Components,736.2,763.99,487.08,745.12,732.14,730.41,706.16,661.76,656.92,661.88
PAYX,Paychex,Industrials,Human Resource & Employment Services,137.57,160.03,121.21,137.38,138.55,141.61,144.65,146.74,146.68,144.44
PAYC,Paycom,Industrials,Human Resource & Employment Services,225.28,267.76,152.34,219.03,222.6,228.46,232.35,233.34,229.62,223.84
PYPL,PayPal,Financials,Transaction & Payment Processing Services,69.53,93.66,55.85,69.35,68.69,70.93,72.52,69.78,69.98,75.79
PNR,Pentair,Industrials,Industrial Machinery & Supplies & Components,105.6,109.84,73.85,106.47,104.68,103.66,102.87,96.79,95.32,97.91
PEP,PepsiCo,Consumer Staples,Soft Drinks & Non-alcoholic Beverages,149.55,174.44,126.36,148.96,145.9,144.19,137.69,136.76,139.16,143.64
PFE,Pfizer,Health Care,Pharmaceuticals,25.07,28.43,20.18,25.03,24.72,24.46,24.3,23.42,23.78,24.23
PCG,PG&E Corporation,Utilities,Multi-Utilities,15.1,21.62,12.97,15.23,15.16,14.6,14.15,15.57,15.72,16.88
PM,Philip Morris International,Consumer Staples,Tobacco,166.6,185.29,112.21,166.51,167.23,164.85,174.2,169.99,166.19,151.14
PSX,Phillips 66,Energy,Oil & Gas Refining & Marketing,122.84,137.05,90.14,122.36,121.05,122.95,123.55,116.51,118.2,119.03
PNW,Pinnacle West Capital,Utilities,Multi-Utilities,90.33,94.64,79.08,91.82,92.29,91.38,90.04,90.51,90.51,88.63
PNC,PNC Financial Services,Financials,Diversified Banks,192.01,210.46,142.39,192.5,190.54,191.86,188.18,176.35,176.43,183.41
POOL,Pool Corporation,Consumer Discretionary,Distributors,316.08,391.14,281.15,321.01,314.17,314.47,303.59,304.07,310.31,325.39
PPG,PPG Industries,Materials,Specialty Chemicals,110.97,133.97,89.08,111.22,108.46,109.38,111.68,108.83,109.45,112.92
PPL,PPL Corporation,Utilities,Electric Utilities,36.24,37.31,29.79,36.8,36.49,36.34,35.03,34.96,34.81,33.95
PFG,Principal Financial Group,Financials,Life & Health Insurance,77.7,89.5,67.72,77.8,77.06,77.97,78.43,77.5,78.74,79.37
PG,Procter & Gamble,Consumer Staples,Personal Care Products,155.72,177.66,149.91,154.86,153.97,154.59,156.64,159.82,161.51,162.87
PGR,Progressive Corporation,Financials,Property & Casualty Insurance,247.09,292.77,228.37,247.48,246.46,245.29,253.34,265.11,267.56,259.72
PLD,Prologis,Real Estate,Industrial REITs,105.44,128.08,84.54,105.78,105.77,106.96,107.01,105.39,107.43,108.7
PRU,Prudential Financial,Financials,Life & Health Insurance,106.62,127.36,89.25,106.35,104.63,104.02,104.91,103.86,104.89,109.63
PEG,Public Service Enterprise Group,Utilities,Electric Utilities,84.12,93.08,74.08,86.35,86.75,87.39,84.2,81.96,81.74,82.98
PTC,PTC Inc.,Information Technology,Application Software,208.31,219.69,133.38,207.02,208.04,207.26,190.11,174.16,171.52,177.99
PSA,Public Storage,Real Estate,Self-Storage REITs,280.56,359.28,254.04,281.61,281.67,283.55,288.65,290.94,292.28,297.62
PHM,PulteGroup,Consumer Discretionary,Homebuilding,128.21,148.55,87.88,127.75,124.25,120.58,112.09,106.08,105.68,110.59
PWR,Quanta Services,Industrials,Construction & Engineering,383.32,424.94,227.02,382.63,384.74,395.27,382.78,342.3,326.07,324.72
QCOM,Qualcomm,Information Technology,Semiconductors,158.9,179.1,120.08,157.03,151.91,153.94,155.58,149.93,151.45,155.18
DGX,Quest Diagnostics,Health Care,Health Care Services,178.95,181.56,144.09,178.98,177.07,173.76,174.25,172.48,171.92,165.85
RL,Ralph Lauren Corporation,Consumer Discretionary,"Apparel, Accessories & Luxury Goods",289.66,306.34,159.07,294.5,293.48,295.69,284.18,260.85,257.41,247.66
RJF,Raymond James Financial,Financials,Investment Banking & Brokerage,164.36,173.13,112.35,164.91,165.08,165.46,158.13,149.36,148.59,152.8
RTX,RTX Corporation,Industrials,Aerospace & Defense,155.5,158.09,111.21,154.77,154.79,155.11,148.95,138.88,136.83,130.13
O,Realty Income,Real Estate,Retail REITs,57.87,61.9,49.76,57.94,57.57,57.32,57.06,56.21,56.05,55.01
REG,Regency Centers,Real Estate,Retail REITs,70.34,76.68,62.82,71.27,71.94,71.67,70.93,70.97,71.27,71.36
REGN,Regeneron Pharmaceuticals,Health Care,Biotechnology,573.91,1207.86,476.49,567.68,563.22,562.02,544.43,560.6,585.97,642.4
RF,Regions Financial Corporation,Financials,Regional Banks,25.69,27.09,17.53,25.7,25.28,25.58,24.33,22.46,22.38,23.08
RSG,Republic Services,Industrials,Environmental & Facilities Services,232.43,258.14,195.62,232.81,233.95,236.4,241.4,243.41,241.22,229.5
RMD,ResMed,Health Care,Health Care Equipment,286.12,292.47,199.07,285.22,283.7,279.6,264.3,248.02,243.73,241.98
RVTY,Revvity,Health Care,Health Care Equipment,89.69,129.23,85.12,89.77,88.25,91.43,94.57,94.63,98.11,105.2
ROK,Rockwell Automation,Industrials,Electrical Components & Equipment,342.82,360.92,214.09,344.27,339.16,346.31,339.1,304.41,298.15,292.35
ROL,"Rollins, Inc.",Industrials,Environmental & Facilities Services,57.09,58.93,44.94,57.57,57.92,57.5,56.67,56.05,55.13,52.55
ROP,Roper Technologies,Information Technology,Electronic Equipment & Instruments,532.28,593.46,498.03,525.78,530.73,543.24,553.89,559.64,562.93,556.17
ROST,Ross Stores,Consumer Discretionary,Apparel Retail,146.06,161.83,122.01,147.73,146.39,142.3,135.71,137.71,136.47,140.34
RCL,Royal Caribbean Group,Consumer Discretionary,"Hotels, Resorts & Cruise Lines",326.8,355.91,152.4,315.91,311.9,324.39,312.8,267.87,259.17,251.25
SPGI,S&P Global,Financials,Financial Exchanges & Data,551.21,579.05,426.35,558.69,559.09,547.53,530.55,512.56,511.83,509.45
CRM,Salesforce,Information Technology,Application Software,243.97,367.42,226.48,237.69,239.92,251.53,260.18,263.84,269.02,292.54
SBAC,SBA Communications,Real Estate,Telecom Tower REITs,215.15,249.02,190.65,217.88,219.14,225.15,228.96,227.91,225.6,219.29
SLB,Schlumberger,Energy,Oil & Gas Equipment & Services,33.3,45.17,30.85,33.2,33.04,33.81,34.58,34.77,35.94,37.63
STX,Seagate Technology,Information Technology,"Technology Hardware, Storage & Peripherals",158.7,158.82,62.86,156.27,153.06,152.54,144.59,118.45,113.14,106.48
SRE,Sempra,Utilities,Multi-Utilities,80.99,93.45,61.37,81.68,81.71,81.29,77.53,75.27,74.56,78.43
NOW,ServiceNow,Information Technology,Systems Software,892.05,1198.09,678.66,865.38,874.73,918.4,965.11,939.27,927.07,974.41
SHW,Sherwin-Williams,Materials,Specialty Chemicals,358.85,397.81,307.5,362.68,356.91,347.62,345.98,345.72,346.07,351.99
SPG,Simon Property Group,Real Estate,Retail REITs,172.56,185.37,134.57,171.97,169.32,167.19,163.5,159.86,162.0,165.69
SWKS,Skyworks Solutions,Information Technology,Semiconductors,74.26,107.64,47.45,73.9,71.48,71.19,72.96,68.55,68.29,74.36
SJM,J.M. Smucker Company (The),Consumer Staples,Packaged Foods & Meats,111.47,121.73,92.38,110.95,110.05,109.05,103.79,108.07,108.22,107.54
SW,Smurfit Westrock,Materials,Paper & Plastic Packaging Products & Materials,42.92,55.46,36.31,43.48,43.29,44.81,44.44,43.32,44.08,47.03
SNA,Snap-on,Industrials,Industrial Machinery & Supplies & Components,323.2,369.12,263.88,326.66,324.25,324.89,319.97,319.81,322.28,330.54
SOLV,Solventum,Health Care,Health Care Technology,70.76,85.92,57.86,72.37,72.4,72.83,73.94,71.98,72.93,72.21
SO,Southern Company,Utilities,Electric Utilities,92.85,96.44,79.12,93.97,94.35,94.74,92.56,90.94,90.49,87.91
LUV,Southwest Airlines,Industrials,Passenger Airlines,31.31,37.96,23.68,31.04,30.31,31.45,32.89,31.22,31.17,31.4
SWK,Stanley Black & Decker,Industrials,Industrial Machinery & Supplies & Components,74.54,107.4,53.22,74.09,71.5,71.07,69.6,66.88,70.05,75.26
SBUX,Starbucks,Consumer Discretionary,Restaurants,92.54,115.87,74.48,92.38,91.3,91.66,92.12,88.46,91.59,93.71
STT,State Street Corporation,Financials,Asset Management & Custody Banks,111.19,114.28,72.29,111.76,111.03,111.18,106.69,97.9,96.52,96.2
STLD,Steel Dynamics,Materials,Steel,125.91,153.72,102.78,126.93,124.79,126.25,129.45,127.75,127.63,128.24
STE,Steris,Health Care,Health Care Equipment,244.56,252.2,199.99,245.42,239.29,233.29,234.64,232.0,230.44,224.48
SYK,Stryker Corporation,Health Care,Health Care Equipment,381.61,404.87,328.46,379.52,378.4,386.7,386.58,378.26,378.25,377.74
SMCI,Supermicro,Information Technology,"Technology Hardware, Storage & Peripherals",45.86,66.44,17.25,45.84,46.97,51.58,48.85,42.64,42.77,39.04
SYF,Synchrony Financial,Financials,Consumer Finance,71.79,73.44,40.15,72.21,70.8,70.66,67.65,60.44,59.54,61.54
SNPS,Synopsys,Information Technology,Application Software,625.33,651.73,365.74,620.79,621.42,620.85,560.76,508.79,497.81,507.73
SYY,Sysco,Consumer Staples,Food Distributors,79.22,82.64,66.65,80.58,80.45,80.17,77.52,74.46,74.1,74.09
TMUS,T-Mobile US,Communication Services,Wireless Telecommunication Services,255.18,275.47,190.22,252.65,247.82,243.6,236.39,242.81,246.51,240.29
TROW,T. Rowe Price,Financials,Asset Management & Custody Banks,106.64,121.15,76.8,108.07,106.58,105.97,100.97,95.44,95.79,101.97
TTWO,Take-Two Interactive,Communication Services,Interactive Home Entertainment,232.55,245.08,145.5,233.32,228.62,226.99,233.38,226.83,223.29,209.08
TPR,"Tapestry, Inc.",Consumer Discretionary,"Apparel, Accessories & Luxury Goods",99.91,114.05,37.23,104.15,106.99,107.72,96.92,84.76,83.32,76.23
TRGP,Targa Resources,Energy,Oil & Gas Storage & Transportation,161.05,215.2,137.98,164.91,164.93,164.97,167.48,167.96,172.79,179.4
TGT,Target Corporation,Consumer Staples,Consumer Staples Merchandise Retail,104.95,161.18,85.44,104.54,104.0,103.42,100.79,97.68,100.61,112.84
TEL,TE Connectivity,Information Technology,Electronic Manufacturing Services,203.7,212.76,115.79,204.76,202.71,203.01,183.26,164.79,161.56,156.25
TDY,Teledyne Technologies,Information Technology,Electronic Equipment & Instruments,536.59,570.56,409.06,543.88,545.86,548.75,527.4,503.39,502.13,494.14
TER,Teradyne,Information Technology,Semiconductor Materials & Equipment,110.41,143.79,65.67,111.46,108.77,103.13,95.54,86.63,89.44,100.3
TSLA,"Tesla, Inc.",Consumer Discretionary,Automobile Manufacturers,335.16,488.54,202.59,336.3,330.11,323.66,320.34,305.9,299.57,326.92
TXN,Texas Instruments,Information Technology,Semiconductors,194.33,220.1,137.77,193.77,189.7,188.7,199.54,183.96,184.28,186.32
TPL,Texas Pacific Land Corporation,Energy,Oil & Gas Exploration & Production,892.05,1762.86,763.79,885.19,891.98,927.42,1005.4,1142.45,1182.88,1233.53
TXT,Textron,Industrials,Aerospace & Defense,79.07,91.39,57.69,79.63,78.58,79.35,80.08,75.38,74.98,76.78
TMO,Thermo Fisher Scientific,Health Care,Life Sciences Tools & Services,487.54,625.84,385.46,484.76,471.7,470.32,436.05,432.41,450.56,484.81
TJX,TJX Companies,Consumer Discretionary,Apparel Retail,133.06,135.42,108.87,133.05,131.98,128.89,125.8,126.12,124.65,123.23
TKO,TKO Group Holdings,Communication Services,Movies & Entertainment,185.56,194.76,112.59,188.54,176.58,172.21,171.95,164.09,161.29,153.77
TTD,Trade Desk (The),Communication Services,Advertising,54.95,141.53,42.96,53.09,63.85,74.91,73.89,67.59,66.92,87.8
TSCO,Tractor Supply,Consumer Discretionary,Other Specialty Retail,61.1,63.99,46.64,60.06,59.91,59.25,56.12,53.52,53.66,54.07
TT,Trane Technologies,Industrials,Building Products,428.88,476.19,297.5,430.93,429.67,441.19,435.3,407.33,395.4,391.81
TDG,TransDigm Group,Industrials,Aerospace & Defense,1390.14,1623.83,1183.6,1405.45,1407.39,1504.29,1501.28,1444.16,1424.41,1377.67
TRV,Travelers Companies (The),Financials,Property & Casualty Insurance,264.92,276.69,211.05,266.47,265.96,263.47,262.58,262.28,260.52,254.97
TRMB,Trimble Inc.,Information Technology,Electronic Equipment & Instruments,82.8,87.5,52.91,83.36,83.25,83.69,79.2,72.24,71.82,71.95
TFC,Truist Financial,Financials,Diversified Banks,44.33,47.29,32.72,44.5,43.61,43.85,42.86,40.43,40.73,41.98
TYL,Tyler Technologies,Information Technology,Application Software,567.82,661.31,513.52,571.47,585.65,576.57,576.48,569.5,574.26,585.61
TSN,Tyson Foods,Consumer Staples,Packaged Foods & Meats,56.07,65.23,51.85,56.66,56.42,54.98,55.01,56.59,57.24,57.57
USB,U.S. Bancorp,Financials,Diversified Banks,46.11,52.21,34.8,46.25,45.38,45.5,45.32,43.11,43.12,44.96
UBER,Uber,Industrials,Passenger Ground Transportation,93.98,97.71,59.33,92.11,91.2,90.21,90.24,85.12,83.07,77.7
UDR,"UDR, Inc.",Real Estate,Multi-Family Residential REITs,38.11,45.63,35.84,38.2,38.23,39.09,39.99,40.6,41.07,41.41
ULTA,Ulta Beauty,Consumer Discretionary,Other Specialty Retail,516.87,534.1,309.01,522.56,514.22,513.48,488.95,441.09,423.61,414.49
UNP,Union Pacific Corporation,Industrials,Rail Transportation,220.08,253.9,203.43,220.87,221.73,223.23,226.76,223.74,226.93,229.68
UAL,United Airlines Holdings,Industrials,Passenger Airlines,102.37,116.0,40.96,100.14,94.38,91.95,85.9,79.02,80.17,86.83
UPS,United Parcel Service,Industrials,Air Freight & Logistics,86.51,138.94,84.28,87.83,87.17,90.88,96.85,97.2,100.82,109.25
URI,United Rentals,Industrials,Trading Companies & Distributors,914.04,933.32,523.58,918.35,889.5,875.55,802.66,725.34,706.09,731.95
UNH,UnitedHealth Group,Health Care,Managed Health Care,308.49,621.24,234.6,283.47,266.21,266.84,288.64,351.44,377.85,439.45
UHS,Universal Health Services,Health Care,Health Care Facilities,177.61,242.48,152.33,177.71,172.97,167.28,173.17,177.79,177.61,182.69
VLO,Valero Energy,Energy,Oil & Gas Refining & Marketing,136.81,153.86,97.37,135.79,134.69,137.41,138.62,129.36,129.14,129.4
VTR,Ventas,Real Estate,Health Care REITs,67.21,70.82,55.85,67.81,68.21,67.58,65.1,65.38,65.68,63.63
VLTO,Veralto,Industrials,Environmental & Facilities Services,106.69,114.62,83.77,108.04,107.66,105.9,102.71,99.15,98.98,100.43
VRSN,Verisign,Information Technology,Internet Services & Infrastructure,267.65,310.6,175.14,266.98,268.96,275.62,280.37,272.75,265.74,240.88
VRSK,Verisk Analytics,Industrials,Research & Consulting Services,265.69,322.46,259.01,265.09,265.21,276.21,294.54,297.26,296.22,290.94
VZ,Verizon,Communication Services,Integrated Telecommunication Services,44.39,45.87,36.41,43.82,43.34,43.08,42.44,42.6,42.53,41.22
VRTX,Vertex Pharmaceuticals,Health Care,Biotechnology,389.88,519.88,362.5,391.33,383.39,425.63,443.8,455.74,463.24,458.79
VTRS,Viatris,Health Care,Pharmaceuticals,10.63,13.19,6.75,10.49,9.91,9.52,9.22,8.73,8.9,9.96
VICI,Vici Properties,Real Estate,Hotel & Resort REITs,32.2,34.01,27.24,32.64,32.84,32.98,32.74,32.0,31.86,30.98
V,Visa Inc.,Financials,Transaction & Payment Processing Services,342.74,374.85,261.01,342.4,339.1,344.38,349.9,347.56,346.78,335.7
VST,Vistra Corp.,Utilities,Electric Utilities,198.96,216.85,72.39,202.7,203.17,202.05,191.84,163.56,157.01,155.54
VMC,Vulcan Materials Company,Materials,Construction Materials,289.88,296.62,214.34,292.23,287.74,280.21,269.91,261.62,256.99,262.62
WRB,W. R. Berkley Corporation,Financials,Property & Casualty Insurance,70.5,75.77,54.76,70.84,70.55,69.71,70.6,70.52,68.83,65.2
GWW,W. W. Grainger,Industrials,Industrial Machinery & Supplies & Components,978.13,1219.65,889.92,973.08,958.47,990.14,1023.32,1024.67,1017.42,1052.76
WAB,Wabtec,Industrials,Construction Machinery & Heavy Transportation Equipment,189.81,215.82,151.42,191.35,190.4,193.6,202.05,194.75,192.18,194.15
WBA,Walgreens Boots Alliance,Consumer Staples,Drug Retail,12.0,13.25,7.98,11.95,11.9,11.75,11.56,11.31,11.25,10.69
WMT,Walmart,Consumer Staples,Consumer Staples Merchandise Retail,100.7,104.51,71.82,101.09,101.77,99.53,97.48,95.66,94.7,93.54
DIS,Walt Disney Company (The),Communication Services,Movies & Entertainment,116.55,124.69,79.76,115.72,115.0,117.61,118.97,108.66,107.85,108.39
WBD,Warner Bros. Discovery,Communication Services,Broadcasting,11.82,13.87,6.78,11.74,11.78,12.49,11.69,10.37,10.45,10.31
WM,Waste Management,Industrials,Environmental & Facilities Services,224.2,241.74,198.19,228.01,230.68,230.34,230.05,230.34,229.57,223.88
WAT,Waters Corporation,Health Care,Life Sciences Tools & Services,289.4,423.56,275.05,291.36,285.42,290.4,318.41,331.52,340.52,356.82
WEC,WEC Energy Group,Utilities,Electric Utilities,106.39,110.99,85.57,107.89,108.54,108.49,105.87,105.7,105.39,101.5
WFC,Wells Fargo,Financials,Diversified Banks,77.44,84.33,49.13,78.26,77.8,79.55,78.74,74.45,74.11,73.5
WELL,Welltower,Real Estate,Health Care REITs,162.41,170.34,113.08,163.0,165.57,164.24,157.47,152.51,151.68,144.27
WST,West Pharmaceutical Services,Health Care,Health Care Supplies,243.09,351.24,187.09,244.32,241.96,244.2,230.43,221.19,221.88,259.6
WDC,Western Digital,Information Technology,"Technology Hardware, Storage & Peripherals",76.29,78.8,28.78,75.91,75.32,73.55,66.85,55.1,53.23,51.95
WY,Weyerhaeuser,Real Estate,Timber REITs,25.68,33.31,23.91,25.97,25.77,25.74,26.05,26.08,26.78,27.86
WSM,"Williams-Sonoma, Inc.",Consumer Discretionary,Homefurnishing Retail,201.65,218.08,123.89,205.5,203.1,194.83,176.11,166.09,169.14,173.18
WMB,Williams Companies,Energy,Oil & Gas Storage & Transportation,56.52,63.45,41.89,57.39,57.84,58.31,58.95,58.56,58.16,56.91
WTW,Willis Towers Watson,Financials,Insurance Brokers,329.59,342.16,275.87,330.96,328.7,319.64,309.66,312.04,315.51,314.87
WDAY,"Workday, Inc.",Information Technology,Application Software,231.85,294.0,205.33,223.51,222.83,228.97,234.78,239.17,241.99,248.96
WYNN,Wynn Resorts,Consumer Discretionary,Casinos & Gaming,108.15,112.57,65.08,110.66,109.05,108.9,102.3,92.88,91.81,90.21
XEL,Xcel Energy,Utilities,Multi-Utilities,72.21,74.57,56.48,72.37,72.81,72.81,69.99,69.66,69.46,68.28
XYL,Xylem Inc.,Industrials,Industrial Machinery & Supplies & Components,140.85,145.33,100.15,142.09,142.67,138.95,133.02,125.95,125.83,124.42
YUM,Yum! Brands,Consumer Discretionary,Restaurants,149.34,162.5,120.96,146.23,143.71,144.95,145.64,146.35,148.01,142.39
ZBRA,Zebra Technologies,Information Technology,Electronic Equipment & Instruments,317.48,427.76,205.73,325.81,318.61,326.72,316.4,290.35,291.71,329.02
ZBH,Zimmer Biomet,Health Care,Health Care Equipment,102.56,115.64,88.99,102.49,99.34,97.03,94.52,96.81,98.85,101.86
ZTS,Zoetis,Health Care,Pharmaceuticals,152.32,197.92,138.77,152.34,149.89,150.2,154.79,156.11,157.58,162.24
