Symbol,Company,GICS_Sector,GICS_Sub_Industry,Current_Price,High_52_Week,Low_52_Week,SMA5,SMA10,SMA20,SMA50,SMA200,Score,Target_Pcnt,Target_Price,Stop_Loss
MMM,3M,Industrials,Industrial Conglomerates,153.86,159.47,122.31,155.5,155.82,155.57,153.71,144.91,0.0,3.36,159.03,152.1
AOS,A. O. Smith,Industrials,Building Products,72.26,88.84,59.04,73.03,72.98,72.57,71.59,67.81,0.2,3.17,74.55,70.6
ABT,Abbott Laboratories,Health Care,Health Care Equipment,136.62,138.95,110.09,134.83,133.32,132.69,130.53,127.7,0.2,-0.47,135.98,129.39
ABBV,AbbVie,Health Care,Biotechnology,222.59,222.59,160.57,220.82,218.23,214.19,203.39,189.8,0.0,0.89,224.57,203.82
ACN,Accenture,Information Technology,IT Consulting & Other Services,239.99,394.31,236.81,239.46,241.29,248.57,257.36,310.32,-0.2,10.2,264.47,232.68
ADBE,Adobe Inc.,Information Technology,Application Software,364.08,552.96,333.65,362.45,356.35,354.73,356.03,400.46,-0.2,1.15,368.27,341.2
AMD,Advanced Micro Devices,Information Technology,Semiconductors,159.79,184.42,78.21,158.94,158.55,160.13,164.97,126.76,-0.2,5.83,169.11,151.15
AES,AES Corporation,Utilities,Independent Power Producers & Energy Traders,13.13,19.11,9.5,12.87,12.86,13.04,13.11,11.59,-0.2,3.96,13.65,12.43
AFL,Aflac,Financials,Life & Health Insurance,107.4,112.86,97.56,108.06,108.0,107.51,104.41,104.12,0.0,1.95,109.49,105.52
A,Agilent Technologies,Health Care,Life Sciences Tools & Services,126.33,151.96,99.08,126.84,126.02,125.14,120.22,123.13,0.1,3.83,131.17,119.1
APD,Air Products,Materials,Industrial Gases,287.49,333.89,247.03,289.13,289.72,291.06,291.46,290.2,0.0,3.23,296.78,285.36
ABNB,Airbnb,Consumer Discretionary,"Hotels, Resorts & Cruise Lines",125.44,161.42,105.69,124.56,123.6,125.41,129.05,130.62,0.0,4.44,131.01,119.81
AKAM,Akamai Technologies,Information Technology,Internet Services & Infrastructure,76.68,106.67,68.21,76.45,76.97,77.4,76.85,83.13,0.1,3.57,79.42,75.39
ALB,Albemarle Corporation,Materials,Specialty Chemicals,80.38,108.94,50.16,80.85,78.1,79.97,77.32,73.69,0.0,8.5,87.21,72.73
ARE,Alexandria Real Estate Equities,Real Estate,Office REITs,85.89,117.58,66.61,86.08,85.34,83.81,80.06,83.89,0.1,2.32,87.88,79.74
ALGN,Align Technology,Health Care,Health Care Supplies,131.18,257.17,129.01,131.28,132.38,135.79,153.6,182.35,0.0,10.4,144.82,126.76
ALLE,Allegion,Industrials,Building Products,177.81,179.33,118.08,177.91,175.84,173.19,166.5,141.88,0.2,1.46,180.41,165.98
LNT,Alliant Energy,Utilities,Electric Utilities,64.22,66.97,54.87,63.93,64.19,64.61,64.68,61.25,0.0,2.73,65.97,63.26
ALL,Allstate,Financials,Property & Casualty Insurance,206.46,212.57,177.81,202.35,201.16,202.1,201.05,196.31,0.0,0.93,208.38,195.83
GOOGL,Alphabet Inc. (Class A),Communication Services,Interactive Media & Services,252.53,254.72,144.4,251.99,247.16,233.04,210.02,183.18,0.0,5.62,266.72,199.35
GOOG,Alphabet Inc. (Class C),Communication Services,Interactive Media & Services,252.88,255.24,146.27,252.34,247.51,233.48,210.72,184.56,0.0,5.53,266.86,200.1
MO,Altria,Consumer Staples,Tobacco,63.79,66.6,45.73,64.59,64.9,65.23,62.93,56.39,-0.4,4.12,66.42,64.05
AMZN,Amazon,Consumer Discretionary,Broadline Retail,227.63,242.06,167.32,231.2,231.41,230.78,227.79,214.75,0.0,4.23,237.26,224.31
AMCR,Amcor,Materials,Paper & Plastic Packaging Products & Materials,8.25,10.94,8.19,8.3,8.28,8.36,8.96,9.31,0.0,4.12,8.59,8.12
AEE,Ameren,Utilities,Multi-Utilities,99.09,102.53,81.22,98.88,99.45,99.52,99.61,95.53,0.0,1.73,100.8,98.25
AEP,American Electric Power,Utilities,Electric Utilities,107.05,114.06,87.97,106.98,107.89,109.23,109.87,102.34,-0.2,5.83,113.29,105.17
AXP,American Express,Financials,Consumer Finance,340.98,341.67,230.81,337.36,331.64,328.53,314.81,296.51,0.2,0.33,342.11,314.95
AIG,American International Group,Financials,Multi-line Insurance,76.53,86.75,68.89,76.94,77.36,79.07,79.25,78.82,-0.2,8.55,83.07,75.07
AMT,American Tower,Real Estate,Telecom Tower REITs,193.21,232.35,170.7,194.3,194.4,197.8,208.0,204.1,0.0,7.71,208.11,187.49
AWK,American Water Works,Utilities,Water Utilities,135.05,150.19,118.87,135.57,137.29,139.99,141.48,136.61,-0.2,8.4,146.39,133.59
AMP,Ameriprise Financial,Financials,Asset Management & Custody Banks,494.36,569.83,419.45,489.51,491.86,500.52,509.87,511.56,-0.4,5.89,523.48,477.53
AME,Ametek,Industrials,Electrical Components & Equipment,188.45,196.08,150.9,187.71,188.37,187.21,183.74,179.22,0.0,1.31,190.92,183.51
AMGN,Amgen,Health Care,Biotechnology,286.0,326.46,252.22,279.01,278.7,282.05,289.15,283.7,0.0,2.19,292.26,271.83
APH,Amphenol,Information Technology,Electronic Components,123.69,123.94,58.9,121.43,119.96,115.12,109.83,84.21,0.0,1.43,125.46,104.77
ADI,Analog Devices,Information Technology,Semiconductors,247.34,254.62,163.21,246.43,246.59,248.35,238.45,218.78,-0.2,3.02,254.81,241.89
AON,Aon plc,Financials,Insurance Brokers,353.46,407.61,334.44,354.42,360.89,365.54,363.46,367.74,0.1,7.46,379.83,351.24
APA,APA Corporation,Energy,Oil & Gas Exploration & Production,23.61,25.74,13.62,23.93,23.33,23.08,20.9,19.79,0.0,3.68,24.48,21.68
APO,Apollo Global Management,Financials,Asset Management & Custody Banks,143.96,176.82,107.9,142.21,139.2,136.89,141.25,144.85,-0.2,0.15,144.18,129.61
AAPL,Apple Inc.,Information Technology,"Technology Hardware, Storage & Peripherals",256.08,258.1,172.0,243.32,237.85,235.79,224.73,221.3,0.2,-2.7,249.17,222.42
AMAT,Applied Materials,Information Technology,Semiconductor Materials & Equipment,200.52,211.69,126.23,186.41,176.78,169.08,176.8,167.68,0.0,-4.07,192.36,145.8
APTV,Aptiv,Consumer Discretionary,Automotive Parts & Equipment,85.39,85.39,47.92,84.41,83.51,81.74,74.87,65.61,0.0,0.69,85.98,77.5
ACGL,Arch Capital Group,Financials,Property & Casualty Insurance,88.03,109.22,84.99,87.87,89.4,90.49,89.71,91.63,0.1,6.67,93.9,87.08
ADM,Archer Daniels Midland,Consumer Staples,Agricultural Products & Services,59.86,64.21,41.01,61.16,61.29,61.94,58.59,50.83,-0.4,6.65,63.84,60.05
ANET,Arista Networks,Information Technology,Communications Equipment,145.4,153.04,64.37,145.33,145.72,141.39,131.03,105.13,0.0,5.05,152.74,130.04
AJG,Arthur J. Gallagher & Co.,Financials,Insurance Brokers,300.06,347.33,273.85,296.11,295.95,297.95,298.28,311.87,0.0,1.66,305.04,290.87
AIZ,Assurant,Financials,Multi-line Insurance,211.19,225.29,178.36,208.96,210.01,212.18,202.74,202.27,0.0,3.31,218.18,206.19
T,AT&T,Communication Services,Integrated Telecommunication Services,28.92,29.62,20.4,29.2,29.33,29.2,28.45,26.3,0.0,3.08,29.81,28.6
ATO,Atmos Energy,Utilities,Gas Utilities,162.96,167.34,133.24,163.0,164.17,164.84,161.52,151.18,-0.2,2.78,167.49,162.19
ADSK,Autodesk,Information Technology,Application Software,324.39,326.79,238.84,321.58,322.15,314.41,302.58,291.28,0.2,6.03,343.95,284.87
ADP,Automatic Data Processing,Industrials,Human Resource & Employment Services,293.66,323.5,267.3,290.81,292.15,295.93,299.83,299.92,-0.4,3.91,305.14,286.72
AZO,AutoZone,Consumer Discretionary,Automotive Retail,4121.0,4354.54,2981.19,4170.14,4230.47,4214.51,4033.38,3662.45,0.2,5.15,4333.23,4095.67
AVB,AvalonBay Communities,Real Estate,Multi-Family Residential REITs,193.01,232.03,182.72,192.88,193.71,193.43,193.71,205.31,-0.2,2.06,196.99,189.89
AVY,Avery Dennison,Materials,Paper & Plastic Packaging Products & Materials,163.2,217.94,157.86,164.76,165.44,167.66,171.29,177.45,0.0,6.41,173.66,161.66
AXON,Axon Enterprise,Industrials,Aerospace & Defense,775.92,870.97,389.74,763.88,756.7,753.32,760.54,671.54,-0.2,1.31,786.08,720.55
BKR,Baker Hughes,Energy,Oil & Gas Equipment & Services,47.67,48.05,34.01,47.2,46.81,46.03,44.09,41.48,0.2,0.67,47.99,44.08
BALL,Ball Corporation,Materials,"Metal, Glass & Plastic Containers",48.69,66.93,44.6,49.07,49.81,50.66,53.8,53.1,-0.2,9.08,53.11,48.21
BAC,Bank of America,Financials,Diversified Banks,51.92,52.25,34.0,51.67,51.07,50.51,48.37,44.5,0.2,0.42,52.14,48.88
BAX,Baxter International,Health Care,Health Care Equipment,22.81,38.13,21.61,23.32,23.73,23.95,24.82,29.34,-0.4,9.43,24.96,22.95
BDX,Becton Dickinson,Health Care,Health Care Equipment,186.55,245.13,163.27,187.15,187.78,189.49,186.7,200.61,0.1,4.3,194.57,184.41
BRK-B,Berkshire Hathaway,Financials,Multi-Sector Holdings,493.71,539.8,442.29,492.08,492.54,495.27,483.34,489.23,-0.1,2.37,505.41,485.13
BBY,Best Buy,Consumer Discretionary,Computer & Electronics Retail,72.33,98.27,54.69,72.99,74.26,74.15,70.46,73.16,0.1,6.8,77.25,71.04
TECH,Bio-Techne,Health Care,Life Sciences Tools & Services,53.04,79.93,46.59,52.5,52.37,53.53,53.76,58.75,-0.2,7.18,56.85,50.21
BIIB,Biogen,Health Care,Biotechnology,140.66,201.44,113.38,143.1,143.88,140.81,135.18,135.92,0.1,5.92,148.99,132.63
BLK,BlackRock,Financials,Asset Management & Custody Banks,1136.21,1154.71,807.61,1133.37,1124.81,1119.96,1115.81,1005.34,0.0,1.08,1148.48,1091.42
BX,Blackstone Inc.,Financials,Asset Management & Custody Banks,185.64,194.8,118.51,185.86,182.97,176.79,172.66,157.24,0.2,2.76,190.76,162.82
XYZ,"Block, Inc.",Financials,Transaction & Payment Processing Services,77.41,98.92,46.53,76.66,75.43,76.52,75.91,71.37,0.0,4.21,80.67,72.38
BK,BNY Mellon,Financials,Asset Management & Custody Banks,109.46,109.46,69.2,107.84,106.65,105.68,102.54,88.11,0.0,-0.42,109.0,102.35
BA,Boeing,Industrials,Aerospace & Defense,212.09,237.38,136.59,214.61,218.18,225.55,227.53,193.1,-0.2,14.49,242.82,208.28
BKNG,Booking Holdings,Consumer Discretionary,"Hotels, Resorts & Cruise Lines",5457.13,5805.92,3988.9,5474.63,5493.59,5544.23,5560.72,5139.17,0.0,4.38,5696.15,5392.44
BSX,Boston Scientific,Health Care,Health Care Equipment,97.03,108.14,83.08,98.11,101.08,103.81,104.24,100.78,0.0,14.78,111.37,96.26
BMY,Bristol Myers Squibb,Health Care,Pharmaceuticals,44.98,61.62,43.31,45.62,46.26,46.7,46.89,51.24,-0.2,7.27,48.25,45.16
AVGO,Broadcom,Information Technology,Semiconductors,338.79,369.57,145.95,347.05,352.51,330.54,308.88,239.38,0.2,12.93,382.6,278.48
BR,Broadridge Financial Solutions,Industrials,Data Processing & Outsourced Services,241.6,265.85,205.08,243.27,247.35,250.33,251.22,238.09,-0.2,7.59,259.94,240.74
BRO,Brown & Brown,Financials,Insurance Brokers,92.6,124.07,90.88,91.87,92.4,94.12,96.24,106.96,-0.2,5.81,97.98,90.25
BF-B,Brown–Forman,Consumer Staples,Distillers & Vintners,26.87,48.21,25.45,27.32,27.36,28.23,29.13,32.24,0.0,13.21,30.42,26.03
BLDR,Builders FirstSource,Industrials,Building Products,121.81,201.83,105.63,128.23,135.13,138.53,134.77,134.38,0.0,25.51,152.88,124.18
BG,Bunge Global,Consumer Staples,Agricultural Products & Services,77.14,96.95,67.23,80.06,81.07,82.49,80.2,77.11,0.0,13.34,87.43,77.54
BXP,"BXP, Inc.",Real Estate,Office REITs,75.64,86.01,56.05,77.04,76.27,74.56,70.28,68.6,0.2,5.8,80.03,69.08
CHRW,C.H. Robinson,Industrials,Air Freight & Logistics,133.98,137.09,85.99,135.2,132.64,129.92,118.0,102.52,0.0,2.46,137.28,122.55
CDNS,Cadence Design Systems,Information Technology,Application Software,373.37,373.37,231.64,361.58,355.79,352.49,346.73,303.74,0.2,-0.52,371.43,333.54
CZR,Caesars Entertainment,Consumer Discretionary,Casinos & Gaming,25.74,45.55,23.18,25.74,25.66,25.99,26.67,29.59,0.2,5.71,27.21,24.76
CPT,Camden Property Trust,Real Estate,Multi-Family Residential REITs,108.18,123.69,104.05,107.41,108.62,109.41,109.69,113.63,0.0,3.99,112.5,106.32
CPB,Campbell's Company (The),Consumer Staples,Packaged Foods & Meats,33.24,49.23,30.28,33.35,33.38,32.99,32.5,35.75,-0.1,3.97,34.56,31.42
COF,Capital One,Financials,Consumer Finance,225.41,229.74,143.45,226.7,225.4,224.58,218.35,195.21,0.0,1.83,229.54,219.61
CAH,Cardinal Health,Health Care,Health Care Distributors,147.47,167.63,106.71,148.83,149.94,149.49,153.04,140.46,0.0,3.37,152.44,146.53
KMX,CarMax,Consumer Discretionary,Automotive Retail,58.1,89.19,54.66,59.2,59.8,60.3,59.56,70.99,-0.1,7.56,62.49,58.12
CCL,Carnival,Consumer Discretionary,"Hotels, Resorts & Cruise Lines",30.71,32.49,16.43,31.01,31.32,31.52,30.38,25.11,0.0,5.93,32.53,30.52
CARR,Carrier Global,Industrials,Building Products,60.31,81.67,55.21,60.69,61.46,63.34,67.75,67.76,-0.2,12.5,67.85,58.82
CAT,Caterpillar Inc.,Industrials,Construction Machinery & Heavy Transportation Equipment,472.1,472.1,271.63,459.39,443.68,434.21,426.12,368.52,0.2,-0.9,467.85,400.56
CBOE,Cboe Global Markets,Financials,Financial Exchanges & Data,236.62,253.24,189.73,234.96,234.64,235.79,241.0,220.26,-0.2,2.89,243.46,228.11
CBRE,CBRE Group,Real Estate,Real Estate Services,162.61,165.9,113.94,163.93,163.98,163.18,156.37,138.12,0.2,2.55,166.76,159.62
CDW,CDW Corporation,Information Technology,Technology Distributors,164.16,225.45,143.46,164.34,165.46,165.5,168.95,173.28,0.0,3.82,170.43,160.57
COR,Cencora,Health Care,Health Care Distributors,288.79,303.69,217.68,289.75,294.04,293.18,292.12,272.08,0.2,4.5,301.79,284.58
CNC,Centene Corporation,Health Care,Managed Health Care,32.7,75.63,25.21,32.09,32.28,30.65,28.78,50.85,0.1,4.56,34.19,27.1
CNP,CenterPoint Energy,Utilities,Multi-Utilities,38.17,38.94,27.48,37.99,38.01,37.83,37.8,35.31,0.0,0.55,38.38,37.27
CF,CF Industries,Materials,Fertilizers & Agricultural Chemicals,85.64,101.88,67.67,84.8,85.26,85.55,87.73,85.29,0.0,2.36,87.66,83.45
CRL,Charles River Laboratories,Health Care,Life Sciences Tools & Services,153.89,220.69,99.75,154.12,154.61,158.76,160.08,156.98,0.0,9.08,167.86,149.64
SCHW,Charles Schwab Corporation,Financials,Investment Banking & Brokerage,94.43,98.69,62.55,93.03,93.06,94.47,95.3,84.43,-0.4,4.26,98.45,90.49
CHTR,Charter Communications,Communication Services,Cable & Satellite,266.13,427.25,256.57,263.99,263.43,264.17,289.0,351.53,-0.2,1.68,270.6,257.74
CVX,Chevron Corporation,Energy,Integrated Oil & Gas,156.05,164.65,130.67,158.15,157.6,157.8,154.28,147.63,0.2,3.76,161.92,153.68
CMG,Chipotle Mexican Grill,Consumer Discretionary,Restaurants,40.13,66.16,38.58,39.65,39.26,40.54,43.85,51.61,-0.2,8.32,43.47,37.6
CB,Chubb Limited,Financials,Property & Casualty Insurance,273.0,301.45,256.04,273.09,275.52,275.64,273.74,279.07,0.1,3.05,281.33,269.95
CHD,Church & Dwight,Consumer Staples,Household Products,86.68,112.48,86.68,90.52,91.91,92.73,93.71,100.19,0.0,11.46,96.61,88.86
CI,Cigna,Health Care,Health Care Services,288.62,351.85,260.91,292.71,297.38,298.78,292.68,302.78,-0.1,6.6,307.67,289.89
CINF,Cincinnati Financial,Financials,Property & Casualty Insurance,154.69,157.35,125.84,154.9,154.92,154.3,152.0,144.46,0.0,1.42,156.89,151.72
CTAS,Cintas,Industrials,Diversified Support Services,202.59,227.2,181.05,200.3,201.15,204.66,214.01,208.33,-0.2,5.41,213.55,195.77
CSCO,Cisco,Information Technology,Communications Equipment,67.75,71.79,50.07,67.86,67.6,67.79,68.12,62.73,0.0,2.29,69.3,66.27
C,Citigroup,Financials,Diversified Banks,103.49,103.49,57.29,102.2,100.35,98.13,95.09,78.86,0.0,0.11,103.6,92.66
CFG,Citizens Financial Group,Financials,Regional Banks,52.55,53.64,33.59,52.63,52.16,51.96,49.65,43.79,0.0,1.54,53.36,50.55
CLX,Clorox,Consumer Staples,Household Products,119.93,165.31,116.82,123.19,123.57,122.42,123.49,137.6,-0.2,6.89,128.19,116.64
CME,CME Group,Financials,Financial Exchanges & Data,261.08,288.01,204.06,261.09,261.04,263.54,270.83,258.3,0.0,3.6,270.48,256.6
CMS,CMS Energy,Utilities,Multi-Utilities,70.44,74.4,63.54,70.22,70.81,71.2,71.9,69.72,0.0,3.01,72.56,69.83
KO,Coca-Cola Company (The),Consumer Staples,Soft Drinks & Non-alcoholic Beverages,66.21,72.82,59.48,66.48,66.68,67.36,68.41,67.45,-0.2,4.23,69.01,65.71
CTSH,Cognizant,Information Technology,IT Consulting & Other Services,68.16,89.65,65.92,68.91,69.28,70.55,71.62,76.73,-0.2,7.95,73.58,67.52
COIN,Coinbase,Financials,Financial Exchanges & Data,331.95,419.78,151.47,333.2,327.41,316.23,337.21,273.48,-0.2,3.11,342.27,290.18
CL,Colgate-Palmolive,Consumer Staples,Household Products,79.36,101.53,79.36,81.15,82.27,83.2,84.84,88.63,-0.2,8.38,86.01,80.4
CMCSA,Comcast,Communication Services,Cable & Satellite,31.49,43.96,31.41,31.89,32.57,33.23,33.4,34.86,-0.2,11.05,34.97,31.49
CAG,Conagra Brands,Consumer Staples,Packaged Foods & Meats,18.32,30.87,18.26,18.69,18.95,19.01,19.0,22.76,-0.1,7.15,19.63,18.39
COP,ConocoPhillips,Energy,Oil & Gas Exploration & Production,92.01,111.14,81.29,93.15,93.08,94.76,94.06,93.83,0.2,8.53,99.86,89.66
ED,Consolidated Edison,Utilities,Multi-Utilities,96.62,111.42,85.77,96.25,96.76,97.56,100.12,99.19,0.0,3.47,99.97,95.16
STZ,Constellation Brands,Consumer Staples,Distillers & Vintners,133.48,252.91,132.92,133.43,137.39,145.78,160.0,178.58,0.0,24.57,166.28,125.29
CEG,Constellation Energy,Utilities,Electric Utilities,347.12,354.46,170.52,328.98,323.76,316.67,322.78,278.66,0.0,-2.19,339.52,293.84
COO,Cooper Companies (The),Health Care,Health Care Supplies,68.0,111.1,64.32,66.57,66.94,68.0,70.67,80.85,-0.2,8.07,73.49,62.51
CPRT,Copart,Industrials,Diversified Support Services,45.38,63.84,45.33,45.98,47.14,47.92,47.16,54.0,-0.3,11.04,50.39,45.46
GLW,Corning Inc.,Information Technology,Electronic Components,79.16,79.62,38.69,78.78,77.17,72.94,65.45,52.21,0.0,3.99,82.32,63.57
CPAY,Corpay,Financials,Transaction & Payment Processing Services,299.92,389.55,283.07,304.81,306.78,313.84,319.28,337.99,0.0,10.18,330.45,297.23
CTVA,Corteva,Materials,Fertilizers & Agricultural Chemicals,69.75,76.93,54.65,70.36,71.34,72.39,72.31,65.91,0.2,8.26,75.51,69.27
CSGP,CoStar Group,Real Estate,Real Estate Services,86.31,96.83,69.29,87.73,87.59,88.38,89.7,80.2,0.0,5.24,90.83,85.94
COST,Costco,Consumer Staples,Consumer Staples Merchandise Retail,943.26,1073.97,869.13,952.38,958.97,954.51,957.6,974.36,0.0,3.5,976.27,932.71
CTRA,Coterra,Energy,Oil & Gas Exploration & Production,23.1,29.06,21.94,23.88,24.05,24.11,23.91,25.32,-0.1,7.79,24.9,23.33
CRWD,CrowdStrike,Information Technology,Systems Software,493.14,514.1,275.15,477.76,455.14,438.05,444.33,415.82,-0.2,0.14,493.83,382.26
CCI,Crown Castle,Real Estate,Telecom Tower REITs,94.28,112.8,81.15,93.84,93.81,95.46,100.65,96.22,-0.2,6.58,100.48,90.43
CSX,CSX Corporation,Industrials,Rail Transportation,33.2,36.37,26.47,32.97,32.69,32.57,34.11,31.84,0.0,0.12,33.24,31.9
CMI,Cummins,Industrials,Construction Machinery & Heavy Transportation Equipment,424.85,426.39,264.26,420.42,413.77,405.98,385.98,344.99,0.2,0.42,426.63,385.3
CVS,CVS Health,Health Care,Health Care Services,75.13,75.13,42.33,74.39,74.08,73.3,67.87,61.96,0.0,1.14,75.99,70.6
DHR,Danaher Corporation,Health Care,Life Sciences Tools & Services,190.46,276.83,174.36,192.49,192.31,197.71,199.8,206.48,-0.2,10.19,209.87,185.56
DRI,Darden Restaurants,Consumer Discretionary,Restaurants,185.21,224.21,152.57,196.3,204.3,206.08,205.89,198.12,0.0,20.15,222.53,189.62
DDOG,Datadog,Information Technology,Application Software,138.35,168.65,87.0,136.56,137.67,135.62,136.74,127.41,-0.2,3.53,143.23,128.0
DVA,DaVita,Health Care,Health Care Services,131.15,177.35,127.69,129.93,131.6,134.21,137.01,146.46,-0.2,7.18,140.57,127.85
DAY,Dayforce,Industrials,Human Resource & Employment Services,68.75,81.8,49.33,68.8,68.87,69.18,62.27,62.53,0.1,1.7,69.92,68.45
DECK,Deckers Brands,Consumer Discretionary,Footwear,113.22,223.11,95.32,115.96,116.44,117.68,110.01,135.02,-0.1,9.71,124.21,111.15
DE,Deere & Company,Industrials,Agricultural & Farm Machinery,469.03,529.8,385.39,470.52,471.56,476.52,492.99,477.93,0.0,4.88,491.92,461.14
DELL,Dell Technologies,Information Technology,"Technology Hardware, Storage & Peripherals",135.69,142.14,70.88,131.55,128.07,127.54,129.92,112.09,-0.2,0.41,136.25,118.84
DAL,Delta Air Lines,Industrials,Passenger Airlines,58.89,68.45,35.65,58.96,59.56,60.4,57.81,54.47,0.0,6.54,62.74,58.07
DVN,Devon Energy,Energy,Oil & Gas Exploration & Production,33.72,41.79,26.43,34.61,34.58,34.91,33.72,33.2,0.2,7.53,36.26,33.56
DXCM,Dexcom,Health Care,Health Care Equipment,69.51,90.75,59.83,73.15,74.79,75.97,79.79,79.95,-0.2,17.95,81.99,69.94
FANG,Diamondback Energy,Energy,Oil & Gas Exploration & Production,138.83,194.36,117.58,139.61,138.38,141.44,141.66,146.89,0.0,8.26,150.3,132.59
DLR,Digital Realty,Real Estate,Data Center REITs,174.69,190.11,134.22,172.63,171.94,167.96,169.79,164.99,0.0,1.95,178.1,157.84
DG,Dollar General,Consumer Staples,Consumer Staples Merchandise Retail,101.86,116.32,67.66,104.24,104.66,107.38,109.71,92.61,-0.2,11.49,113.56,101.2
DLTR,Dollar Tree,Consumer Staples,Consumer Staples Merchandise Retail,94.48,117.16,61.21,96.25,97.05,102.15,108.86,86.85,-0.2,21.85,115.12,89.18
D,Dominion Energy,Utilities,Multi-Utilities,59.82,61.39,48.51,59.68,59.73,59.25,59.15,54.96,0.0,1.44,60.68,57.82
DPZ,Domino's,Consumer Discretionary,Restaurants,424.96,493.69,397.61,432.88,442.55,450.3,454.71,454.53,-0.4,11.54,474.0,426.61
DASH,DoorDash,Consumer Discretionary,Specialized Consumer Services,262.75,270.99,137.29,263.69,260.87,254.01,250.58,208.2,0.0,2.34,268.9,239.11
DOV,Dover Corporation,Industrials,Industrial Machinery & Supplies & Components,170.24,204.71,150.28,171.68,173.17,176.01,179.16,182.64,0.0,7.66,183.28,168.74
DOW,Dow Inc.,Materials,Commodity Chemicals,23.17,51.44,20.57,23.96,24.2,24.25,24.29,30.77,-0.2,8.5,25.14,23.35
DHI,D. R. Horton,Consumer Discretionary,Homebuilding,164.23,194.88,114.44,168.76,172.88,172.85,159.48,137.98,0.2,11.7,183.44,162.25
DTE,DTE Energy,Utilities,Multi-Utilities,136.14,140.36,113.22,135.2,135.25,135.43,136.56,129.63,0.0,0.99,137.49,133.37
DUK,Duke Energy,Utilities,Electric Utilities,121.58,124.85,102.96,120.88,121.26,121.63,121.27,115.18,0.0,1.72,123.67,119.59
DD,DuPont,Materials,Specialty Chemicals,78.26,87.69,54.51,77.68,77.36,77.14,74.79,72.8,0.0,0.45,78.61,75.66
EMN,Eastman Chemical Company,Materials,Specialty Chemicals,64.35,109.24,58.06,65.58,65.75,66.83,68.26,80.79,0.0,8.1,69.56,64.1
ETN,Eaton Corporation,Industrials,Electrical Components & Equipment,378.31,391.62,244.95,371.72,367.06,357.89,363.53,327.59,0.0,0.56,380.43,335.34
EBAY,eBay Inc.,Consumer Discretionary,Broadline Retail,90.59,100.46,56.61,90.02,90.75,91.77,89.8,73.4,0.2,5.86,95.9,87.63
ECL,Ecolab,Materials,Specialty Chemicals,267.09,284.78,224.56,265.36,268.14,272.03,271.49,256.33,0.2,5.46,281.67,262.41
EIX,Edison International,Utilities,Electric Utilities,54.26,84.75,47.56,55.24,55.48,55.2,54.21,56.81,-0.1,4.42,56.66,53.74
EW,Edwards Lifesciences,Health Care,Health Care Equipment,73.75,81.83,64.54,74.6,76.27,78.67,78.53,74.68,0.2,14.18,84.21,73.13
EA,Electronic Arts,Communication Services,Interactive Home Entertainment,173.42,178.81,116.08,173.07,171.57,170.99,165.0,149.1,0.0,1.07,175.28,166.71
ELV,Elevance Health,Health Care,Managed Health Care,317.89,530.17,273.17,313.17,311.95,311.96,301.74,369.3,-0.1,0.92,320.81,303.1
EMR,Emerson Electric,Industrials,Electrical Components & Equipment,132.84,149.04,93.37,131.42,133.11,132.8,136.38,123.42,-0.2,2.85,136.63,128.99
ENPH,Enphase Energy,Information Technology,Semiconductor Materials & Equipment,40.5,117.36,30.11,39.01,38.31,38.06,36.43,51.3,0.1,-1.43,39.92,36.19
ETR,Entergy,Utilities,Electric Utilities,89.24,91.02,62.0,88.44,88.8,88.49,88.22,82.32,-0.2,1.45,90.53,86.46
EOG,EOG Resources,Energy,Oil & Gas Exploration & Production,115.41,134.72,102.81,118.08,118.37,120.12,119.19,119.74,0.1,8.99,125.79,114.44
EPAM,EPAM Systems,Information Technology,IT Consulting & Other Services,156.43,267.63,143.33,155.31,156.31,164.04,163.11,190.3,0.1,15.62,180.86,147.21
EQT,EQT Corporation,Energy,Oil & Gas Exploration & Production,49.97,60.26,34.27,49.7,50.18,51.0,52.29,51.55,0.0,6.08,53.01,48.99
EFX,Equifax,Industrials,Research & Consulting Services,256.97,300.05,204.69,259.64,256.91,250.79,248.58,252.31,-0.1,3.84,266.84,234.75
EQIX,Equinix,Real Estate,Data Center REITs,798.07,968.75,731.64,786.54,787.06,781.94,779.09,845.82,-0.1,0.43,801.5,762.41
EQR,Equity Residential,Real Estate,Multi-Family Residential REITs,65.29,75.24,61.2,64.92,65.57,65.45,65.25,67.9,-0.1,2.77,67.1,63.8
ERIE,Erie Indemnity,Financials,Insurance Brokers,321.03,537.71,317.99,319.95,325.97,335.18,348.88,378.22,-0.2,12.48,361.09,309.28
ESS,Essex Property Trust,Real Estate,Multi-Family Residential REITs,266.39,308.41,252.08,266.87,266.74,266.19,268.43,279.47,-0.2,1.73,271.0,261.38
EL,Estée Lauder Companies (The),Consumer Staples,Personal Care Products,87.27,98.93,49.61,87.95,87.37,88.74,89.25,74.71,0.0,6.29,92.76,84.73
EG,Everest Group,Financials,Reinsurance,334.83,400.34,324.54,333.85,338.75,340.57,336.53,345.04,0.1,4.71,350.6,330.53
EVRG,Evergy,Utilities,Electric Utilities,72.22,72.6,56.74,71.78,71.86,71.66,70.86,66.1,-0.2,0.51,72.59,70.73
ES,Eversource Energy,Utilities,Electric Utilities,67.66,67.66,53.58,65.05,64.94,64.35,65.17,61.11,0.2,-1.24,66.82,61.87
EXC,Exelon,Utilities,Electric Utilities,43.4,46.54,35.25,43.18,43.26,43.5,43.83,42.18,-0.4,2.37,44.43,42.57
EXE,Expand Energy,Energy,Oil & Gas Exploration & Production,98.26,120.67,74.14,98.57,97.17,96.69,97.96,102.63,-0.2,1.34,99.58,93.81
EXPE,Expedia Group,Consumer Discretionary,"Hotels, Resorts & Cruise Lines",223.51,228.24,136.05,223.6,222.3,218.19,202.19,180.57,0.0,2.04,228.07,208.3
EXPD,Expeditors International,Industrials,Air Freight & Logistics,119.48,129.72,102.14,122.69,122.68,121.92,118.78,114.77,-0.2,4.73,125.13,118.7
EXR,Extra Space Storage,Real Estate,Self-Storage REITs,138.6,175.34,123.86,141.44,142.98,142.23,141.69,144.58,0.1,6.16,147.14,137.31
XOM,ExxonMobil,Energy,Integrated Oil & Gas,112.02,121.0,98.11,113.75,112.85,112.51,110.0,107.77,0.2,3.18,115.58,109.44
FFIV,"F5, Inc.",Information Technology,Communications Equipment,330.19,334.59,213.57,327.64,327.07,320.89,314.04,285.59,0.2,1.63,335.57,306.22
FDS,FactSet,Financials,Financial Exchanges & Data,295.63,490.93,289.15,313.45,337.86,356.08,382.03,432.35,-0.2,39.49,412.37,299.78
FICO,Fair Isaac,Information Technology,Application Software,1538.95,2382.4,1311.26,1528.73,1541.64,1516.12,1464.85,1789.06,-0.1,4.53,1608.66,1423.65
FAST,Fastenal,Industrials,Trading Companies & Distributors,47.12,50.39,33.91,47.26,47.47,48.51,47.75,40.96,0.0,8.04,50.91,46.1
FRT,Federal Realty Investment Trust,Real Estate,Retail REITs,99.61,113.73,82.59,99.73,100.4,100.36,96.59,98.26,0.1,2.77,102.37,98.34
FDX,FedEx,Industrials,Air Freight & Logistics,230.12,298.15,195.55,228.37,227.73,227.52,227.69,237.26,-0.2,1.19,232.86,222.19
FIS,Fidelity National Information Services,Financials,Transaction & Payment Processing Services,64.65,89.09,64.65,65.92,66.57,67.75,72.34,75.57,-0.4,9.47,70.77,64.73
FITB,Fifth Third Bancorp,Financials,Regional Banks,44.95,47.14,33.02,45.64,45.53,45.5,43.69,40.96,0.2,3.23,46.4,44.61
FSLR,First Solar,Information Technology,Semiconductors,219.2,255.75,120.38,211.46,207.61,203.16,192.16,166.51,0.4,-1.45,216.02,190.3
FE,FirstEnergy,Utilities,Electric Utilities,43.33,43.95,37.17,43.29,43.4,43.47,42.7,40.41,-0.2,1.15,43.83,43.1
FI,Fiserv,Financials,Transaction & Payment Processing Services,130.48,237.79,130.48,132.42,133.33,135.11,140.46,184.49,-0.2,7.05,139.68,130.54
F,Ford Motor Company,Consumer Discretionary,Automobile Manufacturers,11.66,11.91,8.45,11.66,11.63,11.69,11.39,10.17,-0.2,2.14,11.91,11.47
FTNT,Fortinet,Information Technology,Systems Software,85.01,114.57,74.39,82.06,81.12,79.59,87.49,97.41,0.4,-1.26,83.94,75.24
FTV,Fortive,Industrials,Industrial Machinery & Supplies & Components,48.32,62.46,46.49,48.51,48.48,48.18,48.72,53.86,0.0,2.17,49.37,46.98
FOXA,Fox Corporation (Class A),Communication Services,Broadcasting,62.42,62.48,39.83,59.91,59.11,59.65,57.6,53.38,0.0,0.06,62.46,56.83
FOX,Fox Corporation (Class B),Communication Services,Broadcasting,56.02,56.81,36.9,54.03,53.37,54.12,52.53,49.44,0.2,1.27,56.73,51.51
BEN,Franklin Resources,Financials,Asset Management & Custody Banks,24.24,26.03,16.43,24.3,24.42,24.91,24.86,21.39,0.2,7.26,26.0,23.82
FCX,Freeport-McMoRan,Materials,Copper,45.16,51.16,28.93,45.08,45.05,45.07,43.59,39.86,0.0,3.5,46.74,43.4
GRMN,Garmin,Consumer Discretionary,Consumer Electronics,236.38,240.92,159.13,235.92,236.65,236.36,231.4,212.58,0.0,2.09,241.32,231.4
IT,Gartner,Information Technology,IT Consulting & Other Services,260.13,551.8,225.98,254.87,248.86,247.29,278.74,413.12,0.0,-0.11,259.84,234.74
GE,GE Aerospace,Industrials,Aerospace & Defense,301.02,301.14,159.16,296.34,289.14,282.27,274.13,222.19,0.0,0.02,301.08,263.44
GEHC,GE HealthCare,Health Care,Health Care Equipment,74.77,93.69,58.69,75.56,76.47,75.35,74.55,77.0,-0.1,5.96,79.23,71.48
GEV,GE Vernova,Industrials,Heavy Electrical Equipment,644.37,664.55,243.97,622.45,624.99,614.25,617.53,442.45,-0.2,1.32,652.88,575.6
GEN,Gen Digital,Information Technology,Systems Software,28.84,32.03,23.31,28.79,29.02,29.57,30.0,28.12,0.0,7.49,31.0,28.13
GNRC,Generac,Industrials,Electrical Components & Equipment,185.86,202.85,101.92,183.42,184.18,184.09,180.24,148.54,-0.2,3.29,191.97,176.2
GD,General Dynamics,Industrials,Aerospace & Defense,322.66,329.62,239.38,324.6,325.01,324.12,316.34,279.17,0.2,1.79,328.44,319.81
GIS,General Mills,Consumer Staples,Packaged Foods & Meats,50.07,71.92,48.44,49.8,49.89,49.69,49.79,55.29,-0.2,1.46,50.8,48.59
GM,General Motors,Consumer Discretionary,Automobile Manufacturers,58.88,59.57,42.24,58.86,58.58,58.42,55.6,50.51,0.0,0.76,59.33,57.51
GPC,Genuine Parts Company,Consumer Discretionary,Distributors,137.96,142.77,103.92,138.41,139.36,138.74,134.22,122.4,0.2,3.06,142.18,135.31
GILD,Gilead Sciences,Health Care,Biotechnology,112.49,119.64,79.83,112.66,113.61,113.3,113.4,104.75,0.0,3.24,116.13,110.46
GPN,Global Payments,Financials,Transaction & Payment Processing Services,86.95,118.08,67.06,85.84,85.66,86.61,84.38,91.16,-0.3,2.52,89.14,84.09
GL,Globe Life,Financials,Life & Health Insurance,145.25,145.43,102.81,143.59,142.46,141.34,136.9,123.79,0.4,-0.21,144.94,137.73
GDDY,GoDaddy,Information Technology,Internet Services & Infrastructure,147.83,214.35,133.35,145.44,146.03,146.13,152.06,178.45,-0.2,1.12,149.49,142.78
GS,Goldman Sachs,Financials,Investment Banking & Brokerage,805.56,805.56,457.48,798.92,787.97,764.4,736.64,625.83,0.0,1.32,816.19,712.58
HAL,Halliburton,Energy,Oil & Gas Equipment & Services,22.61,31.1,18.96,22.43,22.28,22.22,21.74,23.18,-0.1,1.11,22.86,21.57
HIG,Hartford (The),Financials,Property & Casualty Insurance,130.71,134.7,105.0,130.67,131.27,131.76,128.23,120.38,0.0,2.49,133.96,129.55
HAS,Hasbro,Consumer Discretionary,Leisure Products,74.71,81.85,49.75,74.47,76.3,78.41,77.56,65.3,0.0,12.06,83.72,73.11
HCA,HCA Healthcare,Health Care,Health Care Facilities,407.24,420.02,294.93,401.95,402.5,405.15,384.68,349.36,0.0,2.46,417.26,393.03
DOC,Healthpeak Properties,Real Estate,Health Care REITs,18.5,21.7,16.44,18.34,18.17,18.0,17.62,18.28,0.1,0.43,18.58,17.41
HSIC,Henry Schein,Health Care,Health Care Distributors,67.92,81.91,62.7,68.02,68.25,68.41,68.72,70.9,0.0,2.9,69.89,66.92
HSY,Hershey Company (The),Consumer Staples,Packaged Foods & Meats,192.34,193.45,141.22,191.23,188.55,186.19,182.09,168.1,0.2,0.49,193.28,179.09
HPE,Hewlett Packard Enterprise,Information Technology,"Technology Hardware, Storage & Peripherals",25.16,25.24,12.35,24.86,24.64,23.72,21.92,19.43,0.0,2.23,25.72,21.72
HLT,Hilton Worldwide,Consumer Discretionary,"Hotels, Resorts & Cruise Lines",266.58,278.5,201.05,268.36,271.4,273.54,270.83,252.08,0.2,5.41,281.0,266.07
HOLX,Hologic,Health Care,Health Care Equipment,67.29,83.72,52.73,66.68,66.03,66.35,66.48,65.07,0.2,2.24,68.8,63.91
HD,Home Depot (The),Consumer Discretionary,Home Improvement Retail,412.0,423.6,331.29,416.72,418.1,413.42,393.35,379.18,0.2,3.64,427.0,399.83
HON,Honeywell,Industrials,Industrial Conglomerates,209.0,239.16,180.99,210.24,211.56,214.83,219.9,216.56,-0.2,6.79,223.19,206.48
HRL,Hormel Foods,Consumer Staples,Packaged Foods & Meats,24.31,32.6,24.31,24.8,24.97,25.69,27.56,29.22,0.2,16.99,28.44,22.94
HST,Host Hotels & Resorts,Real Estate,Hotel & Resort REITs,17.17,18.25,12.54,17.47,17.53,17.39,16.56,15.82,0.2,4.02,17.86,16.92
HWM,Howmet Aerospace,Industrials,Aerospace & Defense,192.15,192.15,97.16,189.41,186.91,181.35,181.51,149.54,0.0,1.1,194.26,168.43
HPQ,HP Inc.,Information Technology,"Technology Hardware, Storage & Peripherals",28.26,37.77,21.42,28.06,28.15,28.12,26.52,27.92,0.1,3.89,29.36,26.88
HUBB,Hubbell Incorporated,Industrials,Industrial Machinery & Supplies & Components,438.49,466.13,313.96,437.75,439.48,438.06,432.22,397.92,-0.2,2.26,448.4,427.72
HUM,Humana,Health Care,Managed Health Care,257.87,315.37,220.41,263.42,269.43,287.08,267.5,260.2,0.0,26.09,325.15,249.01
HBAN,Huntington Bancshares,Financials,Regional Banks,17.33,17.87,12.26,17.55,17.54,17.53,16.87,15.84,0.0,3.06,17.86,17.19
HII,Huntington Ingalls Industries,Industrials,Aerospace & Defense,276.16,277.49,156.78,274.33,273.44,272.2,266.44,220.09,-0.2,0.41,277.29,267.11
IBM,IBM,Information Technology,IT Consulting & Other Services,271.37,292.8,199.27,263.87,260.2,252.78,254.72,248.81,0.0,-0.31,270.53,235.04
IEX,IDEX Corporation,Industrials,Industrial Machinery & Supplies & Components,160.6,233.54,157.53,161.42,161.55,163.04,167.76,184.82,0.2,4.16,167.28,158.79
IDXX,Idexx Laboratories,Health Care,Health Care Equipment,644.1,682.78,361.04,648.46,646.61,644.69,614.38,496.29,0.0,1.95,656.66,632.71
ITW,Illinois Tool Works,Industrials,Industrial Machinery & Supplies & Components,260.89,273.51,217.09,262.13,262.9,264.06,261.01,252.34,0.0,2.77,268.12,260.01
INCY,Incyte,Health Care,Biotechnology,84.73,86.96,55.17,85.19,85.02,85.19,80.18,70.41,0.2,3.3,87.53,82.85
IR,Ingersoll Rand,Industrials,Industrial Machinery & Supplies & Components,81.8,105.27,66.72,80.33,80.04,79.87,81.14,84.03,-0.2,0.77,82.43,77.31
PODD,Insulet Corporation,Health Care,Health Care Equipment,335.12,352.82,227.79,330.76,336.43,338.49,315.04,287.92,-0.2,5.48,353.48,323.48
INTC,Intel,Information Technology,Semiconductors,28.76,30.57,18.13,27.82,26.18,25.33,23.38,21.79,0.2,0.97,29.04,21.62
IBKR,Interactive Brokers,Financials,Investment Banking & Brokerage,64.22,67.54,32.81,63.8,63.3,62.95,63.26,52.04,-0.2,1.79,65.37,60.52
ICE,Intercontinental Exchange,Financials,Financial Exchanges & Data,170.12,187.92,141.62,170.93,172.03,173.86,179.0,168.96,-0.2,5.14,178.86,168.86
IFF,International Flavors & Fragrances,Materials,Specialty Chemicals,62.2,104.49,62.2,63.47,64.32,65.42,68.39,76.51,-0.2,9.77,68.28,62.56
IP,International Paper,Materials,Paper & Plastic Packaging Products & Materials,46.16,58.45,43.05,46.58,46.43,47.56,48.62,49.99,0.0,8.47,50.07,45.05
IPG,Interpublic Group of Companies (The),Communication Services,Advertising,25.51,30.52,22.33,25.96,26.17,26.41,25.6,25.53,-0.4,6.66,27.21,25.61
INTU,Intuit,Information Technology,Application Software,702.09,807.39,542.39,675.79,666.4,666.12,716.16,663.49,0.4,-1.58,691.0,641.23
ISRG,Intuitive Surgical,Health Care,Health Care Equipment,444.55,610.45,433.66,437.45,444.43,455.35,476.06,521.99,-0.2,9.2,485.45,425.26
IVZ,Invesco,Financials,Asset Management & Custody Banks,22.57,22.65,11.86,22.4,22.37,22.13,21.07,17.01,0.0,0.66,22.72,21.53
INVH,Invitation Homes,Real Estate,Single-Family Residential REITs,29.69,35.27,29.52,29.6,29.88,30.25,30.75,32.03,0.0,5.42,31.3,29.19
IQV,IQVIA,Health Care,Life Sciences Tools & Services,187.83,244.62,137.0,187.75,187.61,187.4,184.69,177.5,-0.2,2.0,191.59,183.22
IRM,Iron Mountain,Real Estate,Other Specialized REITs,104.46,124.18,75.72,100.62,98.94,94.82,94.53,95.33,0.1,-0.58,103.85,85.78
JBHT,J.B. Hunt,Industrials,Cargo Ground Transportation,130.65,195.43,123.94,134.11,136.42,140.38,143.46,151.16,-0.2,14.54,149.65,131.13
JBL,Jabil,Information Technology,Electronic Manufacturing Services,233.23,233.23,110.65,221.57,217.72,212.47,216.83,173.3,-0.2,-2.6,227.17,197.79
JKHY,Jack Henry & Associates,Financials,Transaction & Payment Processing Services,151.45,189.99,151.45,155.35,157.86,159.77,165.29,172.58,-0.2,9.83,166.34,153.21
J,Jacobs Solutions,Industrials,Construction & Engineering,150.61,151.85,109.18,148.57,147.35,146.64,144.63,131.31,0.2,0.02,150.64,142.63
JNJ,Johnson & Johnson,Health Care,Pharmaceuticals,174.21,178.76,138.72,175.64,176.49,176.97,171.99,156.6,-0.4,3.06,179.54,174.39
JCI,Johnson Controls,Industrials,Building Products,109.29,111.73,70.88,108.17,107.81,107.48,106.93,91.97,0.0,0.33,109.65,105.31
JPM,JPMorgan Chase,Financials,Diversified Banks,312.44,314.78,200.72,312.28,308.12,303.34,296.73,263.76,0.2,1.23,316.28,290.38
K,Kellanova,Consumer Staples,Packaged Foods & Meats,77.0,81.71,77.0,78.13,78.72,78.98,79.21,80.07,-0.2,4.38,80.37,77.58
KVUE,Kenvue,Consumer Staples,Personal Care Products,16.97,24.0,16.97,17.98,18.33,19.31,20.7,21.61,0.0,28.23,21.76,16.85
KDP,Keurig Dr Pepper,Consumer Staples,Soft Drinks & Non-alcoholic Beverages,25.95,36.99,25.95,26.9,27.11,28.14,31.62,32.49,0.0,17.88,30.59,25.68
KEY,KeyCorp,Financials,Regional Banks,18.72,19.23,12.92,18.85,18.97,19.01,18.37,16.69,0.0,3.42,19.36,18.66
KEYS,Keysight Technologies,Information Technology,Electronic Equipment & Instruments,177.82,185.11,127.02,175.63,173.21,169.5,166.08,161.51,0.2,0.39,178.51,160.5
KMB,Kimberly-Clark,Consumer Staples,Household Products,124.07,144.6,121.02,124.97,126.67,127.55,128.67,130.99,0.0,5.88,131.37,123.73
KIM,Kimco Realty,Real Estate,Retail REITs,21.77,24.65,18.27,21.99,22.18,22.21,21.63,21.23,0.2,4.32,22.71,21.71
KMI,Kinder Morgan,Energy,Oil & Gas Storage & Transportation,27.18,30.24,20.67,27.41,27.36,27.04,27.1,27.0,-0.2,2.39,27.83,26.24
KKR,KKR & Co.,Financials,Asset Management & Custody Banks,146.95,166.38,92.52,146.8,144.37,141.38,143.19,133.8,-0.2,1.82,149.62,133.14
KLAC,KLA Corporation,Information Technology,Semiconductor Materials & Equipment,1071.25,1071.25,573.9,1028.64,990.58,935.3,918.0,777.59,0.2,-0.28,1068.25,802.31
KHC,Kraft Heinz,Consumer Staples,Packaged Foods & Meats,26.38,34.07,25.24,26.11,26.21,26.68,27.11,27.82,0.0,5.84,27.92,25.43
KR,Kroger,Consumer Staples,Food Retail,64.52,73.97,53.73,65.96,66.74,67.51,69.75,66.3,-0.4,8.32,69.89,65.13
LHX,L3Harris,Industrials,Aerospace & Defense,284.32,284.32,191.79,283.42,280.52,277.41,272.79,233.02,0.2,0.69,286.28,268.55
LH,Labcorp,Health Care,Health Care Services,278.9,279.72,209.65,276.7,276.76,276.57,267.5,247.55,0.0,0.54,280.41,272.73
LRCX,Lam Research,Information Technology,Semiconductor Materials & Equipment,132.2,132.2,58.94,125.56,119.25,110.43,104.0,85.5,0.2,-0.4,131.67,89.18
LW,Lamb Weston,Consumer Staples,Packaged Foods & Meats,55.37,80.72,47.73,56.18,56.35,56.54,54.96,56.11,-0.1,4.79,58.02,55.06
LVS,Las Vegas Sands,Consumer Discretionary,Casinos & Gaming,52.86,57.71,30.35,52.9,53.43,54.68,52.97,45.43,0.0,9.84,58.06,51.31
LDOS,Leidos,Industrials,Diversified Support Services,187.87,199.29,125.82,185.77,183.84,181.93,174.09,152.29,0.0,0.13,188.11,175.76
LEN,Lennar,Consumer Discretionary,Homebuilding,121.91,183.45,101.84,129.78,133.4,134.54,125.69,120.86,-0.4,17.77,143.57,125.51
LII,Lennox International,Industrials,Building Products,533.83,674.16,506.5,542.31,549.2,556.15,588.15,588.72,0.0,8.96,581.66,530.63
LLY,Lilly (Eli),Health Care,Pharmaceuticals,754.95,925.78,624.28,758.94,755.98,743.58,738.25,782.93,-0.1,2.65,774.96,712.23
LIN,Linde plc,Materials,Industrial Gases,477.76,483.59,408.92,476.82,477.26,476.37,472.2,454.43,-0.2,1.4,484.45,468.29
LYV,Live Nation Entertainment,Communication Services,Movies & Entertainment,165.15,174.06,103.64,166.67,169.47,167.45,159.3,142.75,-0.2,5.67,174.51,160.39
LKQ,LKQ Corporation,Consumer Discretionary,Distributors,30.32,43.02,28.96,30.95,31.59,31.86,32.09,37.08,-0.2,9.43,33.18,30.55
LMT,Lockheed Martin,Industrials,Aerospace & Defense,480.39,597.79,407.77,474.88,471.06,462.25,445.45,457.36,-0.1,0.57,483.13,441.38
L,Loews Corporation,Financials,Multi-line Insurance,97.24,98.05,76.27,96.73,96.83,96.64,94.4,88.47,-0.2,0.69,97.91,95.37
LOW,Lowe's,Consumer Discretionary,Home Improvement Retail,260.39,278.66,209.46,266.33,268.35,265.1,247.42,238.06,0.2,6.05,276.14,254.05
LULU,Lululemon Athletica,Consumer Discretionary,"Apparel, Accessories & Luxury Goods",173.41,421.16,159.87,167.72,165.38,180.62,196.8,292.4,-0.2,25.45,217.54,143.7
LYB,LyondellBasell,Materials,Specialty Chemicals,51.1,89.15,47.21,52.39,53.4,54.51,55.33,61.97,-0.2,12.99,57.74,51.28
MTB,M&T Bank,Financials,Regional Banks,198.9,215.8,154.27,199.05,198.64,199.01,194.1,185.69,0.0,1.74,202.36,195.66
MPC,Marathon Petroleum,Energy,Oil & Gas Refining & Marketing,187.25,187.25,117.23,185.08,183.28,180.75,172.87,154.11,0.0,0.36,187.92,173.57
MKTX,MarketAxess,Financials,Financial Exchanges & Data,178.42,289.47,178.32,180.58,183.07,184.06,193.54,210.53,0.0,7.28,191.41,176.71
MAR,Marriott International,Consumer Discretionary,"Hotels, Resorts & Cruise Lines",264.1,302.22,210.04,265.3,265.25,266.4,267.04,264.77,0.0,2.68,271.18,261.62
MMC,Marsh McLennan,Financials,Insurance Brokers,197.04,243.22,196.15,196.84,198.93,202.27,204.93,218.31,-0.2,6.61,210.06,194.48
MLM,Martin Marietta Materials,Materials,Construction Materials,619.83,631.12,451.25,615.65,616.73,616.31,598.73,542.01,0.0,1.4,628.51,604.1
MAS,Masco,Industrials,Building Products,71.03,84.25,58.18,72.41,73.1,73.59,70.84,69.51,0.0,7.01,76.01,71.16
MA,Mastercard,Financials,Transaction & Payment Processing Services,584.49,598.96,478.51,587.95,585.52,588.4,576.89,553.31,0.0,2.45,598.81,578.0
MTCH,Match Group,Communication Services,Interactive Media & Services,36.43,38.77,26.87,37.71,37.79,37.65,36.11,32.42,-0.4,6.51,38.8,36.51
MKC,McCormick & Company,Consumer Staples,Packaged Foods & Meats,64.63,83.73,64.63,66.06,67.32,68.74,69.95,74.49,-0.4,12.29,72.57,64.91
MCD,McDonald's,Consumer Discretionary,Restaurants,302.99,317.67,275.0,302.95,304.91,309.01,304.68,299.98,0.0,5.3,319.05,298.98
MCK,McKesson Corporation,Health Care,Health Care Distributors,697.0,734.45,476.95,694.23,701.7,694.09,694.92,663.94,-0.2,2.66,715.54,672.67
MDT,Medtronic,Health Care,Health Care Equipment,94.62,95.59,78.03,94.81,94.22,93.38,92.1,87.1,0.0,0.97,95.54,91.21
MRK,Merck & Co.,Health Care,Pharmaceuticals,80.4,113.04,72.03,81.13,82.0,82.8,81.98,84.95,0.1,6.16,85.35,80.25
META,Meta Platforms,Communication Services,Interactive Media & Services,765.16,790.0,484.29,775.7,766.74,756.88,747.59,661.24,0.0,2.41,783.6,730.15
MET,MetLife,Financials,Life & Health Insurance,80.98,86.38,67.4,79.32,79.68,80.19,78.1,78.95,-0.3,1.28,82.02,78.36
MTD,Mettler Toledo,Health Care,Life Sciences Tools & Services,1258.05,1499.7,970.15,1272.16,1270.14,1279.9,1263.54,1218.74,0.2,4.26,1311.64,1248.14
MGM,MGM Resorts,Consumer Discretionary,Casinos & Gaming,34.49,41.99,25.79,35.38,35.44,36.85,36.74,34.16,0.2,16.67,40.24,33.46
MCHP,Microchip Technology,Information Technology,Semiconductors,65.4,78.29,34.83,65.41,64.94,65.25,66.94,58.71,0.0,3.73,67.84,62.67
MU,Micron Technology,Information Technology,Semiconductors,164.62,168.89,64.66,163.01,155.59,138.59,124.73,103.39,0.0,7.08,176.28,100.91
MSFT,Microsoft,Information Technology,Systems Software,514.45,534.76,353.33,511.98,508.49,506.3,511.39,447.52,-0.2,0.68,517.95,494.63
MAA,Mid-America Apartment Communities,Real Estate,Multi-Family Residential REITs,141.25,167.59,138.38,140.32,141.54,142.71,144.14,151.45,0.0,3.78,146.59,138.83
MRNA,Moderna,Health Care,Biotechnology,26.56,68.02,23.51,25.42,24.86,24.74,27.62,31.11,0.2,-1.73,26.1,23.39
MHK,Mohawk Industries,Consumer Discretionary,Home Furnishings,128.72,161.25,97.99,132.04,134.39,133.99,125.45,116.41,-0.2,9.12,140.46,127.52
MOH,Molina Healthcare,Health Care,Managed Health Care,181.87,353.24,152.31,177.9,179.56,177.93,174.1,270.93,-0.1,2.12,185.73,170.13
TAP,Molson Coors Beverage Company,Consumer Staples,Brewers,45.09,61.78,45.09,46.57,47.67,48.85,49.53,53.83,-0.2,15.15,51.92,45.77
MDLZ,Mondelez International,Consumer Staples,Packaged Foods & Meats,63.5,72.7,55.34,63.2,62.65,62.13,64.06,63.52,0.0,0.16,63.6,60.66
MPWR,Monolithic Power Systems,Information Technology,Semiconductors,922.81,936.74,454.23,898.33,872.89,860.37,809.69,677.61,0.2,-0.69,916.44,804.26
MNST,Monster Beverage,Consumer Staples,Soft Drinks & Non-alcoholic Beverages,63.98,66.52,46.16,65.09,64.44,63.51,62.19,57.84,0.2,3.25,66.06,60.95
MCO,Moody's Corporation,Financials,Financial Exchanges & Data,488.29,524.53,395.22,494.22,502.49,503.85,507.36,482.01,0.0,7.28,523.84,483.87
MS,Morgan Stanley,Financials,Investment Banking & Brokerage,160.71,160.71,97.81,158.62,156.89,153.02,146.8,130.51,0.0,0.57,161.63,144.42
MOS,Mosaic Company (The),Materials,Fertilizers & Agricultural Chemicals,33.43,37.55,22.47,33.92,33.66,33.27,33.79,30.0,-0.2,3.32,34.54,32.0
MSI,Motorola Solutions,Information Technology,Communications Equipment,471.47,499.65,392.79,475.38,478.66,474.42,453.57,439.24,0.2,3.93,490.0,458.86
MSCI,MSCI Inc.,Financials,Financial Exchanges & Data,568.06,630.0,503.37,565.89,570.71,567.56,561.71,568.08,-0.3,3.25,586.52,548.58
NDAQ,"Nasdaq, Inc.",Financials,Financial Exchanges & Data,89.93,96.67,66.01,90.8,92.54,93.35,93.44,82.82,0.0,7.82,96.96,89.74
NTAP,NetApp,Information Technology,"Technology Hardware, Storage & Peripherals",124.61,129.06,75.73,124.68,124.33,119.82,111.6,106.2,0.2,4.57,130.3,109.35
NFLX,Netflix,Communication Services,Movies & Entertainment,1227.37,1339.13,687.65,1218.23,1219.63,1224.5,1212.87,1081.56,-0.2,2.92,1263.21,1185.77
NEM,Newmont,Materials,Gold,83.72,83.72,36.49,80.29,79.41,76.69,69.48,53.1,0.2,-0.51,83.29,70.09
NWSA,News Corp (Class A),Communication Services,Publishing,30.81,30.81,23.89,30.37,29.86,29.62,29.46,28.21,0.2,-0.13,30.77,28.48
NWS,News Corp (Class B),Communication Services,Publishing,34.15,35.06,26.86,33.52,32.89,33.28,33.59,32.12,0.0,1.96,34.82,31.73
NEE,NextEra Energy,Utilities,Multi-Utilities,72.35,82.85,63.11,70.87,70.99,71.61,72.39,70.16,0.0,2.63,74.25,68.97
NKE,"Nike, Inc.",Consumer Discretionary,"Apparel, Accessories & Luxury Goods",71.28,87.5,52.64,71.87,72.75,74.46,74.77,69.45,-0.2,10.76,78.95,69.96
NI,NiSource,Utilities,Multi-Utilities,41.3,43.33,32.78,40.15,40.47,41.04,41.5,38.95,-0.4,4.26,43.06,39.03
NDSN,Nordson Corporation,Industrials,Industrial Machinery & Supplies & Components,225.34,260.48,166.29,225.56,224.91,224.51,219.01,210.25,0.0,1.22,228.09,220.93
NSC,Norfolk Southern,Industrials,Rail Transportation,290.55,290.55,204.09,282.61,278.47,277.92,277.72,248.81,0.2,-1.51,286.16,269.69
NTRS,Northern Trust,Financials,Asset Management & Custody Banks,131.78,132.22,83.34,130.84,129.93,129.64,127.74,109.88,0.0,0.5,132.44,126.84
NOC,Northrop Grumman,Industrials,Aerospace & Defense,576.15,594.87,427.78,575.87,576.43,580.49,572.17,503.03,-0.2,2.6,591.13,569.84
NCLH,Norwegian Cruise Line Holdings,Consumer Discretionary,"Hotels, Resorts & Cruise Lines",25.39,29.07,15.5,25.4,25.74,25.39,24.59,22.45,0.0,4.73,26.59,24.18
NRG,NRG Energy,Utilities,Independent Power Producers & Energy Traders,170.97,173.91,80.57,165.66,163.06,154.97,154.82,124.96,0.0,0.96,172.61,137.33
NUE,Nucor,Materials,Steel,134.68,165.5,102.79,137.6,139.76,143.59,142.61,128.3,0.2,13.91,153.41,133.77
NVDA,Nvidia,Information Technology,Semiconductors,183.61,183.61,94.3,176.34,176.25,175.42,175.91,141.11,0.0,0.63,184.77,166.06
NVR,"NVR, Inc.",Consumer Discretionary,Homebuilding,7925.23,9924.4,6700.0,8109.14,8238.36,8230.88,7990.92,7663.07,0.2,8.17,8572.72,7888.77
NXPI,NXP Semiconductors,Information Technology,Semiconductors,225.73,250.84,152.09,223.63,221.74,226.56,223.01,209.34,0.0,6.06,239.41,213.73
ORLY,O’Reilly Automotive,Consumer Discretionary,Automotive Retail,103.45,107.82,73.94,104.2,105.47,104.77,101.37,91.59,0.2,4.15,107.74,101.8
OXY,Occidental Petroleum,Energy,Oil & Gas Exploration & Production,45.76,54.77,35.72,46.83,46.25,46.34,44.83,44.96,-0.1,4.92,48.01,44.67
ODFL,Old Dominion,Industrials,Cargo Ground Transportation,138.93,230.37,138.93,142.19,144.5,147.82,151.97,167.65,-0.2,12.64,156.49,139.15
OMC,Omnicom Group,Communication Services,Advertising,74.53,101.86,68.6,75.82,76.47,77.21,75.04,77.52,-0.3,6.76,79.57,74.84
ON,ON Semiconductor,Information Technology,Semiconductors,51.5,74.7,31.95,50.75,49.59,49.61,52.25,50.55,0.0,1.32,52.18,47.04
OKE,Oneok,Energy,Oil & Gas Storage & Transportation,71.62,112.93,71.36,72.44,72.63,73.47,75.94,86.5,0.0,6.44,76.23,70.71
ORCL,Oracle Corporation,Information Technology,Application Software,328.15,328.33,122.56,308.3,301.35,266.42,253.65,188.54,0.0,4.81,343.93,188.92
OTIS,Otis Worldwide,Industrials,Industrial Machinery & Supplies & Components,89.33,104.22,84.52,89.54,89.14,87.93,89.22,94.51,0.0,1.59,90.75,85.11
PCAR,Paccar,Industrials,Construction Machinery & Heavy Transportation Equipment,97.07,113.98,85.82,100.33,100.43,99.89,98.6,99.2,-0.1,6.68,103.55,96.22
PKG,Packaging Corporation of America,Materials,Paper & Plastic Packaging Products & Materials,212.71,242.86,173.82,212.3,212.76,213.33,204.51,202.98,0.2,2.5,218.03,208.64
PLTR,Palantir Technologies,Information Technology,Application Software,179.33,186.97,36.46,175.46,171.34,164.02,163.77,116.7,0.0,1.08,181.27,146.77
PANW,Palo Alto Networks,Information Technology,Systems Software,208.18,208.28,152.44,205.3,201.73,196.07,188.96,187.59,0.0,0.87,209.99,182.15
PSKY,Paramount Skydance Corporation,Communication Services,Movies & Entertainment,18.61,18.92,10.05,18.17,17.58,16.29,14.3,12.08,0.2,5.05,19.55,13.04
PH,Parker Hannifin,Industrials,Industrial Machinery & Supplies & Components,759.95,769.67,514.56,752.78,757.28,757.2,739.22,669.48,-0.2,1.47,771.12,743.27
PAYX,Paychex,Industrials,Human Resource & Employment Services,130.4,158.58,128.82,131.12,132.56,134.94,138.79,143.82,-0.2,7.93,140.74,129.14
PAYC,Paycom,Industrials,Human Resource & Employment Services,220.1,265.28,158.91,216.26,219.19,222.18,225.31,223.98,-0.2,5.08,231.28,213.09
PYPL,PayPal,Financials,Transaction & Payment Processing Services,67.68,91.81,57.41,67.98,67.45,68.4,70.08,73.95,0.2,4.71,70.87,65.93
PNR,Pentair,Industrials,Industrial Machinery & Supplies & Components,110.09,112.59,75.76,110.48,110.5,109.63,106.48,98.56,0.2,2.37,112.7,106.56
PEP,PepsiCo,Consumer Staples,Soft Drinks & Non-alcoholic Beverages,141.03,169.55,125.83,140.96,141.89,143.99,143.17,140.75,0.4,5.81,149.22,138.77
PFE,Pfizer,Health Care,Pharmaceuticals,24.04,28.21,20.83,24.03,24.21,24.52,24.55,24.19,0.0,5.45,25.35,23.69
PCG,PG&E Corporation,Utilities,Multi-Utilities,14.67,21.53,13.0,14.9,15.13,15.11,14.69,16.21,-0.1,6.61,15.64,14.58
PM,Philip Morris International,Consumer Staples,Tobacco,161.98,183.57,115.19,163.19,164.16,164.44,167.14,155.91,0.0,4.27,168.9,159.98
PSX,Phillips 66,Energy,Oil & Gas Refining & Marketing,129.57,133.86,91.09,131.36,131.5,131.56,126.34,118.6,0.2,3.61,134.25,128.87
PNW,Pinnacle West Capital,Utilities,Multi-Utilities,86.26,93.78,79.36,86.13,86.96,88.12,90.02,88.73,-0.2,5.41,90.93,85.3
PNC,PNC Financial Services,Financials,Diversified Banks,203.12,209.23,146.94,203.92,202.91,203.92,197.39,183.94,0.2,2.45,208.1,199.74
POOL,Pool Corporation,Consumer Discretionary,Distributors,312.63,385.63,283.92,321.46,322.89,320.23,314.84,320.29,0.1,7.54,336.2,304.27
PPG,PPG Industries,Materials,Specialty Chemicals,109.49,131.36,90.49,108.88,109.45,110.19,110.58,111.6,0.0,3.06,112.84,107.53
PPL,PPL Corporation,Utilities,Electric Utilities,35.69,36.96,30.49,35.61,35.74,35.9,35.94,34.12,0.0,2.3,36.51,35.29
PFG,Principal Financial Group,Financials,Life & Health Insurance,82.21,87.94,68.21,81.33,81.45,80.63,78.93,78.36,0.0,0.94,82.98,78.27
PG,Procter & Gamble,Consumer Staples,Personal Care Products,153.07,176.3,150.47,156.96,157.5,157.56,156.0,161.8,-0.1,5.12,160.91,154.21
PGR,Progressive Corporation,Financials,Property & Casualty Insurance,241.15,291.0,234.89,242.81,244.65,245.29,245.76,259.05,-0.2,3.49,249.57,241.02
PLD,Prologis,Real Estate,Industrial REITs,113.93,123.97,88.13,114.1,113.29,112.35,108.97,107.85,0.2,1.39,115.51,109.2
PRU,Prudential Financial,Financials,Life & Health Insurance,102.85,124.75,92.74,103.09,104.6,106.38,104.47,106.6,0.1,7.99,111.07,101.69
PEG,Public Service Enterprise Group,Utilities,Electric Utilities,81.73,91.66,75.92,81.23,81.56,81.46,83.84,81.79,0.0,1.85,83.24,79.68
PTC,PTC Inc.,Information Technology,Application Software,205.93,216.53,136.74,205.4,205.18,209.43,207.09,180.06,0.2,5.97,218.22,200.64
PSA,Public Storage,Real Estate,Self-Storage REITs,279.67,350.81,260.94,282.28,285.2,287.14,283.83,290.17,0.1,5.4,294.77,279.51
PHM,PulteGroup,Consumer Discretionary,Homebuilding,129.24,147.88,91.67,132.64,134.48,134.28,125.25,110.8,0.2,8.87,140.7,127.86
PWR,Quanta Services,Industrials,Construction & Engineering,396.02,421.68,236.56,385.9,385.1,381.6,388.26,331.3,0.0,-0.25,395.03,368.17
QCOM,Qualcomm,Information Technology,Semiconductors,169.72,174.12,123.21,166.82,163.63,161.14,156.57,154.32,0.2,-0.66,168.6,153.67
DGX,Quest Diagnostics,Health Care,Health Care Services,184.69,184.69,144.81,182.81,182.38,181.39,176.75,168.79,0.2,0.18,185.02,177.75
RL,Ralph Lauren Corporation,Consumer Discretionary,"Apparel, Accessories & Luxury Goods",307.65,320.75,181.73,310.97,312.45,308.02,298.83,259.06,0.0,5.9,325.8,290.25
RJF,Raymond James Financial,Financials,Investment Banking & Brokerage,175.32,175.32,120.78,172.49,170.44,169.08,165.92,154.04,0.2,-0.34,174.72,163.42
RTX,RTX Corporation,Industrials,Aerospace & Defense,159.43,160.66,112.45,158.55,157.14,157.64,155.53,134.79,0.0,1.46,161.76,153.54
O,Realty Income,Real Estate,Retail REITs,59.06,61.45,49.6,59.4,59.68,58.98,57.9,55.23,0.2,2.74,60.68,57.27
REG,Regency Centers,Real Estate,Retail REITs,70.73,75.5,64.21,70.29,70.91,71.4,70.9,70.71,0.2,3.27,73.04,69.76
REGN,Regeneron Pharmaceuticals,Health Care,Biotechnology,595.68,1145.28,482.34,589.39,576.01,575.41,567.65,615.37,-0.1,0.85,600.74,550.08
RF,Regions Financial Corporation,Financials,Regional Banks,26.56,27.4,17.95,26.92,26.96,26.97,25.94,23.1,0.2,3.39,27.46,26.47
RSG,Republic Services,Industrials,Environmental & Facilities Services,226.26,257.46,196.49,226.3,227.79,230.19,234.41,232.23,-0.2,4.46,236.35,224.02
RMD,ResMed,Health Care,Health Care Equipment,274.41,293.73,203.67,273.04,273.08,275.21,275.72,246.21,-0.4,3.72,284.62,265.8
RVTY,Revvity,Health Care,Health Care Equipment,86.27,127.41,82.5,86.28,85.15,86.63,89.93,101.63,0.0,6.42,91.81,81.46
ROK,Rockwell Automation,Industrials,Electrical Components & Equipment,345.36,357.15,217.21,345.73,345.29,345.16,345.49,299.35,-0.2,2.53,354.1,336.2
ROL,"Rollins, Inc.",Industrials,Environmental & Facilities Services,55.56,58.48,45.24,55.63,56.39,56.5,56.9,53.48,0.0,4.14,57.86,55.13
ROP,Roper Technologies,Information Technology,Electronic Equipment & Instruments,509.63,592.1,501.26,507.07,510.34,517.59,532.7,552.12,-0.2,4.91,534.65,500.51
ROST,Ross Stores,Consumer Discretionary,Apparel Retail,144.67,154.88,122.22,146.01,147.44,148.5,143.48,140.66,-0.2,5.52,152.66,144.35
RCL,Royal Caribbean Group,Consumer Discretionary,"Hotels, Resorts & Cruise Lines",329.24,365.84,169.69,325.68,333.17,344.55,335.51,265.17,0.0,13.01,372.07,317.02
SPGI,S&P Global,Financials,Financial Exchanges & Data,505.57,563.17,436.73,521.18,533.26,539.23,541.52,513.58,-0.2,12.29,567.7,510.77
CRM,Salesforce,Information Technology,Application Software,249.69,365.66,231.26,244.43,244.62,247.54,250.29,283.34,0.0,3.12,257.48,237.59
SBAC,SBA Communications,Real Estate,Telecom Tower REITs,198.0,244.52,189.91,198.9,197.7,201.1,215.57,216.35,-0.2,9.24,216.3,185.9
SLB,Schlumberger,Energy,Oil & Gas Equipment & Services,33.92,44.26,31.43,34.62,35.14,35.42,34.4,36.56,-0.3,8.28,36.73,34.12
STX,Seagate Technology,Information Technology,"Technology Hardware, Storage & Peripherals",229.33,229.33,66.19,218.34,208.02,191.24,167.93,116.95,0.0,0.8,231.16,151.31
SRE,Sempra,Utilities,Multi-Utilities,82.37,92.47,63.23,82.68,82.65,82.2,81.12,77.75,0.2,2.33,84.29,80.11
NOW,ServiceNow,Information Technology,Systems Software,947.78,1170.39,721.65,947.81,941.1,923.6,922.98,962.85,-0.1,2.65,972.9,874.36
SHW,Sherwin-Williams,Materials,Specialty Chemicals,346.41,397.11,312.15,349.24,355.09,361.06,353.71,350.06,0.2,8.93,377.34,344.76
SPG,Simon Property Group,Real Estate,Retail REITs,181.14,183.9,136.92,181.01,181.38,179.46,170.92,164.79,0.0,1.97,184.71,174.2
SWKS,Skyworks Solutions,Information Technology,Semiconductors,82.97,96.35,48.25,77.53,75.83,75.42,73.04,72.62,0.2,-3.8,79.82,71.02
SJM,J.M. Smucker Company (The),Consumer Staples,Packaged Foods & Meats,108.08,116.99,93.48,106.65,107.51,108.9,108.82,107.48,0.0,6.03,114.6,103.19
SW,Smurfit Westrock,Materials,Paper & Plastic Packaging Products & Materials,43.48,55.13,37.46,43.96,44.48,45.51,45.04,46.3,0.1,10.19,47.91,43.12
SNA,Snap-on,Industrials,Industrial Machinery & Supplies & Components,337.52,364.18,276.06,335.93,333.17,330.14,325.9,326.36,-0.1,0.98,340.83,319.46
SOLV,Solventum,Health Care,Health Care Technology,73.76,84.04,63.01,74.01,73.46,73.09,72.99,72.43,0.0,1.55,74.9,71.28
SO,Southern Company,Utilities,Electric Utilities,92.33,95.24,78.98,91.71,91.8,92.01,93.11,88.02,0.0,1.01,93.26,90.77
LUV,Southwest Airlines,Industrials,Passenger Airlines,32.3,37.49,23.77,32.16,31.77,32.02,32.25,31.32,-0.2,3.07,33.29,30.75
SWK,Stanley Black & Decker,Industrials,Industrial Machinery & Supplies & Components,75.02,105.48,54.53,77.41,77.64,76.27,72.9,73.18,0.1,7.53,80.67,71.87
SBUX,Starbucks,Consumer Discretionary,Restaurants,85.29,114.25,78.61,84.17,83.45,85.22,88.99,92.38,0.0,5.05,89.6,80.85
STT,State Street Corporation,Financials,Asset Management & Custody Banks,113.32,115.82,74.79,112.45,112.26,113.16,111.58,98.58,-0.2,2.42,116.06,110.27
STLD,Steel Dynamics,Materials,Steel,139.07,152.49,108.79,138.94,135.39,133.64,129.94,127.37,0.2,1.03,140.5,126.78
STE,Steris,Health Care,Health Care Equipment,249.71,252.43,200.94,249.15,248.81,247.05,238.8,227.42,0.0,1.28,252.91,241.2
SYK,Stryker Corporation,Health Care,Health Care Equipment,378.22,403.53,336.65,377.28,381.14,386.45,387.25,378.96,0.0,5.72,399.85,373.07
SMCI,Supermicro,Information Technology,"Technology Hardware, Storage & Peripherals",46.87,60.71,18.01,45.69,44.96,43.52,47.72,40.82,0.2,1.79,47.71,39.32
SYF,Synchrony Financial,Financials,Consumer Finance,75.58,76.86,43.38,75.61,75.65,75.66,72.61,63.08,0.0,2.09,77.16,74.17
SNPS,Synopsys,Information Technology,Application Software,514.79,645.35,380.9,468.35,461.67,531.09,578.25,507.53,-0.4,34.87,694.3,367.88
SYY,Sysco,Consumer Staples,Food Distributors,81.37,82.51,67.53,81.94,81.29,81.02,80.21,74.87,0.4,2.0,83.0,79.03
TMUS,T-Mobile US,Communication Services,Wireless Telecommunication Services,237.44,270.87,196.64,238.3,239.75,245.36,243.01,241.28,0.0,8.52,257.67,233.04
TROW,T. Rowe Price,Financials,Asset Management & Custody Banks,105.29,118.63,78.24,105.12,104.98,105.85,104.92,99.93,0.0,3.47,108.94,102.75
TTWO,Take-Two Interactive,Communication Services,Interactive Home Entertainment,251.64,251.64,147.66,250.1,248.24,242.71,234.39,216.58,0.2,1.93,256.5,228.93
TPR,"Tapestry, Inc.",Consumer Discretionary,"Apparel, Accessories & Luxury Goods",113.88,114.19,41.81,112.15,109.47,105.91,105.43,82.09,0.2,0.96,114.97,96.86
TRGP,Targa Resources,Energy,Oil & Gas Storage & Transportation,165.22,213.93,143.44,165.85,164.89,164.64,164.88,176.6,-0.2,2.56,169.45,159.82
TGT,Target Corporation,Consumer Staples,Consumer Staples Merchandise Retail,86.56,154.72,86.56,88.55,89.45,92.03,98.4,107.42,0.0,13.71,98.43,85.63
TEL,TE Connectivity,Information Technology,Electronic Manufacturing Services,218.59,218.59,121.04,215.69,213.08,210.03,202.3,162.84,0.2,-0.34,217.85,202.23
TDY,Teledyne Technologies,Information Technology,Electronic Equipment & Instruments,567.92,567.92,432.13,560.34,557.05,550.14,549.0,503.13,0.0,0.14,568.72,531.59
TER,Teradyne,Information Technology,Semiconductor Materials & Equipment,135.18,139.5,67.79,120.42,117.69,118.17,108.59,101.37,0.2,-5.88,127.23,109.11
TSLA,"Tesla, Inc.",Consumer Discretionary,Automobile Manufacturers,434.21,479.86,213.65,424.92,399.42,371.06,342.69,333.15,0.0,2.24,443.94,298.17
TXN,Texas Instruments,Information Technology,Semiconductors,179.62,219.66,143.34,179.71,181.27,189.67,193.29,185.2,-0.2,16.96,210.08,169.25
TPL,Texas Pacific Land Corporation,Energy,Oil & Gas Exploration & Production,876.96,1720.9,853.36,902.8,915.14,915.09,927.14,1174.59,0.0,8.81,954.22,875.98
TXT,Textron,Industrials,Aerospace & Defense,83.49,90.23,60.69,83.43,82.44,81.68,80.98,76.38,0.2,0.95,84.28,79.08
TMO,Thermo Fisher Scientific,Health Care,Life Sciences Tools & Services,474.99,618.07,389.91,477.81,479.16,483.94,471.08,478.76,-0.1,4.48,496.27,471.63
TJX,TJX Companies,Consumer Discretionary,Apparel Retail,139.41,141.17,110.73,139.74,140.0,139.12,132.81,125.74,0.2,2.07,142.3,135.93
TKO,TKO Group Holdings,Communication Services,Movies & Entertainment,199.67,204.49,113.99,201.05,200.3,194.33,181.41,161.43,0.2,4.51,208.68,179.99
TTD,Trade Desk (The),Communication Services,Advertising,46.15,139.51,43.93,44.96,45.93,49.53,63.56,78.79,0.0,24.75,57.57,41.48
TSCO,Tractor Supply,Consumer Discretionary,Other Specialty Retail,58.14,62.65,47.62,59.15,59.35,60.32,59.44,54.55,0.2,8.05,62.82,57.83
TT,Trane Technologies,Industrials,Building Products,407.63,471.46,313.81,403.13,406.05,411.21,427.44,392.55,0.0,4.72,426.87,395.56
TDG,TransDigm Group,Industrials,Aerospace & Defense,1295.29,1516.55,1152.5,1284.31,1287.38,1292.43,1362.6,1298.56,-0.2,1.95,1320.55,1264.24
TRV,Travelers Companies (The),Financials,Property & Casualty Insurance,276.11,279.43,222.29,275.6,275.74,274.13,267.28,256.53,-0.2,1.52,280.31,267.95
TRMB,Trimble Inc.,Information Technology,Electronic Equipment & Instruments,82.15,85.24,55.12,81.42,81.21,80.95,82.06,73.36,-0.2,1.45,83.34,78.57
TFC,Truist Financial,Financials,Diversified Banks,45.39,47.07,33.92,45.48,45.31,45.9,44.77,42.18,0.0,4.3,47.34,44.46
TYL,Tyler Technologies,Information Technology,Application Software,536.16,646.74,521.68,534.32,541.43,549.15,562.81,578.36,-0.2,6.37,570.31,528.02
TSN,Tyson Foods,Consumer Staples,Packaged Foods & Meats,53.66,62.84,51.83,53.94,54.62,55.52,54.89,56.57,-0.1,7.68,57.78,53.26
USB,U.S. Bancorp,Financials,Diversified Banks,49.49,51.9,36.0,49.62,49.44,49.05,47.06,44.93,0.0,1.41,50.19,47.92
UBER,Uber,Industrials,Passenger Ground Transportation,99.39,99.39,59.93,96.68,96.25,95.11,92.71,80.41,0.0,0.19,99.58,90.65
UDR,"UDR, Inc.",Real Estate,Multi-Family Residential REITs,37.39,45.08,37.29,37.37,37.91,38.39,38.96,40.88,0.0,6.39,39.78,37.0
ULTA,Ulta Beauty,Consumer Discretionary,Other Specialty Retail,518.16,534.81,314.47,525.69,522.04,522.79,514.55,432.57,-0.2,4.56,541.79,503.81
UNP,Union Pacific Corporation,Industrials,Rail Transportation,225.85,249.94,205.73,220.0,217.84,219.51,221.79,226.73,0.2,-0.07,225.69,213.32
UAL,United Airlines Holdings,Industrials,Passenger Airlines,104.18,110.52,52.17,105.12,105.92,105.56,97.84,88.71,0.2,4.26,108.62,102.5
UPS,United Parcel Service,Industrials,Air Freight & Logistics,84.23,130.93,82.93,84.54,84.4,85.31,88.55,102.34,0.0,4.51,88.03,82.58
URI,United Rentals,Industrials,Trading Companies & Distributors,943.42,975.23,549.5,943.48,945.3,950.56,899.17,744.95,0.2,3.11,972.76,928.37
UNH,UnitedHealth Group,Health Care,Managed Health Care,341.3,611.98,236.28,338.84,343.41,324.94,294.72,405.61,-0.1,6.5,363.48,286.4
UHS,Universal Health Services,Health Care,Health Care Facilities,194.16,240.49,154.78,188.91,188.91,186.17,176.78,180.46,0.3,-0.17,193.83,178.5
VLO,Valero Energy,Energy,Oil & Gas Refining & Marketing,166.44,166.44,102.97,163.84,161.14,156.93,146.43,131.94,0.0,0.76,167.7,146.16
VTR,Ventas,Real Estate,Health Care REITs,67.13,69.85,56.07,67.53,68.42,68.1,67.63,64.27,0.0,3.83,69.7,66.51
VLTO,Veralto,Industrials,Environmental & Facilities Services,105.82,113.22,85.23,106.61,107.0,106.7,105.97,100.76,0.0,2.87,108.86,104.53
VRSN,Verisign,Information Technology,Internet Services & Infrastructure,282.74,305.1,175.69,285.23,285.82,279.98,277.4,251.79,0.4,3.87,293.68,266.28
VRSK,Verisk Analytics,Industrials,Research & Consulting Services,244.18,320.32,243.47,246.9,254.76,261.36,272.66,288.14,0.0,14.56,279.73,242.99
VZ,Verizon,Communication Services,Integrated Telecommunication Services,43.16,45.06,36.62,43.65,43.73,43.87,43.34,41.71,-0.2,3.2,44.54,43.2
VRTX,Vertex Pharmaceuticals,Health Care,Biotechnology,383.13,516.74,366.54,386.37,390.2,391.81,414.28,448.82,0.0,4.79,401.48,382.12
VTRS,Viatris,Health Care,Pharmaceuticals,9.79,12.87,7.08,9.75,9.91,10.2,9.76,9.63,0.0,11.24,10.89,9.5
VICI,Vici Properties,Real Estate,Hotel & Resort REITs,31.43,33.46,27.08,31.95,32.31,32.68,32.59,30.84,0.2,7.06,33.65,31.71
V,Visa Inc.,Financials,Transaction & Payment Processing Services,344.36,372.65,267.75,342.08,341.45,345.19,345.3,340.68,-0.2,3.02,354.76,335.62
VST,Vistra Corp.,Utilities,Electric Utilities,217.92,217.92,92.0,211.28,208.56,199.44,198.48,162.16,0.0,1.03,220.16,178.71
VMC,Vulcan Materials Company,Materials,Construction Materials,298.89,301.65,219.65,295.89,295.7,293.93,284.53,264.19,0.0,0.66,300.86,287.01
WRB,W. R. Berkley Corporation,Financials,Property & Casualty Insurance,73.41,74.57,55.33,72.89,72.92,72.38,70.81,66.75,0.0,0.93,74.09,70.67
GWW,W. W. Grainger,Industrials,Industrial Machinery & Supplies & Components,979.17,1212.97,915.74,992.72,998.39,1005.46,1002.35,1033.54,-0.1,5.18,1029.89,981.0
WAB,Wabtec,Industrials,Construction Machinery & Heavy Transportation Equipment,197.96,214.1,159.81,190.07,189.93,191.69,194.93,193.73,0.2,-0.12,197.72,185.65
WMT,Walmart,Consumer Staples,Consumer Staples Merchandise Retail,102.82,104.27,77.29,103.29,102.9,100.56,99.43,95.37,0.2,3.48,106.4,94.73
DIS,Walt Disney Company (The),Communication Services,Movies & Entertainment,112.56,124.01,81.37,114.5,115.43,116.75,117.58,109.74,-0.2,6.69,120.09,113.41
WBD,Warner Bros. Discovery,Communication Services,Broadcasting,19.61,19.61,7.33,18.78,17.32,14.63,13.28,10.89,0.0,8.01,21.18,8.09
WM,Waste Management,Industrials,Environmental & Facilities Services,216.99,240.36,198.36,215.77,216.8,220.0,225.11,223.43,-0.2,4.85,227.51,212.48
WAT,Waters Corporation,Health Care,Life Sciences Tools & Services,302.48,417.28,277.72,303.3,300.69,299.9,294.85,348.22,-0.1,2.25,309.29,290.52
WEC,WEC Energy Group,Utilities,Electric Utilities,109.86,110.97,89.8,109.48,109.56,108.29,108.08,103.07,0.0,1.26,111.24,105.33
WFC,Wells Fargo,Financials,Diversified Banks,85.16,85.16,52.44,83.43,82.24,81.65,80.33,74.78,0.2,-0.55,84.69,78.6
WELL,Welltower,Real Estate,Health Care REITs,167.42,169.36,120.86,166.05,167.37,167.4,164.78,148.19,-0.4,1.58,170.07,164.73
WST,West Pharmaceutical Services,Health Care,Health Care Supplies,252.22,347.02,190.04,255.41,255.91,251.66,244.25,251.32,0.1,3.91,262.08,241.25
WDC,Western Digital,Information Technology,"Technology Hardware, Storage & Peripherals",112.41,112.41,30.45,105.64,101.4,92.95,80.71,56.61,0.0,0.46,112.93,72.98
WY,Weyerhaeuser,Real Estate,Timber REITs,24.26,32.88,24.1,24.47,24.83,25.27,25.44,27.02,0.0,9.52,26.57,23.97
WSM,"Williams-Sonoma, Inc.",Consumer Discretionary,Homefurnishing Retail,196.66,215.83,127.65,197.44,199.41,197.55,193.19,179.62,0.2,5.34,207.16,187.94
WMB,Williams Companies,Energy,Oil & Gas Storage & Transportation,60.16,62.34,43.23,59.52,58.9,57.91,57.79,56.85,0.0,0.42,60.41,55.42
WTW,Willis Towers Watson,Financials,Insurance Brokers,338.85,340.45,285.03,334.06,334.3,332.05,324.4,317.75,-0.2,0.5,340.54,323.57
WDAY,"Workday, Inc.",Information Technology,Application Software,242.66,279.91,210.47,232.73,229.37,229.27,228.9,245.68,0.1,-1.17,239.82,218.72
WYNN,Wynn Resorts,Consumer Discretionary,Casinos & Gaming,126.05,129.52,65.78,125.64,124.08,123.62,114.96,93.75,0.0,2.69,129.44,117.8
XEL,Xcel Energy,Utilities,Multi-Utilities,72.35,73.68,60.16,72.16,72.21,72.04,71.85,68.43,-0.2,0.76,72.9,71.19
XYL,Xylem Inc.,Industrials,Industrial Machinery & Supplies & Components,143.54,144.22,102.25,142.06,141.07,141.41,139.03,126.29,0.2,0.96,144.92,137.91
YUM,Yum! Brands,Consumer Discretionary,Restaurants,149.27,160.96,121.48,147.29,147.58,146.51,145.72,143.4,0.0,0.54,150.08,142.95
ZBRA,Zebra Technologies,Information Technology,Electronic Equipment & Instruments,315.41,421.11,213.54,318.51,316.05,315.64,320.94,319.64,0.0,3.32,325.88,305.41
ZBH,Zimmer Biomet,Health Care,Health Care Equipment,101.74,112.89,89.98,100.22,101.55,103.68,99.98,101.27,-0.1,6.9,108.76,98.59
ZTS,Zoetis,Health Care,Pharmaceuticals,144.65,193.03,143.44,146.4,147.63,150.82,150.98,159.46,-0.2,9.21,157.97,143.67
