Symbol,Company,GICS_Sector,GICS_Sub_Industry,Current_Price,52_Week_High,52_Week_Low,SMA_5,SMA_10,SMA_20,SMA_50,SMA_100,SMA_125,SMA_200
MMM,3M,Industrials,Industrial Conglomerates,153.86,163.4,120.83,155.5,155.82,155.57,153.71,150.28,147.59,144.91
AOS,A. O. Smith,Industrials,Building Products,72.26,90.29,58.25,73.03,72.98,72.57,71.59,68.95,67.88,67.81
ABT,Abbott Laboratories,Health Care,Health Care Equipment,136.62,139.95,109.57,134.83,133.32,132.69,130.53,131.71,130.93,127.7
ABBV,AbbVie,Health Care,Biotechnology,222.59,225.16,159.42,220.82,218.23,214.19,203.39,194.72,192.73,189.8
ACN,Accenture,Information Technology,IT Consulting & Other Services,239.99,394.41,234.18,239.46,241.29,248.57,257.36,282.31,284.38,310.32
ADBE,Adobe Inc.,Information Technology,Application Software,364.08,557.9,330.04,362.45,356.35,354.73,356.03,375.67,373.4,400.46
AMD,Advanced Micro Devices,Information Technology,Semiconductors,159.79,186.65,76.48,158.94,158.55,160.13,164.97,142.75,133.2,126.76
AES,AES Corporation,Utilities,Independent Power Producers & Energy Traders,13.13,19.17,9.28,12.87,12.86,13.04,13.11,11.94,11.68,11.59
AFL,Aflac,Financials,Life & Health Insurance,107.4,113.54,96.14,108.06,108.0,107.51,104.41,103.81,104.37,104.12
A,Agilent Technologies,Health Care,Life Sciences Tools & Services,126.33,153.19,96.23,126.84,126.02,125.14,120.22,117.39,115.43,123.13
APD,Air Products,Materials,Industrial Gases,287.49,336.92,242.14,289.13,289.72,291.06,291.46,284.23,281.69,290.2
ABNB,Airbnb,Consumer Discretionary,"Hotels, Resorts & Cruise Lines",125.44,163.93,99.88,124.56,123.6,125.41,129.05,130.79,128.17,130.62
AKAM,Akamai Technologies,Information Technology,Internet Services & Infrastructure,76.68,106.8,67.51,76.45,76.97,77.4,76.85,77.81,77.6,83.13
ALB,Albemarle Corporation,Materials,Specialty Chemicals,80.38,111.49,48.84,80.85,78.1,79.97,77.32,68.9,67.26,73.69
ARE,Alexandria Real Estate Equities,Real Estate,Office REITs,85.89,118.71,66.16,86.08,85.34,83.81,80.06,75.88,76.84,83.89
ALGN,Align Technology,Health Care,Health Care Supplies,131.18,260.88,127.7,131.28,132.38,135.79,153.6,168.83,168.29,182.35
ALLE,Allegion,Industrials,Building Products,177.81,180.34,116.14,177.91,175.84,173.19,166.5,154.17,148.9,141.88
LNT,Alliant Energy,Utilities,Electric Utilities,64.22,67.11,54.71,63.93,64.19,64.61,64.68,62.72,62.31,61.25
ALL,Allstate,Financials,Property & Casualty Insurance,206.46,213.71,173.88,202.35,201.16,202.1,201.05,200.28,199.21,196.31
GOOGL,Alphabet Inc. (Class A),Communication Services,Interactive Media & Services,252.53,256.0,140.23,251.99,247.16,233.04,210.02,189.69,182.84,183.18
GOOG,Alphabet Inc. (Class C),Communication Services,Interactive Media & Services,252.88,256.7,142.36,252.34,247.51,233.48,210.72,190.66,184.03,184.56
MO,Altria,Consumer Staples,Tobacco,63.79,67.51,45.54,64.59,64.9,65.23,62.93,60.3,59.39,56.39
AMZN,Amazon,Consumer Discretionary,Broadline Retail,227.63,242.52,161.38,231.2,231.41,230.78,227.79,218.14,211.41,214.75
AMCR,Amcor,Materials,Paper & Plastic Packaging Products & Materials,8.25,11.04,8.16,8.3,8.28,8.36,8.96,9.08,9.12,9.31
AEE,Ameren,Utilities,Multi-Utilities,99.09,102.85,80.57,98.88,99.45,99.52,99.61,97.49,97.37,95.53
AEP,American Electric Power,Utilities,Electric Utilities,107.05,115.08,87.57,106.98,107.89,109.23,109.87,106.11,105.71,102.34
AXP,American Express,Financials,Consumer Finance,340.98,345.49,219.87,337.36,331.64,328.53,314.81,306.46,296.59,296.51
AIG,American International Group,Financials,Multi-line Insurance,76.53,87.1,68.15,76.94,77.36,79.07,79.25,81.15,81.22,78.82
AMT,American Tower,Real Estate,Telecom Tower REITs,193.21,234.33,169.77,194.3,194.4,197.8,208.0,211.9,212.06,204.1
AWK,American Water Works,Utilities,Water Utilities,135.05,153.69,116.64,135.57,137.29,139.99,141.48,141.22,141.72,136.61
AMP,Ameriprise Financial,Financials,Asset Management & Custody Banks,494.36,576.69,393.57,489.51,491.86,500.52,509.87,510.92,502.08,511.56
AME,Ametek,Industrials,Electrical Components & Equipment,188.45,197.03,144.53,187.71,188.37,187.21,183.74,180.63,177.18,179.22
AMGN,Amgen,Health Care,Biotechnology,286.0,330.26,247.06,279.01,278.7,282.05,289.15,284.9,285.29,283.7
APH,Amphenol,Information Technology,Electronic Components,123.69,124.39,56.27,121.43,119.96,115.12,109.83,99.99,93.35,84.21
ADI,Analog Devices,Information Technology,Semiconductors,247.34,257.11,157.31,246.43,246.59,248.35,238.45,230.57,221.7,218.78
AON,Aon plc,Financials,Insurance Brokers,353.46,411.24,322.37,354.42,360.89,365.54,363.46,360.42,363.1,367.74
APA,APA Corporation,Energy,Oil & Gas Exploration & Production,23.61,26.13,13.18,23.93,23.33,23.08,20.9,19.42,18.89,19.79
APO,Apollo Global Management,Financials,Asset Management & Custody Banks,143.96,187.59,101.84,142.21,139.2,136.89,141.25,138.82,136.77,144.85
AAPL,Apple Inc.,Information Technology,"Technology Hardware, Storage & Peripherals",256.08,259.18,168.8,243.32,237.85,235.79,224.73,214.2,212.23,221.3
AMAT,Applied Materials,Information Technology,Semiconductor Materials & Equipment,200.52,213.48,123.04,186.41,176.78,169.08,176.8,173.39,167.17,167.68
APTV,Aptiv,Consumer Discretionary,Automotive Parts & Equipment,85.39,86.43,47.19,84.41,83.51,81.74,74.87,70.87,67.73,65.61
ACGL,Arch Capital Group,Financials,Property & Casualty Insurance,88.03,110.75,82.49,87.87,89.4,90.49,89.71,90.85,91.18,91.63
ADM,Archer Daniels Midland,Consumer Staples,Agricultural Products & Services,59.86,64.38,40.22,61.16,61.29,61.94,58.59,54.25,52.57,50.83
ANET,Arista Networks,Information Technology,Communications Equipment,145.4,156.32,59.43,145.33,145.72,141.39,131.03,112.82,105.18,105.13
AJG,Arthur J. Gallagher & Co.,Financials,Insurance Brokers,300.06,349.78,272.05,296.11,295.95,297.95,298.28,312.47,315.91,311.87
AIZ,Assurant,Financials,Multi-line Insurance,211.19,227.13,173.64,208.96,210.01,212.18,202.74,199.46,198.47,202.27
T,AT&T,Communication Services,Integrated Telecommunication Services,28.92,29.79,20.23,29.2,29.33,29.2,28.45,28.0,27.78,26.3
ATO,Atmos Energy,Utilities,Gas Utilities,162.96,167.99,131.97,163.0,164.17,164.84,161.52,157.82,156.72,151.18
ADSK,Autodesk,Information Technology,Application Software,324.39,329.09,232.67,321.58,322.15,314.41,302.58,299.53,291.99,291.28
ADP,Automatic Data Processing,Industrials,Human Resource & Employment Services,293.66,326.59,266.62,290.81,292.15,295.93,299.83,304.79,302.41,299.92
AZO,AutoZone,Consumer Discretionary,Automotive Retail,4121.0,4388.11,2898.57,4170.14,4230.47,4214.51,4033.38,3872.32,3830.81,3662.45
AVB,AvalonBay Communities,Real Estate,Multi-Family Residential REITs,193.01,233.48,178.86,192.88,193.71,193.43,193.71,198.71,199.41,205.31
AVY,Avery Dennison,Materials,Paper & Plastic Packaging Products & Materials,163.2,219.94,155.31,164.76,165.44,167.66,171.29,174.02,173.28,177.45
AXON,Axon Enterprise,Industrials,Aerospace & Defense,775.92,885.92,383.03,763.88,756.7,753.32,760.54,752.31,713.35,671.54
BKR,Baker Hughes,Energy,Oil & Gas Equipment & Services,47.67,48.6,33.21,47.2,46.81,46.03,44.09,40.9,40.47,41.48
BALL,Ball Corporation,Materials,"Metal, Glass & Plastic Containers",48.69,67.13,43.18,49.07,49.81,50.66,53.8,54.05,53.03,53.1
BAC,Bank of America,Financials,Diversified Banks,51.92,52.66,32.69,51.67,51.07,50.51,48.37,46.33,44.73,44.5
BAX,Baxter International,Health Care,Health Care Equipment,22.81,38.83,21.18,23.32,23.73,23.95,24.82,27.56,28.06,29.34
BDX,Becton Dickinson,Health Care,Health Care Equipment,186.55,248.0,161.47,187.15,187.78,189.49,186.7,179.08,184.91,200.61
BBY,Best Buy,Consumer Discretionary,Computer & Electronics Retail,72.33,98.44,53.55,72.99,74.26,74.15,70.46,69.58,68.48,73.16
TECH,Bio-Techne,Health Care,Life Sciences Tools & Services,53.04,80.52,45.87,52.5,52.37,53.53,53.76,51.95,52.12,58.75
BIIB,Biogen,Health Care,Biotechnology,140.66,204.18,110.04,143.1,143.88,140.81,135.18,131.47,129.96,135.92
BLK,BlackRock,Financials,Asset Management & Custody Banks,1136.21,1166.38,766.05,1133.37,1124.81,1119.96,1115.81,1050.15,1018.32,1005.34
BX,Blackstone Inc.,Financials,Asset Management & Custody Banks,185.64,196.67,114.16,185.86,182.97,176.79,172.66,157.49,152.35,157.24
XYZ,"Block, Inc.",Financials,Transaction & Payment Processing Services,77.41,99.26,44.27,76.66,75.43,76.52,75.91,68.56,65.89,71.37
BK,BNY Mellon,Financials,Asset Management & Custody Banks,109.46,109.71,68.8,107.84,106.65,105.68,102.54,95.55,92.09,88.11
BA,Boeing,Industrials,Aerospace & Defense,212.09,242.69,128.88,214.61,218.18,225.55,227.53,216.2,205.8,193.1
BKNG,Booking Holdings,Consumer Discretionary,"Hotels, Resorts & Cruise Lines",5457.13,5829.37,3957.19,5474.63,5493.59,5544.23,5560.72,5487.88,5309.28,5139.17
BSX,Boston Scientific,Health Care,Health Care Equipment,97.03,109.5,80.64,98.11,101.08,103.81,104.24,103.85,102.57,100.78
BMY,Bristol Myers Squibb,Health Care,Pharmaceuticals,44.98,61.84,42.96,45.62,46.26,46.7,46.89,47.02,48.12,51.24
AVGO,Broadcom,Information Technology,Semiconductors,338.79,374.23,137.78,347.05,352.51,330.54,308.88,276.01,255.5,239.38
BR,Broadridge Financial Solutions,Industrials,Data Processing & Outsourced Services,241.6,270.85,204.08,243.27,247.35,250.33,251.22,244.57,242.31,238.09
BRO,Brown & Brown,Financials,Insurance Brokers,92.6,125.31,89.99,91.87,92.4,94.12,96.24,102.86,105.9,106.96
BLDR,Builders FirstSource,Industrials,Building Products,121.81,203.14,102.6,128.23,135.13,138.53,134.77,125.3,124.53,134.38
BG,Bunge Global,Consumer Staples,Agricultural Products & Services,77.14,97.07,65.6,80.06,81.07,82.49,80.2,79.24,78.48,77.11
BXP,"BXP, Inc.",Real Estate,Office REITs,75.64,86.38,53.45,77.04,76.27,74.56,70.28,68.92,67.75,68.6
CHRW,C.H. Robinson,Industrials,Air Freight & Logistics,133.98,138.0,83.72,135.2,132.64,129.92,118.0,106.24,103.52,102.52
CDNS,Cadence Design Systems,Information Technology,Application Software,373.37,376.45,221.56,361.58,355.79,352.49,346.73,326.93,313.81,303.74
CZR,Caesars Entertainment,Consumer Discretionary,Casinos & Gaming,25.74,45.93,21.4,25.74,25.66,25.99,26.67,27.44,27.13,29.59
CPT,Camden Property Trust,Real Estate,Multi-Family Residential REITs,108.18,124.31,101.41,107.41,108.62,109.41,109.69,112.46,112.64,113.63
CPB,Campbell's Company (The),Consumer Staples,Packaged Foods & Meats,33.24,49.74,29.39,33.35,33.38,32.99,32.5,32.82,33.76,35.75
COF,Capital One,Financials,Consumer Finance,225.41,231.82,141.57,226.7,225.4,224.58,218.35,208.24,200.53,195.21
CAH,Cardinal Health,Health Care,Health Care Distributors,147.47,168.44,104.89,148.83,149.94,149.49,153.04,154.71,150.48,140.46
KMX,CarMax,Consumer Discretionary,Automotive Retail,58.1,91.25,54.53,59.2,59.8,60.3,59.56,63.02,64.61,70.99
CCL,Carnival,Consumer Discretionary,"Hotels, Resorts & Cruise Lines",30.71,32.8,15.07,31.01,31.32,31.52,30.38,27.17,25.45,25.11
CARR,Carrier Global,Industrials,Building Products,60.31,82.31,53.89,60.69,61.46,63.34,67.75,69.91,68.04,67.76
CAT,Caterpillar Inc.,Industrials,Construction Machinery & Heavy Transportation Equipment,472.1,473.24,265.05,459.39,443.68,434.21,426.12,391.23,373.79,368.52
CBOE,Cboe Global Markets,Financials,Financial Exchanges & Data,236.62,255.27,186.22,234.96,234.64,235.79,241.0,234.01,230.32,220.26
CBRE,CBRE Group,Real Estate,Real Estate Services,162.61,167.56,108.45,163.93,163.98,163.18,156.37,143.84,139.58,138.12
CDW,CDW Corporation,Information Technology,Technology Distributors,164.16,227.65,136.33,164.34,165.46,165.5,168.95,173.12,169.36,173.28
COR,Cencora,Health Care,Health Care Distributors,288.79,308.18,216.84,289.75,294.04,293.18,292.12,291.61,289.21,272.08
CNC,Centene Corporation,Health Care,Managed Health Care,32.7,77.17,25.08,32.09,32.28,30.65,28.78,41.35,45.3,50.85
CNP,CenterPoint Energy,Utilities,Multi-Utilities,38.17,39.16,27.23,37.99,38.01,37.83,37.8,37.24,37.05,35.31
CF,CF Industries,Materials,Fertilizers & Agricultural Chemicals,85.64,103.84,66.56,84.8,85.26,85.55,87.73,89.01,86.12,85.29
CRL,Charles River Laboratories,Health Care,Life Sciences Tools & Services,153.89,230.02,91.86,154.12,154.61,158.76,160.08,151.61,146.55,156.98
SCHW,Charles Schwab Corporation,Financials,Investment Banking & Brokerage,94.43,99.42,61.62,93.03,93.06,94.47,95.3,91.56,88.5,84.43
CHTR,Charter Communications,Communication Services,Cable & Satellite,266.13,437.06,251.8,263.99,263.43,264.17,289.0,345.0,346.61,351.53
CVX,Chevron Corporation,Energy,Integrated Oil & Gas,156.05,165.09,129.01,158.15,157.6,157.8,154.28,147.24,146.48,147.63
CMG,Chipotle Mexican Grill,Consumer Discretionary,Restaurants,40.13,66.74,38.3,39.65,39.26,40.54,43.85,48.14,48.39,51.61
CB,Chubb Limited,Financials,Property & Casualty Insurance,273.0,305.88,250.52,273.09,275.52,275.64,273.74,280.38,281.68,279.07
CHD,Church & Dwight,Consumer Staples,Household Products,86.68,115.72,86.65,90.52,91.91,92.73,93.71,94.93,96.72,100.19
CI,Cigna,Health Care,Health Care Services,288.62,352.18,255.6,292.71,297.38,298.78,292.68,304.37,308.5,302.78
CINF,Cincinnati Financial,Financials,Property & Casualty Insurance,154.69,158.92,122.28,154.9,154.92,154.3,152.0,149.33,146.71,144.46
CTAS,Cintas,Industrials,Diversified Support Services,202.59,228.77,179.74,200.3,201.15,204.66,214.01,216.77,214.03,208.33
CSCO,Cisco,Information Technology,Communications Equipment,67.75,72.55,49.78,67.86,67.6,67.79,68.12,66.16,64.36,62.73
C,Citigroup,Financials,Diversified Banks,103.49,103.8,54.71,102.2,100.35,98.13,95.09,86.15,81.93,78.86
CFG,Citizens Financial Group,Financials,Regional Banks,52.55,53.78,31.96,52.63,52.16,51.96,49.65,45.55,43.77,43.79
CLX,Clorox,Consumer Staples,Household Products,119.93,166.9,116.17,123.19,123.57,122.42,123.49,125.67,128.39,137.6
CME,CME Group,Financials,Financial Exchanges & Data,261.08,288.09,203.31,261.09,261.04,263.54,270.83,272.77,270.14,258.3
CMS,CMS Energy,Utilities,Multi-Utilities,70.44,75.33,62.54,70.22,70.81,71.2,71.9,70.86,71.07,69.72
KO,Coca-Cola Company (The),Consumer Staples,Soft Drinks & Non-alcoholic Beverages,66.21,73.29,59.3,66.48,66.68,67.36,68.41,69.26,69.47,67.45
CTSH,Cognizant,Information Technology,IT Consulting & Other Services,68.16,89.77,64.98,68.91,69.28,70.55,71.62,75.24,74.54,76.73
COIN,Coinbase,Financials,Financial Exchanges & Data,331.95,444.65,142.58,333.2,327.41,316.23,337.21,306.59,281.56,273.48
CL,Colgate-Palmolive,Consumer Staples,Household Products,79.36,102.2,79.29,81.15,82.27,83.2,84.84,87.48,88.39,88.63
CMCSA,Comcast,Communication Services,Cable & Satellite,31.49,44.12,31.03,31.89,32.57,33.23,33.4,34.02,34.1,34.86
CAG,Conagra Brands,Consumer Staples,Packaged Foods & Meats,18.32,31.04,18.18,18.69,18.95,19.01,19.0,20.36,21.26,22.76
COP,ConocoPhillips,Energy,Oil & Gas Exploration & Production,92.01,112.56,78.56,93.15,93.08,94.76,94.06,91.83,91.73,93.83
ED,Consolidated Edison,Utilities,Multi-Utilities,96.62,112.97,85.07,96.25,96.76,97.56,100.12,101.14,102.52,99.19
STZ,Constellation Brands,Consumer Staples,Distillers & Vintners,133.48,255.51,131.82,133.43,137.39,145.78,160.0,167.69,170.4,178.58
CEG,Constellation Energy,Utilities,Electric Utilities,347.12,356.57,160.94,328.98,323.76,316.67,322.78,309.36,288.64,278.66
COO,Cooper Companies (The),Health Care,Health Care Supplies,68.0,112.29,61.78,66.57,66.94,68.0,70.67,73.02,74.35,80.85
CPRT,Copart,Industrials,Diversified Support Services,45.38,64.38,45.05,45.98,47.14,47.92,47.16,50.42,51.95,54.0
GLW,Corning Inc.,Information Technology,Electronic Components,79.16,79.98,36.95,78.78,77.17,72.94,65.45,57.33,54.43,52.21
CPAY,Corpay,Financials,Transaction & Payment Processing Services,299.92,400.81,269.02,304.81,306.78,313.84,319.28,325.97,324.97,337.99
CTVA,Corteva,Materials,Fertilizers & Agricultural Chemicals,69.75,77.22,53.14,70.36,71.34,72.39,72.31,71.42,69.15,65.91
CSGP,CoStar Group,Real Estate,Real Estate Services,86.31,97.43,68.26,87.73,87.59,88.38,89.7,84.02,83.04,80.2
COST,Costco,Consumer Staples,Consumer Staples Merchandise Retail,943.26,1075.34,862.73,952.38,958.97,954.51,957.6,980.21,975.19,974.36
CTRA,Coterra,Energy,Oil & Gas Exploration & Production,23.1,29.29,21.84,23.88,24.05,24.11,23.91,24.39,24.7,25.32
CRWD,CrowdStrike,Information Technology,Systems Software,493.14,517.98,272.67,477.76,455.14,438.05,444.33,455.79,439.4,415.82
CCI,Crown Castle,Real Estate,Telecom Tower REITs,94.28,114.47,81.02,93.84,93.81,95.46,100.65,100.25,99.99,96.22
CSX,CSX Corporation,Industrials,Rail Transportation,33.2,37.1,26.01,32.97,32.69,32.57,34.11,32.72,31.78,31.84
CMI,Cummins,Industrials,Construction Machinery & Heavy Transportation Equipment,424.85,428.96,257.24,420.42,413.77,405.98,385.98,352.82,340.63,344.99
CVS,CVS Health,Health Care,Health Care Services,75.13,76.24,42.12,74.39,74.08,73.3,67.87,66.19,66.11,61.96
DHR,Danaher Corporation,Health Care,Life Sciences Tools & Services,190.46,278.43,170.73,192.49,192.31,197.71,199.8,197.95,197.24,206.48
DRI,Darden Restaurants,Consumer Discretionary,Restaurants,185.21,226.68,151.84,196.3,204.3,206.08,205.89,208.54,206.45,198.12
DDOG,Datadog,Information Technology,Application Software,138.35,170.08,81.63,136.56,137.67,135.62,136.74,129.49,122.91,127.41
DVA,DaVita,Health Care,Health Care Services,131.15,179.6,126.07,129.93,131.6,134.21,137.01,138.71,140.3,146.46
DAY,Dayforce,Industrials,Human Resource & Employment Services,68.75,82.69,48.01,68.8,68.87,69.18,62.27,60.1,59.28,62.53
DECK,Deckers Brands,Consumer Discretionary,Footwear,113.22,223.98,93.72,115.96,116.44,117.68,110.01,110.47,110.3,135.02
DE,Deere & Company,Industrials,Agricultural & Farm Machinery,469.03,532.1,383.0,470.52,471.56,476.52,492.99,499.97,491.05,477.93
DELL,Dell Technologies,Information Technology,"Technology Hardware, Storage & Peripherals",135.69,145.54,65.56,131.55,128.07,127.54,129.92,121.1,114.14,112.09
DAL,Delta Air Lines,Industrials,Passenger Airlines,58.89,69.36,34.52,58.96,59.56,60.4,57.81,53.31,50.93,54.47
DVN,Devon Energy,Energy,Oil & Gas Exploration & Production,33.72,42.12,25.53,34.61,34.58,34.91,33.72,32.97,32.69,33.2
DXCM,Dexcom,Health Care,Health Care Equipment,69.51,93.25,57.52,73.15,74.79,75.97,79.79,81.82,78.97,79.95
FANG,Diamondback Energy,Energy,Oil & Gas Exploration & Production,138.83,195.31,112.4,139.61,138.38,141.44,141.66,140.54,140.0,146.89
DLR,Digital Realty,Real Estate,Data Center REITs,174.69,192.35,128.14,172.63,171.94,167.96,169.79,169.49,164.64,164.99
DG,Dollar General,Consumer Staples,Consumer Staples Merchandise Retail,101.86,117.95,65.67,104.24,104.66,107.38,109.71,106.98,103.51,92.61
DLTR,Dollar Tree,Consumer Staples,Consumer Staples Merchandise Retail,94.48,118.06,60.49,96.25,97.05,102.15,108.86,101.19,95.94,86.85
D,Dominion Energy,Utilities,Multi-Utilities,59.82,61.75,46.96,59.68,59.73,59.25,59.15,57.01,56.07,54.96
DPZ,Domino's,Consumer Discretionary,Restaurants,424.96,495.24,392.06,432.88,442.55,450.3,454.71,460.17,460.69,454.53
DASH,DoorDash,Consumer Discretionary,Specialized Consumer Services,262.75,278.15,136.05,263.69,260.87,254.01,250.58,232.97,222.76,208.2
DOV,Dover Corporation,Industrials,Industrial Machinery & Supplies & Components,170.24,220.46,142.22,171.68,173.17,176.01,179.16,179.38,176.72,182.64
DOW,Dow Inc.,Materials,Commodity Chemicals,23.17,51.74,20.11,23.96,24.2,24.25,24.29,26.27,26.88,30.77
DHI,D. R. Horton,Consumer Discretionary,Homebuilding,164.23,197.64,109.8,168.76,172.88,172.85,159.48,142.2,138.36,137.98
DTE,DTE Energy,Utilities,Multi-Utilities,136.14,140.92,111.81,135.2,135.25,135.43,136.56,134.6,134.07,129.63
DUK,Duke Energy,Utilities,Electric Utilities,121.58,126.75,102.41,120.88,121.26,121.63,121.27,118.56,118.37,115.18
DD,DuPont,Materials,Specialty Chemicals,78.26,88.2,53.17,77.68,77.36,77.14,74.79,71.54,70.16,72.8
EMN,Eastman Chemical Company,Materials,Specialty Chemicals,64.35,109.94,56.08,65.58,65.75,66.83,68.26,72.81,73.97,80.79
ETN,Eaton Corporation,Industrials,Electrical Components & Equipment,378.31,398.4,230.37,371.72,367.06,357.89,363.53,346.35,331.65,327.59
EBAY,eBay Inc.,Consumer Discretionary,Broadline Retail,90.59,100.83,55.44,90.02,90.75,91.77,89.8,81.72,78.39,73.4
ECL,Ecolab,Materials,Specialty Chemicals,267.09,285.35,220.55,265.36,268.14,272.03,271.49,266.65,261.39,256.33
EIX,Edison International,Utilities,Electric Utilities,54.26,85.03,46.98,55.24,55.48,55.2,54.21,53.45,53.94,56.81
EW,Edwards Lifesciences,Health Care,Health Care Equipment,73.75,83.0,64.01,74.6,76.27,78.67,78.53,77.42,76.21,74.68
EA,Electronic Arts,Communication Services,Interactive Home Entertainment,173.42,180.7,114.77,173.07,171.57,170.99,165.0,157.83,154.82,149.1
ELV,Elevance Health,Health Care,Managed Health Care,317.89,534.77,272.22,313.17,311.95,311.96,301.74,341.2,357.95,369.3
EMR,Emerson Electric,Industrials,Electrical Components & Equipment,132.84,149.68,89.31,131.42,133.11,132.8,136.38,129.82,124.4,123.42
ENPH,Enphase Energy,Information Technology,Semiconductor Materials & Equipment,40.5,124.4,29.89,39.01,38.31,38.06,36.43,39.71,42.63,51.3
ETR,Entergy,Utilities,Electric Utilities,89.24,91.79,61.36,88.44,88.8,88.49,88.22,85.02,84.39,82.32
EOG,EOG Resources,Energy,Oil & Gas Exploration & Production,115.41,135.49,100.76,118.08,118.37,120.12,119.19,117.24,116.57,119.74
EPAM,EPAM Systems,Information Technology,IT Consulting & Other Services,156.43,269.0,138.15,155.31,156.31,164.04,163.11,168.96,166.57,190.3
EQT,EQT Corporation,Energy,Oil & Gas Exploration & Production,49.97,60.83,33.38,49.7,50.18,51.0,52.29,53.95,53.22,51.55
EFX,Equifax,Industrials,Research & Consulting Services,256.97,304.91,199.2,259.64,256.91,250.79,248.58,256.31,251.68,252.31
EQIX,Equinix,Real Estate,Data Center REITs,798.07,977.63,693.42,786.54,787.06,781.94,779.09,815.11,810.51,845.82
EQR,Equity Residential,Real Estate,Multi-Family Residential REITs,65.29,76.06,58.81,64.92,65.57,65.45,65.25,66.85,66.95,67.9
ERIE,Erie Indemnity,Financials,Insurance Brokers,321.03,539.84,316.1,319.95,325.97,335.18,348.88,351.47,361.37,378.22
ESS,Essex Property Trust,Real Estate,Multi-Family Residential REITs,266.39,310.81,241.65,266.87,266.74,266.19,268.43,274.96,275.72,279.47
EL,Estée Lauder Companies (The),Consumer Staples,Personal Care Products,87.27,101.55,47.94,87.95,87.37,88.74,89.25,79.97,75.61,74.71
EG,Everest Group,Financials,Reinsurance,334.83,400.59,318.14,333.85,338.75,340.57,336.53,338.8,341.25,345.04
EVRG,Evergy,Utilities,Electric Utilities,72.22,73.29,56.68,71.78,71.86,71.66,70.86,68.72,68.21,66.1
ES,Eversource Energy,Utilities,Electric Utilities,67.66,69.47,51.64,65.05,64.94,64.35,65.17,64.28,63.0,61.11
EXC,Exelon,Utilities,Electric Utilities,43.4,47.26,34.98,43.18,43.26,43.5,43.83,43.53,43.82,42.18
EXE,Expand Energy,Energy,Oil & Gas Exploration & Production,98.26,121.47,72.79,98.57,97.17,96.69,97.96,104.89,104.67,102.63
EXPE,Expedia Group,Consumer Discretionary,"Hotels, Resorts & Cruise Lines",223.51,229.0,129.46,223.6,222.3,218.19,202.19,184.93,179.21,180.57
EXPD,Expeditors International,Industrials,Air Freight & Logistics,119.48,129.91,99.78,122.69,122.68,121.92,118.78,116.15,115.07,114.77
EXR,Extra Space Storage,Real Estate,Self-Storage REITs,138.6,175.67,118.4,141.44,142.98,142.23,141.69,143.94,142.62,144.58
XOM,ExxonMobil,Energy,Integrated Oil & Gas,112.02,121.93,96.01,113.75,112.85,112.51,110.0,108.3,108.07,107.77
FFIV,"F5, Inc.",Information Technology,Communications Equipment,330.19,337.39,213.24,327.64,327.07,320.89,314.04,300.43,292.53,285.59
FDS,FactSet,Financials,Financial Exchanges & Data,295.63,495.04,288.84,313.45,337.86,356.08,382.03,412.3,415.46,432.35
FICO,Fair Isaac,Information Technology,Application Software,1538.95,2402.52,1300.0,1528.73,1541.64,1516.12,1464.85,1662.13,1702.85,1789.06
FAST,Fastenal,Industrials,Trading Companies & Distributors,47.12,50.63,33.61,47.26,47.47,48.51,47.75,44.5,43.33,40.96
FRT,Federal Realty Investment Trust,Real Estate,Retail REITs,99.61,114.28,79.72,99.73,100.4,100.36,96.59,95.53,94.83,98.26
FDX,FedEx,Industrials,Air Freight & Logistics,230.12,301.45,191.82,228.37,227.73,227.52,227.69,224.89,223.06,237.26
FIS,Fidelity National Information Services,Financials,Transaction & Payment Processing Services,64.65,90.1,64.26,65.92,66.57,67.75,72.34,75.71,75.23,75.57
FITB,Fifth Third Bancorp,Financials,Regional Banks,44.95,47.75,31.96,45.64,45.53,45.5,43.69,41.41,40.26,40.96
FSLR,First Solar,Information Technology,Semiconductors,219.2,262.72,116.56,211.46,207.61,203.16,192.16,175.1,166.03,166.51
FE,FirstEnergy,Utilities,Electric Utilities,43.33,44.4,36.81,43.29,43.4,43.47,42.7,41.7,41.33,40.41
FI,Fiserv,Financials,Transaction & Payment Processing Services,130.48,238.59,128.22,132.42,133.33,135.11,140.46,155.56,165.9,184.49
F,Ford Motor Company,Consumer Discretionary,Automobile Manufacturers,11.66,11.99,8.21,11.66,11.63,11.69,11.39,10.94,10.64,10.17
FTNT,Fortinet,Information Technology,Systems Software,85.01,114.82,70.12,82.06,81.12,79.59,87.49,95.41,95.65,97.41
FTV,Fortive,Industrials,Industrial Machinery & Supplies & Components,48.32,62.65,45.45,48.51,48.48,48.18,48.72,50.96,51.06,53.85
FOXA,Fox Corporation (Class A),Communication Services,Broadcasting,62.42,62.69,39.82,59.91,59.11,59.65,57.6,55.84,54.82,53.38
FOX,Fox Corporation (Class B),Communication Services,Broadcasting,56.02,57.02,36.89,54.03,53.37,54.12,52.53,51.16,50.33,49.44
BEN,Franklin Resources,Financials,Asset Management & Custody Banks,24.24,26.08,16.03,24.3,24.42,24.91,24.86,23.45,22.38,21.39
FCX,Freeport-McMoRan,Materials,Copper,45.16,51.85,27.45,45.08,45.05,45.07,43.59,42.12,40.71,39.86
GRMN,Garmin,Consumer Discretionary,Consumer Electronics,236.38,243.61,158.5,235.92,236.65,236.36,231.4,216.6,212.52,212.58
IT,Gartner,Information Technology,IT Consulting & Other Services,260.13,584.01,223.65,254.87,248.86,247.29,278.74,349.69,361.2,413.12
GE,GE Aerospace,Industrials,Aerospace & Defense,301.02,303.03,158.81,296.34,289.14,282.27,274.13,255.5,242.47,222.19
GEHC,GE HealthCare,Health Care,Health Care Equipment,74.77,94.71,57.59,75.56,76.47,75.35,74.55,73.36,72.41,77.0
GEV,GE Vernova,Industrials,Heavy Electrical Equipment,644.37,677.29,237.65,622.45,624.99,614.25,617.53,543.85,499.53,442.45
GEN,Gen Digital,Information Technology,Systems Software,28.84,32.09,22.55,28.79,29.02,29.57,30.0,29.29,28.45,28.12
GNRC,Generac,Industrials,Electrical Components & Equipment,185.86,203.25,99.5,183.42,184.18,184.09,180.24,155.19,147.45,148.54
GD,General Dynamics,Industrials,Aerospace & Defense,322.66,330.18,236.67,324.6,325.01,324.12,316.34,297.97,291.95,279.17
GIS,General Mills,Consumer Staples,Packaged Foods & Meats,50.07,72.33,48.29,49.8,49.89,49.69,49.79,51.42,52.55,55.29
GM,General Motors,Consumer Discretionary,Automobile Manufacturers,58.88,60.6,41.36,58.86,58.58,58.42,55.6,52.23,50.93,50.51
GPC,Genuine Parts Company,Consumer Discretionary,Distributors,137.96,143.1,102.41,138.41,139.36,138.74,134.22,128.06,125.26,122.4
GILD,Gilead Sciences,Health Care,Biotechnology,112.49,120.99,79.46,112.66,113.61,113.3,113.4,109.84,108.95,104.75
GPN,Global Payments,Financials,Transaction & Payment Processing Services,86.95,118.69,65.53,85.84,85.66,86.61,84.38,81.27,81.88,91.16
GL,Globe Life,Financials,Life & Health Insurance,145.25,146.18,99.63,143.59,142.46,141.34,136.9,128.83,127.75,123.79
GDDY,GoDaddy,Information Technology,Internet Services & Infrastructure,147.83,216.0,132.51,145.44,146.03,146.13,152.06,166.45,168.31,178.45
GS,Goldman Sachs,Financials,Investment Banking & Brokerage,805.56,809.66,434.87,798.92,787.97,764.4,736.64,679.16,646.95,625.83
HAL,Halliburton,Energy,Oil & Gas Equipment & Services,22.61,31.66,18.43,22.43,22.28,22.22,21.74,21.21,21.35,23.18
HIG,Hartford (The),Financials,Property & Casualty Insurance,130.71,135.17,103.64,130.67,131.27,131.76,128.23,127.1,125.24,120.38
HAS,Hasbro,Consumer Discretionary,Leisure Products,74.71,82.19,48.07,74.47,76.3,78.41,77.56,72.56,69.14,65.3
HCA,HCA Healthcare,Health Care,Health Care Facilities,407.24,420.23,288.25,401.95,402.5,405.15,384.68,378.48,369.8,349.36
DOC,Healthpeak Properties,Real Estate,Health Care REITs,18.5,21.94,16.26,18.34,18.17,18.0,17.62,17.36,17.56,18.28
HSIC,Henry Schein,Health Care,Health Care Distributors,67.92,82.49,60.56,68.02,68.25,68.41,68.72,69.91,69.14,70.9
HSY,Hershey Company (The),Consumer Staples,Packaged Foods & Meats,192.34,202.98,136.73,191.23,188.55,186.19,182.09,173.07,171.12,168.1
HPE,Hewlett Packard Enterprise,Information Technology,"Technology Hardware, Storage & Peripherals",25.16,25.36,11.82,24.86,24.64,23.72,21.92,19.98,18.95,19.43
HLT,Hilton Worldwide,Consumer Discretionary,"Hotels, Resorts & Cruise Lines",266.58,279.81,195.81,268.36,271.4,273.54,270.83,261.84,252.98,252.08
HOLX,Hologic,Health Care,Health Care Equipment,67.29,84.39,51.9,66.68,66.03,66.35,66.48,63.88,62.97,65.07
HD,Home Depot (The),Consumer Discretionary,Home Improvement Retail,412.0,429.19,322.47,416.72,418.1,413.42,393.35,378.21,372.92,379.18
HON,Honeywell,Industrials,Industrial Conglomerates,209.0,240.47,177.52,210.24,211.56,214.83,219.9,221.68,217.26,216.56
HRL,Hormel Foods,Consumer Staples,Packaged Foods & Meats,24.31,32.84,23.71,24.8,24.97,25.69,27.56,28.75,28.95,29.22
HST,Host Hotels & Resorts,Real Estate,Hotel & Resort REITs,17.17,18.53,12.06,17.47,17.53,17.39,16.56,15.94,15.48,15.82
HWM,Howmet Aerospace,Industrials,Aerospace & Defense,192.15,193.13,95.19,189.41,186.91,181.35,181.51,175.14,165.6,149.54
HPQ,HP Inc.,Information Technology,"Technology Hardware, Storage & Peripherals",28.26,38.25,20.76,28.06,28.15,28.12,26.52,26.02,25.74,27.92
HUBB,Hubbell Incorporated,Industrials,Industrial Machinery & Supplies & Components,438.49,475.24,297.55,437.75,439.48,438.06,432.22,410.15,395.91,397.92
HUM,Humana,Health Care,Managed Health Care,257.87,321.0,206.87,263.42,269.43,287.08,267.5,253.06,256.19,260.2
HBAN,Huntington Bancshares,Financials,Regional Banks,17.33,17.93,11.7,17.55,17.54,17.53,16.87,16.32,15.8,15.84
HII,Huntington Ingalls Industries,Industrials,Aerospace & Defense,276.16,291.7,155.93,274.33,273.44,272.2,266.44,248.89,240.52,220.09
IBM,IBM,Information Technology,IT Consulting & Other Services,271.37,294.17,197.92,263.87,260.2,252.78,254.72,261.86,256.65,248.81
IEX,IDEX Corporation,Industrials,Industrial Machinery & Supplies & Components,160.6,235.67,152.2,161.42,161.55,163.04,167.76,174.11,173.4,184.82
IDXX,Idexx Laboratories,Health Care,Health Care Equipment,644.1,688.12,356.14,648.46,646.61,644.69,614.38,565.13,534.34,496.29
ITW,Illinois Tool Works,Industrials,Industrial Machinery & Supplies & Components,260.89,274.77,213.36,262.13,262.9,264.06,261.01,253.44,249.99,252.34
INCY,Incyte,Health Care,Biotechnology,84.73,87.99,53.56,85.19,85.02,85.19,80.18,73.07,70.32,70.41
IR,Ingersoll Rand,Industrials,Industrial Machinery & Supplies & Components,81.8,105.95,65.58,80.33,80.04,79.87,81.14,81.77,80.35,84.03
PODD,Insulet Corporation,Health Care,Health Care Equipment,335.12,353.5,225.37,330.76,336.43,338.49,315.04,309.53,298.8,287.92
INTC,Intel,Information Technology,Semiconductors,28.76,32.38,17.67,27.82,26.18,25.33,23.38,22.32,22.03,21.79
ICE,Intercontinental Exchange,Financials,Financial Exchanges & Data,170.12,188.82,141.12,170.93,172.03,173.86,179.0,178.09,174.97,168.96
IFF,International Flavors & Fragrances,Materials,Specialty Chemicals,62.2,105.18,62.17,63.47,64.32,65.42,68.39,72.16,72.59,76.51
IP,International Paper,Materials,Paper & Plastic Packaging Products & Materials,46.16,58.71,42.44,46.58,46.43,47.56,48.62,47.84,47.9,49.99
IPG,Interpublic Group of Companies (The),Communication Services,Advertising,25.51,31.81,21.93,25.96,26.17,26.41,25.6,24.78,24.66,25.53
INTU,Intuit,Information Technology,Application Software,702.09,813.7,531.0,675.79,666.4,666.12,716.16,720.38,695.3,663.49
ISRG,Intuitive Surgical,Health Care,Health Care Equipment,444.55,616.0,425.0,437.45,444.43,455.35,476.06,506.67,503.97,521.99
IVZ,Invesco,Financials,Asset Management & Custody Banks,22.57,22.81,11.33,22.4,22.37,22.13,21.07,18.01,17.11,17.01
INVH,Invitation Homes,Real Estate,Single-Family Residential REITs,29.69,35.52,29.11,29.6,29.88,30.25,30.75,32.04,32.25,32.03
IQV,IQVIA,Health Care,Life Sciences Tools & Services,187.83,248.03,134.65,187.75,187.61,187.4,184.69,168.37,166.17,177.5
IRM,Iron Mountain,Real Estate,Other Specialized REITs,104.46,126.21,71.19,100.62,98.94,94.82,94.53,96.3,93.61,95.33
JBHT,J.B. Hunt,Industrials,Cargo Ground Transportation,130.65,198.61,122.01,134.11,136.42,140.38,143.46,142.63,141.35,151.16
JBL,Jabil,Information Technology,Electronic Manufacturing Services,233.23,233.8,108.57,221.57,217.72,212.47,216.83,199.79,186.91,173.3
JKHY,Jack Henry & Associates,Financials,Transaction & Payment Processing Services,151.45,194.68,150.62,155.35,157.86,159.77,165.29,172.03,172.27,172.58
J,Jacobs Solutions,Industrials,Construction & Engineering,150.61,152.07,104.68,148.57,147.35,146.64,144.63,135.88,132.15,131.31
JNJ,Johnson & Johnson,Health Care,Pharmaceuticals,174.21,179.84,137.37,175.64,176.49,176.97,171.99,162.16,160.43,156.6
JCI,Johnson Controls,Industrials,Building Products,109.29,112.63,67.78,108.17,107.81,107.48,106.93,103.33,98.31,91.97
JPM,JPMorgan Chase,Financials,Diversified Banks,312.44,315.8,199.85,312.28,308.12,303.34,296.73,282.45,272.89,263.76
K,Kellanova,Consumer Staples,Packaged Foods & Meats,77.0,82.04,76.99,78.13,78.72,78.98,79.21,79.75,80.04,80.07
KVUE,Kenvue,Consumer Staples,Personal Care Products,16.97,24.71,16.89,17.98,18.33,19.31,20.7,21.45,21.66,21.61
KDP,Keurig Dr Pepper,Consumer Staples,Soft Drinks & Non-alcoholic Beverages,25.95,37.26,25.92,26.9,27.11,28.14,31.62,32.42,32.81,32.49
KEY,KeyCorp,Financials,Regional Banks,18.72,19.41,12.43,18.85,18.97,19.01,18.37,17.27,16.69,16.69
KEYS,Keysight Technologies,Information Technology,Electronic Equipment & Instruments,177.82,186.2,121.43,175.63,173.21,169.5,166.08,163.13,158.71,161.51
KMB,Kimberly-Clark,Consumer Staples,Household Products,124.07,147.59,120.67,124.97,126.67,127.55,128.67,130.41,131.43,130.99
KIM,Kimco Realty,Real Estate,Retail REITs,21.77,24.7,17.52,21.99,22.18,22.21,21.63,21.16,20.91,21.23
KMI,Kinder Morgan,Energy,Oil & Gas Storage & Transportation,27.18,30.49,20.55,27.41,27.36,27.04,27.1,27.32,27.16,27.0
KKR,KKR & Co.,Financials,Asset Management & Custody Banks,146.95,169.7,85.9,146.8,144.37,141.38,143.19,133.95,128.73,133.8
KLAC,KLA Corporation,Information Technology,Semiconductor Materials & Equipment,1071.25,1076.79,548.81,1028.64,990.58,935.3,918.0,866.81,825.52,777.59
KHC,Kraft Heinz,Consumer Staples,Packaged Foods & Meats,26.38,34.37,25.07,26.11,26.21,26.68,27.11,26.72,27.11,27.82
KR,Kroger,Consumer Staples,Food Retail,64.52,74.52,53.47,65.96,66.74,67.51,69.75,69.26,69.01,66.3
LHX,L3Harris,Industrials,Aerospace & Defense,284.32,286.81,190.25,283.42,280.52,277.41,272.79,255.77,246.92,233.02
LH,Labcorp,Health Care,Health Care Services,278.9,282.74,208.23,276.7,276.76,276.57,267.5,259.75,252.96,247.55
LRCX,Lam Research,Information Technology,Semiconductor Materials & Equipment,132.2,132.62,56.18,125.56,119.25,110.43,104.0,95.64,90.2,85.5
LW,Lamb Weston,Consumer Staples,Packaged Foods & Meats,55.37,82.35,47.25,56.18,56.35,56.54,54.96,53.84,53.72,56.11
LVS,Las Vegas Sands,Consumer Discretionary,Casinos & Gaming,52.86,58.05,29.84,52.9,53.43,54.68,52.97,47.56,45.02,45.43
LDOS,Leidos,Industrials,Diversified Support Services,187.87,200.78,122.65,185.77,183.84,181.93,174.09,163.35,158.42,152.29
LEN,Lennar,Consumer Discretionary,Homebuilding,121.91,184.74,97.54,129.78,133.4,134.54,125.69,117.39,115.58,120.86
LII,Lennox International,Industrials,Building Products,533.83,689.44,497.88,542.31,549.2,556.15,588.15,579.9,573.21,588.72
LLY,Lilly (Eli),Health Care,Pharmaceuticals,754.95,932.73,622.41,758.94,755.98,743.58,738.25,753.69,762.47,782.93
LIN,Linde plc,Materials,Industrial Gases,477.76,484.83,406.06,476.82,477.26,476.37,472.2,466.4,462.54,454.43
LYV,Live Nation Entertainment,Communication Services,Movies & Entertainment,165.15,175.25,102.72,166.67,169.47,167.45,159.3,151.06,146.48,142.75
LKQ,LKQ Corporation,Consumer Discretionary,Distributors,30.32,43.77,28.65,30.95,31.59,31.86,32.09,35.5,36.44,37.08
LMT,Lockheed Martin,Industrials,Aerospace & Defense,480.39,602.02,407.14,474.88,471.06,462.25,445.45,455.41,454.63,457.36
L,Loews Corporation,Financials,Multi-line Insurance,97.24,98.33,74.95,96.73,96.83,96.64,94.4,91.7,90.72,88.47
LOW,Lowe's,Consumer Discretionary,Home Improvement Retail,260.39,281.56,204.22,266.33,268.35,265.1,247.42,235.35,232.5,238.06
LULU,Lululemon Athletica,Consumer Discretionary,"Apparel, Accessories & Luxury Goods",173.41,423.32,159.25,167.72,165.38,180.62,196.8,235.84,243.5,292.4
LYB,LyondellBasell,Materials,Specialty Chemicals,51.1,89.94,46.44,52.39,53.4,54.51,55.33,56.08,56.53,61.97
MTB,M&T Bank,Financials,Regional Banks,198.9,219.44,148.52,199.05,198.64,199.01,194.1,188.83,183.93,185.69
MPC,Marathon Petroleum,Energy,Oil & Gas Refining & Marketing,187.25,188.7,113.82,185.08,183.28,180.75,172.87,166.95,159.97,154.11
MKTX,MarketAxess,Financials,Financial Exchanges & Data,178.42,292.5,176.57,180.58,183.07,184.06,193.54,206.61,208.32,210.53
MAR,Marriott International,Consumer Discretionary,"Hotels, Resorts & Cruise Lines",264.1,305.27,204.35,265.3,265.25,266.4,267.04,265.68,258.22,264.77
MMC,Marsh McLennan,Financials,Insurance Brokers,197.04,246.94,195.01,196.84,198.93,202.27,204.93,213.58,216.67,218.31
MLM,Martin Marietta Materials,Materials,Construction Materials,619.83,632.26,440.72,615.65,616.73,616.31,598.73,573.58,556.1,542.01
MAS,Masco,Industrials,Building Products,71.03,85.23,56.02,72.41,73.1,73.59,70.84,67.15,66.35,69.51
MA,Mastercard,Financials,Transaction & Payment Processing Services,584.49,601.77,464.22,587.95,585.52,588.4,576.89,572.21,562.49,553.31
MTCH,Match Group,Communication Services,Interactive Media & Services,36.43,39.2,26.24,37.71,37.79,37.65,36.11,33.26,32.51,32.42
MKC,McCormick & Company,Consumer Staples,Packaged Foods & Meats,64.63,85.22,64.54,66.06,67.32,68.74,69.95,71.91,72.84,74.49
MCD,McDonald's,Consumer Discretionary,Restaurants,302.99,322.65,271.85,302.95,304.91,309.01,304.68,303.62,304.41,299.98
MCK,McKesson Corporation,Health Care,Health Care Distributors,697.0,737.01,462.37,694.23,701.7,694.09,694.92,704.43,700.01,663.94
MDT,Medtronic,Health Care,Health Care Equipment,94.62,95.91,77.57,94.81,94.22,93.38,92.1,88.63,87.75,87.1
MRK,Merck & Co.,Health Care,Pharmaceuticals,80.4,114.94,71.87,81.13,82.0,82.8,81.98,80.04,80.19,84.95
META,Meta Platforms,Communication Services,Interactive Media & Services,765.16,796.25,479.43,775.7,766.74,756.88,747.59,707.88,675.4,661.24
MET,MetLife,Financials,Life & Health Insurance,80.98,87.17,64.24,79.32,79.68,80.19,78.1,78.17,77.39,78.95
MTD,Mettler Toledo,Health Care,Life Sciences Tools & Services,1258.05,1521.01,946.69,1272.16,1270.14,1279.9,1263.54,1211.69,1184.75,1218.74
MGM,MGM Resorts,Consumer Discretionary,Casinos & Gaming,34.49,42.54,25.3,35.38,35.44,36.85,36.74,35.15,34.08,34.16
MCHP,Microchip Technology,Information Technology,Semiconductors,65.4,79.31,33.63,65.41,64.94,65.25,66.94,64.82,60.41,58.71
MU,Micron Technology,Information Technology,Semiconductors,164.62,170.45,61.48,163.01,155.59,138.59,124.73,115.32,107.62,103.39
MSFT,Microsoft,Information Technology,Systems Software,514.45,554.54,343.59,511.98,508.49,506.3,511.39,488.84,466.63,447.52
MAA,Mid-America Apartment Communities,Real Estate,Multi-Family Residential REITs,141.25,170.0,137.32,140.32,141.54,142.71,144.14,148.52,150.15,151.45
MRNA,Moderna,Health Care,Biotechnology,26.56,71.97,23.15,25.42,24.86,24.74,27.62,27.42,27.38,31.11
MHK,Mohawk Industries,Consumer Discretionary,Home Furnishings,128.72,164.29,96.24,132.04,134.39,133.99,125.45,115.1,113.61,116.41
MOH,Molina Healthcare,Health Care,Managed Health Care,181.87,359.97,151.95,177.9,179.56,177.93,174.1,234.94,253.77,270.93
TAP,Molson Coors Beverage Company,Consumer Staples,Brewers,45.09,63.47,45.08,46.57,47.67,48.85,49.53,50.6,52.19,53.83
MDLZ,Mondelez International,Consumer Staples,Packaged Foods & Meats,63.5,73.39,53.2,63.2,62.65,62.13,64.06,65.36,65.5,63.52
MPWR,Monolithic Power Systems,Information Technology,Semiconductors,922.81,947.45,437.93,898.33,872.89,860.37,809.69,752.29,711.08,677.61
MNST,Monster Beverage,Consumer Staples,Soft Drinks & Non-alcoholic Beverages,63.98,67.13,45.7,65.09,64.44,63.51,62.19,62.24,61.44,57.84
MCO,Moody's Corporation,Financials,Financial Exchanges & Data,488.29,528.95,377.3,494.22,502.49,503.85,507.36,494.13,482.78,482.01
MS,Morgan Stanley,Financials,Investment Banking & Brokerage,160.71,161.09,92.93,158.62,156.89,153.02,146.8,138.5,132.85,130.51
MOS,Mosaic Company (The),Materials,Fertilizers & Agricultural Chemicals,33.43,37.97,21.99,33.92,33.66,33.27,33.79,34.24,32.67,30.0
MSI,Motorola Solutions,Information Technology,Communications Equipment,471.47,502.83,387.0,475.38,478.66,474.42,453.57,434.58,432.1,439.24
MSCI,MSCI Inc.,Financials,Financial Exchanges & Data,568.06,636.39,483.67,565.89,570.71,567.56,561.71,561.69,557.51,568.08
NDAQ,"Nasdaq, Inc.",Financials,Financial Exchanges & Data,89.93,97.36,64.46,90.8,92.54,93.35,93.44,88.67,85.53,82.82
NTAP,NetApp,Information Technology,"Technology Hardware, Storage & Peripherals",124.61,133.34,71.49,124.68,124.33,119.82,111.6,106.19,101.85,106.2
NFLX,Netflix,Communication Services,Movies & Entertainment,1227.37,1341.15,677.88,1218.23,1219.63,1224.5,1212.87,1214.55,1166.24,1081.56
NEM,Newmont,Materials,Gold,83.72,83.89,36.35,80.29,79.41,76.69,69.48,62.11,59.8,53.1
NWSA,News Corp (Class A),Communication Services,Publishing,30.81,30.88,23.3,30.37,29.86,29.62,29.46,28.88,28.34,28.21
NWS,News Corp (Class B),Communication Services,Publishing,34.15,35.47,26.17,33.52,32.89,33.28,33.59,33.14,32.5,32.12
NEE,NextEra Energy,Utilities,Multi-Utilities,72.35,83.5,60.75,70.87,70.99,71.61,72.39,71.35,70.4,70.16
NKE,"Nike, Inc.",Consumer Discretionary,"Apparel, Accessories & Luxury Goods",71.28,88.65,51.67,71.87,72.75,74.46,74.77,68.92,66.72,69.45
NI,NiSource,Utilities,Multi-Utilities,41.3,43.51,32.37,40.15,40.47,41.04,41.5,40.3,39.96,38.95
NDSN,Nordson Corporation,Industrials,Industrial Machinery & Supplies & Components,225.34,262.94,163.83,225.56,224.91,224.51,219.01,213.07,207.86,210.25
NSC,Norfolk Southern,Industrials,Rail Transportation,290.55,294.71,199.43,282.61,278.47,277.92,277.72,261.37,253.22,248.81
NTRS,Northern Trust,Financials,Asset Management & Custody Banks,131.78,132.94,80.54,130.84,129.93,129.64,127.74,118.94,113.34,109.88
NOC,Northrop Grumman,Industrials,Aerospace & Defense,576.15,598.64,420.66,575.87,576.43,580.49,572.17,529.21,523.51,503.03
NCLH,Norwegian Cruise Line Holdings,Consumer Discretionary,"Hotels, Resorts & Cruise Lines",25.39,29.29,14.21,25.4,25.74,25.39,24.59,21.77,20.9,22.45
NRG,NRG Energy,Utilities,Independent Power Producers & Energy Traders,170.97,175.96,79.04,165.66,163.06,154.97,154.82,151.72,140.75,124.96
NUE,Nucor,Materials,Steel,134.68,168.24,97.18,137.6,139.76,143.59,142.61,132.32,128.63,128.3
NVDA,Nvidia,Information Technology,Semiconductors,183.61,184.55,86.61,176.34,176.25,175.42,175.91,157.71,147.53,141.11
NVR,"NVR, Inc.",Consumer Discretionary,Homebuilding,7925.23,9964.77,6562.85,8109.14,8238.36,8230.88,7990.92,7625.31,7531.62,7663.07
NXPI,NXP Semiconductors,Information Technology,Semiconductors,225.73,251.87,146.73,223.63,221.74,226.56,223.01,214.86,207.76,209.34
ORLY,O’Reilly Automotive,Consumer Discretionary,Automotive Retail,103.45,108.42,73.33,104.2,105.47,104.77,101.37,96.12,95.37,91.59
OXY,Occidental Petroleum,Energy,Oil & Gas Exploration & Production,45.76,55.34,34.4,46.83,46.25,46.34,44.83,43.66,43.26,44.96
ODFL,Old Dominion,Industrials,Cargo Ground Transportation,138.93,231.78,138.65,142.19,144.5,147.82,151.97,157.28,157.11,167.65
OMC,Omnicom Group,Communication Services,Advertising,74.53,103.32,67.76,75.82,76.47,77.21,75.04,73.76,73.92,77.52
ON,ON Semiconductor,Information Technology,Semiconductors,51.5,76.06,31.04,50.75,49.59,49.61,52.25,50.31,47.83,50.55
OKE,Oneok,Energy,Oil & Gas Storage & Transportation,71.62,113.92,70.63,72.44,72.63,73.47,75.94,78.43,80.05,86.5
ORCL,Oracle Corporation,Information Technology,Application Software,328.15,345.72,118.18,308.3,301.35,266.42,253.65,218.54,201.96,188.54
OTIS,Otis Worldwide,Industrials,Industrial Machinery & Supplies & Components,89.33,105.86,83.85,89.54,89.14,87.93,89.22,92.85,93.65,94.51
PCAR,Paccar,Industrials,Construction Machinery & Heavy Transportation Equipment,97.07,114.66,84.08,100.33,100.43,99.89,98.6,96.11,95.2,99.2
PKG,Packaging Corporation of America,Materials,Paper & Plastic Packaging Products & Materials,212.71,244.78,170.61,212.3,212.76,213.33,204.51,197.32,195.29,202.98
PLTR,Palantir Technologies,Information Technology,Application Software,179.33,190.0,35.71,175.46,171.34,164.02,163.77,146.95,136.1,116.7
PANW,Palo Alto Networks,Information Technology,Systems Software,208.18,210.39,144.15,205.3,201.73,196.07,188.96,191.75,187.53,187.59
PSKY,Paramount Skydance Corporation,Communication Services,Movies & Entertainment,18.61,19.3,9.92,18.17,17.58,16.29,14.3,13.17,12.77,12.08
PH,Parker Hannifin,Industrials,Industrial Machinery & Supplies & Components,759.95,779.77,485.92,752.78,757.28,757.2,739.22,702.88,678.21,669.48
PAYX,Paychex,Industrials,Human Resource & Employment Services,130.4,160.03,128.21,131.12,132.56,134.94,138.79,144.6,144.57,143.82
PAYC,Paycom,Industrials,Human Resource & Employment Services,220.1,267.33,157.01,216.26,219.19,222.18,225.31,234.82,231.0,223.98
PYPL,PayPal,Financials,Transaction & Payment Processing Services,67.68,93.66,55.85,67.98,67.45,68.4,70.08,71.04,69.53,73.95
PNR,Pentair,Industrials,Industrial Machinery & Supplies & Components,110.09,112.91,73.85,110.48,110.5,109.63,106.48,102.74,99.1,98.56
PEP,PepsiCo,Consumer Staples,Soft Drinks & Non-alcoholic Beverages,141.03,170.89,125.14,140.96,141.89,143.99,143.17,136.41,137.29,140.75
PFE,Pfizer,Health Care,Pharmaceuticals,24.04,28.43,20.18,24.03,24.21,24.52,24.55,23.98,23.67,24.19
PCG,PG&E Corporation,Utilities,Multi-Utilities,14.67,21.62,12.97,14.9,15.13,15.11,14.69,15.12,15.49,16.21
PM,Philip Morris International,Consumer Staples,Tobacco,161.98,185.29,114.24,163.19,164.16,164.44,167.14,171.81,169.01,155.91
PSX,Phillips 66,Energy,Oil & Gas Refining & Marketing,129.57,135.47,89.26,131.36,131.5,131.56,126.34,121.69,118.33,118.6
PNW,Pinnacle West Capital,Utilities,Multi-Utilities,86.26,94.64,79.08,86.13,86.96,88.12,90.02,89.83,90.16,88.73
PNC,PNC Financial Services,Financials,Diversified Banks,203.12,210.46,142.39,203.92,202.91,203.92,197.39,187.08,181.36,183.94
POOL,Pool Corporation,Consumer Discretionary,Distributors,312.63,391.14,281.15,321.46,322.89,320.23,314.84,307.56,307.26,320.29
PPG,PPG Industries,Materials,Specialty Chemicals,109.49,133.97,89.08,108.88,109.45,110.19,110.58,111.02,109.18,111.6
PPL,PPL Corporation,Utilities,Electric Utilities,35.69,37.09,30.41,35.61,35.74,35.9,35.94,34.97,34.93,34.12
PFG,Principal Financial Group,Financials,Life & Health Insurance,82.21,88.63,67.06,81.33,81.45,80.63,78.93,78.07,77.48,78.36
PG,Procter & Gamble,Consumer Staples,Personal Care Products,153.07,177.66,149.91,156.96,157.5,157.56,156.0,158.33,159.44,161.8
PGR,Progressive Corporation,Financials,Property & Casualty Insurance,241.15,292.77,228.37,242.81,244.65,245.29,245.76,259.08,261.54,259.05
PLD,Prologis,Real Estate,Industrial REITs,113.93,124.94,83.8,114.1,113.29,112.35,108.97,107.22,105.9,107.85
PRU,Prudential Financial,Financials,Life & Health Insurance,102.85,125.75,88.12,103.09,104.6,106.38,104.47,103.92,103.39,106.6
PEG,Public Service Enterprise Group,Utilities,Electric Utilities,81.73,92.35,73.5,81.23,81.56,81.46,83.84,81.7,81.4,81.79
PTC,PTC Inc.,Information Technology,Application Software,205.93,219.69,133.38,205.4,205.18,209.43,207.09,188.79,180.92,180.06
PSA,Public Storage,Real Estate,Self-Storage REITs,279.67,355.59,251.43,282.28,285.2,287.14,283.83,288.74,287.71,290.17
PHM,PulteGroup,Consumer Discretionary,Homebuilding,129.24,148.31,87.74,132.64,134.48,134.28,125.25,114.23,111.16,110.8
PWR,Quanta Services,Industrials,Construction & Engineering,396.02,424.94,227.02,385.9,385.1,381.6,388.26,370.21,349.21,331.3
QCOM,Qualcomm,Information Technology,Semiconductors,169.72,178.09,119.4,166.82,163.63,161.14,156.57,153.67,151.28,154.32
DGX,Quest Diagnostics,Health Care,Health Care Services,184.69,185.62,144.09,182.81,182.38,181.39,176.75,175.98,174.17,168.79
RL,Ralph Lauren Corporation,Consumer Discretionary,"Apparel, Accessories & Luxury Goods",307.65,321.77,176.02,310.97,312.45,308.02,298.83,283.54,268.95,259.06
RJF,Raymond James Financial,Financials,Investment Banking & Brokerage,175.32,176.65,117.19,172.49,170.44,169.08,165.92,157.43,152.93,154.04
RTX,RTX Corporation,Industrials,Aerospace & Defense,159.43,161.26,111.21,158.55,157.14,157.64,155.53,146.52,142.39,134.79
O,Realty Income,Real Estate,Retail REITs,59.06,61.61,49.53,59.4,59.68,58.98,57.9,56.9,56.53,55.23
REG,Regency Centers,Real Estate,Retail REITs,70.73,75.93,62.21,70.29,70.91,71.4,70.9,70.67,70.48,70.71
REGN,Regeneron Pharmaceuticals,Health Care,Biotechnology,595.68,1160.87,475.77,589.39,576.01,575.41,567.65,557.37,563.73,615.37
RF,Regions Financial Corporation,Financials,Regional Banks,26.56,27.61,17.36,26.92,26.96,26.97,25.94,23.95,23.11,23.1
RSG,Republic Services,Industrials,Environmental & Facilities Services,226.26,258.14,195.62,226.3,227.79,230.19,234.41,241.12,240.98,232.23
RMD,ResMed,Health Care,Health Care Equipment,274.41,293.81,199.07,273.04,273.08,275.21,275.72,262.38,253.47,246.21
RVTY,Revvity,Health Care,Health Care Equipment,86.27,129.23,81.36,86.28,85.15,86.63,89.93,92.22,93.36,101.63
ROK,Rockwell Automation,Industrials,Electrical Components & Equipment,345.36,359.54,213.27,345.73,345.29,345.16,345.49,328.42,310.99,299.35
ROL,"Rollins, Inc.",Industrials,Environmental & Facilities Services,55.56,58.96,44.94,55.63,56.39,56.5,56.9,56.7,56.16,53.48
ROP,Roper Technologies,Information Technology,Electronic Equipment & Instruments,509.63,593.46,498.03,507.07,510.34,517.59,532.7,549.99,552.24,552.12
ROST,Ross Stores,Consumer Discretionary,Apparel Retail,144.67,156.94,121.69,146.01,147.44,148.5,143.48,140.68,139.34,140.66
RCL,Royal Caribbean Group,Consumer Discretionary,"Hotels, Resorts & Cruise Lines",329.24,366.5,163.55,325.68,333.17,344.55,335.51,302.07,281.85,265.17
SPGI,S&P Global,Financials,Financial Exchanges & Data,505.57,578.04,425.6,521.18,533.26,539.23,541.52,527.53,517.44,513.58
CRM,Salesforce,Information Technology,Application Software,249.69,366.78,226.09,244.43,244.62,247.54,250.29,260.98,260.49,283.34
SBAC,SBA Communications,Real Estate,Telecom Tower REITs,198.0,247.78,186.81,198.9,197.7,201.1,215.57,223.2,222.38,216.35
SLB,Schlumberger,Energy,Oil & Gas Equipment & Services,33.92,44.81,30.61,34.62,35.14,35.42,34.4,34.35,34.67,36.56
STX,Seagate Technology,Information Technology,"Technology Hardware, Storage & Peripherals",229.33,230.82,62.86,218.34,208.02,191.24,167.93,144.57,131.1,116.95
SRE,Sempra,Utilities,Multi-Utilities,82.37,93.45,61.37,82.68,82.65,82.2,81.12,78.23,76.55,77.75
NOW,ServiceNow,Information Technology,Systems Software,947.78,1198.09,678.66,947.81,941.1,923.6,922.98,964.05,934.41,962.85
SHW,Sherwin-Williams,Materials,Specialty Chemicals,346.41,397.81,307.5,349.24,355.09,361.06,353.71,352.3,348.84,350.06
SPG,Simon Property Group,Real Estate,Retail REITs,181.14,184.5,132.99,181.01,181.38,179.46,170.92,164.59,161.92,164.79
SWKS,Skyworks Solutions,Information Technology,Semiconductors,82.97,97.73,47.01,77.53,75.83,75.42,73.04,72.05,69.33,72.62
SJM,J.M. Smucker Company (The),Consumer Staples,Packaged Foods & Meats,108.08,121.73,92.38,106.65,107.51,108.9,108.82,107.08,108.36,107.48
SW,Smurfit Westrock,Materials,Paper & Plastic Packaging Products & Materials,43.48,55.46,36.31,43.96,44.48,45.51,45.04,44.2,43.69,46.3
SNA,Snap-on,Industrials,Industrial Machinery & Supplies & Components,337.52,366.68,274.55,335.93,333.17,330.14,325.9,320.55,320.05,326.36
SOLV,Solventum,Health Care,Health Care Technology,73.76,85.92,60.7,74.01,73.46,73.09,72.99,73.06,72.2,72.43
SO,Southern Company,Utilities,Electric Utilities,92.33,95.68,78.5,91.71,91.8,92.01,93.11,91.08,90.63,88.02
LUV,Southwest Airlines,Industrials,Passenger Airlines,32.3,37.75,23.55,32.16,31.77,32.02,32.25,32.12,31.24,31.32
SWK,Stanley Black & Decker,Industrials,Industrial Machinery & Supplies & Components,75.02,106.2,52.62,77.41,77.64,76.27,72.9,69.33,68.12,73.18
SBUX,Starbucks,Consumer Discretionary,Restaurants,85.29,115.87,74.48,84.17,83.45,85.22,88.99,88.44,88.02,92.38
STT,State Street Corporation,Financials,Asset Management & Custody Banks,113.32,116.37,72.29,112.45,112.26,113.16,111.58,105.05,100.76,98.58
STLD,Steel Dynamics,Materials,Steel,139.07,153.72,102.78,138.94,135.39,133.64,129.94,130.71,128.69,127.37
STE,Steris,Health Care,Health Care Equipment,249.71,253.0,199.47,249.15,248.81,247.05,238.8,237.81,234.36,227.42
SYK,Stryker Corporation,Health Care,Health Care Equipment,378.22,404.87,328.46,377.28,381.14,386.45,387.25,385.54,379.9,378.96
SMCI,Supermicro,Information Technology,"Technology Hardware, Storage & Peripherals",46.87,66.44,17.25,45.69,44.96,43.52,47.72,44.97,42.78,40.82
SYF,Synchrony Financial,Financials,Consumer Finance,75.58,77.41,40.15,75.61,75.65,75.66,72.61,66.68,63.2,63.08
SNPS,Synopsys,Information Technology,Application Software,514.79,651.73,365.74,468.35,461.67,531.09,578.25,537.52,515.02,507.53
SYY,Sysco,Consumer Staples,Food Distributors,81.37,83.24,66.65,81.94,81.29,81.02,80.21,76.73,75.65,74.87
TMUS,T-Mobile US,Communication Services,Wireless Telecommunication Services,237.44,274.51,194.23,238.3,239.75,245.36,243.01,240.01,243.07,241.28
TROW,T. Rowe Price,Financials,Asset Management & Custody Banks,105.29,119.7,75.88,105.12,104.98,105.85,104.92,99.05,96.47,99.93
TTWO,Take-Two Interactive,Communication Services,Interactive Home Entertainment,251.64,255.33,146.76,250.1,248.24,242.71,234.39,233.75,229.35,216.58
TPR,"Tapestry, Inc.",Consumer Discretionary,"Apparel, Accessories & Luxury Goods",113.88,115.35,41.31,112.15,109.47,105.91,105.43,93.63,88.24,82.09
TRGP,Targa Resources,Energy,Oil & Gas Storage & Transportation,165.22,215.2,141.47,165.85,164.89,164.64,164.88,165.12,167.53,176.6
TGT,Target Corporation,Consumer Staples,Consumer Staples Merchandise Retail,86.56,155.5,85.44,88.55,89.45,92.03,98.4,97.37,96.9,107.42
TEL,TE Connectivity,Information Technology,Electronic Manufacturing Services,218.59,218.76,115.38,215.69,213.08,210.03,202.3,182.13,172.63,162.84
TDY,Teledyne Technologies,Information Technology,Electronic Equipment & Instruments,567.92,570.56,419.0,560.34,557.05,550.14,549.0,522.74,512.26,503.13
TER,Teradyne,Information Technology,Semiconductor Materials & Equipment,135.18,143.64,65.6,120.42,117.69,118.17,108.59,96.4,92.41,101.37
TSLA,"Tesla, Inc.",Consumer Discretionary,Automobile Manufacturers,434.21,488.54,212.11,424.92,399.42,371.06,342.69,331.38,316.9,333.15
TXN,Texas Instruments,Information Technology,Semiconductors,179.62,220.1,137.77,179.71,181.27,189.67,193.29,191.96,185.39,185.2
TPL,Texas Pacific Land Corporation,Energy,Oil & Gas Exploration & Production,876.96,1759.83,844.11,902.8,915.14,915.09,927.14,1053.78,1098.33,1174.59
TXT,Textron,Industrials,Aerospace & Defense,83.49,91.21,57.67,83.43,82.44,81.68,80.98,78.69,76.51,76.38
TMO,Thermo Fisher Scientific,Health Care,Life Sciences Tools & Services,474.99,621.58,385.11,477.81,479.16,483.94,471.08,440.55,442.96,478.76
TJX,TJX Companies,Consumer Discretionary,Apparel Retail,139.41,145.58,109.83,139.74,140.0,139.12,132.81,129.68,128.49,125.74
TKO,TKO Group Holdings,Communication Services,Movies & Entertainment,199.67,212.49,113.01,201.05,200.3,194.33,181.41,173.9,168.98,161.43
TTD,Trade Desk (The),Communication Services,Advertising,46.15,141.53,42.96,44.96,45.93,49.53,63.56,67.21,64.18,78.79
TSCO,Tractor Supply,Consumer Discretionary,Other Specialty Retail,58.14,63.75,46.46,59.15,59.35,60.32,59.44,55.55,54.69,54.55
TT,Trane Technologies,Industrials,Building Products,407.63,475.11,296.82,403.13,406.05,411.21,427.44,424.92,407.4,392.55
TDG,TransDigm Group,Industrials,Aerospace & Defense,1295.29,1519.36,1107.45,1284.31,1287.38,1292.43,1362.6,1360.53,1340.15,1298.56
TRV,Travelers Companies (The),Financials,Property & Casualty Insurance,276.11,280.0,220.97,275.6,275.74,274.13,267.28,266.26,263.62,256.53
TRMB,Trimble Inc.,Information Technology,Electronic Equipment & Instruments,82.15,87.5,52.91,81.42,81.21,80.95,82.06,77.06,73.9,73.36
TFC,Truist Financial,Financials,Diversified Banks,45.39,47.46,32.72,45.48,45.31,45.9,44.77,42.58,41.45,42.18
TYL,Tyler Technologies,Information Technology,Application Software,536.16,661.31,513.52,534.32,541.43,549.15,562.81,567.71,566.23,578.36
TSN,Tyson Foods,Consumer Staples,Packaged Foods & Meats,53.66,63.75,51.39,53.94,54.62,55.52,54.89,55.04,56.03,56.57
USB,U.S. Bancorp,Financials,Diversified Banks,49.49,52.21,34.8,49.62,49.44,49.05,47.06,45.42,44.18,44.93
UBER,Uber,Industrials,Passenger Ground Transportation,99.39,101.99,59.33,96.68,96.25,95.11,92.71,90.41,86.96,80.41
UDR,"UDR, Inc.",Real Estate,Multi-Family Residential REITs,37.39,45.5,35.84,37.37,37.91,38.39,38.96,39.95,40.21,40.88
ULTA,Ulta Beauty,Consumer Discretionary,Other Specialty Retail,518.16,539.0,309.01,525.69,522.04,522.79,514.55,478.45,456.15,432.57
UNP,Union Pacific Corporation,Industrials,Rail Transportation,225.85,252.32,202.16,220.0,217.84,219.51,221.79,222.65,222.04,226.73
UAL,United Airlines Holdings,Industrials,Passenger Airlines,104.18,116.0,51.44,105.12,105.92,105.56,97.84,88.12,83.96,88.71
UPS,United Parcel Service,Industrials,Air Freight & Logistics,84.23,136.36,82.0,84.54,84.4,85.31,88.55,92.74,93.63,102.34
URI,United Rentals,Industrials,Trading Companies & Distributors,943.42,980.53,523.58,943.48,945.3,950.56,899.17,807.39,766.67,744.95
UNH,UnitedHealth Group,Health Care,Managed Health Care,341.3,617.34,233.13,338.84,343.41,324.94,294.72,305.94,345.09,405.61
UHS,Universal Health Services,Health Care,Health Care Facilities,194.16,242.21,152.16,188.91,188.91,186.17,176.78,179.83,179.23,180.46
VLO,Valero Energy,Energy,Oil & Gas Refining & Marketing,166.44,167.08,97.37,163.84,161.14,156.93,146.43,138.91,134.15,131.94
VTR,Ventas,Real Estate,Health Care REITs,67.13,70.82,55.85,67.53,68.42,68.1,67.63,65.67,65.93,64.27
VLTO,Veralto,Industrials,Environmental & Facilities Services,105.82,114.62,83.77,106.61,107.0,106.7,105.97,102.81,100.65,100.76
VRSN,Verisign,Information Technology,Internet Services & Infrastructure,282.74,309.71,174.64,285.23,285.82,279.98,277.4,278.83,272.99,251.79
VRSK,Verisk Analytics,Industrials,Research & Consulting Services,244.18,321.9,239.83,246.9,254.76,261.36,272.66,290.18,290.18,288.14
VZ,Verizon,Communication Services,Integrated Telecommunication Services,43.16,45.87,36.41,43.65,43.73,43.87,43.34,42.93,42.87,41.71
VRTX,Vertex Pharmaceuticals,Health Care,Biotechnology,383.13,519.88,362.5,386.37,390.2,391.81,414.28,432.74,443.97,448.82
VTRS,Viatris,Health Care,Pharmaceuticals,9.79,13.04,6.68,9.75,9.91,10.2,9.76,9.23,8.95,9.63
VICI,Vici Properties,Real Estate,Hotel & Resort REITs,31.43,33.54,26.86,31.95,32.31,32.68,32.59,31.98,31.76,30.84
V,Visa Inc.,Financials,Transaction & Payment Processing Services,344.36,374.85,266.36,342.08,341.45,345.19,345.3,350.56,347.07,340.68
VST,Vistra Corp.,Utilities,Electric Utilities,217.92,219.81,89.54,211.28,208.56,199.44,198.48,183.12,169.8,162.16
VMC,Vulcan Materials Company,Materials,Construction Materials,298.89,302.21,214.34,295.89,295.7,293.93,284.53,274.85,267.53,264.19
WRB,W. R. Berkley Corporation,Financials,Property & Casualty Insurance,73.41,75.77,54.76,72.89,72.92,72.38,70.81,71.51,70.82,66.75
GWW,W. W. Grainger,Industrials,Industrial Machinery & Supplies & Components,979.17,1219.65,889.92,992.72,998.39,1005.46,1002.35,1030.63,1020.58,1033.54
WAB,Wabtec,Industrials,Construction Machinery & Heavy Transportation Equipment,197.96,215.82,151.42,190.07,189.93,191.69,194.93,198.68,194.16,193.73
WBA,Walgreens Boots Alliance,Consumer Staples,Drug Retail,11.98,13.25,7.98,11.98,12.03,11.93,11.67,11.39,11.33,10.81
WMT,Walmart,Consumer Staples,Consumer Staples Merchandise Retail,102.82,106.11,76.74,103.29,102.9,100.56,99.43,98.17,96.48,95.37
DIS,Walt Disney Company (The),Communication Services,Movies & Entertainment,112.56,124.69,79.76,114.5,115.43,116.75,117.58,115.3,110.17,109.74
WBD,Warner Bros. Discovery,Communication Services,Broadcasting,19.61,19.69,7.25,18.78,17.32,14.63,13.28,11.63,11.1,10.89
WM,Waste Management,Industrials,Environmental & Facilities Services,216.99,240.84,197.52,215.77,216.8,220.0,225.11,228.1,227.88,223.43
WAT,Waters Corporation,Health Care,Life Sciences Tools & Services,302.48,423.56,275.05,303.3,300.69,299.9,294.85,322.29,325.64,348.22
WEC,WEC Energy Group,Utilities,Electric Utilities,109.86,111.27,89.63,109.48,109.56,108.29,108.08,106.4,106.18,103.07
WFC,Wells Fargo,Financials,Diversified Banks,85.16,85.28,52.16,83.43,82.24,81.65,80.33,77.99,75.71,74.78
WELL,Welltower,Real Estate,Health Care REITs,167.42,170.99,120.11,166.05,167.37,167.4,164.78,157.62,155.25,148.19
WST,West Pharmaceutical Services,Health Care,Health Care Supplies,252.22,351.24,187.09,255.41,255.91,251.66,244.25,230.43,226.89,251.32
WDC,Western Digital,Information Technology,"Technology Hardware, Storage & Peripherals",112.41,112.83,28.74,105.64,101.4,92.95,80.71,67.7,61.67,56.61
WY,Weyerhaeuser,Real Estate,Timber REITs,24.26,33.04,23.71,24.47,24.83,25.27,25.44,25.68,25.8,27.02
WSM,"Williams-Sonoma, Inc.",Consumer Discretionary,Homefurnishing Retail,196.66,218.08,123.89,197.44,199.41,197.55,193.19,177.99,172.24,179.62
WMB,Williams Companies,Energy,Oil & Gas Storage & Transportation,60.16,62.92,43.0,59.52,58.9,57.91,57.79,58.19,58.01,56.85
WTW,Willis Towers Watson,Financials,Insurance Brokers,338.85,342.16,282.71,334.06,334.3,332.05,324.4,315.1,316.23,317.75
WDAY,"Workday, Inc.",Information Technology,Application Software,242.66,294.0,205.33,232.73,229.37,229.27,228.9,238.83,237.29,245.68
WYNN,Wynn Resorts,Consumer Discretionary,Casinos & Gaming,126.05,130.84,64.93,125.64,124.08,123.62,114.96,103.42,98.2,93.75
XEL,Xcel Energy,Utilities,Multi-Utilities,72.35,73.99,60.12,72.16,72.21,72.04,71.85,69.98,69.69,68.43
XYL,Xylem Inc.,Industrials,Industrial Machinery & Supplies & Components,143.54,144.93,99.87,142.06,141.07,141.41,139.03,132.6,128.61,126.29
YUM,Yum! Brands,Consumer Discretionary,Restaurants,149.27,161.72,120.38,147.29,147.58,146.51,145.72,145.47,145.95,143.4
ZBRA,Zebra Technologies,Information Technology,Electronic Equipment & Instruments,315.41,427.76,205.73,318.51,316.05,315.64,320.94,307.12,295.1,319.64
ZBH,Zimmer Biomet,Health Care,Health Care Equipment,101.74,114.14,88.99,100.22,101.55,103.68,99.98,96.81,98.3,101.27
ZTS,Zoetis,Health Care,Pharmaceuticals,144.65,197.92,138.77,146.4,147.63,150.82,150.98,155.79,155.3,159.46
