Symbol,Company,GICS_Sector,GICS_Sub_Industry,Current_Price,High_52_Week,Low_52_Week,SMA5,SMA10,SMA20,SMA50,SMA200,Score,Target_Pcnt,Target_Price,Stop_Loss
MMM,3M,Industrials,Industrial Conglomerates,163.75,173.09,123.2,166.52,167.15,168.13,164.11,151.67,0.0,6.11,173.76,162.49
AOS,A. O. Smith,Industrials,Building Products,68.08,73.9,58.72,68.42,67.82,66.37,66.95,67.5,0.0,2.63,69.87,62.87
ABT,Abbott Laboratories,Health Care,Health Care Equipment,127.33,138.33,109.61,125.42,124.62,126.07,127.26,129.65,0.0,2.8,130.9,121.25
ABBV,AbbVie,Health Care,Biotechnology,223.55,242.63,165.03,224.7,225.46,227.66,226.89,203.16,0.2,5.25,235.29,220.05
ACN,Accenture,Information Technology,IT Consulting & Other Services,272.96,394.31,232.56,271.95,269.6,257.96,250.95,277.25,0.1,3.73,283.14,232.79
ADBE,Adobe Inc.,Information Technology,Application Software,348.08,465.69,312.4,349.84,343.44,331.76,336.7,366.33,0.0,3.1,358.87,304.66
AMD,Advanced Micro Devices,Information Technology,Semiconductors,209.43,264.33,78.21,214.13,216.49,215.83,231.1,157.05,0.0,9.43,229.18,202.47
AES,AES Corporation,Utilities,Independent Power Producers & Energy Traders,13.68,15.18,9.38,13.83,13.85,13.85,14.02,12.26,0.0,3.07,14.1,13.59
AFL,Aflac,Financials,Life & Health Insurance,109.79,114.41,97.05,109.48,109.1,109.72,109.64,105.75,0.2,2.07,112.06,107.38
A,Agilent Technologies,Health Care,Life Sciences Tools & Services,138.88,157.2,98.88,141.1,143.17,146.69,145.23,123.96,0.0,13.21,157.23,136.16
APD,Air Products,Materials,Industrial Gases,242.16,331.69,230.76,242.12,246.01,251.35,253.69,273.8,-0.2,11.62,270.3,232.4
ABNB,Airbnb,Consumer Discretionary,"Hotels, Resorts & Cruise Lines",132.01,161.42,105.69,129.56,126.05,121.01,122.53,126.55,-0.2,0.76,133.01,109.0
AKAM,Akamai Technologies,Information Technology,Internet Services & Infrastructure,87.8,102.1,68.21,86.42,86.11,87.22,81.39,78.83,0.0,3.12,90.54,83.89
ALB,Albemarle Corporation,Materials,Specialty Chemicals,131.09,134.18,50.01,132.61,128.85,125.98,109.14,79.05,0.0,4.68,137.23,114.74
ARE,Alexandria Real Estate Equities,Real Estate,Office REITs,46.83,98.01,44.97,46.31,47.09,49.3,59.66,73.53,0.0,18.21,55.36,43.24
ALGN,Align Technology,Health Care,Health Care Supplies,163.49,235.39,124.88,164.02,160.58,151.52,141.36,159.51,-0.1,5.54,172.55,130.49
ALLE,Allegion,Industrials,Building Products,159.7,179.47,118.08,161.72,160.89,162.12,167.06,153.14,0.0,4.75,167.29,156.96
LNT,Alliant Energy,Utilities,Electric Utilities,65.45,69.47,54.87,65.14,65.46,66.84,67.22,63.36,-0.2,6.78,69.89,63.8
ALL,Allstate,Financials,Property & Casualty Insurance,209.9,213.64,177.51,207.41,205.62,208.25,202.92,200.14,-0.2,2.95,216.09,200.4
GOOGL,Alphabet Inc. (Class A),Communication Services,Interactive Media & Services,306.43,323.23,144.3,311.32,314.53,311.12,283.88,209.94,0.2,8.74,333.21,289.03
GOOG,Alphabet Inc. (Class C),Communication Services,Interactive Media & Services,307.67,323.43,146.18,312.44,315.49,311.71,284.5,211.03,0.2,8.49,333.79,289.63
MO,Altria,Consumer Staples,Tobacco,59.35,66.65,48.28,58.92,58.56,58.54,60.37,59.61,0.2,0.22,59.48,57.61
AMZN,Amazon,Consumer Discretionary,Broadline Retail,223.15,254.0,167.32,226.79,227.98,227.47,229.27,215.33,0.0,6.11,236.78,218.16
AMCR,Amcor,Materials,Paper & Plastic Packaging Products & Materials,8.32,10.15,7.82,8.27,8.28,8.38,8.24,8.9,0.1,3.85,8.64,8.12
AEE,Ameren,Utilities,Multi-Utilities,98.34,105.59,84.39,98.11,99.0,101.44,102.53,98.38,-0.2,8.62,106.82,96.06
AEP,American Electric Power,Utilities,Electric Utilities,114.83,123.77,87.28,114.63,115.86,118.77,118.56,108.38,0.0,9.07,125.25,112.3
AXP,American Express,Financials,Consumer Finance,380.83,384.89,230.22,381.28,374.22,364.65,356.11,310.68,0.0,2.38,389.89,339.39
AIG,American International Group,Financials,Multi-line Insurance,84.79,86.75,68.89,83.98,80.4,78.22,78.72,80.48,-0.2,0.51,85.22,71.21
AMT,American Tower,Real Estate,Telecom Tower REITs,179.65,230.32,169.21,180.29,179.43,179.68,182.79,202.19,0.0,2.07,183.37,176.01
AWK,American Water Works,Utilities,Water Utilities,132.33,149.23,118.11,130.68,130.2,130.27,133.42,138.65,0.0,1.09,133.77,126.77
AMP,Ameriprise Financial,Financials,Asset Management & Custody Banks,488.67,567.86,418.0,493.93,484.59,467.37,468.53,490.95,0.0,3.39,505.24,429.49
AME,Ametek,Industrials,Electrical Components & Equipment,202.45,203.84,150.67,202.38,200.47,197.39,192.86,181.39,0.2,1.47,205.43,189.35
AMGN,Amgen,Health Care,Biotechnology,326.78,345.46,250.44,320.52,325.31,332.36,314.96,293.16,0.2,8.05,353.09,311.64
APH,Amphenol,Information Technology,Electronic Components,129.86,143.85,58.9,133.35,136.29,136.5,134.4,102.89,0.2,11.36,144.61,128.39
ADI,Analog Devices,Information Technology,Semiconductors,279.99,283.39,162.63,280.94,279.39,262.96,246.6,227.74,0.2,8.39,303.48,222.43
AON,Aon plc,Financials,Insurance Brokers,353.27,407.61,326.07,348.2,346.75,347.8,347.27,361.48,-0.1,0.61,355.42,340.18
APA,APA Corporation,Energy,Oil & Gas Exploration & Production,23.95,27.1,13.47,25.49,26.07,25.29,24.07,20.31,-0.2,14.66,27.46,23.12
APO,Apollo Global Management,Financials,Asset Management & Custody Banks,147.47,175.68,107.48,148.35,143.24,136.35,130.1,134.51,0.1,3.5,152.63,120.07
AAPL,Apple Inc.,Information Technology,"Technology Hardware, Storage & Peripherals",275.25,286.19,171.83,276.89,278.31,276.77,268.43,228.98,-0.2,4.26,286.98,266.57
AMAT,Applied Materials,Information Technology,Semiconductor Materials & Equipment,258.36,275.15,125.98,264.82,266.55,253.24,237.32,185.45,0.2,11.32,287.61,218.88
APP,AppLovin,Information Technology,Application Software,675.13,724.62,219.37,688.24,689.35,628.45,612.47,443.6,0.2,13.77,768.1,488.82
APTV,Aptiv,Consumer Discretionary,Automotive Parts & Equipment,77.32,87.98,47.92,78.38,77.62,76.44,80.37,71.51,0.0,4.42,80.74,72.14
ACGL,Arch Capital Group,Financials,Property & Casualty Insurance,95.75,96.94,84.72,93.76,92.93,92.77,90.56,91.04,0.3,-0.32,95.44,90.1
ADM,Archer Daniels Midland,Consumer Staples,Agricultural Products & Services,58.08,63.67,40.67,59.28,59.06,59.32,59.74,53.98,0.2,5.56,61.31,57.32
ARES,Ares Management,Financials,Asset Management & Custody Banks,173.6,194.14,116.52,175.04,170.63,160.98,153.83,162.03,0.3,5.79,183.65,138.31
ANET,Arista Networks,Information Technology,Communications Equipment,127.02,162.03,64.37,128.88,128.85,126.73,138.44,113.84,0.2,6.01,134.65,118.81
AJG,Arthur J. Gallagher & Co.,Financials,Insurance Brokers,252.49,346.41,237.85,247.33,244.73,247.34,263.06,302.71,-0.2,2.46,258.7,235.97
AIZ,Assurant,Financials,Multi-line Insurance,234.28,234.28,177.67,229.56,226.14,225.78,219.67,204.66,0.2,-0.69,232.66,218.9
T,AT&T,Communication Services,Integrated Telecommunication Services,24.08,29.3,20.9,24.33,24.7,25.2,25.33,26.82,-0.2,9.72,26.42,23.98
ATO,Atmos Energy,Utilities,Gas Utilities,168.58,178.17,133.41,168.32,168.83,171.26,173.36,160.14,-0.2,5.2,177.35,165.18
ADSK,Autodesk,Information Technology,Application Software,293.51,326.79,238.84,297.92,302.11,298.42,302.48,293.41,-0.2,6.23,311.8,285.03
ADP,Automatic Data Processing,Industrials,Human Resource & Employment Services,262.51,321.43,247.46,262.84,260.41,255.96,263.98,290.25,0.0,1.63,266.79,245.11
AZO,AutoZone,Consumer Discretionary,Automotive Retail,3422.34,4354.54,3185.71,3459.61,3637.79,3764.31,3828.5,3827.46,0.0,20.75,4132.48,3396.15
AVB,AvalonBay Communities,Real Estate,Multi-Family Residential REITs,177.88,222.25,173.92,176.69,178.12,178.81,180.86,194.09,-0.2,2.86,182.97,174.65
AVY,Avery Dennison,Materials,Paper & Plastic Packaging Products & Materials,182.91,193.53,156.63,179.66,177.48,173.25,170.73,171.8,0.1,0.52,183.86,162.65
AXON,Axon Enterprise,Industrials,Aerospace & Defense,557.76,870.97,496.65,564.65,556.81,543.62,621.06,677.77,-0.2,3.16,575.39,511.84
BKR,Baker Hughes,Energy,Oil & Gas Equipment & Services,45.05,50.61,34.43,46.86,47.97,48.57,47.67,42.72,0.0,14.01,51.36,45.77
BALL,Ball Corporation,Materials,"Metal, Glass & Plastic Containers",51.97,59.23,44.42,50.29,49.27,48.94,48.33,51.41,0.1,-0.73,51.59,46.29
BAC,Bank of America,Financials,Diversified Banks,54.99,55.33,33.82,54.82,54.32,53.21,52.31,46.49,0.2,1.58,55.86,50.56
BAX,Baxter International,Health Care,Health Care Equipment,18.98,36.1,17.41,18.96,18.7,18.55,19.9,26.21,0.2,3.06,19.56,17.54
BDX,Becton Dickinson,Health Care,Health Care Equipment,196.27,243.81,162.39,199.22,195.25,193.23,188.24,188.08,0.0,2.38,200.94,185.51
BRK-B,Berkshire Hathaway,Financials,Multi-Sector Holdings,502.27,539.8,442.66,498.89,499.43,503.08,496.84,498.1,-0.3,2.51,514.88,491.3
BBY,Best Buy,Consumer Discretionary,Computer & Electronics Retail,72.96,87.59,54.69,73.62,73.82,75.23,77.62,71.41,0.0,9.4,79.82,70.64
TECH,Bio-Techne,Health Care,Life Sciences Tools & Services,57.0,78.3,46.53,59.06,60.34,61.24,61.06,55.19,0.2,16.65,66.49,56.0
BIIB,Biogen,Health Care,Biotechnology,172.46,182.09,113.38,174.47,177.27,176.68,161.69,139.66,0.2,7.86,186.02,167.35
BLK,BlackRock,Financials,Asset Management & Custody Banks,1069.59,1196.76,803.7,1081.65,1072.1,1045.64,1088.1,1031.27,-0.2,3.52,1107.24,984.01
BX,Blackstone Inc.,Financials,Asset Management & Custody Banks,152.04,187.02,117.47,152.85,152.67,147.61,149.7,151.05,0.0,4.74,159.25,135.98
XYZ,"Block, Inc.",Financials,Transaction & Payment Processing Services,65.0,94.55,46.53,64.13,62.77,62.65,69.16,66.65,0.2,2.63,66.71,58.6
BK,BNY Mellon,Financials,Asset Management & Custody Banks,114.14,118.68,72.12,117.04,115.66,112.45,109.66,96.22,0.4,5.22,120.1,104.81
BA,Boeing,Industrials,Aerospace & Defense,207.5,237.38,136.59,203.36,202.98,194.67,202.89,202.41,0.0,3.44,214.64,174.72
BKNG,Booking Holdings,Consumer Discretionary,"Hotels, Resorts & Cruise Lines",5466.35,5794.84,4141.9,5356.51,5240.79,5038.77,5064.85,5192.27,0.0,1.22,5533.04,4544.49
BSX,Boston Scientific,Health Care,Health Care Equipment,93.0,108.14,88.03,92.44,94.24,96.7,98.61,101.07,-0.2,11.09,103.31,90.1
BMY,Bristol Myers Squibb,Health Care,Pharmaceuticals,54.24,60.79,42.6,52.67,52.07,49.92,47.07,48.03,-0.1,1.27,54.93,44.92
AVGO,Broadcom,Information Technology,Semiconductors,343.38,412.97,145.7,372.49,382.17,376.74,362.18,280.94,0.0,23.97,425.69,327.8
BR,Broadridge Financial Solutions,Industrials,Data Processing & Outsourced Services,227.9,264.73,214.68,228.73,228.51,227.33,226.88,236.54,0.1,1.53,231.39,223.27
BRO,Brown & Brown,Financials,Insurance Brokers,81.06,123.81,76.42,80.41,79.58,79.81,83.12,100.37,0.0,1.48,82.26,77.35
BF-B,Brown–Forman,Consumer Staples,Distillers & Vintners,30.49,43.65,25.25,30.35,30.13,29.14,28.1,29.89,0.1,3.08,31.43,26.86
BLDR,Builders FirstSource,Industrials,Building Products,103.61,173.51,94.85,107.24,108.41,106.69,112.91,121.93,0.2,13.98,118.09,95.28
BG,Bunge Global,Consumer Staples,Agricultural Products & Services,92.21,97.09,66.74,92.2,93.23,94.1,92.76,81.28,0.2,5.76,97.52,90.67
BXP,"BXP, Inc.",Real Estate,Office REITs,70.69,78.2,55.53,70.65,70.45,70.55,71.22,68.33,0.2,3.55,73.2,67.9
CHRW,C.H. Robinson,Industrials,Air Freight & Logistics,158.83,159.8,85.64,158.33,157.11,155.93,145.12,114.68,0.0,2.56,162.9,148.95
CDNS,Cadence Design Systems,Information Technology,Application Software,320.89,373.37,231.64,329.58,331.4,318.7,327.11,313.6,-0.2,8.16,347.07,290.32
CPT,Camden Property Trust,Real Estate,Multi-Family Residential REITs,105.57,122.09,97.58,104.35,104.01,104.43,103.02,109.52,-0.1,1.65,107.31,101.54
CPB,Campbell's Company (The),Consumer Staples,Packaged Foods & Meats,28.66,41.2,28.18,28.46,28.96,29.8,30.3,32.85,0.0,11.06,31.83,27.78
COF,Capital One,Financials,Consumer Finance,241.94,241.94,149.12,239.33,234.57,223.12,218.37,203.18,0.0,3.2,249.68,196.57
CAH,Cardinal Health,Health Care,Health Care Distributors,198.12,213.73,114.18,198.52,199.44,204.54,186.53,157.51,0.2,8.9,215.75,193.33
CCL,Carnival,Consumer Discretionary,"Hotels, Resorts & Cruise Lines",28.52,32.49,16.43,27.77,26.81,26.26,27.29,25.75,0.2,-0.74,28.31,24.22
CARR,Carrier Global,Industrials,Building Products,53.6,80.42,50.36,53.34,53.6,53.25,55.68,64.15,0.0,3.82,55.65,50.85
CAT,Caterpillar Inc.,Industrials,Construction Machinery & Heavy Transportation Equipment,591.08,625.61,270.85,603.94,600.44,581.36,556.62,421.09,0.2,5.92,626.07,536.66
CBOE,Cboe Global Markets,Financials,Financial Exchanges & Data,249.02,260.88,189.73,249.79,251.68,253.79,248.63,234.26,0.2,4.4,259.98,247.6
CBRE,CBRE Group,Real Estate,Real Estate Services,161.13,165.9,113.94,159.34,159.27,158.3,156.26,143.92,0.0,2.77,165.59,151.0
CDW,CDW Corporation,Information Technology,Technology Distributors,145.63,203.07,136.03,146.97,146.24,143.83,147.64,162.78,0.0,3.39,150.57,137.09
COR,Cencora,Health Care,Health Care Distributors,342.33,374.75,222.96,344.79,341.17,352.85,343.39,300.99,0.0,10.65,378.79,326.9
CNC,Centene Corporation,Health Care,Managed Health Care,38.78,65.89,25.21,39.84,39.12,38.44,36.93,43.75,0.1,6.76,41.4,35.47
CNP,CenterPoint Energy,Utilities,Multi-Utilities,38.22,40.0,30.14,37.81,38.05,38.77,39.03,37.28,-0.2,5.78,40.43,37.1
CF,CF Industries,Materials,Fertilizers & Agricultural Chemicals,77.58,101.28,67.27,78.06,78.16,78.45,82.17,84.18,0.0,4.1,80.76,76.14
CRL,Charles River Laboratories,Health Care,Life Sciences Tools & Services,195.15,198.15,99.75,193.71,188.35,179.09,177.77,156.72,0.2,3.61,202.19,155.98
SCHW,Charles Schwab Corporation,Financials,Investment Banking & Brokerage,96.39,98.41,68.45,95.74,94.79,93.21,93.76,88.87,-0.2,0.77,97.13,89.29
CHTR,Charter Communications,Communication Services,Cable & Satellite,211.35,427.25,194.22,210.56,206.76,202.73,224.29,313.57,0.2,1.09,213.65,191.81
CVX,Chevron Corporation,Energy,Integrated Oil & Gas,147.15,162.83,129.22,149.81,150.01,150.37,151.6,147.6,-0.2,4.25,153.4,147.34
CMG,Chipotle Mexican Grill,Consumer Discretionary,Restaurants,35.72,64.8,29.81,35.32,34.6,33.56,35.55,44.89,0.0,3.28,36.89,30.23
CB,Chubb Limited,Financials,Property & Casualty Insurance,312.54,312.61,256.04,307.23,301.93,299.02,289.12,284.06,0.2,-0.6,310.66,287.38
CHD,Church & Dwight,Consumer Staples,Household Products,84.57,112.09,81.52,83.82,83.66,83.68,85.18,94.14,0.0,1.1,85.5,81.86
CI,Cigna,Health Care,Health Care Services,276.27,334.83,243.04,272.6,269.19,271.09,278.54,299.34,0.0,1.56,280.58,261.61
CINF,Cincinnati Financial,Financials,Property & Casualty Insurance,165.41,168.48,125.14,164.32,163.48,164.36,161.15,149.86,-0.2,2.24,169.12,159.6
CTAS,Cintas,Industrials,Diversified Support Services,188.15,226.65,180.61,187.7,186.01,185.13,186.71,204.89,-0.2,0.44,188.98,181.29
CSCO,Cisco,Information Technology,Communications Equipment,77.74,80.25,52.55,78.66,78.52,77.55,73.98,66.39,0.2,3.04,80.1,75.0
C,Citigroup,Financials,Diversified Banks,111.54,112.8,56.95,111.79,110.07,105.4,101.46,86.43,0.0,3.6,115.56,95.25
CFG,Citizens Financial Group,Financials,Regional Banks,58.29,58.46,33.29,58.39,57.06,54.98,52.52,45.89,0.0,3.04,60.06,49.89
CLX,Clorox,Consumer Staples,Household Products,99.89,158.93,98.43,102.19,102.85,103.58,109.11,123.48,0.0,9.23,109.11,98.05
CME,CME Group,Financials,Financial Exchanges & Data,273.17,286.69,221.6,270.1,271.05,273.55,270.48,268.12,0.0,2.95,281.23,265.87
CMS,CMS Energy,Utilities,Multi-Utilities,70.2,75.44,63.06,70.11,70.65,72.34,73.04,71.27,-0.2,8.45,76.13,68.56
KO,Coca-Cola Company (The),Consumer Staples,Soft Drinks & Non-alcoholic Beverages,70.72,72.61,59.07,70.31,70.31,70.97,69.53,68.91,-0.4,3.0,72.84,69.1
CTSH,Cognizant,Information Technology,IT Consulting & Other Services,83.74,89.26,65.18,83.75,82.06,78.71,73.28,74.03,-0.1,3.34,86.54,70.88
COIN,Coinbase,Financials,Financial Exchanges & Data,252.85,419.78,151.47,262.97,268.71,262.79,304.0,283.73,0.0,12.87,285.39,240.18
CL,Colgate-Palmolive,Consumer Staples,Household Products,79.24,95.74,74.98,78.4,77.9,78.74,78.16,85.12,0.1,2.39,81.13,76.35
CMCSA,Comcast,Communication Services,Cable & Satellite,29.79,38.47,26.46,28.08,27.58,27.2,28.1,32.29,0.2,-3.73,28.68,25.72
CAG,Conagra Brands,Consumer Staples,Packaged Foods & Meats,17.74,26.38,16.7,17.69,17.39,17.48,17.6,20.18,-0.2,1.86,18.07,16.89
COP,ConocoPhillips,Energy,Oil & Gas Exploration & Production,91.28,103.38,80.54,94.94,93.96,91.08,89.17,90.87,0.3,6.91,97.59,84.58
ED,Consolidated Edison,Utilities,Multi-Utilities,98.86,110.5,85.06,97.37,96.74,98.2,98.77,100.83,0.0,3.42,102.24,94.15
STZ,Constellation Brands,Consumer Staples,Distillers & Vintners,143.13,233.73,127.65,145.61,142.64,137.73,136.08,159.92,0.1,4.5,149.57,125.89
CEG,Constellation Energy,Utilities,Electric Utilities,365.98,403.49,170.33,363.15,362.23,357.74,364.89,304.73,-0.2,2.78,376.15,339.35
COO,Cooper Companies (The),Health Care,Health Care Supplies,81.18,99.45,64.32,81.53,79.86,77.64,73.74,74.54,0.1,3.6,84.1,71.18
CPRT,Copart,Industrials,Diversified Support Services,39.13,63.84,38.41,38.87,38.76,39.29,41.64,49.14,-0.2,5.21,41.17,37.41
GLW,Corning Inc.,Information Technology,Electronic Components,86.6,95.97,38.56,90.64,88.75,85.34,85.74,62.87,0.0,9.0,94.39,76.29
CPAY,Corpay,Financials,Transaction & Payment Processing Services,312.51,389.55,255.0,313.73,308.05,297.76,286.9,315.11,0.1,3.46,323.32,272.21
CTVA,Corteva,Materials,Fertilizers & Agricultural Chemicals,65.49,76.73,55.1,65.73,65.71,65.64,64.16,66.97,-0.1,2.52,67.14,64.14
CSGP,CoStar Group,Real Estate,Real Estate Services,63.74,96.83,63.74,66.21,67.05,67.29,70.71,79.63,-0.4,10.24,70.27,64.3
COST,Costco,Consumer Staples,Consumer Staples Merchandise Retail,862.39,1072.45,860.56,873.26,885.51,893.47,913.84,953.55,-0.2,7.4,926.21,860.76
CTRA,Coterra,Energy,Oil & Gas Exploration & Production,25.32,28.82,22.01,26.39,26.68,26.4,25.03,24.75,-0.2,9.0,27.6,25.21
CRWD,CrowdStrike,Information Technology,Systems Software,489.83,557.53,308.86,503.85,510.18,508.93,516.79,454.78,0.0,8.1,529.51,488.37
CCI,Crown Castle,Real Estate,Telecom Tower REITs,88.15,111.32,80.2,89.58,88.99,88.93,91.52,96.53,0.0,3.26,91.02,86.85
CSX,CSX Corporation,Industrials,Rail Transportation,36.9,37.39,26.38,37.14,36.69,35.58,35.54,32.66,0.2,3.09,38.04,33.13
CMI,Cummins,Industrials,Construction Machinery & Heavy Transportation Equipment,515.03,524.53,263.13,518.05,512.73,498.52,460.14,372.6,0.0,3.88,535.01,462.04
CVS,CVS Health,Health Care,Health Care Services,78.29,82.45,41.98,79.44,77.94,78.06,78.83,69.3,0.0,3.69,81.18,74.94
DHR,Danaher Corporation,Health Care,Life Sciences Tools & Services,224.18,249.37,174.06,228.37,227.14,226.63,218.72,203.25,0.2,3.48,231.98,221.28
DRI,Darden Restaurants,Consumer Discretionary,Restaurants,185.49,222.41,155.17,183.32,180.5,177.53,180.09,196.58,0.0,0.75,186.88,168.19
DDOG,Datadog,Information Technology,Application Software,139.88,199.72,87.0,145.8,149.61,155.81,162.27,132.58,0.0,23.96,173.4,138.23
DVA,DaVita,Health Care,Health Care Services,118.0,177.35,115.2,118.75,118.29,118.37,122.3,135.87,0.2,3.18,121.75,114.99
DAY,Dayforce,Industrials,Human Resource & Employment Services,69.26,77.46,49.33,69.22,69.14,69.07,68.75,61.89,0.2,0.07,69.31,68.83
DECK,Deckers Brands,Consumer Discretionary,Footwear,104.13,223.11,79.54,102.27,100.43,93.27,91.34,106.21,-0.1,4.58,108.9,77.63
DE,Deere & Company,Industrials,Agricultural & Farm Machinery,486.54,527.96,404.45,480.84,477.34,477.13,469.96,481.87,-0.1,1.9,495.78,458.5
DELL,Dell Technologies,Information Technology,"Technology Hardware, Storage & Peripherals",134.33,164.88,70.63,134.81,136.42,131.7,143.13,120.83,0.2,8.38,145.59,117.81
DAL,Delta Air Lines,Industrials,Passenger Airlines,71.15,71.27,35.54,70.54,68.92,64.91,61.3,53.56,0.0,4.74,74.52,55.3
DVN,Devon Energy,Energy,Oil & Gas Exploration & Production,35.15,38.16,26.26,36.81,37.07,36.53,34.44,33.21,0.2,9.5,38.49,34.58
DXCM,Dexcom,Health Care,Health Care Equipment,66.64,90.75,54.84,67.17,66.34,63.99,64.08,74.29,-0.2,4.46,69.61,58.37
FANG,Diamondback Energy,Energy,Oil & Gas Exploration & Production,149.87,175.21,116.78,155.59,157.01,153.49,146.87,141.78,0.2,8.78,163.03,143.95
DLR,Digital Realty,Real Estate,Data Center REITs,150.41,179.92,133.15,154.3,157.7,157.32,164.34,162.75,-0.4,8.78,163.62,151.03
DG,Dollar General,Consumer Staples,Consumer Staples Merchandise Retail,135.28,135.28,67.25,130.46,125.42,114.79,106.85,101.8,0.0,3.31,139.76,89.83
DLTR,Dollar Tree,Consumer Staples,Consumer Staples Merchandise Retail,131.85,131.85,61.92,129.42,123.83,114.28,105.16,95.87,0.0,3.43,136.37,92.19
D,Dominion Energy,Utilities,Multi-Utilities,59.35,62.07,47.97,58.95,58.87,59.77,59.84,56.58,-0.2,4.55,62.05,57.49
DPZ,Domino's,Consumer Discretionary,Restaurants,434.58,491.7,395.61,430.24,425.36,417.43,412.43,444.89,0.1,1.56,441.36,393.5
DASH,DoorDash,Consumer Discretionary,Specialized Consumer Services,227.94,281.74,163.16,225.45,225.13,212.18,232.31,224.77,0.0,6.02,241.66,182.69
DOV,Dover Corporation,Industrials,Industrial Machinery & Supplies & Components,197.22,204.14,149.86,198.92,194.8,188.92,179.88,177.0,0.2,2.92,202.98,174.86
DOW,Dow Inc.,Materials,Commodity Chemicals,22.84,39.0,20.27,23.89,23.5,23.01,22.66,25.97,0.1,10.11,25.15,20.87
DHI,D. R. Horton,Consumer Discretionary,Homebuilding,155.13,183.47,114.08,155.7,156.46,152.84,151.43,142.16,0.4,8.4,168.16,137.53
DTE,DTE Energy,Utilities,Multi-Utilities,129.13,142.03,113.69,128.99,129.59,131.91,135.64,133.61,-0.2,6.33,137.3,126.51
DUK,Duke Energy,Utilities,Electric Utilities,115.88,127.92,102.07,115.26,115.99,119.15,122.45,118.69,-0.2,8.76,126.03,112.28
DD,DuPont,Materials,Specialty Chemicals,40.69,41.49,22.69,40.94,40.59,39.63,37.02,31.51,0.0,3.29,42.03,37.23
ETN,Eaton Corporation,Industrials,Electrical Components & Equipment,330.97,391.62,244.95,339.99,339.73,338.43,359.57,337.27,0.0,6.31,351.85,324.99
EBAY,eBay Inc.,Consumer Discretionary,Broadline Retail,81.78,100.1,58.89,83.06,82.86,82.21,86.49,79.77,0.2,3.29,84.47,79.96
ECL,Ecolab,Materials,Specialty Chemicals,259.9,284.78,224.56,258.62,260.96,263.81,266.35,262.71,-0.2,6.67,277.24,250.38
EIX,Edison International,Utilities,Electric Utilities,58.51,77.36,46.84,58.27,57.69,58.02,57.02,54.25,0.0,1.97,59.66,56.38
EW,Edwards Lifesciences,Health Care,Health Care Equipment,85.54,86.82,67.07,84.07,84.53,84.98,81.6,77.08,0.0,1.87,87.14,82.81
EA,Electronic Arts,Communication Services,Interactive Home Entertainment,204.21,204.21,115.97,203.88,203.66,202.5,201.22,166.59,-0.2,0.39,205.01,199.98
ELV,Elevance Health,Health Care,Managed Health Care,350.62,445.96,271.77,348.47,339.38,332.84,334.21,353.61,-0.2,1.98,357.56,308.12
EME,Emcor,Industrials,Construction & Engineering,627.95,777.0,341.52,628.46,626.62,614.99,652.62,545.6,-0.2,2.69,644.84,585.15
EMR,Emerson Electric,Industrials,Electrical Components & Equipment,134.97,148.4,92.96,137.09,136.55,133.03,131.99,125.35,0.2,4.7,141.31,124.73
ETR,Entergy,Utilities,Electric Utilities,93.19,97.52,71.18,93.19,93.5,94.14,94.99,86.9,-0.2,3.69,96.63,91.66
EOG,EOG Resources,Energy,Oil & Gas Exploration & Production,101.94,133.44,101.83,107.36,109.27,108.36,107.68,113.76,-0.3,11.34,113.5,103.22
EPAM,EPAM Systems,Information Technology,IT Consulting & Other Services,206.21,267.63,142.2,210.16,206.75,195.54,174.3,169.35,0.2,6.5,219.61,171.47
EQT,EQT Corporation,Energy,Oil & Gas Exploration & Production,53.49,61.17,42.04,56.1,57.97,58.22,56.57,53.73,0.0,16.21,62.16,54.28
EFX,Equifax,Industrials,Research & Consulting Services,218.51,278.79,203.71,216.07,213.18,211.2,217.06,241.75,0.0,0.68,220.0,202.4
EQIX,Equinix,Real Estate,Data Center REITs,761.03,943.37,726.09,752.25,744.23,748.12,786.22,802.2,-0.2,1.7,773.97,722.25
EQR,Equity Residential,Real Estate,Multi-Family Residential REITs,60.99,72.76,58.7,60.87,60.97,60.8,60.95,64.97,0.0,2.56,62.55,59.04
ERIE,Erie Indemnity,Financials,Insurance Brokers,288.02,445.35,275.0,281.28,287.56,289.93,300.21,348.05,-0.4,5.56,304.03,275.83
ESS,Essex Property Trust,Real Estate,Multi-Family Residential REITs,255.97,305.43,247.18,256.15,256.64,257.56,257.97,270.46,0.0,3.34,264.52,250.61
EL,Estée Lauder Companies (The),Consumer Staples,Personal Care Products,104.21,107.28,49.43,104.14,103.41,96.79,95.2,80.22,0.2,6.73,111.22,82.36
EG,Everest Group,Financials,Reinsurance,327.73,368.76,304.91,321.35,316.51,314.85,327.75,339.19,0.4,-0.19,327.11,302.61
EVRG,Evergy,Utilities,Electric Utilities,73.53,78.01,57.62,73.67,73.66,74.84,75.94,69.81,-0.2,5.58,77.63,72.05
ES,Eversource Energy,Utilities,Electric Utilities,68.09,74.88,52.98,67.94,67.4,67.01,70.68,64.58,-0.2,4.6,71.22,62.81
EXC,Exelon,Utilities,Electric Utilities,43.83,47.82,34.95,43.53,43.7,44.82,45.85,44.02,-0.2,7.89,47.29,42.36
EXE,Expand Energy,Energy,Oil & Gas Exploration & Production,106.93,122.89,91.44,112.26,116.57,117.11,111.07,105.66,-0.2,17.09,125.2,109.01
EXPE,Expedia Group,Consumer Discretionary,"Hotels, Resorts & Cruise Lines",286.51,286.51,135.82,279.88,270.93,260.72,241.2,195.97,0.2,0.75,288.66,232.78
EXPD,Expeditors International,Industrials,Air Freight & Logistics,149.98,153.02,101.6,150.73,149.82,146.34,133.01,119.6,0.0,3.53,155.27,137.4
EXR,Extra Space Storage,Real Estate,Self-Storage REITs,131.34,154.13,122.37,131.42,129.74,129.76,135.49,139.66,-0.2,1.92,133.86,125.66
XOM,ExxonMobil,Energy,Integrated Oil & Gas,114.97,119.54,97.25,118.13,117.63,117.0,115.13,109.51,-0.2,4.37,119.99,114.01
FFIV,"F5, Inc.",Information Technology,Communications Equipment,258.55,343.17,223.99,261.35,254.5,244.34,266.34,285.91,0.0,4.11,269.18,219.51
FDS,FactSet,Financials,Financial Exchanges & Data,292.72,485.96,252.61,290.41,286.59,280.12,277.69,375.62,0.1,1.13,296.03,264.21
FICO,Fair Isaac,Information Technology,Application Software,1796.84,2206.01,1311.26,1805.52,1787.25,1777.56,1714.99,1710.21,-0.2,2.58,1843.2,1712.0
FAST,Fastenal,Industrials,Trading Companies & Distributors,42.37,50.13,34.82,41.59,41.37,40.63,41.78,42.57,0.0,0.31,42.5,38.75
FRT,Federal Realty Investment Trust,Real Estate,Retail REITs,100.19,109.5,81.67,98.86,97.96,97.7,97.76,95.15,-0.2,0.15,100.34,95.05
FDX,FedEx,Industrials,Air Freight & Logistics,281.14,283.33,194.55,282.29,277.5,272.78,257.18,232.9,0.2,1.92,286.54,259.01
FIS,Fidelity National Information Services,Financials,Transaction & Payment Processing Services,66.64,83.02,61.13,66.45,66.08,65.03,65.36,71.6,-0.2,2.01,67.98,62.07
FITB,Fifth Third Bancorp,Financials,Regional Banks,47.65,48.39,32.73,47.91,46.58,44.61,43.24,40.85,0.0,3.23,49.19,40.03
FSLR,First Solar,Information Technology,Semiconductors,259.77,277.39,120.38,261.1,258.58,258.85,251.06,187.65,0.0,5.2,273.28,244.42
FE,FirstEnergy,Utilities,Electric Utilities,44.19,47.72,36.81,44.41,44.77,45.82,46.0,42.13,-0.2,8.85,48.1,43.54
FISV,Fiserv,Financials,Transaction & Payment Processing Services,67.33,237.79,59.77,67.96,67.1,64.19,84.71,148.18,-0.2,4.52,70.37,58.01
F,Ford Motor Company,Consumer Discretionary,Automobile Manufacturers,13.64,13.76,8.35,13.62,13.36,13.17,12.78,11.07,0.0,1.17,13.8,12.54
FTNT,Fortinet,Information Technology,Systems Software,82.54,114.57,74.39,82.07,83.22,81.81,83.19,92.26,0.0,4.07,85.9,77.71
FTV,Fortive,Industrials,Industrial Machinery & Supplies & Components,54.86,62.25,46.44,55.08,54.38,53.31,51.29,51.37,0.1,2.5,56.23,50.39
FOXA,Fox Corporation (Class A),Communication Services,Broadcasting,70.5,71.82,46.62,71.28,69.85,67.57,64.08,57.36,0.2,3.3,72.83,62.3
FOX,Fox Corporation (Class B),Communication Services,Broadcasting,62.89,63.44,43.59,63.21,61.99,60.26,57.38,52.29,0.0,2.29,64.33,56.18
BEN,Franklin Resources,Financials,Asset Management & Custody Banks,23.41,25.67,16.21,23.45,23.24,22.58,22.72,22.03,-0.2,3.12,24.14,21.02
FCX,Freeport-McMoRan,Materials,Copper,47.58,48.11,28.82,47.41,46.12,43.75,42.17,40.67,-0.2,3.34,49.17,38.33
GRMN,Garmin,Consumer Discretionary,Consumer Electronics,207.4,258.66,171.47,208.45,204.66,198.33,216.14,214.44,0.2,2.64,212.88,183.8
IT,Gartner,Information Technology,IT Consulting & Other Services,246.84,548.38,224.13,238.12,234.11,232.03,237.3,332.45,0.0,-1.45,243.26,220.8
GE,GE Aerospace,Industrials,Aerospace & Defense,299.1,314.28,158.97,294.38,290.87,292.2,299.64,256.09,0.0,1.43,303.38,281.01
GEHC,GE HealthCare,Health Care,Health Care Equipment,82.51,93.35,58.67,84.29,83.91,80.6,77.01,74.46,0.4,7.72,88.88,72.31
GEV,GE Vernova,Industrials,Heavy Electrical Equipment,689.33,723.0,269.69,693.92,657.92,618.22,600.59,516.09,0.2,4.13,717.8,518.64
GEN,Gen Digital,Information Technology,Systems Software,27.38,31.88,23.2,27.46,27.18,26.73,26.62,27.79,0.1,1.61,27.82,25.64
GNRC,Generac,Industrials,Electrical Components & Equipment,155.52,202.85,101.92,161.78,161.78,154.6,165.29,151.71,0.0,9.89,170.9,138.3
GD,General Dynamics,Industrials,Aerospace & Defense,337.46,353.77,238.33,339.87,338.67,339.0,340.86,303.07,0.2,2.12,344.61,333.39
GIS,General Mills,Consumer Staples,Packaged Foods & Meats,46.99,63.77,45.64,46.54,46.24,46.76,47.3,51.15,0.0,2.77,48.29,45.24
GM,General Motors,Consumer Discretionary,Automobile Manufacturers,81.73,81.98,42.15,81.25,78.49,74.75,68.89,55.6,0.0,2.52,83.79,65.7
GPC,Genuine Parts Company,Consumer Discretionary,Distributors,129.92,141.64,103.09,131.72,130.15,128.55,128.65,125.71,-0.2,2.82,133.58,123.52
GILD,Gilead Sciences,Health Care,Biotechnology,119.14,128.07,87.29,120.57,121.68,123.89,121.71,112.4,0.2,8.59,129.37,118.4
GPN,Global Payments,Financials,Transaction & Payment Processing Services,81.53,114.16,66.86,80.44,79.61,76.46,79.86,82.53,0.0,2.4,83.49,69.44
GL,Globe Life,Financials,Life & Health Insurance,141.04,146.27,103.56,137.75,134.59,133.67,134.03,129.6,-0.2,-0.76,139.97,127.38
GDDY,GoDaddy,Information Technology,Internet Services & Infrastructure,124.96,214.35,123.81,125.58,127.02,126.69,129.61,157.78,0.0,4.33,130.37,123.01
GS,Goldman Sachs,Financials,Investment Banking & Brokerage,881.19,911.03,455.22,891.8,873.12,833.36,800.09,682.96,0.2,4.77,923.22,743.46
HAL,Halliburton,Energy,Oil & Gas Equipment & Services,27.27,29.12,18.84,28.49,28.28,27.14,26.1,22.83,0.0,8.76,29.66,24.61
HIG,Hartford (The),Financials,Property & Casualty Insurance,138.0,138.67,104.54,135.5,133.16,134.13,130.05,125.81,0.2,1.25,139.72,128.53
HAS,Hasbro,Consumer Discretionary,Leisure Products,79.99,83.96,49.29,81.75,81.52,80.67,77.5,70.41,0.2,6.41,85.12,76.22
HCA,HCA Healthcare,Health Care,Health Care Facilities,468.39,515.08,294.49,475.82,481.03,488.63,464.82,392.31,0.0,10.04,515.42,461.86
DOC,Healthpeak Properties,Real Estate,Health Care REITs,16.5,19.95,16.25,16.62,16.78,17.35,17.73,17.68,-0.2,12.79,18.61,16.09
HSIC,Henry Schein,Health Care,Health Care Distributors,77.12,81.91,62.03,76.21,74.54,73.8,69.25,69.24,0.2,0.82,77.75,69.84
HSY,Hershey Company (The),Consumer Staples,Packaged Foods & Meats,188.01,194.06,140.14,183.92,182.45,183.76,180.85,173.46,0.0,0.84,189.59,177.95
HPE,Hewlett Packard Enterprise,Information Technology,"Technology Hardware, Storage & Peripherals",24.28,26.25,12.35,24.4,23.91,22.54,23.32,20.1,-0.2,5.68,25.66,19.43
HLT,Hilton Worldwide,Consumer Discretionary,"Hotels, Resorts & Cruise Lines",285.62,285.85,200.93,280.22,276.61,276.68,269.47,256.16,0.0,1.75,290.62,262.72
HOLX,Hologic,Health Care,Health Care Equipment,75.0,75.19,52.73,74.95,74.93,74.72,73.02,65.61,0.0,0.51,75.38,74.06
HD,Home Depot (The),Consumer Discretionary,Home Improvement Retail,353.78,420.7,329.16,355.8,353.56,348.57,365.71,369.73,0.2,3.55,366.34,330.8
HON,Honeywell,Industrials,Industrial Conglomerates,197.91,224.06,169.57,194.99,193.41,191.98,194.47,200.25,0.0,-0.54,196.84,187.1
HRL,Hormel Foods,Consumer Staples,Packaged Foods & Meats,23.72,31.7,21.29,23.76,23.75,23.23,23.07,27.03,0.1,3.41,24.53,21.94
HST,Host Hotels & Resorts,Real Estate,Hotel & Resort REITs,18.31,18.64,12.39,18.25,17.79,17.59,17.06,15.79,0.0,1.2,18.53,16.66
HWM,Howmet Aerospace,Industrials,Aerospace & Defense,195.07,209.74,107.4,195.78,194.54,197.6,198.29,172.19,0.0,5.43,205.66,189.52
HPQ,HP Inc.,Information Technology,"Technology Hardware, Storage & Peripherals",24.83,33.25,21.17,24.93,25.06,24.31,25.59,25.73,-0.2,5.96,26.31,22.31
HUBB,Hubbell Incorporated,Industrials,Industrial Machinery & Supplies & Components,439.68,471.0,312.92,448.7,443.13,432.81,436.83,402.46,0.2,4.33,458.72,406.88
HUM,Humana,Health Care,Managed Health Care,258.24,310.91,219.64,264.92,259.92,247.78,262.19,257.59,0.0,7.0,276.32,219.24
HBAN,Huntington Bancshares,Financials,Regional Banks,17.61,17.91,12.26,17.56,17.24,16.54,16.09,15.85,0.2,3.24,18.18,14.9
HII,Huntington Ingalls Industries,Industrials,Aerospace & Defense,326.33,329.16,156.09,326.46,319.28,313.8,304.97,254.5,0.2,1.27,330.47,297.1
IBM,IBM,Information Technology,IT Consulting & Other Services,303.63,314.98,211.92,308.99,308.31,303.87,299.06,266.72,0.0,4.66,317.78,289.97
IEX,IDEX Corporation,Industrials,Industrial Machinery & Supplies & Components,177.16,221.67,156.86,177.42,177.29,172.93,169.37,172.14,0.1,4.33,184.83,161.03
IDXX,Idexx Laboratories,Health Care,Health Care Equipment,691.94,766.68,361.04,700.18,709.78,715.3,681.87,566.84,0.0,11.11,768.81,661.8
ITW,Illinois Tool Works,Industrials,Industrial Machinery & Supplies & Components,250.85,269.49,215.75,253.42,251.27,248.13,247.91,249.18,-0.1,2.74,257.72,238.54
INCY,Incyte,Health Care,Biotechnology,96.86,108.26,55.17,96.44,97.85,100.65,96.97,77.39,0.0,11.33,107.83,93.46
IR,Ingersoll Rand,Industrials,Industrial Machinery & Supplies & Components,80.01,101.0,66.7,81.57,80.51,79.06,78.31,80.09,0.1,5.04,84.04,74.08
PODD,Insulet Corporation,Health Care,Health Care Equipment,289.05,352.82,237.06,293.12,298.4,312.4,317.73,301.35,-0.2,19.94,346.69,278.13
INTC,Intel,Information Technology,Semiconductors,37.33,43.76,18.13,38.59,39.94,38.47,38.1,26.72,0.0,18.86,44.37,32.58
IBKR,Interactive Brokers,Financials,Investment Banking & Brokerage,62.92,72.99,35.93,64.53,64.94,64.06,67.06,57.29,0.0,6.61,67.08,61.04
ICE,Intercontinental Exchange,Financials,Financial Exchanges & Data,160.68,187.92,141.62,161.75,159.76,157.24,155.14,169.18,0.1,1.9,163.73,150.76
IFF,International Flavors & Fragrances,Materials,Specialty Chemicals,64.17,86.24,59.55,64.12,65.53,66.44,64.54,70.27,-0.1,9.85,70.49,62.39
IP,International Paper,Materials,Paper & Plastic Packaging Products & Materials,38.69,57.74,35.6,38.8,38.75,38.33,40.77,45.79,0.2,4.52,40.44,36.22
INTU,Intuit,Information Technology,Application Software,671.07,805.92,541.4,667.01,663.14,653.21,657.43,677.17,-0.2,1.51,681.2,625.23
ISRG,Intuitive Surgical,Health Care,Health Care Equipment,554.27,610.45,429.59,551.88,559.81,562.67,531.42,507.92,0.2,5.14,582.76,542.58
IVZ,Invesco,Financials,Asset Management & Custody Banks,26.07,27.0,11.76,26.52,25.85,24.7,23.84,18.79,0.2,5.79,27.58,21.83
INVH,Invitation Homes,Real Estate,Single-Family Residential REITs,26.89,34.81,26.09,26.63,26.81,27.36,27.96,30.86,-0.2,6.69,28.69,26.04
IQV,IQVIA,Health Care,Life Sciences Tools & Services,221.6,231.92,137.0,223.28,223.6,224.44,217.15,181.65,0.0,5.3,233.34,215.54
IRM,Iron Mountain,Real Estate,Other Specialized REITs,81.24,107.44,74.93,83.58,83.67,84.02,94.26,92.84,0.0,7.75,87.54,80.5
JBHT,J.B. Hunt,Industrials,Cargo Ground Transportation,196.62,199.55,123.62,196.34,192.12,179.73,168.09,148.34,0.0,5.39,207.22,152.24
JBL,Jabil,Information Technology,Electronic Manufacturing Services,215.24,234.36,116.73,224.61,222.94,212.93,210.58,190.57,0.4,9.92,236.59,189.27
JKHY,Jack Henry & Associates,Financials,Transaction & Payment Processing Services,187.62,189.35,145.77,185.51,181.94,175.62,163.25,168.89,-0.1,1.83,191.05,160.19
J,Jacobs Solutions,Industrials,Construction & Engineering,133.93,164.04,108.92,135.74,137.35,137.22,148.62,135.94,0.0,11.1,148.8,125.65
JNJ,Johnson & Johnson,Health Care,Pharmaceuticals,209.29,214.17,137.84,210.32,206.29,205.2,195.79,169.72,0.2,1.8,213.06,197.35
JCI,Johnson Controls,Industrials,Building Products,119.19,122.66,70.88,117.14,115.86,115.34,114.13,101.26,0.2,-0.74,118.31,112.37
JPM,JPMorgan Chase,Financials,Diversified Banks,316.97,320.41,208.26,316.6,314.2,308.98,307.16,279.66,0.0,2.14,323.75,294.22
KVUE,Kenvue,Consumer Staples,Personal Care Products,17.25,23.7,13.93,17.28,17.11,16.93,16.13,19.9,-0.1,2.67,17.71,16.15
KDP,Keurig Dr Pepper,Consumer Staples,Soft Drinks & Non-alcoholic Beverages,28.62,35.14,25.3,29.27,29.0,28.28,27.49,30.93,0.3,4.65,29.95,26.61
KEY,KeyCorp,Financials,Regional Banks,20.59,20.69,12.78,20.45,19.7,18.67,17.96,16.87,0.0,2.77,21.16,16.19
KEYS,Keysight Technologies,Information Technology,Electronic Equipment & Instruments,204.7,214.14,127.02,209.58,209.42,197.6,182.88,165.14,0.2,10.92,227.05,168.16
KMB,Kimberly-Clark,Consumer Staples,Household Products,102.54,142.87,98.85,103.02,103.13,103.86,108.89,124.68,0.2,4.78,107.44,100.27
KIM,Kimco Realty,Real Estate,Retail REITs,20.15,23.46,18.04,20.15,20.09,20.09,20.61,20.63,0.0,1.94,20.54,19.64
KMI,Kinder Morgan,Energy,Oil & Gas Storage & Transportation,26.36,29.9,24.4,26.64,27.06,27.0,26.8,26.84,0.1,5.31,27.76,26.24
KKR,KKR & Co.,Financials,Asset Management & Custody Banks,133.61,166.13,92.38,137.87,133.97,126.56,122.9,126.31,0.1,7.49,143.62,109.5
KLAC,KLA Corporation,Information Technology,Semiconductor Materials & Equipment,1226.25,1246.18,572.94,1232.41,1221.08,1180.45,1159.94,909.64,0.0,3.7,1271.62,1089.23
KHC,Kraft Heinz,Consumer Staples,Packaged Foods & Meats,24.58,30.79,23.35,24.45,24.5,24.72,24.62,26.31,0.1,3.46,25.43,24.02
KR,Kroger,Consumer Staples,Food Retail,62.25,73.58,57.2,62.31,62.99,64.8,65.68,67.43,-0.2,10.91,69.04,60.56
LHX,L3Harris,Industrials,Aerospace & Defense,282.57,305.49,190.99,286.77,282.96,280.76,286.91,255.77,0.0,2.87,290.68,270.83
LH,Labcorp,Health Care,Health Care Services,258.74,290.15,210.49,261.37,261.84,263.11,266.77,256.26,0.0,4.46,270.28,255.93
LRCX,Lam Research,Information Technology,Semiconductor Materials & Equipment,163.3,168.71,58.73,165.02,162.92,156.37,152.82,106.93,0.0,5.87,172.89,139.87
LW,Lamb Weston,Consumer Staples,Packaged Foods & Meats,59.81,80.24,47.44,59.48,59.51,58.67,61.03,55.34,0.0,2.84,61.51,55.83
LVS,Las Vegas Sands,Consumer Discretionary,Casinos & Gaming,67.48,69.49,30.23,66.48,66.54,66.49,60.85,49.14,0.0,3.08,69.56,63.42
LDOS,Leidos,Industrials,Diversified Support Services,182.52,199.1,125.54,187.15,187.19,187.67,189.71,165.73,-0.2,5.43,192.43,182.9
LEN,Lennar,Consumer Discretionary,Homebuilding,117.03,146.95,101.41,119.06,121.7,123.21,123.05,117.89,0.2,15.36,135.01,111.41
LII,Lennox International,Industrials,Building Products,494.27,662.88,444.26,502.31,501.86,486.05,499.6,552.33,0.0,6.98,528.77,443.3
LLY,Lilly (Eli),Health Care,Pharmaceuticals,1048.12,1109.94,623.36,1028.17,1017.9,1041.28,942.35,813.47,0.0,5.77,1108.6,974.01
LIN,Linde plc,Materials,Industrial Gases,423.36,481.82,389.38,410.51,404.48,406.43,424.77,451.85,0.4,-0.04,423.19,389.65
LYV,Live Nation Entertainment,Communication Services,Movies & Entertainment,138.82,174.06,115.79,140.86,139.65,134.74,142.93,144.67,-0.2,4.61,145.22,124.25
LKQ,LKQ Corporation,Consumer Discretionary,Distributors,29.94,42.58,28.17,30.54,29.74,29.58,29.87,34.59,-0.2,3.44,30.97,28.18
LMT,Lockheed Martin,Industrials,Aerospace & Defense,477.34,510.37,404.69,476.97,466.45,460.34,473.19,458.82,-0.2,1.89,486.36,434.32
L,Loews Corporation,Financials,Multi-line Insurance,104.14,108.26,80.73,104.22,103.82,105.18,102.7,93.79,-0.2,4.54,108.87,101.48
LOW,Lowe's,Consumer Discretionary,Home Improvement Retail,247.62,271.68,208.44,247.59,246.7,240.91,238.71,233.94,0.2,3.98,257.48,224.35
LULU,Lululemon Athletica,Consumer Discretionary,"Apparel, Accessories & Luxury Goods",206.6,421.16,159.87,198.5,191.37,182.74,175.61,229.6,-0.1,0.47,207.57,157.9
LYB,LyondellBasell,Materials,Specialty Chemicals,42.88,71.62,41.19,44.19,43.85,44.39,44.43,52.98,0.0,12.94,48.43,40.34
MTB,M&T Bank,Financials,Regional Banks,204.04,205.75,153.05,203.35,199.0,192.19,186.56,183.36,0.0,2.21,208.55,175.83
MPC,Marathon Petroleum,Energy,Oil & Gas Refining & Marketing,176.36,199.13,116.64,185.21,187.65,190.18,190.01,167.12,0.0,12.95,199.2,181.17
MAR,Marriott International,Consumer Discretionary,"Hotels, Resorts & Cruise Lines",305.93,308.49,209.55,296.34,296.94,295.44,280.87,263.08,0.0,2.67,314.1,276.79
MMC,Marsh McLennan,Financials,Insurance Brokers,187.55,242.13,176.58,184.1,183.44,182.21,186.23,208.83,0.0,-0.23,187.12,177.32
MLM,Martin Marietta Materials,Materials,Construction Materials,629.75,655.98,450.65,629.47,624.06,615.79,618.42,568.26,-0.2,1.62,639.95,591.6
MAS,Masco,Industrials,Building Products,64.77,80.35,57.89,64.35,63.75,63.09,64.42,66.17,-0.2,3.1,66.78,59.4
MA,Mastercard,Financials,Transaction & Payment Processing Services,566.05,598.17,477.88,561.87,552.89,546.24,554.48,558.39,-0.2,0.95,571.43,521.05
MTCH,Match Group,Communication Services,Interactive Media & Services,32.47,38.56,26.72,33.05,33.54,33.09,32.79,32.47,0.0,7.51,34.91,31.28
MKC,McCormick & Company,Consumer Staples,Packaged Foods & Meats,68.29,83.15,63.3,66.09,65.04,65.88,65.79,71.06,-0.1,1.55,69.35,62.42
MCD,McDonald's,Consumer Discretionary,Restaurants,315.14,318.73,273.36,314.17,311.89,308.45,304.18,302.77,0.2,1.01,318.32,298.58
MCK,McKesson Corporation,Health Care,Health Care Distributors,808.99,888.45,560.41,814.89,809.56,836.44,819.62,728.42,0.0,10.8,896.36,776.5
MDT,Medtronic,Health Care,Health Care Equipment,97.91,105.35,77.44,99.37,100.31,101.45,97.14,90.26,-0.2,7.87,105.62,97.29
MRK,Merck & Co.,Health Care,Pharmaceuticals,98.44,104.76,71.42,98.62,98.76,99.08,91.42,83.52,0.2,6.6,104.94,93.23
META,Meta Platforms,Communication Services,Interactive Media & Services,661.26,788.82,483.57,650.85,654.99,636.75,664.59,670.0,0.0,4.03,687.91,585.62
MET,MetLife,Financials,Life & Health Insurance,82.49,84.55,66.92,81.0,79.35,77.42,78.35,77.64,-0.2,0.01,82.5,72.33
MTD,Mettler Toledo,Health Care,Life Sciences Tools & Services,1386.71,1506.02,970.15,1399.61,1409.91,1427.41,1400.16,1245.82,0.2,8.35,1502.5,1352.29
MGM,MGM Resorts,Consumer Discretionary,Casinos & Gaming,36.93,40.37,25.79,36.97,36.25,34.59,33.22,33.73,0.1,5.31,38.89,30.29
MCHP,Microchip Technology,Information Technology,Semiconductors,65.91,74.07,34.52,67.45,66.56,59.24,60.35,59.74,0.0,12.81,74.35,44.13
MU,Micron Technology,Information Technology,Semiconductors,233.54,263.71,64.62,246.87,243.17,234.5,224.08,138.99,0.0,12.91,263.69,205.3
MSFT,Microsoft,Information Technology,Systems Software,476.58,541.06,352.67,478.39,481.67,482.58,502.16,471.31,0.0,3.97,495.5,469.64
MAA,Mid-America Apartment Communities,Real Estate,Multi-Family Residential REITs,133.65,165.69,126.28,132.66,132.39,132.95,131.96,144.57,-0.3,2.24,136.64,129.26
MRNA,Moderna,Health Care,Biotechnology,29.89,47.53,22.36,29.59,28.25,26.29,26.19,27.53,0.1,3.78,31.02,21.56
MHK,Mohawk Industries,Consumer Discretionary,Home Furnishings,109.95,139.75,97.99,111.66,111.14,110.96,114.86,114.72,0.2,7.78,118.5,103.41
MOH,Molina Healthcare,Health Care,Managed Health Care,160.79,353.24,134.51,162.32,156.46,149.52,162.13,233.03,0.0,4.28,167.67,131.37
TAP,Molson Coors Beverage Company,Consumer Staples,Brewers,47.93,61.12,42.77,47.42,46.49,46.13,45.59,50.27,0.1,-0.02,47.92,44.34
MDLZ,Mondelez International,Consumer Staples,Packaged Foods & Meats,54.12,70.19,53.79,54.03,54.77,55.59,57.98,63.06,-0.2,6.8,57.8,53.37
MPWR,Monolithic Power Systems,Information Technology,Semiconductors,952.64,1105.05,453.43,961.81,962.96,931.8,970.6,776.65,0.0,6.06,1010.37,853.21
MNST,Monster Beverage,Consumer Staples,Soft Drinks & Non-alcoholic Beverages,75.43,75.95,46.16,74.04,73.98,73.76,70.83,63.55,0.0,0.93,76.13,71.39
MCO,Moody's Corporation,Financials,Financial Exchanges & Data,493.62,523.49,394.44,486.6,488.6,484.05,483.04,480.03,0.0,1.14,499.25,468.85
MS,Morgan Stanley,Financials,Investment Banking & Brokerage,176.84,180.29,97.76,178.61,177.38,170.81,164.93,140.31,0.2,4.9,185.51,156.11
MOS,Mosaic Company (The),Materials,Fertilizers & Agricultural Chemicals,23.53,37.21,22.27,24.71,24.27,24.18,26.68,30.52,0.0,8.29,25.48,22.89
MSI,Motorola Solutions,Information Technology,Communications Equipment,363.58,487.57,363.49,365.65,368.64,369.09,401.47,423.53,0.2,3.34,375.72,362.48
MSCI,MSCI Inc.,Financials,Financial Exchanges & Data,551.83,620.46,501.79,548.85,544.3,551.72,557.01,556.3,0.0,3.34,570.26,533.18
NDAQ,"Nasdaq, Inc.",Financials,Financial Exchanges & Data,93.15,96.38,65.81,93.08,91.42,89.71,88.46,85.36,0.2,1.55,94.59,84.83
NTAP,NetApp,Information Technology,"Technology Hardware, Storage & Peripherals",113.54,125.81,75.4,116.69,116.47,112.41,114.73,104.76,-0.2,7.27,121.79,103.03
NFLX,Netflix,Communication Services,Movies & Entertainment,94.49,133.91,82.84,94.05,97.12,102.44,109.9,113.3,-0.2,21.73,115.02,89.86
NEM,Newmont,Materials,Gold,98.6,99.69,36.38,98.05,94.35,90.9,88.08,66.91,0.2,2.45,101.02,80.77
NWSA,News Corp (Class A),Communication Services,Publishing,25.92,31.03,23.89,26.08,25.93,25.65,26.05,27.75,0.0,1.85,26.4,24.89
NWS,News Corp (Class B),Communication Services,Publishing,29.41,35.06,27.33,29.48,29.39,29.13,29.62,31.7,0.0,1.84,29.95,28.31
NEE,NextEra Energy,Utilities,Multi-Utilities,81.32,86.29,62.68,81.42,81.88,83.19,83.22,73.59,0.0,6.67,86.74,79.65
NKE,"Nike, Inc.",Consumer Discretionary,"Apparel, Accessories & Luxury Goods",67.18,79.84,52.31,67.19,66.0,64.55,65.05,66.67,0.0,2.22,68.67,60.44
NI,NiSource,Utilities,Multi-Utilities,41.6,44.13,34.46,41.57,41.64,42.35,42.78,40.51,0.0,5.79,44.01,40.69
NDSN,Nordson Corporation,Industrials,Industrial Machinery & Supplies & Components,237.31,238.93,166.29,235.86,236.62,234.59,233.83,215.07,0.2,2.2,242.53,226.66
NSC,Norfolk Southern,Industrials,Rail Transportation,294.82,299.49,203.11,295.92,294.55,290.52,287.32,261.48,0.2,2.19,301.28,279.75
NTRS,Northern Trust,Financials,Asset Management & Custody Banks,138.38,140.09,82.84,137.81,134.92,131.01,128.87,116.42,0.2,1.97,141.11,120.91
NOC,Northrop Grumman,Industrials,Aerospace & Defense,568.92,635.37,426.05,565.97,558.94,560.18,577.53,536.03,0.0,1.43,577.06,543.3
NCLH,Norwegian Cruise Line Holdings,Consumer Discretionary,"Hotels, Resorts & Cruise Lines",21.65,29.07,15.5,20.2,19.51,18.77,20.6,20.92,0.2,-3.37,20.92,16.62
NRG,NRG Energy,Utilities,Independent Power Producers & Energy Traders,160.54,178.04,82.84,164.15,165.08,165.21,166.89,144.75,0.0,7.21,172.11,158.3
NUE,Nucor,Materials,Steel,162.71,166.57,102.37,164.15,162.49,158.59,148.78,133.68,0.0,4.39,169.85,147.33
NVDA,Nvidia,Information Technology,Semiconductors,177.87,207.03,94.29,178.78,180.98,180.8,186.46,156.63,0.0,5.08,186.91,174.7
NVR,"NVR, Inc.",Consumer Discretionary,Homebuilding,7551.55,8587.63,6700.0,7543.45,7521.11,7446.96,7444.89,7518.51,-0.1,2.82,7764.5,7129.78
NXPI,NXP Semiconductors,Information Technology,Semiconductors,230.23,241.33,151.41,230.57,228.65,210.91,210.7,208.64,0.2,7.85,248.3,173.52
ORLY,O’Reilly Automotive,Consumer Discretionary,Automotive Retail,93.33,107.82,78.66,94.03,95.95,98.03,98.32,96.12,-0.2,11.06,103.65,92.41
OXY,Occidental Petroleum,Energy,Oil & Gas Exploration & Production,40.19,51.56,35.51,41.1,41.52,41.48,41.62,43.05,-0.2,5.92,42.57,40.4
ODFL,Old Dominion,Industrials,Cargo Ground Transportation,156.52,207.79,126.04,157.94,154.99,144.2,140.32,152.68,0.1,6.84,167.23,121.18
OMC,Omnicom Group,Communication Services,Advertising,80.9,87.76,68.6,78.42,75.23,74.01,75.47,74.94,0.2,-0.79,80.26,67.75
ON,ON Semiconductor,Information Technology,Semiconductors,54.76,67.9,31.95,55.18,55.42,51.75,50.78,48.37,0.2,9.17,59.78,43.72
OKE,Oneok,Energy,Oil & Gas Storage & Transportation,71.11,104.36,64.31,72.99,74.22,72.68,69.86,77.2,-0.3,8.25,76.98,68.38
ORCL,Oracle Corporation,Information Technology,Application Software,189.46,327.76,122.35,197.24,206.79,206.48,243.11,212.66,-0.2,21.51,230.21,182.75
OTIS,Otis Worldwide,Industrials,Industrial Machinery & Supplies & Components,88.03,102.87,84.13,88.06,87.38,87.56,89.39,92.63,0.0,1.23,89.11,86.01
PCAR,Paccar,Industrials,Construction Machinery & Heavy Transportation Equipment,111.92,113.48,85.53,112.54,110.87,106.52,100.84,96.99,0.2,4.42,116.87,96.17
PKG,Packaging Corporation of America,Materials,Paper & Plastic Packaging Products & Materials,203.66,237.61,173.82,201.89,199.19,198.89,202.05,197.99,-0.2,1.77,207.26,190.52
PLTR,Palantir Technologies,Information Technology,Application Software,188.01,207.18,64.98,186.06,182.94,173.55,179.83,145.43,-0.2,3.36,194.33,152.76
PANW,Palo Alto Networks,Information Technology,Systems Software,187.66,221.38,152.44,189.71,192.71,190.96,204.18,192.14,0.0,7.42,201.58,180.33
PSKY,Paramount Skydance Corporation,Communication Services,Movies & Entertainment,13.94,19.73,10.05,14.1,14.26,14.99,15.79,13.76,-0.2,19.37,16.64,13.34
PH,Parker Hannifin,Industrials,Industrial Machinery & Supplies & Components,875.34,899.13,513.45,886.41,879.75,861.24,809.82,709.37,0.2,3.69,907.64,814.88
PAYX,Paychex,Industrials,Human Resource & Employment Services,115.35,157.06,108.46,114.2,113.14,111.85,116.69,135.88,0.2,0.12,115.49,108.21
PAYC,Paycom,Industrials,Human Resource & Employment Services,163.45,264.67,159.21,164.55,164.58,162.9,178.05,214.93,0.0,2.32,167.24,158.56
PYPL,PayPal,Financials,Transaction & Payment Processing Services,61.47,91.6,57.28,61.34,61.39,61.25,65.58,68.32,0.2,3.03,63.33,59.17
PNR,Pentair,Industrials,Industrial Machinery & Supplies & Components,104.52,112.34,75.59,104.51,104.76,104.34,106.84,100.44,0.2,2.72,107.36,101.32
PEP,PepsiCo,Consumer Staples,Soft Drinks & Non-alcoholic Beverages,150.18,152.22,124.61,150.16,147.82,146.93,146.37,139.5,0.0,0.71,151.25,142.62
PFE,Pfizer,Health Care,Pharmaceuticals,25.44,26.9,20.47,25.86,25.77,25.51,24.91,23.87,0.0,3.73,26.39,24.64
PCG,PG&E Corporation,Utilities,Multi-Utilities,15.34,20.3,12.98,15.15,15.14,15.49,16.0,15.67,-0.4,6.19,16.29,14.68
PM,Philip Morris International,Consumer Staples,Tobacco,157.88,181.86,114.18,154.13,151.74,153.65,153.75,162.23,-0.2,1.63,160.45,146.84
PSX,Phillips 66,Energy,Oil & Gas Refining & Marketing,132.03,143.81,90.32,140.44,139.98,137.75,135.09,122.98,-0.2,9.71,144.85,130.65
PNW,Pinnacle West Capital,Utilities,Multi-Utilities,88.1,92.82,78.54,87.52,87.68,88.58,89.47,89.24,0.0,3.12,90.85,86.31
PNC,PNC Financial Services,Financials,Diversified Banks,210.49,211.49,145.61,210.09,204.44,196.3,188.82,182.22,0.0,2.41,215.56,177.03
POOL,Pool Corporation,Consumer Discretionary,Distributors,237.05,363.58,230.21,237.91,239.86,239.63,262.38,297.07,0.0,4.53,247.79,231.48
PPG,PPG Industries,Materials,Specialty Chemicals,103.89,121.09,89.82,102.87,101.72,99.85,99.21,106.02,-0.1,1.29,105.23,94.47
PPL,PPL Corporation,Utilities,Electric Utilities,34.12,37.66,30.6,33.82,33.83,34.83,35.98,35.0,-0.2,8.53,37.03,32.62
PFG,Principal Financial Group,Financials,Life & Health Insurance,89.56,91.54,67.57,90.03,88.0,85.41,82.74,78.88,0.2,2.55,91.84,78.98
PG,Procter & Gamble,Consumer Staples,Personal Care Products,145.55,172.77,138.34,142.82,142.76,145.29,147.41,155.92,0.0,4.41,151.97,138.61
PGR,Progressive Corporation,Financials,Property & Casualty Insurance,231.85,290.89,203.7,231.26,228.3,227.49,224.08,252.5,-0.1,1.27,234.79,220.17
PLD,Prologis,Real Estate,Industrial REITs,127.77,130.66,88.13,129.23,128.71,127.26,124.33,111.48,0.2,3.3,131.99,122.53
PRU,Prudential Financial,Financials,Life & Health Insurance,117.08,117.6,91.53,115.63,112.89,109.4,105.02,103.05,0.0,1.16,118.44,100.36
PEG,Public Service Enterprise Group,Utilities,Electric Utilities,80.28,88.72,75.32,79.48,79.32,80.28,81.18,80.77,-0.2,3.2,82.85,77.71
PTC,PTC Inc.,Information Technology,Application Software,174.78,216.53,136.74,175.34,175.7,174.3,186.93,181.7,0.0,2.25,178.71,169.9
PSA,Public Storage,Real Estate,Self-Storage REITs,268.73,311.8,260.94,269.43,271.68,271.05,282.99,287.08,0.0,3.46,278.03,264.09
PHM,PulteGroup,Consumer Discretionary,Homebuilding,124.19,141.19,91.67,126.52,126.57,124.06,122.28,114.51,0.2,7.89,133.99,114.13
PWR,Quanta Services,Industrials,Construction & Engineering,440.23,466.91,236.5,452.64,456.25,450.22,442.86,367.83,0.0,8.03,475.58,424.85
QCOM,Qualcomm,Information Technology,Semiconductors,176.51,186.73,122.59,179.51,177.22,170.91,170.46,156.61,0.2,4.66,184.74,157.08
DGX,Quest Diagnostics,Health Care,Health Care Services,179.11,192.35,148.06,180.78,181.76,184.97,183.41,176.02,0.2,7.67,192.85,177.11
Q,Qnity Electronics,Information Technology,Semiconductor Materials & Equipment,78.7,,,81.05,82.04,79.93,,,0.3,10.3,86.81,73.05
RL,Ralph Lauren Corporation,Consumer Discretionary,"Apparel, Accessories & Luxury Goods",370.85,371.7,181.18,364.68,361.93,354.41,337.3,284.27,0.2,3.92,385.39,323.42
RJF,Raymond James Financial,Financials,Investment Banking & Brokerage,162.37,175.92,122.89,164.2,162.53,158.71,160.75,154.53,0.0,3.37,167.84,149.59
RTX,RTX Corporation,Industrials,Aerospace & Defense,179.87,182.11,112.01,178.56,174.71,173.31,171.87,149.48,0.0,0.46,180.7,165.92
O,Realty Income,Real Estate,Retail REITs,57.56,60.07,48.92,57.45,57.64,57.22,57.65,56.33,0.0,1.81,58.6,55.85
REG,Regency Centers,Real Estate,Retail REITs,67.29,74.66,63.5,67.2,67.56,68.6,69.46,69.75,0.0,5.86,71.23,65.98
REGN,Regeneron Pharmaceuticals,Health Care,Biotechnology,747.1,787.32,481.73,733.06,727.54,738.09,663.42,598.18,0.0,6.05,792.3,683.85
RF,Regions Financial Corporation,Financials,Regional Banks,27.48,27.84,17.76,27.54,26.94,25.83,24.89,23.4,0.0,3.17,28.35,23.31
RSG,Republic Services,Industrials,Environmental & Facilities Services,214.55,256.75,198.59,211.59,212.91,214.42,215.05,232.72,0.0,2.84,220.64,208.2
RMD,ResMed,Health Care,Health Care Equipment,247.91,293.03,203.19,250.28,251.18,250.4,256.63,252.36,0.0,4.02,257.88,242.92
RVTY,Revvity,Health Care,Health Care Equipment,96.14,126.56,82.44,100.63,100.83,100.31,96.07,95.08,0.0,12.32,107.98,92.65
HOOD,Robinhood Markets,Financials,Investment Banking & Brokerage,119.54,152.46,34.17,122.67,128.82,123.53,131.29,93.21,0.0,19.14,142.42,104.63
ROK,Rockwell Automation,Industrials,Electrical Components & Equipment,401.99,413.05,216.41,406.42,404.35,393.8,373.44,323.86,0.0,4.52,420.16,367.44
ROL,"Rollins, Inc.",Industrials,Environmental & Facilities Services,59.62,61.5,45.1,59.18,59.97,60.05,58.3,56.26,0.0,4.36,62.22,57.89
ROP,Roper Technologies,Information Technology,Electronic Equipment & Instruments,445.62,591.12,439.64,444.64,444.88,444.43,462.91,528.36,-0.2,0.68,448.65,440.21
ROST,Ross Stores,Consumer Discretionary,Apparel Retail,182.71,184.28,121.95,182.81,180.06,175.56,164.71,145.2,0.0,3.95,189.93,161.2
RCL,Royal Caribbean Group,Consumer Discretionary,"Hotels, Resorts & Cruise Lines",282.45,364.72,176.89,277.72,267.2,264.09,278.62,277.4,0.0,1.01,285.3,242.89
SPGI,S&P Global,Financials,Financial Exchanges & Data,500.23,562.06,435.88,497.95,496.8,494.66,490.09,506.51,-0.1,0.52,502.83,486.47
CRM,Salesforce,Information Technology,Application Software,255.48,358.19,225.37,259.77,256.61,243.36,246.24,257.44,0.0,6.6,272.34,214.39
SNDK,Sandisk,Information Technology,"Technology Hardware, Storage & Peripherals",209.77,,,218.46,217.34,218.09,199.05,87.97,0.2,18.5,248.58,187.61
SBAC,SBA Communications,Real Estate,Telecom Tower REITs,190.41,239.71,186.46,191.45,190.44,191.97,193.01,212.33,0.2,3.92,197.87,186.07
SLB,Schlumberger,Energy,Oil & Gas Equipment & Services,37.74,42.4,31.19,39.27,38.7,37.2,35.78,35.14,0.4,7.31,40.5,33.89
STX,Seagate Technology,Information Technology,"Technology Hardware, Storage & Peripherals",288.48,307.85,65.98,293.69,283.98,271.6,255.28,163.84,0.0,6.6,307.52,235.69
SRE,Sempra,Utilities,Multi-Utilities,87.78,94.03,62.32,88.29,88.87,90.32,91.13,79.32,-0.2,7.07,93.99,86.65
NOW,ServiceNow,Information Technology,Systems Software,780.35,1170.39,721.65,826.33,836.62,825.86,870.42,910.98,-0.2,12.66,879.14,772.55
SHW,Sherwin-Williams,Materials,Specialty Chemicals,327.89,374.36,311.42,328.12,329.66,333.1,335.39,344.34,0.0,5.71,346.61,319.59
SPG,Simon Property Group,Real Estate,Retail REITs,183.01,185.39,135.26,182.54,181.1,181.04,178.59,165.81,0.0,1.05,184.93,177.15
SWKS,Skyworks Solutions,Information Technology,Semiconductors,65.69,90.17,47.71,67.22,68.15,66.07,69.92,69.2,0.2,8.91,71.54,60.61
SJM,J.M. Smucker Company (The),Consumer Staples,Packaged Foods & Meats,99.56,115.07,92.55,100.25,100.3,102.27,103.37,106.41,0.0,7.49,107.02,97.51
SW,Smurfit Westrock,Materials,Paper & Plastic Packaging Products & Materials,37.57,54.52,32.79,37.5,36.75,35.59,37.78,42.2,0.0,2.56,38.53,32.64
SNA,Snap-on,Industrials,Industrial Machinery & Supplies & Components,349.49,351.95,286.43,350.44,348.02,341.65,338.53,324.63,0.0,2.14,356.97,326.33
SOLS,Solstice Advanced Materials,Materials,Specialty Chemicals,47.95,,,49.21,48.18,46.71,,,-0.1,6.8,51.21,42.22
SOLV,Solventum,Health Care,Health Care Technology,80.81,85.77,63.01,82.07,82.9,82.82,76.06,73.45,0.2,9.14,88.2,77.45
SO,Southern Company,Utilities,Electric Utilities,85.58,98.91,78.34,84.97,85.75,87.64,91.46,90.31,-0.2,7.42,91.93,83.36
LUV,Southwest Airlines,Industrials,Passenger Airlines,42.32,42.32,23.77,41.16,39.12,36.34,33.86,31.94,0.0,1.8,43.08,29.6
SWK,Stanley Black & Decker,Industrials,Industrial Machinery & Supplies & Components,72.94,86.37,53.89,75.04,73.66,70.35,68.74,68.91,0.1,8.75,79.32,61.39
SBUX,Starbucks,Consumer Discretionary,Restaurants,85.3,113.43,77.9,84.93,84.76,84.79,83.7,87.18,-0.3,2.57,87.49,82.08
STT,State Street Corporation,Financials,Asset Management & Custody Banks,126.8,129.6,74.25,128.39,125.86,120.92,118.03,104.27,0.2,4.16,132.07,109.78
STLD,Steel Dynamics,Materials,Steel,169.3,173.01,108.4,169.58,168.65,164.52,156.47,135.45,0.0,4.22,176.44,152.6
STE,Steris,Health Care,Health Care Equipment,252.8,267.99,200.94,254.0,257.24,259.53,251.22,238.44,0.0,6.42,269.03,250.02
SYK,Stryker Corporation,Health Care,Health Care Equipment,352.56,402.61,335.89,353.75,356.59,362.31,366.25,374.83,0.0,7.18,377.87,346.74
SMCI,Supermicro,Information Technology,"Technology Hardware, Storage & Peripherals",31.57,60.71,26.85,32.84,33.72,33.42,42.42,42.78,0.0,13.49,35.83,31.01
SYF,Synchrony Financial,Financials,Consumer Finance,83.49,85.66,43.2,84.23,82.18,78.74,75.1,65.71,0.2,4.3,87.08,70.39
SNPS,Synopsys,Information Technology,Application Software,464.45,645.35,380.9,465.03,465.37,435.97,436.33,488.38,0.0,8.32,503.09,368.85
SYY,Sysco,Consumer Staples,Food Distributors,75.18,82.73,67.09,74.55,73.79,74.74,75.9,75.46,0.2,2.69,77.2,72.28
TMUS,T-Mobile US,Communication Services,Wireless Telecommunication Services,198.58,269.54,195.16,196.11,201.25,204.87,212.23,235.18,-0.2,8.77,216.0,193.74
TROW,T. Rowe Price,Financials,Asset Management & Custody Banks,103.5,113.52,77.29,103.35,103.77,101.41,101.87,97.0,-0.2,3.37,106.99,95.83
TTWO,Take-Two Interactive,Communication Services,Interactive Home Entertainment,244.53,262.29,178.61,245.25,246.07,243.23,248.69,233.54,0.2,3.21,252.38,234.08
TPR,"Tapestry, Inc.",Consumer Discretionary,"Apparel, Accessories & Luxury Goods",123.0,123.58,59.9,121.2,117.47,111.66,111.01,93.65,0.2,2.34,125.88,97.44
TRGP,Targa Resources,Energy,Oil & Gas Storage & Transportation,176.47,212.51,145.33,182.24,181.05,176.44,165.56,167.75,0.1,6.05,187.15,165.73
TGT,Target Corporation,Consumer Staples,Consumer Staples Merchandise Retail,97.76,136.48,83.68,96.8,94.54,91.23,90.75,94.78,0.1,1.82,99.54,82.93
TEL,TE Connectivity,Information Technology,Electronic Manufacturing Services,227.1,249.0,121.04,235.28,234.51,229.59,232.32,187.85,-0.2,7.59,244.34,214.85
TDY,Teledyne Technologies,Information Technology,Electronic Equipment & Instruments,508.11,593.62,435.54,514.93,512.84,504.26,526.46,517.24,0.4,3.52,526.0,482.53
TER,Teradyne,Information Technology,Semiconductor Materials & Equipment,191.51,204.01,67.74,197.51,198.5,184.79,168.9,113.93,0.2,13.09,216.58,153.0
TSLA,"Tesla, Inc.",Consumer Discretionary,Automobile Manufacturers,489.67,489.67,221.86,464.46,456.33,435.41,437.22,348.02,0.0,-0.69,486.29,384.53
TXN,Texas Instruments,Information Technology,Semiconductors,177.9,217.72,142.07,179.73,180.43,171.58,168.94,179.52,0.1,7.64,191.49,151.66
TPL,Texas Pacific Land Corporation,Energy,Oil & Gas Exploration & Production,818.49,1423.41,818.49,864.35,885.01,886.03,920.14,1064.03,-0.2,16.03,949.69,822.39
TXT,Textron,Industrials,Aerospace & Defense,86.3,87.94,60.68,86.66,85.18,83.4,82.34,78.13,0.2,2.06,88.08,78.73
TMO,Thermo Fisher Scientific,Health Care,Life Sciences Tools & Services,568.79,604.6,389.62,573.68,572.6,578.25,565.42,481.61,-0.2,4.74,595.75,560.77
TJX,TJX Companies,Consumer Discretionary,Apparel Retail,155.78,156.71,111.77,155.48,153.48,151.42,146.26,132.35,0.2,1.53,158.16,144.67
TKO,TKO Group Holdings,Communication Services,Movies & Entertainment,212.44,212.44,137.6,205.45,202.24,194.5,189.42,173.37,0.0,0.76,214.05,174.94
TTD,Trade Desk (The),Communication Services,Advertising,36.56,135.02,36.19,37.13,38.24,38.87,45.09,58.28,0.2,13.1,41.35,36.4
TSCO,Tractor Supply,Consumer Discretionary,Other Specialty Retail,52.76,62.38,47.42,52.47,53.06,53.25,54.04,54.33,0.0,4.25,55.0,51.5
TT,Trane Technologies,Industrials,Building Products,396.49,471.46,313.81,397.01,399.72,405.62,417.42,405.55,-0.2,6.44,422.02,389.22
TDG,TransDigm Group,Industrials,Aerospace & Defense,1271.42,1516.55,1152.5,1295.71,1318.8,1332.87,1314.42,1325.62,-0.3,8.73,1382.41,1283.31
TRV,Travelers Companies (The),Financials,Property & Casualty Insurance,289.58,293.36,228.7,285.34,282.82,285.9,278.33,266.66,0.0,2.01,295.4,276.4
TRMB,Trimble Inc.,Information Technology,Electronic Equipment & Instruments,80.61,85.24,55.12,81.37,81.82,80.39,79.57,75.3,0.0,6.07,85.5,75.28
TFC,Truist Financial,Financials,Diversified Banks,49.62,49.89,33.53,49.7,48.66,47.15,45.0,42.1,0.0,2.24,50.73,43.58
TYL,Tyler Technologies,Information Technology,Application Software,451.84,646.74,447.0,452.34,458.12,462.0,478.94,543.43,-0.2,5.37,476.1,447.88
TSN,Tyson Foods,Consumer Staples,Packaged Foods & Meats,58.24,62.13,50.27,58.98,57.69,56.6,53.89,55.3,0.1,4.72,60.99,52.21
USB,U.S. Bancorp,Financials,Diversified Banks,53.58,53.71,35.62,53.57,52.44,50.26,48.27,44.91,0.0,3.1,55.24,45.28
UBER,Uber,Industrials,Passenger Ground Transportation,80.61,100.1,59.93,83.44,87.18,86.71,91.29,87.58,-0.2,16.02,93.52,79.9
UDR,"UDR, Inc.",Real Estate,Multi-Family Residential REITs,35.58,44.54,33.56,35.42,35.45,35.43,35.32,38.71,0.1,2.95,36.63,34.22
ULTA,Ulta Beauty,Consumer Discretionary,Other Specialty Retail,590.92,602.97,314.47,595.56,585.0,553.61,538.36,473.16,0.2,6.48,629.21,477.98
UNP,Union Pacific Corporation,Industrials,Rail Transportation,235.98,248.49,204.53,237.6,236.01,230.8,225.37,223.58,0.2,3.17,243.46,218.14
UAL,United Airlines Holdings,Industrials,Passenger Airlines,112.28,112.28,56.15,108.59,107.13,102.02,99.13,87.97,0.2,2.3,114.86,89.18
UPS,United Parcel Service,Industrials,Air Freight & Logistics,99.68,127.5,81.17,100.16,98.12,96.11,91.84,93.01,0.1,2.03,101.7,90.52
URI,United Rentals,Industrials,Trading Companies & Distributors,820.64,1017.86,548.35,813.68,807.26,804.92,872.44,788.28,-0.2,1.39,832.05,777.82
UNH,UnitedHealth Group,Health Care,Managed Health Care,333.5,587.56,234.7,336.31,332.62,325.57,337.63,352.26,-0.2,3.42,344.91,306.24
UHS,Universal Health Services,Health Care,Health Care Facilities,222.08,243.98,154.65,223.75,227.54,231.11,220.93,190.1,-0.2,10.46,245.31,216.89
VLO,Valero Energy,Energy,Oil & Gas Refining & Marketing,162.85,184.27,102.32,169.39,172.2,174.42,170.3,143.72,0.0,12.77,183.65,165.2
VTR,Ventas,Real Estate,Health Care REITs,78.44,81.0,55.68,78.43,79.43,79.58,74.98,68.09,0.2,3.91,81.51,77.65
VLTO,Veralto,Industrials,Environmental & Facilities Services,99.24,109.64,85.14,98.94,100.0,99.98,100.69,100.64,0.2,4.57,103.78,96.19
VRSN,Verisign,Information Technology,Internet Services & Infrastructure,242.65,304.16,189.78,242.7,246.62,248.59,250.8,264.39,-0.2,5.71,256.51,240.67
VRSK,Verisk Analytics,Industrials,Research & Consulting Services,218.23,319.65,207.57,216.08,218.97,220.64,225.0,271.56,-0.2,4.06,227.09,214.19
VZ,Verizon,Communication Services,Integrated Telecommunication Services,40.74,44.3,36.0,40.51,40.76,40.82,40.36,41.7,-0.1,2.43,41.73,39.91
VRTX,Vertex Pharmaceuticals,Health Care,Biotechnology,457.63,513.76,366.54,448.18,449.21,438.85,427.09,441.84,-0.1,1.51,464.54,413.17
VTRS,Viatris,Health Care,Pharmaceuticals,11.53,12.02,7.0,11.61,11.28,10.9,10.49,9.31,0.2,2.78,11.85,9.96
VICI,Vici Properties,Real Estate,Hotel & Resort REITs,28.33,33.46,27.08,28.3,28.12,28.48,29.8,31.25,-0.2,3.92,29.44,27.52
V,Visa Inc.,Financials,Transaction & Payment Processing Services,345.14,371.92,304.76,342.25,335.25,332.08,337.6,343.29,0.0,0.8,347.9,316.26
VST,Vistra Corp.,Utilities,Electric Utilities,173.65,217.92,97.84,170.35,169.76,172.07,184.59,171.55,0.0,3.95,180.51,163.63
VMC,Vulcan Materials Company,Materials,Construction Materials,292.83,308.54,219.27,295.32,294.33,291.37,293.07,272.22,0.0,3.05,301.76,280.97
WRB,W. R. Berkley Corporation,Financials,Property & Casualty Insurance,68.61,78.46,56.11,68.32,69.02,73.03,74.35,71.18,-0.2,19.22,81.8,64.27
GWW,W. W. Grainger,Industrials,Industrial Machinery & Supplies & Components,1024.38,1132.48,913.57,1020.89,993.78,966.37,959.48,997.07,0.1,1.28,1037.49,895.26
WAB,Wabtec,Industrials,Construction Machinery & Heavy Transportation Equipment,213.22,217.77,159.62,214.31,213.46,207.85,203.22,195.24,0.2,3.84,221.41,194.3
WMT,Walmart,Consumer Staples,Consumer Staples Merchandise Retail,115.72,116.79,81.24,115.49,114.93,110.81,106.52,98.5,0.2,4.42,120.83,100.77
DIS,Walt Disney Company (The),Communication Services,Movies & Entertainment,111.9,123.18,80.83,110.41,107.96,105.77,108.66,108.7,0.0,0.01,111.91,99.62
WBD,Warner Bros. Discovery,Communication Services,Broadcasting,29.07,29.98,7.69,29.56,27.85,25.67,22.66,14.37,0.0,6.4,30.93,20.41
WM,Waste Management,Industrials,Environmental & Facilities Services,219.39,239.43,196.01,214.9,213.63,214.11,210.64,222.21,-0.1,0.2,219.83,208.39
WAT,Waters Corporation,Health Care,Life Sciences Tools & Services,376.8,417.28,277.72,387.28,391.66,392.02,367.47,339.13,-0.2,9.56,412.82,371.23
WEC,WEC Energy Group,Utilities,Electric Utilities,104.57,116.56,89.09,104.17,104.95,107.85,111.11,106.99,-0.2,9.12,114.11,101.59
WFC,Wells Fargo,Financials,Diversified Banks,91.94,92.9,59.98,92.18,90.92,87.78,85.69,77.87,0.2,2.88,94.59,80.98
WELL,Welltower,Real Estate,Health Care REITs,191.18,208.22,121.65,188.88,195.12,198.62,187.18,163.19,-0.2,10.69,211.62,185.62
WST,West Pharmaceutical Services,Health Care,Health Care Supplies,266.73,346.74,189.89,268.83,273.26,271.26,273.49,240.18,0.0,7.45,286.6,255.92
WDC,Western Digital,Information Technology,"Technology Hardware, Storage & Peripherals",175.43,187.2,30.42,178.59,171.76,162.68,148.31,84.77,0.2,6.86,187.46,137.89
WY,Weyerhaeuser,Real Estate,Timber REITs,23.28,30.38,21.15,23.25,22.56,22.12,22.71,25.06,0.0,1.33,23.59,20.65
WSM,"Williams-Sonoma, Inc.",Consumer Discretionary,Homefurnishing Retail,186.4,215.07,135.95,185.74,182.06,180.23,186.75,176.71,0.0,1.26,188.75,171.72
WMB,Williams Companies,Energy,Oil & Gas Storage & Transportation,58.7,63.95,50.27,59.67,60.73,60.03,59.94,58.25,0.0,6.61,62.58,57.47
WTW,Willis Towers Watson,Financials,Insurance Brokers,329.7,349.93,294.27,324.65,321.66,320.16,325.31,320.11,0.0,-0.28,328.78,311.54
WDAY,"Workday, Inc.",Information Technology,Application Software,215.75,278.35,210.47,220.39,219.66,220.29,228.55,236.1,0.2,7.09,231.05,209.53
WYNN,Wynn Resorts,Consumer Discretionary,Casinos & Gaming,126.44,133.09,65.64,124.96,125.89,125.45,123.04,104.83,0.0,6.1,134.15,116.75
XEL,Xcel Energy,Utilities,Multi-Utilities,73.82,82.11,61.84,74.8,75.88,78.07,79.77,72.53,0.0,12.49,83.04,73.1
XYL,Xylem Inc.,Industrials,Industrial Machinery & Supplies & Components,137.52,152.52,101.96,138.28,138.74,139.35,144.3,132.71,0.0,3.4,142.2,136.51
YUM,Yum! Brands,Consumer Discretionary,Restaurants,151.21,160.2,120.91,149.62,147.3,148.81,146.3,146.51,0.1,2.88,155.56,142.07
ZBRA,Zebra Technologies,Information Technology,Electronic Equipment & Instruments,262.74,421.11,213.54,267.62,264.31,252.66,269.46,288.43,-0.2,6.7,280.34,224.98
ZBH,Zimmer Biomet,Health Care,Health Care Equipment,91.02,112.61,87.55,92.25,92.87,92.88,95.51,98.24,0.0,7.68,98.01,87.74
ZTS,Zoetis,Health Care,Pharmaceuticals,124.39,175.84,115.75,119.95,119.53,121.34,130.21,148.73,-0.2,4.05,129.43,113.25
