Symbol,Company,GICS_Sector,GICS_Sub_Industry,Current_Price,52_Week_High,52_Week_Low,SMA_5,SMA_10,SMA_20,SMA_50,SMA_100,SMA_125,SMA_200
MMM,3M,Industrials,Industrial Conglomerates,163.25,174.69,120.31,166.42,167.1,168.1,164.1,158.8,157.33,151.67
AOS,A. O. Smith,Industrials,Building Products,68.09,76.52,57.94,68.43,67.83,66.37,66.95,69.35,68.98,67.5
ABT,Abbott Laboratories,Health Care,Health Care Equipment,126.95,139.33,109.21,125.34,124.58,126.05,127.25,129.31,129.53,129.65
ABBV,AbbVie,Health Care,Biotechnology,223.47,243.06,160.33,224.68,225.45,227.66,226.89,218.29,211.86,203.16
ACN,Accenture,Information Technology,IT Consulting & Other Services,272.99,394.41,229.4,271.95,269.61,257.96,250.95,250.51,258.57,277.25
ADBE,Adobe Inc.,Information Technology,Application Software,347.81,474.91,311.59,349.79,343.42,331.75,336.69,344.89,350.97,366.32
AMD,Advanced Micro Devices,Information Technology,Semiconductors,209.38,267.08,76.48,214.12,216.49,215.82,231.09,198.93,188.43,157.05
AES,AES Corporation,Utilities,Independent Power Producers & Energy Traders,13.65,15.32,9.16,13.83,13.85,13.84,14.02,13.53,13.18,12.26
AFL,Aflac,Financials,Life & Health Insurance,109.64,115.24,95.64,109.45,109.09,109.71,109.64,107.68,106.53,105.75
A,Agilent Technologies,Health Care,Life Sciences Tools & Services,139.02,160.27,96.03,141.32,144.09,146.94,145.27,133.85,130.67,123.89
APD,Air Products,Materials,Industrial Gases,242.37,334.71,229.11,242.16,246.03,251.37,253.7,269.36,272.81,273.8
ABNB,Airbnb,Consumer Discretionary,"Hotels, Resorts & Cruise Lines",131.73,163.93,99.88,129.5,126.02,120.99,122.52,124.09,126.52,126.55
AKAM,Akamai Technologies,Information Technology,Internet Services & Infrastructure,87.75,103.75,67.51,86.41,86.11,87.22,81.39,78.88,78.95,78.83
ALB,Albemarle Corporation,Materials,Specialty Chemicals,131.66,136.1,48.7,132.72,128.9,126.01,109.16,93.99,89.06,79.05
ARE,Alexandria Real Estate Equities,Real Estate,Office REITs,46.83,100.23,44.1,46.31,47.09,49.3,59.66,69.72,70.79,73.53
ALGN,Align Technology,Health Care,Health Care Supplies,163.71,238.11,122.0,164.06,160.6,151.53,141.37,140.68,151.34,159.51
ALLE,Allegion,Industrials,Building Products,159.59,180.68,116.14,161.7,160.88,162.11,167.06,169.08,165.03,153.14
LNT,Alliant Energy,Utilities,Electric Utilities,65.35,69.59,54.52,65.12,65.45,66.84,67.21,65.96,65.0,63.36
ALL,Allstate,Financials,Property & Casualty Insurance,209.74,214.88,173.06,207.37,205.61,208.24,202.92,203.17,201.23,200.14
GOOGL,Alphabet Inc. (Class A),Communication Services,Interactive Media & Services,306.27,328.62,140.14,311.28,314.51,311.11,283.88,252.81,238.11,209.94
GOOG,Alphabet Inc. (Class C),Communication Services,Interactive Media & Services,307.46,328.46,142.27,312.4,315.47,311.69,284.5,253.45,238.81,211.03
MO,Altria,Consumer Staples,Tobacco,59.27,67.51,47.59,58.9,58.56,58.54,60.37,62.41,61.54,59.61
AMZN,Amazon,Consumer Discretionary,Broadline Retail,223.03,258.6,161.38,226.76,227.96,227.47,229.26,227.83,226.69,215.33
AMCR,Amcor,Materials,Paper & Plastic Packaging Products & Materials,8.31,10.3,7.67,8.26,8.28,8.38,8.24,8.45,8.66,8.9
AEE,Ameren,Utilities,Multi-Utilities,98.09,105.97,83.94,98.06,98.97,101.43,102.52,101.14,99.96,98.38
AEP,American Electric Power,Utilities,Electric Utilities,114.63,124.8,86.88,114.59,115.84,118.76,118.56,114.24,112.09,108.38
AXP,American Express,Financials,Consumer Finance,381.13,387.49,219.32,381.34,374.25,364.67,356.11,337.63,332.63,310.68
AIG,American International Group,Financials,Multi-line Insurance,84.75,87.1,68.15,83.98,80.4,78.22,78.72,78.86,79.53,80.48
AMT,American Tower,Real Estate,Telecom Tower REITs,179.42,232.28,168.28,180.24,179.41,179.67,182.79,191.62,197.38,202.19
AWK,American Water Works,Utilities,Water Utilities,132.36,152.71,115.89,131.37,130.29,130.22,133.29,136.5,137.14,138.62
AMP,Ameriprise Financial,Financials,Asset Management & Custody Banks,488.65,574.69,392.21,493.93,484.59,467.37,468.53,484.64,493.36,490.95
AME,Ametek,Industrials,Electrical Components & Equipment,202.09,204.43,144.31,202.3,200.44,197.37,192.85,188.88,186.98,181.39
AMGN,Amgen,Health Care,Biotechnology,326.54,346.38,245.31,320.47,325.29,332.35,314.96,299.75,297.56,293.16
APH,Amphenol,Information Technology,Electronic Components,129.66,144.37,56.27,133.31,136.27,136.49,134.39,124.23,119.22,102.88
ADI,Analog Devices,Information Technology,Semiconductors,279.26,284.23,156.76,280.8,279.32,262.92,246.59,243.0,241.71,227.73
AON,Aon plc,Financials,Insurance Brokers,353.11,411.24,322.37,348.17,346.73,347.79,347.27,355.57,355.37,361.48
APA,APA Corporation,Energy,Oil & Gas Exploration & Production,23.92,27.72,13.04,25.48,26.07,25.29,24.07,22.93,22.08,20.31
APO,Apollo Global Management,Financials,Asset Management & Custody Banks,147.02,176.93,101.44,148.26,143.2,136.33,130.09,133.75,135.87,134.5
AAPL,Apple Inc.,Information Technology,"Technology Hardware, Storage & Peripherals",275.05,288.62,168.63,276.85,278.29,276.76,268.42,250.86,242.35,228.98
AMAT,Applied Materials,Information Technology,Semiconductor Materials & Equipment,258.66,276.1,122.8,264.88,266.58,253.25,237.32,208.77,204.53,185.45
APTV,Aptiv,Consumer Discretionary,Automotive Parts & Equipment,77.31,88.8,47.19,78.38,77.62,76.44,80.37,79.25,77.36,71.51
ACGL,Arch Capital Group,Financials,Property & Casualty Insurance,95.74,97.4,82.45,93.76,92.92,92.77,90.56,90.26,90.08,91.04
ADM,Archer Daniels Midland,Consumer Staples,Agricultural Products & Services,58.14,64.46,39.88,59.3,59.07,59.32,59.74,59.55,58.3,53.98
ANET,Arista Networks,Information Technology,Communications Equipment,126.81,164.94,59.43,128.84,128.83,126.72,138.44,138.13,131.4,113.84
AJG,Arthur J. Gallagher & Co.,Financials,Insurance Brokers,252.09,348.85,236.34,247.25,244.69,247.31,263.05,279.89,286.69,302.71
AIZ,Assurant,Financials,Multi-line Insurance,234.09,236.74,172.97,229.53,226.13,225.77,219.67,213.84,209.04,204.66
T,AT&T,Communication Services,Integrated Telecommunication Services,24.05,29.47,20.72,24.33,24.7,25.2,25.33,26.78,26.9,26.82
ATO,Atmos Energy,Utilities,Gas Utilities,168.27,179.62,133.05,168.26,168.8,171.25,173.36,168.3,165.24,160.14
ADSK,Autodesk,Information Technology,Application Software,292.87,329.09,232.67,297.79,302.04,298.38,302.46,304.8,304.01,293.41
ADP,Automatic Data Processing,Industrials,Human Resource & Employment Services,262.13,324.5,245.59,262.77,260.37,255.94,263.97,279.92,284.24,290.25
AZO,AutoZone,Consumer Discretionary,Automotive Retail,3421.03,4388.11,3162.0,3459.35,3637.66,3764.24,3828.47,3973.73,3918.13,3827.45
AVB,AvalonBay Communities,Real Estate,Multi-Family Residential REITs,177.77,224.32,166.73,176.67,178.1,178.81,180.86,185.63,188.65,194.09
AVY,Avery Dennison,Materials,Paper & Plastic Packaging Products & Materials,182.82,194.24,154.46,179.64,177.47,173.25,170.73,169.06,170.75,171.8
AXON,Axon Enterprise,Industrials,Aerospace & Defense,559.08,885.92,469.24,564.91,556.94,543.68,621.08,689.18,704.62,677.78
BKR,Baker Hughes,Energy,Oil & Gas Equipment & Services,44.97,51.12,33.06,46.84,47.96,48.56,47.67,46.59,45.17,42.72
BALL,Ball Corporation,Materials,"Metal, Glass & Plastic Containers",51.92,59.82,43.01,50.28,49.26,48.94,48.33,50.09,51.57,51.41
BAC,Bank of America,Financials,Diversified Banks,54.9,56.07,32.53,54.8,54.31,53.2,52.31,50.64,49.88,46.49
BAX,Baxter International,Health Care,Health Care Equipment,19.02,37.25,17.39,18.97,18.71,18.55,19.9,21.83,23.31,26.21
BDX,Becton Dickinson,Health Care,Health Care Equipment,196.3,246.65,160.6,199.22,195.26,193.23,188.24,187.81,185.09,188.09
BBY,Best Buy,Consumer Discretionary,Computer & Electronics Retail,72.75,88.15,53.55,73.58,73.8,75.22,77.62,74.8,73.49,71.41
TECH,Bio-Techne,Health Care,Life Sciences Tools & Services,57.4,78.83,45.8,59.14,60.38,61.26,61.07,57.63,56.61,55.19
BIIB,Biogen,Health Care,Biotechnology,172.44,185.17,110.04,174.47,177.26,176.68,161.69,150.07,145.94,139.66
BLK,BlackRock,Financials,Asset Management & Custody Banks,1069.94,1214.03,762.34,1081.72,1072.14,1045.66,1088.11,1104.55,1094.61,1031.27
BX,Blackstone Inc.,Financials,Asset Management & Custody Banks,151.85,188.42,113.15,152.82,152.65,147.6,149.69,160.88,159.94,151.05
XYZ,"Block, Inc.",Financials,Transaction & Payment Processing Services,64.81,95.78,44.27,64.1,62.75,62.64,69.15,72.61,72.08,66.65
BK,BNY Mellon,Financials,Asset Management & Custody Banks,114.31,119.4,69.31,117.07,115.68,112.46,109.67,106.89,104.18,96.22
BA,Boeing,Industrials,Aerospace & Defense,207.16,242.69,128.88,203.29,202.94,194.66,202.89,213.82,214.96,202.41
BKNG,Booking Holdings,Consumer Discretionary,"Hotels, Resorts & Cruise Lines",5465.38,5818.24,4074.35,5356.32,5240.7,5038.72,5064.83,5285.16,5355.42,5192.26
BSX,Boston Scientific,Health Care,Health Care Equipment,92.74,109.5,85.98,92.39,94.21,96.69,98.61,100.69,101.4,101.07
BMY,Bristol Myers Squibb,Health Care,Pharmaceuticals,54.1,61.0,42.38,52.64,52.06,49.92,47.07,46.4,46.41,48.02
AVGO,Broadcom,Information Technology,Semiconductors,342.55,414.61,137.54,372.33,382.09,376.7,362.16,340.47,327.22,280.93
BR,Broadridge Financial Solutions,Industrials,Data Processing & Outsourced Services,228.28,269.71,209.84,228.81,228.54,227.35,226.89,238.06,238.14,236.54
BRO,Brown & Brown,Financials,Insurance Brokers,81.04,125.05,76.17,80.41,79.58,79.81,83.12,88.52,92.13,100.37
BLDR,Builders FirstSource,Industrials,Building Products,103.49,175.12,94.35,107.22,108.4,106.68,112.91,123.21,123.72,121.93
BG,Bunge Global,Consumer Staples,Agricultural Products & Services,92.27,98.82,65.12,92.22,93.23,94.1,92.76,86.81,84.87,81.28
BXP,"BXP, Inc.",Real Estate,Office REITs,70.58,78.59,52.95,70.63,70.44,70.54,71.21,70.92,70.45,68.33
CHRW,C.H. Robinson,Industrials,Air Freight & Logistics,158.77,162.14,83.39,158.32,157.11,155.92,145.12,134.79,127.18,114.68
CDNS,Cadence Design Systems,Information Technology,Application Software,320.58,376.45,221.56,329.51,331.37,318.68,327.1,339.89,334.53,313.59
CZR,Caesars Entertainment,Consumer Discretionary,Casinos & Gaming,24.08,40.0,18.25,24.04,23.69,22.7,21.81,23.92,25.05,25.86
CPT,Camden Property Trust,Real Estate,Multi-Family Residential REITs,105.43,123.08,97.17,104.32,103.99,104.42,103.02,105.06,106.56,109.52
CPB,Campbell's Company (The),Consumer Staples,Packaged Foods & Meats,28.61,42.36,27.85,28.45,28.95,29.8,30.3,31.26,31.19,32.85
COF,Capital One,Financials,Consumer Finance,241.96,243.31,141.84,239.34,234.57,223.12,218.37,218.2,217.19,203.18
CAH,Cardinal Health,Health Care,Health Care Distributors,197.81,214.93,112.98,198.46,199.4,204.52,186.52,169.14,167.71,157.51
KMX,CarMax,Consumer Discretionary,Automotive Retail,40.78,91.25,30.26,41.11,40.06,38.22,39.66,48.18,51.7,58.21
CCL,Carnival,Consumer Discretionary,"Hotels, Resorts & Cruise Lines",28.36,32.8,15.07,27.74,26.8,26.26,27.29,28.83,28.74,25.75
CARR,Carrier Global,Industrials,Building Products,53.54,80.78,50.3,53.32,53.59,53.25,55.68,59.8,62.82,64.15
CAT,Caterpillar Inc.,Industrials,Construction Machinery & Heavy Transportation Equipment,590.64,627.5,264.29,603.85,600.39,581.33,556.61,496.92,476.99,421.08
CBOE,Cboe Global Markets,Financials,Financial Exchanges & Data,248.76,262.98,186.22,249.74,251.65,253.78,248.62,245.09,242.97,234.26
CBRE,CBRE Group,Real Estate,Real Estate Services,161.03,171.0,108.45,159.32,159.26,158.29,156.26,157.88,154.4,143.92
CDW,CDW Corporation,Information Technology,Technology Distributors,145.79,219.61,135.03,147.0,146.25,143.84,147.64,156.13,160.35,162.78
COR,Cencora,Health Care,Health Care Distributors,342.16,377.54,222.21,344.75,341.15,352.84,343.39,318.86,313.93,300.99
CNC,Centene Corporation,Health Care,Managed Health Care,38.77,66.81,25.08,39.84,39.12,38.44,36.93,33.54,34.44,43.75
CNP,CenterPoint Energy,Utilities,Multi-Utilities,38.14,40.28,29.87,37.8,38.04,38.76,39.03,38.5,38.03,37.28
CF,CF Industries,Materials,Fertilizers & Agricultural Chemicals,77.68,103.22,66.16,78.07,78.17,78.46,82.17,84.4,86.15,84.18
CRL,Charles River Laboratories,Health Care,Life Sciences Tools & Services,195.28,200.58,91.86,193.74,188.36,179.09,177.78,168.76,166.15,156.72
SCHW,Charles Schwab Corporation,Financials,Investment Banking & Brokerage,96.16,99.14,65.3,95.69,94.77,93.2,93.75,94.42,93.84,88.87
CHTR,Charter Communications,Communication Services,Cable & Satellite,211.13,437.06,193.0,210.52,206.74,202.72,224.28,245.96,275.58,313.57
CVX,Chevron Corporation,Energy,Integrated Oil & Gas,146.93,163.27,127.59,149.77,149.99,150.36,151.59,152.72,151.41,147.6
CMG,Chipotle Mexican Grill,Consumer Discretionary,Restaurants,35.76,66.43,29.75,35.33,34.6,33.56,35.55,38.51,41.63,44.89
CB,Chubb Limited,Financials,Property & Casualty Insurance,312.53,313.46,250.52,307.23,301.93,299.02,289.12,282.05,281.62,284.06
CHD,Church & Dwight,Consumer Staples,Household Products,84.61,115.32,81.05,83.83,83.66,83.68,85.18,88.44,90.02,94.14
CI,Cigna,Health Care,Health Care Services,276.26,344.64,238.17,272.59,269.19,271.09,278.54,284.29,288.92,299.34
CINF,Cincinnati Financial,Financials,Property & Casualty Insurance,165.46,169.86,121.6,164.33,163.49,164.36,161.15,157.0,154.94,149.86
CTAS,Cintas,Industrials,Diversified Support Services,188.03,228.23,179.31,187.68,186.0,185.12,186.71,198.43,202.42,204.89
CSCO,Cisco,Information Technology,Communications Equipment,77.62,80.82,51.49,78.64,78.5,77.54,73.98,70.85,70.23,66.39
C,Citigroup,Financials,Diversified Banks,111.4,113.52,54.39,111.77,110.06,105.39,101.45,98.82,96.43,86.43
CFG,Citizens Financial Group,Financials,Regional Banks,58.25,59.31,31.67,58.38,57.06,54.97,52.52,51.37,50.27,45.89
CLX,Clorox,Consumer Staples,Household Products,99.87,160.33,98.2,102.19,102.85,103.58,109.11,115.17,116.68,123.48
CME,CME Group,Financials,Financial Exchanges & Data,273.07,286.76,220.42,270.08,271.04,273.55,270.47,269.34,270.02,268.12
CMS,CMS Energy,Utilities,Multi-Utilities,70.12,75.54,62.07,70.09,70.64,72.34,73.04,72.29,71.73,71.27
KO,Coca-Cola Company (The),Consumer Staples,Soft Drinks & Non-alcoholic Beverages,70.61,72.91,58.88,70.28,70.3,70.97,69.53,68.46,68.55,68.91
CTSH,Cognizant,Information Technology,IT Consulting & Other Services,83.83,89.37,64.7,83.77,82.07,78.72,73.28,71.47,72.51,74.03
COIN,Coinbase,Financials,Financial Exchanges & Data,252.27,444.65,142.58,262.85,268.65,262.76,303.99,314.62,326.23,283.72
CL,Colgate-Palmolive,Consumer Staples,Household Products,79.19,98.37,74.55,78.39,77.89,78.74,78.16,80.39,81.98,85.12
CMCSA,Comcast,Communication Services,Cable & Satellite,29.7,38.74,25.75,28.06,27.57,27.2,28.1,30.23,31.13,32.29
CAG,Conagra Brands,Consumer Staples,Packaged Foods & Meats,17.71,27.05,16.6,17.69,17.38,17.48,17.6,18.08,18.33,20.18
COP,ConocoPhillips,Energy,Oil & Gas Exploration & Production,91.25,103.48,77.84,94.93,93.96,91.08,89.17,91.46,91.42,90.87
ED,Consolidated Edison,Utilities,Multi-Utilities,98.79,112.03,84.37,97.35,96.73,98.19,98.77,98.86,98.87,100.83
STZ,Constellation Brands,Consumer Staples,Distillers & Vintners,143.11,236.63,126.45,145.6,142.63,137.73,136.07,144.4,148.66,159.92
CEG,Constellation Energy,Utilities,Electric Utilities,367.08,412.23,160.75,363.37,362.34,357.8,364.92,346.09,340.09,304.74
COO,Cooper Companies (The),Health Care,Health Care Supplies,81.14,100.24,61.78,81.52,79.86,77.64,73.74,71.74,71.91,74.54
CPRT,Copart,Industrials,Diversified Support Services,38.67,63.85,38.18,38.73,38.74,39.4,41.75,44.34,44.99,49.22
GLW,Corning Inc.,Information Technology,Electronic Components,86.59,96.64,36.82,90.64,88.75,85.34,85.74,78.24,73.1,62.87
CPAY,Corpay,Financials,Transaction & Payment Processing Services,312.8,400.81,252.84,313.78,308.08,297.78,286.9,299.08,305.41,315.11
CTVA,Corteva,Materials,Fertilizers & Agricultural Chemicals,65.51,77.02,53.0,65.73,65.72,65.64,64.16,67.47,68.75,66.97
CSGP,CoStar Group,Real Estate,Real Estate Services,63.72,97.43,62.0,66.21,67.05,67.29,70.71,79.87,80.71,79.63
COST,Costco,Consumer Staples,Consumer Staples Merchandise Retail,861.51,1073.82,844.06,873.09,885.42,893.42,913.82,932.63,939.9,953.54
CTRA,Coterra,Energy,Oil & Gas Exploration & Production,25.32,29.04,21.87,26.39,26.68,26.4,25.03,24.35,24.41,24.75
CRWD,CrowdStrike,Information Technology,Systems Software,490.42,566.9,298.0,503.97,510.23,508.96,516.81,482.23,483.11,454.79
CCI,Crown Castle,Real Estate,Telecom Tower REITs,88.25,113.13,80.07,89.6,89.0,88.94,91.52,94.43,95.92,96.53
CSX,CSX Corporation,Industrials,Rail Transportation,36.9,37.54,25.91,37.14,36.69,35.58,35.54,34.83,34.54,32.66
CMI,Cummins,Industrials,Construction Machinery & Heavy Transportation Equipment,515.09,526.5,256.13,518.07,512.74,498.53,460.15,429.58,410.57,372.6
CVS,CVS Health,Health Care,Health Care Services,78.3,85.15,41.77,79.44,77.94,78.06,78.83,74.52,72.42,69.3
DHR,Danaher Corporation,Health Care,Life Sciences Tools & Services,224.77,256.97,170.43,228.48,227.2,226.66,218.73,209.35,207.08,203.26
DRI,Darden Restaurants,Consumer Discretionary,Restaurants,185.32,224.86,154.97,183.29,180.48,177.53,180.09,190.49,194.6,196.58
DDOG,Datadog,Information Technology,Application Software,140.09,201.69,81.63,145.85,149.63,155.82,162.28,149.64,147.65,132.58
DVA,DaVita,Health Care,Health Care Services,117.98,179.6,113.97,118.74,118.29,118.37,122.3,128.62,131.31,135.87
DAY,Dayforce,Industrials,Human Resource & Employment Services,69.25,78.06,48.01,69.22,69.14,69.07,68.75,66.65,64.71,61.89
DECK,Deckers Brands,Consumer Discretionary,Footwear,104.02,223.98,78.91,102.25,100.42,93.26,91.34,100.82,101.38,106.21
DE,Deere & Company,Industrials,Agricultural & Farm Machinery,486.7,530.24,398.95,480.87,477.35,477.13,469.96,476.32,482.73,481.87
DELL,Dell Technologies,Information Technology,"Technology Hardware, Storage & Peripherals",134.09,168.08,65.33,134.76,136.4,131.69,143.13,137.49,134.8,120.83
DAL,Delta Air Lines,Industrials,Passenger Airlines,71.26,72.34,34.41,70.57,68.93,64.92,61.3,59.63,58.15,53.56
DVN,Devon Energy,Energy,Oil & Gas Exploration & Production,35.13,38.23,25.37,36.81,37.07,36.53,34.44,34.24,33.9,33.21
DXCM,Dexcom,Health Care,Health Care Equipment,66.51,93.25,54.11,67.14,66.32,63.98,64.08,70.11,73.0,74.29
FANG,Diamondback Energy,Energy,Oil & Gas Exploration & Production,149.88,175.92,111.64,155.59,157.01,153.49,146.87,144.25,143.27,141.78
DLR,Digital Realty,Real Estate,Data Center REITs,150.74,182.18,127.13,154.37,157.74,157.34,164.35,166.19,167.23,162.75
DG,Dollar General,Consumer Staples,Consumer Staples Merchandise Retail,135.25,135.68,65.27,131.99,127.73,116.3,107.56,107.49,108.26,102.12
DLTR,Dollar Tree,Consumer Staples,Consumer Staples Merchandise Retail,131.85,132.48,61.8,129.42,123.83,114.28,105.16,105.17,105.28,95.87
D,Dominion Energy,Utilities,Multi-Utilities,59.28,62.17,46.43,58.94,58.86,59.76,59.84,59.53,58.77,56.58
DPZ,Domino's,Consumer Discretionary,Restaurants,434.38,493.24,390.88,430.2,425.34,417.42,412.43,428.47,434.57,444.89
DASH,DoorDash,Consumer Discretionary,Specialized Consumer Services,228.12,285.5,155.4,225.48,225.15,212.19,232.32,244.28,243.26,224.77
DOV,Dover Corporation,Industrials,Industrial Machinery & Supplies & Components,197.3,219.84,141.82,198.94,194.81,188.92,179.88,177.2,178.76,177.0
DOW,Dow Inc.,Materials,Commodity Chemicals,22.84,39.24,19.82,23.89,23.5,23.01,22.66,22.85,23.73,25.97
DHI,D. R. Horton,Consumer Discretionary,Homebuilding,155.6,183.98,109.46,155.8,156.51,152.87,151.44,158.36,153.39,142.16
DTE,DTE Energy,Utilities,Multi-Utilities,128.9,142.5,112.5,128.95,129.57,131.89,135.63,135.88,135.05,133.61
DUK,Duke Energy,Utilities,Electric Utilities,115.73,128.91,101.53,115.23,115.97,119.15,122.45,121.85,120.64,118.69
DD,DuPont,Materials,Specialty Chemicals,40.67,41.83,22.13,40.93,40.58,39.63,37.02,34.2,33.4,31.51
EMN,Eastman Chemical Company,Materials,Specialty Chemicals,64.02,99.23,55.35,64.27,62.28,60.58,60.34,62.48,65.18,70.53
ETN,Eaton Corporation,Industrials,Electrical Components & Equipment,330.81,398.4,230.37,339.96,339.71,338.42,359.57,361.34,361.06,337.27
EBAY,eBay Inc.,Consumer Discretionary,Broadline Retail,81.88,100.76,58.09,83.08,82.87,82.22,86.49,89.08,86.56,79.77
ECL,Ecolab,Materials,Specialty Chemicals,260.23,285.35,220.55,258.68,260.99,263.83,266.35,269.21,268.82,262.71
EIX,Edison International,Utilities,Electric Utilities,58.47,77.91,46.27,58.26,57.69,58.02,57.02,55.57,54.49,54.25
EW,Edwards Lifesciences,Health Care,Health Care Equipment,85.4,87.89,65.94,84.04,84.52,84.97,81.59,80.03,79.36,77.08
EA,Electronic Arts,Communication Services,Interactive Home Entertainment,204.22,204.64,114.66,203.88,203.66,202.5,201.22,186.51,179.87,166.59
ELV,Elevance Health,Health Care,Managed Health Care,350.83,451.93,270.83,348.51,339.4,332.85,334.21,319.5,323.48,353.61
EMR,Emerson Electric,Industrials,Electrical Components & Equipment,134.82,149.03,88.93,137.06,136.54,133.02,131.98,132.72,133.69,125.35
ENPH,Enphase Energy,Information Technology,Semiconductor Materials & Equipment,32.0,76.9,25.78,32.27,31.55,29.6,31.95,33.99,35.16,41.02
ETR,Entergy,Utilities,Electric Utilities,93.25,97.93,71.14,93.2,93.51,94.15,94.99,92.08,90.16,86.9
EOG,EOG Resources,Energy,Oil & Gas Exploration & Production,101.96,134.2,99.8,107.37,109.27,108.36,107.68,112.38,113.65,113.76
EPAM,EPAM Systems,Information Technology,IT Consulting & Other Services,206.68,269.0,138.15,210.26,206.8,195.57,174.31,167.28,168.3,169.35
EQT,EQT Corporation,Energy,Oil & Gas Exploration & Production,53.37,62.23,41.77,56.08,57.96,58.21,56.57,54.18,54.66,53.73
EFX,Equifax,Industrials,Research & Consulting Services,218.52,279.27,198.73,216.07,213.18,211.2,217.06,232.22,237.17,241.75
EQIX,Equinix,Real Estate,Data Center REITs,762.73,960.94,689.25,752.59,744.4,748.21,786.26,781.1,781.75,802.21
EQR,Equity Residential,Real Estate,Multi-Family Residential REITs,60.96,73.58,58.19,60.86,60.97,60.79,60.95,62.49,63.29,64.97
ERIE,Erie Indemnity,Financials,Insurance Brokers,288.45,451.6,273.59,281.37,287.61,289.95,300.22,320.26,325.68,348.05
ESS,Essex Property Trust,Real Estate,Multi-Family Residential REITs,255.6,307.81,239.32,256.08,256.61,257.54,257.97,260.12,264.53,270.45
EL,Estée Lauder Companies (The),Consumer Staples,Personal Care Products,104.22,109.62,47.76,104.15,103.41,96.79,95.2,92.05,90.43,80.22
EG,Everest Group,Financials,Reinsurance,328.47,368.99,302.44,321.5,316.58,314.89,327.77,333.45,334.11,339.19
EVRG,Evergy,Utilities,Electric Utilities,73.41,78.59,57.4,73.64,73.64,74.83,75.93,73.76,72.52,69.81
ES,Eversource Energy,Utilities,Electric Utilities,68.07,75.25,51.06,67.94,67.4,67.01,70.68,68.14,67.32,64.58
EXC,Exelon,Utilities,Electric Utilities,43.78,48.09,34.68,43.52,43.69,44.82,45.85,44.81,44.34,44.02
EXE,Expand Energy,Energy,Oil & Gas Exploration & Production,106.71,126.62,90.25,112.21,116.54,117.1,111.06,104.65,105.19,105.66
EXPE,Expedia Group,Consumer Discretionary,"Hotels, Resorts & Cruise Lines",286.78,289.96,129.24,279.93,270.96,260.73,241.21,224.93,215.37,195.97
EXPD,Expeditors International,Industrials,Air Freight & Logistics,149.99,155.04,99.26,150.73,149.82,146.34,133.02,126.31,123.95,119.6
EXR,Extra Space Storage,Real Estate,Self-Storage REITs,131.35,155.55,116.98,131.43,129.75,129.76,135.49,137.0,138.71,139.66
XOM,ExxonMobil,Energy,Integrated Oil & Gas,115.01,120.47,95.18,118.13,117.64,117.0,115.13,112.51,111.84,109.51
FFIV,"F5, Inc.",Information Technology,Communications Equipment,258.93,346.0,223.76,261.43,254.54,244.36,266.35,292.92,293.69,285.91
FDS,FactSet,Financials,Financial Exchanges & Data,293.07,491.19,249.51,290.48,286.63,280.14,277.69,316.46,339.98,375.62
FICO,Fair Isaac,Information Technology,Application Software,1795.44,2217.6,1300.0,1805.24,1787.11,1777.49,1714.96,1598.36,1615.65,1710.21
FAST,Fastenal,Industrials,Trading Companies & Distributors,42.33,50.37,34.62,41.59,41.37,40.62,41.78,44.83,44.52,42.57
FRT,Federal Realty Investment Trust,Real Estate,Retail REITs,100.2,111.1,78.83,98.86,97.96,97.7,97.76,97.1,96.38,95.15
FDX,FedEx,Industrials,Air Freight & Logistics,281.45,288.42,190.85,282.35,277.53,272.79,257.18,242.64,240.03,232.9
FIS,Fidelity National Information Services,Financials,Transaction & Payment Processing Services,66.64,83.94,59.15,66.45,66.08,65.03,65.36,67.32,69.78,71.6
FITB,Fifth Third Bancorp,Financials,Regional Banks,47.64,48.71,31.68,47.91,46.58,44.61,43.24,43.48,43.17,40.85
FSLR,First Solar,Information Technology,Semiconductors,259.06,281.55,116.56,260.96,258.51,258.82,251.05,226.46,214.56,187.65
FE,FirstEnergy,Utilities,Electric Utilities,44.17,47.73,36.45,44.41,44.77,45.82,45.99,44.56,43.56,42.13
FI,Fiserv,Financials,Transaction & Payment Processing Services,68.97,238.59,59.56,67.73,66.69,63.96,84.65,109.68,121.1,148.17
F,Ford Motor Company,Consumer Discretionary,Automobile Manufacturers,13.65,13.99,8.11,13.62,13.36,13.17,12.78,12.11,11.89,11.07
FTNT,Fortinet,Information Technology,Systems Software,82.67,114.82,70.12,82.1,83.24,81.81,83.19,83.35,87.5,92.26
FTV,Fortive,Industrials,Industrial Machinery & Supplies & Components,54.91,62.51,45.35,55.09,54.38,53.31,51.29,49.79,50.26,51.37
FOXA,Fox Corporation (Class A),Communication Services,Broadcasting,70.51,72.96,45.63,71.28,69.86,67.57,64.08,61.42,60.27,57.36
FOX,Fox Corporation (Class B),Communication Services,Broadcasting,62.86,64.22,42.96,63.2,61.99,60.25,57.38,55.39,54.54,52.29
BEN,Franklin Resources,Financials,Asset Management & Custody Banks,23.42,25.72,15.81,23.46,23.24,22.58,22.72,23.53,23.58,22.03
FCX,Freeport-McMoRan,Materials,Copper,47.52,49.0,27.35,46.85,45.66,43.32,42.03,42.18,42.55,40.61
GRMN,Garmin,Consumer Discretionary,Consumer Electronics,207.56,260.57,167.16,208.48,204.68,198.34,216.14,225.45,223.3,214.44
IT,Gartner,Information Technology,IT Consulting & Other Services,246.91,584.01,222.54,238.14,234.11,232.03,237.3,248.01,274.87,332.45
GE,GE Aerospace,Industrials,Aerospace & Defense,299.29,316.67,158.62,294.42,290.89,292.21,299.65,290.21,283.15,256.09
GEHC,GE HealthCare,Health Care,Health Care Equipment,82.51,94.66,57.57,84.29,83.91,80.6,77.01,75.64,75.49,74.46
GEV,GE Vernova,Industrials,Heavy Electrical Equipment,687.42,731.0,251.84,693.54,657.73,618.12,600.55,611.62,597.95,516.08
GEN,Gen Digital,Information Technology,Systems Software,27.4,31.94,22.45,27.47,27.18,26.73,26.62,28.09,28.38,27.79
GNRC,Generac,Industrials,Electrical Components & Equipment,155.7,203.25,99.5,161.82,161.8,154.61,165.3,174.36,168.87,151.71
GD,General Dynamics,Industrials,Aerospace & Defense,337.44,360.5,235.63,339.87,338.67,338.99,340.86,330.92,323.78,303.07
GIS,General Mills,Consumer Staples,Packaged Foods & Meats,46.98,65.04,45.15,46.53,46.24,46.76,47.3,48.22,48.67,51.15
GM,General Motors,Consumer Discretionary,Automobile Manufacturers,81.71,83.04,41.28,81.25,78.48,74.75,68.89,62.95,60.63,55.6
GPC,Genuine Parts Company,Consumer Discretionary,Distributors,129.83,141.97,101.6,131.7,130.14,128.55,128.65,132.1,130.3,125.71
GILD,Gilead Sciences,Health Care,Biotechnology,119.11,128.7,86.73,120.56,121.67,123.89,121.71,117.78,116.1,112.4
GPN,Global Payments,Financials,Transaction & Payment Processing Services,81.52,115.92,65.33,80.44,79.61,76.46,79.86,82.36,81.85,82.53
GL,Globe Life,Financials,Life & Health Insurance,141.04,147.54,102.85,137.75,134.59,133.67,134.03,137.14,133.99,129.6
GDDY,GoDaddy,Information Technology,Internet Services & Infrastructure,124.69,216.0,121.94,125.53,126.99,126.68,129.6,137.89,144.93,157.78
GS,Goldman Sachs,Financials,Investment Banking & Brokerage,881.0,919.1,432.73,891.76,873.11,833.35,800.08,775.25,758.62,682.96
HAL,Halliburton,Energy,Oil & Gas Equipment & Services,27.27,29.67,18.31,28.49,28.28,27.14,26.1,24.16,23.57,22.83
HIG,Hartford (The),Financials,Property & Casualty Insurance,137.87,139.85,103.19,134.42,133.13,133.93,129.99,129.81,128.36,125.72
HAS,Hasbro,Consumer Discretionary,Leisure Products,80.32,85.15,47.63,81.82,81.55,80.69,77.5,77.15,76.5,70.42
HCA,HCA Healthcare,Health Care,Health Care Facilities,467.73,519.23,287.82,475.69,480.96,488.6,464.81,430.91,418.62,392.3
DOC,Healthpeak Properties,Real Estate,Health Care REITs,16.44,20.33,16.08,16.61,16.78,17.35,17.73,17.65,17.64,17.68
HSIC,Henry Schein,Health Care,Health Care Distributors,77.21,82.49,60.56,76.23,74.55,73.8,69.25,68.61,69.37,69.24
HSY,Hershey Company (The),Consumer Staples,Packaged Foods & Meats,187.44,195.98,135.68,183.8,182.4,183.74,180.84,182.36,179.75,173.46
HPE,Hewlett Packard Enterprise,Information Technology,"Technology Hardware, Storage & Peripherals",24.27,26.44,11.82,24.4,23.91,22.54,23.32,23.02,22.42,20.1
HLT,Hilton Worldwide,Consumer Discretionary,"Hotels, Resorts & Cruise Lines",286.14,287.4,195.7,280.33,276.67,276.7,269.48,268.91,268.73,256.16
HOLX,Hologic,Health Care,Health Care Equipment,75.0,76.29,51.9,74.95,74.93,74.72,73.02,69.99,68.96,65.61
HD,Home Depot (The),Consumer Discretionary,Home Improvement Retail,353.65,424.01,320.39,355.78,353.55,348.57,365.7,382.07,378.04,369.73
HON,Honeywell,Industrials,Industrial Conglomerates,197.86,225.29,166.32,194.98,193.41,191.97,194.47,198.0,201.91,200.25
HRL,Hormel Foods,Consumer Staples,Packaged Foods & Meats,23.69,31.97,21.03,23.75,23.75,23.23,23.07,24.72,25.7,27.03
HST,Host Hotels & Resorts,Real Estate,Hotel & Resort REITs,18.29,18.67,11.93,18.25,17.79,17.59,17.06,16.81,16.62,15.79
HWM,Howmet Aerospace,Industrials,Aerospace & Defense,195.26,211.83,104.84,195.82,194.56,197.61,198.3,190.4,188.67,172.19
HPQ,HP Inc.,Information Technology,"Technology Hardware, Storage & Peripherals",24.87,33.78,20.52,24.94,25.07,24.31,25.59,26.11,25.8,25.73
HUBB,Hubbell Incorporated,Industrials,Industrial Machinery & Supplies & Components,439.52,482.66,296.56,448.67,443.11,432.8,436.83,433.61,429.72,402.46
HUM,Humana,Health Care,Managed Health Care,258.18,314.25,206.15,264.9,259.91,247.78,262.19,267.92,261.07,257.59
HBAN,Huntington Bancshares,Financials,Regional Banks,17.61,18.04,11.7,17.56,17.24,16.54,16.09,16.54,16.57,15.85
HII,Huntington Ingalls Industries,Industrials,Aerospace & Defense,327.54,333.31,155.24,326.7,319.4,313.86,305.0,287.6,279.62,254.51
IBM,IBM,Information Technology,IT Consulting & Other Services,303.55,324.9,209.2,308.97,308.31,303.86,299.06,276.71,277.72,266.72
IEX,IDEX Corporation,Industrials,Industrial Machinery & Supplies & Components,177.63,225.46,151.55,177.51,177.34,172.95,169.38,166.42,168.87,172.14
IDXX,Idexx Laboratories,Health Care,Health Care Equipment,691.84,769.98,356.14,700.16,709.77,715.29,681.87,657.38,632.4,566.84
ITW,Illinois Tool Works,Industrials,Industrial Machinery & Supplies & Components,250.99,273.07,212.05,253.45,251.29,248.14,247.92,253.91,253.51,249.18
INCY,Incyte,Health Care,Biotechnology,96.91,109.28,53.56,96.45,97.86,100.65,96.97,90.14,85.87,77.39
IR,Ingersoll Rand,Industrials,Industrial Machinery & Supplies & Components,79.99,101.94,65.56,81.56,80.51,79.06,78.3,79.32,80.6,80.09
PODD,Insulet Corporation,Health Care,Health Care Equipment,288.34,354.88,230.05,292.98,298.33,312.37,317.71,319.25,314.73,301.34
INTC,Intel,Information Technology,Semiconductors,37.34,44.02,17.67,38.59,39.94,38.47,38.1,31.9,30.05,26.72
ICE,Intercontinental Exchange,Financials,Financial Exchanges & Data,160.65,188.82,141.12,161.75,159.76,157.24,155.14,165.49,168.59,169.18
IFF,International Flavors & Fragrances,Materials,Specialty Chemicals,64.58,86.61,59.14,64.13,65.13,66.41,64.61,64.89,66.88,70.2
IP,International Paper,Materials,Paper & Plastic Packaging Products & Materials,38.65,57.79,35.35,38.79,38.75,38.33,40.76,43.83,44.9,45.79
IPG,Interpublic Group of Companies (The),Communication Services,Advertising,24.57,31.81,21.93,25.12,25.04,25.18,26.03,25.78,25.34,25.2
INTU,Intuit,Information Technology,Application Software,669.97,812.22,530.03,666.79,663.03,653.15,657.41,678.57,695.85,677.16
ISRG,Intuitive Surgical,Health Care,Health Care Equipment,554.42,616.0,425.0,551.91,559.82,562.68,531.42,497.25,501.97,507.92
IVZ,Invesco,Financials,Asset Management & Custody Banks,26.08,27.31,11.23,26.52,25.85,24.7,23.84,22.72,21.55,18.79
INVH,Invitation Homes,Real Estate,Single-Family Residential REITs,26.88,35.13,26.02,26.63,26.81,27.36,27.96,28.91,29.57,30.86
IQV,IQVIA,Health Care,Life Sciences Tools & Services,222.06,234.3,134.65,223.37,223.65,224.46,217.16,202.66,195.33,181.66
IRM,Iron Mountain,Real Estate,Other Specialized REITs,81.32,109.06,70.45,83.6,83.67,84.02,94.27,94.37,95.14,92.85
JBHT,J.B. Hunt,Industrials,Cargo Ground Transportation,196.85,204.43,121.7,196.38,192.14,179.74,168.09,154.16,152.86,148.34
JBL,Jabil,Information Technology,Electronic Manufacturing Services,215.26,237.05,108.52,224.61,222.94,212.93,210.58,213.01,214.26,190.57
JKHY,Jack Henry & Associates,Financials,Transaction & Payment Processing Services,187.29,194.03,143.64,185.44,181.91,175.61,163.25,161.39,164.7,168.89
J,Jacobs Solutions,Industrials,Construction & Engineering,133.9,168.03,104.43,135.74,137.34,137.22,148.62,147.51,144.65,135.94
JNJ,Johnson & Johnson,Health Care,Pharmaceuticals,209.17,215.19,136.5,210.29,206.28,205.19,195.79,185.29,179.44,169.71
JCI,Johnson Controls,Industrials,Building Products,118.85,123.78,67.78,117.07,115.83,115.32,114.12,110.5,109.61,101.26
JPM,JPMorgan Chase,Financials,Diversified Banks,316.76,322.88,200.22,316.56,314.18,308.97,307.16,303.3,299.96,279.66
K,Kellanova,Consumer Staples,Packaged Foods & Meats,83.44,83.49,75.95,83.32,83.2,83.01,82.65,80.64,80.17,80.35
KVUE,Kenvue,Consumer Staples,Personal Care Products,17.24,24.41,13.85,17.28,17.11,16.93,16.13,17.72,18.38,19.9
KDP,Keurig Dr Pepper,Consumer Staples,Soft Drinks & Non-alcoholic Beverages,28.59,35.62,25.03,29.27,29.0,28.28,27.49,28.67,29.56,30.93
KEY,KeyCorp,Financials,Regional Banks,20.59,20.88,12.29,20.45,19.7,18.67,17.96,18.11,17.98,16.87
KEYS,Keysight Technologies,Information Technology,Electronic Equipment & Instruments,204.52,214.58,121.43,209.55,209.4,197.6,182.87,175.49,173.17,165.14
KMB,Kimberly-Clark,Consumer Staples,Household Products,102.45,145.82,98.03,103.0,103.12,103.85,108.88,117.65,119.39,124.68
KIM,Kimco Realty,Real Estate,Retail REITs,20.15,23.89,17.3,20.15,20.09,20.09,20.61,20.99,20.96,20.63
KMI,Kinder Morgan,Energy,Oil & Gas Storage & Transportation,26.35,30.15,23.17,26.64,27.06,27.0,26.8,26.88,26.99,26.84
KKR,KKR & Co.,Financials,Asset Management & Custody Banks,133.46,169.44,85.77,137.84,133.95,126.55,122.89,131.68,132.91,126.3
KLAC,KLA Corporation,Information Technology,Semiconductor Materials & Equipment,1226.0,1282.32,547.89,1232.36,1221.05,1180.44,1159.94,1053.2,1023.4,909.64
KHC,Kraft Heinz,Consumer Staples,Packaged Foods & Meats,24.58,31.87,23.33,24.45,24.5,24.72,24.62,25.49,25.63,26.31
KR,Kroger,Consumer Staples,Food Retail,62.26,74.13,56.96,62.31,62.99,64.8,65.68,66.95,67.74,67.43
LHX,L3Harris,Industrials,Aerospace & Defense,282.56,306.84,189.46,286.77,282.96,280.76,286.91,282.34,277.04,255.77
LH,Labcorp,Health Care,Health Care Services,258.58,292.94,207.68,261.34,261.82,263.1,266.77,269.59,266.56,256.26
LRCX,Lam Research,Information Technology,Semiconductor Materials & Equipment,163.32,169.69,55.98,165.02,162.92,156.37,152.82,131.96,125.13,106.93
LW,Lamb Weston,Consumer Staples,Packaged Foods & Meats,59.8,81.86,46.97,59.48,59.51,58.67,61.03,58.43,57.11,55.34
LVS,Las Vegas Sands,Consumer Discretionary,Casinos & Gaming,67.36,70.45,29.72,66.45,66.53,66.48,60.85,57.22,55.19,49.14
LDOS,Leidos,Industrials,Diversified Support Services,182.82,205.3,122.37,187.21,187.22,187.68,189.71,184.45,179.41,165.73
LEN,Lennar,Consumer Discretionary,Homebuilding,117.24,149.21,97.13,119.1,121.72,123.22,123.06,125.52,122.68,117.89
LII,Lennox International,Industrials,Building Products,493.99,687.72,443.19,502.25,501.83,486.03,499.59,535.12,547.04,552.33
LLY,Lilly (Eli),Health Care,Pharmaceuticals,1048.46,1111.99,621.5,1028.24,1017.93,1041.3,942.36,838.92,827.04,813.47
LIN,Linde plc,Materials,Industrial Gases,423.38,483.05,387.78,410.52,404.48,406.43,424.77,448.3,451.5,451.85
LYV,Live Nation Entertainment,Communication Services,Movies & Entertainment,138.65,175.25,112.88,140.83,139.63,134.73,142.92,152.12,151.45,144.67
LKQ,LKQ Corporation,Consumer Discretionary,Distributors,29.93,43.32,28.13,30.54,29.74,29.57,29.87,30.26,31.54,34.59
LMT,Lockheed Martin,Industrials,Aerospace & Defense,477.17,512.11,404.07,476.93,466.43,460.33,473.18,462.65,460.29,458.82
L,Loews Corporation,Financials,Multi-line Insurance,104.17,109.06,78.83,104.23,103.82,105.18,102.7,99.4,97.72,93.79
LOW,Lowe's,Consumer Discretionary,Home Improvement Retail,247.41,273.63,203.22,247.55,246.68,240.9,238.71,245.5,240.53,233.94
LULU,Lululemon Athletica,Consumer Discretionary,"Apparel, Accessories & Luxury Goods",206.72,423.32,159.25,198.52,191.38,182.74,175.61,181.34,191.45,229.6
LYB,LyondellBasell,Materials,Specialty Chemicals,42.92,72.64,40.42,44.2,43.86,44.39,44.43,47.88,50.05,52.98
MTB,M&T Bank,Financials,Regional Banks,204.16,207.29,147.35,203.38,199.01,192.19,186.56,189.84,190.41,183.36
MPC,Marathon Petroleum,Energy,Oil & Gas Refining & Marketing,176.77,201.29,113.25,185.29,187.7,190.2,190.02,183.07,180.72,167.12
MKTX,MarketAxess,Financials,Financial Exchanges & Data,180.3,233.1,155.48,178.31,172.4,168.07,168.03,176.71,184.4,195.95
MAR,Marriott International,Consumer Discretionary,"Hotels, Resorts & Cruise Lines",305.9,310.23,203.87,296.33,296.94,295.44,280.87,272.76,272.63,263.08
MMC,Marsh McLennan,Financials,Insurance Brokers,187.57,245.83,174.18,184.11,183.44,182.21,186.23,194.22,197.8,208.83
MLM,Martin Marietta Materials,Materials,Construction Materials,629.74,664.29,440.13,629.47,624.06,615.79,618.42,613.85,602.41,568.26
MAS,Masco,Industrials,Building Products,64.83,80.67,55.74,64.36,63.76,63.09,64.42,67.91,67.3,66.17
MA,Mastercard,Financials,Transaction & Payment Processing Services,565.47,600.98,463.61,561.75,552.83,546.21,554.47,566.74,564.51,558.39
MTCH,Match Group,Communication Services,Interactive Media & Services,32.4,38.99,26.09,33.04,33.54,33.09,32.79,34.6,34.09,32.47
MKC,McCormick & Company,Consumer Staples,Packaged Foods & Meats,68.25,84.63,62.64,66.08,65.03,65.88,65.79,67.17,68.28,71.06
MCD,McDonald's,Consumer Discretionary,Restaurants,314.64,320.72,270.23,314.07,311.84,308.42,304.17,304.04,301.51,302.77
MCK,McKesson Corporation,Health Care,Health Care Distributors,808.35,894.75,555.78,814.76,809.49,836.4,819.61,761.2,752.21,728.42
MDT,Medtronic,Health Care,Health Care Equipment,97.79,106.33,76.99,99.35,100.3,101.45,97.14,94.8,93.44,90.25
MRK,Merck & Co.,Health Care,Pharmaceuticals,98.36,104.94,71.26,98.61,98.75,99.08,91.42,86.56,85.25,83.52
META,Meta Platforms,Communication Services,Interactive Media & Services,661.48,795.06,478.72,650.89,655.01,636.76,664.6,708.17,709.26,670.0
MET,MetLife,Financials,Life & Health Insurance,82.48,85.61,63.78,81.0,79.35,77.42,78.35,78.37,78.2,77.64
MTD,Mettler Toledo,Health Care,Life Sciences Tools & Services,1389.84,1525.17,946.69,1400.23,1410.22,1427.57,1400.22,1335.74,1308.1,1245.84
MGM,MGM Resorts,Consumer Discretionary,Casinos & Gaming,36.91,41.32,25.3,36.96,36.25,34.59,33.22,34.73,35.08,33.73
MCHP,Microchip Technology,Information Technology,Semiconductors,65.98,75.98,33.33,67.47,66.57,59.24,60.36,62.65,64.34,59.74
MU,Micron Technology,Information Technology,Semiconductors,233.41,264.75,61.44,246.84,243.16,234.49,224.08,180.16,168.04,138.99
MSFT,Microsoft,Information Technology,Systems Software,476.27,553.5,342.95,478.33,481.64,482.56,502.16,507.08,505.34,471.31
MAA,Mid-America Apartment Communities,Real Estate,Multi-Family Residential REITs,133.66,168.08,125.75,132.67,132.39,132.95,131.96,136.02,138.27,144.57
MRNA,Moderna,Health Care,Biotechnology,29.92,48.92,22.28,29.59,28.25,26.29,26.19,26.28,27.15,27.53
MHK,Mohawk Industries,Consumer Discretionary,Home Furnishings,110.23,143.13,96.24,111.71,111.17,110.97,114.86,121.67,119.24,114.72
MOH,Molina Healthcare,Health Care,Managed Health Care,160.8,359.97,133.4,162.32,156.46,149.52,162.13,167.97,182.65,233.03
TAP,Molson Coors Beverage Company,Consumer Staples,Brewers,47.91,62.82,42.5,47.42,46.49,46.13,45.59,46.85,47.16,50.27
MDLZ,Mondelez International,Consumer Staples,Packaged Foods & Meats,53.99,70.58,52.78,54.01,54.75,55.58,57.97,60.23,61.73,63.06
MPWR,Monolithic Power Systems,Information Technology,Semiconductors,952.55,1123.38,437.16,961.79,962.95,931.8,970.6,909.06,872.56,776.65
MNST,Monster Beverage,Consumer Staples,Soft Drinks & Non-alcoholic Beverages,75.36,76.28,45.7,74.03,73.98,73.76,70.83,67.13,65.92,63.55
MCO,Moody's Corporation,Financials,Financial Exchanges & Data,493.64,527.9,376.55,486.6,488.6,484.06,483.04,492.62,492.87,480.03
MS,Morgan Stanley,Financials,Investment Banking & Brokerage,176.71,181.98,92.37,178.58,177.37,170.8,164.93,157.21,153.54,140.31
MOS,Mosaic Company (The),Materials,Fertilizers & Agricultural Chemicals,23.53,37.63,21.79,24.71,24.27,24.18,26.68,29.97,31.13,30.52
MSI,Motorola Solutions,Information Technology,Communications Equipment,363.82,489.48,359.39,365.69,368.66,369.11,401.48,430.53,427.75,423.53
MSCI,MSCI Inc.,Financials,Financial Exchanges & Data,551.9,628.24,482.16,548.86,544.31,551.73,557.01,559.17,560.24,556.31
NDAQ,"Nasdaq, Inc.",Financials,Financial Exchanges & Data,93.17,97.06,64.26,93.09,91.43,89.71,88.46,90.59,90.25,85.36
NTAP,NetApp,Information Technology,"Technology Hardware, Storage & Peripherals",113.49,126.11,71.18,116.68,116.47,112.41,114.73,114.23,112.38,104.76
NFLX,Netflix,Communication Services,Movies & Entertainment,94.44,134.12,82.11,94.04,97.11,102.44,109.9,115.27,117.38,113.3
NEM,Newmont,Materials,Gold,98.55,102.13,36.25,98.04,94.34,90.89,88.08,81.2,76.78,66.91
NWSA,News Corp (Class A),Communication Services,Publishing,25.94,31.61,23.3,26.09,25.93,25.65,26.05,27.78,28.1,27.75
NWS,News Corp (Class B),Communication Services,Publishing,29.4,35.47,26.17,29.48,29.39,29.13,29.62,31.53,32.0,31.7
NEE,NextEra Energy,Utilities,Multi-Utilities,81.33,86.94,60.35,81.42,81.88,83.19,83.22,77.83,76.7,73.59
NKE,"Nike, Inc.",Consumer Discretionary,"Apparel, Accessories & Luxury Goods",67.15,80.55,51.34,67.19,66.0,64.55,65.05,69.43,69.67,66.67
NI,NiSource,Utilities,Multi-Utilities,41.51,44.58,34.39,41.55,41.63,42.35,42.77,42.21,41.72,40.51
NDSN,Nordson Corporation,Industrials,Industrial Machinery & Supplies & Components,236.91,251.47,163.83,235.78,236.58,234.57,233.82,227.41,225.22,215.06
NSC,Norfolk Southern,Industrials,Rail Transportation,294.68,300.79,198.48,295.9,294.54,290.51,287.32,284.44,279.96,261.48
NTRS,Northern Trust,Financials,Asset Management & Custody Banks,138.31,140.75,80.06,137.8,134.91,131.01,128.87,128.53,127.49,116.42
NOC,Northrop Grumman,Industrials,Aerospace & Defense,569.63,638.31,418.96,566.12,559.01,560.22,577.54,579.88,566.27,536.04
NCLH,Norwegian Cruise Line Holdings,Consumer Discretionary,"Hotels, Resorts & Cruise Lines",21.67,29.29,14.21,20.79,19.83,18.98,20.55,22.7,22.52,20.92
NRG,NRG Energy,Utilities,Independent Power Producers & Energy Traders,160.4,180.08,78.84,164.13,165.06,165.2,166.88,161.97,160.23,144.75
NUE,Nucor,Materials,Steel,162.6,168.07,96.79,164.13,162.48,158.59,148.78,144.91,143.22,133.68
NVDA,Nvidia,Information Technology,Semiconductors,177.53,212.18,86.6,178.71,180.94,180.79,186.45,182.39,178.3,156.63
NVR,"NVR, Inc.",Consumer Discretionary,Homebuilding,7553.19,8780.0,6562.85,7543.78,7521.27,7447.05,7444.93,7763.35,7715.35,7518.52
NXPI,NXP Semiconductors,Information Technology,Semiconductors,230.45,250.74,146.07,230.61,228.67,210.92,210.7,216.73,217.67,208.64
ORLY,O’Reilly Automotive,Consumer Discretionary,Automotive Retail,93.28,108.72,78.3,94.02,95.95,98.03,98.32,100.96,99.15,96.12
OXY,Occidental Petroleum,Energy,Oil & Gas Exploration & Production,38.98,52.05,34.2,40.64,41.24,41.36,41.49,43.33,43.35,43.02
ODFL,Old Dominion,Industrials,Cargo Ground Transportation,156.4,208.11,125.76,157.92,154.98,144.19,140.32,143.65,147.74,152.67
OMC,Omnicom Group,Communication Services,Advertising,80.97,89.09,67.76,78.44,75.24,74.01,75.47,75.7,74.99,74.94
ON,ON Semiconductor,Information Technology,Semiconductors,54.83,70.58,31.04,55.19,55.42,51.75,50.78,50.56,51.82,48.37
OKE,Oneok,Energy,Oil & Gas Storage & Transportation,71.13,105.47,64.02,72.99,74.22,72.68,69.87,71.62,73.08,77.2
ORCL,Oracle Corporation,Information Technology,Application Software,188.53,345.12,117.98,197.06,206.7,206.44,243.09,253.19,248.39,212.66
OTIS,Otis Worldwide,Industrials,Industrial Machinery & Supplies & Components,87.99,105.37,83.46,88.06,87.38,87.56,89.39,88.55,90.2,92.63
PCAR,Paccar,Industrials,Construction Machinery & Heavy Transportation Equipment,112.0,114.5,83.8,112.56,110.88,106.52,100.84,99.71,98.93,96.99
PKG,Packaging Corporation of America,Materials,Paper & Plastic Packaging Products & Materials,203.4,238.15,170.61,201.84,199.16,198.88,202.05,204.5,203.03,197.99
PLTR,Palantir Technologies,Information Technology,Application Software,187.82,207.52,63.4,186.02,182.92,173.54,179.83,174.59,168.5,145.43
PANW,Palo Alto Networks,Information Technology,Systems Software,187.49,223.61,144.15,189.68,192.69,190.95,204.18,197.41,197.7,192.14
PSKY,Paramount Skydance Corporation,Communication Services,Movies & Entertainment,13.89,20.86,9.92,14.09,14.25,14.98,15.79,15.65,15.07,13.76
PH,Parker Hannifin,Industrials,Industrial Machinery & Supplies & Components,874.93,908.35,484.88,886.33,879.71,861.22,809.81,777.39,762.44,709.37
PAYX,Paychex,Industrials,Human Resource & Employment Services,115.33,158.49,108.0,114.19,113.14,111.85,116.69,125.61,129.07,135.88
PAYC,Paycom,Industrials,Human Resource & Employment Services,163.23,266.71,156.14,164.51,164.56,162.89,178.05,199.48,205.39,214.93
PYPL,PayPal,Financials,Transaction & Payment Processing Services,61.38,93.03,55.72,61.33,61.38,61.25,65.57,67.06,68.51,68.32
PNR,Pentair,Industrials,Industrial Machinery & Supplies & Components,104.46,113.69,73.68,104.5,104.75,104.34,106.84,107.02,106.33,100.44
PEP,PepsiCo,Consumer Staples,Soft Drinks & Non-alcoholic Beverages,150.2,155.29,123.93,150.16,147.82,146.93,146.37,144.18,142.07,139.5
PFE,Pfizer,Health Care,Pharmaceuticals,25.45,27.21,19.83,25.86,25.77,25.51,24.91,24.6,24.48,23.87
PCG,PG&E Corporation,Utilities,Multi-Utilities,15.35,20.33,12.95,15.16,15.14,15.49,16.01,15.51,15.14,15.67
PM,Philip Morris International,Consumer Staples,Tobacco,157.89,183.57,113.18,154.13,151.74,153.65,153.75,158.42,161.88,162.23
PSX,Phillips 66,Energy,Oil & Gas Refining & Marketing,131.98,144.96,88.51,140.43,139.97,137.75,135.09,131.25,129.62,122.98
PNW,Pinnacle West Capital,Utilities,Multi-Utilities,88.03,93.67,78.26,87.5,87.67,88.58,89.47,88.99,88.97,89.24
PNC,PNC Financial Services,Financials,Diversified Banks,210.29,213.03,141.09,210.05,204.42,196.3,188.81,192.71,192.08,182.22
POOL,Pool Corporation,Consumer Discretionary,Distributors,236.98,368.69,229.63,237.9,239.86,239.63,262.38,288.39,290.35,297.07
PPG,PPG Industries,Materials,Specialty Chemicals,103.9,121.66,88.43,102.87,101.72,99.85,99.21,103.48,105.54,106.02
PPL,PPL Corporation,Utilities,Electric Utilities,34.1,37.96,30.24,33.81,33.83,34.83,35.98,35.92,35.56,35.0
PFG,Principal Financial Group,Financials,Life & Health Insurance,89.51,92.1,66.44,90.02,87.99,85.41,82.74,80.77,80.24,78.88
PG,Procter & Gamble,Consumer Staples,Personal Care Products,145.49,176.43,138.14,142.81,142.75,145.29,147.41,150.86,151.92,155.92
PGR,Progressive Corporation,Financials,Property & Casualty Insurance,231.69,292.65,199.9,231.23,228.28,227.48,224.08,234.52,238.37,252.5
PLD,Prologis,Real Estate,Industrial REITs,127.77,131.34,83.8,129.23,128.71,127.26,124.33,117.29,115.11,111.48
PRU,Prudential Financial,Financials,Life & Health Insurance,117.13,118.31,86.97,115.64,112.89,109.41,105.02,104.15,103.91,103.05
PEG,Public Service Enterprise Group,Utilities,Electric Utilities,80.21,89.82,72.92,79.47,79.31,80.27,81.18,82.01,82.01,80.77
PTC,PTC Inc.,Information Technology,Application Software,174.66,219.69,133.38,175.31,175.68,174.3,186.92,197.5,194.83,181.7
PSA,Public Storage,Real Estate,Self-Storage REITs,268.7,313.99,251.43,269.42,271.68,271.05,282.99,283.69,284.38,287.08
PHM,PulteGroup,Consumer Discretionary,Homebuilding,124.18,141.88,87.74,126.52,126.57,124.06,122.28,125.77,122.59,114.51
PWR,Quanta Services,Industrials,Construction & Engineering,439.42,473.99,226.97,452.47,456.17,450.18,442.84,416.65,409.97,367.83
QCOM,Qualcomm,Information Technology,Semiconductors,176.53,204.9,118.79,179.51,177.22,170.91,170.46,164.42,162.67,156.61
DGX,Quest Diagnostics,Health Care,Health Care Services,179.01,197.55,146.3,180.76,181.75,184.97,183.41,181.15,179.48,176.02
RL,Ralph Lauren Corporation,Consumer Discretionary,"Apparel, Accessories & Luxury Goods",370.82,377.72,175.49,364.67,361.92,354.41,337.3,319.85,312.0,284.27
RJF,Raymond James Financial,Financials,Investment Banking & Brokerage,162.54,177.15,116.85,164.23,162.55,158.72,160.75,164.15,162.51,154.53
RTX,RTX Corporation,Industrials,Aerospace & Defense,179.73,182.28,110.77,178.53,174.69,173.3,171.87,164.71,161.08,149.48
O,Realty Income,Real Estate,Retail REITs,57.55,60.33,48.85,57.45,57.64,57.22,57.65,57.73,57.38,56.33
REG,Regency Centers,Real Estate,Retail REITs,67.25,75.09,61.52,67.19,67.55,68.6,69.46,69.99,69.78,69.75
REGN,Regeneron Pharmaceuticals,Health Care,Biotechnology,747.4,790.98,475.17,733.12,727.57,738.1,663.43,617.1,601.73,598.18
RF,Regions Financial Corporation,Financials,Regional Banks,27.46,27.98,17.18,27.53,26.93,25.83,24.89,25.4,25.12,23.4
RSG,Republic Services,Industrials,Environmental & Facilities Services,214.61,257.43,197.66,211.6,212.91,214.43,215.05,223.06,226.94,232.72
RMD,ResMed,Health Care,Health Care Equipment,248.21,293.11,198.6,250.34,251.21,250.41,256.63,266.98,264.89,252.36
RVTY,Revvity,Health Care,Health Care Equipment,96.14,128.0,81.3,100.63,100.83,100.31,96.07,92.07,93.25,95.08
ROK,Rockwell Automation,Industrials,Electrical Components & Equipment,401.89,415.89,212.49,406.4,404.34,393.8,373.44,358.24,354.46,323.86
ROL,"Rollins, Inc.",Industrials,Environmental & Facilities Services,59.65,61.84,44.8,59.19,59.97,60.05,58.3,57.69,57.29,56.26
ROP,Roper Technologies,Information Technology,Electronic Equipment & Instruments,445.2,592.47,435.42,444.56,444.84,444.41,462.9,492.19,505.38,528.36
ROST,Ross Stores,Consumer Discretionary,Apparel Retail,182.65,185.85,121.41,182.79,180.05,175.56,164.71,155.81,150.69,145.2
RCL,Royal Caribbean Group,Consumer Discretionary,"Hotels, Resorts & Cruise Lines",287.22,365.38,163.05,270.9,265.47,262.31,279.31,304.88,308.22,277.19
SPGI,S&P Global,Financials,Financial Exchanges & Data,499.86,576.91,424.77,497.88,496.76,494.64,490.08,511.33,513.54,506.51
CRM,Salesforce,Information Technology,Application Software,255.26,365.3,221.96,259.72,256.59,243.35,246.23,246.21,250.13,257.44
SBAC,SBA Communications,Real Estate,Telecom Tower REITs,190.4,241.44,184.43,191.45,190.44,191.97,193.01,199.78,206.1,212.33
SLB,Schlumberger,Energy,Oil & Gas Equipment & Services,37.78,43.29,30.37,39.28,38.71,37.2,35.78,34.98,34.86,35.14
STX,Seagate Technology,Information Technology,"Technology Hardware, Storage & Peripherals",287.98,308.93,62.66,293.59,283.93,271.58,255.27,220.03,204.97,163.83
SRE,Sempra,Utilities,Multi-Utilities,88.59,95.03,60.49,88.24,89.18,90.5,91.19,86.48,84.06,79.22
NOW,ServiceNow,Information Technology,Systems Software,779.58,1198.09,678.66,826.18,836.55,825.82,870.41,892.42,911.63,910.98
SHW,Sherwin-Williams,Materials,Specialty Chemicals,327.97,378.76,306.78,328.14,329.67,333.1,335.39,344.41,344.09,344.34
SPG,Simon Property Group,Real Estate,Retail REITs,182.98,186.14,131.37,182.53,181.09,181.04,178.59,175.96,172.52,165.81
SWKS,Skyworks Solutions,Information Technology,Semiconductors,65.73,91.61,46.48,67.23,68.16,66.08,69.92,71.67,71.94,69.2
SJM,J.M. Smucker Company (The),Consumer Staples,Packaged Foods & Meats,99.6,117.94,91.46,100.25,100.3,102.27,103.37,105.76,104.76,106.41
SW,Smurfit Westrock,Materials,Paper & Plastic Packaging Products & Materials,37.61,54.55,32.73,37.5,36.75,35.59,37.78,41.04,41.88,42.2
SNA,Snap-on,Industrials,Industrial Machinery & Supplies & Components,349.39,356.07,283.93,350.42,348.01,341.65,338.53,332.82,329.23,324.63
SOLV,Solventum,Health Care,Health Care Technology,80.78,88.2,60.7,82.07,82.9,82.82,76.06,74.44,74.5,73.45
SO,Southern Company,Utilities,Electric Utilities,85.59,100.02,77.85,84.97,85.75,87.65,91.46,92.0,91.8,90.31
LUV,Southwest Airlines,Industrials,Passenger Airlines,42.29,43.54,23.55,41.15,39.12,36.34,33.85,32.69,33.03,31.94
SWK,Stanley Black & Decker,Industrials,Industrial Machinery & Supplies & Components,72.93,87.08,52.01,75.03,73.66,70.35,68.74,70.76,70.32,68.91
SBUX,Starbucks,Consumer Discretionary,Restaurants,85.12,115.04,73.95,84.89,84.74,84.78,83.7,85.17,86.6,87.18
STT,State Street Corporation,Financials,Asset Management & Custody Banks,126.95,131.36,71.77,128.42,125.87,120.93,118.03,115.08,113.36,104.27
STLD,Steel Dynamics,Materials,Steel,169.28,173.86,102.41,169.58,168.65,164.52,156.47,143.79,141.18,135.45
STE,Steris,Health Care,Health Care Equipment,252.87,268.6,199.47,254.01,257.24,259.53,251.22,246.93,243.88,238.45
SYK,Stryker Corporation,Health Care,Health Care Equipment,352.04,403.95,327.71,353.64,356.54,362.28,366.24,373.9,377.22,374.83
SMCI,Supermicro,Information Technology,"Technology Hardware, Storage & Peripherals",31.37,66.44,25.71,33.53,33.85,33.54,42.88,45.0,45.78,42.81
SYF,Synchrony Financial,Financials,Consumer Finance,83.35,86.22,39.98,84.2,82.17,78.73,75.1,73.93,72.78,65.71
SNPS,Synopsys,Information Technology,Application Software,463.76,651.73,365.74,464.89,465.3,435.93,436.32,496.48,506.57,488.37
SYY,Sysco,Consumer Staples,Food Distributors,75.23,83.13,66.22,74.56,73.8,74.74,75.91,78.14,77.81,75.46
TMUS,T-Mobile US,Communication Services,Wireless Telecommunication Services,198.47,273.15,194.01,196.09,201.24,204.86,212.22,227.31,228.05,235.18
TROW,T. Rowe Price,Financials,Asset Management & Custody Banks,103.6,115.38,74.96,103.37,103.78,101.41,101.87,102.7,101.84,97.0
TTWO,Take-Two Interactive,Communication Services,Interactive Home Entertainment,244.46,264.79,177.35,245.24,246.06,243.23,248.69,243.42,242.24,233.54
TPR,"Tapestry, Inc.",Consumer Discretionary,"Apparel, Accessories & Luxury Goods",123.07,125.73,57.71,121.22,117.47,111.67,111.02,108.83,105.86,93.65
TRGP,Targa Resources,Energy,Oil & Gas Storage & Transportation,176.52,213.78,143.19,182.25,181.05,176.44,165.56,164.9,165.45,167.75
TGT,Target Corporation,Consumer Staples,Consumer Staples Merchandise Retail,97.68,138.95,83.44,96.78,94.53,91.23,90.75,92.52,93.97,94.78
TEL,TE Connectivity,Information Technology,Electronic Manufacturing Services,227.15,250.67,115.38,235.29,234.52,229.59,232.32,220.68,211.74,187.86
TDY,Teledyne Technologies,Information Technology,Electronic Equipment & Instruments,508.08,595.99,419.0,514.92,512.83,504.26,526.46,540.12,536.74,517.24
TER,Teradyne,Information Technology,Semiconductor Materials & Equipment,191.58,205.0,65.55,197.53,198.51,184.79,168.9,143.28,133.04,113.93
TSLA,"Tesla, Inc.",Consumer Discretionary,Automobile Manufacturers,475.31,488.54,214.25,455.56,450.29,431.37,436.49,400.08,383.8,346.99
TXN,Texas Instruments,Information Technology,Semiconductors,178.01,218.15,136.55,179.75,180.45,171.58,168.94,177.93,183.56,179.52
TPL,Texas Pacific Land Corporation,Energy,Oil & Gas Exploration & Production,818.94,1455.48,807.7,864.44,885.06,886.06,920.14,919.62,940.91,1064.04
TXT,Textron,Industrials,Aerospace & Defense,86.42,88.12,57.66,86.69,85.2,83.41,82.34,81.69,81.8,78.13
TMO,Thermo Fisher Scientific,Health Care,Life Sciences Tools & Services,569.3,608.82,384.82,573.78,572.65,578.28,565.43,524.11,503.94,481.62
TJX,TJX Companies,Consumer Discretionary,Apparel Retail,155.71,157.82,111.06,155.47,153.47,151.41,146.25,141.04,137.49,132.35
TKO,TKO Group Holdings,Communication Services,Movies & Entertainment,212.25,213.23,131.77,205.42,202.23,194.49,189.41,188.11,184.87,173.37
TTD,Trade Desk (The),Communication Services,Advertising,36.55,136.42,35.65,37.13,38.24,38.87,45.09,51.07,56.07,58.28
TSCO,Tractor Supply,Consumer Discretionary,Other Specialty Retail,52.74,63.47,46.26,52.46,53.05,53.25,54.04,56.5,56.28,54.33
TT,Trane Technologies,Industrials,Building Products,396.21,475.11,296.82,396.96,399.69,405.61,417.41,419.24,422.93,405.55
TDG,TransDigm Group,Industrials,Aerospace & Defense,1269.96,1519.36,1107.45,1295.42,1318.66,1332.79,1314.39,1319.52,1343.22,1325.62
TRV,Travelers Companies (The),Financials,Property & Casualty Insurance,289.66,295.68,226.54,285.36,282.83,285.9,278.33,274.19,271.15,266.66
TRMB,Trimble Inc.,Information Technology,Electronic Equipment & Instruments,80.46,87.5,52.91,81.34,81.81,80.38,79.57,80.68,80.32,75.3
TFC,Truist Financial,Financials,Diversified Banks,49.67,50.43,32.34,49.71,48.67,47.16,45.0,44.75,44.43,42.1
TYL,Tyler Technologies,Information Technology,Application Software,450.85,661.31,445.64,452.14,458.02,461.95,478.92,516.98,528.1,543.43
TSN,Tyson Foods,Consumer Staples,Packaged Foods & Meats,58.35,62.66,50.12,59.0,57.7,56.6,53.9,54.24,54.17,55.3
USB,U.S. Bancorp,Financials,Diversified Banks,53.58,54.01,34.43,53.57,52.44,50.26,48.27,47.7,47.26,44.91
UBER,Uber,Industrials,Passenger Ground Transportation,80.64,101.99,59.33,83.44,87.18,86.71,91.29,92.66,92.55,87.58
UDR,"UDR, Inc.",Real Estate,Multi-Family Residential REITs,35.56,44.96,32.94,35.42,35.44,35.43,35.32,36.58,37.27,38.71
ULTA,Ulta Beauty,Consumer Discretionary,Other Specialty Retail,589.12,611.9,309.01,595.19,584.82,553.52,538.32,531.74,521.6,473.15
UNP,Union Pacific Corporation,Industrials,Rail Transportation,235.98,250.85,200.99,237.6,236.01,230.8,225.37,223.7,224.51,223.58
UAL,United Airlines Holdings,Industrials,Passenger Airlines,112.29,116.0,52.0,108.59,107.13,102.02,99.13,99.25,96.28,87.97
UPS,United Parcel Service,Industrials,Air Freight & Logistics,99.68,128.18,80.6,100.16,98.12,96.11,91.84,88.03,89.98,93.01
URI,United Rentals,Industrials,Trading Companies & Distributors,820.23,1019.33,522.49,813.6,807.22,804.9,872.43,898.1,873.78,788.28
UNH,UnitedHealth Group,Health Care,Managed Health Care,333.57,594.32,231.57,336.32,332.62,325.58,337.63,321.59,316.25,352.26
UHS,Universal Health Services,Health Care,Health Care Facilities,221.9,246.13,152.04,223.71,227.52,231.1,220.92,201.72,196.49,190.1
VLO,Valero Energy,Energy,Oil & Gas Refining & Marketing,162.74,184.46,96.76,169.37,172.19,174.42,170.3,160.38,156.55,143.72
VTR,Ventas,Real Estate,Health Care REITs,78.44,81.89,55.47,78.43,79.43,79.58,74.98,71.36,69.82,68.09
VLTO,Veralto,Industrials,Environmental & Facilities Services,99.26,109.99,83.69,98.95,100.0,99.98,100.69,103.63,103.22,100.64
VRSN,Verisign,Information Technology,Internet Services & Infrastructure,242.91,308.75,189.47,242.75,246.65,248.6,250.8,263.42,267.36,264.4
VRSK,Verisk Analytics,Industrials,Research & Consulting Services,218.2,321.24,196.59,216.6,218.35,220.62,224.47,243.01,254.91,271.16
VZ,Verizon,Communication Services,Integrated Telecommunication Services,40.7,45.09,35.79,40.51,40.76,40.82,40.35,41.6,41.55,41.7
VRTX,Vertex Pharmaceuticals,Health Care,Biotechnology,457.45,519.68,362.5,448.15,449.19,438.84,427.09,413.89,423.01,441.84
VTRS,Viatris,Health Care,Pharmaceuticals,11.52,12.22,6.6,11.6,11.28,10.9,10.49,10.15,9.9,9.31
VICI,Vici Properties,Real Estate,Hotel & Resort REITs,28.32,33.54,26.86,28.29,28.12,28.48,29.8,31.16,31.44,31.25
V,Visa Inc.,Financials,Transaction & Payment Processing Services,344.92,374.11,297.39,342.2,335.23,332.07,337.59,340.26,342.23,343.28
VST,Vistra Corp.,Utilities,Electric Utilities,173.66,219.82,90.3,170.36,169.76,172.07,184.59,192.6,192.22,171.55
VMC,Vulcan Materials Company,Materials,Construction Materials,292.93,311.21,213.97,295.34,294.34,291.37,293.07,291.7,286.06,272.22
WRB,W. R. Berkley Corporation,Financials,Property & Casualty Insurance,68.62,78.96,55.38,68.32,69.02,73.03,74.35,73.19,72.63,71.18
GWW,W. W. Grainger,Industrials,Industrial Machinery & Supplies & Components,1023.93,1139.81,887.81,1020.8,993.73,966.34,959.47,971.58,984.13,997.06
WAB,Wabtec,Industrials,Construction Machinery & Heavy Transportation Equipment,213.49,219.63,151.24,214.37,213.49,207.87,203.23,197.75,199.98,195.24
WMT,Walmart,Consumer Staples,Consumer Staples Merchandise Retail,115.69,117.45,79.27,115.48,114.92,110.8,106.52,103.57,102.09,98.5
DIS,Walt Disney Company (The),Communication Services,Movies & Entertainment,111.85,123.85,79.22,110.4,107.96,105.76,108.66,111.94,113.62,108.7
WBD,Warner Bros. Discovery,Communication Services,Broadcasting,29.01,30.0,7.52,29.54,27.84,25.67,22.66,18.63,17.27,14.37
WM,Waste Management,Industrials,Environmental & Facilities Services,219.59,239.91,193.36,214.94,213.65,214.12,210.65,216.66,218.56,222.21
WAT,Waters Corporation,Health Care,Life Sciences Tools & Services,377.36,423.56,275.05,387.4,391.71,392.05,367.48,332.16,331.47,339.13
WEC,WEC Energy Group,Utilities,Electric Utilities,104.49,117.25,88.91,104.15,104.95,107.85,111.11,109.77,108.61,106.99
WFC,Wells Fargo,Financials,Diversified Banks,91.9,94.26,57.46,92.17,90.92,87.78,85.69,82.97,82.39,77.87
WELL,Welltower,Real Estate,Health Care REITs,191.16,209.05,120.99,188.88,195.12,198.62,187.18,177.26,172.66,163.19
WST,West Pharmaceutical Services,Health Care,Health Care Supplies,267.15,347.77,186.94,268.92,273.3,271.28,273.5,262.08,254.22,240.18
WDC,Western Digital,Information Technology,"Technology Hardware, Storage & Peripherals",175.17,188.77,28.72,178.54,171.74,162.67,148.31,119.58,108.72,84.77
WY,Weyerhaeuser,Real Estate,Timber REITs,23.28,30.64,20.96,23.25,22.56,22.12,22.71,23.87,24.21,25.06
WSM,"Williams-Sonoma, Inc.",Consumer Discretionary,Homefurnishing Retail,186.27,217.31,128.49,185.71,182.04,180.22,186.75,191.92,187.05,176.71
WMB,Williams Companies,Energy,Oil & Gas Storage & Transportation,58.64,65.01,50.16,59.66,60.72,60.03,59.94,59.19,59.0,58.25
WTW,Willis Towers Watson,Financials,Insurance Brokers,329.68,352.79,291.3,324.65,321.65,320.16,325.31,327.67,323.01,320.11
WDAY,"Workday, Inc.",Information Technology,Application Software,215.86,283.68,205.33,220.41,219.67,220.29,228.56,229.39,230.62,236.1
WYNN,Wynn Resorts,Consumer Discretionary,Casinos & Gaming,126.44,134.72,64.8,124.96,125.89,125.45,123.04,120.85,117.35,104.83
XEL,Xcel Energy,Utilities,Multi-Utilities,73.92,83.01,61.07,74.82,75.89,78.07,79.77,76.66,75.05,72.53
XYL,Xylem Inc.,Industrials,Industrial Machinery & Supplies & Components,137.51,153.83,99.59,138.28,138.74,139.35,144.3,142.92,140.26,132.71
YUM,Yum! Brands,Consumer Discretionary,Restaurants,151.23,160.96,119.81,149.62,147.3,148.81,146.3,146.16,146.15,146.51
ZBRA,Zebra Technologies,Information Technology,Electronic Equipment & Instruments,262.73,427.76,205.73,267.62,264.31,252.66,269.46,292.81,297.76,288.43
ZBH,Zimmer Biomet,Health Care,Health Care Equipment,91.04,113.87,85.33,92.26,92.87,92.88,95.51,98.0,97.05,98.24
ZTS,Zoetis,Health Care,Pharmaceuticals,124.45,179.47,115.25,119.96,119.54,121.34,130.21,139.64,142.54,148.73
