Symbol,Company,GICS_Sector,GICS_Sub_Industry,Current_Price,52_Week_High,52_Week_Low,SMA_5,SMA_10,SMA_20,SMA_50,SMA_100,SMA_125,SMA_200
MMM,3M,Industrials,Industrial Conglomerates,161.89,184.09,138.02,165.41,166.87,165.85,173.04,164.69,160.9,159.46
AOS,A. O. Smith,Industrials,Building Products,56.75,80.92,53.83,57.24,57.54,57.6,60.11,59.3,60.0,63.82
ABT,Abbott Laboratories,Health Care,Health Care Equipment,97.5,132.31,81.39,98.99,100.75,102.21,106.84,98.6,97.45,103.14
ABBV,AbbVie,Health Care,Biotechnology,262.82,269.39,189.4,262.78,263.81,261.09,257.84,244.36,236.18,229.48
ACN,Accenture,Information Technology,IT Consulting & Other Services,198.9,285.21,116.75,189.23,185.3,185.3,180.09,166.97,170.08,193.46
ADBE,Adobe Inc.,Information Technology,Application Software,237.69,363.7,190.12,236.62,238.59,247.05,258.49,243.39,243.69,259.87
AMD,Advanced Micro Devices,Information Technology,Semiconductors,633.91,645.46,163.14,615.37,619.06,566.49,513.53,510.27,471.56,374.72
AES,AES Corporation,Utilities,Independent Power Producers & Energy Traders,14.91,17.23,12.74,14.89,14.86,14.84,14.77,14.63,14.53,14.44
AFL,Aflac,Financials,Life & Health Insurance,111.54,129.57,103.27,112.34,113.45,114.78,118.57,118.14,117.04,114.13
A,Agilent Technologies,Health Care,Life Sciences Tools & Services,167.78,177.05,108.14,171.4,169.72,159.66,152.53,140.42,135.63,132.55
APD,Air Products,Materials,Industrial Gases,277.57,312.82,223.18,276.33,279.29,284.42,293.91,290.31,291.21,282.0
ABNB,Airbnb,Consumer Discretionary,"Hotels, Resorts & Cruise Lines",162.43,193.45,110.81,159.32,158.37,164.31,169.68,154.46,151.17,143.49
AKAM,Akamai Technologies,Information Technology,Internet Services & Infrastructure,108.92,165.45,70.82,107.93,111.82,109.04,111.87,122.57,119.2,111.68
ALB,Albemarle Corporation,Materials,Specialty Chemicals,104.59,219.7,83.76,106.08,109.16,113.76,122.55,137.08,147.82,154.47
ARE,Alexandria Real Estate Equities,Real Estate,Office REITs,47.37,80.53,38.32,47.51,49.32,50.4,50.25,49.61,48.43,48.82
ALGN,Align Technology,Health Care,Health Care Supplies,143.74,200.44,124.91,144.69,146.42,148.93,160.17,166.22,168.92,170.31
ALLE,Allegion,Industrials,Building Products,154.21,181.03,124.05,154.61,153.94,153.72,157.88,145.57,144.44,149.23
LNT,Alliant Energy,Utilities,Electric Utilities,64.33,78.22,62.41,63.78,63.91,65.46,68.06,70.71,70.9,69.57
ALL,Allstate,Financials,Property & Casualty Insurance,223.74,276.07,184.51,224.6,227.58,241.02,253.09,240.67,235.14,223.05
GOOGL,Alphabet Inc. (Class A),Communication Services,Interactive Media & Services,343.5,408.1,235.23,341.9,343.97,342.62,344.23,354.99,354.28,338.54
GOOG,Alphabet Inc. (Class C),Communication Services,Interactive Media & Services,340.35,403.96,236.07,338.5,340.59,339.27,341.64,352.48,351.8,337.01
MO,Altria,Consumer Staples,Tobacco,67.35,75.85,52.17,67.9,68.33,68.46,67.66,68.95,68.3,65.42
AMZN,Amazon,Consumer Discretionary,Broadline Retail,251.52,287.2,196.0,248.34,250.35,251.64,256.54,253.22,253.52,241.36
AMCR,Amcor,Materials,Paper & Plastic Packaging Products & Materials,41.86,48.76,35.15,42.16,42.36,42.62,44.59,42.33,41.59,41.75
AEE,Ameren,Utilities,Multi-Utilities,99.94,117.49,94.58,99.72,100.04,102.26,105.58,107.54,108.03,106.52
AEP,American Electric Power,Utilities,Electric Utilities,119.57,139.52,108.37,119.09,119.01,120.83,123.64,126.97,128.05,125.66
AXP,American Express,Financials,Consumer Finance,302.78,384.36,289.26,304.14,305.59,313.13,327.45,328.87,327.04,331.19
AIG,American International Group,Financials,Multi-line Insurance,74.93,85.64,69.9,74.57,74.71,74.96,76.21,76.06,76.0,76.18
AMT,American Tower,Real Estate,Telecom Tower REITs,162.2,192.15,158.35,163.74,166.65,170.3,171.15,172.66,173.05,173.23
AWK,American Water Works,Utilities,Water Utilities,130.25,142.37,118.82,129.26,130.96,134.87,135.59,131.35,130.97,130.63
AMP,Ameriprise Financial,Financials,Asset Management & Custody Banks,490.91,572.56,419.52,494.31,500.06,526.48,543.27,508.42,498.77,490.88
AME,Ametek,Industrials,Electrical Components & Equipment,251.93,260.78,178.15,250.24,248.28,242.04,243.58,237.33,236.23,229.65
AMGN,Amgen,Health Care,Biotechnology,403.04,447.03,280.23,414.72,410.37,399.21,408.54,377.9,369.83,360.98
APH,Amphenol,Information Technology,Electronic Components,86.96,89.12,58.82,85.18,83.87,81.84,81.05,78.07,76.69,73.92
ADI,Analog Devices,Information Technology,Semiconductors,417.15,444.56,220.71,402.42,394.69,380.01,374.86,388.78,386.73,357.8
AON,Aon plc,Financials,Insurance Brokers,269.45,381.47,268.9,274.03,278.28,292.26,329.02,331.39,329.16,330.81
APA,APA Corporation,Energy,Oil & Gas Exploration & Production,43.68,47.44,21.13,42.62,42.93,43.86,41.58,38.55,38.46,35.05
APO,Apollo Global Management,Financials,Asset Management & Custody Banks,114.02,151.39,98.72,116.48,120.12,124.32,128.49,127.28,126.07,125.79
AAPL,Apple Inc.,Information Technology,"Technology Hardware, Storage & Peripherals",333.69,345.34,242.76,332.97,335.76,331.89,322.36,313.78,305.25,288.8
AMAT,Applied Materials,Information Technology,Semiconductor Materials & Equipment,540.04,738.88,202.28,515.9,494.98,468.97,486.89,510.82,488.41,426.96
APTV,Aptiv,Consumer Discretionary,Automotive Parts & Equipment,43.54,88.93,42.56,43.51,43.93,44.39,47.67,54.57,55.46,63.32
ACGL,Arch Capital Group,Financials,Property & Casualty Insurance,93.6,107.09,82.45,94.05,94.58,95.68,98.2,96.83,96.68,96.37
ADM,Archer Daniels Midland,Consumer Staples,Agricultural Products & Services,80.45,88.75,54.0,79.83,81.0,83.53,81.7,80.59,78.75,73.69
ANET,Arista Networks,Information Technology,Communications Equipment,207.35,214.89,114.52,204.64,204.95,199.84,193.42,178.32,174.55,158.92
AJG,Arthur J. Gallagher & Co.,Financials,Insurance Brokers,226.11,309.9,189.61,228.65,229.82,238.28,249.29,236.06,231.38,231.76
AIZ,Assurant,Financials,Multi-line Insurance,267.32,303.0,203.08,264.85,266.65,274.81,279.79,270.72,262.2,249.11
T,AT&T,Communication Services,Integrated Telecommunication Services,24.3,28.75,19.63,24.48,24.91,25.35,24.97,23.83,24.2,24.79
ATO,Atmos Energy,Utilities,Gas Utilities,157.17,190.28,154.72,156.93,157.01,160.53,166.31,169.57,172.54,172.83
ADSK,Autodesk,Information Technology,Application Software,212.0,326.2,185.5,208.54,211.9,214.56,233.41,225.01,227.74,238.97
ADP,Automatic Data Processing,Industrials,Human Resource & Employment Services,257.68,286.17,185.56,260.66,263.33,267.13,270.17,248.88,239.22,235.0
AZO,AutoZone,Consumer Discretionary,Automotive Retail,2792.03,4293.03,2756.13,2846.07,2850.56,2874.2,2963.65,3041.72,3140.54,3296.68
AVY,Avery Dennison,Materials,Paper & Plastic Packaging Products & Materials,169.87,196.15,150.83,170.97,170.83,170.77,173.25,165.64,165.55,171.0
AXON,Axon Enterprise,Industrials,Aerospace & Defense,413.35,764.02,339.01,420.48,433.95,455.54,529.79,502.94,480.76,496.96
BKR,Baker Hughes,Energy,Oil & Gas Equipment & Services,56.0,69.92,43.24,55.91,56.78,58.05,60.58,60.43,61.14,59.05
BALL,Ball Corporation,Materials,"Metal, Glass & Plastic Containers",56.37,67.62,44.21,56.54,57.47,59.11,61.64,59.91,60.13,59.72
BAC,Bank of America,Financials,Diversified Banks,53.75,64.9,45.65,54.47,55.52,58.05,60.68,58.08,56.91,54.81
BAX,Baxter International,Health Care,Health Care Equipment,23.49,29.99,15.72,23.62,23.5,23.75,25.25,22.83,21.79,20.82
BDX,Becton Dickinson,Health Care,Health Care Equipment,176.8,191.94,124.47,179.93,180.89,180.89,179.42,163.78,161.07,160.7
BBY,Best Buy,Consumer Discretionary,Computer & Electronics Retail,87.97,96.53,53.81,88.51,90.29,90.49,86.93,79.89,75.92,71.39
TECH,Bio-Techne,Health Care,Life Sciences Tools & Services,72.4,72.69,43.07,72.43,72.49,72.39,72.24,65.64,63.47,61.91
BIIB,Biogen,Health Care,Biotechnology,219.88,230.49,138.0,224.87,225.03,220.55,215.29,207.33,202.76,195.19
BLK,BlackRock,Financials,Asset Management & Custody Banks,1059.63,1194.41,907.59,1064.29,1069.91,1070.52,1106.05,1066.17,1059.49,1050.93
BX,Blackstone Inc.,Financials,Asset Management & Custody Banks,111.75,163.37,99.78,112.93,117.0,122.59,132.29,125.58,124.69,126.53
XYZ,"Block, Inc.",Financials,Transaction & Payment Processing Services,74.33,86.92,48.21,73.85,75.25,77.01,79.66,76.91,75.37,70.14
BA,Boeing,Industrials,Aerospace & Defense,193.56,254.35,176.77,188.79,193.76,199.97,212.33,216.31,218.2,220.75
BKNG,Booking Holdings,Consumer Discretionary,"Hotels, Resorts & Cruise Lines",159.02,222.95,149.4,161.68,161.84,168.42,189.26,179.65,178.78,181.85
BSX,Boston Scientific,Health Care,Health Care Equipment,42.6,105.65,41.94,43.49,43.93,44.14,46.88,47.26,49.83,61.73
BMY,Bristol Myers Squibb,Health Care,Pharmaceuticals,61.15,68.64,41.13,62.35,62.21,63.14,64.51,60.7,60.07,58.72
AVGO,Broadcom,Information Technology,Semiconductors,355.14,493.32,288.98,350.93,354.0,353.78,372.67,385.84,388.75,366.26
BR,Broadridge Financial Solutions,Industrials,Data Processing & Outsourced Services,156.93,233.4,133.01,160.61,162.06,165.27,167.85,156.38,156.05,169.12
BRO,Brown & Brown,Financials,Insurance Brokers,59.91,95.63,53.69,60.68,61.3,64.16,68.6,65.04,64.71,67.67
BLDR,Builders FirstSource,Industrials,Building Products,56.25,131.5,54.75,57.23,58.21,59.36,65.87,71.25,73.75,85.58
BG,Bunge Global,Consumer Staples,Agricultural Products & Services,106.72,134.02,77.13,107.5,109.08,114.94,113.53,115.94,117.42,115.05
BXP,"BXP, Inc.",Real Estate,Office REITs,60.45,74.09,47.99,60.91,61.74,62.79,66.07,64.67,62.9,61.42
CHRW,C.H. Robinson,Industrials,Air Freight & Logistics,157.72,209.43,121.78,151.35,150.21,151.54,150.96,167.92,169.15,171.12
CDNS,Cadence Design Systems,Information Technology,Application Software,351.35,416.69,262.75,336.63,323.82,303.53,318.59,345.78,340.99,325.69
CZR,Caesars Entertainment,Consumer Discretionary,Casinos & Gaming,29.65,30.88,17.86,29.63,29.62,29.64,29.72,29.47,29.07,27.15
CPT,Camden Property Trust,Real Estate,Multi-Family Residential REITs,95.96,118.52,93.28,96.81,97.01,99.35,104.72,107.0,105.8,104.73
CPB,Campbell's Company (The),Consumer Staples,Packaged Foods & Meats,19.62,30.16,18.99,19.69,19.69,20.35,21.77,21.42,21.16,22.47
COF,Capital One,Financials,Consumer Finance,194.72,256.64,173.62,195.04,197.36,202.73,210.85,202.14,200.32,204.4
CAH,Cardinal Health,Health Care,Health Care Distributors,228.3,257.7,149.37,224.71,223.29,228.87,232.15,224.34,219.96,217.01
KMX,CarMax,Consumer Discretionary,Automotive Retail,54.92,65.28,30.26,56.34,56.74,58.47,59.29,53.98,51.3,48.19
CCL,Carnival,Consumer Discretionary,"Hotels, Resorts & Cruise Lines",25.76,33.49,21.45,24.52,23.31,22.94,25.24,26.19,26.31,27.24
CARR,Carrier Global,Industrials,Building Products,55.12,76.48,49.67,55.29,55.27,55.94,59.49,63.76,63.51,61.34
CAT,Caterpillar Inc.,Industrials,Construction Machinery & Heavy Transportation Equipment,845.42,1071.47,479.24,825.83,819.25,811.29,823.45,874.35,864.93,793.34
CBOE,Cboe Global Markets,Financials,Financial Exchanges & Data,271.26,369.38,226.52,267.75,267.15,274.42,287.27,289.17,293.48,285.89
CBRE,CBRE Group,Real Estate,Real Estate Services,129.58,174.27,121.69,129.95,134.15,137.41,144.0,139.21,140.53,145.15
CDW,CDW Corporation,Information Technology,Technology Distributors,133.29,159.23,96.09,131.46,137.22,142.93,142.12,134.32,133.0,130.54
COR,Cencora,Health Care,Health Care Distributors,309.05,375.33,243.78,306.1,309.05,314.91,317.51,299.5,300.49,317.17
CNC,Centene Corporation,Health Care,Managed Health Care,62.99,69.63,31.63,62.17,62.49,64.39,64.71,63.92,60.1,52.79
CNP,CenterPoint Energy,Utilities,Multi-Utilities,37.79,44.99,36.37,37.07,37.2,38.08,39.59,41.16,41.42,41.01
CF,CF Industries,Materials,Fertilizers & Agricultural Chemicals,115.01,141.66,74.33,115.19,117.36,125.39,124.23,119.35,119.71,111.72
CRL,Charles River Laboratories,Health Care,Life Sciences Tools & Services,290.19,303.31,146.2,292.52,289.13,283.47,276.07,235.8,223.74,209.97
SCHW,Charles Schwab Corporation,Financials,Investment Banking & Brokerage,96.7,114.53,83.72,98.04,99.55,103.14,106.23,99.76,98.21,97.87
CHTR,Charter Communications,Communication Services,Cable & Satellite,109.29,284.6,108.3,110.73,114.13,127.02,140.26,138.62,150.57,174.89
CVX,Chevron Corporation,Energy,Integrated Oil & Gas,206.69,217.78,142.51,205.75,205.04,208.6,201.94,191.37,190.08,184.13
CMG,Chipotle Mexican Grill,Consumer Discretionary,Restaurants,32.36,42.82,28.04,32.07,32.22,33.85,34.68,33.62,33.67,34.87
CB,Chubb Limited,Financials,Property & Casualty Insurance,330.89,364.81,262.9,330.18,332.73,336.19,342.09,337.18,334.72,328.14
CHD,Church & Dwight,Consumer Staples,Household Products,94.31,105.37,80.29,94.64,95.25,95.27,98.35,97.33,96.7,95.55
CI,Cigna,Health Care,Health Care Services,270.53,308.48,234.2,271.48,271.14,275.94,278.0,281.32,280.35,277.23
CINF,Cincinnati Financial,Financials,Property & Casualty Insurance,161.95,193.71,146.7,161.3,162.48,165.87,170.42,170.71,168.9,165.65
CTAS,Cintas,Industrials,Diversified Support Services,193.02,218.6,160.31,196.4,196.72,198.15,201.52,189.49,186.09,187.34
CSCO,Cisco,Information Technology,Communications Equipment,112.2,129.88,65.85,108.45,108.03,108.76,112.1,114.55,109.23,97.31
C,Citigroup,Financials,Diversified Banks,128.5,147.21,91.72,129.42,131.29,133.61,133.85,133.68,132.26,125.03
CFG,Citizens Financial Group,Financials,Regional Banks,64.33,75.33,46.55,64.1,64.82,67.03,69.78,68.13,67.25,64.56
CLX,Clorox,Consumer Staples,Household Products,80.41,125.83,79.12,81.02,82.67,85.35,95.32,94.46,94.76,99.67
CME,CME Group,Financials,Financial Exchanges & Data,263.14,318.32,217.29,263.34,266.36,271.0,269.7,262.55,267.56,274.47
CMS,CMS Energy,Utilities,Multi-Utilities,63.74,79.1,62.29,63.3,63.43,65.24,68.31,70.86,71.75,71.97
KO,Coca-Cola Company (The),Consumer Staples,Soft Drinks & Non-alcoholic Beverages,85.65,91.94,64.14,86.37,87.16,87.54,87.56,84.08,82.49,79.13
CTSH,Cognizant,Information Technology,IT Consulting & Other Services,58.51,85.48,36.86,58.08,58.21,59.59,58.77,52.83,53.4,60.34
COIN,Coinbase,Financials,Financial Exchanges & Data,183.0,402.16,139.11,188.1,193.51,185.86,172.84,170.95,175.33,185.41
CL,Colgate-Palmolive,Consumer Staples,Household Products,84.26,98.15,73.22,85.42,85.77,86.74,89.64,89.83,88.72,87.83
CMCSA,Comcast,Communication Services,Cable & Satellite,21.57,32.05,21.28,21.68,22.04,23.34,24.69,24.2,24.85,26.31
CAG,Conagra Brands,Consumer Staples,Packaged Foods & Meats,13.36,19.6,12.39,13.66,14.17,14.61,15.15,14.34,14.29,15.23
COP,ConocoPhillips,Energy,Oil & Gas Exploration & Production,126.75,141.62,82.95,126.09,126.8,131.18,127.75,120.49,120.4,115.34
ED,Consolidated Edison,Utilities,Multi-Utilities,103.39,114.33,92.43,103.05,103.14,104.83,106.74,107.26,107.45,106.54
STZ,Constellation Brands,Consumer Staples,Distillers & Vintners,112.87,166.17,111.54,112.92,114.5,118.75,126.95,132.75,137.04,141.76
CEG,Constellation Energy,Utilities,Electric Utilities,257.49,410.41,228.28,259.09,260.98,268.7,271.33,267.5,273.65,287.06
COO,Cooper Companies (The),Health Care,Health Care Supplies,56.91,89.83,51.01,56.81,56.03,57.01,66.97,66.82,66.64,71.38
CPRT,Copart,Industrials,Diversified Support Services,27.22,45.89,26.74,27.23,27.84,29.5,30.49,30.43,31.01,33.5
GLW,Corning Inc.,Information Technology,Electronic Components,164.19,271.27,76.98,157.73,157.27,156.01,152.8,170.88,170.37,150.09
CPAY,Corpay,Financials,Transaction & Payment Processing Services,394.6,427.46,252.84,392.37,394.56,400.82,401.69,376.15,364.25,346.73
CTVA,Corteva,Materials,Fertilizers & Agricultural Chemicals,11.92,90.87,11.84,51.55,65.56,74.57,78.77,79.94,80.17,77.86
CSGP,CoStar Group,Real Estate,Real Estate Services,27.38,85.24,25.89,27.29,27.85,29.06,30.28,30.71,31.91,40.07
COST,Costco,Consumer Staples,Consumer Staples Merchandise Retail,920.65,1094.76,840.35,918.69,911.53,907.71,933.13,951.54,961.47,959.43
CRWD,CrowdStrike,Information Technology,Systems Software,270.04,273.54,85.68,264.57,259.66,242.28,219.8,198.39,181.06,153.54
CCI,Crown Castle,Real Estate,Telecom Tower REITs,66.44,95.58,65.68,66.68,68.47,71.11,73.12,78.21,79.6,80.95
CSX,CSX Corporation,Industrials,Rail Transportation,47.43,53.45,33.2,46.83,46.77,47.65,49.37,48.32,47.4,44.09
CMI,Cummins,Industrials,Construction Machinery & Heavy Transportation Equipment,528.32,735.02,394.95,520.22,523.28,533.97,579.79,626.07,628.52,600.01
CVS,CVS Health,Health Care,Health Care Services,86.46,110.0,68.48,86.46,86.7,90.3,94.9,97.07,93.62,86.93
DHR,Danaher Corporation,Health Care,Life Sciences Tools & Services,214.06,241.35,160.31,220.0,220.48,213.24,208.45,195.93,193.49,200.81
DRI,Darden Restaurants,Consumer Discretionary,Restaurants,200.33,229.76,165.13,196.62,202.87,206.85,211.8,206.26,204.02,202.21
DDOG,Datadog,Information Technology,Application Software,277.22,292.72,98.01,272.96,263.39,244.11,244.66,241.67,220.42,184.83
DVA,DaVita,Health Care,Health Care Services,178.69,247.49,101.0,176.64,178.56,181.83,189.47,200.7,192.22,170.08
DECK,Deckers Brands,Consumer Discretionary,Footwear,79.12,122.29,77.2,78.57,78.89,79.64,87.79,96.57,98.31,101.28
DE,Deere & Company,Industrials,Agricultural & Farm Machinery,687.0,719.5,428.12,678.53,686.71,683.03,647.57,614.37,607.91,584.89
DELL,Dell Technologies,Information Technology,"Technology Hardware, Storage & Peripherals",562.52,595.51,109.7,545.05,549.82,548.15,488.96,433.78,388.3,292.63
DAL,Delta Air Lines,Industrials,Passenger Airlines,84.09,95.44,54.6,84.12,83.64,81.4,84.08,83.31,80.48,75.54
DVN,Devon Energy,Energy,Oil & Gas Exploration & Production,47.65,52.0,30.69,46.84,47.27,48.17,46.71,45.33,45.68,44.08
DXCM,Dexcom,Health Care,Health Care Equipment,85.36,92.59,54.11,86.24,87.17,86.57,86.38,78.94,75.52,73.05
FANG,Diamondback Energy,Energy,Oil & Gas Exploration & Production,184.71,216.9,133.81,184.64,185.83,193.57,197.34,194.25,193.76,183.08
DLR,Digital Realty,Real Estate,Data Center REITs,178.55,206.06,143.3,176.86,179.73,181.83,187.22,185.16,186.85,178.86
DG,Dollar General,Consumer Staples,Consumer Staples Merchandise Retail,118.94,156.68,93.78,120.89,121.7,123.72,124.28,118.27,118.23,126.12
DLTR,Dollar Tree,Consumer Staples,Consumer Staples Merchandise Retail,112.16,142.4,84.71,113.99,113.8,115.97,124.06,118.11,114.42,117.28
D,Dominion Energy,Utilities,Multi-Utilities,61.31,72.26,54.17,60.7,61.1,62.86,65.54,66.36,65.38,63.28
DPZ,Domino's,Consumer Discretionary,Restaurants,297.61,434.73,280.27,297.26,296.1,305.18,329.53,318.28,324.3,349.75
DASH,DoorDash,Consumer Discretionary,Specialized Consumer Services,189.15,285.5,143.3,184.07,187.66,193.75,205.82,188.2,184.62,186.73
DOV,Dover Corporation,Industrials,Industrial Machinery & Supplies & Components,189.69,235.79,157.36,189.2,188.74,189.3,197.34,206.1,208.77,209.14
DOW,Dow Inc.,Materials,Commodity Chemicals,27.97,41.82,19.68,27.72,28.03,28.72,29.64,30.84,32.28,31.41
DHI,D. R. Horton,Consumer Discretionary,Homebuilding,135.0,174.13,130.96,137.51,139.29,139.14,144.07,146.77,147.19,147.88
DTE,DTE Energy,Utilities,Multi-Utilities,124.45,154.34,119.68,122.55,122.98,127.26,133.88,139.43,140.34,138.7
DUK,Duke Energy,Utilities,Electric Utilities,114.13,132.18,110.99,113.9,114.33,116.73,120.54,122.19,122.92,122.36
DD,DuPont,Materials,Specialty Chemicals,129.98,156.04,90.89,130.03,130.46,129.35,135.16,137.76,138.2,136.69
EMN,Eastman Chemical Company,Materials,Specialty Chemicals,64.87,80.53,53.44,65.2,65.81,66.46,69.34,69.62,70.09,69.54
ETN,Eaton Corporation,Industrials,Electrical Components & Equipment,436.11,478.0,309.33,433.56,436.44,423.24,421.73,412.25,411.08,387.58
EBAY,eBay Inc.,Consumer Discretionary,Broadline Retail,106.4,118.62,77.32,106.17,107.33,107.42,107.16,109.17,107.74,100.56
ECL,Ecolab,Materials,Specialty Chemicals,273.7,306.79,241.85,275.53,275.54,274.69,278.36,271.17,269.86,272.47
EIX,Edison International,Utilities,Electric Utilities,53.89,81.62,50.04,53.29,53.52,54.89,64.37,68.49,68.74,67.28
EW,Edwards Lifesciences,Health Care,Health Care Equipment,85.15,96.29,72.3,86.31,86.75,86.93,88.48,87.84,86.47,85.13
ELV,Elevance Health,Health Care,Managed Health Care,386.43,434.35,270.87,388.85,394.89,403.24,396.09,396.26,385.21,362.95
EMR,Emerson Electric,Industrials,Electrical Components & Equipment,161.61,165.79,121.73,158.38,156.68,153.06,154.49,147.09,145.77,143.82
ENPH,Enphase Energy,Information Technology,Semiconductor Materials & Equipment,33.47,73.74,25.78,32.4,32.95,34.71,36.96,44.05,41.98,41.23
ETR,Entergy,Utilities,Electric Utilities,100.91,117.75,89.25,99.69,99.71,102.27,105.4,108.5,109.46,105.36
EOG,EOG Resources,Energy,Oil & Gas Exploration & Production,141.38,154.16,99.12,140.15,140.67,143.8,144.34,140.06,138.84,130.85
EPAM,EPAM Systems,Information Technology,IT Consulting & Other Services,108.29,222.53,73.06,109.14,109.56,113.52,108.9,99.99,103.83,130.54
EQT,EQT Corporation,Energy,Oil & Gas Exploration & Production,50.17,67.84,47.79,49.51,50.23,51.66,52.79,52.84,53.87,55.25
EFX,Equifax,Industrials,Research & Consulting Services,140.0,241.61,137.01,140.72,147.42,157.56,173.09,169.02,170.88,181.56
EQIX,Equinix,Real Estate,Data Center REITs,1025.72,1118.65,709.79,1015.19,1027.3,1026.2,1042.02,1046.99,1050.21,980.16
ERIE,Erie Indemnity,Financials,Insurance Brokers,221.09,325.07,203.47,221.34,224.46,235.18,245.42,235.71,235.53,247.33
ESS,Essex Property Trust,Real Estate,Multi-Family Residential REITs,268.65,300.48,231.64,269.86,269.93,270.6,278.32,279.04,273.85,263.33
EL,Estée Lauder Companies (The),Consumer Staples,Personal Care Products,91.97,120.38,65.74,92.97,95.02,96.27,93.6,88.37,86.12,91.55
EG,Everest Group,Financials,Reinsurance,368.27,398.9,297.16,368.15,369.59,372.25,372.72,360.81,356.91,344.78
EVRG,Evergy,Utilities,Electric Utilities,79.17,87.89,69.64,78.61,78.57,79.79,81.43,82.43,82.09,80.0
ES,Eversource Energy,Utilities,Electric Utilities,64.5,75.68,60.65,64.03,64.58,66.42,69.3,69.72,69.22,68.75
EXC,Exelon,Utilities,Electric Utilities,40.73,49.7,39.73,40.51,40.76,41.87,43.63,44.51,44.8,44.91
EXE,Expand Energy,Energy,Oil & Gas Exploration & Production,85.52,124.43,83.25,85.01,86.22,89.94,92.87,91.68,92.68,97.45
EXPE,Expedia Group,Consumer Discretionary,"Hotels, Resorts & Cruise Lines",265.0,341.51,184.28,264.32,266.83,275.15,297.81,269.84,265.16,259.32
EXPD,Expeditors International,Industrials,Air Freight & Logistics,192.47,194.59,111.78,188.32,188.04,189.1,184.88,174.65,169.16,162.28
EXR,Extra Space Storage,Real Estate,Self-Storage REITs,133.25,157.03,120.04,132.6,133.49,135.11,141.06,141.98,141.24,138.82
XOM,ExxonMobil,Energy,Integrated Oil & Gas,164.01,174.09,107.28,162.89,161.54,162.78,160.22,152.83,152.11,147.65
FFIV,"F5, Inc.",Information Technology,Communications Equipment,454.04,462.0,223.76,443.31,446.56,429.65,411.41,404.42,386.72,345.07
FDS,FactSet,Financials,Financial Exchanges & Data,266.0,320.48,182.47,268.24,272.55,275.57,282.05,259.66,252.6,247.32
FICO,Fair Isaac,Information Technology,Application Software,661.25,1998.01,586.05,674.85,781.24,875.1,1028.43,1115.24,1100.79,1218.66
FAST,Fastenal,Industrials,Trading Companies & Distributors,50.75,52.92,38.34,50.19,50.28,49.75,49.87,47.66,47.11,45.9
FRT,Federal Realty Investment Trust,Real Estate,Retail REITs,106.69,126.84,86.33,107.74,108.42,110.71,115.28,117.29,115.73,110.17
FDX,FedEx,Industrials,Air Freight & Logistics,290.36,342.73,177.97,287.93,288.83,299.19,312.47,314.99,312.84,296.97
FIS,Fidelity National Information Services,Financials,Transaction & Payment Processing Services,32.44,66.6,32.1,33.22,34.13,36.0,39.59,39.94,41.02,45.8
FITB,Fifth Third Bancorp,Financials,Regional Banks,50.87,59.01,38.76,50.71,51.27,52.43,54.43,53.59,52.71,50.86
FSLR,First Solar,Information Technology,Semiconductors,174.61,320.95,168.6,174.36,181.42,192.44,207.51,227.9,222.67,224.23
FE,FirstEnergy,Utilities,Electric Utilities,43.34,51.3,42.6,43.34,43.66,44.8,46.26,46.36,46.66,46.74
F,Ford Motor Company,Consumer Discretionary,Automobile Manufacturers,12.1,17.59,10.83,12.22,12.56,13.15,13.75,13.97,13.58,13.27
FTNT,Fortinet,Information Technology,Systems Software,180.95,183.09,73.55,178.14,177.11,170.69,163.65,154.72,141.24,118.57
FTV,Fortive,Industrials,Industrial Machinery & Supplies & Components,57.47,64.48,47.5,55.86,55.81,55.68,58.37,59.45,59.58,58.17
FOXA,Fox Corporation (Class A),Communication Services,Broadcasting,62.28,75.68,48.13,62.35,63.17,64.45,64.16,61.59,61.87,62.82
FOX,Fox Corporation (Class B),Communication Services,Broadcasting,55.89,67.48,43.86,55.9,56.54,57.62,57.27,55.14,55.42,56.39
BEN,Franklin Resources,Financials,Asset Management & Custody Banks,32.81,35.91,20.12,32.42,32.55,32.92,33.34,32.61,31.56,28.92
FCX,Freeport-McMoRan,Materials,Copper,72.04,80.24,37.78,70.81,71.76,71.79,70.54,67.08,66.31,63.44
GRMN,Garmin,Consumer Discretionary,Consumer Electronics,281.16,313.07,183.64,286.95,287.65,281.88,287.13,261.95,259.89,244.59
IT,Gartner,Information Technology,IT Consulting & Other Services,184.8,261.84,124.25,187.14,184.35,184.01,182.25,163.72,161.29,173.09
GE,GE Aerospace,Industrials,Aerospace & Defense,309.56,388.84,268.58,314.07,317.53,319.29,341.72,339.21,330.54,323.44
GEHC,GE HealthCare,Health Care,Health Care Equipment,64.29,89.64,58.72,65.38,65.71,65.32,68.72,66.11,66.54,71.23
GEV,GE Vernova,Industrials,Heavy Electrical Equipment,988.7,1195.94,529.18,967.78,959.99,944.66,965.04,999.52,1007.71,917.06
GEN,Gen Digital,Information Technology,Systems Software,21.99,31.65,17.61,21.59,23.53,26.91,27.96,26.5,25.08,24.42
GNRC,Generac,Industrials,Electrical Components & Equipment,216.8,296.44,134.8,209.82,206.58,197.02,200.8,229.27,229.32,212.59
GD,General Dynamics,Industrials,Aerospace & Defense,330.09,400.0,305.43,332.23,337.48,346.9,369.51,361.4,356.13,353.4
GIS,General Mills,Consumer Staples,Packaged Foods & Meats,32.01,48.26,31.18,32.65,33.84,35.31,37.19,35.78,35.51,38.01
GM,General Motors,Consumer Discretionary,Automobile Manufacturers,78.27,91.66,53.87,79.14,81.01,83.24,85.31,82.04,81.09,80.37
GPC,Genuine Parts Company,Consumer Discretionary,Distributors,127.24,147.43,89.11,126.64,127.68,130.29,131.38,119.55,116.78,118.05
GILD,Gilead Sciences,Health Care,Biotechnology,144.74,154.51,105.84,148.96,150.0,148.41,142.63,135.64,135.17,135.22
GPN,Global Payments,Financials,Transaction & Payment Processing Services,78.38,95.61,60.75,81.67,83.42,85.76,87.86,79.6,77.44,76.05
GL,Globe Life,Financials,Life & Health Insurance,165.68,191.55,127.07,165.99,167.46,169.81,174.57,171.04,166.96,157.07
GDDY,GoDaddy,Information Technology,Internet Services & Infrastructure,97.21,139.44,71.59,95.49,97.48,97.93,96.66,91.29,90.09,93.42
GS,Goldman Sachs,Financials,Investment Banking & Brokerage,902.56,1148.37,725.74,906.42,923.61,959.28,1001.06,1017.4,995.85,952.14
HAL,Halliburton,Energy,Oil & Gas Equipment & Services,31.85,43.2,21.03,31.9,32.43,34.0,33.89,35.54,36.24,35.16
HIG,Hartford (The),Financials,Property & Casualty Insurance,126.05,145.43,118.21,125.21,126.2,130.97,135.98,134.45,134.67,134.86
HAS,Hasbro,Consumer Discretionary,Leisure Products,89.54,104.6,67.33,88.98,88.1,89.05,91.74,87.94,88.93,89.26
HCA,HCA Healthcare,Health Care,Health Care Facilities,426.69,553.56,353.34,428.21,430.07,425.44,415.99,402.41,413.87,444.38
DOC,Healthpeak Properties,Real Estate,Health Care REITs,19.49,22.72,14.96,19.83,20.15,20.25,20.81,20.55,19.77,18.46
HSIC,Henry Schein,Health Care,Health Care Distributors,84.88,92.18,61.95,84.95,85.43,86.49,87.71,83.93,82.21,80.26
HSY,Hershey Company (The),Consumer Staples,Packaged Foods & Meats,160.19,235.8,156.16,160.58,164.1,168.01,175.8,177.73,180.0,188.64
HPE,Hewlett Packard Enterprise,Information Technology,"Technology Hardware, Storage & Peripherals",69.33,70.29,19.57,64.38,63.35,60.32,55.62,49.85,45.37,36.72
HLT,Hilton Worldwide,Consumer Discretionary,"Hotels, Resorts & Cruise Lines",319.36,357.84,253.04,319.33,314.55,310.64,317.55,324.73,324.7,315.86
HD,Home Depot (The),Consumer Discretionary,Home Improvement Retail,282.85,389.18,277.15,285.55,291.24,299.67,321.15,322.49,323.35,334.62
HON,Honeywell,Industrials,Industrial Conglomerates,213.99,258.09,193.26,212.08,211.56,208.42,221.32,226.21,227.01,228.93
HRL,Hormel Foods,Consumer Staples,Packaged Foods & Meats,20.25,26.43,19.42,19.99,20.02,20.47,22.67,23.07,22.61,22.82
HST,Host Hotels & Resorts,Real Estate,Hotel & Resort REITs,22.56,25.48,14.46,22.43,22.25,22.06,22.74,22.79,22.22,20.6
HWM,Howmet Aerospace,Industrials,Aerospace & Defense,231.27,309.85,183.45,229.02,228.85,230.22,258.16,262.58,260.05,248.31
HPQ,HP Inc.,Information Technology,"Technology Hardware, Storage & Peripherals",32.12,36.23,16.91,31.52,31.72,32.53,30.4,26.97,25.51,23.19
HUBB,Hubbell Incorporated,Industrials,Industrial Machinery & Supplies & Components,475.52,562.06,398.95,464.18,463.34,456.84,471.71,478.76,487.86,485.31
HUM,Humana,Health Care,Managed Health Care,388.36,428.88,161.9,385.22,382.97,390.2,385.37,371.94,341.82,292.47
HBAN,Huntington Bancshares,Financials,Regional Banks,15.33,18.9,14.49,15.27,15.44,15.91,16.62,16.69,16.6,16.62
HII,Huntington Ingalls Industries,Industrials,Aerospace & Defense,268.54,455.9,256.79,265.33,267.35,273.84,293.58,293.91,308.26,341.43
IBM,IBM,Information Technology,IT Consulting & Other Services,222.64,330.09,197.77,221.77,225.75,232.2,231.51,244.91,242.69,252.75
IEX,IDEX Corporation,Industrials,Industrial Machinery & Supplies & Components,232.99,243.8,157.61,230.48,228.89,226.06,229.82,223.78,220.26,210.0
IDXX,Idexx Laboratories,Health Care,Health Care Equipment,518.39,769.98,500.61,524.17,521.23,517.32,543.8,549.04,553.35,587.95
ITW,Illinois Tool Works,Industrials,Industrial Machinery & Supplies & Components,262.92,299.98,232.87,263.69,266.74,266.41,277.07,267.62,266.41,265.26
INCY,Incyte,Health Care,Biotechnology,115.3,132.6,82.82,120.36,122.64,123.49,123.63,114.84,111.24,106.86
IR,Ingersoll Rand,Industrials,Industrial Machinery & Supplies & Components,76.07,100.89,68.05,75.86,75.25,74.18,79.2,77.58,78.43,81.53
PODD,Insulet Corporation,Health Care,Health Care Equipment,131.69,354.88,126.4,131.78,134.72,137.07,145.24,149.41,156.45,193.38
INTC,Intel,Information Technology,Semiconductors,119.33,142.35,32.89,118.3,121.02,111.64,100.87,108.35,103.1,81.18
ICE,Intercontinental Exchange,Financials,Financial Exchanges & Data,150.15,174.25,121.39,151.75,153.46,154.86,154.93,147.44,149.6,154.0
IFF,International Flavors & Fragrances,Materials,Specialty Chemicals,82.42,88.9,57.85,84.0,84.66,84.35,83.63,79.74,78.26,75.63
IP,International Paper,Materials,Paper & Plastic Packaging Products & Materials,31.97,48.47,28.51,33.0,34.16,34.55,38.13,36.44,35.83,37.26
INTU,Intuit,Information Technology,Application Software,281.08,682.76,251.72,275.4,281.32,300.8,323.37,311.71,327.24,391.72
ISRG,Intuitive Surgical,Health Care,Health Care Equipment,391.95,603.88,328.57,405.36,403.35,387.37,380.04,394.51,407.53,447.22
IVZ,Invesco,Financials,Asset Management & Custody Banks,30.66,33.66,20.03,30.42,30.67,31.07,31.34,29.55,28.65,27.53
INVH,Invitation Homes,Real Estate,Single-Family Residential REITs,26.04,30.55,23.45,26.38,26.52,26.93,28.49,28.72,28.33,27.26
IQV,IQVIA,Health Care,Life Sciences Tools & Services,258.21,277.4,154.5,265.55,268.1,266.2,253.8,220.36,210.24,205.83
IRM,Iron Mountain,Real Estate,Other Specialized REITs,113.39,133.64,76.03,111.6,113.36,113.46,118.35,121.19,120.31,110.8
JBHT,J.B. Hunt,Industrials,Cargo Ground Transportation,234.2,299.26,131.08,228.16,230.36,245.7,260.62,268.32,262.62,242.83
JBL,Jabil,Information Technology,Electronic Manufacturing Services,304.41,428.84,189.46,305.77,307.77,306.02,316.84,334.63,333.17,301.56
JKHY,Jack Henry & Associates,Financials,Transaction & Payment Processing Services,142.54,191.13,120.6,144.73,146.82,153.17,157.03,147.28,147.93,156.56
J,Jacobs Solutions,Industrials,Construction & Engineering,138.06,166.66,105.09,137.59,138.97,141.22,143.08,132.72,131.4,132.54
JNJ,Johnson & Johnson,Health Care,Pharmaceuticals,256.03,281.07,178.91,263.79,266.87,267.65,265.43,252.58,247.68,239.73
JCI,Johnson Controls,Industrials,Building Products,156.24,156.95,103.59,150.99,148.8,145.5,145.66,143.5,142.89,136.93
JPM,JPMorgan Chase,Financials,Diversified Banks,332.38,366.5,276.43,333.59,337.91,345.32,352.24,336.31,330.67,320.16
KVUE,Kenvue,Consumer Staples,Personal Care Products,17.2,19.67,13.22,17.57,17.65,17.71,18.41,18.12,17.86,17.53
KDP,Keurig Dr Pepper,Consumer Staples,Soft Drinks & Non-alcoholic Beverages,30.37,33.58,24.26,30.78,30.95,31.23,31.04,30.73,30.02,28.99
KEY,KeyCorp,Financials,Regional Banks,20.08,23.84,15.82,20.14,20.32,20.93,21.7,21.89,21.78,21.26
KEYS,Keysight Technologies,Information Technology,Electronic Equipment & Instruments,384.64,387.93,158.79,368.59,360.54,343.9,334.11,336.18,336.87,302.53
KMB,Kimberly-Clark,Consumer Staples,Household Products,94.36,117.37,90.09,96.78,97.39,98.45,104.43,103.18,101.53,100.39
KIM,Kimco Realty,Real Estate,Retail REITs,22.24,26.34,18.96,22.31,22.36,22.74,23.68,24.04,23.83,22.82
KMI,Kinder Morgan,Energy,Oil & Gas Storage & Transportation,31.07,34.49,24.74,30.57,30.92,31.07,31.44,31.72,31.68,31.06
KKR,KKR & Co.,Financials,Asset Management & Custody Banks,90.29,144.02,82.35,91.85,94.8,98.18,103.28,99.29,99.46,102.66
KLAC,KLA Corporation,Information Technology,Semiconductor Materials & Equipment,206.89,307.02,97.57,197.57,192.3,184.44,187.15,203.54,198.28,177.51
KHC,Kraft Heinz,Consumer Staples,Packaged Foods & Meats,22.19,27.65,20.34,22.88,23.4,24.01,24.75,24.15,23.69,23.26
KR,Kroger,Consumer Staples,Food Retail,59.03,75.66,53.78,59.52,59.12,59.19,58.06,59.48,60.97,62.9
LHX,L3Harris,Industrials,Aerospace & Defense,236.6,374.59,234.01,237.19,238.77,244.57,264.34,281.11,290.59,308.14
LH,Labcorp,Health Care,Health Care Services,308.49,341.07,242.07,307.92,309.47,314.66,319.01,292.99,286.83,279.26
LRCX,Lam Research,Information Technology,Semiconductor Materials & Equipment,347.49,438.03,130.42,330.89,319.67,305.24,305.78,321.72,310.26,274.61
LW,Lamb Weston,Consumer Staples,Packaged Foods & Meats,43.6,65.06,37.02,42.58,43.96,45.91,50.21,47.17,46.23,45.36
LVS,Las Vegas Sands,Consumer Discretionary,Casinos & Gaming,36.23,69.24,36.21,37.57,38.46,40.36,43.82,46.02,47.58,51.24
LDOS,Leidos,Industrials,Diversified Support Services,117.74,203.41,98.54,121.4,123.02,126.33,130.17,122.44,127.43,146.3
LEN,Lennar,Consumer Discretionary,Homebuilding,79.81,131.68,75.7,81.71,81.48,80.58,83.72,85.51,86.26,93.54
LII,Lennox International,Industrials,Building Products,356.3,585.05,348.9,359.52,363.98,366.15,400.64,462.83,470.41,483.31
LLY,Lilly (Eli),Health Care,Pharmaceuticals,1142.85,1292.65,778.94,1163.84,1167.06,1151.22,1176.28,1149.93,1105.27,1071.34
LIN,Linde plc,Materials,Industrial Gases,479.48,546.4,384.0,473.8,469.92,467.4,479.62,496.19,496.53,483.49
LYV,Live Nation Entertainment,Communication Services,Movies & Entertainment,168.77,189.25,125.34,169.58,169.79,170.02,177.24,175.1,171.92,163.8
LKQ,LKQ Corporation,Consumer Discretionary,Distributors,22.8,35.92,20.92,22.95,23.13,23.55,24.34,24.92,25.81,27.64
LMT,Lockheed Martin,Industrials,Aerospace & Defense,505.41,683.27,429.47,510.09,517.62,524.4,554.22,536.03,538.83,556.94
L,Loews Corporation,Financials,Multi-line Insurance,106.03,120.94,97.16,105.28,105.4,107.07,110.76,110.37,110.15,108.89
LOW,Lowe's,Consumer Discretionary,Home Improvement Retail,180.8,289.87,179.21,184.48,187.86,192.47,205.06,209.65,215.31,229.86
LULU,Lululemon Athletica,Consumer Discretionary,"Apparel, Accessories & Luxury Goods",94.46,225.98,93.43,96.79,99.42,99.28,111.93,115.48,122.17,144.95
LYB,LyondellBasell,Materials,Specialty Chemicals,58.58,82.22,39.12,58.06,58.81,61.4,62.05,61.98,63.89,60.98
MTB,M&T Bank,Financials,Regional Banks,219.14,254.31,169.89,218.41,220.18,227.49,237.78,232.04,228.46,221.44
MPC,Marathon Petroleum,Energy,Oil & Gas Refining & Marketing,422.33,431.08,160.07,403.87,398.43,401.34,365.13,315.77,298.97,260.57
MKTX,MarketAxess,Financials,Financial Exchanges & Data,164.14,193.96,108.23,164.04,163.87,163.57,159.31,140.29,144.42,155.42
MAR,Marriott International,Consumer Discretionary,"Hotels, Resorts & Cruise Lines",358.96,410.15,254.64,357.92,353.55,344.09,351.62,363.38,362.28,348.27
MLM,Martin Marietta Materials,Materials,Construction Materials,482.27,707.94,470.19,482.22,486.5,494.84,521.29,547.81,560.65,587.9
MAS,Masco,Industrials,Building Products,68.36,83.27,57.51,68.15,68.28,68.74,72.05,72.7,71.76,69.62
MA,Mastercard,Financials,Transaction & Payment Processing Services,552.26,601.23,463.74,557.11,560.28,565.07,570.7,538.21,531.66,531.15
MTCH,Match Group,Communication Services,Interactive Media & Services,40.32,44.94,28.48,40.05,40.69,41.68,40.4,38.44,37.84,35.28
MKC,McCormick & Company,Consumer Staples,Packaged Foods & Meats,44.67,71.13,43.3,46.41,47.52,49.09,51.68,50.21,50.25,54.91
MCD,McDonald's,Consumer Discretionary,Restaurants,231.89,335.18,229.61,232.45,237.23,244.92,258.22,265.78,271.09,286.35
MCK,McKesson Corporation,Health Care,Health Care Distributors,902.28,996.84,722.11,875.2,877.02,883.67,877.58,826.57,826.25,845.92
MDT,Medtronic,Health Care,Health Care Equipment,86.38,102.92,72.06,87.14,88.17,90.01,89.27,83.99,83.47,87.14
MRK,Merck & Co.,Health Care,Pharmaceuticals,144.3,156.0,79.67,146.28,147.66,146.7,141.7,130.66,127.24,121.45
META,Meta Platforms,Communication Services,Interactive Media & Services,728.08,779.82,519.37,726.72,738.48,695.66,624.66,615.08,620.02,627.39
MET,MetLife,Financials,Life & Health Insurance,94.43,100.93,66.41,94.79,95.87,96.45,96.35,91.15,88.17,82.98
MTD,Mettler Toledo,Health Care,Life Sciences Tools & Services,1486.19,1554.83,1023.05,1512.18,1500.52,1416.9,1408.47,1300.48,1297.4,1318.6
MGM,MGM Resorts,Consumer Discretionary,Casinos & Gaming,30.48,51.59,29.19,31.08,33.71,36.7,40.98,43.0,42.08,39.75
MCHP,Microchip Technology,Information Technology,Semiconductors,81.32,104.75,47.28,78.87,77.38,74.84,75.6,83.1,83.32,78.18
MU,Micron Technology,Information Technology,Semiconductors,1074.89,1254.81,179.43,1071.29,1073.13,1025.0,956.05,954.12,866.72,681.5
MSFT,Microsoft,Information Technology,Systems Software,517.53,549.2,348.54,512.28,507.57,501.67,487.39,443.11,435.96,431.46
MAA,Mid-America Apartment Communities,Real Estate,Multi-Family Residential REITs,115.27,142.76,114.47,117.23,117.76,121.13,127.78,130.32,129.36,129.19
MRNA,Moderna,Health Care,Biotechnology,190.01,208.9,22.28,194.45,190.36,167.69,123.63,90.66,82.69,68.39
MHK,Mohawk Industries,Consumer Discretionary,Home Furnishings,126.41,140.3,92.99,125.1,122.83,125.56,128.45,118.37,115.49,115.2
MOH,Molina Healthcare,Health Care,Managed Health Care,189.54,244.89,121.06,187.7,190.1,196.3,198.23,201.72,195.16,181.7
TAP,Molson Coors Beverage Company,Consumer Staples,Brewers,36.86,53.0,35.52,36.54,36.61,37.77,39.94,39.84,40.32,42.38
MDLZ,Mondelez International,Consumer Staples,Packaged Foods & Meats,58.19,66.07,49.9,58.44,59.34,60.4,61.41,60.72,60.17,58.57
MPWR,Monolithic Power Systems,Information Technology,Semiconductors,1439.73,1708.95,827.63,1370.22,1355.8,1271.39,1302.73,1386.61,1407.47,1279.33
MNST,Monster Beverage,Consumer Staples,Soft Drinks & Non-alcoholic Beverages,42.94,50.17,32.94,42.06,42.83,43.36,45.48,45.82,44.35,42.4
MCO,Moody's Corporation,Financials,Financial Exchanges & Data,441.36,543.25,399.61,451.55,460.41,466.83,480.67,471.22,466.81,469.59
MS,Morgan Stanley,Financials,Investment Banking & Brokerage,190.31,230.98,148.47,190.56,195.01,202.39,209.32,210.18,205.2,192.5
MOS,Mosaic Company (The),Materials,Fertilizers & Agricultural Chemicals,21.07,34.72,19.63,21.79,22.88,24.13,23.42,22.66,22.83,24.1
MSI,Motorola Solutions,Information Technology,Communications Equipment,447.41,493.57,356.42,447.92,452.99,458.23,460.35,433.38,433.24,428.81
MSCI,MSCI Inc.,Financials,Financial Exchanges & Data,535.95,642.47,495.54,540.5,547.35,549.79,559.95,576.71,575.82,569.6
NDAQ,"Nasdaq, Inc.",Financials,Financial Exchanges & Data,90.33,100.77,76.29,91.7,93.12,92.68,94.7,90.97,90.34,90.09
NTAP,NetApp,Information Technology,"Technology Hardware, Storage & Peripherals",226.27,231.9,92.93,213.0,205.08,197.88,192.33,173.49,160.13,138.29
NFLX,Netflix,Communication Services,Movies & Entertainment,67.06,124.86,65.08,68.8,70.38,73.5,75.56,77.31,80.89,84.07
NEM,Newmont,Materials,Gold,115.56,135.01,75.34,115.74,119.53,122.45,117.7,109.32,110.2,111.09
NWSA,News Corp (Class A),Communication Services,Publishing,28.69,31.55,22.03,28.72,28.76,29.36,29.28,27.83,27.42,26.45
NWS,News Corp (Class B),Communication Services,Publishing,31.65,35.65,25.32,31.71,31.83,32.55,32.92,31.49,31.14,30.07
NEE,NextEra Energy,Utilities,Multi-Utilities,76.83,97.3,74.41,76.06,76.79,79.37,82.74,84.88,86.42,86.31
NKE,"Nike, Inc.",Consumer Discretionary,"Apparel, Accessories & Luxury Goods",33.87,74.51,31.97,35.33,35.66,36.24,38.72,40.84,41.38,47.87
NI,NiSource,Utilities,Multi-Utilities,39.43,48.88,38.42,39.27,39.45,40.31,41.65,44.11,44.74,44.43
NDSN,Nordson Corporation,Industrials,Industrial Machinery & Supplies & Components,333.54,338.1,220.54,330.25,325.57,318.69,314.8,300.86,296.44,285.63
NSC,Norfolk Southern,Industrials,Rail Transportation,317.44,357.19,273.59,312.55,312.7,317.08,330.98,323.25,319.54,309.6
NTRS,Northern Trust,Financials,Asset Management & Custody Banks,171.4,194.86,118.61,171.49,173.4,177.93,181.88,177.37,173.67,161.5
NOC,Northrop Grumman,Industrials,Aerospace & Defense,478.0,767.12,470.06,490.78,502.43,512.61,536.81,535.19,549.85,593.84
NCLH,Norwegian Cruise Line Holdings,Consumer Discretionary,"Hotels, Resorts & Cruise Lines",15.14,25.13,13.63,14.71,14.5,14.61,16.78,17.78,18.0,19.44
NRG,NRG Energy,Utilities,Independent Power Producers & Energy Traders,95.23,188.71,93.36,96.4,98.7,104.89,114.16,124.47,130.67,140.15
NUE,Nucor,Materials,Steel,240.39,279.45,129.8,237.94,241.7,249.44,255.23,246.88,239.12,213.6
NVDA,Nvidia,Information Technology,Semiconductors,233.95,237.87,163.9,229.85,228.07,223.75,218.12,213.63,210.94,200.38
NVR,"NVR, Inc.",Consumer Discretionary,Homebuilding,5993.85,8200.0,5501.01,6155.43,6207.97,6203.4,6283.84,6297.2,6335.68,6690.17
NXPI,NXP Semiconductors,Information Technology,Semiconductors,243.66,337.28,179.82,238.63,236.68,231.17,231.87,262.98,259.17,243.75
ORLY,O’Reilly Automotive,Consumer Discretionary,Automotive Retail,84.9,105.39,82.59,85.58,85.49,85.59,88.38,88.42,89.46,90.95
OXY,Occidental Petroleum,Energy,Oil & Gas Exploration & Production,58.08,66.83,38.26,56.46,56.81,58.73,58.21,56.45,56.53,53.59
ODFL,Old Dominion,Industrials,Cargo Ground Transportation,180.48,251.64,125.23,177.35,176.54,178.29,196.4,209.73,209.58,199.32
OMC,Omnicom Group,Communication Services,Advertising,74.15,88.66,64.32,74.34,74.9,76.88,81.17,78.11,77.53,76.84
ON,ON Semiconductor,Information Technology,Semiconductors,84.89,134.92,44.56,78.69,76.32,73.78,76.65,92.52,91.78,80.45
OKE,Oneok,Energy,Oil & Gas Storage & Transportation,87.88,99.85,61.67,87.16,88.8,92.01,92.07,90.25,89.26,85.36
ORCL,Oracle Corporation,Information Technology,Application Software,142.3,319.46,114.5,137.61,140.7,145.98,143.59,158.03,160.54,162.21
OTIS,Otis Worldwide,Industrials,Industrial Machinery & Supplies & Components,64.05,93.43,63.58,64.96,66.05,67.66,70.28,70.89,72.21,77.34
PCAR,Paccar,Industrials,Construction Machinery & Heavy Transportation Equipment,109.68,138.87,90.03,110.58,111.56,116.35,124.58,121.31,121.25,120.23
PKG,Packaging Corporation of America,Materials,Paper & Plastic Packaging Products & Materials,228.54,258.31,186.77,231.06,234.81,233.34,241.82,232.89,228.6,223.87
PLTR,Palantir Technologies,Information Technology,Application Software,188.75,207.52,106.37,188.06,188.24,180.19,169.78,150.83,148.75,152.1
PANW,Palo Alto Networks,Information Technology,Systems Software,403.24,409.5,139.57,395.46,388.16,370.97,361.86,328.37,298.24,250.34
PSKY,Paramount Skydance Corporation,Communication Services,Movies & Entertainment,9.5,19.1,7.58,9.89,9.96,10.3,9.87,9.87,10.08,10.46
PH,Parker Hannifin,Industrials,Industrial Machinery & Supplies & Components,972.55,1097.73,709.46,966.75,968.13,953.76,987.15,951.12,948.61,941.9
PAYX,Paychex,Industrials,Human Resource & Employment Services,98.94,127.98,83.5,99.38,103.39,110.22,117.0,108.52,104.7,102.25
PAYC,Paycom,Industrials,Human Resource & Employment Services,220.99,244.98,104.16,221.05,221.91,222.5,213.11,174.69,164.99,154.35
PYPL,PayPal,Financials,Transaction & Payment Processing Services,52.8,78.34,38.12,53.31,53.22,53.27,56.42,50.9,50.36,50.01
PNR,Pentair,Industrials,Industrial Machinery & Supplies & Components,53.03,112.57,51.81,53.08,53.86,55.46,61.02,66.59,70.32,80.59
PEP,PepsiCo,Consumer Staples,Soft Drinks & Non-alcoholic Beverages,125.89,166.41,125.16,127.08,128.31,131.92,136.1,138.35,141.15,144.56
PFE,Pfizer,Health Care,Pharmaceuticals,27.8,29.21,22.57,28.38,28.28,28.01,27.33,26.03,26.02,25.8
PCG,PG&E Corporation,Utilities,Multi-Utilities,12.32,18.97,11.72,12.15,12.34,13.03,15.41,16.08,16.24,16.41
PM,Philip Morris International,Consumer Staples,Tobacco,187.46,207.76,138.43,190.82,190.46,189.91,189.98,186.04,181.33,176.46
PSX,Phillips 66,Energy,Oil & Gas Refining & Marketing,264.58,277.12,123.09,257.98,257.66,260.18,240.26,210.55,201.35,182.42
PNW,Pinnacle West Capital,Utilities,Multi-Utilities,95.92,110.16,83.83,93.66,92.97,94.51,97.81,100.4,100.45,97.83
PNC,PNC Financial Services,Financials,Diversified Banks,221.03,258.96,172.82,221.87,224.36,232.01,242.05,237.61,233.93,225.97
POOL,Pool Corporation,Consumer Discretionary,Distributors,161.42,306.05,158.4,161.96,163.95,168.54,182.37,187.79,192.27,206.26
PPG,PPG Industries,Materials,Specialty Chemicals,105.15,130.99,91.35,105.44,106.09,106.3,110.96,112.53,111.61,110.92
PPL,PPL Corporation,Utilities,Electric Utilities,32.8,39.46,31.56,32.63,32.53,33.24,34.25,34.84,35.42,35.58
PFG,Principal Financial Group,Financials,Life & Health Insurance,111.96,121.18,75.3,112.95,113.77,115.0,113.24,109.87,107.05,100.29
PG,Procter & Gamble,Consumer Staples,Personal Care Products,144.91,164.77,134.62,146.3,146.51,146.09,145.73,145.74,145.33,146.21
PGR,Progressive Corporation,Financials,Property & Casualty Insurance,210.31,239.26,187.69,209.65,207.78,212.45,214.26,211.42,209.1,208.22
PLD,Prologis,Real Estate,Industrial REITs,128.91,152.14,107.65,130.4,132.45,133.67,137.87,139.85,139.59,135.98
PRU,Prudential Financial,Financials,Life & Health Insurance,112.6,126.26,89.62,114.09,116.24,117.57,119.49,113.11,109.63,106.61
PEG,Public Service Enterprise Group,Utilities,Electric Utilities,68.07,85.4,66.15,67.54,67.7,69.68,72.7,75.63,76.32,77.63
PTC,PTC Inc.,Information Technology,Application Software,144.03,206.82,108.5,141.61,139.93,136.64,142.27,135.41,136.13,145.11
PSA,Public Storage,Real Estate,Self-Storage REITs,283.81,332.14,249.06,284.2,286.67,291.08,307.21,308.35,305.91,294.34
PHM,PulteGroup,Consumer Discretionary,Homebuilding,115.73,143.57,108.02,117.15,118.38,118.62,124.79,123.71,123.27,124.18
PWR,Quanta Services,Industrials,Construction & Engineering,676.56,788.49,404.19,655.5,648.97,637.81,642.93,669.97,666.43,605.45
QCOM,Qualcomm,Information Technology,Semiconductors,184.87,257.56,120.88,184.52,190.85,185.29,170.94,186.74,180.2,167.84
DGX,Quest Diagnostics,Health Care,Health Care Services,233.33,248.84,168.97,233.42,235.26,237.64,237.79,219.42,214.25,205.16
RL,Ralph Lauren Corporation,Consumer Discretionary,"Apparel, Accessories & Luxury Goods",363.37,419.38,303.33,358.84,352.26,345.3,362.1,369.78,369.18,363.29
RJF,Raymond James Financial,Financials,Investment Banking & Brokerage,158.21,182.11,137.85,159.07,159.41,164.91,171.93,163.77,161.44,159.74
RTX,RTX Corporation,Industrials,Aerospace & Defense,184.68,226.41,153.36,185.99,188.55,192.68,206.31,195.61,193.36,193.81
O,Realty Income,Real Estate,Retail REITs,54.13,66.25,53.28,54.38,55.03,56.9,60.16,60.72,60.95,60.43
REG,Regency Centers,Real Estate,Retail REITs,71.6,82.82,64.44,72.25,72.66,73.4,75.42,76.71,76.88,74.98
REGN,Regeneron Pharmaceuticals,Health Care,Biotechnology,735.2,859.34,538.24,746.21,771.9,782.81,784.56,712.68,717.01,734.54
RF,Regions Financial Corporation,Financials,Regional Banks,27.1,32.14,21.82,27.02,27.38,28.47,29.8,29.29,28.91,28.23
RSG,Republic Services,Industrials,Environmental & Facilities Services,209.56,232.08,195.84,210.25,211.7,216.67,216.8,214.06,212.82,214.49
RMD,ResMed,Health Care,Health Care Equipment,218.89,281.89,179.75,221.21,221.78,222.96,223.03,210.64,212.05,224.69
RVTY,Revvity,Health Care,Health Care Equipment,151.53,158.28,81.17,151.45,148.81,140.95,127.82,115.96,110.99,106.17
ROK,Rockwell Automation,Industrials,Electrical Components & Equipment,454.35,495.83,328.32,438.98,434.69,428.11,437.35,448.37,440.59,421.78
ROL,"Rollins, Inc.",Industrials,Environmental & Facilities Services,30.16,65.4,29.7,30.39,31.01,32.64,35.24,40.87,43.58,49.29
ROP,Roper Technologies,Information Technology,Electronic Equipment & Instruments,354.32,517.59,305.19,353.95,358.8,373.01,390.86,364.16,362.09,368.12
ROST,Ross Stores,Consumer Discretionary,Apparel Retail,228.54,256.5,146.27,233.51,233.68,230.75,237.48,231.01,229.59,217.13
RCL,Royal Caribbean Group,Consumer Discretionary,"Hotels, Resorts & Cruise Lines",277.74,350.59,222.22,263.37,251.4,253.22,280.78,282.81,279.82,284.0
SPGI,S&P Global,Financials,Financial Exchanges & Data,386.27,518.88,358.55,391.45,397.72,406.84,416.72,411.21,410.24,422.48
CRM,Salesforce,Information Technology,Application Software,234.69,267.8,146.06,230.71,233.31,240.96,219.77,194.81,191.66,199.66
SBAC,SBA Communications,Real Estate,Telecom Tower REITs,158.49,221.58,157.35,160.57,165.78,174.78,179.48,185.76,191.61,189.13
SLB,Schlumberger,Energy,Oil & Gas Equipment & Services,48.74,60.15,30.88,49.5,50.62,52.65,52.76,51.98,52.23,50.06
STX,Seagate Technology,Information Technology,"Technology Hardware, Storage & Peripherals",848.99,1143.27,207.78,910.37,909.35,872.07,854.13,869.83,818.61,649.73
SRE,Sempra,Utilities,Multi-Utilities,78.38,99.49,76.21,77.89,78.43,80.43,83.42,87.09,88.31,88.7
NOW,ServiceNow,Information Technology,Systems Software,134.38,192.97,81.24,133.51,135.64,136.23,129.19,116.55,111.74,115.76
SHW,Sherwin-Williams,Materials,Specialty Chemicals,319.51,375.09,289.19,325.36,325.24,324.22,338.68,328.54,328.12,331.93
SPG,Simon Property Group,Real Estate,Retail REITs,200.95,235.97,164.57,202.27,203.59,204.43,213.47,212.54,209.49,200.04
SWKS,Skyworks Solutions,Information Technology,Semiconductors,85.03,92.8,51.48,85.86,87.66,85.49,74.23,71.72,69.7,65.34
SJM,J.M. Smucker Company (The),Consumer Staples,Packaged Foods & Meats,117.19,135.89,86.47,118.68,119.94,121.45,122.18,115.03,110.74,107.06
SW,Smurfit Westrock,Materials,Paper & Plastic Packaging Products & Materials,42.54,51.52,31.79,43.83,44.99,44.47,46.56,44.33,43.46,42.63
SNA,Snap-on,Industrials,Industrial Machinery & Supplies & Components,368.9,420.41,312.34,367.25,368.5,372.24,389.27,386.91,384.26,375.57
SOLV,Solventum,Health Care,Health Care Technology,87.85,94.16,62.38,88.53,88.67,88.93,88.13,82.68,79.86,77.95
SO,Southern Company,Utilities,Electric Utilities,83.72,98.45,81.69,83.18,83.57,85.38,89.08,91.24,91.62,91.0
LUV,Southwest Airlines,Industrials,Passenger Airlines,42.47,54.38,28.75,42.06,41.94,40.68,42.1,43.64,42.8,43.16
SWK,Stanley Black & Decker,Industrials,Industrial Machinery & Supplies & Components,91.34,103.78,59.35,89.41,90.12,90.34,94.83,88.82,85.81,82.44
SBUX,Starbucks,Consumer Discretionary,Restaurants,94.71,109.88,76.05,94.85,94.69,96.84,102.12,102.05,101.54,97.89
STT,State Street Corporation,Financials,Asset Management & Custody Banks,175.96,194.9,102.22,175.98,178.21,182.85,185.25,175.75,169.7,153.31
STLD,Steel Dynamics,Materials,Steel,231.99,287.4,139.28,226.2,229.53,234.11,242.33,243.63,237.76,215.83
STE,Steris,Health Care,Health Care Equipment,208.54,267.14,193.97,209.91,209.3,211.06,223.56,217.22,217.28,227.01
SYK,Stryker Corporation,Health Care,Health Care Equipment,275.43,388.25,266.16,275.22,273.66,276.58,310.28,310.98,312.68,328.19
SMCI,Supermicro,Information Technology,"Technology Hardware, Storage & Peripherals",43.69,58.78,19.48,41.9,41.84,40.17,36.52,34.65,33.35,32.0
SYF,Synchrony Financial,Financials,Consumer Finance,71.77,87.67,62.55,71.5,72.03,74.2,76.65,74.69,74.62,74.21
SNPS,Synopsys,Information Technology,Application Software,489.9,539.48,362.55,449.62,432.29,409.51,407.61,434.31,440.34,444.9
SYY,Sysco,Consumer Staples,Food Distributors,77.49,90.56,67.23,78.06,78.12,79.41,81.8,80.17,78.88,79.25
TMUS,T-Mobile US,Communication Services,Wireless Telecommunication Services,163.64,228.43,160.81,163.58,164.2,170.81,175.86,179.8,182.17,189.43
TROW,T. Rowe Price,Financials,Asset Management & Custody Banks,104.62,120.5,83.17,104.56,104.6,104.91,109.1,108.33,105.99,101.55
TTWO,Take-Two Interactive,Communication Services,Interactive Home Entertainment,202.73,265.94,187.63,203.8,204.52,208.97,226.21,229.75,226.38,224.57
TPR,"Tapestry, Inc.",Consumer Discretionary,"Apparel, Accessories & Luxury Goods",118.12,164.18,91.82,115.99,114.21,115.7,130.22,135.55,137.38,137.81
TRGP,Targa Resources,Energy,Oil & Gas Storage & Transportation,281.74,307.94,141.11,276.46,279.78,284.53,281.14,274.7,268.45,246.71
TGT,Target Corporation,Consumer Staples,Consumer Staples Merchandise Retail,156.0,170.75,81.2,156.85,157.08,157.64,155.39,142.31,138.65,127.32
TEL,TE Connectivity,Information Technology,Electronic Manufacturing Services,220.36,250.61,189.53,215.3,214.66,210.03,208.94,206.77,209.19,213.04
TDY,Teledyne Technologies,Information Technology,Electronic Equipment & Instruments,617.17,697.67,483.02,610.62,612.21,606.78,633.82,630.48,632.9,623.49
TER,Teradyne,Information Technology,Semiconductor Materials & Equipment,449.04,487.72,131.5,414.01,402.55,380.8,374.84,377.57,375.22,334.87
TSLA,"Tesla, Inc.",Consumer Discretionary,Automobile Manufacturers,370.59,498.83,297.38,357.96,367.42,364.87,347.58,376.28,377.54,393.18
TXN,Texas Instruments,Information Technology,Semiconductors,293.8,332.33,150.2,283.04,277.88,269.88,270.4,285.04,277.93,247.17
TPL,Texas Pacific Land Corporation,Energy,Oil & Gas Exploration & Production,340.19,544.86,268.08,333.87,340.64,352.27,364.9,379.4,388.33,395.98
TXT,Textron,Industrials,Aerospace & Defense,77.26,101.5,75.51,77.13,77.23,78.68,83.14,87.03,87.83,89.57
TMO,Thermo Fisher Scientific,Health Care,Life Sciences Tools & Services,654.8,683.63,434.5,668.11,667.65,646.12,617.12,553.17,540.39,541.74
TJX,TJX Companies,Consumer Discretionary,Apparel Retail,132.68,169.47,122.78,132.53,131.77,129.22,140.86,148.39,150.05,151.81
TKO,TKO Group Holdings,Communication Services,Movies & Entertainment,175.58,224.23,171.19,178.1,182.73,186.49,187.6,190.92,190.15,195.14
TTD,Trade Desk (The),Communication Services,Advertising,11.95,56.39,11.77,12.12,12.56,13.44,14.52,17.1,18.23,22.6
TSCO,Tractor Supply,Consumer Discretionary,Other Specialty Retail,31.09,56.84,28.17,31.54,31.89,32.72,33.42,31.87,33.12,39.41
TT,Trane Technologies,Industrials,Building Products,463.91,504.68,345.62,456.5,448.37,441.35,453.77,461.1,463.2,445.9
TDG,TransDigm Group,Industrials,Aerospace & Defense,1090.38,1463.03,1071.25,1095.85,1102.81,1108.33,1179.17,1216.21,1213.79,1247.45
TRV,Travelers Companies (The),Financials,Property & Casualty Insurance,360.38,397.34,248.46,360.98,362.39,367.69,370.78,344.09,335.1,318.12
TRMB,Trimble Inc.,Information Technology,Electronic Equipment & Instruments,57.52,84.42,47.92,57.4,57.89,57.94,58.24,55.62,57.75,62.67
TFC,Truist Financial,Financials,Diversified Banks,46.45,54.52,39.1,46.51,47.15,48.53,50.23,49.67,49.57,49.04
TYL,Tyler Technologies,Information Technology,Application Software,322.81,524.43,270.71,322.37,326.03,336.26,336.13,320.09,322.72,345.48
TSN,Tyson Foods,Consumer Staples,Packaged Foods & Meats,51.89,68.26,48.84,50.96,51.21,51.79,54.99,56.97,58.4,59.1
USB,U.S. Bancorp,Financials,Diversified Banks,57.51,65.47,43.35,57.69,58.18,59.71,61.59,59.57,58.65,56.61
UBER,Uber,Industrials,Passenger Ground Transportation,68.11,101.29,65.41,68.4,69.1,70.58,73.03,72.76,73.18,74.73
UDR,"UDR, Inc.",Real Estate,Multi-Family Residential REITs,33.27,41.52,31.78,33.66,33.75,34.38,36.35,37.37,36.91,36.42
ULTA,Ulta Beauty,Consumer Discretionary,Other Specialty Retail,543.69,714.97,443.6,544.92,547.41,546.0,534.56,506.38,512.81,555.67
UNP,Union Pacific Corporation,Industrials,Rail Transportation,278.28,314.53,211.08,274.22,273.85,279.17,289.84,281.21,276.22,262.68
UAL,United Airlines Holdings,Industrials,Passenger Airlines,112.51,138.77,84.64,111.88,112.49,110.32,115.86,115.44,111.29,109.12
UPS,United Parcel Service,Industrials,Air Freight & Logistics,93.02,116.86,76.95,93.71,94.1,97.3,101.41,103.55,102.86,102.43
URI,United Rentals,Industrials,Trading Companies & Distributors,1081.04,1177.15,698.94,1034.88,1034.81,1019.28,1064.37,1053.19,1015.75,945.26
UNH,UnitedHealth Group,Health Care,Managed Health Care,371.9,458.79,252.96,371.39,373.04,378.18,392.02,397.81,386.29,352.56
UHS,Universal Health Services,Health Care,Health Care Facilities,175.72,245.26,139.92,175.65,176.95,176.16,172.5,162.09,164.71,180.41
VLO,Valero Energy,Energy,Oil & Gas Refining & Marketing,406.3,419.04,152.07,395.93,389.59,391.17,354.97,308.83,294.68,258.88
VTR,Ventas,Real Estate,Health Care REITs,84.01,100.99,65.32,85.13,85.7,87.1,90.19,88.69,87.83,84.88
VLTO,Veralto,Industrials,Environmental & Facilities Services,94.68,107.3,79.8,95.24,95.57,95.29,96.44,91.81,91.2,92.72
VRSN,Verisign,Information Technology,Internet Services & Infrastructure,288.32,311.57,206.93,283.83,289.92,292.07,288.98,282.92,280.68,264.7
VRSK,Verisk Analytics,Industrials,Research & Consulting Services,163.88,249.45,155.1,166.76,168.74,173.83,183.76,181.86,180.56,189.08
VZ,Verizon,Communication Services,Integrated Telecommunication Services,45.92,51.67,36.55,46.09,46.55,48.26,48.32,46.59,46.49,45.56
VRTX,Vertex Pharmaceuticals,Health Care,Biotechnology,504.73,560.25,400.74,517.74,517.93,518.88,518.2,490.96,479.51,473.62
VTRS,Viatris,Health Care,Pharmaceuticals,17.6,18.43,9.36,17.83,17.58,17.16,16.89,16.57,16.17,15.14
VICI,Vici Properties,Real Estate,Hotel & Resort REITs,22.65,30.84,22.54,22.95,23.32,23.86,25.02,25.81,26.14,26.51
V,Visa Inc.,Financials,Transaction & Payment Processing Services,360.66,385.57,292.74,362.69,364.23,367.56,368.5,351.88,344.37,336.51
VST,Vistra Corp.,Utilities,Electric Utilities,140.02,215.85,132.26,139.39,139.25,142.23,143.12,148.79,150.54,154.46
VMC,Vulcan Materials Company,Materials,Construction Materials,243.06,329.2,237.03,244.11,244.57,247.46,265.03,275.0,278.1,283.16
WRB,W. R. Berkley Corporation,Financials,Property & Casualty Insurance,68.98,77.34,62.22,68.26,68.0,69.0,70.01,69.2,68.54,68.39
GWW,W. W. Grainger,Industrials,Industrial Machinery & Supplies & Components,1280.3,1417.14,901.22,1262.42,1265.17,1271.51,1301.95,1308.42,1278.4,1203.24
WAB,Wabtec,Industrials,Construction Machinery & Heavy Transportation Equipment,287.54,306.32,185.19,289.23,288.97,284.65,290.48,277.62,274.93,261.05
WMT,Walmart,Consumer Staples,Consumer Staples Merchandise Retail,104.26,134.84,98.05,105.59,107.16,107.09,108.74,113.27,116.18,117.88
DIS,Walt Disney Company (The),Communication Services,Movies & Entertainment,102.19,115.42,91.49,103.88,104.26,104.98,104.3,101.91,101.98,103.32
WBD,Warner Bros. Discovery,Communication Services,Broadcasting,30.94,30.97,17.08,30.92,30.87,29.47,28.22,27.5,27.45,27.68
WM,Waste Management,Industrials,Environmental & Facilities Services,204.45,246.06,190.92,204.76,206.12,210.63,219.16,220.72,221.47,223.09
WAT,Waters Corporation,Health Care,Life Sciences Tools & Services,425.21,448.21,282.77,435.27,431.04,421.73,410.18,386.58,373.87,363.55
WEC,WEC Energy Group,Utilities,Electric Utilities,101.59,118.87,99.8,101.63,101.8,103.39,106.34,109.43,110.24,109.81
WFC,Wells Fargo,Financials,Diversified Banks,80.45,96.18,72.36,80.41,81.88,85.23,86.07,83.81,83.09,84.05
WELL,Welltower,Real Estate,Health Care REITs,227.71,254.24,161.37,230.15,230.88,232.6,235.43,227.73,224.02,212.94
WST,West Pharmaceutical Services,Health Care,Health Care Supplies,364.98,385.75,223.52,370.61,370.58,361.1,351.82,343.01,331.96,302.05
WDC,Western Digital,Information Technology,"Technology Hardware, Storage & Peripherals",415.29,799.61,112.31,447.8,453.26,449.43,466.06,512.04,489.77,399.83
WY,Weyerhaeuser,Real Estate,Timber REITs,18.47,27.03,18.41,19.08,19.92,21.04,22.93,23.31,23.46,23.77
WSM,"Williams-Sonoma, Inc.",Consumer Discretionary,Homefurnishing Retail,232.3,254.89,164.96,230.92,230.29,227.39,233.66,222.51,215.51,207.98
WMB,Williams Companies,Energy,Oil & Gas Storage & Transportation,70.54,78.92,54.53,69.07,69.89,71.3,71.75,72.66,72.47,70.24
WTW,Willis Towers Watson,Financials,Insurance Brokers,288.61,350.34,238.94,289.44,293.74,305.56,322.49,294.07,290.78,296.7
WDAY,"Workday, Inc.",Information Technology,Application Software,186.14,247.4,110.36,188.22,189.41,189.94,185.89,159.14,151.88,157.25
WYNN,Wynn Resorts,Consumer Discretionary,Casinos & Gaming,75.88,133.75,75.75,78.27,80.0,83.67,92.68,96.2,97.94,102.7
XEL,Xcel Energy,Utilities,Multi-Utilities,71.4,82.56,68.72,70.5,70.64,72.39,75.36,76.98,77.43,76.94
XYL,Xylem Inc.,Industrials,Industrial Machinery & Supplies & Components,101.79,152.14,98.58,101.16,103.48,105.39,111.98,112.52,114.05,120.21
YUM,Yum! Brands,Consumer Discretionary,Restaurants,136.12,169.29,134.26,137.03,138.08,140.41,146.18,149.48,150.98,152.69
ZBRA,Zebra Technologies,Information Technology,Electronic Equipment & Instruments,375.86,386.23,199.05,374.49,369.11,358.79,350.88,300.93,285.95,267.18
ZBH,Zimmer Biomet,Health Care,Health Care Equipment,88.29,105.75,78.7,89.53,90.64,92.9,95.84,91.48,90.89,90.85
ZTS,Zoetis,Health Care,Pharmaceuticals,69.69,145.99,68.78,70.07,70.75,72.03,74.4,75.51,82.85,97.53
