Symbol,Company,GICS_Sector,GICS_Sub_Industry,Current_Price,52_Week_High,52_Week_Low,SMA_5,SMA_10,SMA_20,SMA_50,SMA_100,SMA_125,SMA_200
MMM,3M,Industrials,Industrial Conglomerates,168.5,172.85,120.83,165.75,158.99,157.08,155.85,152.97,151.38,148.32
AOS,A. O. Smith,Industrials,Building Products,68.9,78.69,58.25,69.39,69.17,70.51,71.68,69.79,69.28,67.97
ABT,Abbott Laboratories,Health Care,Health Care Equipment,126.85,139.33,109.21,127.64,128.73,130.82,131.59,131.08,131.14,129.45
ABBV,AbbVie,Health Care,Biotechnology,227.99,243.06,158.28,229.67,228.72,229.78,219.28,203.91,199.95,195.31
ACN,Accenture,Information Technology,IT Consulting & Other Services,247.65,394.41,229.4,247.86,243.92,245.57,246.99,266.04,275.09,297.26
ADBE,Adobe Inc.,Information Technology,Application Software,353.52,557.9,327.5,352.54,343.11,345.87,351.67,363.09,370.28,385.3
AMD,Advanced Micro Devices,Information Technology,Semiconductors,252.92,253.39,76.48,239.35,233.75,212.88,182.39,165.63,154.17,135.91
AES,AES Corporation,Utilities,Independent Power Producers & Energy Traders,14.55,16.4,9.28,14.35,14.47,14.37,13.61,12.8,12.35,11.79
AFL,Aflac,Financials,Life & Health Insurance,107.18,113.9,96.14,107.91,108.56,110.11,108.63,105.28,105.04,105.07
A,Agilent Technologies,Health Care,Life Sciences Tools & Services,148.03,152.88,96.03,146.01,142.9,139.87,130.07,123.65,120.91,123.0
APD,Air Products,Materials,Industrial Gases,254.91,334.71,240.55,254.38,255.86,261.96,276.78,280.71,278.54,284.45
ABNB,Airbnb,Consumer Discretionary,"Hotels, Resorts & Cruise Lines",127.99,163.93,99.88,127.72,125.34,123.02,124.37,129.24,129.26,129.27
AKAM,Akamai Technologies,Information Technology,Internet Services & Infrastructure,75.05,105.5,67.51,74.95,74.21,75.3,76.27,77.01,77.36,80.56
ALB,Albemarle Corporation,Materials,Specialty Chemicals,105.64,111.49,48.84,96.35,96.05,92.47,85.3,76.88,73.06,73.4
ARE,Alexandria Real Estate Equities,Real Estate,Office REITs,77.41,113.98,65.12,77.12,76.1,78.0,80.11,77.02,75.48,80.62
ALGN,Align Technology,Health Care,Health Care Supplies,135.21,246.19,122.0,135.59,132.6,130.93,134.15,156.89,161.5,171.35
ALLE,Allegion,Industrials,Building Products,167.3,180.68,116.14,174.29,175.3,175.93,173.91,162.45,158.2,146.93
LNT,Alliant Energy,Utilities,Electric Utilities,68.97,69.74,54.71,68.59,68.32,67.83,66.1,64.25,63.61,62.36
ALL,Allstate,Financials,Property & Casualty Insurance,193.19,215.7,173.88,193.99,197.63,204.07,204.14,200.88,201.16,197.89
GOOGL,Alphabet Inc. (Class A),Communication Services,Interactive Media & Services,259.92,261.68,140.23,254.34,251.71,247.95,236.48,209.82,200.64,190.39
GOOG,Alphabet Inc. (Class C),Communication Services,Interactive Media & Services,260.51,262.51,142.36,255.03,252.33,248.67,237.1,210.62,201.56,191.68
MO,Altria,Consumer Staples,Tobacco,64.67,67.51,46.22,64.36,64.64,65.28,65.32,62.19,61.23,58.14
AMZN,Amazon,Consumer Discretionary,Broadline Retail,224.21,242.52,161.38,220.35,218.13,219.88,225.14,222.9,218.22,214.19
AMCR,Amcor,Materials,Paper & Plastic Packaging Products & Materials,8.14,10.81,7.81,8.16,8.12,8.09,8.26,8.84,8.89,9.14
AEE,Ameren,Utilities,Multi-Utilities,104.28,106.73,82.82,104.92,104.85,104.32,101.7,99.39,98.7,97.46
AEP,American Electric Power,Utilities,Electric Utilities,115.98,120.46,87.57,116.94,117.34,116.1,112.33,109.03,107.79,105.24
AXP,American Express,Financials,Consumer Finance,357.56,362.32,219.32,353.84,342.56,335.31,329.41,317.37,311.21,300.44
AIG,American International Group,Financials,Multi-line Insurance,79.0,87.1,68.15,78.57,79.32,80.28,79.68,80.58,80.89,79.78
AMT,American Tower,Real Estate,Telecom Tower REITs,191.52,232.28,168.28,191.69,190.1,189.55,194.34,204.82,206.26,202.87
AWK,American Water Works,Utilities,Water Utilities,141.59,153.69,116.64,143.5,142.82,141.02,140.69,140.78,141.05,138.42
AMP,Ameriprise Financial,Financials,Asset Management & Custody Banks,479.18,576.69,393.57,476.42,476.97,484.12,494.25,507.15,505.76,505.38
AME,Ametek,Industrials,Electrical Components & Equipment,187.14,197.03,144.53,187.39,186.07,185.16,185.84,182.95,181.42,179.33
AMGN,Amgen,Health Care,Biotechnology,291.76,330.26,247.06,297.02,296.33,294.15,287.86,289.2,286.14,287.43
APH,Amphenol,Information Technology,Electronic Components,133.82,137.65,56.27,130.03,127.53,125.61,119.28,109.77,104.65,90.65
ADI,Analog Devices,Information Technology,Semiconductors,238.01,257.11,157.31,242.85,240.69,239.89,243.75,237.77,232.29,222.22
AON,Aon plc,Financials,Insurance Brokers,337.73,411.24,322.37,341.94,346.91,354.18,360.77,359.17,359.11,367.03
APA,APA Corporation,Energy,Oil & Gas Exploration & Production,23.83,25.51,13.04,23.18,22.91,23.45,22.88,20.89,20.02,19.86
APO,Apollo Global Management,Financials,Asset Management & Custody Banks,125.0,187.59,101.84,125.15,124.58,125.99,132.65,137.24,136.75,139.77
AAPL,Apple Inc.,Information Technology,"Technology Hardware, Storage & Peripherals",262.82,265.29,168.8,261.17,255.04,255.03,244.14,226.47,222.0,222.16
AMAT,Applied Materials,Information Technology,Semiconductor Materials & Equipment,228.75,232.07,123.04,226.38,224.99,220.08,191.16,187.09,181.56,173.51
APTV,Aptiv,Consumer Discretionary,Automotive Parts & Equipment,86.19,88.8,47.19,84.93,83.9,84.71,82.49,75.71,73.44,68.74
ACGL,Arch Capital Group,Financials,Property & Casualty Insurance,87.15,102.61,82.49,87.43,88.4,89.9,90.4,90.0,90.68,91.24
ADM,Archer Daniels Midland,Consumer Staples,Agricultural Products & Services,63.33,64.57,40.22,62.53,62.58,61.75,61.61,57.56,55.6,52.28
ANET,Arista Networks,Information Technology,Communications Equipment,153.82,162.68,59.43,149.12,146.43,147.86,143.24,126.17,119.14,109.48
AJG,Arthur J. Gallagher & Co.,Financials,Insurance Brokers,280.73,349.78,273.89,280.91,286.31,296.67,298.08,303.36,309.7,313.44
AIZ,Assurant,Financials,Multi-line Insurance,211.86,227.13,173.64,210.72,212.45,215.22,213.68,203.82,202.42,202.55
T,AT&T,Communication Services,Integrated Telecommunication Services,25.14,29.47,20.15,25.49,25.78,26.17,27.72,27.58,27.46,26.55
ATO,Atmos Energy,Utilities,Gas Utilities,175.93,179.7,133.63,176.71,176.87,174.64,168.98,161.97,160.81,155.46
ADSK,Autodesk,Information Technology,Application Software,312.88,329.09,232.67,309.88,307.25,311.53,310.82,304.86,301.99,292.88
ADP,Automatic Data Processing,Industrials,Human Resource & Employment Services,280.94,326.59,269.86,282.69,282.94,286.68,292.72,298.94,301.33,299.49
AZO,AutoZone,Consumer Discretionary,Automotive Retail,3805.56,4388.11,2980.1,3925.52,3984.67,4072.91,4139.03,3952.85,3912.21,3760.66
AVB,AvalonBay Communities,Real Estate,Multi-Family Residential REITs,189.43,231.37,177.24,188.39,186.75,187.83,189.83,193.62,195.35,200.19
AVY,Avery Dennison,Materials,Paper & Plastic Packaging Products & Materials,181.59,215.68,155.31,174.14,166.67,164.17,166.56,171.17,172.0,174.31
AXON,Axon Enterprise,Industrials,Aerospace & Defense,735.95,885.92,422.38,708.72,692.61,705.39,733.31,753.98,742.78,681.06
BKR,Baker Hughes,Energy,Oil & Gas Equipment & Services,47.3,50.93,33.21,47.3,46.11,47.21,46.48,43.51,42.15,42.29
BALL,Ball Corporation,Materials,"Metal, Glass & Plastic Containers",49.83,64.8,43.18,49.47,48.59,48.94,50.11,53.23,53.05,52.26
BAC,Bank of America,Financials,Diversified Banks,52.57,52.88,32.69,51.8,51.19,50.84,50.43,48.36,47.18,45.3
BAX,Baxter International,Health Care,Health Care Equipment,23.02,37.27,21.18,22.96,22.86,22.87,23.39,25.73,26.66,28.52
BDX,Becton Dickinson,Health Care,Health Care Equipment,185.83,248.0,161.47,188.1,187.67,188.9,189.67,183.17,181.02,196.57
BBY,Best Buy,Consumer Discretionary,Computer & Electronics Retail,83.26,90.84,53.55,82.15,80.21,77.88,75.4,71.79,71.02,72.45
TECH,Bio-Techne,Health Care,Life Sciences Tools & Services,65.9,80.37,45.87,64.35,62.37,60.84,56.42,54.43,53.35,57.0
BIIB,Biogen,Health Care,Biotechnology,149.89,187.58,110.04,148.11,145.95,148.04,143.16,136.62,134.22,135.14
BLK,BlackRock,Financials,Asset Management & Custody Banks,1136.63,1219.94,766.05,1136.26,1156.58,1158.99,1138.23,1099.96,1069.36,1021.5
BX,Blackstone Inc.,Financials,Asset Management & Custody Banks,154.6,196.67,114.16,158.63,159.35,162.62,170.17,163.74,158.78,155.97
XYZ,"Block, Inc.",Financials,Transaction & Payment Processing Services,79.54,99.26,44.27,77.65,76.53,76.68,76.37,73.37,70.0,69.52
BK,BNY Mellon,Financials,Asset Management & Custody Banks,107.99,110.87,69.65,107.44,107.22,107.07,106.0,100.54,97.7,91.73
BA,Boeing,Industrials,Aerospace & Defense,221.35,242.69,128.88,217.96,215.85,216.7,221.68,220.4,216.02,198.71
BKNG,Booking Holdings,Consumer Discretionary,"Hotels, Resorts & Cruise Lines",5146.16,5829.37,4082.14,5179.62,5153.53,5236.62,5427.19,5490.77,5444.57,5165.79
BSX,Boston Scientific,Health Care,Health Care Equipment,101.11,109.5,80.64,101.56,99.37,97.99,101.11,102.33,102.72,101.72
BMY,Bristol Myers Squibb,Health Care,Pharmaceuticals,43.83,61.0,42.38,44.04,43.82,44.33,45.36,45.86,45.98,49.28
AVGO,Broadcom,Information Technology,Semiconductors,354.13,373.59,137.54,346.12,348.63,342.05,331.38,303.88,287.48,254.46
BR,Broadridge Financial Solutions,Industrials,Data Processing & Outsourced Services,232.29,270.85,205.06,232.07,231.49,233.47,243.68,243.95,242.48,238.96
BRO,Brown & Brown,Financials,Insurance Brokers,88.0,125.31,86.79,88.35,90.03,92.28,93.54,98.43,100.89,105.61
BLDR,Builders FirstSource,Industrials,Building Products,124.06,194.36,102.6,123.79,123.95,124.86,131.31,128.01,124.99,130.28
BG,Bunge Global,Consumer Staples,Agricultural Products & Services,97.8,99.41,65.6,96.39,93.13,87.85,84.39,81.31,80.63,78.03
BXP,"BXP, Inc.",Real Estate,Office REITs,74.18,84.26,52.95,72.75,71.76,72.82,72.58,70.34,69.17,67.94
CHRW,C.H. Robinson,Industrials,Air Freight & Logistics,126.06,138.0,83.72,126.87,126.81,129.58,129.13,115.04,110.69,105.62
CDNS,Cadence Design Systems,Information Technology,Application Software,345.1,376.45,221.56,335.19,330.84,338.96,346.98,335.04,329.59,307.99
CZR,Caesars Entertainment,Consumer Discretionary,Casinos & Gaming,22.23,45.65,21.4,22.56,22.27,23.85,25.11,26.5,26.84,28.3
CPT,Camden Property Trust,Real Estate,Multi-Family Residential REITs,105.06,123.08,100.41,104.19,103.08,103.52,106.03,108.7,109.93,111.31
CPB,Campbell's Company (The),Consumer Staples,Packaged Foods & Meats,30.93,46.18,29.03,31.09,30.73,30.87,31.85,31.7,32.19,34.2
COF,Capital One,Financials,Consumer Finance,225.01,231.82,142.38,219.47,214.87,213.96,219.18,214.37,209.43,199.42
CAH,Cardinal Health,Health Care,Health Care Distributors,161.89,167.89,105.46,159.3,157.04,156.77,152.47,155.54,154.44,144.61
KMX,CarMax,Consumer Discretionary,Automotive Retail,44.26,91.25,42.34,43.79,43.72,44.46,53.03,58.2,59.69,66.4
CCL,Carnival,Consumer Discretionary,"Hotels, Resorts & Cruise Lines",29.4,32.8,15.07,29.53,29.01,28.85,30.18,28.93,27.48,25.54
CARR,Carrier Global,Industrials,Building Products,57.84,81.09,53.89,57.84,57.37,58.21,61.31,66.77,67.62,66.35
CAT,Caterpillar Inc.,Industrials,Construction Machinery & Heavy Transportation Equipment,522.73,543.43,264.29,522.59,523.97,505.98,462.95,429.11,410.41,382.99
CBOE,Cboe Global Markets,Financials,Financial Exchanges & Data,238.75,255.27,186.22,236.75,238.28,240.07,239.51,237.52,235.12,225.41
CBRE,CBRE Group,Real Estate,Real Estate Services,162.96,171.0,108.45,162.34,158.83,156.7,159.86,151.3,146.19,140.95
CDW,CDW Corporation,Information Technology,Technology Distributors,158.16,220.59,136.33,156.98,153.51,155.03,160.97,167.76,169.74,171.04
COR,Cencora,Health Care,Health Care Distributors,332.71,334.34,222.57,329.66,324.69,317.37,304.1,297.95,296.11,282.2
CNC,Centene Corporation,Health Care,Managed Health Care,34.07,70.11,25.08,35.23,35.57,36.3,33.0,35.72,40.46,48.01
CNP,CenterPoint Energy,Utilities,Multi-Utilities,39.53,40.5,27.87,39.89,39.73,39.37,38.53,37.69,37.63,36.27
CF,CF Industries,Materials,Fertilizers & Agricultural Chemicals,86.47,103.84,66.56,85.31,85.35,87.53,86.7,89.59,88.73,85.54
CRL,Charles River Laboratories,Health Care,Life Sciences Tools & Services,197.04,230.02,91.86,189.48,181.24,174.83,164.28,160.26,154.95,154.69
SCHW,Charles Schwab Corporation,Financials,Investment Banking & Brokerage,94.42,99.42,65.48,94.67,94.21,94.06,94.45,93.51,91.95,86.54
CHTR,Charter Communications,Communication Services,Cable & Satellite,244.2,437.06,243.61,247.42,253.51,263.46,264.81,311.33,329.84,339.23
CVX,Chevron Corporation,Energy,Integrated Oil & Gas,155.56,165.09,129.01,155.19,153.72,153.66,155.88,151.8,148.56,148.82
CMG,Chipotle Mexican Grill,Consumer Discretionary,Restaurants,41.19,66.74,38.3,41.72,41.7,41.07,41.02,45.73,46.75,49.02
CB,Chubb Limited,Financials,Property & Casualty Insurance,281.94,305.88,250.52,275.77,276.08,279.97,277.65,278.12,280.28,279.73
CHD,Church & Dwight,Consumer Staples,Household Products,85.89,115.72,85.08,87.36,87.23,87.68,90.38,93.15,93.53,98.09
CI,Cigna,Health Care,Health Care Services,301.78,346.57,255.6,305.81,301.15,300.49,298.7,299.7,303.46,304.33
CINF,Cincinnati Financial,Financials,Property & Casualty Insurance,156.67,166.9,121.6,155.81,155.64,158.58,155.43,151.47,150.24,145.24
CTAS,Cintas,Industrials,Diversified Support Services,190.83,228.77,179.74,193.11,190.16,194.83,201.85,211.39,212.71,208.03
CSCO,Cisco,Information Technology,Communications Equipment,70.63,72.11,51.49,70.59,69.78,69.17,67.97,67.62,66.28,63.71
C,Citigroup,Financials,Diversified Banks,98.78,105.59,54.71,97.86,97.84,97.96,97.9,92.34,88.42,82.36
CFG,Citizens Financial Group,Financials,Regional Banks,52.18,55.24,31.96,50.98,50.63,51.65,51.56,48.51,46.7,44.79
CLX,Clorox,Consumer Staples,Household Products,115.85,165.17,114.96,117.47,117.66,118.87,120.04,121.36,123.51,131.51
CME,CME Group,Financials,Financial Exchanges & Data,269.54,288.09,204.81,268.5,267.95,267.44,266.21,270.25,271.69,262.93
CMS,CMS Energy,Utilities,Multi-Utilities,74.75,76.11,62.54,74.82,74.68,73.85,72.46,71.57,71.38,70.7
KO,Coca-Cola Company (The),Consumer Staples,Soft Drinks & Non-alcoholic Beverages,69.71,73.29,59.3,70.02,68.75,67.59,67.63,68.55,68.91,68.2
CTSH,Cognizant,Information Technology,IT Consulting & Other Services,67.86,89.77,64.98,67.94,67.16,67.28,69.02,72.42,73.7,75.43
COIN,Coinbase,Financials,Financial Exchanges & Data,354.46,444.65,142.58,335.99,338.11,352.2,329.89,332.76,313.36,280.08
CL,Colgate-Palmolive,Consumer Staples,Household Products,78.0,98.37,76.17,78.73,78.18,78.13,80.88,84.15,85.3,86.63
CMCSA,Comcast,Communication Services,Cable & Satellite,29.28,43.66,29.15,29.5,29.54,30.1,31.69,32.78,33.02,33.61
CAG,Conagra Brands,Consumer Staples,Packaged Foods & Meats,18.29,28.22,17.89,18.53,18.45,18.59,18.81,19.38,20.04,21.82
COP,ConocoPhillips,Energy,Oil & Gas Exploration & Production,88.03,112.56,78.56,87.8,87.71,90.7,93.25,92.78,91.77,93.13
ED,Consolidated Edison,Utilities,Multi-Utilities,100.04,112.97,85.07,101.21,101.33,100.57,99.29,100.14,101.05,100.53
STZ,Constellation Brands,Consumer Staples,Distillers & Vintners,139.62,241.11,131.2,140.47,140.36,140.12,144.95,156.6,162.29,168.04
CEG,Constellation Energy,Utilities,Electric Utilities,389.19,412.7,160.94,366.77,379.13,368.4,338.67,328.5,318.9,293.65
COO,Cooper Companies (The),Health Care,Health Care Supplies,73.51,109.04,61.78,74.49,72.53,70.83,69.79,70.81,72.57,77.84
CPRT,Copart,Industrials,Diversified Support Services,44.66,64.38,43.32,44.96,44.66,44.62,46.36,47.02,49.4,52.2
GLW,Corning Inc.,Information Technology,Electronic Components,87.41,87.78,36.95,85.74,85.67,84.79,77.26,66.2,62.34,56.61
CPAY,Corpay,Financials,Transaction & Payment Processing Services,284.38,400.81,269.02,285.08,284.85,286.75,302.3,315.17,318.72,330.4
CTVA,Corteva,Materials,Fertilizers & Agricultural Chemicals,63.66,77.22,53.14,62.84,62.39,63.26,68.44,70.72,69.95,66.67
CSGP,CoStar Group,Real Estate,Real Estate Services,77.89,97.43,68.26,76.91,75.9,78.68,84.25,85.06,83.16,80.85
COST,Costco,Consumer Staples,Consumer Staples Merchandise Retail,932.14,1075.34,864.06,938.5,939.15,929.85,945.81,959.94,970.84,971.21
CTRA,Coterra,Energy,Oil & Gas Exploration & Production,23.55,29.29,21.84,23.47,23.23,23.45,23.74,24.23,24.23,25.2
CRWD,CrowdStrike,Information Technology,Systems Software,527.32,535.52,294.68,511.39,501.04,498.46,463.44,467.77,463.15,432.04
CCI,Crown Castle,Real Estate,Telecom Tower REITs,98.49,114.47,81.02,98.4,97.9,96.9,96.64,99.4,99.54,96.91
CSX,CSX Corporation,Industrials,Rail Transportation,36.13,37.19,26.01,36.0,36.05,35.91,34.39,34.06,33.23,32.19
CMI,Cummins,Industrials,Construction Machinery & Heavy Transportation Equipment,421.45,440.51,257.24,415.83,416.27,422.19,412.47,378.37,365.52,352.8
CVS,CVS Health,Health Care,Health Care Services,81.93,82.84,41.77,81.7,80.79,78.5,74.89,69.31,68.0,65.23
DHR,Danaher Corporation,Health Care,Life Sciences Tools & Services,223.01,259.31,170.43,218.6,213.04,209.26,202.61,200.77,199.08,202.98
DRI,Darden Restaurants,Consumer Discretionary,Restaurants,184.82,224.86,153.25,186.82,187.01,187.96,196.46,203.08,203.07,198.43
DDOG,Datadog,Information Technology,Application Software,156.47,170.08,81.63,155.96,156.9,155.58,142.95,138.95,133.7,127.48
DVA,DaVita,Health Care,Health Care Services,129.19,179.6,122.93,128.55,127.04,128.37,132.0,135.82,136.86,143.48
DAY,Dayforce,Industrials,Human Resource & Employment Services,68.48,82.69,48.01,68.42,68.35,68.57,68.42,62.56,61.71,61.69
DECK,Deckers Brands,Consumer Discretionary,Footwear,86.94,223.98,86.83,98.7,98.64,99.73,108.3,106.54,108.71,122.51
DE,Deere & Company,Industrials,Agricultural & Farm Machinery,472.76,530.24,381.67,465.36,457.8,457.88,469.09,489.04,490.43,479.84
DELL,Dell Technologies,Information Technology,"Technology Hardware, Storage & Peripherals",158.64,165.51,65.33,151.95,151.39,149.49,137.08,130.63,125.41,115.22
DAL,Delta Air Lines,Industrials,Passenger Airlines,60.95,69.15,34.41,60.76,60.5,58.86,59.41,55.77,54.11,54.03
DVN,Devon Energy,Energy,Oil & Gas Exploration & Production,32.97,39.44,25.53,32.56,32.51,33.58,34.29,33.59,33.13,33.36
DXCM,Dexcom,Health Care,Health Care Equipment,70.33,93.25,57.52,70.05,68.0,67.34,72.49,77.91,78.97,78.57
FANG,Diamondback Energy,Energy,Oil & Gas Exploration & Production,145.86,182.18,112.4,143.61,142.24,143.72,142.44,142.42,141.16,144.95
DLR,Digital Realty,Real Estate,Data Center REITs,179.28,192.35,128.14,174.33,173.7,173.58,170.15,171.35,170.14,164.38
DG,Dollar General,Consumer Staples,Consumer Staples Merchandise Retail,101.99,117.24,65.27,104.1,104.2,101.83,105.11,108.13,105.39,95.28
DLTR,Dollar Tree,Consumer Staples,Consumer Staples Merchandise Retail,99.05,118.06,60.49,99.62,97.27,93.45,99.38,102.71,99.59,89.35
D,Dominion Energy,Utilities,Multi-Utilities,61.06,62.52,46.96,60.99,61.07,61.02,60.22,58.58,57.73,55.98
DPZ,Domino's,Consumer Discretionary,Restaurants,414.86,495.24,392.47,420.85,418.74,419.96,435.8,446.56,452.91,452.8
DASH,DoorDash,Consumer Discretionary,Specialized Consumer Services,258.15,285.5,150.26,258.48,263.88,268.66,259.81,249.32,239.3,219.55
DOV,Dover Corporation,Industrials,Industrial Machinery & Supplies & Components,177.43,220.46,142.22,173.64,168.72,167.0,171.99,176.85,176.94,179.58
DOW,Dow Inc.,Materials,Commodity Chemicals,24.81,48.48,20.11,22.88,22.37,22.57,23.37,24.91,25.59,28.87
DHI,D. R. Horton,Consumer Discretionary,Homebuilding,157.95,184.55,109.8,157.42,155.83,160.54,166.57,151.71,145.77,139.87
DTE,DTE Energy,Utilities,Multi-Utilities,141.84,143.79,111.81,142.33,141.93,141.37,138.39,136.26,135.81,132.42
DUK,Duke Energy,Utilities,Electric Utilities,127.37,130.03,102.41,128.19,127.94,126.02,123.71,120.8,119.91,117.5
DD,DuPont,Materials,Specialty Chemicals,81.01,85.99,53.17,80.82,79.38,78.87,77.36,74.29,72.8,72.9
EMN,Eastman Chemical Company,Materials,Specialty Chemicals,62.7,103.72,56.08,62.13,61.34,61.86,64.42,69.0,70.76,77.28
ETN,Eaton Corporation,Industrials,Electrical Components & Equipment,376.29,398.4,230.37,372.09,374.08,374.01,364.03,359.97,351.0,330.82
EBAY,eBay Inc.,Consumer Discretionary,Broadline Retail,97.2,100.83,55.44,95.74,93.32,91.95,92.76,86.84,83.57,76.92
ECL,Ecolab,Materials,Specialty Chemicals,277.23,285.35,220.55,277.32,275.09,275.13,274.14,270.76,267.88,260.47
EIX,Edison International,Utilities,Electric Utilities,57.81,83.74,46.27,57.83,56.9,55.39,54.78,52.82,53.16,53.4
EW,Edwards Lifesciences,Health Care,Health Care Equipment,76.1,83.0,64.89,76.16,74.73,75.52,77.29,77.25,77.04,74.9
EA,Electronic Arts,Communication Services,Interactive Home Entertainment,200.84,203.75,114.77,200.67,200.52,200.64,183.27,169.26,165.16,154.21
ELV,Elevance Health,Health Care,Managed Health Care,342.35,454.26,272.22,347.53,348.6,346.67,326.3,329.21,341.99,365.66
EMR,Emerson Electric,Industrials,Electrical Components & Equipment,132.68,149.68,89.31,131.7,130.49,131.05,131.78,133.6,129.83,124.07
ENPH,Enphase Energy,Information Technology,Semiconductor Materials & Equipment,36.23,89.95,29.89,36.52,36.55,36.45,37.09,37.72,39.17,47.04
ETR,Entergy,Utilities,Electric Utilities,96.58,98.58,64.92,96.12,96.25,95.63,91.63,88.06,86.89,84.87
EOG,EOG Resources,Energy,Oil & Gas Exploration & Production,106.38,134.2,99.8,106.62,106.99,108.44,114.32,116.11,114.84,117.31
EPAM,EPAM Systems,Information Technology,IT Consulting & Other Services,159.4,269.0,138.15,154.54,149.6,150.34,157.95,163.27,165.4,179.43
EQT,EQT Corporation,Energy,Oil & Gas Exploration & Production,53.7,60.83,34.99,54.58,54.26,54.91,52.79,53.95,54.05,52.76
EFX,Equifax,Industrials,Research & Consulting Services,233.8,279.93,199.2,231.36,229.43,235.39,244.68,249.75,252.94,249.98
EQIX,Equinix,Real Estate,Data Center REITs,839.49,977.63,693.42,829.52,822.03,805.0,791.01,800.15,812.95,829.69
EQR,Equity Residential,Real Estate,Multi-Family Residential REITs,63.42,75.25,58.19,63.13,62.58,62.81,63.81,64.82,65.57,66.45
ERIE,Erie Indemnity,Financials,Insurance Brokers,324.67,462.26,305.49,323.08,320.3,319.08,329.64,340.83,343.89,365.71
ESS,Essex Property Trust,Real Estate,Multi-Family Residential REITs,264.66,307.81,239.32,263.08,260.67,261.67,262.28,268.64,270.3,274.59
EL,Estée Lauder Companies (The),Consumer Staples,Personal Care Products,102.16,104.53,47.94,100.27,98.19,94.04,90.69,87.07,82.25,76.73
EG,Everest Group,Financials,Reinsurance,348.94,387.65,318.14,349.35,349.3,351.75,345.23,340.46,341.2,343.99
EVRG,Evergy,Utilities,Electric Utilities,77.96,79.32,56.9,78.27,78.11,77.41,74.12,71.36,70.26,68.12
ES,Eversource Energy,Utilities,Electric Utilities,74.67,75.04,51.06,73.55,72.55,72.34,67.72,66.03,65.1,62.32
EXC,Exelon,Utilities,Electric Utilities,48.03,48.51,34.98,48.0,47.72,46.73,44.98,44.09,44.08,43.37
EXE,Expand Energy,Energy,Oil & Gas Exploration & Production,103.77,121.47,80.07,105.12,103.22,105.14,100.32,103.5,104.89,103.77
EXPE,Expedia Group,Consumer Discretionary,"Hotels, Resorts & Cruise Lines",218.85,240.98,129.46,221.06,219.08,217.97,216.92,197.99,191.11,184.59
EXPD,Expeditors International,Industrials,Air Freight & Logistics,117.81,128.27,99.78,119.27,118.32,119.64,120.71,118.04,116.8,115.43
EXR,Extra Space Storage,Real Estate,Self-Storage REITs,150.26,168.1,118.4,151.04,150.08,146.03,142.89,143.78,144.05,144.16
XOM,ExxonMobil,Energy,Integrated Oil & Gas,115.39,119.89,96.01,114.3,113.05,113.01,112.43,110.59,109.26,108.6
FFIV,"F5, Inc.",Information Technology,Communications Equipment,298.34,346.0,213.24,298.75,310.46,320.32,320.33,310.54,304.08,293.38
FDS,FactSet,Financials,Financial Exchanges & Data,285.3,495.04,272.5,289.32,286.7,284.73,324.38,372.44,387.99,409.11
FICO,Fair Isaac,Information Technology,Application Software,1667.0,2402.52,1300.0,1608.5,1621.48,1659.18,1557.02,1589.37,1660.03,1730.37
FAST,Fastenal,Industrials,Trading Companies & Distributors,42.87,50.63,34.8,42.95,42.65,45.17,47.25,45.74,44.68,42.03
FRT,Federal Realty Investment Trust,Real Estate,Retail REITs,101.3,113.0,78.83,100.58,99.24,98.8,98.48,95.77,95.26,96.15
FDX,FedEx,Industrials,Air Freight & Logistics,241.15,301.45,191.82,240.28,237.62,238.3,232.53,229.73,227.23,233.04
FIS,Fidelity National Information Services,Financials,Transaction & Payment Processing Services,67.79,90.1,63.0,67.77,67.31,67.19,67.45,73.01,73.98,73.83
FITB,Fifth Third Bancorp,Financials,Regional Banks,42.63,47.33,31.68,42.07,42.01,42.95,43.94,42.47,41.42,40.65
FSLR,First Solar,Information Technology,Semiconductors,241.41,248.04,116.56,229.92,231.42,229.72,215.33,192.9,184.95,170.98
FE,FirstEnergy,Utilities,Electric Utilities,46.64,48.2,36.81,46.95,47.07,46.62,44.8,42.78,42.57,41.3
FI,Fiserv,Financials,Transaction & Payment Processing Services,125.17,238.59,117.84,124.92,123.2,124.88,131.02,144.24,150.06,174.83
F,Ford Motor Company,Consumer Discretionary,Automobile Manufacturers,13.84,13.97,8.21,12.63,12.18,12.11,11.84,11.38,11.15,10.47
FTNT,Fortinet,Information Technology,Systems Software,85.56,114.82,70.12,84.96,84.22,84.76,81.97,90.85,93.41,95.95
FTV,Fortive,Industrials,Industrial Machinery & Supplies & Components,49.47,62.58,45.4,49.45,49.07,49.27,48.61,49.99,50.6,52.82
FOXA,Fox Corporation (Class A),Communication Services,Broadcasting,59.38,65.3,41.2,58.74,58.25,59.68,59.59,57.45,56.56,54.84
FOX,Fox Corporation (Class B),Communication Services,Broadcasting,52.9,59.29,37.77,52.56,52.16,53.57,53.87,52.28,51.62,50.48
BEN,Franklin Resources,Financials,Asset Management & Custody Banks,22.84,25.72,15.81,22.68,22.63,22.91,23.81,23.69,23.06,21.45
FCX,Freeport-McMoRan,Materials,Copper,41.37,48.78,27.35,41.38,41.59,40.83,42.38,42.53,41.63,39.8
GRMN,Garmin,Consumer Discretionary,Consumer Electronics,250.45,261.69,158.51,249.73,249.45,251.72,242.03,229.33,222.79,217.42
IT,Gartner,Information Technology,IT Consulting & Other Services,250.21,584.01,223.65,249.96,245.06,248.49,248.44,304.77,331.25,383.36
GE,GE Aerospace,Industrials,Aerospace & Defense,303.87,316.53,158.62,303.49,301.52,300.02,288.75,272.97,263.33,237.61
GEHC,GE HealthCare,Health Care,Health Care Equipment,78.14,94.71,57.59,76.62,74.79,74.81,74.77,74.25,73.54,76.31
GEV,GE Vernova,Industrials,Heavy Electrical Equipment,584.39,677.01,251.84,586.99,604.43,607.0,611.2,585.44,554.78,474.63
GEN,Gen Digital,Information Technology,Systems Software,27.22,32.09,22.55,27.14,26.92,27.31,28.83,29.27,28.93,28.01
GNRC,Generac,Industrials,Electrical Components & Equipment,191.95,203.25,99.5,190.47,188.51,178.31,181.71,168.09,158.92,149.9
GD,General Dynamics,Industrials,Aerospace & Defense,350.77,360.22,235.63,341.68,337.21,338.46,328.16,311.92,304.01,286.99
GIS,General Mills,Consumer Staples,Packaged Foods & Meats,47.41,66.01,47.27,48.38,48.25,48.89,49.06,49.8,50.47,53.09
GM,General Motors,Consumer Discretionary,Automobile Manufacturers,69.66,69.7,41.36,65.69,61.47,60.04,59.0,55.13,53.68,51.46
GPC,Genuine Parts Company,Consumer Discretionary,Distributors,130.93,143.1,102.41,132.67,132.91,134.76,136.84,131.36,129.35,124.64
GILD,Gilead Sciences,Health Care,Biotechnology,120.94,124.61,83.59,122.07,120.6,117.33,115.26,113.08,111.07,107.93
GPN,Global Payments,Financials,Transaction & Payment Processing Services,87.36,118.69,65.53,87.04,86.11,86.19,86.37,83.22,82.16,87.95
GL,Globe Life,Financials,Life & Health Insurance,133.62,147.54,99.43,135.28,135.92,137.04,139.3,132.82,130.39,127.28
GDDY,GoDaddy,Information Technology,Internet Services & Infrastructure,130.94,216.0,127.65,132.18,131.25,133.22,140.6,154.5,160.53,170.16
GS,Goldman Sachs,Financials,Investment Banking & Brokerage,783.88,825.25,434.87,760.31,763.59,774.92,766.42,726.03,697.23,650.6
HAL,Halliburton,Energy,Oil & Gas Equipment & Services,26.55,31.66,18.43,25.59,23.94,24.02,23.01,22.21,21.76,22.8
HIG,Hartford (The),Financials,Property & Casualty Insurance,125.11,135.17,103.64,124.84,126.12,129.23,130.77,127.67,127.55,122.67
HAS,Hasbro,Consumer Discretionary,Leisure Products,76.7,82.19,48.07,75.88,74.83,74.91,76.96,75.23,72.92,67.28
HCA,HCA Healthcare,Health Care,Health Care Facilities,447.04,461.56,288.25,438.71,428.86,427.47,414.39,392.17,387.17,363.68
DOC,Healthpeak Properties,Real Estate,Health Care REITs,18.76,21.81,16.17,18.64,18.44,18.65,18.16,17.7,17.53,18.07
HSIC,Henry Schein,Health Care,Health Care Distributors,63.84,82.49,60.56,63.82,63.38,64.41,66.7,68.73,68.92,70.02
HSY,Hershey Company (The),Consumer Staples,Packaged Foods & Meats,179.38,202.98,136.73,183.5,186.23,188.81,186.69,179.92,176.01,170.32
HPE,Hewlett Packard Enterprise,Information Technology,"Technology Hardware, Storage & Peripherals",23.5,26.44,11.82,23.18,23.62,24.26,23.71,21.7,20.77,19.79
HLT,Hilton Worldwide,Consumer Discretionary,"Hotels, Resorts & Cruise Lines",267.77,279.81,195.81,267.49,265.21,262.32,267.83,265.64,261.65,253.58
HOLX,Hologic,Health Care,Health Care Equipment,73.99,84.39,51.9,73.53,70.44,69.1,67.66,66.57,64.76,64.48
HD,Home Depot (The),Consumer Discretionary,Home Improvement Retail,386.68,429.19,322.47,388.09,387.51,389.38,401.88,385.01,380.81,378.6
HON,Honeywell,Industrials,Industrial Conglomerates,216.14,240.47,177.52,211.71,207.87,208.08,211.99,219.3,218.99,214.64
HRL,Hormel Foods,Consumer Staples,Packaged Foods & Meats,23.83,32.43,23.06,23.96,23.84,23.93,25.06,27.16,27.56,28.06
HST,Host Hotels & Resorts,Real Estate,Hotel & Resort REITs,16.49,18.32,11.93,16.61,16.47,16.57,16.79,16.22,15.92,15.57
HWM,Howmet Aerospace,Industrials,Aerospace & Defense,198.51,202.5,98.55,195.91,193.62,192.3,185.44,182.61,178.11,159.06
HPQ,HP Inc.,Information Technology,"Technology Hardware, Storage & Peripherals",27.66,38.25,20.76,27.79,27.8,27.23,27.53,26.21,26.25,27.24
HUBB,Hubbell Incorporated,Industrials,Industrial Machinery & Supplies & Components,434.39,475.24,297.55,431.45,429.2,424.43,430.91,422.18,412.59,396.59
HUM,Humana,Health Care,Managed Health Care,290.65,314.25,206.15,289.77,278.59,277.39,280.72,260.32,256.4,260.9
HBAN,Huntington Bancshares,Financials,Regional Banks,16.07,17.93,11.7,15.92,15.89,16.33,16.93,16.63,16.34,15.87
HII,Huntington Ingalls Industries,Industrials,Aerospace & Defense,299.91,301.74,155.93,289.39,287.44,286.41,277.41,263.1,255.59,231.78
IBM,IBM,Information Technology,IT Consulting & Other Services,307.46,310.75,197.92,289.13,283.7,284.97,266.1,268.75,265.82,256.18
IEX,IDEX Corporation,Industrials,Industrial Machinery & Supplies & Components,167.95,234.67,151.55,167.72,165.76,164.96,163.37,169.18,171.54,177.97
IDXX,Idexx Laboratories,Health Care,Health Care Equipment,640.85,688.12,356.14,638.75,637.59,633.02,638.48,597.02,577.09,521.29
ITW,Illinois Tool Works,Industrials,Industrial Machinery & Supplies & Components,245.75,273.07,212.05,253.13,250.21,253.19,258.21,254.82,252.19,250.37
INCY,Incyte,Health Care,Biotechnology,91.28,92.86,53.56,88.42,87.58,86.63,85.69,78.6,75.46,72.25
IR,Ingersoll Rand,Industrials,Industrial Machinery & Supplies & Components,79.78,105.95,65.58,79.26,77.93,79.82,79.86,81.62,81.38,82.11
PODD,Insulet Corporation,Health Care,Health Care Equipment,320.91,353.5,226.5,325.88,320.96,316.59,327.23,313.05,310.66,294.2
INTC,Intel,Information Technology,Semiconductors,38.28,41.12,17.67,37.92,37.34,36.84,30.38,26.01,24.96,23.68
ICE,Intercontinental Exchange,Financials,Financial Exchanges & Data,157.65,188.82,141.12,156.83,156.56,159.27,168.19,174.75,174.65,170.13
IFF,International Flavors & Fragrances,Materials,Specialty Chemicals,65.91,102.45,59.14,65.23,63.62,62.34,63.71,68.45,69.89,73.33
IP,International Paper,Materials,Paper & Plastic Packaging Products & Materials,48.87,58.71,42.44,48.3,47.4,46.86,47.13,47.88,47.61,49.19
IPG,Interpublic Group of Companies (The),Communication Services,Advertising,27.06,31.81,21.93,27.19,26.86,26.84,26.54,25.4,25.15,25.39
INTU,Intuit,Information Technology,Application Software,683.09,812.22,530.03,674.28,664.53,666.35,671.83,717.34,709.07,665.93
ISRG,Intuitive Surgical,Health Care,Health Care Equipment,546.51,616.0,425.0,509.21,473.45,458.32,458.23,484.89,496.95,512.29
IVZ,Invesco,Financials,Asset Management & Custody Banks,23.0,24.54,11.33,22.85,23.02,23.27,22.47,20.08,18.96,17.73
INVH,Invitation Homes,Real Estate,Single-Family Residential REITs,28.87,35.13,27.71,28.79,28.61,28.57,29.36,30.57,31.15,31.38
IQV,IQVIA,Health Care,Life Sciences Tools & Services,220.52,231.34,134.65,217.8,211.1,205.2,194.41,181.76,174.55,177.75
IRM,Iron Mountain,Real Estate,Other Specialized REITs,105.23,126.21,71.19,104.67,104.5,104.11,98.61,98.21,97.65,95.04
JBHT,J.B. Hunt,Industrials,Cargo Ground Transportation,165.11,198.61,122.01,166.97,158.56,148.37,143.52,144.3,143.14,147.68
JBL,Jabil,Information Technology,Electronic Manufacturing Services,212.44,237.14,108.57,204.58,204.94,206.18,210.3,211.09,201.08,181.45
JKHY,Jack Henry & Associates,Financials,Transaction & Payment Processing Services,155.83,194.68,144.12,156.11,154.72,151.69,155.99,165.59,168.07,169.88
J,Jacobs Solutions,Industrials,Construction & Engineering,159.59,168.44,104.68,161.01,158.91,156.14,150.56,143.09,139.38,133.91
JNJ,Johnson & Johnson,Health Care,Pharmaceuticals,190.4,194.48,137.37,192.28,191.97,189.8,182.12,170.9,167.01,161.99
JCI,Johnson Controls,Industrials,Building Products,112.94,113.38,67.78,110.76,109.71,109.06,107.8,106.6,104.19,95.36
JPM,JPMorgan Chase,Financials,Diversified Banks,300.44,316.47,200.22,297.71,300.04,303.98,302.21,292.7,285.44,270.8
K,Kellanova,Consumer Staples,Packaged Foods & Meats,83.03,83.11,76.48,83.02,82.96,82.78,80.42,79.89,80.17,80.4
KVUE,Kenvue,Consumer Staples,Personal Care Products,15.0,24.71,14.05,15.03,15.32,15.73,17.92,19.64,20.39,20.95
KDP,Keurig Dr Pepper,Consumer Staples,Soft Drinks & Non-alcoholic Beverages,27.16,35.86,25.03,27.5,27.33,26.48,27.98,30.53,31.04,31.57
KEY,KeyCorp,Financials,Regional Banks,17.82,19.41,12.43,17.55,17.48,17.92,18.45,17.89,17.4,16.8
KEYS,Keysight Technologies,Information Technology,Electronic Equipment & Instruments,169.47,186.2,121.43,166.93,165.23,168.41,168.67,166.02,164.19,161.93
KMB,Kimberly-Clark,Consumer Staples,Household Products,118.93,147.59,117.49,119.73,119.91,120.81,124.96,127.16,128.62,130.16
KIM,Kimco Realty,Real Estate,Retail REITs,22.34,24.7,17.52,22.24,21.88,21.64,21.83,21.43,21.24,21.06
KMI,Kinder Morgan,Energy,Oil & Gas Storage & Transportation,25.86,30.49,23.22,26.94,27.15,27.59,27.27,27.41,27.38,27.15
KKR,KKR & Co.,Financials,Asset Management & Custody Banks,121.24,169.7,85.9,121.86,121.53,123.88,134.01,135.42,132.33,130.83
KLAC,KLA Corporation,Information Technology,Semiconductor Materials & Equipment,1182.82,1191.26,548.81,1151.29,1109.96,1096.77,1003.16,949.18,908.52,831.17
KHC,Kraft Heinz,Consumer Staples,Packaged Foods & Meats,25.25,33.81,24.8,25.52,25.4,25.5,26.24,26.44,26.52,27.35
KR,Kroger,Consumer Staples,Food Retail,67.11,74.52,54.49,68.22,68.43,67.62,67.75,68.85,68.89,67.15
LHX,L3Harris,Industrials,Aerospace & Defense,293.2,308.12,190.25,291.66,290.96,295.38,284.89,271.86,262.85,242.39
LH,Labcorp,Health Care,Health Care Services,279.49,293.72,208.23,284.28,283.02,281.16,278.32,268.28,263.62,253.72
LRCX,Lam Research,Information Technology,Semiconductor Materials & Equipment,151.68,153.7,56.07,145.91,143.43,141.97,123.1,109.84,103.77,93.15
LW,Lamb Weston,Consumer Staples,Packaged Foods & Meats,66.38,82.35,47.25,65.32,64.85,63.42,58.91,56.18,55.36,55.14
LVS,Las Vegas Sands,Consumer Discretionary,Casinos & Gaming,57.6,58.29,29.84,53.09,50.67,51.77,53.29,50.39,48.32,45.48
LDOS,Leidos,Industrials,Diversified Support Services,189.96,200.78,122.65,190.69,188.22,190.61,185.34,172.42,168.28,157.08
LEN,Lennar,Consumer Discretionary,Homebuilding,127.57,171.44,97.13,127.23,124.75,124.42,129.08,120.99,118.25,118.36
LII,Lennox International,Industrials,Building Products,496.24,687.72,485.47,513.61,519.7,529.45,546.37,567.77,568.41,574.82
LLY,Lilly (Eli),Health Care,Pharmaceuticals,825.45,931.67,622.41,813.49,814.8,817.29,767.5,765.59,764.19,785.23
LIN,Linde plc,Materials,Industrial Gases,446.0,484.83,406.06,449.53,451.01,459.17,469.74,468.29,465.38,458.71
LYV,Live Nation Entertainment,Communication Services,Movies & Entertainment,152.86,175.25,112.88,155.27,154.52,155.59,161.74,155.15,152.0,145.54
LKQ,LKQ Corporation,Consumer Discretionary,Distributors,30.79,43.77,28.42,30.49,30.1,30.21,30.97,33.15,34.49,36.3
LMT,Lockheed Martin,Industrials,Aerospace & Defense,485.41,566.25,407.14,491.2,495.28,499.95,476.56,463.14,463.63,459.17
L,Loews Corporation,Financials,Multi-line Insurance,100.05,103.52,74.95,99.73,99.99,100.75,98.38,94.66,93.35,90.44
LOW,Lowe's,Consumer Discretionary,Home Improvement Retail,242.71,275.13,203.22,243.05,241.39,241.72,253.27,238.91,236.0,235.96
LULU,Lululemon Athletica,Consumer Discretionary,"Apparel, Accessories & Luxury Goods",178.17,423.32,159.25,177.87,172.74,173.95,179.92,204.6,224.28,267.48
LYB,LyondellBasell,Materials,Specialty Chemicals,47.59,82.47,44.87,46.09,46.22,47.33,51.18,54.36,54.49,59.25
MTB,M&T Bank,Financials,Regional Banks,185.23,219.44,148.52,182.44,182.63,187.21,193.42,191.57,188.75,185.29
MPC,Marathon Petroleum,Energy,Oil & Gas Refining & Marketing,196.22,201.61,113.82,189.97,186.58,188.75,183.15,175.58,171.09,160.1
MKTX,MarketAxess,Financials,Financial Exchanges & Data,170.55,292.5,161.61,171.56,171.57,171.81,179.19,195.7,200.27,203.6
MAR,Marriott International,Consumer Discretionary,"Hotels, Resorts & Cruise Lines",271.32,305.27,204.35,268.3,265.88,265.77,265.75,266.89,265.37,262.76
MMC,Marsh McLennan,Financials,Insurance Brokers,186.55,245.83,185.12,188.56,193.51,197.96,200.61,205.7,209.86,215.64
MLM,Martin Marietta Materials,Materials,Construction Materials,621.23,665.18,440.72,624.44,630.64,630.44,620.07,592.94,583.31,552.34
MAS,Masco,Industrials,Building Products,68.14,81.95,56.02,69.1,68.3,68.68,71.43,68.61,67.46,68.79
MA,Mastercard,Financials,Transaction & Payment Processing Services,573.67,600.98,463.61,571.44,565.8,568.88,578.57,571.1,570.64,558.0
MTCH,Match Group,Communication Services,Interactive Media & Services,32.62,38.99,26.09,32.92,32.68,33.29,35.66,34.16,33.18,32.48
MKC,McCormick & Company,Consumer Staples,Packaged Foods & Meats,66.85,84.63,63.22,67.49,66.76,66.7,67.5,69.77,70.46,72.77
MCD,McDonald's,Consumer Discretionary,Restaurants,305.79,322.65,271.85,307.62,306.15,302.36,306.02,301.57,303.49,301.54
MCK,McKesson Corporation,Health Care,Health Care Distributors,801.67,807.75,490.22,793.07,787.01,771.75,728.61,718.8,716.67,686.48
MDT,Medtronic,Health Care,Health Care Equipment,93.67,99.37,77.57,95.11,95.38,95.88,94.34,91.63,89.95,88.98
MRK,Merck & Co.,Health Care,Pharmaceuticals,87.49,103.53,71.87,87.24,85.94,86.35,84.11,82.08,81.04,83.5
META,Meta Platforms,Communication Services,Interactive Media & Services,738.36,795.71,479.11,734.24,724.21,723.01,742.79,732.07,710.1,675.15
MET,MetLife,Financials,Life & Health Insurance,78.68,87.17,64.24,78.63,79.48,80.69,80.28,78.86,78.63,78.95
MTD,Mettler Toledo,Health Care,Life Sciences Tools & Services,1434.32,1454.68,946.69,1399.27,1359.7,1324.23,1297.17,1254.63,1229.06,1226.07
MGM,MGM Resorts,Consumer Discretionary,Casinos & Gaming,32.81,42.54,25.3,32.67,32.28,33.02,35.12,35.36,34.77,33.92
MCHP,Microchip Technology,Information Technology,Semiconductors,63.17,77.17,33.63,65.47,65.2,65.09,65.25,67.15,64.71,59.6
MU,Micron Technology,Information Technology,Semiconductors,219.02,219.82,61.44,206.65,200.99,192.08,159.4,138.19,128.68,114.23
MSFT,Microsoft,Information Technology,Systems Software,523.61,554.54,343.59,519.83,516.54,518.08,511.72,505.79,493.41,457.36
MAA,Mid-America Apartment Communities,Real Estate,Multi-Family Residential REITs,133.99,168.08,131.17,133.81,133.05,134.09,137.95,141.7,144.58,148.02
MRNA,Moderna,Health Care,Biotechnology,26.74,57.69,23.15,26.91,26.84,27.06,26.02,27.58,27.3,29.31
MHK,Mohawk Industries,Consumer Discretionary,Home Furnishings,119.9,153.72,96.24,127.36,126.36,125.81,129.4,120.3,117.14,116.67
MOH,Molina Healthcare,Health Care,Managed Health Care,163.32,359.97,151.95,182.75,187.65,192.55,183.91,205.46,227.35,258.32
TAP,Molson Coors Beverage Company,Consumer Staples,Brewers,45.44,63.47,43.8,46.16,46.43,46.17,47.72,48.58,49.75,52.44
MDLZ,Mondelez International,Consumer Staples,Packaged Foods & Meats,60.77,70.58,52.78,61.66,61.73,61.9,61.92,64.02,64.31,63.36
MPWR,Monolithic Power Systems,Information Technology,Semiconductors,1074.91,1091.91,437.16,1041.47,1019.67,977.29,906.44,822.21,790.58,720.01
MNST,Monster Beverage,Consumer Staples,Soft Drinks & Non-alcoholic Beverages,69.69,70.72,45.7,69.59,69.28,68.59,65.71,63.66,63.31,59.7
MCO,Moody's Corporation,Financials,Financial Exchanges & Data,490.82,528.95,377.3,480.46,477.54,480.91,493.49,495.53,491.02,482.12
MS,Morgan Stanley,Financials,Investment Banking & Brokerage,163.86,166.77,92.93,160.5,159.43,158.1,154.6,146.58,142.11,134.61
MOS,Mosaic Company (The),Materials,Fertilizers & Agricultural Chemicals,29.98,37.97,21.99,29.61,29.75,31.97,32.76,34.0,33.87,30.94
MSI,Motorola Solutions,Information Technology,Communications Equipment,438.98,502.83,387.0,445.44,446.52,451.32,462.3,443.13,438.05,437.44
MSCI,MSCI Inc.,Financials,Financial Exchanges & Data,542.29,636.39,483.67,539.14,541.47,551.53,560.89,560.56,560.02,562.04
NDAQ,"Nasdaq, Inc.",Financials,Financial Exchanges & Data,88.44,97.36,64.46,88.77,88.9,88.74,91.12,90.65,88.54,84.05
NTAP,NetApp,Information Technology,"Technology Hardware, Storage & Peripherals",116.64,132.76,71.18,117.5,118.69,118.68,117.91,111.17,108.15,105.79
NFLX,Netflix,Communication Services,Movies & Entertainment,1094.69,1341.15,744.26,1160.91,1182.52,1186.85,1207.82,1219.3,1209.27,1115.4
NEM,Newmont,Materials,Gold,83.37,98.58,36.35,88.1,90.31,88.27,81.01,70.65,66.93,58.96
NWSA,News Corp (Class A),Communication Services,Publishing,26.32,31.61,23.3,26.36,26.3,27.27,28.75,28.85,28.66,28.16
NWS,News Corp (Class B),Communication Services,Publishing,30.15,35.47,26.17,30.02,29.85,30.83,32.45,32.88,32.77,32.15
NEE,NextEra Energy,Utilities,Multi-Utilities,84.41,86.74,60.75,83.85,84.36,82.43,76.6,74.32,73.17,71.35
NKE,"Nike, Inc.",Consumer Discretionary,"Apparel, Accessories & Luxury Goods",69.11,81.06,51.67,68.77,68.15,69.2,72.27,71.22,68.91,68.74
NI,NiSource,Utilities,Multi-Utilities,43.63,44.52,33.4,43.84,43.49,43.44,42.23,41.35,40.85,39.85
NDSN,Nordson Corporation,Industrials,Industrial Machinery & Supplies & Components,235.9,262.94,163.83,235.88,234.05,232.51,226.76,221.16,216.33,211.33
NSC,Norfolk Southern,Industrials,Rail Transportation,280.5,302.24,199.43,286.78,288.17,292.71,285.81,275.29,267.11,255.12
NTRS,Northern Trust,Financials,Asset Management & Custody Banks,126.03,135.48,80.54,126.72,126.89,129.22,129.26,125.46,120.77,113.13
NOC,Northrop Grumman,Industrials,Aerospace & Defense,605.58,640.9,420.66,601.83,605.74,610.86,593.88,560.78,543.68,519.83
NCLH,Norwegian Cruise Line Holdings,Consumer Discretionary,"Hotels, Resorts & Cruise Lines",23.47,29.29,14.21,23.55,23.39,23.69,24.56,23.22,22.15,22.16
NRG,NRG Energy,Utilities,Independent Power Producers & Energy Traders,170.36,175.96,79.04,165.04,166.96,165.76,159.31,157.22,154.08,133.63
NUE,Nucor,Materials,Steel,138.7,167.56,96.79,138.19,136.76,136.6,140.03,137.02,132.57,129.19
NVDA,Nvidia,Information Technology,Semiconductors,186.26,195.62,86.61,182.5,182.57,184.67,179.59,171.15,162.28,146.56
NVR,"NVR, Inc.",Consumer Discretionary,Homebuilding,7430.92,9573.04,6562.85,7656.14,7649.28,7782.22,8021.01,7784.94,7657.97,7585.28
NXPI,NXP Semiconductors,Information Technology,Semiconductors,219.16,251.87,146.73,219.84,218.1,220.99,224.57,221.24,215.94,210.53
ORLY,O’Reilly Automotive,Consumer Discretionary,Automotive Retail,97.27,108.72,76.22,99.81,100.98,102.42,103.54,98.84,97.37,94.1
OXY,Occidental Petroleum,Energy,Oil & Gas Exploration & Production,42.57,52.36,34.4,41.82,41.76,43.61,45.06,44.4,43.73,44.56
ODFL,Old Dominion,Industrials,Cargo Ground Transportation,136.12,231.78,133.69,139.61,138.09,139.42,144.36,151.82,153.8,161.47
OMC,Omnicom Group,Communication Services,Advertising,79.0,103.32,67.76,79.49,78.66,78.56,77.65,74.81,74.62,76.37
ON,ON Semiconductor,Information Technology,Semiconductors,50.71,76.06,31.04,52.88,51.99,50.52,50.11,52.24,50.25,48.71
OKE,Oneok,Energy,Oil & Gas Storage & Transportation,68.61,113.92,66.56,69.09,68.88,70.56,72.34,75.93,77.06,83.08
ORCL,Oracle Corporation,Information Technology,Application Software,283.33,345.12,117.98,277.68,290.33,289.08,274.6,250.41,231.47,202.48
OTIS,Otis Worldwide,Industrials,Industrial Machinery & Supplies & Components,91.95,105.86,83.85,92.11,91.4,91.22,89.39,91.6,92.49,94.07
PCAR,Paccar,Industrials,Construction Machinery & Heavy Transportation Equipment,100.13,114.66,84.08,99.33,97.01,97.11,98.48,97.18,96.27,98.01
PKG,Packaging Corporation of America,Materials,Paper & Plastic Packaging Products & Materials,204.83,244.78,170.61,208.17,207.77,210.59,210.73,203.18,199.89,200.98
PLTR,Palantir Technologies,Information Technology,Application Software,184.63,190.0,40.9,180.74,179.65,180.45,171.76,160.66,153.11,129.3
PANW,Palo Alto Networks,Information Technology,Systems Software,217.11,218.23,144.15,214.15,211.17,210.39,200.52,196.39,195.02,189.7
PSKY,Paramount Skydance Corporation,Communication Services,Movies & Entertainment,16.72,20.86,9.92,16.65,16.88,17.74,16.88,14.66,14.08,12.96
PH,Parker Hannifin,Industrials,Industrial Machinery & Supplies & Components,772.0,779.77,485.92,755.49,744.02,747.57,750.57,726.14,710.75,680.5
PAYX,Paychex,Industrials,Human Resource & Employment Services,124.6,160.03,119.02,126.02,126.67,126.14,131.34,138.4,141.12,142.49
PAYC,Paycom,Industrials,Human Resource & Employment Services,199.51,267.33,161.57,202.01,201.26,202.64,214.4,224.05,229.06,222.41
PYPL,PayPal,Financials,Transaction & Payment Processing Services,69.77,93.66,55.85,69.35,68.62,69.77,68.92,70.78,70.68,71.69
PNR,Pentair,Industrials,Industrial Machinery & Supplies & Components,109.73,113.95,73.85,109.62,109.51,110.11,109.35,106.0,104.02,99.36
PEP,PepsiCo,Consumer Staples,Soft Drinks & Non-alcoholic Beverages,151.55,167.52,125.14,152.58,152.09,147.15,145.6,140.58,138.24,140.3
PFE,Pfizer,Health Care,Pharmaceuticals,24.76,27.69,20.18,24.74,24.61,25.27,24.88,24.55,24.18,24.23
PCG,PG&E Corporation,Utilities,Multi-Utilities,16.4,21.59,12.95,16.54,16.47,16.15,15.48,14.82,15.26,15.7
PM,Philip Morris International,Consumer Staples,Tobacco,157.62,183.57,113.18,156.45,157.25,157.22,161.27,167.19,167.86,158.91
PSX,Phillips 66,Energy,Oil & Gas Refining & Marketing,134.98,142.35,89.26,132.23,130.9,131.98,131.25,126.58,123.68,120.68
PNW,Pinnacle West Capital,Utilities,Multi-Utilities,92.12,94.64,79.08,92.45,92.77,91.5,89.76,89.86,90.03,89.5
PNC,PNC Financial Services,Financials,Diversified Banks,186.44,208.54,141.09,182.73,182.87,188.15,195.35,190.54,186.12,182.16
POOL,Pool Corporation,Consumer Discretionary,Distributors,293.75,391.14,281.15,297.67,294.64,299.72,310.87,307.0,306.21,314.31
PPG,PPG Industries,Materials,Specialty Chemicals,103.5,127.64,89.08,103.14,101.72,102.21,106.82,109.24,109.35,109.62
PPL,PPL Corporation,Utilities,Electric Utilities,37.35,38.27,30.49,37.53,37.57,37.29,36.56,35.61,35.4,34.76
PFG,Principal Financial Group,Financials,Life & Health Insurance,79.62,87.76,67.06,79.31,79.54,81.2,80.65,79.13,78.66,78.89
PG,Procter & Gamble,Consumer Staples,Personal Care Products,152.49,177.66,146.97,152.1,150.56,151.21,154.6,155.79,157.02,160.01
PGR,Progressive Corporation,Financials,Property & Casualty Insurance,219.09,292.65,217.2,220.66,225.38,234.51,241.06,247.83,254.62,258.29
PLD,Prologis,Real Estate,Industrial REITs,126.43,127.5,83.8,126.26,122.75,119.03,114.61,110.36,109.27,109.41
PRU,Prudential Financial,Financials,Life & Health Insurance,102.18,125.75,88.12,101.88,101.8,102.3,104.55,104.02,103.63,104.99
PEG,Public Service Enterprise Group,Utilities,Electric Utilities,83.11,92.35,73.5,83.52,83.56,82.72,82.27,82.8,81.86,81.6
PTC,PTC Inc.,Information Technology,Application Software,204.81,219.69,133.38,204.59,203.51,202.99,206.47,197.51,191.25,181.38
PSA,Public Storage,Real Estate,Self-Storage REITs,302.24,342.02,251.43,307.89,305.66,298.66,290.93,288.65,290.11,289.6
PHM,PulteGroup,Consumer Discretionary,Homebuilding,120.53,141.88,87.74,121.63,122.65,126.65,130.19,120.51,116.62,112.22
PWR,Quanta Services,Industrials,Construction & Engineering,440.93,446.94,226.97,431.73,432.95,427.79,401.21,391.49,379.66,342.65
QCOM,Qualcomm,Information Technology,Semiconductors,168.94,178.09,119.4,168.82,165.81,165.77,163.11,158.69,156.08,155.71
DGX,Quest Diagnostics,Health Care,Health Care Services,182.18,197.55,146.3,184.33,185.35,183.93,182.41,177.82,176.97,171.97
RL,Ralph Lauren Corporation,Consumer Discretionary,"Apparel, Accessories & Luxury Goods",335.67,341.9,175.49,334.41,327.66,323.38,311.24,296.99,289.54,269.45
RJF,Raymond James Financial,Financials,Investment Banking & Brokerage,162.44,177.15,116.85,164.86,163.21,165.11,166.92,161.9,158.64,154.75
RTX,RTX Corporation,Industrials,Aerospace & Defense,178.65,180.5,111.21,173.96,166.01,165.9,160.98,154.63,149.92,140.81
O,Realty Income,Real Estate,Retail REITs,59.99,61.15,49.31,60.23,59.74,59.73,59.16,57.8,57.23,55.96
REG,Regency Centers,Real Estate,Retail REITs,72.64,75.93,62.21,72.42,72.18,71.91,71.52,70.88,70.89,70.75
REGN,Regeneron Pharmaceuticals,Health Care,Biotechnology,577.95,955.5,475.77,578.9,574.85,576.93,576.3,558.09,560.86,596.74
RF,Regions Financial Corporation,Financials,Regional Banks,24.57,27.61,17.36,24.24,24.26,25.03,26.01,24.96,24.18,23.28
RSG,Republic Services,Industrials,Environmental & Facilities Services,223.09,257.43,195.57,222.11,221.71,223.3,227.33,234.44,237.33,233.9
RMD,ResMed,Health Care,Health Care Equipment,259.49,293.81,199.07,266.17,268.17,272.47,275.38,269.12,264.1,250.61
RVTY,Revvity,Health Care,Health Care Equipment,98.89,129.14,81.3,96.87,94.57,92.52,89.32,91.93,91.98,98.83
ROK,Rockwell Automation,Industrials,Electrical Components & Equipment,356.48,361.5,213.27,354.18,350.19,348.04,345.81,341.35,331.34,306.51
ROL,"Rollins, Inc.",Industrials,Environmental & Facilities Services,56.6,59.12,44.94,56.5,56.26,57.15,56.92,56.81,56.76,54.66
ROP,Roper Technologies,Information Technology,Electronic Equipment & Instruments,478.8,592.47,456.99,497.62,501.9,503.77,512.09,533.26,540.31,547.81
ROST,Ross Stores,Consumer Discretionary,Apparel Retail,156.75,158.03,121.69,156.66,156.19,154.02,150.48,142.82,143.08,140.9
RCL,Royal Caribbean Group,Consumer Discretionary,"Hotels, Resorts & Cruise Lines",316.45,365.38,163.05,314.19,310.1,312.67,327.88,318.83,303.12,273.78
SPGI,S&P Global,Financials,Financial Exchanges & Data,489.45,578.04,425.6,482.65,480.74,481.96,514.12,521.09,518.73,511.46
CRM,Salesforce,Information Technology,Application Software,254.83,366.78,226.09,256.84,249.84,245.42,246.09,253.34,257.98,271.61
SBAC,SBA Communications,Real Estate,Telecom Tower REITs,198.68,242.78,185.45,197.52,195.49,193.07,199.71,214.02,217.61,214.88
SLB,Schlumberger,Energy,Oil & Gas Equipment & Services,35.83,43.66,30.61,34.74,33.67,33.87,34.52,34.41,34.28,36.02
STX,Seagate Technology,Information Technology,"Technology Hardware, Storage & Peripherals",234.12,264.83,62.66,220.91,220.65,228.18,204.06,173.51,159.54,132.96
SRE,Sempra,Utilities,Multi-Utilities,92.78,95.72,60.93,92.33,91.89,91.45,85.9,81.32,80.13,77.79
NOW,ServiceNow,Information Technology,Systems Software,930.17,1198.09,678.66,932.81,920.01,916.71,916.44,943.49,955.18,941.47
SHW,Sherwin-Williams,Materials,Specialty Chemicals,334.0,397.81,307.5,333.85,333.16,336.5,350.31,348.1,349.41,347.97
SPG,Simon Property Group,Real Estate,Retail REITs,178.09,188.43,132.99,178.79,177.95,179.97,179.13,170.08,167.57,166.14
SWKS,Skyworks Solutions,Information Technology,Semiconductors,74.04,94.69,47.01,75.27,74.65,75.07,75.54,73.84,72.7,71.33
SJM,J.M. Smucker Company (The),Consumer Staples,Packaged Foods & Meats,102.14,121.73,92.38,103.92,103.62,105.39,107.89,105.83,106.92,107.1
SW,Smurfit Westrock,Materials,Paper & Plastic Packaging Products & Materials,43.07,55.46,36.31,42.7,42.17,42.06,43.66,44.04,43.79,45.1
SNA,Snap-on,Industrials,Industrial Machinery & Supplies & Components,343.93,366.68,286.03,344.04,340.57,340.72,334.46,326.05,324.27,326.3
SOLV,Solventum,Health Care,Health Care Technology,71.44,85.92,60.7,72.45,71.98,72.37,72.58,73.34,72.85,72.91
SO,Southern Company,Utilities,Electric Utilities,95.88,100.84,78.5,96.84,97.79,96.62,94.27,92.95,92.05,89.83
LUV,Southwest Airlines,Industrials,Passenger Airlines,32.2,37.75,23.55,33.34,33.24,32.73,32.28,32.51,32.19,31.31
SWK,Stanley Black & Decker,Industrials,Industrial Machinery & Supplies & Components,70.21,100.58,52.62,69.96,68.48,70.53,73.56,71.02,69.61,72.16
SBUX,Starbucks,Consumer Discretionary,Restaurants,86.09,115.87,74.48,85.49,84.12,83.53,85.06,88.5,87.49,91.34
STT,State Street Corporation,Financials,Asset Management & Custody Banks,116.12,118.24,71.77,114.72,114.42,114.97,113.34,109.32,106.14,100.15
STLD,Steel Dynamics,Materials,Steel,152.95,156.24,102.41,150.47,147.63,145.23,137.52,133.39,132.83,129.57
STE,Steris,Health Care,Health Care Equipment,240.76,253.0,199.47,241.85,239.98,240.93,244.62,239.27,238.48,231.46
SYK,Stryker Corporation,Health Care,Health Care Equipment,381.79,403.95,327.71,382.84,376.25,372.39,379.15,382.43,382.1,378.64
SMCI,Supermicro,Information Technology,"Technology Hardware, Storage & Peripherals",48.29,66.44,17.25,51.71,52.64,52.84,47.51,48.12,46.2,42.75
SYF,Synchrony Financial,Financials,Consumer Finance,74.84,77.41,40.15,73.47,72.44,71.62,73.49,70.29,67.61,63.84
SNPS,Synopsys,Information Technology,Application Software,464.18,651.73,365.74,457.39,450.25,463.77,509.85,532.43,523.37,502.74
SYY,Sysco,Consumer Staples,Food Distributors,77.35,83.13,66.22,78.64,79.05,79.84,80.15,78.45,76.91,74.87
TMUS,T-Mobile US,Communication Services,Wireless Telecommunication Services,217.77,274.51,206.21,224.87,226.12,228.32,239.17,237.14,238.08,241.95
TROW,T. Rowe Price,Financials,Asset Management & Custody Banks,103.55,119.7,75.88,103.46,104.13,103.91,104.82,102.0,99.87,98.84
TTWO,Take-Two Interactive,Communication Services,Interactive Home Entertainment,255.12,264.79,158.65,257.56,258.43,257.84,247.73,240.51,238.08,225.01
TPR,"Tapestry, Inc.",Consumer Discretionary,"Apparel, Accessories & Luxury Goods",114.71,118.56,42.3,115.68,115.88,114.85,109.1,102.39,97.4,88.2
TRGP,Targa Resources,Energy,Oil & Gas Storage & Transportation,153.77,215.2,144.14,153.48,151.56,157.82,162.21,164.83,164.26,174.09
TGT,Target Corporation,Consumer Staples,Consumer Staples Merchandise Retail,94.26,152.54,85.36,93.69,91.66,90.3,92.11,96.22,95.91,102.61
TEL,TE Connectivity,Information Technology,Electronic Manufacturing Services,235.65,237.63,115.38,230.6,226.29,223.52,215.02,198.0,189.55,172.09
TDY,Teledyne Technologies,Information Technology,Electronic Equipment & Instruments,532.09,595.99,419.0,551.62,558.66,570.55,558.84,542.35,531.38,515.21
TER,Teradyne,Information Technology,Semiconductor Materials & Equipment,144.28,150.71,65.6,142.14,140.53,140.92,127.64,110.98,104.56,103.18
TSLA,"Tesla, Inc.",Consumer Discretionary,Automobile Manufacturers,433.72,488.54,212.11,442.34,438.0,438.37,398.0,358.68,351.44,335.78
TXN,Texas Instruments,Information Technology,Semiconductors,169.13,220.1,137.77,174.49,174.88,177.5,185.37,192.35,189.1,184.26
TPL,Texas Pacific Land Corporation,Energy,Oil & Gas Exploration & Production,928.63,1759.83,844.11,931.04,925.89,933.59,921.47,966.78,1032.97,1140.63
TXT,Textron,Industrials,Aerospace & Defense,81.22,89.19,57.67,81.74,81.97,83.57,82.29,81.08,79.54,76.91
TMO,Thermo Fisher Scientific,Health Care,Life Sciences Tools & Services,572.5,609.27,385.11,562.69,546.74,534.61,503.66,467.91,456.28,478.35
TJX,TJX Companies,Consumer Discretionary,Apparel Retail,141.91,146.46,110.34,142.92,143.17,142.66,140.26,132.92,132.11,128.15
TKO,TKO Group Holdings,Communication Services,Movies & Entertainment,186.85,212.49,113.01,186.73,188.05,192.29,192.67,181.58,177.52,167.65
TTD,Trade Desk (The),Communication Services,Advertising,52.0,141.53,42.96,53.29,51.94,51.85,50.65,62.67,64.0,69.5
TSCO,Tractor Supply,Consumer Discretionary,Other Specialty Retail,56.28,63.75,46.46,55.5,55.41,55.32,58.16,56.83,55.52,54.72
TT,Trane Technologies,Industrials,Building Products,425.87,475.11,296.82,418.56,418.98,420.31,416.18,425.34,423.05,396.36
TDG,TransDigm Group,Industrials,Aerospace & Defense,1359.3,1519.36,1107.45,1330.87,1301.29,1295.45,1295.66,1351.26,1347.72,1311.35
TRV,Travelers Companies (The),Financials,Property & Casualty Insurance,269.89,287.95,227.43,268.41,268.11,273.68,273.59,267.66,267.74,260.29
TRMB,Trimble Inc.,Information Technology,Electronic Equipment & Instruments,81.42,87.5,52.91,79.89,78.85,79.39,80.39,79.57,77.43,74.2
TFC,Truist Financial,Financials,Diversified Banks,44.19,47.46,32.72,43.74,43.25,44.09,45.01,43.83,42.89,42.33
TYL,Tyler Technologies,Information Technology,Application Software,508.66,661.31,483.56,513.38,508.39,507.41,532.81,554.76,556.45,567.34
TSN,Tyson Foods,Consumer Staples,Packaged Foods & Meats,51.38,63.75,51.04,52.15,52.31,52.97,54.47,54.48,54.71,55.98
USB,U.S. Bancorp,Financials,Diversified Banks,48.26,51.66,34.43,47.62,46.92,47.22,47.72,46.23,45.38,44.42
UBER,Uber,Industrials,Passenger Ground Transportation,94.07,101.99,59.33,93.52,93.53,95.46,95.4,92.63,91.37,84.32
UDR,"UDR, Inc.",Real Estate,Multi-Family Residential REITs,36.24,44.96,35.21,36.4,36.27,36.15,37.16,38.38,38.86,39.72
ULTA,Ulta Beauty,Consumer Discretionary,Other Specialty Retail,517.66,572.23,309.01,522.22,530.43,543.75,532.06,509.45,490.1,446.77
UNP,Union Pacific Corporation,Industrials,Rail Transportation,216.61,252.32,202.16,223.15,224.45,229.1,224.66,225.01,223.87,227.06
UAL,United Airlines Holdings,Industrials,Passenger Airlines,99.31,116.0,52.0,98.53,99.64,98.24,101.68,93.37,89.99,88.84
UPS,United Parcel Service,Industrials,Air Freight & Logistics,87.22,136.36,82.0,87.26,85.97,85.57,85.5,90.48,91.31,98.11
URI,United Rentals,Industrials,Trading Companies & Distributors,913.33,1021.47,523.58,964.34,980.28,976.2,955.31,874.68,837.28,771.13
UNH,UnitedHealth Group,Health Care,Managed Health Care,362.5,617.34,233.13,362.86,360.73,358.73,337.57,312.0,316.49,386.54
UHS,Universal Health Services,Health Care,Health Care Facilities,210.68,234.15,152.16,208.75,205.91,205.02,194.16,183.79,184.38,182.78
VLO,Valero Energy,Energy,Oil & Gas Refining & Marketing,171.05,178.43,97.37,164.78,162.27,163.34,158.69,148.43,143.7,137.02
VTR,Ventas,Real Estate,Health Care REITs,70.39,72.02,55.47,70.51,69.7,69.35,68.36,66.41,65.99,65.16
VLTO,Veralto,Industrials,Environmental & Facilities Services,104.65,114.5,83.69,104.22,103.11,104.1,105.62,103.96,102.92,100.76
VRSN,Verisign,Information Technology,Internet Services & Infrastructure,247.08,309.71,174.64,256.6,260.24,266.07,273.59,276.72,276.97,260.34
VRSK,Verisk Analytics,Industrials,Research & Consulting Services,234.94,321.9,228.09,235.9,237.03,241.78,253.1,274.64,280.97,283.72
VZ,Verizon,Communication Services,Integrated Telecommunication Services,38.82,45.09,35.79,39.62,39.97,40.81,42.26,41.95,41.99,41.35
VRTX,Vertex Pharmaceuticals,Health Care,Biotechnology,421.39,519.88,362.5,423.17,416.87,411.45,398.99,422.47,428.24,445.48
VTRS,Viatris,Health Care,Pharmaceuticals,10.35,13.04,6.68,10.35,10.18,10.08,10.14,9.59,9.37,9.38
VICI,Vici Properties,Real Estate,Hotel & Resort REITs,31.19,33.54,26.86,31.26,31.12,31.61,32.16,32.2,31.92,31.2
V,Visa Inc.,Financials,Transaction & Payment Processing Services,347.38,374.85,278.82,346.06,344.5,345.69,344.7,347.76,349.28,344.46
VST,Vistra Corp.,Utilities,Electric Utilities,201.47,219.82,90.3,191.89,199.71,200.53,199.53,195.05,186.13,168.67
VMC,Vulcan Materials Company,Materials,Construction Materials,292.74,311.74,214.34,294.3,297.8,300.63,296.36,282.63,279.42,268.02
WRB,W. R. Berkley Corporation,Financials,Property & Casualty Insurance,75.03,78.48,55.38,74.75,75.38,76.13,73.95,72.29,72.28,68.7
GWW,W. W. Grainger,Industrials,Industrial Machinery & Supplies & Components,968.41,1219.65,889.92,968.59,960.57,958.1,981.41,1004.45,1016.58,1015.91
WAB,Wabtec,Industrials,Construction Machinery & Heavy Transportation Equipment,197.63,215.82,151.42,196.43,195.66,196.82,193.99,198.31,198.13,193.85
WBA,Walgreens Boots Alliance,Consumer Staples,Drug Retail,11.98,,,11.98,12.03,11.93,11.67,11.39,11.33,10.81
WMT,Walmart,Consumer Staples,Consumer Staples Merchandise Retail,106.17,109.58,79.43,106.69,106.6,104.52,102.25,99.83,99.31,96.82
DIS,Walt Disney Company (The),Communication Services,Movies & Entertainment,111.68,124.69,79.76,112.81,111.77,112.1,114.59,116.71,114.52,109.73
WBD,Warner Bros. Discovery,Communication Services,Broadcasting,21.15,21.57,7.25,20.32,19.23,18.93,16.41,14.0,13.03,11.88
WM,Waste Management,Industrials,Environmental & Facilities Services,214.66,240.84,197.52,215.5,215.52,217.2,219.57,224.62,226.04,224.61
WAT,Waters Corporation,Health Care,Life Sciences Tools & Services,359.5,423.56,275.05,351.25,342.76,331.1,311.19,315.99,322.9,341.99
WEC,WEC Energy Group,Utilities,Electric Utilities,115.83,118.19,89.63,116.64,116.5,115.27,111.34,108.56,108.0,105.7
WFC,Wells Fargo,Financials,Diversified Banks,86.41,87.47,57.76,85.11,84.27,82.62,81.8,80.22,78.88,76.3
WELL,Welltower,Real Estate,Health Care REITs,177.94,180.4,121.46,176.55,173.85,173.61,169.93,163.48,160.6,153.9
WST,West Pharmaceutical Services,Health Care,Health Care Supplies,297.47,351.24,187.09,287.2,276.04,271.38,259.21,244.23,237.68,244.35
WDC,Western Digital,Information Technology,"Technology Hardware, Storage & Peripherals",129.43,137.4,28.74,123.71,122.31,122.73,104.03,84.98,77.59,65.17
WY,Weyerhaeuser,Real Estate,Timber REITs,23.89,31.95,23.23,23.67,23.72,24.21,24.85,25.36,25.4,26.5
WSM,"Williams-Sonoma, Inc.",Consumer Discretionary,Homefurnishing Retail,189.09,217.31,123.45,189.17,188.76,190.31,194.94,184.33,179.96,179.69
WMB,Williams Companies,Energy,Oil & Gas Storage & Transportation,57.48,65.55,49.72,60.79,61.78,62.7,60.07,59.32,59.07,57.99
WTW,Willis Towers Watson,Financials,Insurance Brokers,328.34,352.79,284.36,330.79,333.15,338.63,335.18,321.56,318.88,320.22
WDAY,"Workday, Inc.",Information Technology,Application Software,242.75,294.0,205.33,243.15,238.61,237.83,233.54,234.58,238.83,242.37
WYNN,Wynn Resorts,Consumer Discretionary,Casinos & Gaming,125.57,134.23,64.93,122.69,119.39,122.8,122.07,111.59,107.1,97.85
XEL,Xcel Energy,Utilities,Multi-Utilities,80.39,83.01,60.62,80.68,80.85,80.81,75.98,72.63,71.93,70.14
XYL,Xylem Inc.,Industrials,Industrial Machinery & Supplies & Components,148.25,151.16,99.87,147.18,146.5,147.03,143.7,137.89,135.1,129.51
YUM,Yum! Brands,Consumer Discretionary,Restaurants,143.36,161.72,120.38,146.76,145.14,146.92,147.22,145.97,145.87,145.13
ZBRA,Zebra Technologies,Information Technology,Electronic Equipment & Instruments,308.82,427.76,205.73,306.6,298.45,297.59,307.45,311.39,305.15,307.85
ZBH,Zimmer Biomet,Health Care,Health Care Equipment,103.03,113.87,88.77,103.12,101.03,99.7,101.64,97.74,97.18,100.25
ZTS,Zoetis,Health Care,Pharmaceuticals,145.94,187.7,138.77,146.12,144.57,144.56,148.15,151.77,153.56,156.59
