Symbol,Company,GICS_Sector,GICS_Sub_Industry,Current_Price,High_52_Week,Low_52_Week,SMA5,SMA10,SMA20,SMA50,SMA200,Score,Target_Pcnt,Target_Price,Stop_Loss
MMM,3M,Industrials,Industrial Conglomerates,168.5,171.6,122.31,165.75,158.99,157.08,155.85,148.32,0.2,0.61,169.53,144.63
AOS,A. O. Smith,Industrials,Building Products,68.9,75.85,59.04,69.39,69.17,70.51,71.68,67.97,-0.2,7.98,74.4,66.62
ABT,Abbott Laboratories,Health Care,Health Care Equipment,126.85,138.33,109.61,127.64,128.73,130.82,131.59,129.45,-0.2,7.06,135.81,125.83
ABBV,AbbVie,Health Care,Biotechnology,227.99,242.63,159.42,229.67,228.72,229.78,219.28,195.31,0.2,4.25,237.68,221.88
ACN,Accenture,Information Technology,IT Consulting & Other Services,247.65,394.31,232.56,247.86,243.92,245.57,246.99,297.26,-0.2,3.04,255.18,235.97
ADBE,Adobe Inc.,Information Technology,Application Software,353.52,552.96,329.23,352.54,343.11,345.87,351.67,385.3,0.0,2.77,363.31,328.44
AMD,Advanced Micro Devices,Information Technology,Semiconductors,252.92,252.92,78.21,239.35,233.75,212.88,182.39,135.91,0.0,8.03,273.23,152.52
AES,AES Corporation,Utilities,Independent Power Producers & Energy Traders,14.55,16.13,9.5,14.35,14.47,14.37,13.61,11.79,-0.2,5.43,15.34,13.4
AFL,Aflac,Financials,Life & Health Insurance,107.18,113.07,97.56,107.91,108.56,110.11,108.63,105.07,0.0,6.38,114.02,106.21
A,Agilent Technologies,Health Care,Life Sciences Tools & Services,148.03,151.65,98.88,146.01,142.9,139.87,130.07,123.0,0.0,2.12,151.17,128.57
APD,Air Products,Materials,Industrial Gases,254.91,331.69,245.41,254.38,255.86,261.96,276.78,284.45,0.0,8.4,276.32,247.6
ABNB,Airbnb,Consumer Discretionary,"Hotels, Resorts & Cruise Lines",127.99,161.42,105.69,127.72,125.34,123.02,124.37,129.27,-0.2,1.18,129.5,116.53
AKAM,Akamai Technologies,Information Technology,Internet Services & Infrastructure,75.05,104.71,68.21,74.95,74.21,75.3,76.27,80.56,0.0,4.64,78.53,72.07
ALB,Albemarle Corporation,Materials,Specialty Chemicals,105.64,108.94,50.16,96.35,96.05,92.47,85.3,73.4,0.4,-2.29,103.22,81.72
ARE,Alexandria Real Estate Equities,Real Estate,Office REITs,77.41,112.76,65.57,77.12,76.1,78.0,80.11,80.62,0.0,9.75,84.96,71.05
ALGN,Align Technology,Health Care,Health Care Supplies,135.21,240.52,124.88,135.59,132.6,130.93,134.15,171.35,0.0,1.8,137.64,124.23
ALLE,Allegion,Industrials,Building Products,167.3,179.47,118.08,174.29,175.3,175.93,173.91,146.93,-0.2,8.43,181.4,170.45
LNT,Alliant Energy,Utilities,Electric Utilities,68.97,68.97,54.87,68.59,68.32,67.83,66.1,62.36,0.2,0.39,69.24,66.43
ALL,Allstate,Financials,Property & Casualty Insurance,193.19,214.65,178.34,193.99,197.63,204.07,204.14,197.89,-0.2,13.56,219.39,188.76
GOOGL,Alphabet Inc. (Class A),Communication Services,Interactive Media & Services,259.92,259.92,144.4,254.34,251.71,247.95,236.48,190.39,0.4,-0.43,258.8,237.11
GOOG,Alphabet Inc. (Class C),Communication Services,Interactive Media & Services,260.51,260.51,146.27,255.03,252.33,248.67,237.1,191.68,0.4,-0.42,259.42,237.92
MO,Altria,Consumer Staples,Tobacco,64.67,66.65,46.33,64.36,64.64,65.28,65.32,58.14,0.0,3.34,66.83,63.73
AMZN,Amazon,Consumer Discretionary,Broadline Retail,224.21,242.06,167.32,220.35,218.13,219.88,225.14,214.19,0.0,1.32,227.17,212.58
AMCR,Amcor,Materials,Paper & Plastic Packaging Products & Materials,8.14,10.7,7.82,8.16,8.12,8.09,8.26,9.14,-0.2,2.09,8.31,7.88
AEE,Ameren,Utilities,Multi-Utilities,104.28,105.69,83.42,104.92,104.85,104.32,101.7,97.46,0.2,1.64,105.99,102.65
AEP,American Electric Power,Utilities,Electric Utilities,115.98,118.53,87.97,116.94,117.34,116.1,112.33,105.24,0.2,4.1,120.74,111.46
AXP,American Express,Financials,Consumer Finance,357.56,357.56,230.22,353.84,342.56,335.31,329.41,300.44,0.2,0.77,360.31,310.33
AIG,American International Group,Financials,Multi-line Insurance,79.0,86.75,68.89,78.57,79.32,80.28,79.68,79.78,0.1,7.28,84.75,75.8
AMT,American Tower,Real Estate,Telecom Tower REITs,191.52,230.32,169.21,191.69,190.1,189.55,194.34,202.87,0.0,2.14,195.62,183.48
AWK,American Water Works,Utilities,Water Utilities,141.59,150.19,118.87,143.5,142.82,141.02,140.69,138.42,0.4,3.47,146.5,135.53
AMP,Ameriprise Financial,Financials,Asset Management & Custody Banks,479.18,569.83,419.45,476.42,476.97,484.12,494.25,505.38,0.0,4.78,502.08,466.14
AME,Ametek,Industrials,Electrical Components & Equipment,187.14,196.08,150.9,187.39,186.07,185.16,185.84,179.33,-0.2,1.61,190.15,180.16
AMGN,Amgen,Health Care,Biotechnology,291.76,321.88,252.22,297.02,296.33,294.15,287.86,287.43,0.0,5.14,306.76,281.55
APH,Amphenol,Information Technology,Electronic Components,133.82,135.31,58.9,130.03,127.53,125.61,119.28,90.65,0.4,-0.79,132.76,118.46
ADI,Analog Devices,Information Technology,Semiconductors,238.01,254.62,163.21,242.85,240.69,239.89,243.75,222.22,-0.2,4.95,249.79,229.99
AON,Aon plc,Financials,Insurance Brokers,337.73,407.61,334.44,341.94,346.91,354.18,360.77,367.03,-0.2,10.28,372.45,335.9
APA,APA Corporation,Energy,Oil & Gas Exploration & Production,23.83,24.84,13.47,23.18,22.91,23.45,22.88,19.86,0.2,6.55,25.39,21.51
APO,Apollo Global Management,Financials,Asset Management & Custody Banks,125.0,176.82,107.9,125.15,124.58,125.99,132.65,139.77,-0.2,7.68,134.6,117.39
AAPL,Apple Inc.,Information Technology,"Technology Hardware, Storage & Peripherals",262.82,262.82,172.0,261.17,255.04,255.03,244.14,222.16,0.2,0.97,265.37,244.7
AMAT,Applied Materials,Information Technology,Semiconductor Materials & Equipment,228.75,228.75,126.23,226.38,224.99,220.08,191.16,173.51,0.0,2.61,234.72,205.43
APP,AppLovin,Information Technology,Application Software,620.0,718.54,159.0,578.62,588.05,620.03,568.29,399.41,0.2,16.4,721.68,518.36
APTV,Aptiv,Consumer Discretionary,Automotive Parts & Equipment,86.19,87.98,47.92,84.93,83.9,84.71,82.49,68.74,0.0,2.91,88.7,80.71
ACGL,Arch Capital Group,Financials,Property & Casualty Insurance,87.15,101.78,84.99,87.43,88.4,89.9,90.4,91.24,0.0,8.57,94.62,85.18
ADM,Archer Daniels Midland,Consumer Staples,Agricultural Products & Services,63.33,64.21,41.01,62.53,62.58,61.75,61.61,52.28,0.0,1.64,64.37,59.12
ANET,Arista Networks,Information Technology,Communications Equipment,153.82,158.23,64.37,149.12,146.43,147.86,143.24,109.48,0.0,2.53,157.71,138.0
AJG,Arthur J. Gallagher & Co.,Financials,Insurance Brokers,280.73,347.33,274.22,280.91,286.31,296.67,298.08,313.44,-0.2,14.41,321.18,272.16
AIZ,Assurant,Financials,Multi-line Insurance,211.86,225.29,178.36,210.72,212.45,215.22,213.68,202.55,0.2,5.61,223.75,206.7
T,AT&T,Communication Services,Integrated Telecommunication Services,25.14,29.3,20.89,25.49,25.78,26.17,27.72,26.55,-0.2,10.38,27.75,24.59
ATO,Atmos Energy,Utilities,Gas Utilities,175.93,179.19,134.17,176.71,176.87,174.64,168.98,155.46,0.2,2.77,180.8,168.48
ADSK,Autodesk,Information Technology,Application Software,312.88,326.79,238.84,309.88,307.25,311.53,310.82,292.88,0.2,3.69,324.43,298.64
ADP,Automatic Data Processing,Industrials,Human Resource & Employment Services,280.94,323.5,273.96,282.69,282.94,286.68,292.72,299.49,-0.2,5.16,295.44,277.93
AZO,AutoZone,Consumer Discretionary,Automotive Retail,3805.56,4354.54,2981.19,3925.52,3984.67,4072.91,4139.03,3760.66,-0.2,13.94,4336.06,3809.81
AVB,AvalonBay Communities,Real Estate,Multi-Family Residential REITs,189.43,229.94,181.07,188.39,186.75,187.83,189.83,200.19,0.0,1.92,193.07,182.6
AVY,Avery Dennison,Materials,Paper & Plastic Packaging Products & Materials,181.59,203.83,157.49,174.14,166.67,164.17,166.56,174.31,0.0,-0.93,179.9,148.44
AXON,Axon Enterprise,Industrials,Aerospace & Defense,735.95,870.97,423.5,708.72,692.61,705.39,733.31,681.06,0.0,2.38,753.47,657.29
BKR,Baker Hughes,Energy,Oil & Gas Equipment & Services,47.3,50.55,34.6,47.3,46.11,47.21,46.48,42.29,0.2,7.1,50.66,43.75
BALL,Ball Corporation,Materials,"Metal, Glass & Plastic Containers",49.83,64.53,44.6,49.47,48.59,48.94,50.11,52.26,0.2,2.73,51.19,46.69
BAC,Bank of America,Financials,Diversified Banks,52.57,52.57,34.0,51.8,51.19,50.84,50.43,45.3,0.0,0.82,53.0,48.67
BAX,Baxter International,Health Care,Health Care Equipment,23.02,36.11,21.61,22.96,22.86,22.87,23.39,28.52,0.0,2.95,23.7,22.04
BDX,Becton Dickinson,Health Care,Health Care Equipment,185.83,245.13,163.27,188.1,187.67,188.9,189.67,196.57,0.0,4.67,194.51,183.29
BRK-B,Berkshire Hathaway,Financials,Multi-Sector Holdings,492.1,539.8,442.29,491.89,492.5,495.39,494.13,493.76,0.2,2.38,503.81,486.99
BBY,Best Buy,Consumer Discretionary,Computer & Electronics Retail,83.26,89.54,54.69,82.15,80.21,77.88,75.4,72.45,0.2,0.9,84.01,71.75
TECH,Bio-Techne,Health Care,Life Sciences Tools & Services,65.9,78.41,46.59,64.35,62.37,60.84,56.42,57.0,-0.1,1.82,67.1,54.57
BIIB,Biogen,Health Care,Biotechnology,149.89,185.01,113.38,148.11,145.95,148.04,143.16,135.14,-0.2,5.83,158.63,137.45
BLK,BlackRock,Financials,Asset Management & Custody Banks,1136.63,1202.59,807.61,1136.26,1156.58,1158.99,1138.23,1021.5,0.0,5.62,1200.51,1117.51
BX,Blackstone Inc.,Financials,Asset Management & Custody Banks,154.6,194.8,118.51,158.63,159.35,162.62,170.17,155.97,-0.2,12.56,174.02,151.21
XYZ,"Block, Inc.",Financials,Transaction & Payment Processing Services,79.54,98.92,46.53,77.65,76.53,76.68,76.37,69.52,0.0,2.11,81.22,72.14
BK,BNY Mellon,Financials,Asset Management & Custody Banks,107.99,109.75,72.47,107.44,107.22,107.07,106.0,91.73,-0.2,1.34,109.44,104.71
BA,Boeing,Industrials,Aerospace & Defense,221.35,237.38,136.59,217.96,215.85,216.7,221.68,198.71,0.0,0.93,223.41,210.0
BKNG,Booking Holdings,Consumer Discretionary,"Hotels, Resorts & Cruise Lines",5146.16,5805.92,4149.83,5179.62,5153.53,5236.62,5427.19,5165.79,0.2,7.13,5513.08,4960.11
BSX,Boston Scientific,Health Care,Health Care Equipment,101.11,108.14,83.62,101.56,99.37,97.99,101.11,101.72,0.0,1.58,102.71,93.27
BMY,Bristol Myers Squibb,Health Care,Pharmaceuticals,43.83,60.79,42.72,44.04,43.82,44.33,45.36,49.28,0.2,4.88,45.97,42.68
AVGO,Broadcom,Information Technology,Semiconductors,354.13,368.94,145.7,346.12,348.63,342.05,331.38,254.46,-0.2,1.58,359.73,324.39
BR,Broadridge Financial Solutions,Industrials,Data Processing & Outsourced Services,232.29,265.85,206.47,232.07,231.49,233.47,243.68,238.96,0.0,2.92,239.07,227.85
BRO,Brown & Brown,Financials,Insurance Brokers,88.0,124.07,87.42,88.35,90.03,92.28,93.54,105.61,-0.2,12.05,98.6,85.97
BF-B,Brown–Forman,Consumer Staples,Distillers & Vintners,27.95,47.66,25.45,28.36,28.04,27.75,28.21,30.73,-0.2,3.58,28.95,26.55
BLDR,Builders FirstSource,Industrials,Building Products,124.06,189.03,105.63,123.79,123.95,124.86,131.31,130.28,0.2,5.24,130.56,119.16
BG,Bunge Global,Consumer Staples,Agricultural Products & Services,97.8,97.8,67.23,96.39,93.13,87.85,84.39,78.03,0.0,3.66,101.38,74.32
BXP,"BXP, Inc.",Real Estate,Office REITs,74.18,83.19,55.53,72.75,71.76,72.82,72.58,67.94,0.2,3.61,76.86,68.78
CHRW,C.H. Robinson,Industrials,Air Freight & Logistics,126.06,137.09,85.99,126.87,126.81,129.58,129.13,105.62,0.0,8.45,136.71,122.45
CDNS,Cadence Design Systems,Information Technology,Application Software,345.1,373.37,231.64,335.19,330.84,338.96,346.98,307.99,0.2,4.31,359.97,317.94
CPT,Camden Property Trust,Real Estate,Multi-Family Residential REITs,105.06,122.47,101.67,104.19,103.08,103.52,106.03,111.31,0.0,1.36,106.49,100.54
CPB,Campbell's Company (The),Consumer Staples,Packaged Foods & Meats,30.93,45.59,29.8,31.09,30.73,30.87,31.85,34.2,-0.2,3.46,32.0,29.74
COF,Capital One,Financials,Consumer Finance,225.01,229.74,149.68,219.47,214.87,213.96,219.18,199.42,0.0,0.03,225.08,202.85
CAH,Cardinal Health,Health Care,Health Care Distributors,161.89,167.08,106.36,159.3,157.04,156.77,152.47,144.61,0.2,-0.54,161.02,152.52
KMX,CarMax,Consumer Discretionary,Automotive Retail,44.26,89.19,42.9,43.79,43.72,44.46,53.03,66.4,-0.2,5.63,46.75,42.17
CCL,Carnival,Consumer Discretionary,"Hotels, Resorts & Cruise Lines",29.4,32.49,16.43,29.53,29.01,28.85,30.18,25.54,0.0,2.07,30.01,27.69
CARR,Carrier Global,Industrials,Building Products,57.84,80.73,55.21,57.84,57.37,58.21,61.31,66.35,0.4,4.96,60.71,55.7
CAT,Caterpillar Inc.,Industrials,Construction Machinery & Heavy Transportation Equipment,522.73,539.41,270.85,522.59,523.97,505.98,462.95,382.99,0.0,4.6,546.78,465.18
CBOE,Cboe Global Markets,Financials,Financial Exchanges & Data,238.75,253.24,189.73,236.75,238.28,240.07,239.51,225.41,0.2,3.27,246.56,233.57
CBRE,CBRE Group,Real Estate,Real Estate Services,162.96,165.9,113.94,162.34,158.83,156.7,159.86,140.95,0.0,0.99,164.57,148.81
CDW,CDW Corporation,Information Technology,Technology Distributors,158.16,216.84,143.46,156.98,153.51,155.03,160.97,171.04,0.0,3.73,164.06,146.01
COR,Cencora,Health Care,Health Care Distributors,332.71,332.71,223.33,329.66,324.69,317.37,304.1,282.2,-0.2,0.67,334.94,299.79
CNC,Centene Corporation,Health Care,Managed Health Care,34.07,65.89,25.21,35.23,35.57,36.3,33.0,48.01,-0.3,14.03,38.85,33.74
CNP,CenterPoint Energy,Utilities,Multi-Utilities,39.53,40.22,27.88,39.89,39.73,39.37,38.53,36.27,0.2,2.25,40.42,38.31
CF,CF Industries,Materials,Fertilizers & Agricultural Chemicals,86.47,101.88,67.67,85.31,85.35,87.53,86.7,85.54,0.0,7.67,93.1,81.97
CRL,Charles River Laboratories,Health Care,Life Sciences Tools & Services,197.04,220.69,99.75,189.48,181.24,174.83,164.28,154.69,0.0,0.01,197.06,152.61
SCHW,Charles Schwab Corporation,Financials,Investment Banking & Brokerage,94.42,98.69,68.65,94.67,94.21,94.06,94.45,86.54,-0.2,1.91,96.22,91.91
CHTR,Charter Communications,Communication Services,Cable & Satellite,244.2,427.25,243.92,247.42,253.51,263.46,264.81,339.23,-0.2,17.89,287.89,239.03
CVX,Chevron Corporation,Energy,Integrated Oil & Gas,155.56,164.65,130.67,155.19,153.72,153.66,155.88,148.82,0.0,1.11,157.29,150.05
CMG,Chipotle Mexican Grill,Consumer Discretionary,Restaurants,41.19,66.16,38.58,41.72,41.7,41.07,41.02,49.02,0.1,4.3,42.96,39.18
CB,Chubb Limited,Financials,Property & Casualty Insurance,281.94,301.45,256.04,275.77,276.08,279.97,277.65,279.73,-0.1,3.83,292.74,267.19
CHD,Church & Dwight,Consumer Staples,Household Products,85.89,112.48,85.84,87.36,87.23,87.68,90.38,98.09,0.2,4.42,89.69,85.66
CI,Cigna,Health Care,Health Care Services,301.78,336.71,260.91,305.81,301.15,300.49,298.7,304.33,0.1,4.22,314.52,286.46
CINF,Cincinnati Financial,Financials,Property & Casualty Insurance,156.67,165.69,125.14,155.81,155.64,158.58,155.43,145.24,0.2,6.27,166.49,150.66
CTAS,Cintas,Industrials,Diversified Support Services,190.83,227.2,181.05,193.11,190.16,194.83,201.85,208.03,0.0,8.88,207.78,181.89
CSCO,Cisco,Information Technology,Communications Equipment,70.63,71.36,52.55,70.59,69.78,69.17,67.97,63.71,0.0,1.2,71.48,66.86
C,Citigroup,Financials,Diversified Banks,98.78,103.49,57.29,97.86,97.84,97.96,97.9,82.36,0.0,3.31,102.05,93.87
CFG,Citizens Financial Group,Financials,Regional Banks,52.18,54.0,33.59,50.98,50.63,51.65,51.56,44.79,0.0,5.04,54.81,48.48
CLX,Clorox,Consumer Staples,Household Products,115.85,163.6,115.61,117.47,117.66,118.87,120.04,131.51,0.0,5.77,122.53,115.2
CME,CME Group,Financials,Financial Exchanges & Data,269.54,288.01,211.73,268.5,267.95,267.44,266.21,262.93,0.0,1.32,273.1,261.77
CMS,CMS Energy,Utilities,Multi-Utilities,74.75,75.31,63.54,74.82,74.68,73.85,72.46,70.7,0.2,1.5,75.87,71.82
KO,Coca-Cola Company (The),Consumer Staples,Soft Drinks & Non-alcoholic Beverages,69.71,72.82,59.48,70.02,68.75,67.59,67.63,68.2,0.0,1.52,70.77,64.41
CTSH,Cognizant,Information Technology,IT Consulting & Other Services,67.86,89.65,65.47,67.94,67.16,67.28,69.02,75.43,-0.2,1.89,69.14,65.42
COIN,Coinbase,Financials,Financial Exchanges & Data,354.46,419.78,151.47,335.99,338.11,352.2,329.89,280.08,0.0,11.46,395.08,309.31
CL,Colgate-Palmolive,Consumer Staples,Household Products,78.0,97.39,76.47,78.73,78.18,78.13,80.88,86.63,0.2,2.56,80.0,76.26
CMCSA,Comcast,Communication Services,Cable & Satellite,29.28,43.5,29.26,29.5,29.54,30.1,31.69,33.61,0.0,7.48,31.47,28.73
CAG,Conagra Brands,Consumer Staples,Packaged Foods & Meats,18.29,28.08,18.04,18.53,18.45,18.59,18.81,21.82,0.2,5.25,19.25,17.94
COP,ConocoPhillips,Energy,Oil & Gas Exploration & Production,88.03,110.98,81.29,87.8,87.71,90.7,93.25,93.13,-0.2,10.95,97.67,83.73
ED,Consolidated Edison,Utilities,Multi-Utilities,100.04,111.42,85.77,101.21,101.33,100.57,99.29,100.53,-0.1,3.12,103.16,97.98
STZ,Constellation Brands,Consumer Staples,Distillers & Vintners,139.62,240.13,131.78,140.47,140.36,140.12,144.95,168.04,0.2,3.16,144.03,136.21
CEG,Constellation Energy,Utilities,Electric Utilities,389.19,403.95,170.52,366.77,379.13,368.4,338.67,293.65,0.0,4.55,406.9,329.89
COO,Cooper Companies (The),Health Care,Health Care Supplies,73.51,107.82,64.32,74.49,72.53,70.83,69.79,77.84,-0.1,2.87,75.62,66.05
CPRT,Copart,Industrials,Diversified Support Services,44.66,63.84,43.88,44.96,44.66,44.62,46.36,52.2,-0.2,1.88,45.5,43.74
GLW,Corning Inc.,Information Technology,Electronic Components,87.41,87.41,38.69,85.74,85.67,84.79,77.26,56.61,0.0,1.28,88.53,81.04
CPAY,Corpay,Financials,Transaction & Payment Processing Services,284.38,389.55,277.5,285.08,284.85,286.75,302.3,330.4,0.0,3.68,294.85,278.65
CTVA,Corteva,Materials,Fertilizers & Agricultural Chemicals,63.66,76.93,54.65,62.84,62.39,63.26,68.44,66.67,-0.2,5.09,66.9,59.62
CSGP,CoStar Group,Real Estate,Real Estate Services,77.89,96.83,69.29,76.91,75.9,78.68,84.25,80.85,-0.2,10.39,85.98,71.38
COST,Costco,Consumer Staples,Consumer Staples Merchandise Retail,932.14,1073.97,869.72,938.5,939.15,929.85,945.81,971.21,0.2,2.46,955.07,904.64
CTRA,Coterra,Energy,Oil & Gas Exploration & Production,23.55,29.06,21.94,23.47,23.23,23.45,23.74,25.2,0.0,3.57,24.39,22.51
CRWD,CrowdStrike,Information Technology,Systems Software,527.32,527.32,296.87,511.39,501.04,498.46,463.44,432.04,0.2,-0.91,522.52,474.4
CCI,Crown Castle,Real Estate,Telecom Tower REITs,98.49,112.64,81.15,98.4,97.9,96.9,96.64,96.91,-0.1,1.05,99.52,94.28
CSX,CSX Corporation,Industrials,Rail Transportation,36.13,36.67,26.47,36.0,36.05,35.91,34.39,32.19,0.0,1.52,36.68,35.13
CMI,Cummins,Industrials,Construction Machinery & Heavy Transportation Equipment,421.45,438.88,264.26,415.83,416.27,422.19,412.47,352.8,-0.4,4.39,439.95,404.4
CVS,CVS Health,Health Care,Health Care Services,81.93,82.37,41.98,81.7,80.79,78.5,74.89,65.23,0.0,2.03,83.59,73.41
DHR,Danaher Corporation,Health Care,Life Sciences Tools & Services,223.01,254.46,174.06,218.6,213.04,209.26,202.61,202.98,0.1,1.39,226.11,192.4
DRI,Darden Restaurants,Consumer Discretionary,Restaurants,184.82,222.41,154.1,186.82,187.01,187.96,196.46,198.43,0.2,4.64,193.4,182.53
DDOG,Datadog,Information Technology,Application Software,156.47,168.65,87.0,155.96,156.9,155.58,142.95,127.48,0.2,6.61,166.81,144.34
DVA,DaVita,Health Care,Health Care Services,129.19,177.35,123.91,128.55,127.04,128.37,132.0,143.48,0.0,3.51,133.72,123.01
DAY,Dayforce,Industrials,Human Resource & Employment Services,68.48,81.8,49.33,68.42,68.35,68.57,68.42,61.69,-0.2,1.01,69.17,67.97
DECK,Deckers Brands,Consumer Discretionary,Footwear,86.94,223.11,86.94,98.7,98.64,99.73,108.3,122.51,-0.4,23.26,107.16,92.3
DE,Deere & Company,Industrials,Agricultural & Farm Machinery,472.76,527.96,384.05,465.36,457.8,457.88,469.09,479.84,0.2,0.15,473.47,442.32
DELL,Dell Technologies,Information Technology,"Technology Hardware, Storage & Peripherals",158.64,163.95,70.63,151.95,151.39,149.49,137.08,115.22,0.0,2.31,162.3,136.68
DAL,Delta Air Lines,Industrials,Passenger Airlines,60.95,68.24,35.54,60.76,60.5,58.86,59.41,54.03,-0.2,2.99,62.77,54.95
DVN,Devon Energy,Energy,Oil & Gas Exploration & Production,32.97,38.93,26.43,32.56,32.51,33.58,34.29,33.36,0.0,9.55,36.12,31.04
DXCM,Dexcom,Health Care,Health Care Equipment,70.33,90.75,59.83,70.05,68.0,67.34,72.49,78.57,0.2,0.82,70.91,63.76
FANG,Diamondback Energy,Energy,Oil & Gas Exploration & Production,145.86,181.42,117.58,143.61,142.24,143.72,142.44,144.95,-0.1,2.8,149.94,137.5
DLR,Digital Realty,Real Estate,Data Center REITs,179.28,190.11,134.22,174.33,173.7,173.58,170.15,164.38,0.2,-0.46,178.46,168.69
DG,Dollar General,Consumer Staples,Consumer Staples Merchandise Retail,101.99,115.62,67.25,104.1,104.2,101.83,105.11,95.28,0.4,5.65,107.75,95.9
DLTR,Dollar Tree,Consumer Staples,Consumer Staples Merchandise Retail,99.05,117.16,61.21,99.62,97.27,93.45,99.38,89.35,0.0,3.79,102.8,84.1
D,Dominion Energy,Utilities,Multi-Utilities,61.06,61.69,48.51,60.99,61.07,61.02,60.22,55.98,0.0,1.18,61.78,60.27
DPZ,Domino's,Consumer Discretionary,Restaurants,414.86,493.69,397.61,420.85,418.74,419.96,435.8,452.8,0.2,5.2,436.43,403.5
DASH,DoorDash,Consumer Discretionary,Specialized Consumer Services,258.15,281.74,150.92,258.48,263.88,268.66,259.81,219.55,0.2,10.04,284.07,253.25
DOV,Dover Corporation,Industrials,Industrial Machinery & Supplies & Components,177.43,204.71,150.28,173.64,168.72,167.0,171.99,179.58,0.2,-0.3,176.9,157.1
DOW,Dow Inc.,Materials,Commodity Chemicals,24.81,47.86,20.57,22.88,22.37,22.57,23.37,28.87,0.2,-0.6,24.66,20.48
DHI,D. R. Horton,Consumer Discretionary,Homebuilding,157.95,184.04,114.44,157.42,155.83,160.54,166.57,139.87,0.0,11.45,176.04,145.05
DTE,DTE Energy,Utilities,Multi-Utilities,141.84,143.32,113.22,142.33,141.93,141.37,138.39,132.42,0.2,1.14,143.46,139.28
DUK,Duke Energy,Utilities,Electric Utilities,127.37,129.03,102.96,128.19,127.94,126.02,123.71,117.5,0.4,2.55,130.62,121.42
DD,DuPont,Materials,Specialty Chemicals,81.01,84.81,54.51,80.82,79.38,78.87,77.36,72.9,0.0,2.1,82.71,75.03
EMN,Eastman Chemical Company,Materials,Specialty Chemicals,62.7,102.72,58.06,62.13,61.34,61.86,64.42,77.28,-0.2,3.37,64.81,58.9
ETN,Eaton Corporation,Industrials,Electrical Components & Equipment,376.29,391.62,244.95,372.09,374.08,374.01,364.03,330.82,-0.2,1.79,383.03,364.97
EBAY,eBay Inc.,Consumer Discretionary,Broadline Retail,97.2,100.46,56.61,95.74,93.32,91.95,92.76,76.92,0.0,-0.08,97.12,86.78
ECL,Ecolab,Materials,Specialty Chemicals,277.23,284.78,224.56,277.32,275.09,275.13,274.14,260.47,0.0,1.66,281.83,268.45
EIX,Edison International,Utilities,Electric Utilities,57.81,83.47,46.84,57.83,56.9,55.39,54.78,53.4,0.2,2.27,59.12,51.65
EW,Edwards Lifesciences,Health Care,Health Care Equipment,76.1,81.83,65.75,76.16,74.73,75.52,77.29,74.9,0.2,3.3,78.61,72.43
EA,Electronic Arts,Communication Services,Interactive Home Entertainment,200.84,202.05,116.08,200.67,200.52,200.64,183.27,154.21,-0.2,0.46,201.76,199.52
ELV,Elevance Health,Health Care,Managed Health Care,342.35,448.26,273.17,347.53,348.6,346.67,326.3,365.66,0.1,7.42,367.75,325.6
EME,Emcor,Industrials,Construction & Engineering,748.24,748.24,341.52,699.52,691.51,677.76,645.7,512.19,0.2,-3.21,724.22,631.33
EMR,Emerson Electric,Industrials,Electrical Components & Equipment,132.68,149.04,93.37,131.7,130.49,131.05,131.78,124.07,0.0,2.01,135.35,126.75
ETR,Entergy,Utilities,Electric Utilities,96.58,97.65,65.13,96.12,96.25,95.63,91.63,84.87,0.0,1.63,98.15,93.11
EOG,EOG Resources,Energy,Oil & Gas Exploration & Production,106.38,133.44,101.83,106.62,106.99,108.44,114.32,117.31,0.0,5.4,112.12,104.75
EPAM,EPAM Systems,Information Technology,IT Consulting & Other Services,159.4,267.63,142.2,154.54,149.6,150.34,157.95,179.43,0.2,0.6,160.36,140.34
EQT,EQT Corporation,Energy,Oil & Gas Exploration & Production,53.7,60.26,35.15,54.58,54.26,54.91,52.79,52.76,0.0,7.24,57.59,52.23
EFX,Equifax,Industrials,Research & Consulting Services,233.8,279.44,204.69,231.36,229.43,235.39,244.68,249.98,-0.2,8.51,253.7,217.09
EQIX,Equinix,Real Estate,Data Center REITs,839.49,968.75,731.64,829.52,822.03,805.0,791.01,829.69,-0.1,0.68,845.2,764.79
EQR,Equity Residential,Real Estate,Multi-Family Residential REITs,63.42,74.44,60.55,63.13,62.58,62.81,63.81,66.45,0.0,1.83,64.58,61.04
ERIE,Erie Indemnity,Financials,Insurance Brokers,324.67,456.82,310.72,323.08,320.3,319.08,329.64,365.71,0.0,1.29,328.86,309.3
ESS,Essex Property Trust,Real Estate,Multi-Family Residential REITs,264.66,305.43,249.65,263.08,260.67,261.67,262.28,274.59,0.0,1.27,268.02,255.32
EL,Estée Lauder Companies (The),Consumer Staples,Personal Care Products,102.16,102.52,49.61,100.27,98.19,94.04,90.69,76.73,0.0,2.08,104.28,83.8
EG,Everest Group,Financials,Reinsurance,348.94,384.58,324.54,349.35,349.3,351.75,345.23,343.99,0.0,4.02,362.97,340.56
EVRG,Evergy,Utilities,Electric Utilities,77.96,78.73,57.24,78.27,78.11,77.41,74.12,68.12,0.0,1.77,79.34,75.48
ES,Eversource Energy,Utilities,Electric Utilities,74.67,74.67,52.98,73.55,72.55,72.34,67.72,62.32,0.0,-0.27,74.47,70.21
EXC,Exelon,Utilities,Electric Utilities,48.03,48.24,35.25,48.0,47.72,46.73,44.98,43.37,0.2,2.35,49.16,44.31
EXE,Expand Energy,Energy,Oil & Gas Exploration & Production,103.77,120.67,80.65,105.12,103.22,105.14,100.32,103.77,-0.1,6.99,111.02,99.27
EXPE,Expedia Group,Consumer Discretionary,"Hotels, Resorts & Cruise Lines",218.85,228.24,136.05,221.06,219.08,217.97,216.92,184.59,0.0,3.48,226.47,209.49
EXPD,Expeditors International,Industrials,Air Freight & Logistics,117.81,125.62,102.14,119.27,118.32,119.64,120.71,115.43,0.0,6.65,125.64,113.64
EXR,Extra Space Storage,Real Estate,Self-Storage REITs,150.26,165.33,123.86,151.04,150.08,146.02,142.89,144.16,0.1,2.97,154.72,137.33
XOM,ExxonMobil,Energy,Integrated Oil & Gas,115.39,118.64,98.11,114.3,113.05,113.01,112.43,108.6,0.0,0.43,115.89,110.12
FFIV,"F5, Inc.",Information Technology,Communications Equipment,298.34,343.17,213.57,298.75,310.46,320.32,320.33,293.38,-0.2,18.79,354.4,286.22
FDS,FactSet,Financials,Financial Exchanges & Data,285.3,490.93,275.01,289.32,286.7,284.73,324.38,409.11,0.0,3.06,294.03,275.44
FICO,Fair Isaac,Information Technology,Application Software,1667.0,2382.4,1311.26,1608.5,1621.48,1659.18,1557.02,1730.37,-0.3,12.41,1873.87,1444.44
FAST,Fastenal,Industrials,Trading Companies & Distributors,42.87,50.39,35.0,42.95,42.65,45.17,47.25,42.03,-0.2,17.59,50.41,39.94
FRT,Federal Realty Investment Trust,Real Estate,Retail REITs,101.3,112.47,81.67,100.58,99.24,98.8,98.48,96.15,0.0,0.43,101.74,95.86
FDX,FedEx,Industrials,Air Freight & Logistics,241.15,298.15,195.55,240.28,237.62,238.3,232.53,233.04,0.1,2.88,248.1,228.51
FIS,Fidelity National Information Services,Financials,Transaction & Payment Processing Services,67.79,89.02,63.37,67.77,67.31,67.19,67.45,73.83,-0.2,1.56,68.85,65.52
FITB,Fifth Third Bancorp,Financials,Regional Banks,42.63,46.72,32.73,42.07,42.01,42.95,43.94,40.65,-0.4,6.78,45.52,40.38
FSLR,First Solar,Information Technology,Semiconductors,241.41,244.4,120.38,229.92,231.42,229.72,215.33,170.98,0.0,0.08,241.6,217.83
FE,FirstEnergy,Utilities,Electric Utilities,46.64,47.69,37.17,46.95,47.07,46.62,44.8,41.3,0.2,2.64,47.87,45.37
FI,Fiserv,Financials,Transaction & Payment Processing Services,125.17,237.79,118.0,124.92,123.2,124.88,131.02,174.83,-0.2,4.15,130.36,119.4
F,Ford Motor Company,Consumer Discretionary,Automobile Manufacturers,13.84,13.84,8.45,12.63,12.18,12.11,11.84,10.47,0.2,-4.62,13.2,11.02
FTNT,Fortinet,Information Technology,Systems Software,85.56,114.57,74.39,84.96,84.22,84.76,81.97,95.95,-0.1,1.64,86.96,82.56
FTV,Fortive,Industrials,Industrial Machinery & Supplies & Components,49.47,62.32,46.49,49.45,49.07,49.27,48.61,52.82,-0.1,2.14,50.53,48.01
FOXA,Fox Corporation (Class A),Communication Services,Broadcasting,59.38,63.06,41.32,58.74,58.25,59.68,59.59,54.84,0.0,7.02,63.55,55.81
FOX,Fox Corporation (Class B),Communication Services,Broadcasting,52.9,57.29,37.95,52.56,52.16,53.57,53.87,50.48,-0.2,8.53,57.41,49.73
BEN,Franklin Resources,Financials,Asset Management & Custody Banks,22.84,25.67,16.21,22.68,22.63,22.91,23.81,21.45,0.0,4.07,23.77,22.05
FCX,Freeport-McMoRan,Materials,Copper,41.37,47.85,28.82,41.38,41.59,40.83,42.38,39.8,0.2,5.95,43.83,37.82
GRMN,Garmin,Consumer Discretionary,Consumer Electronics,250.45,259.77,159.13,249.73,249.45,251.72,242.03,217.42,0.2,3.96,260.37,243.07
IT,Gartner,Information Technology,IT Consulting & Other Services,250.21,551.8,225.98,249.96,245.06,248.49,248.44,383.36,0.3,5.93,265.05,231.92
GE,GE Aerospace,Industrials,Aerospace & Defense,303.87,306.63,158.97,303.49,301.52,300.02,288.75,237.61,0.0,1.08,307.15,292.88
GEHC,GE HealthCare,Health Care,Health Care Equipment,78.14,93.39,58.69,76.62,74.79,74.81,74.77,76.31,-0.1,0.51,78.54,71.09
GEV,GE Vernova,Industrials,Heavy Electrical Equipment,584.39,664.27,269.69,586.99,604.43,607.0,611.2,474.63,0.0,10.17,643.82,570.17
GEN,Gen Digital,Information Technology,Systems Software,27.22,32.03,23.31,27.14,26.92,27.31,28.83,28.01,-0.2,5.03,28.59,26.04
GNRC,Generac,Industrials,Electrical Components & Equipment,191.95,202.85,101.92,190.47,188.51,178.31,181.71,149.9,0.0,4.57,200.72,155.91
GD,General Dynamics,Industrials,Aerospace & Defense,350.77,350.77,238.33,341.68,337.21,338.46,328.16,286.99,0.4,-0.49,349.05,327.88
GIS,General Mills,Consumer Staples,Packaged Foods & Meats,47.41,65.61,47.41,48.38,48.25,48.89,49.06,53.09,0.0,6.56,50.52,47.26
GM,General Motors,Consumer Discretionary,Automobile Manufacturers,69.66,69.66,42.24,65.69,61.47,60.04,59.0,51.46,0.2,-1.81,68.4,51.67
GPC,Genuine Parts Company,Consumer Discretionary,Distributors,130.93,142.77,103.92,132.67,132.91,134.76,136.84,124.64,0.0,7.68,140.99,128.53
GILD,Gilead Sciences,Health Care,Biotechnology,120.94,124.08,84.71,122.07,120.6,117.33,115.26,107.93,0.2,3.8,125.54,109.11
GPN,Global Payments,Financials,Transaction & Payment Processing Services,87.36,118.08,67.06,87.04,86.11,86.19,86.37,87.95,-0.2,2.4,89.46,82.92
GL,Globe Life,Financials,Life & Health Insurance,133.62,146.27,102.63,135.28,135.92,137.04,139.3,127.28,0.0,6.62,142.47,131.6
GDDY,GoDaddy,Information Technology,Internet Services & Infrastructure,130.94,214.35,128.0,132.18,131.25,133.22,140.6,170.16,0.0,6.4,139.32,127.13
GS,Goldman Sachs,Financials,Investment Banking & Brokerage,783.88,806.32,457.48,760.31,763.59,774.92,766.42,650.6,-0.2,3.11,808.26,741.61
HAL,Halliburton,Energy,Oil & Gas Equipment & Services,26.55,31.1,18.96,25.59,23.94,24.02,23.01,22.8,0.2,2.11,27.11,20.93
HIG,Hartford (The),Financials,Property & Casualty Insurance,125.11,134.7,105.0,124.84,126.12,129.23,130.77,122.67,-0.2,9.18,136.6,121.87
HAS,Hasbro,Consumer Discretionary,Leisure Products,76.7,81.85,49.75,75.88,74.83,74.91,76.96,67.28,0.0,1.59,77.92,71.91
HCA,HCA Healthcare,Health Care,Health Care Facilities,447.04,447.04,294.93,438.71,428.86,427.47,414.39,363.68,0.2,-0.27,445.83,409.13
DOC,Healthpeak Properties,Real Estate,Health Care REITs,18.76,21.58,16.35,18.64,18.44,18.65,18.16,18.07,0.0,3.62,19.44,17.86
HSIC,Henry Schein,Health Care,Health Care Distributors,63.84,81.91,62.03,63.82,63.38,64.41,66.7,70.02,-0.2,5.11,67.1,61.72
HSY,Hershey Company (The),Consumer Staples,Packaged Foods & Meats,179.38,195.56,141.22,183.5,186.23,188.81,186.69,170.32,0.0,10.23,197.73,179.9
HPE,Hewlett Packard Enterprise,Information Technology,"Technology Hardware, Storage & Peripherals",23.5,26.25,12.35,23.18,23.62,24.26,23.71,19.79,0.0,11.91,26.3,22.22
HLT,Hilton Worldwide,Consumer Discretionary,"Hotels, Resorts & Cruise Lines",267.77,278.5,201.05,267.49,265.21,262.32,267.83,253.58,0.0,1.35,271.38,253.26
HOLX,Hologic,Health Care,Health Care Equipment,73.99,83.72,52.73,73.53,70.44,69.1,67.66,64.48,0.0,0.81,74.59,63.62
HD,Home Depot (The),Consumer Discretionary,Home Improvement Retail,386.68,423.6,331.29,388.09,387.51,389.38,401.88,378.6,-0.2,4.67,404.74,374.02
HON,Honeywell,Industrials,Industrial Conglomerates,216.14,239.16,180.99,211.71,207.87,208.08,211.99,214.64,0.0,0.57,217.37,198.79
HRL,Hormel Foods,Consumer Staples,Packaged Foods & Meats,23.83,32.19,23.26,23.96,23.84,23.93,25.06,28.06,-0.2,3.32,24.62,23.24
HST,Host Hotels & Resorts,Real Estate,Hotel & Resort REITs,16.49,18.04,12.39,16.61,16.47,16.57,16.79,15.57,0.2,4.79,17.28,15.86
HWM,Howmet Aerospace,Industrials,Aerospace & Defense,198.51,200.1,99.44,195.91,193.62,192.3,185.44,159.06,0.0,0.46,199.42,185.17
HPQ,HP Inc.,Information Technology,"Technology Hardware, Storage & Peripherals",27.66,37.77,21.42,27.79,27.8,27.23,27.53,27.24,-0.2,3.69,28.68,25.78
HUBB,Hubbell Incorporated,Industrials,Industrial Machinery & Supplies & Components,434.39,466.13,313.96,431.45,429.2,424.43,430.91,396.59,-0.2,1.4,440.47,408.41
HUM,Humana,Health Care,Managed Health Care,290.65,310.91,219.64,289.77,278.59,277.39,280.72,260.9,-0.2,6.22,308.73,246.06
HBAN,Huntington Bancshares,Financials,Regional Banks,16.07,17.87,12.26,15.92,15.89,16.33,16.93,15.87,-0.4,9.09,17.53,15.12
HII,Huntington Ingalls Industries,Industrials,Aerospace & Defense,299.91,299.91,156.78,289.39,287.44,286.41,277.41,231.78,0.2,-1.51,295.38,277.42
IBM,IBM,Information Technology,IT Consulting & Other Services,307.46,307.46,199.27,289.13,283.7,284.97,266.1,256.18,0.2,-2.7,299.16,270.79
IEX,IDEX Corporation,Industrials,Industrial Machinery & Supplies & Components,167.95,232.54,156.86,167.72,165.76,164.96,163.37,177.97,-0.1,1.02,169.66,160.26
IDXX,Idexx Laboratories,Health Care,Health Care Equipment,640.85,682.78,361.04,638.75,637.59,633.02,638.48,521.29,-0.2,0.85,646.3,619.76
ITW,Illinois Tool Works,Industrials,Industrial Machinery & Supplies & Components,245.75,271.83,215.75,253.13,250.21,253.19,258.21,250.37,0.2,7.68,264.62,241.74
INCY,Incyte,Health Care,Biotechnology,91.28,91.28,55.17,88.42,87.58,86.63,85.69,72.25,0.4,-1.17,90.21,83.06
IR,Ingersoll Rand,Industrials,Industrial Machinery & Supplies & Components,79.78,105.27,66.72,79.26,77.93,79.82,79.86,82.11,0.0,7.04,85.4,74.25
PODD,Insulet Corporation,Health Care,Health Care Equipment,320.91,352.82,230.58,325.88,320.96,316.59,327.23,294.2,0.0,2.72,329.64,303.54
INTC,Intel,Information Technology,Semiconductors,38.28,38.28,18.13,37.92,37.34,36.84,30.38,23.68,0.0,2.4,39.2,34.48
IBKR,Interactive Brokers,Financials,Investment Banking & Brokerage,68.75,72.62,35.97,66.78,67.83,68.93,65.5,54.88,-0.2,5.8,72.74,65.12
ICE,Intercontinental Exchange,Financials,Financial Exchanges & Data,157.65,187.92,141.62,156.83,156.56,159.27,168.19,170.13,-0.2,5.96,167.05,151.5
IFF,International Flavors & Fragrances,Materials,Specialty Chemicals,65.91,101.72,59.55,65.23,63.62,62.34,63.71,73.33,0.0,0.35,66.14,58.55
IP,International Paper,Materials,Paper & Plastic Packaging Products & Materials,48.87,58.45,43.05,48.3,47.4,46.86,47.13,49.19,0.0,-0.2,48.77,44.94
IPG,Interpublic Group of Companies (The),Communication Services,Advertising,27.06,29.33,22.33,27.19,26.86,26.84,26.54,25.39,0.0,2.96,27.86,25.82
INTU,Intuit,Information Technology,Application Software,683.09,805.92,541.4,674.28,664.53,666.35,671.83,665.93,0.2,1.7,694.7,638.02
ISRG,Intuitive Surgical,Health Care,Health Care Equipment,546.51,610.45,429.59,509.21,473.45,458.32,458.23,512.29,0.1,-2.92,530.55,386.12
IVZ,Invesco,Financials,Asset Management & Custody Banks,23.0,24.13,11.86,22.85,23.02,23.27,22.47,17.73,-0.2,5.74,24.32,22.23
INVH,Invitation Homes,Real Estate,Single-Family Residential REITs,28.87,34.81,27.94,28.79,28.61,28.57,29.36,31.38,0.0,1.49,29.3,27.84
IQV,IQVIA,Health Care,Life Sciences Tools & Services,220.52,228.31,137.0,217.8,211.1,205.2,194.41,177.75,0.0,1.61,224.07,186.34
IRM,Iron Mountain,Real Estate,Other Specialized REITs,105.23,124.18,75.72,104.67,104.5,104.11,98.61,95.04,-0.2,2.04,107.38,100.83
JBHT,J.B. Hunt,Industrials,Cargo Ground Transportation,165.11,195.43,123.94,166.97,158.56,148.37,143.52,147.68,0.1,6.9,176.5,120.22
JBL,Jabil,Information Technology,Electronic Manufacturing Services,212.44,234.45,116.78,204.58,204.94,206.18,210.3,181.45,0.0,2.9,218.6,193.77
JKHY,Jack Henry & Associates,Financials,Transaction & Payment Processing Services,155.83,189.99,146.26,156.11,154.72,151.69,155.99,169.88,0.0,1.82,158.67,144.71
J,Jacobs Solutions,Industrials,Construction & Engineering,159.59,164.44,109.18,161.01,158.91,156.14,150.56,133.91,0.2,2.87,164.17,148.1
JNJ,Johnson & Johnson,Health Care,Pharmaceuticals,190.4,193.72,138.72,192.28,191.97,189.8,182.12,161.99,-0.2,2.84,195.81,183.79
JCI,Johnson Controls,Industrials,Building Products,112.94,112.94,70.88,110.76,109.71,109.06,107.8,95.36,0.2,-0.54,112.33,105.79
JPM,JPMorgan Chase,Financials,Diversified Banks,300.44,314.53,208.26,297.71,300.04,303.98,302.21,270.8,0.0,4.97,315.37,292.58
K,Kellanova,Consumer Staples,Packaged Foods & Meats,83.03,83.09,76.96,83.02,82.96,82.78,80.42,80.4,-0.2,0.43,83.39,82.17
KVUE,Kenvue,Consumer Staples,Personal Care Products,15.0,24.0,14.11,15.03,15.32,15.73,17.92,20.95,0.0,13.87,17.08,14.39
KDP,Keurig Dr Pepper,Consumer Staples,Soft Drinks & Non-alcoholic Beverages,27.16,35.62,25.3,27.5,27.33,26.48,27.98,31.57,0.0,4.34,28.34,24.62
KEY,KeyCorp,Financials,Regional Banks,17.82,19.23,12.92,17.55,17.48,17.92,18.45,16.8,-0.2,7.24,19.11,16.73
KEYS,Keysight Technologies,Information Technology,Electronic Equipment & Instruments,169.47,185.11,127.02,166.93,165.23,168.41,168.67,161.93,0.0,4.92,177.81,159.02
KMB,Kimberly-Clark,Consumer Staples,Household Products,118.93,144.6,118.76,119.73,119.91,120.81,124.96,130.16,0.0,4.21,123.94,117.68
KIM,Kimco Realty,Real Estate,Retail REITs,22.34,24.65,18.27,22.24,21.88,21.64,21.83,21.06,-0.2,0.67,22.49,20.79
KMI,Kinder Morgan,Energy,Oil & Gas Storage & Transportation,25.86,30.24,23.42,26.94,27.15,27.59,27.27,27.15,0.0,11.83,28.92,26.27
KKR,KKR & Co.,Financials,Asset Management & Custody Banks,121.24,166.38,92.52,121.86,121.53,123.88,134.01,130.83,0.0,9.09,132.26,115.51
KLAC,KLA Corporation,Information Technology,Semiconductor Materials & Equipment,1182.82,1182.82,573.9,1151.29,1109.96,1096.77,1003.16,831.17,0.2,1.18,1196.78,996.78
KHC,Kraft Heinz,Consumer Staples,Packaged Foods & Meats,25.25,33.6,25.04,25.52,25.4,25.5,26.24,27.35,0.0,3.92,26.24,24.77
KR,Kroger,Consumer Staples,Food Retail,67.11,73.97,54.62,68.22,68.43,67.62,67.75,67.15,0.0,4.28,69.98,65.27
LHX,L3Harris,Industrials,Aerospace & Defense,293.2,306.76,191.79,291.66,290.96,295.38,284.89,242.39,0.2,4.98,307.8,282.97
LH,Labcorp,Health Care,Health Care Services,279.49,290.93,211.06,284.28,283.02,281.16,278.32,253.72,0.2,3.42,289.05,273.29
LRCX,Lam Research,Information Technology,Semiconductor Materials & Equipment,151.68,151.68,58.83,145.91,143.43,141.97,123.1,93.15,0.0,0.64,152.65,131.29
LW,Lamb Weston,Consumer Staples,Packaged Foods & Meats,66.38,80.72,47.73,65.32,64.85,63.42,58.91,55.14,0.0,2.94,68.33,58.51
LVS,Las Vegas Sands,Consumer Discretionary,Casinos & Gaming,57.6,57.71,30.35,53.09,50.67,51.77,53.29,45.48,0.0,0.23,57.73,45.81
LDOS,Leidos,Industrials,Diversified Support Services,189.96,199.29,125.82,190.69,188.22,190.61,185.34,157.08,0.0,4.86,199.19,182.03
LEN,Lennar,Consumer Discretionary,Homebuilding,127.57,170.05,101.41,127.23,124.75,124.42,129.08,118.36,0.0,3.26,131.73,117.11
LII,Lennox International,Industrials,Building Products,496.24,672.47,493.07,513.61,519.7,529.45,546.37,574.82,0.0,13.93,565.37,493.52
LLY,Lilly (Eli),Health Care,Pharmaceuticals,825.45,925.78,624.28,813.49,814.8,817.29,767.5,785.23,-0.3,5.99,874.89,759.72
LIN,Linde plc,Materials,Industrial Gases,446.0,483.59,408.92,449.53,451.01,459.17,469.74,458.71,-0.2,7.36,478.83,439.52
LYV,Live Nation Entertainment,Communication Services,Movies & Entertainment,152.86,174.06,114.73,155.27,154.52,155.59,161.74,145.54,0.0,6.32,162.52,148.65
LKQ,LKQ Corporation,Consumer Discretionary,Distributors,30.79,43.02,28.68,30.49,30.1,30.21,30.97,36.3,0.0,2.6,31.59,28.82
LMT,Lockheed Martin,Industrials,Aerospace & Defense,485.41,555.47,407.77,491.2,495.28,499.95,476.56,459.17,-0.2,6.53,517.11,482.8
L,Loews Corporation,Financials,Multi-line Insurance,100.05,103.05,76.29,99.73,99.99,100.75,98.38,90.44,0.0,3.48,103.53,97.97
LOW,Lowe's,Consumer Discretionary,Home Improvement Retail,242.71,271.68,208.44,243.05,241.39,241.72,253.27,235.96,-0.2,3.9,252.18,231.25
LULU,Lululemon Athletica,Consumer Discretionary,"Apparel, Accessories & Luxury Goods",178.17,421.16,159.87,177.87,172.74,173.95,179.92,267.48,0.0,2.99,183.5,164.39
LYB,LyondellBasell,Materials,Specialty Chemicals,47.59,81.89,44.91,46.09,46.22,47.33,51.18,59.25,-0.2,5.84,50.37,44.29
MTB,M&T Bank,Financials,Regional Banks,185.23,215.8,154.27,182.44,182.63,187.21,193.42,185.29,-0.4,7.65,199.4,175.02
MPC,Marathon Petroleum,Energy,Oil & Gas Refining & Marketing,196.22,198.69,117.23,189.97,186.58,188.75,183.15,160.1,0.2,1.4,198.97,178.52
MAR,Marriott International,Consumer Discretionary,"Hotels, Resorts & Cruise Lines",271.32,302.22,210.04,268.3,265.88,265.77,265.75,262.76,0.0,0.97,273.95,257.6
MMC,Marsh McLennan,Financials,Insurance Brokers,186.55,242.13,186.48,188.56,193.51,197.96,200.61,215.64,-0.2,14.02,212.7,183.2
MLM,Martin Marietta Materials,Materials,Construction Materials,621.23,656.85,451.25,624.44,630.64,630.44,620.07,552.34,0.2,4.26,647.69,613.18
MAS,Masco,Industrials,Building Products,68.14,81.47,58.18,69.1,68.3,68.68,71.43,68.79,0.0,5.12,71.63,65.74
MA,Mastercard,Financials,Transaction & Payment Processing Services,573.67,598.17,477.88,571.44,565.8,568.88,578.57,558.0,0.0,1.87,584.4,553.37
MTCH,Match Group,Communication Services,Interactive Media & Services,32.62,38.56,26.72,32.92,32.68,33.29,35.66,32.48,-0.2,9.01,35.56,31.02
MKC,McCormick & Company,Consumer Staples,Packaged Foods & Meats,66.85,83.15,63.86,67.49,66.76,66.7,67.5,72.77,-0.2,2.98,68.84,64.55
MCD,McDonald's,Consumer Discretionary,Restaurants,305.79,317.67,275.0,307.62,306.15,302.36,306.02,301.54,0.0,2.03,312.0,292.73
MCK,McKesson Corporation,Health Care,Health Care Distributors,801.67,801.67,496.98,793.07,787.01,771.75,728.61,686.48,0.2,0.77,807.84,735.68
MDT,Medtronic,Health Care,Health Care Equipment,93.67,98.43,78.03,95.11,95.38,95.88,94.34,88.98,0.0,5.18,98.52,93.24
MRK,Merck & Co.,Health Care,Pharmaceuticals,87.49,102.58,72.03,87.24,85.94,86.35,84.11,83.5,0.0,4.51,91.44,81.27
META,Meta Platforms,Communication Services,Interactive Media & Services,738.36,789.47,483.96,734.24,724.21,723.01,742.79,675.15,0.0,0.92,745.15,700.87
MET,MetLife,Financials,Life & Health Insurance,78.68,86.38,67.4,78.63,79.48,80.69,80.28,78.95,0.2,6.99,84.18,77.19
MTD,Mettler Toledo,Health Care,Life Sciences Tools & Services,1434.32,1437.75,970.15,1399.27,1359.7,1324.23,1297.17,1226.07,0.2,0.56,1442.35,1206.08
MGM,MGM Resorts,Consumer Discretionary,Casinos & Gaming,32.81,41.99,25.79,32.67,32.28,33.02,35.12,33.92,0.0,8.69,35.66,30.38
MCHP,Microchip Technology,Information Technology,Semiconductors,63.17,76.79,34.83,65.47,65.2,65.09,65.25,59.6,0.0,7.98,68.21,61.97
MU,Micron Technology,Information Technology,Semiconductors,219.02,219.02,64.62,206.65,200.99,192.08,159.4,114.23,0.2,-0.53,217.86,166.3
MSFT,Microsoft,Information Technology,Systems Software,523.61,534.76,353.33,519.83,516.54,518.08,511.72,457.36,0.0,0.75,527.54,508.63
MAA,Mid-America Apartment Communities,Real Estate,Multi-Family Residential REITs,133.99,165.69,131.43,133.81,133.05,134.09,137.95,148.02,-0.2,2.54,137.39,130.79
MRNA,Moderna,Health Care,Biotechnology,26.74,55.22,23.51,26.91,26.84,27.06,26.02,29.31,-0.1,7.29,28.69,25.44
MHK,Mohawk Industries,Consumer Discretionary,Home Furnishings,119.9,151.87,97.99,127.36,126.36,125.81,129.4,116.67,0.2,11.57,133.77,117.84
MOH,Molina Healthcare,Health Care,Managed Health Care,163.32,353.24,152.31,182.75,187.65,192.55,183.91,258.32,-0.3,31.22,214.31,170.8
TAP,Molson Coors Beverage Company,Consumer Staples,Brewers,45.44,61.78,44.09,46.16,46.43,46.17,47.72,52.44,0.2,3.92,47.22,45.11
MDLZ,Mondelez International,Consumer Staples,Packaged Foods & Meats,60.77,70.19,54.9,61.66,61.73,61.9,61.92,63.36,0.0,3.97,63.18,60.63
MPWR,Monolithic Power Systems,Information Technology,Semiconductors,1074.91,1074.91,453.43,1041.47,1019.67,977.29,906.44,720.01,0.2,0.78,1083.29,871.26
MNST,Monster Beverage,Consumer Staples,Soft Drinks & Non-alcoholic Beverages,69.69,70.22,46.16,69.59,69.28,68.59,65.71,59.7,-0.2,1.65,70.84,66.34
MCO,Moody's Corporation,Financials,Financial Exchanges & Data,490.82,524.53,395.22,480.46,477.54,480.91,493.49,482.12,-0.2,0.66,494.06,467.78
MS,Morgan Stanley,Financials,Investment Banking & Brokerage,163.86,163.86,98.35,160.5,159.43,158.1,154.6,134.61,0.2,-0.01,163.84,152.37
MOS,Mosaic Company (The),Materials,Fertilizers & Agricultural Chemicals,29.98,37.55,22.47,29.61,29.75,31.97,32.76,30.94,-0.2,22.95,36.86,27.07
MSI,Motorola Solutions,Information Technology,Communications Equipment,438.98,499.65,392.79,445.44,446.52,451.32,462.3,437.44,-0.2,6.18,466.11,436.53
MSCI,MSCI Inc.,Financials,Financial Exchanges & Data,542.29,630.0,503.37,539.14,541.47,551.53,560.89,562.04,-0.2,6.17,575.75,527.3
NDAQ,"Nasdaq, Inc.",Financials,Financial Exchanges & Data,88.44,96.67,66.01,88.77,88.9,88.74,91.12,84.05,0.2,2.73,90.85,86.62
NTAP,NetApp,Information Technology,"Technology Hardware, Storage & Peripherals",116.64,128.5,75.4,117.5,118.69,118.68,117.91,105.79,0.2,4.8,122.24,115.12
NFLX,Netflix,Communication Services,Movies & Entertainment,1094.69,1339.13,749.12,1160.91,1182.52,1186.85,1207.82,1115.4,-0.2,15.91,1268.86,1104.83
NEM,Newmont,Materials,Gold,83.37,98.27,36.49,88.1,90.31,88.27,81.01,58.96,-0.2,14.79,95.7,80.84
NWSA,News Corp (Class A),Communication Services,Publishing,26.32,31.03,23.89,26.36,26.3,27.27,28.75,28.16,0.0,15.01,30.27,24.26
NWS,News Corp (Class B),Communication Services,Publishing,30.15,35.06,27.33,30.02,29.85,30.83,32.45,32.15,-0.2,12.54,33.93,27.72
NEE,NextEra Energy,Utilities,Multi-Utilities,84.41,85.79,63.11,83.85,84.36,82.43,76.6,71.35,0.0,4.64,88.33,76.53
NKE,"Nike, Inc.",Consumer Discretionary,"Apparel, Accessories & Luxury Goods",69.11,80.35,52.64,68.77,68.15,69.2,72.27,68.74,0.0,6.64,73.7,64.69
NI,NiSource,Utilities,Multi-Utilities,43.63,44.17,33.44,43.84,43.49,43.44,42.23,39.85,0.0,1.51,44.29,42.59
NDSN,Nordson Corporation,Industrials,Industrial Machinery & Supplies & Components,235.9,260.48,166.29,235.88,234.05,232.51,226.76,211.33,0.2,1.06,238.4,226.64
NSC,Norfolk Southern,Industrials,Rail Transportation,280.5,300.41,204.09,286.78,288.17,292.71,285.81,255.12,-0.2,8.37,303.98,281.46
NTRS,Northern Trust,Financials,Asset Management & Custody Banks,126.03,134.6,83.34,126.72,126.89,129.22,129.26,113.13,0.0,7.73,135.77,122.67
NOC,Northrop Grumman,Industrials,Aerospace & Defense,605.58,637.95,427.78,601.83,605.74,610.86,593.88,519.83,-0.2,5.06,636.22,585.52
NCLH,Norwegian Cruise Line Holdings,Consumer Discretionary,"Hotels, Resorts & Cruise Lines",23.47,29.07,15.5,23.55,23.39,23.69,24.56,22.16,0.0,6.14,24.91,22.47
NRG,NRG Energy,Utilities,Independent Power Producers & Energy Traders,170.36,173.91,83.06,165.04,166.96,165.76,159.31,133.63,-0.2,1.09,172.22,159.29
NUE,Nucor,Materials,Steel,138.7,164.83,102.37,138.19,136.76,136.6,140.03,129.19,0.0,1.58,140.89,132.31
NVDA,Nvidia,Information Technology,Semiconductors,186.26,192.57,94.3,182.5,182.57,184.67,179.59,146.56,-0.2,2.89,191.64,177.69
NVR,"NVR, Inc.",Consumer Discretionary,Homebuilding,7430.92,9456.4,6700.0,7656.14,7649.28,7782.22,8021.01,7585.28,0.0,10.6,8218.6,7345.88
NXPI,NXP Semiconductors,Information Technology,Semiconductors,219.16,250.84,152.09,219.84,218.1,220.99,224.57,210.53,-0.2,6.26,232.88,209.11
ORLY,O’Reilly Automotive,Consumer Discretionary,Automotive Retail,97.27,107.82,76.44,99.81,100.98,102.42,103.54,94.1,-0.2,10.75,107.73,97.11
OXY,Occidental Petroleum,Energy,Oil & Gas Exploration & Production,42.57,51.86,35.72,41.82,41.76,43.61,45.06,44.56,-0.2,13.08,48.14,39.08
ODFL,Old Dominion,Industrials,Cargo Ground Transportation,136.12,230.37,134.31,139.61,138.09,139.42,144.36,161.47,0.2,6.89,145.5,133.34
OMC,Omnicom Group,Communication Services,Advertising,79.0,101.44,68.6,79.49,78.66,78.56,77.65,76.37,0.0,3.03,81.39,75.72
ON,ON Semiconductor,Information Technology,Semiconductors,50.71,74.7,31.95,52.88,51.99,50.52,50.11,48.71,0.2,8.22,54.88,46.16
OKE,Oneok,Energy,Oil & Gas Storage & Transportation,68.61,112.93,67.22,69.09,68.88,70.56,72.34,83.08,-0.2,8.5,74.44,66.67
ORCL,Oracle Corporation,Information Technology,Application Software,283.33,327.76,122.35,277.68,290.33,289.08,274.6,202.48,0.0,9.44,310.08,268.09
OTIS,Otis Worldwide,Industrials,Industrial Machinery & Supplies & Components,91.95,103.35,84.52,92.11,91.4,91.22,89.39,94.07,0.1,1.35,93.19,89.26
PCAR,Paccar,Industrials,Construction Machinery & Heavy Transportation Equipment,100.13,113.98,85.82,99.33,97.01,97.11,98.48,98.01,-0.2,1.46,101.59,92.64
PKG,Packaging Corporation of America,Materials,Paper & Plastic Packaging Products & Materials,204.83,242.86,173.82,208.17,207.77,210.59,210.73,200.98,0.0,6.81,218.78,202.41
PLTR,Palantir Technologies,Information Technology,Application Software,184.63,187.05,41.41,180.74,179.65,180.45,171.76,129.3,-0.2,1.61,187.6,173.31
PANW,Palo Alto Networks,Information Technology,Systems Software,217.11,217.79,152.44,214.15,211.17,210.39,200.52,189.7,0.2,0.74,218.72,202.06
PSKY,Paramount Skydance Corporation,Communication Services,Movies & Entertainment,16.72,19.73,10.05,16.65,16.88,17.74,16.88,12.96,0.4,18.24,19.77,15.72
PH,Parker Hannifin,Industrials,Industrial Machinery & Supplies & Components,772.0,772.0,514.56,755.49,744.02,747.57,750.57,680.5,-0.2,0.62,776.79,718.36
PAYX,Paychex,Industrials,Human Resource & Employment Services,124.6,158.58,123.42,126.02,126.67,126.14,131.34,142.49,0.0,3.56,129.04,123.23
PAYC,Paycom,Industrials,Human Resource & Employment Services,199.51,265.28,163.33,202.01,201.26,202.64,214.4,222.41,0.0,5.86,211.2,194.08
PYPL,PayPal,Financials,Transaction & Payment Processing Services,69.77,91.81,57.41,69.35,68.62,69.77,68.92,71.69,-0.1,7.77,75.19,64.35
PNR,Pentair,Industrials,Industrial Machinery & Supplies & Components,109.73,112.59,75.76,109.62,109.51,110.11,109.35,99.36,-0.2,2.72,112.71,107.49
PEP,PepsiCo,Consumer Staples,Soft Drinks & Non-alcoholic Beverages,151.55,166.51,125.83,152.58,152.09,147.15,145.6,140.3,0.2,4.34,158.13,136.17
PFE,Pfizer,Health Care,Pharmaceuticals,24.76,27.37,20.83,24.74,24.61,25.27,24.88,24.23,0.2,10.34,27.32,23.22
PCG,PG&E Corporation,Utilities,Multi-Utilities,16.4,21.5,12.98,16.54,16.47,16.15,15.48,15.7,0.1,4.51,17.14,15.16
PM,Philip Morris International,Consumer Staples,Tobacco,157.62,181.86,114.18,156.45,157.25,157.22,161.27,158.91,0.0,2.92,162.22,152.21
PSX,Phillips 66,Energy,Oil & Gas Refining & Marketing,134.98,139.46,91.09,132.23,130.9,131.98,131.25,120.68,0.0,2.02,137.71,126.25
PNW,Pinnacle West Capital,Utilities,Multi-Utilities,92.12,93.78,79.36,92.45,92.77,91.5,89.76,89.5,0.2,3.22,95.09,87.91
PNC,PNC Financial Services,Financials,Diversified Banks,186.44,207.33,145.61,182.73,182.87,188.15,195.35,182.16,-0.4,8.26,201.84,174.46
POOL,Pool Corporation,Consumer Discretionary,Distributors,293.75,385.63,283.92,297.67,294.64,299.72,310.87,314.31,0.2,7.25,315.05,284.4
PPG,PPG Industries,Materials,Specialty Chemicals,103.5,124.51,90.49,103.14,101.72,102.21,106.82,109.62,0.2,2.61,106.2,98.22
PPL,PPL Corporation,Utilities,Electric Utilities,37.35,37.97,30.58,37.53,37.57,37.29,36.56,34.76,0.0,1.95,38.08,36.49
PFG,Principal Financial Group,Financials,Life & Health Insurance,79.62,86.52,68.21,79.31,79.54,81.2,80.65,78.89,0.2,7.06,85.24,77.16
PG,Procter & Gamble,Consumer Staples,Personal Care Products,152.49,176.3,147.42,152.1,150.56,151.21,154.6,160.01,0.0,1.46,154.72,147.69
PGR,Progressive Corporation,Financials,Property & Casualty Insurance,219.09,290.89,219.09,220.66,225.38,234.51,241.06,258.29,-0.2,16.6,255.46,213.57
PLD,Prologis,Real Estate,Industrial REITs,126.43,127.18,88.13,126.26,122.75,119.03,114.61,109.41,0.2,2.26,129.29,108.78
PRU,Prudential Financial,Financials,Life & Health Insurance,102.18,124.75,92.74,101.88,101.8,102.3,104.55,104.99,0.0,2.7,104.94,99.66
PEG,Public Service Enterprise Group,Utilities,Electric Utilities,83.11,91.66,75.92,83.52,83.56,82.72,82.27,81.6,0.0,2.61,85.28,80.16
PTC,PTC Inc.,Information Technology,Application Software,204.81,216.53,136.74,204.59,203.51,202.99,206.47,181.38,-0.2,0.85,206.55,199.42
PSA,Public Storage,Real Estate,Self-Storage REITs,302.24,337.69,260.94,307.89,305.66,298.66,290.93,289.6,0.4,3.91,314.06,283.26
PHM,PulteGroup,Consumer Discretionary,Homebuilding,120.53,141.19,91.67,121.63,122.65,126.65,130.19,112.22,-0.2,14.69,138.24,115.05
PWR,Quanta Services,Industrials,Construction & Engineering,440.93,443.45,236.5,431.73,432.95,427.79,401.21,342.65,-0.2,1.54,447.72,407.86
QCOM,Qualcomm,Information Technology,Semiconductors,168.94,173.55,123.21,168.82,165.81,165.77,163.11,155.71,0.2,2.57,173.28,158.25
DGX,Quest Diagnostics,Health Care,Health Care Services,182.18,190.41,148.06,184.33,185.35,183.93,182.41,171.97,0.0,4.85,191.02,176.85
RL,Ralph Lauren Corporation,Consumer Discretionary,"Apparel, Accessories & Luxury Goods",335.67,336.29,181.18,334.41,327.66,323.38,311.24,269.45,0.0,1.18,339.63,307.14
RJF,Raymond James Financial,Financials,Investment Banking & Brokerage,162.44,175.92,122.89,164.86,163.21,165.11,166.92,154.75,0.0,6.28,172.64,157.57
RTX,RTX Corporation,Industrials,Aerospace & Defense,178.65,179.44,112.45,173.96,166.01,165.9,160.98,140.81,0.0,0.78,180.04,151.75
O,Realty Income,Real Estate,Retail REITs,59.99,60.73,49.38,60.23,59.74,59.73,59.16,55.96,0.0,1.87,61.11,58.35
REG,Regency Centers,Real Estate,Retail REITs,72.64,75.5,64.21,72.42,72.18,71.91,71.52,70.75,0.0,0.63,73.1,70.71
REGN,Regeneron Pharmaceuticals,Health Care,Biotechnology,577.95,937.37,482.34,578.9,574.85,576.93,576.3,596.74,-0.1,4.11,601.7,552.13
RF,Regions Financial Corporation,Financials,Regional Banks,24.57,27.4,17.95,24.24,24.26,25.03,26.01,23.28,-0.4,9.85,26.99,23.07
RSG,Republic Services,Industrials,Environmental & Facilities Services,223.09,256.75,195.95,222.11,221.71,223.3,227.33,233.9,0.0,2.47,228.6,218.0
RMD,ResMed,Health Care,Health Care Equipment,259.49,293.73,203.67,266.17,268.17,272.47,275.38,250.61,-0.4,9.56,284.3,260.65
RVTY,Revvity,Health Care,Health Care Equipment,98.89,126.56,82.44,96.87,94.57,92.52,89.32,98.83,0.1,0.44,99.33,85.71
HOOD,Robinhood Markets,Financials,Investment Banking & Brokerage,139.79,152.46,23.49,133.8,134.01,139.25,123.62,79.21,0.0,9.48,153.04,125.46
ROK,Rockwell Automation,Industrials,Electrical Components & Equipment,356.48,357.16,217.21,354.18,350.19,348.04,345.81,306.51,0.0,0.69,358.94,337.13
ROL,"Rollins, Inc.",Industrials,Environmental & Facilities Services,56.6,58.74,45.24,56.5,56.26,57.15,56.92,54.66,0.2,4.75,59.29,55.01
ROP,Roper Technologies,Information Technology,Electronic Equipment & Instruments,478.8,591.12,478.8,497.62,501.9,503.77,512.09,547.81,-0.4,9.65,525.0,482.53
ROST,Ross Stores,Consumer Discretionary,Apparel Retail,156.75,157.45,122.22,156.66,156.19,154.02,150.48,140.9,0.2,1.69,159.4,148.64
RCL,Royal Caribbean Group,Consumer Discretionary,"Hotels, Resorts & Cruise Lines",316.45,364.72,176.89,314.19,310.1,312.67,327.88,273.78,0.0,3.49,327.49,297.85
SPGI,S&P Global,Financials,Financial Exchanges & Data,489.45,563.17,436.73,482.65,480.74,481.96,514.12,511.46,-0.2,0.5,491.9,472.01
CRM,Salesforce,Information Technology,Application Software,254.83,365.66,231.26,256.84,249.84,245.42,246.09,271.61,0.0,2.24,260.54,230.31
SBAC,SBA Communications,Real Estate,Telecom Tower REITs,198.68,241.34,187.49,197.52,195.49,193.07,199.71,214.88,0.2,1.02,200.71,185.42
SLB,Schlumberger,Energy,Oil & Gas Equipment & Services,35.83,43.04,31.43,34.74,33.67,33.87,34.52,36.02,-0.2,1.09,36.22,31.52
STX,Seagate Technology,Information Technology,"Technology Hardware, Storage & Peripherals",234.12,256.84,65.98,220.91,220.65,228.18,204.06,132.96,0.0,9.07,255.35,201.01
SRE,Sempra,Utilities,Multi-Utilities,92.78,94.01,62.78,92.33,91.89,91.45,85.9,77.79,0.0,1.53,94.2,88.69
NOW,ServiceNow,Information Technology,Systems Software,930.17,1170.39,721.65,932.81,920.01,916.71,916.44,941.47,-0.1,1.68,945.8,887.63
SHW,Sherwin-Williams,Materials,Specialty Chemicals,334.0,397.11,312.15,333.85,333.16,336.5,350.31,347.97,0.0,3.75,346.52,326.48
SPG,Simon Property Group,Real Estate,Retail REITs,178.09,187.67,136.92,178.79,177.95,179.97,179.13,166.14,0.0,5.13,187.23,172.72
SWKS,Skyworks Solutions,Information Technology,Semiconductors,74.04,94.39,48.25,75.27,74.65,75.07,75.54,71.33,-0.4,6.62,78.94,71.19
SJM,J.M. Smucker Company (The),Consumer Staples,Packaged Foods & Meats,102.14,116.56,93.48,103.92,103.62,105.39,107.89,107.1,0.0,7.54,109.84,100.95
SW,Smurfit Westrock,Materials,Paper & Plastic Packaging Products & Materials,43.07,55.13,37.46,42.7,42.17,42.06,43.66,45.1,0.0,1.44,43.69,40.43
SNA,Snap-on,Industrials,Industrial Machinery & Supplies & Components,343.93,364.18,288.55,344.04,340.57,340.72,334.46,326.3,0.2,2.52,352.6,328.84
SOLV,Solventum,Health Care,Health Care Technology,71.44,84.04,63.01,72.45,71.98,72.37,72.58,72.91,0.2,4.13,74.39,70.35
SO,Southern Company,Utilities,Electric Utilities,95.88,99.72,78.98,96.84,97.79,96.62,94.27,89.83,0.2,4.35,100.05,93.18
LUV,Southwest Airlines,Industrials,Passenger Airlines,32.2,37.49,23.77,33.34,33.24,32.73,32.28,31.31,0.0,7.27,34.54,30.91
SWK,Stanley Black & Decker,Industrials,Industrial Machinery & Supplies & Components,70.21,98.93,54.53,69.96,68.48,70.53,73.56,72.16,-0.2,9.7,77.02,64.03
SBUX,Starbucks,Consumer Discretionary,Restaurants,86.09,114.25,78.46,85.49,84.12,83.53,85.06,91.34,-0.2,2.88,88.57,78.49
STT,State Street Corporation,Financials,Asset Management & Custody Banks,116.12,117.23,74.25,114.72,114.42,114.97,113.34,100.15,-0.4,2.08,118.54,111.4
STLD,Steel Dynamics,Materials,Steel,152.95,153.82,108.4,150.47,147.63,145.23,137.52,129.57,0.2,0.3,153.41,137.04
STE,Steris,Health Care,Health Care Equipment,240.76,252.43,200.94,241.85,239.98,240.93,244.62,231.46,0.0,2.43,246.61,235.25
SYK,Stryker Corporation,Health Care,Health Care Equipment,381.79,402.61,335.89,382.84,376.25,372.39,379.15,378.64,0.0,1.09,385.95,358.84
SMCI,Supermicro,Information Technology,"Technology Hardware, Storage & Peripherals",48.29,60.71,18.01,51.71,52.64,52.84,47.51,42.75,-0.2,22.39,59.1,46.58
SYF,Synchrony Financial,Financials,Consumer Finance,74.84,76.86,43.38,73.47,72.44,71.62,73.49,63.84,0.0,-0.09,74.77,68.47
SNPS,Synopsys,Information Technology,Application Software,464.18,645.35,380.9,457.39,450.25,463.77,509.85,502.74,-0.2,7.7,499.92,427.62
SYY,Sysco,Consumer Staples,Food Distributors,77.35,82.73,67.09,78.64,79.05,79.84,80.15,74.87,0.0,7.2,82.92,76.76
TMUS,T-Mobile US,Communication Services,Wireless Telecommunication Services,217.77,270.87,209.08,224.87,226.12,228.32,239.17,241.95,-0.2,9.3,238.02,218.62
TROW,T. Rowe Price,Financials,Asset Management & Custody Banks,103.55,118.63,78.24,103.46,104.13,103.91,104.82,98.84,0.0,3.42,107.09,100.74
TTWO,Take-Two Interactive,Communication Services,Interactive Home Entertainment,255.12,262.29,160.75,257.56,258.43,257.84,247.73,225.01,0.0,3.09,263.0,252.67
TPR,"Tapestry, Inc.",Consumer Discretionary,"Apparel, Accessories & Luxury Goods",114.71,117.14,42.76,115.68,115.88,114.85,109.1,88.2,0.0,3.75,119.01,110.7
TRGP,Targa Resources,Energy,Oil & Gas Storage & Transportation,153.77,213.93,146.3,153.48,151.56,157.82,162.21,174.09,0.2,12.25,172.61,143.03
TGT,Target Corporation,Consumer Staples,Consumer Staples Merchandise Retail,94.26,150.74,85.53,93.69,91.66,90.3,92.11,102.61,-0.2,0.73,94.95,85.66
TEL,TE Connectivity,Information Technology,Electronic Manufacturing Services,235.65,235.65,121.04,230.6,226.29,223.52,215.02,172.09,0.2,-0.93,233.46,213.57
TDY,Teledyne Technologies,Information Technology,Electronic Equipment & Instruments,532.09,593.62,435.54,551.62,558.66,570.55,558.84,515.21,-0.2,13.47,603.76,537.33
TER,Teradyne,Information Technology,Semiconductor Materials & Equipment,144.28,147.87,67.79,142.14,140.53,140.92,127.64,103.18,0.0,3.21,148.91,132.94
TSLA,"Tesla, Inc.",Consumer Discretionary,Automobile Manufacturers,433.72,479.86,213.65,442.34,438.0,438.37,398.0,335.78,-0.2,5.56,457.83,418.92
TXN,Texas Instruments,Information Technology,Semiconductors,169.13,219.66,143.34,174.49,174.88,177.5,185.37,184.26,-0.2,10.04,186.11,168.89
TPL,Texas Pacific Land Corporation,Energy,Oil & Gas Exploration & Production,928.63,1720.9,853.36,931.04,925.89,933.59,921.47,1140.63,-0.1,5.36,978.4,888.81
TXT,Textron,Industrials,Aerospace & Defense,81.22,88.01,60.69,81.74,81.97,83.57,82.29,76.91,0.0,8.09,87.79,79.35
TMO,Thermo Fisher Scientific,Health Care,Life Sciences Tools & Services,572.5,605.06,389.91,562.69,546.74,534.61,503.66,478.35,0.0,2.25,585.38,483.85
TJX,TJX Companies,Consumer Discretionary,Apparel Retail,141.91,145.16,110.99,142.92,143.17,142.66,140.26,128.15,0.2,2.73,145.78,139.53
TKO,TKO Group Holdings,Communication Services,Movies & Entertainment,186.85,205.33,113.99,186.73,188.05,192.29,192.67,167.65,0.0,9.24,204.11,180.46
TTD,Trade Desk (The),Communication Services,Advertising,52.0,139.51,43.93,53.29,51.94,51.85,50.65,69.5,0.1,6.29,55.27,48.43
TSCO,Tractor Supply,Consumer Discretionary,Other Specialty Retail,56.28,62.65,47.62,55.5,55.41,55.32,58.16,54.72,0.0,1.47,57.11,53.53
TT,Trane Technologies,Industrials,Building Products,425.87,471.46,313.81,418.56,418.98,420.31,416.18,396.36,-0.2,0.96,429.96,410.68
TDG,TransDigm Group,Industrials,Aerospace & Defense,1359.3,1516.55,1152.5,1330.87,1301.29,1295.45,1295.66,1311.35,0.2,-0.42,1353.59,1237.33
TRV,Travelers Companies (The),Financials,Property & Casualty Insurance,269.89,284.97,229.61,268.41,268.11,273.68,273.59,260.29,-0.2,6.6,287.7,259.66
TRMB,Trimble Inc.,Information Technology,Electronic Equipment & Instruments,81.42,85.24,55.12,79.89,78.85,79.39,80.39,74.2,0.0,1.47,82.62,76.17
TFC,Truist Financial,Financials,Diversified Banks,44.19,47.07,33.92,43.74,43.25,44.09,45.01,42.33,0.0,5.5,46.62,41.56
TYL,Tyler Technologies,Information Technology,Application Software,508.66,646.74,485.73,513.38,508.39,507.41,532.81,567.34,-0.2,3.67,527.33,487.49
TSN,Tyson Foods,Consumer Staples,Packaged Foods & Meats,51.38,62.84,51.38,52.15,52.31,52.97,54.47,55.98,-0.2,7.2,55.08,50.86
USB,U.S. Bancorp,Financials,Diversified Banks,48.26,51.35,35.62,47.62,46.92,47.22,47.72,44.42,0.0,1.64,49.05,45.39
UBER,Uber,Industrials,Passenger Ground Transportation,94.07,100.1,59.93,93.52,93.53,95.46,95.4,84.32,0.2,6.65,100.33,90.6
UDR,"UDR, Inc.",Real Estate,Multi-Family Residential REITs,36.24,44.54,35.6,36.4,36.27,36.15,37.16,39.72,0.0,1.6,36.82,35.48
ULTA,Ulta Beauty,Consumer Discretionary,Other Specialty Retail,517.66,566.91,314.47,522.22,530.43,543.75,532.06,446.77,0.0,10.96,574.4,513.11
UNP,Union Pacific Corporation,Industrials,Rail Transportation,216.61,249.94,205.73,223.15,224.45,229.1,224.66,227.06,-0.3,11.05,240.55,217.65
UAL,United Airlines Holdings,Industrials,Passenger Airlines,99.31,110.52,56.15,98.53,99.64,98.24,101.68,88.84,0.0,4.42,103.7,92.77
UPS,United Parcel Service,Industrials,Air Freight & Logistics,87.22,130.93,82.58,87.26,85.97,85.57,85.5,98.11,-0.1,1.49,88.52,82.63
URI,United Rentals,Industrials,Trading Companies & Distributors,913.33,1020.0,549.5,964.34,980.28,976.2,955.31,771.13,-0.4,13.02,1032.25,920.17
UNH,UnitedHealth Group,Health Care,Managed Health Care,362.5,611.98,236.28,362.86,360.73,358.73,337.57,386.54,-0.1,2.59,371.89,345.57
UHS,Universal Health Services,Health Care,Health Care Facilities,210.68,233.16,154.78,208.75,205.91,205.02,194.16,182.78,0.0,0.84,212.45,197.58
VLO,Valero Energy,Energy,Oil & Gas Refining & Marketing,171.05,175.63,102.97,164.78,162.27,163.34,158.69,137.02,0.2,1.19,173.09,153.6
VTR,Ventas,Real Estate,Health Care REITs,70.39,71.5,55.68,70.51,69.7,69.35,68.36,65.16,0.2,1.69,71.58,67.11
VLTO,Veralto,Industrials,Environmental & Facilities Services,104.65,110.45,85.14,104.22,103.11,104.1,105.62,100.76,0.0,2.81,107.59,100.61
VRSN,Verisign,Information Technology,Internet Services & Infrastructure,247.08,305.1,175.69,256.6,260.24,266.07,273.59,260.34,-0.2,15.07,284.31,247.82
VRSK,Verisk Analytics,Industrials,Research & Consulting Services,234.94,320.32,229.06,235.9,237.03,241.78,253.1,283.72,0.0,8.16,254.11,229.45
VZ,Verizon,Communication Services,Integrated Telecommunication Services,38.82,44.3,36.0,39.62,39.97,40.81,42.26,41.35,-0.2,12.03,43.49,38.13
VRTX,Vertex Pharmaceuticals,Health Care,Biotechnology,421.39,516.74,366.54,423.17,416.87,411.45,398.99,445.48,0.1,2.1,430.24,392.66
VTRS,Viatris,Health Care,Pharmaceuticals,10.35,12.87,7.08,10.35,10.18,10.08,10.14,9.38,-0.2,1.45,10.5,9.67
VICI,Vici Properties,Real Estate,Hotel & Resort REITs,31.19,33.46,27.08,31.26,31.12,31.61,32.16,31.2,0.0,5.93,33.04,30.19
V,Visa Inc.,Financials,Transaction & Payment Processing Services,347.38,372.65,279.77,346.06,344.5,345.69,344.7,344.46,0.0,1.77,353.53,337.85
VST,Vistra Corp.,Utilities,Electric Utilities,201.47,217.92,97.84,191.89,199.71,200.53,199.53,168.67,0.0,6.63,214.83,186.22
VMC,Vulcan Materials Company,Materials,Construction Materials,292.74,309.07,219.65,294.3,297.8,300.63,296.36,268.02,0.2,5.99,310.28,290.99
WRB,W. R. Berkley Corporation,Financials,Property & Casualty Insurance,75.03,78.46,56.03,74.75,75.38,76.13,73.95,68.7,-0.2,5.29,79.0,73.26
GWW,W. W. Grainger,Industrials,Industrial Machinery & Supplies & Components,968.41,1212.97,915.74,968.59,960.57,958.1,981.41,1015.91,-0.2,0.88,976.93,939.27
WAB,Wabtec,Industrials,Construction Machinery & Heavy Transportation Equipment,197.63,214.1,159.81,196.43,195.66,196.82,193.99,193.85,-0.2,2.21,202.0,191.63
WMT,Walmart,Consumer Staples,Consumer Staples Merchandise Retail,106.17,109.03,80.6,106.69,106.6,104.52,102.25,96.82,0.0,3.03,109.39,99.64
DIS,Walt Disney Company (The),Communication Services,Movies & Entertainment,111.68,124.01,81.37,112.81,111.77,112.1,114.59,109.73,0.0,2.98,115.01,109.19
WBD,Warner Bros. Discovery,Communication Services,Broadcasting,21.15,21.25,7.33,20.32,19.23,18.93,16.41,11.88,0.0,0.14,21.18,16.67
WM,Waste Management,Industrials,Environmental & Facilities Services,214.66,240.36,198.36,215.5,215.52,217.2,219.57,224.61,0.2,3.19,221.51,212.9
WAT,Waters Corporation,Health Care,Life Sciences Tools & Services,359.5,417.28,277.72,351.25,342.76,331.1,311.19,341.99,-0.1,1.22,363.89,298.31
WEC,WEC Energy Group,Utilities,Electric Utilities,115.83,117.5,89.8,116.64,116.5,115.27,111.34,105.7,0.2,2.11,118.27,112.27
WFC,Wells Fargo,Financials,Diversified Banks,86.41,86.46,60.29,85.11,84.27,82.62,81.8,76.3,0.0,1.6,87.79,77.45
WELL,Welltower,Real Estate,Health Care REITs,177.94,179.38,122.12,176.55,173.85,173.61,169.93,153.9,0.0,1.96,181.43,165.8
WST,West Pharmaceutical Services,Health Care,Health Care Supplies,297.47,347.02,190.04,287.2,276.04,271.38,259.21,244.35,0.4,-0.87,294.88,247.87
WDC,Western Digital,Information Technology,"Technology Hardware, Storage & Peripherals",129.43,131.31,30.45,123.71,122.31,122.73,104.03,65.17,0.0,2.76,133.0,112.46
WY,Weyerhaeuser,Real Estate,Timber REITs,23.89,31.52,23.3,23.67,23.72,24.21,24.85,26.5,0.2,6.07,25.34,23.08
WSM,"Williams-Sonoma, Inc.",Consumer Discretionary,Homefurnishing Retail,189.09,215.07,127.2,189.17,188.76,190.31,194.94,179.69,0.0,4.82,198.2,182.42
WMB,Williams Companies,Energy,Oil & Gas Storage & Transportation,57.48,64.48,49.82,60.79,61.78,62.7,60.07,57.99,-0.2,14.84,66.01,59.4
WTW,Willis Towers Watson,Financials,Insurance Brokers,328.34,349.93,287.2,330.79,333.15,338.63,335.18,320.22,0.2,7.48,352.9,324.38
WDAY,"Workday, Inc.",Information Technology,Application Software,242.75,279.91,210.47,243.15,238.61,237.83,233.54,242.37,-0.1,2.08,247.8,227.86
WYNN,Wynn Resorts,Consumer Discretionary,Casinos & Gaming,125.57,133.34,65.78,122.69,119.39,122.8,122.07,97.85,0.4,6.58,133.83,111.78
XEL,Xcel Energy,Utilities,Multi-Utilities,80.39,81.85,61.02,80.68,80.85,80.81,75.98,70.14,0.2,2.03,82.02,79.61
XYL,Xylem Inc.,Industrials,Industrial Machinery & Supplies & Components,148.25,149.9,102.25,147.18,146.5,147.03,143.7,129.51,0.0,1.36,150.27,143.78
YUM,Yum! Brands,Consumer Discretionary,Restaurants,143.36,160.96,121.48,146.76,145.14,146.92,147.22,145.13,0.0,7.77,154.5,139.34
ZBRA,Zebra Technologies,Information Technology,Electronic Equipment & Instruments,308.82,421.11,213.54,306.6,298.45,297.59,307.45,307.85,0.0,2.07,315.21,279.97
ZBH,Zimmer Biomet,Health Care,Health Care Equipment,103.03,112.61,89.76,103.12,101.03,99.7,101.64,100.25,0.0,1.66,104.74,94.65
ZTS,Zoetis,Health Care,Pharmaceuticals,145.94,186.72,141.11,146.12,144.57,144.56,148.15,156.59,0.0,1.53,148.17,140.94
