Symbol,Company,GICS_Sector,GICS_Sub_Industry,Current_Price,High_52_Week,Low_52_Week,SMA5,SMA10,SMA20,SMA50,SMA200,Score,Target_Pcnt,Target_Price,Stop_Loss
MMM,3M,Industrials,Industrial Conglomerates,157.87,159.47,122.31,155.6,155.06,155.01,153.49,144.13,0.0,0.87,159.24,150.78
AOS,A. O. Smith,Industrials,Building Products,72.57,88.84,59.04,73.06,72.41,72.37,71.05,67.81,0.2,2.41,74.32,70.43
ABT,Abbott Laboratories,Health Care,Health Care Equipment,133.73,138.95,110.09,131.98,132.19,131.93,130.35,127.17,0.0,0.06,133.81,130.05
ABBV,AbbVie,Health Care,Biotechnology,218.34,220.22,160.57,214.08,213.01,210.54,199.65,188.46,0.2,-0.34,217.6,203.48
ACN,Accenture,Information Technology,IT Consulting & Other Services,238.54,394.31,237.87,246.67,251.15,252.83,264.05,313.84,-0.4,10.59,263.8,241.86
ADBE,Adobe Inc.,Information Technology,Application Software,349.36,586.55,333.65,352.56,350.69,353.87,357.77,405.17,0.4,4.19,364.0,343.73
AMD,Advanced Micro Devices,Information Technology,Semiconductors,158.57,184.42,78.21,156.2,158.1,163.18,162.64,126.14,0.2,11.36,176.58,149.77
AES,AES Corporation,Utilities,Independent Power Producers & Energy Traders,12.88,19.11,9.5,12.78,12.98,13.16,12.99,11.58,0.0,6.6,13.73,12.58
AFL,Aflac,Financials,Life & Health Insurance,109.13,112.86,97.56,107.53,107.24,107.11,103.69,104.22,-0.3,0.32,109.48,104.75
A,Agilent Technologies,Health Care,Life Sciences Tools & Services,123.24,151.96,99.08,125.69,126.18,122.91,119.63,123.39,0.1,5.9,130.51,115.31
APD,Air Products,Materials,Industrial Gases,292.82,333.89,247.03,290.18,290.83,292.0,291.83,291.36,-0.2,1.74,297.92,286.09
ABNB,Airbnb,Consumer Discretionary,"Hotels, Resorts & Cruise Lines",122.55,161.42,105.69,123.49,124.96,126.14,130.58,131.05,0.0,6.94,131.05,121.23
AKAM,Akamai Technologies,Information Technology,Internet Services & Infrastructure,76.84,106.67,68.21,77.97,77.92,77.28,77.21,83.67,0.1,3.81,79.77,74.79
ALB,Albemarle Corporation,Materials,Specialty Chemicals,75.98,109.53,50.43,75.79,78.43,80.2,76.35,74.86,0.2,15.39,87.67,72.73
ARE,Alexandria Real Estate Equities,Real Estate,Office REITs,84.92,117.87,66.61,84.59,83.54,81.38,79.04,84.47,0.1,2.41,86.97,75.79
ALGN,Align Technology,Health Care,Health Care Supplies,131.56,257.17,129.01,134.64,135.85,139.67,161.72,185.36,0.0,13.32,149.08,130.25
ALLE,Allegion,Industrials,Building Products,175.02,177.18,118.08,173.14,171.38,170.52,163.09,140.74,0.0,0.37,175.67,165.36
LNT,Alliant Energy,Utilities,Electric Utilities,64.86,66.97,54.87,64.31,64.52,65.12,64.36,61.18,0.0,3.01,66.81,63.43
ALL,Allstate,Financials,Property & Casualty Insurance,200.39,212.57,177.81,200.66,202.45,203.86,200.13,196.32,0.2,4.98,210.37,197.35
GOOGL,Alphabet Inc. (Class A),Communication Services,Interactive Media & Services,240.8,240.8,144.4,238.8,231.52,218.11,201.07,180.66,0.0,3.46,249.13,187.08
GOOG,Alphabet Inc. (Class C),Communication Services,Interactive Media & Services,241.38,241.38,146.27,239.16,231.93,218.72,201.85,182.08,0.0,3.29,249.32,188.11
MO,Altria,Consumer Staples,Tobacco,66.65,67.68,46.47,66.24,66.53,66.65,63.14,56.96,0.0,1.67,67.76,65.53
AMZN,Amazon,Consumer Discretionary,Broadline Retail,228.15,242.06,167.32,232.5,231.08,229.67,226.76,213.97,0.0,4.06,237.41,221.91
AMCR,Amcor,Materials,Paper & Plastic Packaging Products & Materials,8.28,10.94,8.19,8.25,8.33,8.45,9.13,9.37,0.0,5.92,8.77,8.13
AEE,Ameren,Utilities,Multi-Utilities,100.79,102.53,81.1,99.77,99.62,99.96,99.12,95.3,-0.2,0.67,101.47,98.44
AEP,American Electric Power,Utilities,Electric Utilities,109.46,114.06,87.97,108.49,109.03,110.84,109.45,102.01,0.0,4.99,114.92,106.75
AXP,American Express,Financials,Consumer Finance,325.31,331.28,230.81,325.55,327.08,320.55,313.13,295.48,0.2,3.87,337.9,303.19
AIG,American International Group,Financials,Multi-line Insurance,78.93,87.26,69.3,78.58,79.76,80.85,80.37,79.22,0.0,6.54,84.09,77.6
AMT,American Tower,Real Estate,Telecom Tower REITs,195.08,232.72,170.7,194.73,196.76,201.95,211.21,204.36,-0.2,9.75,214.1,189.8
AWK,American Water Works,Utilities,Water Utilities,139.28,150.19,118.87,139.5,140.83,142.69,142.03,136.57,0.2,5.79,147.34,138.03
AMP,Ameriprise Financial,Financials,Asset Management & Custody Banks,497.08,569.83,419.45,495.17,501.18,505.88,515.64,513.86,-0.2,5.4,523.92,487.85
AME,Ametek,Industrials,Electrical Components & Equipment,189.93,196.4,151.15,189.1,187.48,186.17,183.29,179.72,0.2,0.64,191.15,181.2
AMGN,Amgen,Health Care,Biotechnology,276.39,326.46,252.22,279.56,282.0,286.52,291.08,283.69,0.0,7.66,297.56,275.47
APH,Amphenol,Information Technology,Electronic Components,118.68,119.47,58.99,116.91,113.66,111.77,107.25,82.87,0.0,0.14,118.85,104.68
ADI,Analog Devices,Information Technology,Semiconductors,245.21,254.62,163.21,247.56,247.42,246.1,238.1,217.86,0.2,6.34,260.76,231.44
AON,Aon plc,Financials,Insurance Brokers,371.95,407.61,334.44,368.59,370.0,370.22,363.34,368.68,-0.3,1.42,377.23,363.22
APA,APA Corporation,Energy,Oil & Gas Exploration & Production,22.84,25.74,13.62,22.61,22.9,22.14,20.42,19.72,0.0,6.79,24.39,19.89
APO,Apollo Global Management,Financials,Asset Management & Custody Banks,138.03,176.82,107.28,135.39,134.79,135.36,141.65,145.74,0.0,0.88,139.24,131.48
AAPL,Apple Inc.,Information Technology,"Technology Hardware, Storage & Peripherals",234.07,258.1,172.0,232.62,234.29,231.71,221.0,221.06,-0.1,2.72,240.44,222.97
AMAT,Applied Materials,Information Technology,Semiconductor Materials & Equipment,167.8,211.69,126.23,165.38,162.25,162.38,178.03,167.38,0.2,0.55,168.72,156.03
APTV,Aptiv,Consumer Discretionary,Automotive Parts & Equipment,82.79,83.72,47.92,82.51,81.1,79.2,73.31,64.76,0.2,2.29,84.69,73.7
ACGL,Arch Capital Group,Financials,Property & Casualty Insurance,92.26,109.22,84.99,91.13,91.49,91.67,89.79,91.99,-0.1,1.54,93.68,89.65
ADM,Archer Daniels Midland,Consumer Staples,Agricultural Products & Services,61.57,64.21,41.01,61.78,62.02,61.76,57.77,50.57,0.2,4.48,64.33,59.19
ANET,Arista Networks,Information Technology,Communications Equipment,139.39,153.04,64.37,145.01,141.89,138.03,126.16,103.81,0.4,7.15,149.36,126.69
AJG,Arthur J. Gallagher & Co.,Financials,Insurance Brokers,297.28,347.33,273.85,297.74,299.45,299.23,300.56,312.24,0.2,2.81,305.63,292.82
AIZ,Assurant,Financials,Multi-line Insurance,213.01,225.29,178.36,211.71,213.05,213.35,200.46,202.72,0.1,2.28,217.87,208.85
T,AT&T,Communication Services,Integrated Telecommunication Services,29.57,29.59,20.4,29.32,29.32,29.14,28.27,26.09,-0.2,0.57,29.74,28.53
ATO,Atmos Energy,Utilities,Gas Utilities,166.54,167.34,131.79,164.96,165.29,165.36,160.18,150.71,0.0,0.54,167.44,163.27
ADSK,Autodesk,Information Technology,Application Software,319.05,326.79,238.84,323.87,321.7,304.49,300.42,290.83,0.2,6.41,339.5,269.47
ADP,Automatic Data Processing,Industrials,Human Resource & Employment Services,293.5,325.19,268.69,295.92,297.94,301.3,303.1,301.75,-0.2,5.63,310.02,292.57
AZO,AutoZone,Consumer Discretionary,Automotive Retail,4322.15,4354.54,2981.19,4292.72,4248.38,4188.92,3981.27,3631.5,0.2,0.76,4355.0,4022.63
AVB,AvalonBay Communities,Real Estate,Multi-Family Residential REITs,195.15,232.03,182.72,194.87,193.84,192.82,194.8,206.37,-0.2,1.19,197.47,188.16
AVY,Avery Dennison,Materials,Paper & Plastic Packaging Products & Materials,165.65,217.94,157.86,166.84,167.51,170.56,173.32,178.55,0.0,7.24,177.64,163.46
AXON,Axon Enterprise,Industrials,Aerospace & Defense,756.13,870.97,361.71,745.48,740.21,754.05,762.07,667.67,0.0,4.3,788.64,719.46
BKR,Baker Hughes,Energy,Oil & Gas Equipment & Services,46.49,48.05,32.21,46.29,45.91,44.9,43.19,41.36,0.2,2.22,47.52,42.29
BALL,Ball Corporation,Materials,"Metal, Glass & Plastic Containers",51.19,66.93,44.6,50.75,50.88,51.81,54.87,53.47,0.0,5.53,54.02,49.6
BAC,Bank of America,Financials,Diversified Banks,50.58,50.75,34.0,50.24,50.17,49.43,47.87,44.34,0.0,2.19,51.69,47.17
BAX,Baxter International,Health Care,Health Care Equipment,23.99,39.36,21.61,24.2,24.14,24.12,25.58,29.62,0.2,3.33,24.79,23.46
BDX,Becton Dickinson,Health Care,Health Care Equipment,186.84,245.13,163.27,189.58,189.71,192.32,185.21,201.56,-0.1,6.51,199.0,185.64
BRK-B,Berkshire Hathaway,Financials,Multi-Sector Holdings,493.74,539.8,442.29,493.45,497.95,493.04,481.78,488.85,0.1,2.97,508.4,477.7
BBY,Best Buy,Consumer Discretionary,Computer & Electronics Retail,75.87,99.54,55.4,77.11,76.18,74.77,71.15,74.49,0.1,3.74,78.71,70.83
TECH,Bio-Techne,Health Care,Life Sciences Tools & Services,51.26,79.93,46.59,52.75,53.25,54.18,53.84,59.41,0.1,11.9,57.36,51.0
BIIB,Biogen,Health Care,Biotechnology,144.86,201.44,113.38,144.25,141.53,139.41,134.01,136.42,0.1,1.53,147.08,131.75
BLK,BlackRock,Financials,Asset Management & Custody Banks,1123.41,1154.71,807.61,1114.21,1109.95,1119.31,1110.1,1001.59,-0.2,2.01,1145.99,1092.59
BX,Blackstone Inc.,Financials,Asset Management & Custody Banks,181.35,194.8,118.51,177.99,173.81,171.46,169.27,157.31,0.2,-0.1,181.17,161.76
XYZ,"Block, Inc.",Financials,Transaction & Payment Processing Services,72.87,98.92,46.53,74.44,75.45,76.34,74.94,71.79,0.2,10.96,80.86,71.82
BK,BNY Mellon,Financials,Asset Management & Custody Banks,106.48,106.48,66.54,104.97,104.91,103.87,100.74,87.28,-0.2,0.77,107.3,100.44
BA,Boeing,Industrials,Aerospace & Defense,215.94,237.38,136.59,224.78,228.87,229.75,228.41,191.24,0.0,11.46,240.69,218.82
BKNG,Booking Holdings,Consumer Discretionary,"Hotels, Resorts & Cruise Lines",5458.32,5805.92,3800.21,5514.53,5531.36,5576.78,5587.87,5129.15,0.0,5.15,5739.42,5414.25
BSX,Boston Scientific,Health Care,Health Care Equipment,102.71,108.14,82.52,105.7,106.27,105.66,104.85,100.54,0.0,5.97,108.84,102.48
BMY,Bristol Myers Squibb,Health Care,Pharmaceuticals,46.2,61.62,43.31,46.97,47.08,47.46,47.07,51.58,-0.1,5.41,48.7,46.22
AVGO,Broadcom,Information Technology,Semiconductors,359.87,369.57,145.95,354.28,331.04,314.67,299.87,233.75,0.0,1.5,365.27,264.05
BR,Broadridge Financial Solutions,Industrials,Data Processing & Outsourced Services,252.03,265.85,205.08,251.96,251.53,255.14,250.44,237.68,0.2,4.53,263.45,246.84
BRO,Brown & Brown,Financials,Insurance Brokers,93.54,124.07,91.23,93.82,94.7,95.46,98.14,107.57,-0.2,4.66,97.9,93.01
BF-B,Brown–Forman,Consumer Staples,Distillers & Vintners,27.51,48.21,25.45,27.45,28.12,29.14,29.24,32.64,0.0,14.87,31.6,26.68
BLDR,Builders FirstSource,Industrials,Building Products,142.73,201.83,105.63,143.58,142.27,140.56,134.76,136.02,-0.3,4.6,149.3,131.82
BG,Bunge Global,Consumer Staples,Agricultural Products & Services,81.62,96.95,67.23,82.88,82.67,83.14,79.67,77.3,0.0,7.2,87.5,78.78
BXP,"BXP, Inc.",Real Estate,Office REITs,77.18,86.01,56.05,75.09,74.63,71.39,69.31,68.64,0.2,2.38,79.02,63.76
CHRW,C.H. Robinson,Industrials,Air Freight & Logistics,132.41,132.41,85.99,128.6,128.09,126.13,113.6,101.6,0.0,-0.09,132.29,119.97
CDNS,Cadence Design Systems,Information Technology,Application Software,343.48,371.03,231.64,351.82,350.0,349.3,342.27,302.22,-0.2,5.04,360.79,337.8
CZR,Caesars Entertainment,Consumer Discretionary,Casinos & Gaming,25.09,45.55,23.18,25.68,25.8,25.92,27.18,29.98,0.2,8.85,27.31,24.53
CPT,Camden Property Trust,Real Estate,Multi-Family Residential REITs,109.51,123.69,104.05,110.33,110.33,109.47,110.4,114.05,0.0,2.82,112.6,106.35
CPB,Campbell's Company (The),Consumer Staples,Packaged Foods & Meats,33.23,49.57,30.28,33.62,33.19,32.79,32.22,36.09,-0.1,3.31,34.33,31.25
COF,Capital One,Financials,Consumer Finance,223.76,227.22,134.82,222.82,223.38,221.28,217.38,194.07,-0.2,2.79,230.0,212.57
CAH,Cardinal Health,Health Care,Health Care Distributors,152.24,167.63,106.71,151.04,150.3,149.81,154.84,139.61,-0.2,0.55,153.08,146.55
KMX,CarMax,Consumer Discretionary,Automotive Retail,59.77,89.19,54.66,60.59,60.59,60.05,60.56,71.73,0.0,4.94,62.72,57.38
CCL,Carnival,Consumer Discretionary,"Hotels, Resorts & Cruise Lines",31.51,32.49,16.43,31.69,31.62,31.16,30.15,24.94,0.0,5.27,33.17,29.16
CARR,Carrier Global,Industrials,Building Products,61.67,81.67,55.21,63.11,63.58,65.02,69.52,68.23,-0.2,11.37,68.68,61.37
CAT,Caterpillar Inc.,Industrials,Construction Machinery & Heavy Transportation Equipment,431.52,438.02,271.63,425.34,422.02,423.1,419.29,366.82,0.0,1.74,439.03,407.17
CBOE,Cboe Global Markets,Financials,Financial Exchanges & Data,234.21,253.24,189.73,234.38,234.19,239.71,240.83,219.62,-0.2,7.99,252.92,226.49
CBRE,CBRE Group,Real Estate,Real Estate Services,164.02,165.9,113.94,163.63,162.5,161.98,153.6,137.36,0.0,1.49,166.46,157.5
CDW,CDW Corporation,Information Technology,Technology Distributors,164.29,225.45,143.46,167.52,166.4,165.84,170.74,173.66,0.2,3.6,170.2,161.46
COR,Cencora,Health Care,Health Care Distributors,302.52,303.69,217.68,299.63,296.5,295.04,293.04,270.78,0.0,0.69,304.61,285.47
CNC,Centene Corporation,Health Care,Managed Health Care,33.26,76.57,25.21,31.7,30.49,29.71,28.84,51.69,0.3,-1.53,32.75,26.68
CNP,CenterPoint Energy,Utilities,Multi-Utilities,38.24,38.94,26.91,37.83,37.76,37.8,37.53,35.12,0.0,0.26,38.34,37.26
CF,CF Industries,Materials,Fertilizers & Agricultural Chemicals,85.63,101.88,67.67,85.56,85.53,85.72,89.07,85.37,0.2,2.58,87.84,83.6
CRL,Charles River Laboratories,Health Care,Life Sciences Tools & Services,152.89,220.69,99.75,157.06,159.85,160.02,160.65,158.34,-0.2,9.29,167.09,152.94
SCHW,Charles Schwab Corporation,Financials,Investment Banking & Brokerage,93.54,98.69,60.96,93.37,94.47,95.36,95.19,84.08,0.0,5.35,98.54,92.18
CHTR,Charter Communications,Communication Services,Cable & Satellite,263.4,427.25,256.57,263.51,262.98,265.82,306.07,355.35,0.0,4.02,273.99,257.66
CVX,Chevron Corporation,Energy,Integrated Oil & Gas,157.11,164.65,130.67,156.4,157.38,156.77,153.35,147.58,0.2,3.09,161.96,151.58
CMG,Chipotle Mexican Grill,Consumer Discretionary,Restaurants,38.63,66.16,38.63,39.08,40.36,41.71,45.84,52.28,0.0,16.7,45.08,38.34
CB,Chubb Limited,Financials,Property & Casualty Insurance,278.11,301.45,256.04,278.58,278.03,276.51,274.59,279.43,-0.1,1.41,282.03,270.99
CHD,Church & Dwight,Consumer Staples,Household Products,92.94,112.48,90.63,93.97,94.06,93.75,94.6,100.76,0.2,3.24,95.95,91.56
CI,Cigna,Health Care,Health Care Services,302.76,359.97,260.91,302.79,302.08,300.65,294.62,303.83,0.1,1.12,306.15,295.15
CINF,Cincinnati Financial,Financials,Property & Casualty Insurance,156.86,157.35,125.84,154.62,154.21,153.58,151.07,144.5,0.2,-0.01,156.84,150.32
CTAS,Cintas,Industrials,Diversified Support Services,202.37,227.2,181.05,202.62,204.56,209.38,215.95,209.01,-0.2,8.84,220.26,198.51
CSCO,Cisco,Information Technology,Communications Equipment,66.53,71.79,47.8,67.31,67.6,67.54,68.25,62.44,0.0,3.98,69.18,65.9
C,Citigroup,Financials,Diversified Banks,99.44,99.44,55.59,97.73,96.75,95.73,93.23,77.87,0.2,-0.19,99.25,92.21
CFG,Citizens Financial Group,Financials,Regional Banks,51.82,52.51,33.59,51.76,51.86,50.89,49.02,43.62,0.0,3.8,53.79,48.0
CLX,Clorox,Consumer Staples,Household Products,123.51,165.31,116.82,124.56,123.56,121.67,123.68,138.79,0.0,3.01,127.23,116.1
CME,CME Group,Financials,Financial Exchanges & Data,262.3,288.01,204.06,261.49,263.17,266.6,272.6,257.19,-0.2,4.8,274.89,258.3
CMS,CMS Energy,Utilities,Multi-Utilities,71.68,74.4,63.54,71.23,71.35,71.88,71.79,69.66,0.0,2.22,73.27,70.48
KO,Coca-Cola Company (The),Consumer Staples,Soft Drinks & Non-alcoholic Beverages,67.01,73.38,59.94,67.55,68.1,68.83,69.33,67.85,0.0,5.82,70.91,66.75
CTSH,Cognizant,Information Technology,IT Consulting & Other Services,69.17,89.65,65.92,70.17,71.0,71.12,72.8,77.06,0.0,5.65,73.08,69.16
COIN,Coinbase,Financials,Financial Exchanges & Data,323.04,419.78,151.47,316.66,309.96,309.82,341.7,272.61,0.0,0.84,325.75,293.88
CL,Colgate-Palmolive,Consumer Staples,Household Products,83.28,104.01,83.06,83.8,84.01,84.48,86.02,89.03,0.2,3.63,86.3,82.66
CMCSA,Comcast,Communication Services,Cable & Satellite,33.06,43.96,31.41,33.52,33.75,33.72,33.83,35.16,-0.2,3.75,34.3,33.13
CAG,Conagra Brands,Consumer Staples,Packaged Foods & Meats,19.17,30.88,18.26,19.37,19.22,19.19,19.14,22.98,-0.1,2.5,19.65,18.72
COP,ConocoPhillips,Energy,Oil & Gas Exploration & Production,92.43,111.14,81.29,92.83,94.55,95.29,94.15,94.19,0.1,8.08,99.9,90.68
ED,Consolidated Edison,Utilities,Multi-Utilities,97.55,111.42,85.77,97.19,97.51,98.98,100.48,99.23,0.0,4.92,102.35,95.61
STZ,Constellation Brands,Consumer Staples,Distillers & Vintners,139.49,252.91,139.49,143.49,147.14,155.62,164.36,181.59,0.0,25.48,175.03,136.2
CEG,Constellation Energy,Utilities,Electric Utilities,323.48,354.46,170.52,312.22,309.54,312.84,321.13,276.38,0.2,1.15,327.2,298.5
COO,Cooper Companies (The),Health Care,Health Care Supplies,66.68,111.23,64.58,67.97,67.58,70.21,71.65,81.94,-0.2,15.39,76.94,63.48
CPRT,Copart,Industrials,Diversified Support Services,48.4,63.84,45.33,48.53,48.66,48.37,47.4,54.5,-0.1,2.58,49.65,47.1
GLW,Corning Inc.,Information Technology,Electronic Components,77.04,77.04,38.69,74.4,71.77,68.81,62.28,51.28,0.2,-0.8,76.42,61.19
CPAY,Corpay,Financials,Transaction & Payment Processing Services,307.36,389.55,283.07,310.09,314.99,318.41,322.59,340.29,0.0,7.7,331.03,305.78
CTVA,Corteva,Materials,Fertilizers & Agricultural Chemicals,74.29,76.93,54.59,72.9,72.98,73.03,72.95,65.66,0.0,0.66,74.78,71.29
CSGP,CoStar Group,Real Estate,Real Estate Services,86.8,96.83,69.29,87.27,88.04,88.73,89.2,79.98,-0.2,5.05,91.18,86.28
COST,Costco,Consumer Staples,Consumer Staples Merchandise Retail,967.9,1073.97,869.13,967.92,959.09,961.17,960.75,974.67,-0.1,2.47,991.81,930.48
CTRA,Coterra,Energy,Oil & Gas Exploration & Production,24.36,29.06,21.94,24.16,24.24,23.98,24.03,25.38,-0.2,2.05,24.86,23.1
CRWD,CrowdStrike,Information Technology,Systems Software,436.1,514.1,253.53,429.18,422.64,422.7,447.79,412.35,0.2,0.47,438.15,407.23
CCI,Crown Castle,Real Estate,Telecom Tower REITs,95.39,115.16,82.06,94.68,95.93,98.78,102.75,97.5,-0.2,10.48,105.39,92.18
CSX,CSX Corporation,Industrials,Rail Transportation,32.47,36.37,26.47,32.4,32.42,33.42,34.17,31.93,-0.2,12.57,36.55,30.3
CMI,Cummins,Industrials,Construction Machinery & Heavy Transportation Equipment,410.27,411.03,264.26,403.75,400.53,399.48,375.53,343.48,0.2,-0.19,409.49,389.48
CVS,CVS Health,Health Care,Health Care Services,74.98,74.98,42.33,73.13,73.37,72.19,66.84,61.45,0.0,0.69,75.5,68.88
DHR,Danaher Corporation,Health Care,Life Sciences Tools & Services,190.05,276.83,174.36,194.15,197.91,203.13,201.08,207.84,-0.3,13.74,216.16,190.08
DRI,Darden Restaurants,Consumer Discretionary,Restaurants,212.61,224.21,152.57,212.02,210.37,208.56,207.73,197.24,0.2,0.36,213.38,203.75
DDOG,Datadog,Information Technology,Application Software,136.5,168.65,87.0,138.34,136.35,133.25,137.73,127.92,-0.2,4.3,142.37,124.13
DVA,DaVita,Health Care,Health Care Services,133.17,177.35,127.69,133.98,135.4,136.21,138.53,147.53,0.0,5.33,140.27,132.15
DAY,Dayforce,Industrials,Human Resource & Employment Services,68.99,81.8,49.33,69.03,69.25,68.07,60.9,62.88,0.1,9.25,75.37,60.77
DECK,Deckers Brands,Consumer Discretionary,Footwear,118.5,223.11,95.32,116.62,119.36,114.35,108.62,137.39,-0.1,7.75,127.68,101.03
DE,Deere & Company,Industrials,Agricultural & Farm Machinery,470.51,529.8,381.62,475.09,474.85,482.68,498.18,477.5,-0.2,6.18,499.59,465.78
DELL,Dell Technologies,Information Technology,"Technology Hardware, Storage & Peripherals",125.04,142.14,70.88,123.83,123.78,128.25,129.28,112.15,0.0,10.97,138.76,117.75
DAL,Delta Air Lines,Industrials,Passenger Airlines,59.87,68.45,35.65,60.83,61.0,60.76,57.03,54.6,0.2,4.73,62.7,58.83
DVN,Devon Energy,Energy,Oil & Gas Exploration & Production,34.77,42.08,26.61,34.88,35.23,34.92,33.85,33.51,0.2,5.41,36.65,33.19
DXCM,Dexcom,Health Care,Health Care Equipment,76.22,90.75,59.83,76.92,77.45,78.26,81.03,80.07,0.2,9.32,83.32,73.2
FANG,Diamondback Energy,Energy,Oil & Gas Exploration & Production,136.88,194.36,117.58,137.7,141.09,141.71,141.93,147.97,0.0,9.74,150.21,133.21
DLR,Digital Realty,Real Estate,Data Center REITs,173.5,191.46,135.17,169.45,166.54,166.61,170.58,166.61,0.0,0.46,174.3,158.91
DG,Dollar General,Consumer Staples,Consumer Staples Merchandise Retail,104.4,116.32,67.66,105.91,107.62,109.98,110.79,91.72,-0.2,10.88,115.76,104.19
DLTR,Dollar Tree,Consumer Staples,Consumer Staples Merchandise Retail,97.45,117.16,61.21,98.28,101.53,107.09,109.95,86.07,-0.2,23.17,120.03,94.14
D,Dominion Energy,Utilities,Multi-Utilities,60.05,61.39,48.51,59.26,58.85,59.46,58.73,54.85,0.0,2.18,61.36,57.57
DPZ,Domino's,Consumer Discretionary,Restaurants,452.05,495.6,398.04,456.86,460.29,455.19,459.23,457.06,-0.2,3.91,469.73,440.64
DASH,DoorDash,Consumer Discretionary,Specialized Consumer Services,257.98,270.99,129.88,256.55,251.65,249.48,248.08,205.67,0.0,0.45,259.14,239.82
DOV,Dover Corporation,Industrials,Industrial Machinery & Supplies & Components,172.98,204.71,150.28,175.88,176.49,177.97,181.14,183.6,0.0,5.86,183.12,172.83
DOW,Dow Inc.,Materials,Commodity Chemicals,25.04,51.44,20.57,24.4,24.34,24.1,24.85,31.31,-0.2,1.08,25.31,22.89
DHI,D. R. Horton,Consumer Discretionary,Homebuilding,177.87,194.88,114.44,179.39,176.73,171.79,155.3,137.91,0.0,3.57,184.22,159.36
DTE,DTE Energy,Utilities,Multi-Utilities,136.84,141.49,114.13,135.82,135.99,137.4,137.12,130.23,0.0,2.94,140.86,133.94
DUK,Duke Energy,Utilities,Electric Utilities,121.95,124.85,102.96,121.19,121.33,122.32,120.69,114.94,0.0,2.44,124.93,119.72
DD,DuPont,Materials,Specialty Chemicals,77.29,87.69,54.51,77.17,76.91,76.06,74.4,72.94,0.0,2.72,79.39,72.74
EMN,Eastman Chemical Company,Materials,Specialty Chemicals,67.16,110.6,58.79,67.33,68.16,67.77,70.76,82.87,0.2,5.14,70.61,64.94
ETN,Eaton Corporation,Industrials,Electrical Components & Equipment,365.9,391.62,244.95,357.19,351.91,350.82,361.83,327.56,0.4,-0.9,362.61,339.02
EBAY,eBay Inc.,Consumer Discretionary,Broadline Retail,90.8,100.46,56.61,92.01,91.64,94.49,88.13,72.59,-0.2,11.82,101.53,87.46
ECL,Ecolab,Materials,Specialty Chemicals,272.62,285.47,225.1,272.52,273.62,277.5,272.47,256.31,0.2,5.09,286.5,268.51
EIX,Edison International,Utilities,Electric Utilities,56.2,84.75,47.56,55.21,55.25,55.24,53.69,57.66,-0.3,1.17,56.86,53.62
EW,Edwards Lifesciences,Health Care,Health Care Equipment,77.57,81.83,64.54,78.77,80.01,80.21,78.83,74.57,0.2,6.99,82.99,77.43
EA,Electronic Arts,Communication Services,Interactive Home Entertainment,172.38,178.81,116.08,169.33,169.45,170.52,162.52,148.83,-0.2,1.25,174.53,166.51
ELV,Elevance Health,Health Care,Managed Health Care,311.76,543.57,273.17,310.65,312.89,311.17,305.6,371.88,0.1,2.54,319.68,302.66
EMR,Emerson Electric,Industrials,Electrical Components & Equipment,135.1,149.04,93.37,134.2,132.96,132.66,137.21,123.38,0.2,0.78,136.15,129.16
ENPH,Enphase Energy,Information Technology,Semiconductor Materials & Equipment,37.63,119.74,30.11,37.76,37.68,37.17,36.85,52.27,0.1,5.37,39.65,34.69
ETR,Entergy,Utilities,Electric Utilities,90.29,91.02,59.35,88.49,88.11,88.58,87.31,81.92,0.2,0.34,90.6,86.56
EOG,EOG Resources,Energy,Oil & Gas Exploration & Production,118.16,134.72,102.81,118.68,120.44,120.32,119.58,120.1,0.1,6.18,125.46,115.18
EPAM,EPAM Systems,Information Technology,IT Consulting & Other Services,156.09,267.63,143.33,159.3,165.92,167.37,166.0,193.02,0.1,15.82,180.78,153.95
EQT,EQT Corporation,Energy,Oil & Gas Exploration & Production,50.94,60.26,32.43,50.82,51.32,51.54,52.93,51.4,0.2,4.0,52.98,50.09
EFX,Equifax,Industrials,Research & Consulting Services,256.25,304.58,204.69,253.4,247.46,247.49,249.0,252.29,-0.2,1.28,259.53,235.46
EQIX,Equinix,Real Estate,Data Center REITs,788.61,968.75,731.64,782.35,777.33,777.98,776.27,850.79,-0.1,1.03,796.73,759.22
EQR,Equity Residential,Real Estate,Multi-Family Residential REITs,66.44,75.24,61.2,66.44,65.94,65.25,65.46,68.18,-0.2,1.29,67.3,63.19
ERIE,Erie Indemnity,Financials,Insurance Brokers,338.66,537.71,328.17,334.88,336.65,348.09,351.78,381.55,-0.2,10.55,374.39,321.78
ESS,Essex Property Trust,Real Estate,Multi-Family Residential REITs,267.09,308.41,252.08,266.82,265.9,264.73,270.69,280.49,0.0,1.75,271.76,257.7
EL,Estée Lauder Companies (The),Consumer Staples,Personal Care Products,83.65,98.93,49.61,87.09,88.62,89.14,89.26,74.23,-0.2,11.67,93.41,84.87
EG,Everest Group,Financials,Reinsurance,349.37,400.34,324.54,343.61,343.9,341.97,337.01,346.47,-0.1,0.62,351.54,332.4
EVRG,Evergy,Utilities,Electric Utilities,72.52,72.6,56.74,71.66,71.54,71.6,70.47,65.82,-0.2,0.04,72.55,70.66
ES,Eversource Energy,Utilities,Electric Utilities,65.7,66.62,53.58,64.3,63.95,64.48,65.16,61.0,-0.2,1.17,66.47,62.48
EXC,Exelon,Utilities,Electric Utilities,43.38,46.54,35.25,43.26,43.35,43.92,43.79,42.03,0.2,4.2,45.2,42.65
EXE,Expand Energy,Energy,Oil & Gas Exploration & Production,96.22,120.67,70.05,95.56,96.2,95.54,98.8,102.58,0.0,2.07,98.21,92.87
EXPE,Expedia Group,Consumer Discretionary,"Hotels, Resorts & Cruise Lines",222.19,222.19,129.01,218.79,216.49,213.16,196.71,179.35,-0.2,0.25,222.75,203.57
EXPD,Expeditors International,Industrials,Air Freight & Logistics,123.51,129.72,102.14,122.18,121.52,120.99,118.11,114.69,0.2,-0.09,123.4,118.57
EXR,Extra Space Storage,Real Estate,Self-Storage REITs,147.15,177.29,125.24,146.47,145.11,142.53,144.05,146.84,0.0,1.35,149.14,135.93
XOM,ExxonMobil,Energy,Integrated Oil & Gas,112.16,121.0,98.11,111.46,111.98,110.94,109.89,107.83,0.0,3.03,115.56,106.32
FFIV,"F5, Inc.",Information Technology,Communications Equipment,321.67,334.59,202.91,325.8,318.81,317.49,310.71,283.28,0.2,2.42,329.45,305.52
FDS,FactSet,Financials,Financial Exchanges & Data,361.84,490.93,361.76,368.46,369.58,373.22,397.33,437.36,0.0,6.47,385.25,361.2
FICO,Fair Isaac,Information Technology,Application Software,1544.05,2382.4,1311.26,1551.15,1535.39,1466.18,1483.85,1813.86,0.0,5.19,1624.19,1308.22
FAST,Fastenal,Industrials,Trading Companies & Distributors,47.45,50.39,33.69,47.77,48.55,49.15,47.21,40.82,-0.2,7.76,51.13,47.18
FRT,Federal Realty Investment Trust,Real Estate,Retail REITs,101.65,113.73,82.59,101.2,100.94,99.19,95.96,98.63,0.1,2.45,104.14,94.25
FDX,FedEx,Industrials,Air Freight & Logistics,229.55,298.15,195.55,226.96,226.12,227.57,228.68,239.27,0.0,1.95,234.03,221.12
FIS,Fidelity National Information Services,Financials,Transaction & Payment Processing Services,66.84,89.09,66.37,67.54,67.95,68.85,73.98,76.09,0.0,6.57,71.23,66.46
FITB,Fifth Third Bancorp,Financials,Regional Banks,45.56,47.14,33.02,45.45,45.6,44.77,43.44,40.99,0.0,3.51,47.16,42.38
FSLR,First Solar,Information Technology,Semiconductors,201.7,255.75,120.38,203.01,201.45,201.5,187.29,166.04,0.0,6.08,213.96,189.03
FE,FirstEnergy,Utilities,Electric Utilities,43.8,43.95,37.17,43.46,43.47,43.49,42.26,40.34,0.0,0.27,43.92,43.07
FI,Fiserv,Financials,Transaction & Payment Processing Services,134.32,237.79,132.14,134.76,135.67,137.0,145.07,187.14,0.0,4.85,140.83,133.16
F,Ford Motor Company,Consumer Discretionary,Automobile Manufacturers,11.68,11.91,8.45,11.61,11.66,11.64,11.39,10.14,0.2,2.31,11.95,11.33
FTNT,Fortinet,Information Technology,Systems Software,79.68,114.57,74.39,80.05,78.78,78.79,90.2,97.79,-0.2,2.17,81.41,76.18
FTV,Fortive,Industrials,Industrial Machinery & Supplies & Components,48.83,62.47,46.55,48.37,47.95,48.12,49.3,54.24,0.0,1.02,49.33,46.91
FOXA,Fox Corporation (Class A),Communication Services,Broadcasting,58.25,62.48,38.55,59.06,59.79,59.22,57.07,52.98,-0.2,6.2,61.86,56.59
FOX,Fox Corporation (Class B),Communication Services,Broadcasting,52.79,56.81,35.67,53.45,54.3,53.97,52.15,49.14,-0.2,6.82,56.39,51.55
BEN,Franklin Resources,Financials,Asset Management & Custody Banks,24.64,26.03,16.43,24.65,25.06,25.1,24.92,21.3,0.2,5.36,25.96,24.24
FCX,Freeport-McMoRan,Materials,Copper,44.72,51.16,28.93,45.21,45.4,44.11,43.68,39.81,0.2,6.06,47.43,40.79
GRMN,Garmin,Consumer Discretionary,Consumer Electronics,238.08,241.82,159.72,238.65,238.13,235.86,229.7,212.57,-0.2,2.02,242.89,228.84
IT,Gartner,Information Technology,IT Consulting & Other Services,247.33,551.8,225.98,242.72,244.59,244.19,295.43,421.1,-0.2,2.55,253.64,234.76
GE,GE Aerospace,Industrials,Aerospace & Defense,281.69,283.41,159.16,279.79,278.7,274.04,268.77,218.76,0.0,1.33,285.44,262.63
GEHC,GE HealthCare,Health Care,Health Care Equipment,76.44,93.69,58.69,77.45,75.48,74.71,74.49,77.21,-0.1,2.64,78.46,70.97
GEV,GE Vernova,Industrials,Heavy Electrical Equipment,625.55,664.55,208.74,621.84,605.98,610.59,606.52,433.85,0.0,3.36,646.57,574.61
GEN,Gen Digital,Information Technology,Systems Software,29.14,32.03,23.31,29.49,29.58,30.36,30.11,28.17,0.2,9.99,32.05,28.66
GNRC,Generac,Industrials,Electrical Components & Equipment,184.39,202.85,101.92,184.61,182.24,187.49,176.25,148.72,0.0,8.89,200.78,174.18
GD,General Dynamics,Industrials,Aerospace & Defense,326.15,329.62,239.38,324.57,323.99,321.48,313.18,277.72,0.0,1.09,329.71,313.26
GIS,General Mills,Consumer Staples,Packaged Foods & Meats,49.92,72.02,48.44,50.2,49.96,49.72,50.0,55.72,-0.2,1.64,50.74,48.7
GM,General Motors,Consumer Discretionary,Automobile Manufacturers,58.5,59.57,42.24,58.15,58.14,57.78,54.84,50.43,0.0,1.68,59.48,56.07
GPC,Genuine Parts Company,Consumer Discretionary,Distributors,141.28,142.77,103.92,140.47,139.07,138.21,132.6,121.94,0.2,0.66,142.21,134.22
GILD,Gilead Sciences,Health Care,Biotechnology,114.55,120.47,78.41,115.86,114.58,115.26,114.01,104.77,0.2,4.09,119.24,111.28
GPN,Global Payments,Financials,Transaction & Payment Processing Services,85.35,118.42,67.25,86.29,86.91,87.17,83.99,92.37,0.1,5.0,89.62,84.72
GL,Globe Life,Financials,Life & Health Insurance,142.27,143.27,100.46,140.92,140.63,139.73,134.06,122.79,0.0,0.74,143.32,136.14
GDDY,GoDaddy,Information Technology,Internet Services & Infrastructure,145.09,214.35,133.35,147.12,146.19,146.2,155.54,180.02,0.0,2.95,149.37,143.03
GS,Goldman Sachs,Financials,Investment Banking & Brokerage,780.06,784.73,457.48,768.03,753.39,742.25,725.41,619.71,0.2,0.13,781.07,703.43
HAL,Halliburton,Energy,Oil & Gas Equipment & Services,22.23,31.1,18.96,22.13,22.19,21.88,21.68,23.44,-0.1,3.55,23.02,20.75
HIG,Hartford (The),Financials,Property & Casualty Insurance,132.52,134.7,105.0,131.69,132.17,132.03,127.19,120.06,0.0,1.52,134.53,129.52
HAS,Hasbro,Consumer Discretionary,Leisure Products,78.38,81.85,49.75,78.8,79.41,80.07,77.71,64.93,0.2,5.1,82.38,77.76
HCA,HCA Healthcare,Health Care,Health Care Facilities,405.13,420.77,295.46,406.77,408.39,405.62,382.36,347.64,0.2,3.47,419.19,392.06
DOC,Healthpeak Properties,Real Estate,Health Care REITs,18.08,21.82,16.53,18.11,18.05,17.76,17.67,18.46,0.1,2.43,18.52,17.0
HSIC,Henry Schein,Health Care,Health Care Distributors,69.01,81.91,62.7,68.27,68.37,68.45,69.42,71.16,0.0,1.48,70.03,66.87
HSY,Hershey Company (The),Consumer Staples,Packaged Foods & Meats,185.01,194.38,141.22,186.28,185.64,183.08,179.37,167.52,0.0,2.09,188.88,177.29
HPE,Hewlett Packard Enterprise,Information Technology,"Technology Hardware, Storage & Peripherals",24.73,24.86,12.42,24.28,23.62,22.83,21.56,19.42,0.0,1.09,25.0,20.65
HLT,Hilton Worldwide,Consumer Discretionary,"Hotels, Resorts & Cruise Lines",274.73,278.5,201.05,275.76,275.62,274.1,271.44,251.57,0.0,2.07,280.42,267.78
HOLX,Hologic,Health Care,Health Care Equipment,64.45,83.72,52.73,65.92,66.27,66.85,66.38,65.47,-0.2,6.55,68.67,65.02
HD,Home Depot (The),Consumer Discretionary,Home Improvement Retail,422.69,423.6,331.29,418.92,413.92,408.1,387.4,379.19,0.2,0.61,425.27,390.94
HON,Honeywell,Industrials,Industrial Conglomerates,211.46,239.16,180.99,213.48,214.79,217.04,223.11,217.05,-0.2,5.76,223.64,210.46
HRL,Hormel Foods,Consumer Staples,Packaged Foods & Meats,25.08,32.6,24.97,25.3,25.32,26.85,28.26,29.4,-0.2,20.81,30.3,23.41
HST,Host Hotels & Resorts,Real Estate,Hotel & Resort REITs,17.6,18.25,12.54,17.54,17.42,16.98,16.41,15.82,0.2,3.47,18.21,15.75
HWM,Howmet Aerospace,Industrials,Aerospace & Defense,185.77,192.01,93.83,182.44,179.17,176.15,180.38,147.38,0.2,-0.39,185.05,167.27
HPQ,HP Inc.,Information Technology,"Technology Hardware, Storage & Peripherals",27.97,37.77,21.42,28.5,28.55,27.71,26.2,28.16,0.1,5.9,29.62,25.8
HUBB,Hubbell Incorporated,Industrials,Industrial Machinery & Supplies & Components,437.43,466.13,313.96,440.91,436.77,435.89,429.53,398.43,0.2,2.63,448.93,422.83
HUM,Humana,Health Care,Managed Health Care,276.44,323.88,220.41,282.43,295.78,294.74,263.93,261.06,-0.2,15.62,319.62,269.87
HBAN,Huntington Bancshares,Financials,Regional Banks,17.77,17.88,12.37,17.71,17.71,17.41,17.0,15.97,0.0,3.1,18.32,16.5
HII,Huntington Ingalls Industries,Industrials,Aerospace & Defense,274.71,277.49,156.78,271.94,271.07,269.72,263.77,217.67,0.0,0.66,276.52,262.93
IBM,IBM,Information Technology,IT Consulting & Other Services,253.44,292.8,199.27,256.51,250.73,246.22,257.69,247.6,0.0,2.26,259.17,233.28
IEX,IDEX Corporation,Industrials,Industrial Machinery & Supplies & Components,160.55,233.54,157.53,162.28,162.91,164.11,170.21,186.88,0.2,4.78,168.22,160.0
IDXX,Idexx Laboratories,Health Care,Health Care Equipment,641.14,682.78,361.04,646.54,643.66,642.57,601.59,489.55,-0.2,2.03,654.16,630.98
ITW,Illinois Tool Works,Industrials,Industrial Machinery & Supplies & Components,263.36,273.51,217.09,264.23,264.12,264.05,260.57,252.61,0.2,2.37,269.6,258.49
INCY,Incyte,Health Care,Biotechnology,83.1,86.96,55.17,85.54,85.73,85.48,78.22,70.08,0.0,5.45,87.63,83.34
IR,Ingersoll Rand,Industrials,Industrial Machinery & Supplies & Components,78.79,105.27,66.72,80.02,79.5,79.54,82.04,84.76,0.2,3.82,81.8,77.29
PODD,Insulet Corporation,Health Care,Health Care Equipment,341.78,352.82,227.73,343.94,344.29,336.96,310.81,285.93,0.0,3.72,354.49,319.44
INTC,Intel,Information Technology,Semiconductors,24.08,27.39,18.13,24.48,24.4,24.4,22.88,21.7,0.2,5.15,25.32,23.49
IBKR,Interactive Brokers,Financials,Investment Banking & Brokerage,63.7,67.54,30.53,62.57,62.74,62.7,62.58,51.61,-0.2,1.49,64.65,60.74
ICE,Intercontinental Exchange,Financials,Financial Exchanges & Data,173.97,188.45,142.02,173.94,174.53,176.81,180.75,169.04,-0.2,4.67,182.09,171.52
IFF,International Flavors & Fragrances,Materials,Specialty Chemicals,65.62,104.49,63.46,65.54,65.9,66.2,69.89,77.3,0.2,3.4,67.85,64.54
IP,International Paper,Materials,Paper & Plastic Packaging Products & Materials,45.99,58.45,43.05,46.66,47.73,47.88,49.14,50.32,0.0,8.83,50.05,45.7
IPG,Interpublic Group of Companies (The),Communication Services,Advertising,26.39,30.52,22.33,26.53,26.59,26.46,25.44,25.62,0.1,3.07,27.2,25.72
INTU,Intuit,Information Technology,Application Software,646.03,807.39,542.39,661.08,664.42,674.33,727.69,662.38,0.2,10.55,714.19,634.46
ISRG,Intuitive Surgical,Health Care,Health Care Equipment,449.68,610.45,441.18,458.61,459.8,467.65,487.09,525.13,-0.2,8.97,490.02,445.28
IVZ,Invesco,Financials,Asset Management & Custody Banks,22.43,22.55,11.86,22.27,22.06,21.71,20.4,16.86,0.0,1.6,22.79,20.63
INVH,Invitation Homes,Real Estate,Single-Family Residential REITs,30.21,35.78,29.76,30.25,30.37,30.53,31.08,32.14,0.2,3.61,31.3,29.76
IQV,IQVIA,Health Care,Life Sciences Tools & Services,187.22,244.62,137.0,187.82,187.0,188.39,181.82,177.93,-0.2,3.66,194.07,182.72
IRM,Iron Mountain,Real Estate,Other Specialized REITs,96.69,125.19,76.34,96.41,93.69,92.67,95.08,96.65,0.0,1.16,97.81,87.54
JBHT,J.B. Hunt,Industrials,Cargo Ground Transportation,137.93,195.43,123.94,140.06,142.39,143.5,145.59,152.72,0.0,8.16,149.19,137.83
JBL,Jabil,Information Technology,Electronic Manufacturing Services,214.06,230.3,103.24,212.49,209.06,209.08,217.1,170.68,0.0,1.5,217.27,200.89
JKHY,Jack Henry & Associates,Financials,Transaction & Payment Processing Services,160.12,189.99,157.95,161.18,161.33,161.57,168.04,173.06,0.0,2.62,164.32,158.81
J,Jacobs Solutions,Industrials,Construction & Engineering,146.7,151.85,109.18,145.72,145.26,146.32,142.88,130.99,0.0,1.94,149.55,143.1
JNJ,Johnson & Johnson,Health Care,Pharmaceuticals,178.06,178.76,138.72,177.49,177.79,177.18,169.49,155.85,0.0,0.74,179.38,174.98
JCI,Johnson Controls,Industrials,Building Products,107.53,111.73,69.45,107.32,106.81,106.63,106.69,91.2,-0.2,1.8,109.47,103.79
JPM,JPMorgan Chase,Financials,Diversified Banks,306.91,306.91,199.83,300.75,300.26,297.45,293.9,261.76,0.0,0.11,307.25,287.67
K,Kellanova,Consumer Staples,Packaged Foods & Meats,79.43,81.71,77.28,79.38,79.31,79.34,79.29,80.09,-0.1,0.53,79.85,78.83
KVUE,Kenvue,Consumer Staples,Personal Care Products,18.99,24.0,18.43,18.72,19.47,20.32,21.03,21.77,-0.2,18.8,22.56,18.09
KDP,Keurig Dr Pepper,Consumer Staples,Soft Drinks & Non-alcoholic Beverages,27.23,36.99,27.23,27.5,28.25,30.58,32.44,32.64,0.0,34.59,36.65,24.51
KEY,KeyCorp,Financials,Regional Banks,19.06,19.23,12.92,19.14,19.09,18.78,18.3,16.68,0.0,3.73,19.77,17.8
KEYS,Keysight Technologies,Information Technology,Electronic Equipment & Instruments,170.54,185.11,127.02,170.3,167.89,165.87,164.79,161.38,0.0,1.17,172.54,159.22
KMB,Kimberly-Clark,Consumer Staples,Household Products,127.99,144.6,121.02,129.24,128.62,129.49,129.27,131.26,0.1,3.79,132.84,126.14
KIM,Kimco Realty,Real Estate,Retail REITs,22.39,24.65,18.27,22.41,22.38,22.0,21.51,21.3,0.2,2.86,23.03,20.96
KMI,Kinder Morgan,Energy,Oil & Gas Storage & Transportation,27.58,30.24,19.94,27.13,26.94,26.79,27.14,26.99,0.0,-0.33,27.49,26.08
KKR,KKR & Co.,Financials,Asset Management & Custody Banks,143.34,166.38,92.52,140.74,138.97,139.46,142.3,134.2,0.0,0.65,144.27,134.64
KLAC,KLA Corporation,Information Technology,Semiconductor Materials & Equipment,964.02,964.02,573.9,936.53,902.33,891.37,905.77,766.1,0.0,-1.05,953.9,828.86
KHC,Kraft Heinz,Consumer Staples,Packaged Foods & Meats,26.13,34.07,25.24,26.57,26.8,27.03,27.12,27.95,0.0,6.97,27.95,26.1
KR,Kroger,Consumer Staples,Food Retail,68.29,73.97,50.47,67.64,67.84,68.8,70.21,66.09,-0.4,4.76,71.54,66.06
LHX,L3Harris,Industrials,Aerospace & Defense,279.2,280.63,191.79,276.01,274.65,274.24,269.64,231.76,0.2,0.23,279.84,268.64
LH,Labcorp,Health Care,Health Care Services,277.95,279.72,209.65,277.19,276.54,275.88,265.03,246.4,0.0,1.21,281.31,270.45
LRCX,Lam Research,Information Technology,Semiconductor Materials & Equipment,116.96,116.96,58.94,110.11,104.88,102.89,101.04,83.96,0.0,-3.09,113.35,92.44
LW,Lamb Weston,Consumer Staples,Packaged Foods & Meats,56.42,80.72,47.73,56.82,56.85,56.21,54.38,56.69,0.1,3.39,58.33,54.09
LVS,Las Vegas Sands,Consumer Discretionary,Casinos & Gaming,53.5,57.71,30.35,54.09,54.93,54.92,52.5,45.38,-0.2,8.17,57.87,51.96
LDOS,Leidos,Industrials,Diversified Support Services,183.86,199.72,126.1,181.36,180.39,180.47,171.76,151.95,0.0,0.41,184.61,176.33
LEN,Lennar,Consumer Discretionary,Homebuilding,137.27,183.45,101.84,138.76,137.36,135.05,123.55,121.93,0.0,3.53,142.12,127.99
LII,Lennox International,Industrials,Building Products,544.48,674.16,506.5,561.82,559.5,570.82,595.43,592.27,0.0,11.64,607.86,533.77
LLY,Lilly (Eli),Health Care,Pharmaceuticals,755.39,927.92,624.28,751.11,743.13,727.91,741.22,783.46,-0.2,1.59,767.4,688.43
LIN,Linde plc,Materials,Industrial Gases,482.04,483.59,408.92,477.28,474.8,477.03,471.32,453.67,0.0,0.63,485.08,468.99
LYV,Live Nation Entertainment,Communication Services,Movies & Entertainment,173.73,174.06,97.27,171.68,167.87,165.97,156.64,141.9,0.2,-0.07,173.61,158.33
LKQ,LKQ Corporation,Consumer Discretionary,Distributors,32.3,43.02,28.96,32.45,32.35,31.85,32.97,37.29,-0.2,2.76,33.19,30.52
LMT,Lockheed Martin,Industrials,Aerospace & Defense,471.31,597.79,407.77,464.42,459.67,451.84,443.88,458.51,0.1,0.24,472.44,431.23
L,Loews Corporation,Financials,Multi-line Insurance,97.65,98.05,76.27,96.75,96.78,96.35,93.74,88.15,0.0,0.34,97.98,94.72
LOW,Lowe's,Consumer Discretionary,Home Improvement Retail,271.83,278.66,209.46,270.57,266.48,261.7,242.29,238.09,0.2,1.12,274.87,248.53
LULU,Lululemon Athletica,Consumer Discretionary,"Apparel, Accessories & Luxury Goods",159.87,421.16,159.87,164.67,179.82,190.87,205.53,297.09,0.0,40.78,225.06,156.67
LYB,LyondellBasell,Materials,Specialty Chemicals,55.22,89.15,47.21,54.82,54.99,54.88,56.48,62.7,0.2,4.89,57.92,51.85
MTB,M&T Bank,Financials,Regional Banks,198.8,215.8,154.27,198.76,199.35,196.81,194.29,186.15,0.2,3.2,205.16,188.45
MPC,Marathon Petroleum,Energy,Oil & Gas Refining & Marketing,180.28,183.18,117.23,181.73,180.68,174.9,172.12,153.2,0.2,5.13,189.53,160.26
MKTX,MarketAxess,Financials,Financial Exchanges & Data,184.85,289.47,180.13,186.66,184.65,186.12,197.94,212.87,0.0,3.97,192.19,180.06
MAR,Marriott International,Consumer Discretionary,"Hotels, Resorts & Cruise Lines",266.5,302.22,210.04,265.79,265.99,266.57,268.75,265.35,0.0,2.18,272.31,260.84
MMC,Marsh McLennan,Financials,Insurance Brokers,202.93,243.22,197.78,202.1,203.69,206.09,206.82,219.28,0.0,4.69,212.45,199.74
MLM,Martin Marietta Materials,Materials,Construction Materials,615.86,631.12,451.25,621.0,618.98,613.07,592.19,541.4,0.0,2.23,629.59,596.56
MAS,Masco,Industrials,Building Products,73.63,84.25,58.18,74.25,73.94,73.91,70.05,69.71,0.2,3.37,76.11,71.71
MA,Mastercard,Financials,Transaction & Payment Processing Services,580.41,598.96,478.51,583.82,587.94,589.01,573.9,551.49,0.0,3.32,599.68,578.34
MTCH,Match Group,Communication Services,Interactive Media & Services,37.75,38.77,26.87,38.13,37.81,37.61,35.51,32.25,0.0,2.3,38.62,36.59
MKC,McCormick & Company,Consumer Staples,Packaged Foods & Meats,68.95,83.73,68.41,69.42,69.72,69.95,70.77,74.81,0.0,4.08,71.76,68.14
MCD,McDonald's,Consumer Discretionary,Restaurants,305.4,317.67,275.0,309.02,312.04,311.09,303.56,299.53,-0.2,3.97,317.52,304.65
MCK,McKesson Corporation,Health Care,Health Care Distributors,711.42,734.45,476.95,708.0,698.71,691.12,697.93,661.7,-0.2,0.91,717.89,664.39
MDT,Medtronic,Health Care,Health Care Equipment,94.03,94.25,78.03,93.53,93.18,92.64,91.41,86.79,0.0,0.62,94.61,90.67
MRK,Merck & Co.,Health Care,Pharmaceuticals,82.81,115.53,72.74,84.14,84.32,84.61,82.84,86.29,-0.1,4.52,86.55,82.68
META,Meta Platforms,Communication Services,Interactive Media & Services,755.59,790.0,484.29,755.29,748.84,752.0,741.43,655.15,-0.2,2.46,774.18,729.82
MET,MetLife,Financials,Life & Health Insurance,80.82,86.38,67.4,79.86,80.3,80.02,77.96,79.13,-0.3,1.99,82.43,77.61
MTD,Mettler Toledo,Health Care,Life Sciences Tools & Services,1259.54,1499.7,970.15,1279.02,1283.42,1291.98,1256.78,1217.78,0.0,5.73,1331.71,1252.22
MGM,MGM Resorts,Consumer Discretionary,Casinos & Gaming,34.55,41.99,25.79,35.61,36.85,37.19,37.02,34.23,0.2,16.32,40.19,34.19
MCHP,Microchip Technology,Information Technology,Semiconductors,64.7,78.29,34.83,64.9,64.67,65.53,67.94,58.77,0.2,5.81,68.46,62.6
MU,Micron Technology,Information Technology,Semiconductors,157.23,157.23,64.66,142.9,132.63,125.81,120.0,101.53,0.2,-5.36,148.8,102.81
MSFT,Microsoft,Information Technology,Systems Software,509.9,534.76,353.33,501.58,502.8,505.58,509.82,444.78,-0.2,1.37,516.89,494.24
MAA,Mid-America Apartment Communities,Real Estate,Multi-Family Residential REITs,142.2,167.59,138.38,143.57,143.88,143.09,145.17,151.99,0.2,2.85,146.25,139.92
MRNA,Moderna,Health Care,Biotechnology,23.51,79.51,23.51,24.5,24.43,25.41,28.47,31.65,0.2,20.08,28.23,22.58
MHK,Mohawk Industries,Consumer Discretionary,Home Furnishings,136.06,161.25,97.99,137.22,135.46,132.34,122.82,116.61,0.0,3.9,141.37,123.32
MOH,Molina Healthcare,Health Care,Managed Health Care,180.88,360.77,152.31,181.11,179.22,176.22,180.6,274.51,0.0,2.78,185.91,166.52
TAP,Molson Coors Beverage Company,Consumer Staples,Brewers,48.42,61.78,46.8,49.19,49.49,50.17,49.8,54.21,0.1,7.37,51.99,48.34
MDLZ,Mondelez International,Consumer Staples,Packaged Foods & Meats,61.98,73.43,55.34,62.16,61.8,62.06,64.65,63.54,0.0,2.13,63.3,60.81
MPWR,Monolithic Power Systems,Information Technology,Semiconductors,834.14,936.74,454.23,850.38,845.28,843.94,792.64,668.09,0.2,4.6,872.51,815.37
MNST,Monster Beverage,Consumer Staples,Soft Drinks & Non-alcoholic Beverages,64.69,64.69,46.16,63.54,63.22,63.24,61.7,57.53,0.0,0.54,65.04,61.43
MCO,Moody's Corporation,Financials,Financial Exchanges & Data,512.31,524.53,395.22,510.54,505.62,508.76,507.93,481.89,0.0,1.66,520.81,496.71
MS,Morgan Stanley,Financials,Investment Banking & Brokerage,156.39,156.48,93.84,153.6,151.45,149.02,144.8,129.64,0.0,-0.04,156.33,141.71
MOS,Mosaic Company (The),Materials,Fertilizers & Agricultural Chemicals,33.65,37.55,22.47,33.1,32.88,32.75,34.13,29.75,0.0,0.68,33.88,31.62
MSI,Motorola Solutions,Information Technology,Communications Equipment,481.71,500.78,393.68,482.0,479.32,470.62,447.68,440.71,0.2,1.68,489.8,451.42
MSCI,MSCI Inc.,Financials,Financial Exchanges & Data,583.25,630.0,503.37,575.13,566.12,567.11,563.06,568.92,-0.1,0.44,585.82,548.42
NDAQ,"Nasdaq, Inc.",Financials,Financial Exchanges & Data,93.95,96.94,66.19,94.87,94.42,94.48,93.51,82.75,0.0,1.81,95.65,93.31
NTAP,NetApp,Information Technology,"Technology Hardware, Storage & Peripherals",124.0,129.06,75.73,123.38,119.91,115.12,109.4,106.14,0.0,2.25,126.79,103.45
NFLX,Netflix,Communication Services,Movies & Entertainment,1188.44,1339.13,681.47,1229.53,1229.75,1225.98,1219.93,1071.58,0.0,6.45,1265.09,1186.84
NEM,Newmont,Materials,Gold,79.25,79.65,36.49,77.8,76.5,73.36,66.97,51.94,0.0,1.65,80.56,66.15
NWSA,News Corp (Class A),Communication Services,Publishing,29.23,30.4,23.89,29.34,29.21,29.44,29.36,28.18,0.0,3.39,30.22,28.66
NWS,News Corp (Class B),Communication Services,Publishing,32.27,35.06,26.86,32.46,32.83,33.56,33.67,32.08,-0.2,9.58,35.36,31.75
NEE,NextEra Energy,Utilities,Multi-Utilities,71.64,82.85,63.11,70.77,71.19,72.95,72.68,70.3,0.2,7.48,77.0,68.91
NKE,"Nike, Inc.",Consumer Discretionary,"Apparel, Accessories & Luxury Goods",73.0,87.5,52.64,73.87,74.46,75.82,75.03,69.59,0.2,8.49,79.2,72.45
NI,NiSource,Utilities,Multi-Utilities,41.01,43.33,32.61,40.72,40.99,41.66,41.38,38.86,-0.2,6.0,43.47,39.86
NDSN,Nordson Corporation,Industrials,Industrial Machinery & Supplies & Components,223.17,260.48,166.29,224.13,223.73,221.87,218.42,211.18,0.2,3.45,230.87,212.86
NSC,Norfolk Southern,Industrials,Rail Transportation,274.72,285.53,204.09,274.02,276.41,278.44,275.23,248.45,0.0,4.31,286.56,270.31
NTRS,Northern Trust,Financials,Asset Management & Custody Banks,129.42,131.24,83.34,128.45,128.66,128.47,127.27,109.17,-0.2,1.78,131.72,125.21
NOC,Northrop Grumman,Industrials,Aerospace & Defense,575.96,594.87,427.78,578.46,581.09,583.97,563.92,500.19,0.2,3.24,594.62,573.3
NCLH,Norwegian Cruise Line Holdings,Consumer Discretionary,"Hotels, Resorts & Cruise Lines",26.65,29.07,15.5,25.78,25.51,25.02,24.18,22.5,0.0,0.0,26.65,23.38
NRG,NRG Energy,Utilities,Independent Power Producers & Energy Traders,164.84,173.91,78.57,156.8,151.72,149.58,153.3,122.9,0.0,-2.76,160.29,138.86
NUE,Nucor,Materials,Steel,141.35,165.5,102.79,142.4,144.46,145.64,142.82,128.71,0.0,6.91,151.12,140.16
NVDA,Nvidia,Information Technology,Semiconductors,177.82,183.15,94.3,174.27,172.56,175.76,174.11,139.95,-0.4,3.93,184.81,166.72
NVR,"NVR, Inc.",Consumer Discretionary,Homebuilding,8414.82,9924.4,6700.0,8420.59,8349.04,8231.32,7929.24,7694.61,0.2,1.87,8572.18,7890.07
NXPI,NXP Semiconductors,Information Technology,Semiconductors,218.82,252.0,152.79,222.1,225.83,229.36,224.84,210.39,0.2,10.29,241.34,217.37
ORLY,O’Reilly Automotive,Consumer Discretionary,Automotive Retail,107.5,107.82,73.94,106.75,105.43,104.16,99.86,90.94,0.2,0.25,107.77,100.55
OXY,Occidental Petroleum,Energy,Oil & Gas Exploration & Production,45.67,54.77,35.72,45.61,46.13,45.66,44.62,45.05,-0.1,4.95,47.93,43.38
ODFL,Old Dominion,Industrials,Cargo Ground Transportation,144.89,230.37,141.59,147.99,148.79,150.7,155.0,170.05,0.0,8.34,156.97,144.42
OMC,Omnicom Group,Communication Services,Advertising,77.2,101.86,68.6,77.54,77.78,77.45,74.68,78.27,0.1,3.03,79.54,75.37
ON,ON Semiconductor,Information Technology,Semiconductors,48.26,74.7,31.95,48.58,48.64,49.59,53.13,51.18,0.2,7.73,51.99,47.2
OKE,Oneok,Energy,Oil & Gas Storage & Transportation,73.05,112.93,71.36,72.58,73.48,73.88,76.86,87.6,0.0,4.39,76.26,71.5
ORCL,Oracle Corporation,Information Technology,Application Software,292.18,328.33,122.56,281.67,253.9,246.07,244.85,184.87,0.2,3.43,302.2,189.93
OTIS,Otis Worldwide,Industrials,Industrial Machinery & Supplies & Components,89.06,104.22,84.52,88.29,87.28,87.51,90.37,94.84,0.0,0.62,89.61,85.4
PCAR,Paccar,Industrials,Construction Machinery & Heavy Transportation Equipment,102.51,113.98,85.82,99.74,99.1,99.36,98.25,99.53,-0.1,0.09,102.6,96.12
PKG,Packaging Corporation of America,Materials,Paper & Plastic Packaging Products & Materials,215.15,244.28,174.83,215.05,215.95,210.89,204.56,205.03,-0.1,5.37,226.7,195.06
PLTR,Palantir Technologies,Information Technology,Application Software,171.43,186.97,34.85,164.2,159.89,160.58,159.62,113.43,0.0,1.36,173.76,147.4
PANW,Palo Alto Networks,Information Technology,Systems Software,196.29,208.28,152.44,197.38,194.63,189.11,188.25,187.28,0.2,3.09,202.36,175.85
PSKY,Paramount Skydance Corporation,Communication Services,Movies & Entertainment,18.79,18.79,9.8,16.35,15.57,15.19,13.67,11.88,0.2,-5.85,17.69,12.68
PH,Parker Hannifin,Industrials,Industrial Machinery & Supplies & Components,758.78,769.67,514.56,761.83,758.07,752.42,733.93,667.81,-0.2,2.21,775.55,729.28
PAYX,Paychex,Industrials,Human Resource & Employment Services,135.11,158.58,128.82,134.7,135.73,137.21,140.35,144.16,-0.2,4.44,141.11,133.3
PAYC,Paycom,Industrials,Human Resource & Employment Services,222.63,265.28,158.91,223.33,223.38,224.93,226.93,224.45,0.2,4.31,232.23,217.62
PYPL,PayPal,Financials,Transaction & Payment Processing Services,66.89,91.81,57.41,67.18,68.17,68.72,70.93,74.52,-0.2,6.35,71.14,66.3
PNR,Pentair,Industrials,Industrial Machinery & Supplies & Components,110.95,112.59,75.76,110.52,109.4,108.27,105.98,98.48,0.2,1.53,112.65,103.88
PEP,PepsiCo,Consumer Staples,Soft Drinks & Non-alcoholic Beverages,143.53,170.76,125.83,143.05,145.03,146.36,142.32,141.22,0.2,5.23,151.04,141.67
PFE,Pfizer,Health Care,Pharmaceuticals,23.87,28.21,20.83,24.51,24.65,24.94,24.68,24.21,0.0,8.13,25.81,24.07
PCG,PG&E Corporation,Utilities,Multi-Utilities,15.45,21.53,13.0,15.19,15.22,15.16,14.53,16.4,-0.1,1.68,15.71,14.61
PM,Philip Morris International,Consumer Staples,Tobacco,166.11,183.57,115.19,165.36,164.72,166.59,169.12,154.86,0.0,4.37,173.37,159.82
PSX,Phillips 66,Energy,Oil & Gas Refining & Marketing,130.78,133.86,91.09,131.44,131.83,129.37,126.03,118.57,0.2,4.99,137.31,121.43
PNW,Pinnacle West Capital,Utilities,Multi-Utilities,88.19,93.78,79.36,87.88,88.46,89.64,90.4,88.86,-0.2,4.89,92.5,86.78
PNC,PNC Financial Services,Financials,Diversified Banks,201.98,209.23,146.94,202.16,204.04,201.16,196.38,184.05,0.2,4.64,211.35,190.97
POOL,Pool Corporation,Consumer Discretionary,Distributors,325.98,385.63,283.92,326.08,319.98,319.12,312.6,321.83,0.1,2.81,335.14,303.11
PPG,PPG Industries,Materials,Specialty Chemicals,110.72,131.36,90.49,110.45,110.19,111.17,111.52,111.99,-0.2,2.88,113.91,108.43
PPL,PPL Corporation,Utilities,Electric Utilities,36.16,36.96,30.49,35.75,35.89,36.13,35.7,34.05,-0.2,1.85,36.83,35.43
PFG,Principal Financial Group,Financials,Life & Health Insurance,82.7,87.94,68.21,80.93,80.42,79.52,78.76,78.42,0.2,-0.3,82.45,76.59
PG,Procter & Gamble,Consumer Staples,Personal Care Products,157.9,176.3,150.47,158.47,158.48,157.74,156.08,162.35,-0.1,1.8,160.74,154.74
PGR,Progressive Corporation,Financials,Property & Casualty Insurance,248.28,291.0,234.89,246.54,246.52,247.09,246.8,259.59,0.1,1.37,251.68,242.5
PLD,Prologis,Real Estate,Industrial REITs,115.35,126.26,88.91,113.34,112.9,111.55,109.05,108.77,0.2,0.91,116.4,106.69
PRU,Prudential Financial,Financials,Life & Health Insurance,106.9,124.75,92.74,106.19,107.0,107.35,104.74,107.22,-0.1,3.44,110.58,104.11
PEG,Public Service Enterprise Group,Utilities,Electric Utilities,82.69,91.66,75.92,81.2,81.11,82.11,83.8,82.07,0.2,2.6,84.84,79.39
PTC,PTC Inc.,Information Technology,Application Software,205.11,216.53,136.74,206.68,209.89,210.97,205.03,179.89,-0.2,6.51,218.46,203.47
PSA,Public Storage,Real Estate,Self-Storage REITs,292.32,354.44,263.65,292.15,292.53,290.26,287.38,294.7,0.1,2.08,298.4,282.13
PHM,PulteGroup,Consumer Discretionary,Homebuilding,137.1,148.13,91.82,137.86,136.49,133.12,122.87,111.01,0.0,3.44,141.82,124.41
PWR,Quanta Services,Industrials,Construction & Engineering,382.53,421.68,236.56,382.27,378.7,379.7,387.87,330.03,-0.2,1.84,389.57,369.83
QCOM,Qualcomm,Information Technology,Semiconductors,161.83,174.12,123.21,160.24,159.48,158.13,155.66,153.99,0.0,0.46,162.57,153.69
DGX,Quest Diagnostics,Health Care,Health Care Services,182.91,184.4,144.81,182.34,181.52,181.15,175.57,168.13,0.0,1.08,184.89,177.43
RL,Ralph Lauren Corporation,Consumer Discretionary,"Apparel, Accessories & Luxury Goods",315.14,320.75,172.34,312.57,311.69,300.64,295.77,256.35,0.2,3.12,324.97,276.32
RJF,Raymond James Financial,Financials,Investment Banking & Brokerage,170.27,171.46,114.36,167.88,168.03,166.62,164.35,153.88,0.0,0.94,171.87,161.38
RTX,RTX Corporation,Industrials,Aerospace & Defense,155.85,160.66,112.45,154.89,156.54,156.71,153.95,133.58,0.0,3.4,161.15,152.26
O,Realty Income,Real Estate,Retail REITs,60.41,61.45,49.6,59.72,59.04,58.72,57.57,55.1,0.4,-0.1,60.35,57.09
REG,Regency Centers,Real Estate,Retail REITs,71.34,75.5,64.21,71.8,71.97,71.49,70.73,70.76,-0.1,2.35,73.02,69.96
REGN,Regeneron Pharmaceuticals,Health Care,Biotechnology,560.0,1159.49,482.34,559.8,566.2,574.62,563.42,620.22,0.1,6.87,598.47,550.76
RF,Regions Financial Corporation,Financials,Regional Banks,27.16,27.36,17.95,27.02,27.04,26.59,25.65,23.07,0.0,2.87,27.94,25.23
RSG,Republic Services,Industrials,Environmental & Facilities Services,228.48,257.46,196.49,229.28,230.96,232.5,236.11,231.91,-0.2,3.86,237.3,227.71
RMD,ResMed,Health Care,Health Care Equipment,270.14,293.73,203.67,274.77,273.94,279.8,273.69,245.41,0.0,8.85,294.05,265.54
RVTY,Revvity,Health Care,Health Care Equipment,82.87,127.41,82.5,84.47,85.61,88.23,91.71,102.5,-0.2,14.32,94.74,81.72
ROK,Rockwell Automation,Industrials,Electrical Components & Equipment,344.93,357.15,217.21,344.5,342.4,344.28,344.88,297.73,0.0,2.66,354.11,334.47
ROL,"Rollins, Inc.",Industrials,Environmental & Facilities Services,57.37,58.48,45.24,57.28,56.93,57.11,56.88,53.32,0.0,1.9,58.46,55.75
ROP,Roper Technologies,Information Technology,Electronic Equipment & Instruments,512.53,592.1,501.26,517.25,520.12,525.5,539.04,553.74,-0.2,5.32,539.8,511.18
ROST,Ross Stores,Consumer Discretionary,Apparel Retail,147.9,154.88,122.22,149.69,149.93,148.53,141.64,140.82,0.2,3.18,152.6,144.45
RCL,Royal Caribbean Group,Consumer Discretionary,"Hotels, Resorts & Cruise Lines",336.42,365.84,160.38,344.9,350.91,345.12,336.48,262.61,-0.2,10.8,372.75,317.47
SPGI,S&P Global,Financials,Financial Exchanges & Data,544.23,563.17,436.73,545.72,543.42,547.86,541.85,513.36,0.2,2.77,559.31,536.41
CRM,Salesforce,Information Technology,Application Software,242.76,366.29,231.66,247.19,249.63,248.28,253.56,286.53,0.0,5.97,257.25,239.29
SBAC,SBA Communications,Real Estate,Telecom Tower REITs,199.97,244.52,189.91,195.16,197.49,207.4,219.54,217.04,-0.2,14.82,229.61,185.19
SLB,Schlumberger,Energy,Oil & Gas Equipment & Services,35.57,44.26,31.43,35.86,35.83,35.07,34.56,36.8,0.1,5.37,37.48,32.66
STX,Seagate Technology,Information Technology,"Technology Hardware, Storage & Peripherals",195.99,196.81,66.19,193.33,185.3,173.26,159.39,113.41,0.0,3.18,202.22,144.28
SRE,Sempra,Utilities,Multi-Utilities,83.94,92.47,63.23,81.83,82.01,81.93,80.14,78.01,0.2,0.07,84.0,79.85
NOW,ServiceNow,Information Technology,Systems Software,928.96,1170.39,721.65,932.76,922.44,904.28,929.71,966.04,-0.2,2.37,950.98,857.59
SHW,Sherwin-Williams,Materials,Specialty Chemicals,360.1,397.11,312.15,364.57,365.08,365.65,353.47,351.33,0.2,4.05,374.68,356.6
SPG,Simon Property Group,Real Estate,Retail REITs,182.47,183.9,136.92,181.08,179.79,176.64,168.58,164.56,0.2,0.93,184.17,169.12
SWKS,Skyworks Solutions,Information Technology,Semiconductors,74.46,98.66,48.25,74.69,74.48,74.72,73.02,72.83,0.0,2.91,76.63,72.8
SJM,J.M. Smucker Company (The),Consumer Staples,Packaged Foods & Meats,107.8,116.99,93.48,110.23,110.79,110.79,108.48,107.71,0.0,6.49,114.8,106.79
SW,Smurfit Westrock,Materials,Paper & Plastic Packaging Products & Materials,44.27,55.13,37.46,45.45,46.17,45.31,45.39,46.6,-0.2,9.51,48.48,42.13
SNA,Snap-on,Industrials,Industrial Machinery & Supplies & Components,333.59,364.18,269.31,327.87,326.73,326.53,323.51,327.11,-0.1,0.18,334.19,318.87
SOLV,Solventum,Health Care,Health Care Technology,73.39,84.04,63.01,73.18,72.73,72.57,73.2,72.36,-0.2,1.38,74.4,70.74
SO,Southern Company,Utilities,Electric Utilities,92.27,95.24,78.98,91.6,91.77,92.69,93.05,87.86,-0.2,2.93,94.97,90.41
LUV,Southwest Airlines,Industrials,Passenger Airlines,31.66,37.49,23.77,31.44,31.68,31.83,32.6,31.31,0.0,5.12,33.28,30.37
SWK,Stanley Black & Decker,Industrials,Industrial Machinery & Supplies & Components,77.57,105.48,54.53,77.84,76.04,75.2,72.12,73.44,0.1,2.54,79.54,70.87
SBUX,Starbucks,Consumer Discretionary,Restaurants,81.9,114.25,78.61,83.02,85.28,87.07,90.21,92.86,0.0,13.37,92.85,81.29
STT,State Street Corporation,Financials,Asset Management & Custody Banks,112.44,115.82,74.79,111.97,112.81,113.1,111.26,98.09,0.0,3.44,116.31,109.9
STLD,Steel Dynamics,Materials,Steel,130.65,152.49,106.43,132.44,131.72,130.55,129.64,127.52,0.2,4.32,136.29,124.81
STE,Steris,Health Care,Health Care Equipment,249.88,252.43,200.94,248.57,245.92,246.51,236.73,226.42,0.0,1.01,252.4,240.61
SYK,Stryker Corporation,Health Care,Health Care Equipment,383.34,403.53,336.65,388.19,389.75,389.5,389.05,379.21,0.0,3.79,397.87,381.14
SMCI,Supermicro,Information Technology,"Technology Hardware, Storage & Peripherals",45.0,60.71,18.01,43.16,41.93,42.99,48.13,40.52,0.2,3.49,46.57,39.4
SYF,Synchrony Financial,Financials,Consumer Finance,75.37,76.86,43.38,75.47,75.72,74.49,71.91,62.79,0.0,3.83,78.26,70.72
SNPS,Synopsys,Information Technology,Application Software,425.45,645.35,380.9,492.96,545.25,576.14,589.29,510.5,-0.2,67.29,711.74,440.54
SYY,Sysco,Consumer Staples,Food Distributors,81.29,82.51,67.53,80.98,81.19,80.5,79.64,74.67,0.0,1.35,82.39,78.61
TMUS,T-Mobile US,Communication Services,Wireless Telecommunication Services,241.72,270.87,193.92,241.82,247.45,250.38,242.34,241.34,0.0,8.11,261.32,239.43
TROW,T. Rowe Price,Financials,Asset Management & Custody Banks,105.63,120.07,79.19,106.66,107.16,107.19,105.54,101.52,0.0,4.5,110.38,104.0
TTWO,Take-Two Interactive,Communication Services,Interactive Home Entertainment,246.26,248.78,147.66,246.7,242.69,236.76,233.13,214.72,0.2,1.78,250.64,222.88
TPR,"Tapestry, Inc.",Consumer Discretionary,"Apparel, Accessories & Luxury Goods",106.47,113.1,41.0,105.73,104.61,102.03,103.29,80.55,-0.2,1.43,107.99,96.07
TRGP,Targa Resources,Energy,Oil & Gas Storage & Transportation,166.38,213.93,141.88,163.37,164.38,163.67,165.57,177.61,0.0,1.06,168.14,159.2
TGT,Target Corporation,Consumer Staples,Consumer Staples Merchandise Retail,89.96,154.72,86.82,90.93,92.13,95.88,100.02,108.52,-0.2,16.73,105.01,86.76
TEL,TE Connectivity,Information Technology,Electronic Manufacturing Services,209.82,212.4,121.04,209.82,208.34,206.21,197.29,160.89,0.0,1.39,212.74,199.67
TDY,Teledyne Technologies,Information Technology,Electronic Equipment & Instruments,556.29,566.11,425.67,551.69,547.52,544.9,544.36,500.8,0.0,0.36,558.29,531.49
TER,Teradyne,Information Technology,Semiconductor Materials & Equipment,112.24,139.5,67.79,115.92,117.72,115.56,105.54,101.07,-0.2,9.83,123.27,107.85
TSLA,"Tesla, Inc.",Consumer Discretionary,Automobile Manufacturers,395.94,479.86,213.65,361.18,349.26,343.28,328.52,330.8,-0.1,-5.01,376.1,310.44
TXN,Texas Instruments,Information Technology,Semiconductors,182.6,219.66,143.34,184.36,189.51,195.45,197.63,185.7,-0.2,16.13,212.05,178.84
TPL,Texas Pacific Land Corporation,Energy,Oil & Gas Exploration & Production,937.17,1720.9,785.1,925.3,922.83,910.91,944.21,1195.42,0.0,1.35,949.82,872.01
TXT,Textron,Industrials,Aerospace & Defense,81.23,90.25,60.7,81.55,80.99,80.62,80.98,76.46,-0.2,1.92,82.79,78.45
TMO,Thermo Fisher Scientific,Health Care,Life Sciences Tools & Services,479.46,618.62,390.26,483.49,486.44,488.74,465.37,480.42,-0.1,4.26,499.88,477.61
TJX,TJX Companies,Consumer Discretionary,Apparel Retail,139.48,141.02,110.73,140.2,139.59,137.75,130.96,125.26,0.0,2.22,142.58,132.93
TKO,TKO Group Holdings,Communication Services,Movies & Entertainment,202.44,202.44,113.12,199.34,194.23,189.97,178.67,160.05,0.4,-0.06,202.32,177.62
TTD,Trade Desk (The),Communication Services,Advertising,45.15,139.51,45.15,48.19,50.76,51.89,67.15,81.34,0.0,27.64,57.63,46.15
TSCO,Tractor Supply,Consumer Discretionary,Other Specialty Retail,60.61,62.65,47.62,59.65,60.28,60.86,59.1,54.46,0.2,3.79,62.91,58.81
TT,Trane Technologies,Industrials,Building Products,400.77,471.46,313.81,411.46,411.54,417.7,431.05,392.83,-0.4,7.83,432.15,403.25
TDG,TransDigm Group,Industrials,Aerospace & Defense,1271.45,1516.55,1152.5,1291.48,1290.25,1298.96,1380.31,1295.32,0.0,4.41,1327.52,1270.47
TRV,Travelers Companies (The),Financials,Property & Casualty Insurance,278.93,279.43,222.29,275.3,274.7,272.34,264.98,256.05,0.2,0.56,280.49,264.21
TRMB,Trimble Inc.,Information Technology,Electronic Equipment & Instruments,80.88,85.24,54.91,81.05,80.37,81.01,81.84,73.1,0.0,3.2,83.47,78.55
TFC,Truist Financial,Financials,Diversified Banks,45.2,47.07,33.92,45.38,46.02,45.66,44.71,42.2,0.0,5.31,47.6,43.72
TYL,Tyler Technologies,Information Technology,Application Software,544.99,646.74,521.68,553.88,555.28,558.89,567.7,581.08,-0.2,5.44,574.64,543.17
TSN,Tyson Foods,Consumer Staples,Packaged Foods & Meats,55.13,62.84,51.83,55.67,56.04,56.22,55.01,56.82,-0.5,3.86,57.26,55.17
USB,U.S. Bancorp,Financials,Diversified Banks,49.13,51.9,36.0,49.13,48.95,48.14,46.82,44.98,0.2,2.81,50.51,45.77
UBER,Uber,Industrials,Passenger Ground Transportation,95.89,97.48,59.93,94.92,93.71,94.33,92.59,79.66,0.0,1.5,97.33,91.34
UDR,"UDR, Inc.",Real Estate,Multi-Family Residential REITs,38.37,45.23,37.29,38.64,38.75,38.76,39.32,41.08,0.2,2.84,39.46,38.06
ULTA,Ulta Beauty,Consumer Discretionary,Other Specialty Retail,514.62,533.81,314.47,517.13,518.63,521.1,508.77,427.89,-0.2,4.83,539.48,502.72
UNP,Union Pacific Corporation,Industrials,Rail Transportation,214.91,249.94,205.73,215.89,219.01,220.46,223.62,227.32,0.0,5.54,226.82,214.09
UAL,United Airlines Holdings,Industrials,Passenger Airlines,106.58,110.52,48.47,107.37,106.54,104.33,95.32,88.46,0.0,3.26,110.05,98.61
UPS,United Parcel Service,Industrials,Air Freight & Logistics,84.35,130.93,82.93,84.31,84.91,86.12,90.46,103.67,0.0,5.62,89.09,83.16
URI,United Rentals,Industrials,Trading Companies & Distributors,938.0,975.23,549.5,951.59,955.82,940.32,881.8,742.29,0.2,5.12,986.03,894.59
UNH,UnitedHealth Group,Health Care,Managed Health Care,352.51,615.84,237.77,344.21,327.34,315.61,292.01,415.77,0.1,-0.28,351.52,279.69
UHS,Universal Health Services,Health Care,Health Care Facilities,191.72,240.49,154.78,188.15,186.1,184.04,176.03,180.83,0.3,-0.11,191.51,176.57
VLO,Valero Energy,Energy,Oil & Gas Refining & Marketing,156.72,161.83,102.97,158.4,156.58,149.98,144.63,131.15,0.2,5.64,165.56,134.39
VTR,Ventas,Real Estate,Health Care REITs,69.73,69.73,56.07,68.95,68.39,68.18,67.07,64.1,0.2,-0.16,69.62,66.74
VLTO,Veralto,Industrials,Environmental & Facilities Services,109.03,113.22,85.23,107.21,106.49,107.08,105.48,100.77,0.2,0.62,109.71,104.45
VRSN,Verisign,Information Technology,Internet Services & Infrastructure,285.52,305.1,175.69,285.4,280.48,275.2,277.36,248.78,-0.2,1.09,288.63,261.77
VRSK,Verisk Analytics,Industrials,Research & Consulting Services,262.2,320.87,260.0,266.58,267.48,268.12,279.73,289.93,-0.2,4.42,273.79,262.47
VZ,Verizon,Communication Services,Integrated Telecommunication Services,43.97,45.06,36.62,43.7,43.88,44.17,43.15,41.66,-0.2,2.57,45.1,43.24
VRTX,Vertex Pharmaceuticals,Health Care,Biotechnology,394.53,516.74,366.54,394.44,395.39,393.57,424.04,451.08,-0.2,1.6,400.84,386.29
VTRS,Viatris,Health Care,Pharmaceuticals,9.96,12.87,7.08,10.26,10.38,10.44,9.69,9.72,-0.5,8.03,10.76,10.13
VICI,Vici Properties,Real Estate,Hotel & Resort REITs,33.16,33.93,27.46,33.18,33.35,33.21,33.13,31.24,0.0,2.62,34.03,32.39
V,Visa Inc.,Financials,Transaction & Payment Processing Services,339.43,372.65,267.75,341.47,345.43,346.09,346.87,339.8,0.0,4.45,354.53,337.66
VST,Vistra Corp.,Utilities,Electric Utilities,209.7,214.06,79.5,200.95,194.55,194.27,196.58,160.7,0.0,-1.03,207.54,181.0
VMC,Vulcan Materials Company,Materials,Construction Materials,294.94,301.65,219.65,296.47,294.12,292.32,281.2,263.89,0.0,1.43,299.16,285.46
WRB,W. R. Berkley Corporation,Financials,Property & Casualty Insurance,73.82,74.57,55.33,72.89,72.53,72.03,70.47,66.44,0.2,-0.11,73.74,70.31
GWW,W. W. Grainger,Industrials,Industrial Machinery & Supplies & Components,1004.06,1212.97,915.74,1001.09,1007.61,1004.6,1008.0,1039.65,0.0,2.96,1033.78,975.4
WAB,Wabtec,Industrials,Construction Machinery & Heavy Transportation Equipment,188.82,214.1,159.81,190.32,191.59,192.34,197.72,194.01,0.0,4.09,196.54,188.12
WMT,Walmart,Consumer Staples,Consumer Staples Merchandise Retail,103.49,104.27,77.29,102.22,100.68,99.52,98.61,94.99,0.2,1.0,104.52,94.52
DIS,Walt Disney Company (The),Communication Services,Movies & Entertainment,115.96,124.01,81.37,117.01,117.58,117.36,118.44,109.77,0.0,2.98,119.42,115.3
WBD,Warner Bros. Discovery,Communication Services,Broadcasting,18.87,18.87,6.94,14.44,13.13,12.49,12.39,10.63,0.2,-15.26,15.99,8.98
WM,Waste Management,Industrials,Environmental & Facilities Services,218.16,241.26,199.11,218.91,221.61,224.1,227.07,224.49,-0.2,6.09,231.45,216.76
WAT,Waters Corporation,Health Care,Life Sciences Tools & Services,295.39,417.28,277.72,300.15,299.51,297.53,300.54,350.63,0.0,4.25,307.94,287.11
WEC,WEC Energy Group,Utilities,Electric Utilities,110.52,110.52,89.8,108.91,107.92,107.78,107.36,102.73,0.2,-0.34,110.14,105.42
WFC,Wells Fargo,Financials,Diversified Banks,81.46,83.83,50.45,80.58,80.82,80.08,80.19,74.55,-0.2,2.55,83.54,76.61
WELL,Welltower,Real Estate,Health Care REITs,169.13,169.36,120.86,168.78,168.29,166.75,163.09,147.26,0.0,1.0,170.82,162.68
WST,West Pharmaceutical Services,Health Care,Health Care Supplies,253.5,347.02,190.04,255.53,251.56,248.59,240.47,253.26,0.1,1.92,258.37,238.82
WDC,Western Digital,Information Technology,"Technology Hardware, Storage & Peripherals",97.66,97.66,30.45,95.33,90.72,84.12,75.91,55.07,0.0,2.4,100.0,68.23
WY,Weyerhaeuser,Real Estate,Timber REITs,24.9,32.88,24.29,25.41,25.43,25.67,25.61,27.22,0.1,6.91,26.62,24.72
WSM,"Williams-Sonoma, Inc.",Consumer Discretionary,Homefurnishing Retail,196.95,215.83,127.65,201.81,198.67,198.51,190.08,178.84,0.0,6.05,208.87,188.17
WMB,Williams Companies,Energy,Oil & Gas Storage & Transportation,58.81,62.87,42.98,58.26,57.91,57.56,58.06,57.24,-0.2,0.32,59.0,56.12
WTW,Willis Towers Watson,Financials,Insurance Brokers,338.79,340.45,284.76,334.23,330.97,332.24,321.18,317.19,0.2,0.7,341.16,323.31
WDAY,"Workday, Inc.",Information Technology,Application Software,223.39,279.91,210.47,227.82,229.44,228.15,229.5,246.55,0.0,5.12,234.83,221.48
WYNN,Wynn Resorts,Consumer Discretionary,Casinos & Gaming,121.45,126.75,65.78,122.47,123.39,119.41,113.07,92.77,0.2,8.04,131.21,107.59
XEL,Xcel Energy,Utilities,Multi-Utilities,73.35,74.26,60.63,72.46,72.42,72.64,71.83,68.89,-0.2,0.64,73.82,71.47
XYL,Xylem Inc.,Industrials,Industrial Machinery & Supplies & Components,141.55,144.22,102.25,139.73,140.28,141.16,137.72,125.79,0.0,2.18,144.64,137.69
YUM,Yum! Brands,Consumer Discretionary,Restaurants,149.49,160.96,121.48,147.68,146.29,146.76,146.0,143.04,0.0,0.76,150.63,142.9
ZBRA,Zebra Technologies,Information Technology,Electronic Equipment & Instruments,312.65,421.11,213.54,312.16,311.57,314.14,321.53,322.19,0.0,4.04,325.28,302.99
ZBH,Zimmer Biomet,Health Care,Health Care Equipment,103.08,112.89,89.98,103.64,104.48,104.95,99.22,101.57,0.1,4.86,108.09,101.81
ZTS,Zoetis,Health Care,Pharmaceuticals,148.2,194.12,143.44,149.95,151.8,153.46,152.28,160.32,-0.3,6.87,158.38,148.54
