Symbol,Company,GICS_Sector,GICS_Sub_Industry,Current_Price,52_Week_High,52_Week_Low,SMA_5,SMA_10,SMA_20,SMA_50,SMA_100,SMA_125,SMA_200
MMM,3M,Industrials,Industrial Conglomerates,157.87,163.4,120.83,155.6,155.06,155.01,153.49,149.1,147.35,144.13
AOS,A. O. Smith,Industrials,Building Products,72.57,90.29,58.25,73.06,72.41,72.37,71.05,68.43,67.56,67.81
ABT,Abbott Laboratories,Health Care,Health Care Equipment,133.73,139.95,109.57,131.98,132.19,131.93,130.35,131.42,130.53,127.17
ABBV,AbbVie,Health Care,Biotechnology,218.34,221.77,159.42,214.08,213.01,210.54,199.65,192.44,192.15,188.46
ACN,Accenture,Information Technology,IT Consulting & Other Services,238.54,394.41,236.67,246.67,251.15,252.83,264.05,285.36,287.85,313.84
ADBE,Adobe Inc.,Information Technology,Application Software,349.36,587.75,330.04,352.56,350.69,353.87,357.77,375.78,374.93,405.17
AMD,Advanced Micro Devices,Information Technology,Semiconductors,158.57,186.65,76.48,156.2,158.1,163.18,162.64,138.79,130.69,126.14
AES,AES Corporation,Utilities,Independent Power Producers & Energy Traders,12.88,19.17,9.28,12.78,12.98,13.16,12.99,11.76,11.66,11.58
AFL,Aflac,Financials,Life & Health Insurance,109.13,113.54,96.14,107.53,107.24,107.11,103.69,103.76,104.33,104.22
A,Agilent Technologies,Health Care,Life Sciences Tools & Services,123.24,153.19,96.23,125.69,126.18,122.91,119.63,116.13,115.18,123.39
APD,Air Products,Materials,Industrial Gases,292.82,336.92,242.14,290.18,290.83,292.0,291.83,282.84,281.71,291.36
ABNB,Airbnb,Consumer Discretionary,"Hotels, Resorts & Cruise Lines",122.55,163.93,99.88,123.49,124.96,126.14,130.58,130.62,128.32,131.05
AKAM,Akamai Technologies,Information Technology,Internet Services & Infrastructure,76.84,106.8,67.51,77.97,77.92,77.28,77.21,77.91,77.87,83.67
ALB,Albemarle Corporation,Materials,Specialty Chemicals,75.98,112.1,49.11,75.79,78.43,80.2,76.35,67.81,67.45,74.86
ARE,Alexandria Real Estate Equities,Real Estate,Office REITs,84.92,118.73,66.16,84.59,83.54,81.38,79.04,75.2,77.25,84.47
ALGN,Align Technology,Health Care,Health Care Supplies,131.56,262.87,127.7,134.64,135.85,139.67,161.72,171.73,170.06,185.36
ALLE,Allegion,Industrials,Building Products,175.02,177.75,116.14,173.14,171.38,170.52,163.09,151.53,146.51,140.74
LNT,Alliant Energy,Utilities,Electric Utilities,64.86,67.11,54.71,64.31,64.52,65.12,64.36,62.48,62.23,61.18
ALL,Allstate,Financials,Property & Casualty Insurance,200.39,213.71,173.88,200.66,202.45,203.86,200.13,199.78,199.4,196.32
GOOGL,Alphabet Inc. (Class A),Communication Services,Interactive Media & Services,240.8,242.25,140.23,238.8,231.52,218.11,201.07,184.05,178.6,180.66
GOOG,Alphabet Inc. (Class C),Communication Services,Interactive Media & Services,241.38,242.57,142.36,239.16,231.93,218.72,201.85,185.12,179.88,182.08
MO,Altria,Consumer Staples,Tobacco,66.65,68.6,46.28,66.24,66.53,66.65,63.14,60.79,59.89,56.96
AMZN,Amazon,Consumer Discretionary,Broadline Retail,228.15,242.52,161.38,232.5,231.08,229.67,226.76,215.31,209.74,213.97
AMCR,Amcor,Materials,Paper & Plastic Packaging Products & Materials,8.28,11.04,8.16,8.25,8.33,8.45,9.13,9.15,9.18,9.37
AEE,Ameren,Utilities,Multi-Utilities,100.79,102.85,80.42,99.77,99.62,99.96,99.12,97.39,97.33,95.3
AEP,American Electric Power,Utilities,Electric Utilities,109.46,115.08,87.57,108.49,109.03,110.84,109.45,106.0,105.53,102.01
AXP,American Express,Financials,Consumer Finance,325.31,332.46,219.87,325.55,327.08,320.55,313.13,302.04,293.34,295.48
AIG,American International Group,Financials,Multi-line Insurance,78.93,87.61,68.55,78.58,79.76,80.85,80.37,81.87,81.98,79.22
AMT,American Tower,Real Estate,Telecom Tower REITs,195.08,234.33,169.77,194.73,196.76,201.95,211.21,213.04,212.86,204.36
AWK,American Water Works,Utilities,Water Utilities,139.28,153.69,116.64,139.5,140.83,142.69,142.03,141.73,141.95,136.57
AMP,Ameriprise Financial,Financials,Asset Management & Custody Banks,497.08,576.69,393.57,495.17,501.18,505.88,515.64,509.58,502.24,513.86
AME,Ametek,Industrials,Electrical Components & Equipment,189.93,197.35,144.77,189.1,187.48,186.17,183.29,179.51,176.91,179.72
AMGN,Amgen,Health Care,Biotechnology,276.39,330.26,247.06,279.56,282.0,286.52,291.08,284.81,286.86,283.69
APH,Amphenol,Information Technology,Electronic Components,118.68,120.8,56.35,116.91,113.66,111.77,107.25,97.26,90.84,82.87
ADI,Analog Devices,Information Technology,Semiconductors,245.21,257.11,157.31,247.56,247.42,246.1,238.1,227.08,219.83,217.86
AON,Aon plc,Financials,Insurance Brokers,371.95,411.24,322.37,368.59,370.0,370.22,363.34,360.29,364.72,368.68
APA,APA Corporation,Energy,Oil & Gas Exploration & Production,22.84,26.13,13.18,22.61,22.9,22.14,20.42,18.95,18.7,19.72
APO,Apollo Global Management,Financials,Asset Management & Custody Banks,138.03,187.59,101.84,135.39,134.79,135.36,141.65,138.17,136.77,145.74
AAPL,Apple Inc.,Information Technology,"Technology Hardware, Storage & Peripherals",234.07,259.18,168.8,232.62,234.29,231.71,221.0,212.07,210.94,221.06
AMAT,Applied Materials,Information Technology,Semiconductor Materials & Equipment,167.8,213.48,123.04,165.38,162.25,162.38,178.03,171.15,165.7,167.38
APTV,Aptiv,Consumer Discretionary,Automotive Parts & Equipment,82.79,84.72,47.19,82.51,81.1,79.2,73.31,69.13,66.7,64.76
ACGL,Arch Capital Group,Financials,Property & Casualty Insurance,92.26,110.75,82.49,91.13,91.49,91.67,89.79,91.07,91.43,91.99
ADM,Archer Daniels Midland,Consumer Staples,Agricultural Products & Services,61.57,64.38,40.22,61.78,62.02,61.76,57.77,53.43,51.85,50.57
ANET,Arista Networks,Information Technology,Communications Equipment,139.39,156.32,59.43,145.01,141.89,138.03,126.16,108.61,102.26,103.81
AJG,Arthur J. Gallagher & Co.,Financials,Insurance Brokers,297.28,349.78,272.05,297.74,299.45,299.23,300.56,314.27,317.6,312.24
AIZ,Assurant,Financials,Multi-line Insurance,213.01,227.13,173.64,211.71,213.05,213.35,200.46,198.35,198.52,202.72
T,AT&T,Communication Services,Integrated Telecommunication Services,29.57,29.79,20.22,29.32,29.32,29.14,28.27,27.86,27.63,26.09
ATO,Atmos Energy,Utilities,Gas Utilities,166.54,167.99,129.65,164.96,165.29,165.36,160.18,157.47,156.01,150.71
ADSK,Autodesk,Information Technology,Application Software,319.05,329.09,232.67,323.87,321.7,304.49,300.42,296.36,289.3,290.83
ADP,Automatic Data Processing,Industrials,Human Resource & Employment Services,293.5,328.29,265.21,295.92,297.94,301.3,303.1,306.35,304.13,301.75
AZO,AutoZone,Consumer Discretionary,Automotive Retail,4322.15,4388.11,2898.57,4292.72,4248.38,4188.92,3981.27,3840.21,3803.46,3631.5
AVB,AvalonBay Communities,Real Estate,Multi-Family Residential REITs,195.15,233.48,178.86,194.87,193.84,192.82,194.8,199.44,200.13,206.37
AVY,Avery Dennison,Materials,Paper & Plastic Packaging Products & Materials,165.65,219.94,155.31,166.84,167.51,170.56,173.32,174.33,173.82,178.55
AXON,Axon Enterprise,Industrials,Aerospace & Defense,756.13,885.92,353.91,745.48,740.21,754.05,762.07,741.92,703.54,667.67
BKR,Baker Hughes,Energy,Oil & Gas Equipment & Services,46.49,48.6,31.55,46.29,45.91,44.9,43.19,40.25,40.31,41.36
BALL,Ball Corporation,Materials,"Metal, Glass & Plastic Containers",51.19,67.13,43.18,50.75,50.88,51.81,54.87,54.09,53.12,53.47
BAC,Bank of America,Financials,Diversified Banks,50.58,50.96,32.69,50.24,50.17,49.43,47.87,45.58,44.26,44.34
BAX,Baxter International,Health Care,Health Care Equipment,23.99,39.59,21.18,24.2,24.14,24.12,25.58,27.93,28.54,29.62
BDX,Becton Dickinson,Health Care,Health Care Equipment,186.84,248.0,161.47,189.58,189.71,192.32,185.21,179.95,186.87,201.56
BBY,Best Buy,Consumer Discretionary,Computer & Electronics Retail,75.87,99.71,54.24,77.11,76.18,74.77,71.15,69.93,69.27,74.49
TECH,Bio-Techne,Health Care,Life Sciences Tools & Services,51.26,80.52,45.87,52.75,53.25,54.18,53.84,51.81,52.54,59.41
BIIB,Biogen,Health Care,Biotechnology,144.86,204.18,110.04,144.25,141.53,139.41,134.01,130.03,129.9,136.42
BLK,BlackRock,Financials,Asset Management & Custody Banks,1123.41,1166.38,766.05,1114.21,1109.95,1119.31,1110.1,1036.17,1009.55,1001.59
BX,Blackstone Inc.,Financials,Asset Management & Custody Banks,181.35,196.67,114.16,177.99,173.81,171.46,169.27,154.14,150.49,157.31
XYZ,"Block, Inc.",Financials,Transaction & Payment Processing Services,72.87,99.26,44.27,74.44,75.45,76.34,74.94,67.42,65.14,71.79
BK,BNY Mellon,Financials,Asset Management & Custody Banks,106.48,106.57,64.5,104.97,104.91,103.87,100.74,93.78,90.89,87.28
BA,Boeing,Industrials,Aerospace & Defense,215.94,242.69,128.88,224.78,228.87,229.75,228.41,213.85,203.72,191.24
BKNG,Booking Holdings,Consumer Discretionary,"Hotels, Resorts & Cruise Lines",5458.32,5829.37,3692.85,5514.53,5531.36,5576.78,5587.87,5445.51,5265.4,5129.15
BSX,Boston Scientific,Health Care,Health Care Equipment,102.71,109.5,80.64,105.7,106.27,105.66,104.85,103.97,102.67,100.54
BMY,Bristol Myers Squibb,Health Care,Pharmaceuticals,46.2,61.84,42.96,46.97,47.08,47.46,47.07,47.17,48.76,51.58
AVGO,Broadcom,Information Technology,Semiconductors,359.87,374.23,137.78,354.28,331.04,314.67,299.87,266.1,247.89,233.75
BR,Broadridge Financial Solutions,Industrials,Data Processing & Outsourced Services,252.03,270.85,204.03,251.96,251.53,255.14,250.44,244.04,241.7,237.68
BRO,Brown & Brown,Financials,Insurance Brokers,93.54,125.31,90.24,93.82,94.7,95.46,98.14,104.25,107.23,107.57
BLDR,Builders FirstSource,Industrials,Building Products,142.73,203.14,102.6,143.58,142.27,140.56,134.76,124.66,124.44,136.02
BG,Bunge Global,Consumer Staples,Agricultural Products & Services,81.62,97.07,65.6,82.88,82.67,83.14,79.67,79.17,78.13,77.3
BXP,"BXP, Inc.",Real Estate,Office REITs,77.18,86.38,53.45,75.09,74.63,71.39,69.31,68.15,67.25,68.64
CHRW,C.H. Robinson,Industrials,Air Freight & Logistics,132.41,132.92,83.72,128.6,128.09,126.13,113.6,103.49,101.79,101.6
CDNS,Cadence Design Systems,Information Technology,Application Software,343.48,376.45,221.56,351.82,350.0,349.3,342.27,322.16,308.98,302.22
CZR,Caesars Entertainment,Consumer Discretionary,Casinos & Gaming,25.09,45.93,21.4,25.68,25.8,25.92,27.18,27.54,27.24,29.98
CPT,Camden Property Trust,Real Estate,Multi-Family Residential REITs,109.51,124.31,101.41,110.33,110.33,109.47,110.4,112.77,113.14,114.05
CPB,Campbell's Company (The),Consumer Staples,Packaged Foods & Meats,33.23,50.18,29.39,33.62,33.19,32.79,32.22,33.0,33.96,36.09
COF,Capital One,Financials,Consumer Finance,223.76,231.82,131.01,222.82,223.38,221.28,217.38,205.38,197.9,194.07
CAH,Cardinal Health,Health Care,Health Care Distributors,152.24,168.44,104.89,151.04,150.3,149.81,154.84,153.94,149.61,139.61
KMX,CarMax,Consumer Discretionary,Automotive Retail,59.77,91.25,54.53,60.59,60.59,60.05,60.56,63.38,65.19,71.73
CCL,Carnival,Consumer Discretionary,"Hotels, Resorts & Cruise Lines",31.51,32.8,15.07,31.69,31.62,31.16,30.15,26.42,24.96,24.94
CARR,Carrier Global,Industrials,Building Products,61.67,82.31,53.89,63.11,63.58,65.02,69.52,69.84,68.33,68.23
CAT,Caterpillar Inc.,Industrials,Construction Machinery & Heavy Transportation Equipment,431.52,441.15,265.05,425.34,422.02,423.1,419.29,381.98,368.04,366.82
CBOE,Cboe Global Markets,Financials,Financial Exchanges & Data,234.21,255.27,186.22,234.38,234.19,239.71,240.83,232.7,229.42,219.62
CBRE,CBRE Group,Real Estate,Real Estate Services,164.02,167.56,108.45,163.63,162.5,161.98,153.6,141.25,137.92,137.36
CDW,CDW Corporation,Information Technology,Technology Distributors,164.29,227.65,136.33,167.52,166.4,165.84,170.74,172.63,169.57,173.66
COR,Cencora,Health Care,Health Care Distributors,302.52,308.18,216.84,299.63,296.5,295.04,293.04,291.31,287.99,270.78
CNC,Centene Corporation,Health Care,Managed Health Care,33.26,77.29,25.08,31.7,30.49,29.71,28.84,43.03,46.6,51.69
CNP,CenterPoint Energy,Utilities,Multi-Utilities,38.24,39.16,25.67,37.83,37.76,37.8,37.53,37.2,36.92,35.12
CF,CF Industries,Materials,Fertilizers & Agricultural Chemicals,85.63,103.84,66.56,85.56,85.53,85.72,89.07,88.52,85.7,85.37
CRL,Charles River Laboratories,Health Care,Life Sciences Tools & Services,152.89,230.02,91.86,157.06,159.85,160.02,160.65,149.17,147.37,158.34
SCHW,Charles Schwab Corporation,Financials,Investment Banking & Brokerage,93.54,99.42,60.38,93.37,94.47,95.36,95.19,90.71,87.79,84.08
CHTR,Charter Communications,Communication Services,Cable & Satellite,263.4,437.06,251.8,263.51,262.98,265.82,306.07,350.6,351.21,355.35
CVX,Chevron Corporation,Energy,Integrated Oil & Gas,157.11,165.09,129.01,156.4,157.38,156.77,153.35,145.88,146.54,147.58
CMG,Chipotle Mexican Grill,Consumer Discretionary,Restaurants,38.63,66.74,38.3,39.08,40.36,41.71,45.84,48.76,48.84,52.28
CB,Chubb Limited,Financials,Property & Casualty Insurance,278.11,305.88,250.52,278.58,278.03,276.51,274.59,280.96,282.64,279.43
CHD,Church & Dwight,Consumer Staples,Household Products,92.94,115.72,90.22,93.97,94.06,93.75,94.6,95.49,97.51,100.76
CI,Cigna,Health Care,Health Care Services,302.76,363.87,255.6,302.79,302.08,300.65,294.62,306.74,309.62,303.83
CINF,Cincinnati Financial,Financials,Property & Casualty Insurance,156.86,158.92,122.28,154.62,154.21,153.58,151.07,148.1,146.22,144.5
CTAS,Cintas,Industrials,Diversified Support Services,202.37,228.77,179.74,202.62,204.56,209.38,215.95,217.2,213.7,209.01
CSCO,Cisco,Information Technology,Communications Equipment,66.53,72.55,46.57,67.31,67.6,67.54,68.25,65.46,63.99,62.44
C,Citigroup,Financials,Diversified Banks,99.44,99.7,54.51,97.73,96.75,95.73,93.23,84.03,80.42,77.87
CFG,Citizens Financial Group,Financials,Regional Banks,51.82,52.85,31.96,51.76,51.86,50.89,49.02,44.58,43.2,43.62
CLX,Clorox,Consumer Staples,Household Products,123.51,166.9,116.17,124.56,123.56,121.67,123.68,126.56,129.33,138.79
CME,CME Group,Financials,Financial Exchanges & Data,262.3,288.09,203.31,261.49,263.17,266.6,272.6,272.95,270.21,257.19
CMS,CMS Energy,Utilities,Multi-Utilities,71.68,75.33,62.54,71.23,71.35,71.88,71.79,70.97,71.17,69.66
KO,Coca-Cola Company (The),Consumer Staples,Soft Drinks & Non-alcoholic Beverages,67.01,73.85,59.75,67.55,68.1,68.83,69.33,70.1,70.1,67.85
CTSH,Cognizant,Information Technology,IT Consulting & Other Services,69.17,89.77,64.98,70.17,71.0,71.12,72.8,75.38,74.97,77.06
COIN,Coinbase,Financials,Financial Exchanges & Data,323.04,444.65,142.58,316.66,309.96,309.82,341.7,298.75,274.76,272.61
CL,Colgate-Palmolive,Consumer Staples,Household Products,83.28,104.1,82.29,83.8,84.01,84.48,86.02,88.16,88.77,89.03
CMCSA,Comcast,Communication Services,Cable & Satellite,33.06,44.12,31.03,33.52,33.75,33.72,33.83,34.12,34.27,35.16
CAG,Conagra Brands,Consumer Staples,Packaged Foods & Meats,19.17,31.17,18.18,19.37,19.22,19.19,19.14,20.68,21.56,22.98
COP,ConocoPhillips,Energy,Oil & Gas Exploration & Production,92.43,112.56,78.56,92.83,94.55,95.29,94.15,91.64,92.04,94.19
ED,Consolidated Edison,Utilities,Multi-Utilities,97.55,112.97,85.07,97.19,97.51,98.98,100.48,101.95,102.97,99.23
STZ,Constellation Brands,Consumer Staples,Distillers & Vintners,139.49,255.51,139.45,143.49,147.14,155.62,164.36,170.74,172.51,181.59
CEG,Constellation Energy,Utilities,Electric Utilities,323.48,356.57,160.94,312.22,309.54,312.84,321.13,302.6,283.35,276.38
COO,Cooper Companies (The),Health Care,Health Care Supplies,66.68,112.38,61.78,67.97,67.58,70.21,71.65,73.92,75.06,81.94
CPRT,Copart,Industrials,Diversified Support Services,48.4,64.38,45.05,48.53,48.66,48.37,47.4,51.29,52.32,54.5
GLW,Corning Inc.,Information Technology,Electronic Components,77.04,77.87,36.95,74.4,71.77,68.81,62.28,55.2,52.95,51.28
CPAY,Corpay,Financials,Transaction & Payment Processing Services,307.36,400.81,269.02,310.09,314.99,318.41,322.59,326.76,327.18,340.29
CTVA,Corteva,Materials,Fertilizers & Agricultural Chemicals,74.29,77.22,53.14,72.9,72.98,73.03,72.95,70.87,68.73,65.66
CSGP,CoStar Group,Real Estate,Real Estate Services,86.8,97.43,68.26,87.27,88.04,88.73,89.2,83.68,82.62,79.98
COST,Costco,Consumer Staples,Consumer Staples Merchandise Retail,967.9,1075.34,862.73,967.92,959.09,961.17,960.75,981.61,972.89,974.67
CTRA,Coterra,Energy,Oil & Gas Exploration & Production,24.36,29.29,21.55,24.16,24.24,23.98,24.03,24.46,24.91,25.38
CRWD,CrowdStrike,Information Technology,Systems Software,436.1,517.98,242.25,429.18,422.64,422.7,447.79,451.93,434.39,412.35
CCI,Crown Castle,Real Estate,Telecom Tower REITs,95.39,115.8,81.93,94.68,95.93,98.78,102.75,101.75,101.53,97.5
CSX,CSX Corporation,Industrials,Rail Transportation,32.47,37.1,26.01,32.4,32.42,33.42,34.17,32.41,31.63,31.93
CMI,Cummins,Industrials,Construction Machinery & Heavy Transportation Equipment,410.27,413.66,257.24,403.75,400.53,399.48,375.53,344.85,335.97,343.48
CVS,CVS Health,Health Care,Health Care Services,74.98,75.55,42.12,73.13,73.37,72.19,66.84,65.62,65.72,61.45
DHR,Danaher Corporation,Health Care,Life Sciences Tools & Services,190.05,278.43,170.73,194.15,197.91,203.13,201.08,198.19,198.16,207.84
DRI,Darden Restaurants,Consumer Discretionary,Restaurants,212.61,226.68,149.33,212.02,210.37,208.56,207.73,208.56,206.14,197.24
DDOG,Datadog,Information Technology,Application Software,136.5,170.08,81.63,138.34,136.35,133.25,137.73,127.19,121.37,127.92
DVA,DaVita,Health Care,Health Care Services,133.17,179.6,126.07,133.98,135.4,136.21,138.53,139.26,141.23,147.53
DAY,Dayforce,Industrials,Human Resource & Employment Services,68.99,82.69,48.01,69.03,69.25,68.07,60.9,59.36,58.76,62.88
DECK,Deckers Brands,Consumer Discretionary,Footwear,118.5,223.98,93.72,116.62,119.36,114.35,108.62,110.03,110.39,137.39
DE,Deere & Company,Industrials,Agricultural & Farm Machinery,470.51,532.1,373.4,475.09,474.85,482.68,498.18,499.23,491.3,477.5
DELL,Dell Technologies,Information Technology,"Technology Hardware, Storage & Peripherals",125.04,145.54,65.56,123.83,123.78,128.25,129.28,118.74,112.53,112.15
DAL,Delta Air Lines,Industrials,Passenger Airlines,59.87,69.36,34.52,60.83,61.0,60.76,57.03,52.26,50.35,54.6
DVN,Devon Energy,Energy,Oil & Gas Exploration & Production,34.77,42.42,25.71,34.88,35.23,34.92,33.85,32.98,32.96,33.51
DXCM,Dexcom,Health Care,Health Care Equipment,76.22,93.25,57.52,76.92,77.45,78.26,81.03,81.59,78.95,80.07
FANG,Diamondback Energy,Energy,Oil & Gas Exploration & Production,136.88,195.31,112.4,137.7,141.09,141.71,141.93,140.3,140.78,147.97
DLR,Digital Realty,Real Estate,Data Center REITs,173.5,193.72,129.05,169.45,166.54,166.61,170.58,169.52,164.67,166.61
DG,Dollar General,Consumer Staples,Consumer Staples Merchandise Retail,104.4,117.95,65.67,105.91,107.62,109.98,110.79,106.35,102.4,91.72
DLTR,Dollar Tree,Consumer Staples,Consumer Staples Merchandise Retail,97.45,118.06,60.49,98.28,101.53,107.09,109.95,100.29,94.49,86.07
D,Dominion Energy,Utilities,Multi-Utilities,60.05,61.75,46.96,59.26,58.85,59.46,58.73,56.56,55.76,54.85
DPZ,Domino's,Consumer Discretionary,Restaurants,452.05,497.15,390.2,456.86,460.29,455.19,459.23,464.91,463.45,457.06
DASH,DoorDash,Consumer Discretionary,Specialized Consumer Services,257.98,278.15,124.47,256.55,251.65,249.48,248.08,228.32,219.34,205.67
DOV,Dover Corporation,Industrials,Industrial Machinery & Supplies & Components,172.98,220.46,142.22,175.88,176.49,177.97,181.14,179.11,177.17,183.6
DOW,Dow Inc.,Materials,Commodity Chemicals,25.04,51.74,20.11,24.4,24.34,24.1,24.85,26.55,27.43,31.31
DHI,D. R. Horton,Consumer Discretionary,Homebuilding,177.87,197.64,109.8,179.39,176.73,171.79,155.3,139.5,136.4,137.91
DTE,DTE Energy,Utilities,Multi-Utilities,136.84,142.05,112.71,135.82,135.99,137.4,137.12,135.59,135.08,130.23
DUK,Duke Energy,Utilities,Electric Utilities,121.95,126.75,102.41,121.19,121.33,122.32,120.69,118.44,118.2,114.94
DD,DuPont,Materials,Specialty Chemicals,77.29,88.2,53.17,77.17,76.91,76.06,74.4,70.72,70.09,72.94
EMN,Eastman Chemical Company,Materials,Specialty Chemicals,67.16,111.31,56.78,67.33,68.16,67.77,70.76,74.36,76.01,82.87
ETN,Eaton Corporation,Industrials,Electrical Components & Equipment,365.9,398.4,230.37,357.19,351.91,350.82,361.83,340.87,327.9,327.56
EBAY,eBay Inc.,Consumer Discretionary,Broadline Retail,90.8,100.83,55.44,92.01,91.64,94.49,88.13,80.31,77.23,72.59
ECL,Ecolab,Materials,Specialty Chemicals,272.62,286.04,221.08,272.52,273.62,277.5,272.47,265.63,261.3,256.31
EIX,Edison International,Utilities,Electric Utilities,56.2,85.03,46.98,55.21,55.25,55.24,53.69,53.57,54.01,57.66
EW,Edwards Lifesciences,Health Care,Health Care Equipment,77.57,83.0,64.01,78.77,80.01,80.21,78.83,77.37,76.01,74.57
EA,Electronic Arts,Communication Services,Interactive Home Entertainment,172.38,180.7,114.77,169.33,169.45,170.52,162.52,156.19,153.37,148.83
ELV,Elevance Health,Health Care,Managed Health Care,311.76,549.9,272.22,310.65,312.89,311.17,305.6,347.43,363.45,371.88
EMR,Emerson Electric,Industrials,Electrical Components & Equipment,135.1,149.68,89.31,134.2,132.96,132.66,137.21,128.05,123.44,123.38
ENPH,Enphase Energy,Information Technology,Semiconductor Materials & Equipment,37.63,126.19,29.89,37.76,37.68,37.17,36.85,40.23,43.75,52.27
ETR,Entergy,Utilities,Electric Utilities,90.29,91.79,58.27,88.49,88.11,88.58,87.31,84.68,84.13,81.92
EOG,EOG Resources,Energy,Oil & Gas Exploration & Production,118.16,135.49,100.76,118.68,120.44,120.32,119.58,116.87,116.8,120.1
EPAM,EPAM Systems,Information Technology,IT Consulting & Other Services,156.09,269.0,138.15,159.3,165.92,167.37,166.0,169.01,167.73,193.02
EQT,EQT Corporation,Energy,Oil & Gas Exploration & Production,50.94,60.83,31.25,50.82,51.32,51.54,52.93,53.94,53.36,51.4
EFX,Equifax,Industrials,Research & Consulting Services,256.25,307.44,199.2,253.4,247.46,247.49,249.0,255.93,250.8,252.29
EQIX,Equinix,Real Estate,Data Center REITs,788.61,977.63,693.42,782.35,777.33,777.98,776.27,816.82,812.99,850.79
EQR,Equity Residential,Real Estate,Multi-Family Residential REITs,66.44,76.06,58.81,66.44,65.94,65.25,65.46,67.06,67.13,68.18
ERIE,Erie Indemnity,Financials,Insurance Brokers,338.66,539.84,323.76,334.88,336.65,348.09,351.78,355.07,365.77,381.55
ESS,Essex Property Trust,Real Estate,Multi-Family Residential REITs,267.09,310.81,241.65,266.82,265.9,264.73,270.69,275.4,277.12,280.49
EL,Estée Lauder Companies (The),Consumer Staples,Personal Care Products,83.65,101.55,47.94,87.09,88.62,89.14,89.26,78.17,74.62,74.23
EG,Everest Group,Financials,Reinsurance,349.37,400.59,318.14,343.61,343.9,341.97,337.01,339.94,342.26,346.47
EVRG,Evergy,Utilities,Electric Utilities,72.52,73.29,56.68,71.66,71.54,71.6,70.47,68.44,67.94,65.82
ES,Eversource Energy,Utilities,Electric Utilities,65.7,67.15,51.64,64.3,63.95,64.48,65.16,63.84,62.78,61.0
EXC,Exelon,Utilities,Electric Utilities,43.38,47.26,34.98,43.26,43.35,43.92,43.79,43.69,43.83,42.03
EXE,Expand Energy,Energy,Oil & Gas Exploration & Production,96.22,121.47,67.74,95.56,96.2,95.54,98.8,105.2,105.03,102.58
EXPE,Expedia Group,Consumer Discretionary,"Hotels, Resorts & Cruise Lines",222.19,223.22,125.66,218.79,216.49,213.16,196.71,180.93,176.64,179.35
EXPD,Expeditors International,Industrials,Air Freight & Logistics,123.51,129.91,99.78,122.18,121.52,120.99,118.11,115.24,114.74,114.69
EXR,Extra Space Storage,Real Estate,Self-Storage REITs,147.15,178.97,119.72,146.47,145.11,142.53,144.05,145.34,144.27,146.84
XOM,ExxonMobil,Energy,Integrated Oil & Gas,112.16,121.93,96.01,111.46,111.98,110.94,109.89,107.87,108.04,107.83
FFIV,"F5, Inc.",Information Technology,Communications Equipment,321.67,337.39,197.34,325.8,318.81,317.49,310.71,296.64,289.74,283.28
FDS,FactSet,Financials,Financial Exchanges & Data,361.84,495.04,360.82,368.46,369.58,373.22,397.33,418.58,420.96,437.36
FICO,Fair Isaac,Information Technology,Application Software,1544.05,2402.52,1300.0,1551.15,1535.39,1466.18,1483.85,1686.07,1718.35,1813.86
FAST,Fastenal,Industrials,Trading Companies & Distributors,47.45,50.63,32.55,47.77,48.55,49.15,47.21,44.06,42.9,40.82
FRT,Federal Realty Investment Trust,Real Estate,Retail REITs,101.65,114.28,79.72,101.2,100.94,99.19,95.96,95.13,94.6,98.63
FDX,FedEx,Industrials,Air Freight & Logistics,229.55,301.45,191.82,226.96,226.12,227.57,228.68,223.72,223.63,239.27
FIS,Fidelity National Information Services,Financials,Transaction & Payment Processing Services,66.84,90.1,65.8,67.54,67.95,68.85,73.98,76.43,75.56,76.09
FITB,Fifth Third Bancorp,Financials,Regional Banks,45.56,47.75,31.96,45.45,45.6,44.77,43.44,40.78,39.93,40.99
FSLR,First Solar,Information Technology,Semiconductors,201.7,262.72,116.56,203.01,201.45,201.5,187.29,170.68,162.14,166.04
FE,FirstEnergy,Utilities,Electric Utilities,43.8,44.4,36.81,43.46,43.47,43.49,42.26,41.6,41.11,40.34
FI,Fiserv,Financials,Transaction & Payment Processing Services,134.32,238.59,128.22,134.76,135.67,137.0,145.07,159.11,170.08,187.14
F,Ford Motor Company,Consumer Discretionary,Automobile Manufacturers,11.68,11.99,8.21,11.61,11.66,11.64,11.39,10.82,10.55,10.14
FTNT,Fortinet,Information Technology,Systems Software,79.68,114.82,70.12,80.05,78.78,78.79,90.2,96.5,96.43,97.79
FTV,Fortive,Industrials,Industrial Machinery & Supplies & Components,48.83,62.73,45.5,48.37,47.95,48.12,49.3,51.18,51.5,54.24
FOXA,Fox Corporation (Class A),Communication Services,Broadcasting,58.25,62.69,38.35,59.06,59.79,59.22,57.07,55.19,54.48,52.98
FOX,Fox Corporation (Class B),Communication Services,Broadcasting,52.79,57.02,35.53,53.45,54.3,53.97,52.15,50.64,50.09,49.14
BEN,Franklin Resources,Financials,Asset Management & Custody Banks,24.64,26.08,16.03,24.65,25.06,25.1,24.92,23.09,22.14,21.3
FCX,Freeport-McMoRan,Materials,Copper,44.72,51.85,27.45,45.21,45.4,44.11,43.68,41.59,40.47,39.81
GRMN,Garmin,Consumer Discretionary,Consumer Electronics,238.08,244.52,159.09,238.65,238.13,235.86,229.7,215.03,211.99,212.57
IT,Gartner,Information Technology,IT Consulting & Other Services,247.33,584.01,223.65,242.72,244.59,244.19,295.43,359.24,370.13,421.1
GE,GE Aerospace,Industrials,Aerospace & Defense,281.69,286.91,158.81,279.79,278.7,274.04,268.77,249.6,238.12,218.76
GEHC,GE HealthCare,Health Care,Health Care Equipment,76.44,94.71,57.59,77.45,75.48,74.71,74.49,72.78,72.7,77.21
GEV,GE Vernova,Industrials,Heavy Electrical Equipment,625.55,677.29,199.26,621.84,605.98,610.59,606.52,527.8,485.59,433.85
GEN,Gen Digital,Information Technology,Systems Software,29.14,32.09,22.55,29.49,29.58,30.36,30.11,29.05,28.38,28.17
GNRC,Generac,Industrials,Electrical Components & Equipment,184.39,203.25,99.5,184.61,182.24,187.49,176.25,150.91,145.03,148.72
GD,General Dynamics,Industrials,Aerospace & Defense,326.15,330.18,236.67,324.57,323.99,321.48,313.18,294.67,288.98,277.72
GIS,General Mills,Consumer Staples,Packaged Foods & Meats,49.92,72.65,48.29,50.2,49.96,49.72,50.0,51.8,52.95,55.72
GM,General Motors,Consumer Discretionary,Automobile Manufacturers,58.5,60.6,41.36,58.15,58.14,57.78,54.84,51.47,50.48,50.43
GPC,Genuine Parts Company,Consumer Discretionary,Distributors,141.28,143.1,102.41,140.47,139.07,138.21,132.6,126.65,124.38,121.94
GILD,Gilead Sciences,Health Care,Biotechnology,114.55,121.83,77.15,115.86,114.58,115.26,114.01,110.07,109.42,104.77
GPN,Global Payments,Financials,Transaction & Payment Processing Services,85.35,119.03,65.72,86.29,86.91,87.17,83.99,80.73,82.64,92.37
GL,Globe Life,Financials,Life & Health Insurance,142.27,144.0,98.18,140.92,140.63,139.73,134.06,127.6,126.98,122.79
GDDY,GoDaddy,Information Technology,Internet Services & Infrastructure,145.09,216.0,132.51,147.12,146.19,146.2,155.54,168.57,170.0,180.02
GS,Goldman Sachs,Financials,Investment Banking & Brokerage,780.06,793.17,434.87,768.03,753.39,742.25,725.41,663.37,635.37,619.71
HAL,Halliburton,Energy,Oil & Gas Equipment & Services,22.23,31.66,18.43,22.13,22.19,21.88,21.68,21.1,21.47,23.44
HIG,Hartford (The),Financials,Property & Casualty Insurance,132.52,135.17,103.64,131.69,132.17,132.03,127.19,126.38,124.67,120.06
HAS,Hasbro,Consumer Discretionary,Leisure Products,78.38,82.19,48.07,78.8,79.41,80.07,77.71,71.5,68.4,64.93
HCA,HCA Healthcare,Health Care,Health Care Facilities,405.13,420.98,288.77,406.77,408.39,405.62,382.36,374.98,367.01,347.64
DOC,Healthpeak Properties,Real Estate,Health Care REITs,18.08,22.06,16.35,18.11,18.05,17.76,17.67,17.43,17.72,18.46
HSIC,Henry Schein,Health Care,Health Care Distributors,69.01,82.49,60.56,68.27,68.37,68.45,69.42,69.76,69.27,71.16
HSY,Hershey Company (The),Consumer Staples,Packaged Foods & Meats,185.01,202.98,136.73,186.28,185.64,183.08,179.37,171.39,169.91,167.52
HPE,Hewlett Packard Enterprise,Information Technology,"Technology Hardware, Storage & Peripherals",24.73,25.1,11.88,24.28,23.62,22.83,21.56,19.53,18.62,19.42
HLT,Hilton Worldwide,Consumer Discretionary,"Hotels, Resorts & Cruise Lines",274.73,279.81,195.81,275.76,275.62,274.1,271.44,258.83,251.17,251.57
HOLX,Hologic,Health Care,Health Care Equipment,64.45,84.39,51.9,65.92,66.27,66.85,66.38,63.4,62.75,65.47
HD,Home Depot (The),Consumer Discretionary,Home Improvement Retail,422.69,429.19,322.47,418.92,413.92,408.1,387.4,374.33,369.69,379.19
HON,Honeywell,Industrials,Industrial Conglomerates,211.46,240.47,177.52,213.48,214.79,217.04,223.11,221.01,217.15,217.05
HRL,Hormel Foods,Consumer Staples,Packaged Foods & Meats,25.08,32.84,23.71,25.3,25.32,26.85,28.26,29.06,29.17,29.4
HST,Host Hotels & Resorts,Real Estate,Hotel & Resort REITs,17.6,18.53,12.06,17.54,17.42,16.98,16.41,15.72,15.35,15.82
HWM,Howmet Aerospace,Industrials,Aerospace & Defense,185.77,193.13,90.78,182.44,179.17,176.15,180.38,171.73,162.81,147.38
HPQ,HP Inc.,Information Technology,"Technology Hardware, Storage & Peripherals",27.97,38.25,20.76,28.5,28.55,27.71,26.2,25.81,25.75,28.16
HUBB,Hubbell Incorporated,Industrials,Industrial Machinery & Supplies & Components,437.43,475.24,297.55,440.91,436.77,435.89,429.53,404.99,391.19,398.43
HUM,Humana,Health Care,Managed Health Care,276.44,329.4,206.87,282.43,295.78,294.74,263.93,252.85,256.21,261.06
HBAN,Huntington Bancshares,Financials,Regional Banks,17.77,18.03,11.8,17.71,17.71,17.41,17.0,16.26,15.81,15.97
HII,Huntington Ingalls Industries,Industrials,Aerospace & Defense,274.71,291.7,155.93,271.94,271.07,269.72,263.77,245.71,237.12,217.67
IBM,IBM,Information Technology,IT Consulting & Other Services,253.44,294.17,197.46,256.51,250.73,246.22,257.69,260.15,255.79,247.6
IEX,IDEX Corporation,Industrials,Industrial Machinery & Supplies & Components,160.55,235.67,152.2,162.28,162.91,164.11,170.21,174.61,174.43,186.88
IDXX,Idexx Laboratories,Health Care,Health Care Equipment,641.14,688.12,356.14,646.54,643.66,642.57,601.59,552.24,523.49,489.55
ITW,Illinois Tool Works,Industrials,Industrial Machinery & Supplies & Components,263.36,274.77,213.36,264.23,264.12,264.05,260.57,251.97,249.47,252.61
INCY,Incyte,Health Care,Biotechnology,83.1,87.99,53.56,85.54,85.73,85.48,78.22,71.51,69.19,70.08
IR,Ingersoll Rand,Industrials,Industrial Machinery & Supplies & Components,78.79,105.95,65.58,80.02,79.5,79.54,82.04,81.42,80.43,84.76
PODD,Insulet Corporation,Health Care,Health Care Equipment,341.78,353.5,220.1,343.94,344.29,336.96,310.81,304.8,295.61,285.93
INTC,Intel,Information Technology,Semiconductors,24.08,27.55,17.67,24.48,24.4,24.4,22.88,21.91,21.91,21.7
ICE,Intercontinental Exchange,Financials,Financial Exchanges & Data,173.97,189.35,141.51,173.94,174.53,176.81,180.75,178.05,175.56,169.04
IFF,International Flavors & Fragrances,Materials,Specialty Chemicals,65.62,105.18,62.33,65.54,65.9,66.2,69.89,72.89,73.33,77.3
IP,International Paper,Materials,Paper & Plastic Packaging Products & Materials,45.99,58.71,42.44,46.66,47.73,47.88,49.14,47.84,48.13,50.32
IPG,Interpublic Group of Companies (The),Communication Services,Advertising,26.39,31.81,21.93,26.53,26.59,26.46,25.44,24.65,24.65,25.62
INTU,Intuit,Information Technology,Application Software,646.03,813.7,531.0,661.08,664.42,674.33,727.69,716.62,691.95,662.38
ISRG,Intuitive Surgical,Health Care,Health Care Equipment,449.68,616.0,425.0,458.61,459.8,467.65,487.09,510.64,506.66,525.13
IVZ,Invesco,Financials,Asset Management & Custody Banks,22.43,22.78,11.33,22.27,22.06,21.71,20.4,17.48,16.76,16.86
INVH,Invitation Homes,Real Estate,Single-Family Residential REITs,30.21,35.99,29.11,30.25,30.37,30.53,31.08,32.28,32.43,32.14
IQV,IQVIA,Health Care,Life Sciences Tools & Services,187.22,248.03,134.65,187.82,187.0,188.39,181.82,166.07,166.11,177.93
IRM,Iron Mountain,Real Estate,Other Specialized REITs,96.69,127.24,71.77,96.41,93.69,92.67,95.08,96.14,93.73,96.65
JBHT,J.B. Hunt,Industrials,Cargo Ground Transportation,137.93,198.61,122.01,140.06,142.39,143.5,145.59,142.34,141.98,152.72
JBL,Jabil,Information Technology,Electronic Manufacturing Services,214.06,232.75,99.48,212.49,209.06,209.08,217.1,195.12,183.13,170.68
JKHY,Jack Henry & Associates,Financials,Transaction & Payment Processing Services,160.12,194.68,157.23,161.18,161.33,161.57,168.04,172.94,173.15,173.06
J,Jacobs Solutions,Industrials,Construction & Engineering,146.7,152.07,104.68,145.72,145.26,146.32,142.88,134.15,130.83,130.99
JNJ,Johnson & Johnson,Health Care,Pharmaceuticals,178.06,179.84,137.37,177.49,177.79,177.18,169.49,160.79,159.7,155.85
JCI,Johnson Controls,Industrials,Building Products,107.53,112.63,67.22,107.32,106.81,106.63,106.69,101.63,97.07,91.2
JPM,JPMorgan Chase,Financials,Diversified Banks,306.91,307.55,197.4,300.75,300.26,297.45,293.9,278.2,269.3,261.76
K,Kellanova,Consumer Staples,Packaged Foods & Meats,79.43,82.04,77.13,79.38,79.31,79.34,79.29,79.94,80.18,80.09
KVUE,Kenvue,Consumer Staples,Personal Care Products,18.99,24.71,17.15,18.72,19.47,20.32,21.03,21.73,21.9,21.77
KDP,Keurig Dr Pepper,Consumer Staples,Soft Drinks & Non-alcoholic Beverages,27.23,37.26,27.01,27.5,28.25,30.58,32.44,32.87,33.11,32.64
KEY,KeyCorp,Financials,Regional Banks,19.06,19.41,12.43,19.14,19.09,18.78,18.3,17.0,16.54,16.68
KEYS,Keysight Technologies,Information Technology,Electronic Equipment & Instruments,170.54,186.2,121.43,170.3,167.89,165.87,164.79,161.12,157.76,161.38
KMB,Kimberly-Clark,Consumer Staples,Household Products,127.99,147.59,120.67,129.24,128.62,129.49,129.27,130.73,131.98,131.26
KIM,Kimco Realty,Real Estate,Retail REITs,22.39,24.7,17.52,22.41,22.38,22.0,21.51,21.03,20.83,21.3
KMI,Kinder Morgan,Energy,Oil & Gas Storage & Transportation,27.58,30.49,19.68,27.13,26.94,26.79,27.14,27.26,27.16,26.99
KKR,KKR & Co.,Financials,Asset Management & Custody Banks,143.34,169.7,85.9,140.74,138.97,139.46,142.3,131.79,127.3,134.2
KLAC,KLA Corporation,Information Technology,Semiconductor Materials & Equipment,964.02,968.09,548.81,936.53,902.33,891.37,905.77,845.9,810.69,766.1
KHC,Kraft Heinz,Consumer Staples,Packaged Foods & Meats,26.13,34.37,25.07,26.57,26.8,27.03,27.12,26.88,27.26,27.95
KR,Kroger,Consumer Staples,Food Retail,68.29,74.52,49.68,67.64,67.84,68.8,70.21,69.53,68.95,66.09
LHX,L3Harris,Industrials,Aerospace & Defense,279.2,281.67,190.25,276.01,274.65,274.24,269.64,251.69,243.37,231.76
LH,Labcorp,Health Care,Health Care Services,277.95,282.74,208.23,277.19,276.54,275.88,265.03,256.8,251.04,246.4
LRCX,Lam Research,Information Technology,Semiconductor Materials & Equipment,116.96,117.5,56.18,110.11,104.88,102.89,101.04,92.31,87.93,83.96
LW,Lamb Weston,Consumer Staples,Packaged Foods & Meats,56.42,82.35,47.25,56.82,56.85,56.21,54.38,53.56,53.54,56.69
LVS,Las Vegas Sands,Consumer Discretionary,Casinos & Gaming,53.5,58.05,29.84,54.09,54.93,54.92,52.5,46.49,44.51,45.38
LDOS,Leidos,Industrials,Diversified Support Services,183.86,201.22,122.92,181.36,180.39,180.47,171.76,161.22,156.4,151.95
LEN,Lennar,Consumer Discretionary,Homebuilding,137.27,184.74,97.54,138.76,137.36,135.05,123.55,116.01,114.96,121.93
LII,Lennox International,Industrials,Building Products,544.48,689.44,497.88,561.82,559.5,570.82,595.43,578.98,574.95,592.27
LLY,Lilly (Eli),Health Care,Pharmaceuticals,755.39,935.2,622.41,751.11,743.13,727.91,741.22,759.68,766.19,783.46
LIN,Linde plc,Materials,Industrial Gases,482.04,484.83,406.06,477.28,474.8,477.03,471.32,464.61,461.56,453.67
LYV,Live Nation Entertainment,Communication Services,Movies & Entertainment,173.73,175.25,95.22,171.68,167.87,165.97,156.64,148.91,144.32,141.9
LKQ,LKQ Corporation,Consumer Discretionary,Distributors,32.3,43.77,28.65,32.45,32.35,31.85,32.97,35.93,36.9,37.29
LMT,Lockheed Martin,Industrials,Aerospace & Defense,471.31,602.02,407.14,464.42,459.67,451.84,443.88,454.76,453.53,458.51
L,Loews Corporation,Financials,Multi-line Insurance,97.65,98.33,74.95,96.75,96.78,96.35,93.74,91.05,90.27,88.15
LOW,Lowe's,Consumer Discretionary,Home Improvement Retail,271.83,281.56,204.22,270.57,266.48,261.7,242.29,232.47,230.44,238.09
LULU,Lululemon Athletica,Consumer Discretionary,"Apparel, Accessories & Luxury Goods",159.87,423.32,159.75,164.67,179.82,190.87,205.53,241.91,251.21,297.09
LYB,LyondellBasell,Materials,Specialty Chemicals,55.22,89.94,46.44,54.82,54.99,54.88,56.48,56.29,57.37,62.7
MTB,M&T Bank,Financials,Regional Banks,198.8,219.44,148.52,198.76,199.35,196.81,194.29,186.79,182.79,186.15
MPC,Marathon Petroleum,Energy,Oil & Gas Refining & Marketing,180.28,186.28,113.82,181.73,180.68,174.9,172.12,163.97,158.19,153.2
MKTX,MarketAxess,Financials,Financial Exchanges & Data,184.85,292.5,178.2,186.66,184.65,186.12,197.94,208.84,209.95,212.87
MAR,Marriott International,Consumer Discretionary,"Hotels, Resorts & Cruise Lines",266.5,305.27,204.35,265.79,265.99,266.57,268.75,263.68,257.12,265.35
MMC,Marsh McLennan,Financials,Insurance Brokers,202.93,246.94,196.27,202.1,203.69,206.09,206.82,214.89,218.31,219.28
MLM,Martin Marietta Materials,Materials,Construction Materials,615.86,632.26,440.72,621.0,618.98,613.07,592.19,566.71,549.87,541.4
MAS,Masco,Industrials,Building Products,73.63,85.23,56.02,74.25,73.94,73.91,70.05,66.39,66.23,69.71
MA,Mastercard,Financials,Transaction & Payment Processing Services,580.41,601.77,464.22,583.82,587.94,589.01,573.9,568.94,559.94,551.49
MTCH,Match Group,Communication Services,Interactive Media & Services,37.75,39.2,26.24,38.13,37.81,37.61,35.51,32.79,32.18,32.25
MKC,McCormick & Company,Consumer Staples,Packaged Foods & Meats,68.95,85.22,67.71,69.42,69.72,69.95,70.77,72.44,73.51,74.81
MCD,McDonald's,Consumer Discretionary,Restaurants,305.4,322.65,271.85,309.02,312.04,311.09,303.56,304.26,304.37,299.53
MCK,McKesson Corporation,Health Care,Health Care Distributors,711.42,737.01,462.37,708.0,698.71,691.12,697.93,704.38,698.3,661.7
MDT,Medtronic,Health Care,Health Care Equipment,94.03,95.29,77.57,93.53,93.18,92.64,91.41,87.96,87.53,86.79
MRK,Merck & Co.,Health Care,Pharmaceuticals,82.81,116.25,72.58,84.14,84.32,84.61,82.84,80.75,81.52,86.29
META,Meta Platforms,Communication Services,Interactive Media & Services,755.59,796.25,479.43,755.29,748.84,752.0,741.43,693.47,666.81,655.15
MET,MetLife,Financials,Life & Health Insurance,80.82,87.17,64.24,79.86,80.3,80.02,77.96,77.84,77.49,79.13
MTD,Mettler Toledo,Health Care,Life Sciences Tools & Services,1259.54,1521.01,946.69,1279.02,1283.42,1291.98,1256.78,1198.61,1182.26,1217.78
MGM,MGM Resorts,Consumer Discretionary,Casinos & Gaming,34.55,42.54,25.3,35.61,36.85,37.19,37.02,34.9,33.92,34.23
MCHP,Microchip Technology,Information Technology,Semiconductors,64.7,79.31,33.63,64.9,64.67,65.53,67.94,63.57,59.82,58.77
MU,Micron Technology,Information Technology,Semiconductors,157.23,158.28,61.48,142.9,132.63,125.81,120.0,110.15,104.64,101.53
MSFT,Microsoft,Information Technology,Systems Software,509.9,554.54,343.59,501.58,502.8,505.58,509.82,481.07,460.61,444.78
MAA,Mid-America Apartment Communities,Real Estate,Multi-Family Residential REITs,142.2,170.0,137.32,143.57,143.88,143.09,145.17,149.54,151.07,151.99
MRNA,Moderna,Health Care,Biotechnology,23.51,79.88,23.15,24.5,24.43,25.41,28.47,27.54,27.79,31.65
MHK,Mohawk Industries,Consumer Discretionary,Home Furnishings,136.06,164.29,96.24,137.22,135.46,132.34,122.82,113.52,112.72,116.61
MOH,Molina Healthcare,Health Care,Managed Health Care,180.88,365.23,151.95,181.11,179.22,176.22,180.6,243.5,260.33,274.51
TAP,Molson Coors Beverage Company,Consumer Staples,Brewers,48.42,63.47,46.5,49.19,49.49,50.17,49.8,51.2,52.72,54.21
MDLZ,Mondelez International,Consumer Staples,Packaged Foods & Meats,61.98,73.87,53.2,62.16,61.8,62.06,64.65,65.53,65.53,63.54
MPWR,Monolithic Power Systems,Information Technology,Semiconductors,834.14,947.45,437.93,850.38,845.28,843.94,792.64,732.66,697.97,668.09
MNST,Monster Beverage,Consumer Staples,Soft Drinks & Non-alcoholic Beverages,64.69,66.75,45.7,63.54,63.22,63.24,61.7,61.87,61.06,57.53
MCO,Moody's Corporation,Financials,Financial Exchanges & Data,512.31,528.95,377.3,510.54,505.62,508.76,507.93,490.49,480.88,481.89
MS,Morgan Stanley,Financials,Investment Banking & Brokerage,156.39,157.76,91.36,153.6,151.45,149.02,144.8,135.76,130.94,129.64
MOS,Mosaic Company (The),Materials,Fertilizers & Agricultural Chemicals,33.65,37.97,21.99,33.1,32.88,32.75,34.13,33.92,32.35,29.75
MSI,Motorola Solutions,Information Technology,Communications Equipment,481.71,503.98,387.87,482.0,479.32,470.62,447.68,432.53,430.44,440.71
MSCI,MSCI Inc.,Financials,Financial Exchanges & Data,583.25,636.39,483.67,575.13,566.12,567.11,563.06,559.56,557.29,568.92
NDAQ,"Nasdaq, Inc.",Financials,Financial Exchanges & Data,93.95,97.63,64.64,94.87,94.42,94.48,93.51,87.89,85.02,82.75
NTAP,NetApp,Information Technology,"Technology Hardware, Storage & Peripherals",124.0,133.34,71.49,123.38,119.91,115.12,109.4,103.89,100.29,106.14
NFLX,Netflix,Communication Services,Movies & Entertainment,1188.44,1341.15,660.8,1229.53,1229.75,1225.98,1219.93,1206.86,1153.68,1071.58
NEM,Newmont,Materials,Gold,79.25,80.06,36.35,77.8,76.5,73.36,66.97,60.52,58.22,51.94
NWSA,News Corp (Class A),Communication Services,Publishing,29.23,30.65,23.3,29.34,29.21,29.44,29.36,28.67,28.18,28.18
NWS,News Corp (Class B),Communication Services,Publishing,32.27,35.47,26.17,32.46,32.83,33.56,33.67,32.99,32.37,32.08
NEE,NextEra Energy,Utilities,Multi-Utilities,71.64,83.5,60.75,70.77,71.19,72.95,72.68,71.02,70.34,70.3
NKE,"Nike, Inc.",Consumer Discretionary,"Apparel, Accessories & Luxury Goods",73.0,88.65,51.67,73.87,74.46,75.82,75.03,68.01,66.64,69.59
NI,NiSource,Utilities,Multi-Utilities,41.01,43.51,32.09,40.72,40.99,41.66,41.38,40.23,39.9,38.86
NDSN,Nordson Corporation,Industrials,Industrial Machinery & Supplies & Components,223.17,262.94,163.83,224.13,223.73,221.87,218.42,210.68,206.9,211.18
NSC,Norfolk Southern,Industrials,Rail Transportation,274.72,291.69,199.43,274.02,276.41,278.44,275.23,257.67,250.81,248.45
NTRS,Northern Trust,Financials,Asset Management & Custody Banks,129.42,132.18,80.54,128.45,128.66,128.47,127.27,116.53,111.77,109.17
NOC,Northrop Grumman,Industrials,Aerospace & Defense,575.96,598.64,420.66,578.46,581.09,583.97,563.92,522.81,519.25,500.19
NCLH,Norwegian Cruise Line Holdings,Consumer Discretionary,"Hotels, Resorts & Cruise Lines",26.65,29.29,14.21,25.78,25.51,25.02,24.18,21.27,20.64,22.5
NRG,NRG Energy,Utilities,Independent Power Producers & Energy Traders,164.84,175.96,76.12,156.8,151.72,149.58,153.3,148.08,137.5,122.9
NUE,Nucor,Materials,Steel,141.35,168.24,97.18,142.4,144.46,145.64,142.82,130.88,128.09,128.71
NVDA,Nvidia,Information Technology,Semiconductors,177.82,184.47,86.61,174.27,172.56,175.76,174.11,153.49,144.73,139.95
NVR,"NVR, Inc.",Consumer Discretionary,Homebuilding,8414.82,9964.77,6562.85,8420.59,8349.04,8231.32,7929.24,7563.3,7489.07,7694.61
NXPI,NXP Semiconductors,Information Technology,Semiconductors,218.82,253.03,147.4,222.1,225.83,229.36,224.84,213.59,207.82,210.39
ORLY,O’Reilly Automotive,Consumer Discretionary,Automotive Retail,107.5,108.42,73.11,106.75,105.43,104.16,99.86,95.34,94.66,90.94
OXY,Occidental Petroleum,Energy,Oil & Gas Exploration & Production,45.67,55.34,34.4,45.61,46.13,45.66,44.62,43.25,43.29,45.05
ODFL,Old Dominion,Industrials,Cargo Ground Transportation,144.89,231.78,140.65,147.99,148.79,150.7,155.0,157.78,158.13,170.05
OMC,Omnicom Group,Communication Services,Advertising,77.2,103.32,67.76,77.54,77.78,77.45,74.68,73.6,74.07,78.27
ON,ON Semiconductor,Information Technology,Semiconductors,48.26,76.06,31.04,48.58,48.64,49.59,53.13,49.6,47.53,51.18
OKE,Oneok,Energy,Oil & Gas Storage & Transportation,73.05,113.92,70.63,72.58,73.48,73.88,76.86,79.12,81.25,87.6
ORCL,Oracle Corporation,Information Technology,Application Software,292.18,345.72,118.18,281.67,253.9,246.07,244.85,208.25,194.5,184.87
OTIS,Otis Worldwide,Industrials,Industrial Machinery & Supplies & Components,89.06,105.86,83.85,88.29,87.28,87.51,90.37,93.08,94.19,94.84
PCAR,Paccar,Industrials,Construction Machinery & Heavy Transportation Equipment,102.51,114.66,84.08,99.74,99.1,99.36,98.25,95.48,95.1,99.53
PKG,Packaging Corporation of America,Materials,Paper & Plastic Packaging Products & Materials,215.15,246.22,171.6,215.05,215.95,210.89,204.56,196.76,195.62,205.03
PLTR,Palantir Technologies,Information Technology,Application Software,171.43,190.0,33.62,164.2,159.89,160.58,159.62,142.93,131.98,113.43
PANW,Palo Alto Networks,Information Technology,Systems Software,196.29,210.39,144.15,197.38,194.63,189.11,188.25,190.02,186.56,187.28
PSKY,Paramount Skydance Corporation,Communication Services,Movies & Entertainment,18.79,18.87,9.78,16.35,15.57,15.19,13.67,12.79,12.49,11.88
PH,Parker Hannifin,Industrials,Industrial Machinery & Supplies & Components,758.78,779.77,485.92,761.83,758.07,752.42,733.93,692.88,671.92,667.81
PAYX,Paychex,Industrials,Human Resource & Employment Services,135.11,160.03,125.65,134.7,135.73,137.21,140.35,145.25,145.18,144.16
PAYC,Paycom,Industrials,Human Resource & Employment Services,222.63,267.33,157.01,223.33,223.38,224.93,226.93,235.18,231.04,224.45
PYPL,PayPal,Financials,Transaction & Payment Processing Services,66.89,93.66,55.85,67.18,68.17,68.72,70.93,70.82,69.63,74.52
PNR,Pentair,Industrials,Industrial Machinery & Supplies & Components,110.95,112.91,73.85,110.52,109.4,108.27,105.98,101.44,98.0,98.48
PEP,PepsiCo,Consumer Staples,Soft Drinks & Non-alcoholic Beverages,143.53,172.75,125.14,143.05,145.03,146.36,142.32,136.01,137.49,141.22
PFE,Pfizer,Health Care,Pharmaceuticals,23.87,28.43,20.18,24.51,24.65,24.94,24.68,23.87,23.73,24.21
PCG,PG&E Corporation,Utilities,Multi-Utilities,15.45,21.62,12.97,15.19,15.22,15.16,14.53,15.26,15.59,16.4
PM,Philip Morris International,Consumer Staples,Tobacco,166.11,185.29,114.24,165.36,164.72,166.59,169.12,172.08,168.46,154.86
PSX,Phillips 66,Energy,Oil & Gas Refining & Marketing,130.78,135.47,89.26,131.44,131.83,129.37,126.03,119.93,118.05,118.57
PNW,Pinnacle West Capital,Utilities,Multi-Utilities,88.19,94.64,79.08,87.88,88.46,89.64,90.4,90.22,90.43,88.86
PNC,PNC Financial Services,Financials,Diversified Banks,201.98,210.46,142.39,202.16,204.04,201.16,196.38,184.28,179.79,184.05
POOL,Pool Corporation,Consumer Discretionary,Distributors,325.98,391.14,281.15,326.08,319.98,319.12,312.6,305.92,307.2,321.83
PPG,PPG Industries,Materials,Specialty Chemicals,110.72,133.97,89.08,110.45,110.19,111.17,111.52,110.58,109.28,111.99
PPL,PPL Corporation,Utilities,Electric Utilities,36.16,37.09,30.41,35.75,35.89,36.13,35.7,34.98,34.87,34.05
PFG,Principal Financial Group,Financials,Life & Health Insurance,82.7,88.63,67.06,80.93,80.42,79.52,78.76,77.53,77.52,78.42
PG,Procter & Gamble,Consumer Staples,Personal Care Products,157.9,177.66,149.91,158.47,158.48,157.74,156.08,158.63,159.85,162.35
PGR,Progressive Corporation,Financials,Property & Casualty Insurance,248.28,292.77,228.37,246.54,246.52,247.09,246.8,260.54,263.2,259.59
PLD,Prologis,Real Estate,Industrial REITs,115.35,127.91,84.54,113.34,112.9,111.55,109.05,107.36,106.63,108.77
PRU,Prudential Financial,Financials,Life & Health Insurance,106.9,125.75,88.12,106.19,107.0,107.35,104.74,103.72,103.61,107.22
PEG,Public Service Enterprise Group,Utilities,Electric Utilities,82.69,92.35,73.5,81.2,81.11,82.11,83.8,81.62,81.4,82.07
PTC,PTC Inc.,Information Technology,Application Software,205.11,219.69,133.38,206.68,209.89,210.97,205.03,185.51,178.76,179.89
PSA,Public Storage,Real Estate,Self-Storage REITs,292.32,359.28,254.04,292.15,292.53,290.26,287.38,292.02,291.05,294.7
PHM,PulteGroup,Consumer Discretionary,Homebuilding,137.1,148.55,87.88,137.86,136.49,133.12,122.87,112.52,109.95,111.01
PWR,Quanta Services,Industrials,Construction & Engineering,382.53,424.94,227.02,382.27,378.7,379.7,387.87,363.94,343.63,330.03
QCOM,Qualcomm,Information Technology,Semiconductors,161.83,178.09,119.4,160.24,159.48,158.13,155.66,152.31,150.81,153.99
DGX,Quest Diagnostics,Health Care,Health Care Services,182.91,185.62,144.09,182.34,181.52,181.15,175.57,175.5,173.46,168.13
RL,Ralph Lauren Corporation,Consumer Discretionary,"Apparel, Accessories & Luxury Goods",315.14,321.77,167.77,312.57,311.69,300.64,295.77,277.87,264.7,256.35
RJF,Raymond James Financial,Financials,Investment Banking & Brokerage,170.27,173.13,112.35,167.88,168.03,166.62,164.35,155.3,151.53,153.88
RTX,RTX Corporation,Industrials,Aerospace & Defense,155.85,161.26,111.21,154.89,156.54,156.71,153.95,144.25,141.13,133.58
O,Realty Income,Real Estate,Retail REITs,60.41,61.61,49.53,59.72,59.04,58.72,57.57,56.7,56.3,55.1
REG,Regency Centers,Real Estate,Retail REITs,71.34,75.93,62.21,71.8,71.97,71.49,70.73,70.67,70.48,70.76
REGN,Regeneron Pharmaceuticals,Health Care,Biotechnology,560.0,1165.58,475.77,559.8,566.2,574.62,563.42,557.62,567.46,620.22
RF,Regions Financial Corporation,Financials,Regional Banks,27.16,27.61,17.36,27.02,27.04,26.59,25.65,23.53,22.84,23.07
RSG,Republic Services,Industrials,Environmental & Facilities Services,228.48,258.14,195.62,229.28,230.96,232.5,236.11,242.11,241.32,231.91
RMD,ResMed,Health Care,Health Care Equipment,270.14,293.81,199.07,274.77,273.94,279.8,273.69,259.68,250.98,245.41
RVTY,Revvity,Health Care,Health Care Equipment,82.87,129.23,81.36,84.47,85.61,88.23,91.71,92.72,94.5,102.5
ROK,Rockwell Automation,Industrials,Electrical Components & Equipment,344.93,359.54,213.27,344.5,342.4,344.28,344.88,322.2,306.81,297.73
ROL,"Rollins, Inc.",Industrials,Environmental & Facilities Services,57.37,58.96,44.94,57.28,56.93,57.11,56.88,56.67,55.96,53.32
ROP,Roper Technologies,Information Technology,Electronic Equipment & Instruments,512.53,593.46,498.03,517.25,520.12,525.5,539.04,552.81,555.47,553.74
ROST,Ross Stores,Consumer Discretionary,Apparel Retail,147.9,156.94,121.69,149.69,149.93,148.53,141.64,140.22,138.3,140.82
RCL,Royal Caribbean Group,Consumer Discretionary,"Hotels, Resorts & Cruise Lines",336.42,366.5,154.31,344.9,350.91,345.12,336.48,295.09,276.5,262.61
SPGI,S&P Global,Financials,Financial Exchanges & Data,544.23,578.04,425.6,545.72,543.42,547.86,541.85,524.62,515.98,513.36
CRM,Salesforce,Information Technology,Application Software,242.76,367.42,226.48,247.19,249.63,248.28,253.56,262.34,262.64,286.53
SBAC,SBA Communications,Real Estate,Telecom Tower REITs,199.97,247.78,186.81,195.16,197.49,207.4,219.54,224.77,223.34,217.04
SLB,Schlumberger,Energy,Oil & Gas Equipment & Services,35.57,44.81,30.61,35.86,35.83,35.07,34.56,34.3,34.96,36.8
STX,Seagate Technology,Information Technology,"Technology Hardware, Storage & Peripherals",195.99,199.24,62.86,193.33,185.3,173.26,159.39,136.35,124.91,113.41
SRE,Sempra,Utilities,Multi-Utilities,83.94,93.45,61.37,81.83,82.01,81.93,80.14,77.68,75.91,78.01
NOW,ServiceNow,Information Technology,Systems Software,928.96,1198.09,678.66,932.76,922.44,904.28,929.71,960.62,929.07,966.04
SHW,Sherwin-Williams,Materials,Specialty Chemicals,360.1,397.81,307.5,364.57,365.08,365.65,353.47,351.28,348.15,351.33
SPG,Simon Property Group,Real Estate,Retail REITs,182.47,184.5,132.99,181.08,179.79,176.64,168.58,162.79,160.93,164.56
SWKS,Skyworks Solutions,Information Technology,Semiconductors,74.46,99.23,47.01,74.69,74.48,74.72,73.02,71.01,68.91,72.83
SJM,J.M. Smucker Company (The),Consumer Staples,Packaged Foods & Meats,107.8,121.73,92.38,110.23,110.79,110.79,108.48,107.55,108.49,107.71
SW,Smurfit Westrock,Materials,Paper & Plastic Packaging Products & Materials,44.27,55.46,36.31,45.45,46.17,45.31,45.39,44.04,43.71,46.6
SNA,Snap-on,Industrials,Industrial Machinery & Supplies & Components,333.59,366.68,262.79,327.87,326.73,326.53,323.51,318.56,319.58,327.11
SOLV,Solventum,Health Care,Health Care Technology,73.39,85.92,60.7,73.18,72.73,72.57,73.2,72.59,72.25,72.36
SO,Southern Company,Utilities,Electric Utilities,92.27,95.68,78.5,91.6,91.77,92.69,93.05,90.95,90.46,87.86
LUV,Southwest Airlines,Industrials,Passenger Airlines,31.66,37.75,23.55,31.44,31.68,31.83,32.6,31.75,31.3,31.31
SWK,Stanley Black & Decker,Industrials,Industrial Machinery & Supplies & Components,77.57,106.2,52.62,77.84,76.04,75.2,72.12,68.22,68.2,73.44
SBUX,Starbucks,Consumer Discretionary,Restaurants,81.9,115.87,74.48,83.02,85.28,87.07,90.21,88.35,88.64,92.86
STT,State Street Corporation,Financials,Asset Management & Custody Banks,112.44,116.37,72.29,111.97,112.81,113.1,111.26,103.47,99.62,98.09
STLD,Steel Dynamics,Materials,Steel,130.65,153.72,102.78,132.44,131.72,130.55,129.64,129.93,128.09,127.52
STE,Steris,Health Care,Health Care Equipment,249.88,252.95,199.47,248.57,245.92,246.51,236.73,236.28,233.16,226.42
SYK,Stryker Corporation,Health Care,Health Care Equipment,383.34,404.87,328.46,388.19,389.75,389.5,389.05,384.55,379.69,379.21
SMCI,Supermicro,Information Technology,"Technology Hardware, Storage & Peripherals",45.0,66.44,17.25,43.16,41.93,42.99,48.13,44.32,42.53,40.52
SYF,Synchrony Financial,Financials,Consumer Finance,75.37,77.41,40.15,75.47,75.72,74.49,71.91,65.17,62.14,62.79
SNPS,Synopsys,Information Technology,Application Software,425.45,651.73,365.74,492.96,545.25,576.14,589.29,536.17,514.59,510.5
SYY,Sysco,Consumer Staples,Food Distributors,81.29,83.17,66.65,80.98,81.19,80.5,79.64,76.11,75.17,74.67
TMUS,T-Mobile US,Communication Services,Wireless Telecommunication Services,241.72,274.51,191.68,241.82,247.45,250.38,242.34,240.5,243.94,241.34
TROW,T. Rowe Price,Financials,Asset Management & Custody Banks,105.63,121.15,76.8,106.66,107.16,107.19,105.54,99.09,97.0,101.52
TTWO,Take-Two Interactive,Communication Services,Interactive Home Entertainment,246.26,250.45,146.76,246.7,242.69,236.76,233.13,232.05,227.42,214.72
TPR,"Tapestry, Inc.",Consumer Discretionary,"Apparel, Accessories & Luxury Goods",106.47,113.62,39.69,105.73,104.61,102.03,103.29,90.96,86.34,80.55
TRGP,Targa Resources,Energy,Oil & Gas Storage & Transportation,166.38,215.2,139.32,163.37,164.38,163.67,165.57,165.63,169.01,177.61
TGT,Target Corporation,Consumer Staples,Consumer Staples Merchandise Retail,89.96,155.5,85.44,90.93,92.13,95.88,100.02,97.65,97.59,108.52
TEL,TE Connectivity,Information Technology,Electronic Manufacturing Services,209.82,215.22,115.38,209.82,208.34,206.21,197.29,177.64,169.32,160.89
TDY,Teledyne Technologies,Information Technology,Electronic Equipment & Instruments,556.29,570.56,416.0,551.69,547.52,544.9,544.36,516.69,509.43,500.8
TER,Teradyne,Information Technology,Semiconductor Materials & Equipment,112.24,143.64,65.6,115.92,117.72,115.56,105.54,93.74,90.95,101.07
TSLA,"Tesla, Inc.",Consumer Discretionary,Automobile Manufacturers,395.94,488.54,212.11,361.18,349.26,343.27,328.52,322.15,308.32,330.8
TXN,Texas Instruments,Information Technology,Semiconductors,182.6,220.1,137.77,184.36,189.51,195.45,197.63,190.52,185.33,185.7
TPL,Texas Pacific Land Corporation,Energy,Oil & Gas Exploration & Production,937.17,1759.83,762.48,925.3,922.83,910.91,944.21,1079.07,1119.09,1195.42
TXT,Textron,Industrials,Aerospace & Defense,81.23,91.23,57.69,81.55,80.99,80.62,80.98,77.79,76.09,76.46
TMO,Thermo Fisher Scientific,Health Care,Life Sciences Tools & Services,479.46,622.14,385.46,483.49,486.44,488.74,465.37,437.92,445.33,480.42
TJX,TJX Companies,Consumer Discretionary,Apparel Retail,139.48,145.58,109.83,140.2,139.59,137.75,130.96,128.83,127.33,125.26
TKO,TKO Group Holdings,Communication Services,Movies & Entertainment,202.44,204.1,112.59,199.34,194.23,189.97,178.67,171.74,167.04,160.05
TTD,Trade Desk (The),Communication Services,Advertising,45.15,141.53,42.96,48.19,50.76,51.89,67.15,67.66,64.71,81.34
TSCO,Tractor Supply,Consumer Discretionary,Other Specialty Retail,60.61,63.75,46.46,59.65,60.28,60.86,59.1,54.96,54.36,54.46
TT,Trane Technologies,Industrials,Building Products,400.77,475.11,296.82,411.46,411.54,417.7,431.05,421.29,404.77,392.83
TDG,TransDigm Group,Industrials,Aerospace & Defense,1271.45,1519.36,1107.45,1291.48,1290.25,1298.96,1380.31,1360.25,1339.55,1295.32
TRV,Travelers Companies (The),Financials,Property & Casualty Insurance,278.93,279.99,220.97,275.3,274.7,272.34,264.98,265.25,262.79,256.05
TRMB,Trimble Inc.,Information Technology,Electronic Equipment & Instruments,80.88,87.5,52.91,81.05,80.37,81.01,81.84,75.82,73.4,73.1
TFC,Truist Financial,Financials,Diversified Banks,45.2,47.46,32.72,45.38,46.02,45.66,44.71,42.06,41.2,42.2
TYL,Tyler Technologies,Information Technology,Application Software,544.99,661.31,513.52,553.88,555.28,558.89,567.7,568.04,568.04,581.08
TSN,Tyson Foods,Consumer Staples,Packaged Foods & Meats,55.13,63.75,51.39,55.67,56.04,56.22,55.01,55.4,56.29,56.82
USB,U.S. Bancorp,Financials,Diversified Banks,49.13,52.21,34.8,49.13,48.95,48.14,46.82,44.81,43.8,44.98
UBER,Uber,Industrials,Passenger Ground Transportation,95.89,97.71,59.33,94.92,93.71,94.33,92.59,89.21,85.86,79.66
UDR,"UDR, Inc.",Real Estate,Multi-Family Residential REITs,38.37,45.63,35.84,38.64,38.75,38.76,39.32,40.16,40.47,41.08
ULTA,Ulta Beauty,Consumer Discretionary,Other Specialty Retail,514.62,539.0,309.01,517.13,518.63,521.1,508.77,469.94,447.73,427.89
UNP,Union Pacific Corporation,Industrials,Rail Transportation,214.91,252.32,202.16,215.89,219.01,220.46,223.62,222.25,222.7,227.32
UAL,United Airlines Holdings,Industrials,Passenger Airlines,106.58,116.0,47.46,107.37,106.54,104.33,95.32,85.92,82.51,88.46
UPS,United Parcel Service,Industrials,Air Freight & Logistics,84.35,136.36,82.0,84.31,84.91,86.12,90.46,93.32,95.0,103.67
URI,United Rentals,Industrials,Trading Companies & Distributors,938.0,980.53,523.58,951.59,955.82,940.32,881.8,787.62,751.31,742.29
UNH,UnitedHealth Group,Health Care,Managed Health Care,352.51,621.24,234.6,344.21,327.34,315.61,292.01,312.41,355.06,415.77
UHS,Universal Health Services,Health Care,Health Care Facilities,191.72,242.21,152.16,188.15,186.1,184.04,176.03,178.65,178.65,180.83
VLO,Valero Energy,Energy,Oil & Gas Refining & Marketing,156.72,163.02,97.37,158.4,156.58,149.98,144.63,135.88,132.61,131.15
VTR,Ventas,Real Estate,Health Care REITs,69.73,70.82,55.85,68.95,68.39,68.18,67.07,65.68,65.88,64.1
VLTO,Veralto,Industrials,Environmental & Facilities Services,109.03,114.62,83.77,107.21,106.49,107.08,105.48,101.88,100.24,100.77
VRSN,Verisign,Information Technology,Internet Services & Infrastructure,285.52,309.71,174.64,285.4,280.48,275.2,277.36,277.4,270.83,248.78
VRSK,Verisk Analytics,Industrials,Research & Consulting Services,262.2,322.46,259.01,266.58,267.48,268.12,279.73,293.11,292.54,289.93
VZ,Verizon,Communication Services,Integrated Telecommunication Services,43.97,45.87,36.41,43.7,43.88,44.17,43.15,42.83,42.81,41.66
VRTX,Vertex Pharmaceuticals,Health Care,Biotechnology,394.53,519.88,362.5,394.44,395.39,393.57,424.04,439.18,449.88,451.08
VTRS,Viatris,Health Care,Pharmaceuticals,9.96,13.04,6.68,10.26,10.38,10.44,9.69,9.11,8.92,9.72
VICI,Vici Properties,Real Estate,Hotel & Resort REITs,33.16,34.01,27.24,33.18,33.35,33.21,33.13,32.4,32.16,31.24
V,Visa Inc.,Financials,Transaction & Payment Processing Services,339.43,374.85,266.36,341.47,345.43,346.09,346.87,350.16,346.84,339.8
VST,Vistra Corp.,Utilities,Electric Utilities,209.7,216.85,74.69,200.95,194.55,194.27,196.58,178.02,166.02,160.7
VMC,Vulcan Materials Company,Materials,Construction Materials,294.94,302.21,214.34,296.47,294.12,292.32,281.2,271.79,264.71,263.89
WRB,W. R. Berkley Corporation,Financials,Property & Casualty Insurance,73.82,75.77,54.76,72.89,72.53,72.03,70.47,71.37,70.35,66.44
GWW,W. W. Grainger,Industrials,Industrial Machinery & Supplies & Components,1004.06,1219.65,889.92,1001.09,1007.61,1004.6,1008.0,1031.07,1019.55,1039.65
WAB,Wabtec,Industrials,Construction Machinery & Heavy Transportation Equipment,188.82,215.82,151.42,190.32,191.59,192.34,197.72,198.17,193.89,194.01
WBA,Walgreens Boots Alliance,Consumer Staples,Drug Retail,11.98,13.25,7.98,11.98,12.03,11.93,11.67,11.39,11.33,10.81
WMT,Walmart,Consumer Staples,Consumer Staples Merchandise Retail,103.49,104.51,76.74,102.22,100.68,99.52,98.61,97.66,95.64,94.99
DIS,Walt Disney Company (The),Communication Services,Movies & Entertainment,115.96,124.69,79.76,117.01,117.58,117.36,118.44,113.75,109.42,109.77
WBD,Warner Bros. Discovery,Communication Services,Broadcasting,18.87,19.33,6.78,14.44,13.13,12.49,12.39,11.0,10.7,10.63
WM,Waste Management,Industrials,Environmental & Facilities Services,218.16,241.74,198.19,218.91,221.61,224.1,227.07,229.63,229.17,224.49
WAT,Waters Corporation,Health Care,Life Sciences Tools & Services,295.39,423.56,275.05,300.15,299.51,297.53,300.54,324.38,328.99,350.63
WEC,WEC Energy Group,Utilities,Electric Utilities,110.52,110.99,89.63,108.91,107.92,107.78,107.36,106.23,105.97,102.73
WFC,Wells Fargo,Financials,Diversified Banks,81.46,84.33,49.13,80.58,80.82,80.08,80.19,77.1,75.15,74.55
WELL,Welltower,Real Estate,Health Care REITs,169.13,170.99,120.11,168.78,168.29,166.75,163.09,156.45,154.35,147.26
WST,West Pharmaceutical Services,Health Care,Health Care Supplies,253.5,351.24,187.09,255.53,251.56,248.59,240.47,227.94,225.67,253.26
WDC,Western Digital,Information Technology,"Technology Hardware, Storage & Peripherals",97.66,98.86,28.74,95.33,90.72,84.12,75.91,63.76,58.75,55.07
WY,Weyerhaeuser,Real Estate,Timber REITs,24.9,33.04,23.71,25.41,25.43,25.67,25.61,25.71,26.03,27.22
WSM,"Williams-Sonoma, Inc.",Consumer Discretionary,Homefurnishing Retail,196.95,218.08,123.89,201.81,198.67,198.51,190.08,175.03,170.76,178.84
WMB,Williams Companies,Energy,Oil & Gas Storage & Transportation,58.81,63.45,42.4,58.26,57.91,57.56,58.06,58.61,58.45,57.24
WTW,Willis Towers Watson,Financials,Insurance Brokers,338.79,342.16,280.03,334.23,330.97,332.24,321.18,313.66,316.12,317.19
WDAY,"Workday, Inc.",Information Technology,Application Software,223.39,294.0,205.33,227.82,229.44,228.15,229.5,239.02,238.24,246.55
WYNN,Wynn Resorts,Consumer Discretionary,Casinos & Gaming,121.45,128.53,64.93,122.47,123.39,119.41,113.07,100.73,96.23,92.77
XEL,Xcel Energy,Utilities,Multi-Utilities,73.35,74.57,60.59,72.46,72.42,72.64,71.83,70.35,70.06,68.89
XYL,Xylem Inc.,Industrials,Industrial Machinery & Supplies & Components,141.55,144.93,99.87,139.73,140.28,141.16,137.72,130.95,127.56,125.79
YUM,Yum! Brands,Consumer Discretionary,Restaurants,149.49,161.72,120.38,147.68,146.29,146.76,146.0,145.35,146.33,143.04
ZBRA,Zebra Technologies,Information Technology,Electronic Equipment & Instruments,312.65,427.76,205.73,312.16,311.57,314.14,321.53,302.5,293.6,322.19
ZBH,Zimmer Biomet,Health Care,Health Care Equipment,103.08,114.14,88.99,103.64,104.48,104.95,99.22,96.82,98.82,101.57
ZTS,Zoetis,Health Care,Pharmaceuticals,148.2,197.92,138.77,149.95,151.8,153.46,152.28,156.14,156.08,160.32
