Symbol,Company,GICS_Sector,GICS_Sub_Industry,Current_Price,52_Week_High,52_Week_Low,SMA_5,SMA_10,SMA_20,SMA_50,SMA_100,SMA_125,SMA_200
MMM,3M,Industrials,Industrial Conglomerates,159.81,174.69,120.31,161.78,164.28,167.13,164.81,159.31,157.82,152.01
AOS,A. O. Smith,Industrials,Building Products,68.07,76.52,57.94,68.06,68.08,67.21,66.82,69.25,69.12,67.54
ABT,Abbott Laboratories,Health Care,Health Care Equipment,125.38,139.33,109.21,125.9,125.05,125.77,126.69,129.27,129.26,129.46
ABBV,AbbVie,Health Care,Biotechnology,227.45,243.06,160.33,225.01,224.8,226.11,226.55,219.78,213.24,203.55
ACN,Accenture,Information Technology,IT Consulting & Other Services,270.45,394.41,229.4,271.69,271.68,265.06,253.19,250.28,257.62,275.51
ADBE,Adobe Inc.,Information Technology,Application Software,357.56,465.7,311.59,354.36,351.72,338.99,337.53,344.51,350.15,364.49
AMD,Advanced Micro Devices,Information Technology,Semiconductors,214.69,267.08,76.48,207.29,211.93,213.99,229.74,200.13,190.73,159.17
AES,AES Corporation,Utilities,Independent Power Producers & Energy Traders,13.86,15.32,9.16,13.63,13.76,13.83,13.97,13.56,13.29,12.33
AFL,Aflac,Financials,Life & Health Insurance,109.96,115.24,95.64,110.15,109.64,109.66,109.57,108.14,106.77,105.83
A,Agilent Technologies,Health Care,Life Sciences Tools & Services,138.63,160.27,96.03,137.72,139.59,144.95,145.1,134.83,131.54,124.21
APD,Air Products,Materials,Industrial Gases,244.5,334.71,229.11,243.37,241.6,249.4,252.0,267.49,271.86,272.57
ABNB,Airbnb,Consumer Discretionary,"Hotels, Resorts & Cruise Lines",136.88,163.93,99.88,134.39,131.31,125.22,123.76,124.03,126.65,126.48
AKAM,Akamai Technologies,Information Technology,Internet Services & Infrastructure,90.29,103.75,67.51,88.66,87.33,87.46,82.46,79.29,79.25,78.93
ALB,Albemarle Corporation,Materials,Specialty Chemicals,144.84,150.72,48.7,139.4,135.78,130.33,113.11,96.83,91.72,80.42
ARE,Alexandria Real Estate Equities,Real Estate,Office REITs,48.54,100.23,44.1,47.99,47.13,48.74,56.82,68.23,69.89,72.31
ALGN,Align Technology,Health Care,Health Care Supplies,159.46,237.23,122.0,160.41,161.77,156.38,143.71,139.61,150.53,159.25
ALLE,Allegion,Industrials,Building Products,160.83,180.68,116.14,160.23,160.75,161.99,165.81,168.91,165.63,153.83
LNT,Alliant Energy,Utilities,Electric Utilities,65.0,69.59,54.52,65.21,65.17,66.18,67.0,66.03,65.22,63.43
ALL,Allstate,Financials,Property & Casualty Insurance,207.72,214.88,173.06,207.25,206.44,207.47,202.75,203.7,201.66,200.37
GOOGL,Alphabet Inc. (Class A),Communication Services,Interactive Media & Services,309.75,328.62,140.14,304.53,308.99,313.66,288.85,257.22,242.5,212.58
GOOG,Alphabet Inc. (Class C),Communication Services,Interactive Media & Services,311.27,328.46,142.27,305.88,310.17,314.45,289.51,257.88,243.21,213.67
MO,Altria,Consumer Staples,Tobacco,58.6,67.51,47.59,58.71,58.7,58.56,59.77,62.38,61.54,59.71
AMZN,Amazon,Consumer Discretionary,Broadline Retail,229.35,258.6,161.38,225.46,226.6,228.53,229.53,227.59,227.18,215.79
AMCR,Amcor,Materials,Paper & Plastic Packaging Products & Materials,8.3,10.3,7.67,8.32,8.27,8.36,8.27,8.4,8.64,8.87
AEE,Ameren,Utilities,Multi-Utilities,99.48,105.97,83.94,98.74,98.32,100.2,102.06,101.15,100.15,98.42
AEP,American Electric Power,Utilities,Electric Utilities,114.78,124.8,86.88,114.83,114.85,117.39,118.42,114.47,112.54,108.65
AXP,American Express,Financials,Consumer Finance,381.3,387.49,219.32,377.94,377.92,371.0,360.48,340.53,335.03,312.69
AIG,American International Group,Financials,Multi-line Insurance,86.5,86.84,67.79,85.88,83.88,79.92,78.59,78.8,79.18,80.2
AMT,American Tower,Real Estate,Telecom Tower REITs,172.58,232.28,168.28,175.38,177.94,178.52,181.75,189.64,195.7,201.49
AWK,American Water Works,Utilities,Water Utilities,131.72,152.71,115.89,132.34,131.44,130.79,132.6,136.26,136.89,138.52
AMP,Ameriprise Financial,Financials,Asset Management & Custody Banks,495.45,574.69,392.21,489.28,490.56,476.17,468.65,483.58,492.53,490.79
AME,Ametek,Industrials,Electrical Components & Equipment,205.65,206.37,144.31,202.52,201.8,199.63,194.54,189.81,187.79,181.79
AMGN,Amgen,Health Care,Biotechnology,331.53,346.38,245.31,327.22,322.57,330.19,317.8,301.01,299.21,293.5
APH,Amphenol,Information Technology,Electronic Components,134.82,144.09,56.16,131.07,132.95,136.02,134.71,125.03,120.16,104.06
ADI,Analog Devices,Information Technology,Semiconductors,276.07,284.23,156.76,274.97,277.58,271.87,249.87,244.85,243.09,228.74
AON,Aon plc,Financials,Insurance Brokers,356.05,411.24,322.37,352.59,350.45,349.21,346.17,355.17,355.26,360.23
APA,APA Corporation,Energy,Oil & Gas Exploration & Production,24.46,27.72,13.04,24.2,25.08,25.33,24.12,23.13,22.28,20.44
APO,Apollo Global Management,Financials,Asset Management & Custody Banks,148.95,172.65,101.44,147.03,147.33,140.32,132.04,133.8,136.23,134.75
AAPL,Apple Inc.,Information Technology,"Technology Hardware, Storage & Peripherals",270.76,288.62,168.63,272.61,274.94,277.48,269.93,253.34,244.63,229.7
AMAT,Applied Materials,Information Technology,Semiconductor Materials & Equipment,259.07,276.1,122.8,255.22,260.9,258.94,240.52,211.5,207.05,187.48
APTV,Aptiv,Consumer Discretionary,Automotive Parts & Equipment,77.04,88.8,47.19,77.42,77.8,77.3,79.9,79.61,77.69,71.76
ACGL,Arch Capital Group,Financials,Property & Casualty Insurance,96.94,97.4,82.45,96.21,94.8,93.78,90.88,90.72,90.3,91.14
ADM,Archer Daniels Midland,Consumer Staples,Agricultural Products & Services,57.65,64.46,39.88,58.15,58.71,59.19,59.49,59.73,58.49,54.22
ANET,Arista Networks,Information Technology,Communications Equipment,130.65,164.94,59.43,126.98,128.23,127.86,136.3,138.39,132.51,114.67
AJG,Arthur J. Gallagher & Co.,Financials,Insurance Brokers,258.3,348.85,236.34,253.44,250.68,247.74,257.95,277.81,284.08,300.71
AIZ,Assurant,Financials,Multi-line Insurance,240.92,242.04,172.97,237.67,232.43,228.48,221.39,216.02,210.42,205.4
T,AT&T,Communication Services,Integrated Telecommunication Services,24.31,29.47,20.72,24.23,24.32,24.93,25.2,26.66,26.8,26.79
ATO,Atmos Energy,Utilities,Gas Utilities,167.0,179.62,133.05,168.06,167.96,170.09,172.84,168.86,165.72,160.58
ADSK,Autodesk,Information Technology,Application Software,299.71,329.09,232.67,297.2,297.97,300.26,301.02,304.45,303.94,294.23
ADP,Automatic Data Processing,Industrials,Human Resource & Employment Services,259.62,324.5,245.59,261.23,261.45,258.35,261.91,278.14,282.9,289.44
AZO,AutoZone,Consumer Discretionary,Automotive Retail,3416.64,4388.11,3162.0,3409.27,3436.78,3655.82,3763.28,3953.41,3910.41,3824.11
AVB,AvalonBay Communities,Real Estate,Multi-Family Residential REITs,182.32,224.32,166.73,180.18,178.34,179.33,180.22,184.86,187.76,193.17
AVY,Avery Dennison,Materials,Paper & Plastic Packaging Products & Materials,181.0,192.3,154.46,182.47,181.04,176.87,172.95,169.67,171.05,171.86
AXON,Axon Enterprise,Industrials,Aerospace & Defense,600.36,885.92,469.24,572.58,567.5,553.55,609.58,682.53,697.93,678.85
BKR,Baker Hughes,Energy,Oil & Gas Equipment & Services,45.54,51.12,33.06,45.01,46.2,47.89,47.5,46.58,45.4,42.78
BALL,Ball Corporation,Materials,"Metal, Glass & Plastic Containers",52.33,59.82,43.01,52.13,50.7,49.77,48.67,49.86,51.44,51.42
BAC,Bank of America,Financials,Diversified Banks,55.84,56.11,32.53,54.95,54.74,53.94,52.76,50.94,50.17,46.77
BAX,Baxter International,Health Care,Health Care Equipment,18.96,37.25,17.39,19.07,18.93,18.79,19.63,21.53,22.96,25.9
BDX,Becton Dickinson,Health Care,Health Care Equipment,197.11,246.65,160.6,195.83,196.78,194.29,188.74,188.47,185.97,187.58
BBY,Best Buy,Consumer Discretionary,Computer & Electronics Retail,71.08,87.0,52.85,71.75,72.25,73.77,76.42,74.18,72.77,70.4
TECH,Bio-Techne,Health Care,Life Sciences Tools & Services,59.18,78.83,45.8,57.8,58.61,61.03,60.94,57.66,56.86,55.1
BIIB,Biogen,Health Care,Biotechnology,174.83,185.17,110.04,172.63,173.89,177.21,163.52,151.86,147.43,140.19
BLK,BlackRock,Financials,Asset Management & Custody Banks,1086.12,1214.03,762.34,1068.88,1077.22,1061.82,1079.73,1102.89,1098.19,1034.58
BX,Blackstone Inc.,Financials,Asset Management & Custody Banks,155.58,188.42,113.15,153.24,153.44,150.51,149.26,160.11,160.41,151.22
XYZ,"Block, Inc.",Financials,Transaction & Payment Processing Services,65.07,94.25,44.27,64.62,64.03,63.38,68.01,72.06,72.09,66.74
BK,BNY Mellon,Financials,Asset Management & Custody Banks,117.35,119.4,69.31,115.11,116.25,114.13,110.45,107.46,105.0,96.84
BA,Boeing,Industrials,Aerospace & Defense,216.65,242.69,128.88,210.41,206.17,200.18,202.31,213.17,215.32,203.46
BKNG,Booking Holdings,Consumer Discretionary,"Hotels, Resorts & Cruise Lines",5407.87,5818.24,4074.35,5385.0,5343.7,5172.25,5080.21,5276.71,5354.88,5204.29
BSX,Boston Scientific,Health Care,Health Care Equipment,96.46,109.5,85.98,95.12,93.74,96.35,98.56,100.28,101.16,100.95
BMY,Bristol Myers Squibb,Health Care,Pharmaceuticals,54.69,61.0,42.38,54.0,52.97,51.46,47.83,46.75,46.68,47.95
AVGO,Broadcom,Information Technology,Semiconductors,340.36,414.61,137.54,335.47,366.4,374.36,361.52,341.49,329.05,283.13
BR,Broadridge Financial Solutions,Industrials,Data Processing & Outsourced Services,228.12,269.71,209.84,227.39,227.71,227.63,226.33,237.28,237.81,236.34
BRO,Brown & Brown,Financials,Insurance Brokers,80.25,125.05,76.17,80.62,80.25,79.97,81.92,87.96,91.21,99.61
BLDR,Builders FirstSource,Industrials,Building Products,103.63,175.12,94.35,103.95,105.73,107.95,111.1,122.15,123.3,121.35
BG,Bunge Global,Consumer Staples,Agricultural Products & Services,89.37,98.82,65.12,91.55,91.94,93.48,93.73,87.55,85.22,81.79
BXP,"BXP, Inc.",Real Estate,Office REITs,69.51,78.59,52.95,69.53,70.16,70.65,70.94,71.0,70.5,68.44
CHRW,C.H. Robinson,Industrials,Air Freight & Logistics,164.42,167.9,83.39,163.01,160.04,158.69,147.84,137.25,129.47,116.02
CDNS,Cadence Design Systems,Information Technology,Application Software,316.92,376.45,221.56,315.9,322.97,321.59,324.26,338.03,335.35,315.43
CZR,Caesars Entertainment,Consumer Discretionary,Casinos & Gaming,25.0,40.0,18.25,24.2,24.04,23.47,21.89,23.77,24.91,25.76
CPT,Camden Property Trust,Real Estate,Multi-Family Residential REITs,108.54,121.85,96.2,107.22,104.88,104.51,102.51,103.94,105.38,108.22
CPB,Campbell's Company (The),Consumer Staples,Packaged Foods & Meats,28.62,42.36,27.85,28.66,28.54,29.32,30.16,31.14,31.11,32.65
COF,Capital One,Financials,Consumer Finance,246.71,247.24,141.84,242.87,239.99,231.12,221.1,219.4,218.5,204.48
CAH,Cardinal Health,Health Care,Health Care Distributors,204.82,214.93,113.37,200.64,199.59,202.8,190.92,171.37,169.22,159.38
KMX,CarMax,Consumer Discretionary,Automotive Retail,38.08,91.25,30.26,39.52,40.14,39.24,39.27,47.41,50.78,57.42
CCL,Carnival,Consumer Discretionary,"Hotels, Resorts & Cruise Lines",32.24,32.8,15.07,29.59,28.38,27.05,27.4,28.83,28.9,25.91
CARR,Carrier Global,Industrials,Building Products,53.77,80.78,50.3,53.08,53.18,53.53,55.34,59.2,62.39,63.99
CAT,Caterpillar Inc.,Industrials,Construction Machinery & Heavy Transportation Equipment,583.03,627.5,264.29,575.18,589.89,585.77,562.82,502.47,483.57,425.8
CBOE,Cboe Global Markets,Financials,Financial Exchanges & Data,252.07,262.98,186.22,249.85,250.22,252.74,249.28,245.45,243.65,235.03
CBRE,CBRE Group,Real Estate,Real Estate Services,163.48,171.0,108.45,161.28,159.8,160.05,157.02,158.16,155.19,144.42
CDW,CDW Corporation,Information Technology,Technology Distributors,139.77,219.61,135.03,142.44,144.86,144.46,146.84,154.67,159.31,162.25
COR,Cencora,Health Care,Health Care Distributors,339.48,377.54,222.21,341.13,342.46,348.51,345.67,320.99,315.49,302.77
CNC,Centene Corporation,Health Care,Managed Health Care,39.96,66.81,25.08,39.21,39.45,39.09,37.06,34.07,33.98,43.35
CNP,CenterPoint Energy,Utilities,Multi-Utilities,37.81,40.28,29.87,38.0,37.88,38.44,38.93,38.5,38.1,37.38
CF,CF Industries,Materials,Fertilizers & Agricultural Chemicals,77.71,103.22,66.16,78.25,78.07,78.33,81.31,83.85,85.63,84.25
CRL,Charles River Laboratories,Health Care,Life Sciences Tools & Services,203.68,204.47,91.86,197.16,195.22,187.44,180.29,169.8,168.11,157.44
SCHW,Charles Schwab Corporation,Financials,Investment Banking & Brokerage,101.38,101.74,65.3,98.01,96.9,94.83,94.23,94.46,94.21,89.44
CHTR,Charter Communications,Communication Services,Cable & Satellite,206.77,437.06,193.0,207.84,208.58,204.5,219.34,242.96,269.55,310.16
CVX,Chevron Corporation,Energy,Integrated Oil & Gas,149.87,163.27,127.59,148.32,149.2,149.81,151.44,152.61,151.61,147.61
CMG,Chipotle Mexican Grill,Consumer Discretionary,Restaurants,37.92,62.88,29.75,37.17,36.05,34.88,35.3,38.25,41.1,44.6
CB,Chubb Limited,Financials,Property & Casualty Insurance,310.79,313.46,250.52,311.27,308.12,301.96,291.12,283.82,282.44,284.6
CHD,Church & Dwight,Consumer Staples,Household Products,84.0,115.32,81.05,85.04,84.43,84.15,84.85,87.93,89.6,93.51
CI,Cigna,Health Care,Health Care Services,275.28,344.64,238.17,274.22,272.05,271.52,276.16,283.86,287.67,298.64
CINF,Cincinnati Financial,Financials,Property & Casualty Insurance,166.74,169.86,121.6,166.89,165.65,165.35,161.5,157.93,155.83,150.52
CTAS,Cintas,Industrials,Diversified Support Services,191.65,228.23,179.31,188.82,187.76,186.11,186.31,197.14,201.44,204.63
CSCO,Cisco,Information Technology,Communications Equipment,78.01,80.82,51.49,77.39,78.2,77.64,74.62,71.23,70.57,66.69
C,Citigroup,Financials,Diversified Banks,118.1,118.65,54.39,113.71,112.54,108.53,102.96,99.65,97.55,87.32
CFG,Citizens Financial Group,Financials,Regional Banks,59.78,59.87,31.67,58.83,58.37,56.54,53.15,51.82,50.82,46.24
CLX,Clorox,Consumer Staples,Household Products,97.93,159.03,97.39,99.39,100.95,103.3,107.55,114.19,116.06,122.55
CME,CME Group,Financials,Financial Exchanges & Data,272.6,286.76,220.42,270.88,270.53,272.65,271.08,269.17,270.06,268.65
CMS,CMS Energy,Utilities,Multi-Utilities,69.78,75.54,62.07,69.95,70.05,71.58,72.79,72.23,71.78,71.25
KO,Coca-Cola Company (The),Consumer Staples,Soft Drinks & Non-alcoholic Beverages,70.11,72.91,58.88,70.31,70.25,70.79,69.86,68.56,68.61,68.94
CTSH,Cognizant,Information Technology,IT Consulting & Other Services,85.03,89.37,64.7,84.29,83.74,80.98,74.64,71.92,72.78,74.06
COIN,Coinbase,Financials,Financial Exchanges & Data,248.33,444.65,142.58,245.89,256.88,261.73,293.39,309.33,323.52,284.28
CL,Colgate-Palmolive,Consumer Staples,Household Products,78.94,98.37,74.55,78.74,78.35,78.58,78.24,80.13,81.71,84.86
CMCSA,Comcast,Communication Services,Cable & Satellite,29.28,37.31,25.75,29.83,28.66,27.76,28.07,30.11,30.99,32.18
CAG,Conagra Brands,Consumer Staples,Packaged Foods & Meats,17.23,27.05,16.6,17.61,17.59,17.5,17.54,18.05,18.24,20.04
COP,ConocoPhillips,Energy,Oil & Gas Exploration & Production,93.44,103.48,77.84,92.67,94.02,92.06,89.3,91.38,91.53,90.98
ED,Consolidated Edison,Utilities,Multi-Utilities,98.68,112.03,84.37,99.17,97.96,97.87,98.7,98.8,98.9,100.83
STZ,Constellation Brands,Consumer Staples,Distillers & Vintners,141.43,226.12,126.45,139.11,142.79,139.98,136.06,142.87,147.86,159.07
CEG,Constellation Energy,Utilities,Electric Utilities,357.15,412.23,160.75,356.04,358.91,359.42,363.6,346.73,341.37,307.42
COO,Cooper Companies (The),Health Care,Health Care Supplies,83.97,100.24,61.78,82.54,81.77,79.67,74.82,72.16,72.33,74.41
CPRT,Copart,Industrials,Diversified Support Services,39.39,63.85,38.18,39.19,38.96,38.91,41.24,43.99,44.64,48.84
GLW,Corning Inc.,Information Technology,Electronic Components,88.43,96.64,36.82,86.98,89.26,86.79,85.88,79.31,74.26,63.7
CPAY,Corpay,Financials,Transaction & Payment Processing Services,313.31,400.81,252.84,310.08,310.68,303.89,288.61,298.28,304.96,314.38
CTVA,Corteva,Materials,Fertilizers & Agricultural Chemicals,67.04,77.02,53.0,66.44,66.12,66.06,64.44,67.25,68.54,67.1
CSGP,CoStar Group,Real Estate,Real Estate Services,66.37,97.43,62.0,64.99,66.02,67.07,69.68,78.68,80.23,79.39
COST,Costco,Consumer Staples,Consumer Staples Merchandise Retail,849.52,1073.82,844.06,857.15,867.81,885.74,908.36,929.62,935.59,950.37
CTRA,Coterra,Energy,Oil & Gas Exploration & Production,25.56,29.04,21.87,25.52,26.05,26.38,25.24,24.45,24.39,24.76
CRWD,CrowdStrike,Information Technology,Systems Software,483.67,566.9,298.0,480.15,494.82,503.16,515.07,482.78,482.82,457.15
CCI,Crown Castle,Real Estate,Telecom Tower REITs,86.28,113.13,80.07,87.09,88.43,88.4,90.84,93.7,95.51,96.45
CSX,CSX Corporation,Industrials,Rail Transportation,36.58,37.54,25.91,36.6,36.82,36.12,35.6,34.88,34.68,32.77
CMI,Cummins,Industrials,Construction Machinery & Heavy Transportation Equipment,519.9,526.5,256.13,507.84,511.46,506.24,466.57,435.26,416.68,375.92
CVS,CVS Health,Health Care,Health Care Services,78.43,85.15,41.77,78.02,78.73,78.22,78.94,75.21,72.81,69.58
DHR,Danaher Corporation,Health Care,Life Sciences Tools & Services,228.32,256.97,170.43,224.97,226.57,226.79,220.32,210.25,207.97,203.56
DRI,Darden Restaurants,Consumer Discretionary,Restaurants,187.68,224.86,169.0,189.1,185.38,181.29,180.44,190.05,193.71,196.59
DDOG,Datadog,Information Technology,Application Software,142.13,201.69,81.63,139.51,143.93,150.2,160.6,149.32,147.96,133.11
DVA,DaVita,Health Care,Health Care Services,116.75,179.6,113.97,116.89,118.15,118.53,121.3,127.28,130.49,135.25
DAY,Dayforce,Industrials,Human Resource & Employment Services,69.24,75.8,48.01,69.24,69.2,69.13,68.8,67.07,65.11,62.15
DECK,Deckers Brands,Consumer Discretionary,Footwear,101.96,223.98,78.91,101.71,101.66,96.82,91.56,100.45,101.37,105.59
DE,Deere & Company,Industrials,Agricultural & Farm Machinery,468.73,530.24,398.95,476.16,476.13,476.23,471.35,474.78,481.54,481.9
DELL,Dell Technologies,Information Technology,"Technology Hardware, Storage & Peripherals",126.39,168.08,65.33,127.48,131.53,132.75,140.8,137.21,135.02,121.49
DAL,Delta Air Lines,Industrials,Passenger Airlines,71.92,72.34,34.41,70.8,70.3,67.62,62.36,60.3,58.88,53.89
DVN,Devon Energy,Energy,Oil & Gas Exploration & Production,36.42,38.23,25.37,36.0,36.61,36.72,34.61,34.35,34.02,33.27
DXCM,Dexcom,Health Care,Health Care Equipment,67.54,93.25,54.11,66.33,66.72,65.31,64.04,69.27,72.47,74.01
FANG,Diamondback Energy,Energy,Oil & Gas Exploration & Production,148.85,175.92,111.64,149.42,153.33,153.8,147.26,144.28,143.58,142.0
DLR,Digital Realty,Real Estate,Data Center REITs,153.2,182.13,127.13,149.96,153.24,155.86,162.58,165.21,166.49,162.79
DG,Dollar General,Consumer Staples,Consumer Staples Merchandise Retail,137.02,138.46,65.27,136.49,133.27,123.41,110.66,108.75,109.06,103.36
DLTR,Dollar Tree,Consumer Staples,Consumer Staples Merchandise Retail,122.18,132.48,61.8,127.28,127.13,119.41,108.26,105.63,106.13,97.02
D,Dominion Energy,Utilities,Multi-Utilities,57.26,62.17,46.43,59.25,59.01,59.55,59.78,59.62,58.93,56.72
DPZ,Domino's,Consumer Discretionary,Restaurants,428.99,493.24,390.88,432.84,429.63,423.86,414.42,427.08,433.98,444.14
DASH,DoorDash,Consumer Discretionary,Specialized Consumer Services,235.67,285.5,155.4,230.02,227.94,218.7,228.77,243.62,243.28,225.64
DOV,Dover Corporation,Industrials,Industrial Machinery & Supplies & Components,199.18,219.84,141.82,196.84,197.17,192.32,182.59,177.78,179.39,177.24
DOW,Dow Inc.,Materials,Commodity Chemicals,23.4,39.24,19.82,23.12,23.53,23.4,22.78,22.82,23.62,25.74
DHI,D. R. Horton,Consumer Discretionary,Homebuilding,145.63,183.98,109.46,150.27,152.41,154.65,150.94,158.55,154.1,142.55
DTE,DTE Energy,Utilities,Multi-Utilities,128.15,142.5,112.5,128.65,128.82,130.67,134.73,135.64,134.99,133.64
DUK,Duke Energy,Utilities,Electric Utilities,116.42,128.91,101.53,116.51,115.82,117.92,121.82,121.81,120.71,118.76
DD,DuPont,Materials,Specialty Chemicals,41.38,41.83,22.13,40.84,40.88,40.23,37.72,34.62,33.81,31.68
EMN,Eastman Chemical Company,Materials,Specialty Chemicals,63.2,99.23,55.35,63.7,63.63,61.91,60.62,62.11,64.87,69.96
ETN,Eaton Corporation,Industrials,Electrical Components & Equipment,320.07,398.4,230.37,319.91,331.03,334.67,355.06,358.49,360.45,338.03
EBAY,eBay Inc.,Consumer Discretionary,Broadline Retail,83.71,100.76,58.09,83.28,83.53,82.97,85.81,89.22,86.89,80.21
ECL,Ecolab,Materials,Specialty Chemicals,267.15,284.56,219.93,263.02,260.82,264.12,264.36,268.45,268.11,261.92
EIX,Edison International,Utilities,Electric Utilities,60.47,76.53,46.27,59.72,58.8,58.4,57.58,55.91,54.84,54.39
EW,Edwards Lifesciences,Health Care,Health Care Equipment,86.65,87.89,65.94,85.46,84.52,85.02,82.53,80.28,79.75,77.42
EA,Electronic Arts,Communication Services,Interactive Home Entertainment,203.83,204.64,114.66,203.9,203.84,203.19,201.61,189.11,181.86,168.34
ELV,Elevance Health,Health Care,Managed Health Care,343.93,451.93,270.83,345.42,347.79,339.65,333.48,322.6,322.54,352.47
EMR,Emerson Electric,Industrials,Electrical Components & Equipment,135.04,149.03,88.93,133.07,135.11,134.2,132.2,132.19,133.82,125.7
ENPH,Enphase Energy,Information Technology,Semiconductor Materials & Equipment,33.65,76.9,25.78,32.67,32.42,30.79,31.71,33.96,35.03,40.49
ETR,Entergy,Utilities,Electric Utilities,91.93,97.93,71.42,92.06,92.63,93.72,94.71,92.25,90.51,87.11
EOG,EOG Resources,Energy,Oil & Gas Exploration & Production,103.42,134.2,99.8,102.9,105.88,107.5,107.2,111.69,113.12,113.43
EPAM,EPAM Systems,Information Technology,IT Consulting & Other Services,210.88,269.0,138.15,207.45,208.98,201.13,179.04,168.99,169.53,169.54
EQT,EQT Corporation,Energy,Oil & Gas Exploration & Production,53.74,62.23,41.92,53.81,55.16,57.27,56.44,54.27,54.47,53.89
EFX,Equifax,Industrials,Research & Consulting Services,220.25,279.27,198.73,219.1,217.81,214.41,215.5,231.08,235.73,241.12
EQIX,Equinix,Real Estate,Data Center REITs,756.59,943.1,689.25,753.04,750.61,745.98,782.7,779.64,778.08,799.71
EQR,Equity Residential,Real Estate,Multi-Family Residential REITs,62.27,73.58,58.19,61.69,61.18,61.28,60.93,62.37,63.13,64.8
ERIE,Erie Indemnity,Financials,Insurance Brokers,286.09,451.6,273.59,287.06,284.1,289.06,296.74,316.94,323.25,344.19
ESS,Essex Property Trust,Real Estate,Multi-Family Residential REITs,260.83,307.81,239.32,259.44,257.96,258.63,257.94,259.35,263.76,269.49
EL,Estée Lauder Companies (The),Consumer Staples,Personal Care Products,108.88,110.37,47.76,106.9,105.51,101.76,96.75,92.82,91.66,81.14
EG,Everest Group,Financials,Reinsurance,335.55,368.99,302.44,331.07,326.15,319.11,325.15,333.3,333.82,338.58
EVRG,Evergy,Utilities,Electric Utilities,72.41,78.59,57.4,73.01,73.33,74.32,75.63,73.94,72.72,69.98
ES,Eversource Energy,Utilities,Electric Utilities,65.97,74.42,50.49,67.11,67.12,66.43,69.5,67.49,66.74,64.06
EXC,Exelon,Utilities,Electric Utilities,43.58,48.09,35.21,43.9,43.71,44.45,45.66,44.82,44.4,44.05
EXE,Expand Energy,Energy,Oil & Gas Exploration & Production,108.01,126.62,90.25,108.12,111.24,115.59,111.27,105.0,104.86,105.92
EXPE,Expedia Group,Consumer Discretionary,"Hotels, Resorts & Cruise Lines",286.71,292.42,129.24,285.88,280.35,269.77,246.97,229.08,219.21,197.97
EXPD,Expeditors International,Industrials,Air Freight & Logistics,152.73,155.04,99.26,151.21,151.15,149.28,136.31,128.18,125.49,120.42
EXR,Extra Space Storage,Real Estate,Self-Storage REITs,130.89,155.55,116.98,130.89,130.54,130.23,134.68,136.52,138.29,139.3
XOM,ExxonMobil,Energy,Integrated Oil & Gas,118.25,120.47,95.18,116.72,117.75,116.91,115.54,112.8,112.11,109.77
FFIV,"F5, Inc.",Information Technology,Communications Equipment,260.28,346.0,223.76,258.13,259.68,250.39,260.03,291.1,292.57,285.49
FDS,FactSet,Financials,Financial Exchanges & Data,291.23,491.19,249.51,288.46,289.41,284.35,278.65,310.4,334.34,371.78
FICO,Fair Isaac,Information Technology,Application Software,1741.96,2217.6,1300.0,1759.79,1778.14,1779.17,1716.06,1608.56,1611.63,1708.25
FAST,Fastenal,Industrials,Trading Companies & Distributors,41.66,50.37,34.62,42.11,41.82,41.22,41.3,44.62,44.56,42.68
FRT,Federal Realty Investment Trust,Real Estate,Retail REITs,101.8,108.26,78.83,101.33,100.03,98.84,98.14,97.54,96.69,95.2
FDX,FedEx,Industrials,Air Freight & Logistics,291.33,292.15,190.85,286.38,283.59,277.68,261.41,245.01,242.07,233.76
FIS,Fidelity National Information Services,Financials,Transaction & Payment Processing Services,66.93,82.1,59.15,66.36,66.45,65.93,65.26,66.64,69.24,71.53
FITB,Fifth Third Bancorp,Financials,Regional Banks,48.18,48.71,31.68,47.8,47.61,45.85,43.62,43.71,43.44,41.02
FSLR,First Solar,Information Technology,Semiconductors,283.38,285.99,116.56,264.94,262.39,262.11,253.97,229.92,218.34,190.31
FE,FirstEnergy,Utilities,Electric Utilities,44.44,47.73,36.45,44.36,44.39,45.27,45.82,44.72,43.76,42.3
FI,Fiserv,Financials,Transaction & Payment Processing Services,67.94,238.59,59.56,68.19,67.64,65.31,80.0,106.75,117.93,144.99
F,Ford Motor Company,Consumer Discretionary,Automobile Manufacturers,13.46,13.99,8.11,13.45,13.48,13.29,12.93,12.21,11.98,11.16
FTNT,Fortinet,Information Technology,Systems Software,81.56,114.82,70.12,80.68,81.47,82.01,82.79,82.44,86.78,91.78
FTV,Fortive,Industrials,Industrial Machinery & Supplies & Components,55.72,62.51,45.35,55.04,54.94,54.12,51.77,50.0,50.33,51.31
FOXA,Fox Corporation (Class A),Communication Services,Broadcasting,73.83,74.63,46.21,71.68,71.46,68.93,65.08,62.08,60.8,57.69
FOX,Fox Corporation (Class B),Communication Services,Broadcasting,64.55,65.37,42.96,63.45,63.26,61.24,58.21,55.9,54.94,52.53
BEN,Franklin Resources,Financials,Asset Management & Custody Banks,24.52,25.72,15.81,23.91,23.69,23.2,22.78,23.52,23.64,22.15
FCX,Freeport-McMoRan,Materials,Copper,50.62,50.95,27.35,48.61,47.73,45.48,42.74,42.5,42.86,40.92
GRMN,Garmin,Consumer Discretionary,Consumer Electronics,204.94,260.57,167.16,203.45,205.35,201.05,212.01,224.46,223.35,214.13
IT,Gartner,Information Technology,IT Consulting & Other Services,250.73,584.01,222.54,249.94,242.28,236.65,237.89,244.19,270.14,327.78
GE,GE Aerospace,Industrials,Aerospace & Defense,314.33,316.67,158.93,302.83,297.23,294.2,300.04,291.51,285.01,258.22
GEHC,GE HealthCare,Health Care,Health Care Equipment,83.94,94.66,57.57,82.8,83.59,82.44,77.75,75.97,75.85,74.42
GEV,GE Vernova,Industrials,Heavy Electrical Equipment,659.55,731.0,251.84,651.53,666.32,633.43,602.57,611.38,602.52,522.88
GEN,Gen Digital,Information Technology,Systems Software,27.68,31.94,22.45,27.65,27.59,27.1,26.69,27.98,28.33,27.81
GNRC,Generac,Industrials,Electrical Components & Equipment,140.51,203.25,99.5,143.32,153.01,153.86,162.91,173.14,169.07,151.89
GD,General Dynamics,Industrials,Aerospace & Defense,345.6,360.5,235.63,339.24,339.24,338.73,340.81,332.04,325.71,304.7
GIS,General Mills,Consumer Staples,Packaged Foods & Meats,47.29,65.04,45.15,47.9,47.08,46.82,47.2,48.19,48.57,50.91
GM,General Motors,Consumer Discretionary,Automobile Manufacturers,83.26,83.68,41.28,81.81,81.07,77.4,70.95,64.13,61.7,56.3
GPC,Genuine Parts Company,Consumer Discretionary,Distributors,125.21,141.97,101.6,126.82,128.93,128.7,128.19,131.95,130.54,125.81
GILD,Gilead Sciences,Health Care,Biotechnology,123.85,127.86,86.16,121.95,121.07,122.33,121.58,117.5,116.01,111.91
GPN,Global Payments,Financials,Transaction & Payment Processing Services,81.44,113.83,65.33,81.61,81.08,78.87,79.39,82.32,82.05,82.08
GL,Globe Life,Financials,Life & Health Insurance,142.41,147.54,103.19,140.01,138.72,135.76,134.44,137.2,134.74,129.96
GDDY,GoDaddy,Information Technology,Internet Services & Infrastructure,125.99,216.0,121.94,126.03,125.93,126.91,129.01,136.38,143.3,156.81
GS,Goldman Sachs,Financials,Investment Banking & Brokerage,900.46,919.1,432.73,884.34,887.61,855.65,808.99,781.86,766.2,689.33
HAL,Halliburton,Energy,Oil & Gas Equipment & Services,28.22,29.67,18.31,27.66,28.21,27.49,26.46,24.38,23.79,22.91
HIG,Hartford (The),Financials,Property & Casualty Insurance,139.58,140.37,103.19,138.73,136.32,135.2,130.69,130.59,128.9,126.27
HAS,Hasbro,Consumer Discretionary,Leisure Products,81.53,85.15,47.63,81.46,81.59,81.65,78.18,77.43,76.89,70.82
HCA,HCA Healthcare,Health Care,Health Care Facilities,472.11,519.23,287.82,470.66,475.18,486.69,468.61,435.87,421.67,395.36
DOC,Healthpeak Properties,Real Estate,Health Care REITs,16.06,20.21,15.93,16.18,16.35,16.96,17.45,17.52,17.52,17.51
HSIC,Henry Schein,Health Care,Health Care Distributors,77.74,82.49,60.56,77.15,76.63,75.18,70.48,68.97,69.57,69.37
HSY,Hershey Company (The),Consumer Staples,Packaged Foods & Meats,185.58,195.98,135.68,188.02,185.04,184.67,180.52,182.54,180.38,173.71
HPE,Hewlett Packard Enterprise,Information Technology,"Technology Hardware, Storage & Peripherals",24.63,26.28,11.75,24.17,24.26,23.17,23.1,23.02,22.49,20.11
HLT,Hilton Worldwide,Consumer Discretionary,"Hotels, Resorts & Cruise Lines",292.69,294.92,195.7,290.29,283.62,281.3,272.03,269.72,269.98,256.91
HOLX,Hologic,Health Care,Health Care Equipment,74.97,75.34,51.9,74.96,74.96,74.92,73.72,70.43,69.38,65.91
HD,Home Depot (The),Consumer Discretionary,Home Improvement Retail,346.82,424.01,320.39,351.25,352.67,351.79,363.47,381.33,377.97,369.3
HON,Honeywell,Industrials,Industrial Conglomerates,195.91,225.29,166.32,198.25,195.84,193.63,194.9,197.63,201.6,200.3
HRL,Hormel Foods,Consumer Staples,Packaged Foods & Meats,24.06,31.17,21.03,23.88,23.85,23.63,23.1,24.51,25.47,26.92
HST,Host Hotels & Resorts,Real Estate,Hotel & Resort REITs,18.63,18.72,11.93,18.49,18.29,17.88,17.25,16.91,16.72,15.85
HWM,Howmet Aerospace,Industrials,Aerospace & Defense,207.77,211.83,104.84,199.13,197.08,197.7,199.19,190.92,189.46,173.67
HPQ,HP Inc.,Information Technology,"Technology Hardware, Storage & Peripherals",23.12,33.78,20.52,23.82,24.4,24.49,25.38,26.06,25.79,25.63
HUBB,Hubbell Incorporated,Industrials,Industrial Machinery & Supplies & Components,451.23,482.66,296.56,439.34,443.92,437.66,438.88,433.88,431.12,404.29
HUM,Humana,Health Care,Managed Health Care,257.41,314.25,206.15,259.18,261.27,253.99,259.66,268.57,261.81,257.58
HBAN,Huntington Bancshares,Financials,Regional Banks,17.92,17.95,11.6,17.65,17.55,16.99,16.1,16.46,16.5,15.78
HII,Huntington Ingalls Industries,Industrials,Aerospace & Defense,355.41,357.44,155.24,332.55,328.37,319.58,308.9,290.45,282.86,257.46
IBM,IBM,Information Technology,IT Consulting & Other Services,302.79,324.9,209.2,302.14,306.25,305.9,300.34,278.51,278.25,267.78
IEX,IDEX Corporation,Industrials,Industrial Machinery & Supplies & Components,179.52,223.39,151.55,177.66,177.72,176.45,170.69,166.52,169.08,171.95
IDXX,Idexx Laboratories,Health Care,Health Care Equipment,699.13,769.98,356.14,697.07,699.85,717.6,689.23,664.24,639.35,573.46
ITW,Illinois Tool Works,Industrials,Industrial Machinery & Supplies & Components,251.84,273.07,212.05,251.24,253.05,250.64,247.97,253.71,254.0,249.03
INCY,Incyte,Health Care,Biotechnology,100.43,109.28,53.56,99.02,97.56,100.11,98.11,91.13,86.88,77.98
IR,Ingersoll Rand,Industrials,Industrial Machinery & Supplies & Components,81.26,95.76,65.56,79.42,80.33,79.9,78.31,79.04,80.51,79.99
PODD,Insulet Corporation,Health Care,Health Care Equipment,291.67,354.88,230.05,290.5,292.32,304.38,315.72,319.18,314.22,301.9
INTC,Intel,Information Technology,Semiconductors,36.45,44.02,17.67,36.58,37.9,38.87,38.03,32.55,30.52,27.03
ICE,Intercontinental Exchange,Financials,Financial Exchanges & Data,161.43,188.26,140.7,160.54,160.64,158.37,154.8,164.09,167.5,168.52
IFF,International Flavors & Fragrances,Materials,Specialty Chemicals,66.54,86.08,58.78,65.34,64.54,66.05,64.65,64.22,66.23,69.49
IP,International Paper,Materials,Paper & Plastic Packaging Products & Materials,39.22,57.79,35.35,38.67,38.62,38.74,40.21,43.32,44.69,45.55
IPG,Interpublic Group of Companies (The),Communication Services,Advertising,24.57,31.81,21.93,25.12,25.04,25.18,26.03,25.78,25.34,25.2
INTU,Intuit,Information Technology,Application Software,673.46,812.22,530.03,668.75,666.35,656.79,658.88,673.39,693.0,678.44
ISRG,Intuitive Surgical,Health Care,Health Care Equipment,581.43,616.0,425.0,565.45,559.05,565.06,541.63,500.25,503.6,508.37
IVZ,Invesco,Financials,Asset Management & Custody Banks,27.28,27.48,11.23,26.64,26.6,25.68,24.16,23.0,22.02,19.07
INVH,Invitation Homes,Real Estate,Single-Family Residential REITs,27.4,35.13,26.02,27.21,26.84,27.26,27.9,28.76,29.39,30.75
IQV,IQVIA,Health Care,Life Sciences Tools & Services,224.31,234.3,134.65,222.13,222.35,225.05,218.88,203.85,197.42,182.37
IRM,Iron Mountain,Real Estate,Other Specialized REITs,80.75,108.27,70.45,80.02,82.1,82.94,92.37,93.7,94.45,92.78
JBHT,J.B. Hunt,Industrials,Cargo Ground Transportation,199.62,204.43,121.7,196.92,196.83,188.68,173.7,156.74,155.13,149.3
JBL,Jabil,Information Technology,Electronic Manufacturing Services,228.7,237.05,108.52,220.24,223.71,217.82,212.14,212.83,214.62,192.19
JKHY,Jack Henry & Associates,Financials,Transaction & Payment Processing Services,185.29,194.03,143.64,185.83,185.66,180.62,166.93,162.04,164.99,169.06
J,Jacobs Solutions,Industrials,Construction & Engineering,135.57,168.03,104.43,133.73,134.92,135.61,146.58,147.12,144.91,136.24
JNJ,Johnson & Johnson,Health Care,Pharmaceuticals,207.41,215.19,136.5,208.34,208.4,206.6,197.33,187.04,181.33,170.63
JCI,Johnson Controls,Industrials,Building Products,119.76,123.78,67.78,118.45,117.35,116.14,115.09,111.03,110.2,102.18
JPM,JPMorgan Chase,Financials,Diversified Banks,322.57,323.23,200.22,316.66,314.98,312.34,308.12,304.12,301.23,281.12
K,Kellanova,Consumer Staples,Packaged Foods & Meats,83.44,83.49,75.95,83.32,83.2,83.01,82.65,80.64,80.17,80.35
KVUE,Kenvue,Consumer Staples,Personal Care Products,16.94,24.41,13.85,17.12,17.18,17.09,16.2,17.55,18.26,19.79
KDP,Keurig Dr Pepper,Consumer Staples,Soft Drinks & Non-alcoholic Beverages,28.22,35.62,25.03,28.17,28.76,28.43,27.68,28.47,29.4,30.84
KEY,KeyCorp,Financials,Regional Banks,21.16,21.21,12.29,20.89,20.68,19.61,18.26,18.26,18.17,17.0
KEYS,Keysight Technologies,Information Technology,Electronic Equipment & Instruments,203.95,214.58,121.43,201.87,206.3,203.25,185.51,176.89,174.42,166.06
KMB,Kimberly-Clark,Consumer Staples,Household Products,99.62,145.82,98.03,101.45,102.27,103.61,107.47,116.76,118.58,123.96
KIM,Kimco Realty,Real Estate,Retail REITs,20.01,22.68,17.3,20.16,20.16,20.17,20.53,20.94,20.95,20.62
KMI,Kinder Morgan,Energy,Oil & Gas Storage & Transportation,26.89,30.15,23.17,26.54,26.69,26.93,26.73,26.85,26.96,26.86
KKR,KKR & Co.,Financials,Asset Management & Custody Banks,131.89,169.44,85.77,132.0,135.15,129.64,123.61,130.96,133.13,126.57
KLAC,KLA Corporation,Information Technology,Semiconductor Materials & Equipment,1264.77,1282.32,547.89,1225.64,1225.8,1204.05,1175.57,1068.88,1037.42,922.68
KHC,Kraft Heinz,Consumer Staples,Packaged Foods & Meats,24.1,31.87,23.33,24.56,24.47,24.71,24.6,25.38,25.61,26.2
KR,Kroger,Consumer Staples,Food Retail,62.19,74.13,56.96,62.66,62.55,64.01,65.32,66.71,67.44,67.42
LHX,L3Harris,Industrials,Aerospace & Defense,294.59,306.84,189.46,285.27,285.5,281.31,285.91,282.97,278.3,257.32
LH,Labcorp,Health Care,Health Care Services,254.74,292.94,207.68,254.54,258.5,261.75,264.66,269.31,266.4,256.34
LRCX,Lam Research,Information Technology,Semiconductor Materials & Equipment,175.21,175.96,55.98,166.08,165.8,161.06,155.07,134.73,127.48,108.72
LW,Lamb Weston,Consumer Staples,Packaged Foods & Meats,42.89,67.05,42.45,53.08,56.12,57.67,60.06,58.17,57.06,55.36
LVS,Las Vegas Sands,Consumer Discretionary,Casinos & Gaming,67.07,70.45,29.72,66.96,66.61,67.02,62.08,57.81,55.98,49.58
LDOS,Leidos,Industrials,Diversified Support Services,186.38,205.3,122.37,183.15,185.35,186.89,188.86,185.38,180.45,166.73
LEN,Lennar,Consumer Discretionary,Homebuilding,107.02,143.63,97.13,110.63,114.86,121.48,122.23,125.34,122.69,117.65
LII,Lennox International,Industrials,Building Products,492.91,687.72,443.19,492.75,498.68,496.25,494.92,528.17,544.58,550.12
LLY,Lilly (Eli),Health Care,Pharmaceuticals,1074.39,1111.99,621.5,1059.76,1037.37,1044.68,959.9,850.82,836.31,816.71
LIN,Linde plc,Materials,Industrial Gases,424.14,483.05,387.78,422.08,413.0,408.63,421.65,446.64,450.39,451.08
LYV,Live Nation Entertainment,Communication Services,Movies & Entertainment,141.58,175.25,112.88,139.21,140.06,136.55,141.85,151.66,151.16,144.79
LKQ,LKQ Corporation,Consumer Discretionary,Distributors,30.18,43.32,28.13,29.94,30.06,29.7,29.94,30.27,31.33,34.37
LMT,Lockheed Martin,Industrials,Aerospace & Defense,484.2,512.11,404.07,476.06,475.47,462.51,470.8,465.12,460.84,459.31
L,Loews Corporation,Financials,Multi-line Insurance,107.93,109.06,78.83,106.07,104.99,105.41,103.05,100.05,98.26,94.22
LOW,Lowe's,Consumer Discretionary,Home Improvement Retail,241.96,273.63,203.22,244.91,245.76,244.22,239.46,246.2,241.44,234.05
LULU,Lululemon Athletica,Consumer Discretionary,"Apparel, Accessories & Luxury Goods",211.63,423.32,159.25,210.16,201.9,191.8,178.71,181.41,190.87,226.89
LYB,LyondellBasell,Materials,Specialty Chemicals,43.62,72.64,40.42,43.3,43.74,44.62,44.2,47.32,49.68,52.47
MTB,M&T Bank,Financials,Regional Banks,206.39,208.09,147.35,205.22,204.26,197.98,188.49,190.61,191.23,184.07
MPC,Marathon Petroleum,Energy,Oil & Gas Refining & Marketing,165.43,201.29,113.25,170.63,179.36,185.39,188.64,182.99,180.85,167.78
MKTX,MarketAxess,Financials,Financial Exchanges & Data,181.28,231.95,155.48,180.49,178.69,171.03,168.74,175.7,183.15,195.57
MAR,Marriott International,Consumer Discretionary,"Hotels, Resorts & Cruise Lines",314.58,315.4,203.87,309.52,302.21,301.15,285.07,274.61,274.47,264.11
MMC,Marsh McLennan,Financials,Insurance Brokers,185.52,245.83,174.18,185.9,184.86,183.71,184.34,193.36,196.61,207.61
MLM,Martin Marietta Materials,Materials,Construction Materials,631.52,664.29,440.13,628.27,627.1,622.02,618.07,615.97,605.13,571.47
MAS,Masco,Industrials,Building Products,64.04,80.67,55.74,64.63,64.12,63.97,64.21,67.84,67.38,66.01
MA,Mastercard,Financials,Transaction & Payment Processing Services,572.23,600.98,463.61,567.81,559.12,552.14,554.17,566.9,565.11,558.63
MTCH,Match Group,Communication Services,Interactive Media & Services,32.81,38.99,26.09,32.63,33.0,33.3,32.8,34.55,34.15,32.51
MKC,McCormick & Company,Consumer Staples,Packaged Foods & Meats,68.88,84.63,62.64,68.57,67.18,66.35,66.01,67.03,68.09,70.73
MCD,McDonald's,Consumer Discretionary,Restaurants,315.97,321.79,270.23,316.93,315.11,311.24,306.08,304.82,302.54,303.0
MCK,McKesson Corporation,Health Care,Health Care Distributors,817.84,894.75,563.37,813.03,812.56,827.97,824.25,765.55,755.26,731.9
MDT,Medtronic,Health Care,Health Care Equipment,97.77,106.33,76.99,98.18,98.95,101.02,97.24,95.1,93.88,90.39
MRK,Merck & Co.,Health Care,Pharmaceuticals,104.61,104.94,71.26,100.77,99.46,100.31,92.64,87.41,85.99,83.74
META,Meta Platforms,Communication Services,Interactive Media & Services,661.01,795.06,478.72,658.18,654.03,649.76,659.84,705.64,707.91,670.44
MET,MetLife,Financials,Life & Health Insurance,81.47,85.61,63.78,81.91,81.42,79.15,78.42,78.67,78.35,77.65
MTD,Mettler Toledo,Health Care,Life Sciences Tools & Services,1411.54,1525.17,946.69,1394.92,1397.96,1424.41,1408.5,1342.61,1317.19,1249.07
MGM,MGM Resorts,Consumer Discretionary,Casinos & Gaming,37.65,41.32,25.3,36.95,37.01,35.99,33.66,34.69,35.21,33.85
MCHP,Microchip Technology,Information Technology,Semiconductors,66.0,75.98,33.33,64.97,66.31,62.2,60.42,62.49,64.21,59.88
MU,Micron Technology,Information Technology,Semiconductors,275.31,277.29,61.44,249.56,250.1,242.06,229.24,185.84,172.16,142.23
MSFT,Microsoft,Information Technology,Systems Software,484.46,553.5,342.95,481.37,481.43,482.61,499.2,505.74,505.27,473.1
MAA,Mid-America Apartment Communities,Real Estate,Multi-Family Residential REITs,136.9,168.08,125.75,135.54,133.79,133.92,132.14,135.6,137.97,144.04
MRNA,Moderna,Health Care,Biotechnology,34.98,48.92,22.28,32.03,30.64,28.04,26.6,26.29,27.35,27.51
MHK,Mohawk Industries,Consumer Discretionary,Home Furnishings,108.48,143.13,96.24,109.07,110.02,111.61,113.93,121.29,119.45,114.57
MOH,Molina Healthcare,Health Care,Managed Health Care,164.04,359.97,133.4,162.73,163.29,155.98,158.54,168.11,177.46,229.27
TAP,Molson Coors Beverage Company,Consumer Staples,Brewers,46.33,62.82,42.5,47.51,47.2,46.54,45.74,46.8,47.18,50.05
MDLZ,Mondelez International,Consumer Staples,Packaged Foods & Meats,54.28,70.58,52.78,54.27,54.14,55.14,57.23,59.58,61.23,62.79
MPWR,Monolithic Power Systems,Information Technology,Semiconductors,941.62,1123.38,437.16,934.36,949.12,944.2,968.78,917.26,879.86,783.51
MNST,Monster Beverage,Consumer Staples,Soft Drinks & Non-alcoholic Beverages,77.58,77.93,45.7,75.8,74.77,74.57,71.53,67.89,66.42,64.06
MCO,Moody's Corporation,Financials,Financial Exchanges & Data,508.94,527.9,376.55,500.35,492.77,490.51,484.26,492.07,493.8,480.58
MS,Morgan Stanley,Financials,Investment Banking & Brokerage,179.39,181.98,92.37,176.13,177.57,174.05,166.68,158.58,154.9,141.46
MOS,Mosaic Company (The),Materials,Fertilizers & Agricultural Chemicals,24.33,37.63,21.79,23.92,24.34,24.16,25.94,29.49,30.77,30.53
MSI,Motorola Solutions,Information Technology,Communications Equipment,373.57,489.48,359.36,371.12,369.04,369.95,394.74,428.15,426.52,422.61
MSCI,MSCI Inc.,Financials,Financial Exchanges & Data,575.91,627.03,482.15,563.76,554.84,553.15,557.67,559.67,560.52,556.4
NDAQ,"Nasdaq, Inc.",Financials,Financial Exchanges & Data,97.35,97.72,64.26,94.81,93.7,91.49,88.93,90.59,90.52,85.74
NTAP,NetApp,Information Technology,"Technology Hardware, Storage & Peripherals",111.22,126.11,71.18,111.53,114.32,113.9,114.03,114.58,112.73,105.25
NFLX,Netflix,Communication Services,Movies & Entertainment,93.23,134.12,82.11,94.2,94.35,99.56,107.72,114.35,116.36,113.3
NEM,Newmont,Materials,Gold,104.6,105.67,36.25,100.54,98.84,94.17,89.27,82.74,78.15,68.07
NWSA,News Corp (Class A),Communication Services,Publishing,26.23,31.61,23.3,26.09,26.09,25.83,26.01,27.65,28.01,27.71
NWS,News Corp (Class B),Communication Services,Publishing,29.92,35.47,26.17,29.72,29.6,29.38,29.6,31.38,31.89,31.66
NEE,NextEra Energy,Utilities,Multi-Utilities,80.08,86.94,60.35,80.42,80.75,82.48,82.99,78.22,77.03,73.81
NKE,"Nike, Inc.",Consumer Discretionary,"Apparel, Accessories & Luxury Goods",57.26,80.55,51.34,62.88,64.65,64.53,64.6,68.85,69.73,66.38
NI,NiSource,Utilities,Multi-Utilities,41.46,44.58,34.39,41.32,41.43,42.06,42.63,42.2,41.77,40.57
NDSN,Nordson Corporation,Industrials,Industrial Machinery & Supplies & Components,243.38,250.6,163.26,239.14,236.91,236.49,233.75,227.74,225.56,215.11
NSC,Norfolk Southern,Industrials,Rail Transportation,291.6,300.79,198.48,292.65,293.76,292.49,287.28,285.02,281.21,262.61
NTRS,Northern Trust,Financials,Asset Management & Custody Banks,140.1,140.75,80.06,138.79,138.31,134.59,129.82,129.02,128.41,117.33
NOC,Northrop Grumman,Industrials,Aerospace & Defense,585.25,638.31,418.96,569.23,565.77,561.21,572.92,579.91,568.86,538.04
NCLH,Norwegian Cruise Line Holdings,Consumer Discretionary,"Hotels, Resorts & Cruise Lines",23.04,29.29,14.21,21.88,20.79,19.63,20.46,22.65,22.6,20.94
NRG,NRG Energy,Utilities,Independent Power Producers & Energy Traders,156.75,180.08,78.84,155.44,160.42,163.29,166.08,161.65,160.3,145.96
NUE,Nucor,Materials,Steel,164.17,168.07,96.79,160.82,162.03,160.83,150.7,145.63,144.33,134.28
NVDA,Nvidia,Information Technology,Semiconductors,183.48,212.18,86.6,177.45,178.83,179.91,185.65,182.39,179.26,157.9
NVR,"NVR, Inc.",Consumer Discretionary,Homebuilding,7403.57,8618.28,6562.85,7473.54,7485.17,7496.81,7427.87,7753.0,7722.12,7520.21
NXPI,NXP Semiconductors,Information Technology,Semiconductors,228.66,250.74,146.07,226.0,227.96,218.36,211.33,216.91,218.12,208.89
ORLY,O’Reilly Automotive,Consumer Discretionary,Automotive Retail,91.76,108.72,78.3,92.06,93.14,96.56,97.57,100.69,99.22,96.17
OXY,Occidental Petroleum,Energy,Oil & Gas Exploration & Production,40.28,52.05,34.2,39.84,40.47,41.09,41.18,43.16,43.25,42.92
ODFL,Old Dominion,Industrials,Cargo Ground Transportation,159.42,208.11,125.76,157.61,157.01,149.89,141.74,143.77,147.69,152.31
OMC,Omnicom Group,Communication Services,Advertising,79.7,86.56,67.1,80.51,79.02,75.31,75.0,75.35,74.69,74.23
ON,ON Semiconductor,Information Technology,Semiconductors,56.39,67.95,31.04,54.77,55.02,53.54,51.27,50.44,51.86,48.57
OKE,Oneok,Energy,Oil & Gas Storage & Transportation,72.78,105.47,64.02,72.06,72.91,73.18,70.03,71.31,72.88,76.89
ORCL,Oracle Corporation,Information Technology,Application Software,198.22,345.12,117.98,187.47,195.56,201.1,234.83,250.68,247.7,213.3
OTIS,Otis Worldwide,Industrials,Industrial Machinery & Supplies & Components,87.2,105.37,83.46,87.71,87.79,87.63,89.22,88.61,89.96,92.38
PCAR,Paccar,Industrials,Construction Machinery & Heavy Transportation Equipment,112.84,113.11,82.75,111.1,110.82,107.97,100.98,99.01,98.34,95.94
PKG,Packaging Corporation of America,Materials,Paper & Plastic Packaging Products & Materials,206.8,236.7,169.57,203.93,202.56,200.26,200.3,203.53,202.56,196.88
PLTR,Palantir Technologies,Information Technology,Application Software,193.56,207.52,63.4,187.53,186.18,178.86,180.29,175.78,170.0,147.48
PANW,Palo Alto Networks,Information Technology,Systems Software,189.45,223.61,144.15,186.55,188.86,189.77,202.03,197.31,197.19,192.23
PSKY,Paramount Skydance Corporation,Communication Services,Movies & Entertainment,13.54,20.78,9.89,13.29,13.74,14.41,15.35,15.6,15.04,13.74
PH,Parker Hannifin,Industrials,Industrial Machinery & Supplies & Components,887.18,908.35,484.88,873.52,878.73,871.01,820.61,783.07,769.16,714.28
PAYX,Paychex,Industrials,Human Resource & Employment Services,114.75,158.49,108.0,114.64,114.43,113.02,115.7,124.1,127.83,135.04
PAYC,Paycom,Industrials,Human Resource & Employment Services,165.2,266.71,156.14,164.39,164.4,163.68,175.04,196.7,203.3,214.0
PYPL,PayPal,Financials,Transaction & Payment Processing Services,59.92,93.03,55.72,60.14,60.67,61.24,64.45,66.57,68.12,68.14
PNR,Pentair,Industrials,Industrial Machinery & Supplies & Components,105.28,113.69,73.68,104.12,104.47,104.81,106.27,107.13,106.56,100.81
PEP,PepsiCo,Consumer Staples,Soft Drinks & Non-alcoholic Beverages,146.99,155.29,123.93,148.99,149.02,147.54,146.89,144.58,142.77,139.5
PFE,Pfizer,Health Care,Pharmaceuticals,25.23,27.21,19.83,25.21,25.52,25.56,24.92,24.66,24.54,23.87
PCG,PG&E Corporation,Utilities,Multi-Utilities,15.97,20.33,12.95,15.69,15.39,15.48,15.97,15.58,15.2,15.66
PM,Philip Morris International,Consumer Staples,Tobacco,159.72,183.57,113.18,158.09,155.36,154.16,153.85,158.34,161.18,162.41
PSX,Phillips 66,Energy,Oil & Gas Refining & Marketing,129.36,144.96,88.51,130.23,136.12,136.77,135.13,131.49,129.97,123.19
PNW,Pinnacle West Capital,Utilities,Multi-Utilities,87.77,93.67,78.26,88.07,87.68,88.36,89.24,89.0,88.99,89.23
PNC,PNC Financial Services,Financials,Diversified Banks,212.99,213.28,141.09,210.59,209.51,201.75,190.63,193.5,193.14,182.93
POOL,Pool Corporation,Consumer Discretionary,Distributors,232.95,368.69,229.63,234.85,236.71,239.4,256.15,284.47,288.14,294.34
PPG,PPG Industries,Materials,Specialty Chemicals,103.39,121.53,88.43,103.28,102.63,101.33,99.49,103.28,105.3,105.86
PPL,PPL Corporation,Utilities,Electric Utilities,34.69,37.96,30.24,34.41,34.05,34.6,35.79,35.88,35.6,35.02
PFG,Principal Financial Group,Financials,Life & Health Insurance,89.33,92.1,66.44,89.31,89.71,87.3,83.53,81.35,80.79,79.02
PG,Procter & Gamble,Consumer Staples,Personal Care Products,142.57,176.43,138.14,145.11,143.38,144.64,147.03,150.53,151.51,155.4
PGR,Progressive Corporation,Financials,Property & Casualty Insurance,227.13,292.65,199.9,227.07,228.62,227.62,222.77,233.9,237.17,251.4
PLD,Prologis,Real Estate,Industrial REITs,127.49,130.68,83.15,127.61,128.16,127.61,124.77,117.45,115.17,110.87
PRU,Prudential Financial,Financials,Life & Health Insurance,114.8,118.31,86.97,115.62,115.62,112.34,106.49,104.89,104.43,103.27
PEG,Public Service Enterprise Group,Utilities,Electric Utilities,80.85,89.82,72.92,80.27,79.72,80.18,81.17,81.74,81.97,80.82
PTC,PTC Inc.,Information Technology,Application Software,179.04,219.69,133.38,176.54,176.06,175.41,184.42,196.04,195.19,182.1
PSA,Public Storage,Real Estate,Self-Storage REITs,260.98,309.54,248.69,263.23,265.78,267.95,277.41,279.88,280.44,283.14
PHM,PulteGroup,Consumer Discretionary,Homebuilding,119.02,141.59,87.56,121.52,123.78,124.94,121.74,125.77,122.9,114.58
PWR,Quanta Services,Industrials,Construction & Engineering,431.77,473.99,226.97,426.5,439.35,448.16,442.66,417.35,412.36,372.29
QCOM,Qualcomm,Information Technology,Semiconductors,174.36,204.9,118.79,174.45,176.93,173.16,171.39,165.16,163.36,156.99
DGX,Quest Diagnostics,Health Care,Health Care Services,176.18,197.55,146.3,177.23,179.35,182.64,183.07,181.68,179.48,176.17
RL,Ralph Lauren Corporation,Consumer Discretionary,"Apparel, Accessories & Luxury Goods",367.01,380.0,175.49,366.93,365.74,363.61,341.83,323.21,315.94,287.32
RJF,Raymond James Financial,Financials,Investment Banking & Brokerage,165.43,177.15,116.85,162.32,163.41,160.71,160.55,163.89,163.04,155.0
RTX,RTX Corporation,Industrials,Aerospace & Defense,185.75,185.87,110.77,180.64,178.8,175.03,173.24,165.71,162.3,150.55
O,Realty Income,Real Estate,Retail REITs,56.65,60.33,48.85,56.99,57.17,57.29,57.53,57.78,57.41,56.35
REG,Regency Centers,Real Estate,Retail REITs,69.05,75.09,61.52,68.1,67.63,68.48,69.3,69.93,69.74,69.67
REGN,Regeneron Pharmaceuticals,Health Care,Biotechnology,779.65,790.98,475.17,758.49,745.2,746.29,681.88,627.24,611.45,599.91
RF,Regions Financial Corporation,Financials,Regional Banks,27.78,27.98,17.18,27.6,27.47,26.54,25.11,25.49,25.3,23.52
RSG,Republic Services,Industrials,Environmental & Facilities Services,212.97,257.43,197.66,213.66,212.53,213.86,214.04,221.82,225.6,232.22
RMD,ResMed,Health Care,Health Care Equipment,246.16,293.11,198.6,245.39,248.27,250.43,253.38,265.59,264.6,252.82
RVTY,Revvity,Health Care,Health Care Equipment,97.91,128.0,81.3,96.69,98.92,100.8,96.57,92.26,93.28,94.76
ROK,Rockwell Automation,Industrials,Electrical Components & Equipment,397.48,415.89,212.49,395.12,400.63,398.19,377.63,359.95,356.78,326.34
ROL,"Rollins, Inc.",Industrials,Environmental & Facilities Services,61.07,61.84,44.8,60.2,59.74,60.33,58.59,57.85,57.45,56.47
ROP,Roper Technologies,Information Technology,Electronic Equipment & Instruments,449.22,592.47,435.42,448.15,445.9,445.5,457.66,487.93,501.67,525.61
ROST,Ross Stores,Consumer Discretionary,Apparel Retail,180.41,185.85,121.41,182.11,181.89,179.29,167.29,157.56,152.45,146.13
RCL,Royal Caribbean Group,Consumer Discretionary,"Hotels, Resorts & Cruise Lines",300.92,365.38,163.05,289.53,280.21,271.14,277.23,302.53,308.81,278.83
SPGI,S&P Global,Financials,Financial Exchanges & Data,521.71,576.91,424.77,510.29,503.17,499.13,492.44,510.51,513.51,506.57
CRM,Salesforce,Information Technology,Application Software,263.86,364.71,221.6,258.77,259.61,249.29,247.31,245.63,249.57,256.52
SBAC,SBA Communications,Real Estate,Telecom Tower REITs,190.1,241.44,184.43,190.28,190.75,190.82,193.26,198.41,204.81,211.81
SLB,Schlumberger,Energy,Oil & Gas Equipment & Services,38.35,43.29,30.37,38.14,38.76,37.74,36.2,35.13,35.01,35.13
STX,Seagate Technology,Information Technology,"Technology Hardware, Storage & Peripherals",283.42,308.93,62.66,287.51,290.04,279.51,260.55,225.47,209.88,167.81
SRE,Sempra,Utilities,Multi-Utilities,88.09,95.03,60.49,87.39,87.91,89.47,90.71,86.94,84.75,79.8
NOW,ServiceNow,Information Technology,Systems Software,156.55,239.62,135.73,155.59,161.92,163.78,172.02,176.9,180.98,181.77
SHW,Sherwin-Williams,Materials,Specialty Chemicals,323.97,378.76,306.78,325.2,325.99,332.07,334.6,344.09,343.59,343.68
SPG,Simon Property Group,Real Estate,Retail REITs,186.15,187.08,131.37,184.58,183.14,182.22,179.34,176.89,173.49,166.12
SWKS,Skyworks Solutions,Information Technology,Semiconductors,65.32,91.61,46.48,65.1,66.44,66.66,69.31,71.49,71.73,69.18
SJM,J.M. Smucker Company (The),Consumer Staples,Packaged Foods & Meats,98.97,117.94,91.46,99.62,100.14,100.91,102.86,105.41,104.97,106.19
SW,Smurfit Westrock,Materials,Paper & Plastic Packaging Products & Materials,38.03,54.55,32.73,38.09,37.57,36.53,37.48,40.7,41.75,42.04
SNA,Snap-on,Industrials,Industrial Machinery & Supplies & Components,349.57,356.07,283.93,347.26,348.19,345.0,339.76,333.92,330.63,325.0
SOLV,Solventum,Health Care,Health Care Technology,80.75,88.2,60.7,80.71,81.32,83.13,76.78,74.75,74.71,73.51
SO,Southern Company,Utilities,Electric Utilities,85.66,100.02,77.85,86.18,85.56,87.03,90.69,91.72,91.72,90.28
LUV,Southwest Airlines,Industrials,Passenger Airlines,42.17,43.54,23.55,41.46,40.89,38.2,34.6,33.1,33.34,32.19
SWK,Stanley Black & Decker,Industrials,Industrial Machinery & Supplies & Components,75.4,87.08,52.01,73.16,73.99,72.46,69.06,70.97,70.61,68.74
SBUX,Starbucks,Consumer Discretionary,Restaurants,86.21,115.04,73.95,86.85,85.59,85.48,84.33,85.03,86.49,86.79
STT,State Street Corporation,Financials,Asset Management & Custody Banks,130.72,131.36,71.77,128.22,128.24,123.89,119.08,115.75,114.25,105.07
STLD,Steel Dynamics,Materials,Steel,175.63,176.98,102.41,173.27,171.69,169.15,159.45,146.07,143.05,136.66
STE,Steris,Health Care,Health Care Equipment,254.69,268.6,199.47,253.06,253.97,258.55,252.29,247.97,244.38,238.94
SYK,Stryker Corporation,Health Care,Health Care Equipment,356.63,403.95,327.71,353.84,353.46,360.51,365.0,372.16,376.34,374.23
SMCI,Supermicro,Information Technology,"Technology Hardware, Storage & Peripherals",31.02,66.44,25.71,30.6,32.06,32.87,40.36,43.61,45.25,42.62
SYF,Synchrony Financial,Financials,Consumer Finance,85.73,86.22,39.98,84.14,83.94,81.07,76.25,74.49,73.45,66.31
SNPS,Synopsys,Information Technology,Application Software,481.05,651.73,365.74,463.86,464.59,451.51,435.62,489.96,506.15,488.7
SYY,Sysco,Consumer Staples,Food Distributors,74.67,83.13,66.22,75.02,74.53,74.55,75.6,77.97,77.83,75.48
TMUS,T-Mobile US,Communication Services,Wireless Telecommunication Services,195.63,273.15,194.01,198.0,197.33,202.43,209.96,225.74,227.17,233.93
TROW,T. Rowe Price,Financials,Asset Management & Custody Banks,104.25,115.38,74.96,103.73,103.6,102.78,101.89,102.79,102.22,97.18
TTWO,Take-Two Interactive,Communication Services,Interactive Home Entertainment,248.27,264.79,177.35,245.48,245.06,245.25,247.5,244.45,242.41,234.44
TPR,"Tapestry, Inc.",Consumer Discretionary,"Apparel, Accessories & Luxury Goods",128.92,129.6,57.71,125.0,123.12,117.17,112.17,109.69,107.47,94.81
TRGP,Targa Resources,Energy,Oil & Gas Storage & Transportation,182.36,213.78,143.19,179.73,181.71,178.52,167.11,165.49,165.91,167.73
TGT,Target Corporation,Consumer Staples,Consumer Staples Merchandise Retail,95.1,138.95,83.44,97.69,96.83,93.47,91.57,92.38,94.08,94.49
TEL,TE Connectivity,Information Technology,Electronic Manufacturing Services,233.61,250.67,115.38,227.84,232.47,230.29,232.89,221.52,213.74,189.45
TDY,Teledyne Technologies,Information Technology,Electronic Equipment & Instruments,518.68,595.99,419.0,508.5,512.73,508.04,519.23,537.98,537.5,517.62
TER,Teradyne,Information Technology,Semiconductor Materials & Equipment,197.62,205.0,65.55,192.15,195.68,190.94,173.05,147.01,136.37,115.63
TSLA,"Tesla, Inc.",Consumer Discretionary,Automobile Manufacturers,488.89,498.82,214.25,482.12,468.84,451.88,441.22,408.28,389.8,352.24
TXN,Texas Instruments,Information Technology,Semiconductors,178.77,218.15,136.55,176.66,178.35,175.49,168.99,177.58,182.82,179.29
TPL,Texas Pacific Land Corporation,Energy,Oil & Gas Exploration & Production,910.41,1455.48,807.7,881.67,875.03,879.71,915.14,915.04,934.01,1052.48
TXT,Textron,Industrials,Aerospace & Defense,90.63,91.21,57.66,88.36,87.27,85.16,82.7,82.12,82.15,78.45
TMO,Thermo Fisher Scientific,Health Care,Life Sciences Tools & Services,575.09,608.82,384.82,567.61,570.03,576.3,568.14,527.7,509.21,482.5
TJX,TJX Companies,Consumer Discretionary,Apparel Retail,156.51,157.83,111.06,155.35,155.45,153.47,147.73,142.56,138.8,133.22
TKO,TKO Group Holdings,Communication Services,Movies & Entertainment,215.51,216.4,131.77,212.57,207.4,200.68,191.17,189.92,186.09,174.71
TTD,Trade Desk (The),Communication Services,Advertising,37.31,130.4,35.65,37.13,37.42,38.39,43.79,49.1,55.03,57.71
TSCO,Tractor Supply,Consumer Discretionary,Other Specialty Retail,51.64,63.47,46.26,52.3,52.34,53.15,53.91,56.29,56.26,54.28
TT,Trane Technologies,Industrials,Building Products,389.54,475.11,296.82,388.57,393.04,401.74,414.7,416.62,421.71,406.44
TDG,TransDigm Group,Industrials,Aerospace & Defense,1298.7,1519.36,1107.45,1274.1,1289.57,1319.46,1313.93,1310.24,1340.28,1325.8
TRV,Travelers Companies (The),Financials,Property & Casualty Insurance,291.14,295.68,226.54,291.72,287.38,287.06,279.55,275.62,272.09,267.45
TRMB,Trimble Inc.,Information Technology,Electronic Equipment & Instruments,81.96,87.5,52.91,80.43,80.98,81.31,79.71,80.51,80.55,75.54
TFC,Truist Financial,Financials,Diversified Banks,50.51,50.62,32.34,50.08,49.72,48.25,45.54,45.02,44.75,42.28
TYL,Tyler Technologies,Information Technology,Application Software,464.45,661.31,445.64,455.83,454.47,459.45,474.4,511.78,523.26,539.63
TSN,Tyson Foods,Consumer Staples,Packaged Foods & Meats,58.74,62.66,50.12,58.43,58.47,57.73,54.4,54.49,54.32,55.29
USB,U.S. Bancorp,Financials,Diversified Banks,54.81,54.9,34.43,54.01,53.59,51.73,48.86,48.05,47.61,45.13
UBER,Uber,Industrials,Passenger Ground Transportation,81.32,101.99,59.75,80.08,82.6,85.32,89.96,92.33,92.3,87.67
UDR,"UDR, Inc.",Real Estate,Multi-Family Residential REITs,36.07,44.96,32.94,35.94,35.68,35.72,35.34,36.4,37.1,38.52
ULTA,Ulta Beauty,Consumer Discretionary,Other Specialty Retail,610.42,612.75,309.01,595.51,596.74,572.1,541.43,534.97,525.75,478.06
UNP,Union Pacific Corporation,Industrials,Rail Transportation,234.53,250.85,200.99,235.16,235.94,233.58,225.85,224.2,224.89,223.47
UAL,United Airlines Holdings,Industrials,Passenger Airlines,115.9,116.32,52.0,113.1,110.19,106.4,100.34,100.17,97.45,88.51
UPS,United Parcel Service,Industrials,Air Freight & Logistics,100.48,128.18,80.6,101.11,100.36,97.87,93.27,88.56,90.14,92.77
URI,United Rentals,Industrials,Trading Companies & Distributors,815.7,1019.33,522.49,807.97,810.6,808.33,855.38,894.3,877.42,793.05
UNH,UnitedHealth Group,Health Care,Managed Health Care,324.67,594.32,231.57,329.21,331.77,328.91,334.96,324.26,317.19,349.4
UHS,Universal Health Services,Health Care,Health Care Facilities,226.11,246.13,152.04,225.17,224.51,230.44,223.08,204.95,198.57,191.37
VLO,Valero Energy,Energy,Oil & Gas Refining & Marketing,163.81,184.46,96.76,162.84,167.36,171.6,170.5,161.3,157.43,144.52
VTR,Ventas,Real Estate,Health Care REITs,79.12,81.89,55.47,79.06,78.69,79.42,76.04,72.01,70.49,68.37
VLTO,Veralto,Industrials,Environmental & Facilities Services,101.67,109.99,83.69,100.48,99.63,100.53,100.48,103.47,103.29,100.68
VRSN,Verisign,Information Technology,Internet Services & Infrastructure,246.43,308.75,189.47,244.04,243.31,247.34,248.64,261.45,265.88,264.55
VRSK,Verisk Analytics,Industrials,Research & Consulting Services,220.38,321.24,196.59,218.76,217.42,219.85,222.54,240.39,252.12,269.61
VZ,Verizon,Communication Services,Integrated Telecommunication Services,39.96,45.09,35.79,40.36,40.38,40.64,40.35,41.54,41.53,41.66
VRTX,Vertex Pharmaceuticals,Health Care,Biotechnology,459.08,519.68,362.5,453.43,450.25,444.94,431.18,413.26,423.27,440.98
VTRS,Viatris,Health Care,Pharmaceuticals,11.99,12.13,6.6,11.8,11.67,11.21,10.65,10.27,10.0,9.37
VICI,Vici Properties,Real Estate,Hotel & Resort REITs,27.8,33.01,26.43,27.97,27.85,27.9,29.1,30.52,30.82,30.7
V,Visa Inc.,Financials,Transaction & Payment Processing Services,352.1,374.11,297.39,347.38,342.95,336.82,337.6,340.2,342.37,343.31
VST,Vistra Corp.,Utilities,Electric Utilities,161.54,219.82,90.3,164.83,166.71,169.8,181.34,191.02,191.47,172.4
VMC,Vulcan Materials Company,Materials,Construction Materials,291.13,311.21,213.97,289.75,292.85,292.96,291.87,292.6,287.35,273.66
WRB,W. R. Berkley Corporation,Financials,Property & Casualty Insurance,70.36,77.72,54.51,69.39,68.5,70.29,72.52,72.15,71.42,70.28
GWW,W. W. Grainger,Industrials,Industrial Machinery & Supplies & Components,1032.32,1129.04,887.81,1023.8,1015.77,985.19,964.71,970.87,983.92,997.79
WAB,Wabtec,Industrials,Construction Machinery & Heavy Transportation Equipment,222.01,222.47,151.24,215.51,215.03,212.22,205.12,198.86,200.52,196.17
WMT,Walmart,Consumer Staples,Consumer Staples Merchandise Retail,114.36,117.45,79.27,115.41,115.01,112.61,107.26,104.1,102.52,98.81
DIS,Walt Disney Company (The),Communication Services,Movies & Entertainment,112.36,123.85,79.22,111.54,110.42,107.3,108.74,111.64,113.43,108.81
WBD,Warner Bros. Discovery,Communication Services,Broadcasting,28.75,30.0,7.52,28.25,28.82,26.64,23.48,19.22,17.82,14.71
WM,Waste Management,Industrials,Environmental & Facilities Services,219.49,239.91,193.36,218.56,215.73,214.93,210.69,216.22,218.17,222.06
WAT,Waters Corporation,Health Care,Life Sciences Tools & Services,384.74,423.56,275.05,378.95,383.97,392.01,372.83,336.23,332.92,339.15
WEC,WEC Energy Group,Utilities,Electric Utilities,104.83,117.25,88.91,104.65,104.42,106.61,110.38,109.69,108.67,107.04
WFC,Wells Fargo,Financials,Diversified Banks,94.22,94.37,57.46,92.7,92.13,89.68,86.79,83.44,82.91,78.29
WELL,Welltower,Real Estate,Health Care REITs,186.15,209.05,120.99,187.84,188.82,196.38,188.69,178.24,173.78,163.94
WST,West Pharmaceutical Services,Health Care,Health Care Supplies,275.04,347.77,186.94,270.36,269.68,273.43,274.02,262.99,256.3,241.22
WDC,Western Digital,Information Technology,"Technology Hardware, Storage & Peripherals",177.0,188.77,28.72,174.79,176.1,168.32,152.76,123.68,112.36,87.41
WY,Weyerhaeuser,Real Estate,Timber REITs,23.72,30.64,20.96,23.56,23.29,22.58,22.67,23.81,24.14,24.94
WSM,"Williams-Sonoma, Inc.",Consumer Discretionary,Homefurnishing Retail,190.54,217.31,128.49,188.4,187.19,183.03,186.74,192.04,188.29,176.84
WMB,Williams Companies,Energy,Oil & Gas Storage & Transportation,58.96,65.01,50.16,58.63,59.38,60.02,59.61,59.22,58.97,58.35
WTW,Willis Towers Watson,Financials,Insurance Brokers,332.37,352.79,291.3,330.84,327.47,323.46,323.98,328.8,324.27,320.09
WDAY,"Workday, Inc.",Information Technology,Application Software,218.35,283.68,205.33,217.44,219.56,219.29,227.13,228.65,230.01,235.36
WYNN,Wynn Resorts,Consumer Discretionary,Casinos & Gaming,126.02,134.72,64.8,126.39,125.45,126.96,123.41,121.53,118.51,105.59
XEL,Xcel Energy,Utilities,Multi-Utilities,73.85,83.01,61.07,73.4,74.29,76.74,79.12,76.73,75.25,72.66
XYL,Xylem Inc.,Industrials,Industrial Machinery & Supplies & Components,139.0,153.83,99.59,137.65,137.91,139.09,143.6,143.07,140.65,132.91
YUM,Yum! Brands,Consumer Discretionary,Restaurants,155.69,160.96,119.81,153.66,150.82,149.84,147.15,146.58,146.57,146.45
ZBRA,Zebra Technologies,Information Technology,Electronic Equipment & Instruments,249.16,427.76,205.73,253.79,261.27,258.2,265.35,288.82,296.09,287.33
ZBH,Zimmer Biomet,Health Care,Health Care Equipment,89.63,113.87,85.33,90.33,91.35,93.07,94.79,97.8,97.02,97.88
ZTS,Zoetis,Health Care,Pharmaceuticals,123.76,175.6,115.25,122.85,120.54,122.17,128.63,138.59,141.46,147.84
