Symbol,Company,GICS_Sector,GICS_Sub_Industry,Current_Price,52_Week_High,52_Week_Low,SMA_5,SMA_10,SMA_20,SMA_50,SMA_100,SMA_125,SMA_200
MMM,3M,Industrials,Industrial Conglomerates,154.08,163.4,120.83,154.16,154.83,155.0,153.51,151.07,147.85,145.51
AOS,A. O. Smith,Industrials,Building Products,72.75,90.29,58.25,72.15,72.59,72.6,71.94,69.18,68.14,67.8
ABT,Abbott Laboratories,Health Care,Health Care Equipment,133.11,139.95,109.57,133.95,134.39,133.23,131.15,131.84,131.16,128.2
ABBV,AbbVie,Health Care,Biotechnology,223.16,225.16,159.42,220.98,220.9,217.32,206.53,196.15,193.55,191.01
ACN,Accenture,Information Technology,IT Consulting & Other Services,247.0,394.41,229.4,238.62,239.04,243.99,253.2,279.15,281.69,307.45
ADBE,Adobe Inc.,Information Technology,Application Software,359.42,557.9,330.04,357.8,360.12,354.93,355.3,374.62,371.98,395.95
AMD,Advanced Micro Devices,Information Technology,Semiconductors,161.36,186.65,76.48,160.77,159.86,158.91,165.46,145.87,135.33,127.29
AES,AES Corporation,Utilities,Independent Power Producers & Energy Traders,13.16,19.17,9.28,13.19,13.03,12.98,13.14,12.1,11.72,11.6
AFL,Aflac,Financials,Life & Health Insurance,111.35,113.54,96.14,109.95,109.0,108.2,105.3,104.07,104.4,104.25
A,Agilent Technologies,Health Care,Life Sciences Tools & Services,123.75,153.19,96.23,123.87,125.35,125.76,121.07,118.23,115.66,122.73
APD,Air Products,Materials,Industrial Gases,270.48,336.92,242.14,270.38,279.76,285.06,289.4,284.22,280.88,289.02
ABNB,Airbnb,Consumer Discretionary,"Hotels, Resorts & Cruise Lines",122.92,163.93,99.88,122.99,123.78,123.86,127.54,130.76,128.09,130.26
AKAM,Akamai Technologies,Information Technology,Internet Services & Infrastructure,76.23,106.8,67.51,75.83,76.14,76.9,76.68,77.49,77.39,82.57
ALB,Albemarle Corporation,Materials,Specialty Chemicals,86.88,111.49,48.84,84.3,82.58,80.14,78.49,70.21,67.69,73.22
ARE,Alexandria Real Estate Equities,Real Estate,Office REITs,84.42,118.62,66.16,85.06,85.57,84.71,80.74,76.54,76.54,83.49
ALGN,Align Technology,Health Care,Health Care Supplies,126.37,259.01,122.0,126.92,129.1,131.93,146.99,166.37,166.82,179.69
ALLE,Allegion,Industrials,Building Products,175.04,180.34,116.14,175.16,176.54,174.28,169.09,155.96,150.73,142.78
LNT,Alliant Energy,Utilities,Electric Utilities,66.78,67.11,54.71,65.67,64.8,64.64,65.01,62.98,62.45,61.4
ALL,Allstate,Financials,Property & Casualty Insurance,211.28,214.25,173.88,210.2,206.27,204.04,202.74,200.91,199.38,196.56
GOOGL,Alphabet Inc. (Class A),Communication Services,Interactive Media & Services,244.05,256.0,140.23,247.04,249.51,242.46,216.43,193.95,186.28,185.04
GOOG,Alphabet Inc. (Class C),Communication Services,Interactive Media & Services,244.36,256.7,142.36,247.66,250.0,242.88,217.1,194.85,187.42,186.39
MO,Altria,Consumer Staples,Tobacco,65.67,67.51,45.54,65.31,64.95,65.15,63.73,60.68,59.75,56.7
AMZN,Amazon,Consumer Discretionary,Broadline Retail,222.17,242.52,161.38,220.2,225.7,228.52,227.3,219.79,212.29,214.73
AMCR,Amcor,Materials,Paper & Plastic Packaging Products & Materials,8.14,11.04,7.9,8.05,8.17,8.23,8.81,9.03,9.06,9.26
AEE,Ameren,Utilities,Multi-Utilities,103.55,103.7,82.82,101.64,100.26,100.01,100.14,97.69,97.53,95.84
AEP,American Electric Power,Utilities,Electric Utilities,109.78,115.08,87.57,108.76,107.87,108.36,110.26,106.26,105.91,102.71
AXP,American Express,Financials,Consumer Finance,342.31,349.19,219.87,341.22,339.29,332.98,317.6,309.9,299.41,297.57
AIG,American International Group,Financials,Multi-line Insurance,77.9,87.1,68.15,77.52,77.23,78.04,78.93,80.96,80.97,78.91
AMT,American Tower,Real Estate,Telecom Tower REITs,194.55,234.33,169.77,193.95,194.12,194.88,205.16,210.48,211.42,203.88
AWK,American Water Works,Utilities,Water Utilities,137.04,153.69,116.64,136.42,135.99,138.12,140.98,140.75,141.51,136.77
AMP,Ameriprise Financial,Financials,Asset Management & Custody Banks,499.59,576.69,393.57,495.37,492.44,495.46,506.16,511.99,502.17,510.04
AME,Ametek,Industrials,Electrical Components & Equipment,186.87,197.03,144.53,186.1,186.9,187.29,184.57,181.52,177.65,179.08
AMGN,Amgen,Health Care,Biotechnology,273.97,330.26,247.06,276.83,277.92,279.29,287.44,284.91,284.28,283.89
APH,Amphenol,Information Technology,Electronic Components,121.01,126.06,56.27,122.89,122.16,118.35,112.02,102.18,95.58,85.45
ADI,Analog Devices,Information Technology,Semiconductors,244.79,257.11,157.31,247.05,246.74,246.81,239.11,233.2,223.37,219.58
AON,Aon plc,Financials,Insurance Brokers,354.62,411.24,322.37,353.83,354.13,361.9,363.37,360.4,361.44,367.17
APA,APA Corporation,Energy,Oil & Gas Exploration & Production,24.34,26.13,13.18,24.36,24.14,23.5,21.48,19.86,19.05,19.87
APO,Apollo Global Management,Financials,Asset Management & Custody Banks,138.44,187.59,101.84,138.85,140.53,137.78,140.09,139.08,136.69,143.99
AAPL,Apple Inc.,Information Technology,"Technology Hardware, Storage & Peripherals",254.43,259.18,168.8,254.7,249.01,241.88,229.24,216.67,213.57,221.6
AMAT,Applied Materials,Information Technology,Semiconductor Materials & Equipment,204.95,213.48,123.04,202.16,194.28,178.77,177.58,175.91,169.35,168.36
APTV,Aptiv,Consumer Discretionary,Automotive Parts & Equipment,85.77,86.86,47.19,85.44,84.92,83.18,76.45,72.24,68.64,66.33
ACGL,Arch Capital Group,Financials,Property & Casualty Insurance,89.83,110.75,82.49,89.9,88.88,90.11,89.8,90.76,90.95,91.43
ADM,Archer Daniels Midland,Consumer Staples,Agricultural Products & Services,60.31,64.38,40.22,60.83,60.99,61.4,59.32,54.95,53.14,51.09
ANET,Arista Networks,Information Technology,Communications Equipment,143.37,156.32,59.43,143.13,144.23,143.5,134.38,115.55,107.68,106.06
AJG,Arthur J. Gallagher & Co.,Financials,Insurance Brokers,305.71,349.78,273.89,304.37,300.24,299.21,297.58,311.33,314.53,311.99
AIZ,Assurant,Financials,Multi-line Insurance,214.45,227.13,173.64,214.75,211.86,212.14,205.52,200.52,198.72,202.12
T,AT&T,Communication Services,Integrated Telecommunication Services,28.07,29.79,20.36,28.36,28.78,29.06,28.58,28.04,27.82,26.44
ATO,Atmos Energy,Utilities,Gas Utilities,169.55,169.96,133.06,167.51,165.26,165.26,162.82,158.23,157.43,151.85
ADSK,Autodesk,Information Technology,Application Software,322.03,329.09,232.67,322.69,322.14,322.24,305.61,301.8,294.2,291.73
ADP,Automatic Data Processing,Industrials,Human Resource & Employment Services,292.66,326.59,266.62,290.76,290.79,293.09,298.94,304.38,302.05,299.79
AZO,AutoZone,Consumer Discretionary,Automotive Retail,4273.84,4388.11,2980.1,4180.97,4175.55,4213.7,4081.17,3893.63,3847.93,3685.96
AVB,AvalonBay Communities,Real Estate,Multi-Family Residential REITs,193.56,233.48,178.86,193.43,193.16,193.35,192.89,197.98,198.73,204.6
AVY,Avery Dennison,Materials,Paper & Plastic Packaging Products & Materials,160.42,219.94,155.31,161.08,162.92,164.93,169.6,173.63,172.71,176.46
AXON,Axon Enterprise,Industrials,Aerospace & Defense,716.02,885.92,388.37,722.52,743.2,742.38,757.98,757.58,720.26,672.71
BKR,Baker Hughes,Energy,Oil & Gas Equipment & Services,50.55,50.93,33.21,49.99,48.6,47.3,45.18,41.6,40.73,41.69
BALL,Ball Corporation,Materials,"Metal, Glass & Plastic Containers",49.6,67.13,43.18,48.96,49.02,49.82,52.91,53.94,52.95,52.87
BAC,Bank of America,Financials,Diversified Banks,52.42,52.88,32.69,51.98,51.82,51.0,48.92,46.92,45.13,44.66
BAX,Baxter International,Health Care,Health Care Equipment,22.38,38.69,21.18,22.3,22.81,23.43,24.25,27.16,27.62,29.11
BDX,Becton Dickinson,Health Care,Health Care Equipment,184.0,248.0,161.47,184.35,185.75,187.42,187.36,179.62,183.25,199.78
BBY,Best Buy,Consumer Discretionary,Computer & Electronics Retail,75.66,98.44,53.55,74.64,73.81,74.55,71.18,70.04,68.58,72.91
TECH,Bio-Techne,Health Care,Life Sciences Tools & Services,52.23,80.37,45.87,51.74,52.12,52.53,53.72,52.06,51.82,58.17
BIIB,Biogen,Health Care,Biotechnology,138.52,197.7,110.04,137.71,140.41,141.53,136.1,132.31,129.89,135.39
BLK,BlackRock,Financials,Asset Management & Custody Banks,1175.56,1182.14,766.05,1147.81,1140.59,1124.93,1122.12,1062.05,1026.19,1008.44
BX,Blackstone Inc.,Financials,Asset Management & Custody Banks,176.14,196.67,114.16,178.01,181.93,178.49,173.96,159.7,153.78,157.14
XYZ,"Block, Inc.",Financials,Transaction & Payment Processing Services,75.39,99.26,44.27,75.15,75.91,75.43,76.48,69.75,66.6,70.84
BK,BNY Mellon,Financials,Asset Management & Custody Banks,109.75,110.87,68.8,109.03,108.43,106.71,103.84,96.94,93.12,88.85
BA,Boeing,Industrials,Aerospace & Defense,217.08,242.69,128.88,216.66,215.64,221.31,226.18,217.79,207.4,194.61
BKNG,Booking Holdings,Consumer Discretionary,"Hotels, Resorts & Cruise Lines",5454.81,5829.37,4032.06,5522.63,5498.63,5513.52,5544.23,5507.33,5342.54,5147.11
BSX,Boston Scientific,Health Care,Health Care Equipment,97.04,109.5,80.64,97.82,97.97,101.84,103.64,103.55,102.43,100.98
BMY,Bristol Myers Squibb,Health Care,Pharmaceuticals,44.15,61.84,42.96,44.15,44.88,45.94,46.58,46.78,47.56,50.92
AVGO,Broadcom,Information Technology,Semiconductors,327.9,373.59,137.54,335.36,340.96,339.05,313.8,282.41,261.5,243.06
BR,Broadridge Financial Solutions,Industrials,Data Processing & Outsourced Services,237.63,270.85,205.06,236.67,239.97,245.51,251.36,244.8,242.29,238.24
BRO,Brown & Brown,Financials,Insurance Brokers,93.02,125.31,89.99,92.97,92.42,93.26,95.01,102.02,104.72,106.56
BLDR,Builders FirstSource,Industrials,Building Products,119.61,201.53,102.6,119.04,123.63,133.03,134.02,125.61,124.19,132.9
BG,Bunge Global,Consumer Staples,Agricultural Products & Services,82.43,96.01,65.6,80.25,80.16,81.22,80.89,79.39,78.73,77.02
BXP,"BXP, Inc.",Real Estate,Office REITs,75.37,86.38,53.45,75.44,76.24,75.7,70.84,69.52,68.11,68.56
CHRW,C.H. Robinson,Industrials,Air Freight & Logistics,131.87,138.0,83.72,133.01,134.11,131.36,121.57,108.46,104.83,103.23
CDNS,Cadence Design Systems,Information Technology,Application Software,348.52,376.45,221.56,354.59,358.08,354.1,350.46,329.45,317.55,304.81
CZR,Caesars Entertainment,Consumer Discretionary,Casinos & Gaming,27.87,45.93,21.4,26.71,26.23,25.97,26.32,27.41,27.13,29.32
CPT,Camden Property Trust,Real Estate,Multi-Family Residential REITs,106.55,124.31,101.41,106.97,107.19,108.58,109.01,111.99,112.12,113.33
CPB,Campbell's Company (The),Consumer Staples,Packaged Foods & Meats,30.87,47.82,29.39,32.53,32.94,33.11,32.67,32.67,33.52,35.52
COF,Capital One,Financials,Consumer Finance,223.6,231.82,141.57,223.49,225.1,224.2,218.98,210.25,202.37,196.19
CAH,Cardinal Health,Health Care,Health Care Distributors,154.57,168.44,105.81,153.29,151.06,150.76,152.31,155.0,151.22,141.24
KMX,CarMax,Consumer Discretionary,Automotive Retail,45.25,91.25,42.75,50.07,54.64,57.57,58.26,62.23,63.57,70.11
CCL,Carnival,Consumer Discretionary,"Hotels, Resorts & Cruise Lines",29.4,32.8,15.07,30.32,30.67,31.11,30.49,27.73,25.84,25.21
CARR,Carrier Global,Industrials,Building Products,59.13,82.31,53.89,59.09,59.89,61.54,66.06,69.43,67.8,67.4
CAT,Caterpillar Inc.,Industrials,Construction Machinery & Heavy Transportation Equipment,471.61,485.34,265.05,468.43,463.91,443.81,432.01,398.8,379.18,370.41
CBOE,Cboe Global Markets,Financials,Financial Exchanges & Data,246.24,255.27,186.22,243.45,239.21,236.6,241.67,234.87,231.27,221.19
CBRE,CBRE Group,Real Estate,Real Estate Services,158.96,167.56,108.45,158.69,161.31,162.08,158.34,145.55,140.67,138.66
CDW,CDW Corporation,Information Technology,Technology Distributors,162.25,225.83,136.33,161.73,163.03,164.63,167.42,173.07,169.31,172.88
COR,Cencora,Health Care,Health Care Distributors,308.07,310.0,216.84,304.93,297.34,296.91,293.13,292.33,290.51,273.61
CNC,Centene Corporation,Health Care,Managed Health Care,35.21,75.35,25.08,34.37,33.23,32.04,29.26,40.08,44.27,50.25
CNP,CenterPoint Energy,Utilities,Multi-Utilities,39.13,40.5,27.87,38.81,38.4,38.11,38.06,37.26,37.19,35.5
CF,CF Industries,Materials,Fertilizers & Agricultural Chemicals,90.51,103.84,66.56,90.23,87.51,86.46,87.4,89.55,86.69,85.33
CRL,Charles River Laboratories,Health Care,Life Sciences Tools & Services,146.99,230.02,91.86,148.16,151.14,154.94,159.32,153.13,146.21,155.77
SCHW,Charles Schwab Corporation,Financials,Investment Banking & Brokerage,96.89,99.42,61.62,94.68,93.86,93.98,95.5,92.19,89.14,84.78
CHTR,Charter Communications,Communication Services,Cable & Satellite,276.12,437.06,251.8,270.1,267.05,264.77,277.45,338.95,342.38,348.42
CVX,Chevron Corporation,Energy,Integrated Oil & Gas,156.1,165.09,129.01,158.72,158.43,157.74,155.24,148.51,146.31,147.77
CMG,Chipotle Mexican Grill,Consumer Discretionary,Restaurants,39.9,66.74,38.3,39.71,39.68,39.84,42.43,47.59,47.97,51.01
CB,Chubb Limited,Financials,Property & Casualty Insurance,279.56,305.88,250.52,278.54,275.81,276.88,273.93,280.02,280.99,279.01
CHD,Church & Dwight,Consumer Staples,Household Products,86.17,115.72,85.08,86.55,88.54,91.2,92.74,94.59,95.9,99.66
CI,Cigna,Health Care,Health Care Services,286.64,352.15,255.6,287.68,290.19,296.03,291.49,302.15,307.2,301.98
CINF,Cincinnati Financial,Financials,Property & Casualty Insurance,156.37,158.03,121.6,155.33,154.77,154.14,151.93,149.24,146.31,143.74
CTAS,Cintas,Industrials,Diversified Support Services,203.91,228.77,179.74,202.17,201.23,202.38,212.51,216.34,214.04,207.91
CSCO,Cisco,Information Technology,Communications Equipment,67.72,72.55,50.91,67.53,67.69,67.54,68.1,66.62,64.64,62.96
C,Citigroup,Financials,Diversified Banks,103.16,105.59,54.71,102.67,102.43,99.75,96.32,87.85,83.19,79.67
CFG,Citizens Financial Group,Financials,Regional Banks,53.65,54.5,31.96,53.24,52.93,52.35,50.23,46.33,44.28,43.99
CLX,Clorox,Consumer Staples,Household Products,122.99,166.9,116.17,122.71,122.95,123.48,123.17,124.94,127.62,136.58
CME,CME Group,Financials,Financial Exchanges & Data,272.24,288.09,204.81,267.53,264.31,263.42,270.07,272.27,270.42,259.21
CMS,CMS Energy,Utilities,Multi-Utilities,72.77,75.33,62.54,71.75,70.98,71.17,72.04,70.85,71.04,69.87
KO,Coca-Cola Company (The),Consumer Staples,Soft Drinks & Non-alcoholic Beverages,66.04,73.29,59.3,66.17,66.32,66.84,68.11,69.03,69.35,67.57
CTSH,Cognizant,Information Technology,IT Consulting & Other Services,67.08,89.77,64.98,67.35,68.13,69.38,70.87,74.82,74.17,76.43
COIN,Coinbase,Financials,Financial Exchanges & Data,333.99,444.65,142.58,319.02,326.11,319.16,328.9,312.48,286.86,273.38
CL,Colgate-Palmolive,Consumer Staples,Household Products,80.4,101.87,78.76,80.19,80.67,82.24,84.13,86.97,87.95,88.31
CMCSA,Comcast,Communication Services,Cable & Satellite,31.49,44.12,31.03,31.61,31.75,32.68,33.08,33.9,33.91,34.63
CAG,Conagra Brands,Consumer Staples,Packaged Foods & Meats,18.04,31.04,17.89,18.21,18.45,18.81,18.94,20.09,20.97,22.55
COP,ConocoPhillips,Energy,Oil & Gas Exploration & Production,95.85,112.56,78.56,96.05,94.6,94.24,94.48,92.24,91.51,93.69
ED,Consolidated Edison,Utilities,Multi-Utilities,99.57,112.97,85.07,98.98,97.62,97.5,100.04,100.62,102.23,99.33
STZ,Constellation Brands,Consumer Staples,Distillers & Vintners,136.47,255.51,131.2,133.36,133.39,138.94,156.62,165.07,168.5,176.02
CEG,Constellation Energy,Utilities,Electric Utilities,334.27,356.57,160.94,333.53,331.25,321.52,324.53,313.73,293.52,280.77
COO,Cooper Companies (The),Health Care,Health Care Supplies,67.67,111.44,61.78,67.59,67.08,67.24,70.14,72.33,73.69,79.99
CPRT,Copart,Industrials,Diversified Support Services,44.6,64.38,44.47,45.01,45.49,47.01,47.04,49.62,51.53,53.57
GLW,Corning Inc.,Information Technology,Electronic Components,80.26,81.58,36.95,79.93,79.36,76.11,68.13,59.1,55.77,52.99
CPAY,Corpay,Financials,Transaction & Payment Processing Services,295.83,400.81,269.02,295.79,300.3,306.6,316.05,324.44,322.67,336.19
CTVA,Corteva,Materials,Fertilizers & Agricultural Chemicals,67.77,77.22,53.14,68.41,69.38,70.98,71.88,71.74,69.41,66.12
CSGP,CoStar Group,Real Estate,Real Estate Services,84.23,97.43,68.26,84.13,85.93,86.96,89.62,84.42,83.21,80.34
COST,Costco,Consumer Staples,Consumer Staples Merchandise Retail,916.87,1075.34,862.73,933.0,942.69,951.73,954.93,976.68,975.21,973.1
CTRA,Coterra,Energy,Oil & Gas Exploration & Production,23.64,29.29,21.84,23.68,23.78,24.0,23.84,24.37,24.51,25.29
CRWD,CrowdStrike,Information Technology,Systems Software,488.45,517.98,272.67,480.68,479.22,451.98,445.09,457.94,443.97,418.84
CCI,Crown Castle,Real Estate,Telecom Tower REITs,96.19,114.47,81.02,94.71,94.28,94.34,99.87,99.78,99.77,96.15
CSX,CSX Corporation,Industrials,Rail Transportation,35.83,37.1,26.01,34.3,33.64,33.03,34.16,33.03,31.98,31.84
CMI,Cummins,Industrials,Construction Machinery & Heavy Transportation Equipment,419.43,432.5,257.24,418.73,419.58,410.84,393.5,359.03,344.64,346.12
CVS,CVS Health,Health Care,Health Care Services,75.57,77.34,42.12,75.77,75.08,74.24,69.17,66.65,66.5,62.47
DHR,Danaher Corporation,Health Care,Life Sciences Tools & Services,186.06,277.94,170.43,185.4,188.77,192.3,198.65,197.08,195.99,204.93
DRI,Darden Restaurants,Consumer Discretionary,Restaurants,192.98,226.68,151.84,188.25,192.28,201.58,203.89,207.97,205.81,198.67
DDOG,Datadog,Information Technology,Application Software,145.26,170.08,81.63,139.0,137.78,137.16,136.5,131.19,124.28,126.81
DVA,DaVita,Health Care,Health Care Services,130.59,179.6,126.07,131.62,130.78,132.75,135.99,138.22,139.51,145.71
DAY,Dayforce,Industrials,Human Resource & Employment Services,68.83,82.69,48.01,68.84,68.82,68.99,63.55,60.62,59.66,62.27
DECK,Deckers Brands,Consumer Discretionary,Footwear,103.28,223.98,93.72,107.63,111.8,115.53,110.88,110.11,109.95,132.66
DE,Deere & Company,Industrials,Agricultural & Farm Machinery,465.49,532.1,383.0,467.36,468.94,471.42,489.37,499.6,490.84,478.45
DELL,Dell Technologies,Information Technology,"Technology Hardware, Storage & Peripherals",133.9,145.54,65.56,132.41,131.98,128.11,130.61,123.08,115.67,112.32
DAL,Delta Air Lines,Industrials,Passenger Airlines,57.66,69.36,34.52,57.61,58.29,59.48,57.95,54.03,51.4,54.33
DVN,Devon Energy,Energy,Oil & Gas Exploration & Production,35.52,42.12,25.53,35.59,35.1,34.94,34.04,33.23,32.65,33.21
DXCM,Dexcom,Health Care,Health Care Equipment,66.46,93.25,57.52,67.51,70.33,73.9,78.09,81.34,78.86,79.66
FANG,Diamondback Energy,Energy,Oil & Gas Exploration & Production,143.58,195.31,112.4,144.88,142.24,140.95,142.27,141.2,139.47,146.33
DLR,Digital Realty,Real Estate,Data Center REITs,170.11,192.35,128.14,171.81,172.22,169.22,169.7,169.99,165.75,164.65
DG,Dollar General,Consumer Staples,Consumer Staples Merchandise Retail,102.94,117.95,65.67,103.22,103.73,105.46,108.84,107.56,104.25,93.23
DLTR,Dollar Tree,Consumer Staples,Consumer Staples Merchandise Retail,94.21,118.06,60.49,94.77,95.51,97.93,107.54,101.78,96.85,87.41
D,Dominion Energy,Utilities,Multi-Utilities,60.92,61.75,46.96,60.61,60.15,59.57,59.54,57.37,56.36,55.12
DPZ,Domino's,Consumer Discretionary,Restaurants,434.41,495.24,392.06,428.42,430.65,444.26,450.97,457.64,459.53,453.85
DASH,DoorDash,Consumer Discretionary,Specialized Consumer Services,272.5,278.15,140.53,264.71,264.2,258.57,253.28,236.31,225.73,210.41
DOV,Dover Corporation,Industrials,Industrial Machinery & Supplies & Components,166.64,220.46,142.22,167.32,169.5,172.65,177.1,179.21,176.28,181.81
DOW,Dow Inc.,Materials,Commodity Chemicals,22.89,51.74,20.11,22.81,23.38,23.84,23.79,25.97,26.44,30.33
DHI,D. R. Horton,Consumer Discretionary,Homebuilding,169.83,193.34,109.8,167.15,167.96,172.47,163.01,144.31,139.94,138.16
DTE,DTE Energy,Utilities,Multi-Utilities,140.87,141.32,111.81,138.91,137.06,136.03,137.08,134.82,134.27,130.14
DUK,Duke Energy,Utilities,Electric Utilities,122.8,126.75,102.41,122.98,121.93,121.62,121.89,118.73,118.63,115.51
DD,DuPont,Materials,Specialty Chemicals,77.04,88.2,53.17,76.21,76.95,76.94,74.99,72.09,70.22,72.67
EMN,Eastman Chemical Company,Materials,Specialty Chemicals,62.66,109.94,56.08,62.96,64.27,65.58,66.86,72.21,73.03,79.93
ETN,Eaton Corporation,Industrials,Electrical Components & Equipment,367.15,398.4,230.37,367.64,369.68,362.11,363.5,349.89,335.13,327.58
EBAY,eBay Inc.,Consumer Discretionary,Broadline Retail,91.17,100.83,55.44,91.97,90.99,91.3,91.29,82.89,79.42,74.13
ECL,Ecolab,Materials,Specialty Chemicals,272.91,285.35,220.55,268.79,267.08,269.7,271.66,267.48,262.12,256.88
EIX,Edison International,Utilities,Electric Utilities,55.23,85.03,46.98,54.93,55.09,55.15,54.61,53.51,53.89,56.16
EW,Edwards Lifesciences,Health Care,Health Care Equipment,77.19,83.0,64.01,75.59,75.09,77.29,78.41,77.44,76.37,74.78
EA,Electronic Arts,Communication Services,Interactive Home Entertainment,202.05,203.75,114.77,181.03,177.05,173.24,168.18,159.4,156.28,149.47
ELV,Elevance Health,Health Care,Managed Health Care,319.69,519.04,272.22,321.02,317.1,314.49,302.01,336.76,353.73,367.59
EMR,Emerson Electric,Industrials,Electrical Components & Equipment,129.25,149.68,89.31,130.27,130.85,132.08,135.3,131.03,125.18,123.4
ENPH,Enphase Energy,Information Technology,Semiconductor Materials & Equipment,36.08,116.91,29.89,37.0,38.01,37.86,36.14,39.33,41.65,50.4
ETR,Entergy,Utilities,Electric Utilities,93.55,93.81,62.53,91.71,90.08,89.2,89.05,85.45,84.74,82.76
EOG,EOG Resources,Energy,Oil & Gas Exploration & Production,113.35,135.49,100.76,116.07,117.07,118.39,118.92,117.59,116.2,119.49
EPAM,EPAM Systems,Information Technology,IT Consulting & Other Services,154.5,269.0,138.15,153.36,154.33,159.03,161.9,168.7,165.77,188.05
EQT,EQT Corporation,Energy,Oil & Gas Exploration & Production,54.46,60.83,34.54,53.3,51.5,51.32,51.77,54.05,53.24,51.78
EFX,Equifax,Industrials,Research & Consulting Services,255.59,293.4,199.2,255.33,257.48,253.02,248.13,256.03,252.22,252.15
EQIX,Equinix,Real Estate,Data Center REITs,781.72,977.63,693.42,789.6,788.07,782.98,781.73,811.51,809.54,841.68
EQR,Equity Residential,Real Estate,Multi-Family Residential REITs,64.12,75.25,58.19,64.37,64.3,64.73,64.37,65.89,66.04,67.02
ERIE,Erie Indemnity,Financials,Insurance Brokers,313.25,537.45,310.19,314.75,317.35,325.37,345.47,349.31,357.42,375.67
ESS,Essex Property Trust,Real Estate,Multi-Family Residential REITs,266.22,310.81,241.65,266.02,266.45,265.9,266.52,274.08,274.33,278.79
EL,Estée Lauder Companies (The),Consumer Staples,Personal Care Products,89.13,101.55,47.94,86.57,87.26,87.74,89.22,81.38,76.45,74.92
EG,Everest Group,Financials,Reinsurance,345.49,400.59,318.14,344.66,339.25,341.48,337.59,338.77,340.55,344.38
EVRG,Evergy,Utilities,Electric Utilities,75.06,75.08,56.68,73.93,72.85,72.24,71.49,69.03,68.52,66.42
ES,Eversource Energy,Utilities,Electric Utilities,70.53,70.64,51.06,69.46,66.97,65.17,64.97,64.15,62.71,60.71
EXC,Exelon,Utilities,Electric Utilities,44.27,47.26,34.98,44.12,43.65,43.49,43.97,43.45,43.84,42.36
EXE,Expand Energy,Energy,Oil & Gas Exploration & Production,106.81,121.47,74.96,104.16,101.36,98.72,97.7,104.9,104.51,102.87
EXPE,Expedia Group,Consumer Discretionary,"Hotels, Resorts & Cruise Lines",220.51,229.0,129.46,219.52,221.56,219.7,206.02,187.87,181.18,181.37
EXPD,Expeditors International,Industrials,Air Freight & Logistics,122.76,129.91,99.78,121.59,122.14,122.01,119.6,116.76,115.19,114.82
EXR,Extra Space Storage,Real Estate,Self-Storage REITs,141.45,173.79,118.4,139.04,140.24,141.96,140.9,143.64,142.48,144.13
XOM,ExxonMobil,Energy,Integrated Oil & Gas,114.22,121.93,96.01,115.11,114.43,113.11,110.45,108.89,108.05,107.86
FFIV,"F5, Inc.",Information Technology,Communications Equipment,322.66,337.39,213.24,324.14,325.89,322.9,316.85,303.32,294.71,287.3
FDS,FactSet,Financials,Financial Exchanges & Data,290.67,495.04,282.01,287.76,300.6,333.65,367.35,405.2,409.19,427.61
FICO,Fair Isaac,Information Technology,Application Software,1525.44,2402.52,1300.0,1534.11,1531.42,1535.08,1465.11,1637.03,1689.34,1768.98
FAST,Fastenal,Industrials,Trading Companies & Distributors,48.87,50.63,33.41,48.19,47.72,48.04,48.03,44.89,43.74,41.13
FRT,Federal Realty Investment Trust,Real Estate,Retail REITs,99.92,114.28,79.72,99.54,99.64,100.31,97.1,95.81,95.01,98.0
FDX,FedEx,Industrials,Air Freight & Logistics,236.58,301.45,191.82,235.65,232.01,228.87,228.43,226.11,222.9,236.28
FIS,Fidelity National Information Services,Financials,Transaction & Payment Processing Services,65.78,90.1,63.0,64.26,65.09,66.4,70.84,75.06,74.86,75.09
FITB,Fifth Third Bancorp,Financials,Regional Banks,45.4,47.75,31.96,45.28,45.46,45.51,43.91,41.86,40.51,40.95
FSLR,First Solar,Information Technology,Semiconductors,223.53,262.72,116.56,220.3,215.88,209.26,197.21,179.74,169.74,167.01
FE,FirstEnergy,Utilities,Electric Utilities,45.41,45.47,36.81,44.59,43.94,43.71,43.15,41.82,41.57,40.53
FI,Fiserv,Financials,Transaction & Payment Processing Services,130.45,238.59,128.08,129.82,131.12,133.12,136.84,152.83,162.29,182.5
F,Ford Motor Company,Consumer Discretionary,Automobile Manufacturers,12.09,12.32,8.21,11.82,11.74,11.69,11.45,11.03,10.72,10.22
FTNT,Fortinet,Information Technology,Systems Software,84.65,114.82,70.12,84.21,83.13,81.07,85.48,94.32,95.06,97.08
FTV,Fortive,Industrials,Industrial Machinery & Supplies & Components,48.91,62.65,45.45,48.34,48.43,48.2,48.46,50.82,50.76,53.57
FOXA,Fox Corporation (Class A),Communication Services,Broadcasting,62.88,62.97,40.74,61.21,60.56,60.14,58.15,56.44,55.07,53.76
FOX,Fox Corporation (Class B),Communication Services,Broadcasting,57.0,57.02,37.5,55.3,54.66,54.42,52.95,51.63,50.5,49.73
BEN,Franklin Resources,Financials,Asset Management & Custody Banks,23.37,26.08,16.03,23.53,23.92,24.42,24.77,23.66,22.56,21.44
FCX,Freeport-McMoRan,Materials,Copper,37.12,51.85,27.45,38.25,41.67,43.6,42.96,42.18,40.65,39.75
GRMN,Garmin,Consumer Discretionary,Consumer Electronics,245.53,245.59,158.5,239.31,237.61,237.22,233.26,219.22,213.5,213.23
IT,Gartner,Information Technology,IT Consulting & Other Services,261.19,584.01,223.65,261.7,258.28,251.22,268.64,341.49,354.77,406.73
GE,GE Aerospace,Industrials,Aerospace & Defense,293.63,307.25,158.81,298.34,297.34,288.6,277.63,260.13,246.21,225.25
GEHC,GE HealthCare,Health Care,Health Care Equipment,73.09,94.71,57.59,73.13,74.34,75.11,74.33,73.56,72.09,76.78
GEV,GE Vernova,Industrials,Heavy Electrical Equipment,602.43,677.29,246.59,615.5,618.97,613.26,622.69,555.12,511.65,449.33
GEN,Gen Digital,Information Technology,Systems Software,28.79,32.09,22.55,28.83,28.81,29.12,29.89,29.45,28.53,28.07
GNRC,Generac,Industrials,Electrical Components & Equipment,165.82,203.25,99.5,166.5,174.96,178.62,181.99,157.8,148.87,148.17
GD,General Dynamics,Industrials,Aerospace & Defense,332.17,337.52,236.67,326.75,325.68,324.95,318.92,300.79,294.35,280.59
GIS,General Mills,Consumer Staples,Packaged Foods & Meats,49.66,72.0,48.29,50.17,49.99,49.96,49.78,51.19,52.25,54.96
GM,General Motors,Consumer Discretionary,Automobile Manufacturers,61.12,62.11,41.36,60.29,59.58,58.89,56.33,52.99,51.4,50.7
GPC,Genuine Parts Company,Consumer Discretionary,Distributors,139.22,143.1,102.41,138.09,138.25,138.7,135.81,129.15,126.1,122.81
GILD,Gilead Sciences,Health Care,Biotechnology,112.62,120.99,79.46,112.76,112.71,113.27,113.79,110.41,109.1,105.33
GPN,Global Payments,Financials,Transaction & Payment Processing Services,86.34,118.69,65.53,85.76,85.8,86.02,84.89,81.68,81.38,90.41
GL,Globe Life,Financials,Life & Health Insurance,143.52,147.83,99.63,144.19,143.89,142.39,139.28,130.01,128.31,124.75
GDDY,GoDaddy,Information Technology,Internet Services & Infrastructure,141.67,216.0,132.51,142.1,143.77,144.84,149.41,164.33,166.72,176.88
GS,Goldman Sachs,Financials,Investment Banking & Brokerage,804.12,825.25,434.87,800.03,799.48,778.51,746.24,691.69,656.72,631.1
HAL,Halliburton,Energy,Oil & Gas Equipment & Services,25.0,31.66,18.43,24.7,23.56,22.84,22.08,21.47,21.34,23.06
HIG,Hartford (The),Financials,Property & Casualty Insurance,132.25,135.17,103.64,132.12,131.4,131.77,129.33,127.53,125.66,120.73
HAS,Hasbro,Consumer Discretionary,Leisure Products,76.95,82.19,48.07,75.43,74.95,76.92,77.54,73.33,69.75,65.58
HCA,HCA Healthcare,Health Care,Health Care Facilities,420.92,422.96,288.25,416.19,409.07,408.33,389.6,381.93,372.87,351.79
DOC,Healthpeak Properties,Real Estate,Health Care REITs,19.01,21.94,16.26,18.81,18.57,18.28,17.69,17.45,17.53,18.24
HSIC,Henry Schein,Health Care,Health Care Distributors,66.05,82.49,60.56,66.94,67.48,67.89,68.43,69.99,69.05,70.72
HSY,Hershey Company (The),Consumer Staples,Packaged Foods & Meats,184.11,202.98,136.73,187.82,189.52,187.67,184.3,174.25,171.98,168.4
HPE,Hewlett Packard Enterprise,Information Technology,"Technology Hardware, Storage & Peripherals",24.14,25.36,11.82,24.3,24.58,24.15,22.3,20.37,19.29,19.5
HLT,Hilton Worldwide,Consumer Discretionary,"Hotels, Resorts & Cruise Lines",262.28,279.81,195.81,262.44,265.4,270.27,269.66,263.22,254.25,252.31
HOLX,Hologic,Health Care,Health Care Equipment,67.15,84.39,51.9,66.84,66.76,66.35,66.76,64.47,63.18,64.84
HD,Home Depot (The),Consumer Discretionary,Home Improvement Retail,406.8,429.19,322.47,409.0,412.86,414.3,398.36,380.83,374.97,378.87
HON,Honeywell,Industrials,Industrial Conglomerates,209.28,240.47,177.52,208.62,209.43,211.72,217.18,221.63,217.2,216.19
HRL,Hormel Foods,Consumer Staples,Packaged Foods & Meats,24.64,32.84,23.71,24.58,24.69,24.97,27.07,28.53,28.76,29.05
HST,Host Hotels & Resorts,Real Estate,Hotel & Resort REITs,17.43,18.53,12.06,17.42,17.45,17.46,16.68,16.1,15.61,15.81
HWM,Howmet Aerospace,Industrials,Aerospace & Defense,191.92,196.39,97.59,191.74,190.58,185.63,182.05,177.23,167.97,151.39
HPQ,HP Inc.,Information Technology,"Technology Hardware, Storage & Peripherals",26.89,38.25,20.76,27.3,27.68,28.09,26.8,26.13,25.72,27.73
HUBB,Hubbell Incorporated,Industrials,Industrial Machinery & Supplies & Components,426.44,475.24,297.55,427.7,432.72,435.1,432.8,414.01,399.46,397.19
HUM,Humana,Health Care,Managed Health Care,255.23,319.89,206.15,256.44,259.47,275.7,269.89,252.24,254.91,258.65
HBAN,Huntington Bancshares,Financials,Regional Banks,17.35,17.93,11.7,17.36,17.45,17.5,16.94,16.46,15.9,15.85
HII,Huntington Ingalls Industries,Industrials,Aerospace & Defense,279.53,291.7,155.93,276.61,275.47,273.38,268.71,251.31,243.5,222.32
IBM,IBM,Information Technology,IT Consulting & Other Services,279.8,294.17,197.92,277.06,270.47,261.24,254.29,263.63,257.95,250.03
IEX,IDEX Corporation,Industrials,Industrial Machinery & Supplies & Components,162.19,235.67,152.2,160.4,160.91,161.75,165.65,173.27,172.56,183.16
IDXX,Idexx Laboratories,Health Care,Health Care Equipment,630.56,688.12,356.14,631.3,639.88,641.61,625.27,573.45,542.84,501.17
ITW,Illinois Tool Works,Industrials,Industrial Machinery & Supplies & Components,261.38,274.77,213.36,260.22,261.18,262.61,261.35,254.5,250.45,252.09
INCY,Incyte,Health Care,Biotechnology,83.89,87.99,53.56,83.39,84.29,84.94,81.64,74.15,71.22,70.65
IR,Ingersoll Rand,Industrials,Industrial Machinery & Supplies & Components,82.55,105.95,65.58,81.52,80.92,80.19,80.62,82.03,80.37,83.49
PODD,Insulet Corporation,Health Care,Health Care Equipment,310.62,353.5,225.37,321.39,326.08,335.21,318.42,312.83,301.1,289.27
INTC,Intel,Information Technology,Semiconductors,34.48,36.3,17.67,32.91,30.36,27.4,24.37,22.96,22.41,22.08
ICE,Intercontinental Exchange,Financials,Financial Exchanges & Data,167.99,188.82,141.12,167.83,169.38,171.5,177.73,177.92,174.73,169.3
IFF,International Flavors & Fragrances,Materials,Specialty Chemicals,60.96,105.18,59.89,61.38,62.42,64.01,67.06,71.31,71.96,75.85
IP,International Paper,Materials,Paper & Plastic Packaging Products & Materials,46.08,58.71,42.44,45.87,46.22,46.77,48.15,47.94,47.6,49.75
IPG,Interpublic Group of Companies (The),Communication Services,Advertising,27.09,31.81,21.93,26.35,26.16,26.36,25.81,24.87,24.68,25.47
INTU,Intuit,Information Technology,Application Software,694.69,813.7,531.0,695.92,685.85,674.35,710.6,723.81,698.72,664.8
ISRG,Intuitive Surgical,Health Care,Health Care Equipment,439.22,616.0,425.0,442.04,439.75,447.81,468.74,502.52,501.46,519.39
IVZ,Invesco,Financials,Asset Management & Custody Banks,23.0,23.0,11.33,22.54,22.47,22.28,21.58,18.45,17.41,17.14
INVH,Invitation Homes,Real Estate,Single-Family Residential REITs,29.04,35.13,28.76,29.09,29.2,29.55,30.17,31.47,31.75,31.63
IQV,IQVIA,Health Care,Life Sciences Tools & Services,180.72,237.34,134.65,180.93,184.34,185.43,186.77,169.83,166.25,176.96
IRM,Iron Mountain,Real Estate,Other Specialized REITs,100.35,126.21,71.19,101.48,101.05,97.4,94.92,96.74,94.27,95.0
JBHT,J.B. Hunt,Industrials,Cargo Ground Transportation,134.8,198.61,122.01,133.3,133.71,137.62,141.75,142.76,140.75,149.95
JBL,Jabil,Information Technology,Electronic Manufacturing Services,214.51,237.14,108.57,220.06,220.81,215.5,216.77,203.34,190.09,175.41
JKHY,Jack Henry & Associates,Financials,Transaction & Payment Processing Services,151.17,194.68,148.3,150.1,152.73,156.82,162.64,170.94,171.16,172.03
J,Jacobs Solutions,Industrials,Construction & Engineering,148.46,152.07,104.68,147.58,148.08,146.7,145.71,137.14,133.22,131.62
JNJ,Johnson & Johnson,Health Care,Pharmaceuticals,181.62,181.87,137.37,178.47,177.06,177.43,173.88,163.44,161.15,157.39
JCI,Johnson Controls,Industrials,Building Products,108.16,112.63,67.78,107.15,107.66,107.28,106.9,104.32,99.34,92.58
JPM,JPMorgan Chase,Financials,Diversified Banks,315.69,317.97,199.85,314.27,313.28,307.14,299.31,285.76,275.66,265.59
K,Kellanova,Consumer Staples,Packaged Foods & Meats,81.96,82.04,76.48,78.19,78.16,78.74,79.11,79.58,79.92,80.05
KVUE,Kenvue,Consumer Staples,Personal Care Products,16.34,24.71,16.07,16.61,17.29,18.26,20.2,21.12,21.4,21.46
KDP,Keurig Dr Pepper,Consumer Staples,Soft Drinks & Non-alcoholic Beverages,25.67,36.7,25.34,25.79,26.22,26.99,30.61,31.73,32.22,32.05
KEY,KeyCorp,Financials,Regional Banks,18.88,19.41,12.43,18.82,18.84,18.95,18.45,17.47,16.81,16.7
KEYS,Keysight Technologies,Information Technology,Electronic Equipment & Instruments,173.28,186.2,121.43,174.25,174.94,171.83,167.28,164.51,159.52,161.58
KMB,Kimberly-Clark,Consumer Staples,Household Products,122.66,147.59,120.67,122.87,123.92,126.15,128.34,130.12,130.85,130.78
KIM,Kimco Realty,Real Estate,Retail REITs,21.67,24.7,17.52,21.65,21.82,22.11,21.66,21.23,20.95,21.16
KMI,Kinder Morgan,Energy,Oil & Gas Storage & Transportation,28.37,30.49,20.69,27.96,27.68,27.33,27.13,27.4,27.16,27.03
KKR,KKR & Co.,Financials,Asset Management & Custody Banks,134.48,169.7,85.9,137.87,142.33,140.91,142.73,135.12,129.54,133.35
KLAC,KLA Corporation,Information Technology,Semiconductor Materials & Equipment,1064.13,1085.6,548.81,1065.48,1047.06,980.54,931.55,885.75,840.42,787.96
KHC,Kraft Heinz,Consumer Staples,Packaged Foods & Meats,25.7,34.37,25.07,26.17,26.14,26.35,26.99,26.64,27.0,27.73
KR,Kroger,Consumer Staples,Food Retail,66.43,74.52,53.78,65.66,65.81,66.8,69.16,68.96,69.01,66.47
LHX,L3Harris,Industrials,Aerospace & Defense,296.95,298.4,190.25,289.99,286.71,280.95,275.56,259.42,250.16,234.44
LH,Labcorp,Health Care,Health Care Services,282.75,283.47,208.23,279.76,278.23,277.26,270.89,261.59,254.9,248.68
LRCX,Lam Research,Information Technology,Semiconductor Materials & Equipment,131.09,133.33,56.07,129.51,127.41,116.99,106.71,98.3,92.22,86.66
LW,Lamb Weston,Consumer Staples,Packaged Foods & Meats,55.67,82.35,47.25,54.36,55.27,55.99,55.42,53.99,53.78,55.55
LVS,Las Vegas Sands,Consumer Discretionary,Casinos & Gaming,55.25,58.05,29.84,53.68,53.29,53.88,53.42,48.38,45.6,45.44
LDOS,Leidos,Industrials,Diversified Support Services,185.61,200.78,122.65,185.48,185.62,182.92,176.47,165.2,160.45,152.88
LEN,Lennar,Consumer Discretionary,Homebuilding,127.68,181.28,97.54,125.34,127.56,132.49,127.24,118.26,115.98,120.0
LII,Lennox International,Industrials,Building Products,520.65,689.44,497.88,522.37,532.34,545.62,579.63,578.14,571.34,585.48
LLY,Lilly (Eli),Health Care,Pharmaceuticals,726.51,931.67,622.41,730.89,744.92,744.8,733.63,749.27,758.65,780.83
LIN,Linde plc,Materials,Industrial Gases,476.49,484.83,406.06,475.75,476.29,475.54,473.62,467.77,463.22,455.14
LYV,Live Nation Entertainment,Communication Services,Movies & Entertainment,164.36,175.25,106.56,162.87,164.77,166.61,160.7,152.52,147.89,143.42
LKQ,LKQ Corporation,Consumer Discretionary,Distributors,30.42,43.77,28.65,30.3,30.62,31.43,31.4,35.1,36.02,36.87
LMT,Lockheed Martin,Industrials,Aerospace & Defense,491.98,602.02,407.14,487.34,481.11,471.44,447.56,456.43,456.63,456.94
L,Loews Corporation,Financials,Multi-line Insurance,99.67,100.57,74.95,99.25,97.99,97.39,95.19,92.33,91.06,88.81
LOW,Lowe's,Consumer Discretionary,Home Improvement Retail,253.32,281.56,204.22,256.62,261.47,264.68,251.36,237.03,233.61,237.76
LULU,Lululemon Athletica,Consumer Discretionary,"Apparel, Accessories & Luxury Goods",179.11,423.32,159.25,175.99,171.86,173.73,191.6,230.97,237.8,287.64
LYB,LyondellBasell,Materials,Specialty Chemicals,49.08,89.94,46.44,49.85,51.12,52.87,54.17,55.84,55.84,61.39
MTB,M&T Bank,Financials,Regional Banks,198.3,219.44,148.52,199.46,199.25,199.12,194.5,190.29,184.83,185.5
MPC,Marathon Petroleum,Energy,Oil & Gas Refining & Marketing,196.47,201.61,113.82,195.11,190.1,185.4,175.04,169.74,161.96,155.25
MKTX,MarketAxess,Financials,Financial Exchanges & Data,177.63,292.5,176.57,178.82,179.7,182.07,190.18,204.37,206.9,208.9
MAR,Marriott International,Consumer Discretionary,"Hotels, Resorts & Cruise Lines",266.82,305.27,204.35,263.18,264.24,264.98,265.92,266.59,259.1,264.17
MMC,Marsh McLennan,Financials,Insurance Brokers,200.23,246.94,195.01,198.98,197.91,200.41,203.73,212.27,215.06,217.69
MLM,Martin Marietta Materials,Materials,Construction Materials,621.25,632.26,440.72,613.05,614.35,616.44,604.56,577.71,561.38,542.85
MAS,Masco,Industrials,Building Products,70.04,85.23,56.02,70.82,71.62,72.78,71.42,67.67,66.42,69.28
MA,Mastercard,Financials,Transaction & Payment Processing Services,568.14,601.77,464.22,567.87,577.91,582.31,578.33,572.9,563.34,554.45
MTCH,Match Group,Communication Services,Interactive Media & Services,36.5,39.2,26.24,36.33,37.02,37.42,36.52,33.58,32.72,32.52
MKC,McCormick & Company,Consumer Staples,Packaged Foods & Meats,66.8,85.22,63.66,65.32,65.69,67.48,69.33,71.42,72.24,74.2
MCD,McDonald's,Consumer Discretionary,Restaurants,302.99,322.65,271.85,303.61,303.28,307.17,305.25,303.21,304.27,300.25
MCK,McKesson Corporation,Health Care,Health Care Distributors,761.82,770.0,470.42,752.16,723.19,711.81,698.97,706.66,703.49,667.63
MDT,Medtronic,Health Care,Health Care Equipment,93.97,95.99,77.57,94.64,94.73,93.98,92.6,89.21,88.03,87.4
MRK,Merck & Co.,Health Care,Pharmaceuticals,78.58,110.69,71.87,78.87,80.0,81.64,81.76,79.93,79.88,84.45
META,Meta Platforms,Communication Services,Interactive Media & Services,743.4,795.71,479.11,750.42,762.85,756.89,751.38,715.92,681.06,664.24
MET,MetLife,Financials,Life & Health Insurance,82.07,87.17,64.24,80.99,80.16,80.18,78.55,78.44,77.4,78.89
MTD,Mettler Toledo,Health Care,Life Sciences Tools & Services,1191.36,1521.01,946.69,1220.93,1246.54,1262.94,1266.68,1218.92,1186.08,1217.73
MGM,MGM Resorts,Consumer Discretionary,Casinos & Gaming,36.53,42.54,25.3,35.19,35.28,35.86,36.5,35.33,34.24,34.11
MCHP,Microchip Technology,Information Technology,Semiconductors,64.07,79.31,33.63,64.78,65.09,64.79,66.06,65.74,61.01,58.83
MU,Micron Technology,Information Technology,Semiconductors,163.9,170.45,61.48,161.22,162.12,149.31,129.19,119.42,110.46,104.89
MSFT,Microsoft,Information Technology,Systems Software,514.6,554.54,343.59,510.49,511.24,507.45,511.8,493.19,471.67,449.34
MAA,Mid-America Apartment Communities,Real Estate,Multi-Family Residential REITs,138.61,170.0,137.32,139.69,140.01,141.68,143.13,147.39,149.26,151.07
MRNA,Moderna,Health Care,Biotechnology,25.33,67.96,23.15,25.22,25.32,24.86,26.94,27.33,27.14,30.66
MHK,Mohawk Industries,Consumer Discretionary,Home Furnishings,128.11,164.29,96.24,127.59,129.81,132.86,127.18,116.27,114.09,116.29
MOH,Molina Healthcare,Health Care,Managed Health Care,192.95,359.97,151.95,189.5,183.7,181.22,172.32,228.47,248.47,268.05
TAP,Molson Coors Beverage Company,Consumer Staples,Brewers,45.76,63.47,43.8,44.88,45.73,47.5,49.09,50.03,51.61,53.46
MDLZ,Mondelez International,Consumer Staples,Packaged Foods & Meats,62.63,73.02,53.2,63.35,63.28,62.54,63.57,65.16,65.39,63.56
MPWR,Monolithic Power Systems,Information Technology,Semiconductors,886.59,947.45,437.93,897.65,897.99,872.33,827.62,766.42,723.13,685.47
MNST,Monster Beverage,Consumer Staples,Soft Drinks & Non-alcoholic Beverages,66.96,67.13,45.7,65.26,65.17,64.29,62.81,62.49,61.73,58.14
MCO,Moody's Corporation,Financials,Financial Exchanges & Data,480.82,528.95,377.3,476.37,485.29,495.41,505.06,495.06,483.15,481.65
MS,Morgan Stanley,Financials,Investment Banking & Brokerage,161.16,163.98,92.93,159.77,159.19,155.63,148.73,140.63,134.53,131.33
MOS,Mosaic Company (The),Materials,Fertilizers & Agricultural Chemicals,34.7,37.97,21.99,34.94,34.43,33.7,33.73,34.48,32.99,30.23
MSI,Motorola Solutions,Information Technology,Communications Equipment,454.18,502.83,387.0,458.46,466.92,473.13,457.91,436.57,433.22,438.53
MSCI,MSCI Inc.,Financials,Financial Exchanges & Data,568.9,636.39,483.67,566.87,566.38,566.7,561.3,562.78,557.65,567.05
NDAQ,"Nasdaq, Inc.",Financials,Financial Exchanges & Data,88.71,97.36,64.46,87.71,89.26,91.64,93.3,89.21,85.99,83.02
NTAP,NetApp,Information Technology,"Technology Hardware, Storage & Peripherals",118.57,133.34,71.49,121.18,122.93,121.99,113.16,107.7,103.11,106.07
NFLX,Netflix,Communication Services,Movies & Entertainment,1206.41,1341.15,677.88,1209.54,1213.88,1221.52,1208.71,1218.09,1176.14,1088.9
NEM,Newmont,Materials,Gold,84.54,87.93,36.35,84.32,82.31,79.66,72.08,63.72,61.27,54.19
NWSA,News Corp (Class A),Communication Services,Publishing,31.03,31.11,23.3,30.49,30.43,29.85,29.53,29.04,28.48,28.24
NWS,News Corp (Class B),Communication Services,Publishing,34.46,35.47,26.17,33.77,33.64,33.19,33.53,33.24,32.64,32.16
NEE,NextEra Energy,Utilities,Multi-Utilities,76.21,83.5,60.75,74.57,72.72,71.93,72.39,71.8,70.63,70.18
NKE,"Nike, Inc.",Consumer Discretionary,"Apparel, Accessories & Luxury Goods",69.55,88.65,51.67,70.05,70.96,72.51,74.58,69.59,66.95,69.27
NI,NiSource,Utilities,Multi-Utilities,43.21,43.51,32.69,42.31,41.23,41.03,41.74,40.47,40.08,39.1
NDSN,Nordson Corporation,Industrials,Industrial Machinery & Supplies & Components,227.35,262.94,163.83,224.77,225.17,224.53,219.94,214.86,208.74,209.56
NSC,Norfolk Southern,Industrials,Rail Transportation,299.62,300.91,199.43,295.42,289.01,282.57,280.81,265.11,255.76,249.71
NTRS,Northern Trust,Financials,Asset Management & Custody Banks,133.9,135.0,80.54,131.72,131.28,129.96,128.39,120.78,114.67,110.51
NOC,Northrop Grumman,Industrials,Aerospace & Defense,593.99,604.0,420.66,587.53,581.7,580.74,579.12,534.35,526.77,505.86
NCLH,Norwegian Cruise Line Holdings,Consumer Discretionary,"Hotels, Resorts & Cruise Lines",24.75,29.29,14.21,25.12,25.26,25.44,24.78,22.18,21.12,22.39
NRG,NRG Energy,Utilities,Independent Power Producers & Energy Traders,165.34,175.96,79.04,165.98,165.82,159.8,156.62,154.3,143.53,126.65
NUE,Nucor,Materials,Steel,136.08,168.24,97.18,136.13,136.86,140.3,142.24,133.16,129.12,128.06
NVDA,Nvidia,Information Technology,Semiconductors,181.85,184.55,86.61,178.63,177.48,175.2,176.74,161.02,150.16,142.02
NVR,"NVR, Inc.",Consumer Discretionary,Homebuilding,8095.14,9964.77,6562.85,8010.27,8059.71,8212.39,8049.34,7672.6,7561.01,7637.05
NXPI,NXP Semiconductors,Information Technology,Semiconductors,226.11,251.87,146.73,226.45,225.04,224.14,223.42,217.05,208.91,209.54
ORLY,O’Reilly Automotive,Consumer Discretionary,Automotive Retail,107.55,108.42,75.79,105.09,104.64,105.17,102.68,96.71,95.83,92.14
OXY,Occidental Petroleum,Energy,Oil & Gas Exploration & Production,48.1,55.34,34.4,47.17,47.0,46.47,45.22,44.05,43.2,44.95
ODFL,Old Dominion,Industrials,Cargo Ground Transportation,141.04,231.78,133.69,140.09,141.14,144.69,149.77,156.6,156.05,165.98
OMC,Omnicom Group,Communication Services,Advertising,79.13,103.32,67.76,77.08,76.45,77.07,75.63,73.86,73.82,77.01
ON,ON Semiconductor,Information Technology,Semiconductors,49.76,76.06,31.04,50.21,50.48,49.49,51.32,50.84,48.11,50.13
OKE,Oneok,Energy,Oil & Gas Storage & Transportation,73.1,113.92,70.63,73.34,72.89,73.0,75.27,78.12,79.09,85.71
ORCL,Oracle Corporation,Information Technology,Application Software,282.76,345.72,118.18,295.97,302.13,281.82,259.25,226.02,208.01,191.28
OTIS,Otis Worldwide,Industrials,Industrial Machinery & Supplies & Components,91.29,105.86,83.85,89.79,89.67,88.63,88.24,92.55,93.18,94.27
PCAR,Paccar,Industrials,Construction Machinery & Heavy Transportation Equipment,99.85,114.66,84.08,98.11,99.22,99.27,98.96,96.56,95.23,98.84
PKG,Packaging Corporation of America,Materials,Paper & Plastic Packaging Products & Materials,216.27,244.78,170.61,214.88,213.59,213.9,205.96,199.0,196.06,202.42
PLTR,Palantir Technologies,Information Technology,Application Software,178.86,190.0,36.05,179.53,177.49,169.42,166.6,150.01,139.69,119.38
PANW,Palo Alto Networks,Information Technology,Systems Software,203.96,210.39,144.15,202.5,203.9,199.8,189.85,192.49,188.49,187.67
PSKY,Paramount Skydance Corporation,Communication Services,Movies & Entertainment,19.5,20.86,9.92,19.24,18.71,17.31,14.93,13.56,13.08,12.29
PH,Parker Hannifin,Industrials,Industrial Machinery & Supplies & Components,753.57,779.77,485.92,751.66,752.22,755.26,743.02,709.97,683.41,671.03
PAYX,Paychex,Industrials,Human Resource & Employment Services,128.53,160.03,126.13,128.2,129.66,132.32,137.44,143.7,143.78,143.53
PAYC,Paycom,Industrials,Human Resource & Employment Services,218.17,267.33,157.01,217.52,216.89,219.69,224.67,234.37,230.86,223.62
PYPL,PayPal,Financials,Transaction & Payment Processing Services,69.68,93.66,55.85,67.78,67.88,67.87,69.5,71.07,69.52,73.43
PNR,Pentair,Industrials,Industrial Machinery & Supplies & Components,109.64,112.91,73.85,109.36,109.92,109.81,106.85,103.62,99.93,98.61
PEP,PepsiCo,Consumer Staples,Soft Drinks & Non-alcoholic Beverages,140.17,170.89,125.14,140.92,140.94,142.66,143.53,136.94,137.11,140.41
PFE,Pfizer,Health Care,Pharmaceuticals,23.85,28.43,20.18,23.89,23.96,24.27,24.51,24.03,23.66,24.18
PCG,PG&E Corporation,Utilities,Multi-Utilities,15.06,21.62,12.97,14.77,14.84,15.03,14.85,15.02,15.4,16.07
PM,Philip Morris International,Consumer Staples,Tobacco,162.99,185.29,114.24,163.73,163.46,163.82,165.46,171.47,169.41,156.83
PSX,Phillips 66,Energy,Oil & Gas Refining & Marketing,137.57,142.35,89.26,137.0,134.18,132.89,127.52,123.37,118.93,118.85
PNW,Pinnacle West Capital,Utilities,Multi-Utilities,87.65,94.64,79.08,86.94,86.54,87.4,89.68,89.55,89.98,88.68
PNC,PNC Financial Services,Financials,Diversified Banks,201.85,210.46,142.39,203.18,203.55,203.55,198.22,189.14,182.61,183.97
POOL,Pool Corporation,Consumer Discretionary,Distributors,310.9,391.14,281.15,309.1,315.28,318.33,316.19,308.16,306.84,318.74
PPG,PPG Industries,Materials,Specialty Chemicals,104.02,133.97,89.08,104.66,106.77,108.39,109.58,110.86,109.03,111.13
PPL,PPL Corporation,Utilities,Electric Utilities,37.08,37.09,30.41,36.55,36.08,35.98,36.09,35.02,35.01,34.21
PFG,Principal Financial Group,Financials,Life & Health Insurance,82.47,88.63,67.06,82.17,81.75,81.25,79.19,78.47,77.44,78.37
PG,Procter & Gamble,Consumer Staples,Personal Care Products,153.53,177.66,149.91,152.62,154.79,156.62,155.93,158.01,158.93,161.34
PGR,Progressive Corporation,Financials,Property & Casualty Insurance,244.4,292.77,228.37,241.74,242.27,244.33,245.34,257.1,260.15,258.78
PLD,Prologis,Real Estate,Industrial REITs,114.24,123.15,83.8,113.79,113.95,112.95,109.62,107.8,106.1,107.93
PRU,Prudential Financial,Financials,Life & Health Insurance,103.83,125.75,88.12,103.46,103.28,104.93,104.6,104.1,103.12,106.16
PEG,Public Service Enterprise Group,Utilities,Electric Utilities,83.04,92.35,73.5,82.17,81.7,81.47,83.84,81.91,81.48,81.65
PTC,PTC Inc.,Information Technology,Application Software,203.84,219.69,133.38,203.43,204.41,206.69,207.95,191.05,182.7,180.13
PSA,Public Storage,Real Estate,Self-Storage REITs,288.53,355.59,251.43,283.62,282.95,285.99,283.97,288.23,287.56,289.22
PHM,PulteGroup,Consumer Discretionary,Homebuilding,133.14,148.31,87.74,130.8,131.72,134.13,127.39,115.65,112.25,110.87
PWR,Quanta Services,Industrials,Construction & Engineering,409.11,424.94,227.02,401.47,393.69,386.58,389.13,374.53,354.87,333.03
QCOM,Qualcomm,Information Technology,Semiconductors,165.3,178.09,119.4,169.45,168.14,163.88,158.2,155.2,151.87,154.6
DGX,Quest Diagnostics,Health Care,Health Care Services,188.84,189.47,144.09,187.4,185.1,183.26,178.75,176.52,175.05,169.55
RL,Ralph Lauren Corporation,Consumer Discretionary,"Apparel, Accessories & Luxury Goods",308.64,320.8,175.49,308.67,309.35,310.99,300.17,286.62,271.58,260.29
RJF,Raymond James Financial,Financials,Investment Banking & Brokerage,176.43,177.66,117.19,174.35,173.42,170.67,167.52,159.17,154.25,154.34
RTX,RTX Corporation,Industrials,Aerospace & Defense,163.63,168.28,111.21,161.88,160.22,158.37,156.76,148.27,143.57,135.92
O,Realty Income,Real Estate,Retail REITs,60.55,61.61,49.53,60.04,59.72,59.47,58.26,57.1,56.73,55.39
REG,Regency Centers,Real Estate,Retail REITs,72.22,75.93,62.21,71.53,70.91,71.4,71.17,70.69,70.49,70.7
REGN,Regeneron Pharmaceuticals,Health Care,Biotechnology,560.75,1065.43,475.77,565.01,577.2,571.29,569.05,556.14,560.96,610.39
RF,Regions Financial Corporation,Financials,Regional Banks,26.5,27.61,17.36,26.62,26.77,26.9,26.16,24.27,23.32,23.13
RSG,Republic Services,Industrials,Environmental & Facilities Services,229.06,258.14,196.11,227.81,227.06,228.72,233.03,240.02,240.57,232.59
RMD,ResMed,Health Care,Health Care Equipment,271.05,293.81,199.07,271.69,272.36,272.99,277.44,264.06,255.49,246.95
RVTY,Revvity,Health Care,Health Care Equipment,84.2,129.23,81.36,84.3,85.29,85.14,88.81,91.81,92.47,100.83
ROK,Rockwell Automation,Industrials,Electrical Components & Equipment,344.53,359.54,213.27,342.67,344.2,343.45,344.81,333.08,314.16,300.63
ROL,"Rollins, Inc.",Industrials,Environmental & Facilities Services,58.52,58.96,44.94,56.98,56.31,56.61,57.05,56.72,56.32,53.68
ROP,Roper Technologies,Information Technology,Electronic Equipment & Instruments,500.96,593.46,492.25,500.99,504.03,511.02,528.21,546.83,548.93,550.71
ROST,Ross Stores,Consumer Discretionary,Apparel Retail,151.86,156.94,121.69,149.59,147.8,148.88,145.51,141.18,140.24,140.55
RCL,Royal Caribbean Group,Consumer Discretionary,"Hotels, Resorts & Cruise Lines",326.72,365.38,163.05,326.75,325.72,336.11,332.84,306.35,285.51,266.34
SPGI,S&P Global,Financials,Financial Exchanges & Data,491.34,578.04,425.6,490.19,505.69,524.33,538.1,526.99,516.79,512.99
CRM,Salesforce,Information Technology,Application Software,245.1,366.78,226.09,243.99,244.21,246.02,248.79,259.63,259.21,280.62
SBAC,SBA Communications,Real Estate,Telecom Tower REITs,196.1,247.78,186.81,195.96,197.43,197.12,212.02,221.01,221.65,215.79
SLB,Schlumberger,Energy,Oil & Gas Equipment & Services,35.11,44.81,30.61,34.86,34.74,35.2,34.44,34.43,34.41,36.41
STX,Seagate Technology,Information Technology,"Technology Hardware, Storage & Peripherals",229.14,234.11,62.86,223.67,221.0,205.34,175.47,151.16,136.6,120.14
SRE,Sempra,Utilities,Multi-Utilities,89.7,93.45,61.37,87.62,85.15,83.62,82.31,78.9,77.27,77.73
NOW,ServiceNow,Information Technology,Systems Software,940.85,1198.09,678.66,931.3,939.55,932.5,919.94,962.28,938.69,958.39
SHW,Sherwin-Williams,Materials,Specialty Chemicals,342.92,397.81,307.5,342.47,345.85,355.03,353.96,351.72,348.83,349.02
SPG,Simon Property Group,Real Estate,Retail REITs,185.85,186.34,132.99,184.22,182.61,181.46,173.34,166.0,162.81,165.06
SWKS,Skyworks Solutions,Information Technology,Semiconductors,76.93,97.73,47.01,79.54,78.54,76.41,73.76,72.81,69.92,72.47
SJM,J.M. Smucker Company (The),Consumer Staples,Packaged Foods & Meats,107.46,121.73,92.38,108.57,107.61,108.79,109.14,106.9,108.18,107.36
SW,Smurfit Westrock,Materials,Paper & Plastic Packaging Products & Materials,42.21,55.46,36.31,42.74,43.35,44.62,44.79,44.34,43.63,46.04
SNA,Snap-on,Industrials,Industrial Machinery & Supplies & Components,344.54,366.68,277.22,340.61,338.27,333.23,327.78,322.11,320.45,326.04
SOLV,Solventum,Health Care,Health Care Technology,72.21,85.92,60.7,71.85,72.93,72.84,72.81,73.33,72.07,72.47
SO,Southern Company,Utilities,Electric Utilities,93.91,95.68,78.5,94.05,92.88,92.33,93.27,91.29,90.85,88.29
LUV,Southwest Airlines,Industrials,Passenger Airlines,32.76,37.75,23.55,32.72,32.44,32.0,31.84,32.31,31.21,31.31
SWK,Stanley Black & Decker,Industrials,Industrial Machinery & Supplies & Components,73.9,106.2,52.62,74.31,75.86,76.21,73.37,70.12,68.05,72.96
SBUX,Starbucks,Consumer Discretionary,Restaurants,85.64,115.87,74.48,84.56,84.37,84.55,88.2,88.61,87.55,92.04
STT,State Street Corporation,Financials,Asset Management & Custody Banks,117.25,117.31,72.29,114.62,113.53,113.03,112.38,106.32,101.76,99.04
STLD,Steel Dynamics,Materials,Steel,138.88,153.72,102.78,137.53,138.24,135.01,130.64,131.02,129.16,127.35
STE,Steris,Health Care,Health Care Equipment,245.37,253.0,199.47,246.77,247.96,247.11,240.89,239.01,235.33,228.22
SYK,Stryker Corporation,Health Care,Health Care Equipment,369.88,404.87,328.46,370.44,373.86,381.09,385.27,385.25,380.02,378.64
SMCI,Supermicro,Information Technology,"Technology Hardware, Storage & Peripherals",46.36,66.44,17.25,46.32,46.0,44.16,47.14,45.65,43.18,40.92
SYF,Synchrony Financial,Financials,Consumer Finance,73.32,77.41,40.15,74.3,74.96,75.34,73.1,67.76,64.03,63.27
SNPS,Synopsys,Information Technology,Application Software,481.61,651.73,365.74,483.0,475.67,501.25,569.28,538.26,516.57,506.11
SYY,Sysco,Consumer Staples,Food Distributors,81.84,83.24,66.65,81.79,81.86,81.5,80.64,77.31,76.03,74.94
TMUS,T-Mobile US,Communication Services,Wireless Telecommunication Services,237.96,274.51,198.99,238.25,238.28,242.25,244.18,239.56,242.1,241.28
TROW,T. Rowe Price,Financials,Asset Management & Custody Banks,103.52,119.7,75.88,103.66,104.39,105.02,105.05,99.84,96.97,99.58
TTWO,Take-Two Interactive,Communication Services,Interactive Home Entertainment,259.96,261.22,146.76,251.32,250.71,247.4,235.92,234.87,230.88,218.14
TPR,"Tapestry, Inc.",Consumer Discretionary,"Apparel, Accessories & Luxury Goods",111.46,117.0,42.3,111.57,111.86,108.67,106.43,95.63,89.83,83.33
TRGP,Targa Resources,Energy,Oil & Gas Storage & Transportation,169.09,215.2,141.47,171.47,168.66,166.3,165.22,165.64,166.44,176.1
TGT,Target Corporation,Consumer Staples,Consumer Staples Merchandise Retail,88.83,155.5,85.44,87.84,88.19,89.79,96.99,97.09,96.29,106.42
TEL,TE Connectivity,Information Technology,Electronic Manufacturing Services,217.78,221.0,115.38,216.9,216.3,212.55,206.36,185.62,175.51,164.5
TDY,Teledyne Technologies,Information Technology,Electronic Equipment & Instruments,579.35,585.96,419.0,570.86,565.6,557.48,551.4,527.62,514.92,505.51
TER,Teradyne,Information Technology,Semiconductor Materials & Equipment,134.33,143.64,65.6,134.08,127.25,122.28,112.67,99.38,94.35,101.81
TSLA,"Tesla, Inc.",Consumer Discretionary,Automobile Manufacturers,443.21,488.54,212.11,435.13,430.02,393.45,354.23,339.08,323.46,334.74
TXN,Texas Instruments,Information Technology,Semiconductors,183.23,220.1,137.77,183.26,181.48,184.28,190.0,193.12,185.59,185.03
TPL,Texas Pacific Land Corporation,Energy,Oil & Gas Exploration & Production,920.64,1759.83,844.11,933.35,918.08,920.04,920.72,1034.68,1082.37,1163.22
TXT,Textron,Industrials,Aerospace & Defense,84.03,91.21,57.67,83.13,83.28,82.23,80.81,79.33,76.88,76.37
TMO,Thermo Fisher Scientific,Health Care,Life Sciences Tools & Services,462.04,621.58,385.11,464.65,471.23,477.72,475.59,442.81,441.28,477.16
TJX,TJX Companies,Consumer Discretionary,Apparel Retail,143.52,145.58,109.83,141.65,140.69,140.37,134.8,130.37,129.38,126.17
TKO,TKO Group Holdings,Communication Services,Movies & Entertainment,205.33,212.49,113.01,199.65,200.35,197.71,184.39,175.66,170.9,162.94
TTD,Trade Desk (The),Communication Services,Advertising,49.64,141.53,42.96,47.45,46.21,48.03,60.33,66.86,63.77,76.54
TSCO,Tractor Supply,Consumer Discretionary,Other Specialty Retail,56.69,63.75,46.46,57.11,58.13,59.1,59.5,55.89,54.83,54.58
TT,Trane Technologies,Industrials,Building Products,414.38,475.11,296.82,409.05,406.09,408.2,424.24,425.61,409.97,392.57
TDG,TransDigm Group,Industrials,Aerospace & Defense,1289.29,1519.36,1107.45,1294.88,1289.59,1288.88,1343.92,1358.26,1340.05,1301.0
TRV,Travelers Companies (The),Financials,Property & Casualty Insurance,276.5,280.0,220.97,276.28,275.94,275.62,269.29,266.9,264.27,257.05
TRMB,Trimble Inc.,Information Technology,Electronic Equipment & Instruments,81.95,87.5,52.91,81.02,81.22,80.8,82.07,77.94,74.44,73.51
TFC,Truist Financial,Financials,Diversified Banks,45.92,47.46,32.72,45.85,45.67,45.74,44.94,42.97,41.67,42.2
TYL,Tyler Technologies,Information Technology,Application Software,529.23,661.31,513.52,526.49,530.4,541.67,559.46,566.68,564.12,575.85
TSN,Tyson Foods,Consumer Staples,Packaged Foods & Meats,53.96,63.75,51.39,54.04,53.99,54.88,54.98,54.85,55.76,56.38
USB,U.S. Bancorp,Financials,Diversified Banks,48.99,52.21,34.8,49.2,49.41,49.2,47.4,45.86,44.46,44.9
UBER,Uber,Industrials,Passenger Ground Transportation,99.57,101.99,59.33,98.24,97.46,95.84,93.38,91.15,87.93,81.16
UDR,"UDR, Inc.",Real Estate,Multi-Family Residential REITs,36.94,45.5,35.84,37.08,37.23,37.9,38.62,39.68,39.95,40.72
ULTA,Ulta Beauty,Consumer Discretionary,Other Specialty Retail,553.71,554.1,309.01,541.08,533.38,527.68,520.22,485.85,463.08,435.93
UNP,Union Pacific Corporation,Industrials,Rail Transportation,236.18,252.32,202.16,232.34,226.17,222.23,222.2,223.62,222.03,226.8
UAL,United Airlines Holdings,Industrials,Passenger Airlines,98.64,116.0,52.0,100.24,102.68,104.59,98.92,89.53,85.01,88.75
UPS,United Parcel Service,Industrials,Air Freight & Logistics,84.5,136.36,82.0,83.82,84.18,84.37,87.15,92.34,92.72,101.38
URI,United Rentals,Industrials,Trading Companies & Distributors,943.89,980.53,523.58,942.68,943.08,949.03,912.99,822.2,778.93,747.23
UNH,UnitedHealth Group,Health Care,Managed Health Care,345.18,617.34,233.13,346.86,342.85,336.07,300.48,303.44,338.55,400.05
UHS,Universal Health Services,Health Care,Health Care Facilities,201.07,240.5,152.16,198.79,193.85,190.39,179.27,180.86,179.75,180.54
VLO,Valero Energy,Energy,Oil & Gas Refining & Marketing,172.14,178.43,97.37,172.68,168.26,162.7,149.19,141.78,135.84,132.99
VTR,Ventas,Real Estate,Health Care REITs,69.2,70.82,55.85,68.68,68.1,68.33,67.95,65.79,65.98,64.47
VLTO,Veralto,Industrials,Environmental & Facilities Services,105.08,114.62,83.77,105.04,105.83,106.24,106.28,103.3,100.97,100.73
VRSN,Verisign,Information Technology,Internet Services & Infrastructure,284.31,309.71,174.64,284.86,285.05,283.49,277.73,279.02,274.41,254.16
VRSK,Verisk Analytics,Industrials,Research & Consulting Services,248.78,321.9,239.83,245.03,245.97,255.87,266.98,287.72,288.26,287.1
VZ,Verizon,Communication Services,Integrated Telecommunication Services,43.25,45.87,36.41,43.35,43.5,43.67,43.55,42.95,42.88,41.78
VRTX,Vertex Pharmaceuticals,Health Care,Biotechnology,395.31,519.88,362.5,383.85,385.11,390.36,406.08,427.33,439.41,446.83
VTRS,Viatris,Health Care,Pharmaceuticals,9.62,13.04,6.68,9.59,9.67,9.98,9.83,9.29,8.99,9.56
VICI,Vici Properties,Real Estate,Hotel & Resort REITs,32.56,33.54,26.86,32.18,32.06,32.44,32.55,32.05,31.8,30.9
V,Visa Inc.,Financials,Transaction & Payment Processing Services,340.16,374.85,268.12,337.97,340.02,342.09,344.24,350.2,346.78,341.42
VST,Vistra Corp.,Utilities,Electric Utilities,197.94,219.82,90.3,202.62,206.95,201.87,199.86,186.36,173.02,163.33
VMC,Vulcan Materials Company,Materials,Construction Materials,303.02,303.77,214.34,297.69,296.79,295.6,287.91,276.48,270.01,264.53
WRB,W. R. Berkley Corporation,Financials,Property & Casualty Insurance,76.02,76.17,54.69,75.08,73.95,73.25,71.4,71.6,71.05,66.99
GWW,W. W. Grainger,Industrials,Industrial Machinery & Supplies & Components,947.98,1219.65,889.92,957.63,975.17,991.34,994.62,1026.22,1019.64,1028.07
WAB,Wabtec,Industrials,Construction Machinery & Heavy Transportation Equipment,197.58,215.82,151.42,195.12,192.59,191.83,193.27,199.03,194.57,193.55
WBA,Walgreens Boots Alliance,Consumer Staples,Drug Retail,11.98,,,11.98,12.03,11.93,11.67,11.39,11.33,10.81
WMT,Walmart,Consumer Staples,Consumer Staples Merchandise Retail,103.08,106.11,78.22,102.91,103.1,102.23,100.21,98.43,97.18,95.6
DIS,Walt Disney Company (The),Communication Services,Movies & Entertainment,114.78,124.69,79.76,113.38,113.94,115.62,116.87,116.4,110.72,109.7
WBD,Warner Bros. Discovery,Communication Services,Broadcasting,18.86,20.24,7.25,19.51,19.14,16.52,13.99,12.18,11.44,11.11
WM,Waste Management,Industrials,Environmental & Facilities Services,219.43,240.84,197.52,218.59,217.18,218.55,224.37,227.42,227.54,223.4
WAT,Waters Corporation,Health Care,Life Sciences Tools & Services,289.43,423.56,275.05,292.16,297.73,298.48,294.71,319.62,322.63,345.85
WEC,WEC Energy Group,Utilities,Electric Utilities,114.22,114.36,89.63,112.42,110.95,109.66,108.79,106.65,106.49,103.5
WFC,Wells Fargo,Financials,Diversified Banks,84.65,86.66,52.16,84.49,83.96,82.35,80.78,78.62,76.22,75.08
WELL,Welltower,Real Estate,Health Care REITs,176.2,177.23,120.11,173.26,169.66,169.0,166.39,158.8,156.2,149.26
WST,West Pharmaceutical Services,Health Care,Health Care Supplies,260.32,351.24,187.09,257.41,256.41,254.51,247.96,232.82,228.22,249.75
WDC,Western Digital,Information Technology,"Technology Hardware, Storage & Peripherals",116.74,118.14,28.74,110.15,107.9,100.41,85.01,71.0,64.41,58.02
WY,Weyerhaeuser,Real Estate,Timber REITs,24.86,33.04,23.71,24.51,24.49,24.91,25.35,25.63,25.63,26.87
WSM,"Williams-Sonoma, Inc.",Consumer Discretionary,Homefurnishing Retail,191.98,218.08,123.89,199.04,198.24,199.1,196.35,180.13,173.73,179.99
WMB,Williams Companies,Energy,Oil & Gas Storage & Transportation,63.97,64.48,43.05,63.11,61.32,59.44,58.28,58.44,58.18,57.07
WTW,Willis Towers Watson,Financials,Insurance Brokers,342.2,345.42,283.91,341.29,337.68,334.67,327.81,316.78,316.41,318.22
WDAY,"Workday, Inc.",Information Technology,Application Software,247.69,294.0,205.33,243.79,238.26,233.45,230.47,238.66,237.28,245.1
WYNN,Wynn Resorts,Consumer Discretionary,Casinos & Gaming,132.43,134.07,64.93,128.13,126.89,124.94,116.84,105.76,99.95,94.6
XEL,Xcel Energy,Utilities,Multi-Utilities,80.05,80.07,60.12,77.51,74.83,73.4,72.72,70.37,70.06,68.67
XYL,Xylem Inc.,Industrials,Industrial Machinery & Supplies & Components,143.95,144.93,99.87,142.6,142.33,141.31,140.2,133.68,129.49,126.7
YUM,Yum! Brands,Consumer Discretionary,Restaurants,153.94,161.72,120.38,151.19,149.24,147.9,146.2,145.67,145.77,143.78
ZBRA,Zebra Technologies,Information Technology,Electronic Equipment & Instruments,296.92,427.76,205.73,304.24,311.38,311.67,318.9,309.76,295.85,317.03
ZBH,Zimmer Biomet,Health Care,Health Care Equipment,98.28,114.14,88.99,98.55,99.38,101.68,100.43,96.85,97.79,101.02
ZTS,Zoetis,Health Care,Pharmaceuticals,143.06,195.14,138.77,142.39,144.4,147.59,150.09,155.17,154.5,158.66
