Symbol,Company,GICS_Sector,GICS_Sub_Industry,Current_Price,High_52_Week,Low_52_Week,SMA5,SMA10,SMA20,SMA50,SMA200,Score,Target_Pcnt,Target_Price,Stop_Loss
MMM,3M,Industrials,Industrial Conglomerates,165.98,173.09,123.2,166.36,168.98,168.46,163.31,151.33,-0.2,4.74,173.85,163.07
AOS,A. O. Smith,Industrials,Building Products,68.11,73.9,58.72,67.38,66.85,65.69,67.28,67.44,-0.2,0.88,68.71,62.68
ABT,Abbott Laboratories,Health Care,Health Care Equipment,122.58,138.33,109.61,123.28,125.35,126.78,127.82,129.84,-0.2,7.81,132.15,121.41
ABBV,AbbVie,Health Care,Biotechnology,225.6,242.63,165.03,225.3,226.16,229.36,227.7,202.71,0.2,5.08,237.06,221.68
ACN,Accenture,Information Technology,IT Consulting & Other Services,273.17,394.31,232.56,269.03,263.43,254.07,249.28,278.43,0.1,1.42,277.05,231.11
ADBE,Adobe Inc.,Information Technology,Application Software,346.29,549.93,312.4,340.94,331.48,327.95,336.48,368.1,0.0,0.4,347.68,308.25
AMD,Advanced Micro Devices,Information Technology,Semiconductors,222.21,264.33,78.21,219.78,218.33,223.11,228.17,154.81,0.0,13.34,251.85,194.37
AES,AES Corporation,Utilities,Independent Power Producers & Energy Traders,13.89,15.18,9.38,13.91,13.92,13.86,14.07,12.2,0.0,1.66,14.12,13.59
AFL,Aflac,Financials,Life & Health Insurance,107.62,114.41,97.05,108.44,109.05,110.42,109.74,105.68,0.2,6.13,114.22,106.63
A,Agilent Technologies,Health Care,Life Sciences Tools & Services,143.7,157.2,98.88,144.12,147.66,148.09,145.21,123.72,0.0,9.12,156.81,139.37
APD,Air Products,Materials,Industrial Gases,236.1,331.69,230.76,245.04,252.32,254.48,255.84,275.08,-0.4,15.53,272.77,236.19
ABNB,Airbnb,Consumer Discretionary,"Hotels, Resorts & Cruise Lines",128.64,161.42,105.69,124.24,121.23,119.17,121.83,126.77,0.2,-0.94,127.43,110.92
AKAM,Akamai Technologies,Information Technology,Internet Services & Infrastructure,86.43,102.1,68.21,85.5,86.9,87.61,80.67,78.7,-0.2,5.28,90.99,84.23
ALB,Albemarle Corporation,Materials,Specialty Chemicals,133.73,133.73,50.16,126.91,127.44,122.68,105.89,78.12,0.0,1.14,135.25,110.11
ARE,Alexandria Real Estate Equities,Real Estate,Office REITs,46.39,100.39,44.97,45.74,49.13,50.22,61.88,74.27,0.0,21.23,56.24,44.2
ALGN,Align Technology,Health Care,Health Care Supplies,165.0,239.52,124.88,159.15,154.28,146.31,138.66,159.93,-0.1,0.39,165.64,126.97
ALLE,Allegion,Industrials,Building Products,160.43,179.47,118.08,159.34,162.18,162.42,168.28,152.44,-0.2,4.83,168.18,156.66
LNT,Alliant Energy,Utilities,Electric Utilities,64.78,69.47,54.87,65.13,66.48,67.19,67.27,63.31,-0.2,8.04,69.99,64.38
ALL,Allstate,Financials,Property & Casualty Insurance,201.67,213.64,177.51,202.45,206.46,208.48,202.94,199.81,-0.2,7.28,216.35,200.6
GOOGL,Alphabet Inc. (Class A),Communication Services,Interactive Media & Services,320.41,323.23,144.3,317.94,317.91,305.61,278.87,207.14,0.0,5.62,338.42,272.79
GOOG,Alphabet Inc. (Class C),Communication Services,Interactive Media & Services,320.95,323.43,146.18,318.64,318.43,306.06,279.46,208.24,0.0,5.56,338.79,273.34
MO,Altria,Consumer Staples,Tobacco,58.78,66.65,48.28,58.28,58.55,58.36,60.92,59.49,-0.2,0.77,59.23,57.49
AMZN,Amazon,Consumer Discretionary,Broadline Retail,232.33,254.0,167.32,229.16,230.88,229.86,228.9,215.02,0.0,4.16,241.99,217.73
AMCR,Amcor,Materials,Paper & Plastic Packaging Products & Materials,8.2,10.15,7.82,8.24,8.37,8.42,8.23,8.93,-0.1,5.73,8.67,8.17
AEE,Ameren,Utilities,Multi-Utilities,97.89,105.59,84.39,98.82,100.88,102.39,102.8,98.37,-0.2,9.58,107.27,97.5
AEP,American Electric Power,Utilities,Electric Utilities,114.46,123.77,87.28,116.37,118.61,120.29,118.44,108.17,-0.2,9.84,125.72,114.87
AXP,American Express,Financials,Consumer Finance,377.15,377.15,230.22,368.97,366.32,359.99,351.88,308.92,0.0,0.94,380.7,339.26
AIG,American International Group,Financials,Multi-line Insurance,78.3,86.75,68.89,77.07,76.82,76.67,78.35,80.36,0.0,0.32,78.55,74.78
AMT,American Tower,Real Estate,Telecom Tower REITs,181.54,230.32,169.21,180.4,179.28,180.07,183.48,202.47,0.0,1.58,184.41,175.73
AWK,American Water Works,Utilities,Water Utilities,128.88,149.23,118.11,128.78,129.66,130.05,133.63,138.66,0.2,3.26,133.08,127.03
AMP,Ameriprise Financial,Financials,Asset Management & Custody Banks,499.15,567.86,418.0,481.05,469.63,460.29,468.25,491.6,0.0,-1.81,490.12,430.44
AME,Ametek,Industrials,Electrical Components & Equipment,201.36,201.8,150.67,199.06,198.01,195.57,191.43,181.07,0.2,0.4,202.17,188.99
AMGN,Amgen,Health Care,Biotechnology,316.78,345.46,250.44,324.38,333.32,335.13,312.84,292.74,-0.4,11.23,352.35,317.9
APH,Amphenol,Information Technology,Electronic Components,138.95,143.85,58.9,139.28,139.54,137.27,133.72,101.55,-0.2,3.64,144.01,130.53
ADI,Analog Devices,Information Technology,Semiconductors,281.57,281.57,162.63,278.7,272.98,253.83,243.38,226.63,0.0,4.73,294.89,212.76
AON,Aon plc,Financials,Insurance Brokers,338.27,407.61,326.07,344.15,346.86,347.53,347.83,362.23,-0.2,4.91,354.88,340.18
APA,APA Corporation,Energy,Oil & Gas Exploration & Production,26.43,27.1,13.47,26.55,26.01,25.13,24.0,20.2,0.2,3.41,27.33,22.94
APO,Apollo Global Management,Financials,Asset Management & Custody Banks,149.34,176.13,107.48,141.1,136.56,132.51,128.41,134.46,0.1,-3.16,144.62,120.41
AAPL,Apple Inc.,Information Technology,"Technology Hardware, Storage & Peripherals",279.06,286.19,171.83,278.72,280.35,275.82,266.85,228.22,0.0,2.83,286.96,264.67
AMAT,Applied Materials,Information Technology,Semiconductor Materials & Equipment,275.65,275.65,125.98,269.68,263.93,246.16,233.97,183.36,0.0,3.22,284.53,207.8
APP,AppLovin,Information Technology,Application Software,702.67,724.62,219.37,698.55,661.74,603.42,610.85,436.48,0.0,5.07,738.3,468.54
APTV,Aptiv,Consumer Discretionary,Automotive Parts & Equipment,78.28,87.98,47.92,76.9,77.14,76.74,81.09,71.24,-0.2,4.73,81.98,71.49
ACGL,Arch Capital Group,Financials,Property & Casualty Insurance,92.74,96.94,84.72,91.94,92.66,92.42,90.28,90.99,-0.3,1.5,94.13,90.7
ADM,Archer Daniels Midland,Consumer Staples,Agricultural Products & Services,58.29,63.67,40.67,58.53,59.46,59.01,59.77,53.7,0.0,4.87,61.13,56.89
ANET,Arista Networks,Information Technology,Communications Equipment,133.04,162.03,64.37,129.87,129.08,127.36,139.99,113.12,0.0,2.04,135.75,118.95
AJG,Arthur J. Gallagher & Co.,Financials,Insurance Brokers,240.03,346.41,237.85,240.45,243.08,247.95,266.38,303.88,0.0,8.52,260.48,235.41
AIZ,Assurant,Financials,Multi-line Insurance,223.94,227.71,177.67,223.05,223.93,224.76,218.67,204.17,0.2,2.07,228.58,220.94
T,AT&T,Communication Services,Integrated Telecommunication Services,24.31,29.3,20.9,24.87,25.28,25.45,25.51,26.85,-0.2,8.31,26.33,24.58
ATO,Atmos Energy,Utilities,Gas Utilities,167.08,178.17,133.41,168.53,170.77,172.66,173.43,159.74,-0.2,7.06,178.88,166.45
ADSK,Autodesk,Information Technology,Application Software,301.41,326.79,238.84,303.23,304.35,298.96,303.84,293.18,0.0,3.54,312.08,285.83
ADP,Automatic Data Processing,Industrials,Human Resource & Employment Services,259.64,323.5,249.06,259.52,258.05,255.12,267.69,293.0,-0.2,1.12,262.55,247.68
AZO,AutoZone,Consumer Discretionary,Automotive Retail,3419.4,4354.54,3185.71,3669.26,3786.52,3818.45,3875.19,3827.2,-0.2,19.43,4083.79,3552.98
AVB,AvalonBay Communities,Real Estate,Multi-Family Residential REITs,177.19,222.25,173.92,177.52,179.37,178.91,181.69,194.7,-0.2,3.21,182.88,174.94
AVY,Avery Dennison,Materials,Paper & Plastic Packaging Products & Materials,177.78,199.77,156.63,176.06,174.15,171.9,169.5,171.8,-0.1,0.79,179.18,164.62
AXON,Axon Enterprise,Industrials,Aerospace & Defense,575.11,870.97,496.65,555.29,546.43,542.43,633.47,677.29,0.0,-0.59,571.72,513.17
BKR,Baker Hughes,Energy,Oil & Gas Equipment & Services,47.87,50.61,34.43,48.55,49.26,48.83,47.81,42.65,0.0,6.31,50.89,46.77
BALL,Ball Corporation,Materials,"Metal, Glass & Plastic Containers",48.26,59.23,44.42,48.14,48.57,48.22,48.26,51.43,0.0,3.75,50.07,46.36
BAC,Bank of America,Financials,Diversified Banks,54.26,54.26,33.82,53.91,53.53,52.72,51.94,46.27,0.0,1.09,54.85,50.58
BAX,Baxter International,Health Care,Health Care Equipment,18.31,36.1,17.41,18.33,18.61,18.4,20.24,26.52,0.0,5.19,19.26,17.54
BDX,Becton Dickinson,Health Care,Health Care Equipment,199.06,243.81,162.39,192.6,192.16,191.63,187.58,188.53,0.1,-1.42,196.23,187.03
BRK-B,Berkshire Hathaway,Financials,Multi-Sector Holdings,492.17,539.8,442.66,497.68,503.22,504.36,496.65,498.2,-0.3,4.85,516.04,492.69
BBY,Best Buy,Consumer Discretionary,Computer & Electronics Retail,73.94,87.59,54.69,73.58,75.47,75.66,77.82,71.59,0.0,8.33,80.1,71.22
TECH,Bio-Techne,Health Care,Life Sciences Tools & Services,60.99,78.3,46.53,61.06,62.5,61.52,61.3,55.25,0.0,8.69,66.29,56.75
BIIB,Biogen,Health Care,Biotechnology,177.85,182.09,113.38,179.48,180.02,174.88,160.27,139.0,-0.2,5.99,188.5,161.25
BLK,BlackRock,Financials,Asset Management & Custody Banks,1086.97,1196.76,803.7,1072.57,1058.32,1043.44,1092.01,1029.11,0.0,1.26,1100.67,986.22
BX,Blackstone Inc.,Financials,Asset Management & Custody Banks,156.91,187.02,117.47,153.57,150.38,145.43,150.83,151.13,0.0,0.25,157.3,133.57
XYZ,"Block, Inc.",Financials,Transaction & Payment Processing Services,63.14,98.19,46.53,61.81,62.65,62.15,70.1,66.65,-0.2,5.26,66.46,57.83
BK,BNY Mellon,Financials,Asset Management & Custody Banks,118.8,118.8,72.12,115.43,113.76,111.18,108.82,95.61,0.2,-0.82,117.83,104.54
BA,Boeing,Industrials,Aerospace & Defense,199.6,237.38,136.59,202.0,198.03,192.63,203.92,201.79,0.2,5.23,210.04,175.24
BKNG,Booking Holdings,Consumer Discretionary,"Hotels, Resorts & Cruise Lines",5360.08,5794.84,4141.9,5189.57,5080.09,4970.88,5067.84,5183.99,-0.2,0.04,5362.22,4579.31
BSX,Boston Scientific,Health Care,Health Care Equipment,92.55,108.14,88.03,94.83,97.53,98.9,98.94,101.28,-0.2,14.23,105.72,92.08
BMY,Bristol Myers Squibb,Health Care,Pharmaceuticals,51.57,60.79,42.6,51.6,50.48,48.89,46.48,48.1,0.1,2.68,52.95,44.83
AVGO,Broadcom,Information Technology,Semiconductors,412.88,412.88,145.7,398.31,394.03,373.28,360.1,277.65,0.0,2.39,422.75,323.79
BR,Broadridge Financial Solutions,Industrials,Data Processing & Outsourced Services,227.34,265.85,215.58,228.62,228.34,227.24,228.18,237.68,0.0,1.76,231.34,223.13
BRO,Brown & Brown,Financials,Insurance Brokers,77.38,123.81,76.42,78.29,79.3,79.66,84.12,101.08,-0.2,5.58,81.7,77.62
BF-B,Brown–Forman,Consumer Staples,Distillers & Vintners,30.33,43.88,25.25,30.0,29.62,28.68,27.91,29.92,0.1,1.68,30.84,26.52
BLDR,Builders FirstSource,Industrials,Building Products,109.95,176.89,94.85,108.69,110.71,106.03,114.59,122.57,0.0,7.1,117.76,94.3
BG,Bunge Global,Consumer Staples,Agricultural Products & Services,91.12,97.09,66.74,92.5,94.28,94.53,92.14,80.96,0.2,7.51,97.96,91.1
BXP,"BXP, Inc.",Real Estate,Office REITs,70.51,78.83,55.53,69.57,70.78,70.52,71.49,68.28,0.0,3.7,73.12,67.91
CHRW,C.H. Robinson,Industrials,Air Freight & Logistics,158.73,159.68,85.64,155.86,157.4,154.66,143.16,113.47,0.0,1.9,161.75,147.58
CDNS,Cadence Design Systems,Information Technology,Application Software,339.02,373.37,231.64,337.24,326.81,317.33,328.56,312.49,0.0,1.71,344.82,289.85
CPT,Camden Property Trust,Real Estate,Multi-Family Residential REITs,103.69,122.09,97.58,103.29,104.64,103.99,103.0,109.83,-0.1,3.44,107.26,100.71
CPB,Campbell's Company (The),Consumer Staples,Packaged Foods & Meats,28.25,41.67,28.25,29.14,29.68,30.32,30.55,33.06,-0.2,13.52,32.07,28.58
COF,Capital One,Financials,Consumer Finance,238.09,238.09,149.12,231.98,226.8,217.62,216.24,202.31,0.0,0.84,240.09,195.15
CAH,Cardinal Health,Health Care,Health Care Distributors,198.47,213.73,114.18,198.67,203.16,205.52,184.02,156.44,0.2,8.63,215.6,195.44
CCL,Carnival,Consumer Discretionary,"Hotels, Resorts & Cruise Lines",26.43,32.49,16.43,25.93,25.87,25.88,27.34,25.66,-0.2,1.59,26.85,24.9
CARR,Carrier Global,Industrials,Building Products,53.84,80.42,50.36,53.7,54.04,53.53,56.16,64.36,-0.2,4.53,56.28,50.77
CAT,Caterpillar Inc.,Industrials,Construction Machinery & Heavy Transportation Equipment,616.37,616.37,270.85,601.91,590.11,572.82,547.73,415.79,0.2,-0.31,614.46,531.22
CBOE,Cboe Global Markets,Financials,Financial Exchanges & Data,249.26,260.88,189.73,252.64,254.3,255.66,247.82,233.44,-0.2,4.87,261.4,249.91
CBRE,CBRE Group,Real Estate,Real Estate Services,157.16,165.9,113.94,158.18,159.59,156.9,155.91,143.54,0.0,5.13,165.22,148.58
CDW,CDW Corporation,Information Technology,Technology Distributors,150.04,203.07,136.03,146.78,145.34,143.43,148.58,163.36,0.0,0.01,150.06,136.8
COR,Cencora,Health Care,Health Care Distributors,340.35,374.75,222.96,338.55,347.63,356.4,340.25,299.09,0.0,12.34,382.35,330.46
CNC,Centene Corporation,Health Care,Managed Health Care,38.4,65.89,25.21,38.31,38.59,37.68,36.69,44.1,-0.3,5.03,40.33,35.04
CNP,CenterPoint Energy,Utilities,Multi-Utilities,37.47,40.0,30.14,38.1,38.63,39.09,39.07,37.2,-0.2,8.27,40.57,37.62
CF,CF Industries,Materials,Fertilizers & Agricultural Chemicals,76.38,101.28,67.27,77.69,78.36,79.45,83.02,84.17,-0.2,10.3,84.25,74.65
CRL,Charles River Laboratories,Health Care,Life Sciences Tools & Services,193.62,201.75,99.75,187.02,182.77,175.07,176.46,156.27,-0.2,0.04,193.7,156.43
SCHW,Charles Schwab Corporation,Financials,Investment Banking & Brokerage,96.29,98.41,68.45,94.72,93.69,93.14,93.56,88.6,-0.2,0.71,96.97,89.32
CHTR,Charter Communications,Communication Services,Cable & Satellite,214.88,427.25,194.22,205.95,202.43,201.98,229.68,316.62,0.4,-1.3,212.09,191.87
CVX,Chevron Corporation,Energy,Integrated Oil & Gas,151.45,162.83,129.22,150.18,150.59,151.21,151.82,147.62,-0.2,2.36,155.02,147.41
CMG,Chipotle Mexican Grill,Consumer Discretionary,Restaurants,34.08,66.16,29.81,33.9,34.04,32.68,35.95,45.25,0.2,4.61,35.65,29.7
CB,Chubb Limited,Financials,Property & Casualty Insurance,300.96,301.45,256.04,297.81,296.66,296.37,287.08,283.5,0.0,-0.2,300.36,292.39
CHD,Church & Dwight,Consumer Staples,Household Products,83.28,112.09,81.52,83.2,83.77,83.71,85.38,94.5,0.0,2.74,85.56,81.87
CI,Cigna,Health Care,Health Care Services,262.7,334.83,243.04,264.56,268.88,269.9,280.45,299.86,0.0,5.96,278.36,261.43
CINF,Cincinnati Financial,Financials,Property & Casualty Insurance,163.47,168.48,125.14,162.31,164.03,164.37,160.88,149.5,0.0,3.44,169.09,159.64
CTAS,Cintas,Industrials,Diversified Support Services,185.77,226.65,180.61,184.54,184.76,184.63,187.78,205.21,0.0,0.9,187.44,181.83
CSCO,Cisco,Information Technology,Communications Equipment,80.76,80.76,52.55,78.97,77.85,77.28,73.19,66.08,0.2,-0.66,80.23,74.32
C,Citigroup,Financials,Diversified Banks,111.7,111.7,56.95,109.34,106.54,103.14,100.3,85.74,0.2,-0.14,111.54,94.73
CFG,Citizens Financial Group,Financials,Regional Banks,58.7,58.7,33.29,56.35,55.47,53.6,52.09,45.6,0.2,-0.99,58.12,49.09
CLX,Clorox,Consumer Staples,Household Products,102.89,161.59,98.43,103.05,104.84,103.87,110.58,124.45,0.0,6.09,109.16,98.57
CME,CME Group,Financials,Financial Exchanges & Data,267.05,288.01,222.62,270.33,274.48,276.24,271.25,268.97,0.2,6.96,285.64,266.85
CMS,CMS Energy,Utilities,Multi-Utilities,70.26,75.44,63.06,70.8,72.27,73.19,73.19,71.3,0.0,8.78,76.43,69.96
KO,Coca-Cola Company (The),Consumer Staples,Soft Drinks & Non-alcoholic Beverages,70.11,72.61,59.07,70.18,70.93,71.02,69.18,68.88,-0.2,3.75,72.74,69.3
CTSH,Cognizant,Information Technology,IT Consulting & Other Services,83.11,89.26,65.18,81.14,79.48,76.44,71.92,74.0,-0.1,0.51,83.53,69.35
COIN,Coinbase,Financials,Financial Exchanges & Data,278.14,419.78,151.47,274.7,271.13,267.71,312.95,282.76,-0.2,6.92,297.39,238.02
CL,Colgate-Palmolive,Consumer Staples,Household Products,77.64,95.74,74.98,77.28,78.38,78.73,78.09,85.34,0.1,4.35,81.02,76.44
CMCSA,Comcast,Communication Services,Cable & Satellite,27.66,38.78,26.46,27.12,26.99,27.09,28.31,32.42,0.2,1.19,27.99,26.19
CAG,Conagra Brands,Consumer Staples,Packaged Foods & Meats,17.44,26.38,16.7,17.14,17.34,17.4,17.68,20.31,-0.2,2.75,17.92,16.87
COP,ConocoPhillips,Energy,Oil & Gas Exploration & Production,97.24,103.38,80.54,94.07,91.75,90.01,89.11,90.86,0.1,-1.77,95.52,84.51
ED,Consolidated Edison,Utilities,Multi-Utilities,95.76,110.5,85.06,95.97,97.15,98.81,98.77,100.86,0.1,7.82,103.25,94.37
STZ,Constellation Brands,Consumer Staples,Distillers & Vintners,148.06,238.26,127.65,142.76,139.89,135.36,135.71,160.32,0.0,-1.36,146.05,124.69
CEG,Constellation Energy,Utilities,Electric Utilities,362.79,403.49,170.33,361.61,361.55,353.38,364.45,302.45,-0.2,2.99,373.64,333.14
COO,Cooper Companies (The),Health Care,Health Care Supplies,80.62,99.45,64.32,79.12,78.07,75.68,72.75,74.72,0.1,1.61,81.92,69.44
CPRT,Copart,Industrials,Diversified Support Services,39.21,63.84,38.41,38.72,38.83,39.8,42.12,49.47,0.0,7.55,42.17,37.43
GLW,Corning Inc.,Information Technology,Electronic Components,95.03,95.03,38.56,89.17,86.38,84.13,85.25,62.05,-0.2,-3.11,92.07,76.18
CPAY,Corpay,Financials,Transaction & Payment Processing Services,313.64,389.55,255.0,305.13,300.59,291.17,284.81,316.18,0.1,0.1,313.95,268.39
CTVA,Corteva,Materials,Fertilizers & Agricultural Chemicals,65.31,76.73,55.1,65.7,65.97,65.57,63.93,66.89,-0.1,3.03,67.29,63.85
CSGP,CoStar Group,Real Estate,Real Estate Services,68.29,96.83,65.52,67.75,68.06,67.78,72.12,79.83,-0.2,2.15,69.76,65.79
COST,Costco,Consumer Staples,Consumer Staples Merchandise Retail,873.35,1072.45,873.35,887.97,901.8,902.55,917.08,956.74,-0.2,6.66,931.52,873.62
CTRA,Coterra,Energy,Oil & Gas Exploration & Production,27.1,28.82,22.01,27.05,26.9,26.41,24.87,24.74,0.0,1.7,27.56,25.26
CRWD,CrowdStrike,Information Technology,Systems Software,518.5,557.53,308.86,515.36,513.24,516.04,516.43,452.52,0.0,4.42,541.42,490.68
CCI,Crown Castle,Real Estate,Telecom Tower REITs,91.22,112.64,81.15,90.03,89.71,90.21,92.97,97.66,-0.2,1.76,92.83,87.6
CSX,CSX Corporation,Industrials,Rail Transportation,37.21,37.21,26.38,36.48,35.87,35.09,35.42,32.55,0.0,-0.32,37.09,33.09
CMI,Cummins,Industrials,Construction Machinery & Heavy Transportation Equipment,525.79,525.79,263.13,511.01,505.56,488.18,453.29,369.44,0.0,0.53,528.58,447.78
CVS,CVS Health,Health Care,Health Care Services,78.96,82.45,41.98,77.22,77.81,77.94,78.58,68.96,-0.2,2.41,80.86,75.01
DHR,Danaher Corporation,Health Care,Life Sciences Tools & Services,229.68,249.37,174.06,226.15,226.52,225.13,217.47,202.82,0.0,0.77,231.45,218.81
DRI,Darden Restaurants,Consumer Discretionary,Restaurants,180.02,222.41,155.17,178.21,177.65,175.54,180.68,196.74,0.0,1.17,182.13,168.95
DDOG,Datadog,Information Technology,Application Software,151.18,199.72,87.0,152.49,155.11,164.03,162.99,131.97,0.0,25.26,189.37,138.68
DVA,DaVita,Health Care,Health Care Services,118.26,177.35,115.2,117.33,118.31,118.84,123.04,136.28,0.2,4.37,123.43,114.25
DAY,Dayforce,Industrials,Human Resource & Employment Services,69.17,79.23,49.33,69.07,69.08,69.01,68.73,61.73,0.0,0.04,69.2,68.82
DECK,Deckers Brands,Consumer Discretionary,Footwear,101.06,223.11,79.54,99.8,95.3,89.3,91.34,106.96,0.0,2.36,103.45,75.16
DE,Deere & Company,Industrials,Agricultural & Farm Machinery,468.33,527.96,404.45,471.13,470.91,475.65,467.92,481.62,0.1,5.22,492.78,458.54
DELL,Dell Technologies,Information Technology,"Technology Hardware, Storage & Peripherals",140.62,164.88,70.63,139.43,136.54,131.57,144.09,120.24,0.0,4.02,146.27,116.87
DAL,Delta Air Lines,Industrials,Passenger Airlines,69.58,69.58,35.54,67.71,66.37,62.48,60.2,53.33,0.0,2.26,71.15,53.81
DVN,Devon Energy,Energy,Oil & Gas Exploration & Production,38.44,38.44,26.43,37.72,37.49,36.49,34.5,33.39,0.0,0.6,38.67,34.31
DXCM,Dexcom,Health Care,Health Care Equipment,68.07,90.75,54.84,66.15,64.96,62.4,64.04,74.71,-0.2,0.24,68.23,56.56
FANG,Diamondback Energy,Energy,Oil & Gas Exploration & Production,160.03,175.21,116.78,158.77,156.63,151.85,146.1,141.68,0.2,1.64,162.65,141.05
DLR,Digital Realty,Real Estate,Data Center REITs,160.59,182.8,134.22,162.58,160.45,159.62,167.28,164.04,0.0,2.43,164.49,154.74
DG,Dollar General,Consumer Staples,Consumer Staples Merchandise Retail,125.18,132.37,67.25,126.53,118.02,110.35,104.81,100.89,0.2,4.02,130.21,90.49
DLTR,Dollar Tree,Consumer Staples,Consumer Staples Merchandise Retail,124.3,124.3,61.92,120.52,115.5,109.03,101.87,94.7,0.0,0.17,124.51,93.55
D,Dominion Energy,Utilities,Multi-Utilities,58.05,62.07,47.97,58.52,59.57,60.01,59.95,56.49,0.2,7.15,62.2,57.82
DPZ,Domino's,Consumer Discretionary,Restaurants,419.63,493.69,397.21,419.78,421.43,413.47,413.48,447.55,-0.2,3.07,432.51,394.43
DASH,DoorDash,Consumer Discretionary,Specialized Consumer Services,222.22,281.74,163.16,224.77,216.32,207.39,236.03,224.2,0.2,5.46,234.35,180.44
DOV,Dover Corporation,Industrials,Industrial Machinery & Supplies & Components,195.46,204.14,149.86,191.71,189.21,185.3,177.18,176.9,0.2,-0.29,194.89,175.7
DOW,Dow Inc.,Materials,Commodity Chemicals,24.57,39.76,20.27,23.27,23.52,22.7,22.61,26.21,-0.1,0.81,24.77,20.62
DHI,D. R. Horton,Consumer Discretionary,Homebuilding,154.95,183.47,114.08,155.22,157.27,150.12,152.73,141.56,0.0,7.93,167.24,133.01
DTE,DTE Energy,Utilities,Multi-Utilities,130.43,143.32,114.72,130.81,132.59,134.72,137.68,134.82,-0.2,7.74,140.53,128.91
DUK,Duke Energy,Utilities,Electric Utilities,114.15,127.92,102.07,115.82,118.55,120.71,122.96,118.66,-0.2,11.37,127.13,114.29
DD,DuPont,Materials,Specialty Chemicals,41.09,41.09,22.69,40.52,40.07,39.4,36.41,31.35,0.0,1.19,41.58,37.22
ETN,Eaton Corporation,Industrials,Electrical Components & Equipment,353.51,391.62,244.95,343.05,341.12,342.04,362.72,336.28,-0.2,2.11,360.97,323.09
EBAY,eBay Inc.,Consumer Discretionary,Broadline Retail,82.93,100.1,58.89,83.05,82.79,82.55,86.86,79.5,0.0,3.41,85.76,79.33
ECL,Ecolab,Materials,Specialty Chemicals,256.83,284.78,224.56,258.28,264.96,263.75,267.09,262.78,-0.2,7.97,277.3,250.18
EIX,Edison International,Utilities,Electric Utilities,57.62,78.42,46.84,57.18,57.65,58.05,56.7,54.1,0.0,3.66,59.73,56.38
EW,Edwards Lifesciences,Health Care,Health Care Equipment,83.94,86.82,67.07,84.7,85.09,85.22,81.13,76.89,0.2,4.04,87.33,83.12
EA,Electronic Arts,Communication Services,Interactive Home Entertainment,203.65,203.92,115.97,203.67,203.06,202.09,201.04,165.48,0.0,0.36,204.38,199.8
ELV,Elevance Health,Health Care,Managed Health Care,339.1,445.96,271.77,332.41,332.16,328.0,333.1,354.01,-0.2,0.64,341.27,314.73
EME,Emcor,Industrials,Construction & Engineering,629.73,777.0,341.52,628.33,619.36,614.04,655.14,541.16,-0.2,2.24,643.84,584.26
EMR,Emerson Electric,Industrials,Electrical Components & Equipment,137.25,148.4,92.96,136.49,134.59,131.33,131.65,124.97,-0.2,1.38,139.14,123.51
ETR,Entergy,Utilities,Electric Utilities,93.29,97.52,71.18,93.62,94.4,94.56,95.08,86.74,0.0,3.91,96.94,92.17
EOG,EOG Resources,Energy,Oil & Gas Exploration & Production,111.51,133.44,101.83,111.17,110.02,108.99,107.95,114.11,0.1,1.38,113.05,104.93
EPAM,EPAM Systems,Information Technology,IT Consulting & Other Services,212.53,267.63,142.2,205.85,198.43,189.5,169.77,169.29,0.2,-0.49,211.49,167.51
EQT,EQT Corporation,Energy,Oil & Gas Exploration & Production,57.35,61.17,42.04,59.06,59.54,59.04,56.63,53.62,0.0,7.97,61.92,56.16
EFX,Equifax,Industrials,Research & Consulting Services,215.12,278.79,203.71,211.44,210.96,209.44,218.36,242.11,0.2,0.32,215.81,203.07
EQIX,Equinix,Real Estate,Data Center REITs,740.71,953.43,726.09,737.8,738.61,754.25,787.74,804.96,0.0,7.39,795.45,713.05
EQR,Equity Residential,Real Estate,Multi-Family Residential REITs,60.94,72.76,58.7,60.85,61.3,60.49,61.15,65.19,0.0,2.71,62.59,58.4
ERIE,Erie Indemnity,Financials,Insurance Brokers,275.85,445.35,275.85,286.06,290.59,290.1,301.98,349.88,-0.4,10.04,303.55,276.65
ESS,Essex Property Trust,Real Estate,Multi-Family Residential REITs,256.57,305.43,247.18,254.79,258.04,257.12,258.43,271.06,0.0,3.02,264.32,249.92
EL,Estée Lauder Companies (The),Consumer Staples,Personal Care Products,107.22,107.22,49.43,104.32,100.54,94.7,94.22,79.74,0.0,1.25,108.56,80.84
EG,Everest Group,Financials,Reinsurance,317.17,368.76,304.91,311.96,312.45,314.84,329.4,339.46,-0.2,3.0,326.69,302.99
EVRG,Evergy,Utilities,Electric Utilities,73.59,78.01,57.62,73.5,74.66,75.32,76.11,69.66,-0.2,5.99,78.0,72.65
ES,Eversource Energy,Utilities,Electric Utilities,67.71,74.88,52.98,67.21,66.87,68.15,71.01,64.44,-0.2,10.77,75.0,61.29
EXC,Exelon,Utilities,Electric Utilities,43.42,47.82,34.95,43.65,44.71,45.31,45.96,44.01,-0.2,9.47,47.53,43.08
EXE,Expand Energy,Energy,Oil & Gas Exploration & Production,116.81,122.89,91.44,119.66,120.12,118.44,110.78,105.37,0.2,5.64,123.4,113.48
EXPE,Expedia Group,Consumer Discretionary,"Hotels, Resorts & Cruise Lines",273.05,273.19,135.82,264.11,261.89,256.8,236.22,194.23,0.2,1.88,278.18,235.44
EXPD,Expeditors International,Industrials,Air Freight & Logistics,150.51,151.47,101.6,149.65,148.2,144.34,131.23,119.06,0.0,1.97,153.48,135.21
EXR,Extra Space Storage,Real Estate,Self-Storage REITs,129.85,157.5,123.86,129.15,130.89,130.98,137.77,141.65,0.0,3.55,134.46,127.51
XOM,ExxonMobil,Energy,Integrated Oil & Gas,119.6,119.6,97.25,117.5,116.8,117.04,114.64,109.29,0.2,0.13,119.76,114.32
FFIV,"F5, Inc.",Information Technology,Communications Equipment,259.61,343.17,223.99,251.45,245.24,239.07,271.57,286.48,0.4,-0.85,257.4,220.72
FDS,FactSet,Financials,Financial Exchanges & Data,290.01,485.96,252.61,286.8,282.22,277.42,277.15,378.03,-0.1,0.21,290.62,264.22
FICO,Fair Isaac,Information Technology,Application Software,1770.59,2227.11,1311.26,1770.63,1776.6,1765.54,1709.81,1711.21,-0.1,2.6,1816.63,1714.39
FAST,Fastenal,Industrials,Trading Companies & Distributors,40.94,50.13,34.82,41.07,40.79,40.4,42.11,42.48,-0.2,1.88,41.71,39.08
FRT,Federal Realty Investment Trust,Real Estate,Retail REITs,97.72,109.5,81.67,96.9,97.56,97.33,97.72,95.17,-0.4,1.37,99.06,95.6
FDX,FedEx,Industrials,Air Freight & Logistics,284.36,284.36,195.55,276.89,275.01,270.87,255.28,233.51,0.2,-0.92,281.74,260.0
FIS,Fidelity National Information Services,Financials,Transaction & Payment Processing Services,66.71,83.38,61.13,65.76,65.66,64.78,65.32,71.62,-0.2,1.11,67.45,62.11
FITB,Fifth Third Bancorp,Financials,Regional Banks,47.35,47.35,32.73,45.73,44.78,43.47,42.93,40.73,0.2,-1.25,46.76,40.17
FSLR,First Solar,Information Technology,Semiconductors,263.87,277.39,120.38,257.61,261.54,258.31,248.56,185.25,-0.2,3.17,272.23,244.38
FE,FirstEnergy,Utilities,Electric Utilities,44.56,47.72,36.81,44.82,45.65,46.08,46.06,42.05,0.0,7.59,47.94,44.22
FISV,Fiserv,Financials,Transaction & Payment Processing Services,66.39,237.79,59.77,66.13,64.58,63.26,89.41,151.46,-0.2,2.24,67.88,58.64
F,Ford Motor Company,Consumer Discretionary,Automobile Manufacturers,13.37,13.68,8.35,13.15,13.14,13.08,12.67,10.98,-0.2,1.12,13.52,12.64
FTNT,Fortinet,Information Technology,Systems Software,82.19,114.57,74.39,84.26,83.05,81.77,83.5,92.77,-0.4,4.47,85.86,77.68
FTV,Fortive,Industrials,Industrial Machinery & Supplies & Components,54.84,62.25,46.44,53.95,53.58,52.57,50.88,51.46,0.1,0.57,55.15,50.0
FOXA,Fox Corporation (Class A),Communication Services,Broadcasting,71.85,71.85,45.64,69.51,67.72,66.42,63.34,57.07,0.2,-1.92,70.47,62.36
FOX,Fox Corporation (Class B),Communication Services,Broadcasting,63.49,63.49,43.31,61.61,60.23,59.41,56.78,52.09,0.2,-1.69,62.42,56.41
BEN,Franklin Resources,Financials,Asset Management & Custody Banks,23.47,25.67,16.21,23.32,22.97,22.44,22.7,21.97,-0.2,1.62,23.85,21.03
FCX,Freeport-McMoRan,Materials,Copper,46.38,46.89,28.82,45.2,44.17,42.29,41.51,40.45,0.0,0.45,46.59,37.99
GRMN,Garmin,Consumer Discretionary,Consumer Electronics,211.0,259.77,172.21,204.04,200.38,196.28,220.91,215.65,0.4,-1.6,207.62,184.92
IT,Gartner,Information Technology,IT Consulting & Other Services,231.65,548.38,224.13,230.04,230.55,229.99,238.55,337.55,0.0,1.67,235.52,224.47
GE,GE Aerospace,Industrials,Aerospace & Defense,283.95,314.28,158.97,286.45,289.36,293.71,299.79,254.19,0.0,8.48,308.03,279.38
GEHC,GE HealthCare,Health Care,Health Care Equipment,84.57,93.35,58.67,83.73,82.23,78.39,76.38,74.55,0.2,3.49,87.52,69.26
GEV,GE Vernova,Industrials,Heavy Electrical Equipment,727.35,727.35,269.69,647.0,620.49,595.55,593.94,508.93,0.0,-7.53,672.58,518.52
GEN,Gen Digital,Information Technology,Systems Software,27.52,31.88,23.2,27.13,26.8,26.6,26.64,27.79,0.2,-0.29,27.44,25.76
GNRC,Generac,Industrials,Electrical Components & Equipment,167.13,202.85,101.92,163.37,158.1,152.95,165.81,151.21,0.2,1.3,169.3,136.61
GD,General Dynamics,Industrials,Aerospace & Defense,343.05,353.77,238.33,338.47,338.03,340.16,341.05,301.25,-0.2,1.39,347.82,332.5
GIS,General Mills,Consumer Staples,Packaged Foods & Meats,45.77,63.77,45.64,45.86,46.3,46.83,47.54,51.38,0.0,5.68,48.37,45.29
GM,General Motors,Consumer Discretionary,Automobile Manufacturers,80.75,80.75,42.15,76.96,75.17,72.55,67.16,54.92,0.2,-1.89,79.22,65.89
GPC,Genuine Parts Company,Consumer Discretionary,Distributors,131.45,141.64,103.09,129.18,128.94,127.43,129.16,125.47,0.0,-0.11,131.31,123.56
GILD,Gilead Sciences,Health Care,Biotechnology,121.28,128.07,87.29,121.13,123.23,124.46,121.16,112.24,0.2,6.46,129.11,119.82
GPN,Global Payments,Financials,Transaction & Payment Processing Services,80.32,115.79,67.06,78.86,77.99,75.77,80.39,83.09,0.0,1.37,81.42,70.11
GL,Globe Life,Financials,Life & Health Insurance,135.38,146.27,102.79,132.74,132.78,132.61,133.98,129.35,0.0,0.27,135.75,129.47
GDDY,GoDaddy,Information Technology,Internet Services & Infrastructure,128.72,214.35,124.23,128.18,128.21,127.66,130.39,158.83,0.0,2.64,132.12,123.19
GS,Goldman Sachs,Financials,Investment Banking & Brokerage,895.5,895.5,455.22,866.23,842.37,814.93,791.54,677.2,0.2,-0.81,888.25,741.65
HAL,Halliburton,Energy,Oil & Gas Equipment & Services,29.2,29.2,18.84,28.43,27.44,26.83,25.78,22.76,0.2,-0.65,29.01,24.66
HIG,Hartford (The),Financials,Property & Casualty Insurance,130.68,136.97,104.54,130.35,132.86,133.29,129.71,125.39,-0.2,5.65,138.06,128.51
HAS,Hasbro,Consumer Discretionary,Leisure Products,82.33,82.69,49.29,81.25,81.83,79.85,76.94,70.05,0.0,2.87,84.69,75.0
HCA,HCA Healthcare,Health Care,Health Care Facilities,467.26,515.85,294.93,483.05,492.84,488.42,461.52,389.57,0.0,10.55,516.56,460.28
DOC,Healthpeak Properties,Real Estate,Health Care REITs,16.78,20.42,16.25,16.84,17.42,17.51,17.93,17.74,-0.2,10.37,18.52,16.51
HSIC,Henry Schein,Health Care,Health Care Distributors,75.73,81.91,62.03,74.0,73.75,73.13,68.6,69.17,-0.1,0.55,76.15,70.12
HSY,Hershey Company (The),Consumer Staples,Packaged Foods & Meats,180.35,194.06,140.14,180.93,182.94,182.33,181.31,173.16,0.0,4.89,189.17,175.48
HPE,Hewlett Packard Enterprise,Information Technology,"Technology Hardware, Storage & Peripherals",25.26,26.25,12.35,24.02,22.96,22.23,23.36,20.0,-0.2,-1.03,25.0,19.46
HLT,Hilton Worldwide,Consumer Discretionary,"Hotels, Resorts & Cruise Lines",270.96,285.77,200.93,271.15,277.1,274.16,267.54,255.74,0.0,6.1,287.49,260.81
HOLX,Hologic,Health Care,Health Care Equipment,74.92,76.83,52.73,74.9,74.89,74.62,72.58,65.44,0.0,0.49,75.29,73.95
HD,Home Depot (The),Consumer Discretionary,Home Improvement Retail,351.6,420.7,329.16,350.51,352.28,349.71,368.48,370.24,-0.2,5.35,370.41,329.02
HON,Honeywell,Industrials,Industrial Conglomerates,191.93,224.06,169.57,191.53,191.67,192.54,194.54,200.26,0.0,3.8,199.22,185.85
HRL,Hormel Foods,Consumer Staples,Packaged Foods & Meats,23.65,32.19,21.29,23.92,23.57,23.03,23.11,27.09,0.0,2.75,24.3,21.76
HST,Host Hotels & Resorts,Real Estate,Hotel & Resort REITs,17.95,18.18,12.39,17.38,17.5,17.45,16.94,15.73,-0.2,0.67,18.07,16.83
HWM,Howmet Aerospace,Industrials,Aerospace & Defense,193.79,209.74,107.4,193.21,196.46,198.84,197.89,170.92,0.0,7.12,207.59,190.1
HPQ,HP Inc.,Information Technology,"Technology Hardware, Storage & Peripherals",25.51,35.03,21.42,25.55,25.09,24.45,26.01,26.15,-0.2,4.04,26.54,22.36
HUBB,Hubbell Incorporated,Industrials,Industrial Machinery & Supplies & Components,448.41,471.0,312.92,441.37,435.0,429.97,434.42,400.77,-0.2,0.81,452.04,407.91
HUM,Humana,Health Care,Managed Health Care,256.39,310.91,219.64,254.81,250.69,241.79,262.47,257.44,-0.2,2.51,262.83,220.76
HBAN,Huntington Bancshares,Financials,Regional Banks,17.5,17.87,12.26,17.09,16.81,16.24,16.05,15.82,0.0,0.4,17.57,14.92
HII,Huntington Ingalls Industries,Industrials,Aerospace & Defense,325.07,325.07,156.09,315.27,312.6,310.87,301.55,251.38,0.4,-1.07,321.59,300.16
IBM,IBM,Information Technology,IT Consulting & Other Services,314.32,314.98,211.92,309.98,307.18,303.47,297.34,265.53,0.2,1.2,318.09,288.85
IEX,IDEX Corporation,Industrials,Industrial Machinery & Supplies & Components,176.87,226.22,156.86,176.58,175.85,171.15,168.52,172.34,0.1,3.18,182.49,159.8
IDXX,Idexx Laboratories,Health Care,Health Care Equipment,700.78,766.68,361.04,707.61,723.45,715.49,677.56,563.02,-0.2,9.74,769.04,661.92
ITW,Illinois Tool Works,Industrials,Industrial Machinery & Supplies & Components,253.77,269.49,215.75,249.52,249.18,246.53,248.19,249.21,0.0,-0.12,253.47,239.6
INCY,Incyte,Health Care,Biotechnology,95.37,108.26,55.17,98.04,100.53,102.41,96.17,76.91,-0.2,14.53,109.23,95.58
IR,Ingersoll Rand,Industrials,Industrial Machinery & Supplies & Components,80.86,102.44,66.7,79.68,79.67,77.87,78.47,80.12,-0.2,2.18,82.62,73.11
PODD,Insulet Corporation,Health Care,Health Care Equipment,295.81,352.82,237.06,301.32,308.8,320.42,319.11,300.91,0.0,18.61,350.86,289.97
INTC,Intel,Information Technology,Semiconductors,40.87,43.76,18.13,40.72,40.82,38.07,37.99,26.42,0.2,8.49,44.34,31.8
IBKR,Interactive Brokers,Financials,Investment Banking & Brokerage,65.56,72.99,35.93,65.36,64.61,64.91,67.57,56.94,0.0,7.32,70.36,59.46
ICE,Intercontinental Exchange,Financials,Financial Exchanges & Data,161.0,187.92,141.62,158.59,157.57,155.31,155.09,169.36,0.1,-0.17,160.73,149.9
IFF,International Flavors & Fragrances,Materials,Specialty Chemicals,65.35,87.22,59.55,65.78,67.31,66.84,64.42,70.52,-0.3,7.39,70.18,63.5
IP,International Paper,Materials,Paper & Plastic Packaging Products & Materials,38.96,57.74,35.6,38.65,38.83,38.04,41.34,46.1,-0.2,3.31,40.25,35.82
INTU,Intuit,Information Technology,Application Software,665.73,805.92,541.4,662.89,649.26,650.63,658.17,675.97,0.2,1.34,674.65,626.62
ISRG,Intuitive Surgical,Health Care,Health Care Equipment,555.79,610.45,429.59,564.96,567.73,564.2,523.01,508.32,-0.2,4.91,583.08,545.35
IVZ,Invesco,Financials,Asset Management & Custody Banks,26.83,26.83,11.76,26.13,25.29,24.33,23.66,18.65,0.0,0.04,26.84,21.82
INVH,Invitation Homes,Real Estate,Single-Family Residential REITs,26.55,34.81,26.09,26.76,27.33,27.71,28.12,30.98,0.0,9.38,29.04,26.38
IQV,IQVIA,Health Care,Life Sciences Tools & Services,222.46,231.92,137.0,222.97,225.8,223.8,215.67,180.94,-0.2,4.97,233.52,214.1
IRM,Iron Mountain,Real Estate,Other Specialized REITs,86.04,110.8,75.72,84.98,84.74,86.56,96.86,93.93,-0.2,8.96,93.75,79.38
JBHT,J.B. Hunt,Industrials,Cargo Ground Transportation,198.7,198.7,123.62,190.86,185.5,174.99,164.3,147.75,0.0,0.24,199.18,150.8
JBL,Jabil,Information Technology,Electronic Manufacturing Services,231.15,234.36,116.73,224.69,217.75,209.23,209.43,189.18,0.0,-0.1,230.92,187.53
JKHY,Jack Henry & Associates,Financials,Transaction & Payment Processing Services,185.09,189.35,145.77,181.66,177.8,172.25,160.75,168.63,-0.1,0.28,185.61,158.9
J,Jacobs Solutions,Industrials,Construction & Engineering,135.02,164.04,108.92,138.66,136.96,139.96,149.69,135.78,0.0,15.71,156.23,123.69
JNJ,Johnson & Johnson,Health Care,Pharmaceuticals,205.79,207.56,137.84,202.36,204.24,201.92,193.76,168.71,0.0,2.23,210.38,193.46
JCI,Johnson Controls,Industrials,Building Products,116.09,122.66,70.88,115.05,115.23,115.73,113.58,100.75,-0.2,3.64,120.32,111.13
JPM,JPMorgan Chase,Financials,Diversified Banks,310.51,320.41,208.26,311.47,310.7,307.05,306.37,278.44,0.0,3.21,320.48,293.61
K,Kellanova,Consumer Staples,Packaged Foods & Meats,83.44,83.45,76.43,83.32,83.2,83.01,82.65,80.35,0.0,0.04,83.47,82.55
KVUE,Kenvue,Consumer Staples,Personal Care Products,17.3,23.7,13.93,17.0,17.06,16.79,15.99,20.01,0.1,1.33,17.53,16.05
KDP,Keurig Dr Pepper,Consumer Staples,Soft Drinks & Non-alcoholic Beverages,29.47,35.14,25.3,28.96,28.5,27.83,27.2,31.0,0.3,-0.2,29.41,26.26
KEY,KeyCorp,Financials,Regional Banks,20.55,20.55,12.78,19.66,19.01,18.21,17.82,16.8,0.2,-1.65,20.21,16.22
KEYS,Keysight Technologies,Information Technology,Electronic Equipment & Instruments,213.68,213.68,127.02,210.67,205.3,191.74,180.09,164.14,0.0,3.8,221.8,161.69
KMB,Kimberly-Clark,Consumer Staples,Household Products,103.39,142.87,98.85,102.95,104.73,103.83,110.31,125.33,0.0,3.92,107.44,100.22
KIM,Kimco Realty,Real Estate,Retail REITs,20.18,23.87,18.04,20.02,20.13,20.09,20.66,20.64,-0.2,1.68,20.52,19.66
KMI,Kinder Morgan,Energy,Oil & Gas Storage & Transportation,26.63,29.9,24.4,27.37,27.24,27.09,26.9,26.83,0.0,4.28,27.77,26.42
KKR,KKR & Co.,Financials,Asset Management & Custody Banks,141.79,166.13,92.38,133.13,128.01,123.04,122.06,126.22,0.1,-3.31,137.1,108.99
KLAC,KLA Corporation,Information Technology,Semiconductor Materials & Equipment,1239.39,1239.39,572.94,1222.43,1200.55,1170.05,1153.28,901.82,0.0,1.07,1252.65,1087.47
KHC,Kraft Heinz,Consumer Staples,Packaged Foods & Meats,24.35,30.79,23.35,24.4,24.81,24.7,24.7,26.4,0.1,4.52,25.45,23.95
KR,Kroger,Consumer Staples,Food Retail,62.9,73.58,56.62,63.67,65.34,65.63,66.04,67.45,-0.2,9.32,68.76,62.5
LHX,L3Harris,Industrials,Aerospace & Defense,286.96,305.49,190.99,281.0,278.39,281.52,287.81,254.07,0.0,2.47,294.05,268.99
LH,Labcorp,Health Care,Health Care Services,262.11,290.15,210.49,260.0,263.65,263.71,267.71,256.04,0.0,3.36,270.92,256.5
LRCX,Lam Research,Information Technology,Semiconductor Materials & Equipment,169.1,169.1,58.73,162.69,159.63,154.04,151.37,105.18,0.0,0.19,169.42,138.67
LW,Lamb Weston,Consumer Staples,Packaged Foods & Meats,59.03,80.24,47.44,59.25,59.4,58.23,61.25,55.16,0.0,3.56,61.13,55.32
LVS,Las Vegas Sands,Consumer Discretionary,Casinos & Gaming,66.71,69.49,30.23,66.57,67.42,66.33,59.78,48.69,0.2,4.09,69.44,63.22
LDOS,Leidos,Industrials,Diversified Support Services,188.37,199.55,125.82,187.64,188.36,188.84,190.71,164.93,-0.2,2.75,193.55,184.14
LEN,Lennar,Consumer Discretionary,Homebuilding,119.61,158.01,101.41,121.64,126.38,123.45,123.75,117.88,0.0,13.16,135.35,111.55
LII,Lennox International,Industrials,Building Products,509.39,662.88,444.26,505.93,499.87,482.22,502.25,553.89,0.0,2.7,523.14,441.27
LLY,Lilly (Eli),Health Care,Pharmaceuticals,994.06,1109.94,623.36,999.73,1031.6,1038.17,925.92,810.98,-0.2,11.17,1105.1,971.3
LIN,Linde plc,Materials,Industrial Gases,392.58,481.82,389.38,395.13,401.29,408.06,428.87,452.68,0.0,9.1,428.3,387.8
LYV,Live Nation Entertainment,Communication Services,Movies & Entertainment,139.16,174.06,115.79,139.06,135.35,133.76,144.18,144.69,-0.2,2.48,142.61,124.91
LKQ,LKQ Corporation,Consumer Discretionary,Distributors,30.27,42.58,28.17,29.13,29.29,29.53,29.89,34.79,0.0,1.88,30.84,28.23
LMT,Lockheed Martin,Industrials,Aerospace & Defense,470.21,510.37,404.69,460.61,453.6,456.39,474.93,457.96,0.0,1.09,475.34,437.44
L,Loews Corporation,Financials,Multi-line Insurance,102.82,108.26,80.73,102.82,104.87,105.1,102.45,93.42,-0.2,5.83,108.81,101.39
LOW,Lowe's,Consumer Discretionary,Home Improvement Retail,247.2,271.68,208.44,245.87,244.99,237.32,238.47,233.85,0.0,2.96,254.52,220.13
LULU,Lululemon Athletica,Consumer Discretionary,"Apparel, Accessories & Luxury Goods",186.59,421.16,159.87,185.1,183.87,176.21,173.6,232.78,-0.1,3.37,192.88,159.55
LYB,LyondellBasell,Materials,Specialty Chemicals,45.24,71.62,41.19,43.36,45.32,44.24,44.72,53.48,-0.2,7.01,48.41,40.07
MTB,M&T Bank,Financials,Regional Banks,204.25,204.25,153.05,197.7,194.28,189.3,185.88,183.06,0.2,-1.1,202.0,176.58
MPC,Marathon Petroleum,Energy,Oil & Gas Refining & Marketing,192.16,199.13,116.64,190.65,191.7,192.66,190.68,166.35,0.0,3.46,198.81,186.51
MAR,Marriott International,Consumer Discretionary,"Hotels, Resorts & Cruise Lines",287.27,306.65,209.55,289.5,297.17,293.05,278.53,262.69,-0.2,8.12,310.6,275.49
MMC,Marsh McLennan,Financials,Insurance Brokers,180.98,242.13,176.58,181.77,182.62,181.77,187.09,209.51,0.0,2.4,185.32,178.22
MLM,Martin Marietta Materials,Materials,Construction Materials,624.88,655.98,450.65,620.45,618.54,609.67,618.28,565.22,-0.2,1.21,632.44,586.93
MAS,Masco,Industrials,Building Products,63.54,80.35,57.89,62.94,63.77,62.4,64.83,66.36,0.0,4.12,66.16,58.65
MA,Mastercard,Financials,Transaction & Payment Processing Services,540.49,598.17,477.88,541.26,544.54,542.76,555.25,558.38,0.2,3.56,559.73,525.79
MTCH,Match Group,Communication Services,Interactive Media & Services,33.97,38.56,26.72,34.1,33.81,33.0,32.91,32.44,0.0,2.91,34.96,31.04
MKC,McCormick & Company,Consumer Staples,Packaged Foods & Meats,64.24,83.15,63.3,63.61,64.88,65.61,65.8,71.24,0.0,6.9,68.67,62.55
MCD,McDonald's,Consumer Discretionary,Restaurants,310.79,315.78,273.36,309.61,308.14,306.11,302.61,302.44,0.0,0.64,312.78,299.45
MCK,McKesson Corporation,Health Care,Health Care Distributors,814.56,888.45,560.41,806.06,828.54,842.5,814.43,724.72,0.0,10.31,898.54,786.43
MDT,Medtronic,Health Care,Health Care Equipment,100.94,105.35,77.44,101.04,102.29,100.86,96.95,90.07,0.2,5.72,106.71,95.01
MRK,Merck & Co.,Health Care,Pharmaceuticals,97.62,105.66,72.03,98.81,100.86,98.45,91.36,84.01,0.2,9.39,106.79,90.11
META,Meta Platforms,Communication Services,Interactive Media & Services,650.14,789.47,483.96,661.77,651.8,628.45,670.41,670.76,0.2,4.83,681.54,575.35
MET,MetLife,Financials,Life & Health Insurance,79.66,84.55,66.92,78.45,77.52,76.96,78.28,77.64,-0.2,1.02,80.47,73.45
MTD,Mettler Toledo,Health Care,Life Sciences Tools & Services,1409.57,1506.02,970.15,1400.01,1431.34,1429.71,1393.9,1243.82,0.0,6.67,1503.59,1355.83
MGM,MGM Resorts,Consumer Discretionary,Casinos & Gaming,37.33,40.37,25.79,36.0,35.64,33.93,33.06,33.7,-0.1,1.1,37.74,30.12
MCHP,Microchip Technology,Information Technology,Semiconductors,68.07,74.07,34.52,66.56,61.27,56.46,60.19,59.53,-0.2,2.29,69.63,43.29
MU,Micron Technology,Information Technology,Semiconductors,263.76,263.76,64.62,245.39,240.78,234.5,219.56,136.0,0.2,-0.42,262.65,206.36
MSFT,Microsoft,Information Technology,Systems Software,477.91,541.06,352.67,484.99,485.69,488.29,505.43,469.58,0.0,6.86,510.69,465.87
MAA,Mid-America Apartment Communities,Real Estate,Multi-Family Residential REITs,132.08,165.69,126.28,131.62,133.47,132.55,132.15,145.17,-0.3,3.43,136.61,128.49
MRNA,Moderna,Health Care,Biotechnology,28.9,47.53,22.36,27.66,26.27,25.4,26.05,27.57,0.0,-0.69,28.7,22.09
MHK,Mohawk Industries,Consumer Discretionary,Home Furnishings,111.52,139.75,97.99,109.89,112.61,110.05,116.19,114.83,-0.2,6.04,118.26,101.85
MOH,Molina Healthcare,Health Care,Managed Health Care,159.67,353.24,134.51,154.9,151.11,145.62,164.01,234.95,0.4,-0.19,159.37,131.88
TAP,Molson Coors Beverage Company,Consumer Staples,Brewers,46.76,61.12,42.77,45.77,45.92,45.76,45.43,50.51,-0.1,0.21,46.86,44.66
MDLZ,Mondelez International,Consumer Staples,Packaged Foods & Meats,53.67,70.19,53.67,54.65,55.65,56.01,58.48,63.18,-0.2,8.11,58.02,54.0
MPWR,Monolithic Power Systems,Information Technology,Semiconductors,986.98,1105.05,453.43,969.91,954.12,925.69,968.82,769.81,-0.4,1.59,1002.67,848.71
MNST,Monster Beverage,Consumer Staples,Soft Drinks & Non-alcoholic Beverages,73.78,75.95,46.16,73.66,74.3,73.26,70.42,63.23,0.2,3.2,76.14,70.38
MCO,Moody's Corporation,Financials,Financial Exchanges & Data,479.14,523.49,394.44,487.72,488.36,483.59,482.58,480.12,0.0,4.09,498.74,468.42
MS,Morgan Stanley,Financials,Investment Banking & Brokerage,180.93,180.93,97.76,177.6,173.69,168.15,163.17,139.31,0.0,0.49,181.82,154.48
MOS,Mosaic Company (The),Materials,Fertilizers & Agricultural Chemicals,23.73,37.21,22.27,23.78,24.01,24.22,27.42,30.49,0.0,7.21,25.44,23.0
MSI,Motorola Solutions,Information Technology,Communications Equipment,372.08,489.19,367.04,372.14,372.65,373.86,409.87,426.18,-0.2,3.6,385.47,362.26
MSCI,MSCI Inc.,Financials,Financial Exchanges & Data,541.05,628.02,501.79,538.86,547.32,555.24,557.57,556.88,-0.2,6.95,578.65,531.8
NDAQ,"Nasdaq, Inc.",Financials,Financial Exchanges & Data,91.89,96.38,65.81,90.53,89.84,88.43,87.97,85.1,0.2,0.2,92.07,84.79
NTAP,NetApp,Information Technology,"Technology Hardware, Storage & Peripherals",118.96,125.81,75.4,117.41,115.06,111.58,114.91,104.71,0.0,1.21,120.4,102.76
NFLX,Netflix,Communication Services,Movies & Entertainment,93.14,133.91,82.84,98.02,102.63,106.22,111.66,113.37,-0.2,26.94,118.23,94.21
NEM,Newmont,Materials,Gold,95.2,97.99,36.38,91.75,91.2,88.98,87.12,65.77,0.0,0.39,95.57,82.39
NWSA,News Corp (Class A),Communication Services,Publishing,26.17,31.03,23.89,25.9,25.73,25.67,26.25,27.79,0.2,1.57,26.58,24.76
NWS,News Corp (Class B),Communication Services,Publishing,29.56,35.06,27.33,29.41,29.27,29.16,29.84,31.75,0.0,1.96,30.14,28.19
NEE,NextEra Energy,Utilities,Multi-Utilities,81.74,86.29,62.68,81.69,83.45,83.79,83.05,73.34,0.0,6.4,86.97,80.61
NKE,"Nike, Inc.",Consumer Discretionary,"Apparel, Accessories & Luxury Goods",66.03,79.84,52.31,64.89,64.86,63.84,65.45,66.88,-0.2,1.26,66.86,60.82
NI,NiSource,Utilities,Multi-Utilities,41.37,44.13,34.46,41.6,42.3,42.66,42.91,40.48,0.0,6.96,44.25,41.07
NDSN,Nordson Corporation,Industrials,Industrial Machinery & Supplies & Components,236.24,251.68,166.29,236.29,236.73,234.1,233.52,214.64,-0.2,2.45,242.03,226.16
NSC,Norfolk Southern,Industrials,Rail Transportation,294.68,298.97,203.11,293.31,292.43,288.04,287.44,260.36,0.2,1.13,298.01,278.07
NTRS,Northern Trust,Financials,Asset Management & Custody Banks,137.44,137.44,82.84,133.99,132.23,129.42,128.39,115.93,0.0,-0.45,136.82,122.01
NOC,Northrop Grumman,Industrials,Aerospace & Defense,555.92,635.37,426.05,552.42,554.26,557.91,580.62,533.77,0.0,2.85,571.76,544.06
NCLH,Norwegian Cruise Line Holdings,Consumer Discretionary,"Hotels, Resorts & Cruise Lines",19.28,29.07,15.5,18.97,18.74,18.41,20.8,20.97,-0.2,0.73,19.42,17.4
NRG,NRG Energy,Utilities,Independent Power Producers & Energy Traders,168.23,178.04,82.84,166.29,166.6,165.75,166.99,143.59,0.0,1.87,171.38,160.12
NUE,Nucor,Materials,Steel,164.32,164.71,102.37,160.75,160.89,155.3,146.62,133.07,0.2,2.04,167.67,142.92
NVDA,Nvidia,Information Technology,Semiconductors,184.97,207.03,94.29,183.18,181.23,183.64,187.3,155.25,0.0,4.31,192.94,174.33
NVR,"NVR, Inc.",Consumer Discretionary,Homebuilding,7519.4,9120.01,6700.0,7466.76,7520.54,7385.65,7488.03,7511.71,-0.2,2.64,7717.91,7053.27
NXPI,NXP Semiconductors,Information Technology,Semiconductors,231.58,242.4,152.09,228.55,217.39,205.18,211.37,209.27,-0.2,2.84,238.16,172.2
ORLY,O’Reilly Automotive,Consumer Discretionary,Automotive Retail,93.65,107.82,78.66,96.88,98.73,98.95,99.16,96.05,-0.4,9.97,102.99,94.91
OXY,Occidental Petroleum,Energy,Oil & Gas Exploration & Production,41.67,51.86,35.72,41.94,41.99,41.89,42.12,43.41,0.2,2.83,42.85,40.93
ODFL,Old Dominion,Industrials,Cargo Ground Transportation,157.82,207.79,126.04,153.41,146.82,139.38,138.94,152.99,0.1,0.64,158.83,119.92
OMC,Omnicom Group,Communication Services,Advertising,77.43,89.63,68.6,73.49,72.6,72.9,75.28,74.94,0.2,-1.8,76.04,69.76
ON,ON Semiconductor,Information Technology,Semiconductors,55.25,67.97,31.95,55.28,53.53,50.23,50.31,48.22,0.0,5.03,58.03,42.43
OKE,Oneok,Energy,Oil & Gas Storage & Transportation,73.55,104.36,64.31,75.19,74.19,71.99,69.77,77.61,0.1,4.61,76.94,67.05
ORCL,Oracle Corporation,Information Technology,Application Software,224.1,327.76,122.35,219.62,211.48,212.74,250.94,212.16,-0.2,3.8,232.62,192.87
OTIS,Otis Worldwide,Industrials,Industrial Machinery & Supplies & Components,88.25,102.87,84.13,86.96,87.46,87.84,89.65,92.83,0.0,2.15,90.15,85.52
PCAR,Paccar,Industrials,Construction Machinery & Heavy Transportation Equipment,113.68,113.68,85.53,110.23,107.99,103.31,99.7,96.84,0.0,0.77,114.56,92.06
PKG,Packaging Corporation of America,Materials,Paper & Plastic Packaging Products & Materials,203.67,237.61,173.82,197.79,199.03,198.11,202.71,198.05,0.0,0.79,205.28,190.94
PLTR,Palantir Technologies,Information Technology,Application Software,188.7,207.18,64.98,182.34,176.02,171.55,179.49,143.43,-0.2,0.46,189.57,153.52
PANW,Palo Alto Networks,Information Technology,Systems Software,193.03,221.38,152.44,195.58,192.46,194.33,205.79,192.12,-0.2,8.7,209.82,178.83
PSKY,Paramount Skydance Corporation,Communication Services,Movies & Entertainment,14.77,19.73,10.05,14.43,15.02,15.32,16.19,13.7,-0.2,12.53,16.62,14.01
PH,Parker Hannifin,Industrials,Industrial Machinery & Supplies & Components,890.27,890.27,513.45,877.31,869.4,851.61,799.66,704.74,0.0,0.47,894.45,808.8
PAYX,Paychex,Industrials,Human Resource & Employment Services,113.32,157.06,108.46,112.47,112.02,111.35,117.16,136.35,0.2,0.45,113.83,108.87
PAYC,Paycom,Industrials,Human Resource & Employment Services,163.56,264.67,159.21,164.42,163.24,162.99,180.88,215.98,-0.2,2.37,167.44,158.54
PYPL,PayPal,Financials,Transaction & Payment Processing Services,61.22,91.6,57.28,61.43,61.84,61.81,66.18,68.5,0.0,6.89,65.44,58.17
PNR,Pentair,Industrials,Industrial Machinery & Supplies & Components,105.42,112.34,75.59,104.13,104.87,104.57,107.22,100.25,0.0,2.66,108.22,100.91
PEP,PepsiCo,Consumer Staples,Soft Drinks & Non-alcoholic Beverages,149.09,153.7,124.61,145.97,146.56,145.72,145.57,139.43,0.2,-0.21,148.78,142.67
PFE,Pfizer,Health Care,Pharmaceuticals,25.73,26.9,20.47,25.71,25.6,25.43,24.96,23.85,0.0,1.9,26.22,24.63
PCG,PG&E Corporation,Utilities,Multi-Utilities,15.11,20.3,12.98,15.11,15.41,15.77,16.06,15.68,-0.2,11.52,16.85,14.69
PM,Philip Morris International,Consumer Staples,Tobacco,150.19,181.86,114.18,149.05,152.17,153.57,153.79,162.16,0.0,6.37,159.76,147.39
PSX,Phillips 66,Energy,Oil & Gas Refining & Marketing,143.44,143.44,90.32,140.23,139.03,137.46,134.54,122.65,0.4,-0.14,143.24,131.68
PNW,Pinnacle West Capital,Utilities,Multi-Utilities,86.45,92.82,78.54,87.4,88.49,88.79,89.52,89.28,-0.2,5.11,90.87,86.71
PNC,PNC Financial Services,Financials,Diversified Banks,206.94,206.94,145.61,200.57,196.79,190.83,187.62,181.68,0.2,-0.63,205.64,176.01
POOL,Pool Corporation,Consumer Discretionary,Distributors,240.48,374.18,230.21,238.43,241.41,240.78,266.59,298.59,-0.2,4.13,250.41,231.16
PPG,PPG Industries,Materials,Specialty Chemicals,100.43,123.59,89.82,100.39,100.33,98.56,99.2,106.17,-0.2,2.46,102.9,94.21
PPL,PPL Corporation,Utilities,Electric Utilities,33.28,37.97,30.85,33.81,34.85,35.6,36.47,35.28,0.0,14.09,37.97,33.23
PFG,Principal Financial Group,Financials,Life & Health Insurance,90.49,90.49,67.57,87.81,86.0,84.44,82.3,78.78,0.2,-1.4,89.22,79.65
PG,Procter & Gamble,Consumer Staples,Personal Care Products,139.84,172.77,138.34,141.32,144.3,146.05,148.0,156.44,0.0,9.02,152.45,139.65
PGR,Progressive Corporation,Financials,Property & Casualty Insurance,223.85,290.89,203.7,224.67,226.5,225.64,224.96,253.43,-0.1,2.69,229.87,221.4
PLD,Prologis,Real Estate,Industrial REITs,130.2,130.2,88.13,128.1,128.42,126.42,123.55,111.33,-0.2,0.75,131.18,121.65
PRU,Prudential Financial,Financials,Life & Health Insurance,114.95,116.51,91.53,111.98,110.18,107.76,104.09,102.93,0.2,-0.71,114.13,101.38
PEG,Public Service Enterprise Group,Utilities,Electric Utilities,78.7,89.43,75.92,79.42,80.67,81.39,81.95,81.4,-0.2,7.13,84.31,78.46
PTC,PTC Inc.,Information Technology,Application Software,176.14,216.53,136.74,175.15,175.34,174.55,188.55,181.51,-0.2,1.95,179.57,169.53
PSA,Public Storage,Real Estate,Self-Storage REITs,267.85,322.51,260.94,270.16,272.21,271.51,284.17,287.44,0.0,4.06,278.72,264.29
PHM,PulteGroup,Consumer Discretionary,Homebuilding,127.78,141.19,91.67,126.12,126.94,122.38,123.03,114.04,0.0,4.29,133.26,111.51
PWR,Quanta Services,Industrials,Construction & Engineering,464.53,464.88,236.5,462.21,459.93,448.47,441.3,365.06,0.0,2.33,475.35,421.58
QCOM,Qualcomm,Information Technology,Semiconductors,182.9,186.73,122.59,176.68,172.61,169.6,169.56,156.1,0.2,-0.64,181.73,157.46
DGX,Quest Diagnostics,Health Care,Health Care Services,179.43,192.35,148.06,181.51,183.54,185.8,183.33,175.85,0.2,7.6,193.07,178.53
Q,Qnity Electronics,Information Technology,Semiconductor Materials & Equipment,87.03,,,84.38,81.98,81.14,,,-0.1,3.16,89.78,72.5
RL,Ralph Lauren Corporation,Consumer Discretionary,"Apparel, Accessories & Luxury Goods",357.0,371.22,181.18,358.87,361.28,349.09,334.31,282.76,0.0,6.36,379.71,318.48
RJF,Raymond James Financial,Financials,Investment Banking & Brokerage,167.49,175.92,122.89,164.47,160.49,158.58,160.96,154.36,0.0,0.19,167.81,149.35
RTX,RTX Corporation,Industrials,Aerospace & Defense,175.67,178.73,112.01,172.31,171.49,172.46,170.86,148.48,-0.2,0.9,177.25,167.66
O,Realty Income,Real Estate,Retail REITs,56.95,60.07,48.92,57.6,57.55,57.02,57.82,56.26,0.0,2.49,58.37,55.67
REG,Regency Centers,Real Estate,Retail REITs,67.5,75.5,64.21,68.19,69.42,69.69,70.53,70.66,0.0,6.59,71.95,67.43
REGN,Regeneron Pharmaceuticals,Health Care,Biotechnology,724.11,787.32,481.73,712.22,734.17,729.04,654.4,597.43,0.2,9.42,792.32,665.74
RF,Regions Financial Corporation,Financials,Regional Banks,27.35,27.35,17.76,26.56,26.01,25.24,24.76,23.3,0.2,-0.66,27.17,23.31
RSG,Republic Services,Industrials,Environmental & Facilities Services,207.8,256.75,198.59,212.04,213.68,213.43,215.71,233.0,0.0,6.66,221.64,205.22
RMD,ResMed,Health Care,Health Care Equipment,250.73,293.03,203.19,251.07,251.69,250.13,258.03,252.06,-0.2,2.86,257.9,242.37
RVTY,Revvity,Health Care,Health Care Equipment,103.04,126.56,82.44,100.99,102.24,98.88,95.48,95.31,-0.2,5.13,108.33,89.42
HOOD,Robinhood Markets,Financials,Investment Banking & Brokerage,136.92,152.46,34.17,135.62,131.76,124.35,133.31,91.8,-0.2,4.89,143.62,105.09
ROK,Rockwell Automation,Industrials,Electrical Components & Equipment,411.36,411.36,216.41,404.47,399.37,388.63,368.84,321.37,0.0,0.89,415.02,362.25
ROL,"Rollins, Inc.",Industrials,Environmental & Facilities Services,59.06,61.5,45.1,59.87,60.5,59.83,58.22,56.14,0.0,5.66,62.4,57.26
ROP,Roper Technologies,Information Technology,Electronic Equipment & Instruments,442.63,591.12,439.64,444.46,444.82,445.22,467.32,530.99,0.0,2.09,451.88,438.55
ROST,Ross Stores,Consumer Discretionary,Apparel Retail,181.31,181.31,121.95,178.05,177.54,171.09,162.31,144.28,0.0,3.18,187.08,155.11
RCL,Royal Caribbean Group,Consumer Discretionary,"Hotels, Resorts & Cruise Lines",261.17,364.72,176.89,255.77,260.82,258.66,281.42,276.57,-0.2,3.93,271.43,245.88
SPGI,S&P Global,Financials,Financial Exchanges & Data,491.42,562.06,435.88,493.95,495.06,493.63,488.37,507.05,-0.1,2.05,501.49,485.76
CRM,Salesforce,Information Technology,Application Software,264.96,358.19,225.37,258.71,245.85,240.02,244.78,258.21,0.2,-0.06,264.8,215.23
SBAC,SBA Communications,Real Estate,Telecom Tower REITs,190.02,239.71,186.46,189.97,190.18,192.99,192.86,212.77,0.1,5.38,200.24,185.72
SLB,Schlumberger,Energy,Oil & Gas Equipment & Services,39.93,42.4,31.19,38.61,37.43,36.58,35.39,35.15,0.2,-1.75,39.23,33.92
STX,Seagate Technology,Information Technology,"Technology Hardware, Storage & Peripherals",299.23,299.23,65.98,282.38,275.65,266.41,252.04,159.97,0.2,-1.08,296.0,236.83
SRE,Sempra,Utilities,Multi-Utilities,88.9,94.72,62.78,89.22,90.78,91.45,91.84,79.61,-0.2,6.69,94.85,88.04
NOW,ServiceNow,Information Technology,Systems Software,855.8,1170.39,721.65,851.49,835.19,832.07,877.86,913.12,0.0,1.68,870.18,793.92
SHW,Sherwin-Williams,Materials,Specialty Chemicals,325.5,374.36,311.42,328.45,334.75,334.39,336.4,344.88,0.0,7.05,348.45,320.33
SPG,Simon Property Group,Real Estate,Retail REITs,182.39,187.67,136.92,181.88,183.09,182.75,180.66,167.71,0.0,2.14,186.29,179.2
SWKS,Skyworks Solutions,Information Technology,Semiconductors,69.2,90.17,47.71,69.06,68.0,65.95,70.66,69.14,0.0,3.67,71.74,60.16
SJM,J.M. Smucker Company (The),Consumer Staples,Packaged Foods & Meats,99.76,115.07,92.55,99.91,101.14,103.52,103.75,106.5,0.0,10.24,109.98,97.05
SW,Smurfit Westrock,Materials,Paper & Plastic Packaging Products & Materials,37.01,54.52,32.79,36.18,35.86,35.0,38.11,42.46,0.2,0.54,37.21,32.78
SNA,Snap-on,Industrials,Industrial Machinery & Supplies & Components,350.07,350.07,286.43,346.75,343.77,337.88,337.93,324.24,-0.2,0.7,352.52,323.25
SOLS,Solstice Advanced Materials,Materials,Specialty Chemicals,49.06,,,47.45,47.31,45.75,,,-0.1,1.94,50.01,41.5
SOLV,Solventum,Health Care,Health Care Technology,81.81,85.77,63.01,83.04,84.21,81.44,75.4,73.44,0.2,9.56,89.63,73.25
SO,Southern Company,Utilities,Electric Utilities,84.1,98.91,78.34,85.75,87.61,88.71,92.16,90.35,-0.2,10.15,92.64,84.79
LUV,Southwest Airlines,Industrials,Passenger Airlines,39.65,39.65,23.77,37.88,36.52,34.58,33.13,31.72,0.2,-0.98,39.26,29.91
SWK,Stanley Black & Decker,Industrials,Industrial Machinery & Supplies & Components,76.03,86.37,53.89,72.99,72.1,68.49,68.64,69.05,-0.2,1.14,76.9,60.08
SBUX,Starbucks,Consumer Discretionary,Restaurants,83.77,113.43,77.9,83.92,85.06,84.79,83.63,87.72,-0.1,4.66,87.67,81.91
STT,State Street Corporation,Financials,Asset Management & Custody Banks,128.61,128.61,74.25,124.86,121.9,118.71,117.0,103.62,0.0,-0.86,127.5,109.91
STLD,Steel Dynamics,Materials,Steel,172.04,172.04,108.4,167.39,167.81,162.39,154.87,134.88,0.2,1.48,174.59,150.2
STE,Steris,Health Care,Health Care Equipment,258.71,267.99,200.94,260.34,261.64,261.16,250.33,237.79,0.0,3.91,268.83,253.48
SYK,Stryker Corporation,Health Care,Health Care Equipment,353.27,402.61,335.89,356.89,363.29,364.69,367.29,375.51,0.0,7.16,378.56,350.81
SMCI,Supermicro,Information Technology,"Technology Hardware, Storage & Peripherals",34.83,60.71,26.85,34.83,34.08,34.13,44.06,43.0,-0.2,6.32,37.03,31.23
SYF,Synchrony Financial,Financials,Consumer Finance,84.69,84.69,43.2,81.25,79.66,76.56,74.0,65.2,0.2,-0.93,83.9,69.21
SNPS,Synopsys,Information Technology,Application Software,477.45,645.35,380.9,467.91,452.13,422.22,437.52,488.27,-0.2,2.67,490.2,354.27
SYY,Sysco,Consumer Staples,Food Distributors,73.44,82.73,67.09,73.06,74.11,74.79,76.48,75.43,-0.2,5.17,77.24,72.33
TMUS,T-Mobile US,Communication Services,Wireless Telecommunication Services,195.46,269.54,195.46,203.78,205.99,208.36,214.81,236.54,-0.2,11.14,217.23,199.49
TROW,T. Rowe Price,Financials,Asset Management & Custody Banks,103.98,117.58,78.24,105.25,103.98,102.08,102.97,98.1,-0.2,3.74,107.87,96.28
TTWO,Take-Two Interactive,Communication Services,Interactive Home Entertainment,247.12,262.29,178.61,247.7,246.93,242.36,249.49,233.03,-0.2,2.18,252.51,232.21
TPR,"Tapestry, Inc.",Consumer Discretionary,"Apparel, Accessories & Luxury Goods",117.75,118.21,59.9,116.84,113.55,108.41,110.48,93.06,0.0,2.08,120.2,96.63
TRGP,Targa Resources,Energy,Oil & Gas Storage & Transportation,183.46,212.51,145.33,181.4,177.97,174.14,164.03,168.0,0.1,0.14,183.72,164.57
TGT,Target Corporation,Consumer Staples,Consumer Staples Merchandise Retail,94.73,136.48,83.68,93.04,91.84,89.82,90.01,95.2,0.0,0.89,95.57,84.06
TEL,TE Connectivity,Information Technology,Electronic Manufacturing Services,244.28,249.0,121.04,236.45,231.92,230.69,231.41,186.22,-0.2,0.9,246.48,214.89
TDY,Teledyne Technologies,Information Technology,Electronic Equipment & Instruments,517.41,593.62,435.54,516.88,507.38,503.35,530.47,517.11,0.2,1.29,524.08,482.64
TER,Teradyne,Information Technology,Semiconductor Materials & Equipment,204.4,204.4,67.74,201.35,193.27,179.92,164.81,112.2,0.0,3.18,210.9,148.92
TSLA,"Tesla, Inc.",Consumer Discretionary,Automobile Manufacturers,455.47,479.86,221.86,449.95,441.26,424.36,435.45,344.44,-0.2,2.08,464.94,383.79
TXN,Texas Instruments,Information Technology,Semiconductors,182.18,217.72,142.07,181.06,176.49,167.74,168.98,179.74,0.0,3.16,187.94,147.54
TPL,Texas Pacific Land Corporation,Energy,Oil & Gas Exploration & Production,891.89,1423.41,851.79,904.34,887.88,909.2,926.48,1071.84,0.0,12.6,1004.27,814.14
TXT,Textron,Industrials,Aerospace & Defense,85.13,87.34,60.69,84.01,83.44,82.24,82.31,77.88,-0.2,0.33,85.41,79.08
TMO,Thermo Fisher Scientific,Health Care,Life Sciences Tools & Services,572.08,605.06,389.91,570.27,578.14,579.47,562.74,481.0,-0.2,4.44,597.48,561.44
TJX,TJX Companies,Consumer Discretionary,Apparel Retail,155.66,155.66,111.77,153.33,152.29,150.0,145.43,131.86,0.0,0.37,156.24,143.76
TKO,TKO Group Holdings,Communication Services,Movies & Entertainment,196.75,205.33,138.12,200.15,197.15,190.17,189.28,172.86,0.2,4.66,205.92,174.41
TTD,Trade Desk (The),Communication Services,Advertising,39.49,135.02,38.35,39.53,39.45,40.0,46.27,58.96,-0.2,8.08,42.68,37.33
TSCO,Tractor Supply,Consumer Discretionary,Other Specialty Retail,52.88,62.38,47.42,53.41,53.74,53.79,54.28,54.37,0.0,5.75,55.92,51.67
TT,Trane Technologies,Industrials,Building Products,400.7,471.46,313.81,400.75,407.53,409.83,419.69,404.56,0.0,6.03,424.86,394.81
TDG,TransDigm Group,Industrials,Aerospace & Defense,1307.38,1516.55,1152.5,1335.91,1343.06,1339.78,1314.3,1325.13,-0.3,4.82,1370.4,1309.16
TRV,Travelers Companies (The),Financials,Property & Casualty Insurance,280.12,294.52,229.61,280.58,285.36,286.68,278.87,267.01,-0.2,5.55,295.67,277.69
TRMB,Trimble Inc.,Information Technology,Electronic Equipment & Instruments,82.78,85.24,55.12,82.36,82.07,79.8,79.51,75.1,0.0,3.29,85.5,74.1
TFC,Truist Financial,Financials,Diversified Banks,49.47,49.47,33.53,48.03,47.34,46.14,44.62,41.99,0.2,-0.91,49.02,43.26
TYL,Tyler Technologies,Information Technology,Application Software,454.66,646.74,453.04,460.84,462.87,464.34,481.9,545.82,0.0,4.49,475.07,453.6
TSN,Tyson Foods,Consumer Staples,Packaged Foods & Meats,57.56,62.13,50.27,56.55,57.01,55.41,53.46,55.3,0.1,3.16,59.38,51.44
USB,U.S. Bancorp,Financials,Diversified Banks,53.51,53.51,35.62,51.82,50.71,48.93,47.81,44.74,0.2,-0.56,53.21,44.65
UBER,Uber,Industrials,Passenger Ground Transportation,84.36,100.1,59.93,89.66,88.63,88.52,92.43,87.42,0.2,12.91,95.25,81.79
UDR,"UDR, Inc.",Real Estate,Multi-Family Residential REITs,35.32,44.54,33.56,35.11,35.62,35.29,35.35,38.82,-0.2,3.57,36.58,33.99
ULTA,Ulta Beauty,Consumer Discretionary,Other Specialty Retail,600.9,602.97,314.47,585.72,564.28,540.17,535.56,468.51,0.2,0.82,605.83,474.49
UNP,Union Pacific Corporation,Industrials,Rail Transportation,235.7,248.49,204.53,234.78,232.85,227.38,225.09,223.64,0.2,1.59,239.45,215.32
UAL,United Airlines Holdings,Industrials,Passenger Airlines,107.5,110.52,56.15,105.48,104.49,99.35,98.03,87.67,0.0,3.43,111.19,87.52
UPS,United Parcel Service,Industrials,Air Freight & Logistics,99.78,127.5,81.17,96.39,96.24,94.93,90.57,93.25,0.3,-1.07,98.71,91.15
URI,United Rentals,Industrials,Trading Companies & Distributors,815.29,1017.86,548.35,798.98,804.48,808.66,881.49,785.49,-0.2,4.01,847.98,769.31
UNH,UnitedHealth Group,Health Care,Managed Health Care,328.07,587.56,234.7,327.05,327.12,323.16,338.79,354.64,0.0,3.4,339.22,307.08
UHS,Universal Health Services,Health Care,Health Care Facilities,222.57,243.98,154.65,227.15,233.14,231.59,219.83,189.44,-0.2,10.06,244.96,218.21
VLO,Valero Energy,Energy,Oil & Gas Refining & Marketing,176.66,184.27,102.32,174.93,176.2,176.36,169.94,142.9,-0.2,3.25,182.4,170.31
VTR,Ventas,Real Estate,Health Care REITs,78.53,81.0,55.68,80.12,80.18,79.5,74.5,67.93,0.2,4.02,81.69,77.31
VLTO,Veralto,Industrials,Environmental & Facilities Services,98.06,109.64,85.14,100.23,100.86,99.81,101.27,100.64,-0.2,5.82,103.77,95.84
VRSN,Verisign,Information Technology,Internet Services & Infrastructure,242.73,304.16,189.78,246.89,249.37,249.81,252.65,264.27,-0.4,5.5,256.08,243.54
VRSK,Verisk Analytics,Industrials,Research & Consulting Services,215.09,320.32,208.0,218.68,221.57,220.85,227.35,273.22,-0.2,6.04,228.08,213.61
VZ,Verizon,Communication Services,Integrated Telecommunication Services,39.87,44.3,36.0,40.85,40.83,40.89,40.49,41.71,-0.3,4.79,41.78,39.99
VRTX,Vertex Pharmaceuticals,Health Care,Biotechnology,444.98,513.76,366.54,447.37,442.45,436.19,424.24,442.22,-0.1,3.07,458.64,413.76
VTRS,Viatris,Health Care,Pharmaceuticals,11.61,12.2,7.0,11.12,10.92,10.72,10.36,9.26,0.2,-2.07,11.37,10.08
VICI,Vici Properties,Real Estate,Hotel & Resort REITs,27.83,33.46,27.08,27.85,28.22,28.88,30.14,31.3,0.0,10.13,30.65,27.11
V,Visa Inc.,Financials,Transaction & Payment Processing Services,326.6,371.92,304.76,327.65,329.61,329.39,337.71,343.48,0.0,3.53,338.13,320.66
VST,Vistra Corp.,Utilities,Electric Utilities,165.15,217.92,97.84,167.86,171.28,172.71,186.99,170.79,-0.2,9.82,181.37,164.06
VMC,Vulcan Materials Company,Materials,Construction Materials,296.8,308.54,219.27,294.43,293.87,289.92,293.46,271.46,-0.2,1.34,300.78,279.06
WRB,W. R. Berkley Corporation,Financials,Property & Casualty Insurance,67.98,78.46,56.11,67.82,71.19,74.23,74.78,71.07,0.0,21.45,82.56,65.9
GWW,W. W. Grainger,Industrials,Industrial Machinery & Supplies & Components,994.2,1151.74,913.57,971.28,962.73,947.33,953.36,996.57,0.2,-0.7,987.24,907.38
WAB,Wabtec,Industrials,Construction Machinery & Heavy Transportation Equipment,216.41,216.41,159.62,213.44,211.4,206.47,202.23,194.75,0.2,1.04,218.66,194.29
WMT,Walmart,Consumer Staples,Consumer Staples Merchandise Retail,113.25,115.11,81.4,114.36,112.98,108.33,105.6,98.3,0.2,4.61,118.47,98.2
DIS,Walt Disney Company (The),Communication Services,Movies & Entertainment,109.33,124.01,81.37,106.95,106.0,105.95,109.47,109.45,0.0,2.42,111.98,99.91
WBD,Warner Bros. Discovery,Communication Services,Broadcasting,29.5,29.5,7.69,27.12,25.65,24.26,21.83,14.0,0.2,-4.44,28.19,20.33
WM,Waste Management,Industrials,Environmental & Facilities Services,209.46,239.43,196.01,211.19,213.36,211.97,210.76,222.44,-0.1,5.07,220.08,203.86
WAT,Waters Corporation,Health Care,Life Sciences Tools & Services,396.3,417.28,277.72,393.28,397.1,391.63,363.79,339.04,0.2,4.15,412.75,370.51
WEC,WEC Energy Group,Utilities,Electric Utilities,103.96,116.56,89.09,105.07,107.44,109.25,111.76,106.99,0.0,10.33,114.7,103.81
WFC,Wells Fargo,Financials,Diversified Banks,90.57,90.57,59.98,89.91,88.2,86.24,84.71,77.53,0.0,0.85,91.34,81.14
WELL,Welltower,Real Estate,Health Care REITs,192.49,208.22,121.65,199.47,202.08,199.71,186.17,162.45,-0.2,8.85,209.53,189.89
WST,West Pharmaceutical Services,Health Care,Health Care Supplies,268.44,346.74,189.89,273.12,275.15,270.87,273.63,239.5,-0.2,6.84,286.8,254.95
WDC,Western Digital,Information Technology,"Technology Hardware, Storage & Peripherals",181.09,181.09,30.42,170.06,164.98,159.24,144.43,82.18,0.4,-1.49,178.39,140.09
WY,Weyerhaeuser,Real Estate,Timber REITs,23.01,30.72,21.15,22.1,22.06,21.84,22.82,25.18,0.4,-1.09,22.76,20.92
WSM,"Williams-Sonoma, Inc.",Consumer Discretionary,Homefurnishing Retail,187.24,215.07,135.95,180.64,180.32,180.21,187.31,176.8,0.0,1.0,189.11,171.31
WMB,Williams Companies,Energy,Oil & Gas Storage & Transportation,60.6,64.48,50.69,62.11,61.49,60.56,60.75,58.65,0.0,4.13,63.1,58.02
WTW,Willis Towers Watson,Financials,Insurance Brokers,315.22,349.93,294.27,319.7,319.38,319.19,326.33,320.2,0.2,2.93,324.46,313.93
WDAY,"Workday, Inc.",Information Technology,Application Software,223.2,279.91,210.47,220.61,217.52,221.61,229.76,236.96,0.0,4.35,232.91,210.3
WYNN,Wynn Resorts,Consumer Discretionary,Casinos & Gaming,123.53,133.09,65.64,125.22,128.16,124.69,123.27,104.1,0.0,8.6,134.15,115.23
XEL,Xcel Energy,Utilities,Multi-Utilities,74.82,82.11,61.84,76.24,78.17,79.25,80.21,72.42,-0.2,11.23,83.22,75.28
XYL,Xylem Inc.,Industrials,Industrial Machinery & Supplies & Components,138.7,152.52,101.96,138.77,139.54,140.68,145.14,132.52,-0.2,5.54,146.38,134.96
YUM,Yum! Brands,Consumer Discretionary,Restaurants,143.94,160.2,120.91,144.07,147.2,148.27,146.24,146.54,-0.1,7.26,154.39,142.15
ZBRA,Zebra Technologies,Information Technology,Electronic Equipment & Instruments,271.58,421.11,213.54,265.82,259.63,249.49,271.29,289.16,0.2,1.22,274.89,224.1
ZBH,Zimmer Biomet,Health Care,Health Care Equipment,93.25,112.61,87.55,93.14,94.28,92.61,95.97,98.41,0.2,5.18,98.08,87.15
ZTS,Zoetis,Health Care,Pharmaceuticals,118.33,176.49,115.75,118.26,122.14,121.37,132.24,149.62,0.0,9.14,129.15,113.59
