Symbol,Company,GICS_Sector,GICS_Sub_Industry,Current_Price,52_Week_High,52_Week_Low,SMA_5,SMA_10,SMA_20,SMA_50,SMA_100,SMA_125,SMA_200
MMM,3M,Industrials,Industrial Conglomerates,165.88,174.69,120.31,166.34,168.97,168.45,163.31,158.11,156.53,151.33
AOS,A. O. Smith,Industrials,Building Products,67.96,76.52,57.94,67.35,66.84,65.69,67.28,69.46,68.8,67.44
ABT,Abbott Laboratories,Health Care,Health Care Equipment,122.4,139.33,109.21,123.24,125.33,126.77,127.82,129.29,129.73,129.84
ABBV,AbbVie,Health Care,Biotechnology,225.87,243.06,160.33,225.35,226.19,229.38,227.71,216.84,210.61,202.71
ACN,Accenture,Information Technology,IT Consulting & Other Services,273.12,394.41,229.4,269.02,263.42,254.07,249.28,250.88,259.5,278.43
ADBE,Adobe Inc.,Information Technology,Application Software,344.92,557.9,311.59,340.67,331.34,327.89,336.46,345.73,352.17,368.09
AMD,Advanced Micro Devices,Information Technology,Semiconductors,222.12,267.08,76.48,219.76,218.32,223.11,228.17,196.86,185.62,154.81
AES,AES Corporation,Utilities,Independent Power Producers & Energy Traders,13.91,15.32,9.16,13.92,13.92,13.86,14.07,13.52,13.08,12.2
AFL,Aflac,Financials,Life & Health Insurance,107.66,115.24,95.64,108.45,109.05,110.43,109.74,107.35,106.25,105.68
A,Agilent Technologies,Health Care,Life Sciences Tools & Services,143.46,160.27,96.03,144.07,147.64,148.07,145.2,133.18,130.1,123.71
APD,Air Products,Materials,Industrial Gases,236.29,334.71,229.11,245.08,252.34,254.49,255.84,271.46,273.8,275.08
ABNB,Airbnb,Consumer Discretionary,"Hotels, Resorts & Cruise Lines",128.38,163.93,99.88,124.18,121.21,119.16,121.83,124.52,126.67,126.77
AKAM,Akamai Technologies,Information Technology,Internet Services & Infrastructure,86.45,103.75,67.51,85.5,86.9,87.61,80.67,78.64,78.7,78.7
ALB,Albemarle Corporation,Materials,Specialty Chemicals,133.79,134.37,48.84,126.92,127.45,122.68,105.89,92.23,86.99,78.12
ARE,Alexandria Real Estate Equities,Real Estate,Office REITs,46.53,100.81,44.1,45.77,49.15,50.23,61.89,70.75,71.34,74.27
ALGN,Align Technology,Health Care,Health Care Supplies,165.02,246.19,122.0,159.15,154.28,146.31,138.66,142.18,151.82,159.93
ALLE,Allegion,Industrials,Building Products,160.21,180.68,116.14,159.3,162.15,162.41,168.28,168.96,164.2,152.44
LNT,Alliant Energy,Utilities,Electric Utilities,64.81,69.59,54.52,65.14,66.48,67.19,67.27,65.93,64.86,63.32
ALL,Allstate,Financials,Property & Casualty Insurance,201.63,214.88,173.06,202.44,206.46,208.47,202.94,202.59,200.83,199.81
GOOGL,Alphabet Inc. (Class A),Communication Services,Interactive Media & Services,321.05,328.62,140.14,318.07,317.97,305.64,278.88,248.12,233.82,207.14
GOOG,Alphabet Inc. (Class C),Communication Services,Interactive Media & Services,321.61,328.46,142.27,318.77,318.5,306.09,279.48,248.74,234.52,208.24
MO,Altria,Consumer Staples,Tobacco,58.71,67.51,47.59,58.27,58.54,58.36,60.92,62.4,61.52,59.49
AMZN,Amazon,Consumer Discretionary,Broadline Retail,227.92,258.6,161.38,229.17,230.62,230.7,228.65,227.98,226.17,214.93
AMCR,Amcor,Materials,Paper & Plastic Packaging Products & Materials,8.2,10.3,7.67,8.24,8.37,8.42,8.23,8.51,8.69,8.93
AEE,Ameren,Utilities,Multi-Utilities,97.9,105.97,83.94,98.83,100.88,102.39,102.8,101.17,99.86,98.37
AEP,American Electric Power,Utilities,Electric Utilities,114.33,124.8,86.88,116.34,118.6,120.29,118.43,113.97,111.63,108.16
AXP,American Express,Financials,Consumer Finance,376.59,377.98,219.32,368.86,366.27,359.96,351.87,334.62,329.72,308.92
AIG,American International Group,Financials,Multi-line Insurance,80.89,87.1,68.15,77.59,77.08,76.8,78.4,78.65,79.51,80.37
AMT,American Tower,Real Estate,Telecom Tower REITs,180.78,232.28,168.28,180.24,179.2,180.03,183.47,193.09,198.17,202.46
AWK,American Water Works,Utilities,Water Utilities,128.64,152.71,115.89,128.74,129.63,130.04,133.62,136.82,137.37,138.65
AMP,Ameriprise Financial,Financials,Asset Management & Custody Banks,499.26,574.69,392.21,481.07,469.64,460.29,468.25,485.91,493.71,491.6
AME,Ametek,Industrials,Electrical Components & Equipment,201.12,203.83,144.31,199.01,197.98,195.56,191.42,187.96,186.15,181.07
AMGN,Amgen,Health Care,Biotechnology,316.53,346.38,245.31,324.33,333.3,335.11,312.83,299.01,296.49,292.74
APH,Amphenol,Information Technology,Electronic Components,138.71,144.37,56.27,139.23,139.51,137.26,133.71,123.07,117.97,101.55
ADI,Analog Devices,Information Technology,Semiconductors,281.47,282.54,156.76,278.68,272.97,253.82,243.38,240.88,239.98,226.63
AON,Aon plc,Financials,Insurance Brokers,339.41,411.24,322.37,344.38,346.98,347.59,347.85,355.68,355.34,362.24
APA,APA Corporation,Energy,Oil & Gas Exploration & Production,26.4,27.72,13.04,26.55,26.01,25.13,24.0,22.68,21.92,20.2
APO,Apollo Global Management,Financials,Asset Management & Custody Banks,148.7,186.86,101.44,140.97,136.49,132.48,128.4,133.82,135.35,134.45
AAPL,Apple Inc.,Information Technology,"Technology Hardware, Storage & Peripherals",279.12,288.62,168.63,278.73,280.35,275.82,266.85,248.36,239.79,228.22
AMAT,Applied Materials,Information Technology,Semiconductor Materials & Equipment,275.29,276.08,122.8,269.61,263.9,246.14,233.96,205.72,201.66,183.36
APTV,Aptiv,Consumer Discretionary,Automotive Parts & Equipment,78.43,88.8,47.19,76.93,77.16,76.74,81.1,78.94,77.03,71.24
ACGL,Arch Capital Group,Financials,Property & Casualty Insurance,92.47,97.7,82.45,91.89,92.63,92.4,90.27,90.07,89.98,90.99
ADM,Archer Daniels Midland,Consumer Staples,Agricultural Products & Services,58.27,64.46,39.88,58.53,59.46,59.01,59.77,59.36,58.08,53.7
ANET,Arista Networks,Information Technology,Communications Equipment,132.84,164.94,59.43,129.83,129.06,127.35,139.98,137.53,130.24,113.12
AJG,Arthur J. Gallagher & Co.,Financials,Insurance Brokers,240.19,348.85,236.37,240.48,243.1,247.96,266.38,281.61,288.2,303.88
AIZ,Assurant,Financials,Multi-line Insurance,223.99,231.13,172.97,223.06,223.93,224.76,218.68,212.01,207.94,204.17
T,AT&T,Communication Services,Integrated Telecommunication Services,24.32,29.47,20.72,24.87,25.28,25.45,25.51,26.9,26.99,26.86
ATO,Atmos Energy,Utilities,Gas Utilities,166.81,179.62,133.05,168.48,170.75,172.65,173.42,167.79,164.67,159.74
ADSK,Autodesk,Information Technology,Application Software,299.95,329.09,232.67,302.94,304.2,298.89,303.81,304.93,304.01,293.18
ADP,Automatic Data Processing,Industrials,Human Resource & Employment Services,259.55,326.59,247.18,259.5,258.04,255.11,267.69,283.26,287.36,293.0
AZO,AutoZone,Consumer Discretionary,Automotive Retail,3430.49,4388.11,3162.0,3671.48,3787.63,3819.01,3875.42,3983.9,3921.98,3827.26
AVB,AvalonBay Communities,Real Estate,Multi-Family Residential REITs,177.05,224.32,166.73,177.5,179.36,178.9,181.69,186.36,189.27,194.7
AVY,Avery Dennison,Materials,Paper & Plastic Packaging Products & Materials,177.76,202.13,154.46,176.06,174.15,171.9,169.5,168.93,170.52,171.8
AXON,Axon Enterprise,Industrials,Aerospace & Defense,573.7,885.92,469.24,555.01,546.29,542.36,633.44,695.37,711.49,677.28
BKR,Baker Hughes,Energy,Oil & Gas Equipment & Services,47.96,51.12,33.06,48.57,49.27,48.83,47.81,46.48,44.92,42.65
BALL,Ball Corporation,Materials,"Metal, Glass & Plastic Containers",47.88,59.82,43.01,48.07,48.53,48.2,48.26,50.4,51.7,51.42
BAC,Bank of America,Financials,Diversified Banks,54.08,54.83,32.53,53.87,53.51,52.71,51.94,50.35,49.52,46.27
BAX,Baxter International,Health Care,Health Care Equipment,18.33,37.25,17.39,18.33,18.61,18.4,20.24,22.2,23.66,26.52
BDX,Becton Dickinson,Health Care,Health Care Equipment,199.03,246.65,160.6,192.59,192.15,191.63,187.58,187.09,184.12,188.53
BBY,Best Buy,Consumer Discretionary,Computer & Electronics Retail,73.99,88.15,53.55,73.59,75.47,75.66,77.82,74.6,73.37,71.59
TECH,Bio-Techne,Health Care,Life Sciences Tools & Services,60.96,78.83,45.8,61.06,62.5,61.52,61.3,57.53,56.35,55.25
BIIB,Biogen,Health Care,Biotechnology,177.12,185.17,110.04,179.34,179.94,174.84,160.25,148.35,144.5,138.99
BLK,BlackRock,Financials,Asset Management & Custody Banks,1087.3,1214.03,762.34,1072.63,1058.35,1043.46,1092.02,1105.13,1091.77,1029.11
BX,Blackstone Inc.,Financials,Asset Management & Custody Banks,156.98,188.42,113.15,153.58,150.39,145.44,150.83,161.68,159.4,151.13
XYZ,"Block, Inc.",Financials,Transaction & Payment Processing Services,63.19,98.99,44.27,61.82,62.65,62.15,70.11,73.23,72.04,66.65
BK,BNY Mellon,Financials,Asset Management & Custody Banks,118.46,118.88,69.31,115.36,113.73,111.16,108.81,106.18,103.3,95.61
BA,Boeing,Industrials,Aerospace & Defense,199.57,242.69,128.88,201.99,198.03,192.63,203.92,214.92,214.82,201.79
BKNG,Booking Holdings,Consumer Discretionary,"Hotels, Resorts & Cruise Lines",5341.27,5818.24,4074.35,5185.81,5078.21,4969.94,5067.46,5297.87,5353.32,5183.9
BSX,Boston Scientific,Health Care,Health Care Equipment,92.3,109.5,85.98,94.78,97.5,98.89,98.93,101.22,101.68,101.28
BMY,Bristol Myers Squibb,Health Care,Pharmaceuticals,51.44,61.0,42.38,51.57,50.47,48.89,46.48,46.2,46.21,48.1
AVGO,Broadcom,Information Technology,Semiconductors,412.82,413.43,137.54,398.3,394.03,373.28,360.09,337.37,323.61,277.65
BR,Broadridge Financial Solutions,Industrials,Data Processing & Outsourced Services,227.01,270.85,210.73,228.55,228.31,227.22,228.18,239.74,239.36,237.68
BRO,Brown & Brown,Financials,Insurance Brokers,77.5,125.05,76.17,78.31,79.31,79.66,84.12,89.38,92.96,101.09
BLDR,Builders FirstSource,Industrials,Building Products,109.99,177.97,94.35,108.7,110.72,106.03,114.59,124.3,123.81,122.57
BG,Bunge Global,Consumer Staples,Agricultural Products & Services,91.13,98.82,65.12,92.5,94.28,94.53,92.14,86.3,84.63,80.96
BXP,"BXP, Inc.",Real Estate,Office REITs,70.38,79.1,52.95,69.55,70.77,70.51,71.49,70.9,70.43,68.28
CHRW,C.H. Robinson,Industrials,Air Freight & Logistics,158.8,162.14,83.39,155.88,157.41,154.67,143.16,132.48,125.09,113.47
CDNS,Cadence Design Systems,Information Technology,Application Software,339.31,376.45,221.56,337.3,326.84,317.35,328.57,339.86,333.94,312.49
CZR,Caesars Entertainment,Consumer Discretionary,Casinos & Gaming,23.51,40.0,18.25,23.35,23.28,21.86,22.01,24.14,25.12,26.04
CPT,Camden Property Trust,Real Estate,Multi-Family Residential REITs,103.52,123.08,97.17,103.26,104.63,103.98,103.0,105.41,106.86,109.83
CPB,Campbell's Company (The),Consumer Staples,Packaged Foods & Meats,28.2,42.36,27.85,29.14,29.67,30.32,30.55,31.42,31.28,33.06
COF,Capital One,Financials,Consumer Finance,237.46,238.47,141.84,231.85,226.74,217.59,216.23,217.16,215.73,202.3
CAH,Cardinal Health,Health Care,Health Care Distributors,198.18,214.93,112.98,198.62,203.13,205.5,184.02,167.9,166.83,156.43
KMX,CarMax,Consumer Discretionary,Automotive Retail,41.38,91.25,30.26,39.48,39.05,36.8,40.09,49.01,52.47,59.04
CCL,Carnival,Consumer Discretionary,"Hotels, Resorts & Cruise Lines",26.35,32.8,15.07,25.91,25.86,25.87,27.34,28.9,28.59,25.66
CARR,Carrier Global,Industrials,Building Products,53.76,80.78,50.3,53.68,54.03,53.52,56.16,60.82,63.36,64.36
CAT,Caterpillar Inc.,Industrials,Construction Machinery & Heavy Transportation Equipment,616.52,617.14,264.29,601.94,590.12,572.83,547.73,489.92,469.19,415.79
CBOE,Cboe Global Markets,Financials,Financial Exchanges & Data,248.54,262.98,186.22,252.49,254.23,255.62,247.81,244.83,242.19,233.44
CBRE,CBRE Group,Real Estate,Real Estate Services,156.9,171.0,108.45,158.13,159.56,156.89,155.91,157.29,153.54,143.54
CDW,CDW Corporation,Information Technology,Technology Distributors,149.6,219.61,135.03,146.69,145.29,143.41,148.57,157.46,161.09,163.36
COR,Cencora,Health Care,Health Care Distributors,340.13,377.54,222.21,338.51,347.61,356.39,340.25,316.65,312.25,299.09
CNC,Centene Corporation,Health Care,Managed Health Care,38.46,66.81,25.08,38.32,38.59,37.69,36.69,33.06,34.92,44.1
CNP,CenterPoint Energy,Utilities,Multi-Utilities,37.49,40.28,29.87,38.1,38.63,39.1,39.07,38.48,37.95,37.2
CF,CF Industries,Materials,Fertilizers & Agricultural Chemicals,76.32,103.22,66.16,77.68,78.36,79.44,83.02,84.94,86.83,84.17
CRL,Charles River Laboratories,Health Care,Life Sciences Tools & Services,193.41,202.72,91.86,186.97,182.75,175.06,176.45,167.95,165.0,156.27
SCHW,Charles Schwab Corporation,Financials,Investment Banking & Brokerage,96.14,99.14,65.3,94.69,93.67,93.14,93.55,94.39,93.64,88.6
CHTR,Charter Communications,Communication Services,Cable & Satellite,213.92,437.06,193.0,205.76,202.33,201.93,229.66,252.41,280.99,316.61
CVX,Chevron Corporation,Energy,Integrated Oil & Gas,151.26,163.27,127.59,150.14,150.57,151.21,151.81,152.74,151.24,147.62
CMG,Chipotle Mexican Grill,Consumer Discretionary,Restaurants,34.01,66.74,29.75,33.89,34.03,32.67,35.95,39.06,42.14,45.25
CB,Chubb Limited,Financials,Property & Casualty Insurance,296.63,305.88,250.52,296.94,296.22,296.16,286.99,280.54,280.82,283.48
CHD,Church & Dwight,Consumer Staples,Household Products,83.25,115.32,81.05,83.19,83.77,83.71,85.38,88.81,90.3,94.5
CI,Cigna,Health Care,Health Care Services,263.52,344.64,238.17,264.73,268.96,269.94,280.47,285.12,290.08,299.86
CINF,Cincinnati Financial,Financials,Property & Casualty Insurance,163.52,169.86,121.6,162.32,164.03,164.37,160.89,156.51,154.43,149.5
CTAS,Cintas,Industrials,Diversified Support Services,185.79,228.23,179.31,184.54,184.77,184.63,187.78,199.74,203.45,205.21
CSCO,Cisco,Information Technology,Communications Equipment,80.61,80.82,51.49,78.94,77.84,77.27,73.19,70.44,69.79,66.08
C,Citigroup,Financials,Diversified Banks,111.34,111.9,54.39,109.27,106.5,103.12,100.29,98.12,95.3,85.74
CFG,Citizens Financial Group,Financials,Regional Banks,58.51,58.76,31.67,56.31,55.46,53.59,52.09,50.98,49.69,45.6
CLX,Clorox,Consumer Staples,Household Products,102.64,163.47,98.2,103.0,104.81,103.85,110.58,116.22,117.26,124.45
CME,CME Group,Financials,Financial Exchanges & Data,266.49,288.09,221.44,270.22,274.42,276.21,271.24,270.62,271.13,268.96
CMS,CMS Energy,Utilities,Multi-Utilities,70.23,75.54,62.07,70.79,72.27,73.19,73.19,72.36,71.68,71.3
KO,Coca-Cola Company (The),Consumer Staples,Soft Drinks & Non-alcoholic Beverages,70.08,72.91,58.88,70.17,70.93,71.02,69.18,68.37,68.51,68.88
CTSH,Cognizant,Information Technology,IT Consulting & Other Services,83.04,89.37,64.7,81.12,79.47,76.44,71.92,71.16,72.35,74.0
COIN,Coinbase,Financials,Financial Exchanges & Data,278.1,444.65,142.58,274.69,271.13,267.7,312.95,320.16,326.37,282.76
CL,Colgate-Palmolive,Consumer Staples,Household Products,77.49,98.37,74.55,77.25,78.36,78.72,78.09,80.76,82.29,85.34
CMCSA,Comcast,Communication Services,Cable & Satellite,27.62,41.72,25.75,27.12,26.99,27.09,28.31,30.49,31.32,32.42
CAG,Conagra Brands,Consumer Staples,Packaged Foods & Meats,17.42,27.05,16.6,17.13,17.34,17.39,17.68,18.12,18.42,20.31
COP,ConocoPhillips,Energy,Oil & Gas Exploration & Production,97.07,103.48,77.84,94.04,91.73,90.01,89.1,91.4,91.4,90.86
ED,Consolidated Edison,Utilities,Multi-Utilities,95.49,112.03,84.37,95.92,97.13,98.79,98.76,98.98,98.95,100.85
STZ,Constellation Brands,Consumer Staples,Distillers & Vintners,148.03,239.24,126.45,142.76,139.89,135.36,135.71,145.23,149.02,160.32
CEG,Constellation Energy,Utilities,Electric Utilities,361.87,412.23,160.75,361.43,361.46,353.34,364.43,344.41,338.16,302.45
COO,Cooper Companies (The),Health Care,Health Care Supplies,78.51,101.53,61.78,78.19,77.83,75.23,72.51,71.32,71.44,74.77
CPRT,Copart,Industrials,Diversified Support Services,39.26,63.85,38.18,38.73,38.83,39.8,42.12,44.57,45.23,49.47
GLW,Corning Inc.,Information Technology,Electronic Components,94.88,95.19,36.82,89.13,86.36,84.12,85.24,76.85,71.83,62.05
CPAY,Corpay,Financials,Transaction & Payment Processing Services,312.3,400.81,252.84,304.86,300.46,291.1,284.78,299.99,305.73,316.17
CTVA,Corteva,Materials,Fertilizers & Agricultural Chemicals,65.14,77.02,53.0,65.67,65.96,65.56,63.93,67.76,68.99,66.89
CSGP,CoStar Group,Real Estate,Real Estate Services,68.17,97.43,63.82,67.73,68.05,67.77,72.12,80.86,81.19,79.83
COST,Costco,Consumer Staples,Consumer Staples Merchandise Retail,873.77,1073.82,868.14,888.05,901.84,902.57,917.09,935.13,943.29,956.75
CTRA,Coterra,Energy,Oil & Gas Exploration & Production,27.07,29.04,21.87,27.05,26.9,26.41,24.87,24.26,24.42,24.74
CRWD,CrowdStrike,Information Technology,Systems Software,518.85,566.9,298.0,515.43,513.27,516.05,516.44,480.85,482.6,452.52
CCI,Crown Castle,Real Estate,Telecom Tower REITs,90.96,114.47,81.02,89.97,89.68,90.2,92.97,96.33,97.29,97.66
CSX,CSX Corporation,Industrials,Rail Transportation,37.18,37.28,25.91,36.48,35.87,35.09,35.42,34.74,34.37,32.55
CMI,Cummins,Industrials,Construction Machinery & Heavy Transportation Equipment,525.36,526.46,256.13,510.92,505.52,488.16,453.28,423.34,404.13,369.44
CVS,CVS Health,Health Care,Health Care Services,78.97,85.15,41.77,77.22,77.81,77.94,78.58,73.74,71.98,68.96
DHR,Danaher Corporation,Health Care,Life Sciences Tools & Services,229.26,256.97,170.43,226.07,226.48,225.11,217.46,208.16,206.09,202.81
DRI,Darden Restaurants,Consumer Discretionary,Restaurants,179.72,224.86,154.97,178.15,177.62,175.53,180.68,191.3,195.72,196.74
DDOG,Datadog,Information Technology,Application Software,151.37,201.69,81.63,152.53,155.12,164.03,162.99,149.72,147.0,131.97
DVA,DaVita,Health Care,Health Care Services,118.45,179.6,113.97,117.37,118.33,118.85,123.05,129.45,131.73,136.28
DAY,Dayforce,Industrials,Human Resource & Employment Services,69.17,79.63,48.01,69.07,69.08,69.01,68.73,66.25,64.32,61.73
DECK,Deckers Brands,Consumer Discretionary,Footwear,101.08,223.98,78.91,99.81,95.3,89.3,91.34,101.07,101.37,106.96
DE,Deere & Company,Industrials,Agricultural & Farm Machinery,468.53,530.24,398.95,471.18,470.93,475.66,467.92,477.42,483.79,481.62
DELL,Dell Technologies,Information Technology,"Technology Hardware, Storage & Peripherals",140.22,168.08,65.33,139.35,136.5,131.55,144.09,137.25,134.15,120.24
DAL,Delta Air Lines,Industrials,Passenger Airlines,69.6,69.71,34.41,67.71,66.37,62.48,60.2,58.99,57.41,53.33
DVN,Devon Energy,Energy,Oil & Gas Exploration & Production,38.42,38.47,25.53,37.71,37.48,36.49,34.5,34.3,34.05,33.39
DXCM,Dexcom,Health Care,Health Care Equipment,66.33,93.25,54.11,65.51,64.32,61.9,64.03,71.06,73.6,74.81
FANG,Diamondback Energy,Energy,Oil & Gas Exploration & Production,160.05,175.92,111.64,158.77,156.63,151.85,146.1,143.74,143.12,141.68
DLR,Digital Realty,Real Estate,Data Center REITs,160.49,188.68,128.14,162.56,160.44,159.62,167.28,168.46,169.22,164.04
DG,Dollar General,Consumer Staples,Consumer Staples Merchandise Retail,125.34,135.08,65.27,126.56,118.03,110.36,104.81,106.46,107.55,100.89
DLTR,Dollar Tree,Consumer Staples,Consumer Staples Merchandise Retail,124.03,125.79,61.8,120.47,115.47,109.01,101.86,104.52,104.21,94.7
D,Dominion Energy,Utilities,Multi-Utilities,57.87,62.17,46.43,58.49,59.55,60.0,59.95,59.45,58.58,56.49
DPZ,Domino's,Consumer Discretionary,Restaurants,418.67,495.24,392.47,419.59,421.34,413.42,413.46,431.92,436.84,447.55
DASH,DoorDash,Consumer Discretionary,Specialized Consumer Services,221.74,285.5,155.4,224.67,216.27,207.37,236.02,244.96,243.06,224.19
DOV,Dover Corporation,Industrials,Industrial Machinery & Supplies & Components,195.37,219.84,141.82,191.69,189.2,185.29,177.18,176.7,178.0,176.9
DOW,Dow Inc.,Materials,Commodity Chemicals,24.59,40.98,19.82,23.28,23.53,22.7,22.61,22.97,23.89,26.21
DHI,D. R. Horton,Consumer Discretionary,Homebuilding,154.92,183.98,109.46,155.21,157.26,150.12,152.73,158.0,152.28,141.56
DTE,DTE Energy,Utilities,Multi-Utilities,130.38,143.79,113.52,130.8,132.58,134.71,137.68,137.43,136.32,134.82
DUK,Duke Energy,Utilities,Electric Utilities,114.11,128.91,101.53,115.81,118.55,120.71,122.96,121.95,120.57,118.66
DD,DuPont,Materials,Specialty Chemicals,41.12,41.26,22.13,40.53,40.07,39.4,36.41,33.82,32.98,31.35
EMN,Eastman Chemical Company,Materials,Specialty Chemicals,64.82,100.53,56.08,61.73,61.65,60.4,61.0,63.8,66.34,72.03
ETN,Eaton Corporation,Industrials,Electrical Components & Equipment,353.39,398.4,230.37,343.03,341.11,342.03,362.72,363.13,360.88,336.28
EBAY,eBay Inc.,Consumer Discretionary,Broadline Retail,82.84,100.76,58.09,83.04,82.78,82.54,86.86,89.04,86.42,79.5
ECL,Ecolab,Materials,Specialty Chemicals,257.01,285.35,220.55,258.31,264.98,263.76,267.1,269.44,268.86,262.78
EIX,Edison International,Utilities,Electric Utilities,57.55,79.55,46.27,57.17,57.64,58.05,56.7,55.28,54.14,54.1
EW,Edwards Lifesciences,Health Care,Health Care Equipment,83.86,87.89,65.94,84.69,85.08,85.22,81.13,79.79,79.12,76.89
EA,Electronic Arts,Communication Services,Interactive Home Entertainment,203.65,204.64,114.66,203.67,203.06,202.09,201.04,185.02,178.57,165.48
ELV,Elevance Health,Health Care,Managed Health Care,339.5,451.93,270.83,332.49,332.2,328.02,333.11,317.26,323.89,354.02
EMR,Emerson Electric,Industrials,Electrical Components & Equipment,137.18,149.03,88.93,136.48,134.59,131.33,131.65,133.07,133.35,124.97
ENPH,Enphase Energy,Information Technology,Semiconductor Materials & Equipment,33.04,78.26,25.78,31.57,30.16,28.97,32.36,34.21,35.43,41.55
ETR,Entergy,Utilities,Electric Utilities,93.27,97.93,71.14,93.62,94.39,94.56,95.08,91.84,89.75,86.74
EOG,EOG Resources,Energy,Oil & Gas Exploration & Production,111.38,134.2,99.8,111.14,110.0,108.98,107.95,112.82,114.15,114.11
EPAM,EPAM Systems,Information Technology,IT Consulting & Other Services,212.2,269.0,138.15,205.78,198.4,189.48,169.76,165.69,167.0,169.29
EQT,EQT Corporation,Energy,Oil & Gas Exploration & Production,57.27,62.23,41.77,59.04,59.53,59.03,56.63,54.13,54.73,53.62
EFX,Equifax,Industrials,Research & Consulting Services,215.08,279.27,198.73,211.44,210.96,209.44,218.36,232.93,238.2,242.11
EQIX,Equinix,Real Estate,Data Center REITs,740.1,967.65,689.25,737.67,738.55,754.22,787.73,782.36,785.66,804.96
EQR,Equity Residential,Real Estate,Multi-Family Residential REITs,60.94,73.58,58.19,60.85,61.3,60.49,61.15,62.74,63.5,65.19
ERIE,Erie Indemnity,Financials,Insurance Brokers,275.98,451.6,273.59,286.09,290.61,290.11,301.98,322.65,327.31,349.88
ESS,Essex Property Trust,Real Estate,Multi-Family Residential REITs,256.8,307.81,239.32,254.83,258.07,257.13,258.44,261.05,265.06,271.06
EL,Estée Lauder Companies (The),Consumer Staples,Personal Care Products,107.12,107.65,47.76,104.3,100.53,94.7,94.22,91.58,89.66,79.74
EG,Everest Group,Financials,Reinsurance,316.48,370.99,302.44,311.82,312.38,314.8,329.39,333.69,334.32,339.45
EVRG,Evergy,Utilities,Electric Utilities,73.6,78.59,57.4,73.51,74.66,75.32,76.11,73.55,72.28,69.66
ES,Eversource Energy,Utilities,Electric Utilities,67.71,75.25,51.06,67.21,66.87,68.14,71.01,68.05,67.16,64.44
EXC,Exelon,Utilities,Electric Utilities,43.4,48.09,34.68,43.64,44.71,45.31,45.96,44.79,44.29,44.01
EXE,Expand Energy,Energy,Oil & Gas Exploration & Production,116.64,126.62,90.25,119.62,120.1,118.43,110.78,104.09,105.37,105.37
EXPE,Expedia Group,Consumer Discretionary,"Hotels, Resorts & Cruise Lines",273.1,279.14,129.24,264.12,261.9,256.81,236.22,221.23,211.58,194.23
EXPD,Expeditors International,Industrials,Air Freight & Logistics,150.59,151.67,99.26,149.66,148.21,144.34,131.23,125.2,123.04,119.06
EXR,Extra Space Storage,Real Estate,Self-Storage REITs,129.97,158.41,118.4,129.17,130.9,130.99,137.77,139.29,140.79,141.65
XOM,ExxonMobil,Energy,Integrated Oil & Gas,119.5,120.47,95.18,117.48,116.79,117.03,114.64,112.12,111.62,109.29
FFIV,"F5, Inc.",Information Technology,Communications Equipment,259.12,346.0,223.76,251.35,245.19,239.04,271.56,294.43,294.52,286.48
FDS,FactSet,Financials,Financial Exchanges & Data,289.82,491.19,249.51,286.76,282.2,277.41,277.14,320.17,343.03,378.03
FICO,Fair Isaac,Information Technology,Application Software,1770.09,2361.83,1300.0,1770.53,1776.55,1765.52,1709.8,1587.11,1614.72,1711.21
FAST,Fastenal,Industrials,Trading Companies & Distributors,40.94,50.37,34.62,41.07,40.79,40.4,42.11,44.98,44.5,42.48
FRT,Federal Realty Investment Trust,Real Estate,Retail REITs,97.6,111.1,78.83,96.88,97.55,97.32,97.72,96.94,96.22,95.17
FDX,FedEx,Industrials,Air Freight & Logistics,284.65,289.89,191.82,276.95,275.04,270.89,255.28,241.97,239.27,233.51
FIS,Fidelity National Information Services,Financials,Transaction & Payment Processing Services,66.66,83.94,59.15,65.75,65.65,64.78,65.32,67.73,70.08,71.62
FITB,Fifth Third Bancorp,Financials,Regional Banks,47.4,47.53,31.68,45.73,44.79,43.47,42.93,43.25,42.84,40.73
FSLR,First Solar,Information Technology,Semiconductors,263.2,281.55,116.56,257.48,261.47,258.27,248.55,223.3,211.33,185.25
FE,FirstEnergy,Utilities,Electric Utilities,44.49,47.73,36.45,44.81,45.65,46.08,46.06,44.45,43.44,42.05
FI,Fiserv,Financials,Transaction & Payment Processing Services,66.21,238.59,59.56,66.25,64.02,63.16,89.37,113.1,124.2,151.45
F,Ford Motor Company,Consumer Discretionary,Automobile Manufacturers,13.4,13.81,8.11,13.16,13.15,13.08,12.67,12.0,11.78,10.98
FTNT,Fortinet,Information Technology,Systems Software,82.21,114.82,70.12,84.27,83.05,81.77,83.5,84.26,88.13,92.77
FTV,Fortive,Industrials,Industrial Machinery & Supplies & Components,54.79,62.51,45.35,53.94,53.57,52.57,50.88,49.63,50.17,51.46
FOXA,Fox Corporation (Class A),Communication Services,Broadcasting,71.83,71.97,45.36,69.51,67.72,66.42,63.34,60.82,59.73,57.07
FOX,Fox Corporation (Class B),Communication Services,Broadcasting,63.52,63.64,42.96,61.61,60.23,59.42,56.78,54.93,54.11,52.09
BEN,Franklin Resources,Financials,Asset Management & Custody Banks,23.44,25.72,15.81,23.31,22.96,22.44,22.7,23.55,23.54,21.97
FCX,Freeport-McMoRan,Materials,Copper,46.35,48.78,27.35,45.19,44.17,42.29,41.51,42.1,42.39,40.45
GRMN,Garmin,Consumer Discretionary,Consumer Electronics,211.26,261.69,167.87,204.09,200.41,196.29,220.91,227.29,223.95,215.66
IT,Gartner,Information Technology,IT Consulting & Other Services,231.58,584.01,222.54,230.02,230.54,229.99,238.55,252.69,280.14,337.55
GE,GE Aerospace,Industrials,Aerospace & Defense,283.67,316.67,158.62,286.39,289.33,293.69,299.79,288.93,281.18,254.19
GEHC,GE HealthCare,Health Care,Health Care Equipment,84.67,94.66,57.57,83.75,82.24,78.39,76.38,75.35,75.1,74.55
GEV,GE Vernova,Industrials,Heavy Electrical Equipment,723.88,731.0,251.84,646.3,620.14,595.38,593.87,608.64,591.55,508.92
GEN,Gen Digital,Information Technology,Systems Software,27.57,31.94,22.45,27.14,26.8,26.6,26.64,28.18,28.43,27.79
GNRC,Generac,Industrials,Electrical Components & Equipment,167.27,203.25,99.5,163.4,158.11,152.96,165.81,174.07,167.74,151.21
GD,General Dynamics,Industrials,Aerospace & Defense,342.7,360.5,235.63,338.4,337.99,340.14,341.04,329.72,321.82,301.25
GIS,General Mills,Consumer Staples,Packaged Foods & Meats,45.81,65.04,45.15,45.86,46.3,46.83,47.54,48.36,48.84,51.38
GM,General Motors,Consumer Discretionary,Automobile Manufacturers,80.82,80.91,41.28,76.98,75.18,72.56,67.16,61.77,59.57,54.92
GPC,Genuine Parts Company,Consumer Discretionary,Distributors,131.3,141.97,101.6,129.15,128.92,127.42,129.15,132.1,129.85,125.47
GILD,Gilead Sciences,Health Care,Biotechnology,121.15,128.7,86.73,121.11,123.21,124.46,121.15,117.51,115.82,112.24
GPN,Global Payments,Financials,Transaction & Payment Processing Services,80.29,117.56,65.53,78.86,77.99,75.76,80.39,82.66,81.95,83.09
GL,Globe Life,Financials,Life & Health Insurance,135.3,147.54,99.78,132.72,132.77,132.6,133.98,136.72,133.49,129.35
GDDY,GoDaddy,Information Technology,Internet Services & Infrastructure,128.54,216.0,121.94,128.14,128.19,127.65,130.39,139.58,146.6,158.83
GS,Goldman Sachs,Financials,Investment Banking & Brokerage,893.49,897.2,432.73,865.83,842.17,814.83,791.5,767.97,749.9,677.19
HAL,Halliburton,Energy,Oil & Gas Equipment & Services,29.16,29.52,18.31,28.42,27.44,26.83,25.78,23.9,23.38,22.76
HIG,Hartford (The),Financials,Property & Casualty Insurance,130.49,138.03,103.19,130.31,132.84,133.28,129.7,129.36,128.05,125.39
HAS,Hasbro,Consumer Discretionary,Leisure Products,82.36,83.45,47.63,81.26,81.84,79.85,76.94,76.87,76.03,70.05
HCA,HCA Healthcare,Health Care,Health Care Facilities,468.8,520.0,288.25,483.36,492.99,488.5,461.55,426.2,415.82,389.58
DOC,Healthpeak Properties,Real Estate,Health Care REITs,16.77,20.54,16.08,16.84,17.42,17.51,17.93,17.72,17.65,17.74
HSIC,Henry Schein,Health Care,Health Care Distributors,75.74,82.49,60.56,74.0,73.75,73.13,68.6,68.49,69.21,69.17
HSY,Hershey Company (The),Consumer Staples,Packaged Foods & Meats,180.29,201.43,135.68,180.92,182.94,182.32,181.31,182.22,179.18,173.16
HPE,Hewlett Packard Enterprise,Information Technology,"Technology Hardware, Storage & Peripherals",25.24,26.44,11.82,24.02,22.96,22.23,23.36,22.87,22.21,20.0
HLT,Hilton Worldwide,Consumer Discretionary,"Hotels, Resorts & Cruise Lines",271.11,287.4,195.7,271.18,277.11,274.16,267.54,268.41,267.56,255.74
HOLX,Hologic,Health Care,Health Care Equipment,74.93,80.31,51.9,74.9,74.89,74.62,72.58,69.71,68.71,65.44
HD,Home Depot (The),Consumer Discretionary,Home Improvement Retail,351.53,425.75,320.39,350.5,352.27,349.71,368.48,382.57,377.72,370.24
HON,Honeywell,Industrials,Industrial Conglomerates,191.88,225.29,166.32,191.52,191.66,192.53,194.54,198.79,202.29,200.25
HRL,Hormel Foods,Consumer Staples,Packaged Foods & Meats,23.66,32.43,21.03,23.93,23.57,23.03,23.11,24.88,25.84,27.09
HST,Host Hotels & Resorts,Real Estate,Hotel & Resort REITs,17.92,18.32,11.93,17.38,17.5,17.45,16.94,16.73,16.52,15.73
HWM,Howmet Aerospace,Industrials,Aerospace & Defense,193.24,211.83,104.84,193.1,196.4,198.81,197.88,190.0,187.85,170.92
HPQ,HP Inc.,Information Technology,"Technology Hardware, Storage & Peripherals",25.48,35.37,20.76,25.55,25.09,24.45,26.01,26.43,26.07,26.15
HUBB,Hubbell Incorporated,Industrials,Industrial Machinery & Supplies & Components,448.65,482.66,296.56,441.42,435.02,429.98,434.42,432.99,427.8,400.77
HUM,Humana,Health Care,Managed Health Care,256.3,314.25,206.15,254.79,250.68,241.79,262.47,266.56,260.11,257.44
HBAN,Huntington Bancshares,Financials,Regional Banks,17.49,17.93,11.7,17.08,16.81,16.24,16.05,16.5,16.51,15.81
HII,Huntington Ingalls Industries,Industrials,Aerospace & Defense,323.74,328.55,155.24,315.01,312.47,310.81,301.52,284.88,276.51,251.37
IBM,IBM,Information Technology,IT Consulting & Other Services,313.6,324.9,209.2,309.84,307.1,303.43,297.33,275.1,276.77,265.53
IEX,IDEX Corporation,Industrials,Industrial Machinery & Supplies & Components,176.89,228.29,151.55,176.58,175.85,171.15,168.52,166.55,168.8,172.34
IDXX,Idexx Laboratories,Health Care,Health Care Equipment,700.7,769.98,356.14,707.6,723.44,715.49,677.55,652.59,628.17,563.02
ITW,Illinois Tool Works,Industrials,Industrial Machinery & Supplies & Components,253.46,273.07,212.05,249.46,249.15,246.52,248.19,254.04,253.12,249.21
INCY,Incyte,Health Care,Biotechnology,95.44,109.28,53.56,98.06,100.54,102.41,96.17,89.08,84.98,76.91
IR,Ingersoll Rand,Industrials,Industrial Machinery & Supplies & Components,80.82,103.09,65.56,79.67,79.67,77.86,78.46,79.52,80.57,80.12
PODD,Insulet Corporation,Health Care,Health Care Equipment,295.36,354.88,230.05,301.23,308.75,320.4,319.1,319.04,315.12,300.91
INTC,Intel,Information Technology,Semiconductors,40.86,44.02,17.67,40.71,40.82,38.07,37.99,31.28,29.5,26.42
ICE,Intercontinental Exchange,Financials,Financial Exchanges & Data,161.01,188.82,141.12,158.6,157.57,155.31,155.09,166.29,169.14,169.36
IFF,International Flavors & Fragrances,Materials,Specialty Chemicals,65.48,88.7,59.14,65.81,67.32,66.84,64.43,65.38,67.23,70.52
IP,International Paper,Materials,Paper & Plastic Packaging Products & Materials,38.97,57.79,35.35,38.65,38.84,38.04,41.34,44.4,45.1,46.1
IPG,Interpublic Group of Companies (The),Communication Services,Advertising,24.57,31.81,21.93,25.12,25.04,25.18,26.03,25.78,25.34,25.2
INTU,Intuit,Information Technology,Application Software,663.59,812.22,530.03,662.46,649.04,650.52,658.13,682.91,698.75,675.96
ISRG,Intuitive Surgical,Health Care,Health Care Equipment,555.05,616.0,425.0,564.81,567.66,564.17,522.99,495.18,500.76,508.32
IVZ,Invesco,Financials,Asset Management & Custody Banks,26.85,27.0,11.23,26.13,25.29,24.33,23.66,22.56,21.26,18.65
INVH,Invitation Homes,Real Estate,Single-Family Residential REITs,26.58,35.13,26.02,26.77,27.33,27.71,28.12,29.12,29.77,30.98
IQV,IQVIA,Health Care,Life Sciences Tools & Services,223.0,234.3,134.65,223.08,225.86,223.83,215.68,201.54,193.18,180.94
IRM,Iron Mountain,Real Estate,Other Specialized REITs,85.94,117.26,71.19,84.96,84.73,86.56,96.86,95.93,96.69,93.93
JBHT,J.B. Hunt,Industrials,Cargo Ground Transportation,198.3,199.46,121.7,190.78,185.47,174.97,164.29,152.71,151.46,147.75
JBL,Jabil,Information Technology,Electronic Manufacturing Services,230.88,237.05,108.52,224.63,217.72,209.22,209.42,212.99,213.18,189.17
JKHY,Jack Henry & Associates,Financials,Transaction & Payment Processing Services,184.9,194.03,143.64,181.62,177.78,172.24,160.75,161.15,164.49,168.63
J,Jacobs Solutions,Industrials,Construction & Engineering,134.85,168.03,104.43,138.63,136.94,139.95,149.69,147.65,144.45,135.78
JNJ,Johnson & Johnson,Health Care,Pharmaceuticals,206.07,207.81,136.5,202.41,204.26,201.93,193.77,183.5,177.54,168.71
JCI,Johnson Controls,Industrials,Building Products,116.05,123.78,67.78,115.05,115.23,115.72,113.58,110.25,109.26,100.75
JPM,JPMorgan Chase,Financials,Diversified Banks,310.06,322.25,200.22,311.38,310.66,307.03,306.36,302.35,298.33,278.43
K,Kellanova,Consumer Staples,Packaged Foods & Meats,83.43,83.49,75.95,83.32,83.2,83.01,82.65,80.64,80.17,80.35
KVUE,Kenvue,Consumer Staples,Personal Care Products,17.25,24.41,13.85,16.99,17.06,16.79,15.99,17.92,18.5,20.01
KDP,Keurig Dr Pepper,Consumer Staples,Soft Drinks & Non-alcoholic Beverages,29.49,35.62,25.03,28.96,28.5,27.83,27.2,28.83,29.66,31.0
KEY,KeyCorp,Financials,Regional Banks,20.51,20.67,12.29,19.65,19.01,18.21,17.82,18.04,17.86,16.8
KEYS,Keysight Technologies,Information Technology,Electronic Equipment & Instruments,213.55,214.41,121.43,210.64,205.29,191.74,180.09,173.8,171.63,164.14
KMB,Kimberly-Clark,Consumer Staples,Household Products,103.21,145.82,98.03,102.92,104.71,103.82,110.31,118.54,120.15,125.33
KIM,Kimco Realty,Real Estate,Retail REITs,20.17,24.02,17.3,20.02,20.12,20.09,20.66,21.03,20.97,20.64
KMI,Kinder Morgan,Energy,Oil & Gas Storage & Transportation,26.63,30.15,23.17,27.37,27.24,27.09,26.9,26.88,27.0,26.83
KKR,KKR & Co.,Financials,Asset Management & Custody Banks,141.91,169.44,85.77,133.16,128.03,123.04,122.07,132.15,132.43,126.22
KLAC,KLA Corporation,Information Technology,Semiconductor Materials & Equipment,1238.21,1282.32,547.89,1222.19,1200.43,1169.99,1153.26,1043.05,1014.96,901.82
KHC,Kraft Heinz,Consumer Staples,Packaged Foods & Meats,24.23,31.87,23.33,24.54,24.88,24.7,24.73,25.65,25.66,26.43
KR,Kroger,Consumer Staples,Food Retail,61.42,74.13,56.54,62.71,64.86,65.47,65.93,67.32,67.83,67.44
LHX,L3Harris,Industrials,Aerospace & Defense,286.69,306.84,189.46,280.94,278.36,281.5,287.81,281.55,275.83,254.07
LH,Labcorp,Health Care,Health Care Services,262.22,292.94,207.68,260.02,263.66,263.71,267.71,269.38,266.51,256.04
LRCX,Lam Research,Information Technology,Semiconductor Materials & Equipment,168.98,169.69,55.98,162.66,159.62,154.04,151.37,129.28,122.8,105.18
LW,Lamb Weston,Consumer Staples,Packaged Foods & Meats,58.95,81.86,46.97,59.23,59.39,58.22,61.24,58.27,56.91,55.15
LVS,Las Vegas Sands,Consumer Discretionary,Casinos & Gaming,66.65,70.45,29.72,66.56,67.41,66.33,59.78,56.55,54.38,48.69
LDOS,Leidos,Industrials,Diversified Support Services,188.4,205.77,122.65,187.64,188.36,188.84,190.71,183.88,178.57,164.93
LEN,Lennar,Consumer Discretionary,Homebuilding,119.58,158.23,97.13,121.63,126.38,123.45,123.75,125.39,122.25,117.88
LII,Lennox International,Industrials,Building Products,508.28,687.72,443.19,505.71,499.76,482.16,502.23,539.5,547.92,553.88
LLY,Lilly (Eli),Health Care,Pharmaceuticals,994.49,1111.99,621.5,999.82,1031.65,1038.19,925.93,829.27,819.4,810.98
LIN,Linde plc,Materials,Industrial Gases,391.95,483.05,387.78,395.0,401.23,408.03,428.85,450.43,452.94,452.68
LYV,Live Nation Entertainment,Communication Services,Movies & Entertainment,139.08,175.25,112.88,139.05,135.34,133.76,144.18,152.58,151.52,144.69
LKQ,LKQ Corporation,Consumer Discretionary,Distributors,30.23,43.32,28.13,29.12,29.29,29.53,29.89,30.42,31.74,34.79
LMT,Lockheed Martin,Industrials,Aerospace & Defense,469.36,512.11,404.07,460.44,453.51,456.34,474.92,459.97,459.95,457.95
L,Loews Corporation,Financials,Multi-line Insurance,102.75,109.06,78.83,102.81,104.86,105.1,102.45,98.88,97.2,93.42
LOW,Lowe's,Consumer Discretionary,Home Improvement Retail,246.98,275.13,203.22,245.82,244.97,237.31,238.47,244.61,239.38,233.84
LULU,Lululemon Athletica,Consumer Discretionary,"Apparel, Accessories & Luxury Goods",187.57,423.32,159.25,185.3,183.97,176.26,173.62,182.16,192.57,232.79
LYB,LyondellBasell,Materials,Specialty Chemicals,45.31,72.64,40.42,43.38,45.33,44.24,44.72,48.57,50.46,53.48
MTB,M&T Bank,Financials,Regional Banks,204.34,205.71,147.35,197.72,194.29,189.3,185.88,189.46,189.72,183.06
MPC,Marathon Petroleum,Energy,Oil & Gas Refining & Marketing,192.05,201.29,113.25,190.62,191.69,192.66,190.67,182.61,180.15,166.35
MKTX,MarketAxess,Financials,Financial Exchanges & Data,175.76,241.99,155.48,169.69,165.7,166.73,167.23,177.96,185.77,196.18
MAR,Marriott International,Consumer Discretionary,"Hotels, Resorts & Cruise Lines",286.91,309.43,203.87,289.43,297.13,293.03,278.53,271.8,271.47,262.69
MMC,Marsh McLennan,Financials,Insurance Brokers,181.03,245.83,174.18,181.78,182.63,181.77,187.09,194.88,198.48,209.51
MLM,Martin Marietta Materials,Materials,Construction Materials,625.09,664.29,440.13,620.49,618.56,609.68,618.28,611.69,599.51,565.23
MAS,Masco,Industrials,Building Products,63.59,80.67,55.74,62.95,63.77,62.4,64.83,68.0,67.19,66.36
MA,Mastercard,Financials,Transaction & Payment Processing Services,540.44,600.98,463.61,541.25,544.53,542.76,555.25,566.55,564.22,558.38
MTCH,Match Group,Communication Services,Interactive Media & Services,33.96,38.99,26.09,34.1,33.81,33.0,32.91,34.64,34.0,32.44
MKC,McCormick & Company,Consumer Staples,Packaged Foods & Meats,64.2,84.63,62.64,63.6,64.88,65.61,65.8,67.29,68.4,71.24
MCD,McDonald's,Consumer Discretionary,Restaurants,310.98,320.72,270.23,310.27,308.38,306.41,302.79,303.21,300.76,302.47
MCK,McKesson Corporation,Health Care,Health Care Distributors,815.91,894.75,555.78,806.33,828.68,842.57,814.46,757.01,749.31,724.73
MDT,Medtronic,Health Care,Health Care Equipment,100.86,106.33,76.99,101.02,102.28,100.86,96.95,94.51,93.01,90.07
MRK,Merck & Co.,Health Care,Pharmaceuticals,97.58,105.84,71.87,98.8,100.86,98.45,91.36,86.62,85.32,84.01
META,Meta Platforms,Communication Services,Interactive Media & Services,650.09,795.71,479.11,661.76,651.79,628.45,670.41,711.12,711.18,670.76
MET,MetLife,Financials,Life & Health Insurance,79.77,85.61,63.78,78.47,77.53,76.96,78.28,78.2,78.07,77.64
MTD,Mettler Toledo,Health Care,Life Sciences Tools & Services,1407.64,1525.17,946.69,1399.62,1431.15,1429.62,1393.86,1330.89,1302.23,1243.81
MGM,MGM Resorts,Consumer Discretionary,Casinos & Gaming,37.17,41.32,25.3,35.97,35.62,33.92,33.05,34.75,34.98,33.7
MCHP,Microchip Technology,Information Technology,Semiconductors,66.85,75.98,33.33,65.67,59.65,55.77,60.1,62.78,64.3,59.49
MU,Micron Technology,Information Technology,Semiconductors,263.78,264.18,61.44,245.4,240.78,234.5,219.56,174.88,164.09,136.0
MSFT,Microsoft,Information Technology,Systems Software,477.91,553.5,342.95,484.99,485.69,488.29,505.43,508.23,505.27,469.58
MAA,Mid-America Apartment Communities,Real Estate,Multi-Family Residential REITs,132.15,168.08,125.75,131.64,133.47,132.56,132.16,136.73,138.7,145.17
MRNA,Moderna,Health Care,Biotechnology,28.93,48.92,22.28,27.67,26.27,25.4,26.05,26.44,27.03,27.57
MHK,Mohawk Industries,Consumer Discretionary,Home Furnishings,111.71,143.13,96.24,109.92,112.63,110.06,116.2,121.89,118.87,114.83
MOH,Molina Healthcare,Health Care,Managed Health Care,159.68,359.97,133.4,154.9,151.12,145.62,164.01,168.31,185.73,234.95
TAP,Molson Coors Beverage Company,Consumer Staples,Brewers,46.78,62.82,42.5,45.77,45.92,45.76,45.43,46.96,47.19,50.51
MDLZ,Mondelez International,Consumer Staples,Packaged Foods & Meats,53.67,70.58,52.78,54.65,55.65,56.01,58.48,60.71,62.01,63.18
MPWR,Monolithic Power Systems,Information Technology,Semiconductors,987.07,1123.38,437.16,969.92,954.13,925.69,968.83,899.47,864.01,769.81
MNST,Monster Beverage,Consumer Staples,Soft Drinks & Non-alcoholic Beverages,73.73,76.28,45.7,73.65,74.29,73.26,70.42,66.69,65.66,63.23
MCO,Moody's Corporation,Financials,Financial Exchanges & Data,479.35,527.9,376.55,487.77,488.38,483.6,482.58,493.09,492.45,480.12
MS,Morgan Stanley,Financials,Investment Banking & Brokerage,180.58,181.3,92.37,177.53,173.65,168.13,163.16,155.69,151.97,139.3
MOS,Mosaic Company (The),Materials,Fertilizers & Agricultural Chemicals,23.72,37.63,21.79,23.78,24.01,24.22,27.42,30.42,31.47,30.49
MSI,Motorola Solutions,Information Technology,Communications Equipment,372.43,491.11,365.4,372.21,372.68,373.88,409.87,434.26,430.46,426.18
MSCI,MSCI Inc.,Financials,Financial Exchanges & Data,540.79,634.4,482.15,538.8,547.3,555.23,557.57,558.47,559.96,556.88
NDAQ,"Nasdaq, Inc.",Financials,Financial Exchanges & Data,91.86,97.06,64.26,90.53,89.84,88.43,87.97,90.49,90.0,85.1
NTAP,NetApp,Information Technology,"Technology Hardware, Storage & Peripherals",119.0,128.4,71.18,117.42,115.07,111.59,114.91,113.9,112.04,104.71
NFLX,Netflix,Communication Services,Movies & Entertainment,92.96,134.12,82.11,97.98,102.61,106.21,111.66,116.23,118.27,113.37
NEM,Newmont,Materials,Gold,95.09,98.29,36.25,91.73,91.19,88.97,87.11,79.74,75.47,65.77
NWSA,News Corp (Class A),Communication Services,Publishing,26.12,31.61,23.3,25.9,25.72,25.67,26.25,27.91,28.15,27.79
NWS,News Corp (Class B),Communication Services,Publishing,29.5,35.47,26.17,29.4,29.27,29.16,29.84,31.69,32.08,31.75
NEE,NextEra Energy,Utilities,Multi-Utilities,81.66,86.94,60.35,81.67,83.44,83.78,83.05,77.47,76.4,73.34
NKE,"Nike, Inc.",Consumer Discretionary,"Apparel, Accessories & Luxury Goods",66.0,80.55,51.34,64.88,64.85,63.84,65.45,69.74,69.42,66.88
NI,NiSource,Utilities,Multi-Utilities,41.38,44.58,34.39,41.6,42.31,42.66,42.91,42.2,41.63,40.48
NDSN,Nordson Corporation,Industrials,Industrial Machinery & Supplies & Components,236.19,254.83,163.83,236.28,236.72,234.09,233.52,226.87,224.68,214.64
NSC,Norfolk Southern,Industrials,Rail Transportation,294.61,300.79,198.48,293.29,292.42,288.04,287.44,283.69,278.44,260.36
NTRS,Northern Trust,Financials,Asset Management & Custody Banks,137.34,137.78,80.06,133.97,132.22,129.41,128.39,128.1,126.74,115.93
NOC,Northrop Grumman,Industrials,Aerospace & Defense,555.63,638.31,418.96,552.36,554.24,557.9,580.62,579.66,564.05,533.76
NCLH,Norwegian Cruise Line Holdings,Consumer Discretionary,"Hotels, Resorts & Cruise Lines",19.25,29.29,14.21,18.96,18.74,18.41,20.8,22.8,22.43,20.97
NRG,NRG Energy,Utilities,Independent Power Producers & Energy Traders,168.48,180.08,78.84,166.34,166.62,165.76,167.0,161.71,159.87,143.59
NUE,Nucor,Materials,Steel,164.31,166.27,96.79,160.75,160.89,155.3,146.62,144.08,141.87,133.07
NVDA,Nvidia,Information Technology,Semiconductors,183.51,212.18,86.6,183.97,181.8,183.16,187.24,182.14,177.23,155.53
NVR,"NVR, Inc.",Consumer Discretionary,Homebuilding,7513.89,9127.45,6562.85,7465.66,7519.99,7385.37,7487.92,7775.22,7701.07,7511.68
NXPI,NXP Semiconductors,Information Technology,Semiconductors,231.76,251.86,146.73,228.59,217.4,205.19,211.37,217.4,217.99,209.27
ORLY,O’Reilly Automotive,Consumer Discretionary,Automotive Retail,93.7,108.72,78.3,96.89,98.74,98.95,99.16,101.06,98.98,96.05
OXY,Occidental Petroleum,Energy,Oil & Gas Exploration & Production,41.67,52.36,34.4,41.93,41.99,41.89,42.12,43.72,43.75,43.41
ODFL,Old Dominion,Industrials,Cargo Ground Transportation,157.19,208.11,125.76,153.28,146.76,139.34,138.93,143.98,147.72,152.98
OMC,Omnicom Group,Communication Services,Advertising,77.36,96.46,67.76,73.47,72.6,72.9,75.28,75.57,74.72,74.94
ON,ON Semiconductor,Information Technology,Semiconductors,55.22,70.58,31.04,55.27,53.53,50.23,50.3,50.7,51.73,48.22
OKE,Oneok,Energy,Oil & Gas Storage & Transportation,73.65,105.47,64.02,75.21,74.2,72.0,69.77,71.88,73.3,77.61
ORCL,Oracle Corporation,Information Technology,Application Software,224.28,345.12,117.98,219.65,211.49,212.75,250.94,255.25,249.04,212.16
OTIS,Otis Worldwide,Industrials,Industrial Machinery & Supplies & Components,88.07,105.37,83.46,86.93,87.44,87.83,89.65,88.67,90.42,92.83
PCAR,Paccar,Industrials,Construction Machinery & Heavy Transportation Equipment,113.63,114.27,83.8,110.22,107.99,103.3,99.7,99.22,98.25,96.84
PKG,Packaging Corporation of America,Materials,Paper & Plastic Packaging Products & Materials,203.62,239.34,170.61,197.78,199.02,198.11,202.71,204.51,202.62,198.05
PLTR,Palantir Technologies,Information Technology,Application Software,188.51,207.52,63.4,182.3,176.0,171.54,179.49,173.35,167.03,143.43
PANW,Palo Alto Networks,Information Technology,Systems Software,193.01,223.61,144.15,195.58,192.46,194.33,205.79,197.86,198.02,192.12
PSKY,Paramount Skydance Corporation,Communication Services,Movies & Entertainment,14.78,20.86,9.92,14.44,15.02,15.32,16.19,15.62,15.01,13.7
PH,Parker Hannifin,Industrials,Industrial Machinery & Supplies & Components,888.45,893.47,484.88,876.94,869.22,851.52,799.62,771.0,754.97,704.73
PAYX,Paychex,Industrials,Human Resource & Employment Services,113.18,158.49,108.0,112.44,112.0,111.35,117.16,126.48,129.92,136.35
PAYC,Paycom,Industrials,Human Resource & Employment Services,163.37,266.71,156.14,164.38,163.22,162.98,180.88,202.32,207.81,215.98
PYPL,PayPal,Financials,Transaction & Payment Processing Services,61.24,93.44,55.72,61.43,61.84,61.81,66.18,67.68,68.8,68.5
PNR,Pentair,Industrials,Industrial Machinery & Supplies & Components,105.43,113.69,73.68,104.14,104.87,104.57,107.22,106.97,106.13,100.25
PEP,PepsiCo,Consumer Staples,Soft Drinks & Non-alcoholic Beverages,149.18,155.29,123.93,145.99,146.57,145.73,145.57,143.85,141.34,139.44
PFE,Pfizer,Health Care,Pharmaceuticals,25.72,27.21,19.83,25.71,25.6,25.43,24.96,24.54,24.4,23.85
PCG,PG&E Corporation,Utilities,Multi-Utilities,15.11,20.33,12.95,15.11,15.4,15.77,16.06,15.46,15.09,15.68
PM,Philip Morris International,Consumer Staples,Tobacco,150.24,183.57,113.18,149.06,152.17,153.57,153.79,158.67,162.69,162.16
PSX,Phillips 66,Energy,Oil & Gas Refining & Marketing,143.2,143.74,88.51,140.18,139.0,137.45,134.53,130.6,129.04,122.65
PNW,Pinnacle West Capital,Utilities,Multi-Utilities,86.56,93.67,78.26,87.43,88.51,88.8,89.52,89.11,88.95,89.28
PNC,PNC Financial Services,Financials,Diversified Banks,207.06,207.96,141.09,200.6,196.8,190.83,187.62,192.07,190.81,181.68
POOL,Pool Corporation,Consumer Discretionary,Distributors,240.12,374.68,229.63,238.36,241.37,240.76,266.58,290.73,291.48,298.59
PPG,PPG Industries,Materials,Specialty Chemicals,100.6,126.7,88.43,100.42,100.35,98.56,99.2,103.9,105.63,106.17
PPL,PPL Corporation,Utilities,Electric Utilities,33.28,38.27,30.49,33.81,34.85,35.6,36.47,36.29,35.82,35.28
PFG,Principal Financial Group,Financials,Life & Health Insurance,90.36,90.63,66.44,87.78,85.99,84.43,82.29,80.42,79.86,78.78
PG,Procter & Gamble,Consumer Staples,Personal Care Products,139.84,176.43,138.14,141.32,144.3,146.05,148.0,151.41,152.36,156.44
PGR,Progressive Corporation,Financials,Property & Casualty Insurance,223.94,292.65,199.9,224.69,226.51,225.64,224.96,235.12,239.39,253.43
PLD,Prologis,Real Estate,Industrial REITs,130.23,130.56,83.8,128.1,128.42,126.42,123.55,116.66,114.52,111.33
PRU,Prudential Financial,Financials,Life & Health Insurance,114.91,120.6,86.97,111.97,110.17,107.75,104.09,103.69,103.52,102.93
PEG,Public Service Enterprise Group,Utilities,Electric Utilities,78.68,90.54,73.5,79.42,80.67,81.38,81.95,82.89,82.67,81.4
PTC,PTC Inc.,Information Technology,Application Software,175.71,219.69,133.38,175.06,175.29,174.53,188.54,198.29,194.68,181.5
PSA,Public Storage,Real Estate,Self-Storage REITs,267.82,323.69,251.43,270.15,272.21,271.51,284.16,284.14,284.85,287.44
PHM,PulteGroup,Consumer Discretionary,Homebuilding,127.7,141.88,87.74,126.1,126.93,122.38,123.03,125.44,121.76,114.03
PWR,Quanta Services,Industrials,Construction & Engineering,464.58,473.99,226.97,462.22,459.94,448.47,441.3,415.33,407.87,365.06
QCOM,Qualcomm,Information Technology,Semiconductors,182.54,204.9,118.79,176.6,172.57,169.58,169.56,163.56,161.85,156.1
DGX,Quest Diagnostics,Health Care,Health Care Services,179.55,197.55,146.3,181.54,183.55,185.81,183.33,180.88,179.42,175.85
RL,Ralph Lauren Corporation,Consumer Discretionary,"Apparel, Accessories & Luxury Goods",357.4,374.0,175.49,358.95,361.32,349.11,334.32,317.5,309.45,282.76
RJF,Raymond James Financial,Financials,Investment Banking & Brokerage,167.05,177.15,116.85,164.38,160.44,158.56,160.95,164.12,162.11,154.35
RTX,RTX Corporation,Industrials,Aerospace & Defense,175.53,180.6,110.77,172.28,171.48,172.45,170.86,163.67,159.99,148.48
O,Realty Income,Real Estate,Retail REITs,56.97,60.33,48.85,57.61,57.55,57.02,57.82,57.69,57.33,56.26
REG,Regency Centers,Real Estate,Retail REITs,67.45,75.93,62.21,68.18,69.41,69.69,70.53,70.89,70.62,70.66
REGN,Regeneron Pharmaceuticals,Health Care,Biotechnology,725.72,796.57,475.17,712.54,734.33,729.12,654.44,611.56,596.2,597.44
RF,Regions Financial Corporation,Financials,Regional Banks,27.35,27.49,17.18,26.56,26.01,25.24,24.76,25.33,24.92,23.3
RSG,Republic Services,Industrials,Environmental & Facilities Services,207.57,257.43,197.66,212.0,213.65,213.42,215.7,223.94,227.77,233.0
RMD,ResMed,Health Care,Health Care Equipment,250.62,293.11,198.6,251.05,251.68,250.13,258.02,267.54,264.84,252.06
RVTY,Revvity,Health Care,Health Care Equipment,102.94,128.0,81.3,100.97,102.23,98.87,95.48,92.08,93.07,95.31
ROK,Rockwell Automation,Industrials,Electrical Components & Equipment,410.63,413.04,212.49,404.33,399.3,388.59,368.83,356.19,351.69,321.37
ROL,"Rollins, Inc.",Industrials,Environmental & Facilities Services,58.9,61.84,44.8,59.84,60.49,59.82,58.22,57.58,57.21,56.14
ROP,Roper Technologies,Information Technology,Electronic Equipment & Instruments,442.12,592.47,435.42,444.36,444.77,445.2,467.31,496.79,509.04,530.99
ROST,Ross Stores,Consumer Discretionary,Apparel Retail,181.29,181.69,121.41,178.05,177.54,171.09,162.31,153.93,148.97,144.28
RCL,Royal Caribbean Group,Consumer Discretionary,"Hotels, Resorts & Cruise Lines",260.69,365.38,163.05,255.67,260.78,258.64,281.41,306.91,307.72,276.57
SPGI,S&P Global,Financials,Financial Exchanges & Data,491.2,576.91,424.77,493.91,495.03,493.62,488.37,512.36,513.57,507.05
CRM,Salesforce,Information Technology,Application Software,264.55,365.3,221.96,258.63,245.81,240.0,244.77,246.53,250.19,258.21
SBAC,SBA Communications,Real Estate,Telecom Tower REITs,190.01,241.44,184.43,189.97,190.18,192.99,192.86,201.46,207.21,212.77
SLB,Schlumberger,Energy,Oil & Gas Equipment & Services,39.9,43.29,30.37,38.6,37.43,36.57,35.39,34.79,34.75,35.15
STX,Seagate Technology,Information Technology,"Technology Hardware, Storage & Peripherals",299.03,299.8,62.66,282.34,275.63,266.4,252.04,214.35,199.75,159.97
SRE,Sempra,Utilities,Multi-Utilities,88.82,95.72,60.93,89.21,90.77,91.44,91.84,86.9,84.4,79.61
NOW,ServiceNow,Information Technology,Systems Software,854.28,1198.09,678.66,851.19,835.04,831.99,877.83,898.49,917.26,913.11
SHW,Sherwin-Williams,Materials,Specialty Chemicals,325.92,382.49,306.78,328.53,334.8,334.41,336.41,344.83,344.19,344.88
SPG,Simon Property Group,Real Estate,Retail REITs,182.14,188.43,132.99,181.83,183.06,182.74,180.66,177.26,173.68,167.71
SWKS,Skyworks Solutions,Information Technology,Semiconductors,69.19,91.61,46.48,69.05,68.0,65.95,70.66,71.84,72.05,69.14
SJM,J.M. Smucker Company (The),Consumer Staples,Packaged Foods & Meats,99.79,117.94,91.46,99.92,101.14,103.52,103.75,105.95,104.58,106.5
SW,Smurfit Westrock,Materials,Paper & Plastic Packaging Products & Materials,37.01,54.55,32.73,36.17,35.86,35.0,38.11,41.43,42.02,42.46
SNA,Snap-on,Industrials,Industrial Machinery & Supplies & Components,349.58,356.07,283.93,346.65,343.72,337.86,337.92,331.85,327.77,324.24
SOLV,Solventum,Health Care,Health Care Technology,81.82,88.2,60.7,83.04,84.21,81.44,75.4,74.11,74.22,73.44
SO,Southern Company,Utilities,Electric Utilities,84.03,100.02,77.85,85.74,87.61,88.71,92.16,92.34,91.88,90.35
LUV,Southwest Airlines,Industrials,Passenger Airlines,39.64,39.85,23.55,37.88,36.51,34.58,33.13,32.44,32.7,31.72
SWK,Stanley Black & Decker,Industrials,Industrial Machinery & Supplies & Components,75.9,87.08,52.01,72.96,72.08,68.48,68.64,70.63,69.96,69.05
SBUX,Starbucks,Consumer Discretionary,Restaurants,83.84,115.04,73.95,83.93,85.07,84.79,83.63,85.52,86.8,87.72
STT,State Street Corporation,Financials,Asset Management & Custody Banks,128.52,128.9,71.77,124.85,121.9,118.7,116.99,114.36,112.32,103.62
STLD,Steel Dynamics,Materials,Steel,171.86,172.94,102.41,167.35,167.8,162.38,154.87,142.57,140.26,134.88
STE,Steris,Health Care,Health Care Equipment,258.93,268.6,199.47,260.38,261.66,261.17,250.34,245.87,243.41,237.79
SYK,Stryker Corporation,Health Care,Health Care Equipment,353.7,403.95,327.71,356.98,363.33,364.71,367.3,375.68,377.86,375.51
SMCI,Supermicro,Information Technology,"Technology Hardware, Storage & Peripherals",34.87,66.44,25.71,34.84,34.09,34.13,44.07,45.57,46.03,43.0
SYF,Synchrony Financial,Financials,Consumer Finance,84.58,84.91,39.98,81.23,79.65,76.55,74.0,73.42,72.01,65.2
SNPS,Synopsys,Information Technology,Application Software,476.7,651.73,365.74,467.76,452.06,422.19,437.51,502.41,507.04,488.26
SYY,Sysco,Consumer Staples,Food Distributors,73.4,83.13,66.22,73.05,74.11,74.79,76.48,78.33,77.77,75.43
TMUS,T-Mobile US,Communication Services,Wireless Telecommunication Services,195.31,273.15,194.9,203.75,205.97,208.35,214.8,228.96,228.92,236.54
TROW,T. Rowe Price,Financials,Asset Management & Custody Banks,104.18,118.96,75.88,105.29,104.0,102.09,102.97,104.0,102.65,98.11
TTWO,Take-Two Interactive,Communication Services,Interactive Home Entertainment,246.9,264.79,177.35,247.66,246.91,242.35,249.48,242.97,242.05,233.03
TPR,"Tapestry, Inc.",Consumer Discretionary,"Apparel, Accessories & Luxury Goods",117.86,118.92,57.71,116.86,113.56,108.42,110.48,108.34,104.86,93.06
TRGP,Targa Resources,Energy,Oil & Gas Storage & Transportation,183.14,213.78,143.19,181.34,177.93,174.12,164.02,164.13,165.04,168.0
TGT,Target Corporation,Consumer Staples,Consumer Staples Merchandise Retail,94.69,138.95,83.44,93.03,91.83,89.81,90.01,92.79,93.85,95.2
TEL,TE Connectivity,Information Technology,Electronic Manufacturing Services,243.55,250.67,115.38,236.3,231.85,230.66,231.4,219.29,209.5,186.21
TDY,Teledyne Technologies,Information Technology,Electronic Equipment & Instruments,516.82,595.99,419.0,516.76,507.32,503.32,530.46,541.19,536.12,517.1
TER,Teradyne,Information Technology,Semiconductor Materials & Equipment,204.44,205.0,65.55,201.36,193.27,179.92,164.81,139.13,129.52,112.2
TSLA,"Tesla, Inc.",Consumer Discretionary,Automobile Manufacturers,455.44,488.54,214.25,449.94,441.26,424.36,435.45,396.01,380.55,344.44
TXN,Texas Instruments,Information Technology,Semiconductors,182.1,218.15,136.55,181.04,176.49,167.73,168.98,178.36,184.05,179.74
TPL,Texas Pacific Land Corporation,Energy,Oil & Gas Exploration & Production,890.06,1455.48,836.72,903.97,887.7,909.11,926.44,922.39,946.81,1071.83
TXT,Textron,Industrials,Aerospace & Defense,85.13,87.94,57.67,84.01,83.44,82.24,82.31,81.56,81.5,77.88
TMO,Thermo Fisher Scientific,Health Care,Life Sciences Tools & Services,571.77,609.27,385.11,570.21,578.11,579.45,562.73,519.97,498.64,481.0
TJX,TJX Companies,Consumer Discretionary,Apparel Retail,155.74,156.4,111.06,153.34,152.3,150.0,145.43,140.12,136.7,131.86
TKO,TKO Group Holdings,Communication Services,Movies & Entertainment,196.74,212.49,132.26,200.15,197.15,190.17,189.28,187.17,184.27,172.86
TTD,Trade Desk (The),Communication Services,Advertising,39.45,137.19,38.22,39.52,39.44,40.0,46.27,52.99,57.1,58.96
TSCO,Tractor Supply,Consumer Discretionary,Other Specialty Retail,52.87,63.47,46.26,53.4,53.74,53.79,54.28,56.76,56.24,54.37
TT,Trane Technologies,Industrials,Building Products,400.11,475.11,296.82,400.63,407.47,409.8,419.67,421.76,423.74,404.55
TDG,TransDigm Group,Industrials,Aerospace & Defense,1310.19,1519.36,1107.45,1336.47,1343.34,1339.92,1314.36,1327.5,1344.6,1325.14
TRV,Travelers Companies (The),Financials,Property & Casualty Insurance,279.54,296.85,227.43,280.46,285.3,286.66,278.86,274.25,271.43,267.01
TRMB,Trimble Inc.,Information Technology,Electronic Equipment & Instruments,82.55,87.5,52.91,82.32,82.05,79.79,79.51,80.79,80.02,75.1
TFC,Truist Financial,Financials,Diversified Banks,49.44,49.64,32.34,48.02,47.33,46.14,44.62,44.54,44.06,41.99
TYL,Tyler Technologies,Information Technology,Application Software,453.95,661.31,450.0,460.69,462.8,464.31,481.89,520.3,531.27,545.81
TSN,Tyson Foods,Consumer Staples,Packaged Foods & Meats,57.59,62.66,50.12,56.56,57.01,55.41,53.46,54.0,53.99,55.3
USB,U.S. Bancorp,Financials,Diversified Banks,53.46,53.73,34.43,51.81,50.71,48.93,47.81,47.38,46.89,44.74
UBER,Uber,Industrials,Passenger Ground Transportation,84.2,101.99,59.33,89.63,88.62,88.51,92.43,92.97,92.59,87.42
UDR,"UDR, Inc.",Real Estate,Multi-Family Residential REITs,35.28,44.96,32.94,35.1,35.61,35.28,35.35,36.73,37.38,38.82
ULTA,Ulta Beauty,Consumer Discretionary,Other Specialty Retail,601.27,611.9,309.01,585.8,564.32,540.19,535.57,528.39,517.61,468.51
UNP,Union Pacific Corporation,Industrials,Rail Transportation,235.57,250.85,200.99,234.76,232.84,227.37,225.09,223.12,223.93,223.64
UAL,United Airlines Holdings,Industrials,Passenger Airlines,107.45,116.0,52.0,105.47,104.49,99.35,98.03,98.52,95.2,87.67
UPS,United Parcel Service,Industrials,Air Freight & Logistics,99.69,128.18,80.6,96.37,96.23,94.93,90.57,87.98,89.86,93.25
URI,United Rentals,Industrials,Trading Companies & Distributors,813.85,1019.33,522.49,798.69,804.33,808.58,881.46,898.05,870.62,785.49
UNH,UnitedHealth Group,Health Care,Managed Health Care,327.91,594.32,231.57,327.02,327.1,323.15,338.78,319.28,315.17,354.64
UHS,Universal Health Services,Health Care,Health Care Facilities,222.67,246.13,152.04,227.16,233.15,231.59,219.83,199.84,195.22,189.45
VLO,Valero Energy,Energy,Oil & Gas Refining & Marketing,176.23,184.46,96.76,174.84,176.15,176.34,169.93,159.34,155.55,142.9
VTR,Ventas,Real Estate,Health Care REITs,78.53,81.89,55.47,80.12,80.18,79.5,74.5,71.03,69.45,67.93
VLTO,Veralto,Industrials,Environmental & Facilities Services,97.97,109.99,83.69,100.21,100.85,99.8,101.27,103.76,103.16,100.64
VRSN,Verisign,Information Technology,Internet Services & Infrastructure,242.55,308.75,189.47,246.85,249.35,249.8,252.65,264.72,268.25,264.27
VRSK,Verisk Analytics,Industrials,Research & Consulting Services,214.27,321.9,197.0,218.52,221.49,220.81,227.34,246.68,258.32,273.22
VZ,Verizon,Communication Services,Integrated Telecommunication Services,39.87,45.09,35.79,40.85,40.83,40.89,40.49,41.67,41.56,41.71
VRTX,Vertex Pharmaceuticals,Health Care,Biotechnology,445.05,519.68,362.5,447.39,442.46,436.2,424.24,414.49,422.93,442.22
VTRS,Viatris,Health Care,Pharmaceuticals,11.19,12.5,6.6,10.96,10.81,10.69,10.33,10.02,9.79,9.26
VICI,Vici Properties,Real Estate,Hotel & Resort REITs,27.8,33.54,26.86,27.84,28.22,28.88,30.14,31.34,31.53,31.3
V,Visa Inc.,Financials,Transaction & Payment Processing Services,326.17,374.11,297.39,327.57,329.57,329.37,337.7,340.54,342.36,343.48
VST,Vistra Corp.,Utilities,Electric Utilities,165.05,219.82,90.3,167.84,171.27,172.71,186.99,193.5,192.39,170.79
VMC,Vulcan Materials Company,Materials,Construction Materials,297.13,311.21,213.97,294.49,293.91,289.94,293.46,290.87,285.17,271.46
WRB,W. R. Berkley Corporation,Financials,Property & Casualty Insurance,67.87,78.96,55.38,67.8,71.18,74.23,74.78,73.18,72.72,71.07
GWW,W. W. Grainger,Industrials,Industrial Machinery & Supplies & Components,994.37,1179.08,887.81,971.31,962.75,947.34,953.36,972.15,984.89,996.58
WAB,Wabtec,Industrials,Construction Machinery & Heavy Transportation Equipment,216.28,216.96,151.24,213.42,211.39,206.46,202.22,197.54,199.65,194.75
WMT,Walmart,Consumer Staples,Consumer Staples Merchandise Retail,115.06,116.27,79.43,114.6,112.35,107.84,105.39,102.8,101.45,98.22
DIS,Walt Disney Company (The),Communication Services,Movies & Entertainment,109.04,124.69,79.76,106.89,105.97,105.93,109.46,113.1,114.58,109.44
WBD,Warner Bros. Discovery,Communication Services,Broadcasting,29.5,29.81,7.52,27.12,25.65,24.26,21.83,17.98,16.66,14.0
WM,Waste Management,Industrials,Environmental & Facilities Services,209.4,239.91,193.36,211.18,213.36,211.97,210.76,217.1,219.09,222.44
WAT,Waters Corporation,Health Care,Life Sciences Tools & Services,396.42,423.56,275.05,393.3,397.11,391.64,363.79,329.43,330.49,339.04
WEC,WEC Energy Group,Utilities,Electric Utilities,103.82,117.25,88.91,105.04,107.42,109.25,111.76,109.91,108.56,106.99
WFC,Wells Fargo,Financials,Diversified Banks,90.54,91.11,57.46,89.91,88.2,86.24,84.71,82.57,81.74,77.53
WELL,Welltower,Real Estate,Health Care REITs,192.59,209.05,120.99,199.49,202.09,199.72,186.17,176.14,171.47,162.45
WST,West Pharmaceutical Services,Health Care,Health Care Supplies,268.0,347.77,186.94,273.03,275.1,270.85,273.62,261.22,253.05,239.49
WDC,Western Digital,Information Technology,"Technology Hardware, Storage & Peripherals",181.6,181.64,28.72,170.16,165.04,159.26,144.44,115.21,104.87,82.18
WY,Weyerhaeuser,Real Estate,Timber REITs,23.01,30.9,20.96,22.1,22.06,21.84,22.82,23.97,24.29,25.18
WSM,"Williams-Sonoma, Inc.",Consumer Discretionary,Homefurnishing Retail,187.07,217.31,128.49,180.6,180.3,180.2,187.31,191.72,186.29,176.8
WMB,Williams Companies,Energy,Oil & Gas Storage & Transportation,60.63,65.55,50.57,62.12,61.49,60.56,60.75,59.58,59.44,58.65
WTW,Willis Towers Watson,Financials,Insurance Brokers,314.61,352.79,291.3,319.58,319.31,319.16,326.32,327.06,322.21,320.2
WDAY,"Workday, Inc.",Information Technology,Application Software,222.85,294.0,205.33,220.54,217.49,221.59,229.76,230.18,231.34,236.96
WYNN,Wynn Resorts,Consumer Discretionary,Casinos & Gaming,123.61,134.72,64.8,125.24,128.17,124.7,123.27,120.15,116.1,104.1
XEL,Xcel Energy,Utilities,Multi-Utilities,74.78,83.01,61.07,76.24,78.17,79.25,80.21,76.56,74.77,72.42
XYL,Xylem Inc.,Industrials,Industrial Machinery & Supplies & Components,138.59,153.83,99.59,138.75,139.52,140.67,145.14,142.63,139.84,132.52
YUM,Yum! Brands,Consumer Discretionary,Restaurants,143.89,160.96,119.81,144.06,147.19,148.27,146.24,145.95,145.79,146.54
ZBRA,Zebra Technologies,Information Technology,Electronic Equipment & Instruments,271.19,427.76,205.73,265.74,259.59,249.47,271.28,294.78,298.28,289.15
ZBH,Zimmer Biomet,Health Care,Health Care Equipment,93.03,113.87,85.33,93.1,94.26,92.6,95.97,98.14,97.02,98.41
ZTS,Zoetis,Health Care,Pharmaceuticals,118.34,179.47,115.25,118.26,122.14,121.37,132.24,140.9,143.82,149.62
