Symbol,Company,GICS_Sector,GICS_Sub_Industry,Current_Price,High_52_Week,Low_52_Week,SMA5,SMA10,SMA20,SMA50,SMA200,Score,Target_Pcnt,Target_Price,Stop_Loss
MMM,3M,Industrials,Industrial Conglomerates,154.6,159.47,122.31,155.35,156.24,155.49,153.66,145.17,0.0,2.82,158.96,152.02
AOS,A. O. Smith,Industrials,Building Products,71.96,88.84,59.04,72.51,72.94,72.53,71.77,67.8,0.2,3.57,74.53,70.53
ABT,Abbott Laboratories,Health Care,Health Care Equipment,133.89,138.95,110.09,135.4,134.16,133.0,130.66,127.91,0.0,1.96,136.51,129.48
ABBV,AbbVie,Health Care,Biotechnology,219.99,222.61,160.57,221.93,220.29,215.52,204.71,190.27,0.2,2.64,225.8,205.24
ACN,Accenture,Information Technology,IT Consulting & Other Services,239.08,394.31,235.5,238.76,239.24,246.73,255.73,309.18,-0.2,10.08,263.18,230.28
ADBE,Adobe Inc.,Information Technology,Application Software,353.27,552.96,333.65,362.5,357.43,354.58,355.7,398.77,0.0,4.16,367.97,341.2
AMD,Advanced Micro Devices,Information Technology,Semiconductors,160.88,184.42,78.21,159.38,159.19,159.72,165.37,126.94,0.0,4.47,168.07,151.37
AES,AES Corporation,Utilities,Independent Power Producers & Energy Traders,13.36,19.11,9.5,13.13,12.96,13.03,13.13,11.6,-0.2,1.8,13.6,12.45
AFL,Aflac,Financials,Life & Health Insurance,109.31,112.86,97.56,108.2,108.41,107.61,104.71,104.16,-0.2,0.4,109.75,105.47
A,Agilent Technologies,Health Care,Life Sciences Tools & Services,124.38,151.96,99.08,126.12,126.01,125.78,120.57,122.99,0.1,4.58,130.08,121.48
APD,Air Products,Materials,Industrial Gases,272.28,333.89,247.03,283.79,287.14,289.1,290.89,289.71,-0.2,10.3,300.32,277.87
ABNB,Airbnb,Consumer Discretionary,"Hotels, Resorts & Cruise Lines",123.08,161.42,105.69,124.91,123.54,124.99,128.48,130.47,0.2,6.04,130.51,119.46
AKAM,Akamai Technologies,Information Technology,Internet Services & Infrastructure,76.23,106.67,68.21,76.31,76.63,77.31,76.8,82.91,0.1,4.34,79.54,75.07
ALB,Albemarle Corporation,Materials,Specialty Chemicals,81.58,108.94,50.16,80.97,79.76,79.96,77.73,73.46,0.0,6.89,87.2,72.71
ARE,Alexandria Real Estate Equities,Real Estate,Office REITs,85.89,117.58,66.61,86.48,85.85,84.39,80.4,83.73,-0.1,2.61,88.13,80.65
ALGN,Align Technology,Health Care,Health Care Supplies,128.18,254.81,128.18,130.46,131.21,134.31,150.9,181.29,0.0,11.29,142.65,125.97
ALLE,Allegion,Industrials,Building Products,175.34,179.33,118.08,177.74,177.07,173.77,167.68,142.25,0.2,3.23,181.0,166.53
LNT,Alliant Energy,Utilities,Electric Utilities,65.47,66.97,54.87,64.5,64.42,64.53,64.82,61.3,0.0,0.27,65.65,63.42
ALL,Allstate,Financials,Property & Casualty Insurance,209.41,212.57,177.81,207.06,202.86,202.79,201.66,196.38,0.0,0.36,210.16,195.43
GOOGL,Alphabet Inc. (Class A),Communication Services,Interactive Media & Services,247.14,254.72,144.4,251.62,249.16,237.22,212.73,183.96,-0.2,8.23,267.48,206.95
GOOG,Alphabet Inc. (Class C),Communication Services,Interactive Media & Services,247.83,255.24,146.27,252.12,249.58,237.66,213.41,185.33,-0.2,8.03,267.73,207.58
MO,Altria,Consumer Staples,Tobacco,65.13,66.6,45.73,64.52,64.87,65.16,63.24,56.51,-0.4,1.8,66.3,64.02
AMZN,Amazon,Consumer Discretionary,Broadline Retail,220.21,242.06,167.32,226.25,228.65,230.0,227.57,214.8,0.0,8.5,238.93,221.08
AMCR,Amcor,Materials,Paper & Plastic Packaging Products & Materials,7.98,10.94,7.98,8.18,8.25,8.31,8.9,9.29,0.0,7.77,8.6,8.02
AEE,Ameren,Utilities,Multi-Utilities,100.85,102.53,82.96,99.73,99.77,99.61,99.82,95.65,-0.2,0.24,101.09,98.12
AEP,American Electric Power,Utilities,Electric Utilities,108.88,114.06,87.97,107.51,107.92,108.8,110.05,102.48,-0.4,2.96,112.1,105.51
AXP,American Express,Financials,Consumer Finance,340.48,341.67,230.81,341.14,335.07,330.81,315.82,296.92,0.2,1.11,344.26,317.37
AIG,American International Group,Financials,Multi-line Insurance,77.9,86.75,68.89,77.23,77.26,78.58,79.11,78.85,-0.4,5.42,82.12,75.04
AMT,American Tower,Real Estate,Telecom Tower REITs,192.93,232.35,170.7,193.35,194.28,196.23,206.93,204.01,0.0,5.36,203.27,189.19
AWK,American Water Works,Utilities,Water Utilities,136.41,150.19,118.87,135.82,136.79,139.25,141.3,136.67,-0.2,6.47,145.24,133.26
AMP,Ameriprise Financial,Financials,Asset Management & Custody Banks,491.89,569.83,419.45,492.26,491.93,498.4,508.42,510.91,0.0,5.66,519.73,477.05
AME,Ametek,Industrials,Electrical Components & Equipment,186.17,196.08,150.9,187.57,188.23,187.27,184.11,179.15,0.2,2.54,190.9,183.64
AMGN,Amgen,Health Care,Biotechnology,279.22,324.75,252.22,282.65,279.46,281.45,288.77,283.82,0.2,4.19,290.92,271.99
APH,Amphenol,Information Technology,Electronic Components,123.13,125.4,58.9,123.65,121.26,116.58,110.81,84.72,0.2,3.59,127.55,105.6
ADI,Analog Devices,Information Technology,Semiconductors,248.61,254.62,163.21,247.42,246.59,247.72,238.72,219.09,-0.2,1.75,252.96,242.47
AON,Aon plc,Financials,Insurance Brokers,353.74,407.61,334.44,352.87,358.69,363.88,363.39,367.46,0.1,7.28,379.49,348.26
APA,APA Corporation,Energy,Oil & Gas Exploration & Production,24.42,25.74,13.62,23.88,23.68,23.28,21.12,19.81,0.0,1.19,24.71,21.84
APO,Apollo Global Management,Financials,Asset Management & Custody Banks,137.16,176.82,107.9,142.85,140.6,137.58,141.02,144.53,0.0,6.0,145.39,129.78
AAPL,Apple Inc.,Information Technology,"Technology Hardware, Storage & Peripherals",252.31,258.1,172.0,249.24,242.41,238.3,226.52,221.42,0.2,0.77,254.25,222.35
AMAT,Applied Materials,Information Technology,Semiconductor Materials & Equipment,201.44,211.69,126.23,196.54,184.32,172.87,176.94,167.88,-0.2,0.56,202.57,143.18
APTV,Aptiv,Consumer Discretionary,Automotive Parts & Equipment,85.04,85.46,47.92,85.31,84.19,82.33,75.48,65.9,-0.2,1.96,86.71,77.95
ACGL,Arch Capital Group,Financials,Property & Casualty Insurance,90.76,109.22,84.99,88.77,89.3,90.31,89.72,91.54,-0.1,3.32,93.77,86.86
ADM,Archer Daniels Midland,Consumer Staples,Agricultural Products & Services,61.48,64.21,41.01,60.9,61.15,61.7,58.89,50.93,-0.4,2.94,63.29,60.11
ANET,Arista Networks,Information Technology,Communications Equipment,142.64,153.04,64.37,145.68,145.13,142.36,132.45,105.52,0.0,6.91,152.5,132.22
AJG,Arthur J. Gallagher & Co.,Financials,Insurance Brokers,304.55,347.33,274.22,301.07,297.68,298.52,298.02,311.86,-0.1,0.67,306.59,290.44
AIZ,Assurant,Financials,Multi-line Insurance,215.19,225.29,178.36,211.51,210.73,212.24,203.8,202.19,0.0,1.46,218.33,206.14
T,AT&T,Communication Services,Integrated Telecommunication Services,28.32,29.62,20.53,28.85,29.18,29.19,28.51,26.36,-0.2,5.4,29.85,28.54
ATO,Atmos Energy,Utilities,Gas Utilities,166.77,167.34,133.46,164.29,164.68,164.92,162.02,151.42,-0.2,0.57,167.72,162.12
ADSK,Autodesk,Information Technology,Application Software,323.52,326.79,238.84,323.7,322.09,318.44,303.88,291.51,0.0,5.15,340.18,296.7
ADP,Automatic Data Processing,Industrials,Human Resource & Employment Services,291.5,323.5,267.3,291.46,291.56,294.76,299.47,299.85,-0.2,4.13,303.54,285.98
AZO,AutoZone,Consumer Discretionary,Automotive Retail,4176.89,4354.54,2981.19,4138.22,4205.76,4213.36,4049.93,3672.04,-0.2,3.79,4335.19,4091.56
AVB,AvalonBay Communities,Real Estate,Multi-Family Residential REITs,192.77,232.03,182.72,193.35,193.64,193.58,193.43,205.02,-0.1,2.23,197.07,190.1
AVY,Avery Dennison,Materials,Paper & Plastic Packaging Products & Materials,162.22,217.94,157.86,163.63,164.84,166.59,170.69,177.07,0.0,5.87,171.74,161.42
AXON,Axon Enterprise,Industrials,Aerospace & Defense,698.02,870.97,393.25,758.5,756.3,750.47,760.13,672.13,-0.2,13.42,791.69,709.23
BKR,Baker Hughes,Energy,Oil & Gas Equipment & Services,49.87,49.87,34.01,48.22,47.45,46.53,44.5,41.55,0.2,-1.6,49.07,43.99
BALL,Ball Corporation,Materials,"Metal, Glass & Plastic Containers",48.72,66.93,44.6,48.77,49.48,50.26,53.43,52.98,-0.2,7.96,52.6,47.92
BAC,Bank of America,Financials,Diversified Banks,51.7,52.25,34.0,51.94,51.37,50.72,48.59,44.56,0.2,1.26,52.35,49.09
BAX,Baxter International,Health Care,Health Care Equipment,22.56,38.13,21.61,22.99,23.43,23.79,24.6,29.24,-0.4,10.82,25.0,22.58
BDX,Becton Dickinson,Health Care,Health Care Equipment,186.05,245.13,163.27,186.91,187.15,188.79,187.08,200.3,0.1,3.99,193.47,184.09
BRK-B,Berkshire Hathaway,Financials,Multi-Sector Holdings,497.09,539.8,442.29,493.65,493.38,495.91,484.24,489.49,-0.3,1.6,505.04,486.76
BBY,Best Buy,Consumer Discretionary,Computer & Electronics Retail,74.17,98.27,54.69,73.09,73.81,74.2,70.65,73.04,-0.1,4.17,77.26,71.14
TECH,Bio-Techne,Health Care,Life Sciences Tools & Services,51.22,79.5,46.59,52.66,52.27,53.06,53.77,58.52,0.0,8.81,55.73,50.39
BIIB,Biogen,Health Care,Biotechnology,137.67,195.81,113.38,140.79,142.95,141.01,135.51,135.7,-0.1,8.14,148.88,133.14
BLK,BlackRock,Financials,Asset Management & Custody Banks,1127.98,1154.71,807.61,1135.18,1129.93,1119.63,1118.05,1006.47,0.0,1.74,1147.61,1091.62
BX,Blackstone Inc.,Financials,Asset Management & Custody Banks,178.08,194.8,118.51,184.99,184.13,177.89,173.5,157.24,0.4,7.58,191.58,164.21
XYZ,"Block, Inc.",Financials,Transaction & Payment Processing Services,76.49,98.92,46.53,76.97,75.81,76.28,76.28,71.18,0.0,4.72,80.1,72.46
BK,BNY Mellon,Financials,Asset Management & Custody Banks,108.11,109.46,69.2,108.69,107.45,106.13,103.08,88.4,0.0,1.32,109.54,102.72
BA,Boeing,Industrials,Aerospace & Defense,215.1,237.38,136.59,214.97,215.62,224.04,226.95,193.69,-0.2,12.34,241.64,206.42
BKNG,Booking Holdings,Consumer Discretionary,"Hotels, Resorts & Cruise Lines",5525.6,5805.92,4067.9,5475.81,5492.39,5526.48,5552.97,5142.43,-0.2,2.08,5640.53,5412.36
BSX,Boston Scientific,Health Care,Health Care Equipment,98.06,108.14,83.08,97.77,99.32,103.03,104.0,100.86,-0.2,13.41,111.21,94.84
BMY,Bristol Myers Squibb,Health Care,Pharmaceuticals,44.16,61.62,43.31,44.93,45.72,46.44,46.8,51.12,-0.2,9.67,48.43,44.45
AVGO,Broadcom,Information Technology,Semiconductors,339.31,368.94,145.7,341.23,349.28,334.36,310.82,240.69,0.2,12.32,381.11,287.6
BR,Broadridge Financial Solutions,Industrials,Data Processing & Outsourced Services,236.01,265.85,205.22,240.09,244.78,248.48,251.36,238.17,-0.2,10.17,260.01,236.95
BRO,Brown & Brown,Financials,Insurance Brokers,93.22,124.07,90.88,92.32,92.34,93.75,95.67,106.78,-0.2,4.46,97.38,90.12
BF-B,Brown–Forman,Consumer Staples,Distillers & Vintners,27.64,48.21,25.45,27.3,27.36,27.94,29.11,32.11,-0.2,7.49,29.71,26.17
BLDR,Builders FirstSource,Industrials,Building Products,119.25,198.25,105.63,123.07,131.11,136.32,134.44,133.77,0.2,29.2,154.07,118.57
BG,Bunge Global,Consumer Staples,Agricultural Products & Services,78.99,95.58,67.23,78.73,80.16,81.7,80.39,77.05,0.2,9.12,86.19,77.22
BXP,"BXP, Inc.",Real Estate,Office REITs,75.46,86.01,56.05,76.3,76.81,75.18,70.49,68.59,0.2,5.43,79.56,70.8
CHRW,C.H. Robinson,Industrials,Air Freight & Logistics,133.3,137.09,85.99,134.94,134.02,130.69,119.47,102.81,0.0,3.44,137.89,123.49
CDNS,Cadence Design Systems,Information Technology,Application Software,356.96,373.37,231.64,366.97,358.08,354.19,348.48,304.17,0.0,4.57,373.27,335.1
CZR,Caesars Entertainment,Consumer Discretionary,Casinos & Gaming,26.34,45.55,23.18,26.09,25.83,25.98,26.51,29.47,0.0,3.19,27.18,24.78
CPT,Camden Property Trust,Real Estate,Multi-Family Residential REITs,107.2,123.69,104.05,107.74,108.09,109.26,109.46,113.52,0.0,4.98,112.54,105.99
CPB,Campbell's Company (The),Consumer Staples,Packaged Foods & Meats,33.73,48.5,30.28,33.54,33.41,33.14,32.63,35.66,-0.1,2.79,34.67,31.6
COF,Capital One,Financials,Consumer Finance,224.34,229.74,143.45,226.17,225.55,224.64,218.6,195.6,0.0,2.26,229.41,219.88
CAH,Cardinal Health,Health Care,Health Care Distributors,154.58,167.63,106.71,151.26,150.83,150.27,152.77,140.77,0.4,-0.4,153.96,146.58
KMX,CarMax,Consumer Discretionary,Automotive Retail,57.05,89.19,54.66,58.24,59.21,60.06,59.29,70.73,-0.1,10.24,62.89,57.23
CCL,Carnival,Consumer Discretionary,"Hotels, Resorts & Cruise Lines",30.37,32.49,16.43,30.75,31.14,31.42,30.44,25.15,0.0,7.24,32.57,30.27
CARR,Carrier Global,Industrials,Building Products,58.99,81.67,55.21,60.11,60.74,62.65,67.1,67.61,0.0,14.05,67.28,58.02
CAT,Caterpillar Inc.,Industrials,Construction Machinery & Heavy Transportation Equipment,469.79,472.1,271.63,469.33,453.68,438.08,428.79,369.28,0.0,1.76,478.06,398.12
CBOE,Cboe Global Markets,Financials,Financial Exchanges & Data,243.19,253.24,189.73,237.52,236.3,235.37,241.27,220.57,0.4,-1.03,240.69,230.06
CBRE,CBRE Group,Real Estate,Real Estate Services,157.12,165.9,113.94,162.54,163.53,162.77,157.21,138.35,-0.4,6.35,167.1,158.44
CDW,CDW Corporation,Information Technology,Technology Distributors,160.47,225.45,143.46,162.66,163.99,165.25,168.41,173.14,0.0,6.3,170.58,159.92
COR,Cencora,Health Care,Health Care Distributors,308.36,308.36,217.68,296.08,295.62,294.82,292.52,272.66,0.2,-0.85,305.74,283.9
CNC,Centene Corporation,Health Care,Managed Health Care,34.65,75.35,25.21,32.81,32.78,31.13,28.92,50.59,0.1,0.81,34.93,27.32
CNP,CenterPoint Energy,Utilities,Multi-Utilities,39.01,39.01,27.88,38.41,38.25,37.95,37.92,35.38,0.2,-0.56,38.79,37.1
CF,CF Industries,Materials,Fertilizers & Agricultural Chemicals,91.65,101.88,67.67,86.72,85.99,85.85,87.46,85.27,0.0,-2.59,89.28,82.43
CRL,Charles River Laboratories,Health Care,Life Sciences Tools & Services,149.45,220.69,99.75,153.19,153.52,157.35,159.82,156.49,0.0,11.86,167.17,147.54
SCHW,Charles Schwab Corporation,Financials,Investment Banking & Brokerage,92.37,98.69,62.55,93.66,93.1,94.11,95.35,84.56,-0.2,5.95,97.87,90.35
CHTR,Charter Communications,Communication Services,Cable & Satellite,263.39,427.25,256.57,264.26,263.84,263.68,283.95,350.19,0.4,1.96,268.55,258.82
CVX,Chevron Corporation,Energy,Integrated Oil & Gas,159.18,164.65,130.67,157.54,158.0,157.85,154.63,147.66,0.0,1.78,162.01,153.69
CMG,Chipotle Mexican Grill,Consumer Discretionary,Restaurants,39.55,66.16,38.58,39.7,39.36,40.23,43.26,51.39,-0.2,8.34,42.85,37.62
CB,Chubb Limited,Financials,Property & Casualty Insurance,278.26,301.45,256.04,275.07,275.49,276.02,273.7,279.01,-0.3,1.17,281.52,270.53
CHD,Church & Dwight,Consumer Staples,Household Products,86.86,112.48,86.68,88.63,90.53,92.18,93.35,99.97,-0.2,12.09,97.36,87.0
CI,Cigna,Health Care,Health Care Services,291.43,351.85,260.91,290.85,295.08,297.95,292.26,302.42,0.1,5.7,308.04,287.84
CINF,Cincinnati Financial,Financials,Property & Casualty Insurance,154.52,156.48,125.14,154.79,154.61,153.67,151.48,143.68,-0.2,1.14,156.28,151.07
CTAS,Cintas,Industrials,Diversified Support Services,200.04,227.2,181.05,200.57,200.87,203.45,213.44,208.12,0.0,5.46,210.96,195.93
CSCO,Cisco,Information Technology,Communications Equipment,67.32,71.79,50.8,67.9,67.54,67.75,68.12,62.82,0.2,2.84,69.23,66.27
C,Citigroup,Financials,Diversified Banks,101.65,103.49,57.29,102.65,101.37,98.83,95.64,79.18,0.2,2.79,104.49,93.17
CFG,Citizens Financial Group,Financials,Regional Banks,53.15,53.64,33.59,53.2,52.43,52.17,49.9,43.87,0.0,0.77,53.56,50.78
CLX,Clorox,Consumer Staples,Household Products,123.08,165.31,116.82,121.83,123.02,122.74,123.38,137.19,0.0,3.99,127.99,117.48
CME,CME Group,Financials,Financial Exchanges & Data,264.43,288.01,206.64,261.92,261.53,262.84,270.37,258.61,-0.2,1.43,268.21,257.45
CMS,CMS Energy,Utilities,Multi-Utilities,71.66,74.4,63.54,70.78,70.92,71.14,71.97,69.78,0.0,0.99,72.37,69.9
KO,Coca-Cola Company (The),Consumer Staples,Soft Drinks & Non-alcoholic Beverages,66.45,72.82,59.48,66.45,66.54,67.19,68.31,67.5,-0.2,3.48,68.76,65.61
CTSH,Cognizant,Information Technology,IT Consulting & Other Services,68.36,89.65,65.92,68.28,68.89,70.16,71.36,76.62,-0.2,7.36,73.39,66.93
COIN,Coinbase,Financials,Financial Exchanges & Data,321.77,419.78,151.47,331.88,328.19,317.6,334.41,273.49,0.0,6.61,343.04,292.16
CL,Colgate-Palmolive,Consumer Staples,Household Products,81.13,101.53,79.36,80.67,81.65,82.86,84.55,88.5,0.0,5.98,85.98,79.73
CMCSA,Comcast,Communication Services,Cable & Satellite,31.61,43.96,31.41,31.59,32.18,33.01,33.26,34.76,-0.2,10.5,34.93,31.08
CAG,Conagra Brands,Consumer Staples,Packaged Foods & Meats,18.53,30.87,18.2,18.47,18.75,18.95,18.98,22.68,-0.2,6.21,19.68,18.22
COP,ConocoPhillips,Energy,Oil & Gas Exploration & Production,95.63,111.14,81.29,93.3,93.38,94.45,94.13,93.75,0.2,3.75,99.22,89.68
ED,Consolidated Edison,Utilities,Multi-Utilities,98.81,111.42,85.77,97.33,97.09,97.45,100.08,99.23,0.0,0.69,99.49,95.41
STZ,Constellation Brands,Consumer Staples,Distillers & Vintners,133.39,252.91,131.78,132.92,135.02,142.94,158.73,177.57,0.0,21.42,161.96,123.92
CEG,Constellation Energy,Utilities,Electric Utilities,339.13,354.46,170.52,335.3,329.26,319.1,323.43,279.54,-0.2,1.73,345.0,293.19
COO,Cooper Companies (The),Health Care,Health Care Supplies,68.35,110.34,64.32,67.85,66.93,67.43,70.47,80.48,-0.2,4.61,71.5,63.37
CPRT,Copart,Industrials,Diversified Support Services,45.39,63.84,45.28,45.47,46.54,47.6,47.11,53.82,-0.1,11.19,50.47,44.74
GLW,Corning Inc.,Information Technology,Electronic Components,79.91,81.0,38.69,79.85,78.53,74.31,66.56,52.53,0.0,4.74,83.7,64.92
CPAY,Corpay,Financials,Transaction & Payment Processing Services,296.23,389.55,283.07,300.27,304.41,311.17,318.24,337.24,0.0,11.07,329.02,293.31
CTVA,Corteva,Materials,Fertilizers & Agricultural Chemicals,69.61,76.93,54.65,70.07,70.82,71.99,72.19,65.99,0.0,8.33,75.41,68.56
CSGP,CoStar Group,Real Estate,Real Estate Services,84.05,96.83,69.29,86.41,87.09,87.86,89.69,80.25,-0.2,8.19,90.93,84.79
COST,Costco,Consumer Staples,Consumer Staples Merchandise Retail,945.27,1073.97,869.13,947.13,954.31,954.81,956.46,973.98,0.0,3.25,975.99,933.65
CTRA,Coterra,Energy,Oil & Gas Exploration & Production,23.75,29.06,21.94,23.54,23.95,24.09,23.86,25.3,0.1,4.97,24.93,23.25
CRWD,CrowdStrike,Information Technology,Systems Software,476.33,514.1,275.15,491.75,466.35,444.25,444.55,417.05,0.0,5.72,503.58,384.93
CCI,Crown Castle,Real Estate,Telecom Tower REITs,93.71,112.8,81.15,93.78,93.97,94.76,100.35,96.17,-0.2,4.73,98.14,91.38
CSX,CSX Corporation,Industrials,Rail Transportation,33.82,36.37,26.47,33.5,33.06,32.72,34.13,31.83,0.2,-0.15,33.77,31.67
CMI,Cummins,Industrials,Construction Machinery & Heavy Transportation Equipment,417.98,426.39,264.26,423.4,417.97,408.35,389.25,345.49,0.2,2.88,430.02,386.7
CVS,CVS Health,Health Care,Health Care Services,76.38,76.5,42.33,75.47,74.79,73.8,68.39,62.15,0.0,0.48,76.75,70.85
DHR,Danaher Corporation,Health Care,Life Sciences Tools & Services,185.91,276.83,174.36,190.93,191.18,195.8,199.5,205.98,-0.2,11.66,207.59,184.01
DRI,Darden Restaurants,Consumer Discretionary,Restaurants,186.61,224.21,152.57,187.16,199.28,204.17,205.03,198.32,0.0,20.24,224.38,183.96
DDOG,Datadog,Information Technology,Application Software,136.57,168.65,87.0,137.61,137.12,136.59,136.63,127.17,0.0,3.84,141.81,131.36
DVA,DaVita,Health Care,Health Care Services,133.62,177.35,127.69,131.6,131.35,133.73,136.66,146.15,-0.2,4.45,139.57,127.89
DAY,Dayforce,Industrials,Human Resource & Employment Services,68.83,81.8,49.33,68.83,68.86,69.11,62.84,62.41,0.2,1.47,69.84,68.39
DECK,Deckers Brands,Consumer Discretionary,Footwear,111.23,223.11,95.32,113.14,115.81,117.51,110.6,134.1,-0.1,11.98,124.56,110.45
DE,Deere & Company,Industrials,Agricultural & Farm Machinery,468.94,529.8,385.39,471.08,470.93,474.77,491.58,478.1,0.0,4.18,488.54,461.01
DELL,Dell Technologies,Information Technology,"Technology Hardware, Storage & Peripherals",132.09,142.14,70.88,133.23,130.14,127.77,130.24,112.18,-0.2,3.67,136.94,118.59
DAL,Delta Air Lines,Industrials,Passenger Airlines,57.71,68.45,35.65,58.92,59.0,60.15,57.87,54.42,0.0,8.84,62.81,57.49
DVN,Devon Energy,Energy,Oil & Gas Exploration & Production,35.21,41.79,26.43,34.48,34.61,34.87,33.81,33.19,0.0,2.84,36.21,33.53
DXCM,Dexcom,Health Care,Health Care Equipment,67.5,90.75,59.83,69.69,72.92,75.15,79.1,79.82,-0.2,22.8,82.89,67.4
FANG,Diamondback Energy,Energy,Oil & Gas Exploration & Production,144.61,194.36,117.58,141.19,139.46,141.32,141.84,146.62,0.0,3.77,150.06,132.59
DLR,Digital Realty,Real Estate,Data Center REITs,172.0,190.11,134.22,172.85,173.0,168.7,169.92,164.87,0.0,4.15,179.14,158.27
DG,Dollar General,Consumer Staples,Consumer Staples Merchandise Retail,104.5,116.32,67.66,103.81,104.37,106.65,109.32,92.87,-0.2,7.6,112.44,100.85
DLTR,Dollar Tree,Consumer Staples,Consumer Staples Merchandise Retail,95.9,117.16,61.21,95.71,96.59,100.49,108.37,87.08,-0.2,17.05,112.25,88.72
D,Dominion Energy,Utilities,Multi-Utilities,61.02,61.39,48.51,60.31,60.12,59.42,59.34,55.02,0.0,0.33,61.22,57.62
DPZ,Domino's,Consumer Discretionary,Restaurants,425.3,493.69,397.61,426.59,436.87,447.34,453.0,454.2,-0.2,11.73,475.19,419.49
DASH,DoorDash,Consumer Discretionary,Specialized Consumer Services,260.74,270.99,139.51,264.52,262.12,255.63,251.51,209.07,0.0,3.82,270.7,240.55
DOV,Dover Corporation,Industrials,Industrial Machinery & Supplies & Components,167.29,204.71,150.28,170.15,171.78,174.74,178.39,182.31,0.0,9.15,182.6,166.89
DOW,Dow Inc.,Materials,Commodity Chemicals,23.13,51.44,20.57,23.35,24.0,24.1,24.1,30.59,0.0,9.12,25.24,22.95
DHI,D. R. Horton,Consumer Discretionary,Homebuilding,167.45,192.41,114.44,167.17,170.85,172.67,160.85,138.02,0.2,9.64,183.59,161.73
DTE,DTE Energy,Utilities,Multi-Utilities,138.76,140.36,113.22,136.73,136.06,135.55,136.78,129.82,0.0,-0.48,138.09,133.0
DUK,Duke Energy,Utilities,Electric Utilities,123.64,124.85,102.96,121.96,121.76,121.64,121.54,115.31,0.0,0.08,123.74,119.54
DD,DuPont,Materials,Specialty Chemicals,75.81,87.69,54.51,77.55,77.41,77.13,74.89,72.76,0.2,3.81,78.7,75.56
EMN,Eastman Chemical Company,Materials,Specialty Chemicals,63.83,109.24,58.06,64.8,65.46,66.48,67.74,80.45,0.0,9.09,69.63,63.34
ETN,Eaton Corporation,Industrials,Electrical Components & Equipment,372.21,391.62,244.95,372.96,370.09,360.04,363.93,327.57,-0.2,2.84,382.78,337.29
EBAY,eBay Inc.,Consumer Discretionary,Broadline Retail,93.36,100.46,56.61,91.14,90.81,91.36,90.4,73.7,0.0,0.75,94.06,88.65
ECL,Ecolab,Materials,Specialty Chemicals,267.0,284.78,224.56,266.04,267.58,270.86,271.51,256.53,0.0,4.9,280.08,261.64
EIX,Edison International,Utilities,Electric Utilities,55.04,84.75,47.56,55.17,55.49,55.25,54.39,56.55,-0.1,2.96,56.67,53.83
EW,Edwards Lifesciences,Health Care,Health Care Equipment,74.66,81.83,64.54,74.39,75.39,78.03,78.42,74.71,-0.2,12.23,83.79,72.26
EA,Electronic Arts,Communication Services,Interactive Home Entertainment,167.35,178.81,116.08,172.22,172.08,170.83,165.88,149.14,-0.2,4.89,175.53,166.13
ELV,Elevance Health,Health Care,Managed Health Care,326.38,524.32,273.17,319.5,314.95,313.43,301.29,368.58,0.1,-0.39,325.11,301.75
EMR,Emerson Electric,Industrials,Electrical Components & Equipment,131.92,149.04,93.37,132.09,132.87,132.69,136.08,123.41,0.0,3.51,136.55,128.82
ENPH,Enphase Energy,Information Technology,Semiconductor Materials & Equipment,37.99,117.0,30.11,38.54,38.34,38.01,36.3,50.94,-0.1,5.03,39.9,36.13
ETR,Entergy,Utilities,Electric Utilities,91.59,91.59,62.67,89.64,89.5,88.68,88.58,82.49,0.2,-0.35,91.27,86.09
EOG,EOG Resources,Energy,Oil & Gas Exploration & Production,116.7,134.72,102.81,116.42,117.85,119.6,119.04,119.63,0.1,7.68,125.66,113.53
EPAM,EPAM Systems,Information Technology,IT Consulting & Other Services,156.43,267.63,143.33,155.79,155.55,162.42,162.7,189.44,0.0,14.57,179.22,145.63
EQT,EQT Corporation,Energy,Oil & Gas Exploration & Production,53.08,60.26,34.7,50.52,50.44,50.97,52.05,51.62,0.2,-0.11,53.02,48.93
EFX,Equifax,Industrials,Research & Consulting Services,257.43,298.21,204.69,258.06,258.65,251.68,248.54,252.28,-0.1,4.14,268.09,235.26
EQIX,Equinix,Real Estate,Data Center REITs,789.79,968.75,731.64,793.54,790.35,783.38,780.73,844.3,-0.1,1.95,805.19,761.56
EQR,Equity Residential,Real Estate,Multi-Family Residential REITs,65.16,75.24,61.2,65.21,65.4,65.53,65.2,67.84,-0.1,2.98,67.1,63.96
ERIE,Erie Indemnity,Financials,Insurance Brokers,314.27,537.71,314.27,318.04,322.97,331.09,347.74,377.13,-0.2,12.83,354.59,307.59
ESS,Essex Property Trust,Real Estate,Multi-Family Residential REITs,264.59,308.41,252.08,267.0,266.73,266.3,267.78,279.19,0.0,2.48,271.15,261.44
EL,Estée Lauder Companies (The),Consumer Staples,Personal Care Products,85.33,98.93,49.61,87.22,87.07,88.5,89.21,74.8,0.0,8.73,92.78,84.23
EG,Everest Group,Financials,Reinsurance,345.54,400.34,324.54,337.69,339.04,340.74,336.78,344.68,-0.3,1.59,351.03,330.43
EVRG,Evergy,Utilities,Electric Utilities,73.71,73.71,56.74,72.56,72.29,71.84,71.1,66.22,0.2,-0.57,73.29,70.39
ES,Eversource Energy,Utilities,Electric Utilities,69.1,69.42,52.98,67.12,65.49,64.28,64.65,60.53,0.2,-0.85,68.51,60.05
EXC,Exelon,Utilities,Electric Utilities,44.23,46.54,35.25,43.68,43.47,43.47,43.89,42.25,0.0,0.11,44.28,42.66
EXE,Expand Energy,Energy,Oil & Gas Exploration & Production,103.1,120.67,75.76,99.89,98.43,97.34,97.76,102.7,0.0,-1.56,101.49,93.19
EXPE,Expedia Group,Consumer Discretionary,"Hotels, Resorts & Cruise Lines",217.83,228.24,136.05,221.38,222.89,218.83,203.73,180.91,0.2,4.76,228.2,209.47
EXPD,Expeditors International,Industrials,Air Freight & Logistics,120.98,129.72,102.14,121.16,122.66,121.93,119.06,114.78,0.0,3.41,125.11,118.75
EXR,Extra Space Storage,Real Estate,Self-Storage REITs,137.66,175.34,123.86,139.36,141.94,142.15,141.31,144.39,0.1,7.0,147.3,137.02
XOM,ExxonMobil,Energy,Integrated Oil & Gas,114.56,121.0,98.11,113.46,113.39,112.78,110.08,107.78,0.2,1.21,115.95,109.6
FFIV,"F5, Inc.",Information Technology,Communications Equipment,324.47,334.59,213.57,327.97,326.78,321.79,315.33,286.31,0.2,3.6,336.15,307.42
FDS,FactSet,Financials,Financial Exchanges & Data,286.16,490.93,286.16,292.12,321.86,346.79,376.09,430.41,0.0,44.59,413.76,279.82
FICO,Fair Isaac,Information Technology,Application Software,1543.18,2382.4,1311.26,1523.24,1541.74,1527.82,1465.33,1780.84,-0.1,3.44,1596.27,1459.45
FAST,Fastenal,Industrials,Trading Companies & Distributors,47.54,50.39,33.71,47.49,47.44,48.27,47.86,41.0,0.0,6.12,50.45,46.09
FRT,Federal Realty Investment Trust,Real Estate,Retail REITs,99.13,113.73,82.59,99.73,100.24,100.42,96.81,98.16,-0.3,3.21,102.31,98.53
FDX,FedEx,Industrials,Air Freight & Logistics,233.75,298.15,195.55,231.16,229.33,227.83,227.8,236.83,-0.1,0.15,234.1,221.57
FIS,Fidelity National Information Services,Financials,Transaction & Payment Processing Services,64.13,89.09,63.37,64.7,65.86,67.11,71.75,75.37,-0.2,9.95,70.51,63.71
FITB,Fifth Third Bancorp,Financials,Regional Banks,45.17,47.14,33.02,45.52,45.47,45.55,43.76,40.95,0.2,2.46,46.28,44.83
FSLR,First Solar,Information Technology,Semiconductors,219.17,255.75,120.38,215.24,210.42,205.1,194.2,166.63,0.2,0.38,220.0,190.2
FE,FirstEnergy,Utilities,Electric Utilities,44.08,44.08,37.17,43.57,43.53,43.5,42.85,40.45,0.2,-0.25,43.97,43.03
FI,Fiserv,Financials,Transaction & Payment Processing Services,130.59,237.79,129.82,131.11,132.52,134.38,139.04,183.63,-0.2,6.8,139.47,129.28
F,Ford Motor Company,Consumer Discretionary,Automobile Manufacturers,11.63,11.91,8.45,11.68,11.68,11.68,11.4,10.19,0.0,2.15,11.88,11.48
FTNT,Fortinet,Information Technology,Systems Software,83.6,114.57,74.39,83.82,82.07,80.27,86.71,97.29,0.2,2.02,85.29,75.24
FTV,Fortive,Industrials,Industrial Machinery & Supplies & Components,48.16,62.32,46.49,48.48,48.61,48.16,48.59,53.7,0.2,2.47,49.35,46.97
FOXA,Fox Corporation (Class A),Communication Services,Broadcasting,60.16,62.48,40.72,60.93,59.71,59.82,57.81,53.53,0.0,4.27,62.73,56.91
FOX,Fox Corporation (Class B),Communication Services,Broadcasting,54.3,56.81,37.44,54.86,53.86,54.21,52.69,49.55,0.0,4.73,56.87,51.55
BEN,Franklin Resources,Financials,Asset Management & Custody Banks,23.58,26.03,16.43,24.13,24.3,24.76,24.83,21.41,0.0,10.26,26.0,23.52
FCX,Freeport-McMoRan,Materials,Copper,37.67,51.16,28.93,43.61,44.47,44.82,43.46,39.85,0.2,28.56,48.43,41.21
GRMN,Garmin,Consumer Discretionary,Consumer Electronics,236.44,240.92,159.13,236.52,236.76,236.87,232.23,212.84,0.0,1.84,240.79,232.94
IT,Gartner,Information Technology,IT Consulting & Other Services,262.82,551.8,225.98,258.07,253.05,249.1,274.49,410.54,0.2,0.23,263.42,234.77
GE,GE Aerospace,Industrials,Aerospace & Defense,300.3,305.63,159.16,301.04,293.77,285.54,275.71,223.41,0.2,1.93,306.1,264.97
GEHC,GE HealthCare,Health Care,Health Care Equipment,73.98,93.69,58.69,74.45,75.85,75.35,74.54,76.92,-0.1,7.1,79.23,71.46
GEV,GE Vernova,Industrials,Heavy Electrical Equipment,628.97,664.55,249.37,628.38,626.3,615.96,620.49,445.39,-0.2,4.18,655.26,576.68
GEN,Gen Digital,Information Technology,Systems Software,29.09,32.03,23.31,28.95,28.96,29.38,29.97,28.1,0.0,4.85,30.5,28.26
GNRC,Generac,Industrials,Electrical Components & Equipment,167.36,202.85,101.92,177.26,180.92,181.66,181.02,148.36,-0.2,15.42,193.17,170.16
GD,General Dynamics,Industrials,Aerospace & Defense,323.62,329.62,239.38,323.63,325.26,324.35,317.17,279.67,0.2,1.39,328.12,320.58
GIS,General Mills,Consumer Staples,Packaged Foods & Meats,51.11,71.65,48.44,50.39,50.02,49.85,49.81,55.16,-0.1,0.02,51.12,48.58
GM,General Motors,Consumer Discretionary,Automobile Manufacturers,59.92,59.92,42.24,59.12,58.9,58.51,55.86,50.57,0.2,-0.52,59.61,57.4
GPC,Genuine Parts Company,Consumer Discretionary,Distributors,138.61,142.77,103.92,138.09,139.24,138.81,134.87,122.56,0.2,2.6,142.21,135.41
GILD,Gilead Sciences,Health Care,Biotechnology,113.67,119.64,79.83,113.65,113.47,113.34,113.57,104.99,0.0,2.23,116.2,110.47
GPN,Global Payments,Financials,Transaction & Payment Processing Services,87.11,118.08,67.06,86.56,85.84,86.45,84.71,90.87,-0.3,1.86,88.73,84.16
GL,Globe Life,Financials,Life & Health Insurance,143.3,146.55,102.81,144.83,143.5,141.88,137.93,124.17,0.2,1.86,145.97,137.79
GDDY,GoDaddy,Information Technology,Internet Services & Infrastructure,143.27,214.35,133.35,145.04,145.27,145.83,151.03,177.85,0.0,4.45,149.65,142.03
GS,Goldman Sachs,Financials,Investment Banking & Brokerage,792.43,806.32,457.48,802.72,794.49,770.35,740.45,627.91,0.2,3.89,823.26,717.41
HAL,Halliburton,Energy,Oil & Gas Equipment & Services,24.44,31.1,18.96,23.24,22.72,22.46,21.86,23.12,-0.1,-2.37,23.86,21.06
HIG,Hartford (The),Financials,Property & Casualty Insurance,131.85,134.7,105.0,131.35,131.42,131.72,128.67,120.51,-0.2,1.56,133.91,129.53
HAS,Hasbro,Consumer Discretionary,Leisure Products,75.23,81.85,49.75,74.76,75.67,77.78,77.58,65.41,0.0,10.39,83.05,72.51
HCA,HCA Healthcare,Health Care,Health Care Facilities,416.62,420.02,294.93,407.33,404.48,406.29,386.19,350.26,0.0,0.62,419.2,393.38
DOC,Healthpeak Properties,Real Estate,Health Care REITs,18.65,21.7,16.44,18.6,18.34,18.12,17.65,18.26,0.1,0.64,18.77,17.48
HSIC,Henry Schein,Health Care,Health Care Distributors,67.75,81.91,62.7,68.26,68.44,68.38,68.63,70.84,0.2,3.19,69.91,66.85
HSY,Hershey Company (The),Consumer Staples,Packaged Foods & Meats,190.89,193.45,141.22,190.65,189.39,187.07,183.21,168.26,0.2,1.64,194.02,180.12
HPE,Hewlett Packard Enterprise,Information Technology,"Technology Hardware, Storage & Peripherals",24.46,25.24,12.35,24.91,24.75,23.94,22.09,19.47,0.2,5.44,25.79,22.08
HLT,Hilton Worldwide,Consumer Discretionary,"Hotels, Resorts & Cruise Lines",263.17,278.5,201.05,265.67,269.29,272.43,270.31,252.19,0.0,7.14,281.96,262.88
HOLX,Hologic,Health Care,Health Care Equipment,66.4,83.72,52.73,67.19,66.21,66.37,66.6,64.97,0.2,3.69,68.85,63.88
HD,Home Depot (The),Consumer Discretionary,Home Improvement Retail,409.77,423.6,331.29,413.17,417.31,413.86,395.27,379.07,-0.2,4.13,426.69,401.01
HON,Honeywell,Industrials,Industrial Conglomerates,208.6,239.16,180.99,209.3,210.76,213.57,218.84,216.4,-0.2,6.05,221.22,205.91
HRL,Hormel Foods,Consumer Staples,Packaged Foods & Meats,24.71,32.6,24.31,24.65,24.84,25.27,27.36,29.16,0.0,9.79,27.13,23.41
HST,Host Hotels & Resorts,Real Estate,Hotel & Resort REITs,17.37,18.25,12.54,17.4,17.51,17.43,16.6,15.82,0.2,2.42,17.79,17.08
HWM,Howmet Aerospace,Industrials,Aerospace & Defense,190.22,193.58,98.36,191.6,189.01,183.18,181.81,150.27,0.2,3.21,196.33,170.04
HPQ,HP Inc.,Information Technology,"Technology Hardware, Storage & Peripherals",27.5,37.77,21.42,28.14,28.04,28.22,26.66,27.85,-0.3,6.36,29.25,27.19
HUBB,Hubbell Incorporated,Industrials,Industrial Machinery & Supplies & Components,431.16,466.13,313.96,437.28,438.16,437.51,433.0,397.66,0.0,3.95,448.19,426.82
HUM,Humana,Health Care,Managed Health Care,261.97,315.37,220.41,259.14,266.8,283.29,268.92,259.93,0.0,23.57,323.72,242.86
HBAN,Huntington Bancshares,Financials,Regional Banks,17.37,17.87,12.26,17.53,17.51,17.54,16.9,15.84,0.0,2.65,17.83,17.25
HII,Huntington Ingalls Industries,Industrials,Aerospace & Defense,277.51,277.51,156.78,275.9,274.9,272.89,267.31,220.97,0.2,0.32,278.4,267.38
IBM,IBM,Information Technology,IT Consulting & Other Services,267.53,292.8,199.27,268.51,262.58,255.66,254.26,249.24,0.2,2.5,274.22,237.11
IEX,IDEX Corporation,Industrials,Industrial Machinery & Supplies & Components,159.76,233.54,157.53,160.57,161.25,162.39,166.93,184.15,0.0,4.28,166.6,158.19
IDXX,Idexx Laboratories,Health Care,Health Care Equipment,627.17,682.78,361.04,646.26,644.81,644.32,618.73,498.33,-0.2,5.01,658.59,630.06
ITW,Illinois Tool Works,Industrials,Industrial Machinery & Supplies & Components,259.56,273.51,217.09,261.42,262.5,263.45,261.14,252.23,0.2,3.15,267.74,259.18
INCY,Incyte,Health Care,Biotechnology,84.16,86.96,55.17,85.19,84.71,85.18,80.79,70.52,0.2,3.99,87.52,82.85
IR,Ingersoll Rand,Industrials,Industrial Machinery & Supplies & Components,80.91,105.27,66.72,81.43,80.27,79.94,80.9,83.8,-0.2,2.03,82.55,77.33
PODD,Insulet Corporation,Health Care,Health Care Equipment,326.97,352.82,227.79,330.85,332.86,338.19,316.5,288.5,-0.2,8.24,353.91,322.46
INTC,Intel,Information Technology,Semiconductors,31.22,31.22,18.13,29.89,27.31,25.91,23.67,21.87,0.2,-1.89,30.63,21.19
IBKR,Interactive Brokers,Financials,Investment Banking & Brokerage,64.46,67.54,33.62,64.82,63.82,63.15,63.48,52.28,-0.2,2.2,65.88,60.42
ICE,Intercontinental Exchange,Financials,Financial Exchanges & Data,168.05,187.92,141.62,169.43,171.17,172.82,178.51,169.1,-0.2,5.86,177.9,167.76
IFF,International Flavors & Fragrances,Materials,Specialty Chemicals,62.54,104.49,62.2,62.88,63.86,64.98,67.92,76.25,0.0,8.94,68.13,61.82
IP,International Paper,Materials,Paper & Plastic Packaging Products & Materials,46.25,58.45,43.05,46.46,46.36,47.28,48.43,49.89,0.0,7.37,49.66,44.91
IPG,Interpublic Group of Companies (The),Communication Services,Advertising,26.3,30.52,22.33,25.91,26.16,26.37,25.68,25.5,0.0,3.27,27.16,25.57
INTU,Intuit,Information Technology,Application Software,694.79,807.39,542.39,691.79,673.08,669.99,714.06,664.04,0.2,0.79,700.28,639.7
ISRG,Intuitive Surgical,Health Care,Health Care Equipment,443.99,610.45,433.66,442.17,441.85,452.8,473.32,520.99,0.0,8.4,481.29,424.33
IVZ,Invesco,Financials,Asset Management & Custody Banks,22.18,22.65,11.86,22.46,22.39,22.18,21.29,17.06,0.2,2.48,22.73,21.63
INVH,Invitation Homes,Real Estate,Single-Family Residential REITs,29.21,35.27,29.21,29.55,29.74,30.12,30.65,32.0,0.0,6.88,31.22,29.01
IQV,IQVIA,Health Care,Life Sciences Tools & Services,181.24,240.73,137.0,186.59,187.03,187.0,185.68,177.32,-0.2,5.91,191.95,182.05
IRM,Iron Mountain,Real Estate,Other Specialized REITs,101.23,124.18,75.72,101.72,100.22,95.99,94.76,95.2,0.1,4.47,105.75,86.23
JBHT,J.B. Hunt,Industrials,Cargo Ground Transportation,132.87,195.43,123.94,132.62,135.11,139.27,142.75,150.65,0.0,12.42,149.37,129.18
JBL,Jabil,Information Technology,Electronic Manufacturing Services,225.28,234.45,112.64,228.12,221.2,214.6,217.25,174.24,0.0,3.21,232.51,196.69
JKHY,Jack Henry & Associates,Financials,Transaction & Payment Processing Services,151.5,189.99,150.02,151.88,155.82,158.72,164.32,172.36,-0.2,10.3,167.1,150.33
J,Jacobs Solutions,Industrials,Construction & Engineering,147.46,151.85,109.18,148.95,148.04,146.64,145.16,131.43,0.2,2.16,150.65,142.64
JNJ,Johnson & Johnson,Health Care,Pharmaceuticals,176.69,178.76,138.72,175.57,176.55,176.95,172.86,156.89,-0.4,1.6,179.52,174.38
JCI,Johnson Controls,Industrials,Building Products,106.54,111.73,70.88,108.26,107.88,107.48,106.98,92.22,0.0,2.89,109.62,105.33
JPM,JPMorgan Chase,Financials,Diversified Banks,313.42,314.78,200.72,313.32,310.89,304.97,297.74,264.49,0.2,1.54,318.25,291.69
K,Kellanova,Consumer Staples,Packaged Foods & Meats,76.96,81.71,76.96,77.31,78.27,78.74,79.13,80.05,0.0,4.66,80.55,76.94
KVUE,Kenvue,Consumer Staples,Personal Care Products,16.86,24.0,16.86,17.5,18.01,18.91,20.53,21.55,0.0,27.05,21.42,16.4
KDP,Keurig Dr Pepper,Consumer Staples,Soft Drinks & Non-alcoholic Beverages,26.25,36.99,25.95,26.6,26.88,27.77,31.35,32.43,0.2,14.21,29.98,25.57
KEY,KeyCorp,Financials,Regional Banks,18.77,19.23,12.92,18.89,18.88,18.99,18.41,16.69,0.0,3.2,19.37,18.62
KEYS,Keysight Technologies,Information Technology,Electronic Equipment & Instruments,174.41,185.11,127.02,177.1,174.51,170.63,166.62,161.55,0.2,3.15,179.9,161.35
KMB,Kimberly-Clark,Consumer Staples,Household Products,123.93,144.6,121.02,124.39,125.55,127.03,128.59,130.91,0.0,5.93,131.28,122.79
KIM,Kimco Realty,Real Estate,Retail REITs,21.63,24.65,18.27,21.88,22.07,22.2,21.65,21.2,-0.2,5.13,22.74,21.65
KMI,Kinder Morgan,Energy,Oil & Gas Storage & Transportation,27.82,30.24,20.76,27.51,27.48,27.15,27.09,27.01,0.0,0.47,27.95,26.34
KKR,KKR & Co.,Financials,Asset Management & Custody Banks,137.94,166.38,92.52,146.08,145.22,141.7,143.37,133.66,0.0,9.01,150.37,133.04
KLAC,KLA Corporation,Information Technology,Semiconductor Materials & Equipment,1068.67,1071.25,573.9,1060.52,1019.53,953.91,923.71,781.67,0.0,3.29,1103.83,803.96
KHC,Kraft Heinz,Consumer Staples,Packaged Foods & Meats,26.74,34.07,25.24,26.44,26.21,26.61,27.09,27.79,0.0,3.93,27.79,25.43
KR,Kroger,Consumer Staples,Food Retail,65.55,73.97,54.1,65.4,66.36,67.1,69.5,66.36,-0.2,5.74,69.31,64.89
LHX,L3Harris,Industrials,Aerospace & Defense,284.0,286.19,191.79,284.24,282.9,278.35,273.78,233.51,0.2,1.49,288.23,268.47
LH,Labcorp,Health Care,Health Care Services,279.35,279.94,209.65,278.52,277.58,276.87,268.8,247.97,0.0,0.62,281.08,272.67
LRCX,Lam Research,Information Technology,Semiconductor Materials & Equipment,128.32,132.2,58.94,129.14,123.98,113.19,105.19,86.02,0.0,6.51,136.67,89.71
LW,Lamb Weston,Consumer Staples,Packaged Foods & Meats,53.77,80.72,47.73,55.12,55.86,56.32,55.12,55.88,-0.1,8.67,58.43,54.21
LVS,Las Vegas Sands,Consumer Discretionary,Casinos & Gaming,52.99,57.71,30.35,53.2,53.19,54.37,53.1,45.43,0.2,8.91,57.71,51.03
LDOS,Leidos,Industrials,Diversified Support Services,187.4,199.29,125.82,187.4,185.43,182.5,175.12,152.53,0.2,1.08,189.42,175.57
LEN,Lennar,Consumer Discretionary,Homebuilding,125.69,180.59,101.84,126.21,130.9,133.58,126.26,120.47,0.0,14.95,144.48,122.69
LII,Lennox International,Industrials,Building Products,522.44,674.16,506.5,533.66,542.83,551.9,584.82,587.38,-0.2,11.28,581.37,522.43
LLY,Lilly (Eli),Health Care,Pharmaceuticals,741.85,925.78,624.28,751.74,754.34,746.46,736.68,782.21,-0.1,3.56,768.26,724.65
LIN,Linde plc,Materials,Industrial Gases,474.13,483.59,408.92,477.37,478.05,476.23,472.76,454.65,0.0,2.15,484.32,468.14
LYV,Live Nation Entertainment,Communication Services,Movies & Entertainment,162.08,174.06,104.66,163.95,167.97,167.14,159.93,143.01,-0.2,7.77,174.67,159.61
LKQ,LKQ Corporation,Consumer Discretionary,Distributors,30.39,43.02,28.96,30.58,31.23,31.74,31.8,36.99,0.0,9.67,33.33,30.16
LMT,Lockheed Martin,Industrials,Aerospace & Defense,486.25,597.79,407.77,479.97,476.26,466.07,446.17,457.16,-0.1,0.58,489.07,443.08
L,Loews Corporation,Financials,Multi-line Insurance,99.26,99.26,76.27,97.65,97.35,96.93,94.72,88.6,0.2,-0.69,98.58,95.28
LOW,Lowe's,Consumer Discretionary,Home Improvement Retail,257.33,278.66,209.46,262.06,266.51,265.1,249.06,237.96,-0.2,7.33,276.19,254.02
LULU,Lululemon Athletica,Consumer Discretionary,"Apparel, Accessories & Luxury Goods",179.22,421.16,159.87,173.07,167.68,178.0,194.83,290.75,-0.2,18.28,211.98,144.01
LYB,LyondellBasell,Materials,Specialty Chemicals,51.37,89.15,47.21,51.51,52.7,53.91,54.91,61.73,0.0,11.78,57.42,50.41
MTB,M&T Bank,Financials,Regional Banks,199.44,215.8,154.27,200.28,198.85,199.26,194.15,185.6,0.0,1.51,202.45,196.07
MPC,Marathon Petroleum,Energy,Oil & Gas Refining & Marketing,193.1,193.1,117.23,188.34,185.19,182.66,173.56,154.52,0.2,-1.31,190.57,174.75
MKTX,MarketAxess,Financials,Financial Exchanges & Data,179.04,289.47,178.32,178.92,181.61,182.97,192.11,209.8,0.0,5.95,189.69,176.24
MAR,Marriott International,Consumer Discretionary,"Hotels, Resorts & Cruise Lines",262.14,302.22,210.04,264.11,265.01,265.77,266.39,264.54,0.0,3.39,271.03,260.51
MMC,Marsh McLennan,Financials,Insurance Brokers,199.66,243.22,196.15,197.42,198.58,201.46,204.42,218.02,-0.4,4.65,208.94,193.96
MLM,Martin Marietta Materials,Materials,Construction Materials,606.8,631.12,451.25,616.2,615.85,616.43,600.94,542.29,0.2,3.51,628.1,604.79
MAS,Masco,Industrials,Building Products,71.58,84.25,58.18,71.88,72.75,73.31,71.11,69.43,0.2,6.09,75.94,70.68
MA,Mastercard,Financials,Transaction & Payment Processing Services,568.81,598.96,478.51,578.7,583.06,586.1,577.6,553.79,0.0,5.68,601.12,571.1
MTCH,Match Group,Communication Services,Interactive Media & Services,36.1,38.77,26.87,37.31,37.48,37.58,36.29,32.46,-0.4,7.84,38.93,36.24
MKC,McCormick & Company,Consumer Staples,Packaged Foods & Meats,65.2,83.73,64.3,65.17,66.45,68.17,69.68,74.38,-0.2,11.18,72.49,63.85
MCD,McDonald's,Consumer Discretionary,Restaurants,304.33,317.67,275.0,302.81,303.82,308.24,304.87,300.12,0.0,4.69,318.6,297.89
MCK,McKesson Corporation,Health Care,Health Care Distributors,760.58,760.58,476.95,717.47,710.71,701.3,696.46,665.32,0.0,-2.72,739.89,662.71
MDT,Medtronic,Health Care,Health Care Equipment,95.74,95.74,78.03,95.2,94.65,93.7,92.33,87.22,0.0,0.26,95.99,91.41
MRK,Merck & Co.,Health Care,Pharmaceuticals,79.67,111.5,72.03,80.61,81.26,82.35,81.9,84.77,0.1,6.98,85.23,79.46
META,Meta Platforms,Communication Services,Interactive Media & Services,760.66,789.47,483.96,767.76,766.21,756.88,748.81,662.26,0.0,3.01,783.56,730.16
MET,MetLife,Financials,Life & Health Insurance,80.64,86.38,67.4,80.03,79.92,80.15,78.26,78.91,-0.3,1.6,81.93,78.37
MTD,Mettler Toledo,Health Care,Life Sciences Tools & Services,1242.28,1499.7,970.15,1262.01,1266.25,1276.14,1266.27,1218.64,0.2,5.65,1312.47,1239.87
MGM,MGM Resorts,Consumer Discretionary,Casinos & Gaming,34.55,41.99,25.79,35.11,35.17,36.48,36.61,34.13,0.0,15.63,39.95,33.02
MCHP,Microchip Technology,Information Technology,Semiconductors,65.85,78.29,34.83,65.47,65.05,64.97,66.63,58.74,0.0,1.38,66.76,63.18
MU,Micron Technology,Information Technology,Semiconductors,161.71,168.89,64.66,164.87,160.87,143.35,126.52,104.02,0.0,11.74,180.69,106.0
MSFT,Microsoft,Information Technology,Systems Software,510.15,534.76,353.33,512.04,510.55,506.95,511.64,448.3,-0.2,1.65,518.57,495.35
MAA,Mid-America Apartment Communities,Real Estate,Multi-Family Residential REITs,140.43,167.59,138.38,140.84,141.0,142.55,143.82,151.3,0.0,4.39,146.59,138.5
MRNA,Moderna,Health Care,Biotechnology,25.88,66.83,23.51,25.78,25.15,24.82,27.36,30.95,0.0,1.66,26.31,23.33
MHK,Mohawk Industries,Consumer Discretionary,Home Furnishings,127.86,161.25,97.99,129.57,132.88,133.61,126.16,116.35,-0.2,10.25,140.97,126.26
MOH,Molina Healthcare,Health Care,Managed Health Care,190.71,353.24,152.31,182.0,180.82,179.09,172.9,269.69,0.1,-1.15,188.52,169.67
TAP,Molson Coors Beverage Company,Consumer Staples,Brewers,45.31,61.78,44.09,45.59,46.76,48.27,49.36,53.68,-0.2,14.76,52.0,44.54
MDLZ,Mondelez International,Consumer Staples,Packaged Foods & Meats,64.39,72.5,55.34,63.73,62.98,62.34,63.94,63.53,0.0,-0.25,64.23,60.45
MPWR,Monolithic Power Systems,Information Technology,Semiconductors,908.45,936.74,454.23,915.93,883.86,867.08,817.37,680.94,0.2,2.31,929.44,804.71
MNST,Monster Beverage,Consumer Staples,Soft Drinks & Non-alcoholic Beverages,64.93,66.52,46.16,64.43,64.77,63.76,62.41,57.94,0.0,2.03,66.25,61.27
MCO,Moody's Corporation,Financials,Financial Exchanges & Data,474.8,524.53,395.22,480.59,496.25,500.36,506.45,481.84,-0.2,10.74,525.79,474.93
MS,Morgan Stanley,Financials,Investment Banking & Brokerage,157.88,160.76,98.35,159.7,158.12,154.12,147.5,130.83,0.2,3.17,162.88,145.36
MOS,Mosaic Company (The),Materials,Fertilizers & Agricultural Chemicals,35.93,37.55,22.47,34.31,34.09,33.47,33.76,30.09,0.0,-2.09,35.18,31.75
MSI,Motorola Solutions,Information Technology,Communications Equipment,455.13,499.65,392.79,469.62,475.5,475.0,455.68,438.94,-0.4,7.44,488.99,461.01
MSCI,MSCI Inc.,Financials,Financial Exchanges & Data,566.42,630.0,503.37,563.83,571.01,567.07,561.81,567.7,-0.1,3.41,585.73,548.38
NDAQ,"Nasdaq, Inc.",Financials,Financial Exchanges & Data,87.15,96.67,66.01,88.79,91.2,92.69,93.4,82.9,-0.2,11.91,97.53,87.86
NTAP,NetApp,Information Technology,"Technology Hardware, Storage & Peripherals",123.25,129.06,75.73,124.56,124.34,121.14,112.37,106.18,0.2,5.1,129.54,112.74
NFLX,Netflix,Communication Services,Movies & Entertainment,1203.95,1339.13,687.65,1216.91,1210.77,1223.41,1210.88,1084.61,0.2,4.92,1263.18,1183.68
NEM,Newmont,Materials,Gold,83.47,84.67,36.49,82.38,80.79,77.94,70.49,53.54,0.0,1.71,84.9,70.99
NWSA,News Corp (Class A),Communication Services,Publishing,30.23,30.81,23.89,30.54,30.13,29.68,29.49,28.22,0.0,2.25,30.91,28.45
NWS,News Corp (Class B),Communication Services,Publishing,33.59,35.06,26.86,33.8,33.23,33.2,33.56,32.14,-0.2,2.98,34.59,31.82
NEE,NextEra Energy,Utilities,Multi-Utilities,73.83,82.85,63.11,72.07,71.5,71.47,72.34,70.15,0.2,-0.28,73.62,69.32
NKE,"Nike, Inc.",Consumer Discretionary,"Apparel, Accessories & Luxury Goods",71.22,87.5,52.64,71.28,72.18,73.71,74.74,69.39,-0.2,9.11,77.71,69.72
NI,NiSource,Utilities,Multi-Utilities,42.38,43.33,32.78,41.15,40.74,40.99,41.6,39.01,0.2,1.18,42.88,39.1
NDSN,Nordson Corporation,Industrials,Industrial Machinery & Supplies & Components,223.12,260.48,166.29,225.2,225.28,224.39,219.33,209.95,0.2,2.18,227.98,220.79
NSC,Norfolk Southern,Industrials,Rail Transportation,293.32,293.32,204.09,288.47,282.43,279.49,279.03,249.09,0.2,-0.61,291.53,267.44
NTRS,Northern Trust,Financials,Asset Management & Custody Banks,129.51,132.22,83.34,131.11,130.34,129.6,127.96,110.11,0.0,2.2,132.36,126.84
NOC,Northrop Grumman,Industrials,Aerospace & Defense,586.27,594.87,427.78,577.26,577.62,579.91,574.76,504.05,0.0,0.6,589.79,570.05
NCLH,Norwegian Cruise Line Holdings,Consumer Discretionary,"Hotels, Resorts & Cruise Lines",25.23,29.07,15.5,25.37,25.74,25.46,24.68,22.42,0.0,5.35,26.58,24.34
NRG,NRG Energy,Utilities,Independent Power Producers & Energy Traders,165.58,173.91,83.06,166.51,165.02,157.07,155.54,125.63,0.2,5.51,174.7,139.43
NUE,Nucor,Materials,Steel,136.4,165.5,102.79,134.79,138.63,142.3,142.45,128.15,0.0,11.77,152.45,132.14
NVDA,Nvidia,Information Technology,Semiconductors,176.97,183.61,94.3,178.38,176.98,175.11,176.32,141.46,0.0,3.92,183.91,166.3
NVR,"NVR, Inc.",Consumer Discretionary,Homebuilding,8036.63,9924.4,6700.0,8043.03,8178.82,8221.97,8013.39,7651.98,0.0,6.78,8581.51,7862.27
NXPI,NXP Semiconductors,Information Technology,Semiconductors,227.66,250.84,152.09,225.91,222.97,225.61,223.2,209.39,0.0,4.0,236.77,214.45
ORLY,O’Reilly Automotive,Consumer Discretionary,Automotive Retail,103.47,107.82,74.66,103.65,104.98,104.84,101.82,91.8,-0.2,4.03,107.64,102.05
OXY,Occidental Petroleum,Energy,Oil & Gas Exploration & Production,46.89,54.77,35.72,46.51,46.46,46.41,44.95,44.94,-0.2,2.52,48.07,44.74
ODFL,Old Dominion,Industrials,Cargo Ground Transportation,141.06,230.37,138.93,140.51,143.09,146.37,151.05,166.92,0.0,9.75,154.81,137.92
OMC,Omnicom Group,Communication Services,Advertising,77.07,101.86,68.6,75.79,76.43,77.09,75.27,77.29,-0.3,3.05,79.42,74.76
ON,ON Semiconductor,Information Technology,Semiconductors,50.94,74.7,31.95,51.15,50.05,49.58,51.92,50.38,0.0,2.28,52.1,47.07
OKE,Oneok,Energy,Oil & Gas Storage & Transportation,73.67,112.93,71.36,72.6,72.74,73.34,75.67,86.17,-0.2,3.23,76.05,70.63
ORCL,Oracle Corporation,Information Technology,Application Software,308.46,328.33,122.56,311.14,306.6,274.05,256.81,189.81,0.2,14.33,352.66,195.46
OTIS,Otis Worldwide,Industrials,Industrial Machinery & Supplies & Components,88.73,104.22,84.52,89.34,89.36,88.1,88.81,94.4,0.0,2.48,90.93,85.27
PCAR,Paccar,Industrials,Construction Machinery & Heavy Transportation Equipment,96.89,113.98,85.82,98.52,100.28,99.58,98.69,99.04,0.1,6.86,103.54,95.62
PKG,Packaging Corporation of America,Materials,Paper & Plastic Packaging Products & Materials,215.32,242.86,173.82,213.4,213.2,213.71,205.08,202.74,0.0,1.3,218.12,209.3
PLTR,Palantir Technologies,Information Technology,Application Software,179.56,186.97,36.46,180.16,174.64,166.22,165.06,117.81,0.0,3.48,185.81,146.63
PANW,Palo Alto Networks,Information Technology,Systems Software,200.7,208.28,152.44,205.2,202.64,197.83,189.37,187.62,0.4,4.5,209.73,185.93
PSKY,Paramount Skydance Corporation,Communication Services,Movies & Entertainment,19.12,19.73,10.05,18.85,18.44,16.65,14.56,12.16,0.2,6.64,20.39,12.91
PH,Parker Hannifin,Industrials,Industrial Machinery & Supplies & Components,748.76,769.67,514.56,756.05,756.12,757.24,741.05,670.09,0.0,2.99,771.15,743.32
PAYX,Paychex,Industrials,Human Resource & Employment Services,128.27,158.58,128.27,129.82,131.57,133.99,138.28,143.7,-0.2,9.44,140.38,127.6
PAYC,Paycom,Industrials,Human Resource & Employment Services,217.42,265.28,158.91,218.07,218.56,221.2,225.19,223.87,0.0,5.51,229.4,213.01
PYPL,PayPal,Financials,Transaction & Payment Processing Services,67.86,91.81,57.41,67.92,67.63,68.18,69.85,73.76,0.0,3.88,70.49,65.87
PNR,Pentair,Industrials,Industrial Machinery & Supplies & Components,109.0,112.59,75.76,110.2,110.57,109.73,106.64,98.58,0.2,3.4,112.71,106.75
PEP,PepsiCo,Consumer Staples,Soft Drinks & Non-alcoholic Beverages,142.17,169.55,125.83,141.52,141.72,143.58,143.51,140.62,0.0,4.59,148.7,138.47
PFE,Pfizer,Health Care,Pharmaceuticals,24.09,28.21,20.83,24.09,24.11,24.43,24.53,24.19,0.0,4.65,25.21,23.65
PCG,PG&E Corporation,Utilities,Multi-Utilities,14.66,21.53,13.0,14.77,15.04,15.08,14.75,16.15,0.1,6.82,15.66,14.5
PM,Philip Morris International,Consumer Staples,Tobacco,163.0,183.57,115.19,162.69,163.84,164.08,166.44,156.27,0.2,3.2,168.22,159.93
PSX,Phillips 66,Energy,Oil & Gas Refining & Marketing,136.59,136.59,91.09,131.9,132.02,132.03,126.62,118.65,0.2,-1.01,135.21,128.85
PNW,Pinnacle West Capital,Utilities,Multi-Utilities,87.14,93.78,79.36,86.58,86.89,87.83,89.91,88.71,-0.2,3.74,90.4,85.26
PNC,PNC Financial Services,Financials,Diversified Banks,204.08,209.23,146.94,204.58,203.48,204.11,197.79,183.96,0.0,1.92,208.0,200.21
POOL,Pool Corporation,Consumer Discretionary,Distributors,310.71,385.63,283.92,315.86,321.15,319.42,315.49,319.7,0.1,8.19,336.16,302.69
PPG,PPG Industries,Materials,Specialty Chemicals,105.48,131.36,90.49,107.93,108.81,109.54,110.23,111.42,-0.2,7.0,112.86,106.22
PPL,PPL Corporation,Utilities,Electric Utilities,36.5,36.96,30.49,35.95,35.9,35.92,36.01,34.15,-0.2,0.22,36.58,35.26
PFG,Principal Financial Group,Financials,Life & Health Insurance,81.84,87.94,68.21,81.99,81.86,80.88,79.04,78.36,0.0,1.77,83.29,78.47
PG,Procter & Gamble,Consumer Staples,Personal Care Products,152.42,176.3,150.47,154.27,156.31,157.2,156.01,161.61,-0.1,6.08,161.69,152.7
PGR,Progressive Corporation,Financials,Property & Casualty Insurance,240.0,291.0,234.89,240.82,243.54,244.72,245.54,258.88,-0.2,4.29,250.3,239.14
PLD,Prologis,Real Estate,Industrial REITs,112.86,122.49,88.13,113.98,113.92,112.67,109.2,107.87,0.2,2.5,115.68,109.66
PRU,Prudential Financial,Financials,Life & Health Insurance,103.32,124.75,92.74,103.35,104.13,105.78,104.48,106.42,0.1,6.83,110.38,101.17
PEG,Public Service Enterprise Group,Utilities,Electric Utilities,82.4,91.66,75.92,81.83,81.85,81.45,83.86,81.73,0.0,0.97,83.2,79.7
PTC,PTC Inc.,Information Technology,Application Software,203.6,216.53,136.74,205.14,205.09,208.46,207.58,180.09,0.2,6.76,217.36,199.55
PSA,Public Storage,Real Estate,Self-Storage REITs,280.71,350.81,260.94,281.09,284.22,286.66,283.75,289.76,0.1,5.1,295.03,278.29
PHM,PulteGroup,Consumer Discretionary,Homebuilding,130.9,147.88,91.67,131.24,133.41,134.18,126.06,110.8,0.2,7.56,140.8,127.56
PWR,Quanta Services,Industrials,Construction & Engineering,402.87,421.68,236.56,393.53,387.97,383.1,388.64,331.9,0.0,-0.82,399.57,366.64
QCOM,Qualcomm,Information Technology,Semiconductors,173.55,174.12,123.21,169.56,166.17,162.6,157.29,154.44,0.2,-1.03,171.76,153.43
DGX,Quest Diagnostics,Health Care,Health Care Services,186.82,186.97,144.81,185.08,183.48,182.13,177.53,169.08,0.4,-0.03,186.76,177.49
RL,Ralph Lauren Corporation,Consumer Discretionary,"Apparel, Accessories & Luxury Goods",312.01,320.75,181.73,311.35,312.48,310.12,299.78,259.87,0.0,3.62,323.3,296.95
RJF,Raymond James Financial,Financials,Investment Banking & Brokerage,171.91,175.81,120.78,174.21,171.98,169.77,166.56,154.14,0.0,2.36,175.97,163.57
RTX,RTX Corporation,Industrials,Aerospace & Defense,161.38,161.38,112.45,159.56,158.65,157.95,156.04,135.23,0.0,0.63,162.4,153.49
O,Realty Income,Real Estate,Retail REITs,59.98,61.45,49.6,59.37,59.73,59.16,58.01,55.29,0.0,1.32,60.77,57.56
REG,Regency Centers,Real Estate,Retail REITs,71.38,75.5,64.21,70.84,70.89,71.42,71.02,70.7,0.0,2.34,73.05,69.78
REGN,Regeneron Pharmaceuticals,Health Care,Biotechnology,576.98,1087.32,482.34,586.25,579.26,574.65,568.21,613.61,-0.1,3.91,599.54,549.77
RF,Regions Financial Corporation,Financials,Regional Banks,26.66,27.4,17.95,26.9,26.91,26.98,26.05,23.11,-0.2,2.89,27.43,26.53
RSG,Republic Services,Industrials,Environmental & Facilities Services,227.4,257.46,196.49,226.97,227.53,229.61,233.79,232.37,0.0,3.59,235.56,223.66
RMD,ResMed,Health Care,Health Care Equipment,274.19,293.73,203.67,274.14,273.09,274.15,276.61,246.51,-0.4,2.35,280.63,267.67
RVTY,Revvity,Health Care,Health Care Equipment,84.49,127.41,82.5,86.19,85.42,85.97,89.45,101.33,0.2,6.46,89.95,82.0
ROK,Rockwell Automation,Industrials,Electrical Components & Equipment,342.48,357.15,217.21,345.39,345.58,344.13,345.45,299.89,-0.2,2.59,351.35,336.93
ROL,"Rollins, Inc.",Industrials,Environmental & Facilities Services,56.11,58.48,45.24,55.66,56.17,56.42,56.92,53.54,0.0,3.14,57.87,54.97
ROP,Roper Technologies,Information Technology,Electronic Equipment & Instruments,505.68,592.1,501.26,506.59,508.02,515.34,531.03,551.48,-0.2,5.31,532.53,498.16
ROST,Ross Stores,Consumer Discretionary,Apparel Retail,149.43,154.88,122.22,146.41,147.12,148.5,144.22,140.61,0.0,2.26,152.81,144.2
RCL,Royal Caribbean Group,Consumer Discretionary,"Hotels, Resorts & Cruise Lines",327.03,365.84,171.67,328.25,330.25,342.49,334.99,266.0,0.0,13.51,371.21,313.78
SPGI,S&P Global,Financials,Financial Exchanges & Data,490.74,563.17,436.73,501.61,523.25,533.45,540.26,513.35,-0.2,16.45,571.47,495.41
CRM,Salesforce,Information Technology,Application Software,245.89,365.66,231.26,246.3,244.29,247.52,249.77,282.31,0.2,4.69,257.42,237.64
SBAC,SBA Communications,Real Estate,Telecom Tower REITs,195.23,244.52,189.91,197.99,198.6,198.78,214.25,216.14,0.0,6.13,207.2,190.37
SLB,Schlumberger,Energy,Oil & Gas Equipment & Services,34.61,44.26,31.43,34.44,34.86,35.36,34.37,36.49,0.1,6.21,36.76,33.96
STX,Seagate Technology,Information Technology,"Technology Hardware, Storage & Peripherals",223.7,229.33,66.19,223.81,214.74,197.36,171.0,118.25,0.0,6.35,237.9,156.83
SRE,Sempra,Utilities,Multi-Utilities,87.28,92.47,63.23,84.28,83.75,82.69,81.61,77.72,0.4,-1.39,86.07,79.31
NOW,ServiceNow,Information Technology,Systems Software,933.37,1170.39,721.65,943.54,941.48,929.43,921.83,961.26,0.1,3.34,964.54,894.27
SHW,Sherwin-Williams,Materials,Specialty Chemicals,342.96,397.11,312.15,346.04,351.94,358.75,353.82,349.59,0.2,10.08,377.53,339.99
SPG,Simon Property Group,Real Estate,Retail REITs,183.13,184.13,136.92,181.84,182.24,180.36,171.89,164.91,0.0,1.03,185.02,175.71
SWKS,Skyworks Solutions,Information Technology,Semiconductors,80.66,96.35,48.25,80.17,77.16,75.93,73.36,72.57,0.2,0.99,81.46,70.4
SJM,J.M. Smucker Company (The),Consumer Staples,Packaged Foods & Meats,110.32,116.99,93.48,108.37,107.25,108.71,109.04,107.44,0.0,3.58,114.27,103.14
SW,Smurfit Westrock,Materials,Paper & Plastic Packaging Products & Materials,43.25,55.13,37.46,43.71,44.12,45.25,44.97,46.2,0.1,10.71,47.88,42.63
SNA,Snap-on,Industrials,Industrial Machinery & Supplies & Components,339.47,364.18,276.48,338.77,336.45,331.18,326.94,326.18,0.0,1.13,343.31,319.07
SOLV,Solventum,Health Care,Health Care Technology,71.82,84.04,63.01,73.41,73.57,73.07,72.94,72.45,0.0,4.37,74.96,71.17
SO,Southern Company,Utilities,Electric Utilities,94.41,95.24,78.98,92.74,92.34,92.11,93.2,88.12,0.0,-0.68,93.77,90.45
LUV,Southwest Airlines,Industrials,Passenger Airlines,33.06,37.49,23.77,32.7,32.2,32.06,32.09,31.32,-0.2,1.12,33.43,30.7
SWK,Stanley Black & Decker,Industrials,Industrial Machinery & Supplies & Components,75.09,105.48,54.53,76.28,77.31,76.29,73.11,73.09,0.2,7.4,80.65,71.93
SBUX,Starbucks,Consumer Discretionary,Restaurants,84.27,114.25,78.61,84.65,83.78,85.1,88.69,92.24,0.0,6.14,89.44,80.76
STT,State Street Corporation,Financials,Asset Management & Custody Banks,112.96,115.82,74.79,113.19,112.56,112.92,111.85,98.75,-0.2,2.16,115.4,110.45
STLD,Steel Dynamics,Materials,Steel,136.37,152.49,108.79,138.25,136.4,134.04,130.15,127.33,0.4,3.42,141.03,127.04
STE,Steris,Health Care,Health Care Equipment,245.99,252.43,200.94,248.84,249.11,247.02,239.64,227.75,0.2,2.83,252.95,241.09
SYK,Stryker Corporation,Health Care,Health Care Equipment,371.22,403.53,336.65,375.53,378.04,384.43,386.5,378.81,-0.2,7.61,399.47,369.38
SMCI,Supermicro,Information Technology,"Technology Hardware, Storage & Peripherals",46.2,60.71,18.01,46.36,45.6,43.75,47.53,40.87,0.0,4.63,48.34,39.17
SYF,Synchrony Financial,Financials,Consumer Finance,74.63,76.86,43.38,75.61,75.51,75.66,72.82,63.16,0.0,3.3,77.09,74.24
SNPS,Synopsys,Information Technology,Application Software,468.09,645.35,380.9,489.76,458.29,519.36,575.04,506.54,-0.2,45.07,679.06,359.66
SYY,Sysco,Consumer Staples,Food Distributors,81.82,82.51,67.53,81.95,81.59,81.27,80.41,74.91,0.2,1.49,83.04,79.5
TMUS,T-Mobile US,Communication Services,Wireless Telecommunication Services,238.4,270.87,198.61,238.47,239.22,244.19,243.52,241.26,0.0,7.6,256.52,231.87
TROW,T. Rowe Price,Financials,Asset Management & Custody Banks,103.45,118.63,78.24,105.04,104.67,105.58,105.07,99.8,0.2,5.16,108.79,102.37
TTWO,Take-Two Interactive,Communication Services,Interactive Home Entertainment,244.12,251.64,147.66,249.53,248.59,244.35,234.77,217.17,-0.2,4.98,256.28,232.41
TPR,"Tapestry, Inc.",Consumer Discretionary,"Apparel, Accessories & Luxury Goods",113.42,116.14,42.76,114.19,111.38,107.47,105.97,82.61,0.2,2.93,116.74,98.2
TRGP,Targa Resources,Energy,Oil & Gas Storage & Transportation,172.19,213.93,143.44,168.42,166.65,165.54,164.93,176.38,0.1,-0.45,171.42,159.66
TGT,Target Corporation,Consumer Staples,Consumer Staples Merchandise Retail,88.31,154.72,86.56,87.89,88.82,91.14,97.81,107.03,-0.2,10.09,97.22,85.06
TEL,TE Connectivity,Information Technology,Electronic Manufacturing Services,215.56,219.66,121.04,217.46,214.7,211.19,204.0,163.51,0.2,1.95,219.76,202.62
TDY,Teledyne Technologies,Information Technology,Electronic Equipment & Instruments,563.92,567.92,432.74,565.56,561.26,552.44,550.2,504.01,0.0,1.52,572.49,532.38
TER,Teradyne,Information Technology,Semiconductor Materials & Equipment,133.21,139.5,67.79,128.35,121.19,119.79,110.19,101.55,0.2,-0.26,132.86,106.72
TSLA,"Tesla, Inc.",Consumer Discretionary,Automobile Manufacturers,442.79,479.86,213.65,429.15,416.8,379.57,347.51,333.95,0.0,3.87,459.93,299.22
TXN,Texas Instruments,Information Technology,Semiconductors,184.43,219.66,143.34,181.42,181.02,187.39,191.91,185.11,-0.4,11.1,204.9,169.87
TPL,Texas Pacific Land Corporation,Energy,Oil & Gas Exploration & Production,935.0,1720.9,853.36,906.32,918.0,917.98,924.13,1169.2,0.0,2.42,957.63,878.35
TXT,Textron,Industrials,Aerospace & Defense,82.76,90.23,60.69,83.36,82.86,81.86,80.9,76.36,0.2,2.11,84.51,79.22
TMO,Thermo Fisher Scientific,Health Care,Life Sciences Tools & Services,468.0,617.15,389.91,474.68,477.13,481.91,472.98,478.15,0.1,6.1,496.55,467.26
TJX,TJX Companies,Consumer Discretionary,Apparel Retail,140.44,141.17,110.73,139.86,140.03,139.51,133.53,125.9,0.0,1.1,141.98,137.04
TKO,TKO Group Holdings,Communication Services,Movies & Entertainment,195.79,204.49,113.99,200.33,201.1,195.86,182.53,162.06,0.2,6.58,208.67,183.04
TTD,Trade Desk (The),Communication Services,Advertising,46.87,139.51,43.93,45.66,45.45,48.98,62.31,77.87,-0.2,21.48,56.94,41.02
TSCO,Tractor Supply,Consumer Discretionary,Other Specialty Retail,57.35,62.65,47.62,58.72,59.19,59.96,59.48,54.57,0.2,9.29,62.68,57.23
TT,Trane Technologies,Industrials,Building Products,404.09,471.46,313.81,405.19,404.3,409.47,426.15,392.49,0.0,4.83,423.61,395.34
TDG,TransDigm Group,Industrials,Aerospace & Defense,1300.0,1516.55,1152.5,1292.65,1287.38,1291.25,1355.63,1299.55,-0.2,1.24,1316.12,1266.41
TRV,Travelers Companies (The),Financials,Property & Casualty Insurance,276.66,279.43,222.29,276.79,276.56,274.73,268.26,256.73,-0.2,1.4,280.53,268.93
TRMB,Trimble Inc.,Information Technology,Electronic Equipment & Instruments,79.88,85.24,55.12,81.7,81.38,80.91,82.1,73.42,0.2,4.37,83.37,78.44
TFC,Truist Financial,Financials,Diversified Banks,45.89,47.07,33.92,45.81,45.43,45.88,44.83,42.2,-0.2,3.07,47.3,44.45
TYL,Tyler Technologies,Information Technology,Application Software,522.89,646.74,521.68,530.36,536.13,546.61,561.52,577.33,-0.2,9.37,571.88,521.36
TSN,Tyson Foods,Consumer Staples,Packaged Foods & Meats,54.46,62.84,51.83,53.91,54.32,55.25,54.94,56.49,-0.1,5.51,57.46,53.04
USB,U.S. Bancorp,Financials,Diversified Banks,49.18,51.9,36.0,49.73,49.44,49.14,47.18,44.91,0.2,2.03,50.18,48.11
UBER,Uber,Industrials,Passenger Ground Transportation,97.78,99.39,59.93,97.64,96.84,95.31,92.9,80.67,0.0,2.3,100.03,90.59
UDR,"UDR, Inc.",Real Estate,Multi-Family Residential REITs,37.07,45.08,37.07,37.36,37.65,38.23,38.85,40.82,0.0,7.18,39.73,36.73
ULTA,Ulta Beauty,Consumer Discretionary,Other Specialty Retail,535.61,535.61,314.47,526.93,525.12,523.27,516.69,433.9,0.2,1.39,543.05,503.52
UNP,Union Pacific Corporation,Industrials,Rail Transportation,230.36,249.94,205.73,225.03,220.55,220.26,221.72,226.71,0.0,-0.69,228.77,211.77
UAL,United Airlines Holdings,Industrials,Passenger Airlines,101.39,110.52,52.36,104.28,105.16,105.51,98.45,88.77,-0.4,7.3,108.79,102.24
UPS,United Parcel Service,Industrials,Air Freight & Logistics,83.9,130.93,82.93,84.33,84.41,84.96,87.99,101.95,0.0,4.04,87.29,82.63
URI,United Rentals,Industrials,Trading Companies & Distributors,935.78,975.23,549.5,943.75,945.39,950.95,904.92,745.78,0.2,4.03,973.49,928.45
UNH,UnitedHealth Group,Health Care,Managed Health Care,351.81,611.98,236.28,342.46,344.33,329.84,296.94,403.15,-0.3,4.39,367.25,292.41
UHS,Universal Health Services,Health Care,Health Care Facilities,199.7,240.49,154.78,193.07,191.11,187.64,177.47,180.45,0.1,-1.15,197.4,177.88
VLO,Valero Energy,Energy,Oil & Gas Refining & Marketing,170.83,170.83,102.97,166.83,163.23,159.29,147.35,132.33,0.2,-0.1,170.66,147.92
VTR,Ventas,Real Estate,Health Care REITs,68.48,69.85,56.07,67.85,68.37,68.19,67.76,64.34,-0.2,1.88,69.77,66.6
VLTO,Veralto,Industrials,Environmental & Facilities Services,105.63,113.22,85.23,106.16,107.0,106.53,106.13,100.74,0.2,2.99,108.79,104.28
VRSN,Verisign,Information Technology,Internet Services & Infrastructure,285.26,305.1,175.69,284.56,286.09,281.76,277.58,252.79,0.2,2.81,293.28,270.24
VRSK,Verisk Analytics,Industrials,Research & Consulting Services,242.95,320.32,242.3,243.65,250.24,258.9,270.27,287.68,0.0,15.2,279.88,237.93
VZ,Verizon,Communication Services,Integrated Telecommunication Services,43.18,45.06,36.62,43.37,43.68,43.78,43.41,41.73,0.2,3.1,44.52,43.05
VRTX,Vertex Pharmaceuticals,Health Care,Biotechnology,376.62,516.74,366.54,381.94,387.33,390.82,410.68,447.99,-0.4,7.12,403.44,378.19
VTRS,Viatris,Health Care,Pharmaceuticals,9.71,12.87,7.08,9.77,9.78,10.11,9.79,9.6,0.0,11.74,10.85,9.38
VICI,Vici Properties,Real Estate,Hotel & Resort REITs,31.89,33.46,27.08,31.84,32.16,32.57,32.55,30.86,0.2,5.39,33.61,31.53
V,Visa Inc.,Financials,Transaction & Payment Processing Services,338.68,372.65,267.75,340.31,340.97,344.06,344.93,340.97,0.0,4.45,353.75,334.38
VST,Vistra Corp.,Utilities,Electric Utilities,202.06,217.92,97.84,209.09,208.93,200.52,198.89,162.63,0.2,9.24,220.73,180.3
VMC,Vulcan Materials Company,Materials,Construction Materials,293.81,301.65,219.65,297.33,296.15,294.42,285.75,264.3,0.2,2.5,301.16,287.68
WRB,W. R. Berkley Corporation,Financials,Property & Casualty Insurance,74.81,74.81,55.27,73.73,73.31,72.64,70.96,66.79,0.2,-0.31,74.58,70.71
GWW,W. W. Grainger,Industrials,Industrial Machinery & Supplies & Components,952.93,1212.97,915.74,980.14,992.37,1000.62,999.09,1031.33,-0.3,8.66,1035.45,965.82
WAB,Wabtec,Industrials,Construction Machinery & Heavy Transportation Equipment,192.31,214.1,159.81,192.77,190.65,191.59,194.2,193.65,0.0,2.7,197.5,185.69
WMT,Walmart,Consumer Staples,Consumer Staples Merchandise Retail,102.73,104.27,78.34,102.8,103.15,101.22,99.72,95.47,0.2,3.48,106.31,96.13
DIS,Walt Disney Company (The),Communication Services,Movies & Entertainment,113.43,124.01,81.37,113.37,114.69,116.27,117.31,109.72,-0.2,6.04,120.28,112.25
WBD,Warner Bros. Discovery,Communication Services,Broadcasting,19.82,19.82,7.33,19.4,18.78,15.41,13.59,10.98,0.0,12.56,22.31,8.5
WM,Waste Management,Industrials,Environmental & Facilities Services,219.42,240.36,198.36,217.39,217.05,219.5,224.79,223.4,-0.2,3.27,226.6,212.41
WAT,Waters Corporation,Health Care,Life Sciences Tools & Services,292.65,417.28,277.72,300.32,300.52,299.74,294.81,347.29,-0.1,5.76,309.51,289.97
WEC,WEC Energy Group,Utilities,Electric Utilities,112.02,112.02,89.8,110.65,110.24,108.77,108.37,103.23,0.0,0.24,112.29,105.25
WFC,Wells Fargo,Financials,Diversified Banks,84.11,85.16,52.44,84.36,82.98,81.99,80.47,74.9,0.2,1.44,85.32,78.65
WELL,Welltower,Real Estate,Health Care REITs,170.97,172.55,120.86,168.53,168.03,168.04,165.38,148.59,0.2,0.27,171.43,164.63
WST,West Pharmaceutical Services,Health Care,Health Care Supplies,259.94,347.02,190.04,254.56,256.26,252.61,245.56,250.67,-0.1,1.11,262.83,242.4
WDC,Western Digital,Information Technology,"Technology Hardware, Storage & Peripherals",109.69,112.41,30.45,108.83,104.44,96.01,82.42,57.17,0.0,5.84,116.1,75.92
WY,Weyerhaeuser,Real Estate,Timber REITs,24.61,32.88,24.1,24.38,24.69,25.11,25.4,26.96,0.0,7.03,26.34,23.87
WSM,"Williams-Sonoma, Inc.",Consumer Discretionary,Homefurnishing Retail,200.39,215.83,127.65,199.06,198.95,197.8,194.55,179.8,0.0,3.58,207.56,188.04
WMB,Williams Companies,Energy,Oil & Gas Storage & Transportation,62.86,62.86,43.23,60.98,59.79,58.47,57.94,56.93,0.0,-1.59,61.86,55.09
WTW,Willis Towers Watson,Financials,Insurance Brokers,343.5,343.5,285.53,338.32,336.76,332.75,325.82,317.89,0.2,-0.12,343.09,322.4
WDAY,"Workday, Inc.",Information Technology,Application Software,241.51,279.91,210.47,238.32,231.83,231.04,229.54,245.46,-0.1,0.53,242.79,219.3
WYNN,Wynn Resorts,Consumer Discretionary,Casinos & Gaming,125.92,129.52,65.78,127.54,124.98,124.42,115.6,94.08,0.0,2.84,129.5,119.34
XEL,Xcel Energy,Utilities,Multi-Utilities,77.93,77.93,60.16,73.52,72.99,72.37,72.14,68.5,0.0,-3.64,75.09,69.65
XYL,Xylem Inc.,Industrials,Industrial Machinery & Supplies & Components,141.46,144.22,102.25,142.63,142.0,141.38,139.52,126.45,0.2,2.42,144.88,137.88
YUM,Yum! Brands,Consumer Discretionary,Restaurants,149.45,160.96,121.48,147.82,148.29,146.83,145.88,143.54,0.0,0.9,150.8,142.87
ZBRA,Zebra Technologies,Information Technology,Electronic Equipment & Instruments,308.48,421.11,213.54,315.87,316.47,314.76,320.54,318.66,0.0,5.35,324.98,304.54
ZBH,Zimmer Biomet,Health Care,Health Care Equipment,98.98,112.89,89.98,100.26,100.87,102.9,100.21,101.17,-0.1,8.96,107.85,97.95
ZTS,Zoetis,Health Care,Pharmaceuticals,141.67,193.03,141.67,144.38,146.14,149.54,150.52,159.14,0.0,11.36,157.76,141.3
