Symbol,Company,GICS_Sector,GICS_Sub_Industry,Current_Price,52_Week_High,52_Week_Low,SMA_5,SMA_10,SMA_20,SMA_50,SMA_100,SMA_125,SMA_200
MMM,3M,Industrials,Industrial Conglomerates,154.6,163.4,120.83,155.35,156.24,155.49,153.66,150.64,147.65,145.17
AOS,A. O. Smith,Industrials,Building Products,71.96,90.29,58.25,72.51,72.94,72.53,71.77,69.04,67.97,67.8
ABT,Abbott Laboratories,Health Care,Health Care Equipment,133.89,139.95,109.57,135.4,134.16,133.0,130.66,131.81,131.09,127.91
ABBV,AbbVie,Health Care,Biotechnology,219.99,225.16,159.42,221.93,220.29,215.52,204.71,195.29,193.1,190.27
ACN,Accenture,Information Technology,IT Consulting & Other Services,239.08,394.41,234.1,238.76,239.24,246.73,255.73,281.09,283.27,309.18
ADBE,Adobe Inc.,Information Technology,Application Software,353.27,557.9,330.04,362.5,357.43,354.58,355.7,375.33,372.71,398.77
AMD,Advanced Micro Devices,Information Technology,Semiconductors,160.88,186.65,76.48,159.38,159.19,159.72,165.37,144.03,133.97,126.94
AES,AES Corporation,Utilities,Independent Power Producers & Energy Traders,13.36,19.17,9.28,13.13,12.96,13.03,13.13,12.01,11.7,11.6
AFL,Aflac,Financials,Life & Health Insurance,109.31,113.54,96.14,108.2,108.41,107.61,104.71,103.89,104.37,104.16
A,Agilent Technologies,Health Care,Life Sciences Tools & Services,124.38,153.19,96.23,126.12,126.01,125.78,120.57,117.75,115.52,122.99
APD,Air Products,Materials,Industrial Gases,272.28,336.92,242.14,283.79,287.14,289.1,290.89,284.32,281.43,289.71
ABNB,Airbnb,Consumer Discretionary,"Hotels, Resorts & Cruise Lines",123.08,163.93,99.88,124.91,123.54,124.99,128.48,130.8,128.07,130.47
AKAM,Akamai Technologies,Information Technology,Internet Services & Infrastructure,76.23,106.8,67.51,76.31,76.63,77.31,76.8,77.7,77.51,82.91
ALB,Albemarle Corporation,Materials,Specialty Chemicals,81.58,111.49,48.84,80.97,79.76,79.96,77.73,69.35,67.34,73.46
ARE,Alexandria Real Estate Equities,Real Estate,Office REITs,85.89,118.71,66.16,86.48,85.85,84.39,80.4,76.17,76.73,83.73
ALGN,Align Technology,Health Care,Health Care Supplies,128.18,260.35,127.62,130.46,131.21,134.31,150.9,167.9,167.66,181.29
ALLE,Allegion,Industrials,Building Products,175.34,180.34,116.14,177.74,177.07,173.77,167.68,154.93,149.65,142.25
LNT,Alliant Energy,Utilities,Electric Utilities,65.47,67.11,54.71,64.5,64.42,64.53,64.82,62.81,62.37,61.3
ALL,Allstate,Financials,Property & Casualty Insurance,209.41,213.71,173.88,207.06,202.86,202.79,201.66,200.53,199.24,196.38
GOOGL,Alphabet Inc. (Class A),Communication Services,Interactive Media & Services,247.14,256.0,140.23,251.62,249.16,237.22,212.73,191.49,184.15,183.96
GOOG,Alphabet Inc. (Class C),Communication Services,Interactive Media & Services,247.83,256.7,142.36,252.12,249.58,237.66,213.41,192.43,185.32,185.33
MO,Altria,Consumer Staples,Tobacco,65.13,67.51,45.54,64.52,64.87,65.16,63.24,60.46,59.54,56.51
AMZN,Amazon,Consumer Discretionary,Broadline Retail,220.21,242.52,161.38,226.25,228.65,230.0,227.57,218.8,211.68,214.8
AMCR,Amcor,Materials,Paper & Plastic Packaging Products & Materials,7.98,11.04,7.97,8.18,8.25,8.31,8.9,9.06,9.1,9.29
AEE,Ameren,Utilities,Multi-Utilities,100.85,102.85,82.34,99.73,99.77,99.61,99.82,97.57,97.44,95.65
AEP,American Electric Power,Utilities,Electric Utilities,108.88,115.08,87.57,107.51,107.92,108.8,110.05,106.16,105.82,102.48
AXP,American Express,Financials,Consumer Finance,340.48,349.19,219.87,341.14,335.07,330.81,315.82,307.94,297.63,296.92
AIG,American International Group,Financials,Multi-line Insurance,77.9,87.1,68.15,77.23,77.26,78.58,79.11,81.09,81.13,78.85
AMT,American Tower,Real Estate,Telecom Tower REITs,192.93,234.33,169.77,193.35,194.28,196.23,206.93,211.32,211.85,204.01
AWK,American Water Works,Utilities,Water Utilities,136.41,153.69,116.64,135.82,136.79,139.25,141.3,141.06,141.69,136.67
AMP,Ameriprise Financial,Financials,Asset Management & Custody Banks,491.89,576.69,393.57,492.26,491.93,498.4,508.42,511.43,501.89,510.91
AME,Ametek,Industrials,Electrical Components & Equipment,186.17,197.03,144.53,187.57,188.23,187.27,184.11,181.0,177.32,179.15
AMGN,Amgen,Health Care,Biotechnology,279.22,330.26,247.06,282.65,279.46,281.45,288.77,284.91,285.0,283.82
APH,Amphenol,Information Technology,Electronic Components,123.13,126.06,56.27,123.65,121.26,116.58,110.81,100.92,94.25,84.72
ADI,Analog Devices,Information Technology,Semiconductors,248.61,257.11,157.31,247.42,246.59,247.72,238.72,231.67,222.3,219.09
AON,Aon plc,Financials,Insurance Brokers,353.74,411.24,322.37,352.87,358.69,363.88,363.39,360.45,362.44,367.46
APA,APA Corporation,Energy,Oil & Gas Exploration & Production,24.42,26.13,13.18,23.88,23.68,23.28,21.11,19.59,18.95,19.81
APO,Apollo Global Management,Financials,Asset Management & Custody Banks,137.16,187.59,101.84,142.85,140.6,137.58,141.02,138.91,136.7,144.53
AAPL,Apple Inc.,Information Technology,"Technology Hardware, Storage & Peripherals",252.31,259.18,168.8,249.24,242.41,238.3,226.52,215.02,212.73,221.42
AMAT,Applied Materials,Information Technology,Semiconductor Materials & Equipment,201.44,213.48,123.04,196.54,184.32,172.87,176.94,174.43,167.97,167.88
APTV,Aptiv,Consumer Discretionary,Automotive Parts & Equipment,85.04,86.5,47.19,85.31,84.19,82.33,75.48,71.44,68.05,65.9
ACGL,Arch Capital Group,Financials,Property & Casualty Insurance,90.76,110.75,82.49,88.77,89.3,90.31,89.72,90.84,91.09,91.54
ADM,Archer Daniels Midland,Consumer Staples,Agricultural Products & Services,61.48,64.38,40.22,60.9,61.15,61.7,58.89,54.54,52.82,50.93
ANET,Arista Networks,Information Technology,Communications Equipment,142.64,156.32,59.43,145.68,145.13,142.36,132.45,113.98,106.12,105.52
AJG,Arthur J. Gallagher & Co.,Financials,Insurance Brokers,304.55,349.78,273.89,301.07,297.68,298.52,298.02,312.21,315.41,311.86
AIZ,Assurant,Financials,Multi-line Insurance,215.19,227.13,173.64,211.51,210.73,212.24,203.8,199.93,198.54,202.19
T,AT&T,Communication Services,Integrated Telecommunication Services,28.32,29.79,20.35,28.85,29.18,29.19,28.51,28.02,27.8,26.36
ATO,Atmos Energy,Utilities,Gas Utilities,166.77,167.99,133.02,164.29,164.68,164.92,162.02,157.98,157.02,151.42
ADSK,Autodesk,Information Technology,Application Software,323.52,329.09,232.67,323.7,322.09,318.44,303.88,300.54,292.82,291.51
ADP,Automatic Data Processing,Industrials,Human Resource & Employment Services,291.5,326.59,266.62,291.46,291.56,294.76,299.47,304.66,302.29,299.85
AZO,AutoZone,Consumer Discretionary,Automotive Retail,4176.89,4388.11,2898.57,4138.22,4205.76,4213.36,4049.93,3880.34,3838.36,3672.04
AVB,AvalonBay Communities,Real Estate,Multi-Family Residential REITs,192.77,233.48,178.86,193.35,193.64,193.58,193.43,198.43,199.15,205.02
AVY,Avery Dennison,Materials,Paper & Plastic Packaging Products & Materials,162.22,219.94,155.31,163.63,164.84,166.59,170.69,173.9,173.08,177.07
AXON,Axon Enterprise,Industrials,Aerospace & Defense,698.02,885.92,388.36,758.5,756.3,750.47,760.13,754.73,716.06,672.13
BKR,Baker Hughes,Energy,Oil & Gas Equipment & Services,49.87,50.14,33.21,48.22,47.45,46.53,44.5,41.18,40.56,41.55
BALL,Ball Corporation,Materials,"Metal, Glass & Plastic Containers",48.72,67.13,43.18,48.77,49.48,50.26,53.43,54.0,53.0,52.98
BAC,Bank of America,Financials,Diversified Banks,51.7,52.88,32.69,51.94,51.37,50.72,48.59,46.58,44.87,44.56
BAX,Baxter International,Health Care,Health Care Equipment,22.56,38.69,21.18,22.99,23.43,23.79,24.6,27.4,27.9,29.24
BDX,Becton Dickinson,Health Care,Health Care Equipment,186.05,248.0,161.47,186.91,187.15,188.79,187.08,179.08,184.28,200.3
BBY,Best Buy,Consumer Discretionary,Computer & Electronics Retail,74.17,98.44,53.55,73.09,73.81,74.2,70.65,69.75,68.49,73.04
TECH,Bio-Techne,Health Care,Life Sciences Tools & Services,51.22,80.37,45.87,52.66,52.27,53.06,53.77,51.99,52.0,58.52
BIIB,Biogen,Health Care,Biotechnology,137.67,199.99,110.04,140.79,142.95,141.01,135.51,131.82,129.92,135.7
BLK,BlackRock,Financials,Asset Management & Custody Banks,1127.98,1166.38,766.05,1135.18,1129.93,1119.63,1118.05,1054.62,1021.02,1006.47
BX,Blackstone Inc.,Financials,Asset Management & Custody Banks,178.08,196.67,114.16,184.99,184.13,177.89,173.5,158.48,152.9,157.24
XYZ,"Block, Inc.",Financials,Transaction & Payment Processing Services,76.49,99.26,44.27,76.97,75.81,76.28,76.28,68.93,66.15,71.18
BK,BNY Mellon,Financials,Asset Management & Custody Banks,108.11,110.87,68.8,108.69,107.45,106.13,103.08,96.12,92.48,88.4
BA,Boeing,Industrials,Aerospace & Defense,215.1,242.69,128.88,214.97,215.62,224.04,226.95,216.85,206.37,193.69
BKNG,Booking Holdings,Consumer Discretionary,"Hotels, Resorts & Cruise Lines",5525.6,5829.37,4001.98,5475.81,5492.39,5526.48,5552.97,5496.57,5321.48,5142.43
BSX,Boston Scientific,Health Care,Health Care Equipment,98.06,109.5,80.64,97.77,99.32,103.03,104.0,103.75,102.49,100.86
BMY,Bristol Myers Squibb,Health Care,Pharmaceuticals,44.16,61.84,42.96,44.93,45.73,46.44,46.8,46.93,47.91,51.12
AVGO,Broadcom,Information Technology,Semiconductors,339.31,373.59,137.54,341.23,349.28,334.36,310.82,278.45,257.56,240.69
BR,Broadridge Financial Solutions,Industrials,Data Processing & Outsourced Services,236.01,270.85,205.0,240.09,244.78,248.48,251.36,244.65,242.33,238.17
BRO,Brown & Brown,Financials,Insurance Brokers,93.22,125.31,89.99,92.32,92.34,93.75,95.67,102.53,105.44,106.78
BLDR,Builders FirstSource,Industrials,Building Products,119.25,201.79,102.6,123.07,131.11,136.32,134.44,125.39,124.37,133.77
BG,Bunge Global,Consumer Staples,Agricultural Products & Services,78.99,96.01,65.6,78.73,80.16,81.7,80.39,79.27,78.58,77.05
BXP,"BXP, Inc.",Real Estate,Office REITs,75.46,86.38,53.45,76.3,76.81,75.18,70.49,69.17,67.9,68.59
CHRW,C.H. Robinson,Industrials,Air Freight & Logistics,133.3,138.0,83.72,134.94,134.02,130.69,119.47,107.15,104.07,102.81
CDNS,Cadence Design Systems,Information Technology,Application Software,356.96,376.45,221.56,366.97,358.08,354.19,348.48,328.18,315.34,304.17
CZR,Caesars Entertainment,Consumer Discretionary,Casinos & Gaming,26.34,45.93,21.4,26.09,25.83,25.98,26.51,27.42,27.11,29.47
CPT,Camden Property Trust,Real Estate,Multi-Family Residential REITs,107.2,124.31,101.41,107.74,108.09,109.26,109.46,112.35,112.45,113.52
CPB,Campbell's Company (The),Consumer Staples,Packaged Foods & Meats,33.73,49.05,29.39,33.54,33.41,33.14,32.63,32.78,33.69,35.66
COF,Capital One,Financials,Consumer Finance,224.34,231.82,141.57,226.17,225.55,224.64,218.6,209.13,201.23,195.6
CAH,Cardinal Health,Health Care,Health Care Distributors,154.58,168.44,104.89,151.26,150.83,150.27,152.77,154.95,150.83,140.77
KMX,CarMax,Consumer Discretionary,Automotive Retail,57.05,91.25,54.53,58.24,59.21,60.06,59.29,62.87,64.33,70.73
CCL,Carnival,Consumer Discretionary,"Hotels, Resorts & Cruise Lines",30.37,32.8,15.07,30.75,31.14,31.42,30.44,27.42,25.6,25.15
CARR,Carrier Global,Industrials,Building Products,58.99,82.31,53.89,60.11,60.74,62.65,67.1,69.79,67.92,67.61
CAT,Caterpillar Inc.,Industrials,Construction Machinery & Heavy Transportation Equipment,469.79,485.34,265.05,469.33,453.68,438.08,428.79,394.43,375.89,369.28
CBOE,Cboe Global Markets,Financials,Financial Exchanges & Data,243.19,255.27,186.22,237.52,236.3,235.37,241.27,234.43,230.74,220.57
CBRE,CBRE Group,Real Estate,Real Estate Services,157.12,167.56,108.45,162.54,163.53,162.77,157.21,144.58,140.02,138.35
CDW,CDW Corporation,Information Technology,Technology Distributors,160.47,225.83,136.33,162.66,163.99,165.25,168.41,173.17,169.29,173.14
COR,Cencora,Health Care,Health Care Distributors,308.36,309.64,216.84,296.08,295.62,294.82,292.52,291.91,289.79,272.66
CNC,Centene Corporation,Health Care,Managed Health Care,34.65,76.08,25.08,32.81,32.78,31.13,28.92,40.83,44.88,50.59
CNP,CenterPoint Energy,Utilities,Multi-Utilities,39.01,39.16,27.6,38.41,38.25,37.95,37.92,37.25,37.11,35.38
CF,CF Industries,Materials,Fertilizers & Agricultural Chemicals,91.65,103.84,66.56,86.72,85.99,85.85,87.46,89.23,86.35,85.27
CRL,Charles River Laboratories,Health Care,Life Sciences Tools & Services,149.45,230.02,91.86,153.19,153.52,157.35,159.82,152.25,146.39,156.49
SCHW,Charles Schwab Corporation,Financials,Investment Banking & Brokerage,92.37,99.42,61.62,93.66,93.1,94.11,95.35,91.8,88.72,84.56
CHTR,Charter Communications,Communication Services,Cable & Satellite,263.39,437.06,251.8,264.26,263.84,263.68,283.95,342.56,344.78,350.19
CVX,Chevron Corporation,Energy,Integrated Oil & Gas,159.18,165.09,129.01,157.54,158.0,157.85,154.63,147.74,146.4,147.66
CMG,Chipotle Mexican Grill,Consumer Discretionary,Restaurants,39.55,66.74,38.3,39.7,39.36,40.23,43.26,47.92,48.23,51.39
CB,Chubb Limited,Financials,Property & Casualty Insurance,278.26,305.88,250.52,275.07,275.49,276.02,273.7,280.25,281.43,279.01
CHD,Church & Dwight,Consumer Staples,Household Products,86.86,115.72,85.67,88.63,90.53,92.18,93.35,94.77,96.43,99.97
CI,Cigna,Health Care,Health Care Services,291.43,352.15,255.6,290.85,295.08,297.95,292.26,303.5,308.1,302.42
CINF,Cincinnati Financial,Financials,Property & Casualty Insurance,154.52,158.03,121.6,154.79,154.61,153.67,151.48,148.83,146.05,143.68
CTAS,Cintas,Industrials,Diversified Support Services,200.04,228.77,179.74,200.57,200.87,203.45,213.44,216.58,214.06,208.12
CSCO,Cisco,Information Technology,Communications Equipment,67.32,72.55,50.5,67.9,67.54,67.75,68.12,66.36,64.47,62.82
C,Citigroup,Financials,Diversified Banks,101.65,105.59,54.71,102.65,101.37,98.83,95.64,86.85,82.4,79.18
CFG,Citizens Financial Group,Financials,Regional Banks,53.15,53.89,31.96,53.2,52.43,52.17,49.9,45.88,43.96,43.87
CLX,Clorox,Consumer Staples,Household Products,123.08,166.9,116.17,121.83,123.02,122.74,123.38,125.32,128.1,137.19
CME,CME Group,Financials,Financial Exchanges & Data,264.43,288.09,203.53,261.92,261.53,262.84,270.37,272.54,270.19,258.61
CMS,CMS Energy,Utilities,Multi-Utilities,71.66,75.33,62.54,70.78,70.92,71.14,71.97,70.85,71.07,69.78
KO,Coca-Cola Company (The),Consumer Staples,Soft Drinks & Non-alcoholic Beverages,66.45,73.29,59.3,66.45,66.54,67.19,68.31,69.17,69.44,67.5
CTSH,Cognizant,Information Technology,IT Consulting & Other Services,68.36,89.77,64.98,68.28,68.89,70.16,71.36,75.12,74.39,76.62
COIN,Coinbase,Financials,Financial Exchanges & Data,321.77,444.65,142.58,331.88,328.19,317.6,334.41,308.96,283.51,273.49
CL,Colgate-Palmolive,Consumer Staples,Household Products,81.13,102.2,78.76,80.67,81.65,82.86,84.55,87.28,88.24,88.5
CMCSA,Comcast,Communication Services,Cable & Satellite,31.61,44.12,31.03,31.59,32.18,33.01,33.26,33.98,34.02,34.76
CAG,Conagra Brands,Consumer Staples,Packaged Foods & Meats,18.53,31.04,18.12,18.47,18.75,18.95,18.98,20.25,21.16,22.68
COP,ConocoPhillips,Energy,Oil & Gas Exploration & Production,95.63,112.56,78.56,93.3,93.38,94.45,94.13,91.95,91.62,93.75
ED,Consolidated Edison,Utilities,Multi-Utilities,98.81,112.97,85.07,97.33,97.09,97.45,100.08,100.89,102.42,99.23
STZ,Constellation Brands,Consumer Staples,Distillers & Vintners,133.39,255.51,131.2,132.92,135.02,142.94,158.73,166.63,169.65,177.57
CEG,Constellation Energy,Utilities,Electric Utilities,339.13,356.57,160.94,335.3,329.26,319.1,323.43,311.49,290.5,279.54
COO,Cooper Companies (The),Health Care,Health Care Supplies,68.35,111.44,61.78,67.85,66.93,67.43,70.47,72.75,74.1,80.48
CPRT,Copart,Industrials,Diversified Support Services,45.39,64.38,44.95,45.47,46.54,47.6,47.11,50.11,51.79,53.82
GLW,Corning Inc.,Information Technology,Electronic Components,79.91,81.58,36.95,79.85,78.53,74.31,66.56,58.05,54.95,52.53
CPAY,Corpay,Financials,Transaction & Payment Processing Services,296.23,400.81,269.02,300.27,304.41,311.17,318.24,325.44,324.0,337.24
CTVA,Corteva,Materials,Fertilizers & Agricultural Chemicals,69.61,77.22,53.14,70.07,70.82,71.99,72.19,71.58,69.27,65.99
CSGP,CoStar Group,Real Estate,Real Estate Services,84.05,97.43,68.26,86.41,87.09,87.86,89.69,84.21,83.11,80.25
COST,Costco,Consumer Staples,Consumer Staples Merchandise Retail,945.27,1075.34,862.73,947.13,954.31,954.81,956.46,979.22,975.46,973.98
CTRA,Coterra,Energy,Oil & Gas Exploration & Production,23.75,29.29,21.84,23.54,23.95,24.09,23.86,24.38,24.62,25.3
CRWD,CrowdStrike,Information Technology,Systems Software,476.33,517.98,272.67,491.75,466.35,444.25,444.55,456.79,441.03,417.05
CCI,Crown Castle,Real Estate,Telecom Tower REITs,93.71,114.47,81.02,93.78,93.97,94.76,100.35,100.06,99.92,96.17
CSX,CSX Corporation,Industrials,Rail Transportation,33.82,37.1,26.01,33.5,33.06,32.72,34.13,32.84,31.85,31.83
CMI,Cummins,Industrials,Construction Machinery & Heavy Transportation Equipment,417.98,432.5,257.24,423.4,417.97,408.35,389.25,355.42,342.15,345.49
CVS,CVS Health,Health Care,Health Care Services,76.38,77.34,42.12,75.47,74.79,73.8,68.39,66.38,66.28,62.15
DHR,Danaher Corporation,Health Care,Life Sciences Tools & Services,185.91,278.43,170.73,190.93,191.18,195.8,199.5,197.76,196.87,205.98
DRI,Darden Restaurants,Consumer Discretionary,Restaurants,186.61,226.68,151.84,187.16,199.28,204.17,205.03,208.3,206.16,198.32
DDOG,Datadog,Information Technology,Application Software,136.57,170.08,81.63,137.61,137.12,136.59,136.63,130.14,123.35,127.17
DVA,DaVita,Health Care,Health Care Services,133.62,179.6,126.07,131.6,131.35,133.73,136.66,138.56,140.02,146.15
DAY,Dayforce,Industrials,Human Resource & Employment Services,68.83,82.69,48.01,68.83,68.86,69.11,62.84,60.31,59.42,62.41
DECK,Deckers Brands,Consumer Discretionary,Footwear,111.23,223.98,93.72,113.14,115.81,117.51,110.6,110.49,110.15,134.1
DE,Deere & Company,Industrials,Agricultural & Farm Machinery,468.94,532.1,383.0,471.08,470.93,474.77,491.58,499.97,490.93,478.1
DELL,Dell Technologies,Information Technology,"Technology Hardware, Storage & Peripherals",132.09,145.54,65.56,133.23,130.14,127.77,130.24,121.94,114.73,112.18
DAL,Delta Air Lines,Industrials,Passenger Airlines,57.71,69.36,34.52,58.92,59.0,60.15,57.87,53.65,51.09,54.42
DVN,Devon Energy,Energy,Oil & Gas Exploration & Production,35.21,42.12,25.53,34.48,34.61,34.87,33.81,33.06,32.66,33.19
DXCM,Dexcom,Health Care,Health Care Equipment,67.5,93.25,57.52,69.69,72.92,75.15,79.1,81.76,78.89,79.82
FANG,Diamondback Energy,Energy,Oil & Gas Exploration & Production,144.61,195.31,112.4,141.19,139.46,141.32,141.84,140.78,139.74,146.62
DLR,Digital Realty,Real Estate,Data Center REITs,172.0,192.35,128.14,172.85,173.0,168.7,169.92,169.77,165.04,164.87
DG,Dollar General,Consumer Staples,Consumer Staples Merchandise Retail,104.5,117.95,65.67,103.81,104.37,106.65,109.32,107.23,103.85,92.87
DLTR,Dollar Tree,Consumer Staples,Consumer Staples Merchandise Retail,95.9,118.06,60.49,95.71,96.59,100.49,108.37,101.47,96.38,87.08
D,Dominion Energy,Utilities,Multi-Utilities,61.02,61.75,46.96,60.31,60.12,59.42,59.34,57.16,56.21,55.02
DPZ,Domino's,Consumer Discretionary,Restaurants,425.3,495.24,392.06,426.59,436.87,447.34,453.0,459.02,460.13,454.2
DASH,DoorDash,Consumer Discretionary,Specialized Consumer Services,260.74,278.15,138.59,264.52,262.12,255.63,251.51,234.34,223.83,209.07
DOV,Dover Corporation,Industrials,Industrial Machinery & Supplies & Components,167.29,220.46,142.22,170.15,171.78,174.74,178.39,179.35,176.49,182.31
DOW,Dow Inc.,Materials,Commodity Chemicals,23.13,51.74,20.11,23.35,24.0,24.1,24.1,26.14,26.7,30.59
DHI,D. R. Horton,Consumer Discretionary,Homebuilding,167.45,193.34,109.8,167.17,170.85,172.67,160.85,143.03,138.97,138.02
DTE,DTE Energy,Utilities,Multi-Utilities,138.76,140.92,111.81,136.73,136.06,135.55,136.78,134.69,134.15,129.82
DUK,Duke Energy,Utilities,Electric Utilities,123.64,126.75,102.41,121.96,121.76,121.64,121.54,118.64,118.51,115.31
DD,DuPont,Materials,Specialty Chemicals,75.81,88.2,53.17,77.55,77.41,77.13,74.89,71.76,70.18,72.76
EMN,Eastman Chemical Company,Materials,Specialty Chemicals,63.83,109.94,56.08,64.8,65.46,66.48,67.74,72.59,73.6,80.45
ETN,Eaton Corporation,Industrials,Electrical Components & Equipment,372.21,398.4,230.37,372.96,370.09,360.04,363.93,347.84,332.92,327.57
EBAY,eBay Inc.,Consumer Discretionary,Broadline Retail,93.36,100.83,55.44,91.14,90.81,91.36,90.4,82.21,78.82,73.7
ECL,Ecolab,Materials,Specialty Chemicals,267.0,285.35,220.55,266.04,267.58,270.86,271.51,266.96,261.64,256.53
EIX,Edison International,Utilities,Electric Utilities,55.04,85.03,46.98,55.17,55.49,55.25,54.39,53.49,53.93,56.55
EW,Edwards Lifesciences,Health Care,Health Care Equipment,74.66,83.0,64.01,74.39,75.39,78.03,78.42,77.41,76.26,74.71
EA,Electronic Arts,Communication Services,Interactive Home Entertainment,167.35,180.7,114.77,172.22,172.08,170.83,165.88,158.35,155.24,149.14
ELV,Elevance Health,Health Care,Managed Health Care,326.38,532.49,272.22,319.5,314.95,313.43,301.29,339.49,356.38,368.58
EMR,Emerson Electric,Industrials,Electrical Components & Equipment,131.92,149.68,89.31,132.09,132.87,132.69,136.08,130.36,124.69,123.41
ENPH,Enphase Energy,Information Technology,Semiconductor Materials & Equipment,37.99,118.13,29.89,38.54,38.34,38.01,36.3,39.57,42.25,50.94
ETR,Entergy,Utilities,Electric Utilities,91.59,91.79,62.53,89.64,89.5,88.68,88.58,85.2,84.53,82.49
EOG,EOG Resources,Energy,Oil & Gas Exploration & Production,116.7,135.49,100.76,116.42,117.85,119.6,119.04,117.36,116.42,119.63
EPAM,EPAM Systems,Information Technology,IT Consulting & Other Services,156.43,269.0,138.15,155.79,155.55,162.42,162.7,168.91,166.21,189.44
EQT,EQT Corporation,Energy,Oil & Gas Exploration & Production,53.08,60.83,34.43,50.52,50.44,50.97,52.05,54.0,53.2,51.62
EFX,Equifax,Industrials,Research & Consulting Services,257.43,299.47,199.2,258.06,258.65,251.68,248.54,256.27,251.93,252.28
EQIX,Equinix,Real Estate,Data Center REITs,789.79,977.63,693.42,793.54,790.35,783.38,780.73,814.01,810.02,844.3
EQR,Equity Residential,Real Estate,Multi-Family Residential REITs,65.16,76.06,58.81,65.21,65.4,65.53,65.2,66.76,66.88,67.84
ERIE,Erie Indemnity,Financials,Insurance Brokers,314.27,539.84,310.19,318.04,322.97,331.09,347.74,350.71,359.8,377.13
ESS,Essex Property Trust,Real Estate,Multi-Family Residential REITs,264.59,310.81,241.65,267.0,266.73,266.3,267.78,274.69,275.19,279.19
EL,Estée Lauder Companies (The),Consumer Staples,Personal Care Products,85.33,101.55,47.94,87.22,87.07,88.5,89.21,80.52,75.95,74.8
EG,Everest Group,Financials,Reinsurance,345.54,400.59,318.14,337.69,339.04,340.74,336.78,338.71,340.92,344.68
EVRG,Evergy,Utilities,Electric Utilities,73.71,73.76,56.68,72.56,72.29,71.84,71.1,68.84,68.34,66.22
ES,Eversource Energy,Utilities,Electric Utilities,69.1,69.64,51.06,67.12,65.49,64.28,64.65,63.79,62.48,60.53
EXC,Exelon,Utilities,Electric Utilities,44.23,47.26,34.98,43.68,43.47,43.47,43.89,43.49,43.84,42.25
EXE,Expand Energy,Energy,Oil & Gas Exploration & Production,103.1,121.47,74.96,99.89,98.43,97.34,97.76,104.89,104.58,102.7
EXPE,Expedia Group,Consumer Discretionary,"Hotels, Resorts & Cruise Lines",217.83,229.0,129.46,221.38,222.89,218.83,203.73,186.19,179.93,180.91
EXPD,Expeditors International,Industrials,Air Freight & Logistics,120.98,129.91,99.78,121.16,122.66,121.93,119.06,116.39,115.12,114.78
EXR,Extra Space Storage,Real Estate,Self-Storage REITs,137.66,175.42,118.4,139.36,141.94,142.15,141.31,143.82,142.56,144.39
XOM,ExxonMobil,Energy,Integrated Oil & Gas,114.56,121.93,96.01,113.46,113.39,112.78,110.08,108.51,108.06,107.78
FFIV,"F5, Inc.",Information Technology,Communications Equipment,324.47,337.39,213.24,327.97,326.78,321.79,315.33,301.61,293.34,286.31
FDS,FactSet,Financials,Financial Exchanges & Data,286.16,495.04,284.6,292.12,321.86,346.79,376.09,409.47,413.04,430.41
FICO,Fair Isaac,Information Technology,Application Software,1543.18,2402.52,1300.0,1523.24,1541.74,1527.82,1465.33,1653.0,1697.02,1780.84
FAST,Fastenal,Industrials,Trading Companies & Distributors,47.54,50.63,33.96,47.49,47.44,48.27,47.86,44.65,43.52,41.13
FRT,Federal Realty Investment Trust,Real Estate,Retail REITs,99.13,114.28,79.72,99.73,100.24,100.42,96.81,95.65,94.9,98.16
FDX,FedEx,Industrials,Air Freight & Logistics,233.75,301.45,191.82,231.16,229.33,227.83,227.8,225.42,222.97,236.83
FIS,Fidelity National Information Services,Financials,Transaction & Payment Processing Services,64.13,90.1,63.0,64.7,65.86,67.11,71.75,75.43,75.08,75.37
FITB,Fifth Third Bancorp,Financials,Regional Banks,45.17,47.75,31.96,45.52,45.47,45.55,43.76,41.59,40.35,40.95
FSLR,First Solar,Information Technology,Semiconductors,219.17,262.72,116.56,215.24,210.42,205.1,194.2,176.92,167.45,166.63
FE,FirstEnergy,Utilities,Electric Utilities,44.08,44.4,36.81,43.57,43.53,43.5,42.85,41.74,41.43,40.45
FI,Fiserv,Financials,Transaction & Payment Processing Services,130.59,238.59,128.22,131.11,132.52,134.38,139.04,154.49,164.43,183.63
F,Ford Motor Company,Consumer Discretionary,Automobile Manufacturers,11.63,11.99,8.21,11.68,11.68,11.68,11.4,10.98,10.67,10.19
FTNT,Fortinet,Information Technology,Systems Software,83.6,114.82,70.12,83.82,82.07,80.27,86.71,95.01,95.38,97.29
FTV,Fortive,Industrials,Industrial Machinery & Supplies & Components,48.16,62.58,45.4,48.48,48.61,48.16,48.59,50.88,50.9,53.7
FOXA,Fox Corporation (Class A),Communication Services,Broadcasting,60.16,62.85,39.91,60.93,59.71,59.82,57.81,56.07,54.92,53.53
FOX,Fox Corporation (Class B),Communication Services,Broadcasting,54.3,57.02,36.94,54.86,53.86,54.21,52.69,51.34,50.39,49.55
BEN,Franklin Resources,Financials,Asset Management & Custody Banks,23.58,26.08,16.03,24.13,24.3,24.76,24.83,23.56,22.45,21.41
FCX,Freeport-McMoRan,Materials,Copper,37.67,51.85,27.45,43.61,44.47,44.82,43.46,42.23,40.71,39.85
GRMN,Garmin,Consumer Discretionary,Consumer Electronics,236.44,243.61,158.5,236.52,236.76,236.87,232.23,217.64,212.86,212.84
IT,Gartner,Information Technology,IT Consulting & Other Services,262.82,584.01,223.65,258.07,253.05,249.1,274.49,346.49,358.57,410.54
GE,GE Aerospace,Industrials,Aerospace & Defense,300.3,307.25,158.81,301.04,293.77,285.54,275.71,257.52,243.97,223.41
GEHC,GE HealthCare,Health Care,Health Care Equipment,73.98,94.71,57.59,74.45,75.85,75.35,74.54,73.46,72.29,76.92
GEV,GE Vernova,Industrials,Heavy Electrical Equipment,628.97,677.29,246.31,628.38,626.3,615.96,620.49,548.95,504.41,445.39
GEN,Gen Digital,Information Technology,Systems Software,29.09,32.09,22.55,28.95,28.96,29.38,29.97,29.36,28.48,28.1
GNRC,Generac,Industrials,Electrical Components & Equipment,167.36,203.25,99.5,177.26,180.92,181.66,181.02,156.26,147.97,148.36
GD,General Dynamics,Industrials,Aerospace & Defense,323.62,330.18,236.67,323.63,325.26,324.35,317.17,299.03,292.88,279.67
GIS,General Mills,Consumer Staples,Packaged Foods & Meats,51.11,72.0,48.29,50.39,50.02,49.85,49.81,51.33,52.45,55.16
GM,General Motors,Consumer Discretionary,Automobile Manufacturers,59.92,60.6,41.36,59.12,58.9,58.51,55.86,52.51,51.06,50.57
GPC,Genuine Parts Company,Consumer Discretionary,Distributors,138.61,143.1,102.41,138.09,139.24,138.81,134.87,128.53,125.62,122.56
GILD,Gilead Sciences,Health Care,Biotechnology,113.67,120.99,79.46,113.65,113.47,113.34,113.57,110.05,109.06,104.99
GPN,Global Payments,Financials,Transaction & Payment Processing Services,87.11,118.69,65.53,86.56,85.84,86.45,84.71,81.49,81.68,90.87
GL,Globe Life,Financials,Life & Health Insurance,143.3,147.83,99.63,144.83,143.5,141.88,137.93,129.32,127.99,124.17
GDDY,GoDaddy,Information Technology,Internet Services & Infrastructure,143.27,216.0,132.51,145.04,145.27,145.83,151.03,165.5,167.66,177.85
GS,Goldman Sachs,Financials,Investment Banking & Brokerage,792.43,825.25,434.87,802.72,794.49,770.35,740.45,684.25,650.56,627.91
HAL,Halliburton,Energy,Oil & Gas Equipment & Services,24.44,31.66,18.43,23.24,22.72,22.46,21.86,21.31,21.34,23.12
HIG,Hartford (The),Financials,Property & Casualty Insurance,131.85,135.17,103.64,131.35,131.42,131.72,128.67,127.31,125.42,120.51
HAS,Hasbro,Consumer Discretionary,Leisure Products,75.23,82.19,48.07,74.76,75.67,77.78,77.58,72.86,69.38,65.41
HCA,HCA Healthcare,Health Care,Health Care Facilities,416.62,420.23,288.25,407.33,404.48,406.29,386.19,379.88,371.04,350.26
DOC,Healthpeak Properties,Real Estate,Health Care REITs,18.65,21.94,16.26,18.6,18.34,18.12,17.65,17.39,17.54,18.26
HSIC,Henry Schein,Health Care,Health Care Distributors,67.75,82.49,60.56,68.26,68.44,68.38,68.63,69.99,69.12,70.84
HSY,Hershey Company (The),Consumer Staples,Packaged Foods & Meats,190.89,202.98,136.73,190.65,189.39,187.07,183.21,173.6,171.54,168.26
HPE,Hewlett Packard Enterprise,Information Technology,"Technology Hardware, Storage & Peripherals",24.46,25.36,11.82,24.91,24.75,23.94,22.09,20.15,19.09,19.47
HLT,Hilton Worldwide,Consumer Discretionary,"Hotels, Resorts & Cruise Lines",263.17,279.81,195.81,265.67,269.29,272.43,270.31,262.52,253.44,252.19
HOLX,Hologic,Health Care,Health Care Equipment,66.4,84.39,51.9,67.19,66.21,66.37,66.6,64.06,63.06,64.97
HD,Home Depot (The),Consumer Discretionary,Home Improvement Retail,409.77,429.19,322.47,413.17,417.31,413.86,395.27,379.31,373.77,379.07
HON,Honeywell,Industrials,Industrial Conglomerates,208.6,240.47,177.52,209.3,210.76,213.57,218.84,221.69,217.24,216.4
HRL,Hormel Foods,Consumer Staples,Packaged Foods & Meats,24.71,32.84,23.71,24.65,24.84,25.27,27.36,28.66,28.89,29.16
HST,Host Hotels & Resorts,Real Estate,Hotel & Resort REITs,17.37,18.53,12.06,17.4,17.51,17.43,16.6,16.01,15.53,15.82
HWM,Howmet Aerospace,Industrials,Aerospace & Defense,190.22,194.69,96.96,191.6,189.01,183.18,181.81,176.11,166.5,150.27
HPQ,HP Inc.,Information Technology,"Technology Hardware, Storage & Peripherals",27.5,38.25,20.76,28.14,28.04,28.22,26.66,26.09,25.74,27.85
HUBB,Hubbell Incorporated,Industrials,Industrial Machinery & Supplies & Components,431.16,475.24,297.55,437.28,438.16,437.51,433.0,411.8,397.27,397.66
HUM,Humana,Health Care,Managed Health Care,261.97,321.0,206.87,259.14,266.8,283.29,268.92,253.09,256.03,259.93
HBAN,Huntington Bancshares,Financials,Regional Banks,17.37,17.93,11.7,17.53,17.51,17.54,16.9,16.38,15.84,15.84
HII,Huntington Ingalls Industries,Industrials,Aerospace & Defense,277.51,291.7,155.93,275.9,274.9,272.89,267.31,249.9,241.71,220.97
IBM,IBM,Information Technology,IT Consulting & Other Services,267.53,294.17,197.92,268.51,262.58,255.66,254.26,262.51,257.02,249.24
IEX,IDEX Corporation,Industrials,Industrial Machinery & Supplies & Components,159.76,235.67,152.2,160.57,161.25,162.39,166.93,173.83,173.03,184.15
IDXX,Idexx Laboratories,Health Care,Health Care Equipment,627.17,688.12,356.14,646.26,644.81,644.32,618.73,568.85,537.86,498.33
ITW,Illinois Tool Works,Industrials,Industrial Machinery & Supplies & Components,259.56,274.77,213.36,261.42,262.5,263.45,261.14,253.88,250.12,252.23
INCY,Incyte,Health Care,Biotechnology,84.16,87.99,53.56,85.19,84.71,85.18,80.79,73.51,70.68,70.52
IR,Ingersoll Rand,Industrials,Industrial Machinery & Supplies & Components,80.91,105.95,65.58,81.43,80.27,79.94,80.9,81.87,80.33,83.8
PODD,Insulet Corporation,Health Care,Health Care Equipment,326.97,353.5,225.37,330.85,332.86,338.19,316.5,311.05,299.73,288.5
INTC,Intel,Information Technology,Semiconductors,31.22,32.38,17.67,29.89,27.31,25.91,23.67,22.53,22.13,21.87
ICE,Intercontinental Exchange,Financials,Financial Exchanges & Data,168.05,188.82,141.12,169.43,171.17,172.82,178.51,178.08,174.87,169.1
IFF,International Flavors & Fragrances,Materials,Specialty Chemicals,62.54,105.18,62.13,62.88,63.86,64.98,67.92,71.86,72.36,76.25
IP,International Paper,Materials,Paper & Plastic Packaging Products & Materials,46.25,58.71,42.44,46.46,46.36,47.28,48.43,47.89,47.77,49.89
IPG,Interpublic Group of Companies (The),Communication Services,Advertising,26.3,31.81,21.93,25.91,26.16,26.37,25.68,24.81,24.67,25.5
INTU,Intuit,Information Technology,Application Software,694.79,813.7,531.0,691.79,673.08,669.99,714.06,721.83,696.62,664.04
ISRG,Intuitive Surgical,Health Care,Health Care Equipment,443.99,616.0,425.0,442.17,441.85,452.8,473.32,505.25,502.87,520.99
IVZ,Invesco,Financials,Asset Management & Custody Banks,22.18,22.99,11.33,22.46,22.39,22.18,21.29,18.18,17.22,17.06
INVH,Invitation Homes,Real Estate,Single-Family Residential REITs,29.21,35.52,29.11,29.55,29.74,30.12,30.65,31.95,32.18,32.0
IQV,IQVIA,Health Care,Life Sciences Tools & Services,181.24,245.2,134.65,186.59,187.03,187.0,185.68,168.98,166.22,177.32
IRM,Iron Mountain,Real Estate,Other Specialized REITs,101.23,126.21,71.19,101.72,100.22,95.99,94.76,96.57,93.87,95.2
JBHT,J.B. Hunt,Industrials,Cargo Ground Transportation,132.87,198.61,122.01,132.62,135.11,139.27,142.75,142.69,141.07,150.65
JBL,Jabil,Information Technology,Electronic Manufacturing Services,225.28,237.14,108.57,228.12,221.2,214.6,217.25,201.44,188.25,174.24
JKHY,Jack Henry & Associates,Financials,Transaction & Payment Processing Services,151.5,194.68,149.39,151.88,155.82,158.72,164.32,171.6,171.87,172.36
J,Jacobs Solutions,Industrials,Construction & Engineering,147.46,152.07,104.68,148.95,148.04,146.64,145.16,136.39,132.56,131.43
JNJ,Johnson & Johnson,Health Care,Pharmaceuticals,176.69,179.84,137.37,175.57,176.55,176.95,172.86,162.63,160.71,156.89
JCI,Johnson Controls,Industrials,Building Products,106.54,112.63,67.78,108.26,107.88,107.48,106.98,103.78,98.7,92.22
JPM,JPMorgan Chase,Financials,Diversified Banks,313.42,316.58,199.85,313.32,310.89,304.97,297.74,283.82,273.93,264.49
K,Kellanova,Consumer Staples,Packaged Foods & Meats,76.96,82.04,76.48,77.31,78.27,78.74,79.13,79.65,79.97,80.05
KVUE,Kenvue,Consumer Staples,Personal Care Products,16.86,24.71,16.53,17.5,18.01,18.91,20.53,21.32,21.57,21.55
KDP,Keurig Dr Pepper,Consumer Staples,Soft Drinks & Non-alcoholic Beverages,26.25,37.26,25.92,26.6,26.88,27.77,31.35,32.26,32.7,32.43
KEY,KeyCorp,Financials,Regional Banks,18.77,19.41,12.43,18.89,18.88,18.99,18.41,17.36,16.73,16.69
KEYS,Keysight Technologies,Information Technology,Electronic Equipment & Instruments,174.41,186.2,121.43,177.1,174.51,170.63,166.62,163.75,159.01,161.55
KMB,Kimberly-Clark,Consumer Staples,Household Products,123.93,147.59,120.67,124.39,125.55,127.03,128.59,130.32,131.24,130.91
KIM,Kimco Realty,Real Estate,Retail REITs,21.63,24.7,17.52,21.88,22.07,22.2,21.65,21.19,20.92,21.2
KMI,Kinder Morgan,Energy,Oil & Gas Storage & Transportation,27.82,30.49,20.69,27.51,27.48,27.15,27.09,27.35,27.15,27.01
KKR,KKR & Co.,Financials,Asset Management & Custody Banks,137.94,169.7,85.9,146.08,145.22,141.7,143.37,134.52,129.09,133.66
KLAC,KLA Corporation,Information Technology,Semiconductor Materials & Equipment,1068.67,1076.79,548.81,1060.52,1019.53,953.91,923.71,874.48,831.27,781.67
KHC,Kraft Heinz,Consumer Staples,Packaged Foods & Meats,26.74,34.37,25.07,26.44,26.21,26.61,27.09,26.7,27.08,27.79
KR,Kroger,Consumer Staples,Food Retail,65.55,74.52,53.78,65.4,66.36,67.1,69.5,69.14,69.02,66.36
LHX,L3Harris,Industrials,Aerospace & Defense,284.0,288.19,190.25,284.24,282.9,278.35,273.78,257.11,248.11,233.51
LH,Labcorp,Health Care,Health Care Services,279.35,283.47,208.23,278.52,277.58,276.87,268.8,260.54,253.71,247.97
LRCX,Lam Research,Information Technology,Semiconductor Materials & Equipment,128.32,133.57,56.18,129.14,123.98,113.19,105.19,96.82,91.05,86.02
LW,Lamb Weston,Consumer Staples,Packaged Foods & Meats,53.77,82.35,47.25,55.12,55.86,56.32,55.12,53.88,53.74,55.88
LVS,Las Vegas Sands,Consumer Discretionary,Casinos & Gaming,52.99,58.05,29.84,53.2,53.19,54.37,53.1,47.89,45.23,45.43
LDOS,Leidos,Industrials,Diversified Support Services,187.4,200.78,122.65,187.4,185.43,182.5,175.12,164.17,159.25,152.53
LEN,Lennar,Consumer Discretionary,Homebuilding,125.69,181.28,97.54,126.21,130.9,133.58,126.26,117.72,115.71,120.47
LII,Lennox International,Industrials,Building Products,522.44,689.44,497.88,533.66,542.83,551.9,584.82,579.42,572.34,587.38
LLY,Lilly (Eli),Health Care,Pharmaceuticals,741.85,932.17,622.41,751.74,754.34,746.46,736.68,751.72,761.01,782.21
LIN,Linde plc,Materials,Industrial Gases,474.13,484.83,406.06,477.37,478.05,476.23,472.76,466.98,462.87,454.65
LYV,Live Nation Entertainment,Communication Services,Movies & Entertainment,162.08,175.25,103.28,163.95,167.97,167.14,159.93,151.68,147.06,143.01
LKQ,LKQ Corporation,Consumer Discretionary,Distributors,30.39,43.77,28.65,30.58,31.23,31.74,31.8,35.35,36.28,36.99
LMT,Lockheed Martin,Industrials,Aerospace & Defense,486.25,602.02,407.14,479.97,476.26,466.07,446.17,455.72,455.41,457.16
L,Loews Corporation,Financials,Multi-line Insurance,99.26,99.38,74.95,97.65,97.35,96.93,94.72,91.95,90.86,88.6
LOW,Lowe's,Consumer Discretionary,Home Improvement Retail,257.33,281.56,204.22,262.06,266.51,265.1,249.06,236.08,232.97,237.96
LULU,Lululemon Athletica,Consumer Discretionary,"Apparel, Accessories & Luxury Goods",179.22,423.32,159.25,173.07,167.68,178.0,194.83,233.97,240.92,290.75
LYB,LyondellBasell,Materials,Specialty Chemicals,51.37,89.94,46.44,51.51,52.7,53.91,54.91,55.99,56.27,61.73
MTB,M&T Bank,Financials,Regional Banks,199.44,219.44,148.52,200.28,198.85,199.26,194.15,189.48,184.25,185.6
MPC,Marathon Petroleum,Energy,Oil & Gas Refining & Marketing,193.1,194.92,113.82,188.34,185.19,182.66,173.56,168.07,160.68,154.52
MKTX,MarketAxess,Financials,Financial Exchanges & Data,179.04,292.5,176.57,178.92,181.61,182.97,192.11,205.77,207.79,209.8
MAR,Marriott International,Consumer Discretionary,"Hotels, Resorts & Cruise Lines",262.14,305.27,204.35,264.11,265.01,265.77,266.39,266.12,258.49,264.54
MMC,Marsh McLennan,Financials,Insurance Brokers,199.66,246.94,195.01,197.42,198.58,201.46,204.42,213.07,216.07,218.02
MLM,Martin Marietta Materials,Materials,Construction Materials,606.8,632.26,440.72,616.2,615.85,616.43,600.94,575.36,558.13,542.29
MAS,Masco,Industrials,Building Products,71.58,85.23,56.02,71.88,72.75,73.31,71.11,67.39,66.38,69.43
MA,Mastercard,Financials,Transaction & Payment Processing Services,568.81,601.77,464.22,578.7,583.06,586.1,577.6,572.66,562.87,553.79
MTCH,Match Group,Communication Services,Interactive Media & Services,36.1,39.2,26.24,37.31,37.48,37.58,36.29,33.4,32.6,32.46
MKC,McCormick & Company,Consumer Staples,Packaged Foods & Meats,65.2,85.22,63.66,65.17,66.45,68.17,69.68,71.69,72.6,74.38
MCD,McDonald's,Consumer Discretionary,Restaurants,304.33,322.65,271.85,302.81,303.82,308.24,304.87,303.44,304.36,300.12
MCK,McKesson Corporation,Health Care,Health Care Distributors,760.58,770.0,462.37,717.47,710.71,701.3,696.46,705.29,701.43,665.32
MDT,Medtronic,Health Care,Health Care Equipment,95.74,95.98,77.57,95.2,94.65,93.7,92.33,88.87,87.88,87.22
MRK,Merck & Co.,Health Care,Pharmaceuticals,79.67,113.94,71.87,80.61,81.26,82.35,81.9,79.98,80.09,84.77
META,Meta Platforms,Communication Services,Interactive Media & Services,760.66,795.71,479.11,767.76,766.21,756.88,748.81,711.37,677.2,662.26
MET,MetLife,Financials,Life & Health Insurance,80.64,87.17,64.24,80.03,79.92,80.15,78.26,78.29,77.36,78.91
MTD,Mettler Toledo,Health Care,Life Sciences Tools & Services,1242.28,1521.01,946.69,1262.01,1266.25,1276.14,1266.27,1215.41,1185.65,1218.64
MGM,MGM Resorts,Consumer Discretionary,Casinos & Gaming,34.55,42.54,25.3,35.11,35.17,36.48,36.61,35.22,34.12,34.13
MCHP,Microchip Technology,Information Technology,Semiconductors,65.85,79.31,33.63,65.47,65.05,64.97,66.63,65.21,60.63,58.74
MU,Micron Technology,Information Technology,Semiconductors,161.71,170.45,61.48,164.87,160.87,143.35,126.52,117.06,108.76,104.02
MSFT,Microsoft,Information Technology,Systems Software,510.15,554.54,343.59,512.04,510.55,506.95,511.64,490.86,468.53,448.3
MAA,Mid-America Apartment Communities,Real Estate,Multi-Family Residential REITs,140.43,170.0,137.32,140.84,141.0,142.55,143.82,148.15,149.83,151.3
MRNA,Moderna,Health Care,Biotechnology,25.88,67.96,23.15,25.78,25.15,24.82,27.36,27.39,27.27,30.95
MHK,Mohawk Industries,Consumer Discretionary,Home Furnishings,127.86,164.29,96.24,129.57,132.88,133.61,126.16,115.53,113.79,116.35
MOH,Molina Healthcare,Health Care,Managed Health Care,190.71,359.97,151.95,182.0,180.82,179.09,172.9,232.27,251.68,269.69
TAP,Molson Coors Beverage Company,Consumer Staples,Brewers,45.31,63.47,43.8,45.59,46.76,48.27,49.36,50.37,51.97,53.68
MDLZ,Mondelez International,Consumer Staples,Packaged Foods & Meats,64.39,73.02,53.2,63.73,62.98,62.34,63.94,65.29,65.49,63.53
MPWR,Monolithic Power Systems,Information Technology,Semiconductors,908.45,947.45,437.93,915.93,883.86,867.08,817.37,758.59,715.84,680.94
MNST,Monster Beverage,Consumer Staples,Soft Drinks & Non-alcoholic Beverages,64.93,67.13,45.7,64.43,64.77,63.76,62.41,62.33,61.55,57.94
MCO,Moody's Corporation,Financials,Financial Exchanges & Data,474.8,528.95,377.3,480.59,496.25,500.36,506.45,494.63,482.84,481.84
MS,Morgan Stanley,Financials,Investment Banking & Brokerage,157.88,163.98,92.93,159.7,158.12,154.12,147.5,139.38,133.45,130.83
MOS,Mosaic Company (The),Materials,Fertilizers & Agricultural Chemicals,35.93,37.97,21.99,34.31,34.09,33.47,33.76,34.34,32.8,30.09
MSI,Motorola Solutions,Information Technology,Communications Equipment,455.13,502.83,387.0,469.62,475.5,475.0,455.68,435.09,432.66,438.94
MSCI,MSCI Inc.,Financials,Financial Exchanges & Data,566.42,636.39,483.67,563.83,571.01,567.07,561.81,562.2,557.49,567.7
NDAQ,"Nasdaq, Inc.",Financials,Financial Exchanges & Data,87.15,97.36,64.46,88.79,91.2,92.69,93.4,88.91,85.7,82.9
NTAP,NetApp,Information Technology,"Technology Hardware, Storage & Peripherals",123.25,133.34,71.49,124.56,124.34,121.14,112.37,106.87,102.35,106.18
NFLX,Netflix,Communication Services,Movies & Entertainment,1203.95,1341.15,677.88,1216.91,1210.77,1223.41,1210.88,1216.12,1169.88,1084.61
NEM,Newmont,Materials,Gold,83.47,86.62,36.35,82.38,80.79,77.94,70.49,62.76,60.39,53.54
NWSA,News Corp (Class A),Communication Services,Publishing,30.23,30.95,23.3,30.54,30.13,29.68,29.49,28.95,28.39,28.22
NWS,News Corp (Class B),Communication Services,Publishing,33.59,35.47,26.17,33.8,33.23,33.2,33.56,33.19,32.55,32.14
NEE,NextEra Energy,Utilities,Multi-Utilities,73.83,83.5,60.75,72.07,71.5,71.47,72.34,71.5,70.48,70.15
NKE,"Nike, Inc.",Consumer Discretionary,"Apparel, Accessories & Luxury Goods",71.22,88.65,51.67,71.28,72.18,73.71,74.74,69.22,66.81,69.39
NI,NiSource,Utilities,Multi-Utilities,42.38,43.51,32.69,41.15,40.74,40.99,41.6,40.37,40.01,39.01
NDSN,Nordson Corporation,Industrials,Industrial Machinery & Supplies & Components,223.12,262.94,163.83,225.2,225.28,224.39,219.33,213.78,208.17,209.95
NSC,Norfolk Southern,Industrials,Rail Transportation,293.32,296.38,199.43,288.47,282.43,279.49,279.03,262.81,254.19,249.09
NTRS,Northern Trust,Financials,Asset Management & Custody Banks,129.51,133.7,80.54,131.11,130.34,129.6,127.96,119.68,113.82,110.11
NOC,Northrop Grumman,Industrials,Aerospace & Defense,586.27,598.64,420.66,577.26,577.62,579.91,574.76,531.2,524.77,504.05
NCLH,Norwegian Cruise Line Holdings,Consumer Discretionary,"Hotels, Resorts & Cruise Lines",25.23,29.29,14.21,25.37,25.74,25.46,24.68,21.96,20.98,22.42
NRG,NRG Energy,Utilities,Independent Power Producers & Energy Traders,165.58,175.96,79.04,166.51,165.02,157.07,155.54,152.82,141.83,125.63
NUE,Nucor,Materials,Steel,136.4,168.24,97.18,134.79,138.63,142.3,142.45,132.66,128.78,128.15
NVDA,Nvidia,Information Technology,Semiconductors,176.97,184.55,86.61,178.38,176.98,175.11,176.32,159.06,148.5,141.46
NVR,"NVR, Inc.",Consumer Discretionary,Homebuilding,8036.63,9964.77,6562.85,8043.03,8178.82,8221.97,8013.39,7643.87,7542.66,7651.98
NXPI,NXP Semiconductors,Information Technology,Semiconductors,227.66,251.87,146.73,225.91,222.97,225.61,223.2,215.76,208.08,209.39
ORLY,O’Reilly Automotive,Consumer Discretionary,Automotive Retail,103.47,108.42,73.33,103.65,104.98,104.84,101.82,96.31,95.56,91.8
OXY,Occidental Petroleum,Energy,Oil & Gas Exploration & Production,46.89,55.34,34.4,46.51,46.46,46.41,44.95,43.8,43.23,44.94
ODFL,Old Dominion,Industrials,Cargo Ground Transportation,141.06,231.78,138.66,140.51,143.09,146.37,151.05,157.06,156.68,166.92
OMC,Omnicom Group,Communication Services,Advertising,77.07,103.32,67.76,75.79,76.43,77.09,75.27,73.8,73.88,77.29
ON,ON Semiconductor,Information Technology,Semiconductors,50.94,76.06,31.04,51.15,50.05,49.58,51.92,50.53,47.92,50.38
OKE,Oneok,Energy,Oil & Gas Storage & Transportation,73.67,113.92,70.63,72.6,72.74,73.34,75.67,78.3,79.63,86.17
ORCL,Oracle Corporation,Information Technology,Application Software,308.46,345.72,118.18,311.14,306.6,274.05,256.81,221.91,204.54,189.81
OTIS,Otis Worldwide,Industrials,Industrial Machinery & Supplies & Components,88.73,105.86,83.85,89.34,89.36,88.1,88.81,92.72,93.45,94.4
PCAR,Paccar,Industrials,Construction Machinery & Heavy Transportation Equipment,96.89,114.66,84.08,98.52,100.28,99.58,98.69,96.27,95.18,99.04
PKG,Packaging Corporation of America,Materials,Paper & Plastic Packaging Products & Materials,215.32,244.78,170.61,213.4,213.2,213.71,205.08,197.97,195.58,202.74
PLTR,Palantir Technologies,Information Technology,Application Software,179.56,190.0,36.05,180.16,174.64,166.22,165.06,148.23,137.49,117.81
PANW,Palo Alto Networks,Information Technology,Systems Software,200.7,210.39,144.15,205.2,202.64,197.83,189.37,192.05,187.76,187.62
PSKY,Paramount Skydance Corporation,Communication Services,Movies & Entertainment,19.12,20.86,9.92,18.85,18.44,16.65,14.56,13.32,12.9,12.16
PH,Parker Hannifin,Industrials,Industrial Machinery & Supplies & Components,748.76,779.77,485.92,756.05,756.12,757.24,741.05,705.88,680.02,670.09
PAYX,Paychex,Industrials,Human Resource & Employment Services,128.27,160.03,128.18,129.82,131.57,133.99,138.28,144.29,144.31,143.7
PAYC,Paycom,Industrials,Human Resource & Employment Services,217.42,267.33,157.01,218.07,218.56,221.2,225.19,234.67,230.94,223.87
PYPL,PayPal,Financials,Transaction & Payment Processing Services,67.86,93.66,55.85,67.92,67.63,68.18,69.85,71.08,69.48,73.76
PNR,Pentair,Industrials,Industrial Machinery & Supplies & Components,109.0,112.91,73.85,110.2,110.57,109.73,106.64,103.12,99.41,98.58
PEP,PepsiCo,Consumer Staples,Soft Drinks & Non-alcoholic Beverages,142.17,170.89,125.14,141.52,141.72,143.58,143.51,136.61,137.26,140.62
PFE,Pfizer,Health Care,Pharmaceuticals,24.09,28.43,20.18,24.09,24.11,24.43,24.53,24.0,23.67,24.19
PCG,PG&E Corporation,Utilities,Multi-Utilities,14.66,21.62,12.97,14.77,15.04,15.08,14.75,15.08,15.45,16.15
PM,Philip Morris International,Consumer Staples,Tobacco,163.0,185.29,114.24,162.69,163.84,164.08,166.44,171.69,169.19,156.27
PSX,Phillips 66,Energy,Oil & Gas Refining & Marketing,136.59,137.68,89.26,131.9,132.02,132.03,126.62,122.34,118.5,118.65
PNW,Pinnacle West Capital,Utilities,Multi-Utilities,87.14,94.64,79.08,86.58,86.89,87.83,89.91,89.73,90.11,88.71
PNC,PNC Financial Services,Financials,Diversified Banks,204.08,210.46,142.39,204.58,203.48,204.11,197.79,187.97,181.85,183.96
POOL,Pool Corporation,Consumer Discretionary,Distributors,310.71,391.14,281.15,315.86,321.15,319.42,315.49,307.95,307.07,319.7
PPG,PPG Industries,Materials,Specialty Chemicals,105.48,133.97,89.08,107.93,108.81,109.54,110.23,110.99,109.11,111.42
PPL,PPL Corporation,Utilities,Electric Utilities,36.5,37.09,30.41,35.95,35.9,35.92,36.01,34.99,34.98,34.15
PFG,Principal Financial Group,Financials,Life & Health Insurance,81.84,88.63,67.06,81.99,81.86,80.88,79.04,78.26,77.45,78.36
PG,Procter & Gamble,Consumer Staples,Personal Care Products,152.42,177.66,149.91,154.27,156.31,157.2,156.01,158.18,159.27,161.61
PGR,Progressive Corporation,Financials,Property & Casualty Insurance,240.0,292.77,228.37,240.82,243.54,244.72,245.54,258.28,260.99,258.88
PLD,Prologis,Real Estate,Industrial REITs,112.86,123.15,83.8,113.98,113.92,112.67,109.2,107.48,105.99,107.87
PRU,Prudential Financial,Financials,Life & Health Insurance,103.32,125.75,88.12,103.35,104.13,105.78,104.48,103.99,103.25,106.42
PEG,Public Service Enterprise Group,Utilities,Electric Utilities,82.4,92.35,73.5,81.83,81.85,81.45,83.86,81.79,81.43,81.73
PTC,PTC Inc.,Information Technology,Application Software,203.6,219.69,133.38,205.14,205.09,208.46,207.58,189.76,181.58,180.09
PSA,Public Storage,Real Estate,Self-Storage REITs,280.71,355.59,251.43,281.09,284.22,286.66,283.75,288.49,287.67,289.76
PHM,PulteGroup,Consumer Discretionary,Homebuilding,130.9,148.31,87.74,131.24,133.41,134.18,126.06,114.8,111.57,110.8
PWR,Quanta Services,Industrials,Construction & Engineering,402.87,424.94,227.02,393.53,387.97,383.1,388.64,371.99,351.26,331.9
QCOM,Qualcomm,Information Technology,Semiconductors,173.55,178.09,119.4,169.56,166.17,162.6,157.29,154.3,151.5,154.44
DGX,Quest Diagnostics,Health Care,Health Care Services,186.82,187.96,144.09,185.08,183.48,182.13,177.53,176.18,174.53,169.08
RL,Ralph Lauren Corporation,Consumer Discretionary,"Apparel, Accessories & Luxury Goods",312.01,321.77,176.02,311.35,312.48,310.12,299.78,285.28,270.27,259.87
RJF,Raymond James Financial,Financials,Investment Banking & Brokerage,171.91,177.66,117.19,174.21,171.98,169.77,166.56,158.17,153.4,154.14
RTX,RTX Corporation,Industrials,Aerospace & Defense,161.38,163.03,111.21,159.56,158.65,157.95,156.04,147.22,142.82,135.23
O,Realty Income,Real Estate,Retail REITs,59.98,61.61,49.53,59.37,59.73,59.16,58.01,56.97,56.61,55.29
REG,Regency Centers,Real Estate,Retail REITs,71.38,75.93,62.21,70.84,70.89,71.42,71.02,70.68,70.49,70.7
REGN,Regeneron Pharmaceuticals,Health Care,Biotechnology,576.98,1149.63,475.77,586.25,579.26,574.65,568.21,556.97,562.73,613.61
RF,Regions Financial Corporation,Financials,Regional Banks,26.66,27.61,17.36,26.9,26.91,26.98,26.05,24.09,23.19,23.11
RSG,Republic Services,Industrials,Environmental & Facilities Services,227.4,258.14,196.11,226.97,227.53,229.61,233.79,240.68,240.83,232.37
RMD,ResMed,Health Care,Health Care Equipment,274.19,293.81,199.07,274.14,273.09,274.15,276.61,263.17,254.33,246.51
RVTY,Revvity,Health Care,Health Care Equipment,84.49,129.23,81.36,86.19,85.42,85.97,89.45,92.06,93.01,101.33
ROK,Rockwell Automation,Industrials,Electrical Components & Equipment,342.48,359.54,213.27,345.39,345.58,344.13,345.45,330.34,312.17,299.89
ROL,"Rollins, Inc.",Industrials,Environmental & Facilities Services,56.11,58.96,44.94,55.66,56.17,56.42,56.92,56.68,56.21,53.54
ROP,Roper Technologies,Information Technology,Electronic Equipment & Instruments,505.68,593.46,498.03,506.59,508.02,515.34,531.03,548.93,551.05,551.48
ROST,Ross Stores,Consumer Discretionary,Apparel Retail,149.43,156.94,121.69,146.41,147.12,148.5,144.22,140.87,139.66,140.61
RCL,Royal Caribbean Group,Consumer Discretionary,"Hotels, Resorts & Cruise Lines",327.03,366.5,163.55,328.25,330.25,342.49,334.99,304.3,283.56,266.0
SPGI,S&P Global,Financials,Financial Exchanges & Data,490.74,578.04,425.6,501.61,523.25,533.45,540.26,527.45,517.2,513.35
CRM,Salesforce,Information Technology,Application Software,245.89,366.78,226.09,246.3,244.29,247.52,249.77,260.52,259.87,282.31
SBAC,SBA Communications,Real Estate,Telecom Tower REITs,195.23,247.78,186.81,197.99,198.6,198.78,214.25,222.35,222.14,216.14
SLB,Schlumberger,Energy,Oil & Gas Equipment & Services,34.61,44.81,30.61,34.44,34.86,35.36,34.37,34.38,34.56,36.49
STX,Seagate Technology,Information Technology,"Technology Hardware, Storage & Peripherals",223.7,231.96,62.86,223.81,214.74,197.36,171.0,147.29,133.32,118.25
SRE,Sempra,Utilities,Multi-Utilities,87.28,93.45,61.37,84.28,83.75,82.69,81.61,78.49,76.83,77.72
NOW,ServiceNow,Information Technology,Systems Software,933.37,1198.09,678.66,943.54,941.48,929.43,921.83,963.53,935.7,961.26
SHW,Sherwin-Williams,Materials,Specialty Chemicals,342.96,397.81,307.5,346.04,351.94,358.75,353.82,352.14,348.88,349.59
SPG,Simon Property Group,Real Estate,Retail REITs,183.13,184.68,132.99,181.84,182.24,180.36,171.89,165.17,162.25,164.91
SWKS,Skyworks Solutions,Information Technology,Semiconductors,80.66,97.73,47.01,80.17,77.16,75.93,73.36,72.4,69.56,72.57
SJM,J.M. Smucker Company (The),Consumer Staples,Packaged Foods & Meats,110.32,121.73,92.38,108.37,107.25,108.71,109.04,107.01,108.34,107.44
SW,Smurfit Westrock,Materials,Paper & Plastic Packaging Products & Materials,43.25,55.46,36.31,43.71,44.12,45.25,44.97,44.26,43.68,46.2
SNA,Snap-on,Industrials,Industrial Machinery & Supplies & Components,339.47,366.68,275.59,338.77,336.45,331.18,326.94,321.17,320.17,326.18
SOLV,Solventum,Health Care,Health Care Technology,71.82,85.92,60.7,73.41,73.57,73.07,72.94,73.19,72.17,72.45
SO,Southern Company,Utilities,Electric Utilities,94.41,95.68,78.5,92.74,92.34,92.11,93.2,91.16,90.74,88.12
LUV,Southwest Airlines,Industrials,Passenger Airlines,33.06,37.75,23.55,32.7,32.2,32.06,32.09,32.22,31.23,31.32
SWK,Stanley Black & Decker,Industrials,Industrial Machinery & Supplies & Components,75.09,106.2,52.62,76.28,77.31,76.29,73.11,69.67,68.08,73.09
SBUX,Starbucks,Consumer Discretionary,Restaurants,84.27,115.87,74.48,84.65,83.78,85.1,88.69,88.54,87.85,92.24
STT,State Street Corporation,Financials,Asset Management & Custody Banks,112.96,116.37,72.29,113.19,112.56,112.92,111.85,105.55,101.11,98.75
STLD,Steel Dynamics,Materials,Steel,136.37,153.72,102.78,138.25,136.4,134.04,130.15,130.85,128.84,127.33
STE,Steris,Health Care,Health Care Equipment,245.99,253.0,199.47,248.84,249.11,247.02,239.64,238.31,234.78,227.75
SYK,Stryker Corporation,Health Care,Health Care Equipment,371.22,404.87,328.46,375.53,378.04,384.43,386.5,385.53,379.96,378.81
SMCI,Supermicro,Information Technology,"Technology Hardware, Storage & Peripherals",46.2,66.44,17.25,46.36,45.6,43.75,47.53,45.26,42.9,40.87
SYF,Synchrony Financial,Financials,Consumer Finance,74.63,77.41,40.15,75.61,75.51,75.66,72.82,67.14,63.51,63.16
SNPS,Synopsys,Information Technology,Application Software,468.09,651.73,365.74,489.76,458.29,519.36,575.04,537.92,515.43,506.54
SYY,Sysco,Consumer Staples,Food Distributors,81.82,83.24,66.65,81.95,81.59,81.27,80.41,76.96,75.83,74.91
TMUS,T-Mobile US,Communication Services,Wireless Telecommunication Services,238.4,274.51,195.9,238.47,239.22,244.19,243.52,239.88,242.75,241.26
TROW,T. Rowe Price,Financials,Asset Management & Custody Banks,103.45,119.7,75.88,105.04,104.67,105.58,105.07,99.41,96.65,99.8
TTWO,Take-Two Interactive,Communication Services,Interactive Home Entertainment,244.12,255.33,146.76,249.53,248.59,244.35,234.77,234.02,229.84,217.17
TPR,"Tapestry, Inc.",Consumer Discretionary,"Apparel, Accessories & Luxury Goods",113.42,117.0,42.18,114.19,111.38,107.47,105.97,94.52,88.9,82.61
TRGP,Targa Resources,Energy,Oil & Gas Storage & Transportation,172.19,215.2,141.47,168.42,166.65,165.54,164.93,165.23,167.04,176.38
TGT,Target Corporation,Consumer Staples,Consumer Staples Merchandise Retail,88.31,155.5,85.44,87.89,88.82,91.14,97.81,97.24,96.64,107.03
TEL,TE Connectivity,Information Technology,Electronic Manufacturing Services,215.56,221.0,115.38,217.46,214.7,211.19,204.0,183.58,173.73,163.51
TDY,Teledyne Technologies,Information Technology,Electronic Equipment & Instruments,563.92,573.29,419.0,565.56,561.26,552.44,550.2,524.74,513.14,504.01
TER,Teradyne,Information Technology,Semiconductor Materials & Equipment,133.21,143.64,65.6,128.35,121.19,119.79,110.19,97.61,93.14,101.55
TSLA,"Tesla, Inc.",Consumer Discretionary,Automobile Manufacturers,442.79,488.54,212.11,429.15,416.8,379.57,347.51,334.44,319.37,333.95
TXN,Texas Instruments,Information Technology,Semiconductors,184.43,220.1,137.77,181.42,181.02,187.39,191.91,192.46,185.42,185.11
TPL,Texas Pacific Land Corporation,Energy,Oil & Gas Exploration & Production,935.0,1759.83,844.11,906.32,918.0,917.98,924.13,1046.57,1091.56,1169.2
TXT,Textron,Industrials,Aerospace & Defense,82.76,91.21,57.67,83.36,82.86,81.86,80.9,78.94,76.64,76.36
TMO,Thermo Fisher Scientific,Health Care,Life Sciences Tools & Services,468.0,621.58,385.11,474.68,477.13,481.91,472.98,441.46,442.25,478.15
TJX,TJX Companies,Consumer Discretionary,Apparel Retail,140.44,145.58,109.83,139.86,140.03,139.51,133.53,129.94,128.82,125.9
TKO,TKO Group Holdings,Communication Services,Movies & Entertainment,195.79,212.49,113.01,200.33,201.1,195.86,182.53,174.64,169.71,162.06
TTD,Trade Desk (The),Communication Services,Advertising,46.87,141.53,42.96,45.66,45.45,48.98,62.31,67.08,63.96,77.87
TSCO,Tractor Supply,Consumer Discretionary,Other Specialty Retail,57.35,63.75,46.46,58.72,59.19,59.96,59.48,55.71,54.77,54.57
TT,Trane Technologies,Industrials,Building Products,404.09,475.11,296.82,405.19,404.3,409.47,426.15,425.29,408.17,392.49
TDG,TransDigm Group,Industrials,Aerospace & Defense,1300.0,1519.36,1107.45,1292.65,1287.38,1291.25,1355.63,1359.88,1340.07,1299.55
TRV,Travelers Companies (The),Financials,Property & Casualty Insurance,276.66,280.0,220.97,276.79,276.56,274.73,268.26,266.58,263.9,256.73
TRMB,Trimble Inc.,Information Technology,Electronic Equipment & Instruments,79.88,87.5,52.91,81.7,81.38,80.91,82.1,77.43,74.08,73.42
TFC,Truist Financial,Financials,Diversified Banks,45.89,47.46,32.72,45.81,45.43,45.88,44.83,42.75,41.52,42.2
TYL,Tyler Technologies,Information Technology,Application Software,522.89,661.31,513.52,530.36,536.13,546.61,561.52,567.39,565.38,577.33
TSN,Tyson Foods,Consumer Staples,Packaged Foods & Meats,54.46,63.75,51.39,53.91,54.32,55.25,54.94,54.92,55.94,56.49
USB,U.S. Bancorp,Financials,Diversified Banks,49.18,52.21,34.8,49.73,49.44,49.14,47.18,45.61,44.28,44.91
UBER,Uber,Industrials,Passenger Ground Transportation,97.78,101.99,59.33,97.64,96.84,95.31,92.9,90.75,87.33,80.67
UDR,"UDR, Inc.",Real Estate,Multi-Family Residential REITs,37.07,45.5,35.84,37.36,37.65,38.23,38.85,39.86,40.11,40.82
ULTA,Ulta Beauty,Consumer Discretionary,Other Specialty Retail,535.61,539.0,309.01,526.93,525.12,523.27,516.69,481.17,458.69,433.9
UNP,Union Pacific Corporation,Industrials,Rail Transportation,230.36,252.32,202.16,225.03,220.55,220.26,221.72,222.99,221.97,226.71
UAL,United Airlines Holdings,Industrials,Passenger Airlines,101.39,116.0,51.44,104.28,105.16,105.51,98.45,88.8,84.35,88.77
UPS,United Parcel Service,Industrials,Air Freight & Logistics,83.9,136.36,82.0,84.33,84.41,84.96,87.99,92.59,93.27,101.95
URI,United Rentals,Industrials,Trading Companies & Distributors,935.78,980.53,523.58,943.75,945.39,950.95,904.92,813.64,771.48,745.78
UNH,UnitedHealth Group,Health Care,Managed Health Care,351.81,617.34,233.13,342.46,344.33,329.84,296.94,304.92,342.55,403.15
UHS,Universal Health Services,Health Care,Health Care Facilities,199.7,242.21,152.16,193.07,191.11,187.64,177.47,180.26,179.43,180.45
VLO,Valero Energy,Energy,Oil & Gas Refining & Marketing,170.83,173.76,97.37,166.83,163.23,159.29,147.35,140.05,134.78,132.33
VTR,Ventas,Real Estate,Health Care REITs,68.48,70.82,55.85,67.85,68.37,68.19,67.76,65.7,65.96,64.34
VLTO,Veralto,Industrials,Environmental & Facilities Services,105.63,114.62,83.77,106.16,107.0,106.53,106.13,103.02,100.78,100.74
VRSN,Verisign,Information Technology,Internet Services & Infrastructure,285.26,309.71,174.64,284.56,286.09,281.76,277.58,278.97,273.63,252.79
VRSK,Verisk Analytics,Industrials,Research & Consulting Services,242.95,321.9,239.83,243.65,250.24,258.9,270.27,289.14,289.43,287.68
VZ,Verizon,Communication Services,Integrated Telecommunication Services,43.18,45.87,36.41,43.37,43.68,43.78,43.41,42.94,42.88,41.73
VRTX,Vertex Pharmaceuticals,Health Care,Biotechnology,376.62,519.88,362.5,381.94,387.33,390.82,410.68,430.22,441.95,447.99
VTRS,Viatris,Health Care,Pharmaceuticals,9.71,13.04,6.68,9.77,9.78,10.11,9.79,9.26,8.96,9.6
VICI,Vici Properties,Real Estate,Hotel & Resort REITs,31.89,33.54,26.86,31.84,32.16,32.57,32.55,32.01,31.78,30.86
V,Visa Inc.,Financials,Transaction & Payment Processing Services,338.68,374.85,266.36,340.31,340.97,344.06,344.93,350.48,347.0,340.97
VST,Vistra Corp.,Utilities,Electric Utilities,202.06,219.82,90.3,209.09,208.93,200.52,198.89,184.52,171.01,162.63
VMC,Vulcan Materials Company,Materials,Construction Materials,293.81,302.21,214.34,297.33,296.15,294.42,285.75,275.52,268.45,264.3
WRB,W. R. Berkley Corporation,Financials,Property & Casualty Insurance,74.81,75.68,54.69,73.73,73.31,72.64,70.96,71.5,70.89,66.79
GWW,W. W. Grainger,Industrials,Industrial Machinery & Supplies & Components,952.93,1219.65,889.92,980.14,992.37,1000.62,999.09,1029.23,1020.26,1031.33
WAB,Wabtec,Industrials,Construction Machinery & Heavy Transportation Equipment,192.31,215.82,151.42,192.77,190.65,191.59,194.2,198.84,194.24,193.65
WBA,Walgreens Boots Alliance,Consumer Staples,Drug Retail,11.98,13.25,7.98,11.98,12.03,11.93,11.67,11.39,11.33,10.81
WMT,Walmart,Consumer Staples,Consumer Staples Merchandise Retail,102.73,106.11,78.22,102.8,103.15,101.22,99.72,98.28,96.77,95.47
DIS,Walt Disney Company (The),Communication Services,Movies & Entertainment,113.43,124.69,79.76,113.37,114.69,116.27,117.31,115.75,110.36,109.72
WBD,Warner Bros. Discovery,Communication Services,Broadcasting,19.82,20.12,7.25,19.4,18.78,15.41,13.59,11.85,11.24,10.98
WM,Waste Management,Industrials,Environmental & Facilities Services,219.42,240.84,197.52,217.39,217.05,219.5,224.79,227.85,227.76,223.4
WAT,Waters Corporation,Health Care,Life Sciences Tools & Services,292.65,423.56,275.05,300.32,300.52,299.74,294.81,321.31,324.49,347.29
WEC,WEC Energy Group,Utilities,Electric Utilities,112.02,112.25,89.63,110.65,110.24,108.77,108.37,106.49,106.32,103.23
WFC,Wells Fargo,Financials,Diversified Banks,84.11,86.66,52.16,84.36,82.98,81.99,80.47,78.26,75.89,74.9
WELL,Welltower,Real Estate,Health Care REITs,170.97,173.22,120.11,168.53,168.03,168.04,165.38,158.05,155.64,148.59
WST,West Pharmaceutical Services,Health Care,Health Care Supplies,259.94,351.24,187.09,254.56,256.26,252.61,245.56,231.33,227.37,250.67
WDC,Western Digital,Information Technology,"Technology Hardware, Storage & Peripherals",109.69,113.76,28.74,108.83,104.44,96.01,82.42,69.03,62.74,57.17
WY,Weyerhaeuser,Real Estate,Timber REITs,24.61,33.04,23.71,24.38,24.69,25.11,25.4,25.66,25.73,26.96
WSM,"Williams-Sonoma, Inc.",Consumer Discretionary,Homefurnishing Retail,200.39,218.08,123.89,199.06,198.95,197.8,194.55,178.9,172.79,179.8
WMB,Williams Companies,Energy,Oil & Gas Storage & Transportation,62.86,63.42,43.05,60.98,59.79,58.47,57.94,58.28,58.05,56.93
WTW,Willis Towers Watson,Financials,Insurance Brokers,343.5,345.16,283.64,338.32,336.76,332.75,325.82,315.82,316.32,317.89
WDAY,"Workday, Inc.",Information Technology,Application Software,241.51,294.0,205.33,238.32,231.83,231.04,229.54,238.73,237.11,245.46
WYNN,Wynn Resorts,Consumer Discretionary,Casinos & Gaming,125.92,130.84,64.93,127.54,124.98,124.42,115.6,104.36,98.86,94.08
XEL,Xcel Energy,Utilities,Multi-Utilities,77.93,78.12,60.12,73.52,72.99,72.37,72.14,70.1,69.82,68.5
XYL,Xylem Inc.,Industrials,Industrial Machinery & Supplies & Components,141.46,144.93,99.87,142.63,142.0,141.38,139.52,133.04,128.93,126.45
YUM,Yum! Brands,Consumer Discretionary,Restaurants,149.45,161.72,120.38,147.82,148.29,146.83,145.88,145.5,145.85,143.54
ZBRA,Zebra Technologies,Information Technology,Electronic Equipment & Instruments,308.48,427.76,205.73,315.87,316.47,314.76,320.54,308.35,295.44,318.66
ZBH,Zimmer Biomet,Health Care,Health Care Equipment,98.98,114.14,88.99,100.26,100.87,102.9,100.21,96.76,98.13,101.17
ZTS,Zoetis,Health Care,Pharmaceuticals,141.67,195.14,138.77,144.38,146.14,149.54,150.52,155.53,155.0,159.14
