Symbol,Company,GICS_Sector,GICS_Sub_Industry,Current_Price,High_52_Week,Low_52_Week,SMA5,SMA10,SMA20,SMA50,SMA200,Score,Target_Pcnt,Target_Price,Stop_Loss
MMM,3M,Industrials,Industrial Conglomerates,162.23,173.09,123.2,164.44,165.3,167.7,164.39,151.85,0.2,7.48,174.36,161.03
AOS,A. O. Smith,Industrials,Building Products,68.39,73.9,58.72,68.39,68.01,66.84,66.84,67.54,0.0,2.19,69.89,63.78
ABT,Abbott Laboratories,Health Care,Health Care Equipment,125.22,138.33,109.61,126.54,124.7,125.84,126.97,129.55,0.2,4.06,130.3,121.37
ABBV,AbbVie,Health Care,Biotechnology,223.96,242.63,165.03,224.54,224.41,226.74,226.65,203.35,0.2,4.28,233.55,219.95
ACN,Accenture,Information Technology,IT Consulting & Other Services,271.6,394.31,232.56,272.48,270.66,261.12,251.85,276.56,0.1,4.82,284.69,237.55
ADBE,Adobe Inc.,Information Technology,Application Software,356.37,464.11,312.4,353.3,348.98,335.17,336.97,365.39,0.0,2.3,364.57,305.76
AMD,Advanced Micro Devices,Information Technology,Semiconductors,202.52,264.33,78.21,205.63,213.17,213.15,230.16,158.04,0.0,12.14,227.11,199.19
AES,AES Corporation,Utilities,Independent Power Producers & Energy Traders,13.69,15.18,9.38,13.7,13.8,13.83,13.99,12.29,-0.2,3.29,14.14,13.52
AFL,Aflac,Financials,Life & Health Insurance,110.7,114.41,97.05,110.45,109.36,109.73,109.59,105.79,0.0,1.22,112.05,107.42
A,Agilent Technologies,Health Care,Life Sciences Tools & Services,137.41,157.2,98.88,139.35,141.71,146.23,145.15,124.02,0.0,14.88,157.86,134.62
APD,Air Products,Materials,Industrial Gases,245.37,331.69,230.76,244.4,242.99,250.68,252.74,273.24,-0.4,9.98,269.86,231.49
ABNB,Airbnb,Consumer Discretionary,"Hotels, Resorts & Cruise Lines",134.14,161.42,105.69,132.03,128.74,122.91,123.09,126.47,-0.2,1.68,136.39,109.42
AKAM,Akamai Technologies,Information Technology,Internet Services & Infrastructure,88.73,102.1,68.21,87.29,86.28,87.32,81.84,78.89,0.0,2.2,90.68,83.95
ALB,Albemarle Corporation,Materials,Specialty Chemicals,140.6,140.6,50.01,134.27,131.89,127.43,111.02,79.71,0.2,-0.07,140.5,114.35
ARE,Alexandria Real Estate Equities,Real Estate,Office REITs,48.89,98.01,44.97,47.28,46.52,49.05,58.43,73.05,-0.2,12.6,55.05,43.04
ALGN,Align Technology,Health Care,Health Care Supplies,162.11,234.89,124.88,162.75,161.61,154.32,142.53,159.4,0.1,6.04,171.9,136.75
ALLE,Allegion,Industrials,Building Products,159.82,179.47,118.08,160.82,160.45,162.06,166.37,153.5,0.4,4.67,167.28,156.82
LNT,Alliant Energy,Utilities,Electric Utilities,65.74,69.47,54.87,65.41,65.27,66.59,67.13,63.37,-0.2,5.89,69.61,63.57
ALL,Allstate,Financials,Property & Casualty Insurance,205.05,213.64,177.51,208.55,205.5,208.04,202.75,200.26,0.0,5.34,216.0,200.09
GOOGL,Alphabet Inc. (Class A),Communication Services,Interactive Media & Services,302.23,323.23,144.3,304.61,310.75,312.23,286.06,211.22,-0.2,9.28,330.28,294.2
GOOG,Alphabet Inc. (Class C),Communication Services,Interactive Media & Services,303.49,323.43,146.18,305.82,311.79,312.91,286.69,212.31,-0.2,8.96,330.68,295.14
MO,Altria,Consumer Staples,Tobacco,58.54,66.65,48.28,58.98,58.66,58.55,60.09,59.67,0.2,1.64,59.5,57.6
AMZN,Amazon,Consumer Discretionary,Broadline Retail,226.7,254.0,167.32,223.85,226.57,227.58,229.27,215.51,0.0,4.49,236.88,218.29
AMCR,Amcor,Materials,Paper & Plastic Packaging Products & Materials,8.35,10.15,7.82,8.3,8.27,8.37,8.26,8.88,-0.1,3.35,8.63,8.12
AEE,Ameren,Utilities,Multi-Utilities,99.26,105.59,84.39,98.38,98.59,100.88,102.32,98.38,-0.2,6.89,106.1,95.65
AEP,American Electric Power,Utilities,Electric Utilities,115.43,123.77,87.28,114.92,115.24,118.0,118.47,108.51,-0.2,7.65,124.26,111.74
AXP,American Express,Financials,Consumer Finance,376.66,384.89,230.22,379.63,375.52,368.0,358.15,311.63,0.0,3.33,389.2,346.78
AIG,American International Group,Financials,Multi-line Insurance,86.74,86.74,68.53,85.55,81.94,78.86,78.42,80.14,-0.1,0.77,87.41,70.32
AMT,American Tower,Real Estate,Telecom Tower REITs,175.12,230.32,169.21,178.94,179.54,179.23,182.41,201.93,-0.2,4.66,183.28,175.19
AWK,American Water Works,Utilities,Water Utilities,133.09,149.23,118.11,133.1,131.04,130.74,133.0,138.6,-0.2,0.97,134.38,127.09
AMP,Ameriprise Financial,Financials,Asset Management & Custody Banks,490.6,567.86,418.0,489.96,487.77,471.54,468.36,490.85,0.1,3.62,508.36,434.73
AME,Ametek,Industrials,Electrical Components & Equipment,202.59,203.84,150.67,201.84,200.87,198.43,193.61,181.57,0.2,1.3,205.22,191.64
AMGN,Amgen,Health Care,Biotechnology,323.88,345.46,250.44,323.94,321.74,330.78,316.24,293.34,-0.2,8.4,351.09,310.45
APH,Amphenol,Information Technology,Electronic Components,129.62,143.57,58.79,128.78,133.83,135.59,134.25,103.33,0.0,11.9,145.04,126.13
ADI,Analog Devices,Information Technology,Semiconductors,275.77,283.39,162.63,276.99,278.56,267.19,248.11,228.21,0.0,9.35,301.55,232.82
AON,Aon plc,Financials,Insurance Brokers,353.72,407.61,326.07,351.81,348.16,348.08,346.7,360.95,-0.1,0.67,356.09,340.06
APA,APA Corporation,Energy,Oil & Gas Exploration & Production,23.73,27.1,13.47,24.7,25.54,25.26,24.05,20.38,-0.2,15.84,27.49,23.04
APO,Apollo Global Management,Financials,Asset Management & Custody Banks,146.79,173.87,107.48,147.04,145.4,138.42,130.96,134.59,0.1,4.91,154.0,122.84
AAPL,Apple Inc.,Information Technology,"Technology Hardware, Storage & Peripherals",272.09,286.19,171.83,274.19,276.16,277.14,269.01,229.34,-0.2,5.19,286.21,268.07
AMAT,Applied Materials,Information Technology,Semiconductor Materials & Equipment,254.08,275.15,125.98,256.33,263.02,255.41,238.81,186.43,0.0,12.56,285.99,224.82
APP,AppLovin,Information Technology,Application Software,694.66,724.62,219.37,674.98,690.15,643.34,614.32,447.14,0.2,10.63,768.5,518.22
APTV,Aptiv,Consumer Discretionary,Automotive Parts & Equipment,77.25,87.98,47.92,77.51,77.58,76.74,80.05,71.64,0.2,4.32,80.59,72.88
ACGL,Arch Capital Group,Financials,Property & Casualty Insurance,96.4,96.94,84.72,95.45,93.6,93.2,90.69,91.08,0.1,0.02,96.42,89.97
ADM,Archer Daniels Midland,Consumer Staples,Agricultural Products & Services,58.81,63.67,40.67,59.11,58.87,59.24,59.6,54.12,0.0,3.98,61.15,57.33
ARES,Ares Management,Financials,Asset Management & Custody Banks,167.41,192.89,115.76,170.53,170.81,162.44,153.62,161.09,0.3,8.88,182.28,142.61
ANET,Arista Networks,Information Technology,Communications Equipment,125.11,162.03,64.37,124.85,127.87,126.65,137.32,114.21,0.2,7.63,134.66,118.63
AJG,Arthur J. Gallagher & Co.,Financials,Insurance Brokers,253.36,346.41,237.85,252.01,246.27,246.69,260.79,301.86,-0.2,1.07,256.07,237.3
AIZ,Assurant,Financials,Multi-line Insurance,238.15,238.15,177.67,234.21,228.91,227.05,220.48,205.01,0.2,-0.61,236.7,217.41
T,AT&T,Communication Services,Integrated Telecommunication Services,24.33,29.3,20.9,24.33,24.5,25.09,25.27,26.8,-0.2,8.51,26.4,23.78
ATO,Atmos Energy,Utilities,Gas Utilities,169.75,178.17,133.41,169.21,168.46,170.82,173.16,160.36,-0.4,4.16,176.81,164.83
ADSK,Autodesk,Information Technology,Application Software,298.9,326.79,238.84,295.56,298.77,299.15,301.3,293.83,0.2,4.26,311.63,286.66
ADP,Automatic Data Processing,Industrials,Human Resource & Employment Services,261.88,321.43,247.46,264.11,261.48,257.46,262.92,289.84,0.0,2.32,267.96,246.97
AZO,AutoZone,Consumer Discretionary,Automotive Retail,3424.92,4354.54,3185.71,3438.7,3554.15,3720.82,3799.56,3826.77,0.0,20.91,4141.07,3300.4
AVB,AvalonBay Communities,Real Estate,Multi-Family Residential REITs,182.1,222.25,173.92,178.83,178.09,179.19,180.61,193.7,0.0,0.85,183.65,174.73
AVY,Avery Dennison,Materials,Paper & Plastic Packaging Products & Materials,184.09,191.81,156.63,183.28,179.61,174.78,171.65,171.84,0.1,1.41,186.69,162.88
AXON,Axon Enterprise,Industrials,Aerospace & Defense,565.95,870.97,496.65,557.42,558.72,546.04,614.48,678.02,-0.2,2.15,578.12,513.95
BKR,Baker Hughes,Energy,Oil & Gas Equipment & Services,44.59,50.61,34.43,45.73,46.84,48.23,47.54,42.75,-0.2,16.15,51.79,44.68
BALL,Ball Corporation,Materials,"Metal, Glass & Plastic Containers",52.77,59.23,44.42,51.82,49.97,49.44,48.48,51.43,0.3,-0.42,52.55,46.32
BAC,Bank of America,Financials,Diversified Banks,54.38,55.33,33.82,54.84,54.42,53.49,52.5,46.62,0.2,2.91,55.96,51.02
BAX,Baxter International,Health Care,Health Care Equipment,19.16,36.1,17.41,19.24,18.82,18.68,19.76,26.06,0.0,2.61,19.66,17.7
BDX,Becton Dickinson,Health Care,Health Care Equipment,195.49,243.81,162.39,197.64,195.83,193.71,188.37,187.85,0.2,2.99,201.34,186.08
BRK-B,Berkshire Hathaway,Financials,Multi-Sector Holdings,503.97,539.8,442.66,502.8,499.33,503.09,496.91,498.16,-0.3,2.18,514.96,491.25
BBY,Best Buy,Consumer Discretionary,Computer & Electronics Retail,71.88,86.45,53.98,72.38,72.52,74.09,76.51,70.43,0.0,9.67,78.83,69.36
TECH,Bio-Techne,Health Care,Life Sciences Tools & Services,57.15,78.3,46.53,57.76,59.07,61.17,60.96,55.15,0.2,16.54,66.6,55.75
BIIB,Biogen,Health Care,Biotechnology,170.35,182.09,113.38,172.76,175.14,176.92,162.46,139.93,-0.2,8.88,185.48,168.37
BLK,BlackRock,Financials,Asset Management & Custody Banks,1066.26,1196.76,803.7,1076.68,1074.26,1050.48,1084.01,1032.52,0.0,4.08,1109.76,991.24
BX,Blackstone Inc.,Financials,Asset Management & Custody Banks,153.94,187.02,117.47,152.15,153.1,149.21,149.35,151.11,0.0,3.38,159.14,139.28
XYZ,"Block, Inc.",Financials,Transaction & Payment Processing Services,64.64,94.55,46.53,64.35,63.24,63.07,68.51,66.68,0.0,2.77,66.43,59.71
BK,BNY Mellon,Financials,Asset Management & Custody Banks,114.71,118.68,72.12,115.32,115.81,113.13,110.0,96.52,0.2,4.68,120.08,106.18
BA,Boeing,Industrials,Aerospace & Defense,208.9,237.38,136.59,206.36,203.98,196.63,202.24,202.88,0.0,4.0,217.26,176.0
BKNG,Booking Holdings,Consumer Discretionary,"Hotels, Resorts & Cruise Lines",5355.77,5794.84,4141.9,5378.61,5302.01,5099.35,5071.13,5196.89,0.1,4.04,5572.14,4626.46
BSX,Boston Scientific,Health Care,Health Care Equipment,96.08,108.14,88.03,93.66,93.66,96.42,98.57,100.98,-0.4,7.19,102.99,89.85
BMY,Bristol Myers Squibb,Health Care,Pharmaceuticals,53.49,60.79,42.6,53.59,52.48,50.63,47.43,47.99,0.1,3.65,55.44,45.82
AVGO,Broadcom,Information Technology,Semiconductors,330.86,412.97,145.7,339.58,371.49,374.74,361.64,282.33,0.0,29.76,429.32,320.14
BR,Broadridge Financial Solutions,Industrials,Data Processing & Outsourced Services,226.65,264.73,214.68,228.43,228.06,227.61,226.55,236.43,0.1,2.05,231.3,223.92
BRO,Brown & Brown,Financials,Insurance Brokers,81.39,123.81,76.42,81.39,79.84,79.97,82.54,99.99,0.0,1.34,82.48,77.45
BF-B,Brown–Forman,Consumer Staples,Distillers & Vintners,28.94,42.4,25.25,29.89,29.95,29.28,28.15,29.86,0.1,8.12,31.29,27.26
BLDR,Builders FirstSource,Industrials,Building Products,105.96,173.51,94.85,105.16,106.77,107.42,111.96,121.65,0.0,10.5,117.09,97.75
BG,Bunge Global,Consumer Staples,Agricultural Products & Services,92.28,97.09,66.74,92.66,92.62,93.85,93.12,81.5,0.2,5.39,97.25,90.45
BXP,"BXP, Inc.",Real Estate,Office REITs,69.7,78.2,55.53,70.59,70.17,70.7,71.0,68.41,0.0,5.05,73.22,68.18
CHRW,C.H. Robinson,Industrials,Air Freight & Logistics,165.85,165.85,85.64,159.94,158.1,157.14,146.31,115.35,0.0,-0.74,164.62,149.65
CDNS,Cadence Design Systems,Information Technology,Application Software,315.98,373.37,231.64,320.48,328.76,319.36,325.69,314.32,-0.2,9.75,346.79,291.93
CPT,Camden Property Trust,Real Estate,Multi-Family Residential REITs,108.6,120.87,96.61,105.51,103.8,104.09,102.23,108.32,0.1,-0.79,107.74,100.44
CPB,Campbell's Company (The),Consumer Staples,Packaged Foods & Meats,28.8,41.2,28.18,28.64,28.79,29.59,30.22,32.76,0.0,9.58,31.56,27.62
COF,Capital One,Financials,Consumer Finance,239.5,241.61,149.12,239.62,235.76,225.08,218.89,203.46,0.0,4.5,250.28,199.89
CAH,Cardinal Health,Health Care,Health Care Distributors,199.36,213.73,114.18,198.79,198.71,203.76,188.24,158.24,0.2,8.03,215.37,192.14
CCL,Carnival,Consumer Discretionary,"Hotels, Resorts & Cruise Lines",28.3,32.49,16.43,28.15,27.23,26.47,27.26,25.81,0.0,1.55,28.74,24.21
CARR,Carrier Global,Industrials,Building Products,53.48,80.42,50.36,52.97,53.26,53.37,55.42,64.05,0.0,3.87,55.55,51.2
CAT,Caterpillar Inc.,Industrials,Construction Machinery & Heavy Transportation Equipment,567.28,625.61,270.85,581.15,594.07,582.71,559.44,423.43,-0.2,9.99,623.95,541.46
CBOE,Cboe Global Markets,Financials,Financial Exchanges & Data,248.9,260.88,189.73,249.99,250.91,253.18,249.01,234.65,0.2,4.14,259.2,247.15
CBRE,CBRE Group,Real Estate,Real Estate Services,160.54,165.9,113.94,159.94,158.91,159.21,156.58,144.11,0.0,2.53,164.6,153.82
CDW,CDW Corporation,Information Technology,Technology Distributors,143.69,203.07,136.03,144.44,146.09,144.25,147.16,162.51,0.2,4.54,150.21,138.29
COR,Cencora,Health Care,Health Care Distributors,340.79,374.75,222.96,344.36,342.19,350.89,344.69,301.9,0.0,10.62,376.98,324.79
CNC,Centene Corporation,Health Care,Managed Health Care,39.4,65.89,25.21,39.71,39.2,38.71,36.96,43.56,-0.3,5.0,41.37,36.06
CNP,CenterPoint Energy,Utilities,Multi-Utilities,38.15,40.0,30.14,38.11,37.98,38.62,38.98,37.33,-0.2,5.43,40.22,37.02
CF,CF Industries,Materials,Fertilizers & Agricultural Chemicals,78.37,101.28,67.27,78.57,77.95,78.33,81.69,84.22,0.2,2.46,80.3,76.35
CRL,Charles River Laboratories,Health Care,Life Sciences Tools & Services,194.98,198.15,99.75,195.75,191.51,182.38,178.69,157.04,0.2,4.9,204.53,160.22
SCHW,Charles Schwab Corporation,Financials,Investment Banking & Brokerage,97.02,98.41,68.45,96.39,95.51,93.66,93.87,89.08,0.0,1.01,98.0,89.33
CHTR,Charter Communications,Communication Services,Cable & Satellite,209.66,427.25,194.22,209.83,207.73,203.18,222.95,312.78,0.2,2.28,214.44,191.91
CVX,Chevron Corporation,Energy,Integrated Oil & Gas,147.81,162.83,129.22,148.77,149.32,149.95,151.43,147.62,0.0,3.36,152.78,147.12
CMG,Chipotle Mexican Grill,Consumer Discretionary,Restaurants,37.94,64.29,29.81,36.54,35.28,34.22,35.41,44.73,0.2,-0.45,37.77,30.66
CB,Chubb Limited,Financials,Property & Casualty Insurance,312.04,312.96,256.04,311.42,305.31,300.67,290.06,284.34,0.0,0.7,314.22,287.13
CHD,Church & Dwight,Consumer Staples,Household Products,85.43,112.09,81.52,85.02,84.11,83.98,85.05,93.9,0.0,0.9,86.2,81.76
CI,Cigna,Health Care,Health Care Services,274.7,334.83,243.04,275.3,270.31,271.43,277.3,299.04,0.0,2.33,281.1,261.78
CINF,Cincinnati Financial,Financials,Property & Casualty Insurance,168.1,168.48,125.14,166.54,164.34,164.93,161.23,150.11,0.0,0.98,169.75,160.11
CTAS,Cintas,Industrials,Diversified Support Services,191.0,226.65,180.61,188.39,186.92,185.65,186.33,204.74,0.2,-0.45,190.14,181.17
CSCO,Cisco,Information Technology,Communications Equipment,77.27,80.25,52.55,77.37,78.27,77.41,74.26,66.53,0.2,3.55,80.01,74.81
C,Citigroup,Financials,Diversified Banks,113.25,113.25,56.95,112.12,111.07,106.72,102.08,86.84,0.0,3.01,116.66,96.77
CFG,Citizens Financial Group,Financials,Regional Banks,58.54,58.61,33.29,58.42,57.61,55.75,52.78,46.05,0.0,3.14,60.38,51.12
CLX,Clorox,Consumer Staples,Household Products,99.71,158.49,98.43,101.36,101.94,103.71,108.38,123.03,-0.2,9.2,108.88,98.53
CME,CME Group,Financials,Financial Exchanges & Data,267.03,286.69,221.6,271.41,270.18,272.79,270.82,268.33,0.2,5.0,280.38,265.2
CMS,CMS Energy,Utilities,Multi-Utilities,70.71,75.44,63.06,70.3,70.33,72.02,72.94,71.27,-0.2,7.28,75.86,68.17
KO,Coca-Cola Company (The),Consumer Staples,Soft Drinks & Non-alcoholic Beverages,70.72,72.61,59.07,70.65,70.29,70.96,69.71,68.93,-0.2,3.0,72.84,69.07
CTSH,Cognizant,Information Technology,IT Consulting & Other Services,84.19,89.26,65.18,83.89,82.89,79.89,73.92,74.03,-0.1,3.16,86.85,72.94
COIN,Coinbase,Financials,Financial Exchanges & Data,241.97,419.78,151.47,251.33,262.21,261.13,298.45,283.98,-0.2,18.46,286.64,235.62
CL,Colgate-Palmolive,Consumer Staples,Household Products,77.99,95.74,74.98,78.89,78.06,78.72,78.19,85.01,0.3,4.05,81.15,76.29
CMCSA,Comcast,Communication Services,Cable & Satellite,30.26,37.39,26.46,29.15,28.17,27.51,28.08,32.25,0.2,-1.29,29.87,25.16
CAG,Conagra Brands,Consumer Staples,Packaged Foods & Meats,17.9,26.19,16.7,17.85,17.56,17.53,17.58,20.12,-0.2,1.51,18.17,16.89
COP,ConocoPhillips,Energy,Oil & Gas Exploration & Production,92.6,103.38,80.54,93.65,94.17,91.55,89.16,90.93,0.3,5.92,98.08,85.02
ED,Consolidated Edison,Utilities,Multi-Utilities,100.19,110.5,85.06,99.24,97.51,98.1,98.8,100.85,-0.2,1.65,101.84,94.36
STZ,Constellation Brands,Consumer Staples,Distillers & Vintners,137.29,227.32,127.65,142.52,142.69,138.48,136.07,159.59,0.1,8.78,149.34,127.61
CEG,Constellation Energy,Utilities,Electric Utilities,360.04,403.49,170.33,355.15,359.31,357.94,364.34,305.94,-0.2,4.44,376.03,339.86
COO,Cooper Companies (The),Health Care,Health Care Supplies,82.24,99.45,64.32,81.87,81.02,78.65,74.24,74.46,0.1,2.77,84.52,72.79
CPRT,Copart,Industrials,Diversified Support Services,39.31,63.84,38.41,38.98,38.84,39.08,41.43,48.99,-0.2,2.7,40.37,37.79
GLW,Corning Inc.,Information Technology,Electronic Components,87.22,95.97,38.56,87.07,89.09,85.87,85.76,63.27,0.0,8.27,94.43,77.3
CPAY,Corpay,Financials,Transaction & Payment Processing Services,307.95,389.55,255.0,311.44,309.97,301.12,287.6,314.66,0.1,4.56,321.99,280.24
CTVA,Corteva,Materials,Fertilizers & Agricultural Chemicals,67.11,76.73,55.1,66.21,65.91,65.88,64.26,67.04,-0.1,0.25,67.28,64.47
CSGP,CoStar Group,Real Estate,Real Estate Services,65.08,96.83,63.62,65.1,66.31,67.13,70.11,79.51,-0.2,8.21,70.42,63.85
COST,Costco,Consumer Staples,Consumer Staples Merchandise Retail,857.43,1072.45,857.43,865.1,875.5,890.09,911.66,951.76,-0.2,8.32,928.77,851.39
CTRA,Coterra,Energy,Oil & Gas Exploration & Production,25.42,28.82,22.01,25.88,26.46,26.36,25.1,24.75,-0.2,8.73,27.64,25.09
CRWD,CrowdStrike,Information Technology,Systems Software,477.39,557.53,308.86,485.64,501.06,504.52,515.82,455.74,-0.2,11.7,533.24,475.79
CCI,Crown Castle,Real Estate,Telecom Tower REITs,87.4,111.32,80.2,88.59,89.04,88.7,91.24,96.51,0.0,3.88,90.79,86.62
CSX,CSX Corporation,Industrials,Rail Transportation,36.68,37.39,26.38,36.91,36.78,35.85,35.57,32.72,0.2,3.79,38.07,33.64
CMI,Cummins,Industrials,Construction Machinery & Heavy Transportation Equipment,503.15,524.53,263.13,508.49,510.89,501.82,462.81,374.18,0.2,5.65,531.58,472.05
CVS,CVS Health,Health Care,Health Care Services,77.85,82.45,41.98,78.62,78.33,78.12,78.88,69.44,0.0,4.26,81.17,75.07
DHR,Danaher Corporation,Health Care,Life Sciences Tools & Services,225.53,249.37,174.06,225.54,226.45,226.67,219.42,203.42,0.2,2.84,231.94,221.39
DRI,Darden Restaurants,Consumer Discretionary,Restaurants,193.31,222.41,155.17,187.42,183.43,179.63,180.22,196.6,0.2,-1.21,190.97,168.28
DDOG,Datadog,Information Technology,Application Software,138.47,199.72,87.0,140.66,146.26,151.94,161.41,132.8,0.0,20.24,166.5,137.38
DVA,DaVita,Health Care,Health Care Services,116.18,177.35,115.2,118.58,118.0,118.4,121.8,135.62,0.2,4.84,121.8,115.01
DAY,Dayforce,Industrials,Human Resource & Employment Services,69.33,77.46,49.33,69.26,69.17,69.1,68.77,62.01,0.0,0.03,69.35,68.84
DECK,Deckers Brands,Consumer Discretionary,Footwear,100.97,223.11,79.54,102.55,101.65,95.1,91.42,105.87,0.1,8.89,109.95,80.24
DE,Deere & Company,Industrials,Agricultural & Farm Machinery,475.24,527.96,404.45,482.9,476.37,477.45,470.62,482.06,0.1,4.36,495.96,458.93
DELL,Dell Technologies,Information Technology,"Technology Hardware, Storage & Peripherals",123.45,164.88,70.63,129.12,134.24,132.13,141.86,121.14,0.0,17.33,144.84,119.42
DAL,Delta Air Lines,Industrials,Passenger Airlines,70.3,71.27,35.54,70.45,69.45,66.21,61.83,53.71,0.2,6.16,74.63,57.79
DVN,Devon Energy,Energy,Oil & Gas Exploration & Production,35.88,38.16,26.26,36.27,36.86,36.64,34.5,33.25,0.2,7.19,38.46,34.81
DXCM,Dexcom,Health Care,Health Care Equipment,65.92,90.75,54.84,66.15,66.47,64.56,64.03,74.12,0.1,5.51,69.55,59.58
FANG,Diamondback Energy,Energy,Oil & Gas Exploration & Production,147.43,175.21,116.78,152.26,155.29,153.61,146.97,141.88,0.2,10.7,163.21,144.02
DLR,Digital Realty,Real Estate,Data Center REITs,148.61,179.47,133.15,150.52,155.58,156.35,163.35,162.72,-0.2,10.71,164.53,148.16
DG,Dollar General,Consumer Staples,Consumer Staples Merchandise Retail,136.48,136.97,67.25,134.82,131.48,119.78,109.13,102.76,0.0,6.85,145.83,93.73
DLTR,Dollar Tree,Consumer Staples,Consumer Staples Merchandise Retail,126.91,131.17,61.92,129.49,126.41,116.93,106.79,96.46,0.2,8.91,138.22,95.65
D,Dominion Energy,Utilities,Multi-Utilities,60.1,62.07,47.97,59.74,59.03,59.76,59.84,56.66,0.0,3.16,62.0,57.52
DPZ,Domino's,Consumer Discretionary,Restaurants,433.4,491.7,395.61,434.64,426.95,421.0,413.42,444.53,0.1,2.46,444.06,397.94
DASH,DoorDash,Consumer Discretionary,Specialized Consumer Services,232.27,281.74,163.16,227.2,226.12,214.14,230.23,225.09,-0.2,5.34,244.67,183.61
DOV,Dover Corporation,Industrials,Industrial Machinery & Supplies & Components,197.34,204.14,149.86,198.1,195.99,190.64,181.17,177.11,0.2,3.23,203.71,177.57
DOW,Dow Inc.,Materials,Commodity Chemicals,23.17,39.0,20.27,23.3,23.46,23.2,22.69,25.86,-0.1,7.85,24.99,21.4
DHI,D. R. Horton,Consumer Discretionary,Homebuilding,151.9,183.47,114.08,154.39,154.28,154.24,151.13,142.42,0.2,9.3,166.03,142.46
DTE,DTE Energy,Utilities,Multi-Utilities,130.44,142.03,113.69,129.09,129.18,131.36,135.19,133.63,-0.2,4.69,136.56,126.17
DUK,Duke Energy,Utilities,Electric Utilities,117.55,127.92,102.07,116.52,115.8,118.59,122.17,118.73,-0.2,6.35,125.01,112.16
DD,DuPont,Materials,Specialty Chemicals,40.81,41.49,22.69,40.68,40.75,39.88,37.33,31.59,0.0,3.14,42.09,37.67
ETN,Eaton Corporation,Industrials,Electrical Components & Equipment,315.33,391.62,244.95,325.25,335.29,335.74,357.22,337.62,-0.4,12.43,354.53,316.94
EBAY,eBay Inc.,Consumer Discretionary,Broadline Retail,84.15,100.1,58.89,83.1,83.05,82.38,86.14,79.95,0.0,0.72,84.76,79.99
ECL,Ecolab,Materials,Specialty Chemicals,263.47,283.99,223.93,261.17,259.43,263.88,264.97,261.94,-0.2,4.79,276.09,251.65
EIX,Edison International,Utilities,Electric Utilities,60.13,76.04,46.84,59.08,58.16,58.2,57.27,54.32,0.0,0.03,60.15,56.25
EW,Edwards Lifesciences,Health Care,Health Care Equipment,84.86,86.82,67.07,84.53,84.61,85.01,81.92,77.21,0.0,2.67,87.13,82.9
EA,Electronic Arts,Communication Services,Interactive Home Entertainment,203.88,204.2,115.97,203.91,203.78,202.76,201.37,167.33,0.0,0.63,205.16,200.36
ELV,Elevance Health,Health Care,Managed Health Care,344.26,445.96,271.77,352.6,342.7,334.81,333.96,353.18,-0.1,4.62,360.16,309.45
EME,Emcor,Industrials,Construction & Engineering,615.17,777.0,341.52,619.97,623.88,613.49,650.85,546.58,0.0,4.66,643.84,583.16
EMR,Emerson Electric,Industrials,Electrical Components & Equipment,132.4,148.4,92.96,134.41,135.72,133.44,131.98,125.53,0.0,6.41,140.89,125.99
ETR,Entergy,Utilities,Electric Utilities,92.29,97.52,71.18,92.61,93.0,93.91,94.84,86.99,-0.2,4.79,96.71,91.1
EOG,EOG Resources,Energy,Oil & Gas Exploration & Production,102.61,133.44,101.78,104.61,107.62,107.89,107.45,113.61,-0.1,10.88,113.77,102.01
EPAM,EPAM Systems,Information Technology,IT Consulting & Other Services,208.15,267.63,142.2,208.02,207.81,198.17,176.52,169.42,0.0,5.93,220.49,175.85
EQT,EQT Corporation,Energy,Oil & Gas Exploration & Production,53.87,61.17,42.04,54.56,56.8,57.73,56.45,53.79,0.0,15.78,62.37,53.1
EFX,Equifax,Industrials,Research & Consulting Services,219.68,278.79,203.71,218.79,215.12,212.67,216.33,241.52,0.0,0.71,221.24,204.1
EQIX,Equinix,Real Estate,Data Center REITs,750.49,939.3,726.09,753.65,747.89,745.92,784.51,800.68,-0.2,2.19,766.93,724.91
EQR,Equity Residential,Real Estate,Multi-Family Residential REITs,62.28,72.76,58.7,61.41,61.0,61.09,60.94,64.88,-0.1,0.48,62.58,59.6
ERIE,Erie Indemnity,Financials,Insurance Brokers,288.97,445.35,275.0,286.26,286.07,289.92,299.04,346.54,-0.2,5.2,304.0,275.85
ESS,Essex Property Trust,Real Estate,Multi-Family Residential REITs,262.04,305.43,247.18,259.46,256.99,258.47,257.98,270.05,-0.1,1.21,265.21,251.72
EL,Estée Lauder Companies (The),Consumer Staples,Personal Care Products,108.26,108.26,49.43,104.91,104.62,98.8,95.86,80.61,0.2,4.08,112.68,84.93
EG,Everest Group,Financials,Reinsurance,333.79,368.76,304.91,328.55,320.09,315.94,326.47,338.98,0.2,-0.69,331.49,300.39
EVRG,Evergy,Utilities,Electric Utilities,73.19,78.01,57.62,73.6,73.5,74.62,75.78,69.89,-0.2,5.89,77.5,71.74
ES,Eversource Energy,Utilities,Electric Utilities,68.02,74.05,52.39,67.48,67.01,66.11,69.7,63.97,-0.2,0.87,68.61,63.62
EXC,Exelon,Utilities,Electric Utilities,44.23,47.82,35.24,43.93,43.69,44.65,45.77,44.04,-0.2,6.26,47.0,42.3
EXE,Expand Energy,Energy,Oil & Gas Exploration & Production,108.22,122.89,91.44,109.53,113.81,116.26,111.08,105.77,0.0,16.25,125.81,106.7
EXPE,Expedia Group,Consumer Discretionary,"Hotels, Resorts & Cruise Lines",286.88,286.88,135.82,282.48,275.67,265.15,244.01,196.93,0.2,1.95,292.47,237.84
EXPD,Expeditors International,Industrials,Air Freight & Logistics,151.41,153.02,101.6,151.15,150.48,147.36,134.14,119.94,0.0,2.79,155.63,139.1
EXR,Extra Space Storage,Real Estate,Self-Storage REITs,131.23,154.13,122.37,131.99,129.97,130.06,135.1,139.49,-0.2,2.2,134.12,125.99
XOM,ExxonMobil,Energy,Integrated Oil & Gas,116.76,119.54,97.25,117.09,117.53,116.88,115.28,109.65,0.0,2.57,119.76,113.99
FFIV,"F5, Inc.",Information Technology,Communications Equipment,259.82,343.17,223.99,259.97,257.67,247.57,263.19,285.67,0.0,3.95,270.08,225.07
FDS,FactSet,Financials,Financial Exchanges & Data,273.05,485.96,252.61,289.15,287.8,281.41,278.08,374.0,-0.1,9.2,298.17,264.65
FICO,Fair Isaac,Information Technology,Application Software,1761.84,2206.01,1311.26,1792.34,1785.04,1780.11,1713.74,1709.05,0.0,4.39,1839.18,1720.99
FAST,Fastenal,Industrials,Trading Companies & Distributors,41.87,50.13,34.82,41.89,41.51,40.73,41.67,42.59,0.0,1.82,42.63,38.84
FRT,Federal Realty Investment Trust,Real Estate,Retail REITs,102.1,109.5,81.67,100.72,98.79,98.25,97.9,95.16,0.4,-0.38,101.71,94.78
FDX,FedEx,Industrials,Air Freight & Logistics,287.55,287.55,194.55,283.27,280.44,275.18,259.0,233.32,0.0,0.39,288.67,261.71
FIS,Fidelity National Information Services,Financials,Transaction & Payment Processing Services,66.02,81.57,61.13,66.56,66.15,65.32,65.31,71.57,0.1,3.07,68.05,62.6
FITB,Fifth Third Bancorp,Financials,Regional Banks,47.85,48.39,32.73,47.83,47.09,45.25,43.41,40.93,0.0,3.74,49.64,40.85
FSLR,First Solar,Information Technology,Semiconductors,263.61,277.39,120.38,257.37,258.88,259.47,252.21,188.92,-0.2,3.75,273.5,245.43
FE,FirstEnergy,Utilities,Electric Utilities,44.65,47.72,36.81,44.37,44.58,45.61,45.94,42.2,-0.2,7.41,47.96,43.26
FISV,Fiserv,Financials,Transaction & Payment Processing Services,67.92,237.79,59.77,68.33,67.46,64.89,82.41,146.56,-0.2,4.8,71.18,58.61
F,Ford Motor Company,Consumer Discretionary,Automobile Manufacturers,13.33,13.76,8.35,13.54,13.4,13.21,12.84,11.12,0.0,3.75,13.83,12.59
FTNT,Fortinet,Information Technology,Systems Software,79.82,114.57,74.39,81.08,82.34,81.77,82.94,91.99,-0.2,7.65,85.93,77.61
FTV,Fortive,Industrials,Industrial Machinery & Supplies & Components,54.83,62.25,46.44,55.0,54.68,53.77,51.5,51.34,0.2,2.24,56.06,51.48
FOXA,Fox Corporation (Class A),Communication Services,Broadcasting,71.6,71.82,46.99,71.09,70.69,68.21,64.5,57.52,0.0,2.77,73.58,62.84
FOX,Fox Corporation (Class B),Communication Services,Broadcasting,63.74,63.74,43.59,63.14,62.69,60.74,57.73,52.4,0.0,1.95,64.98,56.5
BEN,Franklin Resources,Financials,Asset Management & Custody Banks,24.05,25.67,16.21,23.65,23.47,22.82,22.74,22.08,0.0,1.37,24.38,21.26
FCX,Freeport-McMoRan,Materials,Copper,48.12,48.12,28.82,47.68,46.79,44.48,42.43,40.79,0.0,3.87,49.98,38.98
GRMN,Garmin,Consumer Discretionary,Consumer Electronics,202.56,258.66,171.47,205.33,205.04,199.62,213.94,214.27,0.0,5.05,212.79,186.46
IT,Gartner,Information Technology,IT Consulting & Other Services,249.76,548.38,224.13,245.72,237.86,234.5,237.54,330.1,0.2,-0.07,249.59,219.41
GE,GE Aerospace,Industrials,Aerospace & Defense,302.18,314.28,158.97,298.78,292.23,292.05,299.44,257.06,0.0,0.37,303.3,280.82
GEHC,GE HealthCare,Health Care,Health Care Equipment,82.76,93.35,58.67,83.16,83.79,81.67,77.32,74.44,0.2,5.65,87.44,75.91
GEV,GE Vernova,Industrials,Heavy Electrical Equipment,641.0,723.0,269.69,658.89,660.02,623.31,601.01,519.21,0.2,11.98,717.79,528.82
GEN,Gen Digital,Information Technology,Systems Software,27.73,31.88,23.2,27.65,27.39,26.89,26.64,27.8,0.1,1.33,28.1,25.68
GNRC,Generac,Industrials,Electrical Components & Equipment,137.07,202.85,101.92,151.29,157.71,154.2,164.16,151.83,-0.2,25.25,171.68,136.73
GD,General Dynamics,Industrials,Aerospace & Defense,339.09,353.77,238.33,338.23,338.25,338.55,340.63,303.92,-0.2,1.39,343.8,333.3
GIS,General Mills,Consumer Staples,Packaged Foods & Meats,49.15,63.06,45.64,47.71,46.8,46.89,47.26,51.05,0.0,-0.67,48.82,44.95
GM,General Motors,Consumer Discretionary,Automobile Manufacturers,81.58,81.98,42.15,81.34,79.73,76.05,69.87,55.94,0.0,3.71,84.61,67.48
GPC,Genuine Parts Company,Consumer Discretionary,Distributors,126.0,141.64,103.09,129.4,129.73,128.75,128.37,125.79,0.0,5.79,133.3,124.21
GILD,Gilead Sciences,Health Care,Biotechnology,121.81,128.07,87.29,120.99,121.07,123.47,121.96,112.49,0.2,5.87,128.96,117.98
GPN,Global Payments,Financials,Transaction & Payment Processing Services,82.44,113.35,66.86,81.88,80.25,77.48,79.66,82.35,0.0,2.66,84.63,70.34
GL,Globe Life,Financials,Life & Health Insurance,139.22,146.27,103.56,139.68,136.16,134.39,134.19,129.73,0.0,1.42,141.2,127.59
GDDY,GoDaddy,Information Technology,Internet Services & Infrastructure,126.65,214.35,123.81,125.11,126.18,126.81,129.24,157.28,0.2,2.91,130.34,123.3
GS,Goldman Sachs,Financials,Investment Banking & Brokerage,877.97,911.03,455.22,881.4,880.51,843.04,803.88,685.92,0.2,5.62,927.31,758.76
HAL,Halliburton,Energy,Oil & Gas Equipment & Services,27.62,29.12,18.84,27.92,28.29,27.26,26.25,22.87,0.2,7.75,29.76,24.76
HIG,Hartford (The),Financials,Property & Casualty Insurance,139.24,139.24,104.54,137.87,134.06,134.61,130.23,125.94,0.2,1.11,140.79,128.43
HAS,Hasbro,Consumer Discretionary,Leisure Products,82.07,83.96,49.29,81.3,81.47,81.28,77.79,70.63,0.0,2.79,84.36,78.19
HCA,HCA Healthcare,Health Care,Health Care Facilities,465.79,515.08,294.49,473.69,477.63,487.69,466.35,393.87,-0.2,10.87,516.42,458.99
DOC,Healthpeak Properties,Real Estate,Health Care REITs,16.48,19.95,16.25,16.5,16.61,17.22,17.64,17.65,-0.2,12.8,18.59,15.85
HSIC,Henry Schein,Health Care,Health Care Distributors,76.99,81.91,62.03,76.86,75.44,74.35,69.7,69.31,0.2,1.65,78.26,70.44
HSY,Hershey Company (The),Consumer Staples,Packaged Foods & Meats,188.55,194.06,140.14,187.12,183.91,184.38,180.67,173.62,0.0,1.23,190.87,177.89
HPE,Hewlett Packard Enterprise,Information Technology,"Technology Hardware, Storage & Peripherals",23.88,26.25,12.35,24.02,24.19,22.86,23.26,20.15,-0.2,8.17,25.83,19.89
HLT,Hilton Worldwide,Consumer Discretionary,"Hotels, Resorts & Cruise Lines",286.52,293.0,200.93,286.29,279.22,278.93,270.69,256.47,0.2,2.44,293.51,264.34
HOLX,Hologic,Health Care,Health Care Equipment,74.94,75.19,52.73,74.98,74.93,74.8,73.32,65.73,0.2,0.53,75.34,74.27
HD,Home Depot (The),Consumer Discretionary,Home Improvement Retail,356.46,420.7,329.16,356.51,354.09,350.84,364.64,369.55,0.0,2.64,365.87,335.82
HON,Honeywell,Industrials,Industrial Conglomerates,198.79,224.06,169.57,197.61,194.74,192.83,194.61,200.31,-0.2,0.3,199.39,186.27
HRL,Hormel Foods,Consumer Staples,Packaged Foods & Meats,24.09,31.03,21.29,23.89,23.92,23.4,23.08,26.99,0.1,2.16,24.61,22.19
HST,Host Hotels & Resorts,Real Estate,Hotel & Resort REITs,18.55,18.64,12.39,18.48,18.02,17.74,17.14,15.82,0.2,1.19,18.77,16.71
HWM,Howmet Aerospace,Industrials,Aerospace & Defense,198.46,209.74,107.4,196.08,194.46,196.92,198.43,172.85,-0.2,3.29,204.99,188.86
HPQ,HP Inc.,Information Technology,"Technology Hardware, Storage & Peripherals",23.44,33.25,21.17,24.39,24.8,24.47,25.49,25.69,-0.2,11.09,26.04,22.9
HUBB,Hubbell Incorporated,Industrials,Industrial Machinery & Supplies & Components,436.51,471.0,312.92,439.49,442.92,434.38,437.53,403.3,0.0,4.94,458.07,410.69
HUM,Humana,Health Care,Managed Health Care,261.09,310.91,219.64,264.54,261.05,250.69,260.75,257.6,-0.2,6.42,277.85,223.53
HBAN,Huntington Bancshares,Financials,Regional Banks,17.66,17.91,12.26,17.74,17.42,16.78,16.13,15.87,0.2,3.79,18.33,15.22
HII,Huntington Ingalls Industries,Industrials,Aerospace & Defense,323.48,329.16,156.09,325.53,321.29,315.25,306.41,255.92,0.2,2.72,332.28,298.23
IBM,IBM,Information Technology,IT Consulting & Other Services,301.34,314.98,211.92,305.15,307.68,305.15,299.54,267.26,0.0,4.62,315.26,295.04
IEX,IDEX Corporation,Industrials,Industrial Machinery & Supplies & Components,178.19,221.67,156.86,178.33,177.42,174.43,169.83,172.06,0.1,3.34,184.14,164.72
IDXX,Idexx Laboratories,Health Care,Health Care Equipment,697.26,766.68,361.04,698.82,703.32,718.04,684.65,569.42,0.0,9.6,764.2,671.91
ITW,Illinois Tool Works,Industrials,Industrial Machinery & Supplies & Components,251.82,269.49,215.75,254.19,251.83,249.17,247.7,249.16,-0.1,2.43,257.94,240.38
INCY,Incyte,Health Care,Biotechnology,97.82,108.26,55.17,97.31,97.22,100.17,97.43,77.67,0.0,9.75,107.36,92.98
IR,Ingersoll Rand,Industrials,Industrial Machinery & Supplies & Components,79.07,97.45,66.7,80.04,80.22,79.54,78.19,80.04,-0.1,5.01,83.03,76.05
PODD,Insulet Corporation,Health Care,Health Care Equipment,294.14,352.82,237.06,291.93,294.39,307.58,316.82,301.56,-0.2,14.97,338.17,276.98
INTC,Intel,Information Technology,Semiconductors,36.45,43.76,18.13,37.03,38.76,38.62,38.05,26.87,0.2,21.23,44.19,33.06
IBKR,Interactive Brokers,Financials,Investment Banking & Brokerage,62.94,72.99,35.93,63.1,64.41,63.95,66.75,57.43,0.0,6.53,67.05,60.86
ICE,Intercontinental Exchange,Financials,Financial Exchanges & Data,160.48,187.37,141.2,161.01,159.9,157.56,154.7,168.6,0.1,2.06,163.79,151.34
IFF,International Flavors & Fragrances,Materials,Specialty Chemicals,65.55,86.24,59.55,64.64,64.89,66.41,64.78,70.06,0.1,7.54,70.49,62.33
IP,International Paper,Materials,Paper & Plastic Packaging Products & Materials,38.8,57.74,35.6,38.65,38.66,38.54,40.48,45.67,0.0,3.92,40.32,36.76
INTU,Intuit,Information Technology,Application Software,670.82,805.92,541.4,665.3,665.05,654.68,657.76,677.77,-0.2,1.89,683.5,625.84
ISRG,Intuitive Surgical,Health Care,Health Care Equipment,562.38,610.45,429.59,555.13,557.93,563.08,536.03,507.88,0.0,3.49,582.01,544.17
IVZ,Invesco,Financials,Asset Management & Custody Banks,26.59,27.0,11.76,26.41,26.28,25.1,23.95,18.9,0.2,4.36,27.75,22.45
INVH,Invitation Homes,Real Estate,Single-Family Residential REITs,27.43,34.81,26.09,26.98,26.78,27.35,27.93,30.8,0.0,4.56,28.68,26.02
IQV,IQVIA,Health Care,Life Sciences Tools & Services,223.32,231.92,137.0,222.46,222.87,224.94,218.02,182.03,0.0,4.2,232.7,217.18
IRM,Iron Mountain,Real Estate,Other Specialized REITs,79.22,107.44,74.93,80.91,82.75,83.23,93.25,92.78,-0.2,9.9,87.06,79.4
JBHT,J.B. Hunt,Industrials,Cargo Ground Transportation,197.02,199.55,123.62,197.01,193.88,183.17,170.29,148.73,0.0,6.13,209.1,157.26
JBL,Jabil,Information Technology,Electronic Manufacturing Services,218.0,234.36,116.73,218.09,222.82,214.57,211.03,191.3,0.2,8.5,236.53,192.59
JKHY,Jack Henry & Associates,Financials,Transaction & Payment Processing Services,184.9,189.36,145.77,186.95,184.29,177.91,164.77,169.0,-0.1,3.88,192.07,163.74
J,Jacobs Solutions,Industrials,Construction & Engineering,132.28,164.04,108.92,134.17,136.44,135.42,147.72,136.04,0.0,8.33,143.3,127.55
JNJ,Johnson & Johnson,Health Care,Pharmaceuticals,208.93,214.17,137.84,210.86,207.44,206.16,196.66,170.2,0.0,2.21,213.55,198.78
JCI,Johnson Controls,Industrials,Building Products,118.02,122.66,70.88,117.64,116.32,115.5,114.45,101.62,0.0,0.47,118.57,112.42
JPM,JPMorgan Chase,Financials,Diversified Banks,313.34,320.41,208.26,316.48,314.07,310.19,307.46,280.33,0.0,3.44,324.12,296.26
KVUE,Kenvue,Consumer Staples,Personal Care Products,17.2,23.7,13.93,17.25,17.16,17.04,16.18,19.85,-0.1,2.5,17.63,16.45
KDP,Keurig Dr Pepper,Consumer Staples,Soft Drinks & Non-alcoholic Beverages,28.17,35.14,25.3,28.71,28.93,28.37,27.6,30.88,0.1,6.0,29.86,26.88
KEY,KeyCorp,Financials,Regional Banks,21.0,21.0,12.78,20.71,20.18,19.07,18.06,16.91,0.0,2.81,21.59,16.55
KEYS,Keysight Technologies,Information Technology,Electronic Equipment & Instruments,199.34,214.14,127.02,203.81,207.65,200.04,183.99,165.58,0.2,12.99,225.23,174.85
KMB,Kimberly-Clark,Consumer Staples,Household Products,102.19,142.87,98.85,102.72,102.79,103.95,108.21,124.34,0.2,5.03,107.33,100.58
KIM,Kimco Realty,Real Estate,Retail REITs,20.31,23.29,18.04,20.29,20.14,20.13,20.57,20.63,0.2,1.43,20.6,19.67
KMI,Kinder Morgan,Energy,Oil & Gas Storage & Transportation,26.39,29.9,24.4,26.56,26.86,26.95,26.75,26.85,0.1,5.23,27.77,26.14
KKR,KKR & Co.,Financials,Asset Management & Custody Banks,132.73,166.13,92.38,133.93,134.94,128.2,123.21,126.42,0.3,8.42,143.91,112.51
KLAC,KLA Corporation,Information Technology,Semiconductor Materials & Equipment,1224.76,1246.18,572.94,1218.29,1220.31,1187.3,1163.41,914.7,-0.2,3.96,1273.26,1101.31
KHC,Kraft Heinz,Consumer Staples,Packaged Foods & Meats,24.88,30.79,23.35,24.65,24.51,24.75,24.62,26.26,0.1,2.29,25.45,24.06
KR,Kroger,Consumer Staples,Food Retail,63.01,73.58,57.2,62.95,62.72,64.39,65.53,67.44,-0.2,8.46,68.34,60.44
LHX,L3Harris,Industrials,Aerospace & Defense,283.09,305.49,190.99,284.03,283.35,280.33,286.04,256.54,0.0,2.4,289.88,270.76
LH,Labcorp,Health Care,Health Care Services,251.89,290.15,210.49,258.77,259.37,262.47,265.85,256.26,-0.2,7.81,271.56,253.38
LRCX,Lam Research,Information Technology,Semiconductor Materials & Equipment,165.4,168.71,58.73,161.69,163.27,157.81,153.58,107.76,-0.2,4.64,173.07,142.55
LW,Lamb Weston,Consumer Staples,Packaged Foods & Meats,59.67,80.24,47.44,59.61,59.4,59.01,60.89,55.44,0.0,2.75,61.31,56.71
LVS,Las Vegas Sands,Consumer Discretionary,Casinos & Gaming,66.96,69.49,30.23,66.6,66.54,66.71,61.42,49.36,0.2,3.7,69.44,63.98
LDOS,Leidos,Industrials,Diversified Support Services,181.36,199.1,125.54,184.03,185.42,186.91,189.07,166.23,0.0,6.4,192.97,180.86
LEN,Lennar,Consumer Discretionary,Homebuilding,108.49,144.17,101.41,115.48,117.84,122.71,122.65,117.81,0.0,25.5,136.15,109.26
LII,Lennox International,Industrials,Building Products,496.27,662.88,444.26,497.43,501.32,489.37,497.33,551.48,0.0,6.35,527.78,450.95
LLY,Lilly (Eli),Health Care,Pharmaceuticals,1062.48,1109.94,623.36,1049.65,1024.14,1042.82,950.82,814.87,0.0,4.53,1110.61,975.06
LIN,Linde plc,Materials,Industrial Gases,420.27,481.82,389.38,419.87,407.47,407.32,422.93,451.47,0.2,1.39,426.11,388.52
LYV,Live Nation Entertainment,Communication Services,Movies & Entertainment,139.31,174.06,115.79,139.72,139.58,135.42,142.32,144.67,-0.2,4.56,145.66,125.18
LKQ,LKQ Corporation,Consumer Discretionary,Distributors,29.83,42.58,28.17,30.28,29.91,29.62,29.89,34.48,-0.2,4.06,31.04,28.21
LMT,Lockheed Martin,Industrials,Aerospace & Defense,471.49,510.37,404.69,477.6,471.53,460.77,471.76,459.1,-0.2,3.38,487.43,434.11
L,Loews Corporation,Financials,Multi-line Insurance,106.11,108.26,80.73,105.17,103.99,105.26,102.82,94.0,0.0,2.73,109.01,101.51
LOW,Lowe's,Consumer Discretionary,Home Improvement Retail,247.96,271.68,208.44,247.72,246.69,242.27,238.88,233.99,0.2,3.16,255.8,228.75
LULU,Lululemon Athletica,Consumer Discretionary,"Apparel, Accessories & Luxury Goods",215.46,421.16,159.87,208.27,197.13,187.41,177.12,228.25,0.1,-0.35,214.71,160.11
LYB,LyondellBasell,Materials,Specialty Chemicals,43.2,71.62,41.19,43.53,43.64,44.53,44.27,52.74,0.1,11.83,48.31,40.76
MTB,M&T Bank,Financials,Regional Banks,203.72,206.12,153.05,204.88,201.32,194.67,187.22,183.6,0.2,3.32,210.48,178.84
MPC,Marathon Petroleum,Energy,Oil & Gas Refining & Marketing,167.62,199.13,116.64,178.04,183.95,187.6,189.29,167.47,-0.2,20.0,201.14,174.06
MAR,Marriott International,Consumer Discretionary,"Hotels, Resorts & Cruise Lines",307.1,310.07,209.55,305.62,297.53,298.08,282.45,263.44,0.2,2.89,315.98,280.18
MMC,Marsh McLennan,Financials,Insurance Brokers,186.32,242.13,176.58,186.12,183.94,182.77,185.58,208.34,-0.2,0.91,188.02,177.52
MLM,Martin Marietta Materials,Materials,Construction Materials,628.05,655.98,450.65,627.74,625.27,618.71,618.07,569.81,0.0,1.67,638.54,598.86
MAS,Masco,Industrials,Building Products,65.28,80.35,57.89,64.8,63.89,63.68,64.29,66.11,-0.2,1.91,66.53,60.84
MA,Mastercard,Financials,Transaction & Payment Processing Services,567.82,598.17,477.88,568.07,556.61,550.0,554.05,558.51,-0.2,1.26,574.97,525.01
MTCH,Match Group,Communication Services,Interactive Media & Services,32.66,38.56,26.72,32.64,33.29,33.19,32.76,32.49,0.2,6.37,34.74,31.64
MKC,McCormick & Company,Consumer Staples,Packaged Foods & Meats,68.94,83.15,63.3,68.05,65.84,66.28,65.88,70.92,0.1,1.62,70.06,62.5
MCD,McDonald's,Consumer Discretionary,Restaurants,320.98,320.98,273.36,317.92,314.17,310.21,305.22,302.95,0.2,0.03,321.08,299.36
MCK,McKesson Corporation,Health Care,Health Care Distributors,810.8,888.45,560.41,812.82,809.43,831.77,821.9,730.12,0.0,10.04,892.2,771.37
MDT,Medtronic,Health Care,Health Care Equipment,98.85,105.35,77.44,98.66,99.61,101.24,97.16,90.33,-0.2,7.0,105.77,96.72
MRK,Merck & Co.,Health Care,Pharmaceuticals,101.29,104.76,71.42,99.69,98.64,99.61,91.98,83.62,0.0,3.48,104.81,94.4
META,Meta Platforms,Communication Services,Interactive Media & Services,664.41,788.82,483.57,652.46,655.96,642.89,662.2,670.09,0.0,3.25,686.0,599.77
MET,MetLife,Financials,Life & Health Insurance,81.77,84.55,66.92,82.29,80.38,78.08,78.36,77.64,0.0,2.31,83.66,72.49
MTD,Mettler Toledo,Health Care,Life Sciences Tools & Services,1394.81,1506.02,970.15,1400.0,1399.63,1427.1,1402.65,1247.17,0.2,7.75,1502.91,1351.35
MGM,MGM Resorts,Consumer Discretionary,Casinos & Gaming,36.95,40.37,25.79,36.96,36.47,35.1,33.34,33.77,0.1,5.44,38.96,31.24
MCHP,Microchip Technology,Information Technology,Semiconductors,64.68,74.07,34.52,65.79,66.59,60.63,60.31,59.81,0.2,15.58,74.76,46.5
MU,Micron Technology,Information Technology,Semiconductors,252.41,263.71,64.62,237.82,244.78,235.63,225.97,140.45,-0.2,5.28,265.74,205.52
MSFT,Microsoft,Information Technology,Systems Software,484.81,541.06,352.67,478.13,481.89,481.66,500.44,472.18,-0.2,1.88,493.92,469.41
MAA,Mid-America Apartment Communities,Real Estate,Multi-Family Residential REITs,137.08,165.69,126.28,134.43,133.02,133.62,132.06,144.3,-0.1,0.34,137.55,129.71
MRNA,Moderna,Health Care,Biotechnology,31.42,47.53,22.36,30.24,29.38,26.93,26.32,27.51,-0.1,2.64,32.25,21.61
MHK,Mohawk Industries,Consumer Discretionary,Home Furnishings,109.44,139.75,97.99,110.58,110.32,111.47,114.34,114.66,0.2,7.58,117.74,105.2
MOH,Molina Healthcare,Health Care,Managed Health Care,163.4,353.24,134.51,164.0,159.53,151.91,160.57,231.61,0.0,4.12,170.13,133.7
TAP,Molson Coors Beverage Company,Consumer Staples,Brewers,47.77,61.12,42.77,47.78,46.98,46.38,45.68,50.17,-0.1,1.17,48.33,44.43
MDLZ,Mondelez International,Consumer Staples,Packaged Foods & Meats,54.74,70.19,53.79,54.12,54.4,55.44,57.66,62.96,0.0,5.63,57.82,53.06
MPWR,Monolithic Power Systems,Information Technology,Semiconductors,936.67,1105.05,453.43,939.24,956.65,937.1,969.02,779.92,0.0,7.26,1004.67,869.5
MNST,Monster Beverage,Consumer Staples,Soft Drinks & Non-alcoholic Beverages,75.46,75.95,46.16,74.5,74.08,74.01,71.12,63.75,0.0,1.06,76.26,71.75
MCO,Moody's Corporation,Financials,Financial Exchanges & Data,498.71,523.49,394.44,492.75,490.32,486.89,483.59,480.12,0.0,0.52,501.3,472.49
MS,Morgan Stanley,Financials,Investment Banking & Brokerage,173.47,180.29,97.76,176.2,177.31,172.1,165.69,140.85,0.2,6.83,185.32,158.89
MOS,Mosaic Company (The),Materials,Fertilizers & Agricultural Chemicals,24.05,37.21,22.27,24.52,24.26,24.14,26.24,30.53,0.0,5.78,25.44,22.85
MSI,Motorola Solutions,Information Technology,Communications Equipment,374.19,487.57,363.49,368.17,369.06,369.47,398.1,423.08,0.2,0.68,376.73,362.22
MSCI,MSCI Inc.,Financials,Financial Exchanges & Data,565.09,620.46,501.79,556.38,548.21,552.17,556.87,556.28,0.0,1.16,571.65,532.72
NDAQ,"Nasdaq, Inc.",Financials,Financial Exchanges & Data,94.72,96.38,65.81,93.57,92.44,90.57,88.67,85.52,0.0,0.54,95.23,85.9
NTAP,NetApp,Information Technology,"Technology Hardware, Storage & Peripherals",110.33,125.81,75.4,113.52,115.51,112.79,114.38,104.93,-0.4,10.09,121.46,104.13
NFLX,Netflix,Communication Services,Movies & Entertainment,93.94,133.91,82.84,94.45,95.28,100.68,108.87,113.26,-0.2,19.46,112.22,89.14
NEM,Newmont,Materials,Gold,99.7,99.7,36.38,99.0,96.17,92.15,88.56,67.47,0.2,3.32,103.01,81.28
NWSA,News Corp (Class A),Communication Services,Publishing,26.33,31.03,23.89,26.1,26.05,25.75,26.01,27.73,-0.2,0.57,26.48,25.02
NWS,News Corp (Class B),Communication Services,Publishing,29.7,35.06,27.33,29.55,29.52,29.24,29.58,31.68,0.0,1.08,30.02,28.47
NEE,NextEra Energy,Utilities,Multi-Utilities,80.97,86.29,62.68,81.18,81.17,82.87,83.12,73.71,-0.2,7.06,86.69,79.04
NKE,"Nike, Inc.",Consumer Discretionary,"Apparel, Accessories & Luxury Goods",66.3,79.84,52.31,66.87,66.06,64.93,64.95,66.57,0.0,3.76,68.79,61.08
NI,NiSource,Utilities,Multi-Utilities,41.53,44.13,34.46,41.49,41.52,42.19,42.69,40.54,0.0,5.75,43.92,40.47
NDSN,Nordson Corporation,Industrials,Industrial Machinery & Supplies & Components,238.77,238.77,165.71,236.6,236.04,234.93,233.27,214.66,0.2,1.15,241.52,228.34
NSC,Norfolk Southern,Industrials,Rail Transportation,292.19,299.49,203.11,295.42,294.21,291.68,287.24,262.07,0.2,2.86,300.55,282.83
NTRS,Northern Trust,Financials,Asset Management & Custody Banks,138.93,140.09,82.84,138.94,136.48,132.54,129.14,116.77,0.2,2.15,141.92,123.16
NOC,Northrop Grumman,Industrials,Aerospace & Defense,559.9,635.37,426.05,567.67,560.69,560.02,574.92,537.02,0.0,3.02,576.81,543.21
NCLH,Norwegian Cruise Line Holdings,Consumer Discretionary,"Hotels, Resorts & Cruise Lines",21.61,29.07,15.5,21.44,20.37,19.35,20.46,20.93,0.0,2.04,22.05,16.64
NRG,NRG Energy,Utilities,Independent Power Producers & Energy Traders,154.51,178.04,82.84,157.11,161.82,163.62,166.37,145.28,0.0,12.62,174.01,153.24
NUE,Nucor,Materials,Steel,158.1,166.57,102.37,161.64,161.6,159.65,149.68,133.98,0.2,6.72,168.72,150.58
NVDA,Nvidia,Information Technology,Semiconductors,174.64,207.03,94.29,174.92,179.22,179.68,185.89,157.2,0.0,7.05,186.95,172.41
NVR,"NVR, Inc.",Consumer Discretionary,Homebuilding,7577.92,8543.0,6700.0,7546.18,7504.11,7485.07,7433.54,7520.71,-0.1,1.96,7726.45,7243.86
NXPI,NXP Semiconductors,Information Technology,Semiconductors,224.71,241.33,151.41,227.54,228.23,214.43,210.78,208.78,0.2,10.92,249.25,179.63
ORLY,O’Reilly Automotive,Consumer Discretionary,Automotive Retail,92.06,107.82,78.66,93.41,94.59,97.41,97.96,96.14,-0.2,12.95,103.98,90.83
OXY,Occidental Petroleum,Energy,Oil & Gas Exploration & Production,40.63,51.56,35.51,40.4,41.08,41.28,41.4,43.0,0.0,5.37,42.81,39.75
ODFL,Old Dominion,Industrials,Cargo Ground Transportation,158.79,207.79,126.04,157.68,156.04,147.06,140.91,152.5,0.1,6.31,168.81,125.32
OMC,Omnicom Group,Communication Services,Advertising,82.04,87.76,68.6,81.19,77.34,74.9,75.59,74.98,0.0,0.98,82.84,66.96
ON,ON Semiconductor,Information Technology,Semiconductors,54.84,67.9,31.95,54.56,55.02,52.56,50.96,48.46,0.2,8.73,59.63,45.49
OKE,Oneok,Energy,Oil & Gas Storage & Transportation,71.67,104.36,64.31,72.45,73.59,72.97,69.91,77.03,-0.3,7.06,76.73,69.21
ORCL,Oracle Corporation,Information Technology,Application Software,179.71,327.76,122.35,184.34,200.32,202.05,238.82,212.87,0.0,26.93,228.11,175.99
OTIS,Otis Worldwide,Industrials,Industrial Machinery & Supplies & Components,87.24,102.87,84.13,88.18,87.61,87.66,89.3,92.52,0.2,2.33,89.27,86.05
PCAR,Paccar,Industrials,Construction Machinery & Heavy Transportation Equipment,111.47,113.48,85.53,111.96,111.5,108.01,101.47,97.09,0.2,4.43,116.41,99.61
PKG,Packaging Corporation of America,Materials,Paper & Plastic Packaging Products & Materials,203.62,237.61,173.82,203.88,200.73,199.52,201.7,198.0,-0.2,2.2,208.1,190.96
PLTR,Palantir Technologies,Information Technology,Application Software,185.83,207.18,64.98,183.54,183.82,175.05,179.78,146.37,-0.2,5.41,195.88,154.23
PANW,Palo Alto Networks,Information Technology,Systems Software,185.33,221.38,152.44,186.69,190.59,189.32,202.97,192.14,-0.2,7.12,198.53,180.13
PSKY,Paramount Skydance Corporation,Communication Services,Movies & Entertainment,13.18,19.73,10.05,13.57,13.93,14.72,15.58,13.77,-0.2,25.95,16.6,12.83
PH,Parker Hannifin,Industrials,Industrial Machinery & Supplies & Components,868.77,899.13,513.45,874.96,878.58,865.9,814.43,711.75,0.2,3.91,902.74,829.09
PAYX,Paychex,Industrials,Human Resource & Employment Services,114.27,157.06,108.46,115.24,113.81,112.37,116.33,135.55,0.2,1.93,116.48,108.27
PAYC,Paycom,Industrials,Human Resource & Employment Services,164.34,264.67,159.21,164.7,164.58,163.35,176.51,214.43,0.4,2.11,167.81,158.9
PYPL,PayPal,Financials,Transaction & Payment Processing Services,59.6,91.6,57.28,60.7,61.05,61.2,64.96,68.23,0.2,6.34,63.38,59.02
PNR,Pentair,Industrials,Industrial Machinery & Supplies & Components,103.39,112.34,75.59,104.48,104.29,104.49,106.53,100.57,0.2,3.64,107.15,101.84
PEP,PepsiCo,Consumer Staples,Soft Drinks & Non-alcoholic Beverages,149.64,152.22,124.61,150.39,148.6,147.28,146.83,139.51,0.2,1.52,151.91,142.64
PFE,Pfizer,Health Care,Pharmaceuticals,25.1,26.9,20.47,25.59,25.67,25.51,24.89,23.87,0.0,5.1,26.38,24.64
PCG,PG&E Corporation,Utilities,Multi-Utilities,15.82,20.3,12.98,15.46,15.23,15.47,15.98,15.66,-0.2,2.59,16.23,14.7
PM,Philip Morris International,Consumer Staples,Tobacco,157.04,181.86,114.18,157.13,153.28,153.86,153.86,162.31,-0.2,2.56,161.06,146.66
PSX,Phillips 66,Energy,Oil & Gas Refining & Marketing,128.99,143.81,90.32,135.14,138.13,137.14,135.08,123.11,0.0,12.78,145.47,128.82
PNW,Pinnacle West Capital,Utilities,Multi-Utilities,88.15,92.82,78.54,88.21,87.69,88.51,89.37,89.24,0.0,2.98,90.78,86.25
PNC,PNC Financial Services,Financials,Diversified Banks,210.29,211.49,145.61,210.41,206.82,199.16,189.61,182.56,0.0,3.29,217.21,181.1
POOL,Pool Corporation,Consumer Discretionary,Distributors,235.9,358.43,230.21,237.49,237.97,239.32,259.71,296.05,0.0,5.01,247.72,230.91
PPG,PPG Industries,Materials,Specialty Chemicals,103.43,121.09,89.82,103.62,102.21,100.74,99.31,105.96,-0.1,1.71,105.2,96.29
PPL,PPL Corporation,Utilities,Electric Utilities,34.72,37.66,30.6,34.26,33.88,34.7,35.88,35.01,-0.2,6.05,36.82,32.58
PFG,Principal Financial Group,Financials,Life & Health Insurance,89.73,91.54,67.57,90.16,88.96,86.28,83.0,78.93,0.2,2.9,92.33,80.23
PG,Procter & Gamble,Consumer Staples,Personal Care Products,146.09,172.77,138.34,145.42,142.91,145.27,147.26,155.68,0.0,4.02,151.96,138.57
PGR,Progressive Corporation,Financials,Property & Casualty Insurance,224.92,290.89,203.7,231.04,228.09,227.7,223.39,251.94,-0.1,4.35,234.7,220.7
PLD,Prologis,Real Estate,Industrial REITs,128.13,129.65,87.44,128.6,127.81,126.86,123.88,110.72,0.0,2.24,131.0,122.71
PRU,Prudential Financial,Financials,Life & Health Insurance,115.39,117.6,91.53,116.56,114.25,110.72,105.56,103.13,0.0,3.22,119.11,102.34
PEG,Public Service Enterprise Group,Utilities,Electric Utilities,80.43,88.72,75.32,79.95,79.32,80.17,81.16,80.78,0.0,2.77,82.66,77.68
PTC,PTC Inc.,Information Technology,Application Software,175.54,216.53,136.74,175.64,175.35,174.46,185.79,181.85,-0.2,1.9,178.88,170.04
PSA,Public Storage,Real Estate,Self-Storage REITs,261.89,311.8,260.94,268.53,269.32,270.36,281.86,286.73,-0.4,6.38,278.6,262.13
PHM,PulteGroup,Consumer Discretionary,Homebuilding,121.61,140.9,91.48,124.24,125.03,124.71,121.79,114.46,-0.2,8.52,131.97,117.44
PWR,Quanta Services,Industrials,Construction & Engineering,421.18,466.91,236.5,435.34,448.54,448.6,442.55,369.5,0.2,13.77,479.18,418.02
QCOM,Qualcomm,Information Technology,Semiconductors,174.79,186.73,122.59,176.16,177.04,171.77,170.77,156.81,0.4,5.85,185.02,158.52
DGX,Quest Diagnostics,Health Care,Health Care Services,176.83,192.35,148.06,180.05,180.79,184.17,183.31,176.06,0.2,9.22,193.13,175.21
Q,Qnity Electronics,Information Technology,Semiconductor Materials & Equipment,78.12,,,77.69,81.09,79.71,,,0.3,11.12,86.81,72.62
RL,Ralph Lauren Corporation,Consumer Discretionary,"Apparel, Accessories & Luxury Goods",370.46,371.7,181.18,368.96,363.99,358.53,339.07,285.39,0.2,3.61,383.83,333.24
RJF,Raymond James Financial,Financials,Investment Banking & Brokerage,161.03,175.92,122.89,162.15,163.25,159.24,160.51,154.68,0.0,4.43,168.16,150.31
RTX,RTX Corporation,Industrials,Aerospace & Defense,178.84,182.11,112.01,179.35,176.34,173.76,172.27,149.98,0.0,1.6,181.7,165.82
O,Realty Income,Real Estate,Retail REITs,56.86,60.07,48.92,57.57,57.46,57.27,57.59,56.34,0.0,3.1,58.62,55.92
REG,Regency Centers,Real Estate,Retail REITs,67.95,74.66,63.5,67.68,67.4,68.55,69.35,69.7,0.0,4.8,71.21,65.89
REGN,Regeneron Pharmaceuticals,Health Care,Biotechnology,747.99,787.32,481.73,748.71,730.68,741.54,670.02,598.89,0.0,6.03,793.09,689.96
RF,Regions Financial Corporation,Financials,Regional Banks,27.56,27.84,17.76,27.52,27.19,26.19,24.99,23.46,0.0,3.63,28.56,23.82
RSG,Republic Services,Industrials,Environmental & Facilities Services,213.73,256.75,198.59,213.79,212.89,214.63,214.69,232.5,0.0,3.16,220.48,208.77
RMD,ResMed,Health Care,Health Care Equipment,242.33,293.03,203.19,248.21,249.72,250.24,255.11,252.49,-0.2,6.55,258.2,242.27
RVTY,Revvity,Health Care,Health Care Equipment,96.46,126.56,82.44,97.81,99.59,100.72,96.28,94.94,0.0,10.96,107.03,94.4
HOOD,Robinhood Markets,Financials,Investment Banking & Brokerage,117.45,152.46,34.17,117.48,125.05,123.56,130.03,93.9,0.0,21.22,142.37,104.75
ROK,Rockwell Automation,Industrials,Electrical Components & Equipment,392.48,413.05,216.41,397.98,402.03,395.93,375.27,325.09,0.2,6.18,416.74,375.13
ROL,"Rollins, Inc.",Industrials,Environmental & Facilities Services,60.34,61.5,45.1,59.91,59.86,60.25,58.39,56.34,-0.2,2.85,62.06,58.43
ROP,Roper Technologies,Information Technology,Electronic Equipment & Instruments,451.0,591.12,439.64,447.3,445.95,445.04,460.33,527.0,-0.2,0.03,451.14,438.96
ROST,Ross Stores,Consumer Discretionary,Apparel Retail,182.62,184.28,121.95,182.83,181.14,177.84,165.98,145.67,-0.2,3.02,188.14,167.55
RCL,Royal Caribbean Group,Consumer Discretionary,"Hotels, Resorts & Cruise Lines",287.61,364.72,176.89,284.02,271.85,267.3,277.59,277.99,0.0,1.12,290.83,243.77
SPGI,S&P Global,Financials,Financial Exchanges & Data,507.14,562.06,435.88,503.65,498.85,496.57,491.2,506.43,-0.1,0.1,507.65,485.47
CRM,Salesforce,Information Technology,Application Software,257.75,358.19,225.37,257.52,259.53,246.06,246.94,257.13,0.0,6.61,274.79,217.33
SNDK,Sandisk,Information Technology,"Technology Hardware, Storage & Peripherals",221.25,,,209.09,219.33,214.93,202.54,89.63,0.0,8.38,239.79,190.06
SBAC,SBA Communications,Real Estate,Telecom Tower REITs,190.54,239.71,186.46,191.25,190.82,191.34,193.15,212.08,0.0,3.0,196.26,186.42
SLB,Schlumberger,Energy,Oil & Gas Equipment & Services,38.08,42.4,31.19,38.52,38.78,37.46,35.96,35.14,0.2,6.75,40.65,34.26
STX,Seagate Technology,Information Technology,"Technology Hardware, Storage & Peripherals",293.91,307.85,65.98,286.58,288.67,274.51,257.72,165.78,0.0,5.51,310.1,238.93
SRE,Sempra,Utilities,Multi-Utilities,87.5,94.03,62.32,87.95,88.28,89.92,90.91,79.5,-0.2,7.39,93.97,85.87
NOW,ServiceNow,Information Technology,Systems Software,153.41,234.08,144.33,158.43,164.89,164.33,173.01,181.92,-0.2,15.15,176.65,152.01
SHW,Sherwin-Williams,Materials,Specialty Chemicals,326.7,374.36,311.42,327.93,327.66,333.15,335.02,344.05,0.0,6.04,346.43,319.86
SPG,Simon Property Group,Real Estate,Retail REITs,185.49,185.49,135.26,183.69,181.9,181.62,178.92,165.91,0.0,0.15,185.77,177.48
SWKS,Skyworks Solutions,Information Technology,Semiconductors,64.86,90.17,47.71,65.84,67.33,66.34,69.54,69.21,0.0,9.98,71.33,61.35
SJM,J.M. Smucker Company (The),Consumer Staples,Packaged Foods & Meats,100.86,115.07,92.55,100.71,100.3,101.67,103.13,106.34,0.0,4.6,105.5,97.85
SW,Smurfit Westrock,Materials,Paper & Plastic Packaging Products & Materials,38.68,54.52,32.79,37.82,37.17,36.05,37.63,42.11,0.0,1.24,39.16,32.95
SNA,Snap-on,Industrials,Industrial Machinery & Supplies & Components,347.11,351.95,286.43,348.87,348.18,343.5,338.95,324.84,0.0,2.47,355.68,331.3
SOLS,Solstice Advanced Materials,Materials,Specialty Chemicals,48.62,,,48.84,48.48,47.38,,,-0.1,4.36,50.74,44.02
SOLV,Solventum,Health Care,Health Care Technology,80.72,85.77,63.01,81.23,81.9,83.14,76.38,73.47,-0.2,8.26,87.39,78.88
SO,Southern Company,Utilities,Electric Utilities,87.06,98.91,78.34,86.05,85.64,87.37,91.13,90.31,-0.2,4.93,91.35,83.39
LUV,Southwest Airlines,Industrials,Passenger Airlines,40.89,42.17,23.77,41.39,40.15,37.23,34.19,32.06,0.0,7.02,43.76,30.7
SWK,Stanley Black & Decker,Industrials,Industrial Machinery & Supplies & Components,73.22,86.37,53.89,73.56,73.69,71.43,68.76,68.84,0.1,7.02,78.36,64.49
SBUX,Starbucks,Consumer Discretionary,Restaurants,89.81,113.43,77.9,86.17,85.02,85.17,83.99,86.96,0.1,-1.46,88.5,81.85
STT,State Street Corporation,Financials,Asset Management & Custody Banks,127.61,129.6,74.25,127.75,127.11,122.33,118.46,104.65,0.2,4.18,132.94,111.7
STLD,Steel Dynamics,Materials,Steel,172.74,173.01,108.4,171.01,169.15,165.4,157.09,135.67,0.2,2.46,176.99,153.8
STE,Steris,Health Care,Health Care Equipment,251.66,267.99,200.94,252.44,255.55,259.12,251.61,238.71,0.2,7.09,269.5,248.73
SYK,Stryker Corporation,Health Care,Health Care Equipment,353.4,402.61,335.89,353.41,354.07,361.38,365.46,374.46,0.0,6.95,377.96,344.79
SMCI,Supermicro,Information Technology,"Technology Hardware, Storage & Peripherals",29.48,60.71,26.85,30.94,32.87,32.96,41.34,42.69,0.0,22.56,36.13,29.78
SYF,Synchrony Financial,Financials,Consumer Finance,84.03,85.66,43.2,83.62,82.94,79.91,75.62,66.0,0.2,3.89,87.3,72.51
SNPS,Synopsys,Information Technology,Application Software,459.75,645.35,380.9,456.76,463.52,443.05,435.22,488.47,0.1,9.1,501.59,384.52
SYY,Sysco,Consumer Staples,Food Distributors,75.2,82.73,67.09,75.17,74.2,74.7,75.75,75.48,0.2,2.54,77.11,72.29
TMUS,T-Mobile US,Communication Services,Wireless Telecommunication Services,200.4,269.54,195.16,197.82,199.52,203.72,211.17,234.58,-0.2,6.98,214.39,193.04
TROW,T. Rowe Price,Financials,Asset Management & Custody Banks,103.64,111.95,77.29,103.74,103.73,102.18,101.85,97.09,0.0,2.99,106.74,97.62
TTWO,Take-Two Interactive,Communication Services,Interactive Home Entertainment,245.64,262.29,178.61,243.54,245.51,243.91,248.07,233.89,0.2,2.52,251.83,236.0
TPR,"Tapestry, Inc.",Consumer Discretionary,"Apparel, Accessories & Luxury Goods",125.39,125.39,59.9,123.55,120.19,113.83,111.37,94.08,0.0,2.26,128.22,99.43
TRGP,Targa Resources,Energy,Oil & Gas Storage & Transportation,178.68,212.51,145.33,180.59,181.57,177.5,166.12,167.71,0.1,4.96,187.54,167.45
TGT,Target Corporation,Consumer Staples,Consumer Staples Merchandise Retail,99.72,136.48,83.68,98.13,96.11,92.41,91.17,94.64,-0.1,1.73,101.45,83.38
TEL,TE Connectivity,Information Technology,Electronic Manufacturing Services,226.04,249.0,121.04,227.31,232.95,228.79,232.36,188.62,0.0,7.83,243.74,213.84
TDY,Teledyne Technologies,Information Technology,Electronic Equipment & Instruments,503.62,593.62,435.54,510.08,513.35,504.32,522.91,517.24,0.0,4.43,525.93,482.73
TER,Teradyne,Information Technology,Semiconductor Materials & Equipment,191.52,204.01,67.74,191.42,196.88,187.08,170.76,114.73,-0.2,12.95,216.32,157.83
TSLA,"Tesla, Inc.",Consumer Discretionary,Automobile Manufacturers,487.8,489.88,221.86,475.84,461.73,442.91,438.89,350.04,0.0,1.43,494.78,391.06
TXN,Texas Instruments,Information Technology,Semiconductors,177.15,217.72,142.07,177.32,179.29,173.42,168.86,179.37,0.1,7.8,190.97,155.89
TPL,Texas Pacific Land Corporation,Energy,Oil & Gas Exploration & Production,901.09,1423.41,820.69,866.94,885.7,881.64,917.23,1059.42,0.0,3.69,934.34,828.9
TXT,Textron,Industrials,Aerospace & Defense,88.07,88.07,60.68,87.39,86.06,84.2,82.43,78.3,0.2,0.9,88.86,79.54
TMO,Thermo Fisher Scientific,Health Care,Life Sciences Tools & Services,562.0,604.6,389.62,568.5,569.71,577.1,566.45,482.06,0.0,6.21,596.9,557.32
TJX,TJX Companies,Consumer Discretionary,Apparel Retail,155.3,156.71,111.77,155.67,154.5,152.39,146.76,132.69,0.2,1.81,158.11,146.67
TKO,TKO Group Holdings,Communication Services,Movies & Entertainment,213.04,213.04,137.6,210.08,205.1,196.97,190.06,174.01,0.0,2.4,218.15,175.77
TTD,Trade Desk (The),Communication Services,Advertising,37.24,135.02,36.19,36.78,37.89,38.56,44.43,57.98,0.0,10.1,41.0,36.13
TSCO,Tractor Supply,Consumer Discretionary,Other Specialty Retail,52.29,62.38,47.42,52.66,52.78,53.25,54.01,54.31,0.0,5.22,55.02,51.48
TT,Trane Technologies,Industrials,Building Products,386.59,471.46,313.81,390.18,395.11,403.35,415.8,405.96,-0.2,9.7,424.09,382.59
TDG,TransDigm Group,Industrials,Aerospace & Defense,1255.11,1516.55,1152.5,1274.81,1300.65,1324.05,1313.34,1325.46,-0.3,10.72,1389.66,1258.4
TRV,Travelers Companies (The),Financials,Property & Casualty Insurance,293.84,293.84,228.7,290.12,284.85,286.65,278.72,267.06,0.2,1.05,296.93,276.36
TRMB,Trimble Inc.,Information Technology,Electronic Equipment & Instruments,79.73,85.24,55.12,79.91,81.21,80.75,79.55,75.41,0.0,6.43,84.86,76.64
TFC,Truist Financial,Financials,Diversified Banks,50.17,50.17,33.53,49.93,49.21,47.73,45.24,42.18,0.0,2.13,51.24,44.22
TYL,Tyler Technologies,Information Technology,Application Software,456.11,646.74,447.0,451.64,456.35,460.81,477.42,541.84,0.0,4.34,475.91,445.73
TSN,Tyson Foods,Consumer Staples,Packaged Foods & Meats,58.36,62.13,50.27,58.9,58.08,57.15,54.12,55.29,0.1,4.3,60.87,53.43
USB,U.S. Bancorp,Financials,Diversified Banks,53.97,53.97,35.62,53.66,52.97,51.0,48.53,45.02,0.0,3.09,55.64,46.36
UBER,Uber,Industrials,Passenger Ground Transportation,80.06,100.1,60.21,81.42,84.96,85.66,90.54,87.62,-0.2,16.39,93.18,78.14
UDR,"UDR, Inc.",Real Estate,Multi-Family Residential REITs,36.22,44.54,33.56,35.9,35.49,35.6,35.35,38.63,-0.1,1.41,36.73,34.48
ULTA,Ulta Beauty,Consumer Discretionary,Other Specialty Retail,594.08,602.97,314.47,592.42,595.0,562.29,539.47,475.58,0.2,6.4,632.1,492.49
UNP,Union Pacific Corporation,Industrials,Rail Transportation,234.91,248.49,204.53,237.59,236.18,232.41,225.57,223.56,0.2,3.42,242.94,221.88
UAL,United Airlines Holdings,Industrials,Passenger Airlines,113.11,113.11,56.15,110.08,108.17,104.04,99.71,88.2,0.2,2.6,116.05,92.02
UPS,United Parcel Service,Industrials,Air Freight & Logistics,102.17,127.5,81.17,100.84,99.17,97.03,92.53,92.91,0.1,0.81,103.0,91.06
URI,United Rentals,Industrials,Trading Companies & Distributors,802.14,1017.86,548.35,811.53,805.08,804.2,864.86,790.21,0.0,3.67,831.58,776.84
UNH,UnitedHealth Group,Health Care,Managed Health Care,327.39,587.56,234.7,335.23,331.72,327.63,336.25,350.92,0.0,4.99,343.73,311.55
UHS,Universal Health Services,Health Care,Health Care Facilities,225.01,243.98,154.65,224.2,225.7,230.88,221.61,190.61,-0.2,9.04,245.35,216.42
VLO,Valero Energy,Energy,Oil & Gas Refining & Marketing,161.84,184.27,102.32,164.75,169.47,172.49,170.32,144.12,0.0,12.89,182.7,162.27
VTR,Ventas,Real Estate,Health Care REITs,80.05,81.0,55.68,78.64,79.3,79.57,75.39,68.2,0.0,1.86,81.54,77.6
VLTO,Veralto,Industrials,Environmental & Facilities Services,100.75,109.64,85.14,99.83,99.58,100.23,100.53,100.66,0.0,3.02,103.79,96.66
VRSN,Verisign,Information Technology,Internet Services & Infrastructure,245.13,304.16,189.78,243.29,245.05,248.03,249.77,264.47,-0.2,4.61,256.43,239.64
VRSK,Verisk Analytics,Industrials,Research & Consulting Services,219.04,319.65,207.57,218.15,217.55,220.16,223.45,270.38,0.0,3.37,226.42,213.9
VZ,Verizon,Communication Services,Integrated Telecommunication Services,40.52,44.3,36.0,40.77,40.71,40.76,40.36,41.69,-0.1,2.69,41.61,39.91
VRTX,Vertex Pharmaceuticals,Health Care,Biotechnology,448.0,513.76,366.54,450.82,449.06,440.11,428.72,441.47,-0.1,4.0,465.92,414.29
VTRS,Viatris,Health Care,Pharmaceuticals,12.01,12.01,7.0,11.7,11.49,11.04,10.57,9.34,0.0,0.58,12.08,9.99
VICI,Vici Properties,Real Estate,Hotel & Resort REITs,28.19,32.93,26.65,28.16,27.79,27.97,29.21,30.73,-0.2,1.95,28.74,27.2
V,Visa Inc.,Financials,Transaction & Payment Processing Services,346.92,371.92,304.76,346.23,338.71,334.38,337.38,343.24,0.0,1.1,350.74,318.04
VST,Vistra Corp.,Utilities,Electric Utilities,165.12,217.92,97.84,167.38,167.48,170.63,182.96,171.92,0.2,9.11,180.16,161.11
VMC,Vulcan Materials Company,Materials,Construction Materials,288.41,308.54,219.27,292.36,293.39,291.92,292.44,272.73,-0.2,4.16,300.41,283.44
WRB,W. R. Berkley Corporation,Financials,Property & Casualty Insurance,69.49,78.46,56.11,69.12,68.43,72.23,74.02,71.25,-0.4,16.2,80.75,63.71
GWW,W. W. Grainger,Industrials,Industrial Machinery & Supplies & Components,1018.58,1122.37,913.57,1022.56,1003.41,976.14,961.78,997.45,0.1,2.7,1046.08,906.18
WAB,Wabtec,Industrials,Construction Machinery & Heavy Transportation Equipment,213.96,217.77,159.62,214.58,213.93,209.32,203.78,195.58,0.2,3.61,221.68,196.97
WMT,Walmart,Consumer Staples,Consumer Staples Merchandise Retail,114.98,116.79,81.24,115.91,115.08,112.24,107.01,98.7,0.2,4.35,119.98,104.5
DIS,Walt Disney Company (The),Communication Services,Movies & Entertainment,112.08,123.18,80.83,111.13,109.23,106.41,108.65,108.74,0.0,1.09,113.3,99.52
WBD,Warner Bros. Discovery,Communication Services,Broadcasting,27.5,29.98,7.69,28.86,28.49,26.11,23.05,14.54,0.2,13.64,31.25,20.96
WM,Waste Management,Industrials,Environmental & Facilities Services,218.8,239.43,196.01,218.28,214.57,214.75,210.69,222.13,-0.1,0.97,220.92,208.57
WAT,Waters Corporation,Health Care,Life Sciences Tools & Services,377.02,417.28,277.72,382.06,387.62,392.09,369.67,339.21,-0.2,9.46,412.69,371.47
WEC,WEC Energy Group,Utilities,Electric Utilities,105.46,116.56,89.09,104.77,104.61,107.27,110.76,107.02,-0.2,7.5,113.37,101.18
WFC,Wells Fargo,Financials,Diversified Banks,91.74,92.9,59.98,92.44,91.42,88.61,86.18,78.06,0.2,3.99,95.4,81.82
WELL,Welltower,Real Estate,Health Care REITs,187.53,208.22,121.65,188.86,192.13,197.65,187.88,163.54,0.0,13.12,212.13,183.18
WST,West Pharmaceutical Services,Health Care,Health Care Supplies,268.73,346.74,189.89,269.74,271.28,272.01,273.57,240.61,0.0,6.43,286.01,258.03
WDC,Western Digital,Information Technology,"Technology Hardware, Storage & Peripherals",177.35,187.2,30.42,173.31,174.39,164.49,150.35,86.04,0.0,6.65,189.14,139.84
WY,Weyerhaeuser,Real Estate,Timber REITs,23.71,30.38,21.15,23.49,22.98,22.37,22.68,25.0,0.0,1.18,23.99,20.74
WSM,"Williams-Sonoma, Inc.",Consumer Discretionary,Homefurnishing Retail,189.66,215.07,135.95,187.11,183.86,180.85,186.57,176.75,-0.2,0.42,190.46,171.24
WMB,Williams Companies,Energy,Oil & Gas Storage & Transportation,58.78,63.95,50.27,59.05,60.05,60.04,59.76,58.29,0.2,6.45,62.57,57.51
WTW,Willis Towers Watson,Financials,Insurance Brokers,329.9,349.93,294.27,329.17,324.41,321.24,324.52,320.07,-0.2,0.51,331.58,310.9
WDAY,"Workday, Inc.",Information Technology,Application Software,218.39,278.01,210.47,217.98,219.99,219.55,227.82,235.71,0.0,5.31,229.99,209.11
WYNN,Wynn Resorts,Consumer Discretionary,Casinos & Gaming,125.78,133.09,65.64,125.43,125.25,126.06,123.18,105.2,0.0,6.3,133.7,118.41
XEL,Xcel Energy,Utilities,Multi-Utilities,73.47,82.11,61.84,74.24,74.91,77.36,79.43,72.59,0.0,12.71,82.81,71.91
XYL,Xylem Inc.,Industrials,Industrial Machinery & Supplies & Components,136.88,152.52,101.96,137.34,137.95,139.12,143.87,132.81,-0.2,3.97,142.31,135.94
YUM,Yum! Brands,Consumer Discretionary,Restaurants,154.62,160.2,120.91,152.73,148.62,149.41,146.62,146.49,0.2,1.38,156.75,142.05
ZBRA,Zebra Technologies,Information Technology,Electronic Equipment & Instruments,253.26,421.11,213.54,261.51,263.63,254.78,267.61,287.94,0.2,10.02,278.64,230.93
ZBH,Zimmer Biomet,Health Care,Health Care Equipment,90.59,112.61,87.55,91.59,92.35,93.09,95.19,98.11,0.0,7.85,97.7,88.49
ZTS,Zoetis,Health Care,Pharmaceuticals,123.91,173.89,115.75,121.81,119.73,121.83,129.4,148.28,-0.2,4.53,129.52,114.14
