Symbol,Company,GICS_Sector,GICS_Sub_Industry,Current_Price,52_Week_High,52_Week_Low,SMA_5,SMA_10,SMA_20,SMA_50,SMA_100,SMA_125,SMA_200
MMM,3M,Industrials,Industrial Conglomerates,162.29,174.69,120.31,164.45,165.3,167.7,164.39,159.03,157.61,151.85
AOS,A. O. Smith,Industrials,Building Products,68.22,76.52,57.94,68.36,67.99,66.83,66.83,69.29,69.06,67.53
ABT,Abbott Laboratories,Health Care,Health Care Equipment,125.15,139.33,109.21,126.53,124.69,125.83,126.97,129.3,129.43,129.55
ABBV,AbbVie,Health Care,Biotechnology,223.98,243.06,160.33,224.55,224.41,226.75,226.65,219.0,212.54,203.35
ACN,Accenture,Information Technology,IT Consulting & Other Services,271.58,394.41,229.4,272.48,270.66,261.11,251.85,250.35,258.21,276.56
ADBE,Adobe Inc.,Information Technology,Application Software,356.26,465.86,311.59,353.28,348.97,335.17,336.97,344.6,350.6,365.39
AMD,Advanced Micro Devices,Information Technology,Semiconductors,198.11,267.08,76.48,209.41,214.52,214.2,230.82,199.17,188.99,157.53
AES,AES Corporation,Utilities,Independent Power Producers & Energy Traders,13.69,15.32,9.16,13.69,13.8,13.83,13.99,13.54,13.24,12.29
AFL,Aflac,Financials,Life & Health Insurance,110.58,115.24,95.64,110.42,109.35,109.73,109.58,107.89,106.65,105.79
A,Agilent Technologies,Health Care,Life Sciences Tools & Services,137.34,160.27,96.03,139.33,141.7,146.23,145.15,134.2,131.02,124.02
APD,Air Products,Materials,Industrial Gases,244.83,334.71,229.11,244.29,242.94,250.65,252.73,268.4,272.44,273.23
ABNB,Airbnb,Consumer Discretionary,"Hotels, Resorts & Cruise Lines",134.02,163.93,99.88,132.0,128.73,122.9,123.09,123.98,126.56,126.47
AKAM,Akamai Technologies,Information Technology,Internet Services & Infrastructure,88.75,103.75,67.51,87.29,86.28,87.32,81.85,79.05,79.1,78.89
ALB,Albemarle Corporation,Materials,Specialty Chemicals,140.57,140.78,48.7,134.26,131.88,127.43,111.02,95.28,90.35,79.71
ARE,Alexandria Real Estate Equities,Real Estate,Office REITs,48.97,100.23,44.1,47.3,46.53,49.05,58.43,69.1,70.46,73.05
ALGN,Align Technology,Health Care,Health Care Supplies,162.1,237.23,122.0,162.75,161.61,154.32,142.53,139.77,150.99,159.4
ALLE,Allegion,Industrials,Building Products,159.55,180.68,116.14,160.76,160.43,162.04,166.36,169.01,165.35,153.5
LNT,Alliant Energy,Utilities,Electric Utilities,65.73,69.59,54.52,65.41,65.27,66.59,67.13,66.0,65.1,63.37
ALL,Allstate,Financials,Property & Casualty Insurance,204.86,214.88,173.06,208.51,205.48,208.03,202.75,203.49,201.42,200.25
GOOGL,Alphabet Inc. (Class A),Communication Services,Interactive Media & Services,302.48,328.62,140.14,304.66,310.78,312.25,286.06,254.93,240.26,211.22
GOOG,Alphabet Inc. (Class C),Communication Services,Interactive Media & Services,303.77,328.46,142.27,305.88,311.82,312.92,286.7,255.58,240.96,212.31
MO,Altria,Consumer Staples,Tobacco,58.52,67.51,47.59,58.97,58.66,58.55,60.09,62.43,61.54,59.67
AMZN,Amazon,Consumer Discretionary,Broadline Retail,227.02,258.6,161.38,223.92,226.6,227.6,229.28,227.67,226.92,215.51
AMCR,Amcor,Materials,Paper & Plastic Packaging Products & Materials,8.35,10.3,7.67,8.3,8.27,8.37,8.26,8.42,8.65,8.88
AEE,Ameren,Utilities,Multi-Utilities,99.27,105.97,83.94,98.38,98.59,100.88,102.32,101.16,100.05,98.38
AEP,American Electric Power,Utilities,Electric Utilities,115.37,124.8,86.88,114.91,115.23,118.0,118.47,114.41,112.31,108.51
AXP,American Express,Financials,Consumer Finance,376.14,387.49,219.32,379.53,375.46,367.97,358.14,338.97,333.88,311.63
AIG,American International Group,Financials,Multi-line Insurance,86.46,86.81,67.79,85.49,81.91,78.85,78.42,78.61,79.14,80.13
AMT,American Tower,Real Estate,Telecom Tower REITs,174.77,232.28,168.28,178.87,179.51,179.22,182.4,190.65,196.77,201.92
AWK,American Water Works,Utilities,Water Utilities,133.17,152.71,115.89,133.12,131.05,130.74,133.0,136.41,137.02,138.6
AMP,Ameriprise Financial,Financials,Asset Management & Custody Banks,490.27,574.69,392.21,489.9,487.74,471.53,468.35,484.07,492.98,490.84
AME,Ametek,Industrials,Electrical Components & Equipment,202.2,204.43,144.31,201.76,200.83,198.41,193.6,189.33,187.37,181.57
AMGN,Amgen,Health Care,Biotechnology,323.97,346.38,245.31,323.95,321.75,330.78,316.24,300.29,298.33,293.34
APH,Amphenol,Information Technology,Electronic Components,129.76,144.09,56.16,128.81,133.85,135.6,134.26,124.44,119.53,103.33
ADI,Analog Devices,Information Technology,Semiconductors,275.53,284.23,156.76,276.95,278.54,267.18,248.1,243.87,242.42,228.21
AON,Aon plc,Financials,Insurance Brokers,353.62,411.24,322.37,351.79,348.15,348.08,346.7,355.21,355.37,360.95
APA,APA Corporation,Energy,Oil & Gas Exploration & Production,23.8,27.72,13.04,24.72,25.55,25.27,24.05,23.03,22.17,20.38
APO,Apollo Global Management,Financials,Asset Management & Custody Banks,146.42,175.64,101.44,146.97,145.37,138.4,130.96,133.74,136.08,134.59
AAPL,Apple Inc.,Information Technology,"Technology Hardware, Storage & Peripherals",272.52,288.62,168.63,274.27,276.2,277.16,269.02,252.06,243.49,229.35
AMAT,Applied Materials,Information Technology,Semiconductor Materials & Equipment,253.9,276.1,122.8,256.3,263.0,255.4,238.8,210.03,205.83,186.43
APTV,Aptiv,Consumer Discretionary,Automotive Parts & Equipment,77.35,88.8,47.19,77.53,77.59,76.74,80.06,79.41,77.53,71.64
ACGL,Arch Capital Group,Financials,Property & Casualty Insurance,96.32,97.4,82.45,95.43,93.59,93.19,90.69,90.42,90.17,91.08
ADM,Archer Daniels Midland,Consumer Staples,Agricultural Products & Services,58.7,64.46,39.88,59.09,58.86,59.24,59.6,59.65,58.4,54.12
ANET,Arista Networks,Information Technology,Communications Equipment,125.15,164.94,59.43,124.86,127.88,126.65,137.32,138.23,131.95,114.21
AJG,Arthur J. Gallagher & Co.,Financials,Insurance Brokers,253.04,348.85,236.34,251.95,246.24,246.68,260.78,278.71,285.65,301.86
AIZ,Assurant,Financials,Multi-line Insurance,238.3,240.58,172.97,234.24,228.92,227.06,220.48,214.91,209.7,205.01
T,AT&T,Communication Services,Integrated Telecommunication Services,24.29,29.47,20.72,24.32,24.49,25.09,25.27,26.72,26.85,26.8
ATO,Atmos Energy,Utilities,Gas Utilities,169.6,179.62,133.05,169.18,168.44,170.81,173.15,168.61,165.5,160.36
ADSK,Autodesk,Information Technology,Application Software,299.18,329.09,232.67,296.27,299.62,298.84,301.58,304.66,304.02,293.67
ADP,Automatic Data Processing,Industrials,Human Resource & Employment Services,261.85,324.5,245.59,264.11,261.48,257.46,262.92,279.11,283.58,289.84
AZO,AutoZone,Consumer Discretionary,Automotive Retail,3428.14,4388.11,3162.0,3439.34,3554.47,3720.98,3799.62,3965.73,3914.6,3826.78
AVB,AvalonBay Communities,Real Estate,Multi-Family Residential REITs,181.92,224.32,166.73,178.8,178.07,179.18,180.61,185.28,188.29,193.7
AVY,Avery Dennison,Materials,Paper & Plastic Packaging Products & Materials,183.79,192.3,154.46,183.22,179.58,174.77,171.64,169.26,170.93,171.84
AXON,Axon Enterprise,Industrials,Aerospace & Defense,566.94,885.92,469.24,557.61,558.82,546.09,614.5,685.66,701.04,678.02
BKR,Baker Hughes,Energy,Oil & Gas Equipment & Services,44.39,51.12,33.06,45.69,46.82,48.22,47.54,46.58,45.28,42.75
BALL,Ball Corporation,Materials,"Metal, Glass & Plastic Containers",52.65,59.82,43.01,51.79,49.96,49.43,48.48,49.97,51.51,51.43
BAC,Bank of America,Financials,Diversified Banks,54.35,56.07,32.53,54.84,54.42,53.49,52.5,50.78,50.02,46.62
BAX,Baxter International,Health Care,Health Care Equipment,19.11,37.25,17.39,19.23,18.82,18.68,19.76,21.65,23.14,26.06
BDX,Becton Dickinson,Health Care,Health Care Equipment,195.37,246.65,160.6,197.62,195.82,193.7,188.37,188.11,185.54,187.84
BBY,Best Buy,Consumer Discretionary,Computer & Electronics Retail,71.86,87.0,52.85,72.37,72.51,74.09,76.51,73.94,72.64,70.43
TECH,Bio-Techne,Health Care,Life Sciences Tools & Services,57.16,78.83,45.8,57.76,59.07,61.17,60.96,57.61,56.74,55.15
BIIB,Biogen,Health Care,Biotechnology,170.2,185.17,110.04,172.73,175.13,176.91,162.45,150.91,146.66,139.93
BLK,BlackRock,Financials,Asset Management & Custody Banks,1065.16,1214.03,762.34,1076.46,1074.15,1050.43,1083.99,1103.64,1096.16,1032.51
BX,Blackstone Inc.,Financials,Asset Management & Custody Banks,154.07,188.42,113.15,152.17,153.11,149.22,149.35,160.47,160.22,151.11
XYZ,"Block, Inc.",Financials,Transaction & Payment Processing Services,64.64,95.78,44.27,64.35,63.24,63.07,68.51,72.31,72.09,66.68
BK,BNY Mellon,Financials,Asset Management & Custody Banks,114.68,119.4,69.31,115.32,115.8,113.13,109.99,107.16,104.57,96.52
BA,Boeing,Industrials,Aerospace & Defense,208.8,242.69,128.88,206.34,203.97,196.62,202.24,213.34,215.07,202.87
BKNG,Booking Holdings,Consumer Discretionary,"Hotels, Resorts & Cruise Lines",5352.04,5818.24,4074.35,5377.86,5301.64,5099.16,5071.05,5279.52,5355.94,5196.87
BSX,Boston Scientific,Health Care,Health Care Equipment,96.01,109.5,85.98,93.64,93.65,96.41,98.57,100.47,101.29,100.98
BMY,Bristol Myers Squibb,Health Care,Pharmaceuticals,53.46,61.0,42.38,53.59,52.48,50.63,47.43,46.54,46.54,47.99
AVGO,Broadcom,Information Technology,Semiconductors,326.02,414.61,137.54,354.69,376.51,375.91,361.93,340.78,327.82,281.62
BR,Broadridge Financial Solutions,Industrials,Data Processing & Outsourced Services,226.96,269.71,209.84,228.5,228.1,227.62,226.56,237.64,237.99,236.43
BRO,Brown & Brown,Financials,Insurance Brokers,81.3,125.05,76.17,81.37,79.83,79.96,82.53,88.2,91.67,99.99
BLDR,Builders FirstSource,Industrials,Building Products,105.71,175.12,94.35,105.11,106.75,107.41,111.96,122.61,123.52,121.65
BG,Bunge Global,Consumer Staples,Agricultural Products & Services,92.1,98.82,65.12,92.62,92.6,93.84,93.12,87.15,85.0,81.5
BXP,"BXP, Inc.",Real Estate,Office REITs,69.71,78.59,52.95,70.64,70.09,70.6,71.03,70.91,70.45,68.38
CHRW,C.H. Robinson,Industrials,Air Freight & Logistics,165.55,165.92,83.39,159.88,158.07,157.13,146.3,136.05,128.31,115.35
CDNS,Cadence Design Systems,Information Technology,Application Software,315.78,376.45,221.56,320.44,328.74,319.35,325.68,339.51,334.82,314.32
CZR,Caesars Entertainment,Consumer Discretionary,Casinos & Gaming,24.0,40.0,18.25,24.04,23.81,23.06,21.8,23.82,24.98,25.8
CPT,Camden Property Trust,Real Estate,Multi-Family Residential REITs,108.58,121.85,96.2,105.51,103.8,104.09,102.23,103.95,105.43,108.32
CPB,Campbell's Company (The),Consumer Staples,Packaged Foods & Meats,28.78,42.36,27.85,28.64,28.79,29.59,30.22,31.2,31.15,32.76
COF,Capital One,Financials,Consumer Finance,242.96,244.82,141.84,240.35,237.09,227.11,219.53,218.77,217.87,203.76
CAH,Cardinal Health,Health Care,Health Care Distributors,199.07,214.93,112.98,198.74,198.68,203.74,188.24,170.0,168.28,158.24
KMX,CarMax,Consumer Discretionary,Automotive Retail,39.76,91.25,30.26,40.68,40.34,38.87,39.49,47.79,51.26,57.81
CCL,Carnival,Consumer Discretionary,"Hotels, Resorts & Cruise Lines",28.27,32.8,15.07,28.15,27.22,26.47,27.26,28.79,28.81,25.81
CARR,Carrier Global,Industrials,Building Products,53.44,80.78,50.3,52.96,53.25,53.37,55.42,59.35,62.54,64.05
CAT,Caterpillar Inc.,Industrials,Construction Machinery & Heavy Transportation Equipment,567.22,627.5,264.29,581.14,594.07,582.71,559.43,499.59,480.23,423.43
CBOE,Cboe Global Markets,Financials,Financial Exchanges & Data,248.97,262.98,186.22,250.0,250.92,253.18,249.01,245.29,243.33,234.65
CBRE,CBRE Group,Real Estate,Real Estate Services,160.46,171.0,108.45,159.92,158.9,159.2,156.58,158.04,154.78,144.11
CDW,CDW Corporation,Information Technology,Technology Distributors,143.82,219.61,135.03,144.47,146.11,144.26,147.16,155.39,159.91,162.51
COR,Cencora,Health Care,Health Care Distributors,340.6,377.54,222.21,344.32,342.17,350.88,344.69,319.95,314.72,301.89
CNC,Centene Corporation,Health Care,Managed Health Care,39.36,66.81,25.08,39.7,39.19,38.71,36.96,33.8,34.21,43.56
CNP,CenterPoint Energy,Utilities,Multi-Utilities,38.12,40.28,29.87,38.11,37.98,38.62,38.98,38.51,38.07,37.33
CF,CF Industries,Materials,Fertilizers & Agricultural Chemicals,78.46,103.22,66.16,78.59,77.96,78.33,81.69,84.12,85.85,84.22
CRL,Charles River Laboratories,Health Care,Life Sciences Tools & Services,195.04,200.58,91.86,195.76,191.51,182.38,178.69,169.11,166.93,157.04
SCHW,Charles Schwab Corporation,Financials,Investment Banking & Brokerage,96.98,99.14,65.3,96.38,95.5,93.66,93.87,94.41,93.96,89.08
CHTR,Charter Communications,Communication Services,Cable & Satellite,207.32,437.06,193.0,208.88,208.46,203.83,221.61,244.35,272.68,311.92
CVX,Chevron Corporation,Energy,Integrated Oil & Gas,147.7,163.27,127.59,148.75,149.31,149.95,151.43,152.62,151.47,147.62
CMG,Chipotle Mexican Grill,Consumer Discretionary,Restaurants,37.9,64.87,29.75,36.53,35.27,34.22,35.41,38.36,41.38,44.73
CB,Chubb Limited,Financials,Property & Casualty Insurance,311.59,313.46,250.52,311.33,305.26,300.65,290.05,282.94,282.03,284.34
CHD,Church & Dwight,Consumer Staples,Household Products,85.28,115.32,81.05,84.99,84.09,83.97,85.05,88.24,89.86,93.89
CI,Cigna,Health Care,Health Care Services,274.43,344.64,238.17,275.25,270.28,271.42,277.29,283.99,288.3,299.04
CINF,Cincinnati Financial,Financials,Property & Casualty Insurance,167.85,169.86,121.6,166.49,164.32,164.92,161.23,157.4,155.32,150.11
CTAS,Cintas,Industrials,Diversified Support Services,190.87,228.23,179.31,188.37,186.91,185.64,186.32,197.8,201.94,204.74
CSCO,Cisco,Information Technology,Communications Equipment,77.24,80.82,51.49,77.37,78.27,77.41,74.26,71.03,70.4,66.53
C,Citigroup,Financials,Diversified Banks,113.4,113.85,54.39,112.15,111.08,106.72,102.08,99.19,96.98,86.85
CFG,Citizens Financial Group,Financials,Regional Banks,58.47,59.31,31.67,58.41,57.6,55.74,52.78,51.58,50.55,46.05
CLX,Clorox,Consumer Staples,Household Products,99.59,159.15,98.2,101.33,101.93,103.7,108.38,114.69,116.39,123.03
CME,CME Group,Financials,Financial Exchanges & Data,266.95,286.76,220.42,271.4,270.17,272.78,270.82,269.26,270.02,268.33
CMS,CMS Energy,Utilities,Multi-Utilities,70.67,75.54,62.07,70.29,70.32,72.01,72.94,72.28,71.76,71.27
KO,Coca-Cola Company (The),Consumer Staples,Soft Drinks & Non-alcoholic Beverages,70.58,72.91,58.88,70.62,70.28,70.95,69.71,68.51,68.59,68.93
CTSH,Cognizant,Information Technology,IT Consulting & Other Services,84.11,89.37,64.7,83.87,82.88,79.89,73.92,71.66,72.65,74.03
COIN,Coinbase,Financials,Financial Exchanges & Data,241.95,444.65,142.58,251.33,262.2,261.13,298.45,311.97,325.2,283.98
CL,Colgate-Palmolive,Consumer Staples,Household Products,77.99,98.37,74.55,78.89,78.06,78.72,78.19,80.24,81.85,85.01
CMCSA,Comcast,Communication Services,Cable & Satellite,30.28,37.7,25.75,29.15,28.17,27.52,28.08,30.18,31.07,32.25
CAG,Conagra Brands,Consumer Staples,Packaged Foods & Meats,17.89,27.05,16.6,17.85,17.56,17.53,17.58,18.07,18.28,20.12
COP,ConocoPhillips,Energy,Oil & Gas Exploration & Production,92.5,103.48,77.84,93.63,94.16,91.55,89.16,91.41,91.45,90.93
ED,Consolidated Edison,Utilities,Multi-Utilities,100.15,112.03,84.37,99.24,97.51,98.1,98.8,98.86,98.88,100.85
STZ,Constellation Brands,Consumer Staples,Distillers & Vintners,137.24,234.37,126.45,142.51,142.68,138.48,136.07,143.73,148.33,159.59
CEG,Constellation Energy,Utilities,Electric Utilities,359.56,412.23,160.75,355.06,359.26,357.91,364.33,346.5,340.73,305.94
COO,Cooper Companies (The),Health Care,Health Care Supplies,82.24,100.24,61.78,81.87,81.02,78.65,74.24,71.92,72.12,74.46
CPRT,Copart,Industrials,Diversified Support Services,39.31,63.85,38.18,38.98,38.84,39.08,41.43,44.12,44.79,48.99
GLW,Corning Inc.,Information Technology,Electronic Components,87.19,96.64,36.82,87.07,89.08,85.86,85.76,78.8,73.66,63.27
CPAY,Corpay,Financials,Transaction & Payment Processing Services,307.45,400.81,252.84,311.34,309.92,301.1,287.59,298.58,305.23,314.66
CTVA,Corteva,Materials,Fertilizers & Agricultural Chemicals,67.07,77.02,53.0,66.2,65.91,65.87,64.26,67.35,68.64,67.04
CSGP,CoStar Group,Real Estate,Real Estate Services,65.02,97.43,62.0,65.09,66.31,67.13,70.11,79.28,80.47,79.51
COST,Costco,Consumer Staples,Consumer Staples Merchandise Retail,857.0,1073.82,844.06,865.01,875.46,890.07,911.65,931.19,937.81,951.76
CTRA,Coterra,Energy,Oil & Gas Exploration & Production,25.36,29.04,21.87,25.87,26.45,26.36,25.1,24.39,24.4,24.75
CRWD,CrowdStrike,Information Technology,Systems Software,477.2,566.9,298.0,485.6,501.04,504.51,515.82,482.31,482.93,455.74
CCI,Crown Castle,Real Estate,Telecom Tower REITs,87.15,113.13,80.07,88.54,89.02,88.69,91.24,94.05,95.74,96.51
CSX,CSX Corporation,Industrials,Rail Transportation,36.67,37.54,25.91,36.91,36.78,35.85,35.57,34.85,34.61,32.72
CMI,Cummins,Industrials,Construction Machinery & Heavy Transportation Equipment,503.42,526.5,256.13,508.54,510.91,501.83,462.82,432.28,413.58,374.18
CVS,CVS Health,Health Care,Health Care Services,77.81,85.15,41.77,78.62,78.33,78.12,78.88,74.89,72.62,69.44
DHR,Danaher Corporation,Health Care,Life Sciences Tools & Services,225.49,256.97,170.43,225.54,226.44,226.67,219.42,209.74,207.53,203.42
DRI,Darden Restaurants,Consumer Discretionary,Restaurants,192.92,224.86,154.97,187.34,183.39,179.61,180.21,190.29,194.14,196.6
DDOG,Datadog,Information Technology,Application Software,138.24,201.69,81.63,140.61,146.24,151.93,161.4,149.38,147.79,132.8
DVA,DaVita,Health Care,Health Care Services,116.1,179.6,113.97,118.57,117.99,118.4,121.8,128.06,131.01,135.62
DAY,Dayforce,Industrials,Human Resource & Employment Services,69.33,78.03,48.01,69.26,69.17,69.1,68.77,66.85,64.91,62.01
DECK,Deckers Brands,Consumer Discretionary,Footwear,100.86,223.98,78.91,102.52,101.64,95.09,91.42,100.61,101.39,105.87
DE,Deere & Company,Industrials,Agricultural & Farm Machinery,476.29,530.24,398.95,483.11,476.47,477.5,470.64,475.69,482.15,482.07
DELL,Dell Technologies,Information Technology,"Technology Hardware, Storage & Peripherals",123.28,168.08,65.33,129.08,134.22,132.12,141.86,137.34,134.92,121.14
DAL,Delta Air Lines,Industrials,Passenger Airlines,70.24,72.34,34.41,70.44,69.44,66.21,61.83,59.93,58.51,53.71
DVN,Devon Energy,Energy,Oil & Gas Exploration & Production,35.81,38.23,25.37,36.26,36.85,36.63,34.5,34.29,33.95,33.25
DXCM,Dexcom,Health Care,Health Care Equipment,65.99,93.25,54.11,66.16,66.47,64.57,64.03,69.63,72.78,74.13
FANG,Diamondback Energy,Energy,Oil & Gas Exploration & Production,146.75,175.92,111.64,152.12,155.22,153.58,146.96,144.26,143.39,141.88
DLR,Digital Realty,Real Estate,Data Center REITs,148.93,182.13,127.13,150.58,155.61,156.36,163.35,165.67,166.83,162.72
DG,Dollar General,Consumer Staples,Consumer Staples Merchandise Retail,136.45,137.9,65.27,134.81,131.48,119.78,109.13,108.1,108.65,102.76
DLTR,Dollar Tree,Consumer Staples,Consumer Staples Merchandise Retail,126.9,132.48,61.8,129.49,126.41,116.93,106.79,105.41,105.72,96.46
D,Dominion Energy,Utilities,Multi-Utilities,60.01,62.17,46.43,59.73,59.02,59.76,59.84,59.59,58.87,56.66
DPZ,Domino's,Consumer Discretionary,Restaurants,432.04,493.24,390.88,434.37,426.81,420.93,413.4,427.8,434.35,444.53
DASH,DoorDash,Consumer Discretionary,Specialized Consumer Services,232.07,285.5,155.4,227.16,226.1,214.13,230.22,243.92,243.28,225.09
DOV,Dover Corporation,Industrials,Industrial Machinery & Supplies & Components,197.03,219.84,141.82,198.04,195.96,190.62,181.16,177.45,179.1,177.11
DOW,Dow Inc.,Materials,Commodity Chemicals,23.11,39.24,19.82,23.29,23.45,23.19,22.69,22.82,23.67,25.86
DHI,D. R. Horton,Consumer Discretionary,Homebuilding,151.6,183.98,109.46,154.33,154.25,154.22,151.13,158.47,153.81,142.41
DTE,DTE Energy,Utilities,Multi-Utilities,130.34,142.5,112.5,129.07,129.17,131.36,135.18,135.77,135.02,133.63
DUK,Duke Energy,Utilities,Electric Utilities,117.45,128.91,101.53,116.5,115.79,118.58,122.17,121.87,120.69,118.73
DD,DuPont,Materials,Specialty Chemicals,40.75,41.83,22.13,40.67,40.75,39.88,37.33,34.39,33.6,31.59
EMN,Eastman Chemical Company,Materials,Specialty Chemicals,64.35,99.23,55.35,64.03,63.01,61.3,60.44,62.27,65.04,70.26
ETN,Eaton Corporation,Industrials,Electrical Components & Equipment,315.48,398.4,230.37,325.28,335.3,335.75,357.22,359.84,360.81,337.62
EBAY,eBay Inc.,Consumer Discretionary,Broadline Retail,84.07,100.76,58.09,83.09,83.04,82.37,86.14,89.15,86.66,79.95
ECL,Ecolab,Materials,Specialty Chemicals,263.35,284.56,219.93,261.15,259.41,263.87,264.97,268.32,268.12,261.94
EIX,Edison International,Utilities,Electric Utilities,60.1,76.7,46.27,59.07,58.15,58.2,57.27,55.73,54.67,54.32
EW,Edwards Lifesciences,Health Care,Health Care Equipment,84.8,87.89,65.94,84.52,84.61,85.01,81.92,80.14,79.53,77.21
EA,Electronic Arts,Communication Services,Interactive Home Entertainment,203.89,204.64,114.66,203.92,203.78,202.76,201.37,187.55,180.72,167.33
ELV,Elevance Health,Health Care,Managed Health Care,344.3,451.93,270.83,352.61,342.7,334.81,333.96,320.72,323.07,353.18
EMR,Emerson Electric,Industrials,Electrical Components & Equipment,132.35,149.03,88.93,134.4,135.71,133.44,131.98,132.41,133.75,125.53
ENPH,Enphase Energy,Information Technology,Semiconductor Materials & Equipment,32.96,76.9,25.78,32.0,31.98,30.09,31.8,33.95,35.11,40.76
ETR,Entergy,Utilities,Electric Utilities,92.29,97.93,71.14,92.61,93.0,93.91,94.84,92.19,90.34,86.99
EOG,EOG Resources,Energy,Oil & Gas Exploration & Production,102.44,134.2,99.8,104.58,107.6,107.88,107.45,112.03,113.36,113.61
EPAM,EPAM Systems,Information Technology,IT Consulting & Other Services,208.11,269.0,138.15,208.01,207.81,198.17,176.52,168.02,168.94,169.42
EQT,EQT Corporation,Energy,Oil & Gas Exploration & Production,53.82,62.23,41.77,54.55,56.79,57.73,56.45,54.23,54.58,53.79
EFX,Equifax,Industrials,Research & Consulting Services,219.93,279.27,198.73,218.84,215.15,212.68,216.34,231.75,236.62,241.52
EQIX,Equinix,Real Estate,Data Center REITs,750.21,949.65,689.25,753.59,747.87,745.91,784.5,780.18,779.69,800.68
EQR,Equity Residential,Real Estate,Multi-Family Residential REITs,62.3,73.58,58.19,61.41,61.01,61.09,60.94,62.4,63.2,64.88
ERIE,Erie Indemnity,Financials,Insurance Brokers,289.08,451.6,273.59,286.28,286.08,289.93,299.04,318.97,324.74,346.54
ESS,Essex Property Trust,Real Estate,Multi-Family Residential REITs,261.86,307.81,239.32,259.43,256.97,258.46,257.98,259.72,264.27,270.05
EL,Estée Lauder Companies (The),Consumer Staples,Personal Care Products,108.32,109.62,47.76,104.92,104.62,98.81,95.86,92.38,90.95,80.61
EG,Everest Group,Financials,Reinsurance,333.14,368.99,302.44,328.42,320.02,315.9,326.45,333.37,334.03,338.98
EVRG,Evergy,Utilities,Electric Utilities,73.16,78.59,57.4,73.59,73.5,74.62,75.78,73.87,72.63,69.89
ES,Eversource Energy,Utilities,Electric Utilities,68.03,74.42,50.49,67.48,67.01,66.11,69.7,67.45,66.67,63.97
EXC,Exelon,Utilities,Electric Utilities,44.19,48.09,34.68,43.92,43.69,44.64,45.77,44.83,44.37,44.04
EXE,Expand Energy,Energy,Oil & Gas Exploration & Production,107.9,126.62,90.25,109.47,113.78,116.24,111.08,104.89,105.02,105.77
EXPE,Expedia Group,Consumer Discretionary,"Hotels, Resorts & Cruise Lines",287.15,289.99,129.24,282.53,275.7,265.16,244.02,226.93,217.28,196.93
EXPD,Expeditors International,Industrials,Air Freight & Logistics,151.42,155.04,99.26,151.15,150.48,147.37,134.15,127.01,124.55,119.94
EXR,Extra Space Storage,Real Estate,Self-Storage REITs,131.24,155.55,116.98,132.0,129.98,130.06,135.1,136.69,138.5,139.49
XOM,ExxonMobil,Energy,Integrated Oil & Gas,116.68,120.47,95.18,117.07,117.52,116.87,115.28,112.65,111.93,109.65
FFIV,"F5, Inc.",Information Technology,Communications Equipment,259.31,346.0,223.76,259.86,257.62,247.54,263.18,292.05,293.15,285.67
FDS,FactSet,Financials,Financial Exchanges & Data,273.02,491.19,249.51,289.15,287.79,281.41,278.08,313.87,337.8,374.0
FICO,Fair Isaac,Information Technology,Application Software,1762.01,2217.6,1300.0,1792.37,1785.06,1780.12,1713.74,1603.31,1614.27,1709.05
FAST,Fastenal,Industrials,Trading Companies & Distributors,42.31,50.37,34.62,42.17,41.62,40.85,41.57,44.74,44.54,42.62
FRT,Federal Realty Investment Trust,Real Estate,Retail REITs,102.07,111.1,78.83,100.72,98.79,98.24,97.9,97.29,96.51,95.16
FDX,FedEx,Industrials,Air Freight & Logistics,287.08,288.42,190.85,283.17,280.39,275.16,258.99,243.63,241.0,233.32
FIS,Fidelity National Information Services,Financials,Transaction & Payment Processing Services,65.99,82.9,59.15,66.55,66.14,65.32,65.3,67.03,69.57,71.57
FITB,Fifth Third Bancorp,Financials,Regional Banks,47.86,48.71,31.68,47.84,47.09,45.25,43.41,43.59,43.31,40.93
FSLR,First Solar,Information Technology,Semiconductors,263.08,281.55,116.56,257.26,258.83,259.44,252.2,227.97,216.38,188.92
FE,FirstEnergy,Utilities,Electric Utilities,44.62,47.73,36.45,44.37,44.58,45.61,45.94,44.63,43.64,42.2
FI,Fiserv,Financials,Transaction & Payment Processing Services,68.33,238.59,59.56,68.38,67.28,64.56,82.34,108.22,119.59,146.54
F,Ford Motor Company,Consumer Discretionary,Automobile Manufacturers,13.31,13.99,8.11,13.54,13.4,13.21,12.84,12.16,11.93,11.12
FTNT,Fortinet,Information Technology,Systems Software,79.82,114.82,70.12,81.08,82.34,81.77,82.94,82.84,87.15,91.99
FTV,Fortive,Industrials,Industrial Machinery & Supplies & Components,54.73,62.51,45.35,54.98,54.67,53.76,51.5,49.87,50.29,51.34
FOXA,Fox Corporation (Class A),Communication Services,Broadcasting,71.58,72.96,46.21,71.09,70.69,68.21,64.5,61.73,60.52,57.52
FOX,Fox Corporation (Class B),Communication Services,Broadcasting,63.74,64.22,42.96,63.14,62.69,60.74,57.73,55.63,54.74,52.4
BEN,Franklin Resources,Financials,Asset Management & Custody Banks,24.03,25.72,15.81,23.65,23.47,22.82,22.74,23.52,23.61,22.08
FCX,Freeport-McMoRan,Materials,Copper,48.12,49.0,27.35,47.68,46.79,44.48,42.43,42.3,42.73,40.79
GRMN,Garmin,Consumer Discretionary,Consumer Electronics,202.43,260.57,167.16,205.31,205.03,199.62,213.93,224.76,223.34,214.27
IT,Gartner,Information Technology,IT Consulting & Other Services,249.81,584.01,222.54,245.74,237.87,234.5,237.54,246.0,272.55,330.1
GE,GE Aerospace,Industrials,Aerospace & Defense,302.04,316.67,158.62,298.75,292.22,292.05,299.43,290.74,284.01,257.06
GEHC,GE HealthCare,Health Care,Health Care Equipment,82.79,94.66,57.57,83.17,83.79,81.68,77.32,75.73,75.67,74.44
GEV,GE Vernova,Industrials,Heavy Electrical Equipment,641.4,731.0,251.84,658.97,660.06,623.33,601.02,611.37,600.1,519.21
GEN,Gen Digital,Information Technology,Systems Software,27.73,31.94,22.45,27.66,27.39,26.89,26.64,28.04,28.36,27.8
GNRC,Generac,Industrials,Electrical Components & Equipment,136.99,203.25,99.5,151.27,157.7,154.2,164.16,174.1,169.04,151.83
GD,General Dynamics,Industrials,Aerospace & Defense,338.46,360.5,235.63,338.11,338.18,338.52,340.62,331.41,324.73,303.92
GIS,General Mills,Consumer Staples,Packaged Foods & Meats,49.02,65.04,45.15,47.68,46.79,46.88,47.26,48.21,48.62,51.05
GM,General Motors,Consumer Discretionary,Automobile Manufacturers,81.43,83.04,41.28,81.31,79.71,76.04,69.87,63.52,61.16,55.94
GPC,Genuine Parts Company,Consumer Discretionary,Distributors,126.11,141.97,101.6,129.42,129.74,128.76,128.38,132.02,130.43,125.79
GILD,Gilead Sciences,Health Care,Biotechnology,121.88,128.7,86.73,121.0,121.07,123.47,121.96,117.93,116.32,112.49
GPN,Global Payments,Financials,Transaction & Payment Processing Services,82.38,114.79,65.33,81.87,80.25,77.48,79.66,82.31,81.95,82.35
GL,Globe Life,Financials,Life & Health Insurance,138.89,147.54,103.01,139.61,136.13,134.38,134.19,137.23,134.29,129.73
GDDY,GoDaddy,Information Technology,Internet Services & Infrastructure,126.76,216.0,121.94,125.13,126.19,126.82,129.24,137.1,144.13,157.28
GS,Goldman Sachs,Financials,Investment Banking & Brokerage,878.4,919.1,432.73,881.49,880.55,843.06,803.89,778.33,762.41,685.92
HAL,Halliburton,Energy,Oil & Gas Equipment & Services,27.5,29.67,18.31,27.89,28.27,27.25,26.25,24.26,23.67,22.87
HIG,Hartford (The),Financials,Property & Casualty Insurance,139.18,139.92,103.19,137.85,134.06,134.6,130.23,130.16,128.59,125.94
HAS,Hasbro,Consumer Discretionary,Leisure Products,82.21,85.15,47.63,81.32,81.48,81.28,77.8,77.29,76.72,70.63
HCA,HCA Healthcare,Health Care,Health Care Facilities,466.0,519.23,287.82,473.73,477.65,487.7,466.35,433.48,420.11,393.87
DOC,Healthpeak Properties,Real Estate,Health Care REITs,16.46,20.33,16.08,16.5,16.61,17.22,17.64,17.64,17.64,17.65
HSIC,Henry Schein,Health Care,Health Care Distributors,77.04,82.49,60.56,76.87,75.45,74.35,69.7,68.72,69.45,69.31
HSY,Hershey Company (The),Consumer Staples,Packaged Foods & Meats,188.69,195.98,135.68,187.14,183.92,184.38,180.67,182.49,180.06,173.62
HPE,Hewlett Packard Enterprise,Information Technology,"Technology Hardware, Storage & Peripherals",23.86,26.44,11.82,24.02,24.19,22.86,23.26,23.08,22.52,20.15
HLT,Hilton Worldwide,Consumer Discretionary,"Hotels, Resorts & Cruise Lines",287.09,294.92,195.7,286.4,279.27,278.96,270.71,269.28,269.36,256.47
HOLX,Hologic,Health Care,Health Care Equipment,74.93,75.34,51.9,74.98,74.93,74.8,73.31,70.16,69.13,65.73
HD,Home Depot (The),Consumer Discretionary,Home Improvement Retail,356.51,424.01,320.39,356.52,354.1,350.85,364.64,381.74,378.15,369.55
HON,Honeywell,Industrials,Industrial Conglomerates,198.82,225.29,166.32,197.62,194.75,192.83,194.61,197.83,201.77,200.31
HRL,Hormel Foods,Consumer Staples,Packaged Foods & Meats,24.08,31.78,21.03,23.89,23.92,23.4,23.08,24.63,25.61,26.99
HST,Host Hotels & Resorts,Real Estate,Hotel & Resort REITs,18.53,18.72,11.93,18.48,18.02,17.74,17.14,16.86,16.67,15.82
HWM,Howmet Aerospace,Industrials,Aerospace & Defense,198.12,211.83,104.84,196.01,194.43,196.9,198.42,190.53,188.99,172.85
HPQ,HP Inc.,Information Technology,"Technology Hardware, Storage & Peripherals",23.46,33.78,20.52,24.39,24.8,24.47,25.49,26.08,25.81,25.69
HUBB,Hubbell Incorporated,Industrials,Industrial Machinery & Supplies & Components,437.6,482.66,296.56,439.71,443.03,434.43,437.56,433.67,430.37,403.3
HUM,Humana,Health Care,Managed Health Care,261.57,314.25,206.15,264.64,261.1,250.72,260.76,268.51,261.48,257.6
HBAN,Huntington Bancshares,Financials,Regional Banks,17.66,18.04,11.7,17.74,17.42,16.78,16.13,16.56,16.6,15.87
HII,Huntington Ingalls Industries,Industrials,Aerospace & Defense,323.52,333.31,155.24,325.54,321.3,315.25,306.41,288.86,281.03,255.92
IBM,IBM,Information Technology,IT Consulting & Other Services,301.12,324.9,209.2,305.1,307.65,305.14,299.54,277.55,278.05,267.26
IEX,IDEX Corporation,Industrials,Industrial Machinery & Supplies & Components,178.0,223.39,151.55,178.29,177.4,174.43,169.83,166.27,168.94,172.06
IDXX,Idexx Laboratories,Health Care,Health Care Equipment,697.67,769.98,356.14,698.9,703.36,718.06,684.66,660.01,635.21,569.42
ITW,Illinois Tool Works,Industrials,Industrial Machinery & Supplies & Components,251.93,273.07,212.05,254.21,251.84,249.17,247.71,253.76,253.74,249.16
INCY,Incyte,Health Care,Biotechnology,97.87,109.28,53.56,97.32,97.22,100.17,97.43,90.62,86.35,77.67
IR,Ingersoll Rand,Industrials,Industrial Machinery & Supplies & Components,79.11,99.57,65.56,80.05,80.22,79.54,78.2,79.14,80.56,80.04
PODD,Insulet Corporation,Health Care,Health Care Equipment,294.37,354.88,230.05,291.98,294.41,307.59,316.82,319.25,314.52,301.56
INTC,Intel,Information Technology,Semiconductors,36.43,44.02,17.67,37.02,38.76,38.62,38.05,32.22,30.29,26.87
ICE,Intercontinental Exchange,Financials,Financial Exchanges & Data,160.41,188.26,140.7,160.99,159.89,157.56,154.69,164.56,167.8,168.59
IFF,International Flavors & Fragrances,Materials,Specialty Chemicals,65.58,86.61,59.14,64.64,64.89,66.41,64.78,64.71,66.75,70.06
IP,International Paper,Materials,Paper & Plastic Packaging Products & Materials,38.73,57.79,35.35,38.63,38.65,38.54,40.48,43.53,44.8,45.67
IPG,Interpublic Group of Companies (The),Communication Services,Advertising,24.57,31.81,21.93,25.12,25.04,25.18,26.03,25.78,25.34,25.2
INTU,Intuit,Information Technology,Application Software,660.78,812.22,530.03,666.33,664.28,653.67,657.47,677.2,695.06,677.49
ISRG,Intuitive Surgical,Health Care,Health Care Equipment,562.62,616.0,425.0,555.18,557.95,563.09,536.03,498.54,502.73,507.88
IVZ,Invesco,Financials,Asset Management & Custody Banks,26.57,27.31,11.23,26.41,26.28,25.1,23.95,22.82,21.74,18.9
INVH,Invitation Homes,Real Estate,Single-Family Residential REITs,27.43,35.13,26.02,26.98,26.78,27.35,27.93,28.83,29.48,30.8
IQV,IQVIA,Health Care,Life Sciences Tools & Services,222.98,234.3,134.65,222.4,222.84,224.93,218.02,203.18,196.4,182.03
IRM,Iron Mountain,Real Estate,Other Specialized REITs,79.27,108.27,70.45,80.92,82.75,83.23,93.25,94.01,94.8,92.78
JBHT,J.B. Hunt,Industrials,Cargo Ground Transportation,197.09,204.43,121.7,197.02,193.88,183.18,170.29,155.11,153.77,148.73
JBL,Jabil,Information Technology,Electronic Manufacturing Services,217.36,237.05,108.52,217.96,222.76,214.53,211.01,212.77,214.39,191.3
JKHY,Jack Henry & Associates,Financials,Transaction & Payment Processing Services,184.79,194.03,143.64,186.92,184.27,177.91,164.77,161.62,164.82,169.0
J,Jacobs Solutions,Industrials,Construction & Engineering,132.2,168.03,104.43,134.16,136.43,135.42,147.72,147.3,144.74,136.04
JNJ,Johnson & Johnson,Health Care,Pharmaceuticals,208.96,215.19,136.5,210.87,207.44,206.16,196.66,186.19,180.42,170.2
JCI,Johnson Controls,Industrials,Building Products,117.77,123.78,67.78,117.59,116.29,115.49,114.45,110.61,109.85,101.62
JPM,JPMorgan Chase,Financials,Diversified Banks,313.12,322.88,200.22,316.44,314.04,310.18,307.46,303.65,300.6,280.33
K,Kellanova,Consumer Staples,Packaged Foods & Meats,83.44,83.49,75.95,83.32,83.2,83.01,82.65,80.64,80.17,80.35
KVUE,Kenvue,Consumer Staples,Personal Care Products,17.17,24.41,13.85,17.25,17.16,17.04,16.18,17.63,18.32,19.85
KDP,Keurig Dr Pepper,Consumer Staples,Soft Drinks & Non-alcoholic Beverages,28.16,35.62,25.03,28.71,28.93,28.37,27.6,28.57,29.48,30.88
KEY,KeyCorp,Financials,Regional Banks,20.99,21.11,12.29,20.7,20.18,19.07,18.06,18.17,18.06,16.91
KEYS,Keysight Technologies,Information Technology,Electronic Equipment & Instruments,199.1,214.58,121.43,203.76,207.63,200.03,183.99,176.14,173.79,165.58
KMB,Kimberly-Clark,Consumer Staples,Household Products,102.02,145.82,98.03,102.69,102.77,103.95,108.2,117.21,119.01,124.34
KIM,Kimco Realty,Real Estate,Retail REITs,20.32,23.89,17.3,20.3,20.14,20.13,20.57,20.97,20.96,20.63
KMI,Kinder Morgan,Energy,Oil & Gas Storage & Transportation,26.37,30.15,23.17,26.56,26.86,26.95,26.75,26.87,26.97,26.85
KKR,KKR & Co.,Financials,Asset Management & Custody Banks,132.6,169.44,85.77,133.91,134.93,128.2,123.21,131.3,133.08,126.41
KLAC,KLA Corporation,Information Technology,Semiconductor Materials & Equipment,1225.18,1282.32,547.89,1218.37,1220.35,1187.32,1163.41,1058.96,1028.84,914.71
KHC,Kraft Heinz,Consumer Staples,Packaged Foods & Meats,24.86,31.87,23.33,24.65,24.51,24.75,24.62,25.43,25.62,26.26
KR,Kroger,Consumer Staples,Food Retail,62.95,74.13,56.96,62.94,62.72,64.39,65.52,66.85,67.6,67.44
LHX,L3Harris,Industrials,Aerospace & Defense,283.29,306.84,189.46,284.07,283.37,280.34,286.04,282.6,277.57,256.54
LH,Labcorp,Health Care,Health Care Services,252.37,292.94,207.68,258.87,259.42,262.5,265.86,269.42,266.46,256.26
LRCX,Lam Research,Information Technology,Semiconductor Materials & Equipment,165.46,169.69,55.98,161.7,163.27,157.81,153.58,133.19,126.24,107.76
LW,Lamb Weston,Consumer Staples,Packaged Foods & Meats,59.71,81.0,46.97,59.62,59.4,59.01,60.89,58.44,57.21,55.44
LVS,Las Vegas Sands,Consumer Discretionary,Casinos & Gaming,66.89,70.45,29.72,66.59,66.54,66.71,61.42,57.51,55.59,49.36
LDOS,Leidos,Industrials,Diversified Support Services,181.37,205.3,122.37,184.03,185.42,186.91,189.07,184.87,179.93,166.23
LEN,Lennar,Consumer Discretionary,Homebuilding,108.36,146.08,97.13,115.45,117.83,122.71,122.65,125.42,122.73,117.81
LII,Lennox International,Industrials,Building Products,495.81,687.72,443.19,497.34,501.28,489.35,497.32,531.82,546.15,551.48
LLY,Lilly (Eli),Health Care,Pharmaceuticals,1062.56,1111.99,621.5,1049.67,1024.15,1042.82,950.82,844.36,831.7,814.87
LIN,Linde plc,Materials,Industrial Gases,420.2,483.05,387.78,419.86,407.46,407.32,422.93,447.4,450.97,451.47
LYV,Live Nation Entertainment,Communication Services,Movies & Entertainment,139.33,175.25,112.88,139.73,139.58,135.42,142.32,151.84,151.25,144.67
LKQ,LKQ Corporation,Consumer Discretionary,Distributors,29.82,43.32,28.13,30.28,29.91,29.62,29.89,30.26,31.44,34.48
LMT,Lockheed Martin,Industrials,Aerospace & Defense,470.57,512.11,404.07,477.42,471.44,460.72,471.74,463.81,460.42,459.09
L,Loews Corporation,Financials,Multi-line Insurance,106.08,109.06,78.83,105.16,103.99,105.26,102.82,99.71,97.98,94.0
LOW,Lowe's,Consumer Discretionary,Home Improvement Retail,248.56,273.63,203.22,247.81,246.93,243.28,239.12,245.88,241.08,234.04
LULU,Lululemon Athletica,Consumer Discretionary,"Apparel, Accessories & Luxury Goods",215.85,423.32,159.25,208.34,197.17,187.43,177.12,181.28,191.22,228.25
LYB,LyondellBasell,Materials,Specialty Chemicals,43.17,72.64,40.42,43.53,43.64,44.53,44.26,47.56,49.86,52.74
MTB,M&T Bank,Financials,Regional Banks,203.74,208.09,147.35,204.88,201.33,194.67,187.22,190.11,190.8,183.6
MPC,Marathon Petroleum,Energy,Oil & Gas Refining & Marketing,167.74,201.29,113.25,178.06,183.96,187.61,189.29,183.02,180.8,167.47
MKTX,MarketAxess,Financials,Financial Exchanges & Data,181.46,232.76,155.48,180.2,175.95,169.22,168.51,176.23,183.8,195.82
MAR,Marriott International,Consumer Discretionary,"Hotels, Resorts & Cruise Lines",307.15,311.69,203.87,305.63,297.53,298.08,282.45,273.41,273.45,263.44
MMC,Marsh McLennan,Financials,Insurance Brokers,186.14,245.83,174.18,186.09,183.93,182.76,185.57,193.8,197.36,208.33
MLM,Martin Marietta Materials,Materials,Construction Materials,628.59,664.29,440.13,627.84,625.33,618.74,618.08,614.8,603.69,569.81
MAS,Masco,Industrials,Building Products,65.21,80.67,55.74,64.79,63.89,63.68,64.29,67.89,67.36,66.11
MA,Mastercard,Financials,Transaction & Payment Processing Services,567.87,600.98,463.61,568.08,556.62,550.01,554.05,566.78,565.0,558.51
MTCH,Match Group,Communication Services,Interactive Media & Services,32.67,38.99,26.09,32.64,33.29,33.19,32.76,34.57,34.12,32.49
MKC,McCormick & Company,Consumer Staples,Packaged Foods & Meats,68.82,84.63,62.64,68.03,65.83,66.27,65.88,67.12,68.22,70.92
MCD,McDonald's,Consumer Discretionary,Restaurants,320.77,321.76,270.23,317.88,314.15,310.2,305.21,304.48,302.06,302.95
MCK,McKesson Corporation,Health Care,Health Care Distributors,811.28,894.75,555.78,812.92,809.48,831.79,821.91,763.24,753.65,730.12
MDT,Medtronic,Health Care,Health Care Equipment,98.72,106.33,76.99,98.64,99.59,101.24,97.16,94.94,93.66,90.33
MRK,Merck & Co.,Health Care,Pharmaceuticals,101.25,104.94,71.26,99.68,98.64,99.6,91.97,86.93,85.61,83.62
META,Meta Platforms,Communication Services,Interactive Media & Services,665.04,795.06,478.72,652.58,656.02,642.92,662.21,707.12,708.71,670.09
MET,MetLife,Financials,Life & Health Insurance,81.69,85.61,63.78,82.27,80.38,78.07,78.35,78.47,78.27,77.64
MTD,Mettler Toledo,Health Care,Life Sciences Tools & Services,1394.1,1525.17,946.69,1399.86,1399.56,1427.07,1402.64,1338.24,1311.9,1247.17
MGM,MGM Resorts,Consumer Discretionary,Casinos & Gaming,36.9,41.32,25.3,36.95,36.46,35.1,33.34,34.69,35.12,33.77
MCHP,Microchip Technology,Information Technology,Semiconductors,64.57,75.98,33.33,65.76,66.58,60.63,60.31,62.54,64.29,59.8
MU,Micron Technology,Information Technology,Semiconductors,252.22,264.75,61.44,237.78,244.76,235.62,225.97,182.7,169.9,140.45
MSFT,Microsoft,Information Technology,Systems Software,485.45,553.5,342.95,478.26,481.95,481.7,500.45,506.48,505.35,472.19
MAA,Mid-America Apartment Communities,Real Estate,Multi-Family Residential REITs,137.1,168.08,125.75,134.44,133.02,133.62,132.06,135.77,138.12,144.3
MRNA,Moderna,Health Care,Biotechnology,31.4,48.92,22.28,30.24,29.37,26.93,26.32,26.23,27.24,27.51
MHK,Mohawk Industries,Consumer Discretionary,Home Furnishings,109.38,143.13,96.24,110.57,110.32,111.47,114.34,121.44,119.37,114.66
MOH,Molina Healthcare,Health Care,Managed Health Care,163.25,359.97,133.4,163.97,159.52,151.9,160.57,167.94,180.54,231.61
TAP,Molson Coors Beverage Company,Consumer Staples,Brewers,47.75,62.82,42.5,47.78,46.98,46.38,45.68,46.82,47.17,50.17
MDLZ,Mondelez International,Consumer Staples,Packaged Foods & Meats,54.69,70.58,52.78,54.11,54.4,55.44,57.66,59.93,61.54,62.96
MPWR,Monolithic Power Systems,Information Technology,Semiconductors,935.72,1123.38,437.16,939.05,956.56,937.05,969.01,912.93,876.35,779.92
MNST,Monster Beverage,Consumer Staples,Soft Drinks & Non-alcoholic Beverages,75.47,76.28,45.7,74.5,74.09,74.01,71.12,67.42,66.11,63.75
MCO,Moody's Corporation,Financials,Financial Exchanges & Data,498.75,527.9,376.55,492.76,490.32,486.89,483.59,492.43,493.35,480.12
MS,Morgan Stanley,Financials,Investment Banking & Brokerage,173.45,181.98,92.37,176.19,177.31,172.1,165.69,157.86,154.22,140.85
MOS,Mosaic Company (The),Materials,Fertilizers & Agricultural Chemicals,24.06,37.63,21.79,24.52,24.26,24.14,26.24,29.72,30.94,30.53
MSI,Motorola Solutions,Information Technology,Communications Equipment,373.05,489.48,359.36,367.94,368.95,369.41,398.08,429.41,427.23,423.07
MSCI,MSCI Inc.,Financials,Financial Exchanges & Data,564.3,627.03,482.16,556.22,548.13,552.13,556.86,559.38,560.49,556.28
NDAQ,"Nasdaq, Inc.",Financials,Financial Exchanges & Data,94.79,97.06,64.26,93.59,92.44,90.57,88.67,90.58,90.38,85.52
NTAP,NetApp,Information Technology,"Technology Hardware, Storage & Peripherals",110.41,126.11,71.18,113.54,115.52,112.8,114.38,114.33,112.52,104.93
NFLX,Netflix,Communication Services,Movies & Entertainment,93.94,134.12,82.11,94.45,95.28,100.68,108.87,114.82,116.9,113.26
NEM,Newmont,Materials,Gold,99.72,102.13,36.25,99.01,96.17,92.15,88.56,81.92,77.43,67.47
NWSA,News Corp (Class A),Communication Services,Publishing,26.31,31.61,23.3,26.1,26.04,25.75,26.01,27.71,28.06,27.73
NWS,News Corp (Class B),Communication Services,Publishing,29.7,35.47,26.17,29.55,29.52,29.24,29.58,31.45,31.95,31.68
NEE,NextEra Energy,Utilities,Multi-Utilities,80.92,86.94,60.35,81.17,81.16,82.87,83.12,78.03,76.87,73.71
NKE,"Nike, Inc.",Consumer Discretionary,"Apparel, Accessories & Luxury Goods",66.2,80.55,51.34,66.85,66.05,64.93,64.94,69.19,69.77,66.57
NI,NiSource,Utilities,Multi-Utilities,41.51,44.58,34.39,41.49,41.52,42.19,42.69,42.21,41.75,40.54
NDSN,Nordson Corporation,Industrials,Industrial Machinery & Supplies & Components,238.4,250.6,163.26,236.52,236.01,234.91,233.26,227.01,224.89,214.66
NSC,Norfolk Southern,Industrials,Rail Transportation,292.1,300.79,198.48,295.4,294.2,291.68,287.24,284.71,280.61,262.06
NTRS,Northern Trust,Financials,Asset Management & Custody Banks,138.93,140.75,80.06,138.94,136.48,132.54,129.14,128.73,127.94,116.77
NOC,Northrop Grumman,Industrials,Aerospace & Defense,559.92,638.31,418.96,567.68,560.69,560.02,574.92,579.78,567.34,537.02
NCLH,Norwegian Cruise Line Holdings,Consumer Discretionary,"Hotels, Resorts & Cruise Lines",21.58,29.29,14.21,21.43,20.37,19.35,20.46,22.65,22.57,20.93
NRG,NRG Energy,Utilities,Independent Power Producers & Energy Traders,154.72,180.08,78.84,157.16,161.84,163.63,166.38,161.84,160.24,145.28
NUE,Nucor,Materials,Steel,158.09,168.07,96.79,161.63,161.6,159.65,149.68,145.25,143.78,133.98
NVDA,Nvidia,Information Technology,Semiconductors,174.8,212.18,86.6,174.95,179.24,179.69,185.89,182.33,178.76,157.2
NVR,"NVR, Inc.",Consumer Discretionary,Homebuilding,7571.75,8618.28,6562.85,7544.94,7503.5,7484.76,7433.41,7756.9,7719.54,7520.68
NXPI,NXP Semiconductors,Information Technology,Semiconductors,224.74,250.74,146.07,227.54,228.23,214.44,210.78,216.7,217.94,208.78
ORLY,O’Reilly Automotive,Consumer Discretionary,Automotive Retail,92.04,108.72,78.3,93.41,94.59,97.41,97.95,100.84,99.18,96.14
OXY,Occidental Petroleum,Energy,Oil & Gas Exploration & Production,39.78,52.05,34.2,40.12,40.82,41.2,41.3,43.23,43.28,42.97
ODFL,Old Dominion,Industrials,Cargo Ground Transportation,158.87,208.11,125.76,157.7,156.04,147.07,140.91,143.55,147.73,152.5
OMC,Omnicom Group,Communication Services,Advertising,81.97,88.7,67.76,81.17,77.33,74.9,75.59,75.85,75.2,74.98
ON,ON Semiconductor,Information Technology,Semiconductors,54.77,70.58,31.04,54.54,55.01,52.56,50.96,50.47,51.83,48.46
OKE,Oneok,Energy,Oil & Gas Storage & Transportation,71.66,105.47,64.02,72.45,73.59,72.97,69.91,71.46,72.98,77.03
ORCL,Oracle Corporation,Information Technology,Application Software,180.04,345.12,117.98,184.41,200.35,202.07,238.83,251.81,247.98,212.87
OTIS,Otis Worldwide,Industrials,Industrial Machinery & Supplies & Components,87.36,105.37,83.46,88.21,87.63,87.66,89.3,88.57,90.11,92.52
PCAR,Paccar,Industrials,Construction Machinery & Heavy Transportation Equipment,111.5,114.5,83.8,111.96,111.5,108.01,101.47,99.96,99.27,97.09
PKG,Packaging Corporation of America,Materials,Paper & Plastic Packaging Products & Materials,203.33,238.15,170.61,203.82,200.7,199.51,201.7,204.47,203.31,198.0
PLTR,Palantir Technologies,Information Technology,Application Software,186.25,207.52,63.4,183.62,183.86,175.07,179.78,175.09,169.19,146.37
PANW,Palo Alto Networks,Information Technology,Systems Software,185.68,223.61,144.15,186.76,190.63,189.34,202.98,197.11,197.43,192.14
PSKY,Paramount Skydance Corporation,Communication Services,Movies & Entertainment,13.15,20.86,9.92,13.57,13.93,14.72,15.57,15.65,15.08,13.77
PH,Parker Hannifin,Industrials,Industrial Machinery & Supplies & Components,869.07,908.35,484.88,875.02,878.61,865.91,814.44,780.03,765.81,711.75
PAYX,Paychex,Industrials,Human Resource & Employment Services,114.41,158.49,108.0,115.27,113.82,112.38,116.33,125.01,128.56,135.55
PAYC,Paycom,Industrials,Human Resource & Employment Services,164.87,266.71,156.14,164.81,164.63,163.38,176.52,198.08,204.33,214.43
PYPL,PayPal,Financials,Transaction & Payment Processing Services,59.56,93.03,55.72,60.69,61.05,61.2,64.96,66.76,68.33,68.23
PNR,Pentair,Industrials,Industrial Machinery & Supplies & Components,103.49,113.69,73.68,104.5,104.3,104.5,106.53,107.03,106.44,100.57
PEP,PepsiCo,Consumer Staples,Soft Drinks & Non-alcoholic Beverages,149.65,155.29,123.93,150.39,148.6,147.28,146.83,144.38,142.44,139.51
PFE,Pfizer,Health Care,Pharmaceuticals,25.09,27.21,19.83,25.59,25.67,25.51,24.89,24.62,24.51,23.87
PCG,PG&E Corporation,Utilities,Multi-Utilities,15.81,20.33,12.95,15.46,15.23,15.47,15.97,15.55,15.17,15.66
PM,Philip Morris International,Consumer Staples,Tobacco,157.01,183.57,113.18,157.13,153.28,153.86,153.86,158.4,161.51,162.31
PSX,Phillips 66,Energy,Oil & Gas Refining & Marketing,129.09,144.96,88.51,135.16,138.13,137.15,135.08,131.34,129.78,123.11
PNW,Pinnacle West Capital,Utilities,Multi-Utilities,88.13,93.67,78.26,88.21,87.68,88.51,89.37,89.01,88.99,89.24
PNC,PNC Financial Services,Financials,Diversified Banks,210.22,213.03,141.09,210.4,206.81,199.15,189.61,193.07,192.63,182.56
POOL,Pool Corporation,Consumer Discretionary,Distributors,236.5,368.69,229.63,237.62,238.03,239.35,259.72,286.71,289.58,296.06
PPG,PPG Industries,Materials,Specialty Chemicals,103.54,121.6,88.43,103.64,102.22,100.75,99.31,103.32,105.45,105.96
PPL,PPL Corporation,Utilities,Electric Utilities,34.71,37.96,30.24,34.26,33.88,34.7,35.88,35.9,35.58,35.01
PFG,Principal Financial Group,Financials,Life & Health Insurance,89.73,92.1,66.44,90.16,88.96,86.28,83.0,80.97,80.47,78.93
PG,Procter & Gamble,Consumer Staples,Personal Care Products,146.07,176.43,138.14,145.41,142.91,145.27,147.26,150.68,151.74,155.68
PGR,Progressive Corporation,Financials,Property & Casualty Insurance,224.95,292.65,199.9,231.05,228.09,227.7,223.39,234.22,237.76,251.94
PLD,Prologis,Real Estate,Industrial REITs,128.26,130.32,83.15,128.63,127.82,126.86,123.89,116.81,114.62,110.72
PRU,Prudential Financial,Financials,Life & Health Insurance,115.35,118.31,86.97,116.55,114.25,110.71,105.56,104.42,104.13,103.13
PEG,Public Service Enterprise Group,Utilities,Electric Utilities,80.54,89.82,72.92,79.97,79.33,80.17,81.16,81.89,81.99,80.78
PTC,PTC Inc.,Information Technology,Application Software,175.67,219.69,133.38,175.67,175.36,174.47,185.79,196.92,194.97,181.85
PSA,Public Storage,Real Estate,Self-Storage REITs,262.14,312.95,251.43,268.58,269.34,270.37,281.86,283.3,284.0,286.73
PHM,PulteGroup,Consumer Discretionary,Homebuilding,121.77,141.59,87.56,124.28,125.05,124.71,121.79,125.63,122.66,114.46
PWR,Quanta Services,Industrials,Construction & Engineering,421.54,473.99,226.97,435.41,448.58,448.61,442.56,416.67,410.88,369.5
QCOM,Qualcomm,Information Technology,Semiconductors,174.95,204.9,118.79,176.19,177.06,171.78,170.77,164.7,163.04,156.81
DGX,Quest Diagnostics,Health Care,Health Care Services,176.63,197.55,146.3,180.01,180.77,184.16,183.31,181.35,179.48,176.06
RL,Ralph Lauren Corporation,Consumer Discretionary,"Apparel, Accessories & Luxury Goods",370.35,379.49,175.49,368.94,363.98,358.52,339.07,321.22,313.65,285.39
RJF,Raymond James Financial,Financials,Investment Banking & Brokerage,161.14,177.15,116.85,162.17,163.26,159.25,160.52,164.01,162.72,154.68
RTX,RTX Corporation,Industrials,Aerospace & Defense,178.87,182.28,110.77,179.35,176.35,173.76,172.27,165.17,161.61,149.98
O,Realty Income,Real Estate,Retail REITs,56.91,60.33,48.85,57.58,57.46,57.27,57.59,57.76,57.4,56.34
REG,Regency Centers,Real Estate,Retail REITs,68.05,75.09,61.52,67.49,67.43,68.56,69.4,69.98,69.77,69.73
REGN,Regeneron Pharmaceuticals,Health Care,Biotechnology,747.97,790.98,475.17,748.71,730.67,741.54,670.02,620.88,605.54,598.89
RF,Regions Financial Corporation,Financials,Regional Banks,27.54,27.98,17.18,27.52,27.19,26.19,24.99,25.44,25.21,23.46
RSG,Republic Services,Industrials,Environmental & Facilities Services,213.62,257.43,197.66,213.77,212.88,214.63,214.69,222.49,226.41,232.5
RMD,ResMed,Health Care,Health Care Equipment,242.73,293.11,198.6,248.29,249.76,250.26,255.12,266.39,264.78,252.49
RVTY,Revvity,Health Care,Health Care Equipment,96.52,128.0,81.3,97.83,99.59,100.72,96.28,92.11,93.28,94.94
ROK,Rockwell Automation,Industrials,Electrical Components & Equipment,392.9,415.89,212.49,398.07,402.07,395.96,375.27,359.01,355.59,325.09
ROL,"Rollins, Inc.",Industrials,Environmental & Facilities Services,60.4,61.84,44.8,59.92,59.87,60.25,58.39,57.75,57.36,56.34
ROP,Roper Technologies,Information Technology,Electronic Equipment & Instruments,451.68,592.47,435.42,447.43,446.02,445.08,460.34,490.01,503.6,527.0
ROST,Ross Stores,Consumer Discretionary,Apparel Retail,182.75,185.85,121.41,182.85,181.15,177.84,165.98,156.67,151.58,145.67
RCL,Royal Caribbean Group,Consumer Discretionary,"Hotels, Resorts & Cruise Lines",287.77,365.38,163.05,284.05,271.87,267.31,277.59,303.07,308.56,277.99
SPGI,S&P Global,Financials,Financial Exchanges & Data,507.4,576.91,424.77,503.7,498.87,496.58,491.2,510.94,513.56,506.43
CRM,Salesforce,Information Technology,Application Software,257.94,365.3,221.96,257.56,259.55,246.07,246.95,246.0,250.07,257.14
SBAC,SBA Communications,Real Estate,Telecom Tower REITs,190.76,241.44,184.43,191.3,190.84,191.35,193.15,199.09,205.48,212.08
SLB,Schlumberger,Energy,Oil & Gas Equipment & Services,38.04,43.29,30.37,38.51,38.78,37.45,35.96,35.04,34.93,35.14
STX,Seagate Technology,Information Technology,"Technology Hardware, Storage & Peripherals",293.46,308.93,62.66,286.49,288.63,274.49,257.71,222.72,207.44,165.77
SRE,Sempra,Utilities,Multi-Utilities,87.49,95.03,60.49,87.95,88.28,89.92,90.91,86.72,84.41,79.5
NOW,ServiceNow,Information Technology,Systems Software,153.72,239.62,135.73,158.49,164.92,164.35,173.02,177.63,181.69,181.93
SHW,Sherwin-Williams,Materials,Specialty Chemicals,326.74,378.76,306.78,327.94,327.66,333.15,335.03,344.25,343.93,344.05
SPG,Simon Property Group,Real Estate,Retail REITs,185.63,187.08,131.37,183.71,181.91,181.63,178.93,176.4,173.0,165.91
SWKS,Skyworks Solutions,Information Technology,Semiconductors,64.84,91.61,46.48,65.84,67.33,66.34,69.54,71.57,71.85,69.21
SJM,J.M. Smucker Company (The),Consumer Staples,Packaged Foods & Meats,100.82,117.94,91.46,100.7,100.3,101.67,103.13,105.64,104.86,106.34
SW,Smurfit Westrock,Materials,Paper & Plastic Packaging Products & Materials,38.67,54.55,32.73,37.82,37.17,36.05,37.63,40.85,41.82,42.11
SNA,Snap-on,Industrials,Industrial Machinery & Supplies & Components,347.2,356.07,283.93,348.89,348.19,343.5,338.95,333.32,329.93,324.84
SOLV,Solventum,Health Care,Health Care Technology,80.78,88.2,60.7,81.24,81.9,83.14,76.38,74.57,74.61,73.47
SO,Southern Company,Utilities,Electric Utilities,87.14,100.02,77.85,86.06,85.65,87.37,91.13,91.87,91.78,90.31
LUV,Southwest Airlines,Industrials,Passenger Airlines,40.86,43.54,23.55,41.38,40.14,37.23,34.19,32.88,33.18,32.06
SWK,Stanley Black & Decker,Industrials,Industrial Machinery & Supplies & Components,73.3,87.08,52.01,73.57,73.7,71.43,68.76,70.82,70.47,68.84
SBUX,Starbucks,Consumer Discretionary,Restaurants,89.87,115.04,73.95,86.18,85.03,85.18,83.99,85.08,86.54,86.96
STT,State Street Corporation,Financials,Asset Management & Custody Banks,127.61,131.36,71.77,127.75,127.11,122.33,118.46,115.39,113.82,104.65
STLD,Steel Dynamics,Materials,Steel,175.48,176.62,102.41,171.86,169.54,166.44,157.74,144.67,141.93,135.92
STE,Steris,Health Care,Health Care Equipment,251.7,268.6,199.47,252.45,255.55,259.12,251.61,247.43,244.13,238.71
SYK,Stryker Corporation,Health Care,Health Care Equipment,353.25,403.95,327.71,353.38,354.05,361.37,365.46,372.96,376.85,374.45
SMCI,Supermicro,Information Technology,"Technology Hardware, Storage & Peripherals",29.58,66.44,25.71,30.96,32.88,32.96,41.34,44.18,45.47,42.69
SYF,Synchrony Financial,Financials,Consumer Finance,84.04,86.22,39.98,83.62,82.95,79.91,75.62,74.17,73.12,66.0
SNPS,Synopsys,Information Technology,Application Software,460.02,651.73,365.74,456.81,463.55,443.06,435.23,493.32,506.34,488.47
SYY,Sysco,Consumer Staples,Food Distributors,75.22,83.13,66.22,75.17,74.21,74.7,75.75,78.07,77.83,75.48
TMUS,T-Mobile US,Communication Services,Wireless Telecommunication Services,200.38,273.15,194.01,197.82,199.51,203.71,211.17,226.57,227.68,234.58
TROW,T. Rowe Price,Financials,Asset Management & Custody Banks,103.64,115.38,74.96,103.74,103.73,102.18,101.85,102.72,102.04,97.09
TTWO,Take-Two Interactive,Communication Services,Interactive Home Entertainment,246.37,264.79,177.35,243.68,245.58,243.94,248.08,243.78,242.32,233.89
TPR,"Tapestry, Inc.",Consumer Discretionary,"Apparel, Accessories & Luxury Goods",125.35,127.54,57.71,123.54,120.19,113.83,111.37,109.13,106.51,94.08
TRGP,Targa Resources,Energy,Oil & Gas Storage & Transportation,178.49,213.78,143.19,180.55,181.55,177.49,166.12,165.18,165.69,167.71
TGT,Target Corporation,Consumer Staples,Consumer Staples Merchandise Retail,99.68,138.95,83.44,98.12,96.11,92.41,91.17,92.44,94.05,94.64
TEL,TE Connectivity,Information Technology,Electronic Manufacturing Services,226.07,250.67,115.38,227.31,232.95,228.79,232.37,221.0,212.7,188.62
TDY,Teledyne Technologies,Information Technology,Electronic Equipment & Instruments,503.39,595.99,419.0,510.03,513.33,504.31,522.91,539.04,536.98,517.24
TER,Teradyne,Information Technology,Semiconductor Materials & Equipment,191.5,205.0,65.55,191.41,196.88,187.08,170.76,145.24,134.67,114.73
TSLA,"Tesla, Inc.",Consumer Discretionary,Automobile Manufacturers,487.93,495.28,214.25,475.87,461.74,442.92,438.89,404.9,387.42,350.04
TXN,Texas Instruments,Information Technology,Semiconductors,177.29,218.15,136.55,177.35,179.31,173.43,168.86,177.7,183.23,179.37
TPL,Texas Pacific Land Corporation,Energy,Oil & Gas Exploration & Production,896.94,1455.48,807.7,866.11,885.29,881.43,917.15,917.95,937.92,1059.39
TXT,Textron,Industrials,Aerospace & Defense,88.11,88.88,57.66,87.4,86.06,84.2,82.43,81.87,81.97,78.3
TMO,Thermo Fisher Scientific,Health Care,Life Sciences Tools & Services,561.86,608.82,384.82,568.47,569.7,577.1,566.45,525.7,506.57,482.06
TJX,TJX Companies,Consumer Discretionary,Apparel Retail,155.21,157.83,111.06,155.65,154.49,152.39,146.76,141.64,138.02,132.69
TKO,TKO Group Holdings,Communication Services,Movies & Entertainment,213.02,216.14,131.77,210.08,205.1,196.97,190.06,188.98,185.47,174.01
TTD,Trade Desk (The),Communication Services,Advertising,37.31,136.42,35.65,36.79,37.9,38.57,44.43,50.09,55.57,57.98
TSCO,Tractor Supply,Consumer Discretionary,Other Specialty Retail,52.29,63.47,46.26,52.67,52.78,53.25,54.01,56.4,56.28,54.31
TT,Trane Technologies,Industrials,Building Products,386.65,475.11,296.82,390.19,395.12,403.35,415.8,417.52,422.32,405.96
TDG,TransDigm Group,Industrials,Aerospace & Defense,1259.07,1519.36,1107.45,1275.6,1301.04,1324.25,1313.41,1314.67,1341.58,1325.48
TRV,Travelers Companies (The),Financials,Property & Casualty Insurance,293.55,295.68,226.54,290.07,284.82,286.64,278.71,274.93,271.6,267.06
TRMB,Trimble Inc.,Information Technology,Electronic Equipment & Instruments,79.83,87.5,52.91,79.93,81.22,80.76,79.55,80.57,80.43,75.41
TFC,Truist Financial,Financials,Diversified Banks,50.12,50.49,32.34,49.92,49.2,47.72,45.24,44.87,44.59,42.18
TYL,Tyler Technologies,Information Technology,Application Software,456.11,661.31,445.64,451.64,456.35,460.81,477.42,514.92,526.24,541.84
TSN,Tyson Foods,Consumer Staples,Packaged Foods & Meats,58.4,62.66,50.12,58.91,58.08,57.15,54.12,54.36,54.25,55.29
USB,U.S. Bancorp,Financials,Diversified Banks,53.94,54.4,34.43,53.66,52.97,51.0,48.53,47.86,47.44,45.02
UBER,Uber,Industrials,Passenger Ground Transportation,80.07,101.99,59.33,81.42,84.97,85.66,90.54,92.48,92.48,87.62
UDR,"UDR, Inc.",Real Estate,Multi-Family Residential REITs,36.24,44.96,32.94,35.9,35.5,35.61,35.35,36.51,37.21,38.63
ULTA,Ulta Beauty,Consumer Discretionary,Other Specialty Retail,593.67,611.9,309.01,592.34,594.95,562.27,539.46,533.21,523.47,475.57
UNP,Union Pacific Corporation,Industrials,Rail Transportation,234.87,250.85,200.99,237.58,236.18,232.4,225.57,223.93,224.73,223.56
UAL,United Airlines Holdings,Industrials,Passenger Airlines,113.14,116.0,52.0,110.08,108.17,104.04,99.71,99.66,96.86,88.2
UPS,United Parcel Service,Industrials,Air Freight & Logistics,102.21,128.18,80.6,100.85,99.18,97.03,92.53,88.21,90.07,92.91
URI,United Rentals,Industrials,Trading Companies & Distributors,802.09,1019.33,522.49,811.52,805.08,804.2,864.86,896.2,875.33,790.21
UNH,UnitedHealth Group,Health Care,Managed Health Care,327.55,594.32,231.57,335.26,331.73,327.64,336.25,322.82,316.77,350.92
UHS,Universal Health Services,Health Care,Health Care Facilities,224.77,246.13,152.04,224.15,225.68,230.87,221.61,203.13,197.35,190.61
VLO,Valero Energy,Energy,Oil & Gas Refining & Marketing,161.75,184.46,96.76,164.74,169.46,172.48,170.32,160.77,156.96,144.12
VTR,Ventas,Real Estate,Health Care REITs,80.12,81.89,55.47,78.65,79.31,79.57,75.39,71.64,70.11,68.2
VLTO,Veralto,Industrials,Environmental & Facilities Services,100.88,109.99,83.69,99.85,99.59,100.23,100.53,103.56,103.27,100.66
VRSN,Verisign,Information Technology,Internet Services & Infrastructure,245.15,308.75,189.47,243.29,245.05,248.03,249.77,262.21,266.79,264.47
VRSK,Verisk Analytics,Industrials,Research & Consulting Services,219.24,321.24,196.59,218.19,217.57,220.17,223.45,241.53,253.51,270.38
VZ,Verizon,Communication Services,Integrated Telecommunication Services,40.51,45.09,35.79,40.77,40.71,40.76,40.36,41.58,41.55,41.69
VRTX,Vertex Pharmaceuticals,Health Care,Biotechnology,448.07,519.68,362.5,450.84,449.07,440.12,428.73,413.53,423.06,441.47
VTRS,Viatris,Health Care,Pharmaceuticals,12.02,12.12,6.6,11.7,11.49,11.04,10.57,10.2,9.95,9.34
VICI,Vici Properties,Real Estate,Hotel & Resort REITs,28.18,33.01,26.43,28.16,27.79,27.97,29.21,30.6,30.88,30.73
V,Visa Inc.,Financials,Transaction & Payment Processing Services,347.04,374.11,297.39,346.25,338.72,334.39,337.38,340.13,342.32,343.24
VST,Vistra Corp.,Utilities,Electric Utilities,165.36,219.82,90.3,167.43,167.5,170.65,182.97,191.92,191.85,171.92
VMC,Vulcan Materials Company,Materials,Construction Materials,288.7,311.21,213.97,292.41,293.42,291.94,292.44,292.0,286.54,272.73
WRB,W. R. Berkley Corporation,Financials,Property & Casualty Insurance,69.48,78.96,55.38,69.12,68.43,72.23,74.02,73.21,72.58,71.25
GWW,W. W. Grainger,Industrials,Industrial Machinery & Supplies & Components,1020.06,1129.04,887.81,1022.86,1003.55,976.22,961.81,971.03,983.91,997.46
WAB,Wabtec,Industrials,Construction Machinery & Heavy Transportation Equipment,213.95,219.63,151.24,214.58,213.93,209.32,203.78,198.08,200.19,195.58
WMT,Walmart,Consumer Staples,Consumer Staples Merchandise Retail,115.1,117.45,79.27,115.93,115.09,112.25,107.01,103.93,102.39,98.7
DIS,Walt Disney Company (The),Communication Services,Movies & Entertainment,112.14,123.85,79.22,111.15,109.23,106.41,108.65,111.78,113.53,108.74
WBD,Warner Bros. Discovery,Communication Services,Broadcasting,27.5,30.0,7.52,28.86,28.49,26.11,23.05,18.92,17.54,14.54
WM,Waste Management,Industrials,Environmental & Facilities Services,218.7,239.91,193.36,218.26,214.56,214.74,210.68,216.44,218.36,222.13
WAT,Waters Corporation,Health Care,Life Sciences Tools & Services,377.28,423.56,275.05,382.11,387.65,392.1,369.67,333.66,332.06,339.21
WEC,WEC Energy Group,Utilities,Electric Utilities,105.46,117.25,88.91,104.77,104.61,107.27,110.76,109.74,108.64,107.02
WFC,Wells Fargo,Financials,Diversified Banks,91.67,94.26,57.46,92.42,91.42,88.61,86.18,83.17,82.66,78.06
WELL,Welltower,Real Estate,Health Care REITs,187.59,209.05,120.99,188.87,192.14,197.66,187.88,177.8,173.24,163.54
WST,West Pharmaceutical Services,Health Care,Health Care Supplies,269.38,347.77,186.94,269.87,271.35,272.04,273.58,262.25,255.06,240.61
WDC,Western Digital,Information Technology,"Technology Hardware, Storage & Peripherals",177.07,188.77,28.72,173.26,174.36,164.47,150.34,121.61,110.5,86.04
WY,Weyerhaeuser,Real Estate,Timber REITs,23.74,30.64,20.96,23.5,22.98,22.37,22.68,23.84,24.18,25.0
WSM,"Williams-Sonoma, Inc.",Consumer Discretionary,Homefurnishing Retail,189.69,217.31,128.49,187.12,183.86,180.85,186.57,191.98,187.51,176.75
WMB,Williams Companies,Energy,Oil & Gas Storage & Transportation,58.78,65.01,50.16,59.05,60.04,60.04,59.76,59.22,58.99,58.29
WTW,Willis Towers Watson,Financials,Insurance Brokers,329.75,352.79,291.3,329.14,324.4,321.23,324.51,328.06,323.54,320.07
WDAY,"Workday, Inc.",Information Technology,Application Software,218.59,283.68,205.33,218.02,220.01,219.56,227.83,228.96,230.3,235.71
WYNN,Wynn Resorts,Consumer Discretionary,Casinos & Gaming,125.89,134.72,64.8,125.46,125.26,126.06,123.18,121.16,117.93,105.2
XEL,Xcel Energy,Utilities,Multi-Utilities,73.58,83.01,61.07,74.27,74.93,77.37,79.43,76.71,75.15,72.59
XYL,Xylem Inc.,Industrials,Industrial Machinery & Supplies & Components,136.9,153.83,99.59,137.35,137.95,139.12,143.87,143.04,140.46,132.81
YUM,Yum! Brands,Consumer Discretionary,Restaurants,154.66,160.96,119.81,152.74,148.62,149.41,146.62,146.37,146.39,146.49
ZBRA,Zebra Technologies,Information Technology,Electronic Equipment & Instruments,253.11,427.76,205.73,261.48,263.62,254.77,267.61,291.17,297.12,287.94
ZBH,Zimmer Biomet,Health Care,Health Care Equipment,90.56,113.87,85.33,91.58,92.35,93.09,95.19,97.89,97.06,98.11
ZTS,Zoetis,Health Care,Pharmaceuticals,123.78,175.6,115.25,121.78,119.72,121.82,129.4,139.08,142.0,148.28
