Symbol,Company,GICS_Sector,GICS_Sub_Industry,Current_Price,High_52_Week,Low_52_Week,SMA5,SMA10,SMA20,SMA50,SMA200,Score,Target_Pcnt,Target_Price,Stop_Loss
MMM,3M,Industrials,Industrial Conglomerates,152.81,159.47,122.31,154.12,155.09,155.08,153.48,145.39,0.0,3.83,158.66,151.48
AOS,A. O. Smith,Industrials,Building Products,72.45,88.84,59.04,72.05,72.64,72.52,71.88,67.8,0.2,2.9,74.55,70.5
ABT,Abbott Laboratories,Health Care,Health Care Equipment,133.55,138.95,110.09,134.65,134.21,133.2,130.96,128.1,-0.2,2.26,136.57,129.84
ABBV,AbbVie,Health Care,Biotechnology,220.61,222.61,160.57,220.87,220.35,216.68,205.86,190.75,0.0,2.39,225.88,207.48
ACN,Accenture,Information Technology,IT Consulting & Other Services,238.97,394.31,232.56,237.22,238.13,244.64,253.91,307.99,-0.2,9.2,260.96,228.33
ADBE,Adobe Inc.,Information Technology,Application Software,360.37,552.96,333.65,358.73,358.89,354.79,355.43,396.89,-0.2,2.23,368.41,341.19
AMD,Advanced Micro Devices,Information Technology,Semiconductors,159.46,184.42,78.21,160.46,159.84,158.97,165.37,127.14,0.0,3.73,165.41,152.54
AES,AES Corporation,Utilities,Independent Power Producers & Energy Traders,13.24,19.11,9.5,13.18,13.01,13.0,13.14,11.6,-0.2,2.11,13.52,12.47
AFL,Aflac,Financials,Life & Health Insurance,111.36,112.86,97.56,109.16,108.71,107.97,105.09,104.21,0.4,-0.65,110.64,105.31
A,Agilent Technologies,Health Care,Life Sciences Tools & Services,123.39,151.96,99.08,124.39,125.54,125.86,120.88,122.83,-0.1,4.86,129.39,122.33
APD,Air Products,Materials,Industrial Gases,266.78,333.89,247.03,273.78,281.66,286.25,289.89,289.22,0.0,13.67,303.25,269.25
ABNB,Airbnb,Consumer Discretionary,"Hotels, Resorts & Cruise Lines",123.7,161.42,105.69,123.49,123.52,124.24,127.87,130.33,0.0,4.05,128.71,119.77
AKAM,Akamai Technologies,Information Technology,Internet Services & Infrastructure,76.05,106.67,68.21,75.92,76.17,77.05,76.73,82.69,0.1,4.35,79.36,74.73
ALB,Albemarle Corporation,Materials,Specialty Chemicals,88.1,108.94,50.16,83.0,81.99,80.02,78.28,73.32,0.2,-0.68,87.5,72.54
ARE,Alexandria Real Estate Equities,Real Estate,Office REITs,83.85,117.44,66.61,85.35,85.69,84.61,80.62,83.57,0.1,4.89,87.95,81.28
ALGN,Align Technology,Health Care,Health Care Supplies,126.19,254.81,124.88,127.89,129.57,132.71,148.27,180.24,0.0,11.76,141.03,124.39
ALLE,Allegion,Industrials,Building Products,175.01,179.33,118.08,175.71,176.65,174.02,168.64,142.6,0.2,3.49,181.12,166.92
LNT,Alliant Energy,Utilities,Electric Utilities,66.07,66.97,54.87,65.16,64.6,64.56,64.94,61.36,0.0,-0.48,65.75,63.36
ALL,Allstate,Financials,Property & Casualty Insurance,212.76,212.76,177.81,209.24,204.83,203.64,202.38,196.48,0.2,-0.05,212.65,194.64
GOOGL,Alphabet Inc. (Class A),Communication Services,Interactive Media & Services,246.54,254.72,144.4,248.73,250.27,240.9,215.25,184.69,0.2,7.5,265.03,216.77
GOOG,Alphabet Inc. (Class C),Communication Services,Interactive Media & Services,247.18,255.24,146.27,249.36,250.74,241.33,215.93,186.05,0.2,7.37,265.4,217.26
MO,Altria,Consumer Staples,Tobacco,65.71,66.6,45.73,64.94,64.87,65.17,63.56,56.64,-0.2,0.94,66.33,64.01
AMZN,Amazon,Consumer Discretionary,Broadline Retail,219.78,242.06,167.32,221.3,226.63,228.86,227.38,214.75,0.2,9.17,239.93,217.78
AMCR,Amcor,Materials,Paper & Plastic Packaging Products & Materials,8.05,10.94,7.97,8.07,8.19,8.26,8.84,9.27,0.0,6.34,8.56,7.96
AEE,Ameren,Utilities,Multi-Utilities,102.1,102.53,83.35,100.75,99.95,99.79,100.03,95.77,0.0,-0.44,101.65,97.93
AEP,American Electric Power,Utilities,Electric Utilities,109.14,114.06,87.97,108.21,107.8,108.42,110.2,102.63,-0.2,1.46,110.73,106.1
AXP,American Express,Financials,Consumer Finance,341.68,341.68,230.81,340.96,337.79,332.43,316.91,297.33,0.2,1.38,346.4,318.48
AIG,American International Group,Financials,Multi-line Insurance,77.98,86.75,68.89,77.24,77.09,78.19,78.99,78.89,-0.2,4.15,81.22,75.16
AMT,American Tower,Real Estate,Telecom Tower REITs,194.27,232.35,170.7,193.68,193.92,195.34,205.76,203.92,-0.2,3.4,200.88,189.81
AWK,American Water Works,Utilities,Water Utilities,136.36,150.19,118.87,136.02,136.05,138.44,141.08,136.73,-0.2,5.51,143.87,133.0
AMP,Ameriprise Financial,Financials,Asset Management & Custody Banks,499.29,569.83,419.45,494.32,491.25,496.22,507.02,510.28,0.0,2.85,513.52,478.91
AME,Ametek,Industrials,Electrical Components & Equipment,186.38,196.08,150.9,186.41,187.17,187.17,184.4,179.09,0.0,2.47,190.98,183.36
AMGN,Amgen,Health Care,Biotechnology,272.98,321.88,252.22,279.24,277.96,279.98,287.81,283.87,0.0,6.31,290.21,269.76
APH,Amphenol,Information Technology,Electronic Components,122.6,125.4,58.9,123.43,121.97,117.73,111.66,85.21,0.2,4.8,128.48,106.98
ADI,Analog Devices,Information Technology,Semiconductors,247.56,254.62,163.21,247.56,246.75,247.09,239.03,219.44,-0.2,1.12,250.33,243.83
AON,Aon plc,Financials,Insurance Brokers,356.08,407.61,334.44,353.6,355.04,362.52,363.39,367.23,0.0,6.45,379.05,345.99
APA,APA Corporation,Energy,Oil & Gas Exploration & Production,24.69,25.74,13.62,24.21,24.0,23.45,21.37,19.85,0.2,1.3,25.01,21.88
APO,Apollo Global Management,Financials,Asset Management & Custody Banks,137.63,176.82,107.9,139.95,140.54,137.67,140.35,144.15,0.0,5.67,145.43,129.9
AAPL,Apple Inc.,Information Technology,"Technology Hardware, Storage & Peripherals",255.46,258.1,172.0,255.03,247.24,240.76,228.37,221.56,0.2,1.46,259.19,222.35
AMAT,Applied Materials,Information Technology,Semiconductor Materials & Equipment,203.92,211.69,126.23,201.27,190.88,176.57,177.28,168.19,-0.2,3.12,210.28,142.85
APTV,Aptiv,Consumer Discretionary,Automotive Parts & Equipment,86.22,86.22,47.92,85.37,84.63,82.86,76.09,66.19,-0.2,1.32,87.36,78.37
ACGL,Arch Capital Group,Financials,Property & Casualty Insurance,90.88,109.22,84.99,89.54,88.89,90.19,89.77,91.46,0.1,2.97,93.58,86.8
ADM,Archer Daniels Midland,Consumer Staples,Agricultural Products & Services,60.6,64.21,41.01,60.74,61.02,61.52,59.19,51.04,0.0,4.04,63.05,59.99
ANET,Arista Networks,Information Technology,Communications Equipment,142.5,153.04,64.37,143.54,144.44,143.16,133.75,105.87,0.0,6.6,151.9,134.43
AJG,Arthur J. Gallagher & Co.,Financials,Insurance Brokers,304.15,347.33,274.22,303.24,298.61,299.03,297.71,311.91,-0.1,1.16,307.68,290.39
AIZ,Assurant,Financials,Multi-line Insurance,215.62,225.29,178.36,214.1,211.26,212.16,204.98,202.13,0.2,1.1,217.99,206.33
T,AT&T,Communication Services,Integrated Telecommunication Services,28.31,29.62,20.53,28.53,28.93,29.13,28.56,26.41,0.2,5.86,29.97,28.28
ATO,Atmos Energy,Utilities,Gas Utilities,168.45,168.45,133.56,166.2,164.88,165.08,162.55,151.7,0.2,-0.09,168.3,161.87
ADSK,Autodesk,Information Technology,Application Software,322.88,326.79,238.84,323.16,322.04,321.87,305.11,291.66,0.0,1.64,328.18,315.57
ADP,Automatic Data Processing,Industrials,Human Resource & Employment Services,291.54,323.5,267.3,290.96,290.61,293.58,299.1,299.78,-0.2,3.34,301.28,285.87
AZO,AutoZone,Consumer Discretionary,Automotive Retail,4198.03,4354.54,2981.19,4150.4,4171.5,4209.94,4069.97,3681.21,-0.4,3.29,4336.15,4083.59
AVB,AvalonBay Communities,Real Estate,Multi-Family Residential REITs,194.86,232.03,182.72,193.32,193.09,193.46,193.07,204.74,-0.1,1.13,197.06,189.87
AVY,Avery Dennison,Materials,Paper & Plastic Packaging Products & Materials,160.75,217.94,157.86,161.64,163.36,165.44,169.94,176.67,0.0,6.41,171.05,159.82
AXON,Axon Enterprise,Industrials,Aerospace & Defense,708.84,870.97,393.25,734.5,747.68,743.94,758.78,672.35,0.0,11.1,787.52,700.36
BKR,Baker Hughes,Energy,Oil & Gas Equipment & Services,50.52,50.52,34.01,49.42,48.17,47.04,44.96,41.64,0.2,-0.51,50.26,43.83
BALL,Ball Corporation,Materials,"Metal, Glass & Plastic Containers",49.48,66.93,44.6,48.78,49.05,49.96,53.07,52.9,-0.2,5.34,52.12,47.8
BAC,Bank of America,Financials,Diversified Banks,52.21,52.25,34.0,51.88,51.64,50.91,48.82,44.62,0.2,0.86,52.66,49.15
BAX,Baxter International,Health Care,Health Care Equipment,21.98,38.04,21.61,22.38,22.95,23.55,24.36,29.15,-0.2,14.51,25.17,21.92
BDX,Becton Dickinson,Health Care,Health Care Equipment,184.6,245.13,163.27,184.86,185.92,187.82,187.24,199.96,-0.1,4.64,193.17,182.46
BRK-B,Berkshire Hathaway,Financials,Multi-Sector Holdings,500.03,539.8,442.29,495.98,493.81,495.88,485.24,489.76,-0.3,1.01,505.08,486.71
BBY,Best Buy,Consumer Discretionary,Computer & Electronics Retail,76.15,98.27,54.69,73.97,73.61,74.41,71.0,72.95,-0.1,1.59,77.36,71.46
TECH,Bio-Techne,Health Care,Life Sciences Tools & Services,51.85,79.5,46.59,51.9,52.06,52.65,53.71,58.29,0.0,6.17,55.05,50.25
BIIB,Biogen,Health Care,Biotechnology,137.37,194.67,113.38,138.14,140.89,141.21,135.83,135.48,0.0,8.04,148.41,134.01
BLK,BlackRock,Financials,Asset Management & Custody Banks,1156.45,1156.45,807.61,1139.94,1134.54,1122.25,1120.58,1007.71,0.2,-0.0,1156.45,1088.09
BX,Blackstone Inc.,Financials,Asset Management & Custody Banks,175.32,194.8,118.51,179.91,182.7,178.26,173.79,157.16,0.2,9.21,191.47,165.05
XYZ,"Block, Inc.",Financials,Transaction & Payment Processing Services,73.67,98.92,46.53,75.56,75.83,75.64,76.43,70.94,0.0,6.91,78.76,72.53
BK,BNY Mellon,Financials,Asset Management & Custody Banks,109.53,109.53,69.2,108.97,108.1,106.5,103.61,88.7,0.2,0.76,110.36,102.65
BA,Boeing,Industrials,Aerospace & Defense,221.26,237.38,136.59,215.66,215.5,222.19,226.43,194.31,0.0,7.76,238.43,205.94
BKNG,Booking Holdings,Consumer Discretionary,"Hotels, Resorts & Cruise Lines",5548.0,5805.92,4071.78,5523.1,5509.13,5520.25,5549.0,5145.44,0.0,1.26,5617.9,5422.79
BSX,Boston Scientific,Health Care,Health Care Equipment,98.18,108.14,83.08,97.82,98.25,102.26,103.77,100.93,-0.2,12.74,110.69,93.83
BMY,Bristol Myers Squibb,Health Care,Pharmaceuticals,44.12,61.62,43.31,44.32,45.1,46.09,46.64,50.98,0.0,10.04,48.55,43.63
AVGO,Broadcom,Information Technology,Semiconductors,334.53,368.94,145.7,337.53,344.52,337.5,312.9,242.31,0.2,13.46,379.56,295.43
BR,Broadridge Financial Solutions,Industrials,Data Processing & Outsourced Services,236.0,265.85,205.22,237.46,241.19,246.36,251.37,238.21,-0.2,9.69,258.87,233.85
BRO,Brown & Brown,Financials,Insurance Brokers,93.78,124.07,90.88,92.89,92.21,93.45,95.22,106.62,-0.2,3.15,96.73,90.18
BF-B,Brown–Forman,Consumer Staples,Distillers & Vintners,27.1,48.21,25.45,27.08,27.25,27.68,29.07,31.94,0.0,7.53,29.14,26.22
BLDR,Builders FirstSource,Industrials,Building Products,118.2,198.25,105.63,119.48,125.69,133.98,134.09,133.19,-0.2,30.8,154.61,113.36
BG,Bunge Global,Consumer Staples,Agricultural Products & Services,81.97,95.58,67.23,79.19,79.94,81.31,80.72,77.02,0.0,4.23,85.44,77.17
BXP,"BXP, Inc.",Real Estate,Office REITs,74.82,86.01,56.05,75.49,76.48,75.56,70.71,68.58,0.2,5.76,79.13,71.98
CHRW,C.H. Robinson,Industrials,Air Freight & Logistics,131.81,137.09,85.99,133.43,134.25,131.17,120.87,103.1,0.2,4.89,138.26,124.08
CDNS,Cadence Design Systems,Information Technology,Application Software,350.11,373.37,231.64,359.56,358.38,354.19,349.8,304.62,0.0,6.58,373.15,335.24
CZR,Caesars Entertainment,Consumer Discretionary,Casinos & Gaming,27.04,45.55,23.18,26.29,26.03,25.92,26.36,29.36,0.0,-0.22,26.98,24.85
CPT,Camden Property Trust,Real Estate,Multi-Family Residential REITs,107.0,123.69,104.05,107.29,107.37,108.85,109.16,113.4,0.0,5.02,112.37,105.33
CPB,Campbell's Company (The),Consumer Staples,Packaged Foods & Meats,32.08,47.58,30.28,33.0,33.14,33.17,32.67,35.57,-0.1,7.89,34.61,31.72
COF,Capital One,Financials,Consumer Finance,224.05,229.74,143.45,223.86,225.39,224.38,218.86,195.98,0.0,2.25,229.09,219.68
CAH,Cardinal Health,Health Care,Health Care Distributors,153.71,167.63,106.71,151.87,150.63,150.47,152.41,141.07,-0.4,0.47,154.43,146.49
KMX,CarMax,Consumer Discretionary,Automotive Retail,44.86,89.19,44.86,52.64,56.15,58.37,58.61,70.32,-0.2,50.42,67.48,49.27
CCL,Carnival,Consumer Discretionary,"Hotels, Resorts & Cruise Lines",30.62,32.49,16.43,30.58,30.85,31.23,30.49,25.19,0.0,5.42,32.28,30.19
CARR,Carrier Global,Industrials,Building Products,58.84,81.67,55.21,59.33,60.1,61.84,66.41,67.46,0.0,12.19,66.01,57.67
CAT,Caterpillar Inc.,Industrials,Construction Machinery & Heavy Transportation Equipment,465.76,472.1,271.63,468.53,460.34,441.18,430.83,370.02,0.2,3.92,484.02,398.33
CBOE,Cboe Global Markets,Financials,Financial Exchanges & Data,243.52,253.24,189.73,241.53,237.99,236.09,241.52,220.96,0.2,-0.06,243.37,228.81
CBRE,CBRE Group,Real Estate,Real Estate Services,158.0,165.9,113.94,159.42,161.97,162.24,157.95,138.55,-0.2,6.17,167.75,156.72
CDW,CDW Corporation,Information Technology,Technology Distributors,164.37,225.45,143.46,162.11,163.12,164.76,167.75,172.97,-0.2,4.14,171.17,158.34
COR,Cencora,Health Care,Health Care Distributors,307.0,308.36,217.68,301.07,295.67,296.08,292.81,273.26,0.0,0.26,307.8,284.37
CNC,Centene Corporation,Health Care,Managed Health Care,34.86,75.28,25.21,33.87,32.98,31.73,29.11,50.36,0.1,2.27,35.65,27.81
CNP,CenterPoint Energy,Utilities,Multi-Utilities,38.81,39.01,27.88,38.62,38.32,38.04,38.01,35.45,0.0,0.33,38.94,37.14
CF,CF Industries,Materials,Fertilizers & Agricultural Chemicals,92.13,101.88,67.67,89.25,87.0,86.26,87.43,85.31,0.0,-1.35,90.89,81.64
CRL,Charles River Laboratories,Health Care,Life Sciences Tools & Services,148.56,220.69,99.75,149.54,151.67,155.76,159.47,156.04,0.0,12.11,166.55,144.96
SCHW,Charles Schwab Corporation,Financials,Investment Banking & Brokerage,95.46,98.69,62.55,94.19,93.38,93.92,95.48,84.7,-0.2,1.89,97.26,90.59
CHTR,Charter Communications,Communication Services,Cable & Satellite,273.4,427.25,256.57,268.11,265.51,264.24,279.57,348.87,0.4,-0.9,270.94,257.55
CVX,Chevron Corporation,Energy,Integrated Oil & Gas,160.16,164.65,130.67,158.71,158.55,157.97,155.09,147.75,0.2,1.37,162.35,153.59
CMG,Chipotle Mexican Grill,Consumer Discretionary,Restaurants,40.08,66.16,38.58,39.75,39.55,39.95,42.71,51.13,-0.2,5.01,42.09,37.81
CB,Chubb Limited,Financials,Property & Casualty Insurance,280.69,301.45,256.04,277.23,275.29,276.66,273.82,278.98,-0.1,0.54,282.21,271.12
CHD,Church & Dwight,Consumer Staples,Household Products,86.7,112.48,85.84,86.65,89.05,91.55,92.95,99.76,-0.2,12.81,97.81,85.3
CI,Cigna,Health Care,Health Care Services,286.17,351.85,260.91,288.07,291.24,296.66,291.64,302.12,0.1,8.11,309.38,283.95
CINF,Cincinnati Financial,Financials,Property & Casualty Insurance,156.9,156.9,125.14,154.99,154.56,153.95,151.81,143.71,0.2,-0.03,156.85,151.06
CTAS,Cintas,Industrials,Diversified Support Services,204.24,227.2,181.05,201.9,200.81,202.69,212.86,207.93,-0.2,1.96,208.24,197.12
CSCO,Cisco,Information Technology,Communications Equipment,67.22,71.79,51.24,67.54,67.62,67.61,68.1,62.91,0.2,2.41,68.84,66.38
C,Citigroup,Financials,Diversified Banks,103.42,103.49,57.29,102.73,102.1,99.42,96.11,79.5,0.2,1.9,105.38,93.47
CFG,Citizens Financial Group,Financials,Regional Banks,53.38,53.64,33.59,53.02,52.7,52.28,50.12,43.95,0.0,0.77,53.79,50.77
CLX,Clorox,Consumer Staples,Household Products,124.39,165.31,116.82,122.1,122.93,123.24,123.25,136.78,-0.4,2.64,127.67,118.81
CME,CME Group,Financials,Financial Exchanges & Data,270.28,288.01,208.23,265.3,262.97,263.07,270.09,258.99,0.4,-0.38,269.25,256.89
CMS,CMS Energy,Utilities,Multi-Utilities,71.84,74.4,63.54,71.28,70.86,71.11,72.02,69.83,0.0,0.63,72.29,69.92
KO,Coca-Cola Company (The),Consumer Staples,Soft Drinks & Non-alcoholic Beverages,65.67,72.82,59.48,66.2,66.34,66.96,68.17,67.55,-0.2,4.46,68.6,65.32
CTSH,Cognizant,Information Technology,IT Consulting & Other Services,66.98,89.65,65.92,67.57,68.28,69.64,71.04,76.49,-0.2,9.23,73.16,66.12
COIN,Coinbase,Financials,Financial Exchanges & Data,312.59,419.78,151.47,318.61,325.41,317.69,330.61,273.26,0.0,9.75,343.07,292.3
CL,Colgate-Palmolive,Consumer Staples,Household Products,79.59,101.53,79.36,79.99,80.85,82.43,84.25,88.37,0.0,8.03,85.98,78.88
CMCSA,Comcast,Communication Services,Cable & Satellite,31.72,43.96,31.41,31.61,31.86,32.8,33.14,34.66,-0.2,9.77,34.82,30.79
CAG,Conagra Brands,Consumer Staples,Packaged Foods & Meats,18.18,30.87,18.08,18.26,18.51,18.86,18.96,22.59,-0.2,8.58,19.74,17.99
COP,ConocoPhillips,Energy,Oil & Gas Exploration & Production,98.48,111.14,81.29,95.28,94.25,94.4,94.38,93.71,0.0,0.57,99.04,89.76
ED,Consolidated Edison,Utilities,Multi-Utilities,99.62,111.42,85.77,98.39,97.36,97.43,100.05,99.29,0.2,-0.24,99.38,95.49
STZ,Constellation Brands,Consumer Staples,Distillers & Vintners,132.49,252.91,131.78,132.76,133.29,140.22,157.28,176.54,0.2,18.03,156.38,124.05
CEG,Constellation Energy,Utilities,Electric Utilities,331.26,354.46,170.52,336.1,330.87,320.21,324.27,280.29,-0.2,4.68,346.76,293.66
COO,Cooper Companies (The),Health Care,Health Care Supplies,67.55,110.34,64.32,67.66,66.86,67.22,70.24,80.15,-0.2,3.09,69.64,64.8
CPRT,Copart,Industrials,Diversified Support Services,44.87,63.84,44.87,45.16,45.79,47.22,47.07,53.65,-0.1,12.35,50.41,44.04
GLW,Corning Inc.,Information Technology,Electronic Components,79.35,81.0,38.69,79.71,79.13,75.45,67.6,52.83,-0.2,6.04,84.14,66.76
CPAY,Corpay,Financials,Transaction & Payment Processing Services,296.7,389.55,283.07,296.61,301.2,308.09,316.78,336.52,0.0,9.83,325.87,290.31
CTVA,Corteva,Materials,Fertilizers & Agricultural Chemicals,68.09,76.93,54.65,68.8,69.61,71.3,71.98,66.07,0.0,10.41,75.18,67.41
CSGP,CoStar Group,Real Estate,Real Estate Services,83.99,96.83,69.29,84.55,86.41,87.22,89.63,80.31,0.0,8.24,90.91,83.53
COST,Costco,Consumer Staples,Consumer Staples Merchandise Retail,915.95,1073.97,869.13,938.28,947.01,953.05,955.59,973.44,-0.2,7.02,980.25,925.87
CTRA,Coterra,Energy,Oil & Gas Exploration & Production,23.83,29.06,21.94,23.57,23.83,24.04,23.85,25.29,0.1,4.45,24.89,23.19
CRWD,CrowdStrike,Information Technology,Systems Software,481.42,514.1,275.15,481.62,474.85,448.75,444.84,418.17,0.2,5.99,510.26,387.22
CCI,Crown Castle,Real Estate,Telecom Tower REITs,95.31,112.8,81.15,94.33,94.01,94.44,100.02,96.15,-0.2,1.83,97.05,91.83
CSX,CSX Corporation,Industrials,Rail Transportation,34.01,36.37,26.47,33.78,33.3,32.86,34.13,31.82,0.2,0.29,34.11,31.61
CMI,Cummins,Industrials,Construction Machinery & Heavy Transportation Equipment,418.04,426.39,264.26,419.81,419.05,409.79,392.09,345.91,0.0,3.2,431.42,388.16
CVS,CVS Health,Health Care,Health Care Services,75.77,76.5,42.33,75.68,74.87,74.12,68.88,62.36,0.0,1.54,76.94,71.29
DHR,Danaher Corporation,Health Care,Life Sciences Tools & Services,184.84,276.83,174.36,186.48,189.29,193.6,199.07,205.53,-0.2,11.36,205.84,181.36
DRI,Darden Restaurants,Consumer Discretionary,Restaurants,188.12,224.21,152.57,186.7,194.19,202.28,204.22,198.53,0.0,19.45,224.71,179.87
DDOG,Datadog,Information Technology,Application Software,139.07,168.65,87.0,137.62,137.12,136.73,136.49,126.89,0.0,1.52,141.18,132.28
DVA,DaVita,Health Care,Health Care Services,130.8,177.35,127.69,131.73,130.81,133.11,136.2,145.85,0.0,6.13,138.82,127.39
DAY,Dayforce,Industrials,Human Resource & Employment Services,68.86,81.8,49.33,68.82,68.83,69.04,63.33,62.32,0.0,1.21,69.69,68.39
DECK,Deckers Brands,Consumer Discretionary,Footwear,105.77,223.11,95.32,109.62,113.33,116.35,110.85,133.16,-0.1,19.4,126.29,106.4
DE,Deere & Company,Industrials,Agricultural & Farm Machinery,463.99,529.8,385.39,468.07,469.3,472.08,490.06,478.34,0.0,3.59,480.65,463.48
DELL,Dell Technologies,Information Technology,"Technology Hardware, Storage & Peripherals",130.76,142.14,70.88,132.77,131.27,127.52,130.55,112.26,-0.2,4.17,136.21,118.84
DAL,Delta Air Lines,Industrials,Passenger Airlines,57.2,68.45,35.65,57.86,58.36,59.68,57.92,54.35,0.0,9.69,62.74,56.63
DVN,Devon Energy,Energy,Oil & Gas Exploration & Production,36.99,41.79,26.43,35.23,34.93,34.96,33.99,33.21,0.4,-1.08,36.59,33.32
DXCM,Dexcom,Health Care,Health Care Equipment,67.1,90.75,59.83,68.12,71.24,74.34,78.44,79.72,-0.2,24.08,83.26,65.43
FANG,Diamondback Energy,Energy,Oil & Gas Exploration & Production,148.25,194.36,117.58,143.93,141.34,141.21,142.21,146.43,-0.2,0.93,149.63,132.79
DLR,Digital Realty,Real Estate,Data Center REITs,171.46,190.11,134.22,172.73,172.71,169.04,169.83,164.72,0.2,4.73,179.57,158.51
DG,Dollar General,Consumer Staples,Consumer Staples Merchandise Retail,102.12,116.32,67.66,103.0,103.89,105.75,108.99,93.11,-0.2,8.74,111.05,100.45
DLTR,Dollar Tree,Consumer Staples,Consumer Staples Merchandise Retail,95.06,117.16,61.21,94.82,95.82,98.67,107.86,87.3,-0.2,13.2,107.61,89.73
D,Dominion Energy,Utilities,Multi-Utilities,60.33,61.39,48.51,60.39,60.11,59.48,59.47,55.08,0.0,1.64,61.32,57.65
DPZ,Domino's,Consumer Discretionary,Restaurants,435.75,493.69,397.61,426.53,432.2,445.36,451.56,453.94,-0.2,9.11,475.45,415.27
DASH,DoorDash,Consumer Discretionary,Specialized Consumer Services,262.47,270.99,141.93,262.76,262.76,257.21,252.61,209.92,0.0,3.4,271.39,243.01
DOV,Dover Corporation,Industrials,Industrial Machinery & Supplies & Components,167.99,204.71,150.28,168.04,170.03,173.26,177.52,181.98,0.0,7.73,180.98,165.54
DOW,Dow Inc.,Materials,Commodity Chemicals,22.96,51.44,20.57,22.86,23.51,23.92,23.89,30.42,0.1,10.58,25.39,22.46
DHI,D. R. Horton,Consumer Discretionary,Homebuilding,167.2,192.41,114.44,166.03,168.18,172.46,162.25,138.1,0.2,9.94,183.82,161.1
DTE,DTE Energy,Utilities,Multi-Utilities,139.31,140.36,113.22,137.97,136.62,135.76,136.99,130.03,0.0,-0.34,138.84,132.69
DUK,Duke Energy,Utilities,Electric Utilities,123.02,124.85,102.96,122.73,121.88,121.61,121.78,115.44,-0.2,0.46,123.59,119.62
DD,DuPont,Materials,Specialty Chemicals,76.18,87.69,54.51,76.45,76.95,76.93,74.95,72.7,0.2,3.54,78.88,74.98
EMN,Eastman Chemical Company,Materials,Specialty Chemicals,62.71,109.24,58.06,63.29,64.52,65.92,67.14,80.09,0.0,11.55,69.95,61.89
ETN,Eaton Corporation,Industrials,Electrical Components & Equipment,365.58,391.62,244.95,369.87,370.52,361.21,363.71,327.55,0.0,4.94,383.64,338.78
EBAY,eBay Inc.,Consumer Discretionary,Broadline Retail,91.14,100.46,56.61,91.85,90.91,91.28,91.02,73.99,-0.2,3.02,93.89,88.66
ECL,Ecolab,Materials,Specialty Chemicals,271.0,284.78,224.56,267.63,266.78,269.87,271.57,256.75,-0.2,2.37,277.42,262.33
EIX,Edison International,Utilities,Electric Utilities,55.01,84.75,47.56,54.74,55.15,55.2,54.53,56.28,-0.1,3.07,56.7,53.7
EW,Edwards Lifesciences,Health Care,Health Care Equipment,76.25,81.83,64.54,74.9,74.98,77.5,78.4,74.74,-0.4,8.88,83.02,71.97
EA,Electronic Arts,Communication Services,Interactive Home Entertainment,193.35,193.35,116.08,175.3,174.02,171.74,167.14,149.29,0.2,-5.49,182.74,160.74
ELV,Elevance Health,Health Care,Managed Health Care,318.61,514.55,273.17,320.66,315.82,314.36,301.12,367.94,-0.1,2.25,325.78,302.93
EMR,Emerson Electric,Industrials,Electrical Components & Equipment,128.6,149.04,93.37,130.99,131.49,132.22,135.58,123.4,-0.2,6.1,136.44,127.99
ENPH,Enphase Energy,Information Technology,Semiconductor Materials & Equipment,36.5,115.0,30.11,37.89,38.2,37.94,36.21,50.6,-0.1,9.48,39.96,35.91
ETR,Entergy,Utilities,Electric Utilities,92.25,92.25,62.67,90.85,89.74,88.92,88.89,82.66,0.2,-0.29,91.98,85.87
EOG,EOG Resources,Energy,Oil & Gas Exploration & Production,117.31,134.72,102.81,116.48,117.49,118.97,119.0,119.54,0.0,6.13,124.5,113.43
EPAM,EPAM Systems,Information Technology,IT Consulting & Other Services,151.84,267.63,143.33,153.75,154.34,160.13,162.11,188.52,0.0,16.12,176.32,143.94
EQT,EQT Corporation,Energy,Oil & Gas Exploration & Production,54.06,60.26,34.7,52.4,51.05,51.19,51.86,51.73,0.0,-0.33,53.88,48.49
EFX,Equifax,Industrials,Research & Consulting Services,254.27,291.78,204.69,255.6,257.61,252.54,248.27,252.19,-0.1,5.49,268.23,236.84
EQIX,Equinix,Real Estate,Data Center REITs,790.34,968.75,731.64,792.87,789.07,783.2,781.55,842.53,-0.1,1.85,804.96,761.43
EQR,Equity Residential,Real Estate,Multi-Family Residential REITs,64.53,74.44,60.55,64.46,64.34,64.79,64.42,67.05,0.1,2.91,66.41,63.17
ERIE,Erie Indemnity,Financials,Insurance Brokers,315.99,535.75,312.95,316.31,318.21,327.43,346.27,376.13,-0.2,10.33,348.63,306.21
ESS,Essex Property Trust,Real Estate,Multi-Family Residential REITs,267.8,308.41,252.08,266.06,266.29,266.1,266.94,278.93,-0.2,1.21,271.04,261.15
EL,Estée Lauder Companies (The),Consumer Staples,Personal Care Products,86.66,98.93,49.61,86.19,87.09,87.85,89.18,74.88,0.0,6.12,91.96,83.75
EG,Everest Group,Financials,Reinsurance,349.11,400.34,324.54,342.52,338.69,341.3,337.34,344.47,-0.1,0.92,352.32,330.27
EVRG,Evergy,Utilities,Electric Utilities,74.07,74.07,56.74,73.36,72.57,72.05,71.36,66.35,0.2,-0.24,73.89,70.22
ES,Eversource Energy,Utilities,Electric Utilities,69.77,69.77,52.98,68.89,66.39,64.81,64.85,60.64,0.0,0.24,69.94,59.69
EXC,Exelon,Utilities,Electric Utilities,44.09,46.54,35.25,43.95,43.56,43.46,43.94,42.32,0.0,0.27,44.21,42.7
EXE,Expand Energy,Energy,Oil & Gas Exploration & Production,105.77,120.67,75.76,102.45,100.24,98.22,97.7,102.81,-0.1,-1.36,104.33,92.11
EXPE,Expedia Group,Consumer Discretionary,"Hotels, Resorts & Cruise Lines",222.87,228.24,136.05,220.12,222.34,219.41,205.3,181.21,0.0,2.44,228.31,210.53
EXPD,Expeditors International,Industrials,Air Freight & Logistics,121.84,129.72,102.14,120.93,122.28,121.9,119.38,114.8,0.0,2.66,125.08,118.72
EXR,Extra Space Storage,Real Estate,Self-Storage REITs,139.83,173.62,123.86,138.47,140.47,141.99,141.0,144.21,0.1,5.46,147.46,136.52
XOM,ExxonMobil,Energy,Integrated Oil & Gas,117.22,121.0,98.11,114.67,114.24,113.11,110.3,107.84,0.4,-0.2,116.99,109.23
FFIV,"F5, Inc.",Information Technology,Communications Equipment,324.87,334.59,213.57,325.65,326.04,322.42,316.44,286.98,0.2,3.62,336.63,308.21
FDS,FactSet,Financials,Financial Exchanges & Data,289.69,490.93,283.86,288.75,305.98,337.78,370.16,428.53,0.0,41.59,410.17,265.39
FICO,Fair Isaac,Information Technology,Application Software,1518.78,2382.4,1311.26,1536.81,1534.39,1534.89,1465.43,1772.48,0.1,4.1,1581.05,1488.72
FAST,Fastenal,Industrials,Trading Companies & Distributors,48.7,50.39,34.07,47.84,47.61,48.08,47.97,41.18,0.2,2.4,49.87,46.29
FRT,Federal Realty Investment Trust,Real Estate,Retail REITs,99.52,113.73,82.59,99.48,99.75,100.35,97.0,98.05,-0.1,2.83,102.34,98.35
FDX,FedEx,Industrials,Air Freight & Logistics,237.82,298.15,195.55,234.36,230.92,228.52,228.21,236.47,0.3,-0.4,236.87,220.18
FIS,Fidelity National Information Services,Financials,Transaction & Payment Processing Services,64.24,89.09,63.37,64.04,65.2,66.58,71.12,75.17,-0.2,9.09,70.08,63.07
FITB,Fifth Third Bancorp,Financials,Regional Banks,45.43,47.14,33.02,45.19,45.46,45.53,43.86,40.95,0.2,1.85,46.27,44.8
FSLR,First Solar,Information Technology,Semiconductors,220.02,255.75,120.38,219.43,214.23,207.84,196.25,166.89,0.2,1.64,223.63,192.04
FE,FirstEnergy,Utilities,Electric Utilities,45.43,45.43,37.17,44.18,43.76,43.62,43.05,40.5,0.2,-1.78,44.62,42.62
FI,Fiserv,Financials,Transaction & Payment Processing Services,129.56,237.79,128.66,129.82,131.34,133.5,137.54,182.87,-0.2,7.22,138.91,128.09
F,Ford Motor Company,Consumer Discretionary,Automobile Manufacturers,12.01,12.01,8.45,11.73,11.7,11.68,11.43,10.21,0.2,-0.92,11.9,11.45
FTNT,Fortinet,Information Technology,Systems Software,84.32,114.57,74.39,84.28,82.77,80.77,85.89,97.14,0.0,2.09,86.08,75.47
FTV,Fortive,Industrials,Industrial Machinery & Supplies & Components,48.53,62.32,46.49,48.22,48.39,48.15,48.49,53.59,0.0,1.69,49.35,46.94
FOXA,Fox Corporation (Class A),Communication Services,Broadcasting,61.15,62.48,40.96,61.11,60.15,59.97,58.01,53.67,0.0,2.88,62.91,57.03
FOX,Fox Corporation (Class B),Communication Services,Broadcasting,55.29,56.81,37.61,55.1,54.27,54.29,52.84,49.66,0.0,3.07,56.99,51.59
BEN,Franklin Resources,Financials,Asset Management & Custody Banks,23.27,26.03,16.43,23.7,24.01,24.54,24.79,21.43,-0.2,11.3,25.9,23.17
FCX,Freeport-McMoRan,Materials,Copper,35.75,51.16,28.93,39.86,42.52,43.96,43.11,39.78,0.2,41.57,50.61,37.31
GRMN,Garmin,Consumer Discretionary,Consumer Electronics,240.48,240.92,159.13,237.48,236.64,236.99,232.89,213.08,-0.2,0.15,240.84,233.14
IT,Gartner,Information Technology,IT Consulting & Other Services,264.09,551.8,225.98,261.48,256.85,250.72,270.52,408.0,0.2,1.2,267.26,234.19
GE,GE Aerospace,Industrials,Aerospace & Defense,294.98,305.63,159.16,299.82,296.66,287.68,277.03,224.63,0.2,4.32,307.72,267.64
GEHC,GE HealthCare,Health Care,Health Care Equipment,72.46,93.69,58.69,73.46,74.81,75.15,74.39,76.82,0.1,9.69,79.48,70.81
GEV,GE Vernova,Industrials,Heavy Electrical Equipment,605.17,664.55,249.37,623.89,621.6,613.79,622.13,447.99,-0.2,7.8,652.37,575.18
GEN,Gen Digital,Information Technology,Systems Software,28.8,32.03,23.31,28.84,28.81,29.19,29.92,28.08,0.0,4.55,30.11,28.28
GNRC,Generac,Industrials,Electrical Components & Equipment,168.27,202.85,101.92,170.5,176.94,179.59,181.74,148.23,-0.2,15.14,193.75,165.44
GD,General Dynamics,Industrials,Aerospace & Defense,330.34,330.34,239.38,324.85,325.16,324.57,318.26,280.25,0.2,-0.36,329.15,320.0
GIS,General Mills,Consumer Staples,Packaged Foods & Meats,50.09,71.65,48.44,50.25,49.92,49.94,49.79,55.03,-0.1,1.86,51.02,48.87
GM,General Motors,Consumer Discretionary,Automobile Manufacturers,61.24,61.24,42.24,59.84,59.36,58.75,56.17,50.65,0.2,-1.08,60.58,56.93
GPC,Genuine Parts Company,Consumer Discretionary,Distributors,137.69,142.77,103.92,137.84,138.23,138.65,135.46,122.72,0.2,3.31,142.25,135.05
GILD,Gilead Sciences,Health Care,Biotechnology,112.1,119.64,79.83,112.73,112.7,113.25,113.68,105.21,0.0,3.71,116.26,110.23
GPN,Global Payments,Financials,Transaction & Payment Processing Services,84.32,118.08,67.06,85.88,85.58,86.13,84.79,90.56,-0.1,4.92,88.47,83.79
GL,Globe Life,Financials,Life & Health Insurance,144.56,146.55,102.81,144.54,143.78,142.21,138.85,124.55,0.0,1.25,146.37,138.06
GDDY,GoDaddy,Information Technology,Internet Services & Infrastructure,141.4,214.35,133.35,143.34,144.16,145.18,149.95,177.19,-0.2,5.78,149.57,140.78
GS,Goldman Sachs,Financials,Investment Banking & Brokerage,802.51,806.32,457.48,800.32,797.74,775.57,744.25,630.01,0.2,3.22,828.35,722.74
HAL,Halliburton,Energy,Oil & Gas Equipment & Services,25.11,31.1,18.96,24.22,23.24,22.72,22.0,23.08,-0.1,-1.51,24.73,20.7
HIG,Hartford (The),Financials,Property & Casualty Insurance,133.11,134.7,105.0,131.81,131.32,131.74,129.13,120.64,-0.2,0.66,133.99,129.5
HAS,Hasbro,Consumer Discretionary,Leisure Products,75.59,81.85,49.75,74.98,74.85,77.13,77.54,65.51,-0.2,8.43,81.96,72.3
HCA,HCA Healthcare,Health Care,Health Care Facilities,419.08,420.02,294.93,413.46,407.22,407.44,388.39,351.26,0.2,0.67,421.89,393.02
DOC,Healthpeak Properties,Real Estate,Health Care REITs,18.94,21.7,16.44,18.7,18.48,18.22,17.67,18.24,0.3,-0.05,18.93,17.51
HSIC,Henry Schein,Health Care,Health Care Distributors,66.06,81.91,62.7,67.32,67.76,68.06,68.49,70.77,0.0,6.19,70.15,65.97
HSY,Hershey Company (The),Consumer Staples,Packaged Foods & Meats,188.11,193.45,141.22,189.47,189.67,187.65,184.02,168.43,0.0,2.76,193.3,182.01
HPE,Hewlett Packard Enterprise,Information Technology,"Technology Hardware, Storage & Peripherals",24.0,25.24,12.35,24.51,24.64,24.06,22.23,19.49,0.2,7.33,25.76,22.37
HLT,Hilton Worldwide,Consumer Discretionary,"Hotels, Resorts & Cruise Lines",261.75,278.5,201.05,263.3,266.29,270.96,269.86,252.24,0.0,7.78,282.11,259.8
HOLX,Hologic,Health Care,Health Care Equipment,67.21,83.72,52.73,66.87,66.43,66.35,66.7,64.88,0.0,2.47,68.87,63.83
HD,Home Depot (The),Consumer Discretionary,Home Improvement Retail,410.09,423.6,331.29,410.04,414.46,414.19,397.38,378.95,-0.2,3.96,426.33,402.02
HON,Honeywell,Industrials,Industrial Conglomerates,208.19,239.16,180.99,208.56,209.67,212.23,217.7,216.25,-0.2,4.99,218.58,205.88
HRL,Hormel Foods,Consumer Staples,Packaged Foods & Meats,24.72,32.6,24.31,24.52,24.7,25.01,27.16,29.09,0.0,4.29,25.78,24.25
HST,Host Hotels & Resorts,Real Estate,Hotel & Resort REITs,17.55,18.25,12.54,17.37,17.47,17.44,16.65,15.81,0.0,1.42,17.8,17.09
HWM,Howmet Aerospace,Industrials,Aerospace & Defense,193.15,193.58,98.93,191.79,190.31,184.74,182.01,151.0,0.2,2.41,197.8,171.68
HPQ,HP Inc.,Information Technology,"Technology Hardware, Storage & Peripherals",26.71,37.77,21.42,27.57,27.76,28.16,26.75,27.77,-0.5,9.96,29.37,26.94
HUBB,Hubbell Incorporated,Industrials,Industrial Machinery & Supplies & Components,425.22,466.13,313.96,430.11,433.89,435.33,432.85,397.29,0.2,5.39,448.14,422.54
HUM,Humana,Health Care,Managed Health Care,254.95,315.37,220.41,257.51,262.22,279.0,270.1,259.68,0.0,26.1,321.49,236.5
HBAN,Huntington Bancshares,Financials,Regional Banks,17.42,17.87,12.26,17.36,17.47,17.51,16.93,15.84,0.0,2.24,17.81,17.21
HII,Huntington Ingalls Industries,Industrials,Aerospace & Defense,278.77,278.77,156.78,275.94,274.82,272.94,268.18,221.87,-0.2,0.08,278.99,266.89
IBM,IBM,Information Technology,IT Consulting & Other Services,284.31,292.8,199.27,275.38,268.11,259.42,254.37,249.75,0.2,-0.57,282.69,236.15
IEX,IDEX Corporation,Industrials,Industrial Machinery & Supplies & Components,161.35,233.54,157.53,160.08,160.81,161.86,166.07,183.49,0.2,2.67,165.66,158.07
IDXX,Idexx Laboratories,Health Care,Health Care Equipment,632.22,682.78,361.04,634.01,641.22,642.44,622.95,500.27,0.0,4.58,661.18,623.7
ITW,Illinois Tool Works,Industrials,Industrial Machinery & Supplies & Components,261.04,273.51,217.09,260.12,261.42,262.77,261.23,252.13,0.2,2.39,267.28,258.25
INCY,Incyte,Health Care,Biotechnology,82.7,86.96,55.17,83.56,84.22,84.97,81.31,70.59,-0.2,6.28,87.89,82.05
IR,Ingersoll Rand,Industrials,Industrial Machinery & Supplies & Components,82.3,105.27,66.72,81.37,80.57,80.04,80.68,83.59,-0.2,0.66,82.84,77.23
PODD,Insulet Corporation,Health Care,Health Care Equipment,318.0,352.82,227.79,326.29,329.05,336.67,317.9,289.05,-0.2,11.83,355.62,317.71
INTC,Intel,Information Technology,Semiconductors,35.5,35.5,18.13,31.76,29.39,26.9,24.15,22.01,0.2,-4.42,33.93,19.87
IBKR,Interactive Brokers,Financials,Investment Banking & Brokerage,66.12,67.54,33.58,65.05,64.23,63.48,63.72,52.34,-0.2,0.54,66.48,60.49
ICE,Intercontinental Exchange,Financials,Financial Exchanges & Data,167.73,187.92,141.62,168.25,169.76,171.9,177.98,169.23,-0.2,5.62,177.16,166.66
IFF,International Flavors & Fragrances,Materials,Specialty Chemicals,60.72,104.49,60.3,61.63,62.77,64.33,67.36,75.98,-0.2,12.27,68.17,60.49
IP,International Paper,Materials,Paper & Plastic Packaging Products & Materials,45.32,58.45,43.05,45.88,46.17,46.95,48.22,49.79,0.0,8.98,49.39,44.51
IPG,Interpublic Group of Companies (The),Communication Services,Advertising,26.35,30.52,22.33,26.03,26.08,26.33,25.75,25.48,-0.2,3.0,27.14,25.53
INTU,Intuit,Information Technology,Application Software,698.26,807.39,542.39,697.4,681.52,672.97,711.76,664.55,0.2,1.2,706.64,639.28
ISRG,Intuitive Surgical,Health Care,Health Care Equipment,441.12,610.45,433.66,443.11,439.22,449.51,470.33,519.89,0.0,7.82,475.62,423.4
IVZ,Invesco,Financials,Asset Management & Custody Banks,22.72,22.72,11.86,22.45,22.4,22.23,21.51,17.11,0.0,0.44,22.82,21.64
INVH,Invitation Homes,Real Estate,Single-Family Residential REITs,29.18,34.81,28.9,29.16,29.23,29.65,30.23,31.65,0.0,5.0,30.64,28.65
IQV,IQVIA,Health Care,Life Sciences Tools & Services,179.56,236.97,137.0,182.35,184.87,185.93,186.37,177.09,0.0,7.53,193.08,178.79
IRM,Iron Mountain,Real Estate,Other Specialized REITs,100.93,124.18,75.72,102.3,101.0,96.96,94.89,95.05,0.1,5.56,106.54,87.39
JBHT,J.B. Hunt,Industrials,Cargo Ground Transportation,134.46,195.43,123.94,132.47,133.86,138.13,142.02,150.18,0.0,10.08,148.01,128.24
JBL,Jabil,Information Technology,Electronic Manufacturing Services,215.84,234.45,113.21,223.8,220.97,215.01,216.96,175.01,0.0,7.78,232.63,197.38
JKHY,Jack Henry & Associates,Financials,Transaction & Payment Processing Services,149.38,189.99,148.45,150.16,153.45,157.39,163.17,172.14,-0.2,11.96,167.25,147.54
J,Jacobs Solutions,Industrials,Construction & Engineering,147.86,151.85,109.18,148.01,147.91,146.58,145.51,131.55,0.0,1.82,150.55,142.62
JNJ,Johnson & Johnson,Health Care,Pharmaceuticals,179.71,179.71,138.72,176.98,176.63,177.21,173.5,157.22,0.0,0.13,179.94,174.46
JCI,Johnson Controls,Industrials,Building Products,107.01,111.73,70.88,107.38,107.63,107.22,106.91,92.46,0.0,2.07,109.23,105.21
JPM,JPMorgan Chase,Financials,Diversified Banks,316.06,316.06,200.72,313.62,312.6,306.43,298.82,265.21,0.0,1.4,320.48,292.38
K,Kellanova,Consumer Staples,Packaged Foods & Meats,77.94,81.71,76.96,77.2,77.87,78.59,79.06,80.03,-0.2,3.34,80.54,76.64
KVUE,Kenvue,Consumer Staples,Personal Care Products,16.42,24.0,16.17,16.73,17.48,18.48,20.31,21.49,0.0,28.75,21.14,15.82
KDP,Keurig Dr Pepper,Consumer Staples,Soft Drinks & Non-alcoholic Beverages,25.5,36.7,25.5,25.99,26.52,27.39,31.03,32.37,0.2,16.08,29.6,25.17
KEY,KeyCorp,Financials,Regional Banks,18.89,19.23,12.92,18.79,18.83,18.96,18.44,16.7,0.0,2.28,19.32,18.6
KEYS,Keysight Technologies,Information Technology,Electronic Equipment & Instruments,173.34,185.11,127.02,175.16,174.79,171.34,167.06,161.57,0.2,3.89,180.08,162.59
KMB,Kimberly-Clark,Consumer Staples,Household Products,122.23,144.6,121.02,123.15,124.2,126.41,128.41,130.81,-0.2,7.59,131.51,121.32
KIM,Kimco Realty,Real Estate,Retail REITs,21.59,24.65,18.27,21.67,21.89,22.13,21.66,21.18,0.2,5.65,22.81,21.46
KMI,Kinder Morgan,Energy,Oil & Gas Storage & Transportation,28.21,30.24,20.76,27.72,27.58,27.26,27.11,27.02,0.0,0.04,28.22,26.3
KKR,KKR & Co.,Financials,Asset Management & Custody Banks,134.01,166.38,92.52,140.36,143.35,141.16,142.95,133.44,0.0,12.5,150.76,131.56
KLAC,KLA Corporation,Information Technology,Semiconductor Materials & Equipment,1064.29,1071.25,573.9,1066.9,1039.54,970.93,928.85,785.88,0.0,5.91,1127.19,814.69
KHC,Kraft Heinz,Consumer Staples,Packaged Foods & Meats,26.05,34.07,25.24,26.31,26.13,26.47,27.03,27.75,0.0,5.95,27.6,25.34
KR,Kroger,Consumer Staples,Food Retail,65.46,73.97,54.1,65.27,65.91,66.88,69.25,66.42,-0.2,5.76,69.23,64.52
LHX,L3Harris,Industrials,Aerospace & Defense,293.56,293.56,191.79,287.46,285.2,279.92,274.89,234.09,0.2,-0.41,292.36,267.47
LH,Labcorp,Health Care,Health Care Services,280.61,280.61,209.65,278.99,277.49,277.02,270.1,248.44,0.0,0.29,281.42,272.62
LRCX,Lam Research,Information Technology,Semiconductor Materials & Equipment,128.33,131.94,58.83,129.68,126.2,115.44,106.1,86.39,0.0,8.8,139.62,91.25
LW,Lamb Weston,Consumer Staples,Packaged Foods & Meats,55.22,80.72,47.73,54.3,55.31,56.08,55.28,55.65,0.1,6.3,58.7,53.46
LVS,Las Vegas Sands,Consumer Discretionary,Casinos & Gaming,54.01,57.71,30.35,53.2,53.07,54.0,53.29,45.43,0.0,5.11,56.77,51.23
LDOS,Leidos,Industrials,Diversified Support Services,184.9,199.29,125.82,185.93,185.33,182.67,176.0,152.75,-0.4,2.56,189.63,175.7
LEN,Lennar,Consumer Discretionary,Homebuilding,126.04,180.59,101.84,124.18,128.17,132.76,126.87,120.15,0.0,14.91,144.83,120.7
LII,Lennox International,Industrials,Building Products,521.94,674.16,506.5,525.01,535.46,547.48,581.4,586.05,-0.2,11.44,581.65,513.31
LLY,Lilly (Eli),Health Care,Pharmaceuticals,724.54,925.78,624.28,736.58,747.09,745.11,734.5,781.19,-0.1,6.48,771.49,718.74
LIN,Linde plc,Materials,Industrial Gases,474.41,483.59,408.92,476.0,476.31,475.55,473.36,454.95,0.0,1.83,483.09,468.02
LYV,Live Nation Entertainment,Communication Services,Movies & Entertainment,161.79,174.06,106.95,163.03,165.57,166.72,160.42,143.27,-0.2,8.09,174.88,158.56
LKQ,LKQ Corporation,Consumer Discretionary,Distributors,30.3,43.02,28.96,30.28,30.74,31.54,31.53,36.91,0.1,10.1,33.36,29.72
LMT,Lockheed Martin,Industrials,Aerospace & Defense,487.44,597.79,407.77,485.02,479.23,469.45,446.93,456.98,-0.1,1.17,493.14,445.76
L,Loews Corporation,Financials,Multi-line Insurance,100.3,100.3,76.27,98.76,97.72,97.25,95.05,88.73,0.2,-0.74,99.56,94.93
LOW,Lowe's,Consumer Discretionary,Home Improvement Retail,257.12,278.66,209.46,258.04,263.35,264.92,250.65,237.84,-0.2,7.53,276.48,253.34
LULU,Lululemon Athletica,Consumer Discretionary,"Apparel, Accessories & Luxury Goods",176.3,421.16,159.87,174.85,169.94,174.88,192.61,288.76,-0.2,15.49,203.61,146.15
LYB,LyondellBasell,Materials,Specialty Chemicals,49.45,89.15,47.21,50.25,51.47,53.23,54.42,61.51,0.0,16.08,57.4,49.06
MTB,M&T Bank,Financials,Regional Banks,200.14,215.8,154.27,199.58,199.08,199.21,194.43,185.52,-0.2,1.12,202.38,196.04
MPC,Marathon Petroleum,Energy,Oil & Gas Refining & Marketing,198.69,198.69,117.23,193.27,188.45,184.56,174.57,155.02,0.2,-1.35,196.01,173.13
MKTX,MarketAxess,Financials,Financial Exchanges & Data,180.14,289.47,178.17,178.98,180.11,182.38,190.79,209.2,0.0,5.0,189.15,175.61
MAR,Marriott International,Consumer Discretionary,"Hotels, Resorts & Cruise Lines",264.21,302.22,210.04,262.64,264.07,265.03,266.02,264.26,0.0,2.15,269.89,260.17
MMC,Marsh McLennan,Financials,Insurance Brokers,199.56,243.22,196.15,198.34,197.7,200.69,203.95,217.77,0.0,4.01,207.56,193.83
MLM,Martin Marietta Materials,Materials,Construction Materials,613.74,631.12,451.25,612.76,613.33,616.16,603.42,542.61,0.0,2.36,628.22,604.09
MAS,Masco,Industrials,Building Products,70.44,84.25,58.18,71.02,71.96,72.95,71.33,69.33,0.4,7.91,76.01,69.89
MA,Mastercard,Financials,Transaction & Payment Processing Services,565.13,598.96,478.51,571.14,579.39,583.67,578.02,554.21,0.2,6.6,602.43,564.9
MTCH,Match Group,Communication Services,Interactive Media & Services,36.24,38.77,26.87,36.32,37.12,37.46,36.44,32.5,0.0,7.86,39.09,35.84
MKC,McCormick & Company,Consumer Staples,Packaged Foods & Meats,65.7,83.73,64.3,64.89,65.6,67.66,69.43,74.26,-0.2,9.71,72.08,63.24
MCD,McDonald's,Consumer Discretionary,Restaurants,305.24,317.67,275.0,303.61,303.19,307.61,305.1,300.21,-0.2,4.26,318.24,296.98
MCK,McKesson Corporation,Health Care,Health Care Distributors,760.55,760.58,476.95,739.19,717.3,708.01,697.92,666.77,0.2,-0.88,753.86,662.17
MDT,Medtronic,Health Care,Health Care Equipment,94.22,95.74,78.03,94.77,94.67,93.93,92.52,87.34,0.0,1.81,95.93,91.92
MRK,Merck & Co.,Health Care,Pharmaceuticals,78.56,110.64,72.03,79.24,80.25,81.87,81.78,84.56,0.1,9.09,85.7,78.05
META,Meta Platforms,Communication Services,Interactive Media & Services,743.75,789.47,483.96,754.78,764.93,756.63,750.59,663.58,0.0,5.37,783.69,729.56
MET,MetLife,Financials,Life & Health Insurance,81.62,86.38,67.4,80.77,79.99,80.15,78.44,78.89,-0.1,0.44,81.98,78.32
MTD,Mettler Toledo,Health Care,Life Sciences Tools & Services,1204.43,1499.7,970.15,1234.27,1253.42,1268.42,1266.75,1218.18,0.0,9.84,1322.95,1213.96
MGM,MGM Resorts,Consumer Discretionary,Casinos & Gaming,35.6,41.99,25.79,34.78,35.19,36.02,36.51,34.11,-0.2,9.13,38.85,33.19
MCHP,Microchip Technology,Information Technology,Semiconductors,64.42,78.29,34.83,65.04,65.0,64.84,66.26,58.81,0.2,3.17,66.46,63.22
MU,Micron Technology,Information Technology,Semiconductors,157.27,168.89,64.66,161.37,161.5,147.07,128.2,104.58,0.2,15.47,181.6,112.53
MSFT,Microsoft,Information Technology,Systems Software,511.46,534.76,353.33,510.46,511.31,507.06,511.69,448.99,-0.2,1.43,518.77,495.35
MAA,Mid-America Apartment Communities,Real Estate,Multi-Family Residential REITs,139.57,167.59,138.38,140.22,140.21,142.04,143.37,151.15,0.0,4.88,146.38,137.7
MRNA,Moderna,Health Care,Biotechnology,24.49,66.83,23.51,25.47,25.17,24.8,27.06,30.76,0.2,7.35,26.29,23.31
MHK,Mohawk Industries,Consumer Discretionary,Home Furnishings,128.59,161.25,97.99,127.71,130.71,133.09,126.84,116.31,-0.2,10.02,141.47,124.7
MOH,Molina Healthcare,Health Care,Managed Health Care,191.98,353.24,152.31,187.28,182.02,180.62,172.12,268.61,0.3,-0.03,191.92,169.3
TAP,Molson Coors Beverage Company,Consumer Staples,Brewers,44.83,61.78,44.09,44.75,45.93,47.71,49.17,53.53,-0.2,15.46,51.76,43.66
MDLZ,Mondelez International,Consumer Staples,Packaged Foods & Meats,63.36,72.25,55.34,63.53,63.17,62.49,63.71,63.55,-0.2,1.53,64.33,60.64
MPWR,Monolithic Power Systems,Information Technology,Semiconductors,887.55,936.74,454.23,904.89,894.3,869.79,824.4,684.06,0.2,5.17,933.44,806.16
MNST,Monster Beverage,Consumer Staples,Soft Drinks & Non-alcoholic Beverages,65.34,66.52,46.16,64.66,64.91,64.07,62.65,58.07,0.0,1.48,66.31,61.82
MCO,Moody's Corporation,Financials,Financial Exchanges & Data,476.74,524.53,395.22,477.86,488.09,496.85,505.42,481.68,-0.2,10.25,525.61,468.1
MS,Morgan Stanley,Financials,Investment Banking & Brokerage,160.11,160.76,98.35,159.68,158.74,155.09,148.3,131.15,0.2,2.35,163.87,146.31
MOS,Mosaic Company (The),Materials,Fertilizers & Agricultural Chemicals,35.32,37.55,22.47,34.69,34.37,33.62,33.76,30.19,0.0,0.76,35.59,31.66
MSI,Motorola Solutions,Information Technology,Communications Equipment,456.52,499.65,392.79,461.91,469.74,473.99,457.21,438.63,-0.4,7.62,491.31,456.67
MSCI,MSCI Inc.,Financials,Financial Exchanges & Data,565.42,630.0,503.37,566.7,567.15,566.64,561.44,567.27,-0.1,3.51,585.27,547.98
NDAQ,"Nasdaq, Inc.",Financials,Financial Exchanges & Data,87.51,96.67,66.01,87.95,89.67,91.93,93.31,82.97,-0.2,11.48,97.56,86.29
NTAP,NetApp,Information Technology,"Technology Hardware, Storage & Peripherals",119.88,129.06,75.73,122.39,123.49,121.7,112.96,106.11,0.2,7.44,128.8,114.61
NFLX,Netflix,Communication Services,Movies & Entertainment,1210.61,1339.13,687.65,1213.73,1213.47,1221.61,1208.77,1087.44,0.2,4.24,1261.94,1181.22
NEM,Newmont,Materials,Gold,85.25,85.25,36.49,84.16,81.79,79.14,71.54,53.98,0.0,0.94,86.05,72.24
NWSA,News Corp (Class A),Communication Services,Publishing,30.45,30.81,23.89,30.45,30.32,29.76,29.51,28.23,0.0,1.94,31.04,28.49
NWS,News Corp (Class B),Communication Services,Publishing,33.63,35.06,26.86,33.71,33.48,33.16,33.52,32.15,-0.2,2.5,34.47,31.85
NEE,NextEra Energy,Utilities,Multi-Utilities,75.85,82.85,63.11,73.8,72.25,71.72,72.37,70.16,0.0,-1.38,74.8,68.65
NKE,"Nike, Inc.",Consumer Discretionary,"Apparel, Accessories & Luxury Goods",69.31,87.5,52.64,70.4,71.31,72.88,74.63,69.31,-0.2,10.76,76.77,69.0
NI,NiSource,Utilities,Multi-Utilities,42.57,43.33,32.78,41.93,40.96,40.98,41.69,39.06,0.0,0.68,42.86,39.1
NDSN,Nordson Corporation,Industrials,Industrial Machinery & Supplies & Components,227.0,260.48,166.29,224.36,225.02,224.38,219.72,209.69,0.0,0.59,228.34,220.4
NSC,Norfolk Southern,Industrials,Rail Transportation,297.49,297.49,204.09,293.6,286.76,281.58,280.32,249.47,0.2,-0.28,296.66,266.52
NTRS,Northern Trust,Financials,Asset Management & Custody Banks,133.31,133.31,83.34,131.3,130.92,129.79,128.25,110.38,0.2,-0.21,133.03,126.55
NOC,Northrop Grumman,Industrials,Aerospace & Defense,594.52,594.87,427.78,583.96,579.76,580.42,577.58,505.25,0.4,-0.41,592.08,568.79
NCLH,Norwegian Cruise Line Holdings,Consumer Discretionary,"Hotels, Resorts & Cruise Lines",25.04,29.07,15.5,25.25,25.38,25.45,24.75,22.4,0.0,6.11,26.57,24.32
NRG,NRG Energy,Utilities,Independent Power Producers & Energy Traders,168.57,173.91,83.06,167.1,165.89,158.81,156.34,126.3,0.2,4.52,176.19,141.42
NUE,Nucor,Materials,Steel,138.13,165.5,102.79,135.85,137.41,140.93,142.33,128.1,-0.2,8.75,150.22,131.64
NVDA,Nvidia,Information Technology,Semiconductors,178.19,183.61,94.3,178.98,177.07,174.81,176.56,141.81,-0.2,2.69,182.98,166.64
NVR,"NVR, Inc.",Consumer Discretionary,Homebuilding,8032.78,9924.4,6700.0,7976.29,8077.99,8213.52,8035.9,7642.17,0.2,6.99,8594.27,7833.08
NXPI,NXP Semiconductors,Information Technology,Semiconductors,226.04,250.84,152.09,226.37,224.25,224.53,223.39,209.51,0.0,2.91,232.62,216.43
ORLY,O’Reilly Automotive,Consumer Discretionary,Automotive Retail,106.1,107.82,76.19,104.27,104.52,104.98,102.38,92.02,0.0,1.57,107.77,102.19
OXY,Occidental Petroleum,Energy,Oil & Gas Exploration & Production,47.47,54.77,35.72,46.71,46.74,46.43,45.13,44.95,0.0,1.41,48.14,44.73
ODFL,Old Dominion,Industrials,Cargo Ground Transportation,138.59,230.37,138.59,139.67,141.56,145.18,150.18,166.29,0.0,10.9,153.7,136.65
OMC,Omnicom Group,Communication Services,Advertising,77.05,101.86,68.6,76.16,76.22,77.0,75.45,77.06,-0.3,3.0,79.36,74.63
ON,ON Semiconductor,Information Technology,Semiconductors,50.16,74.7,31.95,50.56,50.32,49.48,51.54,50.21,0.0,3.33,51.83,47.13
OKE,Oneok,Energy,Oil & Gas Storage & Transportation,73.89,112.93,71.36,73.04,72.84,73.16,75.45,85.85,0.2,2.15,75.48,70.84
ORCL,Oracle Corporation,Information Technology,Application Software,283.46,328.33,122.56,305.05,304.07,278.99,258.5,190.81,0.2,24.91,354.07,203.91
OTIS,Otis Worldwide,Industrials,Industrial Machinery & Supplies & Components,90.38,104.22,84.52,89.4,89.5,88.39,88.39,94.31,0.0,1.0,91.28,85.5
PCAR,Paccar,Industrials,Construction Machinery & Heavy Transportation Equipment,100.5,113.98,85.82,97.56,99.45,99.28,98.83,98.9,-0.1,2.98,103.49,95.07
PKG,Packaging Corporation of America,Materials,Paper & Plastic Packaging Products & Materials,215.95,242.86,173.82,214.17,213.14,213.92,205.61,202.51,0.0,0.92,217.94,209.9
PLTR,Palantir Technologies,Information Technology,Application Software,177.57,186.97,36.46,179.63,176.73,168.31,166.09,118.85,0.0,5.96,188.15,148.46
PANW,Palo Alto Networks,Information Technology,Systems Software,202.37,208.28,152.44,203.34,203.63,199.13,189.69,187.62,0.0,3.64,209.74,188.52
PSKY,Paramount Skydance Corporation,Communication Services,Movies & Entertainment,18.92,19.73,10.05,19.06,18.61,17.07,14.8,12.25,0.2,9.88,20.79,13.35
PH,Parker Hannifin,Industrials,Industrial Machinery & Supplies & Components,750.72,769.67,514.56,752.94,752.86,755.46,742.36,670.67,0.0,2.47,769.26,741.65
PAYX,Paychex,Industrials,Human Resource & Employment Services,128.21,158.58,126.69,128.57,130.0,132.87,137.71,143.58,-0.2,8.82,139.52,126.21
PAYC,Paycom,Industrials,Human Resource & Employment Services,217.51,265.28,158.91,217.91,216.89,220.14,224.89,223.7,0.0,4.78,227.91,212.37
PYPL,PayPal,Financials,Transaction & Payment Processing Services,67.3,91.81,57.41,67.38,67.62,67.89,69.59,73.53,0.2,4.01,70.0,65.79
PNR,Pentair,Industrials,Industrial Machinery & Supplies & Components,109.76,112.59,75.76,109.45,110.02,109.71,106.78,98.6,0.2,2.72,112.75,106.67
PEP,PepsiCo,Consumer Staples,Soft Drinks & Non-alcoholic Beverages,140.44,169.55,125.83,141.09,140.98,143.01,143.56,140.48,0.0,5.55,148.23,137.78
PFE,Pfizer,Health Care,Pharmaceuticals,23.76,28.21,20.83,23.92,23.97,24.31,24.51,24.19,0.0,5.81,25.14,23.48
PCG,PG&E Corporation,Utilities,Multi-Utilities,14.97,21.53,13.0,14.69,14.87,15.04,14.81,16.09,0.1,4.81,15.69,14.4
PM,Philip Morris International,Consumer Staples,Tobacco,164.89,183.57,115.19,163.53,163.32,164.02,165.77,156.64,0.0,1.95,168.11,159.93
PSX,Phillips 66,Energy,Oil & Gas Refining & Marketing,139.46,139.46,91.09,135.4,133.54,132.69,127.26,118.79,0.2,-0.98,138.09,127.28
PNW,Pinnacle West Capital,Utilities,Multi-Utilities,86.76,93.78,79.36,86.67,86.52,87.49,89.75,88.68,0.0,3.47,89.77,85.21
PNC,PNC Financial Services,Financials,Diversified Banks,203.32,209.23,146.94,203.44,203.61,203.83,198.12,183.96,0.2,2.1,207.59,200.06
POOL,Pool Corporation,Consumer Discretionary,Distributors,305.86,385.63,283.92,309.44,316.66,318.32,315.92,319.06,0.1,10.18,337.0,299.66
PPG,PPG Industries,Materials,Specialty Chemicals,103.65,131.36,90.49,105.76,107.31,108.75,109.78,111.23,-0.2,9.22,113.21,104.29
PPL,PPL Corporation,Utilities,Electric Utilities,36.72,36.96,30.49,36.28,35.97,35.93,36.06,34.19,0.0,-0.19,36.65,35.22
PFG,Principal Financial Group,Financials,Life & Health Insurance,82.62,87.94,68.21,82.11,81.8,81.11,79.14,78.36,0.0,1.07,83.5,78.71
PG,Procter & Gamble,Consumer Staples,Personal Care Products,152.5,176.3,150.47,152.53,155.12,156.8,155.96,161.41,0.1,6.32,162.14,151.45
PGR,Progressive Corporation,Financials,Property & Casualty Insurance,243.48,291.0,234.89,241.09,242.4,244.46,245.38,258.78,-0.4,2.72,250.1,238.81
PLD,Prologis,Real Estate,Industrial REITs,114.19,122.49,88.13,113.73,113.85,112.87,109.45,107.92,0.0,1.48,115.88,109.87
PRU,Prudential Financial,Financials,Life & Health Insurance,104.41,124.75,92.74,103.27,103.44,105.22,104.57,106.23,-0.1,4.82,109.44,100.99
PEG,Public Service Enterprise Group,Utilities,Electric Utilities,82.3,91.66,75.92,81.9,81.69,81.4,83.85,81.67,0.0,1.04,83.16,79.64
PTC,PTC Inc.,Information Technology,Application Software,202.96,216.53,136.74,203.85,204.44,207.17,207.87,180.11,0.0,6.01,215.16,199.19
PSA,Public Storage,Real Estate,Self-Storage REITs,286.29,349.71,260.94,281.85,282.75,286.14,283.82,289.39,-0.1,2.99,294.85,277.43
PHM,PulteGroup,Consumer Discretionary,Homebuilding,131.15,147.88,91.67,130.02,131.87,134.07,126.9,110.84,0.2,7.48,140.96,127.17
PWR,Quanta Services,Industrials,Construction & Engineering,405.44,421.68,236.56,398.85,391.34,385.02,389.01,332.6,0.0,-0.02,405.36,364.68
QCOM,Qualcomm,Information Technology,Semiconductors,169.2,174.12,123.21,170.34,167.73,163.61,157.97,154.56,0.2,2.44,173.33,153.88
DGX,Quest Diagnostics,Health Care,Health Care Services,188.99,188.99,144.81,186.57,184.28,182.9,178.31,169.39,0.4,-0.43,188.18,177.62
RL,Ralph Lauren Corporation,Consumer Discretionary,"Apparel, Accessories & Luxury Goods",311.97,320.75,181.73,309.03,310.82,311.25,300.66,260.65,-0.2,2.98,321.27,301.23
RJF,Raymond James Financial,Financials,Investment Banking & Brokerage,175.69,175.81,120.78,174.12,172.6,170.32,167.2,154.25,0.0,0.73,176.97,163.66
RTX,RTX Corporation,Industrials,Aerospace & Defense,163.35,163.35,112.45,161.04,159.69,158.11,156.51,135.68,0.2,-0.17,163.07,153.15
O,Realty Income,Real Estate,Retail REITs,60.32,61.45,49.6,59.74,59.69,59.36,58.17,55.36,0.0,0.91,60.87,57.86
REG,Regency Centers,Real Estate,Retail REITs,71.52,75.5,64.21,71.24,70.79,71.38,71.11,70.7,0.0,2.1,73.02,69.75
REGN,Regeneron Pharmaceuticals,Health Care,Biotechnology,563.9,1046.75,482.34,571.99,578.38,572.29,568.67,611.51,-0.1,6.04,597.96,546.64
RF,Regions Financial Corporation,Financials,Regional Banks,26.63,27.4,17.95,26.64,26.81,26.93,26.15,23.12,0.2,2.97,27.42,26.44
RSG,Republic Services,Industrials,Environmental & Facilities Services,228.21,257.46,196.49,227.25,226.97,228.96,233.26,232.5,-0.2,2.63,234.21,223.71
RMD,ResMed,Health Care,Health Care Equipment,270.27,293.73,203.67,272.36,272.38,273.16,277.17,246.81,-0.2,3.35,279.32,267.0
RVTY,Revvity,Health Care,Health Care Equipment,84.06,127.41,82.5,84.71,85.27,85.44,88.99,101.01,0.2,6.03,89.13,81.75
ROK,Rockwell Automation,Industrials,Electrical Components & Equipment,343.58,357.15,217.21,342.84,344.39,343.4,345.02,300.38,0.0,1.86,349.97,336.84
ROL,"Rollins, Inc.",Industrials,Environmental & Facilities Services,58.43,58.48,45.24,56.39,56.1,56.51,56.99,53.63,0.2,-0.39,58.2,54.82
ROP,Roper Technologies,Information Technology,Electronic Equipment & Instruments,499.31,592.1,495.03,502.73,504.46,512.29,529.09,550.93,-0.2,6.24,530.47,494.1
ROST,Ross Stores,Consumer Discretionary,Apparel Retail,151.52,154.88,122.22,148.15,147.32,148.63,145.06,140.57,0.0,1.05,153.11,144.14
RCL,Royal Caribbean Group,Consumer Discretionary,"Hotels, Resorts & Cruise Lines",326.89,364.72,171.15,327.05,325.93,337.88,333.29,265.93,0.0,11.49,364.45,311.33
SPGI,S&P Global,Financials,Financial Exchanges & Data,487.18,563.17,436.73,493.04,510.95,527.19,538.74,513.09,0.0,17.61,572.97,481.41
CRM,Salesforce,Information Technology,Application Software,243.43,365.66,231.26,244.9,243.91,246.55,249.12,281.14,0.2,5.32,256.38,236.73
SBAC,SBA Communications,Real Estate,Telecom Tower REITs,194.22,244.52,189.91,196.34,197.62,197.56,212.76,215.91,0.0,5.1,204.13,190.99
SLB,Schlumberger,Energy,Oil & Gas Equipment & Services,35.52,44.26,31.43,34.63,34.71,35.27,34.4,36.43,-0.3,3.18,36.65,33.89
STX,Seagate Technology,Information Technology,"Technology Hardware, Storage & Peripherals",217.51,229.33,66.19,223.7,219.2,202.25,173.87,119.47,0.0,10.33,239.98,164.52
SRE,Sempra,Utilities,Multi-Utilities,88.59,92.47,63.23,86.16,84.52,83.26,82.08,77.71,0.4,-1.02,87.69,78.83
NOW,ServiceNow,Information Technology,Systems Software,936.0,1170.39,721.65,932.69,940.21,931.33,920.4,959.29,-0.1,2.72,961.46,901.17
SHW,Sherwin-Williams,Materials,Specialty Chemicals,341.91,397.11,312.15,343.17,347.27,356.18,353.89,349.17,0.0,10.21,376.82,335.54
SPG,Simon Property Group,Real Estate,Retail REITs,185.39,185.39,136.92,183.28,182.41,181.1,172.85,165.0,0.0,0.1,185.58,176.63
SWKS,Skyworks Solutions,Information Technology,Semiconductors,79.51,96.35,48.25,80.75,78.13,76.31,73.66,72.52,0.2,3.38,82.2,70.41
SJM,J.M. Smucker Company (The),Consumer Staples,Packaged Foods & Meats,109.21,116.99,93.48,108.7,107.09,108.94,109.1,107.4,0.0,4.62,114.26,103.62
SW,Smurfit Westrock,Materials,Paper & Plastic Packaging Products & Materials,42.13,55.13,37.46,42.99,43.57,44.87,44.84,46.09,0.1,13.93,48.0,41.75
SNA,Snap-on,Industrials,Industrial Machinery & Supplies & Components,341.91,364.18,276.48,339.21,337.79,332.26,327.58,326.05,0.0,0.97,345.23,319.28
SOLV,Solventum,Health Care,Health Care Technology,71.37,84.04,63.01,72.16,73.03,72.88,72.84,72.46,0.2,5.35,75.19,70.57
SO,Southern Company,Utilities,Electric Utilities,94.53,95.24,78.98,93.74,92.72,92.25,93.26,88.23,0.0,-0.28,94.27,90.22
LUV,Southwest Airlines,Industrials,Passenger Airlines,32.53,37.49,23.77,32.63,32.31,31.99,31.91,31.31,0.0,2.24,33.26,30.73
SWK,Stanley Black & Decker,Industrials,Industrial Machinery & Supplies & Components,73.85,105.48,54.53,74.54,76.33,76.18,73.28,73.01,0.2,9.32,80.73,71.63
SBUX,Starbucks,Consumer Discretionary,Restaurants,83.39,114.25,78.61,84.49,84.07,84.68,88.35,92.1,0.2,6.34,88.68,80.67
STT,State Street Corporation,Financials,Asset Management & Custody Banks,115.71,115.82,74.79,113.84,113.02,112.91,112.2,98.94,0.2,-0.27,115.4,110.43
STLD,Steel Dynamics,Materials,Steel,139.63,152.49,108.79,137.57,137.51,134.61,130.5,127.34,0.0,1.63,141.91,127.32
STE,Steris,Health Care,Health Care Equipment,249.08,252.43,200.94,247.64,248.21,247.06,240.48,228.06,-0.4,1.59,253.04,241.1
SYK,Stryker Corporation,Health Care,Health Care Equipment,369.02,403.53,336.65,372.11,374.58,382.17,385.66,378.68,-0.2,8.12,398.98,365.35
SMCI,Supermicro,Information Technology,"Technology Hardware, Storage & Peripherals",45.82,60.71,18.01,46.42,45.91,43.92,47.25,40.91,0.0,6.29,48.7,39.14
SYF,Synchrony Financial,Financials,Consumer Finance,74.54,76.86,43.38,74.75,75.25,75.49,73.02,63.24,0.0,3.34,77.03,73.95
SNPS,Synopsys,Information Technology,Application Software,487.76,645.35,380.9,489.63,469.43,507.34,571.34,506.25,-0.2,34.57,656.38,358.33
SYY,Sysco,Consumer Staples,Food Distributors,81.94,82.51,67.53,81.69,81.67,81.43,80.57,74.93,-0.2,1.26,82.97,79.89
TMUS,T-Mobile US,Communication Services,Wireless Telecommunication Services,237.47,270.87,200.4,238.15,238.46,242.95,243.95,241.22,0.0,7.45,255.16,230.76
TROW,T. Rowe Price,Financials,Asset Management & Custody Banks,103.47,118.63,78.24,104.02,104.46,105.16,105.07,99.65,0.2,4.7,108.33,102.0
TTWO,Take-Two Interactive,Communication Services,Interactive Home Entertainment,256.12,256.12,147.66,249.65,249.44,246.06,235.35,217.78,0.0,0.17,256.56,235.56
TPR,"Tapestry, Inc.",Consumer Discretionary,"Apparel, Accessories & Luxury Goods",109.05,116.14,42.76,112.06,111.73,108.17,106.27,83.08,0.2,6.85,116.52,99.83
TRGP,Targa Resources,Energy,Oil & Gas Storage & Transportation,174.19,213.93,143.44,170.7,168.08,166.23,165.24,176.18,0.1,-0.32,173.63,158.82
TGT,Target Corporation,Consumer Staples,Consumer Staples Merchandise Retail,87.85,154.72,86.56,87.38,88.17,90.15,97.26,106.63,0.0,8.04,94.91,85.38
TEL,TE Connectivity,Information Technology,Electronic Manufacturing Services,217.04,219.66,121.04,217.06,215.63,211.99,205.57,164.16,0.0,1.67,220.66,203.31
TDY,Teledyne Technologies,Information Technology,Electronic Equipment & Instruments,577.11,577.11,433.51,568.57,563.33,555.42,551.08,504.97,0.0,0.03,577.28,533.54
TER,Teradyne,Information Technology,Semiconductor Materials & Equipment,135.31,139.5,67.79,134.25,125.22,121.47,111.86,101.74,0.0,1.21,136.95,105.99
TSLA,"Tesla, Inc.",Consumer Discretionary,Automobile Manufacturers,440.4,479.86,213.65,433.33,426.71,387.98,351.96,334.47,0.2,6.95,471.01,304.96
TXN,Texas Instruments,Information Technology,Semiconductors,184.55,219.66,143.34,182.54,180.98,185.24,190.64,185.06,-0.2,7.54,198.47,172.03
TPL,Texas Pacific Land Corporation,Energy,Oil & Gas Exploration & Production,954.28,1720.9,853.36,924.62,918.37,920.6,922.22,1165.23,-0.2,0.91,962.96,878.25
TXT,Textron,Industrials,Aerospace & Defense,83.49,90.23,60.69,83.02,83.1,82.04,80.83,76.36,0.2,1.44,84.69,79.38
TMO,Thermo Fisher Scientific,Health Care,Life Sciences Tools & Services,464.24,617.15,389.91,467.24,472.47,479.24,474.64,477.53,0.1,7.17,497.53,460.96
TJX,TJX Companies,Consumer Discretionary,Apparel Retail,143.09,143.09,110.73,140.82,140.46,140.02,134.36,126.08,0.2,-0.4,142.52,137.53
TKO,TKO Group Holdings,Communication Services,Movies & Entertainment,199.04,204.49,113.99,198.52,200.26,196.88,183.68,162.6,0.2,4.65,208.3,185.48
TTD,Trade Desk (The),Communication Services,Advertising,47.14,139.51,43.93,46.76,45.8,48.28,60.94,76.96,-0.2,17.73,55.5,41.05
TSCO,Tractor Supply,Consumer Discretionary,Other Specialty Retail,56.52,62.65,47.62,57.4,58.42,59.35,59.49,54.58,-0.2,10.07,62.21,56.49
TT,Trane Technologies,Industrials,Building Products,415.23,471.46,313.81,407.7,404.9,408.22,424.88,392.49,-0.2,1.0,419.38,397.05
TDG,TransDigm Group,Industrials,Aerospace & Defense,1295.72,1516.55,1152.5,1296.08,1289.48,1289.86,1348.02,1300.45,-0.2,1.3,1312.56,1267.12
TRV,Travelers Companies (The),Financials,Property & Casualty Insurance,277.76,279.43,222.29,276.2,275.92,275.31,269.06,256.91,-0.2,0.93,280.34,270.27
TRMB,Trimble Inc.,Information Technology,Electronic Equipment & Instruments,81.24,85.24,55.12,81.06,81.13,80.75,82.07,73.47,-0.2,2.28,83.09,78.4
TFC,Truist Financial,Financials,Diversified Banks,46.02,47.07,33.92,45.75,45.55,45.78,44.9,42.2,-0.2,2.3,47.08,44.49
TYL,Tyler Technologies,Information Technology,Application Software,529.72,646.74,521.68,527.88,531.43,543.35,560.16,576.32,-0.2,7.61,570.03,516.67
TSN,Tyson Foods,Consumer Staples,Packaged Foods & Meats,54.19,62.84,51.83,53.98,54.0,55.02,54.96,56.42,-0.1,5.55,57.2,52.83
USB,U.S. Bancorp,Financials,Diversified Banks,49.44,51.9,36.0,49.3,49.44,49.2,47.33,44.9,0.2,1.54,50.2,48.19
UBER,Uber,Industrials,Passenger Ground Transportation,98.45,99.39,59.93,98.2,97.39,95.55,93.2,80.99,0.0,2.12,100.54,90.55
UDR,"UDR, Inc.",Real Estate,Multi-Family Residential REITs,37.18,45.08,36.71,37.17,37.31,38.03,38.7,40.75,0.0,6.56,39.62,36.44
ULTA,Ulta Beauty,Consumer Discretionary,Other Specialty Retail,552.0,552.0,314.47,533.97,530.62,524.63,519.01,435.25,0.2,-0.64,548.47,500.81
UNP,Union Pacific Corporation,Industrials,Rail Transportation,235.2,249.94,205.73,230.28,224.18,221.6,221.95,226.76,0.0,-0.81,233.29,209.89
UAL,United Airlines Holdings,Industrials,Passenger Airlines,97.91,110.52,54.11,101.35,103.27,104.9,98.79,88.74,-0.4,12.6,110.25,99.56
UPS,United Parcel Service,Industrials,Air Freight & Logistics,83.72,130.93,82.58,83.77,84.14,84.52,87.41,101.57,0.0,3.13,86.34,82.7
URI,United Rentals,Industrials,Trading Companies & Distributors,947.27,975.23,549.5,942.59,943.48,949.65,910.25,746.66,0.0,2.78,973.6,925.66
UNH,UnitedHealth Group,Health Care,Managed Health Care,344.08,611.98,236.28,346.09,343.12,334.2,299.2,401.08,-0.1,6.71,367.17,301.25
UHS,Universal Health Services,Health Care,Health Care Facilities,200.85,240.21,154.78,197.41,192.7,189.4,178.63,180.5,0.1,-0.18,200.49,178.31
VLO,Valero Energy,Energy,Oil & Gas Refining & Marketing,175.63,175.63,102.97,171.54,166.81,161.69,148.64,132.79,0.2,-0.35,175.02,148.37
VTR,Ventas,Real Estate,Health Care REITs,69.0,69.85,56.07,68.27,68.17,68.28,67.89,64.42,-0.2,1.25,69.86,66.69
VLTO,Veralto,Industrials,Environmental & Facilities Services,104.63,113.22,85.23,105.19,106.1,106.3,106.24,100.73,0.2,3.99,108.8,103.79
VRSN,Verisign,Information Technology,Internet Services & Infrastructure,284.42,305.1,175.69,284.55,285.41,282.95,277.69,253.74,0.2,2.87,292.58,273.33
VRSK,Verisk Analytics,Industrials,Research & Consulting Services,247.07,320.32,242.3,244.11,246.6,256.81,268.03,287.27,-0.2,12.73,278.52,235.1
VZ,Verizon,Communication Services,Integrated Telecommunication Services,43.61,45.06,36.62,43.33,43.56,43.72,43.5,41.76,0.0,1.9,44.44,43.0
VRTX,Vertex Pharmaceuticals,Health Care,Biotechnology,385.73,516.74,366.54,381.41,384.9,390.14,407.37,447.22,0.0,4.6,403.47,376.81
VTRS,Viatris,Health Care,Pharmaceuticals,9.52,12.87,7.08,9.62,9.67,10.02,9.81,9.57,0.0,13.55,10.81,9.24
VICI,Vici Properties,Real Estate,Hotel & Resort REITs,32.47,33.46,27.08,31.95,32.07,32.48,32.54,30.89,-0.2,3.05,33.46,31.5
V,Visa Inc.,Financials,Transaction & Payment Processing Services,337.37,372.65,267.75,338.81,339.91,342.67,344.4,341.25,0.0,4.49,352.52,332.82
VST,Vistra Corp.,Utilities,Electric Utilities,207.22,217.92,97.84,206.61,208.49,201.41,199.75,163.08,0.0,6.9,221.52,181.31
VMC,Vulcan Materials Company,Materials,Construction Materials,299.29,301.65,219.65,296.87,295.9,295.01,287.18,264.41,0.0,0.8,301.68,288.33
WRB,W. R. Berkley Corporation,Financials,Property & Casualty Insurance,75.88,75.88,55.27,74.56,73.62,73.03,71.25,66.92,0.2,-0.72,75.33,70.72
GWW,W. W. Grainger,Industrials,Industrial Machinery & Supplies & Components,959.73,1212.97,915.74,963.86,981.63,994.62,996.18,1029.1,-0.2,8.04,1036.89,952.33
WAB,Wabtec,Industrials,Construction Machinery & Heavy Transportation Equipment,196.67,214.1,159.81,195.19,191.67,191.63,193.55,193.58,-0.2,0.51,197.67,185.59
WMT,Walmart,Consumer Staples,Consumer Staples Merchandise Retail,103.16,104.27,78.34,102.86,103.16,101.92,100.05,95.55,0.0,2.53,105.77,98.07
DIS,Walt Disney Company (The),Communication Services,Movies & Entertainment,113.47,124.01,81.37,112.94,114.03,115.8,117.0,109.69,-0.2,5.79,120.04,111.57
WBD,Warner Bros. Discovery,Communication Services,Broadcasting,19.51,19.82,7.33,19.66,19.2,16.16,13.87,11.07,0.0,18.45,23.11,9.22
WM,Waste Management,Industrials,Environmental & Facilities Services,218.69,240.36,198.36,218.1,216.85,218.86,224.51,223.38,-0.2,2.97,225.19,212.52
WAT,Waters Corporation,Health Care,Life Sciences Tools & Services,291.71,417.28,277.72,294.77,298.69,299.1,294.67,346.36,0.1,6.43,310.47,287.73
WEC,WEC Energy Group,Utilities,Electric Utilities,112.85,112.85,89.8,111.55,110.62,109.27,108.64,103.4,0.0,0.2,113.08,105.47
WFC,Wells Fargo,Financials,Diversified Banks,85.01,85.16,52.44,84.59,83.64,82.23,80.69,75.02,0.2,1.08,85.93,78.52
WELL,Welltower,Real Estate,Health Care REITs,174.9,174.9,120.86,171.51,168.93,168.61,166.04,149.02,0.4,-0.9,173.33,163.88
WST,West Pharmaceutical Services,Health Care,Health Care Supplies,261.52,347.02,190.04,255.79,256.13,253.84,246.97,250.05,-0.1,0.81,263.64,244.05
WDC,Western Digital,Information Technology,"Technology Hardware, Storage & Peripherals",106.88,112.41,30.45,109.29,106.46,98.59,84.03,57.7,0.0,9.46,116.99,80.19
WY,Weyerhaeuser,Real Estate,Timber REITs,24.54,32.88,24.1,24.39,24.49,24.96,25.35,26.9,0.0,6.64,26.17,23.74
WSM,"Williams-Sonoma, Inc.",Consumer Discretionary,Homefurnishing Retail,201.35,215.83,127.65,199.98,199.15,198.91,195.92,179.97,0.0,2.94,207.27,190.56
WMB,Williams Companies,Energy,Oil & Gas Storage & Transportation,64.01,64.01,43.23,62.35,60.76,59.11,58.18,57.01,0.2,-0.66,63.59,54.64
WTW,Willis Towers Watson,Financials,Insurance Brokers,341.89,343.5,285.53,340.62,336.83,333.9,327.13,318.06,0.0,0.81,344.66,323.14
WDAY,"Workday, Inc.",Information Technology,Application Software,246.67,279.91,210.47,242.78,235.77,232.6,230.18,245.26,-0.1,0.07,246.84,218.37
WYNN,Wynn Resorts,Consumer Discretionary,Casinos & Gaming,128.97,129.52,65.78,126.86,125.93,124.66,116.32,94.42,0.0,0.81,130.01,119.3
XEL,Xcel Energy,Utilities,Multi-Utilities,79.28,79.28,60.16,75.97,74.13,72.99,72.51,68.6,0.0,-2.28,77.47,68.51
XYL,Xylem Inc.,Industrials,Industrial Machinery & Supplies & Components,143.03,144.22,102.25,142.52,142.11,141.19,139.97,126.62,0.0,0.89,144.3,138.09
YUM,Yum! Brands,Consumer Discretionary,Restaurants,152.7,160.96,121.48,150.25,148.74,147.51,146.09,143.69,0.2,-0.37,152.14,142.89
ZBRA,Zebra Technologies,Information Technology,Electronic Equipment & Instruments,299.77,421.11,213.54,307.94,313.77,312.67,319.59,317.6,-0.2,8.33,324.74,300.62
ZBH,Zimmer Biomet,Health Care,Health Care Equipment,98.24,112.89,89.98,99.24,99.65,102.07,100.33,101.07,-0.1,9.4,107.47,96.67
ZTS,Zoetis,Health Care,Pharmaceuticals,143.5,193.03,141.13,142.71,144.72,148.26,150.2,158.82,-0.2,9.16,156.64,139.87
