Symbol,Company,GICS_Sector,GICS_Sub_Industry,Current_Price,52_Week_High,52_Week_Low,SMA_5,SMA_10,SMA_20,SMA_50,SMA_100,SMA_125,SMA_200
MMM,3M,Industrials,Industrial Conglomerates,152.81,163.4,120.83,154.12,155.09,155.08,153.48,150.9,147.78,145.39
AOS,A. O. Smith,Industrials,Building Products,72.45,90.29,58.25,72.05,72.64,72.52,71.88,69.12,68.07,67.8
ABT,Abbott Laboratories,Health Care,Health Care Equipment,133.55,139.95,109.57,134.65,134.21,133.2,130.96,131.83,131.15,128.1
ABBV,AbbVie,Health Care,Biotechnology,220.61,225.16,159.42,220.87,220.35,216.68,205.86,195.77,193.41,190.75
ACN,Accenture,Information Technology,IT Consulting & Other Services,238.97,394.41,229.4,237.22,238.13,244.64,253.91,279.71,282.18,307.99
ADBE,Adobe Inc.,Information Technology,Application Software,360.37,557.9,330.04,358.73,358.89,354.79,355.43,374.86,372.17,396.89
AMD,Advanced Micro Devices,Information Technology,Semiconductors,159.46,186.65,76.48,160.46,159.84,158.97,165.37,145.24,134.86,127.14
AES,AES Corporation,Utilities,Independent Power Producers & Energy Traders,13.24,19.17,9.28,13.18,13.01,13.0,13.14,12.07,11.71,11.6
AFL,Aflac,Financials,Life & Health Insurance,111.36,113.54,96.14,109.16,108.71,107.97,105.09,104.01,104.39,104.21
A,Agilent Technologies,Health Care,Life Sciences Tools & Services,123.39,153.19,96.23,124.39,125.54,125.86,120.88,118.04,115.61,122.83
APD,Air Products,Materials,Industrial Gases,266.78,336.92,242.14,273.78,281.66,286.25,289.89,284.18,281.05,289.22
ABNB,Airbnb,Consumer Discretionary,"Hotels, Resorts & Cruise Lines",123.7,163.93,99.88,123.49,123.52,124.24,127.87,130.75,128.06,130.33
AKAM,Akamai Technologies,Information Technology,Internet Services & Infrastructure,76.05,106.8,67.51,75.92,76.17,77.05,76.73,77.56,77.43,82.69
ALB,Albemarle Corporation,Materials,Specialty Chemicals,88.1,111.49,48.84,83.0,81.99,80.02,78.28,69.91,67.57,73.32
ARE,Alexandria Real Estate Equities,Real Estate,Office REITs,83.85,118.71,66.16,85.35,85.69,84.61,80.62,76.4,76.6,83.57
ALGN,Align Technology,Health Care,Health Care Supplies,126.19,259.01,122.0,127.89,129.57,132.71,148.27,166.83,167.08,180.24
ALLE,Allegion,Industrials,Building Products,175.01,180.34,116.14,175.71,176.65,174.02,168.64,155.61,150.37,142.6
LNT,Alliant Energy,Utilities,Electric Utilities,66.07,67.11,54.71,65.16,64.6,64.56,64.94,62.92,62.42,61.36
ALL,Allstate,Financials,Property & Casualty Insurance,212.76,214.25,173.88,209.24,204.83,203.64,202.38,200.8,199.33,196.48
GOOGL,Alphabet Inc. (Class A),Communication Services,Interactive Media & Services,246.54,256.0,140.23,248.73,250.27,240.9,215.25,193.14,185.56,184.69
GOOG,Alphabet Inc. (Class C),Communication Services,Interactive Media & Services,247.18,256.7,142.36,249.36,250.74,241.33,215.93,194.06,186.72,186.05
MO,Altria,Consumer Staples,Tobacco,65.71,67.51,45.54,64.94,64.87,65.17,63.56,60.61,59.69,56.64
AMZN,Amazon,Consumer Discretionary,Broadline Retail,219.78,242.52,161.38,221.3,226.63,228.86,227.38,219.42,212.03,214.75
AMCR,Amcor,Materials,Paper & Plastic Packaging Products & Materials,8.05,11.04,7.9,8.07,8.19,8.26,8.84,9.04,9.08,9.27
AEE,Ameren,Utilities,Multi-Utilities,102.1,102.85,82.54,100.75,99.95,99.79,100.03,97.63,97.5,95.77
AEP,American Electric Power,Utilities,Electric Utilities,109.14,115.08,87.57,108.21,107.8,108.42,110.2,106.21,105.89,102.63
AXP,American Express,Financials,Consumer Finance,341.68,349.19,219.87,340.96,337.79,332.43,316.91,309.23,298.81,297.33
AIG,American International Group,Financials,Multi-line Insurance,77.98,87.1,68.15,77.24,77.09,78.19,78.99,80.99,81.04,78.89
AMT,American Tower,Real Estate,Telecom Tower REITs,194.27,234.33,169.77,193.68,193.92,195.34,205.76,210.76,211.58,203.92
AWK,American Water Works,Utilities,Water Utilities,136.36,153.69,116.64,136.02,136.05,138.44,141.08,140.85,141.58,136.73
AMP,Ameriprise Financial,Financials,Asset Management & Custody Banks,499.29,576.69,393.57,494.32,491.25,496.22,507.02,511.74,502.03,510.28
AME,Ametek,Industrials,Electrical Components & Equipment,186.38,197.03,144.53,186.41,187.17,187.17,184.4,181.32,177.53,179.09
AMGN,Amgen,Health Care,Biotechnology,272.98,330.26,247.06,279.24,277.96,279.98,287.81,284.83,284.54,283.87
APH,Amphenol,Information Technology,Electronic Components,122.6,126.06,56.27,123.43,121.97,117.73,111.66,101.77,95.13,85.21
ADI,Analog Devices,Information Technology,Semiconductors,247.56,257.11,157.31,247.56,246.75,247.09,239.03,232.69,223.01,219.44
AON,Aon plc,Financials,Insurance Brokers,356.08,411.24,322.37,353.6,355.04,362.52,363.39,360.42,361.78,367.23
APA,APA Corporation,Energy,Oil & Gas Exploration & Production,24.69,26.13,13.18,24.21,24.0,23.45,21.37,19.77,19.01,19.85
APO,Apollo Global Management,Financials,Asset Management & Custody Banks,137.63,187.59,101.84,139.95,140.54,137.67,140.35,138.98,136.67,144.15
AAPL,Apple Inc.,Information Technology,"Technology Hardware, Storage & Peripherals",255.46,259.18,168.8,255.03,247.24,240.76,228.37,216.11,213.3,221.56
AMAT,Applied Materials,Information Technology,Semiconductor Materials & Equipment,203.92,213.48,123.04,201.27,190.88,176.57,177.28,175.39,168.87,168.19
APTV,Aptiv,Consumer Discretionary,Automotive Parts & Equipment,86.22,86.5,47.19,85.37,84.63,82.86,76.09,71.97,68.43,66.19
ACGL,Arch Capital Group,Financials,Property & Casualty Insurance,90.88,110.75,82.49,89.54,88.89,90.19,89.77,90.79,91.0,91.46
ADM,Archer Daniels Midland,Consumer Staples,Agricultural Products & Services,60.6,64.38,40.22,60.74,61.02,61.52,59.19,54.82,53.03,51.04
ANET,Arista Networks,Information Technology,Communications Equipment,142.5,156.32,59.43,143.54,144.44,143.16,133.75,115.03,107.15,105.87
AJG,Arthur J. Gallagher & Co.,Financials,Insurance Brokers,304.15,349.78,273.89,303.24,298.61,299.03,297.71,311.65,314.84,311.91
AIZ,Assurant,Financials,Multi-line Insurance,215.62,227.13,173.64,214.1,211.26,212.16,204.98,200.34,198.67,202.13
T,AT&T,Communication Services,Integrated Telecommunication Services,28.31,29.79,20.36,28.53,28.93,29.13,28.56,28.04,27.81,26.41
ATO,Atmos Energy,Utilities,Gas Utilities,168.45,169.95,133.06,166.2,164.88,165.08,162.55,158.13,157.3,151.7
ADSK,Autodesk,Information Technology,Application Software,322.88,329.09,232.67,323.16,322.04,321.87,305.11,301.37,293.72,291.66
ADP,Automatic Data Processing,Industrials,Human Resource & Employment Services,291.54,326.59,266.62,290.96,290.61,293.58,299.1,304.45,302.13,299.78
AZO,AutoZone,Consumer Discretionary,Automotive Retail,4198.03,4388.11,2980.1,4150.4,4171.5,4209.94,4069.97,3888.36,3844.24,3681.21
AVB,AvalonBay Communities,Real Estate,Multi-Family Residential REITs,194.86,233.48,178.86,193.32,193.09,193.46,193.07,198.11,198.89,204.74
AVY,Avery Dennison,Materials,Paper & Plastic Packaging Products & Materials,160.75,219.94,155.31,161.64,163.36,165.44,169.94,173.71,172.84,176.67
AXON,Axon Enterprise,Industrials,Aerospace & Defense,708.84,885.92,388.37,734.5,747.68,743.94,758.78,756.44,718.74,672.35
BKR,Baker Hughes,Energy,Oil & Gas Equipment & Services,50.52,50.92,33.21,49.42,48.17,47.04,44.96,41.46,40.68,41.64
BALL,Ball Corporation,Materials,"Metal, Glass & Plastic Containers",49.48,67.13,43.18,48.78,49.05,49.96,53.07,53.95,52.96,52.9
BAC,Bank of America,Financials,Diversified Banks,52.21,52.88,32.69,51.88,51.64,50.91,48.82,46.8,45.04,44.62
BAX,Baxter International,Health Care,Health Care Equipment,21.98,38.69,21.18,22.38,22.95,23.55,24.36,27.23,27.71,29.15
BDX,Becton Dickinson,Health Care,Health Care Equipment,184.6,248.0,161.47,184.86,185.92,187.82,187.24,179.41,183.59,199.96
BBY,Best Buy,Consumer Discretionary,Computer & Electronics Retail,76.15,98.44,53.55,73.97,73.61,74.41,71.0,69.93,68.55,72.95
TECH,Bio-Techne,Health Care,Life Sciences Tools & Services,51.85,80.37,45.87,51.9,52.06,52.65,53.71,52.01,51.87,58.29
BIIB,Biogen,Health Care,Biotechnology,137.37,197.7,110.04,138.14,140.89,141.21,135.83,132.1,129.88,135.48
BLK,BlackRock,Financials,Asset Management & Custody Banks,1156.45,1166.38,766.05,1139.94,1134.54,1122.25,1120.58,1059.35,1024.28,1007.71
BX,Blackstone Inc.,Financials,Asset Management & Custody Banks,175.32,196.67,114.16,179.91,182.7,178.26,173.79,159.27,153.47,157.16
XYZ,"Block, Inc.",Financials,Transaction & Payment Processing Services,73.67,99.26,44.27,75.56,75.83,75.64,76.43,69.47,66.43,70.94
BK,BNY Mellon,Financials,Asset Management & Custody Banks,109.53,110.87,68.8,108.97,108.1,106.5,103.61,96.67,92.91,88.7
BA,Boeing,Industrials,Aerospace & Defense,221.26,242.69,128.88,215.66,215.5,222.19,226.43,217.48,207.03,194.31
BKNG,Booking Holdings,Consumer Discretionary,"Hotels, Resorts & Cruise Lines",5548.0,5829.37,4032.06,5523.1,5509.13,5520.25,5549.0,5504.23,5335.63,5145.44
BSX,Boston Scientific,Health Care,Health Care Equipment,98.18,109.5,80.64,97.82,98.25,102.26,103.77,103.62,102.46,100.93
BMY,Bristol Myers Squibb,Health Care,Pharmaceuticals,44.12,61.84,42.96,44.32,45.1,46.09,46.64,46.81,47.68,50.98
AVGO,Broadcom,Information Technology,Semiconductors,334.53,373.59,137.54,337.53,344.52,337.5,312.9,281.13,260.21,242.31
BR,Broadridge Financial Solutions,Industrials,Data Processing & Outsourced Services,236.0,270.85,205.0,237.46,241.19,246.36,251.37,244.75,242.32,238.21
BRO,Brown & Brown,Financials,Insurance Brokers,93.78,125.31,89.99,92.89,92.21,93.45,95.22,102.19,104.97,106.62
BLDR,Builders FirstSource,Industrials,Building Products,118.2,201.53,102.6,119.48,125.69,133.98,134.09,125.48,124.23,133.19
BG,Bunge Global,Consumer Staples,Agricultural Products & Services,81.97,96.01,65.6,79.19,79.94,81.31,80.72,79.34,78.67,77.02
BXP,"BXP, Inc.",Real Estate,Office REITs,74.82,86.38,53.45,75.49,76.48,75.56,70.71,69.39,68.04,68.58
CHRW,C.H. Robinson,Industrials,Air Freight & Logistics,131.81,138.0,83.72,133.43,134.25,131.17,120.87,108.01,104.59,103.1
CDNS,Cadence Design Systems,Information Technology,Application Software,350.11,376.45,221.56,359.56,358.38,354.19,349.8,329.03,316.79,304.62
CZR,Caesars Entertainment,Consumer Discretionary,Casinos & Gaming,27.04,45.93,21.4,26.29,26.03,25.92,26.36,27.4,27.11,29.36
CPT,Camden Property Trust,Real Estate,Multi-Family Residential REITs,107.0,124.31,101.41,107.29,107.37,108.85,109.16,112.1,112.24,113.4
CPB,Campbell's Company (The),Consumer Staples,Packaged Foods & Meats,32.08,48.05,29.39,33.0,33.14,33.17,32.67,32.71,33.59,35.57
COF,Capital One,Financials,Consumer Finance,224.05,231.82,141.57,223.86,225.39,224.38,218.86,209.86,202.01,195.98
CAH,Cardinal Health,Health Care,Health Care Distributors,153.71,168.44,104.89,151.87,150.63,150.47,152.41,154.97,151.08,141.07
KMX,CarMax,Consumer Discretionary,Automotive Retail,44.86,91.25,42.75,52.64,56.15,58.37,58.61,62.44,63.83,70.32
CCL,Carnival,Consumer Discretionary,"Hotels, Resorts & Cruise Lines",30.62,32.8,15.07,30.58,30.85,31.23,30.49,27.64,25.76,25.19
CARR,Carrier Global,Industrials,Building Products,58.84,82.31,53.89,59.33,60.1,61.84,66.41,69.54,67.84,67.46
CAT,Caterpillar Inc.,Industrials,Construction Machinery & Heavy Transportation Equipment,465.76,485.34,265.05,468.53,460.34,441.18,430.83,397.28,378.02,370.02
CBOE,Cboe Global Markets,Financials,Financial Exchanges & Data,243.52,255.27,186.22,241.53,237.99,236.09,241.52,234.74,231.11,220.96
CBRE,CBRE Group,Real Estate,Real Estate Services,158.0,167.56,108.45,159.42,161.97,162.24,157.95,145.2,140.44,138.55
CDW,CDW Corporation,Information Technology,Technology Distributors,164.37,225.83,136.33,162.11,163.12,164.76,167.75,173.08,169.28,172.97
COR,Cencora,Health Care,Health Care Distributors,307.0,310.0,216.84,301.07,295.67,296.08,292.81,292.15,290.26,273.26
CNC,Centene Corporation,Health Care,Managed Health Care,34.86,75.35,25.08,33.87,32.98,31.73,29.11,40.33,44.47,50.36
CNP,CenterPoint Energy,Utilities,Multi-Utilities,38.81,39.2,27.71,38.62,38.32,38.04,38.01,37.25,37.16,35.45
CF,CF Industries,Materials,Fertilizers & Agricultural Chemicals,92.13,103.84,66.56,89.25,87.0,86.26,87.43,89.45,86.58,85.31
CRL,Charles River Laboratories,Health Care,Life Sciences Tools & Services,148.56,230.02,91.86,149.54,151.67,155.76,159.47,152.82,146.23,156.04
SCHW,Charles Schwab Corporation,Financials,Investment Banking & Brokerage,95.46,99.42,61.62,94.19,93.38,93.92,95.48,92.05,88.99,84.7
CHTR,Charter Communications,Communication Services,Cable & Satellite,273.4,437.06,251.8,268.11,265.51,264.24,279.57,340.2,343.12,348.87
CVX,Chevron Corporation,Energy,Integrated Oil & Gas,160.16,165.09,129.01,158.71,158.55,157.97,155.09,148.27,146.36,147.75
CMG,Chipotle Mexican Grill,Consumer Discretionary,Restaurants,40.08,66.74,38.3,39.75,39.55,39.95,42.71,47.7,48.06,51.13
CB,Chubb Limited,Financials,Property & Casualty Insurance,280.69,305.88,250.52,277.23,275.29,276.66,273.82,280.1,281.16,278.98
CHD,Church & Dwight,Consumer Staples,Household Products,86.7,115.72,85.61,86.65,89.05,91.55,92.95,94.65,96.08,99.76
CI,Cigna,Health Care,Health Care Services,286.17,352.15,255.6,288.07,291.24,296.66,291.64,302.59,307.52,302.12
CINF,Cincinnati Financial,Financials,Property & Casualty Insurance,156.9,158.03,121.6,154.99,154.56,153.95,151.81,149.11,146.23,143.71
CTAS,Cintas,Industrials,Diversified Support Services,204.24,228.77,179.74,201.9,200.81,202.69,212.86,216.42,214.05,207.93
CSCO,Cisco,Information Technology,Communications Equipment,67.22,72.55,50.91,67.54,67.62,67.61,68.1,66.53,64.59,62.91
C,Citigroup,Financials,Diversified Banks,103.42,105.59,54.71,102.73,102.1,99.42,96.11,87.51,82.92,79.5
CFG,Citizens Financial Group,Financials,Regional Banks,53.38,53.89,31.96,53.02,52.7,52.28,50.12,46.17,44.17,43.95
CLX,Clorox,Consumer Staples,Household Products,124.39,166.9,116.17,122.1,122.93,123.24,123.25,125.05,127.79,136.78
CME,CME Group,Financials,Financial Exchanges & Data,270.28,288.09,204.81,265.3,262.97,263.07,270.09,272.36,270.35,258.99
CMS,CMS Energy,Utilities,Multi-Utilities,71.84,75.33,62.54,71.28,70.86,71.11,72.02,70.84,71.05,69.83
KO,Coca-Cola Company (The),Consumer Staples,Soft Drinks & Non-alcoholic Beverages,65.67,73.29,59.3,66.2,66.34,66.96,68.17,69.08,69.38,67.55
CTSH,Cognizant,Information Technology,IT Consulting & Other Services,66.98,89.77,64.98,67.57,68.28,69.64,71.04,74.92,74.24,76.49
COIN,Coinbase,Financials,Financial Exchanges & Data,312.59,444.65,142.58,318.61,325.41,317.69,330.61,311.11,285.57,273.26
CL,Colgate-Palmolive,Consumer Staples,Household Products,79.59,102.2,78.76,79.99,80.85,82.43,84.25,87.07,88.04,88.37
CMCSA,Comcast,Communication Services,Cable & Satellite,31.72,44.12,31.03,31.61,31.86,32.8,33.14,33.93,33.94,34.66
CAG,Conagra Brands,Consumer Staples,Packaged Foods & Meats,18.18,31.04,18.07,18.26,18.51,18.86,18.96,20.14,21.04,22.59
COP,ConocoPhillips,Energy,Oil & Gas Exploration & Production,98.48,112.56,78.56,95.28,94.25,94.4,94.38,92.14,91.57,93.71
ED,Consolidated Edison,Utilities,Multi-Utilities,99.62,112.97,85.07,98.39,97.36,97.43,100.05,100.71,102.3,99.29
STZ,Constellation Brands,Consumer Staples,Distillers & Vintners,132.49,255.51,131.2,132.76,133.29,140.22,157.28,165.56,168.86,176.54
CEG,Constellation Energy,Utilities,Electric Utilities,331.26,356.57,160.94,336.1,330.87,320.21,324.27,313.12,292.46,280.29
COO,Cooper Companies (The),Health Care,Health Care Supplies,67.55,111.44,61.78,67.66,66.86,67.22,70.24,72.46,73.83,80.15
CPRT,Copart,Industrials,Diversified Support Services,44.87,64.38,44.67,45.16,45.79,47.22,47.07,49.78,51.62,53.65
GLW,Corning Inc.,Information Technology,Electronic Components,79.35,81.58,36.95,79.71,79.13,75.45,67.6,58.74,55.49,52.83
CPAY,Corpay,Financials,Transaction & Payment Processing Services,296.7,400.81,269.02,296.61,301.2,308.09,316.78,324.74,323.1,336.52
CTVA,Corteva,Materials,Fertilizers & Agricultural Chemicals,68.09,77.22,53.14,68.8,69.61,71.3,71.98,71.69,69.37,66.07
CSGP,CoStar Group,Real Estate,Real Estate Services,83.99,97.43,68.26,84.55,86.41,87.22,89.63,84.33,83.17,80.31
COST,Costco,Consumer Staples,Consumer Staples Merchandise Retail,915.95,1075.34,862.73,938.28,947.01,953.05,955.59,977.61,975.42,973.44
CTRA,Coterra,Energy,Oil & Gas Exploration & Production,23.83,29.29,21.84,23.57,23.83,24.04,23.85,24.36,24.55,25.29
CRWD,CrowdStrike,Information Technology,Systems Software,481.42,517.98,272.67,481.62,474.85,448.75,444.84,457.49,442.88,418.17
CCI,Crown Castle,Real Estate,Telecom Tower REITs,95.31,114.47,81.02,94.33,94.01,94.44,100.02,99.86,99.82,96.15
CSX,CSX Corporation,Industrials,Rail Transportation,34.01,37.1,26.01,33.78,33.3,32.86,34.13,32.95,31.93,31.82
CMI,Cummins,Industrials,Construction Machinery & Heavy Transportation Equipment,418.04,432.5,257.24,419.81,419.05,409.79,392.09,357.79,343.76,345.91
CVS,CVS Health,Health Care,Health Care Services,75.77,77.34,42.12,75.68,74.87,74.12,68.88,66.55,66.43,62.36
DHR,Danaher Corporation,Health Care,Life Sciences Tools & Services,184.84,278.43,170.73,186.48,189.29,193.6,199.07,197.46,196.48,205.53
DRI,Darden Restaurants,Consumer Discretionary,Restaurants,188.12,226.68,151.84,186.7,194.19,202.28,204.22,208.01,205.9,198.53
DDOG,Datadog,Information Technology,Application Software,139.07,170.08,81.63,137.62,137.12,136.73,136.49,130.79,123.91,126.89
DVA,DaVita,Health Care,Health Care Services,130.8,179.6,126.07,131.73,130.81,133.11,136.2,138.34,139.69,145.85
DAY,Dayforce,Industrials,Human Resource & Employment Services,68.86,82.69,48.01,68.82,68.83,69.04,63.33,60.51,59.58,62.32
DECK,Deckers Brands,Consumer Discretionary,Footwear,105.77,223.98,93.72,109.62,113.33,116.35,110.85,110.25,110.02,133.16
DE,Deere & Company,Industrials,Agricultural & Farm Machinery,463.99,532.1,383.0,468.07,469.3,472.08,490.06,499.68,490.86,478.34
DELL,Dell Technologies,Information Technology,"Technology Hardware, Storage & Peripherals",130.76,145.54,65.56,132.77,131.27,127.52,130.55,122.67,115.32,112.26
DAL,Delta Air Lines,Industrials,Passenger Airlines,57.2,69.36,34.52,57.86,58.36,59.68,57.92,53.9,51.28,54.35
DVN,Devon Energy,Energy,Oil & Gas Exploration & Production,36.99,42.12,25.53,35.23,34.93,34.96,33.99,33.17,32.66,33.21
DXCM,Dexcom,Health Care,Health Care Equipment,67.1,93.25,57.52,68.12,71.24,74.34,78.44,81.49,78.87,79.72
FANG,Diamondback Energy,Energy,Oil & Gas Exploration & Production,148.25,195.31,112.4,143.93,141.34,141.21,142.21,141.06,139.58,146.43
DLR,Digital Realty,Real Estate,Data Center REITs,171.46,192.35,128.14,172.73,172.71,169.04,169.83,169.94,165.52,164.72
DG,Dollar General,Consumer Staples,Consumer Staples Merchandise Retail,102.12,117.95,65.67,103.0,103.89,105.75,108.99,107.47,104.12,93.11
DLTR,Dollar Tree,Consumer Staples,Consumer Staples Merchandise Retail,95.06,118.06,60.49,94.82,95.82,98.67,107.86,101.68,96.69,87.3
D,Dominion Energy,Utilities,Multi-Utilities,60.33,61.75,46.96,60.39,60.11,59.48,59.47,57.3,56.31,55.08
DPZ,Domino's,Consumer Discretionary,Restaurants,435.75,495.24,392.06,426.53,432.2,445.36,451.56,458.06,459.7,453.94
DASH,DoorDash,Consumer Discretionary,Specialized Consumer Services,262.47,278.15,140.53,262.76,262.76,257.21,252.61,235.48,225.02,209.92
DOV,Dover Corporation,Industrials,Industrial Machinery & Supplies & Components,167.99,220.46,142.22,168.04,170.03,173.26,177.52,179.24,176.34,181.98
DOW,Dow Inc.,Materials,Commodity Chemicals,22.96,51.74,20.11,22.86,23.51,23.93,23.89,26.02,26.53,30.42
DHI,D. R. Horton,Consumer Discretionary,Homebuilding,167.2,193.34,109.8,166.03,168.18,172.46,162.25,143.83,139.59,138.1
DTE,DTE Energy,Utilities,Multi-Utilities,139.31,140.92,111.81,137.97,136.62,135.76,136.99,134.77,134.23,130.03
DUK,Duke Energy,Utilities,Electric Utilities,123.02,126.75,102.41,122.73,121.88,121.61,121.78,118.71,118.61,115.44
DD,DuPont,Materials,Specialty Chemicals,76.18,88.2,53.17,76.45,76.95,76.93,74.95,71.96,70.2,72.7
EMN,Eastman Chemical Company,Materials,Specialty Chemicals,62.71,109.94,56.08,63.29,64.52,65.92,67.14,72.33,73.21,80.09
ETN,Eaton Corporation,Industrials,Electrical Components & Equipment,365.58,398.4,230.37,369.87,370.52,361.21,363.71,349.19,334.35,327.55
EBAY,eBay Inc.,Consumer Discretionary,Broadline Retail,91.14,100.83,55.44,91.85,90.91,91.28,91.02,82.68,79.23,73.99
ECL,Ecolab,Materials,Specialty Chemicals,271.0,285.35,220.55,267.63,266.78,269.87,271.57,267.26,261.95,256.75
EIX,Edison International,Utilities,Electric Utilities,55.01,85.03,46.98,54.74,55.15,55.2,54.53,53.5,53.91,56.28
EW,Edwards Lifesciences,Health Care,Health Care Equipment,76.25,83.0,64.01,74.9,74.98,77.5,78.4,77.42,76.34,74.74
EA,Electronic Arts,Communication Services,Interactive Home Entertainment,193.35,197.33,114.77,175.3,174.02,171.74,167.14,158.92,155.82,149.29
ELV,Elevance Health,Health Care,Managed Health Care,318.61,524.76,272.22,320.66,315.82,314.36,301.12,337.67,354.62,367.94
EMR,Emerson Electric,Industrials,Electrical Components & Equipment,128.6,149.68,89.31,130.99,131.49,132.22,135.58,130.8,125.01,123.4
ENPH,Enphase Energy,Information Technology,Semiconductor Materials & Equipment,36.5,117.38,29.89,37.89,38.2,37.94,36.21,39.4,41.86,50.6
ETR,Entergy,Utilities,Electric Utilities,92.25,92.28,62.53,90.85,89.74,88.92,88.89,85.35,84.67,82.66
EOG,EOG Resources,Energy,Oil & Gas Exploration & Production,117.31,135.49,100.76,116.48,117.49,118.97,119.0,117.53,116.3,119.54
EPAM,EPAM Systems,Information Technology,IT Consulting & Other Services,151.84,269.0,138.15,153.75,154.34,160.13,162.11,168.74,165.88,188.52
EQT,EQT Corporation,Energy,Oil & Gas Exploration & Production,54.06,60.83,34.43,52.4,51.05,51.19,51.86,54.03,53.22,51.73
EFX,Equifax,Industrials,Research & Consulting Services,254.27,298.03,199.2,255.6,257.61,252.54,248.27,256.09,252.12,252.19
EQIX,Equinix,Real Estate,Data Center REITs,790.34,977.63,693.42,792.87,789.07,783.2,781.55,812.35,809.73,842.53
EQR,Equity Residential,Real Estate,Multi-Family Residential REITs,64.53,75.25,58.19,64.46,64.34,64.79,64.42,65.94,66.09,67.05
ERIE,Erie Indemnity,Financials,Insurance Brokers,315.99,539.84,310.19,316.31,318.21,327.43,346.27,349.78,358.24,376.13
ESS,Essex Property Trust,Real Estate,Multi-Family Residential REITs,267.8,310.81,241.65,266.06,266.29,266.1,266.94,274.25,274.64,278.93
EL,Estée Lauder Companies (The),Consumer Staples,Personal Care Products,86.66,101.55,47.94,86.19,87.09,87.85,89.18,81.07,76.27,74.88
EG,Everest Group,Financials,Reinsurance,349.11,400.59,318.14,342.52,338.69,341.3,337.34,338.74,340.68,344.47
EVRG,Evergy,Utilities,Electric Utilities,74.07,74.57,56.68,73.36,72.57,72.05,71.36,68.96,68.46,66.35
ES,Eversource Energy,Utilities,Electric Utilities,69.77,69.96,51.06,68.89,66.39,64.81,64.85,64.02,62.63,60.64
EXC,Exelon,Utilities,Electric Utilities,44.09,47.26,34.98,43.95,43.56,43.46,43.94,43.46,43.85,42.32
EXE,Expand Energy,Energy,Oil & Gas Exploration & Production,105.77,121.47,74.96,102.45,100.24,98.22,97.7,104.9,104.53,102.81
EXPE,Expedia Group,Consumer Discretionary,"Hotels, Resorts & Cruise Lines",222.87,229.0,129.46,220.12,222.34,219.41,205.3,187.31,180.75,181.21
EXPD,Expeditors International,Industrials,Air Freight & Logistics,121.84,129.91,99.78,120.93,122.28,121.9,119.38,116.59,115.16,114.8
EXR,Extra Space Storage,Real Estate,Self-Storage REITs,139.83,175.1,118.4,138.47,140.47,141.99,141.0,143.67,142.51,144.21
XOM,ExxonMobil,Energy,Integrated Oil & Gas,117.22,121.93,96.01,114.67,114.24,113.11,110.3,108.78,108.07,107.84
FFIV,"F5, Inc.",Information Technology,Communications Equipment,324.87,337.39,213.24,325.65,326.04,322.42,316.44,302.74,294.26,286.98
FDS,FactSet,Financials,Financial Exchanges & Data,289.69,495.04,282.01,288.75,305.98,337.78,370.16,406.57,410.49,428.53
FICO,Fair Isaac,Information Technology,Application Software,1518.78,2402.52,1300.0,1536.81,1534.39,1534.89,1465.43,1642.38,1691.89,1772.48
FAST,Fastenal,Industrials,Trading Companies & Distributors,48.7,50.63,33.77,47.84,47.61,48.08,47.97,44.79,43.68,41.18
FRT,Federal Realty Investment Trust,Real Estate,Retail REITs,99.52,114.28,79.72,99.48,99.75,100.35,97.0,95.74,94.97,98.05
FDX,FedEx,Industrials,Air Freight & Logistics,237.82,301.45,191.82,234.36,230.92,228.52,228.21,225.85,222.93,236.47
FIS,Fidelity National Information Services,Financials,Transaction & Payment Processing Services,64.24,90.1,63.0,64.04,65.2,66.58,71.12,75.16,74.92,75.17
FITB,Fifth Third Bancorp,Financials,Regional Banks,45.43,47.75,31.96,45.19,45.46,45.53,43.86,41.76,40.46,40.95
FSLR,First Solar,Information Technology,Semiconductors,220.02,262.72,116.56,219.43,214.23,207.84,196.25,178.78,168.96,166.89
FE,FirstEnergy,Utilities,Electric Utilities,45.43,45.47,36.81,44.18,43.76,43.62,43.05,41.79,41.53,40.5
FI,Fiserv,Financials,Transaction & Payment Processing Services,129.56,238.59,128.08,129.82,131.34,133.5,137.54,153.37,163.01,182.87
F,Ford Motor Company,Consumer Discretionary,Automobile Manufacturers,12.01,12.31,8.21,11.73,11.7,11.68,11.43,11.02,10.7,10.21
FTNT,Fortinet,Information Technology,Systems Software,84.32,114.82,70.12,84.28,82.77,80.77,85.89,94.54,95.15,97.14
FTV,Fortive,Industrials,Industrial Machinery & Supplies & Components,48.53,62.58,45.4,48.22,48.39,48.15,48.49,50.83,50.79,53.59
FOXA,Fox Corporation (Class A),Communication Services,Broadcasting,61.15,62.85,40.74,61.11,60.15,59.97,58.01,56.3,55.01,53.67
FOX,Fox Corporation (Class B),Communication Services,Broadcasting,55.29,57.02,37.5,55.1,54.27,54.29,52.84,51.52,50.46,49.66
BEN,Franklin Resources,Financials,Asset Management & Custody Banks,23.27,26.08,16.03,23.7,24.01,24.54,24.79,23.63,22.52,21.43
FCX,Freeport-McMoRan,Materials,Copper,35.75,51.85,27.45,39.86,42.52,43.96,43.11,42.19,40.65,39.78
GRMN,Garmin,Consumer Discretionary,Consumer Electronics,240.48,243.61,158.5,237.48,236.64,236.99,232.89,218.62,213.26,213.08
IT,Gartner,Information Technology,IT Consulting & Other Services,264.09,584.01,223.65,261.48,256.85,250.72,270.52,343.21,356.04,408.0
GE,GE Aerospace,Industrials,Aerospace & Defense,294.98,307.25,158.81,299.82,296.66,287.68,277.03,259.28,245.46,224.63
GEHC,GE HealthCare,Health Care,Health Care Equipment,72.46,94.71,57.59,73.46,74.81,75.15,74.39,73.5,72.15,76.82
GEV,GE Vernova,Industrials,Heavy Electrical Equipment,605.17,677.29,246.59,623.89,621.6,613.79,622.13,553.1,509.27,447.99
GEN,Gen Digital,Information Technology,Systems Software,28.8,32.09,22.55,28.84,28.81,29.19,29.92,29.42,28.51,28.08
GNRC,Generac,Industrials,Electrical Components & Equipment,168.27,203.25,99.5,170.5,176.94,179.59,181.74,157.28,148.56,148.23
GD,General Dynamics,Industrials,Aerospace & Defense,330.34,330.63,236.67,324.85,325.16,324.57,318.26,300.16,293.85,280.25
GIS,General Mills,Consumer Staples,Packaged Foods & Meats,50.09,72.0,48.29,50.25,49.92,49.94,49.79,51.23,52.32,55.03
GM,General Motors,Consumer Discretionary,Automobile Manufacturers,61.24,61.98,41.36,59.84,59.36,58.75,56.17,52.83,51.29,50.65
GPC,Genuine Parts Company,Consumer Discretionary,Distributors,137.69,143.1,102.41,137.84,138.23,138.65,135.46,128.91,125.93,122.72
GILD,Gilead Sciences,Health Care,Biotechnology,112.1,120.99,79.46,112.73,112.7,113.25,113.68,110.25,109.08,105.21
GPN,Global Payments,Financials,Transaction & Payment Processing Services,84.32,118.69,65.53,85.88,85.58,86.13,84.79,81.61,81.47,90.56
GL,Globe Life,Financials,Life & Health Insurance,144.56,147.83,99.63,144.54,143.78,142.21,138.85,129.77,128.21,124.55
GDDY,GoDaddy,Information Technology,Internet Services & Infrastructure,141.4,216.0,132.51,143.34,144.16,145.18,149.95,164.74,167.02,177.19
GS,Goldman Sachs,Financials,Investment Banking & Brokerage,802.51,825.25,434.87,800.32,797.74,775.57,744.25,689.08,654.61,630.01
HAL,Halliburton,Energy,Oil & Gas Equipment & Services,25.11,31.66,18.43,24.22,23.24,22.72,22.0,21.41,21.34,23.08
HIG,Hartford (The),Financials,Property & Casualty Insurance,133.11,135.17,103.64,131.81,131.32,131.74,129.13,127.46,125.59,120.64
HAS,Hasbro,Consumer Discretionary,Leisure Products,75.59,82.19,48.07,74.98,74.85,77.13,77.54,73.15,69.62,65.51
HCA,HCA Healthcare,Health Care,Health Care Facilities,419.08,422.43,288.25,413.46,407.22,407.44,388.39,381.28,372.25,351.26
DOC,Healthpeak Properties,Real Estate,Health Care REITs,18.94,21.94,16.26,18.7,18.48,18.22,17.67,17.42,17.53,18.24
HSIC,Henry Schein,Health Care,Health Care Distributors,66.06,82.49,60.56,67.32,67.76,68.06,68.49,69.99,69.07,70.77
HSY,Hershey Company (The),Consumer Staples,Packaged Foods & Meats,188.11,202.98,136.73,189.47,189.67,187.65,184.02,174.08,171.85,168.43
HPE,Hewlett Packard Enterprise,Information Technology,"Technology Hardware, Storage & Peripherals",24.0,25.36,11.82,24.51,24.64,24.06,22.23,20.3,19.22,19.49
HLT,Hilton Worldwide,Consumer Discretionary,"Hotels, Resorts & Cruise Lines",261.75,279.81,195.81,263.3,266.29,270.96,269.86,262.96,253.97,252.24
HOLX,Hologic,Health Care,Health Care Equipment,67.21,84.39,51.9,66.87,66.43,66.35,66.7,64.33,63.14,64.88
HD,Home Depot (The),Consumer Discretionary,Home Improvement Retail,410.09,429.19,322.47,410.04,414.46,414.19,397.38,380.31,374.61,378.95
HON,Honeywell,Industrials,Industrial Conglomerates,208.19,240.47,177.52,208.56,209.67,212.23,217.7,221.61,217.2,216.25
HRL,Hormel Foods,Consumer Staples,Packaged Foods & Meats,24.72,32.84,23.71,24.52,24.7,25.01,27.16,28.57,28.81,29.09
HST,Host Hotels & Resorts,Real Estate,Hotel & Resort REITs,17.55,18.53,12.06,17.37,17.47,17.44,16.65,16.07,15.59,15.81
HWM,Howmet Aerospace,Industrials,Aerospace & Defense,193.15,194.88,97.59,191.79,190.31,184.74,182.01,176.86,167.47,151.0
HPQ,HP Inc.,Information Technology,"Technology Hardware, Storage & Peripherals",26.71,38.25,20.76,27.57,27.76,28.16,26.75,26.11,25.73,27.77
HUBB,Hubbell Incorporated,Industrials,Industrial Machinery & Supplies & Components,425.22,475.24,297.55,430.11,433.89,435.33,432.85,413.21,398.68,397.29
HUM,Humana,Health Care,Managed Health Care,254.95,321.0,206.87,257.51,262.22,279.0,270.1,253.06,255.85,259.68
HBAN,Huntington Bancshares,Financials,Regional Banks,17.42,17.93,11.7,17.36,17.47,17.51,16.93,16.43,15.88,15.84
HII,Huntington Ingalls Industries,Industrials,Aerospace & Defense,278.77,291.7,155.93,275.94,274.82,272.94,268.18,250.81,242.88,221.87
IBM,IBM,Information Technology,IT Consulting & Other Services,284.31,294.17,197.92,275.38,268.11,259.42,254.37,263.29,257.68,249.75
IEX,IDEX Corporation,Industrials,Industrial Machinery & Supplies & Components,161.35,235.67,152.2,160.08,160.81,161.86,166.07,173.43,172.7,183.49
IDXX,Idexx Laboratories,Health Care,Health Care Equipment,632.22,688.12,356.14,634.01,641.22,642.44,622.95,571.88,541.16,500.27
ITW,Illinois Tool Works,Industrials,Industrial Machinery & Supplies & Components,261.04,274.77,213.36,260.12,261.42,262.77,261.23,254.27,250.33,252.13
INCY,Incyte,Health Care,Biotechnology,82.7,87.99,53.56,83.56,84.22,84.97,81.31,73.9,71.03,70.59
IR,Ingersoll Rand,Industrials,Industrial Machinery & Supplies & Components,82.3,105.95,65.58,81.37,80.57,80.04,80.68,81.97,80.35,83.59
PODD,Insulet Corporation,Health Care,Health Care Equipment,318.0,353.5,225.37,326.29,329.05,336.67,317.9,312.31,300.71,289.05
INTC,Intel,Information Technology,Semiconductors,35.5,36.3,17.67,31.76,29.39,26.9,24.15,22.81,22.32,22.01
ICE,Intercontinental Exchange,Financials,Financial Exchanges & Data,167.73,188.82,141.12,168.25,169.76,171.9,177.98,177.98,174.75,169.23
IFF,International Flavors & Fragrances,Materials,Specialty Chemicals,60.72,105.18,60.13,61.63,62.77,64.33,67.36,71.49,72.09,75.98
IP,International Paper,Materials,Paper & Plastic Packaging Products & Materials,45.32,58.71,42.44,45.88,46.17,46.95,48.22,47.91,47.65,49.79
IPG,Interpublic Group of Companies (The),Communication Services,Advertising,26.35,31.81,21.93,26.03,26.08,26.33,25.75,24.84,24.68,25.48
INTU,Intuit,Information Technology,Application Software,698.26,813.7,531.0,697.4,681.52,672.97,711.76,723.12,698.06,664.55
ISRG,Intuitive Surgical,Health Care,Health Care Equipment,441.12,616.0,425.0,443.11,439.22,449.51,470.33,503.43,501.91,519.89
IVZ,Invesco,Financials,Asset Management & Custody Banks,22.72,22.99,11.33,22.45,22.4,22.23,21.51,18.35,17.34,17.11
INVH,Invitation Homes,Real Estate,Single-Family Residential REITs,29.18,35.13,28.76,29.16,29.23,29.65,30.23,31.52,31.79,31.65
IQV,IQVIA,Health Care,Life Sciences Tools & Services,179.56,238.56,134.65,182.35,184.87,185.93,186.37,169.49,166.22,177.09
IRM,Iron Mountain,Real Estate,Other Specialized REITs,100.93,126.21,71.19,102.3,101.0,96.96,94.89,96.69,94.14,95.05
JBHT,J.B. Hunt,Industrials,Cargo Ground Transportation,134.46,198.61,122.01,132.47,133.86,138.13,142.02,142.71,140.85,150.18
JBL,Jabil,Information Technology,Electronic Manufacturing Services,215.84,237.14,108.57,223.8,220.97,215.01,216.96,202.7,189.46,175.01
JKHY,Jack Henry & Associates,Financials,Transaction & Payment Processing Services,149.38,194.68,148.3,150.16,153.45,157.39,163.17,171.14,171.41,172.14
J,Jacobs Solutions,Industrials,Construction & Engineering,147.86,152.07,104.68,148.01,147.91,146.58,145.51,136.83,132.98,131.55
JNJ,Johnson & Johnson,Health Care,Pharmaceuticals,179.71,179.9,137.37,176.98,176.63,177.21,173.5,163.14,161.0,157.22
JCI,Johnson Controls,Industrials,Building Products,107.01,112.63,67.78,107.38,107.63,107.22,106.91,104.13,99.11,92.46
JPM,JPMorgan Chase,Financials,Diversified Banks,316.06,317.81,199.85,313.62,312.6,306.43,298.82,285.09,275.08,265.21
K,Kellanova,Consumer Staples,Packaged Foods & Meats,77.94,82.04,76.48,77.2,77.87,78.59,79.06,79.57,79.91,80.03
KVUE,Kenvue,Consumer Staples,Personal Care Products,16.42,24.71,16.07,16.73,17.48,18.48,20.31,21.18,21.46,21.49
KDP,Keurig Dr Pepper,Consumer Staples,Soft Drinks & Non-alcoholic Beverages,25.5,37.03,25.4,25.99,26.52,27.39,31.03,32.09,32.57,32.37
KEY,KeyCorp,Financials,Regional Banks,18.89,19.41,12.43,18.79,18.83,18.96,18.44,17.43,16.79,16.7
KEYS,Keysight Technologies,Information Technology,Electronic Equipment & Instruments,173.34,186.2,121.43,175.16,174.79,171.34,167.06,164.24,159.34,161.57
KMB,Kimberly-Clark,Consumer Staples,Household Products,122.23,147.59,120.67,123.15,124.2,126.41,128.41,130.2,130.98,130.81
KIM,Kimco Realty,Real Estate,Retail REITs,21.59,24.7,17.52,21.67,21.89,22.13,21.66,21.22,20.94,21.18
KMI,Kinder Morgan,Energy,Oil & Gas Storage & Transportation,28.21,30.49,20.69,27.72,27.58,27.26,27.11,27.38,27.16,27.02
KKR,KKR & Co.,Financials,Asset Management & Custody Banks,134.01,169.7,85.9,140.36,143.35,141.16,142.95,134.91,129.39,133.44
KLAC,KLA Corporation,Information Technology,Semiconductor Materials & Equipment,1064.29,1076.79,548.81,1066.9,1039.54,970.93,928.85,881.87,837.32,785.88
KHC,Kraft Heinz,Consumer Staples,Packaged Foods & Meats,26.05,34.37,25.07,26.31,26.13,26.47,27.03,26.66,27.03,27.75
KR,Kroger,Consumer Staples,Food Retail,65.46,74.52,53.78,65.27,65.91,66.88,69.25,69.02,69.02,66.42
LHX,L3Harris,Industrials,Aerospace & Defense,293.56,293.92,190.25,287.46,285.2,279.92,274.89,258.6,249.44,234.09
LH,Labcorp,Health Care,Health Care Services,280.61,283.47,208.23,278.99,277.49,277.02,270.1,261.19,254.49,248.44
LRCX,Lam Research,Information Technology,Semiconductor Materials & Equipment,128.33,133.31,56.07,129.68,126.2,115.44,106.1,97.71,91.75,86.39
LW,Lamb Weston,Consumer Staples,Packaged Foods & Meats,55.22,82.35,47.25,54.3,55.31,56.08,55.28,53.94,53.75,55.65
LVS,Las Vegas Sands,Consumer Discretionary,Casinos & Gaming,54.01,58.05,29.84,53.2,53.07,54.0,53.29,48.21,45.47,45.43
LDOS,Leidos,Industrials,Diversified Support Services,184.9,200.78,122.65,185.93,185.33,182.67,176.0,164.89,160.04,152.75
LEN,Lennar,Consumer Discretionary,Homebuilding,126.04,181.28,97.54,124.18,128.17,132.76,126.87,118.04,115.87,120.15
LII,Lennox International,Industrials,Building Products,521.94,689.44,497.88,525.01,535.46,547.48,581.4,578.58,571.65,586.05
LLY,Lilly (Eli),Health Care,Pharmaceuticals,724.54,932.17,622.41,736.58,747.09,745.11,734.5,749.73,759.42,781.19
LIN,Linde plc,Materials,Industrial Gases,474.41,484.83,406.06,476.0,476.31,475.55,473.36,467.45,463.11,454.95
LYV,Live Nation Entertainment,Communication Services,Movies & Entertainment,161.79,175.25,106.2,163.03,165.57,166.72,160.42,152.22,147.62,143.27
LKQ,LKQ Corporation,Consumer Discretionary,Distributors,30.3,43.77,28.65,30.28,30.74,31.54,31.53,35.18,36.11,36.91
LMT,Lockheed Martin,Industrials,Aerospace & Defense,487.44,602.02,407.14,485.02,479.23,469.45,446.93,456.13,456.22,456.98
L,Loews Corporation,Financials,Multi-line Insurance,100.3,100.57,74.95,98.76,97.72,97.25,95.05,92.2,91.0,88.73
LOW,Lowe's,Consumer Discretionary,Home Improvement Retail,257.12,281.56,204.22,258.04,263.35,264.92,250.65,236.71,233.43,237.84
LULU,Lululemon Athletica,Consumer Discretionary,"Apparel, Accessories & Luxury Goods",176.3,423.32,159.25,174.85,169.94,174.88,192.61,231.89,238.63,288.76
LYB,LyondellBasell,Materials,Specialty Chemicals,49.45,89.94,46.44,50.25,51.47,53.23,54.42,55.88,55.98,61.51
MTB,M&T Bank,Financials,Regional Banks,200.14,219.44,148.52,199.58,199.08,199.21,194.43,190.01,184.65,185.52
MPC,Marathon Petroleum,Energy,Oil & Gas Refining & Marketing,198.69,201.59,113.82,193.27,188.45,184.56,174.57,169.2,161.54,155.02
MKTX,MarketAxess,Financials,Financial Exchanges & Data,180.14,292.5,176.57,178.98,180.11,182.38,190.79,204.86,207.19,209.2
MAR,Marriott International,Consumer Discretionary,"Hotels, Resorts & Cruise Lines",264.21,305.27,204.35,262.64,264.07,265.03,266.02,266.43,258.86,264.26
MMC,Marsh McLennan,Financials,Insurance Brokers,199.56,246.94,195.01,198.34,197.7,200.69,203.95,212.53,215.39,217.77
MLM,Martin Marietta Materials,Materials,Construction Materials,613.74,632.26,440.72,612.76,613.33,616.16,603.42,576.83,560.22,542.61
MAS,Masco,Industrials,Building Products,70.44,85.23,56.02,71.02,71.96,72.95,71.33,67.57,66.41,69.33
MA,Mastercard,Financials,Transaction & Payment Processing Services,565.13,601.77,464.22,571.14,579.39,583.67,578.02,572.8,563.17,554.21
MTCH,Match Group,Communication Services,Interactive Media & Services,36.24,39.2,26.24,36.32,37.12,37.46,36.44,33.51,32.68,32.5
MKC,McCormick & Company,Consumer Staples,Packaged Foods & Meats,65.7,85.22,63.66,64.89,65.6,67.66,69.43,71.49,72.35,74.26
MCD,McDonald's,Consumer Discretionary,Restaurants,305.24,322.65,271.85,303.61,303.19,307.61,305.1,303.31,304.32,300.21
MCK,McKesson Corporation,Health Care,Health Care Distributors,760.55,770.0,470.21,739.19,717.3,708.01,697.92,706.14,702.76,666.77
MDT,Medtronic,Health Care,Health Care Equipment,94.22,95.99,77.57,94.77,94.67,93.93,92.52,89.08,87.99,87.34
MRK,Merck & Co.,Health Care,Pharmaceuticals,78.56,111.88,71.87,79.24,80.25,81.87,81.78,79.92,79.95,84.56
META,Meta Platforms,Communication Services,Interactive Media & Services,743.75,795.71,479.11,754.78,764.93,756.63,750.59,714.35,679.72,663.58
MET,MetLife,Financials,Life & Health Insurance,81.62,87.17,64.24,80.77,79.99,80.15,78.44,78.38,77.38,78.89
MTD,Mettler Toledo,Health Care,Life Sciences Tools & Services,1204.43,1521.01,946.69,1234.27,1253.42,1268.42,1266.75,1217.64,1186.0,1218.18
MGM,MGM Resorts,Consumer Discretionary,Casinos & Gaming,35.6,42.54,25.3,34.78,35.19,36.02,36.51,35.28,34.18,34.11
MCHP,Microchip Technology,Information Technology,Semiconductors,64.42,79.31,33.63,65.04,65.0,64.84,66.26,65.56,60.88,58.81
MU,Micron Technology,Information Technology,Semiconductors,157.27,170.45,61.48,161.37,161.5,147.07,128.2,118.59,109.84,104.58
MSFT,Microsoft,Information Technology,Systems Software,511.46,554.54,343.59,510.46,511.31,507.06,511.69,492.36,470.54,448.99
MAA,Mid-America Apartment Communities,Real Estate,Multi-Family Residential REITs,139.57,170.0,137.32,140.22,140.21,142.04,143.37,147.63,149.46,151.15
MRNA,Moderna,Health Care,Biotechnology,24.49,67.96,23.15,25.47,25.17,24.8,27.06,27.32,27.16,30.76
MHK,Mohawk Industries,Consumer Discretionary,Home Furnishings,128.59,164.29,96.24,127.71,130.71,133.09,126.84,116.01,113.98,116.31
MOH,Molina Healthcare,Health Care,Managed Health Care,191.98,359.97,151.95,187.28,182.02,180.62,172.12,229.71,249.56,268.61
TAP,Molson Coors Beverage Company,Consumer Staples,Brewers,44.83,63.47,43.8,44.75,45.93,47.71,49.17,50.13,51.73,53.53
MDLZ,Mondelez International,Consumer Staples,Packaged Foods & Meats,63.36,73.02,53.2,63.53,63.17,62.49,63.71,65.2,65.43,63.55
MPWR,Monolithic Power Systems,Information Technology,Semiconductors,887.55,947.45,437.93,904.89,894.3,869.79,824.4,763.77,720.67,684.06
MNST,Monster Beverage,Consumer Staples,Soft Drinks & Non-alcoholic Beverages,65.34,67.13,45.7,64.66,64.91,64.07,62.65,62.42,61.66,58.07
MCO,Moody's Corporation,Financials,Financial Exchanges & Data,476.74,528.95,377.3,477.86,488.09,496.85,505.42,494.87,483.02,481.68
MS,Morgan Stanley,Financials,Investment Banking & Brokerage,160.11,163.98,92.93,159.68,158.74,155.09,148.3,140.19,134.16,131.15
MOS,Mosaic Company (The),Materials,Fertilizers & Agricultural Chemicals,35.32,37.97,21.99,34.69,34.37,33.62,33.76,34.44,32.93,30.19
MSI,Motorola Solutions,Information Technology,Communications Equipment,456.52,502.83,387.0,461.91,469.74,473.99,457.21,436.13,433.07,438.63
MSCI,MSCI Inc.,Financials,Financial Exchanges & Data,565.42,636.39,483.67,566.7,567.15,566.64,561.44,562.51,557.6,567.27
NDAQ,"Nasdaq, Inc.",Financials,Financial Exchanges & Data,87.51,97.36,64.46,87.95,89.67,91.93,93.31,89.1,85.89,82.97
NTAP,NetApp,Information Technology,"Technology Hardware, Storage & Peripherals",119.88,133.34,71.49,122.39,123.49,121.7,112.96,107.43,102.85,106.11
NFLX,Netflix,Communication Services,Movies & Entertainment,1210.61,1341.15,677.88,1213.73,1213.47,1221.61,1208.77,1217.4,1173.94,1087.44
NEM,Newmont,Materials,Gold,85.25,86.62,36.35,84.16,81.79,79.14,71.54,63.41,60.98,53.98
NWSA,News Corp (Class A),Communication Services,Publishing,30.45,30.95,23.3,30.45,30.32,29.76,29.51,29.0,28.45,28.23
NWS,News Corp (Class B),Communication Services,Publishing,33.63,35.47,26.17,33.71,33.48,33.16,33.52,33.22,32.6,32.15
NEE,NextEra Energy,Utilities,Multi-Utilities,75.85,83.5,60.75,73.8,72.25,71.72,72.37,71.69,70.57,70.16
NKE,"Nike, Inc.",Consumer Discretionary,"Apparel, Accessories & Luxury Goods",69.31,88.65,51.67,70.4,71.31,72.88,74.63,69.46,66.9,69.31
NI,NiSource,Utilities,Multi-Utilities,42.57,43.51,32.69,41.93,40.96,40.98,41.69,40.43,40.05,39.06
NDSN,Nordson Corporation,Industrials,Industrial Machinery & Supplies & Components,227.0,262.94,163.83,224.36,225.02,224.38,219.72,214.46,208.53,209.69
NSC,Norfolk Southern,Industrials,Rail Transportation,297.49,298.42,199.43,293.6,286.76,281.58,280.32,264.29,255.24,249.47
NTRS,Northern Trust,Financials,Asset Management & Custody Banks,133.31,135.0,80.54,131.3,130.92,129.79,128.25,120.4,114.38,110.38
NOC,Northrop Grumman,Industrials,Aerospace & Defense,594.52,598.64,420.66,583.96,579.76,580.42,577.58,533.24,526.08,505.25
NCLH,Norwegian Cruise Line Holdings,Consumer Discretionary,"Hotels, Resorts & Cruise Lines",25.04,29.29,14.21,25.25,25.38,25.45,24.75,22.11,21.07,22.4
NRG,NRG Energy,Utilities,Independent Power Producers & Energy Traders,168.57,175.96,79.04,167.1,165.89,158.81,156.34,153.82,142.96,126.3
NUE,Nucor,Materials,Steel,138.13,168.24,97.18,135.85,137.41,140.93,142.33,132.96,128.99,128.1
NVDA,Nvidia,Information Technology,Semiconductors,178.19,184.55,86.61,178.98,177.07,174.81,176.56,160.34,149.57,141.81
NVR,"NVR, Inc.",Consumer Discretionary,Homebuilding,8032.78,9964.77,6562.85,7976.29,8077.99,8213.52,8035.9,7661.26,7554.21,7642.17
NXPI,NXP Semiconductors,Information Technology,Semiconductors,226.04,251.87,146.73,226.37,224.25,224.53,223.39,216.6,208.61,209.51
ORLY,O’Reilly Automotive,Consumer Discretionary,Automotive Retail,106.1,108.42,75.32,104.27,104.52,104.98,102.38,96.55,95.73,92.02
OXY,Occidental Petroleum,Energy,Oil & Gas Exploration & Production,47.47,55.34,34.4,46.71,46.74,46.43,45.13,43.96,43.2,44.95
ODFL,Old Dominion,Industrials,Cargo Ground Transportation,138.59,231.78,133.69,139.67,141.56,145.18,150.18,156.72,156.24,166.29
OMC,Omnicom Group,Communication Services,Advertising,77.05,103.32,67.76,76.16,76.22,77.0,75.45,73.82,73.84,77.06
ON,ON Semiconductor,Information Technology,Semiconductors,50.16,76.06,31.04,50.56,50.32,49.48,51.54,50.73,48.04,50.21
OKE,Oneok,Energy,Oil & Gas Storage & Transportation,73.89,113.92,70.63,73.04,72.84,73.16,75.45,78.17,79.27,85.85
ORCL,Oracle Corporation,Information Technology,Application Software,283.46,345.72,118.18,305.05,304.07,278.99,258.5,224.66,206.86,190.81
OTIS,Otis Worldwide,Industrials,Industrial Machinery & Supplies & Components,90.38,105.86,83.85,89.4,89.5,88.39,88.39,92.59,93.27,94.31
PCAR,Paccar,Industrials,Construction Machinery & Heavy Transportation Equipment,100.5,114.66,84.08,97.56,99.45,99.28,98.83,96.45,95.2,98.9
PKG,Packaging Corporation of America,Materials,Paper & Plastic Packaging Products & Materials,215.95,244.78,170.61,214.17,213.14,213.92,205.61,198.62,195.9,202.51
PLTR,Palantir Technologies,Information Technology,Application Software,177.57,190.0,36.05,179.63,176.73,168.31,166.09,149.31,138.94,118.85
PANW,Palo Alto Networks,Information Technology,Systems Software,202.37,210.39,144.15,203.34,203.63,199.13,189.69,192.34,188.22,187.62
PSKY,Paramount Skydance Corporation,Communication Services,Movies & Entertainment,18.92,20.86,9.92,19.06,18.61,17.07,14.8,13.48,13.02,12.25
PH,Parker Hannifin,Industrials,Industrial Machinery & Supplies & Components,750.72,779.77,485.92,752.94,752.86,755.46,742.36,708.54,682.22,670.67
PAYX,Paychex,Industrials,Human Resource & Employment Services,128.21,160.03,126.13,128.57,130.0,132.87,137.71,143.89,143.97,143.58
PAYC,Paycom,Industrials,Human Resource & Employment Services,217.51,267.33,157.01,217.91,216.89,220.14,224.89,234.46,230.85,223.7
PYPL,PayPal,Financials,Transaction & Payment Processing Services,67.3,93.66,55.85,67.38,67.62,67.89,69.59,71.06,69.48,73.53
PNR,Pentair,Industrials,Industrial Machinery & Supplies & Components,109.76,112.91,73.85,109.45,110.02,109.71,106.78,103.44,99.75,98.6
PEP,PepsiCo,Consumer Staples,Soft Drinks & Non-alcoholic Beverages,140.44,170.89,125.14,141.09,140.98,143.01,143.56,136.82,137.16,140.48
PFE,Pfizer,Health Care,Pharmaceuticals,23.76,28.43,20.18,23.92,23.97,24.31,24.51,24.01,23.66,24.19
PCG,PG&E Corporation,Utilities,Multi-Utilities,14.97,21.62,12.97,14.69,14.87,15.04,14.81,15.03,15.42,16.09
PM,Philip Morris International,Consumer Staples,Tobacco,164.89,185.29,114.24,163.53,163.32,164.02,165.77,171.57,169.36,156.64
PSX,Phillips 66,Energy,Oil & Gas Refining & Marketing,139.46,142.35,89.26,135.4,133.54,132.69,127.26,123.03,118.8,118.79
PNW,Pinnacle West Capital,Utilities,Multi-Utilities,86.76,94.64,79.08,86.67,86.52,87.49,89.75,89.6,90.02,88.68
PNC,PNC Financial Services,Financials,Diversified Banks,203.32,210.46,142.39,203.44,203.61,203.83,198.12,188.74,182.38,183.96
POOL,Pool Corporation,Consumer Discretionary,Distributors,305.86,391.14,281.15,309.44,316.66,318.32,315.92,307.98,306.88,319.06
PPG,PPG Industries,Materials,Specialty Chemicals,103.65,133.97,89.08,105.76,107.31,108.75,109.78,110.89,109.06,111.23
PPL,PPL Corporation,Utilities,Electric Utilities,36.72,37.09,30.41,36.28,35.97,35.93,36.06,35.0,35.0,34.19
PFG,Principal Financial Group,Financials,Life & Health Insurance,82.62,88.63,67.06,82.11,81.8,81.11,79.14,78.4,77.44,78.36
PG,Procter & Gamble,Consumer Staples,Personal Care Products,152.5,177.66,149.91,152.53,155.12,156.8,155.96,158.05,159.05,161.41
PGR,Progressive Corporation,Financials,Property & Casualty Insurance,243.48,292.77,228.37,241.09,242.4,244.46,245.38,257.49,260.45,258.78
PLD,Prologis,Real Estate,Industrial REITs,114.19,123.15,83.8,113.73,113.85,112.87,109.45,107.69,106.07,107.92
PRU,Prudential Financial,Financials,Life & Health Insurance,104.41,125.75,88.12,103.27,103.44,105.22,104.57,104.05,103.16,106.23
PEG,Public Service Enterprise Group,Utilities,Electric Utilities,82.3,92.35,73.5,81.9,81.69,81.4,83.85,81.86,81.46,81.67
PTC,PTC Inc.,Information Technology,Application Software,202.96,219.69,133.38,203.85,204.44,207.17,207.87,190.6,182.31,180.11
PSA,Public Storage,Real Estate,Self-Storage REITs,286.29,355.59,251.43,281.85,282.75,286.14,283.82,288.27,287.6,289.39
PHM,PulteGroup,Consumer Discretionary,Homebuilding,131.15,148.31,87.74,130.02,131.87,134.07,126.9,115.32,112.0,110.84
PWR,Quanta Services,Industrials,Construction & Engineering,405.44,424.94,227.02,398.85,391.34,385.02,389.01,373.61,353.63,332.6
QCOM,Qualcomm,Information Technology,Semiconductors,169.2,178.09,119.4,170.34,167.73,163.61,157.97,154.93,151.76,154.56
DGX,Quest Diagnostics,Health Care,Health Care Services,188.99,189.23,144.09,186.57,184.28,182.9,178.31,176.39,174.88,169.39
RL,Ralph Lauren Corporation,Consumer Discretionary,"Apparel, Accessories & Luxury Goods",311.97,321.77,176.02,309.03,310.82,311.25,300.66,286.74,271.68,260.65
RJF,Raymond James Financial,Financials,Investment Banking & Brokerage,175.69,177.66,117.19,174.12,172.6,170.32,167.2,158.81,153.94,154.25
RTX,RTX Corporation,Industrials,Aerospace & Defense,163.35,165.35,111.21,161.04,159.69,158.11,156.51,147.9,143.31,135.68
O,Realty Income,Real Estate,Retail REITs,60.32,61.61,49.53,59.74,59.69,59.36,58.17,57.05,56.69,55.36
REG,Regency Centers,Real Estate,Retail REITs,71.52,75.93,62.21,71.24,70.79,71.38,71.11,70.68,70.49,70.7
REGN,Regeneron Pharmaceuticals,Health Care,Biotechnology,563.9,1065.43,475.77,571.99,578.38,572.29,568.67,556.11,561.53,611.51
RF,Regions Financial Corporation,Financials,Regional Banks,26.63,27.61,17.36,26.64,26.81,26.93,26.15,24.21,23.28,23.12
RSG,Republic Services,Industrials,Environmental & Facilities Services,228.21,258.14,196.11,227.25,226.97,228.96,233.26,240.23,240.66,232.5
RMD,ResMed,Health Care,Health Care Equipment,270.27,293.81,199.07,272.36,272.38,273.16,277.17,263.76,255.11,246.81
RVTY,Revvity,Health Care,Health Care Equipment,84.06,129.23,81.36,84.71,85.27,85.44,88.99,91.87,92.64,101.01
ROK,Rockwell Automation,Industrials,Electrical Components & Equipment,343.58,359.54,213.27,342.84,344.39,343.4,345.02,332.14,313.46,300.38
ROL,"Rollins, Inc.",Industrials,Environmental & Facilities Services,58.43,58.96,44.94,56.39,56.1,56.51,56.99,56.7,56.28,53.63
ROP,Roper Technologies,Information Technology,Electronic Equipment & Instruments,499.31,593.46,492.25,502.73,504.46,512.29,529.09,547.51,549.63,550.93
ROST,Ross Stores,Consumer Discretionary,Apparel Retail,151.52,156.94,121.69,148.15,147.32,148.63,145.06,141.07,140.05,140.57
RCL,Royal Caribbean Group,Consumer Discretionary,"Hotels, Resorts & Cruise Lines",326.89,365.38,163.05,327.05,325.93,337.88,333.29,305.33,284.53,265.93
SPGI,S&P Global,Financials,Financial Exchanges & Data,487.18,578.04,425.6,493.04,510.95,527.19,538.74,527.08,516.91,513.09
CRM,Salesforce,Information Technology,Application Software,243.43,366.78,226.09,244.9,243.91,246.55,249.12,259.9,259.39,281.14
SBAC,SBA Communications,Real Estate,Telecom Tower REITs,194.22,247.78,186.81,196.34,197.62,197.56,212.76,221.46,221.82,215.91
SLB,Schlumberger,Energy,Oil & Gas Equipment & Services,35.52,44.81,30.61,34.63,34.71,35.27,34.4,34.41,34.46,36.43
STX,Seagate Technology,Information Technology,"Technology Hardware, Storage & Peripherals",217.51,231.96,62.86,223.7,219.2,202.25,173.87,149.8,135.44,119.47
SRE,Sempra,Utilities,Multi-Utilities,88.59,93.45,61.37,86.16,84.52,83.26,82.08,78.74,77.12,77.71
NOW,ServiceNow,Information Technology,Systems Software,936.0,1198.09,678.66,932.69,940.21,931.33,920.4,962.53,937.53,959.29
SHW,Sherwin-Williams,Materials,Specialty Chemicals,341.91,397.81,307.5,343.17,347.27,356.18,353.89,351.8,348.87,349.17
SPG,Simon Property Group,Real Estate,Retail REITs,185.39,185.87,132.99,183.28,182.41,181.1,172.85,165.71,162.62,165.0
SWKS,Skyworks Solutions,Information Technology,Semiconductors,79.51,97.73,47.01,80.75,78.13,76.31,73.66,72.69,69.81,72.52
SJM,J.M. Smucker Company (The),Consumer Staples,Packaged Foods & Meats,109.21,121.73,92.38,108.7,107.09,108.94,109.1,106.94,108.25,107.4
SW,Smurfit Westrock,Materials,Paper & Plastic Packaging Products & Materials,42.13,55.46,36.31,42.99,43.57,44.87,44.84,44.31,43.65,46.09
SNA,Snap-on,Industrials,Industrial Machinery & Supplies & Components,341.91,366.68,275.68,339.21,337.79,332.26,327.58,321.73,320.35,326.05
SOLV,Solventum,Health Care,Health Care Technology,71.37,85.92,60.7,72.16,73.03,72.88,72.84,73.26,72.1,72.46
SO,Southern Company,Utilities,Electric Utilities,94.53,95.68,78.5,93.74,92.72,92.25,93.26,91.25,90.82,88.23
LUV,Southwest Airlines,Industrials,Passenger Airlines,32.53,37.75,23.55,32.63,32.31,31.99,31.91,32.27,31.21,31.31
SWK,Stanley Black & Decker,Industrials,Industrial Machinery & Supplies & Components,73.85,106.2,52.62,74.54,76.33,76.18,73.28,69.96,68.06,73.01
SBUX,Starbucks,Consumer Discretionary,Restaurants,83.39,115.87,74.48,84.49,84.07,84.67,88.35,88.57,87.64,92.1
STT,State Street Corporation,Financials,Asset Management & Custody Banks,115.71,116.37,72.29,113.84,113.02,112.91,112.2,106.05,101.53,98.94
STLD,Steel Dynamics,Materials,Steel,139.63,153.72,102.78,137.57,137.51,134.61,130.5,130.93,129.05,127.34
STE,Steris,Health Care,Health Care Equipment,249.08,253.0,199.47,247.64,248.21,247.06,240.48,238.77,235.17,228.06
SYK,Stryker Corporation,Health Care,Health Care Equipment,369.02,404.87,328.46,372.11,374.58,382.17,385.66,385.32,380.03,378.68
SMCI,Supermicro,Information Technology,"Technology Hardware, Storage & Peripherals",45.82,66.44,17.25,46.42,45.91,43.92,47.25,45.52,43.08,40.91
SYF,Synchrony Financial,Financials,Consumer Finance,74.54,77.41,40.15,74.75,75.25,75.49,73.02,67.56,63.86,63.24
SNPS,Synopsys,Information Technology,Application Software,487.76,651.73,365.74,489.63,469.43,507.34,571.34,538.18,516.15,506.25
SYY,Sysco,Consumer Staples,Food Distributors,81.94,83.24,66.65,81.69,81.67,81.43,80.57,77.19,75.97,74.93
TMUS,T-Mobile US,Communication Services,Wireless Telecommunication Services,237.47,274.51,198.88,238.15,238.46,242.95,243.95,239.7,242.32,241.22
TROW,T. Rowe Price,Financials,Asset Management & Custody Banks,103.47,119.7,75.88,104.02,104.46,105.16,105.07,99.69,96.86,99.65
TTWO,Take-Two Interactive,Communication Services,Interactive Home Entertainment,256.12,258.1,146.76,249.65,249.44,246.06,235.35,234.59,230.45,217.78
TPR,"Tapestry, Inc.",Consumer Discretionary,"Apparel, Accessories & Luxury Goods",109.05,117.0,42.3,112.06,111.73,108.17,106.27,95.24,89.5,83.08
TRGP,Targa Resources,Energy,Oil & Gas Storage & Transportation,174.19,215.2,141.47,170.7,168.08,166.23,165.24,165.51,166.67,176.18
TGT,Target Corporation,Consumer Staples,Consumer Staples Merchandise Retail,87.85,155.5,85.44,87.38,88.17,90.15,97.26,97.12,96.4,106.63
TEL,TE Connectivity,Information Technology,Electronic Manufacturing Services,217.04,221.0,115.38,217.06,215.63,211.99,205.57,184.92,174.88,164.16
TDY,Teledyne Technologies,Information Technology,Electronic Equipment & Instruments,577.11,579.46,419.0,568.57,563.33,555.42,551.08,526.59,514.27,504.97
TER,Teradyne,Information Technology,Semiconductor Materials & Equipment,135.31,143.64,65.6,134.25,125.22,121.47,111.86,98.78,93.94,101.74
TSLA,"Tesla, Inc.",Consumer Discretionary,Automobile Manufacturers,440.4,488.54,212.11,433.33,426.71,387.98,351.96,337.41,321.98,334.47
TXN,Texas Instruments,Information Technology,Semiconductors,184.55,220.1,137.77,182.54,180.98,185.24,190.64,192.88,185.54,185.06
TPL,Texas Pacific Land Corporation,Energy,Oil & Gas Exploration & Production,954.28,1759.83,844.11,924.62,918.37,920.6,922.22,1038.77,1085.57,1165.23
TXT,Textron,Industrials,Aerospace & Defense,83.49,91.21,57.67,83.02,83.1,82.04,80.83,79.19,76.78,76.36
TMO,Thermo Fisher Scientific,Health Care,Life Sciences Tools & Services,464.24,621.58,385.11,467.24,472.47,479.24,474.64,442.25,441.56,477.53
TJX,TJX Companies,Consumer Discretionary,Apparel Retail,143.09,145.58,109.83,140.82,140.46,140.03,134.36,130.22,129.2,126.08
TKO,TKO Group Holdings,Communication Services,Movies & Entertainment,199.04,212.49,113.01,198.52,200.26,196.88,183.68,175.27,170.47,162.6
TTD,Trade Desk (The),Communication Services,Advertising,47.14,141.53,42.96,46.76,45.8,48.28,60.94,66.92,63.81,76.96
TSCO,Tractor Supply,Consumer Discretionary,Other Specialty Retail,56.52,63.75,46.46,57.4,58.42,59.35,59.49,55.83,54.82,54.58
TT,Trane Technologies,Industrials,Building Products,415.23,475.11,296.82,407.7,404.9,408.22,424.88,425.51,409.34,392.49
TDG,TransDigm Group,Industrials,Aerospace & Defense,1295.72,1519.36,1107.45,1296.08,1289.48,1289.86,1348.02,1358.39,1340.09,1300.45
TRV,Travelers Companies (The),Financials,Property & Casualty Insurance,277.76,280.0,220.97,276.2,275.92,275.31,269.06,266.79,264.16,256.91
TRMB,Trimble Inc.,Information Technology,Electronic Equipment & Instruments,81.24,87.5,52.91,81.06,81.13,80.75,82.07,77.75,74.31,73.47
TFC,Truist Financial,Financials,Diversified Banks,46.02,47.46,32.72,45.75,45.55,45.78,44.9,42.9,41.62,42.2
TYL,Tyler Technologies,Information Technology,Application Software,529.72,661.31,513.52,527.88,531.43,543.35,560.16,566.92,564.53,576.32
TSN,Tyson Foods,Consumer Staples,Packaged Foods & Meats,54.19,63.75,51.39,53.98,54.0,55.02,54.96,54.86,55.82,56.42
USB,U.S. Bancorp,Financials,Diversified Banks,49.44,52.21,34.8,49.3,49.44,49.2,47.33,45.77,44.4,44.9
UBER,Uber,Industrials,Passenger Ground Transportation,98.45,101.99,59.33,98.2,97.39,95.55,93.2,91.01,87.72,80.99
UDR,"UDR, Inc.",Real Estate,Multi-Family Residential REITs,37.18,45.5,35.84,37.17,37.31,38.03,38.7,39.74,40.01,40.75
ULTA,Ulta Beauty,Consumer Discretionary,Other Specialty Retail,552.0,552.45,309.01,533.97,530.62,524.63,519.01,484.18,461.58,435.25
UNP,Union Pacific Corporation,Industrials,Rail Transportation,235.2,252.32,202.16,230.28,224.18,221.6,221.95,223.36,222.01,226.76
UAL,United Airlines Holdings,Industrials,Passenger Airlines,97.91,116.0,52.0,101.35,103.27,104.9,98.79,89.28,84.77,88.74
UPS,United Parcel Service,Industrials,Air Freight & Logistics,83.72,136.36,82.0,83.77,84.14,84.52,87.41,92.4,92.9,101.57
URI,United Rentals,Industrials,Trading Companies & Distributors,947.27,980.53,523.58,942.59,943.48,949.65,910.25,819.25,776.37,746.66
UNH,UnitedHealth Group,Health Care,Managed Health Care,344.08,617.34,233.13,346.09,343.12,334.2,299.2,303.88,339.92,401.08
UHS,Universal Health Services,Health Care,Health Care Facilities,200.85,241.8,152.16,197.41,192.7,189.4,178.63,180.68,179.64,180.5
VLO,Valero Energy,Energy,Oil & Gas Refining & Marketing,175.63,178.43,97.37,171.54,166.81,161.69,148.64,141.21,135.5,132.79
VTR,Ventas,Real Estate,Health Care REITs,69.0,70.82,55.85,68.27,68.17,68.28,67.89,65.75,65.97,64.42
VLTO,Veralto,Industrials,Environmental & Facilities Services,104.63,114.62,83.77,105.19,106.1,106.3,106.24,103.2,100.9,100.73
VRSN,Verisign,Information Technology,Internet Services & Infrastructure,284.42,309.71,174.64,284.55,285.41,282.95,277.69,278.99,274.15,253.74
VRSK,Verisk Analytics,Industrials,Research & Consulting Services,247.07,321.9,239.83,244.11,246.6,256.81,268.03,288.18,288.65,287.27
VZ,Verizon,Communication Services,Integrated Telecommunication Services,43.61,45.87,36.41,43.33,43.56,43.72,43.5,42.95,42.88,41.76
VRTX,Vertex Pharmaceuticals,Health Care,Biotechnology,385.73,519.88,362.5,381.41,384.9,390.14,407.37,427.88,440.13,447.22
VTRS,Viatris,Health Care,Pharmaceuticals,9.52,13.04,6.68,9.62,9.67,10.02,9.81,9.28,8.98,9.57
VICI,Vici Properties,Real Estate,Hotel & Resort REITs,32.47,33.54,26.86,31.95,32.07,32.48,32.54,32.03,31.8,30.89
V,Visa Inc.,Financials,Transaction & Payment Processing Services,337.37,374.85,266.36,338.81,339.91,342.67,344.4,350.26,346.85,341.25
VST,Vistra Corp.,Utilities,Electric Utilities,207.22,219.82,90.3,206.61,208.49,201.41,199.75,185.82,172.38,163.08
VMC,Vulcan Materials Company,Materials,Construction Materials,299.29,302.21,214.34,296.87,295.9,295.01,287.18,276.11,269.45,264.41
WRB,W. R. Berkley Corporation,Financials,Property & Casualty Insurance,75.88,76.17,54.69,74.56,73.62,73.03,71.25,71.56,71.01,66.92
GWW,W. W. Grainger,Industrials,Industrial Machinery & Supplies & Components,959.73,1219.65,889.92,963.86,981.63,994.62,996.18,1027.11,1019.92,1029.1
WAB,Wabtec,Industrials,Construction Machinery & Heavy Transportation Equipment,196.67,215.82,151.42,195.19,191.67,191.63,193.55,198.94,194.43,193.58
WBA,Walgreens Boots Alliance,Consumer Staples,Drug Retail,11.98,13.25,7.98,11.98,12.03,11.93,11.67,11.39,11.33,10.81
WMT,Walmart,Consumer Staples,Consumer Staples Merchandise Retail,103.16,106.11,78.22,102.86,103.16,101.92,100.05,98.38,97.06,95.55
DIS,Walt Disney Company (The),Communication Services,Movies & Entertainment,113.47,124.69,79.76,112.94,114.03,115.8,117.0,116.17,110.59,109.69
WBD,Warner Bros. Discovery,Communication Services,Broadcasting,19.51,20.24,7.25,19.66,19.2,16.16,13.87,12.08,11.38,11.07
WM,Waste Management,Industrials,Environmental & Facilities Services,218.69,240.84,197.52,218.1,216.85,218.86,224.51,227.55,227.62,223.38
WAT,Waters Corporation,Health Care,Life Sciences Tools & Services,291.71,423.56,275.05,294.77,298.69,299.1,294.67,320.12,323.26,346.36
WEC,WEC Energy Group,Utilities,Electric Utilities,112.85,112.92,89.63,111.55,110.62,109.27,108.64,106.59,106.43,103.4
WFC,Wells Fargo,Financials,Diversified Banks,85.01,86.66,52.16,84.59,83.64,82.23,80.69,78.5,76.11,75.02
WELL,Welltower,Real Estate,Health Care REITs,174.9,175.1,120.11,171.51,168.93,168.61,166.04,158.53,156.01,149.02
WST,West Pharmaceutical Services,Health Care,Health Care Supplies,261.52,351.24,187.09,255.79,256.13,253.84,246.97,232.27,227.92,250.05
WDC,Western Digital,Information Technology,"Technology Hardware, Storage & Peripherals",106.88,113.76,28.74,109.29,106.46,98.59,84.03,70.27,63.8,57.7
WY,Weyerhaeuser,Real Estate,Timber REITs,24.54,33.04,23.71,24.39,24.49,24.96,25.35,25.64,25.66,26.9
WSM,"Williams-Sonoma, Inc.",Consumer Discretionary,Homefurnishing Retail,201.35,218.08,123.89,199.98,199.15,198.91,195.92,179.75,173.45,179.97
WMB,Williams Companies,Energy,Oil & Gas Storage & Transportation,64.01,64.48,43.05,62.35,60.76,59.11,58.18,58.37,58.14,57.01
WTW,Willis Towers Watson,Financials,Insurance Brokers,341.89,345.42,283.91,340.62,336.83,333.9,327.13,316.42,316.37,318.06
WDAY,"Workday, Inc.",Information Technology,Application Software,246.67,294.0,205.33,242.78,235.77,232.6,230.18,238.66,237.16,245.26
WYNN,Wynn Resorts,Consumer Discretionary,Casinos & Gaming,128.97,130.84,64.93,126.86,125.93,124.66,116.32,105.26,99.56,94.42
XEL,Xcel Energy,Utilities,Multi-Utilities,79.28,79.4,60.12,75.97,74.13,72.99,72.51,70.27,69.98,68.6
XYL,Xylem Inc.,Industrials,Industrial Machinery & Supplies & Components,143.03,144.93,99.87,142.52,142.11,141.19,139.97,133.44,129.29,126.62
YUM,Yum! Brands,Consumer Discretionary,Restaurants,152.7,161.72,120.38,150.25,148.74,147.51,146.09,145.6,145.79,143.69
ZBRA,Zebra Technologies,Information Technology,Electronic Equipment & Instruments,299.77,427.76,205.73,307.94,313.77,312.67,319.59,309.3,295.73,317.6
ZBH,Zimmer Biomet,Health Care,Health Care Equipment,98.24,114.14,88.99,99.24,99.65,102.07,100.33,96.79,97.91,101.07
ZTS,Zoetis,Health Care,Pharmaceuticals,143.5,195.14,138.77,142.71,144.72,148.26,150.2,155.23,154.67,158.82
