Symbol,Company,GICS_Sector,GICS_Sub_Industry,Current_Price,High_52_Week,Low_52_Week,SMA5,SMA10,SMA20,SMA50,SMA200,Score,Target_Pcnt,Target_Price,Stop_Loss
MMM,3M,Industrials,Industrial Conglomerates,166.45,171.6,123.39,166.96,164.77,159.19,156.95,149.01,0.2,4.29,173.59,144.79
AOS,A. O. Smith,Industrials,Building Products,66.7,75.08,59.04,67.33,68.44,69.26,71.26,67.95,-0.2,9.49,73.03,65.49
ABT,Abbott Laboratories,Health Care,Health Care Equipment,124.67,138.33,109.61,125.95,126.96,129.41,131.18,129.74,-0.2,8.59,135.38,123.44
ABBV,AbbVie,Health Care,Biotechnology,228.2,242.63,159.42,227.38,228.68,228.77,221.0,196.44,0.2,1.83,232.38,225.17
ACN,Accenture,Information Technology,IT Consulting & Other Services,249.25,394.31,232.56,249.75,247.88,246.55,246.87,295.34,-0.2,3.09,256.95,236.16
ADBE,Adobe Inc.,Information Technology,Application Software,339.24,552.96,329.23,349.67,349.07,345.24,351.04,384.04,0.2,7.19,363.63,326.85
AMD,Advanced Micro Devices,Information Technology,Semiconductors,254.84,264.33,78.21,257.95,246.67,231.88,189.42,138.73,0.2,8.64,276.86,186.9
AES,AES Corporation,Utilities,Independent Power Producers & Energy Traders,14.02,15.6,9.5,14.38,14.37,14.43,13.7,11.85,-0.2,5.92,14.85,14.02
AFL,Aflac,Financials,Life & Health Insurance,106.84,113.07,97.56,106.79,107.4,109.23,108.68,105.19,0.0,6.52,113.81,104.66
A,Agilent Technologies,Health Care,Life Sciences Tools & Services,143.36,151.65,98.88,145.41,145.1,142.37,132.14,123.11,0.2,3.88,148.92,135.82
APD,Air Products,Materials,Industrial Gases,244.66,331.69,244.66,251.62,252.83,258.17,273.77,283.64,0.0,11.52,272.84,243.49
ABNB,Airbnb,Consumer Discretionary,"Hotels, Resorts & Cruise Lines",126.34,161.42,105.69,127.58,127.44,124.1,124.54,129.23,-0.2,4.0,131.39,116.81
AKAM,Akamai Technologies,Information Technology,Internet Services & Infrastructure,73.93,104.71,68.21,74.65,74.58,74.92,76.18,80.24,0.2,5.52,78.01,71.82
ALB,Albemarle Corporation,Materials,Specialty Chemicals,97.89,108.94,50.16,98.85,96.31,94.9,86.63,73.58,0.0,4.86,102.65,87.14
ARE,Alexandria Real Estate Equities,Real Estate,Office REITs,56.37,107.25,56.37,66.67,71.65,74.12,79.15,80.05,-0.2,55.14,87.45,60.79
ALGN,Align Technology,Health Care,Health Care Supplies,138.43,240.52,124.88,134.87,134.75,132.5,133.44,169.78,0.0,0.17,138.67,126.34
ALLE,Allegion,Industrials,Building Products,165.29,179.47,118.08,167.64,171.99,174.13,173.87,147.74,-0.2,10.56,182.74,165.52
LNT,Alliant Energy,Utilities,Electric Utilities,67.93,68.97,54.87,68.31,68.36,68.08,66.32,62.6,0.2,1.78,69.14,67.03
ALL,Allstate,Financials,Property & Casualty Insurance,191.88,214.65,178.34,191.82,193.18,200.03,202.78,198.07,-0.2,12.47,215.81,184.27
GOOGL,Alphabet Inc. (Class A),Communication Services,Interactive Media & Services,281.48,281.48,144.4,270.54,261.78,253.71,242.19,192.03,0.2,-1.86,276.24,231.17
GOOG,Alphabet Inc. (Class C),Communication Services,Interactive Media & Services,281.9,281.9,146.27,271.19,262.43,254.45,242.79,193.31,0.2,-1.81,276.8,232.1
MO,Altria,Consumer Staples,Tobacco,57.13,66.65,46.56,62.16,63.3,64.4,65.01,58.4,-0.2,19.64,68.35,60.44
AMZN,Amazon,Consumer Discretionary,Broadline Retail,222.86,242.06,167.32,226.72,222.42,221.11,225.05,214.35,-0.2,3.61,230.91,211.32
AMCR,Amcor,Materials,Paper & Plastic Packaging Products & Materials,7.85,10.7,7.82,8.12,8.14,8.08,8.22,9.12,0.0,6.37,8.35,7.82
AEE,Ameren,Utilities,Multi-Utilities,102.73,105.69,83.42,103.48,104.33,104.26,101.93,97.79,-0.2,3.36,106.18,102.34
AEP,American Electric Power,Utilities,Electric Utilities,121.89,122.11,87.97,118.3,117.77,117.45,112.87,105.79,0.2,-0.56,121.21,113.69
AXP,American Express,Financials,Consumer Finance,358.88,361.67,230.22,359.47,355.56,340.8,333.73,301.72,0.2,3.61,371.84,309.77
AIG,American International Group,Financials,Multi-line Insurance,78.19,86.75,68.89,78.57,78.41,80.18,79.51,79.95,0.1,8.4,84.76,75.61
AMT,American Tower,Real Estate,Telecom Tower REITs,179.45,230.32,169.21,184.5,188.07,187.61,192.6,203.07,-0.4,9.09,195.76,179.46
AWK,American Water Works,Utilities,Water Utilities,126.7,150.19,118.87,134.23,139.09,140.1,139.74,138.67,0.0,17.93,149.42,130.79
AMP,Ameriprise Financial,Financials,Asset Management & Custody Banks,454.11,569.83,419.45,476.2,475.42,480.8,491.88,504.51,-0.2,10.27,500.75,460.86
AME,Ametek,Industrials,Electrical Components & Equipment,198.32,198.32,150.9,188.3,187.68,185.45,186.3,179.56,0.0,-2.7,192.97,177.94
AMGN,Amgen,Health Care,Biotechnology,292.0,321.88,252.22,291.76,295.09,294.9,287.77,288.08,-0.1,3.3,301.64,288.16
APH,Amphenol,Information Technology,Electronic Components,139.11,139.75,58.9,137.18,132.79,128.56,121.56,92.02,0.0,0.78,140.2,116.93
ADI,Analog Devices,Information Technology,Semiconductors,232.9,254.62,163.21,237.66,240.74,238.83,244.06,222.72,-0.2,6.79,248.71,228.94
AON,Aon plc,Financials,Insurance Brokers,328.19,407.61,326.07,331.76,337.74,348.63,357.61,366.59,0.0,14.08,374.4,322.85
APA,APA Corporation,Energy,Oil & Gas Exploration & Production,22.4,24.84,13.47,22.97,22.92,23.17,23.09,19.86,0.2,11.74,25.03,21.32
APO,Apollo Global Management,Financials,Asset Management & Custody Banks,123.45,176.82,107.9,124.83,124.63,124.51,131.62,139.14,0.0,4.67,129.22,119.79
AAPL,Apple Inc.,Information Technology,"Technology Hardware, Storage & Peripherals",271.4,271.4,172.0,268.35,263.71,257.89,247.34,222.83,0.0,0.81,273.6,242.19
AMAT,Applied Materials,Information Technology,Semiconductor Materials & Equipment,232.55,235.75,126.23,231.2,228.42,223.9,196.77,174.7,0.0,2.0,237.2,210.59
APP,AppLovin,Information Technology,Application Software,620.62,718.54,159.11,628.35,601.42,605.19,584.68,405.6,0.2,7.35,666.24,544.13
APTV,Aptiv,Consumer Discretionary,Automotive Parts & Equipment,82.12,87.98,47.92,85.37,84.8,84.42,83.28,69.23,-0.2,7.53,88.3,80.53
ACGL,Arch Capital Group,Financials,Property & Casualty Insurance,86.64,100.74,84.72,86.06,86.68,89.06,89.95,91.13,-0.2,9.42,94.8,83.31
ADM,Archer Daniels Midland,Consumer Staples,Agricultural Products & Services,60.69,64.21,41.01,61.57,62.05,62.05,61.72,52.51,0.0,5.21,63.85,60.25
ANET,Arista Networks,Information Technology,Communications Equipment,158.44,162.03,64.37,157.57,152.27,150.42,145.13,110.36,0.0,2.86,162.97,137.86
AJG,Arthur J. Gallagher & Co.,Financials,Insurance Brokers,262.03,347.33,262.02,270.26,275.56,288.7,295.73,313.09,0.0,22.02,319.73,257.66
AIZ,Assurant,Financials,Multi-line Insurance,212.43,225.29,178.36,210.5,210.33,213.91,213.54,202.76,0.0,5.07,223.2,204.61
T,AT&T,Communication Services,Integrated Telecommunication Services,24.68,29.3,20.9,25.24,25.49,25.74,27.45,26.64,-0.4,8.51,26.78,24.69
ATO,Atmos Energy,Utilities,Gas Utilities,173.35,179.19,134.17,174.36,175.58,175.51,169.74,156.21,-0.2,3.63,179.64,171.37
ADSK,Autodesk,Information Technology,Application Software,300.77,326.79,238.84,307.07,307.55,308.84,312.18,293.23,0.0,6.78,321.16,296.51
ADP,Automatic Data Processing,Industrials,Human Resource & Employment Services,261.53,323.5,261.22,272.77,277.76,282.44,290.12,299.19,-0.2,14.1,298.41,266.47
AZO,AutoZone,Consumer Discretionary,Automotive Retail,3705.63,4354.54,2981.19,3767.5,3868.97,3971.22,4113.0,3770.71,0.0,14.76,4252.58,3690.01
AVB,AvalonBay Communities,Real Estate,Multi-Family Residential REITs,174.71,229.94,174.71,182.58,185.25,185.68,189.22,199.63,0.0,10.73,193.46,177.91
AVY,Avery Dennison,Materials,Paper & Plastic Packaging Products & Materials,175.93,203.83,157.49,178.67,174.19,167.37,166.92,174.17,0.1,5.87,186.26,148.49
AXON,Axon Enterprise,Industrials,Aerospace & Defense,738.88,870.97,423.5,747.65,721.66,712.23,732.06,684.59,-0.2,4.63,773.09,651.39
BKR,Baker Hughes,Energy,Oil & Gas Equipment & Services,48.58,50.55,34.6,47.73,47.31,46.97,46.87,42.38,0.2,2.94,50.01,43.93
BALL,Ball Corporation,Materials,"Metal, Glass & Plastic Containers",47.29,63.26,44.6,48.77,48.97,48.59,49.75,52.17,0.0,7.04,50.62,46.57
BAC,Bank of America,Financials,Diversified Banks,53.03,53.03,34.0,52.81,52.18,51.15,50.86,45.46,0.0,1.43,53.79,48.51
BAX,Baxter International,Health Care,Health Care Equipment,19.16,36.11,19.16,22.13,22.55,22.66,23.23,28.36,0.0,27.66,24.46,20.87
BDX,Becton Dickinson,Health Care,Health Care Equipment,179.38,245.13,163.27,183.6,186.18,187.83,188.64,195.6,-0.2,8.77,195.11,180.53
BRK-B,Berkshire Hathaway,Financials,Multi-Sector Holdings,478.52,539.8,442.29,483.18,487.57,491.78,494.02,494.44,0.0,5.63,505.46,478.11
BBY,Best Buy,Consumer Discretionary,Computer & Electronics Retail,83.18,88.5,54.69,83.44,82.44,79.31,76.36,72.51,0.2,4.04,86.54,72.09
TECH,Bio-Techne,Health Care,Life Sciences Tools & Services,60.96,78.41,46.59,63.42,63.48,61.9,57.12,56.76,0.2,8.61,66.21,57.6
BIIB,Biogen,Health Care,Biotechnology,149.61,183.47,113.38,149.38,148.06,148.49,144.05,135.16,-0.4,4.61,156.51,140.46
BLK,BlackRock,Financials,Asset Management & Custody Banks,1098.05,1202.59,807.61,1117.79,1129.48,1149.45,1137.14,1024.76,0.2,9.75,1205.11,1093.78
BX,Blackstone Inc.,Financials,Asset Management & Custody Banks,148.39,194.8,118.51,151.49,155.23,158.67,168.78,155.68,-0.2,14.49,169.89,147.45
XYZ,"Block, Inc.",Financials,Transaction & Payment Processing Services,73.92,98.92,46.53,78.06,77.42,77.32,76.57,69.4,0.0,10.5,81.68,72.96
BK,BNY Mellon,Financials,Asset Management & Custody Banks,107.92,109.21,72.12,107.69,107.1,106.61,106.03,91.94,0.0,0.79,108.77,104.45
BA,Boeing,Industrials,Aerospace & Defense,200.08,237.38,136.59,216.27,216.27,216.42,220.51,199.6,-0.2,13.59,227.27,205.57
BKNG,Booking Holdings,Consumer Discretionary,"Hotels, Resorts & Cruise Lines",5080.21,5805.92,4149.83,5135.44,5149.92,5181.72,5394.37,5173.19,0.2,6.52,5411.44,4952.05
BSX,Boston Scientific,Health Care,Health Care Equipment,100.57,108.14,83.62,101.08,101.13,98.87,100.88,101.84,0.0,3.33,103.92,93.81
BMY,Bristol Myers Squibb,Health Care,Pharmaceuticals,45.62,60.79,42.6,43.65,43.82,44.05,45.03,49.08,0.0,0.02,45.63,42.47
AVGO,Broadcom,Information Technology,Semiconductors,376.47,385.98,145.7,370.32,357.74,350.46,337.4,257.46,0.0,0.77,379.37,321.54
BR,Broadridge Financial Solutions,Industrials,Data Processing & Outsourced Services,221.0,265.85,206.47,226.98,229.19,231.39,240.9,239.01,-0.2,8.68,240.18,222.6
BRO,Brown & Brown,Financials,Insurance Brokers,80.45,124.07,80.3,83.78,86.06,90.18,92.48,105.22,0.0,24.62,100.26,80.09
BF-B,Brown–Forman,Consumer Staples,Distillers & Vintners,26.67,45.47,25.45,27.63,28.07,27.79,27.99,30.6,0.0,9.26,29.14,26.45
BLDR,Builders FirstSource,Industrials,Building Products,111.69,189.03,105.63,118.72,121.1,123.57,129.81,129.71,-0.2,18.39,132.23,114.91
BG,Bunge Global,Consumer Staples,Agricultural Products & Services,95.14,97.8,67.23,96.37,96.35,90.59,85.6,78.38,0.2,9.38,104.06,77.12
BXP,"BXP, Inc.",Real Estate,Office REITs,70.43,81.85,55.53,72.72,72.42,72.25,73.13,68.05,0.0,7.72,75.87,68.62
CHRW,C.H. Robinson,Industrials,Air Freight & Logistics,154.88,154.88,85.99,133.49,130.31,130.07,130.23,106.31,0.0,-7.64,143.05,117.08
CDNS,Cadence Design Systems,Information Technology,Application Software,336.09,373.37,231.64,343.06,337.23,337.52,346.42,308.9,0.0,6.17,356.83,318.22
CPT,Camden Property Trust,Real Estate,Multi-Family Residential REITs,99.35,122.47,97.58,101.51,102.59,102.53,105.58,111.16,-0.2,6.75,106.06,98.99
CPB,Campbell's Company (The),Consumer Staples,Packaged Foods & Meats,30.29,44.75,29.8,30.71,30.89,30.75,31.73,34.06,0.0,5.18,31.86,29.64
COF,Capital One,Financials,Consumer Finance,218.38,229.74,149.68,221.29,219.01,214.86,219.59,200.25,-0.2,3.76,226.59,203.14
CAH,Cardinal Health,Health Care,Health Care Distributors,189.84,189.84,106.36,168.56,163.38,159.47,154.1,145.59,0.0,-7.93,174.79,144.17
KMX,CarMax,Consumer Discretionary,Automotive Retail,41.87,89.19,41.87,43.62,43.57,44.04,51.84,65.68,0.0,10.82,46.4,41.68
CCL,Carnival,Consumer Discretionary,"Hotels, Resorts & Cruise Lines",28.33,32.49,16.43,28.58,28.95,28.75,30.07,25.62,0.0,6.07,30.05,27.44
CARR,Carrier Global,Industrials,Building Products,58.85,80.42,55.0,58.76,58.02,57.98,60.51,65.94,0.2,3.01,60.62,55.34
CAT,Caterpillar Inc.,Industrials,Construction Machinery & Heavy Transportation Equipment,583.15,585.49,270.85,548.58,535.87,521.26,474.31,386.97,0.2,-1.69,573.29,469.21
CBOE,Cboe Global Markets,Financials,Financial Exchanges & Data,236.81,253.24,189.73,237.01,236.96,238.65,238.6,226.31,0.2,3.26,244.53,232.78
CBRE,CBRE Group,Real Estate,Real Estate Services,152.89,165.9,113.94,157.83,159.5,156.57,159.64,141.57,-0.2,7.97,165.08,148.07
CDW,CDW Corporation,Information Technology,Technology Distributors,156.8,216.84,143.46,157.53,156.69,154.51,160.33,170.56,0.0,3.68,162.57,146.46
COR,Cencora,Health Care,Health Care Distributors,341.21,341.21,223.33,335.76,331.9,322.62,307.39,284.21,0.0,0.8,343.94,301.29
CNC,Centene Corporation,Health Care,Managed Health Care,35.02,65.89,25.21,34.55,35.01,36.06,33.45,47.45,0.1,12.14,39.27,32.85
CNP,CenterPoint Energy,Utilities,Multi-Utilities,38.91,40.22,27.88,39.33,39.62,39.5,38.64,36.44,-0.2,3.42,40.24,38.76
CF,CF Industries,Materials,Fertilizers & Agricultural Chemicals,82.81,101.88,67.67,85.18,84.95,86.68,86.69,85.44,-0.2,11.46,92.3,81.07
CRL,Charles River Laboratories,Health Care,Life Sciences Tools & Services,179.11,220.69,99.75,187.9,186.84,179.49,166.49,154.69,0.2,10.01,197.04,161.95
SCHW,Charles Schwab Corporation,Financials,Investment Banking & Brokerage,94.41,98.69,68.65,94.43,94.52,94.08,94.33,86.99,-0.2,1.09,95.44,92.73
CHTR,Charter Communications,Communication Services,Cable & Satellite,230.92,427.25,230.92,242.2,245.71,257.0,262.79,337.23,0.0,23.16,284.4,229.6
CVX,Chevron Corporation,Energy,Integrated Oil & Gas,153.52,164.65,130.67,154.72,154.71,153.6,155.97,148.93,0.2,2.33,157.1,150.11
CMG,Chipotle Mexican Grill,Consumer Discretionary,Restaurants,32.53,66.16,32.53,38.96,40.41,40.83,40.62,48.66,0.1,37.96,44.88,36.78
CB,Chubb Limited,Financials,Property & Casualty Insurance,278.06,301.45,256.04,279.05,276.04,279.41,277.9,280.07,0.1,5.12,292.3,266.52
CHD,Church & Dwight,Consumer Staples,Household Products,81.8,112.48,81.8,83.89,85.88,86.85,89.57,97.72,-0.2,11.31,91.05,82.65
CI,Cigna,Health Care,Health Care Services,247.1,336.71,247.1,293.12,299.21,300.5,298.06,304.6,-0.1,32.38,327.11,273.88
CINF,Cincinnati Financial,Financials,Property & Casualty Insurance,154.36,165.69,125.14,154.45,154.76,157.62,155.68,145.6,0.2,7.88,166.52,148.72
CTAS,Cintas,Industrials,Diversified Support Services,183.98,227.2,181.05,187.46,190.01,191.37,199.5,207.96,-0.2,9.78,201.97,180.76
CSCO,Cisco,Information Technology,Communications Equipment,72.91,72.91,52.55,71.78,71.13,70.0,68.42,63.99,0.4,-0.05,72.87,67.14
C,Citigroup,Financials,Diversified Banks,100.22,103.49,57.29,100.1,98.81,98.01,98.43,82.94,-0.2,1.54,101.76,94.26
CFG,Citizens Financial Group,Financials,Regional Banks,50.57,53.52,33.29,51.01,50.48,50.82,51.31,44.55,0.0,5.97,53.59,48.04
CLX,Clorox,Consumer Staples,Household Products,112.46,163.6,110.67,113.94,115.97,117.25,119.55,130.72,-0.2,8.6,122.13,112.38
CME,CME Group,Financials,Financial Exchanges & Data,262.89,288.01,211.73,266.28,267.23,266.85,265.74,263.71,0.2,3.83,272.96,260.73
CMS,CMS Energy,Utilities,Multi-Utilities,73.21,75.31,63.54,73.66,74.24,74.01,72.53,70.89,-0.2,3.52,75.79,72.24
KO,Coca-Cola Company (The),Consumer Staples,Soft Drinks & Non-alcoholic Beverages,68.98,72.82,59.48,69.45,69.61,68.21,67.62,68.38,0.3,3.52,71.41,65.01
CTSH,Cognizant,Information Technology,IT Consulting & Other Services,72.19,89.65,65.47,69.52,68.56,67.88,68.99,75.32,0.2,-1.43,71.16,64.6
COIN,Coinbase,Financials,Financial Exchanges & Data,328.51,419.78,151.47,349.65,340.97,352.4,332.87,281.92,0.0,20.1,394.54,310.25
CL,Colgate-Palmolive,Consumer Staples,Household Products,76.51,95.74,75.73,77.04,78.0,77.71,80.24,86.46,0.0,4.09,79.64,75.79
CMCSA,Comcast,Communication Services,Cable & Satellite,27.32,43.5,27.32,28.77,29.16,29.64,31.33,33.47,-0.2,14.57,31.3,27.99
CAG,Conagra Brands,Consumer Staples,Packaged Foods & Meats,17.42,27.76,17.38,17.93,18.26,18.42,18.71,21.68,-0.4,10.51,19.25,17.59
COP,ConocoPhillips,Energy,Oil & Gas Exploration & Production,88.14,110.98,81.29,87.95,87.72,89.32,92.74,92.87,-0.2,7.87,95.08,83.56
ED,Consolidated Edison,Utilities,Multi-Utilities,98.19,111.42,85.77,98.8,100.12,100.47,99.1,100.77,0.1,5.23,103.33,97.62
STZ,Constellation Brands,Consumer Staples,Distillers & Vintners,128.88,240.13,128.88,134.33,137.48,139.19,142.26,166.92,0.0,13.64,146.46,131.92
CEG,Constellation Energy,Utilities,Electric Utilities,382.48,403.95,170.52,389.84,378.04,377.81,344.35,295.89,0.2,6.7,408.11,347.53
COO,Cooper Companies (The),Health Care,Health Care Supplies,70.11,105.85,64.32,71.56,72.87,71.38,69.59,77.45,-0.1,7.84,75.61,67.14
CPRT,Copart,Industrials,Diversified Support Services,42.48,63.84,42.48,43.57,44.23,44.32,46.02,51.94,-0.4,7.89,45.83,42.82
GLW,Corning Inc.,Information Technology,Electronic Components,90.28,90.29,38.69,88.76,86.96,86.21,79.21,57.46,0.2,-0.14,90.15,82.27
CPAY,Corpay,Financials,Transaction & Payment Processing Services,255.0,389.55,255.0,275.46,280.38,283.53,298.74,328.78,-0.2,17.75,300.26,266.8
CTVA,Corteva,Materials,Fertilizers & Agricultural Chemicals,61.7,76.93,54.65,63.19,62.79,62.86,67.71,66.77,0.0,5.36,65.01,60.7
CSGP,CoStar Group,Real Estate,Real Estate Services,69.64,96.83,69.29,74.88,75.5,76.71,83.08,80.93,-0.2,19.77,83.41,70.01
COST,Costco,Consumer Staples,Consumer Staples Merchandise Retail,920.18,1073.97,869.72,923.75,931.54,930.35,941.0,971.18,0.0,3.81,955.24,905.49
CTRA,Coterra,Energy,Oil & Gas Exploration & Production,23.4,29.06,21.94,23.47,23.39,23.42,23.74,25.12,0.0,3.89,24.31,22.52
CRWD,CrowdStrike,Information Technology,Systems Software,538.68,546.94,296.87,537.63,520.24,507.72,472.81,435.86,0.2,1.75,548.11,467.31
CCI,Crown Castle,Real Estate,Telecom Tower REITs,91.32,112.64,81.15,94.86,96.53,96.5,96.09,97.14,-0.1,10.18,100.62,92.38
CSX,CSX Corporation,Industrials,Rail Transportation,35.64,36.67,26.47,35.75,35.92,35.94,34.36,32.27,0.2,2.78,36.63,35.25
CMI,Cummins,Industrials,Construction Machinery & Heavy Transportation Equipment,438.09,441.26,264.26,427.23,420.57,422.97,414.93,354.28,0.2,1.26,443.61,402.34
CVS,CVS Health,Health Care,Health Care Services,76.69,82.45,41.98,80.77,81.23,79.46,75.77,65.89,0.2,9.83,84.23,74.68
DHR,Danaher Corporation,Health Care,Life Sciences Tools & Services,215.05,249.37,174.06,218.0,216.9,212.24,203.11,202.59,0.4,4.66,225.07,199.4
DRI,Darden Restaurants,Consumer Discretionary,Restaurants,178.2,222.41,154.1,182.08,184.79,186.09,194.55,198.5,-0.2,8.23,192.87,179.32
DDOG,Datadog,Information Technology,Application Software,157.07,168.65,87.0,156.89,156.06,157.38,145.24,127.82,0.0,4.89,164.75,150.0
DVA,DaVita,Health Care,Health Care Services,118.75,177.35,118.75,126.73,127.31,127.17,131.23,142.87,0.0,11.77,132.73,121.62
DAY,Dayforce,Industrials,Human Resource & Employment Services,68.45,81.8,49.33,68.43,68.4,68.47,68.85,61.65,-0.4,0.75,68.96,67.98
DECK,Deckers Brands,Consumer Discretionary,Footwear,80.89,223.11,80.89,85.95,93.62,96.39,106.79,120.09,-0.2,35.37,109.5,83.28
DE,Deere & Company,Industrials,Agricultural & Farm Machinery,465.41,527.96,384.05,471.59,467.05,460.41,467.68,480.94,0.0,3.01,479.42,441.38
DELL,Dell Technologies,Information Technology,"Technology Hardware, Storage & Peripherals",161.01,164.88,70.63,162.06,156.05,153.54,139.35,116.25,0.2,3.65,166.89,140.19
DAL,Delta Air Lines,Industrials,Passenger Airlines,57.12,68.24,35.54,59.03,59.76,59.22,59.29,53.92,-0.2,9.79,62.71,55.73
DVN,Devon Energy,Energy,Oil & Gas Exploration & Production,32.01,38.93,26.43,32.39,32.35,33.02,34.2,33.3,0.0,10.03,35.22,30.82
DXCM,Dexcom,Health Care,Health Care Equipment,68.2,90.75,59.83,69.31,69.31,67.83,71.52,78.37,-0.2,5.01,71.62,64.05
FANG,Diamondback Energy,Energy,Oil & Gas Exploration & Production,142.15,181.42,117.58,143.44,142.84,143.62,142.74,144.38,-0.1,5.51,149.98,137.26
DLR,Digital Realty,Real Estate,Data Center REITs,170.75,190.11,134.22,173.87,173.44,173.67,170.77,164.4,0.0,5.15,179.54,167.79
DG,Dollar General,Consumer Staples,Consumer Staples Merchandise Retail,99.58,115.62,67.25,101.23,103.04,101.79,104.19,95.9,0.0,8.16,107.71,95.87
DLTR,Dollar Tree,Consumer Staples,Consumer Staples Merchandise Retail,98.8,117.16,61.21,100.89,100.0,95.27,98.46,89.95,0.0,7.6,106.31,84.22
D,Dominion Energy,Utilities,Multi-Utilities,59.52,61.69,48.51,60.0,60.45,60.77,60.17,56.13,0.2,4.45,62.17,59.36
DPZ,Domino's,Consumer Discretionary,Restaurants,403.96,493.69,397.61,409.67,415.4,415.36,432.81,452.86,-0.2,6.28,429.33,401.37
DASH,DoorDash,Consumer Discretionary,Specialized Consumer Services,254.07,281.74,155.2,260.61,260.04,266.8,260.84,221.37,0.2,11.57,283.47,250.12
DOV,Dover Corporation,Industrials,Industrial Machinery & Supplies & Components,180.14,204.71,150.28,179.21,175.33,169.6,172.16,179.47,0.0,2.0,183.74,155.47
DOW,Dow Inc.,Materials,Commodity Chemicals,23.8,45.99,20.57,24.92,23.61,22.93,23.51,28.63,0.0,8.53,25.83,20.02
DHI,D. R. Horton,Consumer Discretionary,Homebuilding,149.29,184.04,114.44,153.63,155.1,156.89,165.53,140.16,0.0,13.72,169.77,143.99
DTE,DTE Energy,Utilities,Multi-Utilities,138.06,143.32,113.22,140.01,141.18,141.19,138.51,132.88,0.0,4.19,143.84,138.53
DUK,Duke Energy,Utilities,Electric Utilities,125.21,129.03,102.96,126.0,127.21,126.63,123.92,117.93,-0.2,3.8,129.97,123.29
DD,DuPont,Materials,Specialty Chemicals,81.47,84.81,54.51,81.58,81.06,79.5,78.04,73.07,0.0,2.79,83.74,75.27
EMN,Eastman Chemical Company,Materials,Specialty Chemicals,59.72,101.62,58.06,62.13,61.99,61.65,64.15,76.79,0.0,8.27,64.66,58.64
ETN,Eaton Corporation,Industrials,Electrical Components & Equipment,383.09,391.62,244.95,380.58,376.03,375.74,366.57,331.68,0.0,0.94,386.69,364.77
EBAY,eBay Inc.,Consumer Discretionary,Broadline Retail,83.73,100.46,56.61,95.61,95.16,93.09,92.43,77.51,-0.2,20.34,100.76,85.42
ECL,Ecolab,Materials,Specialty Chemicals,257.1,284.78,224.56,267.96,272.59,273.74,272.85,261.16,0.0,11.55,286.8,260.68
EIX,Edison International,Utilities,Electric Utilities,55.64,83.47,46.84,56.36,56.98,55.69,54.86,53.32,0.0,6.61,59.32,52.06
EW,Edwards Lifesciences,Health Care,Health Care Equipment,83.48,83.48,65.75,81.06,78.46,76.59,77.54,75.1,0.0,-0.63,82.95,70.22
EA,Electronic Arts,Communication Services,Interactive Home Entertainment,199.92,202.05,116.08,200.35,200.46,200.37,185.59,155.38,0.2,0.5,200.92,199.82
ELV,Elevance Health,Health Care,Managed Health Care,321.95,448.26,273.17,336.51,342.66,347.89,328.42,364.7,-0.5,13.36,364.96,330.82
EME,Emcor,Industrials,Construction & Engineering,648.0,777.0,341.52,735.91,711.79,694.1,655.73,517.35,0.2,17.92,764.12,624.11
EMR,Emerson Electric,Industrials,Electrical Components & Equipment,136.82,149.04,93.37,134.98,133.0,131.93,132.11,124.43,-0.2,0.5,137.5,126.35
ETR,Entergy,Utilities,Electric Utilities,96.05,97.65,65.13,96.09,96.03,96.14,92.2,85.28,-0.2,1.61,97.6,94.67
EOG,EOG Resources,Energy,Oil & Gas Exploration & Production,105.46,133.44,101.83,106.1,106.35,107.5,113.44,116.87,0.0,4.89,110.62,104.38
EPAM,EPAM Systems,Information Technology,IT Consulting & Other Services,159.15,267.63,142.2,161.15,156.35,152.14,157.75,178.13,0.0,4.13,165.72,138.56
EQT,EQT Corporation,Energy,Oil & Gas Exploration & Production,52.45,60.26,35.15,52.78,53.72,54.38,52.89,52.82,0.2,9.84,57.61,51.15
EFX,Equifax,Industrials,Research & Consulting Services,211.5,279.44,204.69,222.6,226.29,229.44,242.47,249.44,-0.2,14.95,243.12,215.75
EQIX,Equinix,Real Estate,Data Center REITs,833.16,968.75,731.64,825.86,825.13,813.91,795.07,828.19,-0.3,1.8,848.16,779.67
EQR,Equity Residential,Real Estate,Multi-Family Residential REITs,60.31,74.44,58.91,61.48,62.19,62.19,63.62,66.34,-0.2,6.73,64.37,60.0
ERIE,Erie Indemnity,Financials,Insurance Brokers,309.64,446.08,301.87,317.3,319.39,319.53,325.93,364.22,0.0,7.33,332.34,306.74
ESS,Essex Property Trust,Real Estate,Multi-Family Residential REITs,249.82,305.43,247.18,256.03,259.05,259.36,261.99,274.25,-0.2,7.43,268.38,250.33
EL,Estée Lauder Companies (The),Consumer Staples,Personal Care Products,97.61,102.52,49.61,99.27,99.63,96.14,91.44,77.24,0.0,7.38,104.81,87.47
EG,Everest Group,Financials,Reinsurance,309.18,384.58,304.91,323.29,336.34,345.11,343.68,343.25,0.0,22.4,378.44,311.78
EVRG,Evergy,Utilities,Electric Utilities,77.75,78.73,57.24,77.73,78.0,77.78,74.62,68.49,0.2,1.52,78.93,76.63
ES,Eversource Energy,Utilities,Electric Utilities,73.8,74.88,52.98,74.37,73.75,72.95,68.49,62.73,0.0,1.94,75.23,70.66
EXC,Exelon,Utilities,Electric Utilities,47.07,48.24,35.25,47.62,47.78,47.27,45.21,43.59,0.2,3.7,48.81,45.73
EXE,Expand Energy,Energy,Oil & Gas Exploration & Production,100.52,120.67,81.01,101.92,103.22,103.93,100.93,103.8,0.1,9.33,109.9,97.97
EXPE,Expedia Group,Consumer Discretionary,"Hotels, Resorts & Cruise Lines",220.47,228.24,136.05,221.38,220.81,218.88,218.16,185.42,0.2,3.35,227.86,209.91
EXPD,Expeditors International,Industrials,Air Freight & Logistics,120.19,125.62,102.14,118.92,119.31,118.98,120.63,115.61,0.0,3.44,124.32,113.65
EXR,Extra Space Storage,Real Estate,Self-Storage REITs,134.8,165.33,123.86,144.65,147.97,146.42,143.41,144.17,-0.3,15.59,155.82,137.04
XOM,ExxonMobil,Energy,Integrated Oil & Gas,114.69,118.64,98.11,115.5,114.58,113.6,113.09,108.81,0.0,1.98,116.96,110.24
FFIV,"F5, Inc.",Information Technology,Communications Equipment,256.69,343.17,231.2,274.36,286.81,308.97,316.54,293.62,0.0,41.45,363.09,254.85
FDS,FactSet,Financials,Financial Exchanges & Data,269.04,490.93,266.89,279.99,284.79,283.18,316.71,405.65,-0.2,10.36,296.91,269.45
FICO,Fair Isaac,Information Technology,Application Software,1585.36,2382.4,1311.26,1634.2,1616.25,1668.41,1578.65,1724.17,-0.1,16.59,1848.37,1488.4
FAST,Fastenal,Industrials,Trading Companies & Distributors,41.55,50.13,34.82,41.85,42.25,43.63,46.41,41.93,-0.2,15.86,48.14,39.12
FRT,Federal Realty Investment Trust,Real Estate,Retail REITs,94.87,112.47,81.67,98.13,99.12,98.39,98.74,96.1,0.0,7.63,102.11,94.67
FDX,FedEx,Industrials,Air Freight & Logistics,248.93,298.15,195.55,247.32,243.46,240.36,234.25,232.63,0.2,1.69,253.14,227.58
FIS,Fidelity National Information Services,Financials,Transaction & Payment Processing Services,62.39,88.87,61.5,64.83,66.2,66.77,67.02,73.57,-0.2,12.73,70.33,63.21
FITB,Fifth Third Bancorp,Financials,Regional Banks,41.95,46.72,32.73,42.22,41.97,42.46,43.92,40.67,0.0,6.13,44.52,40.41
FSLR,First Solar,Information Technology,Semiconductors,233.58,247.69,120.38,240.8,234.41,232.8,217.85,172.05,0.2,5.55,246.54,219.06
FE,FirstEnergy,Utilities,Electric Utilities,46.22,47.69,37.17,46.25,46.64,46.71,45.02,41.47,0.2,3.2,47.7,45.73
FI,Fiserv,Financials,Transaction & Payment Processing Services,65.19,237.79,65.19,102.73,113.47,118.75,127.73,172.71,-0.2,134.67,152.98,84.51
F,Ford Motor Company,Consumer Discretionary,Automobile Manufacturers,13.06,13.84,8.45,13.31,12.78,12.32,11.98,10.55,0.2,4.9,13.7,10.94
FTNT,Fortinet,Information Technology,Systems Software,84.2,114.57,74.39,85.03,84.78,84.73,82.42,95.76,-0.1,3.19,86.89,82.57
FTV,Fortive,Industrials,Industrial Machinery & Supplies & Components,51.25,62.32,46.49,49.94,49.61,49.39,48.78,52.67,0.3,-0.64,50.92,47.87
FOXA,Fox Corporation (Class A),Communication Services,Broadcasting,65.51,65.51,41.49,61.62,60.05,59.62,59.93,55.12,-0.2,-2.79,63.68,55.56
FOX,Fox Corporation (Class B),Communication Services,Broadcasting,58.83,58.83,38.38,55.08,53.72,53.39,54.08,50.68,-0.2,-3.01,57.06,49.73
BEN,Franklin Resources,Financials,Asset Management & Custody Banks,22.77,25.67,16.21,23.05,22.81,22.95,23.69,21.54,0.2,4.66,23.83,22.07
FCX,Freeport-McMoRan,Materials,Copper,41.73,47.85,28.82,41.51,41.42,41.45,42.38,39.86,0.0,3.43,43.16,39.73
GRMN,Garmin,Consumer Discretionary,Consumer Electronics,214.97,259.77,163.75,236.91,243.17,248.19,242.21,217.94,0.0,25.65,270.11,226.27
IT,Gartner,Information Technology,IT Consulting & Other Services,248.4,551.8,225.98,251.33,249.2,247.19,249.28,378.5,0.2,5.08,261.02,233.36
GE,GE Aerospace,Industrials,Aerospace & Defense,310.75,314.28,158.97,310.31,306.53,302.66,292.35,240.4,0.2,1.07,314.08,291.25
GEHC,GE HealthCare,Health Care,Health Care Equipment,75.0,93.35,58.67,77.65,76.71,75.27,75.06,76.13,0.1,6.27,79.7,70.84
GEV,GE Vernova,Industrials,Heavy Electrical Equipment,574.07,664.27,269.69,578.36,584.21,600.94,608.28,478.76,0.0,12.35,644.97,556.89
GEN,Gen Digital,Information Technology,Systems Software,26.09,32.03,23.31,26.54,26.77,26.92,28.43,28.01,-0.2,6.9,27.89,25.95
GNRC,Generac,Industrials,Electrical Components & Equipment,165.78,202.85,101.92,183.83,187.0,181.12,180.54,150.36,-0.2,22.33,202.8,159.44
GD,General Dynamics,Industrials,Aerospace & Defense,344.66,353.77,238.33,347.87,342.81,340.44,330.82,288.79,0.2,2.41,352.97,327.91
GIS,General Mills,Consumer Staples,Packaged Foods & Meats,47.05,65.32,46.57,47.47,48.02,48.45,48.93,52.89,0.0,6.84,50.27,46.64
GM,General Motors,Consumer Discretionary,Automobile Manufacturers,68.67,69.87,42.24,69.34,66.39,61.75,60.02,51.85,0.0,6.25,72.96,50.54
GPC,Genuine Parts Company,Consumer Discretionary,Distributors,128.4,142.77,103.92,130.31,131.71,132.98,136.32,124.97,0.0,7.76,138.36,127.59
GILD,Gilead Sciences,Health Care,Biotechnology,118.44,124.08,85.21,119.25,120.84,118.82,115.37,108.54,0.2,5.09,124.47,113.18
GPN,Global Payments,Financials,Transaction & Payment Processing Services,78.69,118.08,67.06,83.54,85.09,85.66,86.08,87.46,-0.2,15.64,91.0,80.32
GL,Globe Life,Financials,Life & Health Insurance,132.44,146.27,102.63,133.43,134.47,135.42,139.04,127.7,0.0,5.03,139.1,131.74
GDDY,GoDaddy,Information Technology,Internet Services & Infrastructure,126.74,214.35,126.57,129.4,130.57,131.79,139.3,168.84,0.0,8.34,137.31,126.27
GS,Goldman Sachs,Financials,Investment Banking & Brokerage,790.16,806.32,457.48,787.84,770.76,774.42,771.76,655.17,0.2,1.98,805.81,743.05
HAL,Halliburton,Energy,Oil & Gas Equipment & Services,26.96,31.1,18.96,26.88,25.81,24.47,23.49,22.8,0.2,5.3,28.39,20.56
HIG,Hartford (The),Financials,Property & Casualty Insurance,123.46,134.7,105.0,123.72,124.21,127.33,130.16,123.01,-0.2,9.27,134.9,119.76
HAS,Hasbro,Consumer Discretionary,Leisure Products,76.55,81.85,49.75,77.45,76.48,75.28,76.77,67.72,-0.2,3.17,78.98,71.57
HCA,HCA Healthcare,Health Care,Health Care Facilities,466.8,468.4,294.93,463.31,448.92,435.95,419.8,366.92,0.0,1.16,472.21,399.71
DOC,Healthpeak Properties,Real Estate,Health Care REITs,17.57,21.54,16.35,18.2,18.4,18.46,18.25,18.05,0.2,10.53,19.42,17.49
HSIC,Henry Schein,Health Care,Health Care Distributors,62.9,81.91,62.03,63.16,63.41,63.81,66.3,69.86,0.2,5.15,66.14,61.48
HSY,Hershey Company (The),Consumer Staples,Packaged Foods & Meats,171.16,195.56,141.22,177.5,181.34,186.77,186.48,170.77,0.0,17.01,200.27,173.27
HPE,Hewlett Packard Enterprise,Information Technology,"Technology Hardware, Storage & Peripherals",24.41,26.25,12.35,24.12,23.6,24.21,23.96,19.84,0.2,7.41,26.22,22.2
HLT,Hilton Worldwide,Consumer Discretionary,"Hotels, Resorts & Cruise Lines",260.18,278.5,201.05,263.09,264.54,262.83,267.22,253.97,0.0,4.37,271.55,254.12
HOLX,Hologic,Health Care,Health Care Equipment,73.93,83.72,52.73,73.97,73.34,70.42,68.15,64.54,0.0,3.77,76.72,64.12
HD,Home Depot (The),Consumer Discretionary,Home Improvement Retail,379.55,423.6,331.29,383.06,386.1,385.61,400.58,378.59,-0.2,4.25,395.68,375.54
HON,Honeywell,Industrials,Industrial Conglomerates,200.11,239.16,180.99,211.72,210.4,208.16,211.5,214.54,0.0,9.43,218.98,197.33
HRL,Hormel Foods,Consumer Staples,Packaged Foods & Meats,21.29,32.19,21.29,22.8,23.4,23.56,24.62,27.93,-0.2,17.85,25.09,22.03
HST,Host Hotels & Resorts,Real Estate,Hotel & Resort REITs,16.08,18.04,12.39,16.37,16.47,16.41,16.84,15.57,0.0,5.22,16.92,15.91
HWM,Howmet Aerospace,Industrials,Aerospace & Defense,201.77,203.48,99.44,201.33,197.73,194.0,187.84,160.8,0.0,1.37,204.53,183.47
HPQ,HP Inc.,Information Technology,"Technology Hardware, Storage & Peripherals",27.51,37.77,21.42,27.77,27.75,27.43,27.63,27.16,0.0,4.91,28.86,26.0
HUBB,Hubbell Incorporated,Industrials,Industrial Machinery & Supplies & Components,469.96,472.57,313.96,453.25,441.48,430.49,433.19,397.32,0.0,-1.08,464.88,396.11
HUM,Humana,Health Care,Managed Health Care,285.61,310.91,219.64,291.21,288.93,284.72,281.07,261.25,0.0,7.52,307.09,262.34
HBAN,Huntington Bancshares,Financials,Regional Banks,15.32,17.87,12.26,15.55,15.67,15.98,16.84,15.86,-0.2,11.03,17.01,14.94
HII,Huntington Ingalls Industries,Industrials,Aerospace & Defense,319.07,319.07,156.78,303.65,294.53,290.54,280.56,234.08,0.2,-3.33,308.44,272.64
IBM,IBM,Information Technology,IT Consulting & Other Services,310.06,313.09,199.27,310.28,297.09,290.41,271.72,258.09,0.2,1.69,315.3,265.52
IEX,IDEX Corporation,Industrials,Industrial Machinery & Supplies & Components,170.3,232.54,156.86,169.24,168.32,166.3,163.82,177.23,0.1,1.0,172.0,160.61
IDXX,Idexx Laboratories,Health Care,Health Care Equipment,628.54,682.78,361.04,635.76,636.71,633.75,637.93,525.52,-0.2,2.98,647.27,620.19
ITW,Illinois Tool Works,Industrials,Industrial Machinery & Supplies & Components,243.64,271.83,215.75,245.02,249.43,250.09,257.05,250.38,-0.2,6.99,260.67,239.52
INCY,Incyte,Health Care,Biotechnology,92.59,93.08,55.17,91.76,89.72,87.93,86.17,72.65,0.2,0.56,93.11,82.74
IR,Ingersoll Rand,Industrials,Industrial Machinery & Supplies & Components,78.73,105.27,66.72,79.46,79.1,79.06,79.89,81.93,0.0,6.05,83.49,74.62
PODD,Insulet Corporation,Health Care,Health Care Equipment,311.95,352.82,230.58,319.83,322.63,318.63,326.7,295.2,0.0,5.95,330.51,306.75
INTC,Intel,Information Technology,Semiconductors,40.16,41.53,18.13,40.17,38.92,37.91,31.69,24.11,0.0,2.12,41.01,34.81
IBKR,Interactive Brokers,Financials,Investment Banking & Brokerage,68.51,72.62,35.97,68.92,67.6,68.86,65.98,55.33,-0.2,5.93,72.57,65.14
ICE,Intercontinental Exchange,Financials,Financial Exchanges & Data,148.52,187.92,141.62,154.78,155.4,157.08,166.18,170.34,-0.2,10.29,163.8,150.36
IFF,International Flavors & Fragrances,Materials,Specialty Chemicals,63.13,99.16,59.55,64.5,64.65,62.92,63.62,72.99,-0.2,5.88,66.84,59.01
IP,International Paper,Materials,Paper & Plastic Packaging Products & Materials,38.63,58.45,38.63,45.41,46.62,46.5,46.93,49.02,0.0,31.4,50.76,42.23
IPG,Interpublic Group of Companies (The),Communication Services,Advertising,25.71,29.33,22.33,26.4,26.73,26.7,26.55,25.39,0.2,8.09,27.79,25.61
INTU,Intuit,Information Technology,Application Software,656.18,805.92,541.4,671.53,670.73,663.38,668.74,666.93,0.2,4.94,688.6,638.15
ISRG,Intuitive Surgical,Health Care,Health Care Equipment,530.02,610.45,429.59,542.15,515.64,478.16,463.09,512.26,0.1,8.06,572.74,383.6
IVZ,Invesco,Financials,Asset Management & Custody Banks,23.48,24.13,11.86,23.6,23.2,23.39,22.7,17.88,-0.2,4.3,24.49,22.29
INVH,Invitation Homes,Real Estate,Single-Family Residential REITs,28.41,34.81,27.47,28.36,28.54,28.41,29.22,31.35,0.0,2.53,29.13,27.69
IQV,IQVIA,Health Care,Life Sciences Tools & Services,216.47,221.25,137.0,218.08,216.34,209.76,196.45,178.05,0.2,3.85,224.8,194.71
IRM,Iron Mountain,Real Estate,Other Specialized REITs,101.3,123.69,75.72,103.68,104.11,104.37,99.63,95.11,0.0,6.17,107.55,101.19
JBHT,J.B. Hunt,Industrials,Cargo Ground Transportation,166.64,195.43,123.94,166.99,166.96,155.07,145.4,147.5,0.1,9.36,182.24,127.89
JBL,Jabil,Information Technology,Electronic Manufacturing Services,221.47,234.45,116.78,216.4,210.18,206.55,210.87,182.72,0.0,-0.35,220.69,192.4
JKHY,Jack Henry & Associates,Financials,Transaction & Payment Processing Services,149.88,189.99,146.26,153.24,154.38,152.57,155.33,169.51,-0.2,5.98,158.84,146.3
J,Jacobs Solutions,Industrials,Construction & Engineering,158.22,164.44,109.18,159.1,159.64,157.69,151.53,134.46,0.2,3.62,163.95,151.43
JNJ,Johnson & Johnson,Health Care,Pharmaceuticals,189.05,193.72,138.72,188.66,190.75,190.49,183.09,162.96,0.0,2.81,194.36,186.6
JCI,Johnson Controls,Industrials,Building Products,114.21,114.21,70.88,113.15,111.55,109.91,108.46,96.04,0.0,0.31,114.56,105.27
JPM,JPMorgan Chase,Financials,Diversified Banks,309.44,314.53,208.26,304.98,301.06,303.03,303.52,272.13,0.2,0.93,312.32,293.74
K,Kellanova,Consumer Staples,Packaged Foods & Meats,83.13,83.13,76.96,83.08,83.05,82.94,80.71,80.47,-0.2,0.08,83.2,82.68
KVUE,Kenvue,Consumer Staples,Personal Care Products,14.24,24.0,14.11,14.63,14.86,15.43,17.37,20.83,0.0,19.59,17.03,13.83
KDP,Keurig Dr Pepper,Consumer Staples,Soft Drinks & Non-alcoholic Beverages,27.68,35.14,25.3,28.01,27.85,27.0,27.46,31.53,0.2,5.46,29.19,24.8
KEY,KeyCorp,Financials,Regional Banks,17.51,19.23,12.92,17.59,17.48,17.7,18.41,16.82,0.0,6.51,18.65,16.74
KEYS,Keysight Technologies,Information Technology,Electronic Equipment & Instruments,175.37,185.11,127.02,170.62,168.05,167.77,169.35,162.09,-0.2,0.47,176.19,159.34
KMB,Kimberly-Clark,Consumer Staples,Household Products,120.21,144.6,116.72,119.43,119.83,120.08,124.02,130.11,-0.2,1.94,122.54,117.61
KIM,Kimco Realty,Real Estate,Retail REITs,20.99,24.65,18.27,21.78,21.96,21.65,21.87,21.07,-0.2,7.67,22.6,20.7
KMI,Kinder Morgan,Energy,Oil & Gas Storage & Transportation,26.08,30.24,23.42,26.01,26.63,27.15,27.24,27.12,0.0,10.08,28.71,25.58
KKR,KKR & Co.,Financials,Asset Management & Custody Banks,118.11,166.38,92.52,120.15,120.64,122.03,132.39,130.37,0.0,8.6,128.27,115.79
KLAC,KLA Corporation,Information Technology,Semiconductor Materials & Equipment,1214.41,1235.28,573.9,1210.74,1173.4,1119.77,1030.36,841.81,0.2,3.51,1257.04,982.54
KHC,Kraft Heinz,Consumer Staples,Packaged Foods & Meats,24.58,32.94,24.38,25.06,25.32,25.3,26.07,27.3,-0.2,5.98,26.05,24.56
KR,Kroger,Consumer Staples,Food Retail,65.43,73.97,54.62,66.86,67.73,67.65,67.45,67.31,0.2,7.18,70.13,65.17
LHX,L3Harris,Industrials,Aerospace & Defense,295.9,306.76,191.79,290.9,290.35,293.5,286.39,244.04,0.0,3.26,305.55,281.46
LH,Labcorp,Health Care,Health Care Services,252.33,290.93,211.06,263.06,274.31,276.54,277.2,254.26,-0.2,18.0,297.75,255.32
LRCX,Lam Research,Information Technology,Semiconductor Materials & Equipment,161.01,161.01,58.83,157.18,150.53,145.94,127.84,94.82,0.0,0.13,161.22,130.66
LW,Lamb Weston,Consumer Staples,Packaged Foods & Meats,62.19,80.72,47.73,64.78,64.91,64.4,59.69,55.24,0.2,7.16,66.64,62.16
LVS,Las Vegas Sands,Consumer Discretionary,Casinos & Gaming,58.95,59.44,30.35,58.59,54.94,52.59,53.72,45.74,0.0,2.97,60.7,44.48
LDOS,Leidos,Industrials,Diversified Support Services,190.92,199.29,125.82,189.19,189.4,190.46,186.2,157.88,-0.2,4.14,198.82,182.09
LEN,Lennar,Consumer Discretionary,Homebuilding,124.13,170.05,101.41,126.56,126.72,124.28,128.67,118.36,0.2,6.03,131.62,116.94
LII,Lennox International,Industrials,Building Products,495.69,672.47,487.78,496.62,507.78,522.18,538.34,572.43,0.0,14.07,565.43,478.91
LLY,Lilly (Eli),Health Care,Pharmaceuticals,844.5,925.78,624.28,826.0,817.48,825.78,777.43,786.2,-0.3,1.42,856.49,795.08
LIN,Linde plc,Materials,Industrial Gases,429.91,483.59,408.92,439.09,444.8,452.25,466.43,459.12,-0.2,10.22,473.85,430.67
LYV,Live Nation Entertainment,Communication Services,Movies & Entertainment,148.02,174.06,115.79,150.86,153.3,153.49,160.81,145.94,-0.4,7.11,158.54,148.45
LKQ,LKQ Corporation,Consumer Discretionary,Distributors,31.16,43.02,28.68,30.89,30.61,30.22,30.97,36.21,-0.2,1.64,31.67,28.77
LMT,Lockheed Martin,Industrials,Aerospace & Defense,489.72,554.97,407.77,486.63,489.89,497.86,480.47,459.58,-0.2,5.75,517.88,477.82
L,Loews Corporation,Financials,Multi-line Insurance,99.53,103.05,76.29,99.16,99.32,100.44,98.66,90.77,0.0,4.12,103.63,97.26
LOW,Lowe's,Consumer Discretionary,Home Improvement Retail,239.82,271.68,208.44,241.75,242.48,240.27,252.36,235.91,0.0,3.45,248.09,232.44
LULU,Lululemon Athletica,Consumer Discretionary,"Apparel, Accessories & Luxury Goods",168.02,421.16,159.87,175.57,175.64,173.29,177.95,263.1,0.2,9.18,183.44,163.15
LYB,LyondellBasell,Materials,Specialty Chemicals,45.2,80.47,44.91,47.24,46.52,46.97,50.74,58.81,0.0,10.2,49.81,44.12
MTB,M&T Bank,Financials,Regional Banks,182.8,215.8,154.27,182.74,182.13,184.29,192.82,185.19,-0.2,5.13,192.18,176.41
MPC,Marathon Petroleum,Energy,Oil & Gas Refining & Marketing,195.63,198.69,117.23,195.21,191.42,189.05,185.69,161.14,0.2,2.16,199.86,178.24
MAR,Marriott International,Consumer Discretionary,"Hotels, Resorts & Cruise Lines",262.27,302.22,210.04,266.68,266.44,266.11,265.81,262.65,0.0,4.58,274.28,257.94
MMC,Marsh McLennan,Financials,Insurance Brokers,178.67,242.13,178.67,183.13,186.15,194.41,198.53,215.13,0.0,19.58,213.65,175.18
MLM,Martin Marietta Materials,Materials,Construction Materials,613.02,656.85,451.25,616.97,621.12,628.65,620.99,554.42,0.2,5.88,649.07,608.24
MAS,Masco,Industrials,Building Products,64.99,81.07,58.18,67.02,68.03,67.95,70.89,68.68,0.0,9.22,70.98,64.92
MA,Mastercard,Financials,Transaction & Payment Processing Services,553.68,598.17,477.88,564.04,566.47,566.95,576.68,559.11,0.0,5.53,584.3,549.6
MTCH,Match Group,Communication Services,Interactive Media & Services,32.3,38.56,26.72,32.49,32.68,32.76,35.25,32.51,0.0,5.33,34.02,31.5
MKC,McCormick & Company,Consumer Staples,Packaged Foods & Meats,64.11,83.15,63.83,65.59,66.61,66.37,67.22,72.66,0.0,7.64,69.01,63.72
MCD,McDonald's,Consumer Discretionary,Restaurants,302.43,317.67,275.0,305.39,306.74,303.06,305.75,302.07,0.0,3.57,313.23,292.89
MCK,McKesson Corporation,Health Care,Health Care Distributors,825.53,825.53,496.98,810.17,800.06,781.3,739.18,691.01,0.0,0.38,828.67,733.98
MDT,Medtronic,Health Care,Health Care Equipment,90.97,98.43,78.03,92.75,94.14,95.41,94.36,89.21,0.0,9.18,99.32,91.5
MRK,Merck & Co.,Health Care,Pharmaceuticals,86.28,101.09,72.03,87.08,86.89,86.64,84.37,83.29,-0.2,3.71,89.48,83.8
META,Meta Platforms,Communication Services,Interactive Media & Services,666.47,789.47,483.96,731.75,730.85,722.92,740.2,677.63,-0.2,14.26,761.51,684.3
MET,MetLife,Financials,Life & Health Insurance,79.16,86.38,67.4,78.76,78.67,80.06,80.33,78.92,0.0,5.56,83.56,76.55
MTD,Mettler Toledo,Health Care,Life Sciences Tools & Services,1377.01,1437.75,970.15,1405.96,1394.11,1353.53,1303.82,1229.07,0.2,5.35,1450.68,1256.44
MGM,MGM Resorts,Consumer Discretionary,Casinos & Gaming,30.72,41.99,25.79,31.92,32.17,32.33,34.76,33.91,0.0,10.71,34.01,30.65
MCHP,Microchip Technology,Information Technology,Semiconductors,62.07,76.79,34.83,63.19,64.53,64.81,65.09,59.76,0.0,10.05,68.31,61.3
MU,Micron Technology,Information Technology,Semiconductors,224.01,226.63,64.62,222.33,212.83,201.88,167.59,116.74,0.0,2.26,229.07,174.67
MSFT,Microsoft,Information Technology,Systems Software,525.76,542.07,353.33,532.9,525.36,521.72,513.55,459.73,0.2,2.55,539.17,504.25
MAA,Mid-America Apartment Communities,Real Estate,Multi-Family Residential REITs,128.81,165.69,126.28,130.56,132.06,132.71,137.14,147.74,-0.2,6.27,136.89,128.54
MRNA,Moderna,Health Care,Biotechnology,28.14,55.22,23.51,26.32,26.54,26.95,25.9,29.06,-0.3,2.17,28.75,25.14
MHK,Mohawk Industries,Consumer Discretionary,Home Furnishings,115.59,147.6,97.99,118.19,123.52,123.6,128.68,116.6,-0.2,15.12,133.07,114.12
MOH,Molina Healthcare,Health Care,Managed Health Care,151.1,353.24,151.1,159.95,174.28,185.8,182.96,255.63,-0.1,45.92,220.49,151.12
TAP,Molson Coors Beverage Company,Consumer Staples,Brewers,43.65,61.78,43.51,44.62,45.58,45.89,47.2,52.27,-0.4,9.48,47.79,43.99
MDLZ,Mondelez International,Consumer Staples,Packaged Foods & Meats,57.78,70.19,54.9,59.65,60.83,61.3,61.71,63.43,-0.2,10.68,63.95,58.64
MPWR,Monolithic Power Systems,Information Technology,Semiconductors,1087.56,1105.05,453.43,1089.59,1058.51,1013.34,927.06,730.01,0.2,3.78,1128.67,897.97
MNST,Monster Beverage,Consumer Staples,Soft Drinks & Non-alcoholic Beverages,66.57,70.22,46.16,68.36,69.03,68.73,66.01,60.05,0.0,6.8,71.1,66.36
MCO,Moody's Corporation,Financials,Financial Exchanges & Data,478.97,524.53,395.22,485.47,480.98,481.77,491.16,482.63,0.0,3.84,497.36,466.21
MS,Morgan Stanley,Financials,Investment Banking & Brokerage,165.26,166.02,98.35,164.88,162.17,159.51,156.25,135.46,0.2,1.25,167.33,151.7
MOS,Mosaic Company (The),Materials,Fertilizers & Agricultural Chemicals,27.71,37.55,22.47,29.06,29.27,30.83,32.5,31.01,0.0,28.18,35.52,26.15
MSI,Motorola Solutions,Information Technology,Communications Equipment,431.98,499.65,392.79,437.47,442.06,447.92,460.47,437.07,-0.2,7.95,466.32,429.51
MSCI,MSCI Inc.,Financials,Financial Exchanges & Data,583.14,630.0,503.37,566.72,552.14,553.61,561.61,561.88,0.0,0.5,586.06,521.15
NDAQ,"Nasdaq, Inc.",Financials,Financial Exchanges & Data,85.66,96.67,66.01,87.25,88.03,88.56,90.55,84.27,-0.2,6.57,91.29,85.82
NTAP,NetApp,Information Technology,"Technology Hardware, Storage & Peripherals",115.57,128.5,75.4,115.89,116.94,118.14,118.5,105.81,-0.2,6.01,122.52,113.76
NFLX,Netflix,Communication Services,Movies & Entertainment,1089.0,1339.13,753.74,1096.23,1139.04,1169.24,1197.31,1120.42,-0.2,17.32,1277.61,1060.85
NEM,Newmont,Materials,Gold,82.31,98.27,36.49,80.66,85.12,87.2,81.93,59.78,0.0,18.05,97.17,77.24
NWSA,News Corp (Class A),Communication Services,Publishing,26.48,31.03,23.89,26.46,26.38,26.6,28.5,28.15,-0.2,5.4,27.91,25.3
NWS,News Corp (Class B),Communication Services,Publishing,30.51,35.06,27.33,30.61,30.25,30.29,32.18,32.16,-0.2,4.13,31.77,28.8
NEE,NextEra Energy,Utilities,Multi-Utilities,81.64,86.03,63.11,83.48,83.68,83.65,77.23,71.68,0.2,5.95,86.5,80.81
NKE,"Nike, Inc.",Consumer Discretionary,"Apparel, Accessories & Luxury Goods",64.9,80.35,52.64,67.08,67.75,68.11,71.48,68.67,-0.2,10.29,71.58,64.64
NI,NiSource,Utilities,Multi-Utilities,42.13,44.17,33.44,43.07,43.41,43.39,42.3,39.99,-0.2,5.6,44.49,42.3
NDSN,Nordson Corporation,Industrials,Industrial Machinery & Supplies & Components,231.79,260.48,166.29,234.91,235.14,233.69,228.42,212.0,0.2,2.88,238.47,228.9
NSC,Norfolk Southern,Industrials,Rail Transportation,281.62,300.41,204.09,280.74,284.69,289.02,285.65,256.08,0.0,7.0,301.33,276.71
NTRS,Northern Trust,Financials,Asset Management & Custody Banks,126.9,134.6,83.34,126.75,126.61,127.96,129.31,113.69,-0.2,4.91,133.13,122.78
NOC,Northrop Grumman,Industrials,Aerospace & Defense,578.6,637.95,427.78,592.03,595.82,607.9,594.21,522.38,0.0,10.46,639.12,576.7
NCLH,Norwegian Cruise Line Holdings,Consumer Discretionary,"Hotels, Resorts & Cruise Lines",22.22,29.07,15.5,22.75,23.1,23.3,24.42,22.09,0.0,10.35,24.52,22.08
NRG,NRG Energy,Utilities,Independent Power Producers & Energy Traders,173.14,178.5,83.06,173.47,169.09,167.78,161.34,135.17,0.0,2.12,176.81,158.75
NUE,Nucor,Materials,Steel,149.74,164.83,102.37,147.8,142.3,139.35,140.5,129.82,-0.2,1.05,151.31,127.39
NVDA,Nvidia,Information Technology,Semiconductors,202.89,207.04,94.3,197.74,189.82,187.56,181.37,147.87,0.0,0.04,202.97,172.15
NVR,"NVR, Inc.",Consumer Discretionary,Homebuilding,7245.71,9455.81,6700.0,7381.92,7539.84,7644.26,7957.28,7572.89,-0.2,11.59,8085.49,7203.38
NXPI,NXP Semiconductors,Information Technology,Semiconductors,206.38,250.84,152.09,212.95,215.92,217.95,223.19,210.65,-0.2,12.22,231.6,204.3
ORLY,O’Reilly Automotive,Consumer Discretionary,Automotive Retail,95.15,107.82,76.44,95.81,98.24,100.21,102.97,94.4,-0.2,11.39,105.99,94.43
OXY,Occidental Petroleum,Energy,Oil & Gas Exploration & Production,40.7,51.86,35.72,41.4,41.44,42.47,44.82,44.36,-0.2,12.33,45.72,39.21
ODFL,Old Dominion,Industrials,Cargo Ground Transportation,137.25,230.37,134.31,136.46,138.23,138.65,143.17,160.61,0.2,5.63,144.98,132.31
OMC,Omnicom Group,Communication Services,Advertising,75.05,101.44,68.6,77.08,78.14,78.13,77.67,76.27,0.2,8.3,81.28,74.98
ON,ON Semiconductor,Information Technology,Semiconductors,50.85,74.7,31.95,51.49,52.36,51.05,50.23,48.63,0.0,8.57,55.21,46.89
OKE,Oneok,Energy,Oil & Gas Storage & Transportation,66.72,112.93,66.72,68.18,68.58,69.6,71.91,82.45,0.0,9.71,73.2,65.99
ORCL,Oracle Corporation,Information Technology,Application Software,256.89,327.76,122.35,275.55,277.41,286.81,277.18,204.84,0.0,21.71,312.66,260.98
OTIS,Otis Worldwide,Industrials,Industrial Machinery & Supplies & Components,92.49,103.35,84.52,92.23,92.11,91.32,89.72,94.11,0.1,1.08,93.49,89.15
PCAR,Paccar,Industrials,Construction Machinery & Heavy Transportation Equipment,98.82,113.98,85.82,99.48,98.86,97.23,98.54,97.85,-0.2,3.16,101.94,92.52
PKG,Packaging Corporation of America,Materials,Paper & Plastic Packaging Products & Materials,196.16,242.86,173.82,202.08,204.98,207.63,211.25,200.5,-0.2,10.78,217.31,197.96
PLTR,Palantir Technologies,Information Technology,Application Software,194.55,198.81,41.41,191.35,185.4,182.4,173.9,131.83,0.0,0.28,195.09,169.71
PANW,Palo Alto Networks,Information Technology,Systems Software,218.27,221.38,152.44,218.84,215.58,213.06,203.68,190.67,0.2,1.86,222.33,203.78
PSKY,Paramount Skydance Corporation,Communication Services,Movies & Entertainment,15.46,19.73,10.05,16.17,16.41,17.15,17.07,13.07,0.0,23.74,19.13,15.18
PH,Parker Hannifin,Industrials,Industrial Machinery & Supplies & Components,774.35,775.03,514.56,772.51,760.16,750.84,753.45,683.26,-0.2,1.54,786.27,715.37
PAYX,Paychex,Industrials,Human Resource & Employment Services,117.23,158.58,117.23,121.66,124.03,125.19,129.94,142.16,-0.2,11.72,130.97,119.4
PAYC,Paycom,Industrials,Human Resource & Employment Services,185.29,265.28,166.46,194.0,198.12,199.82,211.9,222.26,-0.2,13.28,209.9,189.74
PYPL,PayPal,Financials,Transaction & Payment Processing Services,67.93,91.81,57.41,70.13,69.5,70.2,69.02,71.38,-0.1,11.13,75.49,64.91
PNR,Pentair,Industrials,Industrial Machinery & Supplies & Components,107.14,112.34,75.59,108.5,108.84,109.4,109.33,99.34,0.2,4.68,112.15,106.65
PEP,PepsiCo,Consumer Staples,Soft Drinks & Non-alcoholic Beverages,147.55,161.6,125.83,149.6,151.31,148.67,145.59,140.47,-0.2,7.29,158.31,139.05
PFE,Pfizer,Health Care,Pharmaceuticals,24.29,27.37,20.83,24.52,24.61,24.98,24.82,24.21,0.2,9.51,26.6,23.37
PCG,PG&E Corporation,Utilities,Multi-Utilities,15.9,21.5,12.98,16.12,16.33,16.29,15.55,15.68,-0.3,6.29,16.9,15.68
PM,Philip Morris International,Consumer Staples,Tobacco,145.76,181.86,114.18,150.63,153.58,155.1,159.82,159.58,-0.4,11.83,163.0,147.2
PSX,Phillips 66,Energy,Oil & Gas Refining & Marketing,137.07,139.46,91.09,135.83,133.46,132.03,132.33,121.15,-0.2,0.67,137.99,126.06
PNW,Pinnacle West Capital,Utilities,Multi-Utilities,89.55,93.78,79.36,90.65,91.66,91.89,89.66,89.7,-0.3,5.33,94.32,89.46
PNC,PNC Financial Services,Financials,Diversified Banks,182.32,207.33,145.61,183.5,182.41,185.1,194.68,182.09,0.0,6.86,194.83,175.36
POOL,Pool Corporation,Consumer Discretionary,Distributors,277.2,385.63,277.2,287.0,291.98,294.67,308.14,313.47,-0.2,11.8,309.91,279.44
PPG,PPG Industries,Materials,Specialty Chemicals,97.45,124.51,90.49,102.17,102.46,101.69,106.01,109.4,0.0,9.08,106.3,97.09
PPL,PPL Corporation,Utilities,Electric Utilities,36.82,37.97,30.58,37.0,37.28,37.31,36.6,34.87,0.0,3.37,38.06,36.55
PFG,Principal Financial Group,Financials,Life & Health Insurance,82.74,86.52,68.21,81.31,80.21,80.91,80.99,79.02,-0.2,2.32,84.66,77.16
PG,Procter & Gamble,Consumer Staples,Personal Care Products,149.58,175.07,146.4,150.79,150.81,149.88,153.11,158.8,0.2,2.39,153.15,146.6
PGR,Progressive Corporation,Financials,Property & Casualty Insurance,206.97,290.89,206.97,212.51,217.23,227.63,237.99,257.76,0.0,21.95,252.4,202.85
PLD,Prologis,Real Estate,Industrial REITs,124.23,127.18,88.13,125.39,125.59,120.99,116.03,109.86,0.2,5.81,131.45,110.53
PRU,Prudential Financial,Financials,Life & Health Insurance,103.09,124.75,92.74,102.02,101.8,102.07,104.24,104.78,0.0,1.45,104.58,99.57
PEG,Public Service Enterprise Group,Utilities,Electric Utilities,80.75,91.66,75.92,81.77,82.81,82.48,82.06,81.58,0.2,5.73,85.38,79.58
PTC,PTC Inc.,Information Technology,Application Software,197.38,216.53,136.74,201.16,202.68,202.42,205.79,181.71,-0.4,4.98,207.21,197.64
PSA,Public Storage,Real Estate,Self-Storage REITs,280.86,337.69,260.94,294.13,301.55,299.22,291.77,289.79,-0.4,12.14,314.96,283.5
PHM,PulteGroup,Consumer Discretionary,Homebuilding,119.04,141.19,91.67,119.77,121.09,123.83,129.5,112.42,-0.2,12.57,134.0,113.66
PWR,Quanta Services,Industrials,Construction & Engineering,453.83,453.83,236.5,444.97,437.64,433.75,406.51,345.27,0.0,0.08,454.19,413.28
QCOM,Qualcomm,Information Technology,Semiconductors,177.26,187.68,123.21,178.72,173.22,168.65,165.1,156.22,0.4,3.58,183.61,153.71
DGX,Quest Diagnostics,Health Care,Health Care Services,175.75,190.41,148.06,178.25,182.02,182.43,182.13,172.5,0.2,8.43,190.57,174.3
RL,Ralph Lauren Corporation,Consumer Discretionary,"Apparel, Accessories & Luxury Goods",322.88,337.57,181.18,330.98,331.91,326.24,314.66,271.32,0.0,5.61,340.99,311.51
RJF,Raymond James Financial,Financials,Investment Banking & Brokerage,158.05,175.92,122.89,160.03,162.35,162.97,166.62,154.84,-0.2,6.72,168.67,157.28
RTX,RTX Corporation,Industrials,Aerospace & Defense,177.42,179.44,112.45,178.07,173.95,168.24,162.82,142.06,0.2,4.48,185.37,151.13
O,Realty Income,Real Estate,Retail REITs,57.91,60.64,49.38,59.17,59.7,59.46,59.22,56.13,0.2,5.39,61.03,57.89
REG,Regency Centers,Real Estate,Retail REITs,69.39,75.5,64.21,71.22,71.78,71.62,71.54,70.8,0.0,6.04,73.58,69.67
REGN,Regeneron Pharmaceuticals,Health Care,Biotechnology,654.04,923.37,482.34,624.94,601.93,588.12,580.91,595.34,-0.1,-1.21,646.13,530.09
RF,Regions Financial Corporation,Financials,Regional Banks,24.2,27.4,17.95,24.27,24.16,24.61,25.91,23.31,0.0,8.02,26.14,23.08
RSG,Republic Services,Industrials,Environmental & Facilities Services,209.92,256.75,195.95,216.46,218.96,220.93,225.84,234.09,-0.2,9.17,229.17,212.71
RMD,ResMed,Health Care,Health Care Equipment,252.26,293.73,203.67,256.23,262.06,268.94,272.89,251.1,0.0,13.75,286.95,250.95
RVTY,Revvity,Health Care,Health Care Equipment,91.02,126.56,82.44,95.76,95.77,93.78,89.65,98.36,-0.1,9.06,99.27,88.29
HOOD,Robinhood Markets,Financials,Investment Banking & Brokerage,138.07,152.46,23.49,142.95,137.39,139.77,126.27,81.27,-0.2,11.51,153.96,125.57
ROK,Rockwell Automation,Industrials,Electrical Components & Equipment,365.66,368.15,217.21,362.76,357.59,351.3,347.61,308.34,0.2,0.74,368.37,334.23
ROL,"Rollins, Inc.",Industrials,Environmental & Facilities Services,57.79,58.74,45.24,56.11,56.22,56.66,56.78,54.86,-0.2,1.89,58.88,54.44
ROP,Roper Technologies,Information Technology,Electronic Equipment & Instruments,443.4,591.12,443.4,457.67,480.22,494.66,505.65,546.75,-0.2,22.27,542.15,447.17
ROST,Ross Stores,Consumer Discretionary,Apparel Retail,158.07,160.73,122.22,158.92,157.75,155.23,151.53,141.08,0.2,2.47,161.97,148.49
RCL,Royal Caribbean Group,Consumer Discretionary,"Hotels, Resorts & Cruise Lines",284.53,364.72,176.89,298.85,304.9,307.24,325.52,275.15,-0.2,15.73,329.29,285.2
SPGI,S&P Global,Financials,Financial Exchanges & Data,491.57,563.17,436.73,488.88,484.14,482.89,508.91,511.56,-0.2,0.91,496.04,469.75
CRM,Salesforce,Information Technology,Application Software,256.65,365.66,231.26,254.53,254.51,248.48,246.9,270.3,0.1,2.56,263.22,233.73
SBAC,SBA Communications,Real Estate,Telecom Tower REITs,191.14,241.03,187.49,194.19,195.61,193.03,197.66,214.88,0.0,5.1,200.89,185.18
SLB,Schlumberger,Energy,Oil & Gas Equipment & Services,36.32,43.04,31.43,36.2,35.15,34.2,34.78,35.98,0.0,2.51,37.23,31.16
STX,Seagate Technology,Information Technology,"Technology Hardware, Storage & Peripherals",268.33,268.33,65.98,244.28,231.72,228.74,211.26,136.14,0.2,-2.8,260.82,196.67
SRE,Sempra,Utilities,Multi-Utilities,92.44,94.01,62.78,92.63,92.33,92.12,86.81,78.1,0.0,1.54,93.86,90.38
NOW,ServiceNow,Information Technology,Systems Software,934.68,1170.39,721.65,932.15,929.82,919.06,920.32,939.52,-0.2,1.76,951.13,887.02
SHW,Sherwin-Williams,Materials,Specialty Chemicals,347.9,397.11,312.15,343.63,338.41,336.99,348.83,348.21,0.2,0.55,349.81,324.18
SPG,Simon Property Group,Real Estate,Retail REITs,173.35,187.67,136.92,176.33,177.56,177.94,179.46,166.32,0.0,5.49,182.87,173.0
SWKS,Skyworks Solutions,Information Technology,Semiconductors,79.16,94.39,48.25,77.61,76.57,75.39,75.9,71.13,0.0,1.34,80.22,70.55
SJM,J.M. Smucker Company (The),Consumer Staples,Packaged Foods & Meats,102.35,116.56,93.48,103.06,103.8,104.43,107.21,107.17,0.0,5.88,108.37,100.49
SW,Smurfit Westrock,Materials,Paper & Plastic Packaging Products & Materials,36.04,55.13,36.04,40.69,41.53,41.61,43.45,44.88,0.0,25.5,45.23,37.99
SNA,Snap-on,Industrials,Industrial Machinery & Supplies & Components,338.61,364.18,288.55,341.73,342.47,339.68,335.9,326.51,0.2,3.54,350.6,328.76
SOLV,Solventum,Health Care,Health Care Technology,69.28,84.04,63.01,70.68,71.64,71.82,72.47,72.94,-0.2,7.03,74.15,69.5
SO,Southern Company,Utilities,Electric Utilities,95.07,99.72,78.98,94.75,95.99,96.64,94.32,90.11,-0.2,5.25,100.06,93.23
LUV,Southwest Airlines,Industrials,Passenger Airlines,30.09,37.49,23.77,31.26,32.43,32.47,32.27,31.28,0.0,15.82,34.85,30.09
SWK,Stanley Black & Decker,Industrials,Industrial Machinery & Supplies & Components,68.58,92.62,54.53,70.54,70.01,69.86,73.3,72.01,0.2,10.16,75.55,64.16
SBUX,Starbucks,Consumer Discretionary,Restaurants,83.15,114.25,78.46,85.21,85.28,83.46,84.58,91.22,0.0,6.46,88.52,78.4
STT,State Street Corporation,Financials,Asset Management & Custody Banks,115.22,118.68,74.25,116.76,115.27,115.35,113.85,100.62,0.0,3.52,119.28,111.41
STLD,Steel Dynamics,Materials,Steel,158.18,163.47,108.4,158.74,153.58,149.1,140.25,130.41,0.2,2.51,162.15,136.06
STE,Steris,Health Care,Health Care Equipment,236.19,252.43,200.94,239.17,240.45,239.86,244.02,232.12,0.0,3.57,244.62,235.09
SYK,Stryker Corporation,Health Care,Health Care Equipment,368.98,402.61,335.89,376.0,378.68,373.84,378.28,378.91,-0.2,4.98,387.36,360.32
SMCI,Supermicro,Information Technology,"Technology Hardware, Storage & Peripherals",50.37,60.71,18.01,51.06,51.77,53.23,48.11,43.15,0.0,15.98,58.42,48.04
SYF,Synchrony Financial,Financials,Consumer Finance,73.59,76.86,43.38,74.26,73.53,72.22,73.69,64.04,-0.2,2.91,75.73,68.71
SNPS,Synopsys,Information Technology,Application Software,442.93,645.35,380.9,456.94,455.51,458.04,497.11,501.98,0.0,10.23,488.24,427.86
SYY,Sysco,Consumer Staples,Food Distributors,74.7,82.73,67.09,76.05,77.6,78.58,79.87,74.93,-0.4,10.25,82.36,74.8
TMUS,T-Mobile US,Communication Services,Wireless Telecommunication Services,210.65,270.87,209.08,216.82,222.0,224.6,236.03,242.06,-0.2,11.69,235.27,213.94
TROW,T. Rowe Price,Financials,Asset Management & Custody Banks,102.13,118.63,78.24,103.81,103.65,104.24,104.72,98.78,0.0,4.81,107.04,101.45
TTWO,Take-Two Interactive,Communication Services,Interactive Home Entertainment,252.78,262.29,161.72,253.09,255.95,256.83,249.5,226.46,0.0,4.2,263.4,250.25
TPR,"Tapestry, Inc.",Consumer Discretionary,"Apparel, Accessories & Luxury Goods",111.37,117.14,46.13,113.42,114.76,114.77,110.23,89.13,0.0,6.84,118.99,110.54
TRGP,Targa Resources,Energy,Oil & Gas Storage & Transportation,151.52,213.93,146.3,152.64,152.55,154.93,161.44,173.28,0.2,10.06,166.76,143.09
TGT,Target Corporation,Consumer Staples,Consumer Staples Merchandise Retail,92.92,150.74,85.53,95.24,94.12,91.54,91.5,101.83,0.1,5.25,97.8,85.27
TEL,TE Connectivity,Information Technology,Electronic Manufacturing Services,243.45,243.45,121.04,238.63,233.35,227.39,218.0,174.06,0.2,-0.3,242.72,212.05
TDY,Teledyne Technologies,Information Technology,Electronic Equipment & Instruments,517.75,593.62,435.54,523.82,540.73,558.77,557.38,516.42,0.2,17.35,607.58,509.96
TER,Teradyne,Information Technology,Semiconductor Materials & Equipment,176.88,176.88,67.79,157.4,149.15,145.17,131.7,103.71,0.2,-5.73,166.74,123.6
TSLA,"Tesla, Inc.",Consumer Discretionary,Automobile Manufacturers,440.1,479.86,221.86,449.66,446.56,439.93,407.91,336.91,0.0,5.1,462.55,417.31
TXN,Texas Instruments,Information Technology,Semiconductors,160.51,219.66,143.34,165.24,170.61,173.87,182.8,183.8,-0.2,16.04,186.26,161.48
TPL,Texas Pacific Land Corporation,Energy,Oil & Gas Exploration & Production,928.5,1720.9,853.36,925.19,929.15,929.45,924.12,1133.2,-0.1,4.47,970.0,888.89
TXT,Textron,Industrials,Aerospace & Defense,79.42,88.01,60.69,80.21,80.99,82.56,82.35,76.98,0.0,9.85,87.24,77.87
TMO,Thermo Fisher Scientific,Health Care,Life Sciences Tools & Services,556.22,605.06,389.91,561.69,558.83,546.27,509.02,478.56,0.0,3.75,577.08,515.49
TJX,TJX Companies,Consumer Discretionary,Apparel Retail,142.29,145.16,110.99,142.64,142.97,142.48,140.91,128.63,0.0,2.23,145.46,139.5
TKO,TKO Group Holdings,Communication Services,Movies & Entertainment,187.78,205.33,114.86,187.24,187.23,189.55,192.87,168.58,0.0,5.13,197.41,181.68
TTD,Trade Desk (The),Communication Services,Advertising,48.97,139.51,43.93,51.24,52.06,52.12,50.5,68.14,0.1,12.99,55.33,48.9
TSCO,Tractor Supply,Consumer Discretionary,Other Specialty Retail,54.12,62.65,47.62,55.3,55.29,55.05,57.68,54.75,0.2,4.67,56.65,53.44
TT,Trane Technologies,Industrials,Building Products,446.37,471.46,313.81,430.87,423.71,422.47,416.68,397.44,0.2,-1.99,437.49,407.46
TDG,TransDigm Group,Industrials,Aerospace & Defense,1306.14,1516.55,1152.5,1334.2,1323.19,1301.44,1297.52,1313.93,-0.1,4.61,1366.35,1236.55
TRV,Travelers Companies (The),Financials,Property & Casualty Insurance,271.01,284.97,229.61,269.46,268.15,271.9,273.75,261.01,-0.2,5.31,285.4,258.41
TRMB,Trimble Inc.,Information Technology,Electronic Equipment & Instruments,78.87,85.24,55.12,80.26,79.67,79.23,80.26,74.38,0.2,4.2,82.18,76.27
TFC,Truist Financial,Financials,Diversified Banks,44.34,47.07,33.92,44.28,43.85,43.82,45.01,42.38,0.0,3.47,45.88,41.76
TYL,Tyler Technologies,Information Technology,Application Software,478.08,646.74,478.0,496.9,504.83,503.63,526.76,565.88,-0.4,10.1,526.37,480.9
TSN,Tyson Foods,Consumer Staples,Packaged Foods & Meats,51.41,62.84,50.72,51.55,51.96,52.43,54.12,55.93,-0.2,5.72,54.35,50.52
USB,U.S. Bancorp,Financials,Diversified Banks,46.84,51.35,35.62,47.36,47.24,47.02,47.84,44.43,0.2,3.82,48.63,45.4
UBER,Uber,Industrials,Passenger Ground Transportation,96.49,100.1,59.93,95.63,94.4,95.13,95.56,84.93,0.0,3.05,99.43,90.83
UDR,"UDR, Inc.",Real Estate,Multi-Family Residential REITs,33.63,44.54,33.56,34.9,35.63,35.78,36.87,39.62,-0.2,11.18,37.39,34.16
ULTA,Ulta Beauty,Consumer Discretionary,Other Specialty Retail,509.66,566.91,314.47,515.0,520.2,535.9,531.79,448.85,0.0,12.3,572.35,499.44
UNP,Union Pacific Corporation,Industrials,Rail Transportation,218.83,249.94,205.73,217.53,221.28,225.56,224.38,226.93,-0.1,8.71,237.89,213.24
UAL,United Airlines Holdings,Industrials,Passenger Airlines,93.38,110.52,56.15,96.47,97.48,98.23,101.24,88.64,0.0,11.04,103.69,92.78
UPS,United Parcel Service,Industrials,Air Freight & Logistics,95.06,130.93,82.58,93.05,90.08,87.57,86.1,97.61,0.1,0.48,95.52,79.62
URI,United Rentals,Industrials,Trading Companies & Distributors,858.91,1020.0,549.5,883.81,930.78,959.5,952.61,774.96,-0.2,23.26,1058.69,860.34
UNH,UnitedHealth Group,Health Care,Managed Health Care,344.75,611.98,236.28,359.27,360.47,360.79,342.07,383.24,-0.1,7.9,371.99,349.61
UHS,Universal Health Services,Health Care,Health Care Facilities,218.69,225.3,154.78,217.6,212.57,208.16,197.26,183.46,0.2,1.47,221.9,194.41
VLO,Valero Energy,Energy,Oil & Gas Refining & Marketing,170.1,175.63,102.97,171.1,166.61,163.83,161.34,137.91,0.2,2.65,174.61,153.05
VTR,Ventas,Real Estate,Health Care REITs,74.36,74.36,55.68,71.23,70.89,69.7,68.67,65.46,0.4,-1.96,72.9,66.5
VLTO,Veralto,Industrials,Environmental & Facilities Services,100.38,109.64,85.14,102.24,103.04,103.22,105.15,100.77,-0.2,6.47,106.87,99.57
VRSN,Verisign,Information Technology,Internet Services & Infrastructure,235.6,305.1,175.69,240.62,250.38,258.15,271.18,260.96,0.0,19.58,281.73,234.58
VRSK,Verisk Analytics,Industrials,Research & Consulting Services,217.6,320.32,208.0,225.27,230.33,236.49,249.45,282.71,-0.2,17.52,255.72,217.26
VZ,Verizon,Communication Services,Integrated Telecommunication Services,38.96,44.3,36.0,39.31,39.64,40.12,41.9,41.41,-0.2,7.8,42.0,38.24
VRTX,Vertex Pharmaceuticals,Health Care,Biotechnology,419.89,516.74,366.54,420.21,421.23,415.43,401.23,445.65,-0.1,2.37,429.84,401.04
VTRS,Viatris,Health Care,Pharmaceuticals,10.36,12.87,7.08,10.34,10.33,10.17,10.13,9.36,0.0,1.83,10.55,9.78
VICI,Vici Properties,Real Estate,Hotel & Resort REITs,29.52,33.46,27.08,30.35,30.77,31.1,32.0,31.25,-0.2,10.13,32.51,29.68
V,Visa Inc.,Financials,Transaction & Payment Processing Services,345.03,372.65,279.91,345.68,345.32,345.98,344.84,345.22,-0.3,2.44,353.45,338.52
VST,Vistra Corp.,Utilities,Electric Utilities,189.71,217.92,97.84,196.09,193.98,199.57,199.48,169.27,0.2,13.33,215.0,184.15
VMC,Vulcan Materials Company,Materials,Construction Materials,290.0,309.07,219.65,292.46,293.64,298.33,296.54,268.78,0.2,6.59,309.11,287.55
WRB,W. R. Berkley Corporation,Financials,Property & Casualty Insurance,71.54,78.46,56.03,73.17,73.86,75.46,74.06,69.01,0.0,11.34,79.65,71.27
GWW,W. W. Grainger,Industrials,Industrial Machinery & Supplies & Components,956.24,1212.97,915.74,965.08,965.49,961.01,979.69,1013.91,0.0,2.43,979.48,942.58
WAB,Wabtec,Industrials,Construction Machinery & Heavy Transportation Equipment,203.14,214.1,159.81,200.13,197.93,197.24,194.76,194.02,0.0,0.12,203.38,191.1
WMT,Walmart,Consumer Staples,Consumer Staples Merchandise Retail,102.23,109.03,80.6,103.7,105.35,104.64,102.4,97.06,0.0,6.97,109.36,99.93
DIS,Walt Disney Company (The),Communication Services,Movies & Entertainment,111.84,124.01,81.37,111.55,112.08,111.68,114.2,109.79,0.0,2.01,114.09,109.27
WBD,Warner Bros. Discovery,Communication Services,Broadcasting,21.62,21.62,7.55,21.23,20.48,19.33,17.17,12.1,0.0,3.01,22.27,16.39
WM,Waste Management,Industrials,Environmental & Facilities Services,200.57,240.36,197.53,206.15,210.91,214.15,217.77,224.59,-0.2,12.77,226.18,202.11
WAT,Waters Corporation,Health Care,Life Sciences Tools & Services,342.9,417.28,277.72,348.71,347.49,338.76,315.36,341.11,0.1,4.93,359.8,317.71
WEC,WEC Energy Group,Utilities,Electric Utilities,112.6,117.5,89.8,114.98,115.91,115.54,111.9,106.16,-0.4,4.99,118.22,112.86
WFC,Wells Fargo,Financials,Diversified Banks,85.99,87.01,60.29,86.46,85.47,83.42,82.52,76.64,0.0,3.76,89.22,77.62
WELL,Welltower,Real Estate,Health Care REITs,180.88,182.61,122.12,179.62,177.8,174.16,171.24,155.02,0.2,1.33,183.29,165.02
WST,West Pharmaceutical Services,Health Care,Health Care Supplies,278.54,347.02,190.04,286.32,284.07,274.72,262.24,243.35,0.4,7.37,299.07,250.38
WDC,Western Digital,Information Technology,"Technology Hardware, Storage & Peripherals",138.13,141.38,30.45,132.11,127.59,124.35,108.6,66.87,0.4,-0.25,137.78,110.92
WY,Weyerhaeuser,Real Estate,Timber REITs,23.51,31.52,23.2,23.67,23.64,23.96,24.68,26.42,0.2,6.21,24.97,22.95
WSM,"Williams-Sonoma, Inc.",Consumer Discretionary,Homefurnishing Retail,198.28,215.07,127.2,195.07,191.75,190.82,194.58,179.79,-0.2,0.88,200.02,181.61
WMB,Williams Companies,Energy,Oil & Gas Storage & Transportation,57.62,64.48,49.82,57.47,59.63,61.44,60.15,58.04,0.0,15.43,66.51,56.38
WTW,Willis Towers Watson,Financials,Insurance Brokers,317.0,349.93,288.91,322.02,326.59,333.89,334.26,320.42,0.0,11.34,352.95,314.83
WDAY,"Workday, Inc.",Information Technology,Application Software,232.87,279.91,210.47,236.56,239.0,237.19,234.04,242.08,-0.1,5.63,245.98,228.4
WYNN,Wynn Resorts,Consumer Discretionary,Casinos & Gaming,119.77,133.34,65.78,122.5,121.82,120.85,122.98,98.67,0.2,6.65,127.73,113.97
XEL,Xcel Energy,Utilities,Multi-Utilities,81.59,81.85,61.02,80.44,80.64,80.87,76.65,70.49,0.0,0.64,82.11,79.63
XYL,Xylem Inc.,Industrials,Industrial Machinery & Supplies & Components,151.53,152.95,102.25,150.53,148.62,147.83,144.51,130.24,0.2,0.48,152.26,143.39
YUM,Yum! Brands,Consumer Discretionary,Restaurants,139.06,160.96,121.48,141.14,144.14,144.51,146.55,145.48,0.0,8.56,150.96,138.06
ZBRA,Zebra Technologies,Information Technology,Electronic Equipment & Instruments,261.37,421.11,213.54,285.17,294.33,294.36,304.74,305.64,-0.2,23.51,322.82,265.9
ZBH,Zimmer Biomet,Health Care,Health Care Equipment,99.56,112.61,89.76,101.31,102.11,100.15,101.42,100.2,-0.2,5.75,105.28,95.01
ZTS,Zoetis,Health Care,Pharmaceuticals,144.1,180.54,141.11,145.38,145.56,144.46,147.39,156.23,0.2,2.66,147.93,140.99
