Symbol,Company,GICS_Sector,GICS_Sub_Industry,Current_Price,52_Week_High,52_Week_Low,SMA_5,SMA_10,SMA_20,SMA_50,SMA_100,SMA_125,SMA_200
MMM,3M,Industrials,Industrial Conglomerates,166.45,172.85,120.83,166.96,164.77,159.19,156.95,153.84,152.3,149.01
AOS,A. O. Smith,Industrials,Building Products,66.7,76.94,58.25,67.33,68.44,69.26,71.26,69.91,69.27,67.95
ABT,Abbott Laboratories,Health Care,Health Care Equipment,124.67,139.33,109.21,125.95,126.96,129.41,131.18,130.81,131.01,129.74
ABBV,AbbVie,Health Care,Biotechnology,228.2,243.06,158.28,227.38,228.68,228.77,221.0,205.58,201.08,196.44
ACN,Accenture,Information Technology,IT Consulting & Other Services,249.25,394.41,229.4,249.75,247.88,246.55,246.87,263.46,273.52,295.34
ADBE,Adobe Inc.,Information Technology,Application Software,339.24,557.9,327.5,349.67,349.07,345.24,351.04,360.42,369.43,384.04
AMD,Advanced Micro Devices,Information Technology,Semiconductors,254.84,267.08,76.48,257.95,246.67,231.88,189.42,171.28,159.35,138.73
AES,AES Corporation,Utilities,Independent Power Producers & Energy Traders,14.02,15.92,9.28,14.38,14.37,14.43,13.7,12.96,12.5,11.85
AFL,Aflac,Financials,Life & Health Insurance,106.84,113.9,96.14,106.79,107.4,109.23,108.68,105.46,105.08,105.19
A,Agilent Technologies,Health Care,Life Sciences Tools & Services,143.36,152.88,96.03,145.41,145.1,142.37,132.14,124.84,122.12,123.11
APD,Air Products,Materials,Industrial Gases,244.66,334.71,240.55,251.62,252.83,258.17,273.77,279.73,277.94,283.64
ABNB,Airbnb,Consumer Discretionary,"Hotels, Resorts & Cruise Lines",126.34,163.93,99.88,127.58,127.44,124.1,124.54,128.84,129.36,129.23
AKAM,Akamai Technologies,Information Technology,Internet Services & Infrastructure,73.93,105.26,67.51,74.65,74.58,74.92,76.18,76.91,77.15,80.24
ALB,Albemarle Corporation,Materials,Specialty Chemicals,97.89,111.49,48.84,98.85,96.31,94.9,86.63,78.39,74.29,73.58
ARE,Alexandria Real Estate Equities,Real Estate,Office REITs,56.37,109.58,55.02,66.67,71.65,74.12,79.15,76.85,75.26,80.05
ALGN,Align Technology,Health Care,Health Care Supplies,138.43,246.19,122.0,134.87,134.75,132.5,133.44,155.06,160.15,169.78
ALLE,Allegion,Industrials,Building Products,165.29,180.68,116.14,167.64,171.99,174.13,173.87,163.63,159.12,147.74
LNT,Alliant Energy,Utilities,Electric Utilities,67.93,69.75,54.71,68.31,68.36,68.08,66.32,64.57,63.85,62.6
ALL,Allstate,Financials,Property & Casualty Insurance,191.88,215.7,173.88,191.82,193.18,200.03,202.78,200.38,201.0,198.07
GOOGL,Alphabet Inc. (Class A),Communication Services,Interactive Media & Services,281.48,291.47,140.23,270.54,261.78,253.71,242.19,213.9,204.23,192.03
GOOG,Alphabet Inc. (Class C),Communication Services,Interactive Media & Services,281.9,291.9,142.36,271.19,262.43,254.45,242.79,214.67,205.12,193.31
MO,Altria,Consumer Staples,Tobacco,57.13,67.51,46.49,62.16,63.3,64.4,65.01,62.36,61.36,58.4
AMZN,Amazon,Consumer Discretionary,Broadline Retail,222.86,242.52,161.38,226.72,222.42,221.11,225.05,223.54,219.48,214.35
AMCR,Amcor,Materials,Paper & Plastic Packaging Products & Materials,7.85,10.81,7.81,8.12,8.14,8.08,8.22,8.8,8.86,9.12
AEE,Ameren,Utilities,Multi-Utilities,102.73,106.73,82.82,103.48,104.33,104.26,101.93,99.73,98.89,97.79
AEP,American Electric Power,Utilities,Electric Utilities,121.89,122.85,87.57,118.3,117.77,117.45,112.87,109.75,108.2,105.79
AXP,American Express,Financials,Consumer Finance,358.88,365.74,219.32,359.47,355.56,340.8,333.73,319.87,314.14,301.72
AIG,American International Group,Financials,Multi-line Insurance,78.19,87.1,68.15,78.57,78.41,80.18,79.51,80.33,80.81,79.95
AMT,American Tower,Real Estate,Telecom Tower REITs,179.45,232.28,168.28,184.5,188.07,187.61,192.6,203.71,205.07,203.07
AWK,American Water Works,Utilities,Water Utilities,126.7,153.69,116.64,134.23,139.09,140.1,139.74,140.52,140.65,138.67
AMP,Ameriprise Financial,Financials,Asset Management & Custody Banks,454.11,576.69,393.57,476.2,475.42,480.8,491.88,505.71,505.9,504.51
AME,Ametek,Industrials,Electrical Components & Equipment,198.32,200.42,144.53,188.3,187.68,185.45,186.3,183.4,182.07,179.56
AMGN,Amgen,Health Care,Biotechnology,292.0,330.26,247.06,291.76,295.09,294.9,287.77,289.42,286.47,288.08
APH,Amphenol,Information Technology,Electronic Components,139.11,141.72,56.27,137.18,132.79,128.56,121.56,111.59,106.57,92.02
ADI,Analog Devices,Information Technology,Semiconductors,232.9,257.11,157.31,237.66,240.74,238.83,244.06,238.45,233.71,222.72
AON,Aon plc,Financials,Insurance Brokers,328.19,411.24,322.37,331.76,337.74,348.63,357.61,357.73,358.41,366.59
APA,APA Corporation,Energy,Oil & Gas Exploration & Production,22.4,25.51,13.04,22.97,22.92,23.17,23.09,21.09,20.24,19.86
APO,Apollo Global Management,Financials,Asset Management & Custody Banks,123.45,187.59,101.84,124.83,124.63,124.51,131.62,136.97,136.4,139.14
AAPL,Apple Inc.,Information Technology,"Technology Hardware, Storage & Peripherals",271.4,274.14,168.8,268.35,263.71,257.89,247.34,229.18,223.91,222.83
AMAT,Applied Materials,Information Technology,Semiconductor Materials & Equipment,232.55,242.44,123.04,231.2,228.42,223.9,196.77,189.75,184.17,174.7
APTV,Aptiv,Consumer Discretionary,Automotive Parts & Equipment,82.12,88.8,47.19,85.37,84.8,84.42,83.28,76.47,74.32,69.23
ACGL,Arch Capital Group,Financials,Property & Casualty Insurance,86.64,101.66,82.45,86.06,86.68,89.06,89.95,89.66,90.5,91.13
ADM,Archer Daniels Midland,Consumer Staples,Agricultural Products & Services,60.69,65.0,40.22,61.57,62.05,62.05,61.72,58.12,56.06,52.51
ANET,Arista Networks,Information Technology,Communications Equipment,158.44,164.94,59.43,157.57,152.27,150.42,145.13,128.67,121.47,110.36
AJG,Arthur J. Gallagher & Co.,Financials,Insurance Brokers,262.03,349.78,261.04,270.26,275.56,288.7,295.73,301.0,308.02,313.09
AIZ,Assurant,Financials,Multi-line Insurance,212.43,227.13,173.64,210.5,210.33,213.91,213.54,204.21,202.99,202.76
T,AT&T,Communication Services,Integrated Telecommunication Services,24.68,29.47,20.72,25.24,25.49,25.74,27.45,27.51,27.4,26.64
ATO,Atmos Energy,Utilities,Gas Utilities,173.35,179.7,133.63,174.36,175.58,175.51,169.74,162.87,161.29,156.21
ADSK,Autodesk,Information Technology,Application Software,300.77,329.09,232.67,307.07,307.55,308.84,312.18,305.17,302.96,293.23
ADP,Automatic Data Processing,Industrials,Human Resource & Employment Services,261.53,326.59,260.22,272.77,277.76,282.44,290.12,296.93,300.5,299.19
AZO,AutoZone,Consumer Discretionary,Automotive Retail,3705.63,4388.11,2980.1,3767.5,3868.97,3971.22,4113.0,3954.58,3912.81,3770.71
AVB,AvalonBay Communities,Real Estate,Multi-Family Residential REITs,174.71,231.37,166.73,182.58,185.25,185.68,189.22,192.82,194.54,199.63
AVY,Avery Dennison,Materials,Paper & Plastic Packaging Products & Materials,175.93,205.68,155.31,178.67,174.19,167.37,166.92,171.17,172.28,174.17
AXON,Axon Enterprise,Industrials,Aerospace & Defense,738.88,885.92,422.38,747.65,721.66,712.23,732.06,752.56,747.0,684.59
BKR,Baker Hughes,Energy,Oil & Gas Equipment & Services,48.58,50.93,33.21,47.73,47.31,46.97,46.87,43.92,42.54,42.38
BALL,Ball Corporation,Materials,"Metal, Glass & Plastic Containers",47.29,63.86,43.18,48.77,48.97,48.59,49.75,53.03,52.96,52.17
BAC,Bank of America,Financials,Diversified Banks,53.03,53.44,32.69,52.81,52.18,51.15,50.86,48.7,47.59,45.46
BAX,Baxter International,Health Care,Health Care Equipment,19.16,37.27,18.42,22.13,22.55,22.66,23.23,25.4,26.39,28.36
BDX,Becton Dickinson,Health Care,Health Care Equipment,179.38,248.0,161.47,183.6,186.18,187.83,188.64,183.68,180.93,195.6
BBY,Best Buy,Consumer Discretionary,Computer & Electronics Retail,83.18,90.84,53.55,83.44,82.44,79.31,76.36,72.34,71.6,72.51
TECH,Bio-Techne,Health Care,Life Sciences Tools & Services,60.96,80.37,45.87,63.42,63.48,61.9,57.12,54.98,53.75,56.76
BIIB,Biogen,Health Care,Biotechnology,149.61,187.28,110.04,149.38,148.06,148.49,144.05,137.3,135.12,135.16
BLK,BlackRock,Financials,Asset Management & Custody Banks,1098.05,1219.94,766.05,1117.79,1129.48,1149.45,1137.14,1105.2,1075.83,1024.76
BX,Blackstone Inc.,Financials,Asset Management & Custody Banks,148.39,196.67,114.16,151.49,155.23,158.67,168.78,164.24,159.34,155.68
XYZ,"Block, Inc.",Financials,Transaction & Payment Processing Services,73.92,99.26,44.27,78.06,77.42,77.32,76.57,73.89,70.7,69.4
BK,BNY Mellon,Financials,Asset Management & Custody Banks,107.92,110.33,69.31,107.69,107.1,106.61,106.03,100.82,98.1,91.94
BA,Boeing,Industrials,Aerospace & Defense,200.08,242.69,128.88,216.27,216.27,216.42,220.51,220.51,217.03,199.6
BKNG,Booking Holdings,Consumer Discretionary,"Hotels, Resorts & Cruise Lines",5080.21,5829.37,4082.14,5135.44,5149.92,5181.72,5394.37,5473.84,5446.88,5173.19
BSX,Boston Scientific,Health Care,Health Care Equipment,100.57,109.5,80.64,101.08,101.13,98.87,100.88,102.3,102.64,101.84
BMY,Bristol Myers Squibb,Health Care,Pharmaceuticals,45.62,61.0,42.38,43.65,43.82,44.05,45.03,45.73,45.82,49.08
AVGO,Broadcom,Information Technology,Semiconductors,376.47,386.48,137.54,370.32,357.74,350.46,337.4,308.77,293.21,257.46
BR,Broadridge Financial Solutions,Industrials,Data Processing & Outsourced Services,221.0,270.85,205.06,226.98,229.19,231.39,240.9,243.27,242.22,239.01
BRO,Brown & Brown,Financials,Insurance Brokers,80.45,125.31,79.68,83.78,86.06,90.18,92.48,97.35,100.04,105.22
BLDR,Builders FirstSource,Industrials,Building Products,111.69,194.36,102.6,118.72,121.1,123.57,129.81,128.19,125.02,129.71
BG,Bunge Global,Consumer Staples,Agricultural Products & Services,95.14,99.55,65.6,96.37,96.35,90.59,85.6,82.2,81.21,78.38
BXP,"BXP, Inc.",Real Estate,Office REITs,70.43,83.67,52.95,72.72,72.42,72.25,73.13,70.41,69.47,68.05
CHRW,C.H. Robinson,Industrials,Air Freight & Logistics,154.88,158.7,83.72,133.49,130.31,130.07,130.23,116.65,112.19,106.31
CDNS,Cadence Design Systems,Information Technology,Application Software,336.09,376.45,221.56,343.06,337.23,337.52,346.42,336.85,330.89,308.9
CZR,Caesars Entertainment,Consumer Discretionary,Casinos & Gaming,18.64,45.65,18.25,20.85,21.63,22.56,24.72,26.28,26.61,28.07
CPT,Camden Property Trust,Real Estate,Multi-Family Residential REITs,99.35,123.08,97.17,101.51,102.59,102.53,105.58,108.15,109.52,111.16
CPB,Campbell's Company (The),Consumer Staples,Packaged Foods & Meats,30.29,45.4,29.03,30.71,30.89,30.75,31.73,31.59,32.05,34.06
COF,Capital One,Financials,Consumer Finance,218.38,231.82,142.38,221.29,219.01,214.86,219.59,215.38,210.67,200.25
CAH,Cardinal Health,Health Care,Health Care Distributors,189.84,195.15,105.46,168.56,163.38,159.47,154.1,156.23,155.31,145.59
KMX,CarMax,Consumer Discretionary,Automotive Retail,41.87,91.25,41.14,43.62,43.57,44.04,51.84,57.29,58.99,65.68
CCL,Carnival,Consumer Discretionary,"Hotels, Resorts & Cruise Lines",28.33,32.8,15.07,28.58,28.95,28.75,30.07,29.1,27.79,25.62
CARR,Carrier Global,Industrials,Building Products,58.85,80.78,53.68,58.76,58.02,57.98,60.51,66.04,67.15,65.94
CAT,Caterpillar Inc.,Industrials,Construction Machinery & Heavy Transportation Equipment,583.15,596.21,264.29,548.58,535.87,521.26,474.31,437.31,418.2,386.97
CBOE,Cboe Global Markets,Financials,Financial Exchanges & Data,236.81,255.27,186.22,237.01,236.96,238.65,238.6,238.1,235.62,226.31
CBRE,CBRE Group,Real Estate,Real Estate Services,152.89,171.0,108.45,157.83,159.5,156.57,159.64,152.44,147.25,141.57
CDW,CDW Corporation,Information Technology,Technology Distributors,156.8,220.59,136.33,157.53,156.69,154.51,160.33,167.0,169.62,170.56
COR,Cencora,Health Care,Health Care Distributors,341.21,350.0,222.57,335.76,331.9,322.62,307.39,299.93,297.59,284.21
CNC,Centene Corporation,Health Care,Managed Health Care,35.02,66.81,25.08,34.55,35.01,36.06,33.45,34.9,39.66,47.45
CNP,CenterPoint Energy,Utilities,Multi-Utilities,38.91,40.5,27.87,39.33,39.62,39.5,38.64,37.8,37.67,36.44
CF,CF Industries,Materials,Fertilizers & Agricultural Chemicals,82.81,103.84,66.56,85.18,84.95,86.68,86.69,89.32,88.92,85.44
CRL,Charles River Laboratories,Health Care,Life Sciences Tools & Services,179.11,230.02,91.86,187.9,186.84,179.49,166.49,161.92,157.12,154.69
SCHW,Charles Schwab Corporation,Financials,Investment Banking & Brokerage,94.41,99.42,65.48,94.43,94.52,94.08,94.33,93.78,92.37,86.99
CHTR,Charter Communications,Communication Services,Cable & Satellite,230.92,437.06,224.48,242.2,245.71,257.0,262.79,305.29,325.21,337.23
CVX,Chevron Corporation,Energy,Integrated Oil & Gas,153.52,165.09,129.01,154.72,154.71,153.6,155.97,152.49,149.21,148.93
CMG,Chipotle Mexican Grill,Consumer Discretionary,Restaurants,32.53,66.74,31.01,38.96,40.41,40.83,40.62,45.19,46.36,48.66
CB,Chubb Limited,Financials,Property & Casualty Insurance,278.06,305.88,250.52,279.05,276.04,279.41,277.9,277.62,280.08,280.07
CHD,Church & Dwight,Consumer Staples,Household Products,81.8,115.72,81.33,83.89,85.88,86.85,89.57,92.53,93.15,97.72
CI,Cigna,Health Care,Health Care Services,247.1,346.57,245.61,293.12,299.21,300.5,298.06,298.95,302.1,304.6
CINF,Cincinnati Financial,Financials,Property & Casualty Insurance,154.36,166.9,121.6,154.45,154.76,157.62,155.68,151.7,150.72,145.6
CTAS,Cintas,Industrials,Diversified Support Services,183.98,228.77,179.74,187.46,190.01,191.37,199.5,209.81,211.97,207.96
CSCO,Cisco,Information Technology,Communications Equipment,72.91,73.11,51.49,71.78,71.13,70.0,68.42,67.93,66.75,63.99
C,Citigroup,Financials,Diversified Banks,100.22,105.59,54.71,100.1,98.81,98.01,98.43,93.28,89.45,82.94
CFG,Citizens Financial Group,Financials,Regional Banks,50.57,54.74,31.67,51.01,50.48,50.82,51.31,48.5,46.73,44.55
CLX,Clorox,Consumer Staples,Household Products,112.46,165.17,110.61,113.94,115.97,117.25,119.55,120.88,122.74,130.72
CME,CME Group,Financials,Financial Exchanges & Data,262.89,288.09,204.81,266.28,267.23,266.85,265.74,270.01,271.41,263.71
CMS,CMS Energy,Utilities,Multi-Utilities,73.21,76.11,62.54,73.66,74.24,74.01,72.53,71.74,71.41,70.89
KO,Coca-Cola Company (The),Consumer Staples,Soft Drinks & Non-alcoholic Beverages,68.98,73.29,59.3,69.45,69.61,68.21,67.62,68.52,68.86,68.38
CTSH,Cognizant,Information Technology,IT Consulting & Other Services,72.19,89.77,64.98,69.52,68.56,67.88,68.99,72.03,73.55,75.32
COIN,Coinbase,Financials,Financial Exchanges & Data,328.51,444.65,142.58,349.65,340.97,352.4,332.87,336.62,317.99,281.92
CL,Colgate-Palmolive,Consumer Staples,Household Products,76.51,98.37,75.38,77.04,78.0,77.71,80.24,83.66,84.86,86.46
CMCSA,Comcast,Communication Services,Cable & Satellite,27.32,43.66,25.75,28.77,29.16,29.64,31.33,32.57,32.86,33.47
CAG,Conagra Brands,Consumer Staples,Packaged Foods & Meats,17.42,28.17,16.97,17.93,18.26,18.42,18.71,19.21,19.85,21.68
COP,ConocoPhillips,Energy,Oil & Gas Exploration & Production,88.14,112.56,78.56,87.95,87.72,89.32,92.74,92.86,91.73,92.87
ED,Consolidated Edison,Utilities,Multi-Utilities,98.19,112.97,85.07,98.8,100.12,100.47,99.1,100.04,100.68,100.77
STZ,Constellation Brands,Consumer Staples,Distillers & Vintners,128.88,241.11,128.8,134.33,137.48,139.19,142.26,155.06,160.61,166.92
CEG,Constellation Energy,Utilities,Electric Utilities,382.48,412.7,160.94,389.84,378.04,377.81,344.35,332.24,323.9,295.89
COO,Cooper Companies (The),Health Care,Health Care Supplies,70.11,107.84,61.78,71.56,72.87,71.38,69.59,70.82,72.23,77.45
CPRT,Copart,Industrials,Diversified Support Services,42.48,64.38,42.26,43.57,44.23,44.32,46.02,46.74,48.84,51.94
GLW,Corning Inc.,Information Technology,Electronic Components,90.28,91.93,36.95,88.76,86.96,86.21,79.21,67.74,63.77,57.46
CPAY,Corpay,Financials,Transaction & Payment Processing Services,255.0,400.81,254.39,275.46,280.38,283.53,298.74,312.71,317.04,328.78
CTVA,Corteva,Materials,Fertilizers & Agricultural Chemicals,61.7,77.22,53.14,63.19,62.79,62.86,67.71,70.39,69.99,66.77
CSGP,CoStar Group,Real Estate,Real Estate Services,69.64,97.43,63.82,74.88,75.5,76.71,83.08,84.9,83.04,80.93
COST,Costco,Consumer Staples,Consumer Staples Merchandise Retail,920.18,1075.34,864.06,923.75,931.54,930.35,941.0,956.03,968.46,971.18
CTRA,Coterra,Energy,Oil & Gas Exploration & Production,23.4,29.29,21.84,23.47,23.39,23.42,23.74,24.17,24.19,25.12
CRWD,CrowdStrike,Information Technology,Systems Software,538.68,553.64,294.68,537.63,520.24,507.72,472.81,470.81,466.58,435.86
CCI,Crown Castle,Real Estate,Telecom Tower REITs,91.32,114.47,81.02,94.86,96.53,96.5,96.09,99.26,99.24,97.14
CSX,CSX Corporation,Industrials,Rail Transportation,35.64,37.19,26.01,35.75,35.92,35.94,34.36,34.21,33.47,32.27
CMI,Cummins,Industrials,Construction Machinery & Heavy Transportation Equipment,438.09,449.21,257.24,427.23,420.57,422.97,414.93,382.6,369.89,354.28
CVS,CVS Health,Health Care,Health Care Services,76.69,85.15,41.77,80.77,81.23,79.46,75.77,70.04,68.47,65.89
DHR,Danaher Corporation,Health Care,Life Sciences Tools & Services,215.05,256.97,170.43,218.0,216.9,212.24,203.11,201.66,199.68,202.59
DRI,Darden Restaurants,Consumer Discretionary,Restaurants,178.2,224.86,153.25,182.08,184.79,186.09,194.55,201.78,202.55,198.5
DDOG,Datadog,Information Technology,Application Software,157.07,170.08,81.63,156.89,156.06,157.38,145.24,140.39,135.4,127.82
DVA,DaVita,Health Care,Health Care Services,118.75,179.6,117.73,126.73,127.31,127.17,131.23,135.37,136.38,142.87
DAY,Dayforce,Industrials,Human Resource & Employment Services,68.45,82.69,48.01,68.43,68.4,68.47,68.85,62.91,62.04,61.65
DECK,Deckers Brands,Consumer Discretionary,Footwear,80.89,223.98,80.64,85.95,93.62,96.39,106.79,105.62,107.85,120.09
DE,Deere & Company,Industrials,Agricultural & Farm Machinery,465.41,530.24,381.67,471.59,467.05,460.41,467.68,487.43,490.52,480.94
DELL,Dell Technologies,Information Technology,"Technology Hardware, Storage & Peripherals",161.01,167.94,65.33,162.06,156.05,153.54,139.35,132.66,127.67,116.25
DAL,Delta Air Lines,Industrials,Passenger Airlines,57.12,69.15,34.41,59.03,59.76,59.22,59.29,56.12,54.64,53.92
DVN,Devon Energy,Energy,Oil & Gas Exploration & Production,32.01,39.44,25.53,32.39,32.35,33.02,34.2,33.61,33.18,33.3
DXCM,Dexcom,Health Care,Health Care Equipment,68.2,93.25,57.52,69.31,69.31,67.83,71.52,77.23,78.82,78.37
FANG,Diamondback Energy,Energy,Oil & Gas Exploration & Production,142.15,182.18,112.4,143.44,142.84,143.62,142.74,142.58,141.46,144.38
DLR,Digital Realty,Real Estate,Data Center REITs,170.75,192.35,128.14,173.87,173.44,173.67,170.77,171.29,170.56,164.4
DG,Dollar General,Consumer Staples,Consumer Staples Merchandise Retail,99.58,117.24,65.27,101.23,103.04,101.79,104.19,107.7,105.71,95.9
DLTR,Dollar Tree,Consumer Staples,Consumer Staples Merchandise Retail,98.8,118.06,60.49,100.89,100.0,95.27,98.46,103.03,100.21,89.95
D,Dominion Energy,Utilities,Multi-Utilities,59.52,62.52,46.96,60.0,60.45,60.77,60.17,58.76,57.94,56.13
DPZ,Domino's,Consumer Discretionary,Restaurants,403.96,495.24,392.47,409.67,415.4,415.36,432.81,444.42,450.5,452.86
DASH,DoorDash,Consumer Discretionary,Specialized Consumer Services,254.07,285.5,152.26,260.61,260.04,266.8,260.84,251.05,241.38,221.37
DOV,Dover Corporation,Industrials,Industrial Machinery & Supplies & Components,180.14,220.46,142.22,179.21,175.33,169.6,172.16,176.91,177.24,179.47
DOW,Dow Inc.,Materials,Commodity Chemicals,23.8,46.6,20.11,24.92,23.61,22.93,23.51,24.78,25.45,28.63
DHI,D. R. Horton,Consumer Discretionary,Homebuilding,149.29,184.55,109.8,153.63,155.1,156.89,165.53,152.93,146.64,140.16
DTE,DTE Energy,Utilities,Multi-Utilities,138.06,143.79,111.81,140.01,141.18,141.19,138.51,136.59,135.98,132.88
DUK,Duke Energy,Utilities,Electric Utilities,125.21,130.03,102.41,126.0,127.21,126.63,123.92,121.24,120.1,117.93
DD,DuPont,Materials,Specialty Chemicals,81.47,85.99,53.17,81.58,81.06,79.5,78.04,74.85,73.32,73.07
EMN,Eastman Chemical Company,Materials,Specialty Chemicals,59.72,103.22,56.08,62.13,61.99,61.65,64.15,68.37,70.34,76.79
ETN,Eaton Corporation,Industrials,Electrical Components & Equipment,383.09,398.4,230.37,380.58,376.03,375.74,366.57,362.17,353.79,331.68
EBAY,eBay Inc.,Consumer Discretionary,Broadline Retail,83.73,101.12,55.44,95.61,95.16,93.09,92.43,87.53,84.46,77.51
ECL,Ecolab,Materials,Specialty Chemicals,257.1,285.35,220.55,267.96,272.59,273.74,272.85,270.76,268.36,261.16
EIX,Edison International,Utilities,Electric Utilities,55.64,83.74,46.27,56.36,56.98,55.69,54.86,53.01,53.23,53.32
EW,Edwards Lifesciences,Health Care,Health Care Equipment,83.48,84.66,64.89,81.06,78.46,76.59,77.54,77.45,77.25,75.1
EA,Electronic Arts,Communication Services,Interactive Home Entertainment,199.92,203.75,114.77,200.35,200.46,200.37,185.59,171.35,166.88,155.38
ELV,Elevance Health,Health Care,Managed Health Care,321.95,454.26,272.22,336.51,342.66,347.89,328.42,327.29,339.62,364.7
EMR,Emerson Electric,Industrials,Electrical Components & Equipment,136.82,149.68,89.31,134.98,133.0,131.93,132.11,134.11,130.81,124.43
ENPH,Enphase Energy,Information Technology,Semiconductor Materials & Equipment,30.13,89.95,29.89,34.2,35.4,35.88,36.93,37.38,38.79,46.37
ETR,Entergy,Utilities,Electric Utilities,96.05,98.58,64.92,96.09,96.03,96.14,92.2,88.63,87.32,85.28
EOG,EOG Resources,Energy,Oil & Gas Exploration & Production,105.46,134.2,99.8,106.1,106.35,107.5,113.44,115.93,114.73,116.87
EPAM,EPAM Systems,Information Technology,IT Consulting & Other Services,159.15,269.0,138.15,161.15,156.35,152.14,157.75,162.68,165.49,178.13
EQT,EQT Corporation,Energy,Oil & Gas Exploration & Production,52.45,60.83,34.99,52.78,53.72,54.38,52.89,53.84,54.12,52.82
EFX,Equifax,Industrials,Research & Consulting Services,211.5,279.93,199.2,222.6,226.29,229.44,242.47,247.87,251.66,249.44
EQIX,Equinix,Real Estate,Data Center REITs,833.16,977.63,693.42,825.86,825.13,813.91,795.07,796.83,811.98,828.19
EQR,Equity Residential,Real Estate,Multi-Family Residential REITs,60.31,75.25,58.19,61.48,62.19,62.19,63.62,64.57,65.31,66.34
ERIE,Erie Indemnity,Financials,Insurance Brokers,309.64,451.6,301.68,317.3,319.39,319.53,325.93,338.97,342.64,364.22
ESS,Essex Property Trust,Real Estate,Multi-Family Residential REITs,249.82,307.81,239.32,256.03,259.05,259.36,261.99,267.76,269.54,274.25
EL,Estée Lauder Companies (The),Consumer Staples,Personal Care Products,97.61,104.53,47.94,99.27,99.63,96.14,91.44,88.28,83.51,77.24
EG,Everest Group,Financials,Reinsurance,309.18,387.65,302.44,323.29,336.34,345.11,343.68,339.38,340.17,343.25
EVRG,Evergy,Utilities,Electric Utilities,77.75,79.32,56.9,77.73,78.0,77.78,74.62,71.87,70.58,68.49
ES,Eversource Energy,Utilities,Electric Utilities,73.8,75.25,51.06,74.37,73.75,72.95,68.49,66.42,65.63,62.73
EXC,Exelon,Utilities,Electric Utilities,47.07,48.51,34.98,47.62,47.78,47.27,45.21,44.3,44.13,43.59
EXE,Expand Energy,Energy,Oil & Gas Exploration & Production,100.52,121.47,80.47,101.92,103.22,103.93,100.93,102.99,104.84,103.8
EXPE,Expedia Group,Consumer Discretionary,"Hotels, Resorts & Cruise Lines",220.47,240.98,129.46,221.38,220.81,218.88,218.16,199.92,193.15,185.42
EXPD,Expeditors International,Industrials,Air Freight & Logistics,120.19,128.27,99.78,118.92,119.31,118.98,120.63,118.33,117.12,115.61
EXR,Extra Space Storage,Real Estate,Self-Storage REITs,134.8,168.1,118.4,144.65,147.97,146.42,143.41,143.64,144.05,144.17
XOM,ExxonMobil,Energy,Integrated Oil & Gas,114.69,119.89,96.01,115.5,114.58,113.6,113.09,111.12,109.61,108.81
FFIV,"F5, Inc.",Information Technology,Communications Equipment,256.69,346.0,227.04,274.36,286.81,308.97,316.54,309.5,304.17,293.62
FDS,FactSet,Financials,Financial Exchanges & Data,269.04,495.04,266.38,279.99,284.79,283.18,316.71,366.39,383.18,405.65
FICO,Fair Isaac,Information Technology,Application Software,1585.36,2402.52,1300.0,1634.2,1616.25,1668.41,1578.65,1583.9,1648.05,1724.17
FAST,Fastenal,Industrials,Trading Companies & Distributors,41.55,50.37,34.62,41.85,42.25,43.63,46.41,45.52,44.5,41.93
FRT,Federal Realty Investment Trust,Real Estate,Retail REITs,94.87,113.0,78.83,98.13,99.12,98.39,98.74,95.92,95.4,96.1
FDX,FedEx,Industrials,Air Freight & Logistics,248.93,301.45,191.82,247.32,243.46,240.36,234.25,231.02,228.49,232.63
FIS,Fidelity National Information Services,Financials,Transaction & Payment Processing Services,62.39,90.1,59.51,64.83,66.2,66.77,67.02,72.37,73.55,73.57
FITB,Fifth Third Bancorp,Financials,Regional Banks,41.95,47.33,31.68,42.22,41.97,42.46,43.92,42.62,41.63,40.67
FSLR,First Solar,Information Technology,Semiconductors,233.58,249.56,116.56,240.8,234.41,232.8,217.85,196.03,188.49,172.05
FE,FirstEnergy,Utilities,Electric Utilities,46.22,48.2,36.81,46.25,46.64,46.71,45.02,43.03,42.7,41.47
FI,Fiserv,Financials,Transaction & Payment Processing Services,65.19,238.59,64.52,102.73,113.47,118.75,127.73,141.49,147.27,172.71
F,Ford Motor Company,Consumer Discretionary,Automobile Manufacturers,13.06,13.97,8.21,13.31,12.78,12.32,11.98,11.51,11.25,10.55
FTNT,Fortinet,Information Technology,Systems Software,84.2,114.82,70.12,85.03,84.78,84.73,82.42,90.13,92.78,95.76
FTV,Fortive,Industrials,Industrial Machinery & Supplies & Components,51.25,62.58,45.4,49.94,49.61,49.39,48.78,49.81,50.56,52.67
FOXA,Fox Corporation (Class A),Communication Services,Broadcasting,65.51,66.56,41.37,61.62,60.05,59.62,59.93,57.78,56.97,55.12
FOX,Fox Corporation (Class B),Communication Services,Broadcasting,58.83,59.99,38.07,55.08,53.72,53.39,54.08,52.53,51.93,50.68
BEN,Franklin Resources,Financials,Asset Management & Custody Banks,22.77,25.72,15.81,23.05,22.81,22.95,23.69,23.77,23.2,21.54
FCX,Freeport-McMoRan,Materials,Copper,41.73,48.78,27.35,41.51,41.42,41.45,42.38,42.54,41.79,39.86
GRMN,Garmin,Consumer Discretionary,Consumer Electronics,214.97,261.69,161.52,236.91,243.17,248.19,242.21,230.48,224.15,217.94
IT,Gartner,Information Technology,IT Consulting & Other Services,248.4,584.01,223.65,251.33,249.2,247.19,249.28,297.92,325.79,378.5
GE,GE Aerospace,Industrials,Aerospace & Defense,310.75,316.67,158.62,310.31,306.53,302.66,292.35,275.38,266.82,240.4
GEHC,GE HealthCare,Health Care,Health Care Equipment,75.0,94.66,57.57,77.65,76.71,75.27,75.06,74.47,73.78,76.13
GEV,GE Vernova,Industrials,Heavy Electrical Equipment,574.07,677.01,251.84,578.36,584.21,600.94,608.28,589.16,561.09,478.76
GEN,Gen Digital,Information Technology,Systems Software,26.09,32.09,22.55,26.54,26.77,26.92,28.43,29.16,28.96,28.01
GNRC,Generac,Industrials,Electrical Components & Equipment,165.78,203.25,99.5,183.83,187.0,181.12,180.54,170.26,161.1,150.36
GD,General Dynamics,Industrials,Aerospace & Defense,344.66,360.5,235.63,347.87,342.81,340.44,330.82,314.88,306.49,288.79
GIS,General Mills,Consumer Staples,Packaged Foods & Meats,47.05,65.88,46.46,47.47,48.02,48.45,48.93,49.56,50.25,52.89
GM,General Motors,Consumer Discretionary,Automobile Manufacturers,68.67,70.24,41.36,69.34,66.39,61.75,60.02,56.0,54.45,51.85
GPC,Genuine Parts Company,Consumer Discretionary,Distributors,128.4,143.1,102.41,130.31,131.71,132.98,136.32,131.59,129.79,124.97
GILD,Gilead Sciences,Health Care,Biotechnology,118.44,124.61,83.59,119.25,120.84,118.82,115.37,113.44,111.58,108.54
GPN,Global Payments,Financials,Transaction & Payment Processing Services,78.69,118.69,65.53,83.54,85.09,85.66,86.08,83.46,82.35,87.46
GL,Globe Life,Financials,Life & Health Insurance,132.44,147.54,99.43,133.43,134.47,135.42,139.04,133.35,130.78,127.7
GDDY,GoDaddy,Information Technology,Internet Services & Infrastructure,126.74,216.0,125.0,129.4,130.57,131.79,139.3,152.41,158.7,168.84
GS,Goldman Sachs,Financials,Investment Banking & Brokerage,790.16,825.25,434.87,787.84,770.76,774.42,771.76,733.39,704.93,655.17
HAL,Halliburton,Energy,Oil & Gas Equipment & Services,26.96,31.66,18.43,26.88,25.81,24.47,23.49,22.48,21.99,22.8
HIG,Hartford (The),Financials,Property & Casualty Insurance,123.46,135.17,103.64,123.72,124.21,127.33,130.16,127.5,127.59,123.01
HAS,Hasbro,Consumer Discretionary,Leisure Products,76.55,82.19,48.07,77.45,76.48,75.28,76.77,75.71,73.47,67.72
HCA,HCA Healthcare,Health Care,Health Care Facilities,466.8,478.19,288.25,463.31,448.92,435.95,419.8,395.72,391.16,366.92
DOC,Healthpeak Properties,Real Estate,Health Care REITs,17.57,21.81,16.17,18.2,18.4,18.46,18.25,17.76,17.56,18.05
HSIC,Henry Schein,Health Care,Health Care Distributors,62.9,82.49,60.56,63.16,63.41,63.81,66.3,68.43,68.84,69.86
HSY,Hershey Company (The),Consumer Staples,Packaged Foods & Meats,171.16,202.98,136.73,177.5,181.34,186.77,186.48,180.53,176.45,170.77
HPE,Hewlett Packard Enterprise,Information Technology,"Technology Hardware, Storage & Peripherals",24.41,26.44,11.82,24.12,23.6,24.21,23.96,21.96,21.03,19.84
HLT,Hilton Worldwide,Consumer Discretionary,"Hotels, Resorts & Cruise Lines",260.18,279.81,195.81,263.09,264.54,262.83,267.22,266.09,262.63,253.97
HOLX,Hologic,Health Care,Health Care Equipment,73.93,84.39,51.9,73.97,73.34,70.42,68.15,66.98,65.31,64.54
HD,Home Depot (The),Consumer Discretionary,Home Improvement Retail,379.55,429.19,322.47,383.06,386.1,385.61,400.58,385.66,381.64,378.59
HON,Honeywell,Industrials,Industrial Conglomerates,200.11,240.47,177.52,211.72,210.4,208.16,211.5,218.67,219.02,214.54
HRL,Hormel Foods,Consumer Staples,Packaged Foods & Meats,21.29,32.43,21.22,22.8,23.4,23.56,24.62,26.86,27.35,27.93
HST,Host Hotels & Resorts,Real Estate,Hotel & Resort REITs,16.08,18.32,11.93,16.37,16.47,16.41,16.84,16.27,15.99,15.57
HWM,Howmet Aerospace,Industrials,Aerospace & Defense,201.77,211.95,98.55,201.33,197.73,194.0,187.84,183.72,179.96,160.8
HPQ,HP Inc.,Information Technology,"Technology Hardware, Storage & Peripherals",27.51,38.25,20.76,27.77,27.75,27.43,27.63,26.34,26.34,27.16
HUBB,Hubbell Incorporated,Industrials,Industrial Machinery & Supplies & Components,469.96,484.26,297.55,453.25,441.48,430.49,433.19,424.87,415.94,397.32
HUM,Humana,Health Care,Managed Health Care,285.61,314.25,206.15,291.21,288.93,284.72,281.07,262.82,257.49,261.25
HBAN,Huntington Bancshares,Financials,Regional Banks,15.32,17.93,11.7,15.55,15.67,15.98,16.84,16.62,16.37,15.86
HII,Huntington Ingalls Industries,Industrials,Aerospace & Defense,319.07,330.0,155.93,303.65,294.53,290.54,280.56,266.28,258.07,234.08
IBM,IBM,Information Technology,IT Consulting & Other Services,310.06,319.35,197.92,310.28,297.09,290.41,271.72,270.53,268.14,258.09
IEX,IDEX Corporation,Industrials,Industrial Machinery & Supplies & Components,170.3,234.67,151.55,169.24,168.32,166.3,163.82,168.74,171.41,177.23
IDXX,Idexx Laboratories,Health Care,Health Care Equipment,628.54,688.12,356.14,635.76,636.71,633.75,637.93,601.49,582.89,525.52
ITW,Illinois Tool Works,Industrials,Industrial Machinery & Supplies & Components,243.64,273.07,212.05,245.02,249.43,250.09,257.05,254.86,252.41,250.38
INCY,Incyte,Health Care,Biotechnology,92.59,94.62,53.56,91.76,89.72,87.93,86.17,79.54,76.42,72.65
IR,Ingersoll Rand,Industrials,Industrial Machinery & Supplies & Components,78.73,105.95,65.58,79.46,79.1,79.06,79.89,81.49,81.5,81.93
PODD,Insulet Corporation,Health Care,Health Care Equipment,311.95,353.5,227.03,319.83,322.63,318.63,326.7,313.3,312.8,295.2
INTC,Intel,Information Technology,Semiconductors,40.16,42.48,17.67,40.17,38.92,37.91,31.69,26.83,25.61,24.11
ICE,Intercontinental Exchange,Financials,Financial Exchanges & Data,148.52,188.82,141.12,154.78,155.4,157.08,166.18,173.82,174.18,170.34
IFF,International Flavors & Fragrances,Materials,Specialty Chemicals,63.13,100.01,59.14,64.5,64.65,62.92,63.62,67.96,69.47,72.99
IP,International Paper,Materials,Paper & Plastic Packaging Products & Materials,38.63,58.71,37.75,45.41,46.62,46.5,46.93,47.78,47.6,49.02
IPG,Interpublic Group of Companies (The),Communication Services,Advertising,25.71,31.81,21.93,26.4,26.73,26.7,26.55,25.54,25.21,25.39
INTU,Intuit,Information Technology,Application Software,656.18,812.22,530.03,671.53,670.73,663.38,668.74,713.49,710.49,666.93
ISRG,Intuitive Surgical,Health Care,Health Care Equipment,530.02,616.0,425.0,542.15,515.64,478.16,463.09,484.54,497.65,512.26
IVZ,Invesco,Financials,Asset Management & Custody Banks,23.48,24.75,11.33,23.6,23.2,23.39,22.7,20.46,19.28,17.88
INVH,Invitation Homes,Real Estate,Single-Family Residential REITs,28.41,35.13,27.38,28.36,28.54,28.41,29.22,30.4,30.96,31.35
IQV,IQVIA,Health Care,Life Sciences Tools & Services,216.47,225.91,134.65,218.08,216.34,209.76,196.45,184.44,176.6,178.05
IRM,Iron Mountain,Real Estate,Other Specialized REITs,101.3,125.15,71.19,103.68,104.11,104.37,99.63,98.35,98.08,95.11
JBHT,J.B. Hunt,Industrials,Cargo Ground Transportation,166.64,198.61,122.01,166.99,166.96,155.07,145.4,145.4,144.33,147.5
JBL,Jabil,Information Technology,Electronic Manufacturing Services,221.47,237.14,108.57,216.4,210.18,206.55,210.87,212.8,203.31,182.72
JKHY,Jack Henry & Associates,Financials,Transaction & Payment Processing Services,149.88,194.68,144.12,153.24,154.38,152.57,155.33,164.47,167.43,169.51
J,Jacobs Solutions,Industrials,Construction & Engineering,158.22,168.44,104.68,159.1,159.64,157.69,151.53,144.4,140.53,134.46
JNJ,Johnson & Johnson,Health Care,Pharmaceuticals,189.05,194.48,137.37,188.66,190.75,190.49,183.09,172.3,168.12,162.96
JCI,Johnson Controls,Industrials,Building Products,114.21,116.48,67.78,113.15,111.55,109.91,108.46,107.03,105.09,96.04
JPM,JPMorgan Chase,Financials,Diversified Banks,309.44,316.47,200.22,304.98,301.06,303.03,303.52,294.46,287.4,272.13
K,Kellanova,Consumer Staples,Packaged Foods & Meats,83.13,83.15,76.48,83.08,83.05,82.94,80.71,79.96,80.21,80.47
KVUE,Kenvue,Consumer Staples,Personal Care Products,14.24,24.71,14.02,14.63,14.86,15.43,17.37,19.37,20.11,20.83
KDP,Keurig Dr Pepper,Consumer Staples,Soft Drinks & Non-alcoholic Beverages,27.68,35.62,25.03,28.01,27.85,27.0,27.46,30.36,30.86,31.53
KEY,KeyCorp,Financials,Regional Banks,17.51,19.41,12.43,17.59,17.48,17.7,18.41,17.95,17.49,16.82
KEYS,Keysight Technologies,Information Technology,Electronic Equipment & Instruments,175.37,186.2,121.43,170.62,168.05,167.77,169.35,166.41,164.99,162.09
KMB,Kimberly-Clark,Consumer Staples,Household Products,120.21,147.59,116.26,119.43,119.83,120.08,124.02,126.62,128.34,130.11
KIM,Kimco Realty,Real Estate,Retail REITs,20.99,24.7,17.52,21.78,21.96,21.65,21.87,21.47,21.29,21.07
KMI,Kinder Morgan,Energy,Oil & Gas Storage & Transportation,26.08,30.49,23.22,26.01,26.63,27.15,27.24,27.34,27.37,27.12
KKR,KKR & Co.,Financials,Asset Management & Custody Banks,118.11,169.7,85.9,120.15,120.64,122.03,132.39,135.34,132.5,130.37
KLAC,KLA Corporation,Information Technology,Semiconductor Materials & Equipment,1214.41,1284.47,548.81,1210.74,1173.4,1119.77,1030.36,965.84,925.46,841.81
KHC,Kraft Heinz,Consumer Staples,Packaged Foods & Meats,24.58,33.19,24.1,25.06,25.32,25.3,26.07,26.39,26.43,27.3
KR,Kroger,Consumer Staples,Food Retail,65.43,74.52,54.49,66.86,67.73,67.65,67.45,68.9,68.75,67.31
LHX,L3Harris,Industrials,Aerospace & Defense,295.9,308.12,190.25,290.9,290.35,293.5,286.39,273.77,265.16,244.04
LH,Labcorp,Health Care,Health Care Services,252.33,293.72,208.23,263.06,274.31,276.54,277.2,268.5,264.19,254.26
LRCX,Lam Research,Information Technology,Semiconductor Materials & Equipment,161.01,165.22,56.07,157.18,150.53,145.94,127.84,112.76,106.55,94.82
LW,Lamb Weston,Consumer Staples,Packaged Foods & Meats,62.19,82.35,47.25,64.78,64.91,64.4,59.69,56.55,55.77,55.24
LVS,Las Vegas Sands,Consumer Discretionary,Casinos & Gaming,58.95,59.66,29.84,58.59,54.94,52.59,53.72,51.12,49.04,45.74
LDOS,Leidos,Industrials,Diversified Support Services,190.92,200.78,122.65,189.19,189.4,190.46,186.2,174.17,169.63,157.88
LEN,Lennar,Consumer Discretionary,Homebuilding,124.13,171.44,97.13,126.56,126.72,124.28,128.67,121.69,118.85,118.36
LII,Lennox International,Industrials,Building Products,495.69,687.72,479.4,496.62,507.78,522.18,538.34,565.54,566.8,572.43
LLY,Lilly (Eli),Health Care,Pharmaceuticals,844.5,931.67,622.41,826.0,817.48,825.78,777.43,767.95,763.53,786.2
LIN,Linde plc,Materials,Industrial Gases,429.91,484.83,406.06,439.09,444.8,452.25,466.43,466.95,465.02,459.12
LYV,Live Nation Entertainment,Communication Services,Movies & Entertainment,148.02,175.25,112.88,150.86,153.3,153.49,160.81,155.45,152.57,145.94
LKQ,LKQ Corporation,Consumer Discretionary,Distributors,31.16,43.77,28.42,30.89,30.61,30.22,30.97,32.83,34.28,36.21
LMT,Lockheed Martin,Industrials,Aerospace & Defense,489.72,560.66,407.14,486.63,489.89,497.86,480.47,463.53,464.2,459.58
L,Loews Corporation,Financials,Multi-line Insurance,99.53,103.52,74.95,99.16,99.32,100.44,98.66,95.08,93.73,90.77
LOW,Lowe's,Consumer Discretionary,Home Improvement Retail,239.82,275.13,203.22,241.75,242.48,240.27,252.36,239.61,236.63,235.91
LULU,Lululemon Athletica,Consumer Discretionary,"Apparel, Accessories & Luxury Goods",168.02,423.32,159.25,175.57,175.64,173.29,177.95,199.7,221.17,263.1
LYB,LyondellBasell,Materials,Specialty Chemicals,45.2,81.82,44.87,47.24,46.52,46.97,50.74,54.03,54.22,58.81
MTB,M&T Bank,Financials,Regional Banks,182.8,219.44,148.52,182.74,182.13,184.29,192.82,191.63,189.17,185.19
MPC,Marathon Petroleum,Energy,Oil & Gas Refining & Marketing,195.63,201.61,113.82,195.21,191.42,189.05,185.69,177.05,172.93,161.14
MKTX,MarketAxess,Financials,Financial Exchanges & Data,159.98,292.5,158.28,164.06,167.88,169.69,177.18,193.33,198.38,202.56
MAR,Marriott International,Consumer Discretionary,"Hotels, Resorts & Cruise Lines",262.27,305.27,204.35,266.68,266.44,266.11,265.81,267.0,266.13,262.65
MMC,Marsh McLennan,Financials,Insurance Brokers,178.67,245.83,178.31,183.13,186.15,194.41,198.53,203.93,208.57,215.13
MLM,Martin Marietta Materials,Materials,Construction Materials,613.02,665.18,440.72,616.97,621.12,628.65,620.99,595.55,586.37,554.42
MAS,Masco,Industrials,Building Products,64.99,81.95,56.02,67.02,68.03,67.95,70.89,68.75,67.67,68.68
MA,Mastercard,Financials,Transaction & Payment Processing Services,553.68,600.98,463.61,564.04,566.47,566.95,576.68,570.19,571.1,559.11
MTCH,Match Group,Communication Services,Interactive Media & Services,32.3,38.99,26.09,32.49,32.68,32.76,35.25,34.21,33.27,32.51
MKC,McCormick & Company,Consumer Staples,Packaged Foods & Meats,64.11,84.63,63.22,65.59,66.61,66.37,67.22,69.46,70.15,72.66
MCD,McDonald's,Consumer Discretionary,Restaurants,302.43,322.65,271.85,305.39,306.74,303.06,305.75,301.53,303.29,302.07
MCK,McKesson Corporation,Health Care,Health Care Distributors,825.53,846.27,490.22,810.17,800.06,781.3,739.18,722.9,720.03,691.01
MDT,Medtronic,Health Care,Health Care Equipment,90.97,99.37,77.57,92.75,94.14,95.41,94.36,91.88,90.23,89.21
MRK,Merck & Co.,Health Care,Pharmaceuticals,86.28,101.36,71.87,87.08,86.89,86.64,84.37,82.48,81.18,83.29
META,Meta Platforms,Communication Services,Interactive Media & Services,666.47,795.71,479.11,731.75,730.85,722.92,740.2,733.67,715.31,677.63
MET,MetLife,Financials,Life & Health Insurance,79.16,87.17,64.24,78.76,78.67,80.06,80.33,78.86,78.74,78.92
MTD,Mettler Toledo,Health Care,Life Sciences Tools & Services,1377.01,1454.68,946.69,1405.96,1394.11,1353.53,1303.82,1263.44,1239.48,1229.07
MGM,MGM Resorts,Consumer Discretionary,Casinos & Gaming,30.72,42.54,25.3,31.92,32.17,32.33,34.76,35.36,34.78,33.91
MCHP,Microchip Technology,Information Technology,Semiconductors,62.07,77.17,33.63,63.19,64.53,64.81,65.09,67.07,65.26,59.76
MU,Micron Technology,Information Technology,Semiconductors,224.01,232.4,61.44,222.33,212.83,201.88,167.59,142.83,133.33,116.74
MSFT,Microsoft,Information Technology,Systems Software,525.76,554.54,343.59,532.9,525.36,521.72,513.55,508.48,497.38,459.73
MAA,Mid-America Apartment Communities,Real Estate,Multi-Family Residential REITs,128.81,168.08,126.05,130.56,132.06,132.71,137.14,140.99,143.67,147.74
MRNA,Moderna,Health Care,Biotechnology,28.14,57.69,23.15,26.32,26.54,26.95,25.9,27.54,27.25,29.06
MHK,Mohawk Industries,Consumer Discretionary,Home Furnishings,115.59,148.57,96.24,118.19,123.53,123.6,128.68,120.95,117.51,116.6
MOH,Molina Healthcare,Health Care,Managed Health Care,151.1,359.97,151.02,159.95,174.28,185.8,182.96,200.03,222.22,255.63
TAP,Molson Coors Beverage Company,Consumer Staples,Brewers,43.65,63.47,43.42,44.62,45.58,45.89,47.2,48.3,49.37,52.27
MDLZ,Mondelez International,Consumer Staples,Packaged Foods & Meats,57.78,70.58,52.78,59.65,60.83,61.3,61.71,63.77,64.08,63.43
MPWR,Monolithic Power Systems,Information Technology,Semiconductors,1087.56,1123.38,437.16,1089.59,1058.51,1013.34,927.06,838.35,806.29,730.01
MNST,Monster Beverage,Consumer Staples,Soft Drinks & Non-alcoholic Beverages,66.57,70.72,45.7,68.36,69.03,68.73,66.01,63.86,63.58,60.05
MCO,Moody's Corporation,Financials,Financial Exchanges & Data,478.97,528.95,377.3,485.47,480.98,481.77,491.16,495.46,492.04,482.63
MS,Morgan Stanley,Financials,Investment Banking & Brokerage,165.26,167.13,92.93,164.88,162.17,159.51,156.25,147.99,143.68,135.46
MOS,Mosaic Company (The),Materials,Fertilizers & Agricultural Chemicals,27.71,37.97,21.99,29.06,29.27,30.83,32.5,33.74,33.83,31.01
MSI,Motorola Solutions,Information Technology,Communications Equipment,431.98,502.83,387.0,437.47,442.06,447.92,460.47,444.05,438.33,437.07
MSCI,MSCI Inc.,Financials,Financial Exchanges & Data,583.14,636.39,483.67,566.72,552.14,553.61,561.61,560.96,560.96,561.88
NDAQ,"Nasdaq, Inc.",Financials,Financial Exchanges & Data,85.66,97.36,64.46,87.25,88.03,88.56,90.55,90.76,88.88,84.27
NTAP,NetApp,Information Technology,"Technology Hardware, Storage & Peripherals",115.57,132.76,71.18,115.89,116.94,118.14,118.5,111.66,109.0,105.81
NFLX,Netflix,Communication Services,Movies & Entertainment,1089.0,1341.15,747.77,1096.23,1139.04,1169.24,1197.31,1213.6,1207.98,1120.42
NEM,Newmont,Materials,Gold,82.31,98.58,36.35,80.66,85.12,87.2,81.93,71.7,67.83,59.78
NWSA,News Corp (Class A),Communication Services,Publishing,26.48,31.61,23.3,26.46,26.38,26.6,28.5,28.8,28.63,28.15
NWS,News Corp (Class B),Communication Services,Publishing,30.51,35.47,26.17,30.61,30.25,30.29,32.18,32.83,32.75,32.16
NEE,NextEra Energy,Utilities,Multi-Utilities,81.64,87.53,60.75,83.48,83.68,83.65,77.23,74.82,73.73,71.68
NKE,"Nike, Inc.",Consumer Discretionary,"Apparel, Accessories & Luxury Goods",64.9,81.06,51.67,67.08,67.75,68.11,71.48,71.39,69.22,68.67
NI,NiSource,Utilities,Multi-Utilities,42.13,44.88,33.4,43.07,43.41,43.39,42.3,41.51,40.98,39.99
NDSN,Nordson Corporation,Industrials,Industrial Machinery & Supplies & Components,231.79,262.94,163.83,234.91,235.14,233.69,228.42,222.0,217.79,212.0
NSC,Norfolk Southern,Industrials,Rail Transportation,281.62,302.24,199.43,280.74,284.69,289.02,285.65,276.61,269.02,256.08
NTRS,Northern Trust,Financials,Asset Management & Custody Banks,126.9,135.48,80.54,126.75,126.61,127.96,129.31,126.29,121.82,113.69
NOC,Northrop Grumman,Industrials,Aerospace & Defense,578.6,640.9,420.66,592.03,595.82,607.9,594.21,564.8,547.08,522.38
NCLH,Norwegian Cruise Line Holdings,Consumer Discretionary,"Hotels, Resorts & Cruise Lines",22.22,29.29,14.21,22.75,23.1,23.3,24.42,23.36,22.34,22.09
NRG,NRG Energy,Utilities,Independent Power Producers & Energy Traders,173.14,180.54,79.04,173.47,169.09,167.78,161.34,157.96,156.08,135.17
NUE,Nucor,Materials,Steel,149.74,167.56,96.79,147.8,142.3,139.35,140.5,138.22,133.56,129.82
NVDA,Nvidia,Information Technology,Semiconductors,202.89,212.19,86.61,197.74,189.82,187.56,181.37,173.51,165.15,147.87
NVR,"NVR, Inc.",Consumer Discretionary,Homebuilding,7245.71,9527.85,6562.85,7381.92,7539.84,7644.26,7957.28,7793.12,7666.61,7572.89
NXPI,NXP Semiconductors,Information Technology,Semiconductors,206.38,251.87,146.73,212.95,215.92,217.95,223.19,221.4,216.87,210.65
ORLY,O’Reilly Automotive,Consumer Discretionary,Automotive Retail,95.15,108.72,76.22,95.81,98.24,100.21,102.97,99.02,97.42,94.4
OXY,Occidental Petroleum,Energy,Oil & Gas Exploration & Production,40.7,52.36,34.4,41.4,41.44,42.47,44.82,44.37,43.77,44.36
ODFL,Old Dominion,Industrials,Cargo Ground Transportation,137.25,231.78,133.69,136.46,138.23,138.65,143.17,150.86,153.3,160.61
OMC,Omnicom Group,Communication Services,Advertising,75.05,103.32,67.76,77.08,78.14,78.13,77.67,75.09,74.68,76.27
ON,ON Semiconductor,Information Technology,Semiconductors,50.85,76.06,31.04,51.49,52.36,51.05,50.23,52.28,50.63,48.63
OKE,Oneok,Energy,Oil & Gas Storage & Transportation,66.72,113.92,66.35,68.18,68.58,69.6,71.91,75.45,76.64,82.45
ORCL,Oracle Corporation,Information Technology,Application Software,256.89,345.12,117.98,275.55,277.41,286.81,277.18,254.48,235.62,204.84
OTIS,Otis Worldwide,Industrials,Industrial Machinery & Supplies & Components,92.49,105.86,83.85,92.23,92.11,91.32,89.72,91.49,92.39,94.11
PCAR,Paccar,Industrials,Construction Machinery & Heavy Transportation Equipment,98.82,114.66,84.08,99.48,98.86,97.23,98.54,97.44,96.59,97.85
PKG,Packaging Corporation of America,Materials,Paper & Plastic Packaging Products & Materials,196.16,244.78,170.61,202.08,204.98,207.63,211.25,203.52,200.46,200.5
PLTR,Palantir Technologies,Information Technology,Application Software,194.55,199.85,40.9,191.35,185.4,182.4,173.9,163.28,155.49,131.83
PANW,Palo Alto Networks,Information Technology,Systems Software,218.27,223.61,144.15,218.84,215.58,213.06,203.68,197.29,196.06,190.67
PSKY,Paramount Skydance Corporation,Communication Services,Movies & Entertainment,15.46,20.86,9.92,16.17,16.41,17.15,17.07,14.83,14.22,13.07
PH,Parker Hannifin,Industrials,Industrial Machinery & Supplies & Components,774.35,792.53,485.92,772.51,760.16,750.84,753.45,730.42,716.08,683.26
PAYX,Paychex,Industrials,Human Resource & Employment Services,117.23,160.03,116.82,121.66,124.03,125.19,129.94,136.93,140.34,142.16
PAYC,Paycom,Industrials,Human Resource & Employment Services,185.29,267.33,164.45,194.0,198.12,199.82,211.9,221.24,227.97,222.26
PYPL,PayPal,Financials,Transaction & Payment Processing Services,67.93,93.66,55.85,70.13,69.5,70.2,69.02,70.67,70.81,71.38
PNR,Pentair,Industrials,Industrial Machinery & Supplies & Components,107.14,113.69,73.68,108.5,108.84,109.4,109.33,106.12,104.35,99.34
PEP,PepsiCo,Consumer Staples,Soft Drinks & Non-alcoholic Beverages,147.55,162.9,125.14,149.6,151.31,148.67,145.59,141.4,138.8,140.47
PFE,Pfizer,Health Care,Pharmaceuticals,24.29,27.69,20.18,24.52,24.61,24.98,24.82,24.6,24.22,24.21
PCG,PG&E Corporation,Utilities,Multi-Utilities,15.9,21.59,12.95,16.12,16.33,16.29,15.55,14.84,15.24,15.68
PM,Philip Morris International,Consumer Staples,Tobacco,145.76,183.57,113.18,150.63,153.58,155.1,159.82,166.02,167.26,159.58
PSX,Phillips 66,Energy,Oil & Gas Refining & Marketing,137.07,142.35,89.26,135.83,133.46,132.03,132.33,127.51,124.73,121.15
PNW,Pinnacle West Capital,Utilities,Multi-Utilities,89.55,94.64,79.08,90.65,91.66,91.89,89.66,89.93,89.95,89.7
PNC,PNC Financial Services,Financials,Diversified Banks,182.32,208.54,141.09,183.5,182.41,185.1,194.68,190.91,186.88,182.09
POOL,Pool Corporation,Consumer Discretionary,Distributors,277.2,391.14,276.49,287.0,291.98,294.67,308.14,306.33,305.9,313.47
PPG,PPG Industries,Materials,Specialty Chemicals,97.45,127.64,89.08,102.17,102.46,101.69,106.01,108.85,109.2,109.4
PPL,PPL Corporation,Utilities,Electric Utilities,36.82,38.27,30.49,37.0,37.28,37.31,36.6,35.75,35.44,34.87
PFG,Principal Financial Group,Financials,Life & Health Insurance,82.74,87.76,67.06,81.31,80.21,80.91,80.99,79.37,78.93,79.02
PG,Procter & Gamble,Consumer Staples,Personal Care Products,149.58,176.43,145.95,150.79,150.81,149.88,153.11,154.26,155.66,158.8
PGR,Progressive Corporation,Financials,Property & Casualty Insurance,206.97,292.65,206.41,212.51,217.23,227.63,237.99,245.14,252.43,257.76
PLD,Prologis,Real Estate,Industrial REITs,124.23,127.5,83.8,125.39,125.59,120.99,116.03,111.1,110.02,109.86
PRU,Prudential Financial,Financials,Life & Health Insurance,103.09,125.75,88.12,102.02,101.8,102.07,104.24,103.96,103.67,104.78
PEG,Public Service Enterprise Group,Utilities,Electric Utilities,80.75,92.35,73.5,81.77,82.81,82.48,82.06,82.9,81.95,81.58
PTC,PTC Inc.,Information Technology,Application Software,197.38,219.69,133.38,201.16,202.68,202.42,205.79,198.75,192.66,181.71
PSA,Public Storage,Real Estate,Self-Storage REITs,280.86,342.02,251.43,294.13,301.55,299.22,291.77,288.48,290.1,289.79
PHM,PulteGroup,Consumer Discretionary,Homebuilding,119.04,141.88,87.74,119.77,121.09,123.83,129.5,121.26,117.17,112.42
PWR,Quanta Services,Industrials,Construction & Engineering,453.83,460.86,226.97,444.97,437.64,433.75,406.51,394.98,384.11,345.27
QCOM,Qualcomm,Information Technology,Semiconductors,177.26,205.95,119.4,178.72,173.22,168.65,165.1,159.97,157.36,156.22
DGX,Quest Diagnostics,Health Care,Health Care Services,175.75,197.55,146.3,178.25,182.02,182.43,182.13,177.99,177.0,172.5
RL,Ralph Lauren Corporation,Consumer Discretionary,"Apparel, Accessories & Luxury Goods",322.88,341.9,175.49,330.98,331.91,326.24,314.66,299.28,292.9,271.32
RJF,Raymond James Financial,Financials,Investment Banking & Brokerage,158.05,177.15,116.85,160.03,162.35,162.97,166.62,162.48,159.33,154.84
RTX,RTX Corporation,Industrials,Aerospace & Defense,177.42,181.31,111.21,178.07,173.95,168.24,162.82,156.2,151.58,142.06
O,Realty Income,Real Estate,Retail REITs,57.91,60.9,49.31,59.17,59.7,59.46,59.22,57.95,57.33,56.13
REG,Regency Centers,Real Estate,Retail REITs,69.39,75.93,62.21,71.22,71.78,71.62,71.54,70.9,70.88,70.8
REGN,Regeneron Pharmaceuticals,Health Care,Biotechnology,654.04,931.87,475.77,624.94,601.93,588.12,580.91,563.8,562.38,595.34
RF,Regions Financial Corporation,Financials,Regional Banks,24.2,27.61,17.36,24.27,24.16,24.61,25.91,25.07,24.31,23.31
RSG,Republic Services,Industrials,Environmental & Facilities Services,209.92,257.43,195.57,216.46,218.96,220.93,225.84,232.99,236.25,234.09
RMD,ResMed,Health Care,Health Care Equipment,252.26,293.81,199.07,256.23,262.06,268.94,272.89,269.33,264.69,251.1
RVTY,Revvity,Health Care,Health Care Equipment,91.02,129.14,81.3,95.76,95.77,93.78,89.65,92.06,92.02,98.36
ROK,Rockwell Automation,Industrials,Electrical Components & Equipment,365.66,375.0,213.27,362.76,357.59,351.3,347.61,343.09,335.08,308.34
ROL,"Rollins, Inc.",Industrials,Environmental & Facilities Services,57.79,59.12,44.94,56.11,56.23,56.66,56.78,56.75,56.75,54.86
ROP,Roper Technologies,Information Technology,Electronic Equipment & Instruments,443.4,592.47,442.72,457.67,480.22,494.66,505.65,528.6,536.92,546.75
ROST,Ross Stores,Consumer Discretionary,Apparel Retail,158.07,161.95,121.69,158.92,157.75,155.23,151.53,143.53,143.73,141.08
RCL,Royal Caribbean Group,Consumer Discretionary,"Hotels, Resorts & Cruise Lines",284.53,365.38,163.05,298.85,304.9,307.24,325.52,319.76,305.53,275.15
SPGI,S&P Global,Financials,Financial Exchanges & Data,491.57,578.04,425.6,488.88,484.14,482.89,508.91,520.04,518.45,511.56
CRM,Salesforce,Information Technology,Application Software,256.65,366.78,226.09,254.53,254.51,248.48,246.9,252.78,257.51,270.3
SBAC,SBA Communications,Real Estate,Telecom Tower REITs,191.14,242.78,185.45,194.19,195.61,193.03,197.66,212.67,216.15,214.88
SLB,Schlumberger,Energy,Oil & Gas Equipment & Services,36.32,43.66,30.61,36.2,35.15,34.2,34.78,34.53,34.37,35.98
STX,Seagate Technology,Information Technology,"Technology Hardware, Storage & Peripherals",268.33,274.48,62.66,244.28,231.72,228.74,211.26,178.3,164.62,136.14
SRE,Sempra,Utilities,Multi-Utilities,92.44,95.72,60.93,92.63,92.33,92.12,86.81,82.04,80.73,78.1
NOW,ServiceNow,Information Technology,Systems Software,934.68,1198.09,678.66,932.15,929.82,919.06,920.32,939.92,954.36,939.52
SHW,Sherwin-Williams,Materials,Specialty Chemicals,347.9,397.81,307.5,343.63,338.41,336.99,348.83,347.62,349.22,348.21
SPG,Simon Property Group,Real Estate,Retail REITs,173.35,188.43,132.99,176.33,177.56,177.94,179.46,170.8,168.25,166.32
SWKS,Skyworks Solutions,Information Technology,Semiconductors,79.16,94.69,47.01,77.61,76.57,75.39,75.9,74.14,73.19,71.13
SJM,J.M. Smucker Company (The),Consumer Staples,Packaged Foods & Meats,102.35,121.73,92.38,103.06,103.8,104.43,107.21,105.55,106.61,107.17
SW,Smurfit Westrock,Materials,Paper & Plastic Packaging Products & Materials,36.04,55.46,35.87,40.69,41.53,41.61,43.45,43.93,43.77,44.88
SNA,Snap-on,Industrials,Industrial Machinery & Supplies & Components,338.61,366.68,286.03,341.73,342.47,339.68,335.9,326.97,325.3,326.51
SOLV,Solventum,Health Care,Health Care Technology,69.28,85.92,60.7,70.68,71.64,71.82,72.47,73.16,72.98,72.94
SO,Southern Company,Utilities,Electric Utilities,95.07,100.84,78.5,94.75,95.99,96.64,94.32,93.22,92.2,90.11
LUV,Southwest Airlines,Industrials,Passenger Airlines,30.09,37.75,23.55,31.26,32.43,32.47,32.27,32.45,32.29,31.28
SWK,Stanley Black & Decker,Industrials,Industrial Machinery & Supplies & Components,68.58,92.67,52.62,70.54,70.01,69.86,73.3,71.23,69.98,72.01
SBUX,Starbucks,Consumer Discretionary,Restaurants,83.15,115.87,74.48,85.21,85.28,83.46,84.58,88.37,87.59,91.22
STT,State Street Corporation,Financials,Asset Management & Custody Banks,115.22,119.33,71.77,116.76,115.27,115.35,113.85,110.16,107.08,100.62
STLD,Steel Dynamics,Materials,Steel,158.18,164.73,102.41,158.74,153.58,149.1,140.25,134.49,133.79,130.41
STE,Steris,Health Care,Health Care Equipment,236.19,253.0,199.47,239.17,240.45,239.86,244.02,239.14,238.99,232.12
SYK,Stryker Corporation,Health Care,Health Care Equipment,368.98,403.95,327.71,376.0,378.68,373.84,378.28,382.16,382.16,378.91
SMCI,Supermicro,Information Technology,"Technology Hardware, Storage & Peripherals",50.37,66.44,17.25,51.06,51.77,53.23,48.11,48.49,46.78,43.15
SYF,Synchrony Financial,Financials,Consumer Finance,73.59,77.41,40.15,74.26,73.53,72.22,73.69,70.91,68.31,64.04
SNPS,Synopsys,Information Technology,Application Software,442.93,651.73,365.74,456.94,455.51,458.04,497.11,531.26,523.13,501.98
SYY,Sysco,Consumer Staples,Food Distributors,74.7,83.13,66.22,76.05,77.6,78.58,79.87,78.56,77.11,74.93
TMUS,T-Mobile US,Communication Services,Wireless Telecommunication Services,210.65,274.51,206.21,216.82,222.0,224.6,236.03,236.13,237.2,242.06
TROW,T. Rowe Price,Financials,Asset Management & Custody Banks,102.13,119.7,75.88,103.81,103.65,104.24,104.72,102.49,100.41,98.78
TTWO,Take-Two Interactive,Communication Services,Interactive Home Entertainment,252.78,264.79,158.65,253.09,255.95,256.83,249.5,241.35,238.81,226.46
TPR,"Tapestry, Inc.",Consumer Discretionary,"Apparel, Accessories & Luxury Goods",111.37,118.56,45.93,113.42,114.76,114.77,110.23,103.77,98.77,89.13
TRGP,Targa Resources,Energy,Oil & Gas Storage & Transportation,151.52,215.2,144.14,152.64,152.55,154.93,161.44,164.42,163.79,173.28
TGT,Target Corporation,Consumer Staples,Consumer Staples Merchandise Retail,92.92,152.54,85.36,95.24,94.12,91.54,91.5,96.26,95.94,101.83
TEL,TE Connectivity,Information Technology,Electronic Manufacturing Services,243.45,247.34,115.38,238.63,233.35,227.39,218.0,201.04,192.55,174.06
TDY,Teledyne Technologies,Information Technology,Electronic Equipment & Instruments,517.75,595.99,419.0,523.82,540.73,558.77,557.38,543.18,533.09,516.42
TER,Teradyne,Information Technology,Semiconductor Materials & Equipment,176.88,179.21,65.6,157.4,149.15,145.17,131.7,114.05,107.31,103.71
TSLA,"Tesla, Inc.",Consumer Discretionary,Automobile Manufacturers,440.1,488.54,214.25,449.66,446.56,439.93,407.91,364.62,356.82,336.91
TXN,Texas Instruments,Information Technology,Semiconductors,160.51,220.1,137.77,165.24,170.61,173.87,182.8,191.25,189.25,183.8
TPL,Texas Pacific Land Corporation,Energy,Oil & Gas Exploration & Production,928.5,1759.83,844.11,925.19,929.15,929.45,924.12,959.69,1020.51,1133.2
TXT,Textron,Industrials,Aerospace & Defense,79.42,89.19,57.67,80.21,80.99,82.56,82.35,81.27,79.84,76.98
TMO,Thermo Fisher Scientific,Health Care,Life Sciences Tools & Services,556.22,609.27,385.11,561.69,558.83,546.27,509.02,474.17,460.6,478.56
TJX,TJX Companies,Consumer Discretionary,Apparel Retail,142.29,146.46,110.34,142.64,142.97,142.48,140.91,133.54,132.59,128.63
TKO,TKO Group Holdings,Communication Services,Movies & Entertainment,187.78,212.49,113.9,187.24,187.23,189.55,192.87,182.48,178.3,168.58
TTD,Trade Desk (The),Communication Services,Advertising,48.97,141.53,42.96,51.24,52.06,52.12,50.5,61.81,63.91,68.14
TSCO,Tractor Supply,Consumer Discretionary,Other Specialty Retail,54.12,63.75,46.46,55.3,55.29,55.05,57.68,57.01,55.68,54.75
TT,Trane Technologies,Industrials,Building Products,446.37,475.11,296.82,430.87,423.71,422.47,416.68,425.48,424.7,397.44
TDG,TransDigm Group,Industrials,Aerospace & Defense,1306.14,1519.36,1107.45,1334.2,1323.19,1301.44,1297.52,1349.93,1347.5,1313.93
TRV,Travelers Companies (The),Financials,Property & Casualty Insurance,271.01,287.95,227.43,269.46,268.15,271.9,273.75,267.68,267.97,261.01
TRMB,Trimble Inc.,Information Technology,Electronic Equipment & Instruments,78.87,87.5,52.91,80.26,79.67,79.23,80.26,79.89,77.98,74.38
TFC,Truist Financial,Financials,Diversified Banks,44.34,47.46,32.72,44.28,43.85,43.82,45.01,44.02,43.1,42.38
TYL,Tyler Technologies,Information Technology,Application Software,478.08,661.31,455.07,496.9,504.83,503.63,526.76,551.44,554.92,565.88
TSN,Tyson Foods,Consumer Staples,Packaged Foods & Meats,51.41,63.75,50.56,51.55,51.96,52.43,54.12,54.35,54.45,55.93
USB,U.S. Bancorp,Financials,Diversified Banks,46.84,51.66,34.43,47.36,47.24,47.02,47.84,46.38,45.62,44.43
UBER,Uber,Industrials,Passenger Ground Transportation,96.49,101.99,59.33,95.63,94.4,95.13,95.56,93.06,91.84,84.93
UDR,"UDR, Inc.",Real Estate,Multi-Family Residential REITs,33.63,44.96,33.42,34.9,35.63,35.78,36.87,38.15,38.64,39.62
ULTA,Ulta Beauty,Consumer Discretionary,Other Specialty Retail,509.66,572.23,309.01,515.0,520.2,535.9,531.79,511.36,493.96,448.85
UNP,Union Pacific Corporation,Industrials,Rail Transportation,218.83,252.32,202.16,217.53,221.28,225.56,224.38,224.88,224.03,226.93
UAL,United Airlines Holdings,Industrials,Passenger Airlines,93.38,116.0,52.0,96.47,97.48,98.23,101.24,93.91,90.8,88.64
UPS,United Parcel Service,Industrials,Air Freight & Logistics,95.06,132.01,82.0,93.05,90.08,87.57,86.1,90.41,91.37,97.61
URI,United Rentals,Industrials,Trading Companies & Distributors,858.91,1021.47,523.58,883.81,930.78,959.5,952.61,881.7,844.88,774.96
UNH,UnitedHealth Group,Health Care,Managed Health Care,344.75,617.34,233.13,359.27,360.47,360.79,342.07,314.47,315.16,383.24
UHS,Universal Health Services,Health Care,Health Care Facilities,218.69,227.22,152.16,217.6,212.57,208.16,197.26,185.12,185.79,183.46
VLO,Valero Energy,Energy,Oil & Gas Refining & Marketing,170.1,178.43,97.37,171.1,166.61,163.83,161.34,150.22,145.52,137.91
VTR,Ventas,Real Estate,Health Care REITs,74.36,74.71,55.47,71.23,70.89,69.7,68.67,66.78,66.14,65.46
VLTO,Veralto,Industrials,Environmental & Facilities Services,100.38,109.99,83.69,102.24,103.04,103.22,105.15,104.04,103.15,100.77
VRSN,Verisign,Information Technology,Internet Services & Infrastructure,235.6,309.71,174.64,240.62,250.38,258.15,271.18,275.14,275.68,260.96
VRSK,Verisk Analytics,Industrials,Research & Consulting Services,217.6,321.9,197.0,225.27,230.33,236.49,249.45,270.84,278.71,282.71
VZ,Verizon,Communication Services,Integrated Telecommunication Services,38.96,45.09,35.79,39.31,39.64,40.12,41.9,41.85,41.91,41.41
VRTX,Vertex Pharmaceuticals,Health Care,Biotechnology,419.89,519.88,362.5,420.21,421.23,415.43,401.23,421.4,425.57,445.65
VTRS,Viatris,Health Care,Pharmaceuticals,10.36,13.04,6.68,10.34,10.33,10.17,10.13,9.66,9.43,9.36
VICI,Vici Properties,Real Estate,Hotel & Resort REITs,29.52,33.54,26.86,30.35,30.77,31.1,32.0,32.18,31.9,31.25
V,Visa Inc.,Financials,Transaction & Payment Processing Services,345.03,374.85,279.39,345.68,345.32,345.98,344.84,346.88,349.35,345.22
VST,Vistra Corp.,Utilities,Electric Utilities,189.71,219.82,90.3,196.09,193.98,199.57,199.48,195.99,188.09,169.27
VMC,Vulcan Materials Company,Materials,Construction Materials,290.0,311.74,214.34,292.46,293.64,298.33,296.54,283.72,280.5,268.78
WRB,W. R. Berkley Corporation,Financials,Property & Casualty Insurance,71.54,78.48,55.38,73.17,73.86,75.46,74.06,72.27,72.33,69.01
GWW,W. W. Grainger,Industrials,Industrial Machinery & Supplies & Components,956.24,1219.65,889.92,965.08,965.49,961.01,979.69,999.78,1014.32,1013.91
WAB,Wabtec,Industrials,Construction Machinery & Heavy Transportation Equipment,203.14,215.82,151.42,200.13,197.93,197.24,194.76,198.15,198.59,194.02
WBA,Walgreens Boots Alliance,Consumer Staples,Drug Retail,11.98,,,11.98,12.03,11.93,11.67,11.39,11.33,10.81
WMT,Walmart,Consumer Staples,Consumer Staples Merchandise Retail,102.23,109.58,79.43,103.7,105.35,104.64,102.4,100.04,99.51,97.06
DIS,Walt Disney Company (The),Communication Services,Movies & Entertainment,111.84,124.69,79.76,111.55,112.08,111.68,114.2,116.64,115.18,109.79
WBD,Warner Bros. Discovery,Communication Services,Broadcasting,21.62,21.84,7.49,21.23,20.48,19.33,17.17,14.47,13.44,12.1
WM,Waste Management,Industrials,Environmental & Facilities Services,200.57,240.84,197.02,206.15,210.91,214.15,217.77,223.36,225.19,224.59
WAT,Waters Corporation,Health Care,Life Sciences Tools & Services,342.9,423.56,275.05,348.71,347.49,338.76,315.36,315.84,322.93,341.11
WEC,WEC Energy Group,Utilities,Electric Utilities,112.6,118.19,89.63,114.98,115.91,115.54,111.9,108.97,108.24,106.16
WFC,Wells Fargo,Financials,Diversified Banks,85.99,87.47,57.76,86.46,85.47,83.42,82.52,80.67,79.37,76.64
WELL,Welltower,Real Estate,Health Care REITs,180.88,189.53,121.46,179.62,177.8,174.16,171.24,164.61,161.56,155.02
WST,West Pharmaceutical Services,Health Care,Health Care Supplies,278.54,348.05,187.09,286.32,284.07,274.72,262.24,246.79,239.99,243.35
WDC,Western Digital,Information Technology,"Technology Hardware, Storage & Peripherals",138.13,145.68,28.74,132.11,127.59,124.35,108.6,88.08,80.46,66.87
WY,Weyerhaeuser,Real Estate,Timber REITs,23.51,31.95,22.97,23.67,23.64,23.96,24.68,25.24,25.34,26.42
WSM,"Williams-Sonoma, Inc.",Consumer Discretionary,Homefurnishing Retail,198.28,217.31,123.45,195.07,191.75,190.82,194.58,185.92,181.29,179.79
WMB,Williams Companies,Energy,Oil & Gas Storage & Transportation,57.62,65.55,49.72,57.47,59.63,61.44,60.15,59.25,59.04,58.04
WTW,Willis Towers Watson,Financials,Insurance Brokers,317.0,352.79,287.91,322.02,326.59,333.89,334.26,322.17,319.35,320.42
WDAY,"Workday, Inc.",Information Technology,Application Software,232.87,294.0,205.33,236.56,239.0,237.19,234.04,233.93,238.48,242.08
WYNN,Wynn Resorts,Consumer Discretionary,Casinos & Gaming,119.77,134.23,64.93,122.5,121.82,120.85,122.98,113.09,108.42,98.67
XEL,Xcel Energy,Utilities,Multi-Utilities,81.59,83.01,60.62,80.44,80.64,80.87,76.65,73.16,72.28,70.49
XYL,Xylem Inc.,Industrials,Industrial Machinery & Supplies & Components,151.53,154.24,99.87,150.53,148.62,147.83,144.51,138.87,136.08,130.24
YUM,Yum! Brands,Consumer Discretionary,Restaurants,139.06,161.72,120.38,141.14,144.14,144.51,146.55,145.87,145.65,145.48
ZBRA,Zebra Technologies,Information Technology,Electronic Equipment & Instruments,261.37,427.76,205.73,285.17,294.33,294.36,304.74,310.8,306.0,305.64
ZBH,Zimmer Biomet,Health Care,Health Care Equipment,99.56,113.87,88.77,101.31,102.11,100.15,101.42,98.11,97.14,100.2
ZTS,Zoetis,Health Care,Pharmaceuticals,144.1,182.19,138.77,145.38,145.56,144.46,147.39,150.88,153.22,156.23
