Symbol,Company,GICS_Sector,GICS_Sub_Industry,Current_Price,52_Week_High,52_Week_Low,SMA_5,SMA_10,SMA_20,SMA_50,SMA_100,SMA_125,SMA_200
MMM,3M,Industrials,Industrial Conglomerates,166.64,166.82,120.83,155.79,154.02,154.73,155.16,152.31,150.61,147.72
AOS,A. O. Smith,Industrials,Building Products,71.0,78.71,58.25,69.82,69.41,71.0,71.91,69.63,69.17,67.95
ABT,Abbott Laboratories,Health Care,Health Care Equipment,127.54,139.33,109.21,128.53,130.45,131.71,131.73,131.24,131.17,129.21
ABBV,AbbVie,Health Care,Biotechnology,231.39,243.06,158.28,229.22,228.97,228.25,217.59,202.58,198.87,194.5
ACN,Accenture,Information Technology,IT Consulting & Other Services,250.51,394.41,229.4,240.96,243.85,243.78,246.65,267.97,276.1,298.76
ADBE,Adobe Inc.,Information Technology,Application Software,357.55,557.9,327.5,338.81,340.31,346.17,351.2,364.78,370.57,386.41
AMD,Advanced Micro Devices,Information Technology,Semiconductors,238.03,242.88,76.48,236.97,230.27,201.05,178.84,161.88,150.72,134.23
AES,AES Corporation,Utilities,Independent Power Producers & Energy Traders,14.32,16.68,9.28,14.57,14.51,14.2,13.53,12.67,12.25,11.77
AFL,Aflac,Financials,Life & Health Insurance,108.18,113.9,96.14,108.24,109.7,110.49,108.44,105.16,105.03,104.97
A,Agilent Technologies,Health Care,Life Sciences Tools & Services,145.68,152.88,96.03,142.27,140.52,136.25,128.36,122.58,119.93,122.83
APD,Air Products,Materials,Industrial Gases,254.71,334.71,240.55,254.54,258.39,263.79,278.92,281.38,278.79,284.82
ABNB,Airbnb,Consumer Discretionary,"Hotels, Resorts & Cruise Lines",128.56,163.93,99.88,125.77,122.89,122.3,124.13,129.33,129.13,129.36
AKAM,Akamai Technologies,Information Technology,Internet Services & Infrastructure,76.13,106.8,67.51,73.97,74.32,75.47,76.21,77.05,77.48,80.84
ALB,Albemarle Corporation,Materials,Specialty Chemicals,91.34,111.49,48.84,94.73,94.43,90.48,84.21,75.59,72.09,73.24
ARE,Alexandria Real Estate Equities,Real Estate,Office REITs,76.79,114.97,65.12,75.99,75.25,78.89,79.87,76.73,75.4,80.87
ALGN,Align Technology,Health Care,Health Care Supplies,136.22,246.19,122.0,131.97,130.99,129.56,134.6,158.21,162.63,172.53
ALLE,Allegion,Industrials,Building Products,179.47,180.68,116.14,177.94,176.6,176.39,173.72,161.51,157.38,146.27
LNT,Alliant Energy,Utilities,Electric Utilities,68.22,69.16,54.71,68.22,68.0,67.37,65.88,64.03,63.4,62.17
ALL,Allstate,Financials,Property & Casualty Insurance,193.74,215.7,173.88,195.74,202.09,206.55,204.91,201.33,201.12,197.76
GOOGL,Alphabet Inc. (Class A),Communication Services,Interactive Media & Services,250.46,257.33,140.23,252.56,247.51,246.69,233.34,207.23,198.36,189.48
GOOG,Alphabet Inc. (Class C),Communication Services,Interactive Media & Services,251.34,257.88,142.36,253.15,248.17,247.41,233.98,208.05,199.32,190.78
MO,Altria,Consumer Staples,Tobacco,63.75,67.51,45.54,64.47,65.04,65.4,65.33,62.01,61.03,57.91
AMZN,Amazon,Consumer Discretionary,Broadline Retail,222.03,242.52,161.38,216.32,218.74,219.62,225.42,222.44,217.42,214.24
AMCR,Amcor,Materials,Paper & Plastic Packaging Products & Materials,8.14,10.9,7.81,8.13,8.04,8.07,8.33,8.86,8.92,9.16
AEE,Ameren,Utilities,Multi-Utilities,104.92,106.73,82.82,105.35,104.49,103.81,101.47,99.12,98.53,97.18
AEP,American Electric Power,Utilities,Electric Utilities,117.43,120.46,87.57,117.77,117.62,114.92,112.1,108.6,107.52,104.82
AXP,American Express,Financials,Consumer Finance,355.22,356.67,219.32,341.02,332.4,333.08,326.43,315.54,309.03,299.62
AIG,American International Group,Financials,Multi-line Insurance,78.38,87.1,68.15,78.34,80.49,80.09,79.69,80.75,80.94,79.67
AMT,American Tower,Real Estate,Telecom Tower REITs,192.37,232.28,168.28,191.65,188.55,189.69,195.02,205.4,206.65,202.63
AWK,American Water Works,Utilities,Water Utilities,144.16,153.69,116.64,143.83,142.54,140.02,140.72,140.75,141.06,138.08
AMP,Ameriprise Financial,Financials,Asset Management & Custody Banks,479.36,576.69,393.57,474.26,480.06,486.77,496.45,508.13,505.52,506.13
AME,Ametek,Industrials,Electrical Components & Equipment,188.3,197.03,144.53,186.29,184.52,184.94,185.73,182.64,180.92,179.19
AMGN,Amgen,Health Care,Biotechnology,301.14,330.26,247.06,299.28,296.28,291.29,287.4,288.99,285.73,286.84
APH,Amphenol,Information Technology,Electronic Components,124.44,128.12,56.27,126.14,125.1,124.11,117.96,108.5,103.28,89.72
ADI,Analog Devices,Information Technology,Semiconductors,246.37,257.11,157.31,243.04,238.64,240.99,243.37,236.98,231.15,221.82
AON,Aon plc,Financials,Insurance Brokers,343.43,411.24,322.37,346.61,353.29,356.14,362.35,360.15,359.25,367.15
APA,APA Corporation,Energy,Oil & Gas Exploration & Production,22.58,25.8,13.18,22.77,22.98,23.78,22.93,20.92,20.05,20.06
APO,Apollo Global Management,Financials,Asset Management & Custody Banks,125.98,187.59,101.84,124.22,123.77,127.81,133.65,137.4,136.96,140.38
AAPL,Apple Inc.,Information Technology,"Technology Hardware, Storage & Peripherals",262.77,265.29,168.8,254.82,252.69,254.22,242.44,224.71,220.77,221.89
AMAT,Applied Materials,Information Technology,Semiconductor Materials & Equipment,226.0,232.07,123.04,226.88,221.99,216.44,188.91,185.05,179.74,172.72
APTV,Aptiv,Consumer Discretionary,Automotive Parts & Equipment,85.59,88.8,47.19,83.78,83.12,84.72,81.79,75.15,72.74,68.38
ACGL,Arch Capital Group,Financials,Property & Casualty Insurance,87.7,104.23,82.49,87.4,89.93,90.33,90.54,90.25,90.77,91.3
ADM,Archer Daniels Midland,Consumer Staples,Agricultural Products & Services,61.72,64.57,40.22,62.9,62.24,61.52,61.37,57.1,55.24,52.06
ANET,Arista Networks,Information Technology,Communications Equipment,145.94,162.68,59.43,144.98,148.08,146.61,142.49,124.35,117.36,108.96
AJG,Arthur J. Gallagher & Co.,Financials,Insurance Brokers,279.01,349.78,273.89,283.01,292.77,299.95,298.7,305.27,310.72,313.36
AIZ,Assurant,Financials,Multi-line Insurance,210.84,227.13,173.64,210.33,214.6,215.88,213.68,203.57,201.93,202.48
T,AT&T,Communication Services,Integrated Telecommunication Services,26.05,29.47,20.15,26.15,26.01,26.61,27.91,27.65,27.5,26.5
ATO,Atmos Energy,Utilities,Gas Utilities,177.04,179.7,133.63,177.35,176.71,173.29,168.33,161.3,160.35,154.84
ADSK,Autodesk,Information Technology,Application Software,310.57,329.09,232.67,305.42,306.69,313.32,309.27,304.46,301.04,292.62
ADP,Automatic Data Processing,Industrials,Human Resource & Employment Services,283.98,326.59,269.86,282.53,284.47,287.95,293.82,300.16,301.53,299.52
AZO,AutoZone,Consumer Discretionary,Automotive Retail,4006.21,4388.11,2980.1,4007.98,4026.42,4115.82,4146.57,3948.63,3905.69,3751.5
AVB,AvalonBay Communities,Real Estate,Multi-Family Residential REITs,187.12,231.37,177.24,185.93,185.66,188.14,189.72,194.01,195.68,200.48
AVY,Avery Dennison,Materials,Paper & Plastic Packaging Products & Materials,163.53,217.16,155.31,160.43,160.12,160.91,166.2,170.98,171.7,174.33
AXON,Axon Enterprise,Industrials,Aerospace & Defense,707.04,885.92,422.38,671.6,693.72,703.67,735.92,755.13,739.92,678.96
BKR,Baker Hughes,Energy,Oil & Gas Equipment & Services,46.75,50.93,33.21,45.46,45.84,47.56,46.18,43.19,41.87,42.21
BALL,Ball Corporation,Materials,"Metal, Glass & Plastic Containers",49.34,66.86,43.18,48.4,48.02,48.81,50.35,53.32,53.06,52.31
BAC,Bank of America,Financials,Diversified Banks,51.52,52.88,32.69,51.51,50.48,50.85,50.16,48.12,46.87,45.19
BAX,Baxter International,Health Care,Health Care Equipment,22.75,37.27,21.18,22.94,22.68,22.74,23.45,25.94,26.83,28.61
BDX,Becton Dickinson,Health Care,Health Care Equipment,189.03,248.0,161.47,188.23,188.58,188.44,190.12,182.63,181.4,197.17
BBY,Best Buy,Consumer Discretionary,Computer & Electronics Retail,82.66,92.06,53.55,80.07,77.76,76.75,74.7,71.31,70.61,72.43
TECH,Bio-Techne,Health Care,Life Sciences Tools & Services,63.46,80.37,45.87,61.81,60.71,58.73,55.72,53.93,52.99,57.13
BIIB,Biogen,Health Care,Biotechnology,146.22,191.19,110.04,144.35,145.89,146.19,142.19,136.07,133.5,135.19
BLK,BlackRock,Financials,Asset Management & Custody Banks,1130.0,1219.94,766.05,1165.02,1163.93,1161.01,1139.67,1095.15,1063.91,1019.38
BX,Blackstone Inc.,Financials,Asset Management & Custody Banks,161.43,196.67,114.16,160.01,159.91,165.5,171.25,163.17,158.18,156.16
XYZ,"Block, Inc.",Financials,Transaction & Payment Processing Services,77.73,99.26,44.27,76.02,76.79,76.17,76.24,72.9,69.52,69.71
BK,BNY Mellon,Financials,Asset Management & Custody Banks,107.0,110.87,69.65,107.43,106.79,107.33,105.74,99.98,97.0,91.26
BA,Boeing,Industrials,Aerospace & Defense,217.26,242.69,128.88,214.58,215.48,216.41,222.55,220.17,215.06,198.0
BKNG,Booking Holdings,Consumer Discretionary,"Hotels, Resorts & Cruise Lines",5286.0,5829.37,4082.14,5106.21,5155.32,5295.58,5445.1,5500.83,5436.86,5161.08
BSX,Boston Scientific,Health Care,Health Care Equipment,99.9,109.5,80.64,99.03,97.58,97.34,101.15,102.38,102.7,101.56
BMY,Bristol Myers Squibb,Health Care,Pharmaceuticals,44.54,61.0,42.38,43.75,43.93,44.22,45.52,45.95,46.05,49.44
AVGO,Broadcom,Information Technology,Semiconductors,342.66,373.59,137.54,349.34,346.27,340.61,329.23,300.94,283.74,252.73
BR,Broadridge Financial Solutions,Industrials,Data Processing & Outsourced Services,232.32,270.85,205.06,229.97,232.11,233.94,245.34,244.21,242.56,238.84
BRO,Brown & Brown,Financials,Insurance Brokers,88.28,125.31,86.79,89.02,92.17,92.97,93.93,99.16,101.53,105.79
BLDR,Builders FirstSource,Industrials,Building Products,125.68,196.47,102.6,123.98,124.85,124.04,132.29,127.53,124.93,130.59
BG,Bunge Global,Consumer Staples,Agricultural Products & Services,94.73,99.41,65.6,95.58,88.58,85.37,83.5,80.72,80.21,77.71
BXP,"BXP, Inc.",Real Estate,Office REITs,71.97,85.58,52.95,71.16,71.04,72.94,72.0,70.14,68.95,67.88
CHRW,C.H. Robinson,Industrials,Air Freight & Logistics,128.28,138.0,83.72,127.43,127.77,130.6,128.75,114.11,109.81,105.26
CDNS,Cadence Design Systems,Information Technology,Application Software,333.45,376.45,221.56,327.51,332.12,341.22,347.76,333.64,328.34,307.49
CZR,Caesars Entertainment,Consumer Discretionary,Casinos & Gaming,22.69,45.88,21.4,22.12,22.3,24.42,25.27,26.61,26.96,28.46
CPT,Camden Property Trust,Real Estate,Multi-Family Residential REITs,103.42,123.08,100.41,102.49,102.31,103.65,106.03,109.02,110.1,111.39
CPB,Campbell's Company (The),Consumer Staples,Packaged Foods & Meats,31.07,46.59,29.03,30.76,30.47,31.04,31.9,31.77,32.3,34.32
COF,Capital One,Financials,Consumer Finance,217.05,231.82,142.38,212.3,210.85,214.24,218.93,213.46,208.49,198.79
CAH,Cardinal Health,Health Care,Health Care Distributors,158.68,167.89,105.46,156.26,156.17,155.53,151.72,155.36,153.87,143.99
KMX,CarMax,Consumer Discretionary,Automotive Retail,44.7,91.25,42.34,43.66,43.76,45.27,53.88,58.83,60.21,66.94
CCL,Carnival,Consumer Discretionary,"Hotels, Resorts & Cruise Lines",29.97,32.8,15.07,28.84,28.63,28.98,30.21,28.75,27.22,25.46
CARR,Carrier Global,Industrials,Building Products,59.82,81.19,53.89,57.53,57.66,58.45,61.85,67.17,67.68,66.51
CAT,Caterpillar Inc.,Industrials,Construction Machinery & Heavy Transportation Equipment,524.65,543.43,264.29,530.67,517.21,497.89,456.62,423.9,405.27,380.58
CBOE,Cboe Global Markets,Financials,Financial Exchanges & Data,233.29,255.27,186.22,237.54,239.62,240.93,240.0,237.27,234.51,224.71
CBRE,CBRE Group,Real Estate,Real Estate Services,160.88,167.56,108.45,158.02,155.2,155.72,159.53,150.13,145.18,140.45
CDW,CDW Corporation,Information Technology,Technology Distributors,156.53,220.59,136.33,152.86,151.59,155.47,161.43,168.35,169.74,171.32
COR,Cencora,Health Care,Health Care Distributors,328.82,329.58,222.57,323.98,319.76,313.47,301.72,296.76,295.0,280.68
CNC,Centene Corporation,Health Care,Managed Health Care,36.1,70.11,25.08,35.68,36.33,36.27,32.51,36.34,41.05,48.43
CNP,CenterPoint Energy,Utilities,Multi-Utilities,40.03,40.5,27.87,39.88,39.6,39.21,38.44,37.61,37.58,36.14
CF,CF Industries,Materials,Fertilizers & Agricultural Chemicals,83.29,103.84,66.56,83.84,86.08,88.24,86.58,89.74,88.51,85.55
CRL,Charles River Laboratories,Health Care,Life Sciences Tools & Services,188.26,230.02,91.86,179.32,175.0,168.26,162.05,158.6,153.12,154.64
SCHW,Charles Schwab Corporation,Financials,Investment Banking & Brokerage,95.09,99.42,65.48,94.38,93.86,94.03,94.62,93.31,91.59,86.22
CHTR,Charter Communications,Communication Services,Cable & Satellite,252.52,437.06,248.17,255.42,260.09,267.17,266.06,315.82,332.66,340.85
CVX,Chevron Corporation,Energy,Integrated Oil & Gas,153.79,165.09,129.01,153.03,152.38,154.28,155.74,151.22,148.09,148.63
CMG,Chipotle Mexican Grill,Consumer Discretionary,Restaurants,42.36,66.74,38.3,41.88,41.41,40.79,41.12,45.99,46.98,49.28
CB,Chubb Limited,Financials,Property & Casualty Insurance,269.26,305.88,250.52,270.44,277.38,279.76,277.23,278.61,280.27,279.53
CHD,Church & Dwight,Consumer Staples,Household Products,87.99,115.72,85.08,87.64,87.59,87.61,90.72,93.5,93.82,98.32
CI,Cigna,Health Care,Health Care Services,307.5,346.92,255.6,299.85,301.04,297.84,297.48,299.91,304.11,303.89
CINF,Cincinnati Financial,Financials,Property & Casualty Insurance,156.29,166.9,121.6,154.39,157.48,158.48,155.22,151.28,149.7,145.0
CTAS,Cintas,Industrials,Diversified Support Services,196.49,228.77,179.74,189.75,190.34,196.31,203.68,212.42,213.09,207.93
CSCO,Cisco,Information Technology,Communications Equipment,70.72,72.11,51.49,70.02,69.45,68.65,67.93,67.4,65.93,63.52
C,Citigroup,Financials,Diversified Banks,98.25,105.59,54.71,98.13,97.31,98.73,97.78,91.69,87.7,81.96
CFG,Citizens Financial Group,Financials,Regional Banks,50.83,55.24,31.96,50.1,50.57,51.93,51.4,48.17,46.35,44.67
CLX,Clorox,Consumer Staples,Household Products,119.89,166.9,116.17,119.03,119.46,120.92,121.54,122.97,125.25,133.46
CME,CME Group,Financials,Financial Exchanges & Data,268.61,288.09,204.81,266.97,267.85,267.3,266.5,270.73,271.56,262.28
CMS,CMS Energy,Utilities,Multi-Utilities,74.54,76.11,62.54,74.89,74.29,73.35,72.35,71.43,71.3,70.54
KO,Coca-Cola Company (The),Consumer Staples,Soft Drinks & Non-alcoholic Beverages,71.22,73.29,59.3,68.55,67.66,66.97,67.6,68.57,68.93,68.05
CTSH,Cognizant,Information Technology,IT Consulting & Other Services,68.77,89.77,64.98,66.75,67.02,67.16,69.08,72.78,73.78,75.53
COIN,Coinbase,Financials,Financial Exchanges & Data,338.62,444.65,142.58,336.99,351.48,349.37,329.43,330.31,310.33,279.2
CL,Colgate-Palmolive,Consumer Staples,Household Products,78.62,98.37,76.17,78.23,77.77,78.25,81.24,84.51,85.6,86.74
CMCSA,Comcast,Communication Services,Cable & Satellite,29.97,43.66,29.15,29.61,29.78,30.4,31.87,32.92,33.1,33.71
CAG,Conagra Brands,Consumer Staples,Packaged Foods & Meats,18.62,28.66,17.89,18.46,18.48,18.56,18.87,19.49,20.16,21.93
COP,ConocoPhillips,Energy,Oil & Gas Exploration & Production,86.41,112.56,78.56,86.92,88.49,91.97,93.61,92.71,91.82,93.27
ED,Consolidated Edison,Utilities,Multi-Utilities,101.56,112.97,85.07,101.57,101.46,100.27,99.42,100.2,101.24,100.31
STZ,Constellation Brands,Consumer Staples,Distillers & Vintners,141.57,241.11,131.2,140.28,141.12,139.07,146.76,157.67,163.36,169.21
CEG,Constellation Energy,Utilities,Electric Utilities,358.79,412.7,160.94,383.15,380.9,362.98,336.39,326.77,315.38,291.97
COO,Cooper Companies (The),Health Care,Health Care Supplies,75.0,109.04,61.78,72.46,71.12,69.85,69.75,70.61,72.76,78.12
CPRT,Copart,Industrials,Diversified Support Services,45.76,64.38,43.32,44.7,44.52,44.67,46.51,47.21,49.79,52.38
GLW,Corning Inc.,Information Technology,Electronic Components,86.05,87.78,36.95,85.83,85.65,83.84,76.05,65.12,61.32,56.03
CPAY,Corpay,Financials,Transaction & Payment Processing Services,287.44,400.81,269.02,284.85,285.98,288.41,304.19,316.38,319.59,331.3
CTVA,Corteva,Materials,Fertilizers & Agricultural Chemicals,61.97,77.22,53.14,61.65,62.13,63.99,68.93,70.94,69.9,66.56
CSGP,CoStar Group,Real Estate,Real Estate Services,76.85,97.43,68.26,75.07,75.84,79.6,84.87,84.96,83.28,80.76
COST,Costco,Consumer Staples,Consumer Staples Merchandise Retail,937.5,1075.34,864.06,938.11,936.03,929.13,948.34,963.23,971.68,970.86
CTRA,Coterra,Energy,Oil & Gas Exploration & Production,23.32,29.29,21.84,23.06,23.23,23.48,23.76,24.27,24.26,25.23
CRWD,CrowdStrike,Information Technology,Systems Software,503.95,517.98,294.68,492.69,497.38,492.53,458.3,466.67,460.85,429.72
CCI,Crown Castle,Real Estate,Telecom Tower REITs,98.65,114.47,81.02,98.22,97.51,96.33,96.78,99.4,99.55,96.72
CSX,CSX Corporation,Industrials,Rail Transportation,35.73,37.19,26.01,36.25,36.04,35.61,34.4,33.93,33.03,32.13
CMI,Cummins,Industrials,Construction Machinery & Heavy Transportation Equipment,417.97,440.51,257.24,417.97,419.16,422.33,411.62,375.48,362.52,351.84
CVS,CVS Health,Health Care,Health Care Services,83.04,83.52,42.12,82.02,79.98,78.16,74.54,69.31,68.14,65.19
DHR,Danaher Corporation,Health Care,Life Sciences Tools & Services,220.77,273.85,170.43,211.05,207.84,203.65,201.81,199.82,198.47,203.21
DRI,Darden Restaurants,Consumer Discretionary,Restaurants,187.49,224.86,153.25,187.88,186.42,187.89,197.55,203.88,203.33,198.34
DDOG,Datadog,Information Technology,Application Software,156.25,170.08,81.63,155.32,158.86,152.82,141.25,137.82,132.38,127.3
DVA,DaVita,Health Care,Health Care Services,128.41,179.6,122.93,126.72,126.24,128.79,132.29,136.03,137.13,143.83
DAY,Dayforce,Industrials,Human Resource & Employment Services,68.34,82.69,48.01,68.3,68.33,68.62,67.48,62.27,61.45,61.75
DECK,Deckers Brands,Consumer Discretionary,Footwear,102.96,223.98,93.72,99.69,99.16,101.35,108.77,106.8,109.02,124.16
DE,Deere & Company,Industrials,Agricultural & Farm Machinery,459.82,530.24,381.67,457.28,453.68,457.39,470.86,490.17,490.19,479.02
DELL,Dell Technologies,Information Technology,"Technology Hardware, Storage & Peripherals",149.43,166.1,65.56,150.38,152.51,146.45,136.65,129.75,124.4,115.1
DAL,Delta Air Lines,Industrials,Passenger Airlines,62.32,69.15,34.41,61.12,59.89,58.43,59.34,55.42,53.66,54.02
DVN,Devon Energy,Energy,Oil & Gas Exploration & Production,32.06,39.94,25.53,32.07,32.81,34.04,34.32,33.52,33.09,33.37
DXCM,Dexcom,Health Care,Health Care Equipment,69.75,93.25,57.52,67.3,66.89,66.88,73.05,78.37,78.98,78.72
FANG,Diamondback Energy,Energy,Oil & Gas Exploration & Production,141.53,182.18,112.4,140.64,142.02,143.89,142.08,142.18,140.91,145.29
DLR,Digital Realty,Real Estate,Data Center REITs,171.63,192.35,128.14,173.29,172.78,172.96,169.62,171.19,169.66,164.39
DG,Dollar General,Consumer Staples,Consumer Staples Merchandise Retail,105.51,117.24,65.27,105.58,102.95,101.78,105.81,108.08,105.13,94.83
DLTR,Dollar Tree,Consumer Staples,Consumer Staples Merchandise Retail,98.95,118.06,60.49,96.88,93.7,92.69,100.26,102.49,99.13,88.97
D,Dominion Energy,Utilities,Multi-Utilities,60.87,62.52,46.96,61.04,60.99,60.94,60.22,58.44,57.52,55.85
DPZ,Domino's,Consumer Discretionary,Restaurants,419.88,495.24,392.47,418.7,415.12,421.08,437.32,447.88,454.46,452.79
DASH,DoorDash,Consumer Discretionary,Specialized Consumer Services,261.97,285.5,150.26,265.94,269.62,269.67,259.83,248.02,237.68,218.33
DOV,Dover Corporation,Industrials,Industrial Machinery & Supplies & Components,173.04,220.46,142.22,167.45,164.95,165.73,172.24,176.89,176.77,179.74
DOW,Dow Inc.,Materials,Commodity Chemicals,21.75,49.71,20.11,21.87,21.8,22.43,23.29,25.02,25.71,29.08
DHI,D. R. Horton,Consumer Discretionary,Homebuilding,158.63,193.34,109.8,154.85,154.52,161.79,166.83,150.49,144.96,139.56
DTE,DTE Energy,Utilities,Multi-Utilities,142.27,143.79,111.81,142.3,141.53,140.85,138.23,136.02,135.61,132.05
DUK,Duke Energy,Utilities,Electric Utilities,128.33,129.51,102.41,128.37,127.27,125.29,123.46,120.45,119.68,117.14
DD,DuPont,Materials,Specialty Chemicals,81.13,85.99,53.17,79.66,78.17,78.09,76.89,73.86,72.43,72.8
EMN,Eastman Chemical Company,Materials,Specialty Chemicals,62.15,105.66,56.08,61.16,60.8,61.9,64.56,69.45,71.08,77.63
ETN,Eaton Corporation,Industrials,Electrical Components & Equipment,373.46,398.4,230.37,376.35,375.44,373.67,363.37,358.5,348.99,330.39
EBAY,eBay Inc.,Consumer Discretionary,Broadline Retail,94.98,100.83,55.44,92.94,91.59,91.43,92.91,86.19,82.86,76.41
ECL,Ecolab,Materials,Specialty Chemicals,278.19,285.35,220.55,275.89,274.87,273.98,274.31,270.4,266.96,259.78
EIX,Edison International,Utilities,Electric Utilities,58.36,83.74,46.27,57.23,55.45,54.81,54.63,52.71,53.13,53.65
EW,Edwards Lifesciences,Health Care,Health Care Equipment,76.02,83.0,64.89,74.31,74.27,75.36,77.36,77.3,77.02,74.86
EA,Electronic Arts,Communication Services,Interactive Home Entertainment,200.55,203.75,114.77,200.51,200.31,196.98,181.92,167.59,163.85,153.37
ELV,Elevance Health,Health Care,Managed Health Care,349.75,454.26,272.22,350.05,352.59,343.06,323.17,330.16,343.73,366.07
EMR,Emerson Electric,Industrials,Electrical Components & Equipment,132.17,149.68,89.31,130.19,129.94,130.79,131.88,133.22,129.16,123.9
ENPH,Enphase Energy,Information Technology,Semiconductor Materials & Equipment,37.09,92.62,29.89,37.27,36.46,36.63,36.93,37.91,39.42,47.58
ETR,Entergy,Utilities,Electric Utilities,95.66,98.58,64.83,96.38,96.18,94.93,91.3,87.65,86.6,84.54
EOG,EOG Resources,Energy,Oil & Gas Exploration & Production,106.04,134.2,99.8,106.5,107.66,109.8,114.98,116.17,114.95,117.55
EPAM,EPAM Systems,Information Technology,IT Consulting & Other Services,155.08,269.0,138.15,145.95,146.74,149.63,157.96,163.73,165.43,180.52
EQT,EQT Corporation,Energy,Oil & Gas Exploration & Production,55.71,60.83,34.99,54.98,54.63,54.93,52.67,54.02,53.96,52.66
EFX,Equifax,Industrials,Research & Consulting Services,229.93,282.29,199.2,228.96,230.18,238.78,245.58,250.67,253.51,250.22
EQIX,Equinix,Real Estate,Data Center REITs,822.0,977.63,693.42,819.22,813.23,798.13,787.65,801.73,812.72,831.15
EQR,Equity Residential,Real Estate,Multi-Family Residential REITs,62.82,75.25,58.19,62.19,62.12,62.92,63.77,64.96,65.66,66.5
ERIE,Erie Indemnity,Financials,Insurance Brokers,325.89,483.66,305.49,317.86,320.24,317.38,332.08,341.81,344.97,366.87
ESS,Essex Property Trust,Real Estate,Multi-Family Residential REITs,261.98,307.81,239.32,259.43,259.11,261.46,261.66,269.05,270.47,274.65
EL,Estée Lauder Companies (The),Consumer Staples,Personal Care Products,98.54,104.53,47.94,98.78,95.9,91.83,90.19,86.08,81.25,76.32
EG,Everest Group,Financials,Reinsurance,349.16,387.65,318.14,347.73,350.49,351.41,344.34,340.5,341.28,344.18
EVRG,Evergy,Utilities,Electric Utilities,78.12,79.32,56.9,78.18,77.85,76.75,73.76,70.99,69.99,67.83
ES,Eversource Energy,Utilities,Electric Utilities,73.21,74.46,51.06,72.44,72.2,71.63,67.19,65.74,64.7,62.03
EXC,Exelon,Utilities,Electric Utilities,48.0,48.39,34.98,47.84,47.38,46.15,44.79,43.95,44.02,43.21
EXE,Expand Energy,Energy,Oil & Gas Exploration & Production,106.1,121.47,80.07,103.11,103.6,105.18,99.76,103.86,104.87,103.69
EXPE,Expedia Group,Consumer Discretionary,"Hotels, Resorts & Cruise Lines",226.14,240.98,129.46,218.23,216.95,217.72,216.08,196.4,189.66,184.04
EXPD,Expeditors International,Industrials,Air Freight & Logistics,121.03,128.27,99.78,119.4,117.84,120.1,120.87,117.84,116.57,115.31
EXR,Extra Space Storage,Real Estate,Self-Storage REITs,150.55,168.1,118.4,150.95,147.51,144.13,141.94,143.69,143.75,144.07
XOM,ExxonMobil,Energy,Integrated Oil & Gas,112.71,119.89,96.01,111.98,112.21,113.07,111.87,110.19,109.05,108.45
FFIV,"F5, Inc.",Information Technology,Communications Equipment,299.21,346.0,213.24,304.54,322.32,324.08,321.79,310.18,303.32,292.75
FDS,FactSet,Financials,Financial Exchanges & Data,294.11,495.04,272.5,286.63,285.26,284.62,329.51,377.27,391.25,411.75
FICO,Fair Isaac,Information Technology,Application Software,1565.83,2402.52,1300.0,1611.8,1642.75,1646.88,1539.34,1592.97,1667.83,1735.43
FAST,Fastenal,Industrials,Trading Companies & Distributors,43.32,50.63,34.8,42.59,43.81,45.95,47.61,45.69,44.62,41.92
FRT,Federal Realty Investment Trust,Real Estate,Retail REITs,100.26,113.0,78.83,99.0,97.96,98.37,97.98,95.53,95.06,96.19
FDX,FedEx,Industrials,Air Freight & Logistics,242.84,301.45,191.82,238.63,235.9,237.76,231.91,229.01,226.53,233.49
FIS,Fidelity National Information Services,Financials,Transaction & Payment Processing Services,67.7,90.1,63.0,66.97,67.35,66.63,67.69,73.34,74.23,73.99
FITB,Fifth Third Bancorp,Financials,Regional Banks,42.17,47.33,31.68,41.63,42.25,43.36,43.96,42.33,41.25,40.64
FSLR,First Solar,Information Technology,Semiconductors,226.85,248.04,116.56,233.98,231.2,228.14,212.45,190.63,182.76,170.39
FE,FirstEnergy,Utilities,Electric Utilities,47.08,47.99,36.81,47.15,47.05,46.28,44.61,42.61,42.45,41.18
FI,Fiserv,Financials,Transaction & Payment Processing Services,126.07,238.59,117.84,122.19,123.27,125.6,131.56,145.36,151.33,176.04
F,Ford Motor Company,Consumer Discretionary,Automobile Manufacturers,12.56,12.8,8.21,11.99,11.78,11.95,11.75,11.3,11.07,10.42
FTNT,Fortinet,Information Technology,Systems Software,84.78,114.82,70.12,83.96,84.28,84.56,81.57,91.37,93.81,96.13
FTV,Fortive,Industrials,Industrial Machinery & Supplies & Components,49.78,62.58,45.4,48.98,48.94,49.08,48.53,50.11,50.65,52.94
FOXA,Fox Corporation (Class A),Communication Services,Broadcasting,58.73,65.3,41.2,57.91,58.2,59.92,59.54,57.32,56.33,54.69
FOX,Fox Corporation (Class B),Communication Services,Broadcasting,52.47,59.29,37.77,51.87,52.12,53.86,53.88,52.21,51.45,50.39
BEN,Franklin Resources,Financials,Asset Management & Custody Banks,22.65,25.72,15.81,22.49,22.81,22.97,23.97,23.64,22.95,21.4
FCX,Freeport-McMoRan,Materials,Copper,41.31,49.37,27.35,41.62,41.91,40.07,42.45,42.48,41.53,39.75
GRMN,Garmin,Consumer Discretionary,Consumer Electronics,251.34,261.69,158.51,249.13,251.06,250.0,241.1,227.91,221.55,216.76
IT,Gartner,Information Technology,IT Consulting & Other Services,258.17,584.01,223.65,241.27,242.64,250.34,247.7,310.23,335.23,386.94
GE,GE Aerospace,Industrials,Aerospace & Defense,306.63,316.53,158.62,301.88,300.04,299.18,286.93,271.29,260.82,235.64
GEHC,GE HealthCare,Health Care,Health Care Equipment,76.1,94.71,57.59,74.45,73.68,74.13,74.61,74.06,73.31,76.38
GEV,GE Vernova,Industrials,Heavy Electrical Equipment,585.33,677.01,251.84,599.32,615.22,611.27,614.42,582.39,549.55,471.31
GEN,Gen Digital,Information Technology,Systems Software,27.36,32.09,22.55,26.82,26.84,27.55,29.1,29.3,28.88,28.01
GNRC,Generac,Industrials,Electrical Components & Equipment,192.5,203.25,99.5,192.61,183.43,175.1,182.44,166.15,157.13,149.48
GD,General Dynamics,Industrials,Aerospace & Defense,340.69,345.85,235.63,334.33,336.07,335.64,326.42,309.84,302.23,285.67
GIS,General Mills,Consumer Staples,Packaged Foods & Meats,48.57,67.51,47.48,48.24,48.5,49.1,49.1,49.94,50.63,53.26
GM,General Motors,Consumer Discretionary,Automobile Manufacturers,66.62,67.55,41.36,59.63,57.86,58.94,58.24,54.55,53.17,51.22
GPC,Genuine Parts Company,Consumer Discretionary,Distributors,134.51,143.1,102.41,133.35,132.76,135.54,137.05,131.15,128.94,124.37
GILD,Gilead Sciences,Health Care,Biotechnology,124.08,124.61,83.12,121.23,119.5,116.01,115.13,112.68,110.66,107.45
GPN,Global Payments,Financials,Transaction & Payment Processing Services,87.66,118.69,65.53,85.97,85.91,85.98,86.26,82.87,81.81,88.33
GL,Globe Life,Financials,Life & Health Insurance,136.01,147.54,99.43,135.59,136.27,138.29,139.53,132.42,130.1,126.92
GDDY,GoDaddy,Information Technology,Internet Services & Infrastructure,132.72,216.0,127.65,130.43,131.66,134.73,141.23,156.0,161.76,171.16
GS,Goldman Sachs,Financials,Investment Banking & Brokerage,758.98,825.25,434.87,759.82,767.75,780.45,765.3,721.17,691.96,647.79
HAL,Halliburton,Energy,Oil & Gas Equipment & Services,25.24,31.66,18.43,22.87,22.86,23.73,22.67,22.0,21.62,22.8
HIG,Hartford (The),Financials,Property & Casualty Insurance,125.1,135.17,103.64,125.21,127.81,130.3,131.06,127.79,127.4,122.41
HAS,Hasbro,Consumer Discretionary,Leisure Products,74.83,82.19,48.07,74.59,73.97,74.69,77.11,74.89,72.52,66.96
HCA,HCA Healthcare,Health Care,Health Care Facilities,432.01,439.01,288.25,426.23,422.05,423.58,411.27,390.31,384.53,361.52
DOC,Healthpeak Properties,Real Estate,Health Care REITs,18.58,21.81,16.17,18.52,18.36,18.64,18.05,17.65,17.51,18.08
HSIC,Henry Schein,Health Care,Health Care Distributors,64.23,82.49,60.56,63.28,63.53,64.84,66.97,68.92,68.96,70.12
HSY,Hershey Company (The),Consumer Staples,Packaged Foods & Meats,186.13,202.98,136.73,187.7,189.74,189.77,186.44,179.29,175.51,170.04
HPE,Hewlett Packard Enterprise,Information Technology,"Technology Hardware, Storage & Peripherals",23.27,26.44,11.82,23.33,24.32,24.4,23.6,21.52,20.6,19.77
HLT,Hilton Worldwide,Consumer Discretionary,"Hotels, Resorts & Cruise Lines",265.96,279.81,195.81,261.97,262.13,261.11,267.85,265.02,260.45,253.18
HOLX,Hologic,Health Care,Health Care Equipment,73.98,84.39,51.9,70.24,68.74,67.98,67.33,66.22,64.38,64.47
HD,Home Depot (The),Consumer Discretionary,Home Improvement Retail,390.9,429.19,322.47,389.48,385.17,392.71,402.6,384.37,380.02,378.5
HON,Honeywell,Industrials,Industrial Conglomerates,209.08,240.47,177.52,204.75,205.03,207.14,212.15,219.62,218.59,214.72
HRL,Hormel Foods,Consumer Staples,Packaged Foods & Meats,24.08,32.43,23.06,23.89,23.72,23.99,25.32,27.35,27.68,28.14
HST,Host Hotels & Resorts,Real Estate,Hotel & Resort REITs,16.65,18.32,11.93,16.44,16.31,16.65,16.74,16.18,15.85,15.57
HWM,Howmet Aerospace,Industrials,Aerospace & Defense,197.18,198.48,98.55,192.67,191.09,191.47,184.32,181.86,176.63,157.79
HPQ,HP Inc.,Information Technology,"Technology Hardware, Storage & Peripherals",28.16,38.25,20.76,27.8,27.44,27.13,27.46,26.11,26.18,27.31
HUBB,Hubbell Incorporated,Industrials,Industrial Machinery & Supplies & Components,435.29,475.24,297.55,431.1,424.87,423.76,431.3,420.85,410.83,396.61
HUM,Humana,Health Care,Managed Health Care,295.2,314.25,206.15,276.73,278.51,272.38,280.03,258.55,255.76,260.48
HBAN,Huntington Bancshares,Financials,Regional Banks,15.94,17.93,11.7,15.77,15.94,16.54,16.96,16.61,16.3,15.87
HII,Huntington Ingalls Industries,Industrials,Aerospace & Defense,287.53,296.03,155.93,284.19,286.07,284.1,275.96,261.07,253.95,230.18
IBM,IBM,Information Technology,IT Consulting & Other Services,282.05,301.04,197.92,280.74,281.26,282.63,262.74,267.78,264.29,255.06
IEX,IDEX Corporation,Industrials,Industrial Machinery & Supplies & Components,169.33,234.67,151.55,166.09,164.74,163.75,163.28,169.53,171.64,178.53
IDXX,Idexx Laboratories,Health Care,Health Care Equipment,637.13,688.12,356.14,638.49,633.75,631.23,639.62,593.43,572.28,518.08
ITW,Illinois Tool Works,Industrials,Industrial Machinery & Supplies & Components,257.14,273.07,212.05,250.68,249.19,254.06,258.79,254.5,251.84,250.27
INCY,Incyte,Health Care,Biotechnology,87.3,92.86,53.56,87.3,86.11,85.63,85.39,77.89,74.73,71.98
IR,Ingersoll Rand,Industrials,Industrial Machinery & Supplies & Components,79.56,105.95,65.58,77.55,77.66,80.1,79.88,81.68,81.28,82.28
PODD,Insulet Corporation,Health Care,Health Care Equipment,328.97,353.5,226.5,320.63,318.64,316.34,326.44,313.05,309.11,293.33
INTC,Intel,Information Technology,Semiconductors,38.12,39.65,17.67,37.44,37.17,36.21,29.47,25.48,24.55,23.42
ICE,Intercontinental Exchange,Financials,Financial Exchanges & Data,156.79,188.82,141.12,155.3,156.97,160.82,169.65,175.39,174.77,169.96
IFF,International Flavors & Fragrances,Materials,Specialty Chemicals,65.01,102.78,59.14,63.59,62.07,61.64,63.69,68.75,70.13,73.56
IP,International Paper,Materials,Paper & Plastic Packaging Products & Materials,47.68,58.71,42.44,47.15,46.68,46.4,47.08,47.83,47.56,49.23
IPG,Interpublic Group of Companies (The),Communication Services,Advertising,26.94,31.81,21.93,26.67,26.62,26.65,26.42,25.26,25.07,25.38
INTU,Intuit,Information Technology,Application Software,675.04,812.22,530.03,660.18,655.7,668.86,673.84,719.79,707.63,665.06
ISRG,Intuitive Surgical,Health Care,Health Care Equipment,462.74,616.0,425.0,447.51,443.11,443.24,454.49,485.22,496.25,512.21
IVZ,Invesco,Financials,Asset Management & Custody Banks,22.94,24.54,11.33,22.99,23.21,23.21,22.37,19.82,18.74,17.64
INVH,Invitation Homes,Real Estate,Single-Family Residential REITs,28.69,35.13,27.71,28.54,28.36,28.58,29.43,30.69,31.25,31.4
IQV,IQVIA,Health Care,Life Sciences Tools & Services,218.67,237.21,134.65,208.83,205.44,199.16,192.56,179.4,172.89,177.46
IRM,Iron Mountain,Real Estate,Other Specialized REITs,104.41,126.21,71.19,105.27,104.41,103.6,97.85,98.01,97.2,94.99
JBHT,J.B. Hunt,Industrials,Cargo Ground Transportation,168.98,198.61,122.01,161.54,151.15,143.33,142.17,143.44,142.26,147.8
JBL,Jabil,Information Technology,Electronic Manufacturing Services,201.12,237.14,108.57,206.22,203.68,207.86,211.28,210.0,199.65,180.63
JKHY,Jack Henry & Associates,Financials,Transaction & Payment Processing Services,156.92,194.68,144.12,154.46,152.89,150.73,156.23,166.3,168.4,170.08
J,Jacobs Solutions,Industrials,Construction & Engineering,164.44,166.13,104.68,159.82,157.5,154.31,149.99,142.06,138.44,133.48
JNJ,Johnson & Johnson,Health Care,Pharmaceuticals,191.88,194.48,137.37,192.42,191.54,187.71,180.96,169.76,166.06,161.23
JCI,Johnson Controls,Industrials,Building Products,111.18,112.63,67.78,110.16,108.68,108.42,107.51,106.3,103.47,94.88
JPM,JPMorgan Chase,Financials,Diversified Banks,297.09,316.47,200.22,300.25,302.17,306.44,301.9,291.69,284.12,269.93
K,Kellanova,Consumer Staples,Packaged Foods & Meats,82.98,83.11,76.48,82.96,82.92,81.93,80.21,79.84,80.13,80.35
KVUE,Kenvue,Consumer Staples,Personal Care Products,14.93,24.71,14.05,15.11,15.75,15.94,18.3,19.88,20.57,21.03
KDP,Keurig Dr Pepper,Consumer Staples,Soft Drinks & Non-alcoholic Beverages,27.67,36.17,25.03,27.62,26.85,26.22,28.4,30.69,31.19,31.62
KEY,KeyCorp,Financials,Regional Banks,17.54,19.41,12.43,17.28,17.54,18.1,18.47,17.83,17.33,16.79
KEYS,Keysight Technologies,Information Technology,Electronic Equipment & Instruments,167.34,186.2,121.43,164.31,165.25,169.29,168.66,165.76,163.63,161.89
KMB,Kimberly-Clark,Consumer Staples,Household Products,120.05,147.59,118.18,120.36,120.0,121.31,125.76,127.75,128.85,130.23
KIM,Kimco Realty,Real Estate,Retail REITs,22.21,24.7,17.52,21.87,21.51,21.53,21.76,21.38,21.18,21.05
KMI,Kinder Morgan,Energy,Oil & Gas Storage & Transportation,27.5,30.49,23.22,27.44,27.46,27.81,27.28,27.45,27.37,27.16
KKR,KKR & Co.,Financials,Asset Management & Custody Banks,123.68,169.7,85.9,120.67,121.64,125.99,135.51,135.4,132.13,131.24
KLAC,KLA Corporation,Information Technology,Semiconductor Materials & Equipment,1147.43,1161.18,548.81,1118.56,1074.23,1083.56,990.72,937.52,897.41,824.0
KHC,Kraft Heinz,Consumer Staples,Packaged Foods & Meats,25.58,34.37,24.8,25.43,25.3,25.62,26.35,26.46,26.6,27.41
KR,Kroger,Consumer Staples,Food Retail,67.6,74.52,54.49,68.74,68.34,67.23,67.9,68.83,68.93,67.02
LHX,L3Harris,Industrials,Aerospace & Defense,292.3,308.12,190.25,288.15,293.15,294.95,283.54,270.35,261.01,241.05
LH,Labcorp,Health Care,Health Care Services,284.13,293.72,208.23,285.49,281.71,280.65,277.61,267.27,262.32,252.93
LRCX,Lam Research,Information Technology,Semiconductor Materials & Equipment,145.04,153.7,56.07,143.55,140.88,139.18,120.67,107.9,101.95,92.09
LW,Lamb Weston,Consumer Staples,Packaged Foods & Meats,64.65,82.35,47.25,64.85,64.46,61.7,58.24,55.87,55.02,55.1
LVS,Las Vegas Sands,Consumer Discretionary,Casinos & Gaming,50.62,58.05,29.84,49.41,49.63,51.51,53.23,49.98,47.86,45.4
LDOS,Leidos,Industrials,Diversified Support Services,193.16,200.78,122.65,187.83,189.27,189.85,184.69,171.05,167.2,156.43
LEN,Lennar,Consumer Discretionary,Homebuilding,128.24,180.51,97.13,125.04,122.13,124.03,129.13,120.32,117.77,118.37
LII,Lennox International,Industrials,Building Products,548.99,687.72,496.64,531.52,532.61,533.07,552.62,569.62,569.11,576.5
LLY,Lilly (Eli),Health Care,Pharmaceuticals,799.57,931.67,622.41,811.46,822.36,803.4,757.92,763.3,765.4,784.47
LIN,Linde plc,Materials,Industrial Gases,450.08,484.83,406.06,449.64,454.39,462.98,471.26,468.78,465.32,458.12
LYV,Live Nation Entertainment,Communication Services,Movies & Entertainment,157.24,175.25,112.88,155.23,153.85,156.76,162.07,154.65,151.49,145.17
LKQ,LKQ Corporation,Consumer Discretionary,Distributors,30.58,43.77,28.42,30.06,29.7,30.15,30.99,33.43,34.64,36.38
LMT,Lockheed Martin,Industrials,Aerospace & Defense,489.5,602.02,407.14,496.64,501.9,499.82,473.39,462.81,463.16,458.77
L,Loews Corporation,Financials,Multi-line Insurance,99.44,103.52,74.95,99.19,100.61,100.68,98.08,94.35,93.0,90.19
LOW,Lowe's,Consumer Discretionary,Home Improvement Retail,245.27,277.33,204.22,243.37,239.66,244.72,254.93,239.51,236.57,237.12
LULU,Lululemon Athletica,Consumer Discretionary,"Apparel, Accessories & Luxury Goods",181.39,423.32,159.25,170.59,170.77,173.55,180.98,208.99,226.45,270.64
LYB,LyondellBasell,Materials,Specialty Chemicals,45.21,84.9,44.89,45.93,46.38,47.84,51.45,54.58,54.72,59.59
MTB,M&T Bank,Financials,Regional Banks,181.7,219.44,148.52,181.62,183.48,189.71,193.93,191.49,188.35,185.37
MPC,Marathon Petroleum,Energy,Oil & Gas Refining & Marketing,182.87,201.61,113.82,183.72,184.23,189.12,181.14,174.56,169.7,159.28
MKTX,MarketAxess,Financials,Financial Exchanges & Data,172.93,292.5,161.61,171.55,172.35,172.98,180.17,197.03,201.37,204.34
MAR,Marriott International,Consumer Discretionary,"Hotels, Resorts & Cruise Lines",268.43,305.27,204.35,262.9,264.01,264.48,265.47,266.63,264.51,262.76
MMC,Marsh McLennan,Financials,Insurance Brokers,188.95,245.83,185.12,191.76,198.89,199.48,201.69,207.03,210.57,215.92
MLM,Martin Marietta Materials,Materials,Construction Materials,632.03,665.18,440.72,629.56,634.58,628.72,619.72,590.62,580.51,550.71
MAS,Masco,Industrials,Building Products,70.18,84.74,56.02,68.46,67.77,68.98,71.69,68.4,67.25,68.83
MA,Mastercard,Financials,Transaction & Payment Processing Services,572.03,600.98,463.61,562.41,563.69,567.89,578.87,571.35,569.68,557.09
MTCH,Match Group,Communication Services,Interactive Media & Services,33.06,38.99,26.09,32.74,32.54,33.74,35.95,34.07,33.11,32.47
MKC,McCormick & Company,Consumer Staples,Packaged Foods & Meats,66.91,84.63,63.22,66.82,66.2,66.27,67.61,69.91,70.61,72.86
MCD,McDonald's,Consumer Discretionary,Restaurants,307.48,322.65,271.85,306.78,302.38,301.81,305.77,301.66,303.62,301.23
MCK,McKesson Corporation,Health Care,Health Care Distributors,787.29,793.97,490.22,785.7,775.71,765.12,720.68,716.43,714.17,683.21
MDT,Medtronic,Health Care,Health Care Equipment,95.83,99.37,77.57,95.58,95.98,95.9,94.21,91.29,89.68,88.75
MRK,Merck & Co.,Health Care,Pharmaceuticals,87.62,105.99,71.87,85.35,85.7,85.03,83.73,81.71,80.87,83.64
META,Meta Platforms,Communication Services,Interactive Media & Services,733.27,795.71,479.11,722.4,719.3,725.39,745.69,729.84,705.48,673.36
MET,MetLife,Financials,Life & Health Insurance,79.02,87.17,64.24,79.14,80.32,81.04,80.21,78.85,78.54,78.98
MTD,Mettler Toledo,Health Care,Life Sciences Tools & Services,1385.57,1438.46,946.69,1351.14,1325.33,1294.36,1290.71,1246.72,1220.61,1223.53
MGM,MGM Resorts,Consumer Discretionary,Casinos & Gaming,32.9,42.54,25.3,32.04,32.03,33.33,35.32,35.33,34.74,33.94
MCHP,Microchip Technology,Information Technology,Semiconductors,67.52,77.17,33.63,66.06,65.25,65.21,65.29,67.03,64.28,59.48
MU,Micron Technology,Information Technology,Semiconductors,202.29,214.75,61.44,201.18,195.62,184.64,154.46,134.89,125.57,112.56
MSFT,Microsoft,Information Technology,Systems Software,517.66,554.54,343.59,514.61,515.89,516.27,511.82,503.97,490.22,455.87
MAA,Mid-America Apartment Communities,Real Estate,Multi-Family Residential REITs,133.4,168.08,131.17,132.48,132.84,134.65,138.16,142.22,145.11,148.18
MRNA,Moderna,Health Care,Biotechnology,27.49,57.69,23.15,27.12,27.09,26.82,26.01,27.6,27.32,29.58
MHK,Mohawk Industries,Consumer Discretionary,Home Furnishings,131.48,164.29,96.24,128.3,124.58,126.05,129.61,119.53,116.71,116.55
MOH,Molina Healthcare,Health Care,Managed Health Care,196.8,359.97,151.95,193.58,195.44,195.18,183.08,209.23,230.79,260.17
TAP,Molson Coors Beverage Company,Consumer Staples,Brewers,46.54,63.47,43.8,46.78,46.42,46.01,48.02,48.76,49.99,52.56
MDLZ,Mondelez International,Consumer Staples,Packaged Foods & Meats,61.75,70.58,52.78,62.06,61.77,62.15,61.92,64.17,64.38,63.3
MPWR,Monolithic Power Systems,Information Technology,Semiconductors,1028.67,1041.5,437.16,1019.93,991.42,954.07,894.43,810.82,779.34,713.59
MNST,Monster Beverage,Consumer Staples,Soft Drinks & Non-alcoholic Beverages,68.9,70.72,45.7,69.54,69.08,67.87,65.37,63.48,63.04,59.43
MCO,Moody's Corporation,Financials,Financial Exchanges & Data,484.92,528.95,377.3,475.5,479.91,479.98,495.74,495.49,489.98,481.95
MS,Morgan Stanley,Financials,Investment Banking & Brokerage,159.23,166.77,92.93,160.51,157.68,157.88,153.84,145.59,141.0,134.07
MOS,Mosaic Company (The),Materials,Fertilizers & Agricultural Chemicals,29.19,37.97,21.99,29.46,30.68,32.81,32.87,34.19,33.84,30.86
MSI,Motorola Solutions,Information Technology,Communications Equipment,448.1,502.83,387.0,443.54,451.07,453.15,463.68,442.33,437.67,437.6
MSCI,MSCI Inc.,Financials,Financial Exchanges & Data,540.36,636.39,483.67,538.83,546.83,555.42,562.07,561.26,559.79,562.81
NDAQ,"Nasdaq, Inc.",Financials,Financial Exchanges & Data,90.33,97.36,64.46,89.07,89.44,88.57,91.55,90.5,88.21,83.87
NTAP,NetApp,Information Technology,"Technology Hardware, Storage & Peripherals",119.08,132.76,71.18,119.25,119.17,119.24,117.4,110.64,107.44,105.76
NFLX,Netflix,Communication Services,Movies & Entertainment,1241.35,1341.15,736.23,1213.23,1216.59,1201.76,1214.54,1222.49,1209.14,1111.99
NEM,Newmont,Materials,Gold,86.32,98.58,36.35,92.77,90.25,87.92,79.93,69.69,66.16,58.23
NWSA,News Corp (Class A),Communication Services,Publishing,26.38,31.61,23.3,26.26,26.33,27.86,28.93,28.9,28.67,28.18
NWS,News Corp (Class B),Communication Services,Publishing,30.0,35.47,26.17,29.77,29.79,31.35,32.68,32.95,32.79,32.15
NEE,NextEra Energy,Utilities,Multi-Utilities,83.99,86.74,60.75,84.83,84.42,81.12,75.89,73.91,72.73,71.14
NKE,"Nike, Inc.",Consumer Discretionary,"Apparel, Accessories & Luxury Goods",68.36,82.13,51.67,67.73,67.6,69.29,72.66,70.97,68.61,68.77
NI,NiSource,Utilities,Multi-Utilities,43.71,44.52,33.4,43.52,43.29,43.2,42.15,41.21,40.74,39.72
NDSN,Nordson Corporation,Industrials,Industrial Machinery & Supplies & Components,237.73,262.94,163.83,234.12,233.07,230.79,225.68,220.42,215.18,210.87
NSC,Norfolk Southern,Industrials,Rail Transportation,289.78,302.24,199.43,289.78,290.87,294.34,285.61,274.12,265.59,254.35
NTRS,Northern Trust,Financials,Asset Management & Custody Banks,128.52,135.48,80.54,127.33,127.82,130.12,129.32,124.86,119.94,112.76
NOC,Northrop Grumman,Industrials,Aerospace & Defense,599.35,640.9,420.66,600.75,614.6,608.8,592.52,557.19,540.48,517.58
NCLH,Norwegian Cruise Line Holdings,Consumer Discretionary,"Hotels, Resorts & Cruise Lines",23.92,29.29,14.21,23.31,23.28,23.92,24.61,23.05,22.0,22.19
NRG,NRG Energy,Utilities,Independent Power Producers & Energy Traders,163.59,175.96,79.04,168.12,167.12,165.88,158.73,157.01,152.7,132.62
NUE,Nucor,Materials,Steel,140.52,167.56,96.79,135.67,136.35,136.3,140.36,136.37,132.02,128.88
NVDA,Nvidia,Information Technology,Semiconductors,181.16,195.62,86.61,181.73,184.19,183.87,179.55,169.8,160.5,145.99
NVR,"NVR, Inc.",Consumer Discretionary,Homebuilding,7792.13,9964.77,6562.85,7672.67,7651.23,7840.65,8054.01,7769.15,7645.58,7591.03
NXPI,NXP Semiconductors,Information Technology,Semiconductors,222.34,251.87,146.73,218.23,217.64,222.16,225.01,220.45,215.31,210.37
ORLY,O’Reilly Automotive,Consumer Discretionary,Automotive Retail,101.31,108.72,76.22,101.43,101.57,103.29,103.72,98.62,97.17,93.82
OXY,Occidental Petroleum,Energy,Oil & Gas Exploration & Production,40.91,52.36,34.4,41.15,42.22,44.32,45.17,44.37,43.67,44.67
ODFL,Old Dominion,Industrials,Cargo Ground Transportation,144.36,231.78,133.69,139.25,138.82,139.77,145.16,152.5,154.12,162.11
OMC,Omnicom Group,Communication Services,Advertising,78.71,103.32,67.76,78.19,77.97,78.03,77.31,74.52,74.48,76.41
ON,ON Semiconductor,Information Technology,Semiconductors,55.08,76.06,31.04,53.17,51.21,50.34,50.09,52.01,49.98,48.89
OKE,Oneok,Energy,Oil & Gas Storage & Transportation,68.95,113.92,66.56,68.34,69.36,71.21,72.67,76.28,77.43,83.52
ORCL,Oracle Corporation,Information Technology,Application Software,275.15,345.12,117.98,292.05,294.53,291.37,272.71,247.04,228.09,200.74
OTIS,Otis Worldwide,Industrials,Industrial Machinery & Supplies & Components,92.7,105.86,83.85,91.53,90.81,90.84,89.14,91.67,92.49,94.05
PCAR,Paccar,Industrials,Construction Machinery & Heavy Transportation Equipment,99.85,114.66,84.08,96.48,95.47,96.8,98.47,96.97,96.07,98.1
PKG,Packaging Corporation of America,Materials,Paper & Plastic Packaging Products & Materials,208.13,244.78,170.61,206.47,208.23,211.47,210.05,202.64,199.3,201.18
PLTR,Palantir Technologies,Information Technology,Application Software,181.51,190.0,40.9,179.8,180.04,180.24,172.0,159.22,151.47,127.72
PANW,Palo Alto Networks,Information Technology,Systems Software,214.4,217.94,144.15,209.26,210.87,208.42,198.15,195.79,194.16,189.17
PSKY,Paramount Skydance Corporation,Communication Services,Movies & Entertainment,16.51,20.86,9.92,16.92,17.25,18.1,16.69,14.52,13.96,12.87
PH,Parker Hannifin,Industrials,Industrial Machinery & Supplies & Components,757.83,779.77,485.92,739.09,736.93,745.82,750.06,723.19,706.77,678.6
PAYX,Paychex,Industrials,Human Resource & Employment Services,127.54,160.03,119.02,126.94,126.81,126.5,132.04,139.34,141.51,142.64
PAYC,Paycom,Industrials,Human Resource & Employment Services,206.86,267.33,161.57,201.73,201.8,205.02,215.4,225.84,229.66,222.45
PYPL,PayPal,Financials,Transaction & Payment Processing Services,70.05,93.66,55.85,68.14,70.04,69.49,68.93,70.84,70.58,71.98
PNR,Pentair,Industrials,Industrial Machinery & Supplies & Components,109.02,113.95,73.85,109.22,109.42,109.97,109.19,105.67,103.54,99.19
PEP,PepsiCo,Consumer Staples,Soft Drinks & Non-alcoholic Beverages,153.18,170.89,125.14,152.87,149.84,145.47,145.29,139.88,137.75,140.16
PFE,Pfizer,Health Care,Pharmaceuticals,24.85,27.69,20.18,24.53,24.76,25.14,24.89,24.5,24.12,24.24
PCG,PG&E Corporation,Utilities,Multi-Utilities,16.75,21.59,12.95,16.61,16.42,15.89,15.42,14.83,15.28,15.75
PM,Philip Morris International,Consumer Staples,Tobacco,152.0,183.57,113.18,156.37,157.3,157.98,161.73,167.84,168.09,158.33
PSX,Phillips 66,Energy,Oil & Gas Refining & Marketing,128.6,142.35,89.26,129.23,129.59,132.62,130.44,125.96,122.93,120.36
PNW,Pinnacle West Capital,Utilities,Multi-Utilities,92.23,94.64,79.08,92.96,92.63,90.63,89.76,89.78,90.03,89.33
PNC,PNC Financial Services,Financials,Diversified Banks,181.91,208.54,141.09,180.84,183.88,190.9,195.83,190.2,185.48,182.24
POOL,Pool Corporation,Consumer Discretionary,Distributors,302.63,391.14,281.15,293.5,294.26,301.22,312.38,307.11,306.0,314.79
PPG,PPG Industries,Materials,Specialty Chemicals,104.38,129.03,89.08,101.74,100.77,102.41,107.3,109.45,109.32,109.77
PPL,PPL Corporation,Utilities,Electric Utilities,37.52,38.27,30.49,37.58,37.47,37.13,36.52,35.51,35.35,34.66
PFG,Principal Financial Group,Financials,Life & Health Insurance,79.39,88.07,67.06,79.26,80.11,81.59,80.51,79.04,78.5,78.84
PG,Procter & Gamble,Consumer Staples,Personal Care Products,151.62,177.66,146.97,150.4,149.96,151.22,154.75,156.23,157.2,160.12
PGR,Progressive Corporation,Financials,Property & Casualty Insurance,221.6,292.65,217.2,222.97,231.67,237.66,242.67,249.81,255.72,258.53
PLD,Prologis,Real Estate,Industrial REITs,125.99,127.5,83.8,124.24,119.1,117.14,113.33,109.78,108.67,109.07
PRU,Prudential Financial,Financials,Life & Health Insurance,101.86,125.75,88.12,101.41,101.66,102.52,104.73,104.03,103.6,105.18
PEG,Public Service Enterprise Group,Utilities,Electric Utilities,83.12,92.35,73.5,84.35,82.98,82.52,82.48,82.72,81.78,81.61
PTC,PTC Inc.,Information Technology,Application Software,204.55,219.69,133.38,203.61,202.47,202.82,206.64,196.42,190.01,181.08
PSA,Public Storage,Real Estate,Self-Storage REITs,308.27,342.02,251.43,307.08,301.88,295.06,289.26,288.48,289.63,289.34
PHM,PulteGroup,Consumer Discretionary,Homebuilding,123.27,148.31,87.74,123.91,123.4,128.11,130.58,119.83,116.18,112.03
PWR,Quanta Services,Industrials,Construction & Engineering,437.43,446.6,226.97,437.29,434.0,424.19,398.58,389.13,376.3,341.11
QCOM,Qualcomm,Information Technology,Semiconductors,168.83,178.09,119.4,165.27,163.69,165.98,162.26,157.97,155.52,155.52
DGX,Quest Diagnostics,Health Care,Health Care Services,184.64,197.52,144.18,187.75,185.33,184.54,182.15,177.52,176.77,171.48
RL,Ralph Lauren Corporation,Consumer Discretionary,"Apparel, Accessories & Luxury Goods",334.98,340.61,175.49,327.47,323.39,319.43,308.95,295.25,286.77,267.99
RJF,Raymond James Financial,Financials,Investment Banking & Brokerage,165.75,177.15,116.85,163.22,162.81,166.33,166.96,161.32,157.97,154.64
RTX,RTX Corporation,Industrials,Aerospace & Defense,173.04,178.73,111.21,161.15,161.24,163.36,159.54,153.37,148.58,139.83
O,Realty Income,Real Estate,Retail REITs,60.03,61.34,49.31,59.87,59.29,59.67,58.99,57.65,57.12,55.81
REG,Regency Centers,Real Estate,Retail REITs,72.16,75.93,62.21,72.15,71.7,71.72,71.42,70.82,70.83,70.7
REGN,Regeneron Pharmaceuticals,Health Care,Biotechnology,579.34,998.41,475.77,575.95,570.85,574.83,575.16,555.37,561.41,598.82
RF,Regions Financial Corporation,Financials,Regional Banks,24.36,27.61,17.36,24.02,24.46,25.39,26.08,24.87,24.08,23.26
RSG,Republic Services,Industrials,Environmental & Facilities Services,220.94,257.43,195.57,220.03,221.99,223.85,227.88,235.42,237.78,233.55
RMD,ResMed,Health Care,Health Care Equipment,268.22,293.81,199.07,269.48,272.27,273.5,276.66,268.55,263.39,250.15
RVTY,Revvity,Health Care,Health Care Equipment,96.89,129.14,81.3,94.32,92.51,90.49,88.84,91.72,91.92,99.09
ROK,Rockwell Automation,Industrials,Electrical Components & Equipment,354.16,359.54,213.27,350.94,346.26,346.15,345.17,340.17,328.73,305.37
ROL,"Rollins, Inc.",Industrials,Environmental & Facilities Services,56.33,59.12,44.94,55.9,56.42,57.19,56.99,56.84,56.73,54.49
ROP,Roper Technologies,Information Technology,Electronic Equipment & Instruments,514.52,592.47,491.43,504.95,509.84,505.27,514.02,535.58,541.88,548.08
ROST,Ross Stores,Consumer Discretionary,Apparel Retail,156.41,157.91,121.69,156.47,154.21,153.07,149.98,142.37,142.65,140.83
RCL,Royal Caribbean Group,Consumer Discretionary,"Hotels, Resorts & Cruise Lines",316.78,365.38,163.05,305.92,306.96,313.98,327.57,317.12,300.6,272.4
SPGI,S&P Global,Financials,Financial Exchanges & Data,483.79,578.04,425.6,477.9,481.17,482.51,518.74,521.93,518.6,511.59
CRM,Salesforce,Information Technology,Application Software,263.41,366.78,226.09,248.67,245.93,243.61,244.77,253.56,258.21,272.7
SBAC,SBA Communications,Real Estate,Telecom Tower REITs,197.67,244.11,185.45,196.71,192.69,192.7,200.89,214.99,218.17,214.86
SLB,Schlumberger,Energy,Oil & Gas Equipment & Services,33.52,43.66,30.61,33.01,32.87,33.77,34.36,34.33,34.24,36.06
STX,Seagate Technology,Information Technology,"Technology Hardware, Storage & Peripherals",214.57,264.83,62.66,219.96,219.14,227.35,199.88,170.33,156.1,130.9
SRE,Sempra,Utilities,Multi-Utilities,92.29,95.72,60.93,91.95,91.74,90.64,85.25,80.86,79.68,77.66
NOW,ServiceNow,Information Technology,Systems Software,941.5,1198.09,678.66,912.04,911.61,915.86,911.69,945.78,955.31,943.47
SHW,Sherwin-Williams,Materials,Specialty Chemicals,338.44,397.81,307.5,332.92,333.56,337.77,352.12,348.8,349.37,347.98
SPG,Simon Property Group,Real Estate,Retail REITs,178.72,188.43,132.99,178.08,177.51,180.69,178.55,169.47,166.95,165.98
SWKS,Skyworks Solutions,Information Technology,Semiconductors,76.4,95.58,47.01,75.31,74.16,75.85,75.44,73.68,72.36,71.53
SJM,J.M. Smucker Company (The),Consumer Staples,Packaged Foods & Meats,104.74,121.73,92.38,104.56,104.25,106.29,108.35,106.07,107.15,107.14
SW,Smurfit Westrock,Materials,Paper & Plastic Packaging Products & Materials,42.51,55.46,36.31,41.84,41.96,42.0,43.72,44.03,43.76,45.22
SNA,Snap-on,Industrials,Industrial Machinery & Supplies & Components,345.73,366.68,286.03,340.62,337.05,339.96,333.34,325.24,323.34,326.07
SOLV,Solventum,Health Care,Health Care Technology,72.91,85.92,60.7,72.19,71.81,72.23,72.64,73.38,72.72,72.85
SO,Southern Company,Utilities,Electric Utilities,97.0,100.84,78.5,98.13,97.9,96.27,94.09,92.73,91.88,89.57
LUV,Southwest Airlines,Industrials,Passenger Airlines,34.68,37.75,23.55,33.9,33.02,32.72,32.17,32.51,32.04,31.31
SWK,Stanley Black & Decker,Industrials,Industrial Machinery & Supplies & Components,70.86,102.04,52.62,68.69,68.18,71.15,73.75,70.82,69.37,72.3
SBUX,Starbucks,Consumer Discretionary,Restaurants,85.9,115.87,74.48,84.6,82.24,83.26,85.49,88.47,87.42,91.42
STT,State Street Corporation,Financials,Asset Management & Custody Banks,114.36,118.24,71.77,114.14,114.52,114.79,113.14,108.74,105.46,99.86
STLD,Steel Dynamics,Materials,Steel,153.82,156.24,102.41,146.31,145.96,143.14,136.1,132.79,132.25,129.05
STE,Steris,Health Care,Health Care Equipment,242.03,253.0,199.47,240.3,239.24,241.64,244.82,239.29,238.07,230.88
SYK,Stryker Corporation,Health Care,Health Care Equipment,379.76,403.95,327.71,374.88,371.94,370.05,378.72,382.3,381.58,378.22
SMCI,Supermicro,Information Technology,"Technology Hardware, Storage & Peripherals",54.82,66.44,17.25,53.96,54.72,52.31,47.3,47.87,45.89,42.53
SYF,Synchrony Financial,Financials,Consumer Finance,74.0,77.41,40.15,72.07,71.33,71.74,73.43,69.82,67.07,63.73
SNPS,Synopsys,Information Technology,Application Software,459.04,651.73,365.74,447.23,454.06,467.19,519.57,532.64,523.01,503.28
SYY,Sysco,Consumer Staples,Food Distributors,79.16,83.13,66.22,79.58,79.16,80.3,80.32,78.28,76.73,74.8
TMUS,T-Mobile US,Communication Services,Wireless Telecommunication Services,229.08,274.51,206.21,228.32,227.77,230.76,240.89,237.75,238.58,241.81
TROW,T. Rowe Price,Financials,Asset Management & Custody Banks,104.25,119.7,75.88,104.21,104.58,103.98,105.1,101.63,99.48,98.94
TTWO,Take-Two Interactive,Communication Services,Interactive Home Entertainment,260.28,264.79,154.13,260.93,258.58,256.85,246.46,239.69,237.34,223.98
TPR,"Tapestry, Inc.",Consumer Discretionary,"Apparel, Accessories & Luxury Goods",117.14,118.56,42.3,116.7,115.23,114.12,108.58,101.28,96.28,87.47
TRGP,Targa Resources,Energy,Oil & Gas Storage & Transportation,151.41,215.2,144.14,149.68,153.27,160.48,162.92,165.01,164.76,174.53
TGT,Target Corporation,Consumer Staples,Consumer Staples Merchandise Retail,94.4,152.54,85.36,91.55,89.91,89.34,92.75,96.2,95.9,103.21
TEL,TE Connectivity,Information Technology,Electronic Manufacturing Services,228.22,234.5,115.38,224.81,222.55,220.93,213.34,195.81,187.4,170.71
TDY,Teledyne Technologies,Information Technology,Electronic Equipment & Instruments,573.75,595.99,419.0,566.87,570.6,575.27,559.48,541.15,529.53,514.02
TER,Teradyne,Information Technology,Semiconductor Materials & Equipment,143.33,150.71,65.6,140.2,139.9,139.58,125.82,109.09,102.98,103.07
TSLA,"Tesla, Inc.",Consumer Discretionary,Automobile Manufacturers,442.6,488.54,212.11,438.65,434.61,437.61,391.88,355.8,347.51,335.25
TXN,Texas Instruments,Information Technology,Semiconductors,180.84,220.1,137.77,177.55,176.91,179.45,186.73,192.74,188.84,184.51
TPL,Texas Pacific Land Corporation,Energy,Oil & Gas Exploration & Production,928.63,1759.83,844.11,933.4,921.87,934.72,918.57,972.29,1042.7,1145.07
TXT,Textron,Industrials,Aerospace & Defense,83.02,91.21,57.67,82.19,82.88,83.84,82.23,80.87,79.23,76.83
TMO,Thermo Fisher Scientific,Health Care,Life Sciences Tools & Services,557.99,609.27,385.11,541.08,535.15,518.61,498.35,462.76,452.75,477.84
TJX,TJX Companies,Consumer Discretionary,Apparel Retail,143.91,146.46,110.34,143.76,142.39,142.54,139.7,132.47,131.71,127.81
TKO,TKO Group Holdings,Communication Services,Movies & Entertainment,186.16,212.49,113.01,188.26,188.75,193.78,192.78,180.75,176.8,166.96
TTD,Trade Desk (The),Communication Services,Advertising,53.92,141.53,42.96,51.48,51.99,50.89,50.62,63.32,64.01,70.54
TSCO,Tractor Supply,Consumer Discretionary,Other Specialty Retail,54.77,63.75,46.46,55.25,54.9,55.46,58.37,56.6,55.36,54.67
TT,Trane Technologies,Industrials,Building Products,424.2,475.11,296.82,419.35,419.87,419.08,417.17,425.71,421.35,395.79
TDG,TransDigm Group,Industrials,Aerospace & Defense,1329.17,1519.36,1107.45,1276.77,1282.87,1288.56,1294.71,1351.99,1346.53,1308.91
TRV,Travelers Companies (The),Financials,Property & Casualty Insurance,269.34,287.95,227.43,265.52,270.09,274.74,273.42,267.8,267.47,259.84
TRMB,Trimble Inc.,Information Technology,Electronic Equipment & Instruments,79.65,87.5,52.91,78.44,78.26,79.39,80.6,79.3,76.98,74.06
TFC,Truist Financial,Financials,Diversified Banks,43.83,47.46,32.72,42.85,43.18,44.4,45.06,43.68,42.73,42.31
TYL,Tyler Technologies,Information Technology,Application Software,518.69,661.31,483.56,506.63,507.42,509.25,536.4,556.54,556.76,568.26
TSN,Tyson Foods,Consumer Staples,Packaged Foods & Meats,52.35,63.75,51.07,52.46,52.33,53.3,54.73,54.59,54.9,56.03
USB,U.S. Bancorp,Financials,Diversified Banks,47.61,51.66,34.43,46.5,46.51,47.35,47.61,46.08,45.18,44.41
UBER,Uber,Industrials,Passenger Ground Transportation,93.03,101.99,59.33,93.21,94.31,96.11,95.26,92.33,91.0,83.9
UDR,"UDR, Inc.",Real Estate,Multi-Family Residential REITs,36.59,44.96,35.21,36.21,36.09,36.18,37.23,38.5,38.96,39.77
ULTA,Ulta Beauty,Consumer Discretionary,Other Specialty Retail,525.92,572.23,309.01,531.79,541.91,547.03,532.33,508.04,486.85,445.41
UNP,Union Pacific Corporation,Industrials,Rail Transportation,226.54,252.32,202.16,225.93,227.22,230.88,224.61,224.97,223.65,227.15
UAL,United Airlines Holdings,Industrials,Passenger Airlines,100.11,116.0,52.0,100.56,100.13,98.6,101.8,92.88,89.31,88.86
UPS,United Parcel Service,Industrials,Air Freight & Logistics,88.06,136.36,82.0,86.22,85.27,85.02,85.46,90.74,91.49,98.58
URI,United Rentals,Industrials,Trading Companies & Distributors,1002.29,1021.47,523.58,1001.72,990.85,975.96,954.3,867.48,829.94,767.29
UNH,UnitedHealth Group,Health Care,Managed Health Care,365.37,617.34,233.13,360.85,361.5,356.58,331.88,310.11,317.78,388.69
UHS,Universal Health Services,Health Care,Health Care Facilities,206.8,239.23,152.16,205.57,203.23,203.44,192.21,183.15,183.48,182.35
VLO,Valero Energy,Energy,Oil & Gas Refining & Marketing,157.69,178.43,97.37,158.6,159.91,164.09,156.68,147.22,142.35,136.3
VTR,Ventas,Real Estate,Health Care REITs,70.24,72.01,55.47,70.16,68.96,69.02,68.2,66.19,65.92,64.95
VLTO,Veralto,Industrials,Environmental & Facilities Services,103.79,114.5,83.69,102.86,102.65,104.15,105.88,103.83,102.61,100.7
VRSN,Verisign,Information Technology,Internet Services & Infrastructure,266.46,309.71,174.64,264.74,264.34,271.25,274.5,277.44,277.35,259.71
VRSK,Verisk Analytics,Industrials,Research & Consulting Services,237.03,321.9,228.09,235.54,239.09,243.12,254.76,277.02,282.19,284.28
VZ,Verizon,Communication Services,Integrated Telecommunication Services,40.3,45.09,35.79,40.48,40.33,41.35,42.48,42.06,42.04,41.32
VRTX,Vertex Pharmaceuticals,Health Care,Biotechnology,426.27,519.88,362.5,415.74,414.21,405.14,397.06,423.1,429.94,445.22
VTRS,Viatris,Health Care,Pharmaceuticals,10.39,13.04,6.68,10.19,10.04,9.97,10.14,9.54,9.31,9.4
VICI,Vici Properties,Real Estate,Hotel & Resort REITs,31.19,33.54,26.86,31.06,31.07,31.74,32.22,32.19,31.93,31.16
V,Visa Inc.,Financials,Transaction & Payment Processing Services,347.21,374.85,278.82,342.92,344.83,344.31,344.42,348.32,349.01,343.94
VST,Vistra Corp.,Utilities,Electric Utilities,186.52,219.82,90.3,200.67,203.18,202.14,200.29,194.29,184.54,168.21
VMC,Vulcan Materials Company,Materials,Construction Materials,297.57,311.74,214.34,297.54,300.83,301.1,296.38,281.76,278.31,267.44
WRB,W. R. Berkley Corporation,Financials,Property & Casualty Insurance,75.0,78.48,55.38,74.51,76.15,76.13,73.7,72.26,72.16,68.43
GWW,W. W. Grainger,Industrials,Industrial Machinery & Supplies & Components,971.54,1219.65,889.92,962.0,958.85,956.29,981.74,1007.87,1017.63,1017.16
WAB,Wabtec,Industrials,Construction Machinery & Heavy Transportation Equipment,198.0,215.82,151.42,195.8,195.47,196.59,193.79,198.5,197.83,193.75
WBA,Walgreens Boots Alliance,Consumer Staples,Drug Retail,11.98,,,11.98,12.03,11.93,11.67,11.39,11.33,10.81
WMT,Walmart,Consumer Staples,Consumer Staples Merchandise Retail,106.22,109.58,79.43,107.3,105.23,103.95,101.94,99.6,99.03,96.57
DIS,Walt Disney Company (The),Communication Services,Movies & Entertainment,114.3,124.69,79.76,111.7,111.2,112.2,114.77,116.71,113.97,109.7
WBD,Warner Bros. Discovery,Communication Services,Broadcasting,20.33,20.58,7.25,18.72,18.2,18.74,15.85,13.67,12.73,11.72
WM,Waste Management,Industrials,Environmental & Facilities Services,214.89,240.84,197.52,214.55,216.47,217.6,220.35,225.33,226.3,224.37
WAT,Waters Corporation,Health Care,Life Sciences Tools & Services,349.23,423.56,275.05,338.86,335.29,321.52,307.43,315.77,322.54,342.3
WEC,WEC Energy Group,Utilities,Electric Utilities,116.58,118.1,89.63,116.88,115.94,114.62,110.88,108.26,107.77,105.32
WFC,Wells Fargo,Financials,Diversified Banks,84.76,87.47,57.76,84.9,82.52,82.55,81.45,79.91,78.49,76.08
WELL,Welltower,Real Estate,Health Care REITs,175.12,180.4,121.46,174.47,171.09,172.99,169.13,162.78,159.88,153.1
WST,West Pharmaceutical Services,Health Care,Health Care Supplies,279.39,351.24,187.09,271.01,267.2,266.09,256.22,241.71,235.75,244.93
WDC,Western Digital,Information Technology,"Technology Hardware, Storage & Peripherals",121.41,137.4,28.74,123.1,120.38,120.14,101.08,82.8,75.56,64.02
WY,Weyerhaeuser,Real Estate,Timber REITs,23.71,32.15,23.23,23.6,23.89,24.31,24.98,25.41,25.43,26.56
WSM,"Williams-Sonoma, Inc.",Consumer Discretionary,Homefurnishing Retail,190.91,217.31,123.45,188.47,188.24,192.09,196.04,183.46,179.05,179.77
WMB,Williams Companies,Energy,Oil & Gas Storage & Transportation,62.34,65.55,49.6,62.83,62.84,63.29,59.93,59.33,59.04,57.91
WTW,Willis Towers Watson,Financials,Insurance Brokers,330.42,352.79,283.83,331.61,335.61,339.99,335.15,321.04,318.18,319.84
WDAY,"Workday, Inc.",Information Technology,Application Software,245.67,294.0,205.33,236.7,236.69,237.93,232.16,234.75,238.73,242.5
WYNN,Wynn Resorts,Consumer Discretionary,Casinos & Gaming,121.13,134.23,64.93,118.97,118.85,123.32,121.36,110.54,106.1,97.24
XEL,Xcel Energy,Utilities,Multi-Utilities,80.64,83.01,60.62,81.2,81.1,80.46,75.47,72.28,71.64,69.9
XYL,Xylem Inc.,Industrials,Industrial Machinery & Supplies & Components,147.19,151.16,99.87,146.09,146.24,146.23,143.41,137.25,134.33,129.03
YUM,Yum! Brands,Consumer Discretionary,Restaurants,148.53,161.72,120.38,145.97,144.46,147.69,147.11,145.9,145.88,144.88
ZBRA,Zebra Technologies,Information Technology,Electronic Equipment & Instruments,306.21,427.76,205.73,297.65,294.12,296.83,308.81,310.82,303.62,309.14
ZBH,Zimmer Biomet,Health Care,Health Care Equipment,102.69,113.87,88.77,101.33,99.05,98.86,101.56,97.37,97.12,100.24
ZTS,Zoetis,Health Care,Pharmaceuticals,146.09,191.16,138.77,144.12,143.43,143.9,148.47,152.44,153.7,156.83
