Symbol,Company,GICS_Sector,GICS_Sub_Industry,Current_Price,High_52_Week,Low_52_Week,SMA5,SMA10,SMA20,SMA50,SMA200,Score,Target_Pcnt,Target_Price,Stop_Loss
MMM,3M,Industrials,Industrial Conglomerates,166.64,166.64,122.31,155.79,154.02,154.73,155.16,147.72,0.0,-2.81,161.96,147.52
AOS,A. O. Smith,Industrials,Building Products,71.0,77.23,59.04,69.82,69.41,71.0,71.91,67.95,-0.4,5.17,74.67,67.32
ABT,Abbott Laboratories,Health Care,Health Care Equipment,127.54,138.33,109.61,128.53,130.45,131.71,131.73,129.21,-0.4,6.38,135.68,127.74
ABBV,AbbVie,Health Care,Biotechnology,231.39,242.63,159.42,229.22,228.97,228.25,217.59,194.5,0.0,3.63,239.79,216.7
ACN,Accenture,Information Technology,IT Consulting & Other Services,250.51,394.31,232.56,240.96,243.85,243.78,246.65,298.76,0.0,1.74,254.87,232.67
ADBE,Adobe Inc.,Information Technology,Application Software,357.55,552.96,329.23,338.81,340.31,346.17,351.2,386.41,0.0,1.91,364.38,327.97
AMD,Advanced Micro Devices,Information Technology,Semiconductors,238.03,240.56,78.21,236.97,230.27,201.05,178.84,134.23,0.0,11.85,266.24,135.87
AES,AES Corporation,Utilities,Independent Power Producers & Energy Traders,14.32,16.49,9.5,14.57,14.51,14.2,13.53,11.77,0.0,8.03,15.47,12.92
AFL,Aflac,Financials,Life & Health Insurance,108.18,113.07,97.56,108.24,109.7,110.49,108.44,104.97,-0.2,5.22,113.83,107.15
A,Agilent Technologies,Health Care,Life Sciences Tools & Services,145.68,151.65,98.88,142.27,140.52,136.25,128.36,122.83,0.0,3.6,150.92,121.58
APD,Air Products,Materials,Industrial Gases,254.71,331.69,245.41,254.54,258.39,263.79,278.92,284.82,-0.2,8.75,277.0,250.57
ABNB,Airbnb,Consumer Discretionary,"Hotels, Resorts & Cruise Lines",128.56,161.42,105.69,125.77,122.89,122.3,124.13,129.36,0.0,-0.78,127.56,117.04
AKAM,Akamai Technologies,Information Technology,Internet Services & Infrastructure,76.13,106.67,68.21,73.97,74.32,75.47,76.21,80.84,-0.2,3.38,78.7,72.24
ALB,Albemarle Corporation,Materials,Specialty Chemicals,91.34,108.94,50.16,94.73,94.43,90.48,84.21,73.24,0.2,9.96,100.44,80.53
ARE,Alexandria Real Estate Equities,Real Estate,Office REITs,76.79,114.54,65.57,75.99,75.25,78.89,79.87,80.87,-0.2,13.01,86.78,71.0
ALGN,Align Technology,Health Care,Health Care Supplies,136.22,240.52,124.88,131.97,130.99,129.56,134.6,172.53,0.4,-0.39,135.69,123.43
ALLE,Allegion,Industrials,Building Products,179.47,179.47,118.08,177.94,176.6,176.39,173.72,146.27,0.0,0.2,179.83,172.97
LNT,Alliant Energy,Utilities,Electric Utilities,68.22,68.63,54.87,68.22,68.0,67.37,65.88,62.17,0.2,1.58,69.3,65.43
ALL,Allstate,Financials,Property & Casualty Insurance,193.74,214.65,178.34,195.74,202.09,206.55,204.91,197.76,0.0,13.5,219.89,193.2
GOOGL,Alphabet Inc. (Class A),Communication Services,Interactive Media & Services,250.46,256.55,144.4,252.56,247.51,246.69,233.34,189.48,-0.4,1.98,255.42,237.98
GOOG,Alphabet Inc. (Class C),Communication Services,Interactive Media & Services,251.34,257.02,146.27,253.15,248.17,247.41,233.98,190.78,-0.4,1.87,256.04,238.78
MO,Altria,Consumer Staples,Tobacco,63.75,66.65,45.73,64.47,65.04,65.4,65.33,57.91,0.0,4.83,66.83,63.96
AMZN,Amazon,Consumer Discretionary,Broadline Retail,222.03,242.06,167.32,216.32,218.74,219.62,225.42,214.24,-0.2,2.07,226.63,212.63
AMCR,Amcor,Materials,Paper & Plastic Packaging Products & Materials,8.14,10.81,7.82,8.13,8.04,8.07,8.33,9.16,-0.2,1.72,8.28,7.86
AEE,Ameren,Utilities,Multi-Utilities,104.92,105.69,83.42,105.35,104.49,103.81,101.47,97.18,0.2,1.53,106.53,101.08
AEP,American Electric Power,Utilities,Electric Utilities,117.43,118.53,87.97,117.77,117.62,114.92,112.1,104.82,0.2,3.84,121.94,107.9
AXP,American Express,Financials,Consumer Finance,355.22,355.22,230.22,341.02,332.4,333.08,326.43,299.62,0.2,-0.7,352.73,313.44
AIG,American International Group,Financials,Multi-line Insurance,78.38,86.75,68.89,78.34,80.49,80.09,79.69,79.67,0.0,8.29,84.88,75.29
AMT,American Tower,Real Estate,Telecom Tower REITs,192.37,230.32,169.21,191.65,188.55,189.69,195.02,202.63,0.2,1.85,195.93,183.45
AWK,American Water Works,Utilities,Water Utilities,144.16,150.19,118.87,143.83,142.54,140.02,140.72,138.08,0.0,1.5,146.32,133.72
AMP,Ameriprise Financial,Financials,Asset Management & Custody Banks,479.36,569.83,419.45,474.26,480.06,486.77,496.45,506.13,0.0,5.32,504.86,468.67
AME,Ametek,Industrials,Electrical Components & Equipment,188.3,196.08,150.9,186.29,184.52,184.94,185.73,179.19,-0.2,0.66,189.54,180.32
AMGN,Amgen,Health Care,Biotechnology,301.14,321.88,252.22,299.28,296.28,291.29,287.4,286.84,0.2,3.07,310.38,272.22
APH,Amphenol,Information Technology,Electronic Components,124.44,127.67,58.9,126.14,125.1,124.11,117.96,89.72,0.2,2.62,127.7,120.52
ADI,Analog Devices,Information Technology,Semiconductors,246.37,254.62,163.21,243.04,238.64,240.99,243.37,221.82,-0.2,2.42,252.33,229.64
AON,Aon plc,Financials,Insurance Brokers,343.43,407.61,334.44,346.61,353.29,356.14,362.35,367.15,-0.2,7.91,370.6,341.68
APA,APA Corporation,Energy,Oil & Gas Exploration & Production,22.58,25.12,13.62,22.77,22.98,23.78,22.93,20.06,0.0,13.95,25.73,21.82
APO,Apollo Global Management,Financials,Asset Management & Custody Banks,125.98,176.82,107.9,124.22,123.77,127.81,133.65,140.38,-0.2,10.55,139.27,116.35
AAPL,Apple Inc.,Information Technology,"Technology Hardware, Storage & Peripherals",262.77,262.77,172.0,254.82,252.69,254.22,242.44,221.89,0.0,0.31,263.58,244.85
AMAT,Applied Materials,Information Technology,Semiconductor Materials & Equipment,226.0,228.13,126.23,226.88,221.99,216.44,188.91,172.72,0.0,3.91,234.84,198.05
APP,AppLovin,Information Technology,Application Software,552.64,718.54,145.22,585.17,590.59,628.89,559.74,395.72,0.0,31.8,728.38,529.39
APTV,Aptiv,Consumer Discretionary,Automotive Parts & Equipment,85.59,87.98,47.92,83.78,83.12,84.72,81.79,68.38,0.0,3.66,88.72,80.72
ACGL,Arch Capital Group,Financials,Property & Casualty Insurance,87.7,103.2,84.99,87.4,89.93,90.33,90.54,91.3,0.0,7.89,94.62,86.05
ADM,Archer Daniels Midland,Consumer Staples,Agricultural Products & Services,61.72,64.21,41.01,62.9,62.24,61.52,61.37,52.06,0.2,3.78,64.05,58.98
ANET,Arista Networks,Information Technology,Communications Equipment,145.94,158.23,64.37,144.98,148.08,146.61,142.49,108.96,0.0,7.11,156.32,136.89
AJG,Arthur J. Gallagher & Co.,Financials,Insurance Brokers,279.01,347.33,274.22,283.01,292.77,299.95,298.7,313.36,0.1,15.2,321.42,278.46
AIZ,Assurant,Financials,Multi-line Insurance,210.84,225.29,178.36,210.33,214.6,215.88,213.68,202.48,0.2,6.09,223.68,208.07
T,AT&T,Communication Services,Integrated Telecommunication Services,26.05,29.3,20.58,26.15,26.01,26.61,27.91,26.5,0.0,8.75,28.33,24.88
ATO,Atmos Energy,Utilities,Gas Utilities,177.04,179.19,134.17,177.35,176.71,173.29,168.33,154.84,0.2,2.34,181.18,165.4
ADSK,Autodesk,Information Technology,Application Software,310.57,326.79,238.84,305.42,306.69,313.32,309.27,292.62,-0.2,5.65,328.12,298.5
ADP,Automatic Data Processing,Industrials,Human Resource & Employment Services,283.98,323.5,273.96,282.53,284.47,287.95,293.82,299.52,-0.2,4.28,296.13,279.77
AZO,AutoZone,Consumer Discretionary,Automotive Retail,4006.21,4354.54,2981.19,4007.98,4026.42,4115.82,4146.57,3751.5,-0.2,7.89,4322.3,3909.49
AVB,AvalonBay Communities,Real Estate,Multi-Family Residential REITs,187.12,229.94,181.07,185.93,185.66,188.14,189.72,200.48,0.0,3.67,193.99,182.29
AVY,Avery Dennison,Materials,Paper & Plastic Packaging Products & Materials,163.53,213.03,157.49,160.43,160.12,160.91,166.2,174.33,-0.2,0.45,164.27,157.56
AXON,Axon Enterprise,Industrials,Aerospace & Defense,707.04,870.97,423.5,671.6,693.72,703.67,735.92,678.96,-0.4,6.02,749.6,657.74
BKR,Baker Hughes,Energy,Oil & Gas Equipment & Services,46.75,50.55,34.6,45.46,45.84,47.56,46.18,42.21,0.2,10.31,51.57,43.54
BALL,Ball Corporation,Materials,"Metal, Glass & Plastic Containers",49.34,66.28,44.6,48.4,48.02,48.81,50.35,52.31,-0.2,3.32,50.98,46.64
BAC,Bank of America,Financials,Diversified Banks,51.52,52.42,34.0,51.51,50.48,50.85,50.16,45.19,0.0,2.87,53.0,48.7
BAX,Baxter International,Health Care,Health Care Equipment,22.75,36.11,21.61,22.94,22.68,22.74,23.45,28.61,0.2,4.44,23.76,21.71
BDX,Becton Dickinson,Health Care,Health Care Equipment,189.03,245.13,163.27,188.23,188.58,188.44,190.12,197.17,-0.4,3.3,195.27,181.61
BRK-B,Berkshire Hathaway,Financials,Multi-Sector Holdings,491.29,539.8,442.29,492.6,493.66,496.29,493.19,493.18,0.2,2.62,504.16,488.41
BBY,Best Buy,Consumer Discretionary,Computer & Electronics Retail,82.66,91.46,54.69,80.07,77.76,76.75,74.7,72.43,0.2,-0.96,81.87,71.64
TECH,Bio-Techne,Health Care,Life Sciences Tools & Services,63.46,78.41,46.59,61.81,60.71,58.73,55.72,57.13,0.1,5.26,66.8,50.65
BIIB,Biogen,Health Care,Biotechnology,146.22,190.16,113.38,144.35,145.89,146.19,142.19,135.19,0.0,8.95,159.31,133.08
BLK,BlackRock,Financials,Asset Management & Custody Banks,1130.0,1202.59,807.61,1165.02,1163.93,1161.01,1139.67,1019.38,0.0,6.08,1198.7,1123.3
BX,Blackstone Inc.,Financials,Asset Management & Custody Banks,161.43,194.8,118.51,160.01,159.91,165.5,171.25,156.16,-0.2,10.97,179.14,151.86
XYZ,"Block, Inc.",Financials,Transaction & Payment Processing Services,77.73,98.92,46.53,76.02,76.79,76.17,76.24,69.71,-0.4,3.86,80.73,71.61
BK,BNY Mellon,Financials,Asset Management & Custody Banks,107.0,109.75,72.47,107.43,106.79,107.33,105.74,91.26,-0.2,2.84,110.04,104.61
BA,Boeing,Industrials,Aerospace & Defense,217.26,237.38,136.59,214.58,215.48,216.41,222.55,198.0,0.0,2.75,223.23,209.57
BKNG,Booking Holdings,Consumer Discretionary,"Hotels, Resorts & Cruise Lines",5286.0,5805.92,4149.83,5106.21,5155.32,5295.58,5445.1,5161.08,-0.2,6.62,5635.93,4955.13
BSX,Boston Scientific,Health Care,Health Care Equipment,99.9,108.14,83.62,99.03,97.58,97.34,101.15,101.56,0.2,0.26,100.16,94.53
BMY,Bristol Myers Squibb,Health Care,Pharmaceuticals,44.54,60.79,42.72,43.75,43.93,44.22,45.52,49.44,0.0,3.32,46.02,42.42
AVGO,Broadcom,Information Technology,Semiconductors,342.66,368.94,145.7,349.34,346.27,340.61,329.23,252.73,0.0,4.4,357.74,323.5
BR,Broadridge Financial Solutions,Industrials,Data Processing & Outsourced Services,232.32,265.85,206.47,229.97,232.11,233.94,245.34,238.84,0.0,3.16,239.66,228.21
BRO,Brown & Brown,Financials,Insurance Brokers,88.28,124.07,87.42,89.02,92.18,92.97,93.93,105.79,-0.2,11.59,98.51,87.43
BF-B,Brown–Forman,Consumer Staples,Distillers & Vintners,28.7,47.66,25.45,28.36,27.81,27.62,28.34,30.84,-0.2,0.63,28.88,26.35
BLDR,Builders FirstSource,Industrials,Building Products,125.68,194.97,105.63,123.98,124.85,124.04,132.29,130.59,0.0,4.66,131.54,116.53
BG,Bunge Global,Consumer Staples,Agricultural Products & Services,94.73,97.5,67.23,95.58,88.58,85.37,83.5,77.71,0.2,2.98,97.55,73.19
BXP,"BXP, Inc.",Real Estate,Office REITs,71.97,85.21,55.53,71.16,71.04,72.94,72.0,67.88,0.2,7.17,77.13,68.76
CHRW,C.H. Robinson,Industrials,Air Freight & Logistics,128.28,137.09,85.99,127.43,127.77,130.6,128.75,105.26,0.0,7.15,137.45,123.75
CDNS,Cadence Design Systems,Information Technology,Application Software,333.45,373.37,231.64,327.51,332.12,341.22,347.76,307.49,-0.2,9.16,363.99,318.46
CPT,Camden Property Trust,Real Estate,Multi-Family Residential REITs,103.42,122.47,101.67,102.49,102.31,103.65,106.03,111.39,-0.2,3.38,106.92,100.37
CPB,Campbell's Company (The),Consumer Staples,Packaged Foods & Meats,31.07,46.42,29.8,30.76,30.47,31.04,31.9,34.32,-0.2,5.12,32.66,29.42
COF,Capital One,Financials,Consumer Finance,217.05,229.74,149.68,212.3,210.85,214.24,218.93,198.79,-0.2,4.15,226.06,202.42
CAH,Cardinal Health,Health Care,Health Care Distributors,158.68,167.08,106.36,156.26,156.17,155.53,151.72,143.99,0.0,0.96,160.2,150.86
KMX,CarMax,Consumer Discretionary,Automotive Retail,44.7,89.19,42.9,43.66,43.76,45.27,53.88,66.94,-0.2,14.36,51.12,39.43
CCL,Carnival,Consumer Discretionary,"Hotels, Resorts & Cruise Lines",29.97,32.49,16.43,28.84,28.63,28.98,30.21,25.46,0.0,1.97,30.56,27.4
CARR,Carrier Global,Industrials,Building Products,59.82,80.73,55.21,57.53,57.66,58.45,61.85,66.51,-0.2,1.67,60.82,56.08
CAT,Caterpillar Inc.,Industrials,Construction Machinery & Heavy Transportation Equipment,524.65,539.41,270.85,530.67,517.21,497.89,456.62,380.58,0.2,4.04,545.85,449.94
CBOE,Cboe Global Markets,Financials,Financial Exchanges & Data,233.29,253.24,189.73,237.54,239.62,240.93,240.0,224.71,0.0,6.09,247.5,234.36
CBRE,CBRE Group,Real Estate,Real Estate Services,160.88,165.9,113.94,158.02,155.2,155.72,159.53,140.45,0.2,0.18,161.17,150.27
CDW,CDW Corporation,Information Technology,Technology Distributors,156.53,217.28,143.46,152.86,151.59,155.48,161.43,171.32,0.0,5.72,165.48,145.47
COR,Cencora,Health Care,Health Care Distributors,328.82,328.82,223.33,323.98,319.76,313.47,301.72,280.68,-0.2,0.11,329.18,297.77
CNC,Centene Corporation,Health Care,Managed Health Care,36.1,65.89,25.21,35.68,36.33,36.27,32.51,48.43,-0.3,7.48,38.8,33.73
CNP,CenterPoint Energy,Utilities,Multi-Utilities,40.03,40.22,27.88,39.88,39.6,39.21,38.44,36.14,0.2,0.72,40.32,38.11
CF,CF Industries,Materials,Fertilizers & Agricultural Chemicals,83.29,101.88,67.67,83.84,86.08,88.24,86.58,85.55,0.0,13.23,94.31,82.18
CRL,Charles River Laboratories,Health Care,Life Sciences Tools & Services,188.26,220.69,99.75,179.32,175.0,168.26,162.05,154.64,0.0,2.16,192.33,144.2
SCHW,Charles Schwab Corporation,Financials,Investment Banking & Brokerage,95.09,98.69,68.65,94.38,93.86,94.03,94.62,86.22,-0.2,1.38,96.4,91.66
CHTR,Charter Communications,Communication Services,Cable & Satellite,252.52,427.25,251.51,255.42,260.09,267.17,266.06,340.85,-0.1,13.23,285.93,248.41
CVX,Chevron Corporation,Energy,Integrated Oil & Gas,153.79,164.65,130.67,153.03,152.38,154.28,155.74,148.63,0.0,4.05,160.02,148.55
CMG,Chipotle Mexican Grill,Consumer Discretionary,Restaurants,42.36,66.16,38.58,41.88,41.41,40.79,41.12,49.28,-0.2,1.2,42.87,38.7
CB,Chubb Limited,Financials,Property & Casualty Insurance,269.26,301.45,256.04,270.44,277.38,279.76,277.23,279.53,-0.1,8.59,292.39,267.13
CHD,Church & Dwight,Consumer Staples,Household Products,87.99,112.48,85.84,87.64,87.59,87.61,90.72,98.32,0.0,1.9,89.66,85.56
CI,Cigna,Health Care,Health Care Services,307.5,336.71,260.91,299.85,301.04,297.84,297.48,303.89,-0.1,2.15,314.11,281.57
CINF,Cincinnati Financial,Financials,Property & Casualty Insurance,156.29,165.69,125.14,154.39,157.48,158.48,155.22,145.0,0.0,6.59,166.59,150.37
CTAS,Cintas,Industrials,Diversified Support Services,196.49,227.2,181.05,189.75,190.34,196.31,203.68,207.93,-0.2,6.88,210.01,182.63
CSCO,Cisco,Information Technology,Communications Equipment,70.72,71.36,52.55,70.02,69.45,68.65,67.93,63.52,0.2,0.49,71.07,66.23
C,Citigroup,Financials,Diversified Banks,98.25,103.49,57.29,98.13,97.31,98.73,97.78,81.96,0.0,5.63,103.78,93.69
CFG,Citizens Financial Group,Financials,Regional Banks,50.83,54.0,33.59,50.1,50.57,51.93,51.4,44.67,0.2,8.6,55.2,48.66
CLX,Clorox,Consumer Staples,Household Products,119.89,165.31,116.82,119.03,119.46,120.92,121.54,133.46,0.0,4.05,124.75,117.1
CME,CME Group,Financials,Financial Exchanges & Data,268.61,288.01,211.73,266.97,267.85,267.3,266.5,262.28,0.0,1.7,273.18,261.42
CMS,CMS Energy,Utilities,Multi-Utilities,74.54,75.31,63.54,74.89,74.29,73.35,72.35,70.54,0.2,1.66,75.78,70.92
KO,Coca-Cola Company (The),Consumer Staples,Soft Drinks & Non-alcoholic Beverages,71.22,72.82,59.48,68.55,67.66,66.97,67.6,68.05,0.0,-2.51,69.43,64.52
CTSH,Cognizant,Information Technology,IT Consulting & Other Services,68.77,89.65,65.47,66.75,67.02,67.16,69.08,75.53,0.2,0.32,68.99,65.34
COIN,Coinbase,Financials,Financial Exchanges & Data,338.62,419.78,151.47,336.99,351.48,349.37,329.43,279.2,0.0,17.47,397.78,300.97
CL,Colgate-Palmolive,Consumer Staples,Household Products,78.62,98.09,76.47,78.23,77.77,78.25,81.24,86.74,0.0,2.2,80.35,76.16
CMCSA,Comcast,Communication Services,Cable & Satellite,29.97,43.5,29.26,29.61,29.78,30.4,31.87,33.71,0.0,6.21,31.83,28.96
CAG,Conagra Brands,Consumer Staples,Packaged Foods & Meats,18.62,28.6,18.04,18.46,18.48,18.56,18.87,21.93,0.0,3.38,19.25,17.86
COP,ConocoPhillips,Energy,Oil & Gas Exploration & Production,86.41,110.98,81.29,86.92,88.49,91.97,93.61,93.27,-0.2,15.61,99.9,84.04
ED,Consolidated Edison,Utilities,Multi-Utilities,101.56,111.42,85.77,101.57,101.46,100.27,99.42,100.31,0.1,1.47,103.05,97.5
STZ,Constellation Brands,Consumer Staples,Distillers & Vintners,141.57,240.13,131.78,140.28,141.12,139.07,146.76,169.21,-0.2,2.85,145.6,132.54
CEG,Constellation Energy,Utilities,Electric Utilities,358.79,403.95,170.52,383.15,380.9,362.98,336.39,291.97,-0.2,13.67,407.84,318.13
COO,Cooper Companies (The),Health Care,Health Care Supplies,75.0,108.26,64.32,72.46,71.12,69.85,69.75,78.12,0.1,-1.09,74.18,65.52
CPRT,Copart,Industrials,Diversified Support Services,45.76,63.84,43.88,44.7,44.52,44.67,46.51,52.38,0.0,-0.33,45.61,43.72
GLW,Corning Inc.,Information Technology,Electronic Components,86.05,87.19,38.69,85.83,85.65,83.84,76.05,56.03,0.0,3.34,88.92,78.76
CPAY,Corpay,Financials,Transaction & Payment Processing Services,287.44,389.55,277.5,284.85,285.98,288.41,304.19,331.3,-0.2,3.7,298.08,278.75
CTVA,Corteva,Materials,Fertilizers & Agricultural Chemicals,61.97,76.93,54.65,61.65,62.13,63.99,68.93,66.56,0.0,11.6,69.16,58.81
CSGP,CoStar Group,Real Estate,Real Estate Services,76.85,96.83,69.29,75.07,75.84,79.6,84.87,80.76,-0.2,14.03,87.63,71.57
COST,Costco,Consumer Staples,Consumer Staples Merchandise Retail,937.5,1073.97,869.72,938.11,936.03,929.13,948.34,970.86,0.0,1.89,955.22,903.03
CTRA,Coterra,Energy,Oil & Gas Exploration & Production,23.32,29.06,21.94,23.06,23.23,23.48,23.76,25.23,0.0,4.8,24.44,22.53
CRWD,CrowdStrike,Information Technology,Systems Software,503.95,514.1,296.87,492.69,497.38,492.53,458.3,429.72,-0.2,1.92,513.63,471.44
CCI,Crown Castle,Real Estate,Telecom Tower REITs,98.65,112.64,81.15,98.22,97.51,96.33,96.78,96.72,-0.2,0.66,99.3,93.36
CSX,CSX Corporation,Industrials,Rail Transportation,35.73,36.67,26.47,36.25,36.04,35.61,34.4,32.13,0.2,4.25,37.25,33.97
CMI,Cummins,Industrials,Construction Machinery & Heavy Transportation Equipment,417.97,438.88,264.26,417.97,419.16,422.33,411.62,351.84,-0.2,5.13,439.41,405.24
CVS,CVS Health,Health Care,Health Care Services,83.04,83.04,42.33,82.02,79.98,78.16,74.54,65.19,0.0,0.16,83.17,73.16
DHR,Danaher Corporation,Health Care,Life Sciences Tools & Services,220.77,272.73,174.06,211.05,207.84,203.65,201.81,203.21,0.1,1.94,225.05,182.24
DRI,Darden Restaurants,Consumer Discretionary,Restaurants,187.49,222.41,154.1,187.88,186.42,187.89,197.55,198.34,0.0,3.15,193.4,182.4
DDOG,Datadog,Information Technology,Application Software,156.25,168.65,87.0,155.32,158.86,152.82,141.25,127.3,0.2,8.78,169.97,135.68
DVA,DaVita,Health Care,Health Care Services,128.41,177.35,123.91,126.72,126.24,128.79,132.29,143.83,-0.2,4.91,134.71,122.86
DAY,Dayforce,Industrials,Human Resource & Employment Services,68.34,81.8,49.33,68.3,68.33,68.62,67.48,61.75,0.2,1.33,69.25,68.0
DECK,Deckers Brands,Consumer Discretionary,Footwear,102.96,223.11,95.07,99.69,99.16,101.35,108.77,124.16,-0.2,5.4,108.52,94.19
DE,Deere & Company,Industrials,Agricultural & Farm Machinery,459.82,527.96,384.05,457.28,453.68,457.39,470.86,479.02,-0.2,2.54,471.5,443.3
DELL,Dell Technologies,Information Technology,"Technology Hardware, Storage & Peripherals",149.43,164.53,70.88,150.38,152.51,146.45,136.65,115.1,0.2,9.68,163.89,129.01
DAL,Delta Air Lines,Industrials,Passenger Airlines,62.32,68.24,35.54,61.12,59.89,58.43,59.34,54.02,-0.2,0.06,62.36,54.49
DVN,Devon Energy,Energy,Oil & Gas Exploration & Production,32.06,39.56,26.43,32.07,32.81,34.04,34.32,33.37,0.0,15.56,37.05,31.02
DXCM,Dexcom,Health Care,Health Care Equipment,69.75,90.75,59.83,67.3,66.89,66.88,73.05,78.72,0.0,-0.82,69.18,64.58
FANG,Diamondback Energy,Energy,Oil & Gas Exploration & Production,141.53,181.42,117.58,140.64,142.02,143.89,142.08,145.29,0.1,6.13,150.21,137.56
DLR,Digital Realty,Real Estate,Data Center REITs,171.63,190.11,134.22,173.29,172.78,172.96,169.62,164.39,0.0,3.2,177.12,168.8
DG,Dollar General,Consumer Staples,Consumer Staples Merchandise Retail,105.51,115.62,67.25,105.58,102.95,101.78,105.81,94.83,0.0,2.08,107.7,95.85
DLTR,Dollar Tree,Consumer Staples,Consumer Staples Merchandise Retail,98.95,117.16,61.21,96.88,93.7,92.69,100.26,88.97,0.2,1.54,100.47,84.91
D,Dominion Energy,Utilities,Multi-Utilities,60.87,61.69,48.51,61.04,60.99,60.94,60.22,55.85,0.0,1.74,61.93,59.95
DPZ,Domino's,Consumer Discretionary,Restaurants,419.88,493.69,397.61,418.7,415.12,421.08,437.32,452.79,-0.2,4.5,438.77,403.4
DASH,DoorDash,Consumer Discretionary,Specialized Consumer Services,261.97,281.74,150.92,265.94,269.62,269.67,259.83,218.33,0.0,7.57,281.8,257.54
DOV,Dover Corporation,Industrials,Industrial Machinery & Supplies & Components,173.04,204.71,150.28,167.45,164.95,165.73,172.24,179.74,0.4,-1.06,171.21,160.26
DOW,Dow Inc.,Materials,Commodity Chemicals,21.75,49.36,20.57,21.87,21.8,22.43,23.29,29.08,0.0,10.39,24.01,20.85
DHI,D. R. Horton,Consumer Discretionary,Homebuilding,158.63,192.41,114.44,154.85,154.52,161.79,166.83,139.56,-0.4,12.02,177.7,145.88
DTE,DTE Energy,Utilities,Multi-Utilities,142.27,143.32,113.22,142.3,141.53,140.85,138.23,132.05,0.2,0.96,143.64,138.05
DUK,Duke Energy,Utilities,Electric Utilities,128.33,128.94,102.96,128.37,127.27,125.29,123.46,117.14,0.2,1.29,129.99,120.58
DD,DuPont,Materials,Specialty Chemicals,81.13,84.81,54.51,79.66,78.17,78.09,76.89,72.8,0.2,1.36,82.23,73.95
EMN,Eastman Chemical Company,Materials,Specialty Chemicals,62.15,104.5,58.06,61.16,60.8,61.9,64.56,77.63,-0.2,4.46,64.92,58.87
ETN,Eaton Corporation,Industrials,Electrical Components & Equipment,373.46,391.62,244.95,376.35,375.44,373.67,363.37,330.39,0.0,2.39,382.39,364.97
EBAY,eBay Inc.,Consumer Discretionary,Broadline Retail,94.98,100.46,56.61,92.94,91.59,91.43,92.91,76.41,-0.2,0.47,95.43,87.42
ECL,Ecolab,Materials,Specialty Chemicals,278.19,284.78,224.56,275.89,274.87,273.98,274.31,259.78,-0.2,1.44,282.2,265.77
EIX,Edison International,Utilities,Electric Utilities,58.36,83.47,46.84,57.23,55.45,54.81,54.63,53.65,0.2,-0.46,58.09,51.53
EW,Edwards Lifesciences,Health Care,Health Care Equipment,76.02,81.83,65.75,74.31,74.27,75.36,77.36,74.86,-0.2,3.09,78.37,72.34
EA,Electronic Arts,Communication Services,Interactive Home Entertainment,200.55,202.05,116.08,200.51,200.31,196.98,181.92,153.37,-0.2,8.06,216.71,177.26
ELV,Elevance Health,Health Care,Managed Health Care,349.75,448.26,273.17,350.05,352.59,343.06,323.17,366.07,0.1,6.21,371.47,314.65
EME,Emcor,Industrials,Construction & Engineering,689.95,700.18,341.52,691.4,684.65,666.95,640.72,508.76,0.0,3.07,711.13,622.76
EMR,Emerson Electric,Industrials,Electrical Components & Equipment,132.17,149.04,93.37,130.19,129.94,130.79,131.88,123.9,-0.2,2.17,135.04,126.53
ETR,Entergy,Utilities,Electric Utilities,95.66,97.65,65.13,96.38,96.18,94.93,91.3,84.54,0.2,3.32,98.84,91.01
EOG,EOG Resources,Energy,Oil & Gas Exploration & Production,106.04,133.44,101.83,106.5,107.66,109.8,114.98,117.55,-0.2,9.4,116.01,103.59
EPAM,EPAM Systems,Information Technology,IT Consulting & Other Services,155.08,267.63,142.2,145.95,146.74,149.63,157.96,180.52,0.2,2.03,158.23,141.03
EQT,EQT Corporation,Energy,Oil & Gas Exploration & Production,55.71,60.26,35.15,54.98,54.63,54.93,52.67,52.66,-0.2,3.39,57.6,52.26
EFX,Equifax,Industrials,Research & Consulting Services,229.93,280.0,204.69,228.96,230.18,238.78,245.58,250.22,-0.2,13.6,261.2,216.35
EQIX,Equinix,Real Estate,Data Center REITs,822.0,968.75,731.64,819.22,813.23,798.13,787.65,831.15,-0.1,1.16,831.54,764.72
EQR,Equity Residential,Real Estate,Multi-Family Residential REITs,62.82,74.44,60.55,62.19,62.12,62.92,63.77,66.5,0.0,3.37,64.94,60.9
ERIE,Erie Indemnity,Financials,Insurance Brokers,325.89,474.45,310.72,317.86,320.24,317.38,332.08,366.87,0.0,0.29,326.84,307.95
ESS,Essex Property Trust,Real Estate,Multi-Family Residential REITs,261.98,305.43,249.65,259.43,259.11,261.46,261.66,274.65,0.0,2.18,267.69,255.23
EL,Estée Lauder Companies (The),Consumer Staples,Personal Care Products,98.54,102.52,49.61,98.78,95.9,91.83,90.19,76.32,0.0,3.75,102.24,81.42
EG,Everest Group,Financials,Reinsurance,349.16,384.58,324.54,347.73,350.49,351.41,344.34,344.18,0.0,4.0,363.13,339.69
EVRG,Evergy,Utilities,Electric Utilities,78.12,78.65,57.24,78.18,77.85,76.75,73.76,67.83,0.0,2.19,79.83,73.66
ES,Eversource Energy,Utilities,Electric Utilities,73.21,73.49,52.98,72.44,72.2,71.63,67.19,62.03,0.0,1.5,74.31,68.95
EXC,Exelon,Utilities,Electric Utilities,48.0,48.24,35.25,47.84,47.38,46.15,44.79,43.21,0.0,2.06,48.99,43.31
EXE,Expand Energy,Energy,Oil & Gas Exploration & Production,106.1,120.67,80.65,103.11,103.6,105.18,99.76,103.69,-0.1,4.7,111.09,99.27
EXPE,Expedia Group,Consumer Discretionary,"Hotels, Resorts & Cruise Lines",226.14,228.24,136.05,218.23,216.95,217.72,216.08,184.04,0.4,-0.22,225.64,209.81
EXPD,Expeditors International,Industrials,Air Freight & Logistics,121.03,125.62,102.14,119.4,117.84,120.1,120.87,115.31,0.0,4.17,126.08,114.11
EXR,Extra Space Storage,Real Estate,Self-Storage REITs,150.55,165.33,123.86,150.95,147.51,144.13,141.94,144.07,0.1,1.71,153.12,135.12
XOM,ExxonMobil,Energy,Integrated Oil & Gas,112.71,118.64,98.11,111.98,112.21,113.07,111.87,108.45,0.0,3.15,116.26,109.88
FFIV,"F5, Inc.",Information Technology,Communications Equipment,299.21,343.17,213.57,304.54,322.32,324.08,321.79,292.75,0.0,18.06,353.25,294.91
FDS,FactSet,Financials,Financial Exchanges & Data,294.11,490.93,275.01,286.63,285.26,284.62,329.51,411.75,0.0,-0.09,293.85,275.37
FICO,Fair Isaac,Information Technology,Application Software,1565.83,2382.4,1311.26,1611.8,1642.75,1646.88,1539.34,1735.43,-0.3,19.84,1876.49,1417.21
FAST,Fastenal,Industrials,Trading Companies & Distributors,43.32,50.39,35.0,42.59,43.81,45.95,47.61,41.92,-0.2,18.01,51.12,40.79
FRT,Federal Realty Investment Trust,Real Estate,Retail REITs,100.26,112.47,81.67,99.0,97.96,98.37,97.98,96.19,0.0,0.39,100.65,96.09
FDX,FedEx,Industrials,Air Freight & Logistics,242.84,298.15,195.55,238.63,235.9,237.76,231.91,233.49,0.1,1.98,247.65,227.88
FIS,Fidelity National Information Services,Financials,Transaction & Payment Processing Services,67.7,89.09,63.37,66.97,67.35,66.63,67.69,73.99,0.0,2.41,69.33,63.94
FITB,Fifth Third Bancorp,Financials,Regional Banks,42.17,46.72,32.73,41.63,42.25,43.36,43.96,40.64,-0.2,9.41,46.14,40.58
FSLR,First Solar,Information Technology,Semiconductors,226.85,244.4,120.38,233.98,231.2,228.14,212.45,170.39,0.2,5.89,240.21,216.07
FE,FirstEnergy,Utilities,Electric Utilities,47.08,47.69,37.17,47.15,47.05,46.28,44.61,41.18,0.0,2.4,48.21,44.35
FI,Fiserv,Financials,Transaction & Payment Processing Services,126.07,237.79,118.0,122.19,123.27,125.6,131.56,176.04,-0.2,4.74,132.05,119.17
F,Ford Motor Company,Consumer Discretionary,Automobile Manufacturers,12.56,12.7,8.45,11.99,11.78,11.95,11.75,10.42,0.0,1.04,12.69,11.2
FTNT,Fortinet,Information Technology,Systems Software,84.78,114.57,74.39,83.96,84.28,84.56,81.57,96.13,-0.3,2.47,86.87,82.25
FTV,Fortive,Industrials,Industrial Machinery & Supplies & Components,49.78,62.32,46.49,48.98,48.94,49.08,48.53,52.94,-0.1,1.63,50.59,47.58
FOXA,Fox Corporation (Class A),Communication Services,Broadcasting,58.73,63.06,41.32,57.91,58.2,59.92,59.54,54.69,0.2,8.58,63.77,56.06
FOX,Fox Corporation (Class B),Communication Services,Broadcasting,52.47,57.29,37.95,51.87,52.12,53.86,53.88,50.39,0.0,9.99,57.71,50.01
BEN,Franklin Resources,Financials,Asset Management & Custody Banks,22.65,25.67,16.21,22.49,22.81,22.97,23.97,21.4,-0.2,5.17,23.82,22.12
FCX,Freeport-McMoRan,Materials,Copper,41.31,47.85,28.82,41.62,41.91,40.07,42.45,39.75,0.0,7.99,44.61,35.54
GRMN,Garmin,Consumer Discretionary,Consumer Electronics,251.34,259.77,159.13,249.13,251.06,250.0,241.1,216.76,0.2,4.74,263.25,236.74
IT,Gartner,Information Technology,IT Consulting & Other Services,258.17,551.8,225.98,241.27,242.64,250.34,247.7,386.94,0.3,4.58,269.99,230.7
GE,GE Aerospace,Industrials,Aerospace & Defense,306.63,306.63,158.97,301.88,300.04,299.18,286.93,235.64,0.2,-0.27,305.8,292.55
GEHC,GE HealthCare,Health Care,Health Care Equipment,76.1,93.39,58.69,74.45,73.68,74.13,74.61,76.38,0.0,1.91,77.55,70.72
GEV,GE Vernova,Industrials,Heavy Electrical Equipment,585.33,664.27,269.69,599.32,615.22,611.27,614.42,471.31,0.0,9.98,643.75,578.77
GEN,Gen Digital,Information Technology,Systems Software,27.36,32.03,23.31,26.82,26.84,27.55,29.1,28.01,-0.2,6.76,29.21,25.89
GNRC,Generac,Industrials,Electrical Components & Equipment,192.5,202.85,101.92,192.61,183.43,175.1,182.44,149.48,0.0,2.34,197.0,153.2
GD,General Dynamics,Industrials,Aerospace & Defense,340.69,344.98,238.33,334.33,336.07,335.64,326.42,285.67,0.0,2.31,348.56,322.72
GIS,General Mills,Consumer Staples,Packaged Foods & Meats,48.57,66.87,47.71,48.24,48.5,49.1,49.1,53.26,0.0,4.28,50.65,47.54
GM,General Motors,Consumer Discretionary,Automobile Manufacturers,66.62,66.62,42.24,59.63,57.86,58.94,58.24,51.22,0.2,-3.72,64.14,53.73
GPC,Genuine Parts Company,Consumer Discretionary,Distributors,134.51,142.77,103.92,133.35,132.76,135.54,137.05,124.37,0.0,5.32,141.67,129.42
GILD,Gilead Sciences,Health Care,Biotechnology,124.08,124.08,83.79,121.23,119.5,116.01,115.13,107.45,0.0,0.15,124.27,107.74
GPN,Global Payments,Financials,Transaction & Payment Processing Services,87.66,118.08,67.06,85.97,85.91,85.98,86.26,88.33,-0.2,1.88,89.31,82.66
GL,Globe Life,Financials,Life & Health Insurance,136.01,146.27,102.63,135.59,136.27,138.29,139.53,126.92,0.0,6.57,144.95,131.63
GDDY,GoDaddy,Information Technology,Internet Services & Infrastructure,132.72,214.35,128.0,130.43,131.66,134.73,141.23,171.16,0.0,7.95,143.27,126.19
GS,Goldman Sachs,Financials,Investment Banking & Brokerage,758.98,806.32,457.48,759.82,767.75,780.45,765.3,647.79,0.0,6.92,811.5,749.41
HAL,Halliburton,Energy,Oil & Gas Equipment & Services,25.24,31.1,18.96,22.87,22.86,23.73,22.67,22.8,-0.1,3.05,26.01,21.45
HIG,Hartford (The),Financials,Property & Casualty Insurance,125.1,134.7,105.0,125.21,127.81,130.3,131.06,122.41,-0.2,9.5,136.98,123.61
HAS,Hasbro,Consumer Discretionary,Leisure Products,74.83,81.85,49.75,74.59,73.97,74.69,77.11,66.96,0.0,3.22,77.24,72.14
HCA,HCA Healthcare,Health Care,Health Care Facilities,432.01,437.57,294.93,426.23,422.05,423.58,411.27,361.52,0.0,1.31,437.67,409.48
DOC,Healthpeak Properties,Real Estate,Health Care REITs,18.58,21.58,16.35,18.52,18.36,18.64,18.05,18.08,-0.1,4.63,19.44,17.85
HSIC,Henry Schein,Health Care,Health Care Distributors,64.23,81.91,62.03,63.28,63.53,64.84,66.97,70.12,-0.4,5.67,67.87,61.8
HSY,Hershey Company (The),Consumer Staples,Packaged Foods & Meats,186.13,195.56,141.22,187.7,189.74,189.77,186.44,170.04,0.0,5.63,196.61,182.92
HPE,Hewlett Packard Enterprise,Information Technology,"Technology Hardware, Storage & Peripherals",23.27,26.25,12.35,23.33,24.32,24.4,23.6,19.77,0.0,12.89,26.27,22.53
HLT,Hilton Worldwide,Consumer Discretionary,"Hotels, Resorts & Cruise Lines",265.96,278.5,201.05,261.97,262.13,261.11,267.85,253.18,0.2,0.32,266.81,255.39
HOLX,Hologic,Health Care,Health Care Equipment,73.98,83.72,52.73,70.24,68.74,67.98,67.33,64.47,0.2,-2.8,71.91,64.06
HD,Home Depot (The),Consumer Discretionary,Home Improvement Retail,390.9,423.6,331.29,389.48,385.17,392.71,402.6,378.5,-0.2,5.71,413.22,372.21
HON,Honeywell,Industrials,Industrial Conglomerates,209.08,239.16,180.99,204.75,205.03,207.14,212.15,214.72,0.2,2.01,213.28,201.0
HRL,Hormel Foods,Consumer Staples,Packaged Foods & Meats,24.08,32.19,23.26,23.89,23.72,23.99,25.32,28.14,-0.2,2.7,24.73,23.25
HST,Host Hotels & Resorts,Real Estate,Hotel & Resort REITs,16.65,18.04,12.39,16.44,16.31,16.65,16.74,15.57,-0.4,5.11,17.5,15.8
HWM,Howmet Aerospace,Industrials,Aerospace & Defense,197.18,197.18,99.44,192.67,191.09,191.47,184.32,157.79,0.2,-0.11,196.96,185.97
HPQ,HP Inc.,Information Technology,"Technology Hardware, Storage & Peripherals",28.16,37.77,21.42,27.8,27.44,27.13,27.46,27.31,-0.2,1.38,28.55,25.71
HUBB,Hubbell Incorporated,Industrials,Industrial Machinery & Supplies & Components,435.29,466.13,313.96,431.1,424.87,423.76,431.3,396.61,0.0,0.84,438.95,408.56
HUM,Humana,Health Care,Managed Health Care,295.2,310.91,219.64,276.73,278.51,272.38,280.03,260.48,0.0,3.27,304.85,239.92
HBAN,Huntington Bancshares,Financials,Regional Banks,15.94,17.87,12.26,15.77,15.94,16.54,16.96,15.87,-0.2,12.23,17.89,15.19
HII,Huntington Ingalls Industries,Industrials,Aerospace & Defense,287.53,291.94,156.78,284.19,286.07,284.1,275.96,230.18,-0.2,2.15,293.71,274.5
IBM,IBM,Information Technology,IT Consulting & Other Services,282.05,293.87,199.27,280.74,281.26,282.63,262.74,255.06,0.2,4.41,294.49,270.79
IEX,IDEX Corporation,Industrials,Industrial Machinery & Supplies & Components,169.33,232.54,156.86,166.09,164.74,163.75,163.28,178.53,0.1,-0.04,169.26,158.23
IDXX,Idexx Laboratories,Health Care,Health Care Equipment,637.13,682.78,361.04,638.49,633.75,631.23,639.62,518.08,-0.2,1.27,645.22,617.25
ITW,Illinois Tool Works,Industrials,Industrial Machinery & Supplies & Components,257.14,271.83,215.75,250.68,249.19,254.06,258.79,250.27,0.2,3.2,265.37,242.77
INCY,Incyte,Health Care,Biotechnology,87.3,88.15,55.17,87.3,86.11,85.63,85.39,71.98,0.2,2.03,89.07,82.18
IR,Ingersoll Rand,Industrials,Industrial Machinery & Supplies & Components,79.56,105.27,66.72,77.55,77.66,80.1,79.88,82.28,-0.1,7.76,85.73,74.46
PODD,Insulet Corporation,Health Care,Health Care Equipment,328.97,352.82,230.58,320.63,318.64,316.34,326.44,293.33,0.4,-0.04,328.84,303.82
INTC,Intel,Information Technology,Semiconductors,38.12,38.12,18.13,37.44,37.17,36.21,29.47,23.42,0.0,3.91,39.61,32.82
IBKR,Interactive Brokers,Financials,Investment Banking & Brokerage,66.27,72.62,35.97,67.55,69.13,68.68,65.38,54.58,0.0,10.19,73.02,64.33
ICE,Intercontinental Exchange,Financials,Financial Exchanges & Data,156.79,187.92,141.62,155.3,156.97,160.82,169.65,169.96,-0.2,8.65,170.35,151.29
IFF,International Flavors & Fragrances,Materials,Specialty Chemicals,65.01,102.26,59.55,63.59,62.07,61.64,63.69,73.56,0.4,-0.75,64.52,58.75
IP,International Paper,Materials,Paper & Plastic Packaging Products & Materials,47.68,58.45,43.05,47.15,46.68,46.4,47.08,49.23,-0.2,0.15,47.75,45.06
IPG,Interpublic Group of Companies (The),Communication Services,Advertising,26.94,30.49,22.33,26.67,26.62,26.65,26.42,25.38,-0.2,2.45,27.6,25.71
INTU,Intuit,Information Technology,Application Software,675.04,805.92,541.4,660.18,655.7,668.86,673.84,665.06,-0.2,4.11,702.78,634.92
ISRG,Intuitive Surgical,Health Care,Health Care Equipment,462.74,610.45,429.59,447.51,443.11,443.24,454.49,512.21,0.4,-0.75,459.27,427.2
IVZ,Invesco,Financials,Asset Management & Custody Banks,22.94,24.13,11.86,22.99,23.21,23.21,22.37,17.64,-0.2,6.36,24.4,22.02
INVH,Invitation Homes,Real Estate,Single-Family Residential REITs,28.69,34.81,27.94,28.54,28.36,28.58,29.43,31.4,0.2,2.3,29.35,27.81
IQV,IQVIA,Health Care,Life Sciences Tools & Services,218.67,236.69,137.0,208.83,205.44,199.16,192.56,177.46,0.0,1.27,221.45,176.88
IRM,Iron Mountain,Real Estate,Other Specialized REITs,104.41,124.18,75.72,105.27,104.41,103.6,97.85,94.99,0.2,2.97,107.51,99.69
JBHT,J.B. Hunt,Industrials,Cargo Ground Transportation,168.98,195.43,123.94,161.54,151.15,143.33,142.17,147.8,0.1,-0.4,168.3,118.36
JBL,Jabil,Information Technology,Electronic Manufacturing Services,201.12,234.45,116.78,206.22,203.68,207.86,211.28,180.63,0.0,10.71,222.66,193.07
JKHY,Jack Henry & Associates,Financials,Transaction & Payment Processing Services,156.92,189.99,146.26,154.46,152.89,150.73,156.23,170.08,0.4,-0.13,156.72,144.74
J,Jacobs Solutions,Industrials,Construction & Engineering,164.44,164.44,109.18,159.82,157.5,154.31,149.99,133.48,0.4,-0.32,163.91,144.7
JNJ,Johnson & Johnson,Health Care,Pharmaceuticals,191.88,193.72,138.72,192.42,191.54,187.71,180.96,161.23,0.0,3.01,197.66,177.76
JCI,Johnson Controls,Industrials,Building Products,111.18,111.73,70.88,110.16,108.68,108.42,107.51,94.88,0.0,0.33,111.55,105.29
JPM,JPMorgan Chase,Financials,Diversified Banks,297.09,314.53,208.26,300.25,302.17,306.44,301.9,269.93,0.0,6.73,317.08,295.8
K,Kellanova,Consumer Staples,Packaged Foods & Meats,82.98,83.09,76.96,82.96,82.92,81.93,80.21,80.35,-0.3,3.46,85.85,78.0
KVUE,Kenvue,Consumer Staples,Personal Care Products,14.93,24.0,14.11,15.11,15.75,15.94,18.3,21.03,0.0,15.67,17.27,14.61
KDP,Keurig Dr Pepper,Consumer Staples,Soft Drinks & Non-alcoholic Beverages,27.67,35.85,25.3,27.62,26.85,26.22,28.4,31.62,0.2,1.19,28.0,24.45
KEY,KeyCorp,Financials,Regional Banks,17.54,19.23,12.92,17.28,17.54,18.1,18.47,16.79,-0.2,10.66,19.41,16.79
KEYS,Keysight Technologies,Information Technology,Electronic Equipment & Instruments,167.34,185.11,127.02,164.31,165.25,169.29,168.66,161.89,-0.2,7.06,179.15,159.42
KMB,Kimberly-Clark,Consumer Staples,Household Products,120.05,144.6,119.27,120.36,120.0,121.31,125.76,130.23,0.0,3.64,124.42,118.2
KIM,Kimco Realty,Real Estate,Retail REITs,22.21,24.65,18.27,21.87,21.51,21.53,21.76,21.05,0.0,-0.23,22.16,20.9
KMI,Kinder Morgan,Energy,Oil & Gas Storage & Transportation,27.5,30.24,23.42,27.44,27.46,27.81,27.28,27.16,0.2,4.18,28.65,26.97
KKR,KKR & Co.,Financials,Asset Management & Custody Banks,123.68,166.38,92.52,120.67,121.64,125.99,135.51,131.24,-0.4,11.33,137.69,114.29
KLAC,KLA Corporation,Information Technology,Semiconductor Materials & Equipment,1147.43,1152.89,573.9,1118.56,1074.23,1083.56,990.72,824.0,0.2,2.05,1170.95,996.18
KHC,Kraft Heinz,Consumer Staples,Packaged Foods & Meats,25.58,34.07,25.04,25.43,25.3,25.62,26.35,27.41,-0.2,3.75,26.54,24.7
KR,Kroger,Consumer Staples,Food Retail,67.6,73.97,54.62,68.74,68.34,67.23,67.9,67.02,-0.2,3.42,69.91,64.56
LHX,L3Harris,Industrials,Aerospace & Defense,292.3,306.76,191.79,288.15,293.15,294.95,283.54,241.05,0.2,5.46,308.26,281.63
LH,Labcorp,Health Care,Health Care Services,284.13,290.93,211.06,285.49,281.71,280.65,277.61,252.93,0.2,1.59,288.65,272.66
LRCX,Lam Research,Information Technology,Semiconductor Materials & Equipment,145.04,149.15,58.83,143.55,140.88,139.18,120.67,92.09,0.0,4.96,152.23,126.12
LW,Lamb Weston,Consumer Staples,Packaged Foods & Meats,64.65,80.72,47.73,64.85,64.46,61.7,58.24,55.1,0.2,7.8,69.69,53.7
LVS,Las Vegas Sands,Consumer Discretionary,Casinos & Gaming,50.62,57.71,30.35,49.41,49.63,51.51,53.23,45.4,-0.4,11.56,56.47,46.55
LDOS,Leidos,Industrials,Diversified Support Services,193.16,199.29,125.82,187.83,189.27,189.85,184.69,156.43,-0.2,3.27,199.48,180.24
LEN,Lennar,Consumer Discretionary,Homebuilding,128.24,179.83,101.41,125.04,122.13,124.03,129.13,118.37,0.0,2.12,130.96,117.09
LII,Lennox International,Industrials,Building Products,548.99,672.47,505.24,531.52,532.61,533.07,552.62,576.5,0.0,1.52,557.33,508.83
LLY,Lilly (Eli),Health Care,Pharmaceuticals,799.57,925.78,624.28,811.46,822.36,803.4,757.92,784.47,0.1,11.3,889.92,716.86
LIN,Linde plc,Materials,Industrial Gases,450.08,483.59,408.92,449.64,454.39,462.98,471.26,458.12,-0.2,7.27,482.8,443.14
LYV,Live Nation Entertainment,Communication Services,Movies & Entertainment,157.24,174.06,114.73,155.23,153.85,156.76,162.07,145.17,-0.2,4.8,164.79,148.74
LKQ,LKQ Corporation,Consumer Discretionary,Distributors,30.58,43.02,28.68,30.06,29.7,30.15,30.99,36.38,0.0,3.01,31.5,28.81
LMT,Lockheed Martin,Industrials,Aerospace & Defense,489.5,597.79,407.77,496.64,501.9,499.82,473.39,458.77,-0.2,5.7,517.4,482.26
L,Loews Corporation,Financials,Multi-line Insurance,99.44,103.05,76.29,99.19,100.61,100.68,98.08,90.19,-0.2,4.17,103.59,97.77
LOW,Lowe's,Consumer Discretionary,Home Improvement Retail,245.27,276.29,209.46,243.37,239.66,244.72,254.93,237.12,-0.2,5.68,259.2,230.25
LULU,Lululemon Athletica,Consumer Discretionary,"Apparel, Accessories & Luxury Goods",181.39,421.16,159.87,170.59,170.77,173.55,180.98,270.64,0.0,0.78,182.8,164.3
LYB,LyondellBasell,Materials,Specialty Chemicals,45.21,84.3,44.91,45.93,46.38,47.84,51.45,59.59,-0.2,13.47,51.3,44.38
MTB,M&T Bank,Financials,Regional Banks,181.7,215.8,154.27,181.62,183.48,189.71,193.93,185.37,-0.2,12.2,203.87,175.55
MPC,Marathon Petroleum,Energy,Oil & Gas Refining & Marketing,182.87,198.69,117.23,183.72,184.23,189.12,181.14,159.28,0.0,9.35,199.97,178.27
MAR,Marriott International,Consumer Discretionary,"Hotels, Resorts & Cruise Lines",268.43,302.22,210.04,262.9,264.01,264.48,265.47,262.76,-0.2,1.18,271.6,257.35
MMC,Marsh McLennan,Financials,Insurance Brokers,188.95,242.13,186.48,191.76,198.89,199.48,201.69,215.92,-0.2,12.02,211.66,187.31
MLM,Martin Marietta Materials,Materials,Construction Materials,632.03,656.85,451.25,629.56,634.58,628.72,619.72,550.71,0.2,3.01,651.05,606.36
MAS,Masco,Industrials,Building Products,70.18,84.25,58.18,68.46,67.77,68.98,71.69,68.83,0.0,3.02,72.3,65.66
MA,Mastercard,Financials,Transaction & Payment Processing Services,572.03,598.17,477.88,562.41,563.69,567.89,578.87,557.09,0.0,1.93,583.07,552.68
MTCH,Match Group,Communication Services,Interactive Media & Services,33.06,38.56,26.72,32.74,32.54,33.74,35.95,32.47,-0.2,10.74,36.61,30.88
MKC,McCormick & Company,Consumer Staples,Packaged Foods & Meats,66.91,83.15,63.86,66.82,66.2,66.27,67.61,72.86,0.0,2.54,68.61,63.92
MCD,McDonald's,Consumer Discretionary,Restaurants,307.48,317.67,275.0,306.78,302.38,301.81,305.77,301.23,0.0,0.98,310.49,293.13
MCK,McKesson Corporation,Health Care,Health Care Distributors,787.29,791.93,496.98,785.7,775.71,765.12,720.68,683.21,0.2,1.28,797.37,732.87
MDT,Medtronic,Health Care,Health Care Equipment,95.83,98.43,78.03,95.58,95.98,95.9,94.21,88.75,0.0,2.73,98.45,93.35
MRK,Merck & Co.,Health Care,Pharmaceuticals,87.62,104.82,72.03,85.35,85.7,85.03,83.73,83.64,-0.2,5.48,92.42,77.64
META,Meta Platforms,Communication Services,Interactive Media & Services,733.27,789.47,483.96,722.4,719.3,725.39,745.69,673.36,-0.2,2.97,755.05,695.75
MET,MetLife,Financials,Life & Health Insurance,79.02,86.38,67.4,79.14,80.32,81.04,80.21,78.98,0.2,6.35,84.04,78.05
MTD,Mettler Toledo,Health Care,Life Sciences Tools & Services,1385.57,1411.52,970.15,1351.14,1325.33,1294.36,1290.71,1223.53,0.2,1.18,1401.92,1186.76
MGM,MGM Resorts,Consumer Discretionary,Casinos & Gaming,32.9,41.99,25.79,32.04,32.03,33.33,35.32,33.94,-0.2,10.3,36.29,30.36
MCHP,Microchip Technology,Information Technology,Semiconductors,67.52,76.79,34.83,66.06,65.25,65.21,65.29,59.48,-0.2,1.05,68.23,62.19
MU,Micron Technology,Information Technology,Semiconductors,202.29,206.77,64.62,201.18,195.62,184.64,154.46,112.56,0.2,6.32,215.07,154.21
MSFT,Microsoft,Information Technology,Systems Software,517.66,534.76,353.33,514.61,515.89,516.27,511.82,455.87,-0.2,1.79,526.93,505.63
MAA,Mid-America Apartment Communities,Real Estate,Multi-Family Residential REITs,133.4,165.69,131.43,132.48,132.84,134.65,138.16,148.18,0.0,4.21,139.02,130.29
MRNA,Moderna,Health Care,Biotechnology,27.49,55.22,23.51,27.12,27.09,26.82,26.01,29.58,-0.3,5.71,29.06,24.57
MHK,Mohawk Industries,Consumer Discretionary,Home Furnishings,131.48,161.25,97.99,128.3,124.58,126.05,129.61,116.55,0.0,1.54,133.5,118.6
MOH,Molina Healthcare,Health Care,Managed Health Care,196.8,353.24,152.31,193.58,195.44,195.18,183.08,260.17,-0.1,3.64,203.96,186.39
TAP,Molson Coors Beverage Company,Consumer Staples,Brewers,46.54,61.78,44.09,46.78,46.42,46.01,48.02,52.56,0.0,1.85,47.4,44.62
MDLZ,Mondelez International,Consumer Staples,Packaged Foods & Meats,61.75,70.19,54.9,62.06,61.77,62.15,61.92,63.3,0.3,2.9,63.54,60.77
MPWR,Monolithic Power Systems,Information Technology,Semiconductors,1028.67,1031.59,453.43,1019.93,991.42,954.07,894.43,713.59,0.2,2.22,1051.51,856.59
MNST,Monster Beverage,Consumer Staples,Soft Drinks & Non-alcoholic Beverages,68.9,70.22,46.16,69.54,69.08,67.87,65.37,59.43,0.0,3.12,71.05,64.69
MCO,Moody's Corporation,Financials,Financial Exchanges & Data,484.92,524.53,395.22,475.5,479.91,479.98,495.74,481.95,-0.2,1.59,492.63,467.33
MS,Morgan Stanley,Financials,Investment Banking & Brokerage,159.23,162.65,98.35,160.51,157.68,157.88,153.84,134.07,0.0,2.41,163.07,152.71
MOS,Mosaic Company (The),Materials,Fertilizers & Agricultural Chemicals,29.19,37.55,22.47,29.46,30.68,32.81,32.87,30.86,-0.2,29.6,37.83,27.78
MSI,Motorola Solutions,Information Technology,Communications Equipment,448.1,499.65,392.79,443.54,451.08,453.15,463.68,437.6,-0.2,4.08,466.38,439.94
MSCI,MSCI Inc.,Financials,Financial Exchanges & Data,540.36,630.0,503.37,538.83,546.83,555.42,562.07,562.81,-0.2,7.15,579.0,531.86
NDAQ,"Nasdaq, Inc.",Financials,Financial Exchanges & Data,90.33,96.67,66.01,89.07,89.44,88.57,91.55,83.87,0.0,0.68,90.94,86.21
NTAP,NetApp,Information Technology,"Technology Hardware, Storage & Peripherals",119.08,128.5,75.4,119.25,119.17,119.24,117.4,105.76,-0.2,3.22,122.91,115.55
NFLX,Netflix,Communication Services,Movies & Entertainment,1241.35,1339.13,749.12,1213.23,1216.59,1201.76,1214.54,1111.99,-0.2,0.7,1250.04,1153.43
NEM,Newmont,Materials,Gold,86.32,98.27,36.49,92.77,90.25,87.92,79.93,58.23,0.2,10.84,95.68,80.17
NWSA,News Corp (Class A),Communication Services,Publishing,26.38,31.03,23.89,26.26,26.33,27.86,28.93,28.18,-0.2,19.03,31.4,24.32
NWS,News Corp (Class B),Communication Services,Publishing,30.0,35.06,27.33,29.77,29.79,31.35,32.68,32.15,-0.2,16.33,34.9,27.8
NEE,NextEra Energy,Utilities,Multi-Utilities,83.99,85.79,63.11,84.83,84.42,81.12,75.89,71.14,0.2,6.0,89.03,73.21
NKE,"Nike, Inc.",Consumer Discretionary,"Apparel, Accessories & Luxury Goods",68.36,81.12,52.64,67.73,67.6,69.29,72.66,68.77,0.0,8.07,73.88,64.71
NI,NiSource,Utilities,Multi-Utilities,43.71,44.17,33.44,43.52,43.29,43.2,42.15,39.72,0.0,1.4,44.32,42.08
NDSN,Nordson Corporation,Industrials,Industrial Machinery & Supplies & Components,237.73,260.48,166.29,234.12,233.07,230.79,225.68,210.87,0.2,0.48,238.87,222.71
NSC,Norfolk Southern,Industrials,Rail Transportation,289.78,300.41,204.09,289.78,290.87,294.34,285.61,254.35,-0.2,4.51,302.85,285.82
NTRS,Northern Trust,Financials,Asset Management & Custody Banks,128.52,134.6,83.34,127.33,127.82,130.12,129.32,112.76,0.2,5.86,136.05,124.19
NOC,Northrop Grumman,Industrials,Aerospace & Defense,599.35,637.95,427.78,600.75,614.6,608.8,592.52,517.58,-0.2,6.51,638.37,579.25
NCLH,Norwegian Cruise Line Holdings,Consumer Discretionary,"Hotels, Resorts & Cruise Lines",23.92,29.07,15.5,23.31,23.28,23.92,24.61,22.19,-0.2,6.52,25.48,22.37
NRG,NRG Energy,Utilities,Independent Power Producers & Energy Traders,163.59,173.91,83.06,168.12,167.12,165.88,158.73,132.62,0.0,4.98,171.74,160.03
NUE,Nucor,Materials,Steel,140.52,164.83,102.37,135.67,136.35,136.3,140.36,128.88,0.0,0.01,140.53,132.06
NVDA,Nvidia,Information Technology,Semiconductors,181.16,192.57,94.3,181.73,184.19,183.87,179.55,145.99,0.0,6.13,192.27,175.48
NVR,"NVR, Inc.",Consumer Discretionary,Homebuilding,7792.13,9924.4,6700.0,7672.67,7651.22,7840.65,8054.01,7591.03,-0.2,6.02,8261.22,7419.83
NXPI,NXP Semiconductors,Information Technology,Semiconductors,222.34,250.84,152.09,218.23,217.64,222.16,225.01,210.37,-0.4,5.48,234.52,209.8
ORLY,O’Reilly Automotive,Consumer Discretionary,Automotive Retail,101.31,107.82,76.44,101.43,101.57,103.29,103.72,93.82,-0.2,6.37,107.76,98.83
OXY,Occidental Petroleum,Energy,Oil & Gas Exploration & Production,40.91,51.86,35.72,41.15,42.22,44.32,45.17,44.67,-0.2,20.53,49.31,39.33
ODFL,Old Dominion,Industrials,Cargo Ground Transportation,144.36,230.37,134.31,139.25,138.82,139.77,145.16,162.11,0.2,0.75,145.44,134.11
OMC,Omnicom Group,Communication Services,Advertising,78.71,101.44,68.6,78.19,77.97,78.03,77.31,76.41,-0.2,2.53,80.7,75.35
ON,ON Semiconductor,Information Technology,Semiconductors,55.08,74.7,31.95,53.17,51.21,50.34,50.09,48.89,0.2,-0.82,54.63,46.06
OKE,Oneok,Energy,Oil & Gas Storage & Transportation,68.95,112.93,67.22,68.34,69.36,71.21,72.67,83.52,-0.2,9.46,75.47,66.95
ORCL,Oracle Corporation,Information Technology,Application Software,275.15,327.76,122.35,292.05,294.53,291.37,272.71,200.74,0.0,13.36,311.91,270.82
OTIS,Otis Worldwide,Industrials,Industrial Machinery & Supplies & Components,92.7,104.22,84.52,91.53,90.81,90.84,89.14,94.05,-0.1,0.29,92.97,88.7
PCAR,Paccar,Industrials,Construction Machinery & Heavy Transportation Equipment,99.85,113.98,85.82,96.48,95.47,96.8,98.47,98.1,0.0,1.2,101.05,92.54
PKG,Packaging Corporation of America,Materials,Paper & Plastic Packaging Products & Materials,208.13,242.86,173.82,206.47,208.23,211.47,210.05,201.18,0.2,5.53,219.64,203.31
PLTR,Palantir Technologies,Information Technology,Application Software,181.51,187.05,41.41,179.8,180.04,180.24,172.0,127.72,-0.2,2.98,186.92,173.55
PANW,Palo Alto Networks,Information Technology,Systems Software,214.4,217.79,152.44,209.26,210.87,208.42,198.15,189.17,0.0,1.51,217.64,199.22
PSKY,Paramount Skydance Corporation,Communication Services,Movies & Entertainment,16.51,19.73,10.05,16.92,17.25,18.1,16.69,12.87,0.0,21.32,20.03,16.18
PH,Parker Hannifin,Industrials,Industrial Machinery & Supplies & Components,757.83,769.67,514.56,739.09,736.93,745.82,750.06,678.6,0.0,1.77,771.24,720.37
PAYX,Paychex,Industrials,Human Resource & Employment Services,127.54,158.58,123.42,126.94,126.81,126.5,132.04,142.64,-0.2,1.51,129.47,123.52
PAYC,Paycom,Industrials,Human Resource & Employment Services,206.86,265.28,163.33,201.73,201.8,205.02,215.4,222.45,-0.2,5.33,217.89,192.17
PYPL,PayPal,Financials,Transaction & Payment Processing Services,70.05,91.81,57.41,68.14,70.04,69.49,68.93,71.98,-0.1,7.31,75.17,63.81
PNR,Pentair,Industrials,Industrial Machinery & Supplies & Components,109.02,112.59,75.76,109.22,109.42,109.97,109.19,99.19,0.2,3.38,112.7,107.24
PEP,PepsiCo,Consumer Staples,Soft Drinks & Non-alcoholic Beverages,153.18,168.54,125.83,152.87,149.84,145.47,145.29,140.16,0.2,2.1,156.4,134.56
PFE,Pfizer,Health Care,Pharmaceuticals,24.85,27.37,20.83,24.53,24.76,25.14,24.89,24.24,0.2,10.38,27.43,22.85
PCG,PG&E Corporation,Utilities,Multi-Utilities,16.75,21.5,12.98,16.61,16.42,15.89,15.42,15.75,0.1,3.28,17.3,14.47
PM,Philip Morris International,Consumer Staples,Tobacco,152.0,181.86,114.18,156.37,157.3,157.98,161.73,158.33,0.0,8.07,164.27,151.7
PSX,Phillips 66,Energy,Oil & Gas Refining & Marketing,128.6,139.46,91.09,129.23,129.59,132.62,130.44,120.36,0.2,8.73,139.83,125.42
PNW,Pinnacle West Capital,Utilities,Multi-Utilities,92.23,93.78,79.36,92.96,92.63,90.63,89.76,89.33,0.2,3.53,95.49,85.78
PNC,PNC Financial Services,Financials,Diversified Banks,181.91,207.33,145.61,180.84,183.88,190.9,195.83,182.24,-0.2,13.58,206.61,175.19
POOL,Pool Corporation,Consumer Discretionary,Distributors,302.63,385.63,283.92,293.5,294.26,301.22,312.38,314.79,0.0,4.81,317.19,285.25
PPG,PPG Industries,Materials,Specialty Chemicals,104.38,127.81,90.49,101.74,100.77,102.41,107.3,109.77,0.2,2.2,106.68,98.14
PPL,PPL Corporation,Utilities,Electric Utilities,37.52,37.97,30.58,37.58,37.47,37.13,36.52,34.66,0.0,1.52,38.09,36.17
PFG,Principal Financial Group,Financials,Life & Health Insurance,79.39,87.17,68.21,79.26,80.11,81.59,80.51,78.84,0.2,7.53,85.37,77.81
PG,Procter & Gamble,Consumer Staples,Personal Care Products,151.62,176.3,147.42,150.4,149.96,151.22,154.75,160.12,0.0,2.06,154.74,147.69
PGR,Progressive Corporation,Financials,Property & Casualty Insurance,221.6,290.89,219.38,222.97,231.67,237.66,242.67,258.53,-0.2,15.29,255.48,219.85
PLD,Prologis,Real Estate,Industrial REITs,125.99,127.18,88.13,124.24,119.1,117.14,113.33,109.07,0.2,0.09,126.1,108.18
PRU,Prudential Financial,Financials,Life & Health Insurance,101.86,124.75,92.74,101.41,101.66,102.52,104.73,105.18,-0.2,3.4,105.32,99.72
PEG,Public Service Enterprise Group,Utilities,Electric Utilities,83.12,91.66,75.92,84.35,82.98,82.52,82.48,81.61,0.0,2.43,85.14,79.9
PTC,PTC Inc.,Information Technology,Application Software,204.55,216.53,136.74,203.61,202.47,202.82,206.64,181.08,-0.2,0.81,206.21,199.44
PSA,Public Storage,Real Estate,Self-Storage REITs,308.27,337.69,260.94,307.08,301.88,295.06,289.26,289.34,0.1,1.37,312.49,277.62
PHM,PulteGroup,Consumer Discretionary,Homebuilding,123.27,147.88,91.67,123.91,123.4,128.11,130.58,112.03,0.0,12.51,138.69,117.52
PWR,Quanta Services,Industrials,Construction & Engineering,437.43,443.45,236.5,437.29,434.0,424.19,398.58,341.11,0.0,2.75,449.46,398.91
QCOM,Qualcomm,Information Technology,Semiconductors,168.83,173.55,123.21,165.27,163.69,165.98,162.26,155.52,0.0,3.12,174.1,157.87
DGX,Quest Diagnostics,Health Care,Health Care Services,184.64,190.41,144.64,187.75,185.33,184.54,182.15,171.48,-0.2,3.81,191.67,177.4
RL,Ralph Lauren Corporation,Consumer Discretionary,"Apparel, Accessories & Luxury Goods",334.98,334.98,181.18,327.47,323.39,319.43,308.95,267.99,0.0,0.27,335.88,302.98
RJF,Raymond James Financial,Financials,Investment Banking & Brokerage,165.75,175.92,122.89,163.22,162.81,166.33,166.96,154.64,-0.4,5.92,175.56,157.09
RTX,RTX Corporation,Industrials,Aerospace & Defense,173.04,173.04,112.45,161.15,161.24,163.36,159.54,139.83,0.4,-0.21,172.68,154.03
O,Realty Income,Real Estate,Retail REITs,60.03,61.18,49.38,59.87,59.29,59.67,58.99,55.81,0.0,1.63,61.01,58.33
REG,Regency Centers,Real Estate,Retail REITs,72.16,75.5,64.21,72.15,71.7,71.72,71.42,70.7,0.0,0.94,72.84,70.6
REGN,Regeneron Pharmaceuticals,Health Care,Biotechnology,579.34,986.45,482.34,575.95,570.85,574.83,575.16,598.82,-0.2,3.82,601.47,548.18
RF,Regions Financial Corporation,Financials,Regional Banks,24.36,27.4,17.95,24.02,24.46,25.39,26.08,23.26,-0.2,12.89,27.5,23.27
RSG,Republic Services,Industrials,Environmental & Facilities Services,220.94,256.75,195.95,220.03,221.99,223.85,227.88,233.55,-0.2,3.98,229.73,217.97
RMD,ResMed,Health Care,Health Care Equipment,268.22,293.73,203.67,269.48,272.27,273.5,276.66,250.15,0.0,5.53,283.05,263.95
RVTY,Revvity,Health Care,Health Care Equipment,96.89,126.56,82.44,94.32,92.51,90.49,88.84,99.09,-0.1,1.41,98.26,82.71
HOOD,Robinhood Markets,Financials,Investment Banking & Brokerage,131.84,152.46,23.49,132.63,138.11,137.75,122.26,77.83,0.2,17.5,154.91,120.59
ROK,Rockwell Automation,Industrials,Electrical Components & Equipment,354.16,357.15,217.21,350.94,346.26,346.15,345.17,305.37,0.0,0.5,355.93,336.36
ROL,"Rollins, Inc.",Industrials,Environmental & Facilities Services,56.33,58.74,45.24,55.9,56.42,57.19,56.99,54.49,0.0,5.54,59.45,54.94
ROP,Roper Technologies,Information Technology,Electronic Equipment & Instruments,514.52,591.12,494.21,504.95,509.84,505.27,514.02,548.08,0.0,1.1,520.18,490.33
ROST,Ross Stores,Consumer Discretionary,Apparel Retail,156.41,157.45,122.22,156.47,154.21,153.07,149.98,140.83,0.2,1.44,158.66,147.48
RCL,Royal Caribbean Group,Consumer Discretionary,"Hotels, Resorts & Cruise Lines",316.78,364.72,176.89,305.92,306.96,313.98,327.57,272.4,0.0,4.63,331.45,296.51
SPGI,S&P Global,Financials,Financial Exchanges & Data,483.79,563.17,436.73,477.9,481.17,482.51,518.74,511.59,-0.2,1.89,492.93,472.11
CRM,Salesforce,Information Technology,Application Software,263.41,365.66,231.26,248.67,245.93,243.61,244.77,272.7,0.0,-2.74,256.19,231.01
SBAC,SBA Communications,Real Estate,Telecom Tower REITs,197.67,242.71,187.49,196.71,192.69,192.7,200.89,214.86,-0.2,1.01,199.67,185.75
SLB,Schlumberger,Energy,Oil & Gas Equipment & Services,33.52,43.04,31.43,33.01,32.87,33.77,34.36,36.06,-0.2,6.98,35.86,31.68
STX,Seagate Technology,Information Technology,"Technology Hardware, Storage & Peripherals",214.57,256.84,65.98,219.96,219.14,227.35,199.88,130.9,-0.2,18.64,254.57,200.13
SRE,Sempra,Utilities,Multi-Utilities,92.29,94.01,62.78,91.95,91.74,90.64,85.25,77.66,0.0,2.77,94.85,86.42
NOW,ServiceNow,Information Technology,Systems Software,941.5,1170.39,721.65,912.04,911.61,915.86,911.69,943.47,0.1,0.21,943.48,888.21
SHW,Sherwin-Williams,Materials,Specialty Chemicals,338.44,397.11,312.15,332.92,333.56,337.77,352.12,347.98,0.0,2.81,347.95,327.6
SPG,Simon Property Group,Real Estate,Retail REITs,178.72,187.67,136.92,178.08,177.51,180.69,178.55,165.98,0.2,5.39,188.35,173.03
SWKS,Skyworks Solutions,Information Technology,Semiconductors,76.4,94.95,48.25,75.31,74.16,75.85,75.44,71.53,0.0,5.94,80.94,70.77
SJM,J.M. Smucker Company (The),Consumer Staples,Packaged Foods & Meats,104.74,116.99,93.48,104.56,104.25,106.29,108.35,107.14,0.0,5.93,110.95,101.62
SW,Smurfit Westrock,Materials,Paper & Plastic Packaging Products & Materials,42.51,55.13,37.46,41.84,41.96,42.0,43.72,45.22,0.0,2.52,43.58,40.43
SNA,Snap-on,Industrials,Industrial Machinery & Supplies & Components,345.73,364.18,288.55,340.62,337.05,339.96,333.34,326.07,0.2,1.65,351.43,328.47
SOLV,Solventum,Health Care,Health Care Technology,72.91,84.04,63.01,72.19,71.81,72.23,72.64,72.85,0.0,2.06,74.41,70.04
SO,Southern Company,Utilities,Electric Utilities,97.0,99.72,78.98,98.13,97.9,96.27,94.09,89.57,0.4,3.19,100.09,92.45
LUV,Southwest Airlines,Industrials,Passenger Airlines,34.68,37.49,23.77,33.9,33.02,32.72,32.17,31.31,0.2,-0.69,34.44,31.01
SWK,Stanley Black & Decker,Industrials,Industrial Machinery & Supplies & Components,70.86,101.91,54.53,68.69,68.18,71.15,73.75,72.3,-0.4,10.22,78.1,64.2
SBUX,Starbucks,Consumer Discretionary,Restaurants,85.9,114.25,78.46,84.6,82.24,83.26,85.49,91.42,0.0,2.43,87.99,78.52
STT,State Street Corporation,Financials,Asset Management & Custody Banks,114.36,117.23,74.25,114.14,114.52,114.79,113.14,99.86,-0.4,3.63,118.51,111.08
STLD,Steel Dynamics,Materials,Steel,153.82,153.82,108.4,146.31,145.96,143.14,136.1,129.05,0.4,-1.39,151.68,134.61
STE,Steris,Health Care,Health Care Equipment,242.03,252.43,200.94,240.3,239.24,241.64,244.82,230.88,-0.2,2.76,248.71,234.56
SYK,Stryker Corporation,Health Care,Health Care Equipment,379.76,402.61,335.89,374.88,371.94,370.05,378.72,378.22,0.4,-0.21,378.96,361.15
SMCI,Supermicro,Information Technology,"Technology Hardware, Storage & Peripherals",54.82,60.71,18.01,53.96,54.72,52.31,47.3,42.53,0.0,9.14,59.83,44.8
SYF,Synchrony Financial,Financials,Consumer Finance,74.0,76.86,43.38,72.07,71.33,71.74,73.43,63.73,0.0,1.59,75.18,68.3
SNPS,Synopsys,Information Technology,Application Software,459.04,645.35,380.9,447.23,454.06,467.19,519.57,503.28,-0.2,10.09,505.36,429.0
SYY,Sysco,Consumer Staples,Food Distributors,79.16,82.73,67.09,79.58,79.16,80.3,80.32,74.8,0.0,4.93,83.06,77.53
TMUS,T-Mobile US,Communication Services,Wireless Telecommunication Services,229.08,270.87,209.08,228.32,227.77,230.76,240.89,241.81,-0.2,4.86,240.21,221.29
TROW,T. Rowe Price,Financials,Asset Management & Custody Banks,104.25,118.63,78.24,104.21,104.58,103.98,105.1,98.94,0.2,2.71,107.08,100.89
TTWO,Take-Two Interactive,Communication Services,Interactive Home Entertainment,260.28,262.29,155.27,260.93,258.58,256.85,246.46,223.98,0.0,2.3,266.27,247.43
TPR,"Tapestry, Inc.",Consumer Discretionary,"Apparel, Accessories & Luxury Goods",117.14,117.14,42.76,116.7,115.23,114.12,108.58,87.47,-0.2,2.26,119.79,108.45
TRGP,Targa Resources,Energy,Oil & Gas Storage & Transportation,151.41,213.93,146.3,149.68,153.27,160.48,162.92,174.53,0.0,17.77,178.32,142.63
TGT,Target Corporation,Consumer Staples,Consumer Staples Merchandise Retail,94.4,151.01,85.53,91.55,89.91,89.34,92.75,103.21,0.2,-1.56,92.93,85.75
TEL,TE Connectivity,Information Technology,Electronic Manufacturing Services,228.22,228.22,121.04,224.81,222.55,220.93,213.34,170.71,0.4,-0.05,228.11,213.75
TDY,Teledyne Technologies,Information Technology,Electronic Equipment & Instruments,573.75,593.62,435.54,566.87,570.6,575.27,559.48,514.02,0.0,3.6,594.4,556.12
TER,Teradyne,Information Technology,Semiconductor Materials & Equipment,143.33,147.87,67.79,140.2,139.9,139.58,125.82,103.07,0.0,3.67,148.59,130.57
TSLA,"Tesla, Inc.",Consumer Discretionary,Automobile Manufacturers,442.6,479.86,213.65,438.65,434.61,437.61,391.88,335.25,0.0,3.38,457.56,417.65
TXN,Texas Instruments,Information Technology,Semiconductors,180.84,219.66,143.34,177.55,176.91,179.45,186.73,184.51,-0.2,3.28,186.77,172.11
TPL,Texas Pacific Land Corporation,Energy,Oil & Gas Exploration & Production,928.63,1720.9,853.36,933.4,921.87,934.72,918.57,1145.07,-0.1,5.57,980.35,889.13
TXT,Textron,Industrials,Aerospace & Defense,83.02,89.96,60.69,82.19,82.88,83.84,82.23,76.83,0.4,5.37,87.48,80.19
TMO,Thermo Fisher Scientific,Health Care,Life Sciences Tools & Services,557.99,605.06,389.91,541.08,535.15,518.61,498.35,477.84,0.0,3.97,580.14,457.05
TJX,TJX Companies,Consumer Discretionary,Apparel Retail,143.91,145.16,110.99,143.76,142.39,142.54,139.7,127.81,0.0,1.35,145.85,139.24
TKO,TKO Group Holdings,Communication Services,Movies & Entertainment,186.16,205.33,113.99,188.26,188.75,193.78,192.78,166.96,0.2,10.16,205.07,182.5
TTD,Trade Desk (The),Communication Services,Advertising,53.92,139.51,43.93,51.48,51.99,50.89,50.62,70.54,-0.1,2.8,55.43,46.34
TSCO,Tractor Supply,Consumer Discretionary,Other Specialty Retail,54.77,62.65,47.62,55.25,54.9,55.46,58.37,54.67,0.2,4.93,57.47,53.45
TT,Trane Technologies,Industrials,Building Products,424.2,471.46,313.81,419.35,419.87,419.08,417.17,395.79,0.0,1.63,431.11,407.04
TDG,TransDigm Group,Industrials,Aerospace & Defense,1329.17,1516.55,1152.5,1276.77,1282.87,1288.56,1294.71,1308.91,0.2,0.06,1329.97,1247.12
TRV,Travelers Companies (The),Financials,Property & Casualty Insurance,269.34,284.97,229.61,265.52,270.09,274.74,273.42,259.84,0.0,7.05,288.33,261.15
TRMB,Trimble Inc.,Information Technology,Electronic Equipment & Instruments,79.65,85.24,55.12,78.44,78.26,79.39,80.6,74.06,0.0,3.65,82.56,76.22
TFC,Truist Financial,Financials,Diversified Banks,43.83,47.07,33.92,42.85,43.18,44.4,45.06,42.31,-0.4,7.71,47.21,41.6
TYL,Tyler Technologies,Information Technology,Application Software,518.69,646.74,485.73,506.63,507.42,509.25,536.4,568.26,-0.2,2.71,532.75,485.75
TSN,Tyson Foods,Consumer Staples,Packaged Foods & Meats,52.35,62.84,51.58,52.46,52.33,53.3,54.73,56.03,-0.2,5.67,55.32,51.27
USB,U.S. Bancorp,Financials,Diversified Banks,47.61,51.35,35.62,46.5,46.51,47.35,47.61,44.41,-0.2,3.82,49.43,45.28
UBER,Uber,Industrials,Passenger Ground Transportation,93.03,100.1,59.93,93.21,94.31,96.11,95.26,83.9,0.2,8.48,100.92,91.3
UDR,"UDR, Inc.",Real Estate,Multi-Family Residential REITs,36.59,44.54,35.6,36.21,36.09,36.18,37.23,39.77,0.2,0.85,36.9,35.46
ULTA,Ulta Beauty,Consumer Discretionary,Other Specialty Retail,525.92,566.91,314.47,531.79,541.91,547.03,532.33,445.41,-0.2,8.66,571.46,522.61
UNP,Union Pacific Corporation,Industrials,Rail Transportation,226.54,249.94,205.73,225.93,227.22,230.88,224.61,227.15,-0.3,5.8,239.68,222.09
UAL,United Airlines Holdings,Industrials,Passenger Airlines,100.11,110.52,56.15,100.56,100.13,98.6,101.8,88.86,0.0,3.89,104.0,93.19
UPS,United Parcel Service,Industrials,Air Freight & Logistics,88.06,130.93,82.58,86.22,85.27,85.02,85.46,98.58,0.0,-0.05,88.02,82.01
URI,United Rentals,Industrials,Trading Companies & Distributors,1002.29,1020.0,549.5,1001.72,990.85,975.96,954.3,767.29,0.0,2.29,1025.24,926.63
UNH,UnitedHealth Group,Health Care,Managed Health Care,365.37,611.98,236.28,360.85,361.5,356.58,331.88,388.69,-0.1,1.81,371.98,341.19
UHS,Universal Health Services,Health Care,Health Care Facilities,206.8,235.66,154.78,205.57,203.23,203.44,192.21,182.35,0.0,1.82,210.56,196.32
VLO,Valero Energy,Energy,Oil & Gas Refining & Marketing,157.69,175.63,102.97,158.6,159.91,164.09,156.68,136.3,0.0,11.21,175.37,152.81
VTR,Ventas,Real Estate,Health Care REITs,70.24,71.5,55.68,70.16,68.96,69.02,68.2,64.95,0.0,1.45,71.26,66.77
VLTO,Veralto,Industrials,Environmental & Facilities Services,103.79,113.11,85.14,102.86,102.65,104.15,105.88,100.7,-0.4,3.75,107.68,100.63
VRSN,Verisign,Information Technology,Internet Services & Infrastructure,266.46,305.1,175.69,264.74,264.34,271.25,274.5,259.71,-0.4,7.95,287.64,254.87
VRSK,Verisk Analytics,Industrials,Research & Consulting Services,237.03,320.32,229.06,235.54,239.09,243.12,254.76,284.28,-0.2,7.36,254.48,231.77
VZ,Verizon,Communication Services,Integrated Telecommunication Services,40.3,44.3,36.0,40.48,40.33,41.35,42.48,41.32,-0.2,8.64,43.78,38.93
VRTX,Vertex Pharmaceuticals,Health Care,Biotechnology,426.27,516.74,366.54,415.74,414.21,405.14,397.06,445.22,0.1,1.04,430.7,379.57
VTRS,Viatris,Health Care,Pharmaceuticals,10.39,12.87,7.08,10.19,10.04,9.97,10.14,9.4,-0.2,0.58,10.45,9.48
VICI,Vici Properties,Real Estate,Hotel & Resort REITs,31.19,33.46,27.08,31.06,31.07,31.74,32.22,31.16,-0.2,6.41,33.19,30.29
V,Visa Inc.,Financials,Transaction & Payment Processing Services,347.21,372.65,279.77,342.92,344.83,344.31,344.42,343.94,-0.4,2.04,354.29,334.3
VST,Vistra Corp.,Utilities,Electric Utilities,186.52,217.92,97.84,200.67,203.18,202.14,200.29,168.21,0.0,14.8,214.12,190.15
VMC,Vulcan Materials Company,Materials,Construction Materials,297.57,309.07,219.65,297.54,300.83,301.1,296.38,267.44,0.0,4.04,309.59,292.62
WRB,W. R. Berkley Corporation,Financials,Property & Casualty Insurance,75.0,78.46,56.03,74.51,76.15,76.13,73.7,68.43,-0.2,5.37,79.03,73.22
GWW,W. W. Grainger,Industrials,Industrial Machinery & Supplies & Components,971.54,1212.97,915.74,962.0,958.85,956.29,981.74,1017.16,-0.2,0.24,973.87,938.75
WAB,Wabtec,Industrials,Construction Machinery & Heavy Transportation Equipment,198.0,214.1,159.81,195.8,195.47,196.59,193.79,193.75,-0.2,2.03,202.02,191.17
WMT,Walmart,Consumer Staples,Consumer Staples Merchandise Retail,106.22,109.03,80.03,107.3,105.23,103.95,101.94,96.57,0.0,2.17,108.52,99.38
DIS,Walt Disney Company (The),Communication Services,Movies & Entertainment,114.3,124.01,81.37,111.7,111.2,112.2,114.77,109.7,0.0,0.78,115.19,109.22
WBD,Warner Bros. Discovery,Communication Services,Broadcasting,20.33,20.33,7.33,18.72,18.2,18.74,15.85,11.72,0.0,0.3,20.39,17.09
WM,Waste Management,Industrials,Environmental & Facilities Services,214.89,240.36,198.36,214.55,216.47,217.6,220.35,224.37,0.0,3.22,221.81,213.4
WAT,Waters Corporation,Health Care,Life Sciences Tools & Services,349.23,417.28,277.72,338.86,335.29,321.52,307.43,342.3,-0.1,2.57,358.21,284.84
WEC,WEC Energy Group,Utilities,Electric Utilities,116.58,117.5,89.8,116.88,115.94,114.62,110.88,105.32,0.2,1.39,118.2,111.04
WFC,Wells Fargo,Financials,Diversified Banks,84.76,86.46,60.29,84.9,82.52,82.55,81.45,76.08,0.2,3.29,87.55,77.55
WELL,Welltower,Real Estate,Health Care REITs,175.12,179.38,122.12,174.47,171.09,172.99,169.13,153.1,0.0,3.06,180.48,165.51
WST,West Pharmaceutical Services,Health Care,Health Care Supplies,279.39,347.02,190.04,271.01,267.2,266.09,256.22,244.93,0.4,-0.48,278.05,254.11
WDC,Western Digital,Information Technology,"Technology Hardware, Storage & Peripherals",121.41,131.31,30.45,123.1,120.38,120.14,101.08,64.02,0.2,10.58,134.26,106.02
WY,Weyerhaeuser,Real Estate,Timber REITs,23.71,32.1,23.3,23.6,23.89,24.31,24.98,26.56,0.0,7.13,25.4,23.23
WSM,"Williams-Sonoma, Inc.",Consumer Discretionary,Homefurnishing Retail,190.91,215.07,127.2,188.47,188.24,192.09,196.04,179.77,-0.2,6.02,202.4,181.77
WMB,Williams Companies,Energy,Oil & Gas Storage & Transportation,62.34,64.48,49.82,62.83,62.84,63.29,59.93,57.91,0.2,3.56,64.56,62.01
WTW,Willis Towers Watson,Financials,Insurance Brokers,330.42,349.93,286.78,331.61,335.61,339.99,335.15,319.84,0.2,6.77,352.79,327.19
WDAY,"Workday, Inc.",Information Technology,Application Software,245.67,279.91,210.47,236.7,236.69,237.93,232.16,242.5,-0.1,1.05,248.25,227.6
WYNN,Wynn Resorts,Consumer Discretionary,Casinos & Gaming,121.13,133.34,65.78,118.97,118.85,123.32,121.36,97.24,0.0,11.1,134.58,112.07
XEL,Xcel Energy,Utilities,Multi-Utilities,80.64,81.85,61.02,81.2,81.1,80.46,75.47,69.9,0.2,2.7,82.82,78.1
XYL,Xylem Inc.,Industrials,Industrial Machinery & Supplies & Components,147.19,149.9,102.25,146.09,146.24,146.23,143.41,129.03,0.0,2.6,151.02,141.43
YUM,Yum! Brands,Consumer Discretionary,Restaurants,148.53,160.96,121.48,145.97,144.46,147.69,147.11,144.88,0.2,4.77,155.61,139.77
ZBRA,Zebra Technologies,Information Technology,Electronic Equipment & Instruments,306.21,421.11,213.54,297.65,294.12,296.83,308.81,309.14,0.0,2.14,312.76,280.92
ZBH,Zimmer Biomet,Health Care,Health Care Equipment,102.69,112.61,89.76,101.33,99.05,98.86,101.56,100.24,0.0,0.28,102.98,94.75
ZTS,Zoetis,Health Care,Pharmaceuticals,146.09,190.96,141.11,144.12,143.43,143.9,148.47,156.83,0.0,0.99,147.54,140.27
