Symbol,Company,GICS_Sector,GICS_Sub_Industry,Current_Price,High_52_Week,Low_52_Week,SMA5,SMA10,SMA20,SMA50,SMA200,Score,Target_Pcnt,Target_Price,Stop_Loss
MMM,3M,Industrials,Industrial Conglomerates,155.3,159.46,122.31,154.52,155.71,155.1,153.12,143.41,-0.2,2.54,159.24,150.96
AOS,A. O. Smith,Industrials,Building Products,73.68,88.84,59.04,71.76,72.13,72.05,70.35,67.76,0.0,0.42,73.99,70.11
ABT,Abbott Laboratories,Health Care,Health Care Equipment,132.94,138.95,110.09,132.41,132.09,131.7,130.58,126.74,0.0,0.79,133.99,129.41
ABBV,AbbVie,Health Care,Biotechnology,212.56,213.0,160.57,211.95,210.22,207.09,196.79,187.18,-0.2,1.69,216.15,198.03
ACN,Accenture,Information Technology,IT Consulting & Other Services,254.95,394.31,237.87,255.64,256.22,251.54,269.14,316.44,-0.2,3.9,264.89,238.17
ADBE,Adobe Inc.,Information Technology,Application Software,348.97,586.55,333.65,348.82,353.46,351.37,361.08,408.89,-0.2,5.07,366.66,336.08
AMD,Advanced Micro Devices,Information Technology,Semiconductors,151.14,184.42,78.21,160.0,163.35,168.4,161.1,125.68,0.0,21.46,183.57,153.22
AES,AES Corporation,Utilities,Independent Power Producers & Energy Traders,12.93,19.11,9.5,13.18,13.31,13.2,12.77,11.58,-0.2,5.72,13.67,12.73
AFL,Aflac,Financials,Life & Health Insurance,106.93,112.86,97.56,106.94,107.22,106.2,103.36,104.26,0.1,2.54,109.65,102.75
A,Agilent Technologies,Health Care,Life Sciences Tools & Services,128.75,151.96,99.08,126.66,123.61,120.75,119.0,123.43,0.1,0.2,129.01,112.49
APD,Air Products,Materials,Industrial Gases,289.86,333.89,247.03,291.48,293.45,291.88,291.17,292.1,-0.1,2.89,298.24,285.52
ABNB,Airbnb,Consumer Discretionary,"Hotels, Resorts & Cruise Lines",123.81,161.42,105.69,126.44,127.75,125.78,131.66,131.29,0.2,6.61,131.99,119.56
AKAM,Akamai Technologies,Information Technology,Internet Services & Infrastructure,78.56,106.67,68.21,77.88,77.72,75.93,77.37,83.92,-0.2,2.83,80.78,71.08
ALB,Albemarle Corporation,Materials,Specialty Chemicals,81.54,109.53,50.43,81.08,82.21,81.12,75.22,75.58,0.1,5.98,86.42,75.82
ARE,Alexandria Real Estate Equities,Real Estate,Office REITs,84.7,117.87,66.61,82.5,81.82,78.7,77.94,84.87,0.1,1.23,85.74,71.66
ALGN,Align Technology,Health Care,Health Care Supplies,139.12,257.17,129.01,137.06,140.47,141.2,167.39,187.64,0.0,7.25,149.21,133.18
ALLE,Allegion,Industrials,Building Products,171.86,172.24,118.08,169.62,170.47,168.87,160.31,139.86,0.0,1.01,173.6,164.15
LNT,Alliant Energy,Utilities,Electric Utilities,64.62,66.97,54.87,64.72,65.33,65.33,63.95,61.09,0.2,3.3,66.75,63.91
ALL,Allstate,Financials,Property & Casualty Insurance,201.53,212.57,177.81,204.24,203.46,205.32,199.68,196.18,0.0,4.63,210.86,199.76
GOOGL,Alphabet Inc. (Class A),Communication Services,Interactive Media & Services,235.0,235.0,144.53,224.44,216.31,209.09,195.0,179.18,0.2,-1.98,230.35,187.82
GOOG,Alphabet Inc. (Class C),Communication Services,Interactive Media & Services,235.17,235.17,146.4,224.89,216.89,209.8,195.83,180.63,0.2,-1.9,230.7,188.9
MO,Altria,Consumer Staples,Tobacco,66.55,67.68,46.47,66.82,66.81,66.43,62.38,56.63,0.2,2.34,68.11,64.76
AMZN,Amazon,Consumer Discretionary,Broadline Retail,232.33,242.06,167.32,229.67,229.46,227.59,225.52,213.21,0.0,1.37,235.51,219.67
AMCR,Amcor,Materials,Paper & Plastic Packaging Products & Materials,8.3,10.94,8.3,8.41,8.48,8.78,9.24,9.41,-0.2,17.95,9.79,7.76
AEE,Ameren,Utilities,Multi-Utilities,100.63,103.26,80.71,100.19,100.51,100.93,99.35,95.73,0.0,1.85,102.49,99.37
AEP,American Electric Power,Utilities,Electric Utilities,108.11,114.06,87.97,109.58,111.22,111.84,108.84,101.65,-0.2,6.34,114.96,108.71
AXP,American Express,Financials,Consumer Finance,326.22,331.28,230.81,328.61,324.8,314.74,312.41,294.47,0.2,3.28,336.92,292.54
AIG,American International Group,Financials,Multi-line Insurance,79.21,87.26,69.3,80.93,81.72,80.97,80.98,79.12,-0.4,6.02,83.98,77.96
AMT,American Tower,Real Estate,Telecom Tower REITs,198.32,235.15,170.7,198.8,203.03,204.51,213.81,204.37,-0.2,7.59,213.37,195.65
AWK,American Water Works,Utilities,Water Utilities,143.6,150.19,118.87,142.16,143.3,143.74,141.97,136.45,0.0,2.15,146.69,140.79
AMP,Ameriprise Financial,Financials,Asset Management & Custody Banks,489.28,569.83,419.45,507.2,511.62,509.67,519.32,515.46,-0.2,6.91,523.09,496.22
AME,Ametek,Industrials,Electrical Components & Equipment,187.45,196.4,151.15,185.86,186.19,184.95,182.51,179.81,0.2,0.66,188.69,181.21
AMGN,Amgen,Health Care,Biotechnology,283.64,326.46,252.22,284.44,286.76,287.94,291.35,283.62,0.0,4.41,296.15,279.74
APH,Amphenol,Information Technology,Electronic Components,110.45,112.75,58.99,110.4,110.31,110.15,105.34,81.72,-0.2,1.67,112.29,108.01
ADI,Analog Devices,Information Technology,Semiconductors,247.07,254.62,163.21,247.27,250.34,241.68,237.21,216.84,0.2,6.21,262.41,220.94
AON,Aon plc,Financials,Insurance Brokers,370.54,407.61,334.44,371.4,370.69,369.85,361.84,368.92,-0.1,1.66,376.69,363.0
APA,APA Corporation,Energy,Oil & Gas Exploration & Production,22.75,25.74,13.62,23.19,22.76,21.56,20.01,19.69,0.2,6.11,24.14,18.98
APO,Apollo Global Management,Financials,Asset Management & Custody Banks,131.55,176.82,105.37,134.2,134.56,136.9,142.23,146.43,0.0,9.06,143.47,130.34
AAPL,Apple Inc.,Information Technology,"Technology Hardware, Storage & Peripherals",239.69,258.1,172.0,235.96,232.71,231.15,218.27,220.92,0.1,-0.16,239.31,222.99
AMAT,Applied Materials,Information Technology,Semiconductor Materials & Equipment,162.75,211.69,126.23,159.11,161.42,167.7,179.91,167.48,-0.4,16.82,190.12,145.27
APTV,Aptiv,Consumer Discretionary,Automotive Parts & Equipment,80.44,80.45,47.92,79.69,79.58,76.29,72.03,64.01,0.2,4.94,84.41,68.17
ACGL,Arch Capital Group,Financials,Property & Casualty Insurance,91.29,109.22,84.99,91.85,91.84,91.28,89.7,92.13,0.1,3.08,94.1,88.45
ADM,Archer Daniels Midland,Consumer Staples,Agricultural Products & Services,62.94,64.21,41.01,62.26,62.66,60.88,56.91,50.3,0.0,3.11,64.9,56.87
ANET,Arista Networks,Information Technology,Communications Equipment,142.85,142.85,64.37,138.76,136.39,136.4,121.72,102.57,0.0,-0.13,142.66,130.13
AJG,Arthur J. Gallagher & Co.,Financials,Insurance Brokers,299.18,348.08,274.44,301.68,300.88,298.13,303.19,312.81,0.0,2.93,307.95,288.31
AIZ,Assurant,Financials,Multi-line Insurance,211.17,225.29,178.36,214.39,214.69,212.48,198.81,202.87,0.1,4.13,219.89,205.06
T,AT&T,Communication Services,Integrated Telecommunication Services,29.59,29.59,19.65,29.32,29.07,28.9,28.15,25.91,0.0,0.47,29.73,28.07
ATO,Atmos Energy,Utilities,Gas Utilities,166.48,167.34,127.91,165.62,165.86,165.31,158.9,150.19,0.0,0.47,167.26,163.35
ADSK,Autodesk,Information Technology,Application Software,326.37,326.37,238.84,319.53,303.01,294.98,298.86,290.38,0.0,-0.75,323.92,266.02
ADP,Automatic Data Processing,Industrials,Human Resource & Employment Services,295.97,325.19,264.09,299.97,302.23,303.11,304.11,301.71,-0.4,4.45,309.14,297.07
AZO,AutoZone,Consumer Discretionary,Automotive Retail,4219.41,4232.96,2981.19,4204.04,4185.33,4120.82,3916.95,3601.68,0.0,1.44,4280.17,3961.48
AVB,AvalonBay Communities,Real Estate,Multi-Family Residential REITs,195.41,232.03,182.72,192.81,193.07,191.06,195.59,207.09,0.0,0.69,196.76,185.36
AVY,Avery Dennison,Materials,Paper & Plastic Packaging Products & Materials,168.06,217.94,157.86,168.19,170.79,172.33,174.37,179.23,0.0,6.49,178.97,165.7
AXON,Axon Enterprise,Industrials,Aerospace & Defense,728.41,870.97,354.62,734.95,752.51,764.94,767.53,664.28,0.0,12.6,820.19,709.71
BKR,Baker Hughes,Energy,Oil & Gas Equipment & Services,45.58,48.05,32.21,45.53,45.17,44.06,42.4,41.28,0.2,1.89,46.44,41.68
BALL,Ball Corporation,Materials,"Metal, Glass & Plastic Containers",50.94,66.93,44.6,51.0,51.78,52.56,55.5,53.7,-0.2,7.71,54.87,50.25
BAC,Bank of America,Financials,Diversified Banks,49.77,50.74,34.19,50.32,50.17,48.79,47.85,44.46,0.2,4.12,51.82,45.76
BAX,Baxter International,Health Care,Health Care Equipment,24.42,39.36,21.61,24.08,24.21,24.02,26.21,29.81,-0.2,1.47,24.78,23.25
BDX,Becton Dickinson,Health Care,Health Care Equipment,192.39,246.46,164.16,190.88,192.94,194.31,184.52,203.41,-0.3,4.01,200.1,188.51
BRK-B,Berkshire Hathaway,Financials,Multi-Sector Holdings,499.77,539.8,442.29,502.46,497.53,487.53,480.96,488.27,0.1,2.5,512.26,462.79
BBY,Best Buy,Consumer Discretionary,Computer & Electronics Retail,76.17,99.54,55.4,75.24,74.77,73.11,70.36,74.69,0.1,1.76,77.51,68.71
TECH,Bio-Techne,Health Care,Life Sciences Tools & Services,54.41,79.93,46.59,53.74,54.99,54.07,53.78,59.78,-0.1,5.97,57.66,50.47
BIIB,Biogen,Health Care,Biotechnology,140.67,204.95,113.38,138.82,137.55,136.23,132.42,136.75,0.1,2.32,143.93,128.54
BLK,BlackRock,Financials,Asset Management & Custody Banks,1099.15,1160.16,811.42,1109.86,1123.65,1131.1,1108.35,1003.79,0.0,6.02,1165.32,1096.92
BX,Blackstone Inc.,Financials,Asset Management & Custody Banks,169.99,194.8,118.51,169.64,170.33,170.17,166.49,157.4,-0.2,3.66,176.21,164.11
XYZ,"Block, Inc.",Financials,Transaction & Payment Processing Services,74.94,98.92,46.53,76.47,77.95,76.43,74.24,72.18,0.2,7.99,80.93,71.93
BK,BNY Mellon,Financials,Asset Management & Custody Banks,103.69,106.1,64.89,104.85,104.56,103.38,99.3,86.58,0.0,2.71,106.5,100.27
BA,Boeing,Industrials,Aerospace & Defense,229.61,237.38,136.59,232.96,232.84,231.27,226.9,189.22,0.2,4.14,239.12,223.43
BKNG,Booking Holdings,Consumer Discretionary,"Hotels, Resorts & Cruise Lines",5505.8,5815.92,3711.15,5555.84,5617.7,5563.12,5615.12,5125.14,-0.2,4.84,5772.28,5353.68
BSX,Boston Scientific,Health Care,Health Care Equipment,107.22,107.76,81.37,106.84,106.35,105.0,104.81,100.14,0.0,1.03,108.32,101.67
BMY,Bristol Myers Squibb,Health Care,Pharmaceuticals,47.14,61.62,43.31,47.18,47.27,47.42,47.0,51.79,-0.1,3.75,48.91,45.93
AVGO,Broadcom,Information Technology,Semiconductors,334.89,334.89,135.46,307.8,303.42,303.2,291.44,228.98,0.0,-3.63,322.73,283.64
BR,Broadridge Financial Solutions,Industrials,Data Processing & Outsourced Services,251.02,266.89,204.4,252.09,255.18,258.55,250.21,237.89,0.0,6.54,267.44,249.66
BRO,Brown & Brown,Financials,Insurance Brokers,94.79,124.07,91.23,95.59,95.97,95.68,99.67,107.96,0.0,2.88,97.52,93.84
BF-B,Brown–Forman,Consumer Staples,Distillers & Vintners,28.91,48.21,25.45,28.79,29.43,29.87,29.19,32.94,0.1,8.99,31.51,28.24
BLDR,Builders FirstSource,Industrials,Building Products,149.21,201.83,105.63,140.97,141.58,138.71,132.49,136.85,0.1,-0.62,148.28,129.14
BG,Bunge Global,Consumer Staples,Agricultural Products & Services,84.33,96.95,67.23,82.47,84.18,82.89,79.4,77.41,-0.2,3.49,87.27,78.52
BXP,"BXP, Inc.",Real Estate,Office REITs,76.83,86.01,56.05,74.16,72.21,68.61,68.57,68.66,0.1,-0.01,76.82,60.39
CHRW,C.H. Robinson,Industrials,Air Freight & Logistics,126.13,129.29,86.41,128.07,127.62,124.12,110.89,101.54,0.2,4.76,132.13,116.1
CDNS,Cadence Design Systems,Information Technology,Application Software,351.01,371.03,231.64,348.18,348.09,348.99,337.84,300.9,0.0,1.32,355.64,342.32
CZR,Caesars Entertainment,Consumer Discretionary,Casinos & Gaming,26.34,45.55,23.18,25.93,26.35,25.7,27.51,30.27,0.0,4.44,27.51,23.88
CPT,Camden Property Trust,Real Estate,Multi-Family Residential REITs,111.36,123.69,104.05,110.33,110.05,108.26,110.67,114.23,-0.2,1.13,112.62,103.9
CPB,Campbell's Company (The),Consumer Staples,Packaged Foods & Meats,34.03,49.89,30.28,32.76,32.52,32.46,31.94,36.31,0.1,-1.06,33.67,31.26
COF,Capital One,Financials,Consumer Finance,221.53,227.22,134.82,223.93,223.86,219.0,216.41,193.02,0.2,4.09,230.59,207.39
CAH,Cardinal Health,Health Care,Health Care Distributors,149.56,167.63,106.71,149.56,148.82,150.04,156.24,138.81,-0.2,4.25,155.92,144.17
KMX,CarMax,Consumer Discretionary,Automotive Retail,60.7,89.19,54.66,60.58,60.67,59.12,61.35,72.15,0.0,3.66,62.92,55.31
CCL,Carnival,Consumer Discretionary,"Hotels, Resorts & Cruise Lines",31.57,32.49,15.67,31.54,31.7,30.62,29.78,24.77,0.0,4.69,33.05,28.18
CARR,Carrier Global,Industrials,Building Products,65.51,81.67,55.21,64.04,65.42,65.72,70.57,68.5,0.0,4.4,68.39,63.05
CAT,Caterpillar Inc.,Industrials,Construction Machinery & Heavy Transportation Equipment,423.08,438.02,271.63,418.7,426.03,420.21,415.5,365.69,-0.2,3.31,437.08,403.35
CBOE,Cboe Global Markets,Financials,Financial Exchanges & Data,232.58,253.24,189.73,234.0,238.15,243.29,240.43,218.87,0.0,10.51,257.02,229.56
CBRE,CBRE Group,Real Estate,Real Estate Services,164.38,164.98,113.55,161.38,162.47,160.23,151.28,136.57,0.0,1.16,166.29,154.17
CDW,CDW Corporation,Information Technology,Technology Distributors,169.73,225.45,143.46,165.28,165.4,164.84,171.86,173.83,0.4,-0.32,169.19,160.5
COR,Cencora,Health Care,Health Care Distributors,292.5,303.69,217.68,293.36,291.79,292.54,292.67,269.32,0.0,3.03,301.36,283.71
CNC,Centene Corporation,Health Care,Managed Health Care,28.98,76.57,25.21,29.27,29.07,28.34,30.72,52.37,0.0,7.0,31.01,25.66
CNP,CenterPoint Energy,Utilities,Multi-Utilities,37.78,38.94,26.61,37.7,37.72,37.93,37.37,34.94,-0.2,2.12,38.58,37.29
CF,CF Industries,Materials,Fertilizers & Agricultural Chemicals,84.48,101.88,67.67,85.5,86.05,85.11,89.66,85.4,0.2,4.97,88.68,81.55
CRL,Charles River Laboratories,Health Care,Life Sciences Tools & Services,163.99,220.69,99.75,162.64,162.89,158.82,160.25,159.13,-0.2,2.7,168.42,149.22
SCHW,Charles Schwab Corporation,Financials,Investment Banking & Brokerage,92.05,98.69,60.96,95.57,96.11,96.36,94.89,83.75,-0.2,7.52,98.97,93.75
CHTR,Charter Communications,Communication Services,Cable & Satellite,261.5,427.25,256.57,262.45,266.27,265.48,320.41,358.42,0.0,5.2,275.1,255.85
CVX,Chevron Corporation,Energy,Integrated Oil & Gas,153.66,164.65,130.67,158.37,158.41,155.94,152.05,147.55,0.2,5.36,161.9,149.98
CMG,Chipotle Mexican Grill,Consumer Discretionary,Restaurants,41.06,66.16,41.06,41.63,42.21,42.57,47.54,52.78,0.2,7.65,44.2,40.93
CB,Chubb Limited,Financials,Property & Casualty Insurance,277.38,301.45,256.04,277.47,275.78,275.0,275.29,279.54,-0.2,1.23,280.79,269.21
CHD,Church & Dwight,Consumer Staples,Household Products,95.8,112.48,90.63,94.14,93.6,93.24,94.81,101.15,0.0,0.14,95.93,90.56
CI,Cigna,Health Care,Health Care Services,305.31,359.97,260.91,301.38,300.37,295.09,297.01,304.21,0.0,2.67,313.46,276.73
CINF,Cincinnati Financial,Financials,Property & Casualty Insurance,153.36,157.35,125.84,153.81,153.87,152.91,150.33,144.37,-0.2,1.82,156.15,149.67
CTAS,Cintas,Industrials,Diversified Support Services,204.5,227.2,181.05,206.5,209.44,214.61,217.72,209.36,-0.2,11.23,227.47,201.76
CSCO,Cisco,Information Technology,Communications Equipment,66.9,71.79,47.21,67.89,68.02,68.39,68.37,62.17,0.2,7.01,71.59,65.19
C,Citigroup,Financials,Diversified Banks,95.4,97.08,55.59,95.77,95.85,94.84,91.94,77.11,-0.2,2.39,97.68,92.0
CFG,Citizens Financial Group,Financials,Regional Banks,51.71,52.51,33.59,51.95,51.66,49.96,48.33,43.45,0.2,3.6,53.57,46.35
CLX,Clorox,Consumer Staples,Household Products,127.03,165.31,116.82,122.55,120.7,121.05,123.21,139.78,0.4,-1.08,125.66,116.45
CME,CME Group,Financials,Financial Exchanges & Data,261.94,289.38,205.04,266.13,268.0,271.81,275.12,257.33,0.0,7.86,282.53,261.1
CMS,CMS Energy,Utilities,Multi-Utilities,71.55,74.4,63.54,71.47,71.82,72.33,71.56,69.55,0.2,3.09,73.76,70.9
KO,Coca-Cola Company (The),Consumer Staples,Soft Drinks & Non-alcoholic Beverages,67.96,73.38,59.94,68.65,68.82,69.53,69.64,67.69,0.0,4.93,71.31,67.75
CTSH,Cognizant,Information Technology,IT Consulting & Other Services,71.82,89.65,65.92,71.82,71.94,70.87,73.63,77.21,0.0,2.12,73.34,68.39
COIN,Coinbase,Financials,Financial Exchanges & Data,299.07,419.78,147.35,303.26,306.81,310.89,345.41,272.55,0.2,9.72,328.14,293.64
CL,Colgate-Palmolive,Consumer Staples,Household Products,85.13,106.38,83.06,84.21,84.31,84.78,86.62,89.24,0.0,1.64,86.53,83.04
CMCSA,Comcast,Communication Services,Cable & Satellite,33.91,43.96,31.41,33.97,33.91,33.39,34.02,35.37,-0.2,3.07,34.95,31.82
CAG,Conagra Brands,Consumer Staples,Packaged Foods & Meats,19.28,30.97,18.26,19.06,19.09,19.19,19.24,23.14,0.0,2.02,19.67,18.71
COP,ConocoPhillips,Energy,Oil & Gas Exploration & Production,92.95,111.14,81.29,96.27,96.97,95.57,93.94,94.62,-0.3,7.13,99.58,91.55
ED,Consolidated Edison,Utilities,Multi-Utilities,98.05,111.42,85.77,97.83,98.87,100.49,100.63,99.17,0.0,6.72,104.64,96.34
STZ,Constellation Brands,Consumer Staples,Distillers & Vintners,148.43,252.91,145.88,150.8,156.33,162.2,166.43,183.88,-0.2,20.0,178.12,146.29
CEG,Constellation Energy,Utilities,Electric Utilities,301.58,354.46,170.52,306.86,310.72,317.67,321.47,274.43,-0.2,11.78,337.11,298.24
COO,Cooper Companies (The),Health Care,Health Care Supplies,68.09,111.23,64.58,67.19,69.7,71.3,72.01,82.72,-0.2,14.2,77.76,64.84
CPRT,Copart,Industrials,Diversified Support Services,48.57,63.84,45.33,48.79,48.73,47.97,47.43,54.7,-0.3,2.47,49.77,46.18
GLW,Corning Inc.,Information Technology,Electronic Components,71.19,71.19,38.69,69.15,68.05,66.54,60.05,50.58,0.2,-1.11,70.4,62.68
CPAY,Corpay,Financials,Transaction & Payment Processing Services,316.65,389.55,283.07,319.88,322.87,318.47,324.8,341.74,0.2,4.98,332.42,304.51
CTVA,Corteva,Materials,Fertilizers & Agricultural Chemicals,72.3,76.93,54.55,73.05,73.46,72.69,73.14,65.27,-0.2,3.49,74.82,70.57
CSGP,CoStar Group,Real Estate,Real Estate Services,89.46,96.83,69.29,88.81,89.49,89.46,88.59,79.65,0.2,3.73,92.8,86.13
COST,Costco,Consumer Staples,Consumer Staples Merchandise Retail,963.48,1073.97,869.13,950.26,948.72,964.95,962.35,973.58,-0.1,3.89,1000.96,928.96
CTRA,Coterra,Energy,Oil & Gas Exploration & Production,23.98,29.06,21.86,24.32,24.17,23.91,24.13,25.42,-0.2,3.13,24.73,23.08
CRWD,CrowdStrike,Information Technology,Systems Software,417.63,514.1,246.39,416.1,420.21,422.59,454.91,410.33,0.0,4.82,437.76,407.42
CCI,Crown Castle,Real Estate,Telecom Tower REITs,96.15,115.16,82.06,97.18,99.2,100.79,103.49,97.64,0.0,10.24,106.0,95.58
CSX,CSX Corporation,Industrials,Rail Transportation,32.53,36.37,26.47,32.43,32.65,34.23,34.22,31.98,0.0,15.46,37.56,30.91
CMI,Cummins,Industrials,Construction Machinery & Heavy Transportation Equipment,399.85,404.74,264.26,397.32,398.68,397.33,367.8,342.29,0.0,1.93,407.57,387.11
CVS,CVS Health,Health Care,Health Care Services,73.78,74.09,42.33,73.61,72.62,70.34,66.29,60.97,0.0,3.39,76.28,64.39
DHR,Danaher Corporation,Health Care,Life Sciences Tools & Services,200.21,276.83,174.36,201.66,204.44,205.86,201.68,208.76,0.1,7.12,214.46,197.26
DRI,Darden Restaurants,Consumer Discretionary,Restaurants,210.14,224.21,150.91,208.72,207.64,206.63,208.16,195.95,-0.2,0.35,210.88,202.38
DDOG,Datadog,Information Technology,Application Software,136.08,168.65,87.0,134.37,133.04,130.76,137.19,127.78,0.0,1.69,138.38,123.15
DVA,DaVita,Health Care,Health Care Services,137.87,177.35,127.69,136.82,137.41,135.7,139.43,148.19,0.0,2.52,141.34,130.06
DAY,Dayforce,Industrials,Human Resource & Employment Services,69.0,81.8,49.33,69.47,69.49,63.79,59.55,63.05,0.1,15.0,79.35,48.22
DECK,Deckers Brands,Consumer Discretionary,Footwear,120.4,223.11,95.32,122.1,118.12,111.01,107.37,138.91,0.1,5.41,126.91,95.11
DE,Deere & Company,Industrials,Agricultural & Farm Machinery,473.26,529.8,376.26,474.62,482.93,489.68,501.78,475.75,-0.2,8.6,513.96,465.43
DELL,Dell Technologies,Information Technology,"Technology Hardware, Storage & Peripherals",124.83,142.14,70.88,123.73,127.8,132.08,129.2,112.38,0.2,15.61,144.32,119.83
DAL,Delta Air Lines,Industrials,Passenger Airlines,61.18,68.45,35.65,61.18,61.24,59.75,55.87,54.66,0.0,5.33,64.44,55.06
DVN,Devon Energy,Energy,Oil & Gas Exploration & Production,34.76,42.08,26.61,35.59,35.55,34.55,33.62,33.58,0.4,5.61,36.71,32.38
DXCM,Dexcom,Health Care,Health Care Equipment,80.51,90.75,59.83,77.97,77.56,78.87,81.85,80.03,0.0,3.95,83.69,74.05
FANG,Diamondback Energy,Energy,Oil & Gas Exploration & Production,138.71,194.36,117.58,144.47,145.11,141.99,142.06,148.94,-0.2,8.25,150.15,133.83
DLR,Digital Realty,Real Estate,Data Center REITs,163.24,191.46,135.17,163.63,165.73,166.38,170.81,166.89,0.0,4.93,171.29,161.48
DG,Dollar General,Consumer Staples,Consumer Staples Merchandise Retail,109.28,116.32,67.66,109.33,110.48,112.33,111.59,90.92,0.0,7.0,116.93,107.72
DLTR,Dollar Tree,Consumer Staples,Consumer Staples Merchandise Retail,101.12,117.16,61.21,104.78,108.64,111.24,110.16,85.23,-0.2,18.91,120.24,102.24
D,Dominion Energy,Utilities,Multi-Utilities,58.19,62.1,49.07,58.99,59.7,60.53,59.06,55.37,-0.2,7.85,62.76,58.29
DPZ,Domino's,Consumer Discretionary,Restaurants,463.83,495.6,398.04,463.73,458.3,452.14,458.81,456.52,-0.2,1.07,468.79,435.51
DASH,DoorDash,Consumer Discretionary,Specialized Consumer Services,246.85,270.99,123.56,246.76,246.82,249.41,246.53,203.58,-0.2,5.29,259.91,238.92
DOV,Dover Corporation,Industrials,Industrial Machinery & Supplies & Components,177.75,204.71,150.28,177.09,179.3,178.32,181.97,184.15,0.0,3.33,183.67,172.98
DOW,Dow Inc.,Materials,Commodity Chemicals,24.5,51.44,20.57,24.28,24.37,23.42,25.12,31.73,0.0,5.51,25.85,20.99
DHI,D. R. Horton,Consumer Discretionary,Homebuilding,181.8,194.88,114.44,174.08,171.48,166.91,150.42,137.44,0.2,-1.37,179.31,154.51
DTE,DTE Energy,Utilities,Multi-Utilities,136.6,141.49,114.13,136.16,137.22,138.52,136.71,129.8,0.2,4.0,142.06,134.98
DUK,Duke Energy,Utilities,Electric Utilities,120.61,124.85,102.96,121.47,122.41,123.02,120.21,114.67,0.0,4.03,125.47,120.57
DD,DuPont,Materials,Specialty Chemicals,77.82,87.69,54.51,76.65,76.82,74.67,73.67,73.02,0.2,2.26,79.58,69.76
EMN,Eastman Chemical Company,Materials,Specialty Chemicals,69.06,110.6,58.79,69.0,68.82,66.9,71.73,83.68,0.0,3.98,71.81,61.98
ETN,Eaton Corporation,Industrials,Electrical Components & Equipment,349.03,391.62,244.95,346.63,348.53,351.46,361.44,327.6,-0.4,4.05,363.17,339.76
EBAY,eBay Inc.,Consumer Discretionary,Broadline Retail,92.66,100.46,56.61,91.27,93.37,95.65,86.38,71.8,0.2,10.76,102.63,88.67
ECL,Ecolab,Materials,Specialty Chemicals,273.56,285.47,225.1,274.71,277.43,278.61,272.12,255.55,0.0,4.63,286.23,271.0
EIX,Edison International,Utilities,Electric Utilities,54.45,84.75,47.56,55.28,55.15,55.3,53.26,58.32,-0.1,4.33,56.81,53.79
EW,Edwards Lifesciences,Health Care,Health Care Equipment,80.94,81.83,64.54,81.25,81.23,79.98,78.71,74.34,-0.2,2.76,83.17,76.8
EA,Electronic Arts,Communication Services,Interactive Home Entertainment,168.62,178.81,116.08,169.58,170.73,172.09,161.39,148.71,-0.2,5.98,178.7,165.47
ELV,Elevance Health,Health Care,Managed Health Care,313.64,546.53,274.66,316.85,314.51,308.13,313.82,375.96,0.0,4.22,326.88,289.37
EMR,Emerson Electric,Industrials,Electrical Components & Equipment,132.55,149.04,93.37,131.71,132.6,132.33,137.19,123.2,-0.2,1.83,134.98,129.69
ENPH,Enphase Energy,Information Technology,Semiconductor Materials & Equipment,39.65,119.74,30.11,37.59,37.74,35.98,37.18,52.88,-0.2,1.36,40.19,31.77
ETR,Entergy,Utilities,Electric Utilities,87.75,91.02,59.06,87.73,88.44,89.01,86.63,81.55,0.2,3.75,91.04,86.97
EOG,EOG Resources,Energy,Oil & Gas Exploration & Production,117.93,134.72,102.81,122.21,122.21,120.17,119.73,120.44,-0.1,6.47,125.56,114.77
EPAM,EPAM Systems,Information Technology,IT Consulting & Other Services,169.46,267.63,143.33,172.53,172.81,166.68,167.76,194.92,0.0,7.12,181.53,151.84
EQT,EQT Corporation,Energy,Oil & Gas Exploration & Production,51.6,60.26,31.49,51.83,51.94,51.73,53.56,51.25,0.0,2.56,52.92,50.54
EFX,Equifax,Industrials,Research & Consulting Services,249.67,304.58,204.69,241.52,244.83,245.11,249.57,252.1,0.0,2.3,255.41,234.81
EQIX,Equinix,Real Estate,Data Center REITs,773.68,968.75,731.64,772.32,778.91,776.2,775.9,853.72,0.1,2.32,791.63,760.75
EQR,Equity Residential,Real Estate,Multi-Family Residential REITs,66.81,75.24,61.2,65.44,65.22,64.42,65.54,68.32,0.0,-0.31,66.6,62.24
ERIE,Erie Indemnity,Financials,Insurance Brokers,335.07,537.71,328.17,338.42,347.4,355.26,352.62,383.45,0.1,13.08,378.9,331.63
ESS,Essex Property Trust,Real Estate,Multi-Family Residential REITs,268.12,308.41,252.08,264.99,265.74,261.8,272.39,281.18,0.0,1.45,272.01,251.59
EL,Estée Lauder Companies (The),Consumer Staples,Personal Care Products,89.2,98.93,49.61,90.15,90.31,90.09,88.79,73.65,-0.2,5.31,93.94,86.25
EG,Everest Group,Financials,Reinsurance,340.0,400.34,324.54,344.2,342.82,339.18,336.47,347.11,0.3,3.28,351.15,327.21
EVRG,Evergy,Utilities,Electric Utilities,71.6,72.6,56.74,71.42,71.61,71.7,70.12,65.57,-0.2,1.3,72.53,70.87
ES,Eversource Energy,Utilities,Electric Utilities,63.53,66.62,53.58,63.6,64.12,64.82,65.11,60.89,-0.2,5.23,66.85,62.8
EXC,Exelon,Utilities,Electric Utilities,43.43,46.54,35.25,43.44,43.93,44.31,43.73,41.9,0.2,4.77,45.5,43.13
EXE,Expand Energy,Energy,Oil & Gas Exploration & Production,95.51,120.67,68.08,96.85,96.23,95.58,100.59,102.56,0.0,3.02,98.39,92.77
EXPE,Expedia Group,Consumer Discretionary,"Hotels, Resorts & Cruise Lines",214.95,216.52,129.01,214.19,213.8,208.77,191.83,178.36,0.0,3.07,221.55,196.0
EXPD,Expeditors International,Industrials,Air Freight & Logistics,120.91,129.72,102.14,120.87,120.99,120.29,117.49,114.58,-0.2,1.85,123.15,117.43
EXR,Extra Space Storage,Real Estate,Self-Storage REITs,147.28,177.29,125.24,143.75,142.62,140.01,144.23,147.19,0.2,-0.67,146.29,133.72
XOM,ExxonMobil,Energy,Integrated Oil & Gas,109.23,121.0,98.11,112.5,112.31,109.52,109.59,107.97,0.2,6.0,115.78,103.26
FFIV,"F5, Inc.",Information Technology,Communications Equipment,315.89,326.47,198.93,311.83,314.38,316.58,307.56,281.15,-0.2,3.06,325.56,307.6
FDS,FactSet,Financials,Financial Exchanges & Data,371.01,490.93,368.54,370.7,374.82,374.93,404.83,440.09,0.0,3.71,384.77,365.09
FICO,Fair Isaac,Information Technology,Application Software,1531.99,2382.4,1311.26,1519.64,1478.38,1408.61,1511.66,1832.41,0.0,2.29,1567.07,1250.16
FAST,Fastenal,Industrials,Trading Companies & Distributors,47.99,50.39,31.56,49.33,49.76,49.32,46.63,40.63,-0.2,6.08,50.91,47.73
FRT,Federal Realty Investment Trust,Real Estate,Retail REITs,102.67,113.73,82.59,100.68,100.09,97.09,95.25,98.84,-0.1,1.11,103.81,90.37
FDX,FedEx,Industrials,Air Freight & Logistics,227.72,300.06,196.8,226.72,229.8,229.16,230.32,242.3,0.0,3.55,235.8,222.53
FIS,Fidelity National Information Services,Financials,Transaction & Payment Processing Services,68.74,89.62,67.79,68.75,69.61,70.12,75.74,76.97,0.0,5.56,72.56,67.69
FITB,Fifth Third Bancorp,Financials,Regional Banks,45.62,47.14,33.02,45.76,45.41,43.97,43.07,40.99,0.2,3.13,47.05,40.89
FSLR,First Solar,Information Technology,Semiconductors,205.14,255.75,120.38,199.89,198.62,196.56,183.13,165.66,0.0,5.45,216.32,176.79
FE,FirstEnergy,Utilities,Electric Utilities,43.48,43.95,37.17,43.49,43.58,43.52,41.88,40.26,0.2,1.13,43.97,43.07
FI,Fiserv,Financials,Transaction & Payment Processing Services,135.05,237.79,132.22,136.59,137.34,136.65,148.82,189.14,0.0,4.61,141.28,132.02
F,Ford Motor Company,Consumer Discretionary,Automobile Manufacturers,11.74,11.91,8.45,11.71,11.76,11.56,11.32,10.1,0.0,2.3,12.01,11.12
FTNT,Fortinet,Information Technology,Systems Software,78.83,114.57,74.39,77.51,78.03,77.98,92.54,98.11,-0.2,3.01,81.2,74.76
FTV,Fortive,Industrials,Industrial Machinery & Supplies & Components,47.87,62.47,46.55,47.54,48.06,47.92,49.79,54.45,0.2,2.63,49.13,46.71
FOXA,Fox Corporation (Class A),Communication Services,Broadcasting,61.5,61.5,38.55,60.52,59.85,58.58,56.75,52.63,0.2,1.59,62.48,54.68
FOX,Fox Corporation (Class B),Communication Services,Broadcasting,55.97,55.97,35.67,55.16,54.61,53.46,51.95,48.87,0.2,1.89,57.03,49.88
BEN,Franklin Resources,Financials,Asset Management & Custody Banks,24.97,26.03,16.43,25.46,25.45,25.32,24.86,21.2,0.0,4.53,26.1,24.55
FCX,Freeport-McMoRan,Materials,Copper,46.34,51.16,28.93,45.59,44.75,43.33,43.57,39.75,-0.2,0.54,46.59,40.07
GRMN,Garmin,Consumer Discretionary,Consumer Electronics,237.39,241.82,159.72,237.61,236.59,234.5,226.77,211.75,0.0,1.6,241.19,227.79
IT,Gartner,Information Technology,IT Consulting & Other Services,245.91,551.8,225.98,246.46,246.09,242.02,311.43,428.02,-0.2,4.09,255.97,228.07
GE,GE Aerospace,Industrials,Aerospace & Defense,279.23,282.27,159.16,277.6,274.45,272.51,265.89,216.19,0.0,1.07,282.22,262.8
GEHC,GE HealthCare,Health Care,Health Care Equipment,75.73,93.69,58.69,73.51,73.94,73.77,74.25,77.34,-0.2,0.13,75.83,71.71
GEV,GE Vernova,Industrials,Heavy Electrical Equipment,582.08,664.55,197.94,590.12,604.19,615.97,595.64,426.67,0.0,13.49,660.6,571.33
GEN,Gen Digital,Information Technology,Systems Software,29.5,32.03,23.31,29.68,30.28,30.79,30.1,28.16,0.2,9.69,32.36,29.22
GNRC,Generac,Industrials,Electrical Components & Equipment,181.3,202.85,101.92,179.88,185.05,191.01,172.29,148.64,-0.2,14.02,206.72,175.31
GD,General Dynamics,Industrials,Aerospace & Defense,322.86,325.46,239.38,323.41,322.91,319.16,309.81,276.57,0.0,1.4,327.38,310.93
GIS,General Mills,Consumer Staples,Packaged Foods & Meats,50.58,72.16,48.44,49.72,49.5,49.56,50.12,56.0,0.2,-0.34,50.41,48.7
GM,General Motors,Consumer Discretionary,Automobile Manufacturers,58.27,59.72,42.35,58.26,58.4,57.03,54.21,50.48,0.0,3.47,60.29,53.77
GPC,Genuine Parts Company,Consumer Discretionary,Distributors,139.5,141.25,104.68,138.48,138.9,137.66,131.67,122.28,0.0,1.71,141.89,133.42
GILD,Gilead Sciences,Health Care,Biotechnology,115.05,120.47,76.26,113.3,113.66,116.25,113.48,104.04,0.2,5.91,121.85,110.64
GPN,Global Payments,Financials,Transaction & Payment Processing Services,87.78,118.42,67.25,87.53,88.08,86.49,83.38,93.08,-0.1,3.99,91.28,81.71
GL,Globe Life,Financials,Life & Health Insurance,139.81,143.27,100.46,140.35,140.3,139.34,132.27,121.98,0.0,1.9,142.47,136.21
GDDY,GoDaddy,Information Technology,Internet Services & Infrastructure,145.24,214.35,133.35,145.27,146.13,144.24,158.65,181.04,0.0,4.43,151.67,136.8
GS,Goldman Sachs,Financials,Investment Banking & Brokerage,738.21,748.9,457.48,738.75,740.44,733.05,718.39,614.92,-0.2,2.47,756.44,709.64
HAL,Halliburton,Energy,Oil & Gas Equipment & Services,22.1,31.1,18.96,22.25,22.18,21.56,21.54,23.63,-0.1,3.76,22.93,20.18
HIG,Hartford (The),Financials,Property & Casualty Insurance,131.67,134.7,105.0,132.64,132.54,131.37,126.49,119.68,0.2,2.61,135.11,127.62
HAS,Hasbro,Consumer Discretionary,Leisure Products,79.73,81.85,49.75,80.02,80.77,79.91,77.26,64.45,0.2,3.86,82.81,77.0
HCA,HCA Healthcare,Health Care,Health Care Facilities,420.77,420.77,295.46,410.01,407.21,400.88,379.84,345.82,0.2,-0.19,419.97,381.8
DOC,Healthpeak Properties,Real Estate,Health Care REITs,18.39,21.82,16.53,18.0,17.87,17.45,17.61,18.51,0.2,-0.05,18.38,16.53
HSIC,Henry Schein,Health Care,Health Care Distributors,69.43,81.91,62.7,68.46,68.74,68.21,69.97,71.28,0.0,1.18,70.25,66.16
HSY,Hershey Company (The),Consumer Staples,Packaged Foods & Meats,185.48,196.72,141.22,185.0,183.22,181.0,177.67,167.05,0.2,1.03,187.39,174.6
HPE,Hewlett Packard Enterprise,Information Technology,"Technology Hardware, Storage & Peripherals",23.52,24.05,12.42,22.95,22.81,22.04,21.11,19.34,0.2,0.94,23.74,20.33
HLT,Hilton Worldwide,Consumer Discretionary,"Hotels, Resorts & Cruise Lines",272.3,278.5,201.05,275.49,275.63,271.89,270.42,250.91,0.2,3.27,281.2,262.58
HOLX,Hologic,Health Care,Health Care Equipment,66.76,83.72,52.73,66.62,66.85,67.42,66.31,65.78,0.2,3.33,68.98,65.85
HD,Home Depot (The),Consumer Discretionary,Home Improvement Retail,418.95,423.6,331.29,408.91,407.79,401.75,382.18,378.66,0.2,-0.2,418.11,385.39
HON,Honeywell,Industrials,Industrial Conglomerates,214.25,239.16,180.99,216.1,218.91,217.78,224.97,217.32,-0.2,4.12,223.08,212.48
HRL,Hormel Foods,Consumer Staples,Packaged Foods & Meats,25.66,32.6,25.03,25.34,26.78,27.68,28.75,29.49,-0.2,20.07,30.81,24.55
HST,Host Hotels & Resorts,Real Estate,Hotel & Resort REITs,17.43,18.25,12.54,17.3,17.19,16.52,16.23,15.8,0.2,3.04,17.96,15.07
HWM,Howmet Aerospace,Industrials,Aerospace & Defense,178.2,192.01,91.19,175.91,174.95,175.26,180.12,145.69,-0.2,1.92,181.62,168.9
HPQ,HP Inc.,Information Technology,"Technology Hardware, Storage & Peripherals",29.34,38.15,21.63,28.89,28.22,27.4,26.09,28.62,-0.1,0.44,29.47,25.34
HUBB,Hubbell Incorporated,Industrials,Industrial Machinery & Supplies & Components,436.04,466.13,313.96,432.63,436.94,432.84,426.24,398.45,-0.2,2.8,448.25,417.41
HUM,Humana,Health Care,Managed Health Care,307.92,366.52,220.41,309.12,303.64,292.71,260.12,261.0,-0.1,3.73,319.41,266.02
HBAN,Huntington Bancshares,Financials,Regional Banks,17.63,17.88,12.37,17.72,17.63,17.09,16.92,15.96,0.2,3.63,18.27,15.9
HII,Huntington Ingalls Industries,Industrials,Aerospace & Defense,271.13,277.49,156.78,270.19,270.84,268.22,260.78,215.58,0.0,1.21,274.41,262.02
IBM,IBM,Information Technology,IT Consulting & Other Services,248.53,292.8,195.22,244.96,243.95,241.62,260.95,246.38,0.0,-0.02,248.48,234.78
IEX,IDEX Corporation,Industrials,Industrial Machinery & Supplies & Components,164.93,233.54,157.53,163.55,164.96,164.33,171.72,188.4,0.0,3.15,170.13,158.55
IDXX,Idexx Laboratories,Health Care,Health Care Equipment,642.99,682.78,361.04,640.78,642.04,644.95,590.55,483.85,0.0,2.78,660.87,629.06
ITW,Illinois Tool Works,Industrials,Industrial Machinery & Supplies & Components,266.24,273.51,217.09,264.01,265.5,263.2,259.16,252.6,0.0,1.51,270.26,256.15
INCY,Incyte,Health Care,Biotechnology,86.64,86.96,55.17,85.93,85.2,84.66,76.55,69.77,0.0,3.06,89.29,80.03
IR,Ingersoll Rand,Industrials,Industrial Machinery & Supplies & Components,80.95,105.27,66.72,78.98,79.72,79.12,82.53,85.32,0.0,1.42,82.1,76.15
PODD,Insulet Corporation,Health Care,Health Care Equipment,348.43,348.43,212.51,344.65,338.68,328.27,307.19,283.89,0.0,1.82,354.77,301.78
INTC,Intel,Information Technology,Semiconductors,24.49,27.39,18.13,24.33,24.51,23.71,22.68,21.7,0.2,8.37,26.54,20.88
IBKR,Interactive Brokers,Financials,Investment Banking & Brokerage,60.16,67.54,30.35,62.91,62.72,63.39,61.86,51.2,-0.2,10.72,66.61,60.16
ICE,Intercontinental Exchange,Financials,Financial Exchanges & Data,174.27,188.45,142.02,175.12,176.86,179.29,181.55,168.59,-0.2,6.81,186.14,172.44
IFF,International Flavors & Fragrances,Materials,Specialty Chemicals,66.03,104.49,63.46,66.27,66.71,66.0,70.81,77.83,0.0,3.41,68.28,63.73
IP,International Paper,Materials,Paper & Plastic Packaging Products & Materials,48.69,58.45,43.05,48.8,48.84,48.07,49.24,50.57,0.0,2.49,49.9,46.23
IPG,Interpublic Group of Companies (The),Communication Services,Advertising,27.15,30.52,22.33,26.65,26.63,26.11,25.23,25.62,0.1,1.33,27.51,24.71
INTU,Intuit,Information Technology,Application Software,672.82,807.39,542.39,667.76,664.93,688.61,739.28,662.47,0.0,10.03,740.3,636.9
ISRG,Intuitive Surgical,Health Care,Health Care Equipment,466.86,610.45,441.18,460.99,466.88,471.97,495.03,527.12,-0.4,5.15,490.9,453.06
IVZ,Invesco,Financials,Asset Management & Custody Banks,21.99,22.06,11.86,21.84,21.84,21.35,19.76,16.73,0.0,2.14,22.46,20.25
INVH,Invitation Homes,Real Estate,Single-Family Residential REITs,30.25,36.03,29.76,30.49,30.73,30.5,31.33,32.21,0.2,3.54,31.32,29.68
IQV,IQVIA,Health Care,Life Sciences Tools & Services,187.68,248.84,137.0,186.19,187.54,187.71,179.05,178.07,0.2,3.97,195.13,180.3
IRM,Iron Mountain,Real Estate,Other Specialized REITs,92.18,125.19,76.34,90.97,91.58,91.43,95.54,97.08,0.0,1.76,93.8,89.07
JBHT,J.B. Hunt,Industrials,Cargo Ground Transportation,143.73,195.43,123.94,144.73,145.06,144.0,146.26,153.73,0.4,3.7,149.05,138.96
JBL,Jabil,Information Technology,Electronic Manufacturing Services,210.1,230.3,100.84,205.64,207.3,211.63,217.62,168.58,-0.4,7.9,226.7,196.56
JKHY,Jack Henry & Associates,Financials,Transaction & Payment Processing Services,162.24,190.67,158.52,161.95,162.46,161.8,170.41,173.89,0.0,1.75,165.08,158.52
J,Jacobs Solutions,Industrials,Construction & Engineering,145.42,151.85,109.18,144.8,146.3,147.12,141.39,130.7,0.2,3.71,150.82,143.43
JNJ,Johnson & Johnson,Health Care,Pharmaceuticals,178.43,178.76,138.72,178.08,177.42,175.95,167.01,155.15,0.0,1.09,180.37,171.52
JCI,Johnson Controls,Industrials,Building Products,106.23,111.73,66.66,106.3,107.15,106.24,106.46,90.58,-0.2,2.62,109.01,103.46
JPM,JPMorgan Chase,Financials,Diversified Banks,294.38,303.82,199.83,299.77,298.89,295.06,292.65,260.24,0.2,3.25,303.95,286.15
K,Kellanova,Consumer Staples,Packaged Foods & Meats,79.87,81.71,77.28,79.25,79.25,79.38,79.24,80.06,0.1,0.04,79.9,78.86
KVUE,Kenvue,Consumer Staples,Personal Care Products,18.62,24.0,18.62,20.22,20.6,20.97,21.23,21.88,0.0,19.82,22.31,19.64
KDP,Keurig Dr Pepper,Consumer Staples,Soft Drinks & Non-alcoholic Beverages,28.65,36.99,28.65,29.0,29.92,32.37,33.01,32.73,0.0,32.46,37.95,26.79
KEY,KeyCorp,Financials,Regional Banks,18.94,19.18,12.92,19.04,19.02,18.42,18.12,16.66,0.2,4.01,19.7,17.14
KEYS,Keysight Technologies,Information Technology,Electronic Equipment & Instruments,167.9,185.11,127.02,165.48,165.55,164.71,164.22,161.07,0.0,1.16,169.85,159.57
KMB,Kimberly-Clark,Consumer Staples,Household Products,129.89,146.03,122.21,129.01,129.8,131.68,130.42,132.59,0.1,4.93,136.29,127.07
KIM,Kimco Realty,Real Estate,Retail REITs,22.76,24.93,18.48,22.55,22.41,21.83,21.59,21.57,0.2,1.49,23.1,20.57
KMI,Kinder Morgan,Energy,Oil & Gas Storage & Transportation,26.59,30.24,19.94,26.75,26.74,26.71,27.28,26.99,0.2,1.88,27.09,26.32
KKR,KKR & Co.,Financials,Asset Management & Custody Banks,135.53,166.38,92.52,137.19,138.71,140.51,141.53,134.49,0.0,8.63,147.23,133.81
KLAC,KLA Corporation,Information Technology,Semiconductor Materials & Equipment,905.09,953.34,573.9,868.13,876.15,890.0,902.09,758.08,-0.2,4.66,947.27,832.73
KHC,Kraft Heinz,Consumer Staples,Packaged Foods & Meats,27.29,34.2,25.24,27.03,27.21,27.19,27.04,28.02,-0.1,2.42,27.95,26.44
KR,Kroger,Consumer Staples,Food Retail,67.75,73.97,50.47,68.05,68.44,69.88,70.53,65.83,-0.2,9.02,73.86,65.91
LHX,L3Harris,Industrials,Aerospace & Defense,272.39,278.26,192.63,274.25,275.46,273.66,268.09,231.91,-0.2,2.49,279.17,268.14
LH,Labcorp,Health Care,Health Care Services,278.67,278.67,209.65,275.9,276.4,273.74,263.34,245.35,0.0,1.08,281.68,265.82
LRCX,Lam Research,Information Technology,Semiconductor Materials & Equipment,102.95,107.38,58.94,99.66,101.1,101.52,99.77,82.96,-0.2,4.13,107.2,95.85
LW,Lamb Weston,Consumer Staples,Packaged Foods & Meats,58.0,80.72,47.73,56.88,56.67,55.29,53.93,57.13,0.1,1.26,58.73,51.85
LVS,Las Vegas Sands,Consumer Discretionary,Casinos & Gaming,53.7,57.71,30.35,55.76,56.07,54.79,51.6,45.23,-0.2,7.91,57.95,51.64
LDOS,Leidos,Industrials,Diversified Support Services,179.0,199.72,126.1,179.42,180.76,179.73,169.48,151.41,0.2,2.57,183.6,175.87
LEN,Lennar,Consumer Discretionary,Homebuilding,141.88,183.45,101.84,135.97,135.01,131.72,120.85,122.48,0.1,-0.13,141.7,121.74
LII,Lennox International,Industrials,Building Products,578.05,674.16,506.5,557.18,564.25,578.66,597.32,593.77,-0.2,6.87,617.76,539.55
LLY,Lilly (Eli),Health Care,Pharmaceuticals,727.21,939.13,624.28,735.14,728.49,702.04,744.05,783.1,-0.2,6.44,774.04,630.01
LIN,Linde plc,Materials,Industrial Gases,469.52,481.18,408.92,472.32,476.02,475.8,470.47,452.84,0.0,3.06,483.89,467.69
LYV,Live Nation Entertainment,Communication Services,Movies & Entertainment,163.42,166.62,92.78,164.07,165.07,162.38,154.43,140.96,0.2,3.91,169.81,154.94
LKQ,LKQ Corporation,Consumer Discretionary,Distributors,32.38,43.02,28.96,32.25,32.06,31.29,33.44,37.4,0.2,2.84,33.3,29.28
LMT,Lockheed Martin,Industrials,Aerospace & Defense,463.9,597.79,407.77,454.93,451.83,443.12,443.27,459.91,0.0,0.18,464.74,421.49
L,Loews Corporation,Financials,Multi-line Insurance,96.64,97.53,76.27,96.81,96.48,95.78,93.17,87.83,0.0,1.3,97.9,93.66
LOW,Lowe's,Consumer Discretionary,Home Improvement Retail,269.97,278.66,209.46,262.4,260.92,255.83,237.56,237.87,-0.1,0.11,270.27,241.39
LULU,Lululemon Athletica,Consumer Discretionary,"Apparel, Accessories & Luxury Goods",167.8,421.16,167.8,194.97,199.8,197.93,212.97,300.75,-0.2,28.34,215.35,180.5
LYB,LyondellBasell,Materials,Specialty Chemicals,55.08,89.15,47.21,55.15,55.89,53.58,56.83,63.23,0.2,7.86,59.41,47.75
MTB,M&T Bank,Financials,Regional Banks,199.57,215.8,154.27,199.93,199.28,194.36,193.84,186.4,0.2,2.7,204.96,183.76
MPC,Marathon Petroleum,Energy,Oil & Gas Refining & Marketing,180.28,181.25,117.23,179.62,177.19,169.37,170.76,152.56,0.0,3.23,186.1,152.65
MKTX,MarketAxess,Financials,Financial Exchanges & Data,187.5,289.47,180.13,182.65,185.2,186.32,201.3,214.73,-0.2,2.58,192.34,180.31
MAR,Marriott International,Consumer Discretionary,"Hotels, Resorts & Cruise Lines",264.7,302.22,210.04,266.19,268.12,265.91,269.54,265.66,0.2,3.28,273.38,258.46
MMC,Marsh McLennan,Financials,Insurance Brokers,203.74,243.22,197.78,205.27,206.32,206.95,208.16,219.72,0.0,3.97,211.83,202.07
MLM,Martin Marietta Materials,Materials,Construction Materials,622.64,622.64,451.25,616.95,613.9,610.56,585.14,540.41,-0.2,0.26,624.26,596.86
MAS,Masco,Industrials,Building Products,76.07,84.25,58.18,73.63,74.06,73.23,69.13,69.76,-0.1,0.93,76.78,69.67
MA,Mastercard,Financials,Transaction & Payment Processing Services,584.22,598.96,473.4,592.06,592.52,587.25,571.13,549.79,0.0,3.1,602.33,572.18
MTCH,Match Group,Communication Services,Interactive Media & Services,38.17,38.74,26.87,37.49,37.37,37.36,34.82,32.05,0.0,1.86,38.88,35.83
MKC,McCormick & Company,Consumer Staples,Packaged Foods & Meats,70.91,83.73,68.41,70.01,70.37,70.09,71.45,74.93,0.0,1.24,71.79,68.39
MCD,McDonald's,Consumer Discretionary,Restaurants,314.38,317.67,275.0,315.06,313.06,309.68,301.72,298.91,0.2,1.42,318.84,300.5
MCK,McKesson Corporation,Health Care,Health Care Distributors,687.4,734.45,476.95,689.43,685.65,680.79,699.32,659.36,0.0,2.53,704.79,656.78
MDT,Medtronic,Health Care,Health Care Equipment,92.9,93.33,78.03,92.83,92.51,92.39,90.77,86.54,-0.2,1.12,93.94,90.83
MRK,Merck & Co.,Health Care,Pharmaceuticals,84.71,115.53,72.74,84.51,84.75,83.9,82.46,86.56,-0.1,3.35,87.55,80.26
META,Meta Platforms,Communication Services,Interactive Media & Services,752.45,790.0,484.29,742.39,747.26,757.55,738.52,650.23,-0.2,4.99,790.0,725.06
MET,MetLife,Financials,Life & Health Insurance,79.51,86.38,67.4,80.75,80.9,79.22,77.95,79.18,0.1,4.48,83.07,75.37
MTD,Mettler Toledo,Health Care,Life Sciences Tools & Services,1305.71,1499.7,970.15,1287.83,1290.35,1294.38,1248.14,1215.2,-0.2,2.31,1335.87,1252.86
MGM,MGM Resorts,Consumer Discretionary,Casinos & Gaming,36.68,41.99,25.79,38.08,38.45,37.13,37.0,34.28,0.0,10.01,40.35,33.9
MCHP,Microchip Technology,Information Technology,Semiconductors,65.92,78.29,34.83,64.45,65.94,65.14,68.53,58.72,-0.4,4.96,69.19,61.1
MU,Micron Technology,Information Technology,Semiconductors,131.37,131.37,64.66,122.36,120.21,121.08,118.03,100.42,0.2,-1.63,129.23,112.92
MSFT,Microsoft,Information Technology,Systems Software,495.0,534.76,353.33,504.03,505.0,510.77,509.06,442.56,0.2,6.55,527.42,494.13
MAA,Mid-America Apartment Communities,Real Estate,Multi-Family Residential REITs,145.4,167.59,138.38,144.19,143.72,142.05,145.49,152.24,0.0,0.56,146.21,137.88
MRNA,Moderna,Health Care,Biotechnology,25.14,79.51,23.65,24.35,24.85,25.82,28.84,31.98,-0.2,13.21,28.46,23.18
MHK,Mohawk Industries,Consumer Discretionary,Home Furnishings,139.29,161.25,97.99,133.7,132.96,129.43,119.78,116.62,0.2,-0.3,138.87,119.99
MOH,Molina Healthcare,Health Care,Managed Health Care,174.65,360.77,152.31,177.32,176.18,170.38,191.12,277.28,0.0,6.83,186.58,154.18
TAP,Molson Coors Beverage Company,Consumer Staples,Brewers,50.39,62.37,47.24,50.17,50.7,50.95,50.13,54.97,0.1,4.03,52.42,49.49
MDLZ,Mondelez International,Consumer Staples,Packaged Foods & Meats,61.74,73.6,55.34,61.43,61.76,61.94,65.25,63.55,0.0,2.4,63.22,60.65
MPWR,Monolithic Power Systems,Information Technology,Semiconductors,865.86,936.74,454.23,840.19,845.82,838.99,781.82,661.13,0.0,1.16,875.9,802.04
MNST,Monster Beverage,Consumer Staples,Soft Drinks & Non-alcoholic Beverages,62.46,64.69,46.16,62.9,62.55,63.39,61.61,57.28,0.0,4.51,65.28,61.49
MCO,Moody's Corporation,Financials,Financial Exchanges & Data,499.03,524.53,395.22,500.7,506.04,510.16,506.2,480.88,0.2,4.93,523.63,496.69
MS,Morgan Stanley,Financials,Investment Banking & Brokerage,148.09,150.53,93.79,149.3,149.07,147.15,143.45,129.07,-0.2,2.61,151.96,142.34
MOS,Mosaic Company (The),Materials,Fertilizers & Agricultural Chemicals,32.45,37.81,22.62,32.88,33.08,32.64,34.66,29.75,0.2,4.38,33.87,31.42
MSI,Motorola Solutions,Information Technology,Communications Equipment,478.98,500.78,393.68,476.64,469.59,465.99,441.53,440.84,0.0,0.44,481.09,450.89
MSCI,MSCI Inc.,Financials,Financial Exchanges & Data,555.15,630.0,503.37,557.12,564.43,561.86,563.03,569.14,0.0,4.58,580.58,543.12
NDAQ,"Nasdaq, Inc.",Financials,Financial Exchanges & Data,93.48,96.94,66.19,93.98,94.39,94.81,92.93,82.36,0.0,3.48,96.73,92.89
NTAP,NetApp,Information Technology,"Technology Hardware, Storage & Peripherals",118.75,129.06,75.73,116.44,114.25,111.22,107.64,106.05,0.2,0.28,119.08,103.35
NFLX,Netflix,Communication Services,Movies & Entertainment,1243.82,1339.13,665.77,1229.97,1225.36,1223.1,1227.92,1062.46,-0.2,0.64,1251.78,1194.42
NEM,Newmont,Materials,Gold,76.17,76.17,36.49,75.2,73.44,71.04,65.03,51.04,0.0,0.6,76.63,65.45
NWSA,News Corp (Class A),Communication Services,Publishing,29.44,30.5,23.97,29.19,29.54,29.44,29.47,28.26,0.0,3.46,30.46,28.42
NWS,News Corp (Class B),Communication Services,Publishing,33.4,35.17,26.94,33.31,33.89,33.9,33.93,32.15,-0.2,5.36,35.19,32.6
NEE,NextEra Energy,Utilities,Multi-Utilities,70.9,82.85,63.11,71.62,72.83,73.19,72.69,70.39,0.2,8.21,76.72,69.66
NKE,"Nike, Inc.",Consumer Discretionary,"Apparel, Accessories & Luxury Goods",73.91,87.5,52.64,75.05,76.54,76.1,74.71,69.57,-0.2,7.09,79.15,73.04
NI,NiSource,Utilities,Multi-Utilities,40.33,43.33,32.26,41.27,41.89,42.09,41.27,38.75,0.0,7.98,43.55,40.62
NDSN,Nordson Corporation,Industrials,Industrial Machinery & Supplies & Components,225.03,261.43,166.9,224.16,225.04,220.26,218.48,212.6,0.2,2.74,231.2,209.31
NSC,Norfolk Southern,Industrials,Rail Transportation,277.75,285.53,204.09,278.79,278.27,279.98,273.54,248.03,-0.2,3.13,286.44,273.5
NTRS,Northern Trust,Financials,Asset Management & Custody Banks,127.27,132.06,83.86,129.5,130.26,128.55,127.8,109.26,0.0,4.24,132.67,124.43
NOC,Northrop Grumman,Industrials,Aerospace & Defense,580.8,594.87,427.78,583.72,585.38,584.18,555.68,497.83,0.2,2.21,593.64,574.74
NCLH,Norwegian Cruise Line Holdings,Consumer Discretionary,"Hotels, Resorts & Cruise Lines",25.66,29.07,15.5,25.23,25.09,24.62,23.65,22.51,0.2,0.62,25.82,23.42
NRG,NRG Energy,Utilities,Independent Power Producers & Energy Traders,147.66,173.91,75.33,146.64,146.61,148.88,153.5,121.31,0.0,5.4,155.63,142.12
NUE,Nucor,Materials,Steel,147.26,165.5,102.79,146.51,147.81,145.46,141.85,128.79,0.0,3.24,152.03,138.88
NVDA,Nvidia,Information Technology,Semiconductors,167.02,183.16,94.3,170.85,175.56,177.78,172.32,139.21,-0.2,12.15,187.31,168.25
NVR,"NVR, Inc.",Consumer Discretionary,Homebuilding,8502.0,9924.4,6700.0,8277.5,8190.39,8131.64,7836.74,7708.07,0.4,-0.43,8465.44,7797.82
NXPI,NXP Semiconductors,Information Technology,Semiconductors,226.74,252.0,152.79,229.57,233.39,228.55,224.76,210.27,0.0,8.64,246.33,210.79
ORLY,O’Reilly Automotive,Consumer Discretionary,Automotive Retail,104.84,105.04,73.94,104.12,103.66,103.12,98.14,90.28,0.0,0.32,105.18,101.06
OXY,Occidental Petroleum,Energy,Oil & Gas Exploration & Production,45.91,55.07,35.91,46.9,46.71,45.52,44.57,45.4,-0.1,4.9,48.16,42.88
ODFL,Old Dominion,Industrials,Cargo Ground Transportation,150.71,230.37,141.59,149.59,151.91,150.7,156.68,171.69,0.2,4.7,157.79,143.61
OMC,Omnicom Group,Communication Services,Advertising,79.43,101.86,68.6,78.01,77.95,76.47,74.13,78.71,0.1,1.35,80.5,72.45
ON,ON Semiconductor,Information Technology,Semiconductors,49.1,74.7,31.95,48.7,49.93,49.86,53.65,51.63,0.0,7.39,52.73,46.99
OKE,Oneok,Energy,Oil & Gas Storage & Transportation,72.63,112.93,72.63,74.38,74.65,74.35,77.65,88.51,0.0,4.79,76.11,72.59
ORCL,Oracle Corporation,Information Technology,Application Software,232.8,256.43,122.56,226.14,231.28,237.94,238.44,182.5,-0.4,10.29,256.76,219.12
OTIS,Otis Worldwide,Industrials,Industrial Machinery & Supplies & Components,87.0,104.22,84.52,86.26,86.84,87.25,91.38,95.1,0.0,2.6,89.26,85.24
PCAR,Paccar,Industrials,Construction Machinery & Heavy Transportation Equipment,99.05,113.98,85.82,98.46,99.67,99.05,97.89,99.73,-0.1,2.97,101.99,96.11
PKG,Packaging Corporation of America,Materials,Paper & Plastic Packaging Products & Materials,220.25,244.28,174.83,216.86,214.82,206.59,202.46,205.56,0.1,2.04,224.74,188.43
PLTR,Palantir Technologies,Information Technology,Application Software,153.11,186.97,30.16,155.59,156.96,165.64,156.68,110.89,0.0,24.26,190.25,141.02
PANW,Palo Alto Networks,Information Technology,Systems Software,194.46,208.28,152.44,191.88,189.27,182.81,188.56,187.22,0.0,2.13,198.6,167.03
PSKY,Paramount Skydance Corporation,Communication Services,Movies & Entertainment,15.0,16.03,9.8,14.79,15.13,14.15,13.31,11.74,0.0,16.93,17.54,10.75
PH,Parker Hannifin,Industrials,Industrial Machinery & Supplies & Components,758.56,766.28,514.56,754.31,756.16,747.42,727.69,666.0,-0.2,1.76,771.91,722.92
PAYX,Paychex,Industrials,Human Resource & Employment Services,135.44,158.58,125.82,136.76,137.85,138.08,141.25,144.28,-0.2,4.29,141.25,134.9
PAYC,Paycom,Industrials,Human Resource & Employment Services,224.12,265.28,153.91,223.42,226.1,224.18,227.48,224.34,0.2,4.34,233.85,214.53
PYPL,PayPal,Financials,Transaction & Payment Processing Services,68.26,91.81,57.41,69.16,69.51,69.06,71.67,74.97,0.2,4.06,71.03,67.1
PNR,Pentair,Industrials,Industrial Machinery & Supplies & Components,110.64,110.64,75.76,108.27,108.56,107.0,105.3,98.33,0.2,0.72,111.44,102.57
PEP,PepsiCo,Consumer Staples,Soft Drinks & Non-alcoholic Beverages,146.39,173.24,127.06,148.17,148.03,148.35,142.5,142.84,0.1,3.85,152.03,144.69
PFE,Pfizer,Health Care,Pharmaceuticals,24.88,28.21,20.83,24.79,24.96,25.01,24.64,24.19,0.0,3.46,25.74,24.29
PCG,PG&E Corporation,Utilities,Multi-Utilities,15.09,21.53,13.0,15.25,15.15,15.17,14.41,16.54,-0.1,3.25,15.58,14.76
PM,Philip Morris International,Consumer Staples,Tobacco,161.55,183.57,115.19,164.09,165.62,167.27,170.5,153.89,0.0,7.75,174.07,160.47
PSX,Phillips 66,Energy,Oil & Gas Refining & Marketing,131.55,133.86,91.09,132.22,131.59,126.35,124.93,118.47,0.2,4.52,137.5,115.21
PNW,Pinnacle West Capital,Utilities,Multi-Utilities,89.0,93.78,79.36,89.03,89.62,90.8,90.48,88.9,0.2,5.18,93.61,87.98
PNC,PNC Financial Services,Financials,Diversified Banks,204.4,209.23,146.94,205.92,204.71,198.49,194.92,184.01,0.2,3.52,211.59,185.39
POOL,Pool Corporation,Consumer Discretionary,Distributors,333.09,385.63,283.92,313.88,316.58,316.46,309.58,322.62,0.3,-0.02,333.02,299.9
PPG,PPG Industries,Materials,Specialty Chemicals,109.98,131.36,90.49,109.93,111.2,110.86,111.93,112.23,0.0,4.46,114.89,106.85
PPL,PPL Corporation,Utilities,Electric Utilities,35.96,37.24,30.73,36.31,36.47,36.59,35.74,34.25,0.0,3.53,37.23,35.96
PFG,Principal Financial Group,Financials,Life & Health Insurance,79.98,87.94,68.21,79.91,79.83,78.44,78.56,78.45,-0.2,1.94,81.53,75.35
PG,Procter & Gamble,Consumer Staples,Personal Care Products,160.02,176.3,150.47,158.48,157.58,156.76,156.13,162.58,-0.1,0.37,160.61,152.9
PGR,Progressive Corporation,Financials,Property & Casualty Insurance,243.86,291.0,234.89,246.5,246.26,247.19,248.43,259.74,0.2,3.42,252.2,242.18
PLD,Prologis,Real Estate,Industrial REITs,113.65,127.92,88.91,112.46,112.29,109.54,108.31,108.72,0.1,2.01,115.93,103.14
PRU,Prudential Financial,Financials,Life & Health Insurance,105.71,124.75,92.74,107.81,108.56,106.76,104.77,107.59,-0.1,5.48,111.5,102.02
PEG,Public Service Enterprise Group,Utilities,Electric Utilities,81.12,92.39,76.52,81.67,82.35,84.13,84.58,82.88,-0.2,9.04,88.45,79.81
PTC,PTC Inc.,Information Technology,Application Software,213.9,216.53,136.74,213.11,213.91,210.78,201.52,179.47,0.0,2.07,218.33,203.24
PSA,Public Storage,Real Estate,Self-Storage REITs,297.8,354.44,263.65,292.91,291.98,287.52,287.51,295.53,0.1,0.07,298.01,277.04
PHM,PulteGroup,Consumer Discretionary,Homebuilding,140.57,148.13,91.82,135.12,133.38,129.83,119.81,110.76,0.2,-0.85,139.38,120.3
PWR,Quanta Services,Industrials,Construction & Engineering,372.5,421.68,236.56,375.13,378.52,380.1,387.33,328.74,-0.2,4.5,389.26,370.95
QCOM,Qualcomm,Information Technology,Semiconductors,159.84,174.12,123.21,158.73,158.33,156.05,155.5,153.89,0.0,2.21,163.37,148.74
DGX,Quest Diagnostics,Health Care,Health Care Services,183.49,184.4,144.81,180.69,180.17,180.14,175.07,167.56,0.0,0.33,184.1,176.18
RL,Ralph Lauren Corporation,Consumer Discretionary,"Apparel, Accessories & Luxury Goods",312.02,320.75,169.83,310.82,301.27,295.95,291.91,253.64,0.2,1.54,316.83,275.1
RJF,Raymond James Financial,Financials,Investment Banking & Brokerage,165.5,171.46,113.62,168.18,167.67,165.99,162.97,153.7,0.0,3.19,170.78,161.19
RTX,RTX Corporation,Industrials,Aerospace & Defense,157.52,160.66,112.45,158.18,158.35,156.61,152.84,132.65,-0.2,2.09,160.81,152.41
O,Realty Income,Real Estate,Retail REITs,59.29,61.45,49.6,58.35,58.24,58.14,57.27,54.96,0.0,0.37,59.51,56.76
REG,Regency Centers,Real Estate,Retail REITs,73.68,76.25,64.84,72.86,72.53,71.99,71.26,71.44,0.1,-0.23,73.51,70.48
REGN,Regeneron Pharmaceuticals,Health Care,Biotechnology,573.38,1174.34,482.34,572.6,577.91,574.11,560.35,624.9,-0.1,4.62,599.87,548.37
RF,Regions Financial Corporation,Financials,Regional Banks,27.03,27.36,17.95,27.07,26.93,26.11,25.3,23.03,0.2,3.18,27.89,24.32
RSG,Republic Services,Industrials,Environmental & Facilities Services,229.73,257.46,196.49,232.63,233.2,233.73,237.5,231.41,-0.2,3.13,236.92,230.56
RMD,ResMed,Health Care,Health Care Equipment,277.05,293.73,203.67,273.11,278.76,282.21,271.79,244.49,0.2,6.47,294.98,269.45
RVTY,Revvity,Health Care,Health Care Equipment,86.64,127.41,83.36,86.74,88.9,89.16,93.12,103.14,0.0,8.77,94.24,84.09
ROK,Rockwell Automation,Industrials,Electrical Components & Equipment,339.76,357.15,217.21,340.31,345.67,342.8,343.7,296.05,-0.2,4.67,355.63,329.98
ROL,"Rollins, Inc.",Industrials,Environmental & Facilities Services,56.52,58.48,45.24,56.58,56.69,57.3,56.75,53.12,0.2,4.1,58.84,55.77
ROP,Roper Technologies,Information Technology,Electronic Equipment & Instruments,518.44,592.1,501.26,523.0,526.18,527.63,543.93,554.49,0.0,3.95,538.92,516.33
ROST,Ross Stores,Consumer Discretionary,Apparel Retail,150.95,155.29,122.55,150.58,149.53,148.27,139.88,140.94,-0.1,0.96,152.4,144.15
RCL,Royal Caribbean Group,Consumer Discretionary,"Hotels, Resorts & Cruise Lines",352.27,365.84,154.84,356.93,355.29,336.05,333.19,259.79,0.2,7.32,378.06,294.03
SPGI,S&P Global,Financials,Financial Exchanges & Data,538.06,563.17,436.73,541.13,546.18,551.11,539.48,512.24,0.0,5.05,565.23,537.0
CRM,Salesforce,Information Technology,Application Software,250.76,366.29,231.66,252.07,250.49,245.24,256.0,288.48,0.0,3.58,259.74,230.75
SBAC,SBA Communications,Real Estate,Telecom Tower REITs,197.74,244.52,189.91,199.81,207.65,213.05,223.36,217.59,0.0,16.65,230.66,195.42
SLB,Schlumberger,Energy,Oil & Gas Equipment & Services,35.82,44.26,31.43,35.8,35.66,34.29,34.4,36.95,-0.2,3.77,37.17,31.41
STX,Seagate Technology,Information Technology,"Technology Hardware, Storage & Peripherals",188.16,188.16,66.19,177.27,171.44,163.44,154.52,110.98,0.2,-2.27,183.89,143.01
SRE,Sempra,Utilities,Multi-Utilities,81.11,92.47,63.23,82.18,82.1,81.91,79.5,78.24,0.2,2.49,83.13,80.69
NOW,ServiceNow,Information Technology,Systems Software,913.8,1170.39,721.65,912.12,900.85,885.92,938.11,968.26,0.0,1.93,931.44,840.41
SHW,Sherwin-Williams,Materials,Specialty Chemicals,372.43,397.11,312.15,365.6,366.8,364.27,351.71,351.56,0.0,0.68,374.96,353.56
SPG,Simon Property Group,Real Estate,Retail REITs,182.25,183.07,138.55,180.63,179.05,175.14,168.5,166.3,0.0,1.36,184.73,165.57
SWKS,Skyworks Solutions,Information Technology,Semiconductors,75.2,98.71,48.25,74.28,75.1,73.99,73.07,72.98,0.0,3.15,77.57,70.41
SJM,J.M. Smucker Company (The),Consumer Staples,Packaged Foods & Meats,112.51,116.99,93.48,111.35,110.45,110.84,107.31,107.65,-0.1,1.93,114.68,106.99
SW,Smurfit Westrock,Materials,Paper & Plastic Packaging Products & Materials,46.91,55.13,37.46,46.9,46.45,44.84,45.24,46.78,-0.2,2.94,48.29,41.4
SNA,Snap-on,Industrials,Industrial Machinery & Supplies & Components,328.7,364.18,264.02,325.6,327.71,325.38,321.91,327.65,-0.3,1.43,333.4,317.36
SOLV,Solventum,Health Care,Health Care Technology,72.72,84.04,63.01,72.28,72.62,72.52,73.52,72.23,0.0,1.99,74.17,70.87
SO,Southern Company,Utilities,Electric Utilities,91.78,95.24,78.98,91.94,92.59,93.22,92.95,87.71,0.2,3.66,95.14,91.29
LUV,Southwest Airlines,Industrials,Passenger Airlines,31.39,37.49,23.77,31.93,32.36,31.48,32.71,31.31,0.2,7.49,33.74,29.22
SWK,Stanley Black & Decker,Industrials,Industrial Machinery & Supplies & Components,78.42,105.48,54.53,74.24,74.72,73.54,71.16,73.56,0.3,-0.04,78.39,68.7
SBUX,Starbucks,Consumer Discretionary,Restaurants,85.43,114.25,78.61,87.53,87.42,89.39,91.14,93.21,0.0,10.22,94.16,84.61
STT,State Street Corporation,Financials,Asset Management & Custody Banks,112.95,115.82,74.79,113.65,114.46,112.98,110.7,97.62,0.2,3.15,116.51,109.45
STLD,Steel Dynamics,Materials,Steel,134.63,152.49,106.43,131.0,131.7,128.82,129.47,127.71,-0.2,0.74,135.63,122.02
STE,Steris,Health Care,Health Care Equipment,245.3,251.96,201.46,243.65,246.09,245.86,236.37,226.12,0.2,2.45,251.31,240.4
SYK,Stryker Corporation,Health Care,Health Care Equipment,392.31,403.53,336.65,391.31,391.88,386.86,389.56,379.16,-0.2,1.86,399.61,374.14
SMCI,Supermicro,Information Technology,"Technology Hardware, Storage & Peripherals",40.41,60.71,18.01,40.71,42.46,43.59,48.65,40.07,-0.2,17.62,47.53,39.65
SYF,Synchrony Financial,Financials,Consumer Finance,75.61,76.86,43.38,75.98,75.48,73.46,71.06,62.49,0.2,3.2,78.03,68.9
SNPS,Synopsys,Information Technology,Application Software,598.14,645.35,380.9,597.55,600.26,607.71,591.12,511.56,0.0,5.13,628.82,586.6
SYY,Sysco,Consumer Staples,Food Distributors,82.45,82.51,67.53,81.4,80.62,80.49,79.1,74.48,0.2,0.01,82.46,78.51
TMUS,T-Mobile US,Communication Services,Wireless Telecommunication Services,252.76,270.87,190.29,253.08,251.78,252.07,241.75,241.11,0.2,2.35,258.7,245.45
TROW,T. Rowe Price,Financials,Asset Management & Custody Banks,108.16,120.07,79.19,107.65,108.02,107.37,104.62,101.7,0.0,2.58,110.95,103.8
TTWO,Take-Two Interactive,Communication Services,Interactive Home Entertainment,239.68,243.05,147.66,238.68,235.2,232.18,232.52,213.14,0.0,1.6,243.51,220.84
TPR,"Tapestry, Inc.",Consumer Discretionary,"Apparel, Accessories & Luxury Goods",104.18,113.53,39.79,103.81,102.15,102.72,101.75,79.58,0.2,7.39,111.88,93.57
TRGP,Targa Resources,Energy,Oil & Gas Storage & Transportation,162.35,213.93,141.11,165.38,164.66,164.4,166.54,178.49,0.2,4.07,168.96,159.85
TGT,Target Corporation,Consumer Staples,Consumer Staples Merchandise Retail,93.17,154.72,86.82,93.33,95.39,99.24,100.92,109.66,0.0,16.49,108.53,89.96
TEL,TE Connectivity,Information Technology,Electronic Manufacturing Services,208.74,208.74,121.04,206.86,206.7,204.53,193.21,159.3,0.0,0.72,210.24,198.83
TDY,Teledyne Technologies,Information Technology,Electronic Equipment & Instruments,549.03,563.66,421.77,543.35,543.71,543.59,540.19,498.76,-0.2,0.6,552.32,534.83
TER,Teradyne,Information Technology,Semiconductor Materials & Equipment,120.2,139.64,67.86,119.61,118.39,114.14,103.19,100.86,0.2,2.8,123.57,104.71
TSLA,"Tesla, Inc.",Consumer Discretionary,Automobile Manufacturers,350.84,479.86,210.73,337.34,342.06,337.2,324.07,330.21,-0.1,0.99,354.31,320.07
TXN,Texas Instruments,Information Technology,Semiconductors,187.93,219.66,143.34,194.65,200.08,196.9,199.99,186.0,-0.2,12.06,210.59,183.22
TPL,Texas Pacific Land Corporation,Energy,Oil & Gas Exploration & Production,889.19,1720.9,783.51,920.36,914.79,897.64,958.06,1207.83,0.2,6.36,945.74,849.55
TXT,Textron,Industrials,Aerospace & Defense,81.45,90.25,60.7,80.43,80.82,79.97,80.9,76.5,-0.2,1.41,82.6,77.34
TMO,Thermo Fisher Scientific,Health Care,Life Sciences Tools & Services,492.6,622.18,390.26,489.38,490.4,486.39,458.53,481.06,-0.3,2.66,505.7,467.08
TJX,TJX Companies,Consumer Discretionary,Apparel Retail,139.26,141.02,110.73,138.99,137.8,135.83,129.29,124.72,0.2,1.51,141.36,130.3
TKO,TKO Group Holdings,Communication Services,Movies & Entertainment,194.0,194.0,113.12,189.12,187.64,185.71,176.54,158.28,0.0,2.02,197.92,173.51
TTD,Trade Desk (The),Communication Services,Advertising,52.07,139.51,45.27,53.32,53.24,53.13,69.46,83.17,0.0,6.51,55.46,50.8
TSCO,Tractor Supply,Consumer Discretionary,Other Specialty Retail,60.52,62.65,47.62,60.92,61.42,60.77,58.43,54.31,0.2,3.97,62.92,58.62
TT,Trane Technologies,Industrials,Building Products,413.83,472.54,314.52,412.36,418.04,423.53,434.09,393.63,-0.2,6.09,439.03,408.04
TDG,TransDigm Group,Industrials,Aerospace & Defense,1271.04,1516.55,1146.91,1289.02,1299.93,1305.85,1391.81,1292.46,-0.2,5.12,1336.12,1275.59
TRV,Travelers Companies (The),Financials,Property & Casualty Insurance,275.22,279.43,223.19,275.21,273.81,270.89,264.77,256.6,0.2,1.66,279.79,261.98
TRMB,Trimble Inc.,Information Technology,Electronic Equipment & Instruments,80.74,85.24,54.15,79.69,80.83,81.65,81.35,72.83,0.2,5.15,84.9,78.4
TFC,Truist Financial,Financials,Diversified Banks,46.52,47.07,33.92,46.65,46.48,45.29,44.46,42.19,0.2,2.97,47.9,42.69
TYL,Tyler Technologies,Information Technology,Application Software,559.96,646.74,521.68,556.68,556.38,565.23,570.8,582.21,-0.4,5.0,587.96,542.5
TSN,Tyson Foods,Consumer Staples,Packaged Foods & Meats,56.2,63.67,51.83,56.41,56.54,56.38,55.02,56.97,-0.1,1.92,57.28,55.47
USB,U.S. Bancorp,Financials,Diversified Banks,48.8,51.9,36.0,48.77,48.63,47.29,46.5,44.98,0.2,2.81,50.17,44.41
UBER,Uber,Industrials,Passenger Ground Transportation,90.99,97.48,59.93,92.49,94.22,93.31,92.35,79.04,0.0,7.07,97.42,89.2
UDR,"UDR, Inc.",Real Estate,Multi-Family Residential REITs,39.09,45.23,37.29,38.86,38.92,38.6,39.49,41.2,0.0,1.28,39.59,37.62
ULTA,Ulta Beauty,Consumer Discretionary,Other Specialty Retail,514.86,533.81,314.47,520.14,524.51,520.41,503.7,423.67,-0.2,5.64,543.9,496.9
UNP,Union Pacific Corporation,Industrials,Rail Transportation,220.31,249.94,205.73,222.14,222.1,221.41,225.16,227.66,0.2,2.45,225.71,217.11
UAL,United Airlines Holdings,Industrials,Passenger Airlines,106.59,110.52,44.17,105.7,104.72,101.29,92.54,88.1,0.0,4.0,110.85,91.72
UPS,United Parcel Service,Industrials,Air Freight & Logistics,85.04,130.93,82.93,85.5,86.66,86.5,92.09,104.73,0.0,4.52,88.88,84.11
URI,United Rentals,Industrials,Trading Companies & Distributors,975.23,975.23,549.5,960.05,951.8,927.13,862.69,739.11,0.0,1.36,988.49,865.74
UNH,UnitedHealth Group,Health Care,Managed Health Care,315.39,615.84,237.77,310.46,307.12,294.96,288.74,421.73,0.1,6.25,335.1,254.82
UHS,Universal Health Services,Health Care,Health Care Facilities,190.12,240.49,154.78,184.05,183.38,180.78,175.39,181.06,0.1,-0.25,189.64,171.91
VLO,Valero Energy,Energy,Oil & Gas Refining & Marketing,156.77,156.77,102.97,154.77,151.52,143.9,142.4,130.63,0.0,2.39,160.52,127.28
VTR,Ventas,Real Estate,Health Care REITs,67.91,69.55,56.07,67.82,67.76,68.0,66.46,63.94,0.0,1.65,69.03,66.97
VLTO,Veralto,Industrials,Environmental & Facilities Services,105.71,113.22,85.23,105.77,106.61,107.33,104.92,100.69,0.2,3.89,109.82,104.84
VRSN,Verisign,Information Technology,Internet Services & Infrastructure,280.09,305.1,175.69,275.57,272.81,270.49,277.35,246.15,0.0,-0.55,278.55,262.43
VRSK,Verisk Analytics,Industrials,Research & Consulting Services,270.31,320.87,260.0,268.38,268.23,267.7,283.86,290.3,-0.2,1.1,273.28,262.11
VZ,Verizon,Communication Services,Integrated Telecommunication Services,44.38,45.06,36.62,44.07,44.12,44.08,43.01,41.57,-0.2,1.83,45.19,42.98
VRTX,Vertex Pharmaceuticals,Health Care,Biotechnology,396.12,516.74,366.54,396.34,393.41,390.71,429.37,452.63,-0.2,2.54,406.18,375.25
VTRS,Viatris,Health Care,Pharmaceuticals,10.5,12.87,7.08,10.5,10.49,10.39,9.57,9.78,0.1,4.19,10.94,9.84
VICI,Vici Properties,Real Estate,Hotel & Resort REITs,33.6,33.93,27.46,33.52,33.52,33.13,33.08,31.17,0.0,1.25,34.02,32.23
V,Visa Inc.,Financials,Transaction & Payment Processing Services,343.22,372.65,267.75,349.39,349.72,345.54,347.85,338.97,0.0,3.68,355.85,335.24
VST,Vistra Corp.,Utilities,Electric Utilities,188.0,214.06,73.19,188.15,190.77,195.01,195.52,159.48,-0.2,10.41,207.57,182.44
VMC,Vulcan Materials Company,Materials,Construction Materials,294.81,295.15,219.65,291.77,291.5,290.72,277.71,263.42,0.0,0.46,296.17,285.28
WRB,W. R. Berkley Corporation,Financials,Property & Casualty Insurance,71.96,74.57,55.33,72.17,71.81,71.48,70.42,66.11,0.0,1.58,73.1,69.86
GWW,W. W. Grainger,Industrials,Industrial Machinery & Supplies & Components,993.47,1212.97,915.74,1014.12,1014.94,994.58,1011.08,1043.91,0.0,5.18,1044.93,944.26
WAB,Wabtec,Industrials,Construction Machinery & Heavy Transportation Equipment,193.18,214.1,159.81,192.87,193.92,192.79,199.59,194.13,0.0,1.66,196.39,189.19
WMT,Walmart,Consumer Staples,Consumer Staples Merchandise Retail,100.51,104.27,75.9,99.14,97.69,99.56,98.11,94.56,0.2,4.21,104.74,94.39
DIS,Walt Disney Company (The),Communication Services,Movies & Entertainment,117.91,124.01,81.37,118.15,118.07,116.69,119.02,109.67,-0.2,2.09,120.37,113.01
WBD,Warner Bros. Discovery,Communication Services,Broadcasting,12.11,13.7,6.94,11.81,11.92,11.71,12.06,10.51,0.0,2.81,12.45,10.97
WM,Waste Management,Industrials,Environmental & Facilities Services,220.06,241.26,199.11,224.31,224.83,227.43,227.9,224.44,-0.2,6.96,235.38,219.5
WAT,Waters Corporation,Health Care,Life Sciences Tools & Services,306.32,417.28,277.72,298.87,298.39,294.31,305.83,352.05,0.0,0.45,307.7,280.92
WEC,WEC Energy Group,Utilities,Electric Utilities,107.79,110.37,89.8,106.94,107.13,107.75,106.77,102.43,0.0,1.81,109.74,105.75
WFC,Wells Fargo,Financials,Diversified Banks,78.96,83.83,50.45,81.05,81.05,79.54,80.15,74.35,0.0,5.34,83.18,75.9
WELL,Welltower,Real Estate,Health Care REITs,167.82,168.94,120.86,167.79,166.93,165.77,161.38,146.42,0.0,1.22,169.87,161.67
WST,West Pharmaceutical Services,Health Care,Health Care Supplies,250.73,347.02,190.04,247.58,246.89,245.39,236.91,254.65,-0.1,0.09,250.96,239.82
WDC,Western Digital,Information Technology,"Technology Hardware, Storage & Peripherals",92.04,92.04,30.45,86.1,82.86,79.15,72.78,53.9,0.2,-3.09,89.2,69.11
WY,Weyerhaeuser,Real Estate,Timber REITs,26.15,32.88,24.29,25.46,25.78,25.72,25.66,27.33,-0.1,1.91,26.65,24.8
WSM,"Williams-Sonoma, Inc.",Consumer Discretionary,Homefurnishing Retail,202.42,215.83,126.49,195.52,195.72,199.16,186.47,177.5,0.0,4.24,211.0,187.32
WMB,Williams Companies,Energy,Oil & Gas Storage & Transportation,57.2,62.87,42.67,57.55,57.43,57.44,58.36,57.2,0.2,1.98,58.33,56.55
WTW,Willis Towers Watson,Financials,Insurance Brokers,329.27,339.25,284.76,327.71,330.52,331.26,318.21,316.55,0.2,2.97,339.05,323.49
WDAY,"Workday, Inc.",Information Technology,Application Software,231.08,279.91,210.47,231.07,228.11,225.96,230.55,247.38,-0.2,2.42,236.67,215.25
WYNN,Wynn Resorts,Consumer Discretionary,Casinos & Gaming,120.9,126.75,65.78,124.31,122.32,116.26,110.55,91.96,0.2,7.43,129.88,102.64
XEL,Xcel Energy,Utilities,Multi-Utilities,72.68,74.26,60.63,72.38,72.69,72.72,71.39,68.79,0.0,1.5,73.77,71.66
XYL,Xylem Inc.,Industrials,Industrial Machinery & Supplies & Components,140.56,144.22,102.25,140.82,142.09,141.84,136.71,125.33,0.2,2.79,144.48,139.21
YUM,Yum! Brands,Consumer Discretionary,Restaurants,144.58,160.96,121.48,144.9,145.36,145.48,146.05,142.62,0.0,4.25,150.72,140.22
ZBRA,Zebra Technologies,Information Technology,Electronic Equipment & Instruments,313.8,421.11,213.54,310.98,316.13,317.29,321.55,324.03,0.0,6.26,333.44,301.13
ZBH,Zimmer Biomet,Health Care,Health Care Equipment,105.73,113.43,89.98,105.33,106.11,104.36,98.09,101.73,-0.1,3.09,109.0,99.72
ZTS,Zoetis,Health Care,Pharmaceuticals,153.32,194.12,143.44,153.65,154.5,153.55,152.95,160.93,0.1,3.4,158.53,148.57
