Symbol,Company,GICS_Sector,GICS_Sub_Industry,Current_Price,52_Week_High,52_Week_Low,SMA_5,SMA_10,SMA_20,SMA_50,SMA_100,SMA_125,SMA_200
MMM,3M,Industrials,Industrial Conglomerates,155.3,163.4,120.83,154.52,155.71,155.1,153.12,147.84,147.0,143.41
AOS,A. O. Smith,Industrials,Building Products,73.68,90.29,58.25,71.76,72.13,72.05,70.35,67.91,67.29,67.76
ABT,Abbott Laboratories,Health Care,Health Care Equipment,132.94,139.95,109.57,132.41,132.09,131.7,130.58,131.24,130.46,126.74
ABBV,AbbVie,Health Care,Biotechnology,212.56,214.8,159.42,211.95,210.22,207.09,196.79,190.35,191.96,187.18
ACN,Accenture,Information Technology,IT Consulting & Other Services,254.95,394.41,236.67,255.64,256.22,251.54,269.14,287.21,290.84,316.44
ADBE,Adobe Inc.,Information Technology,Application Software,348.97,587.75,330.04,348.82,353.46,351.37,361.08,375.53,377.46,408.89
AMD,Advanced Micro Devices,Information Technology,Semiconductors,151.14,186.65,76.48,160.0,163.35,168.4,161.1,135.49,128.38,125.68
AES,AES Corporation,Utilities,Independent Power Producers & Energy Traders,12.93,19.17,9.28,13.18,13.31,13.2,12.77,11.61,11.62,11.58
AFL,Aflac,Financials,Life & Health Insurance,106.93,113.54,96.14,106.94,107.22,106.2,103.36,103.69,104.22,104.26
A,Agilent Technologies,Health Care,Life Sciences Tools & Services,128.75,153.19,96.23,126.66,123.61,120.75,119.0,114.97,114.94,123.43
APD,Air Products,Materials,Industrial Gases,289.86,336.92,242.14,291.48,293.45,291.88,291.17,281.44,281.81,292.1
ABNB,Airbnb,Consumer Discretionary,"Hotels, Resorts & Cruise Lines",123.81,163.93,99.88,126.44,127.75,125.78,131.66,130.1,128.39,131.29
AKAM,Akamai Technologies,Information Technology,Internet Services & Infrastructure,78.56,106.8,67.51,77.88,77.72,75.93,77.37,77.7,77.99,83.92
ALB,Albemarle Corporation,Materials,Specialty Chemicals,81.54,112.1,49.11,81.08,82.21,81.12,75.22,66.7,67.35,75.58
ARE,Alexandria Real Estate Equities,Real Estate,Office REITs,84.7,118.73,66.16,82.5,81.82,78.7,77.94,74.79,77.71,84.87
ALGN,Align Technology,Health Care,Health Care Supplies,139.12,262.87,127.7,137.06,140.47,141.2,167.39,173.4,171.23,187.64
ALLE,Allegion,Industrials,Building Products,171.86,173.24,116.14,169.62,170.47,168.87,160.31,149.13,144.62,139.86
LNT,Alliant Energy,Utilities,Electric Utilities,64.62,67.11,54.71,64.72,65.33,65.33,63.95,62.26,62.12,61.09
ALL,Allstate,Financials,Property & Casualty Insurance,201.53,213.71,173.88,204.24,203.46,205.32,199.68,199.31,199.36,196.18
GOOGL,Alphabet Inc. (Class A),Communication Services,Interactive Media & Services,235.0,235.76,140.36,224.44,216.31,209.09,195.0,179.93,175.79,179.18
GOOG,Alphabet Inc. (Class C),Communication Services,Interactive Media & Services,235.17,236.13,142.49,224.89,216.89,209.8,195.83,181.1,177.14,180.63
MO,Altria,Consumer Staples,Tobacco,66.55,68.6,46.28,66.82,66.81,66.43,62.38,60.3,59.5,56.63
AMZN,Amazon,Consumer Discretionary,Broadline Retail,232.33,242.52,161.38,229.67,229.46,227.59,225.51,212.44,208.29,213.21
AMCR,Amcor,Materials,Paper & Plastic Packaging Products & Materials,8.3,11.04,8.23,8.41,8.48,8.78,9.24,9.2,9.24,9.41
AEE,Ameren,Utilities,Multi-Utilities,100.63,103.59,80.45,100.19,100.51,100.93,99.35,97.94,97.9,95.73
AEP,American Electric Power,Utilities,Electric Utilities,108.11,115.08,87.57,109.58,111.22,111.84,108.84,105.81,105.32,101.65
AXP,American Express,Financials,Consumer Finance,326.22,332.46,219.87,328.61,324.8,314.74,312.41,298.34,290.66,294.47
AIG,American International Group,Financials,Multi-line Insurance,79.21,87.61,68.55,80.93,81.72,80.97,80.98,81.97,82.08,79.12
AMT,American Tower,Real Estate,Telecom Tower REITs,198.32,235.86,169.77,198.8,203.03,204.51,213.81,214.16,213.33,204.37
AWK,American Water Works,Utilities,Water Utilities,143.6,153.69,116.64,142.16,143.3,143.74,141.97,142.05,142.07,136.45
AMP,Ameriprise Financial,Financials,Asset Management & Custody Banks,489.28,576.69,393.57,507.2,511.62,509.67,519.32,507.97,501.48,515.46
AME,Ametek,Industrials,Electrical Components & Equipment,187.45,197.35,144.77,185.86,186.19,184.95,182.51,177.97,176.4,179.81
AMGN,Amgen,Health Care,Biotechnology,283.64,330.26,247.06,284.44,286.76,287.94,291.35,284.82,288.15,283.62
APH,Amphenol,Information Technology,Electronic Components,110.45,113.65,56.35,110.4,110.31,110.15,105.34,94.65,88.64,81.72
ADI,Analog Devices,Information Technology,Semiconductors,247.07,257.11,157.31,247.27,250.34,241.68,237.21,223.48,218.21,216.84
AON,Aon plc,Financials,Insurance Brokers,370.54,411.24,322.37,371.4,370.69,369.85,361.84,360.38,365.83,368.92
APA,APA Corporation,Energy,Oil & Gas Exploration & Production,22.75,26.13,13.18,23.19,22.76,21.56,20.01,18.57,18.55,19.69
APO,Apollo Global Management,Financials,Asset Management & Custody Banks,131.55,187.59,101.84,134.2,134.56,136.9,142.23,137.61,136.56,146.43
AAPL,Apple Inc.,Information Technology,"Technology Hardware, Storage & Peripherals",239.69,259.18,168.8,235.96,232.71,231.15,218.27,210.3,210.32,220.92
AMAT,Applied Materials,Information Technology,Semiconductor Materials & Equipment,162.75,213.48,123.04,159.11,161.42,167.7,179.91,169.85,165.07,167.48
APTV,Aptiv,Consumer Discretionary,Automotive Parts & Equipment,80.44,82.05,47.19,79.69,79.58,76.29,72.03,67.54,65.94,64.01
ACGL,Arch Capital Group,Financials,Property & Casualty Insurance,91.29,110.75,82.49,91.85,91.84,91.28,89.7,91.12,91.41,92.13
ADM,Archer Daniels Midland,Consumer Staples,Agricultural Products & Services,62.94,64.38,40.22,62.26,62.66,60.88,56.91,52.64,51.26,50.3
ANET,Arista Networks,Information Technology,Communications Equipment,142.85,145.42,59.43,138.76,136.39,136.4,121.72,104.94,99.66,102.57
AJG,Arthur J. Gallagher & Co.,Financials,Insurance Brokers,299.18,350.53,272.64,301.68,300.88,298.13,303.19,316.59,319.29,312.81
AIZ,Assurant,Financials,Multi-line Insurance,211.17,227.13,173.64,214.39,214.69,212.48,198.81,197.21,198.2,202.87
T,AT&T,Communication Services,Integrated Telecommunication Services,29.59,29.79,19.34,29.32,29.07,28.9,28.15,27.73,27.49,25.91
ATO,Atmos Energy,Utilities,Gas Utilities,166.48,167.99,127.77,165.62,165.86,165.31,158.9,156.96,155.29,150.19
ADSK,Autodesk,Information Technology,Application Software,326.37,326.85,232.67,319.53,303.01,294.98,298.86,293.16,286.37,290.38
ADP,Automatic Data Processing,Industrials,Human Resource & Employment Services,295.97,328.29,262.35,299.97,302.23,303.11,304.11,306.2,303.96,301.71
AZO,AutoZone,Consumer Discretionary,Automotive Retail,4219.41,4241.0,2898.57,4204.04,4185.33,4120.82,3916.95,3806.09,3774.95,3601.68
AVB,AvalonBay Communities,Real Estate,Multi-Family Residential REITs,195.41,233.48,178.86,192.81,193.07,191.06,195.59,199.67,200.65,207.09
AVY,Avery Dennison,Materials,Paper & Plastic Packaging Products & Materials,168.06,219.94,155.31,168.19,170.79,172.33,174.37,174.4,174.25,179.23
AXON,Axon Enterprise,Industrials,Aerospace & Defense,728.41,885.92,346.71,734.95,752.51,764.94,767.53,732.91,695.24,664.28
BKR,Baker Hughes,Energy,Oil & Gas Equipment & Services,45.58,48.6,31.55,45.53,45.17,44.06,42.4,39.82,40.12,41.28
BALL,Ball Corporation,Materials,"Metal, Glass & Plastic Containers",50.94,67.13,43.18,51.0,51.78,52.56,55.5,53.91,53.16,53.7
BAC,Bank of America,Financials,Diversified Banks,49.77,50.92,32.88,50.32,50.17,48.79,47.85,45.15,44.07,44.46
BAX,Baxter International,Health Care,Health Care Equipment,24.42,39.59,21.18,24.08,24.21,24.02,26.21,28.12,28.96,29.81
BDX,Becton Dickinson,Health Care,Health Care Equipment,192.39,249.34,162.35,190.88,192.94,194.31,184.52,181.37,189.21,203.41
BBY,Best Buy,Consumer Discretionary,Computer & Electronics Retail,76.17,99.71,54.24,75.24,74.77,73.11,70.36,69.09,69.05,74.69
TECH,Bio-Techne,Health Care,Life Sciences Tools & Services,54.41,80.52,45.87,53.74,54.99,54.07,53.78,51.65,52.86,59.78
BIIB,Biogen,Health Care,Biotechnology,140.67,206.5,110.04,138.82,137.55,136.23,132.42,128.68,129.85,136.75
BLK,BlackRock,Financials,Asset Management & Custody Banks,1099.15,1171.89,769.66,1109.86,1123.65,1131.1,1108.35,1028.54,1005.83,1003.79
BX,Blackstone Inc.,Financials,Asset Management & Custody Banks,169.99,196.67,114.16,169.64,170.33,170.17,166.49,151.59,148.86,157.4
XYZ,"Block, Inc.",Financials,Transaction & Payment Processing Services,74.94,99.26,44.27,76.47,77.95,76.43,74.24,66.4,64.38,72.18
BK,BNY Mellon,Financials,Asset Management & Custody Banks,103.69,106.57,64.5,104.85,104.56,103.38,99.3,92.3,89.92,86.58
BA,Boeing,Industrials,Aerospace & Defense,229.61,242.69,128.88,232.96,232.84,231.27,226.9,210.53,200.98,189.22
BKNG,Booking Holdings,Consumer Discretionary,"Hotels, Resorts & Cruise Lines",5505.8,5839.41,3680.94,5555.84,5617.7,5563.12,5615.12,5405.41,5228.85,5125.14
BSX,Boston Scientific,Health Care,Health Care Equipment,107.22,108.94,80.5,106.84,106.35,105.0,104.81,103.41,102.27,100.14
BMY,Bristol Myers Squibb,Health Care,Pharmaceuticals,47.14,61.84,42.96,47.18,47.27,47.42,47.0,47.27,49.25,51.79
AVGO,Broadcom,Information Technology,Semiconductors,334.89,356.24,133.38,307.8,303.42,303.2,291.44,257.06,241.32,228.98
BR,Broadridge Financial Solutions,Industrials,Data Processing & Outsourced Services,251.02,271.91,203.77,252.09,255.18,258.55,250.21,244.02,241.57,237.89
BRO,Brown & Brown,Financials,Insurance Brokers,94.79,125.31,90.24,95.59,95.97,95.68,99.67,105.44,108.19,107.96
BLDR,Builders FirstSource,Industrials,Building Products,149.21,203.14,102.6,140.97,141.58,138.71,132.49,123.3,123.85,136.85
BG,Bunge Global,Consumer Staples,Agricultural Products & Services,84.33,98.06,65.6,82.47,84.18,82.89,79.4,78.84,77.74,77.41
BXP,"BXP, Inc.",Real Estate,Office REITs,76.83,86.38,53.45,74.16,72.21,68.61,68.57,67.51,66.81,68.66
CHRW,C.H. Robinson,Industrials,Air Freight & Logistics,126.13,131.17,84.13,128.07,127.62,124.12,110.89,102.04,101.01,101.54
CDNS,Cadence Design Systems,Information Technology,Application Software,351.01,376.45,221.56,348.18,348.09,348.99,337.84,317.53,304.48,300.9
CZR,Caesars Entertainment,Consumer Discretionary,Casinos & Gaming,26.34,45.93,21.4,25.93,26.35,25.7,27.51,27.52,27.31,30.27
CPT,Camden Property Trust,Real Estate,Multi-Family Residential REITs,111.36,124.31,101.41,110.33,110.05,108.26,110.67,112.76,113.41,114.23
CPB,Campbell's Company (The),Consumer Staples,Packaged Foods & Meats,34.03,50.77,29.39,32.76,32.52,32.46,31.94,33.18,34.16,36.31
COF,Capital One,Financials,Consumer Finance,221.53,231.82,129.97,223.93,223.86,219.0,216.41,202.33,195.65,193.02
CAH,Cardinal Health,Health Care,Health Care Distributors,149.56,168.44,104.89,149.56,148.82,150.04,156.24,153.06,148.57,138.81
KMX,CarMax,Consumer Discretionary,Automotive Retail,60.7,91.25,54.53,60.58,60.67,59.12,61.35,63.61,65.64,72.15
CCL,Carnival,Consumer Discretionary,"Hotels, Resorts & Cruise Lines",31.57,32.77,15.07,31.54,31.7,30.62,29.78,25.73,24.47,24.77
CARR,Carrier Global,Industrials,Building Products,65.51,82.31,53.89,64.04,65.42,65.72,70.57,69.65,68.42,68.5
CAT,Caterpillar Inc.,Industrials,Construction Machinery & Heavy Transportation Equipment,423.08,441.15,265.05,418.7,426.03,420.21,415.5,375.21,364.48,365.69
CBOE,Cboe Global Markets,Financials,Financial Exchanges & Data,232.58,255.27,186.22,234.0,238.15,243.29,240.43,231.79,228.57,218.87
CBRE,CBRE Group,Real Estate,Real Estate Services,164.38,165.41,108.45,161.38,162.47,160.23,151.28,138.95,136.39,136.57
CDW,CDW Corporation,Information Technology,Technology Distributors,169.73,227.65,136.33,165.28,165.4,164.84,171.86,171.71,169.48,173.83
COR,Cencora,Health Care,Health Care Distributors,292.5,308.18,216.84,293.36,291.79,292.54,292.67,290.49,286.29,269.32
CNC,Centene Corporation,Health Care,Managed Health Care,28.98,77.29,25.08,29.27,29.07,28.34,30.72,44.5,47.67,52.37
CNP,CenterPoint Energy,Utilities,Multi-Utilities,37.78,39.16,25.67,37.7,37.72,37.93,37.37,37.14,36.78,34.94
CF,CF Industries,Materials,Fertilizers & Agricultural Chemicals,84.48,103.84,66.56,85.5,86.05,85.11,89.66,87.9,85.32,85.4
CRL,Charles River Laboratories,Health Care,Life Sciences Tools & Services,163.99,230.02,91.86,162.64,162.89,158.82,160.25,146.57,147.89,159.13
SCHW,Charles Schwab Corporation,Financials,Investment Banking & Brokerage,92.05,99.42,60.38,95.57,96.11,96.36,94.89,89.83,86.99,83.75
CHTR,Charter Communications,Communication Services,Cable & Satellite,261.5,437.06,254.67,262.45,266.27,265.48,320.41,354.2,354.88,358.42
CVX,Chevron Corporation,Energy,Integrated Oil & Gas,153.66,165.09,129.01,158.37,158.41,155.94,152.05,144.67,146.34,147.55
CMG,Chipotle Mexican Grill,Consumer Discretionary,Restaurants,41.06,66.74,40.73,41.63,42.21,42.57,47.54,49.21,49.27,52.78
CB,Chubb Limited,Financials,Property & Casualty Insurance,277.38,305.88,250.52,277.47,275.78,275.0,275.29,281.22,283.03,279.54
CHD,Church & Dwight,Consumer Staples,Household Products,95.8,115.72,90.22,94.14,93.6,93.24,94.81,95.98,98.15,101.15
CI,Cigna,Health Care,Health Care Services,305.31,363.87,255.6,301.38,300.37,295.09,297.01,307.86,310.03,304.21
CINF,Cincinnati Financial,Financials,Property & Casualty Insurance,153.36,158.92,122.28,153.81,153.87,152.91,150.33,146.92,145.61,144.37
CTAS,Cintas,Industrials,Diversified Support Services,204.5,228.77,179.74,206.5,209.44,214.61,217.72,217.32,213.35,209.36
CSCO,Cisco,Information Technology,Communications Equipment,66.9,72.55,46.57,67.89,68.02,68.39,68.37,64.88,63.69,62.17
C,Citigroup,Financials,Diversified Banks,95.4,97.98,54.51,95.77,95.85,94.84,91.94,82.25,79.19,77.11
CFG,Citizens Financial Group,Financials,Regional Banks,51.71,52.85,31.96,51.95,51.66,49.96,48.33,43.73,42.7,43.45
CLX,Clorox,Consumer Staples,Household Products,127.03,166.9,116.17,122.55,120.7,121.05,123.21,127.15,130.15,139.78
CME,CME Group,Financials,Financial Exchanges & Data,261.94,289.46,203.47,266.13,268.0,271.81,275.12,274.16,271.33,257.33
CMS,CMS Energy,Utilities,Multi-Utilities,71.55,75.33,62.54,71.47,71.82,72.33,71.56,70.99,71.17,69.55
KO,Coca-Cola Company (The),Consumer Staples,Soft Drinks & Non-alcoholic Beverages,67.96,73.85,59.75,68.65,68.82,69.53,69.64,70.31,70.17,67.69
CTSH,Cognizant,Information Technology,IT Consulting & Other Services,71.82,89.77,64.98,71.82,71.94,70.87,73.63,75.34,75.37,77.21
COIN,Coinbase,Financials,Financial Exchanges & Data,299.07,444.65,142.58,303.26,306.81,310.89,345.41,291.66,269.48,272.55
CL,Colgate-Palmolive,Consumer Staples,Household Products,85.13,106.9,82.4,84.21,84.31,84.78,86.62,88.66,89.08,89.24
CMCSA,Comcast,Communication Services,Cable & Satellite,33.91,44.12,31.03,33.97,33.91,33.39,34.02,34.12,34.32,35.37
CAG,Conagra Brands,Consumer Staples,Packaged Foods & Meats,19.28,31.36,18.18,19.06,19.09,19.19,19.24,20.95,21.81,23.14
COP,ConocoPhillips,Energy,Oil & Gas Exploration & Production,92.95,112.56,78.56,96.27,96.97,95.57,93.94,91.27,92.12,94.62
ED,Consolidated Edison,Utilities,Multi-Utilities,98.05,112.97,85.07,97.83,98.87,100.49,100.63,102.58,103.21,99.17
STZ,Constellation Brands,Consumer Staples,Distillers & Vintners,148.43,255.51,144.81,150.8,156.33,162.2,166.43,172.74,174.06,183.88
CEG,Constellation Energy,Utilities,Electric Utilities,301.58,356.57,160.94,306.86,310.72,317.67,321.47,297.15,279.26,274.43
COO,Cooper Companies (The),Health Care,Health Care Supplies,68.09,112.38,61.78,67.19,69.7,71.3,72.01,74.45,75.53,82.72
CPRT,Copart,Industrials,Diversified Support Services,48.57,64.38,45.05,48.79,48.73,47.97,47.43,51.84,52.49,54.7
GLW,Corning Inc.,Information Technology,Electronic Components,71.19,71.4,36.95,69.15,68.05,66.54,60.05,53.53,51.78,50.58
CPAY,Corpay,Financials,Transaction & Payment Processing Services,316.65,400.81,269.02,319.88,322.87,318.47,324.8,326.61,327.97,341.74
CTVA,Corteva,Materials,Fertilizers & Agricultural Chemicals,72.3,77.22,53.14,73.05,73.46,72.69,73.14,70.19,68.19,65.27
CSGP,CoStar Group,Real Estate,Real Estate Services,89.46,97.43,68.26,88.81,89.49,89.46,88.59,83.28,82.23,79.65
COST,Costco,Consumer Staples,Consumer Staples Merchandise Retail,963.48,1075.34,862.73,950.26,948.72,964.95,962.35,981.85,970.76,973.58
CTRA,Coterra,Energy,Oil & Gas Exploration & Production,23.98,29.29,21.55,24.32,24.17,23.91,24.13,24.49,25.0,25.42
CRWD,CrowdStrike,Information Technology,Systems Software,417.63,517.98,242.25,416.1,420.21,422.59,454.91,449.36,430.6,410.33
CCI,Crown Castle,Real Estate,Telecom Tower REITs,96.15,115.8,81.93,97.18,99.2,100.79,103.49,102.04,101.57,97.64
CSX,CSX Corporation,Industrials,Rail Transportation,32.53,37.1,26.01,32.43,32.65,34.23,34.22,32.16,31.52,31.98
CMI,Cummins,Industrials,Construction Machinery & Heavy Transportation Equipment,399.85,406.31,257.24,397.32,398.68,397.33,367.8,338.64,332.71,342.29
CVS,CVS Health,Health Care,Health Care Services,73.78,74.53,42.12,73.61,72.62,70.34,66.29,65.28,65.35,60.97
DHR,Danaher Corporation,Health Care,Life Sciences Tools & Services,200.21,278.43,170.73,201.66,204.44,205.86,201.68,197.92,198.61,208.76
DRI,Darden Restaurants,Consumer Discretionary,Restaurants,210.14,226.68,149.33,208.72,207.64,206.63,208.16,207.83,205.08,195.95
DDOG,Datadog,Information Technology,Application Software,136.08,170.08,81.63,134.37,133.04,130.76,137.19,124.83,119.89,127.78
DVA,DaVita,Health Care,Health Care Services,137.87,179.6,126.07,136.82,137.41,135.7,139.43,139.68,141.67,148.19
DAY,Dayforce,Industrials,Human Resource & Employment Services,69.0,82.69,48.01,69.47,69.49,63.79,59.55,58.64,58.15,63.05
DECK,Deckers Brands,Consumer Discretionary,Footwear,120.4,223.98,93.72,122.1,118.12,111.01,107.37,109.43,110.52,138.91
DE,Deere & Company,Industrials,Agricultural & Farm Machinery,473.26,532.1,373.4,474.62,482.93,489.68,501.78,498.15,491.21,475.75
DELL,Dell Technologies,Information Technology,"Technology Hardware, Storage & Peripherals",124.83,145.54,65.56,123.73,127.8,132.08,129.2,116.72,111.25,112.38
DAL,Delta Air Lines,Industrials,Passenger Airlines,61.18,69.36,34.52,61.18,61.24,59.75,55.87,51.22,49.77,54.66
DVN,Devon Energy,Energy,Oil & Gas Exploration & Production,34.76,42.42,25.71,35.59,35.55,34.55,33.62,32.69,32.92,33.58
DXCM,Dexcom,Health Care,Health Care Equipment,80.51,93.25,57.52,77.97,77.56,78.87,81.85,81.14,78.68,80.03
FANG,Diamondback Energy,Energy,Oil & Gas Exploration & Production,138.71,195.31,112.4,144.47,145.11,141.99,142.06,139.87,141.02,148.94
DLR,Digital Realty,Real Estate,Data Center REITs,163.24,193.72,129.05,163.63,165.73,166.38,170.81,168.37,163.72,166.89
DG,Dollar General,Consumer Staples,Consumer Staples Merchandise Retail,109.28,117.95,65.67,109.33,110.48,112.33,111.59,105.6,101.29,90.92
DLTR,Dollar Tree,Consumer Staples,Consumer Staples Merchandise Retail,101.12,118.06,60.49,104.78,108.64,111.24,110.16,99.15,93.16,85.23
D,Dominion Energy,Utilities,Multi-Utilities,58.19,62.46,47.5,58.99,59.7,60.53,59.06,56.83,56.16,55.37
DPZ,Domino's,Consumer Discretionary,Restaurants,463.83,497.15,390.2,463.73,458.3,452.14,458.81,465.39,462.36,456.52
DASH,DoorDash,Consumer Discretionary,Specialized Consumer Services,246.85,278.15,122.32,246.76,246.82,249.41,246.53,224.45,216.36,203.58
DOV,Dover Corporation,Industrials,Industrial Machinery & Supplies & Components,177.75,220.46,142.22,177.09,179.3,178.32,181.97,178.35,177.28,184.15
DOW,Dow Inc.,Materials,Commodity Chemicals,24.5,51.74,20.11,24.28,24.37,23.42,25.12,26.67,27.86,31.73
DHI,D. R. Horton,Consumer Discretionary,Homebuilding,181.8,197.64,109.8,174.08,171.48,166.91,150.42,136.5,134.38,137.44
DTE,DTE Energy,Utilities,Multi-Utilities,136.6,142.05,112.71,136.16,137.22,138.52,136.71,135.38,134.87,129.8
DUK,Duke Energy,Utilities,Electric Utilities,120.61,126.75,102.41,121.47,122.41,123.02,120.21,118.31,118.0,114.67
DD,DuPont,Materials,Specialty Chemicals,77.82,88.2,53.17,76.65,76.82,74.67,73.67,69.84,70.01,73.02
EMN,Eastman Chemical Company,Materials,Specialty Chemicals,69.06,111.31,56.78,69.0,68.82,66.9,71.73,74.83,76.97,83.68
ETN,Eaton Corporation,Industrials,Electrical Components & Equipment,349.03,398.4,230.37,346.63,348.53,351.46,361.44,336.45,324.97,327.6
EBAY,eBay Inc.,Consumer Discretionary,Broadline Retail,92.66,100.83,55.44,91.27,93.37,95.65,86.38,78.97,76.15,71.8
ECL,Ecolab,Materials,Specialty Chemicals,273.56,286.04,221.08,274.71,277.43,278.61,272.12,263.81,260.61,255.55
EIX,Edison International,Utilities,Electric Utilities,54.45,85.03,46.98,55.28,55.15,55.3,53.26,53.6,53.99,58.32
EW,Edwards Lifesciences,Health Care,Health Care Equipment,80.94,83.0,64.01,81.25,81.23,79.98,78.71,76.96,75.6,74.34
EA,Electronic Arts,Communication Services,Interactive Home Entertainment,168.62,180.7,114.77,169.58,170.73,172.09,161.39,154.92,152.11,148.71
ELV,Elevance Health,Health Care,Managed Health Care,313.64,553.38,273.71,316.85,314.51,308.13,313.82,355.07,369.51,375.96
EMR,Emerson Electric,Industrials,Electrical Components & Equipment,132.55,149.68,89.31,131.71,132.6,132.33,137.19,126.26,122.47,123.2
ENPH,Enphase Energy,Information Technology,Semiconductor Materials & Equipment,39.65,126.19,29.89,37.59,37.74,35.98,37.18,40.98,44.63,52.88
ETR,Entergy,Utilities,Electric Utilities,87.75,91.79,58.27,87.73,88.44,89.01,86.63,84.32,83.85,81.55
EOG,EOG Resources,Energy,Oil & Gas Exploration & Production,117.93,135.49,100.76,122.21,122.21,120.17,119.73,116.3,116.92,120.44
EPAM,EPAM Systems,Information Technology,IT Consulting & Other Services,169.46,269.0,138.15,172.53,172.81,166.68,167.76,168.48,168.83,194.92
EQT,EQT Corporation,Energy,Oil & Gas Exploration & Production,51.6,60.83,31.05,51.83,51.94,51.73,53.56,53.88,53.28,51.25
EFX,Equifax,Industrials,Research & Consulting Services,249.67,307.44,199.2,241.52,244.83,245.11,249.57,254.27,250.23,252.1
EQIX,Equinix,Real Estate,Data Center REITs,773.68,977.63,693.42,772.32,778.91,776.2,775.9,816.39,814.86,853.72
EQR,Equity Residential,Real Estate,Multi-Family Residential REITs,66.81,76.06,58.81,65.44,65.22,64.42,65.54,67.07,67.19,68.32
ERIE,Erie Indemnity,Financials,Insurance Brokers,335.07,539.84,323.76,338.42,347.4,355.26,352.62,358.86,369.47,383.45
ESS,Essex Property Trust,Real Estate,Multi-Family Residential REITs,268.12,310.81,241.65,264.99,265.74,261.8,272.39,275.58,278.01,281.18
EL,Estée Lauder Companies (The),Consumer Staples,Personal Care Products,89.2,101.55,47.94,90.15,90.31,90.09,88.79,76.51,73.83,73.65
EG,Everest Group,Financials,Reinsurance,340.0,400.59,318.14,344.2,342.82,339.18,336.47,340.09,342.49,347.11
EVRG,Evergy,Utilities,Electric Utilities,71.6,73.29,56.68,71.42,71.61,71.7,70.12,68.17,67.67,65.57
ES,Eversource Energy,Utilities,Electric Utilities,63.53,67.15,51.64,63.6,64.12,64.82,65.11,63.47,62.61,60.89
EXC,Exelon,Utilities,Electric Utilities,43.43,47.26,34.98,43.44,43.93,44.31,43.73,43.82,43.81,41.9
EXE,Expand Energy,Energy,Oil & Gas Exploration & Production,95.51,121.47,66.93,96.85,96.23,95.58,100.59,105.52,105.16,102.56
EXPE,Expedia Group,Consumer Discretionary,"Hotels, Resorts & Cruise Lines",214.95,219.1,125.66,214.19,213.8,208.77,191.83,177.47,174.44,178.36
EXPD,Expeditors International,Industrials,Air Freight & Logistics,120.91,129.91,99.78,120.87,120.99,120.29,117.49,114.48,114.52,114.58
EXR,Extra Space Storage,Real Estate,Self-Storage REITs,147.28,178.97,119.72,143.75,142.62,140.01,144.23,144.87,144.26,147.19
XOM,ExxonMobil,Energy,Integrated Oil & Gas,109.23,121.93,96.01,112.5,112.31,109.52,109.59,107.43,107.91,107.97
FFIV,"F5, Inc.",Information Technology,Communications Equipment,315.89,334.0,197.34,311.83,314.38,316.58,307.56,293.29,287.25,281.15
FDS,FactSet,Financials,Financial Exchanges & Data,371.01,495.04,362.41,370.7,374.82,374.93,404.83,421.41,423.48,440.09
FICO,Fair Isaac,Information Technology,Application Software,1531.99,2402.52,1300.0,1519.64,1478.38,1408.61,1511.66,1703.33,1726.23,1832.41
FAST,Fastenal,Industrials,Trading Companies & Distributors,47.99,50.63,31.04,49.33,49.76,49.32,46.63,43.68,42.5,40.63
FRT,Federal Realty Investment Trust,Real Estate,Retail REITs,102.67,114.28,79.72,100.68,100.09,97.09,95.25,94.64,94.35,98.84
FDX,FedEx,Industrials,Air Freight & Logistics,227.72,303.39,193.05,226.72,229.8,229.16,230.32,224.01,225.59,242.3
FIS,Fidelity National Information Services,Financials,Transaction & Payment Processing Services,68.74,90.63,66.18,68.75,69.61,70.12,75.74,77.08,76.05,76.97
FITB,Fifth Third Bancorp,Financials,Regional Banks,45.62,47.75,31.96,45.76,45.41,43.97,43.07,40.21,39.62,40.99
FSLR,First Solar,Information Technology,Semiconductors,205.14,262.72,116.56,199.89,198.62,196.56,183.13,166.86,159.41,165.66
FE,FirstEnergy,Utilities,Electric Utilities,43.48,44.4,36.81,43.49,43.58,43.52,41.88,41.45,40.91,40.26
FI,Fiserv,Financials,Transaction & Payment Processing Services,135.05,238.59,128.22,136.59,137.34,136.65,148.82,162.88,173.2,189.14
F,Ford Motor Company,Consumer Discretionary,Automobile Manufacturers,11.74,11.99,8.21,11.71,11.76,11.56,11.32,10.7,10.46,10.1
FTNT,Fortinet,Information Technology,Systems Software,78.83,114.82,70.12,77.51,78.03,77.98,92.54,97.31,97.09,98.11
FTV,Fortive,Industrials,Industrial Machinery & Supplies & Components,47.87,62.73,45.5,47.54,48.06,47.92,49.79,51.22,51.79,54.45
FOXA,Fox Corporation (Class A),Communication Services,Broadcasting,61.5,61.51,38.35,60.52,59.85,58.58,56.75,54.65,54.21,52.63
FOX,Fox Corporation (Class B),Communication Services,Broadcasting,55.97,55.97,35.53,55.16,54.61,53.46,51.95,50.22,49.88,48.87
BEN,Franklin Resources,Financials,Asset Management & Custody Banks,24.97,26.08,16.03,25.46,25.45,25.32,24.86,22.73,21.91,21.2
FCX,Freeport-McMoRan,Materials,Copper,46.34,51.85,27.45,45.59,44.75,43.33,43.57,40.98,40.12,39.75
GRMN,Garmin,Consumer Discretionary,Consumer Electronics,237.39,244.52,159.09,237.61,236.59,234.5,226.77,212.56,210.92,211.75
IT,Gartner,Information Technology,IT Consulting & Other Services,245.91,584.01,223.65,246.46,246.09,242.02,311.43,367.19,378.88,428.02
GE,GE Aerospace,Industrials,Aerospace & Defense,279.23,284.32,158.81,277.6,274.45,272.51,265.89,244.74,234.66,216.19
GEHC,GE HealthCare,Health Care,Health Care Equipment,75.73,94.71,57.59,73.51,73.94,73.77,74.25,72.02,72.94,77.34
GEV,GE Vernova,Industrials,Heavy Electrical Equipment,582.08,677.29,191.75,590.12,604.19,615.97,595.64,512.85,472.44,426.67
GEN,Gen Digital,Information Technology,Systems Software,29.5,32.09,22.55,29.68,30.28,30.79,30.1,28.79,28.27,28.16
GNRC,Generac,Industrials,Electrical Components & Equipment,181.3,203.25,99.5,179.88,185.05,191.01,172.29,147.23,142.87,148.64
GD,General Dynamics,Industrials,Aerospace & Defense,322.86,326.02,236.67,323.41,322.91,319.16,309.81,292.19,286.44,276.57
GIS,General Mills,Consumer Staples,Packaged Foods & Meats,50.58,72.88,48.29,49.72,49.5,49.56,50.12,52.14,53.34,56.0
GM,General Motors,Consumer Discretionary,Automobile Manufacturers,58.27,60.75,41.47,58.26,58.4,57.03,54.21,50.91,50.19,50.48
GPC,Genuine Parts Company,Consumer Discretionary,Distributors,139.5,143.48,103.16,138.48,138.9,137.66,131.67,126.13,124.51,122.28
GILD,Gilead Sciences,Health Care,Biotechnology,115.05,121.83,75.31,113.3,113.66,116.25,113.48,109.5,109.29,104.04
GPN,Global Payments,Financials,Transaction & Payment Processing Services,87.78,119.03,65.72,87.53,88.08,86.49,83.38,80.32,82.93,93.08
GL,Globe Life,Financials,Life & Health Insurance,139.81,144.0,98.18,140.35,140.3,139.34,132.27,126.58,126.25,121.98
GDDY,GoDaddy,Information Technology,Internet Services & Infrastructure,145.24,216.0,132.51,145.27,146.13,144.24,158.65,169.78,171.06,181.04
GS,Goldman Sachs,Financials,Investment Banking & Brokerage,738.21,757.35,434.87,738.75,740.44,733.05,718.39,649.92,625.75,614.92
HAL,Halliburton,Energy,Oil & Gas Equipment & Services,22.1,31.66,18.43,22.25,22.18,21.56,21.54,21.06,21.55,23.63
HIG,Hartford (The),Financials,Property & Casualty Insurance,131.67,135.17,103.64,132.64,132.54,131.37,126.49,125.59,124.05,119.68
HAS,Hasbro,Consumer Discretionary,Leisure Products,79.73,82.19,48.07,80.02,80.77,79.91,77.26,70.13,67.67,64.45
HCA,HCA Healthcare,Health Care,Health Care Facilities,420.77,420.98,288.77,410.01,407.21,400.88,379.84,371.2,363.54,345.82
DOC,Healthpeak Properties,Real Estate,Health Care REITs,18.39,22.06,16.35,18.0,17.87,17.45,17.61,17.43,17.79,18.51
HSIC,Henry Schein,Health Care,Health Care Distributors,69.43,82.49,60.56,68.46,68.74,68.21,69.97,69.55,69.41,71.28
HSY,Hershey Company (The),Consumer Staples,Packaged Foods & Meats,185.48,202.98,136.73,185.0,183.22,181.0,177.67,170.3,169.38,167.05
HPE,Hewlett Packard Enterprise,Information Technology,"Technology Hardware, Storage & Peripherals",23.52,24.28,11.88,22.95,22.81,22.04,21.11,19.06,18.25,19.34
HLT,Hilton Worldwide,Consumer Discretionary,"Hotels, Resorts & Cruise Lines",272.3,279.77,195.81,275.49,275.63,271.89,270.42,255.48,249.33,250.91
HOLX,Hologic,Health Care,Health Care Equipment,66.76,84.39,51.9,66.62,66.85,67.42,66.31,62.98,62.6,65.78
HD,Home Depot (The),Consumer Discretionary,Home Improvement Retail,418.95,429.19,322.47,408.91,407.79,401.75,382.18,370.77,367.16,378.66
HON,Honeywell,Industrials,Industrial Conglomerates,214.25,240.47,177.52,216.1,218.91,217.78,224.97,220.07,216.88,217.32
HRL,Hormel Foods,Consumer Staples,Packaged Foods & Meats,25.66,32.84,23.71,25.34,26.78,27.68,28.75,29.3,29.32,29.49
HST,Host Hotels & Resorts,Real Estate,Hotel & Resort REITs,17.43,18.53,12.06,17.3,17.19,16.52,16.23,15.51,15.24,15.8
HWM,Howmet Aerospace,Industrials,Aerospace & Defense,178.2,193.13,90.47,175.91,174.95,175.26,180.12,168.79,160.5,145.69
HPQ,HP Inc.,Information Technology,"Technology Hardware, Storage & Peripherals",29.34,38.63,20.97,28.89,28.22,27.4,26.09,25.81,25.99,28.62
HUBB,Hubbell Incorporated,Industrials,Industrial Machinery & Supplies & Components,436.04,475.24,297.55,432.63,436.94,432.84,426.24,399.88,386.95,398.45
HUM,Humana,Health Care,Managed Health Care,307.92,377.69,206.87,309.12,303.64,292.71,260.12,252.35,254.89,261.0
HBAN,Huntington Bancshares,Financials,Regional Banks,17.63,18.03,11.8,17.72,17.63,17.09,16.92,16.04,15.67,15.96
HII,Huntington Ingalls Industries,Industrials,Aerospace & Defense,271.13,291.7,155.93,270.19,270.84,268.22,260.78,242.91,233.96,215.58
IBM,IBM,Information Technology,IT Consulting & Other Services,248.53,294.17,193.86,244.96,243.95,241.62,260.95,259.1,255.4,246.38
IEX,IDEX Corporation,Industrials,Industrial Machinery & Supplies & Components,164.93,235.67,152.2,163.55,164.96,164.33,171.72,174.7,175.19,188.4
IDXX,Idexx Laboratories,Health Care,Health Care Equipment,642.99,688.12,356.14,640.78,642.04,644.95,590.55,540.21,514.4,483.85
ITW,Illinois Tool Works,Industrials,Industrial Machinery & Supplies & Components,266.24,274.77,213.36,264.01,265.5,263.2,259.16,250.22,249.0,252.6
INCY,Incyte,Health Care,Biotechnology,86.64,87.99,53.56,85.93,85.2,84.66,76.55,70.14,68.51,69.77
IR,Ingersoll Rand,Industrials,Industrial Machinery & Supplies & Components,80.95,105.95,65.58,78.98,79.72,79.12,82.53,81.01,80.51,85.32
PODD,Insulet Corporation,Health Care,Health Care Equipment,348.43,350.0,204.02,344.65,338.68,328.27,307.19,300.09,291.7,283.89
INTC,Intel,Information Technology,Semiconductors,24.49,27.55,17.67,24.33,24.51,23.71,22.68,21.66,21.79,21.7
ICE,Intercontinental Exchange,Financials,Financial Exchanges & Data,174.27,189.35,141.51,175.12,176.86,179.29,181.55,177.25,175.34,168.59
IFF,International Flavors & Fragrances,Materials,Specialty Chemicals,66.03,105.18,62.33,66.27,66.71,66.0,70.81,73.22,73.86,77.83
IP,International Paper,Materials,Paper & Plastic Packaging Products & Materials,48.69,58.71,42.44,48.8,48.84,48.07,49.24,47.78,48.24,50.57
IPG,Interpublic Group of Companies (The),Communication Services,Advertising,27.15,31.81,21.93,26.65,26.63,26.11,25.23,24.5,24.63,25.62
INTU,Intuit,Information Technology,Application Software,672.82,813.7,531.0,667.76,664.93,688.61,739.28,712.83,688.93,662.47
ISRG,Intuitive Surgical,Health Care,Health Care Equipment,466.86,616.0,425.0,460.99,466.88,471.97,495.03,511.81,507.8,527.12
IVZ,Invesco,Financials,Asset Management & Custody Banks,21.99,22.25,11.33,21.84,21.84,21.35,19.76,16.99,16.46,16.73
INVH,Invitation Homes,Real Estate,Single-Family Residential REITs,30.25,36.53,29.11,30.49,30.73,30.5,31.33,32.41,32.54,32.21
IQV,IQVIA,Health Care,Life Sciences Tools & Services,187.68,250.46,134.65,186.19,187.54,187.71,179.05,164.02,165.99,178.07
IRM,Iron Mountain,Real Estate,Other Specialized REITs,92.18,127.24,71.77,90.97,91.58,91.43,95.54,95.45,93.22,97.08
JBHT,J.B. Hunt,Industrials,Cargo Ground Transportation,143.73,198.61,122.01,144.73,145.06,144.0,146.26,141.84,142.48,153.73
JBL,Jabil,Information Technology,Electronic Manufacturing Services,210.1,232.75,99.48,205.64,207.3,211.63,217.62,191.17,179.96,168.58
JKHY,Jack Henry & Associates,Financials,Transaction & Payment Processing Services,162.24,195.38,157.8,161.95,162.46,161.8,170.41,174.05,174.4,173.89
J,Jacobs Solutions,Industrials,Construction & Engineering,145.42,152.07,104.68,144.8,146.3,147.12,141.39,132.63,129.8,130.7
JNJ,Johnson & Johnson,Health Care,Pharmaceuticals,178.43,179.84,137.37,178.08,177.42,175.95,167.01,159.56,159.08,155.15
JCI,Johnson Controls,Industrials,Building Products,106.23,112.63,66.5,106.3,107.15,106.24,106.46,100.1,95.87,90.58
JPM,JPMorgan Chase,Financials,Diversified Banks,294.38,305.15,196.2,299.77,298.89,295.06,292.65,274.69,266.34,260.24
K,Kellanova,Consumer Staples,Packaged Foods & Meats,79.87,82.04,77.13,79.25,79.25,79.38,79.24,80.03,80.25,80.06
KVUE,Kenvue,Consumer Staples,Personal Care Products,18.62,24.71,17.15,20.22,20.6,20.97,21.23,21.91,22.06,21.88
KDP,Keurig Dr Pepper,Consumer Staples,Soft Drinks & Non-alcoholic Beverages,28.65,37.26,28.59,29.0,29.92,32.37,33.01,33.25,33.32,32.73
KEY,KeyCorp,Financials,Regional Banks,18.94,19.32,12.43,19.04,19.02,18.42,18.12,16.73,16.37,16.66
KEYS,Keysight Technologies,Information Technology,Electronic Equipment & Instruments,167.9,186.2,121.43,165.48,165.55,164.71,164.22,159.36,156.97,161.07
KMB,Kimberly-Clark,Consumer Staples,Household Products,129.89,149.05,121.86,129.01,129.8,131.68,130.42,132.47,133.68,132.59
KIM,Kimco Realty,Real Estate,Retail REITs,22.76,24.97,17.71,22.55,22.41,21.83,21.59,21.13,20.97,21.57
KMI,Kinder Morgan,Energy,Oil & Gas Storage & Transportation,26.59,30.49,19.68,26.75,26.74,26.71,27.28,27.21,27.11,26.99
KKR,KKR & Co.,Financials,Asset Management & Custody Banks,135.53,169.7,85.9,137.19,138.71,140.51,141.53,129.84,126.11,134.49
KLAC,KLA Corporation,Information Technology,Semiconductor Materials & Equipment,905.09,957.18,548.81,868.13,876.15,890.0,902.09,831.36,800.44,758.08
KHC,Kraft Heinz,Consumer Staples,Packaged Foods & Meats,27.29,34.58,25.07,27.03,27.21,27.19,27.04,26.98,27.39,28.02
KR,Kroger,Consumer Staples,Food Retail,67.75,74.52,49.68,68.05,68.44,69.88,70.53,69.61,68.86,65.83
LHX,L3Harris,Industrials,Aerospace & Defense,272.39,280.52,191.09,274.25,275.46,273.66,268.09,249.83,241.79,231.91
LH,Labcorp,Health Care,Health Care Services,278.67,282.74,208.23,275.9,276.4,273.74,263.34,253.91,249.46,245.35
LRCX,Lam Research,Information Technology,Semiconductor Materials & Equipment,102.95,108.02,56.18,99.66,101.1,101.52,99.77,90.08,86.54,82.96
LW,Lamb Weston,Consumer Staples,Packaged Foods & Meats,58.0,82.35,47.25,56.88,56.67,55.29,53.93,53.37,53.28,57.13
LVS,Las Vegas Sands,Consumer Discretionary,Casinos & Gaming,53.7,58.05,29.84,55.76,56.07,54.79,51.6,45.39,44.08,45.23
LDOS,Leidos,Industrials,Diversified Support Services,179.0,201.22,122.92,179.42,180.76,179.73,169.48,159.15,154.5,151.41
LEN,Lennar,Consumer Discretionary,Homebuilding,141.88,184.74,97.54,135.97,135.01,131.72,120.85,114.25,114.16,122.48
LII,Lennox International,Industrials,Building Products,578.05,689.44,497.88,557.18,564.25,578.66,597.32,578.37,575.37,593.77
LLY,Lilly (Eli),Health Care,Pharmaceuticals,727.21,946.76,622.41,735.14,728.49,702.04,744.05,761.0,768.74,783.1
LIN,Linde plc,Materials,Industrial Gases,469.52,484.83,406.06,472.32,476.02,475.8,470.47,463.02,460.53,452.84
LYV,Live Nation Entertainment,Communication Services,Movies & Entertainment,163.42,167.94,92.57,164.07,165.07,162.38,154.43,146.66,142.27,140.96
LKQ,LKQ Corporation,Consumer Discretionary,Distributors,32.38,43.77,28.65,32.25,32.06,31.29,33.44,36.36,37.27,37.4
LMT,Lockheed Martin,Industrials,Aerospace & Defense,463.9,602.02,407.14,454.93,451.83,443.12,443.27,454.66,453.44,459.91
L,Loews Corporation,Financials,Multi-line Insurance,96.64,97.77,74.95,96.81,96.48,95.78,93.17,90.47,89.8,87.83
LOW,Lowe's,Consumer Discretionary,Home Improvement Retail,269.97,281.56,204.22,262.4,260.92,255.83,237.56,229.74,228.72,237.87
LULU,Lululemon Athletica,Consumer Discretionary,"Apparel, Accessories & Luxury Goods",167.8,423.32,163.98,194.97,199.8,197.93,212.97,246.37,257.34,300.75
LYB,LyondellBasell,Materials,Specialty Chemicals,55.08,89.94,46.44,55.15,55.89,53.58,56.83,56.25,57.99,63.23
MTB,M&T Bank,Financials,Regional Banks,199.57,219.44,148.52,199.93,199.28,194.36,193.84,184.68,181.64,186.4
MPC,Marathon Petroleum,Energy,Oil & Gas Refining & Marketing,180.28,183.5,113.82,179.62,177.19,169.37,170.76,161.07,156.35,152.56
MKTX,MarketAxess,Financials,Financial Exchanges & Data,187.5,292.5,178.2,182.65,185.2,186.32,201.3,210.59,210.85,214.73
MAR,Marriott International,Consumer Discretionary,"Hotels, Resorts & Cruise Lines",264.7,305.27,204.35,266.19,268.12,265.91,269.54,261.35,256.26,265.66
MMC,Marsh McLennan,Financials,Insurance Brokers,203.74,246.94,196.27,205.27,206.32,206.95,208.16,216.07,219.44,219.72
MLM,Martin Marietta Materials,Materials,Construction Materials,622.64,629.6,440.72,616.95,613.9,610.56,585.14,560.31,543.69,540.41
MAS,Masco,Industrials,Building Products,76.07,85.23,56.02,73.63,74.06,73.23,69.13,65.71,66.08,69.76
MA,Mastercard,Financials,Transaction & Payment Processing Services,584.22,601.77,464.22,592.06,592.52,587.25,571.13,565.42,557.61,549.79
MTCH,Match Group,Communication Services,Interactive Media & Services,38.17,39.2,26.24,37.49,37.37,37.36,34.82,32.32,31.88,32.05
MKC,McCormick & Company,Consumer Staples,Packaged Foods & Meats,70.91,85.22,68.23,70.01,70.37,70.09,71.45,72.71,73.97,74.93
MCD,McDonald's,Consumer Discretionary,Restaurants,314.38,322.65,271.85,315.06,313.06,309.68,301.72,304.21,304.04,298.91
MCK,McKesson Corporation,Health Care,Health Care Distributors,687.4,737.01,462.37,689.43,685.65,680.79,699.32,703.52,695.9,659.36
MDT,Medtronic,Health Care,Health Care Equipment,92.9,94.71,77.57,92.83,92.51,92.39,90.77,87.38,87.44,86.54
MRK,Merck & Co.,Health Care,Pharmaceuticals,84.71,116.37,72.58,84.51,84.75,83.9,82.46,80.4,81.87,86.56
META,Meta Platforms,Communication Services,Interactive Media & Services,752.45,796.25,479.43,742.39,747.26,757.55,738.52,681.1,660.74,650.23
MET,MetLife,Financials,Life & Health Insurance,79.51,87.17,64.24,80.75,80.9,79.22,77.95,77.4,77.41,79.18
MTD,Mettler Toledo,Health Care,Life Sciences Tools & Services,1305.71,1521.01,946.69,1287.83,1290.35,1294.38,1248.14,1185.87,1180.58,1215.2
MGM,MGM Resorts,Consumer Discretionary,Casinos & Gaming,36.68,42.54,25.3,38.08,38.45,37.13,37.0,34.58,33.75,34.28
MCHP,Microchip Technology,Information Technology,Semiconductors,65.92,79.31,33.63,64.45,65.94,65.14,68.53,62.23,59.29,58.72
MU,Micron Technology,Information Technology,Semiconductors,131.37,131.41,61.48,122.36,120.21,121.08,118.03,106.47,102.66,100.42
MSFT,Microsoft,Information Technology,Systems Software,495.0,554.54,343.59,504.03,505.0,510.77,509.06,474.64,455.79,442.56
MAA,Mid-America Apartment Communities,Real Estate,Multi-Family Residential REITs,145.4,170.0,137.32,144.19,143.72,142.05,145.49,150.06,151.75,152.24
MRNA,Moderna,Health Care,Biotechnology,25.14,79.96,23.15,24.35,24.85,25.82,28.84,27.59,28.19,31.98
MHK,Mohawk Industries,Consumer Discretionary,Home Furnishings,139.29,164.29,96.24,133.7,132.96,129.43,119.78,111.77,111.77,116.62
MOH,Molina Healthcare,Health Care,Managed Health Care,174.65,365.23,151.95,177.32,176.18,170.38,191.12,250.85,265.82,277.28
TAP,Molson Coors Beverage Company,Consumer Staples,Brewers,50.39,64.07,46.94,50.17,50.7,50.95,50.13,52.13,53.62,54.97
MDLZ,Mondelez International,Consumer Staples,Packaged Foods & Meats,61.74,73.95,53.2,61.43,61.76,61.94,65.25,65.76,65.65,63.55
MPWR,Monolithic Power Systems,Information Technology,Semiconductors,865.86,947.45,437.93,840.19,845.82,838.99,781.82,716.48,687.14,661.13
MNST,Monster Beverage,Consumer Staples,Soft Drinks & Non-alcoholic Beverages,62.46,66.75,45.7,62.9,62.55,63.39,61.61,61.61,60.72,57.28
MCO,Moody's Corporation,Financials,Financial Exchanges & Data,499.03,528.95,377.3,500.7,506.04,510.16,506.2,486.25,478.16,480.88
MS,Morgan Stanley,Financials,Investment Banking & Brokerage,148.09,151.86,91.36,149.3,149.07,147.15,143.45,133.43,129.24,129.07
MOS,Mosaic Company (The),Materials,Fertilizers & Agricultural Chemicals,32.45,38.23,22.14,32.88,33.08,32.64,34.66,33.82,32.23,29.75
MSI,Motorola Solutions,Information Technology,Communications Equipment,478.98,503.98,387.87,476.64,469.59,465.99,441.53,429.49,427.66,440.84
MSCI,MSCI Inc.,Financials,Financial Exchanges & Data,555.15,636.39,483.67,557.12,564.43,561.86,563.03,557.94,555.97,569.14
NDAQ,"Nasdaq, Inc.",Financials,Financial Exchanges & Data,93.48,97.63,64.64,93.98,94.39,94.81,92.93,86.74,84.11,82.36
NTAP,NetApp,Information Technology,"Technology Hardware, Storage & Peripherals",118.75,133.34,71.49,116.44,114.25,111.22,107.64,101.81,98.97,106.05
NFLX,Netflix,Communication Services,Movies & Entertainment,1243.82,1341.15,660.8,1229.97,1225.36,1223.1,1227.92,1193.68,1140.41,1062.46
NEM,Newmont,Materials,Gold,76.17,77.3,36.35,75.2,73.44,71.04,65.03,59.37,56.86,51.04
NWSA,News Corp (Class A),Communication Services,Publishing,29.44,30.75,23.38,29.19,29.54,29.44,29.47,28.59,28.17,28.26
NWS,News Corp (Class B),Communication Services,Publishing,33.4,35.58,26.25,33.31,33.89,33.9,33.93,32.96,32.4,32.15
NEE,NextEra Energy,Utilities,Multi-Utilities,70.9,83.5,60.75,71.62,72.83,73.19,72.69,70.75,70.42,70.39
NKE,"Nike, Inc.",Consumer Discretionary,"Apparel, Accessories & Luxury Goods",73.91,88.65,51.67,75.05,76.54,76.1,74.71,67.04,66.6,69.57
NI,NiSource,Utilities,Multi-Utilities,40.33,43.51,32.09,41.27,41.89,42.09,41.27,40.12,39.8,38.75
NDSN,Nordson Corporation,Industrials,Industrial Machinery & Supplies & Components,225.03,263.91,164.43,224.16,225.04,220.26,218.48,209.24,206.86,212.6
NSC,Norfolk Southern,Industrials,Rail Transportation,277.75,291.69,199.43,278.79,278.27,279.98,273.54,254.77,249.05,248.03
NTRS,Northern Trust,Financials,Asset Management & Custody Banks,127.27,133.0,81.05,129.5,130.26,128.55,127.8,115.17,111.16,109.26
NOC,Northrop Grumman,Industrials,Aerospace & Defense,580.8,598.64,420.66,583.72,585.38,584.18,555.68,520.4,515.46,497.83
NCLH,Norwegian Cruise Line Holdings,Consumer Discretionary,"Hotels, Resorts & Cruise Lines",25.66,29.29,14.21,25.23,25.09,24.62,23.65,20.79,20.36,22.51
NRG,NRG Energy,Utilities,Independent Power Producers & Energy Traders,147.66,175.96,74.96,146.64,146.61,148.88,153.5,145.03,134.82,121.31
NUE,Nucor,Materials,Steel,147.26,168.24,97.18,146.51,147.81,145.46,141.85,129.21,127.54,128.79
NVDA,Nvidia,Information Technology,Semiconductors,167.02,184.48,86.61,170.85,175.56,177.78,172.32,150.04,142.32,139.21
NVR,"NVR, Inc.",Consumer Discretionary,Homebuilding,8502.0,9964.77,6562.85,8277.5,8190.39,8131.64,7836.74,7500.42,7444.9,7708.07
NXPI,NXP Semiconductors,Information Technology,Semiconductors,226.74,253.03,147.4,229.57,233.39,228.55,224.76,210.97,207.07,210.27
ORLY,O’Reilly Automotive,Consumer Discretionary,Automotive Retail,104.84,105.25,73.11,104.12,103.66,103.12,98.14,94.63,93.91,90.28
OXY,Occidental Petroleum,Energy,Oil & Gas Exploration & Production,45.91,55.64,34.59,46.9,46.71,45.52,44.57,43.11,43.53,45.4
ODFL,Old Dominion,Industrials,Cargo Ground Transportation,150.71,231.78,140.65,149.59,151.91,150.7,156.68,157.95,158.87,171.69
OMC,Omnicom Group,Communication Services,Advertising,79.43,103.32,67.76,78.01,77.95,76.47,74.13,73.36,74.17,78.71
ON,ON Semiconductor,Information Technology,Semiconductors,49.1,76.06,31.04,48.7,49.93,49.86,53.65,48.92,47.31,51.63
OKE,Oneok,Energy,Oil & Gas Storage & Transportation,72.63,113.92,70.63,74.38,74.65,74.35,77.65,79.59,81.99,88.51
ORCL,Oracle Corporation,Information Technology,Application Software,232.8,260.87,118.18,226.14,231.28,237.94,238.44,200.65,189.12,182.5
OTIS,Otis Worldwide,Industrials,Industrial Machinery & Supplies & Components,87.0,105.86,83.85,86.26,86.84,87.25,91.38,93.52,94.66,95.1
PCAR,Paccar,Industrials,Construction Machinery & Heavy Transportation Equipment,99.05,114.66,84.08,98.46,99.67,99.05,97.89,94.87,95.21,99.73
PKG,Packaging Corporation of America,Materials,Paper & Plastic Packaging Products & Materials,220.25,246.22,171.6,216.86,214.82,206.59,202.46,195.31,194.79,205.56
PLTR,Palantir Technologies,Information Technology,Application Software,153.11,190.0,29.31,155.59,156.96,165.64,156.68,139.4,128.64,110.89
PANW,Palo Alto Networks,Information Technology,Systems Software,194.46,210.39,144.15,191.88,189.27,182.81,188.56,188.56,185.79,187.22
PSKY,Paramount Skydance Corporation,Communication Services,Movies & Entertainment,15.0,17.53,9.78,14.79,15.13,14.15,13.31,12.51,12.3,11.74
PH,Parker Hannifin,Industrials,Industrial Machinery & Supplies & Components,758.56,771.47,485.92,754.31,756.16,747.42,727.69,682.7,665.57,666.0
PAYX,Paychex,Industrials,Human Resource & Employment Services,135.44,160.03,125.38,136.76,137.85,138.08,141.25,145.68,145.58,144.28
PAYC,Paycom,Industrials,Human Resource & Employment Services,224.12,267.33,152.1,223.42,226.1,224.18,227.48,234.74,230.41,224.34
PYPL,PayPal,Financials,Transaction & Payment Processing Services,68.26,93.66,55.85,69.16,69.51,69.06,71.67,70.52,69.67,74.97
PNR,Pentair,Industrials,Industrial Machinery & Supplies & Components,110.64,111.8,73.85,108.27,108.56,107.0,105.3,99.95,96.98,98.33
PEP,PepsiCo,Consumer Staples,Soft Drinks & Non-alcoholic Beverages,146.39,174.44,126.36,148.17,148.03,148.35,142.5,137.17,139.01,142.84
PFE,Pfizer,Health Care,Pharmaceuticals,24.88,28.43,20.18,24.79,24.96,25.01,24.64,23.71,23.75,24.19
PCG,PG&E Corporation,Utilities,Multi-Utilities,15.09,21.62,12.97,15.25,15.15,15.17,14.41,15.35,15.63,16.54
PM,Philip Morris International,Consumer Staples,Tobacco,161.55,185.29,114.24,164.09,165.62,167.27,170.5,171.79,167.8,153.89
PSX,Phillips 66,Energy,Oil & Gas Refining & Marketing,131.55,135.47,89.26,132.22,131.59,126.35,124.93,118.13,117.68,118.47
PNW,Pinnacle West Capital,Utilities,Multi-Utilities,89.0,94.64,79.08,89.03,89.62,90.8,90.48,90.43,90.53,88.9
PNC,PNC Financial Services,Financials,Diversified Banks,204.4,210.46,142.39,205.92,204.71,198.49,194.92,181.72,178.43,184.01
POOL,Pool Corporation,Consumer Discretionary,Distributors,333.09,391.14,281.15,313.88,316.58,316.46,309.58,304.72,307.55,322.62
PPG,PPG Industries,Materials,Specialty Chemicals,109.98,133.97,89.08,109.93,111.2,110.86,111.93,109.98,109.32,112.23
PPL,PPL Corporation,Utilities,Electric Utilities,35.96,37.38,30.65,36.31,36.47,36.59,35.74,35.2,35.06,34.25
PFG,Principal Financial Group,Financials,Life & Health Insurance,79.98,88.63,67.06,79.91,79.83,78.44,78.56,77.02,77.5,78.45
PG,Procter & Gamble,Consumer Staples,Personal Care Products,160.02,177.66,149.91,158.48,157.58,156.76,156.13,159.01,160.25,162.58
PGR,Progressive Corporation,Financials,Property & Casualty Insurance,243.86,292.77,228.37,246.5,246.26,247.19,248.43,261.74,264.5,259.74
PLD,Prologis,Real Estate,Industrial REITs,113.65,128.08,84.54,112.46,112.29,109.54,108.31,106.62,106.6,108.72
PRU,Prudential Financial,Financials,Life & Health Insurance,105.71,125.75,88.12,107.81,108.56,106.76,104.77,103.26,103.51,107.59
PEG,Public Service Enterprise Group,Utilities,Electric Utilities,81.12,93.08,74.08,81.67,82.35,84.13,84.58,82.28,81.93,82.88
PTC,PTC Inc.,Information Technology,Application Software,213.9,219.69,133.38,213.11,213.91,210.78,201.52,182.38,176.77,179.47
PSA,Public Storage,Real Estate,Self-Storage REITs,297.8,359.28,254.04,292.91,291.98,287.52,287.51,291.77,291.3,295.53
PHM,PulteGroup,Consumer Discretionary,Homebuilding,140.57,148.55,87.88,135.12,133.38,129.83,119.81,110.32,108.58,110.76
PWR,Quanta Services,Industrials,Construction & Engineering,372.5,424.94,227.02,375.13,378.52,380.1,387.33,358.2,338.28,328.74
QCOM,Qualcomm,Information Technology,Semiconductors,159.84,178.09,119.4,158.73,158.33,156.05,155.5,151.08,150.48,153.89
DGX,Quest Diagnostics,Health Care,Health Care Services,183.49,185.62,144.09,180.69,180.17,180.14,175.07,174.6,172.87,167.56
RL,Ralph Lauren Corporation,Consumer Discretionary,"Apparel, Accessories & Luxury Goods",312.02,321.77,167.44,310.82,301.27,295.95,291.91,272.38,260.97,253.64
RJF,Raymond James Financial,Financials,Investment Banking & Brokerage,165.5,173.13,112.35,168.18,167.67,165.99,162.97,153.56,150.38,153.7
RTX,RTX Corporation,Industrials,Aerospace & Defense,157.52,161.26,111.21,158.18,158.35,156.61,152.84,142.87,140.04,132.65
O,Realty Income,Real Estate,Retail REITs,59.29,61.61,49.53,58.35,58.24,58.14,57.27,56.51,56.12,54.96
REG,Regency Centers,Real Estate,Retail REITs,73.68,76.68,62.82,72.86,72.53,71.99,71.26,71.24,71.13,71.44
REGN,Regeneron Pharmaceuticals,Health Care,Biotechnology,573.38,1177.26,475.77,572.6,577.91,574.11,560.35,557.58,572.99,624.9
RF,Regions Financial Corporation,Financials,Regional Banks,27.03,27.6,17.36,27.07,26.93,26.11,25.3,23.12,22.59,23.03
RSG,Republic Services,Industrials,Environmental & Facilities Services,229.73,258.14,195.62,232.63,233.2,233.73,237.5,242.78,241.36,231.41
RMD,ResMed,Health Care,Health Care Equipment,277.05,293.81,199.07,273.11,278.76,282.21,271.79,256.54,248.96,244.49
RVTY,Revvity,Health Care,Health Care Equipment,86.64,129.23,81.36,86.74,88.9,89.16,93.12,93.17,95.63,103.14
ROK,Rockwell Automation,Industrials,Electrical Components & Equipment,339.76,359.54,213.27,340.31,345.67,342.8,343.7,316.42,303.45,296.05
ROL,"Rollins, Inc.",Industrials,Environmental & Facilities Services,56.52,58.96,44.94,56.58,56.69,57.3,56.75,56.55,55.71,53.12
ROP,Roper Technologies,Information Technology,Electronic Equipment & Instruments,518.44,593.46,498.03,523.0,526.18,527.63,543.93,554.77,557.44,554.49
ROST,Ross Stores,Consumer Discretionary,Apparel Retail,150.95,157.36,122.01,150.58,149.53,148.27,139.88,140.06,137.72,140.94
RCL,Royal Caribbean Group,Consumer Discretionary,"Hotels, Resorts & Cruise Lines",352.27,366.5,152.4,356.93,355.29,336.05,333.19,287.41,271.02,259.79
SPGI,S&P Global,Financials,Financial Exchanges & Data,538.06,578.04,425.6,541.13,546.18,551.11,539.48,520.43,513.39,512.24
CRM,Salesforce,Information Technology,Application Software,250.76,367.42,226.48,252.07,250.49,245.24,256.0,262.38,263.8,288.48
SBAC,SBA Communications,Real Estate,Telecom Tower REITs,197.74,247.78,189.7,199.81,207.65,213.05,223.36,226.2,224.18,217.59
SLB,Schlumberger,Energy,Oil & Gas Equipment & Services,35.82,44.81,30.61,35.8,35.66,34.29,34.4,34.19,35.12,36.95
STX,Seagate Technology,Information Technology,"Technology Hardware, Storage & Peripherals",188.16,189.23,62.86,177.27,171.44,163.44,154.52,130.33,120.6,110.98
SRE,Sempra,Utilities,Multi-Utilities,81.11,93.45,61.37,82.18,82.1,81.91,79.5,77.08,75.35,78.24
NOW,ServiceNow,Information Technology,Systems Software,913.8,1198.09,678.66,912.12,900.85,885.92,938.11,953.4,924.49,968.26
SHW,Sherwin-Williams,Materials,Specialty Chemicals,372.43,397.81,307.5,365.6,366.8,364.27,351.71,349.63,347.46,351.56
SPG,Simon Property Group,Real Estate,Retail REITs,182.25,185.37,134.57,180.63,179.05,175.14,168.5,162.92,161.95,166.3
SWKS,Skyworks Solutions,Information Technology,Semiconductors,75.2,100.37,47.01,74.28,75.1,73.99,73.07,70.05,68.63,72.98
SJM,J.M. Smucker Company (The),Consumer Staples,Packaged Foods & Meats,112.51,121.73,92.38,111.35,110.45,110.84,107.31,107.74,108.52,107.65
SW,Smurfit Westrock,Materials,Paper & Plastic Packaging Products & Materials,46.91,55.46,36.31,46.9,46.45,44.84,45.24,43.78,43.61,46.78
SNA,Snap-on,Industrials,Industrial Machinery & Supplies & Components,328.7,366.68,262.13,325.6,327.71,325.38,321.91,318.0,319.55,327.65
SOLV,Solventum,Health Care,Health Care Technology,72.72,85.92,60.7,72.28,72.62,72.52,73.52,72.23,72.32,72.23
SO,Southern Company,Utilities,Electric Utilities,91.78,95.68,78.5,91.94,92.59,93.22,92.95,90.84,90.35,87.71
LUV,Southwest Airlines,Industrials,Passenger Airlines,31.39,37.75,23.55,31.93,32.36,31.48,32.71,31.41,31.24,31.31
SWK,Stanley Black & Decker,Industrials,Industrial Machinery & Supplies & Components,78.42,106.2,52.62,74.24,74.72,73.54,71.16,67.16,68.3,73.56
SBUX,Starbucks,Consumer Discretionary,Restaurants,85.43,115.87,74.48,87.53,87.42,89.39,91.14,88.26,89.21,93.21
STT,State Street Corporation,Financials,Asset Management & Custody Banks,112.95,116.37,72.29,113.65,114.46,112.98,110.7,101.88,98.52,97.62
STLD,Steel Dynamics,Materials,Steel,134.63,153.72,102.78,131.0,131.7,128.82,129.47,129.15,127.67,127.71
STE,Steris,Health Care,Health Care Equipment,245.3,252.46,199.99,243.65,246.09,245.86,236.37,235.45,232.83,226.12
SYK,Stryker Corporation,Health Care,Health Care Equipment,392.31,404.87,328.46,391.31,391.88,386.86,389.56,382.43,378.76,379.16
SMCI,Supermicro,Information Technology,"Technology Hardware, Storage & Peripherals",40.41,66.44,17.25,40.71,42.46,43.59,48.65,43.76,42.41,40.07
SYF,Synchrony Financial,Financials,Consumer Finance,75.61,77.41,40.15,75.98,75.48,73.46,71.06,63.74,61.2,62.49
SNPS,Synopsys,Information Technology,Application Software,598.14,651.73,365.74,597.55,600.26,607.71,591.12,532.31,512.22,511.56
SYY,Sysco,Consumer Staples,Food Distributors,82.45,83.15,66.65,81.4,80.62,80.49,79.1,75.6,74.86,74.48
TMUS,T-Mobile US,Communication Services,Wireless Telecommunication Services,252.76,274.51,189.91,253.08,251.78,252.07,241.75,241.36,244.55,241.11
TROW,T. Rowe Price,Financials,Asset Management & Custody Banks,108.16,121.15,76.8,107.65,108.02,107.37,104.62,98.02,96.42,101.7
TTWO,Take-Two Interactive,Communication Services,Interactive Home Entertainment,239.68,245.08,146.76,238.68,235.2,232.18,232.52,230.29,225.71,213.14
TPR,"Tapestry, Inc.",Consumer Discretionary,"Apparel, Accessories & Luxury Goods",104.18,114.05,39.51,103.81,102.15,102.72,101.75,89.16,85.25,79.58
TRGP,Targa Resources,Energy,Oil & Gas Storage & Transportation,162.35,215.2,139.32,165.38,164.66,164.4,166.54,165.8,169.75,178.49
TGT,Target Corporation,Consumer Staples,Consumer Staples Merchandise Retail,93.17,155.5,85.44,93.33,95.39,99.24,100.92,97.64,98.2,109.66
TEL,TE Connectivity,Information Technology,Electronic Manufacturing Services,208.74,212.01,115.38,206.86,206.7,204.53,193.21,173.54,166.67,159.3
TDY,Teledyne Technologies,Information Technology,Electronic Equipment & Instruments,549.03,570.56,416.0,543.35,543.71,543.59,540.19,512.22,506.77,498.76
TER,Teradyne,Information Technology,Semiconductor Materials & Equipment,120.2,143.79,65.67,119.61,118.39,114.14,103.19,91.62,90.0,100.86
TSLA,"Tesla, Inc.",Consumer Discretionary,Automobile Manufacturers,350.84,488.54,210.51,337.34,342.06,337.2,324.07,316.26,303.41,330.21
TXN,Texas Instruments,Information Technology,Semiconductors,187.93,220.1,137.77,194.65,200.08,196.9,199.99,188.61,184.96,186.0
TPL,Texas Pacific Land Corporation,Energy,Oil & Gas Exploration & Production,889.19,1759.83,762.48,920.36,914.79,897.64,958.06,1095.98,1134.58,1207.83
TXT,Textron,Industrials,Aerospace & Defense,81.45,91.23,57.69,80.43,80.82,79.97,80.9,76.98,75.76,76.5
TMO,Thermo Fisher Scientific,Health Care,Life Sciences Tools & Services,492.6,625.84,385.46,489.38,490.4,486.39,458.53,435.49,446.63,481.06
TJX,TJX Companies,Consumer Discretionary,Apparel Retail,139.26,145.58,109.83,138.99,137.8,135.83,129.29,128.15,126.29,124.72
TKO,TKO Group Holdings,Communication Services,Movies & Entertainment,194.0,195.63,112.59,189.12,187.64,185.71,176.54,169.13,164.76,158.28
TTD,Trade Desk (The),Communication Services,Advertising,52.07,141.53,42.96,53.32,53.24,53.13,69.46,67.69,65.08,83.17
TSCO,Tractor Supply,Consumer Discretionary,Other Specialty Retail,60.52,63.75,46.46,60.92,61.42,60.77,58.43,54.48,54.09,54.31
TT,Trane Technologies,Industrials,Building Products,413.83,476.19,297.5,412.36,418.04,423.53,434.09,418.36,402.75,393.63
TDG,TransDigm Group,Industrials,Aerospace & Defense,1271.04,1519.36,1107.45,1289.02,1299.93,1305.85,1391.81,1358.16,1337.73,1292.46
TRV,Travelers Companies (The),Financials,Property & Casualty Insurance,275.22,280.7,221.86,275.21,273.81,270.89,264.77,265.03,262.99,256.6
TRMB,Trimble Inc.,Information Technology,Electronic Equipment & Instruments,80.74,87.5,52.91,79.69,80.83,81.65,81.35,74.68,72.85,72.83
TFC,Truist Financial,Financials,Diversified Banks,46.52,47.46,32.72,46.65,46.48,45.29,44.46,41.55,40.95,42.19
TYL,Tyler Technologies,Information Technology,Application Software,559.96,661.31,513.52,556.68,556.38,565.23,570.8,568.8,568.46,582.21
TSN,Tyson Foods,Consumer Staples,Packaged Foods & Meats,56.2,64.65,51.39,56.41,56.54,56.38,55.02,55.61,56.45,56.97
USB,U.S. Bancorp,Financials,Diversified Banks,48.8,52.21,34.8,48.77,48.63,47.29,46.5,44.24,43.47,44.98
UBER,Uber,Industrials,Passenger Ground Transportation,90.99,97.71,59.33,92.49,94.22,93.31,92.35,88.15,84.91,79.04
UDR,"UDR, Inc.",Real Estate,Multi-Family Residential REITs,39.09,45.63,35.84,38.86,38.92,38.6,39.49,40.26,40.62,41.2
ULTA,Ulta Beauty,Consumer Discretionary,Other Specialty Retail,514.86,539.0,309.01,520.14,524.51,520.41,503.7,462.05,440.63,423.67
UNP,Union Pacific Corporation,Industrials,Rail Transportation,220.31,252.32,202.16,222.14,222.1,221.41,225.16,222.28,223.51,227.66
UAL,United Airlines Holdings,Industrials,Passenger Airlines,106.59,116.0,43.8,105.7,104.72,101.29,92.54,83.87,81.17,88.1
UPS,United Parcel Service,Industrials,Air Freight & Logistics,85.04,136.36,82.72,85.5,86.66,86.5,92.09,93.76,96.14,104.73
URI,United Rentals,Industrials,Trading Companies & Distributors,975.23,980.53,523.58,960.05,951.8,927.13,862.69,769.32,737.36,739.11
UNH,UnitedHealth Group,Health Care,Managed Health Care,315.39,621.24,234.6,310.46,307.12,294.96,288.74,321.37,360.5,421.73
UHS,Universal Health Services,Health Care,Health Care Facilities,190.12,242.21,152.16,184.05,183.38,180.78,175.39,177.82,177.87,181.06
VLO,Valero Energy,Energy,Oil & Gas Refining & Marketing,156.77,159.26,97.37,154.77,151.52,143.9,142.4,133.3,131.23,130.63
VTR,Ventas,Real Estate,Health Care REITs,67.91,70.82,55.85,67.82,67.76,68.0,66.46,65.58,65.75,63.94
VLTO,Veralto,Industrials,Environmental & Facilities Services,105.71,114.62,83.77,105.77,106.61,107.33,104.92,100.99,99.83,100.69
VRSN,Verisign,Information Technology,Internet Services & Infrastructure,280.09,309.71,174.64,275.57,272.81,270.49,277.35,275.37,268.83,246.15
VRSK,Verisk Analytics,Industrials,Research & Consulting Services,270.31,322.46,259.01,268.38,268.23,267.7,283.86,294.36,293.48,290.3
VZ,Verizon,Communication Services,Integrated Telecommunication Services,44.38,45.87,36.41,44.07,44.12,44.08,43.01,42.8,42.77,41.57
VRTX,Vertex Pharmaceuticals,Health Care,Biotechnology,396.12,519.88,362.5,396.34,393.41,390.71,429.37,443.94,454.04,452.63
VTRS,Viatris,Health Care,Pharmaceuticals,10.5,13.04,6.68,10.5,10.49,10.39,9.57,8.97,8.87,9.78
VICI,Vici Properties,Real Estate,Hotel & Resort REITs,33.6,34.01,27.24,33.52,33.52,33.13,33.08,32.33,32.09,31.17
V,Visa Inc.,Financials,Transaction & Payment Processing Services,343.22,374.85,266.36,349.39,349.72,345.54,347.85,349.55,346.47,338.97
VST,Vistra Corp.,Utilities,Electric Utilities,188.0,216.85,72.39,188.15,190.77,195.01,195.52,173.63,162.67,159.48
VMC,Vulcan Materials Company,Materials,Construction Materials,294.81,296.62,214.34,291.77,291.5,290.72,277.71,268.97,261.86,263.42
WRB,W. R. Berkley Corporation,Financials,Property & Casualty Insurance,71.96,75.77,54.76,72.17,71.81,71.48,70.42,71.12,69.91,66.11
GWW,W. W. Grainger,Industrials,Industrial Machinery & Supplies & Components,993.47,1219.65,889.92,1014.12,1014.94,994.58,1011.08,1030.46,1018.43,1043.91
WAB,Wabtec,Industrials,Construction Machinery & Heavy Transportation Equipment,193.18,215.82,151.42,192.87,193.92,192.79,199.59,197.17,193.32,194.13
WBA,Walgreens Boots Alliance,Consumer Staples,Drug Retail,11.98,13.25,7.98,11.98,12.03,11.93,11.67,11.39,11.33,10.81
WMT,Walmart,Consumer Staples,Consumer Staples Merchandise Retail,100.51,104.51,75.56,99.14,97.69,99.56,98.11,97.18,94.97,94.56
DIS,Walt Disney Company (The),Communication Services,Movies & Entertainment,117.91,124.69,79.76,118.15,118.07,116.69,119.02,112.09,108.69,109.67
WBD,Warner Bros. Discovery,Communication Services,Broadcasting,12.11,13.87,6.78,11.81,11.92,11.71,12.06,10.68,10.54,10.51
WM,Waste Management,Industrials,Environmental & Facilities Services,220.06,241.74,198.19,224.31,224.83,227.43,227.9,230.16,229.34,224.44
WAT,Waters Corporation,Health Care,Life Sciences Tools & Services,306.32,423.56,275.05,298.87,298.39,294.31,305.83,325.53,332.06,352.05
WEC,WEC Energy Group,Utilities,Electric Utilities,107.79,110.99,89.63,106.94,107.13,107.75,106.77,106.08,105.8,102.43
WFC,Wells Fargo,Financials,Diversified Banks,78.96,84.33,49.13,81.05,81.05,79.54,80.15,76.24,74.64,74.35
WELL,Welltower,Real Estate,Health Care REITs,167.82,170.34,119.95,167.79,166.93,165.77,161.38,155.23,153.42,146.42
WST,West Pharmaceutical Services,Health Care,Health Care Supplies,250.73,351.24,187.09,247.58,246.89,245.39,236.91,225.57,224.51,254.65
WDC,Western Digital,Information Technology,"Technology Hardware, Storage & Peripherals",92.04,93.09,28.74,86.1,82.86,79.15,72.78,60.78,56.63,53.9
WY,Weyerhaeuser,Real Estate,Timber REITs,26.15,33.04,23.71,25.46,25.78,25.72,25.66,25.7,26.17,27.33
WSM,"Williams-Sonoma, Inc.",Consumer Discretionary,Homefurnishing Retail,202.42,218.08,123.89,195.52,195.72,199.16,186.47,171.92,169.57,177.5
WMB,Williams Companies,Energy,Oil & Gas Storage & Transportation,57.2,63.45,42.4,57.55,57.43,57.44,58.36,58.57,58.32,57.2
WTW,Willis Towers Watson,Financials,Insurance Brokers,329.27,342.16,280.03,327.71,330.52,331.26,318.21,313.06,315.66,316.55
WDAY,"Workday, Inc.",Information Technology,Application Software,231.08,294.0,205.33,231.07,228.11,225.96,230.55,238.91,238.8,247.38
WYNN,Wynn Resorts,Consumer Discretionary,Casinos & Gaming,120.9,128.53,64.93,124.31,122.32,116.26,110.55,98.3,94.76,91.96
XEL,Xcel Energy,Utilities,Multi-Utilities,72.68,74.57,60.58,72.38,72.69,72.72,71.39,70.19,69.88,68.79
XYL,Xylem Inc.,Industrials,Industrial Machinery & Supplies & Components,140.56,144.93,99.87,140.82,142.09,141.84,136.71,129.4,126.89,125.33
YUM,Yum! Brands,Consumer Discretionary,Restaurants,144.58,161.72,120.38,144.9,145.36,145.48,146.05,145.06,146.58,142.62
ZBRA,Zebra Technologies,Information Technology,Electronic Equipment & Instruments,313.8,427.76,205.73,310.98,316.13,317.29,321.55,298.23,292.26,324.03
ZBH,Zimmer Biomet,Health Care,Health Care Equipment,105.73,115.49,88.99,105.33,106.11,104.36,98.09,96.52,98.98,101.73
ZTS,Zoetis,Health Care,Pharmaceuticals,153.32,197.92,138.77,153.65,154.5,153.55,152.95,156.02,156.59,160.93
