Symbol,Company,GICS_Sector,GICS_Sub_Industry,Current_Price,52_Week_High,52_Week_Low,SMA_5,SMA_10,SMA_20,SMA_50,SMA_100,SMA_125,SMA_200
MMM,3M,Industrials,Industrial Conglomerates,167.84,174.69,120.31,170.45,170.43,168.68,162.62,157.78,156.04,151.01
AOS,A. O. Smith,Industrials,Building Products,68.14,76.52,57.94,66.93,66.16,65.53,67.6,69.52,68.73,67.41
ABT,Abbott Laboratories,Health Care,Health Care Equipment,125.4,139.33,109.21,126.78,126.98,127.44,128.63,129.36,130.08,130.04
ABBV,AbbVie,Health Care,Biotechnology,226.76,243.06,160.33,227.04,228.81,228.96,227.69,215.75,209.75,202.33
ACN,Accenture,Information Technology,IT Consulting & Other Services,267.35,394.41,229.4,265.6,257.05,250.3,247.76,251.27,260.66,279.79
ADBE,Adobe Inc.,Information Technology,Application Software,347.6,557.9,311.59,329.75,324.89,325.99,337.37,346.46,353.9,369.62
AMD,Advanced Micro Devices,Information Technology,Semiconductors,217.61,267.08,76.48,217.24,214.29,225.6,224.52,194.95,183.2,153.1
AES,AES Corporation,Utilities,Independent Power Producers & Energy Traders,13.99,15.32,9.16,13.92,13.9,13.9,14.02,13.49,13.01,12.14
AFL,Aflac,Financials,Life & Health Insurance,109.33,115.24,95.64,109.2,109.98,111.23,109.92,107.13,106.09,105.6
A,Agilent Technologies,Health Care,Life Sciences Tools & Services,145.12,160.27,96.03,148.32,151.15,148.86,144.16,132.33,129.54,123.59
APD,Air Products,Materials,Industrial Gases,261.54,334.71,235.55,260.23,259.4,258.4,257.89,273.2,274.88,276.16
ABNB,Airbnb,Consumer Discretionary,"Hotels, Resorts & Cruise Lines",124.52,163.93,99.88,120.55,118.37,118.56,121.68,124.93,126.99,127.05
AKAM,Akamai Technologies,Information Technology,Internet Services & Infrastructure,83.36,103.75,67.51,86.49,87.95,87.81,80.08,78.42,78.52,78.57
ALB,Albemarle Corporation,Materials,Specialty Chemicals,126.47,132.9,48.84,125.71,124.34,118.46,103.24,90.63,85.39,77.36
ARE,Alexandria Real Estate Equities,Real Estate,Office REITs,45.8,101.77,45.75,49.55,50.97,51.64,64.14,71.7,71.95,74.99
ALGN,Align Technology,Health Care,Health Care Supplies,157.44,246.19,122.0,153.39,149.5,143.11,136.58,143.09,152.41,160.36
ALLE,Allegion,Industrials,Building Products,159.16,180.68,116.14,162.68,163.63,163.67,169.3,168.75,163.71,151.97
LNT,Alliant Energy,Utilities,Electric Utilities,65.81,69.59,54.52,66.4,67.58,67.6,67.36,65.88,64.76,63.27
ALL,Allstate,Financials,Property & Casualty Insurance,202.61,214.88,173.06,207.3,209.77,208.85,203.59,202.3,200.7,199.57
GOOGL,Alphabet Inc. (Class A),Communication Services,Interactive Media & Services,320.7,328.83,140.23,317.73,317.05,301.2,274.68,244.33,230.6,205.18
GOOG,Alphabet Inc. (Class C),Communication Services,Interactive Media & Services,321.46,328.67,142.36,318.32,317.38,301.64,275.26,244.97,231.31,206.3
MO,Altria,Consumer Staples,Tobacco,58.04,67.51,47.59,58.55,58.43,58.31,61.37,62.38,61.5,59.41
AMZN,Amazon,Consumer Discretionary,Broadline Retail,229.24,258.6,161.38,231.81,229.8,232.58,228.38,227.93,225.97,214.8
AMCR,Amcor,Materials,Paper & Plastic Packaging Products & Materials,8.31,10.3,7.67,8.4,8.46,8.45,8.23,8.55,8.71,8.96
AEE,Ameren,Utilities,Multi-Utilities,100.35,106.73,84.54,101.44,103.38,104.01,103.81,101.86,100.5,99.05
AEP,American Electric Power,Utilities,Electric Utilities,117.98,124.8,86.88,118.76,120.48,121.29,118.1,113.68,111.28,107.99
AXP,American Express,Financials,Consumer Finance,370.82,377.23,219.32,366.22,363.18,360.17,350.09,332.84,328.03,307.79
AIG,American International Group,Financials,Multi-line Insurance,77.11,87.1,68.15,77.0,76.33,76.62,78.42,78.73,79.65,80.36
AMT,American Tower,Real Estate,Telecom Tower REITs,179.02,232.28,168.28,177.22,178.75,179.98,184.15,194.34,198.91,202.61
AWK,American Water Works,Utilities,Water Utilities,130.07,152.71,115.89,130.34,130.63,130.17,134.13,137.2,137.64,138.71
AMP,Ameriprise Financial,Financials,Asset Management & Custody Banks,476.92,574.69,392.21,466.57,458.85,456.78,468.86,487.45,494.37,492.17
AME,Ametek,Industrials,Electrical Components & Equipment,199.56,204.15,144.53,198.18,197.25,195.57,190.99,187.63,185.97,181.14
AMGN,Amgen,Health Care,Biotechnology,330.81,346.38,245.31,338.45,339.52,336.35,310.29,298.25,295.84,292.52
APH,Amphenol,Information Technology,Electronic Components,139.07,144.37,56.27,139.58,138.48,137.7,132.71,121.98,116.86,100.45
ADI,Analog Devices,Information Technology,Semiconductors,281.95,283.23,157.31,275.39,262.39,247.46,242.22,240.55,239.68,226.74
AON,Aon plc,Financials,Insurance Brokers,344.23,411.24,322.37,346.65,348.2,348.14,348.6,355.97,355.54,362.96
APA,APA Corporation,Energy,Oil & Gas Exploration & Production,27.32,27.72,13.04,26.34,25.38,24.83,23.87,22.44,21.75,20.13
APO,Apollo Global Management,Financials,Asset Management & Custody Banks,138.3,186.86,101.44,134.6,132.59,130.72,127.96,134.06,135.18,134.5
AAPL,Apple Inc.,Information Technology,"Technology Hardware, Storage & Peripherals",278.95,288.62,168.63,282.62,279.39,274.77,265.44,246.34,237.91,227.74
AMAT,Applied Materials,Information Technology,Semiconductor Materials & Equipment,267.79,273.59,122.8,265.19,252.55,240.22,229.99,203.34,199.32,181.81
APTV,Aptiv,Consumer Discretionary,Automotive Parts & Equipment,77.0,88.8,47.19,77.19,76.57,77.57,81.64,78.71,76.86,71.09
ACGL,Arch Capital Group,Financials,Property & Casualty Insurance,91.88,99.99,82.45,92.57,92.92,92.15,90.2,89.96,89.95,90.96
ADM,Archer Daniels Midland,Consumer Staples,Agricultural Products & Services,59.14,64.46,39.88,59.83,59.74,58.76,59.87,59.21,57.84,53.54
ANET,Arista Networks,Information Technology,Communications Equipment,128.15,164.94,59.43,127.97,126.28,128.07,140.77,136.95,129.37,112.58
AJG,Arthur J. Gallagher & Co.,Financials,Insurance Brokers,240.35,349.78,238.65,244.29,246.74,250.43,271.08,284.49,290.77,305.99
AIZ,Assurant,Financials,Multi-line Insurance,222.21,231.13,172.97,223.12,224.89,224.99,218.18,210.91,207.29,203.84
T,AT&T,Communication Services,Integrated Telecommunication Services,25.35,29.47,20.72,25.47,25.66,25.52,25.72,26.97,27.07,26.87
ATO,Atmos Energy,Utilities,Gas Utilities,171.93,179.62,133.05,171.17,173.0,174.19,173.55,167.45,164.32,159.45
ADSK,Autodesk,Information Technology,Application Software,306.16,329.09,232.67,306.92,301.44,298.64,305.01,304.75,303.93,292.93
ADP,Automatic Data Processing,Industrials,Human Resource & Employment Services,259.4,326.59,247.18,257.59,255.09,253.99,270.26,284.87,288.99,293.95
AZO,AutoZone,Consumer Discretionary,Automotive Retail,3822.68,4388.11,3162.0,3851.97,3887.96,3844.43,3916.77,3987.89,3924.87,3824.76
AVB,AvalonBay Communities,Real Estate,Multi-Family Residential REITs,179.23,224.32,166.73,180.19,180.75,179.11,182.67,187.07,189.94,195.29
AVY,Avery Dennison,Materials,Paper & Plastic Packaging Products & Materials,179.25,202.13,154.46,174.53,172.11,171.55,168.59,168.99,170.56,171.89
AXON,Axon Enterprise,Industrials,Aerospace & Defense,552.13,885.92,469.24,543.45,536.6,546.71,642.85,701.18,716.64,676.47
BKR,Baker Hughes,Energy,Oil & Gas Equipment & Services,49.19,51.12,33.06,49.99,49.73,48.96,47.93,46.22,44.7,42.6
BALL,Ball Corporation,Materials,"Metal, Glass & Plastic Containers",49.17,61.12,43.01,48.85,49.05,48.19,48.39,50.71,51.87,51.47
BAC,Bank of America,Financials,Diversified Banks,53.96,54.83,32.69,53.73,53.13,52.86,52.08,50.39,49.55,46.35
BAX,Baxter International,Health Care,Health Care Equipment,18.59,37.25,17.39,18.78,18.66,18.37,20.49,22.48,23.98,26.76
BDX,Becton Dickinson,Health Care,Health Care Equipment,194.54,248.0,161.47,192.83,193.13,191.1,188.11,187.63,184.63,190.04
BBY,Best Buy,Consumer Discretionary,Computer & Electronics Retail,74.02,88.15,53.55,74.92,76.66,76.41,77.97,74.39,73.32,71.79
TECH,Bio-Techne,Health Care,Life Sciences Tools & Services,61.83,78.83,45.8,63.18,63.59,61.22,60.89,57.28,56.14,55.32
BIIB,Biogen,Health Care,Biotechnology,181.65,185.17,110.04,180.47,180.05,171.76,157.91,146.78,143.44,138.46
BLK,BlackRock,Financials,Asset Management & Custody Banks,1070.4,1219.94,766.05,1060.88,1045.58,1048.9,1102.42,1110.94,1094.82,1032.11
BX,Blackstone Inc.,Financials,Asset Management & Custody Banks,152.09,188.42,113.15,149.62,146.69,143.98,151.9,162.04,159.03,151.12
XYZ,"Block, Inc.",Financials,Transaction & Payment Processing Services,60.97,99.26,44.27,61.75,62.81,62.76,70.81,73.59,72.1,66.7
BK,BNY Mellon,Financials,Asset Management & Custody Banks,114.39,114.96,69.31,113.06,111.24,110.33,108.38,105.62,102.64,95.16
BA,Boeing,Industrials,Aerospace & Defense,202.14,242.69,128.88,199.68,191.56,191.57,204.88,215.75,215.04,201.43
BKNG,Booking Holdings,Consumer Discretionary,"Hotels, Resorts & Cruise Lines",5172.96,5829.37,4082.14,5054.85,4965.04,4937.98,5089.63,5320.57,5368.43,5189.88
BSX,Boston Scientific,Health Care,Health Care Equipment,97.5,109.5,85.98,98.76,99.26,100.12,99.22,101.56,101.82,101.43
BMY,Bristol Myers Squibb,Health Care,Pharmaceuticals,52.18,61.0,42.38,50.5,49.4,48.33,46.04,46.06,46.16,48.16
AVGO,Broadcom,Information Technology,Semiconductors,381.03,403.0,137.54,386.45,377.98,363.52,354.45,332.63,318.67,273.84
BR,Broadridge Financial Solutions,Industrials,Data Processing & Outsourced Services,232.01,270.85,210.73,229.5,228.6,226.61,228.81,240.09,239.68,237.78
BRO,Brown & Brown,Financials,Insurance Brokers,78.41,125.05,76.17,79.74,79.97,79.84,85.05,90.14,93.62,101.6
BLDR,Builders FirstSource,Industrials,Building Products,109.99,184.14,94.35,112.14,109.58,106.08,115.32,124.79,124.0,123.05
BG,Bunge Global,Consumer Staples,Agricultural Products & Services,94.1,98.82,65.12,95.25,95.34,95.04,91.54,85.74,84.24,80.67
BXP,"BXP, Inc.",Real Estate,Office REITs,69.56,79.1,52.95,71.0,71.32,70.95,71.8,70.87,70.49,68.24
CHRW,C.H. Robinson,Industrials,Air Freight & Logistics,156.65,162.79,83.72,158.84,157.62,154.49,142.3,131.25,124.12,113.06
CDNS,Cadence Design Systems,Information Technology,Application Software,337.5,376.45,221.56,327.69,316.54,315.39,329.33,339.27,333.22,311.24
CZR,Caesars Entertainment,Consumer Discretionary,Casinos & Gaming,23.16,40.0,18.25,23.19,22.64,21.3,22.23,24.33,25.23,26.22
CPT,Camden Property Trust,Real Estate,Multi-Family Residential REITs,104.42,123.08,97.17,105.31,105.5,104.0,103.22,105.72,107.18,110.06
CPB,Campbell's Company (The),Consumer Staples,Packaged Foods & Meats,29.6,42.36,29.03,29.86,30.27,30.63,30.69,31.47,31.37,33.23
COF,Capital One,Financials,Consumer Finance,232.01,233.0,141.84,226.67,220.1,215.54,215.43,216.67,214.91,201.76
CAH,Cardinal Health,Health Care,Health Care Distributors,198.84,214.93,112.98,202.17,207.07,206.45,181.39,166.71,165.78,155.35
KMX,CarMax,Consumer Discretionary,Automotive Retail,38.96,91.25,30.26,38.83,37.95,35.81,40.4,49.68,53.13,59.68
CCL,Carnival,Consumer Discretionary,"Hotels, Resorts & Cruise Lines",25.84,32.8,15.07,25.9,25.77,26.0,27.56,29.01,28.54,25.62
CARR,Carrier Global,Industrials,Building Products,54.12,80.78,50.3,54.26,53.87,54.12,56.5,61.51,63.8,64.55
CAT,Caterpillar Inc.,Industrials,Construction Machinery & Heavy Transportation Equipment,601.59,607.0,264.29,588.55,576.89,567.48,539.76,484.19,463.32,411.79
CBOE,Cboe Global Markets,Financials,Financial Exchanges & Data,253.1,262.98,186.22,254.31,255.23,256.65,247.42,244.41,241.52,232.8
CBRE,CBRE Group,Real Estate,Real Estate Services,161.27,171.0,108.45,160.74,160.48,156.46,156.04,156.8,153.02,143.26
CDW,CDW Corporation,Information Technology,Technology Distributors,146.4,219.61,135.03,144.36,143.45,142.61,149.4,158.35,161.75,163.89
COR,Cencora,Health Care,Health Care Distributors,339.88,377.54,222.21,344.72,357.37,360.07,338.47,315.27,311.04,297.67
CNC,Centene Corporation,Health Care,Managed Health Care,38.35,66.81,25.08,38.54,38.58,37.32,36.52,32.76,35.33,44.42
CNP,CenterPoint Energy,Utilities,Multi-Utilities,38.59,40.28,29.87,38.6,39.16,39.32,39.13,38.44,37.9,37.14
CF,CF Industries,Materials,Fertilizers & Agricultural Chemicals,78.0,103.22,66.16,79.26,78.73,80.29,83.83,85.36,87.21,84.16
CRL,Charles River Laboratories,Health Care,Life Sciences Tools & Services,184.29,202.72,91.86,180.77,177.71,172.25,174.16,166.9,164.1,155.94
SCHW,Charles Schwab Corporation,Financials,Investment Banking & Brokerage,94.37,99.14,65.3,93.63,92.45,93.24,93.61,94.38,93.48,88.37
CHTR,Charter Communications,Communication Services,Cable & Satellite,205.62,437.06,193.0,200.04,200.3,202.75,233.69,257.73,285.63,318.92
CVX,Chevron Corporation,Energy,Integrated Oil & Gas,150.59,163.27,127.59,151.45,150.61,151.9,152.18,152.68,151.05,147.66
CMG,Chipotle Mexican Grill,Consumer Discretionary,Restaurants,33.81,66.74,29.75,34.05,33.5,32.14,36.31,39.64,42.55,45.51
CB,Chubb Limited,Financials,Property & Casualty Insurance,294.83,305.88,250.52,294.58,295.88,294.81,285.93,279.82,280.52,283.07
CHD,Church & Dwight,Consumer Staples,Household Products,84.57,115.32,81.05,84.11,84.12,84.14,85.62,89.22,90.69,94.87
CI,Cigna,Health Care,Health Care Services,265.41,344.64,238.17,269.45,272.29,269.77,281.8,286.01,291.2,300.39
CINF,Cincinnati Financial,Financials,Property & Casualty Insurance,162.58,169.86,121.6,163.64,165.54,164.92,160.59,156.11,154.04,149.1
CTAS,Cintas,Industrials,Diversified Support Services,186.65,228.23,179.31,185.0,184.73,184.77,188.98,200.84,204.35,205.5
CSCO,Cisco,Information Technology,Communications Equipment,77.94,80.06,51.49,77.27,76.8,76.06,72.45,70.09,69.42,65.82
C,Citigroup,Financials,Diversified Banks,109.33,109.37,54.39,105.94,103.54,101.81,99.84,97.58,94.52,85.25
CFG,Citizens Financial Group,Financials,Regional Banks,55.71,56.17,31.67,55.3,54.39,52.91,51.86,50.72,49.31,45.4
CLX,Clorox,Consumer Staples,Household Products,105.03,165.17,98.2,105.52,105.97,104.47,111.82,116.93,117.8,125.2
CME,CME Group,Financials,Financial Exchanges & Data,271.01,288.09,221.44,275.0,276.31,277.5,271.36,270.79,271.1,268.61
CMS,CMS Energy,Utilities,Multi-Utilities,71.42,75.54,62.07,72.22,73.5,73.76,73.3,72.37,71.65,71.31
KO,Coca-Cola Company (The),Consumer Staples,Soft Drinks & Non-alcoholic Beverages,70.45,72.91,58.88,71.3,71.62,70.99,68.81,68.33,68.53,68.86
CTSH,Cognizant,Information Technology,IT Consulting & Other Services,80.2,89.37,64.7,78.45,76.9,74.71,70.74,70.9,72.3,74.06
COIN,Coinbase,Financials,Financial Exchanges & Data,269.71,444.65,142.58,268.76,263.21,272.77,316.04,324.31,325.71,281.98
CL,Colgate-Palmolive,Consumer Staples,Household Products,78.0,98.37,74.55,78.51,79.29,79.02,78.24,81.04,82.63,85.52
CMCSA,Comcast,Communication Services,Cable & Satellite,27.44,41.72,25.75,27.13,26.94,27.14,28.56,30.71,31.5,32.54
CAG,Conagra Brands,Consumer Staples,Packaged Foods & Meats,17.08,27.05,16.6,17.22,17.48,17.38,17.71,18.15,18.53,20.42
COP,ConocoPhillips,Energy,Oil & Gas Exploration & Production,93.96,103.48,77.84,91.69,89.58,89.02,89.17,91.28,91.33,90.87
ED,Consolidated Edison,Utilities,Multi-Utilities,96.82,112.03,84.37,96.85,98.27,99.16,98.97,99.1,99.09,100.88
STZ,Constellation Brands,Consumer Staples,Distillers & Vintners,141.92,239.24,126.45,138.75,136.3,133.07,135.04,145.93,149.58,160.77
CEG,Constellation Energy,Utilities,Electric Utilities,360.24,412.23,160.75,362.57,358.01,352.91,362.74,343.08,336.59,301.12
COO,Cooper Companies (The),Health Care,Health Care Supplies,81.9,106.63,61.78,77.63,77.37,74.47,72.09,71.22,71.35,74.88
CPRT,Copart,Industrials,Diversified Support Services,38.72,63.85,38.61,38.9,39.09,40.16,42.49,44.79,45.5,49.74
GLW,Corning Inc.,Information Technology,Electronic Components,85.77,92.26,36.82,84.28,83.42,83.45,84.57,75.72,70.84,61.42
CPAY,Corpay,Financials,Transaction & Payment Processing Services,311.01,400.81,252.84,299.9,295.65,287.72,284.07,300.81,306.8,317.07
CTVA,Corteva,Materials,Fertilizers & Agricultural Chemicals,66.21,77.02,53.0,65.99,66.04,65.51,64.07,67.98,69.14,66.84
CSGP,CoStar Group,Real Estate,Real Estate Services,68.01,97.43,63.82,68.29,68.21,67.81,73.12,81.39,81.53,79.98
COST,Costco,Consumer Staples,Consumer Staples Merchandise Retail,895.62,1073.82,868.14,909.55,904.9,907.74,919.21,937.09,946.09,959.07
CTRA,Coterra,Energy,Oil & Gas Exploration & Production,27.46,29.04,21.87,27.06,26.63,26.34,24.67,24.16,24.39,24.74
CRWD,CrowdStrike,Information Technology,Systems Software,513.12,566.9,298.0,513.43,507.98,522.18,513.82,479.19,481.22,450.27
CCI,Crown Castle,Real Estate,Telecom Tower REITs,89.27,114.47,81.02,88.6,89.33,90.38,93.29,96.73,97.45,97.64
CSX,CSX Corporation,Industrials,Rail Transportation,36.39,37.05,25.91,35.67,35.21,34.85,35.32,34.67,34.27,32.47
CMI,Cummins,Industrials,Construction Machinery & Heavy Transportation Equipment,510.91,515.64,256.13,505.42,497.53,482.88,447.71,418.34,399.6,367.14
CVS,CVS Health,Health Care,Health Care Services,75.31,85.15,41.77,76.76,77.84,78.05,78.4,73.23,71.65,68.72
DHR,Danaher Corporation,Health Care,Life Sciences Tools & Services,227.13,256.97,170.43,226.62,226.89,222.33,214.41,206.78,205.33,202.48
DRI,Darden Restaurants,Consumer Discretionary,Restaurants,177.72,224.86,154.97,175.98,176.68,174.85,181.28,192.12,196.56,196.91
DDOG,Datadog,Information Technology,Application Software,150.54,201.69,81.63,154.75,156.71,170.52,162.34,149.46,146.22,131.44
DVA,DaVita,Health Care,Health Care Services,117.93,179.6,113.97,118.38,119.28,119.57,123.9,130.18,132.23,136.66
DAY,Dayforce,Industrials,Human Resource & Employment Services,69.07,81.93,48.01,69.1,69.05,68.94,68.72,65.91,64.1,61.66
DECK,Deckers Brands,Consumer Discretionary,Footwear,99.45,223.98,78.91,94.89,90.34,86.35,91.48,101.12,101.54,107.59
DE,Deere & Company,Industrials,Agricultural & Farm Machinery,476.3,530.24,398.95,475.68,478.54,476.84,467.66,478.36,484.97,481.88
DELL,Dell Technologies,Information Technology,"Technology Hardware, Storage & Peripherals",138.43,168.08,65.33,135.82,132.13,131.99,143.8,136.87,133.47,119.83
DAL,Delta Air Lines,Industrials,Passenger Airlines,67.34,69.15,34.41,66.27,64.11,61.04,59.54,58.63,56.97,53.22
DVN,Devon Energy,Energy,Oil & Gas Exploration & Production,37.74,38.27,25.53,37.65,36.91,35.97,34.39,34.14,33.95,33.37
DXCM,Dexcom,Health Care,Health Care Equipment,65.73,93.25,54.11,64.76,63.39,60.8,64.07,71.42,73.89,75.05
FANG,Diamondback Energy,Energy,Oil & Gas Exploration & Production,159.65,175.92,111.64,157.94,153.27,149.79,145.25,143.16,142.83,141.56
DLR,Digital Realty,Real Estate,Data Center REITs,165.21,188.68,128.14,159.76,159.14,160.67,167.84,168.88,169.51,163.97
DG,Dollar General,Consumer Staples,Consumer Staples Merchandise Retail,133.1,135.08,65.27,117.53,111.36,106.82,103.46,105.96,107.2,100.17
DLTR,Dollar Tree,Consumer Staples,Consumer Staples Merchandise Retail,123.08,125.79,61.8,114.15,109.9,106.74,100.27,104.19,103.57,94.02
D,Dominion Energy,Utilities,Multi-Utilities,58.84,62.87,46.96,59.97,60.98,61.01,60.73,60.07,59.15,57.07
DPZ,Domino's,Consumer Discretionary,Restaurants,416.58,495.24,392.47,424.77,418.67,412.06,414.41,433.3,437.55,448.13
DASH,DoorDash,Consumer Discretionary,Specialized Consumer Services,225.16,285.5,155.4,218.28,205.89,203.97,238.62,245.34,242.84,223.74
DOV,Dover Corporation,Industrials,Industrial Machinery & Supplies & Components,190.91,219.84,141.82,188.84,186.62,183.69,175.64,176.55,177.67,176.97
DOW,Dow Inc.,Materials,Commodity Chemicals,23.06,40.98,19.82,23.48,23.17,22.46,22.56,23.1,24.03,26.41
DHI,D. R. Horton,Consumer Discretionary,Homebuilding,158.97,183.98,109.46,160.11,156.36,149.05,153.7,157.36,151.64,141.18
DTE,DTE Energy,Utilities,Multi-Utilities,131.8,143.79,113.52,132.39,134.37,135.99,138.31,137.59,136.4,134.81
DUK,Duke Energy,Utilities,Electric Utilities,117.14,128.91,101.53,118.83,120.84,121.86,123.41,122.01,120.57,118.64
DD,DuPont,Materials,Specialty Chemicals,40.53,41.02,22.13,39.89,39.37,39.28,35.89,33.54,32.69,31.25
EMN,Eastman Chemical Company,Materials,Specialty Chemicals,61.71,100.53,56.08,61.38,60.91,60.28,61.04,64.24,66.73,72.53
ETN,Eaton Corporation,Industrials,Electrical Components & Equipment,337.12,398.4,230.37,336.89,337.08,346.14,364.08,364.03,360.38,335.42
EBAY,eBay Inc.,Consumer Discretionary,Broadline Retail,82.32,100.76,58.09,82.42,82.07,82.77,87.29,88.85,86.27,79.28
ECL,Ecolab,Materials,Specialty Chemicals,260.36,285.35,220.55,266.57,269.23,264.25,268.12,269.82,269.17,262.89
EIX,Edison International,Utilities,Electric Utilities,58.24,81.16,46.27,57.67,58.26,58.16,56.56,55.09,53.95,54.0
EW,Edwards Lifesciences,Health Care,Health Care Equipment,86.31,87.89,65.94,85.21,85.61,85.28,80.73,79.56,78.93,76.72
EA,Electronic Arts,Communication Services,Interactive Home Entertainment,203.93,203.93,114.66,203.21,202.25,201.71,200.75,183.43,177.23,164.4
ELV,Elevance Health,Health Care,Managed Health Care,330.67,454.26,272.22,331.1,331.99,326.21,333.92,317.34,326.66,356.59
EMR,Emerson Electric,Industrials,Electrical Components & Equipment,137.46,149.03,88.93,134.55,132.53,130.28,131.23,133.27,133.1,124.71
ENPH,Enphase Energy,Information Technology,Semiconductor Materials & Equipment,31.22,78.26,25.78,29.81,28.72,28.88,32.6,34.43,35.75,42.05
ETR,Entergy,Utilities,Electric Utilities,94.43,97.93,71.14,94.14,94.92,95.06,95.04,91.59,89.47,86.59
EOG,EOG Resources,Energy,Oil & Gas Exploration & Production,112.58,134.2,99.8,111.0,108.81,108.5,108.12,113.01,114.32,114.39
EPAM,EPAM Systems,Information Technology,IT Consulting & Other Services,203.71,269.0,138.15,197.72,191.03,185.19,166.43,164.4,166.27,169.3
EQT,EQT Corporation,Energy,Oil & Gas Exploration & Production,60.69,62.23,41.77,60.21,59.22,59.19,56.39,54.09,54.63,53.49
EFX,Equifax,Industrials,Research & Consulting Services,211.19,279.27,198.73,209.97,211.26,209.08,220.96,234.39,239.59,242.53
EQIX,Equinix,Real Estate,Data Center REITs,743.89,967.65,689.25,732.67,743.05,766.26,790.18,783.32,789.23,807.23
EQR,Equity Residential,Real Estate,Multi-Family Residential REITs,61.48,73.58,58.19,61.71,61.41,60.42,61.39,62.92,63.69,65.33
ERIE,Erie Indemnity,Financials,Insurance Brokers,296.76,451.6,276.91,296.49,295.61,290.67,304.17,324.86,329.18,351.49
ESS,Essex Property Trust,Real Estate,Multi-Family Residential REITs,256.5,307.81,239.32,258.96,260.32,258.24,259.16,261.96,265.76,271.61
EL,Estée Lauder Companies (The),Consumer Staples,Personal Care Products,105.04,105.77,47.76,101.05,96.69,92.43,93.23,91.03,88.83,79.27
EG,Everest Group,Financials,Reinsurance,311.58,381.66,302.44,312.72,312.53,317.07,331.61,334.32,334.94,339.83
EVRG,Evergy,Utilities,Electric Utilities,73.84,78.59,57.4,74.4,75.62,75.68,76.18,73.37,72.12,69.55
ES,Eversource Energy,Utilities,Electric Utilities,66.66,75.25,51.06,66.51,66.26,68.97,71.19,67.96,67.1,64.34
EXC,Exelon,Utilities,Electric Utilities,43.96,48.09,34.68,44.62,45.45,45.63,46.0,44.76,44.26,43.99
EXE,Expand Energy,Energy,Oil & Gas Exploration & Production,122.09,124.89,90.25,121.24,118.7,117.35,109.68,103.49,105.12,105.01
EXPE,Expedia Group,Consumer Discretionary,"Hotels, Resorts & Cruise Lines",258.38,279.14,129.24,259.83,254.63,254.18,232.4,217.89,208.63,192.89
EXPD,Expeditors International,Industrials,Air Freight & Logistics,151.35,151.63,99.26,148.57,146.84,142.78,129.61,124.1,122.2,118.57
EXR,Extra Space Storage,Real Estate,Self-Storage REITs,129.9,158.51,118.4,131.54,131.83,131.63,138.52,139.82,141.26,142.03
XOM,ExxonMobil,Energy,Integrated Oil & Gas,116.76,119.76,95.18,116.74,116.2,116.97,114.39,111.8,111.36,109.14
FFIV,"F5, Inc.",Information Technology,Communications Equipment,248.16,346.0,223.76,241.84,239.7,237.03,275.67,295.81,295.43,287.06
FDS,FactSet,Financials,Financial Exchanges & Data,289.75,491.19,249.51,280.65,278.1,273.96,277.11,324.35,346.23,380.55
FICO,Fair Isaac,Information Technology,Application Software,1802.49,2400.0,1300.0,1776.82,1783.36,1766.31,1695.05,1580.31,1615.49,1711.06
FAST,Fastenal,Industrials,Trading Companies & Distributors,41.51,50.37,34.62,41.02,40.54,40.47,42.58,45.12,44.54,42.42
FRT,Federal Realty Investment Trust,Real Estate,Retail REITs,97.49,111.1,78.83,97.68,97.92,97.49,97.87,96.85,96.18,95.25
FDX,FedEx,Industrials,Air Freight & Logistics,274.44,289.89,191.82,272.53,272.44,268.26,252.76,240.37,237.92,233.08
FIS,Fidelity National Information Services,Financials,Transaction & Payment Processing Services,66.67,84.46,59.51,66.18,65.62,65.08,65.66,68.55,70.85,72.09
FITB,Fifth Third Bancorp,Financials,Regional Banks,45.81,46.19,31.68,44.74,43.85,43.05,42.87,43.15,42.67,40.67
FSLR,First Solar,Information Technology,Semiconductors,258.13,281.55,116.56,259.51,261.28,259.89,246.39,220.86,209.16,183.67
FE,FirstEnergy,Utilities,Electric Utilities,45.09,47.73,36.45,45.51,46.38,46.3,46.09,44.31,43.31,42.01
FI,Fiserv,Financials,Transaction & Payment Processing Services,66.06,238.59,59.56,64.08,62.32,62.71,93.18,116.11,126.64,153.96
F,Ford Motor Company,Consumer Discretionary,Automobile Manufacturers,13.06,13.81,8.11,13.08,13.08,13.08,12.59,11.93,11.71,10.92
FTNT,Fortinet,Information Technology,Systems Software,86.82,114.82,70.12,83.9,82.07,81.69,83.57,84.94,88.58,93.16
FTV,Fortive,Industrials,Industrial Machinery & Supplies & Components,53.83,62.51,45.35,53.31,53.16,52.16,50.56,49.52,50.17,51.55
FOXA,Fox Corporation (Class A),Communication Services,Broadcasting,68.78,69.24,45.36,67.13,66.09,65.81,62.86,60.39,59.34,56.87
FOX,Fox Corporation (Class B),Communication Services,Broadcasting,61.01,61.26,42.96,59.82,59.03,59.05,56.44,54.6,53.81,51.95
BEN,Franklin Resources,Financials,Asset Management & Custody Banks,23.4,25.72,15.81,22.9,22.56,22.31,22.68,23.58,23.5,21.91
FCX,Freeport-McMoRan,Materials,Copper,45.33,48.78,27.35,44.1,42.74,41.58,41.02,42.08,42.29,40.31
GRMN,Garmin,Consumer Discretionary,Consumer Electronics,203.49,261.69,167.87,199.82,196.68,195.72,223.26,227.91,224.02,215.91
IT,Gartner,Information Technology,IT Consulting & Other Services,229.66,584.01,222.54,230.61,231.69,230.11,240.55,256.51,284.63,341.55
GE,GE Aerospace,Industrials,Aerospace & Defense,283.73,316.67,158.62,288.37,291.19,297.37,300.44,288.22,280.14,252.88
GEHC,GE HealthCare,Health Care,Health Care Equipment,85.25,94.66,57.57,82.16,80.61,76.84,75.77,75.1,74.86,74.65
GEV,GE Vernova,Industrials,Heavy Electrical Equipment,632.11,677.01,251.84,608.33,594.01,583.41,590.9,606.03,587.27,503.86
GEN,Gen Digital,Information Technology,Systems Software,27.08,31.94,22.45,26.77,26.58,26.47,26.72,28.26,28.48,27.78
GNRC,Generac,Industrials,Electrical Components & Equipment,162.59,203.25,99.5,157.91,152.93,151.89,166.02,173.69,166.93,150.83
GD,General Dynamics,Industrials,Aerospace & Defense,341.7,360.5,235.63,337.92,338.86,342.05,340.48,328.13,319.81,299.36
GIS,General Mills,Consumer Staples,Packaged Foods & Meats,45.99,65.04,45.6,46.23,46.79,46.95,47.76,48.47,49.02,51.58
GM,General Motors,Consumer Discretionary,Automobile Manufacturers,76.0,77.0,41.36,74.52,73.3,71.63,66.27,61.14,59.0,54.55
GPC,Genuine Parts Company,Consumer Discretionary,Distributors,130.35,143.1,102.41,129.81,129.32,127.88,130.69,132.92,130.72,126.31
GILD,Gilead Sciences,Health Care,Biotechnology,121.4,128.7,86.73,123.45,124.96,124.36,120.64,117.12,115.54,112.06
GPN,Global Payments,Financials,Transaction & Payment Processing Services,78.94,117.56,65.53,78.71,76.46,75.43,80.75,82.76,81.96,83.45
GL,Globe Life,Financials,Life & Health Insurance,131.2,147.54,99.43,131.3,132.72,132.39,134.55,136.34,133.15,129.18
GDDY,GoDaddy,Information Technology,Internet Services & Infrastructure,128.48,216.0,121.94,129.01,127.87,128.31,131.15,140.82,147.81,159.54
GS,Goldman Sachs,Financials,Investment Banking & Brokerage,853.13,856.2,432.73,829.92,813.89,802.03,786.56,762.57,743.56,673.14
HAL,Halliburton,Energy,Oil & Gas Equipment & Services,28.48,30.72,18.31,27.38,26.53,26.68,25.55,23.67,23.22,22.72
HIG,Hartford (The),Financials,Property & Casualty Insurance,129.78,138.03,103.19,133.06,134.74,133.27,129.85,129.09,127.91,125.12
HAS,Hasbro,Consumer Discretionary,Leisure Products,81.19,83.45,47.63,81.97,81.52,79.24,76.6,76.72,75.72,69.81
HCA,HCA Healthcare,Health Care,Health Care Facilities,484.37,520.0,288.25,492.42,499.3,486.17,457.98,422.61,413.06,387.17
DOC,Healthpeak Properties,Real Estate,Health Care REITs,17.1,20.54,16.08,17.56,17.81,17.67,18.06,17.76,17.65,17.77
HSIC,Henry Schein,Health Care,Health Care Distributors,73.6,82.49,60.56,72.92,73.78,72.89,68.11,68.33,69.13,69.21
HSY,Hershey Company (The),Consumer Staples,Packaged Foods & Meats,182.43,201.43,135.68,182.67,184.82,180.75,181.62,181.94,178.87,173.04
HPE,Hewlett Packard Enterprise,Information Technology,"Technology Hardware, Storage & Peripherals",23.52,26.44,11.82,22.51,21.89,22.06,23.34,22.75,22.05,19.94
HLT,Hilton Worldwide,Consumer Discretionary,"Hotels, Resorts & Cruise Lines",272.07,287.4,195.7,278.0,279.43,274.7,266.99,268.46,267.14,255.56
HOLX,Hologic,Health Care,Health Care Equipment,74.97,80.31,51.9,74.9,74.83,74.54,72.13,69.38,68.47,65.29
HD,Home Depot (The),Consumer Discretionary,Home Improvement Retail,353.99,425.75,320.39,353.51,349.97,352.77,371.82,382.79,377.97,370.67
HON,Honeywell,Industrials,Industrial Conglomerates,191.02,225.29,166.32,192.02,191.2,193.17,194.82,199.66,202.76,200.31
HRL,Hormel Foods,Consumer Staples,Packaged Foods & Meats,24.49,32.43,21.03,23.66,23.3,22.82,23.15,25.03,26.0,27.16
HST,Host Hotels & Resorts,Real Estate,Hotel & Resort REITs,17.33,18.32,11.93,17.45,17.51,17.53,16.93,16.68,16.47,15.71
HWM,Howmet Aerospace,Industrials,Aerospace & Defense,190.39,211.83,104.84,195.19,198.62,201.13,197.93,189.87,187.31,169.97
HPQ,HP Inc.,Information Technology,"Technology Hardware, Storage & Peripherals",25.89,35.49,20.76,25.3,24.76,24.46,26.11,26.41,26.05,26.27
HUBB,Hubbell Incorporated,Industrials,Industrial Machinery & Supplies & Components,440.8,482.66,296.56,432.64,429.32,432.07,433.4,432.52,426.45,399.65
HUM,Humana,Health Care,Managed Health Care,258.0,314.25,206.15,250.43,243.81,240.34,262.62,265.58,259.56,257.43
HBAN,Huntington Bancshares,Financials,Regional Banks,16.93,17.93,11.7,16.83,16.47,16.04,16.06,16.49,16.48,15.79
HII,Huntington Ingalls Industries,Industrials,Aerospace & Defense,304.12,328.55,155.24,308.62,309.57,310.47,299.27,282.89,274.25,249.11
IBM,IBM,Information Technology,IT Consulting & Other Services,307.72,324.9,209.2,305.16,304.36,303.14,295.49,274.19,275.93,264.69
IEX,IDEX Corporation,Industrials,Industrial Machinery & Supplies & Components,177.07,228.3,151.55,176.81,174.6,170.12,167.67,166.74,168.95,172.6
IDXX,Idexx Laboratories,Health Care,Health Care Equipment,712.36,769.98,356.14,723.49,737.1,716.61,673.42,647.05,623.92,559.36
ITW,Illinois Tool Works,Industrials,Industrial Machinery & Supplies & Components,250.29,273.07,212.05,249.12,248.25,245.89,248.83,254.19,253.0,249.35
INCY,Incyte,Health Care,Biotechnology,102.47,109.28,53.56,101.58,103.19,104.05,95.45,88.25,84.35,76.58
IR,Ingersoll Rand,Industrials,Industrial Machinery & Supplies & Components,79.82,104.63,65.56,79.59,79.39,77.54,78.64,79.71,80.67,80.17
PODD,Insulet Corporation,Health Care,Health Care Equipment,304.29,354.88,230.05,309.52,319.91,324.43,320.13,318.67,315.26,300.64
INTC,Intel,Information Technology,Semiconductors,41.49,44.02,17.67,41.84,39.27,37.71,37.63,30.76,29.04,26.17
ICE,Intercontinental Exchange,Financials,Financial Exchanges & Data,157.83,188.82,141.12,157.22,156.3,154.04,155.66,166.95,169.56,169.49
IFF,International Flavors & Fragrances,Materials,Specialty Chemicals,67.22,88.7,59.14,67.73,68.2,66.58,64.18,65.69,67.53,70.72
IP,International Paper,Materials,Paper & Plastic Packaging Products & Materials,39.19,57.79,35.35,38.92,38.78,37.95,41.76,44.75,45.29,46.32
IPG,Interpublic Group of Companies (The),Communication Services,Advertising,24.57,31.81,21.93,25.12,25.04,25.18,26.03,25.78,25.34,25.2
INTU,Intuit,Information Technology,Application Software,675.68,812.22,530.03,650.74,648.14,649.67,660.1,685.85,701.25,674.49
ISRG,Intuitive Surgical,Health Care,Health Care Equipment,568.63,616.0,425.0,569.38,568.23,564.2,513.2,493.26,499.44,508.86
IVZ,Invesco,Financials,Asset Management & Custody Banks,26.23,26.39,11.23,24.94,24.5,23.88,23.44,22.33,20.97,18.5
INVH,Invitation Homes,Real Estate,Single-Family Residential REITs,27.2,35.13,27.14,27.59,27.84,27.98,28.29,29.29,29.93,31.05
IQV,IQVIA,Health Care,Life Sciences Tools & Services,225.14,234.3,134.65,226.28,227.82,222.66,213.38,199.71,191.68,180.5
IRM,Iron Mountain,Real Estate,Other Specialized REITs,84.64,117.48,71.19,83.91,84.75,89.18,97.82,96.32,97.04,94.0
JBHT,J.B. Hunt,Industrials,Cargo Ground Transportation,188.53,190.95,121.7,185.89,178.19,171.45,160.78,151.4,150.24,147.29
JBL,Jabil,Information Technology,Electronic Manufacturing Services,220.18,237.05,108.52,215.0,209.08,207.19,208.68,212.84,211.99,188.15
JKHY,Jack Henry & Associates,Financials,Transaction & Payment Processing Services,181.68,194.03,143.64,176.89,174.5,169.31,158.79,161.0,164.41,168.46
J,Jacobs Solutions,Industrials,Construction & Engineering,140.38,168.03,104.43,137.48,135.16,142.41,150.35,147.67,144.2,135.61
JNJ,Johnson & Johnson,Health Care,Pharmaceuticals,201.91,207.81,136.5,204.1,204.9,199.81,192.48,182.26,176.37,168.08
JCI,Johnson Controls,Industrials,Building Products,114.19,123.78,67.78,114.57,114.78,116.72,113.14,110.05,108.95,100.27
JPM,JPMorgan Chase,Financials,Diversified Banks,316.1,322.25,200.22,311.62,306.32,307.99,306.63,301.47,296.9,277.4
K,Kellanova,Consumer Staples,Packaged Foods & Meats,83.12,83.28,75.95,83.12,83.03,82.9,82.45,80.5,80.09,80.3
KVUE,Kenvue,Consumer Staples,Personal Care Products,16.92,24.41,13.85,16.99,17.0,16.72,15.94,18.05,18.6,20.09
KDP,Keurig Dr Pepper,Consumer Staples,Soft Drinks & Non-alcoholic Beverages,28.65,35.62,25.03,28.37,27.96,27.4,26.98,28.95,29.74,31.07
KEY,KeyCorp,Financials,Regional Banks,19.11,19.2,12.29,18.55,18.15,17.81,17.73,17.97,17.73,16.73
KEYS,Keysight Technologies,Information Technology,Electronic Equipment & Instruments,210.37,211.57,121.43,205.0,196.5,187.39,177.84,172.35,170.46,163.57
KMB,Kimberly-Clark,Consumer Staples,Household Products,104.94,147.59,99.22,107.14,106.4,104.83,113.15,120.87,122.5,127.5
KIM,Kimco Realty,Real Estate,Retail REITs,20.19,24.4,17.52,20.35,20.45,20.39,21.02,21.34,21.25,20.92
KMI,Kinder Morgan,Energy,Oil & Gas Storage & Transportation,27.78,30.15,23.17,27.39,27.15,27.06,26.95,26.87,27.0,26.8
KKR,KKR & Co.,Financials,Asset Management & Custody Banks,129.57,169.44,85.77,125.87,122.98,120.77,121.87,132.43,132.16,126.14
KLAC,KLA Corporation,Information Technology,Semiconductor Materials & Equipment,1215.55,1282.32,547.89,1196.48,1169.67,1165.44,1143.54,1034.13,1006.21,894.39
KHC,Kraft Heinz,Consumer Staples,Packaged Foods & Meats,24.39,31.87,23.33,24.87,24.98,24.66,24.77,25.71,25.68,26.48
KR,Kroger,Consumer Staples,Food Retail,63.0,74.13,56.54,65.38,65.77,65.76,66.14,67.58,67.87,67.46
LHX,L3Harris,Industrials,Aerospace & Defense,277.91,306.84,189.46,276.49,276.68,283.47,288.73,280.95,274.94,252.79
LH,Labcorp,Health Care,Health Care Services,258.58,292.94,207.68,263.9,265.52,263.71,269.07,268.89,266.49,255.87
LRCX,Lam Research,Information Technology,Semiconductor Materials & Equipment,159.1,166.88,55.98,157.68,154.33,153.39,149.28,127.33,121.0,103.93
LW,Lamb Weston,Consumer Staples,Packaged Foods & Meats,59.65,81.86,46.97,59.69,59.03,58.53,61.07,57.96,56.83,55.05
LVS,Las Vegas Sands,Consumer Discretionary,Casinos & Gaming,66.24,70.45,29.72,67.5,67.15,66.23,59.02,55.99,53.78,48.34
LDOS,Leidos,Industrials,Diversified Support Services,187.35,205.77,122.65,188.74,189.0,190.53,190.73,183.14,177.6,164.05
LEN,Lennar,Consumer Discretionary,Homebuilding,124.28,163.24,97.13,128.82,128.39,124.1,124.17,125.09,122.07,117.89
LII,Lennox International,Industrials,Building Products,510.77,687.72,443.19,498.45,489.9,479.96,503.36,542.55,549.0,555.47
LLY,Lilly (Eli),Health Care,Pharmaceuticals,1008.36,1111.99,621.5,1032.08,1058.0,1033.15,910.62,822.37,814.94,809.31
LIN,Linde plc,Materials,Industrial Gases,400.37,483.05,399.52,405.24,406.52,412.64,433.85,452.59,454.81,453.65
LYV,Live Nation Entertainment,Communication Services,Movies & Entertainment,138.89,175.25,112.88,134.84,132.25,134.21,145.64,152.92,151.61,144.85
LKQ,LKQ Corporation,Consumer Discretionary,Distributors,29.5,43.32,28.13,29.27,29.41,29.74,29.95,30.65,31.97,34.95
LMT,Lockheed Martin,Industrials,Aerospace & Defense,452.08,512.11,404.07,445.65,448.74,454.12,476.23,459.68,459.8,457.4
L,Loews Corporation,Financials,Multi-line Insurance,102.92,109.06,78.83,105.17,106.34,105.23,102.32,98.57,96.87,93.14
LOW,Lowe's,Consumer Discretionary,Home Improvement Retail,246.17,275.13,203.22,245.03,239.63,234.81,239.05,243.45,238.6,233.68
LULU,Lululemon Athletica,Consumer Discretionary,"Apparel, Accessories & Luxury Goods",190.97,423.32,159.25,184.34,180.32,173.98,173.25,183.5,194.22,235.5
LYB,LyondellBasell,Materials,Specialty Chemicals,43.24,72.83,40.42,45.63,45.62,44.02,44.98,49.06,50.8,53.88
MTB,M&T Bank,Financials,Regional Banks,195.7,208.72,147.35,193.62,190.88,187.26,185.76,189.27,189.31,182.87
MPC,Marathon Petroleum,Energy,Oil & Gas Refining & Marketing,190.8,201.29,113.25,191.84,191.55,193.41,190.93,182.06,179.47,165.74
MKTX,MarketAxess,Financials,Financial Exchanges & Data,167.01,246.0,155.48,162.95,163.02,166.3,167.54,179.04,187.02,196.5
MAR,Marriott International,Consumer Discretionary,"Hotels, Resorts & Cruise Lines",292.54,309.43,203.87,300.66,300.89,293.68,277.15,271.34,270.95,262.51
MMC,Marsh McLennan,Financials,Insurance Brokers,181.7,245.83,174.18,183.23,182.48,181.58,188.18,195.72,199.33,210.24
MLM,Martin Marietta Materials,Materials,Construction Materials,625.45,664.29,440.13,616.67,615.07,609.04,618.37,609.88,597.83,563.25
MAS,Masco,Industrials,Building Products,63.19,80.67,55.74,64.25,63.79,62.32,65.28,68.08,67.22,66.53
MA,Mastercard,Financials,Transaction & Payment Processing Services,545.6,600.98,463.61,546.3,545.17,545.01,556.88,566.98,565.4,558.66
MTCH,Match Group,Communication Services,Interactive Media & Services,34.47,38.99,26.09,33.89,33.42,32.85,33.02,34.59,33.92,32.41
MKC,McCormick & Company,Consumer Staples,Packaged Foods & Meats,63.37,84.63,63.13,64.55,65.98,65.8,65.94,67.5,68.66,71.48
MCD,McDonald's,Consumer Discretionary,Restaurants,311.28,320.72,270.23,306.36,307.15,304.84,302.29,302.72,300.47,302.33
MCK,McKesson Corporation,Health Care,Health Care Distributors,808.11,894.75,555.78,822.85,850.05,850.37,812.13,754.19,747.22,721.8
MDT,Medtronic,Health Care,Health Care Equipment,101.39,106.33,76.99,102.14,103.08,99.78,96.59,94.16,92.68,89.88
MRK,Merck & Co.,Health Care,Pharmaceuticals,99.99,105.84,71.87,101.2,101.93,96.99,90.32,86.07,84.88,83.87
META,Meta Platforms,Communication Services,Interactive Media & Services,672.92,795.71,479.11,652.4,638.71,623.76,675.36,712.55,712.08,670.91
MET,MetLife,Financials,Life & Health Insurance,78.53,85.61,63.78,77.33,76.55,76.73,78.45,78.12,78.05,77.65
MTD,Mettler Toledo,Health Care,Life Sciences Tools & Services,1412.69,1525.17,946.69,1437.13,1457.74,1437.34,1383.08,1324.93,1297.71,1242.52
MGM,MGM Resorts,Consumer Discretionary,Casinos & Gaming,36.33,41.32,25.3,35.61,34.72,33.43,33.03,34.79,34.91,33.69
MCHP,Microchip Technology,Information Technology,Semiconductors,65.67,75.98,33.33,60.83,56.38,54.59,59.96,62.91,64.32,59.41
MU,Micron Technology,Information Technology,Semiconductors,237.3,260.58,61.44,235.61,230.06,232.97,214.06,170.65,160.76,133.62
MSFT,Microsoft,Information Technology,Systems Software,481.87,553.5,342.95,483.44,481.78,490.61,507.01,508.87,504.91,468.29
MAA,Mid-America Apartment Communities,Real Estate,Multi-Family Residential REITs,132.13,168.08,125.75,134.03,134.35,132.43,132.55,137.26,139.1,145.57
MRNA,Moderna,Health Care,Biotechnology,27.69,48.92,22.28,25.32,25.02,24.93,25.86,26.53,27.01,27.65
MHK,Mohawk Industries,Consumer Discretionary,Home Furnishings,110.49,143.13,96.24,113.54,113.3,109.98,117.37,121.93,118.78,114.94
MOH,Molina Healthcare,Health Care,Managed Health Care,151.39,359.97,133.4,148.4,147.22,143.82,166.09,169.23,189.02,236.97
TAP,Molson Coors Beverage Company,Consumer Staples,Brewers,45.1,63.47,42.94,46.06,46.22,46.23,45.81,47.54,47.79,51.22
MDLZ,Mondelez International,Consumer Staples,Packaged Foods & Meats,55.26,70.58,52.78,55.9,56.4,56.43,58.99,61.16,62.31,63.33
MPWR,Monolithic Power Systems,Information Technology,Semiconductors,965.41,1123.38,437.16,951.34,928.37,923.58,964.03,891.75,857.86,764.91
MNST,Monster Beverage,Consumer Staples,Soft Drinks & Non-alcoholic Beverages,73.89,76.28,45.7,74.36,74.19,72.79,69.99,66.26,65.41,62.91
MCO,Moody's Corporation,Financials,Financial Exchanges & Data,496.37,527.9,376.55,490.59,487.49,484.1,482.15,493.53,492.38,480.32
MS,Morgan Stanley,Financials,Investment Banking & Brokerage,176.46,177.32,92.37,172.53,168.67,166.01,161.98,154.49,150.8,138.54
MOS,Mosaic Company (The),Materials,Fertilizers & Agricultural Chemicals,23.67,37.63,21.79,24.13,24.02,24.49,28.08,30.76,31.71,30.51
MSI,Motorola Solutions,Information Technology,Communications Equipment,374.62,495.94,365.4,374.54,371.87,376.97,414.93,435.71,431.37,426.91
MSCI,MSCI Inc.,Financials,Financial Exchanges & Data,539.15,634.4,482.15,546.5,554.05,561.46,559.22,559.58,560.3,557.41
NDAQ,"Nasdaq, Inc.",Financials,Financial Exchanges & Data,89.96,97.36,64.46,89.29,89.26,88.15,88.05,90.7,90.15,85.18
NTAP,NetApp,Information Technology,"Technology Hardware, Storage & Peripherals",117.11,128.69,71.18,115.17,112.44,110.68,114.94,113.58,111.65,104.77
NFLX,Netflix,Communication Services,Movies & Entertainment,100.2,134.12,82.11,105.17,105.53,108.69,113.16,117.08,118.88,113.42
NEM,Newmont,Materials,Gold,89.76,98.29,36.25,90.49,88.92,88.1,86.62,78.7,74.53,65.03
NWSA,News Corp (Class A),Communication Services,Publishing,26.08,31.61,23.3,25.64,25.58,25.8,26.53,28.02,28.2,27.82
NWS,News Corp (Class B),Communication Services,Publishing,29.68,35.47,26.17,29.15,29.14,29.29,30.13,31.84,32.13,31.79
NEE,NextEra Energy,Utilities,Multi-Utilities,83.36,86.94,60.35,84.19,84.53,84.34,82.73,77.3,76.2,73.17
NKE,"Nike, Inc.",Consumer Discretionary,"Apparel, Accessories & Luxury Goods",65.78,80.55,51.34,65.49,64.28,63.39,65.74,69.98,69.38,67.08
NI,NiSource,Utilities,Multi-Utilities,42.18,44.58,34.39,42.24,42.84,43.02,42.99,42.17,41.58,40.44
NDSN,Nordson Corporation,Industrials,Industrial Machinery & Supplies & Components,238.61,255.32,163.83,237.43,236.77,234.06,233.06,226.29,224.3,214.3
NSC,Norfolk Southern,Industrials,Rail Transportation,293.72,300.79,198.48,292.9,290.51,287.1,287.75,283.08,277.41,259.6
NTRS,Northern Trust,Financials,Asset Management & Custody Banks,133.26,135.48,80.54,132.01,130.86,129.35,129.05,128.58,126.85,116.24
NOC,Northrop Grumman,Industrials,Aerospace & Defense,547.78,638.31,418.96,549.32,557.62,559.42,583.21,578.5,562.46,532.14
NCLH,Norwegian Cruise Line Holdings,Consumer Discretionary,"Hotels, Resorts & Cruise Lines",18.91,29.29,14.21,18.71,18.46,18.4,21.15,22.94,22.43,21.05
NRG,NRG Energy,Utilities,Independent Power Producers & Energy Traders,163.88,180.08,78.84,165.95,165.76,165.94,166.92,161.21,159.45,142.64
NUE,Nucor,Materials,Steel,159.6,166.27,96.79,161.73,158.95,152.77,145.16,143.48,140.88,132.67
NVDA,Nvidia,Information Technology,Semiconductors,181.56,212.18,86.6,181.18,180.23,184.43,187.07,181.76,176.24,154.72
NVR,"NVR, Inc.",Consumer Discretionary,Homebuilding,7521.57,9200.0,6562.85,7567.77,7501.85,7365.48,7525.43,7774.72,7699.42,7507.71
NXPI,NXP Semiconductors,Information Technology,Semiconductors,229.38,251.86,146.73,219.59,206.06,201.44,211.22,217.28,217.68,209.27
ORLY,O’Reilly Automotive,Consumer Discretionary,Automotive Retail,98.77,108.72,78.3,99.59,100.2,99.36,99.87,100.98,98.87,95.94
OXY,Occidental Petroleum,Energy,Oil & Gas Exploration & Production,42.56,52.36,34.4,42.4,41.97,41.91,42.49,43.77,43.82,43.52
ODFL,Old Dominion,Industrials,Cargo Ground Transportation,155.19,216.45,125.76,148.04,141.0,137.27,138.16,144.26,147.98,153.39
OMC,Omnicom Group,Communication Services,Advertising,73.94,100.63,67.76,71.92,72.53,72.78,75.56,75.44,74.66,75.04
ON,ON Semiconductor,Information Technology,Semiconductors,54.79,73.19,31.04,52.82,50.1,48.83,49.85,50.89,51.65,48.18
OKE,Oneok,Energy,Oil & Gas Storage & Transportation,76.67,105.47,64.02,74.9,73.05,71.09,69.64,72.03,73.44,77.9
ORCL,Oracle Corporation,Information Technology,Application Software,216.84,345.12,117.98,208.19,204.39,215.21,254.52,255.94,248.12,211.33
OTIS,Otis Worldwide,Industrials,Industrial Machinery & Supplies & Components,86.35,105.37,83.46,87.12,87.65,88.28,89.86,89.02,90.61,92.99
PCAR,Paccar,Industrials,Construction Machinery & Heavy Transportation Equipment,110.14,114.27,83.8,107.41,105.78,101.42,99.01,98.69,97.83,96.75
PKG,Packaging Corporation of America,Materials,Paper & Plastic Packaging Products & Materials,199.2,239.95,170.61,197.91,199.3,198.67,203.85,204.58,202.49,198.18
PLTR,Palantir Technologies,Information Technology,Application Software,181.64,207.52,63.4,174.76,168.87,172.06,179.23,172.42,165.85,142.07
PANW,Palo Alto Networks,Information Technology,Systems Software,198.42,223.61,144.15,193.07,189.39,197.5,206.31,197.94,198.06,192.05
PSKY,Paramount Skydance Corporation,Communication Services,Movies & Entertainment,14.82,20.86,9.92,15.41,15.51,15.55,16.57,15.56,14.93,13.64
PH,Parker Hannifin,Industrials,Industrial Machinery & Supplies & Components,879.9,882.0,484.88,867.56,859.26,847.09,792.15,766.16,749.92,701.42
PAYX,Paychex,Industrials,Human Resource & Employment Services,112.24,158.49,108.0,111.74,111.53,111.19,117.99,127.33,130.85,136.85
PAYC,Paycom,Industrials,Human Resource & Employment Services,165.71,266.71,156.14,164.03,162.75,163.38,183.93,204.22,209.92,216.77
PYPL,PayPal,Financials,Transaction & Payment Processing Services,62.33,93.44,55.72,62.16,61.77,62.62,66.59,68.07,69.12,68.71
PNR,Pentair,Industrials,Industrial Machinery & Supplies & Components,104.27,113.69,73.68,105.17,105.21,105.21,107.58,107.03,106.01,100.08
PEP,PepsiCo,Consumer Staples,Soft Drinks & Non-alcoholic Beverages,146.91,156.98,125.14,148.37,147.39,146.25,146.41,144.96,142.15,140.82
PFE,Pfizer,Health Care,Pharmaceuticals,25.7,27.21,19.83,25.49,25.35,25.22,24.81,24.46,24.33,23.83
PCG,PG&E Corporation,Utilities,Multi-Utilities,15.19,20.87,12.95,15.38,15.64,16.0,16.06,15.41,15.08,15.7
PM,Philip Morris International,Consumer Staples,Tobacco,147.63,183.57,113.18,151.74,153.64,154.38,154.52,159.51,163.4,162.19
PSX,Phillips 66,Energy,Oil & Gas Refining & Marketing,139.99,142.53,88.51,139.32,136.96,137.07,134.29,130.09,128.51,122.4
PNW,Pinnacle West Capital,Utilities,Multi-Utilities,88.25,93.67,78.26,88.56,89.23,88.98,89.53,89.22,88.98,89.32
PNC,PNC Financial Services,Financials,Diversified Banks,198.12,206.9,141.09,195.77,192.95,188.21,187.5,191.84,190.16,181.38
POOL,Pool Corporation,Consumer Discretionary,Distributors,238.96,374.68,229.63,242.99,242.34,242.79,270.81,292.51,292.94,300.14
PPG,PPG Industries,Materials,Specialty Chemicals,101.18,126.7,88.43,100.66,99.87,97.92,99.41,104.3,105.91,106.35
PPL,PPL Corporation,Utilities,Electric Utilities,34.02,38.27,30.49,34.8,35.66,36.07,36.67,36.35,35.83,35.29
PFG,Principal Financial Group,Financials,Life & Health Insurance,87.61,87.75,66.44,85.33,84.57,83.58,81.9,80.13,79.54,78.68
PG,Procter & Gamble,Consumer Staples,Personal Care Products,143.54,176.43,142.51,145.78,147.17,147.22,148.78,151.85,152.87,156.87
PGR,Progressive Corporation,Financials,Property & Casualty Insurance,223.3,292.65,199.9,226.83,227.05,224.73,226.19,235.77,240.37,254.15
PLD,Prologis,Real Estate,Industrial REITs,128.11,130.45,83.8,128.67,127.97,126.05,122.73,116.0,114.01,111.18
PRU,Prudential Financial,Financials,Life & Health Insurance,111.7,121.51,86.97,109.52,108.61,106.65,103.49,103.32,103.28,102.83
PEG,Public Service Enterprise Group,Utilities,Electric Utilities,79.93,90.54,73.5,80.7,81.58,82.08,82.2,83.02,82.7,81.45
PTC,PTC Inc.,Information Technology,Application Software,172.67,219.69,133.38,175.98,174.45,174.91,190.25,199.0,194.59,181.32
PSA,Public Storage,Real Estate,Self-Storage REITs,272.83,323.69,251.43,274.4,273.18,272.88,285.41,284.56,285.53,287.88
PHM,PulteGroup,Consumer Discretionary,Homebuilding,126.96,141.88,87.74,127.78,125.9,121.65,123.44,124.95,121.25,113.7
PWR,Quanta Services,Industrials,Construction & Engineering,462.04,469.43,226.97,457.97,453.81,446.47,438.19,413.48,405.3,362.1
QCOM,Qualcomm,Information Technology,Semiconductors,175.26,204.9,118.79,172.16,168.15,168.6,168.85,162.84,161.37,155.82
DGX,Quest Diagnostics,Health Care,Health Care Services,182.7,197.55,146.3,183.16,186.89,186.4,183.83,180.47,179.32,175.72
RL,Ralph Lauren Corporation,Consumer Discretionary,"Apparel, Accessories & Luxury Goods",367.05,374.0,175.49,360.79,359.68,345.23,331.59,315.41,307.26,281.48
RJF,Raymond James Financial,Financials,Investment Banking & Brokerage,162.91,177.15,116.85,159.15,156.87,158.16,161.49,163.94,161.66,154.12
RTX,RTX Corporation,Industrials,Aerospace & Defense,170.63,180.6,110.77,169.44,171.04,173.14,170.32,162.98,159.18,147.74
O,Realty Income,Real Estate,Retail REITs,58.73,60.33,48.85,57.99,57.35,56.95,57.98,57.63,57.31,56.22
REG,Regency Centers,Real Estate,Retail REITs,69.07,75.93,62.21,70.21,70.48,70.09,70.85,70.93,70.71,70.74
REGN,Regeneron Pharmaceuticals,Health Care,Biotechnology,717.86,796.57,475.17,731.29,752.59,722.23,645.69,606.68,591.7,597.47
RF,Regions Financial Corporation,Financials,Regional Banks,26.38,27.32,17.18,25.95,25.45,24.95,24.73,25.28,24.8,23.23
RSG,Republic Services,Industrials,Environmental & Facilities Services,216.41,257.43,197.66,214.73,215.93,212.84,216.83,224.84,228.7,233.32
RMD,ResMed,Health Care,Health Care Equipment,256.47,293.11,198.6,251.73,252.66,250.37,259.34,267.78,264.88,251.79
RVTY,Revvity,Health Care,Health Care Equipment,100.85,128.0,81.3,102.36,102.53,97.67,94.56,91.86,92.96,95.52
ROK,Rockwell Automation,Industrials,Electrical Components & Equipment,403.61,406.44,212.49,397.81,393.33,385.51,365.22,354.6,349.72,319.63
ROL,"Rollins, Inc.",Industrials,Environmental & Facilities Services,61.4,61.84,44.8,60.89,60.91,59.72,58.17,57.46,57.16,56.01
ROP,Roper Technologies,Information Technology,Electronic Equipment & Instruments,446.26,592.47,435.42,444.93,444.68,445.66,470.62,499.88,512.06,532.99
ROST,Ross Stores,Consumer Discretionary,Apparel Retail,177.2,179.05,121.69,177.47,176.6,168.86,161.04,152.84,148.28,143.95
RCL,Royal Caribbean Group,Consumer Discretionary,"Hotels, Resorts & Cruise Lines",257.85,365.38,163.05,262.91,263.26,259.8,285.73,309.71,308.04,276.28
SPGI,S&P Global,Financials,Financial Exchanges & Data,498.47,576.91,424.77,496.36,495.14,494.16,488.13,513.28,514.01,507.62
CRM,Salesforce,Information Technology,Application Software,260.27,366.78,221.96,242.8,236.07,237.04,243.57,246.51,250.29,258.88
SBAC,SBA Communications,Real Estate,Telecom Tower REITs,189.91,241.44,184.43,188.56,191.33,194.31,193.07,202.7,208.02,213.08
SLB,Schlumberger,Energy,Oil & Gas Equipment & Services,38.53,43.29,30.37,37.32,36.49,36.27,35.15,34.63,34.66,35.18
STX,Seagate Technology,Information Technology,"Technology Hardware, Storage & Peripherals",277.48,297.88,62.66,267.75,264.05,266.04,248.29,210.1,195.82,157.11
SRE,Sempra,Utilities,Multi-Utilities,90.76,95.72,60.93,90.8,92.14,92.19,91.86,86.56,84.08,79.48
NOW,ServiceNow,Information Technology,Systems Software,852.32,1198.09,678.66,834.11,824.02,833.2,882.48,901.67,920.92,914.23
SHW,Sherwin-Williams,Materials,Specialty Chemicals,333.32,391.4,306.78,337.38,339.17,336.98,337.5,345.26,344.96,345.17
SPG,Simon Property Group,Real Estate,Retail REITs,182.88,188.43,132.99,183.16,183.86,183.17,180.98,176.67,173.13,167.65
SWKS,Skyworks Solutions,Information Technology,Semiconductors,69.15,91.61,46.48,68.32,66.21,65.85,71.14,71.91,72.11,69.07
SJM,J.M. Smucker Company (The),Consumer Staples,Packaged Foods & Meats,100.22,117.94,91.46,100.86,102.18,104.51,104.2,106.09,104.44,106.62
SW,Smurfit Westrock,Materials,Paper & Plastic Packaging Products & Materials,36.15,54.55,32.73,35.76,35.27,34.94,38.48,41.69,42.19,42.7
SNA,Snap-on,Industrials,Industrial Machinery & Supplies & Components,347.12,357.1,283.93,343.33,340.65,336.98,337.63,331.34,327.04,323.99
SOLV,Solventum,Health Care,Health Care Technology,85.53,88.2,60.7,85.44,84.98,80.08,74.84,73.86,74.06,73.39
SO,Southern Company,Utilities,Electric Utilities,86.75,100.02,77.85,88.02,88.92,89.53,92.69,92.57,91.96,90.38
LUV,Southwest Airlines,Industrials,Passenger Airlines,37.9,38.16,23.55,35.92,34.99,33.65,32.76,32.37,32.57,31.58
SWK,Stanley Black & Decker,Industrials,Industrial Machinery & Supplies & Components,72.42,87.08,52.01,71.79,70.23,67.55,68.62,70.49,69.8,69.21
SBUX,Starbucks,Consumer Discretionary,Restaurants,85.19,115.04,73.95,85.48,85.58,85.06,83.67,85.79,87.02,88.14
STT,State Street Corporation,Financials,Asset Management & Custody Banks,123.84,124.21,71.77,120.75,118.6,117.65,116.35,113.79,111.61,103.16
STLD,Steel Dynamics,Materials,Steel,165.34,172.94,102.41,168.04,165.82,160.05,153.14,141.5,139.38,134.33
STE,Steris,Health Care,Health Care Equipment,263.42,268.6,199.47,261.21,263.33,262.02,249.62,244.8,242.98,237.23
SYK,Stryker Corporation,Health Care,Health Care Equipment,363.76,403.95,327.71,366.61,369.01,365.61,368.3,376.74,378.54,375.99
SMCI,Supermicro,Information Technology,"Technology Hardware, Storage & Peripherals",34.62,66.44,25.71,33.77,33.35,34.8,44.76,46.07,46.22,43.23
SYF,Synchrony Financial,Financials,Consumer Finance,80.53,80.65,39.98,79.4,77.7,75.41,73.46,73.04,71.51,64.87
SNPS,Synopsys,Information Technology,Application Software,467.31,651.73,365.74,457.03,430.74,411.29,438.61,505.99,507.78,488.24
SYY,Sysco,Consumer Staples,Food Distributors,73.24,83.13,66.22,74.08,74.97,75.12,77.0,78.48,77.8,75.42
TMUS,T-Mobile US,Communication Services,Wireless Telecommunication Services,209.69,273.15,198.43,208.59,207.94,209.39,217.01,229.76,229.63,237.49
TROW,T. Rowe Price,Financials,Asset Management & Custody Banks,106.36,119.7,75.88,104.25,102.76,101.84,102.88,103.99,102.36,98.07
TTWO,Take-Two Interactive,Communication Services,Interactive Home Entertainment,247.79,264.79,177.35,247.28,244.25,240.53,250.11,242.51,241.74,232.47
TPR,"Tapestry, Inc.",Consumer Discretionary,"Apparel, Accessories & Luxury Goods",116.08,118.56,57.91,112.88,110.3,106.63,110.43,108.28,104.33,92.86
TRGP,Targa Resources,Energy,Oil & Gas Storage & Transportation,181.32,213.78,143.19,177.11,174.54,172.59,163.26,163.62,164.66,168.19
TGT,Target Corporation,Consumer Staples,Consumer Staples Merchandise Retail,92.06,138.95,83.44,91.28,89.56,89.24,89.64,92.99,93.93,95.62
TEL,TE Connectivity,Information Technology,Electronic Manufacturing Services,233.61,250.67,115.38,230.62,226.54,231.8,230.2,217.48,207.75,184.92
TDY,Teledyne Technologies,Information Technology,Electronic Equipment & Instruments,521.85,595.99,419.0,506.42,501.43,503.54,534.43,542.57,535.72,516.82
TER,Teradyne,Information Technology,Semiconductor Materials & Equipment,199.9,203.12,65.55,192.64,181.69,176.66,160.79,135.85,126.74,110.86
TSLA,"Tesla, Inc.",Consumer Discretionary,Automobile Manufacturers,454.62,488.54,214.25,443.05,430.03,423.05,435.21,392.38,377.6,342.59
TXN,Texas Instruments,Information Technology,Semiconductors,183.13,218.15,136.55,177.85,170.53,164.68,169.07,179.31,184.45,179.97
TPL,Texas Pacific Land Corporation,Energy,Oil & Gas Exploration & Production,930.56,1555.44,836.72,896.69,884.01,923.6,929.12,925.18,951.74,1078.01
TXT,Textron,Industrials,Aerospace & Defense,83.14,87.94,57.67,82.88,82.72,81.88,82.27,81.57,81.33,77.7
TMO,Thermo Fisher Scientific,Health Care,Life Sciences Tools & Services,571.51,609.27,385.11,578.54,584.81,581.0,556.87,515.36,494.95,480.49
TJX,TJX Companies,Consumer Discretionary,Apparel Retail,152.88,154.66,111.06,150.88,151.21,148.63,144.76,139.16,135.97,131.35
TKO,TKO Group Holdings,Communication Services,Movies & Entertainment,202.31,212.49,132.26,197.34,192.12,187.36,189.46,186.27,183.41,172.23
TTD,Trade Desk (The),Communication Services,Advertising,40.04,141.53,38.22,39.51,39.4,40.61,46.82,54.22,57.87,59.47
TSCO,Tractor Supply,Consumer Discretionary,Other Specialty Retail,54.17,63.47,46.26,53.9,53.9,54.12,54.5,56.87,56.2,54.41
TT,Trane Technologies,Industrials,Building Products,405.35,475.11,296.82,411.46,411.58,416.17,420.88,423.51,424.5,403.6
TDG,TransDigm Group,Industrials,Aerospace & Defense,1342.62,1519.36,1107.45,1347.71,1348.93,1334.32,1312.83,1332.39,1344.94,1323.66
TRV,Travelers Companies (The),Financials,Property & Casualty Insurance,280.92,296.85,227.43,285.41,288.9,287.14,278.76,273.74,271.02,266.47
TRMB,Trimble Inc.,Information Technology,Electronic Equipment & Instruments,83.22,87.5,52.91,82.35,81.14,79.39,79.48,80.79,79.8,74.94
TFC,Truist Financial,Financials,Diversified Banks,47.67,47.88,32.34,47.14,46.57,45.57,44.44,44.39,43.85,41.92
TYL,Tyler Technologies,Information Technology,Application Software,467.95,661.31,450.0,464.7,465.56,465.76,486.15,523.47,534.38,548.19
TSN,Tyson Foods,Consumer Staples,Packaged Foods & Meats,56.94,62.66,50.12,57.1,56.69,54.96,53.29,53.88,53.94,55.33
USB,U.S. Bancorp,Financials,Diversified Banks,51.28,51.78,34.43,50.53,49.51,48.23,47.6,47.17,46.69,44.62
UBER,Uber,Industrials,Passenger Ground Transportation,91.33,101.99,59.33,89.43,87.16,89.21,93.03,93.04,92.53,87.24
UDR,"UDR, Inc.",Real Estate,Multi-Family Residential REITs,35.31,44.96,32.94,35.73,35.85,35.24,35.45,36.88,37.52,38.93
ULTA,Ulta Beauty,Consumer Discretionary,Other Specialty Retail,604.41,611.9,309.01,555.71,540.38,528.52,532.81,525.29,514.34,465.02
UNP,Union Pacific Corporation,Industrials,Rail Transportation,235.19,252.32,202.16,234.26,231.37,226.8,226.39,224.08,224.96,225.01
UAL,United Airlines Holdings,Industrials,Passenger Airlines,105.45,116.0,52.0,104.83,101.44,97.92,97.55,98.1,94.58,87.54
UPS,United Parcel Service,Industrials,Air Freight & Logistics,95.18,128.18,80.6,95.79,95.32,94.29,89.68,87.94,89.87,93.45
URI,United Rentals,Industrials,Trading Companies & Distributors,795.26,1019.33,522.49,804.55,807.39,816.68,890.45,898.08,868.65,783.11
UNH,UnitedHealth Group,Health Care,Managed Health Care,330.32,609.61,233.13,330.25,327.6,324.87,342.11,320.07,316.8,358.98
UHS,Universal Health Services,Health Care,Health Care Facilities,230.56,246.13,152.04,233.88,236.88,231.65,218.45,198.16,193.96,188.81
VLO,Valero Energy,Energy,Oil & Gas Refining & Marketing,174.76,184.46,96.76,177.17,175.9,176.73,169.73,158.4,154.5,142.25
VTR,Ventas,Real Estate,Health Care REITs,80.68,81.26,55.47,80.32,79.98,78.94,73.85,70.6,69.03,67.72
VLTO,Veralto,Industrials,Environmental & Facilities Services,101.89,109.99,83.69,101.95,101.33,99.73,101.66,103.88,103.16,100.65
VRSN,Verisign,Information Technology,Internet Services & Infrastructure,250.02,308.75,183.84,250.66,251.46,249.82,254.85,265.8,269.04,264.08
VRSK,Verisk Analytics,Industrials,Research & Consulting Services,221.13,321.9,197.0,223.31,223.15,220.48,229.3,249.22,260.6,274.41
VZ,Verizon,Communication Services,Integrated Telecommunication Services,41.74,45.09,35.79,41.0,40.9,40.85,40.64,41.68,41.6,41.72
VRTX,Vertex Pharmaceuticals,Health Care,Biotechnology,455.11,519.68,362.5,446.87,438.07,432.97,421.21,415.07,423.25,442.83
VTRS,Viatris,Health Care,Pharmaceuticals,10.94,12.5,6.6,10.79,10.68,10.58,10.26,9.97,9.75,9.26
VICI,Vici Properties,Real Estate,Hotel & Resort REITs,27.78,33.54,26.86,28.23,28.51,29.28,30.42,31.48,31.63,31.34
V,Visa Inc.,Financials,Transaction & Payment Processing Services,331.06,374.11,297.39,329.56,330.78,330.77,338.44,341.2,343.41,343.8
VST,Vistra Corp.,Utilities,Electric Utilities,167.2,219.82,90.3,172.22,173.13,175.83,189.09,194.17,192.46,170.46
VMC,Vulcan Materials Company,Materials,Construction Materials,295.45,311.21,213.97,292.68,292.34,289.5,293.96,289.96,284.42,270.79
WRB,W. R. Berkley Corporation,Financials,Property & Casualty Insurance,66.93,78.96,55.38,71.05,74.41,75.52,75.33,73.21,72.83,70.99
GWW,W. W. Grainger,Industrials,Industrial Machinery & Supplies & Components,974.48,1185.79,887.81,964.11,953.82,944.1,952.18,973.6,987.42,996.95
WAB,Wabtec,Industrials,Construction Machinery & Heavy Transportation Equipment,214.04,215.56,151.24,210.61,206.33,205.16,200.93,197.45,199.35,194.17
WMT,Walmart,Consumer Staples,Consumer Staples Merchandise Retail,115.04,116.27,79.43,113.65,110.42,106.66,104.94,102.41,101.16,98.01
DIS,Walt Disney Company (The),Communication Services,Movies & Entertainment,105.17,124.69,79.76,105.6,104.54,106.63,109.84,113.51,114.83,109.47
WBD,Warner Bros. Discovery,Communication Services,Broadcasting,26.01,26.09,7.52,24.7,24.04,23.44,21.29,17.51,16.22,13.74
WM,Waste Management,Industrials,Environmental & Facilities Services,213.74,240.84,194.11,214.91,215.45,211.47,212.11,218.37,220.5,223.54
WAT,Waters Corporation,Health Care,Life Sciences Tools & Services,394.46,423.56,275.05,396.97,400.15,389.57,357.9,326.34,329.45,338.83
WEC,WEC Energy Group,Utilities,Electric Utilities,106.1,117.25,88.91,107.42,109.48,110.36,112.28,109.95,108.56,106.96
WFC,Wells Fargo,Financials,Diversified Banks,89.74,91.11,57.46,88.2,86.53,85.67,84.36,82.25,81.36,77.32
WELL,Welltower,Real Estate,Health Care REITs,204.32,209.05,120.99,203.44,203.85,198.9,184.93,174.98,170.35,161.72
WST,West Pharmaceutical Services,Health Care,Health Care Supplies,280.5,347.77,186.94,278.75,277.4,271.87,273.23,259.6,252.03,238.73
WDC,Western Digital,Information Technology,"Technology Hardware, Storage & Peripherals",167.91,178.31,28.72,161.53,157.36,158.51,140.87,112.02,102.03,80.32
WY,Weyerhaeuser,Real Estate,Timber REITs,21.75,31.65,20.96,21.81,21.81,21.87,22.95,24.04,24.4,25.28
WSM,"Williams-Sonoma, Inc.",Consumer Discretionary,Homefurnishing Retail,179.23,217.31,128.49,178.95,178.71,182.0,188.1,191.35,185.63,176.96
WMB,Williams Companies,Energy,Oil & Gas Storage & Transportation,63.18,65.55,50.57,62.01,60.96,60.41,60.9,59.48,59.38,58.56
WTW,Willis Towers Watson,Financials,Insurance Brokers,321.08,352.79,291.3,318.82,318.95,319.81,327.74,326.64,321.66,320.31
WDAY,"Workday, Inc.",Information Technology,Application Software,218.88,294.0,205.33,215.35,219.32,222.24,231.11,230.49,232.04,237.49
WYNN,Wynn Resorts,Consumer Discretionary,Casinos & Gaming,125.82,134.72,64.8,129.79,127.74,124.98,123.55,119.62,115.18,103.57
XEL,Xcel Energy,Utilities,Multi-Utilities,77.77,83.01,61.07,79.41,79.81,80.23,80.49,76.31,74.5,72.28
XYL,Xylem Inc.,Industrials,Industrial Machinery & Supplies & Components,138.85,153.83,99.59,139.89,140.42,142.51,145.53,142.44,139.58,132.35
YUM,Yum! Brands,Consumer Discretionary,Restaurants,145.1,160.96,119.81,147.41,149.85,149.1,146.78,146.04,145.77,146.63
ZBRA,Zebra Technologies,Information Technology,Electronic Equipment & Instruments,263.53,427.76,205.73,258.12,252.65,248.13,273.12,296.66,298.94,289.8
ZBH,Zimmer Biomet,Health Care,Health Care Equipment,94.15,113.87,85.33,93.86,94.72,91.98,96.3,98.16,97.04,98.6
ZTS,Zoetis,Health Care,Pharmaceuticals,118.72,179.47,115.25,122.68,124.21,121.77,133.83,141.81,144.99,150.31
