Symbol,Company,GICS_Sector,GICS_Sub_Industry,Current_Price,High_52_Week,Low_52_Week,SMA5,SMA10,SMA20,SMA50,SMA200,Score,Target_Pcnt,Target_Price,Stop_Loss
MMM,3M,Industrials,Industrial Conglomerates,167.78,173.09,123.2,170.44,170.42,168.67,162.62,151.01,0.2,3.53,173.7,163.63
AOS,A. O. Smith,Industrials,Building Products,68.13,73.9,58.72,66.93,66.15,65.53,67.6,67.41,0.0,0.19,68.26,62.79
ABT,Abbott Laboratories,Health Care,Health Care Equipment,125.02,138.33,109.61,126.01,127.08,127.44,128.48,130.01,0.0,4.86,131.1,123.8
ABBV,AbbVie,Health Care,Biotechnology,226.43,242.63,165.03,226.97,228.78,228.95,227.68,202.33,0.0,5.21,238.23,219.66
ACN,Accenture,Information Technology,IT Consulting & Other Services,267.85,394.31,232.56,265.7,257.1,250.32,247.77,279.8,0.1,0.78,269.94,230.71
ADBE,Adobe Inc.,Information Technology,Application Software,347.74,552.96,312.4,329.78,324.9,325.99,337.37,369.62,0.4,-1.76,341.62,310.36
AMD,Advanced Micro Devices,Information Technology,Semiconductors,217.72,264.33,78.21,217.26,214.3,225.61,224.52,153.1,0.0,17.78,256.43,194.77
AES,AES Corporation,Utilities,Independent Power Producers & Energy Traders,13.98,15.18,9.38,13.91,13.9,13.9,14.02,12.14,0.0,2.07,14.27,13.53
AFL,Aflac,Financials,Life & Health Insurance,109.42,114.41,97.05,109.22,109.99,111.23,109.92,105.6,0.2,4.91,114.79,107.67
A,Agilent Technologies,Health Care,Life Sciences Tools & Services,144.92,157.2,98.88,148.28,151.13,148.85,144.16,123.59,-0.2,7.8,156.22,141.47
APD,Air Products,Materials,Industrial Gases,261.58,331.69,237.56,260.24,259.41,258.4,257.89,276.16,-0.1,1.44,265.35,251.46
ABNB,Airbnb,Consumer Discretionary,"Hotels, Resorts & Cruise Lines",124.74,161.42,105.69,120.6,118.39,118.57,121.68,127.05,0.2,0.34,125.16,111.99
AKAM,Akamai Technologies,Information Technology,Internet Services & Infrastructure,83.07,102.1,68.21,86.44,87.92,87.79,80.07,78.57,-0.4,10.32,91.64,83.95
ALB,Albemarle Corporation,Materials,Specialty Chemicals,126.52,129.99,50.16,125.72,124.35,118.47,103.24,77.36,0.0,7.89,136.5,100.44
ARE,Alexandria Real Estate Equities,Real Estate,Office REITs,45.85,100.39,45.85,49.56,50.98,51.64,64.14,74.99,0.0,24.08,56.89,46.39
ALGN,Align Technology,Health Care,Health Care Supplies,157.57,239.52,124.88,153.41,149.52,143.12,136.59,160.36,-0.1,0.8,158.83,127.4
ALLE,Allegion,Industrials,Building Products,159.45,179.47,118.08,162.73,163.66,163.69,169.3,151.97,0.0,6.22,169.37,158.01
LNT,Alliant Energy,Utilities,Electric Utilities,65.86,69.47,54.87,66.42,67.59,67.6,67.36,63.27,0.2,5.59,69.54,65.66
ALL,Allstate,Financials,Property & Casualty Insurance,202.99,213.64,177.51,207.38,209.81,208.87,203.6,199.57,-0.2,6.2,215.58,202.15
GOOGL,Alphabet Inc. (Class A),Communication Services,Interactive Media & Services,320.25,323.44,144.4,317.64,317.0,301.18,274.67,205.17,0.2,4.58,334.92,267.42
GOOG,Alphabet Inc. (Class C),Communication Services,Interactive Media & Services,321.05,323.64,146.27,318.24,317.34,301.62,275.25,206.29,0.0,4.4,335.18,268.06
MO,Altria,Consumer Staples,Tobacco,58.04,66.65,48.28,58.55,58.43,58.31,61.37,59.41,0.0,2.03,59.22,57.4
AMZN,Amazon,Consumer Discretionary,Broadline Retail,229.26,254.0,167.32,231.81,229.81,232.59,228.38,214.8,0.0,8.99,249.87,215.3
AMCR,Amcor,Materials,Paper & Plastic Packaging Products & Materials,8.31,10.2,7.82,8.4,8.46,8.45,8.23,8.96,-0.3,3.61,8.61,8.3
AEE,Ameren,Utilities,Multi-Utilities,100.39,106.35,85.0,101.44,103.38,104.01,103.81,99.05,-0.2,7.01,107.43,100.59
AEP,American Electric Power,Utilities,Electric Utilities,117.94,123.77,87.28,118.76,120.47,121.29,118.09,107.99,-0.2,5.87,124.86,117.73
AXP,American Express,Financials,Consumer Finance,371.43,372.77,230.22,366.34,363.24,360.2,350.11,307.79,0.0,2.49,380.68,339.74
AIG,American International Group,Financials,Multi-line Insurance,77.13,86.75,68.89,77.01,76.33,76.62,78.42,80.36,0.0,1.61,78.37,74.87
AMT,American Tower,Real Estate,Telecom Tower REITs,179.15,230.32,169.21,177.25,178.76,179.99,184.16,202.61,-0.2,3.06,184.63,175.34
AWK,American Water Works,Utilities,Water Utilities,130.07,149.23,118.11,130.34,130.63,130.17,134.13,138.71,0.2,2.31,133.07,127.27
AMP,Ameriprise Financial,Financials,Asset Management & Custody Banks,477.51,567.86,418.0,466.69,458.91,456.81,468.87,492.17,-0.2,0.0,477.51,436.08
AME,Ametek,Industrials,Electrical Components & Equipment,199.59,202.11,150.9,198.19,197.26,195.57,190.99,181.14,0.2,0.93,201.45,189.71
AMGN,Amgen,Health Care,Biotechnology,329.88,345.46,250.44,338.26,339.43,336.3,310.27,292.51,0.2,6.15,350.17,322.45
APH,Amphenol,Information Technology,Electronic Components,138.98,143.85,58.9,139.56,138.47,137.69,132.71,100.45,0.0,4.6,145.37,130.01
ADI,Analog Devices,Information Technology,Semiconductors,282.21,282.21,163.21,275.44,262.42,247.47,242.22,226.74,0.0,1.16,285.48,209.45
AON,Aon plc,Financials,Insurance Brokers,344.48,407.61,326.07,346.7,348.22,348.16,348.61,362.96,-0.2,2.79,354.09,342.23
APA,APA Corporation,Energy,Oil & Gas Exploration & Production,27.37,27.37,13.47,26.35,25.38,24.84,23.87,20.13,0.4,-1.64,26.92,22.75
APO,Apollo Global Management,Financials,Asset Management & Custody Banks,138.23,176.13,107.48,134.59,132.58,130.72,127.95,134.5,0.1,-0.44,137.62,123.83
AAPL,Apple Inc.,Information Technology,"Technology Hardware, Storage & Peripherals",278.89,286.19,171.83,282.61,279.38,274.76,265.44,227.74,0.2,2.71,286.45,263.08
AMAT,Applied Materials,Information Technology,Semiconductor Materials & Equipment,268.23,269.44,125.98,265.27,252.6,240.25,230.0,181.82,0.0,2.04,273.7,206.78
APP,AppLovin,Information Technology,Application Software,688.72,718.54,219.37,662.26,613.32,590.71,610.46,431.89,0.0,1.38,698.22,483.18
APTV,Aptiv,Consumer Discretionary,Automotive Parts & Equipment,76.92,87.98,47.92,77.17,76.56,77.57,81.64,71.09,-0.2,9.59,84.3,70.84
ACGL,Arch Capital Group,Financials,Property & Casualty Insurance,91.92,98.49,84.72,92.58,92.92,92.15,90.2,90.96,0.1,2.85,94.54,89.76
ADM,Archer Daniels Midland,Consumer Staples,Agricultural Products & Services,59.1,63.67,40.67,59.82,59.74,58.76,59.87,53.54,0.0,4.23,61.6,55.91
ANET,Arista Networks,Information Technology,Communications Equipment,128.04,162.03,64.37,127.94,126.27,128.06,140.76,112.57,0.0,7.9,138.16,117.98
AJG,Arthur J. Gallagher & Co.,Financials,Insurance Brokers,240.58,347.33,240.58,244.33,246.77,250.44,271.09,305.99,0.0,8.41,260.81,240.07
AIZ,Assurant,Financials,Multi-line Insurance,222.3,227.71,177.67,223.14,224.9,224.99,218.18,203.84,0.2,2.78,228.48,221.5
T,AT&T,Communication Services,Integrated Telecommunication Services,25.38,29.3,20.9,25.48,25.66,25.52,25.72,26.87,0.2,3.03,26.15,24.88
ATO,Atmos Energy,Utilities,Gas Utilities,172.04,178.17,133.41,171.19,173.01,174.19,173.55,159.45,0.2,3.76,178.51,169.87
ADSK,Autodesk,Information Technology,Application Software,306.67,326.79,238.84,307.03,301.49,298.67,305.02,292.93,0.0,1.66,311.76,285.58
ADP,Automatic Data Processing,Industrials,Human Resource & Employment Services,262.64,323.5,249.06,259.06,256.44,254.51,269.74,293.73,0.4,-0.45,261.46,247.55
AZO,AutoZone,Consumer Discretionary,Automotive Retail,3823.72,4354.54,3185.71,3852.18,3888.06,3844.48,3916.8,3824.77,0.0,4.16,3982.79,3706.24
AVB,AvalonBay Communities,Real Estate,Multi-Family Residential REITs,179.3,222.25,173.92,180.2,180.75,179.11,182.67,195.29,0.0,1.94,182.78,175.45
AVY,Avery Dennison,Materials,Paper & Plastic Packaging Products & Materials,178.99,200.08,156.63,174.48,172.09,171.54,168.59,171.89,0.1,-0.5,178.1,164.99
AXON,Axon Enterprise,Industrials,Aerospace & Defense,552.8,870.97,496.65,543.58,536.67,546.75,642.86,676.47,-0.2,6.59,589.23,504.27
BKR,Baker Hughes,Energy,Oil & Gas Equipment & Services,49.11,50.61,34.43,49.97,49.73,48.96,47.93,42.6,0.2,3.5,50.83,47.09
BALL,Ball Corporation,Materials,"Metal, Glass & Plastic Containers",49.13,60.13,44.42,48.84,49.04,48.19,48.39,51.47,-0.2,2.24,50.23,46.14
BAC,Bank of America,Financials,Diversified Banks,53.96,54.16,34.0,53.73,53.12,52.86,52.08,46.35,0.0,1.5,54.77,50.95
BAX,Baxter International,Health Care,Health Care Equipment,18.62,36.1,17.41,18.78,18.67,18.37,20.49,26.76,-0.2,3.6,19.29,17.46
BDX,Becton Dickinson,Health Care,Health Care Equipment,194.34,245.13,163.27,192.79,193.11,191.09,188.11,190.04,-0.1,2.6,199.39,182.79
BRK-B,Berkshire Hathaway,Financials,Multi-Sector Holdings,504.65,539.8,442.66,505.34,507.21,504.99,497.08,498.18,-0.1,1.93,514.39,495.59
BBY,Best Buy,Consumer Discretionary,Computer & Electronics Retail,74.0,87.59,54.69,74.91,76.66,76.41,77.97,71.79,0.0,9.01,80.67,72.15
TECH,Bio-Techne,Health Care,Life Sciences Tools & Services,61.89,78.3,46.53,63.19,63.6,61.22,60.9,55.32,0.2,7.58,66.58,55.86
BIIB,Biogen,Health Care,Biotechnology,181.74,182.09,113.38,180.48,180.05,171.76,157.91,138.46,0.0,4.52,189.95,153.56
BLK,BlackRock,Financials,Asset Management & Custody Banks,1070.46,1202.59,807.61,1060.89,1045.58,1048.9,1102.42,1032.11,0.2,3.4,1106.86,990.92
BX,Blackstone Inc.,Financials,Asset Management & Custody Banks,152.17,187.02,117.47,149.63,146.7,143.98,151.9,151.12,0.2,0.38,152.75,135.21
XYZ,"Block, Inc.",Financials,Transaction & Payment Processing Services,61.08,98.92,46.53,61.77,62.82,62.77,70.82,66.7,0.0,11.1,67.86,57.68
BK,BNY Mellon,Financials,Asset Management & Custody Banks,114.57,114.57,72.12,113.1,111.26,110.34,108.38,95.16,0.2,0.61,115.27,105.42
BA,Boeing,Industrials,Aerospace & Defense,202.41,237.38,136.59,199.73,191.58,191.58,204.89,201.43,0.2,2.37,207.21,175.95
BKNG,Booking Holdings,Consumer Discretionary,"Hotels, Resorts & Cruise Lines",5168.49,5805.92,4149.83,5053.96,4964.59,4937.75,5089.54,5189.86,0.0,1.52,5247.05,4628.34
BSX,Boston Scientific,Health Care,Health Care Equipment,97.2,108.14,88.03,98.7,99.23,100.11,99.21,101.43,0.1,7.95,104.93,95.29
BMY,Bristol Myers Squibb,Health Care,Pharmaceuticals,51.95,60.79,42.6,49.91,48.78,48.06,45.85,48.17,0.1,-1.27,51.29,44.82
AVGO,Broadcom,Information Technology,Semiconductors,389.44,402.96,145.7,383.75,382.24,365.21,355.52,274.67,0.0,4.51,407.0,323.43
BR,Broadridge Financial Solutions,Industrials,Data Processing & Outsourced Services,232.62,265.85,215.58,229.62,228.66,226.64,228.83,237.78,0.0,-0.25,232.04,221.25
BRO,Brown & Brown,Financials,Insurance Brokers,78.42,123.81,76.42,79.75,79.97,79.84,85.05,101.6,0.0,3.79,81.39,78.29
BF-B,Brown–Forman,Consumer Staples,Distillers & Vintners,30.44,44.22,25.45,29.97,29.33,28.44,27.94,30.17,0.1,0.33,30.54,26.35
BLDR,Builders FirstSource,Industrials,Building Products,110.0,177.12,94.85,112.15,109.58,106.08,115.32,123.05,0.2,7.06,117.77,94.39
BG,Bunge Global,Consumer Staples,Agricultural Products & Services,94.18,97.09,66.74,95.27,95.35,95.04,91.54,80.67,0.0,3.37,97.35,92.73
BXP,"BXP, Inc.",Real Estate,Office REITs,69.39,78.83,55.53,70.96,71.3,70.94,71.8,68.24,0.0,5.88,73.47,68.41
CHRW,C.H. Robinson,Industrials,Air Freight & Logistics,156.78,160.32,85.99,158.86,157.63,154.5,142.3,113.06,0.0,3.33,162.0,146.99
CDNS,Cadence Design Systems,Information Technology,Application Software,338.02,373.37,231.64,327.8,316.59,315.41,329.34,311.24,0.2,0.23,338.8,292.03
CPT,Camden Property Trust,Real Estate,Multi-Family Residential REITs,104.5,122.09,97.58,105.33,105.5,104.01,103.22,110.06,0.3,2.68,107.3,100.71
CPB,Campbell's Company (The),Consumer Staples,Packaged Foods & Meats,29.58,41.67,29.36,29.85,30.27,30.63,30.68,33.23,0.0,7.64,31.84,29.42
COF,Capital One,Financials,Consumer Finance,232.02,232.02,149.12,226.67,220.1,215.54,215.43,201.76,0.0,0.9,234.11,196.97
CAH,Cardinal Health,Health Care,Health Care Distributors,198.91,213.73,114.18,202.19,207.08,206.45,181.39,155.35,0.2,7.96,214.74,198.16
CCL,Carnival,Consumer Discretionary,"Hotels, Resorts & Cruise Lines",25.88,32.49,16.43,25.9,25.78,26.0,27.56,25.62,-0.2,4.87,27.14,24.85
CARR,Carrier Global,Industrials,Building Products,54.12,80.42,50.36,54.26,53.87,54.12,56.5,64.55,-0.2,7.02,57.92,50.33
CAT,Caterpillar Inc.,Industrials,Construction Machinery & Heavy Transportation Equipment,601.96,601.96,270.85,588.62,576.93,567.5,539.77,411.79,0.4,-0.36,599.79,535.2
CBOE,Cboe Global Markets,Financials,Financial Exchanges & Data,253.32,260.88,189.73,254.35,255.25,256.66,247.43,232.8,-0.2,3.21,261.45,251.88
CBRE,CBRE Group,Real Estate,Real Estate Services,161.46,165.9,113.94,160.78,160.5,156.47,156.04,143.26,0.0,2.4,165.34,147.61
CDW,CDW Corporation,Information Technology,Technology Distributors,146.2,203.07,136.03,144.32,143.43,142.6,149.4,163.88,-0.2,1.25,148.03,137.18
COR,Cencora,Health Care,Health Care Distributors,340.05,374.75,222.96,344.76,357.39,360.08,338.47,297.67,-0.2,12.13,381.3,338.86
CNC,Centene Corporation,Health Care,Managed Health Care,38.31,65.89,25.21,38.53,38.58,37.32,36.52,44.42,-0.1,5.59,40.45,34.19
CNP,CenterPoint Energy,Utilities,Multi-Utilities,38.62,40.0,30.14,38.61,39.16,39.33,39.13,37.14,0.2,4.35,40.3,38.35
CF,CF Industries,Materials,Fertilizers & Agricultural Chemicals,78.11,101.28,67.27,79.28,78.74,80.3,83.83,84.16,0.0,8.67,84.88,75.71
CRL,Charles River Laboratories,Health Care,Life Sciences Tools & Services,183.79,201.75,99.75,180.67,177.66,172.23,174.15,155.93,-0.2,1.58,186.69,157.77
SCHW,Charles Schwab Corporation,Financials,Investment Banking & Brokerage,94.55,98.41,68.45,93.67,92.46,93.25,93.62,88.37,0.0,2.79,97.19,89.31
CHTR,Charter Communications,Communication Services,Cable & Satellite,205.13,427.25,194.22,199.95,200.25,202.72,233.68,318.92,-0.2,4.84,215.06,190.39
CVX,Chevron Corporation,Energy,Integrated Oil & Gas,150.59,162.83,129.22,151.44,150.61,151.9,152.18,147.66,0.2,3.37,155.66,148.14
CMG,Chipotle Mexican Grill,Consumer Discretionary,Restaurants,33.76,66.16,29.81,34.05,33.5,32.14,36.31,45.51,0.2,4.71,35.35,28.93
CB,Chubb Limited,Financials,Property & Casualty Insurance,295.0,301.45,256.04,294.61,295.9,294.82,285.94,283.07,0.0,1.76,300.19,289.43
CHD,Church & Dwight,Consumer Staples,Household Products,84.57,112.09,81.52,84.11,84.12,84.15,85.62,94.87,0.0,1.76,86.06,82.23
CI,Cigna,Health Care,Health Care Services,265.3,334.83,243.04,269.43,272.28,269.76,281.8,300.39,0.2,5.25,279.23,260.3
CINF,Cincinnati Financial,Financials,Property & Casualty Insurance,162.66,168.48,125.14,163.66,165.55,164.93,160.59,149.1,0.0,4.04,169.23,160.62
CTAS,Cintas,Industrials,Diversified Support Services,186.8,226.65,180.61,185.03,184.74,184.78,188.98,205.5,-0.2,0.3,187.36,182.19
CSCO,Cisco,Information Technology,Communications Equipment,77.85,78.39,52.55,77.25,76.79,76.06,72.45,65.82,0.0,3.16,80.31,71.8
C,Citigroup,Financials,Diversified Banks,109.12,109.12,56.95,105.9,103.52,101.8,99.83,85.25,0.0,-1.09,107.93,95.67
CFG,Citizens Financial Group,Financials,Regional Banks,55.74,55.88,33.29,55.31,54.39,52.91,51.86,45.4,0.2,1.36,56.5,49.32
CLX,Clorox,Consumer Staples,Household Products,105.19,163.6,98.43,105.55,105.99,104.47,111.82,125.21,-0.2,4.2,109.61,99.33
CME,CME Group,Financials,Financial Exchanges & Data,270.86,288.01,222.62,274.97,276.29,277.49,271.35,268.61,0.0,5.12,284.73,270.26
CMS,CMS Energy,Utilities,Multi-Utilities,71.47,75.44,63.06,72.23,73.5,73.76,73.3,71.31,0.0,6.31,75.98,71.54
KO,Coca-Cola Company (The),Consumer Staples,Soft Drinks & Non-alcoholic Beverages,70.07,72.61,59.07,70.79,71.56,71.06,68.9,68.87,-0.2,3.82,72.75,69.38
CTSH,Cognizant,Information Technology,IT Consulting & Other Services,80.99,89.26,65.18,79.11,77.77,75.13,71.04,74.03,-0.1,0.11,81.08,69.18
COIN,Coinbase,Financials,Financial Exchanges & Data,270.61,419.78,151.47,268.94,263.3,272.82,316.05,281.99,-0.2,16.67,315.72,229.92
CL,Colgate-Palmolive,Consumer Staples,Household Products,77.96,95.74,74.98,78.5,79.29,79.02,78.24,85.52,-0.1,3.53,80.71,77.34
CMCSA,Comcast,Communication Services,Cable & Satellite,27.42,41.58,26.46,27.13,26.94,27.14,28.56,32.54,0.2,2.08,27.99,26.28
CAG,Conagra Brands,Consumer Staples,Packaged Foods & Meats,17.07,26.38,16.7,17.21,17.48,17.38,17.71,20.42,-0.2,4.98,17.92,16.84
COP,ConocoPhillips,Energy,Oil & Gas Exploration & Production,94.19,103.38,80.54,91.73,89.6,89.03,89.17,90.87,0.2,-1.06,93.19,84.86
ED,Consolidated Edison,Utilities,Multi-Utilities,96.87,110.5,85.06,96.86,98.27,99.17,98.97,100.88,0.1,6.18,102.86,95.47
STZ,Constellation Brands,Consumer Staples,Distillers & Vintners,141.78,238.26,127.65,138.72,136.28,133.06,135.04,160.77,0.2,-0.63,140.89,125.24
CEG,Constellation Energy,Utilities,Electric Utilities,361.17,403.49,170.33,362.75,358.1,352.96,362.76,301.12,-0.2,3.26,372.94,332.95
COO,Cooper Companies (The),Health Care,Health Care Supplies,82.04,104.98,64.32,77.66,77.39,74.48,72.1,74.88,0.1,-1.38,80.91,68.05
CPRT,Copart,Industrials,Diversified Support Services,38.76,63.84,38.75,38.9,39.1,40.16,42.49,49.74,0.0,9.57,42.47,37.85
GLW,Corning Inc.,Information Technology,Electronic Components,85.67,89.98,38.56,84.26,83.41,83.45,84.57,61.42,-0.2,3.82,88.94,77.95
CPAY,Corpay,Financials,Transaction & Payment Processing Services,310.95,389.55,255.0,299.89,295.64,287.72,284.07,317.07,0.3,-1.14,307.41,268.02
CTVA,Corteva,Materials,Fertilizers & Agricultural Chemicals,66.17,76.73,55.1,65.98,66.04,65.51,64.07,66.84,-0.1,1.8,67.36,63.66
CSGP,CoStar Group,Real Estate,Real Estate Services,67.97,96.83,65.52,68.28,68.2,67.81,73.12,79.98,-0.2,2.56,69.71,65.91
COST,Costco,Consumer Staples,Consumer Staples Merchandise Retail,895.58,1072.45,886.12,909.54,904.9,907.74,919.21,959.07,0.2,4.12,932.48,882.99
CTRA,Coterra,Energy,Oil & Gas Exploration & Production,27.5,28.82,22.01,27.07,26.64,26.34,24.67,24.74,0.3,-0.18,27.45,25.23
CRWD,CrowdStrike,Information Technology,Systems Software,510.0,557.53,308.86,513.59,508.85,521.06,514.56,450.64,0.2,9.33,557.58,484.55
CCI,Crown Castle,Real Estate,Telecom Tower REITs,89.36,112.64,81.15,88.62,89.33,90.38,93.29,97.64,0.0,4.73,93.59,87.18
CSX,CSX Corporation,Industrials,Rail Transportation,36.41,36.53,26.38,35.67,35.21,34.85,35.32,32.47,0.0,-0.11,36.37,33.33
CMI,Cummins,Industrials,Construction Machinery & Heavy Transportation Equipment,511.01,511.01,263.13,505.44,497.54,482.89,447.71,367.14,0.0,1.39,518.11,447.68
CVS,CVS Health,Health Care,Health Care Services,75.18,82.45,41.98,76.73,77.83,78.05,78.4,68.71,0.0,7.87,81.1,75.0
DHR,Danaher Corporation,Health Care,Life Sciences Tools & Services,226.5,249.37,174.06,226.56,227.32,223.12,215.31,202.57,0.0,3.38,234.16,212.09
DRI,Darden Restaurants,Consumer Discretionary,Restaurants,178.06,222.41,155.17,176.04,176.71,174.87,181.29,196.91,-0.2,1.7,181.09,168.64
DDOG,Datadog,Information Technology,Application Software,150.75,199.72,87.0,154.79,156.73,170.53,162.35,131.44,0.0,34.41,202.62,138.44
DVA,DaVita,Health Care,Health Care Services,117.82,177.35,115.2,118.35,119.27,119.57,123.9,136.66,0.2,5.69,124.52,114.62
DAY,Dayforce,Industrials,Human Resource & Employment Services,69.06,80.71,49.33,69.1,69.05,68.94,68.72,61.66,0.0,0.36,69.31,68.57
DECK,Deckers Brands,Consumer Discretionary,Footwear,99.23,223.11,79.54,94.85,90.32,86.34,91.48,107.58,0.2,-2.02,97.23,75.45
DE,Deere & Company,Industrials,Agricultural & Farm Machinery,476.31,527.96,404.45,475.68,478.54,476.84,467.66,481.88,-0.1,3.37,492.36,461.35
DELL,Dell Technologies,Information Technology,"Technology Hardware, Storage & Peripherals",138.49,164.88,70.63,135.83,132.14,132.0,143.8,119.83,0.0,6.82,147.94,116.05
DAL,Delta Air Lines,Industrials,Passenger Airlines,67.33,68.24,35.54,66.27,64.11,61.04,59.54,53.22,0.0,1.96,68.65,53.43
DVN,Devon Energy,Energy,Oil & Gas Exploration & Production,37.87,37.87,26.43,37.68,36.92,35.98,34.39,33.37,0.2,1.43,38.41,33.54
DXCM,Dexcom,Health Care,Health Care Equipment,65.65,90.75,54.84,64.74,63.38,60.8,64.06,75.05,0.0,2.07,67.01,54.59
FANG,Diamondback Energy,Energy,Oil & Gas Exploration & Production,160.23,175.21,116.78,158.05,153.33,149.82,145.26,141.56,0.0,0.1,160.39,139.25
DLR,Digital Realty,Real Estate,Data Center REITs,165.39,187.2,134.22,159.8,159.16,160.68,167.84,163.97,0.2,2.24,169.09,152.28
DG,Dollar General,Consumer Staples,Consumer Staples Merchandise Retail,132.73,132.73,67.25,117.46,111.32,106.8,103.45,100.17,0.2,-7.13,123.27,90.34
DLTR,Dollar Tree,Consumer Staples,Consumer Staples Merchandise Retail,122.99,122.99,61.92,114.13,109.89,106.74,100.26,94.02,0.2,-3.86,118.24,95.23
D,Dominion Energy,Utilities,Multi-Utilities,58.94,62.77,48.51,59.99,60.99,61.02,60.73,57.07,0.0,6.48,62.76,59.27
DPZ,Domino's,Consumer Discretionary,Restaurants,415.86,493.69,397.21,424.62,418.6,412.02,414.4,448.13,0.0,3.58,430.75,393.3
DASH,DoorDash,Consumer Discretionary,Specialized Consumer Services,225.35,281.74,163.16,218.32,205.91,203.98,238.62,223.74,0.2,0.28,225.98,181.97
DOV,Dover Corporation,Industrials,Industrial Machinery & Supplies & Components,190.76,204.14,149.86,188.81,186.61,183.68,175.64,176.97,-0.1,0.28,191.29,176.06
DOW,Dow Inc.,Materials,Commodity Chemicals,23.07,39.87,20.27,23.48,23.17,22.46,22.56,26.41,-0.2,5.77,24.4,20.52
DHI,D. R. Horton,Consumer Discretionary,Homebuilding,158.98,183.47,114.08,160.11,156.36,149.05,153.7,141.18,0.0,4.65,166.37,131.73
DTE,DTE Energy,Utilities,Multi-Utilities,131.94,143.32,114.72,132.42,134.38,136.0,138.32,134.81,-0.2,6.79,140.9,131.1
DUK,Duke Energy,Utilities,Electric Utilities,117.29,127.92,102.07,118.86,120.85,121.87,123.41,118.64,-0.4,7.29,125.84,117.9
DD,DuPont,Materials,Specialty Chemicals,40.53,40.58,22.69,39.89,39.37,39.28,35.89,31.25,0.0,1.7,41.22,37.33
ETN,Eaton Corporation,Industrials,Electrical Components & Equipment,337.52,391.62,244.95,336.97,337.12,346.16,364.08,335.42,-0.2,11.36,375.86,316.47
EBAY,eBay Inc.,Consumer Discretionary,Broadline Retail,82.31,100.1,58.89,82.42,82.07,82.77,87.29,79.28,-0.2,5.2,86.59,78.95
ECL,Ecolab,Materials,Specialty Chemicals,260.33,284.78,224.56,266.57,269.23,264.25,268.12,262.89,-0.2,6.36,276.89,251.63
EIX,Edison International,Utilities,Electric Utilities,58.26,80.22,46.84,57.68,58.26,58.16,56.56,54.0,0.0,2.15,59.51,56.81
EW,Edwards Lifesciences,Health Care,Health Care Equipment,86.33,86.82,67.07,85.21,85.61,85.28,80.73,76.72,0.0,1.15,87.32,83.24
EA,Electronic Arts,Communication Services,Interactive Home Entertainment,203.91,203.91,115.97,203.21,202.24,201.71,200.75,164.4,0.0,-0.11,203.69,199.73
ELV,Elevance Health,Health Care,Managed Health Care,330.68,448.26,273.17,331.1,331.99,326.21,333.92,356.59,-0.2,3.94,343.71,308.72
EME,Emcor,Industrials,Construction & Engineering,625.55,777.0,341.52,617.41,610.29,617.33,656.12,537.72,-0.2,4.85,655.89,578.75
EMR,Emerson Electric,Industrials,Electrical Components & Equipment,137.67,148.4,92.96,134.6,132.55,130.29,131.24,124.72,0.0,-0.43,137.08,123.5
ETR,Entergy,Utilities,Electric Utilities,94.49,97.52,71.18,94.15,94.93,95.06,95.04,86.59,0.2,3.09,97.41,92.71
EOG,EOG Resources,Energy,Oil & Gas Exploration & Production,112.78,133.44,101.83,111.04,108.83,108.51,108.12,114.39,0.1,0.01,112.79,104.23
EPAM,EPAM Systems,Information Technology,IT Consulting & Other Services,204.07,267.63,142.2,197.8,191.07,185.21,166.44,169.31,0.1,-1.25,201.52,168.9
EQT,EQT Corporation,Energy,Oil & Gas Exploration & Production,60.73,61.17,42.04,60.22,59.23,59.2,56.39,53.49,0.2,2.24,62.09,56.3
EFX,Equifax,Industrials,Research & Consulting Services,211.88,278.79,203.71,210.1,211.33,209.12,220.97,242.53,-0.2,1.55,215.16,203.07
EQIX,Equinix,Real Estate,Data Center REITs,743.74,962.92,726.09,732.64,743.04,766.25,790.18,807.23,-0.2,11.06,826.0,706.49
EQR,Equity Residential,Real Estate,Multi-Family Residential REITs,61.59,72.76,58.7,61.73,61.42,60.43,61.39,65.33,-0.2,1.66,62.61,58.24
ERIE,Erie Indemnity,Financials,Insurance Brokers,297.61,445.35,277.63,296.66,295.69,290.71,304.19,351.5,0.0,1.66,302.55,278.87
ESS,Essex Property Trust,Real Estate,Multi-Family Residential REITs,256.58,305.43,247.18,258.98,260.33,258.25,259.17,271.61,0.0,3.25,264.92,251.56
EL,Estée Lauder Companies (The),Consumer Staples,Personal Care Products,105.12,105.12,49.43,101.06,96.69,92.43,93.23,79.27,0.0,-1.04,104.03,80.84
EG,Everest Group,Financials,Reinsurance,311.61,374.47,304.91,312.73,312.53,317.07,331.61,339.83,0.0,6.14,330.74,303.42
EVRG,Evergy,Utilities,Electric Utilities,74.09,78.01,57.62,74.45,75.64,75.7,76.18,69.55,-0.2,4.97,77.77,73.63
ES,Eversource Energy,Utilities,Electric Utilities,66.52,74.88,52.98,66.48,66.25,68.97,71.19,64.34,-0.2,15.12,76.58,61.35
EXC,Exelon,Utilities,Electric Utilities,43.99,47.82,34.95,44.62,45.46,45.63,46.0,43.99,-0.2,7.34,47.22,44.04
EXE,Expand Energy,Energy,Oil & Gas Exploration & Production,123.65,123.65,91.44,121.59,119.62,118.02,110.08,105.11,0.2,0.35,124.08,111.97
EXPE,Expedia Group,Consumer Discretionary,"Hotels, Resorts & Cruise Lines",263.12,273.19,135.82,261.31,257.46,256.37,233.36,193.19,0.2,5.25,276.93,235.8
EXPD,Expeditors International,Industrials,Air Freight & Logistics,151.55,151.55,101.6,148.61,146.86,142.79,129.61,118.57,0.0,0.24,151.91,133.65
EXR,Extra Space Storage,Real Estate,Self-Storage REITs,129.89,157.5,123.86,131.54,131.83,131.63,138.52,142.03,0.0,3.5,134.44,128.82
XOM,ExxonMobil,Energy,Integrated Oil & Gas,116.81,119.29,97.25,116.75,116.2,116.97,114.39,109.14,0.0,2.27,119.46,114.48
FFIV,"F5, Inc.",Information Technology,Communications Equipment,243.33,343.17,223.99,240.04,237.47,237.03,277.18,287.34,-0.2,2.55,249.53,224.52
FDS,FactSet,Financials,Financial Exchanges & Data,290.36,485.96,252.61,280.77,278.16,273.99,277.12,380.55,0.0,-1.41,286.27,261.69
FICO,Fair Isaac,Information Technology,Application Software,1809.95,2375.83,1311.26,1778.31,1784.11,1766.68,1695.2,1711.09,-0.3,0.68,1822.26,1711.06
FAST,Fastenal,Industrials,Trading Companies & Distributors,41.56,50.13,34.82,41.03,40.54,40.47,42.58,42.43,0.2,0.79,41.89,39.05
FRT,Federal Realty Investment Trust,Real Estate,Retail REITs,97.47,109.5,81.67,97.68,97.92,97.49,97.87,95.25,0.0,1.74,99.17,95.81
FDX,FedEx,Industrials,Air Freight & Logistics,274.71,278.55,195.55,272.58,272.47,268.27,252.77,233.08,0.0,1.65,279.24,257.3
FIS,Fidelity National Information Services,Financials,Transaction & Payment Processing Services,66.76,83.89,61.5,66.2,65.63,65.09,65.67,72.09,-0.2,1.36,67.67,62.5
FITB,Fifth Third Bancorp,Financials,Regional Banks,45.83,45.87,32.73,44.74,43.85,43.05,42.87,40.67,0.2,-0.52,45.59,40.51
FSLR,First Solar,Information Technology,Semiconductors,258.34,277.39,120.38,259.56,261.3,259.9,246.4,183.67,-0.2,6.56,275.29,244.52
FE,FirstEnergy,Utilities,Electric Utilities,45.15,47.72,36.81,45.52,46.38,46.31,46.09,42.01,0.2,5.71,47.73,44.88
FISV,Fiserv,Financials,Transaction & Payment Processing Services,66.35,237.79,59.77,65.06,62.98,62.81,93.22,153.97,-0.2,0.75,66.85,58.77
F,Ford Motor Company,Consumer Discretionary,Automobile Manufacturers,13.06,13.68,8.35,13.08,13.08,13.08,12.59,10.92,-0.2,3.52,13.52,12.65
FTNT,Fortinet,Information Technology,Systems Software,86.74,114.57,74.39,83.89,82.06,81.68,83.57,93.16,0.2,-1.23,85.67,77.7
FTV,Fortive,Industrials,Industrial Machinery & Supplies & Components,53.81,62.25,46.44,53.31,53.16,52.16,50.56,51.55,0.1,1.12,54.41,49.91
FOXA,Fox Corporation (Class A),Communication Services,Broadcasting,68.84,68.84,45.64,67.14,66.1,65.82,62.86,56.87,0.2,-1.15,68.05,63.59
FOX,Fox Corporation (Class B),Communication Services,Broadcasting,61.02,61.02,43.31,59.82,59.03,59.05,56.44,51.95,0.2,-0.31,60.83,57.27
BEN,Franklin Resources,Financials,Asset Management & Custody Banks,23.4,25.67,16.21,22.9,22.56,22.31,22.68,21.91,-0.2,0.51,23.52,21.11
FCX,Freeport-McMoRan,Materials,Copper,45.33,46.89,28.82,44.1,42.74,41.58,41.02,40.31,0.2,-0.49,45.11,38.05
GRMN,Garmin,Consumer Discretionary,Consumer Electronics,203.42,259.77,172.21,199.81,196.67,195.72,223.26,215.91,-0.2,0.81,205.07,186.38
IT,Gartner,Information Technology,IT Consulting & Other Services,230.01,548.38,224.13,230.68,231.72,230.13,240.56,341.55,0.0,2.4,235.53,224.72
GE,GE Aerospace,Industrials,Aerospace & Defense,283.74,314.28,158.97,288.37,291.19,297.37,300.44,252.88,0.0,10.62,313.87,280.88
GEHC,GE HealthCare,Health Care,Health Care Equipment,85.24,93.35,58.67,82.16,80.61,76.84,75.77,74.65,0.0,0.13,85.35,68.34
GEV,GE Vernova,Industrials,Heavy Electrical Equipment,632.28,664.27,269.69,608.37,594.02,583.42,590.9,503.86,0.0,-1.06,625.58,541.26
GEN,Gen Digital,Information Technology,Systems Software,27.08,31.88,23.2,26.77,26.58,26.47,26.72,27.78,0.0,0.7,27.27,25.67
GNRC,Generac,Industrials,Electrical Components & Equipment,163.25,202.85,101.92,158.04,153.0,151.93,166.03,150.84,0.2,1.73,166.07,137.78
GD,General Dynamics,Industrials,Aerospace & Defense,336.25,353.77,238.33,336.84,338.54,341.85,340.74,299.82,0.2,4.51,351.41,332.28
GIS,General Mills,Consumer Staples,Packaged Foods & Meats,45.96,63.77,45.93,46.23,46.79,46.95,47.76,51.58,0.0,5.0,48.26,45.64
GM,General Motors,Consumer Discretionary,Automobile Manufacturers,76.01,76.01,42.24,74.52,73.3,71.63,66.27,54.55,0.0,0.39,76.31,66.96
GPC,Genuine Parts Company,Consumer Discretionary,Distributors,130.12,142.77,103.92,129.76,129.3,127.87,130.68,126.31,-0.2,0.97,131.38,124.36
GILD,Gilead Sciences,Health Care,Biotechnology,121.3,128.07,87.29,123.43,124.95,124.35,120.64,112.06,0.0,6.8,129.55,119.15
GPN,Global Payments,Financials,Transaction & Payment Processing Services,79.02,116.55,67.06,78.73,76.47,75.43,80.75,83.45,0.2,1.97,80.58,70.29
GL,Globe Life,Financials,Life & Health Insurance,131.28,146.27,102.79,131.32,132.73,132.4,134.55,129.18,0.0,3.02,135.24,129.55
GDDY,GoDaddy,Information Technology,Internet Services & Infrastructure,128.47,214.35,124.23,129.01,127.87,128.31,131.15,159.54,0.0,3.95,133.54,123.06
GS,Goldman Sachs,Financials,Investment Banking & Brokerage,854.28,854.28,455.22,830.15,814.01,802.08,786.58,673.15,0.4,-0.34,851.38,752.77
HAL,Halliburton,Energy,Oil & Gas Equipment & Services,28.56,29.72,18.84,27.4,26.54,26.69,25.55,22.72,0.4,-0.46,28.43,24.94
HIG,Hartford (The),Financials,Property & Casualty Insurance,129.84,136.97,104.54,133.07,134.74,133.27,129.85,125.12,-0.2,6.37,138.11,128.43
HAS,Hasbro,Consumer Discretionary,Leisure Products,81.15,82.69,49.29,81.96,81.52,79.23,76.6,69.81,0.2,3.88,84.3,74.16
HCA,HCA Healthcare,Health Care,Health Care Facilities,485.0,515.85,294.93,492.55,499.37,486.2,457.99,387.17,0.2,6.82,518.08,454.33
DOC,Healthpeak Properties,Real Estate,Health Care REITs,17.1,20.42,16.25,17.56,17.81,17.67,18.06,17.77,0.0,7.43,18.37,16.97
HSIC,Henry Schein,Health Care,Health Care Distributors,73.59,81.91,62.03,72.92,73.78,72.89,68.11,69.21,-0.1,2.76,75.62,70.15
HSY,Hershey Company (The),Consumer Staples,Packaged Foods & Meats,182.48,194.06,140.14,182.68,184.83,180.76,181.62,173.04,0.0,5.41,192.35,169.17
HPE,Hewlett Packard Enterprise,Information Technology,"Technology Hardware, Storage & Peripherals",23.41,26.25,12.35,22.49,21.88,22.05,23.34,19.94,-0.2,3.63,24.26,19.84
HLT,Hilton Worldwide,Consumer Discretionary,"Hotels, Resorts & Cruise Lines",271.95,285.77,200.93,277.97,279.42,274.69,266.99,255.56,0.0,5.76,287.61,261.77
HOLX,Hologic,Health Care,Health Care Equipment,74.98,76.87,52.73,74.9,74.83,74.54,72.13,65.29,0.0,0.31,75.21,73.86
HD,Home Depot (The),Consumer Discretionary,Home Improvement Retail,353.79,420.88,329.16,353.47,349.95,352.76,371.82,370.67,-0.2,6.76,377.71,327.82
HON,Honeywell,Industrials,Industrial Conglomerates,190.9,224.06,169.57,191.99,191.19,193.16,194.81,200.31,0.2,4.97,200.39,185.94
HRL,Hormel Foods,Consumer Staples,Packaged Foods & Meats,24.46,32.19,21.29,23.66,23.3,22.82,23.15,27.16,0.0,-1.51,24.09,21.54
HST,Host Hotels & Resorts,Real Estate,Hotel & Resort REITs,17.33,18.18,12.39,17.45,17.51,17.53,16.93,15.71,0.0,5.08,18.21,16.84
HWM,Howmet Aerospace,Industrials,Aerospace & Defense,190.15,209.74,107.4,195.14,198.6,201.12,197.92,169.97,0.0,10.84,210.76,191.49
HPQ,HP Inc.,Information Technology,"Technology Hardware, Storage & Peripherals",25.93,35.03,21.42,25.31,24.76,24.46,26.11,26.27,0.2,2.74,26.64,22.29
HUBB,Hubbell Incorporated,Industrials,Industrial Machinery & Supplies & Components,441.12,471.0,312.92,432.7,429.35,432.08,433.41,399.65,-0.2,4.41,460.57,403.59
HUM,Humana,Health Care,Managed Health Care,258.8,310.91,219.64,250.59,243.89,240.38,262.63,257.44,0.2,0.26,259.47,221.28
HBAN,Huntington Bancshares,Financials,Regional Banks,16.95,17.87,12.26,16.84,16.47,16.04,16.06,15.79,0.0,1.12,17.14,14.94
HII,Huntington Ingalls Industries,Industrials,Aerospace & Defense,303.63,322.77,156.09,308.52,309.52,310.44,299.26,249.11,0.2,5.64,320.75,300.15
IBM,IBM,Information Technology,IT Consulting & Other Services,308.1,314.98,211.92,305.23,304.4,303.16,295.5,264.69,-0.2,3.0,317.34,288.97
IEX,IDEX Corporation,Industrials,Industrial Machinery & Supplies & Components,177.08,226.28,156.86,176.81,174.6,170.12,167.67,172.6,0.1,2.12,180.83,159.4
IDXX,Idexx Laboratories,Health Care,Health Care Equipment,711.93,766.68,361.04,723.41,737.06,716.59,673.42,559.36,0.2,8.05,769.24,663.92
ITW,Illinois Tool Works,Industrials,Industrial Machinery & Supplies & Components,249.98,269.49,215.75,249.05,248.22,245.88,248.83,249.35,-0.2,0.8,251.98,239.77
INCY,Incyte,Health Care,Biotechnology,102.4,108.26,55.17,101.57,103.18,104.04,95.45,76.58,-0.2,6.04,108.58,99.5
IR,Ingersoll Rand,Industrials,Industrial Machinery & Supplies & Components,79.65,103.85,66.7,79.55,79.37,77.53,78.64,80.17,-0.2,2.94,81.99,73.07
PODD,Insulet Corporation,Health Care,Health Care Equipment,303.95,352.82,237.06,309.45,319.88,324.41,320.12,300.64,0.0,14.07,346.72,302.1
INTC,Intel,Information Technology,Semiconductors,41.53,43.76,18.13,41.85,39.28,37.72,37.63,26.17,0.2,5.13,43.66,31.77
IBKR,Interactive Brokers,Financials,Investment Banking & Brokerage,64.48,72.99,35.93,64.5,63.8,65.41,67.64,56.83,0.0,11.51,71.9,58.92
ICE,Intercontinental Exchange,Financials,Financial Exchanges & Data,157.91,187.92,141.62,157.23,156.31,154.04,155.66,169.49,0.0,1.1,159.65,148.44
IFF,International Flavors & Fragrances,Materials,Specialty Chemicals,67.24,87.39,59.55,67.73,68.2,66.58,64.18,70.72,-0.1,5.23,70.76,62.41
IP,International Paper,Materials,Paper & Plastic Packaging Products & Materials,39.23,57.74,35.6,38.92,38.78,37.95,41.76,46.32,-0.2,2.32,40.14,35.76
INTU,Intuit,Information Technology,Application Software,675.99,805.92,541.4,650.8,648.17,649.68,660.11,674.49,0.4,-0.44,673.02,626.38
ISRG,Intuitive Surgical,Health Care,Health Care Equipment,573.24,610.45,429.59,569.33,570.33,565.48,515.9,508.69,0.0,1.97,584.53,546.44
IVZ,Invesco,Financials,Asset Management & Custody Banks,26.14,26.14,11.76,24.93,24.49,23.88,23.44,18.5,0.0,-1.76,25.68,22.08
INVH,Invitation Homes,Real Estate,Single-Family Residential REITs,27.24,34.81,27.24,27.59,27.85,27.98,28.29,31.05,0.0,5.69,28.79,27.18
IQV,IQVIA,Health Care,Life Sciences Tools & Services,225.07,231.92,137.0,226.27,227.81,222.66,213.38,180.5,-0.4,4.3,234.75,210.59
IRM,Iron Mountain,Real Estate,Other Specialized REITs,85.03,116.44,75.72,84.25,84.59,89.99,98.14,94.03,-0.2,22.35,104.03,75.96
JBHT,J.B. Hunt,Industrials,Cargo Ground Transportation,188.65,188.65,123.62,185.91,178.2,171.45,160.78,147.3,0.0,0.91,190.37,152.55
JBL,Jabil,Information Technology,Electronic Manufacturing Services,220.12,234.36,116.73,214.99,209.07,207.19,208.68,188.15,-0.2,1.44,223.29,191.09
JKHY,Jack Henry & Associates,Financials,Transaction & Payment Processing Services,181.76,189.35,145.77,176.9,174.51,169.32,158.79,168.46,0.1,-0.28,181.25,157.37
J,Jacobs Solutions,Industrials,Construction & Engineering,140.84,164.04,108.92,137.57,135.21,142.43,150.36,135.61,-0.2,14.38,161.09,123.77
JNJ,Johnson & Johnson,Health Care,Pharmaceuticals,201.96,207.56,137.84,204.11,204.9,199.81,192.48,168.08,0.2,5.3,212.66,186.96
JCI,Johnson Controls,Industrials,Building Products,114.22,122.66,70.88,114.57,114.79,116.72,113.14,100.27,0.0,7.91,123.25,110.19
JPM,JPMorgan Chase,Financials,Diversified Banks,315.37,320.41,208.26,312.08,308.01,308.09,306.7,277.66,0.0,2.14,322.12,294.04
K,Kellanova,Consumer Staples,Packaged Foods & Meats,83.12,83.15,76.43,83.12,83.03,82.9,82.45,80.3,-0.2,0.11,83.21,82.6
KVUE,Kenvue,Consumer Staples,Personal Care Products,16.93,23.7,13.93,16.99,17.0,16.72,15.94,20.09,0.1,2.95,17.43,16.02
KDP,Keurig Dr Pepper,Consumer Staples,Soft Drinks & Non-alcoholic Beverages,28.66,35.14,25.3,28.37,27.96,27.4,26.98,31.07,0.1,0.7,28.86,25.94
KEY,KeyCorp,Financials,Regional Banks,19.36,19.36,12.78,18.78,18.38,17.9,17.74,16.74,0.2,-0.72,19.22,16.59
KEYS,Keysight Technologies,Information Technology,Electronic Equipment & Instruments,210.29,210.29,127.02,204.98,196.49,187.39,177.84,163.57,0.0,1.23,212.88,161.89
KMB,Kimberly-Clark,Consumer Staples,Household Products,103.08,144.6,100.05,105.93,106.33,104.94,112.78,127.34,0.0,5.55,108.8,101.09
KIM,Kimco Realty,Real Estate,Retail REITs,20.19,24.33,18.27,20.35,20.45,20.39,21.02,20.92,0.0,3.12,20.82,19.95
KMI,Kinder Morgan,Energy,Oil & Gas Storage & Transportation,27.8,29.9,24.4,27.39,27.15,27.06,26.95,26.8,0.2,-0.22,27.74,26.38
KKR,KKR & Co.,Financials,Asset Management & Custody Banks,129.51,166.13,92.38,125.86,122.98,120.76,121.87,126.14,0.0,-0.43,128.95,112.57
KLAC,KLA Corporation,Information Technology,Semiconductor Materials & Equipment,1217.07,1233.21,572.94,1196.79,1169.82,1165.51,1143.58,894.39,0.0,1.69,1237.64,1093.45
KHC,Kraft Heinz,Consumer Staples,Packaged Foods & Meats,24.4,30.79,23.35,24.87,24.98,24.66,24.77,26.48,-0.2,4.59,25.52,23.8
KR,Kroger,Consumer Staples,Food Retail,62.94,73.58,56.62,65.37,65.77,65.76,66.14,67.46,-0.2,8.88,68.53,62.99
LHX,L3Harris,Industrials,Aerospace & Defense,278.02,305.49,190.99,276.51,276.69,283.48,288.73,252.79,0.0,7.74,299.54,267.43
LH,Labcorp,Health Care,Health Care Services,258.74,290.15,210.49,263.93,265.53,263.72,269.07,255.87,0.2,5.24,272.3,255.13
LRCX,Lam Research,Information Technology,Semiconductor Materials & Equipment,159.16,166.1,58.73,157.69,154.33,153.39,149.28,103.93,0.0,4.95,167.04,139.74
LW,Lamb Weston,Consumer Staples,Packaged Foods & Meats,59.69,80.24,47.44,59.7,59.04,58.53,61.07,55.06,0.2,4.04,62.1,54.96
LVS,Las Vegas Sands,Consumer Discretionary,Casinos & Gaming,66.2,69.49,30.23,67.5,67.15,66.23,59.02,48.34,0.2,4.79,69.37,63.1
LDOS,Leidos,Industrials,Diversified Support Services,187.3,199.55,125.82,188.73,188.99,190.53,190.73,164.05,0.0,5.47,197.55,183.51
LEN,Lennar,Consumer Discretionary,Homebuilding,124.38,159.32,101.41,128.84,128.4,124.11,124.18,117.9,-0.2,8.92,135.47,112.74
LII,Lennox International,Industrials,Building Products,510.83,662.88,444.26,498.46,489.9,479.97,503.36,555.47,0.0,1.23,517.11,442.84
LLY,Lilly (Eli),Health Care,Pharmaceuticals,1006.27,1109.94,623.36,1031.67,1057.79,1033.05,910.58,809.3,0.2,11.16,1118.57,947.56
LIN,Linde plc,Materials,Industrial Gases,400.35,481.82,400.35,405.23,406.51,412.64,433.85,453.65,0.0,7.02,428.45,396.83
LYV,Live Nation Entertainment,Communication Services,Movies & Entertainment,138.76,174.06,115.79,134.82,132.24,134.2,145.63,144.85,-0.2,3.99,144.3,124.12
LKQ,LKQ Corporation,Consumer Discretionary,Distributors,29.52,42.58,28.39,29.28,29.41,29.74,29.95,34.95,-0.2,4.98,30.99,28.5
LMT,Lockheed Martin,Industrials,Aerospace & Defense,452.63,510.37,404.69,445.76,448.79,454.14,476.24,457.4,0.2,4.0,470.74,437.55
L,Loews Corporation,Financials,Multi-line Insurance,103.0,108.26,80.73,105.19,106.34,105.23,102.32,93.14,-0.2,5.41,108.57,101.89
LOW,Lowe's,Consumer Discretionary,Home Improvement Retail,248.22,271.68,208.44,246.18,241.61,235.65,238.93,233.71,0.0,1.37,251.62,219.69
LULU,Lululemon Athletica,Consumer Discretionary,"Apparel, Accessories & Luxury Goods",190.7,421.16,159.87,184.28,180.29,173.97,173.24,235.5,0.1,-0.35,190.03,157.89
LYB,LyondellBasell,Materials,Specialty Chemicals,43.25,71.62,41.19,45.63,45.62,44.02,44.98,53.88,-0.2,11.84,48.37,39.66
MTB,M&T Bank,Financials,Regional Banks,195.74,206.17,153.05,193.63,190.89,187.26,185.76,182.87,0.2,0.48,196.68,177.85
MPC,Marathon Petroleum,Energy,Oil & Gas Refining & Marketing,191.13,199.13,116.64,191.91,191.58,193.43,190.94,165.74,0.0,4.6,199.92,186.93
MAR,Marriott International,Consumer Discretionary,"Hotels, Resorts & Cruise Lines",292.83,306.65,209.55,300.71,300.92,293.69,277.15,262.51,0.2,6.02,310.46,276.91
MMC,Marsh McLennan,Financials,Insurance Brokers,181.91,242.13,176.58,183.27,182.5,181.59,188.19,210.24,-0.2,1.99,185.53,177.64
MLM,Martin Marietta Materials,Materials,Construction Materials,624.98,655.98,450.65,616.57,615.02,609.02,618.36,563.24,-0.2,0.91,630.67,587.39
MAS,Masco,Industrials,Building Products,63.26,80.35,57.89,64.26,63.79,62.32,65.29,66.53,-0.2,4.38,66.03,58.61
MA,Mastercard,Financials,Transaction & Payment Processing Services,545.48,598.17,477.88,546.28,545.16,545.0,556.88,558.66,0.0,3.33,563.64,526.38
MTCH,Match Group,Communication Services,Interactive Media & Services,34.49,38.56,26.72,33.89,33.42,32.85,33.02,32.41,-0.2,0.32,34.6,31.09
MKC,McCormick & Company,Consumer Staples,Packaged Foods & Meats,63.37,83.15,63.37,64.55,65.98,65.8,65.94,71.48,0.0,8.14,68.53,63.07
MCD,McDonald's,Consumer Discretionary,Restaurants,308.54,315.78,273.36,306.1,306.26,304.11,302.08,302.25,-0.1,1.14,312.06,296.17
MCK,McKesson Corporation,Health Care,Health Care Distributors,808.17,888.45,560.41,822.86,850.06,850.37,812.13,721.8,-0.2,10.75,895.05,805.66
MDT,Medtronic,Health Care,Health Care Equipment,101.55,105.35,77.44,102.18,103.1,99.79,96.59,89.88,0.2,6.13,107.78,91.8
MRK,Merck & Co.,Health Care,Pharmaceuticals,100.18,105.66,72.03,101.24,101.95,97.0,90.32,83.87,0.0,8.17,108.36,85.64
META,Meta Platforms,Communication Services,Interactive Media & Services,661.53,789.47,483.96,647.41,630.33,621.06,676.88,671.01,0.2,0.07,661.99,580.13
MET,MetLife,Financials,Life & Health Insurance,78.64,84.55,66.92,77.35,76.56,76.73,78.45,77.65,0.0,1.7,79.98,73.49
MTD,Mettler Toledo,Health Care,Life Sciences Tools & Services,1412.67,1506.02,970.15,1437.12,1457.74,1437.33,1383.08,1242.52,0.0,6.27,1501.24,1373.47
MGM,MGM Resorts,Consumer Discretionary,Casinos & Gaming,36.21,40.37,25.79,35.58,34.71,33.43,33.02,33.69,0.1,1.46,36.74,30.12
MCHP,Microchip Technology,Information Technology,Semiconductors,65.93,74.07,34.52,60.88,56.41,54.6,59.97,59.41,0.0,-2.85,64.05,45.15
MU,Micron Technology,Information Technology,Semiconductors,237.63,253.3,64.62,235.68,230.1,232.99,214.07,133.62,-0.2,8.34,257.45,208.52
MSFT,Microsoft,Information Technology,Systems Software,482.4,541.06,352.67,483.54,481.83,490.64,507.02,468.29,0.0,6.78,515.11,466.15
MAA,Mid-America Apartment Communities,Real Estate,Multi-Family Residential REITs,132.24,165.69,126.28,134.05,134.36,132.44,132.56,145.57,-0.2,3.41,136.75,128.13
MRNA,Moderna,Health Care,Biotechnology,27.55,47.53,22.36,25.29,25.0,24.92,25.85,27.65,0.0,-1.49,27.14,22.71
MHK,Mohawk Industries,Consumer Discretionary,Home Furnishings,110.66,139.75,97.99,113.57,113.31,109.99,117.37,114.94,-0.2,6.71,118.09,101.9
MOH,Molina Healthcare,Health Care,Managed Health Care,151.51,353.24,134.51,148.43,147.24,143.82,166.09,236.97,-0.2,1.68,154.06,133.6
TAP,Molson Coors Beverage Company,Consumer Staples,Brewers,45.15,61.75,43.22,46.07,46.22,46.23,45.81,51.22,-0.1,4.85,47.34,45.13
MDLZ,Mondelez International,Consumer Staples,Packaged Foods & Meats,55.08,70.19,54.9,55.86,56.38,56.42,58.98,63.33,0.0,4.79,57.72,55.11
MPWR,Monolithic Power Systems,Information Technology,Semiconductors,965.95,1105.05,453.43,951.45,928.43,923.61,964.04,764.92,-0.2,3.04,995.31,851.89
MNST,Monster Beverage,Consumer Staples,Soft Drinks & Non-alcoholic Beverages,73.89,75.95,46.16,74.36,74.19,72.79,69.99,62.91,0.0,3.23,76.28,69.29
MCO,Moody's Corporation,Financials,Financial Exchanges & Data,496.77,523.49,394.44,490.67,487.53,484.12,482.15,480.32,0.0,0.57,499.6,468.66
MS,Morgan Stanley,Financials,Investment Banking & Brokerage,176.66,176.66,97.76,172.57,168.69,166.02,161.99,138.54,0.4,-0.14,176.41,155.64
MOS,Mosaic Company (The),Materials,Fertilizers & Agricultural Chemicals,23.7,37.21,22.27,24.14,24.03,24.49,28.08,30.51,0.0,9.32,25.91,23.08
MSI,Motorola Solutions,Information Technology,Communications Equipment,371.49,492.98,367.04,373.55,371.11,377.69,416.56,427.19,0.2,6.51,395.67,359.72
MSCI,MSCI Inc.,Financials,Financial Exchanges & Data,539.04,628.02,501.79,546.48,554.04,561.46,559.21,557.41,0.2,8.62,585.51,537.41
NDAQ,"Nasdaq, Inc.",Financials,Financial Exchanges & Data,90.12,96.67,66.01,89.32,89.27,88.16,88.05,85.18,0.0,1.12,91.13,85.18
NTAP,NetApp,Information Technology,"Technology Hardware, Storage & Peripherals",117.19,128.5,75.4,115.19,112.45,110.69,114.94,104.77,0.0,0.53,117.81,103.56
NFLX,Netflix,Communication Services,Movies & Entertainment,103.22,133.91,82.84,106.65,106.07,109.16,113.57,113.43,0.0,13.01,116.65,101.67
NEM,Newmont,Materials,Gold,89.7,97.99,36.38,90.48,88.92,88.1,86.62,65.03,0.0,4.76,93.97,82.23
NWSA,News Corp (Class A),Communication Services,Publishing,25.63,31.03,23.89,25.56,25.45,25.75,26.62,27.84,-0.2,5.27,26.98,24.51
NWS,News Corp (Class B),Communication Services,Publishing,29.65,35.06,27.33,29.15,29.14,29.29,30.12,31.78,-0.2,3.07,30.56,28.03
NEE,NextEra Energy,Utilities,Multi-Utilities,83.44,86.29,62.68,84.2,84.54,84.34,82.73,73.17,0.0,3.13,86.05,82.64
NKE,"Nike, Inc.",Consumer Discretionary,"Apparel, Accessories & Luxury Goods",65.74,79.84,52.31,65.48,64.28,63.38,65.74,67.08,0.0,1.63,66.81,59.96
NI,NiSource,Utilities,Multi-Utilities,42.19,44.13,34.46,42.24,42.84,43.02,42.99,40.44,0.2,5.05,44.32,41.73
NDSN,Nordson Corporation,Industrials,Industrial Machinery & Supplies & Components,238.61,252.77,166.29,237.43,236.77,234.06,233.06,214.3,0.0,1.42,242.0,226.13
NSC,Norfolk Southern,Industrials,Rail Transportation,294.28,298.97,203.11,293.01,290.56,287.12,287.76,259.6,0.0,0.71,296.37,277.88
NTRS,Northern Trust,Financials,Asset Management & Custody Banks,133.35,134.6,83.34,132.03,130.86,129.35,129.06,116.24,0.0,1.25,135.02,123.68
NOC,Northrop Grumman,Industrials,Aerospace & Defense,548.39,635.37,426.05,549.44,557.68,559.45,583.22,532.14,-0.2,4.56,573.4,545.53
NCLH,Norwegian Cruise Line Holdings,Consumer Discretionary,"Hotels, Resorts & Cruise Lines",18.89,29.07,15.5,18.7,18.46,18.4,21.15,21.05,-0.2,2.54,19.37,17.43
NRG,NRG Energy,Utilities,Independent Power Producers & Energy Traders,164.07,178.04,82.84,165.99,165.78,165.95,166.92,142.64,0.2,4.98,172.24,159.66
NUE,Nucor,Materials,Steel,159.94,164.71,102.37,161.8,158.99,152.79,145.16,132.67,0.2,4.13,166.55,139.03
NVDA,Nvidia,Information Technology,Semiconductors,183.38,207.03,94.29,180.26,180.14,184.75,186.99,154.51,-0.2,7.1,196.4,173.1
NVR,"NVR, Inc.",Consumer Discretionary,Homebuilding,7516.62,9120.01,6700.0,7566.78,7501.36,7365.23,7525.33,7507.68,0.0,2.36,7694.01,7036.5
NXPI,NXP Semiconductors,Information Technology,Semiconductors,230.0,242.4,152.09,219.71,206.12,201.47,211.24,209.28,0.2,-0.93,227.86,175.1
ORLY,O’Reilly Automotive,Consumer Discretionary,Automotive Retail,98.74,107.82,78.66,99.59,100.2,99.36,99.87,95.94,0.0,3.17,101.87,96.85
OXY,Occidental Petroleum,Energy,Oil & Gas Exploration & Production,42.65,51.86,35.72,42.42,41.98,41.92,42.49,43.52,-0.2,0.59,42.9,40.94
ODFL,Old Dominion,Industrials,Cargo Ground Transportation,155.39,209.52,126.04,148.09,141.02,137.28,138.17,153.39,0.0,-1.54,153.0,121.58
OMC,Omnicom Group,Communication Services,Advertising,74.18,99.86,68.6,71.97,72.55,72.79,75.57,75.04,0.0,1.58,75.35,70.24
ON,ON Semiconductor,Information Technology,Semiconductors,55.27,67.97,31.95,53.82,51.14,49.16,49.96,48.18,0.0,0.67,55.64,42.67
OKE,Oneok,Energy,Oil & Gas Storage & Transportation,76.75,104.61,64.31,74.92,73.06,71.1,69.64,77.9,0.1,-0.7,76.21,65.99
ORCL,Oracle Corporation,Information Technology,Application Software,216.28,327.76,122.35,208.08,204.34,215.18,254.51,211.33,-0.2,11.93,242.08,188.28
OTIS,Otis Worldwide,Industrials,Industrial Machinery & Supplies & Components,86.3,102.87,84.13,87.11,87.64,88.27,89.86,92.99,0.0,5.38,90.94,85.6
PCAR,Paccar,Industrials,Construction Machinery & Heavy Transportation Equipment,110.01,113.6,85.53,107.38,105.76,101.41,99.0,96.75,0.0,0.85,110.95,91.88
PKG,Packaging Corporation of America,Materials,Paper & Plastic Packaging Products & Materials,199.42,238.46,173.82,197.96,199.32,198.68,203.85,198.18,-0.2,3.06,205.52,191.83
PLTR,Palantir Technologies,Information Technology,Application Software,181.78,207.18,64.98,174.79,168.88,172.07,179.23,142.07,0.0,5.73,192.2,151.95
PANW,Palo Alto Networks,Information Technology,Systems Software,198.33,221.38,152.44,193.05,189.38,197.49,206.31,192.05,-0.2,10.58,219.31,175.66
PSKY,Paramount Skydance Corporation,Communication Services,Movies & Entertainment,13.3,19.73,10.05,14.86,15.27,15.47,16.46,13.65,-0.2,26.47,16.82,14.12
PH,Parker Hannifin,Industrials,Industrial Machinery & Supplies & Components,879.47,879.47,513.45,867.48,859.22,847.07,792.14,701.42,0.0,0.42,883.16,810.93
PAYX,Paychex,Industrials,Human Resource & Employment Services,112.33,157.06,108.46,111.76,111.54,111.2,117.99,136.85,-0.2,0.94,113.39,109.0
PAYC,Paycom,Industrials,Human Resource & Employment Services,165.62,264.67,159.21,164.02,162.74,163.38,183.92,216.76,-0.2,2.02,168.97,157.8
PYPL,PayPal,Financials,Transaction & Payment Processing Services,62.42,91.6,57.28,62.17,61.77,62.63,66.59,68.71,0.0,8.09,67.47,57.79
PNR,Pentair,Industrials,Industrial Machinery & Supplies & Components,104.27,112.34,75.59,105.17,105.21,105.21,107.58,100.08,0.2,4.94,109.42,100.99
PEP,PepsiCo,Consumer Staples,Soft Drinks & Non-alcoholic Beverages,145.24,155.2,125.83,147.67,147.3,146.44,146.51,140.83,-0.2,3.4,150.18,142.69
PFE,Pfizer,Health Care,Pharmaceuticals,26.08,26.9,20.47,25.55,25.52,25.3,24.86,23.84,0.2,0.77,26.28,24.32
PCG,PG&E Corporation,Utilities,Multi-Utilities,15.2,20.39,12.98,15.38,15.64,16.0,16.06,15.7,-0.2,11.78,16.99,15.02
PM,Philip Morris International,Consumer Staples,Tobacco,147.62,181.86,114.18,151.74,153.64,154.38,154.52,162.19,-0.2,8.2,159.72,149.03
PSX,Phillips 66,Energy,Oil & Gas Refining & Marketing,140.24,141.12,90.32,139.37,136.98,137.08,134.3,122.4,0.2,1.38,142.18,131.99
PNW,Pinnacle West Capital,Utilities,Multi-Utilities,88.21,92.82,78.54,88.55,89.23,88.98,89.53,89.32,0.0,2.62,90.52,87.43
PNC,PNC Financial Services,Financials,Diversified Banks,198.02,205.55,145.61,195.75,192.94,188.2,187.5,181.38,0.2,0.76,199.52,176.89
POOL,Pool Corporation,Consumer Discretionary,Distributors,238.79,374.18,230.21,242.96,242.32,242.78,270.81,300.14,0.0,6.3,253.83,231.73
PPG,PPG Industries,Materials,Specialty Chemicals,101.37,123.59,89.82,100.7,99.89,97.93,99.41,106.35,-0.2,1.1,102.49,93.37
PPL,PPL Corporation,Utilities,Electric Utilities,34.08,37.97,30.85,34.81,35.67,36.08,36.67,35.29,-0.2,11.03,37.84,34.32
PFG,Principal Financial Group,Financials,Life & Health Insurance,87.65,87.65,67.57,85.34,84.57,83.59,81.9,78.68,0.2,-0.92,86.84,80.33
PG,Procter & Gamble,Consumer Staples,Personal Care Products,143.68,172.77,143.68,145.81,147.19,147.23,148.78,156.87,-0.2,4.54,150.2,144.24
PGR,Progressive Corporation,Financials,Property & Casualty Insurance,223.63,290.89,203.7,226.9,227.08,224.74,226.19,254.15,0.0,3.52,231.5,217.97
PLD,Prologis,Real Estate,Industrial REITs,128.25,129.19,88.13,128.7,127.98,126.05,122.73,111.18,0.2,1.76,130.51,121.59
PRU,Prudential Financial,Financials,Life & Health Insurance,111.76,121.01,91.53,109.53,108.62,106.65,103.49,102.83,0.2,-0.22,111.51,101.8
PEG,Public Service Enterprise Group,Utilities,Electric Utilities,79.95,89.43,75.92,80.7,81.58,82.08,82.2,81.45,-0.2,5.53,84.37,79.79
PTC,PTC Inc.,Information Technology,Application Software,173.01,216.53,136.74,176.05,174.49,174.92,190.26,181.32,0.0,4.2,180.28,169.57
PSA,Public Storage,Real Estate,Self-Storage REITs,273.09,322.51,260.94,274.46,273.2,272.89,285.42,287.88,-0.2,2.49,279.89,265.88
PHM,PulteGroup,Consumer Discretionary,Homebuilding,126.96,141.19,91.67,127.78,125.9,121.65,123.44,113.7,0.0,4.14,132.22,111.09
PWR,Quanta Services,Industrials,Construction & Engineering,463.29,464.88,236.5,458.22,453.93,446.54,438.22,362.11,0.0,1.73,471.3,421.78
QCOM,Qualcomm,Information Technology,Semiconductors,175.41,186.73,122.59,172.19,168.17,168.61,168.86,155.82,-0.2,1.74,178.46,158.74
DGX,Quest Diagnostics,Health Care,Health Care Services,182.7,192.35,148.06,183.16,186.89,186.4,183.83,175.72,0.0,5.59,192.91,179.88
Q,Qnity Electronics,Information Technology,Semiconductor Materials & Equipment,81.95,,,80.61,79.05,82.58,,,-0.1,16.83,95.74,69.42
RL,Ralph Lauren Corporation,Consumer Discretionary,"Apparel, Accessories & Luxury Goods",366.28,371.22,181.18,360.63,359.61,345.2,331.57,281.47,0.2,3.03,377.38,313.0
RJF,Raymond James Financial,Financials,Investment Banking & Brokerage,162.97,175.92,122.89,159.17,156.88,158.17,161.49,154.12,0.2,2.01,166.25,150.1
RTX,RTX Corporation,Industrials,Aerospace & Defense,170.73,178.73,112.01,169.46,171.04,173.14,170.32,147.74,0.2,4.94,179.16,167.12
O,Realty Income,Real Estate,Retail REITs,58.73,60.07,48.92,57.99,57.35,56.95,57.98,56.22,0.2,-0.54,58.41,55.48
REG,Regency Centers,Real Estate,Retail REITs,68.9,75.5,64.21,69.76,70.43,70.1,70.8,70.73,0.0,4.06,71.7,68.5
REGN,Regeneron Pharmaceuticals,Health Care,Biotechnology,718.68,787.32,481.73,731.45,752.67,722.27,645.71,597.47,0.2,11.46,801.04,643.5
RF,Regions Financial Corporation,Financials,Regional Banks,26.4,27.11,17.76,25.95,25.45,24.95,24.73,23.23,0.0,0.11,26.43,23.47
RSG,Republic Services,Industrials,Environmental & Facilities Services,216.43,256.75,198.59,214.73,215.93,212.84,216.83,233.32,-0.2,2.8,222.49,203.2
RMD,ResMed,Health Care,Health Care Equipment,256.54,293.03,203.19,251.74,252.67,250.38,259.34,251.79,-0.2,0.57,258.0,242.76
RVTY,Revvity,Health Care,Health Care Equipment,100.96,126.56,82.44,102.39,102.54,97.67,94.56,95.53,-0.1,6.94,107.97,87.37
HOOD,Robinhood Markets,Financials,Investment Banking & Brokerage,131.51,152.46,34.17,130.28,124.59,123.79,133.16,90.49,0.0,7.89,141.89,105.7
ROK,Rockwell Automation,Industrials,Electrical Components & Equipment,403.24,403.89,216.41,397.73,393.29,385.5,365.21,319.63,0.2,1.35,408.68,362.33
ROL,"Rollins, Inc.",Industrials,Environmental & Facilities Services,61.42,61.5,45.1,60.89,60.91,59.72,58.17,56.01,0.0,1.47,62.32,57.12
ROP,Roper Technologies,Information Technology,Electronic Equipment & Instruments,446.64,591.12,439.64,445.01,444.71,445.68,470.63,532.99,-0.2,1.25,452.22,439.16
ROST,Ross Stores,Consumer Discretionary,Apparel Retail,177.51,178.0,122.22,177.53,176.63,168.88,161.04,143.95,0.0,3.99,184.59,153.17
RCL,Royal Caribbean Group,Consumer Discretionary,"Hotels, Resorts & Cruise Lines",258.29,364.72,176.89,263.0,263.3,259.82,285.74,276.28,0.0,5.2,271.72,247.93
SPGI,S&P Global,Financials,Financial Exchanges & Data,499.26,562.06,435.88,496.52,495.22,494.2,488.15,507.63,-0.1,0.56,502.06,486.35
CRM,Salesforce,Information Technology,Application Software,260.54,365.66,225.37,242.85,236.1,237.05,243.58,258.88,0.4,-2.43,254.21,219.88
SBAC,SBA Communications,Real Estate,Telecom Tower REITs,190.13,239.71,186.46,188.6,191.35,194.32,193.08,213.08,0.1,6.37,202.24,186.39
SLB,Schlumberger,Energy,Oil & Gas Equipment & Services,38.58,42.4,31.19,37.33,36.49,36.27,35.15,35.18,0.3,-1.14,38.14,34.41
STX,Seagate Technology,Information Technology,"Technology Hardware, Storage & Peripherals",278.41,293.99,65.98,267.94,264.14,266.08,248.31,157.11,-0.2,5.79,294.53,237.62
SRE,Sempra,Utilities,Multi-Utilities,90.88,94.72,62.78,90.83,92.15,92.2,91.87,79.48,0.2,4.19,94.69,89.7
NOW,ServiceNow,Information Technology,Systems Software,853.41,1170.39,721.65,834.33,824.13,833.25,882.5,914.23,0.2,2.48,874.57,791.92
SHW,Sherwin-Williams,Materials,Specialty Chemicals,333.81,388.61,311.42,337.48,339.22,337.01,337.51,345.17,0.2,4.55,349.0,325.01
SPG,Simon Property Group,Real Estate,Retail REITs,183.15,187.67,136.92,183.22,183.88,183.18,180.98,167.66,-0.2,1.83,186.5,179.87
SWKS,Skyworks Solutions,Information Technology,Semiconductors,69.27,90.17,47.71,68.34,66.22,65.86,71.14,69.08,0.0,3.18,71.47,60.25
SJM,J.M. Smucker Company (The),Consumer Staples,Packaged Foods & Meats,100.11,115.07,92.55,100.83,102.17,104.5,104.2,106.62,0.1,10.37,110.49,98.52
SW,Smurfit Westrock,Materials,Paper & Plastic Packaging Products & Materials,36.18,54.52,32.79,35.77,35.28,34.94,38.48,42.7,-0.2,2.27,37.0,32.89
SNA,Snap-on,Industrials,Industrial Machinery & Supplies & Components,347.26,353.23,286.43,343.36,340.66,336.98,337.63,323.99,-0.2,0.72,349.76,324.21
SOLS,Solstice Advanced Materials,Materials,Specialty Chemicals,46.87,,,47.15,46.65,45.62,,,-0.1,5.89,49.63,41.61
SOLV,Solventum,Health Care,Health Care Technology,85.26,85.77,63.01,85.38,84.37,79.12,74.54,73.33,0.0,6.54,90.84,67.4
SO,Southern Company,Utilities,Electric Utilities,86.82,98.91,78.34,88.04,88.92,89.54,92.69,90.38,-0.4,5.85,91.9,87.17
LUV,Southwest Airlines,Industrials,Passenger Airlines,37.92,37.92,23.77,35.92,34.99,33.66,32.76,31.58,0.2,-2.27,37.06,30.26
SWK,Stanley Black & Decker,Industrials,Industrial Machinery & Supplies & Components,72.53,86.37,53.89,71.81,70.25,67.55,68.63,69.21,0.0,3.06,74.75,60.36
SBUX,Starbucks,Consumer Discretionary,Restaurants,85.11,113.43,77.9,85.47,85.57,85.05,83.67,88.14,-0.1,2.93,87.6,82.5
STT,State Street Corporation,Financials,Asset Management & Custody Banks,123.9,123.9,74.25,120.76,118.6,117.65,116.35,103.16,0.2,-0.1,123.78,111.53
STLD,Steel Dynamics,Materials,Steel,165.64,171.5,108.4,168.1,165.86,160.07,153.14,134.33,0.2,4.42,172.96,147.18
STE,Steris,Health Care,Health Care Equipment,263.45,267.99,200.94,261.21,263.34,262.02,249.62,237.23,-0.2,2.42,269.83,254.21
SYK,Stryker Corporation,Health Care,Health Care Equipment,363.91,402.61,335.89,366.64,369.02,365.62,368.3,376.0,0.2,3.54,376.79,354.46
SMCI,Supermicro,Information Technology,"Technology Hardware, Storage & Peripherals",34.62,60.71,26.85,33.77,33.35,34.8,44.76,43.23,-0.2,14.7,39.71,29.89
SYF,Synchrony Financial,Financials,Consumer Finance,80.59,80.59,43.2,79.41,77.7,75.41,73.46,64.87,0.0,0.77,81.21,69.61
SNPS,Synopsys,Information Technology,Application Software,468.48,645.35,380.9,457.26,430.86,411.35,438.63,488.24,0.2,-0.11,467.96,354.73
SYY,Sysco,Consumer Staples,Food Distributors,73.24,82.73,67.09,74.08,74.97,75.12,77.0,75.42,-0.4,5.11,76.98,73.27
TMUS,T-Mobile US,Communication Services,Wireless Telecommunication Services,210.09,269.54,200.02,208.67,207.98,209.41,217.02,237.49,0.2,2.42,215.17,203.65
TROW,T. Rowe Price,Financials,Asset Management & Custody Banks,106.56,118.63,78.24,104.29,102.78,101.85,102.89,98.07,-0.2,0.72,107.33,96.37
TTWO,Take-Two Interactive,Communication Services,Interactive Home Entertainment,247.58,262.29,178.61,247.24,244.23,240.52,250.11,232.47,0.0,1.33,250.87,230.17
TPR,"Tapestry, Inc.",Consumer Discretionary,"Apparel, Accessories & Luxury Goods",116.32,117.14,60.1,112.93,110.32,106.64,110.44,92.86,0.2,-0.48,115.76,97.52
TRGP,Targa Resources,Energy,Oil & Gas Storage & Transportation,181.74,212.51,145.33,177.19,174.59,172.61,163.27,168.19,0.3,-1.13,179.69,165.55
TGT,Target Corporation,Consumer Staples,Consumer Staples Merchandise Retail,92.18,136.48,83.68,91.3,89.57,89.25,89.64,95.62,-0.2,1.93,93.96,84.54
TEL,TE Connectivity,Information Technology,Electronic Manufacturing Services,234.07,249.0,121.04,230.72,226.59,231.82,230.2,184.92,0.0,6.9,250.22,213.41
TDY,Teledyne Technologies,Information Technology,Electronic Equipment & Instruments,522.18,593.62,435.54,506.48,501.46,503.55,534.44,516.82,0.2,0.5,524.79,482.32
TER,Teradyne,Information Technology,Semiconductor Materials & Equipment,200.3,200.3,67.74,192.72,181.73,176.68,160.8,110.86,0.0,0.58,201.46,151.91
TSLA,"Tesla, Inc.",Consumer Discretionary,Automobile Manufacturers,455.19,479.86,221.86,443.17,430.09,423.08,435.22,342.59,-0.2,1.32,461.2,384.95
TXN,Texas Instruments,Information Technology,Semiconductors,183.56,217.72,142.07,177.94,170.58,164.7,169.08,179.97,0.2,-0.74,182.2,147.2
TPL,Texas Pacific Land Corporation,Energy,Oil & Gas Exploration & Production,930.47,1423.41,851.79,896.67,884.0,923.59,929.12,1078.01,0.0,10.84,1031.33,815.82
TXT,Textron,Industrials,Aerospace & Defense,83.13,87.34,60.69,82.88,82.72,81.88,82.27,77.7,-0.2,1.49,84.37,79.39
TMO,Thermo Fisher Scientific,Health Care,Life Sciences Tools & Services,572.74,605.06,389.91,578.79,584.94,581.06,556.9,480.5,-0.2,4.19,596.74,565.36
TJX,TJX Companies,Consumer Discretionary,Apparel Retail,152.85,153.13,111.77,150.87,151.21,148.63,144.76,131.35,0.2,0.95,154.3,142.97
TKO,TKO Group Holdings,Communication Services,Movies & Entertainment,202.31,205.33,136.87,197.34,192.12,187.36,189.46,172.23,0.2,-0.07,202.17,172.55
TTD,Trade Desk (The),Communication Services,Advertising,40.17,139.51,38.35,39.53,39.41,40.62,46.82,59.47,-0.2,10.06,44.21,37.03
TSCO,Tractor Supply,Consumer Discretionary,Other Specialty Retail,54.16,62.38,47.42,53.9,53.9,54.12,54.5,54.41,0.0,3.9,56.27,51.96
TT,Trane Technologies,Industrials,Building Products,400.94,471.46,313.81,407.35,411.67,414.44,420.77,403.78,0.0,7.91,432.65,396.21
TDG,TransDigm Group,Industrials,Aerospace & Defense,1342.66,1516.55,1152.5,1347.72,1348.93,1334.32,1312.83,1323.66,-0.1,2.74,1379.45,1289.19
TRV,Travelers Companies (The),Financials,Property & Casualty Insurance,280.88,294.52,229.61,285.4,288.9,287.14,278.76,266.47,-0.2,5.08,295.15,279.13
TRMB,Trimble Inc.,Information Technology,Electronic Equipment & Instruments,83.25,85.24,55.12,82.36,81.14,79.4,79.48,74.94,-0.2,1.79,84.74,74.06
TFC,Truist Financial,Financials,Diversified Banks,47.74,47.74,33.53,47.15,46.58,45.58,44.44,41.92,0.0,0.31,47.89,43.26
TYL,Tyler Technologies,Information Technology,Application Software,468.19,646.74,453.04,464.75,465.58,465.77,486.16,548.19,-0.2,1.21,473.86,457.68
TSN,Tyson Foods,Consumer Staples,Packaged Foods & Meats,56.95,62.13,50.27,57.1,56.7,54.96,53.29,55.33,0.1,3.69,59.05,50.87
USB,U.S. Bancorp,Financials,Diversified Banks,51.33,51.37,35.62,50.54,49.52,48.23,47.6,44.62,0.0,0.39,51.53,44.94
UBER,Uber,Industrials,Passenger Ground Transportation,91.4,100.1,59.93,89.44,87.17,89.21,93.03,87.24,0.2,5.37,96.31,82.1
UDR,"UDR, Inc.",Real Estate,Multi-Family Residential REITs,35.32,44.54,33.56,35.73,35.85,35.24,35.45,38.93,0.0,3.62,36.6,33.88
ULTA,Ulta Beauty,Consumer Discretionary,Other Specialty Retail,605.3,605.3,314.47,555.89,540.46,528.56,532.82,465.02,-0.2,-5.05,574.73,482.37
UNP,Union Pacific Corporation,Industrials,Rail Transportation,235.85,249.94,205.73,234.39,231.43,226.84,226.41,225.01,0.2,0.79,237.71,215.96
UAL,United Airlines Holdings,Industrials,Passenger Airlines,105.28,110.52,56.15,104.8,101.43,97.91,97.54,87.54,0.0,3.08,108.52,87.3
UPS,United Parcel Service,Industrials,Air Freight & Logistics,95.24,127.5,81.17,95.8,95.32,94.3,89.68,93.45,-0.1,2.33,97.46,91.13
URI,United Rentals,Industrials,Trading Companies & Distributors,795.46,1017.86,548.35,804.58,807.41,816.69,890.45,783.11,0.0,8.54,863.39,770.03
UNH,UnitedHealth Group,Health Care,Managed Health Care,330.71,597.82,236.28,330.33,327.64,324.89,342.12,358.98,0.0,3.11,341.0,308.78
UHS,Universal Health Services,Health Care,Health Care Facilities,230.91,243.98,154.65,233.95,236.92,231.67,218.46,188.81,-0.2,6.1,245.0,218.33
VLO,Valero Energy,Energy,Oil & Gas Refining & Marketing,175.0,184.27,102.32,177.21,175.92,176.74,169.74,142.25,0.0,4.47,182.82,170.65
VTR,Ventas,Real Estate,Health Care REITs,80.71,80.71,55.68,80.33,79.98,78.94,73.86,67.72,-0.2,1.72,82.1,75.78
VLTO,Veralto,Industrials,Environmental & Facilities Services,101.92,109.64,85.14,101.95,101.33,99.73,101.67,100.65,0.0,1.78,103.73,95.73
VRSN,Verisign,Information Technology,Internet Services & Infrastructure,250.17,304.16,185.38,250.69,251.48,249.83,254.85,264.08,0.0,2.25,255.8,243.86
VRSK,Verisk Analytics,Industrials,Research & Consulting Services,221.29,320.32,208.0,223.34,223.17,220.49,229.3,274.41,0.0,3.32,228.64,212.35
VZ,Verizon,Communication Services,Integrated Telecommunication Services,41.8,44.3,36.0,41.02,40.91,40.85,40.64,41.72,0.3,-0.07,41.77,39.94
VRTX,Vertex Pharmaceuticals,Health Care,Biotechnology,455.1,513.76,366.54,446.87,438.07,432.97,421.21,442.83,0.1,0.67,458.15,407.79
VTRS,Viatris,Health Care,Pharmaceuticals,10.95,12.41,7.0,10.79,10.68,10.58,10.26,9.26,0.0,1.92,11.16,10.01
VICI,Vici Properties,Real Estate,Hotel & Resort REITs,27.8,33.46,27.08,28.23,28.51,29.28,30.42,31.34,0.0,11.91,31.11,27.45
V,Visa Inc.,Financials,Transaction & Payment Processing Services,331.38,371.92,304.76,329.62,330.81,330.79,338.45,343.8,-0.2,2.71,340.36,321.23
VST,Vistra Corp.,Utilities,Electric Utilities,167.46,217.92,97.84,172.27,173.16,175.85,189.09,170.46,0.0,11.72,187.09,164.62
VMC,Vulcan Materials Company,Materials,Construction Materials,295.89,308.54,219.27,292.76,292.39,289.53,293.97,270.79,-0.2,1.43,300.12,278.95
WRB,W. R. Berkley Corporation,Financials,Property & Casualty Insurance,66.9,78.46,56.11,71.04,74.41,75.52,75.32,70.99,0.0,21.55,81.32,69.73
GWW,W. W. Grainger,Industrials,Industrial Machinery & Supplies & Components,974.44,1182.02,913.57,964.11,953.81,944.1,952.18,996.95,0.0,0.22,976.58,911.57
WAB,Wabtec,Industrials,Construction Machinery & Heavy Transportation Equipment,214.84,214.84,159.62,211.87,208.2,205.73,201.34,194.29,0.0,0.86,216.69,194.77
WMT,Walmart,Consumer Staples,Consumer Staples Merchandise Retail,115.12,115.12,81.4,113.66,110.43,106.66,104.95,98.01,0.0,0.92,116.18,97.15
DIS,Walt Disney Company (The),Communication Services,Movies & Entertainment,105.26,124.01,81.37,105.61,104.55,106.64,109.85,109.47,-0.2,8.65,114.36,98.9
WBD,Warner Bros. Discovery,Communication Services,Broadcasting,26.0,26.0,7.69,24.7,24.04,23.44,21.29,13.74,0.2,-2.77,25.28,21.6
WM,Waste Management,Industrials,Environmental & Facilities Services,213.82,240.36,196.77,214.93,215.45,211.47,212.11,223.54,0.2,4.19,222.78,200.16
WAT,Waters Corporation,Health Care,Life Sciences Tools & Services,394.82,417.28,277.72,397.04,400.19,389.59,357.91,338.83,0.0,4.61,413.02,366.14
WEC,WEC Energy Group,Utilities,Electric Utilities,106.19,116.56,89.09,107.44,109.49,110.37,112.28,106.96,-0.2,7.42,114.07,106.66
WFC,Wells Fargo,Financials,Diversified Banks,89.99,90.21,59.98,88.25,86.55,85.69,84.36,77.32,0.2,-0.2,89.81,81.57
WELL,Welltower,Real Estate,Health Care REITs,204.54,208.22,121.65,203.49,203.87,198.91,184.93,161.72,0.0,2.76,210.19,187.62
WST,West Pharmaceutical Services,Health Care,Health Care Supplies,280.67,346.74,189.89,278.78,277.42,271.88,273.24,238.73,-0.2,2.57,287.88,255.86
WDC,Western Digital,Information Technology,"Technology Hardware, Storage & Peripherals",168.15,174.08,30.42,161.58,157.39,158.52,140.88,80.32,0.0,4.44,175.62,141.43
WY,Weyerhaeuser,Real Estate,Timber REITs,21.78,30.72,21.15,21.81,21.81,21.87,22.95,25.28,-0.2,4.73,22.81,20.92
WSM,"Williams-Sonoma, Inc.",Consumer Discretionary,Homefurnishing Retail,179.06,215.07,135.95,178.91,178.69,181.99,188.09,176.96,0.0,9.13,195.41,168.58
WMB,Williams Companies,Energy,Oil & Gas Storage & Transportation,63.21,64.48,50.69,62.01,60.96,60.41,60.9,58.56,0.0,-0.43,62.94,57.89
WTW,Willis Towers Watson,Financials,Insurance Brokers,321.34,349.93,294.27,318.87,318.98,319.82,327.74,320.31,0.0,1.33,325.61,314.02
WDAY,"Workday, Inc.",Information Technology,Application Software,219.4,279.91,210.47,215.45,219.37,222.27,231.12,237.49,0.0,6.75,234.21,210.34
WYNN,Wynn Resorts,Consumer Discretionary,Casinos & Gaming,125.25,133.09,65.64,129.67,127.68,124.95,123.54,103.57,0.2,7.39,134.51,115.4
XEL,Xcel Energy,Utilities,Multi-Utilities,77.42,82.11,61.84,78.47,79.6,80.07,80.49,72.32,-0.2,6.47,82.43,77.71
XYL,Xylem Inc.,Industrials,Industrial Machinery & Supplies & Components,139.05,152.52,101.96,139.93,140.44,142.52,145.53,132.35,-0.2,8.51,150.88,134.15
YUM,Yum! Brands,Consumer Discretionary,Restaurants,145.24,160.2,120.91,147.43,149.86,149.11,146.78,146.63,-0.2,5.68,153.49,144.73
ZBRA,Zebra Technologies,Information Technology,Electronic Equipment & Instruments,263.94,421.11,213.54,258.2,252.69,248.15,273.13,289.8,0.2,2.42,270.33,225.97
ZBH,Zimmer Biomet,Health Care,Health Care Equipment,94.41,112.61,87.55,93.91,94.74,91.99,96.3,98.6,0.0,3.97,98.16,85.83
ZTS,Zoetis,Health Care,Pharmaceuticals,118.81,176.49,115.89,122.7,124.22,121.77,133.83,150.31,0.0,8.48,128.89,114.67
