Symbol,Company,GICS_Sector,GICS_Sub_Industry,Current_Price,High_52_Week,Low_52_Week,SMA5,SMA10,SMA20,SMA50,SMA200,Score,Target_Pcnt,Target_Price,Stop_Loss
MMM,3M,Industrials,Industrial Conglomerates,154.75,160.2,122.88,154.2,154.94,152.14,151.42,142.56,0.2,3.1,159.55,144.74
AOS,A. O. Smith,Industrials,Building Products,71.85,88.84,59.04,72.31,71.85,71.43,68.55,67.85,0.2,2.34,73.53,69.34
ABT,Abbott Laboratories,Health Care,Health Care Equipment,132.44,138.95,108.68,131.0,131.31,129.66,131.03,125.79,0.2,1.41,134.31,125.01
ABBV,AbbVie,Health Care,Biotechnology,209.15,212.84,160.57,206.66,202.89,197.77,191.53,185.82,0.4,0.65,210.51,185.02
AES,AES Corporation,Utilities,Independent Power Producers & Energy Traders,13.2,19.11,9.5,13.22,13.08,13.14,12.22,11.61,0.2,3.48,13.66,12.62
AFL,Aflac,Financials,Life & Health Insurance,107.9,113.48,98.09,106.25,105.04,102.69,102.79,104.72,0.2,0.56,108.5,96.88
AKAM,Akamai Technologies,Information Technology,Internet Services & Infrastructure,76.06,106.67,68.21,75.3,73.98,75.64,77.64,84.95,0.2,7.03,81.41,69.87
ARE,Alexandria Real Estate Equities,Real Estate,Office REITs,77.46,117.87,66.61,76.71,75.28,76.76,75.74,86.25,0.2,5.93,82.05,71.48
ALLE,Allegion,Industrials,Building Products,168.52,169.86,118.08,168.26,166.93,165.93,153.39,138.18,0.2,0.78,169.83,162.02
LNT,Alliant Energy,Utilities,Electric Utilities,66.33,66.34,54.87,65.22,65.34,65.15,62.82,60.63,0.2,0.66,66.77,63.53
ALL,Allstate,Financials,Property & Casualty Insurance,213.62,213.62,175.45,209.31,208.04,203.44,198.96,196.26,0.4,1.2,216.18,190.69
GOOGL,Alphabet Inc. (Class A),Communication Services,Interactive Media & Services,199.32,205.89,144.53,202.25,201.55,197.63,185.78,177.0,0.2,3.65,206.6,188.67
GOOG,Alphabet Inc. (Class C),Communication Services,Interactive Media & Services,200.19,207.22,146.4,203.14,202.39,198.46,186.72,178.5,0.2,3.62,207.44,189.49
MO,Altria,Consumer Staples,Tobacco,67.58,67.58,46.47,66.3,65.64,63.34,60.68,55.78,0.2,1.51,68.6,58.08
AMZN,Amazon,Consumer Discretionary,Broadline Retail,223.81,242.06,167.32,229.06,225.85,225.63,222.04,211.86,0.2,6.71,238.83,212.45
AEP,American Electric Power,Utilities,Electric Utilities,113.55,114.06,87.97,112.35,112.42,111.63,106.63,100.65,0.2,1.67,115.45,107.82
AXP,American Express,Financials,Consumer Finance,308.4,328.13,230.81,306.95,303.32,303.01,306.78,292.14,0.4,1.93,314.35,291.68
AIG,American International Group,Financials,Multi-line Insurance,82.53,87.26,69.3,80.9,79.62,79.08,81.63,78.72,0.8,-0.74,81.92,76.23
AWK,American Water Works,Utilities,Water Utilities,145.62,150.19,118.87,144.16,143.95,142.4,141.3,135.8,0.2,1.17,147.32,137.46
AME,Ametek,Industrials,Electrical Components & Equipment,183.34,196.4,151.15,183.46,183.6,182.62,180.8,179.88,0.2,2.46,187.85,177.4
AMGN,Amgen,Health Care,Biotechnology,296.45,329.11,254.27,294.28,290.37,295.19,293.44,286.88,0.4,4.51,309.82,280.56
ADI,Analog Devices,Information Technology,Semiconductors,244.87,245.68,163.85,234.94,231.55,228.62,233.76,215.91,0.6,-1.61,240.93,216.31
APTV,Aptiv,Consumer Discretionary,Automotive Parts & Equipment,75.15,76.14,47.92,75.09,72.14,69.83,69.66,62.72,0.4,3.37,77.68,61.98
ACGL,Arch Capital Group,Financials,Property & Casualty Insurance,92.84,109.22,84.99,91.44,90.25,88.93,89.37,92.26,0.2,-0.05,92.79,85.07
ADM,Archer Daniels Midland,Consumer Staples,Agricultural Products & Services,60.73,60.73,41.37,59.89,59.18,57.18,54.97,50.09,0.2,1.58,61.69,52.66
ANET,Arista Networks,Information Technology,Communications Equipment,131.47,141.25,64.37,135.21,137.14,128.8,112.21,100.6,0.2,12.89,148.42,109.2
AJG,Arthur J. Gallagher & Co.,Financials,Insurance Brokers,302.64,348.08,274.44,296.85,293.84,293.7,306.94,312.06,0.2,2.88,311.36,276.05
T,AT&T,Communication Services,Integrated Telecommunication Services,29.28,29.28,18.62,28.96,28.6,28.12,27.86,25.49,0.2,-0.07,29.26,26.99
ATO,Atmos Energy,Utilities,Gas Utilities,166.09,166.98,126.27,165.48,165.22,160.93,156.82,149.47,0.4,2.25,169.83,152.02
ADSK,Autodesk,Information Technology,Application Software,288.63,321.27,238.84,287.6,287.63,295.35,298.16,290.33,0.2,8.09,311.98,278.72
ADP,Automatic Data Processing,Industrials,Human Resource & Employment Services,309.03,325.19,259.17,304.17,303.85,304.65,305.31,301.31,0.2,0.79,311.47,297.84
AZO,AutoZone,Consumer Discretionary,Automotive Retail,4158.1,4158.1,2981.19,4065.25,4049.56,3967.53,3796.16,3542.77,0.4,0.78,4190.53,3744.41
AVB,AvalonBay Communities,Real Estate,Multi-Family Residential REITs,190.62,232.03,182.72,190.04,188.83,190.8,198.21,208.65,0.2,6.42,202.86,178.75
BALL,Ball Corporation,Materials,"Metal, Glass & Plastic Containers",53.13,67.18,44.77,53.32,53.68,55.46,56.53,54.32,0.2,13.14,60.11,50.8
BAC,Bank of America,Financials,Diversified Banks,48.35,48.93,34.19,47.8,47.08,47.08,46.8,44.1,0.2,2.05,49.34,44.81
BLK,BlackRock,Financials,Asset Management & Custody Banks,1128.46,1160.16,811.42,1137.64,1137.36,1125.66,1078.32,997.34,0.2,2.84,1160.51,1090.81
BA,Boeing,Industrials,Aerospace & Defense,225.62,236.41,136.59,230.3,229.99,228.43,220.51,184.62,0.2,5.24,237.44,219.4
BKNG,Booking Holdings,Consumer Discretionary,"Hotels, Resorts & Cruise Lines",5639.78,5815.92,3673.45,5538.98,5480.66,5516.6,5562.88,5084.38,0.4,1.09,5701.25,5332.17
BSX,Boston Scientific,Health Care,Health Care Equipment,106.05,107.76,78.48,104.03,103.42,104.52,103.71,99.06,0.4,1.44,107.58,101.46
BR,Broadridge Financial Solutions,Industrials,Data Processing & Outsourced Services,261.86,266.89,204.4,260.93,262.47,257.57,246.59,235.81,0.2,3.93,272.15,243.0
BG,Bunge Global,Consumer Staples,Agricultural Products & Services,82.37,97.93,67.23,80.91,81.46,79.85,78.8,77.34,0.4,2.38,84.33,75.37
CHRW,C.H. Robinson,Industrials,Air Freight & Logistics,121.08,123.82,86.41,122.13,120.12,114.22,103.58,100.32,0.4,7.78,130.5,97.93
CDNS,Cadence Design Systems,Information Technology,Application Software,345.45,371.03,231.64,349.48,350.56,352.03,327.28,297.99,0.2,8.57,375.06,328.99
CPT,Camden Property Trust,Real Estate,Multi-Family Residential REITs,108.43,123.69,104.05,107.06,106.37,108.3,111.82,114.56,0.2,5.63,114.53,102.06
COF,Capital One,Financials,Consumer Finance,214.71,220.48,134.82,216.29,213.6,212.79,211.18,190.45,0.2,2.42,219.91,205.68
CARR,Carrier Global,Industrials,Building Products,66.84,81.67,55.21,66.29,66.15,68.82,71.85,68.98,0.2,17.77,78.72,58.91
CAT,Caterpillar Inc.,Industrials,Construction Machinery & Heavy Transportation Equipment,420.59,438.02,271.63,414.92,414.32,423.3,401.46,363.53,0.2,5.22,442.54,404.06
CBOE,Cboe Global Markets,Financials,Financial Exchanges & Data,251.93,253.24,189.73,247.07,248.46,246.83,237.6,216.81,0.2,0.98,254.4,239.28
CBRE,CBRE Group,Real Estate,Real Estate Services,160.84,160.84,111.5,159.23,157.52,155.37,145.24,134.96,0.2,1.97,164.01,146.73
COR,Cencora,Health Care,Health Care Distributors,303.69,303.69,217.68,295.18,290.76,289.75,292.47,266.42,0.4,-1.24,299.92,279.58
CNC,Centene Corporation,Health Care,Managed Health Care,29.4,80.23,25.21,28.63,27.25,26.75,36.35,54.15,0.2,0.34,29.5,24.01
CVX,Chevron Corporation,Energy,Integrated Oil & Gas,153.22,164.65,130.67,153.42,153.05,152.55,149.01,147.05,0.2,1.75,155.9,149.21
CB,Chubb Limited,Financials,Property & Casualty Insurance,279.68,301.45,256.04,275.27,273.27,270.58,277.34,279.63,0.4,-0.71,277.69,263.46
CI,Cigna,Health Care,Health Care Services,304.57,361.79,262.23,298.44,288.27,284.62,301.36,306.68,0.2,2.11,311.0,258.22
CINF,Cincinnati Financial,Financials,Property & Casualty Insurance,153.65,157.35,125.84,152.21,151.79,150.61,148.55,143.81,0.2,1.03,155.23,145.98
CTAS,Cintas,Industrials,Diversified Support Services,216.73,227.2,181.05,216.98,220.46,221.45,220.13,209.62,0.2,4.99,227.54,215.35
CFG,Citizens Financial Group,Financials,Regional Banks,48.81,49.45,33.59,48.65,48.08,48.04,46.11,43.03,0.2,1.72,49.65,46.44
CME,CME Group,Financials,Financial Exchanges & Data,274.61,289.38,198.12,273.03,276.38,277.96,275.58,254.44,0.2,4.56,287.13,268.77
CMS,CMS Energy,Utilities,Multi-Utilities,73.01,74.4,63.54,72.59,72.96,72.83,70.96,69.23,0.2,2.04,74.5,71.16
KO,Coca-Cola Company (The),Consumer Staples,Soft Drinks & Non-alcoholic Beverages,70.7,73.38,59.94,69.89,70.21,69.54,69.94,67.34,0.2,0.74,71.22,67.87
COIN,Coinbase,Financials,Financial Exchanges & Data,304.39,419.78,147.35,313.93,316.02,334.46,340.37,269.36,0.2,31.31,399.69,269.23
CAG,Conagra Brands,Consumer Staples,Packaged Foods & Meats,19.25,30.97,18.26,19.22,19.29,19.02,19.71,23.58,0.2,2.29,19.69,18.34
CPRT,Copart,Industrials,Diversified Support Services,47.61,63.84,45.33,47.34,47.06,46.63,47.46,55.05,0.2,0.84,48.01,45.25
GLW,Corning Inc.,Information Technology,Electronic Components,64.6,65.77,38.85,65.17,65.28,62.99,56.49,49.63,0.2,7.94,69.73,56.26
CTVA,Corteva,Materials,Fertilizers & Agricultural Chemicals,72.96,77.12,53.02,72.26,71.91,72.08,73.25,64.63,0.2,0.75,73.51,70.65
CRWD,CrowdStrike,Information Technology,Systems Software,419.17,514.1,246.39,423.37,426.07,442.05,468.81,405.07,0.2,13.86,477.27,406.83
CCI,Crown Castle,Real Estate,Telecom Tower REITs,102.86,115.16,82.06,101.71,102.72,105.35,103.59,97.7,0.2,9.2,112.32,98.39
CSX,CSX Corporation,Industrials,Rail Transportation,35.99,36.52,26.58,36.23,35.9,35.69,34.2,32.2,0.2,1.56,36.55,34.83
CMI,Cummins,Industrials,Construction Machinery & Heavy Transportation Equipment,396.35,406.8,265.61,400.95,397.05,382.39,352.05,340.97,0.4,4.68,414.9,349.91
CVS,CVS Health,Health Care,Health Care Services,70.82,70.97,42.33,69.46,67.27,64.35,64.83,59.96,0.4,1.0,71.53,57.17
DRI,Darden Restaurants,Consumer Discretionary,Restaurants,207.49,224.21,145.16,206.83,205.64,204.6,210.7,193.45,0.4,0.49,208.51,200.7
DDOG,Datadog,Information Technology,Application Software,128.46,168.65,87.0,127.66,129.21,136.15,135.53,127.42,0.2,19.33,153.29,119.01
DXCM,Dexcom,Health Care,Health Care Equipment,81.67,90.75,59.83,80.86,79.75,81.47,82.94,79.64,0.4,10.92,90.59,72.34
DLR,Digital Realty,Real Estate,Data Center REITs,165.33,191.46,135.17,166.01,167.78,171.51,173.04,167.4,0.2,9.28,180.67,162.35
DG,Dollar General,Consumer Staples,Consumer Staples Merchandise Retail,114.85,121.87,67.66,113.48,114.49,111.35,111.88,89.07,0.2,3.49,118.86,103.84
DLTR,Dollar Tree,Consumer Staples,Consumer Staples Merchandise Retail,113.35,117.16,61.21,113.2,114.3,114.61,107.6,82.77,0.2,3.33,117.12,112.1
D,Dominion Energy,Utilities,Multi-Utilities,61.52,62.1,49.07,61.11,61.4,60.42,58.02,55.14,0.2,2.57,63.1,57.74
DPZ,Domino's,Consumer Discretionary,Restaurants,442.86,495.6,397.58,448.02,445.53,456.26,457.78,455.15,0.2,9.43,484.62,427.9
DHI,D. R. Horton,Consumer Discretionary,Homebuilding,163.37,194.88,114.44,165.23,161.53,154.68,140.33,137.15,0.4,4.77,171.16,138.19
DUK,Duke Energy,Utilities,Electric Utilities,124.48,124.85,102.96,123.07,123.7,122.09,118.56,113.9,0.2,1.96,126.92,117.26
ETN,Eaton Corporation,Industrials,Electrical Components & Equipment,346.22,392.76,245.66,350.97,355.87,368.7,358.59,328.61,0.2,15.8,400.92,336.47
EBAY,eBay Inc.,Consumer Discretionary,Broadline Retail,99.15,100.77,55.71,99.45,97.65,91.78,82.89,70.16,0.2,7.93,107.01,76.55
ECL,Ecolab,Materials,Specialty Chemicals,285.47,285.47,225.1,282.0,278.46,272.05,269.32,253.75,0.2,0.78,287.7,256.41
EW,Edwards Lifesciences,Health Care,Health Care Equipment,81.39,81.39,64.54,79.01,78.41,78.83,77.37,73.53,0.4,0.11,81.48,76.18
EA,Electronic Arts,Communication Services,Interactive Home Entertainment,171.33,179.01,116.21,172.97,172.77,164.07,157.29,148.12,0.4,7.38,183.97,144.16
ELV,Elevance Health,Health Care,Managed Health Care,310.0,553.55,274.66,307.26,299.15,290.73,327.94,381.36,0.2,1.35,314.18,267.28
EMR,Emerson Electric,Industrials,Electrical Components & Equipment,130.89,149.04,93.37,131.98,132.28,138.06,136.12,122.52,0.2,15.64,151.36,124.75
ETR,Entergy,Utilities,Electric Utilities,89.83,91.02,57.49,89.18,89.65,89.17,85.07,80.63,0.2,2.04,91.66,86.69
EQT,EQT Corporation,Energy,Oil & Gas Exploration & Production,51.34,60.26,31.49,51.46,51.44,51.93,54.79,50.58,0.2,4.67,53.74,50.12
EFX,Equifax,Industrials,Research & Consulting Services,248.35,305.2,205.11,247.93,245.53,244.1,253.78,253.72,0.4,1.47,252.0,236.19
EXE,Expand Energy,Energy,Oil & Gas Exploration & Production,94.0,120.67,68.08,94.04,95.22,97.35,105.05,102.12,0.2,9.69,103.11,91.59
EXPE,Expedia Group,Consumer Discretionary,"Hotels, Resorts & Cruise Lines",205.68,209.68,129.25,207.01,202.34,193.06,182.03,176.4,0.4,4.49,214.92,171.21
EXPD,Expeditors International,Industrials,Air Freight & Logistics,119.29,129.72,102.14,120.09,119.56,117.66,116.02,114.45,0.2,2.98,122.84,112.47
XOM,ExxonMobil,Energy,Integrated Oil & Gas,108.53,121.0,98.11,107.11,106.3,107.63,109.14,108.16,0.4,3.11,111.91,103.36
FFIV,"F5, Inc.",Information Technology,Communications Equipment,315.79,326.47,195.73,316.27,319.07,313.69,302.45,277.01,0.2,4.89,331.23,296.16
FAST,Fastenal,Industrials,Trading Companies & Distributors,49.54,49.9,31.39,49.22,48.71,47.55,44.87,39.97,0.2,1.57,50.32,44.79
FIS,Fidelity National Information Services,Financials,Transaction & Payment Processing Services,69.76,89.62,67.79,70.25,70.69,74.61,78.18,77.92,0.2,20.9,84.34,64.87
FITB,Fifth Third Bancorp,Financials,Regional Banks,43.1,47.14,33.02,42.87,42.36,42.15,41.69,40.94,0.2,1.18,43.61,40.7
FSLR,First Solar,Information Technology,Semiconductors,206.44,255.75,120.38,203.35,193.87,188.16,174.2,165.6,0.4,2.08,210.73,165.59
FE,FirstEnergy,Utilities,Electric Utilities,43.58,43.95,37.17,43.39,43.46,42.76,41.03,40.07,0.2,2.5,44.67,40.86
F,Ford Motor Company,Consumer Discretionary,Automobile Manufacturers,11.49,11.75,8.45,11.48,11.35,11.16,11.04,10.02,0.4,1.65,11.68,10.63
FOXA,Fox Corporation (Class A),Communication Services,Broadcasting,58.97,59.89,38.72,58.59,57.06,56.43,55.89,52.02,0.2,1.58,59.9,52.97
FOX,Fox Corporation (Class B),Communication Services,Broadcasting,54.01,54.58,35.86,53.59,52.08,51.61,51.25,48.38,0.2,1.52,54.83,48.4
FCX,Freeport-McMoRan,Materials,Copper,41.31,51.16,28.93,41.83,41.82,41.72,42.85,39.78,0.4,8.47,44.81,38.63
GRMN,Garmin,Consumer Discretionary,Consumer Electronics,230.15,239.99,159.72,232.72,232.35,230.47,219.57,210.06,0.2,4.96,241.57,219.37
GEN,Gen Digital,Information Technology,Systems Software,31.44,32.03,23.31,31.41,30.99,30.25,29.89,28.08,0.4,3.75,32.62,27.88
GNRC,Generac,Industrials,Electrical Components & Equipment,189.65,202.85,101.92,196.93,197.26,187.34,159.99,148.48,0.2,16.82,221.55,153.13
GD,General Dynamics,Industrials,Aerospace & Defense,317.48,317.49,239.38,315.4,315.03,314.12,300.25,275.24,0.4,0.03,317.58,310.67
GM,General Motors,Consumer Discretionary,Automobile Manufacturers,56.77,59.72,42.35,56.56,55.3,54.01,52.12,50.27,0.4,1.02,57.35,50.66
GPC,Genuine Parts Company,Consumer Discretionary,Distributors,136.99,140.16,104.68,137.69,136.17,134.08,127.8,121.1,0.4,2.04,139.78,128.38
GILD,Gilead Sciences,Health Care,Biotechnology,118.73,120.47,72.12,118.42,118.24,115.83,112.29,102.76,0.4,3.12,122.43,109.23
GL,Globe Life,Financials,Life & Health Insurance,139.1,143.27,96.43,137.17,138.47,138.38,127.9,120.16,0.2,3.44,143.89,132.87
HIG,Hartford (The),Financials,Property & Casualty Insurance,133.97,133.97,105.42,131.49,130.11,127.4,125.34,119.06,0.6,0.16,134.18,120.6
HAS,Hasbro,Consumer Discretionary,Leisure Products,79.69,81.51,50.19,80.59,79.39,77.66,75.3,63.97,0.4,2.79,81.91,73.42
HCA,HCA Healthcare,Health Care,Health Care Facilities,410.18,412.92,295.46,399.19,391.45,371.73,372.31,342.85,0.2,1.47,416.21,327.23
HSY,Hershey Company (The),Consumer Staples,Packaged Foods & Meats,181.59,196.72,141.22,179.53,179.45,182.7,174.57,166.5,0.2,5.31,191.23,174.16
HPE,Hewlett Packard Enterprise,Information Technology,"Technology Hardware, Storage & Peripherals",21.04,24.05,12.42,21.3,21.12,20.78,20.07,19.22,0.4,3.75,21.83,19.73
HLT,Hilton Worldwide,Consumer Discretionary,"Hotels, Resorts & Cruise Lines",269.9,278.65,201.16,269.77,267.47,267.27,265.11,249.31,0.2,2.56,276.81,257.73
HON,Honeywell,Industrials,Industrial Conglomerates,217.0,239.16,180.99,216.8,216.44,218.59,225.84,217.08,0.4,3.26,224.07,213.11
HRL,Hormel Foods,Consumer Staples,Packaged Foods & Meats,28.64,32.6,27.75,28.42,28.54,28.53,29.47,29.64,0.2,1.89,29.18,27.87
HST,Host Hotels & Resorts,Real Estate,Hotel & Resort REITs,16.12,18.25,12.54,15.96,15.76,15.85,15.88,15.8,0.2,3.29,16.65,15.05
HWM,Howmet Aerospace,Industrials,Aerospace & Defense,171.94,192.01,91.19,172.83,176.39,180.75,179.6,142.06,0.2,12.11,192.76,168.75
HBAN,Huntington Bancshares,Financials,Regional Banks,16.8,17.67,12.37,16.7,16.46,16.45,16.55,15.89,0.2,1.55,17.06,15.85
HII,Huntington Ingalls Industries,Industrials,Aerospace & Defense,267.09,278.86,157.56,266.76,266.9,266.59,253.25,212.35,0.2,2.84,274.68,258.5
IBM,IBM,Information Technology,IT Consulting & Other Services,242.55,292.8,189.38,240.02,240.2,247.45,269.34,244.26,0.4,8.99,264.36,230.55
IDXX,Idexx Laboratories,Health Care,Health Care Equipment,639.85,682.78,361.04,643.84,649.56,617.06,565.05,471.89,0.2,11.01,710.3,523.83
ITW,Illinois Tool Works,Industrials,Industrial Machinery & Supplies & Components,262.02,273.51,217.09,261.26,260.48,258.84,254.24,252.57,0.2,1.59,266.19,251.5
INCY,Incyte,Health Care,Biotechnology,86.2,86.92,55.17,85.93,83.29,79.13,72.91,69.42,0.2,4.11,89.74,68.52
PODD,Insulet Corporation,Health Care,Health Care Equipment,333.0,333.0,180.69,324.12,315.44,301.63,299.9,279.22,0.4,0.15,333.5,269.76
INTC,Intel,Information Technology,Semiconductors,23.54,27.39,18.13,24.19,22.53,21.46,21.98,21.69,0.4,6.46,25.06,17.87
INTU,Intuit,Information Technology,Application Software,699.15,807.39,542.39,708.95,718.67,753.06,759.62,661.96,0.2,18.58,829.05,677.07
IVZ,Invesco,Financials,Asset Management & Custody Banks,20.78,21.6,11.86,21.01,20.84,20.96,18.22,16.47,0.2,4.57,21.73,20.2
J,Jacobs Solutions,Industrials,Construction & Engineering,146.54,152.18,109.42,147.47,148.23,145.42,137.56,130.72,0.2,3.88,152.23,138.61
JNJ,Johnson & Johnson,Health Care,Pharmaceuticals,178.84,178.84,139.73,176.85,175.01,171.7,162.7,154.84,0.4,0.39,179.54,163.86
KDP,Keurig Dr Pepper,Consumer Staples,Soft Drinks & Non-alcoholic Beverages,35.18,36.99,29.97,34.88,34.7,34.02,33.56,32.84,0.2,1.02,35.54,32.5
KEY,KeyCorp,Financials,Regional Banks,18.22,19.26,13.06,18.18,17.94,18.01,17.67,16.76,0.2,2.74,18.72,17.29
KLAC,KLA Corporation,Information Technology,Semiconductor Materials & Equipment,878.44,953.34,573.9,892.86,907.63,904.01,901.33,746.22,0.2,8.23,950.74,857.28
LHX,L3Harris,Industrials,Aerospace & Defense,276.15,278.26,192.63,272.38,271.62,273.04,262.31,230.55,0.2,1.06,279.08,267.0
LH,Labcorp,Health Care,Health Care Services,278.1,278.1,210.19,273.2,270.13,266.56,260.48,243.63,0.6,-0.44,276.88,256.25
LVS,Las Vegas Sands,Consumer Discretionary,Casinos & Gaming,53.62,54.33,30.35,53.56,53.47,52.78,48.51,44.89,0.2,1.73,54.55,51.02
LDOS,Leidos,Industrials,Diversified Support Services,180.16,199.72,126.1,178.62,178.2,170.93,162.48,151.85,0.2,4.02,187.4,154.46
LIN,Linde plc,Materials,Industrial Gases,482.36,482.36,410.23,479.7,475.96,471.88,468.96,452.94,0.4,0.3,483.81,459.95
LYV,Live Nation Entertainment,Communication Services,Movies & Entertainment,161.9,162.9,92.78,161.89,158.26,154.46,150.09,138.65,0.4,1.87,164.93,143.98
LMT,Lockheed Martin,Industrials,Aerospace & Defense,446.0,602.16,410.74,440.52,435.94,429.5,449.85,468.07,0.4,0.17,446.76,412.25
L,Loews Corporation,Financials,Multi-line Insurance,96.7,96.7,76.32,95.56,94.82,93.2,91.56,87.04,0.6,0.53,97.21,89.18
MTB,M&T Bank,Financials,Regional Banks,193.18,217.42,155.42,191.65,189.99,190.15,191.86,187.86,0.4,1.84,196.73,183.56
MPC,Marathon Petroleum,Energy,Oil & Gas Refining & Marketing,165.82,182.26,117.88,163.51,161.93,165.91,169.33,151.89,0.2,6.08,175.9,155.92
MAR,Marriott International,Consumer Discretionary,"Hotels, Resorts & Cruise Lines",263.53,302.99,210.58,265.66,264.15,265.68,268.87,266.54,0.4,5.48,277.97,253.4
MMC,Marsh McLennan,Financials,Insurance Brokers,211.21,243.22,197.78,208.8,206.81,204.85,210.28,220.45,0.2,0.8,212.9,196.8
MA,Mastercard,Financials,Transaction & Payment Processing Services,592.68,592.68,463.77,585.56,578.9,572.14,564.44,545.5,0.4,-0.34,590.66,553.59
MTCH,Match Group,Communication Services,Interactive Media & Services,37.01,38.74,26.87,37.93,37.29,35.84,33.36,31.81,0.4,6.46,39.4,32.28
MCD,McDonald's,Consumer Discretionary,Restaurants,313.08,319.48,276.57,310.12,307.5,304.35,298.99,299.32,0.2,0.16,313.58,295.12
MCK,McKesson Corporation,Health Care,Health Care Distributors,702.94,735.33,477.52,679.58,672.47,689.83,707.48,653.78,0.2,3.74,729.23,650.46
MDT,Medtronic,Health Care,Health Care Equipment,93.22,93.22,78.03,92.19,92.28,91.62,89.41,86.21,0.2,1.19,94.33,88.9
MTD,Mettler Toledo,Health Care,Life Sciences Tools & Services,1316.88,1499.7,970.15,1315.35,1294.31,1269.47,1223.07,1216.84,0.2,1.94,1342.43,1196.56
MGM,MGM Resorts,Consumer Discretionary,Casinos & Gaming,36.31,41.99,25.79,36.29,35.66,36.2,35.95,34.21,0.4,6.47,38.66,33.73
MCHP,Microchip Technology,Information Technology,Semiconductors,66.76,80.56,35.07,65.75,64.8,66.52,69.53,59.33,0.2,7.0,71.43,61.6
MDLZ,Mondelez International,Consumer Staples,Packaged Foods & Meats,63.17,73.6,55.34,62.24,62.06,64.11,66.37,63.76,0.2,11.35,70.34,57.88
MPWR,Monolithic Power Systems,Information Technology,Semiconductors,826.27,939.39,454.23,839.33,829.88,792.8,750.97,653.67,0.4,8.17,893.78,691.8
MNST,Monster Beverage,Consumer Staples,Soft Drinks & Non-alcoholic Beverages,64.39,64.69,46.16,64.27,63.87,61.94,61.7,56.83,0.2,2.89,66.25,57.63
MS,Morgan Stanley,Financials,Investment Banking & Brokerage,144.12,148.51,93.79,145.22,144.91,143.27,139.73,127.68,0.2,2.77,148.11,138.43
NEM,Newmont,Materials,Gold,69.0,69.33,36.61,68.64,68.76,66.5,61.67,49.55,0.2,4.3,71.97,61.04
NWSA,News Corp (Class A),Communication Services,Publishing,29.61,30.38,23.97,29.65,29.26,29.3,29.19,28.19,0.4,1.49,30.05,28.55
NWS,News Corp (Class B),Communication Services,Publishing,34.22,34.89,26.94,34.29,33.81,33.7,33.6,31.98,0.4,1.05,34.58,32.81
NEE,NextEra Energy,Utilities,Multi-Utilities,76.18,83.49,63.6,75.21,73.77,72.47,72.97,70.98,0.4,0.03,76.2,68.74
NKE,"Nike, Inc.",Consumer Discretionary,"Apparel, Accessories & Luxury Goods",76.26,87.95,52.92,76.79,75.86,75.93,71.68,69.85,0.2,3.32,78.79,73.06
NDSN,Nordson Corporation,Industrials,Industrial Machinery & Supplies & Components,213.52,261.43,166.9,215.16,214.69,215.16,216.37,214.18,0.4,4.13,222.34,207.98
NSC,Norfolk Southern,Industrials,Rail Transportation,285.49,285.53,204.09,282.81,281.29,280.1,267.57,246.91,0.4,0.23,286.15,274.05
NRG,NRG Energy,Utilities,Independent Power Producers & Energy Traders,148.19,173.91,75.33,149.88,151.89,157.26,154.59,118.25,0.2,16.65,172.86,141.65
NUE,Nucor,Materials,Steel,143.47,165.5,102.79,144.76,142.55,141.88,136.49,128.93,0.4,3.09,147.9,135.85
NXPI,NXP Semiconductors,Information Technology,Semiconductors,228.77,253.51,152.79,230.07,221.92,219.66,220.62,209.98,0.2,4.52,239.11,200.19
ORLY,O’Reilly Automotive,Consumer Discretionary,Automotive Retail,104.0,104.44,73.94,102.3,102.64,101.17,95.06,88.99,0.2,1.56,105.62,96.72
PANW,Palo Alto Networks,Information Technology,Systems Software,184.43,208.28,152.44,178.56,174.84,179.68,190.89,187.36,0.6,10.02,202.91,156.46
PSKY,Paramount Skydance Corporation,Communication Services,Movies & Entertainment,13.98,15.0,9.8,13.81,12.74,12.7,12.63,11.51,0.4,9.08,15.25,10.15
PAYC,Paycom,Industrials,Human Resource & Employment Services,226.95,265.71,154.16,222.67,223.43,227.72,230.96,224.42,0.4,6.72,242.2,213.23
PNR,Pentair,Industrials,Industrial Machinery & Supplies & Components,105.04,109.01,75.76,105.87,105.21,103.84,103.14,97.99,0.2,2.88,108.07,99.61
PFE,Pfizer,Health Care,Pharmaceuticals,25.38,28.21,20.83,25.2,24.92,24.52,24.39,24.22,0.2,1.5,25.76,23.27
PM,Philip Morris International,Consumer Staples,Tobacco,172.85,183.57,113.98,167.94,168.28,165.43,173.84,151.57,0.6,-0.07,172.73,158.14
PSX,Phillips 66,Energy,Oil & Gas Refining & Marketing,123.57,135.19,91.09,122.26,120.49,121.46,122.69,117.92,0.4,2.6,126.78,116.13
PNC,PNC Financial Services,Financials,Diversified Banks,195.0,209.23,146.94,193.17,191.59,191.54,188.86,183.51,0.4,1.18,197.3,185.78
PPL,PPL Corporation,Utilities,Electric Utilities,37.09,37.24,30.39,36.74,36.68,36.37,35.16,34.0,0.2,0.57,37.3,35.44
PGR,Progressive Corporation,Financials,Property & Casualty Insurance,252.68,291.0,232.57,249.7,247.74,245.71,252.4,259.86,0.2,0.13,253.01,238.42
PTC,PTC Inc.,Information Technology,Application Software,210.89,216.41,136.74,208.58,207.07,208.09,191.71,178.21,0.2,2.96,217.13,199.05
PHM,PulteGroup,Consumer Discretionary,Homebuilding,126.54,148.13,91.82,128.47,125.82,121.4,113.21,110.58,0.4,4.56,132.31,110.5
QCOM,Qualcomm,Information Technology,Semiconductors,155.44,175.11,123.92,157.31,153.83,153.64,155.72,155.05,0.2,6.12,164.95,142.31
DGX,Quest Diagnostics,Health Care,Health Care Services,184.4,184.4,144.81,180.88,179.17,174.68,174.62,166.15,0.6,0.28,184.92,164.45
O,Realty Income,Real Estate,Retail REITs,59.9,61.73,49.83,58.62,58.05,57.5,57.2,55.03,0.4,-1.05,59.27,55.74
RF,Regions Financial Corporation,Financials,Regional Banks,25.86,26.62,18.13,25.78,25.43,25.53,24.48,23.11,0.2,3.02,26.64,24.43
RSG,Republic Services,Industrials,Environmental & Facilities Services,236.11,257.46,196.49,233.74,234.28,235.67,240.79,229.86,0.2,3.85,245.2,226.15
RMD,ResMed,Health Care,Health Care Equipment,289.06,290.83,203.67,286.17,284.78,281.37,265.76,242.44,0.2,1.18,292.47,270.26
RCL,Royal Caribbean Group,Consumer Discretionary,"Hotels, Resorts & Cruise Lines",329.12,352.84,154.84,322.45,315.28,322.28,314.97,252.48,0.4,7.06,352.36,292.23
SPGI,S&P Global,Financials,Financial Exchanges & Data,557.03,564.15,437.5,556.66,557.68,550.92,532.09,510.17,0.2,3.29,575.36,526.47
SBAC,SBA Communications,Real Estate,Telecom Tower REITs,223.71,245.74,190.85,219.19,219.65,223.54,228.82,219.22,0.2,4.87,234.6,212.46
STX,Seagate Technology,Information Technology,"Technology Hardware, Storage & Peripherals",158.4,158.7,66.19,157.04,154.79,153.39,145.81,107.07,0.4,1.26,160.4,146.37
SJM,J.M. Smucker Company (The),Consumer Staples,Packaged Foods & Meats,113.05,117.29,93.48,111.53,110.91,109.49,103.88,107.57,0.2,0.03,113.08,105.9
SOLV,Solventum,Health Care,Health Care Technology,72.85,84.04,59.45,72.1,72.42,72.72,73.85,72.2,0.4,2.68,74.8,70.65
LUV,Southwest Airlines,Industrials,Passenger Airlines,31.18,37.7,23.9,31.26,30.62,30.86,32.81,31.4,0.2,6.35,33.16,28.56
STT,State Street Corporation,Financials,Asset Management & Custody Banks,111.89,113.6,74.79,111.78,111.26,111.31,107.23,96.41,0.2,1.78,113.88,108.74
STLD,Steel Dynamics,Materials,Steel,125.45,152.49,106.43,126.7,125.58,125.79,129.2,128.18,0.4,4.75,131.41,120.16
STE,Steris,Health Care,Health Care Equipment,249.55,251.96,201.46,246.69,244.5,235.69,234.87,224.74,0.4,1.93,254.37,217.02
SYK,Stryker Corporation,Health Care,Health Care Equipment,391.87,403.53,336.65,384.77,381.0,385.98,386.93,378.07,0.6,3.43,405.31,366.65
SMCI,Supermicro,Information Technology,"Technology Hardware, Storage & Peripherals",42.61,62.38,18.01,44.51,45.15,50.79,48.87,39.06,0.2,49.07,63.52,38.06
SYY,Sysco,Consumer Staples,Food Distributors,80.98,82.19,67.53,80.08,80.42,80.15,77.75,74.16,0.2,1.11,81.88,78.41
TTWO,Take-Two Interactive,Communication Services,Interactive Home Entertainment,228.67,243.05,147.66,230.98,229.01,226.85,233.2,209.74,0.6,3.18,235.94,217.74
TEL,TE Connectivity,Information Technology,Electronic Manufacturing Services,201.55,209.34,121.47,203.66,203.05,204.13,184.75,156.77,0.2,4.18,209.97,198.3
TXN,Texas Instruments,Information Technology,Semiconductors,200.77,219.66,143.34,195.86,192.24,188.62,199.69,186.27,0.8,-0.67,199.42,177.81
TXT,Textron,Industrials,Aerospace & Defense,79.29,91.11,60.7,79.45,78.91,78.64,80.21,76.75,0.6,2.21,81.04,76.24
TJX,TJX Companies,Consumer Discretionary,Apparel Retail,138.27,138.27,110.73,134.3,133.27,129.98,126.18,123.47,0.4,-0.4,137.72,122.23
TKO,TKO Group Holdings,Communication Services,Movies & Entertainment,182.61,191.28,113.12,186.58,181.42,173.87,172.73,154.45,0.4,7.12,195.61,152.13
TSCO,Tractor Supply,Consumer Discretionary,Other Specialty Retail,61.03,62.28,47.8,60.92,60.24,59.49,56.56,54.15,0.4,1.51,61.95,57.02
TT,Trane Technologies,Industrials,Building Products,426.3,472.54,314.52,427.19,429.6,438.59,435.27,392.28,0.2,10.41,470.68,406.53
TDG,TransDigm Group,Industrials,Aerospace & Defense,1402.16,1620.83,1225.77,1398.14,1405.57,1485.84,1498.76,1378.34,0.2,19.99,1682.45,1289.21
TRV,Travelers Companies (The),Financials,Property & Casualty Insurance,274.39,275.2,213.32,268.47,267.01,264.05,262.66,255.22,0.4,-0.56,272.85,255.26
TFC,Truist Financial,Financials,Diversified Banks,44.39,46.42,33.92,44.45,43.93,43.78,43.03,42.02,0.2,2.73,45.6,41.97
USB,U.S. Bancorp,Financials,Diversified Banks,46.41,51.9,36.0,46.3,45.74,45.51,45.4,44.95,0.2,1.9,47.29,43.72
UBER,Uber,Industrials,Passenger Ground Transportation,93.73,97.48,59.93,93.41,92.24,90.58,90.56,77.85,0.2,1.56,95.19,85.97
UDR,"UDR, Inc.",Real Estate,Multi-Family Residential REITs,38.82,45.23,37.29,38.48,38.31,38.86,39.91,41.38,0.2,4.77,40.67,37.04
ULTA,Ulta Beauty,Consumer Discretionary,Other Specialty Retail,516.69,532.71,314.47,519.46,514.91,514.6,490.93,415.87,0.2,2.61,530.18,499.03
URI,United Rentals,Industrials,Trading Companies & Distributors,901.87,932.23,549.5,912.38,898.75,886.86,810.79,732.98,0.2,3.67,934.97,838.72
UHS,Universal Health Services,Health Care,Health Care Facilities,184.7,240.75,154.95,180.42,176.88,169.27,173.17,182.46,0.2,1.2,186.92,151.63
VLO,Valero Energy,Energy,Oil & Gas Refining & Marketing,140.51,153.55,102.97,137.57,135.5,136.81,139.09,129.55,0.4,2.16,143.55,130.08
VTR,Ventas,Real Estate,Health Care REITs,69.18,69.55,56.07,67.93,68.2,67.71,65.33,63.67,0.2,0.65,69.63,65.8
VLTO,Veralto,Industrials,Environmental & Facilities Services,108.91,113.22,85.23,107.73,107.96,106.53,103.05,100.49,0.2,1.29,110.31,102.76
VRSN,Verisign,Information Technology,Internet Services & Infrastructure,271.42,305.1,175.69,268.54,268.26,273.08,279.11,241.11,0.4,9.24,296.5,249.65
VRSK,Verisk Analytics,Industrials,Research & Consulting Services,270.85,320.87,260.0,268.62,266.43,273.53,292.74,290.97,0.2,9.7,297.12,249.95
VZ,Verizon,Communication Services,Integrated Telecommunication Services,45.06,45.06,36.62,44.43,43.84,43.29,42.52,41.28,0.2,-0.49,44.84,41.75
VICI,Vici Properties,Real Estate,Hotel & Resort REITs,32.97,33.93,27.46,32.55,32.74,32.91,32.8,30.99,0.2,2.31,33.73,32.09
V,Visa Inc.,Financials,Transaction & Payment Processing Services,343.93,372.65,264.61,343.82,340.14,343.4,348.92,336.29,0.2,3.75,356.83,329.99
VMC,Vulcan Materials Company,Materials,Construction Materials,286.28,295.15,219.65,290.74,289.27,282.37,270.89,262.86,0.4,4.3,298.59,266.16
WRB,W. R. Berkley Corporation,Financials,Property & Casualty Insurance,72.64,74.57,55.33,71.41,70.91,70.07,70.57,65.36,0.4,-0.3,72.42,67.72
WAB,Wabtec,Industrials,Construction Machinery & Heavy Transportation Equipment,192.85,214.1,159.36,191.09,191.28,191.59,201.54,194.19,0.2,2.94,198.52,184.66
WBA,Walgreens Boots Alliance,Consumer Staples,Drug Retail,12.2,12.93,8.01,12.06,11.97,11.81,11.6,10.73,0.4,-0.16,12.18,11.45
WMT,Walmart,Consumer Staples,Consumer Staples Merchandise Retail,102.57,104.27,73.01,101.03,101.94,100.17,97.67,93.75,0.2,2.27,104.9,95.44
DIS,Walt Disney Company (The),Communication Services,Movies & Entertainment,117.04,124.01,81.37,116.31,114.98,117.08,119.07,108.61,0.6,4.84,122.7,111.45
WM,Waste Management,Industrials,Environmental & Facilities Services,230.03,241.26,199.11,227.14,230.4,230.51,229.81,224.02,0.2,2.95,236.82,224.21
WELL,Welltower,Real Estate,Health Care REITs,165.99,168.94,113.43,163.35,164.81,164.66,157.99,144.56,0.2,2.8,170.64,158.69
WDC,Western Digital,Information Technology,"Technology Hardware, Storage & Peripherals",75.64,78.69,30.48,75.82,75.51,74.31,67.63,52.19,0.2,5.78,80.01,68.6
WSM,"Williams-Sonoma, Inc.",Consumer Discretionary,Homefurnishing Retail,199.27,215.83,126.49,202.46,202.85,196.82,177.88,173.88,0.2,7.3,213.82,179.83
WMB,Williams Companies,Energy,Oil & Gas Storage & Transportation,57.22,62.87,42.67,57.02,57.46,58.24,58.84,56.97,0.2,5.56,60.4,56.09
XYL,Xylem Inc.,Industrials,Industrial Machinery & Supplies & Components,141.87,144.62,102.53,141.44,142.32,139.99,133.61,124.55,0.2,5.55,149.74,130.23
YUM,Yum! Brands,Consumer Discretionary,Restaurants,149.34,161.74,122.07,149.13,145.76,145.2,145.9,142.58,0.2,1.44,151.49,138.9
ZTS,Zoetis,Health Care,Pharmaceuticals,156.76,194.12,143.44,154.38,151.87,150.59,154.37,162.0,0.2,0.0,156.76,144.43
