Symbol,Company,GICS_Sector,GICS_Sub_Industry,Current_Price,High_52_Week,Low_52_Week,SMA5,SMA10,SMA20,SMA50,SMA200,Score,Target_Pcnt,Target_Price,Stop_Loss
MMM,3M,Industrials,Industrial Conglomerates,154.75,160.2,122.88,154.2,154.94,152.14,151.42,142.56,0.2,3.1,159.55,144.74
AOS,A. O. Smith,Industrials,Building Products,71.85,88.84,59.04,72.31,71.85,71.43,68.55,67.85,0.2,2.34,73.53,69.34
ABT,Abbott Laboratories,Health Care,Health Care Equipment,132.44,138.95,108.68,131.0,131.31,129.66,131.03,125.79,0.2,1.41,134.31,125.01
ABBV,AbbVie,Health Care,Biotechnology,209.15,212.84,160.57,206.66,202.89,197.77,191.53,185.82,0.4,0.65,210.51,185.02
ACN,Accenture,Information Technology,IT Consulting & Other Services,255.05,394.31,237.87,250.65,245.63,256.35,280.05,321.6,-0.2,12.17,286.09,226.62
ADBE,Adobe Inc.,Information Technology,Application Software,353.43,586.55,333.65,355.03,347.76,352.64,369.79,417.06,-0.2,6.63,376.86,328.44
AMD,Advanced Micro Devices,Information Technology,Semiconductors,165.2,184.42,78.21,173.27,174.32,173.23,153.14,124.59,-0.2,11.92,184.89,161.57
AES,AES Corporation,Utilities,Independent Power Producers & Energy Traders,13.2,19.11,9.5,13.22,13.08,13.14,12.22,11.61,0.2,3.48,13.66,12.62
AFL,Aflac,Financials,Life & Health Insurance,107.9,113.48,98.09,106.25,105.04,102.69,102.79,104.72,0.2,0.56,108.5,96.88
A,Agilent Technologies,Health Care,Life Sciences Tools & Services,119.11,151.96,99.08,119.09,117.58,117.25,117.78,124.09,-0.2,2.78,122.42,112.08
APD,Air Products,Materials,Industrial Gases,292.37,333.89,247.03,290.67,289.81,290.7,287.57,292.74,-0.4,2.27,299.01,282.41
ABNB,Airbnb,Consumer Discretionary,"Hotels, Resorts & Cruise Lines",124.96,161.42,105.69,125.24,123.17,129.01,133.14,131.8,0.0,14.57,143.17,114.85
AKAM,Akamai Technologies,Information Technology,Internet Services & Infrastructure,76.06,106.67,68.21,75.3,73.98,75.64,77.64,84.95,0.2,7.03,81.41,69.87
ALB,Albemarle Corporation,Materials,Specialty Chemicals,78.12,109.53,50.43,81.08,79.13,75.72,70.52,76.56,0.0,12.69,88.03,63.41
ARE,Alexandria Real Estate Equities,Real Estate,Office REITs,77.46,117.87,66.61,76.71,75.28,76.76,75.74,86.25,0.2,5.93,82.05,71.48
ALGN,Align Technology,Health Care,Health Care Supplies,143.58,257.17,129.01,143.52,141.73,156.07,176.68,191.84,0.0,48.29,212.91,99.22
ALLE,Allegion,Industrials,Building Products,168.52,169.86,118.08,168.26,166.93,165.93,153.39,138.18,0.2,0.78,169.83,162.02
LNT,Alliant Energy,Utilities,Electric Utilities,66.33,66.34,54.87,65.22,65.34,65.15,62.82,60.63,0.2,0.66,66.77,63.53
ALL,Allstate,Financials,Property & Casualty Insurance,213.62,213.62,175.45,209.31,208.04,203.44,198.96,196.26,0.4,1.2,216.18,190.69
GOOGL,Alphabet Inc. (Class A),Communication Services,Interactive Media & Services,199.32,205.89,144.53,202.25,201.55,197.63,185.78,177.0,0.2,3.65,206.6,188.67
GOOG,Alphabet Inc. (Class C),Communication Services,Interactive Media & Services,200.19,207.22,146.4,203.14,202.39,198.46,186.72,178.5,0.2,3.62,207.44,189.49
MO,Altria,Consumer Staples,Tobacco,67.58,67.58,46.47,66.3,65.64,63.34,60.68,55.78,0.2,1.51,68.6,58.08
AMZN,Amazon,Consumer Discretionary,Broadline Retail,223.81,242.06,167.32,229.06,225.85,225.63,222.04,211.86,0.2,6.71,238.83,212.45
AMCR,Amcor,Materials,Paper & Plastic Packaging Products & Materials,8.57,10.94,8.45,8.61,9.17,9.34,9.38,9.49,-0.2,19.6,10.25,8.44
AEE,Ameren,Utilities,Multi-Utilities,101.99,103.26,79.24,101.16,101.43,101.13,98.22,94.97,0.0,1.38,103.4,98.85
AEP,American Electric Power,Utilities,Electric Utilities,113.55,114.06,87.97,112.35,112.42,111.63,106.63,100.65,0.2,1.67,115.45,107.82
AXP,American Express,Financials,Consumer Finance,308.4,328.13,230.81,306.95,303.32,303.01,306.78,292.14,0.4,1.93,314.35,291.68
AIG,American International Group,Financials,Multi-line Insurance,82.53,87.26,69.3,80.9,79.62,79.08,81.63,78.72,0.8,-0.74,81.92,76.23
AMT,American Tower,Real Estate,Telecom Tower REITs,209.5,235.15,170.7,205.77,206.02,211.07,216.72,204.03,0.0,8.37,227.04,195.11
AWK,American Water Works,Utilities,Water Utilities,145.62,150.19,118.87,144.16,143.95,142.4,141.3,135.8,0.2,1.17,147.32,137.46
AMP,Ameriprise Financial,Financials,Asset Management & Custody Banks,505.4,569.83,419.45,506.81,507.04,509.78,519.53,516.83,0.0,3.43,522.74,496.85
AME,Ametek,Industrials,Electrical Components & Equipment,183.34,196.4,151.15,183.46,183.6,182.62,180.8,179.88,0.2,2.46,187.85,177.4
AMGN,Amgen,Health Care,Biotechnology,296.45,329.11,254.27,294.28,290.37,295.19,293.44,286.88,0.4,4.51,309.82,280.56
APH,Amphenol,Information Technology,Electronic Components,108.65,111.85,58.99,109.93,109.97,108.18,101.77,79.55,0.0,3.74,112.71,103.64
ADI,Analog Devices,Information Technology,Semiconductors,244.87,245.68,163.85,234.94,231.55,228.62,233.76,215.91,0.6,-1.61,240.93,216.31
AON,Aon plc,Financials,Insurance Brokers,374.0,407.61,331.76,369.12,367.98,363.91,357.86,369.08,-0.2,0.75,376.8,351.01
APA,APA Corporation,Energy,Oil & Gas Exploration & Production,20.34,27.9,13.62,20.39,20.23,19.61,19.3,19.66,-0.2,4.03,21.16,18.06
APO,Apollo Global Management,Financials,Asset Management & Custody Banks,135.34,176.82,105.37,138.17,139.9,142.77,142.32,147.51,0.0,11.78,151.28,134.26
AAPL,Apple Inc.,Information Technology,"Technology Hardware, Storage & Peripherals",226.01,258.1,172.0,230.37,229.09,219.0,211.02,220.47,0.0,6.57,240.86,197.15
AMAT,Applied Materials,Information Technology,Semiconductor Materials & Equipment,160.96,212.29,126.59,167.34,176.76,180.48,183.25,169.24,0.0,24.38,200.2,160.76
APTV,Aptiv,Consumer Discretionary,Automotive Parts & Equipment,75.15,76.14,47.92,75.09,72.14,69.83,69.66,62.72,0.4,3.37,77.68,61.98
ACGL,Arch Capital Group,Financials,Property & Casualty Insurance,92.84,109.22,84.99,91.44,90.25,88.93,89.37,92.26,0.2,-0.05,92.79,85.07
ADM,Archer Daniels Midland,Consumer Staples,Agricultural Products & Services,60.73,60.73,41.37,59.89,59.18,57.18,54.97,50.09,0.2,1.58,61.69,52.66
ANET,Arista Networks,Information Technology,Communications Equipment,131.47,141.25,64.37,135.21,137.14,128.8,112.21,100.6,0.2,12.89,148.42,109.2
AJG,Arthur J. Gallagher & Co.,Financials,Insurance Brokers,302.64,348.08,274.44,296.85,293.84,293.7,306.94,312.06,0.2,2.88,311.36,276.05
AIZ,Assurant,Financials,Multi-line Insurance,215.4,226.12,179.02,212.74,209.75,199.23,195.6,202.86,0.0,3.76,223.5,174.97
T,AT&T,Communication Services,Integrated Telecommunication Services,29.28,29.28,18.62,28.96,28.6,28.12,27.86,25.49,0.2,-0.07,29.26,26.99
ATO,Atmos Energy,Utilities,Gas Utilities,166.09,166.98,126.27,165.48,165.22,160.93,156.82,149.47,0.4,2.25,169.83,152.02
ADSK,Autodesk,Information Technology,Application Software,288.63,321.27,238.84,287.6,287.63,295.35,298.16,290.33,0.2,8.09,311.98,278.72
ADP,Automatic Data Processing,Industrials,Human Resource & Employment Services,309.03,325.19,259.17,304.17,303.85,304.65,305.31,301.31,0.2,0.79,311.47,297.84
AZO,AutoZone,Consumer Discretionary,Automotive Retail,4158.1,4158.1,2981.19,4065.25,4049.56,3967.53,3796.16,3542.77,0.4,0.78,4190.53,3744.41
AVB,AvalonBay Communities,Real Estate,Multi-Family Residential REITs,190.62,232.03,182.72,190.04,188.83,190.8,198.21,208.65,0.2,6.42,202.86,178.75
AVY,Avery Dennison,Materials,Paper & Plastic Packaging Products & Materials,175.69,219.16,158.75,175.15,174.25,172.53,176.4,181.85,0.0,2.84,180.68,164.37
AXON,Axon Enterprise,Industrials,Aerospace & Defense,760.89,870.97,354.62,762.97,788.11,775.63,773.07,651.19,-0.2,14.62,872.13,679.13
BKR,Baker Hughes,Energy,Oil & Gas Equipment & Services,42.85,48.05,32.21,42.94,42.9,43.81,40.97,41.04,-0.4,7.79,46.19,41.43
BALL,Ball Corporation,Materials,"Metal, Glass & Plastic Containers",53.13,67.18,44.77,53.32,53.68,55.46,56.53,54.32,0.2,13.14,60.11,50.8
BAC,Bank of America,Financials,Diversified Banks,48.35,48.93,34.19,47.8,47.08,47.08,46.8,44.1,0.2,2.05,49.34,44.81
BAX,Baxter International,Health Care,Health Care Equipment,24.27,39.64,21.76,24.17,23.96,24.73,27.77,30.57,-0.2,21.71,29.54,19.91
BDX,Becton Dickinson,Health Care,Health Care Equipment,199.2,246.46,164.16,196.63,194.78,187.32,179.7,205.4,0.0,2.27,203.72,170.92
BRK-B,Berkshire Hathaway,Financials,Multi-Sector Holdings,488.68,539.8,442.29,481.79,474.82,474.2,479.05,486.22,0.0,0.35,490.39,458.04
BBY,Best Buy,Consumer Discretionary,Computer & Electronics Retail,72.27,99.54,55.4,72.31,70.96,68.71,69.21,75.4,0.0,2.71,74.23,63.19
TECH,Bio-Techne,Health Care,Life Sciences Tools & Services,54.33,79.93,46.59,53.93,52.75,54.35,52.84,60.89,-0.2,10.25,59.9,48.81
BIIB,Biogen,Health Care,Biotechnology,138.99,206.18,113.38,137.46,133.78,132.01,130.55,138.63,0.0,0.52,139.71,124.31
BLK,BlackRock,Financials,Asset Management & Custody Banks,1128.46,1160.16,811.42,1137.64,1137.36,1125.66,1078.32,997.34,0.2,2.84,1160.51,1090.81
BX,Blackstone Inc.,Financials,Asset Management & Custody Banks,164.47,194.8,118.51,169.46,170.43,171.66,159.7,157.51,-0.4,8.84,179.01,164.32
XYZ,"Block, Inc.",Financials,Transaction & Payment Processing Services,74.18,98.92,46.53,75.41,75.18,76.37,71.22,72.2,-0.2,8.82,80.72,72.03
BK,BNY Mellon,Financials,Asset Management & Custody Banks,101.25,103.61,63.75,101.68,102.25,101.66,96.09,85.0,-0.2,2.6,103.88,99.45
BA,Boeing,Industrials,Aerospace & Defense,225.62,236.41,136.59,230.3,229.99,228.43,220.51,184.62,0.2,5.24,237.44,219.4
BKNG,Booking Holdings,Consumer Discretionary,"Hotels, Resorts & Cruise Lines",5639.78,5815.92,3673.45,5538.98,5480.66,5516.6,5562.88,5084.38,0.4,1.09,5701.25,5332.17
BSX,Boston Scientific,Health Care,Health Care Equipment,106.05,107.76,78.48,104.03,103.42,104.52,103.71,99.06,0.4,1.44,107.58,101.46
BMY,Bristol Myers Squibb,Health Care,Pharmaceuticals,48.26,61.62,43.31,48.21,47.27,46.7,47.06,52.18,-0.2,3.23,49.82,43.58
AVGO,Broadcom,Information Technology,Semiconductors,291.17,312.83,135.46,301.88,304.4,299.59,280.62,221.92,-0.2,7.98,314.41,284.77
BR,Broadridge Financial Solutions,Industrials,Data Processing & Outsourced Services,261.86,266.89,204.4,260.93,262.47,257.57,246.59,235.81,0.2,3.93,272.15,243.0
BRO,Brown & Brown,Financials,Insurance Brokers,96.79,124.07,91.23,95.82,94.99,95.09,102.23,108.66,-0.2,5.77,102.37,87.81
BF-B,Brown–Forman,Consumer Staples,Distillers & Vintners,30.43,48.58,25.65,30.42,30.6,30.31,28.7,33.83,-0.4,3.88,31.61,29.02
BLDR,Builders FirstSource,Industrials,Building Products,132.75,201.83,105.63,136.49,135.65,133.51,126.58,138.87,-0.4,7.17,142.27,124.74
BG,Bunge Global,Consumer Staples,Agricultural Products & Services,82.37,97.93,67.23,80.91,81.46,79.85,78.8,77.34,0.4,2.38,84.33,75.37
BXP,"BXP, Inc.",Real Estate,Office REITs,66.43,86.01,56.05,65.82,64.93,66.31,68.32,68.98,-0.2,7.21,71.22,61.41
CHRW,C.H. Robinson,Industrials,Air Freight & Logistics,121.08,123.82,86.41,122.13,120.12,114.22,103.58,100.32,0.4,7.78,130.5,97.93
CDNS,Cadence Design Systems,Information Technology,Application Software,345.45,371.03,231.64,349.48,350.56,352.03,327.28,297.99,0.2,8.57,375.06,328.99
CZR,Caesars Entertainment,Consumer Discretionary,Casinos & Gaming,25.22,45.55,23.18,25.41,24.96,26.07,27.83,31.02,0.0,17.01,29.51,22.63
CPT,Camden Property Trust,Real Estate,Multi-Family Residential REITs,108.43,123.69,104.05,107.06,106.37,108.3,111.82,114.56,0.2,5.63,114.53,102.06
CPB,Campbell's Company (The),Consumer Staples,Packaged Foods & Meats,32.39,49.89,30.28,32.47,32.44,32.44,31.83,36.95,-0.4,1.82,32.98,31.91
COF,Capital One,Financials,Consumer Finance,214.71,220.48,134.82,216.29,213.6,212.79,211.18,190.45,0.2,2.42,219.91,205.68
CAH,Cardinal Health,Health Care,Health Care Distributors,152.95,167.63,106.71,150.31,151.44,154.31,158.87,137.02,0.0,6.01,162.14,146.47
KMX,CarMax,Consumer Discretionary,Automotive Retail,57.81,89.19,54.66,58.31,57.3,57.54,62.74,72.98,-0.2,5.71,61.11,53.97
CCL,Carnival,Consumer Discretionary,"Hotels, Resorts & Cruise Lines",29.26,30.74,15.32,29.76,29.51,29.56,28.13,24.33,0.0,4.61,30.61,28.51
CARR,Carrier Global,Industrials,Building Products,66.84,81.67,55.21,66.29,66.15,68.82,71.85,68.98,0.2,17.77,78.72,58.91
CAT,Caterpillar Inc.,Industrials,Construction Machinery & Heavy Transportation Equipment,420.59,438.02,271.63,414.92,414.32,423.3,401.46,363.53,0.2,5.22,442.54,404.06
CBOE,Cboe Global Markets,Financials,Financial Exchanges & Data,251.93,253.24,189.73,247.07,248.46,246.83,237.6,216.81,0.2,0.98,254.4,239.28
CBRE,CBRE Group,Real Estate,Real Estate Services,160.84,160.84,111.5,159.23,157.52,155.37,145.24,134.96,0.2,1.97,164.01,146.73
CDW,CDW Corporation,Information Technology,Technology Distributors,166.91,226.97,144.0,166.04,164.67,169.93,174.32,175.86,-0.2,10.44,184.34,155.53
COR,Cencora,Health Care,Health Care Distributors,303.69,303.69,217.68,295.18,290.76,289.75,292.47,266.42,0.4,-1.24,299.92,279.58
CNC,Centene Corporation,Health Care,Managed Health Care,29.4,80.23,25.21,28.63,27.25,26.75,36.35,54.15,0.2,0.34,29.5,24.01
CNP,CenterPoint Energy,Utilities,Multi-Utilities,38.5,39.16,25.32,38.2,38.44,38.45,37.18,34.65,0.0,2.13,39.32,37.57
CF,CF Industries,Materials,Fertilizers & Agricultural Chemicals,85.43,101.88,67.67,84.91,83.79,88.0,91.95,85.22,0.0,13.5,96.96,79.04
CRL,Charles River Laboratories,Health Care,Life Sciences Tools & Services,159.58,220.69,99.75,157.5,154.27,162.63,157.35,161.27,-0.2,15.14,183.74,141.52
SCHW,Charles Schwab Corporation,Financials,Investment Banking & Brokerage,95.51,98.69,60.96,96.27,96.6,96.74,93.24,82.52,-0.2,3.31,98.67,94.8
CHTR,Charter Communications,Communication Services,Cable & Satellite,266.62,427.25,256.57,266.29,263.77,275.5,347.79,364.95,0.0,23.75,329.94,221.05
CVX,Chevron Corporation,Energy,Integrated Oil & Gas,153.22,164.65,130.67,153.42,153.05,152.55,149.01,147.05,0.2,1.75,155.9,149.21
CMG,Chipotle Mexican Grill,Consumer Discretionary,Restaurants,43.07,66.16,41.44,43.38,42.9,43.4,49.76,53.66,0.0,6.55,45.89,40.92
CB,Chubb Limited,Financials,Property & Casualty Insurance,279.68,301.45,256.04,275.27,273.27,270.58,277.34,279.63,0.4,-0.71,277.69,263.46
CHD,Church & Dwight,Consumer Staples,Household Products,94.91,112.48,90.63,93.31,92.62,93.45,95.5,101.71,0.0,2.58,97.36,89.55
CI,Cigna,Health Care,Health Care Services,304.57,361.79,262.23,298.44,288.27,284.62,301.36,306.68,0.2,2.11,311.0,258.22
CINF,Cincinnati Financial,Financials,Property & Casualty Insurance,153.65,157.35,125.84,152.21,151.79,150.61,148.55,143.81,0.2,1.03,155.23,145.98
CTAS,Cintas,Industrials,Diversified Support Services,216.73,227.2,181.05,216.98,220.46,221.45,220.13,209.62,0.2,4.99,227.54,215.35
CSCO,Cisco,Information Technology,Communications Equipment,67.11,71.79,47.21,67.26,69.05,68.6,67.84,61.52,0.0,6.78,71.66,65.54
C,Citigroup,Financials,Diversified Banks,93.17,95.74,55.59,94.06,93.69,93.56,88.14,75.45,-0.2,3.51,96.44,90.69
CFG,Citizens Financial Group,Financials,Regional Banks,48.81,49.45,33.59,48.65,48.08,48.04,46.11,43.03,0.2,1.72,49.65,46.44
CLX,Clorox,Consumer Staples,Household Products,121.25,165.31,116.82,121.06,121.9,123.63,123.5,141.9,-0.4,6.38,128.99,118.28
CME,CME Group,Financials,Financial Exchanges & Data,274.61,289.38,198.12,273.03,276.38,277.96,275.58,254.44,0.2,4.56,287.13,268.77
CMS,CMS Energy,Utilities,Multi-Utilities,73.01,74.4,63.54,72.59,72.96,72.83,70.96,69.23,0.2,2.04,74.5,71.16
KO,Coca-Cola Company (The),Consumer Staples,Soft Drinks & Non-alcoholic Beverages,70.7,73.38,59.94,69.89,70.21,69.54,69.94,67.34,0.2,0.74,71.22,67.87
CTSH,Cognizant,Information Technology,IT Consulting & Other Services,70.49,89.65,65.92,70.04,69.57,71.21,75.08,77.53,-0.2,7.97,76.11,66.31
COIN,Coinbase,Financials,Financial Exchanges & Data,304.39,419.78,147.35,313.93,316.02,334.46,340.37,269.36,0.2,31.31,399.69,269.23
CL,Colgate-Palmolive,Consumer Staples,Household Products,86.05,106.38,83.06,85.18,85.1,85.25,87.65,89.58,0.0,2.37,88.09,82.4
CMCSA,Comcast,Communication Services,Cable & Satellite,33.29,43.96,31.41,33.39,32.67,32.88,34.18,35.85,0.0,4.15,34.67,31.1
CAG,Conagra Brands,Consumer Staples,Packaged Foods & Meats,19.25,30.97,18.26,19.22,19.29,19.02,19.71,23.58,0.2,2.29,19.69,18.34
COP,ConocoPhillips,Energy,Oil & Gas Exploration & Production,94.89,111.14,81.29,94.41,93.87,94.02,92.99,95.23,-0.2,2.16,96.94,91.11
ED,Consolidated Edison,Utilities,Multi-Utilities,101.76,111.42,85.77,101.25,102.38,102.35,100.98,98.95,0.0,3.19,105.01,99.69
STZ,Constellation Brands,Consumer Staples,Distillers & Vintners,166.3,252.91,159.07,167.24,168.91,169.97,167.86,187.99,-0.2,5.55,175.53,164.41
CEG,Constellation Energy,Utilities,Electric Utilities,314.21,354.46,170.52,320.37,326.97,332.23,320.12,270.32,0.0,12.33,352.95,311.52
COO,Cooper Companies (The),Health Care,Health Care Supplies,73.5,111.23,66.91,73.55,72.51,72.15,72.05,84.57,-0.2,3.17,75.83,68.48
CPRT,Copart,Industrials,Diversified Support Services,47.61,63.84,45.33,47.34,47.06,46.63,47.46,55.05,0.2,0.84,48.01,45.25
GLW,Corning Inc.,Information Technology,Electronic Components,64.6,65.77,38.85,65.17,65.28,62.99,56.49,49.63,0.2,7.94,69.73,56.26
CPAY,Corpay,Financials,Transaction & Payment Processing Services,316.42,389.55,283.07,318.3,312.74,319.44,326.69,343.36,0.0,7.11,338.92,299.96
CTVA,Corteva,Materials,Fertilizers & Agricultural Chemicals,72.96,77.12,53.02,72.26,71.91,72.08,73.25,64.63,0.2,0.75,73.51,70.65
CSGP,CoStar Group,Real Estate,Real Estate Services,88.25,96.83,69.29,88.6,90.13,92.6,86.72,78.86,-0.2,12.39,99.18,86.01
COST,Costco,Consumer Staples,Consumer Staples Merchandise Retail,994.57,1073.97,867.9,980.44,981.95,961.84,971.05,971.14,-0.2,1.23,1006.8,916.83
CTRA,Coterra,Energy,Oil & Gas Exploration & Production,23.23,29.06,21.86,23.53,23.65,23.73,24.59,25.4,-0.2,4.91,24.37,23.1
CRWD,CrowdStrike,Information Technology,Systems Software,419.17,514.1,246.39,423.37,426.07,442.05,468.81,405.07,0.2,13.86,477.27,406.83
CCI,Crown Castle,Real Estate,Telecom Tower REITs,102.86,115.16,82.06,101.71,102.72,105.35,103.59,97.7,0.2,9.2,112.32,98.39
CSX,CSX Corporation,Industrials,Rail Transportation,35.99,36.52,26.58,36.23,35.9,35.69,34.2,32.2,0.2,1.56,36.55,34.83
CMI,Cummins,Industrials,Construction Machinery & Heavy Transportation Equipment,396.35,406.8,265.61,400.95,397.05,382.39,352.05,340.97,0.4,4.68,414.9,349.91
CVS,CVS Health,Health Care,Health Care Services,70.82,70.97,42.33,69.46,67.27,64.35,64.83,59.96,0.4,1.0,71.53,57.17
DHR,Danaher Corporation,Health Care,Life Sciences Tools & Services,211.4,276.83,174.36,210.75,206.74,203.77,200.56,210.93,-0.2,1.47,214.51,193.05
DRI,Darden Restaurants,Consumer Discretionary,Restaurants,207.49,224.21,145.16,206.83,205.64,204.6,210.7,193.45,0.4,0.49,208.51,200.7
DDOG,Datadog,Information Technology,Application Software,128.46,168.65,87.0,127.66,129.21,136.15,135.53,127.42,0.2,19.33,153.29,119.01
DVA,DaVita,Health Care,Health Care Services,137.42,177.35,127.69,135.42,133.01,137.13,139.5,148.85,0.0,8.46,149.05,125.22
DAY,Dayforce,Industrials,Human Resource & Employment Services,67.4,81.8,49.33,61.16,56.47,56.81,56.98,63.5,0.0,-0.74,66.9,46.72
DECK,Deckers Brands,Consumer Discretionary,Footwear,104.05,223.11,95.32,104.39,103.62,105.97,104.45,141.81,-0.2,9.48,113.91,98.03
DE,Deere & Company,Industrials,Agricultural & Farm Machinery,492.72,529.8,367.41,488.19,498.43,505.07,508.94,470.93,0.0,6.99,527.16,482.98
DELL,Dell Technologies,Information Technology,"Technology Hardware, Storage & Peripherals",128.48,142.14,70.88,135.79,136.96,133.95,126.43,112.61,0.0,10.81,142.37,125.52
DAL,Delta Air Lines,Industrials,Passenger Airlines,59.05,68.45,35.65,59.97,57.85,55.73,53.11,54.64,0.0,4.72,61.84,49.63
DVN,Devon Energy,Energy,Oil & Gas Exploration & Production,33.78,43.78,26.61,33.69,33.39,33.21,33.26,33.73,-0.2,2.19,34.52,31.91
DXCM,Dexcom,Health Care,Health Care Equipment,81.67,90.75,59.83,80.86,79.75,81.47,82.94,79.64,0.4,10.92,90.59,72.34
FANG,Diamondback Energy,Energy,Oil & Gas Exploration & Production,137.87,194.36,117.58,139.47,139.08,142.84,142.42,150.64,-0.2,9.94,151.57,134.11
DLR,Digital Realty,Real Estate,Data Center REITs,165.33,191.46,135.17,166.01,167.78,171.51,173.04,167.4,0.2,9.28,180.67,162.35
DG,Dollar General,Consumer Staples,Consumer Staples Merchandise Retail,114.85,121.87,67.66,113.48,114.49,111.35,111.88,89.07,0.2,3.49,118.86,103.84
DLTR,Dollar Tree,Consumer Staples,Consumer Staples Merchandise Retail,113.35,117.16,61.21,113.2,114.3,114.61,107.6,82.77,0.2,3.33,117.12,112.1
D,Dominion Energy,Utilities,Multi-Utilities,61.52,62.1,49.07,61.11,61.4,60.42,58.02,55.14,0.2,2.57,63.1,57.74
DPZ,Domino's,Consumer Discretionary,Restaurants,442.86,495.6,397.58,448.02,445.53,456.26,457.78,455.15,0.2,9.43,484.62,427.9
DASH,DoorDash,Consumer Discretionary,Specialized Consumer Services,243.82,270.99,123.56,248.19,254.58,252.35,241.26,199.22,-0.2,9.3,266.5,238.21
DOV,Dover Corporation,Industrials,Industrial Machinery & Supplies & Components,178.74,205.3,150.71,178.31,177.51,179.16,182.18,185.61,0.0,4.81,187.34,170.98
DOW,Dow Inc.,Materials,Commodity Chemicals,24.08,52.18,20.87,23.52,22.59,23.08,26.44,33.28,-0.2,8.06,26.02,20.14
DHI,D. R. Horton,Consumer Discretionary,Homebuilding,163.37,194.88,114.44,165.23,161.53,154.68,140.33,137.15,0.4,4.77,171.16,138.19
DTE,DTE Energy,Utilities,Multi-Utilities,140.49,141.49,114.13,139.29,139.82,139.15,135.75,128.7,0.0,1.07,141.99,136.3
DUK,Duke Energy,Utilities,Electric Utilities,124.48,124.85,102.96,123.07,123.7,122.09,118.56,113.9,0.2,1.96,126.92,117.26
DD,DuPont,Materials,Specialty Chemicals,74.48,88.16,54.8,73.63,72.53,72.68,72.05,73.7,0.0,2.28,76.18,69.18
EMN,Eastman Chemical Company,Materials,Specialty Chemicals,66.62,110.6,58.79,66.21,64.5,67.05,73.5,85.35,-0.2,19.24,79.44,54.66
ETN,Eaton Corporation,Industrials,Electrical Components & Equipment,346.22,392.76,245.66,350.97,355.87,368.7,358.59,328.61,0.2,15.8,400.92,336.47
EBAY,eBay Inc.,Consumer Discretionary,Broadline Retail,99.15,100.77,55.71,99.45,97.65,91.78,82.89,70.16,0.2,7.93,107.01,76.55
ECL,Ecolab,Materials,Specialty Chemicals,285.47,285.47,225.1,282.0,278.46,272.05,269.32,253.75,0.2,0.78,287.7,256.41
EIX,Edison International,Utilities,Electric Utilities,55.96,84.75,47.56,55.89,55.57,54.35,51.95,59.63,-0.2,3.0,57.64,51.07
EW,Edwards Lifesciences,Health Care,Health Care Equipment,81.39,81.39,64.54,79.01,78.41,78.83,77.37,73.53,0.4,0.11,81.48,76.18
EA,Electronic Arts,Communication Services,Interactive Home Entertainment,171.33,179.01,116.21,172.97,172.77,164.07,157.29,148.12,0.4,7.38,183.97,144.16
ELV,Elevance Health,Health Care,Managed Health Care,310.0,553.55,274.66,307.26,299.15,290.73,327.94,381.36,0.2,1.35,314.18,267.28
EMR,Emerson Electric,Industrials,Electrical Components & Equipment,130.89,149.04,93.37,131.98,132.28,138.06,136.12,122.52,0.2,15.64,151.36,124.75
ENPH,Enphase Energy,Information Technology,Semiconductor Materials & Equipment,35.68,123.65,30.11,34.95,33.93,33.48,37.83,54.84,0.0,3.45,36.91,30.05
ETR,Entergy,Utilities,Electric Utilities,89.83,91.02,57.49,89.18,89.65,89.17,85.07,80.63,0.2,2.04,91.66,86.69
EOG,EOG Resources,Energy,Oil & Gas Exploration & Production,118.36,134.72,102.81,118.44,117.88,118.51,119.56,120.62,0.0,3.31,122.28,114.75
EPAM,EPAM Systems,Information Technology,IT Consulting & Other Services,166.44,267.63,143.33,163.12,159.69,160.05,167.61,197.5,0.0,4.42,173.8,146.31
EQT,EQT Corporation,Energy,Oil & Gas Exploration & Production,51.34,60.26,31.49,51.46,51.44,51.93,54.79,50.58,0.2,4.67,53.74,50.12
EFX,Equifax,Industrials,Research & Consulting Services,248.35,305.2,205.11,247.93,245.53,244.1,253.78,253.72,0.4,1.47,252.0,236.19
EQIX,Equinix,Real Estate,Data Center REITs,776.29,974.66,736.11,775.22,777.97,782.99,803.38,864.81,-0.2,3.59,804.16,761.79
EQR,Equity Residential,Real Estate,Multi-Family Residential REITs,64.48,75.24,61.2,63.96,63.59,64.28,66.21,68.59,-0.2,4.84,67.6,60.96
ERIE,Erie Indemnity,Financials,Insurance Brokers,364.28,537.71,339.09,364.32,362.4,359.4,353.51,387.09,-0.2,1.6,370.11,348.69
ESS,Essex Property Trust,Real Estate,Multi-Family Residential REITs,262.04,308.41,252.08,259.29,257.29,263.65,276.21,282.38,-0.2,9.99,288.22,239.07
EL,Estée Lauder Companies (The),Consumer Staples,Personal Care Products,86.57,99.31,49.8,89.53,90.57,90.92,85.46,72.49,-0.4,9.69,94.96,86.88
EG,Everest Group,Financials,Reinsurance,343.52,400.34,324.54,336.45,333.56,332.5,335.09,347.81,0.0,-0.77,340.87,324.13
EVRG,Evergy,Utilities,Electric Utilities,72.6,73.27,56.09,72.26,72.49,71.72,69.76,65.5,0.0,2.71,74.57,68.88
ES,Eversource Energy,Utilities,Electric Utilities,65.71,66.62,53.58,65.4,65.58,65.79,65.07,60.64,0.0,1.66,66.8,64.77
EXC,Exelon,Utilities,Electric Utilities,44.88,46.54,35.25,44.57,44.75,44.39,43.39,41.52,0.0,1.47,45.54,43.24
EXE,Expand Energy,Energy,Oil & Gas Exploration & Production,94.0,120.67,68.08,94.04,95.22,97.35,105.05,102.12,0.2,9.69,103.11,91.59
EXPE,Expedia Group,Consumer Discretionary,"Hotels, Resorts & Cruise Lines",205.68,209.68,129.25,207.01,202.34,193.06,182.03,176.4,0.4,4.49,214.92,171.21
EXPD,Expeditors International,Industrials,Air Freight & Logistics,119.29,129.72,102.14,120.09,119.56,117.66,116.02,114.45,0.2,2.98,122.84,112.47
EXR,Extra Space Storage,Real Estate,Self-Storage REITs,139.64,177.29,125.24,137.93,137.33,140.63,145.48,148.1,-0.2,8.89,152.05,129.2
XOM,ExxonMobil,Energy,Integrated Oil & Gas,108.53,121.0,98.11,107.11,106.3,107.63,109.14,108.16,0.4,3.11,111.91,103.36
FFIV,"F5, Inc.",Information Technology,Communications Equipment,315.79,326.47,195.73,316.27,319.07,313.69,302.45,277.01,0.2,4.89,331.23,296.16
FDS,FactSet,Financials,Financial Exchanges & Data,387.64,492.37,369.62,375.49,377.11,391.03,417.29,446.65,-0.2,9.58,424.78,357.28
FICO,Fair Isaac,Information Technology,Application Software,1344.11,2382.4,1311.26,1348.1,1336.03,1394.53,1589.14,1871.44,0.0,15.62,1554.06,1234.96
FAST,Fastenal,Industrials,Trading Companies & Distributors,49.54,49.9,31.39,49.22,48.71,47.55,44.87,39.97,0.2,1.57,50.32,44.79
FRT,Federal Realty Investment Trust,Real Estate,Retail REITs,96.43,113.73,82.59,94.89,93.7,93.42,94.15,99.37,0.0,0.12,96.55,90.29
FDX,FedEx,Industrials,Air Freight & Logistics,227.21,300.06,196.8,229.28,228.46,228.6,229.24,244.95,0.0,6.58,242.16,215.05
FIS,Fidelity National Information Services,Financials,Transaction & Payment Processing Services,69.76,89.62,67.79,70.25,70.69,74.61,78.18,77.92,0.2,20.9,84.34,64.87
FITB,Fifth Third Bancorp,Financials,Regional Banks,43.1,47.14,33.02,42.87,42.36,42.15,41.69,40.94,0.2,1.18,43.61,40.7
FSLR,First Solar,Information Technology,Semiconductors,206.44,255.75,120.38,203.35,193.87,188.16,174.2,165.6,0.4,2.08,210.73,165.59
FE,FirstEnergy,Utilities,Electric Utilities,43.58,43.95,37.17,43.39,43.46,42.76,41.03,40.07,0.2,2.5,44.67,40.86
FI,Fiserv,Financials,Transaction & Payment Processing Services,139.96,237.79,132.22,137.49,135.22,136.82,155.25,193.01,-0.2,2.44,143.38,130.26
F,Ford Motor Company,Consumer Discretionary,Automobile Manufacturers,11.49,11.75,8.45,11.48,11.35,11.16,11.04,10.02,0.4,1.65,11.68,10.63
FTNT,Fortinet,Information Technology,Systems Software,79.61,114.57,74.39,78.96,77.69,89.32,97.84,98.61,-0.2,42.31,113.29,65.35
FTV,Fortive,Industrials,Industrial Machinery & Supplies & Components,48.04,62.46,46.55,47.98,47.76,48.48,50.91,54.84,0.0,7.2,51.5,45.46
FOXA,Fox Corporation (Class A),Communication Services,Broadcasting,58.97,59.89,38.72,58.59,57.06,56.43,55.89,52.02,0.2,1.58,59.9,52.97
FOX,Fox Corporation (Class B),Communication Services,Broadcasting,54.01,54.58,35.86,53.59,52.08,51.61,51.25,48.38,0.2,1.52,54.83,48.4
BEN,Franklin Resources,Financials,Asset Management & Custody Banks,24.56,26.03,16.43,25.08,25.23,24.94,24.19,20.92,0.0,5.78,25.98,23.9
FCX,Freeport-McMoRan,Materials,Copper,41.31,51.16,28.93,41.83,41.82,41.72,42.85,39.78,0.4,8.47,44.81,38.63
GRMN,Garmin,Consumer Discretionary,Consumer Electronics,230.15,239.99,159.72,232.72,232.35,230.47,219.57,210.06,0.2,4.96,241.57,219.37
IT,Gartner,Information Technology,IT Consulting & Other Services,244.2,551.8,225.98,241.56,236.45,280.77,346.57,443.69,0.0,58.7,387.55,174.01
GE,GE Aerospace,Industrials,Aerospace & Defense,266.44,279.63,159.16,267.67,270.91,271.21,258.71,210.89,-0.2,4.32,277.95,264.48
GEHC,GE HealthCare,Health Care,Health Care Equipment,73.87,93.69,58.69,73.61,73.39,73.39,73.91,78.01,0.0,6.15,78.41,68.38
GEV,GE Vernova,Industrials,Heavy Electrical Equipment,604.59,664.55,181.78,615.98,631.74,640.75,570.28,411.2,-0.4,11.92,676.66,604.83
GEN,Gen Digital,Information Technology,Systems Software,31.44,32.03,23.31,31.41,30.99,30.25,29.89,28.08,0.4,3.75,32.62,27.88
GNRC,Generac,Industrials,Electrical Components & Equipment,189.65,202.85,101.92,196.93,197.26,187.34,159.99,148.48,0.2,16.82,221.55,153.13
GD,General Dynamics,Industrials,Aerospace & Defense,317.48,317.49,239.38,315.4,315.03,314.12,300.25,275.24,0.4,0.03,317.58,310.67
GIS,General Mills,Consumer Staples,Packaged Foods & Meats,49.64,72.16,48.94,49.64,49.64,49.65,50.82,56.79,0.0,2.32,50.79,48.5
GM,General Motors,Consumer Discretionary,Automobile Manufacturers,56.77,59.72,42.35,56.56,55.3,54.01,52.12,50.27,0.4,1.02,57.35,50.66
GPC,Genuine Parts Company,Consumer Discretionary,Distributors,136.99,140.16,104.68,137.69,136.17,134.08,127.8,121.1,0.4,2.04,139.78,128.38
GILD,Gilead Sciences,Health Care,Biotechnology,118.73,120.47,72.12,118.42,118.24,115.83,112.29,102.76,0.4,3.12,122.43,109.23
GPN,Global Payments,Financials,Transaction & Payment Processing Services,85.77,118.42,67.25,86.55,84.54,83.22,81.07,94.31,0.0,3.95,89.16,77.28
GL,Globe Life,Financials,Life & Health Insurance,139.1,143.27,96.43,137.17,138.47,138.38,127.9,120.16,0.2,3.44,143.89,132.87
GDDY,GoDaddy,Information Technology,Internet Services & Infrastructure,146.33,214.35,133.35,144.92,142.77,151.97,165.51,182.69,0.0,18.01,172.68,131.25
GS,Goldman Sachs,Financials,Investment Banking & Brokerage,720.68,747.2,459.93,730.19,729.93,726.93,698.74,608.06,-0.2,3.43,745.4,708.44
HAL,Halliburton,Energy,Oil & Gas Equipment & Services,21.1,31.33,19.1,21.2,21.05,21.61,21.64,24.16,-0.2,9.19,23.04,20.18
HIG,Hartford (The),Financials,Property & Casualty Insurance,133.97,133.97,105.42,131.49,130.11,127.4,125.34,119.06,0.6,0.16,134.18,120.6
HAS,Hasbro,Consumer Discretionary,Leisure Products,79.69,81.51,50.19,80.59,79.39,77.66,75.3,63.97,0.4,2.79,81.91,73.42
HCA,HCA Healthcare,Health Care,Health Care Facilities,410.18,412.92,295.46,399.19,391.45,371.73,372.31,342.85,0.2,1.47,416.21,327.23
DOC,Healthpeak Properties,Real Estate,Health Care REITs,17.22,21.82,16.53,17.13,17.0,17.1,17.45,18.69,0.0,4.36,17.97,16.22
HSIC,Henry Schein,Health Care,Health Care Distributors,68.64,81.91,62.7,67.98,67.43,68.27,70.56,71.3,0.0,5.14,72.17,64.36
HSY,Hershey Company (The),Consumer Staples,Packaged Foods & Meats,181.59,196.72,141.22,179.53,179.45,182.7,174.57,166.5,0.2,5.31,191.23,174.16
HPE,Hewlett Packard Enterprise,Information Technology,"Technology Hardware, Storage & Peripherals",21.04,24.05,12.42,21.3,21.12,20.78,20.07,19.22,0.4,3.75,21.83,19.73
HLT,Hilton Worldwide,Consumer Discretionary,"Hotels, Resorts & Cruise Lines",269.9,278.65,201.16,269.77,267.47,267.27,265.11,249.31,0.2,2.56,276.81,257.73
HOLX,Hologic,Health Care,Health Care Equipment,68.76,83.72,52.73,67.94,68.06,67.33,65.81,66.5,-0.2,0.87,69.36,65.3
HD,Home Depot (The),Consumer Discretionary,Home Improvement Retail,401.74,426.0,333.17,400.67,396.81,386.87,372.86,379.94,0.0,2.24,410.74,363.02
HON,Honeywell,Industrials,Industrial Conglomerates,217.0,239.16,180.99,216.8,216.44,218.59,225.84,217.08,0.4,3.26,224.07,213.11
HRL,Hormel Foods,Consumer Staples,Packaged Foods & Meats,28.64,32.6,27.75,28.42,28.54,28.53,29.47,29.64,0.2,1.89,29.18,27.87
HST,Host Hotels & Resorts,Real Estate,Hotel & Resort REITs,16.12,18.25,12.54,15.96,15.76,15.85,15.88,15.8,0.2,3.29,16.65,15.05
HWM,Howmet Aerospace,Industrials,Aerospace & Defense,171.94,192.01,91.19,172.83,176.39,180.75,179.6,142.06,0.2,12.11,192.76,168.75
HPQ,HP Inc.,Information Technology,"Technology Hardware, Storage & Peripherals",26.47,38.15,21.63,26.79,26.47,25.85,25.29,29.04,0.0,3.78,27.47,24.23
HUBB,Hubbell Incorporated,Industrials,Industrial Machinery & Supplies & Components,429.96,467.52,314.89,432.06,429.04,430.9,417.79,400.03,0.0,3.75,446.08,415.73
HUM,Humana,Health Care,Managed Health Care,290.0,366.52,220.41,286.63,277.96,261.4,245.43,259.36,-0.2,3.78,300.96,221.84
HBAN,Huntington Bancshares,Financials,Regional Banks,16.8,17.67,12.37,16.7,16.46,16.45,16.55,15.89,0.2,1.55,17.06,15.85
HII,Huntington Ingalls Industries,Industrials,Aerospace & Defense,267.09,278.86,157.56,266.76,266.9,266.59,253.25,212.35,0.2,2.84,274.68,258.5
IBM,IBM,Information Technology,IT Consulting & Other Services,242.55,292.8,189.38,240.02,240.2,247.45,269.34,244.26,0.4,8.99,264.36,230.55
IEX,IDEX Corporation,Industrials,Industrial Machinery & Supplies & Components,164.47,233.54,157.53,165.22,163.32,166.95,174.41,191.63,0.0,12.98,185.82,148.08
IDXX,Idexx Laboratories,Health Care,Health Care Equipment,639.85,682.78,361.04,643.84,649.56,617.06,565.05,471.89,0.2,11.01,710.3,523.83
ITW,Illinois Tool Works,Industrials,Industrial Machinery & Supplies & Components,262.02,273.51,217.09,261.26,260.48,258.84,254.24,252.57,0.2,1.59,266.19,251.5
INCY,Incyte,Health Care,Biotechnology,86.2,86.92,55.17,85.93,83.29,79.13,72.91,69.42,0.2,4.11,89.74,68.52
IR,Ingersoll Rand,Industrials,Industrial Machinery & Supplies & Components,79.04,105.27,66.72,79.26,78.4,80.6,83.09,86.48,-0.2,12.85,89.2,71.99
PODD,Insulet Corporation,Health Care,Health Care Equipment,333.0,333.0,180.69,324.12,315.44,301.63,299.9,279.22,0.4,0.15,333.5,269.76
INTC,Intel,Information Technology,Semiconductors,23.54,27.39,18.13,24.19,22.53,21.46,21.98,21.69,0.4,6.46,25.06,17.87
ICE,Intercontinental Exchange,Financials,Financial Exchanges & Data,181.3,188.45,142.02,180.28,182.59,184.02,181.97,167.36,0.0,4.76,189.93,178.12
IFF,International Flavors & Fragrances,Materials,Specialty Chemicals,66.11,104.49,63.46,65.76,65.11,68.64,72.79,79.22,0.0,16.68,77.14,60.14
IP,International Paper,Materials,Paper & Plastic Packaging Products & Materials,47.01,58.45,43.05,47.02,47.25,48.67,48.63,50.92,-0.4,17.68,55.32,42.01
IPG,Interpublic Group of Companies (The),Communication Services,Advertising,26.61,31.12,22.6,26.24,25.74,25.43,24.83,26.03,0.0,0.98,26.87,23.99
INTU,Intuit,Information Technology,Application Software,699.15,807.39,542.39,708.95,718.67,753.06,759.62,661.96,0.2,18.58,829.05,677.07
ISRG,Intuitive Surgical,Health Care,Health Care Equipment,480.45,610.45,451.58,479.65,477.06,482.25,505.99,530.2,-0.2,3.95,499.43,465.05
IVZ,Invesco,Financials,Asset Management & Custody Banks,20.78,21.6,11.86,21.01,20.84,20.96,18.22,16.47,0.2,4.57,21.73,20.2
INVH,Invitation Homes,Real Estate,Single-Family Residential REITs,30.55,36.03,29.76,30.36,30.24,30.65,31.9,32.28,-0.2,4.78,32.01,29.29
IQV,IQVIA,Health Care,Life Sciences Tools & Services,192.04,251.55,137.0,191.48,187.25,188.44,172.43,179.47,-0.2,5.16,201.95,174.92
IRM,Iron Mountain,Real Estate,Other Specialized REITs,91.29,125.19,76.34,91.3,91.41,93.97,97.87,98.43,-0.4,10.24,100.64,87.31
JBHT,J.B. Hunt,Industrials,Cargo Ground Transportation,142.53,195.43,123.94,144.04,142.6,143.6,145.4,155.99,0.0,5.16,149.88,137.31
JBL,Jabil,Information Technology,Electronic Manufacturing Services,204.05,230.3,100.84,211.69,217.49,220.05,214.74,164.41,0.0,14.12,232.86,207.24
JKHY,Jack Henry & Associates,Financials,Transaction & Payment Processing Services,163.8,190.67,158.52,160.98,161.22,166.7,174.24,174.74,-0.4,9.73,179.74,153.66
J,Jacobs Solutions,Industrials,Construction & Engineering,146.54,152.18,109.42,147.47,148.23,145.42,137.56,130.72,0.2,3.88,152.23,138.61
JNJ,Johnson & Johnson,Health Care,Pharmaceuticals,178.84,178.84,139.73,176.85,175.01,171.7,162.7,154.84,0.4,0.39,179.54,163.86
JCI,Johnson Controls,Industrials,Building Products,106.0,111.73,66.66,104.95,105.27,106.04,105.59,89.1,0.0,4.43,110.7,101.38
JPM,JPMorgan Chase,Financials,Diversified Banks,292.24,299.63,199.83,291.82,290.77,293.02,286.8,256.48,-0.2,2.69,300.1,285.93
K,Kellanova,Consumer Staples,Packaged Foods & Meats,80.04,82.31,77.85,80.08,80.1,80.0,79.78,80.62,-0.2,0.31,80.29,79.71
KVUE,Kenvue,Consumer Staples,Personal Care Products,21.63,24.0,19.25,21.3,21.36,21.57,21.37,21.98,0.0,3.7,22.43,20.71
KDP,Keurig Dr Pepper,Consumer Staples,Soft Drinks & Non-alcoholic Beverages,35.18,36.99,29.97,34.88,34.7,34.02,33.56,32.84,0.2,1.02,35.54,32.5
KEY,KeyCorp,Financials,Regional Banks,18.22,19.26,13.06,18.18,17.94,18.01,17.67,16.76,0.2,2.74,18.72,17.29
KEYS,Keysight Technologies,Information Technology,Electronic Equipment & Instruments,158.51,185.11,127.02,162.86,163.93,163.95,163.47,160.67,0.0,7.24,169.99,157.91
KMB,Kimberly-Clark,Consumer Staples,Household Products,133.26,146.03,122.21,132.77,133.94,131.69,130.5,132.56,-0.2,4.35,139.06,124.33
KIM,Kimco Realty,Real Estate,Retail REITs,21.63,24.93,18.48,21.36,21.23,21.35,21.3,21.65,-0.2,2.13,22.09,20.61
KMI,Kinder Morgan,Energy,Oil & Gas Storage & Transportation,26.57,30.24,19.94,26.54,26.67,27.12,27.45,26.9,0.0,6.62,28.33,25.91
KKR,KKR & Co.,Financials,Asset Management & Custody Banks,138.09,166.38,92.52,141.32,142.73,145.14,138.3,134.92,0.0,11.11,153.43,136.85
KLAC,KLA Corporation,Information Technology,Semiconductor Materials & Equipment,878.44,953.34,573.9,892.86,907.63,904.01,901.33,746.22,0.2,8.23,950.74,857.28
KHC,Kraft Heinz,Consumer Staples,Packaged Foods & Meats,27.42,34.7,25.61,27.54,27.59,27.73,27.09,28.65,-0.4,5.11,28.82,26.64
KR,Kroger,Consumer Staples,Food Retail,71.83,73.97,50.47,70.17,71.52,71.1,70.34,65.2,0.0,3.72,74.5,67.7
LHX,L3Harris,Industrials,Aerospace & Defense,276.15,278.26,192.63,272.38,271.62,273.04,262.31,230.55,0.2,1.06,279.08,267.0
LH,Labcorp,Health Care,Health Care Services,278.1,278.1,210.19,273.2,270.13,266.56,260.48,243.63,0.6,-0.44,276.88,256.25
LRCX,Lam Research,Information Technology,Semiconductor Materials & Equipment,99.15,107.38,58.94,101.05,102.02,99.69,97.86,81.55,0.0,7.29,106.38,93.0
LW,Lamb Weston,Consumer Staples,Packaged Foods & Meats,55.19,80.72,47.73,54.71,53.66,55.17,53.41,58.31,-0.2,9.51,60.44,49.9
LVS,Las Vegas Sands,Consumer Discretionary,Casinos & Gaming,53.62,54.33,30.35,53.56,53.47,52.78,48.51,44.89,0.2,1.73,54.55,51.02
LDOS,Leidos,Industrials,Diversified Support Services,180.16,199.72,126.1,178.62,178.2,170.93,162.48,151.85,0.2,4.02,187.4,154.46
LEN,Lennar,Consumer Discretionary,Homebuilding,130.32,183.45,101.84,131.68,127.46,121.71,115.2,124.06,0.0,4.28,135.9,107.52
LII,Lennox International,Industrials,Building Products,589.08,674.16,506.5,598.69,595.4,610.11,594.22,596.38,-0.2,11.89,659.12,561.12
LLY,Lilly (Eli),Health Care,Pharmaceuticals,705.44,952.73,624.28,698.17,668.55,720.08,758.47,787.37,-0.2,18.72,837.5,602.68
LIN,Linde plc,Materials,Industrial Gases,482.36,482.36,410.23,479.7,475.96,471.88,468.96,452.94,0.4,0.3,483.81,459.95
LYV,Live Nation Entertainment,Communication Services,Movies & Entertainment,161.9,162.9,92.78,161.89,158.26,154.46,150.09,138.65,0.4,1.87,164.93,143.98
LKQ,LKQ Corporation,Consumer Discretionary,Distributors,30.62,43.02,28.96,31.05,30.41,30.29,34.69,37.68,-0.2,5.0,32.15,28.43
LMT,Lockheed Martin,Industrials,Aerospace & Defense,446.0,602.16,410.74,440.52,435.94,429.5,449.85,468.07,0.4,0.17,446.76,412.25
L,Loews Corporation,Financials,Multi-line Insurance,96.7,96.7,76.32,95.56,94.82,93.2,91.56,87.04,0.6,0.53,97.21,89.18
LOW,Lowe's,Consumer Discretionary,Home Improvement Retail,257.14,278.66,209.46,253.9,249.03,239.48,227.98,238.04,-0.2,1.87,261.95,217.0
LULU,Lululemon Athletica,Consumer Discretionary,"Apparel, Accessories & Luxury Goods",198.12,421.16,186.44,198.61,195.35,200.53,221.44,307.22,-0.2,10.8,219.52,181.55
LYB,LyondellBasell,Materials,Specialty Chemicals,55.33,93.12,48.34,53.76,51.96,54.61,58.69,66.02,-0.2,15.87,64.11,45.11
MTB,M&T Bank,Financials,Regional Banks,193.18,217.42,155.42,191.65,189.99,190.15,191.86,187.86,0.4,1.84,196.73,183.56
MPC,Marathon Petroleum,Energy,Oil & Gas Refining & Marketing,165.82,182.26,117.88,163.51,161.93,165.91,169.33,151.89,0.2,6.08,175.9,155.92
MKTX,MarketAxess,Financials,Financial Exchanges & Data,189.12,290.66,184.43,188.05,187.82,197.28,210.31,220.44,-0.2,15.67,218.76,175.8
MAR,Marriott International,Consumer Discretionary,"Hotels, Resorts & Cruise Lines",263.53,302.99,210.58,265.66,264.15,265.68,268.87,266.54,0.4,5.48,277.97,253.4
MMC,Marsh McLennan,Financials,Insurance Brokers,211.21,243.22,197.78,208.8,206.81,204.85,210.28,220.45,0.2,0.8,212.9,196.8
MLM,Martin Marietta Materials,Materials,Construction Materials,600.6,620.08,451.86,606.65,607.99,596.94,570.87,540.29,0.0,4.23,626.01,567.89
MAS,Masco,Industrials,Building Products,73.02,84.25,58.18,73.53,72.07,69.92,66.62,70.04,0.0,3.37,75.48,64.36
MA,Mastercard,Financials,Transaction & Payment Processing Services,592.68,592.68,463.77,585.56,578.9,572.14,564.44,545.5,0.4,-0.34,590.66,553.59
MTCH,Match Group,Communication Services,Interactive Media & Services,37.01,38.74,26.87,37.93,37.29,35.84,33.36,31.81,0.4,6.46,39.4,32.28
MKC,McCormick & Company,Consumer Staples,Packaged Foods & Meats,69.88,83.73,68.41,69.45,69.72,70.31,72.21,75.23,0.0,3.55,72.36,68.26
MCD,McDonald's,Consumer Discretionary,Restaurants,313.08,319.48,276.57,310.12,307.5,304.35,298.99,299.32,0.2,0.16,313.58,295.12
MCK,McKesson Corporation,Health Care,Health Care Distributors,702.94,735.33,477.52,679.58,672.47,689.83,707.48,653.78,0.2,3.74,729.23,650.46
MDT,Medtronic,Health Care,Health Care Equipment,93.22,93.22,78.03,92.19,92.28,91.62,89.41,86.21,0.2,1.19,94.33,88.9
MRK,Merck & Co.,Health Care,Pharmaceuticals,84.66,115.53,72.74,84.16,82.49,81.98,81.38,87.29,-0.2,1.83,86.21,77.76
META,Meta Platforms,Communication Services,Interactive Media & Services,747.72,790.0,484.29,766.79,770.1,753.83,727.63,640.82,-0.2,8.54,811.58,696.12
MET,MetLife,Financials,Life & Health Insurance,79.03,86.38,67.4,78.15,77.0,76.38,77.4,79.07,0.0,0.71,79.59,73.16
MTD,Mettler Toledo,Health Care,Life Sciences Tools & Services,1316.88,1499.7,970.15,1315.35,1294.31,1269.47,1223.07,1216.84,0.2,1.94,1342.43,1196.56
MGM,MGM Resorts,Consumer Discretionary,Casinos & Gaming,36.31,41.99,25.79,36.29,35.66,36.2,35.95,34.21,0.4,6.47,38.66,33.73
MCHP,Microchip Technology,Information Technology,Semiconductors,66.76,80.56,35.07,65.75,64.8,66.52,69.53,59.33,0.2,7.0,71.43,61.6
MU,Micron Technology,Information Technology,Semiconductors,117.21,127.79,64.66,121.79,121.55,115.8,118.14,99.58,0.0,10.34,129.33,102.27
MSFT,Microsoft,Information Technology,Systems Software,505.72,535.64,353.91,515.05,518.97,519.93,504.24,438.32,-0.2,5.9,535.56,504.28
MAA,Mid-America Apartment Communities,Real Estate,Multi-Family Residential REITs,142.36,167.59,138.38,141.15,140.5,143.19,146.5,152.66,-0.2,7.0,152.33,134.05
MRNA,Moderna,Health Care,Biotechnology,26.89,89.96,23.65,27.52,26.84,28.71,29.18,33.27,-0.4,28.08,34.44,22.99
MHK,Mohawk Industries,Consumer Discretionary,Home Furnishings,124.05,161.25,97.99,127.18,125.53,122.15,113.21,117.12,0.0,6.05,131.56,112.74
MOH,Molina Healthcare,Health Care,Managed Health Care,173.6,360.77,152.31,168.74,162.8,160.76,217.1,285.45,-0.2,-0.36,172.98,148.53
TAP,Molson Coors Beverage Company,Consumer Staples,Brewers,51.32,62.37,47.24,51.33,50.99,50.34,49.86,55.32,0.0,2.16,52.43,48.25
MDLZ,Mondelez International,Consumer Staples,Packaged Foods & Meats,63.17,73.6,55.34,62.24,62.06,64.11,66.37,63.76,0.2,11.35,70.34,57.88
MPWR,Monolithic Power Systems,Information Technology,Semiconductors,826.27,939.39,454.23,839.33,829.88,792.8,750.97,653.67,0.4,8.17,893.78,691.8
MNST,Monster Beverage,Consumer Staples,Soft Drinks & Non-alcoholic Beverages,64.39,64.69,46.16,64.27,63.87,61.94,61.7,56.83,0.2,2.89,66.25,57.63
MCO,Moody's Corporation,Financials,Financial Exchanges & Data,514.95,524.53,395.22,514.6,514.66,513.21,499.75,478.59,0.0,1.44,522.37,504.07
MS,Morgan Stanley,Financials,Investment Banking & Brokerage,144.12,148.51,93.79,145.22,144.91,143.27,139.73,127.68,0.2,2.77,148.11,138.43
MOS,Mosaic Company (The),Materials,Fertilizers & Agricultural Chemicals,32.45,37.81,22.62,32.31,32.11,33.93,35.22,29.4,0.0,18.15,38.34,29.52
MSI,Motorola Solutions,Information Technology,Communications Equipment,462.13,500.78,393.68,461.13,460.65,447.56,428.61,441.11,0.0,3.12,476.55,418.57
MSCI,MSCI Inc.,Financials,Financial Exchanges & Data,574.25,630.0,503.37,563.8,556.94,555.36,560.32,570.13,0.0,-0.08,573.79,536.93
NDAQ,"Nasdaq, Inc.",Financials,Financial Exchanges & Data,94.5,96.94,66.19,94.55,95.47,95.56,91.22,81.39,-0.2,3.25,97.57,93.54
NTAP,NetApp,Information Technology,"Technology Hardware, Storage & Peripherals",108.42,130.77,75.73,108.97,107.79,105.95,105.27,106.25,-0.2,2.39,111.01,100.9
NFLX,Netflix,Communication Services,Movies & Entertainment,1213.86,1339.13,665.77,1228.52,1218.27,1194.34,1229.89,1038.64,0.0,3.02,1250.52,1138.2
NEM,Newmont,Materials,Gold,69.0,69.33,36.61,68.64,68.76,66.5,61.67,49.55,0.2,4.3,71.97,61.04
NWSA,News Corp (Class A),Communication Services,Publishing,29.61,30.38,23.97,29.65,29.26,29.3,29.19,28.19,0.4,1.49,30.05,28.55
NWS,News Corp (Class B),Communication Services,Publishing,34.22,34.89,26.94,34.29,33.81,33.7,33.6,31.98,0.4,1.05,34.58,32.81
NEE,NextEra Energy,Utilities,Multi-Utilities,76.18,83.49,63.6,75.21,73.77,72.47,72.97,70.98,0.4,0.03,76.2,68.74
NKE,"Nike, Inc.",Consumer Discretionary,"Apparel, Accessories & Luxury Goods",76.26,87.95,52.92,76.79,75.86,75.93,71.68,69.85,0.2,3.32,78.79,73.06
NI,NiSource,Utilities,Multi-Utilities,42.54,43.33,31.22,42.21,42.29,42.23,40.72,38.35,0.0,1.6,43.22,41.24
NDSN,Nordson Corporation,Industrials,Industrial Machinery & Supplies & Components,213.52,261.43,166.9,215.16,214.69,215.16,216.37,214.18,0.4,4.13,222.34,207.98
NSC,Norfolk Southern,Industrials,Rail Transportation,285.49,285.53,204.09,282.81,281.29,280.1,267.57,246.91,0.4,0.23,286.15,274.05
NTRS,Northern Trust,Financials,Asset Management & Custody Banks,127.88,132.06,83.52,127.36,126.58,127.69,124.03,107.72,0.0,2.99,131.7,123.68
NOC,Northrop Grumman,Industrials,Aerospace & Defense,592.54,592.54,429.46,586.25,584.29,581.39,537.5,495.51,0.0,0.59,596.04,566.77
NCLH,Norwegian Cruise Line Holdings,Consumer Discretionary,"Hotels, Resorts & Cruise Lines",23.85,29.07,15.5,24.3,24.27,24.3,22.29,22.61,-0.2,6.88,25.49,23.11
NRG,NRG Energy,Utilities,Independent Power Producers & Energy Traders,148.19,173.91,75.33,149.88,151.89,157.26,154.59,118.25,0.2,16.65,172.86,141.65
NUE,Nucor,Materials,Steel,143.47,165.5,102.79,144.76,142.55,141.88,136.49,128.93,0.4,3.09,147.9,135.85
NVDA,Nvidia,Information Technology,Semiconductors,175.4,183.16,94.3,179.1,180.58,178.69,165.67,137.42,-0.2,5.47,184.99,172.38
NVR,"NVR, Inc.",Consumer Discretionary,Homebuilding,8031.97,9924.4,6700.0,8172.83,8060.55,7922.29,7628.96,7765.71,0.0,3.68,8327.55,7517.39
NXPI,NXP Semiconductors,Information Technology,Semiconductors,228.77,253.51,152.79,230.07,221.92,219.66,220.62,209.98,0.2,4.52,239.11,200.19
ORLY,O’Reilly Automotive,Consumer Discretionary,Automotive Retail,104.0,104.44,73.94,102.3,102.64,101.17,95.06,88.99,0.2,1.56,105.62,96.72
OXY,Occidental Petroleum,Energy,Oil & Gas Exploration & Production,44.27,56.29,35.91,44.36,44.23,44.15,44.16,45.58,-0.2,3.19,45.68,42.61
ODFL,Old Dominion,Industrials,Cargo Ground Transportation,150.24,230.8,141.85,151.55,149.33,151.68,158.83,175.6,0.0,11.11,166.93,136.43
OMC,Omnicom Group,Communication Services,Advertising,77.71,102.78,69.22,76.65,75.2,74.39,73.15,80.65,-0.2,0.98,78.47,70.32
ON,ON Semiconductor,Information Technology,Semiconductors,49.47,77.87,31.95,50.5,49.67,51.98,54.34,52.75,0.0,21.85,60.28,43.67
OKE,Oneok,Energy,Oil & Gas Storage & Transportation,73.68,112.93,73.04,73.79,74.19,76.93,78.99,89.86,-0.2,13.15,83.37,70.49
ORCL,Oracle Corporation,Information Technology,Application Software,235.06,256.43,122.56,242.4,246.21,248.06,232.18,179.65,-0.4,10.48,259.69,236.43
OTIS,Otis Worldwide,Industrials,Industrial Machinery & Supplies & Components,89.12,104.22,84.52,87.97,87.6,87.09,93.26,95.73,-0.2,0.8,89.83,84.34
PCAR,Paccar,Industrials,Construction Machinery & Heavy Transportation Equipment,98.18,113.98,85.82,98.79,98.32,98.46,96.33,100.16,-0.4,3.41,101.53,95.39
PKG,Packaging Corporation of America,Materials,Paper & Plastic Packaging Products & Materials,198.12,244.28,174.83,196.08,196.81,197.51,196.94,206.52,0.0,4.18,206.4,188.62
PLTR,Palantir Technologies,Information Technology,Application Software,156.01,186.97,30.16,169.2,176.92,169.08,152.66,105.19,-0.2,24.09,193.59,144.58
PANW,Palo Alto Networks,Information Technology,Systems Software,184.43,208.28,152.44,178.56,174.84,179.68,190.89,187.36,0.6,10.02,202.91,156.46
PSKY,Paramount Skydance Corporation,Communication Services,Movies & Entertainment,13.98,15.0,9.8,13.81,12.74,12.7,12.63,11.51,0.4,9.08,15.25,10.15
PH,Parker Hannifin,Industrials,Industrial Machinery & Supplies & Components,742.97,762.05,515.78,739.74,739.65,732.3,709.08,663.12,0.0,2.38,760.65,703.95
PAYX,Paychex,Industrials,Human Resource & Employment Services,138.88,158.58,121.77,138.24,138.51,141.02,143.92,144.45,-0.2,6.93,148.5,133.52
PAYC,Paycom,Industrials,Human Resource & Employment Services,226.95,265.71,154.16,222.67,223.43,227.72,230.96,224.42,0.4,6.72,242.2,213.23
PYPL,PayPal,Financials,Transaction & Payment Processing Services,68.08,91.81,57.41,69.05,68.68,70.16,72.32,75.68,0.0,13.23,77.09,63.22
PNR,Pentair,Industrials,Industrial Machinery & Supplies & Components,105.04,109.01,75.76,105.87,105.21,103.84,103.14,97.99,0.2,2.88,108.07,99.61
PEP,PepsiCo,Consumer Staples,Soft Drinks & Non-alcoholic Beverages,150.73,173.24,127.06,150.29,148.17,144.75,138.55,143.53,0.0,1.59,153.13,136.38
PFE,Pfizer,Health Care,Pharmaceuticals,25.38,28.21,20.83,25.2,24.92,24.52,24.39,24.22,0.2,1.5,25.76,23.27
PCG,PG&E Corporation,Utilities,Multi-Utilities,15.36,21.53,13.0,15.28,15.23,14.78,14.16,16.84,0.0,3.91,15.96,13.61
PM,Philip Morris International,Consumer Staples,Tobacco,172.85,183.57,113.98,167.94,168.28,165.43,173.84,151.57,0.6,-0.07,172.73,158.14
PSX,Phillips 66,Energy,Oil & Gas Refining & Marketing,123.57,135.19,91.09,122.26,120.49,121.46,122.69,117.92,0.4,2.6,126.78,116.13
PNW,Pinnacle West Capital,Utilities,Multi-Utilities,92.31,93.78,79.36,91.59,92.23,91.31,90.2,88.72,0.0,2.33,94.46,88.17
PNC,PNC Financial Services,Financials,Diversified Banks,195.0,209.23,146.94,193.17,191.59,191.54,188.86,183.51,0.4,1.18,197.3,185.78
POOL,Pool Corporation,Consumer Discretionary,Distributors,314.95,385.63,283.92,320.73,316.23,315.0,304.52,325.01,0.0,4.91,330.41,299.6
PPG,PPG Industries,Materials,Specialty Chemicals,112.06,131.36,90.49,111.93,109.92,109.1,111.69,112.81,0.0,4.07,116.62,101.58
PPL,PPL Corporation,Utilities,Electric Utilities,37.09,37.24,30.39,36.74,36.68,36.37,35.16,34.0,0.2,0.57,37.3,35.44
PFG,Principal Financial Group,Financials,Life & Health Insurance,78.72,88.8,68.88,78.15,77.5,77.79,78.5,79.34,0.0,2.97,81.06,74.51
PG,Procter & Gamble,Consumer Staples,Personal Care Products,159.51,176.3,150.47,156.35,155.42,154.66,156.51,162.83,-0.2,0.46,160.24,149.08
PGR,Progressive Corporation,Financials,Property & Casualty Insurance,252.68,291.0,232.57,249.7,247.74,245.71,252.4,259.86,0.2,0.13,253.01,238.42
PLD,Prologis,Real Estate,Industrial REITs,110.18,127.92,88.91,107.76,106.59,107.04,107.12,108.68,-0.2,0.82,111.08,103.01
PRU,Prudential Financial,Financials,Life & Health Insurance,107.13,124.75,92.74,105.74,104.18,103.02,103.67,108.11,0.0,0.22,107.37,98.68
PEG,Public Service Enterprise Group,Utilities,Electric Utilities,85.16,92.39,76.52,85.2,86.32,87.25,84.41,82.96,-0.2,6.24,90.47,84.04
PTC,PTC Inc.,Information Technology,Application Software,210.89,216.41,136.74,208.58,207.07,208.09,191.71,178.21,0.2,2.96,217.13,199.05
PSA,Public Storage,Real Estate,Self-Storage REITs,286.94,354.44,263.65,283.74,282.77,283.23,288.15,297.25,0.0,1.77,292.02,274.45
PHM,PulteGroup,Consumer Discretionary,Homebuilding,126.54,148.13,91.82,128.47,125.82,121.4,113.21,110.58,0.4,4.56,132.31,110.5
PWR,Quanta Services,Industrials,Construction & Engineering,375.87,421.68,236.56,379.36,382.59,393.02,383.54,325.38,0.0,11.66,419.7,366.36
QCOM,Qualcomm,Information Technology,Semiconductors,155.44,175.11,123.92,157.31,153.83,153.64,155.72,155.05,0.2,6.12,164.95,142.31
DGX,Quest Diagnostics,Health Care,Health Care Services,184.4,184.4,144.81,180.88,179.17,174.68,174.62,166.15,0.6,0.28,184.92,164.45
RL,Ralph Lauren Corporation,Consumer Discretionary,"Apparel, Accessories & Luxury Goods",286.22,304.45,164.3,288.45,290.42,295.14,284.75,248.51,0.0,7.74,308.37,281.89
RJF,Raymond James Financial,Financials,Investment Banking & Brokerage,162.47,171.46,113.62,163.8,164.4,165.72,158.8,152.95,0.0,4.52,169.81,161.62
RTX,RTX Corporation,Industrials,Aerospace & Defense,156.59,157.71,112.45,154.85,154.75,155.41,149.58,130.48,0.0,0.62,157.56,153.25
O,Realty Income,Real Estate,Retail REITs,59.9,61.73,49.83,58.62,58.05,57.5,57.2,55.03,0.4,-1.05,59.27,55.74
REG,Regency Centers,Real Estate,Retail REITs,71.73,76.25,64.84,71.2,71.59,71.69,70.94,71.37,-0.4,2.4,73.45,69.93
REGN,Regeneron Pharmaceuticals,Health Care,Biotechnology,591.01,1196.63,482.34,576.27,566.4,562.77,546.69,638.03,0.0,-1.12,584.39,541.17
RF,Regions Financial Corporation,Financials,Regional Banks,25.86,26.62,18.13,25.78,25.43,25.53,24.48,23.11,0.2,3.02,26.64,24.43
RSG,Republic Services,Industrials,Environmental & Facilities Services,236.11,257.46,196.49,233.74,234.28,235.67,240.79,229.86,0.2,3.85,245.2,226.15
RMD,ResMed,Health Care,Health Care Equipment,289.06,290.83,203.67,286.17,284.78,281.37,265.76,242.44,0.2,1.18,292.47,270.26
RVTY,Revvity,Health Care,Health Care Equipment,91.7,127.41,85.8,90.61,89.11,90.8,94.54,104.93,0.0,9.29,100.22,81.39
ROK,Rockwell Automation,Industrials,Electrical Components & Equipment,339.62,357.15,217.21,342.62,339.1,343.76,338.57,292.02,-0.2,6.31,361.05,326.48
ROL,"Rollins, Inc.",Industrials,Environmental & Facilities Services,58.44,58.48,45.24,57.64,57.95,57.8,56.71,52.67,0.0,0.53,58.75,56.86
ROP,Roper Technologies,Information Technology,Electronic Equipment & Instruments,540.52,592.1,501.26,532.0,530.06,540.86,552.46,556.08,-0.2,4.97,567.38,514.36
ROST,Ross Stores,Consumer Discretionary,Apparel Retail,146.35,155.29,122.55,146.92,146.98,143.36,135.89,140.43,0.0,3.84,151.97,134.75
RCL,Royal Caribbean Group,Consumer Discretionary,"Hotels, Resorts & Cruise Lines",329.12,352.84,154.84,322.45,315.28,322.28,314.97,252.48,0.4,7.06,352.36,292.23
SPGI,S&P Global,Financials,Financial Exchanges & Data,557.03,564.15,437.5,556.66,557.68,550.92,532.09,510.17,0.2,3.29,575.36,526.47
CRM,Salesforce,Information Technology,Application Software,246.45,366.29,231.66,242.45,239.5,249.62,259.11,292.03,-0.2,11.33,274.37,224.85
SBAC,SBA Communications,Real Estate,Telecom Tower REITs,223.71,245.74,190.85,219.19,219.65,223.54,228.82,219.22,0.2,4.87,234.6,212.46
SLB,Schlumberger,Energy,Oil & Gas Equipment & Services,33.36,44.61,31.68,33.24,33.07,33.67,34.55,37.57,0.0,7.13,35.74,31.59
STX,Seagate Technology,Information Technology,"Technology Hardware, Storage & Peripherals",158.4,158.7,66.19,157.04,154.79,153.39,145.81,107.07,0.4,1.26,160.4,146.37
SRE,Sempra,Utilities,Multi-Utilities,82.4,92.47,63.23,81.83,81.87,81.59,77.82,78.44,-0.2,0.85,83.1,80.07
NOW,ServiceNow,Information Technology,Systems Software,890.25,1170.39,721.65,877.44,870.69,911.31,959.51,973.78,-0.2,13.25,1008.21,814.46
SHW,Sherwin-Williams,Materials,Specialty Chemicals,367.13,397.11,312.15,364.62,360.28,350.29,346.41,352.08,0.0,2.03,374.58,326.01
SPG,Simon Property Group,Real Estate,Retail REITs,174.13,183.07,138.55,173.41,170.53,168.07,164.07,165.77,-0.2,1.02,175.91,160.24
SWKS,Skyworks Solutions,Information Technology,Semiconductors,75.12,106.51,48.7,74.84,72.97,71.37,73.06,74.19,0.0,2.01,76.63,66.11
SJM,J.M. Smucker Company (The),Consumer Staples,Packaged Foods & Meats,113.05,117.29,93.48,111.53,110.91,109.49,103.88,107.57,0.2,0.03,113.08,105.9
SW,Smurfit Westrock,Materials,Paper & Plastic Packaging Products & Materials,41.95,55.13,37.46,42.8,43.21,44.41,44.41,47.0,-0.2,15.47,48.44,40.37
SNA,Snap-on,Industrials,Industrial Machinery & Supplies & Components,323.16,364.18,264.02,323.08,322.8,322.22,318.05,328.34,-0.4,2.09,329.91,314.52
SOLV,Solventum,Health Care,Health Care Technology,72.85,84.04,59.45,72.1,72.42,72.72,73.85,72.2,0.4,2.68,74.8,70.65
SO,Southern Company,Utilities,Electric Utilities,94.93,95.24,78.98,93.75,93.84,94.01,92.12,87.3,0.0,0.24,95.16,92.86
LUV,Southwest Airlines,Industrials,Passenger Airlines,31.18,37.7,23.9,31.26,30.62,30.86,32.81,31.4,0.2,6.35,33.16,28.56
SWK,Stanley Black & Decker,Industrials,Industrial Machinery & Supplies & Components,73.92,106.67,55.14,74.63,72.75,71.23,69.94,75.1,0.0,4.67,77.37,65.08
SBUX,Starbucks,Consumer Discretionary,Restaurants,89.51,114.25,78.61,91.21,91.54,91.1,92.15,93.66,-0.2,6.14,95.01,87.19
STT,State Street Corporation,Financials,Asset Management & Custody Banks,111.89,113.6,74.79,111.78,111.26,111.31,107.23,96.41,0.2,1.78,113.88,108.74
STLD,Steel Dynamics,Materials,Steel,125.45,152.49,106.43,126.7,125.58,125.79,129.2,128.18,0.4,4.75,131.41,120.16
STE,Steris,Health Care,Health Care Equipment,249.55,251.96,201.46,246.69,244.5,235.69,234.87,224.74,0.4,1.93,254.37,217.02
SYK,Stryker Corporation,Health Care,Health Care Equipment,391.87,403.53,336.65,384.77,381.0,385.98,386.93,378.07,0.6,3.43,405.31,366.65
SMCI,Supermicro,Information Technology,"Technology Hardware, Storage & Peripherals",42.61,62.38,18.01,44.51,45.15,50.79,48.87,39.06,0.2,49.07,63.52,38.06
SYF,Synchrony Financial,Financials,Consumer Finance,71.58,72.83,43.38,71.86,71.17,70.71,68.13,61.71,0.0,3.17,73.85,67.57
SNPS,Synopsys,Information Technology,Application Software,601.13,645.35,380.9,614.7,617.38,620.06,565.4,508.47,-0.2,7.32,645.13,595.0
SYY,Sysco,Consumer Staples,Food Distributors,80.98,82.19,67.53,80.08,80.42,80.15,77.75,74.16,0.2,1.11,81.88,78.41
TMUS,T-Mobile US,Communication Services,Wireless Telecommunication Services,259.01,271.83,190.96,255.47,251.72,246.1,237.05,240.66,0.0,0.39,260.02,232.19
TROW,T. Rowe Price,Financials,Asset Management & Custody Banks,105.76,120.07,79.19,106.96,106.68,105.88,101.48,101.95,-0.4,3.73,109.7,102.06
TTWO,Take-Two Interactive,Communication Services,Interactive Home Entertainment,228.67,243.05,147.66,230.98,229.01,226.85,233.2,209.74,0.6,3.18,235.94,217.74
TPR,"Tapestry, Inc.",Consumer Discretionary,"Apparel, Accessories & Luxury Goods",98.87,113.53,39.27,98.63,104.31,106.79,97.69,76.73,-0.2,18.32,116.98,96.59
TRGP,Targa Resources,Energy,Oil & Gas Storage & Transportation,162.87,213.93,138.82,162.68,164.63,164.88,167.4,179.39,-0.2,3.79,169.04,160.71
TGT,Target Corporation,Consumer Staples,Consumer Staples Merchandise Retail,98.69,154.72,86.82,103.25,103.84,103.04,101.02,112.43,-0.6,9.17,107.74,98.35
TEL,TE Connectivity,Information Technology,Electronic Manufacturing Services,201.55,209.34,121.47,203.66,203.05,204.13,184.75,156.77,0.2,4.18,209.97,198.3
TDY,Teledyne Technologies,Information Technology,Electronic Equipment & Instruments,541.81,563.66,415.45,540.39,544.25,547.87,528.98,494.94,0.0,3.17,558.99,536.77
TER,Teradyne,Information Technology,Semiconductor Materials & Equipment,109.52,139.64,67.86,110.36,109.6,104.8,96.51,100.29,-0.2,9.27,119.67,89.92
TSLA,"Tesla, Inc.",Consumer Discretionary,Automobile Manufacturers,323.9,479.86,205.75,330.9,332.57,323.08,321.33,327.6,-0.2,6.94,346.38,299.79
TXN,Texas Instruments,Information Technology,Semiconductors,200.77,219.66,143.34,195.86,192.24,188.62,199.69,186.27,0.8,-0.67,199.42,177.81
TPL,Texas Pacific Land Corporation,Energy,Oil & Gas Exploration & Production,894.77,1723.85,784.85,896.74,880.73,923.84,996.97,1231.24,-0.2,13.69,1017.26,830.4
TXT,Textron,Industrials,Aerospace & Defense,79.29,91.11,60.7,79.45,78.91,78.64,80.21,76.75,0.6,2.21,81.04,76.24
TMO,Thermo Fisher Scientific,Health Care,Life Sciences Tools & Services,494.81,622.18,390.26,490.94,479.47,475.26,439.72,484.3,0.0,1.36,501.54,448.99
TJX,TJX Companies,Consumer Discretionary,Apparel Retail,138.27,138.27,110.73,134.3,133.27,129.98,126.18,123.47,0.4,-0.4,137.72,122.23
TKO,TKO Group Holdings,Communication Services,Movies & Entertainment,182.61,191.28,113.12,186.58,181.42,173.87,172.73,154.45,0.4,7.12,195.61,152.13
TTD,Trade Desk (The),Communication Services,Advertising,52.53,139.51,45.27,52.58,56.63,71.84,73.13,87.11,-0.2,101.56,105.88,37.81
TSCO,Tractor Supply,Consumer Discretionary,Other Specialty Retail,61.03,62.28,47.8,60.92,60.24,59.49,56.56,54.15,0.4,1.51,61.95,57.02
TT,Trane Technologies,Industrials,Building Products,426.3,472.54,314.52,427.19,429.6,438.59,435.27,392.28,0.2,10.41,470.68,406.53
TDG,TransDigm Group,Industrials,Aerospace & Defense,1402.16,1620.83,1225.77,1398.14,1405.57,1485.84,1498.76,1378.34,0.2,19.99,1682.45,1289.21
TRV,Travelers Companies (The),Financials,Property & Casualty Insurance,274.39,275.2,213.32,268.47,267.01,264.05,262.66,255.22,0.4,-0.56,272.85,255.26
TRMB,Trimble Inc.,Information Technology,Electronic Equipment & Instruments,80.2,85.24,54.15,82.01,82.7,83.45,79.53,72.15,-0.4,7.31,86.06,80.84
TFC,Truist Financial,Financials,Diversified Banks,44.39,46.42,33.92,44.45,43.93,43.78,43.03,42.02,0.2,2.73,45.6,41.97
TYL,Tyler Technologies,Information Technology,Application Software,567.95,646.74,521.68,570.26,577.43,577.2,576.11,585.16,-0.2,7.99,613.33,541.08
TSN,Tyson Foods,Consumer Staples,Packaged Foods & Meats,56.58,64.25,52.3,56.49,56.66,55.21,55.07,57.57,0.0,3.45,58.53,51.88
USB,U.S. Bancorp,Financials,Diversified Banks,46.41,51.9,36.0,46.3,45.74,45.51,45.4,44.95,0.2,1.9,47.29,43.72
UBER,Uber,Industrials,Passenger Ground Transportation,93.73,97.48,59.93,93.41,92.24,90.58,90.56,77.85,0.2,1.56,95.19,85.97
UDR,"UDR, Inc.",Real Estate,Multi-Family Residential REITs,38.82,45.23,37.29,38.48,38.31,38.86,39.91,41.38,0.2,4.77,40.67,37.04
ULTA,Ulta Beauty,Consumer Discretionary,Other Specialty Retail,516.69,532.71,314.47,519.46,514.91,514.6,490.93,415.87,0.2,2.61,530.18,499.03
UNP,Union Pacific Corporation,Industrials,Rail Transportation,225.68,251.7,207.02,222.37,221.84,222.69,226.8,229.65,0.0,0.9,227.71,217.67
UAL,United Airlines Holdings,Industrials,Passenger Airlines,99.84,110.52,41.33,100.89,96.93,93.0,86.58,87.06,0.0,4.57,104.4,81.59
UPS,United Parcel Service,Industrials,Air Freight & Logistics,86.94,130.93,82.93,87.0,86.2,87.97,94.71,106.84,-0.2,13.88,99.01,76.94
URI,United Rentals,Industrials,Trading Companies & Distributors,901.87,932.23,549.5,912.38,898.75,886.86,810.79,732.98,0.2,3.67,934.97,838.72
UNH,UnitedHealth Group,Health Care,Managed Health Care,299.84,615.84,237.77,297.61,276.94,268.17,288.68,436.93,0.0,4.14,312.25,224.09
UHS,Universal Health Services,Health Care,Health Care Facilities,184.7,240.75,154.95,180.42,176.88,169.27,173.17,182.46,0.2,1.2,186.92,151.63
VLO,Valero Energy,Energy,Oil & Gas Refining & Marketing,140.51,153.55,102.97,137.57,135.5,136.81,139.09,129.55,0.4,2.16,143.55,130.08
VTR,Ventas,Real Estate,Health Care REITs,69.18,69.55,56.07,67.93,68.2,67.71,65.33,63.67,0.2,0.65,69.63,65.8
VLTO,Veralto,Industrials,Environmental & Facilities Services,108.91,113.22,85.23,107.73,107.96,106.53,103.05,100.49,0.2,1.29,110.31,102.76
VRSN,Verisign,Information Technology,Internet Services & Infrastructure,271.42,305.1,175.69,268.54,268.26,273.08,279.11,241.11,0.4,9.24,296.5,249.65
VRSK,Verisk Analytics,Industrials,Research & Consulting Services,270.85,320.87,260.0,268.62,266.43,273.53,292.74,290.97,0.2,9.7,297.12,249.95
VZ,Verizon,Communication Services,Integrated Telecommunication Services,45.06,45.06,36.62,44.43,43.84,43.29,42.52,41.28,0.2,-0.49,44.84,41.75
VRTX,Vertex Pharmaceuticals,Health Care,Biotechnology,394.36,516.74,366.54,391.62,385.84,417.53,441.57,457.99,-0.2,26.52,498.94,336.12
VTRS,Viatris,Health Care,Pharmaceuticals,10.65,13.02,7.16,10.65,10.27,9.66,9.3,9.96,-0.2,4.04,11.08,8.23
VICI,Vici Properties,Real Estate,Hotel & Resort REITs,32.97,33.93,27.46,32.55,32.74,32.91,32.8,30.99,0.2,2.31,33.73,32.09
V,Visa Inc.,Financials,Transaction & Payment Processing Services,343.93,372.65,264.61,343.82,340.14,343.4,348.92,336.29,0.2,3.75,356.83,329.99
VST,Vistra Corp.,Utilities,Electric Utilities,192.91,214.06,73.19,197.01,200.77,201.91,192.71,156.23,0.0,11.06,214.25,189.56
VMC,Vulcan Materials Company,Materials,Construction Materials,286.28,295.15,219.65,290.74,289.27,282.37,270.89,262.86,0.4,4.3,298.59,266.16
WRB,W. R. Berkley Corporation,Financials,Property & Casualty Insurance,72.64,74.57,55.33,71.41,70.91,70.07,70.57,65.36,0.4,-0.3,72.42,67.72
GWW,W. W. Grainger,Industrials,Industrial Machinery & Supplies & Components,999.63,1212.97,915.74,983.53,968.83,986.14,1019.87,1051.84,0.0,7.39,1073.5,898.81
WAB,Wabtec,Industrials,Construction Machinery & Heavy Transportation Equipment,192.85,214.1,159.36,191.09,191.28,191.59,201.54,194.19,0.2,2.94,198.52,184.66
WBA,Walgreens Boots Alliance,Consumer Staples,Drug Retail,12.2,12.93,8.01,12.06,11.97,11.81,11.6,10.73,0.4,-0.16,12.18,11.45
WMT,Walmart,Consumer Staples,Consumer Staples Merchandise Retail,102.57,104.27,73.01,101.03,101.94,100.17,97.67,93.75,0.2,2.27,104.9,95.44
DIS,Walt Disney Company (The),Communication Services,Movies & Entertainment,117.04,124.01,81.37,116.31,114.98,117.08,119.07,108.61,0.6,4.84,122.7,111.45
WBD,Warner Bros. Discovery,Communication Services,Broadcasting,11.54,13.7,6.94,11.71,11.54,12.34,11.76,10.35,0.0,22.27,14.11,10.57
WM,Waste Management,Industrials,Environmental & Facilities Services,230.03,241.26,199.11,227.14,230.4,230.51,229.81,224.02,0.2,2.95,236.82,224.21
WAT,Waters Corporation,Health Care,Life Sciences Tools & Services,296.73,417.28,277.72,293.78,288.98,290.97,316.31,356.54,0.0,3.7,307.71,274.22
WEC,WEC Energy Group,Utilities,Electric Utilities,108.91,110.37,87.12,107.85,108.49,108.49,106.04,101.66,0.0,1.4,110.43,106.55
WFC,Wells Fargo,Financials,Diversified Banks,78.16,83.83,50.45,77.93,77.91,79.08,78.82,73.64,0.0,7.0,83.63,74.53
WELL,Welltower,Real Estate,Health Care REITs,165.99,168.94,113.43,163.35,164.81,164.66,157.99,144.56,0.2,2.8,170.64,158.69
WST,West Pharmaceutical Services,Health Care,Health Care Supplies,246.38,347.02,190.04,245.77,243.68,246.58,231.34,258.92,-0.2,8.14,266.44,226.72
WDC,Western Digital,Information Technology,"Technology Hardware, Storage & Peripherals",75.64,78.69,30.48,75.82,75.51,74.31,67.63,52.19,0.2,5.78,80.01,68.6
WY,Weyerhaeuser,Real Estate,Timber REITs,26.02,33.15,24.49,26.03,25.87,25.75,26.02,27.82,-0.2,2.08,26.56,24.93
WSM,"Williams-Sonoma, Inc.",Consumer Discretionary,Homefurnishing Retail,199.27,215.83,126.49,202.46,202.85,196.82,177.88,173.88,0.2,7.3,213.82,179.83
WMB,Williams Companies,Energy,Oil & Gas Storage & Transportation,57.22,62.87,42.67,57.02,57.46,58.24,58.84,56.97,0.2,5.56,60.4,56.09
WTW,Willis Towers Watson,Financials,Insurance Brokers,335.72,338.92,278.22,332.26,330.82,322.24,310.91,315.32,0.0,2.24,343.24,301.24
WDAY,"Workday, Inc.",Information Technology,Application Software,227.49,279.91,210.47,227.43,223.16,227.83,233.81,248.86,-0.2,6.98,243.37,212.28
WYNN,Wynn Resorts,Consumer Discretionary,Casinos & Gaming,111.51,112.83,65.78,110.56,109.81,109.13,103.21,90.15,0.0,1.3,112.96,105.31
XEL,Xcel Energy,Utilities,Multi-Utilities,73.17,74.24,57.95,72.58,72.75,72.85,70.2,68.4,-0.2,1.44,74.22,71.48
XYL,Xylem Inc.,Industrials,Industrial Machinery & Supplies & Components,141.87,144.62,102.53,141.44,142.32,139.99,133.61,124.55,0.2,5.55,149.74,130.23
YUM,Yum! Brands,Consumer Discretionary,Restaurants,149.34,161.74,122.07,149.13,145.76,145.2,145.9,142.58,0.2,1.44,151.49,138.9
ZBRA,Zebra Technologies,Information Technology,Electronic Equipment & Instruments,304.74,421.11,213.54,315.98,319.2,324.31,316.86,328.26,-0.2,14.29,348.29,300.33
ZBH,Zimmer Biomet,Health Care,Health Care Equipment,105.71,115.11,89.98,103.49,102.02,97.84,95.02,101.85,-0.2,1.54,107.34,88.33
ZTS,Zoetis,Health Care,Pharmaceuticals,156.76,194.12,143.44,154.38,151.87,150.59,154.37,162.0,0.2,0.0,156.76,144.43
