Symbol,Company,GICS_Sector,GICS_Sub_Industry,Current_Price,52_Week_High,52_Week_Low,SMA_5,SMA_10,SMA_20,SMA_50,SMA_100,SMA_125,SMA_200
MMM,3M,Industrials,Industrial Conglomerates,154.75,164.15,121.39,154.2,154.94,152.14,151.42,146.43,146.91,142.56
AOS,A. O. Smith,Industrials,Building Products,71.85,90.29,58.25,72.31,71.85,71.43,68.55,66.89,66.76,67.85
ABT,Abbott Laboratories,Health Care,Health Care Equipment,132.44,139.95,108.25,131.0,131.31,129.66,131.03,130.68,130.75,125.79
ABBV,AbbVie,Health Care,Biotechnology,209.15,214.8,159.42,206.66,202.89,197.77,191.53,187.92,191.41,185.82
ACN,Accenture,Information Technology,IT Consulting & Other Services,255.05,394.41,236.67,250.65,245.63,256.35,280.05,291.44,299.03,321.6
ADBE,Adobe Inc.,Information Technology,Application Software,353.43,587.75,330.04,355.03,347.76,352.64,369.79,376.67,385.41,417.06
AMD,Advanced Micro Devices,Information Technology,Semiconductors,165.2,186.65,76.48,173.27,174.32,173.23,153.14,127.84,123.02,124.59
AES,AES Corporation,Utilities,Independent Power Producers & Energy Traders,13.2,19.17,9.28,13.22,13.08,13.14,12.22,11.36,11.38,11.61
AFL,Aflac,Financials,Life & Health Insurance,107.9,114.16,96.67,106.25,105.04,102.69,102.79,104.08,104.66,104.72
A,Agilent Technologies,Health Care,Life Sciences Tools & Services,119.11,153.19,96.23,119.09,117.58,117.25,117.78,113.3,115.45,124.09
APD,Air Products,Materials,Industrial Gases,292.37,336.92,242.14,290.67,289.81,290.7,287.57,279.25,283.11,292.74
ABNB,Airbnb,Consumer Discretionary,"Hotels, Resorts & Cruise Lines",124.96,163.93,99.88,125.24,123.17,129.01,133.14,128.72,129.55,131.8
AKAM,Akamai Technologies,Information Technology,Internet Services & Infrastructure,76.06,106.8,67.51,75.3,73.98,75.64,77.64,77.53,78.25,84.95
ALB,Albemarle Corporation,Materials,Specialty Chemicals,78.12,112.1,49.11,81.08,79.13,75.72,70.52,64.59,66.8,76.56
ARE,Alexandria Real Estate Equities,Real Estate,Office REITs,77.46,118.73,66.16,76.71,75.28,76.76,75.74,74.92,79.09,86.25
ALGN,Align Technology,Health Care,Health Care Supplies,143.58,262.87,127.7,143.52,141.73,156.07,176.68,175.3,174.84,191.84
ALLE,Allegion,Industrials,Building Products,168.52,170.51,116.14,168.26,166.93,165.93,153.39,144.2,140.8,138.18
LNT,Alliant Energy,Utilities,Electric Utilities,66.33,67.02,54.71,65.22,65.34,65.15,62.82,61.79,61.89,60.63
ALL,Allstate,Financials,Property & Casualty Insurance,213.62,214.76,174.74,209.31,208.04,203.44,198.96,199.27,199.34,196.26
GOOGL,Alphabet Inc. (Class A),Communication Services,Interactive Media & Services,199.32,206.56,140.36,202.25,201.55,197.63,185.78,173.07,172.08,177.0
GOOG,Alphabet Inc. (Class C),Communication Services,Interactive Media & Services,200.19,208.21,142.49,203.14,202.39,198.46,186.72,174.4,173.54,178.5
MO,Altria,Consumer Staples,Tobacco,67.58,67.87,46.28,66.3,65.64,63.34,60.68,59.13,58.37,55.78
AMZN,Amazon,Consumer Discretionary,Broadline Retail,223.81,242.52,161.38,229.06,225.85,225.63,222.04,207.52,206.52,211.86
AMCR,Amcor,Materials,Paper & Plastic Packaging Products & Materials,8.57,11.04,8.25,8.61,9.17,9.34,9.38,9.27,9.37,9.49
AEE,Ameren,Utilities,Multi-Utilities,101.99,103.59,78.91,101.16,101.43,101.13,98.22,97.57,97.68,94.97
AEP,American Electric Power,Utilities,Electric Utilities,113.55,115.08,87.57,112.35,112.42,111.63,106.63,104.95,104.65,100.65
AXP,American Express,Financials,Consumer Finance,308.4,329.14,219.87,306.95,303.32,303.01,306.78,290.54,287.56,292.14
AIG,American International Group,Financials,Multi-line Insurance,82.53,87.61,68.55,80.9,79.62,79.08,81.63,82.04,81.86,78.72
AMT,American Tower,Real Estate,Telecom Tower REITs,209.5,235.86,169.77,205.77,206.02,211.07,216.72,215.06,213.06,204.03
AWK,American Water Works,Utilities,Water Utilities,145.62,153.69,116.64,144.16,143.95,142.4,141.3,142.05,141.37,135.8
AMP,Ameriprise Financial,Financials,Asset Management & Custody Banks,505.4,576.69,393.57,506.81,507.04,509.78,519.53,502.23,501.92,516.83
AME,Ametek,Industrials,Electrical Components & Equipment,183.34,197.35,144.77,183.46,183.6,182.62,180.8,175.32,176.35,179.88
AMGN,Amgen,Health Care,Biotechnology,296.45,332.94,249.07,294.28,290.37,295.19,293.44,287.62,292.2,286.88
APH,Amphenol,Information Technology,Electronic Components,108.65,112.35,56.35,109.93,109.97,108.18,101.77,89.57,84.63,79.55
ADI,Analog Devices,Information Technology,Semiconductors,244.87,247.73,157.93,234.94,231.55,228.62,233.76,217.06,217.1,215.91
AON,Aon plc,Financials,Insurance Brokers,374.0,411.24,322.37,369.12,367.98,363.91,357.86,361.4,368.34,369.08
APA,APA Corporation,Energy,Oil & Gas Exploration & Production,20.34,28.41,13.18,20.39,20.23,19.61,19.3,17.96,18.31,19.66
APO,Apollo Global Management,Financials,Asset Management & Custody Banks,135.34,187.59,101.84,138.17,139.9,142.77,142.32,136.58,137.26,147.51
AAPL,Apple Inc.,Information Technology,"Technology Hardware, Storage & Peripherals",226.01,259.18,168.8,230.37,229.09,219.0,211.02,206.93,211.0,220.47
AMAT,Applied Materials,Information Technology,Semiconductor Materials & Equipment,160.96,214.09,123.39,167.34,176.76,180.48,183.25,167.91,165.32,169.24
APTV,Aptiv,Consumer Discretionary,Automotive Parts & Equipment,75.15,77.09,47.19,75.09,72.14,69.83,69.66,64.86,64.74,62.72
ACGL,Arch Capital Group,Financials,Property & Casualty Insurance,92.84,110.75,82.49,91.44,90.25,88.93,89.37,91.14,91.33,92.26
ADM,Archer Daniels Midland,Consumer Staples,Agricultural Products & Services,60.73,60.75,40.56,59.89,59.18,57.18,54.97,51.12,50.28,50.09
ANET,Arista Networks,Information Technology,Communications Equipment,131.47,141.99,59.43,135.21,137.14,128.8,112.21,98.07,95.63,100.6
AJG,Arthur J. Gallagher & Co.,Financials,Insurance Brokers,302.64,350.53,272.64,296.85,293.84,293.7,306.94,319.81,322.02,312.06
AIZ,Assurant,Financials,Multi-line Insurance,215.4,227.97,174.28,212.74,209.75,199.23,195.6,195.79,198.0,202.86
T,AT&T,Communication Services,Integrated Telecommunication Services,29.28,29.38,18.47,28.96,28.6,28.12,27.86,27.48,27.24,25.49
ATO,Atmos Energy,Utilities,Gas Utilities,166.09,167.85,125.9,165.48,165.22,160.93,156.82,155.96,154.53,149.47
ADSK,Autodesk,Information Technology,Application Software,288.63,326.62,232.67,287.6,287.63,295.35,298.16,288.2,284.02,290.33
ADP,Automatic Data Processing,Industrials,Human Resource & Employment Services,309.03,328.29,257.54,304.17,303.85,304.65,305.31,305.32,304.47,301.31
AZO,AutoZone,Consumer Discretionary,Automotive Retail,4158.1,4187.39,2898.57,4065.25,4049.56,3967.53,3796.16,3751.41,3713.22,3542.77
AVB,AvalonBay Communities,Real Estate,Multi-Family Residential REITs,190.62,233.48,178.86,190.04,188.83,190.8,198.21,200.44,202.93,208.65
AVY,Avery Dennison,Materials,Paper & Plastic Packaging Products & Materials,175.69,221.17,156.18,175.15,174.25,172.53,176.4,175.25,176.18,181.85
AXON,Axon Enterprise,Industrials,Aerospace & Defense,760.89,885.92,346.71,762.97,788.11,775.63,773.07,708.85,674.94,651.19
BKR,Baker Hughes,Energy,Oil & Gas Equipment & Services,42.85,48.6,31.55,42.94,42.9,43.81,40.97,39.19,39.95,41.04
BALL,Ball Corporation,Materials,"Metal, Glass & Plastic Containers",53.13,67.39,43.35,53.32,53.68,55.46,56.53,53.77,53.33,54.32
BAC,Bank of America,Financials,Diversified Banks,48.35,49.31,32.88,47.8,47.08,47.08,46.8,43.81,43.47,44.1
BAX,Baxter International,Health Care,Health Care Equipment,24.27,39.87,21.33,24.17,23.96,24.73,27.77,29.01,30.1,30.57
BDX,Becton Dickinson,Health Care,Health Care Equipment,199.2,249.34,162.35,196.63,194.78,187.32,179.7,183.51,191.96,205.4
BBY,Best Buy,Consumer Discretionary,Computer & Electronics Retail,72.27,99.71,54.24,72.31,70.96,68.71,69.21,68.0,69.76,75.4
TECH,Bio-Techne,Health Care,Life Sciences Tools & Services,54.33,80.52,45.87,53.93,52.75,54.35,52.84,51.54,53.55,60.89
BIIB,Biogen,Health Care,Biotechnology,138.99,207.59,110.04,137.46,133.78,132.01,130.55,127.28,130.31,138.63
BLK,BlackRock,Financials,Asset Management & Custody Banks,1128.46,1171.89,769.66,1137.64,1137.36,1125.66,1078.32,1002.19,990.51,997.34
BX,Blackstone Inc.,Financials,Asset Management & Custody Banks,164.47,196.67,114.16,169.46,170.43,171.66,159.7,147.37,147.37,157.51
XYZ,"Block, Inc.",Financials,Transaction & Payment Processing Services,74.18,99.26,44.27,75.41,75.18,76.37,71.22,63.76,63.12,72.2
BK,BNY Mellon,Financials,Asset Management & Custody Banks,101.25,104.47,63.52,101.68,102.25,101.66,96.09,89.42,88.29,85.0
BA,Boeing,Industrials,Aerospace & Defense,225.62,242.69,128.88,230.3,229.99,228.43,220.51,202.2,195.45,184.62
BKNG,Booking Holdings,Consumer Discretionary,"Hotels, Resorts & Cruise Lines",5639.78,5839.41,3582.59,5538.98,5480.66,5516.6,5562.88,5280.25,5165.58,5084.38
BSX,Boston Scientific,Health Care,Health Care Equipment,106.05,108.94,77.71,104.03,103.42,104.52,103.71,102.27,101.95,99.06
BMY,Bristol Myers Squibb,Health Care,Pharmaceuticals,48.26,61.84,42.96,48.21,47.27,46.7,47.06,48.12,50.14,52.18
AVGO,Broadcom,Information Technology,Semiconductors,291.17,317.35,133.38,301.88,304.4,299.59,280.62,242.05,232.08,221.92
BR,Broadridge Financial Solutions,Industrials,Data Processing & Outsourced Services,261.86,271.91,203.77,260.93,262.47,257.57,246.59,241.46,239.96,235.81
BRO,Brown & Brown,Financials,Insurance Brokers,96.79,125.31,90.24,95.82,94.99,95.09,102.23,107.97,109.99,108.66
BLDR,Builders FirstSource,Industrials,Building Products,132.75,203.14,102.6,136.49,135.65,133.51,126.58,121.3,123.5,138.87
BG,Bunge Global,Consumer Staples,Agricultural Products & Services,82.37,98.35,65.6,80.91,81.46,79.85,78.8,77.7,76.68,77.34
BXP,"BXP, Inc.",Real Estate,Office REITs,66.43,86.38,53.45,65.82,64.93,66.31,68.32,66.42,66.38,68.98
CHRW,C.H. Robinson,Industrials,Air Freight & Logistics,121.08,124.94,84.13,122.13,120.12,114.22,103.58,98.43,98.49,100.32
CDNS,Cadence Design Systems,Information Technology,Application Software,345.45,376.45,221.56,349.48,350.56,352.03,327.28,306.85,295.67,297.99
CZR,Caesars Entertainment,Consumer Discretionary,Casinos & Gaming,25.22,45.93,21.4,25.41,24.96,26.07,27.83,27.37,27.85,31.02
CPT,Camden Property Trust,Real Estate,Multi-Family Residential REITs,108.43,124.31,101.41,107.06,106.37,108.3,111.82,113.16,114.33,114.56
CPB,Campbell's Company (The),Consumer Staples,Packaged Foods & Meats,32.39,50.77,29.39,32.47,32.44,32.44,31.83,33.8,34.79,36.95
COF,Capital One,Financials,Consumer Finance,214.71,231.82,129.97,216.29,213.6,212.79,211.18,196.05,192.78,190.45
CAH,Cardinal Health,Health Care,Health Care Distributors,152.95,168.44,104.89,150.31,151.44,154.31,158.87,151.19,146.6,137.02
KMX,CarMax,Consumer Discretionary,Automotive Retail,57.81,91.25,54.53,58.31,57.3,57.54,62.74,65.26,67.46,72.98
CCL,Carnival,Consumer Discretionary,"Hotels, Resorts & Cruise Lines",29.26,31.01,15.07,29.76,29.51,29.56,28.13,24.27,23.71,24.33
CARR,Carrier Global,Industrials,Building Products,66.84,82.31,53.89,66.29,66.15,68.82,71.85,69.07,68.38,68.98
CAT,Caterpillar Inc.,Industrials,Construction Machinery & Heavy Transportation Equipment,420.59,441.15,265.05,414.92,414.32,423.3,401.46,361.71,356.69,363.53
CBOE,Cboe Global Markets,Financials,Financial Exchanges & Data,251.93,255.27,186.22,247.07,248.46,246.83,237.6,229.28,225.99,216.81
CBRE,CBRE Group,Real Estate,Real Estate Services,160.84,161.8,108.45,159.23,157.52,155.37,145.24,134.63,134.29,134.96
CDW,CDW Corporation,Information Technology,Technology Distributors,166.91,229.02,136.84,166.04,164.67,169.93,174.32,170.98,171.02,175.86
COR,Cencora,Health Care,Health Care Distributors,303.69,308.18,216.84,295.18,290.76,289.75,292.47,288.81,282.5,266.42
CNC,Centene Corporation,Health Care,Managed Health Care,29.4,80.59,25.08,28.63,27.25,26.75,36.35,48.11,50.29,54.15
CNP,CenterPoint Energy,Utilities,Multi-Utilities,38.5,39.39,25.16,38.2,38.44,38.45,37.18,37.15,36.63,34.65
CF,CF Industries,Materials,Fertilizers & Agricultural Chemicals,85.43,103.84,66.56,84.91,83.79,88.0,91.95,86.54,84.51,85.22
CRL,Charles River Laboratories,Health Care,Life Sciences Tools & Services,159.58,230.02,91.86,157.5,154.27,162.63,157.35,143.5,148.34,161.27
SCHW,Charles Schwab Corporation,Financials,Investment Banking & Brokerage,95.51,99.42,60.38,96.27,96.6,96.74,93.24,87.43,85.34,82.52
CHTR,Charter Communications,Communication Services,Cable & Satellite,266.62,437.06,254.67,266.29,263.77,275.5,347.79,363.56,363.76,364.95
CVX,Chevron Corporation,Energy,Integrated Oil & Gas,153.22,165.09,129.01,153.42,153.05,152.55,149.01,143.51,145.76,147.05
CMG,Chipotle Mexican Grill,Consumer Discretionary,Restaurants,43.07,66.74,41.18,43.38,42.9,43.4,49.76,50.01,50.17,53.66
CB,Chubb Limited,Financials,Property & Casualty Insurance,279.68,305.88,250.52,275.27,273.27,270.58,277.34,282.58,283.32,279.63
CHD,Church & Dwight,Consumer Staples,Household Products,94.91,115.72,90.22,93.31,92.62,93.45,95.5,97.27,99.51,101.71
CI,Cigna,Health Care,Health Care Services,304.57,365.71,256.89,298.44,288.27,284.62,301.36,311.89,312.0,306.68
CINF,Cincinnati Financial,Financials,Property & Casualty Insurance,153.65,158.92,122.28,152.21,151.79,150.61,148.55,145.07,144.41,143.81
CTAS,Cintas,Industrials,Diversified Support Services,216.73,228.77,179.74,216.98,220.46,221.45,220.13,216.27,212.8,209.62
CSCO,Cisco,Information Technology,Communications Equipment,67.11,72.55,46.57,67.26,69.05,68.6,67.84,63.73,63.26,61.52
C,Citigroup,Financials,Diversified Banks,93.17,96.28,54.51,94.06,93.69,93.56,88.14,78.74,77.38,75.45
CFG,Citizens Financial Group,Financials,Regional Banks,48.81,49.55,31.96,48.65,48.08,48.04,46.11,42.1,41.99,43.03
CLX,Clorox,Consumer Staples,Household Products,121.25,166.9,116.17,121.06,121.9,123.63,123.5,129.38,132.79,141.9
CME,CME Group,Financials,Financial Exchanges & Data,274.61,289.46,197.54,273.03,276.38,277.96,275.58,273.07,269.67,254.44
CMS,CMS Energy,Utilities,Multi-Utilities,73.01,75.33,62.54,72.59,72.96,72.83,70.96,70.99,71.14,69.23
KO,Coca-Cola Company (The),Consumer Staples,Soft Drinks & Non-alcoholic Beverages,70.7,73.85,59.75,69.89,70.21,69.54,69.94,70.44,70.26,67.34
CTSH,Cognizant,Information Technology,IT Consulting & Other Services,70.49,89.77,64.98,70.04,69.57,71.21,75.08,75.31,76.38,77.53
COIN,Coinbase,Financials,Financial Exchanges & Data,304.39,444.65,142.58,313.93,316.02,334.46,340.37,276.64,261.61,269.36
CL,Colgate-Palmolive,Consumer Staples,Household Products,86.05,106.9,82.4,85.18,85.1,85.25,87.65,89.4,89.62,89.58
CMCSA,Comcast,Communication Services,Cable & Satellite,33.29,44.12,31.03,33.39,32.67,32.88,34.18,34.2,34.45,35.85
CAG,Conagra Brands,Consumer Staples,Packaged Foods & Meats,19.25,31.36,18.18,19.22,19.29,19.02,19.71,21.63,22.33,23.58
COP,ConocoPhillips,Energy,Oil & Gas Exploration & Production,94.89,112.56,78.56,94.41,93.87,94.02,92.99,90.76,91.77,95.23
ED,Consolidated Edison,Utilities,Multi-Utilities,101.76,112.97,85.07,101.25,102.38,102.35,100.98,103.45,103.23,98.95
STZ,Constellation Brands,Consumer Staples,Distillers & Vintners,166.3,255.51,158.43,167.24,168.91,169.97,167.86,175.11,175.64,187.99
CEG,Constellation Energy,Utilities,Electric Utilities,314.21,356.57,160.94,320.37,326.97,332.23,320.12,284.72,273.41,270.32
COO,Cooper Companies (The),Health Care,Health Care Supplies,73.5,112.38,65.0,73.55,72.51,72.15,72.05,75.33,77.29,84.57
CPRT,Copart,Industrials,Diversified Support Services,47.61,64.38,45.05,47.34,47.06,46.63,47.46,52.73,53.06,55.05
GLW,Corning Inc.,Information Technology,Electronic Components,64.6,66.5,37.1,65.17,65.28,62.99,56.49,50.94,50.24,49.63
CPAY,Corpay,Financials,Transaction & Payment Processing Services,316.42,400.81,269.02,318.3,312.74,319.44,326.69,326.25,331.19,343.36
CTVA,Corteva,Materials,Fertilizers & Agricultural Chemicals,72.96,77.41,52.94,72.26,71.91,72.08,73.25,68.81,67.29,64.63
CSGP,CoStar Group,Real Estate,Real Estate Services,88.25,97.43,68.26,88.6,90.13,92.6,86.72,81.92,81.12,78.86
COST,Costco,Consumer Staples,Consumer Staples Merchandise Retail,994.57,1075.34,862.73,980.44,981.95,961.84,971.05,980.88,977.67,971.14
CTRA,Coterra,Energy,Oil & Gas Exploration & Production,23.23,29.29,21.55,23.53,23.65,23.73,24.59,24.73,25.17,25.4
CRWD,CrowdStrike,Information Technology,Systems Software,419.17,517.98,242.25,423.37,426.07,442.05,468.81,442.07,426.96,405.07
CCI,Crown Castle,Real Estate,Telecom Tower REITs,102.86,115.8,81.93,101.71,102.72,105.35,103.59,102.02,100.87,97.7
CSX,CSX Corporation,Industrials,Rail Transportation,35.99,37.25,26.11,36.23,35.9,35.69,34.2,31.75,31.5,32.2
CMI,Cummins,Industrials,Construction Machinery & Heavy Transportation Equipment,396.35,408.38,258.55,400.95,397.05,382.39,352.05,328.59,330.42,340.97
CVS,CVS Health,Health Care,Health Care Services,70.82,71.73,42.12,69.46,67.27,64.35,64.83,64.58,64.54,59.96
DHR,Danaher Corporation,Health Care,Life Sciences Tools & Services,211.4,278.43,170.73,210.75,206.74,203.77,200.56,196.53,199.0,210.93
DRI,Darden Restaurants,Consumer Discretionary,Restaurants,207.49,226.68,139.57,206.83,205.64,204.6,210.7,206.55,203.73,193.45
DDOG,Datadog,Information Technology,Application Software,128.46,170.08,81.63,127.66,129.21,136.15,135.53,120.67,118.29,127.42
DVA,DaVita,Health Care,Health Care Services,137.42,179.6,126.07,135.42,133.01,137.13,139.5,141.21,142.22,148.85
DAY,Dayforce,Industrials,Human Resource & Employment Services,67.4,82.69,48.01,61.16,56.47,56.81,56.98,57.08,57.34,63.5
DECK,Deckers Brands,Consumer Discretionary,Footwear,104.05,223.98,93.72,104.39,103.62,105.97,104.45,108.62,112.37,141.81
DE,Deere & Company,Industrials,Agricultural & Farm Machinery,492.72,532.1,366.59,488.19,498.43,505.07,508.94,494.35,490.62,470.93
DELL,Dell Technologies,Information Technology,"Technology Hardware, Storage & Peripherals",128.48,145.54,65.56,135.79,136.96,133.95,126.43,111.69,109.03,112.61
DAL,Delta Air Lines,Industrials,Passenger Airlines,59.05,69.36,34.52,59.97,57.85,55.73,53.11,48.96,49.51,54.64
DVN,Devon Energy,Energy,Oil & Gas Exploration & Production,33.78,44.6,25.71,33.69,33.39,33.21,33.26,32.32,32.88,33.73
DXCM,Dexcom,Health Care,Health Care Equipment,81.67,93.25,57.52,80.86,79.75,81.47,82.94,79.74,79.37,79.64
FANG,Diamondback Energy,Energy,Oil & Gas Exploration & Production,137.87,195.31,112.4,139.47,139.08,142.84,142.42,139.12,141.21,150.64
DLR,Digital Realty,Real Estate,Data Center REITs,165.33,193.72,129.05,166.01,167.78,171.51,173.04,165.7,162.72,167.4
DG,Dollar General,Consumer Staples,Consumer Staples Merchandise Retail,114.85,123.68,65.67,113.48,114.49,111.35,111.88,103.15,98.14,89.07
DLTR,Dollar Tree,Consumer Staples,Consumer Staples Merchandise Retail,113.35,118.06,60.49,113.2,114.3,114.61,107.6,95.11,89.89,82.77
D,Dominion Energy,Utilities,Multi-Utilities,61.52,62.45,47.5,61.11,61.4,60.42,58.02,56.08,55.74,55.14
DPZ,Domino's,Consumer Discretionary,Restaurants,442.86,497.15,390.2,448.02,445.53,456.26,457.78,464.77,463.66,455.15
DASH,DoorDash,Consumer Discretionary,Specialized Consumer Services,243.82,278.15,122.32,248.19,254.58,252.35,241.26,216.86,211.65,199.22
DOV,Dover Corporation,Industrials,Industrial Machinery & Supplies & Components,178.74,221.09,142.63,178.31,177.51,179.16,182.18,177.17,178.96,185.61
DOW,Dow Inc.,Materials,Commodity Chemicals,24.08,52.49,20.4,23.52,22.59,23.08,26.44,27.64,29.33,33.28
DHI,D. R. Horton,Consumer Discretionary,Homebuilding,163.37,197.64,109.8,165.23,161.53,154.68,140.33,131.19,130.61,137.15
DTE,DTE Energy,Utilities,Multi-Utilities,140.49,142.05,112.71,139.29,139.82,139.15,135.75,134.8,134.24,128.7
DUK,Duke Energy,Utilities,Electric Utilities,124.48,126.75,102.41,123.07,123.7,122.09,118.56,117.7,117.27,113.9
DD,DuPont,Materials,Specialty Chemicals,74.48,88.67,53.45,73.63,72.53,72.68,72.05,68.87,70.61,73.7
EMN,Eastman Chemical Company,Materials,Specialty Chemicals,66.62,111.31,56.78,66.21,64.5,67.05,73.5,76.08,79.33,85.35
ETN,Eaton Corporation,Industrials,Electrical Components & Equipment,346.22,399.56,231.05,350.97,355.87,368.7,358.59,328.3,320.23,328.61
EBAY,eBay Inc.,Consumer Discretionary,Broadline Retail,99.15,101.15,54.34,99.45,97.65,91.78,82.89,75.92,74.01,70.16
ECL,Ecolab,Materials,Specialty Chemicals,285.47,286.04,221.08,282.0,278.46,272.05,269.32,259.78,259.55,253.75
EIX,Edison International,Utilities,Electric Utilities,55.96,85.03,46.98,55.89,55.57,54.35,51.95,53.62,53.73,59.63
EW,Edwards Lifesciences,Health Care,Health Care Equipment,81.39,83.0,64.01,79.01,78.41,78.83,77.37,75.76,74.77,73.53
EA,Electronic Arts,Communication Services,Interactive Home Entertainment,171.33,180.9,114.9,172.97,172.77,164.07,157.29,151.72,148.89,148.12
ELV,Elevance Health,Health Care,Managed Health Care,310.0,558.44,273.71,307.26,299.15,290.73,327.94,368.08,376.38,381.36
EMR,Emerson Electric,Industrials,Electrical Components & Equipment,130.89,149.68,89.31,131.98,132.28,138.06,136.12,122.92,121.18,122.52
ENPH,Enphase Energy,Information Technology,Semiconductor Materials & Equipment,35.68,130.08,29.89,34.95,33.93,33.48,37.83,43.11,46.67,54.84
ETR,Entergy,Utilities,Electric Utilities,89.83,91.79,57.1,89.18,89.65,89.17,85.07,83.53,83.43,80.63
EOG,EOG Resources,Energy,Oil & Gas Exploration & Production,118.36,135.49,100.76,118.44,117.88,118.51,119.56,115.53,117.19,120.62
EPAM,EPAM Systems,Information Technology,IT Consulting & Other Services,166.44,269.0,138.15,163.12,159.69,160.05,167.61,166.7,171.65,197.5
EQT,EQT Corporation,Energy,Oil & Gas Exploration & Production,51.34,60.83,31.05,51.46,51.44,51.93,54.79,53.7,52.96,50.58
EFX,Equifax,Industrials,Research & Consulting Services,248.35,308.07,199.6,247.93,245.53,244.1,253.78,252.69,250.61,253.72
EQIX,Equinix,Real Estate,Data Center REITs,776.29,983.59,697.65,775.22,777.97,782.99,803.38,821.4,829.82,864.81
EQR,Equity Residential,Real Estate,Multi-Family Residential REITs,64.48,76.06,58.81,63.96,63.59,64.28,66.21,67.21,67.76,68.59
ERIE,Erie Indemnity,Financials,Insurance Brokers,364.28,539.84,331.01,364.32,362.4,359.4,353.51,364.97,375.62,387.09
ESS,Essex Property Trust,Real Estate,Multi-Family Residential REITs,262.04,310.81,241.65,259.29,257.29,263.65,276.21,277.13,280.94,282.38
EL,Estée Lauder Companies (The),Consumer Staples,Personal Care Products,86.57,101.93,48.12,89.53,90.57,90.92,85.46,73.29,72.47,72.49
EG,Everest Group,Financials,Reinsurance,343.52,400.59,318.14,336.45,333.56,332.5,335.09,340.63,342.83,347.81
EVRG,Evergy,Utilities,Electric Utilities,72.6,73.97,56.05,72.26,72.49,71.72,69.76,68.15,67.8,65.5
ES,Eversource Energy,Utilities,Electric Utilities,65.71,67.15,51.64,65.4,65.58,65.79,65.07,62.79,62.29,60.64
EXC,Exelon,Utilities,Electric Utilities,44.88,47.26,34.98,44.57,44.75,44.39,43.39,43.89,43.71,41.52
EXE,Expand Energy,Energy,Oil & Gas Exploration & Production,94.0,121.47,66.93,94.04,95.22,97.35,105.05,106.37,105.29,102.12
EXPE,Expedia Group,Consumer Discretionary,"Hotels, Resorts & Cruise Lines",205.68,213.0,125.89,207.01,202.34,193.06,182.03,171.33,172.95,176.4
EXPD,Expeditors International,Industrials,Air Freight & Logistics,119.29,129.91,99.78,120.09,119.56,117.66,116.02,113.52,114.27,114.45
EXR,Extra Space Storage,Real Estate,Self-Storage REITs,139.64,178.97,119.72,137.93,137.33,140.63,145.48,144.38,145.14,148.1
XOM,ExxonMobil,Energy,Integrated Oil & Gas,108.53,121.93,96.01,107.11,106.3,107.63,109.14,106.92,107.48,108.16
FFIV,"F5, Inc.",Information Technology,Communications Equipment,315.79,334.0,194.45,316.27,319.07,313.69,302.45,286.99,284.85,277.01
FDS,FactSet,Financials,Financial Exchanges & Data,387.64,496.49,365.76,375.49,377.11,391.03,417.29,428.57,431.39,446.65
FICO,Fair Isaac,Information Technology,Application Software,1344.11,2402.52,1300.0,1348.1,1336.03,1394.53,1589.14,1740.77,1757.86,1871.44
FAST,Fastenal,Industrials,Trading Companies & Distributors,49.54,50.06,30.87,49.22,48.71,47.55,44.87,42.32,41.33,39.97
FRT,Federal Realty Investment Trust,Real Estate,Retail REITs,96.43,114.28,79.72,94.89,93.7,93.42,94.15,93.66,94.52,99.37
FDX,FedEx,Industrials,Air Freight & Logistics,227.21,303.39,193.05,229.28,228.46,228.6,229.24,222.96,227.56,244.95
FIS,Fidelity National Information Services,Financials,Transaction & Payment Processing Services,69.76,90.63,66.18,70.25,70.69,74.61,78.18,77.32,76.03,77.92
FITB,Fifth Third Bancorp,Financials,Regional Banks,43.1,47.75,31.96,42.87,42.36,42.15,41.69,39.16,39.28,40.94
FSLR,First Solar,Information Technology,Semiconductors,206.44,262.72,116.56,203.35,193.87,188.16,174.2,159.12,154.39,165.6
FE,FirstEnergy,Utilities,Electric Utilities,43.58,44.06,36.81,43.39,43.46,42.76,41.03,40.96,40.55,40.07
FI,Fiserv,Financials,Transaction & Payment Processing Services,139.96,238.59,128.22,137.49,135.22,136.82,155.25,170.92,181.25,193.01
F,Ford Motor Company,Consumer Discretionary,Automobile Manufacturers,11.49,11.81,8.21,11.48,11.35,11.16,11.04,10.44,10.24,10.02
FTNT,Fortinet,Information Technology,Systems Software,79.61,114.82,70.12,78.96,77.69,89.32,97.84,99.05,99.61,98.61
FTV,Fortive,Industrials,Industrial Machinery & Supplies & Components,48.04,62.72,45.45,47.98,47.76,48.48,50.91,51.56,52.76,54.84
FOXA,Fox Corporation (Class A),Communication Services,Broadcasting,58.97,60.24,38.53,58.59,57.06,56.43,55.89,54.02,54.15,52.02
FOX,Fox Corporation (Class B),Communication Services,Broadcasting,54.01,54.93,35.71,53.59,52.08,51.61,51.25,49.73,49.96,48.38
BEN,Franklin Resources,Financials,Asset Management & Custody Banks,24.56,26.08,16.03,25.08,25.23,24.94,24.19,21.92,21.4,20.92
FCX,Freeport-McMoRan,Materials,Copper,41.31,51.85,27.45,41.83,41.82,41.72,42.85,39.79,39.43,39.78
GRMN,Garmin,Consumer Discretionary,Consumer Electronics,230.15,244.52,159.09,232.72,232.35,230.47,219.57,208.05,209.72,210.06
IT,Gartner,Information Technology,IT Consulting & Other Services,244.2,584.01,223.65,241.56,236.45,280.77,346.57,384.36,400.47,443.69
GE,GE Aerospace,Industrials,Aerospace & Defense,266.44,281.5,158.81,267.67,270.91,271.21,258.71,235.04,228.11,210.89
GEHC,GE HealthCare,Health Care,Health Care Equipment,73.87,94.71,57.59,73.61,73.39,73.39,73.91,71.51,74.17,78.01
GEV,GE Vernova,Industrials,Heavy Electrical Equipment,604.59,677.29,172.73,615.98,631.74,640.75,570.28,479.88,447.12,411.2
GEN,Gen Digital,Information Technology,Systems Software,31.44,32.09,22.55,31.41,30.99,30.25,29.89,28.2,28.0,28.08
GNRC,Generac,Industrials,Electrical Components & Equipment,189.65,203.25,99.5,196.93,197.26,187.34,159.99,139.64,138.4,148.48
GD,General Dynamics,Industrials,Aerospace & Defense,317.48,322.5,236.67,315.4,315.03,314.12,300.25,285.77,280.21,275.24
GIS,General Mills,Consumer Staples,Packaged Foods & Meats,49.64,72.88,48.59,49.64,49.64,49.65,50.82,53.03,54.26,56.79
GM,General Motors,Consumer Discretionary,Automobile Manufacturers,56.77,60.75,41.47,56.56,55.3,54.01,52.12,49.47,49.21,50.27
GPC,Genuine Parts Company,Consumer Discretionary,Distributors,136.99,140.8,103.16,137.69,136.17,134.08,127.8,123.48,123.02,121.1
GILD,Gilead Sciences,Health Care,Biotechnology,118.73,121.83,70.98,118.42,118.24,115.83,112.29,108.74,109.12,102.76
GPN,Global Payments,Financials,Transaction & Payment Processing Services,85.77,119.03,65.72,86.55,84.54,83.22,81.07,80.54,84.14,94.31
GL,Globe Life,Financials,Life & Health Insurance,139.1,144.0,95.89,137.17,138.47,138.38,127.9,124.71,124.83,120.16
GDDY,GoDaddy,Information Technology,Internet Services & Infrastructure,146.33,216.0,132.51,144.92,142.77,151.97,165.51,172.72,173.67,182.69
GS,Goldman Sachs,Financials,Investment Banking & Brokerage,720.68,749.05,437.2,730.19,729.93,726.93,698.74,627.64,616.41,608.06
HAL,Halliburton,Energy,Oil & Gas Equipment & Services,21.1,31.9,18.56,21.2,21.05,21.61,21.64,21.22,21.97,24.16
HIG,Hartford (The),Financials,Property & Casualty Insurance,133.97,134.12,104.05,131.49,130.11,127.4,125.34,124.39,123.02,119.06
HAS,Hasbro,Consumer Discretionary,Leisure Products,79.69,81.97,48.5,80.59,79.39,77.66,75.3,67.91,66.76,63.97
HCA,HCA Healthcare,Health Care,Health Care Facilities,410.18,414.51,288.77,399.19,391.45,371.73,372.31,363.67,355.7,342.85
DOC,Healthpeak Properties,Real Estate,Health Care REITs,17.22,22.06,16.35,17.13,17.0,17.1,17.45,17.51,17.95,18.69
HSIC,Henry Schein,Health Care,Health Care Distributors,68.64,82.49,60.56,67.98,67.43,68.27,70.56,69.28,69.83,71.3
HSY,Hershey Company (The),Consumer Staples,Packaged Foods & Meats,181.59,202.98,136.73,179.53,179.45,182.7,174.57,168.09,168.58,166.5
HPE,Hewlett Packard Enterprise,Information Technology,"Technology Hardware, Storage & Peripherals",21.04,24.28,11.88,21.3,21.12,20.78,20.07,18.12,17.92,19.22
HLT,Hilton Worldwide,Consumer Discretionary,"Hotels, Resorts & Cruise Lines",269.9,279.46,195.92,269.77,267.47,267.27,265.11,249.18,247.97,249.31
HOLX,Hologic,Health Care,Health Care Equipment,68.76,84.39,51.9,67.94,68.06,67.33,65.81,62.24,62.31,66.5
HD,Home Depot (The),Consumer Discretionary,Home Improvement Retail,401.74,431.63,324.29,400.67,396.81,386.87,372.86,366.75,366.87,379.94
HON,Honeywell,Industrials,Industrial Conglomerates,217.0,240.47,177.52,216.8,216.44,218.59,225.84,217.88,216.0,217.08
HRL,Hormel Foods,Consumer Staples,Packaged Foods & Meats,28.64,32.84,27.07,28.42,28.54,28.53,29.47,29.6,29.46,29.64
HST,Host Hotels & Resorts,Real Estate,Hotel & Resort REITs,16.12,18.53,12.06,15.96,15.76,15.85,15.88,15.12,15.11,15.8
HWM,Howmet Aerospace,Industrials,Aerospace & Defense,171.94,193.13,90.47,172.83,176.39,180.75,179.6,163.25,156.54,142.06
HPQ,HP Inc.,Information Technology,"Technology Hardware, Storage & Peripherals",26.47,38.63,20.97,26.79,26.47,25.85,25.29,25.43,26.26,29.04
HUBB,Hubbell Incorporated,Industrials,Industrial Machinery & Supplies & Components,429.96,476.65,298.43,432.06,429.04,430.9,417.79,389.41,381.45,400.03
HUM,Humana,Health Care,Managed Health Care,290.0,377.69,206.87,286.63,277.96,261.4,245.43,248.8,251.03,259.36
HBAN,Huntington Bancshares,Financials,Regional Banks,16.8,17.91,11.8,16.7,16.46,16.45,16.55,15.6,15.49,15.89
HII,Huntington Ingalls Industries,Industrials,Aerospace & Defense,267.09,293.14,156.7,266.76,266.9,266.59,253.25,235.97,226.78,212.35
IBM,IBM,Information Technology,IT Consulting & Other Services,242.55,294.17,188.4,240.02,240.2,247.45,269.34,258.08,256.13,244.26
IEX,IDEX Corporation,Industrials,Industrial Machinery & Supplies & Components,164.47,235.67,152.2,165.22,163.32,166.95,174.41,175.35,177.43,191.63
IDXX,Idexx Laboratories,Health Care,Health Care Equipment,639.85,688.12,356.14,643.84,649.56,617.06,565.05,513.63,497.07,471.89
ITW,Illinois Tool Works,Industrials,Industrial Machinery & Supplies & Components,262.02,274.77,213.36,261.26,260.48,258.84,254.24,246.84,248.56,252.57
INCY,Incyte,Health Care,Biotechnology,86.2,87.24,53.56,85.93,83.29,79.13,72.91,67.31,67.34,69.42
IR,Ingersoll Rand,Industrials,Industrial Machinery & Supplies & Components,79.04,105.95,65.58,79.26,78.4,80.6,83.09,80.43,80.86,86.48
PODD,Insulet Corporation,Health Care,Health Care Equipment,333.0,333.41,180.31,324.12,315.44,301.63,299.9,291.23,285.72,279.22
INTC,Intel,Information Technology,Semiconductors,23.54,27.55,17.67,24.19,22.53,21.46,21.98,21.28,21.63,21.69
ICE,Intercontinental Exchange,Financials,Financial Exchanges & Data,181.3,189.35,141.51,180.28,182.59,184.02,181.97,175.6,174.7,167.36
IFF,International Flavors & Fragrances,Materials,Specialty Chemicals,66.11,105.18,62.33,65.76,65.11,68.64,72.79,73.99,75.04,79.22
IP,International Paper,Materials,Paper & Plastic Packaging Products & Materials,47.01,58.71,42.44,47.02,47.25,48.67,48.63,47.77,48.63,50.92
IPG,Interpublic Group of Companies (The),Communication Services,Advertising,26.61,32.2,22.2,26.24,25.74,25.43,24.83,24.54,24.92,26.03
INTU,Intuit,Information Technology,Application Software,699.15,813.7,531.0,708.95,718.67,753.06,759.62,703.87,682.48,661.96
ISRG,Intuitive Surgical,Health Care,Health Care Equipment,480.45,616.0,425.0,479.65,477.06,482.25,505.99,514.07,516.48,530.2
IVZ,Invesco,Financials,Asset Management & Custody Banks,20.78,21.64,11.33,21.01,20.84,20.96,18.22,16.08,16.0,16.47
INVH,Invitation Homes,Real Estate,Single-Family Residential REITs,30.55,36.53,29.11,30.36,30.24,30.65,31.9,32.63,32.71,32.28
IQV,IQVIA,Health Care,Life Sciences Tools & Services,192.04,252.88,134.65,191.48,187.25,188.44,172.43,161.06,166.1,179.47
IRM,Iron Mountain,Real Estate,Other Specialized REITs,91.29,127.24,71.77,91.3,91.41,93.97,97.87,94.42,92.94,98.43
JBHT,J.B. Hunt,Industrials,Cargo Ground Transportation,142.53,198.61,122.01,144.04,142.6,143.6,145.4,141.18,143.82,155.99
JBL,Jabil,Information Technology,Electronic Manufacturing Services,204.05,232.75,99.48,211.69,217.49,220.05,214.74,182.68,174.97,164.41
JKHY,Jack Henry & Associates,Financials,Transaction & Payment Processing Services,163.8,195.38,157.8,160.98,161.22,166.7,174.24,175.44,175.55,174.74
J,Jacobs Solutions,Industrials,Construction & Engineering,146.54,152.4,104.91,147.47,148.23,145.42,137.56,129.53,128.13,130.72
JNJ,Johnson & Johnson,Health Care,Pharmaceuticals,178.84,180.61,138.38,176.85,175.01,171.7,162.7,157.96,158.9,154.84
JCI,Johnson Controls,Industrials,Building Products,106.0,112.63,66.5,104.95,105.27,106.04,105.59,96.79,93.72,89.1
JPM,JPMorgan Chase,Financials,Diversified Banks,292.24,301.29,196.2,291.82,290.77,293.02,286.8,267.15,262.39,256.48
K,Kellanova,Consumer Staples,Packaged Foods & Meats,80.04,82.65,77.7,80.08,80.1,80.0,79.78,80.82,81.01,80.62
KVUE,Kenvue,Consumer Staples,Personal Care Products,21.63,24.71,19.2,21.3,21.36,21.57,21.37,22.1,22.26,21.98
KDP,Keurig Dr Pepper,Consumer Staples,Soft Drinks & Non-alcoholic Beverages,35.18,37.26,29.71,34.88,34.7,34.02,33.56,33.67,33.58,32.84
KEY,KeyCorp,Financials,Regional Banks,18.22,19.33,12.56,18.18,17.94,18.01,17.67,16.39,16.3,16.76
KEYS,Keysight Technologies,Information Technology,Electronic Equipment & Instruments,158.51,186.2,121.43,162.86,163.93,163.95,163.47,156.52,156.64,160.67
KMB,Kimberly-Clark,Consumer Staples,Household Products,133.26,149.05,121.86,132.77,133.94,131.69,130.5,133.34,134.47,132.56
KIM,Kimco Realty,Real Estate,Retail REITs,21.63,24.97,17.71,21.36,21.23,21.35,21.3,20.87,20.87,21.65
KMI,Kinder Morgan,Energy,Oil & Gas Storage & Transportation,26.57,30.49,19.68,26.54,26.67,27.12,27.45,27.17,27.04,26.9
KKR,KKR & Co.,Financials,Asset Management & Custody Banks,138.09,169.7,85.9,141.32,142.73,145.14,138.3,126.26,125.09,134.92
KLAC,KLA Corporation,Information Technology,Semiconductor Materials & Equipment,878.44,957.18,548.81,892.86,907.63,904.01,901.33,806.23,786.05,746.22
KHC,Kraft Heinz,Consumer Staples,Packaged Foods & Meats,27.42,35.08,25.44,27.54,27.59,27.73,27.09,27.55,28.04,28.65
KR,Kroger,Consumer Staples,Food Retail,71.83,74.52,49.68,70.17,71.52,71.1,70.34,69.4,68.41,65.2
LHX,L3Harris,Industrials,Aerospace & Defense,276.15,280.52,191.09,272.38,271.62,273.04,262.31,242.42,235.56,230.55
LH,Labcorp,Health Care,Health Care Services,278.1,283.47,208.77,273.2,270.13,266.56,260.48,249.04,247.86,243.63
LRCX,Lam Research,Information Technology,Semiconductor Materials & Equipment,99.15,108.02,56.18,101.05,102.02,99.69,97.86,86.4,84.6,81.55
LW,Lamb Weston,Consumer Staples,Packaged Foods & Meats,55.19,82.35,47.25,54.71,53.66,55.17,53.41,53.14,52.81,58.31
LVS,Las Vegas Sands,Consumer Discretionary,Casinos & Gaming,53.62,55.65,29.84,53.56,53.47,52.78,48.51,43.06,43.06,44.89
LDOS,Leidos,Industrials,Diversified Support Services,180.16,201.22,122.92,178.62,178.2,170.93,162.48,154.3,150.07,151.85
LEN,Lennar,Consumer Discretionary,Homebuilding,130.32,184.74,97.54,131.68,127.46,121.71,115.2,111.42,112.92,124.06
LII,Lennox International,Industrials,Building Products,589.08,689.44,497.88,598.69,595.4,610.11,594.22,576.29,578.29,596.38
LLY,Lilly (Eli),Health Care,Pharmaceuticals,705.44,965.15,622.41,698.17,668.55,720.08,758.47,765.26,784.05,787.37
LIN,Linde plc,Materials,Industrial Gases,482.36,486.38,407.35,479.7,475.96,471.88,468.96,461.03,460.48,452.94
LYV,Live Nation Entertainment,Communication Services,Movies & Entertainment,161.9,164.06,92.57,161.89,158.26,154.46,150.09,142.51,140.18,138.65
LKQ,LKQ Corporation,Consumer Discretionary,Distributors,30.62,43.77,28.65,31.05,30.41,30.29,34.69,37.34,38.07,37.68
LMT,Lockheed Martin,Industrials,Aerospace & Defense,446.0,606.41,410.11,440.52,435.94,429.5,449.85,457.17,456.05,468.07
L,Loews Corporation,Financials,Multi-line Insurance,96.7,97.13,75.0,95.56,94.82,93.2,91.56,89.49,88.85,87.04
LOW,Lowe's,Consumer Discretionary,Home Improvement Retail,257.14,281.56,204.22,253.9,249.03,239.48,227.98,225.53,226.98,238.04
LULU,Lululemon Athletica,Consumer Discretionary,"Apparel, Accessories & Luxury Goods",198.12,423.32,185.95,198.61,195.35,200.53,221.44,254.03,271.16,307.22
LYB,LyondellBasell,Materials,Specialty Chemicals,55.33,93.74,47.55,53.76,51.96,54.61,58.69,57.98,60.78,66.02
MTB,M&T Bank,Financials,Regional Banks,193.18,221.09,149.64,191.65,189.99,190.15,191.86,182.21,181.63,187.86
MPC,Marathon Petroleum,Energy,Oil & Gas Refining & Marketing,165.82,183.1,114.45,163.51,161.93,165.91,169.33,156.91,154.36,151.89
MKTX,MarketAxess,Financials,Financial Exchanges & Data,189.12,293.7,183.0,188.05,187.82,197.28,210.31,214.27,212.58,220.44
MAR,Marriott International,Consumer Discretionary,"Hotels, Resorts & Cruise Lines",263.53,306.04,204.87,265.66,264.15,265.68,268.87,257.45,257.36,266.54
MMC,Marsh McLennan,Financials,Insurance Brokers,211.21,246.94,196.27,208.8,206.81,204.85,210.28,219.03,221.78,220.45
MLM,Martin Marietta Materials,Materials,Construction Materials,600.6,630.45,441.31,606.65,607.99,596.94,570.87,546.01,532.53,540.29
MAS,Masco,Industrials,Building Products,73.02,85.23,56.02,73.53,72.07,69.92,66.62,64.65,66.08,70.04
MA,Mastercard,Financials,Transaction & Payment Processing Services,592.68,593.91,459.26,585.56,578.9,572.14,564.44,557.05,554.67,545.5
MTCH,Match Group,Communication Services,Interactive Media & Services,37.01,39.2,26.24,37.93,37.29,35.84,33.36,31.43,31.37,31.81
MKC,McCormick & Company,Consumer Staples,Packaged Foods & Meats,69.88,85.22,68.23,69.45,69.72,70.31,72.21,73.47,74.91,75.23
MCD,McDonald's,Consumer Discretionary,Restaurants,313.08,324.48,273.39,310.12,307.5,304.35,298.99,304.97,304.99,299.32
MCK,McKesson Corporation,Health Care,Health Care Distributors,702.94,737.89,462.92,679.58,672.47,689.83,707.48,703.21,691.51,653.78
MDT,Medtronic,Health Care,Health Care Equipment,93.22,94.71,77.57,92.19,92.28,91.62,89.41,86.56,87.29,86.21
MRK,Merck & Co.,Health Care,Pharmaceuticals,84.66,116.37,72.58,84.16,82.49,81.98,81.38,80.17,82.34,87.29
META,Meta Platforms,Communication Services,Interactive Media & Services,747.72,796.25,479.43,766.79,770.1,753.83,727.63,659.55,652.66,640.82
MET,MetLife,Financials,Life & Health Insurance,79.03,87.17,64.24,78.15,77.0,76.38,77.4,76.63,77.49,79.07
MTD,Mettler Toledo,Health Care,Life Sciences Tools & Services,1316.88,1521.01,946.69,1315.35,1294.31,1269.47,1223.07,1163.16,1179.55,1216.84
MGM,MGM Resorts,Consumer Discretionary,Casinos & Gaming,36.31,42.54,25.3,36.29,35.66,36.2,35.95,33.53,33.38,34.21
MCHP,Microchip Technology,Information Technology,Semiconductors,66.76,80.85,33.87,65.75,64.8,66.52,69.53,60.0,59.03,59.33
MU,Micron Technology,Information Technology,Semiconductors,117.21,129.73,61.48,121.79,121.55,115.8,118.14,101.71,100.33,99.58
MSFT,Microsoft,Information Technology,Systems Software,505.72,555.45,344.16,515.05,518.97,519.93,504.24,460.96,446.91,438.32
MAA,Mid-America Apartment Communities,Real Estate,Multi-Family Residential REITs,142.36,170.0,137.32,141.15,140.5,143.19,146.5,151.47,153.48,152.66
MRNA,Moderna,Health Care,Biotechnology,26.89,91.99,23.15,27.52,26.84,28.71,29.18,27.77,28.91,33.27
MHK,Mohawk Industries,Consumer Discretionary,Home Furnishings,124.05,164.29,96.24,127.18,125.53,122.15,113.21,109.14,110.41,117.12
MOH,Molina Healthcare,Health Care,Managed Health Care,173.6,365.23,151.95,168.74,162.8,160.76,217.1,268.58,276.97,285.45
TAP,Molson Coors Beverage Company,Consumer Staples,Brewers,51.32,64.07,46.94,51.33,50.99,50.34,49.86,53.16,54.44,55.32
MDLZ,Mondelez International,Consumer Staples,Packaged Foods & Meats,63.17,73.95,53.2,62.24,62.06,64.11,66.37,66.22,65.88,63.76
MPWR,Monolithic Power Systems,Information Technology,Semiconductors,826.27,951.76,437.93,839.33,829.88,792.8,750.97,681.86,667.04,653.67
MNST,Monster Beverage,Consumer Staples,Soft Drinks & Non-alcoholic Beverages,64.39,66.75,45.7,64.27,63.87,61.94,61.7,61.09,59.93,56.83
MCO,Moody's Corporation,Financials,Financial Exchanges & Data,514.95,528.95,377.3,514.6,514.66,513.21,499.75,478.34,476.58,478.59
MS,Morgan Stanley,Financials,Investment Banking & Brokerage,144.12,149.08,91.36,145.22,144.91,143.27,139.73,128.93,127.18,127.68
MOS,Mosaic Company (The),Materials,Fertilizers & Agricultural Chemicals,32.45,38.23,22.14,32.31,32.11,33.93,35.22,32.95,31.46,29.4
MSI,Motorola Solutions,Information Technology,Communications Equipment,462.13,503.98,387.87,461.13,460.65,447.56,428.61,424.12,423.7,441.11
MSCI,MSCI Inc.,Financials,Financial Exchanges & Data,574.25,636.39,483.67,563.8,556.94,555.36,560.32,554.96,556.72,570.13
NDAQ,"Nasdaq, Inc.",Financials,Financial Exchanges & Data,94.5,97.63,64.64,94.55,95.47,95.56,91.22,84.29,82.76,81.39
NTAP,NetApp,Information Technology,"Technology Hardware, Storage & Peripherals",108.42,133.34,71.49,108.97,107.79,105.95,105.27,98.42,98.32,106.25
NFLX,Netflix,Communication Services,Movies & Entertainment,1213.86,1341.15,660.8,1228.52,1218.27,1194.34,1229.89,1159.35,1117.83,1038.64
NEM,Newmont,Materials,Gold,69.0,70.29,36.47,68.64,68.76,66.5,61.67,56.77,54.38,49.55
NWSA,News Corp (Class A),Communication Services,Publishing,29.61,30.75,23.38,29.65,29.26,29.3,29.19,28.18,28.05,28.19
NWS,News Corp (Class B),Communication Services,Publishing,34.22,35.58,26.25,34.29,33.81,33.7,33.6,32.46,32.22,31.98
NEE,NextEra Energy,Utilities,Multi-Utilities,76.18,84.15,61.22,75.21,73.77,72.47,72.97,70.65,70.65,70.98
NKE,"Nike, Inc.",Consumer Discretionary,"Apparel, Accessories & Luxury Goods",76.26,89.11,51.93,76.79,75.86,75.93,71.68,65.35,67.07,69.85
NI,NiSource,Utilities,Multi-Utilities,42.54,43.51,30.99,42.21,42.29,42.23,40.72,39.72,39.57,38.35
NDSN,Nordson Corporation,Industrials,Industrial Machinery & Supplies & Components,213.52,263.91,164.43,215.16,214.69,215.16,216.37,205.08,205.56,214.18
NSC,Norfolk Southern,Industrials,Rail Transportation,285.49,288.64,199.43,282.81,281.29,280.1,267.57,248.28,245.64,246.91
NTRS,Northern Trust,Financials,Asset Management & Custody Banks,127.88,133.0,81.05,127.36,126.58,127.69,124.03,110.88,109.12,107.72
NOC,Northrop Grumman,Industrials,Aerospace & Defense,592.54,595.32,422.32,586.25,584.29,581.39,537.5,513.3,506.27,495.51
NCLH,Norwegian Cruise Line Holdings,Consumer Discretionary,"Hotels, Resorts & Cruise Lines",23.85,29.29,14.21,24.3,24.27,24.3,22.29,19.96,20.16,22.61
NRG,NRG Energy,Utilities,Independent Power Producers & Energy Traders,148.19,175.96,74.96,149.88,151.89,157.26,154.59,139.1,130.79,118.25
NUE,Nucor,Materials,Steel,143.47,168.24,97.18,144.76,142.55,141.88,136.49,125.37,126.28,128.93
NVDA,Nvidia,Information Technology,Semiconductors,175.4,184.48,86.61,179.1,180.58,178.69,165.67,142.35,137.58,137.42
NVR,"NVR, Inc.",Consumer Discretionary,Homebuilding,8031.97,9964.77,6562.85,8172.83,8060.55,7922.29,7628.96,7387.17,7364.5,7765.71
NXPI,NXP Semiconductors,Information Technology,Semiconductors,228.77,254.98,147.4,230.07,221.92,219.66,220.62,204.64,205.95,209.98
ORLY,O’Reilly Automotive,Consumer Discretionary,Automotive Retail,104.0,104.86,73.11,102.3,102.64,101.17,95.06,93.42,92.65,88.99
OXY,Occidental Petroleum,Energy,Oil & Gas Exploration & Production,44.27,57.35,34.59,44.36,44.23,44.15,44.16,42.67,43.61,45.58
ODFL,Old Dominion,Industrials,Cargo Ground Transportation,150.24,232.21,140.91,151.55,149.33,151.68,158.83,158.99,161.35,175.6
OMC,Omnicom Group,Communication Services,Advertising,77.71,104.25,68.37,76.65,75.2,74.39,73.15,73.68,75.08,80.65
ON,ON Semiconductor,Information Technology,Semiconductors,49.47,78.61,31.04,50.5,49.67,51.98,54.34,47.52,47.15,52.75
OKE,Oneok,Energy,Oil & Gas Storage & Transportation,73.68,113.92,72.18,73.79,74.19,76.93,78.99,80.94,83.58,89.86
ORCL,Oracle Corporation,Information Technology,Application Software,235.06,260.87,118.18,242.4,246.21,248.06,232.18,190.02,183.05,179.65
OTIS,Otis Worldwide,Industrials,Industrial Machinery & Supplies & Components,89.12,105.86,83.85,87.97,87.6,87.09,93.26,94.67,95.75,95.73
PCAR,Paccar,Industrials,Construction Machinery & Heavy Transportation Equipment,98.18,114.66,84.08,98.79,98.32,98.46,96.33,94.09,95.69,100.16
PKG,Packaging Corporation of America,Materials,Paper & Plastic Packaging Products & Materials,198.12,246.22,171.6,196.08,196.81,197.51,196.94,192.47,194.04,206.52
PLTR,Palantir Technologies,Information Technology,Application Software,156.01,190.0,29.31,169.2,176.92,169.08,152.66,131.39,122.53,105.19
PANW,Palo Alto Networks,Information Technology,Systems Software,184.43,210.39,144.15,178.56,174.84,179.68,190.89,186.01,185.58,187.36
PSKY,Paramount Skydance Corporation,Communication Services,Movies & Entertainment,13.98,17.53,9.78,13.81,12.74,12.7,12.63,12.07,11.97,11.51
PH,Parker Hannifin,Industrials,Industrial Machinery & Supplies & Components,742.97,763.99,487.08,739.74,739.65,732.3,709.08,664.02,657.68,663.12
PAYX,Paychex,Industrials,Human Resource & Employment Services,138.88,160.03,121.21,138.24,138.51,141.02,143.92,146.54,146.53,144.45
PAYC,Paycom,Industrials,Human Resource & Employment Services,226.95,267.76,152.34,222.67,223.43,227.72,230.96,233.41,229.82,224.42
PYPL,PayPal,Financials,Transaction & Payment Processing Services,68.08,93.66,55.85,69.05,68.68,70.16,72.32,69.76,69.83,75.68
PNR,Pentair,Industrials,Industrial Machinery & Supplies & Components,105.04,109.84,73.85,105.87,105.21,103.84,103.14,97.12,95.49,97.99
PEP,PepsiCo,Consumer Staples,Soft Drinks & Non-alcoholic Beverages,150.73,174.44,126.36,150.29,148.17,144.75,138.55,136.84,139.27,143.53
PFE,Pfizer,Health Care,Pharmaceuticals,25.38,28.43,20.18,25.2,24.92,24.52,24.39,23.44,23.79,24.22
PCG,PG&E Corporation,Utilities,Multi-Utilities,15.36,21.62,12.97,15.28,15.23,14.78,14.16,15.53,15.72,16.84
PM,Philip Morris International,Consumer Staples,Tobacco,172.85,185.29,113.5,167.94,168.28,165.43,173.84,170.34,166.55,151.57
PSX,Phillips 66,Energy,Oil & Gas Refining & Marketing,123.57,135.71,89.26,122.26,120.49,121.46,122.69,115.36,116.98,117.92
PNW,Pinnacle West Capital,Utilities,Multi-Utilities,92.31,94.64,79.08,91.59,92.23,91.31,90.2,90.53,90.56,88.72
PNC,PNC Financial Services,Financials,Diversified Banks,195.0,210.46,142.39,193.17,191.59,191.54,188.86,176.78,176.5,183.51
POOL,Pool Corporation,Consumer Discretionary,Distributors,314.95,391.14,281.15,320.73,316.23,315.0,304.52,304.01,310.01,325.01
PPG,PPG Industries,Materials,Specialty Chemicals,112.06,133.97,89.08,111.93,109.92,109.1,111.69,108.9,109.41,112.81
PPL,PPL Corporation,Utilities,Electric Utilities,37.09,37.38,30.19,36.74,36.68,36.37,35.16,35.0,34.86,34.0
PFG,Principal Financial Group,Financials,Life & Health Insurance,78.72,89.5,67.72,78.15,77.5,77.79,78.5,77.38,78.65,79.34
PG,Procter & Gamble,Consumer Staples,Personal Care Products,159.51,177.66,149.91,156.35,155.42,154.66,156.51,159.69,161.42,162.83
PGR,Progressive Corporation,Financials,Property & Casualty Insurance,252.68,292.77,228.37,249.7,247.74,245.71,252.4,264.67,267.29,259.86
PLD,Prologis,Real Estate,Industrial REITs,110.18,128.08,84.54,107.76,106.59,107.04,107.12,105.4,107.29,108.68
PRU,Prudential Financial,Financials,Life & Health Insurance,107.13,125.75,88.12,105.74,104.18,103.02,103.67,102.44,103.53,108.11
PEG,Public Service Enterprise Group,Utilities,Electric Utilities,85.16,93.08,74.08,85.2,86.32,87.25,84.41,82.05,81.75,82.96
PTC,PTC Inc.,Information Technology,Application Software,210.89,219.69,133.38,208.58,207.07,208.09,191.71,175.14,172.2,178.21
PSA,Public Storage,Real Estate,Self-Storage REITs,286.94,359.28,254.04,283.74,282.77,283.23,288.15,290.9,292.15,297.25
PHM,PulteGroup,Consumer Discretionary,Homebuilding,126.54,148.55,87.88,128.47,125.82,121.4,113.21,106.55,106.06,110.58
PWR,Quanta Services,Industrials,Construction & Engineering,375.87,424.94,227.02,379.36,382.59,393.02,383.54,344.7,327.53,325.38
QCOM,Qualcomm,Information Technology,Semiconductors,155.44,179.1,120.08,157.31,153.83,153.64,155.72,149.9,151.18,155.05
DGX,Quest Diagnostics,Health Care,Health Care Services,184.4,184.97,144.09,180.88,179.17,174.68,174.62,172.86,172.13,166.15
RL,Ralph Lauren Corporation,Consumer Discretionary,"Apparel, Accessories & Luxury Goods",286.22,306.34,161.4,288.45,290.42,295.14,284.75,262.06,257.43,248.51
RJF,Raymond James Financial,Financials,Investment Banking & Brokerage,162.47,173.13,112.35,163.8,164.4,165.72,158.8,149.77,148.7,152.95
RTX,RTX Corporation,Industrials,Aerospace & Defense,156.59,158.09,111.21,154.85,154.75,155.41,149.58,139.33,137.34,130.48
O,Realty Income,Real Estate,Retail REITs,59.9,61.9,49.76,58.62,58.05,57.5,57.2,56.3,56.13,55.03
REG,Regency Centers,Real Estate,Retail REITs,71.73,76.68,62.82,71.2,71.59,71.69,70.94,70.96,71.27,71.37
REGN,Regeneron Pharmaceuticals,Health Care,Biotechnology,591.01,1206.03,475.77,576.27,566.4,562.77,546.69,558.66,583.38,638.03
RF,Regions Financial Corporation,Financials,Regional Banks,25.86,27.09,17.53,25.78,25.43,25.53,24.48,22.54,22.41,23.11
RSG,Republic Services,Industrials,Environmental & Facilities Services,236.11,258.14,195.62,233.74,234.28,235.67,240.79,243.37,241.32,229.86
RMD,ResMed,Health Care,Health Care Equipment,289.06,292.47,199.07,286.17,284.78,281.37,265.76,249.34,244.61,242.44
RVTY,Revvity,Health Care,Health Care Equipment,91.7,129.23,85.12,90.61,89.11,90.8,94.54,94.32,97.74,104.93
ROK,Rockwell Automation,Industrials,Electrical Components & Equipment,339.62,359.54,213.27,342.62,339.1,343.76,338.57,304.76,297.71,292.02
ROL,"Rollins, Inc.",Industrials,Environmental & Facilities Services,58.44,58.94,44.94,57.64,57.95,57.8,56.71,56.15,55.25,52.67
ROP,Roper Technologies,Information Technology,Electronic Equipment & Instruments,540.52,593.46,498.03,532.0,530.06,540.86,552.46,558.65,562.27,556.08
ROST,Ross Stores,Consumer Discretionary,Apparel Retail,146.35,161.83,122.01,146.92,146.98,143.36,135.89,138.09,136.61,140.43
RCL,Royal Caribbean Group,Consumer Discretionary,"Hotels, Resorts & Cruise Lines",329.12,355.91,152.4,322.45,315.28,322.28,314.97,270.1,260.4,252.48
SPGI,S&P Global,Financials,Financial Exchanges & Data,557.03,579.05,426.35,556.66,557.68,550.92,532.09,513.53,512.13,510.17
CRM,Salesforce,Information Technology,Application Software,246.45,367.42,226.48,242.45,239.5,249.62,259.11,263.19,267.84,292.03
SBAC,SBA Communications,Real Estate,Telecom Tower REITs,223.71,249.02,190.65,219.19,219.65,223.54,228.82,228.06,225.84,219.22
SLB,Schlumberger,Energy,Oil & Gas Equipment & Services,33.36,45.17,30.85,33.24,33.07,33.67,34.55,34.59,35.8,37.57
STX,Seagate Technology,Information Technology,"Technology Hardware, Storage & Peripherals",158.4,158.98,62.86,157.04,154.79,153.39,145.81,119.87,114.05,107.07
SRE,Sempra,Utilities,Multi-Utilities,82.4,93.45,61.37,81.83,81.87,81.59,77.82,75.52,74.53,78.44
NOW,ServiceNow,Information Technology,Systems Software,890.25,1198.09,678.66,877.44,870.69,911.31,959.51,940.38,925.65,973.78
SHW,Sherwin-Williams,Materials,Specialty Chemicals,367.13,397.81,307.5,364.62,360.28,350.29,346.41,346.2,346.37,352.08
SPG,Simon Property Group,Real Estate,Retail REITs,174.13,185.37,134.57,173.41,170.53,168.07,164.07,160.05,161.88,165.77
SWKS,Skyworks Solutions,Information Technology,Semiconductors,75.12,107.64,47.45,74.84,72.97,71.37,73.06,68.73,68.43,74.19
SJM,J.M. Smucker Company (The),Consumer Staples,Packaged Foods & Meats,113.05,121.73,92.38,111.53,110.91,109.49,103.88,108.06,108.37,107.57
SW,Smurfit Westrock,Materials,Paper & Plastic Packaging Products & Materials,41.95,55.46,36.31,42.8,43.21,44.41,44.41,43.28,43.9,47.0
SNA,Snap-on,Industrials,Industrial Machinery & Supplies & Components,323.16,366.68,262.13,323.08,322.8,322.22,318.05,317.54,319.99,328.34
SOLV,Solventum,Health Care,Health Care Technology,72.85,85.92,58.76,72.1,72.42,72.72,73.85,71.93,72.9,72.2
SO,Southern Company,Utilities,Electric Utilities,94.93,95.68,78.5,93.75,93.84,94.01,92.12,90.36,89.93,87.3
LUV,Southwest Airlines,Industrials,Passenger Airlines,31.18,37.96,23.68,31.26,30.62,30.86,32.81,31.17,31.19,31.4
SWK,Stanley Black & Decker,Industrials,Industrial Machinery & Supplies & Components,73.92,107.4,53.22,74.63,72.75,71.23,69.94,66.84,69.86,75.1
SBUX,Starbucks,Consumer Discretionary,Restaurants,89.51,115.87,74.48,91.21,91.54,91.1,92.15,88.33,91.25,93.66
STT,State Street Corporation,Financials,Asset Management & Custody Banks,111.89,114.28,72.29,111.78,111.26,111.31,107.23,98.31,96.73,96.41
STLD,Steel Dynamics,Materials,Steel,125.45,153.72,102.78,126.7,125.58,125.79,129.2,127.74,127.51,128.18
STE,Steris,Health Care,Health Care Equipment,249.55,252.2,199.99,246.69,244.5,235.69,234.87,232.51,230.89,224.74
SYK,Stryker Corporation,Health Care,Health Care Equipment,391.87,404.87,328.46,384.77,381.0,385.98,386.93,378.76,378.33,378.07
SMCI,Supermicro,Information Technology,"Technology Hardware, Storage & Peripherals",42.61,66.44,17.25,44.51,45.15,50.79,48.87,42.78,42.5,39.06
SYF,Synchrony Financial,Financials,Consumer Finance,71.58,73.44,40.15,71.86,71.17,70.71,68.13,60.79,59.66,61.71
SNPS,Synopsys,Information Technology,Application Software,601.13,651.73,365.74,614.7,617.38,620.06,565.4,511.97,499.56,508.47
SYY,Sysco,Consumer Staples,Food Distributors,80.98,82.64,66.65,80.08,80.42,80.15,77.75,74.62,74.26,74.16
TMUS,T-Mobile US,Communication Services,Wireless Telecommunication Services,259.01,275.47,190.58,255.47,251.72,246.1,237.05,242.69,246.45,240.66
TROW,T. Rowe Price,Financials,Asset Management & Custody Banks,105.76,121.15,76.8,106.96,106.68,105.88,101.48,95.69,95.8,101.95
TTWO,Take-Two Interactive,Communication Services,Interactive Home Entertainment,228.67,245.08,146.76,230.98,229.01,226.85,233.2,227.1,223.5,209.74
TPR,"Tapestry, Inc.",Consumer Discretionary,"Apparel, Accessories & Luxury Goods",98.87,114.05,38.51,98.63,104.31,106.79,97.69,85.27,83.5,76.73
TRGP,Targa Resources,Energy,Oil & Gas Storage & Transportation,162.87,215.2,138.14,162.68,164.63,164.88,167.4,167.23,172.09,179.39
TGT,Target Corporation,Consumer Staples,Consumer Staples Merchandise Retail,98.69,161.18,85.44,103.25,103.84,103.04,101.02,97.64,100.22,112.43
TEL,TE Connectivity,Information Technology,Electronic Manufacturing Services,201.55,212.76,115.79,203.66,203.05,204.13,184.75,165.88,162.33,156.77
TDY,Teledyne Technologies,Information Technology,Electronic Equipment & Instruments,541.81,570.56,415.02,540.39,544.25,547.87,528.98,504.08,502.79,494.94
TER,Teradyne,Information Technology,Semiconductor Materials & Equipment,109.52,143.79,65.67,110.36,109.6,104.8,96.51,87.1,89.33,100.29
TSLA,"Tesla, Inc.",Consumer Discretionary,Automobile Manufacturers,323.9,488.54,202.59,330.9,332.57,323.08,321.33,306.98,299.07,327.6
TXN,Texas Instruments,Information Technology,Semiconductors,200.77,220.1,137.77,195.86,192.24,188.62,199.69,184.33,184.31,186.27
TPL,Texas Pacific Land Corporation,Energy,Oil & Gas Exploration & Production,894.77,1762.86,763.79,896.74,880.73,923.84,996.97,1133.55,1174.63,1231.24
TXT,Textron,Industrials,Aerospace & Defense,79.29,91.39,57.69,79.45,78.91,78.64,80.21,75.46,75.09,76.75
TMO,Thermo Fisher Scientific,Health Care,Life Sciences Tools & Services,494.81,625.84,385.46,490.94,479.47,475.26,439.72,432.1,449.97,484.3
TJX,TJX Companies,Consumer Discretionary,Apparel Retail,138.27,145.57,109.83,134.3,133.27,129.98,126.18,126.47,124.87,123.47
TKO,TKO Group Holdings,Communication Services,Movies & Entertainment,182.61,194.76,112.59,186.58,181.43,173.87,172.73,164.71,161.6,154.45
TTD,Trade Desk (The),Communication Services,Advertising,52.53,141.53,42.96,52.58,56.63,71.84,73.13,67.48,66.54,87.11
TSCO,Tractor Supply,Consumer Discretionary,Other Specialty Retail,61.03,63.99,46.64,60.92,60.24,59.49,56.56,53.68,53.73,54.15
TT,Trane Technologies,Industrials,Building Products,426.3,476.19,297.5,427.19,429.6,438.59,435.27,408.91,396.37,392.28
TDG,TransDigm Group,Industrials,Aerospace & Defense,1402.16,1623.83,1183.6,1398.14,1405.57,1485.84,1498.76,1444.37,1425.57,1378.34
TRV,Travelers Companies (The),Financials,Property & Casualty Insurance,274.39,276.69,211.81,268.47,267.01,264.05,262.66,262.48,261.03,255.22
TRMB,Trimble Inc.,Information Technology,Electronic Equipment & Instruments,80.2,87.5,52.91,82.01,82.7,83.45,79.53,72.49,71.92,72.15
TFC,Truist Financial,Financials,Diversified Banks,44.39,47.29,32.72,44.45,43.93,43.78,43.03,40.51,40.7,42.02
TYL,Tyler Technologies,Information Technology,Application Software,567.95,661.31,513.52,570.26,577.43,577.2,576.11,569.32,573.17,585.16
TSN,Tyson Foods,Consumer Staples,Packaged Foods & Meats,56.58,65.23,51.85,56.49,56.66,55.21,55.07,56.5,57.23,57.57
USB,U.S. Bancorp,Financials,Diversified Banks,46.41,52.21,34.8,46.3,45.74,45.51,45.4,43.19,43.13,44.95
UBER,Uber,Industrials,Passenger Ground Transportation,93.73,97.71,59.33,93.41,92.24,90.58,90.56,85.52,83.29,77.85
UDR,"UDR, Inc.",Real Estate,Multi-Family Residential REITs,38.82,45.63,35.84,38.48,38.31,38.86,39.91,40.51,41.02,41.38
ULTA,Ulta Beauty,Consumer Discretionary,Other Specialty Retail,516.69,534.1,309.01,519.46,514.91,514.6,490.93,444.0,426.06,415.87
UNP,Union Pacific Corporation,Industrials,Rail Transportation,225.68,253.9,203.43,222.37,221.84,222.69,226.8,223.53,226.61,229.65
UAL,United Airlines Holdings,Industrials,Passenger Airlines,99.84,116.0,40.96,100.89,96.93,93.0,86.58,79.53,80.11,87.06
UPS,United Parcel Service,Industrials,Air Freight & Logistics,86.94,136.36,82.72,87.0,86.2,87.97,94.71,95.02,98.57,106.84
URI,United Rentals,Industrials,Trading Companies & Distributors,901.87,933.32,523.58,912.38,898.75,886.86,810.79,730.7,709.45,732.98
UNH,UnitedHealth Group,Health Care,Managed Health Care,299.84,621.24,234.6,297.61,276.94,268.17,288.68,347.22,374.67,436.93
UHS,Universal Health Services,Health Care,Health Care Facilities,184.7,242.48,152.33,180.42,176.88,169.27,173.17,177.75,177.62,182.46
VLO,Valero Energy,Energy,Oil & Gas Refining & Marketing,140.51,153.86,97.37,137.57,135.5,136.81,139.09,129.51,129.19,129.55
VTR,Ventas,Real Estate,Health Care REITs,69.18,70.82,55.85,67.93,68.2,67.71,65.33,65.41,65.73,63.67
VLTO,Veralto,Industrials,Environmental & Facilities Services,108.91,114.62,83.77,107.73,107.96,106.53,103.05,99.37,99.16,100.49
VRSN,Verisign,Information Technology,Internet Services & Infrastructure,271.42,309.71,174.64,268.54,268.26,273.08,279.11,272.37,265.6,241.11
VRSK,Verisk Analytics,Industrials,Research & Consulting Services,270.85,322.46,259.01,268.62,266.43,273.53,292.74,296.8,295.86,290.97
VZ,Verizon,Communication Services,Integrated Telecommunication Services,45.06,45.87,36.41,44.43,43.84,43.29,42.52,42.64,42.59,41.28
VRTX,Vertex Pharmaceuticals,Health Care,Biotechnology,394.36,519.88,362.5,391.62,385.84,417.53,441.57,453.56,461.9,457.99
VTRS,Viatris,Health Care,Pharmaceuticals,10.65,13.19,6.75,10.65,10.27,9.66,9.3,8.77,8.9,9.96
VICI,Vici Properties,Real Estate,Hotel & Resort REITs,32.97,34.01,27.24,32.55,32.74,32.91,32.8,32.03,31.9,30.99
V,Visa Inc.,Financials,Transaction & Payment Processing Services,343.93,374.85,263.38,343.82,340.14,343.4,348.92,347.51,346.65,336.29
VST,Vistra Corp.,Utilities,Electric Utilities,192.91,216.85,72.39,197.01,200.77,201.91,192.71,164.99,157.45,156.23
VMC,Vulcan Materials Company,Materials,Construction Materials,286.28,296.62,214.34,290.74,289.27,282.37,270.89,262.68,257.45,262.86
WRB,W. R. Berkley Corporation,Financials,Property & Casualty Insurance,72.64,75.77,54.76,71.41,70.91,70.07,70.57,70.65,69.02,65.36
GWW,W. W. Grainger,Industrials,Industrial Machinery & Supplies & Components,999.63,1219.65,889.92,983.53,968.83,986.14,1019.87,1024.96,1017.09,1051.84
WAB,Wabtec,Industrials,Construction Machinery & Heavy Transportation Equipment,192.85,215.82,151.42,191.09,191.28,191.59,201.54,194.86,192.19,194.19
WBA,Walgreens Boots Alliance,Consumer Staples,Drug Retail,12.2,13.25,7.98,12.06,11.97,11.81,11.6,11.33,11.27,10.73
WMT,Walmart,Consumer Staples,Consumer Staples Merchandise Retail,102.57,104.51,72.63,101.03,101.94,100.17,97.67,96.0,94.73,93.75
DIS,Walt Disney Company (The),Communication Services,Movies & Entertainment,117.04,124.69,79.76,116.31,114.98,117.08,119.07,108.99,107.95,108.61
WBD,Warner Bros. Discovery,Communication Services,Broadcasting,11.54,13.87,6.78,11.71,11.54,12.34,11.76,10.38,10.46,10.35
WM,Waste Management,Industrials,Environmental & Facilities Services,230.03,241.74,198.19,227.14,230.4,230.51,229.81,230.37,229.61,224.02
WAT,Waters Corporation,Health Care,Life Sciences Tools & Services,296.73,423.56,275.05,293.78,288.98,290.97,316.31,330.08,339.21,356.54
WEC,WEC Energy Group,Utilities,Electric Utilities,108.91,110.99,86.38,107.85,108.49,108.49,106.04,105.79,105.5,101.66
WFC,Wells Fargo,Financials,Diversified Banks,78.16,84.33,49.13,77.93,77.91,79.08,78.82,74.56,74.1,73.64
WELL,Welltower,Real Estate,Health Care REITs,165.99,170.34,113.08,163.35,164.81,164.66,157.99,152.84,151.95,144.56
WST,West Pharmaceutical Services,Health Care,Health Care Supplies,246.38,351.24,187.09,245.77,243.68,246.58,231.34,221.62,222.58,258.92
WDC,Western Digital,Information Technology,"Technology Hardware, Storage & Peripherals",75.64,78.8,28.78,75.82,75.51,74.31,67.63,55.77,53.58,52.19
WY,Weyerhaeuser,Real Estate,Timber REITs,26.02,33.31,23.91,26.03,25.87,25.75,26.02,26.02,26.74,27.82
WSM,"Williams-Sonoma, Inc.",Consumer Discretionary,Homefurnishing Retail,199.27,218.08,123.89,202.46,202.85,196.82,177.88,166.84,169.0,173.88
WMB,Williams Companies,Energy,Oil & Gas Storage & Transportation,57.22,63.45,42.38,57.02,57.46,58.24,58.84,58.51,58.15,56.97
WTW,Willis Towers Watson,Financials,Insurance Brokers,335.72,342.16,275.87,332.26,330.82,322.24,310.91,311.99,315.7,315.32
WDAY,"Workday, Inc.",Information Technology,Application Software,227.49,294.0,205.33,227.43,223.16,227.83,233.81,238.79,241.46,248.86
WYNN,Wynn Resorts,Consumer Discretionary,Casinos & Gaming,111.51,113.25,64.93,110.56,109.81,109.13,103.21,93.21,91.92,90.15
XEL,Xcel Energy,Utilities,Multi-Utilities,73.17,74.57,57.65,72.58,72.75,72.85,70.2,69.75,69.54,68.4
XYL,Xylem Inc.,Industrials,Industrial Machinery & Supplies & Components,141.87,145.33,100.15,141.44,142.32,139.99,133.61,126.34,126.03,124.55
YUM,Yum! Brands,Consumer Discretionary,Restaurants,149.34,162.5,120.96,149.13,145.76,145.2,145.9,146.22,148.05,142.58
ZBRA,Zebra Technologies,Information Technology,Electronic Equipment & Instruments,304.74,427.76,205.73,315.98,319.2,324.31,316.86,290.79,291.48,328.26
ZBH,Zimmer Biomet,Health Care,Health Care Equipment,105.71,115.64,88.99,103.49,102.02,97.84,95.02,96.7,98.88,101.85
ZTS,Zoetis,Health Care,Pharmaceuticals,156.76,197.92,138.77,154.38,151.87,150.59,154.37,155.98,157.58,162.0
