Symbol,Company,GICS_Sector,GICS_Sub_Industry,Current_Price,52_Week_High,52_Week_Low,SMA_5,SMA_10,SMA_20,SMA_50,SMA_100,SMA_125,SMA_200
MMM,3M,Industrials,Industrial Conglomerates,160.34,174.69,120.31,160.84,163.28,166.11,165.18,159.62,157.98,152.15
AOS,A. O. Smith,Industrials,Building Products,67.96,76.52,57.94,68.0,68.22,67.52,66.82,69.21,69.17,67.54
ABT,Abbott Laboratories,Health Care,Health Care Equipment,124.81,139.33,109.37,125.02,125.59,125.47,126.4,129.2,129.12,129.37
ABBV,AbbVie,Health Care,Biotechnology,229.89,243.06,160.33,227.25,225.9,226.01,226.61,220.47,214.01,203.74
ACN,Accenture,Information Technology,IT Consulting & Other Services,269.98,394.41,229.4,270.73,271.6,267.47,254.25,250.54,257.24,274.93
ADBE,Adobe Inc.,Information Technology,Application Software,352.98,465.7,311.59,354.92,353.52,342.34,338.13,344.7,349.63,363.67
AMD,Advanced Micro Devices,Information Technology,Semiconductors,215.04,267.08,76.48,211.88,210.64,214.45,229.65,200.94,191.87,160.36
AES,AES Corporation,Utilities,Independent Power Producers & Energy Traders,13.96,15.32,9.16,13.79,13.77,13.84,13.96,13.57,13.35,12.35
AFL,Aflac,Financials,Life & Health Insurance,110.62,115.24,95.64,110.44,110.26,109.63,109.59,108.4,106.89,105.89
A,Agilent Technologies,Health Care,Life Sciences Tools & Services,138.32,160.27,96.03,137.87,138.83,143.24,145.11,135.32,131.85,124.39
APD,Air Products,Materials,Industrial Gases,245.84,334.71,229.11,243.82,243.95,248.16,251.36,266.75,271.33,272.08
ABNB,Airbnb,Consumer Discretionary,"Hotels, Resorts & Cruise Lines",136.78,163.93,99.88,135.9,133.35,127.24,124.4,124.17,126.69,126.56
AKAM,Akamai Technologies,Information Technology,Internet Services & Infrastructure,88.82,103.75,67.51,89.17,87.9,87.4,83.05,79.57,79.4,79.0
ALB,Albemarle Corporation,Materials,Specialty Chemicals,148.51,150.72,48.7,145.39,139.19,133.1,115.19,98.44,93.06,81.16
ARE,Alexandria Real Estate Equities,Real Estate,Office REITs,48.76,100.23,44.1,48.47,47.65,48.39,55.78,67.69,69.52,71.84
ALGN,Align Technology,Health Care,Health Care Supplies,157.84,237.23,122.0,158.6,160.85,157.54,144.81,140.01,150.04,159.18
ALLE,Allegion,Industrials,Building Products,160.85,180.68,116.14,160.43,161.11,161.64,165.25,168.81,165.9,154.15
LNT,Alliant Energy,Utilities,Electric Utilities,65.45,69.59,54.52,65.21,65.27,65.88,66.92,66.03,65.31,63.47
ALL,Allstate,Financials,Property & Casualty Insurance,209.05,214.88,173.06,207.36,208.13,207.27,202.87,203.9,201.92,200.49
GOOGL,Alphabet Inc. (Class A),Communication Services,Interactive Media & Services,314.09,328.62,140.14,309.57,308.11,313.0,291.63,259.67,244.71,214.08
GOOG,Alphabet Inc. (Class C),Communication Services,Interactive Media & Services,315.67,328.46,142.27,311.01,309.44,313.94,292.32,260.34,245.44,215.16
MO,Altria,Consumer Staples,Tobacco,58.98,67.51,47.59,58.56,58.79,58.66,59.52,62.34,61.55,59.74
AMZN,Amazon,Consumer Discretionary,Broadline Retail,232.38,258.6,161.38,229.41,226.99,228.91,230.07,227.96,227.36,216.15
AMCR,Amcor,Materials,Paper & Plastic Packaging Products & Materials,8.26,10.3,7.67,8.3,8.3,8.33,8.28,8.38,8.62,8.85
AEE,Ameren,Utilities,Multi-Utilities,99.84,105.97,84.34,99.27,98.62,99.74,101.92,101.12,100.23,98.46
AEP,American Electric Power,Utilities,Electric Utilities,115.31,124.8,86.88,115.03,114.86,116.72,118.35,114.53,112.77,108.77
AXP,American Express,Financials,Consumer Finance,383.11,387.49,219.32,379.64,380.46,373.31,362.66,342.26,336.15,313.95
AIG,American International Group,Financials,Multi-line Insurance,86.52,87.29,67.79,86.35,85.52,81.1,78.77,78.99,79.22,80.26
AMT,American Tower,Real Estate,Telecom Tower REITs,174.8,232.28,168.28,173.71,176.88,178.02,181.34,188.92,195.04,201.17
AWK,American Water Works,Utilities,Water Utilities,131.28,152.71,115.89,131.39,131.95,130.79,132.25,135.99,136.8,138.39
AMP,Ameriprise Financial,Financials,Asset Management & Custody Banks,500.97,574.69,392.21,494.43,493.0,481.22,469.34,483.55,492.16,491.05
AME,Ametek,Industrials,Electrical Components & Equipment,208.28,210.14,144.31,205.66,203.88,200.91,195.54,190.33,188.26,182.09
AMGN,Amgen,Health Care,Biotechnology,333.96,346.38,248.95,329.73,326.18,329.68,319.47,301.77,300.15,293.67
APH,Amphenol,Information Technology,Electronic Components,137.94,144.09,56.16,135.02,132.82,136.03,135.29,125.66,120.81,104.83
ADI,Analog Devices,Information Technology,Semiconductors,277.56,284.23,156.76,275.89,277.21,275.09,251.58,245.98,243.76,229.41
AON,Aon plc,Financials,Insurance Brokers,356.65,411.24,322.37,354.21,353.02,350.03,346.13,355.15,355.32,359.81
APA,APA Corporation,Energy,Oil & Gas Exploration & Production,24.36,27.72,13.04,24.21,24.68,25.34,24.19,23.26,22.38,20.5
APO,Apollo Global Management,Financials,Asset Management & Custody Banks,148.85,172.65,101.44,147.75,147.75,142.14,133.0,133.99,136.37,134.96
AAPL,Apple Inc.,Information Technology,"Technology Hardware, Storage & Peripherals",273.81,288.62,168.63,272.6,273.99,277.15,270.95,254.76,245.79,230.2
AMAT,Applied Materials,Information Technology,Semiconductor Materials & Equipment,260.78,276.1,122.8,257.99,258.76,261.32,242.2,213.1,208.3,188.62
APTV,Aptiv,Consumer Discretionary,Automotive Parts & Equipment,76.77,88.8,47.19,77.24,77.64,77.4,79.68,79.84,77.82,71.88
ACGL,Arch Capital Group,Financials,Property & Casualty Insurance,96.4,97.6,82.45,96.63,95.79,94.18,91.06,90.89,90.4,91.21
ADM,Archer Daniels Midland,Consumer Staples,Agricultural Products & Services,57.78,64.46,39.88,57.93,58.63,59.04,59.35,59.82,58.59,54.32
ANET,Arista Networks,Information Technology,Communications Equipment,130.77,164.94,59.43,129.71,128.21,128.61,135.82,138.64,133.0,115.2
AJG,Arthur J. Gallagher & Co.,Financials,Insurance Brokers,260.77,348.85,236.34,256.75,254.58,248.85,256.33,277.34,283.17,300.09
AIZ,Assurant,Financials,Multi-line Insurance,241.89,243.22,172.97,240.34,236.26,230.05,222.31,217.13,211.17,205.79
T,AT&T,Communication Services,Integrated Telecommunication Services,24.66,29.47,20.72,24.37,24.34,24.82,25.15,26.6,26.75,26.77
ATO,Atmos Energy,Utilities,Gas Utilities,168.4,179.62,133.16,167.97,168.32,169.53,172.55,169.11,166.0,160.8
ADSK,Autodesk,Information Technology,Application Software,298.21,329.09,232.67,299.12,297.54,300.88,300.66,304.42,303.83,294.71
ADP,Automatic Data Processing,Industrials,Human Resource & Employment Services,258.1,324.5,245.59,258.75,261.54,258.95,260.88,277.34,282.22,289.1
AZO,AutoZone,Consumer Discretionary,Automotive Retail,3456.02,4388.11,3162.0,3430.48,3436.67,3611.68,3738.53,3944.31,3908.69,3822.43
AVB,AvalonBay Communities,Real Estate,Multi-Family Residential REITs,183.07,224.32,166.73,181.52,179.66,179.47,180.12,184.87,187.47,192.9
AVY,Avery Dennison,Materials,Paper & Plastic Packaging Products & Materials,181.71,192.3,154.46,181.67,182.33,178.2,173.89,170.01,171.17,171.87
AXON,Axon Enterprise,Industrials,Aerospace & Defense,591.15,885.92,469.24,587.97,574.2,559.98,604.92,679.47,694.4,679.55
BKR,Baker Hughes,Energy,Oil & Gas Equipment & Services,45.3,51.12,33.06,45.05,45.67,47.48,47.51,46.62,45.52,42.83
BALL,Ball Corporation,Materials,"Metal, Glass & Plastic Containers",52.27,59.82,43.01,52.26,51.68,50.1,48.88,49.77,51.37,51.42
BAC,Bank of America,Financials,Diversified Banks,56.25,56.5,32.53,55.53,55.2,54.36,53.03,51.16,50.32,46.94
BAX,Baxter International,Health Care,Health Care Equipment,19.11,37.25,17.39,19.01,19.1,18.85,19.49,21.47,22.78,25.73
BDX,Becton Dickinson,Health Care,Health Care Equipment,196.12,246.65,160.6,195.76,197.2,194.64,189.1,188.87,186.4,187.31
BBY,Best Buy,Consumer Discretionary,Computer & Electronics Retail,69.74,87.0,52.85,70.84,71.67,73.09,76.16,74.3,72.82,70.36
TECH,Bio-Techne,Health Care,Life Sciences Tools & Services,59.19,78.83,45.8,58.55,58.47,60.47,60.93,57.75,56.97,55.09
BIIB,Biogen,Health Care,Biotechnology,176.33,185.17,110.04,174.11,173.65,176.82,164.74,152.73,148.21,140.47
BLK,BlackRock,Financials,Asset Management & Custody Banks,1088.96,1214.03,762.34,1077.78,1079.51,1068.74,1076.53,1102.8,1099.14,1036.47
BX,Blackstone Inc.,Financials,Asset Management & Custody Banks,155.57,188.42,113.15,154.38,153.28,151.81,149.09,159.85,160.54,151.42
XYZ,"Block, Inc.",Financials,Transaction & Payment Processing Services,66.05,94.25,44.27,65.17,64.66,63.66,67.6,71.87,72.08,66.84
BK,BNY Mellon,Financials,Asset Management & Custody Banks,118.22,119.4,69.31,116.6,116.36,115.04,110.91,107.81,105.45,97.21
BA,Boeing,Industrials,Aerospace & Defense,218.16,242.69,128.88,214.84,209.78,203.86,202.41,213.07,215.46,204.13
BKNG,Booking Holdings,Consumer Discretionary,"Hotels, Resorts & Cruise Lines",5446.51,5818.24,4074.35,5406.4,5384.89,5228.35,5087.63,5277.32,5351.97,5214.93
BSX,Boston Scientific,Health Care,Health Care Equipment,96.13,109.5,85.98,96.07,94.43,95.99,98.57,100.08,101.01,100.96
BMY,Bristol Myers Squibb,Health Care,Pharmaceuticals,54.71,61.0,42.38,54.23,53.68,52.07,48.26,46.95,46.82,47.89
AVGO,Broadcom,Information Technology,Semiconductors,350.22,413.82,137.28,341.99,348.0,370.64,361.18,342.48,330.34,284.98
BR,Broadridge Financial Solutions,Industrials,Data Processing & Outsourced Services,228.38,269.71,209.84,227.31,228.26,227.8,226.14,236.94,237.66,236.37
BRO,Brown & Brown,Financials,Insurance Brokers,80.82,125.05,76.17,80.48,80.75,80.03,81.36,87.73,90.75,99.24
BLDR,Builders FirstSource,Industrials,Building Products,104.03,175.12,94.35,103.96,104.95,107.81,110.26,121.63,123.09,121.05
BG,Bunge Global,Consumer Staples,Agricultural Products & Services,88.69,98.82,65.12,90.04,91.41,92.86,94.04,87.77,85.36,81.94
BXP,"BXP, Inc.",Real Estate,Office REITs,69.22,78.59,52.95,69.07,70.03,70.39,70.88,71.09,70.53,68.49
CHRW,C.H. Robinson,Industrials,Air Freight & Logistics,164.95,167.9,83.39,165.2,161.97,159.66,149.42,138.28,130.61,116.69
CDNS,Cadence Design Systems,Information Technology,Application Software,317.76,376.45,221.56,316.45,319.19,322.95,323.8,337.17,335.56,316.27
CZR,Caesars Entertainment,Consumer Discretionary,Casinos & Gaming,24.5,40.0,18.25,24.46,24.26,23.77,21.99,23.75,24.84,25.73
CPT,Camden Property Trust,Real Estate,Multi-Family Residential REITs,108.57,121.85,96.2,108.06,106.24,104.89,102.79,104.01,105.33,108.14
CPB,Campbell's Company (The),Consumer Staples,Packaged Foods & Meats,28.02,42.36,27.64,28.3,28.44,29.05,30.07,31.05,31.07,32.53
COF,Capital One,Financials,Consumer Finance,248.27,249.65,141.84,245.83,242.72,234.75,222.62,220.2,219.12,205.33
CAH,Cardinal Health,Health Care,Health Care Distributors,207.54,214.93,115.04,204.43,201.49,202.32,193.06,172.38,169.89,160.23
KMX,CarMax,Consumer Discretionary,Automotive Retail,39.18,89.47,30.26,38.72,39.89,39.46,39.07,47.08,50.33,57.08
CCL,Carnival,Consumer Discretionary,"Hotels, Resorts & Cruise Lines",31.25,32.89,15.07,30.91,29.49,27.67,27.52,28.87,28.98,26.04
CARR,Carrier Global,Industrials,Building Products,53.5,80.78,50.3,53.4,53.25,53.63,55.13,58.79,61.93,63.8
CAT,Caterpillar Inc.,Industrials,Construction Machinery & Heavy Transportation Equipment,583.76,627.5,264.29,578.13,585.47,587.74,565.54,505.53,486.81,428.25
CBOE,Cboe Global Markets,Financials,Financial Exchanges & Data,255.96,262.98,186.22,251.7,251.06,252.67,249.86,245.57,244.09,235.43
CBRE,CBRE Group,Real Estate,Real Estate Services,164.94,171.0,108.45,163.01,161.47,160.5,157.47,158.35,155.6,144.8
CDW,CDW Corporation,Information Technology,Technology Distributors,138.71,219.61,135.03,140.02,142.85,144.07,146.44,154.06,158.71,161.97
COR,Cencora,Health Care,Health Care Distributors,339.98,377.54,222.21,340.42,342.76,345.22,346.62,322.0,316.18,303.58
CNC,Centene Corporation,Health Care,Managed Health Care,39.89,66.81,25.08,39.54,39.73,39.17,37.2,34.34,33.76,43.16
CNP,CenterPoint Energy,Utilities,Multi-Utilities,38.2,40.28,29.87,37.96,37.95,38.29,38.89,38.49,38.13,37.42
CF,CF Industries,Materials,Fertilizers & Agricultural Chemicals,77.57,103.22,66.16,78.03,78.33,78.33,80.94,83.58,85.44,84.27
CRL,Charles River Laboratories,Health Care,Life Sciences Tools & Services,203.16,204.47,91.86,199.99,197.68,190.28,181.59,170.5,168.94,157.75
SCHW,Charles Schwab Corporation,Financials,Investment Banking & Brokerage,101.85,102.11,65.3,100.1,98.21,95.92,94.57,94.57,94.4,89.74
CHTR,Charter Communications,Communication Services,Cable & Satellite,208.46,437.06,193.0,206.25,208.04,205.15,217.1,241.83,266.49,308.58
CVX,Chevron Corporation,Energy,Integrated Oil & Gas,150.5,163.27,127.59,149.25,149.3,149.95,151.43,152.66,151.76,147.61
CMG,Chipotle Mexican Grill,Consumer Discretionary,Restaurants,37.9,62.43,29.75,37.78,36.85,35.44,35.16,38.15,40.83,44.47
CB,Chubb Limited,Financials,Property & Casualty Insurance,313.32,314.4,250.52,311.83,311.02,303.62,292.31,284.74,282.9,284.83
CHD,Church & Dwight,Consumer Staples,Household Products,85.46,115.32,81.05,85.02,84.94,84.36,84.81,87.8,89.46,93.25
CI,Cigna,Health Care,Health Care Services,274.86,344.64,238.17,274.02,274.42,271.64,275.25,284.12,286.87,298.21
CINF,Cincinnati Financial,Financials,Property & Casualty Insurance,165.87,168.98,120.97,166.41,165.82,164.46,161.02,157.51,155.38,150.04
CTAS,Cintas,Industrials,Diversified Support Services,191.18,228.23,179.31,190.26,189.11,186.92,186.45,196.52,200.98,204.56
CSCO,Cisco,Information Technology,Communications Equipment,78.02,80.82,51.49,77.9,77.84,77.82,75.02,71.45,70.73,66.86
C,Citigroup,Financials,Diversified Banks,121.56,122.84,54.39,117.35,114.58,110.53,103.88,100.23,98.14,87.86
CFG,Citizens Financial Group,Financials,Regional Banks,59.86,60.1,31.67,59.37,58.88,57.16,53.52,52.07,51.08,46.45
CLX,Clorox,Consumer Staples,Household Products,98.21,158.46,96.66,98.28,100.13,102.47,106.72,113.72,115.77,122.09
CME,CME Group,Financials,Financial Exchanges & Data,276.38,286.76,220.42,272.05,272.38,272.76,271.41,269.07,270.14,268.83
CMS,CMS Energy,Utilities,Multi-Utilities,70.11,75.54,62.07,69.94,70.02,71.13,72.66,72.16,71.81,71.24
KO,Coca-Cola Company (The),Consumer Staples,Soft Drinks & Non-alcoholic Beverages,70.11,72.91,58.88,70.12,70.22,70.58,69.99,68.61,68.62,68.95
CTSH,Cognizant,Information Technology,IT Consulting & Other Services,85.42,89.37,64.7,85.0,84.41,81.95,75.4,72.22,72.92,74.09
COIN,Coinbase,Financials,Financial Exchanges & Data,239.73,444.65,142.58,242.85,249.79,260.31,289.05,307.81,321.55,284.83
CL,Colgate-Palmolive,Consumer Staples,Household Products,80.25,98.37,74.55,79.06,78.9,78.65,78.36,80.07,81.6,84.72
CMCSA,Comcast,Communication Services,Cable & Satellite,29.78,37.31,25.75,29.65,29.13,28.06,28.06,30.06,30.91,32.13
CAG,Conagra Brands,Consumer Staples,Packaged Foods & Meats,17.08,27.05,16.6,17.29,17.54,17.44,17.51,18.03,18.19,19.95
COP,ConocoPhillips,Energy,Oil & Gas Exploration & Production,91.8,103.48,77.84,92.4,93.44,92.57,89.49,91.4,91.58,90.98
ED,Consolidated Edison,Utilities,Multi-Utilities,99.53,112.03,84.37,99.02,98.68,97.9,98.64,98.72,98.94,100.8
STZ,Constellation Brands,Consumer Staples,Distillers & Vintners,140.49,223.22,126.45,138.66,141.6,140.77,136.06,142.33,147.55,158.63
CEG,Constellation Energy,Utilities,Electric Utilities,363.95,412.23,160.75,359.91,359.39,360.43,362.72,347.05,342.05,309.0
COO,Cooper Companies (The),Health Care,Health Care Supplies,82.57,100.24,61.78,82.9,82.37,80.23,75.31,72.39,72.52,74.43
CPRT,Copart,Industrials,Diversified Support Services,39.1,63.85,38.18,39.18,39.02,38.92,41.02,43.86,44.49,48.71
GLW,Corning Inc.,Information Technology,Electronic Components,89.66,96.64,36.82,88.43,88.62,87.46,86.07,79.86,74.87,64.15
CPAY,Corpay,Financials,Transaction & Payment Processing Services,311.57,400.81,252.84,310.28,311.69,306.04,289.6,298.09,304.71,314.24
CTVA,Corteva,Materials,Fertilizers & Agricultural Chemicals,67.33,77.02,53.0,66.97,66.48,66.22,64.63,67.17,68.43,67.18
CSGP,CoStar Group,Real Estate,Real Estate Services,66.89,97.43,62.0,66.05,65.81,66.92,69.34,78.1,80.0,79.28
COST,Costco,Consumer Staples,Consumer Staples Merchandise Retail,871.86,1073.82,844.06,857.97,864.24,883.07,905.31,927.84,933.71,949.72
CTRA,Coterra,Energy,Oil & Gas Exploration & Production,25.69,29.04,21.87,25.6,25.82,26.36,25.35,24.5,24.4,24.76
CRWD,CrowdStrike,Information Technology,Systems Software,477.11,566.9,298.0,479.53,486.61,499.97,514.22,483.32,482.42,458.74
CCI,Crown Castle,Real Estate,Telecom Tower REITs,87.85,113.13,80.07,86.94,88.1,88.35,90.52,93.36,95.34,96.39
CSX,CSX Corporation,Industrials,Rail Transportation,36.78,37.54,25.91,36.6,36.8,36.33,35.64,34.91,34.74,32.84
CMI,Cummins,Industrials,Construction Machinery & Heavy Transportation Equipment,517.6,526.5,256.13,512.26,512.4,508.92,470.81,438.49,419.8,377.82
CVS,CVS Health,Health Care,Health Care Services,79.12,85.15,41.77,78.21,78.71,78.26,78.94,75.56,73.0,69.74
DHR,Danaher Corporation,Health Care,Life Sciences Tools & Services,231.47,256.97,170.43,227.9,227.41,227.0,221.33,210.93,208.47,203.83
DRI,Darden Restaurants,Consumer Discretionary,Restaurants,189.91,224.86,169.0,189.78,187.6,182.58,180.57,189.78,193.33,196.6
DDOG,Datadog,Information Technology,Application Software,138.04,201.69,81.63,139.96,141.45,148.28,159.68,149.36,148.09,133.48
DVA,DaVita,Health Care,Health Care Services,114.41,179.6,113.12,115.4,117.51,117.93,120.87,126.79,130.06,134.9
DAY,Dayforce,Industrials,Human Resource & Employment Services,69.14,75.14,48.01,69.2,69.21,69.14,68.83,67.35,65.34,62.3
DECK,Deckers Brands,Consumer Discretionary,Footwear,100.95,223.98,78.91,100.71,101.67,98.47,91.64,100.38,101.33,105.39
DE,Deere & Company,Industrials,Agricultural & Farm Machinery,467.44,530.24,398.95,469.61,476.32,473.65,472.28,474.04,480.89,481.79
DELL,Dell Technologies,Information Technology,"Technology Hardware, Storage & Peripherals",128.38,168.08,65.33,126.39,129.27,132.91,139.9,137.2,135.09,121.87
DAL,Delta Air Lines,Industrials,Passenger Airlines,70.96,72.34,34.41,70.95,70.72,68.56,62.8,60.68,59.23,54.11
DVN,Devon Energy,Energy,Oil & Gas Exploration & Production,36.2,38.23,25.37,36.11,36.33,36.79,34.76,34.44,34.09,33.3
DXCM,Dexcom,Health Care,Health Care Equipment,67.42,93.25,54.11,66.74,66.74,65.83,64.1,69.06,72.17,73.97
FANG,Diamondback Energy,Energy,Oil & Gas Exploration & Production,146.91,175.92,111.64,147.73,150.96,153.8,147.51,144.33,143.72,142.07
DLR,Digital Realty,Real Estate,Data Center REITs,155.19,182.13,127.13,152.1,152.2,155.64,161.95,164.9,166.28,162.91
DG,Dollar General,Consumer Staples,Consumer Staples Merchandise Retail,135.45,138.46,65.27,136.24,135.15,126.62,111.95,109.27,109.42,103.91
DLTR,Dollar Tree,Consumer Staples,Consumer Staples Merchandise Retail,122.01,132.48,61.8,123.75,126.93,121.21,109.33,105.75,106.48,97.56
D,Dominion Energy,Utilities,Multi-Utilities,59.01,62.17,46.43,58.78,59.07,59.32,59.69,59.6,59.0,56.76
DPZ,Domino's,Consumer Discretionary,Restaurants,425.43,493.24,390.88,428.48,431.41,425.53,414.85,426.32,433.63,444.11
DASH,DoorDash,Consumer Discretionary,Specialized Consumer Services,232.06,285.5,155.4,232.97,229.31,222.72,227.17,243.2,243.14,226.16
DOV,Dover Corporation,Industrials,Industrial Machinery & Supplies & Components,199.56,219.84,141.82,198.26,198.58,193.91,184.13,178.29,179.67,177.46
DOW,Dow Inc.,Materials,Commodity Chemicals,23.06,39.24,19.82,23.14,23.36,23.44,22.85,22.86,23.57,25.61
DHI,D. R. Horton,Consumer Discretionary,Homebuilding,146.63,183.98,109.46,147.01,151.03,154.16,150.59,158.44,154.39,142.69
DTE,DTE Energy,Utilities,Multi-Utilities,128.79,142.5,112.5,128.63,128.77,130.06,134.3,135.46,134.98,133.65
DUK,Duke Energy,Utilities,Electric Utilities,117.48,128.91,101.53,116.74,116.31,117.43,121.47,121.72,120.75,118.79
DD,DuPont,Materials,Specialty Chemicals,41.07,41.85,22.13,41.07,40.94,40.5,38.08,34.86,34.01,31.78
EMN,Eastman Chemical Company,Materials,Specialty Chemicals,62.86,99.23,55.35,63.27,63.71,62.29,60.75,62.2,64.68,69.67
ETN,Eaton Corporation,Industrials,Electrical Components & Equipment,323.67,398.4,230.37,320.12,326.19,333.65,353.0,357.32,360.03,338.48
EBAY,eBay Inc.,Consumer Discretionary,Broadline Retail,84.6,100.76,58.09,84.19,83.77,83.27,85.59,89.08,87.07,80.4
ECL,Ecolab,Materials,Specialty Chemicals,265.58,284.56,219.93,264.84,262.95,263.61,264.14,268.53,268.13,261.98
EIX,Edison International,Utilities,Electric Utilities,60.1,76.53,46.27,60.21,59.42,58.53,57.79,56.05,55.02,54.46
EW,Edwards Lifesciences,Health Care,Health Care Equipment,86.29,87.89,65.94,85.9,85.04,85.06,83.05,80.41,79.89,77.59
EA,Electronic Arts,Communication Services,Interactive Home Entertainment,204.78,204.84,114.66,204.13,204.01,203.53,201.79,190.04,182.62,168.99
ELV,Elevance Health,Health Care,Managed Health Care,343.3,451.93,270.83,343.22,349.39,340.87,333.25,324.03,322.06,351.81
EMR,Emerson Electric,Industrials,Electrical Components & Equipment,136.3,149.03,88.93,134.27,135.06,134.81,132.5,132.09,133.88,125.96
ENPH,Enphase Energy,Information Technology,Semiconductor Materials & Equipment,32.85,76.9,25.78,32.96,32.48,31.31,31.59,33.98,34.88,40.2
ETR,Entergy,Utilities,Electric Utilities,92.67,97.93,72.16,92.14,92.48,93.44,94.59,92.31,90.69,87.24
EOG,EOG Resources,Energy,Oil & Gas Exploration & Production,103.87,134.2,99.8,103.16,104.58,107.29,107.02,111.46,112.88,113.25
EPAM,EPAM Systems,Information Technology,IT Consulting & Other Services,209.08,269.0,138.15,208.97,208.79,203.57,181.53,170.13,170.08,169.72
EQT,EQT Corporation,Energy,Oil & Gas Exploration & Production,53.89,62.23,42.34,53.91,54.4,56.97,56.47,54.32,54.4,53.95
EFX,Equifax,Industrials,Research & Consulting Services,220.56,279.27,198.73,219.92,219.47,215.22,215.26,230.68,235.18,240.89
EQIX,Equinix,Real Estate,Data Center REITs,758.72,943.1,689.25,755.87,755.12,746.55,780.82,779.52,778.14,799.13
EQR,Equity Residential,Real Estate,Multi-Family Residential REITs,62.73,73.58,58.19,62.16,61.62,61.45,60.95,62.38,63.06,64.74
ERIE,Erie Indemnity,Financials,Insurance Brokers,284.0,451.6,273.59,285.36,285.64,288.08,295.28,315.58,322.39,342.61
ESS,Essex Property Trust,Real Estate,Multi-Family Residential REITs,261.12,307.81,239.32,260.02,259.3,258.6,258.02,259.5,263.43,269.2
EL,Estée Lauder Companies (The),Consumer Staples,Personal Care Products,107.48,110.37,47.76,107.94,106.01,103.28,97.31,93.15,92.12,81.52
EG,Everest Group,Financials,Reinsurance,336.21,368.99,302.44,334.55,330.89,321.58,324.46,333.46,333.8,338.43
EVRG,Evergy,Utilities,Electric Utilities,73.01,78.59,57.4,72.75,73.19,73.92,75.46,73.97,72.81,70.08
ES,Eversource Energy,Utilities,Electric Utilities,67.16,74.42,50.49,66.94,67.08,66.6,69.37,67.53,66.82,64.13
EXC,Exelon,Utilities,Electric Utilities,43.52,48.09,35.51,43.69,43.7,44.2,45.53,44.81,44.43,44.06
EXE,Expand Energy,Energy,Oil & Gas Exploration & Production,109.17,126.62,90.25,108.93,109.84,114.97,111.62,105.21,104.76,106.05
EXPE,Expedia Group,Consumer Discretionary,"Hotels, Resorts & Cruise Lines",286.57,292.42,129.24,287.79,284.56,273.28,249.76,231.24,221.14,199.16
EXPD,Expeditors International,Industrials,Air Freight & Logistics,151.56,155.04,99.26,151.96,151.59,149.94,137.78,128.91,126.1,120.75
EXR,Extra Space Storage,Real Estate,Self-Storage REITs,130.26,155.55,116.98,130.28,131.15,130.23,134.08,136.41,138.08,139.12
XOM,ExxonMobil,Energy,Integrated Oil & Gas,119.22,120.47,95.18,118.0,117.82,117.31,115.86,113.06,112.29,109.88
FFIV,"F5, Inc.",Information Technology,Communications Equipment,262.33,346.0,223.76,259.84,260.37,252.72,256.81,290.04,292.07,285.45
FDS,FactSet,Financials,Financial Exchanges & Data,290.09,487.33,249.51,286.77,289.9,285.97,278.87,308.39,332.01,370.36
FICO,Fair Isaac,Information Technology,Application Software,1731.01,2217.6,1300.0,1741.85,1773.5,1774.13,1719.22,1615.71,1610.24,1708.45
FAST,Fastenal,Industrials,Trading Companies & Distributors,41.83,50.37,34.62,42.0,42.05,41.42,41.28,44.55,44.57,42.71
FRT,Federal Realty Investment Trust,Real Estate,Retail REITs,102.33,108.26,78.83,101.63,100.92,99.23,98.32,97.77,96.84,95.26
FDX,FedEx,Industrials,Air Freight & Logistics,295.9,296.1,190.85,291.96,287.19,280.4,264.02,246.64,243.25,234.32
FIS,Fidelity National Information Services,Financials,Transaction & Payment Processing Services,67.17,82.1,59.15,66.56,66.67,66.16,65.25,66.43,69.04,71.52
FITB,Fifth Third Bancorp,Financials,Regional Banks,48.22,48.71,31.68,48.01,47.97,46.39,43.83,43.86,43.56,41.12
FSLR,First Solar,Information Technology,Semiconductors,272.21,285.99,116.56,270.99,265.1,263.24,255.82,231.68,220.22,191.67
FE,FirstEnergy,Utilities,Electric Utilities,44.85,47.73,36.45,44.55,44.42,45.03,45.74,44.76,43.85,42.37
FI,Fiserv,Financials,Transaction & Payment Processing Services,67.72,238.59,59.56,68.12,68.08,66.05,77.83,105.37,116.29,143.51
F,Ford Motor Company,Consumer Discretionary,Automobile Manufacturers,13.36,13.99,8.11,13.38,13.49,13.32,13.0,12.27,12.03,11.2
FTNT,Fortinet,Information Technology,Systems Software,81.18,114.82,70.12,80.71,81.16,82.08,82.69,82.1,86.42,91.62
FTV,Fortive,Industrials,Industrial Machinery & Supplies & Components,55.46,62.51,45.35,55.27,55.2,54.39,52.04,50.18,50.36,51.31
FOXA,Fox Corporation (Class A),Communication Services,Broadcasting,73.91,74.63,46.21,72.85,72.0,69.85,65.71,62.43,61.07,57.9
FOX,Fox Corporation (Class B),Communication Services,Broadcasting,64.94,65.37,42.96,64.2,63.64,61.93,58.72,56.17,55.15,52.68
BEN,Franklin Resources,Financials,Asset Management & Custody Banks,24.18,25.72,15.81,24.17,23.86,23.4,22.84,23.52,23.66,22.21
FCX,Freeport-McMoRan,Materials,Copper,51.92,52.29,27.35,50.31,48.99,46.58,43.13,42.74,42.99,41.09
GRMN,Garmin,Consumer Discretionary,Consumer Electronics,205.0,260.57,167.16,203.57,205.18,202.32,210.22,224.14,223.34,214.06
IT,Gartner,Information Technology,IT Consulting & Other Services,251.18,584.01,222.54,250.47,246.39,238.43,238.07,242.55,267.69,325.59
GE,GE Aerospace,Industrials,Aerospace & Defense,316.75,317.75,158.93,311.18,303.6,296.46,300.74,292.39,286.03,259.47
GEHC,GE HealthCare,Health Care,Health Care Equipment,83.39,94.66,57.57,83.21,83.51,82.87,78.2,76.23,75.99,74.4
GEV,GE Vernova,Industrials,Heavy Electrical Equipment,667.32,731.0,251.84,657.66,664.6,642.33,603.35,611.5,604.97,526.77
GEN,Gen Digital,Information Technology,Systems Software,27.64,31.94,22.45,27.62,27.63,27.22,26.72,27.96,28.31,27.81
GNRC,Generac,Industrials,Electrical Components & Equipment,140.81,203.25,99.5,139.33,148.37,153.21,161.35,172.04,169.03,151.98
GD,General Dynamics,Industrials,Aerospace & Defense,345.39,360.5,235.63,342.22,340.47,339.21,341.19,332.72,326.61,305.5
GIS,General Mills,Consumer Staples,Packaged Foods & Meats,47.0,65.04,45.15,47.52,47.32,46.81,47.14,48.16,48.53,50.76
GM,General Motors,Consumer Discretionary,Automobile Manufacturers,82.88,83.68,41.28,82.44,81.82,78.5,72.01,64.73,62.24,56.65
GPC,Genuine Parts Company,Consumer Discretionary,Distributors,125.49,141.97,101.6,125.19,128.09,128.5,127.91,131.89,130.65,125.82
GILD,Gilead Sciences,Health Care,Biotechnology,125.67,127.86,86.16,124.16,122.27,122.35,121.9,117.76,116.29,112.03
GPN,Global Payments,Financials,Transaction & Payment Processing Services,81.19,113.83,65.33,81.13,81.47,79.61,79.21,82.37,82.09,81.95
GL,Globe Life,Financials,Life & Health Insurance,143.5,147.54,106.36,141.31,140.52,136.62,134.63,137.3,135.06,130.17
GDDY,GoDaddy,Information Technology,Internet Services & Infrastructure,127.15,216.0,121.94,126.77,125.88,127.03,128.8,135.77,142.47,156.35
GS,Goldman Sachs,Financials,Investment Banking & Brokerage,910.78,919.1,432.73,896.25,892.13,866.94,814.22,785.76,769.78,693.15
HAL,Halliburton,Energy,Oil & Gas Equipment & Services,28.03,29.67,18.31,27.91,28.07,27.75,26.7,24.51,23.92,22.94
HIG,Hartford (The),Financials,Property & Casualty Insurance,139.72,140.5,103.19,139.26,138.17,135.49,131.09,130.9,129.15,126.51
HAS,Hasbro,Consumer Discretionary,Leisure Products,81.63,85.15,47.63,81.72,81.7,81.76,78.56,77.58,77.05,71.02
HCA,HCA Healthcare,Health Care,Health Care Facilities,474.06,519.23,287.82,471.93,474.4,483.33,471.01,438.17,423.21,396.83
DOC,Healthpeak Properties,Real Estate,Health Care REITs,16.03,20.21,15.71,16.03,16.24,16.77,17.38,17.51,17.5,17.47
HSIC,Henry Schein,Health Care,Health Care Distributors,76.19,82.49,60.56,76.93,76.85,75.3,71.01,69.11,69.62,69.39
HSY,Hershey Company (The),Consumer Staples,Packaged Foods & Meats,184.8,195.98,135.68,186.24,185.98,184.45,180.37,182.49,180.69,173.77
HPE,Hewlett Packard Enterprise,Information Technology,"Technology Hardware, Storage & Peripherals",24.44,26.28,11.75,24.39,24.2,23.51,23.09,23.12,22.59,20.21
HLT,Hilton Worldwide,Consumer Discretionary,"Hotels, Resorts & Cruise Lines",293.3,294.92,195.7,291.43,288.02,282.58,273.09,270.34,270.47,257.49
HOLX,Hologic,Health Care,Health Care Equipment,74.5,75.34,51.9,74.83,74.91,74.9,74.08,70.58,69.54,66.01
HD,Home Depot (The),Consumer Discretionary,Home Improvement Retail,347.34,424.01,320.39,347.74,352.22,352.23,362.07,380.8,377.72,369.14
HON,Honeywell,Industrials,Industrial Conglomerates,196.93,225.29,166.32,197.12,196.87,194.27,195.04,197.46,201.34,200.31
HRL,Hormel Foods,Consumer Staples,Packaged Foods & Meats,24.35,31.17,21.03,24.05,23.96,23.77,23.13,24.44,25.38,26.87
HST,Host Hotels & Resorts,Real Estate,Hotel & Resort REITs,18.52,18.72,11.93,18.5,18.45,17.97,17.33,16.97,16.77,15.89
HWM,Howmet Aerospace,Industrials,Aerospace & Defense,212.17,212.46,104.84,206.28,200.92,198.62,199.98,191.5,189.95,174.54
HPQ,HP Inc.,Information Technology,"Technology Hardware, Storage & Peripherals",23.16,33.78,20.52,23.19,23.99,24.39,25.19,26.04,25.77,25.58
HUBB,Hubbell Incorporated,Industrials,Industrial Machinery & Supplies & Components,456.28,482.66,296.56,448.12,446.44,440.71,440.26,434.5,431.96,405.49
HUM,Humana,Health Care,Managed Health Care,259.25,314.25,206.15,258.82,262.22,256.47,259.34,268.81,262.11,257.68
HBAN,Huntington Bancshares,Financials,Regional Banks,17.74,17.95,11.6,17.73,17.67,17.17,16.17,16.5,16.52,15.81
HII,Huntington Ingalls Industries,Industrials,Aerospace & Defense,355.45,360.2,155.24,344.55,335.37,323.89,311.51,292.22,284.73,259.07
IBM,IBM,Information Technology,IT Consulting & Other Services,304.56,324.9,209.2,302.51,304.77,305.89,301.5,279.64,278.52,268.33
IEX,IDEX Corporation,Industrials,Industrial Machinery & Supplies & Components,180.2,223.39,151.55,179.07,178.77,177.29,171.41,166.97,169.16,171.92
IDXX,Idexx Laboratories,Health Care,Health Care Equipment,688.18,769.98,356.14,694.01,697.11,710.33,691.29,665.79,641.86,576.01
ITW,Illinois Tool Works,Industrials,Industrial Machinery & Supplies & Components,251.95,273.07,212.05,251.33,253.38,251.27,248.19,253.72,254.11,248.98
INCY,Incyte,Health Care,Biotechnology,100.44,109.28,53.56,100.41,98.69,99.6,98.73,91.61,87.38,78.29
IR,Ingersoll Rand,Industrials,Industrial Machinery & Supplies & Components,81.57,95.76,65.56,80.45,80.68,80.18,78.5,79.13,80.46,79.98
PODD,Insulet Corporation,Health Care,Health Care Equipment,288.82,354.88,230.05,289.68,290.81,299.77,314.55,319.2,313.83,302.36
INTC,Intel,Information Technology,Semiconductors,36.16,44.02,17.67,36.4,37.02,38.91,38.02,32.88,30.74,27.19
ICE,Intercontinental Exchange,Financials,Financial Exchanges & Data,162.63,188.26,140.7,161.28,161.36,159.2,154.98,163.62,167.21,168.48
IFF,International Flavors & Fragrances,Materials,Specialty Chemicals,66.92,86.08,58.78,66.13,64.96,65.93,64.9,64.18,66.12,69.38
IP,International Paper,Materials,Paper & Plastic Packaging Products & Materials,39.37,57.79,35.35,38.99,38.84,38.85,39.96,43.2,44.59,45.47
IPG,Interpublic Group of Companies (The),Communication Services,Advertising,24.57,31.81,21.93,25.12,25.04,25.18,26.03,25.78,25.34,25.2
INTU,Intuit,Information Technology,Application Software,674.83,812.22,530.03,672.87,669.6,659.27,659.64,671.32,691.45,679.39
ISRG,Intuitive Surgical,Health Care,Health Care Equipment,577.15,616.0,425.0,573.74,562.93,565.34,547.24,502.12,504.28,509.25
IVZ,Invesco,Financials,Asset Management & Custody Banks,27.21,27.48,11.23,27.02,26.69,25.99,24.32,23.13,22.21,19.19
INVH,Invitation Homes,Real Estate,Single-Family Residential REITs,27.32,34.75,25.73,27.02,26.76,26.89,27.56,28.4,28.98,30.35
IQV,IQVIA,Health Care,Life Sciences Tools & Services,226.02,234.3,134.65,223.75,223.37,224.61,219.74,204.71,198.5,182.76
IRM,Iron Mountain,Real Estate,Other Specialized REITs,81.46,108.27,70.45,80.45,81.47,82.64,91.55,93.47,94.16,92.78
JBHT,J.B. Hunt,Industrials,Cargo Ground Transportation,198.29,204.43,121.7,197.8,197.57,191.51,176.07,157.89,155.99,149.72
JBL,Jabil,Information Technology,Electronic Manufacturing Services,234.49,237.05,108.52,228.6,224.97,221.3,213.55,213.13,214.93,193.21
JKHY,Jack Henry & Associates,Financials,Transaction & Payment Processing Services,185.18,194.03,143.64,184.94,186.2,181.99,168.24,162.39,165.12,169.09
J,Jacobs Solutions,Industrials,Construction & Engineering,136.11,168.03,104.43,134.88,134.87,135.93,145.8,147.06,145.02,136.39
JNJ,Johnson & Johnson,Health Care,Pharmaceuticals,207.78,215.19,136.5,207.11,209.09,206.7,198.01,187.84,182.23,171.07
JCI,Johnson Controls,Industrials,Building Products,121.39,123.78,67.78,119.95,118.47,116.84,115.66,111.33,110.46,102.62
JPM,JPMorgan Chase,Financials,Diversified Banks,329.17,329.99,200.22,321.68,319.48,315.07,309.03,304.86,301.92,282.13
K,Kellanova,Consumer Staples,Packaged Foods & Meats,83.44,83.49,75.95,83.32,83.2,83.01,82.65,80.64,80.17,80.35
KVUE,Kenvue,Consumer Staples,Personal Care Products,17.21,24.41,13.85,17.07,17.18,17.12,16.25,17.46,18.21,19.73
KDP,Keurig Dr Pepper,Consumer Staples,Soft Drinks & Non-alcoholic Beverages,28.0,35.62,25.03,28.03,28.5,28.5,27.74,28.37,29.33,30.79
KEY,KeyCorp,Financials,Regional Banks,21.14,21.25,12.29,21.06,20.85,19.93,18.4,18.34,18.24,17.06
KEYS,Keysight Technologies,Information Technology,Electronic Equipment & Instruments,205.33,214.58,121.43,203.26,205.01,205.11,187.16,177.79,175.06,166.6
KMB,Kimberly-Clark,Consumer Staples,Household Products,101.08,145.82,98.03,100.63,101.8,103.25,106.77,116.2,118.2,123.55
KIM,Kimco Realty,Real Estate,Retail REITs,20.42,22.68,17.3,20.17,20.22,20.16,20.5,20.94,20.95,20.62
KMI,Kinder Morgan,Energy,Oil & Gas Storage & Transportation,27.19,30.15,23.17,26.84,26.74,26.99,26.74,26.84,26.94,26.88
KKR,KKR & Co.,Financials,Asset Management & Custody Banks,130.78,169.44,85.77,131.16,133.55,130.77,123.92,130.7,133.09,126.78
KLAC,KLA Corporation,Information Technology,Semiconductor Materials & Equipment,1276.99,1282.32,547.89,1255.89,1234.01,1217.25,1185.56,1076.39,1043.51,928.75
KHC,Kraft Heinz,Consumer Staples,Packaged Foods & Meats,24.02,31.87,23.33,24.23,24.39,24.6,24.56,25.33,25.59,26.14
KR,Kroger,Consumer Staples,Food Retail,62.93,74.13,56.96,62.54,62.67,63.76,65.12,66.55,67.32,67.39
LHX,L3Harris,Industrials,Aerospace & Defense,298.14,306.84,189.46,292.25,288.82,283.55,286.02,283.42,279.15,258.18
LH,Labcorp,Health Care,Health Care Services,254.46,292.94,207.68,253.35,257.29,260.46,263.71,269.17,266.34,256.48
LRCX,Lam Research,Information Technology,Semiconductor Materials & Equipment,177.33,177.56,55.98,172.94,167.65,163.6,156.61,136.31,128.76,109.75
LW,Lamb Weston,Consumer Staples,Packaged Foods & Meats,42.48,66.87,41.41,46.07,52.82,56.11,59.2,57.91,56.89,55.27
LVS,Las Vegas Sands,Consumer Discretionary,Casinos & Gaming,66.31,70.45,29.72,66.67,66.56,66.97,62.85,58.1,56.35,49.8
LDOS,Leidos,Industrials,Diversified Support Services,186.63,205.3,122.37,184.97,185.37,186.65,188.86,185.92,180.95,167.25
LEN,Lennar,Consumer Discretionary,Homebuilding,105.09,143.63,97.13,106.63,112.12,119.27,121.62,125.1,122.62,117.48
LII,Lennox International,Industrials,Building Products,497.23,687.72,443.19,495.64,497.48,498.5,493.71,526.08,543.52,549.27
LLY,Lilly (Eli),Health Care,Pharmaceuticals,1076.98,1111.99,621.5,1070.68,1054.86,1043.21,970.32,857.07,841.0,819.24
LIN,Linde plc,Materials,Industrial Gases,424.9,483.05,387.78,422.79,419.63,410.47,420.38,445.93,449.81,450.81
LYV,Live Nation Entertainment,Communication Services,Movies & Entertainment,145.31,175.25,112.88,142.23,141.23,138.27,141.51,151.58,151.1,145.01
LKQ,LKQ Corporation,Consumer Discretionary,Distributors,30.26,43.32,28.13,29.98,30.25,29.77,29.97,30.29,31.23,34.25
LMT,Lockheed Martin,Industrials,Aerospace & Defense,485.75,512.11,404.07,479.23,478.75,466.06,470.12,466.47,461.36,459.51
L,Loews Corporation,Financials,Multi-line Insurance,107.33,109.06,78.83,107.07,105.97,105.41,103.27,100.37,98.54,94.45
LOW,Lowe's,Consumer Discretionary,Home Improvement Retail,243.0,273.63,203.22,243.07,245.4,245.14,239.71,246.48,241.8,234.14
LULU,Lululemon Athletica,Consumer Discretionary,"Apparel, Accessories & Luxury Goods",210.4,423.32,159.25,212.0,207.29,195.63,180.41,181.75,190.53,225.74
LYB,LyondellBasell,Materials,Specialty Chemicals,42.87,72.64,40.42,43.05,43.48,44.4,44.1,47.19,49.47,52.2
MTB,M&T Bank,Financials,Regional Banks,207.24,208.26,147.35,205.99,205.45,199.88,189.44,191.08,191.5,184.46
MPC,Marathon Petroleum,Energy,Oil & Gas Refining & Marketing,165.73,201.29,113.25,166.67,174.3,182.96,187.98,183.01,180.85,168.11
MKTX,MarketAxess,Financials,Financial Exchanges & Data,182.54,230.09,155.48,181.36,180.42,173.03,169.2,175.22,182.58,195.31
MAR,Marriott International,Consumer Discretionary,"Hotels, Resorts & Cruise Lines",315.16,316.69,203.87,311.99,307.97,302.55,287.03,275.77,275.18,264.75
MMC,Marsh McLennan,Financials,Insurance Brokers,187.6,245.83,174.18,185.89,185.99,184.31,183.56,193.14,196.17,207.16
MLM,Martin Marietta Materials,Materials,Construction Materials,643.14,664.29,440.13,635.15,631.85,625.12,617.86,617.03,606.69,573.24
MAS,Masco,Industrials,Building Products,64.75,80.67,55.74,64.46,64.57,64.16,64.13,67.76,67.4,65.94
MA,Mastercard,Financials,Transaction & Payment Processing Services,579.45,600.98,463.61,573.99,570.59,557.48,555.11,567.27,565.83,559.27
MTCH,Match Group,Communication Services,Interactive Media & Services,32.89,38.99,26.09,32.81,32.78,33.29,32.82,34.53,34.19,32.52
MKC,McCormick & Company,Consumer Staples,Packaged Foods & Meats,68.88,84.63,62.64,68.75,68.18,66.54,66.16,67.01,67.98,70.6
MCD,McDonald's,Consumer Discretionary,Restaurants,313.33,321.79,270.23,315.18,315.42,311.88,306.55,305.06,302.97,303.05
MCK,McKesson Corporation,Health Care,Health Care Distributors,826.43,894.75,563.37,820.27,817.02,822.71,826.31,768.01,756.92,733.62
MDT,Medtronic,Health Care,Health Care Equipment,97.27,106.33,77.43,97.91,98.38,100.32,97.29,95.27,94.07,90.45
MRK,Merck & Co.,Health Care,Pharmaceuticals,106.45,106.95,71.26,103.6,101.33,100.67,93.49,87.96,86.44,83.88
META,Meta Platforms,Communication Services,Interactive Media & Services,667.55,795.06,478.72,663.44,656.73,654.0,658.04,703.73,706.91,671.1
MET,MetLife,Financials,Life & Health Insurance,81.05,85.61,63.78,81.32,81.84,79.69,78.4,78.83,78.39,77.69
MTD,Mettler Toledo,Health Care,Life Sciences Tools & Services,1417.16,1525.17,946.69,1407.22,1403.49,1417.23,1413.4,1346.65,1320.83,1250.55
MGM,MGM Resorts,Consumer Discretionary,Casinos & Gaming,37.09,41.32,25.3,37.14,37.09,36.36,33.86,34.72,35.25,33.9
MCHP,Microchip Technology,Information Technology,Semiconductors,65.36,75.98,33.33,65.18,65.93,63.59,60.48,62.49,64.15,60.02
MU,Micron Technology,Information Technology,Semiconductors,286.68,289.3,61.44,270.8,254.91,247.85,232.93,189.36,174.67,144.17
MSFT,Microsoft,Information Technology,Systems Software,488.02,553.5,342.95,485.94,481.9,483.83,498.2,504.93,505.15,474.2
MAA,Mid-America Apartment Communities,Real Estate,Multi-Family Residential REITs,137.44,168.08,125.75,136.18,134.89,134.17,132.3,135.56,137.85,143.8
MRNA,Moderna,Health Care,Biotechnology,32.75,48.92,22.28,32.94,31.41,28.85,26.84,26.39,27.44,27.48
MHK,Mohawk Industries,Consumer Discretionary,Home Furnishings,110.03,143.13,96.24,108.98,110.1,111.37,113.41,121.12,119.53,114.52
MOH,Molina Healthcare,Health Care,Managed Health Care,163.47,359.97,133.4,163.52,164.27,157.73,157.3,168.24,175.38,227.62
TAP,Molson Coors Beverage Company,Consumer Staples,Brewers,46.33,62.82,42.5,46.86,47.25,46.59,45.76,46.77,47.17,49.92
MDLZ,Mondelez International,Consumer Staples,Packaged Foods & Meats,54.62,70.58,52.78,54.47,54.22,54.95,56.94,59.4,61.03,62.67
MPWR,Monolithic Power Systems,Information Technology,Semiconductors,953.25,1123.38,437.16,941.71,944.95,949.14,967.79,920.13,883.33,787.29
MNST,Monster Beverage,Consumer Staples,Soft Drinks & Non-alcoholic Beverages,77.42,78.31,45.7,76.89,75.55,74.93,71.92,68.25,66.67,64.28
MCO,Moody's Corporation,Financials,Financial Exchanges & Data,517.28,527.9,376.55,508.62,499.47,493.96,485.87,492.23,494.34,481.3
MS,Morgan Stanley,Financials,Investment Banking & Brokerage,181.65,182.0,92.37,178.17,177.86,175.71,167.74,159.4,155.58,142.17
MOS,Mosaic Company (The),Materials,Fertilizers & Agricultural Chemicals,24.24,37.63,21.79,24.12,24.44,24.22,25.7,29.28,30.6,30.53
MSI,Motorola Solutions,Information Technology,Communications Equipment,376.48,489.48,359.36,374.25,370.47,370.88,391.55,426.97,425.92,422.28
MSCI,MSCI Inc.,Financials,Financial Exchanges & Data,581.75,627.03,482.15,574.07,563.68,555.36,558.97,560.09,560.75,556.84
NDAQ,"Nasdaq, Inc.",Financials,Financial Exchanges & Data,98.64,98.8,64.26,96.84,95.12,92.48,89.3,90.65,90.68,86.01
NTAP,NetApp,Information Technology,"Technology Hardware, Storage & Peripherals",110.06,126.11,71.18,110.64,112.61,113.86,113.64,114.74,112.82,105.45
NFLX,Netflix,Communication Services,Movies & Entertainment,93.64,134.12,82.11,93.75,94.12,98.35,106.59,113.89,115.75,113.36
NEM,Newmont,Materials,Gold,104.73,105.73,36.25,103.1,101.02,96.07,89.89,83.57,78.91,68.7
NWSA,News Corp (Class A),Communication Services,Publishing,26.44,31.61,23.3,26.28,26.17,25.95,26.01,27.6,27.96,27.71
NWS,News Corp (Class B),Communication Services,Publishing,30.01,35.47,26.17,29.89,29.7,29.49,29.61,31.32,31.83,31.66
NEE,NextEra Energy,Utilities,Multi-Utilities,80.45,86.94,60.35,80.13,80.68,82.04,82.84,78.44,77.19,73.87
NKE,"Nike, Inc.",Consumer Discretionary,"Apparel, Accessories & Luxury Goods",60.0,80.55,51.34,59.78,63.47,64.15,64.27,68.55,69.6,66.22
NI,NiSource,Utilities,Multi-Utilities,41.88,44.58,34.53,41.48,41.5,41.9,42.6,42.18,41.81,40.61
NDSN,Nordson Corporation,Industrials,Industrial Machinery & Supplies & Components,243.47,250.6,163.26,241.51,238.64,237.28,234.21,228.4,226.02,215.48
NSC,Norfolk Southern,Industrials,Rail Transportation,292.71,300.79,198.48,291.89,293.84,293.11,287.43,285.37,281.84,263.21
NTRS,Northern Trust,Financials,Asset Management & Custody Banks,140.7,141.25,80.06,139.79,139.32,135.78,130.36,129.32,128.71,117.77
NOC,Northrop Grumman,Industrials,Aerospace & Defense,582.35,638.31,418.96,575.01,571.35,562.78,571.34,579.86,570.32,538.96
NCLH,Norwegian Cruise Line Holdings,Consumer Discretionary,"Hotels, Resorts & Cruise Lines",23.17,29.29,14.21,23.04,22.14,20.44,20.48,22.6,22.69,21.01
NRG,NRG Energy,Utilities,Independent Power Producers & Energy Traders,160.56,180.08,78.84,157.29,158.82,162.7,165.79,161.43,160.27,146.69
NUE,Nucor,Materials,Steel,165.49,168.07,96.79,162.08,162.71,161.8,151.78,146.18,144.88,134.66
NVDA,Nvidia,Information Technology,Semiconductors,188.61,212.18,86.6,183.33,179.75,180.79,185.84,182.64,179.78,158.71
NVR,"NVR, Inc.",Consumer Discretionary,Homebuilding,7385.29,8618.28,6562.85,7416.35,7474.59,7496.81,7415.77,7743.85,7722.61,7519.47
NXPI,NXP Semiconductors,Information Technology,Semiconductors,225.26,250.74,146.07,225.71,227.33,221.89,211.74,217.25,218.28,209.12
ORLY,O’Reilly Automotive,Consumer Discretionary,Automotive Retail,92.4,108.72,78.3,91.8,92.8,95.76,97.14,100.53,99.28,96.2
OXY,Occidental Petroleum,Energy,Oil & Gas Exploration & Production,40.0,52.05,34.2,39.94,40.17,40.97,41.09,43.1,43.21,42.86
ODFL,Old Dominion,Industrials,Cargo Ground Transportation,159.36,208.11,125.76,158.64,158.18,152.47,142.67,144.09,147.65,152.18
OMC,Omnicom Group,Communication Services,Advertising,79.95,86.12,67.1,79.88,79.96,75.92,75.1,75.53,74.84,74.21
ON,ON Semiconductor,Information Technology,Semiconductors,55.08,67.95,31.04,55.34,55.06,54.29,51.49,50.5,51.89,48.68
OKE,Oneok,Energy,Oil & Gas Storage & Transportation,73.24,105.47,64.02,72.58,72.71,73.46,70.23,71.21,72.79,76.74
ORCL,Oracle Corporation,Information Technology,Application Software,197.49,345.12,117.98,192.64,190.41,200.89,230.55,249.65,247.47,213.81
OTIS,Otis Worldwide,Industrials,Industrial Machinery & Supplies & Components,87.9,105.37,83.46,87.48,87.88,87.65,89.15,88.68,89.82,92.24
PCAR,Paccar,Industrials,Construction Machinery & Heavy Transportation Equipment,111.51,113.11,82.75,111.54,111.18,108.9,101.74,99.35,98.64,96.0
PKG,Packaging Corporation of America,Materials,Paper & Plastic Packaging Products & Materials,207.33,236.7,169.57,205.51,204.59,201.15,200.26,203.87,202.89,197.02
PLTR,Palantir Technologies,Information Technology,Application Software,194.17,207.52,63.4,192.27,188.07,182.01,180.93,176.52,170.91,148.65
PANW,Palo Alto Networks,Information Technology,Systems Software,187.22,223.61,144.15,187.52,187.61,190.03,201.12,197.63,196.97,192.34
PSKY,Paramount Skydance Corporation,Communication Services,Movies & Entertainment,13.74,20.78,9.89,13.39,13.55,14.25,15.21,15.62,15.07,13.76
PH,Parker Hannifin,Industrials,Industrial Machinery & Supplies & Components,887.76,908.35,484.88,880.83,880.93,875.11,826.85,786.57,772.26,717.1
PAYX,Paychex,Industrials,Human Resource & Employment Services,114.58,158.49,108.0,114.02,114.75,113.36,115.21,123.62,127.42,134.71
PAYC,Paycom,Industrials,Human Resource & Employment Services,160.4,266.71,156.14,162.5,163.77,163.52,173.42,195.36,202.26,213.49
PYPL,PayPal,Financials,Transaction & Payment Processing Services,60.04,93.03,55.72,59.71,60.42,61.12,64.08,66.42,67.9,68.06
PNR,Pentair,Industrials,Industrial Machinery & Supplies & Components,105.38,113.69,73.68,104.68,104.84,104.85,106.11,107.22,106.61,101.02
PEP,PepsiCo,Consumer Staples,Soft Drinks & Non-alcoholic Beverages,143.74,155.29,123.93,146.4,148.34,147.48,146.69,144.72,143.03,139.44
PFE,Pfizer,Health Care,Pharmaceuticals,25.03,27.21,19.83,25.07,25.4,25.5,24.95,24.7,24.57,23.87
PCG,PG&E Corporation,Utilities,Multi-Utilities,15.82,20.33,12.95,15.84,15.55,15.48,15.95,15.61,15.23,15.66
PM,Philip Morris International,Consumer Staples,Tobacco,162.64,183.57,113.18,159.71,157.81,154.97,153.98,158.35,160.92,162.56
PSX,Phillips 66,Energy,Oil & Gas Refining & Marketing,128.41,144.96,88.51,128.91,133.47,136.27,135.11,131.69,130.14,123.26
PNW,Pinnacle West Capital,Utilities,Multi-Utilities,88.36,93.67,78.26,87.99,87.96,88.23,89.09,88.95,89.01,89.22
PNC,PNC Financial Services,Financials,Diversified Banks,213.48,214.59,141.09,211.61,211.13,203.96,191.64,194.04,193.63,183.38
POOL,Pool Corporation,Consumer Discretionary,Distributors,231.24,368.69,228.7,232.49,235.43,238.43,253.69,282.95,287.17,293.17
PPG,PPG Industries,Materials,Specialty Chemicals,103.55,121.53,88.43,103.04,103.26,101.8,99.66,103.28,105.15,105.77
PPL,PPL Corporation,Utilities,Electric Utilities,34.97,37.96,30.24,34.7,34.35,34.47,35.69,35.87,35.63,35.04
PFG,Principal Financial Group,Financials,Life & Health Insurance,89.59,92.1,66.44,89.33,89.77,87.87,83.92,81.65,80.99,79.12
PG,Procter & Gamble,Consumer Staples,Personal Care Products,144.49,176.43,138.14,144.07,144.21,144.26,146.89,150.42,151.3,155.12
PGR,Progressive Corporation,Financials,Property & Casualty Insurance,227.66,292.65,199.9,226.41,229.28,227.84,222.35,233.63,236.62,250.9
PLD,Prologis,Real Estate,Industrial REITs,129.15,130.68,83.15,127.88,128.35,127.86,125.38,117.95,115.57,111.02
PRU,Prudential Financial,Financials,Life & Health Insurance,114.55,118.31,86.97,114.82,115.85,113.0,107.02,105.2,104.59,103.39
PEG,Public Service Enterprise Group,Utilities,Electric Utilities,80.72,89.82,72.92,80.51,80.08,80.09,81.13,81.58,81.95,80.86
PTC,PTC Inc.,Information Technology,Application Software,176.47,219.69,133.38,177.12,176.43,175.86,183.38,195.28,195.3,182.27
PSA,Public Storage,Real Estate,Self-Storage REITs,262.08,309.54,248.69,260.69,265.32,267.27,275.94,279.63,280.08,282.76
PHM,PulteGroup,Consumer Discretionary,Homebuilding,119.35,141.59,87.56,119.45,122.42,124.55,121.58,125.78,123.12,114.71
PWR,Quanta Services,Industrials,Construction & Engineering,433.58,473.99,226.97,429.96,434.34,447.02,442.81,418.17,413.23,374.22
QCOM,Qualcomm,Information Technology,Semiconductors,174.77,204.9,118.79,174.64,176.05,174.29,171.94,165.73,163.65,157.23
DGX,Quest Diagnostics,Health Care,Health Care Services,175.92,197.55,146.66,175.91,178.56,181.05,182.73,181.77,179.48,176.25
RL,Ralph Lauren Corporation,Consumer Discretionary,"Apparel, Accessories & Luxury Goods",361.52,380.0,175.49,364.83,366.87,364.11,343.62,324.49,317.35,288.75
RJF,Raymond James Financial,Financials,Investment Banking & Brokerage,165.8,177.15,116.85,164.16,163.44,161.94,160.75,163.93,163.27,155.28
RTX,RTX Corporation,Industrials,Aerospace & Defense,186.38,188.0,110.77,183.62,181.34,176.37,174.34,166.31,163.0,151.15
O,Realty Income,Real Estate,Retail REITs,56.67,60.33,48.85,56.47,57.06,57.29,57.45,57.79,57.42,56.36
REG,Regency Centers,Real Estate,Retail REITs,69.55,75.09,61.52,68.81,68.15,68.38,69.24,69.92,69.74,69.66
REGN,Regeneron Pharmaceuticals,Health Care,Biotechnology,783.71,792.77,475.17,772.98,760.18,747.28,690.68,631.66,615.69,600.47
RF,Regions Financial Corporation,Financials,Regional Banks,27.73,27.98,17.18,27.65,27.62,26.82,25.24,25.55,25.37,23.59
RSG,Republic Services,Industrials,Environmental & Facilities Services,213.2,257.43,197.66,213.16,213.47,213.56,213.61,221.47,225.12,232.04
RMD,ResMed,Health Care,Health Care Equipment,244.44,293.11,198.6,244.64,247.42,249.59,252.34,264.8,264.45,252.97
RVTY,Revvity,Health Care,Health Care Equipment,96.78,128.0,81.3,96.93,98.12,100.2,96.81,92.44,93.26,94.58
ROK,Rockwell Automation,Industrials,Electrical Components & Equipment,398.22,415.89,212.49,396.63,399.36,399.31,379.98,361.04,357.95,327.68
ROL,"Rollins, Inc.",Industrials,Environmental & Facilities Services,60.66,61.84,44.8,60.56,60.21,60.34,58.77,57.91,57.53,56.56
ROP,Roper Technologies,Information Technology,Electronic Equipment & Instruments,451.18,592.47,435.42,449.05,447.66,446.22,455.14,486.07,499.87,524.43
ROST,Ross Stores,Consumer Discretionary,Apparel Retail,181.68,185.85,121.41,181.59,182.26,179.92,168.36,158.41,153.32,146.65
RCL,Royal Caribbean Group,Consumer Discretionary,"Hotels, Resorts & Cruise Lines",294.12,365.38,163.05,293.49,287.96,274.35,276.55,302.11,308.67,279.7
SPGI,S&P Global,Financials,Financial Exchanges & Data,525.74,576.91,424.77,518.42,510.08,502.56,494.18,509.97,513.68,507.01
CRM,Salesforce,Information Technology,Application Software,265.26,364.71,221.6,262.22,260.12,252.75,248.14,245.91,249.46,256.43
SBAC,SBA Communications,Real Estate,Telecom Tower REITs,192.6,241.44,184.43,191.1,191.41,190.75,193.42,197.72,204.23,211.56
SLB,Schlumberger,Energy,Oil & Gas Equipment & Services,37.97,43.29,30.37,38.14,38.55,37.99,36.44,35.24,35.09,35.11
STX,Seagate Technology,Information Technology,"Technology Hardware, Storage & Peripherals",285.27,308.93,62.66,287.86,288.61,282.12,263.28,228.05,212.17,169.79
SRE,Sempra,Utilities,Multi-Utilities,88.84,95.03,60.49,87.96,88.05,89.1,90.64,87.1,84.98,80.01
NOW,ServiceNow,Information Technology,Systems Software,152.59,239.62,135.73,154.46,158.46,162.73,170.82,176.3,180.18,181.71
SHW,Sherwin-Williams,Materials,Specialty Chemicals,325.35,378.76,306.78,323.89,326.17,330.5,334.27,343.7,343.31,343.39
SPG,Simon Property Group,Real Estate,Retail REITs,188.29,189.05,131.37,186.51,184.73,182.87,179.91,177.48,173.99,166.42
SWKS,Skyworks Solutions,Information Technology,Semiconductors,64.51,91.61,46.48,64.68,65.6,66.78,69.0,71.45,71.59,69.14
SJM,J.M. Smucker Company (The),Consumer Staples,Packaged Foods & Meats,99.22,117.94,91.46,99.08,99.96,100.55,102.77,105.25,105.05,106.06
SW,Smurfit Westrock,Materials,Paper & Plastic Packaging Products & Materials,38.13,54.55,32.73,38.24,37.96,36.92,37.34,40.59,41.68,41.99
SNA,Snap-on,Industrials,Industrial Machinery & Supplies & Components,353.11,356.07,283.93,349.48,349.61,346.61,340.59,334.7,331.38,325.22
SOLV,Solventum,Health Care,Health Care Technology,80.18,88.2,60.7,80.76,81.2,82.71,77.14,74.91,74.79,73.55
SO,Southern Company,Utilities,Electric Utilities,87.17,100.02,77.85,86.36,85.97,86.79,90.24,91.58,91.68,90.26
LUV,Southwest Airlines,Industrials,Passenger Airlines,41.48,43.54,23.55,41.45,41.4,38.97,34.95,33.34,33.5,32.32
SWK,Stanley Black & Decker,Industrials,Industrial Machinery & Supplies & Components,74.87,87.08,52.01,74.09,74.15,73.12,69.45,71.14,70.75,68.67
SBUX,Starbucks,Consumer Discretionary,Restaurants,84.57,115.04,73.95,86.47,85.81,85.44,84.5,84.97,86.39,86.65
STT,State Street Corporation,Financials,Asset Management & Custody Banks,132.22,133.0,71.77,129.93,129.04,125.49,119.75,116.21,114.69,105.54
STLD,Steel Dynamics,Materials,Steel,175.38,178.36,102.41,175.44,173.3,170.52,160.65,147.17,143.78,137.23
STE,Steris,Health Care,Health Care Equipment,255.68,268.6,199.47,254.42,253.51,257.58,253.05,248.55,244.66,239.21
SYK,Stryker Corporation,Health Care,Health Care Equipment,354.74,403.95,327.71,354.88,354.1,358.72,364.49,371.68,375.77,374.12
SMCI,Supermicro,Information Technology,"Technology Hardware, Storage & Peripherals",30.55,66.44,25.71,30.57,31.21,32.65,39.43,43.07,44.96,42.54
SYF,Synchrony Financial,Financials,Consumer Finance,86.06,86.48,39.98,85.17,84.56,82.1,76.84,74.85,73.78,66.65
SNPS,Synopsys,Information Technology,Application Software,475.75,651.73,365.74,470.86,465.56,458.77,436.81,486.93,505.77,489.15
SYY,Sysco,Consumer Staples,Food Distributors,74.25,83.13,66.22,74.48,74.72,74.42,75.39,77.87,77.84,75.48
TMUS,T-Mobile US,Communication Services,Wireless Telecommunication Services,199.02,273.15,194.01,197.89,197.35,201.66,208.85,224.96,226.64,233.33
TROW,T. Rowe Price,Financials,Asset Management & Custody Banks,104.68,115.38,74.96,104.02,103.89,103.28,101.9,102.84,102.39,97.3
TTWO,Take-Two Interactive,Communication Services,Interactive Home Entertainment,251.6,264.79,177.35,248.69,245.7,246.26,247.23,245.0,242.57,234.92
TPR,"Tapestry, Inc.",Consumer Discretionary,"Apparel, Accessories & Luxury Goods",130.2,130.93,57.71,127.89,125.5,119.52,112.78,110.13,108.18,95.4
TRGP,Targa Resources,Energy,Oil & Gas Storage & Transportation,183.73,213.78,143.19,181.74,181.87,179.92,168.49,165.92,166.09,167.81
TGT,Target Corporation,Consumer Staples,Consumer Staples Merchandise Retail,96.53,138.95,83.44,96.62,97.1,94.46,91.9,92.34,94.06,94.35
TEL,TE Connectivity,Information Technology,Electronic Manufacturing Services,231.9,250.67,115.38,230.81,230.88,231.39,233.38,222.12,214.78,190.33
TDY,Teledyne Technologies,Information Technology,Electronic Equipment & Instruments,520.4,595.99,419.0,514.38,513.69,510.47,517.21,537.39,537.68,517.98
TER,Teradyne,Information Technology,Semiconductor Materials & Equipment,198.53,205.0,65.55,195.98,194.94,194.09,175.47,148.89,138.09,116.65
TSLA,"Tesla, Inc.",Consumer Discretionary,Automobile Manufacturers,485.4,498.83,214.25,484.85,476.26,458.56,443.34,411.87,392.37,354.83
TXN,Texas Instruments,Information Technology,Semiconductors,177.13,218.15,136.55,177.1,177.66,177.05,169.15,177.52,182.4,179.28
TPL,Texas Pacific Land Corporation,Energy,Oil & Gas Exploration & Production,296.0,485.16,269.23,298.84,291.83,293.91,304.92,304.67,310.42,349.38
TXT,Textron,Industrials,Aerospace & Defense,90.87,91.22,57.66,89.93,88.54,85.98,83.03,82.38,82.31,78.62
TMO,Thermo Fisher Scientific,Health Care,Life Sciences Tools & Services,579.12,608.82,384.82,573.0,572.39,575.14,570.34,530.02,511.93,483.11
TJX,TJX Companies,Consumer Discretionary,Apparel Retail,157.29,157.83,111.06,155.85,155.85,154.07,148.3,143.16,139.35,133.63
TKO,TKO Group Holdings,Communication Services,Movies & Entertainment,217.98,218.11,131.77,214.84,211.51,203.97,192.3,190.97,186.74,175.46
TTD,Trade Desk (The),Communication Services,Advertising,38.12,127.59,35.65,37.48,37.11,38.26,43.26,48.1,54.54,57.49
TSCO,Tractor Supply,Consumer Discretionary,Other Specialty Retail,51.65,63.47,46.26,51.64,52.1,52.92,53.77,56.15,56.26,54.24
TT,Trane Technologies,Industrials,Building Products,393.18,475.11,296.82,390.37,391.95,399.66,413.59,415.78,421.13,407.03
TDG,TransDigm Group,Industrials,Aerospace & Defense,1313.57,1519.36,1107.45,1293.9,1290.59,1316.6,1314.44,1306.67,1339.09,1326.54
TRV,Travelers Companies (The),Financials,Property & Casualty Insurance,293.84,295.68,226.54,292.9,290.42,287.29,280.41,276.32,272.61,267.86
TRMB,Trimble Inc.,Information Technology,Electronic Equipment & Instruments,80.01,87.5,52.91,80.65,80.64,81.34,79.82,80.44,80.63,75.67
TFC,Truist Financial,Financials,Diversified Banks,50.74,50.86,32.34,50.36,50.1,48.72,45.85,45.19,44.89,42.4
TYL,Tyler Technologies,Information Technology,Application Software,461.32,661.31,445.64,460.37,455.96,459.47,472.62,509.17,521.39,538.57
TSN,Tyson Foods,Consumer Staples,Packaged Foods & Meats,58.26,62.66,50.12,58.28,58.71,57.87,54.64,54.61,54.38,55.27
USB,U.S. Bancorp,Financials,Diversified Banks,54.94,55.15,34.43,54.47,54.02,52.37,49.18,48.27,47.77,45.27
UBER,Uber,Industrials,Passenger Ground Transportation,81.15,101.99,60.02,80.48,81.49,85.05,89.43,92.2,92.12,87.76
UDR,"UDR, Inc.",Real Estate,Multi-Family Residential REITs,36.43,44.96,32.94,36.07,35.92,35.76,35.34,36.37,37.05,38.46
ULTA,Ulta Beauty,Consumer Discretionary,Other Specialty Retail,608.52,616.34,309.01,603.49,597.89,581.07,544.05,536.9,528.15,480.65
UNP,Union Pacific Corporation,Industrials,Rail Transportation,235.05,250.85,200.99,234.49,236.16,234.49,226.23,224.53,225.0,223.43
UAL,United Airlines Holdings,Industrials,Passenger Airlines,114.81,116.32,52.0,114.24,111.69,108.1,100.86,100.74,98.03,88.88
UPS,United Parcel Service,Industrials,Air Freight & Logistics,100.66,128.18,80.6,101.12,100.81,98.52,94.01,88.94,90.19,92.65
URI,United Rentals,Industrials,Trading Companies & Distributors,824.77,1019.33,522.49,814.46,814.61,809.46,848.83,893.53,878.66,795.3
UNH,UnitedHealth Group,Health Care,Managed Health Care,327.58,594.32,231.57,326.62,331.86,329.5,333.74,326.06,317.59,347.93
UHS,Universal Health Services,Health Care,Health Care Facilities,227.08,246.13,152.04,226.64,225.18,229.17,224.15,206.23,199.37,191.92
VLO,Valero Energy,Energy,Oil & Gas Refining & Marketing,164.47,184.46,96.76,163.49,165.13,170.63,170.64,161.93,157.92,144.94
VTR,Ventas,Real Estate,Health Care REITs,79.62,81.89,55.47,79.38,78.79,79.44,76.51,72.25,70.77,68.51
VLTO,Veralto,Industrials,Environmental & Facilities Services,102.29,109.99,83.69,101.66,100.54,100.68,100.52,103.41,103.32,100.72
VRSN,Verisign,Information Technology,Internet Services & Infrastructure,245.75,308.75,196.0,245.08,243.87,246.6,247.9,261.05,265.27,264.65
VRSK,Verisk Analytics,Industrials,Research & Consulting Services,218.85,321.24,196.59,218.87,218.19,219.62,221.6,239.38,250.73,268.88
VZ,Verizon,Communication Services,Integrated Telecommunication Services,40.32,45.09,35.79,40.09,40.4,40.62,40.35,41.5,41.52,41.64
VRTX,Vertex Pharmaceuticals,Health Care,Biotechnology,462.99,519.68,362.5,457.22,454.42,448.42,433.26,413.15,423.58,440.65
VTRS,Viatris,Health Care,Pharmaceuticals,12.24,12.49,6.6,12.03,11.82,11.37,10.75,10.34,10.06,9.4
VICI,Vici Properties,Real Estate,Hotel & Resort REITs,27.96,33.01,26.43,27.88,27.97,27.87,28.99,30.43,30.77,30.67
V,Visa Inc.,Financials,Transaction & Payment Processing Services,355.14,374.11,297.39,351.17,348.57,339.05,337.96,340.49,342.5,343.5
VST,Vistra Corp.,Utilities,Electric Utilities,161.96,219.51,90.17,162.79,165.91,168.48,179.28,189.78,190.72,172.68
VMC,Vulcan Materials Company,Materials,Construction Materials,293.64,311.21,213.97,291.71,292.79,293.33,291.4,292.93,287.91,274.38
WRB,W. R. Berkley Corporation,Financials,Property & Casualty Insurance,70.64,77.72,54.51,70.0,69.33,69.68,72.26,72.19,71.4,70.37
GWW,W. W. Grainger,Industrials,Industrial Machinery & Supplies & Components,1030.73,1129.04,887.81,1026.81,1026.07,994.47,968.04,972.83,984.11,998.16
WAB,Wabtec,Industrials,Construction Machinery & Heavy Transportation Equipment,219.76,222.47,151.24,218.15,216.41,213.87,206.12,199.52,200.73,196.62
WMT,Walmart,Consumer Staples,Consumer Staples Merchandise Retail,111.61,117.45,79.27,112.86,114.42,113.58,107.76,104.5,102.89,99.16
DIS,Walt Disney Company (The),Communication Services,Movies & Entertainment,114.48,123.85,79.22,112.64,111.75,108.49,108.9,111.57,113.31,108.95
WBD,Warner Bros. Discovery,Communication Services,Broadcasting,29.23,30.0,7.52,28.5,28.88,27.26,23.94,19.55,18.11,14.9
WM,Waste Management,Industrials,Environmental & Facilities Services,221.36,239.91,193.36,219.2,218.07,215.7,210.86,216.08,218.09,222.05
WAT,Waters Corporation,Health Care,Life Sciences Tools & Services,384.83,423.56,275.05,381.3,382.51,389.78,374.79,338.14,333.4,339.15
WEC,WEC Energy Group,Utilities,Electric Utilities,105.55,117.25,88.91,104.93,104.65,106.03,110.0,109.62,108.73,107.04
WFC,Wells Fargo,Financials,Diversified Banks,95.3,95.85,57.46,93.71,93.16,90.69,87.33,83.8,83.17,78.58
WELL,Welltower,Real Estate,Health Care REITs,187.7,209.05,120.99,186.9,187.62,194.78,189.49,178.66,174.35,164.37
WST,West Pharmaceutical Services,Health Care,Health Care Supplies,276.66,347.77,186.94,274.05,271.78,273.39,274.63,263.76,257.24,241.71
WDC,Western Digital,Information Technology,"Technology Hardware, Storage & Peripherals",179.56,188.77,28.72,178.13,176.71,170.89,155.28,125.72,114.21,88.78
WY,Weyerhaeuser,Real Estate,Timber REITs,23.76,30.64,20.96,23.62,23.5,22.79,22.66,23.79,24.11,24.88
WSM,"Williams-Sonoma, Inc.",Consumer Discretionary,Homefurnishing Retail,189.47,217.31,128.49,189.78,188.24,184.27,186.7,191.95,188.73,176.95
WMB,Williams Companies,Energy,Oil & Gas Storage & Transportation,59.46,65.01,50.3,59.01,59.19,60.09,59.51,59.23,58.93,58.42
WTW,Willis Towers Watson,Financials,Insurance Brokers,334.52,352.79,291.3,332.29,330.43,324.89,323.72,329.13,324.79,320.16
WDAY,"Workday, Inc.",Information Technology,Application Software,216.85,283.68,205.33,217.4,218.25,217.87,226.29,228.5,229.67,235.09
WYNN,Wynn Resorts,Consumer Discretionary,Casinos & Gaming,125.02,134.72,64.8,126.08,125.67,126.92,123.85,121.89,119.02,105.97
XEL,Xcel Energy,Utilities,Multi-Utilities,74.09,83.01,61.07,73.65,74.07,76.11,78.86,76.74,75.36,72.72
XYL,Xylem Inc.,Industrials,Industrial Machinery & Supplies & Components,138.73,153.83,99.59,138.24,138.11,138.81,143.31,143.0,140.82,133.04
YUM,Yum! Brands,Consumer Discretionary,Restaurants,154.32,160.96,119.81,154.51,152.97,150.08,147.66,146.77,146.69,146.44
ZBRA,Zebra Technologies,Information Technology,Electronic Equipment & Instruments,245.9,427.76,205.73,249.28,256.91,258.26,263.78,286.99,295.09,286.97
ZBH,Zimmer Biomet,Health Care,Health Care Equipment,90.23,113.87,85.33,89.8,90.79,92.53,94.52,97.77,96.99,97.7
ZTS,Zoetis,Health Care,Pharmaceuticals,125.49,175.6,115.25,123.56,122.06,122.09,127.92,138.1,140.97,147.42
