Symbol,Company,GICS_Sector,GICS_Sub_Industry,Current_Price,High_52_Week,Low_52_Week,SMA5,SMA10,SMA20,SMA50,SMA200,Score,Target_Pcnt,Target_Price,Stop_Loss
MMM,3M,Industrials,Industrial Conglomerates,160.34,173.09,124.36,160.84,163.28,166.11,165.18,152.15,0.0,8.84,174.51,157.71
AOS,A. O. Smith,Industrials,Building Products,67.96,73.9,58.72,68.0,68.22,67.52,66.82,67.54,0.3,2.02,69.33,65.71
ABT,Abbott Laboratories,Health Care,Health Care Equipment,124.81,138.33,109.61,125.02,125.59,125.47,126.4,129.37,0.2,3.83,129.59,121.34
ABBV,AbbVie,Health Care,Biotechnology,229.89,242.63,165.03,227.25,225.9,226.01,226.61,203.74,-0.2,0.37,230.74,221.28
ACN,Accenture,Information Technology,IT Consulting & Other Services,269.98,394.31,232.56,270.73,271.6,267.47,254.25,274.93,0.1,4.53,282.21,252.72
ADBE,Adobe Inc.,Information Technology,Application Software,352.98,464.11,312.4,354.92,353.52,342.34,338.13,363.67,0.1,4.65,369.39,315.28
AMD,Advanced Micro Devices,Information Technology,Semiconductors,215.04,264.33,78.21,211.88,210.64,214.45,229.65,160.36,0.0,5.58,227.04,201.85
AES,AES Corporation,Utilities,Independent Power Producers & Energy Traders,13.96,15.18,9.38,13.79,13.77,13.84,13.96,12.35,-0.2,1.36,14.15,13.53
AFL,Aflac,Financials,Life & Health Insurance,110.62,114.41,97.05,110.44,110.26,109.63,109.59,105.89,0.0,1.01,111.74,107.53
A,Agilent Technologies,Health Care,Life Sciences Tools & Services,138.32,157.2,98.88,137.87,138.83,143.24,145.11,124.39,-0.2,11.52,154.25,132.21
APD,Air Products,Materials,Industrial Gases,245.84,331.69,230.76,243.82,243.95,248.16,251.36,272.08,-0.2,8.65,267.11,229.22
ABNB,Airbnb,Consumer Discretionary,"Hotels, Resorts & Cruise Lines",136.78,161.42,105.69,135.9,133.35,127.24,124.4,126.56,-0.1,3.17,141.12,113.36
AKAM,Akamai Technologies,Information Technology,Internet Services & Infrastructure,88.82,102.1,68.21,89.17,87.9,87.4,83.05,79.0,0.0,2.23,90.8,84.0
ALB,Albemarle Corporation,Materials,Specialty Chemicals,148.51,148.51,50.01,145.39,139.19,133.1,115.19,81.16,0.0,0.44,149.16,117.03
ARE,Alexandria Real Estate Equities,Real Estate,Office REITs,48.76,98.01,44.97,48.47,47.65,48.39,55.78,71.84,-0.2,10.81,54.03,42.76
ALGN,Align Technology,Health Care,Health Care Supplies,157.84,234.89,124.88,158.6,160.85,157.54,144.81,159.18,0.1,6.86,168.67,146.42
ALLE,Allegion,Industrials,Building Products,160.85,179.47,118.08,160.43,161.11,161.64,165.25,154.15,0.0,3.52,166.51,156.76
LNT,Alliant Energy,Utilities,Electric Utilities,65.45,69.47,54.87,65.21,65.27,65.88,66.92,63.47,-0.2,4.74,68.55,63.21
ALL,Allstate,Financials,Property & Casualty Insurance,209.05,213.64,177.51,207.36,208.13,207.27,202.87,200.49,0.0,2.59,214.46,200.09
GOOGL,Alphabet Inc. (Class A),Communication Services,Interactive Media & Services,314.09,323.23,144.3,309.57,308.11,313.0,291.63,214.08,0.0,3.68,325.65,300.35
GOOG,Alphabet Inc. (Class C),Communication Services,Interactive Media & Services,315.67,323.43,146.18,311.01,309.44,313.94,292.32,215.16,0.0,3.29,326.06,301.82
MO,Altria,Consumer Staples,Tobacco,58.98,66.65,48.28,58.56,58.79,58.66,59.52,59.74,0.0,0.76,59.43,57.89
AMZN,Amazon,Consumer Discretionary,Broadline Retail,232.38,254.0,167.32,229.41,226.99,228.91,230.07,216.15,0.0,1.71,236.35,221.46
AMCR,Amcor,Materials,Paper & Plastic Packaging Products & Materials,8.26,10.15,7.82,8.3,8.3,8.33,8.28,8.85,0.1,3.75,8.57,8.1
AEE,Ameren,Utilities,Multi-Utilities,99.84,105.59,84.39,99.27,98.62,99.74,101.92,98.46,-0.2,4.4,104.23,95.26
AEP,American Electric Power,Utilities,Electric Utilities,115.31,123.77,87.28,115.03,114.86,116.72,118.35,108.77,-0.4,6.07,122.31,111.14
AXP,American Express,Financials,Consumer Finance,383.11,384.89,230.22,379.64,380.46,373.31,362.66,313.95,0.0,1.73,389.74,356.89
AIG,American International Group,Financials,Multi-line Insurance,86.52,86.59,69.02,86.35,85.52,81.1,78.77,80.26,-0.1,4.39,90.32,71.89
AMT,American Tower,Real Estate,Telecom Tower REITs,174.8,230.32,169.21,173.71,176.88,178.02,181.34,201.17,-0.2,5.39,184.22,171.8
AWK,American Water Works,Utilities,Water Utilities,131.28,149.23,118.11,131.39,131.95,130.79,132.25,138.39,-0.2,2.18,134.14,127.45
AMP,Ameriprise Financial,Financials,Asset Management & Custody Banks,500.97,567.86,418.0,494.43,493.0,481.22,469.34,491.05,0.1,2.26,512.29,450.16
AME,Ametek,Industrials,Electrical Components & Equipment,208.28,208.56,150.67,205.66,203.88,200.91,195.54,182.09,0.2,0.07,208.43,193.39
AMGN,Amgen,Health Care,Biotechnology,333.96,345.46,250.44,329.73,326.18,329.68,319.47,293.67,0.0,4.53,349.09,310.27
APH,Amphenol,Information Technology,Electronic Components,137.94,143.57,58.79,135.02,132.82,136.03,135.29,104.83,0.2,5.07,144.93,127.13
ADI,Analog Devices,Information Technology,Semiconductors,277.56,283.39,162.63,275.89,277.21,275.09,251.58,229.41,0.2,3.63,287.64,262.55
AON,Aon plc,Financials,Insurance Brokers,356.65,407.61,326.07,354.21,353.02,350.03,346.13,359.81,-0.1,0.72,359.22,340.85
APA,APA Corporation,Energy,Oil & Gas Exploration & Production,24.36,27.1,13.47,24.21,24.68,25.34,24.19,20.5,0.0,12.36,27.37,23.31
APO,Apollo Global Management,Financials,Asset Management & Custody Banks,148.85,172.42,107.48,147.75,147.75,142.14,133.0,134.96,0.1,4.86,156.08,128.19
AAPL,Apple Inc.,Information Technology,"Technology Hardware, Storage & Peripherals",273.81,286.19,171.83,272.6,273.99,277.15,270.95,230.2,-0.2,4.24,285.42,268.87
AMAT,Applied Materials,Information Technology,Semiconductor Materials & Equipment,260.78,275.15,125.98,257.99,258.76,261.32,242.2,188.62,0.0,5.78,275.85,246.79
APP,AppLovin,Information Technology,Application Software,727.5,733.6,219.37,721.06,700.25,681.03,625.53,456.57,0.2,4.89,763.07,599.0
APTV,Aptiv,Consumer Discretionary,Automotive Parts & Equipment,76.77,87.98,47.92,77.24,77.64,77.4,79.68,71.88,0.2,3.19,79.22,75.59
ACGL,Arch Capital Group,Financials,Property & Casualty Insurance,96.4,97.12,84.72,96.63,95.79,94.18,91.06,91.21,0.1,1.69,98.03,90.32
ADM,Archer Daniels Midland,Consumer Staples,Agricultural Products & Services,57.78,63.67,40.67,57.93,58.63,59.04,59.35,54.32,0.0,5.94,61.21,56.87
ARES,Ares Management,Financials,Asset Management & Custody Banks,169.06,192.89,115.76,168.09,170.14,166.55,155.53,161.57,0.1,6.32,179.74,153.35
ANET,Arista Networks,Information Technology,Communications Equipment,130.77,162.03,64.37,129.71,128.21,128.61,135.82,115.2,0.0,2.73,134.34,122.88
AJG,Arthur J. Gallagher & Co.,Financials,Insurance Brokers,260.77,346.41,237.85,256.75,254.58,248.85,256.33,300.09,0.0,0.59,262.31,235.38
AIZ,Assurant,Financials,Multi-line Insurance,241.89,241.89,177.67,240.34,236.26,230.05,222.31,205.79,0.0,1.09,244.53,215.57
T,AT&T,Communication Services,Integrated Telecommunication Services,24.66,29.3,20.9,24.37,24.34,24.82,25.15,26.77,-0.2,5.6,26.04,23.59
ATO,Atmos Energy,Utilities,Gas Utilities,168.4,178.17,133.5,167.97,168.32,169.53,172.55,160.8,0.0,3.93,175.02,164.06
ADSK,Autodesk,Information Technology,Application Software,298.21,326.79,238.84,299.12,297.54,300.88,300.66,294.71,0.4,3.89,309.81,291.96
ADP,Automatic Data Processing,Industrials,Human Resource & Employment Services,258.1,321.43,247.46,258.75,261.54,258.95,260.88,289.1,-0.2,3.24,266.46,251.45
AZO,AutoZone,Consumer Discretionary,Automotive Retail,3456.02,4354.54,3185.71,3430.48,3436.67,3611.68,3738.53,3822.43,-0.2,17.01,4043.89,3179.43
AVB,AvalonBay Communities,Real Estate,Multi-Family Residential REITs,183.07,222.25,173.92,181.52,179.66,179.47,180.12,192.9,-0.2,0.62,184.21,174.74
AVY,Avery Dennison,Materials,Paper & Plastic Packaging Products & Materials,181.71,191.81,156.63,181.67,182.33,178.2,173.89,171.87,0.2,3.13,187.4,169.01
AXON,Axon Enterprise,Industrials,Aerospace & Defense,591.15,870.97,496.65,587.97,574.2,559.98,604.92,679.55,0.2,1.68,601.08,518.88
BKR,Baker Hughes,Energy,Oil & Gas Equipment & Services,45.3,50.61,34.43,45.05,45.68,47.48,47.51,42.83,-0.2,14.02,51.65,43.31
BALL,Ball Corporation,Materials,"Metal, Glass & Plastic Containers",52.27,59.23,44.42,52.26,51.68,50.1,48.88,51.42,0.1,2.74,53.7,46.5
BAC,Bank of America,Financials,Diversified Banks,56.25,56.25,33.82,55.53,55.2,54.36,53.03,46.94,0.2,0.23,56.38,52.33
BAX,Baxter International,Health Care,Health Care Equipment,19.11,36.1,17.41,19.01,19.1,18.85,19.49,25.73,0.0,2.35,19.56,18.14
BDX,Becton Dickinson,Health Care,Health Care Equipment,196.12,243.81,162.39,195.76,197.2,194.64,189.1,187.31,0.0,2.84,201.69,187.6
BRK-B,Berkshire Hathaway,Financials,Multi-Sector Holdings,501.34,539.8,442.66,499.94,500.56,501.8,497.35,498.21,-0.3,2.46,513.67,489.94
BBY,Best Buy,Consumer Discretionary,Computer & Electronics Retail,69.74,86.45,53.98,70.84,71.67,73.09,76.16,70.36,0.0,11.89,78.03,68.14
TECH,Bio-Techne,Health Care,Life Sciences Tools & Services,59.19,78.3,46.53,58.55,58.47,60.47,60.93,55.09,-0.2,10.64,65.49,55.46
BIIB,Biogen,Health Care,Biotechnology,176.33,182.09,113.38,174.11,173.65,176.82,164.74,140.47,0.0,4.53,184.32,169.32
BLK,BlackRock,Financials,Asset Management & Custody Banks,1088.96,1196.76,803.7,1077.78,1079.51,1068.74,1076.53,1036.47,-0.2,1.68,1107.25,1030.18
BX,Blackstone Inc.,Financials,Asset Management & Custody Banks,155.57,187.02,117.47,154.38,153.28,151.81,149.09,151.42,0.1,1.93,158.57,145.06
XYZ,"Block, Inc.",Financials,Transaction & Payment Processing Services,66.05,92.95,46.53,65.17,64.66,63.66,67.6,66.84,0.0,1.89,67.3,60.01
BK,BNY Mellon,Financials,Asset Management & Custody Banks,118.22,118.68,72.12,116.6,116.36,115.04,110.91,97.21,0.2,1.17,119.6,110.48
BA,Boeing,Industrials,Aerospace & Defense,218.16,237.38,136.59,214.84,209.78,203.86,202.41,204.13,0.1,1.54,221.52,186.2
BKNG,Booking Holdings,Consumer Discretionary,"Hotels, Resorts & Cruise Lines",5446.51,5794.84,4141.9,5406.4,5384.89,5228.35,5087.63,5214.93,0.1,2.92,5605.55,4851.38
BSX,Boston Scientific,Health Care,Health Care Equipment,96.13,108.14,89.32,96.07,94.43,95.99,98.57,100.96,-0.2,6.19,102.08,89.89
BMY,Bristol Myers Squibb,Health Care,Pharmaceuticals,54.71,60.79,42.6,54.23,53.68,52.07,48.26,47.89,0.2,2.5,56.08,48.05
AVGO,Broadcom,Information Technology,Semiconductors,350.22,412.18,145.42,341.99,348.0,370.64,361.18,284.98,0.2,22.01,427.3,314.0
BR,Broadridge Financial Solutions,Industrials,Data Processing & Outsourced Services,228.38,264.73,214.68,227.31,228.26,227.8,226.14,236.37,-0.3,1.3,231.35,224.23
BRO,Brown & Brown,Financials,Insurance Brokers,80.82,123.81,76.42,80.48,80.75,80.03,81.36,99.24,0.0,2.08,82.5,77.56
BF-B,Brown–Forman,Consumer Staples,Distillers & Vintners,26.89,38.97,25.25,27.8,29.02,29.32,28.27,29.68,-0.3,17.7,31.65,26.99
BLDR,Builders FirstSource,Industrials,Building Products,104.03,173.51,94.85,103.96,104.95,107.81,110.26,121.05,0.0,10.9,115.37,100.25
BG,Bunge Global,Consumer Staples,Agricultural Products & Services,88.69,97.09,66.74,90.04,91.41,92.86,94.04,81.94,-0.2,9.97,97.53,88.19
BXP,"BXP, Inc.",Real Estate,Office REITs,69.22,78.2,55.53,69.07,70.03,70.39,70.88,68.49,0.0,5.5,73.03,67.76
CHRW,C.H. Robinson,Industrials,Air Freight & Logistics,164.95,166.46,85.64,165.2,161.97,159.66,149.42,116.69,0.2,1.28,167.06,152.27
CDNS,Cadence Design Systems,Information Technology,Application Software,317.76,373.37,231.64,316.45,319.19,322.95,323.8,316.27,0.0,8.35,344.29,301.6
CPT,Camden Property Trust,Real Estate,Multi-Family Residential REITs,108.57,120.87,96.61,108.06,106.24,104.89,102.79,108.14,0.1,0.93,109.58,100.2
CPB,Campbell's Company (The),Consumer Staples,Packaged Foods & Meats,28.02,40.61,27.68,28.3,28.44,29.05,30.07,32.53,0.0,9.78,30.76,27.35
COF,Capital One,Financials,Consumer Finance,248.27,248.27,149.12,245.83,242.72,234.75,222.62,205.33,0.0,2.13,253.56,215.93
CAH,Cardinal Health,Health Care,Health Care Distributors,207.54,213.73,116.25,204.43,201.49,202.32,193.06,160.23,0.0,2.19,212.09,192.54
CCL,Carnival,Consumer Discretionary,"Hotels, Resorts & Cruise Lines",31.25,32.49,16.43,30.91,29.49,27.67,27.52,26.04,0.2,2.59,32.06,23.27
CARR,Carrier Global,Industrials,Building Products,53.5,80.42,50.36,53.4,53.25,53.63,55.13,63.8,-0.2,2.82,55.01,52.24
CAT,Caterpillar Inc.,Industrials,Construction Machinery & Heavy Transportation Equipment,583.76,625.61,270.85,578.13,585.47,587.74,565.54,428.25,0.0,6.05,619.08,556.38
CBOE,Cboe Global Markets,Financials,Financial Exchanges & Data,255.96,260.88,189.73,251.7,251.06,252.67,249.86,235.43,0.0,1.2,259.03,246.31
CBRE,CBRE Group,Real Estate,Real Estate Services,164.94,165.9,113.94,163.01,161.47,160.5,157.47,144.8,0.0,0.3,165.43,155.58
CDW,CDW Corporation,Information Technology,Technology Distributors,138.71,203.07,136.03,140.02,142.85,144.07,146.44,161.97,-0.2,8.22,150.11,138.03
COR,Cencora,Health Care,Health Care Distributors,339.98,374.75,222.96,340.42,342.76,345.22,346.62,303.58,0.0,7.19,364.42,326.03
CNC,Centene Corporation,Health Care,Managed Health Care,39.89,65.89,25.21,39.54,39.73,39.17,37.2,43.16,-0.3,2.31,40.81,37.53
CNP,CenterPoint Energy,Utilities,Multi-Utilities,38.2,40.0,30.14,37.96,37.95,38.29,38.89,37.42,-0.2,3.8,39.65,36.93
CF,CF Industries,Materials,Fertilizers & Agricultural Chemicals,77.57,101.28,67.27,78.03,78.33,78.33,80.94,84.27,0.2,3.56,80.33,76.33
CRL,Charles River Laboratories,Health Care,Life Sciences Tools & Services,203.16,203.16,99.75,199.99,197.68,190.28,181.59,157.75,0.0,2.36,207.95,172.61
SCHW,Charles Schwab Corporation,Financials,Investment Banking & Brokerage,101.85,101.85,68.45,100.1,98.21,95.92,94.57,89.74,0.2,-0.05,101.8,90.04
CHTR,Charter Communications,Communication Services,Cable & Satellite,208.46,427.25,194.22,206.25,208.04,205.15,217.1,308.58,0.0,2.9,214.51,195.8
CVX,Chevron Corporation,Energy,Integrated Oil & Gas,150.5,162.83,129.22,149.25,149.3,149.95,151.43,147.61,0.0,1.6,152.91,146.98
CMG,Chipotle Mexican Grill,Consumer Discretionary,Restaurants,37.9,62.24,29.81,37.78,36.85,35.44,35.16,44.47,0.1,1.98,38.65,32.22
CB,Chubb Limited,Financials,Property & Casualty Insurance,313.32,313.32,256.04,311.83,311.02,303.62,292.31,284.83,0.2,1.82,319.02,288.21
CHD,Church & Dwight,Consumer Staples,Household Products,85.46,112.09,81.52,85.02,84.94,84.36,84.81,93.25,-0.2,1.18,86.47,82.24
CI,Cigna,Health Care,Health Care Services,274.86,334.83,243.04,274.02,274.42,271.64,275.25,298.21,-0.2,2.2,280.91,262.37
CINF,Cincinnati Financial,Financials,Property & Casualty Insurance,165.87,167.6,124.49,166.41,165.82,164.46,161.02,150.04,0.0,1.89,169.0,159.92
CTAS,Cintas,Industrials,Diversified Support Services,191.18,226.65,180.61,190.26,189.11,186.92,186.45,204.56,0.1,0.49,192.12,181.73
CSCO,Cisco,Information Technology,Communications Equipment,78.02,80.25,52.55,77.9,77.84,77.82,75.02,66.86,0.2,2.59,80.04,75.6
C,Citigroup,Financials,Diversified Banks,121.56,121.56,56.95,117.35,114.58,110.53,103.88,87.86,0.2,-0.46,121.0,100.06
CFG,Citizens Financial Group,Financials,Regional Banks,59.86,59.88,33.29,59.37,58.88,57.16,53.52,46.45,0.0,2.09,61.11,53.22
CLX,Clorox,Consumer Staples,Household Products,98.21,158.04,97.43,98.28,100.13,102.47,106.72,122.09,-0.2,10.93,108.94,96.0
CME,CME Group,Financials,Financial Exchanges & Data,276.38,286.69,221.6,272.05,272.38,272.76,271.41,268.83,0.0,1.58,280.75,264.78
CMS,CMS Energy,Utilities,Multi-Utilities,70.11,75.44,63.06,69.94,70.02,71.13,72.66,71.24,-0.2,6.39,74.59,67.67
KO,Coca-Cola Company (The),Consumer Staples,Soft Drinks & Non-alcoholic Beverages,70.11,72.61,59.07,70.12,70.22,70.58,69.99,68.95,0.2,3.04,72.24,68.93
CTSH,Cognizant,Information Technology,IT Consulting & Other Services,85.42,89.26,65.18,85.0,84.41,81.95,75.4,74.09,-0.2,2.61,87.65,76.25
COIN,Coinbase,Financials,Financial Exchanges & Data,239.73,419.78,151.47,242.85,249.79,260.31,289.05,284.83,-0.2,19.72,287.0,233.61
CL,Colgate-Palmolive,Consumer Staples,Household Products,80.25,95.74,74.98,79.06,78.9,78.65,78.36,84.72,-0.1,0.92,80.99,76.3
CMCSA,Comcast,Communication Services,Cable & Satellite,29.78,37.15,26.46,29.65,29.13,28.06,28.06,32.13,0.0,3.12,30.71,25.41
CAG,Conagra Brands,Consumer Staples,Packaged Foods & Meats,17.08,26.19,16.7,17.29,17.54,17.44,17.51,19.95,0.0,6.09,18.12,16.76
COP,ConocoPhillips,Energy,Oil & Gas Exploration & Production,91.8,103.38,80.54,92.4,93.44,92.57,89.49,90.98,0.1,6.22,97.51,87.63
ED,Consolidated Edison,Utilities,Multi-Utilities,99.53,110.5,85.06,99.02,98.68,97.9,98.64,100.8,-0.2,1.77,101.29,94.5
STZ,Constellation Brands,Consumer Staples,Distillers & Vintners,140.49,220.76,127.65,138.66,141.6,140.77,136.06,158.63,0.1,6.08,149.03,132.51
CEG,Constellation Energy,Utilities,Electric Utilities,363.95,403.49,170.33,359.91,359.39,360.43,362.72,309.0,-0.2,2.87,374.4,346.48
COO,Cooper Companies (The),Health Care,Health Care Supplies,82.57,99.45,64.32,82.9,82.37,80.23,75.31,74.43,0.2,3.26,85.26,75.19
CPRT,Copart,Industrials,Diversified Support Services,39.1,63.84,38.41,39.18,39.02,38.92,41.02,48.71,-0.2,0.9,39.45,38.4
GLW,Corning Inc.,Information Technology,Electronic Components,89.66,95.97,38.56,88.43,88.62,87.46,86.07,64.15,0.0,5.12,94.25,80.68
CPAY,Corpay,Financials,Transaction & Payment Processing Services,311.57,389.55,255.0,310.28,311.69,306.04,289.6,314.24,-0.1,2.98,320.85,291.21
CTVA,Corteva,Materials,Fertilizers & Agricultural Chemicals,67.33,76.73,55.1,66.97,66.48,66.22,64.63,67.18,-0.1,0.39,67.59,64.84
CSGP,CoStar Group,Real Estate,Real Estate Services,66.89,96.83,63.62,66.05,65.81,66.92,69.34,79.28,-0.2,4.83,70.12,63.72
COST,Costco,Consumer Staples,Consumer Staples Merchandise Retail,871.86,1072.45,850.0,857.97,864.24,883.07,905.31,949.72,-0.4,6.6,929.4,836.72
CTRA,Coterra,Energy,Oil & Gas Exploration & Production,25.69,28.82,22.01,25.6,25.82,26.36,25.35,24.76,0.0,7.67,27.66,25.06
CRWD,CrowdStrike,Information Technology,Systems Software,477.11,557.53,308.86,479.53,486.61,499.97,514.22,458.74,-0.2,11.97,534.22,465.74
CCI,Crown Castle,Real Estate,Telecom Tower REITs,87.85,111.32,80.2,86.94,88.1,88.35,90.52,96.39,-0.2,3.55,90.97,85.73
CSX,CSX Corporation,Industrials,Rail Transportation,36.78,37.39,26.38,36.6,36.8,36.33,35.64,32.84,0.0,2.66,37.76,34.9
CMI,Cummins,Industrials,Construction Machinery & Heavy Transportation Equipment,517.6,524.53,263.13,512.26,512.4,508.92,470.81,377.82,0.0,1.75,526.66,491.17
CVS,CVS Health,Health Care,Health Care Services,79.12,82.45,42.14,78.21,78.71,78.26,78.94,69.74,-0.2,2.62,81.19,75.33
DHR,Danaher Corporation,Health Care,Life Sciences Tools & Services,231.47,249.37,174.06,227.9,227.41,227.0,221.33,203.83,0.0,0.43,232.47,221.54
DRI,Darden Restaurants,Consumer Discretionary,Restaurants,189.91,222.41,169.21,189.78,187.6,182.58,180.57,196.6,0.1,2.11,193.92,171.24
DDOG,Datadog,Information Technology,Application Software,138.04,199.72,87.0,139.96,141.45,148.28,159.68,133.48,-0.2,18.44,163.49,133.06
DVA,DaVita,Health Care,Health Care Services,114.41,177.35,114.41,115.4,117.51,117.93,120.87,134.9,0.0,6.4,121.73,114.13
DAY,Dayforce,Industrials,Human Resource & Employment Services,69.14,74.23,49.33,69.2,69.21,69.14,68.83,62.3,0.2,0.26,69.32,68.96
DECK,Deckers Brands,Consumer Discretionary,Footwear,100.95,223.11,79.54,100.71,101.67,98.47,91.64,105.39,0.1,7.27,108.29,88.65
DE,Deere & Company,Industrials,Agricultural & Farm Machinery,467.44,527.96,404.45,469.61,476.32,473.65,472.28,481.79,0.1,4.58,488.85,458.44
DELL,Dell Technologies,Information Technology,"Technology Hardware, Storage & Peripherals",128.38,164.88,70.63,126.39,129.27,132.91,139.9,121.87,0.0,11.54,143.2,122.61
DAL,Delta Air Lines,Industrials,Passenger Airlines,70.96,72.06,35.54,70.95,70.72,68.56,62.8,54.11,0.0,3.83,73.68,63.45
DVN,Devon Energy,Energy,Oil & Gas Exploration & Production,36.2,38.16,26.26,36.11,36.33,36.79,34.76,33.3,0.2,5.75,38.28,35.3
DXCM,Dexcom,Health Care,Health Care Equipment,67.42,90.75,54.84,66.74,66.74,65.83,64.1,73.97,-0.1,2.12,68.85,62.8
FANG,Diamondback Energy,Energy,Oil & Gas Exploration & Production,146.91,175.21,116.78,147.73,150.96,153.8,147.51,142.07,0.4,10.86,162.86,144.74
DLR,Digital Realty,Real Estate,Data Center REITs,155.19,178.07,133.15,152.1,152.2,155.64,161.95,162.91,-0.2,5.97,164.45,146.81
DG,Dollar General,Consumer Staples,Consumer Staples Merchandise Retail,135.45,137.52,67.25,136.24,135.15,126.62,111.95,103.91,0.0,9.2,147.91,105.32
DLTR,Dollar Tree,Consumer Staples,Consumer Staples Merchandise Retail,122.01,131.17,61.92,123.75,126.93,121.21,109.33,97.56,0.2,11.56,136.11,106.31
D,Dominion Energy,Utilities,Multi-Utilities,59.01,62.07,47.97,58.78,59.07,59.32,59.69,56.76,-0.2,4.47,61.65,56.99
DPZ,Domino's,Consumer Discretionary,Restaurants,425.43,491.7,395.61,428.48,431.41,425.53,414.85,444.11,0.1,3.52,440.41,410.66
DASH,DoorDash,Consumer Discretionary,Specialized Consumer Services,232.06,281.74,163.16,232.97,229.31,222.72,227.17,226.16,-0.2,5.25,244.24,201.19
DOV,Dover Corporation,Industrials,Industrial Machinery & Supplies & Components,199.56,204.14,149.86,198.26,198.58,193.91,184.13,177.46,0.0,2.57,204.69,183.14
DOW,Dow Inc.,Materials,Commodity Chemicals,23.06,39.0,20.27,23.14,23.36,23.44,22.85,25.61,-0.1,6.29,24.51,22.38
DHI,D. R. Horton,Consumer Discretionary,Homebuilding,146.63,183.47,114.08,147.01,151.03,154.16,150.59,142.69,0.2,12.41,164.83,143.5
DTE,DTE Energy,Utilities,Multi-Utilities,128.79,142.03,113.76,128.63,128.77,130.06,134.3,133.65,0.0,4.39,134.44,125.68
DUK,Duke Energy,Utilities,Electric Utilities,117.48,127.92,102.17,116.74,116.31,117.43,121.47,118.79,-0.2,4.48,122.74,112.11
DD,DuPont,Materials,Specialty Chemicals,41.07,41.49,22.69,41.07,40.94,40.5,38.08,31.78,0.0,1.73,41.78,39.22
ETN,Eaton Corporation,Industrials,Electrical Components & Equipment,323.67,391.62,244.95,320.12,326.19,333.65,353.0,338.48,-0.2,9.89,355.68,311.64
EBAY,eBay Inc.,Consumer Discretionary,Broadline Retail,84.6,100.1,58.89,84.19,83.77,83.27,85.59,80.4,0.0,0.82,85.29,81.24
ECL,Ecolab,Materials,Specialty Chemicals,265.58,283.99,223.93,264.84,262.95,263.61,264.14,261.98,-0.2,3.54,274.98,252.26
EIX,Edison International,Utilities,Electric Utilities,60.1,75.82,46.84,60.21,59.42,58.53,57.79,54.46,0.0,1.61,61.07,55.99
EW,Edwards Lifesciences,Health Care,Health Care Equipment,86.29,86.82,67.07,85.9,85.04,85.06,83.05,77.59,0.0,1.25,87.37,82.76
EA,Electronic Arts,Communication Services,Interactive Home Entertainment,204.78,204.78,115.97,204.13,204.01,203.53,201.79,168.99,-0.2,0.12,205.03,202.02
ELV,Elevance Health,Health Care,Managed Health Care,343.3,445.96,271.77,343.22,349.39,340.87,333.25,351.81,-0.1,5.36,361.7,320.03
EME,Emcor,Industrials,Construction & Engineering,626.07,777.0,341.52,619.57,620.62,619.86,645.19,552.74,-0.2,2.27,640.28,599.4
EMR,Emerson Electric,Industrials,Electrical Components & Equipment,136.3,148.4,92.96,134.27,135.06,134.81,132.5,125.96,-0.2,2.28,139.41,130.22
ETR,Entergy,Utilities,Electric Utilities,92.67,97.52,73.2,92.14,92.48,93.44,94.59,87.24,-0.2,4.03,96.4,90.47
EOG,EOG Resources,Energy,Oil & Gas Exploration & Production,103.87,133.44,101.78,103.16,104.58,107.29,107.02,113.25,-0.1,9.97,114.23,100.35
EPAM,EPAM Systems,Information Technology,IT Consulting & Other Services,209.08,267.63,142.2,208.97,208.79,203.57,181.53,169.72,0.0,5.22,219.99,187.15
EQT,EQT Corporation,Energy,Oil & Gas Exploration & Production,53.89,61.17,43.34,53.91,54.4,56.97,56.47,53.95,0.0,16.03,62.53,51.41
EFX,Equifax,Industrials,Research & Consulting Services,220.56,278.79,203.71,219.92,219.47,215.22,215.26,240.89,0.0,1.7,224.31,206.12
EQIX,Equinix,Real Estate,Data Center REITs,758.72,938.45,726.09,755.87,755.12,746.55,780.82,799.13,0.0,1.35,768.96,724.17
EQR,Equity Residential,Real Estate,Multi-Family Residential REITs,62.73,72.76,58.7,62.16,61.62,61.45,60.95,64.74,-0.1,0.16,62.83,60.06
ERIE,Erie Indemnity,Financials,Insurance Brokers,284.0,445.35,275.0,285.36,285.64,288.08,295.28,342.61,0.2,6.27,301.81,274.35
ESS,Essex Property Trust,Real Estate,Multi-Family Residential REITs,261.12,305.43,247.18,260.02,259.3,258.6,258.02,269.2,-0.1,1.44,264.88,252.32
EL,Estée Lauder Companies (The),Consumer Staples,Personal Care Products,107.48,108.65,49.43,107.94,106.01,103.28,97.31,81.52,0.2,4.6,112.42,94.14
EG,Everest Group,Financials,Reinsurance,336.21,368.76,304.91,334.55,330.89,321.58,324.46,338.43,0.0,1.52,341.32,301.86
EVRG,Evergy,Utilities,Electric Utilities,73.01,78.01,57.62,72.75,73.19,73.92,75.46,70.08,-0.2,4.96,76.63,71.22
ES,Eversource Energy,Utilities,Electric Utilities,67.16,74.05,52.39,66.94,67.08,66.6,69.37,64.13,-0.2,1.33,68.05,65.16
EXC,Exelon,Utilities,Electric Utilities,43.52,47.82,35.99,43.69,43.7,44.2,45.53,44.06,0.0,6.48,46.34,42.06
EXE,Expand Energy,Energy,Oil & Gas Exploration & Production,109.17,122.89,92.58,108.93,109.84,114.97,111.62,106.05,0.0,15.6,126.2,103.75
EXPE,Expedia Group,Consumer Discretionary,"Hotels, Resorts & Cruise Lines",286.57,289.29,135.82,287.79,284.56,273.28,249.76,199.16,0.2,3.87,297.66,248.9
EXPD,Expeditors International,Industrials,Air Freight & Logistics,151.56,153.02,101.6,151.96,151.59,149.94,137.78,120.75,0.0,1.97,154.55,145.33
EXR,Extra Space Storage,Real Estate,Self-Storage REITs,130.26,154.13,122.37,130.28,131.15,130.23,134.08,139.12,-0.2,2.9,134.04,126.42
XOM,ExxonMobil,Energy,Integrated Oil & Gas,119.22,119.54,97.25,118.0,117.82,117.31,115.86,109.88,0.0,0.92,120.32,114.3
FFIV,"F5, Inc.",Information Technology,Communications Equipment,262.33,343.17,223.99,259.84,260.37,252.72,256.81,285.45,0.0,3.53,271.59,233.84
FDS,FactSet,Financials,Financial Exchanges & Data,290.09,485.96,252.61,286.77,289.9,285.97,278.87,370.36,-0.1,3.27,299.58,272.36
FICO,Fair Isaac,Information Technology,Application Software,1731.01,2206.01,1311.26,1741.85,1773.5,1774.13,1719.22,1708.45,0.0,6.05,1835.74,1712.45
FAST,Fastenal,Industrials,Trading Companies & Distributors,41.83,50.13,34.82,42.0,42.05,41.42,41.28,42.71,0.1,2.68,42.95,39.89
FRT,Federal Realty Investment Trust,Real Estate,Retail REITs,102.33,108.06,81.67,101.63,100.92,99.23,98.32,95.26,0.2,0.79,103.14,95.33
FDX,FedEx,Industrials,Air Freight & Logistics,295.9,295.9,194.55,291.96,287.19,280.4,264.02,234.32,0.0,0.31,296.82,263.98
FIS,Fidelity National Information Services,Financials,Transaction & Payment Processing Services,67.17,81.57,61.13,66.56,66.67,66.16,65.25,71.52,-0.1,0.63,67.59,64.73
FITB,Fifth Third Bancorp,Financials,Regional Banks,48.22,48.39,32.73,48.01,47.97,46.39,43.83,41.12,0.0,3.73,50.02,42.76
FSLR,First Solar,Information Technology,Semiconductors,272.21,284.59,120.38,270.99,265.1,263.24,255.82,191.67,0.0,2.76,279.72,246.75
FE,FirstEnergy,Utilities,Electric Utilities,44.85,47.72,36.81,44.55,44.42,45.03,45.74,42.37,-0.2,4.86,47.03,43.03
FISV,Fiserv,Financials,Transaction & Payment Processing Services,67.95,237.79,59.77,68.05,68.21,66.41,77.9,143.53,-0.2,4.78,71.2,61.61
F,Ford Motor Company,Consumer Discretionary,Automobile Manufacturers,13.36,13.76,8.35,13.38,13.49,13.32,13.0,11.2,0.0,3.07,13.77,12.87
FTNT,Fortinet,Information Technology,Systems Software,81.18,114.57,74.39,80.71,81.16,82.08,82.69,91.62,-0.2,5.43,85.59,78.57
FTV,Fortive,Industrials,Industrial Machinery & Supplies & Components,55.46,62.25,46.44,55.27,55.2,54.39,52.04,51.31,0.0,1.42,56.25,52.52
FOXA,Fox Corporation (Class A),Communication Services,Broadcasting,73.91,73.91,46.99,72.85,72.0,69.85,65.71,57.9,0.0,1.91,75.32,64.38
FOX,Fox Corporation (Class B),Communication Services,Broadcasting,64.94,64.94,43.59,64.2,63.64,61.93,58.72,52.68,0.0,1.91,66.18,57.68
BEN,Franklin Resources,Financials,Asset Management & Custody Banks,24.18,25.67,16.21,24.17,23.86,23.4,22.84,22.21,0.2,1.61,24.57,22.23
FCX,Freeport-McMoRan,Materials,Copper,51.92,51.92,28.82,50.31,48.99,46.58,43.13,41.09,0.0,0.67,52.27,40.9
GRMN,Garmin,Consumer Discretionary,Consumer Electronics,205.0,258.66,171.47,203.57,205.18,202.32,210.22,214.06,0.2,3.25,211.66,192.96
IT,Gartner,Information Technology,IT Consulting & Other Services,251.18,548.38,224.13,250.47,246.39,238.43,238.07,325.59,0.1,2.36,257.11,219.74
GE,GE Aerospace,Industrials,Aerospace & Defense,316.75,316.75,166.03,311.18,303.6,296.46,300.74,259.47,-0.2,0.08,317.0,275.93
GEHC,GE HealthCare,Health Care,Health Care Equipment,83.39,93.35,58.67,83.21,83.51,82.87,78.2,74.4,0.2,3.51,86.32,79.42
GEV,GE Vernova,Industrials,Heavy Electrical Equipment,667.32,723.0,269.69,657.66,664.6,642.33,603.35,526.77,0.0,7.91,720.11,564.58
GEN,Gen Digital,Information Technology,Systems Software,27.64,31.88,23.2,27.62,27.63,27.22,26.72,27.81,0.1,2.35,28.29,26.15
GNRC,Generac,Industrials,Electrical Components & Equipment,140.81,202.85,101.92,139.33,148.37,153.21,161.35,151.98,-0.2,22.8,172.91,133.49
GD,General Dynamics,Industrials,Aerospace & Defense,345.39,353.77,238.33,342.22,340.47,339.21,341.19,305.5,-0.2,0.21,346.12,332.28
GIS,General Mills,Consumer Staples,Packaged Foods & Meats,47.0,63.06,45.64,47.52,47.32,46.81,47.14,50.76,0.0,3.3,48.55,45.06
GM,General Motors,Consumer Discretionary,Automobile Manufacturers,82.88,83.03,42.15,82.44,81.82,78.5,72.01,56.65,0.0,3.79,86.02,70.97
GPC,Genuine Parts Company,Consumer Discretionary,Distributors,125.49,141.64,103.09,125.19,128.09,128.5,127.91,125.82,0.2,6.4,133.52,123.49
GILD,Gilead Sciences,Health Care,Biotechnology,125.67,127.23,86.72,124.16,122.27,122.35,121.9,112.03,0.0,1.11,127.06,117.63
GPN,Global Payments,Financials,Transaction & Payment Processing Services,81.19,112.42,66.86,81.13,81.47,79.61,79.21,81.95,0.1,3.65,84.15,75.07
GL,Globe Life,Financials,Life & Health Insurance,143.5,146.27,108.59,141.31,140.52,136.62,134.63,130.17,0.0,1.09,145.06,128.19
GDDY,GoDaddy,Information Technology,Internet Services & Infrastructure,127.15,214.35,123.81,126.77,125.88,127.03,128.8,156.35,0.0,2.45,130.27,123.79
GS,Goldman Sachs,Financials,Investment Banking & Brokerage,910.78,911.03,455.22,896.25,892.13,866.94,814.22,693.15,0.0,2.45,933.09,800.81
HAL,Halliburton,Energy,Oil & Gas Equipment & Services,28.03,29.12,18.84,27.91,28.07,27.75,26.7,22.94,0.0,5.57,29.59,25.9
HIG,Hartford (The),Financials,Property & Casualty Insurance,139.72,139.72,104.54,139.26,138.17,135.49,131.09,126.51,0.2,1.98,142.49,128.5
HAS,Hasbro,Consumer Discretionary,Leisure Products,81.63,83.96,49.29,81.72,81.7,81.76,78.56,71.02,0.0,2.29,83.5,80.02
HCA,HCA Healthcare,Health Care,Health Care Facilities,474.06,515.08,294.49,471.93,474.4,483.33,471.01,396.83,0.0,7.52,509.71,456.95
DOC,Healthpeak Properties,Real Estate,Health Care REITs,16.03,19.82,15.78,16.03,16.24,16.77,17.38,17.47,-0.2,13.72,18.23,15.3
HSIC,Henry Schein,Health Care,Health Care Distributors,76.19,81.91,62.03,76.93,76.85,75.3,71.01,69.39,0.0,3.54,78.89,71.72
HSY,Hershey Company (The),Consumer Staples,Packaged Foods & Meats,184.8,194.06,140.14,186.24,185.98,184.45,180.37,173.77,-0.2,3.44,191.16,177.74
HPE,Hewlett Packard Enterprise,Information Technology,"Technology Hardware, Storage & Peripherals",24.44,26.09,12.28,24.39,24.2,23.51,23.09,20.21,0.0,5.48,25.78,21.24
HLT,Hilton Worldwide,Consumer Discretionary,"Hotels, Resorts & Cruise Lines",293.3,293.3,200.93,291.43,288.02,282.58,273.09,257.49,0.2,1.73,298.37,266.77
HOLX,Hologic,Health Care,Health Care Equipment,74.5,75.19,52.73,74.83,74.91,74.9,74.08,66.01,-0.4,0.89,75.16,74.64
HD,Home Depot (The),Consumer Discretionary,Home Improvement Retail,347.34,420.7,329.16,347.74,352.22,352.23,362.07,369.14,0.2,3.93,360.99,343.46
HON,Honeywell,Industrials,Industrial Conglomerates,196.93,224.06,169.57,197.12,196.87,194.27,195.04,200.31,-0.2,1.77,200.42,188.14
HRL,Hormel Foods,Consumer Staples,Packaged Foods & Meats,24.35,30.86,21.29,24.05,23.96,23.77,23.13,26.87,0.1,0.74,24.53,23.02
HST,Host Hotels & Resorts,Real Estate,Hotel & Resort REITs,18.52,18.64,12.39,18.5,18.45,17.97,17.33,15.89,0.2,2.59,19.0,16.93
HWM,Howmet Aerospace,Industrials,Aerospace & Defense,212.17,212.17,109.08,206.28,200.92,198.62,199.98,174.54,0.0,-0.53,211.05,186.2
HPQ,HP Inc.,Information Technology,"Technology Hardware, Storage & Peripherals",23.16,33.25,21.17,23.19,23.99,24.39,25.19,25.58,-0.2,12.52,26.06,22.72
HUBB,Hubbell Incorporated,Industrials,Industrial Machinery & Supplies & Components,456.28,471.0,312.92,448.12,446.44,440.71,440.26,405.49,0.0,1.1,461.3,420.14
HUM,Humana,Health Care,Managed Health Care,259.25,310.91,219.64,258.82,262.22,256.47,259.34,257.68,0.0,5.2,272.73,240.23
HBAN,Huntington Bancshares,Financials,Regional Banks,17.74,17.92,12.15,17.73,17.67,17.17,16.17,15.81,0.2,3.27,18.32,16.03
HII,Huntington Ingalls Industries,Industrials,Aerospace & Defense,355.45,355.45,156.09,344.55,335.37,323.89,311.51,259.07,0.2,-0.32,354.31,293.44
IBM,IBM,Information Technology,IT Consulting & Other Services,304.56,314.98,211.92,302.51,304.77,305.89,301.5,268.33,0.0,2.78,313.03,298.76
IEX,IDEX Corporation,Industrials,Industrial Machinery & Supplies & Components,180.2,221.67,156.86,179.07,178.77,177.29,171.41,171.92,-0.1,0.88,181.79,172.81
IDXX,Idexx Laboratories,Health Care,Health Care Equipment,688.18,766.68,361.04,694.01,697.11,710.33,691.29,576.01,0.2,8.86,749.15,671.52
ITW,Illinois Tool Works,Industrials,Industrial Machinery & Supplies & Components,251.95,269.49,215.75,251.33,253.38,251.27,248.19,248.98,-0.1,2.35,257.87,244.67
INCY,Incyte,Health Care,Biotechnology,100.44,108.26,55.17,100.41,98.69,99.6,98.73,78.29,0.2,5.3,105.76,93.44
IR,Ingersoll Rand,Industrials,Industrial Machinery & Supplies & Components,81.57,94.14,66.7,80.45,80.68,80.18,78.5,79.98,-0.1,1.5,82.79,77.58
PODD,Insulet Corporation,Health Care,Health Care Equipment,288.82,352.82,237.06,289.68,290.81,299.77,314.55,302.36,-0.2,12.25,324.2,275.35
INTC,Intel,Information Technology,Semiconductors,36.16,43.76,18.13,36.4,37.02,38.91,38.02,27.19,0.2,20.91,43.72,34.11
IBKR,Interactive Brokers,Financials,Investment Banking & Brokerage,65.98,72.99,35.93,64.99,64.35,64.66,66.37,57.84,0.0,1.8,67.17,62.15
ICE,Intercontinental Exchange,Financials,Financial Exchanges & Data,162.63,187.37,141.2,161.28,161.36,159.2,154.98,168.48,0.1,0.92,164.13,154.27
IFF,International Flavors & Fragrances,Materials,Specialty Chemicals,66.92,85.71,59.19,66.13,64.96,65.93,64.9,69.38,-0.1,4.14,69.69,62.17
IP,International Paper,Materials,Paper & Plastic Packaging Products & Materials,39.37,57.74,35.6,38.99,38.84,38.85,39.96,45.47,0.0,1.32,39.89,37.81
INTU,Intuit,Information Technology,Application Software,674.83,805.92,541.4,672.87,669.6,659.27,659.64,679.39,-0.2,2.26,690.08,628.45
ISRG,Intuitive Surgical,Health Care,Health Care Equipment,577.15,610.45,429.59,573.74,562.93,565.34,547.24,509.25,0.2,1.47,585.63,545.04
IVZ,Invesco,Financials,Asset Management & Custody Banks,27.21,27.34,11.76,27.02,26.69,25.99,24.32,19.19,0.2,3.01,28.03,23.95
INVH,Invitation Homes,Real Estate,Single-Family Residential REITs,27.32,34.43,25.8,27.02,26.76,26.89,27.56,30.35,0.0,2.53,28.01,25.78
IQV,IQVIA,Health Care,Life Sciences Tools & Services,226.02,231.92,137.0,223.75,223.37,224.61,219.74,182.76,-0.2,2.19,230.97,218.26
IRM,Iron Mountain,Real Estate,Other Specialized REITs,81.46,107.44,74.93,80.45,81.47,82.64,91.55,92.78,0.0,6.6,86.84,78.43
JBHT,J.B. Hunt,Industrials,Cargo Ground Transportation,198.29,199.58,123.62,197.8,197.57,191.51,176.07,149.72,0.0,4.67,207.55,175.46
JBL,Jabil,Information Technology,Electronic Manufacturing Services,234.49,235.07,116.73,228.6,224.97,221.3,213.55,193.21,0.2,1.7,238.48,204.12
JKHY,Jack Henry & Associates,Financials,Transaction & Payment Processing Services,185.18,189.35,145.77,184.94,186.2,181.99,168.24,169.09,-0.1,3.9,192.4,171.58
J,Jacobs Solutions,Industrials,Construction & Engineering,136.11,164.04,108.92,134.88,134.87,135.93,145.8,136.39,-0.2,3.39,140.72,131.14
JNJ,Johnson & Johnson,Health Care,Pharmaceuticals,207.78,214.17,137.84,207.11,209.09,206.7,198.01,171.07,0.0,2.77,213.54,199.87
JCI,Johnson Controls,Industrials,Building Products,121.39,122.66,70.88,119.95,118.47,116.84,115.66,102.62,0.2,-0.07,121.31,112.37
JPM,JPMorgan Chase,Financials,Diversified Banks,329.17,329.17,208.26,321.68,319.48,315.07,309.03,282.13,0.2,-0.38,327.92,302.21
KVUE,Kenvue,Consumer Staples,Personal Care Products,17.21,23.7,13.93,17.07,17.18,17.12,16.25,19.73,-0.1,1.45,17.46,16.78
KDP,Keurig Dr Pepper,Consumer Staples,Soft Drinks & Non-alcoholic Beverages,28.0,35.14,25.3,28.03,28.5,28.5,27.74,30.79,0.1,6.0,29.68,27.33
KEY,KeyCorp,Financials,Regional Banks,21.14,21.21,12.78,21.06,20.85,19.93,18.4,17.06,0.0,4.49,22.09,17.77
KEYS,Keysight Technologies,Information Technology,Electronic Equipment & Instruments,205.33,214.14,127.02,203.26,205.01,205.11,187.16,166.6,0.2,4.96,215.51,194.71
KMB,Kimberly-Clark,Consumer Staples,Household Products,101.08,142.87,98.85,100.63,101.8,103.25,106.77,123.55,-0.2,6.55,107.7,98.81
KIM,Kimco Realty,Real Estate,Retail REITs,20.42,22.52,18.04,20.17,20.22,20.16,20.5,20.62,0.2,0.54,20.53,19.8
KMI,Kinder Morgan,Energy,Oil & Gas Storage & Transportation,27.19,29.9,24.4,26.84,26.74,26.99,26.74,26.88,-0.1,2.32,27.82,26.16
KKR,KKR & Co.,Financials,Asset Management & Custody Banks,130.78,166.13,92.38,131.16,133.55,130.77,123.92,126.78,0.1,8.92,142.45,119.09
KLAC,KLA Corporation,Information Technology,Semiconductor Materials & Equipment,1276.99,1276.99,572.94,1255.89,1234.01,1217.25,1185.56,928.75,0.0,0.65,1285.29,1149.24
KHC,Kraft Heinz,Consumer Staples,Packaged Foods & Meats,24.02,30.79,23.35,24.23,24.39,24.6,24.56,26.14,0.1,6.08,25.48,23.72
KR,Kroger,Consumer Staples,Food Retail,62.93,73.58,57.2,62.54,62.67,63.76,65.12,67.39,-0.2,7.56,67.69,59.83
LHX,L3Harris,Industrials,Aerospace & Defense,298.14,305.49,190.99,292.25,288.82,283.55,286.02,258.18,-0.2,0.03,298.23,268.86
LH,Labcorp,Health Care,Health Care Services,254.46,290.15,210.49,253.35,257.29,260.46,263.71,256.48,0.0,6.6,271.25,249.66
LRCX,Lam Research,Information Technology,Semiconductor Materials & Equipment,177.33,177.33,58.73,172.94,167.65,163.6,156.61,109.75,0.0,0.25,177.77,149.42
LW,Lamb Weston,Consumer Staples,Packaged Foods & Meats,42.48,66.17,41.8,46.07,52.82,56.11,59.2,55.27,-0.2,63.61,69.5,42.71
LVS,Las Vegas Sands,Consumer Discretionary,Casinos & Gaming,66.31,69.49,30.23,66.67,66.56,66.97,62.85,49.8,0.0,3.88,68.88,65.07
LDOS,Leidos,Industrials,Diversified Support Services,186.63,199.1,125.54,184.97,185.37,186.65,188.86,167.25,0.0,3.12,192.45,180.84
LEN,Lennar,Consumer Discretionary,Homebuilding,105.09,141.8,101.41,106.63,112.12,119.27,121.62,117.48,0.0,30.82,137.48,101.06
LII,Lennox International,Industrials,Building Products,497.23,662.88,444.26,495.64,497.48,498.5,493.71,549.27,-0.1,3.19,513.09,483.92
LLY,Lilly (Eli),Health Care,Pharmaceuticals,1076.98,1109.94,623.36,1070.68,1054.86,1043.21,970.32,819.24,0.0,2.91,1108.32,978.13
LIN,Linde plc,Materials,Industrial Gases,424.9,481.82,389.38,422.79,419.63,410.47,420.38,450.81,0.0,1.98,433.31,387.63
LYV,Live Nation Entertainment,Communication Services,Movies & Entertainment,145.31,174.06,115.79,142.23,141.23,138.27,141.51,145.01,0.0,1.38,147.32,129.22
LKQ,LKQ Corporation,Consumer Discretionary,Distributors,30.26,42.58,28.17,29.98,30.25,29.77,29.97,34.25,-0.2,2.91,31.14,28.39
LMT,Lockheed Martin,Industrials,Aerospace & Defense,485.75,510.37,404.69,479.23,478.75,466.06,470.12,459.51,-0.2,2.07,495.81,436.32
L,Loews Corporation,Financials,Multi-line Insurance,107.33,108.26,80.73,107.07,105.97,105.41,103.27,94.45,0.2,1.86,109.33,101.49
LOW,Lowe's,Consumer Discretionary,Home Improvement Retail,243.0,271.68,208.44,243.07,245.4,245.14,239.71,234.14,0.0,3.02,250.34,239.94
LULU,Lululemon Athletica,Consumer Discretionary,"Apparel, Accessories & Luxury Goods",210.4,421.16,159.87,212.0,207.29,195.63,180.41,225.74,0.1,5.25,221.45,169.82
LYB,LyondellBasell,Materials,Specialty Chemicals,42.87,71.62,41.19,43.05,43.48,44.4,44.1,52.2,0.1,12.18,48.09,40.72
MTB,M&T Bank,Financials,Regional Banks,207.24,207.24,153.05,205.99,205.45,199.88,189.44,184.46,0.0,2.74,212.92,186.85
MPC,Marathon Petroleum,Energy,Oil & Gas Refining & Marketing,165.73,199.13,116.64,166.67,174.3,182.96,187.98,168.11,0.0,23.24,204.25,161.67
MAR,Marriott International,Consumer Discretionary,"Hotels, Resorts & Cruise Lines",315.16,315.16,209.55,311.99,307.97,302.55,287.03,264.75,0.2,1.73,320.61,284.49
MMC,Marsh McLennan,Financials,Insurance Brokers,187.6,242.13,176.58,185.89,185.99,184.31,183.56,207.16,-0.1,0.41,188.37,180.24
MLM,Martin Marietta Materials,Materials,Construction Materials,643.14,655.98,450.65,635.15,631.85,625.12,617.86,573.24,0.2,-0.06,642.75,607.46
MAS,Masco,Industrials,Building Products,64.75,80.35,57.89,64.46,64.57,64.16,64.13,65.94,-0.1,2.05,66.08,62.25
MA,Mastercard,Financials,Transaction & Payment Processing Services,579.45,598.17,477.88,573.99,570.59,557.48,555.11,559.27,0.1,1.04,585.48,529.47
MTCH,Match Group,Communication Services,Interactive Media & Services,32.89,38.56,26.72,32.81,32.78,33.29,32.82,32.52,0.2,4.9,34.5,32.08
MKC,McCormick & Company,Consumer Staples,Packaged Foods & Meats,68.88,83.15,63.3,68.75,68.18,66.54,66.16,70.6,0.1,2.67,70.72,62.35
MCD,McDonald's,Consumer Discretionary,Restaurants,313.33,319.65,273.36,315.18,315.42,311.88,306.55,303.05,0.0,2.6,321.48,302.27
MCK,McKesson Corporation,Health Care,Health Care Distributors,826.43,888.45,563.82,820.27,817.02,822.71,826.31,733.62,0.0,5.21,869.49,775.91
MDT,Medtronic,Health Care,Health Care Equipment,97.27,105.35,77.74,97.91,98.38,100.32,97.29,90.45,0.0,8.01,105.06,95.58
MRK,Merck & Co.,Health Care,Pharmaceuticals,106.45,106.45,71.42,103.6,101.33,100.67,93.49,83.88,0.2,-0.24,106.19,95.15
META,Meta Platforms,Communication Services,Interactive Media & Services,667.55,788.82,483.57,663.44,656.73,654.0,658.04,671.1,0.0,1.11,674.96,633.03
MET,MetLife,Financials,Life & Health Insurance,81.05,84.55,66.92,81.32,81.84,79.69,78.4,77.69,0.4,4.07,84.35,75.03
MTD,Mettler Toledo,Health Care,Life Sciences Tools & Services,1417.16,1506.02,970.15,1407.22,1403.49,1417.23,1413.4,1250.55,0.0,4.39,1479.37,1355.08
MGM,MGM Resorts,Consumer Discretionary,Casinos & Gaming,37.09,40.37,25.79,37.14,37.09,36.36,33.86,33.9,-0.1,2.88,38.16,34.56
MCHP,Microchip Technology,Information Technology,Semiconductors,65.36,74.07,34.52,65.18,65.93,63.59,60.48,60.02,0.2,12.56,73.57,53.6
MU,Micron Technology,Information Technology,Semiconductors,286.68,286.68,64.62,270.8,254.91,247.85,232.93,144.17,0.2,-1.41,282.64,213.05
MSFT,Microsoft,Information Technology,Systems Software,488.02,541.06,352.67,485.94,481.9,483.83,498.2,474.2,0.0,1.32,494.46,473.19
MAA,Mid-America Apartment Communities,Real Estate,Multi-Family Residential REITs,137.44,165.69,126.28,136.18,134.89,134.17,132.3,143.8,-0.1,0.66,138.35,129.99
MRNA,Moderna,Health Care,Biotechnology,32.75,47.53,22.36,32.94,31.41,28.85,26.84,27.48,0.1,7.08,35.07,22.62
MHK,Mohawk Industries,Consumer Discretionary,Home Furnishings,110.03,139.75,97.99,108.98,110.1,111.37,113.41,114.52,0.0,6.2,116.85,105.88
MOH,Molina Healthcare,Health Care,Managed Health Care,163.47,353.24,134.51,163.52,164.27,157.73,157.3,227.62,0.1,5.68,172.76,142.71
TAP,Molson Coors Beverage Company,Consumer Staples,Brewers,46.33,61.12,42.77,46.86,47.25,46.59,45.76,49.92,-0.1,4.51,48.42,44.76
MDLZ,Mondelez International,Consumer Staples,Packaged Foods & Meats,54.62,70.19,53.79,54.47,54.22,54.95,56.94,62.67,-0.2,4.71,57.19,52.7
MPWR,Monolithic Power Systems,Information Technology,Semiconductors,953.25,1105.05,453.43,941.71,944.95,949.14,967.79,787.29,0.0,3.51,986.71,911.61
MNST,Monster Beverage,Consumer Staples,Soft Drinks & Non-alcoholic Beverages,77.42,77.67,46.16,76.89,75.55,74.93,71.92,64.28,0.2,0.46,77.78,72.07
MCO,Moody's Corporation,Financials,Financial Exchanges & Data,517.28,523.49,394.44,508.62,499.47,493.96,485.87,481.3,0.0,-0.63,514.02,473.91
MS,Morgan Stanley,Financials,Investment Banking & Brokerage,181.65,181.65,97.76,178.17,177.86,175.71,167.74,142.17,0.2,1.24,183.9,167.53
MOS,Mosaic Company (The),Materials,Fertilizers & Agricultural Chemicals,24.24,37.21,22.27,24.12,24.44,24.22,25.7,30.53,0.2,5.03,25.46,22.99
MSI,Motorola Solutions,Information Technology,Communications Equipment,376.48,487.57,363.49,374.25,370.47,370.88,391.55,422.28,0.2,0.69,379.08,362.69
MSCI,MSCI Inc.,Financials,Financial Exchanges & Data,581.75,620.46,501.79,574.07,563.68,555.36,558.97,556.84,-0.2,0.27,583.32,527.38
NDAQ,"Nasdaq, Inc.",Financials,Financial Exchanges & Data,98.64,98.64,65.81,96.84,95.12,92.48,89.3,86.01,0.0,0.06,98.7,86.26
NTAP,NetApp,Information Technology,"Technology Hardware, Storage & Peripherals",110.06,125.81,75.4,110.64,112.61,113.86,113.64,105.45,0.0,9.19,120.17,107.53
NFLX,Netflix,Communication Services,Movies & Entertainment,93.64,133.91,82.84,93.75,94.12,98.35,106.59,113.36,0.0,17.31,109.85,86.85
NEM,Newmont,Materials,Gold,104.73,105.25,36.38,103.1,101.02,96.07,89.89,68.7,0.0,2.14,106.97,85.17
NWSA,News Corp (Class A),Communication Services,Publishing,26.44,31.03,23.89,26.28,26.17,25.95,26.01,27.71,-0.2,0.38,26.54,25.35
NWS,News Corp (Class B),Communication Services,Publishing,30.01,35.06,27.33,29.89,29.7,29.49,29.61,31.66,-0.2,0.33,30.11,28.87
NEE,NextEra Energy,Utilities,Multi-Utilities,80.45,86.29,62.68,80.13,80.68,82.04,82.84,73.87,-0.2,7.17,86.22,77.86
NKE,"Nike, Inc.",Consumer Discretionary,"Apparel, Accessories & Luxury Goods",60.0,79.84,52.31,59.78,63.47,64.15,64.27,66.22,-0.2,17.6,70.56,57.75
NI,NiSource,Utilities,Multi-Utilities,41.88,44.13,34.59,41.48,41.5,41.9,42.6,40.61,0.0,3.89,43.51,40.3
NDSN,Nordson Corporation,Industrials,Industrial Machinery & Supplies & Components,243.47,243.47,165.71,241.51,238.64,237.28,234.21,215.48,0.4,-0.06,243.32,231.22
NSC,Norfolk Southern,Industrials,Rail Transportation,292.71,299.49,203.11,291.89,293.84,293.11,287.43,263.21,0.0,1.75,297.83,288.4
NTRS,Northern Trust,Financials,Asset Management & Custody Banks,140.7,140.7,82.84,139.79,139.32,135.78,130.36,117.77,0.0,2.1,143.65,127.91
NOC,Northrop Grumman,Industrials,Aerospace & Defense,582.35,635.37,426.05,575.01,571.35,562.78,571.34,538.96,-0.2,0.65,586.14,539.4
NCLH,Norwegian Cruise Line Holdings,Consumer Discretionary,"Hotels, Resorts & Cruise Lines",23.17,29.07,15.5,23.04,22.14,20.44,20.48,21.01,0.0,4.49,24.21,16.67
NRG,NRG Energy,Utilities,Independent Power Producers & Energy Traders,160.56,178.04,82.84,157.29,158.82,162.7,165.79,146.69,-0.2,8.26,173.82,151.58
NUE,Nucor,Materials,Steel,165.49,166.57,102.37,162.08,162.71,161.8,151.78,134.66,0.0,0.92,167.01,156.58
NVDA,Nvidia,Information Technology,Semiconductors,188.61,207.03,94.29,183.33,179.75,180.79,185.84,158.71,0.0,0.72,189.97,171.62
NVR,"NVR, Inc.",Consumer Discretionary,Homebuilding,7385.29,8543.0,6700.0,7416.35,7474.59,7496.81,7415.77,7519.47,0.1,4.0,7680.7,7312.89
NXPI,NXP Semiconductors,Information Technology,Semiconductors,225.26,241.33,151.41,225.71,227.33,221.89,211.74,209.12,0.2,9.03,245.6,198.18
ORLY,O’Reilly Automotive,Consumer Discretionary,Automotive Retail,92.4,107.82,78.66,91.8,92.8,95.76,97.14,96.2,-0.2,11.47,103.0,88.53
OXY,Occidental Petroleum,Energy,Oil & Gas Exploration & Production,40.0,51.56,35.51,39.94,40.17,40.97,41.09,42.86,0.0,7.3,42.92,39.03
ODFL,Old Dominion,Industrials,Cargo Ground Transportation,159.36,207.79,126.04,158.64,158.18,152.47,142.67,152.18,0.1,5.83,168.65,136.3
OMC,Omnicom Group,Communication Services,Advertising,79.95,85.14,67.93,79.88,79.96,75.92,75.1,74.21,0.2,5.68,84.49,67.35
ON,ON Semiconductor,Information Technology,Semiconductors,55.08,67.9,31.95,55.34,55.06,54.29,51.49,48.68,0.2,6.17,58.48,50.09
OKE,Oneok,Energy,Oil & Gas Storage & Transportation,73.24,104.36,64.31,72.58,72.71,73.46,70.23,76.74,0.1,4.14,76.27,70.66
ORCL,Oracle Corporation,Information Technology,Application Software,197.49,327.76,122.35,192.64,190.41,200.89,230.55,213.81,-0.2,14.96,227.03,174.73
OTIS,Otis Worldwide,Industrials,Industrial Machinery & Supplies & Components,87.9,102.87,84.13,87.48,87.88,87.65,89.15,92.24,0.0,1.44,89.17,86.12
PCAR,Paccar,Industrials,Construction Machinery & Heavy Transportation Equipment,111.51,112.81,84.46,111.54,111.18,108.9,101.74,96.0,0.0,3.11,114.98,102.81
PKG,Packaging Corporation of America,Materials,Paper & Plastic Packaging Products & Materials,207.33,236.16,172.76,205.51,204.59,201.15,200.26,197.02,0.0,1.46,210.36,191.95
PLTR,Palantir Technologies,Information Technology,Application Software,194.17,207.18,64.98,192.27,188.08,182.01,180.93,148.65,0.0,2.79,199.59,164.43
PANW,Palo Alto Networks,Information Technology,Systems Software,187.22,221.38,152.44,187.52,187.61,190.03,201.12,192.34,0.0,5.79,198.06,182.0
PSKY,Paramount Skydance Corporation,Communication Services,Movies & Entertainment,13.74,19.65,10.01,13.39,13.55,14.25,15.21,13.76,-0.2,17.25,16.11,12.4
PH,Parker Hannifin,Industrials,Industrial Machinery & Supplies & Components,887.76,899.13,513.45,880.83,880.93,875.11,826.85,717.1,0.0,1.23,898.68,851.5
PAYX,Paychex,Industrials,Human Resource & Employment Services,114.58,157.06,108.46,114.02,114.75,113.36,115.21,134.71,-0.4,1.9,116.76,109.96
PAYC,Paycom,Industrials,Human Resource & Employment Services,160.4,264.67,159.21,162.5,163.77,163.52,173.42,213.49,0.2,4.6,167.78,159.26
PYPL,PayPal,Financials,Transaction & Payment Processing Services,60.04,91.6,57.28,59.71,60.42,61.12,64.08,68.06,0.2,5.3,63.22,59.02
PNR,Pentair,Industrials,Industrial Machinery & Supplies & Components,105.38,112.34,75.59,104.68,104.84,104.85,106.11,101.02,0.0,1.49,106.95,102.74
PEP,PepsiCo,Consumer Staples,Soft Drinks & Non-alcoholic Beverages,143.74,152.22,124.61,146.4,148.34,147.48,146.69,139.44,0.0,5.75,152.01,142.94
PFE,Pfizer,Health Care,Pharmaceuticals,25.03,26.9,20.47,25.07,25.4,25.5,24.95,23.87,0.0,5.03,26.29,24.72
PCG,PG&E Corporation,Utilities,Multi-Utilities,15.82,20.3,12.98,15.84,15.55,15.48,15.95,15.66,-0.2,2.78,16.26,14.7
PM,Philip Morris International,Consumer Staples,Tobacco,162.64,181.86,114.18,159.71,157.81,154.97,153.98,162.56,-0.1,0.77,163.89,146.05
PSX,Phillips 66,Energy,Oil & Gas Refining & Marketing,128.41,143.81,90.32,128.91,133.47,136.27,135.11,123.26,0.0,14.22,146.67,125.86
PNW,Pinnacle West Capital,Utilities,Multi-Utilities,88.36,92.82,78.54,87.99,87.96,88.23,89.09,89.22,0.0,2.31,90.4,86.07
PNC,PNC Financial Services,Financials,Diversified Banks,213.48,213.48,145.61,211.61,211.13,203.96,191.64,183.38,0.0,3.04,219.97,187.94
POOL,Pool Corporation,Consumer Discretionary,Distributors,231.24,358.43,230.21,232.49,235.43,238.43,253.69,293.17,0.0,7.16,247.8,229.05
PPG,PPG Industries,Materials,Specialty Chemicals,103.55,121.09,89.82,103.04,103.26,101.8,99.66,105.77,-0.1,1.29,104.89,98.71
PPL,PPL Corporation,Utilities,Electric Utilities,34.97,37.66,30.69,34.7,34.35,34.47,35.69,35.04,-0.2,3.66,36.25,32.69
PFG,Principal Financial Group,Financials,Life & Health Insurance,89.59,91.54,67.57,89.33,89.77,87.87,83.92,79.12,0.0,3.63,92.84,82.9
PG,Procter & Gamble,Consumer Staples,Personal Care Products,144.49,172.77,138.34,144.07,144.21,144.26,146.89,155.12,0.0,3.77,149.94,138.57
PGR,Progressive Corporation,Financials,Property & Casualty Insurance,227.66,290.89,203.7,226.41,229.28,227.84,222.35,250.9,-0.3,3.15,234.83,220.84
PLD,Prologis,Real Estate,Industrial REITs,129.15,129.65,87.44,127.88,128.35,127.86,125.38,111.02,0.0,0.53,129.83,125.9
PRU,Prudential Financial,Financials,Life & Health Insurance,114.55,117.6,91.53,114.82,115.85,113.0,107.02,103.39,0.2,4.45,119.65,106.36
PEG,Public Service Enterprise Group,Utilities,Electric Utilities,80.72,88.72,75.32,80.51,80.08,80.09,81.13,80.86,0.0,2.14,82.45,77.72
PTC,PTC Inc.,Information Technology,Application Software,176.47,216.53,136.74,177.12,176.43,175.86,183.38,182.27,0.2,1.54,179.19,172.53
PSA,Public Storage,Real Estate,Self-Storage REITs,262.08,308.4,258.1,260.69,265.32,267.27,275.94,282.76,-0.2,5.68,276.97,257.57
PHM,PulteGroup,Consumer Discretionary,Homebuilding,119.35,140.9,91.48,119.45,122.42,124.55,121.58,114.71,0.0,10.1,131.4,117.7
PWR,Quanta Services,Industrials,Construction & Engineering,433.58,466.91,236.5,429.96,434.34,447.02,442.81,374.22,0.2,10.48,479.02,415.04
QCOM,Qualcomm,Information Technology,Semiconductors,174.77,186.73,122.59,174.64,176.05,174.29,171.94,157.23,0.0,4.75,183.07,165.52
DGX,Quest Diagnostics,Health Care,Health Care Services,175.92,192.35,148.06,175.91,178.56,181.05,182.73,176.25,-0.2,7.49,189.1,173.0
Q,Qnity Electronics,Information Technology,Semiconductor Materials & Equipment,83.37,,,81.43,80.23,81.06,,,0.1,4.05,86.75,75.37
RL,Ralph Lauren Corporation,Consumer Discretionary,"Apparel, Accessories & Luxury Goods",361.52,371.7,181.18,364.83,366.87,364.11,343.62,288.75,0.0,3.76,375.11,353.12
RJF,Raymond James Financial,Financials,Investment Banking & Brokerage,165.8,175.92,122.89,164.16,163.44,161.94,160.75,155.28,0.0,1.97,169.07,154.8
RTX,RTX Corporation,Industrials,Aerospace & Defense,186.38,186.38,112.01,183.62,181.34,176.37,174.34,151.15,0.2,0.82,187.91,164.84
O,Realty Income,Real Estate,Retail REITs,56.67,60.07,49.07,56.47,57.06,57.29,57.45,56.36,0.0,3.41,58.6,55.98
REG,Regency Centers,Real Estate,Retail REITs,69.55,74.66,63.5,68.81,68.15,68.38,69.24,69.66,0.0,1.73,70.75,66.01
REGN,Regeneron Pharmaceuticals,Health Care,Biotechnology,783.71,787.32,481.73,772.98,760.18,747.28,690.68,600.47,0.2,2.14,800.48,694.04
RF,Regions Financial Corporation,Financials,Regional Banks,27.73,27.84,17.76,27.65,27.62,26.82,25.24,23.59,0.2,3.46,28.69,24.94
RSG,Republic Services,Industrials,Environmental & Facilities Services,213.2,256.75,198.59,213.16,213.47,213.56,213.61,232.04,0.0,2.39,218.3,208.82
RMD,ResMed,Health Care,Health Care Equipment,244.44,293.03,203.19,244.64,247.42,249.59,252.34,252.97,-0.2,5.37,257.57,241.63
RVTY,Revvity,Health Care,Health Care Equipment,96.78,126.56,82.44,96.93,98.12,100.2,96.81,94.58,0.2,9.66,106.13,94.28
HOOD,Robinhood Markets,Financials,Investment Banking & Brokerage,120.44,152.46,34.17,120.31,119.49,125.56,128.37,95.52,0.0,16.09,139.82,111.3
ROK,Rockwell Automation,Industrials,Electrical Components & Equipment,398.22,413.05,216.41,396.63,399.36,399.31,379.98,327.68,0.2,3.39,411.72,386.9
ROL,"Rollins, Inc.",Industrials,Environmental & Facilities Services,60.66,61.5,45.1,60.56,60.21,60.34,58.77,56.56,-0.2,2.37,62.1,58.58
ROP,Roper Technologies,Information Technology,Electronic Equipment & Instruments,451.18,591.12,439.64,449.05,447.66,446.22,455.14,524.43,-0.2,0.21,452.13,440.31
ROST,Ross Stores,Consumer Discretionary,Apparel Retail,181.68,184.28,121.95,181.59,182.26,179.92,168.36,146.65,0.0,1.97,185.26,174.59
RCL,Royal Caribbean Group,Consumer Discretionary,"Hotels, Resorts & Cruise Lines",294.12,364.72,176.89,293.49,287.96,274.35,276.55,279.7,0.0,3.51,304.44,244.26
SPGI,S&P Global,Financials,Financial Exchanges & Data,525.74,562.06,435.88,518.42,510.08,502.56,494.18,507.01,-0.1,-0.31,524.11,481.01
CRM,Salesforce,Information Technology,Application Software,265.26,357.62,225.01,262.22,260.12,252.75,248.14,256.43,0.1,4.65,277.59,227.9
SNDK,Sandisk,Information Technology,"Technology Hardware, Storage & Peripherals",250.08,,,238.62,225.89,221.33,211.81,93.47,0.2,0.94,252.43,190.25
SBAC,SBA Communications,Real Estate,Telecom Tower REITs,192.6,239.71,186.46,191.1,191.41,190.75,193.42,211.56,0.0,1.15,194.81,186.68
SLB,Schlumberger,Energy,Oil & Gas Equipment & Services,37.97,42.4,31.19,38.14,38.55,37.99,36.44,35.11,0.0,6.61,40.48,35.51
STX,Seagate Technology,Information Technology,"Technology Hardware, Storage & Peripherals",285.27,307.85,65.98,287.86,288.61,282.12,263.28,169.79,0.0,7.04,305.35,258.87
SRE,Sempra,Utilities,Multi-Utilities,88.84,94.03,62.32,87.96,88.05,89.1,90.64,80.01,-0.2,4.46,92.8,85.4
NOW,ServiceNow,Information Technology,Systems Software,152.59,234.08,144.33,154.46,158.46,162.73,170.82,181.71,-0.2,16.2,177.31,148.14
SHW,Sherwin-Williams,Materials,Specialty Chemicals,325.35,374.36,311.42,323.89,326.17,330.5,334.27,343.39,0.0,5.9,344.55,316.45
SPG,Simon Property Group,Real Estate,Retail REITs,188.29,188.29,135.26,186.51,184.73,182.87,179.91,166.42,0.2,0.04,188.37,177.39
SWKS,Skyworks Solutions,Information Technology,Semiconductors,64.51,90.17,47.71,64.68,65.6,66.78,69.0,69.14,0.0,9.13,70.4,63.16
SJM,J.M. Smucker Company (The),Consumer Staples,Packaged Foods & Meats,99.22,115.07,92.55,99.08,99.96,100.55,102.77,106.06,0.0,4.43,103.62,97.48
SW,Smurfit Westrock,Materials,Paper & Plastic Packaging Products & Materials,38.13,54.52,32.79,38.24,37.96,36.92,37.34,41.99,0.0,3.02,39.28,34.56
SNA,Snap-on,Industrials,Industrial Machinery & Supplies & Components,353.11,353.11,286.43,349.48,349.61,346.61,340.59,325.22,0.0,0.57,355.12,338.09
SOLS,Solstice Advanced Materials,Materials,Specialty Chemicals,49.61,,,49.49,49.33,48.32,,,-0.1,2.54,50.87,45.77
SOLV,Solventum,Health Care,Health Care Technology,80.18,85.77,63.01,80.76,81.2,82.71,77.14,73.55,-0.2,8.46,86.96,78.46
SO,Southern Company,Utilities,Electric Utilities,87.17,98.91,78.34,86.36,85.97,86.79,90.24,90.26,-0.2,3.82,90.5,83.08
LUV,Southwest Airlines,Industrials,Passenger Airlines,41.48,42.24,23.77,41.45,41.4,38.97,34.95,32.32,0.0,7.11,44.43,33.51
SWK,Stanley Black & Decker,Industrials,Industrial Machinery & Supplies & Components,74.87,86.37,53.89,74.09,74.15,73.12,69.45,68.67,0.2,2.39,76.66,69.58
SBUX,Starbucks,Consumer Discretionary,Restaurants,84.57,113.43,77.9,86.47,85.81,85.44,84.5,86.65,-0.1,4.88,88.7,82.18
STT,State Street Corporation,Financials,Asset Management & Custody Banks,132.22,132.22,74.25,129.93,129.04,125.49,119.75,105.54,0.0,1.72,134.49,116.49
STLD,Steel Dynamics,Materials,Steel,175.38,177.2,108.4,175.44,173.3,170.52,160.65,137.23,0.2,1.37,177.78,163.26
STE,Steris,Health Care,Health Care Equipment,255.68,267.99,200.94,254.42,253.51,257.58,253.05,239.21,0.0,4.44,267.03,248.15
SYK,Stryker Corporation,Health Care,Health Care Equipment,354.74,402.61,335.89,354.88,354.1,358.72,364.49,374.12,0.2,5.25,373.36,344.07
SMCI,Supermicro,Information Technology,"Technology Hardware, Storage & Peripherals",30.55,60.71,26.85,30.57,31.21,32.65,39.43,42.54,0.0,18.59,36.23,29.07
SYF,Synchrony Financial,Financials,Consumer Finance,86.06,86.06,43.2,85.17,84.56,82.1,76.84,66.65,0.0,2.28,88.02,76.18
SNPS,Synopsys,Information Technology,Application Software,475.75,645.35,380.9,470.86,465.56,458.77,436.81,489.15,0.1,4.1,495.26,422.27
SYY,Sysco,Consumer Staples,Food Distributors,74.25,82.73,67.09,74.48,74.72,74.42,75.39,75.48,0.2,3.08,76.54,72.31
TMUS,T-Mobile US,Communication Services,Wireless Telecommunication Services,199.02,269.54,195.16,197.89,197.35,201.66,208.85,233.33,0.0,6.79,212.53,190.8
TROW,T. Rowe Price,Financials,Asset Management & Custody Banks,104.68,111.66,77.29,104.02,103.89,103.28,101.9,97.3,0.0,1.25,105.99,100.58
TTWO,Take-Two Interactive,Communication Services,Interactive Home Entertainment,251.6,262.29,178.61,248.69,245.7,246.26,247.23,234.92,-0.2,0.06,251.75,240.78
TPR,"Tapestry, Inc.",Consumer Discretionary,"Apparel, Accessories & Luxury Goods",130.2,130.2,59.9,127.89,125.5,119.52,112.78,95.4,0.0,2.2,133.06,105.99
TRGP,Targa Resources,Energy,Oil & Gas Storage & Transportation,183.73,212.51,145.33,181.74,181.87,179.92,168.49,167.81,0.0,2.19,187.75,172.09
TGT,Target Corporation,Consumer Staples,Consumer Staples Merchandise Retail,96.53,136.48,83.68,96.62,97.1,94.46,91.9,94.35,-0.1,4.06,100.45,88.47
TEL,TE Connectivity,Information Technology,Electronic Manufacturing Services,231.9,249.0,121.04,230.81,230.88,231.39,233.38,190.33,0.0,4.56,242.47,220.32
TDY,Teledyne Technologies,Information Technology,Electronic Equipment & Instruments,520.4,593.62,435.54,514.38,513.69,510.47,517.21,517.98,-0.2,1.62,528.83,492.12
TER,Teradyne,Information Technology,Semiconductor Materials & Equipment,198.53,204.01,67.74,195.98,194.94,194.09,175.47,116.65,-0.2,5.28,209.01,179.16
TSLA,"Tesla, Inc.",Consumer Discretionary,Automobile Manufacturers,485.4,489.88,221.86,484.85,476.26,458.56,443.34,354.83,0.2,3.31,501.47,415.63
TXN,Texas Instruments,Information Technology,Semiconductors,177.13,217.72,142.07,177.1,177.66,177.05,169.15,179.28,-0.1,5.3,186.52,167.58
TPL,Texas Pacific Land Corporation,Energy,Oil & Gas Exploration & Production,296.0,474.47,273.56,298.84,291.83,293.91,304.92,349.38,0.0,5.59,312.55,275.26
TXT,Textron,Industrials,Aerospace & Defense,90.87,90.88,60.68,89.93,88.54,85.98,83.03,78.62,0.0,0.95,91.73,80.22
TMO,Thermo Fisher Scientific,Health Care,Life Sciences Tools & Services,579.12,604.6,389.62,573.0,572.39,575.14,570.34,483.11,-0.2,2.17,591.69,558.62
TJX,TJX Companies,Consumer Discretionary,Apparel Retail,157.29,157.29,111.77,155.85,155.85,154.07,148.3,133.63,0.0,0.83,158.6,149.54
TKO,TKO Group Holdings,Communication Services,Movies & Entertainment,217.98,217.98,137.6,214.84,211.51,203.97,192.3,175.46,0.0,1.36,220.94,187.0
TTD,Trade Desk (The),Communication Services,Advertising,38.12,126.58,36.19,37.48,37.11,38.26,43.26,57.49,-0.2,6.87,40.74,35.78
TSCO,Tractor Supply,Consumer Discretionary,Other Specialty Retail,51.65,62.38,47.42,51.64,52.1,52.92,53.77,54.24,0.0,6.7,55.11,50.73
TT,Trane Technologies,Industrials,Building Products,393.18,471.46,313.81,390.37,391.95,399.66,413.59,407.03,0.0,6.93,420.43,378.92
TDG,TransDigm Group,Industrials,Aerospace & Defense,1313.57,1516.55,1152.5,1293.9,1290.59,1316.6,1314.44,1326.54,-0.3,5.15,1381.22,1252.0
TRV,Travelers Companies (The),Financials,Property & Casualty Insurance,293.84,293.84,228.7,292.9,290.42,287.29,280.41,267.86,0.2,1.56,298.42,276.17
TRMB,Trimble Inc.,Information Technology,Electronic Equipment & Instruments,80.01,85.24,55.12,80.65,80.64,81.34,79.82,75.67,0.0,4.59,83.68,79.0
TFC,Truist Financial,Financials,Diversified Banks,50.74,50.74,33.53,50.36,50.1,48.72,45.85,42.4,0.0,2.13,51.82,45.63
TYL,Tyler Technologies,Information Technology,Application Software,461.32,646.74,447.0,460.37,455.96,459.47,472.62,538.57,-0.2,2.36,472.21,446.74
TSN,Tyson Foods,Consumer Staples,Packaged Foods & Meats,58.26,62.13,50.27,58.28,58.71,57.87,54.64,55.27,-0.1,3.09,60.06,55.67
USB,U.S. Bancorp,Financials,Diversified Banks,54.94,54.94,35.62,54.47,54.02,52.37,49.18,45.27,0.0,2.44,56.28,48.47
UBER,Uber,Industrials,Passenger Ground Transportation,81.15,100.1,60.32,80.48,81.49,85.05,89.43,87.76,-0.2,15.34,93.6,76.5
UDR,"UDR, Inc.",Real Estate,Multi-Family Residential REITs,36.43,44.54,33.56,36.07,35.92,35.76,35.34,38.46,-0.1,0.82,36.73,34.79
ULTA,Ulta Beauty,Consumer Discretionary,Other Specialty Retail,608.52,612.95,314.47,603.49,597.89,581.07,544.05,480.65,0.2,4.34,634.93,527.18
UNP,Union Pacific Corporation,Industrials,Rail Transportation,235.05,248.49,204.53,234.49,236.16,234.49,226.23,223.43,0.2,2.21,240.24,228.75
UAL,United Airlines Holdings,Industrials,Passenger Airlines,114.81,116.02,56.15,114.24,111.69,108.1,100.86,88.88,0.2,1.98,117.08,99.12
UPS,United Parcel Service,Industrials,Air Freight & Logistics,100.66,127.5,81.17,101.12,100.81,98.52,94.01,92.65,0.0,2.98,103.66,93.38
URI,United Rentals,Industrials,Trading Companies & Distributors,824.77,1017.86,548.35,814.46,814.61,809.46,848.83,795.3,-0.2,1.02,833.18,785.71
UNH,UnitedHealth Group,Health Care,Managed Health Care,327.58,587.56,234.7,326.62,331.86,329.5,333.74,347.93,0.0,4.16,341.21,317.81
UHS,Universal Health Services,Health Care,Health Care Facilities,227.08,243.98,154.65,226.64,225.18,229.17,224.15,191.92,-0.4,6.76,242.43,215.91
VLO,Valero Energy,Energy,Oil & Gas Refining & Marketing,164.47,184.27,102.32,163.49,165.13,170.63,170.64,144.94,0.0,11.14,182.79,158.46
VTR,Ventas,Real Estate,Health Care REITs,79.62,81.0,55.68,79.38,78.79,79.44,76.51,68.51,0.0,2.39,81.52,77.37
VLTO,Veralto,Industrials,Environmental & Facilities Services,102.29,109.64,85.14,101.66,100.54,100.68,100.52,100.72,0.1,1.34,103.66,97.7
VRSN,Verisign,Information Technology,Internet Services & Infrastructure,245.75,304.16,198.23,245.08,243.87,246.6,247.9,264.65,0.0,3.54,254.45,238.75
VRSK,Verisk Analytics,Industrials,Research & Consulting Services,218.85,319.65,207.57,218.87,218.19,219.62,221.6,268.88,-0.2,3.14,225.72,213.52
VZ,Verizon,Communication Services,Integrated Telecommunication Services,40.32,44.3,36.0,40.09,40.4,40.62,40.35,41.64,0.1,3.22,41.62,39.61
VRTX,Vertex Pharmaceuticals,Health Care,Biotechnology,462.99,513.76,366.54,457.22,454.42,448.42,433.26,440.65,-0.1,1.6,470.4,426.44
VTRS,Viatris,Health Care,Pharmaceuticals,12.24,12.24,7.0,12.03,11.82,11.37,10.75,9.4,0.0,1.39,12.41,10.32
VICI,Vici Properties,Real Estate,Hotel & Resort REITs,27.96,32.93,26.65,27.88,27.97,27.87,28.99,30.67,-0.2,2.15,28.56,27.18
V,Visa Inc.,Financials,Transaction & Payment Processing Services,355.14,371.92,304.76,351.17,348.57,339.05,337.96,343.5,0.1,1.13,359.15,318.93
VST,Vistra Corp.,Utilities,Electric Utilities,161.96,217.62,97.7,162.79,165.91,168.48,179.28,172.68,0.0,10.88,179.58,157.37
VMC,Vulcan Materials Company,Materials,Construction Materials,293.64,308.54,219.27,291.71,292.79,293.33,291.4,274.38,-0.2,2.08,299.75,286.91
WRB,W. R. Berkley Corporation,Financials,Property & Casualty Insurance,70.64,77.23,55.22,70.0,69.33,69.68,72.26,70.37,-0.2,6.8,75.44,63.92
GWW,W. W. Grainger,Industrials,Industrial Machinery & Supplies & Components,1030.73,1122.37,913.57,1026.81,1026.07,994.47,968.04,998.16,0.1,2.98,1061.45,927.46
WAB,Wabtec,Industrials,Construction Machinery & Heavy Transportation Equipment,219.76,221.71,159.62,218.15,216.41,213.87,206.12,196.62,0.2,0.86,221.65,206.08
WMT,Walmart,Consumer Staples,Consumer Staples Merchandise Retail,111.61,116.79,81.24,112.86,114.42,113.58,107.76,99.16,-0.2,5.56,117.82,109.33
DIS,Walt Disney Company (The),Communication Services,Movies & Entertainment,114.48,123.18,80.83,112.64,111.75,108.49,108.9,108.95,0.0,0.95,115.57,101.42
WBD,Warner Bros. Discovery,Communication Services,Broadcasting,29.23,29.98,7.69,28.5,28.88,27.26,23.94,14.9,-0.2,8.21,31.63,22.9
WM,Waste Management,Industrials,Environmental & Facilities Services,221.36,239.43,196.01,219.2,218.07,215.7,210.86,222.05,-0.1,0.66,222.82,208.57
WAT,Waters Corporation,Health Care,Life Sciences Tools & Services,384.83,417.28,277.72,381.3,382.51,389.78,374.79,339.15,0.0,5.89,407.5,372.07
WEC,WEC Energy Group,Utilities,Electric Utilities,105.55,116.56,89.09,104.93,104.65,106.03,110.0,107.04,-0.2,5.18,111.02,101.04
WFC,Wells Fargo,Financials,Diversified Banks,95.3,95.3,59.98,93.71,93.16,90.69,87.33,78.58,0.0,1.39,96.62,84.75
WELL,Welltower,Real Estate,Health Care REITs,187.7,208.22,121.91,186.9,187.62,194.78,189.49,164.37,0.0,12.32,210.82,178.75
WST,West Pharmaceutical Services,Health Care,Health Care Supplies,276.66,346.74,189.89,274.05,271.78,273.39,274.63,241.71,-0.2,2.56,283.74,263.04
WDC,Western Digital,Information Technology,"Technology Hardware, Storage & Peripherals",179.56,187.2,30.42,178.13,176.71,170.89,155.28,88.78,0.0,4.8,188.18,153.6
WY,Weyerhaeuser,Real Estate,Timber REITs,23.76,30.38,21.15,23.62,23.5,22.79,22.66,24.88,0.1,2.53,24.36,21.21
WSM,"Williams-Sonoma, Inc.",Consumer Discretionary,Homefurnishing Retail,189.47,215.07,135.95,189.78,188.24,184.27,186.7,176.95,-0.2,2.16,193.56,174.98
WMB,Williams Companies,Energy,Oil & Gas Storage & Transportation,59.46,63.95,52.14,59.01,59.19,60.09,59.51,58.42,0.2,5.25,62.58,57.59
WTW,Willis Towers Watson,Financials,Insurance Brokers,334.52,349.93,294.27,332.29,330.43,324.89,323.72,320.16,0.0,0.76,337.06,312.73
WDAY,"Workday, Inc.",Information Technology,Application Software,216.85,277.82,210.47,217.4,218.25,217.87,226.29,235.09,0.2,3.58,224.61,211.12
WYNN,Wynn Resorts,Consumer Discretionary,Casinos & Gaming,125.02,133.09,65.64,126.08,125.67,126.92,123.85,105.97,0.0,5.94,132.45,121.39
XEL,Xcel Energy,Utilities,Multi-Utilities,74.09,82.11,61.84,73.65,74.07,76.11,78.86,72.72,-0.2,9.99,81.49,70.72
XYL,Xylem Inc.,Industrials,Industrial Machinery & Supplies & Components,138.73,152.52,101.96,138.24,138.11,138.81,143.31,133.04,-0.2,2.03,141.55,136.09
YUM,Yum! Brands,Consumer Discretionary,Restaurants,154.32,160.2,120.91,154.51,152.97,150.08,147.66,146.44,0.2,2.6,158.33,141.83
ZBRA,Zebra Technologies,Information Technology,Electronic Equipment & Instruments,245.9,421.11,213.54,249.28,256.91,258.26,263.78,286.97,-0.2,11.67,274.6,241.92
ZBH,Zimmer Biomet,Health Care,Health Care Equipment,90.23,112.61,87.55,89.8,90.79,92.53,94.52,97.7,0.0,7.62,97.11,87.95
ZTS,Zoetis,Health Care,Pharmaceuticals,125.49,173.89,115.75,123.56,122.06,122.09,127.92,147.42,0.2,2.79,128.99,115.19
