Symbol,Company,GICS_Sector,GICS_Sub_Industry,Current_Price,52_Week_High,52_Week_Low,SMA_5,SMA_10,SMA_20,SMA_50,SMA_100,SMA_125,SMA_200
MMM,3M,Industrials,Industrial Conglomerates,163.7,174.69,120.31,169.02,169.95,168.64,162.85,157.83,156.2,151.11
AOS,A. O. Smith,Industrials,Building Products,67.0,76.52,57.94,67.1,66.33,65.56,67.5,69.49,68.75,67.42
ABT,Abbott Laboratories,Health Care,Health Care Equipment,121.96,139.33,109.21,124.81,126.47,127.23,128.26,129.32,129.94,129.95
ABBV,AbbVie,Health Care,Biotechnology,222.85,243.06,160.33,226.45,227.4,229.12,227.75,216.07,210.04,202.45
ACN,Accenture,Information Technology,IT Consulting & Other Services,267.13,394.41,229.4,267.39,258.51,251.33,248.31,251.11,260.23,279.32
ADBE,Adobe Inc.,Information Technology,Application Software,339.15,557.9,311.59,332.75,326.25,326.53,336.91,346.17,353.27,369.09
AMD,Advanced Micro Devices,Information Technology,Semiconductors,220.42,267.08,76.48,217.44,215.99,224.96,225.74,195.56,183.98,153.65
AES,AES Corporation,Utilities,Independent Power Producers & Energy Traders,13.85,15.32,9.16,13.88,13.9,13.89,14.03,13.5,13.04,12.16
AFL,Aflac,Financials,Life & Health Insurance,108.15,115.24,95.64,108.91,109.7,110.96,109.86,107.21,106.14,105.64
A,Agilent Technologies,Health Care,Life Sciences Tools & Services,142.48,160.27,96.03,146.87,150.31,148.66,144.56,132.59,129.72,123.63
APD,Air Products,Materials,Industrial Gases,235.39,334.71,230.38,254.96,257.12,257.14,257.28,272.63,274.53,275.82
ABNB,Airbnb,Consumer Discretionary,"Hotels, Resorts & Cruise Lines",121.79,163.93,99.88,121.11,119.11,118.6,121.64,124.75,126.85,126.93
AKAM,Akamai Technologies,Information Technology,Internet Services & Infrastructure,85.43,103.75,67.51,86.06,87.6,87.9,80.27,78.5,78.58,78.62
ALB,Albemarle Corporation,Materials,Specialty Chemicals,127.49,132.9,48.84,125.29,125.28,119.92,104.0,91.14,85.9,77.59
ARE,Alexandria Real Estate Equities,Real Estate,Office REITs,45.03,100.81,44.1,47.87,50.36,51.09,63.38,71.37,71.74,74.75
ALGN,Align Technology,Health Care,Health Care Supplies,157.51,246.19,122.0,155.5,150.98,144.23,137.21,142.74,152.16,160.2
ALLE,Allegion,Industrials,Building Products,158.96,180.68,116.14,161.42,163.23,163.25,168.97,168.81,163.86,152.13
LNT,Alliant Energy,Utilities,Electric Utilities,64.96,69.59,54.52,65.82,67.22,67.46,67.34,65.9,64.79,63.29
ALL,Allstate,Financials,Property & Casualty Insurance,200.61,214.88,173.06,205.36,208.47,208.79,203.36,202.39,200.75,199.66
GOOGL,Alphabet Inc. (Class A),Communication Services,Interactive Media & Services,312.09,328.83,140.23,317.28,318.35,302.89,276.0,245.62,231.68,205.84
GOOG,Alphabet Inc. (Class C),Communication Services,Interactive Media & Services,312.81,328.67,142.36,317.99,318.76,303.33,276.59,246.26,232.38,206.96
MO,Altria,Consumer Staples,Tobacco,58.16,67.51,47.59,58.34,58.42,58.31,61.22,62.39,61.51,59.44
AMZN,Amazon,Consumer Discretionary,Broadline Retail,229.53,258.6,161.38,231.86,229.83,232.6,228.39,227.93,225.97,214.8
AMCR,Amcor,Materials,Paper & Plastic Packaging Products & Materials,8.26,10.3,7.67,8.35,8.44,8.45,8.23,8.54,8.7,8.95
AEE,Ameren,Utilities,Multi-Utilities,99.24,106.73,84.54,100.59,102.8,103.71,103.74,101.89,100.53,99.06
AEP,American Electric Power,Utilities,Electric Utilities,116.05,124.8,86.88,117.78,119.95,121.05,118.24,113.79,111.4,108.06
AXP,American Express,Financials,Consumer Finance,362.67,377.23,219.32,366.6,364.11,359.85,350.52,333.32,328.55,308.14
AIG,American International Group,Financials,Multi-line Insurance,76.35,87.1,68.15,76.94,76.36,76.59,78.39,78.69,79.6,80.36
AMT,American Tower,Real Estate,Telecom Tower REITs,182.67,232.28,168.28,178.47,179.05,180.21,183.95,193.96,198.68,202.59
AWK,American Water Works,Utilities,Water Utilities,128.7,152.71,115.89,129.77,130.17,130.08,133.98,137.08,137.55,138.7
AMP,Ameriprise Financial,Financials,Asset Management & Custody Banks,476.7,574.69,392.21,470.95,461.78,457.63,468.45,486.85,494.08,491.92
AME,Ametek,Industrials,Electrical Components & Equipment,199.26,203.83,144.31,198.77,197.46,195.46,190.97,187.54,185.85,180.94
AMGN,Amgen,Health Care,Biotechnology,321.2,346.38,245.31,335.01,337.8,336.46,311.27,298.52,296.09,292.64
APH,Amphenol,Information Technology,Electronic Components,139.88,144.37,56.27,139.77,139.34,137.75,133.06,122.36,117.25,100.82
ADI,Analog Devices,Information Technology,Semiconductors,278.11,283.24,157.31,277.57,266.91,249.91,242.81,240.92,240.04,226.95
AON,Aon plc,Financials,Insurance Brokers,343.43,411.24,322.37,345.3,347.99,348.05,348.37,355.88,355.49,362.74
APA,APA Corporation,Energy,Oil & Gas Exploration & Production,26.27,27.72,13.04,26.5,25.59,24.94,23.9,22.52,21.8,20.16
APO,Apollo Global Management,Financials,Asset Management & Custody Banks,137.11,186.86,101.44,135.71,133.28,130.98,127.95,133.88,135.2,134.44
AAPL,Apple Inc.,Information Technology,"Technology Hardware, Storage & Peripherals",277.39,288.62,168.63,281.44,279.96,275.22,265.88,247.02,238.51,227.9
AMAT,Applied Materials,Information Technology,Semiconductor Materials & Equipment,267.59,273.59,122.8,267.8,256.93,242.13,231.28,204.11,200.08,182.3
APTV,Aptiv,Consumer Discretionary,Automotive Parts & Equipment,76.63,88.8,47.19,77.0,76.76,77.19,81.43,78.76,76.91,71.13
ACGL,Arch Capital Group,Financials,Property & Casualty Insurance,91.11,99.31,82.45,92.13,92.77,92.21,90.2,89.99,89.96,90.97
ADM,Archer Daniels Midland,Consumer Staples,Agricultural Products & Services,58.12,64.46,39.88,59.32,59.68,58.83,59.83,59.26,57.92,53.59
ANET,Arista Networks,Information Technology,Communications Equipment,128.59,164.94,59.43,128.05,126.32,128.09,140.78,136.96,129.38,112.58
AJG,Arthur J. Gallagher & Co.,Financials,Insurance Brokers,237.92,348.85,236.7,242.13,244.81,249.19,269.06,282.99,289.4,304.75
AIZ,Assurant,Financials,Multi-line Insurance,221.63,231.13,172.97,222.49,224.53,224.93,218.33,211.26,207.51,203.97
T,AT&T,Communication Services,Integrated Telecommunication Services,24.83,29.47,20.72,25.27,25.54,25.51,25.65,26.95,27.05,26.87
ATO,Atmos Energy,Utilities,Gas Utilities,167.49,179.62,133.05,170.19,172.27,173.74,173.54,167.58,164.44,159.55
ADSK,Autodesk,Information Technology,Application Software,300.78,329.09,232.67,306.17,302.5,298.85,304.58,304.84,303.96,293.01
ADP,Automatic Data Processing,Industrials,Human Resource & Employment Services,259.62,326.59,247.18,259.61,256.99,254.73,269.08,284.09,288.15,293.49
AZO,AutoZone,Consumer Discretionary,Automotive Retail,3772.97,4388.11,3162.0,3817.16,3875.47,3847.16,3908.27,3989.12,3925.34,3826.78
AVB,AvalonBay Communities,Real Estate,Multi-Family Residential REITs,177.21,224.32,166.73,179.46,180.28,179.04,182.33,186.83,189.71,195.1
AVY,Avery Dennison,Materials,Paper & Plastic Packaging Products & Materials,175.17,202.13,154.46,175.27,172.69,171.66,168.9,168.96,170.54,171.86
AXON,Axon Enterprise,Industrials,Aerospace & Defense,550.95,885.92,469.24,543.21,536.49,546.66,642.82,701.17,716.63,676.46
BKR,Baker Hughes,Energy,Oil & Gas Equipment & Services,49.2,51.12,33.06,49.99,49.73,48.96,47.93,46.22,44.7,42.6
BALL,Ball Corporation,Materials,"Metal, Glass & Plastic Containers",47.74,59.82,43.01,48.56,48.84,48.13,48.35,50.61,51.81,51.45
BAC,Bank of America,Financials,Diversified Banks,53.85,54.83,32.53,53.68,53.13,52.65,51.85,50.21,49.37,46.17
BAX,Baxter International,Health Care,Health Care Equipment,18.16,37.25,17.39,18.58,18.64,18.38,20.42,22.38,23.87,26.69
BDX,Becton Dickinson,Health Care,Health Care Equipment,189.64,248.0,161.47,192.28,192.76,191.66,188.2,187.72,184.76,189.87
BBY,Best Buy,Consumer Discretionary,Computer & Electronics Retail,72.7,88.15,53.55,74.04,76.3,76.1,77.9,74.45,73.32,71.72
TECH,Bio-Techne,Health Care,Life Sciences Tools & Services,60.24,78.83,45.8,62.45,63.45,61.35,61.06,57.35,56.21,55.3
BIIB,Biogen,Health Care,Biotechnology,180.36,185.17,110.04,180.91,180.52,172.98,158.76,147.3,143.8,138.65
BLK,BlackRock,Financials,Asset Management & Custody Banks,1061.72,1214.03,762.34,1062.5,1046.4,1043.4,1095.44,1105.3,1090.2,1027.68
BX,Blackstone Inc.,Financials,Asset Management & Custody Banks,151.34,188.42,113.15,150.63,147.57,144.25,151.45,161.86,159.12,151.1
XYZ,"Block, Inc.",Financials,Transaction & Payment Processing Services,60.96,99.26,44.27,61.1,62.72,62.55,70.56,73.5,72.07,66.67
BK,BNY Mellon,Financials,Asset Management & Custody Banks,114.26,114.99,69.31,113.48,111.99,110.55,108.47,105.79,102.84,95.3
BA,Boeing,Industrials,Aerospace & Defense,205.97,242.69,128.88,203.53,194.16,192.12,204.57,215.5,214.96,201.57
BKNG,Booking Holdings,Consumer Discretionary,"Hotels, Resorts & Cruise Lines",5190.21,5818.24,4074.35,5113.54,5002.09,4943.23,5073.64,5306.02,5356.23,5181.32
BSX,Boston Scientific,Health Care,Health Care Equipment,93.85,109.5,85.98,97.34,98.96,99.82,99.13,101.45,101.78,101.38
BMY,Bristol Myers Squibb,Health Care,Pharmaceuticals,51.76,61.0,42.38,51.02,49.95,48.59,46.2,46.11,46.18,48.15
AVGO,Broadcom,Information Technology,Semiconductors,399.01,407.29,137.54,386.49,388.21,367.73,356.83,334.86,321.09,275.58
BR,Broadridge Financial Solutions,Industrials,Data Processing & Outsourced Services,227.45,270.85,210.73,229.68,228.51,226.9,228.64,240.01,239.57,237.75
BRO,Brown & Brown,Financials,Insurance Brokers,77.69,125.05,76.17,79.04,79.7,79.8,84.74,89.88,93.4,101.44
BLDR,Builders FirstSource,Industrials,Building Products,107.38,179.93,94.35,110.99,110.16,105.98,115.1,124.6,123.93,122.9
BG,Bunge Global,Consumer Staples,Agricultural Products & Services,92.1,98.82,65.12,94.29,95.05,94.92,91.74,85.94,84.38,80.77
BXP,"BXP, Inc.",Real Estate,Office REITs,68.54,79.1,52.95,70.26,71.14,70.74,71.68,70.87,70.46,68.25
CHRW,C.H. Robinson,Industrials,Air Freight & Logistics,153.34,162.14,83.39,157.18,157.34,154.16,142.2,131.29,124.1,112.89
CDNS,Cadence Design Systems,Information Technology,Application Software,337.5,376.45,221.56,333.28,320.23,316.01,329.08,339.44,333.47,311.63
CZR,Caesars Entertainment,Consumer Discretionary,Casinos & Gaming,23.67,40.0,18.25,23.31,22.88,21.5,22.17,24.27,25.19,26.16
CPT,Camden Property Trust,Real Estate,Multi-Family Residential REITs,102.86,123.08,97.17,104.56,105.21,104.03,103.14,105.61,107.07,109.99
CPB,Campbell's Company (The),Consumer Staples,Packaged Foods & Meats,30.33,42.36,29.03,29.8,30.14,30.61,30.66,31.46,31.35,33.18
COF,Capital One,Financials,Consumer Finance,230.83,233.04,141.84,228.49,222.27,216.16,215.56,216.8,215.15,201.91
CAH,Cardinal Health,Health Care,Health Care Distributors,199.09,214.93,112.98,200.39,206.03,206.22,182.31,167.11,166.16,155.72
KMX,CarMax,Consumer Discretionary,Automotive Retail,39.15,91.25,30.26,38.92,38.32,36.14,40.28,49.44,52.89,59.46
CCL,Carnival,Consumer Discretionary,"Hotels, Resorts & Cruise Lines",26.01,32.8,15.07,25.92,25.72,25.96,27.47,28.98,28.55,25.64
CARR,Carrier Global,Industrials,Building Products,53.18,80.78,50.3,54.08,53.96,53.92,56.4,61.28,63.66,64.49
CAT,Caterpillar Inc.,Industrials,Construction Machinery & Heavy Transportation Equipment,595.38,607.0,264.29,594.33,581.54,569.17,542.41,486.0,465.25,413.1
CBOE,Cboe Global Markets,Financials,Financial Exchanges & Data,254.16,262.98,186.22,254.02,255.35,256.51,247.63,244.57,241.78,233.02
CBRE,CBRE Group,Real Estate,Real Estate Services,155.82,171.0,108.45,159.95,160.34,156.6,155.99,156.97,153.2,143.36
CDW,CDW Corporation,Information Technology,Technology Distributors,145.4,219.61,135.03,144.81,144.02,142.78,149.03,158.02,161.49,163.69
COR,Cencora,Health Care,Health Care Distributors,337.72,377.54,222.21,340.2,354.55,358.94,339.09,315.71,311.47,298.16
CNC,Centene Corporation,Health Care,Managed Health Care,37.94,66.81,25.08,38.55,38.73,37.34,36.58,32.85,35.19,44.32
CNP,CenterPoint Energy,Utilities,Multi-Utilities,38.17,40.28,29.87,38.37,39.01,39.26,39.12,38.46,37.92,37.16
CF,CF Industries,Materials,Fertilizers & Agricultural Chemicals,77.6,103.22,66.16,78.79,78.62,80.09,83.55,85.23,87.1,84.17
CRL,Charles River Laboratories,Health Care,Life Sciences Tools & Services,187.15,202.72,91.86,182.98,179.66,173.21,174.94,167.2,164.39,156.06
SCHW,Charles Schwab Corporation,Financials,Investment Banking & Brokerage,94.07,99.14,65.3,93.79,92.75,93.17,93.58,94.39,93.52,88.44
CHTR,Charter Communications,Communication Services,Cable & Satellite,205.57,437.06,193.0,201.67,200.5,202.01,232.32,255.94,284.02,318.14
CVX,Chevron Corporation,Energy,Integrated Oil & Gas,148.24,163.27,127.59,150.47,150.38,151.62,151.97,152.67,151.11,147.64
CMG,Chipotle Mexican Grill,Consumer Discretionary,Restaurants,33.6,66.74,29.75,33.95,33.71,32.3,36.18,39.44,42.42,45.43
CB,Chubb Limited,Financials,Property & Casualty Insurance,297.24,305.88,250.52,295.29,295.8,295.3,286.27,280.04,280.62,283.23
CHD,Church & Dwight,Consumer Staples,Household Products,81.93,115.32,81.05,83.57,83.9,83.91,85.53,89.08,90.55,94.75
CI,Cigna,Health Care,Health Care Services,264.19,344.64,238.17,267.89,271.06,269.82,281.39,285.7,290.83,300.24
CINF,Cincinnati Financial,Financials,Property & Casualty Insurance,161.18,169.86,121.6,162.62,165.03,164.74,160.67,156.24,154.17,149.24
CTAS,Cintas,Industrials,Diversified Support Services,183.29,228.23,179.31,184.59,184.49,184.71,188.57,200.46,204.05,205.4
CSCO,Cisco,Information Technology,Communications Equipment,78.84,80.06,51.49,77.84,77.08,76.45,72.7,70.2,69.53,65.9
C,Citigroup,Financials,Diversified Banks,108.65,110.25,54.39,107.05,104.49,102.18,99.94,97.74,94.77,85.4
CFG,Citizens Financial Group,Financials,Regional Banks,55.86,56.44,31.67,55.51,54.72,53.11,51.92,50.8,49.42,45.46
CLX,Clorox,Consumer Staples,Household Products,101.32,165.17,98.2,104.48,105.7,104.16,111.38,116.68,117.61,124.95
CME,CME Group,Financials,Financial Exchanges & Data,271.18,288.09,221.44,273.41,276.11,277.23,271.37,270.73,271.15,268.74
CMS,CMS Energy,Utilities,Multi-Utilities,70.48,75.54,62.07,71.62,73.11,73.6,73.27,72.37,71.66,71.31
KO,Coca-Cola Company (The),Consumer Staples,Soft Drinks & Non-alcoholic Beverages,70.29,72.91,58.88,70.44,71.33,71.07,69.0,68.35,68.52,68.87
CTSH,Cognizant,Information Technology,IT Consulting & Other Services,80.88,89.37,64.7,79.75,78.23,75.52,71.31,71.02,72.31,74.02
COIN,Coinbase,Financials,Financial Exchanges & Data,274.75,444.65,142.58,271.74,266.64,271.06,315.28,322.95,325.87,282.18
CL,Colgate-Palmolive,Consumer Staples,Household Products,76.29,98.37,74.55,77.8,78.83,78.9,78.19,80.94,82.52,85.46
CMCSA,Comcast,Communication Services,Cable & Satellite,26.62,41.72,25.75,27.12,26.86,27.1,28.47,30.63,31.43,32.49
CAG,Conagra Brands,Consumer Staples,Packaged Foods & Meats,17.18,27.05,16.6,17.11,17.42,17.39,17.7,18.14,18.49,20.39
COP,ConocoPhillips,Energy,Oil & Gas Exploration & Production,93.07,103.48,77.84,92.2,90.12,89.35,89.07,91.29,91.35,90.86
ED,Consolidated Edison,Utilities,Multi-Utilities,95.65,112.03,84.37,96.36,97.79,99.05,98.91,99.07,99.04,100.88
STZ,Constellation Brands,Consumer Staples,Distillers & Vintners,142.08,239.24,126.45,139.68,137.18,133.81,135.26,145.66,149.37,160.62
CEG,Constellation Energy,Utilities,Electric Utilities,358.27,412.23,160.75,362.33,359.98,352.91,363.28,343.59,337.13,301.49
COO,Cooper Companies (The),Health Care,Health Care Supplies,77.92,104.47,61.78,77.63,77.57,74.84,72.29,71.26,71.38,74.83
CPRT,Copart,Industrials,Diversified Support Services,38.38,63.85,38.18,38.74,38.86,40.05,42.36,44.71,45.41,49.65
GLW,Corning Inc.,Information Technology,Electronic Components,88.22,92.26,36.82,85.38,84.31,83.61,84.76,76.06,71.15,61.61
CPAY,Corpay,Financials,Transaction & Payment Processing Services,303.77,400.81,252.84,301.33,297.11,289.06,284.21,300.49,306.43,316.77
CTVA,Corteva,Materials,Fertilizers & Agricultural Chemicals,65.43,77.02,53.0,65.72,66.03,65.57,64.02,67.9,69.09,66.85
CSGP,CoStar Group,Real Estate,Real Estate Services,66.48,97.43,63.82,67.98,68.13,67.76,72.77,81.2,81.42,79.93
COST,Costco,Consumer Staples,Consumer Staples Merchandise Retail,886.8,1073.82,868.14,904.33,903.59,905.9,918.63,936.44,945.14,958.34
CTRA,Coterra,Energy,Oil & Gas Exploration & Production,26.51,29.04,21.87,26.96,26.7,26.34,24.72,24.19,24.39,24.74
CRWD,CrowdStrike,Information Technology,Systems Software,513.49,566.9,298.0,515.87,511.34,519.84,515.24,480.04,481.97,451.18
CCI,Crown Castle,Real Estate,Telecom Tower REITs,90.86,114.47,81.02,89.07,89.41,90.44,93.2,96.61,97.4,97.65
CSX,CSX Corporation,Industrials,Rail Transportation,36.37,37.05,25.91,35.95,35.42,34.9,35.37,34.69,34.3,32.49
CMI,Cummins,Industrials,Construction Machinery & Heavy Transportation Equipment,506.98,515.83,256.13,507.53,500.95,484.65,449.52,419.96,401.06,367.87
CVS,CVS Health,Health Care,Health Care Services,76.43,85.15,41.77,76.29,77.71,77.94,78.43,73.38,71.76,68.79
DHR,Danaher Corporation,Health Care,Life Sciences Tools & Services,224.37,256.97,170.43,226.56,226.99,223.83,216.1,207.41,205.73,202.65
DRI,Darden Restaurants,Consumer Discretionary,Restaurants,179.76,224.86,154.97,177.14,177.18,174.93,181.14,191.86,196.3,196.87
DDOG,Datadog,Information Technology,Application Software,154.16,201.69,81.63,154.18,156.46,168.71,162.66,149.58,146.5,131.61
DVA,DaVita,Health Care,Health Care Services,116.98,179.6,113.97,117.82,118.9,119.21,123.61,129.91,132.05,136.53
DAY,Dayforce,Industrials,Human Resource & Employment Services,69.04,80.97,48.01,69.09,69.07,68.97,68.72,66.03,64.18,61.68
DECK,Deckers Brands,Consumer Discretionary,Footwear,100.89,223.98,78.91,96.71,91.94,87.32,91.39,101.12,101.47,107.36
DE,Deere & Company,Industrials,Agricultural & Farm Machinery,466.88,530.24,398.95,475.2,476.38,476.74,467.73,478.04,484.59,481.78
DELL,Dell Technologies,Information Technology,"Technology Hardware, Storage & Peripherals",140.43,168.08,65.33,137.58,133.97,131.7,144.01,137.05,133.7,119.95
DAL,Delta Air Lines,Industrials,Passenger Airlines,67.45,69.15,34.41,66.88,64.98,61.46,59.74,58.74,57.09,53.26
DVN,Devon Energy,Energy,Oil & Gas Exploration & Production,37.65,38.27,25.53,37.56,37.09,36.15,34.4,34.19,33.98,33.37
DXCM,Dexcom,Health Care,Health Care Equipment,65.65,93.25,54.11,65.14,63.91,61.33,64.03,71.24,73.74,74.93
FANG,Diamondback Energy,Energy,Oil & Gas Exploration & Production,157.43,175.92,111.64,157.98,154.26,150.48,145.43,143.33,142.93,141.58
DLR,Digital Realty,Real Estate,Data Center REITs,164.3,188.68,128.14,161.25,159.8,160.37,167.69,168.76,169.41,163.98
DG,Dollar General,Consumer Staples,Consumer Staples Merchandise Retail,123.9,135.08,65.27,120.3,113.51,108.02,103.89,106.11,107.31,100.41
DLTR,Dollar Tree,Consumer Staples,Consumer Staples Merchandise Retail,120.44,125.79,61.8,116.13,111.7,107.45,100.76,104.31,103.79,94.24
D,Dominion Energy,Utilities,Multi-Utilities,58.38,62.17,46.43,59.02,60.09,60.22,60.04,59.42,58.52,56.45
DPZ,Domino's,Consumer Discretionary,Restaurants,418.46,495.24,392.47,423.68,419.78,412.47,414.06,432.81,437.28,447.94
DASH,DoorDash,Consumer Discretionary,Specialized Consumer Services,225.0,285.5,155.4,218.25,205.88,203.96,238.61,245.34,242.84,223.74
DOV,Dover Corporation,Industrials,Industrial Machinery & Supplies & Components,191.59,219.84,141.82,190.21,187.49,184.29,176.13,176.58,177.76,176.94
DOW,Dow Inc.,Materials,Commodity Chemicals,22.9,40.98,19.82,23.27,23.27,22.5,22.56,23.05,23.98,26.34
DHI,D. R. Horton,Consumer Discretionary,Homebuilding,152.48,183.98,109.46,159.06,156.9,149.44,153.41,157.58,151.84,141.32
DTE,DTE Energy,Utilities,Multi-Utilities,130.2,143.79,113.52,131.66,133.75,135.64,138.12,137.55,136.37,134.82
DUK,Duke Energy,Utilities,Electric Utilities,115.25,128.91,101.53,117.61,120.02,121.46,123.26,122.0,120.57,118.65
DD,DuPont,Materials,Specialty Chemicals,40.58,41.02,22.13,40.02,39.59,39.33,36.07,33.63,32.78,31.28
EMN,Eastman Chemical Company,Materials,Specialty Chemicals,60.43,100.53,56.08,61.04,60.98,60.23,60.99,64.07,66.58,72.35
ETN,Eaton Corporation,Industrials,Electrical Components & Equipment,343.45,398.4,230.37,337.74,338.31,344.65,363.64,363.68,360.55,335.66
EBAY,eBay Inc.,Consumer Discretionary,Broadline Retail,83.57,100.76,58.09,82.62,82.39,82.78,87.15,88.93,86.31,79.36
ECL,Ecolab,Materials,Specialty Chemicals,258.14,285.35,220.55,263.49,268.27,264.32,267.85,269.71,269.08,262.86
EIX,Edison International,Utilities,Electric Utilities,56.12,81.16,46.27,57.24,58.0,58.11,56.59,55.15,54.0,54.03
EW,Edwards Lifesciences,Health Care,Health Care Equipment,84.54,87.89,65.94,85.04,85.54,85.33,80.89,79.65,78.99,76.78
EA,Electronic Arts,Communication Services,Interactive Home Entertainment,203.81,204.64,114.66,203.49,202.58,201.88,200.96,183.97,177.69,164.76
ELV,Elevance Health,Health Care,Managed Health Care,329.9,451.93,270.83,330.14,331.45,325.32,332.5,316.04,324.6,354.53
EMR,Emerson Electric,Industrials,Electrical Components & Equipment,136.17,149.03,88.93,135.39,133.32,130.64,131.39,133.2,133.18,124.79
ENPH,Enphase Energy,Information Technology,Semiconductor Materials & Equipment,31.28,78.26,25.78,30.36,29.15,28.93,32.5,34.36,35.64,41.88
ETR,Entergy,Utilities,Electric Utilities,92.94,97.93,71.14,93.77,94.82,94.87,95.06,91.68,89.56,86.64
EOG,EOG Resources,Energy,Oil & Gas Exploration & Production,110.42,134.2,99.8,111.06,109.11,108.73,108.0,112.93,114.27,114.29
EPAM,EPAM Systems,Information Technology,IT Consulting & Other Services,203.9,269.0,138.15,200.4,193.31,186.62,167.47,164.79,166.46,169.28
EQT,EQT Corporation,Energy,Oil & Gas Exploration & Production,58.63,62.23,41.77,59.83,59.38,59.23,56.48,54.09,54.67,53.53
EFX,Equifax,Industrials,Research & Consulting Services,209.91,279.27,198.73,210.22,210.96,209.24,220.09,233.89,239.11,242.39
EQIX,Equinix,Real Estate,Data Center REITs,743.18,967.65,689.25,734.19,741.67,762.31,789.29,783.07,787.99,806.44
EQR,Equity Residential,Real Estate,Multi-Family Residential REITs,60.49,73.58,58.19,61.43,61.36,60.44,61.3,62.86,63.62,65.28
ERIE,Erie Indemnity,Financials,Insurance Brokers,281.9,451.6,276.91,294.06,294.13,290.51,303.51,324.15,328.57,351.01
ESS,Essex Property Trust,Real Estate,Multi-Family Residential REITs,252.37,307.81,239.32,257.16,259.32,257.78,258.89,261.63,265.51,271.43
EL,Estée Lauder Companies (The),Consumer Staples,Personal Care Products,105.13,105.77,47.76,101.07,96.7,92.43,93.23,91.03,88.83,79.27
EG,Everest Group,Financials,Reinsurance,307.95,375.94,302.44,311.57,312.03,316.08,330.75,334.05,334.7,339.7
EVRG,Evergy,Utilities,Electric Utilities,73.54,78.59,57.4,73.89,75.33,75.59,76.17,73.44,72.17,69.59
ES,Eversource Energy,Utilities,Electric Utilities,66.69,75.25,51.06,66.55,66.48,68.66,71.13,67.99,67.11,64.37
EXC,Exelon,Utilities,Electric Utilities,43.4,48.09,34.68,44.13,45.21,45.5,45.99,44.78,44.27,44.0
EXE,Expand Energy,Energy,Oil & Gas Exploration & Production,119.05,126.62,90.25,120.92,119.95,118.34,110.34,103.79,105.27,105.2
EXPE,Expedia Group,Consumer Discretionary,"Hotels, Resorts & Cruise Lines",263.37,279.14,129.24,262.26,259.08,256.66,234.18,219.57,210.05,193.53
EXPD,Expeditors International,Industrials,Air Freight & Logistics,147.87,151.67,99.26,148.88,147.39,143.34,130.14,124.45,122.47,118.73
EXR,Extra Space Storage,Real Estate,Self-Storage REITs,128.74,158.49,118.4,130.83,131.53,131.39,138.29,139.65,141.1,141.92
XOM,ExxonMobil,Energy,Integrated Oil & Gas,115.93,119.76,95.18,116.56,116.06,116.94,114.38,111.86,111.44,109.18
FFIV,"F5, Inc.",Information Technology,Communications Equipment,249.36,346.0,223.76,243.99,241.21,237.21,274.15,295.3,295.07,286.83
FDS,FactSet,Financials,Financial Exchanges & Data,286.07,491.19,249.51,282.61,279.21,275.22,277.08,322.88,345.14,379.7
FICO,Fair Isaac,Information Technology,Application Software,1757.96,2400.0,1300.0,1773.88,1779.94,1767.01,1699.76,1582.59,1615.24,1711.34
FAST,Fastenal,Industrials,Trading Companies & Distributors,40.83,50.37,34.62,41.16,40.63,40.47,42.43,45.08,44.53,42.45
FRT,Federal Realty Investment Trust,Real Estate,Retail REITs,95.77,111.1,78.83,97.12,97.67,97.4,97.82,96.86,96.17,95.22
FDX,FedEx,Industrials,Air Freight & Logistics,276.61,289.89,191.82,273.15,273.15,268.98,253.54,240.87,238.34,233.21
FIS,Fidelity National Information Services,Financials,Transaction & Payment Processing Services,65.97,84.46,59.51,66.13,65.81,65.14,65.7,68.41,70.73,72.08
FITB,Fifth Third Bancorp,Financials,Regional Banks,45.3,46.19,31.68,44.97,44.1,43.15,42.87,43.17,42.71,40.68
FSLR,First Solar,Information Technology,Semiconductors,256.64,281.55,116.56,258.03,261.9,259.32,247.11,221.68,209.89,184.17
FE,FirstEnergy,Utilities,Electric Utilities,44.74,47.73,36.45,45.14,46.15,46.24,46.08,44.36,43.36,42.03
FI,Fiserv,Financials,Transaction & Payment Processing Services,66.28,238.59,59.56,65.04,62.98,62.94,91.93,115.11,125.84,153.12
F,Ford Motor Company,Consumer Discretionary,Automobile Manufacturers,13.15,13.81,8.11,13.07,13.11,13.08,12.61,11.96,11.73,10.94
FTNT,Fortinet,Information Technology,Systems Software,83.79,114.82,70.12,84.32,82.57,81.79,83.56,84.73,88.44,93.03
FTV,Fortive,Industrials,Industrial Machinery & Supplies & Components,54.03,62.51,45.35,53.55,53.28,52.3,50.67,49.55,50.16,51.52
FOXA,Fox Corporation (Class A),Communication Services,Broadcasting,69.12,69.63,45.36,67.6,66.4,65.95,63.01,60.51,59.45,56.93
FOX,Fox Corporation (Class B),Communication Services,Broadcasting,61.25,61.66,42.96,60.18,59.23,59.13,56.55,54.7,53.9,51.99
BEN,Franklin Resources,Financials,Asset Management & Custody Banks,23.12,25.72,15.81,23.02,22.7,22.36,22.68,23.57,23.51,21.93
FCX,Freeport-McMoRan,Materials,Copper,44.94,48.78,27.35,44.45,43.23,41.83,41.2,42.08,42.32,40.36
GRMN,Garmin,Consumer Discretionary,Consumer Electronics,201.18,261.69,167.87,200.7,197.58,195.73,222.47,227.68,223.96,215.81
IT,Gartner,Information Technology,IT Consulting & Other Services,227.42,584.01,222.54,229.96,231.02,229.96,239.82,255.17,283.07,340.25
GE,GE Aerospace,Industrials,Aerospace & Defense,286.61,316.67,158.62,288.04,291.12,296.35,300.29,288.49,280.5,253.32
GEHC,GE HealthCare,Health Care,Health Care Equipment,83.05,94.66,57.57,82.97,81.29,77.35,75.99,75.17,74.93,74.61
GEV,GE Vernova,Industrials,Heavy Electrical Equipment,619.68,677.01,251.84,616.73,600.31,585.6,591.18,606.52,588.5,505.32
GEN,Gen Digital,Information Technology,Systems Software,26.83,31.94,22.45,26.88,26.61,26.53,26.68,28.23,28.47,27.78
GNRC,Generac,Industrials,Electrical Components & Equipment,164.07,203.25,99.5,160.82,154.71,152.32,165.93,173.83,167.19,150.96
GD,General Dynamics,Industrials,Aerospace & Defense,336.15,360.5,235.63,337.81,338.23,341.39,340.91,328.89,320.81,300.31
GIS,General Mills,Consumer Staples,Packaged Foods & Meats,46.03,65.04,45.16,46.01,46.56,46.9,47.69,48.43,48.96,51.52
GM,General Motors,Consumer Discretionary,Automobile Manufacturers,75.88,77.0,41.28,75.02,73.75,71.76,66.44,61.25,59.1,54.6
GPC,Genuine Parts Company,Consumer Discretionary,Distributors,128.66,141.97,101.6,128.92,128.51,127.07,129.52,131.95,129.73,125.37
GILD,Gilead Sciences,Health Care,Biotechnology,121.31,128.7,86.73,122.81,124.41,124.47,120.82,117.25,115.64,112.13
GPN,Global Payments,Financials,Transaction & Payment Processing Services,77.59,117.56,65.53,78.97,76.86,75.5,80.61,82.7,81.94,83.33
GL,Globe Life,Financials,Life & Health Insurance,133.23,147.54,99.78,131.48,132.82,132.45,134.33,136.46,133.26,129.23
GDDY,GoDaddy,Information Technology,Internet Services & Infrastructure,127.15,216.0,121.94,128.85,127.88,128.06,130.86,140.41,147.4,159.31
GS,Goldman Sachs,Financials,Investment Banking & Brokerage,865.91,870.56,432.73,842.02,823.61,806.27,787.93,764.25,745.63,674.41
HAL,Halliburton,Energy,Oil & Gas Equipment & Services,28.11,29.97,18.31,27.71,26.77,26.72,25.62,23.74,23.27,22.73
HIG,Hartford (The),Financials,Property & Casualty Insurance,129.72,138.03,103.19,131.83,134.09,133.29,129.78,129.17,127.96,125.22
HAS,Hasbro,Consumer Discretionary,Leisure Products,80.82,83.45,47.63,81.58,81.68,79.48,76.71,76.77,75.82,69.89
HCA,HCA Healthcare,Health Care,Health Care Facilities,486.3,520.0,288.25,489.55,499.07,486.77,459.37,423.88,414.06,388.04
DOC,Healthpeak Properties,Real Estate,Health Care REITs,16.79,20.54,16.08,17.26,17.7,17.62,18.02,17.75,17.65,17.76
HSIC,Henry Schein,Health Care,Health Care Distributors,73.04,82.49,60.56,72.91,73.74,72.94,68.25,68.37,69.15,69.19
HSY,Hershey Company (The),Consumer Staples,Packaged Foods & Meats,181.06,201.43,135.68,181.84,184.31,181.34,181.5,182.06,178.99,173.1
HPE,Hewlett Packard Enterprise,Information Technology,"Technology Hardware, Storage & Peripherals",23.91,26.44,11.82,22.86,22.21,22.07,23.33,22.78,22.1,19.95
HLT,Hilton Worldwide,Consumer Discretionary,"Hotels, Resorts & Cruise Lines",269.91,287.4,195.7,275.41,278.99,274.54,267.16,268.44,267.27,255.62
HOLX,Hologic,Health Care,Health Care Equipment,74.76,80.31,51.9,74.89,74.87,74.57,72.28,69.49,68.55,65.34
HD,Home Depot (The),Consumer Discretionary,Home Improvement Retail,349.3,425.75,320.39,352.49,350.85,351.83,370.67,382.75,377.86,370.54
HON,Honeywell,Industrials,Industrial Conglomerates,191.46,225.29,166.32,192.33,191.37,193.11,194.75,199.36,202.6,200.29
HRL,Hormel Foods,Consumer Staples,Packaged Foods & Meats,23.89,32.43,21.03,23.75,23.41,22.9,23.14,24.98,25.95,27.13
HST,Host Hotels & Resorts,Real Estate,Hotel & Resort REITs,17.1,18.32,11.93,17.34,17.48,17.49,16.92,16.69,16.48,15.71
HWM,Howmet Aerospace,Industrials,Aerospace & Defense,193.2,211.83,104.84,194.2,198.28,200.49,197.94,189.92,187.51,170.29
HPQ,HP Inc.,Information Technology,"Technology Hardware, Storage & Peripherals",25.05,35.37,20.76,25.44,24.87,24.4,26.07,26.41,26.05,26.23
HUBB,Hubbell Incorporated,Industrials,Industrial Machinery & Supplies & Components,442.51,482.66,296.56,435.51,431.5,431.13,433.77,432.6,426.91,400.0
HUM,Humana,Health Care,Managed Health Care,256.85,314.25,206.15,253.32,246.77,240.57,262.65,265.92,259.77,257.45
HBAN,Huntington Bancshares,Financials,Regional Banks,16.93,17.93,11.7,16.91,16.57,16.1,16.05,16.49,16.48,15.8
HII,Huntington Ingalls Industries,Industrials,Aerospace & Defense,316.05,328.55,155.24,310.59,310.81,310.88,300.05,283.53,275.01,249.86
IBM,IBM,Information Technology,IT Consulting & Other Services,309.6,324.9,209.2,305.99,305.6,303.39,296.03,274.5,276.22,264.96
IEX,IDEX Corporation,Industrials,Industrial Machinery & Supplies & Components,176.08,228.3,151.55,177.19,175.18,170.55,167.98,166.67,168.9,172.53
IDXX,Idexx Laboratories,Health Care,Health Care Equipment,706.77,769.98,356.14,719.4,735.36,716.61,674.95,648.95,625.38,560.64
ITW,Illinois Tool Works,Industrials,Industrial Machinery & Supplies & Components,248.35,273.07,212.05,249.17,248.25,246.0,248.6,254.11,253.02,249.29
INCY,Incyte,Health Care,Biotechnology,96.86,109.28,53.56,100.56,102.67,103.59,95.74,88.53,84.57,76.7
IR,Ingersoll Rand,Industrials,Industrial Machinery & Supplies & Components,79.56,104.08,65.56,79.67,79.49,77.64,78.59,79.62,80.63,80.15
PODD,Insulet Corporation,Health Care,Health Care Equipment,295.55,354.88,230.05,306.5,316.37,323.22,319.68,318.79,315.24,300.71
INTC,Intel,Information Technology,Semiconductors,39.99,44.02,17.67,41.83,39.81,37.8,37.72,30.93,29.18,26.25
ICE,Intercontinental Exchange,Financials,Financial Exchanges & Data,156.5,188.82,141.12,157.13,156.5,154.41,155.43,166.7,169.42,169.44
IFF,International Flavors & Fragrances,Materials,Specialty Chemicals,65.65,88.7,59.14,67.0,68.02,66.76,64.28,65.6,67.43,70.66
IP,International Paper,Materials,Paper & Plastic Packaging Products & Materials,38.42,57.79,35.35,38.74,38.84,37.98,41.63,44.63,45.23,46.25
IPG,Interpublic Group of Companies (The),Communication Services,Advertising,24.57,31.81,21.93,25.12,25.04,25.18,26.03,25.78,25.34,25.2
INTU,Intuit,Information Technology,Application Software,656.92,812.22,530.03,655.39,647.31,649.97,659.26,684.86,700.41,674.95
ISRG,Intuitive Surgical,Health Care,Health Care Equipment,566.78,616.0,425.0,569.64,571.06,565.92,518.46,494.39,500.13,508.58
IVZ,Invesco,Financials,Asset Management & Custody Banks,25.8,26.39,11.23,25.17,24.76,24.02,23.51,22.42,21.07,18.55
INVH,Invitation Homes,Real Estate,Single-Family Residential REITs,26.76,35.13,26.68,27.37,27.69,27.92,28.24,29.23,29.88,31.02
IQV,IQVIA,Health Care,Life Sciences Tools & Services,224.27,234.3,134.65,225.58,227.83,223.39,214.29,200.33,192.2,180.67
IRM,Iron Mountain,Real Estate,Other Specialized REITs,84.21,117.26,71.19,84.12,84.64,88.17,97.48,96.18,96.92,93.97
JBHT,J.B. Hunt,Industrials,Cargo Ground Transportation,190.14,191.88,121.7,187.95,180.55,172.4,161.9,151.78,150.6,147.41
JBL,Jabil,Information Technology,Electronic Manufacturing Services,225.89,237.05,108.52,218.15,211.98,207.8,208.88,212.88,212.37,188.46
JKHY,Jack Henry & Associates,Financials,Transaction & Payment Processing Services,181.49,194.03,143.64,178.47,175.63,170.37,159.44,161.03,164.44,168.52
J,Jacobs Solutions,Industrials,Construction & Engineering,140.34,168.03,104.43,139.01,136.33,141.77,150.2,147.68,144.31,135.67
JNJ,Johnson & Johnson,Health Care,Pharmaceuticals,201.79,207.81,136.5,203.39,204.82,200.63,192.94,182.67,176.75,168.29
JCI,Johnson Controls,Industrials,Building Products,114.23,123.78,67.78,114.57,114.79,116.72,113.14,110.05,108.95,100.27
JPM,JPMorgan Chase,Financials,Diversified Banks,314.54,322.25,200.22,313.14,309.63,308.09,306.7,302.04,297.69,277.93
K,Kellanova,Consumer Staples,Packaged Foods & Meats,83.44,83.46,75.95,83.2,83.09,82.94,82.57,80.54,80.11,80.32
KVUE,Kenvue,Consumer Staples,Personal Care Products,16.83,24.41,13.85,16.92,17.02,16.73,15.95,18.01,18.57,20.06
KDP,Keurig Dr Pepper,Consumer Staples,Soft Drinks & Non-alcoholic Beverages,29.1,35.62,25.03,28.57,28.1,27.55,27.06,28.91,29.72,31.05
KEY,KeyCorp,Financials,Regional Banks,19.42,19.73,12.29,18.97,18.55,17.98,17.75,18.0,17.79,16.76
KEYS,Keysight Technologies,Information Technology,Electronic Equipment & Instruments,209.74,212.93,121.43,207.46,200.21,188.84,178.57,172.82,170.83,163.75
KMB,Kimberly-Clark,Consumer Staples,Household Products,102.21,145.82,98.03,103.88,104.99,103.72,111.08,118.97,120.59,125.65
KIM,Kimco Realty,Real Estate,Retail REITs,19.86,24.08,17.3,20.06,20.19,20.12,20.72,21.05,20.98,20.65
KMI,Kinder Morgan,Energy,Oil & Gas Storage & Transportation,27.37,30.15,23.17,27.4,27.19,27.1,26.94,26.88,27.0,26.81
KKR,KKR & Co.,Financials,Asset Management & Custody Banks,129.98,169.44,85.77,127.4,124.1,121.2,121.79,132.26,132.21,126.13
KLAC,KLA Corporation,Information Technology,Semiconductor Materials & Equipment,1224.22,1282.32,547.89,1209.67,1182.27,1167.03,1146.76,1037.02,1009.17,896.76
KHC,Kraft Heinz,Consumer Staples,Packaged Foods & Meats,24.6,31.87,23.33,24.7,24.95,24.69,24.75,25.68,25.67,26.45
KR,Kroger,Consumer Staples,Food Retail,63.58,74.13,56.54,64.53,65.5,65.7,66.11,67.49,67.86,67.46
LHX,L3Harris,Industrials,Aerospace & Defense,281.0,306.84,189.46,278.34,277.06,283.08,288.51,281.13,275.26,253.22
LH,Labcorp,Health Care,Health Care Services,259.47,292.94,207.68,262.21,264.95,264.07,268.66,269.02,266.5,255.93
LRCX,Lam Research,Information Technology,Semiconductor Materials & Equipment,162.51,166.88,55.98,159.2,156.3,153.54,149.96,127.94,121.58,104.32
LW,Lamb Weston,Consumer Staples,Packaged Foods & Meats,59.64,81.86,46.97,59.73,59.23,58.39,61.16,58.06,56.86,55.08
LVS,Las Vegas Sands,Consumer Discretionary,Casinos & Gaming,66.95,70.45,29.72,67.0,67.42,66.32,59.29,56.18,53.98,48.46
LDOS,Leidos,Industrials,Diversified Support Services,185.95,205.77,122.65,188.14,188.89,189.95,190.74,183.37,177.92,164.35
LEN,Lennar,Consumer Discretionary,Homebuilding,120.42,160.86,97.13,126.79,128.08,124.03,124.07,125.2,122.13,117.9
LII,Lennox International,Industrials,Building Products,503.39,687.72,443.19,501.41,493.81,480.56,503.03,541.49,548.61,554.94
LLY,Lilly (Eli),Health Care,Pharmaceuticals,997.7,1111.99,621.5,1020.44,1052.0,1036.98,916.14,824.78,816.51,809.97
LIN,Linde plc,Materials,Industrial Gases,390.37,483.05,388.88,402.02,404.35,411.17,432.19,451.9,454.15,453.34
LYV,Live Nation Entertainment,Communication Services,Movies & Entertainment,137.74,175.25,112.88,136.26,133.01,134.09,145.16,152.79,151.57,144.79
LKQ,LKQ Corporation,Consumer Discretionary,Distributors,28.8,43.32,28.13,29.13,29.33,29.68,29.92,30.57,31.89,34.9
LMT,Lockheed Martin,Industrials,Aerospace & Defense,465.08,512.11,404.07,450.85,449.52,454.63,475.86,459.71,459.76,457.58
L,Loews Corporation,Financials,Multi-line Insurance,102.82,109.06,78.83,105.15,106.33,105.22,102.32,98.57,96.87,93.14
LOW,Lowe's,Consumer Discretionary,Home Improvement Retail,245.77,275.13,203.22,246.1,242.79,236.3,238.73,244.08,239.0,233.76
LULU,Lululemon Athletica,Consumer Discretionary,"Apparel, Accessories & Luxury Goods",182.26,423.32,159.25,184.11,181.63,174.74,173.35,182.98,193.6,234.61
LYB,LyondellBasell,Materials,Specialty Chemicals,42.32,72.64,40.42,44.53,45.5,44.05,44.87,48.89,50.68,53.74
MTB,M&T Bank,Financials,Regional Banks,195.99,208.72,147.35,194.66,191.71,187.81,185.7,189.3,189.41,182.91
MPC,Marathon Petroleum,Energy,Oil & Gas Refining & Marketing,189.65,201.29,113.25,190.49,191.42,193.24,190.76,182.23,179.7,165.93
MKTX,MarketAxess,Financials,Financial Exchanges & Data,164.26,244.11,155.48,163.85,163.3,166.2,167.25,178.6,186.56,196.36
MAR,Marriott International,Consumer Discretionary,"Hotels, Resorts & Cruise Lines",287.67,309.43,203.87,297.51,300.08,293.54,277.63,271.51,271.11,262.58
MMC,Marsh McLennan,Financials,Insurance Brokers,181.51,245.83,174.18,182.75,182.55,181.66,187.84,195.44,199.05,210.01
MLM,Martin Marietta Materials,Materials,Construction Materials,621.38,664.29,440.13,617.68,616.86,609.56,618.52,610.57,598.37,563.91
MAS,Masco,Industrials,Building Products,62.44,80.67,55.74,63.79,63.81,62.34,65.13,68.05,67.2,66.48
MA,Mastercard,Financials,Transaction & Payment Processing Services,539.23,600.98,463.61,545.34,545.04,544.37,556.38,566.82,565.0,558.58
MTCH,Match Group,Communication Services,Interactive Media & Services,34.17,38.99,26.09,33.98,33.61,32.91,32.98,34.61,33.95,32.42
MKC,McCormick & Company,Consumer Staples,Packaged Foods & Meats,63.69,84.63,62.64,64.0,65.52,65.73,65.91,67.43,68.58,71.41
MCD,McDonald's,Consumer Discretionary,Restaurants,309.37,320.72,270.23,307.51,307.33,305.42,302.41,302.85,300.57,302.38
MCK,McKesson Corporation,Health Care,Health Care Distributors,797.32,894.75,555.78,811.04,843.31,847.7,812.89,755.08,747.98,722.81
MDT,Medtronic,Health Care,Health Care Equipment,101.22,106.33,76.99,101.71,103.08,100.23,96.73,94.28,92.79,89.95
MRK,Merck & Co.,Health Care,Pharmaceuticals,99.08,105.84,71.87,100.6,102.03,97.62,90.72,86.25,85.03,83.92
META,Meta Platforms,Communication Services,Interactive Media & Services,666.87,795.71,479.11,657.7,646.02,626.04,673.83,712.21,711.81,670.83
MET,MetLife,Financials,Life & Health Insurance,78.06,85.61,63.78,77.71,76.87,76.83,78.4,78.14,78.05,77.65
MTD,Mettler Toledo,Health Care,Life Sciences Tools & Services,1380.16,1525.17,946.69,1419.97,1450.74,1434.48,1386.64,1326.7,1299.04,1243.0
MGM,MGM Resorts,Consumer Discretionary,Casinos & Gaming,35.22,41.32,25.3,35.51,34.96,33.55,33.01,34.76,34.92,33.69
MCHP,Microchip Technology,Information Technology,Semiconductors,67.12,75.98,33.33,63.59,58.06,55.16,60.03,62.85,64.31,59.45
MU,Micron Technology,Information Technology,Semiconductors,244.35,260.58,61.44,236.37,233.75,233.29,215.8,171.96,161.8,134.35
MSFT,Microsoft,Information Technology,Systems Software,490.13,553.5,342.95,484.37,483.71,490.39,506.63,508.68,505.09,468.72
MAA,Mid-America Apartment Communities,Real Estate,Multi-Family Residential REITs,131.09,168.08,125.75,133.08,134.05,132.48,132.41,137.08,138.96,145.44
MRNA,Moderna,Health Care,Biotechnology,27.81,48.92,22.28,26.05,25.43,25.09,25.92,26.49,27.01,27.62
MHK,Mohawk Industries,Consumer Discretionary,Home Furnishings,108.73,143.13,96.24,112.24,113.2,110.0,116.97,121.91,118.8,114.91
MOH,Molina Healthcare,Health Care,Managed Health Care,155.9,359.97,133.4,150.68,148.71,144.03,165.38,168.75,187.91,236.33
TAP,Molson Coors Beverage Company,Consumer Staples,Brewers,46.66,62.82,42.5,45.73,45.89,45.82,45.39,47.02,47.27,50.64
MDLZ,Mondelez International,Consumer Staples,Packaged Foods & Meats,55.02,70.58,52.78,55.55,56.17,56.3,58.82,61.01,62.22,63.29
MPWR,Monolithic Power Systems,Information Technology,Semiconductors,978.53,1123.38,437.16,960.95,938.78,924.49,965.84,894.39,859.84,766.51
MNST,Monster Beverage,Consumer Staples,Soft Drinks & Non-alcoholic Beverages,74.07,76.28,45.7,73.95,74.38,73.0,70.16,66.41,65.49,63.02
MCO,Moody's Corporation,Financials,Financial Exchanges & Data,486.45,527.9,376.55,490.46,488.19,484.08,482.36,493.39,492.41,480.27
MS,Morgan Stanley,Financials,Investment Banking & Brokerage,176.69,178.96,92.37,174.18,170.52,166.73,162.33,154.87,151.18,138.78
MOS,Mosaic Company (The),Materials,Fertilizers & Agricultural Chemicals,23.64,37.63,21.79,23.9,23.99,24.4,27.85,30.65,31.63,30.5
MSI,Motorola Solutions,Information Technology,Communications Equipment,372.27,495.94,365.4,374.28,372.18,376.03,413.24,435.23,431.06,426.67
MSCI,MSCI Inc.,Financials,Financial Exchanges & Data,537.17,634.4,482.16,541.83,551.48,559.23,558.67,559.17,560.15,557.22
NDAQ,"Nasdaq, Inc.",Financials,Financial Exchanges & Data,89.8,97.06,64.26,89.27,89.28,88.05,87.85,90.44,89.92,84.98
NTAP,NetApp,Information Technology,"Technology Hardware, Storage & Peripherals",117.45,128.69,71.18,116.24,113.47,110.91,114.9,113.69,111.78,104.74
NFLX,Netflix,Communication Services,Movies & Entertainment,100.24,134.12,82.11,105.18,105.53,108.69,113.16,117.08,118.88,113.42
NEM,Newmont,Materials,Gold,89.72,98.29,36.25,90.07,89.57,88.43,86.71,79.02,74.83,65.26
NWSA,News Corp (Class A),Communication Services,Publishing,25.85,31.61,23.3,25.7,25.59,25.75,26.44,27.97,28.18,27.81
NWS,News Corp (Class B),Communication Services,Publishing,29.35,35.47,26.17,29.21,29.17,29.24,30.04,31.78,32.11,31.77
NEE,NextEra Energy,Utilities,Multi-Utilities,80.99,86.94,60.35,83.41,84.26,84.21,82.84,77.36,76.27,73.22
NKE,"Nike, Inc.",Consumer Discretionary,"Apparel, Accessories & Luxury Goods",63.56,80.55,51.34,65.14,64.4,63.53,65.63,69.89,69.38,67.03
NI,NiSource,Utilities,Multi-Utilities,41.44,44.58,34.39,41.89,42.69,42.91,42.97,42.19,41.59,40.45
NDSN,Nordson Corporation,Industrials,Industrial Machinery & Supplies & Components,235.1,254.83,163.83,237.51,236.96,234.2,233.23,226.48,224.4,214.41
NSC,Norfolk Southern,Industrials,Rail Transportation,293.34,300.79,198.48,293.69,291.26,287.57,287.71,283.34,277.75,259.85
NTRS,Northern Trust,Financials,Asset Management & Custody Banks,133.73,134.67,80.06,132.07,130.88,128.83,128.32,127.9,126.29,115.67
NOC,Northrop Grumman,Industrials,Aerospace & Defense,552.52,638.31,418.96,550.96,556.54,558.79,582.44,578.84,563.01,532.7
NCLH,Norwegian Cruise Line Holdings,Consumer Discretionary,"Hotels, Resorts & Cruise Lines",19.07,29.29,14.21,18.81,18.55,18.4,21.03,22.89,22.43,21.02
NRG,NRG Energy,Utilities,Independent Power Producers & Energy Traders,164.73,180.08,78.84,165.59,166.23,165.51,166.83,161.39,159.58,142.94
NUE,Nucor,Materials,Steel,159.4,166.27,96.79,161.44,159.64,153.52,145.59,143.67,141.16,132.8
NVDA,Nvidia,Information Technology,Semiconductors,184.67,212.18,86.6,182.3,180.9,184.3,187.22,181.88,176.58,154.97
NVR,"NVR, Inc.",Consumer Discretionary,Homebuilding,7451.04,9143.28,6562.85,7557.86,7509.73,7376.3,7514.13,7775.01,7699.97,7509.57
NXPI,NXP Semiconductors,Information Technology,Semiconductors,227.82,251.86,146.73,224.97,209.56,202.53,211.23,217.31,217.75,209.24
ORLY,O’Reilly Automotive,Consumer Discretionary,Automotive Retail,98.16,108.72,78.3,99.0,99.98,99.42,99.71,101.05,98.92,95.99
OXY,Occidental Petroleum,Energy,Oil & Gas Exploration & Production,41.44,52.36,34.4,42.19,41.96,41.91,42.37,43.75,43.8,43.48
ODFL,Old Dominion,Industrials,Cargo Ground Transportation,153.12,209.82,125.76,150.78,142.91,137.95,138.46,144.17,147.87,153.26
OMC,Omnicom Group,Communication Services,Advertising,73.3,100.63,67.76,72.08,72.32,72.71,75.48,75.47,74.66,75.0
ON,ON Semiconductor,Information Technology,Semiconductors,56.15,70.58,31.04,54.86,52.03,49.55,50.07,50.81,51.69,48.19
OKE,Oneok,Energy,Oil & Gas Storage & Transportation,75.16,105.47,64.02,75.13,73.48,71.43,69.68,71.98,73.4,77.8
ORCL,Oracle Corporation,Information Technology,Application Software,217.58,345.12,117.98,208.34,204.47,215.24,254.53,255.95,248.12,211.34
OTIS,Otis Worldwide,Industrials,Industrial Machinery & Supplies & Components,86.06,105.37,83.46,86.72,87.46,88.05,89.78,88.88,90.54,92.94
PCAR,Paccar,Industrials,Construction Machinery & Heavy Transportation Equipment,110.33,114.27,83.8,107.45,105.8,101.43,99.01,98.69,97.84,96.75
PKG,Packaging Corporation of America,Materials,Paper & Plastic Packaging Products & Materials,196.79,239.95,170.61,196.48,199.18,198.44,203.45,204.53,202.5,198.14
PLTR,Palantir Technologies,Information Technology,Application Software,180.57,207.52,63.4,177.4,171.45,172.2,179.29,172.69,166.23,142.47
PANW,Palo Alto Networks,Information Technology,Systems Software,195.19,223.61,144.15,194.64,190.66,196.66,206.18,197.93,198.05,192.07
PSKY,Paramount Skydance Corporation,Communication Services,Movies & Entertainment,14.3,20.86,9.92,14.59,15.12,15.43,16.37,15.58,14.96,13.67
PH,Parker Hannifin,Industrials,Industrial Machinery & Supplies & Components,880.72,888.82,484.88,872.5,863.39,848.93,794.78,767.77,751.62,702.51
PAYX,Paychex,Industrials,Human Resource & Employment Services,112.6,158.49,108.0,112.12,111.63,111.21,117.7,127.05,130.53,136.69
PAYC,Paycom,Industrials,Human Resource & Employment Services,163.24,266.71,156.14,164.32,162.9,163.46,182.85,203.61,209.2,216.52
PYPL,PayPal,Financials,Transaction & Payment Processing Services,61.13,93.44,55.72,61.86,61.82,62.37,66.46,67.95,69.02,68.64
PNR,Pentair,Industrials,Industrial Machinery & Supplies & Components,104.41,113.69,73.68,105.04,105.17,105.06,107.47,107.01,106.05,100.14
PEP,PepsiCo,Consumer Staples,Soft Drinks & Non-alcoholic Beverages,145.75,155.29,123.93,146.01,146.07,145.29,145.25,143.71,141.05,139.46
PFE,Pfizer,Health Care,Pharmaceuticals,25.88,27.21,19.83,25.67,25.6,25.37,24.91,24.5,24.38,23.85
PCG,PG&E Corporation,Utilities,Multi-Utilities,14.96,20.68,12.95,15.2,15.56,15.92,16.06,15.42,15.08,15.69
PM,Philip Morris International,Consumer Staples,Tobacco,148.79,183.57,113.18,150.3,153.01,154.16,154.23,159.23,163.18,162.19
PSX,Phillips 66,Energy,Oil & Gas Refining & Marketing,139.3,142.53,88.51,139.1,137.45,137.16,134.3,130.24,128.68,122.47
PNW,Pinnacle West Capital,Utilities,Multi-Utilities,87.4,93.67,78.26,88.16,89.05,88.95,89.56,89.2,88.98,89.31
PNC,PNC Financial Services,Financials,Diversified Banks,197.31,206.9,141.09,196.7,193.96,188.85,187.41,191.86,190.33,181.45
POOL,Pool Corporation,Consumer Discretionary,Distributors,236.11,374.68,229.63,241.65,242.01,242.09,269.45,291.91,292.41,299.63
PPG,PPG Industries,Materials,Specialty Chemicals,100.64,126.7,88.43,100.79,100.05,98.17,99.36,104.16,105.8,106.29
PPL,PPL Corporation,Utilities,Electric Utilities,34.05,38.27,30.49,34.42,35.44,35.94,36.62,36.34,35.83,35.29
PFG,Principal Financial Group,Financials,Life & Health Insurance,86.66,87.75,66.44,85.92,84.87,83.81,82.0,80.2,79.63,78.71
PG,Procter & Gamble,Consumer Staples,Personal Care Products,138.76,176.43,138.52,144.03,145.95,146.8,148.52,151.7,152.69,156.73
PGR,Progressive Corporation,Financials,Property & Casualty Insurance,222.9,292.65,199.9,225.76,226.61,224.99,225.77,235.52,240.03,253.93
PLD,Prologis,Real Estate,Industrial REITs,126.89,130.45,83.8,128.23,128.06,126.1,122.98,116.21,114.16,111.23
PRU,Prudential Financial,Financials,Life & Health Insurance,111.21,121.51,86.97,110.11,109.05,106.97,103.65,103.43,103.34,102.86
PEG,Public Service Enterprise Group,Utilities,Electric Utilities,78.97,90.54,73.5,80.11,81.32,81.84,82.13,82.99,82.7,81.43
PTC,PTC Inc.,Information Technology,Application Software,174.63,219.69,133.38,176.1,174.79,174.87,189.7,198.78,194.63,181.39
PSA,Public Storage,Real Estate,Self-Storage REITs,270.08,323.69,251.43,274.04,273.16,272.44,285.07,284.45,285.3,287.75
PHM,PulteGroup,Consumer Discretionary,Homebuilding,124.68,141.88,87.74,127.29,126.34,121.9,123.31,125.1,121.41,113.81
PWR,Quanta Services,Industrials,Construction & Engineering,463.76,473.99,226.97,460.0,457.03,447.34,439.33,414.13,406.21,363.07
QCOM,Qualcomm,Information Technology,Semiconductors,174.75,204.9,118.79,173.58,169.33,168.81,168.97,163.07,161.5,155.88
DGX,Quest Diagnostics,Health Care,Health Care Services,182.13,197.55,146.3,182.8,185.96,186.52,183.71,180.61,179.37,175.78
RL,Ralph Lauren Corporation,Consumer Discretionary,"Apparel, Accessories & Luxury Goods",356.27,374.0,175.49,359.14,361.46,346.88,332.5,316.13,308.0,281.89
RJF,Raymond James Financial,Financials,Investment Banking & Brokerage,164.65,177.15,116.85,160.96,158.06,158.25,161.28,164.0,161.81,154.2
RTX,RTX Corporation,Industrials,Aerospace & Defense,171.29,180.6,110.77,170.19,171.24,172.91,170.5,163.2,159.46,147.99
O,Realty Income,Real Estate,Retail REITs,57.49,60.33,48.85,57.95,57.44,56.98,57.93,57.65,57.32,56.23
REG,Regency Centers,Real Estate,Retail REITs,68.01,75.93,62.21,69.15,70.12,70.0,70.73,70.92,70.67,70.71
REGN,Regeneron Pharmaceuticals,Health Care,Biotechnology,703.09,796.57,475.17,721.98,747.36,724.57,648.5,608.23,593.15,597.5
RF,Regions Financial Corporation,Financials,Regional Banks,26.35,27.32,17.18,26.13,25.61,25.03,24.73,25.3,24.84,23.25
RSG,Republic Services,Industrials,Environmental & Facilities Services,211.8,257.43,197.66,214.3,215.22,213.16,216.52,224.57,228.42,233.23
RMD,ResMed,Health Care,Health Care Equipment,250.17,293.11,198.6,252.1,252.61,250.34,258.95,267.73,264.87,251.89
RVTY,Revvity,Health Care,Health Care Equipment,99.49,128.0,81.3,101.76,102.65,98.1,94.87,91.9,92.98,95.45
ROK,Rockwell Automation,Industrials,Electrical Components & Equipment,402.46,406.48,212.49,400.44,395.77,387.07,366.44,355.1,350.36,320.19
ROL,"Rollins, Inc.",Industrials,Environmental & Facilities Services,60.72,61.84,44.8,60.8,60.95,59.84,58.22,57.52,57.19,56.06
ROP,Roper Technologies,Information Technology,Electronic Equipment & Instruments,448.14,592.47,435.42,446.1,445.24,445.78,469.64,498.92,511.09,532.38
ROST,Ross Stores,Consumer Discretionary,Apparel Retail,178.04,179.42,121.69,177.71,177.07,169.75,161.58,153.32,148.59,144.16
RCL,Royal Caribbean Group,Consumer Discretionary,"Hotels, Resorts & Cruise Lines",252.07,365.38,163.05,259.97,262.04,259.6,284.23,308.76,307.9,276.37
SPGI,S&P Global,Financials,Financial Exchanges & Data,491.77,576.91,424.77,495.67,495.06,493.98,488.25,512.96,513.84,507.43
CRM,Salesforce,Information Technology,Application Software,259.02,365.3,221.96,248.1,239.29,238.01,243.89,246.5,250.23,258.63
SBAC,SBA Communications,Real Estate,Telecom Tower REITs,191.4,241.44,184.43,189.06,190.93,194.04,193.03,202.31,207.76,212.99
SLB,Schlumberger,Energy,Oil & Gas Equipment & Services,38.25,43.29,30.37,37.69,36.72,36.36,35.21,34.67,34.68,35.17
STX,Seagate Technology,Information Technology,"Technology Hardware, Storage & Peripherals",284.73,297.88,62.66,270.94,268.9,266.37,249.67,211.5,197.09,158.04
SRE,Sempra,Utilities,Multi-Utilities,88.24,95.72,60.93,90.13,91.7,91.91,91.87,86.68,84.18,79.5
NOW,ServiceNow,Information Technology,Systems Software,853.89,1198.09,678.66,840.88,828.27,832.9,880.87,900.64,919.69,913.81
SHW,Sherwin-Williams,Materials,Specialty Chemicals,327.46,388.07,306.78,334.53,338.19,336.38,337.22,345.15,344.7,345.1
SPG,Simon Property Group,Real Estate,Retail REITs,180.53,188.43,132.99,182.18,183.57,183.0,180.88,176.86,173.3,167.67
SWKS,Skyworks Solutions,Information Technology,Semiconductors,68.8,91.61,46.48,68.95,66.84,65.86,70.94,71.89,72.08,69.1
SJM,J.M. Smucker Company (The),Consumer Staples,Packaged Foods & Meats,101.25,117.94,91.46,100.47,101.74,104.26,104.06,106.03,104.51,106.59
SW,Smurfit Westrock,Materials,Paper & Plastic Packaging Products & Materials,35.97,54.55,32.73,35.81,35.48,34.94,38.36,41.6,42.13,42.62
SNA,Snap-on,Industrials,Industrial Machinery & Supplies & Components,348.1,356.07,283.93,345.27,341.87,337.33,337.8,331.49,327.28,324.1
SOLV,Solventum,Health Care,Health Care Technology,82.92,88.2,60.7,84.89,84.97,80.64,75.07,73.95,74.12,73.44
SO,Southern Company,Utilities,Electric Utilities,85.68,100.02,77.85,87.26,88.51,89.26,92.51,92.51,91.94,90.37
LUV,Southwest Airlines,Industrials,Passenger Airlines,38.17,38.37,23.55,36.59,35.52,33.94,32.87,32.39,32.6,31.63
SWK,Stanley Black & Decker,Industrials,Industrial Machinery & Supplies & Components,72.29,87.08,52.01,72.15,70.93,67.79,68.61,70.52,69.84,69.15
SBUX,Starbucks,Consumer Discretionary,Restaurants,83.33,115.04,73.95,85.15,85.37,84.97,83.68,85.7,86.97,88.01
STT,State Street Corporation,Financials,Asset Management & Custody Banks,123.97,124.21,71.77,121.87,119.54,117.92,116.53,113.96,111.82,103.3
STLD,Steel Dynamics,Materials,Steel,166.34,172.94,102.41,167.76,166.63,160.77,153.68,141.85,139.64,134.52
STE,Steris,Health Care,Health Care Equipment,262.23,268.6,199.47,261.05,263.21,261.93,249.88,245.18,243.15,237.44
SYK,Stryker Corporation,Health Care,Health Care Equipment,353.62,403.95,327.71,362.92,367.57,365.5,368.01,376.4,378.3,375.86
SMCI,Supermicro,Information Technology,"Technology Hardware, Storage & Peripherals",35.22,66.44,25.71,34.15,33.66,34.58,44.55,45.9,46.16,43.13
SYF,Synchrony Financial,Financials,Consumer Finance,80.17,80.98,39.98,79.79,78.23,75.75,73.57,73.15,71.67,64.97
SNPS,Synopsys,Information Technology,Application Software,465.0,651.73,365.74,462.26,438.35,414.84,438.14,504.74,507.46,488.19
SYY,Sysco,Consumer Staples,Food Distributors,72.64,83.13,66.22,73.4,74.56,74.99,76.82,78.43,77.78,75.43
TMUS,T-Mobile US,Communication Services,Wireless Telecommunication Services,204.63,273.15,198.43,208.18,207.55,209.32,216.37,229.56,229.39,237.21
TROW,T. Rowe Price,Financials,Asset Management & Custody Banks,104.66,119.7,75.88,104.91,103.22,101.95,102.91,103.99,102.45,98.08
TTWO,Take-Two Interactive,Communication Services,Interactive Home Entertainment,247.41,264.79,177.35,246.92,245.45,241.31,249.94,242.64,241.84,232.65
TPR,"Tapestry, Inc.",Consumer Discretionary,"Apparel, Accessories & Luxury Goods",117.96,118.47,57.71,113.87,111.29,107.02,110.25,108.07,104.28,92.72
TRGP,Targa Resources,Energy,Oil & Gas Storage & Transportation,178.3,213.78,143.19,177.32,175.26,172.88,163.36,163.75,164.78,168.09
TGT,Target Corporation,Consumer Staples,Consumer Staples Merchandise Retail,92.94,138.95,83.44,91.62,90.1,89.39,89.77,92.91,93.88,95.48
TEL,TE Connectivity,Information Technology,Electronic Manufacturing Services,233.96,250.67,115.38,232.42,228.12,231.41,230.55,218.06,208.31,185.33
TDY,Teledyne Technologies,Information Technology,Electronic Equipment & Instruments,512.45,595.99,419.0,510.48,503.23,503.52,533.14,542.11,535.81,516.93
TER,Teradyne,Information Technology,Semiconductor Materials & Equipment,203.26,205.0,65.55,197.54,186.22,177.76,162.17,136.97,127.66,111.3
TSLA,"Tesla, Inc.",Consumer Discretionary,Automobile Manufacturers,438.24,488.54,214.25,444.75,434.78,423.5,435.17,393.57,378.5,343.09
TXN,Texas Instruments,Information Technology,Semiconductors,180.54,218.15,136.55,180.21,172.59,165.65,169.01,178.98,184.3,179.89
TPL,Texas Pacific Land Corporation,Energy,Oil & Gas Exploration & Production,906.49,1455.48,836.72,906.14,884.64,919.65,928.09,924.3,950.18,1075.83
TXT,Textron,Industrials,Aerospace & Defense,84.32,87.94,57.67,83.41,83.06,82.01,82.3,81.56,81.38,77.76
TMO,Thermo Fisher Scientific,Health Care,Life Sciences Tools & Services,567.52,609.27,385.11,575.27,582.94,580.82,558.96,516.8,496.19,480.68
TJX,TJX Companies,Consumer Discretionary,Apparel Retail,153.73,154.66,111.06,151.48,151.48,149.13,144.99,139.48,136.2,131.52
TKO,TKO Group Holdings,Communication Services,Movies & Entertainment,203.57,212.49,132.26,199.24,194.65,188.41,189.55,186.62,183.73,172.46
TTD,Trade Desk (The),Communication Services,Advertising,39.47,139.34,38.22,39.49,39.38,40.44,46.66,53.8,57.61,59.31
TSCO,Tractor Supply,Consumer Discretionary,Other Specialty Retail,53.58,63.47,46.26,53.87,53.99,54.09,54.44,56.84,56.22,54.4
TT,Trane Technologies,Industrials,Building Products,398.23,475.11,296.82,405.06,410.53,412.65,420.44,422.66,424.12,404.02
TDG,TransDigm Group,Industrials,Aerospace & Defense,1347.31,1519.36,1107.45,1347.05,1349.36,1337.66,1313.94,1330.98,1345.02,1324.38
TRV,Travelers Companies (The),Financials,Property & Casualty Insurance,279.64,296.85,227.43,283.23,287.86,287.13,278.8,273.93,271.16,266.69
TRMB,Trimble Inc.,Information Technology,Electronic Equipment & Instruments,83.52,87.5,52.91,82.41,81.17,79.41,79.49,80.79,79.8,74.94
TFC,Truist Financial,Financials,Diversified Banks,47.74,47.88,32.34,47.34,46.78,45.74,44.48,44.43,43.91,41.94
TYL,Tyler Technologies,Information Technology,Application Software,460.61,661.31,450.0,463.99,464.48,465.69,484.8,522.48,533.39,547.42
TSN,Tyson Foods,Consumer Staples,Packaged Foods & Meats,56.28,62.66,50.12,56.69,57.0,55.16,53.34,53.91,53.96,55.32
USB,U.S. Bancorp,Financials,Diversified Banks,51.44,51.91,34.43,50.94,49.88,48.44,47.65,47.24,46.74,44.65
UBER,Uber,Industrials,Passenger Ground Transportation,92.24,101.99,59.33,90.56,88.0,89.22,92.91,93.05,92.58,87.31
UDR,"UDR, Inc.",Real Estate,Multi-Family Residential REITs,34.85,44.96,32.94,35.46,35.76,35.25,35.41,36.83,37.47,38.89
ULTA,Ulta Beauty,Consumer Discretionary,Other Specialty Retail,589.81,611.9,309.01,563.57,547.51,531.97,533.5,526.26,515.33,466.14
UNP,Union Pacific Corporation,Industrials,Rail Transportation,235.63,250.85,200.99,234.32,231.24,226.33,225.14,222.9,223.76,223.69
UAL,United Airlines Holdings,Industrials,Passenger Airlines,104.86,116.0,52.0,105.48,102.66,98.27,97.68,98.24,94.75,87.58
UPS,United Parcel Service,Industrials,Air Freight & Logistics,95.7,128.18,80.6,95.82,95.39,94.35,89.95,87.93,89.85,93.38
URI,United Rentals,Industrials,Trading Companies & Distributors,783.82,1019.33,522.49,800.59,805.93,813.63,887.25,897.8,869.23,783.77
UNH,UnitedHealth Group,Health Care,Managed Health Care,323.36,598.31,233.13,330.4,328.0,324.86,341.71,320.45,316.99,358.31
UHS,Universal Health Services,Health Care,Health Care Facilities,225.43,246.13,152.04,231.19,236.31,231.49,218.96,198.72,194.39,189.05
VLO,Valero Energy,Energy,Oil & Gas Refining & Marketing,173.27,184.46,96.76,175.59,175.82,176.64,169.7,158.7,154.85,142.45
VTR,Ventas,Real Estate,Health Care REITs,81.26,81.85,55.47,80.48,80.17,79.2,74.11,70.76,69.18,67.8
VLTO,Veralto,Industrials,Environmental & Facilities Services,99.78,109.99,83.69,101.76,101.44,99.8,101.58,103.85,103.16,100.66
VRSN,Verisign,Information Technology,Internet Services & Infrastructure,250.82,308.75,184.08,250.52,251.35,250.28,254.18,265.51,268.83,264.18
VRSK,Verisk Analytics,Industrials,Research & Consulting Services,219.27,321.9,197.0,222.39,222.78,220.72,228.74,248.39,259.87,274.04
VZ,Verizon,Communication Services,Integrated Telecommunication Services,41.31,45.09,35.79,41.11,40.91,40.91,40.6,41.69,41.59,41.72
VRTX,Vertex Pharmaceuticals,Health Care,Biotechnology,442.26,519.68,362.5,450.28,439.66,434.63,422.34,414.86,423.17,442.62
VTRS,Viatris,Health Care,Pharmaceuticals,11.1,12.5,6.6,10.87,10.75,10.64,10.29,9.99,9.77,9.26
VICI,Vici Properties,Real Estate,Hotel & Resort REITs,27.94,33.54,26.86,28.08,28.41,29.15,30.33,31.44,31.6,31.33
V,Visa Inc.,Financials,Transaction & Payment Processing Services,326.71,374.11,297.39,328.86,330.67,330.35,338.25,340.98,343.07,343.7
VST,Vistra Corp.,Utilities,Electric Utilities,165.97,219.82,90.3,170.68,172.87,174.58,188.26,194.01,192.47,170.54
VMC,Vulcan Materials Company,Materials,Construction Materials,296.09,311.21,213.97,293.41,293.11,289.94,293.9,290.29,284.67,271.01
WRB,W. R. Berkley Corporation,Financials,Property & Casualty Insurance,66.54,78.96,55.38,69.72,73.23,75.09,75.13,73.19,72.8,71.02
GWW,W. W. Grainger,Industrials,Industrial Machinery & Supplies & Components,960.35,1184.7,887.81,967.42,954.74,944.53,952.26,973.04,986.47,996.76
WAB,Wabtec,Industrials,Construction Machinery & Heavy Transportation Equipment,211.97,216.03,151.24,212.56,209.38,206.03,201.65,197.49,199.49,194.43
WMT,Walmart,Consumer Staples,Consumer Staples Merchandise Retail,113.64,116.27,79.43,114.08,111.26,107.22,105.15,102.6,101.29,98.11
DIS,Walt Disney Company (The),Communication Services,Movies & Entertainment,107.77,124.69,79.76,105.82,104.9,106.49,109.73,113.37,114.75,109.47
WBD,Warner Bros. Discovery,Communication Services,Broadcasting,27.23,28.17,7.52,25.39,24.45,23.67,21.44,17.66,16.36,13.82
WM,Waste Management,Industrials,Environmental & Facilities Services,210.6,239.91,193.36,213.32,214.16,211.16,211.16,217.41,219.48,222.62
WAT,Waters Corporation,Health Care,Life Sciences Tools & Services,393.63,423.56,275.05,396.21,400.15,390.69,359.94,327.31,329.8,338.93
WEC,WEC Energy Group,Utilities,Electric Utilities,104.89,117.25,88.91,106.45,108.81,109.99,112.13,109.95,108.56,106.98
WFC,Wells Fargo,Financials,Diversified Banks,89.93,91.11,57.46,89.13,87.22,85.87,84.47,82.37,81.49,77.39
WELL,Welltower,Real Estate,Health Care REITs,201.05,209.05,120.99,202.87,203.96,199.47,185.47,175.43,170.76,162.0
WST,West Pharmaceutical Services,Health Care,Health Care Supplies,268.8,347.77,186.94,277.63,277.15,271.76,273.38,260.08,252.36,239.02
WDC,Western Digital,Information Technology,"Technology Hardware, Storage & Peripherals",169.54,178.31,28.72,162.95,160.51,158.89,142.15,113.06,102.95,80.91
WY,Weyerhaeuser,Real Estate,Timber REITs,22.27,31.65,20.96,21.82,21.87,21.83,22.9,24.01,24.36,25.25
WSM,"Williams-Sonoma, Inc.",Consumer Discretionary,Homefurnishing Retail,179.38,217.31,128.49,178.36,178.87,181.13,187.68,191.45,185.81,176.89
WMB,Williams Companies,Energy,Oil & Gas Storage & Transportation,62.04,65.55,50.57,62.05,61.17,60.52,60.86,59.52,59.41,58.59
WTW,Willis Towers Watson,Financials,Insurance Brokers,320.59,352.79,291.3,318.7,319.47,319.52,327.32,326.79,321.87,320.29
WDAY,"Workday, Inc.",Information Technology,Application Software,221.01,294.0,205.33,217.1,219.01,222.09,230.62,230.4,231.8,237.32
WYNN,Wynn Resorts,Consumer Discretionary,Casinos & Gaming,126.68,134.72,64.8,128.51,128.42,125.0,123.51,119.79,115.5,103.76
XEL,Xcel Energy,Utilities,Multi-Utilities,75.77,83.01,61.07,77.63,79.19,79.8,80.41,76.46,74.64,72.36
XYL,Xylem Inc.,Industrials,Industrial Machinery & Supplies & Components,138.39,153.83,99.59,139.72,140.27,141.9,145.44,142.51,139.66,132.41
YUM,Yum! Brands,Consumer Discretionary,Restaurants,142.61,160.96,119.81,145.91,148.87,148.81,146.59,146.0,145.77,146.61
ZBRA,Zebra Technologies,Information Technology,Electronic Equipment & Instruments,264.26,427.76,205.73,260.97,255.11,248.43,272.43,296.01,298.67,289.57
ZBH,Zimmer Biomet,Health Care,Health Care Equipment,92.68,113.87,85.33,93.47,94.78,92.2,96.19,98.14,97.03,98.54
ZTS,Zoetis,Health Care,Pharmaceuticals,118.27,179.47,115.25,120.87,123.82,121.67,133.33,141.51,144.61,150.11
