Symbol,Company,GICS_Sector,GICS_Sub_Industry,Current_Price,High_52_Week,Low_52_Week,SMA5,SMA10,SMA20,SMA50,SMA200,Score,Target_Pcnt,Target_Price,Stop_Loss
MMM,3M,Industrials,Industrial Conglomerates,163.67,173.09,123.2,169.01,169.95,168.63,162.85,151.11,-0.2,6.17,173.77,163.49
AOS,A. O. Smith,Industrials,Building Products,67.06,73.9,58.72,67.11,66.34,65.56,67.5,67.42,-0.2,1.91,68.34,62.78
ABT,Abbott Laboratories,Health Care,Health Care Equipment,121.85,138.33,109.61,124.79,126.46,127.22,128.26,129.95,-0.2,7.99,131.59,122.86
ABBV,AbbVie,Health Care,Biotechnology,222.52,242.63,165.03,226.38,227.37,229.1,227.75,202.45,0.0,6.86,237.78,220.41
ACN,Accenture,Information Technology,IT Consulting & Other Services,267.23,394.31,232.56,267.41,258.52,251.33,248.31,279.32,0.1,1.76,271.93,230.72
ADBE,Adobe Inc.,Information Technology,Application Software,339.47,552.96,312.4,332.81,326.28,326.54,336.92,369.09,0.2,1.0,342.86,310.21
AMD,Advanced Micro Devices,Information Technology,Semiconductors,220.24,264.33,78.21,217.41,215.97,224.95,225.74,153.65,-0.2,16.07,255.63,194.27
AES,AES Corporation,Utilities,Independent Power Producers & Energy Traders,13.86,15.18,9.38,13.88,13.9,13.89,14.03,12.16,0.0,2.74,14.24,13.53
AFL,Aflac,Financials,Life & Health Insurance,108.17,114.41,97.05,108.91,109.7,110.96,109.86,105.64,0.2,5.94,114.6,107.31
A,Agilent Technologies,Health Care,Life Sciences Tools & Services,142.31,157.2,98.88,146.84,150.3,148.65,144.55,123.63,-0.2,9.94,156.46,140.84
APD,Air Products,Materials,Industrial Gases,233.98,331.69,233.98,254.68,256.98,257.07,257.25,275.81,0.0,15.26,269.69,244.46
ABNB,Airbnb,Consumer Discretionary,"Hotels, Resorts & Cruise Lines",121.61,161.42,105.69,121.08,119.09,118.59,121.63,126.93,0.2,2.92,125.16,112.02
AKAM,Akamai Technologies,Information Technology,Internet Services & Infrastructure,85.57,102.1,68.21,86.09,87.62,87.91,80.27,78.62,-0.2,6.72,91.32,84.49
ALB,Albemarle Corporation,Materials,Specialty Chemicals,127.36,129.99,50.16,125.26,125.27,119.91,104.0,77.59,0.0,6.27,135.35,104.48
ARE,Alexandria Real Estate Equities,Real Estate,Office REITs,45.08,100.39,45.08,47.88,50.36,51.1,63.38,74.75,0.0,26.04,56.82,45.38
ALGN,Align Technology,Health Care,Health Care Supplies,157.29,239.52,124.88,155.45,150.95,144.22,137.2,160.19,-0.1,2.07,160.55,127.9
ALLE,Allegion,Industrials,Building Products,158.68,179.47,118.08,161.36,163.2,163.23,168.97,152.13,-0.2,6.57,169.11,157.37
LNT,Alliant Energy,Utilities,Electric Utilities,64.96,69.47,54.87,65.82,67.22,67.46,67.34,63.29,0.0,7.4,69.77,65.15
ALL,Allstate,Financials,Property & Casualty Insurance,200.86,213.64,177.51,205.41,208.49,208.81,203.36,199.66,-0.4,7.42,215.76,201.85
GOOGL,Alphabet Inc. (Class A),Communication Services,Interactive Media & Services,312.26,323.44,144.4,317.32,318.36,302.9,276.0,205.84,0.0,7.43,335.46,270.33
GOOG,Alphabet Inc. (Class C),Communication Services,Interactive Media & Services,312.9,323.64,146.27,318.0,318.77,303.33,276.59,206.96,0.0,7.31,335.77,270.9
MO,Altria,Consumer Staples,Tobacco,58.06,66.65,48.28,58.32,58.41,58.31,61.21,59.44,0.0,2.0,59.22,57.39
AMZN,Amazon,Consumer Discretionary,Broadline Retail,226.82,254.0,167.32,230.45,230.45,231.72,228.53,214.85,0.2,9.46,248.28,215.16
AMCR,Amcor,Materials,Paper & Plastic Packaging Products & Materials,8.24,10.15,7.82,8.34,8.44,8.45,8.23,8.95,-0.5,4.73,8.63,8.27
AEE,Ameren,Utilities,Multi-Utilities,99.17,106.35,85.0,100.57,102.79,103.71,103.74,99.06,-0.4,8.71,107.81,99.62
AEP,American Electric Power,Utilities,Electric Utilities,116.17,123.77,87.28,117.81,119.97,121.05,118.24,108.06,-0.2,7.88,125.32,116.79
AXP,American Express,Financials,Consumer Finance,362.43,372.77,230.22,366.55,364.09,359.84,350.52,308.13,0.0,4.81,379.86,339.82
AIG,American International Group,Financials,Multi-line Insurance,76.37,86.75,68.89,76.94,76.36,76.59,78.39,80.36,0.0,2.57,78.33,74.85
AMT,American Tower,Real Estate,Telecom Tower REITs,182.76,230.32,169.21,178.49,179.06,180.22,183.95,202.59,-0.2,1.19,184.93,175.5
AWK,American Water Works,Utilities,Water Utilities,128.52,149.23,118.11,129.73,130.15,130.07,133.98,138.7,0.2,3.54,133.07,127.07
AMP,Ameriprise Financial,Financials,Asset Management & Custody Banks,477.05,567.86,418.0,471.02,461.81,457.65,468.45,491.93,-0.2,0.64,480.1,435.21
AME,Ametek,Industrials,Electrical Components & Equipment,198.95,201.8,150.67,198.71,197.42,195.44,190.96,180.93,0.2,1.32,201.58,189.31
AMGN,Amgen,Health Care,Biotechnology,321.21,345.46,250.44,335.01,337.8,336.47,311.27,292.64,-0.4,8.81,349.51,323.43
APH,Amphenol,Information Technology,Electronic Components,139.74,143.85,58.9,139.74,139.32,137.74,133.06,100.82,0.0,4.09,145.46,130.02
ADI,Analog Devices,Information Technology,Semiconductors,277.15,281.29,163.21,277.38,266.81,249.86,242.79,226.94,0.0,4.19,288.76,210.95
AON,Aon plc,Financials,Insurance Brokers,343.04,407.61,326.07,345.22,347.95,348.03,348.36,362.74,0.0,3.27,354.26,341.81
APA,APA Corporation,Energy,Oil & Gas Exploration & Production,26.3,27.1,13.47,26.5,25.59,24.95,23.9,20.16,0.2,2.7,27.01,22.88
APO,Apollo Global Management,Financials,Asset Management & Custody Banks,137.18,176.13,107.48,135.73,133.29,130.98,127.95,134.44,-0.1,0.89,138.4,123.56
AAPL,Apple Inc.,Information Technology,"Technology Hardware, Storage & Peripherals",276.76,286.19,171.83,281.32,279.9,275.18,265.87,227.9,0.0,3.51,286.47,263.88
AMAT,Applied Materials,Information Technology,Semiconductor Materials & Equipment,267.36,269.44,125.98,267.75,256.91,242.12,231.27,182.3,0.2,3.67,277.17,207.08
APP,AppLovin,Information Technology,Application Software,686.91,718.54,219.37,675.57,630.31,594.22,610.87,433.27,0.0,3.31,709.65,478.8
APTV,Aptiv,Consumer Discretionary,Automotive Parts & Equipment,76.61,87.98,47.92,77.0,76.75,77.19,81.43,71.13,-0.2,8.77,83.33,71.05
ACGL,Arch Capital Group,Financials,Property & Casualty Insurance,91.09,98.49,84.72,92.12,92.76,92.21,90.2,90.97,-0.1,3.59,94.36,90.06
ADM,Archer Daniels Midland,Consumer Staples,Agricultural Products & Services,58.06,63.67,40.67,59.31,59.67,58.83,59.83,53.59,0.2,5.92,61.5,56.16
ANET,Arista Networks,Information Technology,Communications Equipment,129.32,162.03,64.37,128.3,127.51,127.83,140.51,112.73,0.0,6.3,137.47,118.18
AJG,Arthur J. Gallagher & Co.,Financials,Insurance Brokers,239.71,346.41,239.71,243.64,246.09,249.76,270.36,305.18,0.0,8.53,260.16,239.38
AIZ,Assurant,Financials,Multi-line Insurance,221.59,227.71,177.67,222.49,224.52,224.93,218.33,203.96,0.2,3.16,228.59,221.26
T,AT&T,Communication Services,Integrated Telecommunication Services,24.82,29.3,20.9,25.27,25.54,25.51,25.65,26.87,-0.2,5.36,26.15,24.87
ATO,Atmos Energy,Utilities,Gas Utilities,167.38,178.17,133.41,170.17,172.26,173.73,173.54,159.55,-0.2,6.91,178.95,168.51
ADSK,Autodesk,Information Technology,Application Software,300.36,326.79,238.84,306.09,302.46,298.83,304.57,293.01,0.0,3.85,311.92,285.73
ADP,Automatic Data Processing,Industrials,Human Resource & Employment Services,259.44,323.5,249.06,259.57,256.98,254.72,269.07,293.49,0.2,0.91,261.8,247.65
AZO,AutoZone,Consumer Discretionary,Automotive Retail,3775.49,4354.54,3185.71,3817.67,3875.72,3847.29,3908.32,3826.8,-0.2,5.34,3977.1,3717.47
AVB,AvalonBay Communities,Real Estate,Multi-Family Residential REITs,177.26,222.25,173.92,179.47,180.28,179.04,182.33,195.1,0.0,3.09,182.74,175.34
AVY,Avery Dennison,Materials,Paper & Plastic Packaging Products & Materials,174.64,199.77,156.63,175.16,172.63,171.63,168.89,171.86,-0.1,2.13,178.36,164.9
AXON,Axon Enterprise,Industrials,Aerospace & Defense,553.25,870.97,496.65,547.22,539.61,544.19,639.71,676.66,-0.2,4.52,578.26,510.12
BKR,Baker Hughes,Energy,Oil & Gas Equipment & Services,47.67,50.61,34.43,49.49,49.61,48.95,47.88,42.61,0.0,6.67,50.85,47.06
BALL,Ball Corporation,Materials,"Metal, Glass & Plastic Containers",47.76,59.23,44.42,48.56,48.84,48.13,48.35,51.45,0.0,5.0,50.15,46.1
BAC,Bank of America,Financials,Diversified Banks,53.87,53.95,33.82,53.68,53.13,52.65,51.85,46.17,0.0,1.47,54.66,50.64
BAX,Baxter International,Health Care,Health Care Equipment,18.16,36.1,17.41,18.58,18.64,18.38,20.42,26.69,0.0,6.17,19.28,17.48
BDX,Becton Dickinson,Health Care,Health Care Equipment,189.54,245.13,163.27,192.26,192.75,191.66,188.2,189.87,-0.1,4.13,197.37,185.95
BRK-B,Berkshire Hathaway,Financials,Multi-Sector Holdings,496.78,539.8,442.66,502.92,506.46,504.86,497.01,498.27,-0.1,3.59,514.61,495.12
BBY,Best Buy,Consumer Discretionary,Computer & Electronics Retail,72.65,87.59,54.69,74.03,76.29,76.1,77.9,71.72,0.0,10.76,80.47,71.74
TECH,Bio-Techne,Health Care,Life Sciences Tools & Services,60.11,78.3,46.53,62.42,63.43,61.35,61.06,55.3,0.0,10.51,66.43,56.26
BIIB,Biogen,Health Care,Biotechnology,180.3,182.09,113.38,180.9,180.51,172.98,158.76,138.65,0.0,5.31,189.87,156.08
BLK,BlackRock,Financials,Asset Management & Custody Banks,1061.04,1196.76,803.7,1062.36,1046.33,1043.37,1095.43,1027.68,0.2,3.7,1100.3,986.47
BX,Blackstone Inc.,Financials,Asset Management & Custody Banks,151.31,187.02,117.47,150.62,147.56,144.25,151.45,151.1,0.0,1.48,153.55,134.94
XYZ,"Block, Inc.",Financials,Transaction & Payment Processing Services,60.92,98.25,46.53,61.09,62.72,62.54,70.56,66.67,0.0,10.87,67.54,57.55
BK,BNY Mellon,Financials,Asset Management & Custody Banks,114.39,114.39,72.12,113.51,112.0,110.55,108.48,95.3,0.2,1.14,115.69,105.42
BA,Boeing,Industrials,Aerospace & Defense,206.33,237.38,136.59,203.6,194.19,192.14,204.58,201.58,0.2,1.27,208.95,175.33
BKNG,Booking Holdings,Consumer Discretionary,"Hotels, Resorts & Cruise Lines",5191.5,5794.84,4141.9,5113.8,5002.22,4943.29,5073.67,5181.33,-0.2,1.67,5278.2,4608.39
BSX,Boston Scientific,Health Care,Health Care Equipment,93.47,108.14,88.03,97.26,98.92,99.8,99.12,101.38,-0.1,12.75,105.39,94.2
BMY,Bristol Myers Squibb,Health Care,Pharmaceuticals,51.81,60.79,42.6,51.02,49.96,48.59,46.2,48.15,0.1,1.2,52.43,44.75
AVGO,Broadcom,Information Technology,Semiconductors,398.91,402.96,145.7,386.47,388.2,367.73,356.82,275.58,0.0,3.13,411.4,324.07
BR,Broadridge Financial Solutions,Industrials,Data Processing & Outsourced Services,226.9,265.85,215.58,229.57,228.46,226.87,228.63,237.75,0.0,2.09,231.64,222.11
BRO,Brown & Brown,Financials,Insurance Brokers,77.57,123.81,76.42,79.01,79.69,79.79,84.73,101.44,-0.2,5.13,81.55,78.03
BF-B,Brown–Forman,Consumer Staples,Distillers & Vintners,30.08,43.88,25.25,29.89,29.3,28.42,27.79,29.94,0.1,1.4,30.5,26.33
BLDR,Builders FirstSource,Industrials,Building Products,107.14,176.89,94.85,110.94,110.14,105.97,115.1,122.89,0.2,9.73,117.56,94.37
BG,Bunge Global,Consumer Staples,Agricultural Products & Services,92.12,97.09,66.74,94.3,95.05,94.92,91.75,80.77,-0.2,5.91,97.56,92.27
BXP,"BXP, Inc.",Real Estate,Office REITs,68.6,78.83,55.53,70.27,71.15,70.75,71.68,68.25,0.0,7.0,73.4,68.09
CHRW,C.H. Robinson,Industrials,Air Freight & Logistics,153.34,159.68,85.64,157.18,157.34,154.16,142.2,112.89,0.2,5.22,161.34,146.97
CDNS,Cadence Design Systems,Information Technology,Application Software,336.61,373.37,231.64,333.1,320.14,315.97,329.06,311.63,0.0,1.22,340.72,291.22
CPT,Camden Property Trust,Real Estate,Multi-Family Residential REITs,102.98,122.09,97.58,104.59,105.22,104.04,103.15,109.99,-0.1,4.1,107.2,100.87
CPB,Campbell's Company (The),Consumer Staples,Packaged Foods & Meats,30.25,41.67,29.36,29.79,30.13,30.61,30.66,33.18,0.0,5.22,31.83,29.39
COF,Capital One,Financials,Consumer Finance,230.9,230.9,149.12,228.51,222.27,216.17,215.56,201.91,0.2,2.08,235.7,196.63
CAH,Cardinal Health,Health Care,Health Care Distributors,199.04,213.73,114.18,200.38,206.02,206.21,182.31,155.72,0.2,8.04,215.04,197.38
CCL,Carnival,Consumer Discretionary,"Hotels, Resorts & Cruise Lines",26.06,32.49,16.43,25.93,25.72,25.96,27.47,25.64,-0.2,3.84,27.06,24.87
CARR,Carrier Global,Industrials,Building Products,53.26,80.42,50.36,54.1,53.97,53.92,56.4,64.49,-0.2,7.77,57.4,50.44
CAT,Caterpillar Inc.,Industrials,Construction Machinery & Heavy Transportation Equipment,594.39,603.17,270.85,594.13,581.44,569.12,542.39,413.09,0.2,1.55,603.6,534.62
CBOE,Cboe Global Markets,Financials,Financial Exchanges & Data,254.07,260.88,189.73,254.0,255.34,256.51,247.63,233.02,0.0,2.92,261.49,251.52
CBRE,CBRE Group,Real Estate,Real Estate Services,155.85,165.9,113.94,159.96,160.34,156.6,155.99,143.36,0.2,6.02,165.23,147.98
CDW,CDW Corporation,Information Technology,Technology Distributors,144.94,203.07,136.03,144.71,143.97,142.76,149.02,163.69,-0.2,2.3,148.27,137.25
COR,Cencora,Health Care,Health Care Distributors,337.23,374.75,222.96,340.1,354.51,358.92,339.08,298.16,-0.2,13.4,382.42,335.41
CNC,Centene Corporation,Health Care,Managed Health Care,37.96,65.89,25.21,38.55,38.73,37.34,36.58,44.32,-0.3,6.64,40.48,34.2
CNP,CenterPoint Energy,Utilities,Multi-Utilities,38.14,40.0,30.14,38.37,39.0,39.26,39.12,37.16,0.2,5.9,40.39,38.13
CF,CF Industries,Materials,Fertilizers & Agricultural Chemicals,77.71,101.28,67.27,78.82,78.63,80.09,83.55,84.17,0.0,9.11,84.79,75.39
CRL,Charles River Laboratories,Health Care,Life Sciences Tools & Services,187.07,201.75,99.75,182.97,179.65,173.21,174.93,156.06,-0.2,1.01,188.96,157.45
SCHW,Charles Schwab Corporation,Financials,Investment Banking & Brokerage,94.04,98.41,68.45,93.79,92.74,93.17,93.58,88.44,0.0,3.16,97.01,89.33
CHTR,Charter Communications,Communication Services,Cable & Satellite,205.93,427.25,194.22,201.74,200.54,202.03,232.33,318.14,-0.2,2.8,211.7,192.36
CVX,Chevron Corporation,Energy,Integrated Oil & Gas,148.26,162.83,129.22,150.47,150.38,151.62,151.97,147.64,0.0,5.0,155.67,147.56
CMG,Chipotle Mexican Grill,Consumer Discretionary,Restaurants,33.58,66.16,29.81,33.95,33.71,32.3,36.18,45.43,0.2,5.72,35.5,29.1
CB,Chubb Limited,Financials,Property & Casualty Insurance,297.54,301.45,256.04,295.35,295.83,295.31,286.27,283.23,-0.2,0.72,299.68,290.96
CHD,Church & Dwight,Consumer Staples,Household Products,81.78,112.09,81.52,83.54,83.89,83.9,85.53,94.75,0.0,4.84,85.74,82.07
CI,Cigna,Health Care,Health Care Services,263.86,334.83,243.04,267.82,271.03,269.81,281.38,300.24,0.2,5.79,279.14,260.46
CINF,Cincinnati Financial,Financials,Property & Casualty Insurance,161.11,168.48,125.14,162.6,165.02,164.73,160.67,149.24,0.0,5.13,169.37,160.08
CTAS,Cintas,Industrials,Diversified Support Services,183.24,226.65,180.61,184.59,184.48,184.7,188.57,205.4,0.2,2.25,187.36,182.04
CSCO,Cisco,Information Technology,Communications Equipment,78.83,78.83,52.55,77.84,77.08,76.45,72.7,65.9,0.2,1.75,80.21,72.69
C,Citigroup,Financials,Diversified Banks,108.65,108.88,56.95,107.05,104.49,102.18,99.94,85.4,0.0,0.26,108.93,95.44
CFG,Citizens Financial Group,Financials,Regional Banks,55.93,55.93,33.29,55.52,54.72,53.11,51.92,45.46,0.2,1.64,56.85,49.37
CLX,Clorox,Consumer Staples,Household Products,101.26,163.6,98.43,104.46,105.7,104.15,111.38,124.95,0.0,7.93,109.29,99.02
CME,CME Group,Financials,Financial Exchanges & Data,271.09,288.01,222.62,273.4,276.1,277.22,271.37,268.74,0.0,5.12,284.97,269.48
CMS,CMS Energy,Utilities,Multi-Utilities,70.57,75.44,63.06,71.64,73.12,73.61,73.27,71.31,-0.2,8.11,76.29,70.92
KO,Coca-Cola Company (The),Consumer Staples,Soft Drinks & Non-alcoholic Beverages,70.29,72.61,59.07,70.44,71.33,71.07,69.0,68.87,-0.2,3.49,72.74,69.4
CTSH,Cognizant,Information Technology,IT Consulting & Other Services,80.87,89.26,65.18,79.74,78.23,75.52,71.31,74.02,-0.1,1.19,81.83,69.21
COIN,Coinbase,Financials,Financial Exchanges & Data,274.74,419.78,151.47,271.74,266.64,271.06,315.28,282.18,-0.2,13.06,310.62,231.48
CL,Colgate-Palmolive,Consumer Staples,Household Products,76.21,95.74,74.98,77.78,78.83,78.9,78.19,85.46,-0.1,6.25,80.97,76.83
CMCSA,Comcast,Communication Services,Cable & Satellite,26.69,41.58,26.46,27.13,26.86,27.1,28.47,32.5,0.0,4.76,27.96,26.24
CAG,Conagra Brands,Consumer Staples,Packaged Foods & Meats,17.18,26.38,16.7,17.11,17.42,17.39,17.7,20.39,-0.2,4.31,17.92,16.85
COP,ConocoPhillips,Energy,Oil & Gas Exploration & Production,93.16,103.38,80.54,92.21,90.13,89.36,89.07,90.86,0.1,0.41,93.54,85.17
ED,Consolidated Edison,Utilities,Multi-Utilities,95.54,110.5,85.06,96.34,97.78,99.04,98.9,100.88,0.1,7.86,103.05,95.03
STZ,Constellation Brands,Consumer Staples,Distillers & Vintners,142.05,238.26,127.65,139.68,137.18,133.81,135.26,160.62,0.0,0.15,142.26,125.36
CEG,Constellation Energy,Utilities,Electric Utilities,358.1,403.49,170.33,362.29,359.97,352.9,363.27,301.49,-0.2,4.11,372.82,332.99
COO,Cooper Companies (The),Health Care,Health Care Supplies,77.87,103.23,64.32,77.62,77.56,74.84,72.29,74.83,0.1,3.97,80.96,68.71
CPRT,Copart,Industrials,Diversified Support Services,38.31,63.84,38.31,38.73,38.85,40.05,42.36,49.65,0.0,10.91,42.49,37.6
GLW,Corning Inc.,Information Technology,Electronic Components,88.08,89.98,38.56,85.35,84.3,83.61,84.75,61.61,-0.2,1.54,89.44,77.77
CPAY,Corpay,Financials,Transaction & Payment Processing Services,303.85,389.55,255.0,301.34,297.11,289.07,284.21,316.77,0.1,1.76,309.2,268.94
CTVA,Corteva,Materials,Fertilizers & Agricultural Chemicals,65.33,76.73,55.1,65.71,66.02,65.57,64.02,66.85,0.1,2.97,67.27,63.87
CSGP,CoStar Group,Real Estate,Real Estate Services,66.39,96.83,65.52,67.96,68.12,67.75,72.77,79.93,0.0,5.06,69.75,65.76
COST,Costco,Consumer Staples,Consumer Staples Merchandise Retail,886.14,1072.45,886.12,904.19,903.52,905.86,918.62,958.34,0.0,5.11,931.42,880.35
CTRA,Coterra,Energy,Oil & Gas Exploration & Production,26.52,28.82,22.01,26.96,26.7,26.34,24.72,24.74,-0.1,3.47,27.44,25.25
CRWD,CrowdStrike,Information Technology,Systems Software,514.41,557.53,308.86,516.06,511.43,519.89,515.26,451.19,0.0,7.96,555.36,484.42
CCI,Crown Castle,Real Estate,Telecom Tower REITs,90.92,112.64,81.15,89.08,89.42,90.45,93.2,97.65,-0.2,2.99,93.64,87.26
CSX,CSX Corporation,Industrials,Rail Transportation,36.33,36.53,26.38,35.95,35.41,34.9,35.37,32.49,-0.2,0.55,36.53,33.28
CMI,Cummins,Industrials,Construction Machinery & Heavy Transportation Equipment,506.69,510.74,263.13,507.48,500.92,484.64,449.51,367.86,0.2,2.79,520.83,448.45
CVS,CVS Health,Health Care,Health Care Services,76.44,82.45,41.98,76.29,77.71,77.94,78.43,68.79,0.0,5.91,80.96,74.92
DHR,Danaher Corporation,Health Care,Life Sciences Tools & Services,223.73,249.37,174.06,226.43,226.93,223.8,216.09,202.65,0.2,4.15,233.01,214.59
DRI,Darden Restaurants,Consumer Discretionary,Restaurants,179.35,222.41,155.17,177.06,177.14,174.91,181.13,196.87,0.0,1.07,181.27,168.56
DDOG,Datadog,Information Technology,Application Software,154.16,199.72,87.0,154.18,156.46,168.71,162.66,131.61,0.0,29.74,200.01,137.41
DVA,DaVita,Health Care,Health Care Services,116.81,177.35,115.2,117.78,118.88,119.2,123.61,136.53,0.2,6.1,123.94,114.47
DAY,Dayforce,Industrials,Human Resource & Employment Services,69.04,79.23,49.33,69.09,69.07,68.97,68.72,61.68,0.2,0.28,69.23,68.71
DECK,Deckers Brands,Consumer Discretionary,Footwear,100.86,223.11,79.54,96.71,91.94,87.32,91.39,107.36,0.2,-1.08,99.77,74.86
DE,Deere & Company,Industrials,Agricultural & Farm Machinery,466.23,527.96,404.45,475.07,476.32,476.7,467.71,481.78,-0.1,5.62,492.43,461.0
DELL,Dell Technologies,Information Technology,"Technology Hardware, Storage & Peripherals",140.43,164.88,70.63,137.58,133.98,131.7,144.01,119.95,0.0,4.49,146.74,116.67
DAL,Delta Air Lines,Industrials,Passenger Airlines,67.47,68.24,35.54,66.89,64.98,61.46,59.75,53.26,0.0,2.95,69.46,53.46
DVN,Devon Energy,Energy,Oil & Gas Exploration & Production,37.74,37.86,26.43,37.57,37.09,36.16,34.4,33.37,0.2,1.8,38.42,33.89
DXCM,Dexcom,Health Care,Health Care Equipment,65.53,90.75,54.84,65.11,63.9,61.32,64.03,74.93,-0.2,2.58,67.22,55.41
FANG,Diamondback Energy,Energy,Oil & Gas Exploration & Production,157.7,175.21,116.78,158.03,154.29,150.49,145.44,141.58,0.2,1.95,160.78,140.2
DLR,Digital Realty,Real Estate,Data Center REITs,164.53,187.2,134.22,161.29,159.83,160.38,167.69,163.98,0.2,1.99,167.8,152.96
DG,Dollar General,Consumer Staples,Consumer Staples Merchandise Retail,123.68,132.37,67.25,120.25,113.49,108.01,103.88,100.41,0.2,1.5,125.54,90.49
DLTR,Dollar Tree,Consumer Staples,Consumer Staples Merchandise Retail,119.98,122.44,61.92,116.04,111.66,107.42,100.75,94.24,0.2,0.14,120.15,94.7
D,Dominion Energy,Utilities,Multi-Utilities,58.4,62.07,47.97,59.02,60.09,60.22,60.04,56.45,0.2,6.3,62.08,58.36
DPZ,Domino's,Consumer Discretionary,Restaurants,418.81,493.69,397.21,423.75,419.81,412.49,414.07,447.94,0.0,3.02,431.46,393.53
DASH,DoorDash,Consumer Discretionary,Specialized Consumer Services,224.68,281.74,163.16,222.07,209.38,204.98,237.86,223.87,0.2,1.8,228.72,181.25
DOV,Dover Corporation,Industrials,Industrial Machinery & Supplies & Components,191.66,204.14,149.86,190.23,187.5,184.29,176.13,176.94,-0.1,0.43,192.48,176.09
DOW,Dow Inc.,Materials,Commodity Chemicals,22.88,39.76,20.27,23.27,23.26,22.5,22.56,26.34,-0.2,6.77,24.43,20.58
DHI,D. R. Horton,Consumer Discretionary,Homebuilding,152.32,183.47,114.08,159.02,156.89,149.44,153.4,141.32,0.0,9.4,166.64,132.24
DTE,DTE Energy,Utilities,Multi-Utilities,130.17,143.32,114.72,131.66,133.75,135.64,138.12,134.82,-0.2,8.5,141.23,130.03
DUK,Duke Energy,Utilities,Electric Utilities,115.31,127.92,102.07,117.62,120.02,121.47,123.26,118.65,-0.2,9.69,126.48,116.45
DD,DuPont,Materials,Specialty Chemicals,40.6,40.6,22.69,40.02,39.59,39.33,36.07,31.28,0.0,1.85,41.35,37.3
ETN,Eaton Corporation,Industrials,Electrical Components & Equipment,343.76,391.62,244.95,337.81,338.34,344.67,363.65,335.67,-0.2,8.07,371.5,317.82
EBAY,eBay Inc.,Consumer Discretionary,Broadline Retail,83.5,100.1,58.89,82.6,82.38,82.78,87.15,79.36,0.0,3.7,86.59,78.96
ECL,Ecolab,Materials,Specialty Chemicals,258.01,284.78,224.56,263.47,268.26,264.31,267.84,262.86,0.0,7.27,276.77,251.86
EIX,Edison International,Utilities,Electric Utilities,56.12,80.22,46.84,57.24,58.0,58.11,56.59,54.03,-0.2,6.29,59.65,56.56
EW,Edwards Lifesciences,Health Care,Health Care Equipment,84.42,86.82,67.07,85.02,85.53,85.33,80.89,76.78,0.2,3.3,87.21,83.45
EA,Electronic Arts,Communication Services,Interactive Home Entertainment,203.85,203.92,115.97,203.5,202.58,201.88,200.96,164.76,-0.2,0.06,203.97,199.79
ELV,Elevance Health,Health Care,Managed Health Care,329.72,445.96,271.77,330.11,331.43,325.31,332.5,354.53,-0.2,3.87,342.48,308.12
EME,Emcor,Industrials,Construction & Engineering,629.83,777.0,341.52,621.44,614.92,616.25,655.88,538.84,-0.2,3.58,652.38,580.14
EMR,Emerson Electric,Industrials,Electrical Components & Equipment,136.04,148.4,92.96,135.36,133.31,130.63,131.39,124.79,-0.2,1.28,137.78,123.48
ETR,Entergy,Utilities,Electric Utilities,92.92,97.52,71.18,93.76,94.82,94.87,95.06,86.64,0.0,4.71,97.3,92.43
EOG,EOG Resources,Energy,Oil & Gas Exploration & Production,110.47,133.44,101.83,111.07,109.12,108.73,108.0,114.29,0.1,2.05,112.73,104.73
EPAM,EPAM Systems,Information Technology,IT Consulting & Other Services,203.51,267.63,142.2,200.32,193.27,186.6,167.46,169.28,-0.1,0.23,203.98,169.21
EQT,EQT Corporation,Energy,Oil & Gas Exploration & Production,58.58,61.17,42.04,59.82,59.38,59.22,56.48,53.53,0.2,5.96,62.07,56.38
EFX,Equifax,Industrials,Research & Consulting Services,209.96,278.79,203.71,210.23,210.97,209.24,220.09,242.39,0.0,2.5,215.21,203.28
EQIX,Equinix,Real Estate,Data Center REITs,744.33,962.92,726.09,734.42,741.79,762.37,789.31,806.45,-0.2,9.85,817.65,707.11
EQR,Equity Residential,Real Estate,Multi-Family Residential REITs,60.54,72.76,58.7,61.44,61.36,60.44,61.3,65.28,0.0,3.34,62.56,58.32
ERIE,Erie Indemnity,Financials,Insurance Brokers,282.81,445.35,277.63,294.24,294.23,290.55,303.53,351.01,0.2,6.96,302.49,278.6
ESS,Essex Property Trust,Real Estate,Multi-Family Residential REITs,252.49,305.43,247.18,257.19,259.33,257.79,258.89,271.43,0.0,4.92,264.91,250.67
EL,Estée Lauder Companies (The),Consumer Staples,Personal Care Products,103.0,105.13,49.43,102.72,98.04,93.21,93.56,79.43,0.0,2.36,105.43,80.99
EG,Everest Group,Financials,Reinsurance,307.78,370.45,304.91,311.54,312.01,316.07,330.75,339.7,0.0,7.14,329.76,302.38
EVRG,Evergy,Utilities,Electric Utilities,73.44,78.01,57.62,73.87,75.32,75.58,76.17,69.59,-0.2,6.2,77.99,73.18
ES,Eversource Energy,Utilities,Electric Utilities,66.62,74.88,52.98,66.54,66.48,68.66,71.13,64.37,-0.4,14.2,76.08,61.23
EXC,Exelon,Utilities,Electric Utilities,43.38,47.82,34.95,44.13,45.2,45.5,45.99,44.0,-0.2,9.24,47.39,43.6
EXE,Expand Energy,Energy,Oil & Gas Exploration & Production,119.08,122.89,91.44,120.93,119.95,118.34,110.34,105.2,0.0,3.77,123.57,113.11
EXPE,Expedia Group,Consumer Discretionary,"Hotels, Resorts & Cruise Lines",264.23,273.19,135.82,262.43,259.17,256.7,234.2,193.54,0.2,5.05,277.57,235.84
EXPD,Expeditors International,Industrials,Air Freight & Logistics,147.88,151.47,101.6,148.88,147.39,143.34,130.14,118.73,0.2,2.97,152.27,134.41
EXR,Extra Space Storage,Real Estate,Self-Storage REITs,128.82,157.5,123.86,130.85,131.53,131.39,138.29,141.92,0.0,4.32,134.39,128.39
XOM,ExxonMobil,Energy,Integrated Oil & Gas,115.81,119.29,97.25,116.53,116.05,116.94,114.38,109.18,0.0,3.15,119.46,114.41
FFIV,"F5, Inc.",Information Technology,Communications Equipment,249.37,343.17,223.99,243.99,241.21,237.21,274.15,286.83,0.2,0.38,250.32,224.1
FDS,FactSet,Financials,Financial Exchanges & Data,285.85,485.96,252.61,282.57,279.18,275.21,277.07,379.7,-0.2,0.48,287.22,263.21
FICO,Fair Isaac,Information Technology,Application Software,1760.82,2371.83,1311.26,1774.46,1780.23,1767.15,1699.81,1711.35,-0.1,3.36,1819.98,1714.37
FAST,Fastenal,Industrials,Trading Companies & Distributors,40.85,50.13,34.82,41.16,40.63,40.47,42.43,42.45,-0.2,2.52,41.88,39.06
FRT,Federal Realty Investment Trust,Real Estate,Retail REITs,95.92,109.5,81.67,97.15,97.69,97.41,97.82,95.22,-0.2,3.44,99.22,95.59
FDX,FedEx,Industrials,Air Freight & Logistics,276.8,278.55,195.55,273.19,273.17,268.99,253.54,233.21,0.0,1.2,280.12,257.85
FIS,Fidelity National Information Services,Financials,Transaction & Payment Processing Services,65.97,83.89,61.5,66.13,65.81,65.14,65.7,72.08,-0.2,2.68,67.74,62.54
FITB,Fifth Third Bancorp,Financials,Regional Banks,45.31,45.87,32.73,44.97,44.1,43.15,42.87,40.68,0.2,1.06,45.79,40.51
FSLR,First Solar,Information Technology,Semiconductors,257.15,277.39,120.38,258.13,261.95,259.34,247.12,184.17,0.0,6.69,274.35,244.33
FE,FirstEnergy,Utilities,Electric Utilities,44.78,47.72,36.81,45.14,46.15,46.24,46.08,42.03,0.2,6.83,47.84,44.64
FISV,Fiserv,Financials,Transaction & Payment Processing Services,65.62,237.79,59.77,65.63,63.45,63.0,91.95,153.12,-0.2,2.36,67.17,58.83
F,Ford Motor Company,Consumer Discretionary,Automobile Manufacturers,13.15,13.68,8.35,13.07,13.11,13.08,12.61,10.94,-0.2,2.74,13.51,12.64
FTNT,Fortinet,Information Technology,Systems Software,83.82,114.57,74.39,84.32,82.58,81.8,83.56,93.03,0.0,2.52,85.93,77.66
FTV,Fortive,Industrials,Industrial Machinery & Supplies & Components,54.08,62.25,46.44,53.56,53.28,52.3,50.67,51.52,0.1,1.04,54.64,49.96
FOXA,Fox Corporation (Class A),Communication Services,Broadcasting,69.05,69.05,45.64,67.59,66.39,65.95,63.01,56.93,0.2,-0.8,68.5,63.4
FOX,Fox Corporation (Class B),Communication Services,Broadcasting,61.24,61.24,43.31,60.18,59.23,59.13,56.55,51.99,0.4,-0.2,61.12,57.14
BEN,Franklin Resources,Financials,Asset Management & Custody Banks,23.14,25.67,16.21,23.02,22.7,22.36,22.68,21.93,-0.2,2.07,23.62,21.1
FCX,Freeport-McMoRan,Materials,Copper,44.94,46.89,28.82,44.45,43.23,41.83,41.2,40.36,0.0,1.29,45.52,38.14
GRMN,Garmin,Consumer Discretionary,Consumer Electronics,201.26,259.77,172.21,200.71,197.59,195.73,222.48,215.81,-0.2,1.91,205.1,186.36
IT,Gartner,Information Technology,IT Consulting & Other Services,227.88,548.38,224.13,230.06,231.07,229.98,239.83,340.25,0.2,3.33,235.47,224.49
GE,GE Aerospace,Industrials,Aerospace & Defense,286.2,314.28,158.97,287.96,291.08,296.33,300.28,253.32,0.0,9.3,312.82,279.84
GEHC,GE HealthCare,Health Care,Health Care Equipment,83.36,93.35,58.67,83.03,81.32,77.37,75.99,74.62,0.2,3.38,86.18,68.56
GEV,GE Vernova,Industrials,Heavy Electrical Equipment,619.53,664.27,269.69,616.7,600.29,585.59,591.17,505.32,-0.2,1.72,630.19,541.02
GEN,Gen Digital,Information Technology,Systems Software,26.83,31.88,23.2,26.88,26.61,26.53,26.68,27.78,0.0,1.57,27.25,25.8
GNRC,Generac,Industrials,Electrical Components & Equipment,163.46,202.85,101.92,160.7,154.65,152.29,165.92,150.96,0.2,2.24,167.12,137.46
GD,General Dynamics,Industrials,Aerospace & Defense,336.58,353.77,238.33,337.89,338.27,341.42,340.92,300.31,0.2,4.26,350.92,331.92
GIS,General Mills,Consumer Staples,Packaged Foods & Meats,46.01,63.77,45.93,46.01,46.55,46.9,47.69,51.52,0.0,4.93,48.28,45.53
GM,General Motors,Consumer Discretionary,Automobile Manufacturers,75.92,76.05,42.15,75.03,73.75,71.77,66.44,54.6,0.0,1.19,76.82,66.72
GPC,Genuine Parts Company,Consumer Discretionary,Distributors,128.52,141.64,103.09,128.89,128.49,127.06,129.51,125.37,-0.2,1.73,130.74,123.39
GILD,Gilead Sciences,Health Care,Biotechnology,121.01,128.07,87.29,122.75,124.38,124.46,120.81,112.13,0.0,6.83,129.27,119.63
GPN,Global Payments,Financials,Transaction & Payment Processing Services,77.61,116.55,67.06,78.97,76.86,75.51,80.61,83.33,0.2,3.99,80.71,70.3
GL,Globe Life,Financials,Life & Health Insurance,132.78,146.27,102.79,131.39,132.77,132.43,134.32,129.23,0.0,1.88,135.28,129.58
GDDY,GoDaddy,Information Technology,Internet Services & Infrastructure,127.1,214.35,124.23,128.84,127.87,128.06,130.86,159.31,0.0,4.67,133.04,123.08
GS,Goldman Sachs,Financials,Investment Banking & Brokerage,866.13,866.13,455.22,842.06,823.63,806.28,787.94,674.41,0.2,-0.47,862.06,750.51
HAL,Halliburton,Energy,Oil & Gas Equipment & Services,28.16,29.15,18.84,27.72,26.78,26.72,25.62,22.73,0.2,1.35,28.54,24.9
HIG,Hartford (The),Financials,Property & Casualty Insurance,129.77,136.97,104.54,131.84,134.09,133.3,129.78,125.22,-0.2,6.37,138.04,128.55
HAS,Hasbro,Consumer Discretionary,Leisure Products,80.68,82.69,49.29,81.55,81.66,79.47,76.71,69.89,0.2,4.52,84.33,74.62
HCA,HCA Healthcare,Health Care,Health Care Facilities,485.82,515.85,294.93,489.45,499.02,486.75,459.36,388.04,0.2,6.69,518.32,455.19
DOC,Healthpeak Properties,Real Estate,Health Care REITs,16.79,20.42,16.25,17.26,17.7,17.62,18.02,17.76,-0.2,9.77,18.43,16.81
HSIC,Henry Schein,Health Care,Health Care Distributors,72.91,81.91,62.03,72.88,73.73,72.94,68.25,69.19,0.1,3.73,75.63,70.24
HSY,Hershey Company (The),Consumer Staples,Packaged Foods & Meats,181.05,194.06,140.14,181.84,184.31,181.34,181.5,173.1,-0.2,5.86,191.66,171.01
HPE,Hewlett Packard Enterprise,Information Technology,"Technology Hardware, Storage & Peripherals",23.86,26.25,12.35,22.85,22.21,22.07,23.33,19.95,-0.2,1.93,24.32,19.81
HLT,Hilton Worldwide,Consumer Discretionary,"Hotels, Resorts & Cruise Lines",269.95,285.77,200.93,275.41,279.0,274.55,267.17,255.62,0.0,6.54,287.6,261.49
HOLX,Hologic,Health Care,Health Care Equipment,74.72,76.83,52.73,74.88,74.86,74.57,72.28,65.34,0.0,0.67,75.22,73.92
HD,Home Depot (The),Consumer Discretionary,Home Improvement Retail,349.11,420.88,329.16,352.45,350.83,351.82,370.67,370.54,-0.2,7.62,375.71,327.93
HON,Honeywell,Industrials,Industrial Conglomerates,191.68,224.06,169.57,192.37,191.39,193.12,194.76,200.29,0.0,4.52,200.34,185.89
HRL,Hormel Foods,Consumer Staples,Packaged Foods & Meats,23.86,32.19,21.29,23.74,23.4,22.9,23.14,27.13,0.0,1.3,24.17,21.63
HST,Host Hotels & Resorts,Real Estate,Hotel & Resort REITs,17.1,18.18,12.39,17.34,17.48,17.49,16.92,15.71,0.0,6.37,18.19,16.79
HWM,Howmet Aerospace,Industrials,Aerospace & Defense,193.41,209.74,107.4,194.24,198.3,200.5,197.95,170.29,0.2,8.67,210.18,190.83
HPQ,HP Inc.,Information Technology,"Technology Hardware, Storage & Peripherals",24.94,35.03,21.42,25.42,24.86,24.4,26.07,26.23,-0.2,5.93,26.42,22.38
HUBB,Hubbell Incorporated,Industrials,Industrial Machinery & Supplies & Components,442.45,471.0,312.92,435.5,431.49,431.13,433.77,400.0,0.2,3.25,456.83,405.41
HUM,Humana,Health Care,Managed Health Care,256.99,310.91,219.64,253.35,246.78,240.58,262.66,257.45,0.2,1.25,260.2,220.94
HBAN,Huntington Bancshares,Financials,Regional Banks,16.93,17.87,12.26,16.91,16.57,16.1,16.05,15.8,0.2,1.89,17.25,14.95
HII,Huntington Ingalls Industries,Industrials,Aerospace & Defense,315.77,322.77,156.09,310.53,310.78,310.87,300.05,249.86,0.0,1.73,321.23,300.5
IBM,IBM,Information Technology,IT Consulting & Other Services,309.33,314.98,211.92,305.93,305.57,303.38,296.03,264.96,0.2,2.74,317.81,288.96
IEX,IDEX Corporation,Industrials,Industrial Machinery & Supplies & Components,176.01,226.28,156.86,177.18,175.18,170.55,167.98,172.53,0.1,3.16,181.57,159.53
IDXX,Idexx Laboratories,Health Care,Health Care Equipment,706.65,766.68,361.04,719.38,735.35,716.61,674.95,560.64,0.2,8.87,769.33,663.91
ITW,Illinois Tool Works,Industrials,Industrial Machinery & Supplies & Components,248.26,269.49,215.75,249.15,248.24,246.0,248.6,249.29,-0.2,1.57,252.16,239.85
INCY,Incyte,Health Care,Biotechnology,96.88,108.26,55.17,100.56,102.67,103.6,95.74,76.7,-0.4,12.52,109.01,98.18
IR,Ingersoll Rand,Industrials,Industrial Machinery & Supplies & Components,79.51,102.86,66.7,79.66,79.49,77.64,78.59,80.15,-0.2,3.38,82.2,73.08
PODD,Insulet Corporation,Health Care,Health Care Equipment,295.6,352.82,237.06,306.51,316.38,323.23,319.69,300.71,-0.2,17.97,348.72,297.73
INTC,Intel,Information Technology,Semiconductors,39.94,43.76,18.13,41.82,39.81,37.8,37.71,26.25,0.2,9.69,43.81,31.79
IBKR,Interactive Brokers,Financials,Investment Banking & Brokerage,64.5,72.99,35.93,64.51,63.8,65.41,67.64,56.83,0.0,11.47,71.9,58.93
ICE,Intercontinental Exchange,Financials,Financial Exchanges & Data,156.45,187.92,141.62,157.12,156.5,154.41,155.43,169.44,-0.2,2.0,159.58,149.24
IFF,International Flavors & Fragrances,Materials,Specialty Chemicals,65.62,87.22,59.55,66.99,68.01,66.76,64.28,70.66,-0.3,7.28,70.4,63.12
IP,International Paper,Materials,Paper & Plastic Packaging Products & Materials,38.41,57.74,35.6,38.73,38.84,37.98,41.63,46.25,-0.2,4.53,40.15,35.81
INTU,Intuit,Information Technology,Application Software,656.97,805.92,541.4,655.4,647.31,649.97,659.26,674.95,-0.2,2.44,673.0,626.96
ISRG,Intuitive Surgical,Health Care,Health Care Equipment,566.51,610.45,429.59,569.58,571.03,565.91,518.45,508.57,0.0,3.26,584.98,546.84
IVZ,Invesco,Financials,Asset Management & Custody Banks,25.78,26.24,11.76,25.17,24.75,24.02,23.51,18.55,0.0,0.81,25.99,22.04
INVH,Invitation Homes,Real Estate,Single-Family Residential REITs,26.75,34.81,26.75,27.37,27.69,27.92,28.24,31.02,-0.2,8.04,28.9,26.94
IQV,IQVIA,Health Care,Life Sciences Tools & Services,224.43,231.92,137.0,225.61,227.84,223.4,214.29,180.67,-0.2,4.33,234.15,212.66
IRM,Iron Mountain,Real Estate,Other Specialized REITs,84.23,116.44,75.72,84.12,84.64,88.17,97.48,93.97,0.0,18.39,99.72,76.62
JBHT,J.B. Hunt,Industrials,Cargo Ground Transportation,189.83,189.83,123.62,187.89,180.52,172.38,161.89,147.41,0.0,1.6,192.87,151.9
JBL,Jabil,Information Technology,Electronic Manufacturing Services,225.62,234.36,116.73,218.1,211.96,207.79,208.88,188.46,0.0,-0.01,225.6,189.98
JKHY,Jack Henry & Associates,Financials,Transaction & Payment Processing Services,181.71,189.35,145.77,178.51,175.65,170.39,159.45,168.52,-0.1,0.56,182.73,158.04
J,Jacobs Solutions,Industrials,Construction & Engineering,140.24,164.04,108.92,138.99,136.32,141.76,150.2,135.67,-0.2,13.95,159.8,123.72
JNJ,Johnson & Johnson,Health Care,Pharmaceuticals,201.61,207.56,137.84,203.35,204.8,200.62,192.94,168.29,0.2,4.98,211.65,189.6
JCI,Johnson Controls,Industrials,Building Products,114.86,122.66,70.88,114.56,114.92,116.35,113.3,100.42,-0.2,6.57,122.41,110.3
JPM,JPMorgan Chase,Financials,Diversified Banks,314.36,320.41,208.26,313.1,309.62,308.08,306.69,277.93,0.0,2.47,322.12,294.06
K,Kellanova,Consumer Staples,Packaged Foods & Meats,83.44,83.44,76.43,83.2,83.09,82.94,82.57,80.32,0.0,-0.14,83.32,82.56
KVUE,Kenvue,Consumer Staples,Personal Care Products,16.81,23.7,13.93,16.91,17.01,16.73,15.95,20.06,-0.1,3.75,17.44,16.02
KDP,Keurig Dr Pepper,Consumer Staples,Soft Drinks & Non-alcoholic Beverages,29.07,35.14,25.3,28.56,28.1,27.55,27.06,31.05,0.3,-0.1,29.04,26.07
KEY,KeyCorp,Financials,Regional Banks,19.45,19.45,12.78,18.97,18.55,17.98,17.76,16.76,0.2,-0.1,19.43,16.52
KEYS,Keysight Technologies,Information Technology,Electronic Equipment & Instruments,209.73,210.49,127.02,207.46,200.21,188.84,178.57,163.75,0.0,2.96,215.94,161.73
KMB,Kimberly-Clark,Consumer Staples,Household Products,102.03,142.87,98.85,103.84,104.97,103.71,111.07,125.65,0.0,5.34,107.48,99.94
KIM,Kimco Realty,Real Estate,Retail REITs,19.9,24.02,18.04,20.06,20.19,20.12,20.72,20.65,0.0,3.27,20.55,19.69
KMI,Kinder Morgan,Energy,Oil & Gas Storage & Transportation,27.36,29.9,24.4,27.4,27.19,27.1,26.94,26.81,0.0,1.39,27.74,26.45
KKR,KKR & Co.,Financials,Asset Management & Custody Banks,130.03,166.13,92.38,127.41,124.1,121.2,121.79,126.13,0.0,0.22,130.32,112.09
KLAC,KLA Corporation,Information Technology,Semiconductor Materials & Equipment,1223.49,1233.21,572.94,1209.53,1182.2,1166.99,1146.74,896.76,0.0,1.54,1242.33,1091.68
KHC,Kraft Heinz,Consumer Staples,Packaged Foods & Meats,24.59,30.79,23.35,24.7,24.95,24.69,24.75,26.45,-0.2,3.62,25.48,23.9
KR,Kroger,Consumer Staples,Food Retail,63.61,73.58,56.62,64.54,65.5,65.7,66.11,67.46,-0.2,7.89,68.63,62.77
LHX,L3Harris,Industrials,Aerospace & Defense,281.42,305.49,190.99,278.43,277.1,283.1,288.52,253.23,0.0,6.21,298.9,267.29
LH,Labcorp,Health Care,Health Care Services,259.29,290.15,210.49,262.17,264.93,264.06,268.65,255.93,0.0,4.58,271.17,256.95
LRCX,Lam Research,Information Technology,Semiconductor Materials & Equipment,158.7,166.1,58.73,157.6,154.29,153.37,149.27,103.93,0.0,5.22,166.98,139.76
LW,Lamb Weston,Consumer Staples,Packaged Foods & Meats,59.59,80.24,47.44,59.72,59.23,58.39,61.16,55.08,0.2,3.26,61.53,55.25
LVS,Las Vegas Sands,Consumer Discretionary,Casinos & Gaming,66.96,69.49,30.23,67.0,67.42,66.32,59.29,48.46,0.0,3.7,69.44,63.21
LDOS,Leidos,Industrials,Diversified Support Services,186.28,199.55,125.82,188.21,188.92,189.97,190.75,164.35,0.0,5.53,196.58,183.34
LEN,Lennar,Consumer Discretionary,Homebuilding,120.35,158.01,101.41,126.77,128.07,124.02,124.06,117.9,-0.2,12.56,135.47,112.59
LII,Lennox International,Industrials,Building Products,503.55,662.88,444.26,501.44,493.83,480.57,503.03,554.94,0.0,3.05,518.91,442.26
LLY,Lilly (Eli),Health Care,Pharmaceuticals,995.36,1109.94,623.36,1019.97,1051.76,1036.87,916.1,809.96,-0.2,11.32,1108.03,965.65
LIN,Linde plc,Materials,Industrial Gases,390.53,481.82,390.53,402.05,404.37,411.18,432.19,453.34,-0.2,9.98,429.5,392.87
LYV,Live Nation Entertainment,Communication Services,Movies & Entertainment,137.99,174.06,115.79,136.31,133.03,134.1,145.17,144.79,-0.2,4.35,143.99,124.22
LKQ,LKQ Corporation,Consumer Discretionary,Distributors,28.78,42.58,28.39,29.12,29.33,29.68,29.92,34.9,0.0,7.64,30.98,28.37
LMT,Lockheed Martin,Industrials,Aerospace & Defense,465.55,510.37,404.69,450.94,449.57,454.65,475.87,457.59,0.0,1.38,471.97,437.32
L,Loews Corporation,Financials,Multi-line Insurance,101.56,108.26,80.73,104.19,105.85,105.17,102.34,93.24,-0.4,7.04,108.71,101.63
LOW,Lowe's,Consumer Discretionary,Home Improvement Retail,245.92,271.68,208.44,246.13,242.8,236.3,238.74,233.76,0.0,2.83,252.88,219.74
LULU,Lululemon Athletica,Consumer Discretionary,"Apparel, Accessories & Luxury Goods",182.29,421.16,159.87,184.12,181.63,174.74,173.35,234.61,-0.1,4.59,190.66,158.83
LYB,LyondellBasell,Materials,Specialty Chemicals,42.36,71.62,41.19,44.54,45.51,44.05,44.87,53.74,-0.2,14.14,48.35,39.75
MTB,M&T Bank,Financials,Regional Banks,195.89,206.17,153.05,194.64,191.7,187.8,185.7,182.91,0.2,0.94,197.73,177.88
MPC,Marathon Petroleum,Energy,Oil & Gas Refining & Marketing,189.63,199.13,116.64,190.49,191.42,193.24,190.76,165.93,0.2,5.46,199.98,186.49
MAR,Marriott International,Consumer Discretionary,"Hotels, Resorts & Cruise Lines",287.67,306.65,209.55,297.51,300.08,293.54,277.63,262.58,0.2,7.93,310.48,276.6
MMC,Marsh McLennan,Financials,Insurance Brokers,181.43,242.13,176.58,182.74,182.54,181.65,187.84,210.01,0.0,2.27,185.55,177.77
MLM,Martin Marietta Materials,Materials,Construction Materials,621.28,655.98,450.65,617.66,616.85,609.56,618.52,563.91,-0.2,1.69,631.78,587.36
MAS,Masco,Industrials,Building Products,62.42,80.35,57.89,63.78,63.8,62.34,65.13,66.48,0.0,5.8,66.04,58.63
MA,Mastercard,Financials,Transaction & Payment Processing Services,539.26,598.17,477.88,545.35,545.05,544.37,556.38,558.58,0.2,4.38,562.88,525.88
MTCH,Match Group,Communication Services,Interactive Media & Services,34.13,38.56,26.72,33.97,33.61,32.91,32.98,32.42,-0.2,1.85,34.76,31.06
MKC,McCormick & Company,Consumer Staples,Packaged Foods & Meats,63.73,83.15,63.3,64.01,65.53,65.73,65.91,71.41,0.0,7.66,68.61,62.86
MCD,McDonald's,Consumer Discretionary,Restaurants,309.49,315.78,273.36,307.54,307.34,305.42,302.41,302.38,0.0,1.04,312.71,298.13
MCK,McKesson Corporation,Health Care,Health Care Distributors,798.0,888.45,560.41,811.17,843.38,847.73,812.9,722.81,0.0,12.51,897.83,797.61
MDT,Medtronic,Health Care,Health Care Equipment,101.28,105.35,77.44,101.72,103.09,100.24,96.73,89.95,0.2,6.07,107.43,93.04
MRK,Merck & Co.,Health Care,Pharmaceuticals,98.98,105.66,72.03,100.58,102.02,97.62,90.72,83.92,0.2,8.96,107.85,87.38
META,Meta Platforms,Communication Services,Interactive Media & Services,667.89,789.47,483.96,657.91,646.12,626.09,673.85,670.84,0.2,1.32,676.71,575.49
MET,MetLife,Financials,Life & Health Insurance,78.1,84.55,66.92,77.71,76.87,76.83,78.4,77.65,0.0,2.59,80.12,73.54
MTD,Mettler Toledo,Health Care,Life Sciences Tools & Services,1378.55,1506.02,970.15,1419.65,1450.58,1434.4,1386.61,1242.99,-0.2,9.03,1503.03,1365.74
MGM,MGM Resorts,Consumer Discretionary,Casinos & Gaming,35.27,40.37,25.79,35.52,34.96,33.55,33.01,33.69,0.1,4.65,36.91,30.19
MCHP,Microchip Technology,Information Technology,Semiconductors,67.02,74.07,34.52,63.57,58.05,55.16,60.03,59.45,0.0,-1.48,66.03,44.29
MU,Micron Technology,Information Technology,Semiconductors,244.2,253.3,64.62,236.34,233.74,233.28,215.8,134.35,-0.2,5.7,258.12,208.42
MSFT,Microsoft,Information Technology,Systems Software,490.21,541.06,352.67,484.39,483.72,490.39,506.63,468.72,-0.2,5.0,514.72,466.07
MAA,Mid-America Apartment Communities,Real Estate,Multi-Family Residential REITs,131.1,165.69,126.28,133.08,134.05,132.48,132.41,145.44,-0.3,4.25,136.67,128.3
MRNA,Moderna,Health Care,Biotechnology,27.78,47.53,22.36,26.04,25.43,25.09,25.92,27.62,0.0,-0.47,27.65,22.53
MHK,Mohawk Industries,Consumer Discretionary,Home Furnishings,108.58,139.75,97.99,112.21,113.18,109.99,116.97,114.91,0.0,8.76,118.09,101.89
MOH,Molina Healthcare,Health Care,Managed Health Care,156.05,353.24,134.51,150.71,148.72,144.04,165.38,236.33,0.4,-0.63,155.07,133.01
TAP,Molson Coors Beverage Company,Consumer Staples,Brewers,46.68,61.12,42.77,45.74,45.89,45.82,45.39,50.64,-0.1,0.49,46.91,44.73
MDLZ,Mondelez International,Consumer Staples,Packaged Foods & Meats,55.04,70.19,54.9,55.55,56.17,56.3,58.82,63.29,0.2,4.87,57.72,54.89
MPWR,Monolithic Power Systems,Information Technology,Semiconductors,979.36,1105.05,453.43,961.12,938.86,924.53,965.85,766.52,0.2,1.96,998.56,850.51
MNST,Monster Beverage,Consumer Staples,Soft Drinks & Non-alcoholic Beverages,74.01,75.95,46.16,73.94,74.38,72.99,70.16,63.02,0.0,2.99,76.22,69.77
MCO,Moody's Corporation,Financials,Financial Exchanges & Data,486.0,523.49,394.44,490.37,488.14,484.06,482.35,480.27,0.0,2.77,499.46,468.67
MS,Morgan Stanley,Financials,Investment Banking & Brokerage,176.76,176.76,97.76,174.19,170.53,166.73,162.33,138.78,0.2,0.67,177.94,155.53
MOS,Mosaic Company (The),Materials,Fertilizers & Agricultural Chemicals,23.69,37.21,22.27,23.91,23.99,24.4,27.85,30.5,0.0,8.95,25.81,23.0
MSI,Motorola Solutions,Information Technology,Communications Equipment,372.42,490.11,367.04,374.31,372.19,376.04,413.25,426.67,-0.2,5.3,392.16,359.93
MSCI,MSCI Inc.,Financials,Financial Exchanges & Data,536.59,628.02,501.79,541.71,551.42,559.2,558.66,557.22,0.0,8.82,583.92,534.45
NDAQ,"Nasdaq, Inc.",Financials,Financial Exchanges & Data,89.97,96.38,65.81,89.3,89.3,88.06,87.85,84.98,0.0,1.33,91.17,84.95
NTAP,NetApp,Information Technology,"Technology Hardware, Storage & Peripherals",117.48,128.5,75.4,116.25,113.48,110.91,114.9,104.74,0.0,0.94,118.58,103.24
NFLX,Netflix,Communication Services,Movies & Entertainment,100.24,133.91,82.84,105.18,105.53,108.69,113.16,113.42,-0.2,16.83,117.11,100.26
NEM,Newmont,Materials,Gold,89.78,97.99,36.38,90.08,89.58,88.44,86.71,65.26,0.0,4.57,93.88,82.99
NWSA,News Corp (Class A),Communication Services,Publishing,25.85,31.03,23.89,25.7,25.59,25.75,26.44,27.81,-0.2,3.98,26.88,24.62
NWS,News Corp (Class B),Communication Services,Publishing,29.36,35.06,27.33,29.21,29.17,29.24,30.04,31.77,-0.2,3.61,30.42,28.07
NEE,NextEra Energy,Utilities,Multi-Utilities,81.0,86.29,62.68,83.41,84.26,84.21,82.84,73.22,-0.2,6.73,86.45,81.97
NKE,"Nike, Inc.",Consumer Discretionary,"Apparel, Accessories & Luxury Goods",63.54,79.84,52.31,65.13,64.4,63.53,65.63,67.03,0.0,5.05,66.75,60.32
NI,NiSource,Utilities,Multi-Utilities,41.44,44.13,34.46,41.89,42.69,42.91,42.97,40.45,-0.2,7.07,44.37,41.45
NDSN,Nordson Corporation,Industrials,Industrial Machinery & Supplies & Components,235.12,251.68,166.29,237.52,236.96,234.2,233.23,214.41,0.0,2.99,242.15,226.25
NSC,Norfolk Southern,Industrials,Rail Transportation,293.14,298.97,203.11,293.65,291.24,287.57,287.7,259.85,0.0,1.33,297.04,278.08
NTRS,Northern Trust,Financials,Asset Management & Custody Banks,133.74,133.79,82.84,132.07,130.88,128.83,128.32,115.67,0.0,0.93,134.98,122.68
NOC,Northrop Grumman,Industrials,Aerospace & Defense,553.18,635.37,426.05,551.09,556.61,558.83,582.45,532.71,0.0,3.5,572.54,545.11
NCLH,Norwegian Cruise Line Holdings,Consumer Discretionary,"Hotels, Resorts & Cruise Lines",19.12,29.07,15.5,18.82,18.56,18.4,21.03,21.02,-0.2,1.36,19.38,17.42
NRG,NRG Energy,Utilities,Independent Power Producers & Energy Traders,164.72,178.04,82.84,165.59,166.23,165.51,166.83,142.94,0.0,3.89,171.13,159.89
NUE,Nucor,Materials,Steel,159.54,164.71,102.37,161.47,159.65,153.53,145.59,132.8,0.2,4.65,166.96,140.09
NVDA,Nvidia,Information Technology,Semiconductors,184.4,207.03,94.29,182.24,180.87,184.28,187.21,154.97,0.0,6.16,195.76,172.82
NVR,"NVR, Inc.",Consumer Discretionary,Homebuilding,7440.06,9120.01,6700.0,7555.67,7508.63,7375.75,7513.91,7509.52,0.0,3.54,7703.44,7047.82
NXPI,NXP Semiconductors,Information Technology,Semiconductors,227.53,242.4,152.09,224.91,209.53,202.52,211.22,209.24,0.0,1.46,230.85,174.19
ORLY,O’Reilly Automotive,Consumer Discretionary,Automotive Retail,98.26,107.82,78.66,99.02,99.99,99.43,99.71,95.99,-0.2,3.57,101.77,97.09
OXY,Occidental Petroleum,Energy,Oil & Gas Exploration & Production,41.43,51.86,35.72,42.19,41.96,41.91,42.37,43.48,0.2,3.43,42.85,40.98
ODFL,Old Dominion,Industrials,Cargo Ground Transportation,153.36,207.79,126.04,150.83,142.93,137.96,138.46,153.26,0.0,1.13,155.09,120.82
OMC,Omnicom Group,Communication Services,Advertising,73.18,99.86,68.6,72.05,72.31,72.7,75.48,75.0,0.0,2.64,75.11,70.3
ON,ON Semiconductor,Information Technology,Semiconductors,56.08,67.97,31.95,54.85,52.03,49.54,50.07,48.19,0.0,0.87,56.57,42.51
OKE,Oneok,Energy,Oil & Gas Storage & Transportation,75.14,104.61,64.31,75.13,73.48,71.43,69.68,77.8,0.1,1.88,76.55,66.3
ORCL,Oracle Corporation,Information Technology,Application Software,219.48,327.76,122.35,212.04,206.54,214.26,253.26,211.6,-0.2,8.86,238.93,189.58
OTIS,Otis Worldwide,Industrials,Industrial Machinery & Supplies & Components,86.03,102.87,84.13,86.71,87.45,88.05,89.78,92.94,0.0,5.37,90.65,85.45
PCAR,Paccar,Industrials,Construction Machinery & Heavy Transportation Equipment,109.64,112.84,85.53,108.58,106.46,101.99,99.2,96.78,0.2,2.24,112.1,91.88
PKG,Packaging Corporation of America,Materials,Paper & Plastic Packaging Products & Materials,196.82,238.46,173.82,196.49,199.18,198.45,203.45,198.14,0.0,4.29,205.26,191.62
PLTR,Palantir Technologies,Information Technology,Application Software,181.76,207.18,64.98,174.79,168.88,172.07,179.23,142.07,0.0,5.74,192.19,151.95
PANW,Palo Alto Networks,Information Technology,Systems Software,194.99,221.38,152.44,194.6,190.64,196.65,206.17,192.07,-0.2,11.51,217.43,175.88
PSKY,Paramount Skydance Corporation,Communication Services,Movies & Entertainment,14.3,19.73,10.05,14.6,15.12,15.43,16.37,13.67,0.0,17.83,16.85,14.02
PH,Parker Hannifin,Industrials,Industrial Machinery & Supplies & Components,880.75,880.75,513.45,872.51,863.39,848.93,794.78,702.51,0.0,0.82,887.97,809.9
PAYX,Paychex,Industrials,Human Resource & Employment Services,112.66,157.06,108.46,112.13,111.63,111.22,117.7,136.69,-0.2,0.71,113.46,108.97
PAYC,Paycom,Industrials,Human Resource & Employment Services,163.2,264.67,159.21,164.31,162.89,163.46,182.85,216.52,-0.2,3.55,168.99,157.92
PYPL,PayPal,Financials,Transaction & Payment Processing Services,61.17,91.6,57.28,61.87,61.82,62.38,66.46,68.64,0.0,9.5,66.98,57.77
PNR,Pentair,Industrials,Industrial Machinery & Supplies & Components,104.37,112.34,75.59,105.03,105.17,105.05,107.47,100.14,0.2,4.59,109.16,100.95
PEP,PepsiCo,Consumer Staples,Soft Drinks & Non-alcoholic Beverages,145.79,153.7,124.61,146.02,146.08,145.29,145.25,139.46,0.2,1.92,148.59,141.98
PFE,Pfizer,Health Care,Pharmaceuticals,25.88,26.9,20.47,25.67,25.6,25.37,24.91,23.85,0.2,1.58,26.29,24.46
PCG,PG&E Corporation,Utilities,Multi-Utilities,14.96,20.3,12.98,15.2,15.56,15.92,16.06,15.69,-0.2,13.5,16.98,14.86
PM,Philip Morris International,Consumer Staples,Tobacco,149.04,181.86,114.18,150.35,153.03,154.17,154.24,162.19,0.0,7.32,159.95,148.39
PSX,Phillips 66,Energy,Oil & Gas Refining & Marketing,139.17,141.12,90.32,139.07,137.44,137.15,134.3,122.47,0.2,2.2,142.23,132.08
PNW,Pinnacle West Capital,Utilities,Multi-Utilities,87.5,92.82,78.54,88.18,89.06,88.95,89.56,89.31,0.0,3.51,90.57,87.33
PNC,PNC Financial Services,Financials,Diversified Banks,197.34,205.55,145.61,196.7,193.96,188.85,187.41,181.45,0.2,1.68,200.66,177.05
POOL,Pool Corporation,Consumer Discretionary,Distributors,236.46,374.18,230.21,241.72,242.05,242.1,269.46,299.63,0.0,6.91,252.8,231.4
PPG,PPG Industries,Materials,Specialty Chemicals,100.68,123.59,89.82,100.79,100.05,98.17,99.36,106.29,-0.2,2.0,102.69,93.65
PPL,PPL Corporation,Utilities,Electric Utilities,34.08,37.97,30.85,34.43,35.44,35.94,36.62,35.29,-0.2,11.3,37.93,33.95
PFG,Principal Financial Group,Financials,Life & Health Insurance,86.66,87.52,67.57,85.92,84.87,83.81,82.0,78.71,0.2,0.65,87.22,80.4
PG,Procter & Gamble,Consumer Staples,Personal Care Products,138.77,172.77,138.77,144.03,145.95,146.8,148.52,156.73,0.0,9.23,151.58,142.02
PGR,Progressive Corporation,Financials,Property & Casualty Insurance,222.91,290.89,203.7,225.77,226.61,224.99,225.77,253.93,0.0,3.61,230.96,219.03
PLD,Prologis,Real Estate,Industrial REITs,126.97,129.19,88.13,128.25,128.07,126.11,122.98,111.23,-0.2,2.83,130.56,121.66
PRU,Prudential Financial,Financials,Life & Health Insurance,111.23,121.01,91.53,110.12,109.06,106.97,103.65,102.86,0.0,0.8,112.12,101.81
PEG,Public Service Enterprise Group,Utilities,Electric Utilities,79.01,89.43,75.92,80.11,81.32,81.85,82.13,81.43,-0.4,6.94,84.49,79.21
PTC,PTC Inc.,Information Technology,Application Software,174.59,216.53,136.74,176.09,174.78,174.87,189.7,181.39,-0.2,3.19,180.16,169.58
PSA,Public Storage,Real Estate,Self-Storage REITs,270.27,322.51,260.94,274.07,273.18,272.45,285.08,287.75,0.0,3.27,279.11,265.78
PHM,PulteGroup,Consumer Discretionary,Homebuilding,124.65,141.19,91.67,127.28,126.34,121.9,123.31,113.81,0.0,6.3,132.5,111.3
PWR,Quanta Services,Industrials,Construction & Engineering,463.34,464.88,236.5,459.91,456.99,447.32,439.32,363.07,0.0,2.05,472.84,421.82
QCOM,Qualcomm,Information Technology,Semiconductors,174.66,186.73,122.59,173.57,169.32,168.81,168.97,155.88,-0.2,2.44,178.92,158.69
DGX,Quest Diagnostics,Health Care,Health Care Services,182.03,192.35,148.06,182.78,185.94,186.52,183.7,175.78,0.0,5.81,192.61,180.43
Q,Qnity Electronics,Information Technology,Semiconductor Materials & Equipment,83.99,,,81.9,79.88,82.17,,,-0.1,12.62,94.59,69.75
RL,Ralph Lauren Corporation,Consumer Discretionary,"Apparel, Accessories & Luxury Goods",355.48,371.22,181.18,358.98,361.38,346.84,332.48,281.89,0.2,6.38,378.16,315.51
RJF,Raymond James Financial,Financials,Investment Banking & Brokerage,164.71,175.92,122.89,160.98,158.07,158.25,161.28,154.2,0.0,1.13,166.57,149.94
RTX,RTX Corporation,Industrials,Aerospace & Defense,171.17,178.73,112.01,170.17,171.23,172.9,170.5,147.99,0.2,4.44,178.77,167.03
O,Realty Income,Real Estate,Retail REITs,57.5,60.07,48.92,57.96,57.44,56.98,57.93,56.23,0.0,1.57,58.4,55.56
REG,Regency Centers,Real Estate,Retail REITs,68.03,75.5,64.21,69.15,70.13,70.0,70.73,70.71,-0.2,5.63,71.86,68.14
REGN,Regeneron Pharmaceuticals,Health Care,Biotechnology,703.52,787.32,481.73,722.07,747.4,724.6,648.51,597.5,0.2,13.44,798.07,651.15
RF,Regions Financial Corporation,Financials,Regional Banks,26.35,27.11,17.76,26.13,25.61,25.03,24.73,23.25,0.2,0.95,26.6,23.47
RSG,Republic Services,Industrials,Environmental & Facilities Services,211.52,256.75,198.59,214.24,215.2,213.14,216.51,233.23,0.2,5.06,222.22,204.05
RMD,ResMed,Health Care,Health Care Equipment,250.21,293.03,203.19,252.11,252.61,250.34,258.95,251.89,-0.2,3.1,257.97,242.72
RVTY,Revvity,Health Care,Health Care Equipment,99.46,126.56,82.44,101.76,102.64,98.1,94.87,95.45,0.1,8.5,107.91,88.29
HOOD,Robinhood Markets,Financials,Investment Banking & Brokerage,136.24,152.46,34.17,132.97,127.53,124.1,133.45,90.92,-0.2,4.84,142.83,105.38
ROK,Rockwell Automation,Industrials,Electrical Components & Equipment,402.59,404.29,216.41,400.47,395.78,387.07,366.44,320.19,0.2,2.01,410.68,363.47
ROL,"Rollins, Inc.",Industrials,Environmental & Facilities Services,60.72,61.5,45.1,60.8,60.95,59.84,58.22,56.06,-0.2,2.77,62.4,57.28
ROP,Roper Technologies,Information Technology,Electronic Equipment & Instruments,448.11,591.12,439.64,446.1,445.24,445.78,469.64,532.38,-0.2,0.96,452.41,439.16
ROST,Ross Stores,Consumer Discretionary,Apparel Retail,178.12,178.12,122.22,177.73,177.08,169.75,161.58,144.16,0.0,4.18,185.57,153.94
RCL,Royal Caribbean Group,Consumer Discretionary,"Hotels, Resorts & Cruise Lines",252.75,364.72,176.89,260.11,262.11,259.63,284.24,276.38,0.0,7.55,271.83,247.42
SPGI,S&P Global,Financials,Financial Exchanges & Data,491.8,562.06,435.88,495.68,495.06,493.98,488.25,507.43,0.1,2.03,501.78,486.18
CRM,Salesforce,Information Technology,Application Software,259.05,359.81,225.37,248.1,239.3,238.01,243.89,258.63,0.2,-0.53,257.68,218.35
SBAC,SBA Communications,Real Estate,Telecom Tower REITs,191.92,239.71,186.46,189.16,190.98,194.07,193.04,213.0,0.1,5.29,202.07,186.07
SLB,Schlumberger,Energy,Oil & Gas Equipment & Services,38.25,42.4,31.19,37.69,36.72,36.36,35.21,35.17,0.2,0.37,38.39,34.33
STX,Seagate Technology,Information Technology,"Technology Hardware, Storage & Peripherals",284.92,293.99,65.98,270.98,268.92,266.38,249.68,158.04,0.0,3.71,295.49,237.27
SRE,Sempra,Utilities,Multi-Utilities,88.31,94.72,62.78,90.14,91.71,91.92,91.87,79.5,0.0,7.41,94.85,88.98
NOW,ServiceNow,Information Technology,Systems Software,854.48,1170.39,721.65,841.0,828.33,832.93,880.89,913.82,0.2,2.22,873.45,792.41
SHW,Sherwin-Williams,Materials,Specialty Chemicals,327.48,381.84,311.42,334.54,338.19,336.38,337.22,345.1,0.0,6.59,349.06,323.71
SPG,Simon Property Group,Real Estate,Retail REITs,180.41,187.67,136.92,182.15,183.56,182.99,180.87,167.67,0.0,3.39,186.53,179.47
SWKS,Skyworks Solutions,Information Technology,Semiconductors,68.74,90.17,47.71,68.94,66.84,65.86,70.94,69.1,0.0,3.97,71.47,60.25
SJM,J.M. Smucker Company (The),Consumer Staples,Packaged Foods & Meats,101.25,115.07,92.55,100.47,101.74,104.27,104.06,106.59,0.1,9.01,110.37,98.16
SW,Smurfit Westrock,Materials,Paper & Plastic Packaging Products & Materials,35.96,54.52,32.79,35.8,35.48,34.94,38.36,42.62,-0.2,2.89,37.0,32.89
SNA,Snap-on,Industrials,Industrial Machinery & Supplies & Components,348.48,351.77,286.43,345.35,341.91,337.35,337.81,324.1,-0.2,0.71,350.95,323.74
SOLS,Solstice Advanced Materials,Materials,Specialty Chemicals,46.78,,,47.02,46.91,45.6,,,-0.1,5.96,49.57,41.63
SOLV,Solventum,Health Care,Health Care Technology,82.89,85.77,63.01,84.88,84.97,80.64,75.07,73.44,0.4,9.01,90.36,70.93
SO,Southern Company,Utilities,Electric Utilities,85.73,98.91,78.34,87.27,88.52,89.26,92.52,90.37,-0.2,7.54,92.19,86.34
LUV,Southwest Airlines,Industrials,Passenger Airlines,38.17,38.17,23.77,36.59,35.52,33.94,32.87,31.63,0.2,-0.97,37.8,30.08
SWK,Stanley Black & Decker,Industrials,Industrial Machinery & Supplies & Components,72.31,86.37,53.89,72.15,70.93,67.79,68.61,69.15,0.0,4.09,75.27,60.31
SBUX,Starbucks,Consumer Discretionary,Restaurants,83.29,113.43,77.9,85.14,85.37,84.97,83.68,88.01,-0.1,5.21,87.63,82.31
STT,State Street Corporation,Financials,Asset Management & Custody Banks,123.92,123.92,74.25,121.86,119.53,117.92,116.53,103.3,0.0,0.52,124.56,111.27
STLD,Steel Dynamics,Materials,Steel,166.31,171.5,108.4,167.75,166.63,160.77,153.68,134.52,0.2,4.22,173.33,148.2
STE,Steris,Health Care,Health Care Equipment,262.36,267.99,200.94,261.07,263.22,261.94,249.89,237.44,-0.2,2.8,269.71,254.18
SYK,Stryker Corporation,Health Care,Health Care Equipment,353.1,402.61,335.89,362.82,367.52,365.48,368.0,375.86,-0.2,6.83,377.22,353.76
SMCI,Supermicro,Information Technology,"Technology Hardware, Storage & Peripherals",35.21,60.71,26.85,34.14,33.66,34.58,44.55,43.13,-0.2,10.59,38.94,30.21
SYF,Synchrony Financial,Financials,Consumer Finance,80.17,80.4,43.2,79.79,78.23,75.75,73.57,64.97,0.2,2.0,81.77,69.73
SNPS,Synopsys,Information Technology,Application Software,464.2,645.35,380.9,462.1,438.27,414.8,438.13,488.18,0.0,2.31,474.92,354.68
SYY,Sysco,Consumer Staples,Food Distributors,72.67,82.73,67.09,73.4,74.56,74.99,76.82,75.43,-0.4,6.16,77.15,72.83
TMUS,T-Mobile US,Communication Services,Wireless Telecommunication Services,204.56,269.54,200.02,208.17,207.54,209.32,216.37,237.21,0.0,5.24,215.28,203.36
TROW,T. Rowe Price,Financials,Asset Management & Custody Banks,104.71,118.63,78.24,104.92,103.22,101.95,102.91,98.08,-0.2,2.72,107.56,96.34
TTWO,Take-Two Interactive,Communication Services,Interactive Home Entertainment,247.54,262.29,178.61,246.94,245.47,241.32,249.94,232.65,0.0,1.54,251.35,231.27
TPR,"Tapestry, Inc.",Consumer Discretionary,"Apparel, Accessories & Luxury Goods",118.03,118.03,59.9,113.88,111.3,107.02,110.25,92.72,0.2,-0.53,117.4,96.64
TRGP,Targa Resources,Energy,Oil & Gas Storage & Transportation,178.33,212.51,145.33,177.32,175.27,172.88,163.36,168.09,0.1,1.01,180.13,165.62
TGT,Target Corporation,Consumer Staples,Consumer Staples Merchandise Retail,93.05,136.48,83.68,91.64,90.11,89.4,89.77,95.48,-0.2,1.43,94.38,84.42
TEL,TE Connectivity,Information Technology,Electronic Manufacturing Services,233.94,249.0,121.04,232.41,228.12,231.41,230.55,185.33,0.2,6.53,249.22,213.61
TDY,Teledyne Technologies,Information Technology,Electronic Equipment & Instruments,512.55,593.62,435.54,510.51,503.24,503.53,533.15,516.93,0.2,2.38,524.75,482.33
TER,Teradyne,Information Technology,Semiconductor Materials & Equipment,203.06,203.06,67.74,197.5,186.2,177.75,162.16,111.3,0.0,1.0,205.09,150.42
TSLA,"Tesla, Inc.",Consumer Discretionary,Automobile Manufacturers,438.27,479.86,221.86,444.76,434.78,423.51,435.17,343.09,-0.2,5.44,462.11,384.92
TXN,Texas Instruments,Information Technology,Semiconductors,180.42,217.72,142.07,180.19,172.58,165.64,169.01,179.89,0.0,2.05,184.12,147.17
TPL,Texas Pacific Land Corporation,Energy,Oil & Gas Exploration & Production,904.19,1423.41,851.79,905.68,884.41,919.54,928.04,1075.81,0.0,13.29,1024.36,814.74
TXT,Textron,Industrials,Aerospace & Defense,84.28,87.34,60.69,83.4,83.05,82.01,82.29,77.76,-0.2,0.56,84.75,79.28
TMO,Thermo Fisher Scientific,Health Care,Life Sciences Tools & Services,572.77,605.06,389.91,578.8,584.94,581.06,556.9,480.5,-0.2,4.19,596.77,565.36
TJX,TJX Companies,Consumer Discretionary,Apparel Retail,153.84,153.84,111.77,151.5,151.49,149.14,144.99,131.52,0.2,0.7,154.92,143.36
TKO,TKO Group Holdings,Communication Services,Movies & Entertainment,203.8,205.33,138.12,199.29,194.67,188.42,189.55,172.46,-0.2,0.42,204.66,172.18
TTD,Trade Desk (The),Communication Services,Advertising,39.54,139.11,38.35,39.5,39.39,40.44,46.66,59.31,-0.2,10.98,43.88,37.0
TSCO,Tractor Supply,Consumer Discretionary,Other Specialty Retail,53.59,62.38,47.42,53.87,53.99,54.09,54.44,54.4,0.0,4.96,56.25,51.92
TT,Trane Technologies,Industrials,Building Products,398.11,471.46,313.81,405.04,410.52,412.65,420.44,404.02,0.0,7.93,429.68,395.62
TDG,TransDigm Group,Industrials,Aerospace & Defense,1346.87,1516.55,1152.5,1346.96,1349.32,1337.64,1313.93,1324.38,-0.3,2.24,1377.04,1298.26
TRV,Travelers Companies (The),Financials,Property & Casualty Insurance,279.71,294.52,229.61,283.25,287.87,287.13,278.8,266.69,-0.2,5.52,295.15,279.11
TRMB,Trimble Inc.,Information Technology,Electronic Equipment & Instruments,81.81,85.24,55.12,82.44,81.65,79.55,79.5,74.99,0.0,3.94,85.03,74.08
TFC,Truist Financial,Financials,Diversified Banks,47.71,47.71,33.53,47.33,46.78,45.74,44.48,41.94,0.0,0.84,48.11,43.37
TYL,Tyler Technologies,Information Technology,Application Software,459.42,646.74,453.04,463.75,464.36,465.63,484.78,547.42,0.0,3.22,474.21,457.04
TSN,Tyson Foods,Consumer Staples,Packaged Foods & Meats,56.26,62.13,50.27,56.69,57.0,55.16,53.34,55.32,0.1,5.01,59.08,51.24
USB,U.S. Bancorp,Financials,Diversified Banks,51.46,51.46,35.62,50.94,49.88,48.44,47.65,44.65,0.0,0.99,51.97,44.9
UBER,Uber,Industrials,Passenger Ground Transportation,92.32,100.1,59.93,90.58,88.0,89.22,92.91,87.31,0.0,4.37,96.35,82.09
UDR,"UDR, Inc.",Real Estate,Multi-Family Residential REITs,34.87,44.54,33.56,35.47,35.76,35.25,35.42,38.89,-0.2,4.9,36.58,33.93
ULTA,Ulta Beauty,Consumer Discretionary,Other Specialty Retail,591.49,601.5,314.47,563.9,547.68,532.06,533.54,466.15,0.2,-1.2,584.39,479.72
UNP,Union Pacific Corporation,Industrials,Rail Transportation,235.54,248.49,204.53,234.3,231.23,226.33,225.14,223.68,0.0,0.96,237.8,214.85
UAL,United Airlines Holdings,Industrials,Passenger Airlines,105.06,110.52,56.15,105.52,102.68,98.28,97.68,87.58,0.0,4.03,109.29,87.26
UPS,United Parcel Service,Industrials,Air Freight & Logistics,95.72,127.5,81.17,95.83,95.39,94.35,89.95,93.38,-0.1,1.92,97.56,91.14
URI,United Rentals,Industrials,Trading Companies & Distributors,783.59,1017.86,548.35,800.55,805.91,813.62,887.25,783.77,0.0,9.78,860.23,767.04
UNH,UnitedHealth Group,Health Care,Managed Health Care,323.42,591.51,236.28,330.41,328.01,324.86,341.71,358.31,0.0,5.44,341.01,308.72
UHS,Universal Health Services,Health Care,Health Care Facilities,225.52,243.98,154.65,231.2,236.32,231.5,218.96,189.05,-0.2,8.66,245.05,217.94
VLO,Valero Energy,Energy,Oil & Gas Refining & Marketing,173.47,184.27,102.32,175.63,175.84,176.65,169.7,142.45,0.0,5.43,182.89,170.4
VTR,Ventas,Real Estate,Health Care REITs,81.19,81.19,55.68,80.47,80.17,79.19,74.11,67.8,-0.2,1.23,82.19,76.19
VLTO,Veralto,Industrials,Environmental & Facilities Services,99.75,109.64,85.14,101.76,101.43,99.8,101.58,100.66,0.2,4.05,103.79,95.81
VRSN,Verisign,Information Technology,Internet Services & Infrastructure,250.76,304.16,187.33,250.51,251.35,250.27,254.18,264.18,0.0,1.6,254.77,245.78
VRSK,Verisk Analytics,Industrials,Research & Consulting Services,219.11,320.32,208.0,222.35,222.76,220.71,228.74,274.04,0.0,4.25,228.42,212.99
VZ,Verizon,Communication Services,Integrated Telecommunication Services,41.32,44.3,36.0,41.11,40.91,40.91,40.6,41.72,0.1,1.04,41.75,40.08
VRTX,Vertex Pharmaceuticals,Health Care,Biotechnology,442.2,513.76,366.54,450.26,439.65,434.62,422.34,442.62,0.1,3.51,457.72,411.54
VTRS,Viatris,Health Care,Pharmaceuticals,11.1,12.27,7.0,10.87,10.75,10.64,10.29,9.26,0.0,0.72,11.18,10.09
VICI,Vici Properties,Real Estate,Hotel & Resort REITs,27.92,33.46,27.08,28.08,28.41,29.15,30.33,31.33,0.0,11.07,31.01,27.29
V,Visa Inc.,Financials,Transaction & Payment Processing Services,326.86,371.92,304.76,328.89,330.69,330.35,338.25,343.7,0.0,3.97,339.84,320.89
VST,Vistra Corp.,Utilities,Electric Utilities,165.99,217.92,97.84,170.69,172.87,174.58,188.26,170.54,0.0,11.02,184.28,164.87
VMC,Vulcan Materials Company,Materials,Construction Materials,296.35,308.54,219.27,293.46,293.14,289.95,293.9,271.01,-0.2,1.48,300.74,279.15
WRB,W. R. Berkley Corporation,Financials,Property & Casualty Insurance,66.56,78.46,56.11,69.72,73.24,75.09,75.13,71.02,-0.2,23.39,82.13,68.06
GWW,W. W. Grainger,Industrials,Industrial Machinery & Supplies & Components,958.95,1178.1,913.57,967.14,954.6,944.46,952.23,996.75,0.0,1.95,977.65,911.3
WAB,Wabtec,Industrials,Construction Machinery & Heavy Transportation Equipment,212.23,214.95,159.62,212.61,209.41,206.04,201.66,194.43,0.0,2.43,217.39,194.71
WMT,Walmart,Consumer Staples,Consumer Staples Merchandise Retail,113.65,115.11,81.4,114.08,111.26,107.22,105.15,98.11,0.2,2.95,117.0,97.43
DIS,Walt Disney Company (The),Communication Services,Movies & Entertainment,107.99,124.01,81.37,105.87,104.92,106.5,109.74,109.47,0.2,5.59,114.03,98.97
WBD,Warner Bros. Discovery,Communication Services,Broadcasting,27.27,27.27,7.69,25.4,24.46,23.68,21.45,13.82,0.2,-4.14,26.14,21.21
WM,Waste Management,Industrials,Environmental & Facilities Services,210.64,239.43,196.01,213.32,214.17,211.16,211.16,222.62,0.0,5.19,221.57,200.75
WAT,Waters Corporation,Health Care,Life Sciences Tools & Services,394.65,417.28,277.72,396.41,400.25,390.74,359.96,338.93,0.0,4.59,412.76,368.7
WEC,WEC Energy Group,Utilities,Electric Utilities,104.97,116.56,89.09,106.47,108.82,109.99,112.13,106.98,-0.2,8.97,114.39,105.59
WFC,Wells Fargo,Financials,Diversified Banks,89.99,90.21,59.98,89.14,87.23,85.88,84.47,77.39,0.0,0.42,90.37,81.38
WELL,Welltower,Real Estate,Health Care REITs,201.07,208.22,121.65,202.87,203.96,199.47,185.47,162.0,0.2,4.4,209.92,189.04
WST,West Pharmaceutical Services,Health Care,Health Care Supplies,268.71,346.74,189.89,277.61,277.14,271.75,273.38,239.02,0.0,7.09,287.76,255.73
WDC,Western Digital,Information Technology,"Technology Hardware, Storage & Peripherals",169.5,174.08,30.42,162.94,160.5,158.89,142.15,80.91,0.2,4.21,176.64,141.14
WY,Weyerhaeuser,Real Estate,Timber REITs,21.69,30.72,21.15,21.79,21.8,21.86,22.94,25.28,-0.2,5.16,22.81,20.92
WSM,"Williams-Sonoma, Inc.",Consumer Discretionary,Homefurnishing Retail,179.34,215.07,135.95,178.35,178.86,181.13,187.67,176.89,0.0,7.43,192.66,169.59
WMB,Williams Companies,Energy,Oil & Gas Storage & Transportation,62.08,64.48,50.69,62.06,61.17,60.52,60.86,58.59,-0.2,1.55,63.04,58.0
WTW,Willis Towers Watson,Financials,Insurance Brokers,320.68,349.93,294.27,318.72,319.48,319.52,327.32,320.29,0.0,1.21,324.56,314.49
WDAY,"Workday, Inc.",Information Technology,Application Software,221.32,279.91,210.47,217.16,219.04,222.1,230.63,237.32,0.0,5.7,233.94,210.26
WYNN,Wynn Resorts,Consumer Discretionary,Casinos & Gaming,126.46,133.09,65.64,128.46,128.39,124.99,123.5,103.75,0.0,6.41,134.57,115.42
XEL,Xcel Energy,Utilities,Multi-Utilities,75.83,82.11,61.84,77.64,79.2,79.8,80.42,72.36,-0.4,9.19,82.8,76.81
XYL,Xylem Inc.,Industrials,Industrial Machinery & Supplies & Components,138.44,152.52,101.96,139.73,140.28,141.9,145.45,132.41,-0.2,8.0,149.52,134.29
YUM,Yum! Brands,Consumer Discretionary,Restaurants,142.74,160.2,120.91,145.94,148.88,148.81,146.59,146.61,-0.3,7.92,154.05,143.59
ZBRA,Zebra Technologies,Information Technology,Electronic Equipment & Instruments,264.28,421.11,213.54,260.97,255.11,248.43,272.43,289.57,0.2,2.66,271.31,225.55
ZBH,Zimmer Biomet,Health Care,Health Care Equipment,92.68,112.61,87.55,93.47,94.78,92.2,96.19,98.54,0.2,5.9,98.15,86.25
ZTS,Zoetis,Health Care,Pharmaceuticals,118.34,176.49,115.89,120.88,123.83,121.67,133.33,150.11,0.0,8.94,128.92,114.42
