Symbol,Company,GICS_Sector,GICS_Sub_Industry,Current_Price,High_52_Week,Low_52_Week,SMA5,SMA10,SMA20,SMA50,SMA200,Score,Target_Pcnt,Target_Price,Stop_Loss
MMM,3M,Industrials,Industrial Conglomerates,156.29,159.47,122.31,155.46,156.14,155.59,153.69,145.04,-0.2,1.77,159.06,152.11
AOS,A. O. Smith,Industrials,Building Products,72.17,88.84,59.04,72.74,72.99,72.55,71.66,67.8,0.2,3.28,74.54,70.57
ABT,Abbott Laboratories,Health Care,Health Care Equipment,135.89,138.95,110.09,135.46,133.71,132.89,130.62,127.81,0.0,0.4,136.43,129.34
ABBV,AbbVie,Health Care,Biotechnology,222.61,222.61,160.57,222.09,219.45,214.94,204.04,190.03,0.0,1.28,225.46,204.43
ACN,Accenture,Information Technology,IT Consulting & Other Services,235.5,394.31,235.5,239.2,239.65,247.55,256.47,309.76,-0.2,12.11,264.02,231.07
ADBE,Adobe Inc.,Information Technology,Application Software,361.78,552.96,333.65,364.26,357.12,354.66,355.92,399.69,-0.2,1.73,368.04,341.29
AMD,Advanced Micro Devices,Information Technology,Semiconductors,160.9,184.42,78.21,159.03,159.06,160.01,165.26,126.85,0.0,4.96,168.88,151.14
AES,AES Corporation,Utilities,Independent Power Producers & Energy Traders,13.14,19.11,9.5,12.96,12.9,13.03,13.12,11.6,0.0,3.5,13.6,12.45
AFL,Aflac,Financials,Life & Health Insurance,108.23,112.86,97.56,108.18,108.2,107.55,104.53,104.14,-0.2,1.23,109.56,105.54
A,Agilent Technologies,Health Care,Life Sciences Tools & Services,125.94,151.96,99.08,126.59,125.98,125.47,120.34,123.06,0.1,3.9,130.85,120.1
APD,Air Products,Materials,Industrial Gases,276.58,333.89,247.03,287.46,288.66,290.18,291.18,289.96,-0.2,7.93,298.51,281.85
ABNB,Airbnb,Consumer Discretionary,"Hotels, Resorts & Cruise Lines",123.5,161.42,105.69,124.93,123.57,125.18,128.75,130.55,0.2,5.81,130.68,119.67
AKAM,Akamai Technologies,Information Technology,Internet Services & Infrastructure,75.27,106.67,68.21,76.23,76.68,77.34,76.81,83.02,0.1,5.66,79.53,75.15
ALB,Albemarle Corporation,Materials,Specialty Chemicals,80.12,108.94,50.16,80.69,78.9,79.93,77.49,73.56,0.0,8.79,87.16,72.71
ARE,Alexandria Real Estate Equities,Real Estate,Office REITs,86.97,117.58,66.61,86.33,85.66,84.14,80.22,83.8,0.1,1.32,88.12,80.16
ALGN,Align Technology,Health Care,Health Care Supplies,129.0,254.81,129.0,130.72,131.69,134.99,152.2,181.82,0.0,11.19,143.44,126.54
ALLE,Allegion,Industrials,Building Products,177.44,179.33,118.08,177.99,176.58,173.58,167.08,142.07,0.2,1.92,180.85,166.31
LNT,Alliant Energy,Utilities,Electric Utilities,64.84,66.97,54.87,64.17,64.27,64.55,64.74,61.28,-0.2,1.33,65.7,63.39
ALL,Allstate,Financials,Property & Casualty Insurance,207.73,212.57,177.81,204.63,201.92,202.43,201.3,196.34,0.0,0.68,209.14,195.72
GOOGL,Alphabet Inc. (Class A),Communication Services,Interactive Media & Services,251.66,254.72,144.4,252.09,248.36,235.21,211.42,183.59,0.0,6.42,267.82,202.6
GOOG,Alphabet Inc. (Class C),Communication Services,Interactive Media & Services,252.34,255.24,146.27,252.53,248.75,235.65,212.12,184.96,0.0,6.21,268.01,203.3
MO,Altria,Consumer Staples,Tobacco,64.87,66.6,45.73,64.6,64.88,65.18,63.09,56.45,-0.2,2.24,66.32,64.03
AMZN,Amazon,Consumer Discretionary,Broadline Retail,220.71,242.06,167.32,228.53,229.66,230.42,227.69,214.79,-0.2,7.91,238.17,222.67
AMCR,Amcor,Materials,Paper & Plastic Packaging Products & Materials,8.09,10.94,8.09,8.24,8.27,8.33,8.93,9.3,0.0,6.18,8.59,8.08
AEE,Ameren,Utilities,Multi-Utilities,100.91,102.53,82.96,99.35,99.62,99.57,99.71,95.59,0.0,0.05,100.96,98.17
AEP,American Electric Power,Utilities,Electric Utilities,108.14,114.06,87.97,107.24,107.87,108.99,109.95,102.41,-0.4,4.2,112.68,105.3
AXP,American Express,Financials,Consumer Finance,341.47,341.67,230.81,340.25,333.35,329.82,315.22,296.71,0.2,0.51,343.21,316.44
AIG,American International Group,Financials,Multi-line Insurance,76.7,86.75,68.89,77.01,77.22,78.79,79.16,78.84,-0.2,7.73,82.63,74.95
AMT,American Tower,Real Estate,Telecom Tower REITs,194.28,232.35,170.7,194.21,194.37,196.96,207.45,204.06,0.0,5.7,205.35,188.56
AWK,American Water Works,Utilities,Water Utilities,137.18,150.19,118.87,135.75,137.0,139.63,141.37,136.63,-0.2,6.28,145.79,133.46
AMP,Ameriprise Financial,Financials,Asset Management & Custody Banks,494.13,569.83,419.45,491.11,491.94,499.65,509.0,511.23,-0.2,5.68,522.2,477.08
AME,Ametek,Industrials,Electrical Components & Equipment,186.68,196.08,150.9,187.59,188.32,187.28,183.91,179.19,0.2,2.26,190.9,183.67
AMGN,Amgen,Health Care,Biotechnology,286.81,326.46,252.22,281.75,279.39,281.97,288.99,283.78,0.0,1.81,292.0,271.94
APH,Amphenol,Information Technology,Electronic Components,125.4,125.4,58.9,122.7,120.84,115.91,110.33,84.47,0.0,1.15,126.84,104.98
ADI,Analog Devices,Information Technology,Semiconductors,246.78,254.62,163.21,246.96,246.45,248.02,238.54,218.92,-0.2,2.95,254.06,241.98
AON,Aon plc,Financials,Insurance Brokers,353.07,407.61,334.44,353.72,359.56,364.64,363.34,367.59,0.1,7.54,379.69,349.59
APA,APA Corporation,Energy,Oil & Gas Exploration & Production,23.99,25.74,13.62,23.83,23.57,23.16,20.99,19.8,0.0,2.46,24.58,21.74
APO,Apollo Global Management,Financials,Asset Management & Custody Banks,144.89,176.82,107.9,143.18,140.25,137.44,141.18,144.71,-0.2,0.33,145.37,129.52
AAPL,Apple Inc.,Information Technology,"Technology Hardware, Storage & Peripherals",254.43,258.1,172.0,246.58,239.86,237.15,225.65,221.37,0.2,-0.88,252.19,222.12
AMAT,Applied Materials,Information Technology,Semiconductor Materials & Equipment,200.87,211.69,126.23,191.88,180.52,171.03,176.88,167.78,0.0,-1.51,197.84,144.21
APTV,Aptiv,Consumer Discretionary,Automotive Parts & Equipment,85.46,85.46,47.92,84.88,83.84,82.07,75.17,65.76,0.0,1.09,86.39,77.75
ACGL,Arch Capital Group,Financials,Property & Casualty Insurance,88.46,109.22,84.99,88.09,89.28,90.32,89.67,91.57,0.1,6.01,93.78,86.86
ADM,Archer Daniels Midland,Consumer Staples,Agricultural Products & Services,60.7,64.21,41.01,60.83,61.14,61.77,58.72,50.88,-0.2,4.5,63.43,60.11
ANET,Arista Networks,Information Technology,Communications Equipment,144.09,153.04,64.37,145.72,145.93,141.94,131.74,105.33,0.2,5.96,152.68,131.21
AJG,Arthur J. Gallagher & Co.,Financials,Insurance Brokers,304.36,347.33,273.85,298.69,296.54,298.27,298.07,311.86,0.1,0.5,305.88,290.66
AIZ,Assurant,Financials,Multi-line Insurance,212.5,225.29,178.36,210.37,210.15,212.15,203.19,202.22,0.0,2.64,218.11,206.17
T,AT&T,Communication Services,Integrated Telecommunication Services,28.79,29.62,20.53,29.09,29.27,29.21,28.48,26.33,0.0,3.54,29.81,28.61
ATO,Atmos Energy,Utilities,Gas Utilities,166.34,167.34,133.46,163.62,164.4,164.88,161.75,151.3,-0.2,0.76,167.6,162.17
ADSK,Autodesk,Information Technology,Application Software,324.86,326.79,238.84,322.85,322.12,316.39,303.19,291.41,0.0,5.59,343.02,289.75
ADP,Automatic Data Processing,Industrials,Human Resource & Employment Services,289.21,323.5,267.3,290.92,291.5,295.28,299.58,299.88,-0.2,5.27,304.45,286.11
AZO,AutoZone,Consumer Discretionary,Automotive Retail,4120.0,4354.54,2981.19,4149.35,4213.36,4213.52,4040.33,3667.11,-0.2,5.22,4335.06,4091.91
AVB,AvalonBay Communities,Real Estate,Multi-Family Residential REITs,194.4,232.03,182.72,193.31,193.63,193.54,193.56,205.16,-0.2,1.37,197.06,190.01
AVY,Avery Dennison,Materials,Paper & Plastic Packaging Products & Materials,163.32,217.94,157.86,164.18,165.09,167.09,170.97,177.26,0.0,5.57,172.42,161.77
AXON,Axon Enterprise,Industrials,Aerospace & Defense,777.58,870.97,393.25,769.26,761.26,754.02,761.09,672.08,-0.2,1.37,788.23,719.83
BKR,Baker Hughes,Energy,Oil & Gas Equipment & Services,48.93,48.93,34.01,47.54,47.16,46.26,44.27,41.51,0.2,-1.0,48.44,44.07
BALL,Ball Corporation,Materials,"Metal, Glass & Plastic Containers",48.52,66.93,44.6,48.83,49.62,50.45,53.61,53.04,-0.2,8.94,52.86,48.04
BAC,Bank of America,Financials,Diversified Banks,51.7,52.25,34.0,51.88,51.21,50.63,48.47,44.53,0.2,1.03,52.23,49.04
BAX,Baxter International,Health Care,Health Care Equipment,22.86,38.13,21.61,23.12,23.57,23.88,24.71,29.29,-0.2,9.23,24.97,22.78
BDX,Becton Dickinson,Health Care,Health Care Equipment,186.52,245.13,163.27,187.21,187.38,189.14,186.91,200.46,0.1,4.01,194.0,184.27
BRK-B,Berkshire Hathaway,Financials,Multi-Sector Holdings,494.1,539.8,442.29,492.7,492.67,495.67,483.7,489.35,-0.3,2.19,504.92,486.4
BBY,Best Buy,Consumer Discretionary,Computer & Electronics Retail,73.01,98.27,54.69,72.97,73.96,74.13,70.52,73.1,-0.1,5.81,77.25,71.0
TECH,Bio-Techne,Health Care,Life Sciences Tools & Services,52.92,79.5,46.59,52.72,52.24,53.34,53.77,58.64,-0.2,6.44,56.33,50.35
BIIB,Biogen,Health Care,Biotechnology,139.31,199.36,113.38,142.23,143.45,140.96,135.31,135.81,-0.1,6.9,148.92,133.0
BLK,BlackRock,Financials,Asset Management & Custody Banks,1131.75,1154.71,807.61,1135.94,1127.42,1119.96,1116.32,1005.91,0.0,1.48,1148.5,1091.42
BX,Blackstone Inc.,Financials,Asset Management & Custody Banks,184.91,194.8,118.51,186.09,184.15,177.56,173.12,157.26,0.2,3.59,191.55,163.59
XYZ,"Block, Inc.",Financials,Transaction & Payment Processing Services,76.54,98.92,46.53,76.81,75.53,76.4,76.07,71.29,0.0,5.0,80.37,72.42
BK,BNY Mellon,Financials,Asset Management & Custody Banks,108.66,109.46,69.2,108.47,107.03,105.95,102.81,88.26,0.0,0.59,109.3,102.61
BA,Boeing,Industrials,Aerospace & Defense,216.34,237.38,136.59,214.87,216.86,225.02,227.25,193.41,-0.2,12.2,242.73,207.31
BKNG,Booking Holdings,Consumer Discretionary,"Hotels, Resorts & Cruise Lines",5509.02,5805.92,4035.07,5481.43,5487.31,5534.99,5555.78,5140.83,-0.2,2.94,5670.99,5399.08
BSX,Boston Scientific,Health Care,Health Care Equipment,97.69,108.14,83.08,97.86,100.04,103.44,104.11,100.82,0.0,14.05,111.42,95.46
BMY,Bristol Myers Squibb,Health Care,Pharmaceuticals,44.91,61.62,43.31,45.33,46.02,46.59,46.84,51.18,0.0,7.55,48.3,44.88
AVGO,Broadcom,Information Technology,Semiconductors,338.94,368.94,145.7,342.48,352.25,332.27,309.64,239.84,0.2,12.59,381.61,282.92
BR,Broadridge Financial Solutions,Industrials,Data Processing & Outsourced Services,238.82,265.85,205.08,241.91,246.09,249.49,251.29,238.14,-0.4,8.86,259.98,239.0
BRO,Brown & Brown,Financials,Insurance Brokers,92.19,124.07,90.88,92.12,92.27,93.89,95.93,106.87,-0.2,5.92,97.65,90.14
BF-B,Brown–Forman,Consumer Staples,Distillers & Vintners,27.03,48.21,25.45,27.26,27.32,28.04,29.11,32.17,0.0,10.77,29.94,26.13
BLDR,Builders FirstSource,Industrials,Building Products,121.21,198.25,105.63,125.08,133.21,137.49,134.58,134.06,0.0,26.72,153.6,121.39
BG,Bunge Global,Consumer Staples,Agricultural Products & Services,78.46,95.58,67.23,79.02,80.5,82.0,80.28,77.07,0.2,10.26,86.51,77.49
BXP,"BXP, Inc.",Real Estate,Office REITs,76.19,86.01,56.05,76.49,76.65,74.88,70.38,68.6,0.0,4.88,79.91,69.85
CHRW,C.H. Robinson,Industrials,Air Freight & Logistics,134.24,137.09,85.99,135.29,133.46,130.34,118.73,102.67,0.0,2.56,137.68,123.0
CDNS,Cadence Design Systems,Information Technology,Application Software,366.3,373.37,231.64,365.03,356.24,353.55,347.71,304.0,0.0,1.85,373.08,334.0
CZR,Caesars Entertainment,Consumer Discretionary,Casinos & Gaming,26.4,45.55,23.18,25.91,25.76,25.97,26.58,29.54,0.0,2.88,27.16,24.78
CPT,Camden Property Trust,Real Estate,Multi-Family Residential REITs,108.04,123.69,104.05,107.59,108.26,109.36,109.57,113.57,0.0,4.13,112.5,106.23
CPB,Campbell's Company (The),Consumer Staples,Packaged Foods & Meats,33.75,49.23,30.28,33.38,33.38,33.05,32.56,35.7,-0.1,2.64,34.64,31.46
COF,Capital One,Financials,Consumer Finance,223.02,229.74,143.45,226.42,225.46,224.67,218.41,195.4,0.2,2.87,229.42,219.91
CAH,Cardinal Health,Health Care,Health Care Distributors,154.62,167.63,106.71,150.08,150.3,149.91,152.9,140.62,0.0,-0.91,153.21,146.61
KMX,CarMax,Consumer Discretionary,Automotive Retail,57.6,89.19,54.66,58.65,59.42,60.19,59.41,70.86,-0.1,8.8,62.67,57.71
CCL,Carnival,Consumer Discretionary,"Hotels, Resorts & Cruise Lines",30.71,32.49,16.43,30.92,31.24,31.5,30.41,25.13,0.0,6.02,32.56,30.43
CARR,Carrier Global,Industrials,Building Products,59.74,81.67,55.21,60.45,61.09,63.02,67.42,67.69,-0.2,13.19,67.62,58.43
CAT,Caterpillar Inc.,Industrials,Construction Machinery & Heavy Transportation Equipment,471.26,472.1,271.63,465.5,448.99,436.16,427.46,368.9,0.0,0.46,473.43,398.86
CBOE,Cboe Global Markets,Financials,Financial Exchanges & Data,240.32,253.24,189.73,236.28,235.43,235.35,241.08,220.41,0.2,0.1,240.56,230.16
CBRE,CBRE Group,Real Estate,Real Estate Services,163.09,165.9,113.94,163.98,164.08,163.09,156.81,138.25,0.2,2.13,166.56,159.62
CDW,CDW Corporation,Information Technology,Technology Distributors,164.58,225.45,143.46,164.02,165.02,165.41,168.7,173.22,0.0,3.49,170.32,160.48
COR,Cencora,Health Care,Health Care Distributors,302.4,303.69,217.68,292.23,294.42,293.88,292.24,272.35,-0.2,0.22,303.07,284.7
CNC,Centene Corporation,Health Care,Managed Health Care,32.75,75.61,25.21,32.28,32.45,30.83,28.82,50.72,0.1,5.07,34.41,27.24
CNP,CenterPoint Energy,Utilities,Multi-Utilities,38.8,38.94,27.48,38.22,38.13,37.88,37.85,35.35,0.2,-0.57,38.58,37.18
CF,CF Industries,Materials,Fertilizers & Agricultural Chemicals,87.14,101.88,67.67,85.23,85.51,85.6,87.53,85.26,0.0,0.77,87.81,83.4
CRL,Charles River Laboratories,Health Care,Life Sciences Tools & Services,150.25,220.69,99.75,153.85,153.9,158.06,159.92,156.74,0.0,11.51,167.54,148.58
SCHW,Charles Schwab Corporation,Financials,Investment Banking & Brokerage,93.91,98.69,62.55,93.61,93.09,94.35,95.33,84.5,-0.2,4.63,98.26,90.45
CHTR,Charter Communications,Communication Services,Cable & Satellite,267.04,427.25,256.57,265.18,263.8,263.85,286.35,350.88,0.2,0.69,268.88,258.81
CVX,Chevron Corporation,Energy,Integrated Oil & Gas,157.42,164.65,130.67,157.72,157.86,157.76,154.43,147.63,0.0,2.83,161.87,153.64
CMG,Chipotle Mexican Grill,Consumer Discretionary,Restaurants,39.68,66.16,38.58,39.72,39.28,40.38,43.55,51.51,-0.2,8.77,43.16,37.61
CB,Chubb Limited,Financials,Property & Casualty Insurance,275.9,301.45,256.04,273.86,275.41,275.71,273.65,279.03,-0.1,1.98,281.36,270.05
CHD,Church & Dwight,Consumer Staples,Household Products,87.19,112.48,86.68,89.66,91.14,92.46,93.52,100.08,-0.2,11.27,97.02,87.89
CI,Cigna,Health Care,Health Care Services,290.08,351.85,260.91,291.88,296.18,298.32,292.45,302.59,0.1,6.17,307.98,288.66
CINF,Cincinnati Financial,Financials,Property & Casualty Insurance,154.44,156.48,125.14,154.61,154.31,153.58,151.29,143.67,-0.2,1.13,156.19,150.98
CTAS,Cintas,Industrials,Diversified Support Services,200.59,227.2,181.05,200.56,201.01,204.1,213.69,208.23,0.0,5.94,212.51,195.68
CSCO,Cisco,Information Technology,Communications Equipment,67.54,71.79,50.58,67.98,67.62,67.81,68.11,62.78,0.0,2.61,69.3,66.32
C,Citigroup,Financials,Diversified Banks,103.0,103.49,57.29,102.67,100.92,98.53,95.41,79.02,0.0,1.16,104.19,92.87
CFG,Citizens Financial Group,Financials,Regional Banks,53.11,53.64,33.59,53.02,52.3,52.08,49.76,43.83,0.0,0.62,53.44,50.71
CLX,Clorox,Consumer Staples,Household Products,120.38,165.31,116.82,122.3,123.04,122.46,123.38,137.39,0.0,6.46,128.16,116.77
CME,CME Group,Financials,Financial Exchanges & Data,261.96,288.01,204.06,261.51,261.08,263.13,270.55,258.45,-0.2,2.84,269.4,256.86
CMS,CMS Energy,Utilities,Multi-Utilities,71.49,74.4,63.54,70.52,70.87,71.16,71.93,69.75,-0.2,1.34,72.45,69.87
KO,Coca-Cola Company (The),Consumer Staples,Soft Drinks & Non-alcoholic Beverages,66.71,72.82,59.48,66.57,66.62,67.27,68.36,67.48,-0.2,3.24,68.87,65.68
CTSH,Cognizant,Information Technology,IT Consulting & Other Services,67.67,89.65,65.92,68.61,68.97,70.32,71.47,76.68,-0.2,8.63,73.51,67.14
COIN,Coinbase,Financials,Financial Exchanges & Data,320.07,419.78,151.47,331.63,327.54,316.93,335.73,273.53,0.0,7.04,342.6,291.27
CL,Colgate-Palmolive,Consumer Staples,Household Products,80.15,101.53,79.36,80.89,81.86,83.01,84.68,88.56,0.0,7.4,86.08,79.94
CMCSA,Comcast,Communication Services,Cable & Satellite,31.62,43.96,31.41,31.75,32.36,33.11,33.32,34.81,-0.2,10.5,34.94,31.28
CAG,Conagra Brands,Consumer Staples,Packaged Foods & Meats,18.2,30.87,18.2,18.54,18.83,18.96,18.98,22.71,-0.2,8.08,19.67,18.25
COP,ConocoPhillips,Energy,Oil & Gas Exploration & Production,93.47,111.14,81.29,92.94,93.25,94.52,94.06,93.78,0.0,6.34,99.4,89.64
ED,Consolidated Edison,Utilities,Multi-Utilities,98.55,111.42,85.77,96.85,96.92,97.49,100.09,99.21,0.0,1.16,99.69,95.3
STZ,Constellation Brands,Consumer Staples,Distillers & Vintners,131.78,252.91,131.78,132.85,135.97,144.19,159.36,178.07,0.0,24.31,163.82,124.57
CEG,Constellation Energy,Utilities,Electric Utilities,336.65,354.46,170.52,331.73,327.35,317.97,323.0,279.11,-0.2,1.65,342.2,293.74
COO,Cooper Companies (The),Health Care,Health Care Supplies,67.5,110.49,64.32,67.04,66.87,67.7,70.55,80.67,-0.2,7.53,72.58,62.82
CPRT,Copart,Industrials,Diversified Support Services,45.28,63.84,45.28,45.72,46.86,47.77,47.12,53.91,-0.1,11.48,50.48,45.06
GLW,Corning Inc.,Information Technology,Electronic Components,81.0,81.0,38.69,79.24,78.03,73.67,66.01,52.37,0.0,2.69,83.18,64.15
CPAY,Corpay,Financials,Transaction & Payment Processing Services,298.0,389.55,283.07,303.15,305.27,312.62,318.71,337.61,0.0,10.77,330.09,295.15
CTVA,Corteva,Materials,Fertilizers & Agricultural Chemicals,69.48,76.93,54.65,70.28,71.04,72.19,72.24,65.95,0.0,8.69,75.52,68.86
CSGP,CoStar Group,Real Estate,Real Estate Services,85.31,96.83,69.29,87.17,87.31,88.12,89.69,80.23,-0.2,6.33,90.71,85.54
COST,Costco,Consumer Staples,Consumer Staples Merchandise Retail,943.6,1073.97,869.13,950.68,955.41,954.62,956.88,974.19,0.0,3.45,976.15,933.04
CTRA,Coterra,Energy,Oil & Gas Exploration & Production,23.47,29.06,21.94,23.66,24.02,24.09,23.88,25.31,0.1,6.18,24.92,23.27
CRWD,CrowdStrike,Information Technology,Systems Software,484.1,514.1,275.15,485.58,461.2,441.31,444.49,416.49,0.0,3.24,499.78,382.83
CCI,Crown Castle,Real Estate,Telecom Tower REITs,94.35,112.8,81.15,94.0,93.9,95.08,100.49,96.2,-0.2,5.13,99.19,90.98
CSX,CSX Corporation,Industrials,Rail Transportation,34.07,36.37,26.47,33.29,32.88,32.64,34.12,31.83,0.2,-1.44,33.58,31.7
CMI,Cummins,Industrials,Construction Machinery & Heavy Transportation Equipment,424.16,426.39,264.26,422.16,416.7,407.38,387.69,345.26,0.2,1.13,428.95,385.78
CVS,CVS Health,Health Care,Health Care Services,76.5,76.5,42.33,74.99,74.55,73.56,68.13,62.05,0.2,-0.1,76.42,70.7
DHR,Danaher Corporation,Health Care,Life Sciences Tools & Services,189.72,276.83,174.36,192.34,191.85,196.81,199.64,206.23,-0.2,9.91,208.52,185.1
DRI,Darden Restaurants,Consumer Discretionary,Restaurants,186.52,224.21,152.57,191.6,201.77,205.14,205.43,198.22,-0.2,19.92,223.67,186.6
DDOG,Datadog,Information Technology,Application Software,137.49,168.65,87.0,137.14,137.37,136.07,136.71,127.32,-0.2,3.97,142.95,129.19
DVA,DaVita,Health Care,Health Care Services,132.83,177.35,127.69,130.47,131.21,133.98,136.79,146.3,-0.4,5.56,140.22,127.76
DAY,Dayforce,Industrials,Human Resource & Employment Services,68.82,81.8,49.33,68.75,68.86,69.15,62.55,62.47,0.2,1.55,69.89,68.41
DECK,Deckers Brands,Consumer Discretionary,Footwear,112.03,223.11,95.32,114.63,116.1,117.63,110.28,134.56,-0.1,10.97,124.32,110.94
DE,Deere & Company,Industrials,Agricultural & Farm Machinery,471.67,529.8,385.39,471.11,471.17,475.71,492.27,478.02,0.0,3.95,490.3,461.13
DELL,Dell Technologies,Information Technology,"Technology Hardware, Storage & Peripherals",134.34,142.14,70.88,132.88,129.38,127.71,130.1,112.14,-0.2,1.83,136.8,118.63
DAL,Delta Air Lines,Industrials,Passenger Airlines,58.75,68.45,35.65,59.14,59.37,60.32,57.82,54.45,0.0,6.83,62.76,57.88
DVN,Devon Energy,Energy,Oil & Gas Exploration & Production,34.48,41.79,26.43,34.52,34.62,34.86,33.75,33.19,0.2,4.96,36.19,33.52
DXCM,Dexcom,Health Care,Health Care Equipment,68.2,90.75,59.83,71.48,73.77,75.58,79.44,79.89,-0.2,20.95,82.49,68.67
FANG,Diamondback Energy,Energy,Oil & Gas Exploration & Production,142.18,194.36,117.58,140.36,138.97,141.29,141.68,146.74,0.0,5.49,149.99,132.6
DLR,Digital Realty,Real Estate,Data Center REITs,174.12,190.11,134.22,172.68,173.07,168.43,169.88,164.93,0.0,2.68,178.79,158.09
DG,Dollar General,Consumer Staples,Consumer Staples Merchandise Retail,103.67,116.32,67.66,104.14,104.57,106.95,109.5,92.74,-0.2,8.89,112.89,101.01
DLTR,Dollar Tree,Consumer Staples,Consumer Staples Merchandise Retail,94.65,117.16,61.21,96.09,96.89,101.29,108.58,86.97,-0.2,20.3,113.86,88.72
D,Dominion Energy,Utilities,Multi-Utilities,61.12,61.39,48.51,60.03,59.96,59.33,59.24,54.99,0.2,-0.25,60.97,57.68
DPZ,Domino's,Consumer Discretionary,Restaurants,423.89,493.69,397.61,429.17,439.22,448.55,453.77,454.37,-0.2,11.94,474.5,422.59
DASH,DoorDash,Consumer Discretionary,Specialized Consumer Services,265.75,270.99,139.51,264.22,261.79,255.03,251.03,208.65,0.0,1.67,270.19,239.86
DOV,Dover Corporation,Industrials,Industrial Machinery & Supplies & Components,169.09,204.71,150.28,170.98,172.62,175.46,178.78,182.48,0.0,8.27,183.07,167.84
DOW,Dow Inc.,Materials,Commodity Chemicals,22.86,51.44,20.57,23.63,24.07,24.16,24.19,30.68,-0.2,10.32,25.22,23.1
DHI,D. R. Horton,Consumer Discretionary,Homebuilding,166.27,192.41,114.44,167.68,171.72,172.71,160.09,137.98,0.2,10.4,183.56,161.86
DTE,DTE Energy,Utilities,Multi-Utilities,137.97,140.36,113.22,136.0,135.64,135.46,136.66,129.72,0.2,-0.22,137.67,133.26
DUK,Duke Energy,Utilities,Electric Utilities,123.1,124.85,102.96,121.45,121.53,121.63,121.39,115.24,0.2,0.45,123.65,119.59
DD,DuPont,Materials,Specialty Chemicals,77.47,87.69,54.51,77.74,77.44,77.18,74.85,72.78,0.2,1.51,78.64,75.73
EMN,Eastman Chemical Company,Materials,Specialty Chemicals,64.27,109.24,58.06,65.24,65.5,66.66,67.99,80.62,0.0,8.28,69.59,63.74
ETN,Eaton Corporation,Industrials,Electrical Components & Equipment,368.52,391.62,244.95,371.19,369.09,359.03,363.71,327.58,0.0,3.47,381.31,336.74
EBAY,eBay Inc.,Consumer Discretionary,Broadline Retail,91.06,100.46,56.61,90.46,90.61,91.41,90.08,73.55,0.2,3.55,94.29,88.53
ECL,Ecolab,Materials,Specialty Chemicals,265.81,284.78,224.56,265.71,267.72,271.44,271.46,256.43,0.0,5.74,281.07,261.82
EIX,Edison International,Utilities,Electric Utilities,55.34,84.75,47.56,55.28,55.54,55.24,54.3,56.68,-0.3,2.4,56.67,53.82
EW,Edwards Lifesciences,Health Care,Health Care Equipment,74.57,81.83,64.54,74.5,75.75,78.36,78.46,74.7,-0.2,12.74,84.07,72.64
EA,Electronic Arts,Communication Services,Interactive Home Entertainment,174.07,178.81,116.08,173.47,172.37,171.07,165.5,149.13,0.0,0.83,175.51,166.62
ELV,Elevance Health,Health Care,Managed Health Care,323.73,530.17,273.17,315.92,312.99,312.53,301.45,368.92,0.1,-0.3,322.76,302.29
EMR,Emerson Electric,Industrials,Electrical Components & Equipment,131.46,149.04,93.37,131.91,133.05,132.76,136.23,123.42,0.0,3.92,136.61,128.9
ENPH,Enphase Energy,Information Technology,Semiconductor Materials & Equipment,37.36,117.0,30.11,38.69,38.25,38.01,36.34,51.12,0.1,6.8,39.9,36.13
ETR,Entergy,Utilities,Electric Utilities,90.85,91.02,62.67,88.95,89.18,88.58,88.4,82.4,0.2,-0.01,90.84,86.31
EOG,EOG Resources,Energy,Oil & Gas Exploration & Production,115.67,134.72,102.81,117.05,118.2,119.83,119.08,119.68,0.1,8.75,125.79,113.87
EPAM,EPAM Systems,Information Technology,IT Consulting & Other Services,154.04,267.63,143.33,155.2,155.22,163.12,162.83,189.86,0.1,16.86,180.01,146.22
EQT,EQT Corporation,Energy,Oil & Gas Exploration & Production,50.95,60.26,34.37,49.9,50.25,50.95,52.15,51.58,0.0,3.89,52.93,48.98
EFX,Equifax,Industrials,Research & Consulting Services,257.58,298.21,204.69,259.04,257.47,251.16,248.53,252.3,-0.1,3.84,267.47,234.85
EQIX,Equinix,Real Estate,Data Center REITs,803.28,968.75,731.64,791.34,789.44,782.98,780.04,845.1,-0.1,0.17,804.65,761.35
EQR,Equity Residential,Real Estate,Multi-Family Residential REITs,65.68,75.24,61.2,65.1,65.47,65.49,65.22,67.87,-0.3,2.19,67.12,63.86
ERIE,Erie Indemnity,Financials,Insurance Brokers,317.3,537.71,317.3,319.26,324.54,332.88,348.29,377.67,-0.2,12.34,356.45,309.32
ESS,Essex Property Trust,Real Estate,Multi-Family Residential REITs,267.84,308.41,252.08,267.33,266.64,266.31,268.09,279.34,-0.2,1.24,271.16,261.46
EL,Estée Lauder Companies (The),Consumer Staples,Personal Care Products,87.72,98.93,49.61,87.79,87.28,88.71,89.22,74.77,0.0,5.73,92.75,84.68
EG,Everest Group,Financials,Reinsurance,337.93,400.34,324.54,335.31,338.48,340.4,336.47,344.83,0.1,3.72,350.5,330.3
EVRG,Evergy,Utilities,Electric Utilities,73.29,73.29,56.74,72.17,72.08,71.74,70.97,66.16,0.2,-0.52,72.91,70.57
ES,Eversource Energy,Utilities,Electric Utilities,69.42,69.42,52.98,65.82,64.91,64.0,64.54,60.48,0.0,-2.59,67.62,60.38
EXC,Exelon,Utilities,Electric Utilities,44.23,46.54,35.25,43.48,43.37,43.48,43.85,42.22,0.2,0.23,44.33,42.63
EXE,Expand Energy,Energy,Oil & Gas Exploration & Production,100.72,120.67,75.76,99.21,97.77,97.0,97.82,102.66,0.0,-0.51,100.21,93.79
EXPE,Expedia Group,Consumer Discretionary,"Hotels, Resorts & Cruise Lines",221.22,228.24,136.05,222.85,222.65,218.6,202.95,180.76,0.2,3.19,228.28,208.94
EXPD,Expeditors International,Industrials,Air Freight & Logistics,121.13,129.72,102.14,121.95,122.69,121.96,118.9,114.77,0.0,3.29,125.12,118.8
EXR,Extra Space Storage,Real Estate,Self-Storage REITs,138.55,175.34,123.86,140.47,142.51,142.22,141.49,144.48,-0.1,6.21,147.15,137.29
XOM,ExxonMobil,Energy,Integrated Oil & Gas,113.95,121.0,98.11,113.6,113.18,112.62,110.03,107.77,0.0,1.56,115.73,109.51
FFIV,"F5, Inc.",Information Technology,Communications Equipment,324.7,334.59,213.57,327.84,327.0,321.34,314.65,285.95,0.4,3.45,335.9,306.79
FDS,FactSet,Financials,Financial Exchanges & Data,288.41,490.93,288.41,302.09,329.42,351.43,379.03,431.38,-0.2,43.42,413.64,289.22
FICO,Fair Isaac,Information Technology,Application Software,1534.77,2382.4,1311.26,1524.97,1540.46,1521.67,1464.61,1785.01,0.1,4.52,1604.14,1439.23
FAST,Fastenal,Industrials,Trading Companies & Distributors,47.99,50.39,33.91,47.41,47.48,48.39,47.81,41.0,-0.2,5.56,50.66,46.12
FRT,Federal Realty Investment Trust,Real Estate,Retail REITs,100.06,113.73,82.59,99.76,100.37,100.4,96.69,98.21,0.1,2.29,102.35,98.46
FDX,FedEx,Industrials,Air Freight & Logistics,233.7,298.15,195.55,229.57,228.53,227.63,227.71,237.05,0.0,-0.15,233.35,221.9
FIS,Fidelity National Information Services,Financials,Transaction & Payment Processing Services,63.37,89.09,63.37,65.3,66.08,67.38,72.03,75.46,-0.2,11.5,70.66,64.11
FITB,Fifth Third Bancorp,Financials,Regional Banks,45.14,47.14,33.02,45.67,45.51,45.54,43.72,40.95,0.2,2.55,46.29,44.8
FSLR,First Solar,Information Technology,Semiconductors,215.73,255.75,120.38,213.55,208.88,203.98,193.25,166.55,0.2,0.96,217.8,190.14
FE,FirstEnergy,Utilities,Electric Utilities,43.8,43.95,37.17,43.44,43.45,43.48,42.77,40.43,0.0,0.14,43.86,43.09
FI,Fiserv,Financials,Transaction & Payment Processing Services,129.82,237.79,129.82,131.83,132.67,134.74,139.72,184.06,-0.2,7.64,139.74,129.74
F,Ford Motor Company,Consumer Discretionary,Automobile Manufacturers,11.73,11.91,8.45,11.68,11.66,11.69,11.39,10.18,-0.2,1.45,11.9,11.48
FTNT,Fortinet,Information Technology,Systems Software,85.27,114.57,74.39,83.15,81.66,79.97,87.14,97.36,0.4,-0.47,84.87,75.07
FTV,Fortive,Industrials,Industrial Machinery & Supplies & Components,48.44,62.39,46.49,48.45,48.56,48.17,48.65,53.77,0.0,1.92,49.37,46.98
FOXA,Fox Corporation (Class A),Communication Services,Broadcasting,61.61,62.48,39.83,60.74,59.41,59.75,57.72,53.46,0.2,1.75,62.69,56.81
FOX,Fox Corporation (Class B),Communication Services,Broadcasting,55.43,56.81,36.9,54.72,53.61,54.18,52.62,49.5,0.2,2.56,56.85,51.51
BEN,Franklin Resources,Financials,Asset Management & Custody Banks,24.03,26.03,16.43,24.26,24.37,24.85,24.85,21.4,0.2,8.11,25.98,23.71
FCX,Freeport-McMoRan,Materials,Copper,45.36,51.16,28.93,45.1,45.19,45.15,43.59,39.87,-0.2,2.95,46.7,43.6
GRMN,Garmin,Consumer Discretionary,Consumer Electronics,237.39,240.92,159.13,236.06,236.63,236.63,231.81,212.72,-0.2,1.58,241.14,232.11
IT,Gartner,Information Technology,IT Consulting & Other Services,257.98,551.8,225.98,256.29,250.03,248.12,276.43,411.83,-0.2,1.24,261.18,235.04
GE,GE Aerospace,Industrials,Aerospace & Defense,305.63,305.63,159.16,298.88,292.08,284.22,275.0,222.81,0.2,-0.47,304.19,264.24
GEHC,GE HealthCare,Health Care,Health Care Equipment,74.6,93.69,58.69,74.98,76.05,75.35,74.55,76.96,-0.1,6.21,79.23,71.48
GEV,GE Vernova,Industrials,Heavy Electrical Equipment,633.41,664.55,244.98,625.55,627.76,615.8,619.1,443.96,-0.2,3.39,654.88,576.7
GEN,Gen Digital,Information Technology,Systems Software,28.95,32.03,23.31,28.86,28.97,29.46,29.98,28.11,0.0,6.15,30.73,28.2
GNRC,Generac,Industrials,Electrical Components & Equipment,166.77,202.85,101.92,180.05,182.68,182.76,180.6,148.44,-0.2,15.53,192.67,172.85
GD,General Dynamics,Industrials,Aerospace & Defense,323.2,329.62,239.38,323.96,325.2,324.28,316.71,279.42,0.2,1.53,328.14,320.4
GIS,General Mills,Consumer Staples,Packaged Foods & Meats,50.56,71.65,48.44,50.0,49.91,49.76,49.79,55.22,-0.2,0.69,50.91,48.6
GM,General Motors,Consumer Discretionary,Automobile Manufacturers,58.58,59.57,42.24,58.89,58.64,58.44,55.71,50.54,0.0,1.3,59.34,57.54
GPC,Genuine Parts Company,Consumer Discretionary,Distributors,138.66,142.77,103.92,138.22,139.33,138.77,134.52,122.48,0.2,2.55,142.2,135.34
GILD,Gilead Sciences,Health Care,Biotechnology,114.4,119.64,79.83,113.37,113.55,113.35,113.46,104.87,-0.2,1.6,116.23,110.48
GPN,Global Payments,Financials,Transaction & Payment Processing Services,86.11,118.08,67.06,86.21,85.61,86.49,84.52,91.01,-0.3,3.19,88.86,84.13
GL,Globe Life,Financials,Life & Health Insurance,146.55,146.55,102.81,144.73,143.07,141.7,137.42,123.98,0.4,-0.48,145.85,137.56
GDDY,GoDaddy,Information Technology,Internet Services & Infrastructure,142.99,214.35,133.35,145.21,145.44,145.98,151.53,178.18,0.0,4.62,149.6,142.36
GS,Goldman Sachs,Financials,Investment Banking & Brokerage,806.32,806.32,457.48,803.08,792.21,767.97,738.57,626.9,0.0,1.82,821.0,714.96
HAL,Halliburton,Energy,Oil & Gas Equipment & Services,24.27,31.1,18.96,22.8,22.54,22.32,21.79,23.15,0.1,-3.5,23.42,21.22
HIG,Hartford (The),Financials,Property & Casualty Insurance,131.81,134.7,105.0,131.11,131.36,131.74,128.42,120.44,-0.2,1.62,133.95,129.54
HAS,Hasbro,Consumer Discretionary,Leisure Products,74.82,81.85,49.75,74.5,75.92,78.1,77.56,65.36,0.0,11.57,83.48,72.72
HCA,HCA Healthcare,Health Care,Health Care Facilities,409.45,420.02,294.93,403.89,402.18,405.52,385.28,349.79,0.0,2.01,417.68,393.35
DOC,Healthpeak Properties,Real Estate,Health Care REITs,18.89,21.7,16.44,18.49,18.26,18.06,17.63,18.27,0.1,-0.85,18.73,17.4
HSIC,Henry Schein,Health Care,Health Care Distributors,69.21,81.91,62.7,68.18,68.41,68.44,68.69,70.87,0.0,1.1,69.97,66.91
HSY,Hershey Company (The),Consumer Staples,Packaged Foods & Meats,190.74,193.45,141.22,190.69,188.86,186.69,182.63,168.18,0.2,1.49,193.58,179.8
HPE,Hewlett Packard Enterprise,Information Technology,"Technology Hardware, Storage & Peripherals",24.7,25.24,12.35,24.94,24.73,23.83,22.0,19.45,0.2,4.41,25.79,21.88
HLT,Hilton Worldwide,Consumer Discretionary,"Hotels, Resorts & Cruise Lines",263.7,278.5,201.05,266.32,270.28,273.03,270.53,252.15,0.0,6.8,281.63,264.43
HOLX,Hologic,Health Care,Health Care Equipment,67.64,83.72,52.73,67.55,66.12,66.38,66.54,65.02,0.0,1.8,68.86,63.89
HD,Home Depot (The),Consumer Discretionary,Home Improvement Retail,410.91,423.6,331.29,414.62,417.66,413.64,394.21,379.12,0.2,3.9,426.94,400.35
HON,Honeywell,Industrials,Industrial Conglomerates,209.31,239.16,180.99,209.91,211.07,214.27,219.35,216.49,-0.2,6.31,222.52,206.02
HRL,Hormel Foods,Consumer Staples,Packaged Foods & Meats,24.44,32.6,24.31,24.68,24.86,25.47,27.45,29.19,0.0,13.95,27.85,23.09
HST,Host Hotels & Resorts,Real Estate,Hotel & Resort REITs,17.43,18.25,12.54,17.43,17.53,17.41,16.58,15.82,0.2,2.29,17.83,17.0
HWM,Howmet Aerospace,Industrials,Aerospace & Defense,193.58,193.58,97.18,190.64,188.37,182.47,181.7,149.92,0.2,1.02,195.55,169.38
HPQ,HP Inc.,Information Technology,"Technology Hardware, Storage & Peripherals",28.53,37.77,21.42,28.22,28.12,28.19,26.6,27.89,-0.1,2.91,29.36,27.01
HUBB,Hubbell Incorporated,Industrials,Industrial Machinery & Supplies & Components,435.23,466.13,313.96,437.7,439.28,438.01,432.65,397.83,0.0,3.03,448.42,427.62
HUM,Humana,Health Care,Managed Health Care,258.32,315.37,220.41,260.62,267.96,285.13,268.12,260.05,0.0,25.76,324.86,245.4
HBAN,Huntington Bancshares,Financials,Regional Banks,17.35,17.87,12.26,17.56,17.53,17.54,16.88,15.84,0.0,2.77,17.83,17.24
HII,Huntington Ingalls Industries,Industrials,Aerospace & Defense,276.01,277.49,156.78,274.89,274.34,272.53,266.81,220.53,-0.2,0.62,277.72,267.36
IBM,IBM,Information Technology,IT Consulting & Other Services,272.24,292.8,199.27,266.82,261.52,254.42,254.52,249.05,-0.2,0.26,272.95,235.87
IEX,IDEX Corporation,Industrials,Industrial Machinery & Supplies & Components,159.4,233.54,157.53,160.54,161.29,162.71,167.33,184.48,0.2,4.77,167.0,158.41
IDXX,Idexx Laboratories,Health Care,Health Care Equipment,648.38,682.78,361.04,649.0,645.89,645.04,616.72,497.37,-0.2,1.33,657.0,633.06
ITW,Illinois Tool Works,Industrials,Industrial Machinery & Supplies & Components,261.22,273.51,217.09,262.01,262.8,263.79,261.08,252.29,0.0,2.53,267.83,259.74
INCY,Incyte,Health Care,Biotechnology,84.54,86.96,55.17,85.32,84.92,85.17,80.47,70.47,0.2,3.52,87.52,82.82
IR,Ingersoll Rand,Industrials,Industrial Machinery & Supplies & Components,81.32,105.27,66.72,81.05,80.21,79.95,81.01,83.92,-0.2,1.55,82.58,77.32
PODD,Insulet Corporation,Health Care,Health Care Equipment,327.8,352.82,227.79,329.9,333.92,338.43,315.76,288.22,-0.2,7.87,353.6,323.26
INTC,Intel,Information Technology,Semiconductors,29.34,30.57,18.13,28.63,26.67,25.57,23.5,21.83,0.2,1.06,29.65,21.49
IBKR,Interactive Brokers,Financials,Investment Banking & Brokerage,65.49,67.54,32.96,64.4,63.63,63.09,63.38,52.13,-0.2,0.4,65.75,60.43
ICE,Intercontinental Exchange,Financials,Financial Exchanges & Data,168.09,187.92,141.62,170.27,171.54,173.33,178.74,169.03,-0.4,6.15,178.43,168.24
IFF,International Flavors & Fragrances,Materials,Specialty Chemicals,62.39,104.49,62.2,63.04,64.06,65.19,68.15,76.38,0.0,9.34,68.22,62.15
IP,International Paper,Materials,Paper & Plastic Packaging Products & Materials,46.37,58.45,43.05,46.6,46.38,47.41,48.52,49.94,0.0,7.44,49.82,45.0
IPG,Interpublic Group of Companies (The),Communication Services,Advertising,26.08,30.52,22.33,25.9,26.12,26.37,25.63,25.51,0.2,4.14,27.16,25.58
INTU,Intuit,Information Technology,Application Software,699.18,807.39,542.39,685.37,669.23,668.23,715.08,663.82,0.4,-0.37,696.59,639.88
ISRG,Intuitive Surgical,Health Care,Health Care Equipment,447.75,610.45,433.66,440.1,442.45,454.31,474.69,521.52,-0.2,8.08,483.93,424.68
IVZ,Invesco,Financials,Asset Management & Custody Banks,22.43,22.65,11.86,22.46,22.39,22.17,21.18,17.03,0.0,1.34,22.73,21.61
INVH,Invitation Homes,Real Estate,Single-Family Residential REITs,29.69,35.27,29.52,29.64,29.82,30.19,30.7,32.02,0.0,5.19,31.23,29.14
IQV,IQVIA,Health Care,Life Sciences Tools & Services,186.45,242.12,137.0,187.68,187.29,187.32,185.21,177.43,0.0,2.72,191.52,183.13
IRM,Iron Mountain,Real Estate,Other Specialized REITs,104.09,124.18,75.72,101.37,99.76,95.47,94.66,95.27,0.1,1.05,105.18,85.75
JBHT,J.B. Hunt,Industrials,Cargo Ground Transportation,131.98,195.43,123.94,132.95,135.52,139.85,143.06,150.9,0.0,13.44,149.72,129.97
JBL,Jabil,Information Technology,Electronic Manufacturing Services,234.45,234.45,112.64,225.79,220.24,213.76,217.11,173.79,-0.2,-1.4,231.17,196.35
JKHY,Jack Henry & Associates,Financials,Transaction & Payment Processing Services,150.02,189.99,150.02,153.54,156.58,159.22,164.78,172.46,-0.2,11.32,167.0,151.44
J,Jacobs Solutions,Industrials,Construction & Engineering,147.86,151.85,109.18,148.91,147.76,146.67,144.88,131.37,0.2,1.93,150.71,142.64
JNJ,Johnson & Johnson,Health Care,Pharmaceuticals,176.58,178.76,138.72,175.67,176.46,176.94,172.4,156.74,-0.2,1.66,179.51,174.36
JCI,Johnson Controls,Industrials,Building Products,108.29,111.73,70.88,108.43,108.01,107.57,106.97,92.1,0.0,1.31,109.71,105.43
JPM,JPMorgan Chase,Financials,Diversified Banks,312.74,314.78,200.72,312.99,309.6,304.23,297.21,264.12,0.2,1.43,317.21,291.26
K,Kellanova,Consumer Staples,Packaged Foods & Meats,77.03,81.71,77.0,77.65,78.48,78.86,79.17,80.06,-0.2,4.47,80.47,77.24
KVUE,Kenvue,Consumer Staples,Personal Care Products,17.24,24.0,16.97,17.8,18.17,19.11,20.61,21.58,-0.2,25.06,21.56,16.66
KDP,Keurig Dr Pepper,Consumer Staples,Soft Drinks & Non-alcoholic Beverages,26.5,36.99,25.95,26.8,27.0,27.91,31.48,32.46,0.2,13.4,30.05,25.76
KEY,KeyCorp,Financials,Regional Banks,18.74,19.23,12.92,18.88,18.93,19.01,18.38,16.69,0.0,3.36,19.37,18.65
KEYS,Keysight Technologies,Information Technology,Electronic Equipment & Instruments,177.9,185.11,127.02,176.8,174.09,170.13,166.37,161.54,0.2,0.97,179.63,160.64
KMB,Kimberly-Clark,Consumer Staples,Household Products,123.82,144.6,121.02,124.72,125.96,127.27,128.63,130.95,0.0,6.05,131.31,123.22
KIM,Kimco Realty,Real Estate,Retail REITs,21.9,24.65,18.27,21.95,22.13,22.21,21.64,21.22,0.2,3.7,22.71,21.71
KMI,Kinder Morgan,Energy,Oil & Gas Storage & Transportation,27.47,30.24,20.76,27.46,27.44,27.09,27.08,27.0,0.0,1.42,27.86,26.31
KKR,KKR & Co.,Financials,Asset Management & Custody Banks,147.25,166.38,92.52,147.37,145.35,141.81,143.35,133.75,-0.2,2.1,150.34,133.28
KLAC,KLA Corporation,Information Technology,Semiconductor Materials & Equipment,1071.2,1071.25,573.9,1044.76,1005.92,944.88,921.02,779.64,0.0,1.54,1087.7,802.08
KHC,Kraft Heinz,Consumer Staples,Packaged Foods & Meats,26.56,34.07,25.24,26.23,26.2,26.64,27.09,27.8,-0.2,4.89,27.86,25.42
KR,Kroger,Consumer Staples,Food Retail,65.35,73.97,54.1,65.68,66.51,67.27,69.62,66.33,-0.2,6.37,69.51,65.04
LHX,L3Harris,Industrials,Aerospace & Defense,286.19,286.19,191.79,283.81,282.07,277.97,273.3,233.27,0.2,0.47,287.54,268.41
LH,Labcorp,Health Care,Health Care Services,279.94,279.94,209.65,277.87,276.94,276.79,268.12,247.75,0.0,0.33,280.86,272.73
LRCX,Lam Research,Information Technology,Semiconductor Materials & Equipment,131.93,132.2,58.94,127.85,121.88,111.96,104.64,85.77,0.0,2.11,134.71,89.2
LW,Lamb Weston,Consumer Staples,Packaged Foods & Meats,54.32,80.72,47.73,55.49,56.07,56.46,55.03,55.99,-0.3,7.16,58.21,54.7
LVS,Las Vegas Sands,Consumer Discretionary,Casinos & Gaming,53.07,57.71,30.35,53.14,53.34,54.53,53.03,45.43,0.2,9.08,57.89,51.16
LDOS,Leidos,Industrials,Diversified Support Services,187.11,199.29,125.82,186.68,184.69,182.23,174.57,152.41,0.2,0.9,188.79,175.67
LEN,Lennar,Consumer Discretionary,Homebuilding,123.25,180.59,101.84,127.66,131.98,133.96,125.9,120.64,-0.2,17.03,144.24,123.68
LII,Lennox International,Industrials,Building Products,530.66,674.16,506.5,538.36,546.46,554.16,586.46,588.08,0.0,9.5,581.07,527.26
LLY,Lilly (Eli),Health Care,Pharmaceuticals,746.98,925.78,624.28,755.4,755.62,746.17,737.24,782.62,0.1,2.86,768.34,723.97
LIN,Linde plc,Materials,Industrial Gases,479.94,483.59,408.92,478.51,477.91,476.55,472.46,454.56,0.0,1.01,484.79,468.32
LYV,Live Nation Entertainment,Communication Services,Movies & Entertainment,164.13,174.06,103.64,165.41,168.85,167.37,159.61,142.88,-0.2,6.35,174.55,160.19
LKQ,LKQ Corporation,Consumer Discretionary,Distributors,30.39,43.02,28.96,30.73,31.4,31.8,31.94,37.04,0.0,9.44,33.26,30.33
LMT,Lockheed Martin,Industrials,Aerospace & Defense,486.67,597.79,407.77,477.35,474.02,464.36,445.78,457.26,0.1,-0.11,486.13,442.59
L,Loews Corporation,Financials,Multi-line Insurance,98.0,98.05,76.27,97.15,97.04,96.76,94.53,88.53,-0.2,0.07,98.07,95.44
LOW,Lowe's,Consumer Discretionary,Home Improvement Retail,259.81,278.66,209.46,264.18,267.43,265.15,248.19,238.01,0.2,6.27,276.1,254.2
LULU,Lululemon Athletica,Consumer Discretionary,"Apparel, Accessories & Luxury Goods",173.33,421.16,159.87,169.92,166.15,179.16,195.69,291.56,-0.2,23.93,214.81,143.53
LYB,LyondellBasell,Materials,Specialty Chemicals,50.37,89.15,47.21,51.94,53.0,54.18,55.1,61.84,-0.2,14.47,57.66,50.69
MTB,M&T Bank,Financials,Regional Banks,200.63,215.8,154.27,200.12,198.72,199.22,194.08,185.64,-0.2,0.89,202.42,196.02
MPC,Marathon Petroleum,Energy,Oil & Gas Refining & Marketing,190.87,190.87,117.23,186.66,184.05,181.68,173.19,154.3,0.2,-0.97,189.02,174.35
MKTX,MarketAxess,Financials,Financial Exchanges & Data,179.11,289.47,178.32,179.82,182.17,183.5,192.8,210.13,0.0,6.41,190.59,176.41
MAR,Marriott International,Consumer Discretionary,"Hotels, Resorts & Cruise Lines",261.84,302.22,210.04,264.09,265.04,266.06,266.63,264.66,0.0,3.54,271.11,261.0
MMC,Marsh McLennan,Financials,Insurance Brokers,197.46,243.22,196.15,196.97,198.49,201.79,204.63,218.16,-0.2,6.12,209.54,194.05
MLM,Martin Marietta Materials,Materials,Construction Materials,615.39,631.12,451.25,616.78,616.84,616.9,599.76,542.15,0.2,2.0,627.7,606.13
MAS,Masco,Industrials,Building Products,71.58,84.25,58.18,72.06,72.91,73.44,70.96,69.46,0.2,6.15,75.98,70.91
MA,Mastercard,Financials,Transaction & Payment Processing Services,569.97,598.96,478.51,584.66,584.12,587.24,577.23,553.54,-0.2,5.29,600.12,574.35
MTCH,Match Group,Communication Services,Interactive Media & Services,36.94,38.77,26.87,37.61,37.66,37.64,36.2,32.45,-0.2,5.06,38.81,36.47
MKC,McCormick & Company,Consumer Staples,Packaged Foods & Meats,64.3,83.73,64.3,65.49,66.79,68.43,69.79,74.43,-0.2,12.94,72.62,64.24
MCD,McDonald's,Consumer Discretionary,Restaurants,303.19,317.67,275.0,302.93,303.98,308.59,304.74,300.04,0.0,5.17,318.86,298.32
MCK,McKesson Corporation,Health Care,Health Care Distributors,741.31,741.31,476.95,703.8,705.28,697.25,695.45,664.57,0.2,-2.09,725.82,668.73
MDT,Medtronic,Health Care,Health Care Equipment,94.96,95.59,78.03,94.97,94.31,93.52,92.2,87.16,0.0,0.78,95.7,91.34
MRK,Merck & Co.,Health Care,Pharmaceuticals,79.96,112.99,72.03,80.91,81.62,82.57,81.92,84.86,0.1,6.65,85.28,79.86
META,Meta Platforms,Communication Services,Interactive Media & Services,755.4,789.47,483.96,770.67,765.29,756.52,747.79,661.52,0.2,3.68,783.2,729.83
MET,MetLife,Financials,Life & Health Insurance,80.32,86.38,67.4,79.64,79.78,80.17,78.16,78.93,-0.3,2.07,81.98,78.36
MTD,Mettler Toledo,Health Care,Life Sciences Tools & Services,1257.03,1499.7,970.15,1268.35,1267.31,1278.27,1264.8,1218.74,0.2,4.31,1311.21,1245.36
MGM,MGM Resorts,Consumer Discretionary,Casinos & Gaming,34.77,41.99,25.79,35.26,35.31,36.68,36.67,34.14,0.2,15.42,40.13,33.23
MCHP,Microchip Technology,Information Technology,Semiconductors,64.71,78.29,34.83,65.46,64.94,65.06,66.76,58.71,0.2,3.79,67.16,62.96
MU,Micron Technology,Information Technology,Semiconductors,166.41,168.89,64.66,164.53,158.7,141.09,125.68,103.73,0.0,7.67,179.17,102.99
MSFT,Microsoft,Information Technology,Systems Software,509.23,534.76,353.33,512.02,509.58,506.55,511.53,447.93,-0.2,1.77,518.24,494.85
MAA,Mid-America Apartment Communities,Real Estate,Multi-Family Residential REITs,141.12,167.59,138.38,140.66,141.11,142.66,143.96,151.38,0.0,3.88,146.6,138.73
MRNA,Moderna,Health Care,Biotechnology,25.79,66.83,23.51,25.61,25.0,24.77,27.47,31.03,0.0,1.51,26.18,23.36
MHK,Mohawk Industries,Consumer Discretionary,Home Furnishings,127.83,161.25,97.99,130.25,133.63,133.78,125.76,116.37,-0.2,10.1,140.74,126.81
MOH,Molina Healthcare,Health Care,Managed Health Care,182.56,353.24,152.31,179.12,179.66,178.3,173.38,270.28,-0.1,2.01,186.23,170.36
TAP,Molson Coors Beverage Company,Consumer Staples,Brewers,44.09,61.78,44.09,45.9,47.14,48.5,49.43,53.76,-0.2,17.99,52.02,44.97
MDLZ,Mondelez International,Consumer Staples,Packaged Foods & Meats,63.82,72.5,55.34,63.42,62.77,62.22,63.98,63.52,-0.2,0.08,63.87,60.58
MPWR,Monolithic Power Systems,Information Technology,Semiconductors,914.27,936.74,454.23,909.78,878.53,864.19,813.55,679.28,0.2,1.06,923.96,804.45
MNST,Monster Beverage,Consumer Staples,Soft Drinks & Non-alcoholic Beverages,64.48,66.52,46.16,64.75,64.56,63.62,62.29,57.89,-0.2,2.57,66.14,61.09
MCO,Moody's Corporation,Financials,Financial Exchanges & Data,476.78,524.53,395.22,487.98,499.38,502.19,506.84,481.94,-0.2,10.14,525.13,479.23
MS,Morgan Stanley,Financials,Investment Banking & Brokerage,160.76,160.76,98.35,159.61,157.75,153.67,147.15,130.67,0.0,1.1,162.53,144.82
MOS,Mosaic Company (The),Materials,Fertilizers & Agricultural Chemicals,33.97,37.55,22.47,33.95,33.84,33.32,33.76,30.04,-0.2,1.91,34.62,32.03
MSI,Motorola Solutions,Information Technology,Communications Equipment,470.72,499.65,392.79,474.16,478.05,474.97,454.73,439.13,0.2,3.91,489.13,460.83
MSCI,MSCI Inc.,Financials,Financial Exchanges & Data,568.94,630.0,503.37,566.27,570.69,567.32,561.71,567.91,-0.3,3.02,586.12,548.53
NDAQ,"Nasdaq, Inc.",Financials,Financial Exchanges & Data,88.44,96.67,66.01,89.98,91.93,93.07,93.42,82.86,-0.4,9.95,97.24,88.89
NTAP,NetApp,Information Technology,"Technology Hardware, Storage & Peripherals",123.44,129.06,75.73,124.7,124.36,120.45,111.98,106.2,0.0,5.48,130.2,110.68
NFLX,Netflix,Communication Services,Movies & Entertainment,1218.47,1339.13,687.65,1221.82,1215.15,1224.52,1212.0,1083.14,0.0,3.67,1263.19,1185.8
NEM,Newmont,Materials,Gold,84.67,84.67,36.49,81.42,80.28,77.38,69.96,53.32,0.2,-0.46,84.28,70.48
NWSA,News Corp (Class A),Communication Services,Publishing,30.58,30.81,23.89,30.54,29.98,29.65,29.48,28.21,0.0,0.88,30.85,28.45
NWS,News Corp (Class B),Communication Services,Publishing,33.76,35.06,26.86,33.71,33.03,33.23,33.57,32.13,0.0,2.73,34.68,31.79
NEE,NextEra Energy,Utilities,Multi-Utilities,72.32,82.85,63.11,71.37,71.22,71.49,72.34,70.15,0.0,1.96,73.74,69.24
NKE,"Nike, Inc.",Consumer Discretionary,"Apparel, Accessories & Luxury Goods",70.93,87.5,52.64,71.5,72.49,74.06,74.75,69.42,-0.2,10.46,78.35,69.78
NI,NiSource,Utilities,Multi-Utilities,41.57,43.33,32.78,40.59,40.57,40.99,41.54,38.98,-0.2,3.15,42.88,39.1
NDSN,Nordson Corporation,Industrials,Industrial Machinery & Supplies & Components,224.84,260.48,166.29,225.31,225.26,224.51,219.15,210.1,0.2,1.44,228.08,220.93
NSC,Norfolk Southern,Industrials,Rail Transportation,292.08,292.08,204.09,285.4,280.33,278.66,278.33,248.94,0.2,-1.08,288.93,268.38
NTRS,Northern Trust,Financials,Asset Management & Custody Banks,130.52,132.22,83.34,131.1,130.09,129.68,127.83,110.0,0.0,1.52,132.5,126.85
NOC,Northrop Grumman,Industrials,Aerospace & Defense,577.08,594.87,427.78,575.42,576.98,580.13,573.33,503.52,0.0,2.36,590.7,569.54
NCLH,Norwegian Cruise Line Holdings,Consumer Discretionary,"Hotels, Resorts & Cruise Lines",25.57,29.07,15.5,25.4,25.76,25.43,24.63,22.44,-0.2,3.99,26.59,24.28
NRG,NRG Energy,Utilities,Independent Power Producers & Energy Traders,167.43,173.91,83.06,166.31,164.58,156.1,155.16,125.31,0.2,3.85,173.88,138.32
NUE,Nucor,Materials,Steel,135.26,165.5,102.79,136.07,139.18,142.87,142.49,128.21,0.2,13.06,152.92,132.82
NVDA,Nvidia,Information Technology,Semiconductors,178.43,183.61,94.3,177.05,177.02,175.35,176.2,141.3,0.0,3.45,184.59,166.1
NVR,"NVR, Inc.",Consumer Discretionary,Homebuilding,7980.11,9924.4,6700.0,8063.17,8208.75,8223.55,7998.68,7657.05,0.2,7.52,8580.21,7866.85
NXPI,NXP Semiconductors,Information Technology,Semiconductors,225.62,250.84,152.09,224.76,222.03,226.06,223.05,209.35,0.0,5.58,238.21,213.91
ORLY,O’Reilly Automotive,Consumer Discretionary,Automotive Retail,103.73,107.82,73.94,103.87,105.15,104.83,101.58,91.7,-0.2,3.78,107.65,102.01
OXY,Occidental Petroleum,Energy,Oil & Gas Exploration & Production,46.42,54.77,35.72,46.57,46.41,46.35,44.86,44.95,-0.3,3.45,48.02,44.68
ODFL,Old Dominion,Industrials,Cargo Ground Transportation,139.34,230.37,138.93,140.66,143.62,147.03,151.45,167.26,0.0,11.78,155.75,138.3
OMC,Omnicom Group,Communication Services,Advertising,76.28,101.86,68.6,75.69,76.32,77.1,75.13,77.4,-0.1,4.13,79.43,74.77
ON,ON Semiconductor,Information Technology,Semiconductors,50.42,74.7,31.95,50.92,49.77,49.59,52.08,50.45,0.0,3.35,52.11,47.06
OKE,Oneok,Energy,Oil & Gas Storage & Transportation,72.6,112.93,71.36,72.44,72.71,73.38,75.78,86.33,0.0,4.86,76.13,70.63
ORCL,Oracle Corporation,Information Technology,Application Software,313.83,328.33,122.56,309.73,308.58,270.34,255.34,189.2,0.2,11.24,349.1,191.59
OTIS,Otis Worldwide,Industrials,Industrial Machinery & Supplies & Components,89.12,104.22,84.52,89.52,89.25,88.04,89.01,94.45,0.0,1.95,90.86,85.22
PCAR,Paccar,Industrials,Construction Machinery & Heavy Transportation Equipment,97.75,113.98,85.82,99.31,100.45,99.75,98.65,99.13,-0.1,5.9,103.52,95.98
PKG,Packaging Corporation of America,Materials,Paper & Plastic Packaging Products & Materials,213.71,242.86,173.82,212.75,212.85,213.46,204.74,202.85,0.0,2.02,218.03,208.89
PLTR,Palantir Technologies,Information Technology,Application Software,182.55,186.97,36.46,177.91,173.36,165.28,164.44,117.26,0.0,0.79,183.99,146.57
PANW,Palo Alto Networks,Information Technology,Systems Software,203.25,208.28,152.44,205.68,202.3,197.01,189.21,187.63,0.2,3.42,210.2,183.81
PSKY,Paramount Skydance Corporation,Communication Services,Movies & Entertainment,19.73,19.73,10.05,18.61,18.04,16.48,14.44,12.12,0.0,1.67,20.06,12.91
PH,Parker Hannifin,Industrials,Industrial Machinery & Supplies & Components,760.17,769.67,514.56,754.0,757.77,757.79,740.21,669.81,-0.2,1.45,771.19,744.39
PAYX,Paychex,Industrials,Human Resource & Employment Services,129.3,158.58,128.82,130.65,132.05,134.48,138.51,143.76,-0.2,8.69,140.54,128.43
PAYC,Paycom,Industrials,Human Resource & Employment Services,219.66,265.28,158.91,217.53,218.9,221.63,225.27,223.93,-0.2,4.65,229.87,213.38
PYPL,PayPal,Financials,Transaction & Payment Processing Services,67.31,91.81,57.41,68.07,67.41,68.29,69.95,73.86,0.2,5.13,70.76,65.83
PNR,Pentair,Industrials,Industrial Machinery & Supplies & Components,110.09,112.59,75.76,110.29,110.59,109.74,106.55,98.57,0.2,2.38,112.71,106.76
PEP,PepsiCo,Consumer Staples,Soft Drinks & Non-alcoholic Beverages,141.9,169.55,125.83,141.33,141.77,143.75,143.32,140.68,0.4,4.93,148.9,138.61
PFE,Pfizer,Health Care,Pharmaceuticals,24.13,28.21,20.83,24.08,24.16,24.47,24.53,24.19,0.0,4.68,25.26,23.68
PCG,PG&E Corporation,Utilities,Multi-Utilities,14.73,21.53,13.0,14.86,15.1,15.1,14.72,16.18,0.1,6.25,15.65,14.55
PM,Philip Morris International,Consumer Staples,Tobacco,163.77,183.57,115.19,163.35,164.07,164.26,166.8,156.09,0.0,2.9,168.52,160.0
PSX,Phillips 66,Energy,Oil & Gas Refining & Marketing,132.28,133.86,91.09,131.21,131.5,131.7,126.43,118.61,0.0,1.47,134.22,129.16
PNW,Pinnacle West Capital,Utilities,Multi-Utilities,87.09,93.78,79.36,86.37,86.94,87.97,89.95,88.73,-0.2,4.12,90.68,85.26
PNC,PNC Financial Services,Financials,Diversified Banks,203.92,209.23,146.94,204.52,203.26,204.08,197.56,183.95,0.0,1.99,207.98,200.17
POOL,Pool Corporation,Consumer Discretionary,Distributors,312.94,385.63,283.92,318.39,321.99,319.8,315.1,320.0,0.1,7.39,336.07,303.54
PPG,PPG Industries,Materials,Specialty Chemicals,106.24,131.36,90.49,108.45,109.14,109.89,110.39,111.52,-0.2,6.27,112.9,106.89
PPL,PPL Corporation,Utilities,Electric Utilities,36.31,36.96,30.49,35.78,35.83,35.91,35.98,34.13,-0.2,0.61,36.53,35.29
PFG,Principal Financial Group,Financials,Life & Health Insurance,82.4,87.94,68.21,81.79,81.68,80.77,78.98,78.36,0.0,0.96,83.19,78.36
PG,Procter & Gamble,Consumer Staples,Personal Care Products,152.5,176.3,150.47,155.85,156.8,157.37,156.0,161.7,-0.1,5.8,161.34,153.4
PGR,Progressive Corporation,Financials,Property & Casualty Insurance,238.61,291.0,234.89,241.54,244.18,245.02,245.58,258.95,-0.4,4.84,250.16,239.86
PLD,Prologis,Real Estate,Industrial REITs,114.44,122.49,88.13,114.19,113.64,112.55,109.09,107.86,0.2,1.12,115.72,109.37
PRU,Prudential Financial,Financials,Life & Health Insurance,103.13,124.75,92.74,103.29,104.36,106.08,104.45,106.51,0.1,7.44,110.8,101.37
PEG,Public Service Enterprise Group,Utilities,Electric Utilities,82.21,91.66,75.92,81.43,81.78,81.47,83.83,81.76,0.0,1.29,83.27,79.67
PTC,PTC Inc.,Information Technology,Application Software,204.03,216.53,136.74,205.22,205.18,208.91,207.35,180.08,0.2,6.7,217.7,200.12
PSA,Public Storage,Real Estate,Self-Storage REITs,282.3,350.81,260.94,281.78,284.72,286.92,283.76,289.97,0.1,4.44,294.83,279.0
PHM,PulteGroup,Consumer Discretionary,Homebuilding,130.05,147.88,91.67,131.88,133.84,134.18,125.6,110.79,0.2,8.26,140.79,127.56
PWR,Quanta Services,Industrials,Construction & Engineering,389.53,421.68,236.56,388.16,386.7,382.16,388.31,331.55,-0.2,1.64,395.92,368.4
QCOM,Qualcomm,Information Technology,Semiconductors,169.53,174.12,123.21,167.9,164.71,161.84,156.89,154.37,0.0,0.09,169.68,153.99
DGX,Quest Diagnostics,Health Care,Health Care Services,186.97,186.97,144.81,184.17,182.81,181.81,177.12,168.93,0.4,-0.53,185.98,177.64
RL,Ralph Lauren Corporation,Consumer Discretionary,"Apparel, Accessories & Luxury Goods",310.65,320.75,181.73,310.17,312.54,309.18,299.26,259.47,0.0,4.37,324.23,294.13
RJF,Raymond James Financial,Financials,Investment Banking & Brokerage,175.81,175.81,120.78,173.84,171.46,169.57,166.25,154.1,0.2,-0.04,175.74,163.41
RTX,RTX Corporation,Industrials,Aerospace & Defense,160.54,160.66,112.45,158.94,158.02,157.86,155.77,135.01,0.0,0.97,162.1,153.62
O,Realty Income,Real Estate,Retail REITs,59.55,61.45,49.6,59.32,59.68,59.06,57.93,55.26,0.0,1.95,60.71,57.4
REG,Regency Centers,Real Estate,Retail REITs,71.48,75.5,64.21,70.51,70.89,71.42,70.95,70.7,0.0,2.2,73.05,69.78
REGN,Regeneron Pharmaceuticals,Health Care,Biotechnology,567.89,1140.14,482.34,587.95,577.15,575.18,567.61,614.48,0.1,5.78,600.71,549.68
RF,Regions Financial Corporation,Financials,Regional Banks,26.73,27.4,17.95,26.96,26.95,26.99,25.99,23.1,0.2,2.58,27.42,26.55
RSG,Republic Services,Industrials,Environmental & Facilities Services,227.53,257.46,196.49,226.74,227.64,229.95,234.08,232.3,-0.2,3.79,236.15,223.75
RMD,ResMed,Health Care,Health Care Equipment,275.61,293.73,203.67,273.64,272.72,274.7,276.16,246.36,-0.4,2.59,282.75,266.63
RVTY,Revvity,Health Care,Health Care Equipment,85.71,127.41,82.5,86.37,85.22,86.31,89.68,101.49,0.0,5.97,90.83,81.79
ROK,Rockwell Automation,Industrials,Electrical Components & Equipment,342.73,357.15,217.21,345.83,345.27,344.79,345.51,299.63,-0.2,3.15,353.53,336.06
ROL,"Rollins, Inc.",Industrials,Environmental & Facilities Services,55.4,58.48,45.24,55.67,56.2,56.43,56.89,53.51,0.0,4.48,57.88,54.99
ROP,Roper Technologies,Information Technology,Electronic Equipment & Instruments,503.99,592.1,501.26,507.38,508.77,516.28,531.81,551.82,-0.2,5.81,533.27,499.26
ROST,Ross Stores,Consumer Discretionary,Apparel Retail,145.68,154.88,122.22,145.86,147.1,148.43,143.78,140.63,-0.2,4.83,152.72,144.14
RCL,Royal Caribbean Group,Consumer Discretionary,"Hotels, Resorts & Cruise Lines",330.59,365.84,171.67,327.46,331.7,343.83,335.28,265.6,0.0,12.53,372.01,315.64
SPGI,S&P Global,Financials,Financial Exchanges & Data,496.76,563.17,436.73,512.28,528.17,536.53,540.87,513.48,-0.2,14.73,569.93,503.14
CRM,Salesforce,Information Technology,Application Software,244.56,365.66,231.26,245.57,243.92,247.39,250.0,282.91,0.2,5.26,257.42,237.36
SBAC,SBA Communications,Real Estate,Telecom Tower REITs,198.82,244.52,189.91,198.82,198.43,199.96,214.93,216.25,-0.2,6.59,211.92,188.0
SLB,Schlumberger,Energy,Oil & Gas Equipment & Services,34.49,44.26,31.43,34.47,35.01,35.38,34.37,36.52,-0.1,6.55,36.75,34.01
STX,Seagate Technology,Information Technology,"Technology Hardware, Storage & Peripherals",228.13,229.33,66.19,221.74,211.68,194.44,169.51,117.61,0.0,3.18,235.38,153.49
SRE,Sempra,Utilities,Multi-Utilities,86.05,92.47,63.23,83.35,83.23,82.42,81.35,77.73,0.4,-1.13,85.08,79.76
NOW,ServiceNow,Information Technology,Systems Software,927.67,1170.39,721.65,946.94,940.5,925.99,922.3,962.21,0.1,4.67,970.99,881.0
SHW,Sherwin-Williams,Materials,Specialty Chemicals,344.45,397.11,312.15,347.49,353.39,359.93,353.72,349.82,0.2,9.59,377.48,342.36
SPG,Simon Property Group,Real Estate,Retail REITs,184.13,184.13,136.92,181.53,181.85,179.94,171.39,164.85,0.0,0.48,185.01,174.87
SWKS,Skyworks Solutions,Information Technology,Semiconductors,81.26,96.35,48.25,78.94,76.45,75.68,73.19,72.6,0.4,-0.62,80.76,70.6
SJM,J.M. Smucker Company (The),Consumer Staples,Packaged Foods & Meats,108.01,116.99,93.48,107.35,107.22,108.72,108.9,107.45,-0.2,5.82,114.3,103.14
SW,Smurfit Westrock,Materials,Paper & Plastic Packaging Products & Materials,43.81,55.13,37.46,43.86,44.32,45.41,45.0,46.25,0.1,9.34,47.9,42.91
SNA,Snap-on,Industrials,Industrial Machinery & Supplies & Components,340.15,364.18,276.06,337.15,334.92,330.7,326.37,326.27,0.0,0.61,342.22,319.19
SOLV,Solventum,Health Care,Health Care Technology,73.39,84.04,63.01,73.86,73.51,73.12,72.97,72.44,0.2,2.1,74.93,71.31
SO,Southern Company,Utilities,Electric Utilities,93.72,95.24,78.98,92.19,92.05,92.04,93.14,88.07,0.2,-0.32,93.42,90.67
LUV,Southwest Airlines,Industrials,Passenger Airlines,33.34,37.49,23.77,32.51,32.0,32.07,32.17,31.33,-0.2,0.36,33.46,30.68
SWK,Stanley Black & Decker,Industrials,Industrial Machinery & Supplies & Components,75.27,105.48,54.53,76.9,77.49,76.25,72.99,73.13,0.1,7.16,80.66,71.84
SBUX,Starbucks,Consumer Discretionary,Restaurants,85.69,114.25,78.61,84.44,83.64,85.22,88.84,92.31,0.0,4.55,89.59,80.84
STT,State Street Corporation,Financials,Asset Management & Custody Banks,112.95,115.82,74.79,112.94,112.34,113.07,111.64,98.66,-0.2,2.57,115.85,110.29
STLD,Steel Dynamics,Materials,Steel,136.69,152.49,108.79,138.34,136.03,133.81,130.0,127.34,0.2,3.0,140.79,126.83
STE,Steris,Health Care,Health Care Equipment,249.23,252.43,200.94,249.4,248.89,247.12,239.28,227.6,0.0,1.53,253.04,241.2
SYK,Stryker Corporation,Health Care,Health Care Equipment,373.52,403.53,336.65,376.66,379.21,385.58,386.89,378.88,0.0,7.07,399.93,371.24
SMCI,Supermicro,Information Technology,"Technology Hardware, Storage & Peripherals",46.99,60.71,18.01,46.1,45.37,43.66,47.67,40.85,0.0,2.4,48.12,39.2
SYF,Synchrony Financial,Financials,Consumer Finance,74.74,76.86,43.38,75.65,75.52,75.7,72.7,63.12,0.0,3.1,77.06,74.34
SNPS,Synopsys,Information Technology,Application Software,490.32,645.35,380.9,481.22,450.26,525.76,577.06,507.14,-0.2,40.11,686.99,364.55
SYY,Sysco,Consumer Staples,Food Distributors,82.22,82.51,67.53,82.07,81.43,81.16,80.3,74.89,0.2,1.01,83.05,79.27
TMUS,T-Mobile US,Communication Services,Wireless Telecommunication Services,239.49,270.87,196.64,238.68,239.42,244.79,243.26,241.27,0.0,7.35,257.09,232.49
TROW,T. Rowe Price,Financials,Asset Management & Custody Banks,104.66,118.63,78.24,105.32,104.86,105.77,104.99,99.87,0.0,4.05,108.9,102.64
TTWO,Take-Two Interactive,Communication Services,Interactive Home Entertainment,251.28,251.64,147.66,250.81,248.58,243.68,234.65,216.89,0.2,2.27,256.98,230.37
TPR,"Tapestry, Inc.",Consumer Discretionary,"Apparel, Accessories & Luxury Goods",116.14,116.14,41.81,113.48,110.57,106.82,105.73,82.36,0.0,0.03,116.17,97.46
TRGP,Targa Resources,Energy,Oil & Gas Storage & Transportation,170.14,213.93,143.44,167.29,165.77,165.08,164.85,176.48,-0.1,0.03,170.19,159.98
TGT,Target Corporation,Consumer Staples,Consumer Staples Merchandise Retail,87.05,154.72,86.56,88.02,89.06,91.53,98.07,107.21,-0.2,12.38,97.83,85.23
TEL,TE Connectivity,Information Technology,Electronic Manufacturing Services,219.66,219.66,121.04,217.11,214.18,210.76,203.18,163.19,0.2,-0.17,219.29,202.24
TDY,Teledyne Technologies,Information Technology,Electronic Equipment & Instruments,567.91,567.92,432.13,562.95,559.36,551.48,549.62,503.58,0.0,0.56,571.09,531.88
TER,Teradyne,Information Technology,Semiconductor Materials & Equipment,134.68,139.5,67.79,124.57,119.65,119.06,109.38,101.47,0.2,-3.03,130.6,107.52
TSLA,"Tesla, Inc.",Consumer Discretionary,Automobile Manufacturers,425.85,479.86,213.65,425.77,407.3,375.02,344.87,333.52,0.0,5.84,450.72,299.32
TXN,Texas Instruments,Information Technology,Semiconductors,182.04,219.66,143.34,180.59,180.97,188.47,192.56,185.15,-0.2,14.1,207.71,169.24
TPL,Texas Pacific Land Corporation,Energy,Oil & Gas Exploration & Production,931.28,1720.9,853.36,901.92,918.26,916.7,925.05,1171.43,0.0,2.62,955.68,877.71
TXT,Textron,Industrials,Aerospace & Defense,83.01,90.23,60.69,83.35,82.69,81.79,80.94,76.37,0.2,1.69,84.41,79.17
TMO,Thermo Fisher Scientific,Health Care,Life Sciences Tools & Services,469.75,617.15,389.91,475.61,477.94,482.91,471.97,478.44,-0.1,5.65,496.29,469.52
TJX,TJX Companies,Consumer Discretionary,Apparel Retail,139.72,141.17,110.73,139.78,139.98,139.33,133.14,125.82,0.2,1.67,142.05,136.6
TKO,TKO Group Holdings,Communication Services,Movies & Entertainment,202.29,204.49,113.99,201.45,200.96,195.29,181.98,161.76,0.0,3.34,209.05,181.55
TTD,Trade Desk (The),Communication Services,Advertising,46.86,139.51,43.93,45.36,45.37,49.25,62.99,78.33,-0.2,22.22,57.27,41.23
TSCO,Tractor Supply,Consumer Discretionary,Other Specialty Retail,58.56,62.65,47.62,59.07,59.3,60.17,59.45,54.56,0.2,7.1,62.72,57.63
TT,Trane Technologies,Industrials,Building Products,405.16,471.46,313.81,404.16,405.62,410.53,426.78,392.54,0.0,5.14,425.99,395.07
TDG,TransDigm Group,Industrials,Aerospace & Defense,1299.37,1516.55,1152.5,1287.84,1286.11,1292.37,1359.11,1299.17,-0.2,1.63,1320.55,1264.25
TRV,Travelers Companies (The),Financials,Property & Casualty Insurance,276.26,279.43,222.29,276.46,276.12,274.39,267.72,256.63,-0.2,1.53,280.49,268.28
TRMB,Trimble Inc.,Information Technology,Electronic Equipment & Instruments,82.04,85.24,55.12,81.65,81.41,80.98,82.09,73.4,-0.2,1.67,83.41,78.56
TFC,Truist Financial,Financials,Diversified Banks,45.7,47.07,33.92,45.71,45.35,45.9,44.79,42.19,-0.2,3.59,47.34,44.46
TYL,Tyler Technologies,Information Technology,Application Software,528.39,646.74,521.68,533.06,538.43,547.82,562.13,577.89,-0.2,7.99,570.61,525.04
TSN,Tyson Foods,Consumer Staples,Packaged Foods & Meats,53.85,62.84,51.83,53.85,54.42,55.36,54.89,56.53,-0.1,7.02,57.63,53.09
USB,U.S. Bancorp,Financials,Diversified Banks,49.35,51.9,36.0,49.81,49.44,49.11,47.11,44.92,0.2,1.68,50.18,48.05
UBER,Uber,Industrials,Passenger Ground Transportation,97.8,99.39,59.93,96.67,96.48,95.25,92.79,80.54,0.0,2.11,99.86,90.63
UDR,"UDR, Inc.",Real Estate,Multi-Family Residential REITs,37.51,45.08,37.29,37.41,37.76,38.32,38.9,40.85,0.0,5.92,39.73,36.9
ULTA,Ulta Beauty,Consumer Discretionary,Other Specialty Retail,524.6,534.81,314.47,525.57,523.11,522.8,515.45,433.22,-0.4,3.27,541.75,503.81
UNP,Union Pacific Corporation,Industrials,Rail Transportation,227.98,249.94,205.73,222.39,219.04,219.81,221.71,226.71,0.0,-0.44,226.98,212.66
UAL,United Airlines Holdings,Industrials,Passenger Airlines,104.13,110.52,52.17,105.1,105.77,105.65,98.15,88.76,0.2,4.12,108.42,102.88
UPS,United Parcel Service,Industrials,Air Freight & Logistics,84.41,130.93,82.93,84.39,84.4,85.14,88.27,102.14,0.0,3.84,87.65,82.63
URI,United Rentals,Industrials,Trading Companies & Distributors,955.22,975.23,549.5,942.79,946.29,951.35,902.13,745.41,0.0,1.86,972.99,929.67
UNH,UnitedHealth Group,Health Care,Managed Health Care,347.69,611.98,236.28,340.42,343.61,327.18,295.7,404.38,-0.1,5.14,365.56,288.81
UHS,Universal Health Services,Health Care,Health Care Facilities,194.72,240.49,154.78,190.6,189.74,186.72,177.01,180.45,0.1,0.22,195.15,178.3
VLO,Valero Energy,Energy,Oil & Gas Refining & Marketing,170.39,170.39,102.97,165.39,162.0,158.09,146.89,132.13,0.2,-0.59,169.38,146.81
VTR,Ventas,Real Estate,Health Care REITs,68.54,69.85,56.07,67.62,68.45,68.14,67.69,64.31,-0.2,1.75,69.74,66.55
VLTO,Veralto,Industrials,Environmental & Facilities Services,105.39,113.22,85.23,106.38,107.04,106.61,106.04,100.75,0.0,3.26,108.83,104.38
VRSN,Verisign,Information Technology,Internet Services & Infrastructure,286.64,305.1,175.69,285.06,285.91,281.0,277.49,252.29,0.2,2.38,293.46,268.52
VRSK,Verisk Analytics,Industrials,Research & Consulting Services,242.3,320.32,242.3,244.99,252.17,260.15,271.41,287.91,0.0,15.61,280.12,240.17
VZ,Verizon,Communication Services,Integrated Telecommunication Services,43.35,45.06,36.62,43.57,43.71,43.82,43.37,41.72,0.2,2.68,44.51,43.14
VRTX,Vertex Pharmaceuticals,Health Care,Biotechnology,379.72,516.74,366.54,384.05,388.52,391.35,412.43,448.43,-0.2,5.95,402.31,380.36
VTRS,Viatris,Health Care,Pharmaceuticals,9.6,12.87,7.08,9.75,9.83,10.15,9.77,9.62,0.0,13.23,10.87,9.43
VICI,Vici Properties,Real Estate,Hotel & Resort REITs,31.93,33.46,27.08,31.89,32.24,32.62,32.57,30.85,0.2,5.32,33.63,31.62
V,Visa Inc.,Financials,Transaction & Payment Processing Services,338.7,372.65,267.75,341.81,340.92,344.69,345.08,340.82,0.0,4.67,354.52,334.87
VST,Vistra Corp.,Utilities,Electric Utilities,204.24,217.92,97.84,210.29,209.62,200.16,198.67,162.42,0.2,7.97,220.52,179.81
VMC,Vulcan Materials Company,Materials,Construction Materials,297.59,301.65,219.65,297.02,296.21,294.29,285.1,264.25,0.0,1.21,301.19,287.41
WRB,W. R. Berkley Corporation,Financials,Property & Casualty Insurance,74.14,74.48,55.27,73.38,73.04,72.45,70.82,66.72,0.0,0.13,74.24,70.66
GWW,W. W. Grainger,Industrials,Industrial Machinery & Supplies & Components,975.78,1212.97,915.74,989.14,996.48,1003.58,1000.76,1032.49,-0.1,5.65,1030.91,976.23
WAB,Wabtec,Industrials,Construction Machinery & Heavy Transportation Equipment,194.51,214.1,159.81,191.44,190.38,191.75,194.56,193.7,0.0,1.73,197.88,185.62
WMT,Walmart,Consumer Staples,Consumer Staples Merchandise Retail,102.52,104.27,78.3,103.11,102.92,100.89,99.57,95.42,0.4,3.77,106.39,95.38
DIS,Walt Disney Company (The),Communication Services,Movies & Entertainment,112.25,124.01,81.37,113.91,114.92,116.48,117.42,109.73,-0.4,7.18,120.31,112.64
WBD,Warner Bros. Discovery,Communication Services,Broadcasting,19.56,19.61,7.33,19.04,18.05,15.01,13.44,10.94,0.0,11.3,21.77,8.24
WM,Waste Management,Industrials,Environmental & Facilities Services,218.23,240.36,198.36,216.64,216.79,219.75,224.91,223.42,-0.2,4.09,227.16,212.35
WAT,Waters Corporation,Health Care,Life Sciences Tools & Services,299.22,417.28,277.72,302.53,300.56,299.91,294.75,347.78,0.1,3.37,309.3,290.54
WEC,WEC Energy Group,Utilities,Electric Utilities,111.76,111.76,89.8,110.09,109.98,108.53,108.21,103.15,0.0,0.02,111.78,105.28
WFC,Wells Fargo,Financials,Diversified Banks,84.37,85.16,52.44,84.03,82.6,81.86,80.36,74.84,0.0,0.81,85.05,78.67
WELL,Welltower,Real Estate,Health Care REITs,172.55,172.55,120.86,167.52,167.74,167.78,165.08,148.39,0.2,-0.88,171.03,164.53
WST,West Pharmaceutical Services,Health Care,Health Care Supplies,250.8,347.02,190.04,253.9,255.78,251.84,244.78,250.97,0.1,4.49,262.06,241.62
WDC,Western Digital,Information Technology,"Technology Hardware, Storage & Peripherals",110.25,112.41,30.45,107.08,102.97,94.51,81.58,56.89,0.0,4.11,114.78,74.24
WY,Weyerhaeuser,Real Estate,Timber REITs,24.38,32.88,24.1,24.35,24.74,25.17,25.41,26.99,0.0,8.45,26.44,23.9
WSM,"Williams-Sonoma, Inc.",Consumer Discretionary,Homefurnishing Retail,200.38,215.83,127.65,198.3,199.18,197.67,193.8,179.72,0.0,3.48,207.35,187.98
WMB,Williams Companies,Energy,Oil & Gas Storage & Transportation,61.39,62.34,43.23,60.21,59.33,58.16,57.84,56.89,0.0,-0.67,60.98,55.35
WTW,Willis Towers Watson,Financials,Insurance Brokers,340.85,340.85,285.03,336.09,335.43,332.27,325.04,317.82,0.0,0.16,341.4,323.14
WDAY,"Workday, Inc.",Information Technology,Application Software,240.32,279.91,210.47,237.0,230.33,230.11,229.21,245.6,-0.1,0.42,241.33,218.9
WYNN,Wynn Resorts,Consumer Discretionary,Casinos & Gaming,127.51,129.52,65.78,127.01,124.68,124.07,115.3,93.92,0.0,1.64,129.6,118.55
XEL,Xcel Energy,Utilities,Multi-Utilities,73.04,73.68,60.16,72.34,72.37,72.07,71.93,68.45,0.2,-0.03,73.02,71.13
XYL,Xylem Inc.,Industrials,Industrial Machinery & Supplies & Components,143.11,144.22,102.25,142.54,141.62,141.46,139.28,126.37,0.2,1.33,145.01,137.89
YUM,Yum! Brands,Consumer Discretionary,Restaurants,149.44,160.96,121.48,147.58,147.94,146.67,145.78,143.47,0.0,0.68,150.46,142.9
ZBRA,Zebra Technologies,Information Technology,Electronic Equipment & Instruments,314.05,421.11,213.54,317.64,316.24,315.36,320.77,319.18,0.2,3.63,325.45,305.27
ZBH,Zimmer Biomet,Health Care,Health Care Equipment,100.29,112.89,89.98,100.45,101.2,103.33,100.11,101.23,-0.1,8.02,108.33,98.33
ZTS,Zoetis,Health Care,Pharmaceuticals,142.61,193.03,142.61,145.43,146.91,150.19,150.73,159.3,0.0,10.71,157.88,142.5
