Symbol,Company,GICS_Sector,GICS_Sub_Industry,Current_Price,High_52_Week,Low_52_Week,SMA5,SMA10,SMA20,SMA50,SMA200,Score,Target_Pcnt,Target_Price,Stop_Loss
AOS,A. O. Smith,Industrials,Building Products,71.62,88.84,59.04,72.51,72.33,71.72,69.54,67.78,0.2,3.04,73.8,69.64
ABBV,AbbVie,Health Care,Biotechnology,207.92,212.84,160.57,208.5,208.06,203.41,193.95,186.19,0.2,2.71,213.55,193.27
AMD,Advanced Micro Devices,Information Technology,Semiconductors,168.58,184.42,78.21,166.69,168.26,171.31,158.43,125.26,0.2,8.59,183.06,159.56
AFL,Aflac,Financials,Life & Health Insurance,106.1,112.86,97.56,107.5,106.99,104.34,102.96,104.28,0.3,4.67,111.05,97.62
ALB,Albemarle Corporation,Materials,Specialty Chemicals,84.92,109.53,50.43,83.35,81.97,77.95,73.0,76.14,0.1,6.02,90.03,65.87
ARE,Alexandria Real Estate Equities,Real Estate,Office REITs,81.83,117.87,66.61,81.15,79.22,77.06,76.85,85.44,0.1,1.16,82.78,71.33
LNT,Alliant Energy,Utilities,Electric Utilities,65.02,66.97,54.87,65.94,65.72,65.64,63.49,60.92,0.2,2.95,66.94,64.34
ALL,Allstate,Financials,Property & Casualty Insurance,203.76,213.62,178.69,203.67,206.28,206.13,199.67,196.88,0.2,4.17,212.26,200.02
AEP,American Electric Power,Utilities,Electric Utilities,111.78,114.06,87.97,112.87,112.64,112.66,108.01,101.21,0.2,2.14,114.17,111.15
AMT,American Tower,Real Estate,Telecom Tower REITs,202.56,235.15,170.7,207.26,207.14,207.51,215.9,204.18,0.2,5.65,214.0,201.03
AME,Ametek,Industrials,Electrical Components & Equipment,186.73,196.4,151.15,186.52,184.85,184.46,181.7,179.97,0.2,0.71,188.06,180.87
ACGL,Arch Capital Group,Financials,Property & Casualty Insurance,91.2,109.22,84.99,91.82,91.84,90.5,89.56,92.23,0.1,2.96,93.9,87.11
AIZ,Assurant,Financials,Multi-line Insurance,218.69,226.12,179.02,215.78,214.45,208.27,197.71,203.49,0.1,3.9,227.22,189.32
AZO,AutoZone,Consumer Discretionary,Automotive Retail,4197.09,4205.41,2981.19,4166.62,4129.46,4068.35,3857.26,3575.36,0.2,1.0,4239.06,3897.84
BKR,Baker Hughes,Energy,Oil & Gas Equipment & Services,45.56,48.05,32.21,44.8,43.89,43.53,41.66,41.21,0.4,-0.86,45.17,41.88
BDX,Becton Dickinson,Health Care,Health Care Equipment,191.25,246.46,164.16,195.01,195.98,191.2,182.41,204.33,0.1,8.36,207.24,175.16
BBY,Best Buy,Consumer Discretionary,Computer & Electronics Retail,72.66,99.54,55.4,74.3,73.37,70.91,69.6,74.98,0.3,6.28,77.22,64.6
TECH,Bio-Techne,Health Care,Life Sciences Tools & Services,54.33,79.93,46.59,56.23,55.12,53.83,53.43,60.3,0.1,7.16,58.22,49.44
BLK,BlackRock,Financials,Asset Management & Custody Banks,1130.48,1160.16,811.42,1137.44,1134.0,1131.18,1096.63,1001.68,0.2,3.05,1164.96,1097.36
XYZ,"Block, Inc.",Financials,Transaction & Payment Processing Services,80.78,98.92,46.53,79.43,77.23,76.23,73.0,72.34,0.4,-0.25,80.58,71.88
BK,BNY Mellon,Financials,Asset Management & Custody Banks,106.1,106.1,64.89,104.28,102.82,102.49,97.84,85.87,0.2,-0.54,105.53,99.45
BA,Boeing,Industrials,Aerospace & Defense,236.16,236.41,136.59,232.72,230.63,229.1,223.55,187.02,0.2,0.91,238.31,219.91
BR,Broadridge Financial Solutions,Industrials,Data Processing & Outsourced Services,257.07,266.89,204.4,258.28,259.76,260.11,248.89,237.2,0.2,5.41,270.98,249.24
BG,Bunge Global,Consumer Staples,Agricultural Products & Services,84.63,97.93,67.23,85.9,83.61,82.34,79.5,77.46,0.2,3.24,87.37,77.3
BXP,"BXP, Inc.",Real Estate,Office REITs,71.67,86.01,56.05,70.25,68.16,66.47,68.07,68.74,0.2,-0.32,71.44,61.51
CZR,Caesars Entertainment,Consumer Discretionary,Casinos & Gaming,27.25,45.55,23.18,26.77,26.04,25.48,27.77,30.61,0.2,0.22,27.31,23.65
COF,Capital One,Financials,Consumer Finance,227.14,227.14,134.82,223.79,219.19,215.39,214.19,192.02,0.2,0.18,227.55,203.24
KMX,CarMax,Consumer Discretionary,Automotive Retail,62.17,89.19,54.66,60.77,59.51,57.88,62.03,72.56,0.2,-0.02,62.16,53.6
CCL,Carnival,Consumer Discretionary,"Hotels, Resorts & Cruise Lines",32.49,32.49,15.67,31.85,30.71,30.05,29.07,24.59,0.4,-0.25,32.41,27.68
CAT,Caterpillar Inc.,Industrials,Construction Machinery & Heavy Transportation Equipment,434.91,438.02,271.63,433.36,424.18,422.61,410.12,364.89,0.2,1.5,441.43,403.8
CVX,Chevron Corporation,Energy,Integrated Oil & Gas,159.32,164.65,130.67,158.46,156.15,154.0,150.68,147.37,0.2,0.41,159.97,148.02
CHD,Church & Dwight,Consumer Staples,Household Products,92.09,112.48,90.63,93.05,93.45,92.72,94.97,101.45,0.2,3.44,95.26,90.19
CFG,Citizens Financial Group,Financials,Regional Banks,52.16,52.16,33.59,51.37,49.93,48.73,47.33,43.28,0.2,-0.06,52.13,45.34
CME,CME Group,Financials,Financial Exchanges & Data,266.77,289.38,203.24,269.88,271.32,276.02,275.77,256.1,0.2,7.84,287.68,264.36
CTSH,Cognizant,Information Technology,IT Consulting & Other Services,71.72,89.65,65.92,72.05,71.25,70.42,74.13,77.42,0.2,1.49,72.79,68.05
CL,Colgate-Palmolive,Consumer Staples,Household Products,83.42,106.38,83.06,84.4,84.95,84.69,86.96,89.39,0.2,3.85,86.63,82.76
CAG,Conagra Brands,Consumer Staples,Packaged Foods & Meats,18.79,30.97,18.26,19.11,19.15,19.14,19.42,23.33,0.2,5.0,19.73,18.54
COP,ConocoPhillips,Energy,Oil & Gas Exploration & Production,98.45,111.14,81.29,97.67,96.03,94.54,93.41,94.94,0.1,0.26,98.71,90.36
COST,Costco,Consumer Staples,Consumer Staples Merchandise Retail,944.96,1073.97,869.13,947.19,963.24,967.26,966.15,973.07,0.1,5.96,1001.28,933.28
CRWD,CrowdStrike,Information Technology,Systems Software,442.0,514.1,246.39,424.32,422.77,429.57,461.96,408.47,0.2,2.46,452.87,406.25
DDOG,Datadog,Information Technology,Application Software,140.96,168.65,87.0,131.72,130.15,131.22,136.72,127.57,0.2,-0.79,139.85,122.61
DECK,Deckers Brands,Consumer Discretionary,Footwear,118.14,223.11,95.32,114.14,109.35,106.59,105.29,140.28,0.1,-1.55,116.31,96.86
DAL,Delta Air Lines,Industrials,Passenger Airlines,61.97,68.45,35.65,61.3,60.52,57.67,54.55,54.71,0.1,4.6,64.82,50.53
DVN,Devon Energy,Energy,Oil & Gas Exploration & Production,35.88,43.6,26.61,35.52,34.61,33.71,33.37,33.64,0.1,0.64,36.11,31.31
FANG,Diamondback Energy,Energy,Oil & Gas Exploration & Production,149.17,194.36,117.58,145.75,142.33,141.87,141.83,149.75,0.1,-0.08,149.05,134.68
DLTR,Dollar Tree,Consumer Staples,Consumer Staples Merchandise Retail,112.5,117.16,61.21,112.49,112.64,114.03,109.58,84.19,0.2,4.18,117.2,110.85
DPZ,Domino's,Consumer Discretionary,Restaurants,448.96,495.6,397.58,452.88,450.08,449.58,457.73,455.91,0.2,3.54,464.85,434.31
DUK,Duke Energy,Utilities,Electric Utilities,122.37,124.85,102.96,123.36,123.31,123.5,119.56,114.33,0.2,2.44,125.36,121.64
DD,DuPont,Materials,Specialty Chemicals,77.63,88.16,54.8,77.41,75.61,73.56,73.08,73.53,0.1,1.53,78.82,68.3
EMN,Eastman Chemical Company,Materials,Specialty Chemicals,68.18,110.6,58.79,68.64,67.39,64.8,72.36,84.41,0.2,4.5,71.25,58.36
EBAY,eBay Inc.,Consumer Discretionary,Broadline Retail,92.8,100.77,56.78,95.78,97.65,96.13,85.11,71.27,0.2,10.55,102.59,89.68
ECL,Ecolab,Materials,Specialty Chemicals,279.02,285.47,225.1,280.14,281.38,276.45,271.06,254.87,0.2,4.01,290.21,262.68
EA,Electronic Arts,Communication Services,Interactive Home Entertainment,170.99,178.81,116.08,171.88,171.59,169.83,159.85,148.49,0.2,6.54,182.17,157.5
ETR,Entergy,Utilities,Electric Utilities,88.13,91.02,57.82,89.15,89.06,89.55,85.98,81.16,0.2,3.36,91.09,88.01
EFX,Equifax,Industrials,Research & Consulting Services,243.85,305.2,205.11,248.64,248.02,245.4,251.55,253.22,0.2,4.36,254.48,236.3
ERIE,Erie Indemnity,Financials,Insurance Brokers,351.36,537.71,339.09,356.39,359.53,359.42,353.68,385.3,0.1,5.66,371.25,347.6
ES,Eversource Energy,Utilities,Electric Utilities,64.3,66.62,53.58,64.63,65.0,65.38,65.04,60.77,0.2,4.14,66.96,63.81
EXPE,Expedia Group,Consumer Discretionary,"Hotels, Resorts & Cruise Lines",214.71,214.81,129.25,213.74,210.19,201.37,187.28,177.86,0.2,4.77,224.95,177.8
EXR,Extra Space Storage,Real Estate,Self-Storage REITs,142.32,177.29,125.24,141.48,139.94,138.69,144.56,147.58,0.2,0.34,142.8,134.57
XOM,ExxonMobil,Energy,Integrated Oil & Gas,113.35,121.0,98.11,112.12,109.9,107.98,109.37,108.07,0.2,-0.03,113.32,102.63
FFIV,"F5, Inc.",Information Technology,Communications Equipment,318.4,326.47,198.85,316.93,316.17,317.9,305.56,279.44,0.2,2.38,325.98,309.82
FICO,Fair Isaac,Information Technology,Application Software,1506.37,2382.4,1311.26,1437.13,1396.97,1369.32,1545.09,1852.93,0.4,-2.74,1465.1,1273.6
FRT,Federal Realty Investment Trust,Real Estate,Retail REITs,99.82,113.73,82.59,99.49,97.45,94.97,94.62,99.08,0.1,1.3,101.12,88.83
FSLR,First Solar,Information Technology,Semiconductors,197.02,255.75,120.38,197.34,201.54,192.83,177.88,165.4,0.2,8.58,213.92,171.73
F,Ford Motor Company,Consumer Discretionary,Automobile Manufacturers,11.71,11.91,8.45,11.8,11.63,11.37,11.2,10.07,0.2,2.9,12.05,10.69
FTV,Fortive,Industrials,Industrial Machinery & Supplies & Components,48.01,62.47,46.55,48.58,48.28,47.9,50.32,54.68,0.2,2.56,49.24,46.56
FOXA,Fox Corporation (Class A),Communication Services,Broadcasting,59.46,59.89,38.72,59.45,58.93,57.42,56.49,52.51,0.2,3.75,61.69,53.15
FOX,Fox Corporation (Class B),Communication Services,Broadcasting,54.3,54.64,35.86,54.34,53.91,52.44,51.77,48.81,0.2,3.94,56.44,48.44
GRMN,Garmin,Consumer Discretionary,Consumer Electronics,241.05,241.05,159.72,235.56,233.59,231.67,223.18,211.06,0.4,-0.15,240.69,222.67
GNRC,Generac,Industrials,Electrical Components & Equipment,186.92,202.85,101.92,190.23,192.74,194.78,167.54,148.9,0.2,8.76,203.29,186.27
GD,General Dynamics,Industrials,Aerospace & Defense,324.91,325.46,239.38,322.41,318.97,316.56,305.46,276.07,0.2,-0.15,324.42,308.7
GPN,Global Payments,Financials,Transaction & Payment Processing Services,88.22,118.42,67.25,88.62,87.44,84.76,82.35,93.74,0.1,4.27,91.99,77.52
GS,Goldman Sachs,Financials,Investment Banking & Brokerage,751.22,751.22,459.93,746.1,735.02,731.35,713.07,614.26,0.2,0.76,756.93,705.78
HIG,Hartford (The),Financials,Property & Casualty Insurance,132.22,134.02,105.42,132.95,132.41,130.23,126.25,119.72,0.2,2.81,135.94,124.54
HAS,Hasbro,Consumer Discretionary,Leisure Products,81.6,81.85,49.75,81.53,80.73,78.88,76.22,63.97,0.2,2.23,83.42,74.34
HCA,HCA Healthcare,Health Care,Health Care Facilities,407.28,412.92,295.46,404.41,402.86,389.55,376.56,344.3,0.2,3.68,422.27,356.85
HOLX,Hologic,Health Care,Health Care Equipment,66.62,83.72,52.73,67.07,67.42,67.65,66.08,66.09,0.1,3.51,68.96,66.34
HD,Home Depot (The),Consumer Discretionary,Home Improvement Retail,407.45,426.0,333.17,408.98,404.56,396.87,378.74,380.51,0.1,2.7,418.45,375.3
HPQ,HP Inc.,Information Technology,"Technology Hardware, Storage & Peripherals",28.35,38.15,21.63,27.54,27.13,26.42,25.63,28.8,0.1,0.39,28.46,24.38
HII,Huntington Ingalls Industries,Industrials,Aerospace & Defense,275.27,278.86,157.56,272.82,269.69,268.68,258.37,214.82,0.4,-0.17,274.8,262.55
ITW,Illinois Tool Works,Industrials,Industrial Machinery & Supplies & Components,265.75,273.51,217.09,266.99,263.98,261.01,256.96,252.68,0.2,1.85,270.67,251.35
INCY,Incyte,Health Care,Biotechnology,83.7,86.92,55.17,84.47,85.24,82.54,74.77,69.64,0.2,7.4,89.89,75.18
INTC,Intel,Information Technology,Semiconductors,24.93,27.39,18.13,24.7,24.4,22.59,22.41,21.72,0.2,7.46,26.79,18.38
ICE,Intercontinental Exchange,Financials,Financial Exchanges & Data,177.14,188.45,142.02,178.6,179.09,182.33,182.02,168.09,0.2,7.23,189.95,174.72
IPG,Interpublic Group of Companies (The),Communication Services,Advertising,26.69,31.12,22.6,26.94,26.66,25.85,25.24,25.97,0.1,3.86,27.72,23.98
INVH,Invitation Homes,Real Estate,Single-Family Residential REITs,30.94,36.03,29.76,30.96,30.69,30.45,31.62,32.27,0.2,0.84,31.2,29.71
JBHT,J.B. Hunt,Industrials,Cargo Ground Transportation,143.98,195.43,123.94,145.4,144.61,143.15,145.9,154.85,0.2,3.31,148.75,137.55
J,Jacobs Solutions,Industrials,Construction & Engineering,146.91,151.85,109.18,147.8,147.38,146.75,139.69,130.78,0.2,3.79,152.48,141.02
JNJ,Johnson & Johnson,Health Care,Pharmaceuticals,175.45,177.98,138.72,176.76,176.58,173.68,164.21,154.42,0.2,2.8,180.36,167.0
JPM,JPMorgan Chase,Financials,Diversified Banks,301.07,301.07,199.83,298.01,294.64,292.78,290.39,258.65,0.2,-0.36,299.99,285.57
KEY,KeyCorp,Financials,Regional Banks,19.35,19.39,13.06,19.21,18.68,18.22,18.04,16.82,0.2,0.72,19.49,16.95
KMB,Kimberly-Clark,Consumer Staples,Household Products,128.72,146.03,122.21,130.6,131.64,133.0,130.41,132.59,0.1,6.7,137.34,128.66
KKR,KKR & Co.,Financials,Asset Management & Custody Banks,140.09,166.38,92.52,140.22,139.95,142.02,140.27,134.86,0.2,5.32,147.54,136.51
LH,Labcorp,Health Care,Health Care Services,275.29,279.3,210.19,277.47,275.86,270.74,262.45,245.08,0.2,2.91,283.3,258.18
LW,Lamb Weston,Consumer Staples,Packaged Foods & Meats,56.25,80.72,47.73,56.46,55.57,54.44,53.56,57.69,0.1,2.9,57.88,51.0
LVS,Las Vegas Sands,Consumer Discretionary,Casinos & Gaming,57.71,57.71,30.35,56.37,54.91,53.96,50.22,45.06,0.2,-1.02,57.12,50.79
LEN,Lennar,Consumer Discretionary,Homebuilding,133.13,183.45,101.84,134.06,132.74,127.41,118.05,123.13,0.1,5.37,140.28,114.55
LKQ,LKQ Corporation,Consumer Discretionary,Distributors,32.25,43.02,28.96,31.87,31.36,30.6,33.9,37.54,0.2,1.43,32.71,28.49
L,Loews Corporation,Financials,Multi-line Insurance,96.52,96.7,76.27,96.15,95.92,94.75,92.42,87.49,0.2,1.48,97.95,91.55
LOW,Lowe's,Consumer Discretionary,Home Improvement Retail,257.54,278.66,209.46,259.43,256.92,248.95,232.86,238.0,0.1,4.58,269.34,228.57
LULU,Lululemon Athletica,Consumer Discretionary,"Apparel, Accessories & Luxury Goods",205.08,421.16,186.44,204.64,201.92,197.81,216.4,303.91,0.2,1.79,208.75,186.86
LYB,LyondellBasell,Materials,Specialty Chemicals,55.86,90.95,47.21,56.64,54.78,52.29,56.99,63.79,0.2,4.74,58.51,46.07
MA,Mastercard,Financials,Transaction & Payment Processing Services,590.48,598.96,469.1,592.98,590.09,580.54,566.27,548.06,0.2,2.13,603.06,558.0
MTCH,Match Group,Communication Services,Interactive Media & Services,37.04,38.74,26.87,37.25,37.4,36.72,34.13,31.88,0.2,7.07,39.66,33.79
MKC,McCormick & Company,Consumer Staples,Packaged Foods & Meats,69.86,83.73,68.41,70.74,70.18,70.08,71.8,75.06,0.2,2.58,71.66,68.49
MCD,McDonald's,Consumer Discretionary,Restaurants,312.22,319.48,276.57,312.82,311.9,308.29,300.62,300.03,0.2,1.52,316.97,299.61
MRK,Merck & Co.,Health Care,Pharmaceuticals,83.21,115.53,72.74,84.99,84.91,82.76,81.98,86.88,0.1,5.28,87.6,77.93
MGM,MGM Resorts,Consumer Discretionary,Casinos & Gaming,39.59,41.99,25.79,38.81,37.54,36.41,36.57,34.25,0.2,-0.05,39.57,33.25
MSFT,Microsoft,Information Technology,Systems Software,509.64,534.76,353.33,505.98,508.35,516.22,507.1,440.46,0.4,4.92,534.71,497.72
MAA,Mid-America Apartment Communities,Real Estate,Multi-Family Residential REITs,144.13,167.59,138.38,143.25,142.3,141.24,145.78,152.5,0.2,0.25,144.49,137.99
MHK,Mohawk Industries,Consumer Discretionary,Home Furnishings,132.48,161.25,97.99,132.22,129.23,125.91,116.55,116.85,0.1,2.93,136.36,115.47
MOH,Molina Healthcare,Health Care,Managed Health Care,174.72,360.77,152.31,175.05,173.22,164.84,202.77,280.81,0.2,4.38,182.37,147.31
MOS,Mosaic Company (The),Materials,Fertilizers & Agricultural Chemicals,33.95,37.81,22.62,33.28,32.85,32.88,34.97,29.58,0.2,4.51,35.48,30.28
NWSA,News Corp (Class A),Communication Services,Publishing,29.48,30.5,23.97,29.9,29.77,29.46,29.43,28.25,0.4,3.29,30.45,28.46
NWS,News Corp (Class B),Communication Services,Publishing,34.05,35.17,26.94,34.47,34.38,33.96,33.91,32.12,0.2,3.17,35.13,32.8
NUE,Nucor,Materials,Steel,149.8,165.5,102.79,149.11,146.82,143.4,139.8,128.93,0.2,1.52,152.08,134.72
NVR,"NVR, Inc.",Consumer Discretionary,Homebuilding,8074.8,9924.4,6700.0,8103.28,8113.59,8024.23,7727.94,7730.91,0.1,3.38,8347.73,7700.79
NXPI,NXP Semiconductors,Information Technology,Semiconductors,239.07,252.0,152.79,237.21,232.88,223.27,223.04,210.12,0.2,3.64,247.77,198.77
OXY,Occidental Petroleum,Energy,Oil & Gas Exploration & Production,47.51,56.11,35.91,46.53,45.43,44.57,44.27,45.47,0.1,-0.67,47.19,41.95
ODFL,Old Dominion,Industrials,Cargo Ground Transportation,149.7,230.8,141.85,154.52,152.9,149.94,157.91,173.91,0.2,6.09,158.82,141.07
OMC,Omnicom Group,Communication Services,Advertising,77.73,102.78,69.22,78.59,77.83,75.56,74.02,79.99,0.1,3.91,80.77,70.34
ORCL,Oracle Corporation,Information Technology,Application Software,240.32,256.43,122.56,236.42,238.23,244.32,236.77,181.53,0.4,8.21,260.05,228.58
PCAR,Paccar,Industrials,Construction Machinery & Heavy Transportation Equipment,100.68,113.98,85.82,100.88,99.62,98.61,97.25,100.05,0.1,1.37,102.06,95.17
PSKY,Paramount Skydance Corporation,Communication Services,Movies & Entertainment,14.69,16.03,9.8,15.46,14.8,13.44,13.05,11.65,0.2,17.22,17.22,9.67
PNR,Pentair,Industrials,Industrial Machinery & Supplies & Components,109.18,109.34,75.76,108.84,107.14,105.52,104.37,98.23,0.2,1.61,110.94,100.1
PEP,PepsiCo,Consumer Staples,Soft Drinks & Non-alcoholic Beverages,146.98,173.24,127.06,147.89,149.13,146.46,140.6,143.14,0.1,4.93,154.23,138.7
PM,Philip Morris International,Consumer Staples,Tobacco,165.77,183.57,115.19,167.15,168.47,167.51,172.26,152.85,0.2,4.78,173.69,161.32
PNW,Pinnacle West Capital,Utilities,Multi-Utilities,89.32,93.78,79.36,90.21,90.82,91.62,90.4,88.89,0.2,5.16,93.93,89.3
POOL,Pool Corporation,Consumer Discretionary,Distributors,314.97,385.63,283.92,319.27,318.26,315.13,307.41,323.71,0.1,4.71,329.81,300.45
PPG,PPG Industries,Materials,Specialty Chemicals,111.22,131.36,90.49,112.47,112.16,109.57,111.99,112.52,0.2,4.6,116.34,102.8
PGR,Progressive Corporation,Financials,Property & Casualty Insurance,246.11,291.0,234.89,246.03,247.66,246.48,250.05,259.96,0.2,2.65,252.63,240.33
PRU,Prudential Financial,Financials,Life & Health Insurance,108.74,124.75,92.74,109.32,107.7,105.0,104.37,107.87,0.1,2.7,111.68,98.32
PHM,PulteGroup,Consumer Discretionary,Homebuilding,131.47,148.13,91.82,131.65,129.74,125.96,116.59,110.62,0.2,3.35,135.87,116.05
DGX,Quest Diagnostics,Health Care,Health Care Services,179.2,184.4,144.81,179.64,180.79,178.16,174.86,166.98,0.2,3.46,185.4,170.92
RF,Regions Financial Corporation,Financials,Regional Banks,27.33,27.41,18.13,27.05,26.38,25.77,25.07,23.2,0.2,0.51,27.47,24.07
RVTY,Revvity,Health Care,Health Care Equipment,89.23,127.41,85.8,91.07,90.86,89.36,94.01,103.96,0.2,4.99,93.68,85.04
ROK,Rockwell Automation,Industrials,Electrical Components & Equipment,349.13,357.15,217.21,351.03,346.16,342.49,341.85,294.43,0.2,2.49,357.82,327.15
RCL,Royal Caribbean Group,Consumer Discretionary,"Hotels, Resorts & Cruise Lines",365.84,365.84,154.84,353.66,339.33,325.07,325.07,256.64,0.2,-1.04,362.04,288.11
SPGI,S&P Global,Financials,Financial Exchanges & Data,547.55,563.17,436.73,551.23,552.29,555.26,536.59,511.3,0.2,3.28,565.51,545.02
STX,Seagate Technology,Information Technology,"Technology Hardware, Storage & Peripherals",172.38,172.38,66.19,165.61,161.21,156.96,150.15,109.0,0.2,-1.76,169.35,144.58
SRE,Sempra,Utilities,Multi-Utilities,81.44,92.47,63.23,82.01,81.85,81.87,78.72,78.42,0.2,2.12,83.17,80.56
SHW,Sherwin-Williams,Materials,Specialty Chemicals,366.18,397.11,312.15,367.99,366.21,359.89,349.04,352.02,0.1,2.96,377.02,342.76
SWK,Stanley Black & Decker,Industrials,Industrial Machinery & Supplies & Components,75.3,106.67,55.14,76.05,75.21,72.67,71.01,74.65,0.1,5.37,79.34,66.0
STT,State Street Corporation,Financials,Asset Management & Custody Banks,115.24,115.82,74.79,115.27,113.4,112.02,109.41,97.11,0.2,0.92,116.3,107.74
STE,Steris,Health Care,Health Care Equipment,244.77,251.96,201.46,248.54,247.75,241.78,235.78,225.53,0.4,6.15,259.82,223.72
SYF,Synchrony Financial,Financials,Consumer Finance,76.58,76.58,43.38,74.98,73.26,71.67,69.77,62.19,0.2,-0.03,76.56,66.78
SYY,Sysco,Consumer Staples,Food Distributors,79.59,82.19,67.53,79.83,79.81,80.16,78.41,74.32,0.2,2.74,81.77,78.55
TMUS,T-Mobile US,Communication Services,Wireless Telecommunication Services,250.56,271.83,190.96,251.36,254.2,249.43,239.81,241.5,0.1,4.7,262.34,236.52
TGT,Target Corporation,Consumer Staples,Consumer Staples Merchandise Retail,96.81,154.72,86.82,97.45,99.63,101.29,101.11,111.02,0.1,11.5,107.94,94.64
TER,Teradyne,Information Technology,Semiconductor Materials & Equipment,117.89,139.64,67.86,117.17,113.51,110.64,100.04,100.56,0.1,1.57,119.74,101.55
TJX,TJX Companies,Consumer Discretionary,Apparel Retail,137.12,138.27,110.73,136.61,135.91,133.38,127.71,124.2,0.2,2.09,139.99,126.78
TSCO,Tractor Supply,Consumer Discretionary,Other Specialty Retail,62.65,62.65,47.62,61.92,61.44,60.34,57.6,54.17,0.2,0.48,62.95,57.74
TFC,Truist Financial,Financials,Diversified Banks,46.79,46.79,33.92,46.31,45.3,44.28,43.83,42.14,0.2,0.71,47.12,41.44
TYL,Tyler Technologies,Information Technology,Application Software,556.28,646.74,521.68,556.07,562.51,576.32,572.9,583.73,0.1,10.16,612.8,539.86
USB,U.S. Bancorp,Financials,Diversified Banks,48.67,51.9,36.0,48.49,47.33,46.17,45.98,44.98,0.2,1.38,49.34,43.0
UNP,Union Pacific Corporation,Industrials,Rail Transportation,222.35,251.7,207.02,223.44,223.28,222.54,226.72,229.38,0.2,2.12,227.06,218.02
UAL,United Airlines Holdings,Industrials,Passenger Airlines,105.08,110.52,41.33,103.75,102.13,96.67,89.59,87.69,0.2,4.99,110.32,83.02
UHS,Universal Health Services,Health Care,Health Care Facilities,181.22,240.75,154.95,182.91,182.18,176.16,174.51,181.76,0.1,5.46,191.11,161.19
VLTO,Veralto,Industrials,Environmental & Facilities Services,106.5,113.22,85.23,107.46,107.67,107.55,104.19,100.64,0.2,3.03,109.73,105.38
VST,Vistra Corp.,Utilities,Electric Utilities,196.7,214.06,73.19,193.39,194.0,199.88,195.21,158.31,0.2,8.67,213.75,185.99
WAB,Wabtec,Industrials,Construction Machinery & Heavy Transportation Equipment,195.18,214.1,159.81,194.98,193.08,191.46,200.53,194.27,0.2,1.03,197.19,185.72
WBA,Walgreens Boots Alliance,Consumer Staples,Drug Retail,11.98,12.93,8.01,12.03,12.04,11.92,11.66,10.8,0.2,2.17,12.24,11.59
WBD,Warner Bros. Discovery,Communication Services,Broadcasting,12.06,13.7,6.94,12.02,11.85,11.91,11.95,10.46,0.2,8.21,13.05,10.78
WM,Waste Management,Industrials,Environmental & Facilities Services,224.58,241.26,199.11,225.34,226.59,229.05,228.72,224.38,0.2,5.18,236.21,221.89
WFC,Wells Fargo,Financials,Diversified Banks,81.98,83.83,50.45,81.06,79.33,78.56,79.69,74.1,0.2,-0.01,81.97,75.16
WDC,Western Digital,Information Technology,"Technology Hardware, Storage & Peripherals",82.04,82.04,30.48,79.72,77.61,76.59,70.31,53.04,0.2,-1.43,80.87,72.31
WTW,Willis Towers Watson,Financials,Insurance Brokers,326.84,339.25,284.72,333.32,333.5,329.87,315.38,316.19,0.1,4.51,341.58,318.15
WYNN,Wynn Resorts,Consumer Discretionary,Casinos & Gaming,126.74,126.74,65.78,120.34,115.43,111.98,107.06,91.01,0.2,-2.8,123.19,100.77
ZBH,Zimmer Biomet,Health Care,Health Care Equipment,105.06,115.11,89.98,106.88,105.42,101.26,96.71,101.81,0.1,6.83,112.24,90.28
