Symbol,Company,GICS_Sector,GICS_Sub_Industry,Current_Price,High_52_Week,Low_52_Week,SMA5,SMA10,SMA20,SMA50,SMA200,Score,Target_Pcnt,Target_Price,Stop_Loss
MMM,3M,Industrials,Industrial Conglomerates,157.56,159.46,122.31,156.9,154.97,153.54,152.23,142.79,0.0,2.3,161.18,145.9
AOS,A. O. Smith,Industrials,Building Products,71.62,88.84,59.04,72.51,72.33,71.72,69.54,67.78,0.2,3.04,73.8,69.64
ABT,Abbott Laboratories,Health Care,Health Care Equipment,131.37,138.95,110.09,131.78,131.66,131.14,130.76,126.29,0.0,1.99,133.98,128.3
ABBV,AbbVie,Health Care,Biotechnology,207.92,212.84,160.57,208.5,208.06,203.41,193.95,186.19,0.2,2.71,213.55,193.27
ACN,Accenture,Information Technology,IT Consulting & Other Services,256.17,394.31,237.87,256.8,254.5,250.15,273.07,318.95,-0.2,3.01,263.88,236.43
ADBE,Adobe Inc.,Information Technology,Application Software,353.96,586.55,333.65,358.1,357.05,349.63,364.3,413.11,-0.2,3.7,367.06,332.21
AMD,Advanced Micro Devices,Information Technology,Semiconductors,168.58,184.42,78.21,166.69,168.26,171.31,158.43,125.26,0.2,8.59,183.06,159.56
AES,AES Corporation,Utilities,Independent Power Producers & Energy Traders,13.48,19.11,9.5,13.43,13.33,13.16,12.48,11.58,0.0,1.34,13.66,12.66
AFL,Aflac,Financials,Life & Health Insurance,106.1,112.86,97.56,107.5,106.99,104.34,102.96,104.28,0.3,4.67,111.05,97.62
A,Agilent Technologies,Health Care,Life Sciences Tools & Services,124.96,151.96,99.08,120.55,119.65,117.61,117.98,123.59,0.0,-1.08,123.61,111.61
APD,Air Products,Materials,Industrial Gases,295.02,333.89,247.03,295.41,293.18,290.97,289.49,292.5,-0.1,1.31,298.88,283.05
ABNB,Airbnb,Consumer Discretionary,"Hotels, Resorts & Cruise Lines",130.46,161.42,105.69,129.05,127.32,126.14,132.14,131.49,0.0,2.27,133.42,118.86
AKAM,Akamai Technologies,Information Technology,Internet Services & Infrastructure,78.39,106.67,68.21,77.55,76.63,75.1,77.5,84.21,-0.2,1.29,79.4,70.8
ALB,Albemarle Corporation,Materials,Specialty Chemicals,84.92,109.53,50.43,83.35,81.97,77.95,73.0,76.14,0.1,6.02,90.03,65.87
ARE,Alexandria Real Estate Equities,Real Estate,Office REITs,81.83,117.87,66.61,81.15,79.22,77.06,76.85,85.44,0.1,1.16,82.78,71.33
ALGN,Align Technology,Health Care,Health Care Supplies,141.13,257.17,129.01,143.88,143.48,141.41,172.07,189.72,0.0,5.1,148.33,134.5
ALLE,Allegion,Industrials,Building Products,170.97,172.24,118.08,171.31,169.65,167.74,157.42,139.13,0.0,1.28,173.16,162.33
LNT,Alliant Energy,Utilities,Electric Utilities,65.02,66.97,54.87,65.94,65.72,65.64,63.49,60.92,0.2,2.95,66.94,64.34
ALL,Allstate,Financials,Property & Casualty Insurance,203.76,213.62,178.69,203.67,206.28,206.13,199.67,196.88,0.2,4.17,212.26,200.02
GOOGL,Alphabet Inc. (Class A),Communication Services,Interactive Media & Services,211.64,211.64,144.53,208.17,204.89,201.55,189.41,178.02,0.0,0.23,212.13,190.97
GOOG,Alphabet Inc. (Class C),Communication Services,Interactive Media & Services,212.37,212.37,146.4,208.88,205.69,202.34,190.28,179.5,0.0,0.25,212.9,191.78
MO,Altria,Consumer Staples,Tobacco,66.42,67.68,46.47,66.8,66.76,65.37,61.67,56.25,0.0,3.93,69.03,61.72
AMZN,Amazon,Consumer Discretionary,Broadline Retail,231.6,242.06,167.32,229.24,228.25,224.45,223.66,212.71,0.0,1.94,236.09,212.81
AMCR,Amcor,Materials,Paper & Plastic Packaging Products & Materials,8.55,10.94,8.45,8.55,8.57,9.03,9.31,9.44,-0.2,17.66,10.06,8.0
AEE,Ameren,Utilities,Multi-Utilities,99.74,103.26,79.24,100.83,101.0,101.45,98.87,95.45,-0.2,3.35,103.08,99.81
AEP,American Electric Power,Utilities,Electric Utilities,111.78,114.06,87.97,112.87,112.64,112.66,108.01,101.21,0.2,2.14,114.17,111.15
AXP,American Express,Financials,Consumer Finance,326.99,328.13,230.81,321.0,314.02,306.57,309.71,293.42,0.0,-0.29,326.04,287.1
AIG,American International Group,Financials,Multi-line Insurance,81.6,87.26,69.3,82.51,81.94,80.21,81.38,78.95,-0.4,3.26,84.26,76.16
AMT,American Tower,Real Estate,Telecom Tower REITs,202.56,235.15,170.7,207.26,207.14,207.51,215.9,204.18,0.2,5.65,214.0,201.03
AWK,American Water Works,Utilities,Water Utilities,142.93,150.19,118.87,144.45,144.55,144.02,141.84,136.17,0.0,2.88,147.05,140.99
AMP,Ameriprise Financial,Financials,Asset Management & Custody Banks,516.63,569.83,419.45,516.04,510.58,508.77,520.06,516.65,0.0,0.74,520.45,497.11
AME,Ametek,Industrials,Electrical Components & Equipment,186.73,196.4,151.15,186.52,184.85,184.46,181.7,179.97,0.2,0.71,188.06,180.87
AMGN,Amgen,Health Care,Biotechnology,285.61,326.46,252.22,289.07,291.03,289.66,290.87,283.98,0.0,4.96,299.78,279.53
APH,Amphenol,Information Technology,Electronic Components,111.94,111.94,58.99,110.21,109.88,109.5,103.81,80.76,-0.2,0.62,112.63,106.36
ADI,Analog Devices,Information Technology,Semiconductors,254.25,255.63,163.85,254.41,245.75,236.0,236.49,216.87,-0.2,2.93,261.7,210.3
AON,Aon plc,Financials,Insurance Brokers,366.54,407.61,334.44,369.99,370.45,367.21,360.24,369.15,-0.1,3.01,377.57,356.83
APA,APA Corporation,Energy,Oil & Gas Exploration & Production,22.98,27.9,13.62,22.34,21.38,20.4,19.56,19.64,-0.1,0.83,23.17,17.64
APO,Apollo Global Management,Financials,Asset Management & Custody Banks,136.39,176.82,105.37,134.92,135.93,138.86,142.35,147.13,0.0,7.08,146.05,131.68
AAPL,Apple Inc.,Information Technology,"Technology Hardware, Storage & Peripherals",232.56,258.1,172.0,229.46,229.12,224.2,214.67,220.64,-0.1,5.13,244.49,203.91
AMAT,Applied Materials,Information Technology,Semiconductor Materials & Equipment,165.27,211.69,126.23,163.73,162.51,172.95,181.5,168.14,-0.2,17.8,194.69,151.23
APTV,Aptiv,Consumer Discretionary,Automotive Parts & Equipment,80.3,80.3,47.92,79.48,77.29,72.68,70.81,63.41,0.0,4.37,83.81,61.55
ACGL,Arch Capital Group,Financials,Property & Casualty Insurance,91.2,109.22,84.99,91.82,91.84,90.5,89.56,92.23,0.1,2.96,93.9,87.11
ADM,Archer Daniels Midland,Consumer Staples,Agricultural Products & Services,62.66,64.21,41.01,63.06,61.5,59.22,55.95,50.0,0.0,3.75,65.01,53.43
ANET,Arista Networks,Information Technology,Communications Equipment,136.23,141.25,64.37,134.01,134.17,133.42,117.04,101.57,0.0,7.85,146.92,119.9
AJG,Arthur J. Gallagher & Co.,Financials,Insurance Brokers,299.62,348.08,274.44,300.07,299.66,294.24,305.12,312.6,-0.2,2.53,307.2,281.29
AIZ,Assurant,Financials,Multi-line Insurance,218.69,226.12,179.02,215.78,214.45,208.27,197.71,203.49,0.1,3.9,227.22,189.32
T,AT&T,Communication Services,Integrated Telecommunication Services,28.94,29.44,18.77,28.81,28.96,28.51,27.99,25.72,0.0,2.32,29.61,27.41
ATO,Atmos Energy,Utilities,Gas Utilities,165.43,167.34,126.24,166.1,165.43,163.28,157.69,149.6,0.0,3.15,170.64,155.93
ADSK,Autodesk,Information Technology,Application Software,288.49,321.27,238.84,286.49,287.28,289.94,296.91,290.14,0.0,4.84,302.45,277.43
ADP,Automatic Data Processing,Industrials,Human Resource & Employment Services,304.1,325.19,264.09,304.49,304.66,303.48,304.77,301.74,-0.2,1.39,308.33,298.62
AZO,AutoZone,Consumer Discretionary,Automotive Retail,4197.09,4205.41,2981.19,4166.62,4129.46,4068.35,3857.26,3575.36,0.2,1.0,4239.06,3897.84
AVB,AvalonBay Communities,Real Estate,Multi-Family Residential REITs,194.61,232.03,182.72,193.33,191.8,189.27,196.7,207.92,0.0,0.62,195.82,182.72
AVY,Avery Dennison,Materials,Paper & Plastic Packaging Products & Materials,171.08,219.16,158.75,174.37,174.57,172.96,176.12,181.0,0.0,5.5,180.49,165.42
AXON,Axon Enterprise,Industrials,Aerospace & Defense,781.9,870.97,354.62,770.07,767.89,785.66,772.25,661.01,-0.2,11.04,868.22,703.05
BKR,Baker Hughes,Energy,Oil & Gas Equipment & Services,45.56,48.05,32.21,44.8,43.89,43.53,41.66,41.21,0.4,-0.86,45.17,41.88
BALL,Ball Corporation,Materials,"Metal, Glass & Plastic Containers",52.07,67.18,44.77,52.76,52.95,53.74,56.24,54.13,-0.2,8.57,56.53,50.95
BAC,Bank of America,Financials,Diversified Banks,50.49,50.49,34.19,50.02,48.96,47.58,47.43,44.33,0.0,1.09,51.04,44.13
BAX,Baxter International,Health Care,Health Care Equipment,24.4,39.64,21.76,24.51,24.28,23.79,26.98,30.24,-0.2,3.77,25.32,22.25
BDX,Becton Dickinson,Health Care,Health Care Equipment,191.25,246.46,164.16,195.01,195.98,191.2,182.41,204.33,0.1,8.36,207.24,175.16
BRK-B,Berkshire Hathaway,Financials,Multi-Sector Holdings,499.86,539.8,442.29,492.59,488.13,478.24,479.47,487.38,0.0,0.4,501.86,454.64
BBY,Best Buy,Consumer Discretionary,Computer & Electronics Retail,72.66,99.54,55.4,74.3,73.37,70.91,69.6,74.98,0.3,6.28,77.22,64.6
TECH,Bio-Techne,Health Care,Life Sciences Tools & Services,54.33,79.93,46.59,56.23,55.12,53.83,53.43,60.3,0.1,7.16,58.22,49.44
BIIB,Biogen,Health Care,Biotechnology,132.65,204.95,113.38,136.28,137.29,134.24,131.18,137.5,-0.1,6.95,141.87,126.6
BLK,BlackRock,Financials,Asset Management & Custody Banks,1130.48,1160.16,811.42,1137.44,1134.0,1131.18,1096.63,1001.68,0.2,3.05,1164.96,1097.36
BX,Blackstone Inc.,Financials,Asset Management & Custody Banks,172.02,194.8,118.51,171.02,169.11,169.98,163.46,157.58,-0.2,2.37,176.1,163.88
XYZ,"Block, Inc.",Financials,Transaction & Payment Processing Services,80.78,98.92,46.53,79.43,77.23,76.23,73.0,72.34,0.4,-0.25,80.58,71.88
BK,BNY Mellon,Financials,Asset Management & Custody Banks,106.1,106.1,64.89,104.28,102.82,102.49,97.84,85.87,0.2,-0.54,105.53,99.45
BA,Boeing,Industrials,Aerospace & Defense,236.16,236.41,136.59,232.72,230.63,229.1,223.55,187.02,0.2,0.91,238.31,219.91
BKNG,Booking Holdings,Consumer Discretionary,"Hotels, Resorts & Cruise Lines",5651.99,5815.92,3711.15,5679.56,5631.87,5538.59,5597.36,5110.51,0.0,2.08,5769.55,5307.81
BSX,Boston Scientific,Health Care,Health Care Equipment,105.75,107.76,79.52,105.86,105.05,104.43,104.4,99.68,0.0,1.46,107.29,101.57
BMY,Bristol Myers Squibb,Health Care,Pharmaceuticals,46.88,61.62,43.31,47.36,47.84,46.91,46.91,52.01,-0.1,5.52,49.47,44.34
AVGO,Broadcom,Information Technology,Semiconductors,308.65,312.83,135.46,299.03,298.29,300.48,286.31,225.66,0.0,2.03,314.92,286.04
BR,Broadridge Financial Solutions,Industrials,Data Processing & Outsourced Services,257.07,266.89,204.4,258.28,259.76,260.11,248.89,237.2,0.2,5.41,270.98,249.24
BRO,Brown & Brown,Financials,Insurance Brokers,96.22,124.07,91.23,96.35,96.21,94.8,101.04,108.35,-0.2,2.29,98.42,91.17
BF-B,Brown–Forman,Consumer Staples,Distillers & Vintners,28.97,48.58,25.65,30.31,30.4,30.37,29.13,33.48,-0.3,9.11,31.61,29.12
BLDR,Builders FirstSource,Industrials,Building Products,140.14,201.83,105.63,142.19,138.84,136.14,129.91,137.83,-0.1,4.45,146.38,125.91
BG,Bunge Global,Consumer Staples,Agricultural Products & Services,84.63,97.93,67.23,85.9,83.61,82.34,79.5,77.46,0.2,3.24,87.37,77.3
BXP,"BXP, Inc.",Real Estate,Office REITs,71.67,86.01,56.05,70.25,68.16,66.47,68.07,68.74,0.2,-0.32,71.44,61.51
CHRW,C.H. Robinson,Industrials,Air Freight & Logistics,129.29,129.29,86.41,127.17,124.78,121.14,107.42,101.04,0.0,0.53,129.98,112.31
CDNS,Cadence Design Systems,Information Technology,Application Software,354.29,371.03,231.64,348.0,348.61,351.78,332.62,299.74,0.0,2.44,362.93,340.64
CZR,Caesars Entertainment,Consumer Discretionary,Casinos & Gaming,27.25,45.55,23.18,26.77,26.04,25.48,27.77,30.61,0.2,0.22,27.31,23.65
CPT,Camden Property Trust,Real Estate,Multi-Family Residential REITs,110.74,123.69,104.05,109.76,108.61,107.37,111.05,114.44,0.0,0.17,110.93,103.81
CPB,Campbell's Company (The),Consumer Staples,Packaged Foods & Meats,31.64,49.89,30.28,32.27,32.39,32.41,31.81,36.57,-0.3,4.52,33.07,31.76
COF,Capital One,Financials,Consumer Finance,227.14,227.14,134.82,223.79,219.19,215.39,214.19,192.02,0.2,0.18,227.55,203.24
CAH,Cardinal Health,Health Care,Health Care Distributors,149.51,167.63,106.71,148.08,149.33,151.79,157.65,138.1,-0.4,7.03,160.02,143.56
KMX,CarMax,Consumer Discretionary,Automotive Retail,62.17,89.19,54.66,60.77,59.51,57.88,62.03,72.56,0.2,-0.02,62.16,53.6
CCL,Carnival,Consumer Discretionary,"Hotels, Resorts & Cruise Lines",32.49,32.49,15.67,31.85,30.71,30.05,29.07,24.59,0.4,-0.25,32.41,27.68
CARR,Carrier Global,Industrials,Building Products,66.17,81.67,55.21,66.8,66.47,66.32,71.28,68.78,0.0,2.46,67.8,64.85
CAT,Caterpillar Inc.,Industrials,Construction Machinery & Heavy Transportation Equipment,434.91,438.02,271.63,433.36,424.18,422.61,410.12,364.89,0.2,1.5,441.43,403.8
CBOE,Cboe Global Markets,Financials,Financial Exchanges & Data,235.26,253.24,189.73,242.3,245.24,247.05,239.89,217.94,-0.4,8.74,255.82,238.26
CBRE,CBRE Group,Real Estate,Real Estate Services,161.99,164.98,113.55,163.57,161.45,158.72,148.74,135.9,0.0,2.25,165.63,151.82
CDW,CDW Corporation,Information Technology,Technology Distributors,165.87,225.45,143.46,165.52,165.28,165.05,172.71,174.41,-0.2,2.54,170.08,160.0
COR,Cencora,Health Care,Health Care Distributors,289.89,303.69,217.68,290.21,293.59,290.89,292.67,268.13,-0.2,4.27,302.27,279.52
CNC,Centene Corporation,Health Care,Managed Health Care,28.38,80.23,25.21,28.87,28.94,27.44,33.2,53.12,-0.2,7.82,30.6,24.28
CNP,CenterPoint Energy,Utilities,Multi-Utilities,37.48,38.94,26.41,37.73,37.83,38.17,37.19,34.74,0.0,4.03,38.99,37.36
CF,CF Industries,Materials,Fertilizers & Agricultural Chemicals,87.31,101.88,67.67,86.59,85.91,86.14,90.71,85.34,0.0,6.04,92.58,79.7
CRL,Charles River Laboratories,Health Care,Life Sciences Tools & Services,163.22,220.69,99.75,163.14,160.19,158.28,158.76,160.34,-0.2,4.5,170.56,145.99
SCHW,Charles Schwab Corporation,Financials,Investment Banking & Brokerage,97.09,98.69,60.96,96.64,96.26,96.49,94.24,83.28,-0.2,1.16,98.22,94.75
CHTR,Charter Communications,Communication Services,Cable & Satellite,263.63,427.25,256.57,270.09,268.67,265.53,333.34,361.77,0.0,4.37,275.15,255.89
CVX,Chevron Corporation,Energy,Integrated Oil & Gas,159.32,164.65,130.67,158.46,156.15,154.0,150.68,147.37,0.2,0.41,159.97,148.02
CMG,Chipotle Mexican Grill,Consumer Discretionary,Restaurants,42.41,66.16,41.44,42.79,43.06,42.83,48.74,53.23,0.0,3.8,44.02,41.64
CB,Chubb Limited,Financials,Property & Casualty Insurance,273.25,301.45,256.04,274.08,274.98,272.72,276.02,279.61,0.0,2.37,279.73,265.71
CHD,Church & Dwight,Consumer Staples,Household Products,92.09,112.48,90.63,93.05,93.45,92.72,94.97,101.45,0.2,3.44,95.26,90.19
CI,Cigna,Health Care,Health Care Services,299.0,361.79,262.23,300.88,300.72,287.88,299.79,306.35,0.0,5.81,316.37,259.38
CINF,Cincinnati Financial,Financials,Property & Casualty Insurance,153.4,157.35,125.84,153.94,152.95,152.05,149.49,144.22,0.0,1.95,156.39,147.71
CTAS,Cintas,Industrials,Diversified Support Services,208.32,227.2,181.05,212.39,214.21,218.73,219.08,209.73,-0.2,9.78,228.69,208.77
CSCO,Cisco,Information Technology,Communications Equipment,69.43,71.79,47.21,68.14,67.48,68.53,68.25,61.9,0.0,3.36,71.76,65.29
C,Citigroup,Financials,Diversified Banks,96.82,96.87,55.59,95.93,94.71,93.81,90.31,76.4,0.0,0.54,97.34,90.28
CFG,Citizens Financial Group,Financials,Regional Banks,52.16,52.16,33.59,51.37,49.93,48.73,47.33,43.28,0.2,-0.06,52.13,45.34
CLX,Clorox,Consumer Staples,Household Products,117.94,165.31,116.82,118.86,119.78,121.31,122.94,140.74,-0.2,6.27,125.33,117.29
CME,CME Group,Financials,Financial Exchanges & Data,266.77,289.38,203.24,269.88,271.32,276.02,275.77,256.1,0.2,7.84,287.68,264.36
CMS,CMS Energy,Utilities,Multi-Utilities,71.21,74.4,63.54,72.17,72.4,72.91,71.29,69.41,-0.2,4.41,74.35,71.46
KO,Coca-Cola Company (The),Consumer Staples,Soft Drinks & Non-alcoholic Beverages,68.36,73.38,59.94,69.0,69.55,69.71,69.73,67.52,0.0,4.24,71.26,68.15
CTSH,Cognizant,Information Technology,IT Consulting & Other Services,71.72,89.65,65.92,72.05,71.25,70.42,74.13,77.42,0.2,1.49,72.79,68.05
COIN,Coinbase,Financials,Financial Exchanges & Data,308.47,419.78,147.35,310.35,309.68,312.33,347.31,272.36,0.0,6.69,329.11,295.55
CL,Colgate-Palmolive,Consumer Staples,Household Products,83.42,106.38,83.06,84.4,84.95,84.69,86.96,89.39,0.2,3.85,86.63,82.76
CMCSA,Comcast,Communication Services,Cable & Satellite,33.57,43.96,31.41,33.84,33.69,32.97,34.06,35.59,-0.2,3.13,34.62,31.31
CAG,Conagra Brands,Consumer Staples,Packaged Foods & Meats,18.79,30.97,18.26,19.11,19.15,19.14,19.42,23.33,0.2,5.0,19.73,18.54
COP,ConocoPhillips,Energy,Oil & Gas Exploration & Production,98.45,111.14,81.29,97.67,96.03,94.54,93.41,94.94,0.1,0.26,98.71,90.36
ED,Consolidated Edison,Utilities,Multi-Utilities,98.17,111.42,85.77,99.91,100.44,101.98,100.79,99.07,0.0,7.43,105.46,98.49
STZ,Constellation Brands,Consumer Staples,Distillers & Vintners,159.09,252.91,158.37,161.85,164.09,166.98,167.49,185.97,-0.2,9.9,174.84,159.11
CEG,Constellation Energy,Utilities,Electric Utilities,319.55,354.46,170.52,314.58,316.15,326.56,321.99,272.5,0.0,9.8,350.87,302.25
COO,Cooper Companies (The),Health Care,Health Care Supplies,64.58,111.23,64.58,72.21,72.84,71.96,72.27,83.6,-0.2,19.28,77.03,66.89
CPRT,Copart,Industrials,Diversified Support Services,48.75,63.84,45.33,48.67,48.09,47.33,47.36,54.91,0.0,1.15,49.31,45.34
GLW,Corning Inc.,Information Technology,Electronic Components,68.93,68.93,38.85,67.23,66.11,65.33,58.46,50.23,0.0,-0.8,68.38,62.28
CPAY,Corpay,Financials,Transaction & Payment Processing Services,325.17,389.55,283.07,325.86,321.82,317.44,324.98,343.02,0.0,2.26,332.52,302.34
CTVA,Corteva,Materials,Fertilizers & Agricultural Chemicals,74.32,77.12,54.68,74.05,73.27,72.44,73.38,65.04,-0.2,0.54,74.72,70.17
CSGP,CoStar Group,Real Estate,Real Estate Services,90.33,96.83,69.29,90.18,89.43,91.24,87.74,79.32,-0.4,8.02,97.57,84.92
COST,Costco,Consumer Staples,Consumer Staples Merchandise Retail,944.96,1073.97,869.13,947.19,963.24,967.26,966.15,973.07,0.1,5.96,1001.28,933.28
CTRA,Coterra,Energy,Oil & Gas Exploration & Production,24.38,29.06,21.86,24.02,23.71,23.77,24.34,25.43,0.0,0.21,24.43,23.11
CRWD,CrowdStrike,Information Technology,Systems Software,442.0,514.1,246.39,424.32,422.77,429.57,461.96,408.47,0.2,2.46,452.87,406.25
CCI,Crown Castle,Real Estate,Telecom Tower REITs,97.74,115.16,82.06,101.21,101.64,103.02,103.92,97.69,-0.2,10.15,107.66,98.38
CSX,CSX Corporation,Industrials,Rail Transportation,32.66,36.52,26.58,33.0,34.57,35.1,34.34,32.19,0.0,15.62,37.76,32.44
CMI,Cummins,Industrials,Construction Machinery & Heavy Transportation Equipment,401.92,404.74,264.26,400.04,398.42,390.38,359.67,341.17,0.0,4.16,418.64,362.13
CVS,CVS Health,Health Care,Health Care Services,72.14,72.14,42.33,71.63,71.01,67.66,65.54,60.46,0.0,3.77,74.86,60.45
DHR,Danaher Corporation,Health Care,Life Sciences Tools & Services,205.29,276.83,174.36,207.21,208.35,204.81,201.2,209.74,-0.1,5.04,215.64,193.98
DRI,Darden Restaurants,Consumer Discretionary,Restaurants,206.71,224.21,150.91,206.55,206.74,205.67,209.3,194.86,0.0,1.21,209.21,202.12
DDOG,Datadog,Information Technology,Application Software,140.96,168.65,87.0,131.72,130.15,131.22,136.72,127.57,0.2,-0.79,139.85,122.61
DVA,DaVita,Health Care,Health Care Services,136.03,177.35,127.69,137.99,137.03,135.2,139.55,148.64,0.0,5.23,143.14,127.25
DAY,Dayforce,Industrials,Human Resource & Employment Services,69.7,81.8,49.33,69.5,66.89,59.91,58.26,63.28,-0.1,8.52,75.64,44.18
DECK,Deckers Brands,Consumer Discretionary,Footwear,118.14,223.11,95.32,114.14,109.35,106.59,105.29,140.28,0.1,-1.55,116.31,96.86
DE,Deere & Company,Industrials,Agricultural & Farm Machinery,491.44,529.8,370.76,491.23,490.5,497.85,505.78,473.65,-0.4,5.4,517.98,477.7
DELL,Dell Technologies,Information Technology,"Technology Hardware, Storage & Peripherals",134.05,142.14,70.88,131.88,132.73,133.65,128.68,112.63,0.0,6.19,142.35,124.94
DAL,Delta Air Lines,Industrials,Passenger Airlines,61.97,68.45,35.65,61.3,60.52,57.67,54.55,54.71,0.1,4.6,64.82,50.53
DVN,Devon Energy,Energy,Oil & Gas Exploration & Production,35.88,43.6,26.61,35.52,34.61,33.71,33.37,33.64,0.1,0.64,36.11,31.31
DXCM,Dexcom,Health Care,Health Care Equipment,75.08,90.75,59.83,77.16,79.08,78.57,82.32,79.89,0.0,10.76,83.16,73.98
FANG,Diamondback Energy,Energy,Oil & Gas Exploration & Production,149.17,194.36,117.58,145.75,142.33,141.87,141.83,149.75,0.1,-0.08,149.05,134.68
DLR,Digital Realty,Real Estate,Data Center REITs,168.57,191.46,135.17,167.83,166.67,168.37,172.04,167.21,0.0,2.84,173.36,163.39
DG,Dollar General,Consumer Staples,Consumer Staples Merchandise Retail,111.71,121.87,67.66,111.63,112.33,112.96,111.89,90.07,0.0,4.72,116.98,108.94
DLTR,Dollar Tree,Consumer Staples,Consumer Staples Merchandise Retail,112.5,117.16,61.21,112.49,112.64,114.03,109.58,84.19,0.2,4.18,117.2,110.85
D,Dominion Energy,Utilities,Multi-Utilities,59.81,62.1,49.07,60.41,60.77,61.04,58.67,55.28,-0.2,4.26,62.36,59.73
DPZ,Domino's,Consumer Discretionary,Restaurants,448.96,495.6,397.58,452.88,450.08,449.58,457.73,455.91,0.2,3.54,464.85,434.31
DASH,DoorDash,Consumer Discretionary,Specialized Consumer Services,247.33,270.99,123.56,246.87,247.31,252.25,244.66,201.77,0.0,7.67,266.3,238.21
DOV,Dover Corporation,Industrials,Industrial Machinery & Supplies & Components,181.59,205.3,150.71,182.02,179.96,178.26,182.5,185.27,0.0,1.53,184.37,172.16
DOW,Dow Inc.,Materials,Commodity Chemicals,24.57,52.18,20.87,24.82,24.2,23.04,25.77,32.64,0.0,4.8,25.75,20.32
DHI,D. R. Horton,Consumer Discretionary,Homebuilding,168.91,194.88,114.44,168.88,166.85,161.62,145.6,137.16,0.0,3.33,174.53,148.71
DTE,DTE Energy,Utilities,Multi-Utilities,136.5,141.49,114.13,138.27,138.81,139.39,136.34,129.3,-0.2,3.85,141.76,137.03
DUK,Duke Energy,Utilities,Electric Utilities,122.37,124.85,102.96,123.36,123.31,123.5,119.56,114.33,0.2,2.44,125.36,121.64
DD,DuPont,Materials,Specialty Chemicals,77.63,88.16,54.8,77.41,75.61,73.56,73.08,73.53,0.1,1.53,78.82,68.3
EMN,Eastman Chemical Company,Materials,Specialty Chemicals,68.18,110.6,58.79,68.64,67.39,64.8,72.36,84.41,0.2,4.5,71.25,58.36
ETN,Eaton Corporation,Industrials,Electrical Components & Equipment,355.34,392.76,245.66,350.43,349.73,356.85,361.09,328.91,-0.4,6.19,377.34,336.37
EBAY,eBay Inc.,Consumer Discretionary,Broadline Retail,92.8,100.77,56.78,95.78,97.65,96.13,85.11,71.27,0.2,10.55,102.59,89.68
ECL,Ecolab,Materials,Specialty Chemicals,279.02,285.47,225.1,280.14,281.38,276.45,271.06,254.87,0.2,4.01,290.21,262.68
EIX,Edison International,Utilities,Electric Utilities,54.72,84.75,47.56,55.02,55.24,55.16,52.7,58.93,-0.1,3.86,56.83,53.49
EW,Edwards Lifesciences,Health Care,Health Care Equipment,81.23,81.83,64.54,81.22,80.41,79.43,78.1,73.97,0.0,1.42,82.38,76.49
EA,Electronic Arts,Communication Services,Interactive Home Entertainment,170.99,178.81,116.08,171.88,171.59,169.83,159.85,148.49,0.2,6.54,182.17,157.5
ELV,Elevance Health,Health Care,Managed Health Care,310.41,553.55,274.66,312.16,311.13,298.21,319.6,378.3,0.0,5.31,326.89,269.52
EMR,Emerson Electric,Industrials,Electrical Components & Equipment,134.55,149.04,93.37,133.5,132.37,133.85,136.9,123.07,-0.2,4.33,140.38,127.33
ENPH,Enphase Energy,Information Technology,Semiconductor Materials & Equipment,37.58,123.65,30.11,37.9,36.66,34.43,37.08,53.51,-0.2,5.14,39.51,29.35
ETR,Entergy,Utilities,Electric Utilities,88.13,91.02,57.82,89.15,89.06,89.55,85.98,81.16,0.2,3.36,91.09,88.01
EOG,EOG Resources,Energy,Oil & Gas Exploration & Production,124.34,134.72,102.81,122.21,120.2,118.82,119.64,120.65,0.0,-0.78,123.37,114.26
EPAM,EPAM Systems,Information Technology,IT Consulting & Other Services,174.18,267.63,143.33,173.09,168.81,161.68,167.34,196.69,-0.2,2.51,178.55,144.82
EQT,EQT Corporation,Energy,Oil & Gas Exploration & Production,52.36,60.26,31.49,52.04,51.75,51.68,54.31,51.02,0.0,0.97,52.87,50.49
EFX,Equifax,Industrials,Research & Consulting Services,243.85,305.2,205.11,248.64,248.02,245.4,251.55,253.22,0.2,4.36,254.48,236.3
EQIX,Equinix,Real Estate,Data Center REITs,786.35,968.75,731.64,785.51,778.64,776.01,785.94,856.66,0.0,0.45,789.89,762.16
EQR,Equity Residential,Real Estate,Multi-Family Residential REITs,65.29,75.24,61.2,64.99,64.55,63.87,65.76,68.47,0.0,0.54,65.64,62.1
ERIE,Erie Indemnity,Financials,Insurance Brokers,351.36,537.71,339.09,356.39,359.53,359.42,353.68,385.3,0.1,5.66,371.25,347.6
ESS,Essex Property Trust,Real Estate,Multi-Family Residential REITs,267.91,308.41,252.08,266.5,263.55,259.56,274.08,281.96,0.0,0.53,269.33,249.81
EL,Estée Lauder Companies (The),Consumer Staples,Personal Care Products,91.77,99.31,49.8,90.82,90.0,90.61,87.75,73.24,-0.2,2.69,94.24,86.97
EG,Everest Group,Financials,Reinsurance,339.88,400.34,324.54,341.44,340.04,335.23,335.83,347.57,-0.2,2.42,348.11,322.34
EVRG,Evergy,Utilities,Electric Utilities,71.21,72.6,56.35,71.8,71.67,71.87,69.71,65.31,0.0,2.33,72.87,70.86
ES,Eversource Energy,Utilities,Electric Utilities,64.3,66.62,53.58,64.63,65.0,65.38,65.04,60.77,0.2,4.14,66.96,63.81
EXC,Exelon,Utilities,Electric Utilities,43.76,46.54,35.25,44.43,44.5,44.61,43.62,41.74,-0.2,3.52,45.3,43.92
EXE,Expand Energy,Energy,Oil & Gas Exploration & Production,97.24,120.67,68.08,95.62,94.88,96.28,102.84,102.44,-0.2,3.67,100.81,91.74
EXPE,Expedia Group,Consumer Discretionary,"Hotels, Resorts & Cruise Lines",214.71,214.81,129.25,213.74,210.19,201.37,187.28,177.86,0.2,4.77,224.95,177.8
EXPD,Expeditors International,Industrials,Air Freight & Logistics,121.28,129.72,102.14,121.12,120.46,119.31,116.76,114.52,0.0,1.78,123.44,115.17
EXR,Extra Space Storage,Real Estate,Self-Storage REITs,142.32,177.29,125.24,141.48,139.94,138.69,144.56,147.58,0.2,0.34,142.8,134.57
XOM,ExxonMobil,Energy,Integrated Oil & Gas,113.35,121.0,98.11,112.12,109.9,107.98,109.37,108.07,0.2,-0.03,113.32,102.63
FFIV,"F5, Inc.",Information Technology,Communications Equipment,318.4,326.47,198.85,316.93,316.17,317.9,305.56,279.44,0.2,2.38,325.98,309.82
FDS,FactSet,Financials,Financial Exchanges & Data,375.77,492.37,369.62,380.05,377.97,380.76,412.08,444.15,0.0,5.23,395.42,366.1
FICO,Fair Isaac,Information Technology,Application Software,1506.37,2382.4,1311.26,1437.13,1396.97,1369.32,1545.09,1852.93,0.4,-2.74,1465.1,1273.6
FAST,Fastenal,Industrials,Trading Companies & Distributors,50.18,50.39,32.09,50.2,49.76,48.51,45.81,40.42,0.0,3.13,51.75,45.28
FRT,Federal Realty Investment Trust,Real Estate,Retail REITs,99.82,113.73,82.59,99.49,97.45,94.97,94.62,99.08,0.1,1.3,101.12,88.83
FDX,FedEx,Industrials,Air Freight & Logistics,231.27,300.06,196.8,232.88,230.5,227.89,230.19,243.75,-0.2,2.78,237.7,218.07
FIS,Fidelity National Information Services,Financials,Transaction & Payment Processing Services,69.75,89.62,67.79,70.47,70.15,71.41,76.94,77.43,0.0,9.85,76.62,66.2
FITB,Fifth Third Bancorp,Financials,Regional Banks,45.6,47.14,33.02,45.05,43.93,42.83,42.45,40.99,0.0,0.39,45.78,39.89
FSLR,First Solar,Information Technology,Semiconductors,197.02,255.75,120.38,197.34,201.54,192.83,177.88,165.4,0.2,8.58,213.92,171.73
FE,FirstEnergy,Utilities,Electric Utilities,43.56,43.95,37.17,43.67,43.51,43.43,41.5,40.18,0.0,1.12,44.05,42.81
FI,Fiserv,Financials,Transaction & Payment Processing Services,137.65,237.79,132.22,138.09,138.33,136.12,151.93,191.05,-0.2,2.54,141.15,131.1
F,Ford Motor Company,Consumer Discretionary,Automobile Manufacturers,11.71,11.91,8.45,11.8,11.63,11.37,11.2,10.07,0.2,2.9,12.05,10.69
FTNT,Fortinet,Information Technology,Systems Software,79.29,114.57,74.39,78.55,78.8,81.8,95.03,98.57,-0.2,23.0,97.53,66.08
FTV,Fortive,Industrials,Industrial Machinery & Supplies & Components,48.01,62.47,46.55,48.58,48.28,47.9,50.32,54.68,0.2,2.56,49.24,46.56
FOXA,Fox Corporation (Class A),Communication Services,Broadcasting,59.46,59.89,38.72,59.45,58.93,57.42,56.49,52.51,0.2,3.75,61.69,53.15
FOX,Fox Corporation (Class B),Communication Services,Broadcasting,54.3,54.64,35.86,54.34,53.91,52.44,51.77,48.81,0.2,3.94,56.44,48.44
BEN,Franklin Resources,Financials,Asset Management & Custody Banks,25.54,26.03,16.43,25.44,25.15,25.18,24.57,21.08,-0.2,2.19,26.1,24.25
FCX,Freeport-McMoRan,Materials,Copper,44.37,51.16,28.93,43.91,42.82,41.99,43.12,39.71,-0.2,0.81,44.73,39.25
GRMN,Garmin,Consumer Discretionary,Consumer Electronics,241.05,241.05,159.72,235.56,233.59,231.67,223.18,211.06,0.4,-0.15,240.69,222.67
IT,Gartner,Information Technology,IT Consulting & Other Services,247.73,551.8,225.98,245.72,243.8,249.53,326.66,435.54,-0.2,23.72,306.49,192.58
GE,GE Aerospace,Industrials,Aerospace & Defense,276.0,279.63,159.16,271.29,269.38,271.21,262.53,213.8,-0.2,1.04,278.87,263.54
GEHC,GE HealthCare,Health Care,Health Care Equipment,73.72,93.69,58.69,74.38,73.94,73.01,74.08,77.61,0.0,3.53,76.32,69.69
GEV,GE Vernova,Industrials,Heavy Electrical Equipment,633.69,664.55,183.64,618.27,615.2,632.41,586.42,420.27,0.0,6.3,673.61,591.19
GEN,Gen Digital,Information Technology,Systems Software,30.21,32.03,23.31,30.89,31.13,30.51,30.04,28.16,0.0,9.04,32.94,28.07
GNRC,Generac,Industrials,Electrical Components & Equipment,186.92,202.85,101.92,190.23,192.74,194.78,167.54,148.9,0.2,8.76,203.29,186.27
GD,General Dynamics,Industrials,Aerospace & Defense,324.91,325.46,239.38,322.41,318.97,316.56,305.46,276.07,0.2,-0.15,324.42,308.7
GIS,General Mills,Consumer Staples,Packaged Foods & Meats,48.44,72.16,48.44,49.29,49.48,49.46,50.35,56.32,-0.2,3.82,50.29,48.62
GM,General Motors,Consumer Discretionary,Automobile Manufacturers,58.49,59.72,42.35,58.54,57.56,55.63,53.22,50.44,0.0,2.8,60.13,51.12
GPC,Genuine Parts Company,Consumer Discretionary,Distributors,139.31,140.16,104.68,139.33,138.37,136.01,129.83,121.82,0.0,2.15,142.31,129.73
GILD,Gilead Sciences,Health Care,Biotechnology,112.56,120.47,74.59,114.03,115.94,115.96,112.86,103.51,0.0,8.72,122.38,109.54
GPN,Global Payments,Financials,Transaction & Payment Processing Services,88.22,118.42,67.25,88.62,87.44,84.76,82.35,93.74,0.1,4.27,91.99,77.52
GL,Globe Life,Financials,Life & Health Insurance,140.46,143.27,100.46,140.25,138.82,139.15,130.34,121.2,0.0,1.33,142.33,135.96
GDDY,GoDaddy,Information Technology,Internet Services & Infrastructure,147.86,214.35,133.35,147.0,146.2,146.58,161.83,182.02,-0.2,7.27,158.61,134.55
GS,Goldman Sachs,Financials,Investment Banking & Brokerage,751.22,751.22,459.93,746.1,735.02,731.35,713.07,614.26,0.2,0.76,756.93,705.78
HAL,Halliburton,Energy,Oil & Gas Equipment & Services,22.63,31.33,19.1,22.28,21.74,21.47,21.59,23.98,0.0,-0.22,22.58,20.36
HIG,Hartford (The),Financials,Property & Casualty Insurance,132.22,134.02,105.42,132.95,132.41,130.23,126.25,119.72,0.2,2.81,135.94,124.54
HAS,Hasbro,Consumer Discretionary,Leisure Products,81.6,81.85,49.75,81.53,80.73,78.88,76.22,63.97,0.2,2.23,83.42,74.34
HCA,HCA Healthcare,Health Care,Health Care Facilities,407.28,412.92,295.46,404.41,402.86,389.55,376.56,344.3,0.2,3.68,422.27,356.85
DOC,Healthpeak Properties,Real Estate,Health Care REITs,17.86,21.82,16.53,17.74,17.47,17.16,17.52,18.59,-0.2,0.34,17.92,16.4
HSIC,Henry Schein,Health Care,Health Care Distributors,69.03,81.91,62.7,69.03,68.54,67.84,70.33,71.26,0.0,2.23,70.57,65.12
HSY,Hershey Company (The),Consumer Staples,Packaged Foods & Meats,179.99,196.72,141.22,181.43,180.53,181.61,176.11,166.78,0.0,5.39,189.69,173.52
HPE,Hewlett Packard Enterprise,Information Technology,"Technology Hardware, Storage & Peripherals",23.16,24.05,12.42,22.68,22.04,21.31,20.62,19.3,0.0,0.47,23.27,19.35
HLT,Hilton Worldwide,Consumer Discretionary,"Hotels, Resorts & Cruise Lines",276.3,278.65,201.16,275.92,272.73,268.39,268.17,250.4,0.0,1.4,280.17,256.63
HOLX,Hologic,Health Care,Health Care Equipment,66.62,83.72,52.73,67.07,67.42,67.65,66.08,66.09,0.1,3.51,68.96,66.34
HD,Home Depot (The),Consumer Discretionary,Home Improvement Retail,407.45,426.0,333.17,408.98,404.56,396.87,378.74,380.51,0.1,2.7,418.45,375.3
HON,Honeywell,Industrials,Industrial Conglomerates,221.35,239.16,180.99,221.72,219.29,218.24,225.54,217.51,-0.2,0.75,223.01,213.46
HRL,Hormel Foods,Consumer Staples,Packaged Foods & Meats,25.22,32.6,25.22,28.22,28.38,28.42,29.22,29.6,0.0,18.95,30.0,26.83
HST,Host Hotels & Resorts,Real Estate,Hotel & Resort REITs,17.29,18.25,12.54,17.08,16.54,16.05,16.05,15.8,0.0,0.52,17.38,14.72
HWM,Howmet Aerospace,Industrials,Aerospace & Defense,176.16,192.01,91.19,173.99,173.14,176.67,179.96,144.14,-0.4,4.97,184.92,168.43
HPQ,HP Inc.,Information Technology,"Technology Hardware, Storage & Peripherals",28.35,38.15,21.63,27.54,27.13,26.42,25.63,28.8,0.1,0.39,28.46,24.38
HUBB,Hubbell Incorporated,Industrials,Industrial Machinery & Supplies & Components,445.8,467.52,314.89,442.56,436.3,431.89,423.94,400.08,0.0,0.82,449.46,414.34
HUM,Humana,Health Care,Managed Health Care,297.89,366.52,220.41,298.15,293.7,278.52,253.02,260.31,-0.1,5.48,314.21,242.83
HBAN,Huntington Bancshares,Financials,Regional Banks,17.8,17.8,12.37,17.55,17.11,16.68,16.75,15.94,0.0,0.22,17.84,15.52
HII,Huntington Ingalls Industries,Industrials,Aerospace & Defense,275.27,278.86,157.56,272.82,269.69,268.68,258.37,214.82,0.4,-0.17,274.8,262.55
IBM,IBM,Information Technology,IT Consulting & Other Services,245.73,292.8,193.01,242.94,241.71,242.72,265.03,245.43,-0.2,2.52,251.92,233.51
IEX,IDEX Corporation,Industrials,Industrial Machinery & Supplies & Components,165.22,233.54,157.53,166.37,165.31,163.32,172.71,189.98,0.0,3.2,170.51,156.14
IDXX,Idexx Laboratories,Health Care,Health Care Equipment,647.03,682.78,361.04,643.3,641.48,641.48,579.06,478.58,0.0,7.53,695.75,587.24
ITW,Illinois Tool Works,Industrials,Industrial Machinery & Supplies & Components,265.75,273.51,217.09,266.99,263.98,261.01,256.96,252.68,0.2,1.85,270.67,251.35
INCY,Incyte,Health Care,Biotechnology,83.7,86.92,55.17,84.47,85.24,82.54,74.77,69.64,0.2,7.4,89.89,75.18
IR,Ingersoll Rand,Industrials,Industrial Machinery & Supplies & Components,80.26,105.27,66.72,80.47,79.59,78.57,82.83,85.94,-0.2,2.4,82.19,74.96
PODD,Insulet Corporation,Health Care,Health Care Equipment,337.6,337.6,192.58,332.71,329.62,313.84,303.32,282.02,0.0,3.99,351.07,276.62
INTC,Intel,Information Technology,Semiconductors,24.93,27.39,18.13,24.7,24.4,22.59,22.41,21.72,0.2,7.46,26.79,18.38
IBKR,Interactive Brokers,Financials,Investment Banking & Brokerage,62.78,67.63,30.02,62.61,62.73,63.74,60.81,50.56,-0.2,6.05,66.58,60.89
ICE,Intercontinental Exchange,Financials,Financial Exchanges & Data,177.14,188.45,142.02,178.6,179.09,182.33,182.02,168.09,0.2,7.23,189.95,174.72
IFF,International Flavors & Fragrances,Materials,Specialty Chemicals,67.1,104.49,63.46,67.14,66.49,66.47,71.6,78.4,-0.2,4.72,70.27,62.66
IP,International Paper,Materials,Paper & Plastic Packaging Products & Materials,48.96,58.45,43.05,48.88,48.02,47.4,48.93,50.73,0.0,1.39,49.64,45.17
IPG,Interpublic Group of Companies (The),Communication Services,Advertising,26.69,31.12,22.6,26.94,26.66,25.85,25.24,25.97,0.1,3.86,27.72,23.98
INTU,Intuit,Information Technology,Application Software,668.2,807.39,542.39,662.11,684.24,715.24,748.31,663.13,0.0,19.38,797.7,632.81
ISRG,Intuitive Surgical,Health Care,Health Care Equipment,473.84,610.45,451.58,472.77,475.49,476.09,500.5,529.01,0.0,2.47,485.54,466.62
IVZ,Invesco,Financials,Asset Management & Custody Banks,22.06,22.06,11.86,21.84,21.36,21.06,19.06,16.61,-0.2,0.36,22.14,19.99
INVH,Invitation Homes,Real Estate,Single-Family Residential REITs,30.94,36.03,29.76,30.96,30.69,30.45,31.62,32.27,0.2,0.84,31.2,29.71
IQV,IQVIA,Health Care,Life Sciences Tools & Services,188.73,251.55,137.0,188.89,189.79,186.45,176.07,178.74,-0.1,3.77,195.85,177.04
IRM,Iron Mountain,Real Estate,Other Specialized REITs,91.97,125.19,76.34,92.18,91.66,92.01,96.75,97.65,-0.2,3.5,95.19,88.82
JBHT,J.B. Hunt,Industrials,Cargo Ground Transportation,143.98,195.43,123.94,145.4,144.61,143.15,145.9,154.85,0.2,3.31,148.75,137.55
JBL,Jabil,Information Technology,Electronic Manufacturing Services,209.87,230.3,100.84,208.96,209.1,215.28,217.96,166.76,-0.2,9.4,229.6,200.97
JKHY,Jack Henry & Associates,Financials,Transaction & Payment Processing Services,162.82,190.67,158.52,162.98,162.38,163.04,172.21,174.21,-0.2,3.75,168.93,157.17
J,Jacobs Solutions,Industrials,Construction & Engineering,146.91,151.85,109.18,147.8,147.38,146.75,139.69,130.78,0.2,3.79,152.48,141.02
JNJ,Johnson & Johnson,Health Care,Pharmaceuticals,175.45,177.98,138.72,176.76,176.58,173.68,164.21,154.42,0.2,2.8,180.36,167.0
JCI,Johnson Controls,Industrials,Building Products,108.65,111.73,66.66,108.01,106.45,106.0,106.13,90.03,-0.2,0.28,108.95,103.05
JPM,JPMorgan Chase,Financials,Diversified Banks,301.07,301.07,199.83,298.01,294.64,292.78,290.39,258.65,0.2,-0.36,299.99,285.57
K,Kellanova,Consumer Staples,Packaged Foods & Meats,79.47,82.31,77.85,79.83,79.94,79.99,79.69,80.64,-0.1,1.11,80.35,79.63
KVUE,Kenvue,Consumer Staples,Personal Care Products,20.54,24.0,19.25,20.98,21.17,21.3,21.32,21.95,-0.2,7.11,22.0,20.59
KDP,Keurig Dr Pepper,Consumer Staples,Soft Drinks & Non-alcoholic Beverages,29.29,36.99,28.95,30.84,32.92,33.49,33.42,32.82,0.0,27.96,37.48,29.49
KEY,KeyCorp,Financials,Regional Banks,19.35,19.39,13.06,19.21,18.68,18.22,18.04,16.82,0.2,0.72,19.49,16.95
KEYS,Keysight Technologies,Information Technology,Electronic Equipment & Instruments,166.53,185.11,127.02,165.63,163.85,163.52,163.86,160.94,-0.2,1.7,169.36,157.69
KMB,Kimberly-Clark,Consumer Staples,Household Products,128.72,146.03,122.21,130.6,131.64,133.0,130.41,132.59,0.1,6.7,137.34,128.66
KIM,Kimco Realty,Real Estate,Retail REITs,22.4,24.93,18.48,22.26,21.85,21.48,21.44,21.61,-0.1,0.49,22.51,20.44
KMI,Kinder Morgan,Energy,Oil & Gas Storage & Transportation,27.01,30.24,19.94,26.73,26.63,26.92,27.38,26.97,0.0,3.7,28.01,25.82
KKR,KKR & Co.,Financials,Asset Management & Custody Banks,140.09,166.38,92.52,140.22,139.95,142.02,140.27,134.86,0.2,5.32,147.54,136.51
KLAC,KLA Corporation,Information Technology,Semiconductor Materials & Equipment,894.0,953.34,573.9,884.16,880.42,896.78,902.29,752.75,0.0,5.72,945.14,848.42
KHC,Kraft Heinz,Consumer Staples,Packaged Foods & Meats,27.64,34.7,25.61,27.8,27.65,27.54,27.28,28.52,-0.3,1.85,28.15,26.94
KR,Kroger,Consumer Staples,Food Retail,67.46,73.97,50.47,68.83,69.75,70.89,70.83,65.59,0.0,10.67,74.66,67.11
LHX,L3Harris,Industrials,Aerospace & Defense,277.04,278.26,192.63,276.68,275.04,274.36,265.55,231.44,0.0,1.28,280.59,268.13
LH,Labcorp,Health Care,Health Care Services,275.29,279.3,210.19,277.47,275.86,270.74,262.45,245.08,0.2,2.91,283.3,258.18
LRCX,Lam Research,Information Technology,Semiconductor Materials & Equipment,104.09,107.38,58.94,102.55,100.9,100.94,99.13,82.35,0.0,3.21,107.43,94.44
LW,Lamb Weston,Consumer Staples,Packaged Foods & Meats,56.25,80.72,47.73,56.46,55.57,54.44,53.56,57.69,0.1,2.9,57.88,51.0
LVS,Las Vegas Sands,Consumer Discretionary,Casinos & Gaming,57.71,57.71,30.35,56.37,54.91,53.96,50.22,45.06,0.2,-1.02,57.12,50.79
LDOS,Leidos,Industrials,Diversified Support Services,181.36,199.72,126.1,182.09,180.55,177.02,166.61,151.7,0.0,4.53,189.58,164.48
LEN,Lennar,Consumer Discretionary,Homebuilding,133.13,183.45,101.84,134.06,132.74,127.41,118.05,123.13,0.1,5.37,140.28,114.55
LII,Lennox International,Industrials,Building Products,559.48,674.16,506.5,571.31,582.15,589.28,597.4,595.32,0.0,10.75,619.62,558.92
LLY,Lilly (Eli),Health Care,Pharmaceuticals,731.96,952.73,624.28,721.83,712.69,702.07,748.14,784.97,-0.2,7.77,788.83,615.32
LIN,Linde plc,Materials,Industrial Gases,482.15,482.71,410.23,481.26,480.79,475.74,470.54,453.73,0.0,1.22,488.03,463.42
LYV,Live Nation Entertainment,Communication Services,Movies & Entertainment,166.62,166.62,92.78,166.07,164.07,158.63,152.85,140.02,0.0,3.11,171.8,145.46
LKQ,LKQ Corporation,Consumer Discretionary,Distributors,32.25,43.02,28.96,31.87,31.36,30.6,33.9,37.54,0.2,1.43,32.71,28.49
LMT,Lockheed Martin,Industrials,Aerospace & Defense,456.18,602.16,410.74,452.01,447.25,438.72,447.28,465.52,0.0,0.8,459.83,417.61
L,Loews Corporation,Financials,Multi-line Insurance,96.52,96.7,76.27,96.15,95.92,94.75,92.42,87.49,0.2,1.48,97.95,91.55
LOW,Lowe's,Consumer Discretionary,Home Improvement Retail,257.54,278.66,209.46,259.43,256.92,248.95,232.86,238.0,0.1,4.58,269.34,228.57
LULU,Lululemon Athletica,Consumer Discretionary,"Apparel, Accessories & Luxury Goods",205.08,421.16,186.44,204.64,201.92,197.81,216.4,303.91,0.2,1.79,208.75,186.86
LYB,LyondellBasell,Materials,Specialty Chemicals,55.86,90.95,47.21,56.64,54.78,52.29,56.99,63.79,0.2,4.74,58.51,46.07
MTB,M&T Bank,Financials,Regional Banks,200.8,217.42,155.42,200.12,195.73,191.99,193.9,187.97,0.0,1.06,202.93,181.06
MPC,Marathon Petroleum,Energy,Oil & Gas Refining & Marketing,179.3,181.25,117.23,174.75,169.12,165.56,169.39,151.89,0.0,-0.84,177.79,153.32
MKTX,MarketAxess,Financials,Financial Exchanges & Data,182.55,289.47,182.55,187.74,187.59,190.27,205.09,216.83,0.0,12.41,205.2,175.33
MAR,Marriott International,Consumer Discretionary,"Hotels, Resorts & Cruise Lines",270.25,302.22,210.04,270.04,267.15,264.08,269.19,266.04,-0.2,1.31,273.79,254.35
MMC,Marsh McLennan,Financials,Insurance Brokers,206.44,243.22,197.78,207.36,208.49,205.86,209.25,220.14,0.0,3.4,213.46,198.27
MLM,Martin Marietta Materials,Materials,Construction Materials,612.29,620.08,451.86,611.67,607.99,606.24,578.46,540.8,-0.2,1.98,624.41,588.04
MAS,Masco,Industrials,Building Products,73.55,84.25,58.18,74.49,73.88,72.09,67.98,69.89,-0.1,4.5,76.86,67.32
MA,Mastercard,Financials,Transaction & Payment Processing Services,590.48,598.96,469.1,592.98,590.09,580.54,566.27,548.06,0.2,2.13,603.06,558.0
MTCH,Match Group,Communication Services,Interactive Media & Services,37.04,38.74,26.87,37.25,37.4,36.72,34.13,31.88,0.2,7.07,39.66,33.79
MKC,McCormick & Company,Consumer Staples,Packaged Foods & Meats,69.86,83.73,68.41,70.74,70.18,70.08,71.8,75.06,0.2,2.58,71.66,68.49
MCD,McDonald's,Consumer Discretionary,Restaurants,312.22,319.48,276.57,312.82,311.9,308.29,300.62,300.03,0.2,1.52,316.97,299.61
MCK,McKesson Corporation,Health Care,Health Care Distributors,681.02,735.33,477.52,682.68,684.35,683.35,703.35,658.25,-0.2,5.07,715.55,651.15
MDT,Medtronic,Health Care,Health Care Equipment,91.96,93.22,78.03,92.19,92.1,91.64,90.02,86.36,-0.2,2.5,94.26,89.03
MRK,Merck & Co.,Health Care,Pharmaceuticals,83.21,115.53,72.74,84.99,84.91,82.76,81.98,86.88,0.1,5.28,87.6,77.93
META,Meta Platforms,Communication Services,Interactive Media & Services,751.11,790.0,484.29,752.14,755.16,763.13,734.23,646.21,0.0,5.34,791.22,735.06
MET,MetLife,Financials,Life & Health Insurance,80.8,86.38,67.4,81.05,79.73,77.65,77.74,79.16,0.0,2.34,82.69,72.62
MTD,Mettler Toledo,Health Care,Life Sciences Tools & Services,1283.11,1499.7,970.15,1292.87,1300.55,1279.02,1236.18,1214.59,0.0,5.42,1352.65,1205.36
MGM,MGM Resorts,Consumer Discretionary,Casinos & Gaming,39.59,41.99,25.79,38.81,37.54,36.41,36.57,34.25,0.2,-0.05,39.57,33.25
MCHP,Microchip Technology,Information Technology,Semiconductors,65.25,79.81,34.83,67.44,66.38,65.54,68.99,58.77,0.0,6.42,69.44,61.64
MU,Micron Technology,Information Technology,Semiconductors,122.0,127.79,64.66,118.07,118.98,117.6,118.24,99.97,-0.4,6.63,130.09,105.12
MSFT,Microsoft,Information Technology,Systems Software,509.64,534.76,353.33,505.98,508.35,516.22,507.1,440.46,0.4,4.92,534.71,497.72
MAA,Mid-America Apartment Communities,Real Estate,Multi-Family Residential REITs,144.13,167.59,138.38,143.25,142.3,141.24,145.78,152.5,0.2,0.25,144.49,137.99
MRNA,Moderna,Health Care,Biotechnology,24.47,79.51,23.65,25.35,26.39,26.54,29.02,32.44,-0.2,17.33,28.71,24.37
MHK,Mohawk Industries,Consumer Discretionary,Home Furnishings,132.48,161.25,97.99,132.22,129.23,125.91,116.55,116.85,0.1,2.93,136.36,115.47
MOH,Molina Healthcare,Health Care,Managed Health Care,174.72,360.77,152.31,175.05,173.22,164.84,202.77,280.81,0.2,4.38,182.37,147.31
TAP,Molson Coors Beverage Company,Consumer Staples,Brewers,50.22,62.37,47.24,51.22,51.33,50.7,49.92,55.22,-0.1,5.38,52.92,48.48
MDLZ,Mondelez International,Consumer Staples,Packaged Foods & Meats,61.28,73.6,55.34,62.09,62.31,62.29,65.83,63.63,0.0,4.05,63.76,60.82
MPWR,Monolithic Power Systems,Information Technology,Semiconductors,858.46,937.7,454.23,851.46,842.59,830.08,767.87,656.17,0.0,2.18,877.17,783.03
MNST,Monster Beverage,Consumer Staples,Soft Drinks & Non-alcoholic Beverages,62.02,64.69,46.16,62.2,63.25,62.6,61.62,57.1,0.0,7.05,66.39,58.8
MCO,Moody's Corporation,Financials,Financial Exchanges & Data,509.43,524.53,395.22,511.38,511.9,513.18,503.79,480.23,0.0,2.52,522.27,504.09
MS,Morgan Stanley,Financials,Investment Banking & Brokerage,150.18,150.18,93.79,148.84,146.58,144.98,141.89,128.57,0.0,0.85,151.46,138.51
MOS,Mosaic Company (The),Materials,Fertilizers & Agricultural Chemicals,33.95,37.81,22.62,33.28,32.85,32.88,34.97,29.58,0.2,4.51,35.48,30.28
MSI,Motorola Solutions,Information Technology,Communications Equipment,470.1,500.78,393.68,462.54,461.92,456.72,435.05,441.27,-0.1,1.79,478.51,434.92
MSCI,MSCI Inc.,Financials,Financial Exchanges & Data,568.55,630.0,503.37,571.74,568.1,561.18,562.92,570.08,-0.2,2.38,582.08,540.29
NDAQ,"Nasdaq, Inc.",Financials,Financial Exchanges & Data,95.24,96.94,66.19,94.81,94.54,95.38,92.24,81.97,-0.2,2.25,97.38,93.39
NTAP,NetApp,Information Technology,"Technology Hardware, Storage & Peripherals",117.22,130.49,75.73,112.06,110.33,107.78,106.37,106.11,0.0,-1.68,115.25,100.32
NFLX,Netflix,Communication Services,Movies & Entertainment,1231.45,1339.13,665.77,1220.75,1222.2,1207.43,1230.16,1052.15,-0.2,2.29,1259.65,1155.21
NEM,Newmont,Materials,Gold,72.97,72.97,36.61,71.93,70.45,69.03,63.54,50.36,0.0,1.0,73.7,64.35
NWSA,News Corp (Class A),Communication Services,Publishing,29.48,30.5,23.97,29.9,29.77,29.46,29.43,28.25,0.4,3.29,30.45,28.46
NWS,News Corp (Class B),Communication Services,Publishing,34.05,35.17,26.94,34.47,34.38,33.96,33.91,32.12,0.2,3.17,35.13,32.8
NEE,NextEra Energy,Utilities,Multi-Utilities,72.09,83.49,63.6,74.49,75.24,73.44,73.14,70.97,0.0,7.7,77.64,69.25
NKE,"Nike, Inc.",Consumer Discretionary,"Apparel, Accessories & Luxury Goods",77.92,87.95,52.92,78.44,77.59,76.31,73.6,69.93,0.0,2.05,79.52,73.1
NI,NiSource,Utilities,Multi-Utilities,42.14,43.33,31.79,42.51,42.33,42.42,41.11,38.6,0.0,2.44,43.17,41.67
NDSN,Nordson Corporation,Industrials,Industrial Machinery & Supplies & Components,224.67,261.43,166.9,225.93,220.81,217.16,217.3,213.4,0.0,1.89,228.92,205.41
NSC,Norfolk Southern,Industrials,Rail Transportation,277.8,285.53,204.09,277.76,280.47,280.1,271.04,247.67,-0.2,3.3,286.97,273.21
NTRS,Northern Trust,Financials,Asset Management & Custody Banks,130.99,132.06,83.86,131.02,129.07,127.72,126.56,108.63,0.0,0.77,132.0,123.45
NOC,Northrop Grumman,Industrials,Aerospace & Defense,587.9,597.21,429.46,589.34,589.15,587.11,548.52,498.03,0.0,1.37,595.95,578.26
NCLH,Norwegian Cruise Line Holdings,Consumer Discretionary,"Hotels, Resorts & Cruise Lines",25.39,29.07,15.5,24.94,24.52,24.52,23.01,22.57,0.0,0.59,25.54,23.51
NRG,NRG Energy,Utilities,Independent Power Producers & Energy Traders,148.66,173.91,75.33,146.57,147.44,152.99,154.07,119.95,0.0,14.13,169.67,136.32
NUE,Nucor,Materials,Steel,149.8,165.5,102.79,149.11,146.82,143.4,139.8,128.93,0.2,1.52,152.08,134.72
NVDA,Nvidia,Information Technology,Semiconductors,180.17,183.16,94.3,180.27,178.98,179.68,169.95,138.61,-0.4,2.75,185.12,174.22
NVR,"NVR, Inc.",Consumer Discretionary,Homebuilding,8074.8,9924.4,6700.0,8103.28,8113.59,8024.23,7727.94,7730.91,0.1,3.38,8347.73,7700.79
NXPI,NXP Semiconductors,Information Technology,Semiconductors,239.07,252.0,152.79,237.21,232.88,223.27,223.04,210.12,0.2,3.64,247.77,198.77
ORLY,O’Reilly Automotive,Consumer Discretionary,Automotive Retail,103.99,104.44,73.94,103.2,102.89,102.62,96.65,89.72,0.0,1.06,105.09,100.15
OXY,Occidental Petroleum,Energy,Oil & Gas Exploration & Production,47.51,56.11,35.91,46.53,45.43,44.57,44.27,45.47,0.1,-0.67,47.19,41.95
ODFL,Old Dominion,Industrials,Cargo Ground Transportation,149.7,230.8,141.85,154.52,152.9,149.94,157.91,173.91,0.2,6.09,158.82,141.07
OMC,Omnicom Group,Communication Services,Advertising,77.73,102.78,69.22,78.59,77.83,75.56,74.02,79.99,0.1,3.91,80.77,70.34
ON,ON Semiconductor,Information Technology,Semiconductors,50.78,77.87,31.95,51.16,50.55,50.02,54.1,52.15,0.0,7.48,54.58,45.46
OKE,Oneok,Energy,Oil & Gas Storage & Transportation,75.89,112.93,73.04,74.93,74.28,75.02,78.19,89.26,-0.2,3.2,78.32,71.71
ORCL,Oracle Corporation,Information Technology,Application Software,240.32,256.43,122.56,236.42,238.23,244.32,236.77,181.53,0.4,8.21,260.05,228.58
OTIS,Otis Worldwide,Industrials,Industrial Machinery & Supplies & Components,86.25,104.22,84.52,87.41,87.74,87.13,92.3,95.41,0.0,3.8,89.53,84.72
PCAR,Paccar,Industrials,Construction Machinery & Heavy Transportation Equipment,100.68,113.98,85.82,100.88,99.62,98.61,97.25,100.05,0.1,1.37,102.06,95.17
PKG,Packaging Corporation of America,Materials,Paper & Plastic Packaging Products & Materials,216.65,244.28,174.83,212.79,205.82,200.63,199.54,206.0,-0.1,0.08,216.82,184.44
PLTR,Palantir Technologies,Information Technology,Application Software,158.12,186.97,30.16,158.32,161.28,169.23,155.19,108.5,-0.2,22.35,193.46,145.01
PANW,Palo Alto Networks,Information Technology,Systems Software,191.02,208.28,152.44,186.66,183.59,177.54,189.54,187.39,0.0,0.39,191.76,163.32
PSKY,Paramount Skydance Corporation,Communication Services,Movies & Entertainment,14.69,16.03,9.8,15.46,14.8,13.44,13.05,11.65,0.2,17.22,17.22,9.67
PH,Parker Hannifin,Industrials,Industrial Machinery & Supplies & Components,766.84,768.1,515.78,759.82,748.55,738.59,720.17,666.13,0.0,1.26,776.5,700.7
PAYX,Paychex,Industrials,Human Resource & Employment Services,138.72,158.58,125.82,138.94,138.68,138.76,142.28,144.47,-0.2,1.87,141.31,136.21
PAYC,Paycom,Industrials,Human Resource & Employment Services,225.71,265.28,153.91,228.77,226.47,225.02,228.22,224.41,0.0,4.24,235.28,214.77
PYPL,PayPal,Financials,Transaction & Payment Processing Services,70.06,91.81,57.41,69.85,69.27,68.8,71.9,75.38,0.0,1.23,70.92,66.68
PNR,Pentair,Industrials,Industrial Machinery & Supplies & Components,109.18,109.34,75.76,108.84,107.14,105.52,104.37,98.23,0.2,1.61,110.94,100.1
PEP,PepsiCo,Consumer Staples,Soft Drinks & Non-alcoholic Beverages,146.98,173.24,127.06,147.89,149.13,146.46,140.6,143.14,0.1,4.93,154.23,138.7
PFE,Pfizer,Health Care,Pharmaceuticals,24.6,28.21,20.83,25.12,25.23,24.81,24.53,24.2,0.0,5.98,26.07,23.56
PCG,PG&E Corporation,Utilities,Multi-Utilities,14.99,21.53,13.0,15.04,15.1,15.08,14.28,16.68,-0.1,4.54,15.67,14.49
PM,Philip Morris International,Consumer Staples,Tobacco,165.77,183.57,115.19,167.15,168.47,167.51,172.26,152.85,0.2,4.78,173.69,161.32
PSX,Phillips 66,Energy,Oil & Gas Refining & Marketing,132.83,135.19,91.09,130.96,126.9,123.12,123.79,118.25,-0.2,0.13,133.0,113.24
PNW,Pinnacle West Capital,Utilities,Multi-Utilities,89.32,93.78,79.36,90.21,90.82,91.62,90.4,88.89,0.2,5.16,93.93,89.3
PNC,PNC Financial Services,Financials,Diversified Banks,205.62,209.23,146.94,203.5,198.28,193.99,192.14,183.93,0.0,0.24,206.11,181.86
POOL,Pool Corporation,Consumer Discretionary,Distributors,314.97,385.63,283.92,319.27,318.26,315.13,307.41,323.71,0.1,4.71,329.81,300.45
PPG,PPG Industries,Materials,Specialty Chemicals,111.22,131.36,90.49,112.47,112.16,109.57,111.99,112.52,0.2,4.6,116.34,102.8
PPL,PPL Corporation,Utilities,Electric Utilities,36.56,37.24,30.73,36.62,36.64,36.52,35.5,34.16,0.0,2.11,37.33,35.71
PFG,Principal Financial Group,Financials,Life & Health Insurance,80.22,88.8,68.88,80.52,79.39,78.03,78.96,79.31,-0.2,1.58,81.49,74.57
PG,Procter & Gamble,Consumer Staples,Personal Care Products,155.65,176.3,150.47,156.68,157.01,155.06,156.13,162.7,0.0,2.95,160.24,149.87
PGR,Progressive Corporation,Financials,Property & Casualty Insurance,246.11,291.0,234.89,246.03,247.66,246.48,250.05,259.96,0.2,2.65,252.63,240.33
PLD,Prologis,Real Estate,Industrial REITs,112.64,127.92,88.91,112.11,110.19,107.89,107.68,108.7,-0.1,0.99,113.76,102.02
PRU,Prudential Financial,Financials,Life & Health Insurance,108.74,124.75,92.74,109.32,107.7,105.0,104.37,107.87,0.1,2.7,111.68,98.32
PEG,Public Service Enterprise Group,Utilities,Electric Utilities,82.59,92.39,76.52,83.04,83.77,85.74,84.68,82.96,0.0,9.24,90.22,81.26
PTC,PTC Inc.,Information Technology,Application Software,215.03,216.53,136.74,214.71,212.04,210.76,196.98,178.96,0.0,1.91,219.14,202.39
PSA,Public Storage,Real Estate,Self-Storage REITs,291.67,354.44,263.65,291.06,287.98,284.62,287.43,296.33,-0.2,0.61,293.45,275.79
PHM,PulteGroup,Consumer Discretionary,Homebuilding,131.47,148.13,91.82,131.65,129.74,125.96,116.59,110.62,0.2,3.35,135.87,116.05
PWR,Quanta Services,Industrials,Construction & Engineering,385.96,421.68,236.56,381.92,380.71,383.96,386.47,327.55,-0.4,2.27,394.72,373.19
QCOM,Qualcomm,Information Technology,Semiconductors,160.8,175.11,123.92,158.83,157.67,153.74,155.82,154.85,-0.2,2.05,164.1,143.39
DGX,Quest Diagnostics,Health Care,Health Care Services,179.2,184.4,144.81,179.64,180.79,178.16,174.86,166.98,0.2,3.46,185.4,170.92
RL,Ralph Lauren Corporation,Consumer Discretionary,"Apparel, Accessories & Luxury Goods",297.64,304.45,166.99,291.73,289.6,292.44,287.76,251.15,0.0,2.55,305.23,279.63
RJF,Raymond James Financial,Financials,Investment Banking & Brokerage,168.71,171.46,113.62,167.16,165.22,165.24,161.12,153.48,0.0,0.3,169.22,161.27
RTX,RTX Corporation,Industrials,Aerospace & Defense,160.66,160.66,112.45,158.52,156.87,155.99,151.39,131.71,0.0,-0.52,159.82,152.17
O,Realty Income,Real Estate,Retail REITs,58.13,61.73,49.83,58.39,58.68,58.01,57.39,55.11,0.0,2.72,59.71,56.31
REG,Regency Centers,Real Estate,Retail REITs,72.21,76.25,64.84,72.2,71.71,71.89,71.09,71.42,-0.1,1.79,73.5,70.28
REGN,Regeneron Pharmaceuticals,Health Care,Biotechnology,579.61,1196.63,482.34,583.22,583.05,571.51,554.57,630.8,-0.1,3.41,599.37,543.64
RF,Regions Financial Corporation,Financials,Regional Banks,27.33,27.41,18.13,27.05,26.38,25.77,25.07,23.2,0.2,0.51,27.47,24.07
RSG,Republic Services,Industrials,Environmental & Facilities Services,233.1,257.46,196.49,233.77,234.05,233.88,239.01,230.85,0.0,1.72,237.11,230.66
RMD,ResMed,Health Care,Health Care Equipment,275.38,293.73,203.67,284.41,285.65,284.6,269.89,243.7,0.0,6.4,293.0,276.19
RVTY,Revvity,Health Care,Health Care Equipment,89.23,127.41,85.8,91.07,90.86,89.36,94.01,103.96,0.2,4.99,93.68,85.04
ROK,Rockwell Automation,Industrials,Electrical Components & Equipment,349.13,357.15,217.21,351.03,346.16,342.49,341.85,294.43,0.2,2.49,357.82,327.15
ROL,"Rollins, Inc.",Industrials,Environmental & Facilities Services,56.24,58.48,45.24,56.8,57.28,57.67,56.74,52.96,0.0,5.01,59.06,56.29
ROP,Roper Technologies,Information Technology,Electronic Equipment & Instruments,526.59,592.1,501.26,529.37,530.88,532.13,547.98,555.52,0.0,3.76,546.39,517.9
ROST,Ross Stores,Consumer Discretionary,Apparel Retail,149.05,155.29,122.55,148.47,147.52,146.25,137.61,140.69,-0.1,2.16,152.27,140.23
RCL,Royal Caribbean Group,Consumer Discretionary,"Hotels, Resorts & Cruise Lines",365.84,365.84,154.84,353.66,339.33,325.07,325.07,256.64,0.2,-1.04,362.04,288.11
SPGI,S&P Global,Financials,Financial Exchanges & Data,547.55,563.17,436.73,551.23,552.29,555.26,536.59,511.3,0.2,3.28,565.51,545.02
CRM,Salesforce,Information Technology,Application Software,254.53,366.29,231.66,248.92,246.93,244.26,257.25,290.53,-0.2,0.98,257.02,231.5
SBAC,SBA Communications,Real Estate,Telecom Tower REITs,206.04,244.52,189.91,215.49,217.3,218.87,226.48,217.99,-0.4,11.32,229.36,208.37
SLB,Schlumberger,Energy,Oil & Gas Equipment & Services,36.48,44.61,31.68,35.81,34.58,33.79,34.51,37.42,0.0,-0.69,36.23,31.36
STX,Seagate Technology,Information Technology,"Technology Hardware, Storage & Peripherals",172.38,172.38,66.19,165.61,161.21,156.96,150.15,109.0,0.2,-1.76,169.35,144.58
SRE,Sempra,Utilities,Multi-Utilities,81.44,92.47,63.23,82.01,81.85,81.87,78.72,78.42,0.2,2.12,83.17,80.56
NOW,ServiceNow,Information Technology,Systems Software,928.6,1170.39,721.65,889.59,886.12,884.33,945.61,971.35,0.0,0.05,929.06,839.64
SHW,Sherwin-Williams,Materials,Specialty Chemicals,366.18,397.11,312.15,367.99,366.21,359.89,349.04,352.02,0.1,2.96,377.02,342.76
SPG,Simon Property Group,Real Estate,Retail REITs,179.36,183.07,138.55,177.47,175.56,171.38,166.26,166.1,0.0,1.24,181.58,161.17
SWKS,Skyworks Solutions,Information Technology,Semiconductors,75.1,105.52,48.25,75.92,74.95,72.23,72.85,73.2,0.0,5.15,78.97,65.49
SJM,J.M. Smucker Company (The),Consumer Staples,Packaged Foods & Meats,106.72,116.99,93.48,109.54,110.8,110.12,105.74,107.57,-0.3,7.08,114.28,105.96
SW,Smurfit Westrock,Materials,Paper & Plastic Packaging Products & Materials,46.39,55.13,37.46,46.0,44.44,43.96,44.77,46.85,-0.2,0.45,46.6,41.33
SNA,Snap-on,Industrials,Industrial Machinery & Supplies & Components,327.14,364.18,264.02,329.82,326.33,323.6,319.88,328.28,-0.1,1.9,333.36,313.82
SOLV,Solventum,Health Care,Health Care Technology,72.66,84.04,60.05,72.95,72.41,72.54,73.68,72.19,0.0,2.05,74.15,70.94
SO,Southern Company,Utilities,Electric Utilities,92.24,95.24,78.98,93.24,93.61,93.81,92.68,87.54,-0.2,3.31,95.29,92.34
LUV,Southwest Airlines,Industrials,Passenger Airlines,32.98,37.7,23.9,32.97,32.15,31.07,32.84,31.47,0.0,2.15,33.69,28.45
SWK,Stanley Black & Decker,Industrials,Industrial Machinery & Supplies & Components,75.3,106.67,55.14,76.05,75.21,72.67,71.01,74.65,0.1,5.37,79.34,66.0
SBUX,Starbucks,Consumer Discretionary,Restaurants,88.02,114.25,78.61,87.3,88.86,89.7,91.53,93.44,0.0,6.9,94.09,85.31
STT,State Street Corporation,Financials,Asset Management & Custody Banks,115.24,115.82,74.79,115.27,113.4,112.02,109.41,97.11,0.2,0.92,116.3,107.74
STLD,Steel Dynamics,Materials,Steel,131.57,152.49,106.43,132.39,129.37,126.65,129.12,127.99,-0.2,2.23,134.5,118.8
STE,Steris,Health Care,Health Care Equipment,244.77,251.96,201.46,248.54,247.75,241.78,235.78,225.53,0.4,6.15,259.82,223.72
SYK,Stryker Corporation,Health Care,Health Care Equipment,389.67,403.53,336.65,392.45,389.24,383.61,388.48,378.88,-0.2,1.85,396.88,370.35
SMCI,Supermicro,Information Technology,"Technology Hardware, Storage & Peripherals",43.97,60.71,18.01,44.21,44.04,46.69,48.98,39.59,-0.2,27.38,56.01,37.38
SYF,Synchrony Financial,Financials,Consumer Finance,76.58,76.58,43.38,74.98,73.26,71.67,69.77,62.19,0.2,-0.03,76.56,66.78
SNPS,Synopsys,Information Technology,Application Software,612.17,645.35,380.9,602.97,607.02,614.79,578.99,510.51,-0.2,4.03,636.84,592.72
SYY,Sysco,Consumer Staples,Food Distributors,79.59,82.19,67.53,79.83,79.81,80.16,78.41,74.32,0.2,2.74,81.77,78.55
TMUS,T-Mobile US,Communication Services,Wireless Telecommunication Services,250.56,271.83,190.96,251.36,254.2,249.43,239.81,241.5,0.1,4.7,262.34,236.52
TROW,T. Rowe Price,Financials,Asset Management & Custody Banks,108.28,120.07,79.19,108.39,107.22,106.67,103.24,101.86,-0.2,1.9,110.34,103.0
TTWO,Take-Two Interactive,Communication Services,Interactive Home Entertainment,234.9,243.05,147.66,231.72,230.82,228.82,232.72,211.68,0.0,1.38,238.14,219.5
TPR,"Tapestry, Inc.",Consumer Discretionary,"Apparel, Accessories & Luxury Goods",102.61,113.53,39.35,100.48,99.83,104.29,99.91,78.29,-0.2,12.75,115.69,92.88
TRGP,Targa Resources,Energy,Oil & Gas Storage & Transportation,166.96,213.93,141.11,163.93,162.96,164.12,166.75,179.12,0.0,0.8,168.3,159.95
TGT,Target Corporation,Consumer Staples,Consumer Staples Merchandise Retail,96.81,154.72,86.82,97.45,99.63,101.29,101.11,111.02,0.1,11.5,107.94,94.64
TEL,TE Connectivity,Information Technology,Electronic Manufacturing Services,208.04,209.34,121.47,206.53,204.43,203.55,189.61,158.46,0.0,0.34,208.75,198.34
TDY,Teledyne Technologies,Information Technology,Electronic Equipment & Instruments,542.09,563.66,420.0,544.07,542.28,545.17,535.02,497.32,0.0,2.32,554.67,535.66
TER,Teradyne,Information Technology,Semiconductor Materials & Equipment,117.89,139.64,67.86,117.17,113.51,110.64,100.04,100.56,0.1,1.57,119.74,101.55
TSLA,"Tesla, Inc.",Consumer Discretionary,Automobile Manufacturers,345.98,479.86,205.75,346.77,337.29,331.01,323.56,329.98,-0.1,3.58,358.37,303.66
TXN,Texas Instruments,Information Technology,Semiconductors,204.09,219.66,143.34,205.51,201.39,194.28,200.56,186.32,0.0,3.44,211.11,177.44
TPL,Texas Pacific Land Corporation,Energy,Oil & Gas Exploration & Production,921.89,1723.85,784.85,910.78,900.53,901.89,973.71,1221.27,-0.2,4.4,962.45,841.3
TXT,Textron,Industrials,Aerospace & Defense,80.46,91.11,60.7,81.2,80.24,79.27,80.64,76.67,-0.2,2.39,82.38,76.15
TMO,Thermo Fisher Scientific,Health Care,Life Sciences Tools & Services,489.74,622.18,390.26,491.42,491.05,479.03,449.7,482.37,-0.1,3.89,508.79,449.27
TJX,TJX Companies,Consumer Discretionary,Apparel Retail,137.12,138.27,110.73,136.61,135.91,133.38,127.71,124.2,0.2,2.09,139.99,126.78
TKO,TKO Group Holdings,Communication Services,Movies & Entertainment,190.14,191.28,113.12,186.17,185.7,178.99,175.2,156.49,0.0,6.04,201.62,156.34
TTD,Trade Desk (The),Communication Services,Advertising,55.36,139.51,45.27,53.16,53.02,61.87,71.07,85.03,-0.4,67.03,92.47,31.27
TSCO,Tractor Supply,Consumer Discretionary,Other Specialty Retail,62.65,62.65,47.62,61.92,61.44,60.34,57.6,54.17,0.2,0.48,62.95,57.74
TT,Trane Technologies,Industrials,Building Products,424.5,472.54,314.52,423.72,424.83,428.3,435.31,393.55,0.0,3.27,438.38,418.23
TDG,TransDigm Group,Industrials,Aerospace & Defense,1398.06,1620.83,1225.77,1400.98,1397.6,1423.29,1494.9,1380.47,0.0,10.27,1541.64,1304.97
TRV,Travelers Companies (The),Financials,Property & Casualty Insurance,270.28,276.29,219.93,272.4,271.07,268.05,263.73,256.07,0.0,2.49,277.01,259.11
TRMB,Trimble Inc.,Information Technology,Electronic Equipment & Instruments,82.21,85.24,54.15,81.97,81.65,82.54,80.67,72.65,0.0,3.31,84.93,80.15
TFC,Truist Financial,Financials,Diversified Banks,46.79,46.79,33.92,46.31,45.3,44.28,43.83,42.14,0.2,0.71,47.12,41.44
TYL,Tyler Technologies,Information Technology,Application Software,556.28,646.74,521.68,556.07,562.51,576.32,572.9,583.73,0.1,10.16,612.8,539.86
TSN,Tyson Foods,Consumer Staples,Packaged Foods & Meats,56.12,64.25,52.3,57.17,56.9,56.33,55.3,57.56,-0.3,4.86,58.85,53.82
USB,U.S. Bancorp,Financials,Diversified Banks,48.67,51.9,36.0,48.49,47.33,46.17,45.98,44.98,0.2,1.38,49.34,43.0
UBER,Uber,Industrials,Passenger Ground Transportation,95.96,97.48,59.93,95.95,94.96,92.52,91.8,78.52,0.0,2.33,98.2,86.83
UDR,"UDR, Inc.",Real Estate,Multi-Family Residential REITs,39.0,45.23,37.29,38.98,38.78,38.5,39.65,41.3,0.0,0.97,39.38,37.62
ULTA,Ulta Beauty,Consumer Discretionary,Other Specialty Retail,530.63,533.81,314.47,528.87,523.57,518.14,498.53,420.22,0.0,1.45,538.32,497.96
UNP,Union Pacific Corporation,Industrials,Rail Transportation,222.35,251.7,207.02,223.44,223.28,222.54,226.72,229.38,0.2,2.12,227.06,218.02
UAL,United Airlines Holdings,Industrials,Passenger Airlines,105.08,110.52,41.33,103.75,102.13,96.67,89.59,87.69,0.2,4.99,110.32,83.02
UPS,United Parcel Service,Industrials,Air Freight & Logistics,87.27,130.93,82.93,87.83,87.34,86.18,93.33,105.69,-0.2,2.22,89.21,83.14
URI,United Rentals,Industrials,Trading Companies & Distributors,955.24,955.24,549.5,943.54,924.83,902.26,838.5,736.57,0.0,1.53,969.86,834.64
UNH,UnitedHealth Group,Health Care,Managed Health Care,302.29,615.84,237.77,303.78,303.88,278.36,288.05,429.01,0.0,9.82,331.97,224.75
UHS,Universal Health Services,Health Care,Health Care Facilities,181.22,240.75,154.95,182.91,182.18,176.16,174.51,181.76,0.1,5.46,191.11,161.19
VLO,Valero Energy,Energy,Oil & Gas Refining & Marketing,151.16,153.55,102.97,148.27,143.37,138.76,140.6,130.11,0.0,-0.21,150.84,126.68
VTR,Ventas,Real Estate,Health Care REITs,67.54,69.55,56.07,67.7,67.98,68.13,65.94,63.82,-0.2,2.52,69.24,67.02
VLTO,Veralto,Industrials,Environmental & Facilities Services,106.5,113.22,85.23,107.46,107.67,107.55,104.19,100.64,0.2,3.03,109.73,105.38
VRSN,Verisign,Information Technology,Internet Services & Infrastructure,272.0,305.1,175.69,270.06,269.92,268.86,277.96,243.84,0.0,1.0,274.72,263.0
VRSK,Verisk Analytics,Industrials,Research & Consulting Services,266.19,320.87,260.0,268.07,268.77,267.31,287.71,290.73,0.0,2.65,273.24,261.36
VZ,Verizon,Communication Services,Integrated Telecommunication Services,43.93,45.06,36.62,44.17,44.45,43.75,42.75,41.43,0.0,3.21,45.34,42.16
VRTX,Vertex Pharmaceuticals,Health Care,Biotechnology,392.05,516.74,366.54,390.47,391.76,395.16,434.32,455.16,-0.2,13.72,445.84,344.48
VTRS,Viatris,Health Care,Pharmaceuticals,10.41,12.87,7.08,10.49,10.51,9.98,9.39,9.82,-0.1,9.41,11.39,8.58
VICI,Vici Properties,Real Estate,Hotel & Resort REITs,33.51,33.93,27.46,33.52,33.07,33.07,32.98,31.09,0.0,1.31,33.95,32.2
V,Visa Inc.,Financials,Transaction & Payment Processing Services,349.86,372.65,267.31,350.05,346.75,342.58,347.24,337.93,-0.2,1.07,353.6,331.55
VST,Vistra Corp.,Utilities,Electric Utilities,196.7,214.06,73.19,193.39,194.0,199.88,195.21,158.31,0.2,8.67,213.75,185.99
VMC,Vulcan Materials Company,Materials,Construction Materials,291.16,295.15,219.65,291.24,290.51,287.85,274.38,263.3,0.0,2.44,298.26,277.43
WRB,W. R. Berkley Corporation,Financials,Property & Casualty Insurance,71.24,74.57,55.33,71.45,71.52,70.96,70.49,65.79,0.0,2.05,72.7,69.22
GWW,W. W. Grainger,Industrials,Industrial Machinery & Supplies & Components,1014.47,1212.97,915.74,1015.76,1001.6,975.94,1013.1,1048.4,-0.2,2.24,1037.19,914.7
WAB,Wabtec,Industrials,Construction Machinery & Heavy Transportation Equipment,195.18,214.1,159.81,194.98,193.08,191.46,200.53,194.27,0.2,1.03,197.19,185.72
WBA,Walgreens Boots Alliance,Consumer Staples,Drug Retail,11.98,12.93,8.01,12.03,12.04,11.92,11.66,10.8,0.2,2.17,12.24,11.59
WMT,Walmart,Consumer Staples,Consumer Staples Merchandise Retail,96.11,104.27,75.35,96.23,98.37,99.91,97.86,94.18,0.0,9.56,105.3,94.53
DIS,Walt Disney Company (The),Communication Services,Movies & Entertainment,117.64,124.01,81.37,117.99,117.14,116.27,119.0,109.26,0.0,2.21,120.24,112.29
WBD,Warner Bros. Discovery,Communication Services,Broadcasting,12.06,13.7,6.94,12.02,11.85,11.91,11.95,10.46,0.2,8.21,13.05,10.78
WM,Waste Management,Industrials,Environmental & Facilities Services,224.58,241.26,199.11,225.34,226.59,229.05,228.72,224.38,0.2,5.18,236.21,221.89
WAT,Waters Corporation,Health Care,Life Sciences Tools & Services,297.65,417.28,277.72,297.91,295.54,290.23,310.38,354.15,0.0,2.53,305.18,275.29
WEC,WEC Energy Group,Utilities,Electric Utilities,106.31,110.37,89.51,107.33,107.63,108.38,106.43,102.12,0.0,3.97,110.53,106.24
WFC,Wells Fargo,Financials,Diversified Banks,81.98,83.83,50.45,81.06,79.33,78.56,79.69,74.1,0.2,-0.01,81.97,75.16
WELL,Welltower,Real Estate,Health Care REITs,167.4,168.94,118.06,166.06,165.21,165.8,159.86,145.58,0.0,1.64,170.15,161.46
WST,West Pharmaceutical Services,Health Care,Health Care Supplies,245.45,347.02,190.04,246.2,245.63,243.21,234.01,256.74,-0.1,1.84,249.97,236.46
WDC,Western Digital,Information Technology,"Technology Hardware, Storage & Peripherals",82.04,82.04,30.48,79.72,77.61,76.59,70.31,53.04,0.2,-1.43,80.87,72.31
WY,Weyerhaeuser,Real Estate,Timber REITs,25.95,33.15,24.49,26.31,26.12,25.89,25.93,27.68,0.0,3.16,26.77,25.0
WSM,"Williams-Sonoma, Inc.",Consumer Discretionary,Homefurnishing Retail,188.06,215.83,126.49,195.91,198.36,199.9,182.74,175.82,0.0,12.13,210.87,188.92
WMB,Williams Companies,Energy,Oil & Gas Storage & Transportation,58.0,62.87,42.67,57.3,57.21,57.85,58.64,57.13,0.0,3.21,59.86,55.84
WTW,Willis Towers Watson,Financials,Insurance Brokers,326.84,339.25,284.72,333.32,333.5,329.87,315.38,316.19,0.1,4.51,341.58,318.15
WDAY,"Workday, Inc.",Information Technology,Application Software,228.5,279.91,210.47,225.15,226.86,224.31,231.13,248.3,0.0,2.22,233.57,215.06
WYNN,Wynn Resorts,Consumer Discretionary,Casinos & Gaming,126.74,126.74,65.78,120.34,115.43,111.98,107.06,91.01,0.2,-2.8,123.19,100.77
XEL,Xcel Energy,Utilities,Multi-Utilities,72.34,74.26,58.68,73.01,72.87,73.02,70.88,68.64,0.0,2.64,74.25,71.79
XYL,Xylem Inc.,Industrials,Industrial Machinery & Supplies & Components,144.01,144.62,102.53,143.68,142.4,142.76,135.55,125.22,0.0,0.76,145.1,140.41
YUM,Yum! Brands,Consumer Discretionary,Restaurants,145.47,161.74,122.07,146.52,147.95,145.57,146.37,143.02,-0.2,4.51,152.03,139.11
ZBRA,Zebra Technologies,Information Technology,Electronic Equipment & Instruments,322.0,421.11,213.54,321.27,316.7,319.72,320.14,326.26,0.0,5.66,340.23,299.22
ZBH,Zimmer Biomet,Health Care,Health Care Equipment,105.06,115.11,89.98,106.88,105.42,101.26,96.71,101.81,0.1,6.83,112.24,90.28
ZTS,Zoetis,Health Care,Pharmaceuticals,154.79,194.12,143.44,155.35,155.12,152.15,153.23,161.43,0.0,2.85,159.2,145.09
