Symbol,Company,GICS_Sector,GICS_Sub_Industry,Current_Price,52_Week_High,52_Week_Low,SMA_5,SMA_10,SMA_20,SMA_50,SMA_100,SMA_125,SMA_200
MMM,3M,Industrials,Industrial Conglomerates,157.56,163.4,120.83,156.9,154.97,153.54,152.23,146.68,146.69,142.79
AOS,A. O. Smith,Industrials,Building Products,71.62,90.29,58.25,72.51,72.33,71.72,69.54,67.39,67.08,67.78
ABT,Abbott Laboratories,Health Care,Health Care Equipment,131.37,139.95,109.57,131.78,131.66,131.14,130.76,130.83,130.61,126.29
ABBV,AbbVie,Health Care,Biotechnology,207.92,214.8,159.42,208.5,208.06,203.41,193.95,188.51,191.78,186.19
ACN,Accenture,Information Technology,IT Consulting & Other Services,256.17,394.41,236.67,256.8,254.5,250.15,273.07,288.67,294.27,318.95
ADBE,Adobe Inc.,Information Technology,Application Software,353.96,587.75,330.04,358.1,357.05,349.63,364.3,375.57,381.37,413.11
AMD,Advanced Micro Devices,Information Technology,Semiconductors,168.58,186.65,76.48,166.69,168.26,171.31,158.43,131.9,125.98,125.26
AES,AES Corporation,Utilities,Independent Power Producers & Energy Traders,13.48,19.17,9.28,13.43,13.33,13.16,12.48,11.46,11.52,11.58
AFL,Aflac,Financials,Life & Health Insurance,106.1,113.54,96.14,107.5,106.99,104.34,102.96,103.46,104.24,104.28
A,Agilent Technologies,Health Care,Life Sciences Tools & Services,124.96,153.19,96.23,120.55,119.65,117.61,117.98,113.75,114.88,123.59
APD,Air Products,Materials,Industrial Gases,295.02,336.92,242.14,295.41,293.18,290.97,289.49,279.87,282.43,292.5
ABNB,Airbnb,Consumer Discretionary,"Hotels, Resorts & Cruise Lines",130.46,163.93,99.88,129.05,127.33,126.14,132.14,129.39,128.89,131.49
AKAM,Akamai Technologies,Information Technology,Internet Services & Infrastructure,78.39,106.8,67.51,77.55,76.63,75.1,77.5,77.42,78.2,84.21
ALB,Albemarle Corporation,Materials,Specialty Chemicals,84.92,112.1,49.11,83.35,81.97,77.95,73.0,65.44,67.01,76.14
ARE,Alexandria Real Estate Equities,Real Estate,Office REITs,81.83,118.73,66.16,81.15,79.22,77.06,76.85,74.47,78.34,85.44
ALGN,Align Technology,Health Care,Health Care Supplies,141.13,262.87,127.7,143.88,143.48,141.41,172.07,174.42,172.66,189.72
ALLE,Allegion,Industrials,Building Products,170.97,172.95,116.14,171.31,169.65,167.74,157.42,146.74,142.88,139.13
LNT,Alliant Energy,Utilities,Electric Utilities,65.02,67.11,54.71,65.94,65.72,65.64,63.49,61.97,62.04,60.92
ALL,Allstate,Financials,Property & Casualty Insurance,203.76,214.76,174.74,203.67,206.28,206.13,199.67,199.39,200.05,196.88
GOOGL,Alphabet Inc. (Class A),Communication Services,Interactive Media & Services,211.64,212.22,140.36,208.17,204.89,201.55,189.41,176.3,173.65,178.02
GOOG,Alphabet Inc. (Class C),Communication Services,Interactive Media & Services,212.37,212.88,142.49,208.88,205.69,202.34,190.28,177.56,175.06,179.5
MO,Altria,Consumer Staples,Tobacco,66.42,68.6,46.28,66.8,66.76,65.37,61.67,59.72,59.02,56.25
AMZN,Amazon,Consumer Discretionary,Broadline Retail,231.6,242.52,161.38,229.24,228.25,224.45,223.66,209.99,207.24,212.71
AMCR,Amcor,Materials,Paper & Plastic Packaging Products & Materials,8.55,11.04,8.25,8.55,8.57,9.03,9.31,9.22,9.31,9.44
AEE,Ameren,Utilities,Multi-Utilities,99.74,103.59,78.91,100.83,101.0,101.45,98.87,97.68,97.82,95.45
AEP,American Electric Power,Utilities,Electric Utilities,111.78,115.08,87.57,112.87,112.64,112.66,108.01,105.38,105.05,101.21
AXP,American Express,Financials,Consumer Finance,326.99,329.14,219.87,321.0,314.02,306.57,309.71,294.13,288.74,293.42
AIG,American International Group,Financials,Multi-line Insurance,81.6,87.61,68.55,82.51,81.94,80.21,81.38,81.92,82.06,78.95
AMT,American Tower,Real Estate,Telecom Tower REITs,202.56,235.86,169.77,207.26,207.14,207.51,215.9,214.54,213.6,204.18
AWK,American Water Works,Utilities,Water Utilities,142.93,153.69,116.64,144.45,144.55,144.02,141.84,141.97,141.92,136.17
AMP,Ameriprise Financial,Financials,Asset Management & Custody Banks,516.63,576.69,393.57,516.04,510.58,508.77,520.06,504.99,501.4,516.65
AME,Ametek,Industrials,Electrical Components & Equipment,186.73,197.35,144.77,186.52,184.85,184.46,181.7,176.49,176.32,179.97
AMGN,Amgen,Health Care,Biotechnology,285.61,330.26,247.06,289.07,291.03,289.66,290.87,284.65,289.21,283.98
APH,Amphenol,Information Technology,Electronic Components,111.94,112.35,56.35,110.21,109.88,109.5,103.81,92.29,86.74,80.76
ADI,Analog Devices,Information Technology,Semiconductors,254.25,258.13,157.93,254.41,245.75,236.0,236.49,220.83,218.16,216.87
AON,Aon plc,Financials,Insurance Brokers,366.54,411.24,322.37,369.99,370.45,367.21,360.24,360.16,367.09,369.15
APA,APA Corporation,Energy,Oil & Gas Exploration & Production,22.98,28.02,13.18,22.34,21.38,20.4,19.56,18.14,18.35,19.64
APO,Apollo Global Management,Financials,Asset Management & Custody Banks,136.39,187.59,101.84,134.92,135.93,138.86,142.35,136.87,136.68,147.13
AAPL,Apple Inc.,Information Technology,"Technology Hardware, Storage & Peripherals",232.56,259.18,168.8,229.46,229.12,224.2,214.67,207.9,210.33,220.64
AMAT,Applied Materials,Information Technology,Semiconductor Materials & Equipment,165.27,213.48,123.04,163.73,162.51,172.95,181.5,168.8,164.81,168.14
APTV,Aptiv,Consumer Discretionary,Automotive Parts & Equipment,80.3,81.13,47.19,79.48,77.29,72.68,70.81,66.09,65.34,63.41
ACGL,Arch Capital Group,Financials,Property & Casualty Insurance,91.2,110.75,82.49,91.82,91.84,90.5,89.56,90.98,91.41,92.23
ADM,Archer Daniels Midland,Consumer Staples,Agricultural Products & Services,62.66,64.38,40.22,63.06,61.5,59.22,55.95,51.68,50.63,50.0
ANET,Arista Networks,Information Technology,Communications Equipment,136.23,141.99,59.43,134.01,134.17,133.42,117.04,101.59,97.53,101.57
AJG,Arthur J. Gallagher & Co.,Financials,Insurance Brokers,299.62,350.53,272.64,300.07,299.66,294.24,305.12,317.53,320.64,312.6
AIZ,Assurant,Financials,Multi-line Insurance,218.69,227.97,174.28,215.78,214.45,208.27,197.71,196.49,198.51,203.49
T,AT&T,Communication Services,Integrated Telecommunication Services,28.94,29.65,18.72,28.81,28.96,28.51,27.99,27.57,27.37,25.72
ATO,Atmos Energy,Utilities,Gas Utilities,165.43,167.99,125.29,166.1,165.43,163.28,157.69,156.01,154.57,149.6
ADSK,Autodesk,Information Technology,Application Software,288.49,326.62,232.67,286.49,287.28,289.94,296.91,289.8,284.2,290.14
ADP,Automatic Data Processing,Industrials,Human Resource & Employment Services,304.1,328.29,262.35,304.49,304.66,303.48,304.77,305.57,304.24,301.74
AZO,AutoZone,Consumer Discretionary,Automotive Retail,4197.09,4222.44,2898.57,4166.62,4129.46,4068.35,3857.26,3774.16,3748.69,3575.36
AVB,AvalonBay Communities,Real Estate,Multi-Family Residential REITs,194.61,233.48,178.86,193.33,191.8,189.27,196.7,199.58,201.69,207.92
AVY,Avery Dennison,Materials,Paper & Plastic Packaging Products & Materials,171.08,221.17,156.18,174.37,174.57,172.96,176.12,175.18,175.74,181.0
AXON,Axon Enterprise,Industrials,Aerospace & Defense,781.9,885.92,346.71,770.07,767.89,785.66,772.25,723.02,686.76,661.01
BKR,Baker Hughes,Energy,Oil & Gas Equipment & Services,45.56,48.6,31.55,44.8,43.89,43.53,41.66,39.36,39.99,41.21
BALL,Ball Corporation,Materials,"Metal, Glass & Plastic Containers",52.07,67.39,43.35,52.76,52.95,53.74,56.24,53.88,53.4,54.13
BAC,Bank of America,Financials,Diversified Banks,50.49,50.64,32.88,50.02,48.96,47.58,47.43,44.42,43.75,44.33
BAX,Baxter International,Health Care,Health Care Equipment,24.4,39.87,21.33,24.51,24.28,23.79,26.98,28.53,29.6,30.24
BDX,Becton Dickinson,Health Care,Health Care Equipment,191.25,249.34,162.35,195.01,195.98,191.2,182.41,181.93,190.53,204.33
BBY,Best Buy,Consumer Discretionary,Computer & Electronics Retail,72.66,99.71,54.24,74.3,73.37,70.91,69.6,68.3,69.12,74.98
TECH,Bio-Techne,Health Care,Life Sciences Tools & Services,54.33,80.52,45.87,56.23,55.12,53.83,53.43,51.51,53.19,60.3
BIIB,Biogen,Health Care,Biotechnology,132.65,206.7,110.04,136.28,137.29,134.24,131.18,127.56,130.1,137.5
BLK,BlackRock,Financials,Asset Management & Custody Banks,1130.48,1171.89,769.66,1137.44,1134.0,1131.18,1096.63,1015.5,999.41,1001.68
BX,Blackstone Inc.,Financials,Asset Management & Custody Banks,172.02,196.67,114.16,171.02,169.11,169.98,163.46,149.4,148.02,157.58
XYZ,"Block, Inc.",Financials,Transaction & Payment Processing Services,80.78,99.26,44.27,79.43,77.23,76.23,73.0,65.2,63.75,72.34
BK,BNY Mellon,Financials,Asset Management & Custody Banks,106.1,106.3,64.5,104.28,102.82,102.49,97.84,90.83,89.13,85.87
BA,Boeing,Industrials,Aerospace & Defense,236.16,242.69,128.88,232.72,230.63,229.1,223.55,206.4,198.1,187.02
BKNG,Booking Holdings,Consumer Discretionary,"Hotels, Resorts & Cruise Lines",5651.99,5839.41,3680.94,5679.56,5631.87,5538.59,5597.36,5348.3,5199.02,5110.51
BSX,Boston Scientific,Health Care,Health Care Equipment,105.75,108.94,79.03,105.86,105.05,104.43,104.4,102.72,102.1,99.68
BMY,Bristol Myers Squibb,Health Care,Pharmaceuticals,46.88,61.84,42.96,47.36,47.84,46.91,46.91,47.51,49.71,52.01
AVGO,Broadcom,Information Technology,Semiconductors,308.65,317.35,133.38,299.03,298.29,300.48,286.31,250.14,236.49,225.66
BR,Broadridge Financial Solutions,Industrials,Data Processing & Outsourced Services,257.07,271.91,203.77,258.28,259.76,260.11,248.89,242.68,241.07,237.2
BRO,Brown & Brown,Financials,Insurance Brokers,96.22,125.31,90.24,96.35,96.21,94.8,101.04,106.42,109.12,108.35
BLDR,Builders FirstSource,Industrials,Building Products,140.14,203.14,102.6,142.19,138.84,136.14,129.91,122.24,123.56,137.83
BG,Bunge Global,Consumer Staples,Agricultural Products & Services,84.63,98.35,65.6,85.9,83.61,82.34,79.5,78.3,77.31,77.46
BXP,"BXP, Inc.",Real Estate,Office REITs,71.67,86.38,53.45,70.25,68.16,66.47,68.07,66.74,66.47,68.74
CHRW,C.H. Robinson,Industrials,Air Freight & Logistics,129.29,129.59,84.13,127.17,124.78,121.14,107.42,100.1,99.82,101.04
CDNS,Cadence Design Systems,Information Technology,Application Software,354.29,376.45,221.56,348.0,348.61,351.78,332.62,312.56,300.27,299.74
CZR,Caesars Entertainment,Consumer Discretionary,Casinos & Gaming,27.25,45.93,21.4,26.77,26.04,25.48,27.77,27.47,27.47,30.61
CPT,Camden Property Trust,Real Estate,Multi-Family Residential REITs,110.74,124.31,101.41,109.76,108.61,107.37,111.05,112.62,113.84,114.44
CPB,Campbell's Company (The),Consumer Staples,Packaged Foods & Meats,31.64,50.77,29.39,32.27,32.39,32.41,31.81,33.41,34.44,36.57
COF,Capital One,Financials,Consumer Finance,227.14,231.82,129.97,223.79,219.19,215.39,214.19,199.14,193.98,192.02
CAH,Cardinal Health,Health Care,Health Care Distributors,149.51,168.44,104.89,148.08,149.33,151.79,157.65,151.98,147.64,138.1
KMX,CarMax,Consumer Discretionary,Automotive Retail,62.17,91.25,54.53,60.77,59.51,57.88,62.03,64.2,66.38,72.56
CCL,Carnival,Consumer Discretionary,"Hotels, Resorts & Cruise Lines",32.49,32.76,15.07,31.85,30.71,30.05,29.07,25.03,24.08,24.59
CARR,Carrier Global,Industrials,Building Products,66.17,82.31,53.89,66.8,66.47,66.32,71.28,69.35,68.43,68.78
CAT,Caterpillar Inc.,Industrials,Construction Machinery & Heavy Transportation Equipment,434.91,441.15,265.05,433.36,424.18,422.61,410.12,368.53,361.13,364.89
CBOE,Cboe Global Markets,Financials,Financial Exchanges & Data,235.26,255.27,186.22,242.3,245.24,247.05,239.89,230.53,227.7,217.94
CBRE,CBRE Group,Real Estate,Real Estate Services,161.99,165.41,108.45,163.57,161.45,158.72,148.74,136.73,135.43,135.9
CDW,CDW Corporation,Information Technology,Technology Distributors,165.87,227.65,136.33,165.52,165.28,165.05,172.71,170.88,169.64,174.41
COR,Cencora,Health Care,Health Care Distributors,289.89,308.18,216.84,290.21,293.59,290.89,292.67,289.64,284.66,268.13
CNC,Centene Corporation,Health Care,Managed Health Care,28.38,80.59,25.08,28.87,28.94,27.44,33.2,46.16,48.86,53.12
CNP,CenterPoint Energy,Utilities,Multi-Utilities,37.48,39.16,25.67,37.73,37.83,38.17,37.19,37.03,36.61,34.74
CF,CF Industries,Materials,Fertilizers & Agricultural Chemicals,87.31,103.84,66.56,86.59,85.91,86.14,90.71,87.11,84.93,85.34
CRL,Charles River Laboratories,Health Care,Life Sciences Tools & Services,163.22,230.02,91.86,163.14,160.19,158.28,158.76,144.41,148.11,160.34
SCHW,Charles Schwab Corporation,Financials,Investment Banking & Brokerage,97.09,99.42,60.38,96.64,96.26,96.49,94.24,88.69,86.19,83.28
CHTR,Charter Communications,Communication Services,Cable & Satellite,263.63,437.06,254.67,270.09,268.67,265.53,333.34,357.8,359.42,361.77
CVX,Chevron Corporation,Energy,Integrated Oil & Gas,159.32,165.09,129.01,158.46,156.15,154.0,150.68,143.53,145.99,147.37
CMG,Chipotle Mexican Grill,Consumer Discretionary,Restaurants,42.41,66.74,41.18,42.79,43.06,42.83,48.74,49.57,49.71,53.23
CB,Chubb Limited,Financials,Property & Casualty Insurance,273.25,305.88,250.52,274.08,274.98,272.72,276.02,281.29,283.33,279.61
CHD,Church & Dwight,Consumer Staples,Household Products,92.09,115.72,90.22,93.05,93.45,92.72,94.97,96.38,98.81,101.45
CI,Cigna,Health Care,Health Care Services,299.0,365.71,256.89,300.88,300.72,287.88,299.79,310.26,311.93,306.35
CINF,Cincinnati Financial,Financials,Property & Casualty Insurance,153.4,158.92,122.28,153.94,152.95,152.05,149.49,145.7,145.11,144.22
CTAS,Cintas,Industrials,Diversified Support Services,208.32,228.77,179.74,212.39,214.21,218.73,219.08,216.89,213.23,209.73
CSCO,Cisco,Information Technology,Communications Equipment,69.43,72.55,46.57,68.14,67.48,68.53,68.25,64.27,63.49,61.9
C,Citigroup,Financials,Diversified Banks,96.82,97.49,54.51,95.93,94.71,93.81,90.31,80.47,78.22,76.4
CFG,Citizens Financial Group,Financials,Regional Banks,52.16,52.2,31.96,51.37,49.93,48.73,47.33,42.86,42.32,43.28
CLX,Clorox,Consumer Staples,Household Products,117.94,166.9,116.17,118.86,119.78,121.31,122.94,127.87,131.18,140.74
CME,CME Group,Financials,Financial Exchanges & Data,266.77,289.46,198.75,269.88,271.32,276.02,275.77,273.61,270.77,256.1
CMS,CMS Energy,Utilities,Multi-Utilities,71.21,75.33,62.54,72.17,72.4,72.91,71.29,70.92,71.18,69.41
KO,Coca-Cola Company (The),Consumer Staples,Soft Drinks & Non-alcoholic Beverages,68.36,73.85,59.75,69.0,69.55,69.71,69.73,70.35,70.22,67.52
CTSH,Cognizant,Information Technology,IT Consulting & Other Services,71.72,89.77,64.98,72.05,71.25,70.42,74.13,75.19,75.81,77.42
COIN,Coinbase,Financials,Financial Exchanges & Data,308.47,444.65,142.58,310.35,309.68,312.33,347.31,284.81,265.93,272.36
CL,Colgate-Palmolive,Consumer Staples,Household Products,83.42,106.9,82.4,84.4,84.95,84.69,86.96,88.93,89.39,89.39
CMCSA,Comcast,Communication Services,Cable & Satellite,33.57,44.12,31.03,33.84,33.69,32.97,34.06,34.1,34.39,35.59
CAG,Conagra Brands,Consumer Staples,Packaged Foods & Meats,18.79,31.36,18.18,19.11,19.15,19.14,19.42,21.23,22.05,23.33
COP,ConocoPhillips,Energy,Oil & Gas Exploration & Production,98.45,112.56,78.56,97.67,96.03,94.54,93.41,90.68,91.82,94.94
ED,Consolidated Edison,Utilities,Multi-Utilities,98.17,112.97,85.07,99.91,100.44,101.98,100.79,102.96,103.32,99.07
STZ,Constellation Brands,Consumer Staples,Distillers & Vintners,159.09,255.51,156.17,161.85,164.09,166.98,167.49,174.07,175.04,185.97
CEG,Constellation Energy,Utilities,Electric Utilities,319.55,356.57,160.94,314.58,316.15,326.56,321.99,291.71,275.86,272.5
COO,Cooper Companies (The),Health Care,Health Care Supplies,64.58,112.38,61.78,72.21,72.84,71.96,72.27,74.85,76.44,83.6
CPRT,Copart,Industrials,Diversified Support Services,48.75,64.38,45.05,48.67,48.09,47.33,47.36,52.26,52.7,54.91
GLW,Corning Inc.,Information Technology,Electronic Components,68.93,69.29,37.1,67.23,66.11,65.33,58.46,52.31,51.07,50.23
CPAY,Corpay,Financials,Transaction & Payment Processing Services,325.17,400.81,269.02,325.86,321.82,317.44,324.98,325.6,329.17,343.02
CTVA,Corteva,Materials,Fertilizers & Agricultural Chemicals,74.32,77.41,53.27,74.05,73.27,72.44,73.38,69.56,67.84,65.04
CSGP,CoStar Group,Real Estate,Real Estate Services,90.33,97.43,68.26,90.18,89.43,91.24,87.74,82.64,81.76,79.32
COST,Costco,Consumer Staples,Consumer Staples Merchandise Retail,944.96,1075.34,862.73,947.19,963.24,967.26,966.15,981.31,973.62,973.07
CTRA,Coterra,Energy,Oil & Gas Exploration & Production,24.38,29.29,21.55,24.02,23.71,23.77,24.34,24.51,25.04,25.43
CRWD,CrowdStrike,Information Technology,Systems Software,442.0,517.98,242.25,424.32,422.77,429.57,461.96,446.3,428.51,408.47
CCI,Crown Castle,Real Estate,Telecom Tower REITs,97.74,115.8,81.93,101.21,101.64,103.02,103.92,101.93,101.4,97.69
CSX,CSX Corporation,Industrials,Rail Transportation,32.66,37.25,26.11,33.0,34.57,35.1,34.34,32.04,31.59,32.19
CMI,Cummins,Industrials,Construction Machinery & Heavy Transportation Equipment,401.92,406.31,257.24,400.04,398.42,390.38,359.67,332.69,330.57,341.17
CVS,CVS Health,Health Care,Health Care Services,72.14,72.3,42.12,71.63,71.01,67.66,65.54,64.93,64.97,60.46
DHR,Danaher Corporation,Health Care,Life Sciences Tools & Services,205.29,278.43,170.73,207.21,208.35,204.81,201.2,196.99,198.91,209.74
DRI,Darden Restaurants,Consumer Discretionary,Restaurants,206.71,226.68,149.33,206.55,206.74,205.67,209.3,206.87,204.39,194.86
DDOG,Datadog,Information Technology,Application Software,140.96,170.08,81.63,131.72,130.15,131.22,136.72,122.69,119.03,127.57
DVA,DaVita,Health Care,Health Care Services,136.03,179.6,126.07,137.99,137.03,135.2,139.55,140.36,141.9,148.64
DAY,Dayforce,Industrials,Human Resource & Employment Services,69.7,82.69,48.01,69.5,66.89,59.91,58.26,57.83,57.64,63.28
DECK,Deckers Brands,Consumer Discretionary,Footwear,118.14,223.98,93.72,114.14,109.35,106.59,105.29,108.75,110.96,140.28
DE,Deere & Company,Industrials,Agricultural & Farm Machinery,491.44,532.1,369.26,491.23,490.5,497.85,505.78,496.27,491.1,473.65
DELL,Dell Technologies,Information Technology,"Technology Hardware, Storage & Peripherals",134.05,145.54,65.56,131.88,132.73,133.65,128.68,114.42,110.03,112.63
DAL,Delta Air Lines,Industrials,Passenger Airlines,61.97,69.36,34.52,61.3,60.52,57.67,54.55,50.13,49.53,54.71
DVN,Devon Energy,Energy,Oil & Gas Exploration & Production,35.88,43.93,25.71,35.52,34.61,33.71,33.37,32.32,32.85,33.64
DXCM,Dexcom,Health Care,Health Care Equipment,75.08,93.25,57.52,77.16,79.08,78.57,82.32,80.47,78.83,79.89
FANG,Diamondback Energy,Energy,Oil & Gas Exploration & Production,149.17,195.31,112.4,145.75,142.33,141.87,141.83,138.87,140.86,149.75
DLR,Digital Realty,Real Estate,Data Center REITs,168.57,193.72,129.05,167.83,166.67,168.37,172.04,167.2,163.21,167.21
DG,Dollar General,Consumer Staples,Consumer Staples Merchandise Retail,111.71,122.16,65.67,111.63,112.33,112.96,111.89,104.53,99.89,90.07
DLTR,Dollar Tree,Consumer Staples,Consumer Staples Merchandise Retail,112.5,118.06,60.49,112.49,112.64,114.03,109.58,97.5,91.72,84.19
D,Dominion Energy,Utilities,Multi-Utilities,59.81,62.46,47.5,60.41,60.77,61.04,58.67,56.43,55.97,55.28
DPZ,Domino's,Consumer Discretionary,Restaurants,448.96,497.15,390.2,452.88,450.08,449.58,457.73,464.51,462.81,455.91
DASH,DoorDash,Consumer Discretionary,Specialized Consumer Services,247.33,278.15,122.32,246.87,247.31,252.25,244.66,220.91,214.05,201.77
DOV,Dover Corporation,Industrials,Industrial Machinery & Supplies & Components,181.59,221.09,142.63,182.02,179.96,178.26,182.5,177.86,178.17,185.27
DOW,Dow Inc.,Materials,Commodity Chemicals,24.57,52.49,20.4,24.82,24.2,23.04,25.77,27.18,28.72,32.64
DHI,D. R. Horton,Consumer Discretionary,Homebuilding,168.91,197.64,109.8,168.88,166.85,161.62,145.6,133.71,132.57,137.16
DTE,DTE Energy,Utilities,Multi-Utilities,136.5,142.05,112.71,138.27,138.81,139.39,136.34,134.97,134.63,129.3
DUK,Duke Energy,Utilities,Electric Utilities,122.37,126.75,102.41,123.36,123.31,123.5,119.56,117.98,117.71,114.33
DD,DuPont,Materials,Specialty Chemicals,77.63,88.67,53.45,77.41,75.61,73.56,73.08,69.25,70.43,73.53
EMN,Eastman Chemical Company,Materials,Specialty Chemicals,68.18,111.31,56.78,68.64,67.39,64.8,72.36,75.16,77.99,84.41
ETN,Eaton Corporation,Industrials,Electrical Components & Equipment,355.34,399.56,231.05,350.43,349.73,356.85,361.09,333.19,323.07,328.91
EBAY,eBay Inc.,Consumer Discretionary,Broadline Retail,92.8,101.15,55.62,95.78,97.65,96.13,85.11,77.73,75.39,71.27
ECL,Ecolab,Materials,Specialty Chemicals,279.02,286.04,221.08,280.14,281.38,276.45,271.06,261.66,260.31,254.87
EIX,Edison International,Utilities,Electric Utilities,54.72,85.03,46.98,55.02,55.24,55.16,52.7,53.53,53.92,58.93
EW,Edwards Lifesciences,Health Care,Health Care Equipment,81.23,83.0,64.01,81.22,80.41,79.43,78.1,76.33,75.21,73.97
EA,Electronic Arts,Communication Services,Interactive Home Entertainment,170.99,180.7,114.77,171.88,171.59,169.83,159.85,153.29,150.69,148.49
ELV,Elevance Health,Health Care,Managed Health Care,310.41,558.44,273.71,312.16,311.13,298.21,319.6,360.79,372.72,378.3
EMR,Emerson Electric,Industrials,Electrical Components & Equipment,134.55,149.68,89.31,133.5,132.37,133.85,136.9,124.59,121.82,123.07
ENPH,Enphase Energy,Information Technology,Semiconductor Materials & Equipment,37.58,126.19,29.89,37.9,36.66,34.43,37.08,41.7,45.44,53.51
ETR,Entergy,Utilities,Electric Utilities,88.13,91.79,57.35,89.15,89.06,89.55,85.98,83.89,83.65,81.16
EOG,EOG Resources,Energy,Oil & Gas Exploration & Production,124.34,135.49,100.76,122.21,120.2,118.82,119.64,115.51,116.85,120.65
EPAM,EPAM Systems,Information Technology,IT Consulting & Other Services,174.18,269.0,138.15,173.09,168.81,161.68,167.34,167.27,169.87,196.69
EQT,EQT Corporation,Energy,Oil & Gas Exploration & Production,52.36,60.83,31.05,52.04,51.75,51.68,54.31,53.71,53.13,51.02
EFX,Equifax,Industrials,Research & Consulting Services,243.85,308.07,199.6,248.64,248.02,245.4,251.55,253.44,250.91,253.22
EQIX,Equinix,Real Estate,Data Center REITs,786.35,977.63,693.42,785.51,778.64,776.01,785.94,815.67,819.34,856.66
EQR,Equity Residential,Real Estate,Multi-Family Residential REITs,65.29,76.06,58.81,64.99,64.55,63.87,65.76,66.97,67.45,68.47
ERIE,Erie Indemnity,Financials,Insurance Brokers,351.36,539.84,331.01,356.39,359.53,359.42,353.68,361.83,373.67,385.3
ESS,Essex Property Trust,Real Estate,Multi-Family Residential REITs,267.91,310.81,241.65,266.5,263.55,259.56,274.08,275.36,279.46,281.96
EL,Estée Lauder Companies (The),Consumer Staples,Personal Care Products,91.77,101.93,48.12,90.82,90.0,90.61,87.75,74.94,73.32,73.24
EG,Everest Group,Financials,Reinsurance,339.88,400.59,318.14,341.44,340.04,335.23,335.83,339.76,342.94,347.57
EVRG,Evergy,Utilities,Electric Utilities,71.21,73.29,55.96,71.8,71.67,71.87,69.71,67.8,67.42,65.31
ES,Eversource Energy,Utilities,Electric Utilities,64.3,67.15,51.64,64.63,65.0,65.38,65.04,63.04,62.44,60.77
EXC,Exelon,Utilities,Electric Utilities,43.76,47.26,34.98,44.43,44.5,44.61,43.62,43.85,43.78,41.74
EXE,Expand Energy,Energy,Oil & Gas Exploration & Production,97.24,121.47,66.93,95.62,94.88,96.28,102.84,105.65,105.13,102.44
EXPE,Expedia Group,Consumer Discretionary,"Hotels, Resorts & Cruise Lines",214.71,216.6,125.89,213.74,210.19,201.37,187.28,174.44,173.68,177.86
EXPD,Expeditors International,Industrials,Air Freight & Logistics,121.28,129.91,99.78,121.12,120.46,119.31,116.76,113.77,114.47,114.52
EXR,Extra Space Storage,Real Estate,Self-Storage REITs,142.32,178.97,119.72,141.48,139.94,138.69,144.56,144.22,144.59,147.58
XOM,ExxonMobil,Energy,Integrated Oil & Gas,113.35,121.93,96.01,112.12,109.9,107.98,109.37,106.83,107.63,108.07
FFIV,"F5, Inc.",Information Technology,Communications Equipment,318.4,334.0,197.34,316.93,316.17,317.9,305.56,290.36,285.96,279.44
FDS,FactSet,Financials,Financial Exchanges & Data,375.77,496.49,365.76,380.05,377.97,380.76,412.08,424.75,427.65,444.15
FICO,Fair Isaac,Information Technology,Application Software,1506.37,2402.52,1300.0,1437.13,1396.97,1369.32,1545.09,1717.11,1739.52,1852.93
FAST,Fastenal,Industrials,Trading Companies & Distributors,50.18,50.63,31.55,50.2,49.76,48.51,45.81,43.05,41.97,40.42
FRT,Federal Realty Investment Trust,Real Estate,Retail REITs,99.82,114.28,79.72,99.49,97.45,94.97,94.62,93.96,94.34,99.08
FDX,FedEx,Industrials,Air Freight & Logistics,231.27,303.39,193.05,232.88,230.5,227.89,230.19,222.96,226.49,243.75
FIS,Fidelity National Information Services,Financials,Transaction & Payment Processing Services,69.75,90.63,66.18,70.47,70.15,71.41,76.94,77.13,76.1,77.43
FITB,Fifth Third Bancorp,Financials,Regional Banks,45.6,47.75,31.96,45.05,43.93,42.83,42.45,39.61,39.4,40.99
FSLR,First Solar,Information Technology,Semiconductors,197.02,262.72,116.56,197.34,201.54,192.83,177.88,163.15,156.7,165.4
FE,FirstEnergy,Utilities,Electric Utilities,43.56,44.4,36.81,43.67,43.51,43.43,41.5,41.21,40.69,40.18
FI,Fiserv,Financials,Transaction & Payment Processing Services,137.65,238.59,128.22,138.09,138.33,136.12,151.93,166.22,176.74,191.05
F,Ford Motor Company,Consumer Discretionary,Automobile Manufacturers,11.71,11.99,8.21,11.8,11.63,11.37,11.2,10.57,10.37,10.07
FTNT,Fortinet,Information Technology,Systems Software,79.29,114.82,70.12,78.55,78.8,81.8,95.03,98.13,98.17,98.57
FTV,Fortive,Industrials,Industrial Machinery & Supplies & Components,48.01,62.73,45.5,48.58,48.28,47.9,50.32,51.29,52.23,54.68
FOXA,Fox Corporation (Class A),Communication Services,Broadcasting,59.46,60.24,38.53,59.45,58.93,57.42,56.49,54.33,54.27,52.51
FOX,Fox Corporation (Class B),Communication Services,Broadcasting,54.3,55.15,35.71,54.34,53.91,52.44,51.77,49.98,50.01,48.81
BEN,Franklin Resources,Financials,Asset Management & Custody Banks,25.54,26.08,16.03,25.44,25.15,25.18,24.57,22.32,21.67,21.08
FCX,Freeport-McMoRan,Materials,Copper,44.37,51.85,27.45,43.91,42.82,41.99,43.12,40.27,39.75,39.71
GRMN,Garmin,Consumer Discretionary,Consumer Electronics,241.05,244.52,159.09,235.56,233.59,231.67,223.18,209.88,210.24,211.06
IT,Gartner,Information Technology,IT Consulting & Other Services,247.73,584.01,223.65,245.72,243.8,249.53,326.66,374.45,388.45,435.54
GE,GE Aerospace,Industrials,Aerospace & Defense,276.0,281.5,158.81,271.29,269.38,271.21,262.53,239.72,231.48,213.8
GEHC,GE HealthCare,Health Care,Health Care Equipment,73.72,94.71,57.59,74.38,73.94,73.01,74.08,71.44,73.42,77.61
GEV,GE Vernova,Industrials,Heavy Electrical Equipment,633.69,677.29,180.14,618.27,615.2,632.41,586.42,498.63,461.05,420.27
GEN,Gen Digital,Information Technology,Systems Software,30.21,32.09,22.55,30.89,31.13,30.51,30.04,28.51,28.18,28.16
GNRC,Generac,Industrials,Electrical Components & Equipment,186.92,203.25,99.5,190.23,192.74,194.78,167.54,143.69,140.92,148.9
GD,General Dynamics,Industrials,Aerospace & Defense,324.91,326.02,236.67,322.41,318.97,316.56,305.46,289.12,283.83,276.07
GIS,General Mills,Consumer Staples,Packaged Foods & Meats,48.44,72.88,48.29,49.29,49.48,49.46,50.35,52.48,53.79,56.32
GM,General Motors,Consumer Discretionary,Automobile Manufacturers,58.49,60.75,41.47,58.54,57.56,55.63,53.22,50.18,49.73,50.44
GPC,Genuine Parts Company,Consumer Discretionary,Distributors,139.31,140.81,103.16,139.33,138.37,136.01,129.83,124.75,123.89,121.82
GILD,Gilead Sciences,Health Care,Biotechnology,112.56,121.83,74.29,114.03,115.94,115.96,112.86,108.99,109.33,103.51
GPN,Global Payments,Financials,Transaction & Payment Processing Services,88.22,119.03,65.72,88.62,87.44,84.76,82.35,80.13,83.44,93.74
GL,Globe Life,Financials,Life & Health Insurance,140.46,144.0,98.18,140.25,138.82,139.15,130.34,125.43,125.65,121.2
GDDY,GoDaddy,Information Technology,Internet Services & Infrastructure,147.86,216.0,132.51,147.0,146.2,146.58,161.83,170.91,172.27,182.02
GS,Goldman Sachs,Financials,Investment Banking & Brokerage,751.22,753.33,437.2,746.1,735.02,731.35,713.07,640.44,622.54,614.26
HAL,Halliburton,Energy,Oil & Gas Equipment & Services,22.63,31.9,18.56,22.28,21.74,21.47,21.59,21.12,21.79,23.98
HIG,Hartford (The),Financials,Property & Casualty Insurance,132.22,134.94,104.05,132.95,132.41,130.23,126.25,125.07,123.91,119.72
HAS,Hasbro,Consumer Discretionary,Leisure Products,81.6,82.19,48.07,81.53,80.73,78.88,76.22,68.7,66.95,63.97
HCA,HCA Healthcare,Health Care,Health Care Facilities,407.28,414.51,288.77,404.41,402.86,389.55,376.56,367.36,359.84,344.3
DOC,Healthpeak Properties,Real Estate,Health Care REITs,17.86,22.06,16.35,17.74,17.47,17.16,17.52,17.42,17.86,18.59
HSIC,Henry Schein,Health Care,Health Care Distributors,69.03,82.49,60.56,69.03,68.54,67.84,70.33,69.34,69.55,71.26
HSY,Hershey Company (The),Consumer Staples,Packaged Foods & Meats,179.99,202.98,136.73,181.43,180.53,181.61,176.11,169.08,169.04,166.78
HPE,Hewlett Packard Enterprise,Information Technology,"Technology Hardware, Storage & Peripherals",23.16,24.28,11.88,22.68,22.04,21.31,20.62,18.59,18.04,19.3
HLT,Hilton Worldwide,Consumer Discretionary,"Hotels, Resorts & Cruise Lines",276.3,279.46,195.92,275.92,272.73,268.39,268.17,252.3,248.68,250.4
HOLX,Hologic,Health Care,Health Care Equipment,66.62,84.39,51.9,67.07,67.42,67.65,66.08,62.59,62.45,66.09
HD,Home Depot (The),Consumer Discretionary,Home Improvement Retail,407.45,431.63,324.29,408.98,404.56,396.87,378.74,369.6,367.93,380.51
HON,Honeywell,Industrials,Industrial Conglomerates,221.35,240.47,177.52,221.72,219.29,218.24,225.54,218.78,216.6,217.51
HRL,Hormel Foods,Consumer Staples,Packaged Foods & Meats,25.22,32.84,23.71,28.22,28.38,28.42,29.22,29.49,29.45,29.6
HST,Host Hotels & Resorts,Real Estate,Hotel & Resort REITs,17.29,18.53,12.06,17.08,16.54,16.05,16.05,15.31,15.17,15.8
HWM,Howmet Aerospace,Industrials,Aerospace & Defense,176.16,193.13,90.47,173.99,173.14,176.67,179.96,166.07,158.56,144.14
HPQ,HP Inc.,Information Technology,"Technology Hardware, Storage & Peripherals",28.35,38.63,20.97,27.54,27.13,26.42,25.63,25.51,26.0,28.8
HUBB,Hubbell Incorporated,Industrials,Industrial Machinery & Supplies & Components,445.8,476.65,298.43,442.56,436.3,431.89,423.94,396.13,384.79,400.08
HUM,Humana,Health Care,Managed Health Care,297.89,377.69,206.87,298.15,293.7,278.52,253.02,250.92,252.94,260.31
HBAN,Huntington Bancshares,Financials,Regional Banks,17.8,17.91,11.8,17.55,17.11,16.68,16.75,15.79,15.56,15.94
HII,Huntington Ingalls Industries,Industrials,Aerospace & Defense,275.27,293.14,156.7,272.82,269.69,268.68,258.37,240.34,231.63,214.82
IBM,IBM,Information Technology,IT Consulting & Other Services,245.73,294.17,191.56,242.94,241.71,242.72,265.03,258.18,255.58,245.43
IEX,IDEX Corporation,Industrials,Industrial Machinery & Supplies & Components,165.22,235.67,152.2,166.37,165.31,163.32,172.71,174.8,176.09,189.98
IDXX,Idexx Laboratories,Health Care,Health Care Equipment,647.03,688.12,356.14,643.3,641.48,641.48,579.06,527.27,506.17,478.58
ITW,Illinois Tool Works,Industrials,Industrial Machinery & Supplies & Components,265.75,274.77,213.36,266.99,263.98,261.01,256.96,248.29,248.86,252.68
INCY,Incyte,Health Care,Biotechnology,83.7,87.24,53.56,84.47,85.24,82.54,74.77,68.72,67.88,69.64
IR,Ingersoll Rand,Industrials,Industrial Machinery & Supplies & Components,80.26,105.95,65.58,80.47,79.59,78.57,82.83,80.58,80.69,85.94
PODD,Insulet Corporation,Health Care,Health Care Equipment,337.6,337.82,183.31,332.71,329.62,313.84,303.32,295.59,288.51,282.02
INTC,Intel,Information Technology,Semiconductors,24.93,27.55,17.67,24.7,24.4,22.59,22.41,21.43,21.67,21.72
ICE,Intercontinental Exchange,Financials,Financial Exchanges & Data,177.14,189.35,141.51,178.6,179.09,182.33,182.02,176.21,175.14,168.09
IFF,International Flavors & Fragrances,Materials,Specialty Chemicals,67.1,105.18,62.33,67.14,66.49,66.47,71.6,73.44,74.43,78.4
IP,International Paper,Materials,Paper & Plastic Packaging Products & Materials,48.96,58.71,42.44,48.88,48.02,47.4,48.93,47.63,48.35,50.73
IPG,Interpublic Group of Companies (The),Communication Services,Advertising,26.69,32.2,22.2,26.94,26.66,25.85,25.24,24.64,24.93,25.97
INTU,Intuit,Information Technology,Application Software,668.2,813.7,531.0,662.11,684.24,715.24,748.31,707.99,686.41,663.13
ISRG,Intuitive Surgical,Health Care,Health Care Equipment,473.84,616.0,425.0,472.77,475.49,476.09,500.5,513.04,511.36,529.01
IVZ,Invesco,Financials,Asset Management & Custody Banks,22.06,22.25,11.33,21.84,21.36,21.06,19.06,16.52,16.22,16.61
INVH,Invitation Homes,Real Estate,Single-Family Residential REITs,30.94,36.53,29.11,30.96,30.69,30.45,31.62,32.45,32.66,32.27
IQV,IQVIA,Health Care,Life Sciences Tools & Services,188.73,252.88,134.65,188.89,189.79,186.45,176.07,162.14,165.99,178.74
IRM,Iron Mountain,Real Estate,Other Specialized REITs,91.97,127.24,71.77,92.18,91.66,92.01,96.75,94.91,93.0,97.65
JBHT,J.B. Hunt,Industrials,Cargo Ground Transportation,143.98,198.61,122.01,145.4,144.61,143.15,145.9,141.27,143.06,154.85
JBL,Jabil,Information Technology,Electronic Manufacturing Services,209.87,232.75,99.48,208.96,209.1,215.28,217.96,187.31,177.4,166.76
JKHY,Jack Henry & Associates,Financials,Transaction & Payment Processing Services,162.82,195.38,157.8,162.98,162.38,163.04,172.21,174.39,175.15,174.21
J,Jacobs Solutions,Industrials,Construction & Engineering,146.91,152.07,104.68,147.8,147.38,146.75,139.69,131.03,128.9,130.67
JNJ,Johnson & Johnson,Health Care,Pharmaceuticals,175.45,179.84,137.37,176.76,176.58,173.68,164.21,158.06,158.49,154.42
JCI,Johnson Controls,Industrials,Building Products,108.65,112.63,66.5,108.01,106.45,106.0,106.13,98.53,94.85,90.03
JPM,JPMorgan Chase,Financials,Diversified Banks,301.07,301.29,196.2,298.01,294.64,292.78,290.39,270.94,264.25,258.65
K,Kellanova,Consumer Staples,Packaged Foods & Meats,79.47,82.65,77.7,79.83,79.94,79.99,79.69,80.7,80.93,80.64
KVUE,Kenvue,Consumer Staples,Personal Care Products,20.54,24.71,19.2,20.98,21.17,21.3,21.32,21.97,22.17,21.95
KDP,Keurig Dr Pepper,Consumer Staples,Soft Drinks & Non-alcoholic Beverages,29.29,37.26,28.7,30.84,32.92,33.49,33.42,33.51,33.48,32.82
KEY,KeyCorp,Financials,Regional Banks,19.35,19.48,12.56,19.21,18.68,18.22,18.04,16.63,16.42,16.82
KEYS,Keysight Technologies,Information Technology,Electronic Equipment & Instruments,166.53,186.2,121.43,165.63,163.85,163.52,163.86,157.76,156.56,160.94
KMB,Kimberly-Clark,Consumer Staples,Household Products,128.72,149.05,121.86,130.6,131.64,133.0,130.41,132.76,134.13,132.59
KIM,Kimco Realty,Real Estate,Retail REITs,22.4,24.97,17.71,22.26,21.85,21.48,21.44,20.97,20.92,21.61
KMI,Kinder Morgan,Energy,Oil & Gas Storage & Transportation,27.01,30.49,19.68,26.73,26.63,26.92,27.38,27.14,27.09,26.97
KKR,KKR & Co.,Financials,Asset Management & Custody Banks,140.09,169.7,85.9,140.22,139.95,142.02,140.27,128.02,125.47,134.86
KLAC,KLA Corporation,Information Technology,Semiconductor Materials & Equipment,894.0,957.18,548.81,884.16,880.42,896.78,902.29,820.15,793.67,752.75
KHC,Kraft Heinz,Consumer Staples,Packaged Foods & Meats,27.64,35.08,25.44,27.8,27.65,27.54,27.28,27.42,27.92,28.52
KR,Kroger,Consumer Staples,Food Retail,67.46,74.52,49.68,68.83,69.75,70.89,70.83,69.52,68.67,65.59
LHX,L3Harris,Industrials,Aerospace & Defense,277.04,280.52,191.09,276.68,275.04,274.36,265.55,246.57,239.21,231.44
LH,Labcorp,Health Care,Health Care Services,275.29,283.47,208.77,277.47,275.86,270.74,262.45,251.82,249.18,245.08
LRCX,Lam Research,Information Technology,Semiconductor Materials & Equipment,104.09,108.02,56.18,102.55,100.9,100.94,99.13,88.36,85.64,82.35
LW,Lamb Weston,Consumer Staples,Packaged Foods & Meats,56.25,82.35,47.25,56.46,55.57,54.44,53.56,53.22,53.02,57.69
LVS,Las Vegas Sands,Consumer Discretionary,Casinos & Gaming,57.71,57.74,29.84,56.37,54.91,53.96,50.22,44.19,43.65,45.06
LDOS,Leidos,Industrials,Diversified Support Services,181.36,201.22,122.92,182.09,180.55,177.02,166.61,157.04,152.63,151.7
LEN,Lennar,Consumer Discretionary,Homebuilding,133.13,184.74,97.54,134.06,132.74,127.41,118.05,112.69,113.56,123.13
LII,Lennox International,Industrials,Building Products,559.48,689.44,497.88,571.31,582.15,589.28,597.4,577.4,576.49,595.32
LLY,Lilly (Eli),Health Care,Pharmaceuticals,731.96,965.1,622.41,721.83,712.69,702.07,748.14,760.66,775.6,784.97
LIN,Linde plc,Materials,Industrial Gases,482.15,486.38,407.35,481.26,480.79,475.74,470.54,462.32,461.54,453.73
LYV,Live Nation Entertainment,Communication Services,Movies & Entertainment,166.62,167.22,92.57,166.07,164.07,158.63,152.85,144.75,141.12,140.02
LKQ,LKQ Corporation,Consumer Discretionary,Distributors,32.25,43.77,28.65,31.87,31.36,30.6,33.9,36.74,37.64,37.54
LMT,Lockheed Martin,Industrials,Aerospace & Defense,456.18,606.41,410.11,452.01,447.25,438.72,447.28,457.66,456.66,465.52
L,Loews Corporation,Financials,Multi-line Insurance,96.52,97.41,74.95,96.15,95.92,94.75,92.42,89.8,89.34,87.49
LOW,Lowe's,Consumer Discretionary,Home Improvement Retail,257.54,281.56,204.22,259.43,256.92,248.95,232.86,227.44,227.84,238.0
LULU,Lululemon Athletica,Consumer Discretionary,"Apparel, Accessories & Luxury Goods",205.08,423.32,185.95,204.64,201.93,197.81,216.4,249.67,263.43,303.91
LYB,LyondellBasell,Materials,Specialty Chemicals,55.86,91.24,46.44,56.64,54.78,52.29,56.99,56.17,58.61,63.79
MTB,M&T Bank,Financials,Regional Banks,200.8,221.09,149.64,200.12,195.73,191.99,193.9,183.91,182.13,187.97
MPC,Marathon Petroleum,Energy,Oil & Gas Refining & Marketing,179.3,182.09,113.82,174.75,169.12,165.56,169.39,158.19,154.69,151.89
MKTX,MarketAxess,Financials,Financial Exchanges & Data,182.55,292.5,182.15,187.74,187.59,190.27,205.09,211.87,211.51,216.83
MAR,Marriott International,Consumer Discretionary,"Hotels, Resorts & Cruise Lines",270.25,305.27,204.35,270.04,267.15,264.08,269.19,259.04,256.32,266.04
MMC,Marsh McLennan,Financials,Insurance Brokers,206.44,246.94,196.27,207.36,208.49,205.86,209.25,217.12,220.64,220.14
MLM,Martin Marietta Materials,Materials,Construction Materials,612.29,630.45,441.31,611.67,607.99,606.24,578.46,553.75,538.45,540.8
MAS,Masco,Industrials,Building Products,73.55,85.23,56.02,74.49,73.88,72.09,67.98,65.07,66.06,69.89
MA,Mastercard,Financials,Transaction & Payment Processing Services,590.48,601.77,464.22,592.98,590.09,580.54,566.27,560.66,556.14,548.06
MTCH,Match Group,Communication Services,Interactive Media & Services,37.04,39.2,26.24,37.25,37.4,36.72,34.13,31.84,31.62,31.88
MKC,McCormick & Company,Consumer Staples,Packaged Foods & Meats,69.86,85.22,68.23,70.74,70.18,70.08,71.8,72.92,74.45,75.06
MCD,McDonald's,Consumer Discretionary,Restaurants,312.22,324.48,273.39,312.82,311.9,308.29,300.62,305.21,305.41,300.03
MCK,McKesson Corporation,Health Care,Health Care Distributors,681.02,737.89,462.92,682.68,684.35,683.35,703.35,703.37,694.8,658.25
MDT,Medtronic,Health Care,Health Care Equipment,91.96,94.71,77.57,92.19,92.1,91.64,90.02,86.86,87.42,86.36
MRK,Merck & Co.,Health Care,Pharmaceuticals,83.21,116.37,72.58,84.99,84.91,82.76,81.98,80.12,82.16,86.88
META,Meta Platforms,Communication Services,Interactive Media & Services,751.11,796.25,479.43,752.14,755.16,763.13,734.23,670.98,656.64,646.21
MET,MetLife,Financials,Life & Health Insurance,80.8,87.17,64.24,81.05,79.73,77.65,77.74,76.86,77.44,79.16
MTD,Mettler Toledo,Health Care,Life Sciences Tools & Services,1283.11,1521.01,946.69,1292.87,1300.55,1279.02,1236.18,1172.54,1179.72,1214.59
MGM,MGM Resorts,Consumer Discretionary,Casinos & Gaming,39.59,42.54,25.3,38.81,37.54,36.41,36.57,34.08,33.52,34.25
MCHP,Microchip Technology,Information Technology,Semiconductors,65.25,80.29,33.63,67.44,66.38,65.54,68.99,60.94,59.03,58.77
MU,Micron Technology,Information Technology,Semiconductors,122.0,129.73,61.48,118.07,118.98,117.6,118.24,103.86,101.42,99.97
MSFT,Microsoft,Information Technology,Systems Software,509.64,554.54,343.59,505.98,508.35,516.22,507.1,468.1,451.32,440.46
MAA,Mid-America Apartment Communities,Real Estate,Multi-Family Residential REITs,144.13,170.0,137.32,143.25,142.3,141.24,145.78,150.38,152.59,152.5
MRNA,Moderna,Health Care,Biotechnology,24.47,81.61,23.15,25.35,26.39,26.54,29.02,27.65,28.55,32.44
MHK,Mohawk Industries,Consumer Discretionary,Home Furnishings,132.48,164.29,96.24,132.22,129.23,125.91,116.55,110.26,111.07,116.85
MOH,Molina Healthcare,Health Care,Managed Health Care,174.72,365.23,151.95,175.05,173.22,164.84,202.77,258.97,271.31,280.81
TAP,Molson Coors Beverage Company,Consumer Staples,Brewers,50.22,64.07,46.94,51.22,51.33,50.7,49.92,52.59,54.0,55.22
MDLZ,Mondelez International,Consumer Staples,Packaged Foods & Meats,61.28,73.95,53.2,62.09,62.31,62.29,65.83,65.96,65.81,63.63
MPWR,Monolithic Power Systems,Information Technology,Semiconductors,858.46,951.76,437.93,851.46,842.59,830.08,767.87,699.65,676.95,656.17
MNST,Monster Beverage,Consumer Staples,Soft Drinks & Non-alcoholic Beverages,62.02,66.75,45.7,62.2,63.25,62.6,61.62,61.33,60.41,57.1
MCO,Moody's Corporation,Financials,Financial Exchanges & Data,509.43,528.95,377.3,511.38,511.9,513.18,503.79,481.99,477.23,480.23
MS,Morgan Stanley,Financials,Investment Banking & Brokerage,150.18,150.39,91.36,148.84,146.58,144.98,141.89,131.17,128.1,128.57
MOS,Mosaic Company (The),Materials,Fertilizers & Agricultural Chemicals,33.95,38.23,22.14,33.28,32.85,32.88,34.97,33.38,31.87,29.58
MSI,Motorola Solutions,Information Technology,Communications Equipment,470.1,503.98,387.87,462.54,461.92,456.72,435.05,426.12,425.49,441.27
MSCI,MSCI Inc.,Financials,Financial Exchanges & Data,568.55,636.39,483.67,571.74,568.1,561.18,562.92,556.24,556.41,570.08
NDAQ,"Nasdaq, Inc.",Financials,Financial Exchanges & Data,95.24,97.63,64.64,94.81,94.54,95.38,92.24,85.51,83.46,81.97
NTAP,NetApp,Information Technology,"Technology Hardware, Storage & Peripherals",117.22,133.34,71.49,112.06,110.33,107.78,106.37,100.01,98.03,106.11
NFLX,Netflix,Communication Services,Movies & Entertainment,1231.45,1341.15,660.8,1220.75,1222.2,1207.43,1230.16,1177.42,1129.09,1052.15
NEM,Newmont,Materials,Gold,72.97,73.29,36.47,71.93,70.45,69.03,63.54,58.23,55.75,50.36
NWSA,News Corp (Class A),Communication Services,Publishing,29.48,30.75,23.38,29.9,29.77,29.46,29.43,28.39,28.13,28.25
NWS,News Corp (Class B),Communication Services,Publishing,34.05,35.58,26.25,34.47,34.38,33.96,33.91,32.75,32.34,32.12
NEE,NextEra Energy,Utilities,Multi-Utilities,72.09,84.15,61.22,74.49,75.24,73.44,73.14,70.95,70.89,70.97
NKE,"Nike, Inc.",Consumer Discretionary,"Apparel, Accessories & Luxury Goods",77.92,89.11,51.93,78.44,77.59,76.31,73.6,66.37,67.02,69.93
NI,NiSource,Utilities,Multi-Utilities,42.14,43.51,31.61,42.51,42.33,42.42,41.11,39.92,39.71,38.6
NDSN,Nordson Corporation,Industrials,Industrial Machinery & Supplies & Components,224.67,263.91,164.43,225.93,220.81,217.16,217.3,206.92,206.24,213.4
NSC,Norfolk Southern,Industrials,Rail Transportation,277.8,291.69,199.43,277.76,280.47,280.1,271.04,251.42,247.42,247.67
NTRS,Northern Trust,Financials,Asset Management & Custody Banks,130.99,133.0,81.05,131.02,129.07,127.72,126.56,113.05,110.14,108.63
NOC,Northrop Grumman,Industrials,Aerospace & Defense,587.9,600.99,422.32,589.34,589.15,587.11,548.52,518.38,512.94,498.03
NCLH,Norwegian Cruise Line Holdings,Consumer Discretionary,"Hotels, Resorts & Cruise Lines",25.39,29.29,14.21,24.94,24.52,24.52,23.01,20.35,20.19,22.57
NRG,NRG Energy,Utilities,Independent Power Producers & Energy Traders,148.66,175.96,74.96,146.57,147.44,152.99,154.07,142.24,132.76,119.95
NUE,Nucor,Materials,Steel,149.8,168.24,97.18,149.11,146.82,143.4,139.8,127.31,126.93,128.93
NVDA,Nvidia,Information Technology,Semiconductors,180.17,184.48,86.61,180.27,178.98,179.68,169.95,146.76,140.05,138.61
NVR,"NVR, Inc.",Consumer Discretionary,Homebuilding,8074.8,9964.77,6562.85,8103.28,8113.59,8024.23,7727.94,7437.25,7407.23,7730.91
NXPI,NXP Semiconductors,Information Technology,Semiconductors,239.07,253.03,147.4,237.21,232.88,223.27,223.04,207.83,206.45,210.12
ORLY,O’Reilly Automotive,Consumer Discretionary,Automotive Retail,103.99,104.86,73.11,103.2,102.89,102.62,96.65,93.93,93.33,89.72
OXY,Occidental Petroleum,Energy,Oil & Gas Exploration & Production,47.51,56.46,34.59,46.53,45.43,44.57,44.27,42.65,43.49,45.47
ODFL,Old Dominion,Industrials,Cargo Ground Transportation,149.7,232.21,140.91,154.52,152.9,149.94,157.91,158.48,160.2,173.91
OMC,Omnicom Group,Communication Services,Advertising,77.73,104.25,68.37,78.59,77.83,75.56,74.02,73.73,74.93,79.99
ON,ON Semiconductor,Information Technology,Semiconductors,50.78,78.61,31.04,51.16,50.55,50.02,54.1,48.25,47.16,52.15
OKE,Oneok,Energy,Oil & Gas Storage & Transportation,75.89,113.92,72.18,74.93,74.28,75.02,78.19,79.85,82.61,89.26
ORCL,Oracle Corporation,Information Technology,Application Software,240.32,260.87,118.18,236.42,238.23,244.32,236.77,195.88,186.34,181.53
OTIS,Otis Worldwide,Industrials,Industrial Machinery & Supplies & Components,86.25,105.86,83.85,87.41,87.74,87.13,92.3,93.85,95.24,95.41
PCAR,Paccar,Industrials,Construction Machinery & Heavy Transportation Equipment,100.68,114.66,84.08,100.88,99.62,98.61,97.25,94.4,95.45,100.05
PKG,Packaging Corporation of America,Materials,Paper & Plastic Packaging Products & Materials,216.65,246.22,171.6,212.79,205.82,200.63,199.54,193.61,194.23,206.0
PLTR,Palantir Technologies,Information Technology,Application Software,158.12,190.0,29.31,158.32,161.28,169.23,155.19,135.87,125.8,108.5
PANW,Palo Alto Networks,Information Technology,Systems Software,191.02,210.39,144.15,186.66,183.59,177.54,189.54,187.11,185.42,187.39
PSKY,Paramount Skydance Corporation,Communication Services,Movies & Entertainment,14.69,17.53,9.78,15.46,14.8,13.44,13.05,12.31,12.17,11.65
PH,Parker Hannifin,Industrials,Industrial Machinery & Supplies & Components,766.84,773.3,487.08,759.82,748.55,738.59,720.17,674.22,662.28,666.13
PAYX,Paychex,Industrials,Human Resource & Employment Services,138.72,160.03,125.38,138.94,138.68,138.76,142.28,145.89,146.11,144.47
PAYC,Paycom,Industrials,Human Resource & Employment Services,225.71,267.33,152.1,228.77,226.47,225.02,228.22,233.88,230.0,224.41
PYPL,PayPal,Financials,Transaction & Payment Processing Services,70.06,93.66,55.85,69.85,69.27,68.8,71.9,70.09,69.66,75.38
PNR,Pentair,Industrials,Industrial Machinery & Supplies & Components,109.18,109.99,73.85,108.84,107.14,105.52,104.37,98.52,96.23,98.23
PEP,PepsiCo,Consumer Staples,Soft Drinks & Non-alcoholic Beverages,146.98,174.44,126.36,147.89,149.13,146.46,140.6,136.86,139.15,143.14
PFE,Pfizer,Health Care,Pharmaceuticals,24.6,28.43,20.18,25.12,25.23,24.81,24.53,23.54,23.77,24.2
PCG,PG&E Corporation,Utilities,Multi-Utilities,14.99,21.62,12.97,15.04,15.1,15.08,14.28,15.41,15.67,16.68
PM,Philip Morris International,Consumer Staples,Tobacco,165.77,185.29,114.24,167.15,168.47,167.51,172.26,171.1,167.3,152.85
PSX,Phillips 66,Energy,Oil & Gas Refining & Marketing,132.83,135.71,89.26,130.96,126.9,123.12,123.79,116.29,117.22,118.25
PNW,Pinnacle West Capital,Utilities,Multi-Utilities,89.32,94.64,79.08,90.21,90.83,91.62,90.4,90.4,90.57,88.89
PNC,PNC Financial Services,Financials,Diversified Banks,205.62,210.46,142.39,203.5,198.28,193.99,192.14,178.95,177.33,183.93
POOL,Pool Corporation,Consumer Discretionary,Distributors,314.97,391.14,281.15,319.27,318.26,315.13,307.41,304.15,308.84,323.71
PPG,PPG Industries,Materials,Specialty Chemicals,111.22,133.97,89.08,112.47,112.16,109.57,111.99,109.33,109.39,112.52
PPL,PPL Corporation,Utilities,Electric Utilities,36.56,37.38,30.32,36.62,36.64,36.52,35.5,35.07,34.97,34.16
PFG,Principal Financial Group,Financials,Life & Health Insurance,80.22,89.5,67.72,80.52,79.39,78.03,78.96,77.33,78.44,79.31
PG,Procter & Gamble,Consumer Staples,Personal Care Products,155.65,177.66,149.91,156.68,157.01,155.06,156.13,159.1,160.82,162.7
PGR,Progressive Corporation,Financials,Property & Casualty Insurance,246.11,292.77,228.37,246.03,247.66,246.48,250.05,262.75,265.92,259.96
PLD,Prologis,Real Estate,Industrial REITs,112.64,128.08,84.54,112.11,110.19,107.89,107.68,105.69,106.89,108.7
PRU,Prudential Financial,Financials,Life & Health Insurance,108.74,125.75,88.12,109.32,107.7,105.0,104.37,102.66,103.53,107.87
PEG,Public Service Enterprise Group,Utilities,Electric Utilities,82.59,93.08,74.08,83.04,83.77,85.74,84.68,82.17,81.83,82.96
PTC,PTC Inc.,Information Technology,Application Software,215.03,219.69,133.38,214.71,212.04,210.76,196.98,178.88,174.67,178.96
PSA,Public Storage,Real Estate,Self-Storage REITs,291.67,359.28,254.04,291.06,287.98,284.62,287.43,290.81,291.74,296.33
PHM,PulteGroup,Consumer Discretionary,Homebuilding,131.47,148.55,87.88,131.65,129.74,125.96,116.59,108.29,107.38,110.62
PWR,Quanta Services,Industrials,Construction & Engineering,385.96,424.94,227.02,381.92,380.71,383.96,386.47,352.36,333.19,327.55
QCOM,Qualcomm,Information Technology,Semiconductors,160.8,179.1,120.08,158.83,157.67,153.74,155.82,150.64,151.16,154.85
DGX,Quest Diagnostics,Health Care,Health Care Services,179.2,185.62,144.09,179.64,180.79,178.16,174.86,173.69,172.55,166.98
RL,Ralph Lauren Corporation,Consumer Discretionary,"Apparel, Accessories & Luxury Goods",297.64,306.34,164.87,291.73,289.6,292.44,287.76,266.57,258.36,251.15
RJF,Raymond James Financial,Financials,Investment Banking & Brokerage,168.71,173.13,112.35,167.16,165.22,165.24,161.12,151.67,149.44,153.48
RTX,RTX Corporation,Industrials,Aerospace & Defense,160.66,161.26,111.21,158.52,156.87,155.99,151.39,141.12,138.85,131.71
O,Realty Income,Real Estate,Retail REITs,58.13,61.9,49.76,58.39,58.68,58.01,57.39,56.48,56.3,55.11
REG,Regency Centers,Real Estate,Retail REITs,72.21,76.68,62.82,72.2,71.71,71.89,71.09,70.97,71.19,71.42
REGN,Regeneron Pharmaceuticals,Health Care,Biotechnology,579.61,1206.03,475.77,583.22,583.05,571.51,554.57,556.93,577.63,630.8
RF,Regions Financial Corporation,Financials,Regional Banks,27.33,27.58,17.53,27.05,26.38,25.77,25.07,22.92,22.6,23.2
RSG,Republic Services,Industrials,Environmental & Facilities Services,233.1,258.14,195.62,233.77,234.05,233.88,239.01,242.93,241.42,230.85
RMD,ResMed,Health Care,Health Care Equipment,275.38,293.81,199.07,284.41,285.65,284.6,269.89,253.42,247.16,243.7
RVTY,Revvity,Health Care,Health Care Equipment,89.23,129.23,85.12,91.07,90.86,89.36,94.01,93.6,96.66,103.96
ROK,Rockwell Automation,Industrials,Electrical Components & Equipment,349.13,359.54,213.27,351.03,346.16,342.49,341.85,310.8,300.7,294.43
ROL,"Rollins, Inc.",Industrials,Environmental & Facilities Services,56.24,58.96,44.94,56.8,57.28,57.67,56.74,56.35,55.53,52.96
ROP,Roper Technologies,Information Technology,Electronic Equipment & Instruments,526.59,593.46,498.03,529.37,530.88,532.13,547.98,555.73,559.98,555.52
ROST,Ross Stores,Consumer Discretionary,Apparel Retail,149.05,157.36,122.01,148.47,147.52,146.25,137.61,139.23,137.14,140.69
RCL,Royal Caribbean Group,Consumer Discretionary,"Hotels, Resorts & Cruise Lines",365.84,366.18,152.4,353.66,339.33,325.07,325.07,279.07,265.72,256.64
SPGI,S&P Global,Financials,Financial Exchanges & Data,547.55,578.04,425.6,551.23,552.29,555.26,536.59,516.06,512.31,511.3
CRM,Salesforce,Information Technology,Application Software,254.53,367.42,226.48,248.92,246.93,244.26,257.25,262.38,265.21,290.53
SBAC,SBA Communications,Real Estate,Telecom Tower REITs,206.04,247.78,189.7,215.49,217.3,218.87,226.48,226.77,224.89,217.99
SLB,Schlumberger,Energy,Oil & Gas Equipment & Services,36.48,45.17,30.85,35.81,34.58,33.79,34.51,34.32,35.54,37.42
STX,Seagate Technology,Information Technology,"Technology Hardware, Storage & Peripherals",172.38,173.21,62.86,165.61,161.21,156.96,150.15,124.94,117.15,109.0
SRE,Sempra,Utilities,Multi-Utilities,81.44,93.45,61.37,82.01,81.85,81.87,78.72,76.25,74.84,78.42
NOW,ServiceNow,Information Technology,Systems Software,928.6,1198.09,678.66,889.59,886.12,884.33,945.61,946.37,923.6,971.35
SHW,Sherwin-Williams,Materials,Specialty Chemicals,366.18,397.81,307.5,367.99,366.21,359.89,349.04,347.67,347.16,352.02
SPG,Simon Property Group,Real Estate,Retail REITs,179.36,185.37,134.57,177.47,175.56,171.38,166.26,161.12,161.75,166.1
SWKS,Skyworks Solutions,Information Technology,Semiconductors,75.1,106.65,47.01,75.92,74.95,72.23,72.85,69.02,68.31,73.2
SJM,J.M. Smucker Company (The),Consumer Staples,Packaged Foods & Meats,106.72,121.73,92.38,109.54,110.8,110.12,105.74,107.75,108.46,107.57
SW,Smurfit Westrock,Materials,Paper & Plastic Packaging Products & Materials,46.39,55.46,36.31,46.0,44.44,43.96,44.77,43.41,43.6,46.85
SNA,Snap-on,Industrials,Industrial Machinery & Supplies & Components,327.14,366.68,262.13,329.82,326.33,323.6,319.88,317.59,319.74,328.28
SOLV,Solventum,Health Care,Health Care Technology,72.66,85.92,59.35,72.95,72.41,72.54,73.68,71.9,72.55,72.19
SO,Southern Company,Utilities,Electric Utilities,92.24,95.68,78.5,93.24,93.61,93.81,92.68,90.58,90.21,87.54
LUV,Southwest Airlines,Industrials,Passenger Airlines,32.98,37.96,23.68,32.97,32.15,31.07,32.84,31.29,31.31,31.47
SWK,Stanley Black & Decker,Industrials,Industrial Machinery & Supplies & Components,75.3,107.4,53.22,76.05,75.21,72.67,71.01,67.09,69.4,74.65
SBUX,Starbucks,Consumer Discretionary,Restaurants,88.02,115.87,74.48,87.3,88.86,89.7,91.53,88.01,90.06,93.44
STT,State Street Corporation,Financials,Asset Management & Custody Banks,115.24,116.37,72.29,115.27,113.4,112.02,109.41,100.09,97.61,97.11
STLD,Steel Dynamics,Materials,Steel,131.57,153.72,102.78,132.39,129.37,126.65,129.12,128.4,127.46,127.99
STE,Steris,Health Care,Health Care Equipment,244.77,252.46,199.99,248.54,247.75,241.78,235.78,234.07,232.19,225.53
SYK,Stryker Corporation,Health Care,Health Care Equipment,389.67,404.87,328.46,392.45,389.24,383.61,388.48,380.27,378.57,378.88
SMCI,Supermicro,Information Technology,"Technology Hardware, Storage & Peripherals",43.97,66.44,17.25,44.21,44.04,46.69,48.98,43.41,42.3,39.59
SYF,Synchrony Financial,Financials,Consumer Finance,76.58,76.74,40.15,74.98,73.26,71.67,69.77,62.24,60.37,62.19
SNPS,Synopsys,Information Technology,Application Software,612.17,651.73,365.74,602.97,607.02,614.79,578.99,522.63,506.18,510.51
SYY,Sysco,Consumer Staples,Food Distributors,79.59,82.64,66.65,79.83,79.81,80.16,78.41,74.99,74.57,74.32
TMUS,T-Mobile US,Communication Services,Wireless Telecommunication Services,250.56,275.47,190.58,251.36,254.2,249.43,239.81,242.09,245.84,241.5
TROW,T. Rowe Price,Financials,Asset Management & Custody Banks,108.28,121.15,76.8,108.39,107.22,106.67,103.24,96.85,96.04,101.86
TTWO,Take-Two Interactive,Communication Services,Interactive Home Entertainment,234.9,245.08,146.76,231.72,230.82,228.82,232.72,228.54,224.51,211.68
TPR,"Tapestry, Inc.",Consumer Discretionary,"Apparel, Accessories & Luxury Goods",102.61,114.05,38.51,100.48,99.83,104.29,99.91,87.13,84.26,78.29
TRGP,Targa Resources,Energy,Oil & Gas Storage & Transportation,166.96,215.2,139.32,163.93,162.96,164.12,166.75,165.7,170.54,179.12
TGT,Target Corporation,Consumer Staples,Consumer Staples Merchandise Retail,96.81,155.5,85.44,97.45,99.63,101.29,101.11,97.54,99.04,111.02
TEL,TE Connectivity,Information Technology,Electronic Manufacturing Services,208.04,212.76,115.79,206.53,204.43,203.55,189.61,170.07,164.88,158.46
TDY,Teledyne Technologies,Information Technology,Electronic Equipment & Instruments,542.09,570.56,416.0,544.07,542.28,545.17,535.02,507.71,504.85,497.32
TER,Teradyne,Information Technology,Semiconductor Materials & Equipment,117.89,143.79,65.67,117.17,113.51,110.64,100.04,89.3,89.5,100.56
TSLA,"Tesla, Inc.",Consumer Discretionary,Automobile Manufacturers,345.98,488.54,202.59,346.77,337.29,331.01,323.56,311.71,300.81,329.98
TXN,Texas Instruments,Information Technology,Semiconductors,204.09,220.1,137.77,205.51,201.39,194.28,200.56,186.49,184.77,186.32
TPL,Texas Pacific Land Corporation,Energy,Oil & Gas Exploration & Production,921.89,1762.86,763.79,910.78,900.53,901.89,973.71,1111.25,1153.75,1221.27
TXT,Textron,Industrials,Aerospace & Defense,80.46,91.39,57.69,81.2,80.24,79.27,80.64,76.15,75.46,76.67
TMO,Thermo Fisher Scientific,Health Care,Life Sciences Tools & Services,489.74,625.84,385.46,491.42,491.05,479.03,449.7,432.76,448.0,482.37
TJX,TJX Companies,Consumer Discretionary,Apparel Retail,137.12,145.58,109.83,136.61,135.91,133.38,127.71,127.37,125.57,124.2
TKO,TKO Group Holdings,Communication Services,Movies & Entertainment,190.14,194.76,112.59,186.17,185.7,178.99,175.2,166.84,163.07,156.49
TTD,Trade Desk (The),Communication Services,Advertising,55.36,141.53,42.96,53.16,53.02,61.87,71.07,67.47,65.6,85.03
TSCO,Tractor Supply,Consumer Discretionary,Other Specialty Retail,62.65,63.75,46.46,61.92,61.44,60.34,57.6,53.93,53.84,54.17
TT,Trane Technologies,Industrials,Building Products,424.5,476.19,297.5,423.72,424.83,428.3,435.31,414.29,399.99,393.55
TDG,TransDigm Group,Industrials,Aerospace & Defense,1398.06,1623.83,1183.6,1400.98,1397.6,1423.29,1494.9,1446.77,1428.86,1380.47
TRV,Travelers Companies (The),Financials,Property & Casualty Insurance,270.28,279.04,218.52,272.4,271.07,268.05,263.73,263.31,262.2,256.07
TRMB,Trimble Inc.,Information Technology,Electronic Equipment & Instruments,82.21,87.5,52.91,81.97,81.65,82.54,80.67,73.59,72.42,72.65
TFC,Truist Financial,Financials,Diversified Banks,46.79,47.29,32.72,46.31,45.3,44.28,43.83,40.96,40.77,42.14
TYL,Tyler Technologies,Information Technology,Application Software,556.28,661.31,513.52,556.07,562.51,576.32,572.9,568.44,570.55,583.73
TSN,Tyson Foods,Consumer Staples,Packaged Foods & Meats,56.12,65.23,51.85,57.17,56.9,56.33,55.3,56.2,57.1,57.56
USB,U.S. Bancorp,Financials,Diversified Banks,48.67,52.21,34.8,48.49,47.33,46.17,45.98,43.66,43.27,44.98
UBER,Uber,Industrials,Passenger Ground Transportation,95.96,97.71,59.33,95.95,94.96,92.52,91.8,86.99,84.23,78.52
UDR,"UDR, Inc.",Real Estate,Multi-Family Residential REITs,39.0,45.63,35.84,38.98,38.77,38.5,39.65,40.25,40.83,41.3
ULTA,Ulta Beauty,Consumer Discretionary,Other Specialty Retail,530.63,538.59,309.01,528.87,523.57,518.14,498.53,453.55,433.86,420.22
UNP,Union Pacific Corporation,Industrials,Rail Transportation,222.35,253.9,203.43,223.44,223.28,222.54,226.72,223.22,225.71,229.38
UAL,United Airlines Holdings,Industrials,Passenger Airlines,105.08,116.0,40.96,103.75,102.13,96.67,89.59,81.72,80.45,87.69
UPS,United Parcel Service,Industrials,Air Freight & Logistics,87.27,136.36,82.72,87.83,87.34,86.18,93.33,94.12,97.33,105.69
URI,United Rentals,Industrials,Trading Companies & Distributors,955.24,959.7,523.58,943.54,924.83,902.26,838.5,750.06,723.68,736.57
UNH,UnitedHealth Group,Health Care,Managed Health Care,302.29,621.24,234.6,303.78,303.88,278.36,288.05,334.15,367.05,429.01
UHS,Universal Health Services,Health Care,Health Care Facilities,181.22,242.48,152.33,182.91,182.18,176.16,174.51,177.61,177.69,181.76
VLO,Valero Energy,Energy,Oil & Gas Refining & Marketing,151.16,153.86,97.37,148.27,143.37,138.76,140.6,130.95,130.0,130.11
VTR,Ventas,Real Estate,Health Care REITs,67.54,70.82,55.85,67.7,67.98,68.13,65.94,65.41,65.77,63.82
VLTO,Veralto,Industrials,Environmental & Facilities Services,106.5,114.62,83.77,107.46,107.67,107.55,104.19,100.11,99.55,100.64
VRSN,Verisign,Information Technology,Internet Services & Infrastructure,272.0,309.71,174.64,270.06,269.92,268.86,277.96,273.57,267.34,243.84
VRSK,Verisk Analytics,Industrials,Research & Consulting Services,266.19,322.46,259.01,268.07,268.77,267.31,287.71,295.14,294.66,290.73
VZ,Verizon,Communication Services,Integrated Telecommunication Services,43.93,45.87,36.41,44.17,44.45,43.75,42.75,42.69,42.71,41.43
VRTX,Vertex Pharmaceuticals,Health Care,Biotechnology,392.05,519.88,362.5,390.47,391.76,395.16,434.32,448.02,457.67,455.16
VTRS,Viatris,Health Care,Pharmaceuticals,10.41,13.04,6.68,10.49,10.51,9.98,9.39,8.81,8.81,9.82
VICI,Vici Properties,Real Estate,Hotel & Resort REITs,33.51,34.01,27.24,33.52,33.07,33.07,32.98,32.14,32.01,31.09
V,Visa Inc.,Financials,Transaction & Payment Processing Services,349.86,374.85,265.8,350.05,346.75,342.58,347.24,348.13,346.5,337.93
VST,Vistra Corp.,Utilities,Electric Utilities,196.7,216.85,72.39,193.39,194.0,199.88,195.21,169.65,159.98,158.31
VMC,Vulcan Materials Company,Materials,Construction Materials,291.16,296.62,214.34,291.24,290.51,287.85,274.38,266.06,259.5,263.3
WRB,W. R. Berkley Corporation,Financials,Property & Casualty Insurance,71.24,75.77,54.76,71.45,71.52,70.96,70.49,70.8,69.51,65.79
GWW,W. W. Grainger,Industrials,Industrial Machinery & Supplies & Components,1014.47,1219.65,889.92,1015.76,1001.6,975.94,1013.1,1027.18,1017.5,1048.4
WAB,Wabtec,Industrials,Construction Machinery & Heavy Transportation Equipment,195.18,215.82,151.42,194.98,193.08,191.46,200.53,195.88,192.76,194.27
WBA,Walgreens Boots Alliance,Consumer Staples,Drug Retail,11.98,13.25,7.98,12.03,12.04,11.92,11.66,11.38,11.32,10.8
WMT,Walmart,Consumer Staples,Consumer Staples Merchandise Retail,96.11,104.51,74.94,96.23,98.37,99.91,97.86,96.59,94.77,94.18
DIS,Walt Disney Company (The),Communication Services,Movies & Entertainment,117.64,124.69,79.76,117.99,117.14,116.27,119.0,110.43,108.28,109.26
WBD,Warner Bros. Discovery,Communication Services,Broadcasting,12.06,13.87,6.78,12.02,11.85,11.91,11.95,10.5,10.51,10.46
WM,Waste Management,Industrials,Environmental & Facilities Services,224.58,241.74,198.19,225.34,226.59,229.05,228.72,230.08,229.5,224.38
WAT,Waters Corporation,Health Care,Life Sciences Tools & Services,297.65,423.56,275.05,297.91,295.54,290.23,310.38,326.68,335.29,354.15
WEC,WEC Energy Group,Utilities,Electric Utilities,106.31,110.99,88.81,107.33,107.63,108.38,106.43,105.88,105.68,102.12
WFC,Wells Fargo,Financials,Diversified Banks,81.98,84.33,49.13,81.06,79.33,78.56,79.69,75.31,74.31,74.1
WELL,Welltower,Real Estate,Health Care REITs,167.4,170.34,116.26,166.06,165.21,165.8,159.86,153.79,152.75,145.58
WST,West Pharmaceutical Services,Health Care,Health Care Supplies,245.45,351.24,187.09,246.2,245.63,243.21,234.01,223.27,223.78,256.74
WDC,Western Digital,Information Technology,"Technology Hardware, Storage & Peripherals",82.04,82.16,28.78,79.72,77.61,76.59,70.31,58.22,54.99,53.04
WY,Weyerhaeuser,Real Estate,Timber REITs,25.95,33.31,23.91,26.31,26.12,25.89,25.93,25.9,26.58,27.68
WSM,"Williams-Sonoma, Inc.",Consumer Discretionary,Homefurnishing Retail,188.06,218.08,123.89,195.91,198.36,199.9,182.74,169.47,169.12,175.82
WMB,Williams Companies,Energy,Oil & Gas Storage & Transportation,58.0,63.45,42.4,57.3,57.21,57.85,58.64,58.44,58.22,57.13
WTW,Willis Towers Watson,Financials,Insurance Brokers,326.84,342.16,280.03,333.32,333.5,329.87,315.38,312.19,315.84,316.19
WDAY,"Workday, Inc.",Information Technology,Application Software,228.5,294.0,205.33,225.15,226.86,224.31,231.13,238.45,239.74,248.3
WYNN,Wynn Resorts,Consumer Discretionary,Casinos & Gaming,126.74,126.88,64.93,120.34,115.43,111.98,107.06,95.62,93.32,91.01
XEL,Xcel Energy,Utilities,Multi-Utilities,72.34,74.57,58.54,73.01,72.87,73.02,70.88,69.95,69.71,68.64
XYL,Xylem Inc.,Industrials,Industrial Machinery & Supplies & Components,144.01,145.33,100.15,143.68,142.4,142.76,135.55,128.01,126.74,125.22
YUM,Yum! Brands,Consumer Discretionary,Restaurants,145.47,162.5,120.96,146.52,147.95,145.57,146.37,145.67,147.81,143.02
ZBRA,Zebra Technologies,Information Technology,Electronic Equipment & Instruments,322.0,427.76,205.73,321.27,316.7,319.72,320.14,293.98,291.79,326.26
ZBH,Zimmer Biomet,Health Care,Health Care Equipment,105.06,115.64,88.99,106.88,105.42,101.26,96.71,96.4,98.96,101.81
ZTS,Zoetis,Health Care,Pharmaceuticals,154.79,197.92,138.77,155.35,155.12,152.15,153.23,155.72,157.16,161.43
