Symbol,Company,GICS_Sector,GICS_Sub_Industry,Current_Price,High_52_Week,Low_52_Week,SMA5,SMA10,SMA20,SMA50,SMA200,Score,Target_Pcnt,Target_Price,Stop_Loss
MMM,3M,Industrials,Industrial Conglomerates,152.64,159.47,122.31,152.23,153.0,154.17,154.87,147.39,0.0,4.15,158.97,149.37
AOS,A. O. Smith,Industrials,Building Products,69.71,78.68,59.04,68.96,69.72,71.18,71.92,67.92,-0.2,7.42,74.88,67.48
ABT,Abbott Laboratories,Health Care,Health Care Equipment,128.54,138.33,109.61,129.82,131.31,132.42,131.87,129.04,0.0,6.09,136.37,128.48
ABBV,AbbVie,Health Care,Biotechnology,229.57,242.63,159.42,227.76,228.6,227.18,216.2,193.91,0.2,4.2,239.21,215.14
ACN,Accenture,Information Technology,IT Consulting & Other Services,238.39,394.31,232.56,239.98,244.52,242.92,246.35,299.75,0.0,6.63,254.2,231.63
ADBE,Adobe Inc.,Information Technology,Application Software,333.26,552.96,329.23,333.68,340.06,347.42,350.68,387.34,0.0,10.33,367.69,327.15
AMD,Advanced Micro Devices,Information Technology,Semiconductors,233.08,238.6,78.21,228.15,223.93,193.16,176.16,133.04,0.0,10.27,257.02,129.31
AES,AES Corporation,Utilities,Independent Power Producers & Energy Traders,14.58,16.89,9.5,14.6,14.5,14.07,13.47,11.75,0.4,6.24,15.49,12.66
AFL,Aflac,Financials,Life & Health Insurance,107.71,113.07,97.56,109.2,110.6,110.43,108.23,104.9,-0.2,5.79,113.95,106.9
A,Agilent Technologies,Health Care,Life Sciences Tools & Services,141.92,151.65,98.88,139.79,139.66,134.41,127.15,122.71,0.2,5.1,149.16,119.65
APD,Air Products,Materials,Industrial Gases,253.2,331.69,245.41,257.33,261.69,266.36,280.12,285.08,0.0,11.22,281.61,251.11
ABNB,Airbnb,Consumer Discretionary,"Hotels, Resorts & Cruise Lines",125.91,161.42,105.69,122.96,121.33,121.96,123.8,129.4,0.0,0.12,126.06,117.86
AKAM,Akamai Technologies,Information Technology,Internet Services & Infrastructure,72.86,106.67,68.21,73.48,74.79,75.54,76.03,81.04,-0.2,8.1,78.76,72.33
ALB,Albemarle Corporation,Materials,Specialty Chemicals,92.74,108.94,50.16,95.75,93.94,89.13,83.57,73.15,0.2,8.27,100.41,77.86
ARE,Alexandria Real Estate Equities,Real Estate,Office REITs,74.99,115.36,65.57,75.07,75.7,79.73,79.67,81.03,-0.1,17.71,88.27,71.18
ALGN,Align Technology,Health Care,Health Care Supplies,130.45,240.52,124.88,129.61,130.08,129.01,134.67,173.26,-0.2,2.51,133.72,124.29
ALLE,Allegion,Industrials,Building Products,177.49,179.33,118.08,176.31,176.3,176.28,173.13,145.77,0.0,1.09,179.42,173.13
LNT,Alliant Energy,Utilities,Electric Utilities,68.07,68.63,54.87,68.06,67.93,66.98,65.76,62.06,0.2,1.98,69.42,64.54
ALL,Allstate,Financials,Property & Casualty Insurance,195.87,214.65,178.34,201.27,205.4,207.88,205.39,197.71,0.0,11.39,218.18,197.59
GOOGL,Alphabet Inc. (Class A),Communication Services,Interactive Media & Services,253.3,254.72,144.4,249.08,246.43,246.55,231.24,188.83,0.0,0.53,254.64,238.47
GOOG,Alphabet Inc. (Class C),Communication Services,Interactive Media & Services,253.79,255.24,146.27,249.64,247.2,247.26,231.88,190.13,0.0,0.57,255.24,239.27
MO,Altria,Consumer Staples,Tobacco,65.05,66.65,45.73,64.91,65.42,65.42,65.32,57.77,0.0,2.69,66.8,64.04
AMZN,Amazon,Consumer Discretionary,Broadline Retail,213.04,242.06,167.32,215.91,219.16,220.12,225.53,214.25,-0.2,6.89,227.72,212.51
AMCR,Amcor,Materials,Paper & Plastic Packaging Products & Materials,8.15,10.87,7.82,8.08,8.02,8.07,8.39,9.17,-0.2,1.72,8.29,7.85
AEE,Ameren,Utilities,Multi-Utilities,105.52,105.52,83.42,104.78,104.38,103.28,101.29,97.0,0.2,1.08,106.66,99.89
AEP,American Electric Power,Utilities,Electric Utilities,117.53,118.53,87.97,117.75,117.47,113.92,111.89,104.54,0.2,3.73,121.91,105.92
AXP,American Express,Financials,Consumer Finance,346.62,346.62,230.22,331.27,327.75,331.88,324.18,299.04,0.0,0.3,347.66,316.09
AIG,American International Group,Financials,Multi-line Insurance,77.36,86.75,68.89,80.07,81.59,79.94,79.68,79.61,-0.2,9.93,85.04,74.84
AMT,American Tower,Real Estate,Telecom Tower REITs,191.29,230.32,169.21,188.5,187.26,189.62,195.49,202.49,0.2,2.33,195.75,183.49
AWK,American Water Works,Utilities,Water Utilities,143.81,150.19,118.87,142.15,141.72,139.15,140.71,137.86,0.0,0.81,144.97,133.32
AMP,Ameriprise Financial,Financials,Asset Management & Custody Banks,470.25,569.83,419.45,477.52,484.02,488.59,497.64,506.63,-0.2,7.5,505.52,471.68
AME,Ametek,Industrials,Electrical Components & Equipment,185.47,196.08,150.9,184.75,183.4,184.91,185.5,179.1,0.0,2.16,189.48,180.34
AMGN,Amgen,Health Care,Biotechnology,298.81,321.88,252.22,295.64,294.8,289.71,286.69,286.35,0.0,2.89,307.45,271.96
APH,Amphenol,Information Technology,Electronic Components,125.65,127.36,58.9,125.03,124.68,123.96,117.31,89.15,0.0,1.24,127.21,120.71
ADI,Analog Devices,Information Technology,Semiconductors,242.87,254.62,163.21,238.54,237.01,241.07,242.45,221.44,-0.2,3.99,252.56,229.57
AON,Aon plc,Financials,Insurance Brokers,346.6,407.61,334.44,351.88,357.8,357.09,363.29,367.26,-0.2,6.53,369.23,344.94
APA,APA Corporation,Energy,Oil & Gas Exploration & Production,22.52,25.12,13.62,22.9,23.49,23.9,22.82,20.06,0.0,14.03,25.68,22.12
APO,Apollo Global Management,Financials,Asset Management & Custody Banks,121.38,176.82,107.9,124.0,123.93,129.69,134.29,140.76,-0.2,19.23,144.72,114.67
AAPL,Apple Inc.,Information Technology,"Technology Hardware, Storage & Peripherals",252.29,258.1,172.0,248.9,251.51,253.49,241.07,221.73,0.2,3.52,261.17,245.83
AMAT,Applied Materials,Information Technology,Semiconductor Materials & Equipment,224.99,227.72,126.23,223.59,220.12,213.8,187.19,172.07,0.2,3.51,232.89,194.73
APP,AppLovin,Information Technology,Application Software,599.31,718.54,143.0,597.49,600.62,637.7,555.8,393.46,-0.2,21.12,725.88,549.51
APTV,Aptiv,Consumer Discretionary,Automotive Parts & Equipment,82.76,87.98,47.92,82.86,83.5,84.82,81.08,68.14,-0.2,7.26,88.77,80.86
ACGL,Arch Capital Group,Financials,Property & Casualty Insurance,86.51,103.2,84.99,89.36,91.0,90.42,90.62,91.35,0.0,9.21,94.48,86.37
ADM,Archer Daniels Midland,Consumer Staples,Agricultural Products & Services,63.33,64.21,41.01,62.62,62.28,61.3,61.18,51.92,0.0,0.77,63.82,58.78
ANET,Arista Networks,Information Technology,Communications Equipment,143.1,158.23,64.37,143.75,148.32,146.46,142.18,108.61,0.0,9.18,156.24,136.68
AJG,Arthur J. Gallagher & Co.,Financials,Insurance Brokers,280.47,347.33,274.22,291.71,298.84,302.25,299.08,313.35,-0.1,13.64,318.73,285.79
AIZ,Assurant,Financials,Multi-line Insurance,209.11,225.29,178.36,214.18,216.39,216.07,213.43,202.48,-0.2,6.82,223.37,208.76
T,AT&T,Communication Services,Integrated Telecommunication Services,26.34,29.3,20.58,26.07,25.95,26.85,27.98,26.46,-0.4,9.68,28.89,24.82
ATO,Atmos Energy,Utilities,Gas Utilities,176.41,179.19,134.17,177.03,176.05,172.01,167.78,154.43,0.2,2.57,180.94,163.07
ADSK,Autodesk,Information Technology,Application Software,303.66,326.79,238.84,304.62,308.6,314.85,308.41,292.47,0.0,8.93,330.78,298.91
ADP,Automatic Data Processing,Industrials,Human Resource & Employment Services,281.27,323.5,273.96,283.18,286.12,288.75,294.61,299.56,-0.2,5.49,296.71,280.79
AZO,AutoZone,Consumer Discretionary,Automotive Retail,4030.17,4354.54,2981.19,4043.81,4054.98,4129.13,4148.51,3743.89,-0.2,7.11,4316.72,3941.69
AVB,AvalonBay Communities,Real Estate,Multi-Family Residential REITs,187.02,229.94,181.07,185.12,185.75,188.62,189.6,200.74,0.0,4.19,194.86,182.4
AVY,Avery Dennison,Materials,Paper & Plastic Packaging Products & Materials,159.44,214.04,157.49,159.2,160.15,161.05,166.54,174.53,0.0,3.17,164.49,157.6
AXON,Axon Enterprise,Industrials,Aerospace & Defense,670.68,870.97,423.5,676.5,698.32,711.84,741.34,677.96,-0.2,15.44,774.23,649.45
BKR,Baker Hughes,Energy,Oil & Gas Equipment & Services,45.18,50.55,34.6,44.92,46.31,47.73,46.04,42.15,0.0,14.5,51.73,43.74
BALL,Ball Corporation,Materials,"Metal, Glass & Plastic Containers",48.33,66.32,44.6,47.71,48.03,48.77,50.54,52.36,0.0,5.38,50.93,46.61
BAC,Bank of America,Financials,Diversified Banks,51.28,52.42,34.0,50.59,50.19,50.85,49.92,45.11,0.0,3.35,53.0,48.71
BAX,Baxter International,Health Care,Health Care Equipment,23.09,36.11,21.61,22.75,22.7,22.73,23.47,28.67,0.0,2.82,23.74,21.71
BDX,Becton Dickinson,Health Care,Health Care Equipment,189.1,245.13,163.27,187.23,189.03,188.09,190.2,197.5,-0.2,3.06,194.89,181.3
BRK-B,Berkshire Hathaway,Financials,Multi-Sector Holdings,492.42,539.8,442.29,493.1,495.35,496.41,492.09,492.78,0.1,2.36,504.04,488.77
BBY,Best Buy,Consumer Discretionary,Computer & Electronics Retail,79.71,93.87,54.69,78.26,76.48,75.84,74.14,72.44,0.0,0.6,80.19,71.49
TECH,Bio-Techne,Health Care,Life Sciences Tools & Services,61.86,78.41,46.59,60.39,60.22,57.73,55.21,57.22,0.1,6.55,65.91,49.54
BIIB,Biogen,Health Care,Biotechnology,143.0,190.16,113.38,143.78,147.23,145.55,141.5,135.24,0.0,11.31,159.17,131.92
BLK,BlackRock,Financials,Asset Management & Custody Banks,1161.16,1202.59,807.61,1176.9,1169.48,1159.91,1138.72,1017.99,0.0,3.25,1198.9,1120.93
BX,Blackstone Inc.,Financials,Asset Management & Custody Banks,156.31,194.8,118.51,160.07,160.9,167.93,171.59,156.25,-0.2,18.71,185.56,150.32
XYZ,"Block, Inc.",Financials,Transaction & Payment Processing Services,75.2,98.92,46.53,75.41,77.05,76.16,76.09,69.79,0.0,7.3,80.69,71.62
BK,BNY Mellon,Financials,Asset Management & Custody Banks,105.98,109.75,72.47,107.01,106.58,107.46,105.56,90.94,0.0,4.1,110.33,104.58
BA,Boeing,Industrials,Aerospace & Defense,212.94,237.38,136.59,213.74,216.23,216.12,222.97,197.57,0.0,4.81,223.18,209.06
BKNG,Booking Holdings,Consumer Discretionary,"Hotels, Resorts & Cruise Lines",5070.02,5805.92,4149.83,5127.44,5178.71,5322.49,5451.58,5158.14,0.0,11.89,5672.85,4972.36
BSX,Boston Scientific,Health Care,Health Care Equipment,99.24,108.14,83.62,97.18,96.8,97.06,101.26,101.45,0.0,-0.11,99.13,94.98
BMY,Bristol Myers Squibb,Health Care,Pharmaceuticals,43.63,60.79,42.72,43.59,44.1,44.25,45.57,49.54,0.0,5.48,46.02,42.47
AVGO,Broadcom,Information Technology,Semiconductors,349.33,368.94,145.7,351.13,344.27,339.91,327.55,251.57,0.0,2.06,356.53,323.28
BR,Broadridge Financial Solutions,Industrials,Data Processing & Outsourced Services,228.99,265.85,206.47,230.91,233.02,234.81,246.63,238.76,-0.2,5.43,241.42,228.21
BRO,Brown & Brown,Financials,Insurance Brokers,87.91,124.07,87.42,91.71,93.59,93.42,94.17,105.92,-0.2,11.31,97.85,88.98
BF-B,Brown–Forman,Consumer Staples,Distillers & Vintners,28.71,48.21,25.45,27.72,27.59,27.43,28.41,30.92,0.2,-0.87,28.46,26.4
BLDR,Builders FirstSource,Industrials,Building Products,122.54,198.25,105.63,124.12,125.44,123.78,132.55,130.77,0.2,7.21,131.38,116.19
BG,Bunge Global,Consumer Staples,Agricultural Products & Services,97.5,97.5,67.23,89.86,86.19,83.55,82.93,77.51,0.0,-3.43,94.16,72.94
BXP,"BXP, Inc.",Real Estate,Office REITs,71.06,85.21,55.53,70.76,71.62,73.33,71.64,67.88,0.0,9.12,77.54,69.12
CHRW,C.H. Robinson,Industrials,Air Freight & Logistics,127.39,137.09,85.99,126.75,129.02,131.22,128.27,105.0,0.0,8.41,138.1,124.34
CDNS,Cadence Design Systems,Information Technology,Application Software,326.12,373.37,231.64,326.49,335.7,345.05,348.52,307.17,-0.2,14.22,372.49,317.61
CPT,Camden Property Trust,Real Estate,Multi-Family Residential REITs,102.4,122.47,101.67,101.98,102.29,104.03,106.05,111.48,-0.2,5.33,107.86,100.2
CPB,Campbell's Company (The),Consumer Staples,Packaged Foods & Meats,30.86,46.62,29.8,30.37,30.5,31.24,31.93,34.41,-0.4,7.84,33.28,29.21
COF,Capital One,Financials,Consumer Finance,211.34,229.74,149.68,210.28,210.41,215.06,218.6,198.4,-0.2,8.03,228.31,201.81
CAH,Cardinal Health,Health Care,Health Care Distributors,156.41,167.08,106.36,154.77,155.76,154.79,151.68,143.57,-0.2,2.58,160.45,149.13
KMX,CarMax,Consumer Discretionary,Automotive Retail,42.9,89.19,42.9,43.66,44.16,46.67,54.34,67.32,0.2,30.72,56.08,37.26
CCL,Carnival,Consumer Discretionary,"Hotels, Resorts & Cruise Lines",28.31,32.49,16.43,28.48,28.53,29.11,30.17,25.41,0.0,9.36,30.96,27.26
CARR,Carrier Global,Industrials,Building Products,56.2,80.73,55.21,56.91,57.81,58.58,62.12,66.61,-0.2,8.61,61.04,56.11
CAT,Caterpillar Inc.,Industrials,Construction Machinery & Heavy Transportation Equipment,527.08,540.96,271.63,526.86,511.02,493.54,453.25,379.95,0.2,2.37,539.57,447.53
CBOE,Cboe Global Markets,Financials,Financial Exchanges & Data,239.62,253.24,189.73,239.81,240.35,241.26,240.71,224.31,0.0,3.04,246.9,235.61
CBRE,CBRE Group,Real Estate,Real Estate Services,157.12,165.9,113.94,155.33,153.74,155.97,159.3,140.16,-0.2,3.34,162.37,149.56
CDW,CDW Corporation,Information Technology,Technology Distributors,152.45,218.1,143.46,150.04,151.66,156.32,161.63,171.46,0.0,9.98,167.66,144.97
COR,Cencora,Health Care,Health Care Distributors,324.69,324.69,223.33,319.73,315.54,310.22,300.1,279.63,0.0,0.56,326.51,293.95
CNC,Centene Corporation,Health Care,Managed Health Care,35.27,69.3,25.21,35.9,36.76,35.96,32.1,48.67,0.1,11.34,39.27,32.64
CNP,CenterPoint Energy,Utilities,Multi-Utilities,39.64,39.86,27.88,39.57,39.47,39.05,38.38,36.05,0.2,1.06,40.06,38.04
CF,CF Industries,Materials,Fertilizers & Agricultural Chemicals,83.51,101.88,67.67,85.38,87.76,88.52,86.48,85.56,0.0,12.49,93.94,83.1
CRL,Charles River Laboratories,Health Care,Life Sciences Tools & Services,178.52,220.69,99.75,172.99,172.27,164.85,160.55,154.61,0.2,4.97,187.39,142.3
SCHW,Charles Schwab Corporation,Financials,Investment Banking & Brokerage,94.14,98.69,68.65,93.75,93.65,93.94,94.72,86.0,0.0,2.22,96.23,91.66
CHTR,Charter Communications,Communication Services,Cable & Satellite,253.16,427.25,253.16,259.61,265.61,268.63,266.29,341.79,-0.1,12.38,284.5,252.76
CVX,Chevron Corporation,Energy,Integrated Oil & Gas,153.08,164.65,130.67,152.25,152.44,154.54,155.67,148.49,-0.2,4.83,160.47,148.61
CMG,Chipotle Mexican Grill,Consumer Discretionary,Restaurants,41.86,66.16,38.58,41.68,41.27,40.58,41.1,49.46,0.0,1.62,42.54,38.61
CB,Chubb Limited,Financials,Property & Casualty Insurance,268.21,301.45,256.04,276.38,281.2,280.33,277.33,279.57,-0.3,8.63,291.36,269.31
CHD,Church & Dwight,Consumer Staples,Household Products,88.48,112.48,85.84,87.11,87.87,87.5,90.84,98.47,0.0,1.23,89.57,85.43
CI,Cigna,Health Care,Health Care Services,299.27,351.85,260.91,296.49,300.62,296.05,296.18,303.54,-0.2,4.17,311.75,280.36
CINF,Cincinnati Financial,Financials,Property & Casualty Insurance,153.02,165.69,125.14,155.48,159.45,158.38,154.96,144.85,-0.2,8.9,166.64,150.11
CTAS,Cintas,Industrials,Diversified Support Services,188.1,227.2,181.05,187.22,191.28,197.03,204.89,207.8,-0.2,12.15,210.95,183.12
CSCO,Cisco,Information Technology,Communications Equipment,70.13,71.36,52.55,68.97,69.1,68.31,67.93,63.39,0.0,0.43,70.43,66.18
C,Citigroup,Financials,Diversified Banks,97.07,103.49,57.29,97.81,97.14,99.18,97.53,81.66,0.2,8.07,104.9,93.46
CFG,Citizens Financial Group,Financials,Regional Banks,49.31,54.0,33.59,50.29,51.17,52.16,51.26,44.59,0.0,12.21,55.33,48.98
CLX,Clorox,Consumer Staples,Household Products,119.72,165.31,116.82,119.08,119.43,120.96,121.64,133.84,0.0,4.19,124.74,117.18
CME,CME Group,Financials,Financial Exchanges & Data,267.93,288.01,211.73,267.41,266.79,266.64,267.08,261.89,-0.2,2.05,273.42,259.87
CMS,CMS Energy,Utilities,Multi-Utilities,74.78,75.31,63.54,74.55,74.03,72.96,72.29,70.45,0.2,1.06,75.57,70.36
KO,Coca-Cola Company (The),Consumer Staples,Soft Drinks & Non-alcoholic Beverages,68.44,72.82,59.48,67.48,66.98,66.64,67.61,67.95,0.2,-0.75,67.93,65.35
CTSH,Cognizant,Information Technology,IT Consulting & Other Services,66.08,89.65,65.47,66.38,67.05,67.18,69.14,75.61,-0.2,4.3,68.92,65.45
COIN,Coinbase,Financials,Financial Exchanges & Data,336.02,419.78,151.47,340.22,359.42,347.85,328.38,278.32,0.0,18.51,398.22,297.49
CL,Colgate-Palmolive,Consumer Staples,Household Products,79.12,98.97,76.98,78.04,78.05,78.81,81.99,87.42,-0.2,2.34,80.97,76.64
CMCSA,Comcast,Communication Services,Cable & Satellite,29.54,43.5,29.26,29.58,29.99,30.54,31.93,33.78,-0.2,8.26,31.98,29.1
CAG,Conagra Brands,Consumer Staples,Packaged Foods & Meats,18.56,28.6,18.04,18.37,18.53,18.53,18.9,22.01,0.0,3.66,19.24,17.81
COP,ConocoPhillips,Energy,Oil & Gas Exploration & Production,86.48,110.98,81.29,87.62,90.16,92.57,93.86,93.38,-0.2,15.3,99.71,85.43
ED,Consolidated Edison,Utilities,Multi-Utilities,101.19,111.42,85.77,101.46,101.07,99.87,99.5,100.16,0.1,1.75,102.96,96.77
STZ,Constellation Brands,Consumer Staples,Distillers & Vintners,140.41,240.13,131.78,140.26,140.72,138.19,147.89,169.97,0.0,3.66,145.55,130.83
CEG,Constellation Energy,Utilities,Electric Utilities,386.5,403.95,170.52,391.49,380.24,360.73,335.15,290.65,0.2,5.38,407.29,314.18
COO,Cooper Companies (The),Health Care,Health Care Supplies,71.97,108.56,64.32,70.56,70.03,69.12,69.57,78.28,0.0,-0.07,71.92,66.33
CPRT,Copart,Industrials,Diversified Support Services,44.34,63.84,43.88,44.36,44.33,44.67,46.55,52.49,0.0,2.82,45.59,43.76
GLW,Corning Inc.,Information Technology,Electronic Components,84.49,87.19,38.69,85.59,85.56,83.28,75.22,55.64,0.2,4.96,88.68,77.88
CPAY,Corpay,Financials,Transaction & Payment Processing Services,285.46,389.55,277.5,284.61,286.4,289.63,304.83,331.82,0.0,5.47,301.07,278.19
CTVA,Corteva,Materials,Fertilizers & Agricultural Chemicals,61.4,76.93,54.65,61.93,62.73,64.75,69.31,66.51,-0.2,15.16,70.71,58.79
CSGP,CoStar Group,Real Estate,Real Estate Services,73.99,96.83,69.29,74.89,76.83,80.59,85.58,80.71,0.0,20.25,88.97,72.21
COST,Costco,Consumer Staples,Consumer Staples Merchandise Retail,936.33,1073.97,869.72,939.8,931.25,929.79,950.26,970.59,0.0,2.2,956.93,902.64
CTRA,Coterra,Energy,Oil & Gas Exploration & Production,22.8,29.06,21.94,22.99,23.39,23.47,23.78,25.25,0.0,7.19,24.44,22.51
CRWD,CrowdStrike,Information Technology,Systems Software,484.65,514.1,296.87,490.69,494.68,491.02,455.17,428.13,-0.2,5.44,511.01,471.03
CCI,Crown Castle,Real Estate,Telecom Tower REITs,97.48,112.64,81.15,97.4,96.67,95.88,96.95,96.6,-0.2,1.13,98.58,93.19
CSX,CSX Corporation,Industrials,Rail Transportation,36.6,36.6,26.47,36.11,36.03,35.35,34.36,32.09,0.2,1.94,37.31,33.39
CMI,Cummins,Industrials,Construction Machinery & Heavy Transportation Equipment,411.83,438.88,264.26,416.71,423.27,423.18,410.41,351.11,-0.2,6.77,439.71,406.65
CVS,CVS Health,Health Care,Health Care Services,82.52,82.52,42.33,80.53,78.82,77.47,73.84,64.8,0.2,-1.11,81.6,73.34
DHR,Danaher Corporation,Health Care,Life Sciences Tools & Services,209.06,272.73,174.06,207.47,206.98,201.17,201.22,203.35,0.0,6.35,222.34,180.01
DRI,Darden Restaurants,Consumer Discretionary,Restaurants,188.19,222.41,154.1,187.2,187.05,187.56,198.05,198.27,0.0,2.8,193.46,181.65
DDOG,Datadog,Information Technology,Application Software,152.87,168.65,87.0,157.83,158.8,150.99,140.2,127.17,0.2,11.26,170.08,131.89
DVA,DaVita,Health Care,Health Care Services,125.88,177.35,123.91,125.53,126.51,129.17,132.34,144.04,-0.2,7.56,135.4,122.94
DAY,Dayforce,Industrials,Human Resource & Employment Services,68.26,81.8,49.33,68.29,68.47,68.67,66.77,61.79,-0.2,1.48,69.27,68.08
DECK,Deckers Brands,Consumer Discretionary,Footwear,99.82,223.11,95.07,98.58,98.84,102.46,108.75,125.18,-0.2,12.49,112.29,92.63
DE,Deere & Company,Industrials,Agricultural & Farm Machinery,458.5,527.96,384.05,450.24,453.33,458.15,472.69,478.57,-0.2,3.32,473.72,442.6
DELL,Dell Technologies,Information Technology,"Technology Hardware, Storage & Peripherals",149.59,164.53,70.88,151.35,152.44,145.09,136.23,114.76,0.2,9.44,163.71,126.46
DAL,Delta Air Lines,Industrials,Passenger Airlines,59.64,68.24,35.54,60.24,58.94,58.09,59.0,53.99,-0.2,2.65,61.22,54.96
DVN,Devon Energy,Energy,Oil & Gas Exploration & Production,31.74,39.58,26.43,32.46,33.4,34.25,34.35,33.37,0.0,16.41,36.95,31.55
DXCM,Dexcom,Health Care,Health Care Equipment,66.6,90.75,59.83,65.95,66.31,66.85,73.42,78.81,-0.2,3.69,69.06,64.64
FANG,Diamondback Energy,Energy,Oil & Gas Exploration & Production,139.09,181.42,117.58,140.88,143.55,143.8,141.96,145.49,0.1,8.11,150.37,137.24
DLR,Digital Realty,Real Estate,Data Center REITs,172.73,190.11,134.22,173.07,173.53,173.18,169.45,164.4,0.0,2.69,177.38,168.97
DG,Dollar General,Consumer Staples,Consumer Staples Merchandise Retail,105.74,115.62,67.25,104.3,101.15,101.4,106.16,94.51,0.2,0.87,106.66,96.13
DLTR,Dollar Tree,Consumer Staples,Consumer Staples Merchandise Retail,96.44,117.16,61.21,94.92,91.18,92.25,100.91,88.74,0.2,2.63,98.98,85.52
D,Dominion Energy,Utilities,Multi-Utilities,60.58,61.69,48.51,61.15,60.99,60.87,60.21,55.76,0.0,2.26,61.95,59.79
DPZ,Domino's,Consumer Discretionary,Restaurants,416.26,493.69,397.61,416.63,414.27,421.38,438.01,452.79,0.0,5.5,439.15,403.61
DASH,DoorDash,Consumer Discretionary,Specialized Consumer Services,263.06,281.74,149.86,269.28,272.74,269.73,259.59,217.38,0.0,7.1,281.74,257.72
DOV,Dover Corporation,Industrials,Industrial Machinery & Supplies & Components,166.5,204.71,150.28,163.8,163.86,165.6,172.36,179.88,-0.2,2.37,170.45,160.76
DOW,Dow Inc.,Materials,Commodity Chemicals,21.89,49.36,20.57,21.87,22.06,22.56,23.25,29.24,0.0,10.1,24.1,21.03
DHI,D. R. Horton,Consumer Discretionary,Homebuilding,153.69,192.41,114.44,154.24,156.55,162.69,166.81,139.38,-0.2,15.93,178.17,147.2
DTE,DTE Energy,Utilities,Multi-Utilities,141.95,142.46,113.22,141.53,141.39,140.27,138.08,131.81,0.2,1.15,143.58,136.96
DUK,Duke Energy,Utilities,Electric Utilities,128.53,128.67,102.96,127.7,126.54,124.66,123.29,116.91,0.2,0.44,129.1,120.21
DD,DuPont,Materials,Specialty Chemicals,79.57,84.81,54.51,77.95,77.94,77.78,76.44,72.73,0.0,2.34,81.43,74.12
EMN,Eastman Chemical Company,Materials,Specialty Chemicals,61.28,105.09,58.06,60.54,61.04,62.14,64.51,77.88,-0.2,6.87,65.49,58.8
ETN,Eaton Corporation,Industrials,Electrical Components & Equipment,373.3,391.62,244.95,376.07,375.43,373.45,362.8,329.92,0.0,2.46,382.48,364.41
EBAY,eBay Inc.,Consumer Discretionary,Broadline Retail,92.01,100.46,56.61,90.9,91.01,90.98,92.85,76.07,0.0,2.2,94.03,87.93
ECL,Ecolab,Materials,Specialty Chemicals,276.75,284.78,224.56,272.86,274.9,272.71,274.04,259.3,-0.2,1.62,281.23,264.19
EIX,Edison International,Utilities,Electric Utilities,56.66,83.47,46.84,55.97,54.62,54.41,54.46,53.82,-0.2,0.48,56.93,51.88
EW,Edwards Lifesciences,Health Care,Health Care Equipment,74.64,81.83,65.75,73.31,74.47,75.21,77.46,74.84,-0.2,4.9,78.3,72.12
EA,Electronic Arts,Communication Services,Interactive Home Entertainment,200.3,202.05,116.08,200.38,200.25,194.3,180.76,152.82,0.0,8.94,218.21,170.4
ELV,Elevance Health,Health Care,Managed Health Care,348.77,488.04,273.17,349.67,352.95,339.95,320.73,366.18,-0.1,6.24,370.53,309.35
EME,Emcor,Industrials,Construction & Engineering,689.01,694.77,341.52,683.51,679.9,662.45,637.57,506.35,0.0,2.08,703.34,621.55
EMR,Emerson Electric,Industrials,Electrical Components & Equipment,129.28,149.04,93.37,129.28,130.31,130.87,131.9,123.81,-0.2,4.57,135.19,126.56
ETR,Entergy,Utilities,Electric Utilities,95.84,97.65,65.13,96.38,96.29,94.31,91.04,84.32,0.0,3.4,99.1,89.53
EOG,EOG Resources,Energy,Oil & Gas Exploration & Production,106.22,134.72,102.81,108.19,109.23,111.63,116.44,118.81,0.2,11.2,118.12,105.15
EPAM,EPAM Systems,Information Technology,IT Consulting & Other Services,144.52,267.63,142.2,144.67,146.97,150.15,158.15,181.33,-0.2,9.92,158.86,141.44
EQT,EQT Corporation,Energy,Oil & Gas Exploration & Production,54.08,60.26,35.15,53.94,54.85,54.37,52.49,52.56,-0.1,7.29,58.02,50.71
EFX,Equifax,Industrials,Research & Consulting Services,226.91,287.91,204.69,227.51,231.61,241.45,245.93,250.43,-0.2,17.06,265.62,217.29
EQIX,Equinix,Real Estate,Data Center REITs,813.93,968.75,731.64,814.53,806.21,795.84,785.57,832.19,-0.1,1.34,824.84,766.84
EQR,Equity Residential,Real Estate,Multi-Family Residential REITs,62.21,74.44,60.55,62.02,62.08,63.14,63.75,66.55,0.0,5.18,65.43,60.85
ERIE,Erie Indemnity,Financials,Insurance Brokers,316.66,505.62,310.72,317.52,319.57,317.05,333.53,367.71,0.2,2.86,325.72,308.37
ESS,Essex Property Trust,Real Estate,Multi-Family Residential REITs,259.62,305.43,249.65,258.26,259.18,261.77,261.24,274.77,0.1,3.33,268.27,255.27
EL,Estée Lauder Companies (The),Consumer Staples,Personal Care Products,100.78,100.78,49.61,96.12,93.93,90.53,89.75,76.05,0.2,-1.45,99.32,81.73
EG,Everest Group,Financials,Reinsurance,349.13,384.58,324.54,349.26,353.12,350.05,343.54,344.27,-0.1,4.51,364.88,335.2
EVRG,Evergy,Utilities,Electric Utilities,77.98,78.65,57.24,77.94,77.69,76.18,73.5,67.64,0.2,2.44,79.88,72.49
ES,Eversource Energy,Utilities,Electric Utilities,72.56,73.49,52.98,71.54,72.15,71.18,66.86,61.86,0.0,2.38,74.29,68.06
EXC,Exelon,Utilities,Electric Utilities,47.78,47.83,35.25,47.44,47.0,45.72,44.66,43.09,0.0,1.61,48.55,42.89
EXE,Expand Energy,Energy,Oil & Gas Exploration & Production,100.78,120.67,80.65,101.32,103.97,104.47,99.38,103.61,-0.3,10.38,111.24,97.71
EXPE,Expedia Group,Consumer Discretionary,"Hotels, Resorts & Cruise Lines",214.76,228.24,136.05,217.1,216.51,217.74,214.94,183.66,0.2,4.92,225.33,210.15
EXPD,Expeditors International,Industrials,Air Freight & Logistics,119.92,125.62,102.14,117.38,118.29,120.05,120.72,115.2,-0.2,5.11,126.05,114.06
EXR,Extra Space Storage,Real Estate,Self-Storage REITs,151.54,165.33,123.86,149.12,145.75,142.88,141.27,143.99,0.1,-0.26,151.15,134.62
XOM,ExxonMobil,Energy,Integrated Oil & Gas,112.24,118.64,98.11,111.8,112.51,113.1,111.57,108.37,0.2,3.65,116.34,109.86
FFIV,"F5, Inc.",Information Technology,Communications Equipment,300.9,343.17,213.57,322.16,328.73,327.04,322.67,292.29,-0.2,16.46,350.43,303.64
FDS,FactSet,Financials,Financial Exchanges & Data,286.67,490.93,275.01,284.07,282.0,284.59,332.97,413.58,-0.2,2.54,293.95,275.22
FICO,Fair Isaac,Information Technology,Application Software,1616.0,2382.4,1311.26,1634.46,1697.1,1641.25,1528.26,1739.44,0.1,16.21,1877.95,1404.59
FAST,Fastenal,Industrials,Trading Companies & Distributors,42.46,50.39,35.0,42.35,44.7,46.39,47.8,41.84,0.0,20.77,51.28,41.51
FRT,Federal Realty Investment Trust,Real Estate,Retail REITs,98.94,112.47,81.67,97.9,97.61,98.25,97.6,96.25,0.0,1.37,100.3,96.2
FDX,FedEx,Industrials,Air Freight & Logistics,237.8,298.15,195.55,234.97,236.58,236.82,231.25,233.8,0.1,3.86,246.98,226.67
FIS,Fidelity National Information Services,Financials,Transaction & Payment Processing Services,66.85,89.09,63.37,66.85,67.35,66.25,67.78,74.1,0.2,3.61,69.26,63.24
FITB,Fifth Third Bancorp,Financials,Regional Banks,40.89,46.72,32.73,41.96,42.61,43.63,43.92,40.63,-0.4,13.33,46.34,40.92
FSLR,First Solar,Information Technology,Semiconductors,231.85,244.4,120.38,232.92,231.37,227.1,210.67,169.92,0.0,3.86,240.8,213.39
FE,FirstEnergy,Utilities,Electric Utilities,46.97,47.69,37.17,47.19,46.9,45.92,44.46,41.09,0.2,2.94,48.35,43.5
FI,Fiserv,Financials,Transaction & Payment Processing Services,121.65,237.79,118.0,121.49,123.43,126.11,131.86,176.85,-0.2,9.38,133.06,119.16
F,Ford Motor Company,Consumer Discretionary,Automobile Manufacturers,11.92,12.7,8.45,11.72,11.79,11.89,11.71,10.39,0.0,5.54,12.58,11.19
FTNT,Fortinet,Information Technology,Systems Software,83.44,114.57,74.39,83.49,84.44,84.59,81.16,96.23,-0.1,4.17,86.92,82.26
FTV,Fortive,Industrials,Industrial Machinery & Supplies & Components,48.66,62.32,46.49,48.69,49.0,48.97,48.42,53.0,-0.1,3.76,50.49,47.45
FOXA,Fox Corporation (Class A),Communication Services,Broadcasting,58.07,63.06,41.32,57.77,58.8,60.27,59.36,54.58,0.2,10.52,64.18,56.36
FOX,Fox Corporation (Class B),Communication Services,Broadcasting,51.89,57.29,37.95,51.76,52.68,54.21,53.76,50.32,0.2,11.87,58.05,50.37
BEN,Franklin Resources,Financials,Asset Management & Custody Banks,22.28,25.67,16.21,22.59,22.94,23.09,24.06,21.36,-0.2,7.9,24.04,22.13
FCX,Freeport-McMoRan,Materials,Copper,41.18,47.85,28.82,41.81,41.63,40.41,42.44,39.71,0.0,11.22,45.8,35.02
GRMN,Garmin,Consumer Discretionary,Consumer Electronics,248.99,259.77,159.13,249.17,252.41,248.66,240.29,216.29,0.2,6.05,264.05,233.27
IT,Gartner,Information Technology,IT Consulting & Other Services,235.73,551.8,225.98,240.16,243.04,251.37,246.85,389.29,-0.1,14.87,270.78,231.95
GE,GE Aerospace,Industrials,Aerospace & Defense,300.14,305.26,158.97,299.54,299.11,299.01,285.73,234.26,0.0,1.68,305.18,292.83
GEHC,GE HealthCare,Health Care,Health Care Equipment,74.05,93.39,58.69,72.97,73.61,74.02,74.48,76.4,-0.4,4.36,77.28,70.76
GEV,GE Vernova,Industrials,Heavy Electrical Equipment,600.0,664.55,269.81,622.12,618.42,616.42,617.07,468.94,-0.2,8.21,649.26,583.57
GEN,Gen Digital,Information Technology,Systems Software,26.52,32.03,23.31,26.71,26.94,27.74,29.24,28.01,0.0,11.31,29.52,25.96
GNRC,Generac,Industrials,Electrical Components & Equipment,190.49,202.85,101.92,186.55,177.72,173.32,182.53,149.1,0.0,0.92,192.24,154.4
GD,General Dynamics,Industrials,Aerospace & Defense,331.15,344.98,238.33,332.73,336.97,333.9,325.38,284.85,-0.2,5.4,349.03,318.76
GIS,General Mills,Consumer Staples,Packaged Foods & Meats,48.39,67.89,47.71,48.11,48.75,49.2,49.11,53.38,0.1,4.92,50.77,47.63
GM,General Motors,Consumer Discretionary,Automobile Manufacturers,58.38,61.34,42.24,57.26,56.94,58.58,57.89,51.12,0.2,6.89,62.4,54.76
GPC,Genuine Parts Company,Consumer Discretionary,Distributors,133.1,142.77,103.92,133.16,133.58,136.05,137.01,124.18,-0.2,6.75,142.08,130.01
GILD,Gilead Sciences,Health Care,Biotechnology,122.81,122.81,83.79,119.13,117.82,114.99,114.95,107.12,0.2,-0.96,121.63,108.35
GPN,Global Payments,Financials,Transaction & Payment Processing Services,85.42,118.08,67.06,85.17,85.97,85.9,86.0,88.56,0.0,4.34,89.13,82.67
GL,Globe Life,Financials,Life & Health Insurance,134.78,146.27,102.63,136.56,136.09,139.28,139.68,126.67,0.0,9.06,146.99,131.57
GDDY,GoDaddy,Information Technology,Internet Services & Infrastructure,128.74,214.35,128.0,130.33,132.39,136.01,141.31,171.82,-0.2,13.89,146.62,125.41
GS,Goldman Sachs,Financials,Investment Banking & Brokerage,750.77,806.32,457.48,766.87,774.16,784.93,763.51,645.83,-0.2,8.75,816.46,753.42
HAL,Halliburton,Energy,Oil & Gas Equipment & Services,22.27,31.1,18.96,22.28,22.94,23.68,22.53,22.83,-0.1,16.17,25.87,21.49
HIG,Hartford (The),Financials,Property & Casualty Insurance,124.46,134.7,105.0,127.41,129.55,130.98,131.19,122.25,-0.2,9.62,136.43,125.53
HAS,Hasbro,Consumer Discretionary,Leisure Products,74.81,81.85,49.75,73.78,73.97,74.69,77.19,66.75,0.0,3.23,77.23,72.14
HCA,HCA Healthcare,Health Care,Health Care Facilities,426.16,437.57,294.93,419.02,422.65,421.16,409.23,360.16,-0.2,2.43,436.52,405.79
DOC,Healthpeak Properties,Real Estate,Health Care REITs,18.55,21.7,16.44,18.32,18.53,18.74,18.07,18.18,-0.5,5.39,19.55,17.92
HSIC,Henry Schein,Health Care,Health Care Distributors,62.98,81.91,62.03,62.93,63.8,65.28,67.04,70.17,-0.2,9.57,69.01,61.56
HSY,Hershey Company (The),Consumer Staples,Packaged Foods & Meats,187.74,195.56,141.22,188.95,191.46,190.3,186.14,169.83,0.0,4.82,196.79,183.82
HPE,Hewlett Packard Enterprise,Information Technology,"Technology Hardware, Storage & Peripherals",22.96,26.25,12.35,24.06,24.67,24.59,23.5,19.75,-0.2,14.33,26.25,22.93
HLT,Hilton Worldwide,Consumer Discretionary,"Hotels, Resorts & Cruise Lines",260.27,278.5,201.05,262.92,261.31,261.27,267.77,253.0,-0.2,2.66,267.19,255.34
HOLX,Hologic,Health Care,Health Care Equipment,69.85,83.72,52.73,67.36,67.66,67.44,67.13,64.46,0.2,-0.56,69.46,65.41
HD,Home Depot (The),Consumer Discretionary,Home Improvement Retail,391.9,423.6,331.29,386.94,384.8,394.87,402.43,378.42,-0.4,6.68,418.08,371.65
HON,Honeywell,Industrials,Industrial Conglomerates,202.96,239.16,180.99,204.03,205.31,207.3,212.46,214.87,-0.2,5.18,213.47,201.11
HRL,Hormel Foods,Consumer Staples,Packaged Foods & Meats,24.03,32.19,23.26,23.72,23.68,23.99,25.49,28.2,-0.2,2.91,24.73,23.25
HST,Host Hotels & Resorts,Real Estate,Hotel & Resort REITs,16.28,18.04,12.39,16.34,16.3,16.71,16.69,15.57,0.0,8.11,17.6,15.82
HWM,Howmet Aerospace,Industrials,Aerospace & Defense,189.68,196.23,99.44,191.33,190.32,191.27,183.74,156.94,0.0,3.44,196.2,186.34
HPQ,HP Inc.,Information Technology,"Technology Hardware, Storage & Peripherals",27.37,37.77,21.42,27.81,27.18,27.18,27.37,27.35,-0.2,4.93,28.72,25.63
HUBB,Hubbell Incorporated,Industrials,Industrial Machinery & Supplies & Components,425.71,466.13,313.96,426.95,420.77,424.1,430.63,396.42,0.0,3.42,440.27,407.93
HUM,Humana,Health Care,Managed Health Care,275.01,310.91,219.64,267.41,279.64,269.14,279.08,260.09,-0.4,9.21,300.34,237.95
HBAN,Huntington Bancshares,Financials,Regional Banks,15.5,17.87,12.26,15.86,16.11,16.69,16.96,15.87,-0.2,16.39,18.04,15.34
HII,Huntington Ingalls Industries,Industrials,Aerospace & Defense,280.02,291.94,156.78,285.5,286.13,283.05,275.07,229.16,0.0,4.84,293.57,272.53
IBM,IBM,Information Technology,IT Consulting & Other Services,281.28,293.87,199.27,278.27,283.02,281.53,261.0,254.38,0.2,4.88,295.01,268.04
IEX,IDEX Corporation,Industrials,Industrial Machinery & Supplies & Components,166.31,232.54,156.86,163.8,164.29,162.88,162.85,178.9,-0.1,1.09,168.12,157.63
IDXX,Idexx Laboratories,Health Care,Health Care Equipment,635.4,682.78,361.04,636.42,631.2,631.83,640.21,515.79,0.0,1.92,647.6,616.04
ITW,Illinois Tool Works,Industrials,Industrial Machinery & Supplies & Components,249.26,271.83,215.75,247.29,249.69,254.53,258.82,250.2,-0.2,6.79,266.18,242.88
INCY,Incyte,Health Care,Biotechnology,87.57,88.15,55.17,86.74,86.21,85.42,85.07,71.81,0.2,1.4,88.8,82.03
IR,Ingersoll Rand,Industrials,Industrial Machinery & Supplies & Components,77.22,105.27,66.72,76.61,78.34,80.35,79.77,82.39,-0.1,11.34,85.98,74.72
PODD,Insulet Corporation,Health Care,Health Care Equipment,318.59,352.82,229.13,316.04,315.57,316.69,325.56,292.64,-0.2,3.83,330.79,302.59
INTC,Intel,Information Technology,Semiconductors,37.01,37.8,18.13,36.77,36.92,35.31,28.76,23.24,0.0,9.54,40.54,30.08
IBKR,Interactive Brokers,Financials,Investment Banking & Brokerage,66.23,72.62,35.97,68.88,69.7,68.5,65.35,54.36,0.0,10.66,73.29,63.71
ICE,Intercontinental Exchange,Financials,Financial Exchanges & Data,153.6,187.92,141.62,156.29,157.87,162.13,170.84,169.88,0.0,12.15,172.26,152.0
IFF,International Flavors & Fragrances,Materials,Specialty Chemicals,63.75,103.45,59.55,62.01,61.36,61.34,63.62,73.74,0.4,-0.67,63.32,59.37
IP,International Paper,Materials,Paper & Plastic Packaging Products & Materials,46.58,58.45,43.05,46.5,46.31,46.25,47.04,49.28,0.0,1.4,47.23,45.27
IPG,Interpublic Group of Companies (The),Communication Services,Advertising,26.39,30.52,22.33,26.53,26.67,26.56,26.33,25.38,0.0,4.74,27.64,25.47
INTU,Intuit,Information Technology,Application Software,661.39,805.92,541.4,654.78,654.29,671.81,676.09,664.58,-0.2,7.39,710.27,633.35
ISRG,Intuitive Surgical,Health Care,Health Care Equipment,446.13,610.45,429.59,437.7,440.06,441.8,454.9,512.84,-0.2,1.59,453.22,430.35
IVZ,Invesco,Financials,Asset Management & Custody Banks,22.79,24.13,11.86,23.19,23.45,23.17,22.27,17.58,-0.2,7.2,24.43,21.92
INVH,Invitation Homes,Real Estate,Single-Family Residential REITs,28.52,34.81,27.94,28.43,28.26,28.66,29.47,31.42,-0.2,3.68,29.57,27.75
IQV,IQVIA,Health Care,Life Sciences Tools & Services,204.55,236.69,137.0,204.39,202.96,196.34,191.14,177.26,0.2,5.93,216.68,176.01
IRM,Iron Mountain,Real Estate,Other Specialized REITs,104.58,124.18,75.72,104.33,104.61,103.51,97.21,94.96,0.0,2.6,107.3,99.73
JBHT,J.B. Hunt,Industrials,Cargo Ground Transportation,164.85,195.43,123.94,150.15,145.87,139.74,141.03,147.82,0.2,-3.1,159.74,119.74
JBL,Jabil,Information Technology,Electronic Manufacturing Services,209.34,234.45,116.78,205.29,203.65,210.99,212.11,180.04,0.0,10.78,231.91,190.07
JKHY,Jack Henry & Associates,Financials,Transaction & Payment Processing Services,152.93,189.99,146.26,153.33,151.43,150.2,156.37,170.25,0.2,1.39,155.06,145.35
J,Jacobs Solutions,Industrials,Construction & Engineering,155.39,160.63,109.18,156.8,155.83,152.89,149.36,133.15,0.2,3.42,160.7,145.07
JNJ,Johnson & Johnson,Health Care,Pharmaceuticals,193.22,193.22,138.72,191.65,190.68,185.97,180.14,160.71,0.0,2.32,197.7,174.25
JCI,Johnson Controls,Industrials,Building Products,108.83,111.73,70.88,108.65,108.29,108.21,107.3,94.55,0.0,1.92,110.92,105.51
JPM,JPMorgan Chase,Financials,Diversified Banks,297.56,314.53,208.26,302.37,303.92,307.58,301.42,269.28,-0.2,6.66,317.38,297.78
K,Kellanova,Consumer Staples,Packaged Foods & Meats,83.09,83.09,76.96,82.91,82.87,81.33,80.07,80.31,-0.1,3.67,86.14,76.52
KVUE,Kenvue,Consumer Staples,Personal Care Products,15.29,24.0,14.11,15.61,15.95,16.16,18.55,21.09,0.0,14.32,17.48,14.84
KDP,Keurig Dr Pepper,Consumer Staples,Soft Drinks & Non-alcoholic Beverages,28.03,35.85,25.3,27.16,26.37,26.05,28.66,31.65,0.4,-1.78,27.53,24.57
KEY,KeyCorp,Financials,Regional Banks,16.96,19.23,12.92,17.41,17.75,18.23,18.46,16.78,-0.2,14.98,19.5,16.95
KEYS,Keysight Technologies,Information Technology,Electronic Equipment & Instruments,162.19,185.11,127.02,163.53,166.38,170.47,168.54,161.84,0.0,11.75,181.25,159.69
KMB,Kimberly-Clark,Consumer Staples,Household Products,121.44,144.6,119.27,120.1,120.21,121.67,126.3,130.3,-0.2,2.99,125.07,118.26
KIM,Kimco Realty,Real Estate,Retail REITs,21.84,24.65,18.27,21.52,21.38,21.5,21.69,21.05,0.0,0.92,22.04,20.96
KMI,Kinder Morgan,Energy,Oil & Gas Storage & Transportation,27.38,30.24,23.42,27.37,27.55,27.79,27.26,27.16,0.2,4.71,28.67,26.91
KKR,KKR & Co.,Financials,Asset Management & Custody Banks,117.6,166.38,92.52,121.2,122.42,128.51,136.32,131.5,-0.2,23.55,145.29,111.72
KLAC,KLA Corporation,Information Technology,Semiconductor Materials & Equipment,1106.66,1139.71,573.9,1068.64,1066.64,1075.67,981.14,818.79,0.0,4.0,1150.93,1000.37
KHC,Kraft Heinz,Consumer Staples,Packaged Foods & Meats,25.52,34.07,25.04,25.28,25.24,25.7,26.41,27.44,-0.2,4.86,26.76,24.65
KR,Kroger,Consumer Staples,Food Retail,68.99,73.97,54.62,68.65,67.84,66.89,68.13,66.94,-0.2,1.07,69.73,64.04
LHX,L3Harris,Industrials,Aerospace & Defense,283.87,306.76,191.79,290.26,295.3,294.33,282.63,240.2,-0.2,8.78,308.79,279.89
LH,Labcorp,Health Care,Health Care Services,285.94,287.06,211.06,281.76,279.67,279.84,276.75,252.32,0.2,0.04,286.05,273.64
LRCX,Lam Research,Information Technology,Semiconductor Materials & Equipment,141.51,149.15,58.83,140.96,140.92,137.91,118.95,91.36,0.0,6.78,151.1,124.71
LW,Lamb Weston,Consumer Staples,Packaged Foods & Meats,65.01,80.72,47.73,64.38,64.1,60.66,57.7,55.1,0.0,6.52,69.25,52.08
LVS,Las Vegas Sands,Consumer Discretionary,Casinos & Gaming,48.54,57.71,30.35,48.24,50.0,51.79,53.34,45.4,-0.2,16.87,56.73,46.86
LDOS,Leidos,Industrials,Diversified Support Services,184.51,199.29,125.82,185.74,190.41,189.42,184.08,155.94,-0.2,7.85,198.99,179.84
LEN,Lennar,Consumer Discretionary,Homebuilding,125.82,179.83,101.41,122.28,121.46,123.53,128.85,118.39,0.0,3.49,130.21,116.85
LII,Lennox International,Industrials,Building Products,522.95,672.47,505.24,525.79,533.8,531.98,554.17,577.11,0.0,6.15,555.11,508.86
LLY,Lilly (Eli),Health Care,Pharmaceuticals,802.83,925.78,624.28,816.11,830.38,798.07,750.91,784.13,-0.3,10.87,890.1,706.02
LIN,Linde plc,Materials,Industrial Gases,450.89,483.59,408.92,452.49,458.12,465.79,472.02,457.74,-0.2,7.76,485.88,445.69
LYV,Live Nation Entertainment,Communication Services,Movies & Entertainment,155.19,174.06,114.41,153.76,153.58,157.53,161.94,144.89,-0.2,7.51,166.84,148.21
LKQ,LKQ Corporation,Consumer Discretionary,Distributors,30.04,43.02,28.68,29.72,29.7,30.16,30.94,36.43,0.0,4.86,31.5,28.81
LMT,Lockheed Martin,Industrials,Aerospace & Defense,495.15,597.79,407.77,499.36,504.9,498.4,470.4,458.53,-0.2,4.6,517.93,478.87
L,Loews Corporation,Financials,Multi-line Insurance,98.83,103.05,76.29,100.25,101.28,100.51,97.86,90.04,-0.2,5.11,103.88,97.13
LOW,Lowe's,Consumer Discretionary,Home Improvement Retail,244.7,278.66,209.46,240.91,239.06,246.35,254.79,237.11,-0.2,7.66,263.44,229.26
LULU,Lululemon Athletica,Consumer Discretionary,"Apparel, Accessories & Luxury Goods",167.41,421.16,159.87,167.62,170.12,173.19,181.42,272.64,0.0,8.54,181.71,164.68
LYB,LyondellBasell,Materials,Specialty Chemicals,46.19,84.7,44.91,46.35,47.08,48.37,51.53,59.82,-0.2,12.19,51.82,44.93
MTB,M&T Bank,Financials,Regional Banks,180.67,215.8,154.27,182.81,185.06,191.49,194.08,185.4,-0.2,13.89,205.77,177.22
MPC,Marathon Petroleum,Energy,Oil & Gas Refining & Marketing,184.47,198.69,117.23,183.19,185.82,189.57,180.11,158.82,-0.2,8.42,200.0,179.14
MAR,Marriott International,Consumer Discretionary,"Hotels, Resorts & Cruise Lines",260.85,302.22,210.04,263.46,265.1,264.36,265.24,262.86,0.0,3.92,271.08,257.64
MMC,Marsh McLennan,Financials,Insurance Brokers,189.59,242.13,186.48,198.46,201.52,200.18,202.22,216.11,-0.2,11.11,210.65,189.7
MLM,Martin Marietta Materials,Materials,Construction Materials,625.4,656.85,451.25,636.83,635.24,627.52,618.72,549.52,0.2,4.06,650.79,604.23
MAS,Masco,Industrials,Building Products,67.87,84.25,58.18,67.51,67.61,69.16,71.67,68.85,0.0,7.18,72.74,65.59
MA,Mastercard,Financials,Transaction & Payment Processing Services,560.97,598.17,477.88,560.16,565.57,568.62,579.03,556.61,0.0,4.32,585.2,552.01
MTCH,Match Group,Communication Services,Interactive Media & Services,32.43,38.56,26.72,32.44,32.64,34.09,36.06,32.46,-0.2,15.14,37.34,30.84
MKC,McCormick & Company,Consumer Staples,Packaged Foods & Meats,67.54,83.15,63.86,66.03,66.04,65.94,67.7,72.93,-0.2,1.42,68.5,63.37
MCD,McDonald's,Consumer Discretionary,Restaurants,308.09,317.67,275.0,304.67,300.09,301.36,305.59,301.02,0.2,0.37,309.23,293.5
MCK,McKesson Corporation,Health Care,Health Care Distributors,786.0,791.93,496.98,780.95,767.34,758.28,715.97,681.0,0.0,1.71,799.44,717.13
MDT,Medtronic,Health Care,Health Care Equipment,95.78,98.43,78.03,95.66,96.49,95.8,94.08,88.58,0.0,2.77,98.43,93.16
MRK,Merck & Co.,Health Care,Pharmaceuticals,84.79,106.48,72.03,84.64,85.95,84.35,83.43,83.74,-0.1,8.66,92.13,76.58
META,Meta Platforms,Communication Services,Interactive Media & Services,716.91,789.47,483.96,714.18,715.63,728.14,747.06,671.94,-0.2,6.64,764.51,691.77
MET,MetLife,Financials,Life & Health Insurance,78.46,86.38,67.4,80.33,81.05,81.22,80.09,78.99,0.0,6.91,83.88,78.57
MTD,Mettler Toledo,Health Care,Life Sciences Tools & Services,1349.28,1411.52,970.15,1320.13,1316.48,1282.98,1286.1,1222.04,-0.2,2.17,1378.56,1187.33
MGM,MGM Resorts,Consumer Discretionary,Casinos & Gaming,31.58,41.99,25.79,31.89,32.25,33.55,35.39,33.96,-0.2,15.64,36.52,30.58
MCHP,Microchip Technology,Information Technology,Semiconductors,65.14,76.79,34.83,64.94,64.94,64.99,65.04,59.37,0.0,3.88,67.67,62.3
MU,Micron Technology,Information Technology,Semiconductors,202.38,202.53,64.62,195.34,192.38,180.73,151.13,111.37,0.2,3.74,209.95,151.52
MSFT,Microsoft,Information Technology,Systems Software,513.58,534.76,353.33,513.25,517.7,515.73,511.98,454.88,0.0,2.57,526.78,504.68
MAA,Mid-America Apartment Communities,Real Estate,Multi-Family Residential REITs,132.7,165.69,131.43,132.28,133.12,135.3,138.35,148.32,-0.2,5.81,140.41,130.18
MRNA,Moderna,Health Care,Biotechnology,26.01,57.46,23.51,26.77,27.1,26.7,25.95,29.72,-0.1,11.3,28.95,24.44
MHK,Mohawk Industries,Consumer Discretionary,Home Furnishings,127.36,161.25,97.99,125.35,123.49,125.89,129.22,116.43,0.2,4.43,133.0,118.78
MOH,Molina Healthcare,Health Care,Managed Health Care,192.68,353.24,152.31,192.56,196.39,193.68,181.41,261.09,0.1,6.53,205.26,182.11
TAP,Molson Coors Beverage Company,Consumer Staples,Brewers,47.33,61.78,44.09,46.7,46.29,45.81,48.15,52.65,0.0,0.17,47.41,44.21
MDLZ,Mondelez International,Consumer Staples,Packaged Foods & Meats,62.46,70.19,54.9,61.8,61.75,62.24,61.87,63.26,0.1,2.02,63.72,60.76
MPWR,Monolithic Power Systems,Information Technology,Semiconductors,1004.65,1026.83,453.43,997.87,976.75,942.74,885.21,709.18,0.2,2.3,1027.76,857.7
MNST,Monster Beverage,Consumer Staples,Soft Drinks & Non-alcoholic Beverages,70.22,70.22,46.16,68.96,68.74,67.36,65.17,59.26,0.2,1.15,71.03,63.69
MCO,Moody's Corporation,Financials,Financial Exchanges & Data,471.04,524.53,395.22,474.62,481.16,480.26,497.06,481.85,-0.2,4.68,493.08,467.43
MS,Morgan Stanley,Financials,Investment Banking & Brokerage,158.67,162.65,98.35,158.36,156.96,157.9,153.16,133.69,-0.2,2.75,163.03,152.77
MOS,Mosaic Company (The),Materials,Fertilizers & Agricultural Chemicals,29.32,37.55,22.47,29.9,31.88,33.24,32.98,30.8,0.0,28.65,37.72,28.75
MSI,Motorola Solutions,Information Technology,Communications Equipment,445.0,499.65,392.79,447.6,452.98,455.44,464.0,437.69,-0.2,6.06,471.97,438.91
MSCI,MSCI Inc.,Financials,Financial Exchanges & Data,534.35,630.0,503.37,543.8,552.51,558.42,562.38,563.35,-0.4,8.57,580.14,536.68
NDAQ,"Nasdaq, Inc.",Financials,Financial Exchanges & Data,88.59,96.67,66.01,89.02,89.19,88.53,91.83,83.74,0.2,2.54,90.84,86.22
NTAP,NetApp,Information Technology,"Technology Hardware, Storage & Peripherals",119.07,128.5,75.4,119.87,119.38,119.77,116.89,105.72,-0.2,4.25,124.13,115.41
NFLX,Netflix,Communication Services,Movies & Entertainment,1199.36,1339.13,687.65,1204.12,1204.04,1200.06,1213.54,1108.48,0.0,3.72,1243.98,1156.16
NEM,Newmont,Materials,Gold,90.77,98.27,36.49,92.51,89.68,87.28,79.05,57.69,0.2,4.25,94.63,79.94
NWSA,News Corp (Class A),Communication Services,Publishing,26.02,31.03,23.89,26.25,26.59,28.29,29.0,28.19,-0.2,23.21,32.06,24.52
NWS,News Corp (Class B),Communication Services,Publishing,29.53,35.06,27.33,29.69,30.06,31.75,32.79,32.15,-0.2,20.15,35.48,28.02
NEE,NextEra Energy,Utilities,Multi-Utilities,84.53,85.79,63.11,84.86,84.07,79.92,75.39,70.99,0.0,5.35,89.05,70.79
NKE,"Nike, Inc.",Consumer Discretionary,"Apparel, Accessories & Luxury Goods",67.37,82.12,52.64,67.54,68.01,69.6,72.89,68.82,-0.2,10.15,74.21,65.0
NI,NiSource,Utilities,Multi-Utilities,43.25,44.17,33.44,43.14,43.31,42.96,42.09,39.64,0.2,2.73,44.43,41.5
NDSN,Nordson Corporation,Industrials,Industrial Machinery & Supplies & Components,233.34,260.48,166.29,232.22,232.23,229.63,224.61,210.55,-0.4,1.69,237.28,221.97
NSC,Norfolk Southern,Industrials,Rail Transportation,289.78,300.41,204.09,289.57,292.32,294.42,285.15,253.76,-0.2,4.49,302.79,286.05
NTRS,Northern Trust,Financials,Asset Management & Custody Banks,124.82,134.6,83.34,127.06,128.54,130.36,129.16,112.48,0.2,9.16,136.25,124.48
NOC,Northrop Grumman,Industrials,Aerospace & Defense,594.5,637.95,427.78,609.64,618.48,606.39,591.63,516.2,-0.2,7.92,641.58,571.22
NCLH,Norwegian Cruise Line Holdings,Consumer Discretionary,"Hotels, Resorts & Cruise Lines",22.94,29.07,15.5,23.23,23.36,24.11,24.63,22.21,0.0,12.86,25.89,22.34
NRG,NRG Energy,Utilities,Independent Power Producers & Energy Traders,168.74,173.91,83.06,168.88,166.71,166.27,158.21,131.87,0.0,2.19,172.44,160.11
NUE,Nucor,Materials,Steel,131.78,164.83,102.37,135.34,135.77,135.88,140.32,128.64,-0.2,6.06,139.77,132.0
NVDA,Nvidia,Information Technology,Semiconductors,183.22,192.57,94.3,182.64,184.86,183.79,179.57,145.53,0.0,5.02,192.42,175.15
NVR,"NVR, Inc.",Consumer Discretionary,Homebuilding,7639.06,9924.4,6700.0,7642.41,7694.79,7862.26,8057.59,7594.51,-0.2,8.4,8280.74,7443.95
NXPI,NXP Semiconductors,Information Technology,Semiconductors,214.35,250.84,152.09,216.36,218.52,222.62,224.37,210.2,-0.2,9.68,235.1,210.14
ORLY,O’Reilly Automotive,Consumer Discretionary,Automotive Retail,101.6,107.82,76.44,102.16,101.86,103.54,103.82,93.6,-0.2,6.07,107.77,99.31
OXY,Occidental Petroleum,Energy,Oil & Gas Exploration & Production,40.9,51.86,35.72,41.7,43.1,44.83,45.28,44.75,0.0,20.73,49.38,40.29
ODFL,Old Dominion,Industrials,Cargo Ground Transportation,138.04,230.37,134.31,136.56,138.73,139.43,145.2,162.43,0.0,4.8,144.67,134.2
OMC,Omnicom Group,Communication Services,Advertising,77.52,101.86,68.6,77.82,78.11,77.72,77.06,76.46,0.0,4.3,80.85,74.6
ON,ON Semiconductor,Information Technology,Semiconductors,52.53,74.7,31.95,51.1,50.06,49.94,49.79,48.97,0.0,0.89,53.0,46.89
OKE,Oneok,Energy,Oil & Gas Storage & Transportation,68.09,112.93,67.22,68.68,70.13,71.55,72.88,83.81,-0.2,10.88,75.5,67.59
ORCL,Oracle Corporation,Information Technology,Application Software,291.31,327.76,122.35,302.99,296.78,295.79,271.7,199.63,0.2,10.01,320.47,271.11
OTIS,Otis Worldwide,Industrials,Industrial Machinery & Supplies & Components,91.29,104.22,84.52,90.69,90.51,90.55,88.91,94.05,-0.3,1.5,92.66,88.43
PCAR,Paccar,Industrials,Construction Machinery & Heavy Transportation Equipment,94.69,113.98,85.82,94.68,95.26,96.67,98.4,98.14,0.0,6.36,100.71,92.63
PKG,Packaging Corporation of America,Materials,Paper & Plastic Packaging Products & Materials,203.33,242.86,173.82,207.37,209.17,212.09,209.58,201.32,0.0,8.05,219.7,204.48
PLTR,Palantir Technologies,Information Technology,Application Software,178.15,187.05,41.41,178.57,179.9,180.17,172.13,126.66,0.0,4.91,186.9,173.45
PANW,Palo Alto Networks,Information Technology,Systems Software,207.89,217.79,152.44,208.19,210.61,207.68,196.33,188.85,-0.2,4.16,216.54,198.83
PSKY,Paramount Skydance Corporation,Communication Services,Movies & Entertainment,16.77,19.73,10.05,17.1,17.66,18.35,16.43,12.8,-0.2,20.27,20.17,16.53
PH,Parker Hannifin,Industrials,Industrial Machinery & Supplies & Components,733.59,769.67,514.56,732.55,738.56,746.93,749.2,677.39,0.0,5.4,773.2,720.69
PAYX,Paychex,Industrials,Human Resource & Employment Services,126.56,158.58,123.42,127.32,126.53,126.78,132.55,142.73,-0.2,3.01,130.37,123.18
PAYC,Paycom,Industrials,Human Resource & Employment Services,200.69,265.28,162.52,200.5,201.39,206.61,216.24,222.44,0.0,10.66,222.08,191.13
PYPL,PayPal,Financials,Transaction & Payment Processing Services,67.41,91.81,57.41,67.89,70.71,69.28,68.84,72.14,0.1,11.38,75.08,63.48
PNR,Pentair,Industrials,Industrial Machinery & Supplies & Components,108.79,112.59,75.76,109.41,109.86,110.07,108.94,99.1,0.0,3.63,112.74,107.39
PEP,PepsiCo,Consumer Staples,Soft Drinks & Non-alcoholic Beverages,153.71,168.54,125.83,151.59,147.21,144.28,144.9,140.1,0.0,0.2,154.02,134.55
PFE,Pfizer,Health Care,Pharmaceuticals,24.51,27.72,20.83,24.48,25.08,25.07,24.89,24.24,0.2,11.95,27.44,22.7
PCG,PG&E Corporation,Utilities,Multi-Utilities,16.42,21.5,12.98,16.39,16.3,15.68,15.35,15.79,0.1,4.45,17.15,14.22
PM,Philip Morris International,Consumer Staples,Tobacco,158.06,181.86,114.18,158.06,157.1,158.61,162.27,157.95,0.0,4.12,164.57,152.65
PSX,Phillips 66,Energy,Oil & Gas Refining & Marketing,129.27,139.46,91.09,129.57,130.23,132.77,129.96,120.17,0.2,8.15,139.81,125.74
PNW,Pinnacle West Capital,Utilities,Multi-Utilities,93.15,93.78,79.36,93.09,92.42,90.05,89.76,89.23,0.2,2.27,95.26,84.84
PNC,PNC Financial Services,Financials,Diversified Banks,179.4,207.33,145.61,183.01,186.06,192.86,196.05,182.27,-0.2,16.25,208.55,177.17
POOL,Pool Corporation,Consumer Discretionary,Distributors,290.21,385.63,283.92,291.6,295.43,302.66,312.65,315.13,0.0,10.15,319.67,285.65
PPG,PPG Industries,Materials,Specialty Chemicals,101.57,128.23,90.49,100.3,100.64,102.87,107.42,109.89,0.0,6.64,108.31,97.43
PPL,PPL Corporation,Utilities,Electric Utilities,37.44,37.97,30.58,37.6,37.41,36.97,36.46,34.6,0.0,1.79,38.11,35.84
PFG,Principal Financial Group,Financials,Life & Health Insurance,78.63,87.94,68.21,79.78,81.05,81.9,80.38,78.8,0.2,8.52,85.33,78.47
PG,Procter & Gamble,Consumer Staples,Personal Care Products,151.4,176.3,147.42,149.01,149.9,151.32,154.85,160.24,-0.2,2.35,154.96,147.67
PGR,Progressive Corporation,Financials,Property & Casualty Insurance,225.61,290.89,221.74,230.11,236.01,239.59,243.68,258.67,-0.4,12.25,253.25,225.93
PLD,Prologis,Real Estate,Industrial REITs,124.08,124.08,88.13,119.24,117.09,115.9,112.42,108.83,0.4,-1.38,122.37,109.43
PRU,Prudential Financial,Financials,Life & Health Insurance,100.67,124.75,92.74,101.72,102.01,102.65,104.74,105.3,-0.2,4.7,105.4,99.9
PEG,Public Service Enterprise Group,Utilities,Electric Utilities,84.75,91.66,75.92,83.6,82.42,82.32,82.58,81.6,0.0,-0.06,84.7,79.93
PTC,PTC Inc.,Information Technology,Application Software,202.86,216.53,136.74,202.44,202.15,202.8,206.6,180.86,-0.2,1.62,206.15,199.45
PSA,Public Storage,Real Estate,Self-Storage REITs,307.61,337.69,260.94,303.42,298.3,292.15,287.97,289.13,-0.1,0.21,308.26,276.05
PHM,PulteGroup,Consumer Discretionary,Homebuilding,124.45,147.88,91.67,123.68,125.26,128.74,130.48,111.88,0.0,11.57,138.85,118.64
PWR,Quanta Services,Industrials,Construction & Engineering,433.85,443.45,236.5,434.18,431.12,419.55,396.41,339.88,0.0,3.48,448.95,390.15
QCOM,Qualcomm,Information Technology,Semiconductors,163.45,173.55,123.21,162.8,163.51,166.15,161.42,155.35,0.0,6.74,174.47,157.84
DGX,Quest Diagnostics,Health Care,Health Care Services,189.51,189.74,144.64,186.37,183.86,184.29,181.73,171.09,0.2,0.77,190.97,177.62
RL,Ralph Lauren Corporation,Consumer Discretionary,"Apparel, Accessories & Luxury Goods",327.76,329.03,181.18,320.9,321.18,316.85,307.09,266.94,0.0,1.09,331.33,302.36
RJF,Raymond James Financial,Financials,Investment Banking & Brokerage,161.49,175.92,122.89,161.55,163.06,167.3,166.92,154.52,0.0,10.14,177.87,156.73
RTX,RTX Corporation,Industrials,Aerospace & Defense,157.95,169.27,112.45,158.05,161.68,162.67,159.03,139.3,0.0,8.27,171.01,154.32
O,Realty Income,Real Estate,Retail REITs,59.94,61.18,49.38,59.25,59.17,59.54,58.85,55.72,-0.2,1.52,60.85,58.24
REG,Regency Centers,Real Estate,Retail REITs,72.24,75.5,64.21,71.94,71.53,71.61,71.37,70.69,0.0,0.72,72.76,70.46
REGN,Regeneron Pharmaceuticals,Health Care,Biotechnology,578.05,1003.66,482.34,570.79,572.11,575.2,574.18,600.15,0.1,4.4,603.48,546.89
RF,Regions Financial Corporation,Financials,Regional Banks,23.58,27.4,17.95,24.28,24.77,25.63,26.1,23.24,-0.2,17.51,27.71,23.55
RSG,Republic Services,Industrials,Environmental & Facilities Services,219.82,256.75,195.95,221.32,222.47,224.43,228.48,233.34,-0.2,4.64,230.02,218.83
RMD,ResMed,Health Care,Health Care Equipment,268.09,293.73,203.67,270.17,274.78,274.02,277.21,249.72,0.0,5.64,283.21,264.82
RVTY,Revvity,Health Care,Health Care Equipment,93.42,126.65,82.5,92.33,91.8,89.53,88.51,99.32,-0.1,3.54,96.73,82.34
HOOD,Robinhood Markets,Financials,Investment Banking & Brokerage,129.91,152.46,23.49,134.23,140.27,136.92,121.47,76.87,-0.2,19.67,155.46,118.38
ROK,Rockwell Automation,Industrials,Electrical Components & Equipment,347.66,357.15,217.21,346.2,344.84,345.2,344.24,304.63,0.0,1.75,353.74,336.66
ROL,"Rollins, Inc.",Industrials,Environmental & Facilities Services,55.82,58.74,45.24,56.01,56.81,57.12,57.08,54.39,0.0,6.66,59.54,54.71
ROP,Roper Technologies,Information Technology,Electronic Equipment & Instruments,504.52,591.12,494.21,506.18,509.55,504.84,514.81,548.12,0.0,2.93,519.3,490.4
ROST,Ross Stores,Consumer Discretionary,Apparel Retail,156.31,156.99,122.22,155.71,153.09,151.89,149.53,140.77,0.2,1.45,158.58,145.21
RCL,Royal Caribbean Group,Consumer Discretionary,"Hotels, Resorts & Cruise Lines",300.31,364.72,176.89,306.01,308.2,315.89,327.23,271.58,0.0,11.45,334.7,297.09
SPGI,S&P Global,Financials,Financial Exchanges & Data,473.19,563.17,436.73,478.83,480.99,484.56,521.73,511.72,0.0,5.63,499.83,469.29
CRM,Salesforce,Information Technology,Application Software,243.08,365.66,231.26,242.84,242.71,242.43,243.87,273.42,0.0,2.9,250.13,234.73
SBAC,SBA Communications,Real Estate,Telecom Tower REITs,196.26,243.97,187.49,193.46,190.87,192.77,201.73,214.87,-0.2,1.88,199.95,185.6
SLB,Schlumberger,Energy,Oil & Gas Equipment & Services,32.63,43.04,31.43,32.59,33.08,33.84,34.32,36.1,0.0,10.14,35.94,31.74
STX,Seagate Technology,Information Technology,"Technology Hardware, Storage & Peripherals",225.4,256.84,65.98,220.39,223.02,228.7,197.33,129.6,0.2,12.93,254.54,202.87
SRE,Sempra,Utilities,Multi-Utilities,91.29,94.01,62.78,91.44,91.89,89.75,84.78,77.59,0.2,4.73,95.61,83.89
NOW,ServiceNow,Information Technology,Systems Software,903.6,1170.39,721.65,907.22,907.42,916.68,909.09,944.75,0.1,4.7,946.07,887.33
SHW,Sherwin-Williams,Materials,Specialty Chemicals,330.74,397.11,312.15,332.47,333.99,338.83,352.84,347.98,-0.2,5.68,349.53,328.14
SPG,Simon Property Group,Real Estate,Retail REITs,178.09,187.67,136.92,177.1,177.6,181.09,177.93,165.86,0.0,5.99,188.76,173.43
SWKS,Skyworks Solutions,Information Technology,Semiconductors,75.32,94.95,48.25,74.03,74.03,76.44,75.19,71.63,-0.2,9.93,82.8,70.08
SJM,J.M. Smucker Company (The),Consumer Staples,Packaged Foods & Meats,105.3,116.99,93.48,103.32,104.76,106.59,108.54,107.17,0.0,5.68,111.28,101.9
SW,Smurfit Westrock,Materials,Paper & Plastic Packaging Products & Materials,41.4,55.13,37.46,41.65,41.64,42.13,43.75,45.32,0.2,6.23,43.98,40.28
SNA,Snap-on,Industrials,Industrial Machinery & Supplies & Components,339.75,364.18,288.55,337.1,336.13,339.51,332.38,325.94,0.2,3.23,350.72,328.3
SOLV,Solventum,Health Care,Health Care Technology,72.16,84.04,63.01,71.51,71.82,72.29,72.63,72.78,0.0,3.38,74.6,69.98
SO,Southern Company,Utilities,Electric Utilities,97.8,99.72,78.98,98.74,97.62,95.84,93.95,89.4,0.2,2.3,100.05,91.63
LUV,Southwest Airlines,Industrials,Passenger Airlines,33.52,37.49,23.77,33.14,32.61,32.55,31.95,31.3,0.0,0.87,33.81,31.29
SWK,Stanley Black & Decker,Industrials,Industrial Machinery & Supplies & Components,67.85,101.91,54.53,67.0,68.94,71.67,73.68,72.37,-0.2,16.33,78.93,64.41
SBUX,Starbucks,Consumer Discretionary,Restaurants,85.36,114.25,78.46,82.75,81.54,83.28,85.74,91.47,0.0,3.15,88.05,78.52
STT,State Street Corporation,Financials,Asset Management & Custody Banks,111.37,117.23,74.25,114.12,114.93,114.54,112.94,99.67,-0.2,6.43,118.53,110.55
STLD,Steel Dynamics,Materials,Steel,142.75,151.94,108.4,144.79,144.39,141.88,134.99,128.67,0.2,4.61,149.33,134.42
STE,Steris,Health Care,Health Care Equipment,240.21,252.43,200.94,238.11,239.03,242.38,244.8,230.49,-0.2,4.45,250.9,233.87
SYK,Stryker Corporation,Health Care,Health Care Equipment,374.42,402.61,335.89,369.67,369.4,369.5,378.55,377.99,-0.2,0.5,376.29,362.71
SMCI,Supermicro,Information Technology,"Technology Hardware, Storage & Peripherals",52.18,60.71,18.01,53.56,54.7,51.51,46.9,42.28,0.2,13.91,59.44,43.59
SYF,Synchrony Financial,Financials,Consumer Finance,71.51,76.86,43.38,71.41,70.93,71.94,73.28,63.64,0.0,6.08,75.86,68.02
SNPS,Synopsys,Information Technology,Application Software,447.64,645.35,380.9,443.1,458.42,471.83,526.03,503.56,-0.2,15.09,515.19,428.46
SYY,Sysco,Consumer Staples,Food Distributors,79.91,82.73,67.09,79.45,79.33,80.47,80.33,74.74,0.2,4.17,83.24,77.7
TMUS,T-Mobile US,Communication Services,Wireless Telecommunication Services,229.33,270.87,209.08,227.38,227.11,231.64,241.54,241.7,-0.2,5.58,242.13,221.15
TROW,T. Rowe Price,Financials,Asset Management & Custody Banks,103.7,118.63,78.24,104.81,104.88,104.05,105.08,98.98,0.2,3.38,107.21,100.9
TTWO,Take-Two Interactive,Communication Services,Interactive Home Entertainment,261.35,261.5,154.79,259.3,258.07,255.86,244.81,223.21,0.0,1.5,265.27,246.47
TPR,"Tapestry, Inc.",Consumer Discretionary,"Apparel, Accessories & Luxury Goods",116.82,116.82,42.76,116.07,114.96,113.94,108.23,86.95,0.0,2.23,119.43,108.46
TRGP,Targa Resources,Energy,Oil & Gas Storage & Transportation,148.67,213.93,146.3,149.64,155.94,162.13,163.5,174.8,0.0,20.62,179.33,144.92
TGT,Target Corporation,Consumer Staples,Consumer Staples Merchandise Retail,90.84,152.97,85.53,89.62,89.14,88.72,93.18,103.6,0.0,0.76,91.53,85.92
TEL,TE Connectivity,Information Technology,Electronic Manufacturing Services,222.98,224.43,121.04,221.98,221.64,220.13,212.27,169.84,0.0,1.36,226.01,214.24
TDY,Teledyne Technologies,Information Technology,Electronic Equipment & Instruments,562.26,593.62,435.54,565.7,574.26,574.79,558.33,512.9,-0.2,5.72,594.42,555.17
TER,Teradyne,Information Technology,Semiconductor Materials & Equipment,138.16,147.87,67.79,138.92,140.45,138.95,124.4,102.92,0.2,7.26,148.19,129.7
TSLA,"Tesla, Inc.",Consumer Discretionary,Automobile Manufacturers,439.31,479.86,213.65,433.67,434.24,436.11,387.45,334.72,0.0,3.8,456.0,416.23
TXN,Texas Instruments,Information Technology,Semiconductors,176.58,219.66,143.34,175.28,176.75,179.51,186.94,184.54,0.0,5.85,186.91,172.11
TPL,Texas Pacific Land Corporation,Energy,Oil & Gas Exploration & Production,938.98,1720.9,853.36,920.73,929.06,931.98,915.59,1147.14,-0.1,4.8,984.05,879.92
TXT,Textron,Industrials,Aerospace & Defense,81.36,90.23,60.69,82.2,83.58,83.89,82.01,76.76,0.4,7.52,87.48,80.3
TMO,Thermo Fisher Scientific,Health Care,Life Sciences Tools & Services,538.92,605.06,389.91,530.8,533.28,510.75,494.76,477.53,0.2,6.45,573.68,447.8
TJX,TJX Companies,Consumer Discretionary,Apparel Retail,143.84,145.16,110.99,143.41,142.25,142.14,139.22,127.57,0.0,1.36,145.8,138.49
TKO,TKO Group Holdings,Communication Services,Movies & Entertainment,189.28,205.33,113.99,189.38,191.07,195.23,192.16,166.51,0.2,8.91,206.14,184.32
TTD,Trade Desk (The),Communication Services,Advertising,49.98,139.51,43.93,50.6,52.01,50.22,50.64,71.19,0.0,10.32,55.14,45.29
TSCO,Tractor Supply,Consumer Discretionary,Other Specialty Retail,55.2,62.65,47.62,55.31,54.73,55.79,58.53,54.64,0.2,5.82,58.41,53.18
TT,Trane Technologies,Industrials,Building Products,415.82,471.46,313.81,419.4,420.4,417.6,417.44,395.27,0.0,3.79,431.58,403.6
TDG,TransDigm Group,Industrials,Aerospace & Defense,1265.88,1516.55,1152.5,1271.71,1277.4,1286.75,1294.48,1307.55,-0.2,4.58,1323.86,1249.7
TRV,Travelers Companies (The),Financials,Property & Casualty Insurance,262.01,284.97,229.61,267.81,273.4,275.63,273.26,259.55,-0.2,10.0,288.21,263.04
TRMB,Trimble Inc.,Information Technology,Electronic Equipment & Instruments,77.4,85.24,55.12,77.82,78.45,79.69,80.76,73.98,0.0,7.52,83.22,76.15
TFC,Truist Financial,Financials,Diversified Banks,42.6,47.07,33.92,42.77,43.51,44.59,45.03,42.29,-0.2,11.31,47.42,41.77
TYL,Tyler Technologies,Information Technology,Application Software,505.6,646.74,485.73,503.4,502.72,511.03,539.39,568.88,-0.2,6.45,538.21,483.84
TSN,Tyson Foods,Consumer Staples,Packaged Foods & Meats,52.48,62.84,51.58,52.48,52.69,53.43,54.89,56.07,-0.2,5.53,55.38,51.48
USB,U.S. Bancorp,Financials,Diversified Banks,45.69,51.35,35.62,46.21,46.56,47.51,47.48,44.4,0.2,8.95,49.78,45.24
UBER,Uber,Industrials,Passenger Ground Transportation,92.3,100.1,59.93,93.53,95.42,96.63,95.13,83.58,0.2,9.74,101.29,91.97
UDR,"UDR, Inc.",Real Estate,Multi-Family Residential REITs,36.09,44.54,35.6,36.15,35.94,36.24,37.27,39.82,-0.2,2.8,37.1,35.37
ULTA,Ulta Beauty,Consumer Discretionary,Other Specialty Retail,533.51,566.91,314.47,538.65,549.32,546.69,531.28,444.48,-0.2,7.31,572.51,520.89
UNP,Union Pacific Corporation,Industrials,Rail Transportation,226.04,249.94,205.73,225.75,228.76,230.88,224.31,227.12,-0.3,6.04,239.69,222.07
UAL,United Airlines Holdings,Industrials,Passenger Airlines,99.14,110.52,56.15,100.76,99.36,98.94,101.35,88.81,-0.2,6.11,105.2,92.68
UPS,United Parcel Service,Industrials,Air Freight & Logistics,86.41,130.93,82.58,84.67,85.04,84.7,85.36,98.89,0.0,0.91,87.2,82.2
URI,United Rentals,Industrials,Trading Companies & Distributors,980.37,1020.0,549.5,996.21,988.18,970.76,948.75,764.2,0.4,3.98,1019.39,922.12
UNH,UnitedHealth Group,Health Care,Managed Health Care,356.6,611.98,236.28,358.6,360.76,354.53,327.28,390.0,0.1,3.9,370.51,338.58
UHS,Universal Health Services,Health Care,Health Care Facilities,204.56,235.89,154.78,203.07,203.48,202.18,190.8,182.07,0.0,2.98,210.66,193.72
VLO,Valero Energy,Energy,Oil & Gas Refining & Marketing,157.77,175.63,102.97,159.75,160.78,165.03,155.62,135.91,-0.2,11.59,176.06,154.01
VTR,Ventas,Real Estate,Health Care REITs,70.62,70.62,55.68,68.89,68.6,68.67,68.08,64.81,0.0,0.17,70.74,66.59
VLTO,Veralto,Industrials,Environmental & Facilities Services,102.76,113.11,85.14,101.99,102.97,104.31,106.01,100.67,-0.2,5.02,107.92,100.71
VRSN,Verisign,Information Technology,Internet Services & Infrastructure,264.79,305.1,175.69,263.88,265.11,273.05,274.59,259.09,-0.2,9.88,290.95,255.14
VRSK,Verisk Analytics,Industrials,Research & Consulting Services,232.34,320.32,229.06,238.16,240.98,243.83,255.95,284.65,-0.4,9.41,254.2,233.46
VZ,Verizon,Communication Services,Integrated Telecommunication Services,40.55,44.3,36.0,40.32,40.36,41.55,42.56,41.29,-0.2,8.51,44.0,39.1
VRTX,Vertex Pharmaceuticals,Health Care,Biotechnology,416.81,516.74,366.54,410.58,410.99,401.01,394.97,445.04,0.1,2.48,427.15,374.87
VTRS,Viatris,Health Care,Pharmaceuticals,10.17,12.87,7.08,10.01,10.0,9.9,10.11,9.42,-0.2,1.67,10.34,9.46
VICI,Vici Properties,Real Estate,Hotel & Resort REITs,30.86,33.46,27.08,30.98,31.25,31.79,32.27,31.12,-0.2,7.58,33.2,30.37
V,Visa Inc.,Financials,Transaction & Payment Processing Services,341.89,372.65,279.77,342.93,345.84,343.88,344.01,343.62,0.0,3.57,354.1,333.68
VST,Vistra Corp.,Utilities,Electric Utilities,201.35,217.92,97.84,207.53,205.11,204.21,200.71,167.74,0.2,6.77,214.98,193.43
VMC,Vulcan Materials Company,Materials,Construction Materials,295.35,309.07,219.65,301.3,302.08,301.28,295.94,267.02,0.0,4.77,309.44,293.13
WRB,W. R. Berkley Corporation,Financials,Property & Casualty Insurance,74.05,78.46,56.03,76.0,76.78,76.08,73.54,68.26,-0.2,6.81,79.09,73.08
GWW,W. W. Grainger,Industrials,Industrial Machinery & Supplies & Components,954.99,1212.97,915.74,952.55,956.38,956.92,980.65,1017.86,-0.2,2.29,976.86,936.98
WAB,Wabtec,Industrials,Construction Machinery & Heavy Transportation Equipment,194.15,214.1,159.81,194.89,195.96,196.51,193.56,193.67,-0.1,4.04,201.99,191.02
WMT,Walmart,Consumer Staples,Consumer Staples Merchandise Retail,107.73,109.03,80.03,106.51,104.5,103.56,101.82,96.4,0.0,0.06,107.79,99.31
DIS,Walt Disney Company (The),Communication Services,Movies & Entertainment,110.67,124.01,81.37,110.74,111.1,112.13,114.74,109.67,-0.2,3.88,114.96,109.3
WBD,Warner Bros. Discovery,Communication Services,Broadcasting,18.19,19.82,7.33,18.14,18.1,18.76,15.51,11.63,0.2,11.82,20.34,17.19
WM,Waste Management,Industrials,Environmental & Facilities Services,215.48,240.36,198.36,215.53,216.97,217.85,221.16,224.21,0.0,2.91,221.75,213.96
WAT,Waters Corporation,Health Care,Life Sciences Tools & Services,334.59,417.28,277.72,334.27,330.64,316.98,304.79,342.53,0.1,5.04,351.45,282.53
WEC,WEC Energy Group,Utilities,Electric Utilities,116.84,117.28,89.8,116.35,115.51,114.0,110.56,105.06,0.2,0.88,117.87,110.13
WFC,Wells Fargo,Financials,Diversified Banks,83.28,86.46,60.29,83.44,81.63,82.49,81.14,75.92,0.0,4.89,87.35,77.63
WELL,Welltower,Real Estate,Health Care REITs,175.09,179.38,122.12,171.14,170.52,172.35,168.76,152.57,-0.2,2.68,179.78,164.92
WST,West Pharmaceutical Services,Health Care,Health Care Supplies,270.6,347.02,190.04,264.88,265.17,263.52,254.77,245.43,0.0,1.93,275.82,251.22
WDC,Western Digital,Information Technology,"Technology Hardware, Storage & Peripherals",126.2,131.31,30.45,120.91,120.61,119.12,99.21,63.26,0.0,6.3,134.15,104.09
WY,Weyerhaeuser,Real Estate,Timber REITs,23.59,32.48,23.59,23.76,24.12,24.39,25.04,26.6,0.0,7.38,25.33,23.46
WSM,"Williams-Sonoma, Inc.",Consumer Discretionary,Homefurnishing Retail,185.36,215.83,127.65,188.88,189.15,193.48,197.07,180.33,0.0,10.3,204.45,182.52
WMB,Williams Companies,Energy,Oil & Gas Storage & Transportation,62.46,64.48,49.63,62.76,63.06,63.09,59.72,57.82,0.2,4.19,65.08,61.1
WTW,Willis Towers Watson,Financials,Insurance Brokers,330.15,349.93,286.78,335.5,339.5,340.86,335.04,319.62,0.0,6.61,351.97,329.74
WDAY,"Workday, Inc.",Information Technology,Application Software,234.25,279.91,210.47,234.08,235.16,237.73,231.14,242.62,-0.1,5.71,247.63,227.84
WYNN,Wynn Resorts,Consumer Discretionary,Casinos & Gaming,117.81,133.34,65.78,116.09,119.29,123.85,120.79,96.87,0.0,14.78,135.22,112.48
XEL,Xcel Energy,Utilities,Multi-Utilities,81.16,81.85,61.02,81.01,81.2,79.63,75.13,69.74,0.0,4.51,84.82,74.45
XYL,Xylem Inc.,Industrials,Industrial Machinery & Supplies & Components,145.91,149.9,102.25,145.82,146.64,145.86,143.23,128.71,0.2,3.43,150.91,140.8
YUM,Yum! Brands,Consumer Discretionary,Restaurants,145.25,160.96,121.48,143.52,144.34,147.79,146.8,144.72,0.2,7.24,155.77,139.81
ZBRA,Zebra Technologies,Information Technology,Electronic Equipment & Instruments,293.31,421.11,213.54,290.31,293.21,297.92,309.26,309.95,0.0,8.0,316.77,279.08
ZBH,Zimmer Biomet,Health Care,Health Care Equipment,101.92,112.61,89.76,98.94,98.3,98.67,101.43,100.26,0.2,0.27,102.2,95.14
ZTS,Zoetis,Health Care,Pharmaceuticals,144.06,192.1,141.11,143.03,143.13,143.7,148.57,156.99,0.0,2.19,147.21,140.2
