Symbol,Company,GICS_Sector,GICS_Sub_Industry,Current_Price,High_52_Week,Low_52_Week,SMA5,SMA10,SMA20,SMA50,SMA200,Score,Target_Pcnt,Target_Price,Stop_Loss
MMM,3M,Industrials,Industrial Conglomerates,165.01,173.09,123.2,167.76,169.52,168.55,163.08,151.22,-0.2,5.35,173.84,163.27
AOS,A. O. Smith,Industrials,Building Products,66.25,73.9,58.72,67.19,66.57,65.57,67.38,67.43,-0.2,3.18,68.36,62.78
ABT,Abbott Laboratories,Health Care,Health Care Equipment,121.29,138.33,109.61,123.83,125.9,127.0,128.04,129.9,-0.2,8.84,132.01,122.0
ABBV,AbbVie,Health Care,Biotechnology,224.26,242.63,165.03,226.48,226.9,229.41,227.81,202.58,0.2,5.65,236.93,221.87
ACN,Accenture,Information Technology,IT Consulting & Other Services,269.62,394.31,232.56,268.98,261.04,252.55,248.75,278.87,0.1,1.73,274.28,230.82
ADBE,Adobe Inc.,Information Technology,Application Software,344.88,552.96,312.4,337.15,328.86,327.33,336.62,368.59,0.0,0.17,345.47,309.19
AMD,Advanced Micro Devices,Information Technology,Semiconductors,221.15,264.33,78.21,218.76,216.67,223.86,226.95,154.22,-0.2,14.53,253.28,194.43
AES,AES Corporation,Utilities,Independent Power Producers & Energy Traders,13.94,15.18,9.38,13.87,13.91,13.87,14.05,12.18,0.0,1.87,14.2,13.55
AFL,Aflac,Financials,Life & Health Insurance,108.19,114.41,97.05,108.76,109.47,110.71,109.81,105.67,0.2,5.78,114.44,106.99
A,Agilent Technologies,Health Care,Life Sciences Tools & Services,141.26,157.2,98.88,145.35,149.07,148.4,144.91,123.67,-0.2,10.99,156.78,140.02
APD,Air Products,Materials,Industrial Gases,231.71,331.69,231.71,250.08,254.7,255.83,256.55,275.46,0.0,17.41,272.05,239.62
ABNB,Airbnb,Consumer Discretionary,"Hotels, Resorts & Cruise Lines",125.14,161.42,105.69,122.48,120.2,118.86,121.68,126.83,0.0,0.71,126.03,111.68
AKAM,Akamai Technologies,Information Technology,Internet Services & Infrastructure,86.04,102.1,68.21,85.88,87.36,87.84,80.46,78.66,-0.2,6.19,91.37,84.31
ALB,Albemarle Corporation,Materials,Specialty Chemicals,130.53,130.53,50.16,125.71,126.72,121.25,104.87,77.84,0.0,3.72,135.39,107.12
ARE,Alexandria Real Estate Equities,Real Estate,Office REITs,45.32,100.39,44.97,46.16,49.76,50.64,62.62,74.52,0.2,25.13,56.71,44.57
ALGN,Align Technology,Health Care,Health Care Supplies,160.13,239.52,124.88,157.37,152.64,145.34,137.89,160.04,-0.1,1.7,162.85,127.81
ALLE,Allegion,Industrials,Building Products,157.36,179.47,118.08,160.04,162.73,162.77,168.62,152.29,-0.2,7.33,168.89,156.65
LNT,Alliant Energy,Utilities,Electric Utilities,64.76,69.47,54.87,65.43,66.84,67.34,67.31,63.3,0.2,8.05,69.97,64.72
ALL,Allstate,Financials,Property & Casualty Insurance,200.96,213.64,177.51,203.82,207.45,208.71,203.18,199.74,-0.4,7.5,216.03,201.38
GOOGL,Alphabet Inc. (Class A),Communication Services,Interactive Media & Services,317.25,323.23,144.3,317.77,318.21,304.15,277.32,206.41,0.0,6.17,336.82,271.48
GOOG,Alphabet Inc. (Class C),Communication Services,Interactive Media & Services,317.89,323.43,146.18,318.56,318.7,304.6,277.92,207.52,0.0,6.06,337.15,272.03
MO,Altria,Consumer Staples,Tobacco,58.26,66.65,48.28,58.22,58.51,58.35,61.07,59.47,0.0,1.6,59.19,57.5
AMZN,Amazon,Consumer Discretionary,Broadline Retail,227.68,254.0,167.32,229.12,230.59,230.69,228.64,214.93,0.0,7.8,245.44,215.94
AMCR,Amcor,Materials,Paper & Plastic Packaging Products & Materials,8.12,10.15,7.82,8.29,8.4,8.43,8.23,8.94,-0.5,6.65,8.66,8.2
AEE,Ameren,Utilities,Multi-Utilities,98.31,106.35,85.0,99.96,102.16,103.42,103.64,99.07,-0.2,9.96,108.1,98.74
AEP,American Electric Power,Utilities,Electric Utilities,116.07,123.77,87.28,117.09,119.33,120.71,118.38,108.12,0.0,8.14,125.52,115.9
AXP,American Express,Financials,Consumer Finance,363.72,372.77,230.22,367.13,364.85,359.63,350.96,308.49,0.0,4.31,379.4,339.86
AIG,American International Group,Financials,Multi-line Insurance,76.64,86.75,68.89,76.87,76.51,76.57,78.36,80.36,0.0,2.18,78.31,74.83
AMT,American Tower,Real Estate,Telecom Tower REITs,180.04,230.32,169.21,179.42,179.15,180.25,183.71,202.56,0.0,2.76,185.01,175.5
AWK,American Water Works,Utilities,Water Utilities,128.24,149.23,118.11,129.22,129.82,130.07,133.82,138.69,0.2,3.76,133.06,127.08
AMP,Ameriprise Financial,Financials,Asset Management & Custody Banks,479.51,567.86,418.0,475.5,465.12,458.64,468.08,491.69,-0.2,0.72,482.96,434.31
AME,Ametek,Industrials,Electrical Components & Equipment,196.4,201.8,150.67,198.66,197.6,195.39,191.16,181.0,0.2,2.6,201.51,189.29
AMGN,Amgen,Health Care,Biotechnology,316.97,345.46,250.44,330.73,336.07,336.25,312.17,292.71,-0.4,10.54,350.38,322.1
APH,Amphenol,Information Technology,Electronic Components,138.89,143.85,58.9,139.28,139.46,137.51,133.42,101.18,0.0,4.23,144.77,130.27
ADI,Analog Devices,Information Technology,Semiconductors,276.23,280.3,162.63,277.84,269.93,251.38,242.64,226.38,0.0,5.48,291.37,211.39
AON,Aon plc,Financials,Insurance Brokers,345.88,407.61,326.07,345.33,348.1,348.1,348.19,362.52,0.0,2.4,354.18,342.02
APA,APA Corporation,Energy,Oil & Gas Exploration & Production,26.14,27.1,13.47,26.47,25.58,24.94,23.9,20.15,0.2,3.21,26.98,22.89
APO,Apollo Global Management,Financials,Asset Management & Custody Banks,144.96,176.13,107.48,138.34,134.79,131.72,128.1,134.43,-0.1,-2.5,141.34,122.11
AAPL,Apple Inc.,Information Technology,"Technology Hardware, Storage & Peripherals",277.82,286.19,171.83,279.87,280.2,275.66,266.36,228.06,0.0,3.21,286.74,264.59
AMAT,Applied Materials,Information Technology,Semiconductor Materials & Equipment,267.14,269.44,125.98,268.27,260.61,243.79,232.54,182.8,0.2,4.96,280.39,207.19
APP,AppLovin,Information Technology,Application Software,723.72,723.72,219.37,690.28,646.99,597.99,611.15,434.85,-0.2,0.15,724.81,471.2
APTV,Aptiv,Consumer Discretionary,Automotive Parts & Equipment,76.71,87.98,47.92,76.94,76.99,76.92,81.26,71.19,-0.2,7.6,82.54,71.3
ACGL,Arch Capital Group,Financials,Property & Casualty Insurance,91.82,97.83,84.72,91.92,92.74,92.31,90.24,90.98,-0.1,2.57,94.18,90.43
ADM,Archer Daniels Midland,Consumer Staples,Agricultural Products & Services,58.09,63.67,40.67,58.84,59.6,58.95,59.79,53.65,0.0,5.35,61.2,56.7
ANET,Arista Networks,Information Technology,Communications Equipment,129.88,162.03,64.37,128.79,128.26,127.45,140.24,112.92,0.0,4.81,136.13,118.76
AJG,Arthur J. Gallagher & Co.,Financials,Insurance Brokers,240.29,346.41,237.85,241.46,244.07,248.68,267.76,304.32,0.0,8.58,260.91,236.46
AIZ,Assurant,Financials,Multi-line Insurance,222.84,227.71,177.67,222.81,224.31,224.81,218.52,204.08,0.2,2.57,228.57,221.07
T,AT&T,Communication Services,Integrated Telecommunication Services,24.5,29.3,20.9,25.07,25.43,25.5,25.59,26.86,-0.2,6.98,26.21,24.78
ATO,Atmos Energy,Utilities,Gas Utilities,165.94,178.17,133.41,169.28,171.36,173.17,173.48,159.64,-0.4,8.03,179.26,167.08
ADSK,Autodesk,Information Technology,Application Software,300.11,326.79,238.84,304.27,303.58,298.95,304.15,293.09,0.2,3.99,312.08,285.81
ADP,Automatic Data Processing,Industrials,Human Resource & Employment Services,258.27,323.5,249.06,259.64,257.72,254.9,268.37,293.24,0.2,1.46,262.04,247.75
AZO,AutoZone,Consumer Discretionary,Automotive Retail,3488.93,4354.54,3185.71,3748.39,3838.61,3834.9,3892.45,3827.19,-0.2,15.6,4033.2,3636.56
AVB,AvalonBay Communities,Real Estate,Multi-Family Residential REITs,176.11,222.25,173.92,178.54,179.89,179.02,182.02,194.91,-0.2,3.79,182.78,175.26
AVY,Avery Dennison,Materials,Paper & Plastic Packaging Products & Materials,173.18,199.77,156.63,175.67,173.35,171.69,169.17,171.83,-0.1,3.08,178.51,164.87
AXON,Axon Enterprise,Industrials,Aerospace & Defense,548.4,870.97,496.65,549.33,541.98,542.37,636.36,676.91,-0.2,4.13,571.05,513.69
BKR,Baker Hughes,Energy,Oil & Gas Equipment & Services,47.59,50.61,34.43,49.06,49.41,48.88,47.82,42.63,0.0,6.96,50.9,46.85
BALL,Ball Corporation,Materials,"Metal, Glass & Plastic Containers",46.96,59.23,44.42,48.27,48.67,48.16,48.3,51.44,0.0,6.62,50.07,46.25
BAC,Bank of America,Financials,Diversified Banks,53.49,53.95,33.82,53.81,53.32,52.67,51.88,46.22,0.0,2.26,54.7,50.63
BAX,Baxter International,Health Care,Health Care Equipment,18.21,36.1,17.41,18.46,18.65,18.4,20.33,26.61,0.0,5.77,19.26,17.54
BDX,Becton Dickinson,Health Care,Health Care Equipment,189.21,243.81,162.39,191.37,191.73,191.1,187.33,188.67,-0.1,2.77,194.45,187.75
BRK-B,Berkshire Hathaway,Financials,Multi-Sector Holdings,491.47,539.8,442.66,499.97,504.87,504.6,496.87,498.23,-0.3,4.87,515.4,493.81
BBY,Best Buy,Consumer Discretionary,Computer & Electronics Retail,73.42,87.59,54.69,73.72,76.06,75.86,77.86,71.66,0.0,9.34,80.28,71.44
TECH,Bio-Techne,Health Care,Life Sciences Tools & Services,59.16,78.3,46.53,61.7,63.02,61.44,61.2,55.27,0.0,12.05,66.29,56.6
BIIB,Biogen,Health Care,Biotechnology,178.3,182.09,113.38,180.55,180.67,174.09,159.56,138.84,0.0,6.16,189.28,158.9
BLK,BlackRock,Financials,Asset Management & Custody Banks,1072.21,1196.76,803.7,1070.28,1052.19,1043.16,1093.49,1028.37,0.0,2.55,1099.55,986.78
BX,Blackstone Inc.,Financials,Asset Management & Custody Banks,157.59,187.02,117.47,152.8,149.19,144.91,151.11,151.12,0.2,-1.08,155.89,133.94
XYZ,"Block, Inc.",Financials,Transaction & Payment Processing Services,61.46,98.25,46.53,61.38,62.69,62.28,70.28,66.64,0.0,8.84,66.89,57.68
BK,BNY Mellon,Financials,Asset Management & Custody Banks,116.07,116.07,72.12,114.31,112.81,110.81,108.61,95.45,0.0,0.36,116.49,105.13
BA,Boeing,Industrials,Aerospace & Defense,200.22,237.38,136.59,202.56,196.3,192.41,204.24,201.68,0.2,4.65,209.53,175.28
BKNG,Booking Holdings,Consumer Discretionary,"Hotels, Resorts & Cruise Lines",5207.77,5794.84,4141.9,5127.47,5034.98,4955.53,5068.65,5182.24,-0.2,1.92,5307.76,4603.13
BSX,Boston Scientific,Health Care,Health Care Equipment,92.92,108.14,88.03,96.11,98.45,99.42,99.05,101.32,-0.1,13.71,105.66,93.17
BMY,Bristol Myers Squibb,Health Care,Pharmaceuticals,50.9,60.79,42.6,51.53,50.26,48.76,46.35,48.13,0.1,3.46,52.66,44.87
AVGO,Broadcom,Information Technology,Semiconductors,404.66,404.66,145.7,391.53,391.08,370.15,358.4,276.58,0.0,2.97,416.68,323.61
BR,Broadridge Financial Solutions,Industrials,Data Processing & Outsourced Services,225.31,265.85,215.58,229.24,228.43,227.01,228.4,237.71,0.0,2.76,231.53,222.49
BRO,Brown & Brown,Financials,Insurance Brokers,78.54,123.81,76.42,78.77,79.62,79.79,84.45,101.27,0.0,3.81,81.53,78.06
BF-B,Brown–Forman,Consumer Staples,Distillers & Vintners,29.93,43.88,25.25,29.96,29.47,28.56,27.85,29.93,0.1,2.47,30.67,26.46
BLDR,Builders FirstSource,Industrials,Building Products,104.7,176.89,94.85,109.52,110.59,105.86,114.81,122.73,0.2,12.2,117.47,94.25
BG,Bunge Global,Consumer Staples,Agricultural Products & Services,91.26,97.09,66.74,93.3,94.8,94.75,91.93,80.87,-0.2,7.24,97.87,91.63
BXP,"BXP, Inc.",Real Estate,Office REITs,69.09,78.83,55.53,69.72,70.98,70.62,71.57,68.26,0.0,6.15,73.34,67.89
CHRW,C.H. Robinson,Industrials,Air Freight & Logistics,153.55,159.68,85.64,156.1,157.3,154.28,142.64,113.17,0.2,5.07,161.33,147.22
CDNS,Cadence Design Systems,Information Technology,Application Software,335.5,373.37,231.64,336.75,323.31,316.33,328.82,312.04,0.0,1.95,342.04,290.63
CPT,Camden Property Trust,Real Estate,Multi-Family Residential REITs,101.99,122.09,97.58,103.72,104.92,104.0,103.07,109.91,-0.1,5.15,107.24,100.76
CPB,Campbell's Company (The),Consumer Staples,Packaged Foods & Meats,28.91,41.67,28.91,29.55,29.94,30.51,30.62,33.12,-0.2,10.52,31.95,29.08
COF,Capital One,Financials,Consumer Finance,231.18,231.18,149.12,229.88,224.48,216.73,215.72,202.08,0.2,2.63,237.26,196.21
CAH,Cardinal Health,Health Care,Health Care Distributors,199.01,213.73,114.18,199.13,204.79,205.88,183.2,156.08,0.2,8.18,215.29,196.48
CCL,Carnival,Consumer Discretionary,"Hotels, Resorts & Cruise Lines",25.58,32.49,16.43,25.87,25.8,25.9,27.39,25.65,0.0,5.24,26.92,24.88
CARR,Carrier Global,Industrials,Building Products,52.86,80.42,50.36,53.86,54.06,53.68,56.28,64.43,0.0,7.49,56.82,50.55
CAT,Caterpillar Inc.,Industrials,Construction Machinery & Heavy Transportation Equipment,592.99,603.17,270.85,596.66,584.99,570.33,544.89,414.39,0.2,2.31,606.69,534.0
CBOE,Cboe Global Markets,Financials,Financial Exchanges & Data,253.61,260.88,189.73,253.68,255.17,256.19,247.76,233.23,0.0,3.02,261.27,251.11
CBRE,CBRE Group,Real Estate,Real Estate Services,156.38,165.9,113.94,159.28,160.13,156.81,155.93,143.45,0.0,5.62,165.17,148.45
CDW,CDW Corporation,Information Technology,Technology Distributors,147.33,203.07,136.03,145.55,144.68,143.04,148.76,163.51,-0.2,1.13,148.99,137.1
COR,Cencora,Health Care,Health Care Distributors,338.04,374.75,222.96,337.69,351.15,357.64,339.7,298.64,0.0,13.18,382.59,332.69
CNC,Centene Corporation,Health Care,Managed Health Care,38.15,65.89,25.21,38.41,38.72,37.53,36.64,44.22,-0.3,5.77,40.35,34.72
CNP,CenterPoint Energy,Utilities,Multi-Utilities,38.03,40.0,30.14,38.3,38.83,39.2,39.1,37.18,0.2,6.39,40.46,37.94
CF,CF Industries,Materials,Fertilizers & Agricultural Chemicals,76.55,101.28,67.27,78.24,78.48,79.78,83.27,84.17,-0.2,10.57,84.64,74.92
CRL,Charles River Laboratories,Health Care,Life Sciences Tools & Services,186.9,201.75,99.75,185.41,181.3,174.11,175.73,156.14,-0.2,2.1,190.82,157.39
SCHW,Charles Schwab Corporation,Financials,Investment Banking & Brokerage,94.66,98.41,68.45,94.36,93.18,93.15,93.55,88.51,-0.2,2.41,96.94,89.35
CHTR,Charter Communications,Communication Services,Cable & Satellite,204.65,427.25,194.22,201.48,200.41,201.96,232.3,318.14,-0.2,3.37,211.55,192.38
CVX,Chevron Corporation,Energy,Integrated Oil & Gas,148.53,162.83,129.22,150.22,150.3,151.37,151.86,147.62,0.0,4.65,155.44,147.31
CMG,Chipotle Mexican Grill,Consumer Discretionary,Restaurants,33.83,66.16,29.81,33.89,33.98,32.47,36.06,45.34,0.2,5.29,35.62,29.31
CB,Chubb Limited,Financials,Property & Casualty Insurance,301.42,301.45,256.04,296.67,296.36,295.96,286.71,283.38,0.0,-0.55,299.76,292.15
CHD,Church & Dwight,Consumer Staples,Household Products,82.73,112.09,81.52,83.34,83.87,83.81,85.46,94.63,0.0,3.65,85.75,81.88
CI,Cigna,Health Care,Health Care Services,264.08,334.83,243.04,266.06,270.41,270.16,280.96,300.09,0.0,5.23,277.89,262.42
CINF,Cincinnati Financial,Financials,Property & Casualty Insurance,161.56,168.48,125.14,162.2,164.52,164.5,160.78,149.37,0.0,4.77,169.27,159.75
CTAS,Cintas,Industrials,Diversified Support Services,183.69,226.65,180.61,184.43,184.61,184.64,188.17,205.31,0.2,2.0,187.36,181.91
CSCO,Cisco,Information Technology,Communications Equipment,78.86,78.86,52.55,77.84,77.08,76.45,72.7,65.9,0.2,1.71,80.21,72.69
C,Citigroup,Financials,Diversified Banks,108.72,108.92,56.95,108.21,105.42,102.56,100.07,85.56,0.2,1.09,109.91,95.2
CFG,Citizens Financial Group,Financials,Regional Banks,55.81,55.88,33.29,55.72,55.01,53.27,51.97,45.52,0.2,2.4,57.15,49.4
CLX,Clorox,Consumer Staples,Household Products,101.48,161.59,98.43,103.52,105.24,103.98,110.97,124.7,0.0,7.68,109.27,98.69
CME,CME Group,Financials,Financial Exchanges & Data,270.39,288.01,222.62,271.84,275.5,276.84,271.32,268.87,0.0,5.49,285.23,268.45
CMS,CMS Energy,Utilities,Multi-Utilities,70.3,75.44,63.06,71.16,72.71,73.42,73.23,71.31,-0.2,8.76,76.46,70.37
KO,Coca-Cola Company (The),Consumer Staples,Soft Drinks & Non-alcoholic Beverages,70.25,72.61,59.07,70.44,71.33,71.07,69.0,68.87,-0.2,3.54,72.74,69.4
CTSH,Cognizant,Information Technology,IT Consulting & Other Services,81.13,89.26,65.18,80.4,78.83,75.94,71.6,74.0,-0.1,1.71,82.52,69.35
COIN,Coinbase,Financials,Financial Exchanges & Data,277.47,419.78,151.47,274.47,268.74,269.01,314.14,282.43,-0.2,9.0,302.44,235.58
CL,Colgate-Palmolive,Consumer Staples,Household Products,76.78,95.74,74.98,77.35,78.58,78.81,78.12,85.4,0.1,5.63,81.1,76.52
CMCSA,Comcast,Communication Services,Cable & Satellite,26.69,41.58,26.46,27.06,26.88,27.08,28.38,32.45,0.0,4.76,27.96,26.19
CAG,Conagra Brands,Consumer Staples,Packaged Foods & Meats,17.14,26.38,16.7,17.08,17.37,17.39,17.69,20.35,-0.2,4.55,17.92,16.86
COP,ConocoPhillips,Energy,Oil & Gas Exploration & Production,93.49,103.38,80.54,93.0,90.69,89.65,89.04,90.84,0.1,0.61,94.06,85.24
ED,Consolidated Edison,Utilities,Multi-Utilities,95.95,110.5,85.06,96.13,97.48,98.96,98.85,100.87,0.1,7.51,103.16,94.77
STZ,Constellation Brands,Consumer Staples,Distillers & Vintners,143.56,238.26,127.65,140.81,138.32,134.56,135.43,160.46,-0.2,0.05,143.63,125.49
CEG,Constellation Energy,Utilities,Electric Utilities,359.29,403.49,170.33,361.33,360.44,352.81,363.77,301.96,-0.2,3.71,372.62,333.01
COO,Cooper Companies (The),Health Care,Health Care Supplies,78.62,99.45,64.32,78.22,77.84,75.24,72.51,74.77,0.1,3.4,81.29,69.2
CPRT,Copart,Industrials,Diversified Support Services,38.38,63.84,38.38,38.63,38.81,39.9,42.24,49.56,0.2,10.34,42.35,37.45
GLW,Corning Inc.,Information Technology,Electronic Components,90.84,90.84,38.56,86.82,85.14,83.74,84.98,61.82,0.0,-0.8,90.11,77.38
CPAY,Corpay,Financials,Transaction & Payment Processing Services,302.01,389.55,255.0,302.73,298.6,290.11,284.33,316.47,0.1,2.85,310.62,269.6
CTVA,Corteva,Materials,Fertilizers & Agricultural Chemicals,65.75,76.73,55.1,65.69,66.02,65.58,63.97,66.87,-0.3,2.34,67.29,63.86
CSGP,CoStar Group,Real Estate,Real Estate Services,68.32,96.83,65.52,67.97,68.19,67.8,72.45,79.88,-0.2,2.18,69.81,65.8
COST,Costco,Consumer Staples,Consumer Staples Merchandise Retail,887.11,1072.45,886.12,897.49,903.76,904.51,918.08,957.63,0.0,4.91,930.67,878.34
CTRA,Coterra,Energy,Oil & Gas Exploration & Production,26.84,28.82,22.01,27.06,26.77,26.38,24.79,24.74,0.0,2.42,27.49,25.27
CRWD,CrowdStrike,Information Technology,Systems Software,519.13,557.53,308.86,516.73,512.74,518.01,515.89,451.83,0.0,5.75,548.98,487.04
CCI,Crown Castle,Real Estate,Telecom Tower REITs,90.17,112.64,81.15,89.44,89.52,90.36,93.08,97.66,-0.2,3.68,93.49,87.23
CSX,CSX Corporation,Industrials,Rail Transportation,36.31,36.53,26.38,36.22,35.62,34.97,35.38,32.52,-0.2,1.1,36.71,33.23
CMI,Cummins,Industrials,Construction Machinery & Heavy Transportation Equipment,501.33,510.74,263.13,507.65,502.59,485.64,451.2,368.6,0.2,4.25,522.64,448.64
CVS,CVS Health,Health Care,Health Care Services,78.99,82.45,41.98,76.58,77.83,78.02,78.51,68.88,-0.2,2.62,81.06,74.98
DHR,Danaher Corporation,Health Care,Life Sciences Tools & Services,224.29,249.37,174.06,226.12,226.74,224.49,216.87,202.72,0.2,3.28,231.65,217.34
DRI,Darden Restaurants,Consumer Discretionary,Restaurants,177.73,222.41,155.17,177.78,177.64,175.15,180.87,196.81,0.0,2.21,181.66,168.64
DDOG,Datadog,Information Technology,Application Software,151.48,199.72,87.0,153.2,155.78,166.31,162.79,131.78,0.0,28.72,194.99,137.62
DVA,DaVita,Health Care,Health Care Services,116.6,177.35,115.2,117.31,118.61,119.04,123.33,136.4,0.2,6.23,123.86,114.21
DAY,Dayforce,Industrials,Human Resource & Employment Services,69.0,79.23,49.33,69.06,69.07,68.99,68.72,61.7,0.2,0.28,69.19,68.8
DECK,Deckers Brands,Consumer Discretionary,Footwear,100.95,223.11,79.54,98.62,93.76,88.39,91.35,107.16,0.0,0.79,101.75,75.03
DE,Deere & Company,Industrials,Agricultural & Farm Machinery,462.81,527.96,404.45,473.82,473.89,476.13,467.7,481.69,0.1,6.51,492.94,459.33
DELL,Dell Technologies,Information Technology,"Technology Hardware, Storage & Peripherals",137.62,164.88,70.63,137.91,135.01,131.45,144.09,120.08,0.0,6.01,145.89,117.01
DAL,Delta Air Lines,Industrials,Passenger Airlines,67.6,68.24,35.54,67.33,65.65,61.9,59.94,53.29,0.2,3.82,70.18,53.62
DVN,Devon Energy,Energy,Oil & Gas Exploration & Production,37.4,37.86,26.43,37.57,37.22,36.32,34.44,33.37,0.2,2.62,38.38,34.27
DXCM,Dexcom,Health Care,Health Care Equipment,66.16,90.75,54.84,65.47,64.3,61.89,64.03,74.81,-0.2,1.83,67.37,56.41
FANG,Diamondback Energy,Energy,Oil & Gas Exploration & Production,158.67,175.21,116.78,158.54,155.37,151.23,145.75,141.62,0.2,1.84,161.59,140.87
DLR,Digital Realty,Real Estate,Data Center REITs,162.7,187.2,134.22,162.38,160.12,160.02,167.53,164.01,0.2,2.19,166.26,153.78
DG,Dollar General,Consumer Staples,Consumer Staples Merchandise Retail,125.82,132.37,67.25,123.53,115.96,109.31,104.37,100.65,0.0,1.87,128.17,90.45
DLTR,Dollar Tree,Consumer Staples,Consumer Staples Merchandise Retail,120.25,122.44,61.92,118.36,113.69,108.14,101.28,94.46,0.0,1.51,122.07,94.2
D,Dominion Energy,Utilities,Multi-Utilities,58.35,62.07,47.97,58.76,59.84,60.13,60.0,56.47,0.2,6.51,62.15,58.11
DPZ,Domino's,Consumer Discretionary,Restaurants,418.49,493.69,397.21,422.45,421.36,413.02,413.74,447.78,-0.2,3.23,432.01,394.04
DASH,DoorDash,Consumer Discretionary,Specialized Consumer Services,231.75,281.74,163.16,225.17,213.83,206.4,237.06,224.05,0.2,0.51,232.93,179.86
DOV,Dover Corporation,Industrials,Industrial Machinery & Supplies & Components,191.14,204.14,149.86,190.88,188.32,184.75,176.62,176.91,-0.1,1.14,193.32,176.19
DOW,Dow Inc.,Materials,Commodity Chemicals,23.2,39.76,20.27,23.13,23.36,22.57,22.57,26.27,-0.2,5.56,24.49,20.65
DHI,D. R. Horton,Consumer Discretionary,Homebuilding,148.91,183.47,114.08,157.14,157.18,149.68,153.0,141.44,0.2,11.96,166.72,132.65
DTE,DTE Energy,Utilities,Multi-Utilities,130.56,143.32,114.72,131.43,133.18,135.2,137.91,134.82,-0.2,8.0,141.0,129.39
DUK,Duke Energy,Utilities,Electric Utilities,115.14,127.92,102.07,116.69,119.32,121.13,123.13,118.66,-0.2,10.18,126.86,115.39
DD,DuPont,Materials,Specialty Chemicals,40.72,40.72,22.69,40.26,39.83,39.36,36.24,31.32,0.0,1.79,41.45,37.27
ETN,Eaton Corporation,Industrials,Electrical Components & Equipment,341.77,391.62,244.95,339.47,339.44,342.76,363.14,335.94,-0.2,6.6,364.33,321.21
EBAY,eBay Inc.,Consumer Discretionary,Broadline Retail,83.9,100.1,58.89,82.87,82.75,82.75,87.02,79.43,0.0,3.09,86.49,79.0
ECL,Ecolab,Materials,Specialty Chemicals,253.12,284.78,224.56,259.74,266.61,264.0,267.43,262.81,-0.2,9.53,277.24,250.76
EIX,Edison International,Utilities,Electric Utilities,56.68,79.3,46.84,57.13,57.74,58.07,56.64,54.06,0.0,5.38,59.73,56.41
EW,Edwards Lifesciences,Health Care,Health Care Equipment,83.51,86.82,67.07,84.76,85.4,85.29,81.01,76.83,0.2,4.5,87.27,83.31
EA,Electronic Arts,Communication Services,Interactive Home Entertainment,203.9,203.92,115.97,203.6,202.85,202.0,201.0,165.11,-0.2,0.15,204.21,199.8
ELV,Elevance Health,Health Care,Managed Health Care,329.56,445.96,271.77,330.35,331.68,326.72,332.74,354.29,-0.2,3.28,340.37,313.07
EME,Emcor,Industrials,Construction & Engineering,625.28,777.0,341.52,625.1,617.1,614.67,655.56,540.01,-0.2,3.32,646.04,583.27
EMR,Emerson Electric,Industrials,Electrical Components & Equipment,135.88,148.4,92.96,136.15,134.02,130.95,131.53,124.88,-0.2,1.86,138.41,123.49
ETR,Entergy,Utilities,Electric Utilities,93.48,97.52,71.18,93.86,94.62,94.72,95.07,86.69,0.0,3.88,97.11,92.33
EOG,EOG Resources,Energy,Oil & Gas Exploration & Production,109.7,133.44,101.83,111.23,109.44,108.9,107.95,114.19,0.1,2.83,112.8,104.99
EPAM,EPAM Systems,Information Technology,IT Consulting & Other Services,209.08,267.63,142.2,203.56,195.87,187.94,168.56,169.29,0.1,-0.63,207.76,168.1
EQT,EQT Corporation,Energy,Oil & Gas Exploration & Production,58.47,61.17,42.04,59.81,59.48,59.2,56.57,53.58,0.0,6.14,62.06,56.34
EFX,Equifax,Industrials,Research & Consulting Services,208.93,278.79,203.71,210.35,210.93,209.29,219.17,242.25,0.0,3.02,215.24,203.33
EQIX,Equinix,Real Estate,Data Center REITs,742.27,962.92,726.09,736.52,739.51,758.1,788.53,805.69,-0.2,8.68,806.7,709.54
EQR,Equity Residential,Real Estate,Multi-Family Residential REITs,60.6,72.76,58.7,61.46,61.37,60.44,61.3,65.29,0.0,3.25,62.57,58.32
ERIE,Erie Indemnity,Financials,Insurance Brokers,276.62,445.35,276.62,289.98,292.49,290.4,302.78,350.45,-0.4,9.49,302.87,277.95
ESS,Essex Property Trust,Real Estate,Multi-Family Residential REITs,253.02,305.43,247.18,255.59,258.58,257.42,258.67,271.24,0.0,4.65,264.79,250.06
EL,Estée Lauder Companies (The),Consumer Staples,Personal Care Products,102.99,105.13,49.43,103.35,99.01,93.88,93.84,79.58,0.2,3.54,106.64,81.13
EG,Everest Group,Financials,Reinsurance,311.29,368.76,304.91,311.48,312.21,315.24,330.08,339.57,0.0,5.28,327.73,302.75
EVRG,Evergy,Utilities,Electric Utilities,73.27,78.01,57.62,73.6,74.94,75.45,76.14,69.62,-0.2,6.54,78.06,72.83
ES,Eversource Energy,Utilities,Electric Utilities,67.57,74.88,52.98,66.81,66.67,68.41,71.07,64.41,-0.2,11.93,75.63,61.19
EXC,Exelon,Utilities,Electric Utilities,43.58,47.82,34.95,43.83,44.93,45.4,45.98,44.0,0.0,8.95,47.48,43.32
EXE,Expand Energy,Energy,Oil & Gas Exploration & Production,118.13,122.89,91.44,121.01,120.1,118.53,110.57,105.29,0.2,4.49,123.43,113.64
EXPE,Expedia Group,Consumer Discretionary,"Hotels, Resorts & Cruise Lines",261.67,273.19,135.82,262.06,260.44,256.42,235.04,193.86,0.0,5.79,276.82,236.0
EXPD,Expeditors International,Industrials,Air Freight & Logistics,148.04,151.47,101.6,149.23,147.86,143.77,130.67,118.9,0.0,3.2,152.78,134.76
EXR,Extra Space Storage,Real Estate,Self-Storage REITs,126.53,157.5,123.86,129.59,131.12,131.18,137.99,141.78,-0.4,6.6,134.88,127.48
XOM,ExxonMobil,Energy,Integrated Oil & Gas,118.21,119.29,97.25,117.13,116.29,116.99,114.48,109.23,0.0,1.15,119.57,114.42
FFIV,"F5, Inc.",Information Technology,Communications Equipment,257.71,343.17,223.99,247.6,243.25,238.0,272.83,286.65,0.4,-1.57,253.66,222.33
FDS,FactSet,Financials,Financial Exchanges & Data,287.15,485.96,252.61,284.55,280.94,276.42,277.05,378.86,-0.2,0.48,288.53,264.32
FICO,Fair Isaac,Information Technology,Application Software,1754.71,2371.83,1311.26,1769.58,1780.84,1767.05,1704.39,1711.46,-0.1,3.72,1819.99,1714.19
FAST,Fastenal,Industrials,Trading Companies & Distributors,40.41,50.13,34.82,41.14,40.71,40.42,42.27,42.46,-0.2,3.37,41.77,39.07
FRT,Federal Realty Investment Trust,Real Estate,Retail REITs,97.21,109.5,81.67,96.99,97.65,97.41,97.78,95.2,-0.2,2.13,99.28,95.54
FDX,FedEx,Industrials,Air Freight & Logistics,275.66,278.55,195.55,274.22,274.02,270.07,254.32,233.35,0.0,1.26,279.13,261.0
FIS,Fidelity National Information Services,Financials,Transaction & Payment Processing Services,65.33,83.89,61.5,65.82,65.89,65.13,65.69,72.06,-0.2,3.66,67.72,62.54
FITB,Fifth Third Bancorp,Financials,Regional Banks,45.19,45.87,32.73,45.24,44.38,43.25,42.87,40.7,0.2,1.86,46.03,40.47
FSLR,First Solar,Information Technology,Semiconductors,253.61,277.39,120.38,256.09,261.2,258.33,247.7,184.67,0.0,7.35,272.25,244.4
FE,FirstEnergy,Utilities,Electric Utilities,44.85,47.72,36.81,44.98,45.9,46.17,46.08,42.04,0.0,6.78,47.89,44.46
FISV,Fiserv,Financials,Transaction & Payment Processing Services,66.1,237.79,59.77,66.22,64.01,63.13,90.69,152.29,-0.2,2.15,67.52,58.74
F,Ford Motor Company,Consumer Discretionary,Automobile Manufacturers,13.11,13.68,8.35,13.1,13.13,13.07,12.64,10.96,-0.2,3.05,13.51,12.64
FTNT,Fortinet,Information Technology,Systems Software,83.82,114.57,74.39,84.44,82.95,81.86,83.54,92.9,-0.4,2.67,86.06,77.66
FTV,Fortive,Industrials,Industrial Machinery & Supplies & Components,54.05,62.25,46.44,53.75,53.45,52.44,50.77,51.49,0.1,1.5,54.86,50.03
FOXA,Fox Corporation (Class A),Communication Services,Broadcasting,70.33,70.33,45.64,68.44,67.01,66.15,63.16,56.99,0.2,-1.38,69.36,62.94
FOX,Fox Corporation (Class B),Communication Services,Broadcasting,61.26,61.26,43.31,60.18,59.23,59.13,56.55,51.99,0.4,-0.21,61.13,57.14
BEN,Franklin Resources,Financials,Asset Management & Custody Banks,23.42,25.67,16.21,23.22,22.84,22.4,22.69,21.95,-0.2,1.37,23.74,21.07
FCX,Freeport-McMoRan,Materials,Copper,44.85,46.89,28.82,44.84,43.64,42.03,41.36,40.4,0.0,2.41,45.93,38.13
GRMN,Garmin,Consumer Discretionary,Consumer Electronics,203.13,259.77,172.21,201.91,198.66,195.76,221.63,215.72,-0.2,1.02,205.2,186.31
IT,Gartner,Information Technology,IT Consulting & Other Services,230.45,548.38,224.13,230.3,231.03,230.04,239.2,338.91,0.0,2.21,235.54,224.53
GE,GE Aerospace,Industrials,Aerospace & Defense,285.74,314.28,158.97,287.44,290.35,295.07,300.14,253.76,0.0,8.63,310.4,279.73
GEHC,GE HealthCare,Health Care,Health Care Equipment,83.36,93.35,58.67,83.6,81.81,77.85,76.19,74.58,0.2,4.13,86.8,68.89
GEV,GE Vernova,Industrials,Heavy Electrical Equipment,625.91,664.27,269.69,622.04,605.07,588.02,591.7,506.88,-0.2,1.63,636.11,539.9
GEN,Gen Digital,Information Technology,Systems Software,27.18,31.88,23.2,27.07,26.72,26.58,26.65,27.78,0.0,0.59,27.34,25.81
GNRC,Generac,Industrials,Electrical Components & Equipment,160.33,202.85,101.92,161.82,156.27,152.5,165.82,151.07,0.2,4.61,167.72,137.28
GD,General Dynamics,Industrials,Aerospace & Defense,335.46,353.77,238.33,337.71,337.95,340.69,341.0,300.78,0.0,4.28,349.82,331.56
GIS,General Mills,Consumer Staples,Packaged Foods & Meats,45.65,63.77,45.65,45.94,46.42,46.87,47.62,51.45,0.0,5.87,48.33,45.41
GM,General Motors,Consumer Discretionary,Automobile Manufacturers,77.13,77.13,42.15,75.71,74.36,72.07,66.76,54.75,0.0,0.58,77.58,66.55
GPC,Genuine Parts Company,Consumer Discretionary,Distributors,125.66,141.64,103.09,128.4,128.49,127.13,129.26,125.41,0.2,3.94,130.61,123.65
GILD,Gilead Sciences,Health Care,Biotechnology,119.8,128.07,87.29,121.97,123.85,124.55,120.96,112.18,-0.2,7.64,128.95,120.15
GPN,Global Payments,Financials,Transaction & Payment Processing Services,77.41,116.55,67.06,78.77,77.35,75.61,80.44,83.2,0.0,4.51,80.9,70.31
GL,Globe Life,Financials,Life & Health Insurance,133.76,146.27,102.79,131.96,132.84,132.49,134.14,129.29,0.0,1.23,135.41,129.58
GDDY,GoDaddy,Information Technology,Internet Services & Infrastructure,126.65,214.35,124.23,128.55,128.03,127.83,130.57,159.07,0.2,4.68,132.58,123.08
GS,Goldman Sachs,Financials,Investment Banking & Brokerage,875.66,875.66,455.22,854.26,832.57,810.43,789.46,675.73,0.2,-0.24,873.56,747.31
HAL,Halliburton,Energy,Oil & Gas Equipment & Services,28.57,29.04,18.84,28.07,27.07,26.77,25.69,22.74,0.2,0.53,28.72,24.82
HIG,Hartford (The),Financials,Property & Casualty Insurance,130.15,136.97,104.54,130.84,133.5,133.29,129.75,125.31,-0.2,6.07,138.05,128.52
HAS,Hasbro,Consumer Discretionary,Leisure Products,79.62,82.69,49.29,81.23,81.73,79.6,76.79,69.97,0.2,5.99,84.39,74.81
HCA,HCA Healthcare,Health Care,Health Care Facilities,490.33,515.85,294.93,487.32,497.88,488.26,460.73,388.9,0.0,5.49,517.25,459.3
DOC,Healthpeak Properties,Real Estate,Health Care REITs,16.55,20.42,16.25,16.96,17.56,17.57,17.97,17.75,-0.2,11.84,18.51,16.62
HSIC,Henry Schein,Health Care,Health Care Distributors,74.77,81.91,62.03,73.49,73.76,73.02,68.42,69.18,-0.1,1.43,75.84,70.21
HSY,Hershey Company (The),Consumer Staples,Packaged Foods & Meats,179.12,194.06,140.14,181.06,183.62,181.9,181.43,173.13,0.0,6.18,190.19,173.6
HPE,Hewlett Packard Enterprise,Information Technology,"Technology Hardware, Storage & Peripherals",24.67,26.25,12.35,23.4,22.56,22.11,23.34,19.97,0.0,-0.65,24.51,19.7
HLT,Hilton Worldwide,Consumer Discretionary,"Hotels, Resorts & Cruise Lines",269.89,285.77,200.93,273.13,278.54,274.31,267.32,255.68,0.0,6.54,287.54,261.09
HOLX,Hologic,Health Care,Health Care Equipment,74.85,76.83,52.73,74.91,74.88,74.6,72.43,65.39,0.0,0.55,75.26,73.95
HD,Home Depot (The),Consumer Discretionary,Home Improvement Retail,346.02,420.88,329.16,351.46,352.07,350.76,369.52,370.41,-0.2,7.96,373.56,327.97
HON,Honeywell,Industrials,Industrial Conglomerates,190.21,224.06,169.57,191.85,191.58,192.9,194.64,200.27,0.2,5.24,200.18,185.63
HRL,Hormel Foods,Consumer Staples,Packaged Foods & Meats,23.67,32.19,21.29,23.86,23.51,22.98,23.12,27.11,0.0,2.41,24.24,21.72
HST,Host Hotels & Resorts,Real Estate,Hotel & Resort REITs,17.43,18.18,12.39,17.32,17.49,17.45,16.92,15.72,-0.2,3.67,18.07,16.83
HWM,Howmet Aerospace,Industrials,Aerospace & Defense,191.54,209.74,107.4,193.34,197.46,199.6,197.94,170.61,0.2,9.13,209.03,190.19
HPQ,HP Inc.,Information Technology,"Technology Hardware, Storage & Peripherals",25.39,35.03,21.42,25.49,24.97,24.41,26.04,26.19,-0.2,4.17,26.45,22.37
HUBB,Hubbell Incorporated,Industrials,Industrial Machinery & Supplies & Components,439.63,471.0,312.92,437.74,433.09,430.03,434.05,400.37,0.0,2.86,452.2,407.86
HUM,Humana,Health Care,Managed Health Care,250.97,310.91,219.64,255.03,248.9,241.17,262.56,257.44,0.2,4.08,261.21,221.15
HBAN,Huntington Bancshares,Financials,Regional Banks,17.0,17.87,12.26,17.0,16.68,16.16,16.05,15.8,0.2,2.12,17.36,14.95
HII,Huntington Ingalls Industries,Industrials,Aerospace & Defense,315.51,322.77,156.09,312.22,311.48,310.79,300.79,250.61,0.0,1.73,320.97,300.6
IBM,IBM,Information Technology,IT Consulting & Other Services,310.83,314.98,211.92,307.71,306.23,303.46,296.67,265.22,0.2,2.31,318.01,288.89
IEX,IDEX Corporation,Industrials,Industrial Machinery & Supplies & Components,173.76,226.28,156.86,176.9,175.56,170.79,168.23,172.42,0.1,4.67,181.87,159.72
IDXX,Idexx Laboratories,Health Care,Health Care Equipment,700.09,766.68,361.04,712.85,730.15,716.13,676.34,561.82,-0.2,9.88,769.26,663.02
ITW,Illinois Tool Works,Industrials,Industrial Machinery & Supplies & Components,247.07,269.49,215.75,248.86,248.68,246.13,248.34,249.24,-0.2,2.09,252.23,240.03
INCY,Incyte,Health Care,Biotechnology,95.43,108.26,55.17,99.32,101.57,103.06,95.97,76.81,-0.4,14.69,109.45,96.67
IR,Ingersoll Rand,Industrials,Industrial Machinery & Supplies & Components,78.84,102.44,66.7,79.55,79.58,77.71,78.51,80.13,-0.2,4.36,82.28,73.14
PODD,Insulet Corporation,Health Care,Health Care Equipment,294.87,352.82,237.06,303.81,312.17,321.98,319.38,300.77,0.0,18.76,350.19,293.76
INTC,Intel,Information Technology,Semiconductors,40.15,43.76,18.13,41.22,40.28,37.9,37.84,26.33,0.2,9.64,44.02,31.79
IBKR,Interactive Brokers,Financials,Investment Banking & Brokerage,65.78,72.99,35.93,65.4,64.63,64.92,67.58,56.94,0.0,6.99,70.38,59.46
ICE,Intercontinental Exchange,Financials,Financial Exchanges & Data,158.63,187.92,141.62,157.89,157.13,154.89,155.25,169.4,-0.2,0.8,159.9,149.88
IFF,International Flavors & Fragrances,Materials,Specialty Chemicals,64.29,87.22,59.55,66.09,67.67,66.82,64.34,70.58,-0.3,9.19,70.2,63.44
IP,International Paper,Materials,Paper & Plastic Packaging Products & Materials,37.67,57.74,35.6,38.72,38.86,38.0,41.48,46.17,0.0,6.61,40.16,35.83
INTU,Intuit,Information Technology,Application Software,656.29,805.92,541.4,659.38,647.55,650.09,658.5,675.41,-0.2,2.57,673.16,626.99
ISRG,Intuitive Surgical,Health Care,Health Care Equipment,560.24,610.45,429.59,568.16,570.25,565.13,520.88,508.42,0.2,4.19,583.71,546.52
IVZ,Invesco,Financials,Asset Management & Custody Banks,25.81,26.24,11.76,25.18,24.76,24.02,23.51,18.55,0.0,0.74,26.0,22.04
INVH,Invitation Homes,Real Estate,Single-Family Residential REITs,26.16,34.81,26.16,27.0,27.49,27.82,28.18,31.0,0.0,11.16,29.08,26.56
IQV,IQVIA,Health Care,Life Sciences Tools & Services,219.39,231.92,137.0,224.19,226.88,223.67,215.05,180.79,-0.2,6.43,233.5,213.84
IRM,Iron Mountain,Real Estate,Other Specialized REITs,85.07,116.44,75.72,84.62,84.69,87.32,97.18,93.95,-0.2,13.91,96.9,77.73
JBHT,J.B. Hunt,Industrials,Cargo Ground Transportation,189.46,189.89,123.62,188.64,182.81,173.44,162.99,147.55,0.0,3.0,195.14,151.73
JBL,Jabil,Information Technology,Electronic Manufacturing Services,229.46,234.36,116.73,221.54,215.17,208.29,209.17,188.81,0.0,-0.7,227.85,188.73
JKHY,Jack Henry & Associates,Financials,Transaction & Payment Processing Services,180.34,189.35,145.77,179.9,176.61,171.26,160.03,168.57,-0.1,1.8,183.59,158.93
J,Jacobs Solutions,Industrials,Construction & Engineering,138.1,164.04,108.92,139.57,136.86,140.96,150.0,135.73,-0.2,14.53,158.17,123.75
JNJ,Johnson & Johnson,Health Care,Pharmaceuticals,200.59,207.56,137.84,202.39,204.39,201.29,193.34,168.5,0.2,4.92,210.46,192.13
JCI,Johnson Controls,Industrials,Building Products,115.93,122.66,70.88,114.71,115.1,116.03,113.46,100.59,-0.2,4.68,121.36,110.69
JPM,JPMorgan Chase,Financials,Diversified Banks,302.11,320.41,208.26,312.12,310.11,307.38,306.47,278.16,0.2,6.29,321.11,293.65
K,Kellanova,Consumer Staples,Packaged Foods & Meats,83.47,83.47,76.43,83.27,83.15,82.98,82.61,80.33,0.0,-0.07,83.41,82.54
KVUE,Kenvue,Consumer Staples,Personal Care Products,16.93,23.7,13.93,16.92,17.03,16.75,15.97,20.04,-0.1,3.13,17.46,16.04
KDP,Keurig Dr Pepper,Consumer Staples,Soft Drinks & Non-alcoholic Beverages,29.09,35.14,25.3,28.74,28.26,27.7,27.12,31.03,0.1,0.24,29.16,26.24
KEY,KeyCorp,Financials,Regional Banks,20.06,20.06,12.78,19.31,18.78,18.08,17.78,16.78,0.2,-1.4,19.78,16.38
KEYS,Keysight Technologies,Information Technology,Electronic Equipment & Instruments,211.25,211.25,127.02,209.41,203.56,190.22,179.33,163.93,0.0,3.61,218.88,161.57
KMB,Kimberly-Clark,Consumer Staples,Household Products,102.62,142.87,98.85,103.19,104.84,103.74,110.7,125.49,0.0,4.73,107.47,100.01
KIM,Kimco Realty,Real Estate,Retail REITs,19.98,24.02,18.04,20.03,20.16,20.11,20.69,20.65,0.0,2.85,20.55,19.66
KMI,Kinder Morgan,Energy,Oil & Gas Storage & Transportation,27.43,29.9,24.4,27.5,27.24,27.11,26.93,26.82,0.0,1.24,27.77,26.46
KKR,KKR & Co.,Financials,Asset Management & Custody Banks,137.11,166.13,92.38,130.34,126.05,122.07,121.85,126.17,0.1,-2.62,133.52,110.62
KLAC,KLA Corporation,Information Technology,Semiconductor Materials & Equipment,1229.35,1233.21,572.94,1217.65,1191.57,1167.72,1150.1,899.25,0.0,1.28,1245.09,1090.3
KHC,Kraft Heinz,Consumer Staples,Packaged Foods & Meats,24.21,30.79,23.35,24.54,24.88,24.7,24.73,26.43,0.0,5.16,25.46,23.94
KR,Kroger,Consumer Staples,Food Retail,62.68,73.58,56.62,63.62,65.31,65.62,66.04,67.45,-0.2,9.75,68.79,62.44
LHX,L3Harris,Industrials,Aerospace & Defense,278.62,305.49,190.99,279.4,277.45,282.25,288.18,253.64,0.0,6.61,297.04,267.47
LH,Labcorp,Health Care,Health Care Services,258.83,290.15,210.49,260.88,264.42,264.01,268.2,255.99,0.0,4.79,271.23,256.79
LRCX,Lam Research,Information Technology,Semiconductor Materials & Equipment,165.38,166.1,58.73,160.73,157.84,153.51,150.66,104.73,0.0,1.22,167.4,139.64
LW,Lamb Weston,Consumer Staples,Packaged Foods & Meats,58.09,80.24,47.44,59.51,59.38,58.27,61.22,55.11,0.2,5.47,61.27,55.27
LVS,Las Vegas Sands,Consumer Discretionary,Casinos & Gaming,66.43,69.49,30.23,66.61,67.51,66.34,59.52,48.57,0.2,4.56,69.46,63.22
LDOS,Leidos,Industrials,Diversified Support Services,185.72,199.55,125.82,187.8,188.75,189.38,190.74,164.64,0.0,5.27,195.51,183.24
LEN,Lennar,Consumer Discretionary,Homebuilding,117.29,158.01,101.41,124.36,127.54,123.75,123.87,117.9,-0.2,15.55,135.53,111.96
LII,Lennox International,Industrials,Building Products,500.39,662.88,444.26,504.04,497.34,481.11,502.65,554.41,0.0,3.96,520.21,442.02
LLY,Lilly (Eli),Health Care,Pharmaceuticals,984.21,1109.94,623.36,1008.03,1043.39,1037.93,921.32,810.51,-0.2,12.32,1105.46,970.4
LIN,Linde plc,Materials,Industrial Gases,390.95,481.82,389.38,398.56,402.73,409.71,430.49,453.03,0.0,9.95,429.85,389.57
LYV,Live Nation Entertainment,Communication Services,Movies & Entertainment,139.95,174.06,115.79,138.61,134.47,133.94,144.68,144.72,-0.2,2.39,143.29,124.59
LKQ,LKQ Corporation,Consumer Discretionary,Distributors,28.17,42.58,28.17,28.94,29.24,29.56,29.89,34.84,-0.2,9.8,30.93,28.18
LMT,Lockheed Martin,Industrials,Aerospace & Defense,467.61,510.37,404.69,456.07,451.55,455.59,475.45,457.79,0.0,1.27,473.55,437.63
L,Loews Corporation,Financials,Multi-line Insurance,102.63,108.26,80.73,103.42,105.38,105.15,102.4,93.33,-0.2,5.97,108.76,101.53
LOW,Lowe's,Consumer Discretionary,Home Improvement Retail,242.27,271.68,208.44,245.73,244.04,236.71,238.52,233.8,0.0,4.54,253.27,220.14
LULU,Lululemon Athletica,Consumer Discretionary,"Apparel, Accessories & Luxury Goods",182.58,421.16,159.87,184.31,183.0,175.39,173.43,233.68,-0.1,4.93,191.58,159.19
LYB,LyondellBasell,Materials,Specialty Chemicals,42.81,71.62,41.19,43.53,45.37,44.11,44.77,53.61,0.0,12.82,48.3,39.91
MTB,M&T Bank,Financials,Regional Banks,197.53,205.04,153.05,195.95,192.85,188.34,185.71,182.96,0.2,0.8,199.11,177.57
MPC,Marathon Petroleum,Energy,Oil & Gas Refining & Marketing,191.24,199.13,116.64,190.2,191.53,193.04,190.68,166.14,0.2,4.46,199.77,186.31
MAR,Marriott International,Consumer Discretionary,"Hotels, Resorts & Cruise Lines",284.77,306.65,209.55,293.57,298.95,293.3,278.0,262.63,-0.2,9.06,310.57,276.01
MMC,Marsh McLennan,Financials,Insurance Brokers,181.41,242.13,176.58,182.38,182.74,181.83,187.49,209.77,0.0,2.18,185.36,178.29
MLM,Martin Marietta Materials,Materials,Construction Materials,612.21,655.98,450.65,618.69,617.79,609.42,618.37,564.54,-0.2,3.16,631.56,587.27
MAS,Masco,Industrials,Building Products,61.27,80.35,57.89,63.19,63.76,62.33,64.96,66.42,0.0,7.79,66.04,58.62
MA,Mastercard,Financials,Transaction & Payment Processing Services,536.66,598.17,477.88,543.73,545.05,543.61,555.79,558.49,0.2,4.71,561.94,525.32
MTCH,Match Group,Communication Services,Interactive Media & Services,33.95,38.56,26.72,34.02,33.75,32.94,32.93,32.43,0.0,2.62,34.84,31.05
MKC,McCormick & Company,Consumer Staples,Packaged Foods & Meats,63.44,83.15,63.3,63.58,65.17,65.68,65.85,71.33,0.0,8.26,68.68,62.68
MCD,McDonald's,Consumer Discretionary,Restaurants,310.43,315.78,273.36,309.54,308.11,306.09,302.6,302.43,0.0,0.73,312.7,299.48
MCK,McKesson Corporation,Health Care,Health Care Distributors,796.49,888.45,560.41,804.52,836.08,844.63,813.61,723.78,0.0,12.89,899.16,790.07
MDT,Medtronic,Health Care,Health Care Equipment,100.36,105.35,77.44,101.39,102.8,100.62,96.85,90.01,0.2,6.54,106.92,94.32
MRK,Merck & Co.,Health Care,Pharmaceuticals,97.31,105.66,72.03,99.82,101.71,98.14,91.09,83.97,0.2,10.05,107.09,89.19
META,Meta Platforms,Communication Services,Interactive Media & Services,656.0,789.47,483.96,659.47,650.31,627.25,672.08,670.78,0.2,3.55,679.29,575.2
MET,MetLife,Financials,Life & Health Insurance,78.14,84.55,66.92,78.08,77.16,76.88,78.33,77.64,0.0,2.65,80.21,73.55
MTD,Mettler Toledo,Health Care,Life Sciences Tools & Services,1377.39,1506.02,970.15,1406.26,1441.59,1431.79,1390.38,1243.34,-0.2,9.22,1504.39,1359.16
MGM,MGM Resorts,Consumer Discretionary,Casinos & Gaming,35.88,40.37,25.79,35.64,35.32,33.71,33.0,33.69,0.1,3.68,37.2,30.21
MCHP,Microchip Technology,Information Technology,Semiconductors,67.21,74.07,34.52,65.74,59.68,55.79,60.11,59.49,-0.2,1.06,67.92,43.66
MU,Micron Technology,Information Technology,Semiconductors,252.67,253.3,64.62,239.52,236.88,233.38,217.63,135.15,0.0,2.27,258.41,208.36
MSFT,Microsoft,Information Technology,Systems Software,491.08,541.06,352.67,484.77,485.51,489.74,506.2,469.17,-0.2,4.49,513.13,466.34
MAA,Mid-America Apartment Communities,Real Estate,Multi-Family Residential REITs,131.18,165.69,126.28,132.25,133.83,132.56,132.29,145.31,-0.3,4.12,136.58,128.54
MRNA,Moderna,Health Care,Biotechnology,28.13,47.53,22.36,26.89,25.84,25.27,25.98,27.59,-0.2,0.18,28.18,22.36
MHK,Mohawk Industries,Consumer Discretionary,Home Furnishings,106.48,139.75,97.99,110.61,112.89,109.91,116.54,114.86,0.0,10.92,118.11,101.72
MOH,Molina Healthcare,Health Care,Managed Health Care,155.81,353.24,134.51,152.57,149.72,144.76,164.63,235.67,0.2,0.58,156.71,132.81
TAP,Molson Coors Beverage Company,Consumer Staples,Brewers,45.21,61.12,42.77,45.56,45.83,45.76,45.39,50.57,-0.1,3.61,46.84,44.67
MDLZ,Mondelez International,Consumer Staples,Packaged Foods & Meats,54.22,70.19,54.22,55.14,55.94,56.19,58.66,63.24,-0.2,6.81,57.91,54.46
MPWR,Monolithic Power Systems,Information Technology,Semiconductors,964.67,1105.05,453.43,964.46,946.45,924.16,967.53,768.12,-0.4,3.39,997.37,850.95
MNST,Monster Beverage,Consumer Staples,Soft Drinks & Non-alcoholic Beverages,73.71,75.95,46.16,73.73,74.41,73.17,70.29,63.12,0.2,3.24,76.1,70.24
MCO,Moody's Corporation,Financials,Financial Exchanges & Data,487.71,523.49,394.44,490.57,489.15,484.3,482.53,480.23,0.0,2.48,499.81,468.8
MS,Morgan Stanley,Financials,Investment Banking & Brokerage,179.46,179.46,97.76,176.28,172.2,167.46,162.72,139.04,0.0,0.26,179.93,154.98
MOS,Mosaic Company (The),Materials,Fertilizers & Agricultural Chemicals,23.76,37.21,22.27,23.82,24.02,24.31,27.64,30.5,0.0,7.83,25.62,22.99
MSI,Motorola Solutions,Information Technology,Communications Equipment,372.14,489.19,367.04,373.02,372.47,374.9,411.59,426.44,-0.2,4.49,388.85,360.95
MSCI,MSCI Inc.,Financials,Financial Exchanges & Data,538.41,628.02,501.79,540.0,549.63,557.38,558.09,557.07,-0.2,8.19,582.51,532.24
NDAQ,"Nasdaq, Inc.",Financials,Financial Exchanges & Data,90.6,96.38,65.81,89.74,89.53,88.21,87.89,85.03,0.0,0.97,91.48,84.93
NTAP,NetApp,Information Technology,"Technology Hardware, Storage & Peripherals",117.37,128.5,75.4,116.56,114.32,111.16,114.89,104.72,0.0,1.66,119.32,103.0
NFLX,Netflix,Communication Services,Movies & Entertainment,96.79,133.91,82.84,102.71,104.78,108.01,112.67,113.4,-0.2,21.76,117.85,98.16
NEM,Newmont,Materials,Gold,93.7,97.99,36.38,90.57,90.24,88.68,86.88,65.51,0.0,0.93,94.57,82.8
NWSA,News Corp (Class A),Communication Services,Publishing,25.96,31.03,23.89,25.78,25.65,25.7,26.34,27.8,-0.2,2.97,26.73,24.68
NWS,News Corp (Class B),Communication Services,Publishing,29.47,35.06,27.33,29.3,29.23,29.2,29.94,31.76,-0.2,2.71,30.27,28.13
NEE,NextEra Energy,Utilities,Multi-Utilities,79.68,86.29,62.68,82.34,83.76,83.96,82.91,73.28,-0.2,9.24,87.04,80.88
NKE,"Nike, Inc.",Consumer Discretionary,"Apparel, Accessories & Luxury Goods",63.44,79.84,52.31,64.84,64.59,63.68,65.52,66.95,0.2,4.92,66.56,60.8
NI,NiSource,Utilities,Multi-Utilities,41.49,44.13,34.46,41.72,42.49,42.79,42.94,40.46,0.0,6.89,44.35,41.23
NDSN,Nordson Corporation,Industrials,Industrial Machinery & Supplies & Components,233.62,251.68,166.29,236.8,236.96,234.11,233.34,214.52,0.2,3.61,242.05,226.17
NSC,Norfolk Southern,Industrials,Rail Transportation,290.38,298.97,203.11,293.35,291.95,287.73,287.54,260.1,0.2,2.37,297.26,278.19
NTRS,Northern Trust,Financials,Asset Management & Custody Banks,133.85,133.85,82.84,132.87,131.44,129.05,128.33,115.79,0.0,1.27,135.55,122.55
NOC,Northrop Grumman,Industrials,Aerospace & Defense,550.78,635.37,426.05,551.93,555.4,558.35,581.64,533.25,0.0,3.93,572.43,544.26
NCLH,Norwegian Cruise Line Holdings,Consumer Discretionary,"Hotels, Resorts & Cruise Lines",18.92,29.07,15.5,18.92,18.67,18.4,20.91,20.99,-0.2,2.33,19.36,17.43
NRG,NRG Energy,Utilities,Independent Power Producers & Energy Traders,167.55,178.04,82.84,166.16,166.24,165.52,166.87,143.26,0.0,2.18,171.2,159.83
NUE,Nucor,Materials,Steel,158.83,164.71,102.37,160.97,160.15,154.32,146.05,132.92,0.2,5.11,166.95,141.7
NVDA,Nvidia,Information Technology,Semiconductors,184.36,207.03,94.29,183.06,181.17,183.61,187.29,155.25,0.0,4.63,192.9,174.31
NVR,"NVR, Inc.",Consumer Discretionary,Homebuilding,7306.25,9120.01,6700.0,7496.36,7512.73,7374.14,7498.1,7510.73,0.0,5.43,7702.98,7045.28
NXPI,NXP Semiconductors,Information Technology,Semiconductors,228.88,242.4,152.09,227.91,213.41,203.78,211.31,209.24,0.0,2.49,234.58,172.97
ORLY,O’Reilly Automotive,Consumer Discretionary,Automotive Retail,94.5,107.82,78.66,97.92,99.53,99.24,99.45,96.03,-0.4,8.35,102.39,96.09
OXY,Occidental Petroleum,Energy,Oil & Gas Exploration & Production,41.69,51.86,35.72,42.12,41.98,41.9,42.24,43.44,0.2,2.78,42.85,40.96
ODFL,Old Dominion,Industrials,Cargo Ground Transportation,151.68,207.79,126.04,150.49,142.77,137.88,138.43,153.25,0.0,2.01,154.73,121.02
OMC,Omnicom Group,Communication Services,Advertising,72.83,99.86,68.6,72.12,72.1,72.71,75.35,74.96,0.0,3.13,75.11,70.3
ON,ON Semiconductor,Information Technology,Semiconductors,55.31,67.97,31.95,55.68,52.85,49.9,50.19,48.2,0.0,3.76,57.39,42.4
OKE,Oneok,Energy,Oil & Gas Storage & Transportation,75.06,104.36,64.31,75.48,73.94,71.78,69.74,77.7,0.1,2.37,76.84,66.71
ORCL,Oracle Corporation,Information Technology,Application Software,221.92,327.76,122.35,216.42,208.81,213.36,252.08,211.87,-0.2,6.0,235.24,191.49
OTIS,Otis Worldwide,Industrials,Industrial Machinery & Supplies & Components,87.09,102.87,84.13,86.7,87.48,87.92,89.71,92.89,0.0,3.8,90.4,85.44
PCAR,Paccar,Industrials,Construction Machinery & Heavy Transportation Equipment,109.59,111.17,85.53,109.34,107.18,102.54,99.4,96.8,0.2,3.17,113.06,92.02
PKG,Packaging Corporation of America,Materials,Paper & Plastic Packaging Products & Materials,193.91,237.61,173.82,196.75,198.84,198.1,203.0,198.08,-0.2,5.78,205.12,191.09
PLTR,Palantir Technologies,Information Technology,Application Software,181.79,207.18,64.98,179.81,173.5,171.66,179.37,142.93,0.0,4.59,190.13,153.18
PANW,Palo Alto Networks,Information Technology,Systems Software,194.5,221.38,152.44,195.6,191.74,195.57,205.99,192.1,-0.2,10.14,214.22,176.9
PSKY,Paramount Skydance Corporation,Communication Services,Movies & Entertainment,14.73,19.73,10.05,14.43,15.11,15.42,16.28,13.68,0.0,14.26,16.83,14.01
PH,Parker Hannifin,Industrials,Industrial Machinery & Supplies & Components,866.88,880.0,513.45,873.88,865.97,850.19,797.06,703.57,0.2,2.62,889.59,810.76
PAYX,Paychex,Industrials,Human Resource & Employment Services,112.88,157.06,108.46,112.51,111.91,111.28,117.41,136.52,-0.2,0.65,113.61,108.94
PAYC,Paycom,Industrials,Human Resource & Employment Services,162.74,264.67,159.21,164.62,163.32,163.31,181.77,216.25,-0.2,3.66,168.7,157.92
PYPL,PayPal,Financials,Transaction & Payment Processing Services,60.73,91.6,57.28,61.42,61.83,62.11,66.29,68.57,0.2,9.39,66.43,57.78
PNR,Pentair,Industrials,Industrial Machinery & Supplies & Components,102.1,112.34,75.59,104.39,104.95,104.72,107.32,100.19,0.0,6.43,108.67,100.78
PEP,PepsiCo,Consumer Staples,Soft Drinks & Non-alcoholic Beverages,144.78,153.7,124.61,145.51,146.13,145.46,145.37,139.44,0.0,2.37,148.21,142.71
PFE,Pfizer,Health Care,Pharmaceuticals,25.42,26.9,20.47,25.7,25.61,25.42,24.95,23.85,0.2,3.07,26.2,24.63
PCG,PG&E Corporation,Utilities,Multi-Utilities,15.01,20.3,12.98,15.13,15.47,15.84,16.06,15.69,-0.2,12.86,16.94,14.75
PM,Philip Morris International,Consumer Staples,Tobacco,150.4,181.86,114.18,149.36,152.89,153.9,154.0,162.17,0.0,6.4,160.03,147.78
PSX,Phillips 66,Energy,Oil & Gas Refining & Marketing,140.02,141.12,90.32,139.54,138.11,137.28,134.37,122.55,0.2,1.77,142.5,132.05
PNW,Pinnacle West Capital,Utilities,Multi-Utilities,87.16,92.82,78.54,87.87,88.82,88.92,89.57,89.3,-0.2,4.03,90.67,87.16
PNC,PNC Financial Services,Financials,Diversified Banks,202.12,205.55,145.61,198.78,195.35,189.72,187.46,181.55,0.0,0.31,202.75,176.69
POOL,Pool Corporation,Consumer Discretionary,Distributors,233.29,374.18,230.21,239.53,241.75,241.41,267.95,299.1,0.0,8.2,252.42,230.41
PPG,PPG Industries,Materials,Specialty Chemicals,99.64,123.59,89.82,100.61,100.27,98.34,99.28,106.23,-0.2,3.12,102.75,93.93
PPL,PPL Corporation,Utilities,Electric Utilities,33.9,37.97,30.85,34.13,35.17,35.79,36.55,35.29,0.0,11.92,37.94,33.63
PFG,Principal Financial Group,Financials,Life & Health Insurance,88.52,88.52,67.57,86.96,85.37,84.11,82.14,78.74,0.2,-0.5,88.08,80.13
PG,Procter & Gamble,Consumer Staples,Personal Care Products,139.64,172.77,138.34,142.7,145.17,146.49,148.26,156.59,-0.2,9.07,152.31,140.68
PGR,Progressive Corporation,Financials,Property & Casualty Insurance,225.93,290.89,203.7,225.25,226.72,225.42,225.41,253.7,0.1,1.93,230.29,220.56
PLD,Prologis,Real Estate,Industrial REITs,127.86,129.19,88.13,127.98,128.18,126.24,123.25,111.28,-0.2,2.23,130.71,121.78
PRU,Prudential Financial,Financials,Life & Health Insurance,112.08,120.31,91.53,110.98,109.56,107.3,103.85,102.89,0.0,0.71,112.88,101.71
PEG,Public Service Enterprise Group,Utilities,Electric Utilities,79.52,89.43,75.92,79.83,81.03,81.65,82.05,81.41,-0.2,6.19,84.44,78.85
PTC,PTC Inc.,Information Technology,Application Software,172.99,216.53,136.74,175.36,175.05,174.64,189.08,181.44,0.0,3.97,179.86,169.43
PSA,Public Storage,Real Estate,Self-Storage REITs,265.59,322.51,260.94,272.42,272.75,272.05,284.6,287.6,0.0,5.2,279.4,264.7
PHM,PulteGroup,Consumer Discretionary,Homebuilding,123.25,141.19,91.67,126.67,126.76,122.06,123.12,113.93,0.2,7.63,132.65,111.46
PWR,Quanta Services,Industrials,Construction & Engineering,460.95,464.88,236.5,461.11,458.79,447.84,440.36,364.08,0.0,2.82,473.95,421.7
QCOM,Qualcomm,Information Technology,Semiconductors,175.31,186.73,122.59,173.7,169.39,168.84,168.98,155.88,-0.2,2.13,179.04,158.64
DGX,Quest Diagnostics,Health Care,Health Care Services,180.34,192.35,148.06,182.29,184.9,186.31,183.55,175.82,0.2,6.98,192.93,179.68
Q,Qnity Electronics,Information Technology,Semiconductor Materials & Equipment,84.67,,,82.95,81.03,81.59,,,-0.1,8.93,92.23,70.95
RL,Ralph Lauren Corporation,Consumer Discretionary,"Apparel, Accessories & Luxury Goods",357.35,371.22,181.18,359.47,362.22,348.02,333.48,282.31,0.2,6.11,379.18,316.84
RJF,Raymond James Financial,Financials,Investment Banking & Brokerage,165.76,175.92,122.89,162.89,159.28,158.42,161.07,154.27,0.0,0.84,167.15,149.69
RTX,RTX Corporation,Industrials,Aerospace & Defense,172.45,178.73,112.01,170.97,171.19,172.63,170.69,148.23,0.0,3.18,177.93,167.33
O,Realty Income,Real Estate,Retail REITs,57.08,60.07,48.92,57.84,57.5,57.02,57.88,56.24,0.2,2.26,58.37,55.66
REG,Regency Centers,Real Estate,Retail REITs,68.01,75.5,64.21,68.72,69.8,69.89,70.64,70.69,0.0,5.82,71.97,67.81
REGN,Regeneron Pharmaceuticals,Health Care,Biotechnology,698.9,787.32,481.73,713.4,741.12,726.83,651.28,597.44,-0.2,13.61,794.02,659.68
RF,Regions Financial Corporation,Financials,Regional Banks,26.5,27.11,17.76,26.35,25.8,25.12,24.73,23.27,0.0,1.13,26.8,23.43
RSG,Republic Services,Industrials,Environmental & Facilities Services,209.51,256.75,198.59,213.59,214.62,213.41,216.13,233.12,0.0,5.82,221.7,205.12
RMD,ResMed,Health Care,Health Care Equipment,246.21,293.03,203.19,251.15,252.17,250.17,258.47,251.98,0.0,4.79,258.0,242.35
RVTY,Revvity,Health Care,Health Care Equipment,99.11,126.56,82.44,101.1,102.53,98.46,95.18,95.38,-0.1,8.88,107.91,89.0
HOOD,Robinhood Markets,Financials,Investment Banking & Brokerage,136.62,152.46,34.17,135.14,129.72,124.15,133.46,91.35,-0.2,4.66,142.99,105.31
ROK,Rockwell Automation,Industrials,Electrical Components & Equipment,402.17,404.29,216.41,402.59,397.52,387.67,367.61,320.75,0.2,2.47,412.1,363.23
ROL,"Rollins, Inc.",Industrials,Environmental & Facilities Services,57.93,61.5,45.1,60.17,60.71,59.8,58.21,56.1,0.0,7.75,62.42,57.17
ROP,Roper Technologies,Information Technology,Electronic Equipment & Instruments,441.29,591.12,439.64,445.25,445.27,445.29,468.44,531.71,0.0,2.39,451.84,438.75
ROST,Ross Stores,Consumer Discretionary,Apparel Retail,177.12,178.19,122.22,177.65,177.39,170.51,162.09,144.37,0.0,5.13,186.21,154.81
RCL,Royal Caribbean Group,Consumer Discretionary,"Hotels, Resorts & Cruise Lines",249.05,364.72,176.89,256.83,261.42,258.82,282.68,276.44,0.0,9.06,271.61,246.01
SPGI,S&P Global,Financials,Financial Exchanges & Data,491.43,562.06,435.88,495.78,495.4,493.93,488.27,507.25,-0.1,2.11,501.8,486.07
CRM,Salesforce,Information Technology,Application Software,261.32,359.81,225.37,253.52,242.8,239.01,244.22,258.41,0.2,-0.04,261.22,216.82
SBAC,SBA Communications,Real Estate,Telecom Tower REITs,189.8,239.71,186.46,189.54,190.56,193.6,192.92,212.9,0.1,6.22,201.61,185.59
SLB,Schlumberger,Energy,Oil & Gas Equipment & Services,38.38,42.4,31.19,38.15,37.01,36.45,35.28,35.16,0.2,0.73,38.66,34.24
STX,Seagate Technology,Information Technology,"Technology Hardware, Storage & Peripherals",284.24,293.99,65.98,274.55,272.06,265.92,250.8,158.97,0.0,3.26,293.51,238.32
SRE,Sempra,Utilities,Multi-Utilities,88.2,94.72,62.78,89.56,91.13,91.67,91.85,79.51,-0.2,7.72,95.01,88.33
NOW,ServiceNow,Information Technology,Systems Software,855.05,1170.39,721.65,846.94,832.16,832.32,879.15,913.45,0.2,1.88,871.12,793.49
SHW,Sherwin-Williams,Materials,Specialty Chemicals,321.71,381.56,311.42,331.31,336.53,335.36,336.81,345.0,0.0,8.58,349.31,321.4
SPG,Simon Property Group,Real Estate,Retail REITs,182.14,187.67,136.92,182.08,183.47,182.94,180.79,167.69,0.0,2.41,186.53,179.34
SWKS,Skyworks Solutions,Information Technology,Semiconductors,68.57,90.17,47.71,69.1,67.43,65.89,70.8,69.12,0.0,4.39,71.58,60.21
SJM,J.M. Smucker Company (The),Consumer Staples,Packaged Foods & Meats,99.61,115.07,92.55,100.07,101.22,103.91,103.91,106.55,0.0,10.76,110.33,97.49
SW,Smurfit Westrock,Materials,Paper & Plastic Packaging Products & Materials,35.47,54.52,32.79,36.03,35.67,34.95,38.22,42.54,-0.2,4.34,37.01,32.89
SNA,Snap-on,Industrials,Industrial Machinery & Supplies & Components,344.3,349.1,286.43,345.89,342.94,337.48,337.84,324.17,-0.2,2.0,351.19,323.76
SOLS,Solstice Advanced Materials,Materials,Specialty Chemicals,47.67,,,47.2,47.12,45.62,,,-0.1,4.11,49.63,41.61
SOLV,Solventum,Health Care,Health Care Technology,80.52,85.77,63.01,83.81,84.65,81.06,75.23,73.46,0.2,11.62,89.88,72.25
SO,Southern Company,Utilities,Electric Utilities,85.71,98.91,78.34,86.57,88.16,89.04,92.36,90.37,-0.2,7.76,92.36,85.72
LUV,Southwest Airlines,Industrials,Passenger Airlines,38.35,38.35,23.77,37.13,36.01,34.21,32.98,31.67,0.0,0.21,38.43,29.99
SWK,Stanley Black & Decker,Industrials,Industrial Machinery & Supplies & Components,72.09,86.37,53.89,72.33,71.51,68.04,68.59,69.1,0.0,5.08,75.75,60.33
SBUX,Starbucks,Consumer Discretionary,Restaurants,82.32,113.43,77.9,84.59,85.28,84.89,83.63,87.87,-0.1,6.6,87.75,82.03
STT,State Street Corporation,Financials,Asset Management & Custody Banks,126.84,126.84,74.25,123.46,120.72,118.28,116.74,103.45,0.0,-0.67,125.99,110.58
STLD,Steel Dynamics,Materials,Steel,166.0,171.5,108.4,167.39,167.09,161.44,154.23,134.69,0.0,4.56,173.57,149.3
STE,Steris,Health Care,Health Care Equipment,257.53,267.99,200.94,260.53,262.58,261.57,250.11,237.61,0.0,4.64,269.48,253.65
SYK,Stryker Corporation,Health Care,Health Care Equipment,350.27,402.61,335.89,359.64,365.57,365.26,367.64,375.69,-0.2,7.88,377.87,352.65
SMCI,Supermicro,Information Technology,"Technology Hardware, Storage & Peripherals",34.91,60.71,26.85,34.58,33.84,34.32,44.32,43.05,-0.2,8.45,37.86,30.78
SYF,Synchrony Financial,Financials,Consumer Finance,81.2,81.2,43.2,80.18,78.86,76.05,73.73,65.07,0.0,1.54,82.45,69.66
SNPS,Synopsys,Information Technology,Application Software,465.6,645.35,380.9,465.66,444.52,418.12,437.84,488.17,0.0,3.52,481.99,354.26
SYY,Sysco,Consumer Staples,Food Distributors,72.72,82.73,67.09,73.07,74.37,74.9,76.65,75.43,-0.2,6.26,77.27,72.53
TMUS,T-Mobile US,Communication Services,Wireless Telecommunication Services,201.35,269.54,200.02,206.39,207.03,209.13,215.66,236.89,-0.2,7.17,215.79,202.48
TROW,T. Rowe Price,Financials,Asset Management & Custody Banks,105.24,117.81,78.24,105.44,103.68,102.05,102.94,98.09,-0.2,2.45,107.82,96.29
TTWO,Take-Two Interactive,Communication Services,Interactive Home Entertainment,249.2,262.29,178.61,247.36,246.45,242.06,249.72,232.84,-0.2,1.14,252.04,232.06
TPR,"Tapestry, Inc.",Consumer Discretionary,"Apparel, Accessories & Luxury Goods",118.59,118.59,59.9,115.67,112.55,107.63,110.38,92.89,0.0,0.35,119.01,96.25
TRGP,Targa Resources,Energy,Oil & Gas Storage & Transportation,185.07,212.51,145.33,180.13,176.86,173.7,163.72,168.05,0.3,-1.33,182.61,164.8
TGT,Target Corporation,Consumer Staples,Consumer Staples Merchandise Retail,93.96,136.48,83.68,92.34,91.06,89.62,89.89,95.35,-0.2,1.09,94.98,84.25
TEL,TE Connectivity,Information Technology,Electronic Manufacturing Services,236.15,249.0,121.04,233.74,229.71,230.83,230.92,185.75,-0.2,4.67,247.18,214.5
TDY,Teledyne Technologies,Information Technology,Electronic Equipment & Instruments,515.15,593.62,435.54,514.63,505.64,503.34,531.89,517.03,0.2,1.71,523.96,482.71
TER,Teradyne,Information Technology,Semiconductor Materials & Equipment,200.83,202.99,67.74,199.66,189.68,178.59,163.49,111.74,0.2,3.38,207.62,149.57
TSLA,"Tesla, Inc.",Consumer Discretionary,Automobile Manufacturers,447.23,479.86,221.86,448.62,437.86,423.67,435.28,343.68,-0.2,3.43,462.57,384.75
TXN,Texas Instruments,Information Technology,Semiconductors,179.99,217.72,142.07,181.24,174.5,166.64,168.99,179.81,0.0,3.36,186.04,147.24
TPL,Texas Pacific Land Corporation,Energy,Oil & Gas Exploration & Production,879.01,1423.41,851.79,908.54,884.79,913.89,927.24,1073.78,0.2,15.42,1014.55,813.22
TXT,Textron,Industrials,Aerospace & Defense,84.41,87.34,60.69,83.43,83.07,82.02,82.3,77.76,-0.2,0.44,84.78,79.26
TMO,Thermo Fisher Scientific,Health Care,Life Sciences Tools & Services,565.26,605.06,389.91,572.39,580.93,580.3,561.04,480.84,-0.2,5.76,597.82,562.76
TJX,TJX Companies,Consumer Discretionary,Apparel Retail,153.33,153.72,111.77,152.14,151.93,149.48,145.19,131.69,0.2,1.32,155.35,143.61
TKO,TKO Group Holdings,Communication Services,Movies & Entertainment,197.85,205.33,138.12,199.93,196.3,189.35,189.4,172.66,0.0,3.87,205.51,173.19
TTD,Trade Desk (The),Communication Services,Advertising,39.47,139.11,38.35,39.36,39.41,40.24,46.46,59.13,-0.2,10.11,43.46,37.02
TSCO,Tractor Supply,Consumer Discretionary,Other Specialty Retail,52.38,62.38,47.42,53.65,53.9,53.94,54.36,54.38,0.0,7.24,56.17,51.7
TT,Trane Technologies,Industrials,Building Products,400.15,471.46,313.81,402.65,409.46,410.94,420.13,404.29,0.0,6.47,426.04,395.86
TDG,TransDigm Group,Industrials,Aerospace & Defense,1327.86,1516.55,1152.5,1343.86,1348.56,1339.6,1314.71,1324.88,-0.1,3.36,1372.48,1306.73
TRV,Travelers Companies (The),Financials,Property & Casualty Insurance,279.85,294.52,229.61,281.55,286.78,287.01,278.87,266.86,-0.2,5.55,295.38,278.65
TRMB,Trimble Inc.,Information Technology,Electronic Equipment & Instruments,81.74,85.24,55.12,82.33,81.91,79.65,79.5,75.05,0.0,4.25,85.21,74.1
TFC,Truist Financial,Financials,Diversified Banks,47.9,47.9,33.53,47.62,47.02,45.9,44.53,41.96,0.0,1.02,48.39,43.42
TYL,Tyler Technologies,Information Technology,Application Software,453.12,646.74,453.04,462.22,464.45,465.1,483.27,546.62,-0.2,4.87,475.19,455.01
TSN,Tyson Foods,Consumer Staples,Packaged Foods & Meats,55.95,62.13,50.27,56.4,56.92,55.28,53.39,55.31,-0.1,5.68,59.13,51.44
USB,U.S. Bancorp,Financials,Diversified Banks,51.6,51.6,35.62,51.31,50.26,48.63,47.71,44.69,0.0,1.55,52.4,44.87
UBER,Uber,Industrials,Passenger Ground Transportation,89.08,100.1,59.93,90.93,88.57,88.98,92.71,87.38,0.0,7.52,95.78,82.19
UDR,"UDR, Inc.",Real Estate,Multi-Family Residential REITs,35.06,44.54,33.56,35.22,35.71,35.28,35.39,38.86,-0.2,4.31,36.57,33.99
ULTA,Ulta Beauty,Consumer Discretionary,Other Specialty Retail,602.5,602.5,314.47,574.35,556.25,536.24,534.47,467.33,0.2,-1.09,595.93,476.56
UNP,Union Pacific Corporation,Industrials,Rail Transportation,232.65,248.49,204.53,234.64,232.17,226.82,225.1,223.66,0.2,2.5,238.47,215.18
UAL,United Airlines Holdings,Industrials,Passenger Airlines,106.1,110.52,56.15,105.75,103.67,98.75,97.82,87.62,0.0,3.83,110.16,87.33
UPS,United Parcel Service,Industrials,Air Freight & Logistics,97.08,127.5,81.17,96.09,95.73,94.62,90.22,93.31,-0.1,0.68,97.74,91.5
URI,United Rentals,Industrials,Trading Companies & Distributors,794.07,1017.86,548.35,799.48,804.36,810.76,884.32,784.61,0.0,7.58,854.26,767.28
UNH,UnitedHealth Group,Health Care,Managed Health Care,323.45,587.56,234.7,328.9,326.71,323.01,339.08,355.29,0.0,4.8,338.98,307.06
UHS,Universal Health Services,Health Care,Health Care Facilities,225.01,243.98,154.65,228.59,235.2,231.66,219.45,189.27,-0.2,8.82,244.86,218.45
VLO,Valero Energy,Energy,Oil & Gas Refining & Marketing,175.67,184.27,102.32,175.07,175.98,176.53,169.8,142.67,-0.2,4.02,182.73,170.32
VTR,Ventas,Real Estate,Health Care REITs,80.15,81.0,55.68,80.44,80.28,79.39,74.33,67.87,0.0,2.31,82.0,76.78
VLTO,Veralto,Industrials,Environmental & Facilities Services,98.45,109.64,85.14,101.06,101.45,99.8,101.44,100.65,0.0,5.41,103.78,95.82
VRSN,Verisign,Information Technology,Internet Services & Infrastructure,243.67,304.16,189.49,248.55,250.78,250.12,253.39,264.25,-0.4,4.76,255.27,244.96
VRSK,Verisk Analytics,Industrials,Research & Consulting Services,216.67,320.32,208.0,220.69,222.43,220.89,228.09,273.64,0.0,5.24,228.02,213.76
VZ,Verizon,Communication Services,Integrated Telecommunication Services,40.25,44.3,36.0,41.03,40.91,40.93,40.56,41.72,-0.1,3.55,41.68,40.19
VRTX,Vertex Pharmaceuticals,Health Care,Biotechnology,439.58,513.76,366.54,451.52,441.19,435.53,423.22,442.41,0.1,4.15,457.82,413.22
VTRS,Viatris,Health Care,Pharmaceuticals,11.23,12.2,7.0,10.97,10.82,10.7,10.33,9.26,0.4,0.0,11.23,10.16
VICI,Vici Properties,Real Estate,Hotel & Resort REITs,27.73,33.46,27.08,27.94,28.31,29.02,30.23,31.32,0.0,11.36,30.88,27.15
V,Visa Inc.,Financials,Transaction & Payment Processing Services,326.05,371.92,304.76,328.17,330.36,329.95,337.98,343.59,0.0,4.1,339.42,320.48
VST,Vistra Corp.,Utilities,Electric Utilities,165.49,217.92,97.84,169.3,171.92,173.45,187.62,170.65,-0.2,9.78,181.67,165.23
VMC,Vulcan Materials Company,Materials,Construction Materials,291.54,308.54,219.27,293.68,293.52,289.86,293.67,271.22,-0.2,3.09,300.55,279.18
WRB,W. R. Berkley Corporation,Financials,Property & Casualty Insurance,66.96,78.46,56.11,68.56,72.18,74.65,74.95,71.04,0.0,23.21,82.5,66.8
GWW,W. W. Grainger,Industrials,Industrial Machinery & Supplies & Components,963.05,1174.64,913.57,967.55,957.92,945.12,952.58,996.61,0.0,1.68,979.23,911.04
WAB,Wabtec,Industrials,Construction Machinery & Heavy Transportation Equipment,210.29,214.95,159.62,212.99,210.43,206.07,201.92,194.58,0.2,3.4,217.44,194.7
WMT,Walmart,Consumer Staples,Consumer Staples Merchandise Retail,113.56,115.11,81.4,114.3,112.2,107.77,105.36,98.21,0.2,3.61,117.66,97.88
DIS,Walt Disney Company (The),Communication Services,Movies & Entertainment,107.36,124.01,81.37,106.3,105.43,106.24,109.58,109.45,0.0,5.53,113.3,99.18
WBD,Warner Bros. Discovery,Communication Services,Broadcasting,28.22,28.22,7.69,26.13,24.99,23.94,21.63,13.91,0.2,-4.11,27.06,20.81
WM,Waste Management,Industrials,Environmental & Facilities Services,209.74,239.43,196.01,212.45,214.0,211.64,210.98,222.53,-0.1,5.22,220.69,202.6
WAT,Waters Corporation,Health Care,Life Sciences Tools & Services,388.03,417.28,277.72,393.92,398.91,391.22,361.9,338.97,0.2,6.25,412.28,370.15
WEC,WEC Energy Group,Utilities,Electric Utilities,104.63,116.56,89.09,105.73,108.16,109.64,111.95,106.99,-0.2,9.52,114.59,104.68
WFC,Wells Fargo,Financials,Diversified Banks,89.0,90.21,59.98,89.69,87.67,86.02,84.57,77.45,0.0,1.96,90.74,81.31
WELL,Welltower,Real Estate,Health Care REITs,195.53,208.22,121.65,201.3,203.27,199.69,185.86,162.24,0.2,7.18,209.57,189.82
WST,West Pharmaceutical Services,Health Care,Health Care Supplies,266.54,346.74,189.89,276.38,276.43,271.33,273.51,239.25,-0.2,7.83,287.41,255.25
WDC,Western Digital,Information Technology,"Technology Hardware, Storage & Peripherals",170.82,174.08,30.42,165.19,162.53,158.74,143.24,81.52,0.2,3.04,176.01,141.47
WY,Weyerhaeuser,Real Estate,Timber REITs,22.14,30.72,21.15,21.88,21.96,21.82,22.85,25.21,-0.2,2.21,22.63,21.0
WSM,"Williams-Sonoma, Inc.",Consumer Discretionary,Homefurnishing Retail,180.2,215.07,135.95,178.8,179.52,180.41,187.45,176.83,0.0,5.52,190.15,170.68
WMB,Williams Companies,Energy,Oil & Gas Storage & Transportation,61.67,64.48,50.69,62.33,61.38,60.57,60.81,58.62,-0.2,2.35,63.12,58.01
WTW,Willis Towers Watson,Financials,Insurance Brokers,324.26,349.93,294.27,320.37,320.12,319.64,326.98,320.28,0.0,0.23,325.01,314.27
WDAY,"Workday, Inc.",Information Technology,Application Software,222.89,279.91,210.47,219.06,218.64,221.83,230.13,237.12,0.0,4.7,233.37,210.29
WYNN,Wynn Resorts,Consumer Discretionary,Casinos & Gaming,124.21,133.09,65.64,126.82,128.56,124.81,123.36,103.93,0.0,8.09,134.26,115.35
XEL,Xcel Energy,Utilities,Multi-Utilities,75.44,82.11,61.84,76.9,78.7,79.55,80.32,72.39,-0.2,10.17,83.11,76.0
XYL,Xylem Inc.,Industrials,Industrial Machinery & Supplies & Components,137.25,152.52,101.96,139.27,139.85,141.22,145.32,132.46,-0.2,7.8,147.96,134.49
YUM,Yum! Brands,Consumer Discretionary,Restaurants,143.32,160.2,120.91,145.04,148.16,148.59,146.39,146.58,-0.1,7.71,154.37,142.82
ZBRA,Zebra Technologies,Information Technology,Electronic Equipment & Instruments,266.07,421.11,213.54,263.53,257.49,248.71,271.82,289.35,0.2,2.34,272.3,225.12
ZBH,Zimmer Biomet,Health Care,Health Care Equipment,92.78,112.61,87.55,93.21,94.71,92.4,96.09,98.48,0.2,5.78,98.14,86.66
ZTS,Zoetis,Health Care,Pharmaceuticals,116.48,176.49,115.89,119.25,123.17,121.5,132.81,149.87,0.0,10.81,129.07,113.92
