Symbol,Company,GICS_Sector,GICS_Sub_Industry,Current_Price,High_52_Week,Low_52_Week,SMA5,SMA10,SMA20,SMA50,SMA200,Score,Target_Pcnt,Target_Price,Stop_Loss
MMM,3M,Industrials,Industrial Conglomerates,154.34,160.2,122.88,155.29,154.55,151.95,151.21,142.41,0.2,3.19,159.26,144.63
AOS,A. O. Smith,Industrials,Building Products,72.82,88.84,59.04,72.67,71.72,71.39,68.41,67.86,0.4,0.92,73.49,69.3
ABT,Abbott Laboratories,Health Care,Health Care Equipment,131.25,138.95,108.68,130.39,131.16,129.33,131.04,125.69,0.2,2.16,134.08,124.58
ABBV,AbbVie,Health Care,Biotechnology,206.19,212.84,160.57,205.12,201.61,196.84,191.1,185.76,0.2,1.28,208.83,184.86
ADBE,Adobe Inc.,Information Technology,Application Software,361.03,586.55,333.65,354.55,346.98,353.6,371.05,417.73,0.2,5.06,379.3,327.89
AMD,Advanced Micro Devices,Information Technology,Semiconductors,166.55,184.42,78.21,177.11,174.11,172.9,152.27,124.51,0.2,11.53,185.75,160.05
AES,AES Corporation,Utilities,Independent Power Producers & Energy Traders,13.3,19.11,9.5,13.19,13.05,13.17,12.17,11.62,0.2,3.38,13.75,12.58
AKAM,Akamai Technologies,Information Technology,Internet Services & Infrastructure,76.49,106.67,68.21,75.18,73.82,75.87,77.68,85.08,0.2,7.27,82.05,69.7
ARE,Alexandria Real Estate Equities,Real Estate,Office REITs,78.27,117.87,66.61,76.21,74.92,77.04,75.6,86.4,0.2,6.0,82.97,71.11
LNT,Alliant Energy,Utilities,Electric Utilities,66.02,66.34,54.87,65.03,65.28,65.05,62.69,60.59,0.2,0.89,66.61,63.49
ALL,Allstate,Financials,Property & Casualty Insurance,210.38,211.62,175.45,208.35,207.58,202.64,198.71,196.13,0.4,2.07,214.73,190.56
GOOGL,Alphabet Inc. (Class A),Communication Services,Interactive Media & Services,201.57,205.89,144.53,202.77,201.22,197.17,185.31,176.87,0.2,2.52,206.65,187.69
GOOG,Alphabet Inc. (Class C),Communication Services,Interactive Media & Services,202.49,207.22,146.4,203.71,202.06,198.03,186.27,178.38,0.2,2.45,207.45,188.61
MO,Altria,Consumer Staples,Tobacco,66.56,66.56,46.47,65.88,65.2,62.95,60.49,55.68,0.2,2.24,68.05,57.85
AMZN,Amazon,Consumer Discretionary,Broadline Retail,228.01,242.06,167.32,229.21,225.7,225.86,221.9,211.7,0.2,4.85,239.07,212.65
AEP,American Electric Power,Utilities,Electric Utilities,112.66,114.06,87.97,112.26,112.32,111.36,106.37,100.55,0.2,2.41,115.38,107.34
AXP,American Express,Financials,Consumer Finance,306.1,328.13,230.81,306.64,302.04,303.02,306.63,291.96,0.4,2.7,314.36,291.66
AIG,American International Group,Financials,Multi-line Insurance,81.29,87.26,69.3,80.38,79.28,78.93,81.67,78.69,0.2,0.02,81.31,76.55
AWK,American Water Works,Utilities,Water Utilities,145.21,150.19,118.87,143.79,143.5,142.17,141.17,135.73,0.2,1.17,146.91,137.43
AME,Ametek,Industrials,Electrical Components & Equipment,185.2,196.4,151.15,184.17,183.81,182.52,180.7,179.8,0.2,1.39,187.77,177.27
AMGN,Amgen,Health Care,Biotechnology,295.55,329.11,254.27,292.85,289.19,295.82,293.31,286.93,0.2,5.46,311.69,279.97
ADI,Analog Devices,Information Technology,Semiconductors,230.44,245.68,163.85,233.49,229.13,227.78,233.42,215.82,0.4,3.1,237.58,217.99
APTV,Aptiv,Consumer Discretionary,Automotive Parts & Equipment,76.14,76.14,47.92,75.01,71.13,69.67,69.5,62.69,0.4,1.39,77.2,62.13
ACGL,Arch Capital Group,Financials,Property & Casualty Insurance,91.84,109.22,84.99,90.86,89.94,88.72,89.36,92.3,0.2,0.33,92.14,85.3
ADM,Archer Daniels Midland,Consumer Staples,Agricultural Products & Services,59.96,60.56,41.37,59.7,58.78,56.95,54.72,50.06,0.4,2.03,61.18,52.73
ANET,Arista Networks,Information Technology,Communications Equipment,132.78,141.25,64.37,136.52,137.87,127.88,111.52,100.44,0.2,11.91,148.59,107.16
T,AT&T,Communication Services,Integrated Telecommunication Services,28.98,28.98,18.47,28.78,28.42,28.05,27.83,25.45,0.4,0.28,29.06,27.03
ATO,Atmos Energy,Utilities,Gas Utilities,165.81,166.98,126.22,165.66,164.31,160.48,156.54,149.33,0.4,2.04,169.19,151.75
ADSK,Autodesk,Information Technology,Application Software,289.24,321.27,238.84,287.28,289.29,295.96,298.33,290.33,0.2,8.03,312.47,279.46
ADP,Automatic Data Processing,Industrials,Human Resource & Employment Services,305.72,325.19,258.73,303.36,303.11,304.41,305.47,301.21,0.2,1.7,310.92,297.9
AZO,AutoZone,Consumer Discretionary,Automotive Retail,4128.8,4128.8,2981.19,4040.91,4041.03,3948.18,3786.95,3537.07,0.4,0.97,4168.85,3727.44
BALL,Ball Corporation,Materials,"Metal, Glass & Plastic Containers",53.14,67.18,44.77,53.67,53.62,55.78,56.55,54.37,0.2,14.13,60.65,50.92
BAC,Bank of America,Financials,Diversified Banks,48.08,48.93,34.19,47.58,46.79,47.07,46.73,44.07,0.2,2.56,49.31,44.82
BRK-B,Berkshire Hathaway,Financials,Multi-Sector Holdings,485.31,539.8,442.29,479.51,472.85,473.9,479.15,486.05,0.2,0.8,489.19,458.63
BLK,BlackRock,Financials,Asset Management & Custody Banks,1128.47,1160.16,811.42,1143.96,1136.57,1125.26,1075.53,996.52,0.2,2.81,1160.18,1090.36
BK,BNY Mellon,Financials,Asset Management & Custody Banks,101.08,103.61,63.75,101.82,102.35,101.56,95.85,84.87,0.2,2.92,104.03,99.08
BA,Boeing,Industrials,Aerospace & Defense,225.0,236.41,136.59,231.85,229.93,228.84,220.34,184.26,0.2,5.81,238.07,219.61
BKNG,Booking Holdings,Consumer Discretionary,"Hotels, Resorts & Cruise Lines",5584.08,5815.92,3590.94,5500.61,5470.32,5521.42,5560.87,5078.38,0.4,2.48,5722.57,5320.07
BSX,Boston Scientific,Health Care,Health Care Equipment,103.75,107.76,78.25,103.32,103.11,104.61,103.59,98.95,0.2,4.02,107.92,101.3
AVGO,Broadcom,Information Technology,Semiconductors,294.91,312.83,135.46,305.47,305.45,299.22,279.68,221.34,0.2,6.88,315.2,283.24
BR,Broadridge Financial Solutions,Industrials,Data Processing & Outsourced Services,262.92,266.89,204.4,260.9,262.98,256.61,246.21,235.55,0.2,3.61,272.41,240.81
CHRW,C.H. Robinson,Industrials,Air Freight & Logistics,123.82,123.82,86.41,122.11,119.79,113.19,103.08,100.25,0.2,5.14,130.18,96.2
CDNS,Cadence Design Systems,Information Technology,Application Software,346.88,371.03,231.64,350.21,352.03,351.08,326.41,297.71,0.2,8.55,376.54,325.6
COF,Capital One,Financials,Consumer Finance,214.62,220.48,134.82,216.62,213.36,213.0,210.86,190.2,0.2,2.76,220.54,205.45
CAH,Cardinal Health,Health Care,Health Care Distributors,149.02,167.63,106.71,149.34,151.81,154.55,158.88,136.79,0.2,9.05,162.51,146.6
KMX,CarMax,Consumer Discretionary,Automotive Retail,59.38,89.19,54.66,58.47,57.14,57.79,62.93,73.06,0.2,4.48,62.04,53.54
CAT,Caterpillar Inc.,Industrials,Construction Machinery & Heavy Transportation Equipment,416.09,438.02,271.63,413.54,415.03,423.65,400.19,363.3,0.2,6.45,442.93,404.37
CBOE,Cboe Global Markets,Financials,Financial Exchanges & Data,246.13,253.24,189.73,245.77,248.08,246.27,236.95,216.59,0.2,3.15,253.88,238.65
CBRE,CBRE Group,Real Estate,Real Estate Services,159.98,159.98,111.5,158.99,157.02,154.56,144.6,134.81,0.2,2.51,164.0,145.12
CNC,Centene Corporation,Health Care,Managed Health Care,29.33,80.23,25.21,28.16,26.83,26.76,36.88,54.31,0.4,0.61,29.51,24.01
CF,CF Industries,Materials,Fertilizers & Agricultural Chemicals,84.0,101.88,67.67,85.01,84.18,88.38,92.08,85.19,0.2,16.11,97.53,79.24
CVX,Chevron Corporation,Energy,Integrated Oil & Gas,152.0,166.48,132.12,154.98,154.37,154.08,150.35,148.62,0.2,3.68,157.59,150.55
CI,Cigna,Health Care,Health Care Services,302.11,361.79,262.23,294.95,284.81,284.61,301.49,306.7,0.2,2.93,310.96,258.24
CINF,Cincinnati Financial,Financials,Property & Casualty Insurance,152.38,157.35,125.84,152.28,151.83,150.47,148.43,143.75,0.2,1.65,154.89,146.05
C,Citigroup,Financials,Diversified Banks,93.74,95.74,55.59,94.35,93.6,93.67,87.83,75.3,0.2,3.09,96.64,90.7
CFG,Citizens Financial Group,Financials,Regional Banks,48.39,49.45,33.59,48.59,47.89,48.08,45.95,42.99,0.2,2.85,49.77,46.39
CME,CME Group,Financials,Financial Exchanges & Data,271.49,289.38,198.12,272.89,277.06,278.05,275.46,254.16,0.2,5.76,287.13,268.97
CMS,CMS Energy,Utilities,Multi-Utilities,73.03,74.4,63.54,72.68,73.02,72.8,70.88,69.21,0.2,1.97,74.47,71.12
KO,Coca-Cola Company (The),Consumer Staples,Soft Drinks & Non-alcoholic Beverages,70.13,73.38,59.94,69.84,70.09,69.47,69.95,67.31,0.2,1.33,71.06,67.88
COIN,Coinbase,Financials,Financial Exchanges & Data,302.07,419.78,147.35,318.45,315.94,339.13,339.41,268.9,0.2,35.18,408.34,269.92
CAG,Conagra Brands,Consumer Staples,Packaged Foods & Meats,19.27,30.97,18.26,19.28,19.26,19.02,19.77,23.62,0.2,2.18,19.69,18.34
CPRT,Copart,Industrials,Diversified Support Services,47.81,63.84,45.33,47.35,47.01,46.59,47.51,55.07,0.4,0.19,47.9,45.28
GLW,Corning Inc.,Information Technology,Electronic Components,64.52,65.77,38.85,65.4,65.22,62.55,56.22,49.55,0.2,8.38,69.93,55.17
CTVA,Corteva,Materials,Fertilizers & Agricultural Chemicals,72.4,77.12,53.02,72.13,71.73,72.13,73.23,64.57,0.2,1.82,73.72,70.53
COST,Costco,Consumer Staples,Consumer Staples Merchandise Retail,980.85,1073.97,866.15,977.3,979.35,959.11,971.25,970.54,0.2,2.2,1002.43,915.76
CRWD,CrowdStrike,Information Technology,Systems Software,418.6,514.1,246.39,425.96,429.32,444.17,469.72,404.52,0.2,14.36,478.71,409.62
CCI,Crown Castle,Real Estate,Telecom Tower REITs,102.42,115.16,82.06,101.51,102.96,105.7,103.49,97.7,0.2,10.14,112.81,98.59
CSX,CSX Corporation,Industrials,Rail Transportation,36.52,36.52,26.58,36.25,35.9,35.64,34.12,32.19,0.4,0.05,36.54,34.74
CMI,Cummins,Industrials,Construction Machinery & Heavy Transportation Equipment,402.21,406.8,265.61,403.04,395.59,380.67,350.64,340.62,0.2,2.84,413.63,347.69
CVS,CVS Health,Health Care,Health Care Services,70.97,70.97,42.33,68.47,66.54,63.9,64.68,59.88,0.4,-0.65,70.51,57.3
DRI,Darden Restaurants,Consumer Discretionary,Restaurants,207.84,224.21,139.03,206.72,205.41,204.66,210.92,193.2,0.4,0.43,208.73,200.57
DDOG,Datadog,Information Technology,Application Software,128.99,168.65,87.0,127.71,130.06,136.93,135.39,127.42,0.2,19.4,154.01,119.84
DAY,Dayforce,Industrials,Human Resource & Employment Services,65.47,81.8,49.33,58.36,55.07,56.4,56.81,63.51,0.2,-0.21,65.33,47.47
DXCM,Dexcom,Health Care,Health Care Equipment,80.9,90.75,59.83,80.52,79.23,81.71,83.02,79.59,0.4,12.58,91.08,72.33
DLR,Digital Realty,Real Estate,Data Center REITs,166.57,191.46,135.17,166.66,168.19,172.21,173.24,167.47,0.2,8.96,181.49,162.91
DG,Dollar General,Consumer Staples,Consumer Staples Merchandise Retail,112.78,121.87,67.66,113.67,114.33,111.07,111.83,88.88,0.2,5.03,118.45,103.68
D,Dominion Energy,Utilities,Multi-Utilities,61.3,62.1,49.07,61.22,61.34,60.26,57.9,55.12,0.2,2.84,63.04,57.48
DPZ,Domino's,Consumer Discretionary,Restaurants,450.56,495.6,397.58,449.65,445.62,458.02,458.24,454.96,0.2,8.13,487.19,428.85
DASH,DoorDash,Consumer Discretionary,Specialized Consumer Services,248.37,270.99,123.56,250.27,256.0,252.19,240.73,198.78,0.2,7.42,266.8,237.59
DHI,D. R. Horton,Consumer Discretionary,Homebuilding,168.11,194.88,114.44,165.67,160.56,153.9,139.5,137.17,0.4,1.21,170.14,137.66
DUK,Duke Energy,Utilities,Electric Utilities,123.78,124.85,102.96,123.1,123.66,121.79,118.36,113.83,0.2,2.38,126.73,116.85
ETN,Eaton Corporation,Industrials,Electrical Components & Equipment,349.0,392.76,245.66,353.22,357.07,370.4,358.19,328.58,0.2,14.98,401.28,339.53
EBAY,eBay Inc.,Consumer Discretionary,Broadline Retail,99.89,100.77,54.55,99.77,96.99,90.92,82.49,69.97,0.2,6.45,106.33,75.51
ECL,Ecolab,Materials,Specialty Chemicals,283.66,283.66,225.1,281.28,276.79,271.2,268.93,253.58,0.4,0.69,285.62,256.77
EA,Electronic Arts,Communication Services,Interactive Home Entertainment,170.68,179.01,116.21,174.38,171.93,163.19,156.8,148.0,0.4,7.39,183.29,143.08
ELV,Elevance Health,Health Care,Managed Health Care,312.0,553.55,274.66,304.15,295.78,290.06,329.5,381.84,0.4,-0.0,312.0,268.14
EMR,Emerson Electric,Industrials,Electrical Components & Equipment,131.59,149.04,93.37,132.7,132.53,138.83,136.01,122.4,0.2,15.63,152.16,125.49
ETR,Entergy,Utilities,Electric Utilities,88.81,91.02,57.11,89.41,89.63,89.06,84.92,80.5,0.2,3.16,91.62,86.5
EQT,EQT Corporation,Energy,Oil & Gas Exploration & Production,50.54,60.26,31.49,51.48,51.45,51.95,54.86,50.51,0.4,6.33,53.74,50.16
EFX,Equifax,Industrials,Research & Consulting Services,249.91,305.2,205.11,248.92,244.76,243.98,254.19,253.82,0.4,0.71,251.68,236.26
EXE,Expand Energy,Energy,Oil & Gas Exploration & Production,93.05,120.67,68.08,94.24,95.83,97.51,105.43,102.08,0.2,10.77,103.07,91.96
EXPE,Expedia Group,Consumer Discretionary,"Hotels, Resorts & Cruise Lines",208.04,209.68,129.25,207.81,200.29,192.39,181.45,176.18,0.2,2.61,213.47,171.31
EXPD,Expeditors International,Industrials,Air Freight & Logistics,121.4,129.72,102.14,120.68,119.5,117.46,115.89,114.45,0.2,1.05,122.67,112.24
XOM,ExxonMobil,Energy,Integrated Oil & Gas,107.42,121.0,98.11,106.73,106.0,107.65,109.05,108.18,0.4,4.21,111.94,103.36
FFIV,"F5, Inc.",Information Technology,Communications Equipment,315.48,326.47,195.57,318.27,319.62,312.93,302.03,276.62,0.2,5.02,331.32,294.54
FAST,Fastenal,Industrials,Trading Companies & Distributors,49.9,49.9,32.1,49.16,48.43,47.44,44.71,40.29,0.4,0.3,50.05,44.82
FIS,Fidelity National Information Services,Financials,Transaction & Payment Processing Services,69.33,89.62,67.79,70.85,70.7,75.2,78.41,78.02,0.2,22.78,85.12,65.28
FITB,Fifth Third Bancorp,Financials,Regional Banks,42.8,47.14,33.02,42.84,42.18,42.13,41.62,40.94,0.2,1.75,43.55,40.72
FSLR,First Solar,Information Technology,Semiconductors,210.96,255.75,120.38,199.03,191.72,186.83,173.28,165.56,0.6,-1.39,208.03,165.63
FE,FirstEnergy,Utilities,Electric Utilities,43.42,43.95,37.17,43.47,43.4,42.62,40.94,40.06,0.2,2.88,44.67,40.57
F,Ford Motor Company,Consumer Discretionary,Automobile Manufacturers,11.58,11.75,8.45,11.47,11.31,11.14,11.01,10.01,0.4,0.6,11.65,10.64
FOXA,Fox Corporation (Class A),Communication Services,Broadcasting,58.15,59.89,38.72,58.62,56.58,56.31,55.79,51.94,0.2,2.44,59.57,53.05
FOX,Fox Corporation (Class B),Communication Services,Broadcasting,53.22,54.58,35.86,53.54,51.63,51.51,51.16,48.31,0.2,2.46,54.53,48.48
FCX,Freeport-McMoRan,Materials,Copper,41.46,51.16,28.93,42.12,41.67,41.9,42.86,39.8,0.4,9.17,45.26,38.53
GRMN,Garmin,Consumer Discretionary,Consumer Electronics,233.45,239.99,159.72,234.01,232.34,230.56,219.12,209.92,0.2,3.52,241.67,219.44
GEN,Gen Digital,Information Technology,Systems Software,31.5,32.03,23.31,31.53,30.71,30.21,29.84,28.05,0.4,3.24,32.52,27.89
GD,General Dynamics,Industrials,Aerospace & Defense,316.4,317.49,239.38,315.4,314.78,314.09,299.42,275.13,0.2,0.33,317.44,310.74
GM,General Motors,Consumer Discretionary,Automobile Manufacturers,57.06,59.72,42.35,56.32,54.87,53.82,51.94,50.25,0.4,-0.21,56.94,50.71
GPC,Genuine Parts Company,Consumer Discretionary,Distributors,138.75,140.16,104.68,137.9,135.82,133.97,127.57,120.99,0.4,0.55,139.51,128.42
GILD,Gilead Sciences,Health Care,Biotechnology,117.98,120.47,71.47,118.7,117.4,115.57,112.16,102.6,0.4,3.49,122.1,109.04
GL,Globe Life,Financials,Life & Health Insurance,136.77,143.27,96.05,137.15,138.68,137.67,127.53,119.99,0.2,6.55,145.73,129.6
GS,Goldman Sachs,Financials,Investment Banking & Brokerage,721.38,747.2,459.93,734.99,730.33,726.77,696.6,607.04,0.2,3.35,745.55,708.02
HIG,Hartford (The),Financials,Property & Casualty Insurance,131.81,131.81,105.42,130.88,129.59,126.86,125.2,118.95,0.4,1.04,133.18,120.55
HAS,Hasbro,Consumer Discretionary,Leisure Products,80.05,81.51,50.19,80.71,79.13,77.52,75.06,63.9,0.4,2.02,81.67,73.37
HCA,HCA Healthcare,Health Care,Health Care Facilities,402.69,412.92,295.46,395.24,387.05,368.88,371.55,342.59,0.2,1.9,410.34,327.4
HSY,Hershey Company (The),Consumer Staples,Packaged Foods & Meats,180.77,196.72,141.22,178.95,180.01,182.71,174.25,166.46,0.2,5.8,191.25,174.17
HPE,Hewlett Packard Enterprise,Information Technology,"Technology Hardware, Storage & Peripherals",21.34,24.05,12.42,21.4,21.03,20.76,20.01,19.21,0.4,2.2,21.81,19.72
HLT,Hilton Worldwide,Consumer Discretionary,"Hotels, Resorts & Cruise Lines",271.73,278.65,201.16,270.36,266.58,267.11,264.75,249.15,0.2,1.78,276.57,257.65
HD,Home Depot (The),Consumer Discretionary,Home Improvement Retail,407.2,426.0,333.17,401.76,395.31,385.6,372.13,379.86,0.2,0.4,408.83,362.35
HON,Honeywell,Industrials,Industrial Conglomerates,216.74,239.16,180.99,217.12,216.55,219.64,226.02,216.99,0.2,5.97,229.68,209.6
HST,Host Hotels & Resorts,Real Estate,Hotel & Resort REITs,16.13,18.25,12.54,15.96,15.68,15.87,15.87,15.8,0.4,3.72,16.73,15.02
HWM,Howmet Aerospace,Industrials,Aerospace & Defense,171.9,192.01,91.19,173.8,177.39,181.47,179.61,141.7,0.2,12.26,192.97,169.96
HBAN,Huntington Bancshares,Financials,Regional Banks,16.62,17.67,12.37,16.68,16.39,16.45,16.53,15.88,0.2,2.65,17.06,15.84
HII,Huntington Ingalls Industries,Industrials,Aerospace & Defense,265.4,278.86,157.56,267.23,266.94,266.51,252.47,212.24,0.2,3.47,274.61,258.41
IBM,IBM,Information Technology,IT Consulting & Other Services,241.28,292.8,188.46,239.53,241.0,249.33,269.89,244.05,0.2,12.42,271.25,227.42
IDXX,Idexx Laboratories,Health Care,Health Care Equipment,636.71,682.78,361.04,648.66,648.0,612.1,562.62,470.95,0.2,11.57,710.38,513.83
ITW,Illinois Tool Works,Industrials,Industrial Machinery & Supplies & Components,263.94,273.51,217.09,262.32,260.03,258.91,253.92,252.56,0.2,0.92,266.37,251.44
INCY,Incyte,Health Care,Biotechnology,85.46,86.92,55.17,85.86,82.43,78.35,72.58,69.36,0.2,4.2,89.05,67.66
PODD,Insulet Corporation,Health Care,Health Care Equipment,327.48,327.48,180.69,319.26,309.87,299.31,299.35,278.7,0.4,0.26,328.33,270.29
INTC,Intel,Information Technology,Semiconductors,25.31,27.39,18.13,23.92,22.22,21.46,21.92,21.68,0.6,-1.03,25.05,17.87
INTU,Intuit,Information Technology,Application Software,701.03,807.39,542.39,711.47,726.7,756.9,760.91,661.56,0.2,18.3,829.32,684.52
IVZ,Invesco,Financials,Asset Management & Custody Banks,20.83,21.6,11.86,21.12,20.85,20.99,18.09,16.45,0.2,4.42,21.75,20.22
JBL,Jabil,Information Technology,Electronic Manufacturing Services,206.1,230.3,100.84,214.68,219.15,221.3,214.2,164.01,0.2,12.76,232.4,210.21
J,Jacobs Solutions,Industrials,Construction & Engineering,147.76,152.18,109.42,148.6,148.28,145.18,137.19,130.68,0.2,2.98,152.16,138.2
JNJ,Johnson & Johnson,Health Care,Pharmaceuticals,177.8,177.8,139.73,175.97,174.19,171.21,162.22,154.73,0.4,0.34,178.4,164.03
KDP,Keurig Dr Pepper,Consumer Staples,Soft Drinks & Non-alcoholic Beverages,35.18,36.99,29.97,34.81,34.52,33.94,33.52,32.82,0.2,0.57,35.38,32.5
KMI,Kinder Morgan,Energy,Oil & Gas Storage & Transportation,26.4,30.24,19.94,26.6,26.69,27.12,27.46,26.89,0.4,7.31,28.33,25.91
LHX,L3Harris,Industrials,Aerospace & Defense,272.23,278.26,192.63,271.19,271.69,272.71,261.69,230.37,0.2,2.4,278.76,266.67
LH,Labcorp,Health Care,Health Care Services,275.77,275.77,210.19,272.09,268.41,265.18,260.04,243.38,0.6,0.19,276.29,254.06
LVS,Las Vegas Sands,Consumer Discretionary,Casinos & Gaming,53.6,54.33,30.35,53.7,53.38,52.53,48.27,44.88,0.2,2.74,55.07,49.99
LDOS,Leidos,Industrials,Diversified Support Services,178.74,199.72,126.1,178.98,177.63,170.12,161.8,151.87,0.2,4.22,186.28,153.95
LIN,Linde plc,Materials,Industrial Gases,479.92,481.83,410.23,478.35,474.87,471.26,468.76,452.87,0.2,0.47,482.18,460.33
LYV,Live Nation Entertainment,Communication Services,Movies & Entertainment,162.9,162.9,92.78,161.28,157.0,154.05,149.72,138.43,0.4,0.64,163.94,144.14
LMT,Lockheed Martin,Industrials,Aerospace & Defense,441.1,602.16,410.74,439.84,434.82,428.17,450.55,468.52,0.2,0.7,444.19,412.15
L,Loews Corporation,Financials,Multi-line Insurance,95.95,95.95,76.32,95.31,94.56,92.97,91.39,86.96,0.4,0.75,96.67,89.26
MTB,M&T Bank,Financials,Regional Banks,190.36,217.42,155.42,191.65,189.23,190.28,191.68,187.86,0.4,3.59,197.19,183.36
MAR,Marriott International,Consumer Discretionary,"Hotels, Resorts & Cruise Lines",266.78,302.99,210.58,266.9,264.07,266.18,268.92,266.53,0.4,4.53,278.87,253.48
MMC,Marsh McLennan,Financials,Insurance Brokers,210.93,243.22,197.78,208.43,206.08,204.74,210.49,220.49,0.2,0.73,212.47,196.99
MA,Mastercard,Financials,Transaction & Payment Processing Services,585.51,589.94,463.77,582.6,576.55,570.61,564.25,545.09,0.4,0.26,587.03,554.16
MTCH,Match Group,Communication Services,Interactive Media & Services,37.85,38.74,26.87,38.27,37.32,35.69,33.25,31.81,0.4,3.83,39.3,32.07
META,Meta Platforms,Communication Services,Interactive Media & Services,751.48,790.0,484.29,773.26,772.53,752.12,726.55,640.04,0.2,8.11,812.43,691.83
MTD,Mettler Toledo,Health Care,Life Sciences Tools & Services,1322.57,1499.7,970.15,1316.79,1284.81,1266.49,1220.64,1216.77,0.2,1.03,1336.19,1196.77
MGM,MGM Resorts,Consumer Discretionary,Casinos & Gaming,36.71,41.99,25.79,36.32,35.54,36.3,35.88,34.23,0.4,6.07,38.94,33.67
MU,Micron Technology,Information Technology,Semiconductors,122.05,127.79,64.66,123.21,120.7,115.43,118.02,99.52,0.4,5.85,129.19,101.67
MSFT,Microsoft,Information Technology,Systems Software,509.77,535.64,353.91,518.02,520.89,519.93,503.58,437.94,0.2,5.06,535.56,504.31
MDLZ,Mondelez International,Consumer Staples,Packaged Foods & Meats,62.66,73.6,55.34,62.05,61.95,64.46,66.43,63.78,0.2,13.65,71.21,57.72
MPWR,Monolithic Power Systems,Information Technology,Semiconductors,844.8,939.39,454.23,846.44,827.83,787.49,748.54,654.1,0.4,5.59,892.02,682.97
MNST,Monster Beverage,Consumer Staples,Soft Drinks & Non-alcoholic Beverages,63.99,64.69,46.16,64.22,63.38,61.68,61.67,56.77,0.2,3.14,66.0,57.37
MS,Morgan Stanley,Financials,Investment Banking & Brokerage,144.07,148.51,93.79,145.95,144.63,143.13,139.47,127.53,0.2,2.75,148.03,138.22
MOS,Mosaic Company (The),Materials,Fertilizers & Agricultural Chemicals,32.24,37.81,22.62,32.26,31.96,34.16,35.26,29.37,0.2,20.16,38.74,29.59
NEM,Newmont,Materials,Gold,67.38,69.33,36.61,68.55,68.65,66.13,61.36,49.44,0.2,6.69,71.89,60.36
NWSA,News Corp (Class A),Communication Services,Publishing,29.85,30.38,23.97,29.65,29.24,29.29,29.15,28.18,0.2,0.6,30.03,28.55
NWS,News Corp (Class B),Communication Services,Publishing,34.57,34.89,26.94,34.25,33.78,33.67,33.55,31.95,0.6,-0.14,34.52,32.82
NEE,NextEra Energy,Utilities,Multi-Utilities,76.51,83.49,63.6,74.44,73.2,72.31,72.88,70.99,0.4,-1.15,75.63,68.98
NKE,"Nike, Inc.",Consumer Discretionary,"Apparel, Accessories & Luxury Goods",76.88,87.95,52.92,76.97,75.78,75.95,71.39,69.85,0.2,2.55,78.84,73.06
NDSN,Nordson Corporation,Industrials,Industrial Machinery & Supplies & Components,217.5,261.43,166.9,216.77,214.45,215.49,216.47,214.36,0.4,2.5,222.94,208.05
NSC,Norfolk Southern,Industrials,Rail Transportation,285.53,285.53,204.09,282.08,281.04,279.77,266.85,246.72,0.4,-0.07,285.33,274.23
NRG,NRG Energy,Utilities,Independent Power Producers & Energy Traders,148.38,173.91,75.33,151.24,151.93,157.86,154.71,117.95,0.2,16.55,172.94,142.77
NUE,Nucor,Materials,Steel,145.91,165.5,102.79,145.23,142.06,141.96,136.06,128.92,0.2,1.5,148.1,135.81
NVDA,Nvidia,Information Technology,Semiconductors,175.64,183.16,94.3,180.34,180.98,178.46,165.02,137.24,0.2,5.63,185.53,171.39
NXPI,NXP Semiconductors,Information Technology,Semiconductors,229.27,253.51,152.79,230.42,219.63,219.45,220.28,210.05,0.2,4.07,238.6,200.29
ORLY,O’Reilly Automotive,Consumer Discretionary,Automotive Retail,103.06,104.44,73.94,102.03,102.69,100.74,94.78,88.85,0.2,2.5,105.64,95.83
PANW,Palo Alto Networks,Information Technology,Systems Software,181.56,208.28,152.44,177.05,173.68,180.42,191.13,187.34,0.6,12.97,205.11,155.74
PSKY,Paramount Skydance Corporation,Communication Services,Movies & Entertainment,13.48,15.0,9.8,14.02,12.45,12.66,12.58,11.49,0.4,12.39,15.15,10.17
PAYC,Paycom,Industrials,Human Resource & Employment Services,227.93,265.71,154.16,221.58,223.06,228.19,231.59,224.14,0.4,6.68,243.16,213.22
PNR,Pentair,Industrials,Industrial Machinery & Supplies & Components,107.08,109.01,75.76,106.66,104.96,103.77,103.03,97.96,0.2,0.83,107.97,99.58
PEP,PepsiCo,Consumer Staples,Soft Drinks & Non-alcoholic Beverages,152.16,173.24,127.06,150.02,147.18,144.49,138.13,143.58,0.2,0.17,152.42,136.57
PFE,Pfizer,Health Care,Pharmaceuticals,25.32,28.21,20.83,25.16,24.78,24.49,24.35,24.23,0.2,1.46,25.69,23.3
PM,Philip Morris International,Consumer Staples,Tobacco,168.77,183.57,113.6,166.54,167.7,165.02,173.97,151.35,0.4,1.61,171.49,158.57
PSX,Phillips 66,Energy,Oil & Gas Refining & Marketing,122.17,136.52,91.98,122.79,121.06,122.75,123.7,119.04,0.4,5.2,128.52,116.98
PNC,PNC Financial Services,Financials,Diversified Banks,192.99,209.23,146.94,192.85,190.94,191.67,188.5,183.46,0.2,2.53,197.87,185.47
PPL,PPL Corporation,Utilities,Electric Utilities,36.73,37.24,30.19,36.77,36.59,36.34,35.09,33.97,0.2,1.31,37.21,35.47
PLD,Prologis,Real Estate,Industrial REITs,110.76,127.92,88.91,106.97,106.14,107.04,107.07,108.69,0.2,0.25,111.04,103.03
PTC,PTC Inc.,Information Technology,Application Software,209.87,216.41,136.74,208.08,207.55,207.61,190.9,178.09,0.2,3.4,217.01,198.22
PHM,PulteGroup,Consumer Discretionary,Homebuilding,130.37,148.13,91.82,129.16,125.19,121.04,112.7,110.6,0.2,1.04,131.73,110.36
QCOM,Qualcomm,Information Technology,Semiconductors,156.25,175.11,123.92,157.54,152.87,153.86,155.72,155.1,0.2,5.91,165.48,142.23
DGX,Quest Diagnostics,Health Care,Health Care Services,182.83,182.83,144.81,179.81,178.03,173.99,174.44,166.0,0.6,0.27,183.32,164.64
O,Realty Income,Real Estate,Retail REITs,59.01,61.73,49.83,58.21,57.76,57.39,57.13,55.02,0.4,-0.39,58.78,56.0
RF,Regions Financial Corporation,Financials,Regional Banks,25.72,26.62,18.13,25.78,25.33,25.56,24.4,23.09,0.2,3.85,26.71,24.41
RSG,Republic Services,Industrials,Environmental & Facilities Services,234.8,257.46,196.49,233.07,234.23,236.03,241.05,229.66,0.2,4.82,246.12,225.95
RMD,ResMed,Health Care,Health Care Equipment,286.04,290.83,203.67,285.89,283.87,280.56,264.99,242.2,0.2,1.97,291.67,269.44
RCL,Royal Caribbean Group,Consumer Discretionary,"Hotels, Resorts & Cruise Lines",330.07,352.84,154.84,319.31,313.77,323.47,313.87,251.86,0.4,7.93,356.24,290.69
SPGI,S&P Global,Financials,Financial Exchanges & Data,554.43,564.15,437.5,557.77,558.23,549.36,531.25,509.8,0.2,3.89,576.0,522.74
STX,Seagate Technology,Information Technology,"Technology Hardware, Storage & Peripherals",157.93,158.7,66.19,156.74,153.68,153.11,145.23,106.77,0.2,1.14,159.73,146.48
SOLV,Solventum,Health Care,Health Care Technology,72.27,84.04,59.4,72.41,72.39,72.8,73.89,72.21,0.2,3.78,75.0,70.6
LUV,Southwest Airlines,Industrials,Passenger Airlines,31.59,37.7,23.9,31.21,30.47,31.17,32.85,31.4,0.2,10.32,34.85,27.49
STT,State Street Corporation,Financials,Asset Management & Custody Banks,111.15,113.6,74.79,111.7,111.14,111.25,106.96,96.3,0.2,2.4,113.82,108.68
STLD,Steel Dynamics,Materials,Steel,128.22,152.49,106.43,127.45,125.26,126.05,129.35,128.21,0.4,3.0,132.07,120.03
STE,Steris,Health Care,Health Care Equipment,247.62,251.96,201.46,246.19,241.66,234.48,234.73,224.61,0.4,1.98,252.52,216.45
SYK,Stryker Corporation,Health Care,Health Care Equipment,389.94,403.53,334.87,382.19,379.31,386.44,386.72,377.91,0.6,4.3,406.71,366.17
SMCI,Supermicro,Information Technology,"Technology Hardware, Storage & Peripherals",43.24,62.88,18.01,45.21,45.57,51.25,48.88,39.01,0.2,46.65,63.41,39.08
SYF,Synchrony Financial,Financials,Consumer Finance,71.59,72.83,43.38,72.06,70.96,70.72,67.91,61.63,0.2,3.18,73.87,67.57
SNPS,Synopsys,Information Technology,Application Software,612.79,645.35,380.9,618.19,619.85,620.73,563.3,508.15,0.2,5.16,644.41,597.04
SYY,Sysco,Consumer Staples,Food Distributors,79.49,82.19,67.53,80.32,80.47,80.13,77.63,74.12,0.2,2.97,81.85,78.42
TTWO,Take-Two Interactive,Communication Services,Interactive Home Entertainment,228.36,243.05,147.66,232.48,228.87,226.85,233.29,209.41,0.6,3.33,235.96,217.75
TEL,TE Connectivity,Information Technology,Electronic Manufacturing Services,203.39,209.34,121.47,204.61,202.9,204.16,184.03,156.52,0.2,3.23,209.96,198.36
TXN,Texas Instruments,Information Technology,Semiconductors,195.94,219.66,143.34,194.37,190.76,187.83,199.63,186.28,0.6,0.64,197.19,178.47
TXT,Textron,Industrials,Aerospace & Defense,79.68,91.11,60.7,79.86,78.73,79.04,80.16,76.77,0.6,4.77,83.48,74.59
TJX,TJX Companies,Consumer Discretionary,Apparel Retail,134.62,134.62,110.06,133.38,132.61,129.36,125.93,123.34,0.2,1.24,136.29,122.43
TKO,TKO Group Holdings,Communication Services,Movies & Entertainment,184.9,191.28,113.12,188.32,178.72,173.13,172.34,154.12,0.4,5.27,194.64,151.61
TSCO,Tractor Supply,Consumer Discretionary,Other Specialty Retail,62.28,62.28,47.8,60.66,60.16,59.42,56.35,54.11,0.4,-0.8,61.78,57.06
TT,Trane Technologies,Industrials,Building Products,428.79,472.54,314.52,428.9,429.68,440.25,435.3,392.01,0.2,10.31,473.0,407.49
TDG,TransDigm Group,Industrials,Aerospace & Defense,1397.78,1620.83,1212.43,1402.87,1405.47,1495.62,1499.92,1377.97,0.2,21.2,1694.11,1297.17
TRV,Travelers Companies (The),Financials,Property & Casualty Insurance,268.87,275.2,212.97,267.45,266.33,263.57,262.51,255.08,0.2,0.79,270.99,256.14
TFC,Truist Financial,Financials,Diversified Banks,44.18,46.42,33.92,44.54,43.74,43.83,42.94,42.0,0.2,3.53,45.74,41.92
USB,U.S. Bancorp,Financials,Diversified Banks,46.21,51.9,36.0,46.34,45.54,45.5,45.36,44.96,0.4,2.32,47.28,43.73
UBER,Uber,Industrials,Passenger Ground Transportation,95.32,97.48,59.93,92.83,91.79,90.39,90.43,77.78,0.4,-0.58,94.77,86.01
ULTA,Ulta Beauty,Consumer Discretionary,Other Specialty Retail,516.55,532.71,314.47,522.66,514.86,514.17,489.97,415.17,0.2,2.6,529.98,498.38
URI,United Rentals,Industrials,Trading Companies & Distributors,915.64,932.23,549.5,918.45,894.52,881.85,806.87,732.5,0.4,2.88,942.01,821.66
UHS,Universal Health Services,Health Care,Health Care Facilities,182.56,240.75,154.95,179.18,174.76,168.27,173.04,182.57,0.2,1.07,184.51,152.04
VLO,Valero Energy,Energy,Oil & Gas Refining & Marketing,137.93,153.55,102.97,136.7,134.8,137.1,138.83,129.47,0.6,5.04,144.88,129.33
VTR,Ventas,Real Estate,Health Care REITs,67.96,69.55,56.07,67.7,68.13,67.63,65.19,63.65,0.2,2.15,69.42,65.83
VLTO,Veralto,Industrials,Environmental & Facilities Services,108.1,113.22,85.23,107.9,107.81,106.18,102.87,100.46,0.2,2.04,110.31,102.04
VRSK,Verisk Analytics,Industrials,Research & Consulting Services,271.01,320.87,260.0,267.29,265.84,274.85,293.58,290.99,0.2,10.9,300.55,249.15
VZ,Verizon,Communication Services,Integrated Telecommunication Services,44.94,45.03,36.62,44.16,43.57,43.18,42.47,41.25,0.2,-0.98,44.5,41.86
VICI,Vici Properties,Real Estate,Hotel & Resort REITs,32.47,33.93,27.46,32.56,32.74,32.93,32.77,30.98,0.2,4.07,33.79,32.08
V,Visa Inc.,Financials,Transaction & Payment Processing Services,342.45,372.65,264.61,343.54,339.66,343.94,349.36,336.01,0.2,4.61,358.24,329.66
VMC,Vulcan Materials Company,Materials,Construction Materials,292.84,295.15,219.65,292.52,288.76,281.49,270.48,262.8,0.4,1.98,298.64,264.34
WRB,W. R. Berkley Corporation,Financials,Property & Casualty Insurance,71.56,74.57,55.33,71.15,70.7,69.86,70.56,65.28,0.2,0.59,71.98,67.74
WAB,Wabtec,Industrials,Construction Machinery & Heavy Transportation Equipment,192.68,214.1,158.54,191.35,190.8,192.65,201.79,194.17,0.2,6.23,204.68,180.63
WBA,Walgreens Boots Alliance,Consumer Staples,Drug Retail,12.08,12.93,8.01,11.99,11.94,11.78,11.58,10.71,0.2,0.33,12.12,11.44
WMT,Walmart,Consumer Staples,Consumer Staples Merchandise Retail,101.29,104.27,72.74,100.67,101.99,99.81,97.56,93.64,0.2,3.49,104.83,94.8
WELL,Welltower,Real Estate,Health Care REITs,163.57,168.94,113.43,162.76,165.03,164.4,157.66,144.41,0.2,4.27,170.55,158.25
WDC,Western Digital,Information Technology,"Technology Hardware, Storage & Peripherals",75.86,78.69,30.48,75.9,75.33,73.99,67.26,52.07,0.2,5.52,80.05,67.93
WSM,"Williams-Sonoma, Inc.",Consumer Discretionary,Homefurnishing Retail,202.69,215.83,126.49,204.64,202.99,196.04,177.02,173.54,0.2,5.54,213.92,178.16
WMB,Williams Companies,Energy,Oil & Gas Storage & Transportation,56.57,62.87,42.55,57.15,57.6,58.27,58.88,56.94,0.4,6.74,60.38,56.16
WDAY,"Workday, Inc.",Information Technology,Application Software,229.79,279.91,210.47,226.54,223.31,228.51,234.32,248.92,0.2,6.65,245.07,211.93
WYNN,Wynn Resorts,Consumer Discretionary,Casinos & Gaming,112.83,112.83,65.78,110.57,109.36,108.93,102.67,90.08,0.2,-0.15,112.66,105.19
XYL,Xylem Inc.,Industrials,Industrial Machinery & Supplies & Components,141.83,144.62,102.53,141.77,142.49,139.48,133.32,124.49,0.2,5.64,149.83,129.14
YUM,Yum! Brands,Consumer Discretionary,Restaurants,152.01,161.74,122.07,148.22,144.96,145.12,145.78,142.49,0.4,-0.51,151.23,139.0
ZTS,Zoetis,Health Care,Pharmaceuticals,155.67,194.12,143.44,153.52,150.85,150.43,154.51,162.12,0.4,0.26,156.07,144.77
