Symbol,Company,GICS_Sector,GICS_Sub_Industry,Current_Price,High_52_Week,Low_52_Week,SMA5,SMA10,SMA20,SMA50,SMA200,Score,Target_Pcnt,Target_Price,Stop_Loss
MMM,3M,Industrials,Industrial Conglomerates,154.34,160.2,122.88,155.29,154.55,151.95,151.21,142.41,0.2,3.19,159.26,144.63
AOS,A. O. Smith,Industrials,Building Products,72.82,88.84,59.04,72.67,71.72,71.39,68.41,67.86,0.4,0.92,73.49,69.3
ABT,Abbott Laboratories,Health Care,Health Care Equipment,131.25,138.95,108.68,130.39,131.16,129.33,131.04,125.69,0.2,2.16,134.08,124.58
ABBV,AbbVie,Health Care,Biotechnology,206.19,212.84,160.57,205.12,201.61,196.84,191.1,185.76,0.2,1.28,208.83,184.86
ACN,Accenture,Information Technology,IT Consulting & Other Services,255.88,394.31,237.87,248.77,244.88,257.9,281.24,322.03,-0.2,13.45,290.3,225.49
ADBE,Adobe Inc.,Information Technology,Application Software,361.03,586.55,333.65,354.55,346.98,353.6,371.05,417.73,0.2,5.06,379.3,327.89
AMD,Advanced Micro Devices,Information Technology,Semiconductors,166.55,184.42,78.21,177.11,174.11,172.9,152.27,124.51,0.2,11.53,185.75,160.05
AES,AES Corporation,Utilities,Independent Power Producers & Energy Traders,13.3,19.11,9.5,13.19,13.05,13.17,12.17,11.62,0.2,3.38,13.75,12.58
AFL,Aflac,Financials,Life & Health Insurance,106.89,113.48,98.09,105.81,104.49,102.44,102.68,104.73,0.0,0.8,107.75,97.14
A,Agilent Technologies,Health Care,Life Sciences Tools & Services,120.11,151.96,99.08,119.32,116.99,117.27,117.73,124.15,-0.2,1.96,122.46,112.07
APD,Air Products,Materials,Industrial Gases,290.22,333.89,247.03,291.04,289.48,290.98,287.28,292.81,-0.4,3.31,299.83,282.13
ABNB,Airbnb,Consumer Discretionary,"Hotels, Resorts & Cruise Lines",126.0,161.42,105.69,125.16,123.72,129.76,133.42,131.86,0.0,14.71,144.53,114.97
AKAM,Akamai Technologies,Information Technology,Internet Services & Infrastructure,76.49,106.67,68.21,75.18,73.82,75.87,77.68,85.08,0.2,7.27,82.05,69.7
ALB,Albemarle Corporation,Materials,Specialty Chemicals,80.55,109.53,50.43,81.79,78.05,75.75,70.2,76.64,0.0,9.36,88.09,63.42
ARE,Alexandria Real Estate Equities,Real Estate,Office REITs,78.27,117.87,66.61,76.21,74.92,77.04,75.6,86.4,0.2,6.0,82.97,71.11
ALGN,Align Technology,Health Care,Health Care Supplies,143.77,257.17,129.01,143.95,141.06,159.1,177.43,192.17,0.0,52.55,219.32,98.89
ALLE,Allegion,Industrials,Building Products,169.86,169.86,118.08,168.48,166.52,165.22,152.8,138.03,0.0,0.94,171.46,159.0
LNT,Alliant Energy,Utilities,Electric Utilities,66.02,66.34,54.87,65.03,65.28,65.05,62.69,60.59,0.2,0.89,66.61,63.49
ALL,Allstate,Financials,Property & Casualty Insurance,210.38,211.62,175.45,208.35,207.58,202.64,198.71,196.13,0.4,2.07,214.73,190.56
GOOGL,Alphabet Inc. (Class A),Communication Services,Interactive Media & Services,201.57,205.89,144.53,202.77,201.22,197.17,185.31,176.87,0.2,2.52,206.65,187.69
GOOG,Alphabet Inc. (Class C),Communication Services,Interactive Media & Services,202.49,207.22,146.4,203.71,202.06,198.03,186.27,178.38,0.2,2.45,207.45,188.61
MO,Altria,Consumer Staples,Tobacco,66.56,66.56,46.47,65.88,65.2,62.95,60.49,55.68,0.2,2.24,68.05,57.85
AMZN,Amazon,Consumer Discretionary,Broadline Retail,228.01,242.06,167.32,229.21,225.7,225.86,221.9,211.7,0.2,4.85,239.07,212.65
AMCR,Amcor,Materials,Paper & Plastic Packaging Products & Materials,8.53,10.94,8.45,8.89,9.26,9.41,9.39,9.5,-0.4,20.28,10.26,8.55
AEE,Ameren,Utilities,Multi-Utilities,101.86,103.26,79.24,101.2,101.39,101.02,98.09,94.88,0.0,1.43,103.32,98.73
AEP,American Electric Power,Utilities,Electric Utilities,112.66,114.06,87.97,112.26,112.32,111.36,106.37,100.55,0.2,2.41,115.38,107.34
AXP,American Express,Financials,Consumer Finance,306.1,328.13,230.81,306.64,302.04,303.02,306.63,291.96,0.4,2.7,314.36,291.66
AIG,American International Group,Financials,Multi-line Insurance,81.29,87.26,69.3,80.38,79.28,78.93,81.67,78.69,0.2,0.02,81.31,76.55
AMT,American Tower,Real Estate,Telecom Tower REITs,206.65,235.15,170.7,204.7,205.96,212.1,216.75,204.02,0.0,11.33,230.06,194.14
AWK,American Water Works,Utilities,Water Utilities,145.21,150.19,118.87,143.79,143.5,142.17,141.17,135.73,0.2,1.17,146.91,137.43
AMP,Ameriprise Financial,Financials,Asset Management & Custody Banks,506.26,569.83,419.45,507.58,507.34,511.27,519.76,516.84,0.0,4.32,528.13,494.42
AME,Ametek,Industrials,Electrical Components & Equipment,185.2,196.4,151.15,184.17,183.81,182.52,180.7,179.8,0.2,1.39,187.77,177.27
AMGN,Amgen,Health Care,Biotechnology,295.55,329.11,254.27,292.85,289.19,295.82,293.31,286.93,0.2,5.46,311.69,279.97
APH,Amphenol,Information Technology,Electronic Components,109.98,111.85,58.99,110.16,110.05,107.78,101.45,79.34,0.0,3.06,113.35,102.21
ADI,Analog Devices,Information Technology,Semiconductors,230.44,245.68,163.85,233.49,229.13,227.78,233.42,215.82,0.4,3.1,237.58,217.99
AON,Aon plc,Financials,Insurance Brokers,372.86,407.61,329.45,368.5,366.95,363.04,357.44,369.05,-0.2,0.69,375.43,350.63
APA,APA Corporation,Energy,Oil & Gas Exploration & Production,20.24,27.9,13.62,20.44,20.01,19.55,19.27,19.67,-0.2,4.1,21.07,18.03
APO,Apollo Global Management,Financials,Asset Management & Custody Banks,137.08,176.82,105.37,139.19,140.9,143.57,142.28,147.56,0.0,10.99,152.15,135.0
AAPL,Apple Inc.,Information Technology,"Technology Hardware, Storage & Peripherals",230.56,258.1,172.0,231.83,227.79,218.39,210.52,220.49,0.0,4.14,240.11,196.68
AMAT,Applied Materials,Information Technology,Semiconductor Materials & Equipment,162.22,212.29,126.59,173.16,178.48,181.78,183.43,169.36,0.0,22.99,199.51,164.05
APTV,Aptiv,Consumer Discretionary,Automotive Parts & Equipment,76.14,76.14,47.92,75.01,71.13,69.67,69.5,62.69,0.4,1.39,77.2,62.13
ACGL,Arch Capital Group,Financials,Property & Casualty Insurance,91.84,109.22,84.99,90.86,89.94,88.72,89.36,92.3,0.2,0.33,92.14,85.3
ADM,Archer Daniels Midland,Consumer Staples,Agricultural Products & Services,59.96,60.56,41.37,59.7,58.78,56.95,54.72,50.06,0.4,2.03,61.18,52.73
ANET,Arista Networks,Information Technology,Communications Equipment,132.78,141.25,64.37,136.52,137.87,127.88,111.52,100.44,0.2,11.91,148.59,107.16
AJG,Arthur J. Gallagher & Co.,Financials,Insurance Brokers,300.98,348.08,274.44,295.34,292.2,294.1,307.24,311.96,-0.2,3.96,312.9,275.31
AIZ,Assurant,Financials,Multi-line Insurance,213.74,226.12,179.02,212.38,209.21,197.84,195.27,202.75,0.0,3.59,221.41,174.27
T,AT&T,Communication Services,Integrated Telecommunication Services,28.98,28.98,18.47,28.78,28.42,28.05,27.83,25.45,0.4,0.28,29.06,27.03
ATO,Atmos Energy,Utilities,Gas Utilities,165.81,166.98,126.22,165.66,164.31,160.48,156.54,149.33,0.4,2.04,169.19,151.75
ADSK,Autodesk,Information Technology,Application Software,289.24,321.27,238.84,287.28,289.29,295.96,298.33,290.33,0.2,8.03,312.47,279.46
ADP,Automatic Data Processing,Industrials,Human Resource & Employment Services,305.72,325.19,258.73,303.36,303.11,304.41,305.47,301.21,0.2,1.7,310.92,297.9
AZO,AutoZone,Consumer Discretionary,Automotive Retail,4128.8,4128.8,2981.19,4040.91,4041.03,3948.18,3786.95,3537.07,0.4,0.97,4168.85,3727.44
AVB,AvalonBay Communities,Real Estate,Multi-Family Residential REITs,191.45,232.03,182.72,190.13,188.42,191.44,198.5,208.81,-0.2,6.91,204.68,178.2
AVY,Avery Dennison,Materials,Paper & Plastic Packaging Products & Materials,175.29,219.16,158.75,175.9,173.44,172.72,176.48,182.0,-0.2,3.46,181.36,164.09
AXON,Axon Enterprise,Industrials,Aerospace & Defense,758.29,870.97,354.62,763.9,798.39,772.85,773.53,649.59,-0.2,15.26,874.01,671.7
BKR,Baker Hughes,Energy,Oil & Gas Equipment & Services,42.95,48.05,32.21,42.94,42.96,43.89,40.88,41.01,-0.4,7.68,46.25,41.54
BALL,Ball Corporation,Materials,"Metal, Glass & Plastic Containers",53.14,67.18,44.77,53.67,53.62,55.78,56.55,54.37,0.2,14.13,60.65,50.92
BAC,Bank of America,Financials,Diversified Banks,48.08,48.93,34.19,47.58,46.79,47.07,46.73,44.07,0.2,2.56,49.31,44.82
BAX,Baxter International,Health Care,Health Care Equipment,24.33,39.64,21.76,24.14,23.79,24.94,27.91,30.62,-0.2,23.43,30.03,19.85
BDX,Becton Dickinson,Health Care,Health Care Equipment,198.03,246.46,164.16,195.99,192.1,186.49,179.16,205.57,0.0,2.04,202.07,170.92
BRK-B,Berkshire Hathaway,Financials,Multi-Sector Holdings,485.31,539.8,442.29,479.51,472.85,473.9,479.15,486.05,0.2,0.8,489.19,458.63
BBY,Best Buy,Consumer Discretionary,Computer & Electronics Retail,74.1,99.54,55.4,72.4,70.48,68.52,69.2,75.47,0.0,-0.42,73.79,63.25
TECH,Bio-Techne,Health Care,Life Sciences Tools & Services,54.87,79.93,46.59,53.99,52.3,54.4,52.75,60.99,-0.2,9.28,59.96,48.84
BIIB,Biogen,Health Care,Biotechnology,138.86,206.18,113.38,136.7,132.82,131.61,130.45,138.84,0.0,-0.18,138.61,124.6
BLK,BlackRock,Financials,Asset Management & Custody Banks,1128.47,1160.16,811.42,1143.96,1136.57,1125.26,1075.53,996.52,0.2,2.81,1160.18,1090.36
BX,Blackstone Inc.,Financials,Asset Management & Custody Banks,167.29,194.8,118.51,171.89,170.91,171.99,159.19,157.53,-0.2,6.74,178.57,165.41
XYZ,"Block, Inc.",Financials,Transaction & Payment Processing Services,74.3,98.92,46.53,75.96,75.38,76.65,71.05,72.19,-0.2,9.15,81.1,72.2
BK,BNY Mellon,Financials,Asset Management & Custody Banks,101.08,103.61,63.75,101.82,102.35,101.56,95.85,84.87,0.2,2.92,104.03,99.08
BA,Boeing,Industrials,Aerospace & Defense,225.0,236.41,136.59,231.85,229.93,228.84,220.34,184.26,0.2,5.81,238.07,219.61
BKNG,Booking Holdings,Consumer Discretionary,"Hotels, Resorts & Cruise Lines",5584.08,5815.92,3590.94,5500.61,5470.32,5521.42,5560.87,5078.38,0.4,2.48,5722.57,5320.07
BSX,Boston Scientific,Health Care,Health Care Equipment,103.75,107.76,78.25,103.32,103.11,104.61,103.59,98.95,0.2,4.02,107.92,101.3
BMY,Bristol Myers Squibb,Health Care,Pharmaceuticals,48.34,61.62,43.31,48.13,46.92,46.74,47.06,52.2,-0.2,3.31,49.94,43.53
AVGO,Broadcom,Information Technology,Semiconductors,294.91,312.83,135.46,305.47,305.45,299.22,279.68,221.34,0.2,6.88,315.2,283.24
BR,Broadridge Financial Solutions,Industrials,Data Processing & Outsourced Services,262.92,266.89,204.4,260.9,262.98,256.61,246.21,235.55,0.2,3.61,272.41,240.81
BRO,Brown & Brown,Financials,Insurance Brokers,96.88,124.07,91.23,95.64,94.48,95.4,102.45,108.7,-0.2,6.77,103.44,87.36
BF-B,Brown–Forman,Consumer Staples,Distillers & Vintners,30.58,48.58,25.65,30.51,30.61,30.34,28.64,33.9,-0.4,3.53,31.66,29.02
BLDR,Builders FirstSource,Industrials,Building Products,138.15,201.83,105.63,138.82,135.45,133.6,126.18,139.08,-0.2,3.06,142.38,124.83
BG,Bunge Global,Consumer Staples,Agricultural Products & Services,79.87,98.79,67.82,81.51,81.9,80.27,79.31,78.02,-0.2,6.11,84.75,75.79
BXP,"BXP, Inc.",Real Estate,Office REITs,66.87,86.01,56.05,65.64,64.89,66.57,68.42,69.04,-0.2,7.63,71.97,61.16
CHRW,C.H. Robinson,Industrials,Air Freight & Logistics,123.82,123.82,86.41,122.11,119.79,113.19,103.08,100.25,0.2,5.14,130.18,96.2
CDNS,Cadence Design Systems,Information Technology,Application Software,346.88,371.03,231.64,350.21,352.03,351.08,326.41,297.71,0.2,8.55,376.54,325.6
CZR,Caesars Entertainment,Consumer Discretionary,Casinos & Gaming,25.28,45.55,23.18,25.51,24.93,26.3,27.86,31.1,-0.2,19.03,30.09,22.51
CPT,Camden Property Trust,Real Estate,Multi-Family Residential REITs,108.28,123.69,104.05,106.78,106.17,108.64,111.99,114.59,-0.2,6.72,115.56,101.71
CPB,Campbell's Company (The),Consumer Staples,Packaged Foods & Meats,32.69,49.89,30.28,32.5,32.47,32.49,31.86,37.01,-0.2,1.38,33.14,31.84
COF,Capital One,Financials,Consumer Finance,214.62,220.48,134.82,216.62,213.36,213.0,210.86,190.2,0.2,2.76,220.54,205.45
CAH,Cardinal Health,Health Care,Health Care Distributors,149.02,167.63,106.71,149.34,151.81,154.55,158.88,136.79,0.2,9.05,162.51,146.6
KMX,CarMax,Consumer Discretionary,Automotive Retail,59.38,89.19,54.66,58.47,57.14,57.79,62.93,73.06,0.2,4.48,62.04,53.54
CCL,Carnival,Consumer Discretionary,"Hotels, Resorts & Cruise Lines",29.57,30.74,15.32,30.04,29.51,29.64,28.03,24.29,0.0,4.16,30.8,28.48
CARR,Carrier Global,Industrials,Building Products,66.98,81.67,55.21,66.34,66.08,69.45,71.95,69.01,0.0,19.98,80.36,58.55
CAT,Caterpillar Inc.,Industrials,Construction Machinery & Heavy Transportation Equipment,416.09,438.02,271.63,413.54,415.03,423.65,400.19,363.3,0.2,6.45,442.93,404.37
CBOE,Cboe Global Markets,Financials,Financial Exchanges & Data,246.13,253.24,189.73,245.77,248.08,246.27,236.95,216.59,0.2,3.15,253.88,238.65
CBRE,CBRE Group,Real Estate,Real Estate Services,159.98,159.98,111.5,158.99,157.02,154.56,144.6,134.81,0.2,2.51,164.0,145.12
CDW,CDW Corporation,Information Technology,Technology Distributors,167.58,226.97,144.0,166.15,164.53,170.66,174.53,175.99,-0.4,10.88,185.81,155.5
COR,Cencora,Health Care,Health Care Distributors,294.71,303.43,217.68,292.54,288.72,289.21,292.06,266.04,0.0,0.88,297.3,281.12
CNC,Centene Corporation,Health Care,Managed Health Care,29.33,80.23,25.21,28.16,26.83,26.76,36.88,54.31,0.4,0.61,29.51,24.01
CNP,CenterPoint Energy,Utilities,Multi-Utilities,38.21,39.16,25.3,38.23,38.45,38.38,37.14,34.61,0.0,3.17,39.42,37.33
CF,CF Industries,Materials,Fertilizers & Agricultural Chemicals,84.0,101.88,67.67,85.01,84.18,88.38,92.08,85.19,0.2,16.11,97.53,79.24
CRL,Charles River Laboratories,Health Care,Life Sciences Tools & Services,158.48,220.69,99.75,156.59,153.35,163.05,157.1,161.38,-0.2,16.25,184.23,141.87
SCHW,Charles Schwab Corporation,Financials,Investment Banking & Brokerage,95.76,98.69,60.96,96.28,96.7,96.71,93.09,82.4,-0.2,3.11,98.74,94.67
CHTR,Charter Communications,Communication Services,Cable & Satellite,267.01,427.25,256.57,266.76,263.31,282.08,350.35,365.27,0.0,34.12,358.11,206.03
CVX,Chevron Corporation,Energy,Integrated Oil & Gas,152.0,166.48,132.12,154.98,154.37,154.08,150.35,148.62,0.2,3.68,157.59,150.55
CMG,Chipotle Mexican Grill,Consumer Discretionary,Restaurants,43.25,66.16,41.44,43.46,42.86,43.89,49.92,53.72,0.0,12.51,48.66,39.12
CB,Chubb Limited,Financials,Property & Casualty Insurance,273.8,301.45,256.04,274.34,272.27,270.1,277.52,279.64,-0.2,0.76,275.88,264.34
CHD,Church & Dwight,Consumer Staples,Household Products,94.06,112.48,90.63,93.01,92.35,93.54,95.57,101.73,0.0,3.83,97.66,89.42
CI,Cigna,Health Care,Health Care Services,302.11,361.79,262.23,294.95,284.81,284.61,301.49,306.7,0.2,2.93,310.96,258.24
CINF,Cincinnati Financial,Financials,Property & Casualty Insurance,152.38,157.35,125.84,152.28,151.83,150.47,148.43,143.75,0.2,1.65,154.89,146.05
CTAS,Cintas,Industrials,Diversified Support Services,216.43,227.2,181.05,218.56,221.17,221.65,220.27,209.57,0.0,5.05,227.36,215.93
CSCO,Cisco,Information Technology,Communications Equipment,66.76,71.79,47.21,67.92,69.26,68.68,67.81,61.46,-0.2,7.34,71.66,65.69
C,Citigroup,Financials,Diversified Banks,93.74,95.74,55.59,94.35,93.6,93.67,87.83,75.3,0.2,3.09,96.64,90.7
CFG,Citizens Financial Group,Financials,Regional Banks,48.39,49.45,33.59,48.59,47.89,48.08,45.95,42.99,0.2,2.85,49.77,46.39
CLX,Clorox,Consumer Staples,Household Products,120.81,165.31,116.82,121.39,122.2,124.08,123.6,142.06,-0.4,7.61,130.0,118.15
CME,CME Group,Financials,Financial Exchanges & Data,271.49,289.38,198.12,272.89,277.06,278.05,275.46,254.16,0.2,5.76,287.13,268.97
CMS,CMS Energy,Utilities,Multi-Utilities,73.03,74.4,63.54,72.68,73.02,72.8,70.88,69.21,0.2,1.97,74.47,71.12
KO,Coca-Cola Company (The),Consumer Staples,Soft Drinks & Non-alcoholic Beverages,70.13,73.38,59.94,69.84,70.09,69.47,69.95,67.31,0.2,1.33,71.06,67.88
CTSH,Cognizant,Information Technology,IT Consulting & Other Services,70.86,89.65,65.92,69.96,69.58,71.52,75.27,77.54,-0.2,8.65,76.99,66.06
COIN,Coinbase,Financials,Financial Exchanges & Data,302.07,419.78,147.35,318.45,315.94,339.13,339.41,268.9,0.2,35.18,408.34,269.92
CL,Colgate-Palmolive,Consumer Staples,Household Products,85.85,106.38,83.06,85.23,84.96,85.38,87.74,89.61,0.0,3.21,88.61,82.16
CMCSA,Comcast,Communication Services,Cable & Satellite,33.89,43.96,31.41,33.32,32.56,33.01,34.2,35.89,0.0,3.84,35.19,30.82
CAG,Conagra Brands,Consumer Staples,Packaged Foods & Meats,19.27,30.97,18.26,19.28,19.26,19.02,19.77,23.62,0.2,2.18,19.69,18.34
COP,ConocoPhillips,Energy,Oil & Gas Exploration & Production,93.76,111.14,81.29,94.45,93.62,93.99,92.84,95.25,-0.4,3.33,96.88,91.1
ED,Consolidated Edison,Utilities,Multi-Utilities,101.1,111.42,85.77,101.63,102.53,102.35,100.95,98.94,0.0,3.87,105.01,99.69
STZ,Constellation Brands,Consumer Staples,Distillers & Vintners,165.9,252.91,159.07,168.05,169.19,170.41,167.94,188.31,-0.2,6.16,176.12,164.7
CEG,Constellation Energy,Utilities,Electric Utilities,317.23,354.46,170.52,322.98,329.36,332.69,319.83,270.05,-0.2,11.01,352.16,313.22
COO,Cooper Companies (The),Health Care,Health Care Supplies,74.02,111.23,66.91,73.7,71.97,72.15,72.02,84.73,-0.2,2.42,75.81,68.48
CPRT,Copart,Industrials,Diversified Support Services,47.81,63.84,45.33,47.35,47.01,46.59,47.51,55.07,0.4,0.19,47.9,45.28
GLW,Corning Inc.,Information Technology,Electronic Components,64.52,65.77,38.85,65.4,65.22,62.55,56.22,49.55,0.2,8.38,69.93,55.17
CPAY,Corpay,Financials,Transaction & Payment Processing Services,320.68,389.55,283.07,318.33,312.61,320.83,327.22,343.44,0.0,6.96,343.0,298.64
CTVA,Corteva,Materials,Fertilizers & Agricultural Chemicals,72.4,77.12,53.02,72.13,71.73,72.13,73.23,64.57,0.2,1.82,73.72,70.53
CSGP,CoStar Group,Real Estate,Real Estate Services,88.95,96.83,69.29,88.46,90.94,92.73,86.53,78.78,-0.2,11.37,99.06,86.41
COST,Costco,Consumer Staples,Consumer Staples Merchandise Retail,980.85,1073.97,866.15,977.3,979.35,959.11,971.25,970.54,0.2,2.2,1002.43,915.76
CTRA,Coterra,Energy,Oil & Gas Exploration & Production,23.1,29.06,21.86,23.69,23.73,23.73,24.64,25.4,-0.2,5.5,24.37,23.09
CRWD,CrowdStrike,Information Technology,Systems Software,418.6,514.1,246.39,425.96,429.32,444.17,469.72,404.52,0.2,14.36,478.71,409.62
CCI,Crown Castle,Real Estate,Telecom Tower REITs,102.42,115.16,82.06,101.51,102.96,105.7,103.49,97.7,0.2,10.14,112.81,98.59
CSX,CSX Corporation,Industrials,Rail Transportation,36.52,36.52,26.58,36.25,35.9,35.64,34.12,32.19,0.4,0.05,36.54,34.74
CMI,Cummins,Industrials,Construction Machinery & Heavy Transportation Equipment,402.21,406.8,265.61,403.04,395.59,380.67,350.64,340.62,0.2,2.84,413.63,347.69
CVS,CVS Health,Health Care,Health Care Services,70.97,70.97,42.33,68.47,66.54,63.9,64.68,59.88,0.4,-0.65,70.51,57.3
DHR,Danaher Corporation,Health Care,Life Sciences Tools & Services,212.2,276.83,174.36,210.3,205.12,203.1,200.31,211.08,-0.2,0.62,213.52,192.68
DRI,Darden Restaurants,Consumer Discretionary,Restaurants,207.84,224.21,139.03,206.72,205.41,204.66,210.92,193.2,0.4,0.43,208.73,200.57
DDOG,Datadog,Information Technology,Application Software,128.99,168.65,87.0,127.71,130.06,136.93,135.39,127.42,0.2,19.4,154.01,119.84
DVA,DaVita,Health Care,Health Care Services,136.68,177.35,127.69,134.88,132.05,137.83,139.51,148.87,0.0,10.66,151.25,124.4
DAY,Dayforce,Industrials,Human Resource & Employment Services,65.47,81.8,49.33,58.36,55.07,56.4,56.81,63.51,0.2,-0.21,65.33,47.47
DECK,Deckers Brands,Consumer Discretionary,Footwear,105.52,223.11,95.32,104.88,103.79,106.17,104.59,142.14,0.0,8.15,114.12,98.23
DE,Deere & Company,Industrials,Agricultural & Farm Machinery,489.44,529.8,367.41,492.35,500.12,506.19,509.49,470.47,0.0,7.87,527.96,484.45
DELL,Dell Technologies,Information Technology,"Technology Hardware, Storage & Peripherals",135.2,142.14,70.88,137.92,136.93,133.88,126.13,112.6,0.0,5.39,142.49,125.28
DAL,Delta Air Lines,Industrials,Passenger Airlines,60.5,68.45,35.65,60.04,57.35,55.57,52.95,54.63,0.0,1.62,61.48,49.65
DVN,Devon Energy,Energy,Oil & Gas Exploration & Production,33.58,43.78,26.61,33.66,33.26,33.19,33.23,33.75,-0.2,2.65,34.47,31.91
DXCM,Dexcom,Health Care,Health Care Equipment,80.9,90.75,59.83,80.52,79.23,81.71,83.02,79.59,0.4,12.58,91.08,72.33
FANG,Diamondback Energy,Energy,Oil & Gas Exploration & Production,138.96,194.36,117.58,139.69,139.63,143.08,142.49,150.81,-0.2,9.03,151.51,134.65
DLR,Digital Realty,Real Estate,Data Center REITs,166.57,191.46,135.17,166.66,168.19,172.21,173.24,167.47,0.2,8.96,181.49,162.91
DG,Dollar General,Consumer Staples,Consumer Staples Merchandise Retail,112.78,121.87,67.66,113.67,114.33,111.07,111.83,88.88,0.2,5.03,118.45,103.68
DLTR,Dollar Tree,Consumer Staples,Consumer Staples Merchandise Retail,112.48,117.16,61.21,113.61,114.61,114.69,107.21,82.52,0.0,4.14,117.14,112.25
D,Dominion Energy,Utilities,Multi-Utilities,61.3,62.1,49.07,61.22,61.34,60.26,57.9,55.12,0.2,2.84,63.04,57.48
DPZ,Domino's,Consumer Discretionary,Restaurants,450.56,495.6,397.58,449.65,445.62,458.02,458.24,454.96,0.2,8.13,487.19,428.85
DASH,DoorDash,Consumer Discretionary,Specialized Consumer Services,248.37,270.99,123.56,250.27,256.0,252.19,240.73,198.78,0.2,7.42,266.8,237.59
DOV,Dover Corporation,Industrials,Industrial Machinery & Supplies & Components,179.71,205.3,150.71,179.13,177.07,179.77,182.22,185.67,0.0,5.4,189.41,170.12
DOW,Dow Inc.,Materials,Commodity Chemicals,23.53,52.18,20.87,23.28,22.31,23.4,26.55,33.39,-0.2,17.81,27.72,19.07
DHI,D. R. Horton,Consumer Discretionary,Homebuilding,168.11,194.88,114.44,165.67,160.56,153.9,139.5,137.17,0.4,1.21,170.14,137.66
DTE,DTE Energy,Utilities,Multi-Utilities,139.73,141.49,114.13,139.49,139.69,139.03,135.59,128.6,0.0,1.5,141.83,136.23
DUK,Duke Energy,Utilities,Electric Utilities,123.78,124.85,102.96,123.1,123.66,121.79,118.36,113.83,0.2,2.38,126.73,116.85
DD,DuPont,Materials,Specialty Chemicals,73.78,88.16,54.8,73.53,72.16,72.79,71.93,73.74,0.0,3.84,76.61,68.96
EMN,Eastman Chemical Company,Materials,Specialty Chemicals,66.71,110.6,58.79,66.2,63.93,67.71,73.75,85.53,-0.2,21.83,81.27,54.15
ETN,Eaton Corporation,Industrials,Electrical Components & Equipment,349.0,392.76,245.66,353.22,357.07,370.4,358.19,328.58,0.2,14.98,401.28,339.53
EBAY,eBay Inc.,Consumer Discretionary,Broadline Retail,99.89,100.77,54.55,99.77,96.99,90.92,82.49,69.97,0.2,6.45,106.33,75.51
ECL,Ecolab,Materials,Specialty Chemicals,283.66,283.66,225.1,281.28,276.79,271.2,268.93,253.58,0.4,0.69,285.62,256.77
EIX,Edison International,Utilities,Electric Utilities,56.35,84.75,47.56,55.96,55.46,54.17,51.8,59.75,-0.2,2.02,57.49,50.85
EW,Edwards Lifesciences,Health Care,Health Care Equipment,78.93,81.16,64.54,78.27,78.13,78.61,77.27,73.47,0.0,2.76,81.11,76.11
EA,Electronic Arts,Communication Services,Interactive Home Entertainment,170.68,179.01,116.21,174.38,171.93,163.19,156.8,148.0,0.4,7.39,183.29,143.08
ELV,Elevance Health,Health Care,Managed Health Care,312.0,553.55,274.66,304.15,295.78,290.06,329.5,381.84,0.4,-0.0,312.0,268.14
EMR,Emerson Electric,Industrials,Electrical Components & Equipment,131.59,149.04,93.37,132.7,132.53,138.83,136.01,122.4,0.2,15.63,152.16,125.49
ENPH,Enphase Energy,Information Technology,Semiconductor Materials & Equipment,36.23,123.65,30.11,34.66,33.38,33.52,37.98,55.08,0.0,2.32,37.07,29.97
ETR,Entergy,Utilities,Electric Utilities,88.81,91.02,57.11,89.41,89.63,89.06,84.92,80.5,0.2,3.16,91.62,86.5
EOG,EOG Resources,Energy,Oil & Gas Exploration & Production,117.32,134.72,102.81,118.66,117.7,118.54,119.46,120.62,-0.2,4.24,122.29,114.77
EPAM,EPAM Systems,Information Technology,IT Consulting & Other Services,167.53,267.63,143.33,161.99,158.17,160.28,167.81,197.62,0.0,4.21,174.58,145.98
EQT,EQT Corporation,Energy,Oil & Gas Exploration & Production,50.54,60.26,31.49,51.48,51.45,51.95,54.86,50.51,0.4,6.33,53.74,50.16
EFX,Equifax,Industrials,Research & Consulting Services,249.91,305.2,205.11,248.92,244.76,243.98,254.19,253.82,0.4,0.71,251.68,236.26
EQIX,Equinix,Real Estate,Data Center REITs,773.46,974.66,736.11,776.76,777.64,783.98,806.0,865.41,-0.2,4.17,805.71,762.27
EQR,Equity Residential,Real Estate,Multi-Family Residential REITs,64.44,75.24,61.2,63.86,63.48,64.47,66.3,68.63,-0.2,5.9,68.24,60.71
ERIE,Erie Indemnity,Financials,Insurance Brokers,362.97,537.71,339.09,365.25,361.86,359.46,353.43,387.5,-0.2,2.02,370.3,348.63
ESS,Essex Property Trust,Real Estate,Multi-Family Residential REITs,262.36,308.41,252.08,258.63,256.53,265.17,276.59,282.5,-0.2,11.59,292.77,237.58
EL,Estée Lauder Companies (The),Consumer Staples,Personal Care Products,89.87,99.31,49.8,91.27,90.92,91.07,85.1,72.48,0.0,5.31,94.64,87.5
EG,Everest Group,Financials,Reinsurance,337.79,400.34,324.54,335.1,332.05,332.12,335.03,347.96,0.0,0.36,339.01,325.23
EVRG,Evergy,Utilities,Electric Utilities,72.5,73.27,56.09,72.39,72.55,71.57,69.66,65.43,0.0,2.8,74.53,68.61
ES,Eversource Energy,Utilities,Electric Utilities,65.71,66.62,53.58,65.52,65.55,65.82,65.07,60.63,0.0,1.77,66.87,64.78
EXC,Exelon,Utilities,Electric Utilities,44.74,46.54,35.25,44.64,44.72,44.3,43.33,41.48,0.0,1.83,45.56,43.04
EXE,Expand Energy,Energy,Oil & Gas Exploration & Production,93.05,120.67,68.08,94.24,95.83,97.51,105.43,102.08,0.2,10.77,103.07,91.96
EXPE,Expedia Group,Consumer Discretionary,"Hotels, Resorts & Cruise Lines",208.04,209.68,129.25,207.81,200.29,192.39,181.45,176.18,0.2,2.61,213.47,171.31
EXPD,Expeditors International,Industrials,Air Freight & Logistics,121.4,129.72,102.14,120.68,119.5,117.46,115.89,114.45,0.2,1.05,122.67,112.24
EXR,Extra Space Storage,Real Estate,Self-Storage REITs,139.46,177.29,125.24,137.64,137.17,141.2,145.66,148.2,-0.2,10.04,153.46,128.93
XOM,ExxonMobil,Energy,Integrated Oil & Gas,107.42,121.0,98.11,106.73,106.0,107.65,109.05,108.18,0.4,4.21,111.94,103.36
FFIV,"F5, Inc.",Information Technology,Communications Equipment,315.48,326.47,195.57,318.27,319.62,312.93,302.03,276.62,0.2,5.02,331.32,294.54
FDS,FactSet,Financials,Financial Exchanges & Data,374.1,492.37,369.62,373.21,377.54,392.47,418.08,446.96,-0.2,14.38,427.9,357.03
FICO,Fair Isaac,Information Technology,Application Software,1384.93,2382.4,1311.26,1346.34,1340.98,1403.89,1597.25,1874.75,-0.2,13.53,1572.31,1235.54
FAST,Fastenal,Industrials,Trading Companies & Distributors,49.9,49.9,32.1,49.16,48.43,47.44,44.71,40.29,0.4,0.3,50.05,44.82
FRT,Federal Realty Investment Trust,Real Estate,Retail REITs,96.7,113.73,82.59,94.52,93.37,93.38,94.13,99.44,0.0,-0.34,96.37,90.39
FDX,FedEx,Industrials,Air Freight & Logistics,233.13,300.06,196.8,229.94,228.39,229.14,229.11,245.16,-0.2,4.35,243.27,215.01
FIS,Fidelity National Information Services,Financials,Transaction & Payment Processing Services,69.33,89.62,67.79,70.85,70.7,75.2,78.41,78.02,0.2,22.78,85.12,65.28
FITB,Fifth Third Bancorp,Financials,Regional Banks,42.8,47.14,33.02,42.84,42.18,42.13,41.62,40.94,0.2,1.75,43.55,40.72
FSLR,First Solar,Information Technology,Semiconductors,210.96,255.75,120.38,199.03,191.72,186.83,173.28,165.56,0.6,-1.39,208.03,165.63
FE,FirstEnergy,Utilities,Electric Utilities,43.42,43.95,37.17,43.47,43.4,42.62,40.94,40.06,0.2,2.88,44.67,40.57
FI,Fiserv,Financials,Transaction & Payment Processing Services,139.11,237.79,132.22,136.36,134.63,136.97,155.78,193.31,-0.2,3.47,143.94,130.0
F,Ford Motor Company,Consumer Discretionary,Automobile Manufacturers,11.58,11.75,8.45,11.47,11.31,11.14,11.01,10.01,0.4,0.6,11.65,10.64
FTNT,Fortinet,Information Technology,Systems Software,78.09,114.57,74.39,78.91,79.39,90.59,98.29,98.61,-0.2,47.36,115.07,66.12
FTV,Fortive,Industrials,Industrial Machinery & Supplies & Components,48.16,62.4,46.55,48.12,47.71,48.64,51.05,54.84,0.0,7.68,51.86,45.42
FOXA,Fox Corporation (Class A),Communication Services,Broadcasting,58.15,59.89,38.72,58.62,56.58,56.31,55.79,51.94,0.2,2.44,59.57,53.05
FOX,Fox Corporation (Class B),Communication Services,Broadcasting,53.22,54.58,35.86,53.54,51.63,51.51,51.16,48.31,0.2,2.46,54.53,48.48
BEN,Franklin Resources,Financials,Asset Management & Custody Banks,24.82,26.03,16.43,25.37,25.29,24.95,24.13,20.9,0.0,4.67,25.98,23.92
FCX,Freeport-McMoRan,Materials,Copper,41.46,51.16,28.93,42.12,41.67,41.9,42.86,39.8,0.4,9.17,45.26,38.53
GRMN,Garmin,Consumer Discretionary,Consumer Electronics,233.45,239.99,159.72,234.01,232.34,230.56,219.12,209.92,0.2,3.52,241.67,219.44
IT,Gartner,Information Technology,IT Consulting & Other Services,242.88,551.8,225.98,241.25,236.4,286.46,350.11,445.05,-0.2,63.41,396.89,176.04
GE,GE Aerospace,Industrials,Aerospace & Defense,265.93,279.63,159.16,268.16,271.49,271.05,258.41,210.43,-0.2,4.68,278.38,263.73
GEHC,GE HealthCare,Health Care,Health Care Equipment,73.97,93.69,58.69,73.91,73.0,73.56,73.86,78.07,0.0,6.58,78.84,68.28
GEV,GE Vernova,Industrials,Heavy Electrical Equipment,603.13,664.55,181.78,621.93,637.73,641.98,567.78,409.66,-0.2,11.82,674.42,609.56
GEN,Gen Digital,Information Technology,Systems Software,31.5,32.03,23.31,31.53,30.71,30.21,29.84,28.05,0.4,3.24,32.52,27.89
GNRC,Generac,Industrials,Electrical Components & Equipment,199.08,202.85,101.92,199.57,197.69,185.5,158.77,148.36,0.0,11.92,222.81,148.19
GD,General Dynamics,Industrials,Aerospace & Defense,316.4,317.49,239.38,315.4,314.78,314.09,299.42,275.13,0.2,0.33,317.44,310.74
GIS,General Mills,Consumer Staples,Packaged Foods & Meats,49.91,72.16,48.94,49.66,49.61,49.73,50.91,56.88,0.0,2.34,51.08,48.38
GM,General Motors,Consumer Discretionary,Automobile Manufacturers,57.06,59.72,42.35,56.32,54.87,53.82,51.94,50.25,0.4,-0.21,56.94,50.71
GPC,Genuine Parts Company,Consumer Discretionary,Distributors,138.75,140.16,104.68,137.9,135.82,133.97,127.57,120.99,0.4,0.55,139.51,128.42
GILD,Gilead Sciences,Health Care,Biotechnology,117.98,120.47,71.47,118.7,117.4,115.57,112.16,102.6,0.4,3.49,122.1,109.04
GPN,Global Payments,Financials,Transaction & Payment Processing Services,86.62,118.42,67.25,86.69,84.52,83.13,80.93,94.4,0.0,2.7,88.96,77.29
GL,Globe Life,Financials,Life & Health Insurance,136.77,143.27,96.05,137.15,138.68,137.67,127.53,119.99,0.2,6.55,145.73,129.6
GDDY,GoDaddy,Information Technology,Internet Services & Infrastructure,144.62,214.35,133.35,144.32,143.62,153.01,166.18,182.77,-0.2,20.71,174.57,131.45
GS,Goldman Sachs,Financials,Investment Banking & Brokerage,721.38,747.2,459.93,734.99,730.33,726.77,696.6,607.04,0.2,3.35,745.55,708.02
HAL,Halliburton,Energy,Oil & Gas Equipment & Services,21.11,31.33,19.1,21.22,21.06,21.65,21.64,24.19,-0.2,9.28,23.07,20.24
HIG,Hartford (The),Financials,Property & Casualty Insurance,131.81,131.81,105.42,130.88,129.59,126.86,125.2,118.95,0.4,1.04,133.18,120.55
HAS,Hasbro,Consumer Discretionary,Leisure Products,80.05,81.51,50.19,80.71,79.13,77.52,75.06,63.9,0.4,2.02,81.67,73.37
HCA,HCA Healthcare,Health Care,Health Care Facilities,402.69,412.92,295.46,395.24,387.05,368.88,371.55,342.59,0.2,1.9,410.34,327.4
DOC,Healthpeak Properties,Real Estate,Health Care REITs,17.22,21.82,16.53,17.09,16.95,17.18,17.45,18.72,0.0,6.68,18.37,16.0
HSIC,Henry Schein,Health Care,Health Care Distributors,68.31,81.91,62.7,68.05,67.2,68.54,70.6,71.31,0.0,7.2,73.23,63.86
HSY,Hershey Company (The),Consumer Staples,Packaged Foods & Meats,180.77,196.72,141.22,178.95,180.01,182.71,174.25,166.46,0.2,5.8,191.25,174.17
HPE,Hewlett Packard Enterprise,Information Technology,"Technology Hardware, Storage & Peripherals",21.34,24.05,12.42,21.4,21.03,20.76,20.01,19.21,0.4,2.2,21.81,19.72
HLT,Hilton Worldwide,Consumer Discretionary,"Hotels, Resorts & Cruise Lines",271.73,278.65,201.16,270.36,266.58,267.11,264.75,249.15,0.2,1.78,276.57,257.65
HOLX,Hologic,Health Care,Health Care Equipment,67.82,83.72,52.73,67.99,67.88,67.19,65.73,66.56,-0.2,2.02,69.19,65.18
HD,Home Depot (The),Consumer Discretionary,Home Improvement Retail,407.2,426.0,333.17,401.76,395.31,385.6,372.13,379.86,0.2,0.4,408.83,362.35
HON,Honeywell,Industrials,Industrial Conglomerates,216.74,239.16,180.99,217.12,216.55,219.64,226.02,216.99,0.2,5.97,229.68,209.6
HRL,Hormel Foods,Consumer Staples,Packaged Foods & Meats,28.41,32.6,27.75,28.49,28.51,28.57,29.51,29.65,-0.2,3.34,29.36,27.78
HST,Host Hotels & Resorts,Real Estate,Hotel & Resort REITs,16.13,18.25,12.54,15.96,15.68,15.87,15.87,15.8,0.4,3.72,16.73,15.02
HWM,Howmet Aerospace,Industrials,Aerospace & Defense,171.9,192.01,91.19,173.8,177.39,181.47,179.61,141.7,0.2,12.26,192.97,169.96
HPQ,HP Inc.,Information Technology,"Technology Hardware, Storage & Peripherals",27.0,38.15,21.63,26.93,26.32,25.82,25.26,29.08,0.0,1.52,27.41,24.22
HUBB,Hubbell Incorporated,Industrials,Industrial Machinery & Supplies & Components,432.81,467.52,314.89,434.86,428.4,431.15,417.04,400.02,0.0,3.14,446.4,415.89
HUM,Humana,Health Care,Managed Health Care,288.25,366.52,220.41,285.03,274.62,258.75,244.27,259.22,-0.2,3.16,297.36,220.14
HBAN,Huntington Bancshares,Financials,Regional Banks,16.62,17.67,12.37,16.68,16.39,16.45,16.53,15.88,0.2,2.65,17.06,15.84
HII,Huntington Ingalls Industries,Industrials,Aerospace & Defense,265.4,278.86,157.56,267.23,266.94,266.51,252.47,212.24,0.2,3.47,274.61,258.41
IBM,IBM,Information Technology,IT Consulting & Other Services,241.28,292.8,188.46,239.53,241.0,249.33,269.89,244.05,0.2,12.42,271.25,227.42
IEX,IDEX Corporation,Industrials,Industrial Machinery & Supplies & Components,165.9,233.54,157.53,166.23,162.85,167.94,174.78,191.89,-0.2,13.46,188.23,147.65
IDXX,Idexx Laboratories,Health Care,Health Care Equipment,636.71,682.78,361.04,648.66,648.0,612.1,562.62,470.95,0.2,11.57,710.38,513.83
ITW,Illinois Tool Works,Industrials,Industrial Machinery & Supplies & Components,263.94,273.51,217.09,262.32,260.03,258.91,253.92,252.56,0.2,0.92,266.37,251.44
INCY,Incyte,Health Care,Biotechnology,85.46,86.92,55.17,85.86,82.43,78.35,72.58,69.36,0.2,4.2,89.05,67.66
IR,Ingersoll Rand,Industrials,Industrial Machinery & Supplies & Components,79.84,105.27,66.72,79.6,78.14,80.99,83.18,86.57,-0.2,12.69,89.97,72.0
PODD,Insulet Corporation,Health Care,Health Care Equipment,327.48,327.48,180.69,319.26,309.87,299.31,299.35,278.7,0.4,0.26,328.33,270.29
INTC,Intel,Information Technology,Semiconductors,25.31,27.39,18.13,23.92,22.22,21.46,21.92,21.68,0.6,-1.03,25.05,17.87
ICE,Intercontinental Exchange,Financials,Financial Exchanges & Data,178.27,188.45,142.02,180.3,183.26,184.01,181.86,167.28,0.0,6.55,189.95,178.07
IFF,International Flavors & Fragrances,Materials,Specialty Chemicals,65.83,104.49,63.46,65.84,65.11,69.21,73.02,79.39,-0.2,19.16,78.44,59.98
IP,International Paper,Materials,Paper & Plastic Packaging Products & Materials,47.32,58.45,43.05,47.25,47.14,48.99,48.64,50.92,-0.4,18.2,55.93,42.05
IPG,Interpublic Group of Companies (The),Communication Services,Advertising,26.58,31.12,22.6,26.16,25.57,25.43,24.76,26.04,0.0,1.02,26.85,24.0
INTU,Intuit,Information Technology,Application Software,701.03,807.39,542.39,711.47,726.7,756.9,760.91,661.56,0.2,18.3,829.32,684.52
ISRG,Intuitive Surgical,Health Care,Health Care Equipment,479.2,610.45,451.58,480.03,476.42,483.32,506.91,530.37,0.0,4.86,502.49,464.13
IVZ,Invesco,Financials,Asset Management & Custody Banks,20.83,21.6,11.86,21.12,20.85,20.99,18.09,16.45,0.2,4.42,21.75,20.22
INVH,Invitation Homes,Real Estate,Single-Family Residential REITs,30.5,36.03,29.76,30.36,30.21,30.74,31.95,32.29,-0.2,5.97,32.32,29.17
IQV,IQVIA,Health Care,Life Sciences Tools & Services,192.35,251.55,137.0,191.12,185.79,188.55,171.67,179.59,-0.2,5.13,202.22,174.88
IRM,Iron Mountain,Real Estate,Other Specialized REITs,91.56,125.19,76.34,91.83,91.29,94.38,98.06,98.59,-0.4,10.66,101.32,87.44
JBHT,J.B. Hunt,Industrials,Cargo Ground Transportation,147.23,195.43,123.94,144.7,142.65,143.94,145.38,156.17,0.0,2.34,150.68,137.2
JBL,Jabil,Information Technology,Electronic Manufacturing Services,206.1,230.3,100.84,214.68,219.15,221.3,214.2,164.01,0.2,12.76,232.4,210.21
JKHY,Jack Henry & Associates,Financials,Transaction & Payment Processing Services,160.63,190.67,158.52,160.89,161.52,167.54,174.56,174.83,-0.2,13.19,181.82,153.26
J,Jacobs Solutions,Industrials,Construction & Engineering,147.76,152.18,109.42,148.6,148.28,145.18,137.19,130.68,0.2,2.98,152.16,138.2
JNJ,Johnson & Johnson,Health Care,Pharmaceuticals,177.8,177.8,139.73,175.97,174.19,171.21,162.22,154.73,0.4,0.34,178.4,164.03
JCI,Johnson Controls,Industrials,Building Products,104.52,111.73,66.66,104.91,105.14,106.24,105.54,88.95,0.0,6.42,111.23,101.26
JPM,JPMorgan Chase,Financials,Diversified Banks,290.66,299.63,199.83,291.47,290.68,293.25,286.26,256.12,-0.2,3.39,300.51,285.98
K,Kellanova,Consumer Staples,Packaged Foods & Meats,80.06,82.31,77.85,80.11,80.08,79.99,79.82,80.61,-0.2,0.27,80.28,79.7
KVUE,Kenvue,Consumer Staples,Personal Care Products,21.49,24.0,19.25,21.31,21.32,21.6,21.36,21.98,-0.2,4.79,22.52,20.68
KDP,Keurig Dr Pepper,Consumer Staples,Soft Drinks & Non-alcoholic Beverages,35.18,36.99,29.97,34.81,34.52,33.94,33.52,32.82,0.2,0.57,35.38,32.5
KEY,KeyCorp,Financials,Regional Banks,18.15,19.26,13.06,18.18,17.87,18.04,17.63,16.76,0.0,3.75,18.83,17.25
KEYS,Keysight Technologies,Information Technology,Electronic Equipment & Instruments,163.48,185.11,127.02,165.2,164.15,164.42,163.55,160.64,0.0,4.09,170.17,158.68
KMB,Kimberly-Clark,Consumer Staples,Household Products,132.95,146.03,122.21,133.08,134.28,131.42,130.48,132.55,0.0,4.51,138.95,123.9
KIM,Kimco Realty,Real Estate,Retail REITs,21.7,24.93,18.48,21.34,21.2,21.38,21.29,21.66,0.0,2.21,22.18,20.57
KMI,Kinder Morgan,Energy,Oil & Gas Storage & Transportation,26.4,30.24,19.94,26.6,26.69,27.12,27.46,26.89,0.4,7.31,28.33,25.91
KKR,KKR & Co.,Financials,Asset Management & Custody Banks,138.95,166.38,92.52,143.19,143.36,145.64,138.0,134.93,0.0,10.36,153.35,137.93
KLAC,KLA Corporation,Information Technology,Semiconductor Materials & Equipment,876.08,953.34,573.9,906.65,908.42,904.84,900.31,745.25,0.0,8.47,950.28,859.39
KHC,Kraft Heinz,Consumer Staples,Packaged Foods & Meats,27.67,34.7,25.61,27.66,27.57,27.81,27.07,28.67,-0.4,4.81,29.0,26.61
KR,Kroger,Consumer Staples,Food Retail,70.72,73.97,50.47,69.8,71.68,71.13,70.2,65.12,0.0,5.44,74.57,67.69
LHX,L3Harris,Industrials,Aerospace & Defense,272.23,278.26,192.63,271.19,271.69,272.71,261.69,230.37,0.2,2.4,278.76,266.67
LH,Labcorp,Health Care,Health Care Services,275.77,275.77,210.19,272.09,268.41,265.18,260.04,243.38,0.6,0.19,276.29,254.06
LRCX,Lam Research,Information Technology,Semiconductor Materials & Equipment,100.33,107.38,58.94,102.57,101.7,99.59,97.64,81.44,0.0,6.02,106.37,92.8
LW,Lamb Weston,Consumer Staples,Packaged Foods & Meats,55.1,80.72,47.73,54.62,53.29,55.25,53.42,58.42,-0.2,9.93,60.57,49.93
LVS,Las Vegas Sands,Consumer Discretionary,Casinos & Gaming,53.6,54.33,30.35,53.7,53.38,52.53,48.27,44.88,0.2,2.74,55.07,49.99
LDOS,Leidos,Industrials,Diversified Support Services,178.74,199.72,126.1,178.98,177.63,170.12,161.8,151.87,0.2,4.22,186.28,153.95
LEN,Lennar,Consumer Discretionary,Homebuilding,134.25,183.45,101.84,131.79,126.37,121.06,114.79,124.23,0.0,0.41,134.8,107.32
LII,Lennox International,Industrials,Building Products,613.47,674.16,506.5,603.21,595.99,613.7,593.54,596.42,-0.2,8.62,666.35,561.03
LLY,Lilly (Eli),Health Care,Pharmaceuticals,703.21,952.73,624.28,688.89,672.48,724.66,759.8,788.04,-0.2,20.38,846.52,602.83
LIN,Linde plc,Materials,Industrial Gases,479.92,481.83,410.23,478.35,474.87,471.26,468.76,452.87,0.2,0.47,482.18,460.33
LYV,Live Nation Entertainment,Communication Services,Movies & Entertainment,162.9,162.9,92.78,161.28,157.0,154.05,149.72,138.43,0.4,0.64,163.94,144.14
LKQ,LKQ Corporation,Consumer Discretionary,Distributors,31.26,43.02,28.96,31.21,30.31,30.67,34.85,37.71,-0.2,10.72,34.61,26.73
LMT,Lockheed Martin,Industrials,Aerospace & Defense,441.1,602.16,410.74,439.84,434.82,428.17,450.55,468.52,0.2,0.7,444.19,412.15
L,Loews Corporation,Financials,Multi-line Insurance,95.95,95.95,76.32,95.31,94.56,92.97,91.39,86.96,0.4,0.75,96.67,89.26
LOW,Lowe's,Consumer Discretionary,Home Improvement Retail,256.36,278.66,209.46,253.74,247.14,238.05,227.28,238.05,-0.2,1.21,259.46,216.64
LULU,Lululemon Athletica,Consumer Discretionary,"Apparel, Accessories & Luxury Goods",197.66,421.16,186.44,199.08,195.19,201.82,222.66,307.75,-0.2,12.99,223.34,180.31
LYB,LyondellBasell,Materials,Specialty Chemicals,53.82,93.12,48.34,53.28,51.38,55.21,58.76,66.15,-0.2,22.97,66.18,44.23
MTB,M&T Bank,Financials,Regional Banks,190.36,217.42,155.42,191.65,189.23,190.28,191.68,187.86,0.4,3.59,197.19,183.36
MPC,Marathon Petroleum,Energy,Oil & Gas Refining & Marketing,164.38,182.26,117.88,162.69,161.59,166.5,169.22,151.78,0.0,8.1,177.69,155.3
MKTX,MarketAxess,Financials,Financial Exchanges & Data,186.85,290.66,184.43,188.03,187.59,198.43,210.99,220.95,-0.2,18.0,220.48,176.37
MAR,Marriott International,Consumer Discretionary,"Hotels, Resorts & Cruise Lines",266.78,302.99,210.58,266.9,264.07,266.18,268.92,266.53,0.4,4.53,278.87,253.48
MMC,Marsh McLennan,Financials,Insurance Brokers,210.93,243.22,197.78,208.43,206.08,204.74,210.49,220.49,0.2,0.73,212.47,196.99
MLM,Martin Marietta Materials,Materials,Construction Materials,607.76,620.08,451.86,610.55,607.74,595.65,569.95,540.3,0.0,3.03,626.18,565.1
MAS,Masco,Industrials,Building Products,74.48,84.25,58.18,73.85,71.67,69.65,66.43,70.07,0.0,0.85,75.11,64.19
MA,Mastercard,Financials,Transaction & Payment Processing Services,585.51,589.94,463.77,582.6,576.55,570.61,564.25,545.09,0.4,0.26,587.03,554.16
MTCH,Match Group,Communication Services,Interactive Media & Services,37.85,38.74,26.87,38.27,37.32,35.69,33.25,31.81,0.4,3.83,39.3,32.07
MKC,McCormick & Company,Consumer Staples,Packaged Foods & Meats,69.05,83.73,68.41,69.59,69.67,70.44,72.3,75.26,-0.2,5.24,72.67,68.21
MCD,McDonald's,Consumer Discretionary,Restaurants,310.93,319.48,272.1,308.52,306.96,303.61,298.82,299.19,0.0,0.44,312.3,294.91
MCK,McKesson Corporation,Health Care,Health Care Distributors,676.91,735.33,477.52,671.63,672.55,690.38,707.58,652.75,0.0,7.96,730.79,649.99
MDT,Medtronic,Health Care,Health Care Equipment,89.9,93.02,78.03,92.12,91.89,91.56,89.28,86.19,-0.2,4.76,94.18,88.94
MRK,Merck & Co.,Health Care,Pharmaceuticals,84.93,115.53,72.74,83.77,81.97,81.95,81.26,87.38,-0.2,1.37,86.09,77.8
META,Meta Platforms,Communication Services,Interactive Media & Services,751.48,790.0,484.29,773.26,772.53,752.12,726.55,640.04,0.2,8.11,812.43,691.83
MET,MetLife,Financials,Life & Health Insurance,78.72,86.38,67.4,77.81,76.7,76.32,77.4,79.08,-0.4,0.83,79.37,73.26
MTD,Mettler Toledo,Health Care,Life Sciences Tools & Services,1322.57,1499.7,970.15,1316.79,1284.81,1266.49,1220.64,1216.77,0.2,1.03,1336.19,1196.77
MGM,MGM Resorts,Consumer Discretionary,Casinos & Gaming,36.71,41.99,25.79,36.32,35.54,36.3,35.88,34.23,0.4,6.07,38.94,33.67
MCHP,Microchip Technology,Information Technology,Semiconductors,64.71,80.56,35.07,65.54,64.74,66.69,69.56,59.37,0.0,11.06,71.87,61.52
MU,Micron Technology,Information Technology,Semiconductors,122.05,127.79,64.66,123.21,120.7,115.43,118.02,99.52,0.4,5.85,129.19,101.67
MSFT,Microsoft,Information Technology,Systems Software,509.77,535.64,353.91,518.02,520.89,519.93,503.58,437.94,0.2,5.06,535.56,504.31
MAA,Mid-America Apartment Communities,Real Estate,Multi-Family Residential REITs,142.4,167.59,138.38,140.63,140.33,143.71,146.64,152.69,-0.2,7.96,153.74,133.69
MRNA,Moderna,Health Care,Biotechnology,27.91,89.96,23.65,27.52,26.82,29.1,29.21,33.41,-0.4,26.51,35.31,22.89
MHK,Mohawk Industries,Consumer Discretionary,Home Furnishings,127.79,161.25,97.99,128.89,125.24,121.78,112.79,117.17,0.0,2.85,131.43,112.12
MOH,Molina Healthcare,Health Care,Managed Health Care,173.85,360.77,152.31,166.27,160.67,161.59,219.57,286.2,-0.2,2.7,178.54,144.63
TAP,Molson Coors Beverage Company,Consumer Staples,Brewers,51.55,62.37,47.24,51.41,50.88,50.38,49.88,55.33,0.0,1.98,52.57,48.19
MDLZ,Mondelez International,Consumer Staples,Packaged Foods & Meats,62.66,73.6,55.34,62.05,61.95,64.46,66.43,63.78,0.2,13.65,71.21,57.72
MPWR,Monolithic Power Systems,Information Technology,Semiconductors,844.8,939.39,454.23,846.44,827.83,787.49,748.54,654.1,0.4,5.59,892.02,682.97
MNST,Monster Beverage,Consumer Staples,Soft Drinks & Non-alcoholic Beverages,63.99,64.69,46.16,64.22,63.38,61.68,61.67,56.77,0.2,3.14,66.0,57.37
MCO,Moody's Corporation,Financials,Financial Exchanges & Data,512.0,524.53,395.22,515.65,514.81,512.81,499.15,478.29,0.0,2.01,522.29,503.32
MS,Morgan Stanley,Financials,Investment Banking & Brokerage,144.07,148.51,93.79,145.95,144.63,143.13,139.47,127.53,0.2,2.75,148.03,138.22
MOS,Mosaic Company (The),Materials,Fertilizers & Agricultural Chemicals,32.24,37.81,22.62,32.26,31.96,34.16,35.26,29.37,0.2,20.16,38.74,29.59
MSI,Motorola Solutions,Information Technology,Communications Equipment,460.41,500.78,393.68,462.74,458.65,445.56,427.6,441.04,0.0,3.33,475.74,415.38
MSCI,MSCI Inc.,Financials,Financial Exchanges & Data,568.16,630.0,503.37,562.08,554.17,553.11,559.96,570.07,0.0,0.81,572.76,533.48
NDAQ,"Nasdaq, Inc.",Financials,Financial Exchanges & Data,93.83,96.94,66.19,94.76,95.67,95.25,91.04,81.29,-0.2,5.51,99.0,91.5
NTAP,NetApp,Information Technology,"Technology Hardware, Storage & Peripherals",109.16,130.77,75.73,109.16,107.29,105.83,105.15,106.3,-0.2,1.46,110.75,100.9
NFLX,Netflix,Communication Services,Movies & Entertainment,1214.15,1339.13,665.77,1226.64,1214.73,1192.48,1230.1,1036.34,0.0,2.82,1248.39,1136.6
NEM,Newmont,Materials,Gold,67.38,69.33,36.61,68.55,68.65,66.13,61.36,49.44,0.2,6.69,71.89,60.36
NWSA,News Corp (Class A),Communication Services,Publishing,29.85,30.38,23.97,29.65,29.24,29.29,29.15,28.18,0.2,0.6,30.03,28.55
NWS,News Corp (Class B),Communication Services,Publishing,34.57,34.89,26.94,34.25,33.78,33.67,33.55,31.95,0.6,-0.14,34.52,32.82
NEE,NextEra Energy,Utilities,Multi-Utilities,76.51,83.49,63.6,74.44,73.2,72.31,72.88,70.99,0.4,-1.15,75.63,68.98
NKE,"Nike, Inc.",Consumer Discretionary,"Apparel, Accessories & Luxury Goods",76.88,87.95,52.92,76.97,75.78,75.95,71.39,69.85,0.2,2.55,78.84,73.06
NI,NiSource,Utilities,Multi-Utilities,42.28,43.33,30.99,42.23,42.22,42.17,40.65,38.31,0.0,2.2,43.21,41.13
NDSN,Nordson Corporation,Industrials,Industrial Machinery & Supplies & Components,217.5,261.43,166.9,216.77,214.45,215.49,216.47,214.36,0.4,2.5,222.94,208.05
NSC,Norfolk Southern,Industrials,Rail Transportation,285.53,285.53,204.09,282.08,281.04,279.77,266.85,246.72,0.4,-0.07,285.33,274.23
NTRS,Northern Trust,Financials,Asset Management & Custody Banks,127.36,132.06,83.52,126.98,126.36,127.51,123.64,107.58,0.0,3.48,131.79,123.23
NOC,Northrop Grumman,Industrials,Aerospace & Defense,586.23,589.95,429.46,584.16,583.96,580.19,535.47,495.04,0.0,1.48,594.91,565.48
NCLH,Norwegian Cruise Line Holdings,Consumer Discretionary,"Hotels, Resorts & Cruise Lines",24.43,29.07,15.5,24.49,24.37,24.32,22.21,22.61,-0.2,4.34,25.49,23.15
NRG,NRG Energy,Utilities,Independent Power Producers & Energy Traders,148.38,173.91,75.33,151.24,151.93,157.86,154.71,117.95,0.2,16.55,172.94,142.77
NUE,Nucor,Materials,Steel,145.91,165.5,102.79,145.23,142.06,141.96,136.06,128.92,0.2,1.5,148.1,135.81
NVDA,Nvidia,Information Technology,Semiconductors,175.64,183.16,94.3,180.34,180.98,178.46,165.02,137.24,0.2,5.63,185.53,171.39
NVR,"NVR, Inc.",Consumer Discretionary,Homebuilding,8246.89,9924.4,6700.0,8225.76,8044.37,7915.69,7611.1,7770.96,0.0,0.86,8317.81,7513.86
NXPI,NXP Semiconductors,Information Technology,Semiconductors,229.27,253.51,152.79,230.42,219.63,219.45,220.28,210.05,0.2,4.07,238.6,200.29
ORLY,O’Reilly Automotive,Consumer Discretionary,Automotive Retail,103.06,104.44,73.94,102.03,102.69,100.74,94.78,88.85,0.2,2.5,105.64,95.83
OXY,Occidental Petroleum,Energy,Oil & Gas Exploration & Production,43.96,56.5,35.91,44.46,44.06,44.15,44.13,45.61,-0.2,3.96,45.7,42.61
ODFL,Old Dominion,Industrials,Cargo Ground Transportation,154.8,230.8,141.85,152.19,149.29,152.47,159.07,175.86,0.0,9.12,168.92,136.01
OMC,Omnicom Group,Communication Services,Advertising,77.67,102.78,69.22,76.4,74.72,74.4,73.02,80.76,-0.2,1.08,78.51,70.3
ON,ON Semiconductor,Information Technology,Semiconductors,49.77,77.87,31.95,50.98,49.42,52.48,54.39,52.87,0.0,23.23,61.33,43.63
OKE,Oneok,Energy,Oil & Gas Storage & Transportation,73.5,112.93,73.04,74.12,74.35,77.28,79.12,89.95,-0.2,13.92,83.73,70.83
ORCL,Oracle Corporation,Information Technology,Application Software,234.62,256.43,122.56,244.22,248.35,248.4,231.01,179.34,-0.4,10.31,258.81,237.98
OTIS,Otis Worldwide,Industrials,Industrial Machinery & Supplies & Components,88.59,104.22,84.52,87.91,87.34,87.03,93.38,95.77,-0.2,1.21,89.66,84.41
PCAR,Paccar,Industrials,Construction Machinery & Heavy Transportation Equipment,99.46,113.98,85.82,99.22,98.21,98.59,96.25,100.17,-0.2,2.37,101.82,95.36
PKG,Packaging Corporation of America,Materials,Paper & Plastic Packaging Products & Materials,198.25,244.28,174.83,196.62,196.22,197.92,196.88,206.65,-0.2,4.72,207.61,188.23
PLTR,Palantir Technologies,Information Technology,Application Software,157.75,186.97,30.16,174.87,179.27,169.01,152.18,104.63,-0.2,22.77,193.67,144.35
PANW,Palo Alto Networks,Information Technology,Systems Software,181.56,208.28,152.44,177.05,173.68,180.42,191.13,187.34,0.6,12.97,205.11,155.74
PSKY,Paramount Skydance Corporation,Communication Services,Movies & Entertainment,13.48,15.0,9.8,14.02,12.45,12.66,12.58,11.49,0.4,12.39,15.15,10.17
PH,Parker Hannifin,Industrials,Industrial Machinery & Supplies & Components,744.23,762.05,515.78,743.56,735.07,731.56,707.62,662.5,0.0,2.06,759.56,703.59
PAYX,Paychex,Industrials,Human Resource & Employment Services,139.01,158.58,121.76,138.19,138.53,141.33,144.26,144.45,-0.4,7.16,148.96,133.69
PAYC,Paycom,Industrials,Human Resource & Employment Services,227.93,265.71,154.16,221.58,223.06,228.19,231.59,224.14,0.4,6.68,243.16,213.22
PYPL,PayPal,Financials,Transaction & Payment Processing Services,69.05,91.81,57.41,69.56,68.82,70.59,72.43,75.73,0.0,12.96,78.0,63.17
PNR,Pentair,Industrials,Industrial Machinery & Supplies & Components,107.08,109.01,75.76,106.66,104.96,103.77,103.03,97.96,0.2,0.83,107.97,99.58
PEP,PepsiCo,Consumer Staples,Soft Drinks & Non-alcoholic Beverages,152.16,173.24,127.06,150.02,147.18,144.49,138.13,143.58,0.2,0.17,152.42,136.57
PFE,Pfizer,Health Care,Pharmaceuticals,25.32,28.21,20.83,25.16,24.78,24.49,24.35,24.23,0.2,1.46,25.69,23.3
PCG,PG&E Corporation,Utilities,Multi-Utilities,15.6,21.53,13.0,15.26,15.2,14.7,14.15,16.86,0.0,2.12,15.93,13.47
PM,Philip Morris International,Consumer Staples,Tobacco,168.77,183.57,113.6,166.54,167.7,165.02,173.97,151.35,0.4,1.61,171.49,158.57
PSX,Phillips 66,Energy,Oil & Gas Refining & Marketing,122.17,136.52,91.98,122.79,121.06,122.75,123.7,119.04,0.4,5.2,128.52,116.98
PNW,Pinnacle West Capital,Utilities,Multi-Utilities,92.07,93.78,79.36,91.74,92.26,91.31,90.12,88.68,0.0,2.58,94.45,88.17
PNC,PNC Financial Services,Financials,Diversified Banks,192.99,209.23,146.94,192.85,190.94,191.67,188.5,183.46,0.2,2.53,197.87,185.47
POOL,Pool Corporation,Consumer Discretionary,Distributors,324.78,385.63,283.92,323.64,315.57,315.03,304.16,325.23,0.0,1.74,330.43,299.63
PPG,PPG Industries,Materials,Specialty Chemicals,112.86,131.36,90.49,112.04,109.21,109.29,111.7,112.87,0.0,3.92,117.28,101.3
PPL,PPL Corporation,Utilities,Electric Utilities,36.73,37.24,30.19,36.77,36.59,36.34,35.09,33.97,0.2,1.31,37.21,35.47
PFG,Principal Financial Group,Financials,Life & Health Insurance,78.6,88.8,68.88,78.07,77.31,77.89,78.47,79.35,0.0,3.59,81.42,74.37
PG,Procter & Gamble,Consumer Staples,Personal Care Products,158.4,176.3,150.47,155.53,154.76,154.6,156.55,162.85,0.0,1.0,159.98,149.21
PGR,Progressive Corporation,Financials,Property & Casualty Insurance,250.64,291.0,231.16,249.0,247.23,245.46,252.77,259.79,0.0,0.57,252.07,238.83
PLD,Prologis,Real Estate,Industrial REITs,110.76,127.92,88.91,106.97,106.14,107.04,107.07,108.69,0.2,0.25,111.04,103.03
PRU,Prudential Financial,Financials,Life & Health Insurance,106.25,126.35,93.93,106.56,104.93,104.12,104.92,109.56,-0.2,1.58,107.93,100.31
PEG,Public Service Enterprise Group,Utilities,Electric Utilities,84.59,92.39,76.52,85.7,86.39,87.33,84.3,82.97,-0.2,6.88,90.41,84.24
PTC,PTC Inc.,Information Technology,Application Software,209.87,216.41,136.74,208.08,207.55,207.61,190.9,178.09,0.2,3.4,217.01,198.22
PSA,Public Storage,Real Estate,Self-Storage REITs,287.35,354.44,263.65,282.98,282.22,283.37,288.4,297.45,0.0,1.77,292.44,274.28
PHM,PulteGroup,Consumer Discretionary,Homebuilding,130.37,148.13,91.82,129.16,125.19,121.04,112.7,110.6,0.2,1.04,131.73,110.36
PWR,Quanta Services,Industrials,Construction & Engineering,379.27,421.68,236.56,380.17,383.76,394.48,383.14,325.05,0.0,10.85,420.42,368.55
QCOM,Qualcomm,Information Technology,Semiconductors,156.25,175.11,123.92,157.54,152.87,153.86,155.72,155.1,0.2,5.91,165.48,142.23
DGX,Quest Diagnostics,Health Care,Health Care Services,182.83,182.83,144.81,179.81,178.03,173.99,174.44,166.0,0.6,0.27,183.32,164.64
RL,Ralph Lauren Corporation,Consumer Discretionary,"Apparel, Accessories & Luxury Goods",285.35,304.45,160.89,291.63,292.1,295.54,284.41,248.08,0.0,7.99,308.15,282.93
RJF,Raymond James Financial,Financials,Investment Banking & Brokerage,164.18,171.46,113.62,164.07,164.83,165.64,158.48,152.88,0.0,3.57,170.04,161.24
RTX,RTX Corporation,Industrials,Aerospace & Defense,153.66,157.71,112.45,154.54,154.59,155.37,149.25,130.3,0.0,2.47,157.46,153.27
O,Realty Income,Real Estate,Retail REITs,59.01,61.73,49.83,58.21,57.76,57.39,57.13,55.02,0.4,-0.39,58.78,56.0
REG,Regency Centers,Real Estate,Retail REITs,71.78,76.25,64.84,71.25,71.73,71.68,70.94,71.36,-0.4,2.31,73.44,69.91
REGN,Regeneron Pharmaceuticals,Health Care,Biotechnology,571.78,1196.63,482.34,570.21,562.72,561.8,545.2,639.67,-0.2,1.38,579.67,543.95
RF,Regions Financial Corporation,Financials,Regional Banks,25.72,26.62,18.13,25.78,25.33,25.56,24.4,23.09,0.2,3.85,26.71,24.41
RSG,Republic Services,Industrials,Environmental & Facilities Services,234.8,257.46,196.49,233.07,234.23,236.03,241.05,229.66,0.2,4.82,246.12,225.95
RMD,ResMed,Health Care,Health Care Equipment,286.04,290.83,203.67,285.89,283.87,280.56,264.99,242.2,0.2,1.97,291.67,269.44
RVTY,Revvity,Health Care,Health Care Equipment,91.42,127.41,85.8,90.45,88.53,91.19,94.56,105.07,0.0,10.84,101.33,81.05
ROK,Rockwell Automation,Industrials,Electrical Components & Equipment,343.51,357.15,217.21,344.23,337.88,344.61,338.24,291.63,-0.2,5.57,362.64,326.57
ROL,"Rollins, Inc.",Industrials,Environmental & Facilities Services,57.94,58.48,45.24,57.58,57.92,57.63,56.68,52.61,0.0,2.07,59.14,56.13
ROP,Roper Technologies,Information Technology,Electronic Equipment & Instruments,532.59,592.1,501.26,528.4,530.19,541.68,553.1,556.1,-0.4,6.86,569.13,514.26
ROST,Ross Stores,Consumer Discretionary,Apparel Retail,147.88,155.29,122.55,147.71,147.0,142.9,135.8,140.39,0.0,2.65,151.8,134.0
RCL,Royal Caribbean Group,Consumer Discretionary,"Hotels, Resorts & Cruise Lines",330.07,352.84,154.84,319.31,313.77,323.47,313.87,251.86,0.4,7.93,356.24,290.69
SPGI,S&P Global,Financials,Financial Exchanges & Data,554.43,564.15,437.5,557.77,558.23,549.36,531.25,509.8,0.2,3.89,576.0,522.74
CRM,Salesforce,Information Technology,Application Software,246.0,366.29,231.66,240.56,239.77,250.65,259.62,292.28,-0.2,12.41,276.53,224.79
SBAC,SBA Communications,Real Estate,Telecom Tower REITs,220.26,245.74,190.85,218.33,219.25,224.2,228.85,219.25,0.0,7.47,236.71,211.68
SLB,Schlumberger,Energy,Oil & Gas Equipment & Services,33.34,44.61,31.68,33.28,33.02,33.76,34.57,37.6,0.0,7.74,35.92,31.59
STX,Seagate Technology,Information Technology,"Technology Hardware, Storage & Peripherals",157.93,158.7,66.19,156.74,153.68,153.11,145.23,106.77,0.2,1.14,159.73,146.48
SRE,Sempra,Utilities,Multi-Utilities,82.65,92.47,63.23,81.79,81.74,81.44,77.66,78.43,-0.2,0.64,83.18,79.69
NOW,ServiceNow,Information Technology,Systems Software,886.78,1170.39,721.65,872.05,872.9,914.62,962.24,974.08,-0.4,14.22,1012.88,816.36
SHW,Sherwin-Williams,Materials,Specialty Chemicals,367.93,397.11,312.15,364.8,358.57,349.05,346.21,352.04,0.0,1.18,372.27,325.82
SPG,Simon Property Group,Real Estate,Retail REITs,174.88,183.07,138.55,173.1,169.87,167.65,163.8,165.73,0.0,0.09,175.04,160.27
SWKS,Skyworks Solutions,Information Technology,Semiconductors,74.93,106.51,48.7,74.54,72.21,71.27,73.02,74.26,0.0,1.84,76.31,66.23
SJM,J.M. Smucker Company (The),Consumer Staples,Packaged Foods & Meats,112.02,117.29,93.48,111.3,110.4,109.24,103.83,107.55,0.0,0.41,112.48,106.0
SW,Smurfit Westrock,Materials,Paper & Plastic Packaging Products & Materials,43.17,55.13,37.46,43.35,43.23,44.67,44.45,47.03,-0.4,12.9,48.74,40.61
SNA,Snap-on,Industrials,Industrial Machinery & Supplies & Components,324.76,366.61,265.78,326.5,324.52,324.5,320.03,330.52,-0.4,2.41,332.59,316.42
SOLV,Solventum,Health Care,Health Care Technology,72.27,84.04,59.4,72.41,72.39,72.8,73.89,72.21,0.2,3.78,75.0,70.6
SO,Southern Company,Utilities,Electric Utilities,94.18,95.24,78.98,93.57,93.74,93.98,91.98,87.26,0.0,0.94,95.07,92.9
LUV,Southwest Airlines,Industrials,Passenger Airlines,31.59,37.7,23.9,31.21,30.47,31.17,32.85,31.4,0.2,10.32,34.85,27.49
SWK,Stanley Black & Decker,Industrials,Industrial Machinery & Supplies & Components,76.21,106.67,55.14,75.04,72.18,71.24,69.8,75.18,0.0,1.56,77.4,65.08
SBUX,Starbucks,Consumer Discretionary,Restaurants,90.93,114.25,78.61,92.02,91.43,91.39,92.16,93.69,0.0,5.17,95.63,87.15
STT,State Street Corporation,Financials,Asset Management & Custody Banks,111.15,113.6,74.79,111.7,111.14,111.25,106.96,96.3,0.2,2.4,113.82,108.68
STLD,Steel Dynamics,Materials,Steel,128.22,152.49,106.43,127.45,125.26,126.05,129.35,128.21,0.4,3.0,132.07,120.03
STE,Steris,Health Care,Health Care Equipment,247.62,251.96,201.46,246.19,241.66,234.48,234.73,224.61,0.4,1.98,252.52,216.45
SYK,Stryker Corporation,Health Care,Health Care Equipment,389.94,403.53,334.87,382.19,379.31,386.44,386.72,377.91,0.6,4.3,406.71,366.17
SMCI,Supermicro,Information Technology,"Technology Hardware, Storage & Peripherals",43.24,62.88,18.01,45.21,45.57,51.25,48.88,39.01,0.2,46.65,63.41,39.08
SYF,Synchrony Financial,Financials,Consumer Finance,71.59,72.83,43.38,72.06,70.96,70.72,67.91,61.63,0.2,3.18,73.87,67.57
SNPS,Synopsys,Information Technology,Application Software,612.79,645.35,380.9,618.19,619.85,620.73,563.3,508.15,0.2,5.16,644.41,597.04
SYY,Sysco,Consumer Staples,Food Distributors,79.49,82.19,67.53,80.32,80.47,80.13,77.63,74.12,0.2,2.97,81.85,78.42
TMUS,T-Mobile US,Communication Services,Wireless Telecommunication Services,258.22,271.83,190.96,253.84,249.75,244.85,236.63,240.47,0.0,0.07,258.4,231.3
TROW,T. Rowe Price,Financials,Asset Management & Custody Banks,106.3,120.07,79.19,107.8,106.64,105.96,101.24,101.96,-0.4,3.32,109.83,102.09
TTWO,Take-Two Interactive,Communication Services,Interactive Home Entertainment,228.36,243.05,147.66,232.48,228.87,226.85,233.29,209.41,0.6,3.33,235.96,217.75
TPR,"Tapestry, Inc.",Consumer Discretionary,"Apparel, Accessories & Luxury Goods",97.92,113.53,39.27,101.56,105.63,107.3,97.3,76.48,-0.4,19.34,116.86,97.74
TRGP,Targa Resources,Energy,Oil & Gas Storage & Transportation,160.77,213.93,138.82,163.45,164.64,164.93,167.38,179.39,-0.4,5.13,169.02,160.84
TGT,Target Corporation,Consumer Staples,Consumer Staples Merchandise Retail,105.36,154.72,86.82,104.59,104.4,103.42,100.97,112.66,-0.2,2.38,107.87,98.98
TEL,TE Connectivity,Information Technology,Electronic Manufacturing Services,203.39,209.34,121.47,204.61,202.9,204.16,184.03,156.52,0.2,3.23,209.96,198.36
TDY,Teledyne Technologies,Information Technology,Electronic Equipment & Instruments,543.15,563.66,415.45,542.05,544.96,548.11,528.25,494.54,0.0,2.9,558.9,537.34
TER,Teradyne,Information Technology,Semiconductor Materials & Equipment,110.62,139.64,67.86,111.26,109.14,103.97,96.05,100.29,0.0,8.05,119.52,88.43
TSLA,"Tesla, Inc.",Consumer Discretionary,Automobile Manufacturers,329.31,479.86,205.75,334.0,332.17,323.52,321.02,327.27,-0.2,5.42,347.16,299.86
TXN,Texas Instruments,Information Technology,Semiconductors,195.94,219.66,143.34,194.37,190.76,187.83,199.63,186.28,0.6,0.64,197.19,178.47
TPL,Texas Pacific Land Corporation,Energy,Oil & Gas Exploration & Production,902.18,1723.85,784.85,894.26,886.31,925.66,1001.18,1232.51,-0.2,12.86,1018.2,833.15
TXT,Textron,Industrials,Aerospace & Defense,79.68,91.11,60.7,79.86,78.73,79.04,80.16,76.77,0.6,4.77,83.48,74.59
TMO,Thermo Fisher Scientific,Health Care,Life Sciences Tools & Services,498.29,622.18,390.26,488.93,474.89,473.85,437.99,484.57,0.0,0.09,498.74,448.95
TJX,TJX Companies,Consumer Discretionary,Apparel Retail,134.62,134.62,110.06,133.38,132.61,129.36,125.93,123.34,0.2,1.24,136.29,122.43
TKO,TKO Group Holdings,Communication Services,Movies & Entertainment,184.9,191.28,113.12,188.32,178.72,173.13,172.34,154.12,0.4,5.27,194.64,151.61
TTD,Trade Desk (The),Communication Services,Advertising,52.53,139.51,45.27,52.94,60.33,73.45,73.51,87.46,-0.2,103.14,106.71,40.19
TSCO,Tractor Supply,Consumer Discretionary,Other Specialty Retail,62.28,62.28,47.8,60.66,60.16,59.42,56.35,54.11,0.4,-0.8,61.78,57.06
TT,Trane Technologies,Industrials,Building Products,428.79,472.54,314.52,428.9,429.68,440.25,435.3,392.01,0.2,10.31,473.0,407.49
TDG,TransDigm Group,Industrials,Aerospace & Defense,1397.78,1620.83,1212.43,1402.87,1405.47,1495.62,1499.92,1377.97,0.2,21.2,1694.11,1297.17
TRV,Travelers Companies (The),Financials,Property & Casualty Insurance,268.87,275.2,212.97,267.45,266.33,263.57,262.51,255.08,0.2,0.79,270.99,256.14
TRMB,Trimble Inc.,Information Technology,Electronic Equipment & Instruments,81.12,85.24,54.15,82.86,83.09,83.62,79.38,72.05,0.0,5.73,85.77,81.47
TFC,Truist Financial,Financials,Diversified Banks,44.18,46.42,33.92,44.54,43.74,43.83,42.94,42.0,0.2,3.53,45.74,41.92
TYL,Tyler Technologies,Information Technology,Application Software,570.26,646.74,521.68,572.73,581.81,576.83,576.36,585.39,-0.4,7.58,613.49,540.2
TSN,Tyson Foods,Consumer Staples,Packaged Foods & Meats,56.71,64.25,52.3,56.71,56.61,55.1,55.04,57.57,0.0,2.94,58.38,51.81
USB,U.S. Bancorp,Financials,Diversified Banks,46.21,51.9,36.0,46.34,45.54,45.5,45.36,44.96,0.4,2.32,47.28,43.73
UBER,Uber,Industrials,Passenger Ground Transportation,95.32,97.48,59.93,92.83,91.79,90.39,90.43,77.78,0.4,-0.58,94.77,86.01
UDR,"UDR, Inc.",Real Estate,Multi-Family Residential REITs,38.87,45.23,37.29,38.41,38.26,38.96,39.95,41.39,-0.2,5.51,41.01,36.92
ULTA,Ulta Beauty,Consumer Discretionary,Other Specialty Retail,516.55,532.71,314.47,522.66,514.86,514.17,489.97,415.17,0.2,2.6,529.98,498.38
UNP,Union Pacific Corporation,Industrials,Rail Transportation,223.77,251.7,207.02,221.87,221.81,222.95,226.76,229.66,0.0,2.35,229.03,216.88
UAL,United Airlines Holdings,Industrials,Passenger Airlines,102.19,110.52,41.33,100.88,95.84,92.53,86.25,86.96,0.0,1.31,103.53,81.52
UPS,United Parcel Service,Industrials,Air Freight & Logistics,87.8,130.93,82.93,86.92,85.97,88.71,94.92,107.04,-0.2,15.28,101.22,76.19
URI,United Rentals,Industrials,Trading Companies & Distributors,915.64,932.23,549.5,918.45,894.52,881.85,806.87,732.5,0.4,2.88,942.01,821.66
UNH,UnitedHealth Group,Health Care,Managed Health Care,304.24,615.84,237.77,292.01,271.53,267.8,288.71,438.2,0.0,2.2,310.93,224.67
UHS,Universal Health Services,Health Care,Health Care Facilities,182.56,240.75,154.95,179.18,174.76,168.27,173.04,182.57,0.2,1.07,184.51,152.04
VLO,Valero Energy,Energy,Oil & Gas Refining & Marketing,137.93,153.55,102.97,136.7,134.8,137.1,138.83,129.47,0.6,5.04,144.88,129.33
VTR,Ventas,Real Estate,Health Care REITs,67.96,69.55,56.07,67.7,68.13,67.63,65.19,63.65,0.2,2.15,69.42,65.83
VLTO,Veralto,Industrials,Environmental & Facilities Services,108.1,113.22,85.23,107.9,107.81,106.18,102.87,100.46,0.2,2.04,110.31,102.04
VRSN,Verisign,Information Technology,Internet Services & Infrastructure,269.23,305.98,176.2,268.22,269.06,274.68,280.05,241.33,0.0,11.11,299.14,250.22
VRSK,Verisk Analytics,Industrials,Research & Consulting Services,271.01,320.87,260.0,267.29,265.84,274.85,293.58,290.99,0.2,10.9,300.55,249.15
VZ,Verizon,Communication Services,Integrated Telecommunication Services,44.94,45.03,36.62,44.16,43.57,43.18,42.47,41.25,0.2,-0.98,44.5,41.86
VRTX,Vertex Pharmaceuticals,Health Care,Biotechnology,390.76,516.74,366.54,391.93,384.97,421.66,442.61,458.39,-0.2,29.56,506.27,337.06
VTRS,Viatris,Health Care,Pharmaceuticals,10.68,13.02,7.16,10.6,10.08,9.59,9.26,9.96,-0.2,2.53,10.95,8.24
VICI,Vici Properties,Real Estate,Hotel & Resort REITs,32.47,33.93,27.46,32.56,32.74,32.93,32.77,30.98,0.2,4.07,33.79,32.08
V,Visa Inc.,Financials,Transaction & Payment Processing Services,342.45,372.65,264.61,343.54,339.66,343.94,349.36,336.01,0.2,4.61,358.24,329.66
VST,Vistra Corp.,Utilities,Electric Utilities,193.52,214.06,73.19,199.49,201.56,202.27,192.24,155.88,0.0,10.56,213.96,190.59
VMC,Vulcan Materials Company,Materials,Construction Materials,292.84,295.15,219.65,292.52,288.76,281.49,270.48,262.8,0.4,1.98,298.64,264.34
WRB,W. R. Berkley Corporation,Financials,Property & Casualty Insurance,71.56,74.57,55.33,71.15,70.7,69.86,70.56,65.28,0.2,0.59,71.98,67.74
GWW,W. W. Grainger,Industrials,Industrial Machinery & Supplies & Components,995.4,1212.97,915.74,980.02,964.67,988.28,1021.4,1052.29,-0.2,8.38,1078.81,897.71
WAB,Wabtec,Industrials,Construction Machinery & Heavy Transportation Equipment,192.68,214.1,158.54,191.35,190.8,192.65,201.79,194.17,0.2,6.23,204.68,180.63
WBA,Walgreens Boots Alliance,Consumer Staples,Drug Retail,12.08,12.93,8.01,11.99,11.94,11.78,11.58,10.71,0.2,0.33,12.12,11.44
WMT,Walmart,Consumer Staples,Consumer Staples Merchandise Retail,101.29,104.27,72.74,100.67,101.99,99.81,97.56,93.64,0.2,3.49,104.83,94.8
DIS,Walt Disney Company (The),Communication Services,Movies & Entertainment,116.27,124.01,81.37,116.23,114.79,117.37,119.03,108.5,0.0,6.26,123.55,111.19
WBD,Warner Bros. Discovery,Communication Services,Broadcasting,11.56,13.7,6.94,11.81,11.66,12.43,11.72,10.33,0.0,22.84,14.2,10.65
WM,Waste Management,Industrials,Environmental & Facilities Services,228.49,241.26,199.11,227.11,230.55,230.41,229.89,223.93,0.0,3.63,236.78,224.03
WAT,Waters Corporation,Health Care,Life Sciences Tools & Services,297.72,417.28,277.72,293.8,287.07,290.91,317.34,356.69,-0.2,3.32,307.6,274.24
WEC,WEC Energy Group,Utilities,Electric Utilities,108.48,110.37,86.53,107.88,108.48,108.46,105.94,101.58,0.0,1.77,110.4,106.51
WFC,Wells Fargo,Financials,Diversified Banks,77.53,83.83,50.45,77.87,77.8,79.33,78.78,73.57,0.0,8.6,84.2,74.47
WELL,Welltower,Real Estate,Health Care REITs,163.57,168.94,113.43,162.76,165.03,164.4,157.66,144.41,0.2,4.27,170.55,158.25
WST,West Pharmaceutical Services,Health Care,Health Care Supplies,246.99,347.02,190.04,245.74,242.77,245.61,230.88,259.25,-0.2,8.19,267.22,224.02
WDC,Western Digital,Information Technology,"Technology Hardware, Storage & Peripherals",75.86,78.69,30.48,75.9,75.33,73.99,67.26,52.07,0.2,5.52,80.05,67.93
WY,Weyerhaeuser,Real Estate,Timber REITs,26.33,33.15,24.49,26.11,25.82,25.74,26.04,27.84,-0.2,0.84,26.55,24.93
WSM,"Williams-Sonoma, Inc.",Consumer Discretionary,Homefurnishing Retail,202.69,215.83,126.49,204.64,202.99,196.04,177.02,173.54,0.2,5.54,213.92,178.16
WMB,Williams Companies,Energy,Oil & Gas Storage & Transportation,56.57,62.87,42.55,57.15,57.6,58.27,58.88,56.94,0.4,6.74,60.38,56.16
WTW,Willis Towers Watson,Financials,Insurance Brokers,335.47,338.92,277.19,332.05,329.8,320.98,310.2,315.1,0.0,1.83,341.61,300.34
WDAY,"Workday, Inc.",Information Technology,Application Software,229.79,279.91,210.47,226.54,223.31,228.51,234.32,248.92,0.2,6.65,245.07,211.93
WYNN,Wynn Resorts,Consumer Discretionary,Casinos & Gaming,112.83,112.83,65.78,110.57,109.36,108.93,102.67,90.08,0.2,-0.15,112.66,105.19
XEL,Xcel Energy,Utilities,Multi-Utilities,73.22,74.24,57.95,72.53,72.76,72.81,70.1,68.34,-0.2,1.32,74.19,71.44
XYL,Xylem Inc.,Industrials,Industrial Machinery & Supplies & Components,141.83,144.62,102.53,141.77,142.49,139.48,133.32,124.49,0.2,5.64,149.83,129.14
YUM,Yum! Brands,Consumer Discretionary,Restaurants,152.01,161.74,122.07,148.22,144.96,145.12,145.78,142.49,0.4,-0.51,151.23,139.0
ZBRA,Zebra Technologies,Information Technology,Electronic Equipment & Instruments,312.06,421.11,213.54,322.59,319.55,325.91,316.74,328.65,-0.2,11.74,348.7,303.13
ZBH,Zimmer Biomet,Health Care,Health Care Equipment,104.31,115.11,89.98,102.99,100.56,97.42,94.76,101.87,0.0,1.82,106.21,88.62
ZTS,Zoetis,Health Care,Pharmaceuticals,155.67,194.12,143.44,153.52,150.85,150.43,154.51,162.12,0.4,0.26,156.07,144.77
