Symbol,Company,GICS_Sector,GICS_Sub_Industry,Current_Price,52_Week_High,52_Week_Low,SMA_5,SMA_10,SMA_20,SMA_50,SMA_100,SMA_125,SMA_200
MMM,3M,Industrials,Industrial Conglomerates,154.34,164.15,121.39,155.29,154.55,151.95,151.21,146.36,146.86,142.41
AOS,A. O. Smith,Industrials,Building Products,72.82,90.29,58.25,72.67,71.72,71.39,68.41,66.84,66.71,67.86
ABT,Abbott Laboratories,Health Care,Health Care Equipment,131.25,139.95,108.25,130.39,131.16,129.33,131.04,130.66,130.75,125.69
ABBV,AbbVie,Health Care,Biotechnology,206.19,214.8,159.42,205.12,201.61,196.84,191.1,187.82,191.31,185.76
ACN,Accenture,Information Technology,IT Consulting & Other Services,255.88,394.41,236.67,248.77,244.88,257.9,281.24,291.94,300.04,322.03
ADBE,Adobe Inc.,Information Technology,Application Software,361.03,587.75,330.04,354.55,346.98,353.6,371.05,377.1,386.22,417.73
AMD,Advanced Micro Devices,Information Technology,Semiconductors,166.55,186.65,76.48,177.11,174.11,172.9,152.27,127.26,122.61,124.51
AES,AES Corporation,Utilities,Independent Power Producers & Energy Traders,13.3,19.17,9.28,13.19,13.05,13.17,12.17,11.35,11.36,11.62
AFL,Aflac,Financials,Life & Health Insurance,106.89,114.16,96.67,105.81,104.49,102.44,102.68,104.1,104.63,104.73
A,Agilent Technologies,Health Care,Life Sciences Tools & Services,120.11,153.19,96.23,119.32,116.99,117.27,117.73,113.29,115.59,124.15
APD,Air Products,Materials,Industrial Gases,290.22,336.92,242.14,291.04,289.48,290.98,287.28,279.24,283.26,292.81
ABNB,Airbnb,Consumer Discretionary,"Hotels, Resorts & Cruise Lines",126.0,163.93,99.88,125.16,123.72,129.76,133.42,128.73,129.79,131.86
AKAM,Akamai Technologies,Information Technology,Internet Services & Infrastructure,76.49,106.8,67.51,75.18,73.83,75.87,77.68,77.59,78.43,85.08
ALB,Albemarle Corporation,Materials,Specialty Chemicals,80.55,112.1,49.11,81.79,78.05,75.75,70.2,64.55,66.82,76.64
ARE,Alexandria Real Estate Equities,Real Estate,Office REITs,78.27,118.73,66.16,76.21,74.92,77.04,75.6,75.07,79.21,86.4
ALGN,Align Technology,Health Care,Health Care Supplies,143.77,262.87,127.7,143.95,141.06,159.1,177.43,175.5,175.27,192.17
ALLE,Allegion,Industrials,Building Products,169.86,170.29,116.14,168.48,166.52,165.22,152.8,143.82,140.46,138.03
LNT,Alliant Energy,Utilities,Electric Utilities,66.02,66.76,54.71,65.03,65.28,65.05,62.69,61.74,61.84,60.59
ALL,Allstate,Financials,Property & Casualty Insurance,210.38,212.16,173.55,208.35,207.58,202.64,198.71,199.21,199.13,196.13
GOOGL,Alphabet Inc. (Class A),Communication Services,Interactive Media & Services,201.57,206.56,140.36,202.77,201.22,197.17,185.31,172.7,171.95,176.87
GOOG,Alphabet Inc. (Class C),Communication Services,Interactive Media & Services,202.49,208.21,142.49,203.71,202.06,198.03,186.27,174.04,173.43,178.38
MO,Altria,Consumer Staples,Tobacco,66.56,66.6,46.28,65.88,65.2,62.95,60.49,59.02,58.25,55.68
AMZN,Amazon,Consumer Discretionary,Broadline Retail,228.01,242.52,161.38,229.21,225.7,225.86,221.9,207.29,206.51,211.7
AMCR,Amcor,Materials,Paper & Plastic Packaging Products & Materials,8.53,11.04,8.25,8.89,9.26,9.41,9.39,9.28,9.39,9.5
AEE,Ameren,Utilities,Multi-Utilities,101.86,103.59,78.91,101.2,101.39,101.02,98.09,97.53,97.63,94.88
AEP,American Electric Power,Utilities,Electric Utilities,112.66,114.42,87.57,112.26,112.32,111.36,106.37,104.85,104.56,100.55
AXP,American Express,Financials,Consumer Finance,306.1,329.14,219.87,306.64,302.04,303.02,306.63,290.16,287.51,291.96
AIG,American International Group,Financials,Multi-line Insurance,81.29,87.61,68.55,80.38,79.28,78.93,81.67,82.06,81.81,78.69
AMT,American Tower,Real Estate,Telecom Tower REITs,206.65,235.86,169.77,204.7,205.96,212.1,216.75,215.08,212.9,204.02
AWK,American Water Works,Utilities,Water Utilities,145.21,153.69,116.64,143.79,143.5,142.17,141.17,142.0,141.22,135.73
AMP,Ameriprise Financial,Financials,Asset Management & Custody Banks,506.26,576.69,393.57,507.58,507.34,511.27,519.76,502.13,502.18,516.84
AME,Ametek,Industrials,Electrical Components & Equipment,185.2,197.35,144.77,184.17,183.81,182.52,180.7,175.24,176.39,179.8
AMGN,Amgen,Health Care,Biotechnology,295.55,332.94,249.07,292.85,289.19,295.82,293.31,287.69,292.19,286.93
APH,Amphenol,Information Technology,Electronic Components,109.98,112.35,56.35,110.16,110.05,107.78,101.45,89.16,84.31,79.34
ADI,Analog Devices,Information Technology,Semiconductors,230.44,247.73,157.93,233.49,229.13,227.78,233.41,216.7,217.07,215.82
AON,Aon plc,Financials,Insurance Brokers,372.86,411.24,322.37,368.5,366.95,363.04,357.44,361.63,368.48,369.05
APA,APA Corporation,Energy,Oil & Gas Exploration & Production,20.24,28.41,13.18,20.44,20.01,19.55,19.27,17.96,18.33,19.67
APO,Apollo Global Management,Financials,Asset Management & Custody Banks,137.08,187.59,101.84,139.19,140.9,143.57,142.28,136.64,137.43,147.56
AAPL,Apple Inc.,Information Technology,"Technology Hardware, Storage & Peripherals",230.56,259.18,168.8,231.83,227.79,218.39,210.52,206.9,211.15,220.49
AMAT,Applied Materials,Information Technology,Semiconductor Materials & Equipment,162.22,214.09,123.39,173.16,178.48,181.78,183.43,167.77,165.44,169.36
APTV,Aptiv,Consumer Discretionary,Automotive Parts & Equipment,76.14,77.06,47.19,75.01,71.13,69.67,69.5,64.73,64.68,62.69
ACGL,Arch Capital Group,Financials,Property & Casualty Insurance,91.84,110.75,82.49,90.86,89.94,88.72,89.36,91.18,91.29,92.3
ADM,Archer Daniels Midland,Consumer Staples,Agricultural Products & Services,59.96,60.72,40.56,59.7,58.78,56.95,54.72,50.99,50.17,50.06
ANET,Arista Networks,Information Technology,Communications Equipment,132.78,141.99,59.43,136.52,137.87,127.88,111.52,97.54,95.41,100.44
AJG,Arthur J. Gallagher & Co.,Financials,Insurance Brokers,300.98,350.53,272.64,295.34,292.2,294.1,307.24,320.19,322.19,311.96
AIZ,Assurant,Financials,Multi-line Insurance,213.74,227.97,174.28,212.38,209.21,197.84,195.27,195.75,197.88,202.75
T,AT&T,Communication Services,Integrated Telecommunication Services,28.98,29.16,18.22,28.78,28.42,28.05,27.83,27.47,27.21,25.45
ATO,Atmos Energy,Utilities,Gas Utilities,165.81,167.44,125.43,165.66,164.31,160.48,156.54,155.8,154.37,149.33
ADSK,Autodesk,Information Technology,Application Software,289.24,326.62,232.67,287.28,289.29,295.96,298.33,288.01,284.04,290.33
ADP,Automatic Data Processing,Industrials,Human Resource & Employment Services,305.72,328.29,256.89,303.36,303.11,304.41,305.47,305.27,304.46,301.21
AZO,AutoZone,Consumer Discretionary,Automotive Retail,4128.8,4138.36,2898.57,4040.91,4041.03,3948.18,3786.95,3748.11,3707.21,3537.07
AVB,AvalonBay Communities,Real Estate,Multi-Family Residential REITs,191.45,233.48,178.86,190.13,188.42,191.44,198.5,200.63,203.13,208.81
AVY,Avery Dennison,Materials,Paper & Plastic Packaging Products & Materials,175.29,221.17,156.18,175.9,173.44,172.72,176.48,175.27,176.24,182.0
AXON,Axon Enterprise,Industrials,Aerospace & Defense,758.29,885.92,346.71,763.9,798.39,772.85,773.53,706.75,673.19,649.59
BKR,Baker Hughes,Energy,Oil & Gas Equipment & Services,42.95,48.6,31.55,42.94,42.96,43.89,40.88,39.19,39.98,41.01
BALL,Ball Corporation,Materials,"Metal, Glass & Plastic Containers",53.14,67.39,43.35,53.67,53.62,55.78,56.55,53.76,53.31,54.37
BAC,Bank of America,Financials,Diversified Banks,48.08,49.31,32.88,47.58,46.79,47.07,46.73,43.75,43.45,44.07
BAX,Baxter International,Health Care,Health Care Equipment,24.33,39.87,21.33,24.14,23.79,24.94,27.91,29.11,30.17,30.62
BDX,Becton Dickinson,Health Care,Health Care Equipment,198.03,249.34,162.35,195.99,192.1,186.49,179.16,183.8,192.18,205.57
BBY,Best Buy,Consumer Discretionary,Computer & Electronics Retail,74.1,99.71,54.24,72.4,70.48,68.52,69.2,68.01,69.89,75.47
TECH,Bio-Techne,Health Care,Life Sciences Tools & Services,54.87,80.52,45.87,53.99,52.3,54.4,52.75,51.6,53.64,60.99
BIIB,Biogen,Health Care,Biotechnology,138.86,207.59,110.04,136.7,132.82,131.61,130.45,127.3,130.29,138.84
BLK,BlackRock,Financials,Asset Management & Custody Banks,1128.47,1171.89,769.66,1143.96,1136.57,1125.26,1075.53,1000.53,989.31,996.52
BX,Blackstone Inc.,Financials,Asset Management & Custody Banks,167.29,196.67,114.16,171.89,170.91,171.99,159.19,147.15,147.35,157.53
XYZ,"Block, Inc.",Financials,Transaction & Payment Processing Services,74.3,99.26,44.27,75.96,75.38,76.65,71.05,63.58,63.19,72.19
BK,BNY Mellon,Financials,Asset Management & Custody Banks,101.08,104.47,63.52,101.82,102.35,101.56,95.85,89.24,88.17,84.87
BA,Boeing,Industrials,Aerospace & Defense,225.0,242.69,128.88,231.85,229.93,228.84,220.34,201.73,195.09,184.26
BKNG,Booking Holdings,Consumer Discretionary,"Hotels, Resorts & Cruise Lines",5584.08,5839.41,3564.57,5500.61,5470.32,5521.42,5560.87,5271.3,5160.46,5078.38
BSX,Boston Scientific,Health Care,Health Care Equipment,103.75,108.94,77.29,103.32,103.11,104.61,103.59,102.22,101.95,98.95
BMY,Bristol Myers Squibb,Health Care,Pharmaceuticals,48.34,61.84,42.96,48.13,46.92,46.74,47.06,48.21,50.19,52.2
AVGO,Broadcom,Information Technology,Semiconductors,294.91,317.35,133.38,305.47,305.45,299.22,279.68,240.85,231.55,221.34
BR,Broadridge Financial Solutions,Industrials,Data Processing & Outsourced Services,262.92,271.91,203.77,260.9,262.98,256.61,246.21,241.22,239.74,235.55
BRO,Brown & Brown,Financials,Insurance Brokers,96.88,125.31,90.24,95.64,94.48,95.4,102.45,108.22,110.1,108.7
BLDR,Builders FirstSource,Industrials,Building Products,138.15,203.14,102.6,138.82,135.45,133.6,126.18,121.25,123.59,139.08
BG,Bunge Global,Consumer Staples,Agricultural Products & Services,79.87,99.21,66.18,81.51,81.9,80.27,79.31,78.3,77.25,78.02
BXP,"BXP, Inc.",Real Estate,Office REITs,66.87,86.38,53.45,65.64,64.89,66.57,68.42,66.42,66.39,69.04
CHRW,C.H. Robinson,Industrials,Air Freight & Logistics,123.82,124.94,84.13,122.11,119.79,113.19,103.08,98.23,98.31,100.25
CDNS,Cadence Design Systems,Information Technology,Application Software,346.88,376.45,221.56,350.21,352.03,351.08,326.41,306.02,295.07,297.71
CZR,Caesars Entertainment,Consumer Discretionary,Casinos & Gaming,25.28,45.93,21.4,25.51,24.93,26.3,27.86,27.39,27.95,31.1
CPT,Camden Property Trust,Real Estate,Multi-Family Residential REITs,108.28,124.31,101.41,106.78,106.17,108.64,111.99,113.27,114.42,114.59
CPB,Campbell's Company (The),Consumer Staples,Packaged Foods & Meats,32.69,50.77,29.39,32.5,32.47,32.49,31.86,33.86,34.84,37.01
COF,Capital One,Financials,Consumer Finance,214.62,231.82,129.97,216.62,213.36,213.0,210.86,195.67,192.7,190.2
CAH,Cardinal Health,Health Care,Health Care Distributors,149.02,168.44,104.89,149.34,151.81,154.55,158.88,151.02,146.39,136.79
KMX,CarMax,Consumer Discretionary,Automotive Retail,59.38,91.25,54.53,58.47,57.14,57.79,62.93,65.45,67.68,73.06
CCL,Carnival,Consumer Discretionary,"Hotels, Resorts & Cruise Lines",29.57,31.01,15.07,30.04,29.51,29.64,28.03,24.19,23.67,24.29
CARR,Carrier Global,Industrials,Building Products,66.98,82.31,53.89,66.34,66.08,69.45,71.95,69.05,68.38,69.01
CAT,Caterpillar Inc.,Industrials,Construction Machinery & Heavy Transportation Equipment,416.09,441.15,265.05,413.54,415.03,423.65,400.19,360.87,356.1,363.3
CBOE,Cboe Global Markets,Financials,Financial Exchanges & Data,246.13,255.27,186.22,245.77,248.08,246.27,236.95,228.95,225.64,216.59
CBRE,CBRE Group,Real Estate,Real Estate Services,159.98,161.03,108.45,158.99,157.02,154.56,144.6,134.34,134.14,134.81
CDW,CDW Corporation,Information Technology,Technology Distributors,167.58,229.02,136.84,166.15,164.53,170.66,174.53,170.95,171.22,175.99
COR,Cencora,Health Care,Health Care Distributors,294.71,308.18,216.84,292.54,288.72,289.21,292.06,288.5,282.01,266.04
CNC,Centene Corporation,Health Care,Managed Health Care,29.33,80.59,25.08,28.16,26.83,26.76,36.88,48.42,50.52,54.31
CNP,CenterPoint Energy,Utilities,Multi-Utilities,38.21,39.39,25.16,38.23,38.45,38.38,37.14,37.12,36.59,34.61
CF,CF Industries,Materials,Fertilizers & Agricultural Chemicals,84.0,103.84,66.56,85.01,84.18,88.38,92.08,86.46,84.46,85.19
CRL,Charles River Laboratories,Health Care,Life Sciences Tools & Services,158.48,230.02,91.86,156.59,153.35,163.05,157.1,143.48,148.36,161.38
SCHW,Charles Schwab Corporation,Financials,Investment Banking & Brokerage,95.76,99.42,60.38,96.28,96.7,96.71,93.09,87.27,85.23,82.4
CHTR,Charter Communications,Communication Services,Cable & Satellite,267.01,437.06,254.67,266.76,263.31,282.08,350.35,364.71,364.53,365.27
CVX,Chevron Corporation,Energy,Integrated Oil & Gas,152.0,166.93,130.45,154.98,154.37,154.08,150.35,145.18,147.39,148.62
CMG,Chipotle Mexican Grill,Consumer Discretionary,Restaurants,43.25,66.74,41.18,43.46,42.86,43.89,49.92,50.09,50.25,53.72
CB,Chubb Limited,Financials,Property & Casualty Insurance,273.8,305.88,250.52,274.34,272.27,270.1,277.52,282.76,283.21,279.64
CHD,Church & Dwight,Consumer Staples,Household Products,94.06,115.72,90.22,93.01,92.35,93.54,95.57,97.4,99.58,101.73
CI,Cigna,Health Care,Health Care Services,302.11,365.71,256.89,294.95,284.81,284.61,301.49,312.07,311.93,306.7
CINF,Cincinnati Financial,Financials,Property & Casualty Insurance,152.38,158.92,122.28,152.28,151.83,150.47,148.43,145.0,144.25,143.75
CTAS,Cintas,Industrials,Diversified Support Services,216.43,228.77,179.74,218.56,221.17,221.65,220.27,216.15,212.7,209.57
CSCO,Cisco,Information Technology,Communications Equipment,66.76,72.55,46.57,67.92,69.26,68.68,67.81,63.67,63.23,61.46
C,Citigroup,Financials,Diversified Banks,93.74,96.28,54.51,94.35,93.6,93.67,87.83,78.51,77.28,75.3
CFG,Citizens Financial Group,Financials,Regional Banks,48.39,49.55,31.96,48.59,47.89,48.08,45.95,42.02,41.96,42.99
CLX,Clorox,Consumer Staples,Household Products,120.81,166.9,116.17,121.39,122.2,124.08,123.6,129.6,133.02,142.06
CME,CME Group,Financials,Financial Exchanges & Data,271.49,289.46,195.35,272.89,277.06,278.05,275.46,272.93,269.44,254.16
CMS,CMS Energy,Utilities,Multi-Utilities,73.03,75.33,62.54,72.68,73.02,72.8,70.88,70.98,71.12,69.21
KO,Coca-Cola Company (The),Consumer Staples,Soft Drinks & Non-alcoholic Beverages,70.13,73.85,59.75,69.84,70.09,69.47,69.95,70.44,70.24,67.31
CTSH,Cognizant,Information Technology,IT Consulting & Other Services,70.86,89.77,64.98,69.96,69.58,71.52,75.27,75.38,76.51,77.54
COIN,Coinbase,Financials,Financial Exchanges & Data,302.07,444.65,142.58,318.45,315.94,339.13,339.41,275.48,261.23,268.9
CL,Colgate-Palmolive,Consumer Staples,Household Products,85.85,106.9,82.4,85.23,84.96,85.38,87.74,89.46,89.63,89.61
CMCSA,Comcast,Communication Services,Cable & Satellite,33.89,44.12,31.03,33.32,32.56,33.01,34.2,34.23,34.47,35.89
CAG,Conagra Brands,Consumer Staples,Packaged Foods & Meats,19.27,31.36,18.18,19.28,19.26,19.02,19.77,21.69,22.37,23.62
COP,ConocoPhillips,Energy,Oil & Gas Exploration & Production,93.76,112.56,78.56,94.45,93.62,93.99,92.84,90.82,91.81,95.25
ED,Consolidated Edison,Utilities,Multi-Utilities,101.1,112.97,85.07,101.63,102.53,102.35,100.95,103.49,103.17,98.94
STZ,Constellation Brands,Consumer Staples,Distillers & Vintners,165.9,255.51,158.43,168.05,169.19,170.41,167.94,175.27,175.67,188.31
CEG,Constellation Energy,Utilities,Electric Utilities,317.23,356.57,160.94,322.98,329.36,332.69,319.83,283.67,273.37,270.05
COO,Cooper Companies (The),Health Care,Health Care Supplies,74.02,112.38,65.0,73.7,71.97,72.15,72.02,75.45,77.41,84.73
CPRT,Copart,Industrials,Diversified Support Services,47.81,64.38,45.05,47.35,47.01,46.59,47.51,52.81,53.15,55.07
GLW,Corning Inc.,Information Technology,Electronic Components,64.52,66.5,37.1,65.4,65.22,62.55,56.22,50.76,50.14,49.55
CPAY,Corpay,Financials,Transaction & Payment Processing Services,320.68,400.81,269.02,318.33,312.61,320.83,327.22,326.64,331.61,343.44
CTVA,Corteva,Materials,Fertilizers & Agricultural Chemicals,72.4,77.41,52.02,72.13,71.73,72.13,73.23,68.7,67.22,64.57
CSGP,CoStar Group,Real Estate,Real Estate Services,88.95,97.43,68.26,88.46,90.94,92.73,86.53,81.84,81.04,78.78
COST,Costco,Consumer Staples,Consumer Staples Merchandise Retail,980.85,1075.34,862.73,977.3,979.35,959.11,971.25,980.3,977.97,970.54
CTRA,Coterra,Energy,Oil & Gas Exploration & Production,23.1,29.29,21.55,23.69,23.73,23.73,24.64,24.77,25.21,25.4
CRWD,CrowdStrike,Information Technology,Systems Software,418.6,517.98,242.25,425.96,429.32,444.17,469.72,441.54,427.1,404.52
CCI,Crown Castle,Real Estate,Telecom Tower REITs,102.42,115.8,81.93,101.51,102.96,105.7,103.49,102.0,100.76,97.7
CSX,CSX Corporation,Industrials,Rail Transportation,36.52,37.25,26.11,36.25,35.9,35.64,34.12,31.69,31.47,32.19
CMI,Cummins,Industrials,Construction Machinery & Heavy Transportation Equipment,402.21,408.38,258.55,403.04,395.59,380.67,350.64,327.85,330.29,340.62
CVS,CVS Health,Health Care,Health Care Services,70.97,71.73,42.12,68.47,66.54,63.9,64.68,64.53,64.48,59.88
DHR,Danaher Corporation,Health Care,Life Sciences Tools & Services,212.2,278.43,170.73,210.3,205.12,203.1,200.31,196.52,198.96,211.08
DRI,Darden Restaurants,Consumer Discretionary,Restaurants,207.84,226.68,138.76,206.72,205.41,204.66,210.92,206.53,203.61,193.2
DDOG,Datadog,Information Technology,Application Software,128.99,170.08,81.63,127.71,130.06,136.93,135.39,120.43,118.28,127.42
DVA,DaVita,Health Care,Health Care Services,136.68,179.6,126.07,134.88,132.05,137.83,139.51,141.36,142.29,148.87
DAY,Dayforce,Industrials,Human Resource & Employment Services,65.47,82.69,48.01,58.36,55.07,56.4,56.81,57.0,57.34,63.51
DECK,Deckers Brands,Consumer Discretionary,Footwear,105.52,223.98,93.72,104.88,103.79,106.17,104.59,108.74,112.74,142.14
DE,Deere & Company,Industrials,Agricultural & Farm Machinery,489.44,532.1,366.0,492.35,500.12,506.19,509.49,494.19,490.61,470.47
DELL,Dell Technologies,Information Technology,"Technology Hardware, Storage & Peripherals",135.2,145.54,65.56,137.92,136.93,133.88,126.13,111.36,108.95,112.6
DAL,Delta Air Lines,Industrials,Passenger Airlines,60.5,69.36,34.52,60.04,57.35,55.57,52.95,48.83,49.55,54.63
DVN,Devon Energy,Energy,Oil & Gas Exploration & Production,33.58,44.6,25.71,33.66,33.26,33.19,33.23,32.34,32.91,33.75
DXCM,Dexcom,Health Care,Health Care Equipment,80.9,93.25,57.52,80.52,79.23,81.71,83.02,79.61,79.43,79.59
FANG,Diamondback Energy,Energy,Oil & Gas Exploration & Production,138.96,195.31,112.4,139.69,139.63,143.08,142.49,139.32,141.38,150.81
DLR,Digital Realty,Real Estate,Data Center REITs,166.57,193.72,129.05,166.66,168.19,172.21,173.24,165.48,162.75,167.47
DG,Dollar General,Consumer Staples,Consumer Staples Merchandise Retail,112.78,123.68,65.67,113.67,114.33,111.07,111.83,102.86,97.82,88.88
DLTR,Dollar Tree,Consumer Staples,Consumer Staples Merchandise Retail,112.48,118.06,60.49,113.61,114.61,114.69,107.21,94.75,89.59,82.52
D,Dominion Energy,Utilities,Multi-Utilities,61.3,62.26,47.5,61.22,61.34,60.26,57.9,56.0,55.69,55.12
DPZ,Domino's,Consumer Discretionary,Restaurants,450.56,497.15,390.2,449.65,445.62,458.02,458.24,465.04,463.86,454.96
DASH,DoorDash,Consumer Discretionary,Specialized Consumer Services,248.37,278.15,122.32,250.27,256.0,252.19,240.73,216.36,211.32,198.78
DOV,Dover Corporation,Industrials,Industrial Machinery & Supplies & Components,179.71,221.09,142.63,179.13,177.07,179.77,182.22,177.17,179.17,185.67
DOW,Dow Inc.,Materials,Commodity Chemicals,23.53,52.49,20.4,23.28,22.31,23.4,26.55,27.75,29.44,33.39
DHI,D. R. Horton,Consumer Discretionary,Homebuilding,168.11,197.64,109.8,165.67,160.56,153.9,139.5,130.85,130.33,137.17
DTE,DTE Energy,Utilities,Multi-Utilities,139.73,141.54,112.71,139.49,139.69,139.03,135.59,134.74,134.15,128.6
DUK,Duke Energy,Utilities,Electric Utilities,123.78,126.75,102.41,123.1,123.66,121.79,118.36,117.61,117.17,113.83
DD,DuPont,Materials,Specialty Chemicals,73.78,88.67,53.45,73.53,72.16,72.79,71.93,68.88,70.67,73.74
EMN,Eastman Chemical Company,Materials,Specialty Chemicals,66.71,111.31,56.78,66.2,63.93,67.71,73.75,76.3,79.59,85.53
ETN,Eaton Corporation,Industrials,Electrical Components & Equipment,349.0,399.56,231.05,353.22,357.07,370.4,358.19,327.64,319.92,328.58
EBAY,eBay Inc.,Consumer Discretionary,Broadline Retail,99.89,101.15,53.86,99.77,96.99,90.92,82.49,75.6,73.76,69.97
ECL,Ecolab,Materials,Specialty Chemicals,283.66,285.09,221.08,281.28,276.79,271.2,268.93,259.44,259.39,253.58
EIX,Edison International,Utilities,Electric Utilities,56.35,85.03,46.98,55.96,55.46,54.17,51.8,53.62,53.69,59.75
EW,Edwards Lifesciences,Health Care,Health Care Equipment,78.93,83.0,64.01,78.27,78.13,78.61,77.27,75.66,74.72,73.47
EA,Electronic Arts,Communication Services,Interactive Home Entertainment,170.68,180.9,114.9,174.38,171.93,163.19,156.8,151.46,148.56,148.0
ELV,Elevance Health,Health Care,Managed Health Care,312.0,558.44,273.71,304.15,295.78,290.06,329.5,369.28,377.0,381.84
EMR,Emerson Electric,Industrials,Electrical Components & Equipment,131.59,149.68,89.31,132.7,132.53,138.83,136.01,122.73,121.12,122.4
ENPH,Enphase Energy,Information Technology,Semiconductor Materials & Equipment,36.23,130.08,29.89,34.66,33.38,33.52,37.98,43.36,46.92,55.08
ETR,Entergy,Utilities,Electric Utilities,88.81,91.79,56.77,89.41,89.63,89.06,84.92,83.46,83.39,80.5
EOG,EOG Resources,Energy,Oil & Gas Exploration & Production,117.32,135.49,100.76,118.66,117.7,118.54,119.46,115.59,117.31,120.62
EPAM,EPAM Systems,Information Technology,IT Consulting & Other Services,167.53,269.0,138.15,161.99,158.17,160.28,167.81,166.77,172.12,197.62
EQT,EQT Corporation,Energy,Oil & Gas Exploration & Production,50.54,60.83,31.01,51.48,51.45,51.95,54.86,53.7,52.97,50.51
EFX,Equifax,Industrials,Research & Consulting Services,249.91,308.07,199.6,248.92,244.76,243.98,254.19,252.64,250.55,253.82
EQIX,Equinix,Real Estate,Data Center REITs,773.46,983.59,697.65,776.76,777.64,783.98,806.0,821.85,831.05,865.41
EQR,Equity Residential,Real Estate,Multi-Family Residential REITs,64.44,76.06,58.81,63.86,63.48,64.47,66.3,67.26,67.81,68.63
ERIE,Erie Indemnity,Financials,Insurance Brokers,362.97,539.84,331.01,365.25,361.86,359.46,353.43,365.5,375.78,387.5
ESS,Essex Property Trust,Real Estate,Multi-Family Residential REITs,262.36,310.81,241.65,258.63,256.53,265.17,276.59,277.5,281.16,282.5
EL,Estée Lauder Companies (The),Consumer Staples,Personal Care Products,89.87,101.93,48.12,91.27,90.92,91.07,85.1,73.09,72.34,72.48
EG,Everest Group,Financials,Reinsurance,337.79,400.59,318.14,335.1,332.05,332.12,335.03,340.85,342.76,347.96
EVRG,Evergy,Utilities,Electric Utilities,72.5,73.97,55.88,72.39,72.55,71.57,69.66,68.09,67.74,65.43
ES,Eversource Energy,Utilities,Electric Utilities,65.71,67.09,51.64,65.52,65.55,65.82,65.07,62.73,62.26,60.63
EXC,Exelon,Utilities,Electric Utilities,44.74,47.26,34.98,44.64,44.72,44.3,43.33,43.87,43.68,41.48
EXE,Expand Energy,Energy,Oil & Gas Exploration & Production,93.05,121.47,66.93,94.24,95.83,97.51,105.43,106.51,105.37,102.08
EXPE,Expedia Group,Consumer Discretionary,"Hotels, Resorts & Cruise Lines",208.04,213.0,125.89,207.81,200.29,192.39,181.45,170.96,172.94,176.18
EXPD,Expeditors International,Industrials,Air Freight & Logistics,121.4,129.91,99.78,120.68,119.5,117.46,115.89,113.52,114.24,114.45
EXR,Extra Space Storage,Real Estate,Self-Storage REITs,139.46,178.97,119.72,137.64,137.17,141.2,145.66,144.42,145.25,148.2
XOM,ExxonMobil,Energy,Integrated Oil & Gas,107.42,121.93,96.01,106.73,106.0,107.65,109.05,106.99,107.49,108.18
FFIV,"F5, Inc.",Information Technology,Communications Equipment,315.48,334.0,194.45,318.27,319.62,312.93,302.03,286.53,284.76,276.62
FDS,FactSet,Financials,Financial Exchanges & Data,374.1,496.49,365.76,373.21,377.54,392.47,418.08,429.17,432.0,446.96
FICO,Fair Isaac,Information Technology,Application Software,1384.93,2402.52,1300.0,1346.34,1340.98,1403.89,1597.25,1746.05,1760.91,1874.75
FAST,Fastenal,Industrials,Trading Companies & Distributors,49.9,49.94,31.57,49.16,48.43,47.44,44.71,42.29,41.38,40.29
FRT,Federal Realty Investment Trust,Real Estate,Retail REITs,96.7,114.28,79.72,94.52,93.37,93.38,94.13,93.64,94.56,99.44
FDX,FedEx,Industrials,Air Freight & Logistics,233.13,303.39,193.05,229.94,228.39,229.14,229.11,223.11,227.87,245.16
FIS,Fidelity National Information Services,Financials,Transaction & Payment Processing Services,69.33,90.63,66.18,70.85,70.7,75.2,78.41,77.37,76.03,78.02
FITB,Fifth Third Bancorp,Financials,Regional Banks,42.8,47.75,31.96,42.84,42.18,42.13,41.62,39.12,39.28,40.94
FSLR,First Solar,Information Technology,Semiconductors,210.96,262.72,116.56,199.03,191.72,186.83,173.28,158.32,154.05,165.56
FE,FirstEnergy,Utilities,Electric Utilities,43.42,43.97,36.81,43.47,43.4,42.62,40.94,40.91,40.52,40.06
FI,Fiserv,Financials,Transaction & Payment Processing Services,139.11,238.59,128.22,136.36,134.63,136.97,155.78,171.71,182.0,193.31
F,Ford Motor Company,Consumer Discretionary,Automobile Manufacturers,11.58,11.81,8.21,11.47,11.31,11.14,11.01,10.42,10.22,10.01
FTNT,Fortinet,Information Technology,Systems Software,78.09,114.82,70.12,78.91,79.39,90.59,98.29,99.24,99.89,98.61
FTV,Fortive,Industrials,Industrial Machinery & Supplies & Components,48.16,62.65,45.45,48.12,47.71,48.64,51.05,51.64,52.86,54.84
FOXA,Fox Corporation (Class A),Communication Services,Broadcasting,58.15,60.24,38.53,58.62,56.58,56.31,55.79,53.98,54.13,51.94
FOX,Fox Corporation (Class B),Communication Services,Broadcasting,53.22,54.93,35.71,53.54,51.63,51.51,51.16,49.7,49.95,48.31
BEN,Franklin Resources,Financials,Asset Management & Custody Banks,24.82,26.08,16.03,25.37,25.29,24.95,24.13,21.86,21.36,20.9
FCX,Freeport-McMoRan,Materials,Copper,41.46,51.85,27.45,42.12,41.67,41.9,42.86,39.78,39.41,39.8
GRMN,Garmin,Consumer Discretionary,Consumer Electronics,233.45,244.52,159.09,234.01,232.34,230.56,219.12,207.91,209.7,209.92
IT,Gartner,Information Technology,IT Consulting & Other Services,242.88,584.01,223.65,241.25,236.4,286.46,350.11,386.16,402.54,445.05
GE,GE Aerospace,Industrials,Aerospace & Defense,265.93,281.5,158.81,268.16,271.49,271.05,258.41,234.43,227.64,210.43
GEHC,GE HealthCare,Health Care,Health Care Equipment,73.97,94.71,57.59,73.91,73.0,73.56,73.86,71.58,74.32,78.07
GEV,GE Vernova,Industrials,Heavy Electrical Equipment,603.13,677.29,172.73,621.93,637.73,641.98,567.78,476.86,445.15,409.66
GEN,Gen Digital,Information Technology,Systems Software,31.5,32.09,22.55,31.53,30.71,30.21,29.84,28.16,27.96,28.05
GNRC,Generac,Industrials,Electrical Components & Equipment,199.08,203.25,99.5,199.57,197.69,185.5,158.77,139.05,137.99,148.36
GD,General Dynamics,Industrials,Aerospace & Defense,316.4,322.5,236.67,315.4,314.78,314.09,299.42,285.27,279.62,275.13
GIS,General Mills,Consumer Staples,Packaged Foods & Meats,49.91,72.88,48.59,49.66,49.61,49.73,50.91,53.11,54.33,56.88
GM,General Motors,Consumer Discretionary,Automobile Manufacturers,57.06,60.75,41.47,56.32,54.87,53.82,51.94,49.37,49.13,50.25
GPC,Genuine Parts Company,Consumer Discretionary,Distributors,138.75,140.8,103.16,137.9,135.82,133.97,127.57,123.3,122.89,120.99
GILD,Gilead Sciences,Health Care,Biotechnology,117.98,121.83,70.61,118.7,117.4,115.57,112.16,108.66,109.04,102.6
GPN,Global Payments,Financials,Transaction & Payment Processing Services,86.62,119.03,65.72,86.69,84.52,83.13,80.93,80.67,84.29,94.4
GL,Globe Life,Financials,Life & Health Insurance,136.77,144.0,95.28,137.15,138.68,137.67,127.53,124.62,124.71,119.99
GDDY,GoDaddy,Information Technology,Internet Services & Infrastructure,144.62,216.0,132.51,144.32,143.62,153.01,166.18,173.09,173.91,182.77
GS,Goldman Sachs,Financials,Investment Banking & Brokerage,721.38,749.05,437.2,734.99,730.33,726.77,696.6,626.0,615.73,607.04
HAL,Halliburton,Energy,Oil & Gas Equipment & Services,21.11,31.9,18.56,21.22,21.06,21.65,21.64,21.26,22.02,24.19
HIG,Hartford (The),Financials,Property & Casualty Insurance,131.81,131.98,104.05,130.88,129.59,126.86,125.2,124.27,122.84,118.95
HAS,Hasbro,Consumer Discretionary,Leisure Products,80.05,81.97,48.5,80.71,79.13,77.52,75.06,67.72,66.66,63.9
HCA,HCA Healthcare,Health Care,Health Care Facilities,402.69,414.51,288.77,395.24,387.05,368.88,371.55,362.98,354.98,342.59
DOC,Healthpeak Properties,Real Estate,Health Care REITs,17.22,22.06,16.35,17.09,16.95,17.18,17.45,17.53,17.96,18.72
HSIC,Henry Schein,Health Care,Health Care Distributors,68.31,82.49,60.56,68.05,67.2,68.54,70.6,69.29,69.9,71.31
HSY,Hershey Company (The),Consumer Staples,Packaged Foods & Meats,180.77,202.98,136.73,178.95,180.01,182.71,174.25,167.95,168.44,166.46
HPE,Hewlett Packard Enterprise,Information Technology,"Technology Hardware, Storage & Peripherals",21.34,24.28,11.88,21.4,21.03,20.76,20.01,18.07,17.92,19.21
HLT,Hilton Worldwide,Consumer Discretionary,"Hotels, Resorts & Cruise Lines",271.73,279.46,195.92,270.36,266.58,267.11,264.75,248.8,247.95,249.15
HOLX,Hologic,Health Care,Health Care Equipment,67.82,84.39,51.9,67.99,67.88,67.19,65.73,62.17,62.28,66.56
HD,Home Depot (The),Consumer Discretionary,Home Improvement Retail,407.2,431.63,324.29,401.76,395.31,385.6,372.13,366.34,366.77,379.86
HON,Honeywell,Industrials,Industrial Conglomerates,216.74,240.47,177.52,217.12,216.55,219.64,226.02,217.83,215.93,216.99
HRL,Hormel Foods,Consumer Staples,Packaged Foods & Meats,28.41,32.84,27.07,28.49,28.51,28.57,29.51,29.61,29.46,29.65
HST,Host Hotels & Resorts,Real Estate,Hotel & Resort REITs,16.13,18.53,12.06,15.96,15.68,15.87,15.87,15.1,15.11,15.8
HWM,Howmet Aerospace,Industrials,Aerospace & Defense,171.9,193.13,90.47,173.8,177.39,181.47,179.61,162.86,156.27,141.7
HPQ,HP Inc.,Information Technology,"Technology Hardware, Storage & Peripherals",27.0,38.63,20.97,26.93,26.32,25.82,25.26,25.45,26.32,29.08
HUBB,Hubbell Incorporated,Industrials,Industrial Machinery & Supplies & Components,432.81,476.65,298.43,434.86,428.4,431.15,417.04,388.52,381.1,400.02
HUM,Humana,Health Care,Managed Health Care,288.25,377.69,206.87,285.03,274.62,258.75,244.27,248.58,250.87,259.22
HBAN,Huntington Bancshares,Financials,Regional Banks,16.62,17.91,11.8,16.68,16.39,16.45,16.53,15.58,15.48,15.88
HII,Huntington Ingalls Industries,Industrials,Aerospace & Defense,265.4,293.14,156.7,267.23,266.94,266.51,252.47,235.32,226.05,212.24
IBM,IBM,Information Technology,IT Consulting & Other Services,241.28,294.17,187.56,239.53,241.0,249.33,269.89,258.08,256.28,244.05
IEX,IDEX Corporation,Industrials,Industrial Machinery & Supplies & Components,165.9,235.67,152.2,166.23,162.85,167.94,174.78,175.53,177.67,191.89
IDXX,Idexx Laboratories,Health Care,Health Care Equipment,636.71,688.12,356.14,648.66,648.0,612.1,562.62,511.45,495.58,470.95
ITW,Illinois Tool Works,Industrials,Industrial Machinery & Supplies & Components,263.94,274.77,213.36,262.32,260.03,258.91,253.92,246.71,248.56,252.56
INCY,Incyte,Health Care,Biotechnology,85.46,87.24,53.56,85.86,82.43,78.35,72.58,67.05,67.22,69.36
IR,Ingersoll Rand,Industrials,Industrial Machinery & Supplies & Components,79.84,105.95,65.58,79.6,78.14,80.99,83.18,80.45,80.92,86.57
PODD,Insulet Corporation,Health Care,Health Care Equipment,327.48,329.33,180.31,319.26,309.87,299.31,299.35,290.5,285.36,278.7
INTC,Intel,Information Technology,Semiconductors,25.31,27.55,17.67,23.92,22.22,21.46,21.92,21.28,21.65,21.68
ICE,Intercontinental Exchange,Financials,Financial Exchanges & Data,178.27,189.35,141.51,180.3,183.26,184.01,181.86,175.54,174.57,167.28
IFF,International Flavors & Fragrances,Materials,Specialty Chemicals,65.83,105.18,62.33,65.84,65.11,69.21,73.02,74.11,75.15,79.39
IP,International Paper,Materials,Paper & Plastic Packaging Products & Materials,47.32,58.71,42.44,47.25,47.14,48.99,48.64,47.83,48.69,50.92
IPG,Interpublic Group of Companies (The),Communication Services,Advertising,26.58,32.2,22.2,26.16,25.57,25.43,24.76,24.54,24.93,26.04
INTU,Intuit,Information Technology,Application Software,701.03,813.7,531.0,711.47,726.7,756.9,760.91,703.01,681.5,661.56
ISRG,Intuitive Surgical,Health Care,Health Care Equipment,479.2,616.0,425.0,480.03,476.42,483.32,506.91,514.34,517.49,530.37
IVZ,Invesco,Financials,Asset Management & Custody Banks,20.83,21.64,11.33,21.12,20.85,20.99,18.09,16.02,15.97,16.45
INVH,Invitation Homes,Real Estate,Single-Family Residential REITs,30.5,36.53,29.11,30.36,30.21,30.74,31.95,32.67,32.71,32.29
IQV,IQVIA,Health Care,Life Sciences Tools & Services,192.35,252.88,134.65,191.12,185.79,188.55,171.67,160.93,166.11,179.59
IRM,Iron Mountain,Real Estate,Other Specialized REITs,91.56,127.24,71.77,91.83,91.29,94.38,98.06,94.36,92.95,98.59
JBHT,J.B. Hunt,Industrials,Cargo Ground Transportation,147.23,198.61,122.01,144.7,142.65,143.94,145.38,141.25,144.02,156.17
JBL,Jabil,Information Technology,Electronic Manufacturing Services,206.1,232.75,99.48,214.68,219.15,221.3,214.2,182.03,174.67,164.01
JKHY,Jack Henry & Associates,Financials,Transaction & Payment Processing Services,160.63,195.38,157.8,160.89,161.52,167.54,174.56,175.59,175.58,174.83
J,Jacobs Solutions,Industrials,Construction & Engineering,147.76,152.4,104.91,148.6,148.28,145.18,137.19,129.28,127.98,130.68
JNJ,Johnson & Johnson,Health Care,Pharmaceuticals,177.8,178.18,138.38,175.97,174.19,171.21,162.22,157.78,158.74,154.73
JCI,Johnson Controls,Industrials,Building Products,104.52,112.63,66.5,104.91,105.14,106.24,105.54,96.55,93.58,88.95
JPM,JPMorgan Chase,Financials,Diversified Banks,290.66,301.29,196.2,291.47,290.68,293.25,286.26,266.68,262.16,256.12
K,Kellanova,Consumer Staples,Packaged Foods & Meats,80.06,82.65,77.7,80.11,80.08,79.99,79.82,80.84,81.02,80.61
KVUE,Kenvue,Consumer Staples,Personal Care Products,21.49,24.71,19.2,21.31,21.32,21.6,21.36,22.11,22.26,21.98
KDP,Keurig Dr Pepper,Consumer Staples,Soft Drinks & Non-alcoholic Beverages,35.18,37.26,29.71,34.81,34.52,33.94,33.52,33.66,33.56,32.82
KEY,KeyCorp,Financials,Regional Banks,18.15,19.33,12.56,18.18,17.87,18.04,17.63,16.36,16.29,16.76
KEYS,Keysight Technologies,Information Technology,Electronic Equipment & Instruments,163.48,186.2,121.43,165.2,164.15,164.42,163.55,156.48,156.86,160.64
KMB,Kimberly-Clark,Consumer Staples,Household Products,132.95,149.05,121.86,133.08,134.28,131.42,130.48,133.4,134.49,132.55
KIM,Kimco Realty,Real Estate,Retail REITs,21.7,24.97,17.71,21.34,21.2,21.38,21.29,20.86,20.87,21.66
KMI,Kinder Morgan,Energy,Oil & Gas Storage & Transportation,26.4,30.49,19.68,26.6,26.69,27.12,27.46,27.18,27.04,26.89
KKR,KKR & Co.,Financials,Asset Management & Custody Banks,138.95,169.7,85.9,143.19,143.36,145.64,138.0,126.05,125.06,134.93
KLAC,KLA Corporation,Information Technology,Semiconductor Materials & Equipment,876.08,957.18,548.81,906.65,908.42,904.84,900.31,804.42,785.21,745.25
KHC,Kraft Heinz,Consumer Staples,Packaged Foods & Meats,27.67,35.08,25.44,27.66,27.57,27.81,27.07,27.57,28.05,28.67
KR,Kroger,Consumer Staples,Food Retail,70.72,74.52,49.68,69.8,71.68,71.13,70.2,69.34,68.35,65.12
LHX,L3Harris,Industrials,Aerospace & Defense,272.23,280.52,191.09,271.19,271.69,272.71,261.69,241.78,234.91,230.37
LH,Labcorp,Health Care,Health Care Services,275.77,283.47,208.77,272.09,268.41,265.18,260.04,248.57,247.61,243.38
LRCX,Lam Research,Information Technology,Semiconductor Materials & Equipment,100.33,108.02,56.18,102.57,101.7,99.59,97.64,86.15,84.52,81.44
LW,Lamb Weston,Consumer Staples,Packaged Foods & Meats,55.1,82.35,47.25,54.62,53.29,55.25,53.42,53.12,52.82,58.42
LVS,Las Vegas Sands,Consumer Discretionary,Casinos & Gaming,53.6,55.65,29.84,53.7,53.38,52.53,48.27,42.92,42.99,44.88
LDOS,Leidos,Industrials,Diversified Support Services,178.74,201.22,122.92,178.98,177.63,170.12,161.8,153.85,149.66,151.87
LEN,Lennar,Consumer Discretionary,Homebuilding,134.25,184.74,97.54,131.79,126.37,121.06,114.79,111.28,112.85,124.23
LII,Lennox International,Industrials,Building Products,613.47,689.44,497.88,603.21,595.99,613.7,593.54,576.15,578.68,596.42
LLY,Lilly (Eli),Health Care,Pharmaceuticals,703.21,965.15,622.41,688.89,672.48,724.66,759.8,766.38,785.36,788.04
LIN,Linde plc,Materials,Industrial Gases,479.92,482.86,407.35,478.35,474.87,471.26,468.76,460.84,460.29,452.87
LYV,Live Nation Entertainment,Communication Services,Movies & Entertainment,162.9,164.06,92.57,161.28,157.0,154.05,149.72,142.17,140.1,138.43
LKQ,LKQ Corporation,Consumer Discretionary,Distributors,31.26,43.77,28.65,31.21,30.31,30.67,34.85,37.44,38.15,37.71
LMT,Lockheed Martin,Industrials,Aerospace & Defense,441.1,606.41,410.11,439.84,434.82,428.17,450.55,457.1,455.92,468.52
L,Loews Corporation,Financials,Multi-line Insurance,95.95,96.1,75.0,95.31,94.56,92.97,91.39,89.44,88.73,86.96
LOW,Lowe's,Consumer Discretionary,Home Improvement Retail,256.36,281.56,204.22,253.74,247.14,238.05,227.28,225.26,226.87,238.05
LULU,Lululemon Athletica,Consumer Discretionary,"Apparel, Accessories & Luxury Goods",197.66,423.32,185.95,199.08,195.19,201.82,222.66,255.46,272.5,307.75
LYB,LyondellBasell,Materials,Specialty Chemicals,53.82,93.74,47.55,53.28,51.38,55.21,58.76,58.12,60.93,66.15
MTB,M&T Bank,Financials,Regional Banks,190.36,221.09,149.64,191.65,189.23,190.28,191.68,182.06,181.64,187.86
MPC,Marathon Petroleum,Energy,Oil & Gas Refining & Marketing,164.38,183.1,114.45,162.69,161.59,166.5,169.22,156.71,154.29,151.78
MKTX,MarketAxess,Financials,Financial Exchanges & Data,186.85,293.7,183.0,188.03,187.59,198.43,210.99,214.57,212.58,220.95
MAR,Marriott International,Consumer Discretionary,"Hotels, Resorts & Cruise Lines",266.78,306.04,204.87,266.9,264.07,266.18,268.92,257.26,257.54,266.53
MMC,Marsh McLennan,Financials,Insurance Brokers,210.93,246.94,196.27,208.43,206.08,204.74,210.49,219.33,221.92,220.49
MLM,Martin Marietta Materials,Materials,Construction Materials,607.76,630.45,441.31,610.55,607.74,595.65,569.95,544.84,531.76,540.3
MAS,Masco,Industrials,Building Products,74.48,85.23,56.02,73.85,71.67,69.65,66.43,64.62,66.1,70.07
MA,Mastercard,Financials,Transaction & Payment Processing Services,585.51,593.91,459.26,582.6,576.55,570.61,564.25,556.68,554.42,545.09
MTCH,Match Group,Communication Services,Interactive Media & Services,37.85,39.2,26.24,38.27,37.32,35.69,33.25,31.37,31.34,31.81
MKC,McCormick & Company,Consumer Staples,Packaged Foods & Meats,69.05,85.22,68.23,69.59,69.67,70.44,72.3,73.57,74.98,75.26
MCD,McDonald's,Consumer Discretionary,Restaurants,310.93,324.48,268.4,308.52,306.96,303.61,298.82,304.94,304.89,299.19
MCK,McKesson Corporation,Health Care,Health Care Distributors,676.91,737.89,462.92,671.63,672.55,690.38,707.58,702.83,690.7,652.75
MDT,Medtronic,Health Care,Health Care Equipment,89.9,94.71,77.57,92.12,91.89,91.56,89.28,86.5,87.23,86.19
MRK,Merck & Co.,Health Care,Pharmaceuticals,84.93,116.37,72.58,83.77,81.97,81.95,81.26,80.19,82.35,87.38
META,Meta Platforms,Communication Services,Interactive Media & Services,751.48,796.25,479.43,773.26,772.53,752.12,726.55,658.1,652.23,640.04
MET,MetLife,Financials,Life & Health Insurance,78.72,87.17,64.24,77.81,76.7,76.32,77.4,76.66,77.51,79.08
MTD,Mettler Toledo,Health Care,Life Sciences Tools & Services,1322.57,1521.01,946.69,1316.79,1284.81,1266.49,1220.64,1161.93,1179.44,1216.77
MGM,MGM Resorts,Consumer Discretionary,Casinos & Gaming,36.71,42.54,25.3,36.32,35.54,36.3,35.88,33.48,33.4,34.23
MCHP,Microchip Technology,Information Technology,Semiconductors,64.71,80.85,33.87,65.54,64.74,66.69,69.56,59.83,59.0,59.37
MU,Micron Technology,Information Technology,Semiconductors,122.05,129.73,61.48,123.21,120.7,115.43,118.02,101.45,100.21,99.52
MSFT,Microsoft,Information Technology,Systems Software,509.77,555.45,344.16,518.02,520.89,519.93,503.58,459.8,446.18,437.94
MAA,Mid-America Apartment Communities,Real Estate,Multi-Family Residential REITs,142.4,170.0,137.32,140.63,140.33,143.71,146.64,151.67,153.6,152.69
MRNA,Moderna,Health Care,Biotechnology,27.91,91.99,23.15,27.52,26.82,29.1,29.21,27.83,28.96,33.41
MHK,Mohawk Industries,Consumer Discretionary,Home Furnishings,127.79,164.29,96.24,128.89,125.24,121.78,112.79,109.07,110.37,117.17
MOH,Molina Healthcare,Health Care,Managed Health Care,173.85,365.23,151.95,166.27,160.67,161.59,219.57,270.07,277.91,286.2
TAP,Molson Coors Beverage Company,Consumer Staples,Brewers,51.55,64.07,46.94,51.41,50.88,50.38,49.88,53.25,54.5,55.33
MDLZ,Mondelez International,Consumer Staples,Packaged Foods & Meats,62.66,73.95,53.2,62.05,61.95,64.46,66.43,66.26,65.86,63.78
MPWR,Monolithic Power Systems,Information Technology,Semiconductors,844.8,951.76,437.93,846.44,827.83,787.49,748.54,679.59,665.92,654.1
MNST,Monster Beverage,Consumer Staples,Soft Drinks & Non-alcoholic Beverages,63.99,66.75,45.7,64.22,63.38,61.68,61.67,61.03,59.83,56.77
MCO,Moody's Corporation,Financials,Financial Exchanges & Data,512.0,528.95,377.3,515.65,514.81,512.81,499.15,477.86,476.53,478.29
MS,Morgan Stanley,Financials,Investment Banking & Brokerage,144.07,149.08,91.36,145.95,144.63,143.13,139.47,128.66,127.09,127.53
MOS,Mosaic Company (The),Materials,Fertilizers & Agricultural Chemicals,32.24,38.23,22.14,32.26,31.96,34.16,35.26,32.9,31.41,29.37
MSI,Motorola Solutions,Information Technology,Communications Equipment,460.41,503.98,387.87,462.74,458.65,445.56,427.6,423.81,423.46,441.04
MSCI,MSCI Inc.,Financials,Financial Exchanges & Data,568.16,636.39,483.67,562.08,554.17,553.11,559.96,554.84,556.7,570.07
NDAQ,"Nasdaq, Inc.",Financials,Financial Exchanges & Data,93.83,97.63,64.64,94.76,95.67,95.25,91.04,84.11,82.66,81.29
NTAP,NetApp,Information Technology,"Technology Hardware, Storage & Peripherals",109.16,133.34,71.49,109.16,107.29,105.83,105.15,98.23,98.44,106.3
NFLX,Netflix,Communication Services,Movies & Entertainment,1214.15,1341.15,660.8,1226.64,1214.73,1192.48,1230.1,1156.98,1116.32,1036.34
NEM,Newmont,Materials,Gold,67.38,70.29,36.47,68.55,68.65,66.13,61.36,56.57,54.21,49.44
NWSA,News Corp (Class A),Communication Services,Publishing,29.85,30.75,23.38,29.65,29.24,29.29,29.15,28.15,28.04,28.18
NWS,News Corp (Class B),Communication Services,Publishing,34.57,35.58,26.25,34.25,33.78,33.67,33.55,32.42,32.21,31.95
NEE,NextEra Energy,Utilities,Multi-Utilities,76.51,84.15,61.22,74.44,73.2,72.31,72.88,70.58,70.59,70.99
NKE,"Nike, Inc.",Consumer Discretionary,"Apparel, Accessories & Luxury Goods",76.88,89.11,51.93,76.97,75.78,75.95,71.39,65.24,67.07,69.85
NI,NiSource,Utilities,Multi-Utilities,42.28,43.51,30.8,42.23,42.22,42.17,40.65,39.68,39.55,38.31
NDSN,Nordson Corporation,Industrials,Industrial Machinery & Supplies & Components,217.5,263.91,164.43,216.77,214.45,215.49,216.47,205.0,205.59,214.36
NSC,Norfolk Southern,Industrials,Rail Transportation,285.53,287.49,199.43,282.08,281.04,279.77,266.85,247.75,245.33,246.72
NTRS,Northern Trust,Financials,Asset Management & Custody Banks,127.36,133.0,81.05,126.98,126.36,127.51,123.64,110.6,108.99,107.58
NOC,Northrop Grumman,Industrials,Aerospace & Defense,586.23,594.68,422.32,584.16,583.96,580.19,535.47,512.49,505.0,495.04
NCLH,Norwegian Cruise Line Holdings,Consumer Discretionary,"Hotels, Resorts & Cruise Lines",24.43,29.29,14.21,24.49,24.37,24.32,22.21,19.92,20.18,22.61
NRG,NRG Energy,Utilities,Independent Power Producers & Energy Traders,148.38,175.96,74.96,151.24,151.93,157.86,154.71,138.57,130.48,117.95
NUE,Nucor,Materials,Steel,145.91,168.24,97.18,145.23,142.06,141.96,136.06,125.2,126.24,128.92
NVDA,Nvidia,Information Technology,Semiconductors,175.64,184.48,86.61,180.34,180.98,178.46,165.02,141.71,137.3,137.24
NVR,"NVR, Inc.",Consumer Discretionary,Homebuilding,8246.89,9964.77,6562.85,8225.76,8044.37,7915.69,7611.1,7380.0,7358.31,7770.96
NXPI,NXP Semiconductors,Information Technology,Semiconductors,229.27,254.98,147.4,230.42,219.63,219.45,220.28,204.34,206.07,210.05
ORLY,O’Reilly Automotive,Consumer Discretionary,Automotive Retail,103.06,104.86,73.11,102.03,102.69,100.74,94.78,93.33,92.52,88.85
OXY,Occidental Petroleum,Energy,Oil & Gas Exploration & Production,43.96,57.35,34.59,44.46,44.06,44.15,44.13,42.72,43.67,45.61
ODFL,Old Dominion,Industrials,Cargo Ground Transportation,154.8,232.21,140.91,152.19,149.29,152.47,159.07,159.19,161.72,175.86
OMC,Omnicom Group,Communication Services,Advertising,77.67,104.25,68.37,76.4,74.72,74.4,73.02,73.7,75.11,80.76
ON,ON Semiconductor,Information Technology,Semiconductors,49.77,78.61,31.04,50.98,49.42,52.48,54.39,47.46,47.2,52.87
OKE,Oneok,Energy,Oil & Gas Storage & Transportation,73.5,113.92,72.18,74.12,74.35,77.28,79.12,81.16,83.76,89.95
ORCL,Oracle Corporation,Information Technology,Application Software,234.62,260.87,118.18,244.22,248.35,248.4,231.01,189.12,182.56,179.34
OTIS,Otis Worldwide,Industrials,Industrial Machinery & Supplies & Components,88.59,105.86,83.85,87.91,87.34,87.03,93.38,94.8,95.82,95.77
PCAR,Paccar,Industrials,Construction Machinery & Heavy Transportation Equipment,99.46,114.66,84.08,99.22,98.21,98.59,96.25,94.08,95.75,100.17
PKG,Packaging Corporation of America,Materials,Paper & Plastic Packaging Products & Materials,198.25,246.22,171.6,196.62,196.22,197.92,196.88,192.46,194.11,206.65
PLTR,Palantir Technologies,Information Technology,Application Software,157.75,190.0,29.31,174.87,179.27,169.01,152.18,130.73,122.13,104.63
PANW,Palo Alto Networks,Information Technology,Systems Software,181.56,210.39,144.15,177.05,173.68,180.42,191.13,185.91,185.7,187.34
PSKY,Paramount Skydance Corporation,Communication Services,Movies & Entertainment,13.48,17.53,9.78,14.02,12.45,12.66,12.58,12.05,11.95,11.49
PH,Parker Hannifin,Industrials,Industrial Machinery & Supplies & Components,744.23,763.99,487.08,743.56,735.07,731.56,707.62,662.84,657.28,662.5
PAYX,Paychex,Industrials,Human Resource & Employment Services,139.01,160.03,121.21,138.19,138.53,141.33,144.26,146.65,146.61,144.45
PAYC,Paycom,Industrials,Human Resource & Employment Services,227.93,267.76,152.34,221.58,223.06,228.19,231.59,233.39,229.72,224.14
PYPL,PayPal,Financials,Transaction & Payment Processing Services,69.05,93.66,55.85,69.56,68.82,70.59,72.43,69.77,69.91,75.73
PNR,Pentair,Industrials,Industrial Machinery & Supplies & Components,107.08,109.84,73.85,106.66,104.96,103.77,103.03,96.96,95.41,97.96
PEP,PepsiCo,Consumer Staples,Soft Drinks & Non-alcoholic Beverages,152.16,174.44,126.36,150.02,147.18,144.49,138.13,136.81,139.23,143.58
PFE,Pfizer,Health Care,Pharmaceuticals,25.32,28.43,20.18,25.16,24.78,24.49,24.35,23.43,23.78,24.23
PCG,PG&E Corporation,Utilities,Multi-Utilities,15.6,21.62,12.97,15.26,15.2,14.7,14.15,15.55,15.72,16.86
PM,Philip Morris International,Consumer Staples,Tobacco,168.77,185.29,112.8,166.54,167.7,165.02,173.97,170.15,166.36,151.35
PSX,Phillips 66,Energy,Oil & Gas Refining & Marketing,122.17,137.05,90.14,122.79,121.06,122.75,123.7,116.48,118.16,119.04
PNW,Pinnacle West Capital,Utilities,Multi-Utilities,92.07,94.64,79.08,91.74,92.26,91.31,90.12,90.52,90.54,88.68
PNC,PNC Financial Services,Financials,Diversified Banks,192.99,210.46,142.39,192.85,190.94,191.67,188.5,176.54,176.45,183.46
POOL,Pool Corporation,Consumer Discretionary,Distributors,324.78,391.14,281.15,323.64,315.57,315.03,304.16,304.08,310.22,325.23
PPG,PPG Industries,Materials,Specialty Chemicals,112.86,133.97,89.08,112.04,109.21,109.29,111.7,108.85,109.44,112.87
PPL,PPL Corporation,Utilities,Electric Utilities,36.73,37.31,29.94,36.77,36.59,36.34,35.09,34.98,34.83,33.97
PFG,Principal Financial Group,Financials,Life & Health Insurance,78.6,89.5,67.72,78.07,77.31,77.89,78.47,77.44,78.7,79.35
PG,Procter & Gamble,Consumer Staples,Personal Care Products,158.4,177.66,149.91,155.53,154.76,154.6,156.55,159.76,161.46,162.85
PGR,Progressive Corporation,Financials,Property & Casualty Insurance,250.64,292.77,228.37,249.0,247.23,245.46,252.77,264.89,267.41,259.79
PLD,Prologis,Real Estate,Industrial REITs,110.76,128.08,84.54,106.97,106.14,107.04,107.07,105.39,107.36,108.69
PRU,Prudential Financial,Financials,Life & Health Insurance,106.25,127.36,89.25,106.56,104.93,104.12,104.92,103.78,104.86,109.56
PEG,Public Service Enterprise Group,Utilities,Electric Utilities,84.59,93.08,74.08,85.7,86.39,87.33,84.3,82.0,81.74,82.97
PTC,PTC Inc.,Information Technology,Application Software,209.87,219.69,133.38,208.08,207.55,207.61,190.9,174.64,171.84,178.09
PSA,Public Storage,Real Estate,Self-Storage REITs,287.35,359.28,254.04,282.98,282.22,283.37,288.4,290.92,292.24,297.45
PHM,PulteGroup,Consumer Discretionary,Homebuilding,130.37,148.55,87.88,129.16,125.19,121.04,112.7,106.34,105.89,110.6
PWR,Quanta Services,Industrials,Construction & Engineering,379.27,424.94,227.02,380.17,383.76,394.48,383.14,343.49,326.77,325.05
QCOM,Qualcomm,Information Technology,Semiconductors,156.25,179.1,120.08,157.54,152.87,153.86,155.72,149.92,151.31,155.1
DGX,Quest Diagnostics,Health Care,Health Care Services,182.83,183.37,144.09,179.81,178.03,173.99,174.44,172.66,172.02,166.0
RL,Ralph Lauren Corporation,Consumer Discretionary,"Apparel, Accessories & Luxury Goods",285.35,306.34,159.07,291.63,292.1,295.54,284.41,261.43,257.42,248.08
RJF,Raymond James Financial,Financials,Investment Banking & Brokerage,164.18,173.13,112.35,164.07,164.83,165.64,158.48,149.56,148.63,152.88
RTX,RTX Corporation,Industrials,Aerospace & Defense,153.66,158.09,111.21,154.54,154.59,155.37,149.25,139.09,137.07,130.3
O,Realty Income,Real Estate,Retail REITs,59.01,61.9,49.76,58.21,57.76,57.39,57.13,56.25,56.09,55.02
REG,Regency Centers,Real Estate,Retail REITs,71.78,76.68,62.82,71.25,71.73,71.68,70.94,70.96,71.27,71.36
REGN,Regeneron Pharmaceuticals,Health Care,Biotechnology,571.78,1206.03,475.77,570.21,562.72,561.8,545.2,559.09,584.2,639.67
RF,Regions Financial Corporation,Financials,Regional Banks,25.72,27.09,17.53,25.78,25.33,25.56,24.4,22.5,22.39,23.09
RSG,Republic Services,Industrials,Environmental & Facilities Services,234.8,258.14,195.62,233.07,234.23,236.03,241.05,243.4,241.27,229.66
RMD,ResMed,Health Care,Health Care Equipment,286.04,292.47,199.07,285.89,283.87,280.56,264.99,248.67,244.15,242.2
RVTY,Revvity,Health Care,Health Care Equipment,91.42,129.23,85.12,90.45,88.53,91.19,94.56,94.48,97.93,105.07
ROK,Rockwell Automation,Industrials,Electrical Components & Equipment,343.51,359.54,213.27,344.23,337.88,344.61,338.24,304.03,297.4,291.63
ROL,"Rollins, Inc.",Industrials,Environmental & Facilities Services,57.94,58.93,44.94,57.58,57.92,57.63,56.68,56.1,55.19,52.61
ROP,Roper Technologies,Information Technology,Electronic Equipment & Instruments,532.59,593.46,498.03,528.4,530.19,541.68,553.1,559.15,562.59,556.1
ROST,Ross Stores,Consumer Discretionary,Apparel Retail,147.88,161.83,122.01,147.71,147.0,142.9,135.8,137.92,136.54,140.39
RCL,Royal Caribbean Group,Consumer Discretionary,"Hotels, Resorts & Cruise Lines",330.07,355.91,152.4,319.31,313.77,323.47,313.87,268.98,259.71,251.86
SPGI,S&P Global,Financials,Financial Exchanges & Data,554.43,579.05,426.35,557.77,558.23,549.36,531.25,513.04,511.94,509.8
CRM,Salesforce,Information Technology,Application Software,246.0,367.42,226.48,240.56,239.77,250.65,259.62,263.5,268.4,292.28
SBAC,SBA Communications,Real Estate,Telecom Tower REITs,220.26,249.02,190.65,218.33,219.25,224.2,228.85,227.98,225.71,219.25
SLB,Schlumberger,Energy,Oil & Gas Equipment & Services,33.34,45.17,30.85,33.28,33.02,33.76,34.57,34.68,35.87,37.6
STX,Seagate Technology,Information Technology,"Technology Hardware, Storage & Peripherals",157.93,158.98,62.86,156.74,153.68,153.11,145.23,119.16,113.6,106.77
SRE,Sempra,Utilities,Multi-Utilities,82.65,93.45,61.37,81.79,81.74,81.44,77.66,75.39,74.55,78.43
NOW,ServiceNow,Information Technology,Systems Software,886.78,1198.09,678.66,872.05,872.9,914.62,962.24,939.75,926.27,974.08
SHW,Sherwin-Williams,Materials,Specialty Chemicals,367.93,397.81,307.5,364.8,358.57,349.05,346.21,345.97,346.21,352.04
SPG,Simon Property Group,Real Estate,Retail REITs,174.88,185.37,134.57,173.1,169.87,167.65,163.8,159.95,161.95,165.73
SWKS,Skyworks Solutions,Information Technology,Semiconductors,74.93,107.64,47.45,74.54,72.21,71.27,73.02,68.63,68.36,74.26
SJM,J.M. Smucker Company (The),Consumer Staples,Packaged Foods & Meats,112.02,121.73,92.38,111.3,110.4,109.24,103.83,108.07,108.3,107.55
SW,Smurfit Westrock,Materials,Paper & Plastic Packaging Products & Materials,43.17,55.46,36.31,43.35,43.23,44.67,44.45,43.31,43.99,47.03
SNA,Snap-on,Industrials,Industrial Machinery & Supplies & Components,324.76,369.12,263.88,326.5,324.52,324.5,320.03,319.71,322.18,330.52
SOLV,Solventum,Health Care,Health Care Technology,72.27,85.92,58.61,72.41,72.39,72.8,73.89,71.96,72.91,72.21
SO,Southern Company,Utilities,Electric Utilities,94.18,95.68,78.5,93.57,93.74,93.98,91.98,90.3,89.86,87.26
LUV,Southwest Airlines,Industrials,Passenger Airlines,31.59,37.96,23.68,31.21,30.47,31.17,32.85,31.2,31.18,31.4
SWK,Stanley Black & Decker,Industrials,Industrial Machinery & Supplies & Components,76.21,107.4,53.22,75.04,72.18,71.24,69.8,66.87,69.97,75.18
SBUX,Starbucks,Consumer Discretionary,Restaurants,90.93,115.87,74.48,92.02,91.43,91.39,92.16,88.41,91.43,93.69
STT,State Street Corporation,Financials,Asset Management & Custody Banks,111.15,114.28,72.29,111.7,111.14,111.25,106.96,98.1,96.62,96.3
STLD,Steel Dynamics,Materials,Steel,128.22,153.72,102.78,127.45,125.26,126.05,129.35,127.76,127.58,128.21
STE,Steris,Health Care,Health Care Equipment,247.62,252.2,199.99,246.19,241.66,234.48,234.73,232.25,230.66,224.61
SYK,Stryker Corporation,Health Care,Health Care Equipment,389.94,404.87,328.46,382.19,379.31,386.44,386.72,378.5,378.28,377.91
SMCI,Supermicro,Information Technology,"Technology Hardware, Storage & Peripherals",43.24,66.44,17.25,45.21,45.57,51.25,48.88,42.7,42.64,39.01
SYF,Synchrony Financial,Financials,Consumer Finance,71.59,73.44,40.15,72.06,70.96,70.72,67.91,60.61,59.6,61.63
SNPS,Synopsys,Information Technology,Application Software,612.79,651.73,365.74,618.19,619.85,620.73,563.3,510.42,498.7,508.15
SYY,Sysco,Consumer Staples,Food Distributors,79.49,82.64,66.65,80.32,80.47,80.13,77.63,74.54,74.17,74.12
TMUS,T-Mobile US,Communication Services,Wireless Telecommunication Services,258.22,275.47,190.58,253.84,249.75,244.85,236.63,242.77,246.48,240.47
TROW,T. Rowe Price,Financials,Asset Management & Custody Banks,106.3,121.15,76.8,107.8,106.64,105.96,101.24,95.57,95.8,101.96
TTWO,Take-Two Interactive,Communication Services,Interactive Home Entertainment,228.36,245.08,146.39,232.48,228.87,226.85,233.29,226.95,223.39,209.41
TPR,"Tapestry, Inc.",Consumer Discretionary,"Apparel, Accessories & Luxury Goods",97.92,114.05,38.22,101.56,105.63,107.3,97.3,85.01,83.39,76.48
TRGP,Targa Resources,Energy,Oil & Gas Storage & Transportation,160.77,215.2,138.14,163.45,164.64,164.93,167.38,167.57,172.41,179.39
TGT,Target Corporation,Consumer Staples,Consumer Staples Merchandise Retail,105.36,161.18,85.44,104.59,104.4,103.42,100.97,97.7,100.43,112.66
TEL,TE Connectivity,Information Technology,Electronic Manufacturing Services,203.39,212.76,115.79,204.61,202.9,204.16,184.03,165.33,161.95,156.52
TDY,Teledyne Technologies,Information Technology,Electronic Equipment & Instruments,543.15,570.56,412.8,542.05,544.96,548.11,528.25,503.73,502.46,494.54
TER,Teradyne,Information Technology,Semiconductor Materials & Equipment,110.62,143.79,65.67,111.26,109.14,103.97,96.05,86.86,89.4,100.29
TSLA,"Tesla, Inc.",Consumer Discretionary,Automobile Manufacturers,329.31,488.54,202.59,334.0,332.17,323.52,321.02,306.47,299.32,327.27
TXN,Texas Instruments,Information Technology,Semiconductors,195.94,220.1,137.77,194.37,190.76,187.83,199.63,184.1,184.31,186.28
TPL,Texas Pacific Land Corporation,Energy,Oil & Gas Exploration & Production,902.18,1762.86,763.79,894.26,886.31,925.66,1001.18,1137.9,1178.89,1232.51
TXT,Textron,Industrials,Aerospace & Defense,79.68,91.39,57.69,79.86,78.73,79.04,80.16,75.42,75.04,76.77
TMO,Thermo Fisher Scientific,Health Care,Life Sciences Tools & Services,498.29,625.84,385.46,488.93,474.89,473.85,437.99,432.26,450.31,484.57
TJX,TJX Companies,Consumer Discretionary,Apparel Retail,134.62,135.42,109.58,133.38,132.61,129.36,125.93,126.28,124.74,123.34
TKO,TKO Group Holdings,Communication Services,Movies & Entertainment,184.9,194.76,112.59,188.32,178.72,173.13,172.34,164.4,161.44,154.12
TTD,Trade Desk (The),Communication Services,Advertising,52.53,141.53,42.96,52.94,60.33,73.45,73.51,67.53,66.72,87.46
TSCO,Tractor Supply,Consumer Discretionary,Other Specialty Retail,62.28,63.99,46.64,60.66,60.16,59.42,56.35,53.61,53.7,54.11
TT,Trane Technologies,Industrials,Building Products,428.79,476.19,297.5,428.9,429.68,440.25,435.3,408.11,395.88,392.01
TDG,TransDigm Group,Industrials,Aerospace & Defense,1397.78,1623.83,1183.6,1402.87,1405.47,1495.62,1499.92,1444.2,1424.85,1377.97
TRV,Travelers Companies (The),Financials,Property & Casualty Insurance,268.87,276.69,211.81,267.45,266.33,263.57,262.51,262.36,260.75,255.08
TRMB,Trimble Inc.,Information Technology,Electronic Equipment & Instruments,81.12,87.5,52.91,82.86,83.09,83.62,79.38,72.36,71.86,72.05
TFC,Truist Financial,Financials,Diversified Banks,44.18,47.29,32.72,44.54,43.74,43.83,42.94,40.47,40.71,42.0
TYL,Tyler Technologies,Information Technology,Application Software,570.26,661.31,513.52,572.73,581.81,576.83,576.36,569.43,573.67,585.39
TSN,Tyson Foods,Consumer Staples,Packaged Foods & Meats,56.71,65.23,51.85,56.71,56.61,55.1,55.04,56.55,57.24,57.57
USB,U.S. Bancorp,Financials,Diversified Banks,46.21,52.21,34.8,46.34,45.54,45.5,45.36,43.15,43.12,44.96
UBER,Uber,Industrials,Passenger Ground Transportation,95.32,97.71,59.33,92.83,91.79,90.39,90.43,85.34,83.19,77.78
UDR,"UDR, Inc.",Real Estate,Multi-Family Residential REITs,38.87,45.63,35.84,38.41,38.26,38.96,39.95,40.55,41.05,41.39
ULTA,Ulta Beauty,Consumer Discretionary,Other Specialty Retail,516.55,534.1,309.01,522.66,514.86,514.17,489.97,442.54,424.86,415.17
UNP,Union Pacific Corporation,Industrials,Rail Transportation,223.77,253.9,203.43,221.87,221.81,222.95,226.76,223.61,226.77,229.66
UAL,United Airlines Holdings,Industrials,Passenger Airlines,102.19,116.0,40.96,100.88,95.84,92.53,86.25,79.27,80.13,86.96
UPS,United Parcel Service,Industrials,Air Freight & Logistics,87.8,136.36,82.72,86.92,85.97,88.71,94.92,95.22,98.78,107.04
URI,United Rentals,Industrials,Trading Companies & Distributors,915.64,933.32,523.58,918.45,894.52,881.85,806.87,728.11,707.77,732.5
UNH,UnitedHealth Group,Health Care,Managed Health Care,304.24,621.24,234.6,292.01,271.53,267.8,288.71,349.34,376.24,438.2
UHS,Universal Health Services,Health Care,Health Care Facilities,182.56,242.48,152.33,179.18,174.76,168.27,173.04,177.77,177.61,182.57
VLO,Valero Energy,Energy,Oil & Gas Refining & Marketing,137.93,153.86,97.37,136.7,134.8,137.1,138.83,129.42,129.16,129.47
VTR,Ventas,Real Estate,Health Care REITs,67.96,70.82,55.85,67.7,68.13,67.63,65.19,65.39,65.7,63.65
VLTO,Veralto,Industrials,Environmental & Facilities Services,108.1,114.62,83.77,107.9,107.81,106.18,102.87,99.26,99.07,100.46
VRSN,Verisign,Information Technology,Internet Services & Infrastructure,269.23,310.6,175.14,268.22,269.06,274.68,280.05,272.97,266.05,241.33
VRSK,Verisk Analytics,Industrials,Research & Consulting Services,271.01,322.46,259.01,267.29,265.84,274.85,293.58,297.05,296.03,290.99
VZ,Verizon,Communication Services,Integrated Telecommunication Services,44.94,45.87,36.41,44.16,43.57,43.18,42.47,42.62,42.56,41.25
VRTX,Vertex Pharmaceuticals,Health Care,Biotechnology,390.76,519.88,362.5,391.93,384.97,421.66,442.61,454.64,462.59,458.39
VTRS,Viatris,Health Care,Pharmaceuticals,10.68,13.19,6.75,10.6,10.08,9.59,9.26,8.75,8.9,9.96
VICI,Vici Properties,Real Estate,Hotel & Resort REITs,32.47,34.01,27.24,32.56,32.74,32.93,32.77,32.01,31.88,30.98
V,Visa Inc.,Financials,Transaction & Payment Processing Services,342.45,374.85,263.38,343.54,339.66,343.94,349.36,347.56,346.69,336.01
VST,Vistra Corp.,Utilities,Electric Utilities,193.52,216.85,72.39,199.49,201.56,202.27,192.24,164.26,157.21,155.88
VMC,Vulcan Materials Company,Materials,Construction Materials,292.84,296.62,214.34,292.52,288.76,281.49,270.48,262.19,257.22,262.8
WRB,W. R. Berkley Corporation,Financials,Property & Casualty Insurance,71.56,75.77,54.76,71.15,70.7,69.86,70.56,70.59,68.92,65.28
GWW,W. W. Grainger,Industrials,Industrial Machinery & Supplies & Components,995.4,1219.65,889.92,980.02,964.67,988.28,1021.4,1024.79,1017.25,1052.29
WAB,Wabtec,Industrials,Construction Machinery & Heavy Transportation Equipment,192.68,215.82,151.42,191.35,190.8,192.65,201.79,194.8,192.18,194.17
WBA,Walgreens Boots Alliance,Consumer Staples,Drug Retail,12.08,13.25,7.98,11.99,11.94,11.78,11.58,11.32,11.26,10.71
WMT,Walmart,Consumer Staples,Consumer Staples Merchandise Retail,101.29,104.51,71.82,100.67,101.99,99.81,97.56,95.82,94.68,93.64
DIS,Walt Disney Company (The),Communication Services,Movies & Entertainment,116.27,124.69,79.76,116.23,114.79,117.37,119.03,108.82,107.89,108.5
WBD,Warner Bros. Discovery,Communication Services,Broadcasting,11.56,13.87,6.78,11.81,11.66,12.43,11.72,10.37,10.46,10.33
WM,Waste Management,Industrials,Environmental & Facilities Services,228.49,241.74,198.19,227.11,230.55,230.41,229.89,230.35,229.59,223.93
WAT,Waters Corporation,Health Care,Life Sciences Tools & Services,297.72,423.56,275.05,293.8,287.07,290.91,317.34,330.82,339.88,356.69
WEC,WEC Energy Group,Utilities,Electric Utilities,108.48,110.99,86.19,107.88,108.48,108.46,105.94,105.75,105.44,101.58
WFC,Wells Fargo,Financials,Diversified Banks,77.53,84.33,49.13,77.87,77.8,79.33,78.78,74.49,74.09,73.57
WELL,Welltower,Real Estate,Health Care REITs,163.57,170.34,113.08,162.76,165.03,164.4,157.66,152.66,151.81,144.41
WST,West Pharmaceutical Services,Health Care,Health Care Supplies,246.99,351.24,187.09,245.74,242.77,245.61,230.88,221.41,222.24,259.25
WDC,Western Digital,Information Technology,"Technology Hardware, Storage & Peripherals",75.86,78.8,28.78,75.9,75.33,73.99,67.26,55.43,53.41,52.07
WY,Weyerhaeuser,Real Estate,Timber REITs,26.33,33.31,23.91,26.11,25.82,25.74,26.04,26.05,26.76,27.84
WSM,"Williams-Sonoma, Inc.",Consumer Discretionary,Homefurnishing Retail,202.69,218.08,123.89,204.64,202.99,196.04,177.02,166.47,169.07,173.54
WMB,Williams Companies,Energy,Oil & Gas Storage & Transportation,56.57,63.45,42.12,57.15,57.6,58.27,58.88,58.53,58.15,56.94
WTW,Willis Towers Watson,Financials,Insurance Brokers,335.47,342.16,275.87,332.05,329.8,320.98,310.2,312.03,315.6,315.1
WDAY,"Workday, Inc.",Information Technology,Application Software,229.79,294.0,205.33,226.54,223.31,228.51,234.32,238.96,241.74,248.92
WYNN,Wynn Resorts,Consumer Discretionary,Casinos & Gaming,112.83,112.91,64.93,110.57,109.36,108.93,102.67,92.95,91.77,90.08
XEL,Xcel Energy,Utilities,Multi-Utilities,73.22,74.57,57.1,72.53,72.76,72.81,70.1,69.71,69.5,68.34
XYL,Xylem Inc.,Industrials,Industrial Machinery & Supplies & Components,141.83,145.33,100.15,141.77,142.49,139.48,133.32,126.14,125.93,124.49
YUM,Yum! Brands,Consumer Discretionary,Restaurants,152.01,162.5,120.96,148.22,144.96,145.12,145.78,146.29,148.05,142.49
ZBRA,Zebra Technologies,Information Technology,Electronic Equipment & Instruments,312.06,427.76,205.73,322.59,319.55,325.91,316.74,290.59,291.61,328.65
ZBH,Zimmer Biomet,Health Care,Health Care Equipment,104.31,115.64,88.99,102.99,100.56,97.42,94.76,96.76,98.86,101.87
ZTS,Zoetis,Health Care,Pharmaceuticals,155.67,197.92,138.77,153.52,150.85,150.43,154.51,156.05,157.58,162.12
